timestamp,power_draw_W,gpu_util_pct,mem_used_MiB,temperature_C
2026/07/28 10:23:23.601, 45.12, 0, 0, 32
2026/07/28 10:23:24.629, 44.58, 0, 0, 32
2026/07/28 10:23:25.657, 44.53, 0, 0, 32
2026/07/28 10:23:26.684, 44.50, 0, 0, 32
2026/07/28 10:23:27.713, 44.58, 0, 0, 32
2026/07/28 10:23:28.743, 44.51, 0, 0, 32
2026/07/28 10:23:29.777, 44.32, 0, 0, 32
2026/07/28 10:23:30.810, 44.76, 0, 0, 32
2026/07/28 10:23:31.849, 44.10, 0, 0, 32
2026/07/28 10:23:32.882, 44.50, 0, 0, 32
2026/07/28 10:23:33.912, 44.53, 0, 0, 32
2026/07/28 10:23:34.949, 44.51, 0, 0, 32
2026/07/28 10:23:35.981, 44.74, 0, 0, 32
2026/07/28 10:23:37.012, 44.64, 0, 0, 32
2026/07/28 10:23:38.043, 44.67, 0, 0, 32
2026/07/28 10:23:39.564, 44.45, 0, 0, 32
2026/07/28 10:23:40.598, 44.57, 0, 0, 32
2026/07/28 10:23:41.628, 44.52, 0, 0, 32
2026/07/28 10:23:42.656, 44.58, 0, 0, 32
2026/07/28 10:23:45.204, 44.61, 0, 0, 32
2026/07/28 10:23:46.231, 44.10, 0, 0, 32
2026/07/28 10:23:47.258, 44.50, 0, 0, 32
2026/07/28 10:23:50.200, 44.52, 0, 0, 32
2026/07/28 10:23:51.227, 44.24, 0, 0, 32
2026/07/28 10:23:52.253, 44.11, 0, 0, 32
2026/07/28 10:23:53.279, 44.55, 0, 0, 32
2026/07/28 10:23:55.301, 44.11, 0, 0, 32
2026/07/28 10:23:56.328, 44.38, 0, 0, 32
2026/07/28 10:23:57.355, 44.60, 0, 0, 32
2026/07/28 10:24:00.301, 44.81, 0, 0, 31
2026/07/28 10:24:01.328, 44.42, 0, 0, 31
2026/07/28 10:24:02.358, 44.43, 0, 0, 31
2026/07/28 10:24:05.306, 44.51, 0, 0, 32
2026/07/28 10:24:06.333, 44.43, 0, 0, 31
2026/07/28 10:24:07.362, 44.49, 0, 0, 32
2026/07/28 10:24:10.410, 44.55, 0, 0, 32
2026/07/28 10:24:11.437, 44.52, 0, 0, 32
2026/07/28 10:24:12.465, 44.67, 0, 0, 32
2026/07/28 10:24:15.409, 44.21, 0, 0, 32
2026/07/28 10:24:16.436, 43.85, 0, 0, 32
2026/07/28 10:24:17.464, 44.25, 0, 0, 32
2026/07/28 10:24:20.505, 44.37, 0, 0, 32
2026/07/28 10:24:21.535, 44.28, 0, 0, 32
2026/07/28 10:24:22.562, 44.34, 0, 0, 32
2026/07/28 10:24:25.558, 44.70, 0, 0, 32
2026/07/28 10:24:26.585, 44.32, 0, 0, 32
2026/07/28 10:24:27.611, 44.42, 0, 0, 32
2026/07/28 10:24:30.705, 44.44, 0, 0, 32
2026/07/28 10:24:31.731, 44.61, 0, 0, 32
2026/07/28 10:24:32.758, 44.33, 0, 0, 32
2026/07/28 10:24:35.614, 44.18, 0, 0, 32
2026/07/28 10:24:36.641, 44.46, 0, 0, 32
2026/07/28 10:24:37.669, 44.84, 0, 0, 32
2026/07/28 10:24:38.802, 44.42, 0, 0, 32
2026/07/28 10:24:39.829, 44.54, 0, 0, 32
2026/07/28 10:24:40.856, 44.53, 0, 0, 32
2026/07/28 10:24:41.883, 44.23, 0, 0, 32
2026/07/28 10:24:42.910, 44.62, 0, 0, 32
2026/07/28 10:24:45.860, 44.57, 0, 0, 32
2026/07/28 10:24:46.887, 44.82, 0, 0, 32
2026/07/28 10:24:47.916, 44.51, 0, 0, 32
2026/07/28 10:24:48.943, 44.51, 0, 0, 32
2026/07/28 10:24:50.930, 44.46, 0, 0, 32
2026/07/28 10:24:51.957, 44.53, 0, 0, 32
2026/07/28 10:24:52.984, 44.41, 0, 0, 32
2026/07/28 10:24:54.012, 44.24, 0, 0, 32
2026/07/28 10:24:55.041, 44.55, 0, 0, 32
2026/07/28 10:24:56.068, 44.41, 0, 0, 32
2026/07/28 10:24:57.971, 44.46, 0, 0, 32
2026/07/28 10:24:58.998, 45.01, 0, 0, 32
2026/07/28 10:25:00.026, 44.10, 0, 0, 32
2026/07/28 10:25:01.053, 44.63, 0, 0, 32
2026/07/28 10:25:02.080, 44.22, 0, 0, 32
2026/07/28 10:25:05.055, 44.62, 0, 0, 32
2026/07/28 10:25:06.081, 44.43, 0, 0, 32
2026/07/28 10:25:07.108, 44.24, 0, 0, 32
2026/07/28 10:25:10.107, 44.61, 0, 0, 32
2026/07/28 10:25:11.134, 44.53, 0, 0, 32
2026/07/28 10:25:12.162, 43.87, 0, 0, 32
2026/07/28 10:25:15.052, 44.43, 0, 0, 32
2026/07/28 10:25:16.078, 44.32, 0, 0, 32
2026/07/28 10:25:17.106, 44.32, 0, 0, 32
2026/07/28 10:25:20.113, 44.50, 0, 0, 32
2026/07/28 10:25:21.141, 43.96, 0, 0, 32
2026/07/28 10:25:22.167, 44.37, 0, 0, 32
2026/07/28 10:25:25.058, 44.63, 0, 0, 32
2026/07/28 10:25:26.085, 44.74, 0, 0, 32
2026/07/28 10:25:27.112, 44.70, 0, 0, 32
2026/07/28 10:25:28.140, 44.23, 0, 0, 32
2026/07/28 10:25:30.104, 44.41, 0, 0, 32
2026/07/28 10:25:31.130, 44.64, 0, 0, 32
2026/07/28 10:25:32.157, 45.00, 0, 0, 32
2026/07/28 10:25:35.259, 44.61, 0, 0, 32
2026/07/28 10:25:36.285, 44.35, 0, 0, 32
2026/07/28 10:25:37.311, 44.34, 0, 0, 32
2026/07/28 10:25:40.214, 44.60, 0, 0, 32
2026/07/28 10:25:41.241, 44.35, 0, 0, 32
2026/07/28 10:25:42.270, 44.32, 0, 0, 32
2026/07/28 10:25:43.297, 44.34, 0, 0, 32
2026/07/28 10:25:45.412, 44.70, 0, 0, 32
2026/07/28 10:25:46.438, 44.14, 0, 0, 32
2026/07/28 10:25:47.465, 44.52, 0, 0, 32
2026/07/28 10:25:48.492, 44.79, 0, 0, 32
2026/07/28 10:25:49.761, 44.45, 0, 0, 32
2026/07/28 10:25:50.788, 44.40, 0, 0, 32
2026/07/28 10:25:51.815, 44.62, 0, 0, 32
2026/07/28 10:25:52.843, 44.38, 0, 0, 32
2026/07/28 10:25:53.871, 44.61, 0, 0, 32
2026/07/28 10:25:56.801, 44.34, 0, 0, 32
2026/07/28 10:25:57.829, 44.35, 0, 0, 32
2026/07/28 10:25:58.856, 45.18, 0, 0, 32
2026/07/28 10:26:01.874, 44.30, 0, 0, 32
2026/07/28 10:26:02.901, 44.38, 0, 0, 32
2026/07/28 10:26:04.328, 44.30, 0, 0, 32
2026/07/28 10:26:06.913, 44.41, 0, 0, 32
2026/07/28 10:26:07.944, 44.80, 0, 0, 32
2026/07/28 10:26:08.970, 44.51, 0, 0, 32
2026/07/28 10:26:11.915, 44.50, 0, 0, 32
2026/07/28 10:26:12.943, 44.68, 0, 0, 32
2026/07/28 10:26:13.972, 44.42, 0, 0, 32
2026/07/28 10:26:16.867, 44.00, 0, 0, 32
2026/07/28 10:26:17.898, 44.46, 0, 0, 32
2026/07/28 10:26:18.932, 44.51, 0, 0, 32
2026/07/28 10:26:21.866, 44.14, 0, 0, 32
2026/07/28 10:26:22.893, 44.23, 0, 0, 32
2026/07/28 10:26:23.919, 44.47, 0, 0, 32
2026/07/28 10:26:26.951, 43.98, 0, 0, 32
2026/07/28 10:26:27.978, 44.47, 0, 0, 32
2026/07/28 10:26:29.005, 44.32, 0, 0, 32
2026/07/28 10:26:32.002, 44.45, 0, 0, 32
2026/07/28 10:26:33.029, 44.62, 0, 0, 32
2026/07/28 10:26:34.056, 44.24, 0, 0, 32
2026/07/28 10:26:36.913, 44.54, 0, 0, 32
2026/07/28 10:26:37.941, 44.43, 0, 0, 32
2026/07/28 10:26:38.968, 44.41, 0, 0, 32
2026/07/28 10:26:42.051, 44.61, 0, 0, 32
2026/07/28 10:26:43.079, 44.64, 0, 0, 32
2026/07/28 10:26:44.106, 44.31, 0, 0, 32
2026/07/28 10:26:47.052, 44.30, 0, 0, 32
2026/07/28 10:26:48.078, 44.42, 0, 0, 32
2026/07/28 10:26:49.105, 44.11, 0, 0, 32
2026/07/28 10:26:52.007, 44.39, 0, 0, 32
2026/07/28 10:26:53.036, 44.48, 0, 0, 32
2026/07/28 10:26:54.062, 44.52, 0, 0, 32
2026/07/28 10:26:57.011, 44.54, 0, 0, 32
2026/07/28 10:26:58.038, 44.54, 0, 0, 32
2026/07/28 10:26:59.067, 44.50, 0, 0, 32
2026/07/28 10:27:02.103, 44.34, 0, 0, 32
2026/07/28 10:27:03.130, 44.50, 0, 0, 32
2026/07/28 10:27:04.157, 44.52, 0, 0, 32
2026/07/28 10:27:06.900, 44.62, 0, 0, 32
2026/07/28 10:27:07.927, 44.55, 0, 0, 32
2026/07/28 10:27:08.954, 43.95, 0, 0, 32
2026/07/28 10:27:09.981, 44.44, 0, 0, 32
2026/07/28 10:27:12.108, 44.35, 0, 0, 32
2026/07/28 10:27:13.135, 44.45, 0, 0, 32
2026/07/28 10:27:14.162, 44.97, 0, 0, 32
2026/07/28 10:27:17.106, 44.65, 0, 0, 32
2026/07/28 10:27:18.133, 44.24, 0, 0, 32
2026/07/28 10:27:19.160, 45.12, 0, 0, 32
2026/07/28 10:27:22.156, 44.43, 0, 0, 32
2026/07/28 10:27:23.182, 44.56, 0, 0, 32
2026/07/28 10:27:24.210, 44.45, 0, 0, 32
2026/07/28 10:27:27.108, 44.25, 0, 0, 32
2026/07/28 10:27:28.137, 44.42, 0, 0, 32
2026/07/28 10:27:29.164, 44.45, 0, 0, 32
2026/07/28 10:27:30.191, 44.74, 0, 0, 32
2026/07/28 10:27:31.217, 44.54, 0, 0, 32
2026/07/28 10:27:32.244, 44.53, 0, 0, 32
2026/07/28 10:27:33.270, 44.34, 0, 0, 32
2026/07/28 10:27:34.297, 44.54, 0, 0, 32
2026/07/28 10:27:37.307, 44.54, 0, 0, 32
2026/07/28 10:27:38.334, 44.15, 0, 0, 32
2026/07/28 10:27:39.361, 44.56, 0, 0, 32
2026/07/28 10:27:42.301, 44.37, 0, 0, 32
2026/07/28 10:27:43.327, 44.45, 0, 0, 32
2026/07/28 10:27:44.354, 44.49, 0, 0, 32
2026/07/28 10:27:47.309, 44.22, 0, 0, 32
2026/07/28 10:27:48.335, 44.33, 0, 0, 32
2026/07/28 10:27:49.362, 43.56, 0, 0, 32
2026/07/28 10:27:52.364, 44.53, 0, 0, 32
2026/07/28 10:27:53.391, 44.14, 0, 0, 32
2026/07/28 10:27:54.417, 44.73, 0, 0, 32
2026/07/28 10:27:57.462, 44.72, 0, 0, 32
2026/07/28 10:27:58.489, 44.57, 0, 0, 32
2026/07/28 10:27:59.517, 44.54, 0, 0, 32
2026/07/28 10:28:02.462, 44.47, 0, 0, 32
2026/07/28 10:28:03.489, 44.32, 0, 0, 32
2026/07/28 10:28:04.516, 44.03, 0, 0, 32
2026/07/28 10:28:07.407, 44.62, 0, 0, 32
2026/07/28 10:28:08.436, 44.15, 0, 0, 32
2026/07/28 10:28:09.463, 44.53, 0, 0, 32
2026/07/28 10:28:10.491, 44.03, 0, 0, 32
2026/07/28 10:28:11.516, 44.62, 0, 0, 32
2026/07/28 10:28:12.542, 44.37, 0, 0, 32
2026/07/28 10:28:13.568, 44.57, 0, 0, 32
2026/07/28 10:28:14.594, 44.72, 0, 0, 32
2026/07/28 10:28:15.620, 44.54, 0, 0, 32
2026/07/28 10:28:16.647, 44.75, 0, 0, 32
2026/07/28 10:28:17.674, 44.73, 0, 0, 32
2026/07/28 10:28:18.700, 43.88, 0, 0, 32
2026/07/28 10:28:19.727, 44.35, 0, 0, 32
2026/07/28 10:28:20.753, 44.44, 0, 0, 32
2026/07/28 10:28:21.779, 44.73, 0, 0, 32
2026/07/28 10:28:22.804, 44.64, 0, 0, 32
2026/07/28 10:28:23.839, 44.31, 0, 0, 32
2026/07/28 10:28:24.865, 44.73, 0, 0, 32
2026/07/28 10:28:25.893, 44.66, 0, 0, 32
2026/07/28 10:28:26.920, 44.52, 0, 0, 32
2026/07/28 10:28:27.947, 44.73, 0, 0, 32
2026/07/28 10:28:28.973, 44.33, 0, 0, 32
2026/07/28 10:28:30.000, 43.96, 0, 0, 32
2026/07/28 10:28:31.026, 44.13, 0, 0, 32
2026/07/28 10:28:32.053, 44.34, 0, 6, 32
2026/07/28 10:28:33.079, 44.67, 0, 6, 32
2026/07/28 10:28:34.107, 44.43, 0, 6, 32
2026/07/28 10:28:35.135, 45.04, 0, 0, 32
2026/07/28 10:28:36.162, 45.22, 0, 0, 32
2026/07/28 10:28:37.190, 44.25, 0, 6, 32
2026/07/28 10:28:38.217, 44.71, 0, 6, 32
2026/07/28 10:28:39.244, 44.91, 0, 6, 32
2026/07/28 10:28:40.270, 44.34, 0, 6, 32
2026/07/28 10:28:41.297, 44.51, 0, 6, 32
2026/07/28 10:28:42.324, 44.73, 0, 6, 32
2026/07/28 10:28:43.350, 44.33, 0, 6, 32
2026/07/28 10:28:44.376, 44.26, 0, 6, 32
2026/07/28 10:28:45.403, 43.97, 0, 6, 32
2026/07/28 10:28:46.442, 44.31, 0, 6, 32
2026/07/28 10:28:47.487, 44.44, 0, 6, 32
2026/07/28 10:28:48.513, 44.54, 0, 6, 32
2026/07/28 10:28:49.540, 44.25, 0, 6, 32
2026/07/28 10:28:50.567, 44.42, 0, 6, 32
2026/07/28 10:28:51.593, 44.91, 0, 6, 32
2026/07/28 10:28:52.620, 44.37, 0, 6, 32
2026/07/28 10:28:53.646, 44.92, 0, 6, 32
2026/07/28 10:28:54.673, 44.43, 0, 6, 32
2026/07/28 10:28:55.702, 44.63, 0, 6, 32
2026/07/28 10:28:56.729, 66.28, 0, 566, 32
2026/07/28 10:28:57.754, 64.67, 0, 566, 32
2026/07/28 10:28:58.778, 65.21, 0, 566, 32
2026/07/28 10:28:59.802, 65.11, 0, 566, 32
2026/07/28 10:29:00.826, 65.23, 0, 566, 32
2026/07/28 10:29:01.849, 65.18, 0, 566, 32
2026/07/28 10:29:02.873, 64.94, 0, 6934, 32
2026/07/28 10:29:03.899, 64.92, 0, 12680, 32
2026/07/28 10:29:04.923, 65.15, 0, 50990, 33
2026/07/28 10:29:05.961, 66.75, 7, 53416, 33
2026/07/28 10:29:06.997, 67.23, 34, 53416, 33
2026/07/28 10:29:08.031, 66.97, 24, 53416, 33
2026/07/28 10:29:09.069, 65.02, 29, 53416, 33
2026/07/28 10:29:10.114, 67.15, 37, 53416, 33
2026/07/28 10:29:11.160, 64.76, 17, 53416, 33
2026/07/28 10:29:12.199, 65.50, 29, 53416, 33
2026/07/28 10:29:13.238, 66.92, 30, 53416, 33
2026/07/28 10:29:14.273, 65.34, 8, 53416, 33
2026/07/28 10:29:15.305, 65.23, 0, 52904, 33
2026/07/28 10:29:16.330, 65.10, 0, 53402, 33
2026/07/28 10:29:17.357, 286.55, 100, 56062, 40
2026/07/28 10:29:18.383, 295.58, 100, 56062, 41
2026/07/28 10:29:19.411, 307.22, 100, 56062, 42
2026/07/28 10:29:20.437, 286.37, 100, 56062, 43
2026/07/28 10:29:21.464, 66.34, 0, 56062, 36
2026/07/28 10:29:22.488, 65.87, 0, 56062, 36
2026/07/28 10:29:23.512, 65.66, 0, 56062, 36
2026/07/28 10:29:24.537, 65.34, 0, 56062, 36
2026/07/28 10:29:25.562, 65.90, 0, 56062, 35
2026/07/28 10:29:26.586, 65.69, 0, 56062, 35
2026/07/28 10:29:27.611, 65.37, 0, 56062, 35
2026/07/28 10:29:28.637, 65.72, 0, 56062, 35
2026/07/28 10:29:29.668, 66.16, 0, 56062, 35
2026/07/28 10:29:30.692, 65.50, 0, 56062, 35
2026/07/28 10:29:31.717, 65.84, 12, 56062, 35
2026/07/28 10:29:32.741, 65.59, 0, 56062, 35
2026/07/28 10:29:33.767, 66.20, 0, 56062, 35
2026/07/28 10:29:34.791, 65.97, 0, 56064, 35
2026/07/28 10:29:35.815, 65.95, 0, 56064, 35
2026/07/28 10:29:36.840, 231.12, 20, 56064, 37
2026/07/28 10:29:37.865, 65.81, 0, 56064, 35
2026/07/28 10:29:38.889, 66.55, 0, 56064, 35
2026/07/28 10:29:39.914, 65.79, 0, 56064, 35
2026/07/28 10:29:40.939, 66.17, 9, 56064, 36
2026/07/28 10:29:41.968, 134.49, 0, 56064, 36
2026/07/28 10:29:42.993, 65.48, 0, 56064, 35
2026/07/28 10:29:44.018, 65.92, 10, 56064, 35
2026/07/28 10:29:45.044, 66.67, 0, 56064, 36
2026/07/28 10:29:46.069, 65.61, 0, 56064, 35
2026/07/28 10:29:47.094, 65.67, 0, 56064, 35
2026/07/28 10:29:48.120, 66.13, 0, 56064, 36
2026/07/28 10:29:49.144, 65.82, 0, 56064, 36
2026/07/28 10:29:50.170, 231.90, 45, 56064, 38
2026/07/28 10:29:51.198, 65.79, 0, 56064, 36
2026/07/28 10:29:52.223, 65.99, 0, 56064, 35
2026/07/28 10:29:53.247, 65.86, 0, 56064, 35
2026/07/28 10:29:54.272, 66.26, 0, 56064, 35
2026/07/28 10:29:55.297, 65.49, 0, 56064, 35
2026/07/28 10:29:56.321, 65.40, 0, 56064, 35
2026/07/28 10:29:57.346, 65.33, 0, 56064, 35
2026/07/28 10:29:58.371, 65.18, 0, 56064, 35
2026/07/28 10:29:59.394, 65.38, 0, 56064, 35
2026/07/28 10:30:00.418, 65.59, 0, 56064, 35
2026/07/28 10:30:01.442, 65.16, 0, 56064, 35
2026/07/28 10:30:02.466, 65.44, 0, 56064, 35
2026/07/28 10:30:03.491, 65.30, 0, 56064, 35
2026/07/28 10:30:04.515, 65.26, 0, 56064, 35
2026/07/28 10:30:05.538, 65.56, 0, 56064, 35
2026/07/28 10:30:06.561, 66.01, 0, 56064, 35
2026/07/28 10:30:07.585, 65.89, 0, 56064, 35
2026/07/28 10:30:08.609, 65.75, 0, 56064, 35
2026/07/28 10:30:09.634, 65.50, 0, 56064, 35
2026/07/28 10:30:10.657, 65.55, 0, 56064, 35
2026/07/28 10:30:11.681, 65.51, 0, 56064, 35
2026/07/28 10:30:12.705, 65.38, 0, 56064, 35
2026/07/28 10:30:13.730, 65.34, 0, 56064, 35
2026/07/28 10:30:14.755, 65.49, 0, 56068, 35
2026/07/28 10:30:15.780, 66.02, 52, 56068, 36
2026/07/28 10:30:16.805, 81.01, 0, 56068, 36
2026/07/28 10:30:17.830, 65.61, 0, 56068, 36
2026/07/28 10:30:18.855, 66.37, 36, 56068, 36
2026/07/28 10:30:19.879, 76.99, 48, 56068, 36
2026/07/28 10:30:20.903, 148.10, 35, 56068, 36
2026/07/28 10:30:21.929, 66.09, 3, 56068, 36
2026/07/28 10:30:22.954, 65.98, 39, 56068, 36
2026/07/28 10:30:23.984, 149.50, 0, 56068, 37
2026/07/28 10:30:25.014, 66.16, 0, 56068, 37
2026/07/28 10:30:26.043, 65.35, 27, 56068, 37
2026/07/28 10:30:27.073, 65.98, 0, 56068, 36
2026/07/28 10:30:28.098, 66.01, 0, 56068, 36
2026/07/28 10:30:29.124, 67.32, 52, 56068, 36
2026/07/28 10:30:30.150, 65.74, 0, 56068, 36
2026/07/28 10:30:31.176, 65.98, 0, 56068, 36
2026/07/28 10:30:32.203, 65.91, 0, 56068, 36
2026/07/28 10:30:33.228, 65.50, 0, 56068, 36
2026/07/28 10:30:34.253, 65.78, 0, 56068, 36
2026/07/28 10:30:35.277, 167.94, 0, 56068, 37
2026/07/28 10:30:36.303, 66.15, 0, 56068, 36
2026/07/28 10:30:37.328, 66.00, 0, 56068, 36
2026/07/28 10:30:38.353, 66.66, 0, 56068, 36
2026/07/28 10:30:39.378, 66.21, 50, 56070, 36
2026/07/28 10:30:40.402, 66.19, 0, 56070, 36
2026/07/28 10:30:41.427, 174.68, 18, 56070, 37
2026/07/28 10:30:42.451, 175.89, 18, 56070, 37
2026/07/28 10:30:43.476, 66.48, 52, 56070, 36
2026/07/28 10:30:44.500, 66.10, 17, 56070, 36
2026/07/28 10:30:45.526, 66.66, 26, 56070, 37
2026/07/28 10:30:46.551, 66.59, 0, 56070, 36
2026/07/28 10:30:47.577, 66.47, 0, 56070, 36
2026/07/28 10:30:48.601, 66.38, 0, 56070, 36
2026/07/28 10:30:49.626, 66.59, 0, 56070, 36
2026/07/28 10:30:50.651, 66.09, 0, 56070, 36
2026/07/28 10:30:51.676, 66.10, 0, 56070, 36
2026/07/28 10:30:52.701, 66.57, 0, 56070, 36
2026/07/28 10:30:53.725, 117.18, 0, 56070, 37
2026/07/28 10:30:54.750, 67.35, 13, 56070, 37
2026/07/28 10:30:55.776, 67.14, 0, 56070, 36
2026/07/28 10:30:56.801, 66.72, 0, 56070, 36
2026/07/28 10:30:57.826, 66.25, 0, 56070, 36
2026/07/28 10:30:58.850, 66.40, 0, 56072, 36
2026/07/28 10:30:59.875, 66.54, 0, 56072, 36
2026/07/28 10:31:00.900, 66.59, 0, 56072, 36
2026/07/28 10:31:01.925, 130.77, 0, 56072, 38
2026/07/28 10:31:02.951, 65.69, 0, 56072, 36
2026/07/28 10:31:03.976, 66.48, 52, 56072, 37
2026/07/28 10:31:05.001, 178.64, 52, 56072, 37
2026/07/28 10:31:06.027, 65.69, 0, 56072, 36
2026/07/28 10:31:07.052, 66.88, 0, 56072, 36
2026/07/28 10:31:08.078, 65.90, 0, 56072, 36
2026/07/28 10:31:09.105, 66.06, 0, 56072, 37
2026/07/28 10:31:10.133, 106.10, 37, 56072, 37
2026/07/28 10:31:11.158, 66.09, 42, 56074, 36
2026/07/28 10:31:12.183, 65.98, 0, 56074, 36
2026/07/28 10:31:13.210, 172.62, 0, 56074, 37
2026/07/28 10:31:14.239, 65.54, 0, 56074, 37
2026/07/28 10:31:15.264, 102.40, 52, 56074, 37
2026/07/28 10:31:16.289, 66.00, 0, 56074, 36
2026/07/28 10:31:17.316, 65.71, 0, 56074, 36
2026/07/28 10:31:18.344, 66.17, 0, 56074, 37
2026/07/28 10:31:19.373, 67.76, 52, 56074, 37
2026/07/28 10:31:20.397, 66.18, 5, 56074, 36
2026/07/28 10:31:21.423, 65.78, 0, 56074, 36
2026/07/28 10:31:22.448, 66.11, 31, 56074, 37
2026/07/28 10:31:23.472, 65.89, 0, 56074, 36
2026/07/28 10:31:24.497, 65.81, 0, 56074, 36
2026/07/28 10:31:25.522, 171.65, 4, 56074, 37
2026/07/28 10:31:26.552, 67.76, 0, 56074, 36
2026/07/28 10:31:27.577, 66.10, 0, 56074, 36
2026/07/28 10:31:28.603, 66.29, 0, 56074, 36
2026/07/28 10:31:29.627, 66.33, 0, 56074, 36
2026/07/28 10:31:30.653, 66.19, 0, 56074, 36
2026/07/28 10:31:31.677, 176.01, 0, 56074, 38
2026/07/28 10:31:32.703, 94.07, 53, 53700, 38
2026/07/28 10:31:33.734, 130.19, 55, 53778, 39
2026/07/28 10:31:34.760, 155.60, 60, 53680, 39
2026/07/28 10:31:35.787, 66.94, 0, 54060, 37
2026/07/28 10:31:36.811, 66.11, 0, 54060, 37
2026/07/28 10:31:37.835, 66.15, 0, 54060, 37
2026/07/28 10:31:38.859, 65.74, 0, 54060, 37
2026/07/28 10:31:39.884, 66.34, 0, 54060, 37
2026/07/28 10:31:40.909, 66.69, 0, 54060, 37
2026/07/28 10:31:41.933, 66.31, 0, 54060, 37
2026/07/28 10:31:42.957, 68.55, 18, 54548, 37
2026/07/28 10:31:43.982, 66.53, 0, 79636, 37
2026/07/28 10:31:45.008, 67.78, 0, 78360, 37
2026/07/28 10:31:46.034, 66.48, 33, 78368, 37
2026/07/28 10:31:47.059, 66.37, 0, 78356, 37
2026/07/28 10:31:48.084, 66.73, 100, 72290, 37
2026/07/28 10:31:49.109, 65.44, 0, 72290, 37
2026/07/28 10:31:50.134, 66.48, 0, 72290, 37
2026/07/28 10:31:51.159, 66.39, 0, 72290, 37
2026/07/28 10:31:52.184, 277.50, 78, 72572, 41
2026/07/28 10:31:53.213, 302.50, 63, 72522, 40
2026/07/28 10:31:54.237, 153.10, 46, 72682, 41
2026/07/28 10:31:55.263, 76.45, 57, 72714, 40
2026/07/28 10:31:56.288, 75.22, 44, 72840, 40
2026/07/28 10:31:57.317, 71.11, 41, 72954, 40
2026/07/28 10:31:58.342, 68.24, 33, 73064, 39
2026/07/28 10:31:59.366, 110.39, 53, 73112, 43
2026/07/28 10:32:00.390, 137.28, 49, 73196, 41
2026/07/28 10:32:01.415, 78.76, 41, 73296, 41
2026/07/28 10:32:02.444, 67.61, 0, 73332, 39
2026/07/28 10:32:03.470, 67.86, 0, 74226, 39
2026/07/28 10:32:04.495, 67.63, 0, 74226, 39
2026/07/28 10:32:05.519, 68.01, 0, 74226, 39
2026/07/28 10:32:06.544, 67.82, 0, 74226, 39
2026/07/28 10:32:07.568, 67.80, 0, 74226, 39
2026/07/28 10:32:08.593, 67.51, 0, 74226, 39
2026/07/28 10:32:09.618, 67.20, 0, 74226, 39
2026/07/28 10:32:10.643, 66.65, 0, 74226, 38
2026/07/28 10:32:11.668, 66.89, 0, 74226, 38
2026/07/28 10:32:12.693, 66.85, 0, 74226, 38
2026/07/28 10:32:13.718, 66.85, 0, 74226, 38
2026/07/28 10:32:14.744, 67.73, 0, 74226, 38
2026/07/28 10:32:15.769, 66.87, 0, 74226, 38
2026/07/28 10:32:16.794, 66.68, 0, 74226, 38
2026/07/28 10:32:17.818, 66.94, 0, 74226, 38
2026/07/28 10:32:18.843, 66.81, 0, 74226, 38
2026/07/28 10:32:19.869, 67.00, 0, 74226, 38
2026/07/28 10:32:20.894, 66.59, 0, 74226, 38
2026/07/28 10:32:21.919, 66.46, 0, 74226, 38
2026/07/28 10:32:22.944, 209.04, 32, 74230, 40
2026/07/28 10:32:23.974, 66.59, 0, 74230, 38
2026/07/28 10:32:24.999, 66.68, 0, 74230, 38
2026/07/28 10:32:26.024, 66.13, 0, 74230, 38
2026/07/28 10:32:27.048, 66.69, 0, 74230, 38
2026/07/28 10:32:28.073, 66.49, 0, 74230, 38
2026/07/28 10:32:29.097, 66.66, 0, 74230, 38
2026/07/28 10:32:30.121, 66.29, 0, 74230, 38
2026/07/28 10:32:31.145, 66.36, 0, 74230, 38
2026/07/28 10:32:32.169, 66.77, 0, 74230, 37
2026/07/28 10:32:33.193, 67.35, 0, 74230, 37
2026/07/28 10:32:34.217, 66.53, 0, 74230, 37
2026/07/28 10:32:35.242, 66.75, 0, 74230, 37
2026/07/28 10:32:36.267, 66.46, 0, 74230, 37
2026/07/28 10:32:37.291, 66.18, 0, 74230, 37
2026/07/28 10:32:38.315, 66.15, 0, 74230, 37
2026/07/28 10:32:39.340, 66.29, 0, 74230, 37
2026/07/28 10:32:40.365, 66.15, 0, 74230, 37
2026/07/28 10:32:41.389, 66.27, 0, 74230, 37
2026/07/28 10:32:42.414, 66.14, 0, 74230, 37
2026/07/28 10:32:43.439, 66.69, 0, 74230, 37
2026/07/28 10:32:44.464, 66.37, 0, 74230, 37
2026/07/28 10:32:45.489, 66.67, 0, 74230, 37
2026/07/28 10:32:47.705, 66.37, 0, 74230, 37
2026/07/28 10:32:48.729, 66.37, 0, 74230, 37
2026/07/28 10:32:49.754, 66.42, 0, 74230, 37
2026/07/28 10:32:50.779, 66.60, 0, 74230, 37
2026/07/28 10:32:51.804, 66.41, 0, 74230, 37
2026/07/28 10:32:52.959, 67.02, 0, 74230, 37
2026/07/28 10:32:53.983, 66.31, 0, 74230, 37
2026/07/28 10:32:55.007, 66.55, 0, 74230, 37
2026/07/28 10:32:56.032, 66.18, 0, 74230, 37
2026/07/28 10:32:57.259, 66.45, 0, 74230, 37
2026/07/28 10:32:58.285, 66.08, 0, 74230, 37
2026/07/28 10:32:59.310, 66.25, 0, 74230, 37
2026/07/28 10:33:01.713, 66.39, 0, 74230, 37
2026/07/28 10:33:03.461, 66.33, 0, 74230, 37
2026/07/28 10:33:04.486, 66.36, 0, 74230, 37
2026/07/28 10:33:05.512, 66.64, 0, 74230, 37
2026/07/28 10:33:07.228, 66.18, 0, 74230, 36
2026/07/28 10:33:08.255, 66.06, 0, 74230, 36
2026/07/28 10:33:09.281, 66.49, 0, 74230, 36
2026/07/28 10:33:10.306, 66.61, 0, 74230, 36
2026/07/28 10:33:11.331, 66.43, 0, 74230, 36
2026/07/28 10:33:12.355, 66.24, 0, 74230, 36
2026/07/28 10:33:13.380, 66.39, 0, 74230, 36
2026/07/28 10:33:14.412, 66.36, 0, 74230, 36
2026/07/28 10:33:15.443, 66.13, 0, 74230, 36
2026/07/28 10:33:16.484, 65.84, 0, 74230, 36
2026/07/28 10:33:17.509, 65.47, 0, 74230, 36
2026/07/28 10:33:18.539, 66.32, 0, 74230, 36
2026/07/28 10:33:19.565, 65.76, 0, 74230, 36
2026/07/28 10:33:20.589, 65.86, 0, 74230, 36
2026/07/28 10:33:21.614, 65.98, 0, 74230, 36
2026/07/28 10:33:22.720, 65.38, 0, 74230, 36
2026/07/28 10:33:23.746, 65.53, 0, 74230, 36
2026/07/28 10:33:24.771, 65.76, 0, 74230, 36
2026/07/28 10:33:25.797, 65.67, 0, 74230, 36
2026/07/28 10:33:26.829, 65.79, 0, 74230, 36
2026/07/28 10:33:27.862, 65.67, 0, 74230, 36
2026/07/28 10:33:28.887, 65.75, 0, 74230, 36
2026/07/28 10:33:29.911, 65.59, 0, 74230, 36
2026/07/28 10:33:31.063, 65.92, 0, 74230, 36
2026/07/28 10:33:32.116, 65.37, 0, 74230, 36
2026/07/28 10:33:33.399, 65.70, 0, 74230, 36
2026/07/28 10:33:34.667, 65.49, 0, 74230, 36
2026/07/28 10:33:35.692, 66.01, 0, 74230, 36
2026/07/28 10:33:36.718, 65.48, 0, 74230, 36
2026/07/28 10:33:37.745, 65.38, 0, 74230, 36
2026/07/28 10:33:38.771, 65.79, 0, 74230, 36
2026/07/28 10:33:39.795, 65.58, 0, 74230, 36
2026/07/28 10:33:40.820, 65.86, 0, 74230, 36
2026/07/28 10:33:42.058, 65.47, 0, 74230, 36
2026/07/28 10:33:43.084, 65.76, 0, 74230, 36
2026/07/28 10:33:44.109, 65.58, 0, 74230, 36
2026/07/28 10:33:45.302, 65.84, 0, 74230, 36
2026/07/28 10:33:46.328, 65.51, 0, 74230, 36
2026/07/28 10:33:47.706, 65.82, 0, 74230, 36
2026/07/28 10:33:48.910, 65.74, 0, 74230, 36
2026/07/28 10:33:50.161, 65.40, 0, 74230, 36
2026/07/28 10:33:51.189, 66.06, 0, 74230, 36
2026/07/28 10:33:52.213, 65.76, 0, 74230, 36
2026/07/28 10:33:53.238, 65.75, 0, 74230, 36
2026/07/28 10:33:55.115, 65.75, 0, 74230, 36
2026/07/28 10:33:56.139, 66.09, 0, 74230, 36
2026/07/28 10:33:57.512, 65.78, 0, 74230, 36
2026/07/28 10:33:58.537, 65.58, 0, 74230, 36
2026/07/28 10:33:59.569, 66.22, 0, 74230, 36
2026/07/28 10:34:00.596, 65.70, 0, 74230, 36
2026/07/28 10:34:01.625, 66.26, 0, 74230, 36
2026/07/28 10:34:02.649, 66.13, 0, 74230, 36
2026/07/28 10:34:03.681, 65.90, 0, 74230, 36
2026/07/28 10:34:04.706, 65.76, 0, 74230, 36
2026/07/28 10:34:05.747, 65.97, 0, 74230, 36
2026/07/28 10:34:06.771, 65.90, 0, 74230, 36
2026/07/28 10:34:07.795, 65.78, 0, 74230, 36
2026/07/28 10:34:08.819, 66.58, 0, 74230, 36
2026/07/28 10:34:09.843, 66.06, 0, 74230, 36
2026/07/28 10:34:10.867, 65.86, 0, 74230, 36
2026/07/28 10:34:11.896, 65.79, 0, 74230, 36
2026/07/28 10:34:12.925, 65.82, 0, 74230, 36
2026/07/28 10:34:13.952, 65.86, 0, 74230, 36
2026/07/28 10:34:14.979, 65.85, 0, 74230, 36
2026/07/28 10:34:16.004, 65.86, 0, 74230, 36
2026/07/28 10:34:17.029, 65.98, 0, 74230, 36
2026/07/28 10:34:18.063, 65.73, 0, 74230, 36
2026/07/28 10:34:19.088, 65.96, 0, 74230, 36
2026/07/28 10:34:20.112, 66.09, 0, 74230, 36
2026/07/28 10:34:21.136, 66.08, 0, 74230, 36
2026/07/28 10:34:22.165, 65.91, 0, 74230, 36
2026/07/28 10:34:23.190, 65.29, 0, 74230, 36
2026/07/28 10:34:24.868, 65.51, 0, 74230, 36
2026/07/28 10:34:25.907, 66.26, 0, 74230, 36
2026/07/28 10:34:27.611, 65.35, 0, 74230, 36
2026/07/28 10:34:28.636, 65.35, 0, 74230, 35
2026/07/28 10:34:29.662, 65.59, 0, 74230, 36
2026/07/28 10:34:30.694, 65.51, 0, 74230, 36
2026/07/28 10:34:31.806, 65.47, 0, 74230, 35
2026/07/28 10:34:32.831, 64.29, 0, 74230, 35
2026/07/28 10:34:33.855, 65.25, 0, 74230, 35
2026/07/28 10:34:34.880, 65.25, 0, 74230, 35
2026/07/28 10:34:35.905, 65.48, 0, 74230, 35
2026/07/28 10:34:36.954, 65.63, 0, 74230, 35
2026/07/28 10:34:37.979, 65.24, 0, 74230, 35
2026/07/28 10:34:39.078, 65.96, 0, 74230, 35
2026/07/28 10:34:40.104, 65.49, 0, 74230, 35
2026/07/28 10:34:41.136, 65.34, 0, 74230, 35
2026/07/28 10:34:42.164, 65.74, 0, 74230, 35
2026/07/28 10:34:43.192, 65.54, 0, 74230, 35
2026/07/28 10:34:44.219, 65.18, 0, 74230, 35
2026/07/28 10:34:45.426, 65.37, 0, 74230, 35
2026/07/28 10:34:46.453, 65.59, 0, 74230, 35
2026/07/28 10:34:47.479, 65.29, 0, 74230, 35
2026/07/28 10:34:48.518, 65.18, 0, 74230, 35
2026/07/28 10:34:49.544, 65.81, 0, 74230, 35
2026/07/28 10:34:50.661, 65.88, 0, 74230, 35
2026/07/28 10:34:52.027, 65.51, 0, 74230, 35
2026/07/28 10:34:53.052, 65.30, 0, 74230, 35
2026/07/28 10:34:54.445, 65.31, 0, 74230, 35
2026/07/28 10:34:55.684, 65.26, 0, 74230, 35
2026/07/28 10:34:56.717, 65.51, 0, 74230, 35
2026/07/28 10:34:57.742, 64.93, 0, 74230, 35
2026/07/28 10:34:58.766, 65.47, 0, 74230, 35
2026/07/28 10:34:59.791, 66.13, 0, 74230, 35
2026/07/28 10:35:00.816, 65.94, 0, 74230, 35
2026/07/28 10:35:01.841, 65.54, 0, 74230, 35
2026/07/28 10:35:02.865, 65.69, 0, 74230, 35
2026/07/28 10:35:03.891, 65.61, 0, 74230, 35
2026/07/28 10:35:04.916, 65.21, 0, 74230, 35
2026/07/28 10:35:05.941, 66.33, 0, 74230, 35
2026/07/28 10:35:06.967, 65.41, 0, 74230, 35
2026/07/28 10:35:07.992, 65.69, 0, 74230, 35
2026/07/28 10:35:09.016, 65.49, 0, 74230, 35
2026/07/28 10:35:10.041, 65.75, 0, 74230, 35
2026/07/28 10:35:11.066, 65.91, 0, 74230, 35
2026/07/28 10:35:12.091, 65.56, 0, 74230, 35
2026/07/28 10:35:13.115, 65.59, 0, 74230, 35
2026/07/28 10:35:14.140, 66.00, 0, 74230, 35
2026/07/28 10:35:15.164, 65.54, 0, 74230, 35
2026/07/28 10:35:16.189, 65.76, 0, 74230, 35
2026/07/28 10:35:17.213, 65.67, 0, 74230, 35
2026/07/28 10:35:18.238, 65.65, 0, 74230, 35
2026/07/28 10:35:19.262, 65.80, 0, 74230, 35
2026/07/28 10:35:20.287, 66.37, 0, 74230, 35
2026/07/28 10:35:21.374, 65.68, 0, 74230, 35
2026/07/28 10:35:22.398, 65.89, 0, 74230, 35
2026/07/28 10:35:23.423, 65.69, 0, 74230, 35
2026/07/28 10:35:24.467, 65.92, 0, 74230, 35
2026/07/28 10:35:25.491, 65.78, 0, 74230, 35
2026/07/28 10:35:26.516, 65.45, 0, 74230, 35
2026/07/28 10:35:27.541, 65.69, 0, 74230, 35
2026/07/28 10:35:28.566, 65.51, 0, 74230, 35
2026/07/28 10:35:29.590, 65.28, 0, 74230, 35
2026/07/28 10:35:30.615, 66.17, 0, 74230, 35
2026/07/28 10:35:31.640, 64.15, 0, 74230, 35
2026/07/28 10:35:32.665, 65.09, 0, 74230, 35
2026/07/28 10:35:33.689, 65.13, 0, 74230, 35
2026/07/28 10:35:34.713, 65.12, 0, 74230, 35
2026/07/28 10:35:35.738, 65.08, 0, 74230, 35
2026/07/28 10:35:36.763, 65.25, 0, 74230, 35
2026/07/28 10:35:37.788, 65.07, 0, 74230, 35
2026/07/28 10:35:38.812, 65.49, 0, 74230, 35
2026/07/28 10:35:39.836, 65.14, 0, 74230, 35
2026/07/28 10:35:40.861, 65.30, 0, 74230, 35
2026/07/28 10:35:41.885, 65.49, 0, 74230, 35
2026/07/28 10:35:42.910, 64.80, 0, 74230, 35
2026/07/28 10:35:43.934, 65.09, 0, 74230, 35
2026/07/28 10:35:44.959, 65.28, 0, 74230, 35
2026/07/28 10:35:45.984, 64.92, 0, 74230, 35
2026/07/28 10:35:47.008, 65.25, 0, 74230, 35
2026/07/28 10:35:48.033, 65.43, 0, 74230, 35
2026/07/28 10:35:49.062, 65.32, 0, 74230, 35
2026/07/28 10:35:50.087, 65.35, 0, 74230, 35
2026/07/28 10:35:51.111, 65.36, 0, 74230, 35
2026/07/28 10:35:52.136, 64.98, 0, 74230, 35
2026/07/28 10:35:53.160, 65.14, 0, 74230, 35
2026/07/28 10:35:54.184, 66.57, 0, 74230, 35
2026/07/28 10:35:55.210, 65.08, 0, 74230, 35
2026/07/28 10:35:56.315, 65.38, 0, 74230, 35
2026/07/28 10:35:57.340, 65.18, 0, 74230, 35
2026/07/28 10:35:58.472, 65.40, 0, 74230, 35
2026/07/28 10:35:59.499, 65.91, 0, 74230, 35
2026/07/28 10:36:00.523, 65.61, 0, 74230, 35
2026/07/28 10:36:01.548, 65.61, 0, 74230, 35
2026/07/28 10:36:02.574, 65.41, 0, 74230, 35
2026/07/28 10:36:03.650, 65.38, 0, 74230, 35
2026/07/28 10:36:04.676, 65.07, 0, 74230, 35
2026/07/28 10:36:05.701, 65.42, 0, 74230, 35
2026/07/28 10:36:06.817, 65.30, 0, 74230, 35
2026/07/28 10:36:07.845, 65.86, 0, 74230, 35
2026/07/28 10:36:08.873, 65.34, 0, 74230, 35
2026/07/28 10:36:09.902, 65.68, 0, 74230, 35
2026/07/28 10:36:10.930, 65.38, 0, 74230, 35
2026/07/28 10:36:11.956, 65.22, 0, 74230, 35
2026/07/28 10:36:12.982, 65.45, 0, 74230, 35
2026/07/28 10:36:14.008, 65.50, 0, 74230, 35
2026/07/28 10:36:15.032, 65.88, 0, 74230, 35
2026/07/28 10:36:16.058, 65.10, 0, 74230, 35
2026/07/28 10:36:17.088, 65.81, 0, 74230, 35
2026/07/28 10:36:18.114, 65.58, 0, 74230, 35
2026/07/28 10:36:19.139, 65.39, 0, 74230, 35
2026/07/28 10:36:20.164, 65.47, 0, 74230, 35
2026/07/28 10:36:21.188, 65.57, 0, 74230, 35
2026/07/28 10:36:22.213, 65.48, 0, 74230, 35
2026/07/28 10:36:23.238, 65.62, 0, 74230, 35
2026/07/28 10:36:24.265, 66.88, 0, 74230, 35
2026/07/28 10:36:25.291, 65.74, 0, 74230, 35
2026/07/28 10:36:26.317, 65.54, 0, 74230, 35
2026/07/28 10:36:27.342, 65.46, 0, 74230, 35
2026/07/28 10:36:28.371, 65.03, 0, 74230, 35
2026/07/28 10:36:29.396, 65.69, 0, 74230, 35
2026/07/28 10:36:30.663, 65.38, 0, 74230, 35
2026/07/28 10:36:31.689, 65.57, 0, 74230, 35
2026/07/28 10:36:32.714, 65.76, 0, 74230, 35
2026/07/28 10:36:33.739, 65.70, 0, 74230, 35
2026/07/28 10:36:34.764, 65.51, 0, 74230, 35
2026/07/28 10:36:35.788, 65.83, 0, 74230, 35
2026/07/28 10:36:36.814, 64.84, 0, 74230, 35
2026/07/28 10:36:37.839, 65.17, 0, 74230, 35
2026/07/28 10:36:38.864, 65.03, 0, 74230, 35
2026/07/28 10:36:39.889, 64.88, 0, 74230, 35
2026/07/28 10:36:40.914, 65.20, 0, 74230, 35
2026/07/28 10:36:41.940, 64.41, 0, 74230, 35
2026/07/28 10:36:42.965, 65.27, 0, 74230, 35
2026/07/28 10:36:44.315, 65.06, 0, 74230, 35
2026/07/28 10:36:45.341, 64.96, 0, 74230, 35
2026/07/28 10:36:46.625, 65.08, 0, 74230, 35
2026/07/28 10:36:47.650, 65.32, 0, 74230, 35
2026/07/28 10:36:49.780, 65.07, 0, 74230, 35
2026/07/28 10:36:51.262, 64.97, 0, 74230, 35
2026/07/28 10:36:52.404, 65.24, 0, 74230, 35
2026/07/28 10:36:54.163, 65.25, 0, 74230, 35
2026/07/28 10:36:55.187, 65.28, 0, 74230, 35
2026/07/28 10:36:56.228, 65.76, 0, 74230, 35
2026/07/28 10:36:57.253, 65.47, 0, 74230, 35
2026/07/28 10:36:58.280, 65.14, 0, 74230, 35
2026/07/28 10:36:59.306, 65.22, 0, 74230, 35
2026/07/28 10:37:00.332, 65.00, 0, 74230, 35
2026/07/28 10:37:01.358, 65.37, 0, 74230, 35
2026/07/28 10:37:02.384, 65.77, 0, 74230, 35
2026/07/28 10:37:03.564, 64.78, 0, 74230, 35
2026/07/28 10:37:04.589, 65.83, 0, 74230, 35
2026/07/28 10:37:05.709, 65.48, 0, 74230, 35
2026/07/28 10:37:06.788, 65.06, 0, 74230, 35
2026/07/28 10:37:07.813, 65.32, 0, 74230, 35
2026/07/28 10:37:09.027, 65.21, 0, 74230, 35
2026/07/28 10:37:10.051, 65.24, 0, 74230, 35
2026/07/28 10:37:11.076, 65.01, 0, 74230, 35
2026/07/28 10:37:12.101, 65.08, 0, 74230, 35
2026/07/28 10:37:13.130, 65.19, 0, 74230, 35
2026/07/28 10:37:14.185, 65.38, 0, 74230, 35
2026/07/28 10:37:15.210, 65.30, 0, 74230, 35
2026/07/28 10:37:16.234, 65.68, 0, 74230, 35
2026/07/28 10:37:17.275, 65.22, 0, 74230, 35
2026/07/28 10:37:18.299, 65.38, 0, 74230, 35
2026/07/28 10:37:19.323, 65.70, 0, 74230, 35
2026/07/28 10:37:20.347, 65.61, 0, 74230, 35
2026/07/28 10:37:21.372, 65.42, 0, 74230, 35
2026/07/28 10:37:22.397, 65.46, 0, 74230, 35
2026/07/28 10:37:23.421, 65.16, 0, 74230, 35
2026/07/28 10:37:24.446, 65.60, 0, 74230, 35
2026/07/28 10:37:25.470, 65.01, 0, 74230, 35
2026/07/28 10:37:26.495, 65.49, 0, 74230, 35
2026/07/28 10:37:27.520, 65.60, 0, 74230, 35
2026/07/28 10:37:28.544, 65.65, 0, 74230, 35
2026/07/28 10:37:30.188, 65.60, 0, 74230, 35
2026/07/28 10:37:31.213, 65.59, 0, 74230, 35
2026/07/28 10:37:32.238, 65.41, 0, 74230, 35
2026/07/28 10:37:33.263, 65.91, 0, 74230, 35
2026/07/28 10:37:34.288, 65.17, 0, 74230, 35
2026/07/28 10:37:35.314, 65.61, 0, 74230, 35
2026/07/28 10:37:36.516, 65.88, 0, 74230, 35
2026/07/28 10:37:37.540, 65.82, 0, 74230, 35
2026/07/28 10:37:38.565, 65.71, 0, 74230, 35
2026/07/28 10:37:39.589, 65.71, 0, 74230, 35
2026/07/28 10:37:40.614, 65.61, 0, 74230, 35
2026/07/28 10:37:41.638, 65.90, 0, 74230, 35
2026/07/28 10:37:42.663, 66.54, 0, 74230, 35
2026/07/28 10:37:43.687, 64.80, 0, 74230, 35
2026/07/28 10:37:44.711, 65.20, 0, 74230, 35
2026/07/28 10:37:45.736, 65.40, 0, 74230, 35
2026/07/28 10:37:46.761, 65.22, 0, 74230, 35
2026/07/28 10:37:47.786, 64.75, 0, 74230, 35
2026/07/28 10:37:48.810, 64.83, 0, 74230, 35
2026/07/28 10:37:49.835, 65.09, 0, 74230, 35
2026/07/28 10:37:50.859, 65.27, 0, 74230, 35
2026/07/28 10:37:51.884, 64.92, 0, 74230, 35
2026/07/28 10:37:52.909, 65.18, 0, 74230, 35
2026/07/28 10:37:53.934, 64.91, 0, 74230, 35
2026/07/28 10:37:54.958, 65.44, 0, 74230, 35
2026/07/28 10:37:55.982, 64.81, 0, 74230, 35
2026/07/28 10:37:57.006, 65.18, 0, 74230, 35
2026/07/28 10:37:58.452, 64.52, 0, 74230, 35
2026/07/28 10:37:59.477, 65.01, 0, 74230, 35
2026/07/28 10:38:00.502, 65.11, 0, 74230, 35
2026/07/28 10:38:01.527, 64.80, 0, 74230, 35
2026/07/28 10:38:02.551, 65.28, 0, 74230, 35
2026/07/28 10:38:03.575, 65.24, 0, 74230, 35
2026/07/28 10:38:04.600, 65.39, 0, 74230, 35
2026/07/28 10:38:05.624, 65.18, 0, 74230, 35
2026/07/28 10:38:06.648, 65.21, 0, 74230, 35
2026/07/28 10:38:07.673, 64.90, 0, 74230, 35
2026/07/28 10:38:08.697, 65.35, 0, 74230, 35
2026/07/28 10:38:09.721, 65.39, 0, 74230, 35
2026/07/28 10:38:11.198, 65.14, 0, 74230, 35
2026/07/28 10:38:12.223, 65.52, 0, 74230, 35
2026/07/28 10:38:13.250, 65.39, 0, 74230, 35
2026/07/28 10:38:14.276, 65.24, 0, 74230, 35
2026/07/28 10:38:15.302, 64.88, 0, 74230, 35
2026/07/28 10:38:16.327, 65.26, 0, 74230, 35
2026/07/28 10:38:17.353, 65.52, 0, 74230, 35
2026/07/28 10:38:18.378, 65.40, 0, 74230, 35
2026/07/28 10:38:20.262, 64.99, 0, 74230, 35
2026/07/28 10:38:21.288, 65.59, 0, 74230, 35
2026/07/28 10:38:22.313, 65.43, 0, 74230, 35
2026/07/28 10:38:23.339, 65.36, 0, 74230, 35
2026/07/28 10:38:24.366, 65.57, 0, 74230, 35
2026/07/28 10:38:25.391, 65.21, 0, 74230, 35
2026/07/28 10:38:26.416, 65.47, 0, 74230, 35
2026/07/28 10:38:28.661, 65.50, 0, 74230, 35
2026/07/28 10:38:29.687, 65.43, 0, 74230, 35
2026/07/28 10:38:30.714, 65.21, 0, 74230, 35
2026/07/28 10:38:31.741, 65.36, 0, 74230, 35
2026/07/28 10:38:32.765, 65.48, 0, 74230, 35
2026/07/28 10:38:34.280, 65.65, 0, 74230, 35
2026/07/28 10:38:35.305, 65.30, 0, 74230, 35
2026/07/28 10:38:36.565, 65.64, 0, 74230, 35
2026/07/28 10:38:37.591, 66.45, 0, 74230, 35
2026/07/28 10:38:38.616, 65.17, 0, 74230, 35
2026/07/28 10:38:39.640, 65.57, 0, 74230, 35
2026/07/28 10:38:40.664, 65.00, 0, 74230, 35
2026/07/28 10:38:41.761, 65.72, 0, 74230, 35
2026/07/28 10:38:42.787, 65.53, 0, 74230, 35
2026/07/28 10:38:43.834, 65.76, 0, 74230, 35
2026/07/28 10:38:44.864, 65.28, 0, 74230, 35
2026/07/28 10:38:45.892, 65.17, 0, 74230, 35
2026/07/28 10:38:46.919, 65.46, 0, 74230, 35
2026/07/28 10:38:47.944, 65.40, 0, 74230, 35
2026/07/28 10:38:48.973, 65.59, 0, 74230, 35
2026/07/28 10:38:49.997, 65.67, 0, 74230, 35
2026/07/28 10:38:51.022, 65.17, 0, 74230, 35
2026/07/28 10:38:52.047, 64.58, 0, 74230, 35
2026/07/28 10:38:53.071, 64.68, 0, 74230, 35
2026/07/28 10:38:54.096, 65.59, 0, 74230, 35
2026/07/28 10:38:55.120, 65.26, 0, 74230, 35
2026/07/28 10:38:56.144, 64.93, 0, 74230, 35
2026/07/28 10:38:57.171, 64.95, 0, 74230, 35
2026/07/28 10:38:58.196, 65.01, 0, 74230, 35
2026/07/28 10:38:59.221, 66.11, 0, 74230, 35
2026/07/28 10:39:00.245, 65.00, 0, 74230, 35
2026/07/28 10:39:01.269, 64.96, 0, 74230, 35
2026/07/28 10:39:02.297, 65.50, 0, 74230, 35
2026/07/28 10:39:03.365, 65.41, 0, 74230, 35
2026/07/28 10:39:04.391, 65.24, 0, 74230, 35
2026/07/28 10:39:05.416, 65.39, 0, 74230, 35
2026/07/28 10:39:06.441, 65.24, 0, 74230, 35
2026/07/28 10:39:08.308, 65.19, 0, 74230, 35
2026/07/28 10:39:09.334, 65.38, 0, 74230, 35
2026/07/28 10:39:10.415, 65.65, 0, 74230, 35
2026/07/28 10:39:11.865, 65.20, 0, 74230, 35
2026/07/28 10:39:12.964, 65.98, 0, 74230, 35
2026/07/28 10:39:14.003, 65.18, 0, 74230, 35
2026/07/28 10:39:15.027, 65.21, 0, 74230, 35
2026/07/28 10:39:17.101, 65.11, 0, 74230, 35
2026/07/28 10:39:18.125, 65.37, 0, 74230, 35
2026/07/28 10:39:19.150, 65.22, 0, 74230, 35
2026/07/28 10:39:20.315, 65.88, 0, 74230, 35
2026/07/28 10:39:21.338, 65.65, 0, 74230, 35
2026/07/28 10:39:22.363, 65.19, 0, 74230, 35
2026/07/28 10:39:23.387, 65.81, 0, 74230, 35
2026/07/28 10:39:25.106, 65.78, 0, 74230, 35
2026/07/28 10:39:26.130, 65.11, 0, 74230, 35
2026/07/28 10:39:27.154, 65.36, 0, 74230, 35
2026/07/28 10:39:28.252, 65.38, 0, 74230, 35
2026/07/28 10:39:29.276, 65.36, 0, 74230, 35
2026/07/28 10:39:30.301, 65.39, 0, 74230, 35
2026/07/28 10:39:31.326, 66.23, 0, 74230, 35
2026/07/28 10:39:32.351, 65.39, 0, 74230, 35
2026/07/28 10:39:33.378, 65.77, 0, 74230, 35
2026/07/28 10:39:34.510, 65.36, 0, 74230, 35
2026/07/28 10:39:35.540, 65.29, 0, 74230, 35
2026/07/28 10:39:36.572, 66.24, 0, 74230, 35
2026/07/28 10:39:37.616, 64.92, 0, 74230, 35
2026/07/28 10:39:38.640, 65.47, 0, 74230, 35
2026/07/28 10:39:39.664, 65.29, 0, 74230, 35
2026/07/28 10:39:40.689, 65.24, 0, 74230, 35
2026/07/28 10:39:41.714, 64.92, 0, 74230, 35
2026/07/28 10:39:42.740, 65.99, 0, 74230, 35
2026/07/28 10:39:43.765, 65.39, 0, 74230, 35
2026/07/28 10:39:44.790, 65.47, 0, 74230, 35
2026/07/28 10:39:45.814, 65.40, 0, 74230, 35
2026/07/28 10:39:46.838, 65.37, 0, 74230, 35
2026/07/28 10:39:47.863, 64.74, 0, 74230, 35
2026/07/28 10:39:48.890, 65.60, 0, 74230, 35
2026/07/28 10:39:49.915, 65.78, 0, 74230, 35
2026/07/28 10:39:50.940, 65.65, 0, 74230, 35
2026/07/28 10:39:52.055, 65.68, 0, 74230, 35
2026/07/28 10:39:53.082, 65.67, 0, 74230, 35
2026/07/28 10:39:54.107, 65.51, 0, 74230, 35
2026/07/28 10:39:55.155, 66.44, 0, 74230, 35
2026/07/28 10:39:56.182, 65.68, 0, 74230, 35
2026/07/28 10:39:57.312, 65.54, 0, 74230, 35
2026/07/28 10:39:58.337, 64.95, 0, 74230, 35
2026/07/28 10:39:59.371, 64.88, 0, 74230, 35
2026/07/28 10:40:00.406, 65.16, 0, 74230, 35
2026/07/28 10:40:01.431, 65.05, 0, 74230, 35
2026/07/28 10:40:02.455, 64.93, 0, 74230, 35
2026/07/28 10:40:03.481, 65.26, 0, 74230, 35
2026/07/28 10:40:04.507, 65.18, 0, 74230, 35
2026/07/28 10:40:05.532, 65.38, 0, 74230, 35
2026/07/28 10:40:06.558, 65.50, 0, 74230, 35
2026/07/28 10:40:07.582, 65.79, 0, 74230, 35
2026/07/28 10:40:08.607, 65.86, 0, 74230, 35
2026/07/28 10:40:09.631, 65.28, 0, 74230, 35
2026/07/28 10:40:10.656, 65.93, 0, 74230, 35
2026/07/28 10:40:12.259, 65.48, 0, 74230, 35
2026/07/28 10:40:13.284, 65.61, 0, 74230, 35
2026/07/28 10:40:14.309, 64.96, 0, 74230, 35
2026/07/28 10:40:15.634, 64.53, 0, 74230, 35
2026/07/28 10:40:16.708, 65.38, 0, 74230, 35
2026/07/28 10:40:17.733, 65.46, 0, 74230, 35
2026/07/28 10:40:18.760, 65.01, 0, 74230, 35
2026/07/28 10:40:19.787, 64.52, 0, 74230, 35
2026/07/28 10:40:20.812, 65.17, 0, 74230, 35
2026/07/28 10:40:21.836, 64.98, 0, 74230, 35
2026/07/28 10:40:23.755, 65.28, 0, 74230, 35
2026/07/28 10:40:24.780, 65.18, 0, 74230, 35
2026/07/28 10:40:25.804, 65.13, 0, 74230, 35
2026/07/28 10:40:26.829, 65.19, 0, 74230, 35
2026/07/28 10:40:27.854, 65.02, 0, 74230, 35
2026/07/28 10:40:28.880, 65.41, 0, 74230, 35
2026/07/28 10:40:29.905, 65.06, 0, 74230, 35
2026/07/28 10:40:30.930, 65.36, 0, 74230, 35
2026/07/28 10:40:31.955, 65.29, 0, 74230, 35
2026/07/28 10:40:32.982, 65.29, 0, 74230, 35
2026/07/28 10:40:34.011, 65.17, 0, 74230, 35
2026/07/28 10:40:35.074, 64.79, 0, 74230, 35
2026/07/28 10:40:36.103, 65.33, 0, 74230, 35
2026/07/28 10:40:37.148, 65.57, 0, 74230, 35
2026/07/28 10:40:38.174, 65.55, 0, 74230, 35
2026/07/28 10:40:39.200, 65.51, 0, 74230, 35
2026/07/28 10:40:40.226, 65.41, 0, 74230, 35
2026/07/28 10:40:41.251, 64.51, 0, 74230, 35
2026/07/28 10:40:42.277, 65.25, 0, 74230, 35
2026/07/28 10:40:43.302, 65.09, 0, 74230, 35
2026/07/28 10:40:44.328, 65.78, 0, 74230, 35
2026/07/28 10:40:45.352, 65.76, 0, 74230, 35
2026/07/28 10:40:46.522, 65.36, 0, 74230, 35
2026/07/28 10:40:47.547, 65.68, 0, 74230, 35
2026/07/28 10:40:48.572, 65.65, 0, 74230, 35
2026/07/28 10:40:49.598, 65.62, 0, 74230, 35
2026/07/28 10:40:51.015, 65.61, 0, 74230, 35
2026/07/28 10:40:52.515, 65.61, 0, 74230, 35
2026/07/28 10:40:53.541, 65.60, 0, 74230, 35
2026/07/28 10:40:54.567, 65.68, 0, 74230, 35
2026/07/28 10:40:55.593, 65.71, 0, 74230, 35
2026/07/28 10:40:56.618, 65.64, 0, 74230, 35
2026/07/28 10:40:57.646, 65.58, 0, 74230, 35
2026/07/28 10:40:58.917, 66.04, 0, 74230, 35
2026/07/28 10:40:59.943, 65.67, 0, 74230, 35
2026/07/28 10:41:01.353, 65.38, 0, 74230, 35
2026/07/28 10:41:02.377, 65.45, 0, 74230, 35
2026/07/28 10:41:03.402, 65.46, 0, 74230, 35
2026/07/28 10:41:04.427, 65.67, 0, 74230, 35
2026/07/28 10:41:05.812, 65.08, 0, 74230, 35
2026/07/28 10:41:06.837, 64.77, 0, 74230, 35
2026/07/28 10:41:07.862, 65.08, 0, 74230, 35
2026/07/28 10:41:08.886, 65.45, 0, 74230, 35
2026/07/28 10:41:09.911, 65.03, 0, 74230, 35
2026/07/28 10:41:10.935, 64.97, 0, 74230, 35
2026/07/28 10:41:11.960, 65.22, 0, 74230, 35
2026/07/28 10:41:12.984, 65.73, 0, 74230, 35
2026/07/28 10:41:14.009, 65.23, 0, 74230, 35
2026/07/28 10:41:15.033, 65.27, 0, 74230, 35
2026/07/28 10:41:16.058, 65.33, 0, 74230, 35
2026/07/28 10:41:17.082, 65.17, 0, 74230, 35
2026/07/28 10:41:18.107, 66.02, 0, 74230, 35
2026/07/28 10:41:19.132, 65.18, 0, 74230, 35
2026/07/28 10:41:20.515, 65.22, 0, 74230, 35
2026/07/28 10:41:21.540, 64.71, 0, 74230, 35
2026/07/28 10:41:22.565, 65.32, 0, 74230, 35
2026/07/28 10:41:23.590, 65.23, 0, 74230, 35
2026/07/28 10:41:24.617, 64.80, 0, 74230, 35
2026/07/28 10:41:25.646, 65.02, 0, 74230, 35
2026/07/28 10:41:26.672, 65.34, 0, 74230, 35
2026/07/28 10:41:27.697, 65.00, 0, 74230, 35
2026/07/28 10:41:28.722, 65.45, 0, 74230, 35
2026/07/28 10:41:29.746, 65.47, 0, 74230, 35
2026/07/28 10:41:30.772, 65.49, 0, 74230, 35
2026/07/28 10:41:31.923, 65.25, 0, 74230, 35
2026/07/28 10:41:32.948, 65.59, 0, 74230, 35
2026/07/28 10:41:34.116, 64.97, 0, 74230, 35
2026/07/28 10:41:35.148, 65.60, 0, 74230, 35
2026/07/28 10:41:36.176, 64.83, 0, 74230, 35
2026/07/28 10:41:37.205, 65.40, 0, 74230, 35
2026/07/28 10:41:38.233, 65.08, 0, 74230, 35
2026/07/28 10:41:39.263, 65.57, 0, 74230, 35
2026/07/28 10:41:40.294, 65.35, 0, 74230, 35
2026/07/28 10:41:41.323, 65.45, 0, 74230, 35
2026/07/28 10:41:42.352, 65.32, 0, 74230, 35
2026/07/28 10:41:43.382, 65.70, 0, 74230, 35
2026/07/28 10:41:44.412, 65.45, 0, 74230, 35
2026/07/28 10:41:45.522, 65.66, 0, 74230, 35
2026/07/28 10:41:46.551, 65.69, 0, 74230, 35
2026/07/28 10:41:47.581, 65.17, 0, 74230, 35
2026/07/28 10:41:48.611, 65.62, 0, 74230, 35
2026/07/28 10:41:49.642, 65.47, 0, 74230, 35
2026/07/28 10:41:50.672, 65.39, 0, 74230, 35
2026/07/28 10:41:51.702, 65.40, 0, 74230, 35
2026/07/28 10:41:52.730, 65.36, 0, 74230, 35
2026/07/28 10:41:53.760, 66.06, 0, 74230, 35
2026/07/28 10:41:54.790, 65.46, 0, 74230, 35
2026/07/28 10:41:55.820, 65.41, 0, 74230, 35
2026/07/28 10:41:56.907, 65.68, 0, 74230, 35
2026/07/28 10:41:57.938, 64.80, 0, 74230, 35
2026/07/28 10:41:58.969, 65.66, 0, 74230, 35
2026/07/28 10:41:59.999, 65.81, 0, 74230, 35
2026/07/28 10:42:01.029, 65.70, 0, 74230, 35
2026/07/28 10:42:02.059, 65.40, 0, 74230, 35
2026/07/28 10:42:03.090, 65.50, 0, 74230, 35
2026/07/28 10:42:04.120, 65.87, 0, 74230, 35
2026/07/28 10:42:05.150, 65.54, 0, 74230, 35
2026/07/28 10:42:06.180, 65.41, 0, 74230, 35
2026/07/28 10:42:07.211, 65.57, 0, 74230, 35
2026/07/28 10:42:08.243, 65.76, 0, 74230, 35
2026/07/28 10:42:09.273, 65.66, 0, 74230, 35
2026/07/28 10:42:10.303, 65.76, 0, 74230, 35
2026/07/28 10:42:11.333, 65.84, 0, 74230, 35
2026/07/28 10:42:12.363, 64.85, 0, 74230, 35
2026/07/28 10:42:13.392, 65.57, 0, 74230, 35
2026/07/28 10:42:14.422, 65.95, 0, 74230, 35
2026/07/28 10:42:15.455, 65.18, 0, 74230, 35
2026/07/28 10:42:16.485, 65.28, 0, 74230, 35
2026/07/28 10:42:18.328, 65.02, 0, 74230, 35
2026/07/28 10:42:19.358, 65.50, 0, 74230, 35
2026/07/28 10:42:20.387, 65.87, 0, 74230, 35
2026/07/28 10:42:21.419, 65.11, 0, 74230, 35
2026/07/28 10:42:22.449, 65.51, 0, 74230, 35
2026/07/28 10:42:23.479, 65.20, 0, 74230, 35
2026/07/28 10:42:24.511, 65.31, 0, 74230, 35
2026/07/28 10:42:25.540, 65.20, 0, 74230, 35
2026/07/28 10:42:27.229, 65.32, 0, 74230, 35
2026/07/28 10:42:28.512, 65.29, 0, 74230, 35
2026/07/28 10:42:29.541, 65.28, 0, 74230, 35
2026/07/28 10:42:30.572, 66.43, 0, 74230, 35
2026/07/28 10:42:31.606, 65.51, 0, 74230, 35
2026/07/28 10:42:32.640, 65.24, 0, 74230, 35
2026/07/28 10:42:33.668, 65.01, 0, 74230, 35
2026/07/28 10:42:35.879, 65.25, 0, 74230, 35
2026/07/28 10:42:36.903, 64.50, 0, 74230, 35
2026/07/28 10:42:38.337, 65.14, 0, 74230, 35
2026/07/28 10:42:39.370, 65.39, 0, 74230, 35
2026/07/28 10:42:40.398, 65.38, 0, 74230, 35
2026/07/28 10:42:42.223, 65.19, 0, 74230, 35
2026/07/28 10:42:43.249, 65.59, 0, 74230, 35
2026/07/28 10:42:44.279, 65.33, 0, 74230, 35
2026/07/28 10:42:45.408, 65.46, 0, 74230, 35
2026/07/28 10:42:46.433, 65.47, 0, 74230, 35
2026/07/28 10:42:47.461, 65.30, 0, 74230, 35
2026/07/28 10:42:48.559, 65.99, 0, 74230, 35
2026/07/28 10:42:49.590, 65.61, 0, 74230, 35
2026/07/28 10:42:50.882, 64.84, 0, 74230, 35
2026/07/28 10:42:51.912, 65.54, 0, 74230, 35
2026/07/28 10:42:53.164, 65.48, 0, 74230, 35
2026/07/28 10:42:54.194, 65.87, 0, 74230, 35
2026/07/28 10:42:55.224, 65.65, 0, 74230, 35
2026/07/28 10:42:56.368, 64.73, 0, 74230, 35
2026/07/28 10:42:57.398, 65.92, 0, 74230, 35
2026/07/28 10:42:58.429, 65.43, 0, 74230, 35
2026/07/28 10:42:59.457, 65.18, 0, 74230, 35
2026/07/28 10:43:00.484, 65.69, 0, 74230, 35
2026/07/28 10:43:01.511, 65.57, 0, 74230, 35
2026/07/28 10:43:02.536, 64.99, 0, 74230, 35
2026/07/28 10:43:03.564, 64.47, 0, 74230, 35
2026/07/28 10:43:04.595, 65.59, 0, 74230, 35
2026/07/28 10:43:05.623, 67.53, 0, 74230, 35
2026/07/28 10:43:06.651, 65.33, 0, 74230, 35
2026/07/28 10:43:07.677, 66.25, 0, 74230, 35
2026/07/28 10:43:08.707, 65.80, 0, 74230, 35
2026/07/28 10:43:09.737, 65.59, 0, 74230, 35
2026/07/28 10:43:11.262, 65.76, 0, 74230, 35
2026/07/28 10:43:12.288, 65.50, 0, 74230, 35
2026/07/28 10:43:13.312, 65.70, 0, 74230, 35
2026/07/28 10:43:14.484, 64.76, 0, 74230, 35
2026/07/28 10:43:15.511, 65.56, 0, 74230, 35
2026/07/28 10:43:16.552, 65.71, 0, 74230, 35
2026/07/28 10:43:17.666, 65.59, 0, 74230, 35
2026/07/28 10:43:18.756, 65.42, 0, 74230, 35
2026/07/28 10:43:20.258, 65.68, 0, 74230, 35
2026/07/28 10:43:21.287, 65.19, 0, 74230, 35
2026/07/28 10:43:22.320, 65.69, 0, 74230, 35
2026/07/28 10:43:23.351, 65.26, 0, 74230, 35
2026/07/28 10:43:24.382, 64.47, 0, 74230, 35
2026/07/28 10:43:25.420, 65.56, 0, 74230, 35
2026/07/28 10:43:26.447, 65.22, 0, 74230, 35
2026/07/28 10:43:27.472, 65.29, 0, 74230, 35
2026/07/28 10:43:28.507, 65.41, 0, 74230, 35
2026/07/28 10:43:29.711, 65.31, 0, 74230, 35
2026/07/28 10:43:31.109, 65.49, 0, 74230, 35
2026/07/28 10:43:32.164, 65.11, 0, 74230, 35
2026/07/28 10:43:33.190, 65.33, 0, 74230, 35
2026/07/28 10:43:34.215, 65.11, 0, 74230, 35
2026/07/28 10:43:35.245, 65.29, 0, 74230, 35
2026/07/28 10:43:36.273, 65.28, 0, 74230, 35
2026/07/28 10:43:37.318, 65.30, 0, 74230, 35
2026/07/28 10:43:38.561, 65.10, 0, 74230, 35
2026/07/28 10:43:39.615, 65.69, 0, 74230, 35
2026/07/28 10:43:40.869, 65.31, 0, 74230, 35
2026/07/28 10:43:41.955, 65.24, 0, 74230, 35
2026/07/28 10:43:43.112, 65.38, 0, 74230, 35
2026/07/28 10:43:44.136, 65.77, 0, 74230, 35
2026/07/28 10:43:45.166, 65.57, 0, 74230, 35
2026/07/28 10:43:46.191, 65.23, 0, 74230, 35
2026/07/28 10:43:47.220, 65.40, 0, 74230, 35
2026/07/28 10:43:48.247, 65.25, 0, 74230, 35
2026/07/28 10:43:49.271, 64.72, 0, 74230, 35
2026/07/28 10:43:50.296, 65.20, 0, 74230, 35
2026/07/28 10:43:51.325, 65.51, 0, 74230, 35
2026/07/28 10:43:53.407, 65.86, 0, 74230, 35
2026/07/28 10:43:54.436, 65.39, 0, 74230, 35
2026/07/28 10:43:55.467, 65.41, 0, 74230, 35
2026/07/28 10:43:57.304, 65.47, 0, 74230, 35
2026/07/28 10:43:58.333, 64.81, 0, 74230, 35
2026/07/28 10:43:59.360, 65.47, 0, 74230, 35
2026/07/28 10:44:00.385, 65.88, 0, 74230, 35
2026/07/28 10:44:01.437, 65.39, 0, 74230, 35
2026/07/28 10:44:02.464, 66.27, 0, 74230, 35
2026/07/28 10:44:03.493, 65.49, 0, 74230, 35
2026/07/28 10:44:04.523, 65.68, 0, 74230, 35
2026/07/28 10:44:05.552, 65.49, 0, 74230, 35
2026/07/28 10:44:06.582, 66.43, 0, 74230, 35
2026/07/28 10:44:07.608, 65.53, 0, 74230, 35
2026/07/28 10:44:08.658, 65.78, 0, 74230, 35
2026/07/28 10:44:09.689, 65.64, 0, 74230, 35
2026/07/28 10:44:10.721, 64.67, 0, 74230, 35
2026/07/28 10:44:11.756, 65.86, 0, 74230, 35
2026/07/28 10:44:12.816, 66.15, 0, 74230, 35
2026/07/28 10:44:13.874, 65.51, 0, 74230, 35
2026/07/28 10:44:14.927, 65.67, 0, 74230, 35
2026/07/28 10:44:15.968, 65.81, 0, 74230, 35
2026/07/28 10:44:17.128, 65.30, 0, 74230, 35
2026/07/28 10:44:18.170, 65.56, 0, 74230, 35
2026/07/28 10:44:19.201, 66.08, 0, 74230, 35
2026/07/28 10:44:20.234, 65.59, 0, 74230, 35
2026/07/28 10:44:21.264, 65.39, 0, 74230, 35
2026/07/28 10:44:22.298, 65.76, 0, 74230, 35
2026/07/28 10:44:23.329, 65.78, 0, 74230, 35
2026/07/28 10:44:24.367, 66.94, 0, 74230, 35
2026/07/28 10:44:25.400, 65.69, 0, 74230, 35
2026/07/28 10:44:26.430, 64.97, 0, 74230, 35
2026/07/28 10:44:27.469, 65.28, 0, 74230, 35
2026/07/28 10:44:28.500, 65.10, 0, 74230, 35
2026/07/28 10:44:29.534, 65.37, 0, 74230, 35
2026/07/28 10:44:30.723, 65.21, 0, 74230, 35
2026/07/28 10:44:31.760, 64.98, 0, 74230, 35
2026/07/28 10:44:32.855, 65.98, 0, 74230, 35
2026/07/28 10:44:33.928, 65.18, 0, 74230, 35
2026/07/28 10:44:34.959, 66.04, 0, 74230, 35
2026/07/28 10:44:35.991, 65.09, 0, 74230, 35
2026/07/28 10:44:37.066, 65.40, 0, 74230, 35
2026/07/28 10:44:38.675, 65.35, 0, 74230, 35
2026/07/28 10:44:39.706, 65.29, 0, 74230, 35
2026/07/28 10:44:40.739, 65.44, 0, 74230, 35
2026/07/28 10:44:41.770, 65.38, 0, 74230, 35
2026/07/28 10:44:42.801, 65.38, 0, 74230, 35
2026/07/28 10:44:43.832, 65.49, 0, 74230, 35
2026/07/28 10:44:44.863, 65.49, 0, 74230, 35
2026/07/28 10:44:45.894, 65.18, 0, 74230, 35
2026/07/28 10:44:46.924, 65.39, 0, 74230, 35
2026/07/28 10:44:47.958, 65.19, 0, 74230, 35
2026/07/28 10:44:50.163, 65.20, 0, 74230, 35
2026/07/28 10:44:51.195, 64.90, 0, 74230, 35
2026/07/28 10:44:52.225, 65.40, 0, 74230, 35
2026/07/28 10:44:53.569, 65.28, 0, 74230, 35
2026/07/28 10:44:54.600, 65.38, 0, 74230, 35
2026/07/28 10:44:56.073, 65.40, 0, 74230, 35
2026/07/28 10:44:57.103, 65.39, 0, 74230, 35
2026/07/28 10:44:58.129, 65.53, 0, 74230, 35
2026/07/28 10:44:59.233, 65.42, 0, 74230, 35
2026/07/28 10:45:00.260, 65.57, 0, 74230, 35
2026/07/28 10:45:01.291, 65.59, 0, 74230, 35
2026/07/28 10:45:02.322, 65.39, 0, 74230, 35
2026/07/28 10:45:03.352, 65.28, 0, 74230, 35
2026/07/28 10:45:04.385, 64.69, 0, 74230, 35
2026/07/28 10:45:05.412, 65.51, 0, 74230, 35
2026/07/28 10:45:06.487, 65.34, 0, 74230, 35
2026/07/28 10:45:07.607, 66.06, 0, 74230, 35
2026/07/28 10:45:08.638, 65.47, 0, 74230, 35
2026/07/28 10:45:09.665, 65.67, 0, 74230, 35
2026/07/28 10:45:10.695, 65.65, 0, 74230, 35
2026/07/28 10:45:11.725, 65.36, 0, 74230, 35
2026/07/28 10:45:12.757, 66.34, 0, 74230, 35
2026/07/28 10:45:13.791, 65.41, 0, 74230, 35
2026/07/28 10:45:14.823, 65.57, 0, 74230, 35
2026/07/28 10:45:15.851, 65.67, 0, 74230, 35
2026/07/28 10:45:16.883, 65.12, 0, 74230, 35
2026/07/28 10:45:17.915, 65.30, 0, 74230, 35
2026/07/28 10:45:18.946, 65.49, 0, 74230, 35
2026/07/28 10:45:19.975, 65.67, 0, 74230, 35
2026/07/28 10:45:21.353, 65.61, 0, 74230, 35
2026/07/28 10:45:22.559, 65.21, 0, 74230, 35
2026/07/28 10:45:23.628, 65.81, 0, 74230, 35
2026/07/28 10:45:24.673, 65.64, 0, 74230, 35
2026/07/28 10:45:25.705, 65.69, 0, 74230, 35
2026/07/28 10:45:26.765, 65.76, 0, 74230, 35
2026/07/28 10:45:27.840, 65.69, 0, 74230, 35
2026/07/28 10:45:28.874, 65.57, 0, 74230, 35
2026/07/28 10:45:29.938, 65.47, 0, 74230, 35
2026/07/28 10:45:30.979, 66.11, 0, 74230, 35
2026/07/28 10:45:32.012, 65.74, 0, 74230, 35
2026/07/28 10:45:33.062, 64.88, 0, 74230, 35
2026/07/28 10:45:34.113, 65.47, 0, 74230, 35
2026/07/28 10:45:35.144, 65.38, 0, 74230, 35
2026/07/28 10:45:36.174, 65.40, 0, 74230, 35
2026/07/28 10:45:37.207, 65.00, 0, 74230, 35
2026/07/28 10:45:38.239, 65.20, 0, 74230, 35
2026/07/28 10:45:39.270, 65.08, 0, 74230, 35
2026/07/28 10:45:40.301, 65.22, 0, 74230, 35
2026/07/28 10:45:41.477, 65.27, 0, 74230, 35
2026/07/28 10:45:42.508, 65.33, 0, 74230, 35
2026/07/28 10:45:43.615, 64.92, 0, 74230, 35
2026/07/28 10:45:44.644, 65.42, 0, 74230, 35
2026/07/28 10:45:45.673, 65.31, 0, 74230, 35
2026/07/28 10:45:46.704, 64.98, 0, 74230, 35
2026/07/28 10:45:47.734, 65.39, 0, 74230, 35
2026/07/28 10:45:48.766, 65.11, 0, 74230, 35
2026/07/28 10:45:49.797, 65.20, 0, 74230, 35
2026/07/28 10:45:50.826, 65.30, 0, 74230, 35
2026/07/28 10:45:51.854, 65.39, 0, 74230, 35
2026/07/28 10:45:52.885, 65.28, 0, 74230, 35
2026/07/28 10:45:53.915, 65.36, 0, 74230, 35
2026/07/28 10:45:54.945, 65.39, 0, 74230, 35
2026/07/28 10:45:56.023, 65.40, 0, 74230, 35
2026/07/28 10:45:57.119, 64.36, 0, 74230, 35
2026/07/28 10:45:58.159, 65.24, 0, 74230, 35
2026/07/28 10:45:59.190, 65.41, 0, 74230, 35
2026/07/28 10:46:00.222, 65.28, 0, 74230, 35
2026/07/28 10:46:01.254, 64.71, 0, 74230, 35
2026/07/28 10:46:02.287, 65.95, 0, 74230, 35
2026/07/28 10:46:03.320, 66.07, 0, 74230, 35
2026/07/28 10:46:04.350, 65.27, 0, 74230, 35
2026/07/28 10:46:05.380, 65.06, 0, 74230, 35
2026/07/28 10:46:06.411, 66.07, 0, 74230, 35
2026/07/28 10:46:07.441, 65.55, 0, 74230, 35
2026/07/28 10:46:08.468, 65.52, 0, 74230, 35
2026/07/28 10:46:09.498, 65.44, 0, 74230, 35
2026/07/28 10:46:10.527, 65.48, 0, 74230, 35
2026/07/28 10:46:11.562, 65.57, 0, 74230, 35
2026/07/28 10:46:12.595, 65.68, 0, 74230, 35
2026/07/28 10:46:13.627, 65.85, 0, 74230, 35
2026/07/28 10:46:14.659, 65.26, 0, 74230, 35
2026/07/28 10:46:15.692, 65.36, 0, 74230, 35
2026/07/28 10:46:16.951, 65.50, 0, 74230, 35
2026/07/28 10:46:17.977, 65.47, 0, 74230, 35
2026/07/28 10:46:19.002, 65.59, 0, 74230, 35
2026/07/28 10:46:20.032, 65.59, 0, 74230, 35
2026/07/28 10:46:21.059, 66.15, 0, 74230, 35
2026/07/28 10:46:22.085, 66.46, 0, 74230, 35
2026/07/28 10:46:23.110, 65.68, 0, 74230, 35
2026/07/28 10:46:24.135, 65.82, 0, 74230, 35
2026/07/28 10:46:25.166, 65.67, 0, 74230, 35
2026/07/28 10:46:26.198, 65.32, 0, 74230, 35
2026/07/28 10:46:27.230, 65.57, 0, 74230, 35
2026/07/28 10:46:28.260, 65.55, 0, 74230, 35
2026/07/28 10:46:29.290, 66.15, 0, 74230, 35
2026/07/28 10:46:30.322, 65.78, 0, 74230, 35
2026/07/28 10:46:31.354, 65.88, 0, 74230, 35
2026/07/28 10:46:32.386, 65.17, 0, 74230, 35
2026/07/28 10:46:33.420, 65.95, 0, 74230, 35
2026/07/28 10:46:34.452, 66.13, 0, 74230, 35
2026/07/28 10:46:35.484, 65.72, 0, 74230, 35
2026/07/28 10:46:36.511, 65.53, 0, 74230, 35
2026/07/28 10:46:37.543, 65.64, 0, 74230, 35
2026/07/28 10:46:38.575, 66.00, 0, 74230, 35
2026/07/28 10:46:39.608, 65.78, 0, 74230, 35
2026/07/28 10:46:40.639, 65.28, 0, 74230, 35
2026/07/28 10:46:41.669, 65.26, 0, 74230, 35
2026/07/28 10:46:42.701, 64.97, 0, 74230, 35
2026/07/28 10:46:43.730, 65.57, 0, 74230, 35
2026/07/28 10:46:44.760, 65.14, 0, 74230, 35
2026/07/28 10:46:45.792, 64.24, 0, 74230, 35
2026/07/28 10:46:46.824, 65.38, 0, 74230, 35
2026/07/28 10:46:47.855, 65.31, 0, 74230, 35
2026/07/28 10:46:48.886, 65.47, 0, 74230, 35
2026/07/28 10:46:49.918, 65.33, 0, 74230, 35
2026/07/28 10:46:50.974, 65.70, 0, 74230, 35
2026/07/28 10:46:52.006, 64.89, 0, 74230, 35
2026/07/28 10:46:53.037, 64.93, 0, 74230, 35
2026/07/28 10:46:54.067, 65.10, 0, 74230, 35
2026/07/28 10:46:55.098, 65.20, 0, 74230, 35
2026/07/28 10:46:56.128, 65.36, 0, 74230, 35
2026/07/28 10:46:57.158, 65.35, 0, 74230, 35
2026/07/28 10:46:58.191, 65.24, 0, 74230, 35
2026/07/28 10:46:59.223, 65.88, 0, 74230, 35
2026/07/28 10:47:00.670, 65.51, 0, 74230, 35
2026/07/28 10:47:01.703, 65.11, 0, 74230, 35
2026/07/28 10:47:02.734, 65.68, 0, 74230, 35
2026/07/28 10:47:03.765, 65.47, 0, 74230, 35
2026/07/28 10:47:04.796, 65.37, 0, 74230, 35
2026/07/28 10:47:05.937, 65.45, 0, 74230, 35
2026/07/28 10:47:06.970, 65.28, 0, 74230, 35
2026/07/28 10:47:08.002, 65.68, 0, 74230, 35
2026/07/28 10:47:09.033, 65.40, 0, 74230, 35
2026/07/28 10:47:10.069, 66.46, 0, 74230, 35
2026/07/28 10:47:11.102, 65.30, 0, 74230, 35
2026/07/28 10:47:12.135, 65.25, 0, 74230, 35
2026/07/28 10:47:13.168, 65.58, 0, 74230, 35
2026/07/28 10:47:14.236, 65.31, 0, 74230, 35
2026/07/28 10:47:15.268, 65.49, 0, 74230, 35
2026/07/28 10:47:16.425, 65.58, 0, 74230, 35
2026/07/28 10:47:17.458, 65.49, 0, 74230, 35
2026/07/28 10:47:18.592, 65.59, 0, 74230, 35
2026/07/28 10:47:19.624, 65.42, 0, 74230, 35
2026/07/28 10:47:20.656, 65.54, 0, 74230, 35
2026/07/28 10:47:21.687, 65.09, 0, 74230, 35
2026/07/28 10:47:22.716, 65.61, 0, 74230, 35
2026/07/28 10:47:23.749, 65.54, 0, 74230, 35
2026/07/28 10:47:24.780, 65.38, 0, 74230, 35
2026/07/28 10:47:25.810, 65.00, 0, 74230, 35
2026/07/28 10:47:26.840, 65.48, 0, 74230, 35
2026/07/28 10:47:27.871, 65.78, 0, 74230, 35
2026/07/28 10:47:28.897, 65.38, 0, 74230, 35
2026/07/28 10:47:29.927, 65.68, 0, 74230, 35
2026/07/28 10:47:30.959, 65.69, 0, 74230, 35
2026/07/28 10:47:31.991, 65.92, 0, 74230, 35
2026/07/28 10:47:33.023, 65.54, 0, 74230, 35
2026/07/28 10:47:34.054, 66.15, 0, 74230, 35
2026/07/28 10:47:35.084, 65.99, 0, 74230, 35
2026/07/28 10:47:36.162, 65.72, 0, 74230, 35
2026/07/28 10:47:37.192, 65.68, 0, 74230, 35
2026/07/28 10:47:38.224, 65.66, 0, 74230, 35
2026/07/28 10:47:40.286, 65.82, 0, 74230, 35
2026/07/28 10:47:41.318, 66.24, 0, 74230, 35
2026/07/28 10:47:42.349, 66.03, 0, 74230, 35
2026/07/28 10:47:43.381, 65.34, 0, 74230, 35
2026/07/28 10:47:44.412, 65.59, 0, 74230, 35
2026/07/28 10:47:45.444, 66.53, 0, 74230, 35
2026/07/28 10:47:46.476, 66.51, 0, 74230, 35
2026/07/28 10:47:47.508, 64.98, 0, 74230, 35
2026/07/28 10:47:48.543, 65.42, 0, 74230, 35
2026/07/28 10:47:49.576, 65.20, 0, 74230, 35
2026/07/28 10:47:50.809, 65.19, 0, 74230, 35
2026/07/28 10:47:51.839, 65.07, 0, 74230, 35
2026/07/28 10:47:52.868, 65.20, 0, 74230, 35
2026/07/28 10:47:53.898, 65.61, 0, 74230, 35
2026/07/28 10:47:54.930, 64.66, 0, 74230, 35
2026/07/28 10:47:55.962, 65.25, 0, 74230, 35
2026/07/28 10:47:56.996, 64.98, 0, 74230, 35
2026/07/28 10:47:58.082, 65.49, 0, 74230, 35
2026/07/28 10:47:59.129, 65.10, 0, 74230, 35
2026/07/28 10:48:00.359, 65.22, 0, 74230, 35
2026/07/28 10:48:01.465, 65.34, 0, 74230, 35
2026/07/28 10:48:02.521, 64.81, 0, 74230, 35
2026/07/28 10:48:03.558, 65.92, 0, 74230, 35
2026/07/28 10:48:04.589, 64.88, 0, 74230, 35
2026/07/28 10:48:05.664, 65.12, 0, 74230, 35
2026/07/28 10:48:06.690, 65.22, 0, 74230, 35
2026/07/28 10:48:07.722, 65.61, 0, 74230, 35
2026/07/28 10:48:08.754, 65.28, 0, 74230, 35
2026/07/28 10:48:09.787, 64.89, 0, 74230, 35
2026/07/28 10:48:10.993, 65.19, 0, 74230, 35
2026/07/28 10:48:12.026, 65.63, 0, 74230, 35
2026/07/28 10:48:13.375, 65.47, 0, 74230, 35
2026/07/28 10:48:14.404, 65.39, 0, 74230, 35
2026/07/28 10:48:15.434, 64.90, 0, 74230, 35
2026/07/28 10:48:16.465, 65.00, 0, 74230, 35
2026/07/28 10:48:17.498, 65.44, 0, 74230, 35
2026/07/28 10:48:18.529, 65.18, 0, 74230, 35
2026/07/28 10:48:19.559, 65.31, 0, 74230, 35
2026/07/28 10:48:20.590, 65.21, 0, 74230, 35
2026/07/28 10:48:21.621, 65.26, 0, 74230, 35
2026/07/28 10:48:22.650, 65.28, 0, 74230, 35
2026/07/28 10:48:23.681, 65.36, 0, 74230, 35
2026/07/28 10:48:24.713, 65.68, 0, 74230, 35
2026/07/28 10:48:25.742, 65.38, 0, 74230, 35
2026/07/28 10:48:26.772, 65.48, 0, 74230, 35
2026/07/28 10:48:27.804, 65.52, 0, 74230, 35
2026/07/28 10:48:28.836, 65.65, 0, 74230, 35
2026/07/28 10:48:29.870, 65.58, 0, 74230, 35
2026/07/28 10:48:30.899, 65.64, 0, 74230, 35
2026/07/28 10:48:31.942, 65.11, 0, 74230, 35
2026/07/28 10:48:32.973, 65.80, 0, 74230, 35
2026/07/28 10:48:34.002, 65.10, 0, 74230, 35
2026/07/28 10:48:35.035, 65.00, 0, 74230, 35
2026/07/28 10:48:36.067, 65.59, 0, 74230, 35
2026/07/28 10:48:37.096, 65.24, 0, 74230, 35
2026/07/28 10:48:38.130, 65.38, 0, 74230, 35
2026/07/28 10:48:39.162, 65.46, 0, 74230, 35
2026/07/28 10:48:40.227, 65.11, 0, 74230, 35
2026/07/28 10:48:41.812, 65.54, 0, 74230, 35
2026/07/28 10:48:42.846, 65.24, 0, 74230, 35
2026/07/28 10:48:44.235, 65.91, 0, 74230, 35
2026/07/28 10:48:46.358, 65.45, 0, 74230, 35
2026/07/28 10:48:47.388, 65.77, 0, 74230, 35
2026/07/28 10:48:48.422, 65.58, 0, 74230, 35
2026/07/28 10:48:49.837, 65.67, 0, 74230, 35
2026/07/28 10:48:50.870, 65.67, 0, 74230, 35
2026/07/28 10:48:51.983, 65.84, 0, 74230, 35
2026/07/28 10:48:53.014, 66.47, 0, 74230, 35
2026/07/28 10:48:54.050, 65.28, 0, 74230, 35
2026/07/28 10:48:55.081, 65.24, 0, 74230, 35
2026/07/28 10:48:56.114, 65.46, 0, 74230, 35
2026/07/28 10:48:57.147, 64.49, 0, 74230, 35
2026/07/28 10:48:58.239, 65.45, 0, 74230, 35
2026/07/28 10:48:59.272, 65.46, 0, 74230, 35
2026/07/28 10:49:00.302, 65.47, 0, 74230, 35
2026/07/28 10:49:01.333, 65.04, 0, 74230, 35
2026/07/28 10:49:02.369, 65.55, 0, 74230, 35
2026/07/28 10:49:03.401, 65.28, 0, 74230, 35
2026/07/28 10:49:04.432, 65.28, 0, 74230, 35
2026/07/28 10:49:05.470, 65.73, 0, 74230, 35
2026/07/28 10:49:06.501, 65.21, 0, 74230, 35
2026/07/28 10:49:07.561, 65.52, 0, 74230, 35
2026/07/28 10:49:08.596, 65.07, 0, 74230, 35
2026/07/28 10:49:09.676, 65.18, 0, 74230, 35
2026/07/28 10:49:10.759, 65.48, 0, 74230, 35
2026/07/28 10:49:11.818, 65.36, 0, 74230, 35
2026/07/28 10:49:12.912, 65.38, 0, 74230, 35
2026/07/28 10:49:13.941, 64.93, 0, 74230, 35
2026/07/28 10:49:15.051, 65.35, 0, 74230, 35
2026/07/28 10:49:16.115, 66.05, 0, 74230, 35
2026/07/28 10:49:17.167, 64.84, 0, 74230, 35
2026/07/28 10:49:18.197, 65.32, 0, 74230, 35
2026/07/28 10:49:19.227, 65.26, 0, 74230, 35
2026/07/28 10:49:20.315, 64.79, 0, 74230, 35
2026/07/28 10:49:21.346, 65.69, 0, 74230, 35
2026/07/28 10:49:22.375, 65.17, 0, 74230, 35
2026/07/28 10:49:23.406, 65.35, 0, 74230, 35
2026/07/28 10:49:24.437, 64.75, 0, 74230, 35
2026/07/28 10:49:25.470, 65.45, 0, 74230, 35
2026/07/28 10:49:26.522, 65.64, 0, 74230, 35
2026/07/28 10:49:27.554, 65.76, 0, 74230, 35
2026/07/28 10:49:28.585, 65.32, 0, 74230, 35
2026/07/28 10:49:29.615, 65.06, 0, 74230, 35
2026/07/28 10:49:30.646, 65.45, 0, 74230, 35
2026/07/28 10:49:31.679, 66.08, 0, 74230, 35
2026/07/28 10:49:32.714, 65.47, 0, 74230, 35
2026/07/28 10:49:33.744, 65.21, 0, 74230, 35
2026/07/28 10:49:34.781, 65.11, 0, 74230, 35
2026/07/28 10:49:35.814, 65.18, 0, 74230, 35
2026/07/28 10:49:36.848, 64.88, 0, 74230, 35
2026/07/28 10:49:37.879, 65.72, 0, 74230, 35
2026/07/28 10:49:38.914, 66.07, 0, 74230, 35
2026/07/28 10:49:39.947, 65.24, 0, 74230, 35
2026/07/28 10:49:40.991, 65.43, 0, 74230, 35
2026/07/28 10:49:42.020, 65.56, 0, 74230, 35
2026/07/28 10:49:43.061, 65.62, 0, 74230, 35
2026/07/28 10:49:44.177, 65.55, 0, 74230, 35
2026/07/28 10:49:45.329, 65.59, 0, 74230, 35
2026/07/28 10:49:46.418, 65.46, 0, 74230, 35
2026/07/28 10:49:47.444, 66.42, 0, 74230, 35
2026/07/28 10:49:48.515, 65.78, 0, 74230, 35
2026/07/28 10:49:49.577, 65.67, 0, 74230, 35
2026/07/28 10:49:50.636, 65.57, 0, 74230, 35
2026/07/28 10:49:51.767, 66.32, 0, 74230, 35
2026/07/28 10:49:52.797, 65.51, 0, 74230, 35
2026/07/28 10:49:53.915, 65.62, 0, 74230, 35
2026/07/28 10:49:55.158, 65.76, 0, 74230, 35
2026/07/28 10:49:56.190, 65.85, 0, 74230, 35
2026/07/28 10:49:57.221, 65.65, 0, 74230, 35
2026/07/28 10:49:58.252, 66.44, 0, 74230, 35
2026/07/28 10:49:59.285, 65.37, 0, 74230, 35
2026/07/28 10:50:00.317, 65.86, 0, 74230, 35
2026/07/28 10:50:01.360, 65.25, 0, 74230, 35
2026/07/28 10:50:02.392, 65.47, 0, 74230, 35
2026/07/28 10:50:03.425, 65.37, 0, 74230, 35
2026/07/28 10:50:04.457, 65.22, 0, 74230, 35
2026/07/28 10:50:05.488, 64.90, 0, 74230, 35
2026/07/28 10:50:06.521, 65.57, 0, 74230, 35
2026/07/28 10:50:07.552, 65.07, 0, 74230, 35
2026/07/28 10:50:08.582, 65.10, 0, 74230, 35
2026/07/28 10:50:09.614, 65.35, 0, 74230, 35
2026/07/28 10:50:10.645, 65.70, 0, 74230, 35
2026/07/28 10:50:11.679, 65.35, 0, 74230, 35
2026/07/28 10:50:12.712, 65.38, 0, 74230, 35
2026/07/28 10:50:13.743, 65.82, 0, 74230, 35
2026/07/28 10:50:14.773, 65.59, 0, 74230, 35
2026/07/28 10:50:15.806, 65.10, 0, 74230, 35
2026/07/28 10:50:17.126, 64.90, 0, 74230, 35
2026/07/28 10:50:18.168, 65.39, 0, 74230, 35
2026/07/28 10:50:19.200, 65.11, 0, 74230, 35
2026/07/28 10:50:20.230, 65.57, 0, 74230, 35
2026/07/28 10:50:21.273, 64.87, 0, 74230, 35
2026/07/28 10:50:22.317, 65.42, 0, 74230, 35
2026/07/28 10:50:23.350, 65.41, 0, 74230, 35
2026/07/28 10:50:24.381, 65.82, 0, 74230, 35
2026/07/28 10:50:25.412, 65.39, 0, 74230, 35
2026/07/28 10:50:26.444, 65.47, 0, 74230, 35
2026/07/28 10:50:27.537, 65.47, 0, 74230, 35
2026/07/28 10:50:28.568, 65.31, 0, 74230, 35
2026/07/28 10:50:29.626, 65.25, 0, 74230, 35
2026/07/28 10:50:30.657, 65.45, 0, 74230, 35
2026/07/28 10:50:31.687, 65.49, 0, 74230, 35
2026/07/28 10:50:32.719, 65.39, 0, 74230, 35
2026/07/28 10:50:33.751, 66.06, 0, 74230, 35
2026/07/28 10:50:34.784, 65.45, 0, 74230, 35
2026/07/28 10:50:35.817, 65.47, 0, 74230, 35
2026/07/28 10:50:36.849, 65.41, 0, 74230, 35
2026/07/28 10:50:37.881, 65.45, 0, 74230, 35
2026/07/28 10:50:38.913, 65.43, 0, 74230, 35
2026/07/28 10:50:39.945, 65.11, 0, 74230, 35
2026/07/28 10:50:41.035, 64.99, 0, 74230, 35
2026/07/28 10:50:42.067, 65.11, 0, 74230, 35
2026/07/28 10:50:43.099, 65.45, 0, 74230, 35
2026/07/28 10:50:44.130, 65.46, 0, 74230, 35
2026/07/28 10:50:45.163, 65.56, 0, 74230, 35
2026/07/28 10:50:46.548, 65.98, 0, 74230, 35
2026/07/28 10:50:47.579, 65.43, 0, 74230, 35
2026/07/28 10:50:48.609, 65.68, 0, 74230, 35
2026/07/28 10:50:49.641, 65.20, 0, 74230, 35
2026/07/28 10:50:50.673, 65.51, 0, 74230, 35
2026/07/28 10:50:51.705, 65.53, 0, 74230, 35
2026/07/28 10:50:52.737, 65.84, 0, 74230, 35
2026/07/28 10:50:53.769, 65.62, 0, 74230, 35
2026/07/28 10:50:54.821, 65.70, 0, 74230, 35
2026/07/28 10:50:55.853, 65.75, 0, 74230, 35
2026/07/28 10:50:56.888, 65.64, 0, 74230, 35
2026/07/28 10:50:57.922, 66.53, 0, 74230, 35
2026/07/28 10:50:58.952, 65.74, 0, 74230, 35
2026/07/28 10:50:59.984, 66.00, 0, 74230, 35
2026/07/28 10:51:01.018, 66.10, 0, 74230, 35
2026/07/28 10:51:02.049, 65.69, 0, 74230, 35
2026/07/28 10:51:03.080, 66.73, 0, 74230, 35
2026/07/28 10:51:04.114, 65.37, 0, 74230, 35
2026/07/28 10:51:05.220, 65.74, 0, 74230, 35
2026/07/28 10:51:06.250, 65.74, 0, 74230, 35
2026/07/28 10:51:07.281, 66.21, 0, 74230, 35
2026/07/28 10:51:08.311, 65.45, 0, 74230, 35
2026/07/28 10:51:09.342, 64.92, 0, 74230, 35
2026/07/28 10:51:10.373, 65.09, 0, 74230, 35
2026/07/28 10:51:11.399, 65.11, 0, 74230, 35
2026/07/28 10:51:12.429, 64.86, 0, 74230, 35
2026/07/28 10:51:13.459, 64.92, 0, 74230, 35
2026/07/28 10:51:14.489, 65.14, 0, 74230, 35
2026/07/28 10:51:15.520, 65.15, 0, 74230, 35
2026/07/28 10:51:16.550, 65.18, 0, 74230, 35
2026/07/28 10:51:17.579, 64.58, 0, 74230, 35
2026/07/28 10:51:18.608, 65.49, 0, 74230, 35
2026/07/28 10:51:19.639, 64.89, 0, 74230, 35
2026/07/28 10:51:20.668, 65.22, 0, 74230, 35
2026/07/28 10:51:21.698, 65.27, 0, 74230, 35
2026/07/28 10:51:22.728, 65.93, 0, 74230, 35
2026/07/28 10:51:23.759, 65.37, 0, 74230, 35
2026/07/28 10:51:24.790, 65.61, 0, 74230, 35
2026/07/28 10:51:25.867, 65.19, 0, 74230, 35
2026/07/28 10:51:26.898, 65.32, 0, 74230, 35
2026/07/28 10:51:27.929, 65.20, 0, 74230, 35
2026/07/28 10:51:28.961, 65.25, 0, 74230, 35
2026/07/28 10:51:29.991, 65.17, 0, 74230, 35
2026/07/28 10:51:31.022, 65.35, 0, 74230, 35
2026/07/28 10:51:32.053, 65.28, 0, 74230, 35
2026/07/28 10:51:33.083, 65.13, 0, 74230, 35
2026/07/28 10:51:34.114, 65.87, 0, 74230, 35
2026/07/28 10:51:35.146, 65.32, 0, 74230, 35
2026/07/28 10:51:36.179, 64.48, 0, 74230, 35
2026/07/28 10:51:37.211, 65.45, 0, 74230, 35
2026/07/28 10:51:38.243, 65.45, 0, 74230, 35
2026/07/28 10:51:39.274, 65.36, 0, 74230, 35
2026/07/28 10:51:40.317, 65.33, 0, 74230, 35
2026/07/28 10:51:41.353, 65.26, 0, 74230, 35
2026/07/28 10:51:42.385, 65.29, 0, 74230, 35
2026/07/28 10:51:43.871, 65.22, 0, 74230, 35
2026/07/28 10:51:44.912, 65.59, 0, 74230, 35
2026/07/28 10:51:46.014, 65.21, 0, 74230, 35
2026/07/28 10:51:47.130, 65.67, 0, 74230, 35
2026/07/28 10:51:48.161, 65.59, 0, 74230, 35
2026/07/28 10:51:49.191, 65.20, 0, 74230, 35
2026/07/28 10:51:50.221, 65.59, 0, 74230, 35
2026/07/28 10:51:51.251, 65.49, 0, 74230, 35
2026/07/28 10:51:52.281, 65.79, 0, 74230, 35
2026/07/28 10:51:53.312, 65.59, 0, 74230, 35
2026/07/28 10:51:54.342, 65.46, 0, 74230, 35
2026/07/28 10:51:55.369, 65.51, 0, 74230, 35
2026/07/28 10:51:56.400, 65.19, 0, 74230, 35
2026/07/28 10:51:57.445, 65.27, 0, 74230, 35
2026/07/28 10:51:58.478, 64.61, 0, 74230, 35
2026/07/28 10:51:59.509, 65.51, 0, 74230, 35
2026/07/28 10:52:00.544, 65.98, 0, 74230, 35
2026/07/28 10:52:01.577, 65.75, 0, 74230, 35
2026/07/28 10:52:02.610, 65.36, 0, 74230, 35
2026/07/28 10:52:03.642, 65.98, 0, 74230, 35
2026/07/28 10:52:04.673, 65.65, 0, 74230, 35
2026/07/28 10:52:05.705, 65.74, 0, 74230, 35
2026/07/28 10:52:06.739, 65.75, 0, 74230, 35
2026/07/28 10:52:07.770, 65.86, 0, 74230, 35
2026/07/28 10:52:08.802, 65.28, 0, 74230, 35
2026/07/28 10:52:09.833, 65.99, 0, 74230, 35
2026/07/28 10:52:10.865, 65.54, 0, 74230, 35
2026/07/28 10:52:11.896, 64.82, 0, 74230, 35
2026/07/28 10:52:12.927, 65.10, 0, 74230, 35
2026/07/28 10:52:13.957, 66.01, 0, 74230, 35
2026/07/28 10:52:14.992, 66.33, 0, 74230, 35
2026/07/28 10:52:16.062, 65.38, 0, 74230, 35
2026/07/28 10:52:17.093, 64.88, 0, 74230, 35
2026/07/28 10:52:18.125, 64.89, 0, 74230, 35
2026/07/28 10:52:19.156, 65.26, 0, 74230, 35
2026/07/28 10:52:20.186, 64.92, 0, 74230, 35
2026/07/28 10:52:21.217, 65.48, 0, 74230, 35
2026/07/28 10:52:22.247, 65.00, 0, 74230, 35
2026/07/28 10:52:23.277, 65.29, 0, 74230, 35
2026/07/28 10:52:24.975, 66.07, 0, 74230, 35
2026/07/28 10:52:26.005, 65.47, 0, 74230, 35
2026/07/28 10:52:27.035, 65.52, 0, 74230, 35
2026/07/28 10:52:28.599, 65.32, 0, 74230, 35
2026/07/28 10:52:29.629, 65.05, 0, 74230, 35
2026/07/28 10:52:30.712, 64.78, 0, 74230, 35
2026/07/28 10:52:31.744, 64.87, 0, 74230, 35
2026/07/28 10:52:32.775, 65.68, 0, 74230, 35
2026/07/28 10:52:33.823, 65.21, 0, 74230, 35
2026/07/28 10:52:34.854, 65.57, 0, 74230, 35
2026/07/28 10:52:35.885, 65.38, 0, 74230, 35
2026/07/28 10:52:36.917, 65.39, 0, 74230, 35
2026/07/28 10:52:37.945, 64.92, 0, 74230, 35
2026/07/28 10:52:38.976, 65.59, 0, 74230, 35
2026/07/28 10:52:40.534, 65.36, 0, 74230, 35
2026/07/28 10:52:41.566, 65.30, 0, 74230, 35
2026/07/28 10:52:42.598, 65.38, 0, 74230, 35
2026/07/28 10:52:43.629, 65.49, 0, 74230, 35
2026/07/28 10:52:44.669, 65.81, 0, 74230, 35
2026/07/28 10:52:46.191, 65.32, 0, 74230, 35
2026/07/28 10:52:47.217, 66.07, 0, 74230, 35
2026/07/28 10:52:48.247, 65.39, 0, 74230, 35
2026/07/28 10:52:49.279, 65.71, 0, 74230, 35
2026/07/28 10:52:50.308, 65.55, 0, 74230, 35
2026/07/28 10:52:51.334, 65.72, 0, 74230, 35
2026/07/28 10:52:52.361, 65.00, 0, 74230, 35
2026/07/28 10:52:53.460, 65.82, 0, 74230, 35
2026/07/28 10:52:54.489, 65.47, 0, 74230, 35
2026/07/28 10:52:55.622, 66.19, 0, 74230, 35
2026/07/28 10:52:56.665, 65.50, 0, 74230, 35
2026/07/28 10:52:57.694, 65.57, 0, 74230, 35
2026/07/28 10:52:58.731, 65.54, 0, 74230, 35
2026/07/28 10:52:59.758, 65.42, 0, 74230, 35
2026/07/28 10:53:00.783, 65.61, 0, 74230, 35
2026/07/28 10:53:01.814, 65.61, 0, 74230, 35
2026/07/28 10:53:02.844, 65.57, 0, 74230, 35
2026/07/28 10:53:03.873, 65.36, 0, 74230, 35
2026/07/28 10:53:04.900, 65.40, 0, 74230, 35
2026/07/28 10:53:05.927, 65.49, 0, 74230, 35
2026/07/28 10:53:06.964, 65.51, 0, 74230, 35
2026/07/28 10:53:08.069, 65.67, 0, 74230, 35
2026/07/28 10:53:09.093, 65.50, 0, 74230, 35
2026/07/28 10:53:10.276, 65.61, 0, 74230, 35
2026/07/28 10:53:11.301, 66.12, 0, 74230, 35
2026/07/28 10:53:12.325, 65.96, 0, 74230, 35
2026/07/28 10:53:13.355, 65.88, 0, 74230, 35
2026/07/28 10:53:14.384, 65.63, 0, 74230, 35
2026/07/28 10:53:15.415, 65.58, 0, 74230, 35
2026/07/28 10:53:16.445, 65.78, 0, 74230, 35
2026/07/28 10:53:17.476, 65.36, 0, 74230, 35
2026/07/28 10:53:18.508, 65.55, 0, 74230, 35
2026/07/28 10:53:19.538, 65.56, 0, 74230, 35
2026/07/28 10:53:20.569, 65.60, 0, 74230, 35
2026/07/28 10:53:22.077, 65.11, 0, 74230, 35
2026/07/28 10:53:23.108, 65.80, 0, 74230, 35
2026/07/28 10:53:24.139, 65.59, 0, 74230, 35
2026/07/28 10:53:25.170, 65.88, 0, 74230, 35
2026/07/28 10:53:26.340, 64.52, 0, 74230, 35
2026/07/28 10:53:27.372, 64.92, 0, 74230, 35
2026/07/28 10:53:28.482, 65.87, 0, 74230, 35
2026/07/28 10:53:29.513, 65.01, 0, 74230, 35
2026/07/28 10:53:30.544, 65.28, 0, 74230, 35
2026/07/28 10:53:31.575, 65.35, 0, 74230, 35
2026/07/28 10:53:32.606, 65.18, 0, 74230, 35
2026/07/28 10:53:33.637, 65.28, 0, 74230, 35
2026/07/28 10:53:34.678, 65.15, 0, 74230, 35
2026/07/28 10:53:35.714, 65.59, 0, 74230, 35
2026/07/28 10:53:36.746, 65.49, 0, 74230, 35
2026/07/28 10:53:38.063, 65.28, 0, 74230, 35
2026/07/28 10:53:39.096, 65.10, 0, 74230, 35
2026/07/28 10:53:40.127, 65.50, 0, 74230, 35
2026/07/28 10:53:41.183, 65.21, 0, 74230, 35
2026/07/28 10:53:42.221, 65.54, 0, 74230, 35
2026/07/28 10:53:43.252, 65.28, 0, 74230, 35
2026/07/28 10:53:44.760, 65.30, 0, 74230, 35
2026/07/28 10:53:45.792, 65.38, 0, 74230, 35
2026/07/28 10:53:46.824, 65.49, 0, 74230, 35
2026/07/28 10:53:47.855, 66.15, 0, 74230, 35
2026/07/28 10:53:48.895, 65.18, 0, 74230, 35
2026/07/28 10:53:49.926, 65.07, 0, 74230, 35
2026/07/28 10:53:50.956, 65.61, 0, 74230, 35
2026/07/28 10:53:51.988, 65.19, 0, 74230, 35
2026/07/28 10:53:53.018, 65.21, 0, 74230, 35
2026/07/28 10:53:54.048, 65.39, 0, 74230, 35
2026/07/28 10:53:55.078, 65.25, 0, 74230, 35
2026/07/28 10:53:56.108, 64.11, 0, 74230, 35
2026/07/28 10:53:57.138, 65.28, 0, 74230, 35
2026/07/28 10:53:58.167, 65.39, 0, 74230, 35
2026/07/28 10:53:59.198, 65.30, 0, 74230, 35
2026/07/28 10:54:00.271, 64.72, 0, 74230, 35
2026/07/28 10:54:02.637, 65.51, 0, 74230, 35
2026/07/28 10:54:03.672, 65.50, 0, 74230, 35
2026/07/28 10:54:05.087, 65.32, 0, 74230, 35
2026/07/28 10:54:06.538, 65.67, 0, 74230, 35
2026/07/28 10:54:07.569, 65.61, 0, 74230, 35
2026/07/28 10:54:09.079, 65.61, 0, 74230, 35
2026/07/28 10:54:10.112, 65.28, 0, 74230, 35
2026/07/28 10:54:11.144, 65.54, 0, 74230, 35
2026/07/28 10:54:12.178, 65.89, 0, 74230, 35
2026/07/28 10:54:13.209, 65.59, 0, 74230, 35
2026/07/28 10:54:14.241, 65.50, 0, 74230, 35
2026/07/28 10:54:15.273, 65.74, 0, 74230, 35
2026/07/28 10:54:16.317, 65.59, 0, 74230, 35
2026/07/28 10:54:17.347, 65.47, 0, 74230, 35
2026/07/28 10:54:18.380, 66.07, 0, 74230, 35
2026/07/28 10:54:19.410, 65.57, 0, 74230, 35
2026/07/28 10:54:20.441, 65.67, 0, 74230, 35
2026/07/28 10:54:21.476, 66.25, 0, 74230, 35
2026/07/28 10:54:22.507, 65.00, 0, 74230, 35
2026/07/28 10:54:23.538, 65.87, 0, 74230, 35
2026/07/28 10:54:24.572, 65.77, 0, 74230, 35
2026/07/28 10:54:25.603, 66.64, 0, 74230, 35
2026/07/28 10:54:26.635, 65.67, 0, 74230, 35
2026/07/28 10:54:27.665, 65.81, 0, 74230, 35
2026/07/28 10:54:28.696, 65.24, 0, 74230, 35
2026/07/28 10:54:29.775, 65.18, 0, 74230, 35
2026/07/28 10:54:30.812, 65.38, 0, 74230, 35
2026/07/28 10:54:31.981, 65.17, 0, 74230, 35
2026/07/28 10:54:33.012, 65.17, 0, 74230, 35
2026/07/28 10:54:34.042, 66.27, 0, 74230, 35
2026/07/28 10:54:35.080, 65.07, 0, 74230, 35
2026/07/28 10:54:36.112, 65.22, 0, 74230, 35
2026/07/28 10:54:37.144, 65.28, 0, 74230, 35
2026/07/28 10:54:38.693, 65.11, 0, 74230, 35
2026/07/28 10:54:39.724, 65.02, 0, 74230, 35
2026/07/28 10:54:40.754, 65.29, 0, 74230, 35
2026/07/28 10:54:42.086, 65.51, 0, 74230, 35
2026/07/28 10:54:43.114, 65.30, 0, 74230, 35
2026/07/28 10:54:44.144, 65.19, 0, 74230, 35
2026/07/28 10:54:45.176, 65.32, 0, 74230, 35
2026/07/28 10:54:46.207, 65.52, 0, 74230, 35
2026/07/28 10:54:47.237, 65.75, 0, 74230, 35
2026/07/28 10:54:48.266, 65.21, 0, 74230, 35
2026/07/28 10:54:49.303, 65.26, 0, 74230, 35
2026/07/28 10:54:50.487, 65.28, 0, 74230, 35
2026/07/28 10:54:52.425, 65.96, 0, 74230, 35
2026/07/28 10:54:53.456, 65.94, 0, 74230, 35
2026/07/28 10:54:54.494, 65.47, 0, 74230, 35
2026/07/28 10:54:55.526, 65.24, 0, 74230, 35
2026/07/28 10:54:56.606, 64.99, 0, 74230, 35
2026/07/28 10:54:57.639, 64.32, 0, 74230, 35
2026/07/28 10:54:58.673, 65.64, 0, 74230, 35
2026/07/28 10:54:59.704, 65.42, 0, 74230, 35
2026/07/28 10:55:00.837, 65.16, 0, 74230, 35
2026/07/28 10:55:02.394, 65.18, 0, 74230, 35
2026/07/28 10:55:03.479, 65.28, 0, 74230, 35
2026/07/28 10:55:04.512, 65.17, 0, 74230, 35
2026/07/28 10:55:05.542, 66.13, 0, 74230, 35
2026/07/28 10:55:06.865, 65.33, 0, 74230, 35
2026/07/28 10:55:07.897, 65.17, 0, 74230, 35
2026/07/28 10:55:08.928, 65.45, 0, 74230, 35
2026/07/28 10:55:10.281, 65.57, 0, 74230, 35
2026/07/28 10:55:11.387, 65.60, 0, 74230, 35
2026/07/28 10:55:12.771, 65.35, 0, 74230, 35
2026/07/28 10:55:13.802, 65.41, 0, 74230, 35
2026/07/28 10:55:14.872, 65.53, 0, 74230, 35
2026/07/28 10:55:15.903, 65.30, 0, 74230, 35
2026/07/28 10:55:16.934, 64.91, 0, 74230, 35
2026/07/28 10:55:17.965, 65.42, 0, 74230, 35
2026/07/28 10:55:18.999, 65.43, 0, 74230, 35
2026/07/28 10:55:20.110, 65.10, 0, 74230, 35
2026/07/28 10:55:21.140, 65.69, 0, 74230, 35
2026/07/28 10:55:22.174, 65.96, 0, 74230, 35
2026/07/28 10:55:23.205, 65.59, 0, 74230, 35
2026/07/28 10:55:24.231, 65.43, 0, 74230, 35
2026/07/28 10:55:25.257, 65.72, 0, 74230, 35
2026/07/28 10:55:26.282, 65.89, 0, 74230, 35
2026/07/28 10:55:27.308, 65.79, 0, 74230, 35
2026/07/28 10:55:28.333, 65.78, 0, 74230, 35
2026/07/28 10:55:29.359, 65.65, 0, 74230, 35
2026/07/28 10:55:30.384, 65.70, 0, 74230, 35
2026/07/28 10:55:31.411, 65.58, 0, 74230, 35
2026/07/28 10:55:32.441, 65.62, 0, 74230, 35
2026/07/28 10:55:33.471, 65.72, 0, 74230, 35
2026/07/28 10:55:34.499, 65.44, 0, 74230, 35
2026/07/28 10:55:35.529, 65.09, 0, 74230, 35
2026/07/28 10:55:36.560, 65.17, 0, 74230, 35
2026/07/28 10:55:37.591, 65.01, 0, 74230, 35
2026/07/28 10:55:38.616, 64.81, 0, 74230, 35
2026/07/28 10:55:39.644, 65.22, 0, 74230, 35
2026/07/28 10:55:40.671, 65.00, 0, 74230, 35
2026/07/28 10:55:41.701, 65.20, 0, 74230, 35
2026/07/28 10:55:42.730, 64.92, 0, 74230, 35
2026/07/28 10:55:44.118, 64.82, 0, 74230, 35
2026/07/28 10:55:45.967, 65.22, 0, 74230, 35
2026/07/28 10:55:46.997, 65.32, 0, 74230, 35
2026/07/28 10:55:48.026, 64.97, 0, 74230, 35
2026/07/28 10:55:49.057, 65.09, 0, 74230, 35
2026/07/28 10:55:50.087, 65.12, 0, 74230, 35
2026/07/28 10:55:51.118, 65.70, 0, 74230, 35
2026/07/28 10:55:52.150, 65.23, 0, 74230, 35
2026/07/28 10:55:53.183, 65.43, 0, 74230, 35
2026/07/28 10:55:54.214, 65.14, 0, 74230, 35
2026/07/28 10:55:55.245, 65.46, 0, 74230, 35
2026/07/28 10:55:56.278, 65.25, 0, 74230, 35
2026/07/28 10:55:57.309, 65.28, 0, 74230, 35
2026/07/28 10:55:58.340, 65.26, 0, 74230, 35
2026/07/28 10:55:59.372, 65.43, 0, 74230, 35
2026/07/28 10:56:00.405, 65.18, 0, 74230, 35
2026/07/28 10:56:01.436, 65.05, 0, 74230, 35
2026/07/28 10:56:02.467, 64.58, 0, 74230, 35
2026/07/28 10:56:03.501, 65.20, 0, 74230, 35
2026/07/28 10:56:04.532, 64.80, 0, 74230, 35
2026/07/28 10:56:05.562, 65.06, 0, 74230, 35
2026/07/28 10:56:06.597, 64.93, 0, 74230, 35
2026/07/28 10:56:07.628, 65.85, 0, 74230, 35
2026/07/28 10:56:08.658, 65.61, 0, 74230, 35
2026/07/28 10:56:09.691, 65.66, 0, 74230, 35
2026/07/28 10:56:10.722, 65.35, 0, 74230, 35
2026/07/28 10:56:11.753, 65.37, 0, 74230, 35
2026/07/28 10:56:12.785, 65.11, 0, 74230, 35
2026/07/28 10:56:13.815, 65.46, 0, 74230, 35
2026/07/28 10:56:14.846, 65.46, 0, 74230, 35
2026/07/28 10:56:15.877, 65.51, 0, 74230, 35
2026/07/28 10:56:16.907, 65.33, 0, 74230, 35
2026/07/28 10:56:17.937, 65.74, 0, 74230, 35
2026/07/28 10:56:18.967, 65.47, 0, 74230, 35
2026/07/28 10:56:20.015, 65.28, 0, 74230, 35
2026/07/28 10:56:21.048, 65.85, 0, 74230, 35
2026/07/28 10:56:22.080, 66.04, 0, 74230, 35
2026/07/28 10:56:23.112, 65.82, 0, 74230, 35
2026/07/28 10:56:24.142, 65.09, 0, 74230, 35
2026/07/28 10:56:25.172, 65.39, 0, 74230, 35
2026/07/28 10:56:26.203, 65.69, 0, 74230, 35
2026/07/28 10:56:27.234, 66.05, 0, 74230, 35
2026/07/28 10:56:28.265, 65.53, 0, 74230, 35
2026/07/28 10:56:29.295, 65.55, 0, 74230, 35
2026/07/28 10:56:30.324, 65.59, 0, 74230, 35
2026/07/28 10:56:31.354, 65.68, 0, 74230, 35
2026/07/28 10:56:32.384, 66.08, 0, 74230, 35
2026/07/28 10:56:33.414, 65.81, 0, 74230, 35
2026/07/28 10:56:34.443, 66.00, 0, 74230, 35
2026/07/28 10:56:35.474, 66.32, 0, 74230, 35
2026/07/28 10:56:36.504, 65.50, 0, 74230, 35
2026/07/28 10:56:37.536, 65.48, 0, 74230, 35
2026/07/28 10:56:38.567, 65.38, 0, 74230, 35
2026/07/28 10:56:39.597, 65.53, 0, 74230, 35
2026/07/28 10:56:40.627, 65.60, 0, 74230, 35
2026/07/28 10:56:41.656, 65.85, 0, 74230, 35
2026/07/28 10:56:42.687, 65.02, 0, 74230, 35
2026/07/28 10:56:43.717, 64.89, 0, 74230, 35
2026/07/28 10:56:44.749, 65.03, 0, 74230, 35
2026/07/28 10:56:45.779, 65.82, 0, 74230, 35
2026/07/28 10:56:46.810, 65.29, 0, 74230, 35
2026/07/28 10:56:47.840, 64.79, 0, 74230, 35
2026/07/28 10:56:49.094, 64.81, 0, 74230, 35
2026/07/28 10:56:50.124, 65.30, 0, 74230, 35
2026/07/28 10:56:51.299, 65.49, 0, 74230, 35
2026/07/28 10:56:52.330, 65.47, 0, 74230, 35
2026/07/28 10:56:53.361, 65.05, 0, 74230, 35
2026/07/28 10:56:54.394, 65.02, 0, 74230, 35
2026/07/28 10:56:55.426, 64.69, 0, 74230, 35
2026/07/28 10:56:56.461, 65.17, 0, 74230, 35
2026/07/28 10:56:57.492, 65.17, 0, 74230, 35
2026/07/28 10:56:58.522, 65.14, 0, 74230, 35
2026/07/28 10:56:59.552, 65.00, 0, 74230, 35
2026/07/28 10:57:00.584, 64.88, 0, 74230, 35
2026/07/28 10:57:01.615, 65.22, 0, 74230, 35
2026/07/28 10:57:02.646, 64.84, 0, 74230, 35
2026/07/28 10:57:03.678, 65.02, 0, 74230, 35
2026/07/28 10:57:04.710, 65.22, 0, 74230, 35
2026/07/28 10:57:05.739, 65.86, 0, 74230, 35
2026/07/28 10:57:06.771, 64.90, 0, 74230, 35
2026/07/28 10:57:07.801, 65.74, 0, 74230, 35
2026/07/28 10:57:08.831, 65.39, 0, 74230, 35
2026/07/28 10:57:09.859, 65.39, 0, 74230, 35
2026/07/28 10:57:10.891, 65.17, 0, 74230, 35
2026/07/28 10:57:11.921, 65.78, 0, 74230, 35
2026/07/28 10:57:12.951, 65.29, 0, 74230, 35
2026/07/28 10:57:13.982, 65.28, 0, 74230, 35
2026/07/28 10:57:15.012, 64.82, 0, 74230, 35
2026/07/28 10:57:16.043, 65.40, 0, 74230, 35
2026/07/28 10:57:17.073, 64.93, 0, 74230, 35
2026/07/28 10:57:18.232, 65.10, 0, 74230, 35
2026/07/28 10:57:19.262, 65.23, 0, 74230, 35
2026/07/28 10:57:20.294, 65.34, 0, 74230, 35
2026/07/28 10:57:21.537, 65.62, 0, 74230, 35
2026/07/28 10:57:22.567, 66.35, 0, 74230, 35
2026/07/28 10:57:23.597, 65.81, 0, 74230, 35
2026/07/28 10:57:24.628, 65.49, 0, 74230, 35
2026/07/28 10:57:25.659, 64.56, 0, 74230, 35
2026/07/28 10:57:26.688, 65.78, 0, 74230, 35
2026/07/28 10:57:27.718, 65.39, 0, 74230, 35
2026/07/28 10:57:28.751, 65.50, 0, 74230, 35
2026/07/28 10:57:29.781, 65.32, 0, 74230, 35
2026/07/28 10:57:30.812, 65.55, 0, 74230, 35
2026/07/28 10:57:31.844, 65.64, 0, 74230, 35
2026/07/28 10:57:32.875, 65.03, 0, 74230, 35
2026/07/28 10:57:33.904, 65.45, 0, 74230, 35
2026/07/28 10:57:34.935, 65.67, 0, 74230, 35
2026/07/28 10:57:35.967, 65.88, 0, 74230, 35
2026/07/28 10:57:36.997, 65.61, 0, 74230, 35
2026/07/28 10:57:38.028, 65.19, 0, 74230, 35
2026/07/28 10:57:39.058, 65.59, 0, 74230, 35
2026/07/28 10:57:40.088, 65.67, 0, 74230, 35
2026/07/28 10:57:41.118, 65.59, 0, 74230, 35
2026/07/28 10:57:42.149, 66.19, 0, 74230, 35
2026/07/28 10:57:43.180, 65.68, 0, 74230, 35
2026/07/28 10:57:44.211, 65.87, 0, 74230, 35
2026/07/28 10:57:45.568, 65.86, 0, 74230, 35
2026/07/28 10:57:46.599, 65.78, 0, 74230, 35
2026/07/28 10:57:47.631, 65.13, 0, 74230, 35
2026/07/28 10:57:48.663, 65.82, 0, 74230, 35
2026/07/28 10:57:49.693, 64.39, 0, 74230, 35
2026/07/28 10:57:50.722, 65.08, 0, 74230, 35
2026/07/28 10:57:52.061, 64.53, 0, 74230, 35
2026/07/28 10:57:53.090, 65.53, 0, 74230, 35
2026/07/28 10:57:54.117, 65.19, 0, 74230, 35
2026/07/28 10:57:55.146, 65.28, 0, 74230, 35
2026/07/28 10:57:56.173, 65.07, 0, 74230, 35
2026/07/28 10:57:57.203, 65.33, 0, 74230, 35
2026/07/28 10:57:58.230, 65.00, 0, 74230, 35
2026/07/28 10:57:59.258, 65.31, 0, 74230, 35
2026/07/28 10:58:00.288, 65.30, 0, 74230, 35
2026/07/28 10:58:02.372, 65.10, 0, 74230, 35
2026/07/28 10:58:03.402, 65.69, 0, 74230, 35
2026/07/28 10:58:04.433, 65.38, 0, 74230, 35
2026/07/28 10:58:05.464, 65.61, 0, 74230, 35
2026/07/28 10:58:06.494, 65.29, 0, 74230, 35
2026/07/28 10:58:07.524, 65.28, 0, 74230, 35
2026/07/28 10:58:08.555, 64.71, 0, 74230, 35
2026/07/28 10:58:09.587, 66.31, 0, 74230, 35
2026/07/28 10:58:10.618, 65.14, 0, 74230, 35
2026/07/28 10:58:11.649, 65.81, 0, 74230, 35
2026/07/28 10:58:12.679, 65.50, 0, 74230, 35
2026/07/28 10:58:13.708, 64.69, 0, 74230, 35
2026/07/28 10:58:14.739, 64.61, 0, 74230, 35
2026/07/28 10:58:15.769, 64.72, 0, 74230, 35
2026/07/28 10:58:16.801, 65.68, 0, 74230, 35
2026/07/28 10:58:17.831, 65.57, 0, 74230, 35
2026/07/28 10:58:18.861, 65.32, 0, 74230, 35
2026/07/28 10:58:19.891, 65.07, 0, 74230, 35
2026/07/28 10:58:20.923, 65.33, 0, 74230, 35
2026/07/28 10:58:21.958, 65.51, 0, 74230, 35
2026/07/28 10:58:22.999, 65.55, 0, 74230, 35
2026/07/28 10:58:24.034, 65.51, 0, 74230, 35
2026/07/28 10:58:25.066, 65.61, 0, 74230, 35
2026/07/28 10:58:26.179, 65.47, 0, 74230, 35
2026/07/28 10:58:27.212, 66.02, 0, 74230, 35
2026/07/28 10:58:28.244, 66.11, 0, 74230, 35
2026/07/28 10:58:29.277, 66.56, 0, 74230, 35
2026/07/28 10:58:30.431, 65.25, 0, 74230, 35
2026/07/28 10:58:31.680, 65.62, 0, 74230, 35
2026/07/28 10:58:32.713, 65.58, 0, 74230, 35
2026/07/28 10:58:33.779, 65.58, 0, 74230, 35
2026/07/28 10:58:34.812, 65.38, 0, 74230, 35
2026/07/28 10:58:35.845, 65.40, 0, 74230, 35
2026/07/28 10:58:36.877, 65.51, 0, 74230, 35
2026/07/28 10:58:38.124, 65.37, 0, 74230, 35
2026/07/28 10:58:39.156, 65.56, 0, 74230, 35
2026/07/28 10:58:40.188, 64.99, 0, 74230, 35
2026/07/28 10:58:41.218, 65.46, 0, 74230, 35
2026/07/28 10:58:42.248, 65.66, 0, 74230, 35
2026/07/28 10:58:43.278, 65.58, 0, 74230, 35
2026/07/28 10:58:44.309, 65.33, 0, 74230, 35
2026/07/28 10:58:45.342, 65.50, 0, 74230, 35
2026/07/28 10:58:46.372, 65.42, 0, 74230, 35
2026/07/28 10:58:47.402, 65.59, 0, 74230, 35
2026/07/28 10:58:48.436, 65.51, 0, 74230, 35
2026/07/28 10:58:49.467, 65.21, 0, 74230, 35
2026/07/28 10:58:50.499, 65.38, 0, 74230, 35
2026/07/28 10:58:51.530, 65.59, 0, 74230, 35
2026/07/28 10:58:52.560, 65.48, 0, 74230, 35
2026/07/28 10:58:53.589, 65.85, 0, 74230, 35
2026/07/28 10:58:54.620, 65.80, 0, 74230, 35
2026/07/28 10:58:55.651, 65.89, 0, 74230, 35
2026/07/28 10:58:56.682, 65.03, 0, 74230, 35
2026/07/28 10:58:57.713, 64.99, 0, 74230, 35
2026/07/28 10:58:58.743, 65.22, 0, 74230, 35
2026/07/28 10:58:59.774, 65.31, 0, 74230, 35
2026/07/28 10:59:00.804, 65.41, 0, 74230, 35
2026/07/28 10:59:01.835, 65.23, 0, 74230, 35
2026/07/28 10:59:02.866, 65.28, 0, 74230, 35
2026/07/28 10:59:03.897, 65.15, 0, 74230, 35
2026/07/28 10:59:04.930, 65.30, 0, 74230, 35
2026/07/28 10:59:05.962, 65.17, 0, 74230, 35
2026/07/28 10:59:06.993, 64.61, 0, 74230, 35
2026/07/28 10:59:08.023, 65.20, 0, 74230, 35
2026/07/28 10:59:09.053, 64.90, 0, 74230, 35
2026/07/28 10:59:10.084, 65.33, 0, 74230, 35
2026/07/28 10:59:11.117, 65.30, 0, 74230, 35
2026/07/28 10:59:12.148, 65.09, 0, 74230, 35
2026/07/28 10:59:13.179, 65.79, 0, 74230, 35
2026/07/28 10:59:14.211, 65.26, 0, 74230, 35
2026/07/28 10:59:15.242, 65.59, 0, 74230, 35
2026/07/28 10:59:16.273, 65.10, 0, 74230, 35
2026/07/28 10:59:17.303, 65.50, 0, 74230, 35
2026/07/28 10:59:18.335, 65.12, 0, 74230, 35
2026/07/28 10:59:19.366, 65.29, 0, 74230, 35
2026/07/28 10:59:20.397, 65.61, 0, 74230, 35
2026/07/28 10:59:21.427, 65.67, 0, 74230, 35
2026/07/28 10:59:22.457, 66.17, 0, 74230, 35
2026/07/28 10:59:23.488, 65.04, 0, 74230, 35
2026/07/28 10:59:24.518, 65.61, 0, 74230, 35
2026/07/28 10:59:25.548, 65.32, 0, 74230, 35
2026/07/28 10:59:26.579, 64.15, 0, 74230, 35
2026/07/28 10:59:27.612, 65.21, 0, 74230, 35
2026/07/28 10:59:28.643, 65.32, 0, 74230, 35
2026/07/28 10:59:29.676, 65.39, 0, 74230, 35
2026/07/28 10:59:30.706, 65.59, 0, 74230, 35
2026/07/28 10:59:31.737, 65.04, 0, 74230, 35
2026/07/28 10:59:32.767, 65.32, 0, 74230, 35
2026/07/28 10:59:33.798, 65.49, 0, 74230, 35
2026/07/28 10:59:34.829, 65.81, 0, 74230, 35
2026/07/28 10:59:35.861, 65.96, 0, 74230, 35
2026/07/28 10:59:36.891, 65.30, 0, 74230, 35
2026/07/28 10:59:37.922, 65.49, 0, 74230, 35
2026/07/28 10:59:38.953, 65.81, 0, 74230, 35
2026/07/28 10:59:39.984, 65.98, 0, 74230, 35
2026/07/28 10:59:41.014, 65.59, 0, 74230, 35
2026/07/28 10:59:42.045, 65.70, 0, 74230, 35
2026/07/28 10:59:43.078, 65.77, 0, 74230, 35
2026/07/28 10:59:44.109, 65.50, 0, 74230, 35
2026/07/28 10:59:45.140, 65.21, 0, 74230, 35
2026/07/28 10:59:46.173, 65.79, 0, 74230, 35
2026/07/28 10:59:47.206, 65.59, 0, 74230, 35
2026/07/28 10:59:48.237, 65.71, 0, 74230, 35
2026/07/28 10:59:49.268, 65.81, 0, 74230, 35
2026/07/28 10:59:50.299, 65.54, 0, 74230, 35
2026/07/28 10:59:51.329, 65.81, 0, 74230, 35
2026/07/28 10:59:52.363, 65.50, 0, 74230, 35
2026/07/28 10:59:53.394, 65.89, 0, 74230, 35
2026/07/28 10:59:54.425, 65.67, 0, 74230, 35
2026/07/28 10:59:55.456, 65.72, 0, 74230, 35
2026/07/28 10:59:56.487, 65.79, 0, 74230, 35
2026/07/28 10:59:57.517, 65.78, 0, 74230, 35
2026/07/28 10:59:58.551, 65.81, 0, 74230, 35
2026/07/28 10:59:59.584, 65.67, 0, 74230, 35
2026/07/28 11:00:00.616, 65.49, 0, 74230, 35
2026/07/28 11:00:01.648, 65.69, 0, 74230, 35
2026/07/28 11:00:02.679, 65.50, 0, 74230, 35
2026/07/28 11:00:03.711, 65.09, 0, 74230, 35
2026/07/28 11:00:04.742, 65.46, 0, 74230, 35
2026/07/28 11:00:05.777, 65.38, 0, 74230, 35
2026/07/28 11:00:06.971, 64.40, 0, 74230, 35
2026/07/28 11:00:08.223, 65.20, 0, 74230, 35
2026/07/28 11:00:09.490, 65.21, 0, 74230, 35
2026/07/28 11:00:10.740, 64.79, 0, 74230, 35
2026/07/28 11:00:11.960, 65.00, 0, 74230, 35
2026/07/28 11:00:13.178, 64.67, 0, 74230, 35
2026/07/28 11:00:14.210, 65.51, 0, 74230, 35
2026/07/28 11:00:15.241, 65.36, 0, 74230, 35
2026/07/28 11:00:16.273, 65.28, 0, 74230, 35
2026/07/28 11:00:17.303, 65.32, 0, 74230, 35
2026/07/28 11:00:18.333, 65.29, 0, 74230, 35
2026/07/28 11:00:19.365, 64.18, 0, 74230, 35
2026/07/28 11:00:20.395, 65.20, 0, 74230, 35
2026/07/28 11:00:21.427, 64.96, 0, 74230, 35
2026/07/28 11:00:22.458, 65.47, 0, 74230, 35
2026/07/28 11:00:23.488, 65.47, 0, 74230, 35
2026/07/28 11:00:24.518, 65.38, 0, 74230, 35
2026/07/28 11:00:25.548, 65.16, 0, 74230, 35
2026/07/28 11:00:26.579, 65.31, 0, 74230, 35
2026/07/28 11:00:27.608, 65.28, 0, 74230, 35
2026/07/28 11:00:28.637, 65.37, 0, 74230, 35
2026/07/28 11:00:30.817, 65.35, 0, 74230, 35
2026/07/28 11:00:31.847, 65.24, 0, 74230, 35
2026/07/28 11:00:32.877, 65.47, 0, 74230, 35
2026/07/28 11:00:33.907, 65.53, 0, 74230, 35
2026/07/28 11:00:35.826, 65.37, 0, 74230, 35
2026/07/28 11:00:36.856, 65.38, 0, 74230, 35
2026/07/28 11:00:37.887, 65.41, 0, 74230, 35
2026/07/28 11:00:38.917, 65.38, 0, 74230, 35
2026/07/28 11:00:39.949, 65.42, 0, 74230, 35
2026/07/28 11:00:40.983, 65.34, 0, 74230, 35
2026/07/28 11:00:42.016, 65.95, 0, 74230, 35
2026/07/28 11:00:43.047, 65.56, 0, 74230, 35
2026/07/28 11:00:44.080, 65.50, 0, 74230, 35
2026/07/28 11:00:45.111, 65.47, 0, 74230, 35
2026/07/28 11:00:46.142, 64.99, 0, 74230, 35
2026/07/28 11:00:47.175, 65.22, 0, 74230, 35
2026/07/28 11:00:48.207, 65.55, 0, 74230, 35
2026/07/28 11:00:49.240, 65.62, 0, 74230, 35
2026/07/28 11:00:50.272, 65.78, 0, 74230, 35
2026/07/28 11:00:51.303, 65.45, 0, 74230, 35
2026/07/28 11:00:52.336, 65.40, 0, 74230, 35
2026/07/28 11:00:53.369, 65.26, 0, 74230, 35
2026/07/28 11:00:54.401, 65.96, 0, 74230, 35
2026/07/28 11:00:55.435, 65.51, 0, 74230, 35
2026/07/28 11:00:57.359, 65.57, 0, 74230, 35
2026/07/28 11:00:58.391, 65.69, 0, 74230, 35
2026/07/28 11:00:59.423, 66.11, 0, 74230, 35
2026/07/28 11:01:00.457, 65.69, 0, 74230, 35
2026/07/28 11:01:01.487, 65.78, 0, 74230, 35
2026/07/28 11:01:02.520, 65.58, 0, 74230, 35
2026/07/28 11:01:03.819, 66.19, 0, 74230, 35
2026/07/28 11:01:04.852, 64.90, 0, 74230, 35
2026/07/28 11:01:05.884, 65.67, 0, 74230, 35
2026/07/28 11:01:06.917, 65.82, 0, 74230, 35
2026/07/28 11:01:07.948, 65.72, 0, 74230, 35
2026/07/28 11:01:09.187, 65.67, 0, 74230, 35
2026/07/28 11:01:10.220, 65.74, 0, 74230, 35
2026/07/28 11:01:11.252, 65.24, 0, 74230, 35
2026/07/28 11:01:12.285, 64.96, 0, 74230, 35
2026/07/28 11:01:13.319, 65.24, 0, 74230, 35
2026/07/28 11:01:14.353, 65.15, 0, 74230, 35
2026/07/28 11:01:15.552, 65.20, 0, 74230, 35
2026/07/28 11:01:16.586, 65.49, 0, 74230, 35
2026/07/28 11:01:17.690, 65.42, 0, 74230, 35
2026/07/28 11:01:18.724, 65.59, 0, 74230, 35
2026/07/28 11:01:19.788, 65.21, 0, 74230, 35
2026/07/28 11:01:20.869, 64.67, 0, 74230, 35
2026/07/28 11:01:21.984, 65.56, 0, 74230, 35
2026/07/28 11:01:23.019, 65.25, 0, 74230, 35
2026/07/28 11:01:24.052, 64.38, 0, 74230, 35
2026/07/28 11:01:25.180, 65.37, 0, 74230, 35
2026/07/28 11:01:26.237, 65.09, 0, 74230, 35
2026/07/28 11:01:27.535, 65.51, 0, 74230, 35
2026/07/28 11:01:28.631, 65.30, 0, 74230, 35
2026/07/28 11:01:29.916, 65.51, 0, 74230, 35
2026/07/28 11:01:31.126, 65.98, 0, 74230, 35
2026/07/28 11:01:32.331, 66.21, 0, 74230, 35
2026/07/28 11:01:33.360, 64.80, 0, 74230, 35
2026/07/28 11:01:34.389, 65.21, 0, 74230, 35
2026/07/28 11:01:35.417, 65.51, 0, 74230, 35
2026/07/28 11:01:36.444, 65.49, 0, 74230, 35
2026/07/28 11:01:37.528, 65.40, 0, 74230, 35
2026/07/28 11:01:38.715, 65.42, 0, 74230, 35
2026/07/28 11:01:39.744, 65.81, 0, 74230, 35
2026/07/28 11:01:40.833, 65.20, 0, 74230, 35
2026/07/28 11:01:41.866, 65.21, 0, 74230, 35
2026/07/28 11:01:42.894, 65.59, 0, 74230, 35
2026/07/28 11:01:43.925, 65.39, 0, 74230, 35
2026/07/28 11:01:44.953, 65.38, 0, 74230, 35
2026/07/28 11:01:45.984, 64.75, 0, 74230, 35
2026/07/28 11:01:47.015, 65.46, 0, 74230, 35
2026/07/28 11:01:48.047, 65.59, 0, 74230, 35
2026/07/28 11:01:49.078, 65.42, 0, 74230, 35
2026/07/28 11:01:50.110, 65.81, 0, 74230, 35
2026/07/28 11:01:51.142, 65.32, 0, 74230, 35
2026/07/28 11:01:52.174, 65.49, 0, 74230, 35
2026/07/28 11:01:53.365, 66.07, 0, 74230, 35
2026/07/28 11:01:54.396, 65.41, 0, 74230, 35
2026/07/28 11:01:55.431, 66.11, 0, 74230, 35
2026/07/28 11:01:56.505, 65.59, 0, 74230, 35
2026/07/28 11:01:57.535, 65.29, 0, 74230, 35
2026/07/28 11:01:58.568, 65.61, 0, 74230, 35
2026/07/28 11:01:59.817, 65.74, 0, 74230, 35
2026/07/28 11:02:00.849, 65.68, 0, 74230, 35
2026/07/28 11:02:01.883, 65.80, 0, 74230, 35
2026/07/28 11:02:02.915, 65.49, 0, 74230, 35
2026/07/28 11:02:04.145, 65.39, 0, 74230, 35
2026/07/28 11:02:05.304, 65.48, 0, 74230, 35
2026/07/28 11:02:06.481, 66.37, 0, 74230, 35
2026/07/28 11:02:07.575, 65.53, 0, 74230, 35
2026/07/28 11:02:08.608, 65.67, 0, 74230, 35
2026/07/28 11:02:09.639, 65.79, 0, 74230, 35
2026/07/28 11:02:10.669, 66.18, 0, 74230, 35
2026/07/28 11:02:11.927, 65.76, 0, 74230, 35
2026/07/28 11:02:13.129, 65.33, 0, 74230, 35
2026/07/28 11:02:14.275, 66.07, 0, 74230, 35
2026/07/28 11:02:15.307, 66.14, 0, 74230, 35
2026/07/28 11:02:16.565, 65.71, 0, 74230, 35
2026/07/28 11:02:17.598, 65.10, 0, 74230, 35
2026/07/28 11:02:18.633, 66.37, 0, 74230, 35
2026/07/28 11:02:19.668, 65.40, 0, 74230, 35
2026/07/28 11:02:20.700, 65.29, 0, 74230, 35
2026/07/28 11:02:21.826, 65.20, 0, 74230, 35
2026/07/28 11:02:23.088, 65.29, 0, 74230, 35
2026/07/28 11:02:24.293, 65.38, 0, 74230, 35
2026/07/28 11:02:25.325, 65.35, 0, 74230, 35
2026/07/28 11:02:26.357, 65.01, 0, 74230, 35
2026/07/28 11:02:27.388, 65.42, 0, 74230, 35
2026/07/28 11:02:28.420, 65.30, 0, 74230, 35
2026/07/28 11:02:29.451, 65.31, 0, 74230, 35
2026/07/28 11:02:30.481, 67.81, 0, 74230, 35
2026/07/28 11:02:31.515, 65.19, 0, 74230, 35
2026/07/28 11:02:32.545, 65.11, 0, 74230, 35
2026/07/28 11:02:33.576, 65.40, 0, 74230, 35
2026/07/28 11:02:34.608, 65.49, 0, 74230, 35
2026/07/28 11:02:35.640, 65.39, 0, 74230, 35
2026/07/28 11:02:36.872, 64.54, 0, 74230, 35
2026/07/28 11:02:37.903, 65.02, 0, 74230, 35
2026/07/28 11:02:38.934, 65.33, 0, 74230, 35
2026/07/28 11:02:39.965, 65.20, 0, 74230, 35
2026/07/28 11:02:40.997, 65.07, 0, 74230, 35
2026/07/28 11:02:42.027, 65.30, 0, 74230, 35
2026/07/28 11:02:43.059, 65.64, 0, 74230, 35
2026/07/28 11:02:44.092, 65.61, 0, 74230, 35
2026/07/28 11:02:45.123, 65.31, 0, 74230, 35
2026/07/28 11:02:46.154, 64.89, 0, 74230, 35
2026/07/28 11:02:47.185, 65.39, 0, 74230, 35
2026/07/28 11:02:48.216, 65.28, 0, 74230, 35
2026/07/28 11:02:49.247, 65.01, 0, 74230, 35
2026/07/28 11:02:50.530, 65.50, 0, 74230, 35
2026/07/28 11:02:51.561, 66.36, 0, 74230, 35
2026/07/28 11:02:52.593, 65.59, 0, 74230, 35
2026/07/28 11:02:53.623, 65.49, 0, 74230, 35
2026/07/28 11:02:54.655, 65.59, 0, 74230, 35
2026/07/28 11:02:55.686, 65.19, 0, 74230, 35
2026/07/28 11:02:56.717, 65.60, 0, 74230, 35
2026/07/28 11:02:57.747, 65.50, 0, 74230, 35
2026/07/28 11:02:58.779, 65.70, 0, 74230, 35
2026/07/28 11:02:59.811, 65.76, 0, 74230, 35
2026/07/28 11:03:00.843, 65.35, 0, 74230, 35
2026/07/28 11:03:01.874, 65.67, 0, 74230, 35
2026/07/28 11:03:02.906, 65.49, 0, 74230, 35
2026/07/28 11:03:03.936, 65.53, 0, 74230, 35
2026/07/28 11:03:04.967, 65.70, 0, 74230, 35
2026/07/28 11:03:05.998, 65.68, 0, 74230, 35
2026/07/28 11:03:07.030, 65.26, 0, 74230, 35
2026/07/28 11:03:08.063, 65.50, 0, 74230, 35
2026/07/28 11:03:09.094, 66.89, 0, 74230, 35
2026/07/28 11:03:10.126, 65.60, 0, 74230, 35
2026/07/28 11:03:11.157, 65.86, 0, 74230, 35
2026/07/28 11:03:12.188, 66.09, 0, 74230, 35
2026/07/28 11:03:13.220, 65.94, 0, 74230, 35
2026/07/28 11:03:14.252, 65.92, 0, 74230, 35
2026/07/28 11:03:15.283, 65.78, 0, 74230, 35
2026/07/28 11:03:16.313, 65.70, 0, 74230, 35
2026/07/28 11:03:17.345, 65.64, 0, 74230, 35
2026/07/28 11:03:18.377, 65.86, 0, 74230, 35
2026/07/28 11:03:19.408, 65.51, 0, 74230, 35
2026/07/28 11:03:20.439, 65.38, 0, 74230, 35
2026/07/28 11:03:21.470, 65.85, 0, 74230, 35
2026/07/28 11:03:22.500, 65.76, 0, 74230, 35
2026/07/28 11:03:23.532, 65.63, 0, 74230, 35
2026/07/28 11:03:24.563, 65.05, 0, 74230, 35
2026/07/28 11:03:25.595, 65.16, 0, 74230, 35
2026/07/28 11:03:26.628, 65.74, 0, 74230, 35
2026/07/28 11:03:27.660, 65.24, 0, 74230, 35
2026/07/28 11:03:28.691, 64.91, 0, 74230, 35
2026/07/28 11:03:29.722, 65.17, 0, 74230, 35
2026/07/28 11:03:30.753, 65.22, 0, 74230, 35
2026/07/28 11:03:31.785, 64.74, 0, 74230, 35
2026/07/28 11:03:32.815, 65.57, 0, 74230, 35
2026/07/28 11:03:33.846, 65.42, 0, 74230, 35
2026/07/28 11:03:34.877, 65.29, 0, 74230, 35
2026/07/28 11:03:35.909, 65.08, 0, 74230, 35
2026/07/28 11:03:36.941, 65.43, 0, 74230, 35
2026/07/28 11:03:37.973, 65.07, 0, 74230, 35
2026/07/28 11:03:39.004, 65.18, 0, 74230, 35
2026/07/28 11:03:40.034, 65.30, 0, 74230, 35
2026/07/28 11:03:41.068, 65.38, 0, 74230, 35
2026/07/28 11:03:42.099, 65.30, 0, 74230, 35
2026/07/28 11:03:43.425, 65.50, 0, 74230, 35
2026/07/28 11:03:44.457, 65.63, 0, 74230, 35
2026/07/28 11:03:45.489, 65.42, 0, 74230, 35
2026/07/28 11:03:46.521, 65.19, 0, 74230, 35
2026/07/28 11:03:47.554, 65.59, 0, 74230, 35
2026/07/28 11:03:48.587, 64.75, 0, 74230, 35
2026/07/28 11:03:49.618, 65.90, 0, 74230, 35
2026/07/28 11:03:50.650, 65.50, 0, 74230, 35
2026/07/28 11:03:51.682, 64.94, 0, 74230, 35
2026/07/28 11:03:52.714, 65.23, 0, 74230, 35
2026/07/28 11:03:53.746, 65.35, 0, 74230, 35
2026/07/28 11:03:54.778, 65.51, 0, 74230, 35
2026/07/28 11:03:55.811, 65.11, 0, 74230, 35
2026/07/28 11:03:56.842, 65.98, 0, 74230, 35
2026/07/28 11:03:58.228, 65.40, 0, 74230, 35
2026/07/28 11:03:59.259, 65.64, 0, 74230, 35
2026/07/28 11:04:00.291, 65.77, 0, 74230, 35
2026/07/28 11:04:01.323, 65.50, 0, 74230, 35
2026/07/28 11:04:02.355, 65.57, 0, 74230, 35
2026/07/28 11:04:03.387, 65.16, 0, 74230, 35
2026/07/28 11:04:04.419, 65.20, 0, 74230, 35
2026/07/28 11:04:05.450, 65.38, 0, 74230, 35
2026/07/28 11:04:06.483, 65.68, 0, 74230, 35
2026/07/28 11:04:07.514, 65.78, 0, 74230, 35
2026/07/28 11:04:08.547, 65.32, 0, 74230, 35
2026/07/28 11:04:09.578, 64.63, 0, 74230, 35
2026/07/28 11:04:10.609, 65.36, 0, 74230, 35
2026/07/28 11:04:11.639, 65.68, 0, 74230, 35
2026/07/28 11:04:12.671, 65.87, 0, 74230, 35
2026/07/28 11:04:13.702, 65.26, 0, 74230, 35
2026/07/28 11:04:14.733, 65.14, 0, 74230, 35
2026/07/28 11:04:15.765, 64.85, 0, 74230, 35
2026/07/28 11:04:16.796, 65.58, 0, 74230, 35
2026/07/28 11:04:17.829, 65.70, 0, 74230, 35
2026/07/28 11:04:18.859, 65.67, 0, 74230, 35
2026/07/28 11:04:19.890, 65.66, 0, 74230, 35
2026/07/28 11:04:20.924, 65.68, 0, 74230, 35
2026/07/28 11:04:21.955, 65.80, 0, 74230, 35
2026/07/28 11:04:23.260, 65.57, 0, 74230, 35
2026/07/28 11:04:24.291, 65.67, 0, 74230, 35
2026/07/28 11:04:25.323, 65.72, 0, 74230, 35
2026/07/28 11:04:26.517, 65.86, 0, 74230, 35
2026/07/28 11:04:27.549, 65.69, 0, 74230, 35
2026/07/28 11:04:28.581, 65.01, 0, 74230, 35
2026/07/28 11:04:29.611, 65.08, 0, 74230, 35
2026/07/28 11:04:30.643, 65.81, 0, 74230, 35
2026/07/28 11:04:31.674, 64.90, 0, 74230, 35
2026/07/28 11:04:32.704, 65.39, 0, 74230, 35
2026/07/28 11:04:33.736, 65.14, 0, 74230, 35
2026/07/28 11:04:34.769, 65.13, 0, 74230, 35
2026/07/28 11:04:35.800, 65.44, 0, 74230, 35
2026/07/28 11:04:36.831, 65.40, 0, 74230, 35
2026/07/28 11:04:37.863, 64.99, 0, 74230, 35
2026/07/28 11:04:39.082, 65.19, 0, 74230, 35
2026/07/28 11:04:40.113, 65.34, 0, 74230, 35
2026/07/28 11:04:41.287, 65.42, 0, 74230, 35
2026/07/28 11:04:42.319, 65.30, 0, 74230, 35
2026/07/28 11:04:43.350, 65.18, 0, 74230, 35
2026/07/28 11:04:44.382, 65.29, 0, 74230, 35
2026/07/28 11:04:45.412, 65.58, 0, 74230, 35
2026/07/28 11:04:46.442, 65.52, 0, 74230, 35
2026/07/28 11:04:47.474, 64.91, 0, 74230, 35
2026/07/28 11:04:48.505, 65.55, 0, 74230, 35
2026/07/28 11:04:49.538, 65.29, 0, 74230, 35
2026/07/28 11:04:50.919, 65.33, 0, 74230, 35
2026/07/28 11:04:52.087, 65.96, 0, 74230, 35
2026/07/28 11:04:53.119, 65.15, 0, 74230, 35
2026/07/28 11:04:54.321, 65.16, 0, 74230, 35
2026/07/28 11:04:55.721, 65.30, 0, 74230, 35
2026/07/28 11:04:57.116, 65.29, 0, 74230, 35
2026/07/28 11:04:58.533, 65.26, 0, 74230, 35
2026/07/28 11:04:59.568, 65.17, 0, 74230, 35
2026/07/28 11:05:00.600, 65.38, 0, 74230, 35
2026/07/28 11:05:01.631, 65.48, 0, 74230, 35
2026/07/28 11:05:02.662, 65.55, 0, 74230, 35
2026/07/28 11:05:03.692, 65.19, 0, 74230, 35
2026/07/28 11:05:04.723, 65.29, 0, 74230, 35
2026/07/28 11:05:05.753, 65.45, 0, 74230, 35
2026/07/28 11:05:06.784, 65.39, 0, 74230, 35
2026/07/28 11:05:07.815, 65.38, 0, 74230, 35
2026/07/28 11:05:08.846, 65.43, 0, 74230, 35
2026/07/28 11:05:09.877, 65.54, 0, 74230, 35
2026/07/28 11:05:10.910, 66.04, 0, 74230, 35
2026/07/28 11:05:11.941, 65.74, 0, 74230, 35
2026/07/28 11:05:12.971, 65.46, 0, 74230, 35
2026/07/28 11:05:14.002, 66.81, 0, 74230, 35
2026/07/28 11:05:15.034, 65.43, 0, 74230, 35
2026/07/28 11:05:16.066, 65.43, 0, 74230, 35
2026/07/28 11:05:17.099, 65.54, 0, 74230, 35
2026/07/28 11:05:18.130, 65.45, 0, 74230, 35
2026/07/28 11:05:21.018, 65.07, 0, 74230, 35
2026/07/28 11:05:22.050, 65.55, 0, 74230, 35
2026/07/28 11:05:23.082, 65.57, 0, 74230, 35
2026/07/28 11:05:24.115, 65.82, 0, 74230, 35
2026/07/28 11:05:25.149, 65.40, 0, 74230, 35
2026/07/28 11:05:26.182, 65.64, 0, 74230, 35
2026/07/28 11:05:27.213, 65.45, 0, 74230, 35
2026/07/28 11:05:28.246, 65.54, 0, 74230, 35
2026/07/28 11:05:29.279, 65.64, 0, 74230, 35
2026/07/28 11:05:30.311, 66.04, 0, 74230, 35
2026/07/28 11:05:31.343, 65.58, 0, 74230, 35
2026/07/28 11:05:32.374, 65.66, 0, 74230, 35
2026/07/28 11:05:33.406, 65.77, 0, 74230, 35
2026/07/28 11:05:34.438, 65.55, 0, 74230, 35
2026/07/28 11:05:35.471, 66.01, 0, 74230, 35
2026/07/28 11:05:36.507, 65.44, 0, 74230, 35
2026/07/28 11:05:37.538, 65.53, 0, 74230, 35
2026/07/28 11:05:38.570, 65.01, 0, 74230, 35
2026/07/28 11:05:39.602, 65.31, 0, 74230, 35
2026/07/28 11:05:40.633, 65.22, 0, 74230, 35
2026/07/28 11:05:41.665, 65.08, 0, 74230, 35
2026/07/28 11:05:42.923, 64.83, 0, 74230, 35
2026/07/28 11:05:44.965, 65.14, 0, 74230, 35
2026/07/28 11:05:46.515, 65.23, 0, 74230, 35
2026/07/28 11:05:47.547, 65.10, 0, 74230, 35
2026/07/28 11:05:48.580, 65.24, 0, 74230, 35
2026/07/28 11:05:49.613, 65.16, 0, 74230, 35
2026/07/28 11:05:50.647, 65.51, 0, 74230, 35
2026/07/28 11:05:51.677, 65.96, 0, 74230, 35
2026/07/28 11:05:52.708, 65.74, 0, 74230, 35
2026/07/28 11:05:53.739, 64.82, 0, 74230, 35
2026/07/28 11:05:55.031, 64.99, 0, 74230, 35
2026/07/28 11:05:56.062, 65.12, 0, 74230, 35
2026/07/28 11:05:57.175, 65.12, 0, 74230, 35
2026/07/28 11:05:58.209, 65.58, 0, 74230, 35
2026/07/28 11:05:59.433, 65.22, 0, 74230, 35
2026/07/28 11:06:00.464, 65.37, 0, 74230, 35
2026/07/28 11:06:01.496, 65.25, 0, 74230, 35
2026/07/28 11:06:02.531, 65.82, 0, 74230, 35
2026/07/28 11:06:03.564, 65.05, 0, 74230, 35
2026/07/28 11:06:04.733, 65.08, 0, 74230, 35
2026/07/28 11:06:05.785, 65.40, 0, 74230, 35
2026/07/28 11:06:06.828, 65.65, 0, 74230, 35
2026/07/28 11:06:07.860, 65.76, 0, 74230, 35
2026/07/28 11:06:09.174, 65.00, 0, 74230, 35
2026/07/28 11:06:10.387, 66.06, 0, 74230, 35
2026/07/28 11:06:11.581, 65.61, 0, 74230, 35
2026/07/28 11:06:13.281, 65.22, 0, 74230, 35
2026/07/28 11:06:14.376, 65.51, 0, 74230, 35
2026/07/28 11:06:15.477, 64.82, 0, 74230, 35
2026/07/28 11:06:16.536, 66.09, 0, 74230, 35
2026/07/28 11:06:17.575, 65.54, 0, 74230, 35
2026/07/28 11:06:18.985, 65.08, 0, 74230, 35
2026/07/28 11:06:20.124, 64.53, 0, 74230, 35
2026/07/28 11:06:21.271, 65.51, 0, 74230, 35
2026/07/28 11:06:22.479, 65.51, 0, 74230, 35
2026/07/28 11:06:23.584, 65.32, 0, 74230, 35
2026/07/28 11:06:24.615, 65.39, 0, 74230, 35
2026/07/28 11:06:25.645, 65.47, 0, 74230, 35
2026/07/28 11:06:26.722, 65.50, 0, 74230, 35
2026/07/28 11:06:27.753, 65.59, 0, 74230, 35
2026/07/28 11:06:28.782, 65.63, 0, 74230, 35
2026/07/28 11:06:29.812, 65.30, 0, 74230, 35
2026/07/28 11:06:30.978, 65.76, 0, 74230, 35
2026/07/28 11:06:32.011, 65.61, 0, 74230, 35
2026/07/28 11:06:33.044, 65.67, 0, 74230, 35
2026/07/28 11:06:34.076, 65.68, 0, 74230, 35
2026/07/28 11:06:35.109, 65.64, 0, 74230, 35
2026/07/28 11:06:36.144, 65.67, 0, 74230, 35
2026/07/28 11:06:37.176, 65.76, 0, 74230, 35
2026/07/28 11:06:38.207, 66.25, 0, 74230, 35
2026/07/28 11:06:39.238, 65.68, 0, 74230, 35
2026/07/28 11:06:40.270, 65.67, 0, 74230, 35
2026/07/28 11:06:41.439, 65.46, 0, 74230, 35
2026/07/28 11:06:42.472, 65.42, 0, 74230, 35
2026/07/28 11:06:43.505, 65.96, 0, 74230, 35
2026/07/28 11:06:44.670, 65.48, 0, 74230, 35
2026/07/28 11:06:45.788, 65.37, 0, 74230, 35
2026/07/28 11:06:47.018, 65.25, 0, 74230, 35
2026/07/28 11:06:48.222, 65.40, 0, 74230, 35
2026/07/28 11:06:49.425, 65.22, 0, 74230, 35
2026/07/28 11:06:50.455, 64.97, 0, 74230, 35
2026/07/28 11:06:51.532, 64.88, 0, 74230, 35
2026/07/28 11:06:52.564, 64.96, 0, 74230, 35
2026/07/28 11:06:53.729, 65.21, 0, 74230, 35
2026/07/28 11:06:54.826, 65.42, 0, 74230, 35
2026/07/28 11:06:55.883, 65.96, 0, 74230, 35
2026/07/28 11:06:56.915, 65.40, 0, 74230, 35
2026/07/28 11:06:58.178, 65.32, 0, 74230, 35
2026/07/28 11:06:59.280, 65.00, 0, 74230, 35
2026/07/28 11:07:00.630, 65.11, 0, 74230, 35
2026/07/28 11:07:01.662, 65.40, 0, 74230, 35
2026/07/28 11:07:02.693, 65.29, 0, 74230, 35
2026/07/28 11:07:03.725, 65.98, 0, 74230, 35
2026/07/28 11:07:04.766, 65.01, 0, 74230, 35
2026/07/28 11:07:05.799, 65.50, 0, 74230, 35
2026/07/28 11:07:06.829, 66.29, 0, 74230, 35
2026/07/28 11:07:07.861, 65.40, 0, 74230, 35
2026/07/28 11:07:08.893, 65.00, 0, 74230, 35
2026/07/28 11:07:09.924, 64.99, 0, 74230, 35
2026/07/28 11:07:10.955, 65.49, 0, 74230, 35
2026/07/28 11:07:12.183, 65.50, 0, 74230, 35
2026/07/28 11:07:13.213, 65.38, 0, 74230, 35
2026/07/28 11:07:14.244, 65.39, 0, 74230, 35
2026/07/28 11:07:15.275, 65.19, 0, 74230, 35
2026/07/28 11:07:16.308, 65.67, 0, 74230, 35
2026/07/28 11:07:17.338, 65.69, 0, 74230, 35
2026/07/28 11:07:18.370, 65.40, 0, 74230, 35
2026/07/28 11:07:19.522, 65.61, 0, 74230, 35
2026/07/28 11:07:20.554, 66.09, 0, 74230, 35
2026/07/28 11:07:21.586, 65.42, 0, 74230, 35
2026/07/28 11:07:22.619, 65.00, 0, 74230, 35
2026/07/28 11:07:23.651, 65.51, 0, 74230, 35
2026/07/28 11:07:24.684, 65.30, 0, 74230, 35
2026/07/28 11:07:25.716, 66.25, 0, 74230, 35
2026/07/28 11:07:26.747, 65.50, 0, 74230, 35
2026/07/28 11:07:27.779, 65.10, 0, 74230, 35
2026/07/28 11:07:28.810, 65.42, 0, 74230, 35
2026/07/28 11:07:29.842, 65.20, 0, 74230, 35
2026/07/28 11:07:30.875, 65.92, 0, 74230, 35
2026/07/28 11:07:31.907, 65.42, 0, 74230, 35
2026/07/28 11:07:32.937, 65.67, 0, 74230, 35
2026/07/28 11:07:33.970, 66.00, 0, 74230, 35
2026/07/28 11:07:35.001, 64.78, 0, 74230, 35
2026/07/28 11:07:36.033, 64.62, 0, 74230, 35
2026/07/28 11:07:37.065, 65.76, 0, 74230, 35
2026/07/28 11:07:38.094, 65.54, 0, 74230, 35
2026/07/28 11:07:39.124, 64.72, 0, 74230, 35
2026/07/28 11:07:40.156, 65.38, 0, 74230, 35
2026/07/28 11:07:41.186, 66.39, 0, 74230, 35
2026/07/28 11:07:42.217, 65.70, 0, 74230, 35
2026/07/28 11:07:43.249, 65.41, 0, 74230, 35
2026/07/28 11:07:44.281, 65.81, 0, 74230, 35
2026/07/28 11:07:45.313, 65.61, 0, 74230, 35
2026/07/28 11:07:46.345, 65.71, 0, 74230, 35
2026/07/28 11:07:47.375, 65.78, 0, 74230, 35
2026/07/28 11:07:48.406, 65.81, 0, 74230, 35
2026/07/28 11:07:49.439, 65.67, 0, 74230, 35
2026/07/28 11:07:50.469, 65.50, 0, 74230, 35
2026/07/28 11:07:51.500, 65.59, 0, 74230, 35
2026/07/28 11:07:52.531, 65.50, 0, 74230, 35
2026/07/28 11:07:53.563, 65.21, 0, 74230, 35
2026/07/28 11:07:54.596, 65.43, 0, 74230, 35
2026/07/28 11:07:55.627, 65.11, 0, 74230, 35
2026/07/28 11:07:56.658, 65.35, 0, 74230, 35
2026/07/28 11:07:57.689, 64.90, 0, 74230, 35
2026/07/28 11:07:58.719, 65.29, 0, 74230, 35
2026/07/28 11:07:59.751, 64.56, 0, 74230, 35
2026/07/28 11:08:00.782, 65.28, 0, 74230, 35
2026/07/28 11:08:01.812, 65.11, 0, 74230, 35
2026/07/28 11:08:02.844, 65.58, 0, 74230, 35
2026/07/28 11:08:03.875, 65.04, 0, 74230, 35
2026/07/28 11:08:04.905, 65.20, 0, 74230, 35
2026/07/28 11:08:05.940, 65.32, 0, 74230, 35
2026/07/28 11:08:06.969, 65.20, 0, 74230, 35
2026/07/28 11:08:08.000, 65.56, 0, 74230, 35
2026/07/28 11:08:09.031, 64.93, 0, 74230, 35
2026/07/28 11:08:10.062, 65.22, 0, 74230, 35
2026/07/28 11:08:11.284, 65.41, 0, 74230, 35
2026/07/28 11:08:12.315, 66.03, 0, 74230, 35
2026/07/28 11:08:13.346, 65.49, 0, 74230, 35
2026/07/28 11:08:14.379, 65.71, 0, 74230, 35
2026/07/28 11:08:15.582, 65.23, 0, 74230, 35
2026/07/28 11:08:16.613, 65.37, 0, 74230, 35
2026/07/28 11:08:17.645, 65.21, 0, 74230, 35
2026/07/28 11:08:18.678, 65.15, 0, 74230, 35
2026/07/28 11:08:19.877, 65.31, 0, 74230, 35
2026/07/28 11:08:20.910, 66.26, 0, 74230, 35
2026/07/28 11:08:21.942, 65.31, 0, 74230, 35
2026/07/28 11:08:22.974, 65.42, 0, 74230, 35
2026/07/28 11:08:24.006, 65.18, 0, 74230, 35
2026/07/28 11:08:25.037, 65.39, 0, 74230, 35
2026/07/28 11:08:26.067, 64.86, 0, 74230, 35
2026/07/28 11:08:27.099, 65.30, 0, 74230, 35
2026/07/28 11:08:28.130, 65.32, 0, 74230, 35
2026/07/28 11:08:29.163, 65.59, 0, 74230, 35
2026/07/28 11:08:30.195, 65.59, 0, 74230, 35
2026/07/28 11:08:31.226, 65.32, 0, 74230, 35
2026/07/28 11:08:32.259, 65.54, 0, 74230, 35
2026/07/28 11:08:33.290, 65.68, 0, 74230, 35
2026/07/28 11:08:34.321, 65.39, 0, 74230, 35
2026/07/28 11:08:35.353, 65.47, 0, 74230, 35
2026/07/28 11:08:36.385, 65.49, 0, 74230, 35
2026/07/28 11:08:37.415, 65.51, 0, 74230, 35
2026/07/28 11:08:38.447, 65.60, 0, 74230, 35
2026/07/28 11:08:39.478, 65.81, 0, 74230, 35
2026/07/28 11:08:40.511, 65.50, 0, 74230, 35
2026/07/28 11:08:41.542, 65.92, 0, 74230, 35
2026/07/28 11:08:42.573, 65.51, 0, 74230, 35
2026/07/28 11:08:43.604, 65.62, 0, 74230, 35
2026/07/28 11:08:44.635, 65.59, 0, 74230, 35
2026/07/28 11:08:45.666, 65.32, 0, 74230, 35
2026/07/28 11:08:46.697, 64.96, 0, 74230, 35
2026/07/28 11:08:47.728, 65.59, 0, 74230, 35
2026/07/28 11:08:48.759, 66.38, 0, 74230, 35
2026/07/28 11:08:49.789, 65.39, 0, 74230, 35
2026/07/28 11:08:50.820, 65.69, 0, 74230, 35
2026/07/28 11:08:51.852, 65.36, 0, 74230, 35
2026/07/28 11:08:52.882, 65.59, 0, 74230, 35
2026/07/28 11:08:53.913, 65.24, 0, 74230, 35
2026/07/28 11:08:54.945, 65.86, 0, 74230, 35
2026/07/28 11:08:55.977, 66.21, 0, 74230, 35
2026/07/28 11:08:57.009, 65.98, 0, 74230, 35
2026/07/28 11:08:58.040, 65.88, 0, 74230, 35
2026/07/28 11:08:59.072, 65.81, 0, 74230, 35
2026/07/28 11:09:00.281, 64.81, 0, 74230, 35
2026/07/28 11:09:01.314, 65.09, 0, 74230, 35
2026/07/28 11:09:02.346, 65.11, 0, 74230, 35
2026/07/28 11:09:03.379, 65.30, 0, 74230, 35
2026/07/28 11:09:04.410, 65.28, 0, 74230, 35
2026/07/28 11:09:05.525, 64.92, 0, 74230, 35
2026/07/28 11:09:06.698, 65.24, 0, 74230, 35
2026/07/28 11:09:07.887, 65.24, 0, 74230, 35
2026/07/28 11:09:09.166, 65.39, 0, 74230, 35
2026/07/28 11:09:10.277, 65.39, 0, 74230, 35
2026/07/28 11:09:11.310, 65.31, 0, 74230, 35
2026/07/28 11:09:12.342, 65.37, 0, 74230, 35
2026/07/28 11:09:13.373, 65.17, 0, 74230, 35
2026/07/28 11:09:14.403, 65.20, 0, 74230, 35
2026/07/28 11:09:15.435, 65.20, 0, 74230, 35
2026/07/28 11:09:16.464, 65.22, 0, 74230, 35
2026/07/28 11:09:17.494, 65.28, 0, 74230, 35
2026/07/28 11:09:18.525, 65.17, 0, 74230, 35
2026/07/28 11:09:19.555, 65.13, 0, 74230, 35
2026/07/28 11:09:20.584, 64.97, 0, 74230, 35
2026/07/28 11:09:21.613, 65.57, 0, 74230, 35
2026/07/28 11:09:22.644, 64.97, 0, 74230, 35
2026/07/28 11:09:23.673, 65.28, 0, 74230, 35
2026/07/28 11:09:24.704, 64.86, 0, 74230, 35
2026/07/28 11:09:25.735, 65.48, 0, 74230, 35
2026/07/28 11:09:26.766, 65.24, 0, 74230, 35
2026/07/28 11:09:27.796, 65.28, 0, 74230, 35
2026/07/28 11:09:28.826, 65.67, 0, 74230, 35
2026/07/28 11:09:29.857, 65.25, 0, 74230, 35
2026/07/28 11:09:30.888, 65.04, 0, 74230, 35
2026/07/28 11:09:31.917, 65.26, 0, 74230, 35
2026/07/28 11:09:32.948, 65.26, 0, 74230, 35
2026/07/28 11:09:33.980, 65.18, 0, 74230, 35
2026/07/28 11:09:35.011, 65.76, 0, 74230, 35
2026/07/28 11:09:36.042, 64.74, 0, 74230, 35
2026/07/28 11:09:38.522, 65.12, 0, 74230, 35
2026/07/28 11:09:39.555, 64.21, 0, 74230, 35
2026/07/28 11:09:40.585, 65.58, 0, 74230, 35
2026/07/28 11:09:41.616, 65.04, 0, 74230, 35
2026/07/28 11:09:42.926, 65.96, 0, 74230, 35
2026/07/28 11:09:43.958, 66.14, 0, 74230, 35
2026/07/28 11:09:44.992, 65.97, 0, 74230, 35
2026/07/28 11:09:46.023, 65.41, 0, 74230, 35
2026/07/28 11:09:47.055, 65.06, 0, 74230, 35
2026/07/28 11:09:48.087, 65.56, 0, 74230, 35
2026/07/28 11:09:49.118, 66.22, 0, 74230, 35
2026/07/28 11:09:50.149, 65.29, 0, 74230, 35
2026/07/28 11:09:51.179, 65.45, 0, 74230, 35
2026/07/28 11:09:52.212, 66.85, 0, 74230, 35
2026/07/28 11:09:53.244, 66.58, 0, 74230, 35
2026/07/28 11:09:54.278, 65.88, 0, 74230, 35
2026/07/28 11:09:55.310, 65.54, 0, 74230, 35
2026/07/28 11:09:56.571, 65.67, 0, 74230, 35
2026/07/28 11:09:57.604, 65.61, 0, 74230, 35
2026/07/28 11:09:58.636, 65.30, 0, 74230, 35
2026/07/28 11:09:59.668, 65.55, 0, 74230, 35
2026/07/28 11:10:00.701, 65.48, 0, 74230, 35
2026/07/28 11:10:01.733, 65.25, 0, 74230, 35
2026/07/28 11:10:02.876, 65.11, 0, 74230, 35
2026/07/28 11:10:03.907, 65.45, 0, 74230, 35
2026/07/28 11:10:04.939, 65.76, 0, 74230, 35
2026/07/28 11:10:05.971, 64.62, 0, 74230, 35
2026/07/28 11:10:07.091, 65.29, 0, 74230, 35
2026/07/28 11:10:08.122, 65.33, 0, 74230, 35
2026/07/28 11:10:09.155, 65.30, 0, 74230, 35
2026/07/28 11:10:10.292, 65.06, 0, 74230, 35
2026/07/28 11:10:11.326, 65.28, 0, 74230, 35
2026/07/28 11:10:12.358, 65.19, 0, 74230, 35
2026/07/28 11:10:13.538, 65.44, 0, 74230, 35
2026/07/28 11:10:14.569, 65.18, 0, 74230, 35
2026/07/28 11:10:15.600, 65.40, 0, 74230, 35
2026/07/28 11:10:16.634, 65.08, 0, 74230, 35
2026/07/28 11:10:17.669, 65.86, 0, 74230, 35
2026/07/28 11:10:18.917, 64.75, 0, 74230, 35
2026/07/28 11:10:19.950, 64.88, 0, 74230, 35
2026/07/28 11:10:20.981, 64.99, 0, 74230, 35
2026/07/28 11:10:22.012, 64.97, 0, 74230, 35
2026/07/28 11:10:23.192, 65.32, 0, 74230, 35
2026/07/28 11:10:24.331, 65.50, 0, 74230, 35
2026/07/28 11:10:25.364, 65.20, 0, 74230, 35
2026/07/28 11:10:26.433, 65.01, 0, 74230, 35
2026/07/28 11:10:27.465, 65.04, 0, 74230, 35
2026/07/28 11:10:28.684, 64.66, 0, 74230, 35
2026/07/28 11:10:29.770, 65.38, 0, 74230, 35
2026/07/28 11:10:31.127, 65.30, 0, 74230, 35
2026/07/28 11:10:32.488, 65.35, 0, 74230, 35
2026/07/28 11:10:33.681, 65.81, 0, 74230, 35
2026/07/28 11:10:34.712, 65.20, 0, 74230, 35
2026/07/28 11:10:35.883, 65.59, 0, 74230, 35
2026/07/28 11:10:37.016, 65.38, 0, 74230, 35
2026/07/28 11:10:38.047, 65.38, 0, 74230, 35
2026/07/28 11:10:39.078, 65.34, 0, 74230, 35
2026/07/28 11:10:40.109, 65.31, 0, 74230, 35
2026/07/28 11:10:41.141, 65.50, 0, 74230, 35
2026/07/28 11:10:42.172, 65.15, 0, 74230, 35
2026/07/28 11:10:43.203, 65.49, 0, 74230, 35
2026/07/28 11:10:44.235, 65.32, 0, 74230, 35
2026/07/28 11:10:45.266, 65.74, 0, 74230, 35
2026/07/28 11:10:46.319, 65.61, 0, 74230, 35
2026/07/28 11:10:47.350, 65.40, 0, 74230, 35
2026/07/28 11:10:48.556, 65.39, 0, 74230, 35
2026/07/28 11:10:49.587, 64.72, 0, 74230, 35
2026/07/28 11:10:50.618, 65.49, 0, 74230, 35
2026/07/28 11:10:51.658, 65.10, 0, 74230, 35
2026/07/28 11:10:52.691, 66.66, 0, 74230, 35
2026/07/28 11:10:53.981, 65.30, 0, 74230, 35
2026/07/28 11:10:55.013, 65.38, 0, 74230, 35
2026/07/28 11:10:56.046, 65.68, 0, 74230, 35
2026/07/28 11:10:57.077, 65.30, 0, 74230, 35
2026/07/28 11:10:58.108, 65.10, 0, 74230, 35
2026/07/28 11:10:59.139, 65.48, 0, 74230, 35
2026/07/28 11:11:00.269, 65.42, 0, 74230, 35
2026/07/28 11:11:01.300, 65.70, 0, 74230, 35
2026/07/28 11:11:02.432, 65.12, 0, 74230, 35
2026/07/28 11:11:03.465, 65.50, 0, 74230, 35
2026/07/28 11:11:04.524, 65.57, 0, 74230, 35
2026/07/28 11:11:05.734, 65.57, 0, 74230, 35
2026/07/28 11:11:06.768, 65.54, 0, 74230, 35
2026/07/28 11:11:07.866, 65.47, 0, 74230, 35
2026/07/28 11:11:08.897, 65.67, 0, 74230, 35
2026/07/28 11:11:09.982, 65.50, 0, 74230, 35
2026/07/28 11:11:11.091, 65.70, 0, 74230, 35
2026/07/28 11:11:12.240, 65.40, 0, 74230, 35
2026/07/28 11:11:13.274, 65.19, 0, 74230, 35
2026/07/28 11:11:14.305, 65.01, 0, 74230, 35
2026/07/28 11:11:15.584, 65.18, 0, 74230, 35
2026/07/28 11:11:16.615, 64.88, 0, 74230, 35
2026/07/28 11:11:17.646, 65.07, 0, 74230, 35
2026/07/28 11:11:18.840, 65.41, 0, 74230, 35
2026/07/28 11:11:19.870, 65.09, 0, 74230, 35
2026/07/28 11:11:20.900, 64.81, 0, 74230, 35
2026/07/28 11:11:21.931, 65.31, 0, 74230, 35
2026/07/28 11:11:22.961, 65.12, 0, 74230, 35
2026/07/28 11:11:23.991, 65.03, 0, 74230, 35
2026/07/28 11:11:25.024, 64.73, 0, 74230, 35
2026/07/28 11:11:26.054, 65.11, 0, 74230, 35
2026/07/28 11:11:27.085, 65.01, 0, 74230, 35
2026/07/28 11:11:28.117, 65.26, 0, 74230, 35
2026/07/28 11:11:29.147, 64.90, 0, 74230, 35
2026/07/28 11:11:30.177, 65.12, 0, 74230, 35
2026/07/28 11:11:31.208, 65.20, 0, 74230, 35
2026/07/28 11:11:32.238, 65.10, 0, 74230, 35
2026/07/28 11:11:33.267, 65.90, 0, 74230, 35
2026/07/28 11:11:34.297, 64.74, 0, 74230, 35
2026/07/28 11:11:35.329, 64.61, 0, 74230, 35
2026/07/28 11:11:36.360, 65.15, 0, 74230, 35
2026/07/28 11:11:37.390, 65.87, 0, 74230, 35
2026/07/28 11:11:38.527, 65.19, 0, 74230, 35
2026/07/28 11:11:39.557, 65.29, 0, 74230, 35
2026/07/28 11:11:40.588, 64.21, 0, 74230, 35
2026/07/28 11:11:41.618, 65.30, 0, 74230, 35
2026/07/28 11:11:42.648, 65.10, 0, 74230, 35
2026/07/28 11:11:43.679, 65.00, 0, 74230, 35
2026/07/28 11:11:44.710, 65.28, 0, 74230, 35
2026/07/28 11:11:45.740, 65.39, 0, 74230, 35
2026/07/28 11:11:46.770, 65.33, 0, 74230, 35
2026/07/28 11:11:47.801, 65.11, 0, 74230, 35
2026/07/28 11:11:48.832, 65.39, 0, 74230, 35
2026/07/28 11:11:49.862, 65.26, 0, 74230, 35
2026/07/28 11:11:50.893, 65.40, 0, 74230, 35
2026/07/28 11:11:51.924, 64.81, 0, 74230, 35
2026/07/28 11:11:52.956, 65.72, 0, 74230, 35
2026/07/28 11:11:53.986, 65.38, 0, 74230, 35
2026/07/28 11:11:55.017, 65.21, 0, 74230, 35
2026/07/28 11:11:56.321, 65.40, 0, 74230, 35
2026/07/28 11:11:57.352, 65.33, 0, 74230, 35
2026/07/28 11:11:58.382, 65.80, 0, 74230, 35
2026/07/28 11:11:59.412, 65.40, 0, 74230, 35
2026/07/28 11:12:00.472, 64.64, 0, 74230, 35
2026/07/28 11:12:01.502, 65.59, 0, 74230, 35
2026/07/28 11:12:02.532, 65.29, 0, 74230, 35
2026/07/28 11:12:03.563, 65.32, 0, 74230, 35
2026/07/28 11:12:04.594, 65.00, 0, 74230, 35
2026/07/28 11:12:05.624, 65.61, 0, 74230, 35
2026/07/28 11:12:06.656, 65.40, 0, 74230, 35
2026/07/28 11:12:07.687, 66.29, 0, 74230, 35
2026/07/28 11:12:08.718, 64.64, 0, 74230, 35
2026/07/28 11:12:09.752, 65.01, 0, 74230, 35
2026/07/28 11:12:10.782, 65.59, 0, 74230, 35
2026/07/28 11:12:11.813, 65.10, 0, 74230, 35
2026/07/28 11:12:12.845, 65.80, 0, 74230, 35
2026/07/28 11:12:13.876, 65.42, 0, 74230, 35
2026/07/28 11:12:14.906, 65.60, 0, 74230, 35
2026/07/28 11:12:15.937, 65.33, 0, 74230, 35
2026/07/28 11:12:16.967, 65.51, 0, 74230, 35
2026/07/28 11:12:17.998, 65.71, 0, 74230, 35
2026/07/28 11:12:19.030, 65.50, 0, 74230, 35
2026/07/28 11:12:20.062, 64.73, 0, 74230, 35
2026/07/28 11:12:21.094, 65.22, 0, 74230, 35
2026/07/28 11:12:22.127, 64.99, 0, 74230, 35
2026/07/28 11:12:23.158, 64.99, 0, 74230, 35
2026/07/28 11:12:24.189, 65.40, 0, 74230, 35
2026/07/28 11:12:25.223, 64.32, 0, 74230, 35
2026/07/28 11:12:26.253, 64.99, 0, 74230, 35
2026/07/28 11:12:27.284, 65.12, 0, 74230, 35
2026/07/28 11:12:28.315, 65.25, 0, 74230, 35
2026/07/28 11:12:29.346, 65.03, 0, 74230, 35
2026/07/28 11:12:30.376, 64.98, 0, 74230, 35
2026/07/28 11:12:31.407, 65.40, 0, 74230, 35
2026/07/28 11:12:32.437, 65.11, 0, 74230, 35
2026/07/28 11:12:33.468, 64.97, 0, 74230, 35
2026/07/28 11:12:34.497, 65.09, 0, 74230, 35
2026/07/28 11:12:35.529, 65.10, 0, 74230, 35
2026/07/28 11:12:36.558, 65.69, 0, 74230, 35
2026/07/28 11:12:37.842, 65.08, 0, 74230, 35
2026/07/28 11:12:38.874, 64.61, 0, 74230, 35
2026/07/28 11:12:39.905, 65.59, 0, 74230, 35
2026/07/28 11:12:40.937, 65.31, 0, 74230, 35
2026/07/28 11:12:41.968, 65.40, 0, 74230, 35
2026/07/28 11:12:43.000, 64.33, 0, 74230, 35
2026/07/28 11:12:44.031, 65.00, 0, 74230, 35
2026/07/28 11:12:45.063, 65.48, 0, 74230, 35
2026/07/28 11:12:46.094, 65.40, 0, 74230, 35
2026/07/28 11:12:47.124, 65.21, 0, 74230, 35
2026/07/28 11:12:48.156, 65.41, 0, 74230, 35
2026/07/28 11:12:49.189, 64.90, 0, 74230, 35
2026/07/28 11:12:50.220, 65.28, 0, 74230, 35
2026/07/28 11:12:51.251, 65.59, 0, 74230, 35
2026/07/28 11:12:52.282, 64.90, 0, 74230, 35
2026/07/28 11:12:53.313, 64.71, 0, 74230, 35
2026/07/28 11:12:54.344, 65.11, 0, 74230, 35
2026/07/28 11:12:55.375, 65.19, 0, 74230, 35
2026/07/28 11:12:56.407, 65.20, 0, 74230, 35
2026/07/28 11:12:57.519, 65.71, 0, 74230, 35
2026/07/28 11:12:58.551, 64.82, 0, 74230, 35
2026/07/28 11:12:59.581, 64.96, 0, 74230, 35
2026/07/28 11:13:00.611, 65.11, 0, 74230, 35
2026/07/28 11:13:01.642, 65.42, 0, 74230, 35
2026/07/28 11:13:02.674, 65.42, 0, 74230, 35
2026/07/28 11:13:03.705, 65.30, 0, 74230, 35
2026/07/28 11:13:04.738, 65.28, 0, 74230, 35
2026/07/28 11:13:05.769, 65.59, 0, 74230, 35
2026/07/28 11:13:06.801, 64.94, 0, 74230, 35
2026/07/28 11:13:07.833, 65.42, 0, 74230, 35
2026/07/28 11:13:08.864, 65.32, 0, 74230, 35
2026/07/28 11:13:09.895, 65.32, 0, 74230, 35
2026/07/28 11:13:10.928, 65.42, 0, 74230, 35
2026/07/28 11:13:11.960, 65.42, 0, 74230, 35
2026/07/28 11:13:12.991, 65.32, 0, 74230, 35
2026/07/28 11:13:14.026, 65.51, 0, 74230, 35
2026/07/28 11:13:15.057, 65.39, 0, 74230, 35
2026/07/28 11:13:16.088, 65.40, 0, 74230, 35
2026/07/28 11:13:17.120, 65.67, 0, 74230, 35
2026/07/28 11:13:18.152, 65.56, 0, 74230, 35
2026/07/28 11:13:19.184, 65.46, 0, 74230, 35
2026/07/28 11:13:20.215, 65.40, 0, 74230, 35
2026/07/28 11:13:21.247, 65.71, 0, 74230, 35
2026/07/28 11:13:22.279, 65.49, 0, 74230, 35
2026/07/28 11:13:23.310, 65.49, 0, 74230, 35
2026/07/28 11:13:24.342, 65.59, 0, 74230, 35
2026/07/28 11:13:25.374, 65.51, 0, 74230, 35
2026/07/28 11:13:26.450, 65.53, 0, 74230, 35
2026/07/28 11:13:27.583, 65.00, 0, 74230, 35
2026/07/28 11:13:28.629, 64.80, 0, 74230, 35
2026/07/28 11:13:29.661, 64.83, 0, 74230, 35
2026/07/28 11:13:30.693, 64.83, 0, 74230, 35
2026/07/28 11:13:31.725, 65.05, 0, 74230, 35
2026/07/28 11:13:32.758, 65.36, 0, 74230, 35
2026/07/28 11:13:33.791, 64.68, 0, 74230, 35
2026/07/28 11:13:34.822, 64.99, 0, 74230, 35
2026/07/28 11:13:35.853, 64.97, 0, 74230, 35
2026/07/28 11:13:36.884, 65.07, 0, 74230, 35
2026/07/28 11:13:37.915, 64.86, 0, 74230, 35
2026/07/28 11:13:38.946, 64.97, 0, 74230, 35
2026/07/28 11:13:39.976, 65.05, 0, 74230, 35
2026/07/28 11:13:41.009, 64.98, 0, 74230, 35
2026/07/28 11:13:42.040, 64.77, 0, 74230, 35
2026/07/28 11:13:43.070, 65.03, 0, 74230, 35
2026/07/28 11:13:44.104, 64.80, 0, 74230, 35
2026/07/28 11:13:45.137, 65.36, 0, 74230, 35
2026/07/28 11:13:46.169, 65.21, 0, 74230, 35
2026/07/28 11:13:47.201, 64.92, 0, 74230, 35
2026/07/28 11:13:48.232, 65.18, 0, 74230, 35
2026/07/28 11:13:49.264, 64.72, 0, 74230, 35
2026/07/28 11:13:50.294, 65.05, 0, 74230, 35
2026/07/28 11:13:51.327, 65.09, 0, 74230, 35
2026/07/28 11:13:52.363, 65.97, 0, 74230, 35
2026/07/28 11:13:53.395, 65.41, 0, 74230, 35
2026/07/28 11:13:54.428, 64.50, 0, 74230, 35
2026/07/28 11:13:55.460, 65.28, 0, 74230, 35
2026/07/28 11:13:56.492, 65.14, 0, 74230, 35
2026/07/28 11:13:57.524, 64.96, 0, 74230, 35
2026/07/28 11:13:58.555, 65.28, 0, 74230, 35
2026/07/28 11:13:59.587, 65.39, 0, 74230, 35
2026/07/28 11:14:00.619, 64.86, 0, 74230, 35
2026/07/28 11:14:01.652, 65.10, 0, 74230, 35
2026/07/28 11:14:02.683, 65.36, 0, 74230, 35
2026/07/28 11:14:03.714, 66.34, 0, 74230, 35
2026/07/28 11:14:04.746, 65.04, 0, 74230, 35
2026/07/28 11:14:05.777, 65.42, 0, 74230, 35
2026/07/28 11:14:08.030, 65.29, 0, 74230, 35
2026/07/28 11:14:09.060, 64.97, 0, 74230, 35
2026/07/28 11:14:10.092, 65.24, 0, 74230, 35
2026/07/28 11:14:12.288, 65.36, 0, 74230, 35
2026/07/28 11:14:13.321, 65.26, 0, 74230, 35
2026/07/28 11:14:16.222, 65.32, 0, 74230, 35
2026/07/28 11:14:18.677, 65.49, 0, 74230, 35
2026/07/28 11:14:19.709, 64.90, 0, 74230, 35
2026/07/28 11:14:20.741, 65.71, 0, 74230, 35
2026/07/28 11:14:23.171, 65.50, 0, 74230, 35
2026/07/28 11:14:24.202, 65.42, 0, 74230, 35
2026/07/28 11:14:25.235, 65.53, 0, 74230, 35
2026/07/28 11:14:26.267, 65.57, 0, 74230, 35
2026/07/28 11:14:27.295, 65.38, 0, 74230, 35
2026/07/28 11:14:28.326, 66.32, 0, 74230, 35
2026/07/28 11:14:29.360, 65.37, 0, 74230, 35
2026/07/28 11:14:30.390, 65.38, 0, 74230, 35
2026/07/28 11:14:31.422, 65.53, 0, 74230, 35
2026/07/28 11:14:32.454, 65.57, 0, 74230, 35
2026/07/28 11:14:33.526, 65.51, 0, 74230, 35
2026/07/28 11:14:34.559, 65.16, 0, 74230, 35
2026/07/28 11:14:35.591, 65.59, 0, 74230, 35
2026/07/28 11:14:36.689, 64.56, 0, 74230, 35
2026/07/28 11:14:37.722, 64.97, 0, 74230, 35
2026/07/28 11:14:38.873, 65.38, 0, 74230, 35
2026/07/28 11:14:39.907, 65.00, 0, 74230, 35
2026/07/28 11:14:40.941, 64.71, 0, 74230, 35
2026/07/28 11:14:41.973, 65.09, 0, 74230, 35
2026/07/28 11:14:43.005, 66.07, 0, 74230, 35
2026/07/28 11:14:44.140, 64.89, 0, 74230, 35
2026/07/28 11:14:45.171, 64.55, 0, 74230, 35
2026/07/28 11:14:46.205, 64.07, 0, 74230, 35
2026/07/28 11:14:47.237, 65.00, 0, 74230, 35
2026/07/28 11:14:48.280, 64.60, 0, 74230, 35
2026/07/28 11:14:49.387, 65.11, 0, 74230, 35
2026/07/28 11:14:50.584, 65.32, 0, 74230, 35
2026/07/28 11:14:51.873, 65.19, 0, 74230, 35
2026/07/28 11:14:53.182, 65.45, 0, 74230, 35
2026/07/28 11:14:54.481, 65.32, 0, 74230, 35
2026/07/28 11:14:55.514, 65.50, 0, 74230, 35
2026/07/28 11:14:56.593, 65.24, 0, 74230, 35
2026/07/28 11:14:57.814, 64.78, 0, 74230, 35
2026/07/28 11:14:59.022, 65.21, 0, 74230, 35
2026/07/28 11:15:00.179, 65.81, 0, 74230, 35
2026/07/28 11:15:01.232, 65.00, 0, 74230, 35
2026/07/28 11:15:02.382, 64.22, 0, 74230, 35
2026/07/28 11:15:03.521, 65.21, 0, 74230, 35
2026/07/28 11:15:04.638, 65.29, 0, 74230, 35
2026/07/28 11:15:05.731, 65.42, 0, 74230, 35
2026/07/28 11:15:06.763, 65.11, 0, 74230, 35
2026/07/28 11:15:07.795, 65.29, 0, 74230, 35
2026/07/28 11:15:08.827, 65.01, 0, 74230, 35
2026/07/28 11:15:09.860, 65.21, 0, 74230, 35
2026/07/28 11:15:10.892, 65.83, 0, 74230, 35
2026/07/28 11:15:11.924, 65.19, 0, 74230, 35
2026/07/28 11:15:12.956, 65.98, 0, 74230, 35
2026/07/28 11:15:13.988, 65.21, 0, 74230, 35
2026/07/28 11:15:15.020, 65.30, 0, 74230, 35
2026/07/28 11:15:16.052, 65.98, 0, 74230, 35
2026/07/28 11:15:17.086, 65.21, 0, 74230, 35
2026/07/28 11:15:18.117, 65.42, 0, 74230, 35
2026/07/28 11:15:19.193, 64.62, 0, 74230, 35
2026/07/28 11:15:20.224, 65.17, 0, 74230, 35
2026/07/28 11:15:21.255, 65.21, 0, 74230, 35
2026/07/28 11:15:22.285, 65.22, 0, 74230, 35
2026/07/28 11:15:23.315, 65.46, 0, 74230, 35
2026/07/28 11:15:24.535, 64.94, 0, 74230, 35
2026/07/28 11:15:25.566, 65.48, 0, 74230, 35
2026/07/28 11:15:26.597, 64.88, 0, 74230, 35
2026/07/28 11:15:27.629, 65.59, 0, 74230, 35
2026/07/28 11:15:28.661, 65.59, 0, 74230, 35
2026/07/28 11:15:29.692, 65.45, 0, 74230, 35
2026/07/28 11:15:30.796, 65.71, 0, 74230, 35
2026/07/28 11:15:31.829, 65.50, 0, 74230, 35
2026/07/28 11:15:32.888, 65.80, 0, 74230, 35
2026/07/28 11:15:33.921, 65.30, 0, 74230, 35
2026/07/28 11:15:35.026, 65.35, 0, 74230, 35
2026/07/28 11:15:36.058, 65.10, 0, 74230, 35
2026/07/28 11:15:37.091, 65.51, 0, 74230, 35
2026/07/28 11:15:38.122, 65.22, 0, 74230, 35
2026/07/28 11:15:39.152, 65.48, 0, 74230, 35
2026/07/28 11:15:40.185, 65.01, 0, 74230, 35
2026/07/28 11:15:41.217, 64.61, 0, 74230, 35
2026/07/28 11:15:42.250, 64.92, 0, 74230, 35
2026/07/28 11:15:43.288, 64.90, 0, 74230, 35
2026/07/28 11:15:44.381, 65.21, 0, 74230, 35
2026/07/28 11:15:45.486, 65.21, 0, 74230, 35
2026/07/28 11:15:46.619, 65.07, 0, 74230, 35
2026/07/28 11:15:47.650, 65.11, 0, 74230, 35
2026/07/28 11:15:48.682, 65.69, 0, 74230, 35
2026/07/28 11:15:49.712, 64.82, 0, 74230, 35
2026/07/28 11:15:50.742, 64.92, 0, 74230, 35
2026/07/28 11:15:51.774, 64.91, 0, 74230, 35
2026/07/28 11:15:52.805, 64.99, 0, 74230, 35
2026/07/28 11:15:53.836, 65.11, 0, 74230, 35
2026/07/28 11:15:54.868, 64.82, 0, 74230, 35
2026/07/28 11:15:55.898, 65.10, 0, 74230, 35
2026/07/28 11:15:56.929, 65.27, 0, 74230, 35
2026/07/28 11:15:57.960, 65.92, 0, 74230, 35
2026/07/28 11:15:58.990, 66.10, 0, 74230, 35
2026/07/28 11:16:00.021, 64.92, 0, 74230, 35
2026/07/28 11:16:01.052, 65.22, 0, 74230, 35
2026/07/28 11:16:02.083, 64.99, 0, 74230, 35
2026/07/28 11:16:03.114, 65.08, 0, 74230, 35
2026/07/28 11:16:04.146, 64.85, 0, 74230, 35
2026/07/28 11:16:05.177, 65.14, 0, 74230, 35
2026/07/28 11:16:06.208, 65.24, 0, 74230, 35
2026/07/28 11:16:07.238, 65.22, 0, 74230, 35
2026/07/28 11:16:08.270, 65.01, 0, 74230, 35
2026/07/28 11:16:09.303, 65.05, 0, 74230, 35
2026/07/28 11:16:10.334, 65.02, 0, 74230, 35
2026/07/28 11:16:11.366, 64.96, 0, 74230, 35
2026/07/28 11:16:12.397, 64.88, 0, 74230, 35
2026/07/28 11:16:13.428, 64.96, 0, 74230, 35
2026/07/28 11:16:14.469, 65.28, 0, 74230, 35
2026/07/28 11:16:15.500, 65.47, 0, 74230, 35
2026/07/28 11:16:16.532, 65.18, 0, 74230, 35
2026/07/28 11:16:17.566, 66.15, 0, 74230, 35
2026/07/28 11:16:18.598, 65.10, 0, 74230, 35
2026/07/28 11:16:19.629, 65.98, 0, 74230, 35
2026/07/28 11:16:20.659, 64.71, 0, 74230, 35
2026/07/28 11:16:21.689, 64.62, 0, 74230, 35
2026/07/28 11:16:22.721, 64.99, 0, 74230, 35
2026/07/28 11:16:23.752, 65.80, 0, 74230, 35
2026/07/28 11:16:24.782, 64.98, 0, 74230, 35
2026/07/28 11:16:25.813, 65.49, 0, 74230, 35
2026/07/28 11:16:26.844, 65.34, 0, 74230, 35
2026/07/28 11:16:27.875, 65.22, 0, 74230, 35
2026/07/28 11:16:28.905, 65.33, 0, 74230, 35
2026/07/28 11:16:29.936, 65.32, 0, 74230, 35
2026/07/28 11:16:30.967, 65.13, 0, 74230, 35
2026/07/28 11:16:31.998, 65.90, 0, 74230, 35
2026/07/28 11:16:33.333, 65.38, 0, 74230, 35
2026/07/28 11:16:34.364, 65.90, 0, 74230, 35
2026/07/28 11:16:35.397, 65.62, 0, 74230, 35
2026/07/28 11:16:36.427, 65.53, 0, 74230, 35
2026/07/28 11:16:37.457, 65.31, 0, 74230, 35
2026/07/28 11:16:38.488, 64.34, 0, 74230, 35
2026/07/28 11:16:39.519, 65.47, 0, 74230, 35
2026/07/28 11:16:40.610, 65.38, 0, 74230, 35
2026/07/28 11:16:41.641, 65.47, 0, 74230, 35
2026/07/28 11:16:42.671, 65.84, 0, 74230, 35
2026/07/28 11:16:43.702, 65.42, 0, 74230, 35
2026/07/28 11:16:44.977, 65.78, 0, 74230, 35
2026/07/28 11:16:46.007, 65.72, 0, 74230, 35
2026/07/28 11:16:47.038, 65.59, 0, 74230, 35
2026/07/28 11:16:48.070, 65.95, 0, 74230, 35
2026/07/28 11:16:49.101, 65.01, 0, 74230, 35
2026/07/28 11:16:50.133, 65.04, 0, 74230, 35
2026/07/28 11:16:51.163, 64.77, 0, 74230, 35
2026/07/28 11:16:52.194, 64.57, 0, 74230, 35
2026/07/28 11:16:53.224, 65.00, 0, 74230, 35
2026/07/28 11:16:54.254, 64.71, 0, 74230, 35
2026/07/28 11:16:55.286, 64.65, 0, 74230, 35
2026/07/28 11:16:56.317, 65.00, 0, 74230, 35
2026/07/28 11:16:57.348, 64.95, 0, 74230, 35
2026/07/28 11:16:58.378, 64.04, 0, 74230, 35
2026/07/28 11:16:59.409, 65.00, 0, 74230, 35
2026/07/28 11:17:00.441, 64.97, 0, 74230, 35
2026/07/28 11:17:01.779, 65.66, 0, 74230, 35
2026/07/28 11:17:02.810, 65.24, 0, 74230, 35
2026/07/28 11:17:03.841, 64.91, 0, 74230, 35
2026/07/28 11:17:04.873, 65.47, 0, 74230, 35
2026/07/28 11:17:05.904, 64.68, 0, 74230, 35
2026/07/28 11:17:06.935, 65.09, 0, 74230, 35
2026/07/28 11:17:07.966, 65.07, 0, 74230, 35
2026/07/28 11:17:08.996, 65.20, 0, 74230, 35
2026/07/28 11:17:10.026, 64.43, 0, 74230, 35
2026/07/28 11:17:11.058, 65.41, 0, 74230, 35
2026/07/28 11:17:12.088, 65.01, 0, 74230, 35
2026/07/28 11:17:13.120, 65.09, 0, 74230, 35
2026/07/28 11:17:14.151, 64.99, 0, 74230, 35
2026/07/28 11:17:15.180, 65.19, 0, 74230, 35
2026/07/28 11:17:16.210, 65.54, 0, 74230, 35
2026/07/28 11:17:17.240, 65.35, 0, 74230, 35
2026/07/28 11:17:18.272, 65.04, 0, 74230, 35
2026/07/28 11:17:19.303, 65.28, 0, 74230, 35
2026/07/28 11:17:20.333, 65.44, 0, 74230, 35
2026/07/28 11:17:21.387, 65.14, 0, 74230, 35
2026/07/28 11:17:22.421, 64.92, 0, 74230, 35
2026/07/28 11:17:23.452, 65.31, 0, 74230, 35
2026/07/28 11:17:24.483, 65.26, 0, 74230, 35
2026/07/28 11:17:25.514, 65.69, 0, 74230, 35
2026/07/28 11:17:26.570, 65.40, 0, 74230, 35
2026/07/28 11:17:27.687, 65.29, 0, 74230, 35
2026/07/28 11:17:28.931, 65.15, 0, 74230, 35
2026/07/28 11:17:29.964, 66.05, 0, 74230, 35
2026/07/28 11:17:30.995, 65.47, 0, 74230, 35
2026/07/28 11:17:32.025, 65.45, 0, 74230, 35
2026/07/28 11:17:33.057, 65.46, 0, 74230, 35
2026/07/28 11:17:34.087, 65.65, 0, 74230, 35
2026/07/28 11:17:35.116, 65.47, 0, 74230, 35
2026/07/28 11:17:36.145, 65.38, 0, 74230, 35
2026/07/28 11:17:37.175, 65.13, 0, 74230, 35
2026/07/28 11:17:38.204, 65.84, 0, 74230, 35
2026/07/28 11:17:39.235, 65.35, 0, 74230, 35
2026/07/28 11:17:40.268, 65.47, 0, 74230, 35
2026/07/28 11:17:41.299, 65.69, 0, 74230, 35
2026/07/28 11:17:42.329, 65.24, 0, 74230, 35
2026/07/28 11:17:43.360, 65.58, 0, 74230, 35
2026/07/28 11:17:44.391, 65.26, 0, 74230, 35
2026/07/28 11:17:45.422, 65.87, 0, 74230, 35
2026/07/28 11:17:46.454, 65.64, 0, 74230, 35
2026/07/28 11:17:47.486, 65.57, 0, 74230, 35
2026/07/28 11:17:48.516, 65.51, 0, 74230, 35
2026/07/28 11:17:49.545, 65.39, 0, 74230, 35
2026/07/28 11:17:50.584, 65.55, 0, 74230, 35
2026/07/28 11:17:51.616, 65.65, 0, 74230, 35
2026/07/28 11:17:52.647, 66.07, 0, 74230, 35
2026/07/28 11:17:53.677, 65.93, 0, 74230, 35
2026/07/28 11:17:54.706, 65.51, 0, 74230, 35
2026/07/28 11:17:55.979, 65.18, 0, 74230, 35
2026/07/28 11:17:57.012, 64.43, 0, 74230, 35
2026/07/28 11:17:58.044, 64.67, 0, 74230, 35
2026/07/28 11:17:59.075, 64.97, 0, 74230, 35
2026/07/28 11:18:00.107, 65.08, 0, 74230, 35
2026/07/28 11:18:01.138, 65.20, 0, 74230, 35
2026/07/28 11:18:02.168, 65.49, 0, 74230, 35
2026/07/28 11:18:03.199, 64.84, 0, 74230, 35
2026/07/28 11:18:04.229, 65.38, 0, 74230, 35
2026/07/28 11:18:05.261, 65.45, 0, 74230, 35
2026/07/28 11:18:06.292, 65.14, 0, 74230, 35
2026/07/28 11:18:08.814, 65.21, 0, 74230, 35
2026/07/28 11:18:09.846, 65.18, 0, 74230, 35
2026/07/28 11:18:10.878, 65.64, 0, 74230, 35
2026/07/28 11:18:11.908, 65.07, 0, 74230, 35
2026/07/28 11:18:13.971, 65.22, 0, 74230, 35
2026/07/28 11:18:15.002, 64.85, 0, 74230, 35
2026/07/28 11:18:17.919, 64.89, 0, 74230, 35
2026/07/28 11:18:18.952, 65.00, 0, 74230, 35
2026/07/28 11:18:19.985, 65.67, 0, 74230, 35
2026/07/28 11:18:21.018, 65.36, 0, 74230, 35
2026/07/28 11:18:22.133, 65.48, 0, 74230, 35
2026/07/28 11:18:23.164, 65.15, 0, 74230, 35
2026/07/28 11:18:24.195, 65.42, 0, 74230, 35
2026/07/28 11:18:25.371, 65.59, 0, 74230, 35
2026/07/28 11:18:26.400, 65.19, 0, 74230, 35
2026/07/28 11:18:27.864, 65.28, 0, 74230, 35
2026/07/28 11:18:28.894, 64.97, 0, 74230, 35
2026/07/28 11:18:29.968, 65.68, 0, 74230, 35
2026/07/28 11:18:30.998, 65.31, 0, 74230, 35
2026/07/28 11:18:32.027, 65.37, 0, 74230, 35
2026/07/28 11:18:33.289, 65.36, 0, 74230, 35
2026/07/28 11:18:34.540, 65.26, 0, 74230, 35
2026/07/28 11:18:35.575, 65.84, 0, 74230, 35
2026/07/28 11:18:36.879, 65.16, 0, 74230, 35
2026/07/28 11:18:37.913, 65.39, 0, 74230, 35
2026/07/28 11:18:39.328, 65.18, 0, 74230, 35
2026/07/28 11:18:40.736, 65.41, 0, 74230, 35
2026/07/28 11:18:41.769, 65.32, 0, 74230, 35
2026/07/28 11:18:42.801, 64.93, 0, 74230, 35
2026/07/28 11:18:43.983, 65.49, 0, 74230, 35
2026/07/28 11:18:45.092, 67.07, 0, 74230, 35
2026/07/28 11:18:46.183, 65.42, 0, 74230, 35
2026/07/28 11:18:47.290, 65.69, 0, 74230, 35
2026/07/28 11:18:48.433, 65.03, 0, 74230, 35
2026/07/28 11:18:49.521, 65.42, 0, 74230, 35
2026/07/28 11:18:50.553, 65.42, 0, 74230, 35
2026/07/28 11:18:51.587, 65.47, 0, 74230, 35
2026/07/28 11:18:52.613, 65.31, 0, 74230, 35
2026/07/28 11:18:53.638, 66.06, 0, 74230, 35
2026/07/28 11:18:54.664, 65.51, 0, 74230, 35
2026/07/28 11:18:55.689, 65.51, 0, 74230, 35
2026/07/28 11:18:56.714, 65.50, 0, 74230, 35
2026/07/28 11:18:57.749, 67.05, 0, 74230, 35
2026/07/28 11:18:58.785, 65.42, 0, 74230, 35
2026/07/28 11:18:59.810, 66.10, 0, 74230, 35
2026/07/28 11:19:00.836, 65.42, 0, 74230, 35
2026/07/28 11:19:01.862, 65.55, 0, 74230, 35
2026/07/28 11:19:02.887, 65.01, 0, 74230, 35
2026/07/28 11:19:03.913, 65.01, 0, 74230, 35
2026/07/28 11:19:04.939, 65.11, 0, 74230, 35
2026/07/28 11:19:05.967, 64.88, 0, 74230, 35
2026/07/28 11:19:06.992, 65.96, 0, 74230, 35
2026/07/28 11:19:08.017, 65.29, 0, 74230, 35
2026/07/28 11:19:09.043, 65.09, 0, 74230, 35
2026/07/28 11:19:10.068, 65.64, 0, 74230, 35
2026/07/28 11:19:11.094, 65.09, 0, 74230, 35
2026/07/28 11:19:12.119, 65.29, 0, 74230, 35
2026/07/28 11:19:13.144, 65.22, 0, 74230, 35
2026/07/28 11:19:14.169, 64.59, 0, 74230, 35
2026/07/28 11:19:15.361, 65.41, 0, 74230, 35
2026/07/28 11:19:16.386, 65.11, 0, 74230, 35
2026/07/28 11:19:17.411, 65.00, 0, 74230, 35
2026/07/28 11:19:18.436, 66.58, 0, 74230, 35
2026/07/28 11:19:19.464, 64.99, 0, 74230, 35
2026/07/28 11:19:20.491, 65.03, 0, 74230, 35
2026/07/28 11:19:21.971, 65.38, 0, 74230, 35
2026/07/28 11:19:23.002, 65.03, 0, 74230, 35
2026/07/28 11:19:24.033, 65.00, 0, 74230, 35
2026/07/28 11:19:25.063, 65.18, 0, 74230, 35
2026/07/28 11:19:26.094, 64.87, 0, 74230, 35
2026/07/28 11:19:27.124, 65.19, 0, 74230, 35
2026/07/28 11:19:28.155, 64.99, 0, 74230, 35
2026/07/28 11:19:29.187, 65.45, 0, 74230, 35
2026/07/28 11:19:30.219, 65.15, 0, 74230, 35
2026/07/28 11:19:31.251, 65.08, 0, 74230, 35
2026/07/28 11:19:32.282, 65.18, 0, 74230, 35
2026/07/28 11:19:33.313, 65.22, 0, 74230, 35
2026/07/28 11:19:34.345, 65.27, 0, 74230, 35
2026/07/28 11:19:35.375, 64.99, 0, 74230, 35
2026/07/28 11:19:36.406, 65.22, 0, 74230, 35
2026/07/28 11:19:37.439, 65.68, 0, 74230, 35
2026/07/28 11:19:38.470, 65.61, 0, 74230, 35
2026/07/28 11:19:39.502, 64.31, 0, 74230, 35
2026/07/28 11:19:40.533, 66.18, 0, 74230, 35
2026/07/28 11:19:41.565, 65.41, 0, 74230, 35
2026/07/28 11:19:42.597, 65.13, 0, 74230, 35
2026/07/28 11:19:43.645, 66.09, 0, 74230, 35
2026/07/28 11:19:44.677, 65.24, 0, 74230, 35
2026/07/28 11:19:45.707, 65.42, 0, 74230, 35
2026/07/28 11:19:46.741, 65.38, 0, 74230, 35
2026/07/28 11:19:47.772, 65.39, 0, 74230, 35
2026/07/28 11:19:48.803, 65.51, 0, 74230, 35
2026/07/28 11:19:49.843, 65.30, 0, 74230, 35
2026/07/28 11:19:50.874, 65.52, 0, 74230, 35
2026/07/28 11:19:51.905, 66.40, 0, 74230, 35
2026/07/28 11:19:52.935, 64.91, 0, 74230, 35
2026/07/28 11:19:53.966, 65.61, 0, 74230, 35
2026/07/28 11:19:54.998, 65.98, 0, 74230, 35
2026/07/28 11:19:56.025, 64.44, 0, 74230, 35
2026/07/28 11:19:57.055, 65.42, 0, 74230, 35
2026/07/28 11:19:58.085, 65.42, 0, 74230, 35
2026/07/28 11:19:59.116, 65.60, 0, 74230, 35
2026/07/28 11:20:00.146, 65.59, 0, 74230, 35
2026/07/28 11:20:03.659, 65.28, 0, 74230, 35
2026/07/28 11:20:04.688, 65.90, 0, 74230, 35
2026/07/28 11:20:05.719, 65.32, 0, 74230, 35
2026/07/28 11:20:06.749, 66.09, 0, 74230, 35
2026/07/28 11:20:07.778, 65.51, 0, 74230, 35
2026/07/28 11:20:08.808, 66.37, 0, 74230, 35
2026/07/28 11:20:09.837, 64.64, 0, 74230, 35
2026/07/28 11:20:10.868, 65.40, 0, 74230, 35
2026/07/28 11:20:11.897, 65.02, 0, 74230, 35
2026/07/28 11:20:12.927, 65.10, 0, 74230, 35
2026/07/28 11:20:13.957, 65.12, 0, 74230, 35
2026/07/28 11:20:14.990, 65.21, 0, 74230, 35
2026/07/28 11:20:16.019, 65.21, 0, 74230, 35
2026/07/28 11:20:17.050, 64.91, 0, 74230, 35
2026/07/28 11:20:18.081, 65.58, 0, 74230, 35
2026/07/28 11:20:19.112, 65.32, 0, 74230, 35
2026/07/28 11:20:20.141, 65.19, 0, 74230, 35
2026/07/28 11:20:21.171, 65.00, 0, 74230, 35
2026/07/28 11:20:22.201, 65.09, 0, 74230, 35
2026/07/28 11:20:23.232, 65.07, 0, 74230, 35
2026/07/28 11:20:24.264, 64.92, 0, 74230, 35
2026/07/28 11:20:25.298, 65.12, 0, 74230, 35
2026/07/28 11:20:26.329, 65.28, 0, 74230, 35
2026/07/28 11:20:27.360, 65.11, 0, 74230, 35
2026/07/28 11:20:28.392, 65.09, 0, 74230, 35
2026/07/28 11:20:29.424, 65.18, 0, 74230, 35
2026/07/28 11:20:30.456, 65.12, 0, 74230, 35
2026/07/28 11:20:31.487, 64.95, 0, 74230, 35
2026/07/28 11:20:32.616, 65.11, 0, 74230, 35
2026/07/28 11:20:33.647, 65.51, 0, 74230, 35
2026/07/28 11:20:34.678, 65.55, 0, 74230, 35
2026/07/28 11:20:35.708, 64.94, 0, 74230, 35
2026/07/28 11:20:36.739, 65.20, 0, 74230, 35
2026/07/28 11:20:37.772, 65.03, 0, 74230, 35
2026/07/28 11:20:38.802, 64.89, 0, 74230, 35
2026/07/28 11:20:39.832, 65.88, 0, 74230, 35
2026/07/28 11:20:40.865, 65.47, 0, 74230, 35
2026/07/28 11:20:41.899, 65.30, 0, 74230, 35
2026/07/28 11:20:42.933, 64.32, 0, 74230, 35
2026/07/28 11:20:43.966, 65.39, 0, 74230, 35
2026/07/28 11:20:44.998, 65.28, 0, 74230, 35
2026/07/28 11:20:46.040, 64.70, 0, 74230, 35
2026/07/28 11:20:47.216, 66.40, 0, 74230, 35
2026/07/28 11:20:48.249, 65.28, 0, 74230, 35
2026/07/28 11:20:49.281, 65.52, 0, 74230, 35
2026/07/28 11:20:50.312, 65.11, 0, 74230, 35
2026/07/28 11:20:51.343, 65.42, 0, 74230, 35
2026/07/28 11:20:52.374, 65.89, 0, 74230, 35
2026/07/28 11:20:53.405, 65.10, 0, 74230, 35
2026/07/28 11:20:54.437, 65.61, 0, 74230, 35
2026/07/28 11:20:55.467, 65.15, 0, 74230, 35
2026/07/28 11:20:56.498, 65.30, 0, 74230, 35
2026/07/28 11:20:57.529, 65.47, 0, 74230, 35
2026/07/28 11:20:58.560, 64.65, 0, 74230, 35
2026/07/28 11:20:59.594, 65.51, 0, 74230, 35
2026/07/28 11:21:00.626, 65.61, 0, 74230, 35
2026/07/28 11:21:01.660, 65.71, 0, 74230, 35
2026/07/28 11:21:02.691, 65.59, 0, 74230, 35
2026/07/28 11:21:03.722, 65.90, 0, 74230, 35
2026/07/28 11:21:04.753, 65.61, 0, 74230, 35
2026/07/28 11:21:05.783, 64.82, 0, 74230, 35
2026/07/28 11:21:06.813, 65.42, 0, 74230, 35
2026/07/28 11:21:07.844, 65.51, 0, 74230, 35
2026/07/28 11:21:08.875, 65.58, 0, 74230, 35
2026/07/28 11:21:09.905, 65.42, 0, 74230, 35
2026/07/28 11:21:10.937, 65.66, 0, 74230, 35
2026/07/28 11:21:11.971, 65.10, 0, 74230, 35
2026/07/28 11:21:13.002, 65.71, 0, 74230, 35
2026/07/28 11:21:14.034, 65.89, 0, 74230, 35
2026/07/28 11:21:15.065, 65.75, 0, 74230, 35
2026/07/28 11:21:16.097, 64.72, 0, 74230, 35
2026/07/28 11:21:17.128, 64.63, 0, 74230, 35
2026/07/28 11:21:18.159, 64.71, 0, 74230, 35
2026/07/28 11:21:19.189, 65.11, 0, 74230, 35
2026/07/28 11:21:20.218, 64.82, 0, 74230, 35
2026/07/28 11:21:21.249, 65.09, 0, 74230, 35
2026/07/28 11:21:22.281, 65.00, 0, 74230, 35
2026/07/28 11:21:23.312, 65.00, 0, 74230, 35
2026/07/28 11:21:24.344, 64.83, 0, 74230, 35
2026/07/28 11:21:25.374, 65.00, 0, 74230, 35
2026/07/28 11:21:26.405, 64.81, 0, 74230, 35
2026/07/28 11:21:27.437, 64.22, 0, 74230, 35
2026/07/28 11:21:28.611, 65.11, 0, 74230, 35
2026/07/28 11:21:29.643, 65.00, 0, 74230, 35
2026/07/28 11:21:30.673, 65.61, 0, 74230, 35
2026/07/28 11:21:31.704, 65.93, 0, 74230, 35
2026/07/28 11:21:32.737, 65.37, 0, 74230, 35
2026/07/28 11:21:33.772, 65.24, 0, 74230, 35
2026/07/28 11:21:34.802, 65.42, 0, 74230, 35
2026/07/28 11:21:35.833, 65.27, 0, 74230, 35
2026/07/28 11:21:36.863, 65.79, 0, 74230, 35
2026/07/28 11:21:37.894, 65.19, 0, 74230, 35
2026/07/28 11:21:38.927, 65.18, 0, 74230, 35
2026/07/28 11:21:39.959, 65.11, 0, 74230, 35
2026/07/28 11:21:40.991, 65.42, 0, 74230, 35
2026/07/28 11:21:42.024, 65.20, 0, 74230, 35
2026/07/28 11:21:43.054, 65.56, 0, 74230, 35
2026/07/28 11:21:44.086, 65.27, 0, 74230, 35
2026/07/28 11:21:45.117, 65.09, 0, 74230, 35
2026/07/28 11:21:46.148, 65.38, 0, 74230, 35
2026/07/28 11:21:47.178, 65.00, 0, 74230, 35
2026/07/28 11:21:48.210, 65.42, 0, 74230, 35
2026/07/28 11:21:49.241, 65.40, 0, 74230, 35
2026/07/28 11:21:50.271, 65.21, 0, 74230, 35
2026/07/28 11:21:51.304, 65.31, 0, 74230, 35
2026/07/28 11:21:52.334, 65.18, 0, 74230, 35
2026/07/28 11:21:53.365, 65.22, 0, 74230, 35
2026/07/28 11:21:54.396, 65.40, 0, 74230, 35
2026/07/28 11:21:55.427, 65.32, 0, 74230, 35
2026/07/28 11:21:56.458, 65.41, 0, 74230, 35
2026/07/28 11:21:57.491, 65.71, 0, 74230, 35
2026/07/28 11:21:58.523, 65.22, 0, 74230, 35
2026/07/28 11:21:59.555, 65.42, 0, 74230, 35
2026/07/28 11:22:00.587, 65.11, 0, 74230, 35
2026/07/28 11:22:01.619, 65.39, 0, 74230, 35
2026/07/28 11:22:02.651, 65.39, 0, 74230, 35
2026/07/28 11:22:03.682, 65.67, 0, 74230, 35
2026/07/28 11:22:04.711, 65.51, 0, 74230, 35
2026/07/28 11:22:05.742, 65.81, 0, 74230, 35
2026/07/28 11:22:06.775, 65.61, 0, 74230, 35
2026/07/28 11:22:07.805, 65.40, 0, 74230, 35
2026/07/28 11:22:08.836, 64.68, 0, 74230, 35
2026/07/28 11:22:09.869, 65.68, 0, 74230, 35
2026/07/28 11:22:10.901, 65.39, 0, 74230, 35
2026/07/28 11:22:11.933, 65.32, 0, 74230, 35
2026/07/28 11:22:12.964, 65.61, 0, 74230, 35
2026/07/28 11:22:13.996, 65.49, 0, 74230, 35
2026/07/28 11:22:15.028, 65.50, 0, 74230, 35
2026/07/28 11:22:16.060, 65.39, 0, 74230, 35
2026/07/28 11:22:17.091, 65.34, 0, 74230, 35
2026/07/28 11:22:18.123, 65.57, 0, 74230, 35
2026/07/28 11:22:19.154, 65.71, 0, 74230, 35
2026/07/28 11:22:20.186, 65.41, 0, 74230, 35
2026/07/28 11:22:21.217, 66.43, 0, 74230, 35
2026/07/28 11:22:22.250, 65.68, 0, 74230, 35
2026/07/28 11:22:23.282, 64.90, 0, 74230, 35
2026/07/28 11:22:24.313, 64.64, 0, 74230, 35
2026/07/28 11:22:25.343, 65.10, 0, 74230, 35
2026/07/28 11:22:26.374, 64.95, 0, 74230, 35
2026/07/28 11:22:27.406, 64.90, 0, 74230, 35
2026/07/28 11:22:28.437, 65.19, 0, 74230, 35
2026/07/28 11:22:29.467, 65.09, 0, 74230, 35
2026/07/28 11:22:30.498, 65.11, 0, 74230, 35
2026/07/28 11:22:31.584, 65.06, 0, 74230, 35
2026/07/28 11:22:32.616, 65.00, 0, 74230, 35
2026/07/28 11:22:33.648, 64.93, 0, 74230, 35
2026/07/28 11:22:34.682, 64.96, 0, 74230, 35
2026/07/28 11:22:35.713, 65.11, 0, 74230, 35
2026/07/28 11:22:36.745, 65.20, 0, 74230, 35
2026/07/28 11:22:37.776, 65.05, 0, 74230, 35
2026/07/28 11:22:38.809, 65.58, 0, 74230, 35
2026/07/28 11:22:39.840, 65.01, 0, 74230, 35
2026/07/28 11:22:40.870, 65.77, 0, 74230, 35
2026/07/28 11:22:41.900, 65.50, 0, 74230, 35
2026/07/28 11:22:42.932, 65.08, 0, 74230, 35
2026/07/28 11:22:43.964, 64.90, 0, 74230, 35
2026/07/28 11:22:44.996, 65.00, 0, 74230, 35
2026/07/28 11:22:46.027, 65.21, 0, 74230, 35
2026/07/28 11:22:47.058, 65.28, 0, 74230, 35
2026/07/28 11:22:48.088, 65.67, 0, 74230, 35
2026/07/28 11:22:49.120, 65.02, 0, 74230, 35
2026/07/28 11:22:50.151, 65.09, 0, 74230, 35
2026/07/28 11:22:51.182, 65.61, 0, 74230, 35
2026/07/28 11:22:52.212, 65.31, 0, 74230, 35
2026/07/28 11:22:53.244, 65.08, 0, 74230, 35
2026/07/28 11:22:54.274, 65.29, 0, 74230, 35
2026/07/28 11:22:55.303, 65.49, 0, 74230, 35
2026/07/28 11:22:56.334, 64.93, 0, 74230, 35
2026/07/28 11:22:57.365, 65.10, 0, 74230, 35
2026/07/28 11:22:58.397, 65.76, 0, 74230, 35
2026/07/28 11:22:59.430, 309.97, 100, 74230, 42
2026/07/28 11:23:00.465, 298.59, 100, 74230, 43
2026/07/28 11:23:01.500, 303.02, 100, 74230, 43
2026/07/28 11:23:02.532, 274.22, 100, 74230, 44
2026/07/28 11:23:03.565, 302.05, 100, 74230, 44
2026/07/28 11:23:04.603, 290.14, 100, 74230, 43
2026/07/28 11:23:05.640, 288.57, 100, 74230, 43
2026/07/28 11:23:06.677, 288.08, 100, 74230, 44
2026/07/28 11:23:07.713, 288.30, 100, 74230, 44
2026/07/28 11:23:08.751, 300.43, 100, 74230, 47
2026/07/28 11:23:09.785, 304.89, 100, 74230, 47
2026/07/28 11:23:10.819, 293.34, 100, 74230, 48
2026/07/28 11:23:11.854, 280.01, 100, 74230, 49
2026/07/28 11:23:12.887, 310.37, 100, 74230, 49
2026/07/28 11:23:13.922, 295.29, 100, 74230, 47
2026/07/28 11:23:14.959, 295.28, 100, 74230, 48
2026/07/28 11:23:15.996, 297.22, 100, 74230, 48
2026/07/28 11:23:17.034, 292.20, 100, 74230, 50
2026/07/28 11:23:18.068, 304.36, 100, 74230, 51
2026/07/28 11:23:19.105, 310.40, 100, 74230, 51
2026/07/28 11:23:20.138, 297.15, 100, 74230, 52
2026/07/28 11:23:21.173, 271.79, 100, 74230, 52
2026/07/28 11:23:22.208, 295.95, 100, 74230, 52
2026/07/28 11:23:23.243, 298.02, 100, 74230, 51
2026/07/28 11:23:24.280, 299.94, 100, 74230, 51
2026/07/28 11:23:25.318, 300.82, 100, 74230, 51
2026/07/28 11:23:26.359, 297.40, 100, 74230, 52
2026/07/28 11:23:27.396, 293.83, 100, 74230, 52
2026/07/28 11:23:28.433, 295.36, 100, 74230, 52
2026/07/28 11:23:29.471, 303.93, 100, 74230, 53
2026/07/28 11:23:30.509, 301.47, 100, 74230, 53
2026/07/28 11:23:31.547, 302.84, 100, 74230, 53
2026/07/28 11:23:32.583, 303.06, 100, 74230, 54
2026/07/28 11:23:33.622, 302.16, 100, 74230, 54
2026/07/28 11:23:34.657, 303.91, 100, 74230, 55
2026/07/28 11:23:35.695, 304.99, 100, 74230, 55
2026/07/28 11:23:36.732, 296.56, 100, 74230, 55
2026/07/28 11:23:37.769, 295.68, 100, 74230, 55
2026/07/28 11:23:38.806, 293.62, 100, 74230, 56
2026/07/28 11:23:39.845, 297.52, 100, 74230, 56
2026/07/28 11:23:40.882, 300.67, 100, 74230, 57
2026/07/28 11:23:41.919, 297.45, 100, 74230, 57
2026/07/28 11:23:42.956, 298.79, 100, 74230, 57
2026/07/28 11:23:43.991, 299.93, 100, 74230, 57
2026/07/28 11:23:45.027, 299.95, 100, 74230, 58
2026/07/28 11:23:46.063, 300.52, 100, 74230, 58
2026/07/28 11:23:47.101, 293.54, 100, 74230, 58
2026/07/28 11:23:48.138, 296.73, 100, 74230, 59
2026/07/28 11:23:49.176, 298.19, 100, 74230, 59
2026/07/28 11:23:50.212, 302.30, 100, 74230, 59
2026/07/28 11:23:51.248, 302.10, 100, 74230, 60
2026/07/28 11:23:52.284, 302.56, 100, 74230, 60
2026/07/28 11:23:53.323, 302.38, 100, 74230, 60
2026/07/28 11:23:54.360, 296.92, 100, 74230, 60
2026/07/28 11:23:55.398, 305.40, 100, 74230, 61
2026/07/28 11:23:56.435, 299.17, 100, 74230, 61
2026/07/28 11:23:57.473, 300.33, 100, 74230, 61
2026/07/28 11:23:58.509, 295.39, 100, 74230, 61
2026/07/28 11:23:59.549, 295.51, 100, 74230, 62
2026/07/28 11:24:00.586, 300.11, 100, 74230, 62
2026/07/28 11:24:01.626, 296.24, 100, 74230, 62
2026/07/28 11:24:02.664, 303.74, 100, 74230, 62
2026/07/28 11:24:03.702, 306.81, 100, 74230, 62
2026/07/28 11:24:04.740, 294.81, 100, 74230, 63
2026/07/28 11:24:05.778, 299.37, 100, 74230, 63
2026/07/28 11:24:06.815, 300.14, 100, 74230, 63
2026/07/28 11:24:07.853, 299.49, 100, 74230, 63
2026/07/28 11:24:08.890, 297.32, 100, 74230, 64
2026/07/28 11:24:09.928, 300.15, 100, 74230, 64
2026/07/28 11:24:10.964, 295.88, 100, 74230, 64
2026/07/28 11:24:12.002, 293.53, 100, 74230, 64
2026/07/28 11:24:13.039, 296.10, 100, 74230, 65
2026/07/28 11:24:14.081, 302.36, 100, 74230, 65
2026/07/28 11:24:15.118, 296.55, 100, 74230, 65
2026/07/28 11:24:16.156, 297.52, 100, 74230, 65
2026/07/28 11:24:17.194, 303.91, 100, 74230, 65
2026/07/28 11:24:18.232, 299.33, 100, 74230, 66
2026/07/28 11:24:19.269, 298.70, 100, 74230, 66
2026/07/28 11:24:20.305, 298.98, 100, 74230, 66
2026/07/28 11:24:21.341, 298.59, 100, 74230, 66
2026/07/28 11:24:22.379, 300.26, 100, 74230, 66
2026/07/28 11:24:23.416, 298.77, 100, 74230, 67
2026/07/28 11:24:24.453, 297.70, 100, 74230, 67
2026/07/28 11:24:25.490, 298.37, 100, 74230, 67
2026/07/28 11:24:26.527, 299.95, 100, 74230, 67
2026/07/28 11:24:27.563, 302.01, 100, 74230, 67
2026/07/28 11:24:28.602, 302.09, 100, 74230, 67
2026/07/28 11:24:29.646, 300.45, 100, 74230, 68
2026/07/28 11:24:30.684, 300.16, 100, 74230, 68
2026/07/28 11:24:31.722, 300.92, 100, 74230, 68
2026/07/28 11:24:32.759, 299.92, 100, 74230, 68
2026/07/28 11:24:33.796, 298.86, 100, 74230, 68
2026/07/28 11:24:34.833, 303.04, 100, 74230, 68
2026/07/28 11:24:35.870, 302.74, 100, 74230, 68
2026/07/28 11:24:36.907, 302.48, 100, 74230, 69
2026/07/28 11:24:37.943, 300.17, 100, 74230, 69
2026/07/28 11:24:38.980, 302.66, 100, 74230, 69
2026/07/28 11:24:40.018, 297.31, 100, 74230, 69
2026/07/28 11:24:41.058, 295.69, 100, 74230, 69
2026/07/28 11:24:42.096, 296.27, 100, 74230, 69
2026/07/28 11:24:43.133, 300.44, 100, 74230, 69
2026/07/28 11:24:44.171, 295.20, 100, 74230, 69
2026/07/28 11:24:45.207, 294.52, 100, 74230, 69
2026/07/28 11:24:46.248, 296.36, 100, 74230, 70
2026/07/28 11:24:47.285, 298.32, 100, 74230, 70
2026/07/28 11:24:48.322, 295.97, 100, 74230, 70
2026/07/28 11:24:49.359, 296.55, 100, 74230, 70
2026/07/28 11:24:50.396, 296.17, 100, 74230, 70
2026/07/28 11:24:51.435, 296.06, 100, 74230, 70
2026/07/28 11:24:52.471, 298.30, 100, 74230, 70
2026/07/28 11:24:53.510, 297.84, 100, 74230, 70
2026/07/28 11:24:54.549, 296.83, 100, 74230, 70
2026/07/28 11:24:55.586, 298.51, 100, 74230, 70
2026/07/28 11:24:56.625, 302.17, 100, 74230, 70
2026/07/28 11:24:57.662, 306.64, 100, 74230, 71
2026/07/28 11:24:58.699, 303.96, 100, 74230, 71
2026/07/28 11:24:59.736, 295.87, 100, 74230, 71
2026/07/28 11:25:00.774, 301.21, 100, 74230, 71
2026/07/28 11:25:01.811, 297.91, 100, 74230, 71
2026/07/28 11:25:02.848, 298.22, 100, 74230, 71
2026/07/28 11:25:03.885, 298.51, 100, 74230, 71
2026/07/28 11:25:04.921, 299.57, 100, 74230, 71
2026/07/28 11:25:05.958, 301.09, 100, 74230, 71
2026/07/28 11:25:06.995, 298.49, 100, 74230, 71
2026/07/28 11:25:08.032, 297.55, 100, 74230, 71
2026/07/28 11:25:09.069, 298.51, 100, 74230, 71
2026/07/28 11:25:10.106, 297.34, 100, 74230, 73
2026/07/28 11:25:11.143, 300.31, 100, 74230, 73
2026/07/28 11:25:12.180, 298.98, 100, 74230, 73
2026/07/28 11:25:13.220, 304.18, 100, 74230, 73
2026/07/28 11:25:14.255, 305.37, 100, 74230, 73
2026/07/28 11:25:15.291, 295.87, 100, 74230, 73
2026/07/28 11:25:16.334, 291.21, 100, 74230, 71
2026/07/28 11:25:17.372, 292.77, 100, 74230, 71
2026/07/28 11:25:18.409, 293.57, 100, 74230, 71
2026/07/28 11:25:19.447, 298.81, 100, 74230, 72
2026/07/28 11:25:20.483, 294.53, 100, 74230, 72
2026/07/28 11:25:21.520, 294.12, 100, 74230, 72
2026/07/28 11:25:22.557, 292.17, 100, 74230, 74
2026/07/28 11:25:23.593, 296.11, 100, 74230, 74
2026/07/28 11:25:24.634, 293.13, 100, 74230, 74
2026/07/28 11:25:25.669, 312.81, 100, 74230, 74
2026/07/28 11:25:26.709, 320.72, 100, 74230, 74
2026/07/28 11:25:27.743, 278.16, 100, 74230, 74
2026/07/28 11:25:28.778, 292.70, 100, 74230, 74
2026/07/28 11:25:29.814, 301.35, 100, 74230, 72
2026/07/28 11:25:30.851, 302.37, 100, 74230, 72
2026/07/28 11:25:31.889, 294.74, 100, 74230, 72
2026/07/28 11:25:32.928, 290.23, 100, 74230, 72
2026/07/28 11:25:33.971, 290.95, 100, 74230, 72
2026/07/28 11:25:35.010, 295.80, 100, 74230, 73
2026/07/28 11:25:36.047, 293.55, 100, 74230, 73
2026/07/28 11:25:37.087, 290.73, 100, 74230, 73
2026/07/28 11:25:38.124, 296.95, 100, 74230, 73
2026/07/28 11:25:39.162, 296.16, 100, 74230, 73
2026/07/28 11:25:40.202, 296.27, 100, 74230, 73
2026/07/28 11:25:41.239, 294.71, 100, 74230, 73
2026/07/28 11:25:42.279, 297.98, 100, 74230, 73
2026/07/28 11:25:43.317, 302.95, 100, 74230, 73
2026/07/28 11:25:44.354, 297.83, 100, 74230, 73
2026/07/28 11:25:45.392, 300.75, 100, 74230, 73
2026/07/28 11:25:46.431, 301.91, 100, 74230, 73
2026/07/28 11:25:47.469, 303.34, 100, 74230, 73
2026/07/28 11:25:48.508, 302.75, 100, 74230, 73
2026/07/28 11:25:49.545, 303.63, 100, 74230, 73
2026/07/28 11:25:50.582, 304.08, 100, 74230, 73
2026/07/28 11:25:51.620, 303.06, 100, 74230, 73
2026/07/28 11:25:52.659, 304.13, 100, 74230, 73
2026/07/28 11:25:53.699, 302.83, 100, 74230, 73
2026/07/28 11:25:54.736, 301.99, 100, 74230, 73
2026/07/28 11:25:55.776, 303.53, 100, 74230, 73
2026/07/28 11:25:56.813, 304.97, 100, 74230, 73
2026/07/28 11:25:57.851, 303.66, 100, 74230, 73
2026/07/28 11:25:58.896, 302.85, 100, 74230, 73
2026/07/28 11:25:59.935, 303.36, 100, 74230, 73
2026/07/28 11:26:00.973, 295.10, 100, 74230, 73
2026/07/28 11:26:02.011, 292.01, 100, 74230, 73
2026/07/28 11:26:03.048, 297.92, 100, 74230, 73
2026/07/28 11:26:04.086, 295.41, 100, 74230, 73
2026/07/28 11:26:05.124, 295.49, 100, 74230, 73
2026/07/28 11:26:06.162, 303.56, 100, 74230, 73
2026/07/28 11:26:07.199, 303.33, 100, 74230, 73
2026/07/28 11:26:08.237, 302.68, 100, 74230, 73
2026/07/28 11:26:09.275, 303.24, 100, 74230, 73
2026/07/28 11:26:10.312, 303.41, 100, 74230, 73
2026/07/28 11:26:11.351, 303.74, 100, 74230, 73
2026/07/28 11:26:12.389, 304.48, 100, 74230, 73
2026/07/28 11:26:13.428, 292.78, 100, 74230, 73
2026/07/28 11:26:14.466, 292.08, 100, 74230, 73
2026/07/28 11:26:15.506, 294.82, 100, 74230, 73
2026/07/28 11:26:16.544, 296.08, 100, 74230, 73
2026/07/28 11:26:17.582, 296.89, 100, 74230, 73
2026/07/28 11:26:18.620, 295.99, 100, 74230, 73
2026/07/28 11:26:19.658, 304.36, 100, 74230, 73
2026/07/28 11:26:20.695, 295.77, 100, 74230, 73
2026/07/28 11:26:21.733, 293.92, 100, 74230, 73
2026/07/28 11:26:22.770, 296.18, 100, 74230, 73
2026/07/28 11:26:23.808, 299.08, 100, 74230, 73
2026/07/28 11:26:24.845, 296.18, 100, 74230, 73
2026/07/28 11:26:25.885, 297.04, 100, 74230, 73
2026/07/28 11:26:26.923, 303.82, 100, 74230, 74
2026/07/28 11:26:27.960, 304.29, 100, 74230, 74
2026/07/28 11:26:28.998, 304.19, 100, 74230, 74
2026/07/28 11:26:30.036, 290.44, 6, 74230, 74
2026/07/28 11:26:31.071, 301.98, 100, 74230, 73
2026/07/28 11:26:32.109, 301.78, 100, 74230, 73
2026/07/28 11:26:33.147, 301.30, 100, 74230, 73
2026/07/28 11:26:34.186, 303.34, 100, 74230, 73
2026/07/28 11:26:35.225, 302.58, 100, 74230, 73
2026/07/28 11:26:36.262, 294.82, 100, 74230, 73
2026/07/28 11:26:37.300, 297.05, 100, 74230, 73
2026/07/28 11:26:38.337, 294.14, 100, 74230, 73
2026/07/28 11:26:39.375, 297.80, 100, 74230, 73
2026/07/28 11:26:40.420, 294.70, 100, 74230, 73
2026/07/28 11:26:41.459, 298.51, 100, 74230, 73
2026/07/28 11:26:42.498, 295.48, 100, 74230, 73
2026/07/28 11:26:43.537, 292.59, 100, 74230, 73
2026/07/28 11:26:44.575, 295.58, 100, 74230, 74
2026/07/28 11:26:45.613, 294.81, 100, 74230, 74
2026/07/28 11:26:46.652, 295.42, 100, 74230, 74
2026/07/28 11:26:47.691, 303.44, 100, 74230, 74
2026/07/28 11:26:48.729, 305.67, 100, 74230, 74
2026/07/28 11:26:49.767, 304.21, 100, 74230, 74
2026/07/28 11:26:50.804, 302.87, 100, 74230, 74
2026/07/28 11:26:51.842, 304.72, 100, 74230, 74
2026/07/28 11:26:52.880, 302.18, 100, 74230, 74
2026/07/28 11:26:53.917, 305.37, 100, 74230, 74
2026/07/28 11:26:54.955, 302.54, 100, 74230, 74
2026/07/28 11:26:55.993, 302.83, 100, 74230, 74
2026/07/28 11:26:57.033, 300.32, 100, 74230, 74
2026/07/28 11:26:58.073, 297.70, 100, 74230, 74
2026/07/28 11:26:59.109, 303.30, 100, 74230, 74
2026/07/28 11:27:00.148, 302.93, 100, 74230, 74
2026/07/28 11:27:01.185, 295.59, 100, 74230, 74
2026/07/28 11:27:02.223, 303.05, 100, 74230, 74
2026/07/28 11:27:03.261, 299.26, 100, 74230, 74
2026/07/28 11:27:04.300, 295.79, 100, 74230, 74
2026/07/28 11:27:05.338, 294.92, 100, 74230, 74
2026/07/28 11:27:06.376, 300.03, 100, 74230, 74
2026/07/28 11:27:07.414, 294.54, 100, 74230, 74
2026/07/28 11:27:08.452, 295.98, 100, 74230, 74
2026/07/28 11:27:09.489, 297.73, 100, 74230, 74
2026/07/28 11:27:10.532, 296.55, 100, 74230, 74
2026/07/28 11:27:11.572, 292.09, 100, 74230, 74
2026/07/28 11:27:12.609, 298.57, 100, 74230, 74
2026/07/28 11:27:13.653, 295.29, 100, 74230, 74
2026/07/28 11:27:14.694, 300.13, 100, 74230, 74
2026/07/28 11:27:15.734, 303.32, 100, 74230, 74
2026/07/28 11:27:16.771, 299.46, 100, 74230, 74
2026/07/28 11:27:17.809, 301.68, 100, 74230, 74
2026/07/28 11:27:18.847, 305.46, 100, 74230, 74
2026/07/28 11:27:19.884, 302.60, 100, 74230, 74
2026/07/28 11:27:20.922, 297.03, 100, 74230, 74
2026/07/28 11:27:21.961, 303.03, 100, 74230, 74
2026/07/28 11:27:22.998, 301.99, 100, 74230, 74
2026/07/28 11:27:24.038, 306.33, 100, 74230, 74
2026/07/28 11:27:25.075, 302.21, 100, 74230, 74
2026/07/28 11:27:26.113, 306.86, 100, 74230, 74
2026/07/28 11:27:27.151, 298.69, 100, 74230, 74
2026/07/28 11:27:28.189, 302.27, 100, 74230, 74
2026/07/28 11:27:29.226, 304.01, 100, 74230, 74
2026/07/28 11:27:30.265, 302.54, 100, 74230, 74
2026/07/28 11:27:31.303, 295.76, 100, 74230, 74
2026/07/28 11:27:32.341, 305.25, 100, 74230, 74
2026/07/28 11:27:33.383, 295.39, 100, 74230, 73
2026/07/28 11:27:34.421, 295.10, 100, 74230, 73
2026/07/28 11:27:35.459, 294.33, 100, 74230, 73
2026/07/28 11:27:36.497, 294.62, 100, 74230, 73
2026/07/28 11:27:37.534, 295.28, 100, 74230, 73
2026/07/28 11:27:38.572, 297.73, 100, 74230, 73
2026/07/28 11:27:39.610, 295.31, 100, 74230, 73
2026/07/28 11:27:40.649, 294.92, 100, 74230, 73
2026/07/28 11:27:41.688, 296.67, 100, 74230, 73
2026/07/28 11:27:42.729, 295.49, 100, 74230, 73
2026/07/28 11:27:43.767, 295.19, 100, 74230, 73
2026/07/28 11:27:44.808, 295.58, 100, 74230, 73
2026/07/28 11:27:45.847, 294.63, 100, 74230, 74
2026/07/28 11:27:46.886, 297.16, 100, 74230, 73
2026/07/28 11:27:47.925, 295.49, 100, 74230, 74
2026/07/28 11:27:48.965, 301.10, 100, 74230, 74
2026/07/28 11:27:50.002, 305.00, 100, 74230, 74
2026/07/28 11:27:51.040, 303.04, 100, 74230, 74
2026/07/28 11:27:52.079, 303.01, 100, 74230, 74
2026/07/28 11:27:53.117, 302.95, 100, 74230, 74
2026/07/28 11:27:54.155, 302.10, 100, 74230, 74
2026/07/28 11:27:55.193, 301.98, 100, 74230, 74
2026/07/28 11:27:56.231, 303.44, 100, 74230, 74
2026/07/28 11:27:57.268, 305.37, 100, 74230, 74
2026/07/28 11:27:58.306, 304.39, 100, 74230, 74
2026/07/28 11:27:59.344, 294.52, 100, 74230, 74
2026/07/28 11:28:00.382, 297.24, 100, 74230, 74
2026/07/28 11:28:01.420, 295.19, 100, 74230, 73
2026/07/28 11:28:02.458, 295.88, 100, 74230, 73
2026/07/28 11:28:03.495, 295.99, 100, 74230, 73
2026/07/28 11:28:04.534, 297.24, 100, 74230, 73
2026/07/28 11:28:05.571, 303.25, 100, 74230, 74
2026/07/28 11:28:06.609, 295.49, 100, 74230, 73
2026/07/28 11:28:07.648, 298.00, 100, 74230, 73
2026/07/28 11:28:08.686, 294.23, 100, 74230, 73
2026/07/28 11:28:09.726, 295.19, 100, 74230, 73
2026/07/28 11:28:10.764, 295.67, 100, 74230, 73
2026/07/28 11:28:11.803, 297.13, 100, 74230, 74
2026/07/28 11:28:12.841, 299.84, 100, 74230, 74
2026/07/28 11:28:13.878, 302.77, 100, 74230, 74
2026/07/28 11:28:14.917, 303.82, 100, 74230, 74
2026/07/28 11:28:15.956, 303.03, 100, 74230, 74
2026/07/28 11:28:16.994, 303.63, 100, 74230, 74
2026/07/28 11:28:18.032, 303.57, 100, 74230, 74
2026/07/28 11:28:19.070, 298.48, 100, 74230, 74
2026/07/28 11:28:20.109, 295.01, 100, 74230, 74
2026/07/28 11:28:21.148, 295.19, 100, 74230, 74
2026/07/28 11:28:22.185, 295.21, 100, 74230, 74
2026/07/28 11:28:23.223, 295.41, 100, 74230, 74
2026/07/28 11:28:24.260, 295.00, 100, 74230, 74
2026/07/28 11:28:25.298, 297.64, 100, 74230, 74
2026/07/28 11:28:26.336, 295.50, 100, 74230, 75
2026/07/28 11:28:27.373, 301.12, 100, 74230, 75
2026/07/28 11:28:28.410, 300.40, 100, 74230, 75
2026/07/28 11:28:29.444, 304.50, 100, 74230, 75
2026/07/28 11:28:30.480, 301.12, 100, 74230, 75
2026/07/28 11:28:31.515, 285.63, 100, 74230, 75
2026/07/28 11:28:32.552, 304.02, 100, 74230, 74
2026/07/28 11:28:33.589, 304.31, 100, 74230, 74
2026/07/28 11:28:34.627, 304.15, 100, 74230, 74
2026/07/28 11:28:35.670, 303.22, 100, 74230, 74
2026/07/28 11:28:36.709, 296.75, 100, 74230, 74
2026/07/28 11:28:37.746, 297.42, 100, 74230, 75
2026/07/28 11:28:38.785, 298.21, 100, 74230, 75
2026/07/28 11:28:39.820, 298.97, 100, 74230, 75
2026/07/28 11:28:40.856, 316.69, 100, 74230, 75
2026/07/28 11:28:41.893, 276.17, 100, 74230, 76
2026/07/28 11:28:42.928, 281.62, 100, 74230, 75
2026/07/28 11:28:43.966, 304.33, 100, 74230, 74
2026/07/28 11:28:45.004, 304.01, 100, 74230, 74
2026/07/28 11:28:46.041, 305.19, 100, 74230, 74
2026/07/28 11:28:47.079, 307.50, 100, 74230, 74
2026/07/28 11:28:48.116, 302.79, 100, 74230, 74
2026/07/28 11:28:49.154, 303.06, 100, 74230, 74
2026/07/28 11:28:50.194, 296.54, 100, 74230, 74
2026/07/28 11:28:51.232, 295.89, 100, 74230, 74
2026/07/28 11:28:52.269, 304.50, 100, 74230, 74
2026/07/28 11:28:53.307, 299.79, 100, 74230, 74
2026/07/28 11:28:54.346, 306.42, 100, 74230, 74
2026/07/28 11:28:55.387, 305.30, 100, 74230, 74
2026/07/28 11:28:56.425, 305.35, 100, 74230, 74
2026/07/28 11:28:57.461, 305.37, 100, 74230, 74
2026/07/28 11:28:58.501, 304.49, 100, 74230, 74
2026/07/28 11:28:59.538, 296.93, 100, 74230, 74
2026/07/28 11:29:00.576, 296.08, 100, 74230, 74
2026/07/28 11:29:01.614, 294.51, 100, 74230, 74
2026/07/28 11:29:02.653, 293.83, 100, 74230, 74
2026/07/28 11:29:03.693, 297.80, 100, 74230, 74
2026/07/28 11:29:04.731, 295.99, 100, 74230, 74
2026/07/28 11:29:05.770, 302.94, 100, 74230, 74
2026/07/28 11:29:06.808, 298.01, 100, 74230, 74
2026/07/28 11:29:07.847, 294.90, 100, 74230, 74
2026/07/28 11:29:08.887, 295.30, 100, 74230, 74
2026/07/28 11:29:09.926, 296.75, 100, 74230, 74
2026/07/28 11:29:10.964, 297.31, 100, 74230, 74
2026/07/28 11:29:12.004, 296.93, 100, 74230, 74
2026/07/28 11:29:13.041, 295.59, 100, 74230, 74
2026/07/28 11:29:14.080, 296.17, 100, 74230, 74
2026/07/28 11:29:15.118, 296.74, 100, 74230, 74
2026/07/28 11:29:16.156, 294.24, 100, 74230, 74
2026/07/28 11:29:17.198, 304.93, 100, 74230, 74
2026/07/28 11:29:18.237, 299.86, 100, 74230, 74
2026/07/28 11:29:19.274, 295.59, 100, 74230, 74
2026/07/28 11:29:20.314, 295.97, 100, 74230, 74
2026/07/28 11:29:21.352, 292.39, 100, 74230, 74
2026/07/28 11:29:22.389, 305.09, 100, 74230, 74
2026/07/28 11:29:23.427, 304.11, 100, 74230, 74
2026/07/28 11:29:24.465, 304.05, 100, 74230, 74
2026/07/28 11:29:25.503, 304.72, 100, 74230, 74
2026/07/28 11:29:26.541, 303.43, 100, 74230, 74
2026/07/28 11:29:27.579, 302.54, 100, 74230, 74
2026/07/28 11:29:28.619, 307.53, 100, 74230, 74
2026/07/28 11:29:29.656, 303.45, 100, 74230, 74
2026/07/28 11:29:30.699, 296.25, 100, 74230, 74
2026/07/28 11:29:31.736, 297.61, 100, 74230, 74
2026/07/28 11:29:32.775, 300.89, 100, 74230, 74
2026/07/28 11:29:33.813, 303.93, 100, 74230, 74
2026/07/28 11:29:34.851, 293.85, 100, 74230, 74
2026/07/28 11:29:35.890, 295.58, 100, 74230, 74
2026/07/28 11:29:36.928, 295.58, 100, 74230, 74
2026/07/28 11:29:37.966, 295.61, 100, 74230, 74
2026/07/28 11:29:39.004, 296.86, 100, 74230, 74
2026/07/28 11:29:40.043, 297.70, 100, 74230, 74
2026/07/28 11:29:41.081, 294.79, 100, 74230, 74
2026/07/28 11:29:42.118, 295.57, 100, 74230, 74
2026/07/28 11:29:43.156, 296.37, 100, 74230, 73
2026/07/28 11:29:44.195, 294.43, 100, 74230, 73
2026/07/28 11:29:45.237, 296.26, 100, 74230, 73
2026/07/28 11:29:46.276, 291.31, 100, 74230, 73
2026/07/28 11:29:47.315, 295.49, 100, 74230, 73
2026/07/28 11:29:48.354, 303.92, 100, 74230, 73
2026/07/28 11:29:49.391, 301.82, 100, 74230, 73
2026/07/28 11:29:50.429, 303.83, 100, 74230, 73
2026/07/28 11:29:51.466, 298.79, 100, 74230, 73
2026/07/28 11:29:52.504, 294.32, 100, 74230, 73
2026/07/28 11:29:53.544, 295.96, 100, 74230, 73
2026/07/28 11:29:54.581, 296.83, 100, 74230, 73
2026/07/28 11:29:55.622, 296.06, 100, 74230, 73
2026/07/28 11:29:56.660, 297.15, 100, 74230, 73
2026/07/28 11:29:57.697, 296.86, 100, 74230, 73
2026/07/28 11:29:58.735, 296.25, 100, 74230, 73
2026/07/28 11:29:59.772, 295.97, 100, 74230, 74
2026/07/28 11:30:00.811, 296.65, 100, 74230, 74
2026/07/28 11:30:01.848, 296.19, 100, 74230, 74
2026/07/28 11:30:02.886, 305.09, 100, 74230, 74
2026/07/28 11:30:03.924, 304.01, 100, 74230, 74
2026/07/28 11:30:04.961, 408.53, 80, 74230, 75
2026/07/28 11:30:05.998, 293.63, 100, 74230, 75
2026/07/28 11:30:07.034, 280.39, 100, 74230, 75
2026/07/28 11:30:08.070, 296.17, 100, 74230, 75
2026/07/28 11:30:09.105, 277.43, 100, 74230, 75
2026/07/28 11:30:10.142, 304.68, 100, 74230, 75
2026/07/28 11:30:11.178, 303.63, 100, 74230, 74
2026/07/28 11:30:12.215, 304.46, 100, 74230, 74
2026/07/28 11:30:13.253, 307.37, 100, 74230, 74
2026/07/28 11:30:14.291, 297.31, 100, 74230, 75
2026/07/28 11:30:15.327, 293.19, 100, 74230, 75
2026/07/28 11:30:16.363, 274.36, 100, 74230, 75
2026/07/28 11:30:17.399, 311.95, 100, 74230, 75
2026/07/28 11:30:18.440, 276.70, 100, 74230, 75
2026/07/28 11:30:19.475, 267.12, 100, 74230, 75
2026/07/28 11:30:20.511, 277.78, 100, 74230, 75
2026/07/28 11:30:21.547, 299.28, 100, 74230, 73
2026/07/28 11:30:22.586, 285.39, 100, 74230, 73
2026/07/28 11:30:23.625, 289.40, 100, 74230, 73
2026/07/28 11:30:24.664, 284.25, 100, 74230, 74
2026/07/28 11:30:25.702, 295.10, 100, 74230, 74
2026/07/28 11:30:26.745, 291.02, 100, 74230, 74
2026/07/28 11:30:27.783, 293.84, 100, 74230, 74
2026/07/28 11:30:28.822, 286.95, 100, 74230, 74
2026/07/28 11:30:29.860, 289.38, 100, 74230, 74
2026/07/28 11:30:30.898, 293.55, 100, 74230, 74
2026/07/28 11:30:31.937, 296.28, 100, 74230, 74
2026/07/28 11:30:32.975, 294.05, 100, 74230, 74
2026/07/28 11:30:34.015, 292.69, 100, 74230, 74
2026/07/28 11:30:35.053, 299.25, 100, 74230, 74
2026/07/28 11:30:36.091, 300.16, 100, 74230, 74
2026/07/28 11:30:37.135, 295.98, 100, 74230, 74
2026/07/28 11:30:38.178, 296.77, 100, 74230, 74
2026/07/28 11:30:39.216, 296.45, 100, 74230, 74
2026/07/28 11:30:40.253, 297.16, 100, 74230, 74
2026/07/28 11:30:41.291, 306.09, 100, 74230, 74
2026/07/28 11:30:42.328, 300.14, 100, 74230, 74
2026/07/28 11:30:43.374, 301.59, 100, 74230, 74
2026/07/28 11:30:44.414, 301.40, 100, 74230, 74
2026/07/28 11:30:45.452, 298.60, 100, 74230, 74
2026/07/28 11:30:46.490, 296.57, 100, 74230, 74
2026/07/28 11:30:47.527, 305.07, 100, 74230, 74
2026/07/28 11:30:48.565, 294.71, 100, 74230, 74
2026/07/28 11:30:49.603, 296.77, 100, 74230, 74
2026/07/28 11:30:50.642, 300.85, 100, 74230, 74
2026/07/28 11:30:51.680, 304.06, 100, 74230, 74
2026/07/28 11:30:52.717, 303.53, 100, 74230, 74
2026/07/28 11:30:53.755, 101.38, 0, 74230, 71
2026/07/28 11:30:54.788, 295.59, 100, 74230, 75
2026/07/28 11:30:55.823, 313.85, 100, 74230, 75
2026/07/28 11:30:56.859, 306.52, 100, 74230, 75
2026/07/28 11:30:57.895, 279.84, 100, 74230, 75
2026/07/28 11:30:58.938, 281.19, 100, 74230, 75
2026/07/28 11:30:59.974, 320.50, 100, 74230, 75
2026/07/28 11:31:01.013, 293.26, 100, 74230, 75
2026/07/28 11:31:02.051, 297.42, 100, 74230, 73
2026/07/28 11:31:03.089, 296.86, 100, 74230, 73
2026/07/28 11:31:04.125, 297.42, 100, 74230, 73
2026/07/28 11:31:05.163, 284.73, 100, 74230, 73
2026/07/28 11:31:06.200, 286.18, 100, 74230, 73
2026/07/28 11:31:07.240, 285.86, 100, 74230, 74
2026/07/28 11:31:08.280, 294.91, 100, 74230, 74
2026/07/28 11:31:09.316, 292.96, 100, 74230, 74
2026/07/28 11:31:10.353, 293.27, 100, 74230, 74
2026/07/28 11:31:11.389, 296.58, 100, 74230, 74
2026/07/28 11:31:12.430, 298.11, 100, 74230, 74
2026/07/28 11:31:13.468, 298.60, 100, 74230, 74
2026/07/28 11:31:14.507, 297.26, 100, 74230, 74
2026/07/28 11:31:15.545, 293.46, 100, 74230, 74
2026/07/28 11:31:16.584, 304.61, 100, 74230, 74
2026/07/28 11:31:17.624, 305.58, 100, 74230, 74
2026/07/28 11:31:18.662, 304.73, 100, 74230, 76
2026/07/28 11:31:19.698, 303.15, 100, 74230, 74
2026/07/28 11:31:20.735, 288.40, 100, 74230, 74
2026/07/28 11:31:21.775, 289.49, 100, 74230, 74
2026/07/28 11:31:22.813, 291.22, 100, 74230, 74
2026/07/28 11:31:23.851, 291.19, 100, 74230, 74
2026/07/28 11:31:24.890, 285.48, 100, 74230, 74
2026/07/28 11:31:25.927, 290.74, 100, 74230, 74
2026/07/28 11:31:26.967, 296.75, 100, 74230, 74
2026/07/28 11:31:28.007, 285.40, 100, 74230, 74
2026/07/28 11:31:29.045, 290.91, 100, 74230, 74
2026/07/28 11:31:30.084, 296.27, 100, 74230, 74
2026/07/28 11:31:31.123, 297.24, 100, 74230, 74
2026/07/28 11:31:32.161, 293.24, 100, 74230, 74
2026/07/28 11:31:33.202, 297.84, 100, 74230, 74
2026/07/28 11:31:34.240, 296.76, 100, 74230, 74
2026/07/28 11:31:35.278, 296.26, 100, 74230, 74
2026/07/28 11:31:36.319, 296.94, 100, 74230, 74
2026/07/28 11:31:37.357, 294.51, 100, 74230, 74
2026/07/28 11:31:38.395, 298.88, 100, 74230, 74
2026/07/28 11:31:39.434, 297.81, 100, 74230, 74
2026/07/28 11:31:40.472, 301.41, 100, 74230, 74
2026/07/28 11:31:41.511, 303.72, 100, 74230, 74
2026/07/28 11:31:42.549, 302.08, 100, 74230, 74
2026/07/28 11:31:43.587, 301.24, 100, 74230, 74
2026/07/28 11:31:44.627, 305.46, 100, 74230, 74
2026/07/28 11:31:45.665, 304.34, 100, 74230, 74
2026/07/28 11:31:46.702, 304.33, 100, 74230, 74
2026/07/28 11:31:47.740, 301.98, 100, 74230, 74
2026/07/28 11:31:48.779, 298.30, 100, 74230, 74
2026/07/28 11:31:49.817, 293.73, 100, 74230, 74
2026/07/28 11:31:50.855, 295.51, 100, 74230, 74
2026/07/28 11:31:51.895, 295.41, 100, 74230, 74
2026/07/28 11:31:52.934, 297.83, 100, 74230, 74
2026/07/28 11:31:53.973, 297.17, 100, 74230, 74
2026/07/28 11:31:55.012, 300.92, 100, 74230, 74
2026/07/28 11:31:56.054, 295.90, 100, 74230, 74
2026/07/28 11:31:57.092, 298.43, 100, 74230, 74
2026/07/28 11:31:58.130, 296.56, 100, 74230, 74
2026/07/28 11:31:59.167, 297.56, 100, 74230, 74
2026/07/28 11:32:00.205, 305.27, 100, 74230, 74
2026/07/28 11:32:01.244, 303.86, 100, 74230, 74
2026/07/28 11:32:02.282, 303.92, 100, 74230, 74
2026/07/28 11:32:03.322, 304.89, 100, 74230, 74
2026/07/28 11:32:04.360, 303.65, 100, 74230, 74
2026/07/28 11:32:05.398, 305.26, 100, 74230, 74
2026/07/28 11:32:06.436, 294.05, 100, 74230, 74
2026/07/28 11:32:07.474, 296.57, 100, 74230, 74
2026/07/28 11:32:08.512, 297.85, 100, 74230, 74
2026/07/28 11:32:09.550, 296.29, 100, 74230, 74
2026/07/28 11:32:10.588, 296.07, 100, 74230, 74
2026/07/28 11:32:11.627, 298.80, 100, 74230, 74
2026/07/28 11:32:12.665, 298.10, 100, 74230, 74
2026/07/28 11:32:13.703, 297.61, 100, 74230, 74
2026/07/28 11:32:14.740, 299.27, 100, 74230, 74
2026/07/28 11:32:15.777, 297.24, 100, 74230, 74
2026/07/28 11:32:16.816, 297.43, 100, 74230, 74
2026/07/28 11:32:17.854, 298.29, 100, 74230, 74
2026/07/28 11:32:18.892, 296.55, 100, 74230, 74
2026/07/28 11:32:19.930, 296.64, 100, 74230, 74
2026/07/28 11:32:20.968, 296.94, 100, 74230, 74
2026/07/28 11:32:22.007, 295.79, 100, 74230, 74
2026/07/28 11:32:23.044, 297.43, 100, 74230, 74
2026/07/28 11:32:24.081, 297.44, 100, 74230, 74
2026/07/28 11:32:25.118, 297.12, 100, 74230, 74
2026/07/28 11:32:26.157, 296.60, 100, 74230, 74
2026/07/28 11:32:27.195, 297.45, 100, 74230, 74
2026/07/28 11:32:28.233, 297.06, 100, 74230, 74
2026/07/28 11:32:29.274, 296.18, 100, 74230, 74
2026/07/28 11:32:30.311, 297.03, 100, 74230, 74
2026/07/28 11:32:31.349, 297.06, 100, 74230, 74
2026/07/28 11:32:32.388, 296.75, 100, 74230, 74
2026/07/28 11:32:33.426, 298.50, 100, 74230, 74
2026/07/28 11:32:34.463, 294.31, 100, 74230, 74
2026/07/28 11:32:35.501, 302.87, 100, 74230, 74
2026/07/28 11:32:36.539, 304.15, 100, 74230, 74
2026/07/28 11:32:37.580, 304.88, 100, 74230, 74
2026/07/28 11:32:38.618, 303.82, 100, 74230, 74
2026/07/28 11:32:39.657, 304.06, 100, 74230, 74
2026/07/28 11:32:40.699, 305.07, 100, 74230, 74
2026/07/28 11:32:41.737, 304.40, 100, 74230, 74
2026/07/28 11:32:42.774, 302.67, 100, 74230, 74
2026/07/28 11:32:43.813, 302.99, 100, 74230, 74
2026/07/28 11:32:44.850, 292.96, 100, 74230, 74
2026/07/28 11:32:45.889, 295.30, 100, 74230, 74
2026/07/28 11:32:46.927, 295.19, 100, 74230, 74
2026/07/28 11:32:47.964, 298.43, 100, 74230, 74
2026/07/28 11:32:49.003, 301.69, 100, 74230, 74
2026/07/28 11:32:50.041, 299.15, 100, 74230, 74
2026/07/28 11:32:51.079, 295.78, 100, 74230, 74
2026/07/28 11:32:52.116, 297.14, 100, 74230, 74
2026/07/28 11:32:53.156, 294.04, 100, 74230, 74
2026/07/28 11:32:54.195, 294.44, 100, 74230, 74
2026/07/28 11:32:55.234, 298.50, 100, 74230, 74
2026/07/28 11:32:56.273, 296.27, 100, 74230, 74
2026/07/28 11:32:57.312, 302.86, 100, 74230, 74
2026/07/28 11:32:58.350, 295.10, 78, 74230, 75
2026/07/28 11:32:59.384, 300.04, 100, 74230, 75
2026/07/28 11:33:00.421, 292.78, 100, 74230, 75
2026/07/28 11:33:01.456, 300.55, 100, 74230, 75
2026/07/28 11:33:02.492, 303.97, 100, 74230, 75
2026/07/28 11:33:03.526, 292.29, 100, 74230, 75
2026/07/28 11:33:04.562, 303.02, 100, 74232, 73
2026/07/28 11:33:05.600, 303.45, 100, 74232, 73
2026/07/28 11:33:06.637, 304.20, 100, 74232, 73
2026/07/28 11:33:07.678, 304.59, 100, 74232, 73
2026/07/28 11:33:08.716, 294.85, 63, 74232, 74
2026/07/28 11:33:09.751, 297.80, 100, 74232, 75
2026/07/28 11:33:10.787, 294.06, 100, 74232, 75
2026/07/28 11:33:11.823, 285.57, 100, 74232, 75
2026/07/28 11:33:12.858, 311.11, 100, 74232, 75
2026/07/28 11:33:13.893, 281.61, 100, 74232, 75
2026/07/28 11:33:14.931, 302.89, 100, 74232, 73
2026/07/28 11:33:15.969, 302.29, 100, 74232, 73
2026/07/28 11:33:17.009, 304.21, 100, 74232, 73
2026/07/28 11:33:18.046, 307.40, 100, 74232, 73
2026/07/28 11:33:19.090, 294.10, 100, 74232, 75
2026/07/28 11:33:20.125, 308.36, 100, 74232, 75
2026/07/28 11:33:21.160, 299.08, 100, 74232, 75
2026/07/28 11:33:22.195, 291.32, 100, 74232, 75
2026/07/28 11:33:23.232, 289.25, 100, 74232, 76
2026/07/28 11:33:24.271, 326.11, 100, 74232, 76
2026/07/28 11:33:25.309, 304.68, 100, 74232, 76
2026/07/28 11:33:26.346, 298.72, 100, 74232, 74
2026/07/28 11:33:27.385, 305.89, 100, 74232, 74
2026/07/28 11:33:28.423, 305.66, 100, 74232, 74
2026/07/28 11:33:29.461, 299.86, 100, 74232, 74
2026/07/28 11:33:30.499, 288.02, 100, 74232, 76
2026/07/28 11:33:31.535, 301.57, 100, 74232, 76
2026/07/28 11:33:32.572, 297.03, 100, 74232, 76
2026/07/28 11:33:33.609, 279.11, 100, 74232, 76
2026/07/28 11:33:34.646, 304.20, 100, 74232, 76
2026/07/28 11:33:35.682, 326.65, 100, 74232, 76
2026/07/28 11:33:36.722, 250.41, 100, 74232, 74
2026/07/28 11:33:37.760, 289.78, 100, 74232, 74
2026/07/28 11:33:38.797, 291.02, 100, 74232, 75
2026/07/28 11:33:39.835, 290.66, 100, 74232, 75
2026/07/28 11:33:40.872, 121.19, 100, 74232, 73
2026/07/28 11:33:41.906, 306.08, 100, 74232, 75
2026/07/28 11:33:42.946, 305.88, 100, 74232, 75
2026/07/28 11:33:43.984, 306.78, 100, 74232, 75
2026/07/28 11:33:45.022, 307.55, 100, 74232, 75
2026/07/28 11:33:46.060, 305.86, 100, 74232, 75
2026/07/28 11:33:47.098, 307.11, 100, 74232, 75
2026/07/28 11:33:48.136, 305.47, 100, 74232, 75
2026/07/28 11:33:49.175, 308.37, 100, 74232, 75
2026/07/28 11:33:50.213, 302.66, 100, 74232, 75
2026/07/28 11:33:51.253, 301.02, 100, 74232, 75
2026/07/28 11:33:52.290, 305.76, 100, 74232, 75
2026/07/28 11:33:53.329, 298.99, 100, 74232, 75
2026/07/28 11:33:54.366, 304.31, 100, 74232, 75
2026/07/28 11:33:55.404, 302.21, 100, 74232, 75
2026/07/28 11:33:56.443, 306.54, 100, 74232, 75
2026/07/28 11:33:57.480, 298.59, 100, 74232, 75
2026/07/28 11:33:58.518, 296.67, 100, 74232, 75
2026/07/28 11:33:59.555, 296.26, 100, 74232, 75
2026/07/28 11:34:00.593, 296.36, 100, 74232, 75
2026/07/28 11:34:01.630, 297.23, 100, 74232, 75
2026/07/28 11:34:02.678, 298.39, 100, 74232, 75
2026/07/28 11:34:03.716, 296.36, 100, 74232, 74
2026/07/28 11:34:04.753, 297.16, 100, 74232, 74
2026/07/28 11:34:05.794, 296.18, 100, 74232, 74
2026/07/28 11:34:06.831, 297.01, 100, 74232, 74
2026/07/28 11:34:07.870, 293.65, 100, 74232, 74
2026/07/28 11:34:08.908, 299.66, 100, 74232, 74
2026/07/28 11:34:09.946, 296.84, 100, 74232, 74
2026/07/28 11:34:10.984, 297.53, 100, 74232, 74
2026/07/28 11:34:12.022, 303.22, 100, 74232, 74
2026/07/28 11:34:13.061, 305.48, 100, 74232, 74
2026/07/28 11:34:14.100, 292.01, 100, 74232, 74
2026/07/28 11:34:15.137, 296.17, 100, 74232, 74
2026/07/28 11:34:16.176, 295.40, 100, 74232, 74
2026/07/28 11:34:17.214, 295.59, 100, 74232, 74
2026/07/28 11:34:18.252, 297.64, 100, 74232, 74
2026/07/28 11:34:19.292, 296.65, 100, 74232, 74
2026/07/28 11:34:20.331, 295.98, 100, 74232, 74
2026/07/28 11:34:21.369, 294.90, 100, 74232, 74
2026/07/28 11:34:22.407, 295.19, 100, 74232, 74
2026/07/28 11:34:23.445, 295.61, 100, 74232, 74
2026/07/28 11:34:24.484, 296.55, 100, 74232, 74
2026/07/28 11:34:25.525, 296.17, 100, 74232, 74
2026/07/28 11:34:26.563, 299.30, 100, 74232, 74
2026/07/28 11:34:27.600, 297.15, 100, 74232, 74
2026/07/28 11:34:28.641, 303.17, 100, 74232, 74
2026/07/28 11:34:29.679, 302.74, 100, 74232, 74
2026/07/28 11:34:30.716, 304.87, 100, 74232, 74
2026/07/28 11:34:31.754, 304.69, 100, 74232, 74
2026/07/28 11:34:32.796, 295.96, 100, 74232, 74
2026/07/28 11:34:33.834, 296.95, 100, 74232, 74
2026/07/28 11:34:34.871, 296.84, 100, 74232, 74
2026/07/28 11:34:35.910, 298.02, 100, 74232, 74
2026/07/28 11:34:36.947, 297.42, 100, 74232, 74
2026/07/28 11:34:37.988, 295.59, 100, 74232, 74
2026/07/28 11:34:39.027, 298.47, 100, 74232, 74
2026/07/28 11:34:40.064, 297.65, 100, 74232, 74
2026/07/28 11:34:41.102, 306.53, 100, 74232, 74
2026/07/28 11:34:42.140, 304.41, 100, 74232, 74
2026/07/28 11:34:43.178, 296.07, 100, 74232, 74
2026/07/28 11:34:44.215, 296.83, 100, 74232, 74
2026/07/28 11:34:45.253, 293.92, 100, 74232, 74
2026/07/28 11:34:46.292, 297.04, 100, 74232, 74
2026/07/28 11:34:47.329, 298.21, 100, 74232, 74
2026/07/28 11:34:48.368, 296.44, 100, 74232, 74
2026/07/28 11:34:49.406, 305.29, 100, 74232, 74
2026/07/28 11:34:50.449, 307.01, 100, 74232, 74
2026/07/28 11:34:51.489, 304.21, 100, 74232, 74
2026/07/28 11:34:52.528, 300.17, 100, 74232, 74
2026/07/28 11:34:53.567, 303.54, 100, 74232, 74
2026/07/28 11:34:54.605, 302.86, 100, 74232, 74
2026/07/28 11:34:55.643, 302.37, 100, 74232, 74
2026/07/28 11:34:56.686, 301.38, 100, 74232, 74
2026/07/28 11:34:57.724, 296.55, 100, 74232, 74
2026/07/28 11:34:58.762, 298.21, 100, 74232, 74
2026/07/28 11:34:59.801, 297.42, 100, 74232, 74
2026/07/28 11:35:00.839, 296.55, 100, 74232, 74
2026/07/28 11:35:01.876, 295.98, 100, 74232, 74
2026/07/28 11:35:02.914, 296.29, 100, 74232, 74
2026/07/28 11:35:03.951, 291.62, 100, 74232, 74
2026/07/28 11:35:04.992, 295.61, 100, 74232, 74
2026/07/28 11:35:06.030, 308.23, 100, 74232, 76
2026/07/28 11:35:07.065, 287.55, 100, 74232, 75
2026/07/28 11:35:08.100, 283.95, 100, 74232, 75
2026/07/28 11:35:09.137, 296.61, 100, 74232, 76
2026/07/28 11:35:10.175, 259.61, 100, 74232, 75
2026/07/28 11:35:11.218, 308.66, 100, 74232, 75
2026/07/28 11:35:12.254, 302.97, 100, 74232, 74
2026/07/28 11:35:13.294, 306.53, 100, 74232, 74
2026/07/28 11:35:14.331, 303.91, 100, 74232, 74
2026/07/28 11:35:15.370, 304.12, 100, 74232, 74
2026/07/28 11:35:16.409, 303.53, 100, 74232, 74
2026/07/28 11:35:17.446, 304.53, 100, 74232, 74
2026/07/28 11:35:18.484, 298.88, 100, 74232, 74
2026/07/28 11:35:19.522, 292.48, 100, 74232, 74
2026/07/28 11:35:20.559, 297.52, 100, 74232, 74
2026/07/28 11:35:21.596, 304.11, 100, 74232, 74
2026/07/28 11:35:22.635, 294.32, 100, 74232, 74
2026/07/28 11:35:23.673, 296.96, 100, 74232, 74
2026/07/28 11:35:24.714, 299.82, 100, 74232, 74
2026/07/28 11:35:25.752, 297.62, 100, 74232, 74
2026/07/28 11:35:26.790, 297.91, 100, 74232, 74
2026/07/28 11:35:27.829, 297.22, 100, 74232, 74
2026/07/28 11:35:28.866, 299.07, 100, 74232, 74
2026/07/28 11:35:29.904, 297.93, 100, 74232, 74
2026/07/28 11:35:30.943, 297.33, 100, 74232, 74
2026/07/28 11:35:31.981, 304.50, 100, 74232, 74
2026/07/28 11:35:33.020, 304.31, 100, 74232, 74
2026/07/28 11:35:34.058, 305.12, 100, 74232, 74
2026/07/28 11:35:35.097, 305.27, 100, 74232, 74
2026/07/28 11:35:36.135, 305.09, 100, 74232, 74
2026/07/28 11:35:37.173, 307.66, 100, 74232, 74
2026/07/28 11:35:38.219, 304.67, 100, 74232, 74
2026/07/28 11:35:39.259, 297.54, 100, 74232, 73
2026/07/28 11:35:40.298, 297.05, 100, 74232, 73
2026/07/28 11:35:41.336, 294.41, 100, 74232, 73
2026/07/28 11:35:42.374, 295.29, 100, 74232, 73
2026/07/28 11:35:43.411, 295.29, 100, 74232, 73
2026/07/28 11:35:44.448, 301.21, 100, 74232, 73
2026/07/28 11:35:45.486, 301.29, 100, 74232, 73
2026/07/28 11:35:46.524, 302.77, 100, 74232, 73
2026/07/28 11:35:47.561, 294.44, 100, 74232, 73
2026/07/28 11:35:48.600, 295.02, 100, 74232, 72
2026/07/28 11:35:49.638, 299.18, 100, 74232, 74
2026/07/28 11:35:50.674, 299.77, 100, 74232, 74
2026/07/28 11:35:51.709, 283.79, 100, 74232, 74
2026/07/28 11:35:52.745, 280.16, 100, 74232, 74
2026/07/28 11:35:53.782, 272.21, 100, 74232, 74
2026/07/28 11:35:54.818, 260.67, 100, 74232, 74
2026/07/28 11:35:55.857, 293.94, 100, 74232, 72
2026/07/28 11:35:56.895, 293.57, 100, 74232, 72
2026/07/28 11:35:57.933, 298.29, 100, 74232, 72
2026/07/28 11:35:58.973, 306.13, 100, 74232, 72
2026/07/28 11:36:00.012, 302.46, 100, 74232, 73
2026/07/28 11:36:01.051, 302.87, 100, 74232, 73
2026/07/28 11:36:02.090, 301.50, 100, 74232, 73
2026/07/28 11:36:03.128, 303.20, 100, 74232, 73
2026/07/28 11:36:04.167, 302.67, 100, 74232, 73
2026/07/28 11:36:05.204, 296.77, 100, 74232, 73
2026/07/28 11:36:06.242, 98.96, 0, 74232, 70
2026/07/28 11:36:07.275, 296.78, 100, 74232, 74
2026/07/28 11:36:08.312, 293.30, 100, 74232, 74
2026/07/28 11:36:09.349, 279.87, 100, 74232, 74
2026/07/28 11:36:10.386, 319.45, 100, 74232, 75
2026/07/28 11:36:11.423, 303.49, 100, 74232, 74
2026/07/28 11:36:12.459, 283.52, 100, 74232, 75
2026/07/28 11:36:13.494, 299.46, 100, 74232, 73
2026/07/28 11:36:14.534, 299.55, 100, 74232, 73
2026/07/28 11:36:15.572, 303.33, 100, 74232, 73
2026/07/28 11:36:16.610, 303.65, 100, 74232, 73
2026/07/28 11:36:17.648, 299.68, 100, 74232, 73
2026/07/28 11:36:18.687, 303.64, 100, 74232, 74
2026/07/28 11:36:19.724, 303.53, 100, 74232, 74
2026/07/28 11:36:20.762, 306.18, 100, 74232, 74
2026/07/28 11:36:21.800, 304.68, 100, 74232, 74
2026/07/28 11:36:22.838, 305.44, 100, 74232, 74
2026/07/28 11:36:23.876, 304.77, 100, 74232, 74
2026/07/28 11:36:24.915, 304.50, 100, 74232, 74
2026/07/28 11:36:25.952, 313.64, 100, 74232, 76
2026/07/28 11:36:26.988, 293.97, 100, 74232, 76
2026/07/28 11:36:28.024, 292.08, 100, 74232, 76
2026/07/28 11:36:29.063, 301.58, 100, 74232, 76
2026/07/28 11:36:30.099, 303.05, 100, 74232, 76
2026/07/28 11:36:31.135, 291.06, 100, 74232, 76
2026/07/28 11:36:32.175, 297.04, 100, 74232, 76
2026/07/28 11:36:33.211, 297.11, 100, 74232, 74
2026/07/28 11:36:34.254, 296.09, 100, 74232, 74
2026/07/28 11:36:35.293, 292.39, 100, 74232, 74
2026/07/28 11:36:36.331, 289.89, 100, 74232, 74
2026/07/28 11:36:37.370, 288.42, 100, 74232, 74
2026/07/28 11:36:38.410, 290.45, 100, 74232, 74
2026/07/28 11:36:39.448, 298.79, 100, 74232, 74
2026/07/28 11:36:40.487, 297.82, 100, 74232, 74
2026/07/28 11:36:41.526, 297.44, 100, 74232, 74
2026/07/28 11:36:42.563, 298.20, 100, 74232, 75
2026/07/28 11:36:43.601, 297.64, 100, 74232, 75
2026/07/28 11:36:44.638, 298.49, 100, 74232, 75
2026/07/28 11:36:45.676, 297.95, 100, 74232, 75
2026/07/28 11:36:46.714, 104.46, 74, 74232, 72
2026/07/28 11:36:47.747, 101.35, 0, 74232, 71
2026/07/28 11:36:48.779, 100.73, 0, 74232, 70
2026/07/28 11:36:49.812, 99.77, 0, 74232, 70
2026/07/28 11:36:50.844, 99.47, 0, 74232, 69
2026/07/28 11:36:51.878, 97.54, 0, 74232, 69
2026/07/28 11:36:52.910, 96.68, 0, 74232, 68
2026/07/28 11:36:53.942, 95.72, 0, 74232, 68
2026/07/28 11:36:54.974, 95.23, 0, 74232, 67
2026/07/28 11:36:56.007, 93.85, 0, 74232, 67
2026/07/28 11:36:57.037, 93.04, 0, 74232, 66
2026/07/28 11:36:58.069, 92.72, 0, 74232, 66
2026/07/28 11:36:59.100, 92.52, 0, 74232, 65
2026/07/28 11:37:00.131, 91.98, 0, 74232, 65
2026/07/28 11:37:01.162, 91.75, 0, 74232, 65
2026/07/28 11:37:02.192, 91.38, 0, 74232, 64
2026/07/28 11:37:03.223, 92.04, 0, 74232, 64
2026/07/28 11:37:04.254, 91.61, 0, 74232, 64
2026/07/28 11:37:05.286, 91.50, 0, 74232, 64
2026/07/28 11:37:06.317, 90.29, 0, 74232, 63
2026/07/28 11:37:07.811, 89.64, 0, 74232, 63
2026/07/28 11:37:08.842, 89.31, 0, 74232, 63
2026/07/28 11:37:09.873, 88.92, 0, 74232, 62
2026/07/28 11:37:10.903, 89.64, 0, 74232, 62
2026/07/28 11:37:11.934, 88.06, 0, 74232, 62
2026/07/28 11:37:12.964, 87.97, 0, 74232, 62
2026/07/28 11:37:13.995, 88.39, 0, 74232, 61
2026/07/28 11:37:15.026, 87.15, 0, 74232, 61
2026/07/28 11:37:16.057, 87.54, 0, 74232, 61
2026/07/28 11:37:17.088, 87.05, 0, 74232, 61
2026/07/28 11:37:18.120, 86.24, 0, 74232, 60
2026/07/28 11:37:19.152, 86.55, 0, 74232, 60
2026/07/28 11:37:20.183, 86.34, 0, 74232, 60
2026/07/28 11:37:21.215, 85.93, 0, 74232, 60
2026/07/28 11:37:22.247, 85.53, 0, 74232, 60
2026/07/28 11:37:23.277, 85.32, 0, 74232, 59
2026/07/28 11:37:24.309, 86.13, 0, 74232, 59
2026/07/28 11:37:25.514, 85.09, 0, 74232, 59
2026/07/28 11:37:26.616, 84.29, 0, 74232, 59
2026/07/28 11:37:27.646, 84.21, 0, 74232, 58
2026/07/28 11:37:28.677, 83.81, 0, 74232, 58
2026/07/28 11:37:29.707, 82.42, 0, 74232, 58
2026/07/28 11:37:30.737, 83.44, 0, 74232, 58
2026/07/28 11:37:31.770, 83.23, 0, 74232, 58
2026/07/28 11:37:32.800, 83.25, 0, 74232, 57
2026/07/28 11:37:33.831, 82.67, 0, 74232, 57
2026/07/28 11:37:34.863, 82.58, 0, 74232, 57
2026/07/28 11:37:35.893, 82.52, 0, 74232, 57
2026/07/28 11:37:36.923, 82.39, 0, 74232, 57
2026/07/28 11:37:37.954, 81.74, 0, 74232, 56
2026/07/28 11:37:38.987, 81.80, 0, 74232, 56
2026/07/28 11:37:40.017, 82.09, 0, 74232, 56
2026/07/28 11:37:41.047, 81.50, 0, 74232, 56
2026/07/28 11:37:42.078, 82.20, 0, 74232, 56
2026/07/28 11:37:43.108, 80.98, 0, 74232, 56
2026/07/28 11:37:44.138, 80.39, 0, 74232, 55
2026/07/28 11:37:45.168, 80.75, 0, 74232, 55
2026/07/28 11:37:46.197, 80.65, 0, 74232, 55
2026/07/28 11:37:47.226, 80.14, 0, 74232, 55
2026/07/28 11:37:48.256, 80.37, 0, 74232, 55
2026/07/28 11:37:49.288, 80.09, 0, 74232, 54
2026/07/28 11:37:50.319, 79.45, 0, 74232, 54
2026/07/28 11:37:51.351, 79.92, 0, 74232, 54
2026/07/28 11:37:52.383, 295.28, 0, 74232, 58
2026/07/28 11:37:53.418, 305.92, 100, 74232, 60
2026/07/28 11:37:54.456, 309.10, 100, 74232, 60
2026/07/28 11:37:55.491, 312.46, 100, 74232, 61
2026/07/28 11:37:56.528, 311.62, 100, 74232, 61
2026/07/28 11:37:57.563, 302.15, 100, 74232, 60
2026/07/28 11:37:58.601, 303.17, 100, 74232, 60
2026/07/28 11:37:59.638, 303.31, 100, 74232, 60
2026/07/28 11:38:00.675, 303.78, 100, 74232, 61
2026/07/28 11:38:01.717, 299.05, 100, 74232, 61
2026/07/28 11:38:02.754, 293.63, 100, 74232, 61
2026/07/28 11:38:03.805, 296.90, 100, 74232, 63
2026/07/28 11:38:04.840, 290.77, 100, 74232, 64
2026/07/28 11:38:05.878, 296.38, 100, 74232, 64
2026/07/28 11:38:06.914, 308.19, 100, 74232, 64
2026/07/28 11:38:07.949, 300.95, 100, 74232, 63
2026/07/28 11:38:08.987, 302.31, 100, 74232, 63
2026/07/28 11:38:10.024, 302.08, 100, 74232, 63
2026/07/28 11:38:11.061, 305.08, 100, 74232, 64
2026/07/28 11:38:12.096, 304.79, 100, 74232, 66
2026/07/28 11:38:13.130, 286.18, 100, 74232, 66
2026/07/28 11:38:14.165, 300.88, 100, 74232, 66
2026/07/28 11:38:15.199, 299.55, 100, 74232, 66
2026/07/28 11:38:16.236, 305.72, 100, 74232, 65
2026/07/28 11:38:17.273, 301.99, 100, 74232, 65
2026/07/28 11:38:18.310, 305.38, 100, 74232, 65
2026/07/28 11:38:19.347, 295.98, 100, 74232, 66
2026/07/28 11:38:20.387, 298.90, 100, 74232, 66
2026/07/28 11:38:21.422, 307.04, 100, 74232, 68
2026/07/28 11:38:22.534, 296.89, 100, 74232, 68
2026/07/28 11:38:23.570, 310.30, 100, 74232, 68
2026/07/28 11:38:24.604, 301.37, 100, 74232, 68
2026/07/28 11:38:25.638, 307.83, 100, 74232, 69
2026/07/28 11:38:26.671, 274.23, 100, 74232, 69
2026/07/28 11:38:27.705, 299.78, 100, 74232, 67
2026/07/28 11:38:28.742, 297.02, 100, 74232, 67
2026/07/28 11:38:29.779, 301.11, 100, 74232, 68
2026/07/28 11:38:30.816, 299.16, 100, 74232, 68
2026/07/28 11:38:31.854, 301.10, 100, 74232, 68
2026/07/28 11:38:32.891, 301.32, 100, 74232, 68
2026/07/28 11:38:33.927, 302.26, 100, 74232, 68
2026/07/28 11:38:34.965, 302.48, 100, 74232, 68
2026/07/28 11:38:36.002, 303.06, 100, 74232, 69
2026/07/28 11:38:37.039, 303.32, 100, 74232, 69
2026/07/28 11:38:38.076, 301.36, 100, 74232, 69
2026/07/28 11:38:39.113, 303.77, 100, 74232, 69
2026/07/28 11:38:40.149, 296.15, 100, 74232, 69
2026/07/28 11:38:41.185, 298.00, 100, 74232, 69
2026/07/28 11:38:42.221, 300.32, 100, 74232, 69
2026/07/28 11:38:43.257, 296.36, 100, 74232, 69
2026/07/28 11:38:44.293, 298.68, 100, 74232, 70
2026/07/28 11:38:45.330, 298.10, 100, 74232, 70
2026/07/28 11:38:46.366, 299.57, 100, 74232, 70
2026/07/28 11:38:47.403, 297.90, 100, 74232, 70
2026/07/28 11:38:48.440, 298.88, 100, 74232, 70
2026/07/28 11:38:49.476, 298.20, 100, 74232, 70
2026/07/28 11:38:50.513, 297.93, 100, 74232, 70
2026/07/28 11:38:51.549, 299.88, 100, 74232, 70
2026/07/28 11:38:52.586, 298.11, 100, 74232, 71
2026/07/28 11:38:53.623, 300.83, 100, 74232, 71
2026/07/28 11:38:54.662, 292.27, 100, 74232, 71
2026/07/28 11:38:55.699, 301.21, 100, 74232, 71
2026/07/28 11:38:56.738, 299.26, 100, 74232, 71
2026/07/28 11:38:57.777, 300.15, 100, 74232, 71
2026/07/28 11:38:58.813, 299.57, 100, 74232, 71
2026/07/28 11:38:59.852, 294.62, 100, 74232, 71
2026/07/28 11:39:00.889, 292.28, 100, 74232, 71
2026/07/28 11:39:01.926, 293.46, 100, 74232, 71
2026/07/28 11:39:02.965, 292.62, 100, 74232, 71
2026/07/28 11:39:04.004, 292.58, 100, 74232, 72
2026/07/28 11:39:05.044, 293.06, 100, 74232, 72
2026/07/28 11:39:06.086, 292.95, 100, 74232, 72
2026/07/28 11:39:07.122, 293.64, 100, 74232, 72
2026/07/28 11:39:08.161, 294.25, 100, 74232, 72
2026/07/28 11:39:09.197, 293.84, 100, 74232, 72
2026/07/28 11:39:10.233, 298.71, 100, 74232, 72
2026/07/28 11:39:11.269, 293.47, 100, 74232, 72
2026/07/28 11:39:12.305, 301.88, 100, 74232, 72
2026/07/28 11:39:13.341, 300.53, 100, 74232, 72
2026/07/28 11:39:14.379, 303.83, 100, 74232, 72
2026/07/28 11:39:15.416, 301.39, 100, 74232, 72
2026/07/28 11:39:16.452, 305.02, 100, 74232, 73
2026/07/28 11:39:17.491, 301.85, 100, 74232, 73
2026/07/28 11:39:18.529, 301.80, 100, 74232, 73
2026/07/28 11:39:19.567, 302.45, 100, 74232, 73
2026/07/28 11:39:20.604, 303.21, 100, 74232, 73
2026/07/28 11:39:21.643, 302.17, 100, 74232, 73
2026/07/28 11:39:22.679, 302.55, 100, 74232, 73
2026/07/28 11:39:23.715, 302.30, 100, 74232, 73
2026/07/28 11:39:24.752, 303.96, 100, 74232, 73
2026/07/28 11:39:25.789, 291.41, 100, 74232, 73
2026/07/28 11:39:26.827, 295.11, 100, 74232, 73
2026/07/28 11:39:27.866, 291.90, 100, 74232, 73
2026/07/28 11:39:28.904, 294.83, 100, 74232, 73
2026/07/28 11:39:29.943, 295.59, 100, 74232, 73
2026/07/28 11:39:30.980, 294.55, 100, 74232, 73
2026/07/28 11:39:32.018, 295.12, 100, 74232, 73
2026/07/28 11:39:33.056, 296.27, 100, 74232, 73
2026/07/28 11:39:34.093, 295.22, 100, 74232, 73
2026/07/28 11:39:35.132, 297.70, 100, 74232, 73
2026/07/28 11:39:36.170, 294.14, 100, 74232, 73
2026/07/28 11:39:37.207, 292.10, 100, 74232, 73
2026/07/28 11:39:38.245, 296.08, 100, 74232, 73
2026/07/28 11:39:39.282, 296.08, 100, 74232, 73
2026/07/28 11:39:40.319, 296.36, 100, 74232, 73
2026/07/28 11:39:41.356, 296.57, 100, 74232, 73
2026/07/28 11:39:42.393, 295.59, 100, 74232, 73
2026/07/28 11:39:43.429, 299.28, 100, 74232, 73
2026/07/28 11:39:44.466, 297.79, 100, 74232, 73
2026/07/28 11:39:45.503, 303.83, 100, 74232, 73
2026/07/28 11:39:46.541, 305.48, 100, 74232, 74
2026/07/28 11:39:47.578, 303.53, 100, 74232, 74
2026/07/28 11:39:48.617, 304.86, 100, 74232, 74
2026/07/28 11:39:49.654, 303.62, 100, 74232, 74
2026/07/28 11:39:50.693, 305.45, 100, 74232, 73
2026/07/28 11:39:51.730, 296.35, 100, 74232, 73
2026/07/28 11:39:52.767, 296.27, 100, 74232, 73
2026/07/28 11:39:53.807, 296.44, 100, 74232, 74
2026/07/28 11:39:54.845, 296.84, 100, 74232, 74
2026/07/28 11:39:55.882, 295.68, 100, 74232, 74
2026/07/28 11:39:56.919, 297.82, 100, 74232, 74
2026/07/28 11:39:57.956, 295.58, 100, 74232, 74
2026/07/28 11:39:58.993, 296.46, 100, 74232, 74
2026/07/28 11:40:00.029, 296.55, 100, 74232, 74
2026/07/28 11:40:01.070, 296.76, 100, 74232, 74
2026/07/28 11:40:02.108, 295.78, 100, 74232, 74
2026/07/28 11:40:03.145, 295.88, 100, 74232, 74
2026/07/28 11:40:04.182, 295.89, 100, 74232, 74
2026/07/28 11:40:05.219, 296.37, 100, 74232, 74
2026/07/28 11:40:06.257, 296.48, 100, 74232, 74
2026/07/28 11:40:07.295, 294.73, 100, 74232, 74
2026/07/28 11:40:08.334, 297.32, 100, 74232, 74
2026/07/28 11:40:09.371, 298.39, 100, 74232, 74
2026/07/28 11:40:10.410, 296.97, 100, 74232, 74
2026/07/28 11:40:11.447, 300.35, 100, 74232, 74
2026/07/28 11:40:12.484, 303.70, 100, 74232, 74
2026/07/28 11:40:13.521, 306.24, 100, 74232, 74
2026/07/28 11:40:14.558, 297.60, 100, 74232, 74
2026/07/28 11:40:15.595, 269.85, 100, 74232, 75
2026/07/28 11:40:16.633, 303.42, 100, 74232, 75
2026/07/28 11:40:17.670, 302.48, 100, 74232, 76
2026/07/28 11:40:18.705, 292.28, 100, 74232, 75
2026/07/28 11:40:19.739, 310.21, 100, 74232, 76
2026/07/28 11:40:20.773, 279.18, 100, 74232, 76
2026/07/28 11:40:21.810, 300.27, 100, 74232, 75
2026/07/28 11:40:22.850, 303.90, 100, 74232, 74
2026/07/28 11:40:23.886, 304.58, 100, 74232, 74
2026/07/28 11:40:24.922, 304.29, 100, 74232, 74
2026/07/28 11:40:25.959, 308.06, 100, 74232, 74
2026/07/28 11:40:26.997, 300.95, 100, 74232, 74
2026/07/28 11:40:28.033, 305.65, 100, 74232, 74
2026/07/28 11:40:29.070, 305.64, 100, 74232, 74
2026/07/28 11:40:30.107, 294.62, 100, 74232, 74
2026/07/28 11:40:31.143, 297.74, 100, 74232, 74
2026/07/28 11:40:32.181, 297.92, 100, 74232, 74
2026/07/28 11:40:33.220, 293.44, 100, 74232, 76
2026/07/28 11:40:34.256, 301.41, 100, 74232, 76
2026/07/28 11:40:35.291, 298.10, 100, 74232, 76
2026/07/28 11:40:36.330, 293.09, 100, 74232, 76
2026/07/28 11:40:37.365, 281.39, 100, 74232, 76
2026/07/28 11:40:38.400, 287.89, 100, 74232, 76
2026/07/28 11:40:39.439, 295.19, 100, 74232, 76
2026/07/28 11:40:40.474, 304.96, 100, 74232, 74
2026/07/28 11:40:41.512, 305.27, 100, 74232, 74
2026/07/28 11:40:42.549, 302.95, 100, 74232, 74
2026/07/28 11:40:43.586, 303.35, 100, 74232, 74
2026/07/28 11:40:44.622, 299.27, 100, 74232, 74
2026/07/28 11:40:45.661, 297.91, 100, 74232, 75
2026/07/28 11:40:46.699, 291.05, 100, 74232, 75
2026/07/28 11:40:47.736, 297.92, 100, 74232, 75
2026/07/28 11:40:48.779, 297.52, 100, 74232, 75
2026/07/28 11:40:49.818, 227.55, 0, 74232, 75
2026/07/28 11:40:50.854, 304.49, 100, 74232, 75
2026/07/28 11:40:51.893, 303.22, 100, 74232, 75
2026/07/28 11:40:52.930, 304.34, 100, 74232, 75
2026/07/28 11:40:53.966, 309.24, 100, 74232, 75
2026/07/28 11:40:55.006, 305.09, 100, 74232, 75
2026/07/28 11:40:56.042, 301.92, 100, 74232, 75
2026/07/28 11:40:57.078, 300.83, 100, 74232, 75
2026/07/28 11:40:58.116, 304.80, 100, 74232, 75
2026/07/28 11:40:59.154, 303.74, 100, 74232, 75
2026/07/28 11:41:00.191, 297.82, 100, 74232, 75
2026/07/28 11:41:01.227, 299.55, 100, 74232, 75
2026/07/28 11:41:02.264, 295.80, 100, 74232, 75
2026/07/28 11:41:03.302, 297.83, 100, 74232, 75
2026/07/28 11:41:04.338, 298.61, 100, 74232, 75
2026/07/28 11:41:05.374, 297.64, 100, 74232, 75
2026/07/28 11:41:06.411, 297.26, 100, 74232, 75
2026/07/28 11:41:07.447, 296.85, 100, 74232, 75
2026/07/28 11:41:08.487, 295.68, 100, 74232, 75
2026/07/28 11:41:09.523, 296.74, 100, 74232, 75
2026/07/28 11:41:10.561, 297.43, 100, 74232, 74
2026/07/28 11:41:11.598, 297.44, 100, 74232, 75
2026/07/28 11:41:12.635, 298.51, 100, 74232, 74
2026/07/28 11:41:13.674, 296.56, 100, 74232, 74
2026/07/28 11:41:14.710, 297.04, 100, 74232, 75
2026/07/28 11:41:15.747, 296.38, 100, 74232, 75
2026/07/28 11:41:16.784, 303.73, 100, 74232, 75
2026/07/28 11:41:17.822, 307.22, 100, 74232, 75
2026/07/28 11:41:18.858, 303.91, 100, 74232, 75
2026/07/28 11:41:19.895, 299.74, 100, 74232, 75
2026/07/28 11:41:20.931, 300.02, 100, 74232, 74
2026/07/28 11:41:21.970, 297.22, 100, 74232, 74
2026/07/28 11:41:23.007, 296.69, 100, 74232, 74
2026/07/28 11:41:24.044, 297.52, 100, 74232, 74
2026/07/28 11:41:25.082, 302.36, 100, 74232, 74
2026/07/28 11:41:26.118, 299.47, 100, 74232, 74
2026/07/28 11:41:27.157, 296.67, 100, 74232, 74
2026/07/28 11:41:28.195, 296.87, 100, 74232, 74
2026/07/28 11:41:29.232, 298.88, 100, 74232, 74
2026/07/28 11:41:30.269, 307.10, 100, 74232, 75
2026/07/28 11:41:31.309, 305.35, 100, 74232, 75
2026/07/28 11:41:32.346, 301.51, 100, 74232, 74
2026/07/28 11:41:33.384, 305.95, 100, 74232, 75
2026/07/28 11:41:34.421, 303.92, 100, 74232, 75
2026/07/28 11:41:35.459, 305.76, 100, 74232, 74
2026/07/28 11:41:36.500, 297.36, 100, 74232, 74
2026/07/28 11:41:37.537, 292.01, 100, 74232, 74
2026/07/28 11:41:38.577, 298.11, 100, 74232, 74
2026/07/28 11:41:39.614, 295.68, 100, 74232, 74
2026/07/28 11:41:40.655, 297.80, 100, 74232, 74
2026/07/28 11:41:41.692, 296.97, 100, 74232, 74
2026/07/28 11:41:42.729, 297.81, 100, 74232, 74
2026/07/28 11:41:43.766, 297.34, 100, 74232, 74
2026/07/28 11:41:44.804, 297.75, 100, 74232, 74
2026/07/28 11:41:45.841, 303.42, 100, 74232, 74
2026/07/28 11:41:46.879, 293.76, 100, 74232, 74
2026/07/28 11:41:47.916, 296.64, 100, 74232, 74
2026/07/28 11:41:48.952, 293.85, 100, 74232, 74
2026/07/28 11:41:49.988, 297.13, 100, 74232, 74
2026/07/28 11:41:51.027, 299.17, 100, 74232, 74
2026/07/28 11:41:52.064, 296.94, 100, 74232, 74
2026/07/28 11:41:53.107, 306.25, 100, 74232, 75
2026/07/28 11:41:54.142, 297.24, 100, 74232, 74
2026/07/28 11:41:55.180, 298.73, 100, 74232, 74
2026/07/28 11:41:56.220, 298.38, 100, 74232, 74
2026/07/28 11:41:57.257, 296.44, 100, 74232, 74
2026/07/28 11:41:58.296, 298.00, 100, 74232, 74
2026/07/28 11:41:59.334, 303.55, 100, 74232, 74
2026/07/28 11:42:00.372, 296.75, 100, 74232, 74
2026/07/28 11:42:01.410, 296.46, 100, 74232, 74
2026/07/28 11:42:02.449, 297.44, 100, 74232, 74
2026/07/28 11:42:03.486, 294.91, 100, 74232, 74
2026/07/28 11:42:04.528, 298.38, 100, 74232, 74
2026/07/28 11:42:05.566, 299.09, 100, 74232, 75
2026/07/28 11:42:06.604, 301.12, 100, 74232, 74
2026/07/28 11:42:07.643, 305.12, 100, 74232, 74
2026/07/28 11:42:08.682, 302.29, 100, 74232, 75
2026/07/28 11:42:09.719, 302.46, 100, 74232, 74
2026/07/28 11:42:10.757, 305.17, 100, 74232, 74
2026/07/28 11:42:11.796, 304.99, 100, 74232, 74
2026/07/28 11:42:12.835, 296.08, 100, 74232, 74
2026/07/28 11:42:13.871, 292.68, 100, 74232, 74
2026/07/28 11:42:14.909, 296.17, 100, 74232, 74
2026/07/28 11:42:15.947, 304.96, 100, 74232, 74
2026/07/28 11:42:16.984, 302.27, 100, 74232, 74
2026/07/28 11:42:18.023, 304.68, 100, 74232, 74
2026/07/28 11:42:19.061, 295.70, 100, 74232, 74
2026/07/28 11:42:20.098, 298.50, 100, 74232, 74
2026/07/28 11:42:21.135, 296.77, 100, 74232, 74
2026/07/28 11:42:22.172, 297.13, 100, 74232, 74
2026/07/28 11:42:23.212, 298.32, 100, 74232, 74
2026/07/28 11:42:24.250, 295.79, 100, 74232, 74
2026/07/28 11:42:25.287, 293.27, 100, 74232, 74
2026/07/28 11:42:26.326, 295.87, 100, 74232, 74
2026/07/28 11:42:27.363, 297.53, 100, 74232, 74
2026/07/28 11:42:28.400, 295.78, 100, 74232, 74
2026/07/28 11:42:29.437, 304.39, 100, 74232, 74
2026/07/28 11:42:30.474, 304.30, 100, 74232, 74
2026/07/28 11:42:31.513, 295.88, 100, 74232, 76
2026/07/28 11:42:32.549, 310.42, 100, 74232, 76
2026/07/28 11:42:33.584, 301.60, 100, 74232, 76
2026/07/28 11:42:34.618, 299.49, 100, 74232, 76
2026/07/28 11:42:35.658, 288.73, 100, 74232, 76
2026/07/28 11:42:36.693, 295.99, 100, 74232, 74
2026/07/28 11:42:37.730, 292.88, 100, 74232, 74
2026/07/28 11:42:38.769, 290.63, 100, 74232, 74
2026/07/28 11:42:39.807, 293.93, 100, 74232, 74
2026/07/28 11:42:40.844, 297.07, 100, 74232, 74
2026/07/28 11:42:41.882, 298.21, 100, 74232, 74
2026/07/28 11:42:42.920, 290.91, 100, 74232, 76
2026/07/28 11:42:43.957, 292.09, 100, 74232, 76
2026/07/28 11:42:44.994, 277.24, 100, 74232, 76
2026/07/28 11:42:46.031, 278.30, 100, 74232, 76
2026/07/28 11:42:47.066, 303.94, 100, 74232, 76
2026/07/28 11:42:48.101, 303.88, 100, 74232, 75
2026/07/28 11:42:49.143, 290.06, 100, 74232, 74
2026/07/28 11:42:50.180, 295.95, 100, 74232, 74
2026/07/28 11:42:51.216, 296.93, 100, 74232, 74
2026/07/28 11:42:52.254, 294.20, 100, 74232, 74
2026/07/28 11:42:53.291, 296.76, 100, 74232, 74
2026/07/28 11:42:54.330, 296.17, 100, 74232, 74
2026/07/28 11:42:55.368, 296.16, 100, 74232, 74
2026/07/28 11:42:56.404, 296.74, 100, 74232, 74
2026/07/28 11:42:57.441, 296.38, 100, 74232, 74
2026/07/28 11:42:58.479, 100.48, 100, 74232, 71
2026/07/28 11:42:59.511, 99.71, 0, 74232, 70
2026/07/28 11:43:00.542, 97.69, 0, 74232, 69
2026/07/28 11:43:01.643, 97.07, 0, 74232, 69
2026/07/28 11:43:02.676, 97.32, 0, 74232, 68
2026/07/28 11:43:03.709, 96.71, 0, 74232, 68
2026/07/28 11:43:04.746, 95.73, 0, 74232, 67
2026/07/28 11:43:05.779, 95.59, 0, 74232, 67
2026/07/28 11:43:06.813, 93.67, 0, 74232, 66
2026/07/28 11:43:07.847, 93.14, 0, 74232, 66
2026/07/28 11:43:08.878, 92.70, 0, 74232, 65
2026/07/28 11:43:09.910, 92.03, 0, 74232, 65
2026/07/28 11:43:10.942, 91.74, 0, 74232, 65
2026/07/28 11:43:11.974, 92.65, 0, 74232, 64
2026/07/28 11:43:13.005, 91.75, 0, 74232, 64
2026/07/28 11:43:14.037, 91.51, 0, 74232, 64
2026/07/28 11:43:15.068, 91.34, 0, 74232, 63
2026/07/28 11:43:16.099, 90.87, 0, 74232, 63
2026/07/28 11:43:17.131, 89.59, 0, 74232, 63
2026/07/28 11:43:18.161, 90.63, 0, 74232, 63
2026/07/28 11:43:19.468, 88.82, 0, 74232, 62
2026/07/28 11:43:20.500, 89.81, 0, 74232, 62
2026/07/28 11:43:21.535, 87.95, 0, 74232, 62
2026/07/28 11:43:22.566, 89.32, 0, 74232, 62
2026/07/28 11:43:23.598, 88.85, 0, 74232, 61
2026/07/28 11:43:24.630, 88.45, 0, 74232, 61
2026/07/28 11:43:25.660, 87.44, 0, 74232, 61
2026/07/28 11:43:26.694, 86.57, 0, 74232, 61
2026/07/28 11:43:27.727, 87.18, 0, 74232, 60
2026/07/28 11:43:28.760, 88.13, 0, 74232, 60
2026/07/28 11:43:29.795, 87.47, 0, 74232, 60
2026/07/28 11:43:30.826, 85.19, 0, 74232, 60
2026/07/28 11:43:31.857, 85.03, 0, 74232, 59
2026/07/28 11:43:32.890, 85.25, 0, 74232, 59
2026/07/28 11:43:33.922, 84.64, 0, 74232, 59
2026/07/28 11:43:34.952, 84.60, 0, 74232, 59
2026/07/28 11:43:35.983, 84.64, 0, 74232, 59
2026/07/28 11:43:37.365, 84.11, 0, 74232, 58
2026/07/28 11:43:38.397, 83.40, 0, 74232, 58
2026/07/28 11:43:39.428, 82.64, 0, 74232, 58
2026/07/28 11:43:40.459, 82.81, 0, 74232, 58
2026/07/28 11:43:41.490, 83.03, 0, 74232, 57
2026/07/28 11:43:43.578, 82.78, 0, 74232, 57
2026/07/28 11:43:44.609, 82.67, 0, 74232, 57
2026/07/28 11:43:45.640, 81.71, 0, 74232, 57
2026/07/28 11:43:46.671, 82.27, 0, 74232, 57
2026/07/28 11:43:47.702, 82.77, 0, 74232, 56
2026/07/28 11:43:48.733, 82.19, 0, 74232, 56
2026/07/28 11:43:49.765, 81.21, 0, 74232, 56
2026/07/28 11:43:50.796, 80.98, 0, 74232, 56
2026/07/28 11:43:51.827, 80.59, 0, 74232, 56
2026/07/28 11:43:52.858, 81.21, 0, 74232, 55
2026/07/28 11:43:53.889, 81.20, 0, 74232, 55
2026/07/28 11:43:54.919, 81.09, 0, 74232, 55
2026/07/28 11:43:55.951, 81.48, 0, 74232, 55
2026/07/28 11:43:56.981, 79.65, 0, 74232, 55
2026/07/28 11:43:58.012, 79.80, 0, 74232, 54
2026/07/28 11:43:59.044, 79.01, 0, 74232, 54
2026/07/28 11:44:00.075, 78.96, 0, 74232, 54
2026/07/28 11:44:01.105, 78.64, 0, 74232, 54
2026/07/28 11:44:02.135, 78.38, 0, 74232, 54
2026/07/28 11:44:03.166, 297.05, 100, 74232, 59
2026/07/28 11:44:04.200, 290.22, 100, 74232, 60
2026/07/28 11:44:05.234, 299.80, 100, 74232, 60
2026/07/28 11:44:06.270, 295.15, 100, 74232, 60
2026/07/28 11:44:07.304, 290.61, 100, 74232, 61
2026/07/28 11:44:08.340, 301.60, 100, 74232, 59
2026/07/28 11:44:09.385, 296.57, 100, 74232, 60
2026/07/28 11:44:10.423, 296.09, 100, 74232, 60
2026/07/28 11:44:11.460, 295.39, 100, 74232, 60
2026/07/28 11:44:12.499, 301.38, 100, 74232, 62
2026/07/28 11:44:13.533, 294.25, 100, 74232, 63
2026/07/28 11:44:14.568, 289.05, 100, 74232, 63
2026/07/28 11:44:15.602, 283.79, 100, 74232, 63
2026/07/28 11:44:16.639, 303.24, 100, 74232, 63
2026/07/28 11:44:17.680, 298.85, 100, 74232, 62
2026/07/28 11:44:18.717, 298.19, 100, 74232, 62
2026/07/28 11:44:19.753, 297.12, 100, 74232, 63
2026/07/28 11:44:20.789, 296.58, 100, 74232, 65
2026/07/28 11:44:21.823, 291.70, 100, 74232, 65
2026/07/28 11:44:22.857, 294.90, 100, 74232, 65
2026/07/28 11:44:23.895, 299.71, 100, 74232, 66
2026/07/28 11:44:24.930, 266.82, 100, 74232, 66
2026/07/28 11:44:25.964, 284.33, 100, 74232, 66
2026/07/28 11:44:26.998, 298.10, 100, 74232, 65
2026/07/28 11:44:28.037, 306.65, 100, 74232, 65
2026/07/28 11:44:29.073, 299.73, 100, 74232, 65
2026/07/28 11:44:30.109, 299.74, 100, 74232, 65
2026/07/28 11:44:31.145, 300.73, 100, 74232, 65
2026/07/28 11:44:32.182, 289.67, 100, 74232, 66
2026/07/28 11:44:33.218, 292.20, 100, 74232, 66
2026/07/28 11:44:34.260, 294.01, 100, 74232, 66
2026/07/28 11:44:35.298, 300.72, 100, 74232, 66
2026/07/28 11:44:36.335, 300.83, 100, 74232, 67
2026/07/28 11:44:37.371, 300.54, 100, 74232, 67
2026/07/28 11:44:38.407, 301.59, 100, 74232, 67
2026/07/28 11:44:39.445, 303.06, 100, 74232, 67
2026/07/28 11:44:40.482, 302.60, 100, 74232, 67
2026/07/28 11:44:41.519, 302.09, 100, 74232, 68
2026/07/28 11:44:42.556, 302.97, 100, 74232, 68
2026/07/28 11:44:43.592, 304.11, 100, 74232, 68
2026/07/28 11:44:44.628, 302.30, 100, 74232, 68
2026/07/28 11:44:45.664, 293.74, 100, 74232, 68
2026/07/28 11:44:46.701, 294.12, 100, 74232, 68
2026/07/28 11:44:47.739, 295.56, 100, 74232, 68
2026/07/28 11:44:48.779, 297.34, 100, 74232, 69
2026/07/28 11:44:49.816, 297.45, 100, 74232, 69
2026/07/28 11:44:50.852, 300.71, 100, 74232, 69
2026/07/28 11:44:51.889, 299.24, 100, 74232, 69
2026/07/28 11:44:52.926, 298.23, 100, 74232, 69
2026/07/28 11:44:53.962, 298.60, 100, 74232, 69
2026/07/28 11:44:54.999, 297.93, 100, 74232, 69
2026/07/28 11:44:56.037, 301.30, 100, 74232, 70
2026/07/28 11:44:57.074, 301.20, 100, 74232, 72
2026/07/28 11:44:58.113, 291.51, 100, 74232, 72
2026/07/28 11:44:59.148, 292.76, 100, 74232, 72
2026/07/28 11:45:00.186, 304.92, 100, 74232, 72
2026/07/28 11:45:01.220, 308.06, 100, 74232, 72
2026/07/28 11:45:02.255, 312.78, 100, 74232, 72
2026/07/28 11:45:03.290, 304.53, 100, 74232, 72
2026/07/28 11:45:04.329, 307.42, 100, 74232, 71
2026/07/28 11:45:05.366, 300.05, 100, 74232, 71
2026/07/28 11:45:06.404, 298.99, 100, 74232, 71
2026/07/28 11:45:07.441, 299.65, 100, 74232, 71
2026/07/28 11:45:08.478, 301.14, 100, 74232, 71
2026/07/28 11:45:09.514, 304.69, 100, 74232, 71
2026/07/28 11:45:10.552, 299.94, 100, 74232, 71
2026/07/28 11:45:11.589, 300.05, 100, 74232, 71
2026/07/28 11:45:12.625, 301.14, 100, 74232, 71
2026/07/28 11:45:13.664, 303.33, 100, 74232, 72
2026/07/28 11:45:14.700, 300.82, 100, 74232, 72
2026/07/28 11:45:15.737, 301.40, 100, 74232, 72
2026/07/28 11:45:16.775, 296.39, 91, 74232, 73
2026/07/28 11:45:17.808, 301.49, 100, 74232, 73
2026/07/28 11:45:18.844, 313.24, 100, 74232, 74
2026/07/28 11:45:19.879, 291.88, 100, 74232, 74
2026/07/28 11:45:20.915, 287.11, 100, 74232, 74
2026/07/28 11:45:21.950, 300.89, 100, 74232, 74
2026/07/28 11:45:22.986, 318.92, 100, 74232, 74
2026/07/28 11:45:24.021, 303.73, 100, 74232, 72
2026/07/28 11:45:25.060, 301.78, 100, 74232, 72
2026/07/28 11:45:26.097, 301.88, 100, 74232, 72
2026/07/28 11:45:27.133, 301.52, 100, 74232, 73
2026/07/28 11:45:28.172, 301.30, 100, 74232, 73
2026/07/28 11:45:29.209, 300.79, 100, 74232, 73
2026/07/28 11:45:30.248, 304.30, 100, 74232, 73
2026/07/28 11:45:31.285, 302.36, 100, 74232, 73
2026/07/28 11:45:32.327, 99.22, 0, 74232, 70
2026/07/28 11:45:33.361, 292.79, 100, 74232, 73
2026/07/28 11:45:34.398, 299.62, 100, 74232, 73
2026/07/28 11:45:35.435, 299.07, 100, 74232, 73
2026/07/28 11:45:36.471, 293.17, 100, 74232, 73
2026/07/28 11:45:37.507, 302.26, 100, 74232, 73
2026/07/28 11:45:38.544, 300.85, 100, 74232, 73
2026/07/28 11:45:39.580, 299.08, 100, 74232, 73
2026/07/28 11:45:40.616, 301.50, 100, 74232, 73
2026/07/28 11:45:41.652, 300.66, 100, 74232, 73
2026/07/28 11:45:42.690, 299.46, 100, 74232, 73
2026/07/28 11:45:43.726, 298.37, 100, 74232, 73
2026/07/28 11:45:44.761, 302.56, 100, 74232, 73
2026/07/28 11:45:45.797, 300.70, 100, 74232, 73
2026/07/28 11:45:46.833, 302.86, 100, 74232, 73
2026/07/28 11:45:47.869, 302.85, 100, 74232, 73
2026/07/28 11:45:48.905, 302.26, 100, 74232, 73
2026/07/28 11:45:49.941, 301.63, 100, 74232, 73
2026/07/28 11:45:50.978, 303.43, 100, 74232, 73
2026/07/28 11:45:52.014, 291.91, 100, 74232, 73
2026/07/28 11:45:53.050, 291.80, 100, 74232, 73
2026/07/28 11:45:54.085, 296.15, 100, 74232, 73
2026/07/28 11:45:55.123, 301.40, 100, 74232, 73
2026/07/28 11:45:56.160, 298.19, 100, 74232, 73
2026/07/28 11:45:57.200, 294.12, 100, 74232, 74
2026/07/28 11:45:58.239, 295.68, 100, 74232, 73
2026/07/28 11:45:59.276, 296.97, 100, 74232, 74
2026/07/28 11:46:00.314, 295.21, 100, 74232, 74
2026/07/28 11:46:01.351, 302.53, 100, 74232, 74
2026/07/28 11:46:02.388, 300.62, 100, 74232, 74
2026/07/28 11:46:03.428, 301.30, 100, 74232, 74
2026/07/28 11:46:04.465, 302.06, 100, 74232, 74
2026/07/28 11:46:05.502, 304.55, 100, 74232, 74
2026/07/28 11:46:06.539, 303.61, 100, 74232, 74
2026/07/28 11:46:07.576, 302.87, 100, 74232, 74
2026/07/28 11:46:08.612, 305.36, 100, 74232, 74
2026/07/28 11:46:09.648, 303.49, 100, 74232, 74
2026/07/28 11:46:10.687, 305.55, 100, 74232, 74
2026/07/28 11:46:11.724, 304.00, 100, 74232, 74
2026/07/28 11:46:12.762, 302.62, 100, 74232, 74
2026/07/28 11:46:13.799, 303.07, 100, 74232, 74
2026/07/28 11:46:14.840, 296.93, 100, 74232, 74
2026/07/28 11:46:15.878, 295.10, 100, 74232, 74
2026/07/28 11:46:16.916, 297.33, 100, 74232, 74
2026/07/28 11:46:17.956, 301.21, 100, 74232, 74
2026/07/28 11:46:18.995, 298.79, 100, 74232, 74
2026/07/28 11:46:20.037, 297.02, 100, 74232, 74
2026/07/28 11:46:21.074, 295.69, 100, 74232, 74
2026/07/28 11:46:22.111, 295.57, 100, 74232, 74
2026/07/28 11:46:23.150, 296.14, 100, 74232, 74
2026/07/28 11:46:24.187, 295.87, 100, 74232, 74
2026/07/28 11:46:25.224, 293.48, 100, 74232, 74
2026/07/28 11:46:26.262, 296.06, 100, 74232, 74
2026/07/28 11:46:27.301, 298.98, 100, 74232, 74
2026/07/28 11:46:28.338, 303.82, 100, 74232, 74
2026/07/28 11:46:29.377, 297.62, 100, 74232, 74
2026/07/28 11:46:30.414, 300.65, 100, 74232, 74
2026/07/28 11:46:31.450, 303.92, 100, 74232, 74
2026/07/28 11:46:32.486, 304.58, 100, 74232, 74
2026/07/28 11:46:33.524, 303.13, 100, 74232, 74
2026/07/28 11:46:34.561, 304.18, 100, 74232, 74
2026/07/28 11:46:35.599, 303.05, 100, 74232, 74
2026/07/28 11:46:36.638, 303.72, 100, 74232, 74
2026/07/28 11:46:37.676, 299.34, 100, 74232, 74
2026/07/28 11:46:38.714, 293.23, 100, 74232, 74
2026/07/28 11:46:39.751, 295.19, 100, 74232, 74
2026/07/28 11:46:40.793, 295.48, 100, 74232, 74
2026/07/28 11:46:41.831, 301.75, 100, 74232, 74
2026/07/28 11:46:42.869, 295.88, 100, 74232, 74
2026/07/28 11:46:43.905, 296.16, 100, 74232, 74
2026/07/28 11:46:44.942, 296.45, 100, 74232, 74
2026/07/28 11:46:45.979, 295.79, 100, 74232, 74
2026/07/28 11:46:47.016, 301.53, 100, 74232, 74
2026/07/28 11:46:48.055, 297.63, 100, 74232, 74
2026/07/28 11:46:49.093, 294.53, 100, 74232, 74
2026/07/28 11:46:50.133, 296.39, 100, 74232, 74
2026/07/28 11:46:51.171, 298.50, 100, 74232, 74
2026/07/28 11:46:52.208, 296.16, 100, 74232, 74
2026/07/28 11:46:53.248, 294.04, 100, 74232, 74
2026/07/28 11:46:54.285, 301.17, 100, 74232, 74
2026/07/28 11:46:55.322, 299.46, 100, 74232, 76
2026/07/28 11:46:56.356, 297.21, 100, 74232, 76
2026/07/28 11:46:57.394, 283.85, 100, 74232, 76
2026/07/28 11:46:58.428, 292.47, 100, 74232, 76
2026/07/28 11:46:59.462, 294.07, 100, 74232, 76
2026/07/28 11:47:00.496, 304.50, 100, 74232, 74
2026/07/28 11:47:01.534, 306.61, 100, 74232, 74
2026/07/28 11:47:02.572, 304.84, 100, 74232, 74
2026/07/28 11:47:03.610, 304.97, 100, 74232, 74
2026/07/28 11:47:04.649, 306.52, 100, 74232, 74
2026/07/28 11:47:05.687, 305.48, 100, 74232, 74
2026/07/28 11:47:06.730, 304.52, 100, 74232, 74
2026/07/28 11:47:07.769, 301.02, 100, 74232, 74
2026/07/28 11:47:08.805, 300.75, 100, 74232, 75
2026/07/28 11:47:09.843, 297.79, 100, 74232, 75
2026/07/28 11:47:10.881, 298.76, 100, 74232, 75
2026/07/28 11:47:11.918, 298.20, 100, 74232, 75
2026/07/28 11:47:12.955, 102.45, 0, 74232, 72
2026/07/28 11:47:13.988, 302.44, 100, 74232, 76
2026/07/28 11:47:15.023, 295.31, 100, 74232, 76
2026/07/28 11:47:16.058, 293.45, 100, 74232, 76
2026/07/28 11:47:17.097, 279.26, 100, 74232, 76
2026/07/28 11:47:18.132, 305.66, 100, 74232, 76
2026/07/28 11:47:19.169, 305.55, 100, 74232, 75
2026/07/28 11:47:20.205, 306.04, 100, 74232, 75
2026/07/28 11:47:21.243, 301.47, 100, 74232, 75
2026/07/28 11:47:22.280, 298.49, 100, 74232, 75
2026/07/28 11:47:23.318, 298.00, 100, 74232, 75
2026/07/28 11:47:24.355, 304.13, 100, 74232, 75
2026/07/28 11:47:25.393, 284.41, 96, 74232, 76
2026/07/28 11:47:26.427, 306.62, 100, 74232, 77
2026/07/28 11:47:27.463, 294.44, 100, 74232, 76
2026/07/28 11:47:28.499, 299.93, 100, 74232, 76
2026/07/28 11:47:29.534, 284.69, 100, 74232, 77
2026/07/28 11:47:30.568, 304.15, 100, 74232, 77
2026/07/28 11:47:31.604, 305.21, 100, 74232, 75
2026/07/28 11:47:32.641, 303.36, 100, 74232, 75
2026/07/28 11:47:33.680, 306.11, 100, 74232, 75
2026/07/28 11:47:34.717, 298.37, 100, 74232, 75
2026/07/28 11:47:35.756, 299.25, 100, 74232, 75
2026/07/28 11:47:36.795, 298.95, 100, 74232, 75
2026/07/28 11:47:37.832, 296.67, 100, 74232, 75
2026/07/28 11:47:38.870, 296.99, 41, 74232, 76
2026/07/28 11:47:39.912, 305.36, 100, 74232, 76
2026/07/28 11:47:40.946, 299.28, 100, 74232, 77
2026/07/28 11:47:41.984, 314.64, 100, 74232, 77
2026/07/28 11:47:43.018, 292.91, 100, 74232, 77
2026/07/28 11:47:44.052, 293.84, 100, 74232, 76
2026/07/28 11:47:45.086, 307.87, 100, 74232, 75
2026/07/28 11:47:46.124, 305.81, 100, 74232, 75
2026/07/28 11:47:47.160, 305.78, 100, 74232, 75
2026/07/28 11:47:48.197, 305.83, 100, 74232, 75
2026/07/28 11:47:49.234, 300.30, 100, 74232, 75
2026/07/28 11:47:50.272, 299.00, 100, 74232, 75
2026/07/28 11:47:51.310, 102.69, 0, 74232, 72
2026/07/28 11:47:52.344, 298.40, 100, 74232, 76
2026/07/28 11:47:53.378, 301.48, 100, 74232, 76
2026/07/28 11:47:54.413, 298.42, 100, 74232, 76
2026/07/28 11:47:55.450, 299.54, 100, 74232, 77
2026/07/28 11:47:56.486, 263.09, 100, 74232, 76
2026/07/28 11:47:57.522, 294.82, 100, 74232, 75
2026/07/28 11:47:58.560, 294.32, 100, 74232, 75
2026/07/28 11:47:59.597, 297.44, 100, 74232, 75
2026/07/28 11:48:00.639, 299.24, 100, 74232, 75
2026/07/28 11:48:01.676, 302.15, 100, 74232, 75
2026/07/28 11:48:02.717, 297.51, 100, 74232, 75
2026/07/28 11:48:03.756, 298.30, 100, 74232, 75
2026/07/28 11:48:04.793, 298.60, 100, 74232, 75
2026/07/28 11:48:05.831, 298.29, 100, 74232, 75
2026/07/28 11:48:06.868, 101.84, 0, 74232, 72
2026/07/28 11:48:07.899, 100.93, 0, 74232, 71
2026/07/28 11:48:08.930, 99.86, 0, 74232, 70
2026/07/28 11:48:09.962, 99.18, 0, 74232, 70
2026/07/28 11:48:10.994, 98.04, 0, 74232, 69
2026/07/28 11:48:12.025, 96.68, 0, 74232, 69
2026/07/28 11:48:13.057, 95.94, 0, 74232, 68
2026/07/28 11:48:14.088, 96.40, 0, 74232, 68
2026/07/28 11:48:15.120, 94.54, 0, 74232, 67
2026/07/28 11:48:16.152, 95.26, 0, 74232, 67
2026/07/28 11:48:17.183, 93.82, 0, 74232, 67
2026/07/28 11:48:18.213, 93.35, 0, 74232, 66
2026/07/28 11:48:19.245, 93.85, 0, 74232, 66
2026/07/28 11:48:20.276, 93.51, 0, 74232, 65
2026/07/28 11:48:21.307, 92.24, 0, 74232, 65
2026/07/28 11:48:22.338, 91.51, 0, 74232, 65
2026/07/28 11:48:23.370, 91.15, 0, 74232, 64
2026/07/28 11:48:24.401, 91.87, 0, 74232, 64
2026/07/28 11:48:25.432, 92.53, 0, 74232, 64
2026/07/28 11:48:26.465, 89.82, 0, 74232, 64
2026/07/28 11:48:27.496, 90.92, 0, 74232, 63
2026/07/28 11:48:28.526, 89.69, 0, 74232, 63
2026/07/28 11:48:29.557, 89.09, 0, 74232, 63
2026/07/28 11:48:30.589, 88.41, 0, 74232, 62
2026/07/28 11:48:31.620, 88.42, 0, 74232, 62
2026/07/28 11:48:32.651, 89.30, 0, 74232, 62
2026/07/28 11:48:33.681, 89.09, 0, 74232, 62
2026/07/28 11:48:34.712, 87.82, 0, 74232, 61
2026/07/28 11:48:35.742, 88.61, 0, 74232, 61
2026/07/28 11:48:36.774, 86.77, 0, 74232, 61
2026/07/28 11:48:37.804, 86.18, 0, 74232, 61
2026/07/28 11:48:38.836, 85.84, 0, 74232, 60
2026/07/28 11:48:39.867, 86.09, 0, 74232, 60
2026/07/28 11:48:40.897, 85.40, 0, 74232, 60
2026/07/28 11:48:41.926, 85.10, 0, 74232, 60
2026/07/28 11:48:42.956, 84.90, 0, 74232, 59
2026/07/28 11:48:43.987, 84.20, 0, 74232, 59
2026/07/28 11:48:45.019, 84.81, 0, 74232, 59
2026/07/28 11:48:46.049, 84.11, 0, 74232, 59
2026/07/28 11:48:47.079, 84.00, 0, 74232, 58
2026/07/28 11:48:48.112, 83.44, 0, 74232, 58
2026/07/28 11:48:49.142, 83.61, 0, 74232, 58
2026/07/28 11:48:50.171, 83.01, 0, 74232, 58
2026/07/28 11:48:51.202, 83.35, 0, 74232, 58
2026/07/28 11:48:52.232, 83.40, 0, 74232, 57
2026/07/28 11:48:53.264, 82.72, 0, 74232, 57
2026/07/28 11:48:54.297, 82.44, 0, 74232, 57
2026/07/28 11:48:55.327, 82.39, 0, 74232, 57
2026/07/28 11:48:56.358, 81.98, 0, 74232, 56
2026/07/28 11:48:57.388, 81.83, 0, 74232, 56
2026/07/28 11:48:58.417, 81.36, 0, 74232, 56
2026/07/28 11:48:59.446, 81.39, 0, 74232, 56
2026/07/28 11:49:00.475, 81.13, 0, 74232, 55
2026/07/28 11:49:01.505, 81.04, 0, 74232, 55
2026/07/28 11:49:02.536, 80.64, 0, 74232, 55
2026/07/28 11:49:03.567, 80.66, 0, 74232, 55
2026/07/28 11:49:04.597, 80.11, 0, 74232, 55
2026/07/28 11:49:05.630, 79.91, 0, 74232, 54
2026/07/28 11:49:06.660, 80.06, 0, 74232, 54
2026/07/28 11:49:07.690, 79.65, 0, 74232, 54
2026/07/28 11:49:08.722, 79.18, 0, 74232, 54
2026/07/28 11:49:09.752, 79.37, 0, 74232, 53
2026/07/28 11:49:10.784, 301.32, 100, 74232, 59
2026/07/28 11:49:11.817, 291.61, 100, 74232, 60
2026/07/28 11:49:12.851, 301.59, 100, 74232, 60
2026/07/28 11:49:13.885, 302.81, 100, 74232, 60
2026/07/28 11:49:14.921, 301.28, 100, 74232, 59
2026/07/28 11:49:15.957, 302.84, 100, 74232, 59
2026/07/28 11:49:16.992, 301.88, 100, 74232, 59
2026/07/28 11:49:18.027, 300.90, 100, 74232, 60
2026/07/28 11:49:19.062, 302.18, 100, 74232, 60
2026/07/28 11:49:20.097, 300.21, 100, 74232, 60
2026/07/28 11:49:21.134, 292.68, 100, 74232, 62
2026/07/28 11:49:22.168, 293.05, 100, 74232, 62
2026/07/28 11:49:23.201, 297.81, 100, 74232, 63
2026/07/28 11:49:24.239, 285.47, 100, 74232, 63
2026/07/28 11:49:25.273, 287.99, 100, 74232, 63
2026/07/28 11:49:26.307, 301.63, 100, 74232, 62
2026/07/28 11:49:27.346, 302.67, 100, 74232, 62
2026/07/28 11:49:28.382, 302.98, 100, 74232, 62
2026/07/28 11:49:29.418, 291.69, 100, 74232, 62
2026/07/28 11:49:30.455, 294.81, 100, 74232, 62
2026/07/28 11:49:31.491, 301.93, 100, 74232, 64
2026/07/28 11:49:32.525, 291.76, 100, 74232, 65
2026/07/28 11:49:33.559, 298.17, 100, 74232, 65
2026/07/28 11:49:34.593, 285.08, 100, 74232, 65
2026/07/28 11:49:35.630, 303.55, 100, 74232, 64
2026/07/28 11:49:36.667, 303.86, 100, 74232, 64
2026/07/28 11:49:37.704, 304.26, 100, 74232, 64
2026/07/28 11:49:38.741, 315.70, 100, 74232, 66
2026/07/28 11:49:39.785, 296.03, 100, 74232, 66
2026/07/28 11:49:40.821, 305.83, 100, 74232, 66
2026/07/28 11:49:41.861, 283.48, 100, 74232, 66
2026/07/28 11:49:42.897, 292.09, 100, 74232, 66
2026/07/28 11:49:43.939, 300.26, 100, 74232, 66
2026/07/28 11:49:44.973, 289.27, 100, 74232, 65
2026/07/28 11:49:46.009, 287.65, 100, 74232, 65
2026/07/28 11:49:47.046, 293.27, 100, 74232, 65
2026/07/28 11:49:48.081, 299.64, 100, 74232, 66
2026/07/28 11:49:49.118, 299.56, 100, 74232, 66
2026/07/28 11:49:50.155, 295.30, 71, 74232, 67
2026/07/28 11:49:51.189, 302.75, 100, 74232, 68
2026/07/28 11:49:52.225, 303.63, 100, 74232, 68
2026/07/28 11:49:53.260, 287.12, 100, 74232, 68
2026/07/28 11:49:54.294, 305.45, 100, 74232, 68
2026/07/28 11:49:55.331, 310.83, 100, 74232, 68
2026/07/28 11:49:56.371, 277.90, 100, 74232, 68
2026/07/28 11:49:57.428, 299.96, 100, 74232, 67
2026/07/28 11:49:58.466, 301.70, 100, 74232, 67
2026/07/28 11:49:59.502, 299.77, 100, 74232, 67
2026/07/28 11:50:00.544, 307.14, 100, 74232, 69
2026/07/28 11:50:01.583, 290.37, 100, 74232, 69
2026/07/28 11:50:02.617, 320.82, 100, 74232, 69
2026/07/28 11:50:03.651, 314.34, 100, 74232, 69
2026/07/28 11:50:04.685, 312.18, 100, 74232, 69
2026/07/28 11:50:05.720, 300.13, 100, 74232, 69
2026/07/28 11:50:06.761, 268.49, 100, 74232, 70
2026/07/28 11:50:07.797, 288.39, 100, 74232, 68
2026/07/28 11:50:08.835, 285.69, 100, 74232, 68
2026/07/28 11:50:09.872, 295.50, 100, 74232, 68
2026/07/28 11:50:10.910, 294.91, 100, 74232, 68
2026/07/28 11:50:11.947, 294.91, 100, 74232, 68
2026/07/28 11:50:12.984, 295.97, 100, 74232, 68
2026/07/28 11:50:14.023, 297.99, 100, 74232, 68
2026/07/28 11:50:15.061, 295.59, 100, 74232, 69
2026/07/28 11:50:16.101, 295.29, 100, 74232, 69
2026/07/28 11:50:17.141, 301.51, 100, 74232, 69
2026/07/28 11:50:18.178, 303.44, 100, 74232, 69
2026/07/28 11:50:19.216, 302.97, 100, 74232, 69
2026/07/28 11:50:20.254, 303.47, 100, 74232, 69
2026/07/28 11:50:21.292, 304.48, 100, 74232, 69
2026/07/28 11:50:22.330, 304.05, 100, 74232, 69
2026/07/28 11:50:23.366, 293.94, 100, 74232, 69
2026/07/28 11:50:24.404, 293.55, 100, 74232, 69
2026/07/28 11:50:25.442, 297.53, 100, 74232, 70
2026/07/28 11:50:26.478, 304.73, 100, 74232, 70
2026/07/28 11:50:27.515, 302.65, 100, 74232, 70
2026/07/28 11:50:28.555, 302.38, 100, 74232, 70
2026/07/28 11:50:29.593, 300.51, 100, 74232, 70
2026/07/28 11:50:30.630, 299.37, 100, 74232, 70
2026/07/28 11:50:31.668, 297.80, 100, 74232, 70
2026/07/28 11:50:32.707, 298.41, 100, 74232, 70
2026/07/28 11:50:33.744, 304.90, 100, 74232, 70
2026/07/28 11:50:34.781, 298.01, 100, 74232, 70
2026/07/28 11:50:35.818, 299.07, 100, 74232, 70
2026/07/28 11:50:36.856, 299.47, 100, 74232, 70
2026/07/28 11:50:37.892, 298.92, 100, 74232, 70
2026/07/28 11:50:38.929, 299.20, 100, 74232, 71
2026/07/28 11:50:39.968, 298.50, 100, 74232, 71
2026/07/28 11:50:41.005, 298.70, 100, 74232, 71
2026/07/28 11:50:42.044, 299.18, 100, 74232, 71
2026/07/28 11:50:43.081, 298.91, 100, 74232, 71
2026/07/28 11:50:44.118, 302.16, 100, 74232, 71
2026/07/28 11:50:45.155, 300.07, 100, 74232, 71
2026/07/28 11:50:46.192, 300.82, 100, 74232, 71
2026/07/28 11:50:47.229, 300.15, 100, 74232, 71
2026/07/28 11:50:48.266, 299.11, 100, 74232, 71
2026/07/28 11:50:49.305, 292.19, 100, 74232, 71
2026/07/28 11:50:50.342, 293.25, 100, 74232, 71
2026/07/28 11:50:51.382, 294.55, 100, 74232, 71
2026/07/28 11:50:52.420, 294.92, 100, 74232, 71
2026/07/28 11:50:53.460, 296.84, 100, 74232, 71
2026/07/28 11:50:54.498, 295.10, 100, 74232, 71
2026/07/28 11:50:55.535, 303.23, 100, 74232, 72
2026/07/28 11:50:56.573, 301.10, 100, 74232, 72
2026/07/28 11:50:57.609, 298.48, 100, 74232, 72
2026/07/28 11:50:58.648, 301.34, 100, 74232, 72
2026/07/28 11:50:59.685, 300.80, 100, 74232, 72
2026/07/28 11:51:00.724, 301.22, 100, 74232, 72
2026/07/28 11:51:01.761, 300.93, 100, 74232, 72
2026/07/28 11:51:02.799, 301.52, 100, 74232, 72
2026/07/28 11:51:03.835, 302.30, 100, 74232, 72
2026/07/28 11:51:04.873, 301.49, 100, 74232, 72
2026/07/28 11:51:05.912, 302.17, 100, 74232, 72
2026/07/28 11:51:06.950, 295.00, 100, 74232, 72
2026/07/28 11:51:07.987, 301.73, 100, 74232, 72
2026/07/28 11:51:09.024, 290.25, 100, 74232, 72
2026/07/28 11:51:10.061, 294.52, 100, 74232, 72
2026/07/28 11:51:11.098, 301.62, 100, 74232, 72
2026/07/28 11:51:12.135, 291.91, 100, 74232, 72
2026/07/28 11:51:13.172, 294.24, 100, 74232, 72
2026/07/28 11:51:14.210, 294.92, 100, 74232, 72
2026/07/28 11:51:15.247, 302.19, 100, 74232, 72
2026/07/28 11:51:16.285, 298.20, 100, 74232, 72
2026/07/28 11:51:17.324, 301.98, 100, 74232, 73
2026/07/28 11:51:18.362, 303.53, 100, 74232, 73
2026/07/28 11:51:19.401, 303.33, 100, 74232, 73
2026/07/28 11:51:20.439, 302.96, 100, 74232, 73
2026/07/28 11:51:21.477, 304.40, 100, 74232, 73
2026/07/28 11:51:22.516, 296.86, 100, 74232, 73
2026/07/28 11:51:23.552, 305.64, 100, 74232, 73
2026/07/28 11:51:24.589, 302.56, 100, 74232, 73
2026/07/28 11:51:25.626, 303.28, 100, 74232, 73
2026/07/28 11:51:26.663, 303.33, 100, 74232, 73
2026/07/28 11:51:27.703, 298.21, 100, 74232, 73
2026/07/28 11:51:28.739, 294.63, 100, 74232, 73
2026/07/28 11:51:29.777, 292.28, 100, 74232, 73
2026/07/28 11:51:30.814, 290.62, 100, 74232, 73
2026/07/28 11:51:31.851, 296.09, 100, 74232, 73
2026/07/28 11:51:32.891, 295.41, 100, 74232, 73
2026/07/28 11:51:33.931, 295.52, 100, 74232, 73
2026/07/28 11:51:34.970, 304.89, 100, 74232, 73
2026/07/28 11:51:36.008, 299.86, 100, 74232, 73
2026/07/28 11:51:37.047, 295.97, 100, 74232, 73
2026/07/28 11:51:38.085, 292.48, 100, 74232, 73
2026/07/28 11:51:39.122, 296.67, 100, 74232, 73
2026/07/28 11:51:40.159, 296.18, 100, 74232, 73
2026/07/28 11:51:41.197, 296.45, 100, 74232, 73
2026/07/28 11:51:42.236, 296.17, 100, 74232, 73
2026/07/28 11:51:43.274, 311.80, 100, 74232, 75
2026/07/28 11:51:44.311, 310.47, 100, 74232, 75
2026/07/28 11:51:45.346, 309.91, 100, 74232, 75
2026/07/28 11:51:46.382, 310.45, 100, 74232, 75
2026/07/28 11:51:47.422, 282.47, 100, 74232, 75
2026/07/28 11:51:48.457, 267.97, 100, 74232, 75
2026/07/28 11:51:49.492, 317.95, 100, 74232, 75
2026/07/28 11:51:50.535, 303.55, 100, 74232, 74
2026/07/28 11:51:51.572, 303.42, 100, 74232, 73
2026/07/28 11:51:52.609, 303.74, 100, 74232, 74
2026/07/28 11:51:53.645, 303.94, 100, 74232, 74
2026/07/28 11:51:54.683, 304.96, 100, 74232, 74
2026/07/28 11:51:55.720, 305.38, 100, 74232, 74
2026/07/28 11:51:56.757, 304.73, 100, 74232, 74
2026/07/28 11:51:57.795, 305.68, 100, 74232, 74
2026/07/28 11:51:58.832, 305.08, 100, 74232, 74
2026/07/28 11:51:59.870, 304.98, 100, 74232, 74
2026/07/28 11:52:00.909, 305.02, 100, 74232, 74
2026/07/28 11:52:01.947, 306.52, 100, 74232, 74
2026/07/28 11:52:02.984, 296.56, 100, 74232, 74
2026/07/28 11:52:04.023, 297.43, 100, 74232, 74
2026/07/28 11:52:05.060, 303.29, 100, 74232, 74
2026/07/28 11:52:06.098, 293.56, 100, 74232, 74
2026/07/28 11:52:07.136, 287.84, 100, 74232, 74
2026/07/28 11:52:08.176, 285.99, 100, 74232, 74
2026/07/28 11:52:09.212, 295.49, 100, 74232, 74
2026/07/28 11:52:10.250, 295.29, 100, 74232, 74
2026/07/28 11:52:11.287, 296.16, 100, 74232, 74
2026/07/28 11:52:12.326, 303.83, 100, 74232, 74
2026/07/28 11:52:13.364, 296.56, 100, 74232, 74
2026/07/28 11:52:14.402, 296.07, 100, 74232, 74
2026/07/28 11:52:15.441, 296.96, 100, 74232, 74
2026/07/28 11:52:16.479, 304.49, 100, 74232, 74
2026/07/28 11:52:17.516, 302.26, 100, 74232, 74
2026/07/28 11:52:18.554, 299.46, 100, 74232, 74
2026/07/28 11:52:19.591, 304.32, 100, 74232, 74
2026/07/28 11:52:20.631, 303.54, 100, 74232, 74
2026/07/28 11:52:21.669, 304.09, 100, 74232, 74
2026/07/28 11:52:22.708, 305.27, 100, 74232, 74
2026/07/28 11:52:23.746, 304.40, 100, 74232, 74
2026/07/28 11:52:24.783, 306.26, 100, 74232, 74
2026/07/28 11:52:25.822, 304.40, 100, 74232, 74
2026/07/28 11:52:26.860, 305.94, 100, 74232, 74
2026/07/28 11:52:27.899, 303.70, 100, 74232, 74
2026/07/28 11:52:28.942, 299.15, 100, 74232, 74
2026/07/28 11:52:29.980, 303.10, 100, 74232, 74
2026/07/28 11:52:31.018, 294.04, 100, 74232, 74
2026/07/28 11:52:32.056, 293.36, 100, 74232, 74
2026/07/28 11:52:33.093, 297.83, 100, 74232, 74
2026/07/28 11:52:34.131, 293.27, 100, 74232, 74
2026/07/28 11:52:35.169, 301.09, 100, 74232, 74
2026/07/28 11:52:36.206, 296.17, 100, 74232, 74
2026/07/28 11:52:37.243, 295.97, 100, 74232, 74
2026/07/28 11:52:38.281, 295.87, 100, 74232, 74
2026/07/28 11:52:39.318, 297.24, 100, 74232, 74
2026/07/28 11:52:40.355, 297.51, 100, 74232, 74
2026/07/28 11:52:41.393, 295.78, 100, 74232, 74
2026/07/28 11:52:42.432, 302.58, 100, 74232, 74
2026/07/28 11:52:43.470, 301.98, 100, 74232, 74
2026/07/28 11:52:44.509, 297.41, 100, 74232, 74
2026/07/28 11:52:45.547, 299.87, 100, 74232, 74
2026/07/28 11:52:46.585, 295.30, 100, 74232, 74
2026/07/28 11:52:47.623, 303.79, 100, 74232, 74
2026/07/28 11:52:48.661, 302.36, 100, 74232, 74
2026/07/28 11:52:49.699, 304.42, 100, 74232, 74
2026/07/28 11:52:50.735, 299.74, 100, 74232, 74
2026/07/28 11:52:51.772, 296.07, 100, 74232, 74
2026/07/28 11:52:52.810, 295.19, 100, 74232, 74
2026/07/28 11:52:53.849, 300.81, 100, 74232, 74
2026/07/28 11:52:54.888, 292.68, 100, 74232, 74
2026/07/28 11:52:55.927, 298.02, 100, 74232, 74
2026/07/28 11:52:56.964, 296.94, 100, 74232, 74
2026/07/28 11:52:58.003, 299.58, 100, 74232, 74
2026/07/28 11:52:59.040, 299.16, 100, 74232, 74
2026/07/28 11:53:00.078, 304.12, 100, 74232, 74
2026/07/28 11:53:01.115, 299.95, 100, 74232, 74
2026/07/28 11:53:02.153, 305.59, 100, 74232, 74
2026/07/28 11:53:03.191, 303.41, 100, 74232, 74
2026/07/28 11:53:04.228, 305.05, 100, 74232, 74
2026/07/28 11:53:05.265, 304.27, 100, 74232, 74
2026/07/28 11:53:06.303, 306.82, 100, 74232, 74
2026/07/28 11:53:07.341, 303.23, 100, 74232, 74
2026/07/28 11:53:08.379, 304.59, 100, 74232, 74
2026/07/28 11:53:09.417, 302.58, 100, 74232, 74
2026/07/28 11:53:10.454, 305.38, 100, 74232, 74
2026/07/28 11:53:11.492, 303.71, 100, 74232, 74
2026/07/28 11:53:12.533, 304.01, 100, 74232, 74
2026/07/28 11:53:13.574, 304.20, 100, 74232, 74
2026/07/28 11:53:14.611, 304.49, 100, 74232, 74
2026/07/28 11:53:15.648, 296.17, 100, 74232, 74
2026/07/28 11:53:16.686, 303.75, 100, 74232, 74
2026/07/28 11:53:17.723, 296.47, 100, 74232, 74
2026/07/28 11:53:18.763, 298.58, 100, 74232, 74
2026/07/28 11:53:19.801, 296.45, 100, 74232, 74
2026/07/28 11:53:20.839, 297.14, 100, 74232, 74
2026/07/28 11:53:21.878, 298.04, 100, 74232, 74
2026/07/28 11:53:22.916, 295.89, 100, 74232, 74
2026/07/28 11:53:23.955, 303.43, 100, 74232, 74
2026/07/28 11:53:24.992, 300.33, 100, 74232, 74
2026/07/28 11:53:26.030, 305.22, 100, 74232, 74
2026/07/28 11:53:27.068, 294.13, 100, 74232, 74
2026/07/28 11:53:28.107, 296.29, 100, 74232, 74
2026/07/28 11:53:29.144, 298.11, 100, 74232, 74
2026/07/28 11:53:30.182, 296.65, 100, 74232, 74
2026/07/28 11:53:31.222, 297.05, 100, 74232, 74
2026/07/28 11:53:32.260, 303.42, 100, 74232, 74
2026/07/28 11:53:33.298, 296.27, 100, 74232, 74
2026/07/28 11:53:34.336, 296.18, 100, 74232, 74
2026/07/28 11:53:35.373, 304.06, 100, 74232, 74
2026/07/28 11:53:36.410, 300.95, 100, 74232, 74
2026/07/28 11:53:37.447, 296.19, 100, 74232, 74
2026/07/28 11:53:38.485, 296.77, 100, 74232, 74
2026/07/28 11:53:39.523, 305.02, 100, 74232, 74
2026/07/28 11:53:40.562, 300.91, 100, 74232, 74
2026/07/28 11:53:41.600, 296.65, 100, 74232, 74
2026/07/28 11:53:42.639, 295.69, 100, 74232, 74
2026/07/28 11:53:43.677, 301.59, 100, 74232, 74
2026/07/28 11:53:44.717, 303.26, 100, 74232, 74
2026/07/28 11:53:45.755, 304.65, 100, 74232, 74
2026/07/28 11:53:46.793, 304.98, 100, 74232, 74
2026/07/28 11:53:47.830, 307.22, 100, 74232, 74
2026/07/28 11:53:48.869, 295.42, 100, 74232, 76
2026/07/28 11:53:49.905, 302.70, 100, 74232, 76
2026/07/28 11:53:50.940, 296.47, 100, 74232, 76
2026/07/28 11:53:51.977, 296.45, 100, 74232, 76
2026/07/28 11:53:53.012, 303.86, 100, 74232, 76
2026/07/28 11:53:54.047, 307.20, 100, 74232, 76
2026/07/28 11:53:55.087, 294.81, 100, 74232, 74
2026/07/28 11:53:56.125, 289.18, 100, 74232, 74
2026/07/28 11:53:57.162, 289.29, 100, 74232, 74
2026/07/28 11:53:58.202, 290.94, 100, 74232, 74
2026/07/28 11:53:59.240, 290.23, 100, 74232, 74
2026/07/28 11:54:00.278, 286.94, 100, 74232, 74
2026/07/28 11:54:01.316, 297.63, 100, 74232, 75
2026/07/28 11:54:02.354, 297.99, 100, 74232, 75
2026/07/28 11:54:03.392, 297.92, 100, 74232, 75
2026/07/28 11:54:04.428, 299.85, 100, 74232, 75
2026/07/28 11:54:05.468, 297.59, 100, 74232, 75
2026/07/28 11:54:06.506, 297.70, 100, 74232, 75
2026/07/28 11:54:07.543, 297.72, 100, 74232, 75
2026/07/28 11:54:08.580, 297.35, 100, 74232, 75
2026/07/28 11:54:09.619, 100.09, 97, 74232, 72
2026/07/28 11:54:10.653, 290.71, 100, 74232, 76
2026/07/28 11:54:11.689, 304.37, 100, 74232, 76
2026/07/28 11:54:12.724, 300.14, 100, 74232, 76
2026/07/28 11:54:13.759, 300.71, 100, 74232, 76
2026/07/28 11:54:14.795, 298.52, 100, 74232, 76
2026/07/28 11:54:15.830, 304.98, 100, 74232, 76
2026/07/28 11:54:16.872, 303.40, 100, 74232, 74
2026/07/28 11:54:17.909, 304.20, 100, 74232, 74
2026/07/28 11:54:18.948, 303.90, 100, 74232, 74
2026/07/28 11:54:19.984, 304.02, 100, 74232, 72
2026/07/28 11:54:21.025, 99.89, 0, 74232, 70
2026/07/28 11:54:22.058, 278.31, 100, 74232, 74
2026/07/28 11:54:23.095, 296.45, 100, 74232, 74
2026/07/28 11:54:24.131, 294.05, 100, 74232, 74
2026/07/28 11:54:25.167, 277.73, 100, 74232, 75
2026/07/28 11:54:26.204, 313.46, 100, 74232, 75
2026/07/28 11:54:27.239, 294.22, 100, 74232, 74
2026/07/28 11:54:28.279, 289.08, 100, 74232, 73
2026/07/28 11:54:29.317, 295.97, 100, 74232, 73
2026/07/28 11:54:30.356, 294.71, 100, 74232, 73
2026/07/28 11:54:31.394, 295.49, 100, 74232, 73
2026/07/28 11:54:32.432, 295.38, 100, 74232, 73
2026/07/28 11:54:33.468, 100.28, 0, 74232, 70
2026/07/28 11:54:34.526, 302.19, 100, 74232, 75
2026/07/28 11:54:35.561, 286.26, 100, 74232, 75
2026/07/28 11:54:36.597, 293.66, 100, 74232, 75
2026/07/28 11:54:37.633, 299.35, 100, 74232, 75
2026/07/28 11:54:38.667, 309.77, 100, 74232, 75
2026/07/28 11:54:39.702, 278.01, 100, 74232, 75
2026/07/28 11:54:40.737, 304.61, 100, 74232, 74
2026/07/28 11:54:41.777, 305.05, 100, 74232, 74
2026/07/28 11:54:42.815, 293.46, 100, 74232, 74
2026/07/28 11:54:43.854, 298.68, 100, 74232, 74
2026/07/28 11:54:44.892, 296.58, 100, 74232, 74
2026/07/28 11:54:45.930, 297.05, 100, 74232, 74
2026/07/28 11:54:46.970, 298.48, 100, 74232, 74
2026/07/28 11:54:48.007, 298.82, 100, 74232, 74
2026/07/28 11:54:49.044, 299.66, 100, 74232, 75
2026/07/28 11:54:50.082, 298.91, 100, 74232, 75
2026/07/28 11:54:51.121, 297.83, 100, 74232, 75
2026/07/28 11:54:52.160, 302.90, 100, 74232, 75
2026/07/28 11:54:53.198, 300.09, 100, 74232, 75
2026/07/28 11:54:54.236, 298.80, 100, 74232, 75
2026/07/28 11:54:55.274, 298.49, 100, 74232, 75
2026/07/28 11:54:56.311, 298.41, 100, 74232, 75
2026/07/28 11:54:57.348, 298.41, 100, 74232, 75
2026/07/28 11:54:58.386, 300.17, 100, 74232, 75
2026/07/28 11:54:59.423, 299.67, 100, 74232, 75
2026/07/28 11:55:00.462, 298.85, 100, 74232, 75
2026/07/28 11:55:01.499, 297.81, 100, 74232, 75
2026/07/28 11:55:02.537, 298.09, 100, 74232, 75
2026/07/28 11:55:03.575, 298.01, 100, 74232, 75
2026/07/28 11:55:04.612, 299.11, 100, 74232, 75
2026/07/28 11:55:05.650, 102.10, 0, 74232, 71
2026/07/28 11:55:06.682, 100.65, 0, 74232, 71
2026/07/28 11:55:07.714, 99.21, 0, 74232, 70
2026/07/28 11:55:08.745, 98.83, 0, 74232, 73
2026/07/28 11:55:09.780, 304.07, 100, 74232, 74
2026/07/28 11:55:10.816, 303.30, 100, 74232, 75
2026/07/28 11:55:11.852, 309.92, 100, 74232, 75
2026/07/28 11:55:12.888, 306.63, 100, 74232, 75
2026/07/28 11:55:13.924, 303.11, 100, 74232, 75
2026/07/28 11:55:14.965, 304.93, 100, 74232, 75
2026/07/28 11:55:16.004, 299.07, 100, 74232, 73
2026/07/28 11:55:17.043, 300.72, 100, 74232, 73
2026/07/28 11:55:18.080, 304.87, 100, 74232, 74
2026/07/28 11:55:19.120, 302.67, 100, 74232, 74
2026/07/28 11:55:20.158, 306.20, 100, 74232, 74
2026/07/28 11:55:21.195, 304.49, 100, 74232, 74
2026/07/28 11:55:22.234, 304.61, 100, 74232, 74
2026/07/28 11:55:23.271, 299.08, 100, 74232, 74
2026/07/28 11:55:24.308, 297.71, 100, 74232, 74
2026/07/28 11:55:25.347, 300.23, 100, 74232, 74
2026/07/28 11:55:26.385, 297.63, 100, 74232, 74
2026/07/28 11:55:27.424, 299.56, 100, 74232, 74
2026/07/28 11:55:28.461, 296.75, 100, 74232, 75
2026/07/28 11:55:29.500, 298.77, 100, 74232, 75
2026/07/28 11:55:30.538, 298.21, 100, 74232, 75
2026/07/28 11:55:31.574, 101.48, 0, 74232, 71
2026/07/28 11:55:32.611, 300.59, 100, 74232, 74
2026/07/28 11:55:33.650, 281.70, 100, 74232, 74
2026/07/28 11:55:34.688, 288.31, 100, 74232, 74
2026/07/28 11:55:35.726, 288.60, 100, 74232, 74
2026/07/28 11:55:36.765, 297.62, 100, 74232, 74
2026/07/28 11:55:37.803, 302.54, 100, 74232, 74
2026/07/28 11:55:38.841, 300.17, 100, 74232, 74
2026/07/28 11:55:39.879, 301.90, 100, 74232, 74
2026/07/28 11:55:40.918, 300.13, 100, 74232, 74
2026/07/28 11:55:41.957, 305.36, 100, 74232, 74
2026/07/28 11:55:42.993, 303.72, 100, 74232, 74
2026/07/28 11:55:44.031, 303.85, 100, 74232, 75
2026/07/28 11:55:45.068, 303.68, 100, 74232, 75
2026/07/28 11:55:46.106, 305.15, 100, 74232, 75
2026/07/28 11:55:47.143, 305.08, 100, 74232, 75
2026/07/28 11:55:48.180, 306.49, 100, 74232, 75
2026/07/28 11:55:49.217, 305.58, 100, 74232, 75
2026/07/28 11:55:50.255, 304.00, 100, 74232, 75
2026/07/28 11:55:51.293, 303.62, 100, 74232, 75
2026/07/28 11:55:52.331, 303.52, 100, 74232, 75
2026/07/28 11:55:53.370, 305.50, 100, 74232, 75
2026/07/28 11:55:54.407, 299.07, 100, 74232, 75
2026/07/28 11:55:55.444, 303.73, 100, 74232, 75
2026/07/28 11:55:56.481, 298.41, 100, 74232, 75
2026/07/28 11:55:57.519, 297.52, 100, 74232, 75
2026/07/28 11:55:58.557, 295.96, 100, 74232, 74
2026/07/28 11:55:59.594, 297.35, 100, 74232, 75
2026/07/28 11:56:00.633, 297.02, 100, 74232, 74
2026/07/28 11:56:01.671, 296.92, 100, 74232, 75
2026/07/28 11:56:02.708, 305.65, 100, 74232, 75
2026/07/28 11:56:03.746, 298.13, 100, 74232, 75
2026/07/28 11:56:04.783, 298.49, 100, 74232, 75
2026/07/28 11:56:05.821, 294.03, 100, 74232, 74
2026/07/28 11:56:06.859, 296.74, 100, 74232, 75
2026/07/28 11:56:07.898, 296.86, 100, 74232, 75
2026/07/28 11:56:08.936, 299.17, 100, 74232, 74
2026/07/28 11:56:09.976, 298.01, 100, 74232, 75
2026/07/28 11:56:11.015, 296.75, 100, 74232, 75
2026/07/28 11:56:12.053, 297.84, 100, 74232, 75
2026/07/28 11:56:13.089, 296.35, 100, 74232, 75
2026/07/28 11:56:14.127, 297.42, 100, 74232, 75
2026/07/28 11:56:15.165, 298.31, 100, 74232, 75
2026/07/28 11:56:16.204, 296.85, 100, 74232, 75
2026/07/28 11:56:17.242, 297.04, 100, 74232, 75
2026/07/28 11:56:18.280, 299.06, 100, 74232, 75
2026/07/28 11:56:19.317, 298.27, 100, 74232, 75
2026/07/28 11:56:20.354, 307.46, 100, 74232, 75
2026/07/28 11:56:21.391, 304.18, 100, 74232, 75
2026/07/28 11:56:22.428, 296.25, 100, 74232, 75
2026/07/28 11:56:23.465, 296.64, 100, 74232, 75
2026/07/28 11:56:24.502, 297.05, 100, 74232, 75
2026/07/28 11:56:25.540, 306.35, 100, 74232, 75
2026/07/28 11:56:26.577, 300.42, 100, 74232, 75
2026/07/28 11:56:27.614, 303.92, 100, 74232, 75
2026/07/28 11:56:28.655, 304.73, 100, 74232, 75
2026/07/28 11:56:29.693, 298.71, 100, 74232, 75
2026/07/28 11:56:30.730, 297.34, 100, 74232, 75
2026/07/28 11:56:31.767, 297.15, 100, 74232, 75
2026/07/28 11:56:32.803, 300.88, 100, 74232, 75
2026/07/28 11:56:33.839, 297.31, 100, 74232, 75
2026/07/28 11:56:34.877, 297.50, 100, 74232, 75
2026/07/28 11:56:35.914, 296.93, 100, 74232, 75
2026/07/28 11:56:36.950, 298.39, 100, 74232, 75
2026/07/28 11:56:37.987, 294.53, 100, 74232, 74
2026/07/28 11:56:39.026, 297.22, 100, 74232, 74
2026/07/28 11:56:40.063, 297.22, 100, 74232, 74
2026/07/28 11:56:41.100, 294.91, 100, 74232, 74
2026/07/28 11:56:42.140, 297.42, 100, 74232, 74
2026/07/28 11:56:43.176, 296.95, 100, 74232, 74
2026/07/28 11:56:44.213, 296.37, 100, 74232, 74
2026/07/28 11:56:45.250, 297.13, 100, 74232, 74
2026/07/28 11:56:46.292, 297.81, 100, 74232, 75
2026/07/28 11:56:47.329, 295.49, 100, 74232, 75
2026/07/28 11:56:48.367, 300.05, 100, 74232, 75
2026/07/28 11:56:49.406, 302.95, 100, 74232, 75
2026/07/28 11:56:50.443, 304.86, 100, 74232, 75
2026/07/28 11:56:51.480, 305.05, 100, 74232, 75
2026/07/28 11:56:52.517, 305.84, 100, 74232, 75
2026/07/28 11:56:53.554, 298.10, 100, 74232, 75
2026/07/28 11:56:54.592, 296.85, 100, 74232, 75
2026/07/28 11:56:55.629, 298.20, 100, 74232, 75
2026/07/28 11:56:56.667, 301.89, 100, 74232, 75
2026/07/28 11:56:57.703, 304.30, 100, 74232, 75
2026/07/28 11:56:58.744, 299.58, 100, 74232, 75
2026/07/28 11:56:59.782, 300.15, 100, 74232, 75
2026/07/28 11:57:00.820, 296.17, 100, 74232, 75
2026/07/28 11:57:01.859, 297.75, 100, 74232, 75
2026/07/28 11:57:02.896, 296.25, 100, 74232, 75
2026/07/28 11:57:03.933, 306.43, 100, 74232, 75
2026/07/28 11:57:04.971, 297.05, 100, 74232, 75
2026/07/28 11:57:06.009, 301.11, 100, 74232, 76
2026/07/28 11:57:07.042, 298.38, 100, 74232, 76
2026/07/28 11:57:08.076, 302.24, 100, 74232, 76
2026/07/28 11:57:09.111, 279.10, 100, 74232, 76
2026/07/28 11:57:10.144, 302.04, 100, 74232, 76
2026/07/28 11:57:11.177, 271.71, 100, 74232, 77
2026/07/28 11:57:12.213, 305.94, 100, 74232, 75
2026/07/28 11:57:13.251, 306.18, 100, 74232, 75
2026/07/28 11:57:14.288, 306.14, 100, 74232, 75
2026/07/28 11:57:15.325, 306.64, 100, 74232, 75
2026/07/28 11:57:16.362, 307.23, 100, 74232, 75
2026/07/28 11:57:17.403, 298.31, 100, 74232, 75
2026/07/28 11:57:18.441, 298.04, 100, 74232, 75
2026/07/28 11:57:19.478, 298.31, 100, 74232, 75
2026/07/28 11:57:20.517, 299.25, 100, 74232, 75
2026/07/28 11:57:21.553, 298.00, 100, 74232, 75
2026/07/28 11:57:22.592, 299.55, 100, 74232, 75
2026/07/28 11:57:23.628, 300.51, 100, 74232, 75
2026/07/28 11:57:24.666, 297.92, 100, 74232, 75
2026/07/28 11:57:25.704, 102.13, 0, 74232, 71
2026/07/28 11:57:26.739, 292.37, 100, 74232, 75
2026/07/28 11:57:27.773, 302.41, 100, 74232, 76
2026/07/28 11:57:28.809, 288.21, 100, 74232, 76
2026/07/28 11:57:29.846, 298.89, 100, 74232, 75
2026/07/28 11:57:30.881, 301.60, 100, 74232, 76
2026/07/28 11:57:31.915, 287.25, 100, 74232, 76
2026/07/28 11:57:32.950, 283.37, 100, 74232, 74
2026/07/28 11:57:33.987, 288.39, 100, 74232, 74
2026/07/28 11:57:35.026, 289.30, 100, 74232, 74
2026/07/28 11:57:36.063, 289.49, 100, 74232, 74
2026/07/28 11:57:37.104, 291.52, 100, 74232, 74
2026/07/28 11:57:38.142, 290.05, 100, 74232, 74
2026/07/28 11:57:39.181, 295.01, 100, 74232, 74
2026/07/28 11:57:40.219, 296.56, 100, 74232, 74
2026/07/28 11:57:41.258, 296.66, 100, 74232, 74
2026/07/28 11:57:42.297, 287.74, 100, 74232, 74
2026/07/28 11:57:43.334, 359.81, 90, 74232, 76
2026/07/28 11:57:44.374, 300.36, 100, 74232, 76
2026/07/28 11:57:45.408, 294.61, 100, 74232, 76
2026/07/28 11:57:46.443, 310.71, 100, 74232, 77
2026/07/28 11:57:47.478, 308.67, 100, 74232, 77
2026/07/28 11:57:48.513, 311.52, 100, 74232, 76
2026/07/28 11:57:49.547, 264.99, 100, 74232, 76
2026/07/28 11:57:50.583, 298.78, 100, 74232, 75
2026/07/28 11:57:51.620, 299.17, 100, 74232, 75
2026/07/28 11:57:52.657, 295.01, 100, 74232, 75
2026/07/28 11:57:53.694, 307.62, 100, 74232, 75
2026/07/28 11:57:54.731, 301.30, 100, 74232, 75
2026/07/28 11:57:55.768, 298.19, 100, 74232, 75
2026/07/28 11:57:56.805, 296.47, 100, 74232, 75
2026/07/28 11:57:57.841, 299.38, 100, 74232, 75
2026/07/28 11:57:58.880, 299.84, 100, 74232, 75
2026/07/28 11:57:59.916, 102.23, 96, 74232, 73
2026/07/28 11:58:00.949, 304.62, 100, 74232, 77
2026/07/28 11:58:01.986, 301.77, 100, 74232, 77
2026/07/28 11:58:03.022, 294.82, 100, 74232, 77
2026/07/28 11:58:04.063, 282.44, 100, 74232, 77
2026/07/28 11:58:05.098, 282.58, 100, 74232, 77
2026/07/28 11:58:06.133, 294.68, 100, 74232, 76
2026/07/28 11:58:07.175, 279.72, 100, 74232, 75
2026/07/28 11:58:08.215, 286.18, 100, 74232, 75
2026/07/28 11:58:09.256, 291.24, 100, 74232, 75
2026/07/28 11:58:10.295, 298.21, 100, 74232, 75
2026/07/28 11:58:11.334, 295.79, 100, 74232, 75
2026/07/28 11:58:12.372, 299.47, 100, 74232, 75
2026/07/28 11:58:13.410, 298.97, 100, 74232, 75
2026/07/28 11:58:14.447, 299.29, 100, 74232, 75
2026/07/28 11:58:15.485, 298.30, 100, 74232, 75
2026/07/28 11:58:16.522, 299.75, 100, 74232, 75
2026/07/28 11:58:17.560, 299.57, 100, 74232, 75
2026/07/28 11:58:18.600, 307.32, 100, 74232, 75
2026/07/28 11:58:19.638, 306.19, 100, 74232, 73
2026/07/28 11:58:20.671, 304.19, 100, 74232, 77
2026/07/28 11:58:21.707, 299.43, 100, 74232, 77
2026/07/28 11:58:22.742, 299.17, 100, 74232, 77
2026/07/28 11:58:23.780, 278.60, 100, 74232, 76
2026/07/28 11:58:24.816, 285.86, 100, 74232, 76
2026/07/28 11:58:25.852, 320.57, 100, 74232, 77
2026/07/28 11:58:26.893, 303.66, 100, 74232, 77
2026/07/28 11:58:27.928, 296.94, 100, 74232, 75
2026/07/28 11:58:28.967, 294.92, 100, 74232, 75
2026/07/28 11:58:30.005, 301.69, 100, 74232, 75
2026/07/28 11:58:31.045, 299.38, 100, 74232, 75
2026/07/28 11:58:32.082, 305.51, 100, 74232, 75
2026/07/28 11:58:33.123, 301.12, 100, 74232, 75
2026/07/28 11:58:34.161, 298.82, 100, 74232, 75
2026/07/28 11:58:35.198, 301.69, 100, 74232, 75
2026/07/28 11:58:36.237, 295.77, 100, 74232, 75
2026/07/28 11:58:37.275, 293.47, 100, 74232, 75
2026/07/28 11:58:38.312, 299.18, 100, 74232, 75
2026/07/28 11:58:39.352, 299.27, 100, 74232, 75
2026/07/28 11:58:40.389, 299.95, 100, 74232, 75
2026/07/28 11:58:41.428, 300.36, 100, 74232, 75
2026/07/28 11:58:42.465, 302.66, 100, 74232, 75
2026/07/28 11:58:43.504, 303.74, 100, 74232, 75
2026/07/28 11:58:44.542, 300.85, 100, 74232, 75
2026/07/28 11:58:45.581, 299.29, 100, 74232, 75
2026/07/28 11:58:46.620, 301.23, 100, 74232, 75
2026/07/28 11:58:47.658, 104.07, 0, 74232, 72
2026/07/28 11:58:48.690, 100.45, 0, 74232, 71
2026/07/28 11:58:49.723, 100.83, 0, 74232, 71
2026/07/28 11:58:50.755, 100.27, 0, 74232, 70
2026/07/28 11:58:51.787, 98.20, 0, 74232, 70
2026/07/28 11:58:52.820, 98.46, 0, 74232, 69
2026/07/28 11:58:53.851, 96.91, 0, 74232, 69
2026/07/28 11:58:54.883, 97.24, 0, 74232, 68
2026/07/28 11:58:55.915, 96.37, 0, 74232, 68
2026/07/28 11:58:56.947, 95.28, 0, 74232, 67
2026/07/28 11:58:57.979, 96.78, 0, 74232, 67
2026/07/28 11:58:59.012, 94.91, 0, 74232, 67
2026/07/28 11:59:00.042, 95.01, 0, 74232, 66
2026/07/28 11:59:01.073, 93.53, 0, 74232, 66
2026/07/28 11:59:02.104, 93.05, 0, 74232, 66
2026/07/28 11:59:03.135, 93.75, 0, 74232, 65
2026/07/28 11:59:04.165, 93.22, 0, 74232, 65
2026/07/28 11:59:05.198, 92.93, 0, 74232, 65
2026/07/28 11:59:06.228, 92.77, 0, 74232, 64
2026/07/28 11:59:07.259, 92.06, 0, 74232, 64
2026/07/28 11:59:08.290, 91.19, 0, 74232, 64
2026/07/28 11:59:09.320, 91.61, 0, 74232, 64
2026/07/28 11:59:10.350, 91.66, 0, 74232, 63
2026/07/28 11:59:11.380, 90.03, 0, 74232, 63
2026/07/28 11:59:12.410, 90.05, 0, 74232, 63
2026/07/28 11:59:13.440, 90.81, 0, 74232, 63
2026/07/28 11:59:14.469, 89.89, 0, 74232, 62
2026/07/28 11:59:15.501, 90.21, 0, 74232, 62
2026/07/28 11:59:16.534, 288.78, 100, 74232, 67
2026/07/28 11:59:17.570, 295.68, 100, 74232, 68
2026/07/28 11:59:18.607, 292.19, 100, 74232, 68
2026/07/28 11:59:19.641, 296.53, 100, 74232, 68
2026/07/28 11:59:20.675, 300.43, 100, 74232, 67
2026/07/28 11:59:21.711, 297.23, 100, 74232, 67
2026/07/28 11:59:22.748, 301.02, 100, 74232, 67
2026/07/28 11:59:23.785, 294.54, 100, 74232, 68
2026/07/28 11:59:24.823, 299.78, 100, 74232, 68
2026/07/28 11:59:25.859, 289.66, 100, 74232, 70
2026/07/28 11:59:26.894, 304.39, 100, 74232, 70
2026/07/28 11:59:27.931, 287.22, 100, 74232, 70
2026/07/28 11:59:28.966, 281.39, 100, 74232, 70
2026/07/28 11:59:30.002, 263.92, 100, 74232, 69
2026/07/28 11:59:31.041, 283.62, 100, 74232, 69
2026/07/28 11:59:32.079, 288.53, 100, 74232, 69
2026/07/28 11:59:33.116, 290.27, 100, 74232, 69
2026/07/28 11:59:34.153, 289.99, 100, 74232, 70
2026/07/28 11:59:35.192, 293.43, 100, 74232, 72
2026/07/28 11:59:36.227, 293.61, 100, 74232, 72
2026/07/28 11:59:37.261, 299.66, 100, 74232, 72
2026/07/28 11:59:38.297, 283.53, 100, 74232, 72
2026/07/28 11:59:39.333, 300.07, 100, 74232, 71
2026/07/28 11:59:40.371, 302.29, 100, 74232, 71
2026/07/28 11:59:41.407, 299.88, 100, 74232, 71
2026/07/28 11:59:42.444, 299.87, 100, 74232, 71
2026/07/28 11:59:43.482, 302.31, 100, 74232, 71
2026/07/28 11:59:44.521, 299.49, 100, 74232, 71
2026/07/28 11:59:45.558, 299.40, 100, 74232, 73
2026/07/28 11:59:46.593, 297.41, 100, 74232, 73
2026/07/28 11:59:47.627, 295.29, 100, 74232, 73
2026/07/28 11:59:48.661, 298.11, 100, 74232, 73
2026/07/28 11:59:49.697, 223.59, 100, 74232, 72
2026/07/28 11:59:50.738, 292.87, 100, 74232, 72
2026/07/28 11:59:51.775, 293.08, 100, 74232, 72
2026/07/28 11:59:52.813, 293.37, 100, 74232, 72
2026/07/28 11:59:53.850, 300.93, 100, 74232, 72
2026/07/28 11:59:54.886, 300.24, 100, 74232, 72
2026/07/28 11:59:55.922, 302.00, 100, 74232, 73
2026/07/28 11:59:56.961, 298.24, 100, 74232, 73
2026/07/28 11:59:57.997, 302.18, 100, 74232, 73
2026/07/28 11:59:59.034, 302.68, 100, 74232, 73
2026/07/28 12:00:00.070, 299.09, 100, 74232, 75
2026/07/28 12:00:01.104, 293.67, 100, 74232, 75
2026/07/28 12:00:02.140, 296.17, 100, 74232, 75
2026/07/28 12:00:03.175, 298.28, 100, 74232, 75
2026/07/28 12:00:04.208, 277.19, 100, 74232, 73
2026/07/28 12:00:05.249, 297.72, 100, 74232, 73
2026/07/28 12:00:06.285, 296.27, 100, 74232, 73
2026/07/28 12:00:07.323, 296.36, 100, 74232, 73
2026/07/28 12:00:08.362, 295.49, 100, 74232, 73
2026/07/28 12:00:09.400, 295.39, 100, 74232, 74
2026/07/28 12:00:10.437, 295.50, 100, 74232, 74
2026/07/28 12:00:11.473, 298.87, 100, 74232, 74
2026/07/28 12:00:12.510, 296.85, 100, 74232, 74
2026/07/28 12:00:13.550, 296.38, 100, 74232, 74
2026/07/28 12:00:14.587, 303.82, 100, 74232, 74
2026/07/28 12:00:15.625, 101.73, 0, 74232, 71
2026/07/28 12:00:16.727, 100.33, 0, 74232, 70
2026/07/28 12:00:17.758, 99.31, 0, 74232, 69
2026/07/28 12:00:18.790, 98.80, 0, 74232, 69
2026/07/28 12:00:19.822, 97.70, 0, 74232, 68
2026/07/28 12:00:20.853, 96.95, 0, 74232, 68
2026/07/28 12:00:21.884, 96.56, 0, 74232, 67
2026/07/28 12:00:22.916, 94.82, 0, 74232, 67
2026/07/28 12:00:23.948, 95.19, 0, 74232, 67
2026/07/28 12:00:24.979, 93.74, 0, 74232, 66
2026/07/28 12:00:26.010, 93.04, 0, 74232, 66
2026/07/28 12:00:27.042, 93.63, 0, 74232, 65
2026/07/28 12:00:28.073, 93.24, 0, 74232, 65
2026/07/28 12:00:29.104, 91.51, 0, 74232, 65
2026/07/28 12:00:30.136, 91.19, 0, 74232, 64
2026/07/28 12:00:31.167, 91.56, 0, 74232, 64
2026/07/28 12:00:32.198, 91.43, 0, 74232, 64
2026/07/28 12:00:33.229, 90.82, 0, 74232, 63
2026/07/28 12:00:34.260, 89.52, 0, 74232, 63
2026/07/28 12:00:35.292, 88.99, 0, 74232, 63
2026/07/28 12:00:36.323, 88.85, 0, 74232, 62
2026/07/28 12:00:37.354, 89.69, 0, 74232, 62
2026/07/28 12:00:38.383, 89.29, 0, 74232, 62
2026/07/28 12:00:39.415, 87.93, 0, 74232, 62
2026/07/28 12:00:40.444, 87.76, 0, 74232, 61
2026/07/28 12:00:41.474, 87.53, 0, 74232, 61
2026/07/28 12:00:42.505, 87.12, 0, 74232, 61
2026/07/28 12:00:43.535, 268.56, 100, 74232, 66
2026/07/28 12:00:44.572, 300.73, 100, 74232, 67
2026/07/28 12:00:45.606, 285.66, 100, 74232, 67
2026/07/28 12:00:46.640, 285.85, 100, 74232, 68
2026/07/28 12:00:47.677, 296.09, 100, 74232, 66
2026/07/28 12:00:48.714, 297.61, 100, 74232, 66
2026/07/28 12:00:49.751, 296.95, 100, 74232, 66
2026/07/28 12:00:50.790, 301.02, 100, 74232, 67
2026/07/28 12:00:51.827, 302.27, 100, 74232, 67
2026/07/28 12:00:52.864, 298.11, 100, 74232, 67
2026/07/28 12:00:53.901, 310.25, 100, 74232, 69
2026/07/28 12:00:54.934, 302.33, 100, 74232, 69
2026/07/28 12:00:55.968, 315.34, 100, 74232, 69
2026/07/28 12:00:57.005, 279.50, 100, 74232, 70
2026/07/28 12:00:58.041, 295.58, 100, 74232, 68
2026/07/28 12:00:59.078, 289.09, 100, 74232, 68
2026/07/28 12:01:00.115, 291.33, 100, 74232, 68
2026/07/28 12:01:01.152, 293.55, 100, 74232, 69
2026/07/28 12:01:02.189, 304.60, 100, 74232, 69
2026/07/28 12:01:03.225, 304.11, 100, 74232, 69
2026/07/28 12:01:04.262, 286.47, 100, 74232, 71
2026/07/28 12:01:05.297, 298.00, 100, 74232, 71
2026/07/28 12:01:06.332, 285.30, 100, 74232, 71
2026/07/28 12:01:07.366, 311.11, 100, 74232, 71
2026/07/28 12:01:08.400, 301.41, 100, 74232, 72
2026/07/28 12:01:09.435, 299.56, 100, 74232, 70
2026/07/28 12:01:10.473, 306.14, 100, 74232, 70
2026/07/28 12:01:11.512, 297.90, 100, 74232, 70
2026/07/28 12:01:12.549, 299.93, 100, 74232, 71
2026/07/28 12:01:13.587, 297.66, 100, 74232, 72
2026/07/28 12:01:14.625, 293.37, 100, 74232, 72
2026/07/28 12:01:15.661, 303.52, 100, 74232, 72
2026/07/28 12:01:16.697, 291.99, 100, 74232, 73
2026/07/28 12:01:17.737, 281.29, 100, 74232, 73
2026/07/28 12:01:18.774, 301.44, 100, 74232, 71
2026/07/28 12:01:19.815, 300.47, 100, 74232, 71
2026/07/28 12:01:20.854, 302.07, 100, 74232, 71
2026/07/28 12:01:21.892, 300.61, 100, 74232, 72
2026/07/28 12:01:22.930, 302.18, 100, 74232, 72
2026/07/28 12:01:23.967, 302.31, 100, 74232, 72
2026/07/28 12:01:25.004, 301.90, 100, 74232, 72
2026/07/28 12:01:26.042, 301.58, 100, 74232, 72
2026/07/28 12:01:27.080, 302.28, 100, 74232, 72
2026/07/28 12:01:28.120, 303.04, 100, 74232, 72
2026/07/28 12:01:29.157, 303.62, 100, 74232, 72
2026/07/28 12:01:30.202, 295.97, 100, 74232, 72
2026/07/28 12:01:31.241, 296.08, 100, 74232, 72
2026/07/28 12:01:32.280, 296.07, 100, 74232, 72
2026/07/28 12:01:33.318, 296.84, 100, 74232, 72
2026/07/28 12:01:34.357, 295.01, 100, 74232, 73
2026/07/28 12:01:35.394, 302.17, 100, 74232, 73
2026/07/28 12:01:36.434, 303.27, 100, 74232, 73
2026/07/28 12:01:37.472, 304.45, 100, 74232, 73
2026/07/28 12:01:38.509, 303.15, 100, 74232, 73
2026/07/28 12:01:39.548, 304.12, 100, 74232, 73
2026/07/28 12:01:40.585, 299.95, 100, 74232, 73
2026/07/28 12:01:41.624, 304.51, 100, 74232, 73
2026/07/28 12:01:42.663, 296.84, 100, 74232, 73
2026/07/28 12:01:43.699, 300.42, 100, 74232, 73
2026/07/28 12:01:44.740, 295.86, 100, 74232, 73
2026/07/28 12:01:45.778, 297.31, 100, 74232, 73
2026/07/28 12:01:46.818, 297.90, 100, 74232, 73
2026/07/28 12:01:47.855, 296.93, 100, 74232, 73
2026/07/28 12:01:48.893, 302.73, 100, 74232, 73
2026/07/28 12:01:49.930, 302.68, 100, 74232, 73
2026/07/28 12:01:50.969, 301.69, 100, 74232, 73
2026/07/28 12:01:52.006, 294.22, 96, 74232, 75
2026/07/28 12:01:53.040, 297.70, 100, 74232, 75
2026/07/28 12:01:54.075, 300.15, 100, 74232, 75
2026/07/28 12:01:55.115, 295.00, 100, 74232, 75
2026/07/28 12:01:56.150, 293.16, 100, 74232, 75
2026/07/28 12:01:57.185, 283.92, 100, 74232, 75
2026/07/28 12:01:58.227, 303.57, 100, 74232, 74
2026/07/28 12:01:59.265, 293.55, 100, 74232, 74
2026/07/28 12:02:00.303, 296.28, 100, 74232, 74
2026/07/28 12:02:01.343, 297.72, 100, 74232, 74
2026/07/28 12:02:02.380, 289.76, 100, 74232, 74
2026/07/28 12:02:03.417, 286.08, 100, 74232, 74
2026/07/28 12:02:04.457, 286.15, 100, 74232, 74
2026/07/28 12:02:05.495, 288.80, 100, 74232, 74
2026/07/28 12:02:06.531, 293.46, 100, 74232, 74
2026/07/28 12:02:07.569, 296.93, 100, 74232, 74
2026/07/28 12:02:08.609, 294.14, 100, 74232, 74
2026/07/28 12:02:09.646, 297.61, 100, 74232, 74
2026/07/28 12:02:10.688, 297.26, 100, 74232, 74
2026/07/28 12:02:11.727, 292.58, 100, 74232, 74
2026/07/28 12:02:12.764, 297.14, 100, 74232, 74
2026/07/28 12:02:13.807, 304.18, 100, 74232, 74
2026/07/28 12:02:14.846, 303.98, 100, 74232, 76
2026/07/28 12:02:15.880, 303.69, 100, 74232, 76
2026/07/28 12:02:16.914, 301.19, 100, 74232, 76
2026/07/28 12:02:17.948, 300.50, 100, 74232, 76
2026/07/28 12:02:18.985, 287.73, 100, 74232, 76
2026/07/28 12:02:20.020, 296.46, 100, 74232, 74
2026/07/28 12:02:21.057, 289.67, 100, 74232, 74
2026/07/28 12:02:22.097, 291.80, 100, 74232, 74
2026/07/28 12:02:23.135, 297.16, 100, 74232, 74
2026/07/28 12:02:24.173, 296.15, 100, 74232, 74
2026/07/28 12:02:25.216, 298.95, 100, 74232, 74
2026/07/28 12:02:26.255, 298.10, 100, 74232, 74
2026/07/28 12:02:27.293, 298.02, 100, 74232, 75
2026/07/28 12:02:28.339, 297.21, 100, 74232, 75
2026/07/28 12:02:29.377, 298.11, 100, 74232, 75
2026/07/28 12:02:30.415, 297.71, 100, 74232, 75
2026/07/28 12:02:31.453, 297.91, 100, 74232, 75
2026/07/28 12:02:32.490, 309.48, 100, 74232, 75
2026/07/28 12:02:33.527, 295.10, 100, 74232, 76
2026/07/28 12:02:34.562, 286.48, 100, 74232, 76
2026/07/28 12:02:35.598, 273.22, 100, 74232, 76
2026/07/28 12:02:36.637, 300.37, 100, 74232, 76
2026/07/28 12:02:37.671, 288.21, 100, 74232, 76
2026/07/28 12:02:38.706, 279.68, 100, 74232, 76
2026/07/28 12:02:39.743, 289.37, 100, 74232, 74
2026/07/28 12:02:40.780, 291.22, 100, 74232, 75
2026/07/28 12:02:41.818, 292.68, 100, 74232, 75
2026/07/28 12:02:42.856, 287.16, 100, 74232, 75
2026/07/28 12:02:43.898, 290.37, 100, 74232, 75
2026/07/28 12:02:44.938, 299.17, 100, 74232, 75
2026/07/28 12:02:45.976, 298.59, 100, 74232, 75
2026/07/28 12:02:47.014, 300.17, 100, 74232, 75
2026/07/28 12:02:48.052, 299.09, 100, 74232, 75
2026/07/28 12:02:49.088, 298.48, 100, 74232, 75
2026/07/28 12:02:50.126, 298.78, 100, 74232, 75
2026/07/28 12:02:51.164, 299.39, 100, 74232, 75
2026/07/28 12:02:52.201, 301.20, 100, 74232, 75
2026/07/28 12:02:53.240, 297.83, 100, 74232, 75
2026/07/28 12:02:54.278, 295.76, 65, 74232, 76
2026/07/28 12:02:55.314, 311.44, 100, 74232, 77
2026/07/28 12:02:56.350, 298.76, 100, 74232, 77
2026/07/28 12:02:57.384, 276.23, 100, 74232, 77
2026/07/28 12:02:58.419, 312.05, 100, 74232, 76
2026/07/28 12:02:59.454, 278.05, 100, 74232, 77
2026/07/28 12:03:00.493, 256.07, 100, 74232, 75
2026/07/28 12:03:01.530, 286.18, 100, 74232, 75
2026/07/28 12:03:02.577, 290.95, 100, 74232, 75
2026/07/28 12:03:03.617, 114.70, 100, 74232, 73
2026/07/28 12:03:04.650, 300.31, 100, 74232, 76
2026/07/28 12:03:05.688, 297.47, 100, 74232, 76
2026/07/28 12:03:06.723, 297.32, 100, 74232, 77
2026/07/28 12:03:07.758, 295.48, 100, 74232, 77
2026/07/28 12:03:08.795, 283.52, 100, 74232, 77
2026/07/28 12:03:09.834, 301.77, 100, 74232, 77
2026/07/28 12:03:10.872, 298.79, 100, 74232, 75
2026/07/28 12:03:11.911, 299.84, 100, 74232, 75
2026/07/28 12:03:12.949, 298.49, 100, 74232, 75
2026/07/28 12:03:13.986, 298.77, 100, 74232, 75
2026/07/28 12:03:15.024, 300.83, 100, 74232, 75
2026/07/28 12:03:16.061, 299.46, 100, 74232, 75
2026/07/28 12:03:17.099, 299.27, 100, 74232, 76
2026/07/28 12:03:18.137, 102.00, 62, 74232, 73
2026/07/28 12:03:19.170, 298.49, 100, 74232, 77
2026/07/28 12:03:20.204, 302.37, 100, 74232, 77
2026/07/28 12:03:21.239, 302.05, 100, 74232, 77
2026/07/28 12:03:22.274, 295.01, 100, 74232, 77
2026/07/28 12:03:23.309, 293.63, 100, 74232, 77
2026/07/28 12:03:24.347, 291.32, 100, 74232, 77
2026/07/28 12:03:25.383, 299.27, 100, 74232, 75
2026/07/28 12:03:26.422, 299.46, 100, 74232, 75
2026/07/28 12:03:27.460, 299.36, 100, 74232, 75
2026/07/28 12:03:28.498, 299.93, 100, 74232, 76
2026/07/28 12:03:29.534, 310.78, 49, 74232, 76
2026/07/28 12:03:30.570, 290.06, 100, 74232, 77
2026/07/28 12:03:31.607, 271.24, 100, 74232, 77
2026/07/28 12:03:32.641, 300.50, 100, 74232, 77
2026/07/28 12:03:33.676, 317.98, 100, 74232, 77
2026/07/28 12:03:34.717, 297.92, 100, 74232, 77
2026/07/28 12:03:35.752, 329.86, 100, 74232, 77
2026/07/28 12:03:36.787, 298.99, 100, 74232, 76
2026/07/28 12:03:37.825, 299.27, 100, 74232, 76
2026/07/28 12:03:38.862, 300.29, 100, 74232, 76
2026/07/28 12:03:39.901, 299.55, 100, 74232, 76
2026/07/28 12:03:40.938, 300.74, 100, 74232, 76
2026/07/28 12:03:41.974, 293.24, 88, 74232, 77
2026/07/28 12:03:43.010, 295.48, 100, 74232, 78
2026/07/28 12:03:44.047, 278.23, 100, 74232, 78
2026/07/28 12:03:45.081, 308.72, 100, 74232, 78
2026/07/28 12:03:46.117, 305.94, 100, 74232, 77
2026/07/28 12:03:47.152, 306.97, 100, 74232, 77
2026/07/28 12:03:48.187, 289.57, 100, 74232, 77
2026/07/28 12:03:49.222, 301.21, 100, 74232, 75
2026/07/28 12:03:50.260, 299.44, 100, 74232, 75
2026/07/28 12:03:51.297, 300.32, 100, 74232, 75
2026/07/28 12:03:52.336, 299.17, 100, 74232, 75
2026/07/28 12:03:53.374, 299.17, 100, 74232, 75
2026/07/28 12:03:54.410, 298.60, 100, 74232, 75
2026/07/28 12:03:55.447, 299.16, 100, 74232, 75
2026/07/28 12:03:56.485, 300.29, 100, 74232, 75
2026/07/28 12:03:57.522, 299.09, 100, 74232, 75
2026/07/28 12:03:58.562, 299.39, 100, 74232, 75
2026/07/28 12:03:59.601, 298.30, 100, 74232, 75
2026/07/28 12:04:00.639, 298.30, 100, 74232, 75
2026/07/28 12:04:01.677, 298.13, 100, 74232, 75
2026/07/28 12:04:02.715, 299.85, 100, 74232, 75
2026/07/28 12:04:03.754, 298.40, 100, 74232, 75
2026/07/28 12:04:04.792, 300.32, 100, 74232, 75
2026/07/28 12:04:05.829, 298.89, 100, 74232, 75
2026/07/28 12:04:06.867, 299.07, 100, 74232, 75
2026/07/28 12:04:07.905, 298.88, 100, 74232, 75
2026/07/28 12:04:08.941, 101.97, 0, 74232, 71
2026/07/28 12:04:09.974, 100.72, 0, 74232, 71
2026/07/28 12:04:11.006, 99.12, 0, 74232, 70
2026/07/28 12:04:12.038, 99.01, 0, 74232, 70
2026/07/28 12:04:13.070, 97.84, 0, 74232, 69
2026/07/28 12:04:14.102, 97.37, 0, 74232, 68
2026/07/28 12:04:15.134, 96.82, 0, 74232, 68
2026/07/28 12:04:16.168, 96.13, 0, 74232, 67
2026/07/28 12:04:17.201, 95.06, 0, 74232, 67
2026/07/28 12:04:18.233, 93.99, 0, 74232, 66
2026/07/28 12:04:19.267, 93.57, 0, 74232, 66
2026/07/28 12:04:20.299, 93.05, 0, 74232, 66
2026/07/28 12:04:21.330, 93.09, 0, 74232, 65
2026/07/28 12:04:22.361, 92.24, 0, 74232, 65
2026/07/28 12:04:23.392, 91.69, 0, 74232, 65
2026/07/28 12:04:24.424, 92.12, 0, 74232, 64
2026/07/28 12:04:25.457, 91.65, 0, 74232, 64
2026/07/28 12:04:26.492, 91.11, 0, 74232, 64
2026/07/28 12:04:27.524, 91.56, 0, 74232, 63
2026/07/28 12:04:28.555, 90.78, 0, 74232, 63
2026/07/28 12:04:29.587, 89.38, 0, 74232, 63
2026/07/28 12:04:31.120, 88.81, 0, 74232, 62
2026/07/28 12:04:32.155, 89.44, 0, 74232, 62
2026/07/28 12:04:33.185, 88.19, 0, 74232, 62
2026/07/28 12:04:34.216, 87.97, 0, 74232, 61
2026/07/28 12:04:35.248, 87.60, 0, 74232, 61
2026/07/28 12:04:36.280, 87.33, 0, 74232, 61
2026/07/28 12:04:37.311, 86.84, 0, 74232, 60
2026/07/28 12:04:38.342, 86.94, 0, 74232, 60
2026/07/28 12:04:39.375, 86.44, 0, 74232, 60
2026/07/28 12:04:40.407, 86.23, 0, 74232, 60
2026/07/28 12:04:41.438, 86.62, 0, 74232, 59
2026/07/28 12:04:42.469, 85.86, 0, 74232, 59
2026/07/28 12:04:43.500, 84.88, 0, 74232, 59
2026/07/28 12:04:44.531, 85.16, 0, 74232, 59
2026/07/28 12:04:45.563, 84.96, 0, 74232, 58
2026/07/28 12:04:46.596, 85.01, 0, 74232, 58
2026/07/28 12:04:47.837, 84.24, 0, 74232, 58
2026/07/28 12:04:48.868, 84.15, 0, 74232, 58
2026/07/28 12:04:49.899, 83.42, 0, 74232, 57
2026/07/28 12:04:50.929, 83.69, 0, 74232, 57
2026/07/28 12:04:51.959, 83.23, 0, 74232, 57
2026/07/28 12:04:52.989, 82.89, 0, 74232, 57
2026/07/28 12:04:54.020, 82.96, 0, 74232, 56
2026/07/28 12:04:55.052, 82.12, 0, 74232, 56
2026/07/28 12:04:56.083, 80.93, 0, 74232, 56
2026/07/28 12:04:57.117, 81.04, 0, 74232, 56
2026/07/28 12:04:58.148, 80.70, 0, 74232, 56
2026/07/28 12:04:59.180, 80.71, 0, 74232, 55
2026/07/28 12:05:00.214, 80.24, 0, 74232, 55
2026/07/28 12:05:01.247, 80.23, 0, 74232, 55
2026/07/28 12:05:02.778, 80.01, 0, 74232, 55
2026/07/28 12:05:03.810, 79.63, 0, 74232, 54
2026/07/28 12:05:04.842, 79.72, 0, 74232, 54
2026/07/28 12:05:05.874, 79.31, 0, 74232, 54
2026/07/28 12:05:06.906, 79.87, 0, 74232, 54
2026/07/28 12:05:10.682, 79.17, 0, 74232, 53
2026/07/28 12:05:11.714, 78.92, 0, 74232, 53
2026/07/28 12:05:12.747, 79.04, 0, 74232, 53
2026/07/28 12:05:13.778, 78.97, 0, 74232, 52
2026/07/28 12:05:14.809, 78.42, 0, 74232, 52
2026/07/28 12:05:15.840, 77.51, 0, 74232, 52
2026/07/28 12:05:16.870, 78.77, 0, 74232, 52
2026/07/28 12:05:17.901, 77.11, 0, 74232, 52
2026/07/28 12:05:18.931, 76.54, 0, 74232, 51
2026/07/28 12:05:19.964, 76.55, 0, 74232, 51
2026/07/28 12:05:20.994, 76.16, 0, 74232, 51
2026/07/28 12:05:22.025, 75.95, 0, 74232, 51
2026/07/28 12:05:23.056, 75.76, 0, 74232, 51
2026/07/28 12:05:24.085, 75.81, 0, 74232, 51
2026/07/28 12:05:25.116, 75.85, 0, 74232, 50
2026/07/28 12:05:26.146, 75.47, 0, 74232, 50
2026/07/28 12:05:27.179, 75.37, 0, 74232, 50
2026/07/28 12:05:28.210, 75.39, 0, 74232, 50
2026/07/28 12:05:29.240, 75.10, 0, 74232, 50
2026/07/28 12:05:30.403, 296.92, 100, 74232, 55
2026/07/28 12:05:31.456, 305.06, 100, 74232, 56
2026/07/28 12:05:32.490, 291.72, 100, 74232, 56
2026/07/28 12:05:33.526, 311.24, 100, 74232, 57
2026/07/28 12:05:34.560, 310.75, 100, 74232, 57
2026/07/28 12:05:35.595, 298.10, 100, 74232, 56
2026/07/28 12:05:36.633, 297.14, 100, 74232, 56
2026/07/28 12:05:37.671, 298.96, 100, 74232, 56
2026/07/28 12:05:38.708, 298.90, 100, 74232, 57
2026/07/28 12:05:39.748, 299.36, 100, 74232, 57
2026/07/28 12:05:40.785, 299.75, 100, 74232, 57
2026/07/28 12:05:41.823, 298.28, 100, 74232, 58
2026/07/28 12:05:42.861, 294.59, 100, 74232, 60
2026/07/28 12:05:43.896, 304.73, 100, 74232, 60
2026/07/28 12:05:44.930, 302.42, 100, 74232, 60
2026/07/28 12:05:45.966, 301.43, 100, 74232, 61
2026/07/28 12:05:47.005, 289.06, 100, 74232, 61
2026/07/28 12:05:48.042, 303.54, 100, 74232, 59
2026/07/28 12:05:49.080, 302.34, 100, 74232, 60
2026/07/28 12:05:50.117, 307.00, 100, 74232, 60
2026/07/28 12:05:51.155, 303.43, 100, 74232, 60
2026/07/28 12:05:52.192, 302.83, 100, 74232, 60
2026/07/28 12:05:53.230, 296.69, 100, 74232, 62
2026/07/28 12:05:54.265, 303.28, 100, 74232, 63
2026/07/28 12:05:55.304, 287.61, 100, 74232, 63
2026/07/28 12:05:56.340, 314.51, 100, 74232, 63
2026/07/28 12:05:57.374, 293.26, 100, 74232, 63
2026/07/28 12:05:58.410, 301.34, 100, 74232, 62
2026/07/28 12:05:59.447, 303.31, 100, 74232, 62
2026/07/28 12:06:00.485, 302.66, 100, 74232, 62
2026/07/28 12:06:01.522, 302.73, 100, 74232, 62
2026/07/28 12:06:02.564, 303.52, 100, 74232, 63
2026/07/28 12:06:03.601, 287.26, 100, 74232, 64
2026/07/28 12:06:04.636, 301.44, 100, 74232, 65
2026/07/28 12:06:05.672, 295.58, 100, 74232, 65
2026/07/28 12:06:06.709, 296.48, 100, 74232, 65
2026/07/28 12:06:07.745, 307.36, 100, 74232, 65
2026/07/28 12:06:08.781, 308.03, 100, 74232, 64
2026/07/28 12:06:09.826, 283.06, 100, 74232, 64
2026/07/28 12:06:10.866, 288.81, 100, 74232, 64
2026/07/28 12:06:11.903, 290.84, 100, 74232, 64
2026/07/28 12:06:12.940, 271.70, 100, 74232, 66
2026/07/28 12:06:13.974, 291.24, 100, 74232, 66
2026/07/28 12:06:15.010, 302.93, 100, 74232, 66
2026/07/28 12:06:16.049, 315.28, 100, 74232, 67
2026/07/28 12:06:17.083, 289.87, 100, 74232, 67
2026/07/28 12:06:18.119, 283.65, 100, 74232, 67
2026/07/28 12:06:19.155, 306.28, 100, 74232, 65
2026/07/28 12:06:20.193, 311.20, 100, 74232, 66
2026/07/28 12:06:21.230, 306.00, 100, 74232, 66
2026/07/28 12:06:22.267, 371.27, 100, 74232, 67
2026/07/28 12:06:23.304, 303.09, 100, 74232, 68
2026/07/28 12:06:24.340, 298.35, 100, 74232, 68
2026/07/28 12:06:25.379, 289.88, 100, 74232, 68
2026/07/28 12:06:26.413, 298.07, 100, 74232, 68
2026/07/28 12:06:27.448, 301.74, 100, 74232, 68
2026/07/28 12:06:28.484, 300.50, 100, 74232, 67
2026/07/28 12:06:29.522, 302.36, 100, 74232, 67
2026/07/28 12:06:30.560, 301.87, 100, 74232, 67
2026/07/28 12:06:31.599, 301.78, 100, 74232, 67
2026/07/28 12:06:32.637, 304.16, 100, 74232, 69
2026/07/28 12:06:33.674, 291.46, 100, 74232, 69
2026/07/28 12:06:34.709, 304.67, 100, 74232, 69
2026/07/28 12:06:35.745, 314.85, 100, 74232, 69
2026/07/28 12:06:36.781, 301.06, 100, 74232, 69
2026/07/28 12:06:37.815, 303.21, 100, 74232, 69
2026/07/28 12:06:38.854, 301.58, 100, 74232, 68
2026/07/28 12:06:39.892, 303.20, 100, 74232, 68
2026/07/28 12:06:40.929, 303.90, 100, 74232, 68
2026/07/28 12:06:41.967, 303.52, 100, 74232, 68
2026/07/28 12:06:43.005, 297.04, 100, 74232, 68
2026/07/28 12:06:44.044, 297.89, 100, 74232, 68
2026/07/28 12:06:45.082, 296.08, 100, 74232, 68
2026/07/28 12:06:46.119, 289.08, 100, 74232, 68
2026/07/28 12:06:47.156, 296.95, 100, 74232, 68
2026/07/28 12:06:48.194, 295.30, 100, 74232, 68
2026/07/28 12:06:49.234, 289.76, 100, 74232, 68
2026/07/28 12:06:50.271, 289.84, 100, 74232, 68
2026/07/28 12:06:51.314, 269.26, 100, 74232, 70
2026/07/28 12:06:52.350, 279.69, 100, 74232, 70
2026/07/28 12:06:53.386, 302.36, 100, 74232, 71
2026/07/28 12:06:54.420, 296.26, 100, 74232, 71
2026/07/28 12:06:55.460, 298.13, 100, 74232, 71
2026/07/28 12:06:56.500, 290.54, 100, 74232, 71
2026/07/28 12:06:57.535, 279.01, 100, 74232, 69
2026/07/28 12:06:58.573, 281.32, 100, 74232, 69
2026/07/28 12:06:59.610, 290.43, 100, 74232, 69
2026/07/28 12:07:00.648, 294.91, 100, 74232, 69
2026/07/28 12:07:01.685, 295.40, 100, 74232, 71
2026/07/28 12:07:02.721, 306.06, 100, 74232, 71
2026/07/28 12:07:03.758, 290.94, 100, 74232, 71
2026/07/28 12:07:04.793, 288.51, 100, 74232, 71
2026/07/28 12:07:05.835, 302.90, 100, 74232, 71
2026/07/28 12:07:06.871, 278.60, 100, 74232, 72
2026/07/28 12:07:07.907, 295.11, 100, 74232, 70
2026/07/28 12:07:08.948, 294.04, 100, 74232, 70
2026/07/28 12:07:09.987, 290.53, 100, 74232, 70
2026/07/28 12:07:11.024, 302.17, 100, 74232, 70
2026/07/28 12:07:12.062, 300.92, 100, 74232, 70
2026/07/28 12:07:13.102, 300.52, 100, 74232, 70
2026/07/28 12:07:14.140, 302.47, 100, 74232, 70
2026/07/28 12:07:15.180, 298.51, 100, 74232, 70
2026/07/28 12:07:16.220, 305.45, 100, 74232, 70
2026/07/28 12:07:17.259, 306.12, 100, 74232, 71
2026/07/28 12:07:18.296, 299.27, 100, 74232, 70
2026/07/28 12:07:19.335, 300.64, 100, 74232, 71
2026/07/28 12:07:20.372, 302.24, 100, 74232, 71
2026/07/28 12:07:21.408, 307.47, 100, 74232, 71
2026/07/28 12:07:22.446, 298.30, 100, 74232, 71
2026/07/28 12:07:23.483, 299.29, 100, 74232, 73
2026/07/28 12:07:24.518, 300.84, 100, 74232, 73
2026/07/28 12:07:25.555, 287.73, 100, 74232, 73
2026/07/28 12:07:26.593, 291.41, 100, 74232, 72
2026/07/28 12:07:27.628, 286.85, 100, 74232, 73
2026/07/28 12:07:28.664, 269.47, 100, 74232, 73
2026/07/28 12:07:29.701, 304.68, 100, 74232, 71
2026/07/28 12:07:30.740, 296.56, 100, 74232, 71
2026/07/28 12:07:31.778, 300.06, 100, 74232, 71
2026/07/28 12:07:32.815, 301.60, 100, 74232, 71
2026/07/28 12:07:33.852, 299.84, 100, 74232, 71
2026/07/28 12:07:34.889, 295.77, 100, 74232, 72
2026/07/28 12:07:35.924, 285.30, 100, 74232, 73
2026/07/28 12:07:36.961, 312.11, 100, 74232, 73
2026/07/28 12:07:38.001, 294.81, 100, 74232, 73
2026/07/28 12:07:39.037, 299.70, 100, 74232, 73
2026/07/28 12:07:40.071, 263.72, 100, 74232, 73
2026/07/28 12:07:41.107, 273.66, 100, 74232, 73
2026/07/28 12:07:42.144, 293.45, 100, 74232, 71
2026/07/28 12:07:43.182, 289.10, 100, 74232, 71
2026/07/28 12:07:44.218, 294.61, 100, 74232, 71
2026/07/28 12:07:45.255, 293.07, 100, 74232, 71
2026/07/28 12:07:46.292, 288.70, 100, 74232, 71
2026/07/28 12:07:47.330, 298.80, 100, 74232, 71
2026/07/28 12:07:48.369, 98.05, 30, 74232, 69
2026/07/28 12:07:49.402, 295.53, 100, 74232, 73
2026/07/28 12:07:50.438, 296.27, 100, 74232, 73
2026/07/28 12:07:51.472, 299.28, 100, 74232, 73
2026/07/28 12:07:52.506, 313.14, 100, 74232, 73
2026/07/28 12:07:53.540, 307.26, 100, 74232, 73
2026/07/28 12:07:54.579, 291.73, 100, 74232, 73
2026/07/28 12:07:55.615, 296.65, 100, 74232, 72
2026/07/28 12:07:56.655, 293.07, 100, 74232, 72
2026/07/28 12:07:57.691, 296.95, 100, 74232, 72
2026/07/28 12:07:58.726, 292.87, 100, 74232, 72
2026/07/28 12:07:59.763, 298.03, 100, 74232, 72
2026/07/28 12:08:00.801, 300.80, 100, 74232, 72
2026/07/28 12:08:01.837, 300.42, 100, 74232, 72
2026/07/28 12:08:02.875, 301.22, 100, 74232, 72
2026/07/28 12:08:03.911, 98.24, 0, 74232, 69
2026/07/28 12:08:04.945, 294.52, 100, 74232, 73
2026/07/28 12:08:05.981, 301.33, 100, 74232, 73
2026/07/28 12:08:07.017, 304.89, 100, 74232, 73
2026/07/28 12:08:08.052, 288.42, 100, 74232, 73
2026/07/28 12:08:09.088, 287.99, 100, 74232, 74
2026/07/28 12:08:10.123, 289.29, 100, 74232, 74
2026/07/28 12:08:11.157, 300.53, 100, 74232, 72
2026/07/28 12:08:12.195, 296.94, 100, 74232, 72
2026/07/28 12:08:13.231, 300.52, 100, 74232, 72
2026/07/28 12:08:14.271, 301.12, 100, 74232, 72
2026/07/28 12:08:15.307, 301.22, 100, 74232, 72
2026/07/28 12:08:16.345, 301.50, 100, 74232, 72
2026/07/28 12:08:17.382, 300.92, 100, 74232, 72
2026/07/28 12:08:18.418, 301.15, 100, 74232, 72
2026/07/28 12:08:19.454, 302.70, 100, 74232, 72
2026/07/28 12:08:20.491, 301.30, 100, 74232, 72
2026/07/28 12:08:21.528, 301.98, 100, 74232, 72
2026/07/28 12:08:22.565, 302.15, 100, 74232, 72
2026/07/28 12:08:23.603, 301.51, 100, 74232, 72
2026/07/28 12:08:24.639, 301.96, 100, 74232, 72
2026/07/28 12:08:25.679, 295.20, 100, 74232, 72
2026/07/28 12:08:26.716, 293.82, 100, 74232, 72
2026/07/28 12:08:27.753, 294.21, 100, 74232, 72
2026/07/28 12:08:28.791, 98.13, 0, 74232, 69
2026/07/28 12:08:29.822, 97.01, 0, 74232, 68
2026/07/28 12:08:30.854, 96.43, 0, 74232, 68
2026/07/28 12:08:31.886, 96.36, 0, 74232, 67
2026/07/28 12:08:32.927, 94.81, 0, 74232, 67
2026/07/28 12:08:33.959, 94.36, 0, 74232, 66
2026/07/28 12:08:34.992, 92.83, 0, 74232, 66
2026/07/28 12:08:36.024, 93.32, 0, 74232, 65
2026/07/28 12:08:37.056, 91.75, 0, 74232, 65
2026/07/28 12:08:38.087, 91.17, 0, 74232, 64
2026/07/28 12:08:39.119, 90.65, 0, 74232, 64
2026/07/28 12:08:40.153, 91.08, 0, 74232, 64
2026/07/28 12:08:41.184, 90.76, 0, 74232, 63
2026/07/28 12:08:42.215, 88.85, 0, 74232, 63
2026/07/28 12:08:43.249, 89.38, 0, 74232, 62
2026/07/28 12:08:44.280, 88.16, 0, 74232, 62
2026/07/28 12:08:45.312, 88.11, 0, 74232, 62
2026/07/28 12:08:46.344, 88.54, 0, 74232, 61
2026/07/28 12:08:47.375, 88.26, 0, 74232, 61
2026/07/28 12:08:48.407, 87.08, 0, 74232, 61
2026/07/28 12:08:49.438, 86.79, 0, 74232, 60
2026/07/28 12:08:50.468, 86.13, 0, 74232, 60
2026/07/28 12:08:51.497, 86.36, 0, 74232, 59
2026/07/28 12:08:52.527, 85.22, 0, 74232, 59
2026/07/28 12:08:53.556, 85.00, 0, 74232, 59
2026/07/28 12:08:54.586, 84.74, 0, 74232, 59
2026/07/28 12:08:55.616, 84.69, 0, 74232, 58
2026/07/28 12:08:56.645, 83.92, 0, 74232, 58
2026/07/28 12:08:57.675, 84.18, 0, 74232, 58
2026/07/28 12:08:58.704, 83.32, 0, 74232, 57
2026/07/28 12:08:59.734, 83.79, 0, 74232, 57
2026/07/28 12:09:00.763, 82.90, 0, 74232, 57
2026/07/28 12:09:01.794, 83.03, 0, 74232, 56
2026/07/28 12:09:02.826, 82.68, 0, 74232, 56
2026/07/28 12:09:03.857, 282.02, 100, 74232, 61
2026/07/28 12:09:04.891, 280.50, 100, 74232, 62
2026/07/28 12:09:05.925, 270.14, 100, 74232, 62
2026/07/28 12:09:06.959, 282.89, 100, 74232, 62
2026/07/28 12:09:07.994, 301.21, 100, 74232, 61
2026/07/28 12:09:09.031, 300.05, 100, 74232, 62
2026/07/28 12:09:10.068, 302.66, 100, 74232, 62
2026/07/28 12:09:11.105, 301.88, 100, 74232, 62
2026/07/28 12:09:12.142, 301.20, 100, 74232, 62
2026/07/28 12:09:13.179, 298.61, 100, 74232, 62
2026/07/28 12:09:14.216, 295.62, 100, 74232, 64
2026/07/28 12:09:15.249, 289.72, 100, 74232, 65
2026/07/28 12:09:16.282, 294.91, 100, 74232, 65
2026/07/28 12:09:17.316, 300.04, 100, 74232, 65
2026/07/28 12:09:18.352, 303.73, 100, 74232, 64
2026/07/28 12:09:19.388, 303.18, 100, 74232, 64
2026/07/28 12:09:20.424, 306.04, 100, 74232, 64
2026/07/28 12:09:21.460, 305.17, 100, 74232, 64
2026/07/28 12:09:22.497, 301.97, 100, 74232, 64
2026/07/28 12:09:23.533, 308.23, 100, 74232, 66
2026/07/28 12:09:24.567, 291.01, 100, 74232, 66
2026/07/28 12:09:25.604, 290.37, 100, 74232, 67
2026/07/28 12:09:26.638, 283.05, 100, 74232, 67
2026/07/28 12:09:27.673, 305.98, 100, 74232, 65
2026/07/28 12:09:28.710, 302.64, 100, 74232, 65
2026/07/28 12:09:29.747, 298.78, 100, 74232, 65
2026/07/28 12:09:30.783, 299.97, 100, 74232, 66
2026/07/28 12:09:31.819, 286.47, 100, 74232, 67
2026/07/28 12:09:32.857, 291.07, 100, 74232, 68
2026/07/28 12:09:33.891, 303.69, 100, 74232, 68
2026/07/28 12:09:34.925, 287.95, 100, 74232, 68
2026/07/28 12:09:35.960, 276.06, 100, 74232, 66
2026/07/28 12:09:37.000, 290.33, 100, 74232, 66
2026/07/28 12:09:38.037, 290.25, 100, 74232, 66
2026/07/28 12:09:39.075, 293.84, 100, 74232, 67
2026/07/28 12:09:40.115, 301.51, 100, 74232, 67
2026/07/28 12:09:41.152, 301.21, 100, 74232, 67
2026/07/28 12:09:42.189, 301.21, 100, 74232, 67
2026/07/28 12:09:43.226, 294.61, 100, 74232, 67
2026/07/28 12:09:44.263, 298.79, 100, 74232, 67
2026/07/28 12:09:45.302, 302.18, 100, 74232, 67
2026/07/28 12:09:46.339, 272.78, 100, 74232, 69
2026/07/28 12:09:47.374, 305.64, 100, 74232, 69
2026/07/28 12:09:48.409, 305.03, 100, 74232, 70
2026/07/28 12:09:49.444, 284.06, 100, 74232, 70
2026/07/28 12:09:50.479, 309.83, 100, 74232, 70
2026/07/28 12:09:51.515, 302.49, 100, 74232, 68
2026/07/28 12:09:52.552, 303.36, 100, 74232, 68
2026/07/28 12:09:53.589, 302.93, 100, 74232, 68
2026/07/28 12:09:54.627, 302.47, 100, 74232, 68
2026/07/28 12:09:55.664, 295.10, 100, 74232, 70
2026/07/28 12:09:56.702, 296.10, 100, 74232, 70
2026/07/28 12:09:57.737, 314.49, 100, 74232, 70
2026/07/28 12:09:58.772, 297.14, 100, 74232, 70
2026/07/28 12:09:59.806, 290.17, 100, 74232, 70
2026/07/28 12:10:00.842, 301.87, 100, 74232, 69
2026/07/28 12:10:01.880, 304.03, 100, 74232, 69
2026/07/28 12:10:02.918, 304.88, 100, 74232, 69
2026/07/28 12:10:03.956, 305.85, 100, 74232, 69
2026/07/28 12:10:04.994, 305.17, 100, 74232, 69
2026/07/28 12:10:06.032, 305.96, 100, 74232, 69
2026/07/28 12:10:07.069, 306.53, 100, 74232, 69
2026/07/28 12:10:08.108, 304.35, 100, 74232, 69
2026/07/28 12:10:09.147, 300.48, 100, 74232, 70
2026/07/28 12:10:10.185, 298.28, 100, 74232, 70
2026/07/28 12:10:11.223, 399.12, 100, 74232, 71
2026/07/28 12:10:12.259, 304.39, 100, 74232, 71
2026/07/28 12:10:13.294, 300.11, 100, 74232, 72
2026/07/28 12:10:14.329, 284.95, 100, 74232, 72
2026/07/28 12:10:15.365, 316.36, 100, 74232, 72
2026/07/28 12:10:16.399, 265.79, 100, 74232, 71
2026/07/28 12:10:17.434, 291.61, 100, 74232, 70
2026/07/28 12:10:18.474, 293.44, 100, 74232, 70
2026/07/28 12:10:19.512, 295.51, 100, 74232, 70
2026/07/28 12:10:20.549, 363.81, 100, 74232, 72
2026/07/28 12:10:21.585, 293.19, 100, 74232, 72
2026/07/28 12:10:22.621, 289.96, 100, 74232, 72
2026/07/28 12:10:23.655, 304.65, 100, 74232, 72
2026/07/28 12:10:24.689, 292.95, 100, 74232, 72
2026/07/28 12:10:25.724, 270.33, 100, 74232, 72
2026/07/28 12:10:26.764, 306.72, 100, 74232, 71
2026/07/28 12:10:27.801, 300.71, 100, 74232, 71
2026/07/28 12:10:28.838, 305.63, 100, 74232, 72
2026/07/28 12:10:29.875, 301.56, 100, 74232, 72
2026/07/28 12:10:30.910, 309.62, 100, 74232, 73
2026/07/28 12:10:31.945, 298.88, 100, 74232, 73
2026/07/28 12:10:32.979, 280.34, 100, 74232, 73
2026/07/28 12:10:34.014, 275.29, 100, 74232, 72
2026/07/28 12:10:35.056, 300.44, 100, 74232, 71
2026/07/28 12:10:36.093, 301.82, 100, 74232, 71
2026/07/28 12:10:37.130, 301.30, 100, 74232, 71
2026/07/28 12:10:38.168, 306.15, 100, 74232, 71
2026/07/28 12:10:39.204, 300.56, 100, 74232, 73
2026/07/28 12:10:40.239, 298.20, 100, 74232, 73
2026/07/28 12:10:41.274, 287.06, 100, 74232, 73
2026/07/28 12:10:42.309, 297.46, 100, 74232, 73
2026/07/28 12:10:43.345, 284.51, 100, 74232, 73
2026/07/28 12:10:44.388, 308.04, 100, 74232, 73
2026/07/28 12:10:45.423, 301.60, 100, 74232, 71
2026/07/28 12:10:46.460, 302.27, 100, 74232, 71
2026/07/28 12:10:47.497, 300.73, 100, 74232, 71
2026/07/28 12:10:48.534, 302.46, 100, 74232, 72
2026/07/28 12:10:49.571, 299.53, 100, 74232, 73
2026/07/28 12:10:50.606, 299.74, 100, 74232, 73
2026/07/28 12:10:51.641, 302.74, 100, 74232, 73
2026/07/28 12:10:52.678, 289.55, 100, 74232, 73
2026/07/28 12:10:53.711, 297.24, 100, 74232, 73
2026/07/28 12:10:54.744, 290.73, 100, 74232, 73
2026/07/28 12:10:55.781, 302.49, 100, 74232, 72
2026/07/28 12:10:56.818, 302.45, 100, 74232, 72
2026/07/28 12:10:57.856, 303.77, 100, 74232, 72
2026/07/28 12:10:58.893, 302.57, 100, 74232, 72
2026/07/28 12:10:59.931, 301.34, 100, 74232, 74
2026/07/28 12:11:00.966, 294.92, 100, 74232, 74
2026/07/28 12:11:02.002, 303.39, 100, 74232, 74
2026/07/28 12:11:03.037, 294.90, 100, 74232, 74
2026/07/28 12:11:04.072, 298.18, 100, 74232, 74
2026/07/28 12:11:05.107, 311.02, 100, 74232, 74
2026/07/28 12:11:06.142, 303.52, 100, 74232, 72
2026/07/28 12:11:07.180, 302.98, 100, 74232, 72
2026/07/28 12:11:08.217, 292.28, 100, 74232, 72
2026/07/28 12:11:09.253, 291.82, 100, 74232, 72
2026/07/28 12:11:10.294, 289.38, 100, 74232, 72
2026/07/28 12:11:11.331, 299.30, 100, 74232, 74
2026/07/28 12:11:12.367, 290.78, 100, 74232, 74
2026/07/28 12:11:13.402, 286.28, 100, 74232, 74
2026/07/28 12:11:14.438, 296.66, 100, 74232, 74
2026/07/28 12:11:15.472, 315.23, 100, 74232, 74
2026/07/28 12:11:16.507, 305.24, 100, 74232, 74
2026/07/28 12:11:17.542, 303.17, 100, 74232, 72
2026/07/28 12:11:18.580, 304.19, 100, 74232, 72
2026/07/28 12:11:19.617, 302.26, 100, 74232, 73
2026/07/28 12:11:20.654, 99.31, 0, 74232, 69
2026/07/28 12:11:21.687, 303.00, 100, 74232, 74
2026/07/28 12:11:22.722, 289.95, 100, 74232, 74
2026/07/28 12:11:23.758, 279.59, 100, 74232, 74
2026/07/28 12:11:24.797, 271.62, 100, 74232, 74
2026/07/28 12:11:25.836, 316.50, 100, 74232, 74
2026/07/28 12:11:26.874, 274.43, 100, 74232, 74
2026/07/28 12:11:27.908, 301.59, 100, 74232, 72
2026/07/28 12:11:28.946, 301.42, 100, 74232, 72
2026/07/28 12:11:29.984, 302.57, 100, 74232, 72
2026/07/28 12:11:31.023, 304.79, 100, 74232, 73
2026/07/28 12:11:32.060, 291.41, 100, 74232, 74
2026/07/28 12:11:33.096, 294.83, 100, 74232, 74
2026/07/28 12:11:34.130, 296.92, 100, 74232, 74
2026/07/28 12:11:35.166, 291.99, 100, 74232, 74
2026/07/28 12:11:36.206, 285.86, 100, 74232, 74
2026/07/28 12:11:37.241, 282.16, 100, 74232, 75
2026/07/28 12:11:38.276, 299.45, 100, 74232, 74
2026/07/28 12:11:39.312, 302.08, 100, 74232, 73
2026/07/28 12:11:40.349, 294.23, 100, 74232, 73
2026/07/28 12:11:41.389, 294.62, 100, 74232, 73
2026/07/28 12:11:42.426, 295.10, 100, 74232, 73
2026/07/28 12:11:43.463, 295.18, 100, 74232, 73
2026/07/28 12:11:44.502, 294.52, 100, 74232, 73
2026/07/28 12:11:45.539, 294.83, 100, 74232, 73
2026/07/28 12:11:46.575, 98.98, 0, 74232, 70
2026/07/28 12:11:47.607, 274.44, 100, 74232, 74
2026/07/28 12:11:48.643, 290.18, 100, 74232, 74
2026/07/28 12:11:49.682, 309.33, 100, 74232, 75
2026/07/28 12:11:50.717, 310.30, 100, 74232, 75
2026/07/28 12:11:51.756, 282.98, 100, 74232, 74
2026/07/28 12:11:52.792, 278.36, 100, 74232, 74
2026/07/28 12:11:53.826, 301.98, 100, 74232, 73
2026/07/28 12:11:54.864, 302.19, 100, 74232, 73
2026/07/28 12:11:55.901, 297.91, 83, 74232, 74
2026/07/28 12:11:56.938, 303.31, 100, 74232, 75
2026/07/28 12:11:57.973, 278.35, 100, 74232, 74
2026/07/28 12:11:59.008, 304.97, 100, 74232, 74
2026/07/28 12:12:00.048, 293.51, 100, 74232, 75
2026/07/28 12:12:01.083, 298.88, 100, 74232, 74
2026/07/28 12:12:02.118, 318.06, 100, 74232, 75
2026/07/28 12:12:03.153, 303.25, 100, 74232, 73
2026/07/28 12:12:04.192, 302.61, 100, 74232, 73
2026/07/28 12:12:05.229, 303.16, 100, 74232, 73
2026/07/28 12:12:06.267, 302.27, 100, 74232, 73
2026/07/28 12:12:07.304, 304.49, 100, 74232, 73
2026/07/28 12:12:08.344, 302.47, 100, 74232, 73
2026/07/28 12:12:09.381, 304.22, 100, 74232, 73
2026/07/28 12:12:10.418, 303.22, 100, 74232, 73
2026/07/28 12:12:11.455, 303.20, 100, 74232, 73
2026/07/28 12:12:12.491, 303.42, 100, 74232, 73
2026/07/28 12:12:13.529, 304.70, 100, 74232, 73
2026/07/28 12:12:14.566, 306.73, 100, 74232, 73
2026/07/28 12:12:15.603, 303.71, 100, 74232, 73
2026/07/28 12:12:16.641, 295.40, 100, 74232, 73
2026/07/28 12:12:17.679, 295.78, 100, 74232, 73
2026/07/28 12:12:18.716, 295.28, 100, 74232, 73
2026/07/28 12:12:19.756, 296.59, 100, 74232, 73
2026/07/28 12:12:20.794, 297.86, 100, 74232, 73
2026/07/28 12:12:21.831, 297.25, 100, 74232, 73
2026/07/28 12:12:22.869, 292.30, 100, 74232, 73
2026/07/28 12:12:23.906, 399.00, 40, 74232, 74
2026/07/28 12:12:24.944, 309.95, 100, 74232, 75
2026/07/28 12:12:25.978, 282.08, 100, 74232, 75
2026/07/28 12:12:27.014, 305.11, 100, 74232, 75
2026/07/28 12:12:28.053, 294.30, 100, 74232, 75
2026/07/28 12:12:29.087, 291.51, 100, 74232, 75
2026/07/28 12:12:30.122, 277.40, 100, 74232, 75
2026/07/28 12:12:31.157, 296.08, 100, 74232, 73
2026/07/28 12:12:32.197, 295.30, 100, 74232, 73
2026/07/28 12:12:33.235, 303.73, 100, 74232, 73
2026/07/28 12:12:34.271, 304.77, 100, 74232, 73
2026/07/28 12:12:35.308, 312.28, 11, 74232, 74
2026/07/28 12:12:36.343, 300.52, 100, 74232, 75
2026/07/28 12:12:37.377, 284.53, 100, 74232, 75
2026/07/28 12:12:38.412, 297.79, 100, 74232, 75
2026/07/28 12:12:39.451, 300.83, 100, 74232, 75
2026/07/28 12:12:40.486, 279.82, 100, 74232, 75
2026/07/28 12:12:41.521, 274.58, 100, 74232, 75
2026/07/28 12:12:42.556, 292.00, 100, 74232, 73
2026/07/28 12:12:43.595, 294.23, 100, 74232, 73
2026/07/28 12:12:44.632, 98.25, 100, 74232, 71
2026/07/28 12:12:45.667, 300.63, 100, 74232, 73
2026/07/28 12:12:46.703, 300.35, 100, 74232, 73
2026/07/28 12:12:47.741, 295.57, 100, 74232, 73
2026/07/28 12:12:48.778, 297.51, 100, 74232, 73
2026/07/28 12:12:49.814, 294.99, 100, 74232, 73
2026/07/28 12:12:50.853, 300.54, 100, 74232, 73
2026/07/28 12:12:51.890, 297.72, 100, 74232, 73
2026/07/28 12:12:52.927, 299.93, 100, 74232, 73
2026/07/28 12:12:53.964, 303.15, 100, 74232, 73
2026/07/28 12:12:55.002, 302.16, 100, 74232, 73
2026/07/28 12:12:56.038, 302.39, 100, 74232, 73
2026/07/28 12:12:57.080, 302.65, 100, 74232, 73
2026/07/28 12:12:58.117, 299.48, 100, 74232, 73
2026/07/28 12:12:59.153, 304.54, 100, 74232, 73
2026/07/28 12:13:00.190, 301.59, 100, 74232, 73
2026/07/28 12:13:01.226, 298.12, 100, 74232, 73
2026/07/28 12:13:02.263, 295.79, 100, 74232, 73
2026/07/28 12:13:03.299, 294.84, 100, 74232, 73
2026/07/28 12:13:04.338, 300.42, 100, 74232, 73
2026/07/28 12:13:05.374, 296.06, 100, 74232, 73
2026/07/28 12:13:06.410, 292.37, 100, 74232, 73
2026/07/28 12:13:07.447, 295.39, 100, 74232, 74
2026/07/28 12:13:08.484, 301.71, 100, 74232, 74
2026/07/28 12:13:09.521, 297.23, 100, 74232, 74
2026/07/28 12:13:10.558, 296.85, 100, 74232, 74
2026/07/28 12:13:11.595, 296.18, 100, 74232, 74
2026/07/28 12:13:12.631, 295.12, 100, 74232, 74
2026/07/28 12:13:13.668, 296.68, 100, 74232, 74
2026/07/28 12:13:14.704, 298.59, 100, 74232, 74
2026/07/28 12:13:15.741, 297.73, 100, 74232, 74
2026/07/28 12:13:16.779, 295.28, 100, 74232, 74
2026/07/28 12:13:17.815, 293.64, 100, 74232, 74
2026/07/28 12:13:18.853, 300.74, 100, 74232, 74
2026/07/28 12:13:19.889, 298.01, 100, 74232, 74
2026/07/28 12:13:20.930, 295.97, 100, 74232, 74
2026/07/28 12:13:21.967, 303.05, 100, 74232, 74
2026/07/28 12:13:23.005, 302.10, 100, 74232, 74
2026/07/28 12:13:24.046, 302.67, 100, 74232, 74
2026/07/28 12:13:25.083, 304.66, 100, 74232, 74
2026/07/28 12:13:26.120, 304.79, 100, 74232, 74
2026/07/28 12:13:27.158, 302.56, 100, 74232, 74
2026/07/28 12:13:28.195, 304.30, 100, 74232, 74
2026/07/28 12:13:29.235, 303.42, 100, 74232, 74
2026/07/28 12:13:30.273, 303.54, 100, 74232, 74
2026/07/28 12:13:31.311, 304.59, 100, 74232, 74
2026/07/28 12:13:32.349, 304.77, 100, 74232, 74
2026/07/28 12:13:33.385, 305.87, 100, 74232, 74
2026/07/28 12:13:34.423, 302.61, 100, 74232, 74
2026/07/28 12:13:35.461, 304.33, 100, 74232, 74
2026/07/28 12:13:36.498, 305.08, 100, 74232, 74
2026/07/28 12:13:37.536, 298.66, 100, 74232, 74
2026/07/28 12:13:38.574, 295.96, 100, 74232, 74
2026/07/28 12:13:39.612, 295.78, 100, 74232, 74
2026/07/28 12:13:40.649, 294.70, 100, 74232, 74
2026/07/28 12:13:41.686, 295.57, 100, 74232, 74
2026/07/28 12:13:42.724, 296.54, 100, 74232, 74
2026/07/28 12:13:43.761, 297.25, 100, 74232, 74
2026/07/28 12:13:44.798, 295.70, 100, 74232, 74
2026/07/28 12:13:45.836, 296.55, 100, 74232, 74
2026/07/28 12:13:46.874, 296.00, 100, 74232, 74
2026/07/28 12:13:47.910, 295.50, 100, 74232, 74
2026/07/28 12:13:48.948, 296.95, 100, 74232, 74
2026/07/28 12:13:49.986, 295.69, 100, 74232, 74
2026/07/28 12:13:51.024, 297.13, 100, 74232, 74
2026/07/28 12:13:52.061, 297.23, 100, 74232, 74
2026/07/28 12:13:53.099, 295.57, 100, 74232, 74
2026/07/28 12:13:54.137, 303.54, 100, 74232, 74
2026/07/28 12:13:55.174, 304.88, 100, 74232, 74
2026/07/28 12:13:56.211, 303.55, 100, 74232, 74
2026/07/28 12:13:57.249, 308.21, 100, 74232, 74
2026/07/28 12:13:58.286, 304.43, 100, 74232, 74
2026/07/28 12:13:59.324, 305.34, 100, 74232, 74
2026/07/28 12:14:00.361, 304.69, 100, 74232, 74
2026/07/28 12:14:01.404, 298.32, 100, 74232, 74
2026/07/28 12:14:02.442, 297.43, 100, 74232, 74
2026/07/28 12:14:03.480, 296.83, 100, 74232, 74
2026/07/28 12:14:04.518, 296.56, 100, 74232, 74
2026/07/28 12:14:05.555, 296.55, 100, 74232, 74
2026/07/28 12:14:06.593, 298.29, 100, 74232, 74
2026/07/28 12:14:07.630, 296.20, 100, 74232, 74
2026/07/28 12:14:08.666, 296.28, 100, 74232, 74
2026/07/28 12:14:09.705, 297.32, 100, 74232, 74
2026/07/28 12:14:10.742, 296.17, 100, 74232, 74
2026/07/28 12:14:11.780, 295.80, 100, 74232, 74
2026/07/28 12:14:12.816, 297.24, 100, 74232, 74
2026/07/28 12:14:13.853, 298.29, 100, 74232, 74
2026/07/28 12:14:14.890, 304.50, 100, 74232, 74
2026/07/28 12:14:15.930, 304.69, 100, 74232, 74
2026/07/28 12:14:16.968, 296.65, 100, 74232, 74
2026/07/28 12:14:18.004, 303.36, 100, 74232, 74
2026/07/28 12:14:19.043, 292.48, 100, 74232, 74
2026/07/28 12:14:20.079, 296.75, 100, 74232, 74
2026/07/28 12:14:21.115, 297.71, 100, 74232, 74
2026/07/28 12:14:22.152, 302.75, 100, 74232, 74
2026/07/28 12:14:23.189, 305.93, 100, 74232, 74
2026/07/28 12:14:24.225, 299.08, 100, 74232, 74
2026/07/28 12:14:25.262, 297.42, 100, 74232, 74
2026/07/28 12:14:26.299, 297.72, 100, 74232, 74
2026/07/28 12:14:27.336, 295.88, 100, 74232, 74
2026/07/28 12:14:28.373, 305.00, 100, 74232, 74
2026/07/28 12:14:29.408, 297.92, 100, 74232, 74
2026/07/28 12:14:30.445, 304.66, 100, 74232, 74
2026/07/28 12:14:31.481, 300.83, 100, 74232, 74
2026/07/28 12:14:32.517, 304.48, 100, 74232, 74
2026/07/28 12:14:33.555, 293.73, 100, 74232, 74
2026/07/28 12:14:34.592, 304.27, 100, 74232, 74
2026/07/28 12:14:35.629, 307.50, 100, 74232, 74
2026/07/28 12:14:36.667, 298.18, 100, 74232, 74
2026/07/28 12:14:37.703, 303.91, 100, 74232, 74
2026/07/28 12:14:38.741, 304.99, 100, 74232, 74
2026/07/28 12:14:39.780, 298.77, 100, 74232, 74
2026/07/28 12:14:40.819, 291.99, 100, 74232, 74
2026/07/28 12:14:41.857, 303.82, 100, 74232, 74
2026/07/28 12:14:42.894, 304.30, 100, 74232, 74
2026/07/28 12:14:43.931, 306.51, 100, 74232, 75
2026/07/28 12:14:44.969, 305.18, 100, 74232, 74
2026/07/28 12:14:46.008, 303.70, 100, 74232, 75
2026/07/28 12:14:47.045, 304.51, 100, 74232, 75
2026/07/28 12:14:48.083, 304.39, 100, 74232, 75
2026/07/28 12:14:49.121, 304.10, 100, 74232, 75
2026/07/28 12:14:50.160, 304.47, 100, 74232, 74
2026/07/28 12:14:51.199, 298.32, 100, 74232, 74
2026/07/28 12:14:52.237, 303.78, 100, 74232, 75
2026/07/28 12:14:53.273, 305.01, 100, 74232, 75
2026/07/28 12:14:54.309, 304.82, 100, 74232, 75
2026/07/28 12:14:55.348, 306.15, 100, 74232, 75
2026/07/28 12:14:56.385, 305.25, 100, 74232, 75
2026/07/28 12:14:57.427, 293.64, 100, 74232, 74
2026/07/28 12:14:58.467, 296.65, 100, 74232, 74
2026/07/28 12:14:59.507, 297.91, 100, 74232, 74
2026/07/28 12:15:00.545, 297.93, 100, 74232, 74
2026/07/28 12:15:01.583, 297.91, 100, 74232, 74
2026/07/28 12:15:02.621, 298.27, 100, 74232, 74
2026/07/28 12:15:03.658, 296.73, 100, 74232, 74
2026/07/28 12:15:04.696, 298.27, 100, 74232, 74
2026/07/28 12:15:05.735, 298.10, 100, 74232, 74
2026/07/28 12:15:06.775, 297.31, 100, 74232, 74
2026/07/28 12:15:07.812, 304.52, 100, 74232, 75
2026/07/28 12:15:08.849, 304.38, 100, 74232, 75
2026/07/28 12:15:09.886, 304.98, 100, 74232, 75
2026/07/28 12:15:10.925, 303.23, 100, 74232, 74
2026/07/28 12:15:11.963, 297.23, 100, 74232, 74
2026/07/28 12:15:13.003, 298.01, 100, 74232, 74
2026/07/28 12:15:14.041, 293.15, 100, 74232, 74
2026/07/28 12:15:15.078, 295.10, 100, 74232, 74
2026/07/28 12:15:16.115, 296.08, 100, 74232, 74
2026/07/28 12:15:17.153, 300.34, 100, 74232, 74
2026/07/28 12:15:18.193, 303.12, 100, 74232, 74
2026/07/28 12:15:19.230, 304.39, 100, 74232, 74
2026/07/28 12:15:20.267, 302.40, 100, 74232, 74
2026/07/28 12:15:21.304, 302.55, 100, 74232, 74
2026/07/28 12:15:22.341, 304.01, 100, 74232, 74
2026/07/28 12:15:23.379, 302.66, 100, 74232, 74
2026/07/28 12:15:24.418, 303.44, 100, 74232, 74
2026/07/28 12:15:25.458, 303.05, 100, 74232, 74
2026/07/28 12:15:26.496, 302.38, 100, 74232, 74
2026/07/28 12:15:27.533, 305.42, 100, 74232, 74
2026/07/28 12:15:28.571, 301.97, 100, 74232, 73
2026/07/28 12:15:29.608, 303.71, 100, 74232, 73
2026/07/28 12:15:30.645, 294.24, 100, 74232, 73
2026/07/28 12:15:31.683, 294.14, 100, 74232, 73
2026/07/28 12:15:32.725, 295.18, 100, 74232, 73
2026/07/28 12:15:33.764, 291.42, 100, 74232, 73
2026/07/28 12:15:34.801, 293.56, 100, 74232, 73
2026/07/28 12:15:35.839, 295.39, 100, 74232, 73
2026/07/28 12:15:36.876, 294.42, 100, 74232, 73
2026/07/28 12:15:37.918, 293.34, 100, 74232, 73
2026/07/28 12:15:38.956, 293.37, 100, 74232, 73
2026/07/28 12:15:39.993, 294.04, 100, 74232, 73
2026/07/28 12:15:41.030, 294.80, 100, 74232, 72
2026/07/28 12:15:42.067, 289.58, 100, 74232, 72
2026/07/28 12:15:43.109, 301.33, 100, 74232, 72
2026/07/28 12:15:44.148, 300.54, 100, 74232, 72
2026/07/28 12:15:45.184, 302.20, 100, 74232, 72
2026/07/28 12:15:46.224, 301.11, 100, 74232, 72
2026/07/28 12:15:47.260, 297.52, 100, 74232, 72
2026/07/28 12:15:48.297, 302.65, 100, 74232, 72
2026/07/28 12:15:49.334, 301.76, 100, 74232, 72
2026/07/28 12:15:50.371, 301.38, 100, 74232, 72
2026/07/28 12:15:51.408, 301.80, 100, 74232, 72
2026/07/28 12:15:52.445, 300.73, 100, 74232, 72
2026/07/28 12:15:53.483, 300.27, 100, 74232, 72
2026/07/28 12:15:54.521, 300.64, 100, 74232, 72
2026/07/28 12:15:55.559, 299.36, 100, 74232, 72
2026/07/28 12:15:56.596, 300.14, 100, 74232, 72
2026/07/28 12:15:57.635, 300.33, 100, 74232, 72
2026/07/28 12:15:58.672, 299.65, 100, 74232, 72
2026/07/28 12:15:59.710, 299.77, 100, 74232, 71
2026/07/28 12:16:00.747, 299.95, 100, 74232, 71
2026/07/28 12:16:01.786, 303.05, 100, 74232, 71
2026/07/28 12:16:02.828, 298.01, 100, 74232, 71
2026/07/28 12:16:03.865, 298.04, 100, 74232, 71
2026/07/28 12:16:04.903, 296.09, 100, 74232, 73
2026/07/28 12:16:05.939, 290.19, 100, 74232, 73
2026/07/28 12:16:06.977, 288.37, 100, 74232, 73
2026/07/28 12:16:08.010, 286.93, 100, 74232, 73
2026/07/28 12:16:09.045, 292.16, 100, 74232, 73
2026/07/28 12:16:10.081, 311.18, 100, 74232, 73
2026/07/28 12:16:11.115, 306.91, 100, 74232, 71
2026/07/28 12:16:12.152, 298.10, 100, 74232, 71
2026/07/28 12:16:13.190, 306.67, 100, 74232, 71
2026/07/28 12:16:14.227, 300.42, 100, 74232, 71
2026/07/28 12:16:15.264, 301.41, 100, 74232, 71
2026/07/28 12:16:16.300, 295.79, 100, 74232, 71
2026/07/28 12:16:17.340, 305.86, 100, 74232, 71
2026/07/28 12:16:18.377, 303.05, 100, 74232, 71
2026/07/28 12:16:19.420, 299.38, 100, 74232, 71
2026/07/28 12:16:20.456, 299.30, 100, 74232, 71
2026/07/28 12:16:21.496, 297.93, 100, 74232, 71
2026/07/28 12:16:22.534, 307.02, 100, 74232, 72
2026/07/28 12:16:23.571, 309.39, 100, 74232, 72
2026/07/28 12:16:24.608, 300.14, 100, 74232, 72
2026/07/28 12:16:25.645, 299.08, 100, 74232, 72
2026/07/28 12:16:26.684, 301.69, 100, 74232, 72
2026/07/28 12:16:27.721, 304.39, 100, 74232, 72
2026/07/28 12:16:28.759, 309.63, 100, 74232, 72
2026/07/28 12:16:29.794, 300.24, 100, 74232, 72
2026/07/28 12:16:30.831, 298.21, 100, 74232, 72
2026/07/28 12:16:31.868, 302.47, 100, 74232, 72
2026/07/28 12:16:32.905, 301.11, 100, 74232, 73
2026/07/28 12:16:33.942, 301.41, 100, 74232, 73
2026/07/28 12:16:34.986, 299.21, 100, 74232, 73
2026/07/28 12:16:36.024, 295.87, 100, 74232, 73
2026/07/28 12:16:37.061, 293.75, 100, 74232, 73
2026/07/28 12:16:38.099, 293.36, 100, 74232, 73
2026/07/28 12:16:39.136, 293.15, 100, 74232, 73
2026/07/28 12:16:40.174, 292.88, 100, 74232, 73
2026/07/28 12:16:41.213, 296.37, 100, 74232, 73
2026/07/28 12:16:42.251, 293.55, 100, 74232, 73
2026/07/28 12:16:43.287, 297.62, 100, 74232, 73
2026/07/28 12:16:44.324, 301.42, 100, 74232, 73
2026/07/28 12:16:45.359, 294.80, 100, 74232, 73
2026/07/28 12:16:46.396, 295.96, 100, 74232, 73
2026/07/28 12:16:47.432, 296.08, 100, 74232, 73
2026/07/28 12:16:48.469, 302.89, 100, 74232, 73
2026/07/28 12:16:49.506, 301.41, 100, 74232, 73
2026/07/28 12:16:50.543, 303.36, 100, 74232, 73
2026/07/28 12:16:51.580, 302.66, 100, 74232, 73
2026/07/28 12:16:52.616, 300.83, 100, 74232, 73
2026/07/28 12:16:53.651, 301.79, 100, 74232, 74
2026/07/28 12:16:54.688, 303.73, 100, 74232, 74
2026/07/28 12:16:55.725, 302.94, 100, 74232, 74
2026/07/28 12:16:56.762, 299.45, 100, 74232, 74
2026/07/28 12:16:57.799, 302.11, 100, 74232, 74
2026/07/28 12:16:58.835, 302.59, 100, 74232, 74
2026/07/28 12:16:59.871, 303.19, 100, 74232, 74
2026/07/28 12:17:00.908, 303.74, 100, 74232, 74
2026/07/28 12:17:01.944, 304.05, 100, 74232, 74
2026/07/28 12:17:02.981, 303.86, 100, 74232, 74
2026/07/28 12:17:04.018, 305.36, 100, 74232, 74
2026/07/28 12:17:05.055, 303.73, 100, 74232, 74
2026/07/28 12:17:06.092, 302.79, 100, 74232, 74
2026/07/28 12:17:07.129, 303.05, 100, 74232, 74
2026/07/28 12:17:08.172, 297.33, 100, 74232, 74
2026/07/28 12:17:09.212, 297.04, 100, 74232, 74
2026/07/28 12:17:10.251, 299.27, 100, 74232, 74
2026/07/28 12:17:11.289, 303.15, 100, 74232, 74
2026/07/28 12:17:12.327, 303.05, 100, 74232, 74
2026/07/28 12:17:13.363, 296.84, 100, 74232, 74
2026/07/28 12:17:14.403, 292.30, 100, 74232, 74
2026/07/28 12:17:15.440, 293.53, 100, 74232, 74
2026/07/28 12:17:16.477, 296.84, 100, 74232, 74
2026/07/28 12:17:17.516, 301.77, 100, 74232, 74
2026/07/28 12:17:18.552, 304.14, 100, 74232, 74
2026/07/28 12:17:19.592, 305.86, 100, 74232, 74
2026/07/28 12:17:20.629, 298.10, 100, 74232, 74
2026/07/28 12:17:21.666, 296.58, 100, 74232, 74
2026/07/28 12:17:22.703, 297.13, 100, 74232, 74
2026/07/28 12:17:23.741, 303.25, 100, 74232, 74
2026/07/28 12:17:24.781, 298.20, 100, 74232, 74
2026/07/28 12:17:25.817, 296.75, 100, 74232, 74
2026/07/28 12:17:26.858, 302.98, 100, 74232, 74
2026/07/28 12:17:27.897, 298.23, 100, 74232, 74
2026/07/28 12:17:28.934, 295.78, 100, 74232, 74
2026/07/28 12:17:29.972, 301.98, 100, 74232, 74
2026/07/28 12:17:31.008, 304.88, 100, 74232, 74
2026/07/28 12:17:32.048, 300.92, 100, 74232, 74
2026/07/28 12:17:33.085, 304.19, 100, 74232, 74
2026/07/28 12:17:34.122, 306.16, 100, 74232, 74
2026/07/28 12:17:35.160, 304.65, 100, 74232, 74
2026/07/28 12:17:36.196, 296.08, 100, 74232, 74
2026/07/28 12:17:37.233, 293.16, 100, 74232, 74
2026/07/28 12:17:38.269, 297.35, 100, 74232, 74
2026/07/28 12:17:39.307, 295.99, 100, 74232, 74
2026/07/28 12:17:40.343, 295.20, 100, 74232, 74
2026/07/28 12:17:41.379, 297.14, 100, 74232, 74
2026/07/28 12:17:42.418, 296.19, 100, 74232, 74
2026/07/28 12:17:43.453, 300.75, 100, 74232, 74
2026/07/28 12:17:44.490, 299.46, 100, 74232, 74
2026/07/28 12:17:45.526, 295.88, 100, 74232, 74
2026/07/28 12:17:46.562, 296.67, 100, 74232, 74
2026/07/28 12:17:47.600, 305.04, 100, 74232, 74
2026/07/28 12:17:48.637, 297.62, 100, 74232, 74
2026/07/28 12:17:49.679, 303.63, 100, 74232, 74
2026/07/28 12:17:50.716, 298.75, 100, 74232, 76
2026/07/28 12:17:51.750, 281.43, 100, 74232, 76
2026/07/28 12:17:52.786, 314.81, 100, 74232, 76
2026/07/28 12:17:53.820, 307.82, 100, 74232, 76
2026/07/28 12:17:54.857, 258.02, 100, 74232, 76
2026/07/28 12:17:55.890, 281.14, 100, 74232, 76
2026/07/28 12:17:56.925, 305.86, 100, 74232, 75
2026/07/28 12:17:57.963, 291.68, 100, 74232, 74
2026/07/28 12:17:59.001, 290.06, 100, 74232, 74
2026/07/28 12:18:00.039, 292.49, 100, 74232, 74
2026/07/28 12:18:01.077, 294.58, 5, 74232, 75
2026/07/28 12:18:02.114, 305.39, 100, 74232, 76
2026/07/28 12:18:03.148, 301.21, 100, 74232, 76
2026/07/28 12:18:04.184, 300.54, 100, 74232, 76
2026/07/28 12:18:05.219, 271.99, 100, 74232, 76
2026/07/28 12:18:06.255, 323.91, 100, 74232, 76
2026/07/28 12:18:07.289, 320.58, 100, 74232, 76
2026/07/28 12:18:08.327, 297.72, 100, 74232, 75
2026/07/28 12:18:09.366, 304.59, 100, 74232, 74
2026/07/28 12:18:10.402, 298.02, 100, 74232, 74
2026/07/28 12:18:11.440, 298.03, 100, 74232, 75
2026/07/28 12:18:12.476, 303.02, 89, 74232, 76
2026/07/28 12:18:13.514, 295.59, 100, 74232, 76
2026/07/28 12:18:14.549, 301.81, 100, 74232, 76
2026/07/28 12:18:15.583, 305.19, 100, 74232, 76
2026/07/28 12:18:16.621, 291.53, 100, 74232, 76
2026/07/28 12:18:17.655, 294.80, 100, 74232, 76
2026/07/28 12:18:18.689, 275.45, 100, 74232, 76
2026/07/28 12:18:19.726, 303.44, 100, 74232, 75
2026/07/28 12:18:20.763, 298.42, 100, 74232, 75
2026/07/28 12:18:21.800, 299.67, 100, 74232, 75
2026/07/28 12:18:22.838, 297.83, 100, 74232, 75
2026/07/28 12:18:23.875, 304.44, 100, 74232, 75
2026/07/28 12:18:24.915, 298.00, 100, 74232, 75
2026/07/28 12:18:25.952, 292.40, 100, 74232, 75
2026/07/28 12:18:26.991, 296.47, 100, 74232, 75
2026/07/28 12:18:28.028, 299.21, 100, 74232, 75
2026/07/28 12:18:29.064, 298.10, 100, 74232, 75
2026/07/28 12:18:30.100, 300.41, 100, 74232, 75
2026/07/28 12:18:31.136, 299.34, 100, 74232, 75
2026/07/28 12:18:32.174, 299.18, 100, 74232, 75
2026/07/28 12:18:33.211, 296.39, 100, 74232, 75
2026/07/28 12:18:34.253, 297.81, 100, 74232, 75
2026/07/28 12:18:35.290, 296.37, 100, 74232, 75
2026/07/28 12:18:36.330, 298.41, 100, 74232, 75
2026/07/28 12:18:37.367, 299.27, 100, 74232, 75
2026/07/28 12:18:38.405, 300.95, 100, 74232, 75
2026/07/28 12:18:39.446, 304.88, 100, 74232, 75
2026/07/28 12:18:40.483, 295.40, 100, 74232, 75
2026/07/28 12:18:41.519, 298.51, 100, 74232, 75
2026/07/28 12:18:42.556, 298.02, 100, 74232, 75
2026/07/28 12:18:43.595, 296.75, 100, 74232, 75
2026/07/28 12:18:44.632, 297.24, 100, 74232, 75
2026/07/28 12:18:45.669, 297.72, 100, 74232, 75
2026/07/28 12:18:46.706, 295.99, 100, 74232, 75
2026/07/28 12:18:47.743, 301.30, 100, 74232, 75
2026/07/28 12:18:48.781, 296.86, 100, 74232, 75
2026/07/28 12:18:49.820, 298.00, 100, 74232, 75
2026/07/28 12:18:50.856, 300.81, 100, 74232, 75
2026/07/28 12:18:51.893, 305.87, 100, 74232, 75
2026/07/28 12:18:52.929, 303.03, 100, 74232, 75
2026/07/28 12:18:53.965, 298.39, 100, 74232, 75
2026/07/28 12:18:55.004, 297.24, 100, 74232, 75
2026/07/28 12:18:56.041, 300.52, 100, 74232, 75
2026/07/28 12:18:57.086, 306.80, 100, 74232, 75
2026/07/28 12:18:58.123, 298.19, 100, 74232, 75
2026/07/28 12:18:59.159, 297.13, 100, 74232, 75
2026/07/28 12:19:00.198, 299.28, 100, 74232, 75
2026/07/28 12:19:01.234, 306.72, 100, 74232, 75
2026/07/28 12:19:02.272, 301.78, 100, 74232, 75
2026/07/28 12:19:03.308, 299.57, 100, 74232, 75
2026/07/28 12:19:04.345, 295.19, 100, 74232, 75
2026/07/28 12:19:05.381, 295.97, 100, 74232, 75
2026/07/28 12:19:06.418, 297.23, 100, 74232, 75
2026/07/28 12:19:07.455, 295.67, 100, 74232, 75
2026/07/28 12:19:08.492, 297.70, 100, 74232, 75
2026/07/28 12:19:09.529, 297.71, 100, 74232, 75
2026/07/28 12:19:10.567, 298.41, 100, 74232, 75
2026/07/28 12:19:11.604, 296.84, 100, 74232, 75
2026/07/28 12:19:12.640, 298.51, 100, 74232, 75
2026/07/28 12:19:13.677, 296.25, 100, 74232, 75
2026/07/28 12:19:14.714, 296.85, 100, 74232, 75
2026/07/28 12:19:15.751, 298.48, 100, 74232, 75
2026/07/28 12:19:16.789, 297.24, 100, 74232, 75
2026/07/28 12:19:17.826, 298.01, 100, 74232, 75
2026/07/28 12:19:18.862, 297.63, 100, 74232, 75
2026/07/28 12:19:19.899, 298.02, 100, 74232, 75
2026/07/28 12:19:20.936, 298.19, 100, 74232, 75
2026/07/28 12:19:21.975, 297.26, 100, 74232, 75
2026/07/28 12:19:23.012, 297.11, 100, 74232, 75
2026/07/28 12:19:24.048, 297.62, 100, 74232, 75
2026/07/28 12:19:25.084, 296.93, 100, 74232, 75
2026/07/28 12:19:26.123, 297.62, 100, 74232, 75
2026/07/28 12:19:27.159, 299.58, 100, 74232, 75
2026/07/28 12:19:28.196, 297.52, 100, 74232, 75
2026/07/28 12:19:29.234, 296.36, 100, 74232, 75
2026/07/28 12:19:30.270, 297.73, 100, 74232, 75
2026/07/28 12:19:31.312, 298.88, 100, 74232, 75
2026/07/28 12:19:32.349, 298.10, 100, 74232, 75
2026/07/28 12:19:33.385, 299.07, 100, 74232, 75
2026/07/28 12:19:34.427, 297.80, 100, 74232, 75
2026/07/28 12:19:35.463, 297.52, 100, 74232, 75
2026/07/28 12:19:36.501, 299.95, 100, 74232, 75
2026/07/28 12:19:37.538, 298.20, 100, 74232, 75
2026/07/28 12:19:38.574, 296.86, 100, 74232, 75
2026/07/28 12:19:39.611, 298.10, 100, 74232, 75
2026/07/28 12:19:40.647, 296.77, 100, 74232, 75
2026/07/28 12:19:41.684, 298.58, 100, 74232, 75
2026/07/28 12:19:42.720, 297.02, 100, 74232, 75
2026/07/28 12:19:43.757, 298.20, 100, 74232, 75
2026/07/28 12:19:44.795, 297.71, 100, 74232, 75
2026/07/28 12:19:45.832, 315.63, 94, 74232, 76
2026/07/28 12:19:46.867, 302.92, 100, 74232, 77
2026/07/28 12:19:47.902, 296.18, 100, 74232, 76
2026/07/28 12:19:48.938, 292.86, 100, 74232, 76
2026/07/28 12:19:49.972, 297.32, 100, 74232, 76
2026/07/28 12:19:51.007, 283.86, 100, 74232, 76
2026/07/28 12:19:52.042, 297.42, 100, 74232, 74
2026/07/28 12:19:53.078, 298.49, 100, 74232, 74
2026/07/28 12:19:54.115, 301.39, 100, 74232, 74
2026/07/28 12:19:55.152, 294.90, 100, 74232, 74
2026/07/28 12:19:56.188, 295.96, 100, 74232, 74
2026/07/28 12:19:57.226, 296.26, 100, 74232, 74
2026/07/28 12:19:58.262, 292.68, 100, 74232, 73
2026/07/28 12:19:59.299, 296.37, 100, 74232, 73
2026/07/28 12:20:00.335, 296.75, 100, 74232, 73
2026/07/28 12:20:01.373, 297.81, 100, 74232, 73
2026/07/28 12:20:02.412, 296.18, 100, 74232, 73
2026/07/28 12:20:03.449, 296.76, 100, 74232, 73
2026/07/28 12:20:04.486, 298.31, 100, 74232, 73
2026/07/28 12:20:05.526, 102.03, 57, 74232, 71
2026/07/28 12:20:06.557, 298.98, 100, 74232, 75
2026/07/28 12:20:07.592, 293.21, 100, 74232, 75
2026/07/28 12:20:08.625, 300.13, 100, 74232, 75
2026/07/28 12:20:09.658, 297.33, 100, 74232, 75
2026/07/28 12:20:10.691, 307.67, 100, 74232, 75
2026/07/28 12:20:11.725, 296.67, 100, 74232, 73
2026/07/28 12:20:12.768, 296.35, 100, 74232, 73
2026/07/28 12:20:13.805, 299.17, 100, 74232, 73
2026/07/28 12:20:14.841, 292.89, 100, 74232, 73
2026/07/28 12:20:15.878, 284.70, 100, 74232, 75
2026/07/28 12:20:16.914, 303.27, 100, 74232, 75
2026/07/28 12:20:17.949, 291.78, 100, 74232, 75
2026/07/28 12:20:18.983, 285.28, 100, 74232, 76
2026/07/28 12:20:20.017, 282.37, 100, 74232, 75
2026/07/28 12:20:21.051, 295.31, 100, 74232, 76
2026/07/28 12:20:22.087, 283.64, 100, 74232, 74
2026/07/28 12:20:23.125, 289.37, 100, 74232, 74
2026/07/28 12:20:24.161, 296.05, 100, 74232, 74
2026/07/28 12:20:25.200, 289.06, 100, 74232, 74
2026/07/28 12:20:26.236, 289.57, 100, 74232, 74
2026/07/28 12:20:27.275, 289.76, 100, 74232, 74
2026/07/28 12:20:28.313, 295.32, 100, 74232, 74
2026/07/28 12:20:29.349, 286.83, 100, 74232, 74
2026/07/28 12:20:30.386, 297.62, 100, 74232, 74
2026/07/28 12:20:31.423, 301.72, 100, 74232, 75
2026/07/28 12:20:32.460, 101.67, 0, 74232, 75
2026/07/28 12:20:33.496, 293.07, 100, 74232, 76
2026/07/28 12:20:34.531, 304.96, 100, 74232, 76
2026/07/28 12:20:35.568, 293.15, 100, 74232, 76
2026/07/28 12:20:36.602, 288.99, 100, 74232, 76
2026/07/28 12:20:37.635, 318.18, 100, 74232, 76
2026/07/28 12:20:38.671, 296.55, 100, 74232, 75
2026/07/28 12:20:39.711, 291.72, 100, 74232, 74
2026/07/28 12:20:40.748, 291.61, 100, 74232, 74
2026/07/28 12:20:41.787, 295.10, 100, 74232, 74
2026/07/28 12:20:42.825, 290.35, 100, 74232, 75
2026/07/28 12:20:43.861, 290.24, 100, 74232, 75
2026/07/28 12:20:44.898, 102.79, 0, 74232, 72
2026/07/28 12:20:45.930, 301.74, 100, 74232, 76
2026/07/28 12:20:46.963, 295.70, 100, 74232, 76
2026/07/28 12:20:47.999, 286.22, 100, 74232, 76
2026/07/28 12:20:49.032, 304.47, 100, 74232, 76
2026/07/28 12:20:50.067, 284.30, 100, 74232, 77
2026/07/28 12:20:51.101, 299.98, 100, 74232, 76
2026/07/28 12:20:52.142, 301.90, 100, 74232, 75
2026/07/28 12:20:53.179, 299.48, 100, 74232, 75
2026/07/28 12:20:54.215, 298.77, 100, 74232, 75
2026/07/28 12:20:55.252, 298.86, 100, 74232, 75
2026/07/28 12:20:56.292, 293.73, 100, 74232, 75
2026/07/28 12:20:57.330, 298.89, 100, 74232, 75
2026/07/28 12:20:58.366, 299.37, 100, 74232, 75
2026/07/28 12:20:59.405, 299.26, 100, 74232, 75
2026/07/28 12:21:00.442, 299.60, 100, 74232, 75
2026/07/28 12:21:01.478, 301.60, 100, 74232, 75
2026/07/28 12:21:02.515, 299.49, 100, 74232, 75
2026/07/28 12:21:03.552, 300.82, 100, 74232, 75
2026/07/28 12:21:04.590, 298.98, 100, 74232, 75
2026/07/28 12:21:05.627, 298.69, 100, 74232, 75
2026/07/28 12:21:06.667, 301.81, 100, 74232, 75
2026/07/28 12:21:07.704, 299.28, 100, 74232, 75
2026/07/28 12:21:08.741, 300.03, 100, 74232, 75
2026/07/28 12:21:09.777, 300.42, 100, 74232, 75
2026/07/28 12:21:10.814, 298.51, 100, 74232, 75
2026/07/28 12:21:11.851, 299.69, 100, 74232, 75
2026/07/28 12:21:12.887, 298.69, 100, 74232, 75
2026/07/28 12:21:13.925, 301.88, 100, 74232, 75
2026/07/28 12:21:14.962, 296.77, 100, 74232, 75
2026/07/28 12:21:16.001, 299.67, 100, 74232, 75
2026/07/28 12:21:17.038, 298.81, 100, 74232, 75
2026/07/28 12:21:18.074, 299.18, 100, 74232, 75
2026/07/28 12:21:19.111, 299.20, 100, 74232, 75
2026/07/28 12:21:20.148, 299.37, 100, 74232, 75
2026/07/28 12:21:21.184, 300.08, 100, 74232, 75
2026/07/28 12:21:22.222, 298.21, 100, 74232, 75
2026/07/28 12:21:23.258, 300.06, 100, 74232, 75
2026/07/28 12:21:24.297, 298.98, 100, 74232, 75
2026/07/28 12:21:25.333, 299.45, 100, 74232, 75
2026/07/28 12:21:26.369, 298.29, 100, 74232, 75
2026/07/28 12:21:27.406, 299.06, 100, 74232, 75
2026/07/28 12:21:28.443, 299.05, 100, 74232, 75
2026/07/28 12:21:29.480, 299.35, 100, 74232, 75
2026/07/28 12:21:30.517, 298.19, 100, 74232, 75
2026/07/28 12:21:31.554, 298.40, 100, 74232, 75
2026/07/28 12:21:32.591, 298.31, 100, 74232, 75
2026/07/28 12:21:33.627, 298.30, 100, 74232, 75
2026/07/28 12:21:34.663, 299.05, 100, 74232, 75
2026/07/28 12:21:35.701, 297.71, 100, 74232, 75
2026/07/28 12:21:36.737, 297.92, 100, 74232, 75
2026/07/28 12:21:37.774, 298.03, 100, 74232, 75
2026/07/28 12:21:38.811, 298.89, 100, 74232, 75
2026/07/28 12:21:39.847, 300.15, 100, 74232, 75
2026/07/28 12:21:40.884, 297.92, 100, 74232, 75
2026/07/28 12:21:41.921, 299.66, 100, 74232, 75
2026/07/28 12:21:42.962, 298.21, 100, 74232, 75
2026/07/28 12:21:43.999, 298.09, 100, 74232, 75
2026/07/28 12:21:45.036, 298.69, 100, 74232, 75
2026/07/28 12:21:46.073, 298.21, 100, 74232, 75
2026/07/28 12:21:47.109, 301.11, 100, 74232, 75
2026/07/28 12:21:48.146, 297.54, 100, 74232, 75
2026/07/28 12:21:49.182, 298.51, 100, 74232, 75
2026/07/28 12:21:50.219, 298.67, 100, 74232, 75
2026/07/28 12:21:51.257, 299.85, 100, 74232, 75
2026/07/28 12:21:52.293, 298.57, 100, 74232, 75
2026/07/28 12:21:53.330, 298.89, 100, 74232, 75
2026/07/28 12:21:54.367, 298.39, 100, 74232, 75
2026/07/28 12:21:55.404, 294.83, 100, 74232, 75
2026/07/28 12:21:56.440, 299.15, 100, 74232, 75
2026/07/28 12:21:57.479, 295.02, 100, 74232, 75
2026/07/28 12:21:58.515, 294.95, 100, 74232, 76
2026/07/28 12:21:59.549, 291.61, 100, 74232, 76
2026/07/28 12:22:00.583, 285.02, 100, 74232, 76
2026/07/28 12:22:01.617, 281.72, 100, 74232, 76
2026/07/28 12:22:02.656, 303.86, 100, 74232, 76
2026/07/28 12:22:03.691, 271.87, 100, 74232, 76
2026/07/28 12:22:04.725, 290.77, 100, 74232, 76
2026/07/28 12:22:05.761, 304.57, 100, 74232, 74
2026/07/28 12:22:06.799, 289.38, 100, 74232, 74
2026/07/28 12:22:07.836, 294.14, 100, 74232, 73
2026/07/28 12:22:08.875, 292.29, 100, 74232, 73
2026/07/28 12:22:09.913, 297.52, 100, 74232, 73
2026/07/28 12:22:10.949, 295.59, 100, 74232, 73
2026/07/28 12:22:11.987, 295.68, 100, 74232, 73
2026/07/28 12:22:13.023, 296.08, 100, 74232, 73
2026/07/28 12:22:14.060, 294.81, 100, 74232, 73
2026/07/28 12:22:15.097, 296.35, 100, 74232, 73
2026/07/28 12:22:16.134, 295.21, 100, 74232, 73
2026/07/28 12:22:17.170, 296.77, 100, 74232, 73
2026/07/28 12:22:18.208, 107.60, 72, 74232, 75
2026/07/28 12:22:19.242, 305.42, 100, 74232, 75
2026/07/28 12:22:20.275, 290.36, 100, 74232, 75
2026/07/28 12:22:21.311, 288.02, 100, 74232, 75
2026/07/28 12:22:22.345, 320.05, 100, 74232, 75
2026/07/28 12:22:23.379, 291.99, 100, 74232, 75
2026/07/28 12:22:24.413, 318.45, 100, 74232, 75
2026/07/28 12:22:25.453, 290.45, 100, 74232, 73
2026/07/28 12:22:26.491, 294.24, 100, 74232, 73
2026/07/28 12:22:27.528, 302.00, 100, 74232, 73
2026/07/28 12:22:28.564, 295.13, 100, 74232, 73
2026/07/28 12:22:29.601, 295.10, 100, 74232, 73
2026/07/28 12:22:30.637, 294.92, 100, 74232, 73
2026/07/28 12:22:31.678, 290.76, 100, 74232, 73
2026/07/28 12:22:32.715, 291.91, 100, 74232, 73
2026/07/28 12:22:33.751, 295.89, 100, 74232, 73
2026/07/28 12:22:34.790, 99.49, 0, 74232, 70
2026/07/28 12:22:35.822, 300.99, 100, 74232, 73
2026/07/28 12:22:36.859, 296.54, 100, 74232, 73
2026/07/28 12:22:37.896, 303.04, 100, 74232, 73
2026/07/28 12:22:38.933, 300.92, 100, 74232, 73
2026/07/28 12:22:39.970, 304.81, 100, 74232, 73
2026/07/28 12:22:41.008, 303.55, 100, 74232, 73
2026/07/28 12:22:42.045, 291.72, 100, 74232, 73
2026/07/28 12:22:43.083, 304.20, 100, 74232, 73
2026/07/28 12:22:44.119, 302.47, 100, 74232, 73
2026/07/28 12:22:45.156, 302.65, 100, 74232, 73
2026/07/28 12:22:46.193, 303.15, 100, 74232, 73
2026/07/28 12:22:47.229, 303.86, 100, 74232, 73
2026/07/28 12:22:48.264, 302.35, 100, 74232, 74
2026/07/28 12:22:49.299, 302.84, 100, 74232, 74
2026/07/28 12:22:50.336, 302.84, 100, 74232, 74
2026/07/28 12:22:51.376, 298.65, 100, 74232, 74
2026/07/28 12:22:52.413, 298.68, 100, 74232, 74
2026/07/28 12:22:53.453, 291.41, 100, 74232, 74
2026/07/28 12:22:54.489, 295.38, 100, 74232, 74
2026/07/28 12:22:55.525, 295.51, 100, 74232, 74
2026/07/28 12:22:56.561, 296.67, 100, 74232, 74
2026/07/28 12:22:57.596, 298.69, 100, 74232, 74
2026/07/28 12:22:58.633, 295.59, 100, 74232, 74
2026/07/28 12:22:59.670, 303.92, 100, 74232, 74
2026/07/28 12:23:00.706, 304.59, 100, 74232, 74
2026/07/28 12:23:01.742, 296.26, 100, 74232, 74
2026/07/28 12:23:02.778, 300.95, 100, 74232, 74
2026/07/28 12:23:03.813, 296.57, 100, 74232, 74
2026/07/28 12:23:04.850, 292.77, 100, 74232, 74
2026/07/28 12:23:05.887, 295.29, 100, 74232, 74
2026/07/28 12:23:06.923, 297.05, 100, 74232, 74
2026/07/28 12:23:07.960, 288.89, 100, 74232, 74
2026/07/28 12:23:08.996, 290.83, 100, 74232, 74
2026/07/28 12:23:10.034, 297.15, 100, 74232, 74
2026/07/28 12:23:11.071, 297.01, 100, 74232, 74
2026/07/28 12:23:12.108, 297.51, 100, 74232, 74
2026/07/28 12:23:13.144, 298.00, 100, 74232, 74
2026/07/28 12:23:14.181, 297.41, 100, 74232, 74
2026/07/28 12:23:15.218, 298.04, 100, 74232, 74
2026/07/28 12:23:16.255, 295.98, 100, 74232, 75
2026/07/28 12:23:17.296, 300.06, 100, 74232, 75
2026/07/28 12:23:18.334, 298.02, 100, 74232, 75
2026/07/28 12:23:19.371, 299.67, 100, 74232, 74
2026/07/28 12:23:20.408, 297.04, 100, 74232, 75
2026/07/28 12:23:21.445, 299.67, 100, 74232, 75
2026/07/28 12:23:22.481, 303.59, 100, 74232, 75
2026/07/28 12:23:23.519, 298.26, 100, 74232, 75
2026/07/28 12:23:24.562, 298.86, 100, 74232, 75
2026/07/28 12:23:25.601, 293.26, 100, 74232, 75
2026/07/28 12:23:26.639, 299.76, 100, 74232, 75
2026/07/28 12:23:27.677, 293.84, 100, 74232, 75
2026/07/28 12:23:28.715, 297.13, 100, 74232, 75
2026/07/28 12:23:29.752, 306.16, 100, 74232, 75
2026/07/28 12:23:30.790, 306.28, 100, 74232, 75
2026/07/28 12:23:31.826, 297.34, 100, 74232, 75
2026/07/28 12:23:32.862, 298.31, 100, 74232, 75
2026/07/28 12:23:33.899, 297.13, 100, 74232, 75
2026/07/28 12:23:34.937, 296.07, 100, 74232, 75
2026/07/28 12:23:35.974, 297.62, 100, 74232, 75
2026/07/28 12:23:37.013, 299.55, 100, 74232, 75
2026/07/28 12:23:38.051, 297.99, 100, 74232, 75
2026/07/28 12:23:39.090, 294.02, 100, 74232, 75
2026/07/28 12:23:40.126, 298.02, 100, 74232, 75
2026/07/28 12:23:41.164, 297.12, 100, 74232, 75
2026/07/28 12:23:42.201, 304.40, 100, 74232, 75
2026/07/28 12:23:43.241, 295.69, 100, 74232, 75
2026/07/28 12:23:44.279, 296.63, 100, 74232, 75
2026/07/28 12:23:45.316, 297.05, 100, 74232, 75
2026/07/28 12:23:46.357, 301.02, 100, 74232, 75
2026/07/28 12:23:47.397, 299.26, 100, 74232, 76
2026/07/28 12:23:48.431, 298.50, 100, 74232, 76
2026/07/28 12:23:49.466, 294.61, 100, 74232, 76
2026/07/28 12:23:50.505, 306.85, 100, 74232, 76
2026/07/28 12:23:51.541, 299.03, 100, 74232, 76
2026/07/28 12:23:52.576, 329.59, 100, 74232, 76
2026/07/28 12:23:53.612, 305.17, 100, 74232, 75
2026/07/28 12:23:54.650, 304.78, 100, 74232, 75
2026/07/28 12:23:55.686, 301.77, 100, 74232, 75
2026/07/28 12:23:56.723, 303.03, 100, 74232, 75
2026/07/28 12:23:57.760, 107.24, 100, 74232, 72
2026/07/28 12:23:58.795, 303.36, 100, 74232, 76
2026/07/28 12:23:59.831, 304.44, 100, 74232, 76
2026/07/28 12:24:00.866, 292.57, 100, 74232, 76
2026/07/28 12:24:01.901, 297.32, 100, 74232, 76
2026/07/28 12:24:02.938, 283.65, 100, 74232, 76
2026/07/28 12:24:03.977, 282.16, 100, 74232, 76
2026/07/28 12:24:05.013, 302.07, 100, 74232, 75
2026/07/28 12:24:06.051, 306.22, 100, 74232, 75
2026/07/28 12:24:07.088, 104.99, 100, 74232, 74
2026/07/28 12:24:08.132, 290.52, 100, 74232, 77
2026/07/28 12:24:09.168, 295.69, 100, 74232, 77
2026/07/28 12:24:10.203, 283.14, 100, 74232, 77
2026/07/28 12:24:11.239, 303.72, 100, 74232, 77
2026/07/28 12:24:12.275, 282.64, 100, 74232, 77
2026/07/28 12:24:13.312, 305.17, 100, 74232, 77
2026/07/28 12:24:14.347, 306.63, 100, 74232, 76
2026/07/28 12:24:15.385, 299.17, 100, 74232, 75
2026/07/28 12:24:16.422, 299.69, 100, 74232, 75
2026/07/28 12:24:17.458, 101.13, 94, 74232, 74
2026/07/28 12:24:18.490, 300.15, 100, 74232, 77
2026/07/28 12:24:19.524, 306.19, 100, 74232, 77
2026/07/28 12:24:20.557, 295.07, 100, 74232, 77
2026/07/28 12:24:21.593, 289.48, 100, 74232, 77
2026/07/28 12:24:22.629, 321.59, 100, 74232, 77
2026/07/28 12:24:23.663, 263.65, 100, 74232, 77
2026/07/28 12:24:24.703, 328.93, 100, 74232, 77
2026/07/28 12:24:25.742, 300.73, 100, 74232, 76
2026/07/28 12:24:26.778, 300.53, 100, 74232, 76
2026/07/28 12:24:27.816, 300.15, 100, 74232, 76
2026/07/28 12:24:28.852, 299.25, 100, 74232, 76
2026/07/28 12:24:29.891, 301.78, 100, 74232, 76
2026/07/28 12:24:30.929, 303.14, 100, 74232, 76
2026/07/28 12:24:31.968, 301.20, 100, 74232, 76
2026/07/28 12:24:33.005, 301.83, 100, 74232, 78
2026/07/28 12:24:34.041, 303.84, 100, 74232, 78
2026/07/28 12:24:35.076, 300.25, 100, 74232, 78
2026/07/28 12:24:36.111, 313.04, 100, 74232, 78
2026/07/28 12:24:37.145, 295.67, 100, 74232, 77
2026/07/28 12:24:38.181, 299.94, 100, 74232, 77
2026/07/28 12:24:39.216, 313.98, 100, 74232, 78
2026/07/28 12:24:40.251, 299.17, 100, 74232, 76
2026/07/28 12:24:41.291, 300.62, 100, 74232, 76
2026/07/28 12:24:42.330, 300.51, 100, 74232, 76
2026/07/28 12:24:43.368, 300.04, 100, 74232, 76
2026/07/28 12:24:44.408, 301.11, 100, 74232, 76
2026/07/28 12:24:45.446, 300.41, 100, 74232, 76
2026/07/28 12:24:46.485, 298.87, 100, 74232, 76
2026/07/28 12:24:47.528, 297.15, 100, 74232, 76
2026/07/28 12:24:48.569, 297.52, 100, 74232, 76
2026/07/28 12:24:49.607, 297.24, 100, 74232, 76
2026/07/28 12:24:50.648, 293.29, 100, 74232, 76
2026/07/28 12:24:51.686, 297.26, 100, 74232, 76
2026/07/28 12:24:52.723, 301.04, 100, 74232, 76
2026/07/28 12:24:53.761, 296.95, 100, 74232, 76
2026/07/28 12:24:54.797, 301.43, 100, 74232, 76
2026/07/28 12:24:55.835, 299.85, 100, 74232, 76
2026/07/28 12:24:56.872, 299.84, 100, 74232, 76
2026/07/28 12:24:57.909, 103.29, 0, 74232, 72
2026/07/28 12:24:58.941, 102.47, 0, 74232, 72
2026/07/28 12:24:59.972, 101.57, 0, 74232, 71
2026/07/28 12:25:01.005, 100.53, 0, 74232, 70
2026/07/28 12:25:02.036, 99.88, 0, 74232, 70
2026/07/28 12:25:03.068, 98.33, 0, 74232, 69
2026/07/28 12:25:04.100, 98.18, 0, 74232, 69
2026/07/28 12:25:05.131, 97.50, 0, 74232, 69
2026/07/28 12:25:06.162, 97.01, 0, 74232, 68
2026/07/28 12:25:07.194, 96.13, 0, 74232, 68
2026/07/28 12:25:08.225, 95.90, 0, 74232, 67
2026/07/28 12:25:09.255, 94.46, 0, 74232, 67
2026/07/28 12:25:10.285, 93.92, 0, 74232, 67
2026/07/28 12:25:11.315, 95.20, 0, 74232, 66
2026/07/28 12:25:12.344, 93.24, 0, 74232, 66
2026/07/28 12:25:13.374, 93.97, 0, 74232, 66
2026/07/28 12:25:14.436, 93.43, 0, 74232, 65
2026/07/28 12:25:15.466, 92.89, 0, 74232, 65
2026/07/28 12:25:16.498, 92.54, 0, 74232, 65
2026/07/28 12:25:17.528, 91.43, 0, 74232, 65
2026/07/28 12:25:18.559, 92.00, 0, 74232, 64
2026/07/28 12:25:19.590, 91.74, 0, 74232, 64
2026/07/28 12:25:20.624, 90.19, 0, 74232, 64
2026/07/28 12:25:21.654, 90.38, 0, 74232, 63
2026/07/28 12:25:22.684, 90.83, 0, 74232, 63
2026/07/28 12:25:23.713, 89.94, 0, 74232, 63
2026/07/28 12:25:24.742, 90.26, 0, 74232, 63
2026/07/28 12:25:25.774, 89.35, 0, 74232, 63
2026/07/28 12:25:26.805, 88.64, 0, 74232, 62
2026/07/28 12:25:27.835, 86.71, 0, 74232, 62
2026/07/28 12:25:28.865, 87.20, 0, 74232, 62
2026/07/28 12:25:29.895, 86.83, 0, 74232, 61
2026/07/28 12:25:30.929, 87.18, 0, 74232, 61
2026/07/28 12:25:31.961, 290.55, 100, 74232, 66
2026/07/28 12:25:32.995, 291.90, 100, 74232, 67
2026/07/28 12:25:34.029, 293.75, 100, 74232, 67
2026/07/28 12:25:35.065, 296.20, 100, 74232, 67
2026/07/28 12:25:36.100, 269.65, 100, 74232, 66
2026/07/28 12:25:37.146, 296.07, 100, 74232, 66
2026/07/28 12:25:38.190, 296.17, 100, 74232, 67
2026/07/28 12:25:39.225, 294.20, 100, 74232, 67
2026/07/28 12:25:40.261, 294.71, 100, 74232, 67
2026/07/28 12:25:41.298, 298.00, 100, 74232, 67
2026/07/28 12:25:42.334, 295.95, 100, 74232, 69
2026/07/28 12:25:43.433, 302.18, 100, 74232, 70
2026/07/28 12:25:44.469, 290.70, 100, 74232, 70
2026/07/28 12:25:45.505, 304.24, 100, 74232, 70
2026/07/28 12:25:46.540, 245.13, 100, 74232, 69
2026/07/28 12:25:47.581, 284.81, 100, 74232, 68
2026/07/28 12:25:48.619, 287.05, 100, 74232, 69
2026/07/28 12:25:49.656, 289.58, 100, 74232, 69
2026/07/28 12:25:50.699, 288.88, 100, 74232, 69
2026/07/28 12:25:51.738, 288.42, 100, 74232, 71
2026/07/28 12:25:52.774, 301.87, 100, 74232, 71
2026/07/28 12:25:53.811, 318.82, 100, 74232, 72
2026/07/28 12:25:54.851, 311.44, 100, 74232, 72
2026/07/28 12:25:55.887, 299.57, 100, 74232, 70
2026/07/28 12:25:56.925, 298.60, 100, 74232, 70
2026/07/28 12:25:57.963, 299.40, 100, 74232, 70
2026/07/28 12:25:59.001, 299.40, 100, 74232, 71
2026/07/28 12:26:00.038, 297.62, 100, 74232, 73
2026/07/28 12:26:01.076, 300.05, 100, 74232, 73
2026/07/28 12:26:02.110, 298.31, 100, 74232, 73
2026/07/28 12:26:03.147, 291.32, 100, 74232, 73
2026/07/28 12:26:04.183, 296.64, 100, 74232, 73
2026/07/28 12:26:05.224, 303.43, 100, 74232, 71
2026/07/28 12:26:06.262, 301.95, 100, 74232, 71
2026/07/28 12:26:07.298, 291.14, 100, 74232, 72
2026/07/28 12:26:08.337, 295.20, 100, 74232, 72
2026/07/28 12:26:09.375, 295.19, 100, 74232, 72
2026/07/28 12:26:10.412, 295.02, 100, 74232, 72
2026/07/28 12:26:11.450, 295.60, 100, 74232, 72
2026/07/28 12:26:12.487, 291.73, 100, 74232, 72
2026/07/28 12:26:13.525, 298.90, 100, 74232, 72
2026/07/28 12:26:14.562, 303.92, 100, 74232, 72
2026/07/28 12:26:15.602, 301.67, 100, 74232, 73
2026/07/28 12:26:16.641, 303.75, 100, 74232, 73
2026/07/28 12:26:17.678, 303.14, 100, 74232, 73
2026/07/28 12:26:18.715, 304.36, 100, 74232, 73
2026/07/28 12:26:19.752, 303.52, 100, 74232, 73
2026/07/28 12:26:20.789, 303.59, 100, 74232, 73
2026/07/28 12:26:21.827, 304.03, 100, 74232, 73
2026/07/28 12:26:22.863, 297.60, 100, 74232, 73
2026/07/28 12:26:23.900, 291.99, 100, 74232, 73
2026/07/28 12:26:24.938, 296.56, 100, 74232, 73
2026/07/28 12:26:25.975, 293.06, 100, 74232, 73
2026/07/28 12:26:27.012, 297.24, 100, 74232, 73
2026/07/28 12:26:28.050, 297.22, 100, 74232, 73
2026/07/28 12:26:29.089, 297.53, 100, 74232, 75
2026/07/28 12:26:30.124, 306.92, 100, 74232, 75
2026/07/28 12:26:31.159, 302.86, 100, 74232, 75
2026/07/28 12:26:32.195, 299.76, 100, 74232, 75
2026/07/28 12:26:33.234, 326.11, 100, 74232, 75
2026/07/28 12:26:34.270, 306.23, 100, 74232, 74
2026/07/28 12:26:35.308, 304.30, 100, 74232, 74
2026/07/28 12:26:36.346, 301.20, 100, 74232, 74
2026/07/28 12:26:37.385, 306.18, 100, 74232, 74
2026/07/28 12:26:38.421, 302.83, 100, 74232, 74
2026/07/28 12:26:39.459, 306.00, 100, 74232, 74
2026/07/28 12:26:40.495, 298.12, 100, 74232, 74
2026/07/28 12:26:41.531, 298.32, 100, 74232, 74
2026/07/28 12:26:42.569, 299.07, 100, 74232, 74
2026/07/28 12:26:43.605, 298.89, 100, 74232, 74
2026/07/28 12:26:44.643, 298.98, 100, 74232, 74
2026/07/28 12:26:45.679, 297.63, 100, 74232, 74
2026/07/28 12:26:46.721, 298.88, 100, 74232, 74
2026/07/28 12:26:47.758, 297.42, 100, 74232, 74
2026/07/28 12:26:48.795, 293.64, 100, 74232, 74
2026/07/28 12:26:49.834, 296.90, 100, 74232, 74
2026/07/28 12:26:50.870, 298.57, 100, 74232, 74
2026/07/28 12:26:51.908, 305.26, 100, 74232, 74
2026/07/28 12:26:52.945, 313.76, 100, 74232, 76
2026/07/28 12:26:53.979, 317.50, 100, 74232, 76
2026/07/28 12:26:55.012, 306.40, 100, 74232, 76
2026/07/28 12:26:56.045, 297.41, 100, 74232, 76
2026/07/28 12:26:57.079, 296.69, 100, 74232, 76
2026/07/28 12:26:58.114, 294.45, 100, 74232, 74
2026/07/28 12:26:59.154, 295.02, 100, 74232, 74
2026/07/28 12:27:00.191, 297.32, 100, 74232, 74
2026/07/28 12:27:01.228, 298.11, 100, 74232, 74
2026/07/28 12:27:02.265, 297.62, 100, 74232, 74
2026/07/28 12:27:03.302, 297.15, 100, 74232, 74
2026/07/28 12:27:04.340, 297.62, 100, 74232, 75
2026/07/28 12:27:05.377, 306.02, 100, 74232, 75
2026/07/28 12:27:06.415, 303.42, 100, 74232, 75
2026/07/28 12:27:07.451, 306.20, 100, 74232, 75
2026/07/28 12:27:08.489, 299.96, 100, 74232, 75
2026/07/28 12:27:09.526, 301.98, 100, 74232, 75
2026/07/28 12:27:10.563, 298.88, 100, 74232, 75
2026/07/28 12:27:11.600, 298.71, 100, 74232, 75
2026/07/28 12:27:12.637, 299.27, 100, 74232, 75
2026/07/28 12:27:13.675, 297.81, 100, 74232, 75
2026/07/28 12:27:14.711, 309.02, 100, 74232, 76
2026/07/28 12:27:15.747, 303.02, 100, 74232, 76
2026/07/28 12:27:16.782, 287.86, 100, 74232, 76
2026/07/28 12:27:17.821, 287.83, 100, 74232, 76
2026/07/28 12:27:18.854, 323.35, 100, 74232, 76
2026/07/28 12:27:19.889, 291.46, 100, 74232, 76
2026/07/28 12:27:20.931, 305.47, 100, 74232, 75
2026/07/28 12:27:21.969, 306.41, 100, 74232, 75
2026/07/28 12:27:23.006, 305.45, 100, 74232, 75
2026/07/28 12:27:24.043, 305.84, 100, 74232, 75
2026/07/28 12:27:25.079, 306.65, 100, 74232, 75
2026/07/28 12:27:26.116, 301.78, 100, 74232, 75
2026/07/28 12:27:27.152, 303.61, 100, 74232, 75
2026/07/28 12:27:28.187, 308.08, 100, 74232, 75
2026/07/28 12:27:29.223, 102.30, 0, 74232, 72
2026/07/28 12:27:30.255, 278.04, 100, 74232, 76
2026/07/28 12:27:31.294, 291.99, 100, 74232, 76
2026/07/28 12:27:32.329, 288.61, 100, 74232, 76
2026/07/28 12:27:33.364, 291.04, 100, 74232, 76
2026/07/28 12:27:34.402, 303.52, 100, 74232, 76
2026/07/28 12:27:35.437, 298.48, 100, 74232, 75
2026/07/28 12:27:36.475, 283.26, 100, 74232, 74
2026/07/28 12:27:37.512, 290.35, 100, 74232, 74
2026/07/28 12:27:38.549, 291.61, 100, 74232, 75
2026/07/28 12:27:39.589, 293.64, 100, 74232, 75
2026/07/28 12:27:40.626, 301.77, 100, 74232, 77
2026/07/28 12:27:41.661, 303.52, 100, 74232, 77
2026/07/28 12:27:42.694, 307.23, 100, 74232, 77
2026/07/28 12:27:43.727, 286.48, 100, 74232, 77
2026/07/28 12:27:44.761, 304.79, 100, 74232, 77
2026/07/28 12:27:45.795, 311.14, 100, 74232, 77
2026/07/28 12:27:46.829, 305.54, 100, 74232, 75
2026/07/28 12:27:47.867, 307.28, 100, 74232, 75
2026/07/28 12:27:48.903, 298.99, 100, 74232, 75
2026/07/28 12:27:49.940, 299.57, 100, 74232, 75
2026/07/28 12:27:50.975, 304.49, 100, 74232, 76
2026/07/28 12:27:52.013, 300.04, 100, 74232, 76
2026/07/28 12:27:53.050, 300.92, 100, 74232, 76
2026/07/28 12:27:54.087, 299.74, 100, 74232, 76
2026/07/28 12:27:55.124, 300.23, 100, 74232, 76
2026/07/28 12:27:56.162, 300.03, 100, 74232, 76
2026/07/28 12:27:57.198, 301.01, 100, 74232, 76
2026/07/28 12:27:58.235, 300.47, 100, 74232, 76
2026/07/28 12:27:59.271, 103.04, 0, 74232, 72
2026/07/28 12:28:00.303, 102.13, 0, 74232, 72
2026/07/28 12:28:01.334, 102.32, 0, 74232, 71
2026/07/28 12:28:02.364, 99.72, 0, 74232, 70
2026/07/28 12:28:03.397, 99.48, 0, 74232, 70
2026/07/28 12:28:04.429, 98.83, 0, 74232, 69
2026/07/28 12:28:05.461, 98.29, 0, 74232, 69
2026/07/28 12:28:06.493, 97.96, 0, 74232, 68
2026/07/28 12:28:07.524, 97.04, 0, 74232, 68
2026/07/28 12:28:08.556, 96.65, 0, 74232, 68
2026/07/28 12:28:09.590, 96.16, 0, 74232, 67
2026/07/28 12:28:10.621, 94.47, 0, 74232, 67
2026/07/28 12:28:11.651, 94.36, 0, 74232, 66
2026/07/28 12:28:12.684, 94.70, 0, 74232, 66
2026/07/28 12:28:13.714, 94.25, 0, 74232, 66
2026/07/28 12:28:14.745, 94.23, 0, 74232, 65
2026/07/28 12:28:15.776, 93.53, 0, 74232, 65
2026/07/28 12:28:16.807, 93.31, 0, 74232, 65
2026/07/28 12:28:17.838, 92.27, 0, 74232, 64
2026/07/28 12:28:18.870, 92.16, 0, 74232, 64
2026/07/28 12:28:19.900, 92.12, 0, 74232, 64
2026/07/28 12:28:20.932, 90.60, 0, 74232, 63
2026/07/28 12:28:21.963, 92.11, 0, 74232, 63
2026/07/28 12:28:22.995, 91.04, 0, 74232, 63
2026/07/28 12:28:24.025, 90.04, 0, 74232, 63
2026/07/28 12:28:25.055, 89.21, 0, 74232, 62
2026/07/28 12:28:26.087, 88.04, 0, 74232, 62
2026/07/28 12:28:27.118, 89.00, 0, 74232, 62
2026/07/28 12:28:28.149, 88.59, 0, 74232, 61
2026/07/28 12:28:29.181, 87.11, 0, 74232, 65
2026/07/28 12:28:30.215, 300.73, 100, 74232, 67
2026/07/28 12:28:31.250, 307.49, 100, 74232, 67
2026/07/28 12:28:32.284, 295.18, 100, 74232, 67
2026/07/28 12:28:33.318, 296.15, 100, 74232, 68
2026/07/28 12:28:34.353, 299.68, 100, 74232, 66
2026/07/28 12:28:35.391, 296.18, 100, 74232, 66
2026/07/28 12:28:36.429, 299.73, 100, 74232, 67
2026/07/28 12:28:37.468, 301.02, 100, 74232, 67
2026/07/28 12:28:38.504, 301.09, 100, 74232, 67
2026/07/28 12:28:39.541, 301.30, 100, 74232, 67
2026/07/28 12:28:40.578, 301.69, 100, 74232, 68
2026/07/28 12:28:41.614, 302.06, 100, 74232, 69
2026/07/28 12:28:42.648, 299.23, 100, 74232, 70
2026/07/28 12:28:43.686, 291.22, 100, 74232, 70
2026/07/28 12:28:44.722, 300.71, 100, 74232, 70
2026/07/28 12:28:45.757, 288.83, 100, 74232, 70
2026/07/28 12:28:46.794, 291.51, 100, 74232, 68
2026/07/28 12:28:47.831, 282.95, 100, 74232, 69
2026/07/28 12:28:48.867, 285.95, 100, 74232, 69
2026/07/28 12:28:49.904, 287.94, 100, 74232, 69
2026/07/28 12:28:50.940, 291.68, 100, 74232, 71
2026/07/28 12:28:51.982, 298.02, 100, 74232, 71
2026/07/28 12:28:53.015, 289.48, 100, 74232, 71
2026/07/28 12:28:54.049, 296.65, 100, 74232, 71
2026/07/28 12:28:55.084, 301.30, 100, 74232, 70
2026/07/28 12:28:56.121, 304.32, 100, 74232, 70
2026/07/28 12:28:57.158, 303.13, 100, 74232, 70
2026/07/28 12:28:58.194, 291.60, 100, 74232, 72
2026/07/28 12:28:59.228, 284.23, 100, 74232, 72
2026/07/28 12:29:00.270, 298.94, 100, 74232, 72
2026/07/28 12:29:01.304, 298.08, 100, 74232, 73
2026/07/28 12:29:02.339, 303.30, 100, 74232, 73
2026/07/28 12:29:03.374, 300.25, 100, 74232, 71
2026/07/28 12:29:04.410, 302.46, 100, 74232, 71
2026/07/28 12:29:05.447, 302.07, 100, 74232, 72
2026/07/28 12:29:06.484, 302.66, 100, 74232, 72
2026/07/28 12:29:07.523, 301.02, 100, 74232, 72
2026/07/28 12:29:08.560, 296.36, 100, 74232, 72
2026/07/28 12:29:09.598, 294.73, 100, 74232, 72
2026/07/28 12:29:10.634, 294.24, 100, 74232, 72
2026/07/28 12:29:11.671, 294.91, 100, 74232, 72
2026/07/28 12:29:12.708, 295.79, 100, 74232, 72
2026/07/28 12:29:13.744, 295.59, 100, 74232, 72
2026/07/28 12:29:14.781, 296.46, 100, 74232, 72
2026/07/28 12:29:15.818, 301.10, 100, 74232, 73
2026/07/28 12:29:16.856, 301.43, 100, 74232, 73
2026/07/28 12:29:17.892, 307.65, 100, 74232, 73
2026/07/28 12:29:18.929, 303.50, 100, 74232, 73
2026/07/28 12:29:19.965, 303.31, 100, 74232, 73
2026/07/28 12:29:21.005, 303.43, 100, 74232, 73
2026/07/28 12:29:22.041, 303.83, 100, 74232, 73
2026/07/28 12:29:23.078, 304.41, 100, 74232, 73
2026/07/28 12:29:24.115, 297.71, 100, 74232, 73
2026/07/28 12:29:25.152, 304.20, 100, 74232, 73
2026/07/28 12:29:26.190, 303.28, 100, 74232, 73
2026/07/28 12:29:27.229, 298.39, 100, 74232, 73
2026/07/28 12:29:28.266, 296.17, 100, 74232, 73
2026/07/28 12:29:29.305, 297.89, 100, 74232, 73
2026/07/28 12:29:30.345, 294.52, 100, 74232, 73
2026/07/28 12:29:31.381, 296.27, 100, 74232, 74
2026/07/28 12:29:32.419, 297.43, 100, 74232, 74
2026/07/28 12:29:33.456, 296.53, 100, 74232, 74
2026/07/28 12:29:34.492, 296.07, 100, 74232, 74
2026/07/28 12:29:35.529, 298.10, 100, 74232, 74
2026/07/28 12:29:36.567, 296.15, 100, 74232, 74
2026/07/28 12:29:37.605, 297.42, 100, 74232, 74
2026/07/28 12:29:38.641, 296.54, 100, 74232, 74
2026/07/28 12:29:39.681, 301.17, 100, 74232, 74
2026/07/28 12:29:40.719, 303.88, 100, 74232, 74
2026/07/28 12:29:41.756, 302.27, 100, 74232, 74
2026/07/28 12:29:42.796, 300.43, 100, 74232, 74
2026/07/28 12:29:43.833, 297.24, 100, 74232, 74
2026/07/28 12:29:44.871, 296.26, 100, 74232, 74
2026/07/28 12:29:45.908, 298.01, 100, 74232, 74
2026/07/28 12:29:46.945, 304.80, 100, 74232, 74
2026/07/28 12:29:47.982, 304.59, 100, 74232, 74
2026/07/28 12:29:49.019, 303.26, 100, 74232, 74
2026/07/28 12:29:50.056, 296.26, 100, 74232, 74
2026/07/28 12:29:51.093, 296.96, 100, 74232, 74
2026/07/28 12:29:52.131, 298.02, 100, 74232, 74
2026/07/28 12:29:53.168, 296.45, 100, 74232, 74
2026/07/28 12:29:54.205, 297.60, 100, 74232, 74
2026/07/28 12:29:55.241, 297.52, 100, 74232, 74
2026/07/28 12:29:56.278, 299.63, 100, 74232, 74
2026/07/28 12:29:57.316, 297.13, 100, 74232, 74
2026/07/28 12:29:58.353, 297.40, 100, 74232, 74
2026/07/28 12:29:59.390, 299.26, 100, 74232, 74
2026/07/28 12:30:00.428, 297.53, 100, 74232, 74
2026/07/28 12:30:01.464, 296.65, 100, 74232, 74
2026/07/28 12:30:02.503, 298.57, 100, 74232, 74
2026/07/28 12:30:03.540, 297.53, 100, 74232, 74
2026/07/28 12:30:04.577, 297.91, 100, 74232, 74
2026/07/28 12:30:05.615, 297.43, 100, 74232, 74
2026/07/28 12:30:06.652, 298.58, 100, 74232, 74
2026/07/28 12:30:07.690, 297.44, 100, 74232, 74
2026/07/28 12:30:08.729, 296.93, 100, 74232, 74
2026/07/28 12:30:09.766, 298.40, 100, 74232, 74
2026/07/28 12:30:10.803, 297.23, 100, 74232, 74
2026/07/28 12:30:11.840, 298.20, 100, 74232, 74
2026/07/28 12:30:12.876, 299.95, 100, 74232, 74
2026/07/28 12:30:13.917, 297.13, 100, 74232, 75
2026/07/28 12:30:14.953, 299.07, 100, 74232, 75
2026/07/28 12:30:15.990, 298.28, 100, 74232, 75
2026/07/28 12:30:17.027, 298.49, 100, 74232, 75
2026/07/28 12:30:18.064, 298.18, 100, 74232, 75
2026/07/28 12:30:19.101, 299.54, 100, 74232, 75
2026/07/28 12:30:20.137, 304.98, 100, 74232, 75
2026/07/28 12:30:21.174, 298.79, 100, 74232, 75
2026/07/28 12:30:22.210, 298.40, 100, 74232, 75
2026/07/28 12:30:23.248, 297.60, 100, 74232, 75
2026/07/28 12:30:24.284, 300.70, 100, 74232, 75
2026/07/28 12:30:25.320, 297.31, 100, 74232, 75
2026/07/28 12:30:26.357, 297.60, 100, 74232, 75
2026/07/28 12:30:27.394, 298.07, 100, 74232, 75
2026/07/28 12:30:28.432, 298.30, 100, 74232, 75
2026/07/28 12:30:29.469, 297.41, 100, 74232, 75
2026/07/28 12:30:30.506, 298.67, 100, 74232, 75
2026/07/28 12:30:31.544, 298.60, 100, 74232, 75
2026/07/28 12:30:32.581, 298.23, 100, 74232, 75
2026/07/28 12:30:33.618, 298.58, 100, 74232, 75
2026/07/28 12:30:34.655, 296.55, 100, 74232, 75
2026/07/28 12:30:35.695, 297.72, 100, 74232, 75
2026/07/28 12:30:36.734, 298.58, 100, 74232, 75
2026/07/28 12:30:37.771, 297.54, 100, 74232, 75
2026/07/28 12:30:38.807, 297.80, 100, 74232, 75
2026/07/28 12:30:39.845, 298.39, 100, 74232, 75
2026/07/28 12:30:40.881, 297.90, 100, 74232, 75
2026/07/28 12:30:41.919, 297.63, 100, 74232, 75
2026/07/28 12:30:42.955, 298.00, 100, 74232, 75
2026/07/28 12:30:43.993, 297.11, 100, 74232, 75
2026/07/28 12:30:45.032, 299.43, 100, 74232, 75
2026/07/28 12:30:46.070, 297.99, 100, 74232, 75
2026/07/28 12:30:47.108, 298.18, 100, 74232, 74
2026/07/28 12:30:48.145, 296.93, 100, 74232, 74
2026/07/28 12:30:49.185, 297.61, 100, 74232, 75
2026/07/28 12:30:50.223, 305.83, 100, 74232, 75
2026/07/28 12:30:51.260, 305.51, 100, 74232, 75
2026/07/28 12:30:52.298, 306.19, 100, 74232, 74
2026/07/28 12:30:53.335, 293.07, 100, 74232, 74
2026/07/28 12:30:54.375, 293.25, 100, 74232, 74
2026/07/28 12:30:55.412, 301.30, 100, 74232, 74
2026/07/28 12:30:56.448, 297.43, 100, 74232, 74
2026/07/28 12:30:57.486, 298.32, 100, 74232, 74
2026/07/28 12:30:58.522, 304.44, 100, 74232, 75
2026/07/28 12:30:59.559, 297.15, 100, 74232, 74
2026/07/28 12:31:00.596, 298.39, 100, 74232, 74
2026/07/28 12:31:01.634, 297.04, 100, 74232, 74
2026/07/28 12:31:02.671, 302.45, 100, 74232, 74
2026/07/28 12:31:03.710, 294.70, 100, 74232, 74
2026/07/28 12:31:04.746, 301.08, 100, 74232, 74
2026/07/28 12:31:05.784, 300.43, 100, 74232, 74
2026/07/28 12:31:06.823, 300.25, 100, 74232, 74
2026/07/28 12:31:07.864, 293.65, 100, 74232, 74
2026/07/28 12:31:08.901, 297.33, 100, 74232, 74
2026/07/28 12:31:09.940, 296.76, 100, 74232, 74
2026/07/28 12:31:10.976, 296.76, 100, 74232, 74
2026/07/28 12:31:12.013, 296.48, 100, 74232, 74
2026/07/28 12:31:13.050, 297.43, 100, 74232, 74
2026/07/28 12:31:14.087, 296.37, 100, 74232, 74
2026/07/28 12:31:15.123, 295.58, 100, 74232, 74
2026/07/28 12:31:16.159, 296.94, 100, 74232, 74
2026/07/28 12:31:17.196, 298.08, 100, 74232, 74
2026/07/28 12:31:18.232, 298.30, 100, 74232, 74
2026/07/28 12:31:19.268, 303.01, 100, 74232, 74
2026/07/28 12:31:20.305, 298.20, 100, 74232, 74
2026/07/28 12:31:21.342, 296.94, 100, 74232, 74
2026/07/28 12:31:22.379, 297.33, 100, 74232, 74
2026/07/28 12:31:23.416, 304.95, 100, 74232, 74
2026/07/28 12:31:24.454, 297.23, 100, 74232, 74
2026/07/28 12:31:25.495, 297.34, 100, 74232, 74
2026/07/28 12:31:26.533, 296.56, 100, 74232, 74
2026/07/28 12:31:27.569, 304.95, 100, 74232, 74
2026/07/28 12:31:28.606, 303.84, 100, 74232, 74
2026/07/28 12:31:29.643, 301.99, 100, 74232, 74
2026/07/28 12:31:30.681, 308.61, 100, 74232, 74
2026/07/28 12:31:31.718, 304.67, 100, 74232, 74
2026/07/28 12:31:32.755, 296.37, 100, 74232, 74
2026/07/28 12:31:33.791, 298.48, 100, 74232, 74
2026/07/28 12:31:34.830, 294.71, 100, 74232, 74
2026/07/28 12:31:35.868, 306.09, 100, 74232, 75
2026/07/28 12:31:36.905, 296.07, 100, 74232, 74
2026/07/28 12:31:37.944, 295.19, 100, 74232, 74
2026/07/28 12:31:38.981, 298.41, 100, 74232, 74
2026/07/28 12:31:40.023, 298.50, 100, 74232, 74
2026/07/28 12:31:41.063, 298.35, 100, 74232, 74
2026/07/28 12:31:42.099, 298.59, 100, 74232, 74
2026/07/28 12:31:43.139, 298.89, 100, 74232, 74
2026/07/28 12:31:44.175, 297.63, 100, 74232, 74
2026/07/28 12:31:45.212, 298.11, 100, 74232, 74
2026/07/28 12:31:46.249, 297.34, 100, 74232, 74
2026/07/28 12:31:47.286, 297.42, 100, 74232, 74
2026/07/28 12:31:48.323, 297.91, 100, 74232, 74
2026/07/28 12:31:49.359, 300.03, 100, 74232, 75
2026/07/28 12:31:50.397, 299.16, 100, 74232, 75
2026/07/28 12:31:51.434, 297.53, 100, 74232, 74
2026/07/28 12:31:52.471, 298.08, 100, 74232, 74
2026/07/28 12:31:53.509, 297.15, 100, 74232, 74
2026/07/28 12:31:54.547, 297.13, 100, 74232, 74
2026/07/28 12:31:55.585, 296.94, 100, 74232, 74
2026/07/28 12:31:56.623, 297.06, 100, 74232, 74
2026/07/28 12:31:57.660, 296.54, 100, 74232, 74
2026/07/28 12:31:58.697, 296.17, 100, 74232, 74
2026/07/28 12:31:59.734, 293.25, 100, 74232, 73
2026/07/28 12:32:00.771, 297.25, 100, 74232, 73
2026/07/28 12:32:01.808, 303.62, 100, 74232, 73
2026/07/28 12:32:02.846, 304.21, 100, 74232, 73
2026/07/28 12:32:03.885, 302.75, 100, 74232, 73
2026/07/28 12:32:04.923, 302.47, 100, 74232, 73
2026/07/28 12:32:05.961, 292.60, 100, 74232, 72
2026/07/28 12:32:06.999, 290.15, 100, 74232, 72
2026/07/28 12:32:08.039, 294.71, 100, 74232, 72
2026/07/28 12:32:09.077, 300.23, 100, 74232, 72
2026/07/28 12:32:10.114, 297.23, 100, 74232, 72
2026/07/28 12:32:11.158, 293.85, 100, 74232, 72
2026/07/28 12:32:12.195, 292.86, 100, 74232, 72
2026/07/28 12:32:13.232, 296.74, 100, 74232, 72
2026/07/28 12:32:14.270, 301.49, 100, 74232, 72
2026/07/28 12:32:15.307, 300.79, 100, 74232, 71
2026/07/28 12:32:16.344, 300.44, 100, 74232, 71
2026/07/28 12:32:17.381, 300.14, 100, 74232, 71
2026/07/28 12:32:18.419, 300.35, 100, 74232, 71
2026/07/28 12:32:19.456, 299.36, 100, 74232, 71
2026/07/28 12:32:20.493, 300.71, 100, 74232, 71
2026/07/28 12:32:21.529, 299.55, 100, 74232, 71
2026/07/28 12:32:22.565, 300.36, 100, 74232, 71
2026/07/28 12:32:23.603, 299.93, 100, 74232, 71
2026/07/28 12:32:24.640, 299.86, 100, 74232, 71
2026/07/28 12:32:25.677, 299.74, 100, 74232, 71
2026/07/28 12:32:26.713, 299.55, 100, 74232, 71
2026/07/28 12:32:27.750, 300.43, 100, 74232, 71
2026/07/28 12:32:28.787, 298.61, 100, 74232, 71
2026/07/28 12:32:29.826, 300.43, 100, 74232, 71
2026/07/28 12:32:30.864, 296.76, 100, 74232, 71
2026/07/28 12:32:31.900, 299.39, 100, 74232, 71
2026/07/28 12:32:32.937, 308.46, 100, 74232, 71
2026/07/28 12:32:33.974, 306.33, 100, 74232, 71
2026/07/28 12:32:35.011, 302.56, 100, 74232, 70
2026/07/28 12:32:36.048, 304.80, 100, 74232, 70
2026/07/28 12:32:37.086, 300.14, 100, 74232, 70
2026/07/28 12:32:38.124, 298.49, 100, 74232, 70
2026/07/28 12:32:39.165, 298.46, 100, 74232, 70
2026/07/28 12:32:40.204, 298.48, 100, 74232, 70
2026/07/28 12:32:41.242, 298.58, 100, 74232, 70
2026/07/28 12:32:42.280, 296.43, 100, 74232, 70
2026/07/28 12:32:43.318, 298.30, 100, 74232, 70
2026/07/28 12:32:44.355, 301.30, 100, 74232, 70
2026/07/28 12:32:45.392, 298.00, 100, 74232, 70
2026/07/28 12:32:46.430, 298.68, 100, 74232, 70
2026/07/28 12:32:47.466, 297.71, 100, 74232, 70
2026/07/28 12:32:48.503, 298.60, 100, 74232, 70
2026/07/28 12:32:49.540, 304.59, 100, 74232, 70
2026/07/28 12:32:50.578, 304.90, 100, 74232, 70
2026/07/28 12:32:51.617, 300.08, 100, 74232, 70
2026/07/28 12:32:52.656, 293.65, 100, 74232, 70
2026/07/28 12:32:53.692, 299.63, 100, 74232, 70
2026/07/28 12:32:54.729, 297.23, 100, 74232, 70
2026/07/28 12:32:55.765, 305.38, 100, 74232, 70
2026/07/28 12:32:56.801, 304.88, 100, 74232, 70
2026/07/28 12:32:57.840, 304.90, 100, 74232, 70
2026/07/28 12:32:58.877, 304.21, 100, 74232, 70
2026/07/28 12:32:59.920, 305.08, 100, 74232, 70
2026/07/28 12:33:00.957, 304.31, 100, 74232, 69
2026/07/28 12:33:01.994, 296.75, 100, 74232, 69
2026/07/28 12:33:03.030, 297.37, 100, 74232, 69
2026/07/28 12:33:04.067, 297.61, 100, 74232, 69
2026/07/28 12:33:05.107, 297.80, 100, 74232, 69
2026/07/28 12:33:06.145, 296.95, 100, 74232, 69
2026/07/28 12:33:07.186, 296.85, 100, 74232, 69
2026/07/28 12:33:08.224, 297.23, 100, 74232, 69
2026/07/28 12:33:09.262, 304.61, 100, 74232, 69
2026/07/28 12:33:10.301, 294.55, 100, 74232, 69
2026/07/28 12:33:11.339, 293.14, 100, 74232, 69
2026/07/28 12:33:12.378, 297.07, 100, 74232, 69
2026/07/28 12:33:13.417, 297.34, 100, 74232, 69
2026/07/28 12:33:14.453, 297.13, 100, 74232, 69
2026/07/28 12:33:15.490, 297.04, 100, 74232, 69
2026/07/28 12:33:16.528, 297.42, 100, 74232, 69
2026/07/28 12:33:17.567, 296.65, 100, 74232, 69
2026/07/28 12:33:18.603, 293.36, 100, 74232, 69
2026/07/28 12:33:19.640, 297.44, 100, 74232, 69
2026/07/28 12:33:20.677, 296.75, 100, 74232, 69
2026/07/28 12:33:21.715, 296.55, 100, 74232, 69
2026/07/28 12:33:22.753, 296.37, 100, 74232, 69
2026/07/28 12:33:23.792, 298.88, 100, 74232, 69
2026/07/28 12:33:24.831, 304.52, 100, 74232, 69
2026/07/28 12:33:25.868, 304.22, 100, 74232, 69
2026/07/28 12:33:26.905, 304.21, 100, 74232, 69
2026/07/28 12:33:27.941, 303.54, 100, 74232, 69
2026/07/28 12:33:28.978, 301.03, 100, 74232, 69
2026/07/28 12:33:30.014, 303.53, 100, 74232, 69
2026/07/28 12:33:31.051, 296.17, 100, 74232, 69
2026/07/28 12:33:32.087, 296.08, 100, 74232, 69
2026/07/28 12:33:33.125, 296.25, 100, 74232, 69
2026/07/28 12:33:34.163, 297.45, 100, 74232, 69
2026/07/28 12:33:35.200, 302.46, 100, 74232, 69
2026/07/28 12:33:36.237, 293.64, 100, 74232, 69
2026/07/28 12:33:37.274, 296.85, 100, 74232, 69
2026/07/28 12:33:38.311, 296.36, 100, 74232, 69
2026/07/28 12:33:39.348, 295.69, 100, 74232, 69
2026/07/28 12:33:40.385, 296.55, 100, 74232, 69
2026/07/28 12:33:41.423, 296.18, 100, 74232, 69
2026/07/28 12:33:42.460, 302.21, 100, 74232, 69
2026/07/28 12:33:43.497, 304.10, 100, 74232, 69
2026/07/28 12:33:44.535, 302.77, 100, 74232, 69
2026/07/28 12:33:45.574, 297.72, 100, 74232, 69
2026/07/28 12:33:46.610, 291.70, 100, 74232, 68
2026/07/28 12:33:47.648, 296.07, 100, 74232, 68
2026/07/28 12:33:48.684, 297.92, 100, 74232, 68
2026/07/28 12:33:49.724, 296.15, 100, 74232, 68
2026/07/28 12:33:50.760, 292.19, 100, 74232, 68
2026/07/28 12:33:51.800, 304.50, 100, 74232, 68
2026/07/28 12:33:52.840, 298.88, 100, 74232, 68
2026/07/28 12:33:53.876, 295.80, 100, 74232, 68
2026/07/28 12:33:54.913, 292.37, 100, 74232, 68
2026/07/28 12:33:55.950, 304.40, 100, 74232, 68
2026/07/28 12:33:56.986, 302.36, 100, 74232, 68
2026/07/28 12:33:58.022, 92.89, 11, 74232, 68
2026/07/28 12:33:59.056, 288.38, 100, 74232, 70
2026/07/28 12:34:00.091, 288.80, 100, 74232, 70
2026/07/28 12:34:01.129, 297.53, 100, 74232, 71
2026/07/28 12:34:02.166, 288.10, 100, 74232, 71
2026/07/28 12:34:03.202, 261.45, 100, 74232, 69
2026/07/28 12:34:04.246, 288.88, 100, 74232, 69
2026/07/28 12:34:05.284, 289.83, 100, 74232, 69
2026/07/28 12:34:06.322, 293.75, 100, 74232, 69
2026/07/28 12:34:07.360, 289.77, 100, 74232, 70
2026/07/28 12:34:08.400, 290.04, 100, 74232, 70
2026/07/28 12:34:09.437, 297.38, 100, 74232, 70
2026/07/28 12:34:10.477, 301.11, 100, 74232, 70
2026/07/28 12:34:11.514, 298.04, 100, 74232, 70
2026/07/28 12:34:12.551, 299.06, 100, 74232, 71
2026/07/28 12:34:13.589, 300.44, 100, 74232, 71
2026/07/28 12:34:14.626, 298.80, 100, 74232, 71
2026/07/28 12:34:15.664, 299.00, 100, 74232, 71
2026/07/28 12:34:16.701, 299.67, 100, 74232, 71
2026/07/28 12:34:17.743, 300.04, 100, 74232, 71
2026/07/28 12:34:18.780, 300.36, 100, 74232, 71
2026/07/28 12:34:19.816, 299.95, 100, 74232, 72
2026/07/28 12:34:20.854, 292.67, 100, 74232, 72
2026/07/28 12:34:21.892, 299.95, 100, 74232, 72
2026/07/28 12:34:22.932, 300.76, 100, 74232, 72
2026/07/28 12:34:23.970, 300.73, 100, 74232, 72
2026/07/28 12:34:25.008, 301.11, 100, 74232, 72
2026/07/28 12:34:26.048, 302.08, 100, 74232, 72
2026/07/28 12:34:27.086, 301.23, 100, 74232, 72
2026/07/28 12:34:28.123, 302.08, 100, 74232, 72
2026/07/28 12:34:29.160, 303.63, 100, 74232, 72
2026/07/28 12:34:30.197, 302.39, 100, 74232, 73
2026/07/28 12:34:31.239, 302.86, 100, 74232, 73
2026/07/28 12:34:32.277, 299.95, 100, 74232, 73
2026/07/28 12:34:33.318, 295.59, 100, 74232, 73
2026/07/28 12:34:34.357, 292.38, 100, 74232, 73
2026/07/28 12:34:35.395, 294.71, 100, 74232, 73
2026/07/28 12:34:36.434, 293.85, 100, 74232, 73
2026/07/28 12:34:37.472, 294.14, 100, 74232, 73
2026/07/28 12:34:38.513, 295.49, 100, 74232, 73
2026/07/28 12:34:39.552, 291.11, 100, 74232, 73
2026/07/28 12:34:40.588, 292.08, 100, 74232, 73
2026/07/28 12:34:41.629, 294.91, 100, 74232, 73
2026/07/28 12:34:42.667, 300.63, 100, 74232, 73
2026/07/28 12:34:43.704, 297.52, 100, 74232, 73
2026/07/28 12:34:44.740, 299.78, 100, 74232, 73
2026/07/28 12:34:45.778, 302.88, 100, 74232, 73
2026/07/28 12:34:46.817, 303.53, 100, 74232, 73
2026/07/28 12:34:47.855, 303.66, 100, 74232, 74
2026/07/28 12:34:48.893, 303.24, 100, 74232, 74
2026/07/28 12:34:49.931, 303.47, 100, 74232, 74
2026/07/28 12:34:50.969, 303.35, 100, 74232, 73
2026/07/28 12:34:52.010, 292.39, 100, 74232, 73
2026/07/28 12:34:53.049, 295.48, 100, 74232, 74
2026/07/28 12:34:54.087, 295.02, 100, 74232, 74
2026/07/28 12:34:55.125, 305.85, 100, 74232, 74
2026/07/28 12:34:56.163, 302.08, 100, 74232, 74
2026/07/28 12:34:57.201, 296.06, 100, 74232, 74
2026/07/28 12:34:58.239, 297.43, 100, 74232, 74
2026/07/28 12:34:59.278, 296.35, 100, 74232, 74
2026/07/28 12:35:00.317, 295.97, 100, 74232, 74
2026/07/28 12:35:01.355, 297.93, 100, 74232, 74
2026/07/28 12:35:02.392, 297.14, 100, 74232, 74
2026/07/28 12:35:03.430, 296.19, 100, 74232, 74
2026/07/28 12:35:04.467, 295.67, 100, 74232, 74
2026/07/28 12:35:05.504, 296.56, 100, 74232, 74
2026/07/28 12:35:06.544, 296.46, 100, 74232, 74
2026/07/28 12:35:07.581, 305.58, 100, 74232, 74
2026/07/28 12:35:08.620, 304.02, 100, 74232, 74
2026/07/28 12:35:09.660, 304.40, 100, 74232, 74
2026/07/28 12:35:10.697, 299.36, 100, 74232, 74
2026/07/28 12:35:11.734, 297.33, 100, 74232, 74
2026/07/28 12:35:12.772, 304.34, 100, 74232, 74
2026/07/28 12:35:13.809, 296.64, 100, 74232, 74
2026/07/28 12:35:14.848, 297.72, 100, 74232, 74
2026/07/28 12:35:15.887, 297.05, 100, 74232, 74
2026/07/28 12:35:16.925, 298.38, 100, 74232, 74
2026/07/28 12:35:17.963, 296.37, 100, 74232, 74
2026/07/28 12:35:19.001, 297.61, 100, 74232, 74
2026/07/28 12:35:20.038, 296.75, 100, 74232, 74
2026/07/28 12:35:21.076, 301.60, 100, 74232, 74
2026/07/28 12:35:22.113, 301.84, 100, 74232, 74
2026/07/28 12:35:23.152, 298.11, 100, 74232, 74
2026/07/28 12:35:24.190, 296.76, 100, 74232, 74
2026/07/28 12:35:25.230, 297.72, 100, 74232, 74
2026/07/28 12:35:26.267, 298.01, 100, 74232, 74
2026/07/28 12:35:27.304, 297.13, 100, 74232, 74
2026/07/28 12:35:28.341, 296.75, 100, 74232, 74
2026/07/28 12:35:29.382, 298.42, 100, 74232, 74
2026/07/28 12:35:30.419, 297.82, 100, 74232, 74
2026/07/28 12:35:31.456, 301.31, 100, 74232, 74
2026/07/28 12:35:32.496, 302.55, 100, 74232, 74
2026/07/28 12:35:33.532, 297.54, 100, 74232, 74
2026/07/28 12:35:34.573, 294.24, 100, 74232, 74
2026/07/28 12:35:35.611, 298.40, 100, 74232, 74
2026/07/28 12:35:36.648, 297.63, 100, 74232, 74
2026/07/28 12:35:37.686, 298.02, 100, 74232, 74
2026/07/28 12:35:38.724, 300.92, 100, 74232, 75
2026/07/28 12:35:39.763, 305.65, 100, 74232, 75
2026/07/28 12:35:40.800, 305.08, 100, 74232, 75
2026/07/28 12:35:41.839, 304.21, 100, 74232, 75
2026/07/28 12:35:42.880, 299.76, 100, 74232, 75
2026/07/28 12:35:43.917, 293.85, 100, 74232, 75
2026/07/28 12:35:44.955, 294.71, 100, 74232, 74
2026/07/28 12:35:46.000, 299.48, 100, 74232, 75
2026/07/28 12:35:47.039, 297.54, 100, 74232, 75
2026/07/28 12:35:48.076, 297.66, 100, 74232, 75
2026/07/28 12:35:49.114, 294.33, 100, 74232, 75
2026/07/28 12:35:50.151, 293.66, 100, 74232, 74
2026/07/28 12:35:51.189, 311.01, 100, 74232, 75
2026/07/28 12:35:52.228, 305.48, 100, 74232, 75
2026/07/28 12:35:53.266, 305.68, 100, 74232, 75
2026/07/28 12:35:54.304, 297.43, 100, 74232, 75
2026/07/28 12:35:55.342, 297.55, 100, 74232, 75
2026/07/28 12:35:56.381, 301.79, 100, 74232, 75
2026/07/28 12:35:57.418, 295.59, 100, 74232, 75
2026/07/28 12:35:58.455, 298.30, 100, 74232, 75
2026/07/28 12:35:59.493, 298.21, 100, 74232, 75
2026/07/28 12:36:00.530, 297.04, 100, 74232, 75
2026/07/28 12:36:01.569, 296.74, 100, 74232, 75
2026/07/28 12:36:02.605, 297.46, 100, 74232, 75
2026/07/28 12:36:03.643, 298.82, 100, 74232, 75
2026/07/28 12:36:04.680, 299.57, 100, 74232, 75
2026/07/28 12:36:05.717, 297.81, 100, 74232, 75
2026/07/28 12:36:06.754, 299.75, 100, 74232, 75
2026/07/28 12:36:07.790, 298.23, 100, 74232, 75
2026/07/28 12:36:08.828, 305.00, 100, 74232, 75
2026/07/28 12:36:09.865, 297.43, 100, 74232, 75
2026/07/28 12:36:10.902, 297.92, 100, 74232, 75
2026/07/28 12:36:11.938, 298.98, 100, 74232, 75
2026/07/28 12:36:12.975, 294.25, 100, 74232, 75
2026/07/28 12:36:14.011, 298.62, 100, 74232, 75
2026/07/28 12:36:15.048, 300.04, 100, 74232, 75
2026/07/28 12:36:16.085, 297.42, 100, 74232, 75
2026/07/28 12:36:17.126, 299.50, 100, 74232, 75
2026/07/28 12:36:18.162, 298.04, 100, 74232, 75
2026/07/28 12:36:19.199, 300.52, 100, 74232, 75
2026/07/28 12:36:20.238, 298.20, 100, 74232, 75
2026/07/28 12:36:21.274, 297.84, 100, 74232, 75
2026/07/28 12:36:22.312, 299.65, 100, 74232, 75
2026/07/28 12:36:23.349, 298.02, 100, 74232, 75
2026/07/28 12:36:24.386, 299.01, 100, 74232, 75
2026/07/28 12:36:25.423, 297.52, 100, 74232, 75
2026/07/28 12:36:26.460, 297.61, 100, 74232, 75
2026/07/28 12:36:27.497, 300.14, 100, 74232, 75
2026/07/28 12:36:28.535, 297.82, 100, 74232, 75
2026/07/28 12:36:29.575, 300.04, 100, 74232, 75
2026/07/28 12:36:30.611, 297.91, 100, 74232, 75
2026/07/28 12:36:31.648, 298.40, 100, 74232, 75
2026/07/28 12:36:32.685, 297.95, 100, 74232, 75
2026/07/28 12:36:33.721, 297.53, 100, 74232, 75
2026/07/28 12:36:34.759, 301.31, 100, 74232, 75
2026/07/28 12:36:35.796, 297.95, 100, 74232, 75
2026/07/28 12:36:36.834, 299.48, 100, 74232, 75
2026/07/28 12:36:37.870, 297.34, 100, 74232, 75
2026/07/28 12:36:38.906, 293.54, 100, 74232, 74
2026/07/28 12:36:39.943, 306.52, 100, 74232, 75
2026/07/28 12:36:40.984, 304.99, 100, 74232, 75
2026/07/28 12:36:42.021, 299.18, 100, 74232, 74
2026/07/28 12:36:43.060, 297.36, 100, 74232, 74
2026/07/28 12:36:44.097, 297.34, 100, 74232, 74
2026/07/28 12:36:45.136, 297.34, 100, 74232, 74
2026/07/28 12:36:46.172, 297.41, 100, 74232, 74
2026/07/28 12:36:47.211, 296.17, 100, 74232, 74
2026/07/28 12:36:48.249, 298.20, 100, 74232, 74
2026/07/28 12:36:49.286, 296.28, 100, 74232, 74
2026/07/28 12:36:50.324, 296.84, 100, 74232, 74
2026/07/28 12:36:51.361, 298.31, 100, 74232, 74
2026/07/28 12:36:52.399, 298.40, 100, 74232, 74
2026/07/28 12:36:53.436, 297.63, 100, 74232, 74
2026/07/28 12:36:54.474, 296.37, 100, 74232, 74
2026/07/28 12:36:55.511, 297.80, 100, 74232, 74
2026/07/28 12:36:56.549, 296.63, 100, 74232, 74
2026/07/28 12:36:57.586, 296.64, 100, 74232, 74
2026/07/28 12:36:58.628, 298.20, 100, 74232, 74
2026/07/28 12:36:59.666, 298.03, 100, 74232, 74
2026/07/28 12:37:00.703, 305.96, 100, 74232, 74
2026/07/28 12:37:01.742, 300.84, 100, 74232, 74
2026/07/28 12:37:02.778, 301.23, 100, 74232, 74
2026/07/28 12:37:03.818, 296.26, 100, 74232, 74
2026/07/28 12:37:04.855, 296.48, 100, 74232, 74
2026/07/28 12:37:05.892, 298.89, 100, 74232, 74
2026/07/28 12:37:06.929, 296.67, 100, 74232, 74
2026/07/28 12:37:07.966, 298.97, 100, 74232, 74
2026/07/28 12:37:09.004, 295.30, 100, 74232, 74
2026/07/28 12:37:10.041, 296.08, 100, 74232, 74
2026/07/28 12:37:11.079, 297.06, 100, 74232, 74
2026/07/28 12:37:12.116, 302.26, 100, 74232, 73
2026/07/28 12:37:13.155, 300.89, 100, 74232, 73
2026/07/28 12:37:14.192, 303.90, 100, 74232, 73
2026/07/28 12:37:15.229, 303.24, 100, 74232, 73
2026/07/28 12:37:16.266, 304.67, 100, 74232, 73
2026/07/28 12:37:17.306, 302.47, 100, 74232, 73
2026/07/28 12:37:18.343, 302.17, 100, 74232, 73
2026/07/28 12:37:19.381, 303.12, 100, 74232, 73
2026/07/28 12:37:20.418, 299.25, 100, 74232, 72
2026/07/28 12:37:21.457, 297.53, 100, 74232, 72
2026/07/28 12:37:22.494, 301.97, 100, 74232, 72
2026/07/28 12:37:23.531, 303.27, 100, 74232, 72
2026/07/28 12:37:24.572, 301.51, 100, 74232, 72
2026/07/28 12:37:25.609, 302.35, 100, 74232, 72
2026/07/28 12:37:26.647, 301.38, 100, 74232, 72
2026/07/28 12:37:27.685, 300.80, 100, 74232, 72
2026/07/28 12:37:28.722, 299.92, 100, 74232, 71
2026/07/28 12:37:29.761, 300.34, 100, 74232, 71
2026/07/28 12:37:30.798, 301.11, 100, 74232, 71
2026/07/28 12:37:31.835, 299.86, 100, 74232, 71
2026/07/28 12:37:32.873, 300.60, 100, 74232, 71
2026/07/28 12:37:33.911, 299.67, 100, 74232, 71
2026/07/28 12:37:34.950, 299.26, 100, 74232, 71
2026/07/28 12:37:35.987, 302.77, 100, 74232, 71
2026/07/28 12:37:37.025, 299.07, 100, 74232, 71
2026/07/28 12:37:38.062, 302.82, 100, 74232, 71
2026/07/28 12:37:39.098, 298.69, 100, 74232, 70
2026/07/28 12:37:40.134, 298.40, 100, 74232, 70
2026/07/28 12:37:41.171, 299.18, 100, 74232, 70
2026/07/28 12:37:42.208, 295.49, 100, 74232, 70
2026/07/28 12:37:43.245, 292.95, 100, 74232, 70
2026/07/28 12:37:44.282, 292.50, 100, 74232, 70
2026/07/28 12:37:45.319, 291.13, 100, 74232, 70
2026/07/28 12:37:46.356, 290.06, 100, 74232, 70
2026/07/28 12:37:47.394, 289.58, 100, 74232, 70
2026/07/28 12:37:48.431, 290.45, 100, 74232, 70
2026/07/28 12:37:49.471, 301.38, 100, 74232, 70
2026/07/28 12:37:50.507, 297.92, 100, 74232, 70
2026/07/28 12:37:51.544, 304.69, 100, 74232, 70
2026/07/28 12:37:52.580, 304.11, 100, 74232, 70
2026/07/28 12:37:53.616, 305.11, 100, 74232, 70
2026/07/28 12:37:54.652, 303.82, 100, 74232, 69
2026/07/28 12:37:55.689, 303.56, 100, 74232, 69
2026/07/28 12:37:56.726, 304.89, 100, 74232, 69
2026/07/28 12:37:57.762, 301.20, 100, 74232, 69
2026/07/28 12:37:58.805, 296.76, 100, 74232, 69
2026/07/28 12:37:59.843, 303.14, 100, 74232, 69
2026/07/28 12:38:00.879, 300.71, 100, 74232, 69
2026/07/28 12:38:01.918, 306.03, 100, 74232, 69
2026/07/28 12:38:02.956, 304.79, 100, 74232, 69
2026/07/28 12:38:03.993, 307.32, 100, 74232, 69
2026/07/28 12:38:05.031, 303.34, 100, 74232, 69
2026/07/28 12:38:06.068, 307.05, 100, 74232, 69
2026/07/28 12:38:07.106, 303.52, 100, 74232, 69
2026/07/28 12:38:08.144, 301.61, 100, 74232, 69
2026/07/28 12:38:09.180, 295.88, 100, 74232, 69
2026/07/28 12:38:10.218, 292.30, 100, 74232, 69
2026/07/28 12:38:11.255, 298.31, 100, 74232, 69
2026/07/28 12:38:12.294, 296.57, 100, 74232, 69
2026/07/28 12:38:13.331, 295.68, 100, 74232, 69
2026/07/28 12:38:14.371, 295.10, 100, 74232, 68
2026/07/28 12:38:15.407, 296.05, 100, 74232, 68
2026/07/28 12:38:16.444, 295.17, 100, 74232, 68
2026/07/28 12:38:17.483, 295.76, 100, 74232, 68
2026/07/28 12:38:18.521, 296.81, 100, 74232, 68
2026/07/28 12:38:19.558, 302.24, 100, 74232, 68
2026/07/28 12:38:20.595, 295.58, 100, 74232, 68
2026/07/28 12:38:21.636, 295.50, 100, 74232, 68
2026/07/28 12:38:22.673, 301.46, 100, 74232, 68
2026/07/28 12:38:23.711, 298.36, 100, 74232, 68
2026/07/28 12:38:24.749, 298.98, 100, 74232, 68
2026/07/28 12:38:25.786, 301.95, 100, 74232, 68
2026/07/28 12:38:26.826, 302.05, 100, 74232, 68
2026/07/28 12:38:27.864, 302.04, 100, 74232, 68
2026/07/28 12:38:28.903, 301.38, 100, 74232, 68
2026/07/28 12:38:29.942, 302.49, 100, 74232, 68
2026/07/28 12:38:30.980, 299.16, 100, 74232, 68
2026/07/28 12:38:32.022, 297.48, 100, 74232, 68
2026/07/28 12:38:33.059, 291.03, 100, 74232, 68
2026/07/28 12:38:34.097, 291.33, 100, 74232, 68
2026/07/28 12:38:35.135, 299.07, 100, 74232, 68
2026/07/28 12:38:36.173, 302.16, 100, 74232, 68
2026/07/28 12:38:37.210, 302.22, 100, 74232, 68
2026/07/28 12:38:38.247, 302.62, 100, 74232, 68
2026/07/28 12:38:39.283, 301.96, 100, 74232, 68
2026/07/28 12:38:40.320, 302.25, 100, 74232, 68
2026/07/28 12:38:41.356, 302.32, 100, 74232, 68
2026/07/28 12:38:42.393, 302.63, 100, 74232, 68
2026/07/28 12:38:43.430, 303.35, 100, 74232, 69
2026/07/28 12:38:44.469, 303.26, 100, 74232, 69
2026/07/28 12:38:45.507, 306.79, 100, 74232, 69
2026/07/28 12:38:46.547, 300.32, 100, 74232, 69
2026/07/28 12:38:47.584, 300.13, 100, 74232, 69
2026/07/28 12:38:48.621, 297.01, 100, 74232, 69
2026/07/28 12:38:49.658, 297.14, 100, 74232, 70
2026/07/28 12:38:50.695, 298.32, 100, 74232, 70
2026/07/28 12:38:51.734, 299.92, 100, 74232, 70
2026/07/28 12:38:52.771, 298.49, 100, 74232, 70
2026/07/28 12:38:53.807, 298.37, 100, 74232, 70
2026/07/28 12:38:54.846, 298.68, 100, 74232, 70
2026/07/28 12:38:55.883, 299.10, 100, 74232, 71
2026/07/28 12:38:56.922, 299.38, 100, 74232, 71
2026/07/28 12:38:57.959, 300.70, 100, 74232, 71
2026/07/28 12:38:58.995, 386.17, 20, 74232, 71
2026/07/28 12:39:00.029, 289.68, 100, 74232, 72
2026/07/28 12:39:01.064, 300.05, 100, 74232, 72
2026/07/28 12:39:02.106, 281.52, 100, 74232, 73
2026/07/28 12:39:03.142, 315.99, 100, 74232, 73
2026/07/28 12:39:04.178, 251.57, 100, 74232, 71
2026/07/28 12:39:05.215, 281.60, 100, 74232, 71
2026/07/28 12:39:06.252, 292.28, 100, 74232, 71
2026/07/28 12:39:07.290, 300.03, 100, 74232, 72
2026/07/28 12:39:08.328, 298.69, 100, 74232, 72
2026/07/28 12:39:09.367, 294.05, 100, 74232, 72
2026/07/28 12:39:10.404, 294.04, 100, 74232, 72
2026/07/28 12:39:11.443, 295.09, 100, 74232, 72
2026/07/28 12:39:12.480, 294.34, 100, 74232, 72
2026/07/28 12:39:13.516, 296.36, 100, 74232, 72
2026/07/28 12:39:14.554, 293.45, 100, 74232, 73
2026/07/28 12:39:15.592, 293.94, 100, 74232, 73
2026/07/28 12:39:16.633, 294.52, 100, 74232, 73
2026/07/28 12:39:17.674, 296.37, 100, 74232, 73
2026/07/28 12:39:18.711, 302.57, 100, 74232, 73
2026/07/28 12:39:19.749, 299.17, 100, 74232, 73
2026/07/28 12:39:20.789, 303.32, 100, 74232, 73
2026/07/28 12:39:21.828, 303.43, 100, 74232, 73
2026/07/28 12:39:22.866, 299.28, 100, 74232, 73
2026/07/28 12:39:23.905, 304.03, 100, 74232, 73
2026/07/28 12:39:24.944, 302.97, 100, 74232, 73
2026/07/28 12:39:25.983, 302.64, 100, 74232, 73
2026/07/28 12:39:27.021, 303.07, 100, 74232, 73
2026/07/28 12:39:28.058, 304.94, 100, 74232, 74
2026/07/28 12:39:29.095, 304.15, 100, 74232, 74
2026/07/28 12:39:30.132, 303.63, 100, 74232, 74
2026/07/28 12:39:31.170, 295.11, 100, 74232, 74
2026/07/28 12:39:32.207, 297.60, 100, 74232, 74
2026/07/28 12:39:33.245, 297.15, 100, 74232, 74
2026/07/28 12:39:34.282, 304.04, 100, 74232, 74
2026/07/28 12:39:35.320, 293.65, 100, 74232, 74
2026/07/28 12:39:36.357, 293.36, 100, 74232, 74
2026/07/28 12:39:37.396, 292.96, 100, 74232, 74
2026/07/28 12:39:38.434, 295.96, 100, 74232, 74
2026/07/28 12:39:39.472, 297.36, 100, 74232, 74
2026/07/28 12:39:40.510, 295.60, 100, 74232, 74
2026/07/28 12:39:41.547, 296.28, 100, 74232, 74
2026/07/28 12:39:42.585, 298.00, 100, 74232, 74
2026/07/28 12:39:43.624, 297.84, 100, 74232, 74
2026/07/28 12:39:44.667, 296.28, 100, 74232, 74
2026/07/28 12:39:45.705, 297.13, 100, 74232, 74
2026/07/28 12:39:46.743, 295.37, 100, 74232, 74
2026/07/28 12:39:47.784, 300.73, 100, 74232, 74
2026/07/28 12:39:48.823, 303.26, 100, 74232, 74
2026/07/28 12:39:49.864, 300.42, 100, 74232, 74
2026/07/28 12:39:50.902, 297.07, 100, 74232, 74
2026/07/28 12:39:51.939, 300.46, 100, 74232, 74
2026/07/28 12:39:52.979, 298.77, 100, 74232, 74
2026/07/28 12:39:54.017, 295.98, 100, 74232, 74
2026/07/28 12:39:55.053, 292.68, 100, 74232, 74
2026/07/28 12:39:56.093, 297.33, 100, 74232, 74
2026/07/28 12:39:57.131, 297.46, 100, 74232, 74
2026/07/28 12:39:58.169, 296.73, 100, 74232, 74
2026/07/28 12:39:59.206, 297.98, 100, 74232, 74
2026/07/28 12:40:00.244, 300.80, 100, 74232, 74
2026/07/28 12:40:01.280, 303.89, 100, 74232, 74
2026/07/28 12:40:02.319, 297.53, 100, 74232, 74
2026/07/28 12:40:03.357, 297.06, 100, 74232, 74
2026/07/28 12:40:04.394, 297.43, 100, 74232, 74
2026/07/28 12:40:05.432, 297.42, 100, 74232, 74
2026/07/28 12:40:06.474, 298.80, 100, 74232, 74
2026/07/28 12:40:07.512, 293.17, 100, 74232, 74
2026/07/28 12:40:08.550, 296.94, 100, 74232, 74
2026/07/28 12:40:09.588, 303.62, 100, 74232, 74
2026/07/28 12:40:10.626, 299.16, 100, 74232, 74
2026/07/28 12:40:11.663, 298.19, 100, 74232, 74
2026/07/28 12:40:12.702, 303.04, 100, 74232, 74
2026/07/28 12:40:13.740, 296.83, 100, 74232, 74
2026/07/28 12:40:14.779, 297.14, 100, 74232, 74
2026/07/28 12:40:15.817, 293.46, 100, 74232, 74
2026/07/28 12:40:16.857, 300.93, 100, 74232, 74
2026/07/28 12:40:17.895, 297.64, 100, 74232, 74
2026/07/28 12:40:18.933, 297.32, 100, 74232, 74
2026/07/28 12:40:19.970, 299.64, 100, 74232, 74
2026/07/28 12:40:21.008, 296.35, 100, 74232, 74
2026/07/28 12:40:22.046, 298.23, 100, 74232, 74
2026/07/28 12:40:23.083, 298.00, 100, 74232, 74
2026/07/28 12:40:24.120, 296.84, 100, 74232, 74
2026/07/28 12:40:25.159, 297.35, 100, 74232, 74
2026/07/28 12:40:26.197, 297.34, 100, 74232, 74
2026/07/28 12:40:27.235, 296.67, 100, 74232, 74
2026/07/28 12:40:28.272, 298.31, 100, 74232, 74
2026/07/28 12:40:29.311, 297.74, 100, 74232, 74
2026/07/28 12:40:30.349, 297.42, 100, 74232, 74
2026/07/28 12:40:31.389, 304.20, 100, 74232, 74
2026/07/28 12:40:32.430, 304.60, 100, 74232, 74
2026/07/28 12:40:33.468, 297.41, 100, 74232, 74
2026/07/28 12:40:34.509, 305.22, 100, 74232, 74
2026/07/28 12:40:35.548, 297.24, 100, 74232, 74
2026/07/28 12:40:36.587, 296.95, 100, 74232, 74
2026/07/28 12:40:37.624, 293.74, 100, 74232, 74
2026/07/28 12:40:38.661, 293.95, 100, 74232, 74
2026/07/28 12:40:39.699, 297.13, 100, 74232, 74
2026/07/28 12:40:40.737, 297.83, 100, 74232, 74
2026/07/28 12:40:41.776, 299.57, 100, 74232, 74
2026/07/28 12:40:42.817, 305.37, 100, 74232, 74
2026/07/28 12:40:43.857, 297.43, 100, 74232, 74
2026/07/28 12:40:44.895, 302.19, 100, 74232, 74
2026/07/28 12:40:45.932, 301.30, 100, 74232, 74
2026/07/28 12:40:46.969, 306.81, 100, 74232, 74
2026/07/28 12:40:48.007, 303.89, 100, 74232, 74
2026/07/28 12:40:49.046, 305.73, 100, 74232, 74
2026/07/28 12:40:50.083, 294.13, 100, 74232, 74
2026/07/28 12:40:51.122, 297.54, 100, 74232, 74
2026/07/28 12:40:52.159, 298.31, 100, 74232, 74
2026/07/28 12:40:53.196, 296.57, 100, 74232, 74
2026/07/28 12:40:54.234, 297.45, 100, 74232, 74
2026/07/28 12:40:55.271, 297.43, 100, 74232, 74
2026/07/28 12:40:56.309, 297.03, 100, 74232, 74
2026/07/28 12:40:57.346, 297.55, 100, 74232, 74
2026/07/28 12:40:58.385, 299.11, 100, 74232, 74
2026/07/28 12:40:59.423, 297.74, 100, 74232, 74
2026/07/28 12:41:00.459, 298.11, 100, 74232, 74
2026/07/28 12:41:01.496, 306.35, 100, 74232, 74
2026/07/28 12:41:02.536, 293.55, 100, 74232, 74
2026/07/28 12:41:03.574, 295.58, 100, 74232, 74
2026/07/28 12:41:04.614, 297.53, 100, 74232, 74
2026/07/28 12:41:05.652, 296.94, 100, 74232, 74
2026/07/28 12:41:06.690, 295.97, 100, 74232, 74
2026/07/28 12:41:07.738, 296.64, 100, 74232, 74
2026/07/28 12:41:08.778, 297.13, 100, 74232, 74
2026/07/28 12:41:09.814, 299.21, 100, 74232, 74
2026/07/28 12:41:10.861, 298.70, 100, 74232, 74
2026/07/28 12:41:11.899, 298.22, 100, 74232, 74
2026/07/28 12:41:12.937, 297.42, 100, 74232, 74
2026/07/28 12:41:13.974, 297.15, 100, 74232, 74
2026/07/28 12:41:15.012, 296.55, 100, 74232, 74
2026/07/28 12:41:16.049, 297.43, 100, 74232, 74
2026/07/28 12:41:17.086, 297.53, 100, 74232, 74
2026/07/28 12:41:18.124, 297.62, 100, 74232, 74
2026/07/28 12:41:19.162, 297.81, 100, 74232, 74
2026/07/28 12:41:20.200, 297.63, 100, 74232, 74
2026/07/28 12:41:21.238, 297.61, 100, 74232, 74
2026/07/28 12:41:22.277, 299.56, 100, 74232, 75
2026/07/28 12:41:23.314, 298.02, 100, 74232, 75
2026/07/28 12:41:24.358, 298.89, 100, 74232, 75
2026/07/28 12:41:25.395, 298.97, 100, 74232, 75
2026/07/28 12:41:26.433, 302.86, 100, 74232, 75
2026/07/28 12:41:27.472, 305.61, 100, 74232, 75
2026/07/28 12:41:28.510, 297.71, 100, 74232, 75
2026/07/28 12:41:29.547, 298.01, 100, 74232, 75
2026/07/28 12:41:30.585, 297.62, 100, 74232, 75
2026/07/28 12:41:31.623, 298.03, 100, 74232, 75
2026/07/28 12:41:32.661, 297.34, 100, 74232, 75
2026/07/28 12:41:33.699, 298.86, 100, 74232, 75
2026/07/28 12:41:34.737, 297.91, 100, 74232, 75
2026/07/28 12:41:35.775, 297.63, 100, 74232, 75
2026/07/28 12:41:36.812, 301.03, 100, 74232, 75
2026/07/28 12:41:37.849, 297.33, 100, 74232, 75
2026/07/28 12:41:38.886, 299.66, 100, 74232, 75
2026/07/28 12:41:39.924, 298.78, 100, 74232, 75
2026/07/28 12:41:40.962, 297.65, 100, 74232, 75
2026/07/28 12:41:42.002, 297.62, 100, 74232, 74
2026/07/28 12:41:43.040, 297.92, 100, 74232, 74
2026/07/28 12:41:44.077, 298.89, 100, 74232, 74
2026/07/28 12:41:45.116, 297.92, 100, 74232, 74
2026/07/28 12:41:46.154, 298.01, 100, 74232, 74
2026/07/28 12:41:47.192, 299.20, 100, 74232, 74
2026/07/28 12:41:48.229, 297.44, 100, 74232, 74
2026/07/28 12:41:49.265, 298.40, 100, 74232, 74
2026/07/28 12:41:50.302, 297.15, 100, 74232, 74
2026/07/28 12:41:51.338, 300.43, 100, 74232, 74
2026/07/28 12:41:52.377, 300.82, 100, 74232, 74
2026/07/28 12:41:53.417, 305.66, 100, 74232, 74
2026/07/28 12:41:54.454, 303.89, 100, 74232, 74
2026/07/28 12:41:55.491, 299.93, 100, 74232, 74
2026/07/28 12:41:56.530, 299.44, 100, 74232, 74
2026/07/28 12:41:57.570, 296.55, 100, 74232, 74
2026/07/28 12:41:58.607, 298.97, 100, 74232, 73
2026/07/28 12:41:59.644, 292.69, 100, 74232, 73
2026/07/28 12:42:00.684, 297.43, 100, 74232, 73
2026/07/28 12:42:01.721, 296.08, 100, 74232, 73
2026/07/28 12:42:02.760, 296.17, 100, 74232, 73
2026/07/28 12:42:03.797, 296.09, 100, 74232, 73
2026/07/28 12:42:04.836, 295.58, 100, 74232, 73
2026/07/28 12:42:05.874, 297.22, 100, 74232, 73
2026/07/28 12:42:06.910, 299.83, 100, 74232, 73
2026/07/28 12:42:07.949, 302.94, 100, 74232, 73
2026/07/28 12:42:08.986, 303.62, 100, 74232, 73
2026/07/28 12:42:10.024, 302.83, 100, 74232, 73
2026/07/28 12:42:11.062, 303.17, 100, 74232, 73
2026/07/28 12:42:12.102, 302.54, 100, 74232, 73
2026/07/28 12:42:13.140, 301.31, 100, 74232, 73
2026/07/28 12:42:14.178, 301.96, 100, 74232, 73
2026/07/28 12:42:15.216, 301.69, 100, 74232, 73
2026/07/28 12:42:16.253, 303.05, 100, 74232, 72
2026/07/28 12:42:17.291, 295.19, 100, 74232, 72
2026/07/28 12:42:18.328, 295.30, 100, 74232, 72
2026/07/28 12:42:19.375, 294.84, 100, 74232, 72
2026/07/28 12:42:20.413, 293.55, 100, 74232, 72
2026/07/28 12:42:21.450, 296.66, 100, 74232, 72
2026/07/28 12:42:22.497, 296.83, 100, 74232, 72
2026/07/28 12:42:23.535, 294.52, 100, 74232, 72
2026/07/28 12:42:24.573, 294.84, 100, 74232, 72
2026/07/28 12:42:25.613, 294.51, 100, 74232, 72
2026/07/28 12:42:26.651, 294.80, 100, 74232, 72
2026/07/28 12:42:27.689, 290.64, 100, 74232, 72
2026/07/28 12:42:28.731, 293.64, 100, 74232, 72
2026/07/28 12:42:29.768, 299.66, 100, 74232, 72
2026/07/28 12:42:30.805, 299.64, 100, 74232, 72
2026/07/28 12:42:31.849, 300.16, 100, 74232, 72
2026/07/28 12:42:32.886, 301.49, 100, 74232, 72
2026/07/28 12:42:33.924, 301.49, 100, 74232, 72
2026/07/28 12:42:34.962, 297.72, 100, 74232, 72
2026/07/28 12:42:36.000, 301.68, 100, 74232, 72
2026/07/28 12:42:37.038, 300.82, 100, 74232, 72
2026/07/28 12:42:38.076, 300.24, 100, 74232, 72
2026/07/28 12:42:39.113, 300.56, 100, 74232, 72
2026/07/28 12:42:40.153, 300.42, 100, 74232, 72
2026/07/28 12:42:41.191, 299.87, 100, 74232, 72
2026/07/28 12:42:42.229, 300.26, 100, 74232, 72
2026/07/28 12:42:43.266, 300.21, 100, 74232, 72
2026/07/28 12:42:44.304, 300.23, 100, 74232, 72
2026/07/28 12:42:45.343, 300.15, 100, 74232, 71
2026/07/28 12:42:46.381, 300.53, 100, 74232, 71
2026/07/28 12:42:47.419, 301.33, 100, 74232, 71
2026/07/28 12:42:48.456, 295.60, 100, 74232, 71
2026/07/28 12:42:49.493, 299.86, 100, 74232, 71
2026/07/28 12:42:50.532, 301.25, 100, 74232, 71
2026/07/28 12:42:51.570, 289.57, 100, 74232, 71
2026/07/28 12:42:52.611, 291.89, 100, 74232, 71
2026/07/28 12:42:53.649, 293.06, 100, 74232, 71
2026/07/28 12:42:54.686, 291.71, 100, 74232, 71
2026/07/28 12:42:55.724, 298.78, 100, 74232, 71
2026/07/28 12:42:56.762, 292.40, 100, 74232, 71
2026/07/28 12:42:57.799, 297.52, 100, 74232, 71
2026/07/28 12:42:58.835, 289.18, 100, 74232, 71
2026/07/28 12:42:59.872, 295.68, 100, 74232, 71
2026/07/28 12:43:00.909, 292.20, 100, 74232, 71
2026/07/28 12:43:01.947, 288.30, 100, 74232, 71
2026/07/28 12:43:02.985, 291.61, 100, 74232, 71
2026/07/28 12:43:04.024, 292.02, 100, 74232, 71
2026/07/28 12:43:05.063, 299.75, 100, 74232, 71
2026/07/28 12:43:06.102, 300.82, 100, 74232, 71
2026/07/28 12:43:07.141, 299.68, 100, 74232, 71
2026/07/28 12:43:08.179, 299.17, 100, 74232, 71
2026/07/28 12:43:09.216, 303.83, 100, 74232, 71
2026/07/28 12:43:10.261, 299.27, 100, 74232, 71
2026/07/28 12:43:11.298, 307.21, 100, 74232, 71
2026/07/28 12:43:12.336, 303.62, 100, 74232, 71
2026/07/28 12:43:13.379, 300.43, 100, 74232, 71
2026/07/28 12:43:14.416, 299.75, 100, 74232, 71
2026/07/28 12:43:15.453, 304.96, 100, 74232, 71
2026/07/28 12:43:16.491, 299.84, 100, 74232, 71
2026/07/28 12:43:17.528, 300.34, 100, 74232, 71
2026/07/28 12:43:18.566, 298.67, 100, 74232, 71
2026/07/28 12:43:19.603, 298.48, 100, 74232, 71
2026/07/28 12:43:20.641, 299.38, 100, 74232, 71
2026/07/28 12:43:21.679, 300.22, 100, 74232, 71
2026/07/28 12:43:22.718, 301.19, 100, 74232, 71
2026/07/28 12:43:23.756, 299.84, 100, 74232, 71
2026/07/28 12:43:24.793, 300.64, 100, 74232, 71
2026/07/28 12:43:25.830, 299.27, 100, 74232, 71
2026/07/28 12:43:26.871, 296.37, 100, 74232, 71
2026/07/28 12:43:27.908, 299.27, 100, 74232, 71
2026/07/28 12:43:28.953, 295.37, 100, 74232, 71
2026/07/28 12:43:29.993, 297.14, 100, 74232, 71
2026/07/28 12:43:31.030, 291.12, 100, 74232, 70
2026/07/28 12:43:32.067, 292.75, 100, 74232, 70
2026/07/28 12:43:33.104, 294.79, 100, 74232, 70
2026/07/28 12:43:34.141, 298.80, 100, 74232, 70
2026/07/28 12:43:35.179, 292.20, 100, 74232, 70
2026/07/28 12:43:36.217, 291.82, 100, 74232, 70
2026/07/28 12:43:37.256, 291.61, 100, 74232, 70
2026/07/28 12:43:38.294, 289.29, 100, 74232, 70
2026/07/28 12:43:39.331, 291.22, 100, 74232, 70
2026/07/28 12:43:40.373, 296.17, 100, 74232, 71
2026/07/28 12:43:41.410, 304.99, 100, 74232, 71
2026/07/28 12:43:42.454, 299.67, 100, 74232, 70
2026/07/28 12:43:43.492, 291.04, 100, 74232, 70
2026/07/28 12:43:44.530, 298.57, 100, 74232, 70
2026/07/28 12:43:45.567, 298.88, 100, 74232, 70
2026/07/28 12:43:46.604, 300.13, 100, 74232, 70
2026/07/28 12:43:47.642, 298.68, 100, 74232, 70
2026/07/28 12:43:48.680, 297.83, 100, 74232, 70
2026/07/28 12:43:49.717, 298.01, 100, 74232, 70
2026/07/28 12:43:50.756, 301.50, 100, 74232, 70
2026/07/28 12:43:51.793, 298.89, 100, 74232, 70
2026/07/28 12:43:52.830, 299.75, 100, 74232, 70
2026/07/28 12:43:53.870, 299.27, 100, 74232, 70
2026/07/28 12:43:54.907, 298.40, 100, 74232, 70
2026/07/28 12:43:55.944, 297.83, 100, 74232, 70
2026/07/28 12:43:56.982, 299.47, 100, 74232, 70
2026/07/28 12:43:58.019, 299.16, 100, 74232, 70
2026/07/28 12:43:59.056, 298.91, 100, 74232, 69
2026/07/28 12:44:00.089, 96.78, 0, 74232, 67
2026/07/28 12:44:01.124, 94.56, 0, 74232, 66
2026/07/28 12:44:02.155, 93.98, 0, 74232, 65
2026/07/28 12:44:03.190, 92.06, 0, 74232, 65
2026/07/28 12:44:04.275, 90.78, 0, 74232, 64
2026/07/28 12:44:05.307, 90.10, 0, 74232, 64
2026/07/28 12:44:06.340, 90.69, 0, 74232, 63
2026/07/28 12:44:07.374, 290.43, 67, 74232, 68
2026/07/28 12:44:08.410, 306.28, 100, 74232, 68
2026/07/28 12:44:09.446, 297.74, 100, 74232, 69
2026/07/28 12:44:10.479, 288.83, 100, 74232, 69
2026/07/28 12:44:11.515, 313.41, 100, 74232, 69
2026/07/28 12:44:12.551, 301.70, 100, 74232, 68
2026/07/28 12:44:13.590, 304.49, 100, 74232, 68
2026/07/28 12:44:14.629, 302.58, 100, 74232, 68
2026/07/28 12:44:15.666, 298.70, 100, 74232, 68
2026/07/28 12:44:16.705, 302.99, 100, 74232, 69
2026/07/28 12:44:17.744, 303.90, 100, 74232, 69
2026/07/28 12:44:18.782, 303.02, 100, 74232, 69
2026/07/28 12:44:19.819, 299.18, 100, 74232, 69
2026/07/28 12:44:20.858, 303.36, 100, 74232, 70
2026/07/28 12:44:21.897, 301.29, 100, 74232, 70
2026/07/28 12:44:22.995, 298.11, 100, 74232, 70
2026/07/28 12:44:24.036, 297.32, 100, 74232, 70
2026/07/28 12:44:25.075, 298.80, 100, 74232, 70
2026/07/28 12:44:26.112, 298.61, 100, 74232, 70
2026/07/28 12:44:27.151, 298.58, 100, 74232, 71
2026/07/28 12:44:28.187, 298.98, 100, 74232, 71
2026/07/28 12:44:29.226, 298.59, 100, 74232, 71
2026/07/28 12:44:30.264, 299.75, 100, 74232, 71
2026/07/28 12:44:31.302, 298.99, 100, 74232, 71
2026/07/28 12:44:32.341, 300.08, 100, 74232, 71
2026/07/28 12:44:33.378, 300.43, 100, 74232, 71
2026/07/28 12:44:34.416, 300.17, 100, 74232, 72
2026/07/28 12:44:35.453, 296.95, 100, 74232, 72
2026/07/28 12:44:36.492, 300.12, 100, 74232, 72
2026/07/28 12:44:37.531, 299.74, 100, 74232, 72
2026/07/28 12:44:38.570, 300.22, 100, 74232, 72
2026/07/28 12:44:39.607, 300.89, 100, 74232, 72
2026/07/28 12:44:40.644, 301.79, 100, 74232, 72
2026/07/28 12:44:41.681, 300.43, 100, 74232, 72
2026/07/28 12:44:42.719, 301.87, 100, 74232, 72
2026/07/28 12:44:43.757, 302.08, 100, 74232, 72
2026/07/28 12:44:44.794, 301.89, 100, 74232, 72
2026/07/28 12:44:45.836, 294.05, 100, 74232, 72
2026/07/28 12:44:46.877, 290.93, 100, 74232, 72
2026/07/28 12:44:47.915, 294.23, 100, 74232, 73
2026/07/28 12:44:48.952, 293.85, 100, 74232, 73
2026/07/28 12:44:49.990, 294.42, 100, 74232, 73
2026/07/28 12:44:51.027, 295.00, 100, 74232, 73
2026/07/28 12:44:52.066, 295.31, 100, 74232, 73
2026/07/28 12:44:53.103, 294.04, 100, 74232, 73
2026/07/28 12:44:54.140, 294.51, 100, 74232, 73
2026/07/28 12:44:55.179, 295.39, 100, 74232, 73
2026/07/28 12:44:56.216, 299.37, 100, 74232, 73
2026/07/28 12:44:57.254, 302.26, 100, 74232, 73
2026/07/28 12:44:58.291, 302.55, 100, 74232, 73
2026/07/28 12:44:59.330, 299.27, 100, 74232, 73
2026/07/28 12:45:00.367, 304.16, 100, 74232, 73
2026/07/28 12:45:01.404, 297.63, 100, 74232, 73
2026/07/28 12:45:02.445, 295.69, 100, 74232, 73
2026/07/28 12:45:03.483, 296.07, 100, 74232, 73
2026/07/28 12:45:04.521, 296.65, 100, 74232, 73
2026/07/28 12:45:05.560, 295.40, 100, 74232, 73
2026/07/28 12:45:06.600, 304.74, 100, 74232, 73
2026/07/28 12:45:07.638, 301.68, 100, 74232, 73
2026/07/28 12:45:08.676, 303.82, 100, 74232, 73
2026/07/28 12:45:09.714, 292.86, 100, 74232, 73
2026/07/28 12:45:10.751, 293.92, 100, 74232, 73
2026/07/28 12:45:11.790, 295.60, 100, 74232, 74
2026/07/28 12:45:12.828, 294.99, 100, 74232, 74
2026/07/28 12:45:13.869, 297.50, 100, 74232, 74
2026/07/28 12:45:14.907, 293.66, 100, 74232, 74
2026/07/28 12:45:15.945, 301.28, 100, 74232, 74
2026/07/28 12:45:16.984, 304.82, 100, 74232, 74
2026/07/28 12:45:18.022, 303.52, 100, 74232, 74
2026/07/28 12:45:19.060, 303.25, 100, 74232, 74
2026/07/28 12:45:20.098, 300.36, 100, 74232, 74
2026/07/28 12:45:21.135, 305.66, 100, 74232, 74
2026/07/28 12:45:22.173, 304.51, 100, 74232, 74
2026/07/28 12:45:23.209, 294.02, 100, 74232, 74
2026/07/28 12:45:24.249, 296.37, 100, 74232, 74
2026/07/28 12:45:25.287, 300.23, 100, 74232, 74
2026/07/28 12:45:26.325, 296.67, 100, 74232, 74
2026/07/28 12:45:27.363, 298.69, 100, 74232, 74
2026/07/28 12:45:28.399, 296.37, 100, 74232, 74
2026/07/28 12:45:29.437, 297.11, 100, 74232, 74
2026/07/28 12:45:30.475, 297.74, 100, 74232, 74
2026/07/28 12:45:31.520, 297.32, 100, 74232, 74
2026/07/28 12:45:32.560, 305.11, 100, 74232, 74
2026/07/28 12:45:33.596, 304.68, 100, 74232, 74
2026/07/28 12:45:34.635, 305.17, 100, 74232, 74
2026/07/28 12:45:35.673, 304.01, 100, 74232, 74
2026/07/28 12:45:36.710, 304.79, 100, 74232, 74
2026/07/28 12:45:37.756, 304.70, 100, 74232, 74
2026/07/28 12:45:38.795, 297.34, 100, 74232, 74
2026/07/28 12:45:39.833, 297.43, 100, 74232, 74
2026/07/28 12:45:40.872, 296.85, 100, 74232, 74
2026/07/28 12:45:41.911, 310.41, 100, 74232, 74
2026/07/28 12:45:42.949, 303.05, 100, 74232, 74
2026/07/28 12:45:43.989, 303.02, 100, 74232, 74
2026/07/28 12:45:45.027, 298.80, 100, 74232, 74
2026/07/28 12:45:46.063, 297.02, 100, 74232, 74
2026/07/28 12:45:47.101, 297.44, 100, 74232, 74
2026/07/28 12:45:48.139, 297.52, 100, 74232, 74
2026/07/28 12:45:49.176, 298.42, 100, 74232, 74
2026/07/28 12:45:50.216, 297.05, 100, 74232, 74
2026/07/28 12:45:51.254, 297.71, 100, 74232, 74
2026/07/28 12:45:52.291, 297.13, 100, 74232, 74
2026/07/28 12:45:53.334, 297.53, 100, 74232, 74
2026/07/28 12:45:54.372, 296.94, 100, 74232, 74
2026/07/28 12:45:55.409, 297.04, 100, 74232, 74
2026/07/28 12:45:56.447, 297.42, 100, 74232, 74
2026/07/28 12:45:57.485, 297.95, 100, 74232, 74
2026/07/28 12:45:58.525, 296.67, 100, 74232, 74
2026/07/28 12:45:59.562, 296.94, 100, 74232, 74
2026/07/28 12:46:00.600, 305.74, 100, 74232, 74
2026/07/28 12:46:01.638, 300.32, 100, 74232, 74
2026/07/28 12:46:02.676, 305.07, 100, 74232, 74
2026/07/28 12:46:03.713, 297.30, 100, 74232, 74
2026/07/28 12:46:04.750, 298.41, 100, 74232, 74
2026/07/28 12:46:05.790, 299.85, 100, 74232, 74
2026/07/28 12:46:06.829, 297.52, 100, 74232, 74
2026/07/28 12:46:07.867, 298.50, 100, 74232, 74
2026/07/28 12:46:08.906, 297.03, 100, 74232, 74
2026/07/28 12:46:09.943, 297.52, 100, 74232, 74
2026/07/28 12:46:10.981, 298.00, 100, 74232, 74
2026/07/28 12:46:12.018, 305.17, 100, 74232, 74
2026/07/28 12:46:13.057, 301.90, 100, 74232, 74
2026/07/28 12:46:14.095, 297.43, 100, 74232, 74
2026/07/28 12:46:15.133, 305.99, 100, 74232, 74
2026/07/28 12:46:16.172, 306.03, 100, 74232, 74
2026/07/28 12:46:17.209, 297.04, 100, 74232, 74
2026/07/28 12:46:18.249, 299.18, 100, 74232, 74
2026/07/28 12:46:19.286, 298.01, 100, 74232, 74
2026/07/28 12:46:20.323, 297.54, 100, 74232, 74
2026/07/28 12:46:21.362, 302.35, 100, 74232, 74
2026/07/28 12:46:22.398, 301.89, 100, 74232, 74
2026/07/28 12:46:23.440, 302.18, 100, 74232, 74
2026/07/28 12:46:24.478, 300.52, 100, 74232, 74
2026/07/28 12:46:25.515, 297.35, 100, 74232, 74
2026/07/28 12:46:26.554, 306.24, 100, 74232, 74
2026/07/28 12:46:27.592, 296.39, 100, 74232, 74
2026/07/28 12:46:28.629, 299.07, 100, 74232, 74
2026/07/28 12:46:29.667, 297.72, 100, 74232, 74
2026/07/28 12:46:30.704, 298.20, 100, 74232, 74
2026/07/28 12:46:31.742, 308.57, 100, 74232, 75
2026/07/28 12:46:32.779, 305.17, 100, 74232, 75
2026/07/28 12:46:33.819, 303.52, 100, 74232, 75
2026/07/28 12:46:34.856, 297.83, 100, 74232, 74
2026/07/28 12:46:35.894, 294.25, 100, 74232, 74
2026/07/28 12:46:36.932, 298.23, 100, 74232, 74
2026/07/28 12:46:37.970, 294.51, 100, 74232, 74
2026/07/28 12:46:39.012, 297.33, 100, 74232, 74
2026/07/28 12:46:40.051, 296.76, 100, 74232, 74
2026/07/28 12:46:41.089, 297.24, 100, 74232, 74
2026/07/28 12:46:42.128, 297.72, 100, 74232, 74
2026/07/28 12:46:43.166, 297.80, 100, 74232, 74
2026/07/28 12:46:44.204, 295.41, 100, 74232, 74
2026/07/28 12:46:45.249, 298.20, 100, 74232, 74
2026/07/28 12:46:46.287, 299.36, 100, 74232, 74
2026/07/28 12:46:47.324, 297.44, 100, 74232, 74
2026/07/28 12:46:48.365, 297.63, 100, 74232, 74
2026/07/28 12:46:49.403, 298.21, 100, 74232, 74
2026/07/28 12:46:50.440, 297.91, 100, 74232, 74
2026/07/28 12:46:51.478, 299.08, 100, 74232, 74
2026/07/28 12:46:52.515, 298.29, 100, 74232, 74
2026/07/28 12:46:53.552, 297.69, 100, 74232, 74
2026/07/28 12:46:54.588, 298.67, 100, 74232, 74
2026/07/28 12:46:55.626, 297.22, 100, 74232, 74
2026/07/28 12:46:56.663, 297.45, 100, 74232, 74
2026/07/28 12:46:57.703, 298.03, 100, 74232, 74
2026/07/28 12:46:58.741, 298.00, 100, 74232, 74
2026/07/28 12:46:59.777, 296.77, 100, 74232, 74
2026/07/28 12:47:00.815, 297.14, 100, 74232, 74
2026/07/28 12:47:01.852, 299.09, 100, 74232, 74
2026/07/28 12:47:02.890, 304.84, 100, 74232, 75
2026/07/28 12:47:03.929, 299.65, 100, 74232, 74
2026/07/28 12:47:04.969, 294.24, 100, 74232, 74
2026/07/28 12:47:06.007, 298.53, 100, 74232, 75
2026/07/28 12:47:07.047, 298.48, 100, 74232, 75
2026/07/28 12:47:08.086, 298.03, 100, 74232, 75
2026/07/28 12:47:09.124, 300.69, 100, 74232, 75
2026/07/28 12:47:10.162, 298.21, 100, 74232, 75
2026/07/28 12:47:11.200, 298.19, 100, 74232, 75
2026/07/28 12:47:12.240, 297.92, 100, 74232, 75
2026/07/28 12:47:13.278, 298.68, 100, 74232, 75
2026/07/28 12:47:14.316, 299.20, 100, 74232, 75
2026/07/28 12:47:15.355, 297.24, 100, 74232, 74
2026/07/28 12:47:16.392, 304.88, 100, 74232, 74
2026/07/28 12:47:17.430, 304.31, 100, 74232, 74
2026/07/28 12:47:18.469, 295.00, 100, 74232, 74
2026/07/28 12:47:19.508, 296.07, 100, 74232, 74
2026/07/28 12:47:20.544, 296.56, 100, 74232, 74
2026/07/28 12:47:21.582, 297.92, 100, 74232, 74
2026/07/28 12:47:22.622, 304.02, 100, 74232, 74
2026/07/28 12:47:23.660, 296.95, 100, 74232, 74
2026/07/28 12:47:24.699, 297.75, 100, 74232, 74
2026/07/28 12:47:25.737, 298.70, 100, 74232, 74
2026/07/28 12:47:26.775, 297.23, 100, 74232, 74
2026/07/28 12:47:27.818, 304.89, 100, 74232, 74
2026/07/28 12:47:28.854, 305.26, 100, 74232, 74
2026/07/28 12:47:29.892, 297.91, 100, 74232, 74
2026/07/28 12:47:30.929, 298.98, 100, 74232, 74
2026/07/28 12:47:31.967, 296.84, 100, 74232, 74
2026/07/28 12:47:33.005, 297.73, 100, 74232, 74
2026/07/28 12:47:34.042, 297.24, 100, 74232, 74
2026/07/28 12:47:35.080, 304.05, 100, 74232, 74
2026/07/28 12:47:36.118, 298.21, 100, 74232, 74
2026/07/28 12:47:37.155, 297.63, 100, 74232, 74
2026/07/28 12:47:38.196, 298.01, 100, 74232, 74
2026/07/28 12:47:39.234, 297.82, 100, 74232, 74
2026/07/28 12:47:40.274, 297.44, 100, 74232, 74
2026/07/28 12:47:41.314, 304.40, 100, 74232, 74
2026/07/28 12:47:42.351, 297.43, 100, 74232, 74
2026/07/28 12:47:43.389, 297.61, 100, 74232, 74
2026/07/28 12:47:44.428, 297.22, 100, 74232, 74
2026/07/28 12:47:45.465, 300.92, 100, 74232, 74
2026/07/28 12:47:46.503, 303.44, 100, 74232, 74
2026/07/28 12:47:47.540, 296.44, 100, 74232, 74
2026/07/28 12:47:48.581, 297.34, 100, 74232, 74
2026/07/28 12:47:49.618, 297.30, 100, 74232, 74
2026/07/28 12:47:50.656, 295.98, 100, 74232, 73
2026/07/28 12:47:51.695, 298.02, 100, 74232, 73
2026/07/28 12:47:52.733, 303.25, 100, 74232, 73
2026/07/28 12:47:53.771, 303.34, 100, 74232, 73
2026/07/28 12:47:54.808, 302.49, 100, 74232, 73
2026/07/28 12:47:55.848, 302.60, 100, 74232, 73
2026/07/28 12:47:56.886, 302.77, 100, 74232, 73
2026/07/28 12:47:57.923, 303.05, 100, 74232, 73
2026/07/28 12:47:58.959, 301.68, 100, 74232, 73
2026/07/28 12:47:59.998, 301.91, 100, 74232, 72
2026/07/28 12:48:01.034, 303.16, 100, 74232, 72
2026/07/28 12:48:02.072, 301.37, 100, 74232, 72
2026/07/28 12:48:03.109, 302.19, 100, 74232, 72
2026/07/28 12:48:04.147, 301.92, 100, 74232, 72
2026/07/28 12:48:05.185, 301.29, 100, 74232, 72
2026/07/28 12:48:06.222, 303.60, 100, 74232, 72
2026/07/28 12:48:07.260, 301.49, 100, 74232, 72
2026/07/28 12:48:08.297, 301.31, 100, 74232, 72
2026/07/28 12:48:09.336, 301.50, 100, 74232, 72
2026/07/28 12:48:10.373, 300.24, 100, 74232, 72
2026/07/28 12:48:11.411, 293.18, 100, 74232, 72
2026/07/28 12:48:12.449, 297.73, 100, 74232, 72
2026/07/28 12:48:13.486, 292.47, 100, 74232, 71
2026/07/28 12:48:14.524, 293.44, 100, 74232, 71
2026/07/28 12:48:15.562, 289.97, 100, 74232, 71
2026/07/28 12:48:16.599, 292.27, 100, 74232, 71
2026/07/28 12:48:17.636, 292.20, 100, 74232, 71
2026/07/28 12:48:18.673, 294.79, 100, 74232, 71
2026/07/28 12:48:19.712, 292.10, 100, 74232, 71
2026/07/28 12:48:20.749, 301.19, 100, 74232, 71
2026/07/28 12:48:21.788, 296.86, 100, 74232, 71
2026/07/28 12:48:22.826, 296.85, 100, 74232, 71
2026/07/28 12:48:23.864, 299.84, 100, 74232, 71
2026/07/28 12:48:24.902, 299.60, 100, 74232, 71
2026/07/28 12:48:25.940, 307.19, 100, 74232, 71
2026/07/28 12:48:26.978, 300.23, 100, 74232, 71
2026/07/28 12:48:28.015, 301.20, 100, 74232, 71
2026/07/28 12:48:29.053, 295.78, 100, 74232, 71
2026/07/28 12:48:30.091, 298.58, 100, 74232, 71
2026/07/28 12:48:31.130, 296.01, 100, 74232, 71
2026/07/28 12:48:32.168, 298.88, 100, 74232, 71
2026/07/28 12:48:33.207, 299.70, 100, 74232, 70
2026/07/28 12:48:34.245, 298.57, 100, 74232, 70
2026/07/28 12:48:35.286, 299.82, 100, 74232, 70
2026/07/28 12:48:36.325, 298.41, 100, 74232, 70
2026/07/28 12:48:37.363, 303.89, 100, 74232, 70
2026/07/28 12:48:38.401, 305.54, 100, 74232, 70
2026/07/28 12:48:39.437, 305.78, 100, 74232, 70
2026/07/28 12:48:40.475, 298.80, 100, 74232, 70
2026/07/28 12:48:41.512, 299.47, 100, 74232, 70
2026/07/28 12:48:42.550, 300.63, 100, 74232, 70
2026/07/28 12:48:43.587, 298.13, 100, 74232, 70
2026/07/28 12:48:44.624, 298.31, 100, 74232, 70
2026/07/28 12:48:45.664, 297.33, 100, 74232, 70
2026/07/28 12:48:46.701, 298.97, 100, 74232, 70
2026/07/28 12:48:47.738, 298.32, 100, 74232, 70
2026/07/28 12:48:48.774, 299.45, 100, 74232, 70
2026/07/28 12:48:49.812, 298.49, 100, 74232, 70
2026/07/28 12:48:50.850, 296.85, 100, 74232, 70
2026/07/28 12:48:51.889, 297.52, 100, 74232, 70
2026/07/28 12:48:52.930, 297.44, 100, 74232, 70
2026/07/28 12:48:53.968, 297.82, 100, 74232, 70
2026/07/28 12:48:55.005, 298.23, 100, 74232, 70
2026/07/28 12:48:56.047, 297.63, 100, 74232, 70
2026/07/28 12:48:57.085, 297.55, 100, 74232, 70
2026/07/28 12:48:58.122, 297.43, 100, 74232, 70
2026/07/28 12:48:59.160, 297.53, 100, 74232, 70
2026/07/28 12:49:00.198, 304.40, 100, 74232, 70
2026/07/28 12:49:01.236, 298.60, 100, 74232, 69
2026/07/28 12:49:02.277, 296.83, 100, 74232, 69
2026/07/28 12:49:03.316, 305.58, 100, 74232, 69
2026/07/28 12:49:04.353, 304.11, 100, 74232, 69
2026/07/28 12:49:05.389, 301.34, 100, 74232, 69
2026/07/28 12:49:06.427, 297.03, 100, 74232, 69
2026/07/28 12:49:07.467, 95.10, 11, 74232, 66
2026/07/28 12:49:08.500, 296.39, 100, 74232, 71
2026/07/28 12:49:09.535, 288.01, 100, 74232, 70
2026/07/28 12:49:10.576, 293.16, 100, 74232, 71
2026/07/28 12:49:11.609, 289.77, 100, 74232, 71
2026/07/28 12:49:12.645, 286.86, 100, 74232, 71
2026/07/28 12:49:13.681, 302.08, 100, 74232, 69
2026/07/28 12:49:14.719, 291.62, 100, 74232, 69
2026/07/28 12:49:15.757, 287.12, 100, 74232, 69
2026/07/28 12:49:16.795, 290.83, 100, 74232, 69
2026/07/28 12:49:17.833, 288.59, 100, 74232, 69
2026/07/28 12:49:18.870, 291.89, 100, 74232, 70
2026/07/28 12:49:19.908, 289.85, 100, 74232, 70
2026/07/28 12:49:20.947, 289.67, 100, 74232, 70
2026/07/28 12:49:21.984, 290.74, 100, 74232, 70
2026/07/28 12:49:23.024, 287.23, 100, 74232, 70
2026/07/28 12:49:24.061, 291.22, 100, 74232, 70
2026/07/28 12:49:25.101, 296.48, 100, 74232, 71
2026/07/28 12:49:26.139, 296.94, 100, 74232, 71
2026/07/28 12:49:27.175, 296.17, 100, 74232, 71
2026/07/28 12:49:28.212, 299.18, 100, 74232, 71
2026/07/28 12:49:29.249, 300.15, 100, 74232, 71
2026/07/28 12:49:30.286, 299.75, 100, 74232, 71
2026/07/28 12:49:31.323, 300.17, 100, 74232, 71
2026/07/28 12:49:32.360, 300.45, 100, 74232, 72
2026/07/28 12:49:33.396, 296.96, 100, 74232, 72
2026/07/28 12:49:34.433, 303.87, 100, 74232, 72
2026/07/28 12:49:35.469, 301.11, 100, 74232, 72
2026/07/28 12:49:36.505, 300.44, 100, 74232, 72
2026/07/28 12:49:37.542, 302.90, 100, 74232, 72
2026/07/28 12:49:38.580, 297.84, 100, 74232, 72
2026/07/28 12:49:39.617, 294.24, 100, 74232, 72
2026/07/28 12:49:40.654, 302.03, 100, 74232, 72
2026/07/28 12:49:41.692, 301.77, 100, 74232, 72
2026/07/28 12:49:42.731, 301.98, 100, 74232, 73
2026/07/28 12:49:43.768, 302.48, 100, 74232, 73
2026/07/28 12:49:44.805, 302.57, 100, 74232, 73
2026/07/28 12:49:45.841, 302.97, 100, 74232, 73
2026/07/28 12:49:46.878, 302.02, 100, 74232, 73
2026/07/28 12:49:47.916, 302.86, 100, 74232, 73
2026/07/28 12:49:48.953, 303.08, 100, 74232, 73
2026/07/28 12:49:49.991, 303.17, 100, 74232, 73
2026/07/28 12:49:51.029, 298.80, 100, 74232, 73
2026/07/28 12:49:52.068, 297.81, 100, 74232, 73
2026/07/28 12:49:53.105, 297.05, 100, 74232, 73
2026/07/28 12:49:54.142, 296.00, 100, 74232, 73
2026/07/28 12:49:55.178, 302.77, 100, 74232, 73
2026/07/28 12:49:56.217, 295.40, 100, 74232, 73
2026/07/28 12:49:57.255, 303.05, 100, 74232, 73
2026/07/28 12:49:58.292, 300.42, 100, 74232, 73
2026/07/28 12:49:59.334, 300.24, 100, 74232, 73
2026/07/28 12:50:00.372, 296.29, 100, 74232, 73
2026/07/28 12:50:01.409, 295.99, 100, 74232, 74
2026/07/28 12:50:02.448, 296.38, 100, 74232, 74
2026/07/28 12:50:03.484, 296.93, 100, 74232, 74
2026/07/28 12:50:04.525, 295.51, 100, 74232, 74
2026/07/28 12:50:05.564, 296.37, 100, 74232, 74
2026/07/28 12:50:06.601, 303.63, 100, 74232, 74
2026/07/28 12:50:07.638, 303.88, 100, 74232, 74
2026/07/28 12:50:08.676, 300.64, 100, 74232, 74
2026/07/28 12:50:09.714, 305.56, 100, 74232, 74
2026/07/28 12:50:10.751, 304.40, 100, 74232, 74
2026/07/28 12:50:11.792, 301.15, 100, 74232, 74
2026/07/28 12:50:12.830, 301.39, 100, 74232, 74
2026/07/28 12:50:13.870, 306.92, 100, 74232, 74
2026/07/28 12:50:14.908, 304.21, 100, 74232, 74
2026/07/28 12:50:15.945, 304.31, 100, 74232, 74
2026/07/28 12:50:16.983, 298.29, 100, 74232, 74
2026/07/28 12:50:18.020, 298.21, 100, 74232, 74
2026/07/28 12:50:19.058, 297.94, 100, 74232, 74
2026/07/28 12:50:20.096, 297.13, 100, 74232, 74
2026/07/28 12:50:21.133, 299.38, 100, 74232, 74
2026/07/28 12:50:22.170, 296.26, 100, 74232, 74
2026/07/28 12:50:23.208, 297.91, 100, 74232, 74
2026/07/28 12:50:24.246, 298.13, 100, 74232, 74
2026/07/28 12:50:25.283, 296.76, 100, 74232, 74
2026/07/28 12:50:26.321, 297.73, 100, 74232, 74
2026/07/28 12:50:27.360, 305.56, 100, 74232, 74
2026/07/28 12:50:28.399, 304.50, 100, 74232, 74
2026/07/28 12:50:29.437, 304.25, 100, 74232, 74
2026/07/28 12:50:30.476, 305.46, 100, 74232, 74
2026/07/28 12:50:31.514, 297.65, 100, 74232, 74
2026/07/28 12:50:32.553, 297.43, 100, 74232, 74
2026/07/28 12:50:33.591, 298.61, 100, 74232, 74
2026/07/28 12:50:34.629, 297.43, 100, 74232, 74
2026/07/28 12:50:35.667, 296.28, 100, 74232, 74
2026/07/28 12:50:36.704, 297.73, 100, 74232, 74
2026/07/28 12:50:37.742, 296.37, 100, 74232, 74
2026/07/28 12:50:38.781, 297.92, 100, 74232, 74
2026/07/28 12:50:39.818, 297.34, 100, 74232, 74
2026/07/28 12:50:40.855, 296.86, 100, 74232, 74
2026/07/28 12:50:41.895, 297.72, 100, 74232, 74
2026/07/28 12:50:42.935, 297.05, 100, 74232, 74
2026/07/28 12:50:43.973, 298.10, 100, 74232, 74
2026/07/28 12:50:45.011, 297.36, 100, 74232, 74
2026/07/28 12:50:46.049, 297.36, 100, 74232, 74
2026/07/28 12:50:47.087, 298.29, 100, 74232, 74
2026/07/28 12:50:48.124, 299.17, 100, 74232, 74
2026/07/28 12:50:49.165, 297.14, 100, 74232, 74
2026/07/28 12:50:50.203, 302.31, 100, 74232, 74
2026/07/28 12:50:51.243, 304.50, 100, 74232, 74
2026/07/28 12:50:52.281, 299.76, 100, 74232, 74
2026/07/28 12:50:53.318, 300.44, 100, 74232, 74
2026/07/28 12:50:54.355, 307.11, 100, 74232, 74
2026/07/28 12:50:55.393, 296.96, 100, 74232, 74
2026/07/28 12:50:56.431, 298.67, 100, 74232, 74
2026/07/28 12:50:57.468, 304.69, 100, 74232, 74
2026/07/28 12:50:58.505, 297.23, 100, 74232, 74
2026/07/28 12:50:59.544, 298.61, 100, 74232, 74
2026/07/28 12:51:00.581, 292.87, 100, 74232, 74
2026/07/28 12:51:01.622, 298.87, 100, 74232, 74
2026/07/28 12:51:02.661, 297.07, 100, 74232, 74
2026/07/28 12:51:03.698, 297.24, 100, 74232, 74
2026/07/28 12:51:04.736, 298.00, 100, 74232, 74
2026/07/28 12:51:05.773, 297.16, 100, 74232, 74
2026/07/28 12:51:06.811, 298.13, 100, 74232, 74
2026/07/28 12:51:07.849, 298.99, 100, 74232, 74
2026/07/28 12:51:08.887, 297.72, 100, 74232, 74
2026/07/28 12:51:09.925, 297.96, 100, 74232, 74
2026/07/28 12:51:10.962, 298.20, 100, 74232, 74
2026/07/28 12:51:12.002, 299.38, 100, 74232, 74
2026/07/28 12:51:13.041, 298.11, 100, 74232, 74
2026/07/28 12:51:14.079, 305.18, 100, 74232, 75
2026/07/28 12:51:15.119, 307.23, 100, 74232, 75
2026/07/28 12:51:16.156, 299.18, 100, 74232, 74
2026/07/28 12:51:17.202, 297.83, 100, 74232, 74
2026/07/28 12:51:18.240, 299.07, 100, 74232, 74
2026/07/28 12:51:19.277, 297.14, 100, 74232, 74
2026/07/28 12:51:20.317, 296.96, 100, 74232, 75
2026/07/28 12:51:21.355, 298.33, 100, 74232, 75
2026/07/28 12:51:22.393, 299.86, 100, 74232, 75
2026/07/28 12:51:23.429, 304.61, 100, 74232, 75
2026/07/28 12:51:24.467, 302.13, 100, 74232, 75
2026/07/28 12:51:25.503, 296.45, 100, 74232, 74
2026/07/28 12:51:26.541, 298.52, 100, 74232, 75
2026/07/28 12:51:27.579, 301.22, 100, 74232, 75
2026/07/28 12:51:28.619, 294.42, 100, 74232, 74
2026/07/28 12:51:29.656, 298.42, 100, 74232, 75
2026/07/28 12:51:30.692, 298.40, 100, 74232, 75
2026/07/28 12:51:31.730, 297.54, 100, 74232, 75
2026/07/28 12:51:32.767, 298.30, 100, 74232, 75
2026/07/28 12:51:33.806, 305.41, 100, 74232, 75
2026/07/28 12:51:34.843, 299.18, 100, 74232, 75
2026/07/28 12:51:35.881, 298.70, 100, 74232, 75
2026/07/28 12:51:36.919, 296.94, 100, 74232, 75
2026/07/28 12:51:37.959, 297.53, 100, 74232, 75
2026/07/28 12:51:38.997, 298.12, 100, 74232, 75
2026/07/28 12:51:40.034, 296.95, 100, 74232, 75
2026/07/28 12:51:41.072, 297.73, 100, 74232, 75
2026/07/28 12:51:42.109, 297.64, 100, 74232, 75
2026/07/28 12:51:43.150, 296.98, 100, 74232, 74
2026/07/28 12:51:44.188, 299.64, 100, 74232, 74
2026/07/28 12:51:45.226, 297.75, 100, 74232, 74
2026/07/28 12:51:46.268, 298.11, 100, 74232, 74
2026/07/28 12:51:47.306, 299.86, 100, 74232, 74
2026/07/28 12:51:48.344, 298.04, 100, 74232, 74
2026/07/28 12:51:49.382, 296.95, 100, 74232, 75
2026/07/28 12:51:50.419, 298.59, 100, 74232, 74
2026/07/28 12:51:51.456, 304.21, 100, 74232, 75
2026/07/28 12:51:52.494, 295.48, 100, 74232, 74
2026/07/28 12:51:53.533, 294.13, 100, 74232, 74
2026/07/28 12:51:54.571, 299.36, 100, 74232, 74
2026/07/28 12:51:55.610, 298.41, 100, 74232, 74
2026/07/28 12:51:56.647, 297.93, 100, 74232, 74
2026/07/28 12:51:57.685, 298.00, 100, 74232, 74
2026/07/28 12:51:58.725, 296.65, 100, 74232, 74
2026/07/28 12:51:59.764, 304.90, 100, 74232, 74
2026/07/28 12:52:00.801, 293.66, 100, 74232, 74
2026/07/28 12:52:01.839, 296.35, 100, 74232, 74
2026/07/28 12:52:02.876, 297.53, 100, 74232, 74
2026/07/28 12:52:03.916, 296.76, 100, 74232, 74
2026/07/28 12:52:04.954, 298.24, 100, 74232, 74
2026/07/28 12:52:05.990, 297.62, 100, 74232, 74
2026/07/28 12:52:07.028, 296.57, 100, 74232, 74
2026/07/28 12:52:08.065, 297.33, 100, 74232, 74
2026/07/28 12:52:09.103, 301.04, 100, 74232, 74
2026/07/28 12:52:10.141, 297.15, 100, 74232, 74
2026/07/28 12:52:11.180, 297.45, 100, 74232, 74
2026/07/28 12:52:12.218, 297.65, 100, 74232, 74
2026/07/28 12:52:13.256, 297.46, 100, 74232, 74
2026/07/28 12:52:14.293, 298.22, 100, 74232, 74
2026/07/28 12:52:15.330, 298.49, 100, 74232, 74
2026/07/28 12:52:16.367, 297.63, 100, 74232, 74
2026/07/28 12:52:17.405, 298.69, 100, 74232, 74
2026/07/28 12:52:18.445, 296.76, 100, 74232, 74
2026/07/28 12:52:19.483, 297.54, 100, 74232, 74
2026/07/28 12:52:20.521, 298.01, 100, 74232, 74
2026/07/28 12:52:21.559, 297.42, 100, 74232, 74
2026/07/28 12:52:22.596, 297.45, 100, 74232, 74
2026/07/28 12:52:23.636, 298.80, 100, 74232, 74
2026/07/28 12:52:24.674, 303.87, 100, 74232, 74
2026/07/28 12:52:25.714, 304.96, 100, 74232, 74
2026/07/28 12:52:26.751, 296.27, 100, 74232, 73
2026/07/28 12:52:27.789, 296.48, 100, 74232, 73
2026/07/28 12:52:28.826, 299.34, 100, 74232, 73
2026/07/28 12:52:29.864, 295.60, 100, 74232, 73
2026/07/28 12:52:30.903, 297.14, 100, 74232, 73
2026/07/28 12:52:31.941, 292.78, 100, 74232, 73
2026/07/28 12:52:32.978, 295.32, 100, 74232, 73
2026/07/28 12:52:34.017, 301.31, 100, 74232, 73
2026/07/28 12:52:35.054, 303.44, 100, 74232, 73
2026/07/28 12:52:36.094, 304.32, 100, 74232, 73
2026/07/28 12:52:37.132, 301.51, 100, 74232, 73
2026/07/28 12:52:38.169, 296.54, 100, 74232, 73
2026/07/28 12:52:39.211, 295.38, 100, 74232, 73
2026/07/28 12:52:40.248, 295.49, 100, 74232, 72
2026/07/28 12:52:41.285, 295.49, 100, 74232, 72
2026/07/28 12:52:42.322, 294.34, 100, 74232, 72
2026/07/28 12:52:43.360, 301.33, 100, 74232, 72
2026/07/28 12:52:44.398, 301.79, 100, 74232, 72
2026/07/28 12:52:45.436, 301.80, 100, 74232, 72
2026/07/28 12:52:46.474, 301.69, 100, 74232, 72
2026/07/28 12:52:47.512, 302.16, 100, 74232, 72
2026/07/28 12:52:48.552, 300.92, 100, 74232, 72
2026/07/28 12:52:49.590, 300.61, 100, 74232, 72
2026/07/28 12:52:50.627, 303.32, 100, 74232, 72
2026/07/28 12:52:51.665, 301.30, 100, 74232, 72
2026/07/28 12:52:52.703, 301.30, 100, 74232, 72
2026/07/28 12:52:53.743, 301.21, 100, 74232, 72
2026/07/28 12:52:54.780, 300.56, 100, 74232, 72
2026/07/28 12:52:55.818, 301.63, 100, 74232, 72
2026/07/28 12:52:56.856, 301.33, 100, 74232, 72
2026/07/28 12:52:57.894, 304.69, 100, 74232, 72
2026/07/28 12:52:58.931, 300.91, 100, 74232, 72
2026/07/28 12:52:59.969, 300.33, 100, 74232, 71
2026/07/28 12:53:01.008, 299.95, 100, 74232, 71
2026/07/28 12:53:02.046, 300.13, 100, 74232, 71
2026/07/28 12:53:03.084, 293.56, 100, 74232, 71
2026/07/28 12:53:04.122, 295.68, 100, 74232, 71
2026/07/28 12:53:05.161, 292.01, 100, 74232, 71
2026/07/28 12:53:06.199, 293.83, 100, 74232, 71
2026/07/28 12:53:07.237, 299.36, 100, 74232, 71
2026/07/28 12:53:08.275, 300.14, 100, 74232, 71
2026/07/28 12:53:09.314, 299.56, 100, 74232, 71
2026/07/28 12:53:10.351, 299.74, 100, 74232, 71
2026/07/28 12:53:11.389, 300.70, 100, 74232, 71
2026/07/28 12:53:12.427, 295.87, 100, 74232, 71
2026/07/28 12:53:13.464, 295.88, 100, 74232, 71
2026/07/28 12:53:14.503, 299.36, 100, 74232, 71
2026/07/28 12:53:15.539, 307.64, 100, 74232, 71
2026/07/28 12:53:16.578, 299.35, 100, 74232, 71
2026/07/28 12:53:17.615, 298.87, 100, 74232, 71
2026/07/28 12:53:18.654, 299.45, 100, 74232, 71
2026/07/28 12:53:19.693, 299.86, 100, 74232, 71
2026/07/28 12:53:20.730, 299.45, 100, 74232, 71
2026/07/28 12:53:21.768, 298.80, 100, 74232, 71
2026/07/28 12:53:22.806, 298.88, 100, 74232, 71
2026/07/28 12:53:23.843, 299.28, 100, 74232, 71
2026/07/28 12:53:24.881, 304.20, 100, 74232, 71
2026/07/28 12:53:25.920, 295.10, 100, 74232, 70
2026/07/28 12:53:26.958, 294.71, 100, 74232, 70
2026/07/28 12:53:28.002, 298.39, 100, 74232, 70
2026/07/28 12:53:29.040, 288.21, 100, 74232, 70
2026/07/28 12:53:30.078, 291.63, 100, 74232, 70
2026/07/28 12:53:31.115, 291.51, 100, 74232, 70
2026/07/28 12:53:32.154, 297.53, 100, 74232, 70
2026/07/28 12:53:33.192, 292.01, 100, 74232, 70
2026/07/28 12:53:34.232, 291.13, 100, 74232, 70
2026/07/28 12:53:35.270, 297.26, 100, 74232, 70
2026/07/28 12:53:36.309, 294.80, 100, 74232, 70
2026/07/28 12:53:37.347, 297.92, 100, 74232, 70
2026/07/28 12:53:38.384, 299.07, 100, 74232, 70
2026/07/28 12:53:39.422, 297.72, 100, 74232, 70
2026/07/28 12:53:40.462, 295.12, 100, 74232, 70
2026/07/28 12:53:41.503, 298.00, 100, 74232, 70
2026/07/28 12:53:42.541, 304.27, 100, 74232, 70
2026/07/28 12:53:43.577, 305.83, 100, 74232, 70
2026/07/28 12:53:44.616, 299.36, 100, 74232, 70
2026/07/28 12:53:45.653, 303.83, 100, 74232, 70
2026/07/28 12:53:46.692, 299.25, 100, 74232, 70
2026/07/28 12:53:47.729, 299.93, 100, 74232, 70
2026/07/28 12:53:48.769, 297.73, 100, 74232, 70
2026/07/28 12:53:49.807, 298.39, 100, 74232, 70
2026/07/28 12:53:50.844, 297.63, 100, 74232, 70
2026/07/28 12:53:51.882, 297.92, 100, 74232, 70
2026/07/28 12:53:52.918, 297.63, 100, 74232, 70
2026/07/28 12:53:53.960, 297.44, 100, 74232, 70
2026/07/28 12:53:54.997, 299.17, 100, 74232, 70
2026/07/28 12:53:56.034, 297.71, 100, 74232, 70
2026/07/28 12:53:57.073, 298.21, 100, 74232, 70
2026/07/28 12:53:58.111, 298.49, 100, 74232, 70
2026/07/28 12:53:59.148, 297.92, 100, 74232, 70
2026/07/28 12:54:00.186, 298.91, 100, 74232, 70
2026/07/28 12:54:01.225, 300.02, 100, 74232, 70
2026/07/28 12:54:02.263, 294.22, 100, 74232, 70
2026/07/28 12:54:03.301, 298.88, 100, 74232, 70
2026/07/28 12:54:04.341, 297.63, 100, 74232, 70
2026/07/28 12:54:05.378, 300.92, 100, 74232, 70
2026/07/28 12:54:06.416, 298.00, 100, 74232, 70
2026/07/28 12:54:07.454, 298.51, 100, 74232, 70
2026/07/28 12:54:08.491, 287.70, 0, 74232, 70
2026/07/28 12:54:09.528, 293.96, 100, 74232, 71
2026/07/28 12:54:10.566, 298.90, 100, 74232, 71
2026/07/28 12:54:11.601, 299.19, 100, 74232, 71
2026/07/28 12:54:12.636, 329.85, 100, 74232, 71
2026/07/28 12:54:13.675, 272.86, 100, 74232, 69
2026/07/28 12:54:14.713, 283.19, 100, 74232, 69
2026/07/28 12:54:15.749, 289.47, 100, 74232, 70
2026/07/28 12:54:16.786, 290.73, 100, 74232, 70
2026/07/28 12:54:17.825, 290.45, 100, 74232, 70
2026/07/28 12:54:18.863, 297.83, 100, 74232, 70
2026/07/28 12:54:19.903, 298.40, 100, 74232, 70
2026/07/28 12:54:20.941, 298.38, 100, 74232, 71
2026/07/28 12:54:21.978, 305.95, 100, 74232, 71
2026/07/28 12:54:23.016, 299.17, 100, 74232, 71
2026/07/28 12:54:24.053, 298.71, 100, 74232, 71
2026/07/28 12:54:25.091, 300.03, 100, 74232, 71
2026/07/28 12:54:26.129, 299.95, 100, 74232, 71
2026/07/28 12:54:27.166, 300.53, 100, 74232, 72
2026/07/28 12:54:28.204, 303.04, 100, 74232, 72
2026/07/28 12:54:29.241, 300.61, 100, 74232, 72
2026/07/28 12:54:30.278, 300.99, 100, 74232, 72
2026/07/28 12:54:31.316, 302.17, 100, 74232, 72
2026/07/28 12:54:32.353, 297.72, 100, 74232, 72
2026/07/28 12:54:33.389, 293.71, 100, 74232, 72
2026/07/28 12:54:34.427, 295.20, 100, 74232, 72
2026/07/28 12:54:35.464, 294.31, 100, 74232, 72
2026/07/28 12:54:36.503, 296.67, 100, 74232, 72
2026/07/28 12:54:37.543, 297.33, 100, 74232, 73
2026/07/28 12:54:38.580, 302.85, 100, 74232, 73
2026/07/28 12:54:39.618, 303.31, 100, 74232, 73
2026/07/28 12:54:40.655, 301.68, 100, 74232, 73
2026/07/28 12:54:41.692, 299.08, 100, 74232, 73
2026/07/28 12:54:42.730, 302.57, 100, 74232, 73
2026/07/28 12:54:43.767, 303.45, 100, 74232, 73
2026/07/28 12:54:44.804, 302.18, 100, 74232, 73
2026/07/28 12:54:45.841, 303.43, 100, 74232, 73
2026/07/28 12:54:46.879, 302.84, 100, 74232, 73
2026/07/28 12:54:47.917, 302.54, 100, 74232, 73
2026/07/28 12:54:48.954, 303.18, 100, 74232, 73
2026/07/28 12:54:49.994, 291.80, 100, 74232, 73
2026/07/28 12:54:51.036, 293.62, 100, 74232, 73
2026/07/28 12:54:52.074, 294.61, 100, 74232, 73
2026/07/28 12:54:53.111, 296.37, 100, 74232, 73
2026/07/28 12:54:54.147, 295.48, 100, 74232, 73
2026/07/28 12:54:55.184, 294.74, 100, 74232, 73
2026/07/28 12:54:56.224, 296.16, 100, 74232, 73
2026/07/28 12:54:57.262, 297.63, 100, 74232, 74
2026/07/28 12:54:58.299, 296.08, 100, 74232, 74
2026/07/28 12:54:59.337, 296.65, 100, 74232, 74
2026/07/28 12:55:00.375, 303.91, 100, 74232, 74
2026/07/28 12:55:01.412, 299.77, 100, 74232, 74
2026/07/28 12:55:02.449, 304.12, 100, 74232, 74
2026/07/28 12:55:03.486, 303.80, 100, 74232, 74
2026/07/28 12:55:04.522, 304.42, 100, 74232, 74
2026/07/28 12:55:05.559, 304.60, 100, 74232, 74
2026/07/28 12:55:06.597, 304.09, 100, 74232, 74
2026/07/28 12:55:07.634, 305.18, 100, 74232, 74
2026/07/28 12:55:08.672, 299.46, 100, 74232, 74
2026/07/28 12:55:09.709, 296.66, 100, 74232, 74
2026/07/28 12:55:10.747, 297.51, 100, 74232, 74
2026/07/28 12:55:11.785, 295.67, 100, 74232, 74
2026/07/28 12:55:12.821, 297.03, 100, 74232, 74
2026/07/28 12:55:13.859, 297.23, 100, 74232, 74
2026/07/28 12:55:14.897, 296.74, 100, 74232, 74
2026/07/28 12:55:15.935, 295.88, 100, 74232, 74
2026/07/28 12:55:16.974, 301.11, 100, 74232, 74
2026/07/28 12:55:18.012, 296.65, 100, 74232, 74
2026/07/28 12:55:19.052, 298.21, 100, 74232, 74
2026/07/28 12:55:20.089, 296.64, 100, 74232, 74
2026/07/28 12:55:21.127, 297.32, 100, 74232, 74
2026/07/28 12:55:22.166, 305.56, 100, 74232, 74
2026/07/28 12:55:23.204, 300.89, 100, 74232, 74
2026/07/28 12:55:24.246, 293.44, 100, 74232, 74
2026/07/28 12:55:25.284, 297.62, 100, 74232, 74
2026/07/28 12:55:26.322, 300.92, 100, 74232, 74
2026/07/28 12:55:27.365, 305.17, 100, 74232, 74
2026/07/28 12:55:28.402, 299.56, 100, 74232, 74
2026/07/28 12:55:29.439, 297.14, 100, 74232, 74
2026/07/28 12:55:30.477, 296.75, 100, 74232, 74
2026/07/28 12:55:31.514, 296.56, 100, 74232, 74
2026/07/28 12:55:32.553, 297.33, 100, 74232, 74
2026/07/28 12:55:33.591, 297.72, 100, 74232, 74
2026/07/28 12:55:34.628, 305.90, 100, 74232, 74
2026/07/28 12:55:35.666, 305.01, 100, 74232, 74
2026/07/28 12:55:36.706, 297.42, 100, 74232, 74
2026/07/28 12:55:37.744, 297.22, 100, 74232, 74
2026/07/28 12:55:38.782, 304.66, 100, 74232, 74
2026/07/28 12:55:39.824, 301.29, 100, 74232, 74
2026/07/28 12:55:40.862, 303.13, 100, 74232, 74
2026/07/28 12:55:41.900, 296.75, 100, 74232, 74
2026/07/28 12:55:42.937, 297.90, 100, 74232, 74
2026/07/28 12:55:43.976, 298.89, 100, 74232, 74
2026/07/28 12:55:45.014, 297.13, 100, 74232, 74
2026/07/28 12:55:46.052, 297.63, 100, 74232, 74
2026/07/28 12:55:47.090, 297.85, 100, 74232, 74
2026/07/28 12:55:48.128, 299.07, 100, 74232, 74
2026/07/28 12:55:49.166, 297.34, 100, 74232, 74
2026/07/28 12:55:50.205, 297.16, 100, 74232, 74
2026/07/28 12:55:51.243, 297.63, 100, 74232, 74
2026/07/28 12:55:52.280, 297.70, 100, 74232, 74
2026/07/28 12:55:53.317, 297.03, 100, 74232, 74
2026/07/28 12:55:54.355, 297.31, 100, 74232, 74
2026/07/28 12:55:55.391, 295.11, 100, 74232, 74
2026/07/28 12:55:56.429, 300.83, 100, 74232, 74
2026/07/28 12:55:57.466, 297.63, 100, 74232, 74
2026/07/28 12:55:58.503, 297.90, 100, 74232, 74
2026/07/28 12:55:59.540, 298.51, 100, 74232, 74
2026/07/28 12:56:00.578, 303.24, 100, 74232, 75
2026/07/28 12:56:01.616, 302.02, 100, 74232, 75
2026/07/28 12:56:02.655, 297.62, 100, 74232, 75
2026/07/28 12:56:03.692, 305.27, 100, 74232, 75
2026/07/28 12:56:04.730, 304.68, 100, 74232, 75
2026/07/28 12:56:05.768, 301.91, 100, 74232, 74
2026/07/28 12:56:06.808, 296.74, 100, 74232, 75
2026/07/28 12:56:07.846, 298.11, 100, 74232, 75
2026/07/28 12:56:08.886, 297.42, 100, 74232, 74
2026/07/28 12:56:09.925, 297.62, 100, 74232, 75
2026/07/28 12:56:10.964, 297.15, 100, 74232, 75
2026/07/28 12:56:12.002, 297.41, 100, 74232, 75
2026/07/28 12:56:13.040, 297.33, 100, 74232, 75
2026/07/28 12:56:14.078, 297.70, 100, 74232, 75
2026/07/28 12:56:15.118, 297.13, 100, 74232, 75
2026/07/28 12:56:16.155, 297.33, 100, 74232, 75
2026/07/28 12:56:17.193, 299.46, 100, 74232, 75
2026/07/28 12:56:18.231, 298.20, 100, 74232, 75
2026/07/28 12:56:19.268, 297.81, 100, 74232, 75
2026/07/28 12:56:20.308, 305.68, 100, 74232, 75
2026/07/28 12:56:21.347, 297.72, 100, 74232, 75
2026/07/28 12:56:22.384, 309.05, 100, 74232, 75
2026/07/28 12:56:23.422, 297.84, 100, 74232, 75
2026/07/28 12:56:24.463, 298.39, 100, 74232, 75
2026/07/28 12:56:25.501, 305.75, 100, 74232, 75
2026/07/28 12:56:26.539, 305.80, 100, 74232, 75
2026/07/28 12:56:27.579, 299.10, 100, 74232, 75
2026/07/28 12:56:28.617, 297.63, 100, 74232, 75
2026/07/28 12:56:29.656, 297.73, 100, 74232, 75
2026/07/28 12:56:30.694, 298.69, 100, 74232, 75
2026/07/28 12:56:31.735, 297.89, 100, 74232, 75
2026/07/28 12:56:32.773, 298.12, 100, 74232, 75
2026/07/28 12:56:33.811, 298.68, 100, 74232, 75
2026/07/28 12:56:34.851, 298.10, 100, 74232, 75
2026/07/28 12:56:35.891, 298.49, 100, 74232, 75
2026/07/28 12:56:36.929, 297.80, 100, 74232, 75
2026/07/28 12:56:37.966, 297.91, 100, 74232, 75
2026/07/28 12:56:39.005, 299.19, 100, 74232, 75
2026/07/28 12:56:40.043, 298.39, 100, 74232, 75
2026/07/28 12:56:41.081, 300.51, 100, 74232, 75
2026/07/28 12:56:42.120, 298.61, 100, 74232, 75
2026/07/28 12:56:43.158, 297.83, 100, 74232, 75
2026/07/28 12:56:44.197, 298.99, 100, 74232, 75
2026/07/28 12:56:45.235, 299.03, 100, 74232, 75
2026/07/28 12:56:46.271, 299.55, 100, 74232, 75
2026/07/28 12:56:47.310, 298.12, 100, 74232, 75
2026/07/28 12:56:48.348, 297.05, 100, 74232, 75
2026/07/28 12:56:49.385, 301.58, 100, 74232, 75
2026/07/28 12:56:50.422, 303.25, 100, 74232, 75
2026/07/28 12:56:51.459, 305.74, 100, 74232, 74
2026/07/28 12:56:52.497, 301.77, 100, 74232, 74
2026/07/28 12:56:53.535, 298.76, 100, 74232, 74
2026/07/28 12:56:54.574, 300.05, 100, 74232, 74
2026/07/28 12:56:55.612, 299.45, 100, 74232, 74
2026/07/28 12:56:56.649, 295.48, 100, 74232, 74
2026/07/28 12:56:57.687, 296.66, 100, 74232, 74
2026/07/28 12:56:58.726, 297.81, 100, 74232, 74
2026/07/28 12:56:59.762, 298.72, 100, 74232, 74
2026/07/28 12:57:00.799, 303.82, 100, 74232, 74
2026/07/28 12:57:01.837, 304.79, 100, 74232, 74
2026/07/28 12:57:02.876, 296.18, 100, 74232, 74
2026/07/28 12:57:03.914, 305.27, 100, 74232, 74
2026/07/28 12:57:04.951, 303.79, 100, 74232, 74
2026/07/28 12:57:05.989, 296.46, 100, 74232, 74
2026/07/28 12:57:07.026, 299.18, 100, 74232, 74
2026/07/28 12:57:08.063, 292.98, 100, 74232, 74
2026/07/28 12:57:09.100, 293.16, 100, 74232, 74
2026/07/28 12:57:10.137, 296.66, 100, 74232, 74
2026/07/28 12:57:11.174, 297.32, 100, 74232, 74
2026/07/28 12:57:12.212, 296.64, 100, 74232, 74
2026/07/28 12:57:13.248, 296.92, 100, 74232, 74
2026/07/28 12:57:14.287, 298.12, 100, 74232, 74
2026/07/28 12:57:15.323, 296.27, 100, 74232, 74
2026/07/28 12:57:16.360, 296.85, 100, 74232, 74
2026/07/28 12:57:17.397, 297.22, 100, 74232, 74
2026/07/28 12:57:18.433, 292.39, 100, 74232, 74
2026/07/28 12:57:19.470, 297.94, 100, 74232, 74
2026/07/28 12:57:20.507, 296.65, 100, 74232, 73
2026/07/28 12:57:21.544, 295.88, 100, 74232, 73
2026/07/28 12:57:22.581, 296.47, 100, 74232, 73
2026/07/28 12:57:23.618, 295.10, 100, 74232, 73
2026/07/28 12:57:24.654, 296.34, 100, 74232, 73
2026/07/28 12:57:25.692, 296.07, 100, 74232, 73
2026/07/28 12:57:26.728, 296.44, 100, 74232, 73
2026/07/28 12:57:27.766, 295.69, 100, 74232, 73
2026/07/28 12:57:28.803, 296.17, 100, 74232, 73
2026/07/28 12:57:29.841, 295.42, 100, 74232, 73
2026/07/28 12:57:30.877, 302.07, 100, 74232, 73
2026/07/28 12:57:31.916, 302.48, 100, 74232, 73
2026/07/28 12:57:32.953, 299.21, 100, 74232, 73
2026/07/28 12:57:33.990, 302.46, 100, 74232, 73
2026/07/28 12:57:35.027, 301.50, 100, 74232, 73
2026/07/28 12:57:36.065, 302.97, 100, 74232, 73
2026/07/28 12:57:37.101, 302.46, 100, 74232, 73
2026/07/28 12:57:38.138, 302.48, 100, 74232, 73
2026/07/28 12:57:39.174, 302.40, 100, 74232, 72
2026/07/28 12:57:40.210, 298.40, 100, 74232, 72
2026/07/28 12:57:41.247, 300.99, 100, 74232, 72
2026/07/28 12:57:42.285, 301.00, 100, 74232, 72
2026/07/28 12:57:43.323, 294.05, 100, 74232, 72
2026/07/28 12:57:44.361, 293.74, 100, 74232, 72
2026/07/28 12:57:45.399, 297.73, 100, 74232, 72
2026/07/28 12:57:46.435, 289.49, 100, 74232, 72
2026/07/28 12:57:47.473, 295.47, 100, 74232, 72
2026/07/28 12:57:48.510, 293.55, 100, 74232, 72
2026/07/28 12:57:49.548, 293.36, 100, 74232, 72
2026/07/28 12:57:50.585, 299.76, 100, 74232, 72
2026/07/28 12:57:51.622, 296.96, 100, 74232, 72
2026/07/28 12:57:52.659, 293.37, 100, 74232, 72
2026/07/28 12:57:53.696, 297.90, 100, 74232, 72
2026/07/28 12:57:54.734, 305.52, 100, 74232, 72
2026/07/28 12:57:55.774, 300.73, 100, 74232, 72
2026/07/28 12:57:56.812, 302.00, 100, 74232, 72
2026/07/28 12:57:57.851, 301.01, 100, 74232, 71
2026/07/28 12:57:58.888, 300.43, 100, 74232, 71
2026/07/28 12:57:59.926, 299.45, 100, 74232, 71
2026/07/28 12:58:00.963, 300.25, 100, 74232, 71
2026/07/28 12:58:02.000, 307.02, 100, 74232, 71
2026/07/28 12:58:03.038, 300.33, 100, 74232, 71
2026/07/28 12:58:04.076, 300.24, 100, 74232, 71
2026/07/28 12:58:05.114, 299.38, 100, 74232, 71
2026/07/28 12:58:06.152, 301.02, 100, 74232, 71
2026/07/28 12:58:07.191, 300.42, 100, 74232, 71
2026/07/28 12:58:08.229, 300.43, 100, 74232, 71
2026/07/28 12:58:09.266, 301.02, 100, 74232, 71
2026/07/28 12:58:10.304, 298.78, 100, 74232, 71
2026/07/28 12:58:11.342, 300.14, 100, 74232, 71
2026/07/28 12:58:12.380, 300.14, 100, 74232, 71
2026/07/28 12:58:13.419, 293.17, 100, 74232, 71
2026/07/28 12:58:14.457, 291.91, 100, 74232, 71
2026/07/28 12:58:15.495, 288.40, 100, 74232, 71
2026/07/28 12:58:16.532, 298.59, 100, 74232, 71
2026/07/28 12:58:17.573, 300.45, 100, 74232, 71
2026/07/28 12:58:18.614, 298.48, 100, 74232, 71
2026/07/28 12:58:19.651, 307.30, 100, 74232, 71
2026/07/28 12:58:20.690, 307.19, 100, 74232, 71
2026/07/28 12:58:21.728, 300.04, 100, 74232, 71
2026/07/28 12:58:22.769, 299.11, 100, 74232, 71
2026/07/28 12:58:23.806, 298.89, 100, 74232, 71
2026/07/28 12:58:24.844, 296.25, 100, 74232, 70
2026/07/28 12:58:25.882, 299.00, 100, 74232, 71
2026/07/28 12:58:26.920, 300.24, 100, 74232, 70
2026/07/28 12:58:27.959, 299.74, 100, 74232, 70
2026/07/28 12:58:28.997, 306.54, 100, 74232, 70
2026/07/28 12:58:30.035, 298.97, 100, 74232, 70
2026/07/28 12:58:31.073, 300.49, 100, 74232, 70
2026/07/28 12:58:32.110, 302.07, 100, 74232, 70
2026/07/28 12:58:33.149, 292.38, 100, 74232, 70
2026/07/28 12:58:34.187, 291.32, 100, 74232, 70
2026/07/28 12:58:35.225, 291.81, 100, 74232, 70
2026/07/28 12:58:36.262, 295.10, 100, 74232, 70
2026/07/28 12:58:37.300, 300.04, 100, 74232, 70
2026/07/28 12:58:38.338, 295.30, 100, 74232, 70
2026/07/28 12:58:39.376, 304.50, 100, 74232, 70
2026/07/28 12:58:40.413, 302.89, 100, 74232, 70
2026/07/28 12:58:41.451, 302.38, 100, 74232, 70
2026/07/28 12:58:42.490, 298.88, 100, 74232, 70
2026/07/28 12:58:43.528, 298.88, 100, 74232, 70
2026/07/28 12:58:44.567, 301.96, 100, 74232, 70
2026/07/28 12:58:45.604, 298.78, 100, 74232, 70
2026/07/28 12:58:46.646, 299.26, 100, 74232, 70
2026/07/28 12:58:47.684, 296.93, 100, 74232, 70
2026/07/28 12:58:48.721, 297.90, 100, 74232, 70
2026/07/28 12:58:49.759, 298.49, 100, 74232, 70
2026/07/28 12:58:50.796, 300.59, 100, 74232, 70
2026/07/28 12:58:51.835, 298.22, 100, 74232, 70
2026/07/28 12:58:52.872, 298.20, 100, 74232, 70
2026/07/28 12:58:53.910, 298.20, 100, 74232, 70
2026/07/28 12:58:54.948, 298.42, 100, 74232, 70
2026/07/28 12:58:55.985, 298.99, 100, 74232, 70
2026/07/28 12:58:57.028, 299.47, 100, 74232, 70
2026/07/28 12:58:58.065, 297.82, 100, 74232, 70
2026/07/28 12:58:59.103, 297.95, 100, 74232, 70
2026/07/28 12:59:00.141, 298.30, 100, 74232, 70
2026/07/28 12:59:01.179, 294.23, 100, 74232, 70
2026/07/28 12:59:02.217, 298.23, 100, 74232, 70
2026/07/28 12:59:03.255, 297.04, 100, 74232, 70
2026/07/28 12:59:04.292, 298.87, 100, 74232, 70
2026/07/28 12:59:05.330, 298.68, 100, 74232, 70
2026/07/28 12:59:06.368, 304.47, 100, 74232, 70
2026/07/28 12:59:07.405, 295.10, 100, 74232, 70
2026/07/28 12:59:08.446, 306.71, 100, 74232, 70
2026/07/28 12:59:09.482, 94.42, 0, 74232, 66
2026/07/28 12:59:10.515, 93.41, 0, 74232, 65
2026/07/28 12:59:11.548, 93.00, 0, 74232, 65
2026/07/28 12:59:12.580, 92.30, 0, 74232, 64
2026/07/28 12:59:13.611, 90.45, 0, 74232, 64
2026/07/28 12:59:14.644, 91.64, 0, 74232, 63
2026/07/28 12:59:15.676, 90.62, 0, 74232, 63
2026/07/28 12:59:16.708, 90.32, 0, 74232, 63
2026/07/28 12:59:17.740, 90.12, 0, 74232, 62
2026/07/28 12:59:18.772, 88.12, 0, 74232, 62
2026/07/28 12:59:19.804, 89.58, 0, 74232, 62
2026/07/28 12:59:20.836, 88.06, 0, 74232, 62
2026/07/28 12:59:21.868, 88.83, 0, 74232, 61
2026/07/28 12:59:22.900, 88.73, 0, 74232, 61
2026/07/28 12:59:23.933, 88.82, 0, 74232, 61
2026/07/28 12:59:24.965, 314.82, 100, 74232, 66
2026/07/28 12:59:26.002, 306.17, 100, 74232, 66
2026/07/28 12:59:27.037, 295.55, 100, 74232, 67
2026/07/28 12:59:28.071, 321.71, 100, 74232, 67
2026/07/28 12:59:29.105, 309.93, 100, 74232, 68
2026/07/28 12:59:30.140, 306.56, 100, 74232, 66
2026/07/28 12:59:31.176, 298.00, 100, 74232, 67
2026/07/28 12:59:32.214, 298.99, 100, 74232, 67
2026/07/28 12:59:33.251, 298.51, 100, 74232, 67
2026/07/28 12:59:34.290, 298.87, 100, 74232, 67
2026/07/28 12:59:35.326, 301.67, 100, 74232, 68
2026/07/28 12:59:36.363, 301.18, 100, 74232, 68
2026/07/28 12:59:37.401, 303.44, 100, 74232, 68
2026/07/28 12:59:38.440, 301.29, 100, 74232, 68
2026/07/28 12:59:39.478, 302.26, 100, 74232, 69
2026/07/28 12:59:40.514, 299.58, 100, 74232, 69
2026/07/28 12:59:41.551, 302.45, 100, 74232, 69
2026/07/28 12:59:42.589, 303.91, 100, 74232, 69
2026/07/28 12:59:43.626, 304.03, 100, 74232, 69
2026/07/28 12:59:44.663, 299.27, 100, 74232, 70
2026/07/28 12:59:45.700, 297.04, 100, 74232, 70
2026/07/28 12:59:46.738, 297.56, 100, 74232, 70
2026/07/28 12:59:47.774, 300.74, 100, 74232, 70
2026/07/28 12:59:48.810, 303.04, 100, 74232, 70
2026/07/28 12:59:49.847, 304.89, 100, 74232, 70
2026/07/28 12:59:50.885, 299.74, 100, 74232, 71
2026/07/28 12:59:51.926, 298.51, 100, 74232, 71
2026/07/28 12:59:52.964, 299.35, 100, 74232, 71
2026/07/28 12:59:54.001, 299.64, 100, 74232, 71
2026/07/28 12:59:55.043, 305.64, 100, 74232, 71
2026/07/28 12:59:56.081, 306.12, 100, 74232, 71
2026/07/28 12:59:57.121, 302.77, 100, 74232, 71
2026/07/28 12:59:58.159, 301.01, 100, 74232, 71
2026/07/28 12:59:59.196, 294.41, 100, 74232, 71
2026/07/28 13:00:00.233, 300.45, 100, 74232, 72
2026/07/28 13:00:01.271, 300.45, 100, 74232, 72
2026/07/28 13:00:02.310, 301.80, 100, 74232, 72
2026/07/28 13:00:03.347, 302.03, 100, 74232, 72
2026/07/28 13:00:04.385, 301.23, 100, 74232, 72
2026/07/28 13:00:05.423, 300.82, 100, 74232, 72
2026/07/28 13:00:06.460, 301.88, 100, 74232, 72
2026/07/28 13:00:07.498, 300.54, 100, 74232, 72
2026/07/28 13:00:08.535, 298.49, 100, 74232, 72
2026/07/28 13:00:09.572, 293.93, 100, 74232, 72
2026/07/28 13:00:10.610, 294.93, 100, 74232, 72
2026/07/28 13:00:11.648, 294.41, 100, 74232, 73
2026/07/28 13:00:12.684, 293.85, 100, 74232, 73
2026/07/28 13:00:13.722, 295.12, 100, 74232, 73
2026/07/28 13:00:14.759, 294.62, 100, 74232, 73
2026/07/28 13:00:15.796, 302.69, 100, 74232, 73
2026/07/28 13:00:16.834, 301.51, 100, 74232, 73
2026/07/28 13:00:17.871, 301.70, 100, 74232, 73
2026/07/28 13:00:18.908, 295.20, 100, 74232, 73
2026/07/28 13:00:19.951, 301.79, 100, 74232, 73
2026/07/28 13:00:20.990, 299.06, 100, 74232, 73
2026/07/28 13:00:22.028, 305.16, 100, 74232, 73
2026/07/28 13:00:23.066, 303.13, 100, 74232, 73
2026/07/28 13:00:24.103, 304.18, 100, 74232, 73
2026/07/28 13:00:25.141, 295.58, 100, 74232, 73
2026/07/28 13:00:26.178, 295.97, 100, 74232, 74
2026/07/28 13:00:27.215, 295.60, 100, 74232, 74
2026/07/28 13:00:28.251, 298.19, 100, 74232, 74
2026/07/28 13:00:29.288, 295.48, 100, 74232, 74
2026/07/28 13:00:30.325, 297.15, 100, 74232, 74
2026/07/28 13:00:31.361, 297.64, 100, 74232, 74
2026/07/28 13:00:32.399, 296.36, 100, 74232, 74
2026/07/28 13:00:33.436, 296.17, 100, 74232, 74
2026/07/28 13:00:34.474, 296.57, 100, 74232, 74
2026/07/28 13:00:35.511, 297.22, 100, 74232, 74
2026/07/28 13:00:36.547, 304.11, 100, 74232, 74
2026/07/28 13:00:37.584, 303.86, 100, 74232, 74
2026/07/28 13:00:38.621, 296.75, 100, 74232, 74
2026/07/28 13:00:39.658, 302.79, 100, 74232, 74
2026/07/28 13:00:40.694, 304.78, 100, 74232, 74
2026/07/28 13:00:41.731, 303.12, 100, 74232, 74
2026/07/28 13:00:42.769, 304.81, 100, 74232, 74
2026/07/28 13:00:43.806, 298.67, 100, 74232, 74
2026/07/28 13:00:44.843, 295.33, 100, 74232, 74
2026/07/28 13:00:45.879, 297.44, 100, 74232, 74
2026/07/28 13:00:46.916, 295.98, 100, 74232, 74
2026/07/28 13:00:47.953, 299.35, 100, 74232, 74
2026/07/28 13:00:48.990, 297.62, 100, 74232, 74
2026/07/28 13:00:50.028, 296.56, 100, 74232, 74
2026/07/28 13:00:51.066, 297.44, 100, 74232, 74
2026/07/28 13:00:52.105, 297.92, 100, 74232, 74
2026/07/28 13:00:53.143, 297.13, 100, 74232, 74
2026/07/28 13:00:54.179, 296.93, 100, 74232, 74
2026/07/28 13:00:55.218, 297.73, 100, 74232, 74
2026/07/28 13:00:56.255, 298.02, 100, 74232, 74
2026/07/28 13:00:57.293, 297.83, 100, 74232, 74
2026/07/28 13:00:58.331, 297.92, 100, 74232, 74
2026/07/28 13:00:59.368, 299.19, 100, 74232, 74
2026/07/28 13:01:00.409, 297.32, 100, 74232, 74
2026/07/28 13:01:01.447, 298.39, 100, 74232, 74
2026/07/28 13:01:02.484, 301.12, 100, 74232, 74
2026/07/28 13:01:03.522, 298.02, 100, 74232, 74
2026/07/28 13:01:04.559, 297.12, 100, 74232, 74
2026/07/28 13:01:05.598, 297.88, 100, 74232, 74
2026/07/28 13:01:06.635, 301.10, 100, 74232, 75
2026/07/28 13:01:07.673, 297.70, 100, 74232, 74
2026/07/28 13:01:08.711, 305.37, 100, 74232, 75
2026/07/28 13:01:09.749, 297.71, 100, 74232, 74
2026/07/28 13:01:10.788, 297.43, 100, 74232, 74
2026/07/28 13:01:11.826, 298.77, 100, 74232, 74
2026/07/28 13:01:12.862, 297.82, 100, 74232, 75
2026/07/28 13:01:13.901, 297.34, 100, 74232, 75
2026/07/28 13:01:14.938, 297.34, 100, 74232, 75
2026/07/28 13:01:15.982, 298.78, 100, 74232, 75
2026/07/28 13:01:17.018, 300.91, 100, 74232, 75
2026/07/28 13:01:18.057, 305.56, 100, 74232, 75
2026/07/28 13:01:19.097, 306.15, 100, 74232, 75
2026/07/28 13:01:20.135, 294.80, 100, 74232, 75
2026/07/28 13:01:21.173, 297.21, 100, 74232, 75
2026/07/28 13:01:22.210, 299.26, 100, 74232, 75
2026/07/28 13:01:23.249, 298.48, 100, 74232, 75
2026/07/28 13:01:24.287, 298.12, 100, 74232, 75
2026/07/28 13:01:25.324, 298.19, 100, 74232, 75
2026/07/28 13:01:26.362, 298.11, 100, 74232, 75
2026/07/28 13:01:27.399, 298.64, 100, 74232, 75
2026/07/28 13:01:28.437, 297.63, 100, 74232, 75
2026/07/28 13:01:29.474, 298.42, 100, 74232, 75
2026/07/28 13:01:30.512, 298.50, 100, 74232, 75
2026/07/28 13:01:31.550, 297.83, 100, 74232, 75
2026/07/28 13:01:32.589, 297.23, 100, 74232, 75
2026/07/28 13:01:33.627, 297.35, 100, 74232, 75
2026/07/28 13:01:34.665, 298.00, 100, 74232, 75
2026/07/28 13:01:35.703, 297.68, 100, 74232, 75
2026/07/28 13:01:36.739, 298.60, 100, 74232, 75
2026/07/28 13:01:37.778, 297.89, 100, 74232, 75
2026/07/28 13:01:38.817, 298.32, 100, 74232, 75
2026/07/28 13:01:39.855, 298.89, 100, 74232, 75
2026/07/28 13:01:40.893, 298.00, 100, 74232, 75
2026/07/28 13:01:41.932, 298.10, 100, 74232, 75
2026/07/28 13:01:42.968, 304.12, 100, 74232, 75
2026/07/28 13:01:44.006, 299.37, 100, 74232, 75
2026/07/28 13:01:45.043, 298.98, 100, 74232, 75
2026/07/28 13:01:46.082, 298.39, 100, 74232, 75
2026/07/28 13:01:47.119, 299.83, 100, 74232, 75
2026/07/28 13:01:48.157, 301.49, 100, 74232, 75
2026/07/28 13:01:49.195, 298.87, 100, 74232, 75
2026/07/28 13:01:50.232, 301.60, 100, 74232, 75
2026/07/28 13:01:51.270, 296.88, 100, 74232, 75
2026/07/28 13:01:52.307, 301.11, 100, 74232, 75
2026/07/28 13:01:53.346, 297.93, 100, 74232, 75
2026/07/28 13:01:54.384, 298.29, 100, 74232, 75
2026/07/28 13:01:55.422, 298.30, 100, 74232, 75
2026/07/28 13:01:56.464, 299.47, 100, 74232, 75
2026/07/28 13:01:57.503, 302.66, 100, 74232, 75
2026/07/28 13:01:58.541, 298.29, 100, 74232, 75
2026/07/28 13:01:59.577, 299.57, 100, 74232, 75
2026/07/28 13:02:00.616, 298.22, 100, 74232, 75
2026/07/28 13:02:01.653, 298.31, 100, 74232, 75
2026/07/28 13:02:02.692, 297.53, 100, 74232, 75
2026/07/28 13:02:03.730, 298.29, 100, 74232, 75
2026/07/28 13:02:04.767, 297.46, 100, 74232, 75
2026/07/28 13:02:05.805, 297.72, 100, 74232, 75
2026/07/28 13:02:06.843, 300.35, 100, 74232, 74
2026/07/28 13:02:07.881, 297.41, 100, 74232, 75
2026/07/28 13:02:08.919, 298.02, 100, 74232, 75
2026/07/28 13:02:09.957, 305.67, 100, 74232, 75
2026/07/28 13:02:10.993, 305.41, 100, 74232, 74
2026/07/28 13:02:12.031, 298.29, 100, 74232, 74
2026/07/28 13:02:13.069, 297.64, 100, 74232, 74
2026/07/28 13:02:14.107, 297.73, 100, 74232, 74
2026/07/28 13:02:15.146, 297.26, 100, 74232, 74
2026/07/28 13:02:16.183, 301.60, 100, 74232, 74
2026/07/28 13:02:17.222, 305.19, 100, 74232, 74
2026/07/28 13:02:18.260, 296.95, 100, 74232, 74
2026/07/28 13:02:19.297, 295.77, 100, 74232, 74
2026/07/28 13:02:20.335, 296.77, 100, 74232, 74
2026/07/28 13:02:21.373, 297.36, 100, 74232, 74
2026/07/28 13:02:22.412, 296.75, 100, 74232, 74
2026/07/28 13:02:23.449, 299.15, 100, 74232, 74
2026/07/28 13:02:24.487, 301.10, 100, 74232, 74
2026/07/28 13:02:25.524, 301.22, 100, 74232, 74
2026/07/28 13:02:26.562, 301.78, 100, 74232, 74
2026/07/28 13:02:27.601, 301.02, 100, 74232, 74
2026/07/28 13:02:28.640, 301.23, 100, 74232, 74
2026/07/28 13:02:29.677, 300.34, 100, 74232, 74
2026/07/28 13:02:30.714, 305.29, 100, 74232, 74
2026/07/28 13:02:31.752, 297.44, 100, 74232, 74
2026/07/28 13:02:32.789, 297.14, 100, 74232, 74
2026/07/28 13:02:33.826, 297.33, 100, 74232, 74
2026/07/28 13:02:34.863, 297.04, 100, 74232, 74
2026/07/28 13:02:35.900, 293.16, 100, 74232, 74
2026/07/28 13:02:36.943, 298.89, 100, 74232, 74
2026/07/28 13:02:37.980, 296.46, 100, 74232, 74
2026/07/28 13:02:39.017, 298.32, 100, 74232, 74
2026/07/28 13:02:40.054, 297.45, 100, 74232, 74
2026/07/28 13:02:41.090, 297.91, 100, 74232, 74
2026/07/28 13:02:42.127, 298.29, 100, 74232, 74
2026/07/28 13:02:43.163, 297.43, 100, 74232, 74
2026/07/28 13:02:44.200, 296.67, 100, 74232, 74
2026/07/28 13:02:45.238, 296.17, 100, 74232, 74
2026/07/28 13:02:46.276, 303.58, 100, 74232, 73
2026/07/28 13:02:47.313, 297.55, 100, 74232, 73
2026/07/28 13:02:48.355, 302.37, 100, 74232, 73
2026/07/28 13:02:49.391, 303.15, 100, 74232, 73
2026/07/28 13:02:50.426, 299.38, 100, 74232, 73
2026/07/28 13:02:51.463, 303.24, 100, 74232, 73
2026/07/28 13:02:52.500, 303.63, 100, 74232, 73
2026/07/28 13:02:53.538, 296.77, 100, 74232, 73
2026/07/28 13:02:54.576, 304.34, 100, 74232, 73
2026/07/28 13:02:55.613, 303.24, 100, 74232, 73
2026/07/28 13:02:56.650, 302.95, 100, 74232, 73
2026/07/28 13:02:57.686, 290.94, 100, 74232, 72
2026/07/28 13:02:58.723, 290.45, 100, 74232, 72
2026/07/28 13:02:59.761, 296.85, 100, 74232, 72
2026/07/28 13:03:00.797, 296.47, 100, 74232, 72
2026/07/28 13:03:01.834, 294.72, 100, 74232, 72
2026/07/28 13:03:02.870, 294.62, 100, 74232, 72
2026/07/28 13:03:03.908, 300.91, 100, 74232, 72
2026/07/28 13:03:04.944, 293.65, 100, 74232, 72
2026/07/28 13:03:05.981, 293.55, 100, 74232, 72
2026/07/28 13:03:07.018, 302.36, 100, 74232, 71
2026/07/28 13:03:08.055, 301.32, 100, 74232, 71
2026/07/28 13:03:09.091, 300.93, 100, 74232, 71
2026/07/28 13:03:10.129, 300.06, 100, 74232, 71
2026/07/28 13:03:11.167, 293.09, 100, 74232, 71
2026/07/28 13:03:12.205, 292.59, 100, 74232, 71
2026/07/28 13:03:13.244, 301.58, 100, 74232, 71
2026/07/28 13:03:14.281, 299.47, 100, 74232, 71
2026/07/28 13:03:15.318, 299.56, 100, 74232, 71
2026/07/28 13:03:16.355, 301.91, 100, 74232, 71
2026/07/28 13:03:17.395, 299.46, 100, 74232, 71
2026/07/28 13:03:18.433, 300.17, 100, 74232, 71
2026/07/28 13:03:19.470, 298.49, 100, 74232, 71
2026/07/28 13:03:20.508, 302.28, 100, 74232, 70
2026/07/28 13:03:21.545, 299.08, 100, 74232, 70
2026/07/28 13:03:22.583, 298.61, 100, 74232, 70
2026/07/28 13:03:23.621, 299.07, 100, 74232, 70
2026/07/28 13:03:24.659, 298.51, 100, 74232, 70
2026/07/28 13:03:25.696, 298.21, 100, 74232, 70
2026/07/28 13:03:26.739, 297.93, 100, 74232, 70
2026/07/28 13:03:27.777, 300.43, 100, 74232, 70
2026/07/28 13:03:28.814, 298.39, 100, 74232, 70
2026/07/28 13:03:29.852, 301.19, 100, 74232, 70
2026/07/28 13:03:30.889, 294.54, 100, 74232, 70
2026/07/28 13:03:31.927, 297.82, 100, 74232, 70
2026/07/28 13:03:32.964, 297.33, 100, 74232, 70
2026/07/28 13:03:34.002, 299.46, 100, 74232, 70
2026/07/28 13:03:35.040, 286.64, 100, 74232, 69
2026/07/28 13:03:36.078, 291.23, 100, 74232, 69
2026/07/28 13:03:37.117, 288.00, 100, 74232, 69
2026/07/28 13:03:38.156, 289.94, 100, 74232, 69
2026/07/28 13:03:39.194, 290.46, 100, 74232, 69
2026/07/28 13:03:40.230, 288.81, 100, 74232, 69
2026/07/28 13:03:41.268, 289.57, 100, 74232, 69
2026/07/28 13:03:42.307, 295.50, 100, 74232, 69
2026/07/28 13:03:43.344, 297.43, 100, 74232, 69
2026/07/28 13:03:44.381, 297.74, 100, 74232, 69
2026/07/28 13:03:45.417, 304.60, 100, 74232, 69
2026/07/28 13:03:46.454, 303.66, 100, 74232, 69
2026/07/28 13:03:47.492, 302.74, 100, 74232, 69
2026/07/28 13:03:48.528, 297.92, 100, 74232, 69
2026/07/28 13:03:49.565, 303.47, 100, 74232, 69
2026/07/28 13:03:50.602, 303.62, 100, 74232, 69
2026/07/28 13:03:51.639, 303.06, 100, 74232, 69
2026/07/28 13:03:52.676, 303.83, 100, 74232, 69
2026/07/28 13:03:53.713, 304.11, 100, 74232, 69
2026/07/28 13:03:54.750, 302.95, 100, 74232, 69
2026/07/28 13:03:55.789, 305.28, 100, 74232, 69
2026/07/28 13:03:56.829, 303.14, 100, 74232, 69
2026/07/28 13:03:57.867, 303.63, 100, 74232, 69
2026/07/28 13:03:58.905, 298.13, 100, 74232, 69
2026/07/28 13:03:59.944, 292.18, 100, 74232, 69
2026/07/28 13:04:00.982, 295.87, 100, 74232, 69
2026/07/28 13:04:02.018, 295.90, 100, 74232, 69
2026/07/28 13:04:03.054, 296.66, 100, 74232, 69
2026/07/28 13:04:04.090, 297.92, 100, 74232, 68
2026/07/28 13:04:05.128, 296.94, 100, 74232, 68
2026/07/28 13:04:06.166, 296.06, 100, 74232, 68
2026/07/28 13:04:07.204, 295.99, 100, 74232, 68
2026/07/28 13:04:08.243, 287.85, 100, 74232, 68
2026/07/28 13:04:09.279, 288.59, 100, 74232, 68
2026/07/28 13:04:10.316, 297.81, 100, 74232, 68
2026/07/28 13:04:11.354, 296.37, 100, 74232, 68
2026/07/28 13:04:12.393, 296.27, 100, 74232, 68
2026/07/28 13:04:13.430, 295.40, 100, 74232, 68
2026/07/28 13:04:14.468, 294.90, 100, 74232, 68
2026/07/28 13:04:15.505, 295.60, 100, 74232, 68
2026/07/28 13:04:16.543, 302.85, 100, 74232, 68
2026/07/28 13:04:17.580, 296.37, 100, 74232, 68
2026/07/28 13:04:18.617, 299.17, 100, 74232, 68
2026/07/28 13:04:19.654, 299.08, 100, 74232, 68
2026/07/28 13:04:20.695, 298.49, 100, 74232, 68
2026/07/28 13:04:21.733, 301.86, 100, 74232, 68
2026/07/28 13:04:22.770, 295.68, 100, 74232, 68
2026/07/28 13:04:23.807, 296.05, 100, 74232, 68
2026/07/28 13:04:24.843, 92.47, 31, 74232, 65
2026/07/28 13:04:25.878, 299.53, 100, 74232, 70
2026/07/28 13:04:26.914, 305.11, 100, 74232, 69
2026/07/28 13:04:27.948, 310.19, 100, 74232, 69
2026/07/28 13:04:28.984, 291.42, 100, 74232, 69
2026/07/28 13:04:30.022, 298.89, 100, 74232, 69
2026/07/28 13:04:31.057, 301.80, 100, 74232, 68
2026/07/28 13:04:32.095, 303.25, 100, 74232, 68
2026/07/28 13:04:33.132, 294.80, 100, 74232, 68
2026/07/28 13:04:34.168, 295.48, 100, 74232, 68
2026/07/28 13:04:35.205, 296.55, 100, 74232, 69
2026/07/28 13:04:36.242, 296.26, 100, 74232, 69
2026/07/28 13:04:37.280, 296.64, 100, 74232, 69
2026/07/28 13:04:38.317, 296.45, 100, 74232, 69
2026/07/28 13:04:39.356, 297.25, 100, 74232, 69
2026/07/28 13:04:40.394, 298.40, 100, 74232, 70
2026/07/28 13:04:41.432, 293.94, 100, 74232, 70
2026/07/28 13:04:42.470, 297.16, 100, 74232, 70
2026/07/28 13:04:43.507, 297.73, 100, 74232, 70
2026/07/28 13:04:44.543, 298.71, 100, 74232, 70
2026/07/28 13:04:45.583, 299.08, 100, 74232, 70
2026/07/28 13:04:46.619, 298.99, 100, 74232, 71
2026/07/28 13:04:47.655, 298.50, 100, 74232, 71
2026/07/28 13:04:48.692, 299.84, 100, 74232, 71
2026/07/28 13:04:49.729, 298.89, 100, 74232, 71
2026/07/28 13:04:50.766, 299.27, 100, 74232, 71
2026/07/28 13:04:51.803, 299.86, 100, 74232, 71
2026/07/28 13:04:52.842, 302.11, 100, 74232, 72
2026/07/28 13:04:53.879, 300.08, 100, 74232, 72
2026/07/28 13:04:54.919, 301.37, 100, 74232, 72
2026/07/28 13:04:55.955, 301.59, 100, 74232, 72
2026/07/28 13:04:56.992, 302.19, 100, 74232, 72
2026/07/28 13:04:58.029, 295.01, 100, 74232, 72
2026/07/28 13:04:59.066, 293.36, 100, 74232, 72
2026/07/28 13:05:00.105, 294.65, 100, 74232, 72
2026/07/28 13:05:01.143, 293.64, 100, 74232, 72
2026/07/28 13:05:02.179, 294.15, 100, 74232, 72
2026/07/28 13:05:03.217, 294.83, 100, 74232, 72
2026/07/28 13:05:04.254, 296.18, 100, 74232, 73
2026/07/28 13:05:05.292, 294.15, 100, 74232, 73
2026/07/28 13:05:06.329, 295.02, 100, 74232, 73
2026/07/28 13:05:07.366, 295.68, 100, 74232, 73
2026/07/28 13:05:08.407, 297.91, 100, 74232, 73
2026/07/28 13:05:09.444, 295.40, 100, 74232, 73
2026/07/28 13:05:10.482, 295.80, 100, 74232, 73
2026/07/28 13:05:11.519, 295.31, 100, 74232, 73
2026/07/28 13:05:12.556, 300.85, 100, 74232, 73
2026/07/28 13:05:13.592, 295.69, 100, 74232, 73
2026/07/28 13:05:14.628, 295.02, 100, 74232, 73
2026/07/28 13:05:15.666, 295.21, 100, 74232, 73
2026/07/28 13:05:16.703, 296.27, 100, 74232, 73
2026/07/28 13:05:17.740, 296.45, 100, 74232, 74
2026/07/28 13:05:18.777, 303.25, 100, 74232, 74
2026/07/28 13:05:19.815, 303.59, 100, 74232, 74
2026/07/28 13:05:20.852, 305.64, 100, 74232, 74
2026/07/28 13:05:21.888, 303.56, 100, 74232, 74
2026/07/28 13:05:22.925, 300.81, 100, 74232, 74
2026/07/28 13:05:23.965, 305.69, 100, 74232, 74
2026/07/28 13:05:25.001, 304.35, 100, 74232, 74
2026/07/28 13:05:26.038, 304.61, 100, 74232, 74
2026/07/28 13:05:27.076, 304.86, 100, 74232, 74
2026/07/28 13:05:28.114, 304.88, 100, 74232, 74
2026/07/28 13:05:29.151, 297.43, 100, 74232, 74
2026/07/28 13:05:30.189, 305.74, 100, 74232, 74
2026/07/28 13:05:31.225, 295.67, 100, 74232, 74
2026/07/28 13:05:32.261, 296.66, 100, 74232, 74
2026/07/28 13:05:33.297, 296.66, 100, 74232, 74
2026/07/28 13:05:34.337, 296.84, 100, 74232, 74
2026/07/28 13:05:35.374, 296.77, 100, 74232, 74
2026/07/28 13:05:36.411, 298.33, 100, 74232, 74
2026/07/28 13:05:37.447, 296.95, 100, 74232, 74
2026/07/28 13:05:38.484, 305.09, 100, 74232, 74
2026/07/28 13:05:39.521, 299.64, 100, 74232, 74
2026/07/28 13:05:40.558, 297.07, 100, 74232, 74
2026/07/28 13:05:41.596, 297.32, 100, 74232, 74
2026/07/28 13:05:42.634, 295.87, 100, 74232, 74
2026/07/28 13:05:43.671, 297.43, 100, 74232, 74
2026/07/28 13:05:44.707, 296.97, 100, 74232, 74
2026/07/28 13:05:45.743, 299.65, 100, 74232, 74
2026/07/28 13:05:46.780, 296.95, 100, 74232, 74
2026/07/28 13:05:47.816, 298.02, 100, 74232, 74
2026/07/28 13:05:48.855, 296.57, 100, 74232, 74
2026/07/28 13:05:49.894, 296.55, 100, 74232, 74
2026/07/28 13:05:50.933, 298.39, 100, 74232, 74
2026/07/28 13:05:51.970, 296.85, 100, 74232, 74
2026/07/28 13:05:53.007, 298.12, 100, 74232, 74
2026/07/28 13:05:54.045, 297.15, 100, 74232, 75
2026/07/28 13:05:55.082, 305.69, 100, 74232, 75
2026/07/28 13:05:56.118, 306.37, 100, 74232, 75
2026/07/28 13:05:57.155, 293.77, 100, 74232, 75
2026/07/28 13:05:58.197, 295.67, 100, 74232, 75
2026/07/28 13:05:59.235, 301.10, 100, 74232, 75
2026/07/28 13:06:00.274, 297.83, 100, 74232, 75
2026/07/28 13:06:01.312, 298.59, 100, 74232, 75
2026/07/28 13:06:02.349, 297.53, 100, 74232, 75
2026/07/28 13:06:03.386, 297.43, 100, 74232, 75
2026/07/28 13:06:04.423, 300.43, 100, 74232, 75
2026/07/28 13:06:05.460, 294.12, 100, 74232, 75
2026/07/28 13:06:06.497, 298.11, 100, 74232, 75
2026/07/28 13:06:07.533, 294.54, 100, 74232, 75
2026/07/28 13:06:08.570, 297.83, 100, 74232, 75
2026/07/28 13:06:09.607, 305.37, 100, 74232, 75
2026/07/28 13:06:10.645, 297.52, 100, 74232, 75
2026/07/28 13:06:11.683, 296.37, 100, 74232, 75
2026/07/28 13:06:12.721, 301.72, 100, 74232, 75
2026/07/28 13:06:13.763, 301.78, 100, 74232, 75
2026/07/28 13:06:14.799, 298.32, 100, 74232, 75
2026/07/28 13:06:15.838, 299.10, 100, 74232, 75
2026/07/28 13:06:16.876, 297.61, 100, 74232, 75
2026/07/28 13:06:17.913, 298.03, 100, 74232, 75
2026/07/28 13:06:18.950, 297.51, 100, 74232, 75
2026/07/28 13:06:19.987, 297.92, 100, 74232, 75
2026/07/28 13:06:21.023, 297.92, 100, 74232, 75
2026/07/28 13:06:22.060, 297.55, 100, 74232, 75
2026/07/28 13:06:23.096, 298.49, 100, 74232, 75
2026/07/28 13:06:24.132, 298.61, 100, 74232, 75
2026/07/28 13:06:25.168, 298.59, 100, 74232, 75
2026/07/28 13:06:26.205, 297.91, 100, 74232, 75
2026/07/28 13:06:27.242, 301.33, 100, 74232, 75
2026/07/28 13:06:28.279, 297.52, 100, 74232, 75
2026/07/28 13:06:29.317, 297.83, 100, 74232, 75
2026/07/28 13:06:30.355, 298.41, 100, 74232, 75
2026/07/28 13:06:31.393, 298.10, 100, 74232, 75
2026/07/28 13:06:32.431, 298.41, 100, 74232, 75
2026/07/28 13:06:33.468, 298.69, 100, 74232, 75
2026/07/28 13:06:34.505, 298.10, 100, 74232, 75
2026/07/28 13:06:35.541, 298.40, 100, 74232, 75
2026/07/28 13:06:36.581, 298.99, 100, 74232, 75
2026/07/28 13:06:37.618, 298.69, 100, 74232, 75
2026/07/28 13:06:38.655, 299.56, 100, 74232, 75
2026/07/28 13:06:39.692, 298.41, 100, 74232, 75
2026/07/28 13:06:40.729, 298.52, 100, 74232, 75
2026/07/28 13:06:41.768, 299.26, 100, 74232, 75
2026/07/28 13:06:42.805, 297.82, 100, 74232, 75
2026/07/28 13:06:43.841, 297.93, 100, 74232, 75
2026/07/28 13:06:44.879, 298.30, 100, 74232, 75
2026/07/28 13:06:45.916, 298.61, 100, 74232, 75
2026/07/28 13:06:46.953, 298.99, 100, 74232, 75
2026/07/28 13:06:47.991, 300.26, 100, 74232, 75
2026/07/28 13:06:49.027, 299.47, 100, 74232, 75
2026/07/28 13:06:50.065, 300.51, 100, 74232, 75
2026/07/28 13:06:51.101, 298.60, 100, 74232, 75
2026/07/28 13:06:52.138, 298.81, 100, 74232, 75
2026/07/28 13:06:53.175, 300.16, 100, 74232, 75
2026/07/28 13:06:54.211, 299.18, 100, 74232, 75
2026/07/28 13:06:55.249, 300.82, 100, 74232, 75
2026/07/28 13:06:56.286, 298.62, 100, 74232, 75
2026/07/28 13:06:57.323, 300.81, 100, 74232, 75
2026/07/28 13:06:58.359, 298.90, 100, 74232, 75
2026/07/28 13:06:59.395, 298.10, 100, 74232, 75
2026/07/28 13:07:00.434, 298.50, 100, 74232, 75
2026/07/28 13:07:01.470, 298.69, 100, 74232, 75
2026/07/28 13:07:02.508, 300.70, 100, 74232, 75
2026/07/28 13:07:03.545, 298.70, 100, 74232, 75
2026/07/28 13:07:04.583, 300.64, 100, 74232, 75
2026/07/28 13:07:05.620, 298.20, 100, 74232, 75
2026/07/28 13:07:06.657, 297.53, 100, 74232, 74
2026/07/28 13:07:07.695, 293.26, 100, 74232, 74
2026/07/28 13:07:08.736, 296.36, 100, 74232, 74
2026/07/28 13:07:09.774, 296.85, 100, 74232, 74
2026/07/28 13:07:10.810, 297.34, 100, 74232, 74
2026/07/28 13:07:11.847, 298.79, 100, 74232, 74
2026/07/28 13:07:12.883, 296.75, 100, 74232, 74
2026/07/28 13:07:13.920, 298.05, 100, 74232, 74
2026/07/28 13:07:14.956, 296.85, 100, 74232, 74
2026/07/28 13:07:15.993, 298.70, 100, 74232, 74
2026/07/28 13:07:17.031, 297.07, 100, 74232, 74
2026/07/28 13:07:18.070, 297.05, 100, 74232, 74
2026/07/28 13:07:19.107, 296.56, 100, 74232, 74
2026/07/28 13:07:20.144, 296.47, 100, 74232, 74
2026/07/28 13:07:21.181, 296.26, 100, 74232, 74
2026/07/28 13:07:22.219, 298.97, 100, 74232, 74
2026/07/28 13:07:23.255, 304.69, 100, 74232, 74
2026/07/28 13:07:24.294, 306.28, 100, 74232, 74
2026/07/28 13:07:25.334, 298.99, 100, 74232, 74
2026/07/28 13:07:26.371, 297.14, 100, 74232, 74
2026/07/28 13:07:27.408, 296.58, 100, 74232, 74
2026/07/28 13:07:28.446, 296.36, 100, 74232, 74
2026/07/28 13:07:29.483, 305.10, 100, 74232, 74
2026/07/28 13:07:30.520, 303.26, 100, 74232, 74
2026/07/28 13:07:31.556, 303.43, 100, 74232, 73
2026/07/28 13:07:32.593, 303.45, 100, 74232, 73
2026/07/28 13:07:33.629, 292.49, 100, 74232, 73
2026/07/28 13:07:34.665, 296.18, 100, 74232, 73
2026/07/28 13:07:35.702, 300.53, 100, 74232, 73
2026/07/28 13:07:36.739, 292.18, 100, 74232, 73
2026/07/28 13:07:37.775, 293.55, 100, 74232, 73
2026/07/28 13:07:38.813, 295.57, 100, 74232, 73
2026/07/28 13:07:39.850, 297.62, 100, 74232, 73
2026/07/28 13:07:40.888, 299.79, 100, 74232, 73
2026/07/28 13:07:41.926, 300.04, 100, 74232, 73
2026/07/28 13:07:42.963, 299.00, 100, 74232, 73
2026/07/28 13:07:44.002, 305.71, 100, 74232, 73
2026/07/28 13:07:45.039, 298.00, 100, 74232, 73
2026/07/28 13:07:46.077, 299.26, 100, 74232, 73
2026/07/28 13:07:47.115, 303.66, 100, 74232, 73
2026/07/28 13:07:48.153, 302.68, 100, 74232, 72
2026/07/28 13:07:49.193, 301.41, 100, 74232, 72
2026/07/28 13:07:50.231, 301.72, 100, 74232, 72
2026/07/28 13:07:51.268, 301.42, 100, 74232, 72
2026/07/28 13:07:52.306, 294.13, 100, 74232, 72
2026/07/28 13:07:53.344, 294.14, 100, 74232, 72
2026/07/28 13:07:54.384, 293.65, 100, 74232, 72
2026/07/28 13:07:55.422, 295.13, 100, 74232, 72
2026/07/28 13:07:56.458, 301.43, 100, 74232, 72
2026/07/28 13:07:57.496, 300.54, 100, 74232, 72
2026/07/28 13:07:58.534, 301.77, 100, 74232, 72
2026/07/28 13:07:59.572, 302.76, 100, 74232, 72
2026/07/28 13:08:00.609, 300.63, 100, 74232, 72
2026/07/28 13:08:01.647, 300.15, 100, 74232, 72
2026/07/28 13:08:02.684, 300.92, 100, 74232, 72
2026/07/28 13:08:03.722, 300.14, 100, 74232, 72
2026/07/28 13:08:04.759, 301.18, 100, 74232, 72
2026/07/28 13:08:05.799, 300.93, 100, 74232, 71
2026/07/28 13:08:06.837, 299.40, 100, 74232, 71
2026/07/28 13:08:07.875, 300.94, 100, 74232, 71
2026/07/28 13:08:08.913, 299.75, 100, 74232, 71
2026/07/28 13:08:09.953, 300.73, 100, 74232, 71
2026/07/28 13:08:10.991, 300.33, 100, 74232, 71
2026/07/28 13:08:12.029, 299.85, 100, 74232, 71
2026/07/28 13:08:13.067, 299.96, 100, 74232, 71
2026/07/28 13:08:14.106, 299.10, 100, 74232, 71
2026/07/28 13:08:15.143, 300.73, 100, 74232, 71
2026/07/28 13:08:16.181, 301.04, 100, 74232, 71
2026/07/28 13:08:17.219, 299.76, 100, 74232, 71
2026/07/28 13:08:18.257, 299.18, 100, 74232, 71
2026/07/28 13:08:19.296, 292.38, 100, 74232, 71
2026/07/28 13:08:20.334, 292.18, 100, 74232, 71
2026/07/28 13:08:21.373, 294.23, 100, 74232, 71
2026/07/28 13:08:22.411, 292.19, 100, 74232, 71
2026/07/28 13:08:23.449, 293.85, 100, 74232, 71
2026/07/28 13:08:24.487, 294.62, 100, 74232, 71
2026/07/28 13:08:25.524, 300.46, 100, 74232, 71
2026/07/28 13:08:26.564, 299.27, 100, 74232, 71
2026/07/28 13:08:27.602, 299.99, 100, 74232, 71
2026/07/28 13:08:28.639, 298.23, 100, 74232, 71
2026/07/28 13:08:29.677, 298.60, 100, 74232, 71
2026/07/28 13:08:30.714, 300.14, 100, 74232, 71
2026/07/28 13:08:31.753, 298.90, 100, 74232, 71
2026/07/28 13:08:32.795, 299.60, 100, 74232, 71
2026/07/28 13:08:33.836, 298.89, 100, 74232, 71
2026/07/28 13:08:34.873, 299.06, 100, 74232, 71
2026/07/28 13:08:35.912, 306.53, 100, 74232, 71
2026/07/28 13:08:36.951, 304.02, 100, 74232, 71
2026/07/28 13:08:37.989, 301.87, 100, 74232, 71
2026/07/28 13:08:39.028, 299.56, 100, 74232, 70
2026/07/28 13:08:40.066, 300.70, 100, 74232, 70
2026/07/28 13:08:41.106, 298.50, 100, 74232, 70
2026/07/28 13:08:42.142, 298.49, 100, 74232, 70
2026/07/28 13:08:43.179, 298.51, 100, 74232, 70
2026/07/28 13:08:44.216, 294.49, 100, 74232, 70
2026/07/28 13:08:45.252, 298.50, 100, 74232, 70
2026/07/28 13:08:46.290, 299.66, 100, 74232, 70
2026/07/28 13:08:47.328, 299.26, 100, 74232, 70
2026/07/28 13:08:48.368, 306.05, 100, 74232, 70
2026/07/28 13:08:49.403, 301.19, 100, 74232, 70
2026/07/28 13:08:50.449, 298.32, 100, 74232, 70
2026/07/28 13:08:51.487, 293.20, 100, 74232, 70
2026/07/28 13:08:52.524, 291.23, 100, 74232, 70
2026/07/28 13:08:53.563, 299.53, 100, 74232, 70
2026/07/28 13:08:54.601, 299.08, 100, 74232, 70
2026/07/28 13:08:55.639, 299.65, 100, 74232, 70
2026/07/28 13:08:56.676, 302.27, 100, 74232, 70
2026/07/28 13:08:57.712, 299.44, 100, 74232, 70
2026/07/28 13:08:58.750, 298.79, 100, 74232, 70
2026/07/28 13:08:59.787, 298.22, 100, 74232, 70
2026/07/28 13:09:00.827, 298.23, 100, 74232, 70
2026/07/28 13:09:01.864, 298.32, 100, 74232, 70
2026/07/28 13:09:02.901, 299.95, 100, 74232, 70
2026/07/28 13:09:03.937, 298.96, 100, 74232, 70
2026/07/28 13:09:04.975, 299.49, 100, 74232, 70
2026/07/28 13:09:06.013, 298.22, 100, 74232, 70
2026/07/28 13:09:07.050, 300.05, 100, 74232, 70
2026/07/28 13:09:08.088, 298.99, 100, 74232, 70
2026/07/28 13:09:09.125, 298.19, 100, 74232, 70
2026/07/28 13:09:10.162, 298.20, 100, 74232, 70
2026/07/28 13:09:11.199, 299.87, 100, 74232, 70
2026/07/28 13:09:12.240, 299.08, 100, 74232, 70
2026/07/28 13:09:13.278, 300.54, 100, 74232, 70
2026/07/28 13:09:14.316, 298.59, 100, 74232, 70
2026/07/28 13:09:15.352, 298.20, 100, 74232, 70
2026/07/28 13:09:16.388, 297.81, 100, 74232, 70
2026/07/28 13:09:17.426, 298.23, 100, 74232, 70
2026/07/28 13:09:18.463, 303.52, 100, 74232, 70
2026/07/28 13:09:19.501, 305.37, 100, 74232, 70
2026/07/28 13:09:20.538, 299.65, 100, 74232, 70
2026/07/28 13:09:21.576, 294.73, 100, 74232, 70
2026/07/28 13:09:22.613, 298.02, 100, 74232, 70
2026/07/28 13:09:23.650, 298.10, 100, 74232, 70
2026/07/28 13:09:24.687, 298.91, 100, 74232, 70
2026/07/28 13:09:25.723, 95.16, 0, 74232, 66
2026/07/28 13:09:26.756, 298.10, 100, 74232, 71
2026/07/28 13:09:27.790, 312.69, 100, 74232, 71
2026/07/28 13:09:28.825, 303.04, 100, 74232, 71
2026/07/28 13:09:29.858, 307.40, 100, 74232, 71
2026/07/28 13:09:30.896, 300.07, 100, 74232, 71
2026/07/28 13:09:31.937, 304.60, 100, 74232, 70
2026/07/28 13:09:32.974, 303.63, 100, 74232, 70
2026/07/28 13:09:34.010, 304.71, 100, 74232, 70
2026/07/28 13:09:35.047, 297.74, 100, 74232, 70
2026/07/28 13:09:36.088, 301.11, 100, 74232, 70
2026/07/28 13:09:37.126, 302.77, 100, 74232, 70
2026/07/28 13:09:38.163, 298.11, 100, 74232, 71
2026/07/28 13:09:39.201, 292.47, 100, 74232, 71
2026/07/28 13:09:40.239, 293.63, 100, 74232, 71
2026/07/28 13:09:41.279, 300.76, 100, 74232, 71
2026/07/28 13:09:42.317, 288.39, 100, 74232, 71
2026/07/28 13:09:43.355, 288.89, 100, 74232, 71
2026/07/28 13:09:44.393, 292.57, 100, 74232, 71
2026/07/28 13:09:45.431, 292.29, 100, 74232, 71
2026/07/28 13:09:46.469, 292.66, 100, 74232, 72
2026/07/28 13:09:47.505, 291.80, 100, 74232, 72
2026/07/28 13:09:48.541, 301.51, 100, 74232, 72
2026/07/28 13:09:49.577, 301.88, 100, 74232, 72
2026/07/28 13:09:50.615, 301.68, 100, 74232, 72
2026/07/28 13:09:51.651, 302.86, 100, 74232, 72
2026/07/28 13:09:52.689, 301.20, 100, 74232, 72
2026/07/28 13:09:53.726, 301.80, 100, 74232, 73
2026/07/28 13:09:54.763, 302.09, 100, 74232, 73
2026/07/28 13:09:55.801, 304.98, 100, 74232, 73
2026/07/28 13:09:56.838, 303.51, 100, 74232, 73
2026/07/28 13:09:57.874, 302.87, 100, 74232, 73
2026/07/28 13:09:58.911, 302.36, 100, 74232, 73
2026/07/28 13:09:59.951, 304.51, 100, 74232, 73
2026/07/28 13:10:00.987, 303.81, 100, 74232, 73
2026/07/28 13:10:02.023, 291.79, 100, 74232, 73
2026/07/28 13:10:03.062, 296.56, 100, 74232, 73
2026/07/28 13:10:04.099, 298.10, 100, 74232, 73
2026/07/28 13:10:05.136, 295.40, 100, 74232, 73
2026/07/28 13:10:06.172, 295.88, 100, 74232, 73
2026/07/28 13:10:07.211, 295.81, 100, 74232, 73
2026/07/28 13:10:08.247, 295.69, 100, 74232, 74
2026/07/28 13:10:09.285, 296.27, 100, 74232, 74
2026/07/28 13:10:10.322, 298.02, 100, 74232, 74
2026/07/28 13:10:11.358, 303.52, 100, 74232, 74
2026/07/28 13:10:12.394, 304.23, 100, 74232, 74
2026/07/28 13:10:13.431, 303.92, 100, 74232, 74
2026/07/28 13:10:14.468, 305.27, 100, 74232, 74
2026/07/28 13:10:15.505, 304.41, 100, 74232, 74
2026/07/28 13:10:16.542, 300.34, 100, 74232, 74
2026/07/28 13:10:17.589, 304.53, 100, 74232, 74
2026/07/28 13:10:18.625, 297.91, 100, 74232, 74
2026/07/28 13:10:19.662, 298.00, 100, 74232, 74
2026/07/28 13:10:20.700, 302.87, 100, 74232, 74
2026/07/28 13:10:21.736, 298.79, 100, 74232, 74
2026/07/28 13:10:22.773, 298.41, 100, 74232, 74
2026/07/28 13:10:23.814, 296.85, 100, 74232, 74
2026/07/28 13:10:24.852, 296.94, 100, 74232, 74
2026/07/28 13:10:25.889, 303.35, 100, 74232, 74
2026/07/28 13:10:26.926, 296.94, 100, 74232, 74
2026/07/28 13:10:27.962, 303.63, 100, 74232, 74
2026/07/28 13:10:28.999, 297.25, 100, 74232, 74
2026/07/28 13:10:30.035, 297.62, 100, 74232, 74
2026/07/28 13:10:31.072, 297.24, 100, 74232, 74
2026/07/28 13:10:32.108, 297.47, 100, 74232, 74
2026/07/28 13:10:33.144, 297.64, 100, 74232, 74
2026/07/28 13:10:34.180, 298.02, 100, 74232, 74
2026/07/28 13:10:35.221, 304.52, 100, 74232, 75
2026/07/28 13:10:36.257, 297.71, 100, 74232, 75
2026/07/28 13:10:37.295, 304.21, 100, 74232, 75
2026/07/28 13:10:38.332, 298.89, 100, 74232, 74
2026/07/28 13:10:39.369, 298.21, 100, 74232, 75
2026/07/28 13:10:40.405, 297.43, 100, 74232, 75
2026/07/28 13:10:41.442, 298.40, 100, 74232, 75
2026/07/28 13:10:42.479, 304.10, 100, 74232, 75
2026/07/28 13:10:43.516, 300.92, 100, 74232, 75
2026/07/28 13:10:44.554, 298.59, 100, 74232, 75
2026/07/28 13:10:45.590, 294.81, 100, 74232, 75
2026/07/28 13:10:46.629, 297.92, 100, 74232, 75
2026/07/28 13:10:47.667, 295.42, 100, 74232, 75
2026/07/28 13:10:48.704, 298.58, 100, 74232, 75
2026/07/28 13:10:49.744, 303.34, 100, 74232, 75
2026/07/28 13:10:50.783, 304.22, 100, 74232, 75
2026/07/28 13:10:51.820, 294.43, 100, 74232, 75
2026/07/28 13:10:52.857, 298.80, 100, 74232, 75
2026/07/28 13:10:53.894, 297.13, 100, 74232, 75
2026/07/28 13:10:54.932, 298.11, 100, 74232, 75
2026/07/28 13:10:55.968, 298.97, 100, 74232, 75
2026/07/28 13:10:57.004, 300.27, 100, 74232, 75
2026/07/28 13:10:58.041, 297.71, 100, 74232, 75
2026/07/28 13:10:59.077, 298.78, 100, 74232, 75
2026/07/28 13:11:00.113, 298.02, 100, 74232, 75
2026/07/28 13:11:01.151, 305.85, 100, 74232, 75
2026/07/28 13:11:02.189, 300.54, 100, 74232, 75
2026/07/28 13:11:03.227, 298.78, 100, 74232, 75
2026/07/28 13:11:04.264, 298.42, 100, 74232, 75
2026/07/28 13:11:05.301, 298.18, 100, 74232, 75
2026/07/28 13:11:06.341, 297.72, 100, 74232, 75
2026/07/28 13:11:07.378, 298.48, 100, 74232, 75
2026/07/28 13:11:08.414, 305.22, 100, 74232, 75
2026/07/28 13:11:09.451, 298.32, 100, 74232, 75
2026/07/28 13:11:10.487, 298.04, 100, 74232, 75
2026/07/28 13:11:11.525, 297.73, 100, 74232, 75
2026/07/28 13:11:12.563, 298.60, 100, 74232, 75
2026/07/28 13:11:13.603, 298.67, 100, 74232, 75
2026/07/28 13:11:14.640, 298.21, 100, 74232, 75
2026/07/28 13:11:15.677, 299.07, 100, 74232, 75
2026/07/28 13:11:16.715, 298.01, 100, 74232, 75
2026/07/28 13:11:17.752, 298.89, 100, 74232, 75
2026/07/28 13:11:18.792, 298.99, 100, 74232, 75
2026/07/28 13:11:19.829, 304.98, 100, 74232, 75
2026/07/28 13:11:20.866, 299.08, 100, 74232, 75
2026/07/28 13:11:21.904, 295.20, 100, 74232, 75
2026/07/28 13:11:22.943, 294.60, 100, 74232, 75
2026/07/28 13:11:23.981, 297.55, 100, 74232, 75
2026/07/28 13:11:25.017, 297.26, 100, 74232, 75
2026/07/28 13:11:26.053, 297.43, 100, 74232, 75
2026/07/28 13:11:27.094, 297.81, 100, 74232, 75
2026/07/28 13:11:28.130, 298.31, 100, 74232, 75
2026/07/28 13:11:29.166, 298.48, 100, 74232, 75
2026/07/28 13:11:30.204, 304.02, 100, 74232, 75
2026/07/28 13:11:31.240, 298.58, 100, 74232, 75
2026/07/28 13:11:32.276, 293.95, 100, 74232, 75
2026/07/28 13:11:33.316, 299.07, 100, 74232, 75
2026/07/28 13:11:34.355, 304.51, 100, 74232, 75
2026/07/28 13:11:35.394, 307.06, 100, 74232, 75
2026/07/28 13:11:36.433, 295.77, 100, 74232, 75
2026/07/28 13:11:37.471, 304.23, 100, 74232, 75
2026/07/28 13:11:38.509, 293.85, 100, 74232, 75
2026/07/28 13:11:39.546, 297.81, 100, 74232, 75
2026/07/28 13:11:40.582, 299.55, 100, 74232, 75
2026/07/28 13:11:41.623, 297.53, 100, 74232, 75
2026/07/28 13:11:42.660, 298.22, 100, 74232, 75
2026/07/28 13:11:43.699, 297.52, 100, 74232, 75
2026/07/28 13:11:44.737, 305.48, 100, 74232, 75
2026/07/28 13:11:45.774, 302.86, 100, 74232, 75
2026/07/28 13:11:46.812, 304.59, 100, 74232, 75
2026/07/28 13:11:47.848, 305.37, 100, 74232, 75
2026/07/28 13:11:48.891, 302.96, 100, 74232, 74
2026/07/28 13:11:49.933, 300.92, 100, 74232, 74
2026/07/28 13:11:50.970, 308.68, 100, 74232, 74
2026/07/28 13:11:52.008, 304.59, 100, 74232, 74
2026/07/28 13:11:53.046, 304.50, 100, 74232, 74
2026/07/28 13:11:54.084, 298.01, 100, 74232, 74
2026/07/28 13:11:55.127, 298.02, 100, 74232, 74
2026/07/28 13:11:56.166, 297.14, 100, 74232, 74
2026/07/28 13:11:57.203, 295.20, 100, 74232, 74
2026/07/28 13:11:58.240, 295.41, 100, 74232, 73
2026/07/28 13:11:59.277, 295.89, 100, 74232, 73
2026/07/28 13:12:00.313, 297.34, 100, 74232, 73
2026/07/28 13:12:01.350, 296.65, 100, 74232, 73
2026/07/28 13:12:02.388, 295.88, 100, 74232, 73
2026/07/28 13:12:03.427, 297.23, 100, 74232, 73
2026/07/28 13:12:04.464, 295.61, 100, 74232, 73
2026/07/28 13:12:05.500, 296.08, 100, 74232, 73
2026/07/28 13:12:06.538, 296.27, 100, 74232, 73
2026/07/28 13:12:07.575, 295.40, 100, 74232, 73
2026/07/28 13:12:08.615, 295.87, 100, 74232, 73
2026/07/28 13:12:09.652, 296.16, 100, 74232, 73
2026/07/28 13:12:10.689, 296.39, 100, 74232, 73
2026/07/28 13:12:11.726, 295.40, 100, 74232, 73
2026/07/28 13:12:12.763, 304.53, 100, 74232, 73
2026/07/28 13:12:13.801, 303.87, 100, 74232, 73
2026/07/28 13:12:14.838, 304.32, 100, 74232, 73
2026/07/28 13:12:15.876, 303.55, 100, 74232, 73
2026/07/28 13:12:16.914, 303.45, 100, 74232, 73
2026/07/28 13:12:17.951, 292.69, 100, 74232, 73
2026/07/28 13:12:18.989, 291.79, 100, 74232, 73
2026/07/28 13:12:20.027, 294.35, 100, 74232, 73
2026/07/28 13:12:21.066, 296.49, 100, 74232, 73
2026/07/28 13:12:22.104, 294.42, 100, 74232, 72
2026/07/28 13:12:23.141, 295.41, 100, 74232, 72
2026/07/28 13:12:24.178, 294.61, 100, 74232, 72
2026/07/28 13:12:25.216, 293.08, 100, 74232, 72
2026/07/28 13:12:26.254, 300.34, 100, 74232, 72
2026/07/28 13:12:27.294, 297.14, 100, 74232, 72
2026/07/28 13:12:28.334, 301.78, 100, 74232, 72
2026/07/28 13:12:29.372, 300.62, 100, 74232, 71
2026/07/28 13:12:30.409, 300.37, 100, 74232, 71
2026/07/28 13:12:31.447, 299.78, 100, 74232, 71
2026/07/28 13:12:32.484, 300.33, 100, 74232, 71
2026/07/28 13:12:33.523, 300.24, 100, 74232, 71
2026/07/28 13:12:34.561, 299.27, 100, 74232, 71
2026/07/28 13:12:35.597, 302.40, 100, 74232, 71
2026/07/28 13:12:36.634, 305.45, 100, 74232, 71
2026/07/28 13:12:37.674, 310.12, 100, 74232, 71
2026/07/28 13:12:38.711, 306.15, 100, 74232, 70
2026/07/28 13:12:39.749, 299.60, 100, 74232, 70
2026/07/28 13:12:40.787, 298.80, 100, 74232, 70
2026/07/28 13:12:41.824, 294.43, 100, 74232, 70
2026/07/28 13:12:42.864, 299.55, 100, 74232, 70
2026/07/28 13:12:43.903, 298.10, 100, 74232, 70
2026/07/28 13:12:44.941, 297.33, 100, 74232, 70
2026/07/28 13:12:45.979, 297.83, 100, 74232, 70
2026/07/28 13:12:47.017, 297.23, 100, 74232, 70
2026/07/28 13:12:48.059, 297.13, 100, 74232, 70
2026/07/28 13:12:49.097, 296.75, 100, 74232, 69
2026/07/28 13:12:50.135, 297.52, 100, 74232, 69
2026/07/28 13:12:51.173, 298.72, 100, 74232, 69
2026/07/28 13:12:52.210, 303.84, 100, 74232, 69
2026/07/28 13:12:53.248, 297.91, 100, 74232, 69
2026/07/28 13:12:54.286, 303.93, 100, 74232, 69
2026/07/28 13:12:55.325, 297.15, 100, 74232, 69
2026/07/28 13:12:56.362, 297.63, 100, 74232, 69
2026/07/28 13:12:57.399, 292.88, 100, 74232, 69
2026/07/28 13:12:58.436, 296.67, 100, 74232, 69
2026/07/28 13:12:59.475, 296.75, 100, 74232, 69
2026/07/28 13:13:00.512, 296.65, 100, 74232, 69
2026/07/28 13:13:01.549, 296.45, 100, 74232, 69
2026/07/28 13:13:02.587, 301.42, 100, 74232, 69
2026/07/28 13:13:03.624, 303.07, 100, 74232, 68
2026/07/28 13:13:04.663, 302.96, 100, 74232, 68
2026/07/28 13:13:05.702, 294.99, 100, 74232, 68
2026/07/28 13:13:06.744, 295.97, 100, 74232, 68
2026/07/28 13:13:07.783, 296.92, 100, 74232, 68
2026/07/28 13:13:08.821, 294.44, 100, 74232, 68
2026/07/28 13:13:09.858, 302.47, 100, 74232, 68
2026/07/28 13:13:10.896, 302.09, 100, 74232, 68
2026/07/28 13:13:11.933, 302.08, 100, 74232, 68
2026/07/28 13:13:12.972, 301.78, 100, 74232, 68
2026/07/28 13:13:14.010, 301.68, 100, 74232, 68
2026/07/28 13:13:15.048, 301.89, 100, 74232, 68
2026/07/28 13:13:16.086, 295.57, 100, 74232, 68
2026/07/28 13:13:17.124, 297.86, 100, 74232, 68
2026/07/28 13:13:18.163, 294.63, 100, 74232, 68
2026/07/28 13:13:19.200, 292.29, 100, 74232, 68
2026/07/28 13:13:20.238, 296.28, 100, 74232, 68
2026/07/28 13:13:21.277, 295.59, 100, 74232, 68
2026/07/28 13:13:22.316, 298.10, 100, 74232, 68
2026/07/28 13:13:23.355, 295.77, 100, 74232, 69
2026/07/28 13:13:24.392, 295.71, 100, 74232, 69
2026/07/28 13:13:25.432, 295.78, 100, 74232, 69
2026/07/28 13:13:26.469, 295.99, 100, 74232, 69
2026/07/28 13:13:27.507, 297.03, 100, 74232, 69
2026/07/28 13:13:28.545, 297.43, 100, 74232, 69
2026/07/28 13:13:29.583, 300.55, 100, 74232, 70
2026/07/28 13:13:30.620, 298.12, 100, 74232, 70
2026/07/28 13:13:31.658, 297.73, 100, 74232, 70
2026/07/28 13:13:32.696, 298.40, 100, 74232, 70
2026/07/28 13:13:33.734, 297.92, 100, 74232, 70
2026/07/28 13:13:34.771, 298.32, 100, 74232, 71
2026/07/28 13:13:35.809, 299.76, 100, 74232, 71
2026/07/28 13:13:36.846, 299.48, 100, 74232, 71
2026/07/28 13:13:37.884, 293.83, 100, 74232, 71
2026/07/28 13:13:38.921, 293.35, 100, 74232, 71
2026/07/28 13:13:39.961, 292.00, 100, 74232, 71
2026/07/28 13:13:40.998, 294.53, 100, 74232, 71
2026/07/28 13:13:42.035, 292.47, 100, 74232, 71
2026/07/28 13:13:43.073, 293.39, 100, 74232, 72
2026/07/28 13:13:44.111, 301.04, 100, 74232, 72
2026/07/28 13:13:45.149, 300.33, 100, 74232, 72
2026/07/28 13:13:46.187, 296.86, 100, 74232, 72
2026/07/28 13:13:47.225, 301.69, 100, 74232, 72
2026/07/28 13:13:48.262, 301.45, 100, 74232, 72
2026/07/28 13:13:49.300, 302.39, 100, 74232, 72
2026/07/28 13:13:50.338, 301.63, 100, 74232, 72
2026/07/28 13:13:51.378, 301.21, 100, 74232, 72
2026/07/28 13:13:52.417, 301.79, 100, 74232, 73
2026/07/28 13:13:53.454, 302.18, 100, 74232, 73
2026/07/28 13:13:54.492, 302.67, 100, 74232, 73
2026/07/28 13:13:55.528, 302.40, 100, 74232, 73
2026/07/28 13:13:56.566, 303.00, 100, 74232, 73
2026/07/28 13:13:57.605, 290.64, 100, 74232, 73
2026/07/28 13:13:58.642, 291.71, 100, 74232, 73
2026/07/28 13:13:59.680, 294.90, 100, 74232, 73
2026/07/28 13:14:00.719, 295.31, 100, 74232, 73
2026/07/28 13:14:01.757, 295.12, 100, 74232, 73
2026/07/28 13:14:02.795, 299.27, 100, 74232, 73
2026/07/28 13:14:03.832, 291.79, 100, 74232, 73
2026/07/28 13:14:04.872, 295.79, 100, 74232, 73
2026/07/28 13:14:05.910, 295.11, 100, 74232, 73
2026/07/28 13:14:06.947, 300.85, 100, 74232, 73
2026/07/28 13:14:07.984, 295.78, 100, 74232, 73
2026/07/28 13:14:09.022, 297.26, 100, 74232, 73
2026/07/28 13:14:10.060, 303.29, 100, 74232, 73
2026/07/28 13:14:11.097, 303.64, 100, 74232, 73
2026/07/28 13:14:12.135, 301.61, 100, 74232, 73
2026/07/28 13:14:13.173, 300.73, 100, 74232, 73
2026/07/28 13:14:14.211, 301.60, 100, 74232, 74
2026/07/28 13:14:15.251, 304.80, 100, 74232, 74
2026/07/28 13:14:16.289, 305.27, 100, 74232, 74
2026/07/28 13:14:17.326, 304.32, 100, 74232, 74
2026/07/28 13:14:18.362, 304.70, 100, 74232, 74
2026/07/28 13:14:19.400, 297.63, 100, 74232, 74
2026/07/28 13:14:20.439, 294.99, 100, 74232, 74
2026/07/28 13:14:21.477, 296.46, 100, 74232, 74
2026/07/28 13:14:22.514, 296.66, 100, 74232, 74
2026/07/28 13:14:23.553, 297.16, 100, 74232, 74
2026/07/28 13:14:24.590, 299.38, 100, 74232, 74
2026/07/28 13:14:25.628, 300.44, 100, 74232, 74
2026/07/28 13:14:26.666, 100.89, 0, 74232, 71
2026/07/28 13:14:27.698, 99.61, 0, 74232, 70
2026/07/28 13:14:28.729, 98.53, 0, 74232, 69
2026/07/28 13:14:29.761, 97.93, 0, 74232, 69
2026/07/28 13:14:30.846, 97.82, 0, 74232, 68
2026/07/28 13:14:31.878, 96.43, 0, 74232, 68
2026/07/28 13:14:32.910, 96.00, 0, 74232, 67
2026/07/28 13:14:33.943, 94.25, 0, 74232, 67
2026/07/28 13:14:34.974, 95.02, 0, 74232, 67
2026/07/28 13:14:36.007, 94.22, 0, 74232, 66
2026/07/28 13:14:37.041, 93.08, 0, 74232, 66
2026/07/28 13:14:38.073, 92.90, 0, 74232, 66
2026/07/28 13:14:39.104, 93.28, 0, 74232, 65
2026/07/28 13:14:40.137, 91.70, 0, 74232, 65
2026/07/28 13:14:41.170, 93.14, 0, 74232, 65
2026/07/28 13:14:42.202, 92.32, 0, 74232, 64
2026/07/28 13:14:43.232, 91.22, 0, 74232, 64
2026/07/28 13:14:44.263, 91.54, 0, 74232, 64
2026/07/28 13:14:45.294, 90.12, 0, 74232, 64
2026/07/28 13:14:46.325, 91.22, 0, 74232, 63
2026/07/28 13:14:47.356, 89.27, 0, 74232, 63
2026/07/28 13:14:48.388, 89.65, 0, 74232, 63
2026/07/28 13:14:49.420, 89.15, 0, 74232, 63
2026/07/28 13:14:50.451, 88.97, 0, 74232, 62
2026/07/28 13:14:51.484, 88.95, 0, 74232, 62
2026/07/28 13:14:52.516, 88.25, 0, 74232, 62
2026/07/28 13:14:53.547, 87.20, 0, 74232, 62
2026/07/28 13:14:54.578, 87.87, 0, 74232, 61
2026/07/28 13:14:55.608, 86.51, 0, 74232, 61
2026/07/28 13:14:56.639, 86.77, 0, 74232, 61
2026/07/28 13:14:57.671, 86.04, 0, 74232, 61
2026/07/28 13:14:58.704, 304.59, 100, 74232, 66
2026/07/28 13:14:59.739, 300.58, 100, 74232, 66
2026/07/28 13:15:00.776, 303.13, 100, 74232, 67
2026/07/28 13:15:01.811, 279.26, 100, 74232, 67
2026/07/28 13:15:02.847, 293.36, 100, 74232, 67
2026/07/28 13:15:03.884, 297.82, 100, 74232, 66
2026/07/28 13:15:04.921, 299.09, 100, 74232, 66
2026/07/28 13:15:05.963, 298.90, 100, 74232, 67
2026/07/28 13:15:07.002, 299.30, 100, 74232, 67
2026/07/28 13:15:08.040, 299.48, 100, 74232, 67
2026/07/28 13:15:09.077, 300.83, 100, 74232, 67
2026/07/28 13:15:10.116, 302.94, 100, 74232, 68
2026/07/28 13:15:11.153, 301.31, 100, 74232, 68
2026/07/28 13:15:12.191, 301.58, 100, 74232, 68
2026/07/28 13:15:13.228, 302.87, 100, 74232, 69
2026/07/28 13:15:14.265, 303.15, 100, 74232, 69
2026/07/28 13:15:15.302, 295.97, 100, 74232, 69
2026/07/28 13:15:16.340, 295.87, 100, 74232, 69
2026/07/28 13:15:17.377, 292.95, 100, 74232, 69
2026/07/28 13:15:18.415, 297.23, 100, 74232, 70
2026/07/28 13:15:19.455, 296.65, 100, 74232, 70
2026/07/28 13:15:20.492, 296.95, 100, 74232, 70
2026/07/28 13:15:21.530, 297.15, 100, 74232, 70
2026/07/28 13:15:22.568, 299.57, 100, 74232, 70
2026/07/28 13:15:23.606, 297.92, 100, 74232, 70
2026/07/28 13:15:24.644, 298.30, 100, 74232, 71
2026/07/28 13:15:25.682, 300.51, 100, 74232, 71
2026/07/28 13:15:26.720, 300.65, 100, 74232, 71
2026/07/28 13:15:27.758, 299.55, 100, 74232, 71
2026/07/28 13:15:28.796, 298.90, 100, 74232, 71
2026/07/28 13:15:29.833, 293.57, 100, 74232, 71
2026/07/28 13:15:30.871, 293.66, 100, 74232, 71
2026/07/28 13:15:31.908, 296.63, 100, 74232, 72
2026/07/28 13:15:32.948, 292.37, 100, 74232, 72
2026/07/28 13:15:33.987, 292.98, 100, 74232, 72
2026/07/28 13:15:35.025, 297.82, 100, 74232, 72
2026/07/28 13:15:36.063, 300.92, 100, 74232, 72
2026/07/28 13:15:37.101, 302.36, 100, 74232, 72
2026/07/28 13:15:38.140, 300.72, 100, 74232, 72
2026/07/28 13:15:39.177, 301.59, 100, 74232, 72
2026/07/28 13:15:40.216, 301.61, 100, 74232, 72
2026/07/28 13:15:41.253, 300.54, 100, 74232, 72
2026/07/28 13:15:42.291, 301.80, 100, 74232, 73
2026/07/28 13:15:43.328, 302.18, 100, 74232, 73
2026/07/28 13:15:44.365, 297.70, 100, 74232, 73
2026/07/28 13:15:45.402, 294.90, 100, 74232, 73
2026/07/28 13:15:46.441, 301.60, 100, 74232, 73
2026/07/28 13:15:47.478, 294.61, 100, 74232, 73
2026/07/28 13:15:48.518, 295.01, 100, 74232, 73
2026/07/28 13:15:49.556, 291.80, 100, 74232, 73
2026/07/28 13:15:50.594, 294.83, 100, 74232, 73
2026/07/28 13:15:51.632, 296.66, 100, 74232, 73
2026/07/28 13:15:52.670, 295.49, 100, 74232, 73
2026/07/28 13:15:53.708, 295.11, 100, 74232, 73
2026/07/28 13:15:54.748, 294.62, 100, 74232, 73
2026/07/28 13:15:55.786, 295.67, 100, 74232, 73
2026/07/28 13:15:56.825, 295.89, 100, 74232, 73
2026/07/28 13:15:57.862, 296.54, 100, 74232, 73
2026/07/28 13:15:58.900, 297.55, 100, 74232, 73
2026/07/28 13:15:59.938, 296.35, 100, 74232, 73
2026/07/28 13:16:00.977, 296.27, 100, 74232, 74
2026/07/28 13:16:02.014, 296.12, 100, 74232, 74
2026/07/28 13:16:03.055, 295.69, 100, 74232, 74
2026/07/28 13:16:04.093, 298.30, 100, 74232, 74
2026/07/28 13:16:05.131, 300.83, 100, 74232, 74
2026/07/28 13:16:06.172, 302.76, 100, 74232, 74
2026/07/28 13:16:07.209, 304.98, 100, 74232, 74
2026/07/28 13:16:08.247, 303.83, 100, 74232, 74
2026/07/28 13:16:09.285, 300.33, 100, 74232, 74
2026/07/28 13:16:10.322, 299.77, 100, 74232, 74
2026/07/28 13:16:11.363, 304.29, 100, 74232, 74
2026/07/28 13:16:12.403, 298.90, 100, 74232, 74
2026/07/28 13:16:13.441, 296.55, 100, 74232, 74
2026/07/28 13:16:14.479, 296.19, 100, 74232, 74
2026/07/28 13:16:15.518, 301.29, 100, 74232, 74
2026/07/28 13:16:16.557, 296.75, 100, 74232, 74
2026/07/28 13:16:17.594, 297.83, 100, 74232, 74
2026/07/28 13:16:18.632, 293.36, 100, 74232, 74
2026/07/28 13:16:19.669, 297.05, 100, 74232, 74
2026/07/28 13:16:20.707, 297.26, 100, 74232, 74
2026/07/28 13:16:21.745, 298.87, 100, 74232, 74
2026/07/28 13:16:22.783, 297.63, 100, 74232, 74
2026/07/28 13:16:23.822, 298.31, 100, 74232, 74
2026/07/28 13:16:24.860, 299.89, 100, 74232, 74
2026/07/28 13:16:25.897, 298.01, 100, 74232, 75
2026/07/28 13:16:26.935, 298.49, 100, 74232, 75
2026/07/28 13:16:27.974, 299.83, 100, 74232, 75
2026/07/28 13:16:29.016, 297.35, 100, 74232, 75
2026/07/28 13:16:30.053, 296.93, 100, 74232, 75
2026/07/28 13:16:31.090, 298.02, 100, 74232, 75
2026/07/28 13:16:32.128, 297.63, 100, 74232, 75
2026/07/28 13:16:33.165, 301.80, 100, 74232, 75
2026/07/28 13:16:34.204, 297.83, 100, 74232, 75
2026/07/28 13:16:35.242, 298.50, 100, 74232, 75
2026/07/28 13:16:36.280, 297.91, 100, 74232, 75
2026/07/28 13:16:37.318, 294.23, 100, 74232, 75
2026/07/28 13:16:38.358, 294.44, 100, 74232, 75
2026/07/28 13:16:39.396, 298.20, 100, 74232, 75
2026/07/28 13:16:40.435, 297.72, 100, 74232, 75
2026/07/28 13:16:41.475, 299.26, 100, 74232, 75
2026/07/28 13:16:42.513, 298.12, 100, 74232, 75
2026/07/28 13:16:43.551, 297.92, 100, 74232, 75
2026/07/28 13:16:44.588, 300.44, 100, 74232, 75
2026/07/28 13:16:45.627, 301.32, 100, 74232, 75
2026/07/28 13:16:46.665, 303.27, 100, 74232, 75
2026/07/28 13:16:47.705, 296.85, 100, 74232, 75
2026/07/28 13:16:48.742, 297.24, 100, 74232, 75
2026/07/28 13:16:49.780, 297.43, 100, 74232, 75
2026/07/28 13:16:50.818, 297.82, 100, 74232, 75
2026/07/28 13:16:51.856, 298.49, 100, 74232, 75
2026/07/28 13:16:52.893, 298.11, 100, 74232, 75
2026/07/28 13:16:53.930, 298.32, 100, 74232, 75
2026/07/28 13:16:54.968, 301.69, 100, 74232, 75
2026/07/28 13:16:56.005, 298.89, 100, 74232, 75
2026/07/28 13:16:57.043, 294.63, 100, 74232, 75
2026/07/28 13:16:58.081, 298.21, 100, 74232, 75
2026/07/28 13:16:59.119, 298.29, 100, 74232, 75
2026/07/28 13:17:00.158, 299.36, 100, 74232, 75
2026/07/28 13:17:01.195, 300.08, 100, 74232, 75
2026/07/28 13:17:02.234, 297.14, 100, 74232, 75
2026/07/28 13:17:03.273, 299.42, 100, 74232, 75
2026/07/28 13:17:04.310, 299.07, 100, 74232, 75
2026/07/28 13:17:05.348, 298.58, 100, 74232, 75
2026/07/28 13:17:06.386, 298.41, 100, 74232, 75
2026/07/28 13:17:07.424, 297.32, 100, 74232, 75
2026/07/28 13:17:08.462, 298.31, 100, 74232, 75
2026/07/28 13:17:09.499, 298.11, 100, 74232, 75
2026/07/28 13:17:10.538, 298.59, 100, 74232, 75
2026/07/28 13:17:11.576, 298.86, 100, 74232, 75
2026/07/28 13:17:12.614, 300.24, 100, 74232, 75
2026/07/28 13:17:13.652, 298.51, 100, 74232, 75
2026/07/28 13:17:14.690, 298.40, 100, 74232, 75
2026/07/28 13:17:15.727, 298.23, 100, 74232, 75
2026/07/28 13:17:16.766, 298.01, 100, 74232, 75
2026/07/28 13:17:17.806, 299.08, 100, 74232, 75
2026/07/28 13:17:18.844, 298.89, 100, 74232, 75
2026/07/28 13:17:19.884, 299.66, 100, 74232, 75
2026/07/28 13:17:20.922, 298.88, 100, 74232, 75
2026/07/28 13:17:21.960, 299.87, 100, 74232, 75
2026/07/28 13:17:22.998, 298.69, 100, 74232, 75
2026/07/28 13:17:24.036, 298.43, 100, 74232, 75
2026/07/28 13:17:25.073, 298.41, 100, 74232, 75
2026/07/28 13:17:26.110, 298.60, 100, 74232, 75
2026/07/28 13:17:27.148, 297.83, 100, 74232, 75
2026/07/28 13:17:28.188, 298.79, 100, 74232, 75
2026/07/28 13:17:29.227, 296.47, 100, 74232, 75
2026/07/28 13:17:30.264, 297.46, 100, 74232, 75
2026/07/28 13:17:31.302, 298.04, 100, 74232, 74
2026/07/28 13:17:32.339, 299.09, 100, 74232, 74
2026/07/28 13:17:33.377, 305.81, 100, 74232, 74
2026/07/28 13:17:34.414, 297.65, 100, 74232, 74
2026/07/28 13:17:35.459, 305.28, 100, 74232, 74
2026/07/28 13:17:36.498, 297.13, 100, 74232, 74
2026/07/28 13:17:37.535, 294.14, 100, 74232, 74
2026/07/28 13:17:38.573, 297.63, 100, 74232, 74
2026/07/28 13:17:39.611, 297.81, 100, 74232, 74
2026/07/28 13:17:40.649, 296.86, 100, 74232, 74
2026/07/28 13:17:41.689, 297.04, 100, 74232, 74
2026/07/28 13:17:42.727, 297.62, 100, 74232, 74
2026/07/28 13:17:43.766, 300.92, 100, 74232, 74
2026/07/28 13:17:44.802, 299.17, 100, 74232, 74
2026/07/28 13:17:45.839, 297.53, 100, 74232, 74
2026/07/28 13:17:46.878, 298.01, 100, 74232, 74
2026/07/28 13:17:47.917, 297.23, 100, 74232, 74
2026/07/28 13:17:48.955, 304.69, 100, 74232, 74
2026/07/28 13:17:49.993, 300.62, 100, 74232, 74
2026/07/28 13:17:51.030, 304.12, 100, 74232, 74
2026/07/28 13:17:52.068, 304.20, 100, 74232, 74
2026/07/28 13:17:53.105, 293.84, 100, 74232, 74
2026/07/28 13:17:54.143, 301.69, 100, 74232, 74
2026/07/28 13:17:55.182, 304.39, 100, 74232, 74
2026/07/28 13:17:56.220, 296.73, 100, 74232, 74
2026/07/28 13:17:57.259, 297.06, 100, 74232, 74
2026/07/28 13:17:58.297, 295.40, 100, 74232, 74
2026/07/28 13:17:59.335, 296.47, 100, 74232, 73
2026/07/28 13:18:00.373, 295.21, 100, 74232, 73
2026/07/28 13:18:01.410, 296.93, 100, 74232, 73
2026/07/28 13:18:02.448, 295.96, 100, 74232, 73
2026/07/28 13:18:03.486, 296.38, 100, 74232, 73
2026/07/28 13:18:04.525, 298.89, 100, 74232, 73
2026/07/28 13:18:05.563, 296.06, 100, 74232, 73
2026/07/28 13:18:06.600, 296.47, 100, 74232, 73
2026/07/28 13:18:07.638, 295.50, 100, 74232, 73
2026/07/28 13:18:08.676, 297.63, 100, 74232, 73
2026/07/28 13:18:09.714, 294.91, 100, 74232, 73
2026/07/28 13:18:10.753, 296.95, 100, 74232, 73
2026/07/28 13:18:11.793, 304.42, 100, 74232, 73
2026/07/28 13:18:12.831, 302.85, 100, 74232, 73
2026/07/28 13:18:13.870, 303.33, 100, 74232, 73
2026/07/28 13:18:14.908, 302.60, 100, 74232, 73
2026/07/28 13:18:15.946, 302.58, 100, 74232, 73
2026/07/28 13:18:16.985, 303.72, 100, 74232, 73
2026/07/28 13:18:18.023, 301.49, 100, 74232, 72
2026/07/28 13:18:19.060, 301.23, 100, 74232, 72
2026/07/28 13:18:20.098, 302.02, 100, 74232, 72
2026/07/28 13:18:21.138, 300.74, 100, 74232, 72
2026/07/28 13:18:22.175, 294.12, 100, 74232, 72
2026/07/28 13:18:23.213, 294.33, 100, 74232, 72
2026/07/28 13:18:24.250, 292.09, 100, 74232, 72
2026/07/28 13:18:25.292, 293.65, 100, 74232, 72
2026/07/28 13:18:26.330, 295.40, 100, 74232, 72
2026/07/28 13:18:27.368, 293.85, 100, 74232, 72
2026/07/28 13:18:28.410, 293.39, 100, 74232, 72
2026/07/28 13:18:29.449, 292.68, 100, 74232, 72
2026/07/28 13:18:30.487, 292.97, 100, 74232, 72
2026/07/28 13:18:31.525, 300.34, 100, 74232, 72
2026/07/28 13:18:32.564, 297.23, 100, 74232, 72
2026/07/28 13:18:33.603, 298.02, 100, 74232, 72
2026/07/28 13:18:34.644, 300.66, 100, 74232, 72
2026/07/28 13:18:35.682, 301.59, 100, 74232, 72
2026/07/28 13:18:36.719, 299.95, 100, 74232, 71
2026/07/28 13:18:37.758, 300.34, 100, 74232, 71
2026/07/28 13:18:38.795, 300.04, 100, 74232, 71
2026/07/28 13:18:39.834, 300.63, 100, 74232, 71
2026/07/28 13:18:40.872, 301.20, 100, 74232, 71
2026/07/28 13:18:41.909, 300.05, 100, 74232, 71
2026/07/28 13:18:42.947, 300.14, 100, 74232, 71
2026/07/28 13:18:43.985, 300.42, 100, 74232, 71
2026/07/28 13:18:45.022, 301.68, 100, 74232, 71
2026/07/28 13:18:46.060, 299.08, 100, 74232, 71
2026/07/28 13:18:47.098, 302.17, 100, 74232, 71
2026/07/28 13:18:48.137, 299.19, 100, 74232, 71
2026/07/28 13:18:49.175, 299.85, 100, 74232, 71
2026/07/28 13:18:50.213, 295.80, 100, 74232, 71
2026/07/28 13:18:51.251, 292.68, 100, 74232, 71
2026/07/28 13:18:52.288, 292.48, 100, 74232, 71
2026/07/28 13:18:53.325, 291.91, 100, 74232, 71
2026/07/28 13:18:54.363, 291.62, 100, 74232, 71
2026/07/28 13:18:55.401, 291.23, 100, 74232, 71
2026/07/28 13:18:56.439, 288.41, 100, 74232, 71
2026/07/28 13:18:57.476, 288.01, 100, 74232, 71
2026/07/28 13:18:58.515, 291.90, 100, 74232, 71
2026/07/28 13:18:59.553, 291.51, 100, 74232, 71
2026/07/28 13:19:00.592, 292.23, 100, 74232, 71
2026/07/28 13:19:01.630, 288.71, 100, 74232, 70
2026/07/28 13:19:02.668, 293.82, 100, 74232, 70
2026/07/28 13:19:03.705, 298.02, 100, 74232, 70
2026/07/28 13:19:04.742, 291.82, 100, 74232, 70
2026/07/28 13:19:05.780, 292.12, 100, 74232, 70
2026/07/28 13:19:06.818, 297.53, 100, 74232, 70
2026/07/28 13:19:07.856, 298.21, 100, 74232, 70
2026/07/28 13:19:08.894, 291.23, 100, 74232, 70
2026/07/28 13:19:09.932, 295.88, 100, 74232, 70
2026/07/28 13:19:10.970, 299.26, 100, 74232, 70
2026/07/28 13:19:12.018, 297.72, 100, 74232, 70
2026/07/28 13:19:13.057, 298.55, 100, 74232, 70
2026/07/28 13:19:14.095, 297.82, 100, 74232, 70
2026/07/28 13:19:15.135, 299.29, 100, 74232, 70
2026/07/28 13:19:16.173, 298.98, 100, 74232, 70
2026/07/28 13:19:17.211, 299.29, 100, 74232, 70
2026/07/28 13:19:18.249, 298.89, 100, 74232, 70
2026/07/28 13:19:19.289, 299.55, 100, 74232, 70
2026/07/28 13:19:20.327, 298.11, 100, 74232, 70
2026/07/28 13:19:21.365, 298.19, 100, 74232, 70
2026/07/28 13:19:22.403, 298.79, 100, 74232, 70
2026/07/28 13:19:23.440, 300.15, 100, 74232, 70
2026/07/28 13:19:24.481, 298.98, 100, 74232, 70
2026/07/28 13:19:25.519, 302.86, 100, 74232, 70
2026/07/28 13:19:26.556, 297.83, 100, 74232, 70
2026/07/28 13:19:27.595, 298.54, 100, 74232, 70
2026/07/28 13:19:28.632, 298.89, 100, 74232, 70
2026/07/28 13:19:29.670, 299.67, 100, 74232, 70
2026/07/28 13:19:30.709, 297.62, 100, 74232, 70
2026/07/28 13:19:31.747, 301.33, 100, 74232, 70
2026/07/28 13:19:32.784, 298.11, 100, 74232, 70
2026/07/28 13:19:33.823, 297.82, 100, 74232, 70
2026/07/28 13:19:34.861, 298.10, 100, 74232, 70
2026/07/28 13:19:35.898, 297.03, 100, 74232, 70
2026/07/28 13:19:36.935, 297.94, 100, 74232, 70
2026/07/28 13:19:37.973, 299.39, 100, 74232, 70
2026/07/28 13:19:39.011, 298.50, 100, 74232, 70
2026/07/28 13:19:40.049, 298.01, 100, 74232, 70
2026/07/28 13:19:41.086, 297.53, 100, 74232, 70
2026/07/28 13:19:42.125, 298.90, 100, 74232, 70
2026/07/28 13:19:43.163, 297.43, 100, 74232, 70
2026/07/28 13:19:44.201, 298.33, 100, 74232, 70
2026/07/28 13:19:45.238, 298.02, 100, 74232, 70
2026/07/28 13:19:46.276, 297.83, 100, 74232, 70
2026/07/28 13:19:47.314, 298.60, 100, 74232, 70
2026/07/28 13:19:48.351, 297.92, 100, 74232, 70
2026/07/28 13:19:49.391, 297.53, 100, 74232, 70
2026/07/28 13:19:50.429, 298.70, 100, 74232, 70
2026/07/28 13:19:51.468, 298.87, 100, 74232, 70
2026/07/28 13:19:52.507, 298.02, 100, 74232, 70
2026/07/28 13:19:53.544, 298.20, 100, 74232, 70
2026/07/28 13:19:54.585, 297.82, 100, 74232, 70
2026/07/28 13:19:55.623, 299.46, 100, 74232, 70
2026/07/28 13:19:56.661, 297.62, 100, 74232, 70
2026/07/28 13:19:57.700, 301.23, 100, 74232, 70
2026/07/28 13:19:58.736, 95.31, 8, 74232, 71
2026/07/28 13:19:59.771, 286.38, 100, 74232, 71
2026/07/28 13:20:00.807, 306.05, 100, 74232, 71
2026/07/28 13:20:01.842, 289.17, 100, 74232, 71
2026/07/28 13:20:02.878, 283.42, 100, 74232, 71
2026/07/28 13:20:03.917, 302.57, 100, 74232, 70
2026/07/28 13:20:04.957, 282.64, 100, 74232, 69
2026/07/28 13:20:05.997, 290.74, 100, 74232, 70
2026/07/28 13:20:07.035, 288.42, 100, 74232, 70
2026/07/28 13:20:08.071, 294.71, 100, 74232, 70
2026/07/28 13:20:09.108, 291.03, 100, 74232, 70
2026/07/28 13:20:10.146, 291.90, 100, 74232, 71
2026/07/28 13:20:11.184, 298.89, 100, 74232, 71
2026/07/28 13:20:12.221, 300.05, 100, 74232, 71
2026/07/28 13:20:13.260, 298.98, 100, 74232, 71
2026/07/28 13:20:14.298, 299.88, 100, 74232, 71
2026/07/28 13:20:15.337, 301.50, 100, 74232, 71
2026/07/28 13:20:16.376, 300.14, 100, 74232, 72
2026/07/28 13:20:17.413, 300.64, 100, 74232, 72
2026/07/28 13:20:18.452, 300.73, 100, 74232, 72
2026/07/28 13:20:19.489, 299.67, 100, 74232, 72
2026/07/28 13:20:20.527, 301.70, 100, 74232, 72
2026/07/28 13:20:21.566, 301.82, 100, 74232, 72
2026/07/28 13:20:22.604, 301.98, 100, 74232, 72
2026/07/28 13:20:23.641, 302.09, 100, 74232, 73
2026/07/28 13:20:24.678, 302.95, 100, 74232, 73
2026/07/28 13:20:25.717, 302.90, 100, 74232, 73
2026/07/28 13:20:26.755, 302.47, 100, 74232, 73
2026/07/28 13:20:27.794, 303.55, 100, 74232, 73
2026/07/28 13:20:28.833, 296.83, 100, 74232, 73
2026/07/28 13:20:29.871, 295.77, 100, 74232, 73
2026/07/28 13:20:30.909, 303.77, 100, 74232, 73
2026/07/28 13:20:31.946, 304.97, 100, 74232, 73
2026/07/28 13:20:32.993, 299.26, 100, 74232, 73
2026/07/28 13:20:34.031, 295.68, 100, 74232, 73
2026/07/28 13:20:35.069, 296.87, 100, 74232, 74
2026/07/28 13:20:36.107, 310.13, 100, 74232, 74
2026/07/28 13:20:37.144, 302.94, 100, 74232, 74
2026/07/28 13:20:38.181, 292.08, 100, 74232, 74
2026/07/28 13:20:39.222, 298.28, 100, 74232, 74
2026/07/28 13:20:40.259, 296.37, 100, 74232, 74
2026/07/28 13:20:41.298, 295.89, 100, 74232, 74
2026/07/28 13:20:42.337, 298.11, 100, 74232, 74
2026/07/28 13:20:43.375, 295.11, 100, 74232, 74
2026/07/28 13:20:44.413, 295.97, 100, 74232, 74
2026/07/28 13:20:45.450, 296.76, 100, 74232, 74
2026/07/28 13:20:46.488, 295.69, 100, 74232, 74
2026/07/28 13:20:47.526, 296.35, 100, 74232, 74
2026/07/28 13:20:48.565, 296.75, 100, 74232, 74
2026/07/28 13:20:49.603, 304.57, 100, 74232, 74
2026/07/28 13:20:50.641, 301.38, 100, 74232, 74
2026/07/28 13:20:51.681, 301.39, 100, 74232, 74
2026/07/28 13:20:52.719, 305.64, 100, 74232, 74
2026/07/28 13:20:53.757, 296.35, 100, 74232, 74
2026/07/28 13:20:54.796, 294.05, 100, 74232, 74
2026/07/28 13:20:55.834, 294.90, 100, 74232, 74
2026/07/28 13:20:56.875, 297.82, 100, 74232, 74
2026/07/28 13:20:57.913, 298.29, 100, 74232, 74
2026/07/28 13:20:58.951, 297.93, 100, 74232, 74
2026/07/28 13:20:59.990, 297.43, 100, 74232, 74
2026/07/28 13:21:01.028, 297.14, 100, 74232, 75
2026/07/28 13:21:02.065, 296.64, 100, 74232, 75
2026/07/28 13:21:03.103, 298.13, 100, 74232, 75
2026/07/28 13:21:04.140, 298.71, 100, 74232, 75
2026/07/28 13:21:05.180, 298.59, 100, 74232, 75
2026/07/28 13:21:06.219, 297.91, 100, 74232, 75
2026/07/28 13:21:07.257, 298.29, 100, 74232, 75
2026/07/28 13:21:08.295, 294.42, 100, 74232, 75
2026/07/28 13:21:09.333, 298.31, 100, 74232, 75
2026/07/28 13:21:10.372, 298.77, 100, 74232, 75
2026/07/28 13:21:11.409, 299.28, 100, 74232, 75
2026/07/28 13:21:12.447, 298.69, 100, 74232, 75
2026/07/28 13:21:13.484, 299.56, 100, 74232, 75
2026/07/28 13:21:14.521, 300.17, 100, 74232, 75
2026/07/28 13:21:15.559, 298.50, 100, 74232, 75
2026/07/28 13:21:16.597, 299.55, 100, 74232, 75
2026/07/28 13:21:17.634, 298.20, 100, 74232, 75
2026/07/28 13:21:18.672, 298.39, 100, 74232, 75
2026/07/28 13:21:19.709, 300.13, 100, 74232, 75
2026/07/28 13:21:20.748, 298.41, 100, 74232, 75
2026/07/28 13:21:21.785, 299.94, 100, 74232, 75
2026/07/28 13:21:22.822, 298.39, 100, 74232, 75
2026/07/28 13:21:23.859, 299.57, 100, 74232, 75
2026/07/28 13:21:24.896, 300.36, 100, 74232, 75
2026/07/28 13:21:25.933, 298.61, 100, 74232, 75
2026/07/28 13:21:26.972, 298.98, 100, 74232, 75
2026/07/28 13:21:28.009, 298.19, 100, 74232, 75
2026/07/28 13:21:29.048, 298.41, 100, 74232, 75
2026/07/28 13:21:30.085, 298.49, 100, 74232, 75
2026/07/28 13:21:31.122, 298.89, 100, 74232, 75
2026/07/28 13:21:32.161, 298.88, 100, 74232, 75
2026/07/28 13:21:33.198, 300.52, 100, 74232, 75
2026/07/28 13:21:34.236, 298.88, 100, 74232, 75
2026/07/28 13:21:35.274, 299.28, 100, 74232, 75
2026/07/28 13:21:36.312, 298.80, 100, 74232, 75
2026/07/28 13:21:37.350, 299.37, 100, 74232, 75
2026/07/28 13:21:38.388, 302.00, 100, 74232, 75
2026/07/28 13:21:39.426, 298.30, 100, 74232, 75
2026/07/28 13:21:40.464, 301.67, 100, 74232, 75
2026/07/28 13:21:41.502, 298.70, 100, 74232, 75
2026/07/28 13:21:42.540, 298.76, 100, 74232, 75
2026/07/28 13:21:43.578, 299.55, 100, 74232, 75
2026/07/28 13:21:44.616, 299.55, 100, 74232, 75
2026/07/28 13:21:45.654, 298.90, 100, 74232, 75
2026/07/28 13:21:46.692, 298.98, 100, 74232, 75
2026/07/28 13:21:47.730, 298.12, 100, 74232, 75
2026/07/28 13:21:48.768, 301.66, 100, 74232, 75
2026/07/28 13:21:49.805, 295.90, 100, 74232, 75
2026/07/28 13:21:50.842, 299.76, 100, 74232, 75
2026/07/28 13:21:51.881, 298.87, 100, 74232, 75
2026/07/28 13:21:52.920, 300.68, 100, 74232, 75
2026/07/28 13:21:53.958, 299.55, 100, 74232, 75
2026/07/28 13:21:54.996, 299.55, 100, 74232, 75
2026/07/28 13:21:56.035, 299.07, 100, 74232, 75
2026/07/28 13:21:57.072, 298.68, 100, 74232, 75
2026/07/28 13:21:58.111, 299.19, 100, 74232, 75
2026/07/28 13:21:59.149, 299.07, 100, 74232, 75
2026/07/28 13:22:00.186, 299.36, 100, 74232, 75
2026/07/28 13:22:01.224, 300.84, 100, 74232, 75
2026/07/28 13:22:02.262, 298.21, 100, 74232, 75
2026/07/28 13:22:03.303, 299.67, 100, 74232, 75
2026/07/28 13:22:04.341, 299.63, 100, 74232, 75
2026/07/28 13:22:05.378, 299.26, 100, 74232, 75
2026/07/28 13:22:06.418, 298.79, 100, 74232, 75
2026/07/28 13:22:07.455, 299.48, 100, 74232, 75
2026/07/28 13:22:08.491, 300.23, 100, 74232, 75
2026/07/28 13:22:09.530, 299.83, 100, 74232, 75
2026/07/28 13:22:10.567, 300.28, 100, 74232, 75
2026/07/28 13:22:11.606, 298.77, 100, 74232, 75
2026/07/28 13:22:12.644, 300.72, 100, 74232, 75
2026/07/28 13:22:13.682, 299.19, 100, 74232, 75
2026/07/28 13:22:14.720, 296.86, 100, 74232, 75
2026/07/28 13:22:15.758, 300.45, 100, 74232, 75
2026/07/28 13:22:16.796, 299.29, 100, 74232, 75
2026/07/28 13:22:17.834, 298.89, 100, 74232, 75
2026/07/28 13:22:18.871, 298.20, 100, 74232, 75
2026/07/28 13:22:19.912, 298.69, 100, 74232, 75
2026/07/28 13:22:20.950, 298.90, 100, 74232, 75
2026/07/28 13:22:21.988, 298.39, 100, 74232, 75
2026/07/28 13:22:23.031, 297.61, 100, 74232, 75
2026/07/28 13:22:24.070, 302.45, 100, 74232, 75
2026/07/28 13:22:25.108, 299.19, 100, 74232, 75
2026/07/28 13:22:26.146, 301.77, 100, 74232, 75
2026/07/28 13:22:27.185, 298.40, 100, 74232, 74
2026/07/28 13:22:28.222, 297.13, 100, 74232, 74
2026/07/28 13:22:29.263, 293.64, 100, 74232, 74
2026/07/28 13:22:30.301, 294.53, 100, 74232, 74
2026/07/28 13:22:31.338, 296.75, 100, 74232, 74
2026/07/28 13:22:32.376, 297.13, 100, 74232, 74
2026/07/28 13:22:33.414, 298.11, 100, 74232, 74
2026/07/28 13:22:34.452, 304.52, 100, 74232, 74
2026/07/28 13:22:35.489, 304.31, 100, 74232, 74
2026/07/28 13:22:36.527, 299.94, 100, 74232, 74
2026/07/28 13:22:37.564, 293.66, 100, 74232, 74
2026/07/28 13:22:38.602, 298.31, 100, 74232, 74
2026/07/28 13:22:39.640, 296.55, 100, 74232, 74
2026/07/28 13:22:40.678, 296.44, 100, 74232, 74
2026/07/28 13:22:41.717, 298.28, 100, 74232, 74
2026/07/28 13:22:42.757, 296.86, 100, 74232, 74
2026/07/28 13:22:43.794, 297.55, 100, 74232, 74
2026/07/28 13:22:44.831, 294.70, 100, 74232, 73
2026/07/28 13:22:45.869, 296.34, 100, 74232, 73
2026/07/28 13:22:46.909, 296.47, 100, 74232, 73
2026/07/28 13:22:47.947, 303.36, 100, 74232, 73
2026/07/28 13:22:48.985, 303.08, 100, 74232, 73
2026/07/28 13:22:50.025, 303.97, 100, 74232, 73
2026/07/28 13:22:51.063, 295.22, 100, 74232, 73
2026/07/28 13:22:52.108, 297.22, 100, 74232, 73
2026/07/28 13:22:53.149, 294.71, 100, 74232, 73
2026/07/28 13:22:54.187, 293.26, 100, 74232, 73
2026/07/28 13:22:55.225, 298.00, 100, 74232, 73
2026/07/28 13:22:56.264, 295.60, 100, 74232, 73
2026/07/28 13:22:57.301, 299.66, 100, 74232, 73
2026/07/28 13:22:58.341, 302.27, 100, 74232, 73
2026/07/28 13:22:59.379, 301.99, 100, 74232, 73
2026/07/28 13:23:00.416, 302.35, 100, 74232, 73
2026/07/28 13:23:01.454, 302.58, 100, 74232, 73
2026/07/28 13:23:02.493, 302.76, 100, 74232, 72
2026/07/28 13:23:03.531, 302.16, 100, 74232, 72
2026/07/28 13:23:04.570, 300.53, 100, 74232, 72
2026/07/28 13:23:05.608, 304.12, 100, 74232, 72
2026/07/28 13:23:06.647, 293.64, 100, 74232, 72
2026/07/28 13:23:07.684, 296.39, 100, 74232, 72
2026/07/28 13:23:08.722, 293.46, 100, 74232, 72
2026/07/28 13:23:09.759, 294.80, 100, 74232, 72
2026/07/28 13:23:10.797, 293.15, 100, 74232, 72
2026/07/28 13:23:11.835, 293.65, 100, 74232, 72
2026/07/28 13:23:12.873, 293.36, 100, 74232, 72
2026/07/28 13:23:13.913, 292.49, 100, 74232, 72
2026/07/28 13:23:14.951, 293.29, 100, 74232, 72
2026/07/28 13:23:15.989, 300.17, 100, 74232, 72
2026/07/28 13:23:17.029, 301.59, 100, 74232, 71
2026/07/28 13:23:18.067, 300.23, 100, 74232, 71
2026/07/28 13:23:19.103, 300.22, 100, 74232, 71
2026/07/28 13:23:20.142, 300.41, 100, 74232, 71
2026/07/28 13:23:21.180, 299.74, 100, 74232, 71
2026/07/28 13:23:22.217, 299.94, 100, 74232, 71
2026/07/28 13:23:23.255, 299.95, 100, 74232, 71
2026/07/28 13:23:24.292, 300.66, 100, 74232, 71
2026/07/28 13:23:25.330, 299.26, 100, 74232, 71
2026/07/28 13:23:26.367, 299.36, 100, 74232, 71
2026/07/28 13:23:27.405, 301.02, 100, 74232, 71
2026/07/28 13:23:28.442, 299.67, 100, 74232, 71
2026/07/28 13:23:29.480, 300.75, 100, 74232, 71
2026/07/28 13:23:30.517, 306.92, 100, 74232, 71
2026/07/28 13:23:31.556, 299.68, 100, 74232, 71
2026/07/28 13:23:32.595, 299.95, 100, 74232, 71
2026/07/28 13:23:33.633, 299.54, 100, 74232, 71
2026/07/28 13:23:34.671, 299.63, 100, 74232, 71
2026/07/28 13:23:35.709, 291.50, 100, 74232, 70
2026/07/28 13:23:36.747, 295.29, 100, 74232, 70
2026/07/28 13:23:37.784, 299.01, 100, 74232, 70
2026/07/28 13:23:38.824, 295.96, 100, 74232, 70
2026/07/28 13:23:39.866, 299.48, 100, 74232, 70
2026/07/28 13:23:40.904, 299.28, 100, 74232, 70
2026/07/28 13:23:41.942, 298.78, 100, 74232, 70
2026/07/28 13:23:42.980, 298.20, 100, 74232, 70
2026/07/28 13:23:44.019, 301.33, 100, 74232, 70
2026/07/28 13:23:45.059, 296.17, 100, 74232, 70
2026/07/28 13:23:46.097, 298.49, 100, 74232, 70
2026/07/28 13:23:47.135, 298.00, 100, 74232, 70
2026/07/28 13:23:48.174, 297.88, 100, 74232, 70
2026/07/28 13:23:49.212, 299.27, 100, 74232, 70
2026/07/28 13:23:50.250, 298.31, 100, 74232, 70
2026/07/28 13:23:51.288, 297.71, 100, 74232, 70
2026/07/28 13:23:52.327, 298.01, 100, 74232, 70
2026/07/28 13:23:53.365, 297.81, 100, 74232, 70
2026/07/28 13:23:54.402, 298.10, 100, 74232, 70
2026/07/28 13:23:55.441, 299.26, 100, 74232, 70
2026/07/28 13:23:56.479, 298.23, 100, 74232, 70
2026/07/28 13:23:57.517, 297.06, 100, 74232, 70
2026/07/28 13:23:58.555, 289.97, 100, 74232, 70
2026/07/28 13:23:59.593, 288.88, 100, 74232, 70
2026/07/28 13:24:00.632, 287.15, 100, 74232, 70
2026/07/28 13:24:01.670, 287.04, 100, 74232, 70
2026/07/28 13:24:02.711, 292.29, 100, 74232, 69
2026/07/28 13:24:03.749, 289.96, 100, 74232, 70
2026/07/28 13:24:04.787, 289.59, 100, 74232, 69
2026/07/28 13:24:05.826, 296.57, 100, 74232, 69
2026/07/28 13:24:06.864, 297.12, 100, 74232, 70
2026/07/28 13:24:07.902, 296.74, 100, 74232, 70
2026/07/28 13:24:08.940, 300.43, 100, 74232, 70
2026/07/28 13:24:09.980, 297.55, 100, 74232, 69
2026/07/28 13:24:11.018, 302.86, 100, 74232, 70
2026/07/28 13:24:12.056, 305.67, 100, 74232, 70
2026/07/28 13:24:13.096, 304.31, 100, 74232, 69
2026/07/28 13:24:14.134, 304.30, 100, 74232, 70
2026/07/28 13:24:15.172, 308.56, 100, 74232, 69
2026/07/28 13:24:16.210, 304.20, 100, 74232, 69
2026/07/28 13:24:17.249, 303.92, 100, 74232, 69
2026/07/28 13:24:18.287, 304.52, 100, 74232, 69
2026/07/28 13:24:19.325, 304.55, 100, 74232, 69
2026/07/28 13:24:20.363, 303.91, 100, 74232, 69
2026/07/28 13:24:21.402, 299.24, 100, 74232, 69
2026/07/28 13:24:22.440, 297.62, 100, 74232, 69
2026/07/28 13:24:23.478, 296.82, 100, 74232, 69
2026/07/28 13:24:24.516, 297.43, 100, 74232, 69
2026/07/28 13:24:25.554, 296.73, 100, 74232, 69
2026/07/28 13:24:26.592, 297.89, 100, 74232, 69
2026/07/28 13:24:27.629, 303.64, 100, 74232, 69
2026/07/28 13:24:28.667, 303.07, 100, 74232, 69
2026/07/28 13:24:29.705, 303.67, 100, 74232, 69
2026/07/28 13:24:30.744, 304.21, 100, 74232, 69
2026/07/28 13:24:31.782, 297.24, 100, 74232, 69
2026/07/28 13:24:32.821, 300.04, 100, 74232, 69
2026/07/28 13:24:33.859, 293.38, 100, 74232, 69
2026/07/28 13:24:34.898, 296.74, 100, 74232, 69
2026/07/28 13:24:35.936, 296.57, 100, 74232, 69
2026/07/28 13:24:36.976, 297.99, 100, 74232, 69
2026/07/28 13:24:38.014, 293.85, 100, 74232, 69
2026/07/28 13:24:39.052, 297.53, 100, 74232, 69
2026/07/28 13:24:40.090, 300.35, 100, 74232, 69
2026/07/28 13:24:41.127, 297.64, 100, 74232, 69
2026/07/28 13:24:42.166, 296.74, 100, 74232, 69
2026/07/28 13:24:43.204, 297.16, 100, 74232, 69
2026/07/28 13:24:44.241, 296.54, 100, 74232, 69
2026/07/28 13:24:45.281, 297.32, 100, 74232, 69
2026/07/28 13:24:46.320, 299.37, 100, 74232, 69
2026/07/28 13:24:47.357, 296.86, 100, 74232, 69
2026/07/28 13:24:48.395, 296.37, 100, 74232, 69
2026/07/28 13:24:49.431, 297.32, 100, 74232, 69
2026/07/28 13:24:50.469, 297.52, 100, 74232, 69
2026/07/28 13:24:51.507, 293.95, 100, 74232, 69
2026/07/28 13:24:52.545, 296.93, 100, 74232, 69
2026/07/28 13:24:53.582, 296.93, 100, 74232, 69
2026/07/28 13:24:54.620, 296.17, 100, 74232, 69
2026/07/28 13:24:55.659, 298.78, 100, 74232, 69
2026/07/28 13:24:56.697, 296.48, 100, 74232, 69
2026/07/28 13:24:57.735, 298.70, 100, 74232, 69
2026/07/28 13:24:58.772, 296.64, 100, 74232, 69
2026/07/28 13:24:59.812, 335.95, 0, 74232, 69
2026/07/28 13:25:00.849, 299.95, 100, 74232, 70
2026/07/28 13:25:01.896, 303.97, 100, 74232, 70
2026/07/28 13:25:02.931, 324.32, 100, 74232, 70
2026/07/28 13:25:03.967, 308.63, 100, 74232, 70
2026/07/28 13:25:05.004, 290.17, 100, 74232, 68
2026/07/28 13:25:06.041, 287.31, 100, 74232, 68
2026/07/28 13:25:07.079, 289.07, 100, 74232, 68
2026/07/28 13:25:08.118, 287.81, 100, 74232, 69
2026/07/28 13:25:09.155, 295.78, 100, 74232, 69
2026/07/28 13:25:10.194, 295.78, 100, 74232, 69
2026/07/28 13:25:11.232, 296.82, 100, 74232, 69
2026/07/28 13:25:12.270, 296.55, 100, 74232, 69
2026/07/28 13:25:13.309, 298.86, 100, 74232, 70
2026/07/28 13:25:14.347, 297.74, 100, 74232, 70
2026/07/28 13:25:15.385, 296.83, 100, 74232, 70
2026/07/28 13:25:16.423, 297.81, 100, 74232, 70
2026/07/28 13:25:17.460, 297.33, 100, 74232, 70
2026/07/28 13:25:18.499, 298.11, 100, 74232, 71
2026/07/28 13:25:19.537, 298.43, 100, 74232, 71
2026/07/28 13:25:20.574, 299.00, 100, 74232, 71
2026/07/28 13:25:21.612, 299.77, 100, 74232, 71
2026/07/28 13:25:22.649, 301.97, 100, 74232, 71
2026/07/28 13:25:23.686, 299.83, 100, 74232, 71
2026/07/28 13:25:24.724, 300.55, 100, 74232, 72
2026/07/28 13:25:25.762, 299.45, 100, 74232, 72
2026/07/28 13:25:26.799, 300.15, 100, 74232, 72
2026/07/28 13:25:27.836, 301.03, 100, 74232, 72
2026/07/28 13:25:28.875, 302.96, 100, 74232, 72
2026/07/28 13:25:29.913, 302.41, 100, 74232, 72
2026/07/28 13:25:30.952, 301.21, 100, 74232, 72
2026/07/28 13:25:31.990, 301.77, 100, 74232, 73
2026/07/28 13:25:33.029, 303.63, 100, 74232, 73
2026/07/28 13:25:34.068, 301.31, 100, 74232, 73
2026/07/28 13:25:35.106, 303.35, 100, 74232, 73
2026/07/28 13:25:36.143, 302.58, 100, 74232, 73
2026/07/28 13:25:37.182, 294.04, 100, 74232, 73
2026/07/28 13:25:38.219, 298.13, 100, 74232, 73
2026/07/28 13:25:39.261, 292.19, 100, 74232, 73
2026/07/28 13:25:40.299, 295.69, 100, 74232, 73
2026/07/28 13:25:41.338, 295.20, 100, 74232, 73
2026/07/28 13:25:42.380, 300.33, 100, 74232, 73
2026/07/28 13:25:43.418, 302.73, 100, 74232, 73
2026/07/28 13:25:44.454, 299.86, 100, 74232, 73
2026/07/28 13:25:45.493, 295.10, 100, 74232, 73
2026/07/28 13:25:46.531, 295.57, 100, 74232, 74
2026/07/28 13:25:47.569, 295.98, 100, 74232, 74
2026/07/28 13:25:48.606, 296.18, 100, 74232, 74
2026/07/28 13:25:49.646, 297.82, 100, 74232, 74
2026/07/28 13:25:50.683, 296.17, 100, 74232, 74
2026/07/28 13:25:51.722, 295.48, 100, 74232, 74
2026/07/28 13:25:52.762, 295.99, 100, 74232, 74
2026/07/28 13:25:53.801, 302.17, 100, 74232, 74
2026/07/28 13:25:54.841, 304.03, 100, 74232, 74
2026/07/28 13:25:55.878, 297.71, 100, 74232, 74
2026/07/28 13:25:56.918, 292.47, 100, 74232, 74
2026/07/28 13:25:57.956, 298.56, 100, 74232, 74
2026/07/28 13:25:58.995, 298.88, 100, 74232, 74
2026/07/28 13:26:00.033, 297.63, 100, 74232, 74
2026/07/28 13:26:01.071, 297.82, 100, 74232, 74
2026/07/28 13:26:02.109, 298.90, 100, 74232, 74
2026/07/28 13:26:03.149, 297.62, 100, 74232, 74
2026/07/28 13:26:04.187, 298.49, 100, 74232, 74
2026/07/28 13:26:05.224, 297.62, 100, 74232, 74
2026/07/28 13:26:06.262, 298.11, 100, 74232, 75
2026/07/28 13:26:07.300, 298.19, 100, 74232, 75
2026/07/28 13:26:08.339, 301.39, 100, 74232, 75
2026/07/28 13:26:09.377, 300.72, 100, 74232, 75
2026/07/28 13:26:10.415, 293.75, 100, 74232, 75
2026/07/28 13:26:11.454, 298.59, 100, 74232, 75
2026/07/28 13:26:12.493, 292.46, 100, 74232, 75
2026/07/28 13:26:13.535, 297.92, 100, 74232, 75
2026/07/28 13:26:14.574, 298.32, 100, 74232, 75
2026/07/28 13:26:15.612, 298.08, 100, 74232, 75
2026/07/28 13:26:16.651, 299.29, 100, 74232, 75
2026/07/28 13:26:17.689, 301.01, 100, 74232, 75
2026/07/28 13:26:18.726, 298.89, 100, 74232, 75
2026/07/28 13:26:19.763, 297.15, 100, 74232, 75
2026/07/28 13:26:20.802, 298.79, 100, 74232, 75
2026/07/28 13:26:21.839, 298.87, 100, 74232, 75
2026/07/28 13:26:22.877, 300.16, 100, 74232, 75
2026/07/28 13:26:23.914, 298.79, 100, 74232, 75
2026/07/28 13:26:24.952, 298.12, 100, 74232, 75
2026/07/28 13:26:25.990, 299.07, 100, 74232, 75
2026/07/28 13:26:27.028, 298.41, 100, 74232, 75
2026/07/28 13:26:28.067, 298.75, 100, 74232, 75
2026/07/28 13:26:29.105, 298.12, 100, 74232, 75
2026/07/28 13:26:30.143, 298.61, 100, 74232, 75
2026/07/28 13:26:31.181, 298.79, 100, 74232, 75
2026/07/28 13:26:32.219, 299.26, 100, 74232, 75
2026/07/28 13:26:33.256, 298.69, 100, 74232, 75
2026/07/28 13:26:34.293, 298.87, 100, 74232, 75
2026/07/28 13:26:35.331, 299.47, 100, 74232, 75
2026/07/28 13:26:36.370, 300.06, 100, 74232, 75
2026/07/28 13:26:37.408, 301.00, 100, 74232, 75
2026/07/28 13:26:38.446, 306.81, 100, 74232, 75
2026/07/28 13:26:39.484, 299.06, 100, 74232, 75
2026/07/28 13:26:40.521, 299.07, 100, 74232, 75
2026/07/28 13:26:41.562, 300.06, 100, 74232, 75
2026/07/28 13:26:42.600, 298.68, 100, 74232, 75
2026/07/28 13:26:43.638, 298.70, 100, 74232, 75
2026/07/28 13:26:44.679, 287.64, 100, 74232, 75
2026/07/28 13:26:45.717, 291.31, 100, 74232, 75
2026/07/28 13:26:46.756, 299.84, 100, 74232, 75
2026/07/28 13:26:47.796, 298.40, 100, 74232, 75
2026/07/28 13:26:48.833, 298.39, 100, 74232, 75
2026/07/28 13:26:49.872, 299.26, 100, 74232, 75
2026/07/28 13:26:50.910, 298.77, 100, 74232, 75
2026/07/28 13:26:51.947, 299.17, 100, 74232, 75
2026/07/28 13:26:52.985, 302.05, 100, 74232, 75
2026/07/28 13:26:54.023, 295.10, 100, 74232, 75
2026/07/28 13:26:55.061, 300.63, 100, 74232, 75
2026/07/28 13:26:56.100, 302.92, 100, 74232, 75
2026/07/28 13:26:57.139, 300.37, 100, 74232, 75
2026/07/28 13:26:58.177, 298.91, 100, 74232, 75
2026/07/28 13:26:59.217, 298.80, 100, 74232, 75
2026/07/28 13:27:00.255, 298.69, 100, 74232, 75
2026/07/28 13:27:01.293, 298.40, 100, 74232, 75
2026/07/28 13:27:02.334, 300.13, 100, 74232, 75
2026/07/28 13:27:03.373, 298.02, 100, 74232, 75
2026/07/28 13:27:04.410, 295.30, 100, 74232, 75
2026/07/28 13:27:05.450, 295.78, 100, 74232, 75
2026/07/28 13:27:06.488, 297.33, 100, 74232, 75
2026/07/28 13:27:07.525, 298.61, 100, 74232, 74
2026/07/28 13:27:08.563, 302.14, 100, 74232, 74
2026/07/28 13:27:09.602, 295.10, 100, 74232, 74
2026/07/28 13:27:10.639, 293.54, 100, 74232, 74
2026/07/28 13:27:11.677, 296.54, 100, 74232, 74
2026/07/28 13:27:12.715, 297.04, 100, 74232, 74
2026/07/28 13:27:13.760, 297.64, 100, 74232, 74
2026/07/28 13:27:14.798, 298.96, 100, 74232, 74
2026/07/28 13:27:15.834, 296.56, 100, 74232, 74
2026/07/28 13:27:16.873, 297.14, 100, 74232, 74
2026/07/28 13:27:17.910, 297.04, 100, 74232, 74
2026/07/28 13:27:18.949, 297.53, 100, 74232, 74
2026/07/28 13:27:19.989, 297.36, 100, 74232, 74
2026/07/28 13:27:21.026, 296.84, 100, 74232, 74
2026/07/28 13:27:22.064, 296.26, 100, 74232, 74
2026/07/28 13:27:23.102, 297.05, 100, 74232, 74
2026/07/28 13:27:24.141, 297.36, 100, 74232, 74
2026/07/28 13:27:25.178, 296.92, 100, 74232, 74
2026/07/28 13:27:26.216, 297.62, 100, 74232, 74
2026/07/28 13:27:27.254, 303.03, 100, 74232, 74
2026/07/28 13:27:28.294, 303.24, 100, 74232, 74
2026/07/28 13:27:29.334, 306.73, 100, 74232, 74
2026/07/28 13:27:30.373, 303.43, 100, 74232, 74
2026/07/28 13:27:31.411, 303.54, 100, 74232, 73
2026/07/28 13:27:32.449, 296.06, 100, 74232, 73
2026/07/28 13:27:33.487, 292.38, 100, 74232, 73
2026/07/28 13:27:34.526, 296.27, 100, 74232, 73
2026/07/28 13:27:35.564, 301.59, 100, 74232, 73
2026/07/28 13:27:36.601, 294.43, 100, 74232, 73
2026/07/28 13:27:37.639, 291.71, 100, 74232, 73
2026/07/28 13:27:38.676, 295.49, 100, 74232, 73
2026/07/28 13:27:39.714, 306.05, 100, 74232, 73
2026/07/28 13:27:40.751, 303.68, 100, 74232, 73
2026/07/28 13:27:41.789, 298.31, 100, 74232, 73
2026/07/28 13:27:42.826, 304.86, 100, 74232, 73
2026/07/28 13:27:43.867, 301.88, 100, 74232, 73
2026/07/28 13:27:44.907, 301.51, 100, 74232, 73
2026/07/28 13:27:45.944, 301.80, 100, 74232, 72
2026/07/28 13:27:46.983, 302.66, 100, 74232, 72
2026/07/28 13:27:48.022, 302.55, 100, 74232, 72
2026/07/28 13:27:49.058, 301.97, 100, 74232, 72
2026/07/28 13:27:50.096, 301.69, 100, 74232, 72
2026/07/28 13:27:51.134, 304.02, 100, 74232, 72
2026/07/28 13:27:52.171, 301.90, 100, 74232, 72
2026/07/28 13:27:53.209, 298.89, 100, 74232, 72
2026/07/28 13:27:54.249, 301.52, 100, 74232, 72
2026/07/28 13:27:55.286, 300.91, 100, 74232, 72
2026/07/28 13:27:56.324, 300.80, 100, 74232, 72
2026/07/28 13:27:57.362, 301.58, 100, 74232, 72
2026/07/28 13:27:58.399, 302.72, 100, 74232, 72
2026/07/28 13:27:59.436, 300.81, 100, 74232, 72
2026/07/28 13:28:00.473, 301.79, 100, 74232, 72
2026/07/28 13:28:01.510, 301.23, 100, 74232, 72
2026/07/28 13:28:02.548, 301.22, 100, 74232, 72
2026/07/28 13:28:03.585, 302.92, 100, 74232, 72
2026/07/28 13:28:04.623, 301.01, 100, 74232, 72
2026/07/28 13:28:05.661, 293.83, 100, 74232, 71
2026/07/28 13:28:06.700, 289.09, 100, 74232, 71
2026/07/28 13:28:07.739, 293.42, 100, 74232, 71
2026/07/28 13:28:08.778, 294.23, 100, 74232, 71
2026/07/28 13:28:09.817, 293.27, 100, 74232, 71
2026/07/28 13:28:10.856, 292.88, 100, 74232, 71
2026/07/28 13:28:11.895, 292.29, 100, 74232, 71
2026/07/28 13:28:12.933, 295.38, 100, 74232, 71
2026/07/28 13:28:13.974, 300.05, 100, 74232, 71
2026/07/28 13:28:15.013, 300.22, 100, 74232, 71
2026/07/28 13:28:16.051, 300.33, 100, 74232, 71
2026/07/28 13:28:17.090, 301.21, 100, 74232, 71
2026/07/28 13:28:18.127, 299.55, 100, 74232, 71
2026/07/28 13:28:19.166, 299.84, 100, 74232, 71
2026/07/28 13:28:20.203, 304.11, 100, 74232, 71
2026/07/28 13:28:21.240, 299.86, 100, 74232, 71
2026/07/28 13:28:22.279, 299.85, 100, 74232, 71
2026/07/28 13:28:23.316, 306.42, 100, 74232, 71
2026/07/28 13:28:24.354, 300.45, 100, 74232, 71
2026/07/28 13:28:25.391, 299.88, 100, 74232, 71
2026/07/28 13:28:26.429, 300.16, 100, 74232, 71
2026/07/28 13:28:27.467, 293.75, 100, 74232, 71
2026/07/28 13:28:28.504, 293.36, 100, 74232, 71
2026/07/28 13:28:29.543, 299.45, 100, 74232, 71
2026/07/28 13:28:30.581, 298.69, 100, 74232, 71
2026/07/28 13:28:31.622, 291.02, 100, 74232, 71
2026/07/28 13:28:32.662, 299.54, 100, 74232, 71
2026/07/28 13:28:33.700, 299.54, 100, 74232, 71
2026/07/28 13:28:34.742, 300.16, 100, 74232, 71
2026/07/28 13:28:35.786, 299.36, 100, 74232, 71
2026/07/28 13:28:36.823, 293.06, 100, 74232, 71
2026/07/28 13:28:37.859, 299.48, 100, 74232, 71
2026/07/28 13:28:38.895, 299.64, 100, 74232, 71
2026/07/28 13:28:39.932, 300.15, 100, 74232, 71
2026/07/28 13:28:40.969, 298.70, 100, 74232, 71
2026/07/28 13:28:42.005, 96.05, 0, 74232, 67
2026/07/28 13:28:43.038, 94.26, 0, 74232, 66
2026/07/28 13:28:44.070, 94.27, 0, 74232, 66
2026/07/28 13:28:45.102, 92.74, 0, 74232, 65
2026/07/28 13:28:46.134, 93.08, 0, 74232, 65
2026/07/28 13:28:47.167, 90.91, 0, 74232, 64
2026/07/28 13:28:48.198, 91.05, 0, 74232, 64
2026/07/28 13:28:49.231, 90.71, 0, 74232, 63
2026/07/28 13:28:50.262, 90.51, 0, 74232, 63
2026/07/28 13:28:51.292, 89.04, 0, 74232, 63
2026/07/28 13:28:52.323, 89.04, 0, 74232, 62
2026/07/28 13:28:53.354, 89.56, 0, 74232, 62
2026/07/28 13:28:54.385, 89.28, 0, 74232, 62
2026/07/28 13:28:55.416, 89.63, 0, 74232, 62
2026/07/28 13:28:56.447, 88.09, 0, 74232, 62
2026/07/28 13:28:57.478, 87.55, 0, 74232, 61
2026/07/28 13:28:58.509, 87.66, 0, 74232, 61
2026/07/28 13:28:59.540, 88.33, 0, 74232, 61
2026/07/28 13:29:00.569, 86.81, 0, 74232, 61
2026/07/28 13:29:01.598, 86.07, 0, 74232, 61
2026/07/28 13:29:02.629, 85.82, 0, 74232, 60
2026/07/28 13:29:03.842, 85.61, 0, 74232, 60
2026/07/28 13:29:04.872, 85.10, 0, 74232, 60
2026/07/28 13:29:05.902, 84.96, 0, 74232, 60
2026/07/28 13:29:06.934, 84.86, 0, 74232, 59
2026/07/28 13:29:07.964, 300.58, 100, 74232, 65
2026/07/28 13:29:08.999, 296.35, 100, 74232, 65
2026/07/28 13:29:10.038, 296.77, 100, 74232, 66
2026/07/28 13:29:11.071, 299.44, 100, 74232, 66
2026/07/28 13:29:12.104, 293.35, 100, 74232, 66
2026/07/28 13:29:13.137, 305.57, 100, 74232, 65
2026/07/28 13:29:14.174, 298.59, 100, 74232, 65
2026/07/28 13:29:15.215, 299.38, 100, 74232, 66
2026/07/28 13:29:16.254, 299.94, 100, 74232, 66
2026/07/28 13:29:17.290, 299.67, 100, 74232, 66
2026/07/28 13:29:18.330, 301.11, 100, 74232, 67
2026/07/28 13:29:19.366, 300.82, 100, 74232, 67
2026/07/28 13:29:20.404, 300.06, 100, 74232, 67
2026/07/28 13:29:21.440, 282.77, 100, 74232, 69
2026/07/28 13:29:22.477, 306.55, 100, 74232, 70
2026/07/28 13:29:23.513, 304.72, 100, 74232, 70
2026/07/28 13:29:24.549, 281.68, 100, 74232, 70
2026/07/28 13:29:25.592, 299.15, 100, 74232, 70
2026/07/28 13:29:26.628, 303.65, 100, 74232, 69
2026/07/28 13:29:27.666, 304.78, 100, 74232, 69
2026/07/28 13:29:28.703, 305.00, 100, 74232, 69
2026/07/28 13:29:29.740, 297.95, 100, 74232, 71
2026/07/28 13:29:30.775, 289.70, 100, 74232, 71
2026/07/28 13:29:31.809, 296.07, 100, 74232, 72
2026/07/28 13:29:32.848, 301.68, 100, 74232, 72
2026/07/28 13:29:33.883, 280.17, 100, 74232, 72
2026/07/28 13:29:34.920, 306.64, 100, 74232, 71
2026/07/28 13:29:35.958, 300.44, 100, 74232, 71
2026/07/28 13:29:36.995, 296.57, 100, 74232, 71
2026/07/28 13:29:38.033, 297.52, 100, 74232, 71
2026/07/28 13:29:39.070, 300.81, 100, 74232, 71
2026/07/28 13:29:40.111, 300.53, 100, 74232, 71
2026/07/28 13:29:41.148, 303.51, 100, 74232, 72
2026/07/28 13:29:42.185, 303.63, 100, 74232, 72
2026/07/28 13:29:43.222, 296.45, 100, 74232, 72
2026/07/28 13:29:44.259, 321.62, 100, 74232, 74
2026/07/28 13:29:45.294, 298.86, 100, 74232, 74
2026/07/28 13:29:46.328, 306.85, 100, 74232, 74
2026/07/28 13:29:47.362, 267.37, 100, 74232, 74
2026/07/28 13:29:48.396, 292.29, 100, 74232, 74
2026/07/28 13:29:49.431, 282.66, 100, 74232, 74
2026/07/28 13:29:50.473, 303.25, 100, 74232, 73
2026/07/28 13:29:51.510, 302.39, 100, 74232, 73
2026/07/28 13:29:52.546, 303.14, 100, 74232, 73
2026/07/28 13:29:53.582, 304.69, 100, 74232, 73
2026/07/28 13:29:54.619, 304.50, 100, 74232, 73
2026/07/28 13:29:55.658, 303.97, 100, 74232, 73
2026/07/28 13:29:56.692, 296.15, 100, 74232, 75
2026/07/28 13:29:57.726, 314.12, 100, 74232, 75
2026/07/28 13:29:58.761, 294.96, 100, 74232, 75
2026/07/28 13:29:59.795, 301.62, 100, 74232, 75
2026/07/28 13:30:00.829, 281.97, 100, 74232, 75
2026/07/28 13:30:01.863, 305.28, 100, 74232, 74
2026/07/28 13:30:02.899, 305.21, 100, 74232, 74
2026/07/28 13:30:03.936, 306.35, 100, 74232, 74
2026/07/28 13:30:04.972, 302.57, 100, 74232, 74
2026/07/28 13:30:06.008, 297.46, 100, 74232, 74
2026/07/28 13:30:07.044, 295.39, 100, 74232, 74
2026/07/28 13:30:08.082, 296.08, 100, 74232, 75
2026/07/28 13:30:09.119, 296.56, 100, 74232, 75
2026/07/28 13:30:10.156, 300.26, 100, 74232, 75
2026/07/28 13:30:11.192, 298.50, 100, 74232, 75
2026/07/28 13:30:12.231, 300.25, 100, 74232, 75
2026/07/28 13:30:13.269, 299.86, 100, 74232, 75
2026/07/28 13:30:14.306, 302.34, 100, 74232, 77
2026/07/28 13:30:15.340, 299.09, 100, 74232, 77
2026/07/28 13:30:16.377, 296.48, 100, 74232, 77
2026/07/28 13:30:17.410, 297.33, 100, 74232, 77
2026/07/28 13:30:18.445, 283.94, 100, 74232, 77
2026/07/28 13:30:19.480, 288.99, 100, 74232, 75
2026/07/28 13:30:20.518, 299.10, 100, 74232, 75
2026/07/28 13:30:21.554, 300.34, 100, 74232, 75
2026/07/28 13:30:22.600, 296.56, 100, 74232, 75
2026/07/28 13:30:23.637, 301.12, 100, 74232, 75
2026/07/28 13:30:24.674, 272.19, 100, 74232, 77
2026/07/28 13:30:25.711, 298.01, 100, 74232, 77
2026/07/28 13:30:26.744, 302.50, 100, 74232, 77
2026/07/28 13:30:27.778, 293.48, 100, 74232, 77
2026/07/28 13:30:28.812, 294.43, 100, 74232, 77
2026/07/28 13:30:29.847, 273.29, 100, 74232, 77
2026/07/28 13:30:30.881, 301.63, 100, 74232, 76
2026/07/28 13:30:31.919, 301.30, 100, 74232, 76
2026/07/28 13:30:32.956, 301.51, 100, 74232, 76
2026/07/28 13:30:33.992, 301.21, 100, 74232, 76
2026/07/28 13:30:35.030, 299.18, 100, 74232, 76
2026/07/28 13:30:36.068, 302.73, 100, 74232, 78
2026/07/28 13:30:37.107, 307.86, 100, 74232, 78
2026/07/28 13:30:38.140, 295.80, 100, 74232, 78
2026/07/28 13:30:39.174, 323.87, 100, 74232, 78
2026/07/28 13:30:40.208, 307.57, 100, 74232, 78
2026/07/28 13:30:41.243, 295.22, 100, 74232, 78
2026/07/28 13:30:42.277, 290.56, 100, 74232, 76
2026/07/28 13:30:43.316, 294.33, 100, 74232, 76
2026/07/28 13:30:44.353, 294.41, 100, 74232, 76
2026/07/28 13:30:45.390, 294.92, 100, 74232, 76
2026/07/28 13:30:46.427, 294.43, 100, 74232, 76
2026/07/28 13:30:47.467, 263.18, 100, 74232, 78
2026/07/28 13:30:48.501, 288.28, 100, 74232, 78
2026/07/28 13:30:49.537, 286.37, 100, 74232, 78
2026/07/28 13:30:50.571, 296.26, 100, 74232, 78
2026/07/28 13:30:51.604, 316.65, 100, 74232, 78
2026/07/28 13:30:52.637, 279.62, 100, 74232, 78
2026/07/28 13:30:53.672, 294.70, 100, 74232, 76
2026/07/28 13:30:54.710, 294.52, 100, 74232, 76
2026/07/28 13:30:55.748, 294.81, 100, 74232, 76
2026/07/28 13:30:56.784, 298.33, 100, 74232, 78
2026/07/28 13:30:57.822, 304.88, 100, 74232, 78
2026/07/28 13:30:58.859, 289.29, 100, 74232, 78
2026/07/28 13:30:59.893, 290.15, 100, 74232, 78
2026/07/28 13:31:00.931, 277.42, 100, 74232, 78
2026/07/28 13:31:01.966, 284.16, 100, 74232, 78
2026/07/28 13:31:03.000, 296.26, 100, 74232, 78
2026/07/28 13:31:04.036, 293.36, 100, 74232, 76
2026/07/28 13:31:05.071, 295.12, 100, 74232, 76
2026/07/28 13:31:06.107, 294.70, 100, 74232, 77
2026/07/28 13:31:07.144, 295.40, 100, 74232, 77
2026/07/28 13:31:08.182, 293.85, 100, 74232, 77
2026/07/28 13:31:09.219, 294.33, 100, 74232, 77
2026/07/28 13:31:10.258, 295.13, 100, 74232, 77
2026/07/28 13:31:11.295, 298.86, 100, 74232, 77
2026/07/28 13:31:12.331, 302.56, 100, 74232, 77
2026/07/28 13:31:13.368, 301.14, 100, 74232, 77
2026/07/28 13:31:14.405, 304.98, 100, 74232, 77
2026/07/28 13:31:15.442, 302.37, 100, 74232, 77
2026/07/28 13:31:16.479, 102.98, 65, 74232, 74
2026/07/28 13:31:17.511, 103.99, 0, 74232, 73
2026/07/28 13:31:18.541, 103.23, 0, 74232, 72
2026/07/28 13:31:19.572, 103.15, 0, 74232, 72
2026/07/28 13:31:20.603, 101.50, 0, 74232, 71
2026/07/28 13:31:21.638, 100.66, 0, 74232, 71
2026/07/28 13:31:22.670, 99.51, 0, 74232, 70
2026/07/28 13:31:23.703, 99.05, 0, 74232, 70
2026/07/28 13:31:24.734, 97.43, 0, 74232, 69
2026/07/28 13:31:25.766, 97.62, 0, 74232, 69
2026/07/28 13:31:26.797, 97.33, 0, 74232, 68
2026/07/28 13:31:27.829, 96.72, 0, 74232, 68
2026/07/28 13:31:28.860, 95.59, 0, 74232, 67
2026/07/28 13:31:29.890, 95.08, 0, 74232, 67
2026/07/28 13:31:30.922, 94.54, 0, 74232, 67
2026/07/28 13:31:31.958, 94.53, 0, 74232, 66
2026/07/28 13:31:32.987, 94.52, 0, 74232, 66
2026/07/28 13:31:34.019, 94.01, 0, 74232, 66
2026/07/28 13:31:35.050, 93.49, 0, 74232, 65
2026/07/28 13:31:36.081, 92.98, 0, 74232, 65
2026/07/28 13:31:37.112, 92.01, 0, 74232, 65
2026/07/28 13:31:38.143, 92.08, 0, 74232, 64
2026/07/28 13:31:39.175, 90.68, 0, 74232, 64
2026/07/28 13:31:40.208, 90.49, 0, 74232, 64
2026/07/28 13:31:41.239, 91.65, 0, 74232, 64
2026/07/28 13:31:42.270, 90.07, 0, 74232, 63
2026/07/28 13:31:43.302, 89.81, 0, 74232, 63
2026/07/28 13:31:44.333, 89.40, 0, 74232, 63
2026/07/28 13:31:45.365, 363.38, 0, 74232, 67
2026/07/28 13:31:46.404, 288.30, 100, 74232, 68
2026/07/28 13:31:47.439, 311.07, 100, 74232, 69
2026/07/28 13:31:48.474, 297.11, 100, 74232, 69
2026/07/28 13:31:49.509, 288.01, 100, 74232, 69
2026/07/28 13:31:50.546, 303.05, 100, 74232, 68
2026/07/28 13:31:51.584, 305.40, 100, 74232, 68
2026/07/28 13:31:52.622, 302.85, 100, 74232, 68
2026/07/28 13:31:53.663, 294.12, 100, 74232, 68
2026/07/28 13:31:54.701, 300.91, 100, 74232, 69
2026/07/28 13:31:55.738, 302.16, 100, 74232, 71
2026/07/28 13:31:56.772, 283.54, 100, 74232, 71
2026/07/28 13:31:57.810, 303.59, 100, 74232, 71
2026/07/28 13:31:58.844, 300.44, 100, 74232, 71
2026/07/28 13:31:59.881, 305.45, 100, 74232, 70
2026/07/28 13:32:00.921, 302.66, 100, 74232, 70
2026/07/28 13:32:01.961, 295.49, 100, 74232, 70
2026/07/28 13:32:03.000, 302.38, 100, 74232, 70
2026/07/28 13:32:04.040, 282.35, 100, 74232, 72
2026/07/28 13:32:05.076, 290.16, 100, 74232, 72
2026/07/28 13:32:06.114, 279.28, 100, 74232, 73
2026/07/28 13:32:07.147, 292.19, 100, 74232, 73
2026/07/28 13:32:08.181, 275.99, 100, 74232, 73
2026/07/28 13:32:09.217, 301.31, 100, 74232, 71
2026/07/28 13:32:10.254, 300.26, 100, 74232, 71
2026/07/28 13:32:11.292, 301.62, 100, 74232, 72
2026/07/28 13:32:12.329, 301.97, 100, 74232, 72
2026/07/28 13:32:13.368, 295.36, 100, 74232, 74
2026/07/28 13:32:14.401, 295.26, 100, 74232, 74
2026/07/28 13:32:15.439, 290.14, 100, 74232, 74
2026/07/28 13:32:16.474, 289.36, 100, 74232, 74
2026/07/28 13:32:17.507, 308.19, 100, 74232, 73
2026/07/28 13:32:18.543, 288.11, 100, 74232, 72
2026/07/28 13:32:19.582, 294.43, 100, 74232, 73
2026/07/28 13:32:20.620, 301.68, 100, 74232, 73
2026/07/28 13:32:21.657, 300.07, 100, 74232, 73
2026/07/28 13:32:22.694, 303.33, 100, 74232, 73
2026/07/28 13:32:23.731, 304.99, 100, 74232, 73
2026/07/28 13:32:24.767, 304.88, 100, 74232, 73
2026/07/28 13:32:25.805, 307.50, 100, 74232, 74
2026/07/28 13:32:26.841, 305.65, 100, 74232, 74
2026/07/28 13:32:27.879, 305.77, 100, 74232, 74
2026/07/28 13:32:28.915, 304.35, 100, 74232, 74
2026/07/28 13:32:29.952, 305.36, 100, 74232, 74
2026/07/28 13:32:30.989, 307.70, 100, 74232, 74
2026/07/28 13:32:32.030, 306.06, 100, 74232, 74
2026/07/28 13:32:33.067, 305.20, 100, 74232, 74
2026/07/28 13:32:34.104, 305.45, 100, 74232, 76
2026/07/28 13:32:35.138, 288.43, 100, 74232, 76
2026/07/28 13:32:36.174, 297.06, 100, 74232, 76
2026/07/28 13:32:37.210, 281.97, 100, 74232, 76
2026/07/28 13:32:38.244, 267.61, 100, 74232, 74
2026/07/28 13:32:39.280, 294.41, 100, 74232, 74
2026/07/28 13:32:40.318, 291.51, 100, 74232, 74
2026/07/28 13:32:41.354, 299.18, 100, 74232, 74
2026/07/28 13:32:42.390, 297.73, 100, 74232, 74
2026/07/28 13:32:43.426, 293.06, 100, 74232, 75
2026/07/28 13:32:44.462, 293.85, 100, 74232, 76
2026/07/28 13:32:45.497, 301.01, 100, 74232, 76
2026/07/28 13:32:46.532, 295.11, 100, 74232, 76
2026/07/28 13:32:47.565, 308.60, 100, 74232, 77
2026/07/28 13:32:48.598, 301.77, 100, 74232, 77
2026/07/28 13:32:49.632, 299.60, 100, 74232, 75
2026/07/28 13:32:50.667, 299.17, 100, 74232, 75
2026/07/28 13:32:51.704, 299.08, 100, 74232, 75
2026/07/28 13:32:52.742, 300.23, 100, 74232, 75
2026/07/28 13:32:53.780, 300.16, 100, 74232, 75
2026/07/28 13:32:54.817, 302.11, 100, 74232, 75
2026/07/28 13:32:55.860, 294.04, 100, 74232, 75
2026/07/28 13:32:56.898, 294.15, 100, 74232, 75
2026/07/28 13:32:57.935, 294.02, 100, 74232, 75
2026/07/28 13:32:58.976, 292.80, 100, 74232, 75
2026/07/28 13:33:00.012, 289.28, 100, 74232, 75
2026/07/28 13:33:01.049, 392.78, 100, 74232, 77
2026/07/28 13:33:02.085, 294.63, 100, 74232, 77
2026/07/28 13:33:03.121, 285.98, 100, 74232, 77
2026/07/28 13:33:04.156, 296.07, 100, 74232, 77
2026/07/28 13:33:05.190, 314.65, 100, 74232, 77
2026/07/28 13:33:06.226, 296.86, 100, 74232, 75
2026/07/28 13:33:07.264, 301.60, 100, 74232, 75
2026/07/28 13:33:08.303, 300.53, 100, 74232, 75
2026/07/28 13:33:09.340, 300.34, 100, 74232, 75
2026/07/28 13:33:10.377, 301.53, 100, 74232, 76
2026/07/28 13:33:11.414, 301.48, 100, 74232, 76
2026/07/28 13:33:12.452, 298.48, 100, 74232, 76
2026/07/28 13:33:13.486, 302.06, 100, 74232, 78
2026/07/28 13:33:14.527, 288.21, 100, 74232, 78
2026/07/28 13:33:15.561, 298.17, 100, 74232, 78
2026/07/28 13:33:16.597, 303.73, 100, 74232, 78
2026/07/28 13:33:17.632, 253.66, 100, 74232, 76
2026/07/28 13:33:18.669, 294.42, 100, 74232, 76
2026/07/28 13:33:19.706, 297.33, 100, 74232, 76
2026/07/28 13:33:20.743, 292.38, 100, 74232, 76
2026/07/28 13:33:21.780, 297.33, 100, 74232, 76
2026/07/28 13:33:22.817, 299.97, 100, 74232, 76
2026/07/28 13:33:23.854, 300.58, 100, 74232, 76
2026/07/28 13:33:24.892, 300.24, 100, 74232, 76
2026/07/28 13:33:25.929, 300.62, 100, 74232, 76
2026/07/28 13:33:26.966, 303.73, 100, 74232, 76
2026/07/28 13:33:28.002, 300.81, 100, 74232, 76
2026/07/28 13:33:29.038, 300.23, 100, 74232, 76
2026/07/28 13:33:30.074, 296.28, 100, 74232, 76
2026/07/28 13:33:31.113, 103.66, 0, 74232, 73
2026/07/28 13:33:32.146, 102.56, 0, 74232, 72
2026/07/28 13:33:33.180, 101.57, 0, 74232, 71
2026/07/28 13:33:34.212, 100.61, 0, 74232, 71
2026/07/28 13:33:35.245, 99.73, 0, 74232, 70
2026/07/28 13:33:36.281, 99.32, 0, 74232, 70
2026/07/28 13:33:37.313, 97.21, 0, 74232, 69
2026/07/28 13:33:38.346, 96.33, 0, 74232, 69
2026/07/28 13:33:39.378, 97.10, 0, 74232, 68
2026/07/28 13:33:40.410, 95.25, 0, 74232, 68
2026/07/28 13:33:41.441, 95.40, 0, 74232, 67
2026/07/28 13:33:42.473, 93.99, 0, 74232, 67
2026/07/28 13:33:43.545, 93.36, 0, 74232, 66
2026/07/28 13:33:44.579, 93.90, 0, 74232, 65
2026/07/28 13:33:45.610, 92.87, 0, 74232, 65
2026/07/28 13:33:46.641, 92.43, 0, 74232, 65
2026/07/28 13:33:47.671, 92.28, 0, 74232, 64
2026/07/28 13:33:48.703, 91.58, 0, 74232, 64
2026/07/28 13:33:49.734, 90.17, 0, 74232, 63
2026/07/28 13:33:50.766, 89.88, 0, 74232, 63
2026/07/28 13:33:51.797, 90.78, 0, 74232, 63
2026/07/28 13:33:52.827, 89.67, 0, 74232, 62
2026/07/28 13:33:53.860, 88.77, 0, 74232, 62
2026/07/28 13:33:54.892, 88.79, 0, 74232, 62
2026/07/28 13:33:55.925, 87.99, 0, 74232, 62
2026/07/28 13:33:56.959, 87.87, 0, 74232, 61
2026/07/28 13:33:57.990, 87.14, 0, 74232, 61
2026/07/28 13:33:59.020, 86.51, 0, 74232, 61
2026/07/28 13:34:00.051, 86.33, 0, 74232, 61
2026/07/28 13:34:01.082, 86.28, 0, 74232, 60
2026/07/28 13:34:02.113, 86.29, 0, 74232, 60
2026/07/28 13:34:03.145, 85.84, 0, 74232, 60
2026/07/28 13:34:04.177, 85.54, 0, 74232, 60
2026/07/28 13:34:05.208, 85.69, 0, 74232, 60
2026/07/28 13:34:06.240, 85.38, 0, 74232, 59
2026/07/28 13:34:07.272, 84.71, 0, 74232, 59
2026/07/28 13:34:08.302, 84.11, 0, 74232, 59
2026/07/28 13:34:09.334, 84.30, 0, 74232, 59
2026/07/28 13:34:10.366, 83.36, 0, 74232, 58
2026/07/28 13:34:11.398, 84.11, 0, 74232, 58
2026/07/28 13:34:12.431, 84.39, 0, 74232, 58
2026/07/28 13:34:13.463, 83.78, 0, 74232, 58
2026/07/28 13:34:14.496, 83.21, 0, 74232, 58
2026/07/28 13:34:16.982, 83.79, 0, 74232, 57
2026/07/28 13:34:18.016, 84.04, 0, 74232, 57
2026/07/28 13:34:19.048, 83.25, 0, 74232, 57
2026/07/28 13:34:20.079, 83.07, 0, 74232, 57
2026/07/28 13:34:21.111, 82.72, 0, 74232, 56
2026/07/28 13:34:22.143, 82.63, 0, 74232, 56
2026/07/28 13:34:23.172, 82.22, 0, 74232, 56
2026/07/28 13:34:24.203, 81.77, 0, 74232, 56
2026/07/28 13:34:25.235, 81.07, 0, 74232, 56
2026/07/28 13:34:26.266, 81.08, 0, 74232, 56
2026/07/28 13:34:27.298, 80.69, 0, 74232, 55
2026/07/28 13:34:28.329, 80.56, 0, 74232, 55
2026/07/28 13:34:29.360, 80.47, 0, 74232, 55
2026/07/28 13:34:30.391, 80.57, 0, 74232, 55
2026/07/28 13:34:31.423, 79.61, 0, 74232, 55
2026/07/28 13:34:32.453, 79.93, 0, 74232, 54
2026/07/28 13:34:33.482, 80.18, 0, 74232, 54
2026/07/28 13:34:34.513, 79.60, 0, 74232, 54
2026/07/28 13:34:35.543, 79.38, 0, 74232, 54
2026/07/28 13:34:36.574, 79.42, 0, 74232, 54
2026/07/28 13:34:37.604, 79.46, 0, 74232, 54
2026/07/28 13:34:38.636, 79.12, 0, 74232, 53
2026/07/28 13:34:39.666, 302.54, 100, 74232, 59
2026/07/28 13:34:40.700, 293.58, 100, 74232, 59
2026/07/28 13:34:41.734, 297.64, 100, 74232, 60
2026/07/28 13:34:42.769, 271.24, 100, 74232, 60
2026/07/28 13:34:43.803, 296.08, 100, 74232, 59
2026/07/28 13:34:44.838, 300.32, 100, 74232, 59
2026/07/28 13:34:45.877, 301.87, 100, 74232, 60
2026/07/28 13:34:46.913, 303.72, 100, 74232, 60
2026/07/28 13:34:47.952, 300.32, 100, 74232, 60
2026/07/28 13:34:48.989, 301.18, 100, 74232, 62
2026/07/28 13:34:50.025, 301.22, 100, 74232, 63
2026/07/28 13:34:51.058, 302.70, 100, 74232, 63
2026/07/28 13:34:52.098, 299.95, 100, 74232, 63
2026/07/28 13:34:53.132, 304.11, 100, 74232, 62
2026/07/28 13:34:54.169, 301.88, 100, 74232, 62
2026/07/28 13:34:55.204, 302.84, 100, 74232, 63
2026/07/28 13:34:56.241, 301.67, 100, 74232, 64
2026/07/28 13:34:57.274, 290.05, 100, 74232, 65
2026/07/28 13:34:58.307, 294.70, 100, 74232, 65
2026/07/28 13:34:59.341, 299.15, 100, 74232, 65
2026/07/28 13:35:00.374, 298.96, 100, 74232, 66
2026/07/28 13:35:01.407, 304.78, 100, 74232, 64
2026/07/28 13:35:02.445, 305.74, 100, 74232, 64
2026/07/28 13:35:03.480, 304.31, 100, 74232, 65
2026/07/28 13:35:04.518, 294.81, 100, 74232, 65
2026/07/28 13:35:05.554, 295.97, 100, 74232, 65
2026/07/28 13:35:06.592, 306.09, 100, 74232, 65
2026/07/28 13:35:07.629, 303.82, 100, 74232, 65
2026/07/28 13:35:08.665, 307.34, 100, 74232, 66
2026/07/28 13:35:09.701, 296.77, 100, 74232, 66
2026/07/28 13:35:10.738, 293.55, 100, 74232, 66
2026/07/28 13:35:11.775, 297.30, 100, 74232, 66
2026/07/28 13:35:12.812, 296.94, 100, 74232, 66
2026/07/28 13:35:13.848, 297.23, 100, 74232, 67
2026/07/28 13:35:14.885, 297.82, 100, 74232, 67
2026/07/28 13:35:15.921, 300.54, 100, 74232, 67
2026/07/28 13:35:16.958, 302.55, 100, 74232, 67
2026/07/28 13:35:17.993, 301.67, 100, 74232, 68
2026/07/28 13:35:19.031, 292.67, 100, 74232, 68
2026/07/28 13:35:20.066, 295.77, 100, 74232, 68
2026/07/28 13:35:21.103, 301.90, 100, 74232, 70
2026/07/28 13:35:22.141, 298.77, 100, 74232, 70
2026/07/28 13:35:23.174, 310.74, 100, 74232, 70
2026/07/28 13:35:24.211, 312.45, 100, 74232, 70
2026/07/28 13:35:25.246, 303.06, 100, 74232, 69
2026/07/28 13:35:26.285, 300.15, 100, 74232, 69
2026/07/28 13:35:27.321, 295.98, 100, 74232, 69
2026/07/28 13:35:28.357, 292.08, 100, 74232, 69
2026/07/28 13:35:29.392, 306.15, 100, 74232, 69
2026/07/28 13:35:30.429, 300.05, 100, 74232, 69
2026/07/28 13:35:31.468, 301.40, 100, 74232, 69
2026/07/28 13:35:32.504, 303.63, 100, 74232, 70
2026/07/28 13:35:33.541, 304.50, 100, 74232, 70
2026/07/28 13:35:34.577, 304.11, 100, 74232, 70
2026/07/28 13:35:35.612, 303.53, 100, 74232, 70
2026/07/28 13:35:36.648, 300.34, 55, 74232, 71
2026/07/28 13:35:37.683, 298.41, 100, 74232, 72
2026/07/28 13:35:38.720, 290.43, 100, 74232, 72
2026/07/28 13:35:39.753, 319.17, 100, 74232, 72
2026/07/28 13:35:40.787, 271.69, 100, 74232, 72
2026/07/28 13:35:41.822, 294.04, 100, 74232, 70
2026/07/28 13:35:42.860, 293.24, 100, 74232, 70
2026/07/28 13:35:43.897, 298.88, 100, 74232, 70
2026/07/28 13:35:44.934, 297.53, 100, 74232, 70
2026/07/28 13:35:45.973, 298.49, 100, 74232, 70
2026/07/28 13:35:47.012, 303.53, 100, 74232, 71
2026/07/28 13:35:48.050, 298.39, 100, 74232, 71
2026/07/28 13:35:49.086, 299.94, 100, 74232, 71
2026/07/28 13:35:50.123, 301.40, 100, 74232, 71
2026/07/28 13:35:51.160, 298.87, 100, 74232, 71
2026/07/28 13:35:52.196, 97.25, 4, 74232, 68
2026/07/28 13:35:53.227, 292.84, 100, 74232, 72
2026/07/28 13:35:54.261, 299.01, 100, 74232, 73
2026/07/28 13:35:55.295, 291.33, 100, 74232, 73
2026/07/28 13:35:56.344, 304.88, 100, 74232, 73
2026/07/28 13:35:57.378, 267.41, 100, 74232, 73
2026/07/28 13:35:58.413, 306.79, 100, 74232, 71
2026/07/28 13:35:59.449, 299.26, 100, 74232, 71
2026/07/28 13:36:00.486, 299.48, 100, 74232, 71
2026/07/28 13:36:01.522, 299.18, 100, 74232, 72
2026/07/28 13:36:02.558, 303.90, 100, 74232, 72
2026/07/28 13:36:03.593, 300.23, 100, 74232, 72
2026/07/28 13:36:04.630, 306.15, 100, 74232, 72
2026/07/28 13:36:05.666, 300.44, 100, 74232, 72
2026/07/28 13:36:06.703, 304.59, 100, 74232, 72
2026/07/28 13:36:07.739, 300.70, 100, 74232, 72
2026/07/28 13:36:08.776, 301.25, 100, 74232, 72
2026/07/28 13:36:09.811, 96.71, 60, 74232, 70
2026/07/28 13:36:10.844, 97.80, 0, 74232, 69
2026/07/28 13:36:11.875, 96.89, 0, 74232, 68
2026/07/28 13:36:12.905, 96.11, 0, 74232, 67
2026/07/28 13:36:13.938, 95.74, 0, 74232, 67
2026/07/28 13:36:14.970, 94.31, 0, 74232, 66
2026/07/28 13:36:16.003, 93.79, 0, 74232, 66
2026/07/28 13:36:17.037, 93.78, 0, 74232, 66
2026/07/28 13:36:18.096, 92.28, 0, 74232, 65
2026/07/28 13:36:19.128, 92.63, 0, 74232, 65
2026/07/28 13:36:20.159, 92.30, 0, 74232, 64
2026/07/28 13:36:21.193, 91.35, 0, 74232, 64
2026/07/28 13:36:22.225, 90.92, 0, 74232, 64
2026/07/28 13:36:23.256, 91.16, 0, 74232, 63
2026/07/28 13:36:24.287, 89.23, 0, 74232, 63
2026/07/28 13:36:25.317, 90.53, 0, 74232, 62
2026/07/28 13:36:26.348, 89.11, 0, 74232, 62
2026/07/28 13:36:27.378, 87.90, 0, 74232, 62
2026/07/28 13:36:28.411, 87.81, 0, 74232, 61
2026/07/28 13:36:29.443, 86.95, 0, 74232, 61
2026/07/28 13:36:30.475, 86.73, 0, 74232, 61
2026/07/28 13:36:31.506, 86.12, 0, 74232, 60
2026/07/28 13:36:33.129, 86.15, 0, 74232, 60
2026/07/28 13:36:34.160, 85.60, 0, 74232, 60
2026/07/28 13:36:35.191, 85.08, 0, 74232, 59
2026/07/28 13:36:36.223, 85.04, 0, 74232, 59
2026/07/28 13:36:37.255, 84.07, 0, 74232, 59
2026/07/28 13:36:38.286, 84.02, 0, 74232, 58
2026/07/28 13:36:39.316, 83.51, 0, 74232, 58
2026/07/28 13:36:40.347, 83.08, 0, 74232, 58
2026/07/28 13:36:41.378, 82.28, 0, 74232, 58
2026/07/28 13:36:42.409, 82.80, 0, 74232, 57
2026/07/28 13:36:43.442, 82.05, 0, 74232, 57
2026/07/28 13:36:44.474, 81.91, 0, 74232, 57
2026/07/28 13:36:45.505, 81.46, 0, 74232, 57
2026/07/28 13:36:46.536, 81.78, 0, 74232, 56
2026/07/28 13:36:47.566, 81.64, 0, 74232, 56
2026/07/28 13:36:48.597, 81.14, 0, 74232, 56
2026/07/28 13:36:49.628, 80.93, 0, 74232, 56
2026/07/28 13:36:50.659, 80.49, 0, 74232, 55
2026/07/28 13:36:51.689, 80.61, 0, 74232, 55
2026/07/28 13:36:53.433, 80.12, 0, 74232, 55
2026/07/28 13:36:54.463, 80.99, 0, 74232, 55
2026/07/28 13:36:55.496, 79.57, 0, 74232, 54
2026/07/28 13:36:56.527, 79.68, 0, 74232, 54
2026/07/28 13:36:57.588, 79.52, 0, 74232, 54
2026/07/28 13:36:58.621, 79.19, 0, 74232, 54
2026/07/28 13:36:59.653, 78.17, 0, 74232, 54
2026/07/28 13:37:00.684, 78.97, 0, 74232, 53
2026/07/28 13:37:01.715, 78.41, 0, 74232, 53
2026/07/28 13:37:02.745, 78.51, 0, 74232, 53
2026/07/28 13:37:03.775, 78.86, 0, 74232, 53
2026/07/28 13:37:04.805, 78.29, 0, 74232, 53
2026/07/28 13:37:05.835, 77.83, 0, 74232, 52
2026/07/28 13:37:06.865, 78.14, 0, 74232, 52
2026/07/28 13:37:07.899, 77.64, 0, 74232, 52
2026/07/28 13:37:08.929, 77.79, 0, 74232, 52
2026/07/28 13:37:09.959, 76.79, 0, 74232, 52
2026/07/28 13:37:10.989, 76.70, 0, 74232, 51
2026/07/28 13:37:12.020, 76.50, 0, 74232, 51
2026/07/28 13:37:13.050, 76.30, 0, 74232, 51
2026/07/28 13:37:14.079, 75.99, 0, 74232, 51
2026/07/28 13:37:15.110, 75.55, 0, 74232, 51
2026/07/28 13:37:16.142, 75.78, 0, 74232, 51
2026/07/28 13:37:17.574, 307.10, 100, 74232, 56
2026/07/28 13:37:18.607, 298.36, 100, 74232, 57
2026/07/28 13:37:19.642, 286.83, 100, 74232, 57
2026/07/28 13:37:20.682, 299.03, 100, 74232, 58
2026/07/28 13:37:21.717, 296.58, 100, 74232, 56
2026/07/28 13:37:22.754, 298.58, 100, 74232, 57
2026/07/28 13:37:23.791, 299.06, 100, 74232, 57
2026/07/28 13:37:24.827, 299.64, 100, 74232, 57
2026/07/28 13:37:25.865, 301.47, 100, 74232, 58
2026/07/28 13:37:26.901, 299.96, 100, 74232, 60
2026/07/28 13:37:27.936, 291.13, 100, 74232, 60
2026/07/28 13:37:28.971, 312.41, 100, 74232, 60
2026/07/28 13:37:30.007, 290.52, 100, 74232, 61
2026/07/28 13:37:31.043, 301.69, 100, 74232, 59
2026/07/28 13:37:32.081, 302.84, 100, 74232, 60
2026/07/28 13:37:33.118, 286.29, 100, 74232, 61
2026/07/28 13:37:34.155, 299.76, 100, 74232, 62
2026/07/28 13:37:35.189, 287.19, 100, 74232, 62
2026/07/28 13:37:36.223, 296.53, 100, 74232, 62
2026/07/28 13:37:37.257, 297.32, 100, 74232, 63
2026/07/28 13:37:38.294, 271.62, 100, 74232, 63
2026/07/28 13:37:39.333, 276.29, 100, 74232, 61
2026/07/28 13:37:40.371, 290.45, 100, 74232, 62
2026/07/28 13:37:41.408, 292.10, 100, 74232, 62
2026/07/28 13:37:42.445, 299.27, 100, 74232, 62
2026/07/28 13:37:43.483, 302.16, 100, 74232, 62
2026/07/28 13:37:44.520, 298.98, 100, 74232, 63
2026/07/28 13:37:45.557, 299.52, 100, 74232, 65
2026/07/28 13:37:46.592, 294.10, 100, 74232, 65
2026/07/28 13:37:47.627, 289.36, 100, 74232, 65
2026/07/28 13:37:48.663, 300.73, 100, 74232, 65
2026/07/28 13:37:49.703, 284.11, 100, 74232, 65
2026/07/28 13:37:50.737, 275.15, 100, 74232, 65
2026/07/28 13:37:51.773, 304.40, 100, 74232, 64
2026/07/28 13:37:52.811, 308.83, 100, 74232, 64
2026/07/28 13:37:53.849, 308.07, 100, 74232, 65
2026/07/28 13:37:54.885, 294.72, 100, 74232, 65
2026/07/28 13:37:55.921, 296.17, 100, 74232, 67
2026/07/28 13:37:56.961, 302.13, 100, 74232, 67
2026/07/28 13:37:57.995, 308.79, 100, 74232, 67
2026/07/28 13:37:59.031, 291.61, 100, 74232, 67
2026/07/28 13:38:00.065, 285.78, 100, 74232, 67
2026/07/28 13:38:01.102, 304.00, 100, 74232, 68
2026/07/28 13:38:02.137, 300.33, 100, 74232, 66
2026/07/28 13:38:03.173, 300.45, 100, 74232, 66
2026/07/28 13:38:04.210, 301.02, 100, 74232, 66
2026/07/28 13:38:05.247, 299.66, 100, 74232, 66
2026/07/28 13:38:06.283, 301.10, 100, 74232, 67
2026/07/28 13:38:07.318, 300.54, 100, 74232, 67
2026/07/28 13:38:08.354, 301.64, 100, 74232, 67
2026/07/28 13:38:09.391, 299.64, 100, 74232, 67
2026/07/28 13:38:10.427, 300.90, 100, 74232, 67
2026/07/28 13:38:11.463, 302.95, 100, 74232, 67
2026/07/28 13:38:12.499, 300.36, 100, 74232, 68
2026/07/28 13:38:13.538, 382.29, 93, 74232, 69
2026/07/28 13:38:14.573, 299.24, 100, 74232, 70
2026/07/28 13:38:15.609, 300.54, 100, 74232, 69
2026/07/28 13:38:16.645, 300.16, 100, 74232, 70
2026/07/28 13:38:17.681, 301.62, 100, 74232, 70
2026/07/28 13:38:18.719, 293.85, 100, 74232, 70
2026/07/28 13:38:19.760, 304.30, 100, 74232, 70
2026/07/28 13:38:20.796, 302.18, 100, 74232, 69
2026/07/28 13:38:21.833, 302.08, 100, 74232, 69
2026/07/28 13:38:22.868, 302.95, 100, 74232, 69
2026/07/28 13:38:23.904, 303.85, 100, 74232, 69
2026/07/28 13:38:24.940, 303.15, 100, 74232, 69
2026/07/28 13:38:25.977, 303.07, 100, 74232, 69
2026/07/28 13:38:27.014, 304.38, 100, 74232, 69
2026/07/28 13:38:28.053, 305.67, 100, 74232, 69
2026/07/28 13:38:29.090, 305.08, 100, 74232, 70
2026/07/28 13:38:30.130, 304.60, 100, 74232, 70
2026/07/28 13:38:31.166, 304.19, 100, 74232, 70
2026/07/28 13:38:32.201, 304.21, 100, 74232, 70
2026/07/28 13:38:33.237, 304.92, 100, 74232, 70
2026/07/28 13:38:34.275, 294.43, 100, 74232, 70
2026/07/28 13:38:35.312, 298.79, 100, 74232, 70
2026/07/28 13:38:36.351, 304.78, 100, 74232, 70
2026/07/28 13:38:37.389, 298.12, 100, 74232, 70
2026/07/28 13:38:38.425, 300.83, 100, 74232, 70
2026/07/28 13:38:39.464, 298.79, 100, 74232, 70
2026/07/28 13:38:40.500, 300.43, 100, 74232, 71
2026/07/28 13:38:41.537, 298.48, 100, 74232, 71
2026/07/28 13:38:42.573, 296.45, 100, 74232, 71
2026/07/28 13:38:43.609, 300.34, 100, 74232, 71
2026/07/28 13:38:44.654, 299.26, 100, 74232, 71
2026/07/28 13:38:45.692, 299.67, 100, 74232, 71
2026/07/28 13:38:46.728, 292.38, 97, 74232, 73
2026/07/28 13:38:47.815, 305.96, 100, 74232, 71
2026/07/28 13:38:48.852, 291.60, 100, 74232, 71
2026/07/28 13:38:49.890, 305.37, 100, 74232, 71
2026/07/28 13:38:50.927, 298.02, 100, 74232, 71
2026/07/28 13:38:51.964, 298.21, 100, 74232, 72
2026/07/28 13:38:53.003, 292.40, 100, 74232, 71
2026/07/28 13:38:54.042, 294.41, 100, 74232, 72
2026/07/28 13:38:55.082, 292.00, 100, 74232, 72
2026/07/28 13:38:56.120, 296.58, 100, 74232, 72
2026/07/28 13:38:57.156, 292.29, 100, 74232, 72
2026/07/28 13:38:58.195, 294.06, 100, 74232, 72
2026/07/28 13:38:59.233, 291.63, 100, 74232, 72
2026/07/28 13:39:00.271, 289.18, 100, 74232, 72
2026/07/28 13:39:01.307, 290.44, 100, 74232, 72
2026/07/28 13:39:02.347, 300.91, 100, 74232, 72
2026/07/28 13:39:03.384, 299.05, 100, 74232, 72
2026/07/28 13:39:04.425, 293.75, 100, 74232, 72
2026/07/28 13:39:05.466, 299.56, 100, 74232, 72
2026/07/28 13:39:06.503, 303.16, 100, 74232, 73
2026/07/28 13:39:07.539, 301.80, 100, 74232, 73
2026/07/28 13:39:08.576, 300.52, 100, 74232, 73
2026/07/28 13:39:09.612, 303.25, 100, 74232, 73
2026/07/28 13:39:10.649, 297.05, 100, 74232, 73
2026/07/28 13:39:11.686, 301.49, 100, 74232, 73
2026/07/28 13:39:12.725, 295.78, 100, 74232, 73
2026/07/28 13:39:13.762, 297.90, 100, 74232, 73
2026/07/28 13:39:14.798, 304.28, 100, 74232, 73
2026/07/28 13:39:15.836, 301.39, 100, 74232, 73
2026/07/28 13:39:16.872, 301.11, 100, 74232, 73
2026/07/28 13:39:17.910, 300.72, 100, 74232, 73
2026/07/28 13:39:18.947, 299.60, 100, 74232, 73
2026/07/28 13:39:19.984, 296.56, 100, 74232, 73
2026/07/28 13:39:21.021, 295.68, 100, 74232, 73
2026/07/28 13:39:22.058, 295.48, 100, 74232, 73
2026/07/28 13:39:23.095, 296.16, 100, 74232, 73
2026/07/28 13:39:24.132, 299.60, 100, 74232, 73
2026/07/28 13:39:25.170, 294.42, 100, 74232, 74
2026/07/28 13:39:26.207, 294.92, 100, 74232, 74
2026/07/28 13:39:27.244, 291.90, 100, 74232, 74
2026/07/28 13:39:28.281, 292.69, 100, 74232, 74
2026/07/28 13:39:29.317, 296.25, 100, 74232, 74
2026/07/28 13:39:30.354, 296.07, 100, 74232, 74
2026/07/28 13:39:31.391, 295.10, 100, 74232, 74
2026/07/28 13:39:32.427, 301.22, 100, 74232, 74
2026/07/28 13:39:33.464, 302.76, 100, 74232, 74
2026/07/28 13:39:34.502, 303.74, 100, 74232, 74
2026/07/28 13:39:35.538, 303.06, 100, 74232, 74
2026/07/28 13:39:36.577, 304.59, 100, 74232, 74
2026/07/28 13:39:37.613, 305.75, 100, 74232, 74
2026/07/28 13:39:38.649, 304.16, 100, 74232, 74
2026/07/28 13:39:39.686, 295.96, 100, 74232, 74
2026/07/28 13:39:40.723, 297.13, 100, 74232, 74
2026/07/28 13:39:41.762, 296.44, 100, 74232, 74
2026/07/28 13:39:42.799, 295.88, 100, 74232, 74
2026/07/28 13:39:43.836, 296.93, 100, 74232, 74
2026/07/28 13:39:44.873, 296.36, 100, 74232, 74
2026/07/28 13:39:45.912, 297.05, 100, 74232, 74
2026/07/28 13:39:46.948, 298.31, 100, 74232, 74
2026/07/28 13:39:47.984, 297.33, 100, 74232, 74
2026/07/28 13:39:49.021, 300.72, 100, 74232, 74
2026/07/28 13:39:50.058, 296.87, 100, 74232, 74
2026/07/28 13:39:51.095, 295.98, 100, 74232, 74
2026/07/28 13:39:52.132, 298.98, 100, 74232, 75
2026/07/28 13:39:53.168, 296.65, 100, 74232, 75
2026/07/28 13:39:54.204, 303.32, 100, 74232, 75
2026/07/28 13:39:55.240, 297.24, 100, 74232, 75
2026/07/28 13:39:56.281, 304.30, 100, 74232, 75
2026/07/28 13:39:57.319, 298.77, 100, 74232, 75
2026/07/28 13:39:58.356, 296.67, 100, 74232, 75
2026/07/28 13:39:59.393, 296.56, 100, 74232, 75
2026/07/28 13:40:00.429, 296.65, 100, 74232, 75
2026/07/28 13:40:01.469, 296.95, 100, 74232, 75
2026/07/28 13:40:02.505, 297.34, 100, 74232, 75
2026/07/28 13:40:03.541, 304.15, 100, 74232, 75
2026/07/28 13:40:04.579, 299.00, 100, 74232, 75
2026/07/28 13:40:05.615, 304.41, 100, 74232, 75
2026/07/28 13:40:06.651, 304.97, 100, 74232, 75
2026/07/28 13:40:07.691, 304.20, 100, 74232, 75
2026/07/28 13:40:08.727, 297.61, 100, 74232, 75
2026/07/28 13:40:09.764, 296.75, 100, 74232, 75
2026/07/28 13:40:10.801, 297.55, 100, 74232, 75
2026/07/28 13:40:11.837, 298.49, 100, 74232, 75
2026/07/28 13:40:12.874, 297.62, 100, 74232, 75
2026/07/28 13:40:13.910, 296.94, 100, 74232, 75
2026/07/28 13:40:14.951, 298.02, 100, 74232, 75
2026/07/28 13:40:15.987, 296.95, 100, 74232, 75
2026/07/28 13:40:17.023, 304.23, 100, 74232, 75
2026/07/28 13:40:18.060, 297.45, 100, 74232, 75
2026/07/28 13:40:19.096, 299.38, 100, 74232, 75
2026/07/28 13:40:20.133, 298.30, 100, 74232, 75
2026/07/28 13:40:21.170, 298.39, 100, 74232, 75
2026/07/28 13:40:22.206, 299.58, 100, 74232, 75
2026/07/28 13:40:23.242, 297.94, 100, 74232, 75
2026/07/28 13:40:24.280, 298.99, 100, 74232, 75
2026/07/28 13:40:25.316, 306.23, 100, 74232, 75
2026/07/28 13:40:26.354, 297.54, 100, 74232, 75
2026/07/28 13:40:27.391, 297.91, 100, 74232, 75
2026/07/28 13:40:28.431, 297.23, 100, 74232, 75
2026/07/28 13:40:29.468, 298.11, 100, 74232, 75
2026/07/28 13:40:30.506, 298.97, 100, 74232, 75
2026/07/28 13:40:31.543, 295.58, 100, 74232, 77
2026/07/28 13:40:32.581, 298.47, 100, 74232, 77
2026/07/28 13:40:33.615, 298.70, 100, 74232, 77
2026/07/28 13:40:34.652, 298.08, 100, 74232, 77
2026/07/28 13:40:35.689, 289.29, 100, 74232, 77
2026/07/28 13:40:36.724, 303.44, 100, 74232, 77
2026/07/28 13:40:37.759, 302.36, 100, 74232, 76
2026/07/28 13:40:38.798, 299.37, 100, 74232, 76
2026/07/28 13:40:39.835, 301.19, 100, 74232, 76
2026/07/28 13:40:40.871, 298.79, 100, 74232, 76
2026/07/28 13:40:41.913, 298.79, 100, 74232, 76
2026/07/28 13:40:42.950, 300.12, 100, 74232, 76
2026/07/28 13:40:43.987, 301.67, 44, 74232, 77
2026/07/28 13:40:45.027, 290.95, 100, 74232, 77
2026/07/28 13:40:46.062, 296.75, 100, 74232, 77
2026/07/28 13:40:47.096, 306.00, 100, 74232, 77
2026/07/28 13:40:48.132, 303.61, 100, 74232, 77
2026/07/28 13:40:49.168, 290.96, 100, 74232, 77
2026/07/28 13:40:50.204, 306.34, 100, 74232, 76
2026/07/28 13:40:51.242, 300.13, 100, 74232, 76
2026/07/28 13:40:52.280, 298.42, 100, 74232, 75
2026/07/28 13:40:53.318, 298.88, 100, 74232, 76
2026/07/28 13:40:54.355, 301.12, 100, 74232, 76
2026/07/28 13:40:55.392, 295.98, 100, 74232, 76
2026/07/28 13:40:56.429, 301.01, 100, 74232, 76
2026/07/28 13:40:57.466, 299.45, 100, 74232, 76
2026/07/28 13:40:58.505, 299.95, 100, 74232, 76
2026/07/28 13:40:59.542, 102.13, 28, 74232, 73
2026/07/28 13:41:00.576, 294.81, 100, 74232, 77
2026/07/28 13:41:01.612, 303.24, 100, 74232, 77
2026/07/28 13:41:02.647, 274.58, 100, 74232, 77
2026/07/28 13:41:03.684, 313.99, 100, 74232, 77
2026/07/28 13:41:04.720, 301.07, 100, 74232, 76
2026/07/28 13:41:05.755, 305.06, 100, 74232, 76
2026/07/28 13:41:06.792, 305.65, 100, 74232, 75
2026/07/28 13:41:07.829, 307.00, 100, 74232, 75
2026/07/28 13:41:08.866, 304.62, 100, 74232, 75
2026/07/28 13:41:09.902, 305.50, 100, 74232, 74
2026/07/28 13:41:10.939, 307.60, 100, 74232, 74
2026/07/28 13:41:11.976, 304.78, 100, 74232, 74
2026/07/28 13:41:13.015, 304.40, 100, 74232, 74
2026/07/28 13:41:14.054, 300.73, 100, 74232, 74
2026/07/28 13:41:15.091, 297.73, 100, 74232, 74
2026/07/28 13:41:16.130, 304.44, 100, 74232, 74
2026/07/28 13:41:17.167, 101.02, 0, 74232, 71
2026/07/28 13:41:18.201, 99.87, 0, 74232, 70
2026/07/28 13:41:19.233, 98.99, 0, 74232, 70
2026/07/28 13:41:20.265, 98.42, 0, 74232, 69
2026/07/28 13:41:21.297, 97.54, 0, 74232, 69
2026/07/28 13:41:22.330, 96.66, 0, 74232, 68
2026/07/28 13:41:23.363, 96.55, 0, 74232, 68
2026/07/28 13:41:24.395, 95.66, 0, 74232, 67
2026/07/28 13:41:25.430, 94.54, 0, 74232, 67
2026/07/28 13:41:26.463, 93.69, 0, 74232, 66
2026/07/28 13:41:27.493, 94.47, 0, 74232, 66
2026/07/28 13:41:28.525, 94.07, 0, 74232, 66
2026/07/28 13:41:29.556, 92.26, 0, 74232, 65
2026/07/28 13:41:30.586, 91.69, 0, 74232, 65
2026/07/28 13:41:31.617, 91.56, 0, 74232, 65
2026/07/28 13:41:32.648, 91.28, 0, 74232, 64
2026/07/28 13:41:33.679, 90.10, 0, 74232, 64
2026/07/28 13:41:34.709, 90.43, 0, 74232, 63
2026/07/28 13:41:35.740, 90.27, 0, 74232, 63
2026/07/28 13:41:36.771, 89.35, 0, 74232, 63
2026/07/28 13:41:37.801, 90.35, 0, 74232, 62
2026/07/28 13:41:38.832, 88.07, 0, 74232, 62
2026/07/28 13:41:39.863, 87.07, 0, 74232, 62
2026/07/28 13:41:40.894, 87.72, 0, 74232, 61
2026/07/28 13:41:41.925, 86.85, 0, 74232, 61
2026/07/28 13:41:42.956, 86.83, 0, 74232, 61
2026/07/28 13:41:43.988, 87.09, 0, 74232, 61
2026/07/28 13:41:45.020, 86.15, 0, 74232, 60
2026/07/28 13:41:46.052, 85.76, 0, 74232, 60
2026/07/28 13:41:47.083, 85.01, 0, 74232, 60
2026/07/28 13:41:48.113, 85.37, 0, 74232, 59
2026/07/28 13:41:49.143, 84.87, 0, 74232, 59
2026/07/28 13:41:50.174, 84.68, 0, 74232, 59
2026/07/28 13:41:51.204, 84.29, 0, 74232, 59
2026/07/28 13:41:52.234, 83.92, 0, 74232, 58
2026/07/28 13:41:53.265, 83.86, 0, 74232, 58
2026/07/28 13:41:54.296, 83.71, 0, 74232, 58
2026/07/28 13:41:55.328, 83.20, 0, 74232, 58
2026/07/28 13:41:56.634, 83.12, 0, 74232, 57
2026/07/28 13:41:57.666, 82.77, 0, 74232, 57
2026/07/28 13:41:58.696, 82.64, 0, 74232, 57
2026/07/28 13:41:59.726, 82.64, 0, 74232, 57
2026/07/28 13:42:00.770, 82.17, 0, 74232, 56
2026/07/28 13:42:01.800, 81.68, 0, 74232, 56
2026/07/28 13:42:02.831, 81.56, 0, 74232, 56
2026/07/28 13:42:03.863, 81.36, 0, 74232, 56
2026/07/28 13:42:04.895, 81.24, 0, 74232, 56
2026/07/28 13:42:05.926, 80.93, 0, 74232, 55
2026/07/28 13:42:06.957, 81.05, 0, 74232, 55
2026/07/28 13:42:07.989, 82.36, 0, 74232, 55
2026/07/28 13:42:09.021, 80.58, 0, 74232, 55
2026/07/28 13:42:10.052, 80.46, 0, 74232, 54
2026/07/28 13:42:11.084, 79.90, 0, 74232, 54
2026/07/28 13:42:12.114, 80.01, 0, 74232, 54
2026/07/28 13:42:13.144, 79.26, 0, 74232, 54
2026/07/28 13:42:14.176, 79.02, 0, 74232, 54
2026/07/28 13:42:15.208, 79.01, 0, 74232, 54
2026/07/28 13:42:16.238, 79.14, 0, 74232, 53
2026/07/28 13:42:17.268, 78.74, 0, 74232, 53
2026/07/28 13:42:18.300, 78.44, 0, 74232, 53
2026/07/28 13:42:19.330, 78.83, 0, 74232, 53
2026/07/28 13:42:20.360, 77.74, 0, 74232, 53
2026/07/28 13:42:21.390, 78.12, 0, 74232, 52
2026/07/28 13:42:22.423, 294.46, 100, 74232, 58
2026/07/28 13:42:23.457, 301.31, 100, 74232, 59
2026/07/28 13:42:24.489, 275.50, 100, 74232, 59
2026/07/28 13:42:25.522, 292.08, 100, 74232, 59
2026/07/28 13:42:26.556, 301.14, 100, 74232, 58
2026/07/28 13:42:27.592, 298.88, 100, 74232, 58
2026/07/28 13:42:28.628, 302.84, 100, 74232, 59
2026/07/28 13:42:29.664, 301.70, 100, 74232, 59
2026/07/28 13:42:30.700, 302.06, 100, 74232, 59
2026/07/28 13:42:31.737, 298.77, 100, 74232, 60
2026/07/28 13:42:32.773, 227.07, 100, 74232, 61
2026/07/28 13:42:33.813, 295.44, 100, 74232, 62
2026/07/28 13:42:34.847, 290.33, 100, 74232, 62
2026/07/28 13:42:35.881, 287.99, 100, 74232, 63
2026/07/28 13:42:36.921, 293.57, 100, 74232, 62
2026/07/28 13:42:37.960, 304.38, 100, 74232, 61
2026/07/28 13:42:38.997, 292.86, 100, 74232, 62
2026/07/28 13:42:40.034, 294.11, 100, 74232, 62
2026/07/28 13:42:41.070, 295.79, 100, 74232, 64
2026/07/28 13:42:42.104, 302.48, 100, 74232, 64
2026/07/28 13:42:43.142, 296.94, 100, 74232, 65
2026/07/28 13:42:44.175, 278.87, 100, 74232, 65
2026/07/28 13:42:45.212, 281.21, 100, 74232, 65
2026/07/28 13:42:46.246, 303.33, 100, 74232, 63
2026/07/28 13:42:47.282, 304.43, 100, 74232, 64
2026/07/28 13:42:48.318, 301.78, 100, 74232, 64
2026/07/28 13:42:49.354, 302.85, 100, 74232, 64
2026/07/28 13:42:50.390, 294.23, 100, 74232, 64
2026/07/28 13:42:51.425, 297.24, 100, 74232, 64
2026/07/28 13:42:52.462, 297.22, 100, 74232, 65
2026/07/28 13:42:53.499, 298.20, 100, 74232, 65
2026/07/28 13:42:54.536, 298.20, 100, 74232, 65
2026/07/28 13:42:55.572, 298.11, 100, 74232, 65
2026/07/28 13:42:56.609, 299.19, 100, 74232, 65
2026/07/28 13:42:57.645, 291.79, 100, 74232, 66
2026/07/28 13:42:58.682, 292.42, 100, 74232, 66
2026/07/28 13:42:59.717, 295.01, 100, 74232, 66
2026/07/28 13:43:00.760, 298.29, 100, 74232, 66
2026/07/28 13:43:01.797, 305.54, 100, 74232, 68
2026/07/28 13:43:02.832, 297.91, 100, 74232, 68
2026/07/28 13:43:03.866, 278.26, 100, 74232, 68
2026/07/28 13:43:04.899, 288.12, 100, 74232, 69
2026/07/28 13:43:05.933, 297.04, 100, 74232, 67
2026/07/28 13:43:06.970, 299.94, 100, 74232, 67
2026/07/28 13:43:08.007, 293.08, 100, 74232, 67
2026/07/28 13:43:09.047, 293.36, 100, 74232, 67
2026/07/28 13:43:10.083, 293.85, 100, 74232, 68
2026/07/28 13:43:11.120, 300.92, 100, 74232, 70
2026/07/28 13:43:12.155, 296.33, 100, 74232, 70
2026/07/28 13:43:13.189, 310.36, 100, 74232, 70
2026/07/28 13:43:14.225, 283.34, 100, 74232, 70
2026/07/28 13:43:15.259, 289.15, 100, 74232, 70
2026/07/28 13:43:16.293, 303.15, 100, 74232, 69
2026/07/28 13:43:17.331, 296.56, 100, 74232, 69
2026/07/28 13:43:18.367, 295.50, 100, 74232, 69
2026/07/28 13:43:19.407, 295.19, 100, 74232, 69
2026/07/28 13:43:20.443, 296.35, 100, 74232, 69
2026/07/28 13:43:21.477, 295.78, 100, 74232, 69
2026/07/28 13:43:22.513, 93.55, 14, 74232, 66
2026/07/28 13:43:23.546, 297.52, 100, 74232, 71
2026/07/28 13:43:24.581, 314.04, 100, 74232, 71
2026/07/28 13:43:25.616, 306.72, 100, 74232, 71
2026/07/28 13:43:26.656, 312.05, 100, 74232, 71
2026/07/28 13:43:27.689, 294.71, 100, 74232, 71
2026/07/28 13:43:28.725, 293.84, 100, 74232, 70
2026/07/28 13:43:29.763, 290.15, 100, 74232, 70
2026/07/28 13:43:30.800, 286.66, 100, 74232, 70
2026/07/28 13:43:31.840, 290.05, 100, 74232, 70
2026/07/28 13:43:32.881, 290.44, 100, 74232, 70
2026/07/28 13:43:33.919, 298.11, 100, 74232, 70
2026/07/28 13:43:34.956, 299.63, 100, 74232, 70
2026/07/28 13:43:35.993, 297.71, 100, 74232, 70
2026/07/28 13:43:37.030, 94.96, 0, 74232, 67
2026/07/28 13:43:38.062, 94.51, 0, 74232, 67
2026/07/28 13:43:39.092, 93.62, 0, 74232, 66
2026/07/28 13:43:40.140, 93.67, 0, 74232, 66
2026/07/28 13:43:41.171, 93.17, 0, 74232, 65
2026/07/28 13:43:42.202, 92.59, 0, 74232, 65
2026/07/28 13:43:43.233, 90.58, 0, 74232, 64
2026/07/28 13:43:44.263, 90.95, 0, 74232, 64
2026/07/28 13:43:45.294, 90.34, 0, 74232, 64
2026/07/28 13:43:46.325, 90.91, 0, 74232, 63
2026/07/28 13:43:47.356, 90.17, 0, 74232, 63
2026/07/28 13:43:48.386, 88.26, 0, 74232, 62
2026/07/28 13:43:49.417, 88.39, 0, 74232, 62
2026/07/28 13:43:50.448, 87.15, 0, 74232, 62
2026/07/28 13:43:51.478, 86.94, 0, 74232, 61
2026/07/28 13:43:52.508, 86.64, 0, 74232, 61
2026/07/28 13:43:53.538, 86.18, 0, 74232, 61
2026/07/28 13:43:54.568, 85.73, 0, 74232, 60
2026/07/28 13:43:55.599, 85.60, 0, 74232, 60
2026/07/28 13:43:56.629, 85.55, 0, 74232, 60
2026/07/28 13:43:57.660, 85.12, 0, 74232, 59
2026/07/28 13:43:58.691, 84.67, 0, 74232, 59
2026/07/28 13:43:59.721, 84.44, 0, 74232, 59
2026/07/28 13:44:00.752, 84.07, 0, 74232, 59
2026/07/28 13:44:01.783, 84.12, 0, 74232, 58
2026/07/28 13:44:02.814, 84.57, 0, 74232, 58
2026/07/28 13:44:03.845, 300.20, 57, 74232, 63
2026/07/28 13:44:04.879, 293.33, 100, 74232, 63
2026/07/28 13:44:05.914, 296.74, 100, 74232, 64
2026/07/28 13:44:06.949, 284.74, 100, 74232, 64
2026/07/28 13:44:07.985, 300.20, 100, 74232, 64
2026/07/28 13:44:09.091, 303.62, 100, 74232, 63
2026/07/28 13:44:10.130, 302.21, 100, 74232, 63
2026/07/28 13:44:11.167, 295.40, 100, 74232, 63
2026/07/28 13:44:12.205, 304.40, 100, 74232, 64
2026/07/28 13:44:13.241, 304.02, 100, 74232, 64
2026/07/28 13:44:14.280, 305.74, 100, 74232, 64
2026/07/28 13:44:15.317, 290.52, 100, 74232, 66
2026/07/28 13:44:16.353, 295.11, 100, 74232, 66
2026/07/28 13:44:17.388, 295.23, 100, 74232, 67
2026/07/28 13:44:18.422, 297.11, 100, 74232, 67
2026/07/28 13:44:19.457, 285.77, 100, 74232, 67
2026/07/28 13:44:20.491, 270.03, 100, 74232, 65
2026/07/28 13:44:21.530, 285.58, 100, 74232, 65
2026/07/28 13:44:22.568, 296.27, 100, 74232, 66
2026/07/28 13:44:23.605, 293.64, 100, 74232, 66
2026/07/28 13:44:24.644, 304.38, 100, 74232, 68
2026/07/28 13:44:25.678, 293.69, 100, 74232, 68
2026/07/28 13:44:26.713, 277.15, 100, 74232, 68
2026/07/28 13:44:27.749, 289.46, 100, 74232, 68
2026/07/28 13:44:28.787, 287.52, 100, 74232, 69
2026/07/28 13:44:29.821, 301.80, 100, 74232, 67
2026/07/28 13:44:30.860, 301.30, 100, 74232, 67
2026/07/28 13:44:31.895, 302.10, 100, 74232, 67
2026/07/28 13:44:32.931, 303.19, 100, 74232, 68
2026/07/28 13:44:33.968, 303.04, 100, 74232, 68
2026/07/28 13:44:35.005, 298.69, 100, 74232, 68
2026/07/28 13:44:36.043, 295.99, 100, 74232, 68
2026/07/28 13:44:37.079, 296.46, 100, 74232, 68
2026/07/28 13:44:38.116, 296.74, 100, 74232, 68
2026/07/28 13:44:39.153, 297.15, 100, 74232, 68
2026/07/28 13:44:40.190, 297.71, 100, 74232, 69
2026/07/28 13:44:41.227, 300.24, 100, 74232, 69
2026/07/28 13:44:42.266, 297.05, 100, 74232, 69
2026/07/28 13:44:43.303, 297.52, 100, 74232, 69
2026/07/28 13:44:44.339, 297.99, 100, 74232, 69
2026/07/28 13:44:45.376, 303.94, 100, 74232, 69
2026/07/28 13:44:46.415, 293.16, 100, 74232, 69
2026/07/28 13:44:47.453, 296.17, 100, 74232, 70
2026/07/28 13:44:48.491, 296.57, 100, 74232, 70
2026/07/28 13:44:49.536, 297.32, 100, 74232, 70
2026/07/28 13:44:50.574, 298.20, 100, 74232, 70
2026/07/28 13:44:51.611, 298.01, 100, 74232, 70
2026/07/28 13:44:52.649, 298.50, 100, 74232, 70
2026/07/28 13:44:53.686, 300.23, 100, 74232, 70
2026/07/28 13:44:54.723, 95.67, 0, 74232, 67
2026/07/28 13:44:55.757, 275.19, 100, 74232, 72
2026/07/28 13:44:56.793, 307.39, 100, 74232, 72
2026/07/28 13:44:57.830, 305.59, 100, 74232, 72
2026/07/28 13:44:58.866, 292.49, 100, 74232, 72
2026/07/28 13:44:59.906, 309.17, 100, 74232, 72
2026/07/28 13:45:00.940, 305.37, 100, 74232, 71
2026/07/28 13:45:01.977, 305.46, 100, 74232, 71
2026/07/28 13:45:03.015, 295.10, 100, 74232, 71
2026/07/28 13:45:04.053, 294.02, 100, 74232, 73
2026/07/28 13:45:05.095, 293.09, 100, 74232, 73
2026/07/28 13:45:06.129, 302.03, 100, 74232, 73
2026/07/28 13:45:07.166, 271.37, 100, 74232, 73
2026/07/28 13:45:08.201, 314.81, 100, 74232, 73
2026/07/28 13:45:09.234, 284.54, 100, 74232, 73
2026/07/28 13:45:10.269, 306.85, 100, 74232, 72
2026/07/28 13:45:11.306, 301.10, 100, 74232, 71
2026/07/28 13:45:12.341, 301.03, 100, 74232, 72
2026/07/28 13:45:13.377, 300.74, 100, 74232, 72
2026/07/28 13:45:14.413, 300.53, 100, 74232, 72
2026/07/28 13:45:15.450, 302.08, 100, 74232, 72
2026/07/28 13:45:16.487, 300.13, 100, 74232, 72
2026/07/28 13:45:17.525, 301.60, 100, 74232, 72
2026/07/28 13:45:18.563, 302.07, 100, 74232, 72
2026/07/28 13:45:19.600, 98.65, 0, 74232, 69
2026/07/28 13:45:20.633, 301.77, 100, 74232, 74
2026/07/28 13:45:21.672, 289.97, 100, 74232, 73
2026/07/28 13:45:22.706, 295.87, 100, 74232, 74
2026/07/28 13:45:23.741, 291.88, 100, 74232, 74
2026/07/28 13:45:24.784, 291.28, 100, 74232, 74
2026/07/28 13:45:25.819, 288.39, 100, 74232, 74
2026/07/28 13:45:26.854, 301.78, 100, 74232, 72
2026/07/28 13:45:27.894, 303.14, 100, 74232, 72
2026/07/28 13:45:28.933, 301.52, 100, 74232, 72
2026/07/28 13:45:29.970, 302.27, 100, 74232, 73
2026/07/28 13:45:31.010, 304.57, 100, 74232, 74
2026/07/28 13:45:32.045, 300.93, 100, 74232, 74
2026/07/28 13:45:33.081, 289.84, 100, 74232, 74
2026/07/28 13:45:34.116, 295.20, 100, 74232, 74
2026/07/28 13:45:35.153, 326.03, 100, 74232, 74
2026/07/28 13:45:36.191, 281.04, 100, 74232, 74
2026/07/28 13:45:37.225, 297.45, 100, 74232, 73
2026/07/28 13:45:38.262, 290.94, 100, 74232, 73
2026/07/28 13:45:39.302, 294.43, 100, 74232, 73
2026/07/28 13:45:40.340, 283.86, 100, 74232, 74
2026/07/28 13:45:41.376, 302.45, 100, 74232, 75
2026/07/28 13:45:42.413, 297.31, 100, 74232, 75
2026/07/28 13:45:43.448, 302.12, 100, 74232, 75
2026/07/28 13:45:44.483, 305.18, 100, 74232, 75
2026/07/28 13:45:45.520, 278.93, 100, 74232, 75
2026/07/28 13:45:46.562, 268.10, 100, 74232, 73
2026/07/28 13:45:47.599, 287.82, 100, 74232, 73
2026/07/28 13:45:48.637, 288.80, 100, 74232, 73
2026/07/28 13:45:49.675, 288.14, 100, 74232, 73
2026/07/28 13:45:50.712, 293.65, 100, 74232, 73
2026/07/28 13:45:51.750, 295.98, 100, 74232, 73
2026/07/28 13:45:52.788, 296.07, 100, 74232, 73
2026/07/28 13:45:53.825, 296.09, 100, 74232, 73
2026/07/28 13:45:54.864, 295.50, 100, 74232, 73
2026/07/28 13:45:55.901, 296.26, 100, 74232, 74
2026/07/28 13:45:56.938, 300.45, 100, 74232, 74
2026/07/28 13:45:57.976, 296.56, 100, 74232, 74
2026/07/28 13:45:59.013, 297.91, 100, 74232, 74
2026/07/28 13:46:00.049, 296.09, 100, 74232, 74
2026/07/28 13:46:01.086, 297.15, 100, 74232, 74
2026/07/28 13:46:02.124, 297.44, 100, 74232, 74
2026/07/28 13:46:03.161, 296.77, 100, 74232, 74
2026/07/28 13:46:04.198, 296.47, 100, 74232, 74
2026/07/28 13:46:05.235, 304.44, 100, 74232, 74
2026/07/28 13:46:06.274, 304.99, 100, 74232, 74
2026/07/28 13:46:07.313, 298.69, 100, 74232, 74
2026/07/28 13:46:08.352, 297.05, 100, 74232, 74
2026/07/28 13:46:09.390, 297.51, 100, 74232, 74
2026/07/28 13:46:10.428, 298.41, 100, 74232, 74
2026/07/28 13:46:11.464, 296.84, 100, 74232, 74
2026/07/28 13:46:12.501, 297.84, 100, 74232, 74
2026/07/28 13:46:13.537, 297.25, 100, 74232, 74
2026/07/28 13:46:14.576, 299.55, 100, 74232, 74
2026/07/28 13:46:15.613, 298.01, 100, 74232, 74
2026/07/28 13:46:16.650, 304.89, 91, 74232, 76
2026/07/28 13:46:17.684, 306.53, 100, 74232, 76
2026/07/28 13:46:18.720, 296.75, 100, 74232, 76
2026/07/28 13:46:19.757, 298.72, 100, 74232, 76
2026/07/28 13:46:20.790, 278.30, 100, 74232, 76
2026/07/28 13:46:21.826, 301.68, 100, 74232, 76
2026/07/28 13:46:22.862, 301.39, 100, 74232, 76
2026/07/28 13:46:23.902, 288.02, 100, 74232, 75
2026/07/28 13:46:24.939, 299.37, 100, 74232, 75
2026/07/28 13:46:25.977, 290.83, 100, 74232, 75
2026/07/28 13:46:27.014, 298.39, 100, 74232, 75
2026/07/28 13:46:28.052, 292.97, 100, 74232, 75
2026/07/28 13:46:29.090, 292.58, 100, 74232, 75
2026/07/28 13:46:30.126, 298.88, 100, 74232, 75
2026/07/28 13:46:31.164, 292.96, 100, 74232, 75
2026/07/28 13:46:32.202, 289.18, 100, 74232, 75
2026/07/28 13:46:33.240, 286.95, 100, 74232, 75
2026/07/28 13:46:34.280, 298.62, 100, 74232, 75
2026/07/28 13:46:35.320, 299.37, 100, 74232, 75
2026/07/28 13:46:36.358, 299.27, 100, 74232, 75
2026/07/28 13:46:37.395, 301.82, 100, 74232, 75
2026/07/28 13:46:38.433, 299.18, 100, 74232, 75
2026/07/28 13:46:39.472, 302.96, 100, 74232, 75
2026/07/28 13:46:40.511, 298.79, 100, 74232, 75
2026/07/28 13:46:41.550, 299.31, 100, 74232, 75
2026/07/28 13:46:42.588, 295.32, 100, 74232, 77
2026/07/28 13:46:43.623, 293.43, 100, 74232, 77
2026/07/28 13:46:44.659, 278.54, 100, 74232, 77
2026/07/28 13:46:45.701, 287.83, 100, 74232, 77
2026/07/28 13:46:46.738, 283.85, 100, 74232, 77
2026/07/28 13:46:47.774, 307.44, 100, 74232, 77
2026/07/28 13:46:48.808, 301.58, 100, 74232, 77
2026/07/28 13:46:49.843, 299.18, 100, 74232, 75
2026/07/28 13:46:50.882, 299.37, 100, 74232, 75
2026/07/28 13:46:51.919, 300.03, 100, 74232, 75
2026/07/28 13:46:52.956, 298.31, 100, 74232, 75
2026/07/28 13:46:53.993, 295.48, 100, 74232, 77
2026/07/28 13:46:55.030, 298.41, 100, 74232, 77
2026/07/28 13:46:56.066, 313.18, 100, 74232, 77
2026/07/28 13:46:57.103, 293.61, 100, 74232, 77
2026/07/28 13:46:58.137, 283.60, 100, 74232, 77
2026/07/28 13:46:59.172, 257.68, 100, 74232, 77
2026/07/28 13:47:00.208, 305.78, 100, 74232, 77
2026/07/28 13:47:01.246, 300.18, 100, 74232, 75
2026/07/28 13:47:02.284, 298.92, 100, 74232, 75
2026/07/28 13:47:03.321, 301.15, 100, 74232, 75
2026/07/28 13:47:04.358, 295.89, 100, 74232, 75
2026/07/28 13:47:05.396, 293.53, 100, 74232, 75
2026/07/28 13:47:06.435, 296.46, 100, 74232, 77
2026/07/28 13:47:07.470, 292.56, 100, 74232, 77
2026/07/28 13:47:08.506, 302.37, 100, 74232, 77
2026/07/28 13:47:09.547, 298.27, 100, 74232, 77
2026/07/28 13:47:10.585, 290.82, 100, 74232, 77
2026/07/28 13:47:11.621, 263.93, 100, 74232, 77
2026/07/28 13:47:12.661, 316.35, 100, 74232, 77
2026/07/28 13:47:13.696, 296.77, 100, 74232, 75
2026/07/28 13:47:14.734, 295.68, 100, 74232, 75
2026/07/28 13:47:15.771, 300.96, 100, 74232, 75
2026/07/28 13:47:16.808, 294.02, 100, 74232, 75
2026/07/28 13:47:17.852, 103.16, 0, 74232, 72
2026/07/28 13:47:18.886, 304.79, 100, 74232, 75
2026/07/28 13:47:19.922, 303.03, 100, 74232, 75
2026/07/28 13:47:20.958, 305.84, 100, 74232, 75
2026/07/28 13:47:21.997, 297.05, 100, 74232, 75
2026/07/28 13:47:23.034, 299.49, 100, 74232, 75
2026/07/28 13:47:24.071, 298.88, 100, 74232, 75
2026/07/28 13:47:25.107, 301.02, 100, 74232, 75
2026/07/28 13:47:26.145, 299.84, 100, 74232, 75
2026/07/28 13:47:27.182, 298.79, 100, 74232, 75
2026/07/28 13:47:28.218, 298.39, 100, 74232, 76
2026/07/28 13:47:29.256, 298.99, 100, 74232, 76
2026/07/28 13:47:30.293, 299.77, 100, 74232, 76
2026/07/28 13:47:31.329, 297.93, 100, 74232, 76
2026/07/28 13:47:32.366, 299.07, 100, 74232, 76
2026/07/28 13:47:33.403, 299.95, 100, 74232, 76
2026/07/28 13:47:34.440, 299.17, 100, 74232, 76
2026/07/28 13:47:35.477, 299.12, 100, 74232, 76
2026/07/28 13:47:36.514, 299.48, 100, 74232, 76
2026/07/28 13:47:37.552, 298.88, 100, 74232, 76
2026/07/28 13:47:38.588, 299.27, 100, 74232, 76
2026/07/28 13:47:39.626, 299.49, 100, 74232, 76
2026/07/28 13:47:40.662, 299.93, 100, 74232, 76
2026/07/28 13:47:41.699, 301.39, 100, 74232, 76
2026/07/28 13:47:42.736, 299.66, 100, 74232, 76
2026/07/28 13:47:43.774, 298.96, 100, 74232, 75
2026/07/28 13:47:44.810, 298.10, 100, 74232, 75
2026/07/28 13:47:45.849, 297.52, 100, 74232, 75
2026/07/28 13:47:46.886, 298.69, 100, 74232, 75
2026/07/28 13:47:47.923, 300.27, 100, 74232, 75
2026/07/28 13:47:48.961, 297.62, 100, 74232, 75
2026/07/28 13:47:49.999, 294.61, 100, 74232, 75
2026/07/28 13:47:51.038, 299.57, 100, 74232, 75
2026/07/28 13:47:52.076, 304.88, 100, 74232, 75
2026/07/28 13:47:53.114, 297.52, 100, 74232, 75
2026/07/28 13:47:54.153, 305.86, 100, 74232, 75
2026/07/28 13:47:55.190, 299.74, 100, 74232, 74
2026/07/28 13:47:56.227, 296.66, 100, 74232, 74
2026/07/28 13:47:57.264, 293.67, 100, 74232, 74
2026/07/28 13:47:58.303, 289.18, 100, 74232, 74
2026/07/28 13:47:59.340, 295.60, 100, 74232, 74
2026/07/28 13:48:00.386, 296.55, 100, 74232, 74
2026/07/28 13:48:01.424, 295.20, 100, 74232, 74
2026/07/28 13:48:02.460, 298.22, 100, 74232, 74
2026/07/28 13:48:03.498, 296.27, 100, 74232, 74
2026/07/28 13:48:04.535, 297.42, 100, 74232, 74
2026/07/28 13:48:05.572, 297.99, 100, 74232, 74
2026/07/28 13:48:06.609, 295.49, 100, 74232, 74
2026/07/28 13:48:07.646, 295.87, 100, 74232, 74
2026/07/28 13:48:08.683, 295.70, 100, 74232, 74
2026/07/28 13:48:09.720, 297.34, 100, 74232, 74
2026/07/28 13:48:10.760, 297.61, 100, 74232, 74
2026/07/28 13:48:11.797, 297.35, 100, 74232, 74
2026/07/28 13:48:12.834, 296.15, 100, 74232, 74
2026/07/28 13:48:13.871, 299.06, 100, 74232, 74
2026/07/28 13:48:14.908, 296.07, 100, 74232, 74
2026/07/28 13:48:15.946, 296.88, 100, 74232, 74
2026/07/28 13:48:16.986, 300.71, 100, 74232, 74
2026/07/28 13:48:18.023, 302.69, 100, 74232, 74
2026/07/28 13:48:19.059, 303.35, 100, 74232, 74
2026/07/28 13:48:20.098, 302.75, 100, 74232, 74
2026/07/28 13:48:21.135, 301.71, 100, 74232, 73
2026/07/28 13:48:22.174, 303.25, 100, 74232, 73
2026/07/28 13:48:23.212, 301.39, 100, 74232, 73
2026/07/28 13:48:24.249, 299.29, 100, 74232, 73
2026/07/28 13:48:25.286, 295.23, 100, 74232, 73
2026/07/28 13:48:26.323, 302.10, 100, 74232, 73
2026/07/28 13:48:27.359, 295.30, 100, 74232, 73
2026/07/28 13:48:28.395, 295.68, 100, 74232, 73
2026/07/28 13:48:29.433, 294.81, 100, 74232, 73
2026/07/28 13:48:30.470, 294.92, 100, 74232, 73
2026/07/28 13:48:31.506, 299.58, 100, 74232, 73
2026/07/28 13:48:32.544, 302.93, 100, 74232, 73
2026/07/28 13:48:33.581, 302.55, 100, 74232, 73
2026/07/28 13:48:34.618, 300.91, 100, 74232, 73
2026/07/28 13:48:35.655, 302.48, 100, 74232, 73
2026/07/28 13:48:36.691, 302.01, 100, 74232, 73
2026/07/28 13:48:37.728, 301.80, 100, 74232, 72
2026/07/28 13:48:38.764, 299.76, 100, 74232, 72
2026/07/28 13:48:39.801, 300.06, 100, 74232, 72
2026/07/28 13:48:40.837, 302.08, 100, 74232, 72
2026/07/28 13:48:41.875, 301.40, 100, 74232, 72
2026/07/28 13:48:42.912, 304.01, 100, 74232, 72
2026/07/28 13:48:43.950, 295.89, 100, 74232, 72
2026/07/28 13:48:44.987, 300.81, 100, 74232, 72
2026/07/28 13:48:46.024, 295.49, 100, 74232, 72
2026/07/28 13:48:47.062, 288.22, 100, 74232, 72
2026/07/28 13:48:48.102, 288.79, 100, 74232, 72
2026/07/28 13:48:49.140, 293.16, 100, 74232, 72
2026/07/28 13:48:50.177, 296.48, 100, 74232, 72
2026/07/28 13:48:51.214, 299.18, 100, 74232, 72
2026/07/28 13:48:52.250, 300.92, 100, 74232, 72
2026/07/28 13:48:53.287, 299.36, 100, 74232, 72
2026/07/28 13:48:54.324, 300.73, 100, 74232, 72
2026/07/28 13:48:55.360, 300.34, 100, 74232, 72
2026/07/28 13:48:56.397, 300.16, 100, 74232, 72
2026/07/28 13:48:57.433, 300.33, 100, 74232, 72
2026/07/28 13:48:58.474, 299.85, 100, 74232, 72
2026/07/28 13:48:59.511, 300.32, 100, 74232, 72
2026/07/28 13:49:00.548, 298.98, 100, 74232, 71
2026/07/28 13:49:01.584, 302.07, 100, 74232, 71
2026/07/28 13:49:02.621, 302.30, 100, 74232, 71
2026/07/28 13:49:03.660, 298.88, 100, 74232, 71
2026/07/28 13:49:04.698, 300.53, 100, 74232, 71
2026/07/28 13:49:05.736, 298.32, 100, 74232, 71
2026/07/28 13:49:06.773, 298.98, 100, 74232, 71
2026/07/28 13:49:07.813, 299.58, 100, 74232, 71
2026/07/28 13:49:08.850, 299.20, 100, 74232, 71
2026/07/28 13:49:09.887, 298.99, 100, 74232, 71
2026/07/28 13:49:10.924, 298.78, 100, 74232, 71
2026/07/28 13:49:11.962, 299.55, 100, 74232, 71
2026/07/28 13:49:13.000, 299.67, 100, 74232, 71
2026/07/28 13:49:14.036, 298.41, 100, 74232, 71
2026/07/28 13:49:15.072, 297.14, 100, 74232, 71
2026/07/28 13:49:16.112, 297.73, 100, 74232, 71
2026/07/28 13:49:17.148, 306.53, 100, 74232, 71
2026/07/28 13:49:18.189, 298.61, 100, 74232, 71
2026/07/28 13:49:19.227, 303.82, 100, 74232, 71
2026/07/28 13:49:20.265, 303.63, 100, 74232, 71
2026/07/28 13:49:21.304, 297.53, 100, 74232, 70
2026/07/28 13:49:22.342, 307.12, 100, 74232, 71
2026/07/28 13:49:23.379, 309.88, 100, 74232, 71
2026/07/28 13:49:24.415, 302.37, 100, 74232, 71
2026/07/28 13:49:25.453, 300.44, 100, 74232, 71
2026/07/28 13:49:26.493, 299.76, 100, 74232, 71
2026/07/28 13:49:27.530, 301.59, 100, 74232, 71
2026/07/28 13:49:28.574, 305.16, 100, 74232, 71
2026/07/28 13:49:29.614, 299.07, 100, 74232, 71
2026/07/28 13:49:30.651, 299.08, 100, 74232, 71
2026/07/28 13:49:31.688, 290.44, 100, 74232, 71
2026/07/28 13:49:32.725, 297.13, 100, 74232, 72
2026/07/28 13:49:33.762, 293.76, 100, 74232, 72
2026/07/28 13:49:34.804, 292.28, 100, 74232, 72
2026/07/28 13:49:35.841, 293.93, 100, 74232, 72
2026/07/28 13:49:36.877, 292.18, 100, 74232, 72
2026/07/28 13:49:37.914, 300.82, 100, 74232, 72
2026/07/28 13:49:38.950, 296.27, 100, 74232, 72
2026/07/28 13:49:39.986, 301.24, 100, 74232, 72
2026/07/28 13:49:41.022, 300.42, 100, 74232, 73
2026/07/28 13:49:42.059, 302.76, 100, 74232, 73
2026/07/28 13:49:43.095, 301.41, 100, 74232, 73
2026/07/28 13:49:44.132, 302.27, 100, 74232, 73
2026/07/28 13:49:45.168, 299.57, 100, 74232, 73
2026/07/28 13:49:46.206, 300.85, 100, 74232, 73
2026/07/28 13:49:47.242, 302.55, 100, 74232, 73
2026/07/28 13:49:48.281, 302.81, 100, 74232, 73
2026/07/28 13:49:49.318, 303.38, 100, 74232, 73
2026/07/28 13:49:50.355, 301.97, 100, 74232, 73
2026/07/28 13:49:51.391, 301.88, 100, 74232, 73
2026/07/28 13:49:52.430, 303.27, 100, 74232, 73
2026/07/28 13:49:53.468, 306.23, 100, 74232, 74
2026/07/28 13:49:54.506, 303.52, 100, 74232, 74
2026/07/28 13:49:55.547, 297.52, 100, 74232, 74
2026/07/28 13:49:56.585, 295.12, 100, 74232, 74
2026/07/28 13:49:57.623, 292.68, 100, 74232, 74
2026/07/28 13:49:58.660, 294.91, 100, 74232, 74
2026/07/28 13:49:59.697, 295.01, 100, 74232, 74
2026/07/28 13:50:00.734, 295.67, 100, 74232, 74
2026/07/28 13:50:01.771, 296.64, 100, 74232, 74
2026/07/28 13:50:02.811, 298.01, 100, 74232, 74
2026/07/28 13:50:03.848, 296.48, 100, 74232, 74
2026/07/28 13:50:04.885, 296.67, 100, 74232, 74
2026/07/28 13:50:05.922, 295.68, 100, 74232, 74
2026/07/28 13:50:06.958, 301.92, 100, 74232, 74
2026/07/28 13:50:07.997, 302.99, 100, 74232, 74
2026/07/28 13:50:09.035, 305.31, 100, 74232, 74
2026/07/28 13:50:10.072, 305.54, 100, 74232, 74
2026/07/28 13:50:11.112, 305.96, 100, 74232, 74
2026/07/28 13:50:12.150, 296.46, 100, 74232, 74
2026/07/28 13:50:13.187, 296.74, 100, 74232, 74
2026/07/28 13:50:14.223, 297.90, 100, 74232, 74
2026/07/28 13:50:15.262, 297.42, 100, 74232, 74
2026/07/28 13:50:16.300, 296.28, 100, 74232, 74
2026/07/28 13:50:17.337, 297.64, 100, 74232, 75
2026/07/28 13:50:18.373, 298.40, 100, 74232, 75
2026/07/28 13:50:19.411, 297.80, 100, 74232, 75
2026/07/28 13:50:20.451, 297.72, 100, 74232, 75
2026/07/28 13:50:21.488, 297.03, 100, 74232, 75
2026/07/28 13:50:22.526, 294.02, 100, 74232, 75
2026/07/28 13:50:23.564, 297.45, 100, 74232, 75
2026/07/28 13:50:24.602, 297.35, 100, 74232, 75
2026/07/28 13:50:25.641, 298.21, 100, 74232, 75
2026/07/28 13:50:26.679, 297.91, 100, 74232, 75
2026/07/28 13:50:27.717, 298.10, 100, 74232, 75
2026/07/28 13:50:28.755, 300.43, 100, 74232, 75
2026/07/28 13:50:29.793, 296.67, 100, 74232, 75
2026/07/28 13:50:30.830, 300.92, 100, 74232, 75
2026/07/28 13:50:31.868, 305.90, 100, 74232, 75
2026/07/28 13:50:32.904, 301.19, 100, 74232, 75
2026/07/28 13:50:33.941, 297.38, 100, 74232, 75
2026/07/28 13:50:34.981, 297.61, 100, 74232, 75
2026/07/28 13:50:36.018, 293.93, 100, 74232, 75
2026/07/28 13:50:37.055, 296.27, 100, 74232, 75
2026/07/28 13:50:38.092, 294.32, 100, 74232, 75
2026/07/28 13:50:39.131, 297.44, 100, 74232, 75
2026/07/28 13:50:40.167, 299.26, 100, 74232, 75
2026/07/28 13:50:41.207, 299.55, 100, 74232, 75
2026/07/28 13:50:42.245, 300.14, 100, 74232, 75
2026/07/28 13:50:43.282, 304.01, 100, 74232, 75
2026/07/28 13:50:44.320, 297.23, 100, 74232, 75
2026/07/28 13:50:45.358, 297.53, 100, 74232, 75
2026/07/28 13:50:46.398, 298.01, 100, 74232, 75
2026/07/28 13:50:47.435, 298.00, 100, 74232, 75
2026/07/28 13:50:48.472, 298.22, 100, 74232, 75
2026/07/28 13:50:49.510, 298.20, 100, 74232, 75
2026/07/28 13:50:50.547, 297.24, 100, 74232, 75
2026/07/28 13:50:51.585, 297.42, 100, 74232, 75
2026/07/28 13:50:52.623, 297.63, 100, 74232, 75
2026/07/28 13:50:53.664, 297.80, 100, 74232, 75
2026/07/28 13:50:54.701, 296.93, 100, 74232, 75
2026/07/28 13:50:55.738, 294.84, 100, 74232, 75
2026/07/28 13:50:56.776, 297.80, 100, 74232, 75
2026/07/28 13:50:57.814, 298.51, 100, 74232, 75
2026/07/28 13:50:58.853, 297.82, 100, 74232, 75
2026/07/28 13:50:59.891, 299.65, 100, 74232, 75
2026/07/28 13:51:00.929, 297.24, 100, 74232, 75
2026/07/28 13:51:01.967, 294.32, 100, 74232, 77
2026/07/28 13:51:03.003, 306.93, 100, 74232, 77
2026/07/28 13:51:04.038, 309.96, 100, 74232, 77
2026/07/28 13:51:05.078, 300.86, 100, 74232, 76
2026/07/28 13:51:06.114, 314.30, 100, 74232, 76
2026/07/28 13:51:07.150, 306.50, 100, 74232, 76
2026/07/28 13:51:08.192, 295.22, 100, 74232, 75
2026/07/28 13:51:09.229, 297.33, 100, 74232, 74
2026/07/28 13:51:10.269, 294.73, 100, 74232, 74
2026/07/28 13:51:11.307, 289.89, 100, 74232, 74
2026/07/28 13:51:12.344, 293.07, 100, 74232, 74
2026/07/28 13:51:13.383, 298.58, 100, 74232, 74
2026/07/28 13:51:14.421, 100.96, 0, 74232, 71
2026/07/28 13:51:15.454, 297.18, 100, 74232, 75
2026/07/28 13:51:16.489, 294.85, 100, 74232, 75
2026/07/28 13:51:17.524, 296.78, 100, 74232, 75
2026/07/28 13:51:18.561, 296.85, 100, 74232, 75
2026/07/28 13:51:19.599, 294.93, 100, 74232, 75
2026/07/28 13:51:20.633, 308.38, 100, 74232, 75
2026/07/28 13:51:21.668, 302.28, 100, 74232, 73
2026/07/28 13:51:22.706, 303.15, 100, 74232, 73
2026/07/28 13:51:23.744, 303.82, 100, 74232, 73
2026/07/28 13:51:24.781, 303.52, 100, 74232, 73
2026/07/28 13:51:25.820, 303.33, 100, 74232, 75
2026/07/28 13:51:26.856, 299.26, 100, 74232, 75
2026/07/28 13:51:27.892, 288.48, 100, 74232, 75
2026/07/28 13:51:28.930, 294.72, 100, 74232, 75
2026/07/28 13:51:29.967, 294.90, 100, 74232, 75
2026/07/28 13:51:31.002, 300.29, 100, 74232, 75
2026/07/28 13:51:32.042, 302.57, 100, 74232, 74
2026/07/28 13:51:33.080, 295.11, 100, 74232, 74
2026/07/28 13:51:34.120, 299.55, 100, 74232, 74
2026/07/28 13:51:35.159, 303.34, 100, 74232, 74
2026/07/28 13:51:36.197, 300.54, 100, 74232, 74
2026/07/28 13:51:37.236, 305.36, 100, 74232, 74
2026/07/28 13:51:38.272, 301.12, 100, 74232, 74
2026/07/28 13:51:39.321, 299.70, 100, 74232, 74
2026/07/28 13:51:40.359, 305.81, 100, 74232, 75
2026/07/28 13:51:41.396, 306.01, 100, 74232, 75
2026/07/28 13:51:42.434, 298.70, 100, 74232, 74
2026/07/28 13:51:43.470, 302.27, 100, 74232, 75
2026/07/28 13:51:44.507, 305.70, 100, 74232, 75
2026/07/28 13:51:45.545, 307.00, 100, 74232, 75
2026/07/28 13:51:46.583, 306.39, 100, 74232, 75
2026/07/28 13:51:47.620, 307.12, 100, 74232, 75
2026/07/28 13:51:48.659, 101.15, 0, 74232, 71
2026/07/28 13:51:49.690, 100.66, 0, 74232, 70
2026/07/28 13:51:50.722, 99.73, 0, 74232, 70
2026/07/28 13:51:51.756, 98.60, 0, 74232, 69
2026/07/28 13:51:52.788, 98.36, 0, 74232, 69
2026/07/28 13:51:53.820, 97.46, 0, 74232, 68
2026/07/28 13:51:54.852, 97.11, 0, 74232, 68
2026/07/28 13:51:55.884, 95.55, 0, 74232, 67
2026/07/28 13:51:56.917, 96.23, 0, 74232, 67
2026/07/28 13:51:57.948, 95.60, 0, 74232, 67
2026/07/28 13:51:58.979, 94.45, 0, 74232, 66
2026/07/28 13:52:00.010, 94.36, 0, 74232, 66
2026/07/28 13:52:01.043, 93.93, 0, 74232, 66
2026/07/28 13:52:02.074, 92.53, 0, 74232, 65
2026/07/28 13:52:03.106, 92.21, 0, 74232, 65
2026/07/28 13:52:04.137, 91.55, 0, 74232, 65
2026/07/28 13:52:05.167, 92.43, 0, 74232, 64
2026/07/28 13:52:06.198, 90.89, 0, 74232, 64
2026/07/28 13:52:07.229, 91.60, 0, 74232, 64
2026/07/28 13:52:08.260, 90.27, 0, 74232, 63
2026/07/28 13:52:09.291, 89.26, 0, 74232, 63
2026/07/28 13:52:10.322, 89.64, 0, 74232, 63
2026/07/28 13:52:11.353, 89.80, 0, 74232, 62
2026/07/28 13:52:12.386, 88.82, 0, 74232, 62
2026/07/28 13:52:13.418, 88.62, 0, 74232, 62
2026/07/28 13:52:14.449, 88.02, 0, 74232, 61
2026/07/28 13:52:15.481, 87.59, 0, 74232, 61
2026/07/28 13:52:16.514, 304.01, 100, 74232, 66
2026/07/28 13:52:17.591, 300.54, 100, 74232, 66
2026/07/28 13:52:18.625, 309.48, 100, 74232, 67
2026/07/28 13:52:19.660, 281.53, 100, 74232, 67
2026/07/28 13:52:20.699, 316.84, 100, 74232, 67
2026/07/28 13:52:21.733, 308.36, 100, 74232, 66
2026/07/28 13:52:22.770, 300.32, 100, 74232, 66
2026/07/28 13:52:23.806, 300.62, 100, 74232, 66
2026/07/28 13:52:24.844, 301.10, 100, 74232, 67
2026/07/28 13:52:25.880, 300.44, 100, 74232, 67
2026/07/28 13:52:26.916, 299.95, 100, 74232, 67
2026/07/28 13:52:27.954, 292.42, 100, 74232, 69
2026/07/28 13:52:28.989, 292.06, 100, 74232, 69
2026/07/28 13:52:30.023, 297.03, 100, 74232, 69
2026/07/28 13:52:31.058, 307.47, 100, 74232, 69
2026/07/28 13:52:32.092, 280.85, 100, 74232, 70
2026/07/28 13:52:33.132, 300.05, 100, 74232, 68
2026/07/28 13:52:34.169, 288.21, 100, 74232, 68
2026/07/28 13:52:35.207, 300.20, 100, 74232, 70
2026/07/28 13:52:36.243, 290.80, 100, 74232, 71
2026/07/28 13:52:37.278, 284.70, 100, 74232, 71
2026/07/28 13:52:38.315, 310.28, 100, 74232, 71
2026/07/28 13:52:39.349, 315.45, 100, 74232, 71
2026/07/28 13:52:40.383, 308.92, 100, 74232, 71
2026/07/28 13:52:41.418, 255.14, 100, 74232, 70
2026/07/28 13:52:42.455, 290.83, 100, 74232, 69
2026/07/28 13:52:43.493, 291.23, 100, 74232, 70
2026/07/28 13:52:44.532, 291.92, 100, 74232, 70
2026/07/28 13:52:45.570, 299.94, 100, 74232, 70
2026/07/28 13:52:46.610, 299.47, 100, 74232, 70
2026/07/28 13:52:47.648, 298.59, 100, 74232, 70
2026/07/28 13:52:48.685, 304.86, 100, 74232, 72
2026/07/28 13:52:49.720, 296.28, 100, 74232, 72
2026/07/28 13:52:50.753, 298.68, 100, 74232, 72
2026/07/28 13:52:51.787, 302.44, 100, 74232, 73
2026/07/28 13:52:52.822, 307.38, 100, 74232, 73
2026/07/28 13:52:53.857, 293.45, 100, 74232, 73
2026/07/28 13:52:54.892, 313.07, 100, 74232, 73
2026/07/28 13:52:55.934, 302.30, 100, 74232, 72
2026/07/28 13:52:56.973, 295.50, 100, 74232, 72
2026/07/28 13:52:58.012, 280.63, 100, 74232, 73
2026/07/28 13:52:59.055, 298.13, 100, 74232, 72
2026/07/28 13:53:00.092, 293.94, 100, 74232, 72
2026/07/28 13:53:01.129, 292.67, 100, 74232, 72
2026/07/28 13:53:02.167, 290.55, 100, 74232, 72
2026/07/28 13:53:03.205, 292.98, 100, 74232, 72
2026/07/28 13:53:04.244, 295.29, 100, 74232, 72
2026/07/28 13:53:05.281, 294.90, 100, 74232, 72
2026/07/28 13:53:06.318, 302.81, 100, 74232, 73
2026/07/28 13:53:07.356, 299.60, 100, 74232, 73
2026/07/28 13:53:08.394, 304.35, 100, 74232, 73
2026/07/28 13:53:09.436, 300.43, 100, 74232, 73
2026/07/28 13:53:10.474, 298.77, 100, 74232, 73
2026/07/28 13:53:11.510, 298.30, 100, 74232, 73
2026/07/28 13:53:12.549, 301.80, 100, 74232, 73
2026/07/28 13:53:13.586, 301.79, 100, 74232, 73
2026/07/28 13:53:14.624, 303.63, 100, 74232, 73
2026/07/28 13:53:15.662, 302.95, 100, 74232, 73
2026/07/28 13:53:16.699, 302.49, 100, 74232, 74
2026/07/28 13:53:17.737, 298.21, 100, 74232, 74
2026/07/28 13:53:18.776, 291.13, 100, 74232, 74
2026/07/28 13:53:19.812, 294.53, 100, 74232, 74
2026/07/28 13:53:20.851, 296.26, 100, 74232, 74
2026/07/28 13:53:21.888, 296.08, 100, 74232, 74
2026/07/28 13:53:22.924, 295.99, 100, 74232, 74
2026/07/28 13:53:23.961, 301.68, 100, 74232, 74
2026/07/28 13:53:24.998, 299.27, 100, 74232, 74
2026/07/28 13:53:26.035, 304.88, 100, 74232, 74
2026/07/28 13:53:27.072, 303.25, 100, 74232, 74
2026/07/28 13:53:28.110, 300.81, 100, 74232, 74
2026/07/28 13:53:29.148, 300.04, 100, 74232, 74
2026/07/28 13:53:30.185, 295.20, 100, 74232, 74
2026/07/28 13:53:31.222, 296.78, 100, 74232, 74
2026/07/28 13:53:32.259, 295.97, 100, 74232, 74
2026/07/28 13:53:33.296, 304.68, 100, 74232, 74
2026/07/28 13:53:34.333, 301.79, 100, 74232, 74
2026/07/28 13:53:35.369, 297.25, 100, 74232, 74
2026/07/28 13:53:36.406, 301.19, 100, 74232, 74
2026/07/28 13:53:37.444, 306.82, 100, 74232, 75
2026/07/28 13:53:38.480, 304.01, 100, 74232, 75
2026/07/28 13:53:39.517, 304.77, 100, 74232, 75
2026/07/28 13:53:40.553, 297.53, 100, 74232, 74
2026/07/28 13:53:41.590, 300.45, 100, 74232, 75
2026/07/28 13:53:42.627, 295.09, 100, 74232, 74
2026/07/28 13:53:43.668, 298.21, 100, 74232, 75
2026/07/28 13:53:44.706, 296.57, 100, 74232, 75
2026/07/28 13:53:45.744, 298.25, 100, 74232, 75
2026/07/28 13:53:46.784, 296.56, 100, 74232, 75
2026/07/28 13:53:47.822, 296.67, 100, 74232, 75
2026/07/28 13:53:48.860, 298.43, 100, 74232, 75
2026/07/28 13:53:49.897, 298.82, 100, 74232, 75
2026/07/28 13:53:50.933, 297.05, 100, 74232, 75
2026/07/28 13:53:51.969, 297.24, 100, 74232, 75
2026/07/28 13:53:53.007, 298.12, 100, 74232, 75
2026/07/28 13:53:54.044, 297.33, 100, 74232, 75
2026/07/28 13:53:55.081, 296.94, 100, 74232, 75
2026/07/28 13:53:56.119, 296.76, 100, 74232, 75
2026/07/28 13:53:57.157, 305.87, 100, 74232, 75
2026/07/28 13:53:58.194, 305.32, 100, 74232, 75
2026/07/28 13:53:59.231, 298.41, 100, 74232, 75
2026/07/28 13:54:00.268, 305.70, 100, 74232, 75
2026/07/28 13:54:01.305, 306.31, 100, 74232, 75
2026/07/28 13:54:02.344, 298.78, 100, 74232, 75
2026/07/28 13:54:03.382, 307.49, 100, 74232, 75
2026/07/28 13:54:04.423, 303.36, 100, 74232, 75
2026/07/28 13:54:05.464, 301.98, 100, 74232, 75
2026/07/28 13:54:06.500, 304.98, 100, 74232, 75
2026/07/28 13:54:07.539, 297.83, 100, 74232, 75
2026/07/28 13:54:08.577, 297.74, 100, 74232, 75
2026/07/28 13:54:09.614, 299.38, 100, 74232, 75
2026/07/28 13:54:10.652, 299.08, 100, 74232, 75
2026/07/28 13:54:11.689, 302.18, 100, 74232, 75
2026/07/28 13:54:12.728, 300.91, 100, 74232, 75
2026/07/28 13:54:13.765, 306.39, 100, 74232, 75
2026/07/28 13:54:14.803, 299.86, 100, 74232, 75
2026/07/28 13:54:15.839, 299.46, 100, 74232, 75
2026/07/28 13:54:16.876, 298.40, 100, 74232, 75
2026/07/28 13:54:17.914, 299.94, 100, 74232, 75
2026/07/28 13:54:18.951, 298.22, 100, 74232, 75
2026/07/28 13:54:19.988, 299.07, 100, 74232, 75
2026/07/28 13:54:21.025, 305.48, 100, 74232, 77
2026/07/28 13:54:22.060, 294.22, 100, 74232, 77
2026/07/28 13:54:23.098, 291.82, 100, 74232, 77
2026/07/28 13:54:24.132, 279.65, 100, 74232, 77
2026/07/28 13:54:25.166, 292.88, 100, 74232, 77
2026/07/28 13:54:26.202, 301.45, 100, 74232, 77
2026/07/28 13:54:27.241, 307.69, 100, 74232, 75
2026/07/28 13:54:28.278, 307.22, 100, 74232, 75
2026/07/28 13:54:29.317, 306.68, 100, 74232, 75
2026/07/28 13:54:30.355, 300.13, 100, 74232, 75
2026/07/28 13:54:31.392, 298.97, 100, 74232, 77
2026/07/28 13:54:32.426, 291.51, 100, 74232, 77
2026/07/28 13:54:33.460, 300.31, 100, 74232, 77
2026/07/28 13:54:34.493, 316.85, 100, 74232, 77
2026/07/28 13:54:35.527, 297.04, 100, 74232, 77
2026/07/28 13:54:36.561, 263.24, 100, 74232, 77
2026/07/28 13:54:37.598, 320.00, 100, 74232, 78
2026/07/28 13:54:38.633, 299.84, 100, 74232, 76
2026/07/28 13:54:39.671, 301.21, 100, 74232, 76
2026/07/28 13:54:40.708, 300.24, 100, 74232, 76
2026/07/28 13:54:41.748, 301.00, 100, 74232, 76
2026/07/28 13:54:42.787, 299.67, 100, 74232, 76
2026/07/28 13:54:43.824, 299.66, 100, 74232, 76
2026/07/28 13:54:44.864, 300.24, 100, 74232, 76
2026/07/28 13:54:45.901, 104.33, 0, 74232, 73
2026/07/28 13:54:46.935, 296.36, 100, 74232, 77
2026/07/28 13:54:47.970, 301.22, 100, 74232, 77
2026/07/28 13:54:49.005, 294.99, 100, 74232, 77
2026/07/28 13:54:50.041, 283.94, 100, 74232, 77
2026/07/28 13:54:51.074, 278.04, 100, 74232, 77
2026/07/28 13:54:52.109, 294.26, 100, 74232, 77
2026/07/28 13:54:53.144, 298.78, 100, 74232, 75
2026/07/28 13:54:54.182, 293.06, 100, 74232, 75
2026/07/28 13:54:55.218, 299.84, 100, 74232, 75
2026/07/28 13:54:56.256, 297.80, 100, 74232, 77
2026/07/28 13:54:57.290, 280.53, 100, 74232, 77
2026/07/28 13:54:58.329, 292.58, 100, 74232, 77
2026/07/28 13:54:59.363, 293.07, 100, 74232, 77
2026/07/28 13:55:00.396, 288.30, 100, 74232, 77
2026/07/28 13:55:01.430, 297.51, 100, 74232, 77
2026/07/28 13:55:02.464, 301.33, 100, 74232, 77
2026/07/28 13:55:03.499, 298.70, 100, 74232, 76
2026/07/28 13:55:04.536, 300.62, 100, 74232, 76
2026/07/28 13:55:05.574, 300.85, 100, 74232, 76
2026/07/28 13:55:06.610, 300.91, 100, 74232, 76
2026/07/28 13:55:07.646, 300.33, 100, 74232, 76
2026/07/28 13:55:08.684, 301.03, 100, 74232, 76
2026/07/28 13:55:09.721, 299.44, 100, 74232, 76
2026/07/28 13:55:10.759, 301.90, 100, 74232, 76
2026/07/28 13:55:11.797, 299.36, 100, 74232, 75
2026/07/28 13:55:12.834, 299.17, 100, 74232, 75
2026/07/28 13:55:13.873, 299.08, 100, 74232, 75
2026/07/28 13:55:14.912, 300.04, 100, 74232, 75
2026/07/28 13:55:15.950, 102.10, 0, 74232, 72
2026/07/28 13:55:16.983, 296.02, 100, 74232, 76
2026/07/28 13:55:18.020, 285.02, 100, 74232, 76
2026/07/28 13:55:19.057, 318.82, 100, 74232, 76
2026/07/28 13:55:20.095, 305.07, 100, 74232, 75
2026/07/28 13:55:21.132, 281.22, 100, 74232, 75
2026/07/28 13:55:22.166, 332.67, 100, 74232, 76
2026/07/28 13:55:23.201, 249.88, 100, 74232, 73
2026/07/28 13:55:24.241, 288.42, 100, 74232, 73
2026/07/28 13:55:25.277, 294.23, 100, 74232, 73
2026/07/28 13:55:26.317, 284.73, 100, 74232, 73
2026/07/28 13:55:27.357, 100.40, 0, 74232, 70
2026/07/28 13:55:28.390, 304.78, 100, 74232, 74
2026/07/28 13:55:29.425, 289.70, 100, 74232, 74
2026/07/28 13:55:30.465, 276.36, 100, 74232, 74
2026/07/28 13:55:31.500, 277.13, 100, 74232, 74
2026/07/28 13:55:32.535, 304.33, 100, 74232, 74
2026/07/28 13:55:33.570, 323.86, 100, 74232, 74
2026/07/28 13:55:34.612, 307.16, 100, 74232, 74
2026/07/28 13:55:35.647, 302.69, 100, 74232, 72
2026/07/28 13:55:36.686, 294.72, 100, 74232, 72
2026/07/28 13:55:37.724, 292.67, 100, 74232, 72
2026/07/28 13:55:38.764, 296.19, 100, 74232, 74
2026/07/28 13:55:39.799, 295.98, 100, 74232, 74
2026/07/28 13:55:40.834, 299.82, 100, 74232, 75
2026/07/28 13:55:41.868, 309.05, 100, 74232, 75
2026/07/28 13:55:42.904, 299.48, 100, 74232, 75
2026/07/28 13:55:43.941, 314.65, 100, 74232, 75
2026/07/28 13:55:44.976, 267.97, 100, 74232, 75
2026/07/28 13:55:46.010, 303.26, 100, 74232, 74
2026/07/28 13:55:47.048, 304.20, 100, 74232, 74
2026/07/28 13:55:48.085, 304.80, 100, 74232, 74
2026/07/28 13:55:49.126, 304.51, 100, 74232, 74
2026/07/28 13:55:50.162, 299.58, 69, 74232, 75
2026/07/28 13:55:51.197, 303.08, 100, 74232, 74
2026/07/28 13:55:52.235, 304.06, 100, 74232, 74
2026/07/28 13:55:53.273, 297.04, 100, 74232, 74
2026/07/28 13:55:54.313, 294.71, 100, 74232, 74
2026/07/28 13:55:55.350, 297.84, 100, 74232, 74
2026/07/28 13:55:56.389, 295.87, 100, 74232, 74
2026/07/28 13:55:57.426, 288.00, 100, 74232, 74
2026/07/28 13:55:58.463, 295.98, 100, 74232, 74
2026/07/28 13:55:59.500, 296.37, 100, 74232, 74
2026/07/28 13:56:00.537, 296.08, 100, 74232, 74
2026/07/28 13:56:01.574, 298.31, 100, 74232, 74
2026/07/28 13:56:02.612, 289.76, 100, 74232, 74
2026/07/28 13:56:03.649, 291.61, 100, 74232, 74
2026/07/28 13:56:04.686, 292.39, 100, 74232, 74
2026/07/28 13:56:05.725, 289.86, 100, 74232, 75
2026/07/28 13:56:06.763, 288.50, 100, 74232, 74
2026/07/28 13:56:07.807, 290.15, 100, 74232, 75
2026/07/28 13:56:08.848, 291.98, 100, 74232, 75
2026/07/28 13:56:09.885, 296.93, 100, 74232, 75
2026/07/28 13:56:10.923, 296.66, 100, 74232, 75
2026/07/28 13:56:11.959, 292.89, 100, 74232, 75
2026/07/28 13:56:12.996, 292.39, 100, 74232, 75
2026/07/28 13:56:14.033, 294.13, 100, 74232, 75
2026/07/28 13:56:15.069, 292.27, 100, 74232, 75
2026/07/28 13:56:16.109, 296.85, 100, 74232, 75
2026/07/28 13:56:17.145, 299.35, 100, 74232, 75
2026/07/28 13:56:18.184, 304.50, 100, 74232, 75
2026/07/28 13:56:19.221, 297.92, 100, 74232, 75
2026/07/28 13:56:20.258, 300.72, 100, 74232, 75
2026/07/28 13:56:21.295, 296.66, 100, 74232, 75
2026/07/28 13:56:22.333, 297.03, 100, 74232, 75
2026/07/28 13:56:23.370, 297.52, 100, 74232, 75
2026/07/28 13:56:24.407, 298.01, 100, 74232, 75
2026/07/28 13:56:25.445, 299.17, 100, 74232, 75
2026/07/28 13:56:26.482, 297.90, 100, 74232, 75
2026/07/28 13:56:27.520, 299.21, 100, 74232, 75
2026/07/28 13:56:28.556, 299.20, 100, 74232, 75
2026/07/28 13:56:29.594, 297.44, 100, 74232, 75
2026/07/28 13:56:30.632, 299.38, 100, 74232, 75
2026/07/28 13:56:31.669, 299.68, 100, 74232, 75
2026/07/28 13:56:32.708, 298.90, 100, 74232, 75
2026/07/28 13:56:33.744, 299.87, 100, 74232, 75
2026/07/28 13:56:34.780, 297.65, 100, 74232, 75
2026/07/28 13:56:35.817, 300.05, 100, 74232, 75
2026/07/28 13:56:36.854, 299.67, 100, 74232, 75
2026/07/28 13:56:37.893, 298.19, 100, 74232, 75
2026/07/28 13:56:38.931, 299.48, 100, 74232, 75
2026/07/28 13:56:39.968, 299.84, 100, 74232, 75
2026/07/28 13:56:41.005, 297.64, 100, 74232, 75
2026/07/28 13:56:42.043, 298.39, 100, 74232, 75
2026/07/28 13:56:43.080, 297.91, 100, 74232, 75
2026/07/28 13:56:44.118, 299.37, 100, 74232, 75
2026/07/28 13:56:45.154, 301.02, 100, 74232, 75
2026/07/28 13:56:46.193, 301.39, 100, 74232, 75
2026/07/28 13:56:47.230, 297.34, 100, 74232, 75
2026/07/28 13:56:48.266, 297.53, 100, 74232, 75
2026/07/28 13:56:49.304, 299.87, 100, 74232, 75
2026/07/28 13:56:50.340, 298.78, 100, 74232, 75
2026/07/28 13:56:51.379, 297.81, 100, 74232, 75
2026/07/28 13:56:52.415, 297.82, 100, 74232, 75
2026/07/28 13:56:53.452, 297.43, 100, 74232, 75
2026/07/28 13:56:54.490, 296.37, 100, 74232, 75
2026/07/28 13:56:55.527, 301.69, 100, 74232, 75
2026/07/28 13:56:56.565, 296.27, 100, 74232, 75
2026/07/28 13:56:57.602, 299.66, 100, 74232, 75
2026/07/28 13:56:58.641, 297.91, 100, 74232, 75
2026/07/28 13:56:59.678, 294.62, 100, 74232, 75
2026/07/28 13:57:00.716, 298.20, 100, 74232, 75
2026/07/28 13:57:01.753, 299.46, 100, 74232, 75
2026/07/28 13:57:02.790, 297.93, 100, 74232, 75
2026/07/28 13:57:03.828, 298.68, 100, 74232, 75
2026/07/28 13:57:04.865, 297.32, 100, 74232, 75
2026/07/28 13:57:05.904, 306.87, 100, 74232, 75
2026/07/28 13:57:06.941, 306.32, 100, 74232, 75
2026/07/28 13:57:07.980, 298.88, 100, 74232, 75
2026/07/28 13:57:09.016, 301.48, 100, 74232, 75
2026/07/28 13:57:10.052, 299.19, 100, 74232, 75
2026/07/28 13:57:11.089, 293.85, 100, 74232, 75
2026/07/28 13:57:12.126, 297.05, 100, 74232, 75
2026/07/28 13:57:13.163, 297.73, 100, 74232, 75
2026/07/28 13:57:14.199, 299.59, 100, 74232, 75
2026/07/28 13:57:15.239, 304.44, 100, 74232, 75
2026/07/28 13:57:16.276, 296.57, 100, 74232, 76
2026/07/28 13:57:17.312, 306.08, 100, 74232, 76
2026/07/28 13:57:18.347, 293.09, 100, 74232, 76
2026/07/28 13:57:19.383, 302.43, 100, 74232, 76
2026/07/28 13:57:20.419, 276.33, 100, 74232, 76
2026/07/28 13:57:21.457, 283.05, 100, 74232, 76
2026/07/28 13:57:22.493, 287.52, 100, 74232, 74
2026/07/28 13:57:23.531, 290.33, 100, 74232, 74
2026/07/28 13:57:24.569, 300.23, 100, 74232, 74
2026/07/28 13:57:25.609, 292.87, 100, 74232, 75
2026/07/28 13:57:26.644, 296.87, 100, 74232, 75
2026/07/28 13:57:27.682, 286.46, 100, 74232, 75
2026/07/28 13:57:28.717, 294.61, 100, 74232, 75
2026/07/28 13:57:29.756, 295.64, 100, 74232, 75
2026/07/28 13:57:30.791, 295.99, 100, 74232, 75
2026/07/28 13:57:31.825, 304.32, 100, 74232, 73
2026/07/28 13:57:32.862, 302.89, 100, 74232, 73
2026/07/28 13:57:33.899, 301.99, 100, 74232, 73
2026/07/28 13:57:34.941, 303.08, 100, 74232, 73
2026/07/28 13:57:35.979, 303.23, 100, 74232, 73
2026/07/28 13:57:37.015, 303.18, 100, 74232, 73
2026/07/28 13:57:38.053, 295.60, 100, 74232, 73
2026/07/28 13:57:39.090, 295.97, 100, 74232, 73
2026/07/28 13:57:40.129, 299.11, 100, 74232, 73
2026/07/28 13:57:41.165, 296.08, 100, 74232, 74
2026/07/28 13:57:42.202, 297.03, 100, 74232, 74
2026/07/28 13:57:43.240, 296.47, 100, 74232, 74
2026/07/28 13:57:44.276, 296.16, 100, 74232, 74
2026/07/28 13:57:45.313, 300.25, 100, 74232, 74
2026/07/28 13:57:46.352, 297.23, 100, 74232, 74
2026/07/28 13:57:47.391, 296.54, 100, 74232, 74
2026/07/28 13:57:48.428, 296.75, 100, 74232, 74
2026/07/28 13:57:49.466, 297.24, 100, 74232, 74
2026/07/28 13:57:50.504, 301.60, 100, 74232, 74
2026/07/28 13:57:51.541, 299.10, 100, 74232, 74
2026/07/28 13:57:52.585, 299.40, 100, 74232, 74
2026/07/28 13:57:53.623, 293.85, 100, 74232, 74
2026/07/28 13:57:54.662, 297.45, 100, 74232, 75
2026/07/28 13:57:55.701, 299.11, 100, 74232, 74
2026/07/28 13:57:56.739, 297.73, 100, 74232, 74
2026/07/28 13:57:57.777, 297.73, 100, 74232, 75
2026/07/28 13:57:58.816, 301.23, 100, 74232, 75
2026/07/28 13:57:59.856, 299.85, 100, 74232, 75
2026/07/28 13:58:00.892, 298.23, 100, 74232, 75
2026/07/28 13:58:01.930, 289.21, 89, 74232, 76
2026/07/28 13:58:02.965, 300.06, 100, 74232, 76
2026/07/28 13:58:04.001, 293.25, 100, 74232, 76
2026/07/28 13:58:05.035, 298.31, 100, 74232, 76
2026/07/28 13:58:06.069, 300.90, 100, 74232, 76
2026/07/28 13:58:07.104, 307.22, 100, 74232, 76
2026/07/28 13:58:08.140, 298.19, 100, 74232, 75
2026/07/28 13:58:09.178, 299.46, 100, 74232, 75
2026/07/28 13:58:10.215, 297.36, 100, 74232, 75
2026/07/28 13:58:11.252, 287.34, 88, 74232, 76
2026/07/28 13:58:12.286, 285.81, 100, 74232, 76
2026/07/28 13:58:13.321, 300.50, 100, 74232, 77
2026/07/28 13:58:14.358, 286.48, 100, 74232, 77
2026/07/28 13:58:15.395, 281.79, 100, 74232, 77
2026/07/28 13:58:16.433, 309.26, 100, 74232, 77
2026/07/28 13:58:17.472, 285.97, 100, 74232, 77
2026/07/28 13:58:18.508, 298.40, 100, 74232, 75
2026/07/28 13:58:19.546, 298.21, 100, 74232, 75
2026/07/28 13:58:20.583, 299.11, 100, 74232, 75
2026/07/28 13:58:21.622, 103.16, 0, 74232, 72
2026/07/28 13:58:22.655, 305.77, 100, 74232, 77
2026/07/28 13:58:23.691, 302.40, 100, 74232, 77
2026/07/28 13:58:24.727, 286.65, 100, 74232, 77
2026/07/28 13:58:25.768, 293.46, 100, 74232, 76
2026/07/28 13:58:26.804, 293.36, 100, 74232, 77
2026/07/28 13:58:27.839, 290.24, 100, 74232, 77
2026/07/28 13:58:28.876, 298.88, 100, 74232, 75
2026/07/28 13:58:29.914, 301.03, 100, 74232, 75
2026/07/28 13:58:30.952, 299.18, 100, 74232, 75
2026/07/28 13:58:31.991, 293.15, 87, 74232, 77
2026/07/28 13:58:33.026, 298.39, 100, 74232, 77
2026/07/28 13:58:34.063, 292.11, 100, 74232, 77
2026/07/28 13:58:35.099, 277.61, 100, 74232, 77
2026/07/28 13:58:36.140, 301.75, 100, 74232, 77
2026/07/28 13:58:37.176, 283.53, 100, 74232, 77
2026/07/28 13:58:38.211, 306.33, 100, 74232, 77
2026/07/28 13:58:39.250, 300.14, 100, 74232, 76
2026/07/28 13:58:40.288, 300.47, 100, 74232, 76
2026/07/28 13:58:41.326, 299.46, 100, 74232, 76
2026/07/28 13:58:42.364, 299.68, 100, 74232, 76
2026/07/28 13:58:43.402, 301.03, 100, 74232, 76
2026/07/28 13:58:44.442, 301.20, 100, 74232, 76
2026/07/28 13:58:45.480, 300.43, 100, 74232, 76
2026/07/28 13:58:46.518, 292.30, 100, 74232, 76
2026/07/28 13:58:47.557, 293.39, 100, 74232, 76
2026/07/28 13:58:48.596, 288.99, 100, 74232, 76
2026/07/28 13:58:49.635, 293.55, 100, 74232, 76
2026/07/28 13:58:50.674, 300.62, 100, 74232, 76
2026/07/28 13:58:51.711, 293.17, 100, 74232, 76
2026/07/28 13:58:52.751, 295.38, 100, 74232, 76
2026/07/28 13:58:53.789, 301.21, 100, 74232, 76
2026/07/28 13:58:54.826, 292.21, 100, 74232, 78
2026/07/28 13:58:55.864, 306.05, 100, 74232, 77
2026/07/28 13:58:56.900, 297.55, 100, 74232, 78
2026/07/28 13:58:57.935, 283.05, 100, 74232, 77
2026/07/28 13:58:58.974, 272.71, 100, 74232, 77
2026/07/28 13:59:00.010, 267.91, 100, 74232, 78
2026/07/28 13:59:01.046, 285.11, 100, 74232, 78
2026/07/28 13:59:02.090, 295.59, 100, 74232, 76
2026/07/28 13:59:03.128, 300.53, 100, 74232, 76
2026/07/28 13:59:04.166, 288.81, 100, 74232, 76
2026/07/28 13:59:05.204, 292.96, 100, 74232, 76
2026/07/28 13:59:06.243, 103.84, 0, 74232, 73
2026/07/28 13:59:07.276, 296.92, 100, 74232, 77
2026/07/28 13:59:08.312, 295.01, 100, 74232, 78
2026/07/28 13:59:09.347, 286.54, 100, 74232, 77
2026/07/28 13:59:10.383, 301.00, 100, 74232, 78
2026/07/28 13:59:11.419, 278.38, 100, 74232, 78
2026/07/28 13:59:12.458, 286.16, 100, 74232, 78
2026/07/28 13:59:13.495, 318.50, 100, 74232, 77
2026/07/28 13:59:14.534, 291.12, 100, 74232, 76
2026/07/28 13:59:15.571, 292.79, 100, 74232, 76
2026/07/28 13:59:16.612, 297.33, 100, 74232, 76
2026/07/28 13:59:17.649, 105.09, 0, 74232, 73
2026/07/28 13:59:18.682, 301.79, 100, 74232, 76
2026/07/28 13:59:19.720, 299.96, 100, 74232, 76
2026/07/28 13:59:20.758, 299.20, 100, 74232, 76
2026/07/28 13:59:21.796, 299.84, 100, 74232, 76
2026/07/28 13:59:22.833, 298.42, 100, 74232, 76
2026/07/28 13:59:23.871, 295.79, 100, 74232, 76
2026/07/28 13:59:24.908, 299.07, 100, 74232, 76
2026/07/28 13:59:25.946, 299.85, 100, 74232, 76
2026/07/28 13:59:26.985, 300.23, 100, 74232, 76
2026/07/28 13:59:28.021, 298.78, 100, 74232, 76
2026/07/28 13:59:29.058, 297.75, 100, 74232, 76
2026/07/28 13:59:30.096, 300.34, 100, 74232, 76
2026/07/28 13:59:31.133, 298.59, 100, 74232, 76
2026/07/28 13:59:32.170, 298.02, 100, 74232, 76
2026/07/28 13:59:33.209, 299.55, 100, 74232, 76
2026/07/28 13:59:34.248, 295.60, 100, 74232, 76
2026/07/28 13:59:35.287, 301.02, 100, 74232, 76
2026/07/28 13:59:36.326, 299.26, 100, 74232, 76
2026/07/28 13:59:37.364, 299.27, 100, 74232, 76
2026/07/28 13:59:38.402, 300.62, 100, 74232, 76
2026/07/28 13:59:39.439, 298.41, 100, 74232, 76
2026/07/28 13:59:40.480, 299.75, 100, 74232, 76
2026/07/28 13:59:41.517, 300.73, 100, 74232, 76
2026/07/28 13:59:42.555, 299.08, 100, 74232, 76
2026/07/28 13:59:43.594, 297.84, 100, 74232, 75
2026/07/28 13:59:44.631, 301.70, 100, 74232, 75
2026/07/28 13:59:45.668, 298.39, 100, 74232, 75
2026/07/28 13:59:46.707, 303.96, 100, 74232, 75
2026/07/28 13:59:47.744, 301.19, 100, 74232, 75
2026/07/28 13:59:48.784, 298.96, 100, 74232, 75
2026/07/28 13:59:49.821, 296.06, 100, 74232, 75
2026/07/28 13:59:50.860, 297.05, 100, 74232, 74
2026/07/28 13:59:51.899, 296.46, 100, 74232, 74
2026/07/28 13:59:52.938, 299.34, 100, 74232, 74
2026/07/28 13:59:53.977, 305.09, 100, 74232, 74
2026/07/28 13:59:55.015, 297.14, 100, 74232, 74
2026/07/28 13:59:56.055, 297.71, 100, 74232, 74
2026/07/28 13:59:57.093, 302.66, 100, 74232, 74
2026/07/28 13:59:58.130, 300.52, 100, 74232, 74
2026/07/28 13:59:59.168, 296.45, 100, 74232, 74
2026/07/28 14:00:00.209, 299.85, 100, 74232, 74
2026/07/28 14:00:01.247, 297.41, 100, 74232, 74
2026/07/28 14:00:02.287, 303.94, 100, 74232, 74
2026/07/28 14:00:03.327, 304.62, 100, 74232, 74
2026/07/28 14:00:04.366, 304.51, 100, 74232, 74
2026/07/28 14:00:05.404, 302.80, 100, 74232, 74
2026/07/28 14:00:06.441, 303.56, 100, 74232, 74
2026/07/28 14:00:07.477, 304.69, 100, 74232, 73
2026/07/28 14:00:08.515, 301.98, 100, 74232, 73
2026/07/28 14:00:09.553, 290.54, 100, 74232, 73
2026/07/28 14:00:10.591, 295.09, 100, 74232, 73
2026/07/28 14:00:11.629, 296.56, 100, 74232, 73
2026/07/28 14:00:12.666, 293.06, 100, 74232, 73
2026/07/28 14:00:13.705, 289.77, 100, 74232, 73
2026/07/28 14:00:14.743, 294.71, 100, 74232, 73
2026/07/28 14:00:15.783, 297.22, 100, 74232, 73
2026/07/28 14:00:16.820, 295.97, 100, 74232, 73
2026/07/28 14:00:17.858, 291.13, 100, 74232, 72
2026/07/28 14:00:18.896, 301.28, 100, 74232, 73
2026/07/28 14:00:19.934, 303.56, 100, 74232, 73
2026/07/28 14:00:20.973, 301.39, 100, 74232, 72
2026/07/28 14:00:22.011, 301.77, 100, 74232, 72
2026/07/28 14:00:23.049, 300.13, 100, 74232, 72
2026/07/28 14:00:24.087, 301.71, 100, 74232, 72
2026/07/28 14:00:25.124, 296.07, 100, 74232, 72
2026/07/28 14:00:26.164, 292.00, 100, 74232, 72
2026/07/28 14:00:27.202, 295.20, 100, 74232, 72
2026/07/28 14:00:28.241, 297.03, 100, 74232, 72
2026/07/28 14:00:29.279, 292.37, 100, 74232, 72
2026/07/28 14:00:30.317, 293.95, 100, 74232, 72
2026/07/28 14:00:31.361, 297.05, 100, 74232, 72
2026/07/28 14:00:32.400, 295.40, 100, 74232, 72
2026/07/28 14:00:33.438, 299.88, 100, 74232, 72
2026/07/28 14:00:34.481, 298.39, 100, 74232, 72
2026/07/28 14:00:35.518, 291.81, 100, 74232, 72
2026/07/28 14:00:36.555, 298.62, 100, 74232, 72
2026/07/28 14:00:37.593, 300.53, 100, 74232, 72
2026/07/28 14:00:38.630, 299.56, 100, 74232, 72
2026/07/28 14:00:39.668, 295.21, 100, 74232, 71
2026/07/28 14:00:40.707, 288.20, 100, 74232, 71
2026/07/28 14:00:41.745, 288.88, 100, 74232, 71
2026/07/28 14:00:42.787, 292.87, 100, 74232, 71
2026/07/28 14:00:43.826, 293.55, 100, 74232, 71
2026/07/28 14:00:44.865, 299.27, 100, 74232, 71
2026/07/28 14:00:45.904, 300.45, 100, 74232, 71
2026/07/28 14:00:46.941, 300.72, 100, 74232, 71
2026/07/28 14:00:47.979, 295.50, 100, 74232, 71
2026/07/28 14:00:49.019, 302.68, 100, 74232, 71
2026/07/28 14:00:50.057, 297.54, 100, 74232, 71
2026/07/28 14:00:51.099, 298.78, 100, 74232, 71
2026/07/28 14:00:52.138, 307.40, 100, 74232, 71
2026/07/28 14:00:53.176, 304.58, 100, 74232, 71
2026/07/28 14:00:54.214, 306.83, 100, 74232, 71
2026/07/28 14:00:55.253, 301.50, 100, 74232, 73
2026/07/28 14:00:56.290, 292.47, 100, 74232, 73
2026/07/28 14:00:57.326, 309.74, 100, 74232, 73
2026/07/28 14:00:58.361, 301.12, 100, 74232, 73
2026/07/28 14:00:59.401, 295.40, 100, 74232, 73
2026/07/28 14:01:00.435, 318.16, 100, 74232, 73
2026/07/28 14:01:01.472, 305.40, 100, 74232, 73
2026/07/28 14:01:02.509, 281.60, 100, 74232, 71
2026/07/28 14:01:03.547, 293.65, 100, 74232, 71
2026/07/28 14:01:04.585, 299.37, 100, 74232, 71
2026/07/28 14:01:05.622, 299.86, 100, 74232, 71
2026/07/28 14:01:06.660, 293.45, 100, 74232, 71
2026/07/28 14:01:07.698, 293.07, 100, 74232, 71
2026/07/28 14:01:08.737, 98.56, 0, 74232, 69
2026/07/28 14:01:09.770, 311.51, 100, 74232, 73
2026/07/28 14:01:10.806, 288.83, 100, 74232, 73
2026/07/28 14:01:11.845, 297.79, 100, 74232, 73
2026/07/28 14:01:12.881, 291.40, 100, 74232, 73
2026/07/28 14:01:13.916, 269.93, 100, 74232, 73
2026/07/28 14:01:14.957, 282.26, 100, 74232, 73
2026/07/28 14:01:15.993, 250.46, 100, 74232, 72
2026/07/28 14:01:17.032, 293.66, 100, 74232, 72
2026/07/28 14:01:18.070, 294.43, 100, 74232, 72
2026/07/28 14:01:19.108, 294.12, 100, 74232, 72
2026/07/28 14:01:20.148, 98.02, 0, 74232, 69
2026/07/28 14:01:21.182, 294.54, 100, 74232, 74
2026/07/28 14:01:22.217, 283.85, 100, 74232, 74
2026/07/28 14:01:23.252, 306.90, 100, 74232, 74
2026/07/28 14:01:24.288, 259.08, 100, 74232, 74
2026/07/28 14:01:25.323, 305.75, 100, 74232, 74
2026/07/28 14:01:26.361, 308.56, 100, 74232, 74
2026/07/28 14:01:27.400, 299.18, 100, 74232, 73
2026/07/28 14:01:28.439, 306.25, 100, 74232, 73
2026/07/28 14:01:29.476, 301.61, 100, 74232, 73
2026/07/28 14:01:30.515, 295.89, 100, 74232, 73
2026/07/28 14:01:31.551, 304.20, 100, 74232, 73
2026/07/28 14:01:32.589, 296.65, 100, 74232, 73
2026/07/28 14:01:33.627, 296.07, 100, 74232, 73
2026/07/28 14:01:34.666, 302.96, 100, 74232, 73
2026/07/28 14:01:35.705, 296.75, 100, 74232, 73
2026/07/28 14:01:36.744, 296.70, 100, 74232, 74
2026/07/28 14:01:37.782, 304.43, 100, 74232, 74
2026/07/28 14:01:38.821, 305.84, 100, 74232, 74
2026/07/28 14:01:39.858, 100.10, 0, 74232, 70
2026/07/28 14:01:40.892, 99.12, 0, 74232, 70
2026/07/28 14:01:41.923, 98.24, 0, 74232, 69
2026/07/28 14:01:42.955, 97.51, 0, 74232, 69
2026/07/28 14:01:43.986, 97.23, 0, 74232, 68
2026/07/28 14:01:45.019, 96.49, 0, 74232, 68
2026/07/28 14:01:46.051, 95.97, 0, 74232, 67
2026/07/28 14:01:47.085, 94.32, 0, 74232, 67
2026/07/28 14:01:48.116, 94.59, 0, 74232, 66
2026/07/28 14:01:49.149, 93.27, 0, 74232, 66
2026/07/28 14:01:50.180, 92.54, 0, 74232, 66
2026/07/28 14:01:51.213, 93.85, 0, 74232, 65
2026/07/28 14:01:52.244, 93.38, 0, 74232, 65
2026/07/28 14:01:53.275, 91.72, 0, 74232, 65
2026/07/28 14:01:54.308, 91.09, 0, 74232, 64
2026/07/28 14:01:55.339, 91.74, 0, 74232, 64
2026/07/28 14:01:56.370, 90.34, 0, 74232, 63
2026/07/28 14:01:57.403, 90.03, 0, 74232, 63
2026/07/28 14:01:58.434, 89.98, 0, 74232, 63
2026/07/28 14:01:59.465, 88.25, 0, 74232, 62
2026/07/28 14:02:00.497, 87.97, 0, 74232, 62
2026/07/28 14:02:01.526, 87.55, 0, 74232, 62
2026/07/28 14:02:02.556, 87.84, 0, 74232, 62
2026/07/28 14:02:03.586, 87.27, 0, 74232, 61
2026/07/28 14:02:04.619, 86.98, 0, 74232, 61
2026/07/28 14:02:05.649, 86.41, 0, 74232, 61
2026/07/28 14:02:06.679, 86.18, 0, 74232, 60
2026/07/28 14:02:07.710, 87.17, 0, 74232, 60
2026/07/28 14:02:08.740, 85.68, 0, 74232, 60
2026/07/28 14:02:09.770, 85.43, 0, 74232, 60
2026/07/28 14:02:10.801, 85.34, 0, 74232, 59
2026/07/28 14:02:11.835, 296.67, 100, 74232, 64
2026/07/28 14:02:12.869, 299.78, 100, 74232, 65
2026/07/28 14:02:13.903, 289.23, 100, 74232, 65
2026/07/28 14:02:14.941, 304.93, 100, 74232, 65
2026/07/28 14:02:15.977, 299.76, 100, 74232, 66
2026/07/28 14:02:17.013, 278.47, 100, 74232, 64
2026/07/28 14:02:18.050, 283.65, 100, 74232, 64
2026/07/28 14:02:19.087, 291.22, 100, 74232, 65
2026/07/28 14:02:20.123, 293.07, 100, 74232, 65
2026/07/28 14:02:21.162, 291.21, 100, 74232, 65
2026/07/28 14:02:22.198, 291.33, 100, 74232, 65
2026/07/28 14:02:23.236, 285.49, 100, 74232, 67
2026/07/28 14:02:24.271, 297.50, 100, 74232, 68
2026/07/28 14:02:25.306, 307.51, 100, 74232, 68
2026/07/28 14:02:26.341, 298.98, 100, 74232, 68
2026/07/28 14:02:27.380, 275.76, 100, 74232, 68
2026/07/28 14:02:28.415, 300.15, 100, 74232, 67
2026/07/28 14:02:29.455, 301.63, 100, 74232, 67
2026/07/28 14:02:30.492, 295.18, 100, 74232, 67
2026/07/28 14:02:31.530, 296.97, 100, 74232, 67
2026/07/28 14:02:32.568, 295.62, 100, 74232, 69
2026/07/28 14:02:33.603, 305.25, 100, 74232, 69
2026/07/28 14:02:34.636, 297.88, 100, 74232, 69
2026/07/28 14:02:35.670, 274.98, 100, 74232, 70
2026/07/28 14:02:36.709, 286.14, 100, 74232, 70
2026/07/28 14:02:37.744, 304.50, 100, 74232, 68
2026/07/28 14:02:38.781, 304.17, 100, 74232, 68
2026/07/28 14:02:39.818, 304.50, 100, 74232, 70
2026/07/28 14:02:40.852, 300.17, 100, 74232, 71
2026/07/28 14:02:41.887, 296.40, 100, 74232, 71
2026/07/28 14:02:42.921, 290.13, 100, 74232, 71
2026/07/28 14:02:43.957, 300.03, 100, 74232, 71
2026/07/28 14:02:44.996, 309.21, 100, 74232, 71
2026/07/28 14:02:46.030, 295.71, 100, 74232, 71
2026/07/28 14:02:47.066, 306.67, 100, 74232, 70
2026/07/28 14:02:48.103, 305.86, 100, 74232, 70
2026/07/28 14:02:49.141, 295.39, 100, 74232, 71
2026/07/28 14:02:50.178, 276.58, 100, 74232, 70
2026/07/28 14:02:51.222, 286.28, 100, 74232, 70
2026/07/28 14:02:52.261, 288.68, 100, 74232, 70
2026/07/28 14:02:53.298, 296.66, 100, 74232, 70
2026/07/28 14:02:54.337, 297.62, 100, 74232, 71
2026/07/28 14:02:55.373, 296.85, 100, 74232, 71
2026/07/28 14:02:56.410, 300.07, 100, 74232, 71
2026/07/28 14:02:57.448, 302.19, 100, 74232, 71
2026/07/28 14:02:58.486, 301.14, 100, 74232, 71
2026/07/28 14:02:59.523, 299.95, 100, 74232, 71
2026/07/28 14:03:00.563, 301.12, 100, 74232, 71
2026/07/28 14:03:01.600, 299.48, 100, 74232, 71
2026/07/28 14:03:02.638, 300.92, 100, 74232, 72
2026/07/28 14:03:03.676, 301.23, 100, 74232, 72
2026/07/28 14:03:04.712, 297.36, 100, 74232, 72
2026/07/28 14:03:05.749, 302.87, 100, 74232, 72
2026/07/28 14:03:06.787, 299.65, 100, 74232, 72
2026/07/28 14:03:07.827, 301.97, 100, 74232, 72
2026/07/28 14:03:08.864, 301.53, 100, 74232, 72
2026/07/28 14:03:09.905, 301.14, 100, 74232, 72
2026/07/28 14:03:10.943, 300.23, 100, 74232, 72
2026/07/28 14:03:11.981, 301.53, 100, 74232, 72
2026/07/28 14:03:13.019, 300.93, 100, 74232, 73
2026/07/28 14:03:14.060, 294.14, 100, 74232, 73
2026/07/28 14:03:15.098, 294.69, 100, 74232, 73
2026/07/28 14:03:16.136, 293.64, 100, 74232, 73
2026/07/28 14:03:17.174, 295.29, 100, 74232, 73
2026/07/28 14:03:18.217, 301.55, 100, 74232, 73
2026/07/28 14:03:19.256, 298.13, 100, 74232, 73
2026/07/28 14:03:20.295, 295.88, 100, 74232, 73
2026/07/28 14:03:21.335, 302.28, 100, 74232, 73
2026/07/28 14:03:22.373, 302.07, 100, 74232, 73
2026/07/28 14:03:23.410, 299.97, 100, 74232, 73
2026/07/28 14:03:24.448, 301.01, 100, 74232, 73
2026/07/28 14:03:25.485, 304.32, 100, 74232, 73
2026/07/28 14:03:26.523, 297.44, 100, 74232, 73
2026/07/28 14:03:27.560, 303.45, 100, 74232, 74
2026/07/28 14:03:28.598, 302.48, 100, 74232, 74
2026/07/28 14:03:29.635, 302.21, 100, 74232, 74
2026/07/28 14:03:30.674, 304.50, 100, 74232, 74
2026/07/28 14:03:31.711, 303.82, 100, 74232, 74
2026/07/28 14:03:32.749, 303.56, 100, 74232, 74
2026/07/28 14:03:33.788, 303.17, 100, 74232, 74
2026/07/28 14:03:34.824, 306.05, 100, 74232, 74
2026/07/28 14:03:35.860, 302.96, 100, 74232, 74
2026/07/28 14:03:36.897, 302.94, 100, 74232, 74
2026/07/28 14:03:37.935, 302.30, 100, 74232, 74
2026/07/28 14:03:38.973, 298.78, 100, 74232, 74
2026/07/28 14:03:40.012, 297.71, 100, 74232, 74
2026/07/28 14:03:41.051, 295.22, 100, 74232, 74
2026/07/28 14:03:42.089, 296.49, 100, 74232, 74
2026/07/28 14:03:43.128, 294.43, 100, 74232, 74
2026/07/28 14:03:44.169, 298.01, 100, 74232, 74
2026/07/28 14:03:45.207, 296.38, 100, 74232, 74
2026/07/28 14:03:46.245, 298.69, 100, 74232, 74
2026/07/28 14:03:47.286, 297.94, 100, 74232, 74
2026/07/28 14:03:48.326, 296.54, 100, 74232, 74
2026/07/28 14:03:49.362, 295.58, 100, 74232, 74
2026/07/28 14:03:50.400, 298.01, 100, 74232, 74
2026/07/28 14:03:51.436, 296.36, 100, 74232, 74
2026/07/28 14:03:52.475, 298.70, 100, 74232, 74
2026/07/28 14:03:53.512, 296.67, 100, 74232, 74
2026/07/28 14:03:54.554, 295.88, 100, 74232, 74
2026/07/28 14:03:55.592, 298.59, 100, 74232, 74
2026/07/28 14:03:56.629, 297.14, 100, 74232, 74
2026/07/28 14:03:57.667, 299.16, 100, 74232, 75
2026/07/28 14:03:58.706, 296.94, 100, 74232, 75
2026/07/28 14:03:59.744, 299.95, 100, 74232, 75
2026/07/28 14:04:00.783, 304.61, 100, 74232, 75
2026/07/28 14:04:01.821, 305.86, 100, 74232, 75
2026/07/28 14:04:02.859, 305.28, 100, 74232, 75
2026/07/28 14:04:03.897, 308.21, 100, 74232, 75
2026/07/28 14:04:04.935, 304.11, 100, 74232, 75
2026/07/28 14:04:05.977, 303.62, 100, 74232, 75
2026/07/28 14:04:07.015, 309.72, 100, 74232, 75
2026/07/28 14:04:08.053, 304.22, 100, 74232, 75
2026/07/28 14:04:09.093, 297.14, 100, 74232, 75
2026/07/28 14:04:10.132, 304.18, 100, 74232, 76
2026/07/28 14:04:11.169, 297.70, 100, 74232, 76
2026/07/28 14:04:12.208, 295.97, 100, 74232, 77
2026/07/28 14:04:13.244, 295.40, 100, 74232, 76
2026/07/28 14:04:14.279, 286.76, 100, 74232, 77
2026/07/28 14:04:15.315, 299.93, 100, 74232, 77
2026/07/28 14:04:16.356, 292.76, 100, 74232, 75
2026/07/28 14:04:17.393, 290.93, 100, 74232, 75
2026/07/28 14:04:18.431, 291.31, 100, 74232, 75
2026/07/28 14:04:19.469, 300.14, 100, 74232, 75
2026/07/28 14:04:20.506, 291.14, 100, 74232, 75
2026/07/28 14:04:21.543, 292.21, 100, 74232, 75
2026/07/28 14:04:22.581, 289.67, 100, 74232, 75
2026/07/28 14:04:23.620, 292.69, 100, 74232, 75
2026/07/28 14:04:24.656, 291.90, 100, 74232, 75
2026/07/28 14:04:25.695, 299.09, 100, 74232, 75
2026/07/28 14:04:26.732, 298.61, 100, 74232, 75
2026/07/28 14:04:27.770, 101.15, 80, 74232, 73
2026/07/28 14:04:28.803, 293.56, 100, 74232, 76
2026/07/28 14:04:29.841, 297.22, 100, 74232, 76
2026/07/28 14:04:30.875, 294.42, 100, 74232, 77
2026/07/28 14:04:31.910, 296.04, 100, 74232, 77
2026/07/28 14:04:32.949, 295.51, 100, 74232, 77
2026/07/28 14:04:33.984, 321.04, 100, 74232, 77
2026/07/28 14:04:35.018, 290.61, 100, 74232, 77
2026/07/28 14:04:36.052, 305.26, 100, 74232, 75
2026/07/28 14:04:37.089, 296.07, 100, 74232, 75
2026/07/28 14:04:38.125, 302.87, 100, 74232, 75
2026/07/28 14:04:39.166, 298.10, 100, 74232, 75
2026/07/28 14:04:40.204, 309.25, 29, 74232, 76
2026/07/28 14:04:41.238, 293.37, 100, 74232, 77
2026/07/28 14:04:42.272, 309.20, 100, 74232, 77
2026/07/28 14:04:43.306, 308.50, 100, 74232, 77
2026/07/28 14:04:44.345, 275.86, 100, 74232, 76
2026/07/28 14:04:45.378, 285.68, 100, 74232, 76
2026/07/28 14:04:46.414, 287.20, 100, 74232, 76
2026/07/28 14:04:47.450, 298.63, 100, 74232, 75
2026/07/28 14:04:48.488, 297.64, 100, 74232, 75
2026/07/28 14:04:49.525, 298.52, 100, 74232, 75
2026/07/28 14:04:50.562, 298.39, 100, 74232, 75
2026/07/28 14:04:51.599, 298.89, 100, 74232, 75
2026/07/28 14:04:52.636, 298.69, 100, 74232, 75
2026/07/28 14:04:53.674, 103.61, 76, 74232, 73
2026/07/28 14:04:54.772, 300.38, 100, 74232, 77
2026/07/28 14:04:55.807, 293.74, 100, 74232, 77
2026/07/28 14:04:56.844, 298.00, 100, 74232, 77
2026/07/28 14:04:57.878, 305.19, 100, 74232, 77
2026/07/28 14:04:58.918, 295.97, 100, 74232, 77
2026/07/28 14:04:59.952, 302.19, 100, 74232, 77
2026/07/28 14:05:00.988, 296.17, 100, 74232, 77
2026/07/28 14:05:02.024, 300.62, 100, 74232, 75
2026/07/28 14:05:03.062, 307.44, 100, 74232, 75
2026/07/28 14:05:04.111, 307.11, 100, 74232, 75
2026/07/28 14:05:05.149, 299.68, 59, 74232, 76
2026/07/28 14:05:06.184, 284.61, 100, 74232, 77
2026/07/28 14:05:07.217, 271.11, 100, 74232, 77
2026/07/28 14:05:08.251, 310.02, 100, 74232, 77
2026/07/28 14:05:09.286, 302.08, 100, 74232, 77
2026/07/28 14:05:10.322, 293.47, 100, 74232, 77
2026/07/28 14:05:11.359, 298.44, 100, 74232, 77
2026/07/28 14:05:12.398, 302.39, 100, 74232, 75
2026/07/28 14:05:13.437, 299.76, 100, 74232, 75
2026/07/28 14:05:14.476, 299.65, 100, 74232, 75
2026/07/28 14:05:15.513, 299.40, 100, 74232, 76
2026/07/28 14:05:16.551, 292.29, 88, 74232, 77
2026/07/28 14:05:17.585, 295.98, 100, 74232, 77
2026/07/28 14:05:18.619, 296.26, 100, 74232, 77
2026/07/28 14:05:19.656, 285.66, 100, 74232, 77
2026/07/28 14:05:20.690, 273.32, 100, 74232, 77
2026/07/28 14:05:21.725, 300.26, 100, 74232, 77
2026/07/28 14:05:22.763, 264.37, 100, 74232, 77
2026/07/28 14:05:23.799, 299.48, 100, 74232, 75
2026/07/28 14:05:24.839, 296.08, 100, 74232, 75
2026/07/28 14:05:25.880, 303.92, 100, 74232, 75
2026/07/28 14:05:26.920, 299.56, 100, 74232, 75
2026/07/28 14:05:27.957, 300.44, 100, 74232, 75
2026/07/28 14:05:28.996, 294.43, 100, 74232, 75
2026/07/28 14:05:30.036, 298.98, 100, 74232, 75
2026/07/28 14:05:31.074, 306.63, 100, 74232, 75
2026/07/28 14:05:32.111, 299.78, 100, 74232, 75
2026/07/28 14:05:33.148, 303.55, 100, 74232, 75
2026/07/28 14:05:34.185, 306.92, 100, 74232, 75
2026/07/28 14:05:35.224, 306.82, 100, 74232, 75
2026/07/28 14:05:36.260, 298.96, 100, 74232, 75
2026/07/28 14:05:37.299, 300.05, 100, 74232, 75
2026/07/28 14:05:38.338, 297.91, 100, 74232, 75
2026/07/28 14:05:39.376, 298.01, 100, 74232, 75
2026/07/28 14:05:40.413, 297.73, 100, 74232, 75
2026/07/28 14:05:41.451, 298.80, 100, 74232, 75
2026/07/28 14:05:42.487, 297.52, 100, 74232, 75
2026/07/28 14:05:43.524, 300.32, 100, 74232, 75
2026/07/28 14:05:44.561, 299.98, 100, 74232, 75
2026/07/28 14:05:45.599, 298.24, 100, 74232, 75
2026/07/28 14:05:46.636, 300.52, 100, 74232, 75
2026/07/28 14:05:47.673, 299.15, 100, 74232, 75
2026/07/28 14:05:48.710, 298.12, 100, 74232, 75
2026/07/28 14:05:49.749, 299.35, 100, 74232, 75
2026/07/28 14:05:50.787, 300.34, 100, 74232, 75
2026/07/28 14:05:51.824, 297.81, 100, 74232, 75
2026/07/28 14:05:52.862, 297.05, 100, 74232, 75
2026/07/28 14:05:53.899, 300.04, 100, 74232, 75
2026/07/28 14:05:54.937, 299.20, 100, 74232, 75
2026/07/28 14:05:55.975, 298.86, 100, 74232, 75
2026/07/28 14:05:57.013, 298.77, 100, 74232, 75
2026/07/28 14:05:58.051, 298.01, 100, 74232, 75
2026/07/28 14:05:59.090, 299.98, 100, 74232, 75
2026/07/28 14:06:00.127, 306.20, 100, 74232, 75
2026/07/28 14:06:01.165, 300.05, 100, 74232, 74
2026/07/28 14:06:02.202, 304.10, 100, 74232, 74
2026/07/28 14:06:03.240, 296.34, 100, 74232, 74
2026/07/28 14:06:04.277, 296.47, 100, 74232, 74
2026/07/28 14:06:05.314, 298.21, 100, 74232, 74
2026/07/28 14:06:06.351, 297.12, 100, 74232, 74
2026/07/28 14:06:07.388, 299.45, 100, 74232, 74
2026/07/28 14:06:08.425, 296.65, 100, 74232, 74
2026/07/28 14:06:09.461, 296.96, 100, 74232, 74
2026/07/28 14:06:10.501, 298.67, 100, 74232, 74
2026/07/28 14:06:11.538, 299.56, 100, 74232, 74
2026/07/28 14:06:12.574, 297.32, 100, 74232, 74
2026/07/28 14:06:13.611, 295.11, 100, 74232, 74
2026/07/28 14:06:14.648, 293.17, 100, 74232, 74
2026/07/28 14:06:15.686, 293.09, 100, 74232, 74
2026/07/28 14:06:16.728, 292.87, 100, 74232, 74
2026/07/28 14:06:17.765, 295.68, 100, 74232, 74
2026/07/28 14:06:18.802, 297.44, 100, 74232, 74
2026/07/28 14:06:19.840, 295.49, 100, 74232, 74
2026/07/28 14:06:20.877, 291.80, 100, 74232, 74
2026/07/28 14:06:21.913, 295.02, 100, 74232, 74
2026/07/28 14:06:22.950, 296.74, 100, 74232, 73
2026/07/28 14:06:23.987, 305.45, 100, 74232, 73
2026/07/28 14:06:25.024, 303.43, 100, 74232, 73
2026/07/28 14:06:26.063, 297.52, 100, 74232, 73
2026/07/28 14:06:27.100, 296.93, 100, 74232, 73
2026/07/28 14:06:28.137, 295.69, 100, 74232, 73
2026/07/28 14:06:29.175, 296.28, 100, 74232, 73
2026/07/28 14:06:30.211, 294.60, 100, 74232, 73
2026/07/28 14:06:31.250, 296.17, 100, 74232, 73
2026/07/28 14:06:32.288, 301.29, 100, 74232, 73
2026/07/28 14:06:33.327, 302.27, 100, 74232, 73
2026/07/28 14:06:34.365, 301.70, 100, 74232, 73
2026/07/28 14:06:35.402, 301.70, 100, 74232, 73
2026/07/28 14:06:36.440, 301.78, 100, 74232, 73
2026/07/28 14:06:37.477, 304.11, 100, 74232, 72
2026/07/28 14:06:38.517, 301.39, 100, 74232, 72
2026/07/28 14:06:39.554, 300.70, 100, 74232, 72
2026/07/28 14:06:40.599, 296.38, 100, 74232, 72
2026/07/28 14:06:41.638, 288.90, 100, 74232, 72
2026/07/28 14:06:42.679, 288.04, 100, 74232, 72
2026/07/28 14:06:43.716, 293.73, 100, 74232, 72
2026/07/28 14:06:44.753, 292.67, 100, 74232, 72
2026/07/28 14:06:45.791, 287.71, 100, 74232, 72
2026/07/28 14:06:46.829, 298.52, 100, 74232, 72
2026/07/28 14:06:47.866, 291.69, 100, 74232, 72
2026/07/28 14:06:48.905, 299.17, 100, 74232, 72
2026/07/28 14:06:49.942, 299.58, 100, 74232, 72
2026/07/28 14:06:50.982, 308.07, 100, 74232, 72
2026/07/28 14:06:52.018, 298.86, 100, 74232, 71
2026/07/28 14:06:53.055, 298.59, 100, 74232, 71
2026/07/28 14:06:54.092, 308.48, 100, 74232, 71
2026/07/28 14:06:55.129, 299.86, 100, 74232, 71
2026/07/28 14:06:56.167, 302.66, 100, 74232, 71
2026/07/28 14:06:57.203, 304.20, 100, 74232, 71
2026/07/28 14:06:58.240, 299.45, 100, 74232, 71
2026/07/28 14:06:59.277, 298.13, 100, 74232, 71
2026/07/28 14:07:00.314, 299.38, 100, 74232, 71
2026/07/28 14:07:01.351, 299.36, 100, 74232, 71
2026/07/28 14:07:02.387, 298.01, 100, 74232, 71
2026/07/28 14:07:03.424, 298.49, 100, 74232, 71
2026/07/28 14:07:04.462, 299.27, 100, 74232, 71
2026/07/28 14:07:05.499, 298.98, 100, 74232, 71
2026/07/28 14:07:06.536, 298.03, 100, 74232, 71
2026/07/28 14:07:07.572, 298.12, 100, 74232, 71
2026/07/28 14:07:08.609, 299.85, 100, 74232, 71
2026/07/28 14:07:09.647, 303.54, 100, 74232, 71
2026/07/28 14:07:10.683, 294.53, 100, 74232, 72
2026/07/28 14:07:11.719, 290.54, 100, 74232, 72
2026/07/28 14:07:12.753, 289.49, 100, 74232, 72
2026/07/28 14:07:13.788, 325.33, 100, 74232, 72
2026/07/28 14:07:14.827, 306.33, 100, 74232, 72
2026/07/28 14:07:15.861, 299.01, 100, 74232, 71
2026/07/28 14:07:16.897, 292.47, 100, 74232, 71
2026/07/28 14:07:17.933, 305.08, 100, 74232, 71
2026/07/28 14:07:18.970, 298.49, 100, 74232, 71
2026/07/28 14:07:20.007, 296.06, 100, 74232, 71
2026/07/28 14:07:21.043, 302.61, 100, 74232, 71
2026/07/28 14:07:22.080, 296.37, 100, 74232, 71
2026/07/28 14:07:23.117, 293.76, 100, 74232, 71
2026/07/28 14:07:24.156, 295.30, 100, 74232, 71
2026/07/28 14:07:25.194, 296.75, 100, 74232, 72
2026/07/28 14:07:26.230, 299.96, 100, 74232, 72
2026/07/28 14:07:27.271, 300.24, 100, 74232, 72
2026/07/28 14:07:28.308, 300.82, 100, 74232, 72
2026/07/28 14:07:29.344, 301.98, 100, 74232, 72
2026/07/28 14:07:30.381, 301.61, 100, 74232, 72
2026/07/28 14:07:31.417, 290.73, 100, 74232, 72
2026/07/28 14:07:32.454, 293.75, 100, 74232, 72
2026/07/28 14:07:33.492, 291.32, 100, 74232, 72
2026/07/28 14:07:34.532, 294.24, 100, 74232, 73
2026/07/28 14:07:35.568, 300.92, 100, 74232, 73
2026/07/28 14:07:36.605, 295.12, 100, 74232, 73
2026/07/28 14:07:37.642, 304.49, 100, 74232, 73
2026/07/28 14:07:38.680, 301.98, 100, 74232, 73
2026/07/28 14:07:39.717, 303.17, 100, 74232, 73
2026/07/28 14:07:40.753, 299.86, 100, 74232, 73
2026/07/28 14:07:41.790, 303.83, 100, 74232, 73
2026/07/28 14:07:42.827, 297.73, 100, 74232, 73
2026/07/28 14:07:43.866, 295.89, 100, 74232, 73
2026/07/28 14:07:44.903, 296.27, 100, 74232, 73
2026/07/28 14:07:45.941, 295.80, 100, 74232, 73
2026/07/28 14:07:46.979, 295.78, 100, 74232, 73
2026/07/28 14:07:48.016, 297.15, 100, 74232, 74
2026/07/28 14:07:49.053, 295.88, 100, 74232, 74
2026/07/28 14:07:50.092, 297.61, 100, 74232, 74
2026/07/28 14:07:51.128, 296.66, 100, 74232, 74
2026/07/28 14:07:52.167, 296.85, 100, 74232, 74
2026/07/28 14:07:53.203, 303.64, 100, 74232, 74
2026/07/28 14:07:54.241, 304.30, 100, 74232, 74
2026/07/28 14:07:55.278, 298.12, 100, 74232, 74
2026/07/28 14:07:56.317, 297.34, 100, 74232, 74
2026/07/28 14:07:57.355, 293.55, 100, 74232, 74
2026/07/28 14:07:58.393, 296.77, 100, 74232, 74
2026/07/28 14:07:59.431, 298.00, 100, 74232, 74
2026/07/28 14:08:00.470, 303.84, 100, 74232, 74
2026/07/28 14:08:01.506, 306.26, 100, 74232, 74
2026/07/28 14:08:02.544, 302.85, 100, 74232, 76
2026/07/28 14:08:03.584, 295.10, 100, 74232, 76
2026/07/28 14:08:04.620, 299.30, 100, 74232, 76
2026/07/28 14:08:05.654, 317.73, 100, 74232, 76
2026/07/28 14:08:06.689, 298.96, 100, 74232, 76
2026/07/28 14:08:07.725, 280.93, 100, 74232, 76
2026/07/28 14:08:08.766, 304.60, 100, 74232, 75
2026/07/28 14:08:09.803, 305.58, 100, 74232, 75
2026/07/28 14:08:10.839, 304.52, 100, 74232, 75
2026/07/28 14:08:11.874, 305.18, 100, 74232, 75
2026/07/28 14:08:12.911, 303.91, 100, 74232, 75
2026/07/28 14:08:13.947, 301.73, 100, 74232, 75
2026/07/28 14:08:14.985, 301.33, 100, 74232, 75
2026/07/28 14:08:16.022, 305.20, 100, 74232, 75
2026/07/28 14:08:17.059, 297.53, 100, 74232, 75
2026/07/28 14:08:18.096, 298.61, 100, 74232, 75
2026/07/28 14:08:19.133, 287.24, 85, 74232, 76
2026/07/28 14:08:20.168, 297.02, 100, 74232, 77
2026/07/28 14:08:21.203, 294.55, 100, 74232, 77
2026/07/28 14:08:22.237, 300.42, 100, 74232, 77
2026/07/28 14:08:23.272, 298.57, 100, 74232, 77
2026/07/28 14:08:24.307, 292.97, 100, 74232, 77
2026/07/28 14:08:25.352, 302.45, 100, 74232, 75
2026/07/28 14:08:26.389, 291.32, 100, 74232, 75
2026/07/28 14:08:27.429, 290.74, 100, 74232, 75
2026/07/28 14:08:28.467, 290.55, 100, 74232, 75
2026/07/28 14:08:29.507, 299.11, 100, 74232, 75
2026/07/28 14:08:30.544, 381.04, 26, 74232, 76
2026/07/28 14:08:31.582, 293.07, 100, 74232, 77
2026/07/28 14:08:32.617, 296.36, 100, 74232, 77
2026/07/28 14:08:33.652, 312.10, 100, 74232, 77
2026/07/28 14:08:34.694, 290.62, 100, 74232, 77
2026/07/28 14:08:35.729, 310.25, 100, 74232, 77
2026/07/28 14:08:36.763, 298.87, 100, 74232, 77
2026/07/28 14:08:37.800, 292.28, 100, 74232, 75
2026/07/28 14:08:38.839, 299.74, 100, 74232, 75
2026/07/28 14:08:39.878, 299.11, 100, 74232, 75
2026/07/28 14:08:40.915, 299.67, 100, 74232, 75
2026/07/28 14:08:41.952, 302.56, 100, 74232, 77
2026/07/28 14:08:42.990, 308.34, 100, 74232, 77
2026/07/28 14:08:44.029, 284.62, 100, 74232, 77
2026/07/28 14:08:45.066, 302.83, 100, 74232, 77
2026/07/28 14:08:46.102, 292.00, 100, 74232, 77
2026/07/28 14:08:47.136, 301.69, 100, 74232, 77
2026/07/28 14:08:48.172, 241.68, 100, 74232, 75
2026/07/28 14:08:49.211, 280.12, 100, 74232, 75
2026/07/28 14:08:50.249, 292.88, 100, 74232, 75
2026/07/28 14:08:51.287, 299.37, 100, 74232, 75
2026/07/28 14:08:52.324, 306.85, 100, 74232, 77
2026/07/28 14:08:53.360, 307.98, 100, 74232, 77
2026/07/28 14:08:54.396, 292.86, 100, 74232, 77
2026/07/28 14:08:55.431, 306.64, 100, 74232, 77
2026/07/28 14:08:56.466, 288.21, 100, 74232, 77
2026/07/28 14:08:57.502, 279.07, 100, 74232, 77
2026/07/28 14:08:58.541, 279.94, 100, 74232, 77
2026/07/28 14:08:59.577, 303.35, 100, 74232, 76
2026/07/28 14:09:00.615, 299.86, 100, 74232, 76
2026/07/28 14:09:01.652, 301.50, 100, 74232, 76
2026/07/28 14:09:02.692, 288.29, 100, 74232, 76
2026/07/28 14:09:03.730, 289.68, 100, 74232, 76
2026/07/28 14:09:04.769, 291.90, 100, 74232, 76
2026/07/28 14:09:05.808, 300.92, 100, 74232, 76
2026/07/28 14:09:06.847, 300.18, 100, 74232, 76
2026/07/28 14:09:07.888, 297.81, 100, 74232, 76
2026/07/28 14:09:08.926, 299.87, 100, 74232, 76
2026/07/28 14:09:09.965, 300.33, 100, 74232, 76
2026/07/28 14:09:11.003, 300.66, 100, 74232, 76
2026/07/28 14:09:12.040, 300.82, 100, 74232, 76
2026/07/28 14:09:13.079, 301.80, 100, 74232, 76
2026/07/28 14:09:14.117, 300.45, 100, 74232, 76
2026/07/28 14:09:15.158, 302.60, 100, 74232, 76
2026/07/28 14:09:16.196, 299.98, 100, 74232, 76
2026/07/28 14:09:17.234, 298.50, 100, 74232, 76
2026/07/28 14:09:18.273, 300.83, 100, 74232, 76
2026/07/28 14:09:19.312, 297.70, 100, 74232, 76
2026/07/28 14:09:20.353, 300.82, 100, 74232, 76
2026/07/28 14:09:21.392, 297.32, 100, 74232, 76
2026/07/28 14:09:22.431, 300.17, 100, 74232, 76
2026/07/28 14:09:23.468, 103.19, 73, 74232, 73
2026/07/28 14:09:24.501, 104.11, 0, 74232, 72
2026/07/28 14:09:25.534, 101.94, 0, 74232, 72
2026/07/28 14:09:26.566, 101.27, 0, 74232, 71
2026/07/28 14:09:27.598, 100.49, 0, 74232, 70
2026/07/28 14:09:28.631, 98.69, 0, 74232, 70
2026/07/28 14:09:29.663, 98.40, 0, 74232, 69
2026/07/28 14:09:30.698, 97.89, 0, 74232, 69
2026/07/28 14:09:31.730, 97.96, 0, 74232, 68
2026/07/28 14:09:32.762, 96.00, 0, 74232, 68
2026/07/28 14:09:33.794, 96.58, 0, 74232, 68
2026/07/28 14:09:34.828, 96.13, 0, 74232, 67
2026/07/28 14:09:35.860, 94.70, 0, 74232, 67
2026/07/28 14:09:36.891, 93.86, 0, 74232, 66
2026/07/28 14:09:37.925, 94.53, 0, 74232, 66
2026/07/28 14:09:38.955, 93.55, 0, 74232, 66
2026/07/28 14:09:39.986, 92.77, 0, 74232, 65
2026/07/28 14:09:41.017, 93.22, 0, 74232, 65
2026/07/28 14:09:42.049, 92.34, 0, 74232, 65
2026/07/28 14:09:43.080, 91.32, 0, 74232, 64
2026/07/28 14:09:44.111, 90.67, 0, 74232, 64
2026/07/28 14:09:45.143, 91.47, 0, 74232, 64
2026/07/28 14:09:46.173, 90.26, 0, 74232, 63
2026/07/28 14:09:47.203, 90.71, 0, 74232, 63
2026/07/28 14:09:48.232, 89.83, 0, 74232, 63
2026/07/28 14:09:49.262, 89.39, 0, 74232, 62
2026/07/28 14:09:50.293, 90.10, 0, 74232, 62
2026/07/28 14:09:51.323, 89.90, 0, 74232, 62
2026/07/28 14:09:52.355, 301.20, 100, 74232, 67
2026/07/28 14:09:53.390, 312.96, 100, 74232, 68
2026/07/28 14:09:54.429, 309.01, 100, 74232, 68
2026/07/28 14:09:55.463, 278.40, 100, 74232, 68
2026/07/28 14:09:56.499, 292.39, 100, 74232, 66
2026/07/28 14:09:57.541, 298.40, 100, 74232, 67
2026/07/28 14:09:58.580, 301.38, 100, 74232, 67
2026/07/28 14:09:59.616, 301.50, 100, 74232, 67
2026/07/28 14:10:00.654, 302.74, 100, 74232, 67
2026/07/28 14:10:01.690, 299.45, 100, 74232, 67
2026/07/28 14:10:02.728, 295.39, 100, 74232, 68
2026/07/28 14:10:03.765, 295.77, 100, 74232, 68
2026/07/28 14:10:04.804, 296.57, 100, 74232, 68
2026/07/28 14:10:05.842, 300.64, 100, 74232, 68
2026/07/28 14:10:06.879, 301.92, 100, 74232, 69
2026/07/28 14:10:07.916, 302.79, 100, 74232, 70
2026/07/28 14:10:08.952, 297.62, 100, 74232, 71
2026/07/28 14:10:09.987, 300.71, 100, 74232, 71
2026/07/28 14:10:11.023, 287.23, 100, 74232, 71
2026/07/28 14:10:12.060, 304.83, 100, 74232, 71
2026/07/28 14:10:13.096, 304.62, 100, 74232, 70
2026/07/28 14:10:14.135, 306.34, 100, 74232, 70
2026/07/28 14:10:15.172, 305.96, 100, 74232, 72
2026/07/28 14:10:16.208, 306.05, 100, 74232, 72
2026/07/28 14:10:17.245, 305.60, 100, 74232, 72
2026/07/28 14:10:18.281, 278.23, 100, 74232, 72
2026/07/28 14:10:19.316, 297.21, 100, 74232, 72
2026/07/28 14:10:20.350, 301.29, 100, 74232, 72
2026/07/28 14:10:21.385, 296.74, 100, 74232, 72
2026/07/28 14:10:22.422, 300.56, 100, 74232, 71
2026/07/28 14:10:23.459, 301.42, 100, 74232, 71
2026/07/28 14:10:24.497, 290.07, 100, 74232, 71
2026/07/28 14:10:25.535, 293.77, 100, 74232, 71
2026/07/28 14:10:26.572, 294.99, 100, 74232, 71
2026/07/28 14:10:27.610, 300.92, 100, 74232, 71
2026/07/28 14:10:28.647, 301.79, 100, 74232, 72
2026/07/28 14:10:29.686, 299.07, 100, 74232, 72
2026/07/28 14:10:30.723, 304.11, 100, 74232, 72
2026/07/28 14:10:31.761, 298.81, 100, 74232, 72
2026/07/28 14:10:32.799, 299.48, 100, 74232, 72
2026/07/28 14:10:33.836, 304.31, 100, 74232, 72
2026/07/28 14:10:34.874, 296.44, 100, 74232, 72
2026/07/28 14:10:35.911, 305.57, 100, 74232, 72
2026/07/28 14:10:36.950, 296.85, 100, 74232, 72
2026/07/28 14:10:37.988, 295.88, 100, 74232, 72
2026/07/28 14:10:39.028, 295.98, 100, 74232, 73
2026/07/28 14:10:40.065, 297.23, 100, 74232, 73
2026/07/28 14:10:41.102, 305.47, 100, 74232, 73
2026/07/28 14:10:42.140, 277.05, 100, 74232, 74
2026/07/28 14:10:43.191, 298.25, 100, 74232, 75
2026/07/28 14:10:44.229, 295.13, 100, 74232, 75
2026/07/28 14:10:45.266, 286.54, 100, 74232, 75
2026/07/28 14:10:46.302, 298.49, 100, 74232, 75
2026/07/28 14:10:47.337, 279.05, 100, 74232, 75
2026/07/28 14:10:48.374, 292.54, 100, 74232, 75
2026/07/28 14:10:49.414, 305.51, 100, 74232, 74
2026/07/28 14:10:50.454, 306.24, 100, 74232, 74
2026/07/28 14:10:51.491, 305.19, 100, 74232, 74
2026/07/28 14:10:52.528, 300.14, 100, 74232, 74
2026/07/28 14:10:53.566, 304.31, 100, 74232, 74
2026/07/28 14:10:54.607, 293.35, 100, 74232, 74
2026/07/28 14:10:55.646, 293.55, 100, 74232, 74
2026/07/28 14:10:56.684, 297.15, 100, 74232, 74
2026/07/28 14:10:57.720, 304.60, 100, 74232, 74
2026/07/28 14:10:58.756, 304.49, 100, 74232, 74
2026/07/28 14:10:59.793, 303.35, 100, 74232, 74
2026/07/28 14:11:00.828, 297.82, 100, 74232, 74
2026/07/28 14:11:01.866, 304.79, 100, 74232, 74
2026/07/28 14:11:02.904, 296.48, 100, 74232, 74
2026/07/28 14:11:03.942, 295.96, 100, 74232, 76
2026/07/28 14:11:04.978, 303.23, 100, 74232, 76
2026/07/28 14:11:06.014, 300.15, 100, 74232, 76
2026/07/28 14:11:07.049, 290.34, 100, 74232, 76
2026/07/28 14:11:08.084, 279.53, 100, 74232, 76
2026/07/28 14:11:09.119, 297.78, 100, 74232, 76
2026/07/28 14:11:10.154, 324.43, 100, 74232, 77
2026/07/28 14:11:11.191, 299.75, 100, 74232, 74
2026/07/28 14:11:12.228, 306.82, 100, 74232, 74
2026/07/28 14:11:13.265, 298.22, 100, 74232, 75
2026/07/28 14:11:14.301, 298.31, 100, 74232, 75
2026/07/28 14:11:15.338, 103.68, 0, 74232, 72
2026/07/28 14:11:16.372, 299.55, 100, 74232, 74
2026/07/28 14:11:17.408, 299.26, 100, 74232, 74
2026/07/28 14:11:18.446, 302.01, 100, 74232, 75
2026/07/28 14:11:19.483, 305.85, 100, 74232, 75
2026/07/28 14:11:20.523, 296.14, 100, 74232, 75
2026/07/28 14:11:21.560, 294.60, 100, 74232, 75
2026/07/28 14:11:22.597, 299.45, 100, 74232, 75
2026/07/28 14:11:23.634, 297.80, 100, 74232, 75
2026/07/28 14:11:24.671, 293.05, 100, 74232, 75
2026/07/28 14:11:25.710, 297.90, 100, 74232, 75
2026/07/28 14:11:26.748, 293.08, 100, 74232, 75
2026/07/28 14:11:27.790, 296.09, 100, 74232, 75
2026/07/28 14:11:28.826, 298.49, 100, 74232, 75
2026/07/28 14:11:29.864, 297.34, 100, 74232, 75
2026/07/28 14:11:30.902, 301.29, 100, 74232, 75
2026/07/28 14:11:31.938, 297.82, 100, 74232, 75
2026/07/28 14:11:32.977, 297.92, 100, 74232, 75
2026/07/28 14:11:34.016, 299.08, 100, 74232, 75
2026/07/28 14:11:35.055, 297.63, 100, 74232, 75
2026/07/28 14:11:36.094, 305.85, 100, 74232, 75
2026/07/28 14:11:37.132, 302.95, 100, 74232, 75
2026/07/28 14:11:38.172, 304.20, 100, 74232, 75
2026/07/28 14:11:39.210, 297.42, 100, 74232, 75
2026/07/28 14:11:40.247, 299.83, 100, 74232, 75
2026/07/28 14:11:41.285, 295.47, 100, 74232, 75
2026/07/28 14:11:42.322, 302.59, 100, 74232, 75
2026/07/28 14:11:43.363, 307.02, 100, 74232, 75
2026/07/28 14:11:44.400, 304.30, 100, 74232, 75
2026/07/28 14:11:45.440, 302.39, 100, 74232, 75
2026/07/28 14:11:46.478, 304.62, 100, 74232, 75
2026/07/28 14:11:47.514, 305.90, 100, 74232, 75
2026/07/28 14:11:48.552, 304.13, 100, 74232, 75
2026/07/28 14:11:49.589, 295.01, 100, 74232, 75
2026/07/28 14:11:50.626, 298.70, 100, 74232, 75
2026/07/28 14:11:51.664, 299.85, 100, 74232, 75
2026/07/28 14:11:52.701, 293.05, 100, 74232, 75
2026/07/28 14:11:53.738, 299.94, 100, 74232, 75
2026/07/28 14:11:54.775, 302.85, 100, 74232, 75
2026/07/28 14:11:55.814, 297.63, 100, 74232, 75
2026/07/28 14:11:56.852, 296.36, 100, 74232, 75
2026/07/28 14:11:57.893, 298.69, 100, 74232, 75
2026/07/28 14:11:58.931, 298.81, 100, 74232, 75
2026/07/28 14:11:59.968, 299.08, 100, 74232, 75
2026/07/28 14:12:01.007, 297.43, 100, 74232, 75
2026/07/28 14:12:02.044, 295.18, 100, 74232, 75
2026/07/28 14:12:03.085, 299.40, 100, 74232, 75
2026/07/28 14:12:04.123, 304.61, 100, 74232, 75
2026/07/28 14:12:05.160, 297.33, 100, 74232, 75
2026/07/28 14:12:06.200, 298.11, 100, 74232, 75
2026/07/28 14:12:07.237, 300.27, 100, 74232, 75
2026/07/28 14:12:08.275, 298.80, 100, 74232, 75
2026/07/28 14:12:09.312, 301.24, 100, 74232, 75
2026/07/28 14:12:10.350, 298.13, 100, 74232, 75
2026/07/28 14:12:11.387, 299.07, 100, 74232, 75
2026/07/28 14:12:12.424, 297.93, 100, 74232, 75
2026/07/28 14:12:13.461, 297.83, 100, 74232, 75
2026/07/28 14:12:14.499, 298.31, 100, 74232, 75
2026/07/28 14:12:15.536, 300.27, 100, 74232, 75
2026/07/28 14:12:16.576, 298.77, 100, 74232, 75
2026/07/28 14:12:17.614, 299.68, 100, 74232, 75
2026/07/28 14:12:18.651, 299.17, 100, 74232, 75
2026/07/28 14:12:19.690, 299.10, 100, 74232, 75
2026/07/28 14:12:20.727, 298.01, 100, 74232, 75
2026/07/28 14:12:21.764, 298.11, 100, 74232, 75
2026/07/28 14:12:22.801, 300.34, 100, 74232, 75
2026/07/28 14:12:23.839, 300.04, 100, 74232, 75
2026/07/28 14:12:24.875, 297.92, 100, 74232, 75
2026/07/28 14:12:25.912, 300.23, 100, 74232, 75
2026/07/28 14:12:26.948, 298.68, 100, 74232, 75
2026/07/28 14:12:27.985, 304.98, 100, 74232, 75
2026/07/28 14:12:29.021, 303.42, 100, 74232, 75
2026/07/28 14:12:30.059, 163.29, 80, 74232, 77
2026/07/28 14:12:31.174, 283.56, 100, 74232, 77
2026/07/28 14:12:32.209, 293.17, 100, 74232, 76
2026/07/28 14:12:33.244, 302.35, 100, 74232, 76
2026/07/28 14:12:34.279, 304.19, 100, 74232, 76
2026/07/28 14:12:35.313, 284.82, 100, 74232, 76
2026/07/28 14:12:36.349, 298.88, 100, 74232, 74
2026/07/28 14:12:37.386, 297.24, 100, 74232, 74
2026/07/28 14:12:38.423, 296.55, 100, 74232, 74
2026/07/28 14:12:39.461, 290.55, 100, 74232, 74
2026/07/28 14:12:40.501, 100.56, 0, 74232, 71
2026/07/28 14:12:41.533, 287.65, 100, 74232, 75
2026/07/28 14:12:42.568, 278.73, 100, 74232, 75
2026/07/28 14:12:43.604, 300.33, 100, 74232, 75
2026/07/28 14:12:44.640, 288.23, 100, 74232, 75
2026/07/28 14:12:45.675, 266.74, 100, 74232, 75
2026/07/28 14:12:46.710, 302.78, 100, 74232, 73
2026/07/28 14:12:47.747, 303.05, 100, 74232, 73
2026/07/28 14:12:48.785, 302.77, 100, 74232, 73
2026/07/28 14:12:49.823, 303.81, 100, 74232, 73
2026/07/28 14:12:50.862, 290.64, 100, 74232, 74
2026/07/28 14:12:51.908, 308.40, 100, 74232, 75
2026/07/28 14:12:52.944, 322.15, 100, 74232, 75
2026/07/28 14:12:53.979, 297.62, 100, 74232, 75
2026/07/28 14:12:55.015, 303.02, 100, 74232, 75
2026/07/28 14:12:56.049, 296.54, 100, 74232, 75
2026/07/28 14:12:57.085, 288.78, 100, 74232, 73
2026/07/28 14:12:58.123, 290.82, 100, 74232, 73
2026/07/28 14:12:59.161, 288.52, 100, 74232, 73
2026/07/28 14:13:00.202, 296.29, 100, 74232, 73
2026/07/28 14:13:01.240, 297.65, 100, 74232, 74
2026/07/28 14:13:02.277, 288.69, 100, 74232, 74
2026/07/28 14:13:03.316, 279.28, 93, 74232, 75
2026/07/28 14:13:04.351, 294.42, 100, 74232, 76
2026/07/28 14:13:05.385, 280.17, 100, 74232, 76
2026/07/28 14:13:06.420, 293.81, 100, 74232, 76
2026/07/28 14:13:07.456, 316.76, 100, 74232, 76
2026/07/28 14:13:08.490, 296.45, 100, 74232, 76
2026/07/28 14:13:09.532, 304.79, 100, 74232, 74
2026/07/28 14:13:10.571, 304.84, 100, 74232, 74
2026/07/28 14:13:11.608, 305.55, 100, 74232, 74
2026/07/28 14:13:12.646, 305.17, 100, 74232, 75
2026/07/28 14:13:13.683, 300.52, 100, 74232, 76
2026/07/28 14:13:14.719, 304.90, 100, 74232, 76
2026/07/28 14:13:15.753, 308.28, 100, 74232, 76
2026/07/28 14:13:16.788, 294.78, 100, 74232, 76
2026/07/28 14:13:17.824, 298.20, 100, 74232, 76
2026/07/28 14:13:18.864, 292.40, 100, 74232, 76
2026/07/28 14:13:19.899, 288.89, 100, 74232, 75
2026/07/28 14:13:20.938, 298.59, 100, 74232, 75
2026/07/28 14:13:21.977, 298.69, 100, 74232, 75
2026/07/28 14:13:23.015, 295.23, 7, 74232, 76
2026/07/28 14:13:24.050, 301.70, 100, 74232, 76
2026/07/28 14:13:25.087, 301.08, 100, 74232, 76
2026/07/28 14:13:26.122, 307.39, 100, 74232, 77
2026/07/28 14:13:27.158, 282.68, 100, 74232, 76
2026/07/28 14:13:28.195, 291.64, 100, 74232, 76
2026/07/28 14:13:29.231, 302.57, 100, 74232, 75
2026/07/28 14:13:30.268, 306.56, 100, 74232, 75
2026/07/28 14:13:31.307, 306.72, 100, 74232, 75
2026/07/28 14:13:32.345, 302.66, 100, 74232, 75
2026/07/28 14:13:33.384, 298.76, 100, 74232, 77
2026/07/28 14:13:34.419, 300.39, 100, 74232, 77
2026/07/28 14:13:35.454, 292.98, 100, 74232, 77
2026/07/28 14:13:36.490, 283.52, 100, 74232, 77
2026/07/28 14:13:37.530, 310.94, 100, 74232, 77
2026/07/28 14:13:38.564, 317.02, 100, 74232, 77
2026/07/28 14:13:39.599, 295.50, 100, 74232, 75
2026/07/28 14:13:40.638, 298.23, 100, 74232, 75
2026/07/28 14:13:41.676, 299.77, 100, 74232, 75
2026/07/28 14:13:42.712, 299.29, 100, 74232, 75
2026/07/28 14:13:43.750, 299.77, 100, 74232, 75
2026/07/28 14:13:44.786, 299.59, 100, 74232, 75
2026/07/28 14:13:45.823, 300.17, 100, 74232, 76
2026/07/28 14:13:46.860, 296.91, 100, 74232, 77
2026/07/28 14:13:47.898, 304.81, 100, 74232, 77
2026/07/28 14:13:48.932, 287.61, 100, 74232, 77
2026/07/28 14:13:49.967, 309.09, 100, 74232, 77
2026/07/28 14:13:51.005, 290.45, 100, 74232, 77
2026/07/28 14:13:52.039, 305.03, 100, 74232, 77
2026/07/28 14:13:53.075, 298.61, 100, 74232, 75
2026/07/28 14:13:54.115, 290.64, 100, 74232, 75
2026/07/28 14:13:55.152, 292.20, 100, 74232, 75
2026/07/28 14:13:56.190, 299.17, 100, 74232, 75
2026/07/28 14:13:57.227, 299.76, 100, 74232, 76
2026/07/28 14:13:58.265, 300.27, 100, 74232, 76
2026/07/28 14:13:59.303, 299.76, 100, 74232, 76
2026/07/28 14:14:00.341, 300.91, 100, 74232, 76
2026/07/28 14:14:01.378, 299.45, 100, 74232, 76
2026/07/28 14:14:02.416, 299.37, 100, 74232, 76
2026/07/28 14:14:03.456, 299.69, 100, 74232, 76
2026/07/28 14:14:04.493, 301.43, 100, 74232, 76
2026/07/28 14:14:05.531, 300.52, 100, 74232, 76
2026/07/28 14:14:06.568, 102.79, 0, 74232, 72
2026/07/28 14:14:07.600, 101.85, 0, 74232, 71
2026/07/28 14:14:08.632, 100.89, 0, 74232, 71
2026/07/28 14:14:09.663, 100.07, 0, 74232, 70
2026/07/28 14:14:10.695, 98.36, 0, 74232, 70
2026/07/28 14:14:11.727, 98.00, 0, 74232, 69
2026/07/28 14:14:12.758, 97.04, 0, 74232, 69
2026/07/28 14:14:13.792, 96.40, 0, 74232, 68
2026/07/28 14:14:14.823, 95.60, 0, 74232, 68
2026/07/28 14:14:15.855, 95.95, 0, 74232, 67
2026/07/28 14:14:16.887, 95.67, 0, 74232, 67
2026/07/28 14:14:17.919, 95.01, 0, 74232, 67
2026/07/28 14:14:18.951, 94.02, 0, 74232, 66
2026/07/28 14:14:19.983, 93.27, 0, 74232, 66
2026/07/28 14:14:21.014, 92.51, 0, 74232, 65
2026/07/28 14:14:22.044, 92.48, 0, 74232, 65
2026/07/28 14:14:23.075, 91.85, 0, 74232, 65
2026/07/28 14:14:24.153, 91.90, 0, 74232, 64
2026/07/28 14:14:25.185, 91.08, 0, 74232, 64
2026/07/28 14:14:26.216, 90.69, 0, 74232, 64
2026/07/28 14:14:27.247, 90.49, 0, 74232, 63
2026/07/28 14:14:28.279, 90.22, 0, 74232, 63
2026/07/28 14:14:29.311, 90.14, 0, 74232, 63
2026/07/28 14:14:30.341, 89.42, 0, 74232, 62
2026/07/28 14:14:31.373, 88.99, 0, 74232, 62
2026/07/28 14:14:32.403, 88.55, 0, 74232, 62
2026/07/28 14:14:33.435, 304.78, 0, 74232, 66
2026/07/28 14:14:34.471, 294.35, 100, 74232, 67
2026/07/28 14:14:35.505, 296.44, 100, 74232, 67
2026/07/28 14:14:36.540, 298.19, 100, 74232, 68
2026/07/28 14:14:37.575, 294.84, 100, 74232, 68
2026/07/28 14:14:38.611, 302.22, 100, 74232, 66
2026/07/28 14:14:39.648, 301.14, 100, 74232, 67
2026/07/28 14:14:40.684, 301.32, 100, 74232, 67
2026/07/28 14:14:41.722, 296.67, 100, 74232, 67
2026/07/28 14:14:42.758, 296.76, 100, 74232, 67
2026/07/28 14:14:43.796, 297.80, 100, 74232, 67
2026/07/28 14:14:44.833, 297.16, 100, 74232, 68
2026/07/28 14:14:45.871, 296.08, 100, 74232, 68
2026/07/28 14:14:46.908, 294.24, 100, 74232, 68
2026/07/28 14:14:47.946, 289.77, 100, 74232, 70
2026/07/28 14:14:48.980, 288.53, 100, 74232, 70
2026/07/28 14:14:50.016, 311.29, 100, 74232, 70
2026/07/28 14:14:51.050, 293.77, 100, 74232, 70
2026/07/28 14:14:52.084, 309.01, 100, 74232, 71
2026/07/28 14:14:53.118, 304.80, 100, 74232, 69
2026/07/28 14:14:54.160, 300.53, 100, 74232, 69
2026/07/28 14:14:55.199, 290.93, 100, 74232, 69
2026/07/28 14:14:56.236, 297.82, 100, 74232, 71
2026/07/28 14:14:57.279, 295.85, 100, 74232, 72
2026/07/28 14:14:58.314, 297.13, 100, 74232, 72
2026/07/28 14:14:59.354, 289.77, 100, 74232, 72
2026/07/28 14:15:00.389, 272.07, 100, 74232, 72
2026/07/28 14:15:01.425, 305.12, 100, 74232, 70
2026/07/28 14:15:02.462, 302.46, 100, 74232, 71
2026/07/28 14:15:03.498, 298.31, 100, 74232, 72
2026/07/28 14:15:04.542, 297.38, 100, 74232, 73
2026/07/28 14:15:05.576, 300.77, 100, 74232, 73
2026/07/28 14:15:06.615, 313.08, 100, 74232, 73
2026/07/28 14:15:07.649, 288.60, 100, 74232, 73
2026/07/28 14:15:08.690, 262.07, 100, 74232, 73
2026/07/28 14:15:09.724, 301.70, 100, 74232, 71
2026/07/28 14:15:10.762, 298.60, 100, 74232, 71
2026/07/28 14:15:11.798, 294.33, 100, 74232, 71
2026/07/28 14:15:12.835, 290.36, 100, 74232, 72
2026/07/28 14:15:13.871, 293.48, 100, 74232, 72
2026/07/28 14:15:14.909, 281.42, 100, 74232, 73
2026/07/28 14:15:15.954, 296.94, 100, 74232, 74
2026/07/28 14:15:16.989, 306.27, 100, 74232, 74
2026/07/28 14:15:18.029, 309.21, 100, 74232, 74
2026/07/28 14:15:19.064, 282.56, 100, 74232, 74
2026/07/28 14:15:20.099, 302.76, 100, 74232, 74
2026/07/28 14:15:21.134, 295.96, 100, 74232, 74
2026/07/28 14:15:22.170, 285.88, 100, 74232, 72
2026/07/28 14:15:23.209, 290.52, 100, 74232, 73
2026/07/28 14:15:24.247, 283.55, 100, 74232, 73
2026/07/28 14:15:25.284, 295.87, 100, 74232, 75
2026/07/28 14:15:26.321, 306.44, 100, 74232, 75
2026/07/28 14:15:27.415, 313.74, 100, 74232, 75
2026/07/28 14:15:28.450, 300.42, 100, 74232, 75
2026/07/28 14:15:29.487, 278.45, 100, 74232, 75
2026/07/28 14:15:30.523, 280.08, 100, 74232, 75
2026/07/28 14:15:31.558, 305.18, 100, 74232, 73
2026/07/28 14:15:32.597, 305.09, 100, 74232, 73
2026/07/28 14:15:33.635, 305.95, 100, 74232, 74
2026/07/28 14:15:34.673, 305.18, 100, 74232, 74
2026/07/28 14:15:35.711, 305.88, 100, 74232, 74
2026/07/28 14:15:36.749, 302.58, 100, 74232, 74
2026/07/28 14:15:37.786, 306.53, 100, 74232, 74
2026/07/28 14:15:38.824, 306.82, 100, 74232, 74
2026/07/28 14:15:39.861, 306.32, 100, 74232, 74
2026/07/28 14:15:40.903, 302.67, 100, 74232, 74
2026/07/28 14:15:41.941, 306.62, 100, 74232, 74
2026/07/28 14:15:42.978, 304.72, 100, 74232, 74
2026/07/28 14:15:44.015, 297.30, 33, 74232, 75
2026/07/28 14:15:45.050, 292.18, 100, 74232, 76
2026/07/28 14:15:46.084, 303.13, 100, 74232, 76
2026/07/28 14:15:47.121, 304.50, 100, 74232, 76
2026/07/28 14:15:48.155, 288.81, 100, 74232, 76
2026/07/28 14:15:49.190, 286.72, 100, 74232, 76
2026/07/28 14:15:50.224, 293.27, 100, 74232, 76
2026/07/28 14:15:51.264, 305.19, 100, 74232, 74
2026/07/28 14:15:52.301, 305.99, 100, 74232, 74
2026/07/28 14:15:53.337, 305.87, 100, 74232, 74
2026/07/28 14:15:54.374, 294.71, 100, 74232, 74
2026/07/28 14:15:55.414, 344.19, 0, 74232, 75
2026/07/28 14:15:56.448, 303.87, 100, 74232, 76
2026/07/28 14:15:57.483, 303.37, 100, 74232, 76
2026/07/28 14:15:58.518, 291.88, 100, 74232, 76
2026/07/28 14:15:59.553, 315.68, 100, 74232, 76
2026/07/28 14:16:00.588, 284.60, 100, 74232, 76
2026/07/28 14:16:01.622, 301.91, 100, 74232, 76
2026/07/28 14:16:02.662, 301.78, 100, 74232, 75
2026/07/28 14:16:03.699, 305.86, 100, 74232, 75
2026/07/28 14:16:04.739, 300.75, 100, 74232, 75
2026/07/28 14:16:05.776, 102.26, 20, 74232, 72
2026/07/28 14:16:06.808, 298.70, 100, 74232, 76
2026/07/28 14:16:07.843, 304.01, 100, 74232, 76
2026/07/28 14:16:08.878, 308.47, 100, 74232, 76
2026/07/28 14:16:09.917, 284.59, 100, 74232, 76
2026/07/28 14:16:10.951, 268.67, 100, 74232, 76
2026/07/28 14:16:11.986, 260.70, 100, 74232, 77
2026/07/28 14:16:13.026, 291.31, 100, 74232, 77
2026/07/28 14:16:14.061, 300.32, 100, 74232, 75
2026/07/28 14:16:15.098, 299.96, 100, 74232, 75
2026/07/28 14:16:16.135, 306.26, 100, 74232, 75
2026/07/28 14:16:17.171, 297.93, 100, 74232, 75
2026/07/28 14:16:18.210, 292.28, 100, 74232, 75
2026/07/28 14:16:19.247, 298.91, 100, 74232, 75
2026/07/28 14:16:20.284, 301.00, 100, 74232, 74
2026/07/28 14:16:21.317, 298.21, 100, 74232, 77
2026/07/28 14:16:22.352, 296.27, 100, 74232, 77
2026/07/28 14:16:23.388, 303.05, 100, 74232, 77
2026/07/28 14:16:24.425, 300.05, 100, 74232, 77
2026/07/28 14:16:25.460, 332.67, 100, 74232, 77
2026/07/28 14:16:26.498, 288.48, 100, 74232, 76
2026/07/28 14:16:27.537, 297.04, 100, 74232, 77
2026/07/28 14:16:28.573, 308.17, 100, 74232, 75
2026/07/28 14:16:29.610, 300.35, 100, 74232, 75
2026/07/28 14:16:30.649, 299.75, 100, 74232, 75
2026/07/28 14:16:31.688, 102.99, 0, 74232, 72
2026/07/28 14:16:32.721, 303.06, 100, 74232, 75
2026/07/28 14:16:33.758, 304.71, 100, 74232, 75
2026/07/28 14:16:34.795, 298.68, 100, 74232, 75
2026/07/28 14:16:35.832, 297.04, 100, 74232, 75
2026/07/28 14:16:36.870, 297.61, 100, 74232, 75
2026/07/28 14:16:37.908, 298.50, 100, 74232, 75
2026/07/28 14:16:38.946, 296.94, 100, 74232, 75
2026/07/28 14:16:39.983, 300.14, 100, 74232, 75
2026/07/28 14:16:41.021, 298.50, 100, 74232, 75
2026/07/28 14:16:42.059, 297.60, 100, 74232, 75
2026/07/28 14:16:43.097, 304.80, 100, 74232, 75
2026/07/28 14:16:44.133, 304.05, 100, 74232, 75
2026/07/28 14:16:45.172, 299.35, 100, 74232, 75
2026/07/28 14:16:46.212, 299.36, 100, 74232, 75
2026/07/28 14:16:47.250, 296.79, 100, 74232, 75
2026/07/28 14:16:48.288, 297.36, 100, 74232, 75
2026/07/28 14:16:49.325, 297.03, 100, 74232, 75
2026/07/28 14:16:50.364, 299.66, 100, 74232, 75
2026/07/28 14:16:51.404, 298.39, 100, 74232, 75
2026/07/28 14:16:52.442, 298.21, 100, 74232, 75
2026/07/28 14:16:53.480, 297.50, 100, 74232, 75
2026/07/28 14:16:54.518, 302.66, 100, 74232, 75
2026/07/28 14:16:55.554, 299.45, 100, 74232, 75
2026/07/28 14:16:56.591, 298.21, 100, 74232, 75
2026/07/28 14:16:57.631, 298.60, 100, 74232, 75
2026/07/28 14:16:58.669, 297.62, 100, 74232, 75
2026/07/28 14:16:59.706, 298.33, 100, 74232, 75
2026/07/28 14:17:00.744, 298.02, 100, 74232, 75
2026/07/28 14:17:01.782, 297.14, 100, 74232, 75
2026/07/28 14:17:02.818, 299.29, 100, 74232, 75
2026/07/28 14:17:03.858, 301.40, 100, 74232, 75
2026/07/28 14:17:04.896, 297.82, 100, 74232, 75
2026/07/28 14:17:05.934, 299.19, 100, 74232, 75
2026/07/28 14:17:06.972, 297.64, 100, 74232, 75
2026/07/28 14:17:08.009, 297.82, 100, 74232, 75
2026/07/28 14:17:09.048, 300.32, 100, 74232, 75
2026/07/28 14:17:10.086, 298.52, 100, 74232, 75
2026/07/28 14:17:11.126, 301.21, 100, 74232, 75
2026/07/28 14:17:12.165, 307.38, 100, 74232, 75
2026/07/28 14:17:13.202, 298.61, 100, 74232, 75
2026/07/28 14:17:14.240, 300.25, 100, 74232, 75
2026/07/28 14:17:15.278, 300.54, 100, 74232, 75
2026/07/28 14:17:16.316, 298.21, 100, 74232, 75
2026/07/28 14:17:17.353, 300.80, 100, 74232, 75
2026/07/28 14:17:18.390, 297.14, 100, 74232, 75
2026/07/28 14:17:19.428, 298.09, 100, 74232, 75
2026/07/28 14:17:20.466, 297.25, 100, 74232, 75
2026/07/28 14:17:21.502, 295.19, 100, 74232, 75
2026/07/28 14:17:22.539, 299.59, 100, 74232, 75
2026/07/28 14:17:23.577, 300.43, 100, 74232, 75
2026/07/28 14:17:24.616, 297.82, 100, 74232, 75
2026/07/28 14:17:25.654, 300.15, 100, 74232, 75
2026/07/28 14:17:26.691, 297.99, 100, 74232, 75
2026/07/28 14:17:27.728, 304.29, 100, 74232, 75
2026/07/28 14:17:28.767, 299.27, 100, 74232, 75
2026/07/28 14:17:29.804, 298.11, 100, 74232, 75
2026/07/28 14:17:30.846, 297.14, 100, 74232, 75
2026/07/28 14:17:31.883, 305.58, 100, 74232, 75
2026/07/28 14:17:32.920, 303.53, 100, 74232, 74
2026/07/28 14:17:33.958, 304.97, 100, 74232, 74
2026/07/28 14:17:34.995, 302.55, 100, 74232, 74
2026/07/28 14:17:36.032, 303.44, 100, 74232, 74
2026/07/28 14:17:37.069, 299.16, 100, 74232, 74
2026/07/28 14:17:38.107, 297.60, 100, 74232, 74
2026/07/28 14:17:39.144, 296.46, 100, 74232, 74
2026/07/28 14:17:40.184, 295.09, 100, 74232, 74
2026/07/28 14:17:41.221, 296.54, 100, 74232, 74
2026/07/28 14:17:42.260, 295.40, 100, 74232, 74
2026/07/28 14:17:43.299, 296.77, 100, 74232, 74
2026/07/28 14:17:44.336, 296.17, 100, 74232, 74
2026/07/28 14:17:45.372, 296.25, 100, 74232, 74
2026/07/28 14:17:46.410, 292.09, 100, 74232, 74
2026/07/28 14:17:47.447, 303.35, 100, 74232, 76
2026/07/28 14:17:48.483, 306.48, 100, 74232, 76
2026/07/28 14:17:49.519, 301.87, 100, 74232, 76
2026/07/28 14:17:50.554, 297.70, 100, 74232, 76
2026/07/28 14:17:51.589, 269.60, 100, 74232, 76
2026/07/28 14:17:52.625, 304.39, 100, 74232, 74
2026/07/28 14:17:53.662, 304.99, 100, 74232, 74
2026/07/28 14:17:54.699, 304.99, 100, 74232, 74
2026/07/28 14:17:55.736, 305.07, 100, 74232, 74
2026/07/28 14:17:56.775, 304.80, 100, 74232, 75
2026/07/28 14:17:57.810, 303.35, 100, 74232, 75
2026/07/28 14:17:58.844, 289.25, 100, 74232, 75
2026/07/28 14:17:59.880, 303.30, 100, 74232, 76
2026/07/28 14:18:00.920, 321.61, 100, 74232, 75
2026/07/28 14:18:01.955, 281.29, 100, 74232, 74
2026/07/28 14:18:02.994, 291.80, 100, 74232, 73
2026/07/28 14:18:04.033, 295.39, 100, 74232, 73
2026/07/28 14:18:05.073, 295.10, 100, 74232, 73
2026/07/28 14:18:06.111, 100.17, 0, 74232, 70
2026/07/28 14:18:07.143, 304.00, 100, 74232, 75
2026/07/28 14:18:08.178, 294.83, 100, 74232, 75
2026/07/28 14:18:09.215, 308.29, 100, 74232, 75
2026/07/28 14:18:10.250, 280.89, 100, 74232, 75
2026/07/28 14:18:11.286, 310.42, 100, 74232, 74
2026/07/28 14:18:12.321, 303.24, 100, 74232, 73
2026/07/28 14:18:13.359, 301.02, 100, 74232, 72
2026/07/28 14:18:14.397, 300.91, 100, 74232, 72
2026/07/28 14:18:15.435, 301.59, 100, 74232, 72
2026/07/28 14:18:16.473, 302.07, 100, 74232, 72
2026/07/28 14:18:17.510, 96.54, 0, 74232, 69
2026/07/28 14:18:18.542, 270.48, 100, 74232, 73
2026/07/28 14:18:19.579, 302.60, 100, 74232, 73
2026/07/28 14:18:20.613, 289.99, 100, 74232, 73
2026/07/28 14:18:21.650, 309.51, 100, 74232, 73
2026/07/28 14:18:22.684, 306.32, 100, 74232, 73
2026/07/28 14:18:23.718, 303.46, 100, 74232, 71
2026/07/28 14:18:24.757, 299.46, 100, 74232, 71
2026/07/28 14:18:25.795, 300.23, 100, 74232, 71
2026/07/28 14:18:26.835, 299.95, 100, 74232, 71
2026/07/28 14:18:27.873, 292.17, 100, 74232, 73
2026/07/28 14:18:28.909, 304.58, 100, 74232, 73
2026/07/28 14:18:29.948, 311.16, 100, 74232, 73
2026/07/28 14:18:30.983, 298.60, 100, 74232, 73
2026/07/28 14:18:32.019, 300.00, 100, 74232, 74
2026/07/28 14:18:33.053, 303.66, 100, 74232, 74
2026/07/28 14:18:34.091, 300.74, 100, 74232, 72
2026/07/28 14:18:35.130, 300.24, 100, 74232, 72
2026/07/28 14:18:36.166, 293.35, 100, 74232, 72
2026/07/28 14:18:37.202, 293.55, 100, 74232, 72
2026/07/28 14:18:38.240, 294.04, 100, 74232, 72
2026/07/28 14:18:39.276, 300.54, 100, 74232, 73
2026/07/28 14:18:40.314, 296.05, 100, 74232, 73
2026/07/28 14:18:41.352, 301.41, 100, 74232, 73
2026/07/28 14:18:42.389, 299.74, 100, 74232, 73
2026/07/28 14:18:43.426, 299.09, 100, 74232, 73
2026/07/28 14:18:44.463, 99.54, 0, 74232, 70
2026/07/28 14:18:45.495, 303.41, 100, 74232, 75
2026/07/28 14:18:46.530, 296.77, 100, 74232, 75
2026/07/28 14:18:47.565, 298.31, 100, 74232, 75
2026/07/28 14:18:48.599, 295.21, 100, 74232, 75
2026/07/28 14:18:49.633, 296.24, 100, 74232, 75
2026/07/28 14:18:50.669, 293.86, 100, 74232, 73
2026/07/28 14:18:51.710, 288.69, 100, 74232, 73
2026/07/28 14:18:52.748, 295.21, 100, 74232, 73
2026/07/28 14:18:53.785, 302.09, 100, 74232, 74
2026/07/28 14:18:54.824, 304.20, 100, 74232, 74
2026/07/28 14:18:55.862, 299.85, 100, 74232, 74
2026/07/28 14:18:56.900, 298.38, 100, 74232, 74
2026/07/28 14:18:57.937, 296.85, 100, 74232, 74
2026/07/28 14:18:58.974, 296.67, 100, 74232, 74
2026/07/28 14:19:00.010, 304.54, 100, 74232, 74
2026/07/28 14:19:01.048, 296.94, 100, 74232, 74
2026/07/28 14:19:02.084, 297.22, 100, 74232, 74
2026/07/28 14:19:03.121, 297.23, 100, 74232, 74
2026/07/28 14:19:04.158, 304.60, 100, 74232, 74
2026/07/28 14:19:05.196, 302.66, 100, 74232, 74
2026/07/28 14:19:06.236, 297.53, 100, 74232, 74
2026/07/28 14:19:07.272, 302.47, 100, 74232, 75
2026/07/28 14:19:08.309, 302.27, 100, 74232, 75
2026/07/28 14:19:09.345, 298.97, 100, 74232, 75
2026/07/28 14:19:10.381, 297.14, 100, 74232, 75
2026/07/28 14:19:11.418, 297.35, 100, 74232, 75
2026/07/28 14:19:12.455, 298.01, 100, 74232, 75
2026/07/28 14:19:13.493, 297.82, 100, 74232, 75
2026/07/28 14:19:14.531, 299.20, 100, 74232, 75
2026/07/28 14:19:15.569, 297.62, 100, 74232, 75
2026/07/28 14:19:16.606, 299.66, 100, 74232, 75
2026/07/28 14:19:17.643, 301.97, 100, 74232, 75
2026/07/28 14:19:18.681, 298.23, 100, 74232, 75
2026/07/28 14:19:19.719, 295.50, 100, 74232, 75
2026/07/28 14:19:20.758, 298.32, 100, 74232, 75
2026/07/28 14:19:21.795, 298.42, 100, 74232, 75
2026/07/28 14:19:22.834, 299.10, 100, 74232, 75
2026/07/28 14:19:23.872, 298.39, 100, 74232, 75
2026/07/28 14:19:24.908, 298.11, 100, 74232, 75
2026/07/28 14:19:25.944, 299.29, 100, 74232, 75
2026/07/28 14:19:26.981, 298.30, 100, 74232, 75
2026/07/28 14:19:28.018, 298.11, 100, 74232, 75
2026/07/28 14:19:29.055, 103.13, 0, 74232, 72
2026/07/28 14:19:30.089, 292.32, 100, 74232, 76
2026/07/28 14:19:31.125, 298.12, 100, 74232, 76
2026/07/28 14:19:32.161, 290.44, 100, 74232, 76
2026/07/28 14:19:33.194, 285.49, 100, 74232, 77
2026/07/28 14:19:34.229, 267.14, 100, 74232, 76
2026/07/28 14:19:35.263, 298.52, 100, 74232, 76
2026/07/28 14:19:36.299, 290.08, 100, 74232, 75
2026/07/28 14:19:37.335, 290.65, 100, 74232, 75
2026/07/28 14:19:38.372, 290.45, 100, 74232, 75
2026/07/28 14:19:39.412, 298.02, 100, 74232, 75
2026/07/28 14:19:40.452, 295.58, 100, 74232, 75
2026/07/28 14:19:41.493, 287.72, 100, 74232, 75
2026/07/28 14:19:42.530, 291.32, 100, 74232, 75
2026/07/28 14:19:43.574, 290.76, 100, 74232, 75
2026/07/28 14:19:44.611, 103.02, 0, 74232, 72
2026/07/28 14:19:45.644, 304.19, 100, 74232, 77
2026/07/28 14:19:46.678, 301.23, 100, 74232, 77
2026/07/28 14:19:47.714, 300.43, 100, 74232, 77
2026/07/28 14:19:48.751, 297.92, 100, 74232, 77
2026/07/28 14:19:49.784, 255.24, 100, 74232, 77
2026/07/28 14:19:50.819, 287.63, 100, 74232, 76
2026/07/28 14:19:51.854, 289.78, 100, 74232, 75
2026/07/28 14:19:52.892, 287.61, 100, 74232, 75
2026/07/28 14:19:53.930, 287.05, 100, 74232, 75
2026/07/28 14:19:54.966, 288.12, 100, 74232, 75
2026/07/28 14:19:56.007, 297.82, 100, 74232, 75
2026/07/28 14:19:57.043, 298.39, 100, 74232, 75
2026/07/28 14:19:58.079, 299.37, 100, 74232, 75
2026/07/28 14:19:59.117, 293.54, 100, 74232, 75
2026/07/28 14:20:00.155, 299.36, 100, 74232, 75
2026/07/28 14:20:01.192, 299.86, 100, 74232, 75
2026/07/28 14:20:02.230, 299.69, 100, 74232, 75
2026/07/28 14:20:03.269, 300.72, 100, 74232, 75
2026/07/28 14:20:04.306, 298.88, 100, 74232, 75
2026/07/28 14:20:05.343, 301.29, 100, 74232, 75
2026/07/28 14:20:06.380, 299.66, 100, 74232, 75
2026/07/28 14:20:07.417, 299.66, 100, 74232, 75
2026/07/28 14:20:08.454, 299.01, 100, 74232, 75
2026/07/28 14:20:09.490, 298.59, 100, 74232, 75
2026/07/28 14:20:10.528, 299.75, 100, 74232, 75
2026/07/28 14:20:11.563, 299.85, 100, 74232, 75
2026/07/28 14:20:12.603, 271.78, 100, 74232, 77
2026/07/28 14:20:13.638, 307.88, 100, 74232, 77
2026/07/28 14:20:14.673, 311.62, 100, 74232, 77
2026/07/28 14:20:15.706, 288.89, 100, 74232, 77
2026/07/28 14:20:16.740, 309.05, 100, 74232, 77
2026/07/28 14:20:17.776, 291.51, 100, 74232, 77
2026/07/28 14:20:18.812, 294.53, 100, 74232, 75
2026/07/28 14:20:19.850, 291.81, 100, 74232, 75
2026/07/28 14:20:20.887, 298.22, 100, 74232, 75
2026/07/28 14:20:21.927, 333.45, 100, 74232, 77
2026/07/28 14:20:22.962, 299.36, 100, 74232, 77
2026/07/28 14:20:23.998, 288.31, 100, 74232, 77
2026/07/28 14:20:25.034, 304.61, 100, 74232, 77
2026/07/28 14:20:26.069, 279.64, 100, 74232, 77
2026/07/28 14:20:27.106, 267.62, 100, 74232, 77
2026/07/28 14:20:28.142, 288.68, 100, 74232, 76
2026/07/28 14:20:29.184, 301.13, 100, 74232, 75
2026/07/28 14:20:30.224, 298.91, 100, 74232, 75
2026/07/28 14:20:31.262, 300.71, 100, 74232, 75
2026/07/28 14:20:32.299, 299.58, 100, 74232, 75
2026/07/28 14:20:33.337, 300.52, 100, 74232, 75
2026/07/28 14:20:34.373, 299.58, 100, 74232, 75
2026/07/28 14:20:35.410, 298.50, 100, 74232, 75
2026/07/28 14:20:36.447, 298.98, 100, 74232, 75
2026/07/28 14:20:37.488, 300.33, 100, 74232, 75
2026/07/28 14:20:38.525, 298.50, 100, 74232, 75
2026/07/28 14:20:39.562, 298.60, 100, 74232, 75
2026/07/28 14:20:40.600, 306.46, 100, 74232, 77
2026/07/28 14:20:41.634, 307.69, 100, 74232, 77
2026/07/28 14:20:42.669, 292.66, 100, 74232, 77
2026/07/28 14:20:43.703, 318.51, 100, 74232, 77
2026/07/28 14:20:44.741, 273.27, 100, 74232, 77
2026/07/28 14:20:45.775, 299.38, 100, 74232, 77
2026/07/28 14:20:46.815, 293.65, 100, 74232, 75
2026/07/28 14:20:47.853, 297.91, 100, 74232, 74
2026/07/28 14:20:48.893, 297.82, 100, 74232, 74
2026/07/28 14:20:49.930, 295.39, 100, 74232, 74
2026/07/28 14:20:50.968, 298.87, 100, 74232, 74
2026/07/28 14:20:52.006, 297.52, 100, 74232, 74
2026/07/28 14:20:53.043, 296.17, 100, 74232, 74
2026/07/28 14:20:54.082, 264.29, 100, 74232, 75
2026/07/28 14:20:55.116, 303.07, 100, 74232, 76
2026/07/28 14:20:56.152, 297.51, 100, 74232, 75
2026/07/28 14:20:57.194, 297.97, 100, 74232, 75
2026/07/28 14:20:58.230, 293.27, 100, 74232, 75
2026/07/28 14:20:59.266, 285.27, 100, 74232, 76
2026/07/28 14:21:00.307, 304.01, 100, 74232, 74
2026/07/28 14:21:01.344, 303.26, 100, 74232, 74
2026/07/28 14:21:02.381, 304.42, 100, 74232, 74
2026/07/28 14:21:03.418, 304.66, 100, 74232, 74
2026/07/28 14:21:04.454, 304.21, 100, 74232, 74
2026/07/28 14:21:05.491, 296.27, 100, 74232, 74
2026/07/28 14:21:06.528, 296.47, 100, 74232, 74
2026/07/28 14:21:07.568, 300.13, 100, 74232, 74
2026/07/28 14:21:08.605, 295.70, 100, 74232, 74
2026/07/28 14:21:09.642, 297.80, 100, 74232, 74
2026/07/28 14:21:10.679, 297.24, 100, 74232, 74
2026/07/28 14:21:11.716, 297.16, 100, 74232, 74
2026/07/28 14:21:12.753, 300.15, 100, 74232, 74
2026/07/28 14:21:13.790, 297.60, 100, 74232, 74
2026/07/28 14:21:14.827, 297.90, 100, 74232, 74
2026/07/28 14:21:15.866, 299.08, 100, 74232, 76
2026/07/28 14:21:16.901, 301.04, 100, 74232, 76
2026/07/28 14:21:17.936, 311.81, 100, 74232, 76
2026/07/28 14:21:18.971, 292.79, 100, 74232, 76
2026/07/28 14:21:20.006, 293.46, 100, 74232, 76
2026/07/28 14:21:21.042, 287.16, 100, 74232, 76
2026/07/28 14:21:22.081, 256.49, 100, 74232, 74
2026/07/28 14:21:23.119, 289.19, 100, 74232, 74
2026/07/28 14:21:24.159, 298.33, 100, 74232, 74
2026/07/28 14:21:25.195, 296.34, 100, 74232, 74
2026/07/28 14:21:26.235, 297.35, 100, 74232, 74
2026/07/28 14:21:27.273, 297.22, 100, 74232, 74
2026/07/28 14:21:28.310, 300.14, 100, 74232, 76
2026/07/28 14:21:29.345, 298.42, 100, 74232, 76
2026/07/28 14:21:30.380, 299.08, 100, 74232, 76
2026/07/28 14:21:31.415, 274.35, 100, 74232, 76
2026/07/28 14:21:32.451, 282.01, 100, 74232, 75
2026/07/28 14:21:33.485, 273.13, 100, 74232, 75
2026/07/28 14:21:34.520, 310.81, 100, 74232, 75
2026/07/28 14:21:35.555, 304.74, 100, 74232, 74
2026/07/28 14:21:36.592, 305.19, 100, 74232, 74
2026/07/28 14:21:37.630, 306.15, 100, 74232, 74
2026/07/28 14:21:38.670, 303.66, 100, 74232, 74
2026/07/28 14:21:39.708, 303.98, 100, 74232, 74
2026/07/28 14:21:40.745, 100.58, 0, 74232, 71
2026/07/28 14:21:41.778, 302.66, 100, 74232, 75
2026/07/28 14:21:42.814, 297.90, 100, 74232, 75
2026/07/28 14:21:43.850, 293.74, 100, 74232, 75
2026/07/28 14:21:44.886, 303.12, 100, 74232, 75
2026/07/28 14:21:45.927, 303.69, 100, 74232, 74
2026/07/28 14:21:46.962, 305.23, 100, 74232, 75
2026/07/28 14:21:47.997, 306.03, 100, 74232, 75
2026/07/28 14:21:49.033, 303.64, 100, 74232, 73
2026/07/28 14:21:50.072, 300.24, 100, 74232, 73
2026/07/28 14:21:51.111, 293.07, 100, 74232, 73
2026/07/28 14:21:52.149, 295.70, 100, 74232, 73
2026/07/28 14:21:53.187, 302.85, 42, 74232, 74
2026/07/28 14:21:54.226, 289.41, 100, 74232, 75
2026/07/28 14:21:55.262, 292.67, 100, 74232, 75
2026/07/28 14:21:56.297, 303.78, 100, 74232, 75
2026/07/28 14:21:57.334, 292.20, 100, 74232, 75
2026/07/28 14:21:58.372, 285.27, 100, 74232, 75
2026/07/28 14:21:59.407, 308.44, 100, 74232, 75
2026/07/28 14:22:00.442, 303.21, 100, 74232, 74
2026/07/28 14:22:01.480, 305.96, 100, 74232, 74
2026/07/28 14:22:02.519, 304.27, 100, 74232, 74
2026/07/28 14:22:03.556, 304.01, 100, 74232, 74
2026/07/28 14:22:04.593, 305.45, 100, 74232, 74
2026/07/28 14:22:05.630, 100.82, 0, 74232, 71
2026/07/28 14:22:06.662, 297.13, 100, 74232, 75
2026/07/28 14:22:07.698, 293.39, 100, 74232, 75
2026/07/28 14:22:08.733, 304.37, 100, 74232, 76
2026/07/28 14:22:09.768, 302.76, 100, 74232, 76
2026/07/28 14:22:10.805, 312.77, 100, 74232, 76
2026/07/28 14:22:11.839, 303.94, 100, 74232, 76
2026/07/28 14:22:12.875, 271.07, 100, 74232, 74
2026/07/28 14:22:13.913, 288.60, 100, 74232, 74
2026/07/28 14:22:14.950, 289.38, 100, 74232, 74
2026/07/28 14:22:15.988, 290.08, 100, 74232, 74
2026/07/28 14:22:17.025, 290.36, 100, 74232, 74
2026/07/28 14:22:18.064, 297.72, 100, 74232, 75
2026/07/28 14:22:19.101, 300.04, 100, 74232, 75
2026/07/28 14:22:20.139, 314.43, 95, 74232, 76
2026/07/28 14:22:21.174, 292.31, 100, 74232, 76
2026/07/28 14:22:22.209, 322.94, 100, 74232, 76
2026/07/28 14:22:23.246, 288.17, 100, 74232, 76
2026/07/28 14:22:24.284, 288.44, 100, 74232, 76
2026/07/28 14:22:25.324, 295.23, 100, 74232, 76
2026/07/28 14:22:26.358, 268.81, 100, 74232, 77
2026/07/28 14:22:27.394, 301.96, 100, 74232, 75
2026/07/28 14:22:28.431, 303.22, 100, 74232, 75
2026/07/28 14:22:29.468, 300.53, 100, 74232, 75
2026/07/28 14:22:30.506, 298.29, 100, 74232, 75
2026/07/28 14:22:31.543, 305.04, 100, 74232, 75
2026/07/28 14:22:32.582, 101.90, 0, 74232, 72
2026/07/28 14:22:33.615, 252.52, 100, 74232, 74
2026/07/28 14:22:34.655, 275.11, 100, 74232, 74
2026/07/28 14:22:35.693, 289.88, 100, 74232, 75
2026/07/28 14:22:36.732, 298.60, 100, 74232, 75
2026/07/28 14:22:37.769, 296.64, 100, 74232, 75
2026/07/28 14:22:38.805, 299.38, 100, 74232, 75
2026/07/28 14:22:39.842, 297.33, 100, 74232, 75
2026/07/28 14:22:40.879, 294.72, 100, 74232, 75
2026/07/28 14:22:41.917, 298.97, 100, 74232, 75
2026/07/28 14:22:42.954, 297.89, 100, 74232, 75
2026/07/28 14:22:43.994, 299.82, 100, 74232, 75
2026/07/28 14:22:45.030, 299.16, 100, 74232, 75
2026/07/28 14:22:46.069, 297.62, 100, 74232, 75
2026/07/28 14:22:47.106, 298.95, 100, 74232, 75
2026/07/28 14:22:48.143, 297.04, 100, 74232, 75
2026/07/28 14:22:49.180, 298.09, 100, 74232, 75
2026/07/28 14:22:50.217, 297.35, 100, 74232, 75
2026/07/28 14:22:51.255, 298.70, 100, 74232, 75
2026/07/28 14:22:52.292, 299.39, 100, 74232, 75
2026/07/28 14:22:53.328, 297.83, 100, 74232, 75
2026/07/28 14:22:54.366, 298.53, 100, 74232, 75
2026/07/28 14:22:55.404, 306.16, 100, 74232, 75
2026/07/28 14:22:56.441, 303.72, 100, 74232, 75
2026/07/28 14:22:57.481, 305.67, 100, 74232, 75
2026/07/28 14:22:58.518, 294.70, 100, 74232, 75
2026/07/28 14:22:59.556, 294.32, 100, 74232, 75
2026/07/28 14:23:00.596, 294.05, 100, 74232, 75
2026/07/28 14:23:01.632, 297.90, 100, 74232, 75
2026/07/28 14:23:02.671, 299.35, 100, 74232, 75
2026/07/28 14:23:03.708, 298.31, 100, 74232, 75
2026/07/28 14:23:04.748, 298.18, 100, 74232, 75
2026/07/28 14:23:05.786, 300.62, 100, 74232, 75
2026/07/28 14:23:06.823, 297.62, 100, 74232, 75
2026/07/28 14:23:07.859, 298.30, 100, 74232, 75
2026/07/28 14:23:08.896, 298.58, 100, 74232, 75
2026/07/28 14:23:09.933, 299.78, 100, 74232, 75
2026/07/28 14:23:10.969, 297.73, 100, 74232, 75
2026/07/28 14:23:12.006, 298.60, 100, 74232, 75
2026/07/28 14:23:13.042, 298.77, 100, 74232, 75
2026/07/28 14:23:14.080, 297.24, 100, 74232, 75
2026/07/28 14:23:15.117, 298.17, 100, 74232, 75
2026/07/28 14:23:16.154, 297.53, 100, 74232, 75
2026/07/28 14:23:17.192, 298.69, 100, 74232, 75
2026/07/28 14:23:18.228, 303.65, 100, 74232, 75
2026/07/28 14:23:19.265, 296.57, 100, 74232, 75
2026/07/28 14:23:20.301, 298.30, 100, 74232, 75
2026/07/28 14:23:21.337, 299.18, 100, 74232, 75
2026/07/28 14:23:22.372, 298.88, 100, 74232, 75
2026/07/28 14:23:23.409, 298.09, 100, 74232, 75
2026/07/28 14:23:24.446, 298.09, 100, 74232, 75
2026/07/28 14:23:25.484, 297.14, 100, 74232, 75
2026/07/28 14:23:26.521, 299.18, 100, 74232, 75
2026/07/28 14:23:27.559, 298.49, 100, 74232, 75
2026/07/28 14:23:28.596, 297.34, 100, 74232, 75
2026/07/28 14:23:29.633, 298.77, 100, 74232, 75
2026/07/28 14:23:30.671, 301.32, 100, 74232, 75
2026/07/28 14:23:31.707, 300.42, 100, 74232, 75
2026/07/28 14:23:32.744, 298.48, 100, 74232, 75
2026/07/28 14:23:33.781, 298.71, 100, 74232, 75
2026/07/28 14:23:34.821, 300.12, 100, 74232, 75
2026/07/28 14:23:35.860, 300.82, 100, 74232, 76
2026/07/28 14:23:36.897, 297.81, 100, 74232, 75
2026/07/28 14:23:37.936, 299.83, 100, 74232, 76
2026/07/28 14:23:38.973, 299.83, 100, 74232, 75
2026/07/28 14:23:40.010, 301.78, 100, 74232, 76
2026/07/28 14:23:41.051, 296.65, 100, 74232, 75
2026/07/28 14:23:42.089, 299.74, 100, 74232, 75
2026/07/28 14:23:43.128, 298.20, 100, 74232, 75
2026/07/28 14:23:44.168, 298.30, 100, 74232, 75
2026/07/28 14:23:45.206, 299.55, 100, 74232, 75
2026/07/28 14:23:46.246, 298.50, 100, 74232, 75
2026/07/28 14:23:47.284, 297.13, 100, 74232, 75
2026/07/28 14:23:48.322, 304.98, 100, 74232, 75
2026/07/28 14:23:49.360, 299.26, 100, 74232, 75
2026/07/28 14:23:50.397, 297.46, 100, 74232, 75
2026/07/28 14:23:51.436, 294.23, 100, 74232, 75
2026/07/28 14:23:52.473, 297.92, 100, 74232, 75
2026/07/28 14:23:53.510, 302.54, 100, 74232, 75
2026/07/28 14:23:54.548, 297.53, 100, 74232, 74
2026/07/28 14:23:55.584, 292.48, 100, 74232, 74
2026/07/28 14:23:56.620, 291.30, 100, 74232, 74
2026/07/28 14:23:57.661, 300.23, 100, 74232, 74
2026/07/28 14:23:58.699, 297.63, 100, 74232, 74
2026/07/28 14:23:59.738, 296.93, 100, 74232, 74
2026/07/28 14:24:00.775, 297.63, 100, 74232, 74
2026/07/28 14:24:01.811, 303.25, 100, 74232, 74
2026/07/28 14:24:02.849, 303.81, 100, 74232, 74
2026/07/28 14:24:03.887, 296.84, 100, 74232, 74
2026/07/28 14:24:04.925, 295.49, 100, 74232, 74
2026/07/28 14:24:05.962, 294.91, 100, 74232, 74
2026/07/28 14:24:07.000, 293.10, 100, 74232, 73
2026/07/28 14:24:08.037, 294.53, 100, 74232, 73
2026/07/28 14:24:09.075, 298.20, 100, 74232, 73
2026/07/28 14:24:10.115, 298.21, 100, 74232, 73
2026/07/28 14:24:11.153, 303.85, 100, 74232, 73
2026/07/28 14:24:12.190, 300.80, 100, 74232, 73
2026/07/28 14:24:13.228, 301.38, 100, 74232, 73
2026/07/28 14:24:14.265, 302.18, 100, 74232, 73
2026/07/28 14:24:15.302, 301.20, 100, 74232, 72
2026/07/28 14:24:16.340, 295.01, 100, 74232, 72
2026/07/28 14:24:17.378, 293.26, 100, 74232, 72
2026/07/28 14:24:18.416, 295.60, 100, 74232, 72
2026/07/28 14:24:19.455, 294.82, 100, 74232, 72
2026/07/28 14:24:20.492, 289.78, 100, 74232, 71
2026/07/28 14:24:21.529, 285.60, 100, 74232, 73
2026/07/28 14:24:22.563, 311.41, 100, 74232, 74
2026/07/28 14:24:23.599, 299.24, 100, 74232, 74
2026/07/28 14:24:24.633, 259.53, 100, 74232, 73
2026/07/28 14:24:25.666, 303.70, 100, 74232, 74
2026/07/28 14:24:26.700, 312.23, 100, 74232, 74
2026/07/28 14:24:27.736, 302.44, 100, 74232, 72
2026/07/28 14:24:28.773, 301.02, 100, 74232, 72
2026/07/28 14:24:29.810, 301.79, 100, 74232, 72
2026/07/28 14:24:30.847, 97.12, 0, 74232, 69
2026/07/28 14:24:31.881, 295.88, 100, 74232, 73
2026/07/28 14:24:32.922, 287.80, 100, 74232, 73
2026/07/28 14:24:33.957, 294.53, 100, 74232, 74
2026/07/28 14:24:34.991, 303.93, 100, 74232, 74
2026/07/28 14:24:36.026, 292.75, 100, 74232, 74
2026/07/28 14:24:37.060, 329.11, 100, 74232, 74
2026/07/28 14:24:38.099, 303.23, 100, 74232, 72
2026/07/28 14:24:39.138, 301.32, 100, 74232, 73
2026/07/28 14:24:40.176, 301.80, 100, 74232, 73
2026/07/28 14:24:41.213, 304.32, 100, 74232, 73
2026/07/28 14:24:42.251, 302.77, 100, 74232, 73
2026/07/28 14:24:43.289, 303.45, 100, 74232, 73
2026/07/28 14:24:44.325, 302.57, 100, 74232, 73
2026/07/28 14:24:45.362, 299.94, 100, 74232, 73
2026/07/28 14:24:46.399, 303.55, 100, 74232, 73
2026/07/28 14:24:47.436, 302.94, 100, 74232, 73
2026/07/28 14:24:48.472, 303.91, 100, 74232, 73
2026/07/28 14:24:49.508, 99.34, 0, 74232, 74
2026/07/28 14:24:50.543, 287.15, 100, 74232, 75
2026/07/28 14:24:51.581, 301.23, 100, 74232, 75
2026/07/28 14:24:52.617, 292.49, 100, 74232, 75
2026/07/28 14:24:53.659, 299.94, 100, 74232, 75
2026/07/28 14:24:54.694, 274.71, 100, 74232, 75
2026/07/28 14:24:55.730, 285.88, 100, 74232, 75
2026/07/28 14:24:56.769, 305.71, 100, 74232, 74
2026/07/28 14:24:57.806, 305.56, 100, 74232, 74
2026/07/28 14:24:58.842, 306.13, 100, 74232, 74
2026/07/28 14:24:59.879, 304.20, 100, 74232, 74
2026/07/28 14:25:00.916, 300.90, 92, 74232, 75
2026/07/28 14:25:01.953, 305.65, 100, 74232, 75
2026/07/28 14:25:02.991, 295.87, 100, 74232, 75
2026/07/28 14:25:04.026, 298.68, 100, 74232, 76
2026/07/28 14:25:05.063, 289.64, 100, 74232, 76
2026/07/28 14:25:06.097, 314.04, 100, 74232, 76
2026/07/28 14:25:07.133, 284.28, 100, 74232, 76
2026/07/28 14:25:08.169, 297.43, 100, 74232, 74
2026/07/28 14:25:09.207, 298.86, 100, 74232, 74
2026/07/28 14:25:10.250, 298.89, 100, 74232, 74
2026/07/28 14:25:11.287, 296.56, 100, 74232, 74
2026/07/28 14:25:12.324, 297.94, 100, 74232, 74
2026/07/28 14:25:13.362, 101.68, 0, 74232, 71
2026/07/28 14:25:14.396, 308.03, 100, 74232, 76
2026/07/28 14:25:15.432, 298.23, 100, 74232, 76
2026/07/28 14:25:16.467, 293.26, 100, 74232, 76
2026/07/28 14:25:17.504, 305.66, 100, 74232, 76
2026/07/28 14:25:18.546, 306.41, 100, 74232, 76
2026/07/28 14:25:19.581, 316.93, 100, 74232, 76
2026/07/28 14:25:20.618, 297.94, 100, 74232, 75
2026/07/28 14:25:21.663, 297.71, 100, 74232, 75
2026/07/28 14:25:22.701, 297.53, 100, 74232, 75
2026/07/28 14:25:23.740, 298.11, 100, 74232, 75
2026/07/28 14:25:24.778, 298.01, 100, 74232, 75
2026/07/28 14:25:25.816, 300.82, 100, 74232, 75
2026/07/28 14:25:26.853, 298.50, 100, 74232, 75
2026/07/28 14:25:27.890, 298.97, 100, 74232, 75
2026/07/28 14:25:28.927, 299.11, 100, 74232, 75
2026/07/28 14:25:29.964, 297.63, 100, 74232, 75
2026/07/28 14:25:31.001, 299.85, 100, 74232, 75
2026/07/28 14:25:32.038, 299.17, 100, 74232, 75
2026/07/28 14:25:33.076, 298.68, 100, 74232, 75
2026/07/28 14:25:34.113, 299.73, 100, 74232, 75
2026/07/28 14:25:35.151, 292.67, 100, 74232, 77
2026/07/28 14:25:36.186, 294.67, 100, 74232, 77
2026/07/28 14:25:37.221, 294.44, 100, 74232, 77
2026/07/28 14:25:38.260, 296.25, 100, 74232, 77
2026/07/28 14:25:39.295, 284.23, 100, 74232, 77
2026/07/28 14:25:40.331, 287.73, 100, 74232, 77
2026/07/28 14:25:41.368, 299.06, 100, 74232, 77
2026/07/28 14:25:42.405, 307.08, 100, 74232, 75
2026/07/28 14:25:43.442, 306.21, 100, 74232, 75
2026/07/28 14:25:44.481, 299.77, 100, 74232, 75
2026/07/28 14:25:45.519, 298.78, 100, 74232, 75
2026/07/28 14:25:46.556, 299.29, 100, 74232, 75
2026/07/28 14:25:47.593, 300.26, 100, 74232, 75
2026/07/28 14:25:48.629, 305.24, 100, 74232, 77
2026/07/28 14:25:49.664, 294.51, 100, 74232, 77
2026/07/28 14:25:50.702, 300.13, 100, 74232, 77
2026/07/28 14:25:51.736, 316.43, 100, 74232, 78
2026/07/28 14:25:52.775, 301.98, 100, 74232, 77
2026/07/28 14:25:53.810, 302.58, 100, 74232, 77
2026/07/28 14:25:54.845, 286.55, 100, 74232, 77
2026/07/28 14:25:55.881, 299.36, 100, 74232, 76
2026/07/28 14:25:56.921, 299.45, 100, 74232, 76
2026/07/28 14:25:57.959, 300.34, 100, 74232, 76
2026/07/28 14:25:58.996, 300.21, 100, 74232, 76
2026/07/28 14:26:00.036, 298.80, 100, 74232, 76
2026/07/28 14:26:01.076, 300.51, 100, 74232, 76
2026/07/28 14:26:02.113, 299.56, 100, 74232, 76
2026/07/28 14:26:03.153, 300.04, 100, 74232, 76
2026/07/28 14:26:04.191, 300.62, 100, 74232, 76
2026/07/28 14:26:05.228, 301.15, 100, 74232, 76
2026/07/28 14:26:06.267, 301.01, 100, 74232, 76
2026/07/28 14:26:07.304, 294.11, 100, 74232, 76
2026/07/28 14:26:08.340, 295.70, 100, 74232, 76
2026/07/28 14:26:09.376, 300.20, 100, 74232, 76
2026/07/28 14:26:10.412, 295.59, 100, 74232, 76
2026/07/28 14:26:11.449, 292.28, 100, 74232, 76
2026/07/28 14:26:12.486, 292.97, 100, 74232, 76
2026/07/28 14:26:13.524, 300.17, 100, 74232, 76
2026/07/28 14:26:14.561, 297.13, 100, 74232, 76
2026/07/28 14:26:15.602, 103.87, 0, 74232, 73
2026/07/28 14:26:16.635, 102.21, 0, 74232, 72
2026/07/28 14:26:17.667, 101.25, 0, 74232, 71
2026/07/28 14:26:18.699, 100.82, 0, 74232, 71
2026/07/28 14:26:19.731, 100.07, 0, 74232, 70
2026/07/28 14:26:20.761, 99.11, 0, 74232, 70
2026/07/28 14:26:21.793, 98.81, 0, 74232, 69
2026/07/28 14:26:22.825, 96.94, 0, 74232, 69
2026/07/28 14:26:23.857, 96.41, 0, 74232, 68
2026/07/28 14:26:24.889, 95.99, 0, 74232, 68
2026/07/28 14:26:25.921, 95.21, 0, 74232, 67
2026/07/28 14:26:26.954, 94.79, 0, 74232, 67
2026/07/28 14:26:27.985, 95.31, 0, 74232, 67
2026/07/28 14:26:29.016, 93.80, 0, 74232, 66
2026/07/28 14:26:30.049, 93.32, 0, 74232, 66
2026/07/28 14:26:31.081, 93.22, 0, 74232, 66
2026/07/28 14:26:32.112, 92.36, 0, 74232, 65
2026/07/28 14:26:33.146, 92.39, 0, 74232, 65
2026/07/28 14:26:34.177, 91.57, 0, 74232, 65
2026/07/28 14:26:35.208, 91.86, 0, 74232, 64
2026/07/28 14:26:36.242, 90.30, 0, 74232, 64
2026/07/28 14:26:37.271, 90.66, 0, 74232, 63
2026/07/28 14:26:38.301, 90.07, 0, 74232, 63
2026/07/28 14:26:39.331, 90.14, 0, 74232, 63
2026/07/28 14:26:40.360, 90.24, 0, 74232, 63
2026/07/28 14:26:41.389, 89.09, 0, 74232, 62
2026/07/28 14:26:42.420, 88.71, 0, 74232, 62
2026/07/28 14:26:43.455, 88.46, 0, 74232, 62
2026/07/28 14:26:44.487, 180.23, 0, 74232, 64
2026/07/28 14:26:45.522, 308.80, 100, 74232, 67
2026/07/28 14:26:46.558, 302.60, 100, 74232, 67
2026/07/28 14:26:47.593, 308.82, 100, 74232, 68
2026/07/28 14:26:48.628, 296.29, 100, 74232, 68
2026/07/28 14:26:49.663, 300.64, 100, 74232, 66
2026/07/28 14:26:50.701, 300.43, 100, 74232, 66
2026/07/28 14:26:51.740, 302.12, 100, 74232, 67
2026/07/28 14:26:52.777, 302.28, 100, 74232, 67
2026/07/28 14:26:53.814, 294.61, 100, 74232, 67
2026/07/28 14:26:54.851, 298.89, 100, 74232, 67
2026/07/28 14:26:55.889, 293.66, 100, 74232, 69
2026/07/28 14:26:56.925, 289.38, 100, 74232, 70
2026/07/28 14:26:57.960, 301.22, 100, 74232, 70
2026/07/28 14:26:58.998, 308.45, 100, 74232, 70
2026/07/28 14:27:00.033, 303.22, 100, 74232, 68
2026/07/28 14:27:01.071, 304.16, 100, 74232, 69
2026/07/28 14:27:02.110, 304.06, 100, 74232, 69
2026/07/28 14:27:03.149, 303.92, 100, 74232, 69
2026/07/28 14:27:04.188, 294.93, 100, 74232, 71
2026/07/28 14:27:05.222, 294.52, 100, 74232, 71
2026/07/28 14:27:06.259, 284.93, 100, 74232, 71
2026/07/28 14:27:07.296, 302.46, 100, 74232, 71
2026/07/28 14:27:08.332, 285.88, 100, 74232, 72
2026/07/28 14:27:09.372, 279.49, 100, 74232, 70
2026/07/28 14:27:10.410, 291.13, 100, 74232, 70
2026/07/28 14:27:11.448, 292.20, 100, 74232, 70
2026/07/28 14:27:12.486, 301.19, 100, 74232, 72
2026/07/28 14:27:13.521, 298.31, 100, 74232, 72
2026/07/28 14:27:14.560, 297.03, 100, 74232, 72
2026/07/28 14:27:15.595, 307.11, 100, 74232, 73
2026/07/28 14:27:16.636, 252.12, 100, 74232, 71
2026/07/28 14:27:17.673, 289.48, 100, 74232, 71
2026/07/28 14:27:18.711, 294.33, 100, 74232, 71
2026/07/28 14:27:19.750, 293.65, 100, 74232, 71
2026/07/28 14:27:20.788, 293.07, 100, 74232, 71
2026/07/28 14:27:21.827, 297.81, 100, 74232, 71
2026/07/28 14:27:22.867, 293.76, 100, 74232, 72
2026/07/28 14:27:23.905, 293.26, 100, 74232, 72
2026/07/28 14:27:24.943, 294.61, 100, 74232, 72
2026/07/28 14:27:25.981, 302.21, 100, 74232, 72
2026/07/28 14:27:27.023, 302.65, 100, 74232, 72
2026/07/28 14:27:28.061, 298.12, 100, 74232, 72
2026/07/28 14:27:29.100, 273.09, 100, 74232, 74
2026/07/28 14:27:30.136, 297.90, 100, 74232, 74
2026/07/28 14:27:31.173, 297.04, 100, 74232, 74
2026/07/28 14:27:32.208, 286.47, 100, 74232, 75
2026/07/28 14:27:33.243, 302.75, 100, 74232, 75
2026/07/28 14:27:34.278, 295.69, 100, 74232, 73
2026/07/28 14:27:35.322, 295.67, 100, 74232, 73
2026/07/28 14:27:36.360, 303.75, 100, 74232, 73
2026/07/28 14:27:37.397, 299.56, 100, 74232, 73
2026/07/28 14:27:38.438, 304.50, 100, 74232, 73
2026/07/28 14:27:39.477, 304.89, 100, 74232, 73
2026/07/28 14:27:40.515, 304.29, 100, 74232, 73
2026/07/28 14:27:41.553, 304.49, 100, 74232, 74
2026/07/28 14:27:42.591, 307.66, 100, 74232, 74
2026/07/28 14:27:43.629, 305.29, 100, 74232, 74
2026/07/28 14:27:44.667, 306.34, 100, 74232, 74
2026/07/28 14:27:45.704, 306.15, 100, 74232, 74
2026/07/28 14:27:46.743, 304.86, 100, 74232, 74
2026/07/28 14:27:47.781, 305.52, 100, 74232, 74
2026/07/28 14:27:48.818, 304.77, 100, 74232, 74
2026/07/28 14:27:49.855, 305.97, 100, 74232, 74
2026/07/28 14:27:50.895, 298.58, 100, 74232, 74
2026/07/28 14:27:51.932, 298.17, 100, 74232, 74
2026/07/28 14:27:52.971, 297.71, 100, 74232, 74
2026/07/28 14:27:54.009, 294.70, 100, 74232, 74
2026/07/28 14:27:55.046, 296.83, 100, 74232, 74
2026/07/28 14:27:56.083, 297.45, 100, 74232, 74
2026/07/28 14:27:57.120, 294.71, 100, 74232, 74
2026/07/28 14:27:58.158, 295.88, 100, 74232, 74
2026/07/28 14:27:59.194, 289.86, 100, 74232, 74
2026/07/28 14:28:00.232, 297.82, 100, 74232, 74
2026/07/28 14:28:01.271, 297.71, 100, 74232, 74
2026/07/28 14:28:02.308, 297.24, 100, 74232, 74
2026/07/28 14:28:03.346, 297.21, 100, 74232, 74
2026/07/28 14:28:04.385, 296.07, 100, 74232, 74
2026/07/28 14:28:05.423, 300.62, 100, 74232, 74
2026/07/28 14:28:06.460, 296.83, 100, 74232, 74
2026/07/28 14:28:07.497, 297.13, 100, 74232, 74
2026/07/28 14:28:08.534, 298.31, 100, 74232, 75
2026/07/28 14:28:09.573, 299.93, 100, 74232, 75
2026/07/28 14:28:10.611, 300.17, 100, 74232, 75
2026/07/28 14:28:11.649, 299.34, 100, 74232, 75
2026/07/28 14:28:12.687, 305.86, 100, 74232, 75
2026/07/28 14:28:13.724, 298.09, 100, 74232, 75
2026/07/28 14:28:14.762, 298.69, 100, 74232, 75
2026/07/28 14:28:15.799, 296.82, 100, 74232, 75
2026/07/28 14:28:16.838, 297.45, 100, 74232, 75
2026/07/28 14:28:17.876, 298.68, 100, 74232, 75
2026/07/28 14:28:18.915, 300.04, 100, 74232, 75
2026/07/28 14:28:19.955, 297.33, 100, 74232, 75
2026/07/28 14:28:20.993, 297.90, 100, 74232, 75
2026/07/28 14:28:22.031, 300.45, 100, 74232, 75
2026/07/28 14:28:23.069, 297.73, 100, 74232, 75
2026/07/28 14:28:24.106, 297.90, 100, 74232, 75
2026/07/28 14:28:25.144, 299.93, 100, 74232, 75
2026/07/28 14:28:26.181, 298.18, 100, 74232, 75
2026/07/28 14:28:27.221, 298.20, 100, 74232, 75
2026/07/28 14:28:28.262, 300.32, 100, 74232, 75
2026/07/28 14:28:29.300, 298.29, 100, 74232, 75
2026/07/28 14:28:30.341, 298.20, 100, 74232, 75
2026/07/28 14:28:31.379, 300.05, 100, 74232, 75
2026/07/28 14:28:32.416, 300.64, 100, 74232, 75
2026/07/28 14:28:33.454, 297.93, 100, 74232, 75
2026/07/28 14:28:34.490, 299.46, 100, 74232, 75
2026/07/28 14:28:35.528, 298.89, 100, 74232, 75
2026/07/28 14:28:36.565, 298.11, 100, 74232, 75
2026/07/28 14:28:37.603, 300.22, 100, 74232, 75
2026/07/28 14:28:38.640, 298.61, 100, 74232, 75
2026/07/28 14:28:39.677, 298.41, 100, 74232, 75
2026/07/28 14:28:40.715, 298.29, 100, 74232, 75
2026/07/28 14:28:41.753, 298.48, 100, 74232, 75
2026/07/28 14:28:42.789, 298.20, 100, 74232, 75
2026/07/28 14:28:43.827, 298.57, 100, 74232, 75
2026/07/28 14:28:44.864, 298.72, 100, 74232, 75
2026/07/28 14:28:45.902, 298.85, 100, 74232, 75
2026/07/28 14:28:46.940, 299.76, 100, 74232, 75
2026/07/28 14:28:47.977, 298.30, 100, 74232, 75
2026/07/28 14:28:49.014, 299.64, 100, 74232, 75
2026/07/28 14:28:50.052, 301.30, 100, 74232, 75
2026/07/28 14:28:51.089, 298.31, 100, 74232, 75
2026/07/28 14:28:52.127, 299.08, 100, 74232, 75
2026/07/28 14:28:53.164, 298.20, 100, 74232, 75
2026/07/28 14:28:54.204, 299.01, 100, 74232, 75
2026/07/28 14:28:55.241, 301.30, 100, 74232, 75
2026/07/28 14:28:56.278, 298.50, 100, 74232, 75
2026/07/28 14:28:57.321, 299.97, 100, 74232, 75
2026/07/28 14:28:58.359, 298.50, 100, 74232, 75
2026/07/28 14:28:59.398, 297.93, 100, 74232, 75
2026/07/28 14:29:00.437, 299.56, 100, 74232, 75
2026/07/28 14:29:01.475, 298.80, 100, 74232, 75
2026/07/28 14:29:02.512, 297.73, 100, 74232, 75
2026/07/28 14:29:03.549, 300.62, 100, 74232, 75
2026/07/28 14:29:04.587, 298.41, 100, 74232, 75
2026/07/28 14:29:05.625, 298.13, 100, 74232, 75
2026/07/28 14:29:06.662, 298.91, 100, 74232, 74
2026/07/28 14:29:07.700, 297.72, 100, 74232, 74
2026/07/28 14:29:08.737, 297.71, 100, 74232, 74
2026/07/28 14:29:09.775, 301.61, 100, 74232, 74
2026/07/28 14:29:10.814, 293.92, 100, 74232, 74
2026/07/28 14:29:11.855, 296.37, 100, 74232, 74
2026/07/28 14:29:12.894, 299.55, 100, 74232, 74
2026/07/28 14:29:13.932, 297.42, 100, 74232, 74
2026/07/28 14:29:14.970, 296.17, 100, 74232, 74
2026/07/28 14:29:16.007, 297.34, 100, 74232, 73
2026/07/28 14:29:17.044, 296.26, 100, 74232, 73
2026/07/28 14:29:18.081, 295.30, 100, 74232, 73
2026/07/28 14:29:19.118, 300.65, 100, 74232, 73
2026/07/28 14:29:20.155, 291.89, 100, 74232, 73
2026/07/28 14:29:21.193, 295.30, 100, 74232, 73
2026/07/28 14:29:22.230, 299.08, 100, 74232, 73
2026/07/28 14:29:23.271, 294.53, 100, 74232, 73
2026/07/28 14:29:24.308, 295.90, 100, 74232, 73
2026/07/28 14:29:25.345, 301.32, 100, 74232, 73
2026/07/28 14:29:26.385, 303.37, 100, 74232, 73
2026/07/28 14:29:27.421, 301.98, 100, 74232, 73
2026/07/28 14:29:28.460, 304.87, 100, 74232, 73
2026/07/28 14:29:29.498, 302.39, 100, 74232, 73
2026/07/28 14:29:30.536, 302.59, 100, 74232, 73
2026/07/28 14:29:31.573, 301.31, 100, 74232, 73
2026/07/28 14:29:32.611, 302.18, 100, 74232, 73
2026/07/28 14:29:33.648, 301.77, 100, 74232, 73
2026/07/28 14:29:34.685, 304.00, 100, 74232, 72
2026/07/28 14:29:35.724, 294.72, 100, 74232, 72
2026/07/28 14:29:36.761, 299.16, 100, 74232, 72
2026/07/28 14:29:37.801, 301.09, 100, 74232, 74
2026/07/28 14:29:38.837, 296.13, 100, 74232, 74
2026/07/28 14:29:39.872, 292.94, 100, 74232, 74
2026/07/28 14:29:40.907, 298.11, 100, 74232, 74
2026/07/28 14:29:41.941, 302.74, 100, 74232, 74
2026/07/28 14:29:42.975, 301.49, 100, 74232, 74
2026/07/28 14:29:44.012, 304.01, 100, 74232, 72
2026/07/28 14:29:45.050, 301.33, 100, 74232, 72
2026/07/28 14:29:46.088, 301.11, 100, 74232, 72
2026/07/28 14:29:47.126, 302.46, 100, 74232, 72
2026/07/28 14:29:48.163, 301.83, 100, 74232, 72
2026/07/28 14:29:49.202, 302.28, 100, 74232, 73
2026/07/28 14:29:50.239, 295.20, 100, 74232, 73
2026/07/28 14:29:51.280, 294.90, 100, 74232, 73
2026/07/28 14:29:52.318, 291.81, 100, 74232, 73
2026/07/28 14:29:53.356, 295.01, 100, 74232, 73
2026/07/28 14:29:54.394, 298.04, 100, 74232, 73
2026/07/28 14:29:55.433, 296.57, 100, 74232, 73
2026/07/28 14:29:56.471, 291.22, 100, 74232, 73
2026/07/28 14:29:57.509, 296.20, 100, 74232, 73
2026/07/28 14:29:58.546, 295.58, 100, 74232, 73
2026/07/28 14:29:59.585, 304.65, 100, 74232, 74
2026/07/28 14:30:00.623, 300.05, 100, 74232, 74
2026/07/28 14:30:01.661, 304.02, 100, 74232, 74
2026/07/28 14:30:02.698, 308.29, 100, 74232, 74
2026/07/28 14:30:03.736, 304.07, 100, 74232, 74
2026/07/28 14:30:04.778, 305.10, 100, 74232, 74
2026/07/28 14:30:05.817, 296.84, 100, 74232, 74
2026/07/28 14:30:06.854, 296.66, 100, 74232, 74
2026/07/28 14:30:07.893, 298.32, 100, 74232, 74
2026/07/28 14:30:08.930, 296.77, 100, 74232, 74
2026/07/28 14:30:09.968, 298.30, 100, 74232, 74
2026/07/28 14:30:11.006, 296.94, 100, 74232, 74
2026/07/28 14:30:12.044, 296.89, 100, 74232, 74
2026/07/28 14:30:13.084, 298.40, 100, 74232, 74
2026/07/28 14:30:14.122, 297.24, 100, 74232, 74
2026/07/28 14:30:15.159, 297.83, 100, 74232, 74
2026/07/28 14:30:16.196, 294.73, 100, 74232, 74
2026/07/28 14:30:17.232, 297.72, 100, 74232, 74
2026/07/28 14:30:18.272, 297.84, 100, 74232, 75
2026/07/28 14:30:19.309, 305.76, 100, 74232, 75
2026/07/28 14:30:20.349, 305.08, 100, 74232, 75
2026/07/28 14:30:21.389, 300.85, 100, 74232, 75
2026/07/28 14:30:22.426, 297.90, 100, 74232, 75
2026/07/28 14:30:23.464, 298.51, 100, 74232, 75
2026/07/28 14:30:24.502, 297.63, 100, 74232, 75
2026/07/28 14:30:25.541, 298.30, 100, 74232, 75
2026/07/28 14:30:26.579, 297.62, 100, 74232, 75
2026/07/28 14:30:27.616, 298.15, 100, 74232, 75
2026/07/28 14:30:28.655, 298.69, 100, 74232, 75
2026/07/28 14:30:29.692, 298.89, 100, 74232, 75
2026/07/28 14:30:30.729, 299.11, 100, 74232, 75
2026/07/28 14:30:31.767, 300.13, 100, 74232, 75
2026/07/28 14:30:32.803, 298.80, 100, 74232, 75
2026/07/28 14:30:33.844, 298.88, 100, 74232, 75
2026/07/28 14:30:34.880, 298.81, 100, 74232, 75
2026/07/28 14:30:35.916, 298.71, 100, 74232, 75
2026/07/28 14:30:36.954, 300.17, 100, 74232, 75
2026/07/28 14:30:37.992, 299.58, 100, 74232, 75
2026/07/28 14:30:39.030, 299.10, 100, 74232, 75
2026/07/28 14:30:40.068, 299.00, 100, 74232, 75
2026/07/28 14:30:41.106, 299.56, 100, 74232, 75
2026/07/28 14:30:42.142, 299.20, 100, 74232, 75
2026/07/28 14:30:43.181, 298.40, 100, 74232, 75
2026/07/28 14:30:44.219, 298.99, 100, 74232, 75
2026/07/28 14:30:45.257, 301.68, 100, 74232, 75
2026/07/28 14:30:46.296, 299.45, 100, 74232, 75
2026/07/28 14:30:47.334, 298.99, 100, 74232, 75
2026/07/28 14:30:48.371, 298.80, 100, 74232, 75
2026/07/28 14:30:49.409, 299.10, 100, 74232, 75
2026/07/28 14:30:50.445, 298.82, 100, 74232, 75
2026/07/28 14:30:51.483, 299.18, 100, 74232, 75
2026/07/28 14:30:52.521, 298.71, 100, 74232, 75
2026/07/28 14:30:53.558, 300.04, 100, 74232, 75
2026/07/28 14:30:54.595, 299.39, 100, 74232, 75
2026/07/28 14:30:55.632, 300.04, 100, 74232, 75
2026/07/28 14:30:56.669, 301.42, 100, 74232, 75
2026/07/28 14:30:57.707, 299.39, 100, 74232, 75
2026/07/28 14:30:58.744, 299.46, 100, 74232, 75
2026/07/28 14:30:59.782, 299.47, 100, 74232, 75
2026/07/28 14:31:00.819, 300.52, 100, 74232, 75
2026/07/28 14:31:01.857, 299.36, 100, 74232, 75
2026/07/28 14:31:02.893, 299.00, 100, 74232, 75
2026/07/28 14:31:03.931, 299.67, 100, 74232, 75
2026/07/28 14:31:04.969, 299.57, 100, 74232, 75
2026/07/28 14:31:06.009, 299.86, 100, 74232, 75
2026/07/28 14:31:07.047, 300.04, 100, 74232, 75
2026/07/28 14:31:08.085, 299.69, 100, 74232, 75
2026/07/28 14:31:09.122, 298.89, 100, 74232, 75
2026/07/28 14:31:10.159, 298.69, 100, 74232, 75
2026/07/28 14:31:11.200, 299.37, 100, 74232, 75
2026/07/28 14:31:12.237, 300.54, 100, 74232, 75
2026/07/28 14:31:13.275, 298.40, 100, 74232, 75
2026/07/28 14:31:14.315, 298.49, 100, 74232, 75
2026/07/28 14:31:15.351, 298.69, 100, 74232, 75
2026/07/28 14:31:16.388, 298.80, 100, 74232, 75
2026/07/28 14:31:17.425, 298.04, 100, 74232, 75
2026/07/28 14:31:18.461, 298.79, 100, 74232, 75
2026/07/28 14:31:19.500, 295.79, 100, 74232, 74
2026/07/28 14:31:20.537, 296.87, 100, 74232, 74
2026/07/28 14:31:21.576, 296.65, 100, 74232, 74
2026/07/28 14:31:22.613, 297.64, 100, 74232, 74
2026/07/28 14:31:23.651, 297.23, 100, 74232, 74
2026/07/28 14:31:24.687, 298.11, 100, 74232, 74
2026/07/28 14:31:25.726, 297.12, 100, 74232, 74
2026/07/28 14:31:26.763, 297.05, 100, 74232, 74
2026/07/28 14:31:27.799, 292.98, 100, 74232, 74
2026/07/28 14:31:28.835, 298.29, 100, 74232, 74
2026/07/28 14:31:29.871, 296.16, 100, 74232, 74
2026/07/28 14:31:30.908, 297.84, 100, 74232, 74
2026/07/28 14:31:31.947, 297.63, 100, 74232, 74
2026/07/28 14:31:32.986, 303.25, 100, 74232, 74
2026/07/28 14:31:34.022, 297.33, 100, 74232, 74
2026/07/28 14:31:35.061, 306.08, 100, 74232, 74
2026/07/28 14:31:36.098, 301.73, 100, 74232, 74
2026/07/28 14:31:37.135, 296.94, 100, 74232, 74
2026/07/28 14:31:38.173, 302.07, 100, 74232, 74
2026/07/28 14:31:39.210, 305.60, 100, 74232, 74
2026/07/28 14:31:40.249, 302.17, 100, 74232, 74
2026/07/28 14:31:41.286, 302.36, 100, 74232, 74
2026/07/28 14:31:42.323, 301.78, 100, 74232, 74
2026/07/28 14:31:43.360, 299.75, 100, 74232, 74
2026/07/28 14:31:44.397, 297.04, 100, 74232, 74
2026/07/28 14:31:45.434, 294.34, 100, 74232, 74
2026/07/28 14:31:46.471, 297.85, 100, 74232, 74
2026/07/28 14:31:47.508, 298.12, 100, 74232, 74
2026/07/28 14:31:48.544, 304.40, 100, 74232, 74
2026/07/28 14:31:49.581, 297.57, 100, 74232, 74
2026/07/28 14:31:50.617, 293.36, 100, 74232, 74
2026/07/28 14:31:51.662, 297.04, 100, 74232, 74
2026/07/28 14:31:52.699, 297.05, 100, 74232, 74
2026/07/28 14:31:53.737, 295.68, 100, 74232, 74
2026/07/28 14:31:54.774, 300.54, 100, 74232, 74
2026/07/28 14:31:55.810, 293.37, 100, 74232, 73
2026/07/28 14:31:56.846, 291.71, 100, 74232, 73
2026/07/28 14:31:57.883, 292.67, 100, 74232, 73
2026/07/28 14:31:58.924, 296.56, 100, 74232, 73
2026/07/28 14:31:59.961, 296.28, 100, 74232, 73
2026/07/28 14:32:00.998, 296.21, 100, 74232, 73
2026/07/28 14:32:02.036, 295.68, 100, 74232, 73
2026/07/28 14:32:03.074, 303.28, 100, 74232, 73
2026/07/28 14:32:04.110, 302.95, 100, 74232, 73
2026/07/28 14:32:05.147, 301.13, 100, 74232, 73
2026/07/28 14:32:06.184, 302.38, 100, 74232, 73
2026/07/28 14:32:07.221, 302.85, 100, 74232, 73
2026/07/28 14:32:08.257, 303.06, 100, 74232, 73
2026/07/28 14:32:09.294, 301.60, 100, 74232, 73
2026/07/28 14:32:10.333, 304.64, 100, 74232, 73
2026/07/28 14:32:11.370, 302.18, 100, 74232, 72
2026/07/28 14:32:12.408, 303.14, 100, 74232, 72
2026/07/28 14:32:13.444, 294.04, 100, 74232, 72
2026/07/28 14:32:14.483, 301.03, 100, 74232, 72
2026/07/28 14:32:15.520, 302.10, 100, 74232, 72
2026/07/28 14:32:16.558, 295.80, 100, 74232, 72
2026/07/28 14:32:17.594, 295.89, 100, 74232, 72
2026/07/28 14:32:18.631, 302.18, 100, 74232, 72
2026/07/28 14:32:19.667, 295.98, 100, 74232, 72
2026/07/28 14:32:20.706, 294.63, 100, 74232, 72
2026/07/28 14:32:21.745, 296.48, 100, 74232, 72
2026/07/28 14:32:22.782, 300.25, 100, 74232, 72
2026/07/28 14:32:23.821, 301.43, 100, 74232, 72
2026/07/28 14:32:24.858, 300.43, 100, 74232, 72
2026/07/28 14:32:25.898, 302.37, 100, 74232, 72
2026/07/28 14:32:26.935, 301.89, 100, 74232, 72
2026/07/28 14:32:27.973, 302.59, 100, 74232, 72
2026/07/28 14:32:29.011, 301.71, 100, 74232, 72
2026/07/28 14:32:30.049, 290.33, 100, 74232, 71
2026/07/28 14:32:31.087, 289.08, 100, 74232, 71
2026/07/28 14:32:32.124, 289.65, 100, 74232, 71
2026/07/28 14:32:33.161, 294.05, 100, 74232, 71
2026/07/28 14:32:34.199, 292.48, 100, 74232, 71
2026/07/28 14:32:35.240, 293.27, 100, 74232, 71
2026/07/28 14:32:36.280, 289.28, 100, 74232, 71
2026/07/28 14:32:37.324, 293.63, 100, 74232, 71
2026/07/28 14:32:38.362, 297.35, 100, 74232, 71
2026/07/28 14:32:39.400, 293.54, 100, 74232, 71
2026/07/28 14:32:40.440, 288.69, 100, 74232, 71
2026/07/28 14:32:41.478, 292.60, 100, 74232, 71
2026/07/28 14:32:42.515, 296.47, 100, 74232, 71
2026/07/28 14:32:43.553, 302.45, 100, 74232, 71
2026/07/28 14:32:44.591, 300.74, 100, 74232, 71
2026/07/28 14:32:45.632, 301.05, 100, 74232, 71
2026/07/28 14:32:46.670, 299.94, 100, 74232, 71
2026/07/28 14:32:47.710, 302.67, 100, 74232, 71
2026/07/28 14:32:48.749, 299.75, 100, 74232, 71
2026/07/28 14:32:49.787, 299.94, 100, 74232, 71
2026/07/28 14:32:50.825, 300.17, 100, 74232, 71
2026/07/28 14:32:51.863, 299.59, 100, 74232, 71
2026/07/28 14:32:52.901, 299.66, 100, 74232, 71
2026/07/28 14:32:53.939, 298.79, 100, 74232, 71
2026/07/28 14:32:54.977, 299.26, 100, 74232, 71
2026/07/28 14:32:56.015, 302.85, 100, 74232, 71
2026/07/28 14:32:57.052, 298.98, 100, 74232, 71
2026/07/28 14:32:58.088, 299.50, 100, 74232, 71
2026/07/28 14:32:59.126, 298.61, 100, 74232, 71
2026/07/28 14:33:00.164, 295.99, 100, 74232, 71
2026/07/28 14:33:01.203, 300.36, 100, 74232, 71
2026/07/28 14:33:02.243, 299.69, 100, 74232, 71
2026/07/28 14:33:03.281, 299.21, 100, 74232, 71
2026/07/28 14:33:04.320, 298.70, 100, 74232, 71
2026/07/28 14:33:05.357, 302.97, 100, 74232, 71
2026/07/28 14:33:06.395, 298.32, 100, 74232, 70
2026/07/28 14:33:07.432, 300.55, 100, 74232, 71
2026/07/28 14:33:08.469, 300.33, 100, 74232, 70
2026/07/28 14:33:09.508, 298.97, 100, 74232, 70
2026/07/28 14:33:10.545, 299.40, 100, 74232, 70
2026/07/28 14:33:11.583, 298.82, 100, 74232, 70
2026/07/28 14:33:12.621, 298.04, 100, 74232, 70
2026/07/28 14:33:13.658, 291.25, 100, 74232, 70
2026/07/28 14:33:14.695, 292.41, 100, 74232, 70
2026/07/28 14:33:15.733, 288.01, 100, 74232, 70
2026/07/28 14:33:16.771, 292.87, 100, 74232, 70
2026/07/28 14:33:17.811, 287.61, 100, 74232, 70
2026/07/28 14:33:18.848, 288.90, 100, 74232, 70
2026/07/28 14:33:19.887, 291.42, 100, 74232, 70
2026/07/28 14:33:20.925, 292.70, 100, 74232, 70
2026/07/28 14:33:21.962, 291.44, 100, 74232, 70
2026/07/28 14:33:23.000, 298.50, 100, 74232, 70
2026/07/28 14:33:24.037, 96.19, 0, 74232, 67
2026/07/28 14:33:25.071, 301.02, 100, 74232, 72
2026/07/28 14:33:26.107, 295.40, 100, 74232, 72
2026/07/28 14:33:27.142, 279.65, 100, 74232, 72
2026/07/28 14:33:28.178, 275.26, 100, 74232, 71
2026/07/28 14:33:29.212, 281.24, 100, 74232, 72
2026/07/28 14:33:30.249, 286.44, 100, 74232, 72
2026/07/28 14:33:31.288, 305.38, 100, 74232, 70
2026/07/28 14:33:32.326, 305.22, 100, 74232, 71
2026/07/28 14:33:33.363, 306.54, 100, 74232, 71
2026/07/28 14:33:34.401, 306.34, 100, 74232, 71
2026/07/28 14:33:35.439, 306.95, 100, 74232, 71
2026/07/28 14:33:36.477, 299.74, 100, 74232, 71
2026/07/28 14:33:37.514, 301.55, 100, 74232, 71
2026/07/28 14:33:38.552, 299.77, 100, 74232, 72
2026/07/28 14:33:39.590, 301.02, 100, 74232, 72
2026/07/28 14:33:40.628, 293.66, 100, 74232, 72
2026/07/28 14:33:41.669, 294.14, 100, 74232, 72
2026/07/28 14:33:42.709, 301.11, 100, 74232, 72
2026/07/28 14:33:43.749, 290.56, 100, 74232, 72
2026/07/28 14:33:44.787, 294.44, 100, 74232, 72
2026/07/28 14:33:45.824, 294.72, 100, 74232, 73
2026/07/28 14:33:46.861, 294.91, 100, 74232, 73
2026/07/28 14:33:47.898, 295.89, 100, 74232, 73
2026/07/28 14:33:48.943, 299.51, 100, 74232, 73
2026/07/28 14:33:49.980, 299.36, 100, 74232, 73
2026/07/28 14:33:51.016, 304.14, 100, 74232, 73
2026/07/28 14:33:52.053, 302.77, 100, 74232, 73
2026/07/28 14:33:53.089, 302.98, 100, 74232, 73
2026/07/28 14:33:54.127, 303.43, 100, 74232, 73
2026/07/28 14:33:55.164, 295.69, 100, 74232, 73
2026/07/28 14:33:56.202, 292.31, 100, 74232, 73
2026/07/28 14:33:57.240, 100.50, 100, 74232, 71
2026/07/28 14:33:58.273, 290.14, 100, 74232, 75
2026/07/28 14:33:59.308, 296.38, 100, 74232, 75
2026/07/28 14:34:00.345, 303.22, 100, 74232, 75
2026/07/28 14:34:01.381, 300.64, 100, 74232, 75
2026/07/28 14:34:02.417, 291.35, 100, 74232, 75
2026/07/28 14:34:03.458, 276.93, 100, 74232, 75
2026/07/28 14:34:04.494, 303.24, 100, 74232, 74
2026/07/28 14:34:05.530, 299.28, 100, 74232, 74
2026/07/28 14:34:06.568, 293.05, 100, 74232, 74
2026/07/28 14:34:07.605, 105.81, 89, 74232, 72
2026/07/28 14:34:08.639, 303.36, 100, 74232, 75
2026/07/28 14:34:09.673, 303.54, 100, 74232, 75
2026/07/28 14:34:10.707, 292.03, 100, 74232, 76
2026/07/28 14:34:11.747, 283.91, 100, 74232, 76
2026/07/28 14:34:12.780, 300.31, 100, 74232, 76
2026/07/28 14:34:13.814, 297.22, 100, 74232, 76
2026/07/28 14:34:14.855, 232.66, 100, 74232, 74
2026/07/28 14:34:15.894, 290.17, 100, 74232, 74
2026/07/28 14:34:16.930, 289.47, 100, 74232, 74
2026/07/28 14:34:17.968, 289.97, 100, 74232, 74
2026/07/28 14:34:19.005, 102.86, 27, 74232, 72
2026/07/28 14:34:20.037, 305.17, 100, 74232, 76
2026/07/28 14:34:21.073, 294.18, 100, 74232, 76
2026/07/28 14:34:22.107, 296.24, 100, 74232, 76
2026/07/28 14:34:23.144, 298.14, 100, 74232, 76
2026/07/28 14:34:24.180, 317.33, 100, 74232, 76
2026/07/28 14:34:25.216, 309.83, 100, 74232, 76
2026/07/28 14:34:26.251, 296.18, 100, 74232, 75
2026/07/28 14:34:27.290, 299.29, 100, 74232, 75
2026/07/28 14:34:28.327, 297.62, 100, 74232, 75
2026/07/28 14:34:29.364, 298.20, 100, 74232, 75
2026/07/28 14:34:30.400, 301.60, 100, 74232, 75
2026/07/28 14:34:31.437, 298.92, 100, 74232, 75
2026/07/28 14:34:32.474, 299.57, 100, 74232, 75
2026/07/28 14:34:33.512, 299.18, 100, 74232, 75
2026/07/28 14:34:34.549, 299.17, 100, 74232, 75
2026/07/28 14:34:35.586, 298.89, 100, 74232, 75
2026/07/28 14:34:36.624, 299.17, 100, 74232, 75
2026/07/28 14:34:37.660, 299.66, 100, 74232, 75
2026/07/28 14:34:38.697, 299.65, 100, 74232, 75
2026/07/28 14:34:39.733, 289.00, 100, 74232, 75
2026/07/28 14:34:40.771, 299.37, 100, 74232, 75
2026/07/28 14:34:41.808, 295.89, 100, 74232, 75
2026/07/28 14:34:42.848, 298.69, 100, 74232, 75
2026/07/28 14:34:43.886, 296.26, 100, 74232, 75
2026/07/28 14:34:44.922, 297.07, 100, 74232, 75
2026/07/28 14:34:45.959, 292.19, 100, 74232, 75
2026/07/28 14:34:46.997, 288.11, 100, 74232, 75
2026/07/28 14:34:48.041, 292.49, 100, 74232, 75
2026/07/28 14:34:49.079, 293.17, 100, 74232, 75
2026/07/28 14:34:50.116, 299.58, 100, 74232, 75
2026/07/28 14:34:51.157, 298.30, 100, 74232, 75
2026/07/28 14:34:52.194, 299.21, 100, 74232, 75
2026/07/28 14:34:53.233, 299.36, 100, 74232, 75
2026/07/28 14:34:54.275, 299.07, 100, 74232, 75
2026/07/28 14:34:55.313, 299.94, 100, 74232, 75
2026/07/28 14:34:56.350, 299.08, 100, 74232, 75
2026/07/28 14:34:57.387, 299.55, 100, 74232, 75
2026/07/28 14:34:58.425, 298.80, 100, 74232, 75
2026/07/28 14:34:59.463, 300.07, 100, 74232, 75
2026/07/28 14:35:00.502, 298.32, 100, 74232, 75
2026/07/28 14:35:01.539, 298.59, 100, 74232, 75
2026/07/28 14:35:02.577, 298.69, 100, 74232, 74
2026/07/28 14:35:03.614, 298.40, 100, 74232, 74
2026/07/28 14:35:04.651, 299.46, 100, 74232, 74
2026/07/28 14:35:05.692, 294.33, 100, 74232, 74
2026/07/28 14:35:06.729, 298.82, 100, 74232, 74
2026/07/28 14:35:07.768, 301.70, 100, 74232, 74
2026/07/28 14:35:08.805, 298.09, 100, 74232, 74
2026/07/28 14:35:09.842, 294.34, 100, 74232, 74
2026/07/28 14:35:10.880, 296.55, 100, 74232, 74
2026/07/28 14:35:11.917, 293.74, 100, 74232, 74
2026/07/28 14:35:12.955, 293.95, 100, 74232, 74
2026/07/28 14:35:13.992, 298.78, 100, 74232, 74
2026/07/28 14:35:15.030, 298.32, 100, 74232, 74
2026/07/28 14:35:16.067, 303.05, 100, 74232, 75
2026/07/28 14:35:17.113, 301.87, 100, 74232, 75
2026/07/28 14:35:18.151, 300.75, 100, 74232, 75
2026/07/28 14:35:19.188, 300.05, 100, 74232, 75
2026/07/28 14:35:20.226, 300.35, 100, 74232, 75
2026/07/28 14:35:21.271, 298.30, 100, 74232, 75
2026/07/28 14:35:22.310, 301.04, 100, 74232, 75
2026/07/28 14:35:23.347, 298.40, 100, 74232, 75
2026/07/28 14:35:24.387, 297.92, 100, 74232, 75
2026/07/28 14:35:25.425, 304.22, 100, 74232, 75
2026/07/28 14:35:26.462, 304.11, 100, 74232, 75
2026/07/28 14:35:27.501, 298.88, 100, 74232, 75
2026/07/28 14:35:28.537, 297.93, 100, 74232, 75
2026/07/28 14:35:29.575, 298.33, 100, 74232, 75
2026/07/28 14:35:30.613, 294.91, 100, 74232, 75
2026/07/28 14:35:31.650, 298.40, 100, 74232, 75
2026/07/28 14:35:32.687, 298.19, 100, 74232, 75
2026/07/28 14:35:33.724, 299.00, 100, 74232, 75
2026/07/28 14:35:34.761, 298.32, 100, 74232, 75
2026/07/28 14:35:35.798, 300.32, 100, 74232, 75
2026/07/28 14:35:36.837, 298.21, 100, 74232, 75
2026/07/28 14:35:37.874, 297.45, 100, 74232, 75
2026/07/28 14:35:38.911, 298.13, 100, 74232, 74
2026/07/28 14:35:39.948, 298.78, 100, 74232, 74
2026/07/28 14:35:40.985, 298.09, 100, 74232, 74
2026/07/28 14:35:42.022, 305.60, 100, 74232, 74
2026/07/28 14:35:43.060, 300.04, 100, 74232, 74
2026/07/28 14:35:44.097, 301.22, 100, 74232, 74
2026/07/28 14:35:45.133, 299.07, 100, 74232, 74
2026/07/28 14:35:46.170, 296.11, 100, 74232, 74
2026/07/28 14:35:47.208, 298.19, 100, 74232, 74
2026/07/28 14:35:48.246, 297.06, 100, 74232, 74
2026/07/28 14:35:49.283, 297.34, 100, 74232, 74
2026/07/28 14:35:50.325, 297.36, 100, 74232, 74
2026/07/28 14:35:51.364, 301.22, 100, 74232, 74
2026/07/28 14:35:52.401, 304.31, 100, 74232, 74
2026/07/28 14:35:53.438, 299.36, 100, 74232, 74
2026/07/28 14:35:54.475, 297.45, 100, 74232, 74
2026/07/28 14:35:55.513, 302.60, 100, 74232, 74
2026/07/28 14:35:56.551, 300.85, 100, 74232, 74
2026/07/28 14:35:57.588, 305.75, 100, 74232, 74
2026/07/28 14:35:58.624, 296.45, 100, 74232, 74
2026/07/28 14:35:59.661, 293.25, 100, 74232, 74
2026/07/28 14:36:00.697, 298.13, 100, 74232, 74
2026/07/28 14:36:01.734, 298.42, 100, 74232, 74
2026/07/28 14:36:02.771, 300.91, 100, 74232, 74
2026/07/28 14:36:03.808, 298.88, 100, 74232, 74
2026/07/28 14:36:04.845, 297.42, 100, 74232, 74
2026/07/28 14:36:05.882, 296.17, 100, 74232, 74
2026/07/28 14:36:06.920, 304.39, 100, 74232, 74
2026/07/28 14:36:07.957, 292.87, 100, 74232, 73
2026/07/28 14:36:08.996, 299.86, 100, 74232, 73
2026/07/28 14:36:10.033, 300.16, 100, 74232, 73
2026/07/28 14:36:11.074, 296.08, 100, 74232, 73
2026/07/28 14:36:12.113, 296.17, 100, 74232, 73
2026/07/28 14:36:13.150, 295.51, 100, 74232, 73
2026/07/28 14:36:14.189, 295.97, 100, 74232, 73
2026/07/28 14:36:15.226, 295.69, 100, 74232, 73
2026/07/28 14:36:16.263, 296.10, 100, 74232, 73
2026/07/28 14:36:17.303, 295.20, 100, 74232, 73
2026/07/28 14:36:18.340, 291.23, 100, 74232, 73
2026/07/28 14:36:19.378, 294.72, 100, 74232, 73
2026/07/28 14:36:20.415, 296.07, 100, 74232, 73
2026/07/28 14:36:21.452, 298.81, 100, 74232, 72
2026/07/28 14:36:22.489, 295.59, 100, 74232, 72
2026/07/28 14:36:23.533, 297.55, 100, 74232, 72
2026/07/28 14:36:24.572, 292.90, 100, 74232, 72
2026/07/28 14:36:25.610, 294.43, 100, 74232, 72
2026/07/28 14:36:26.653, 296.93, 100, 74232, 72
2026/07/28 14:36:27.690, 297.83, 100, 74232, 72
2026/07/28 14:36:28.729, 301.89, 100, 74232, 72
2026/07/28 14:36:29.766, 300.88, 100, 74232, 72
2026/07/28 14:36:30.802, 294.25, 100, 74232, 72
2026/07/28 14:36:31.839, 293.14, 100, 74232, 72
2026/07/28 14:36:32.876, 294.12, 100, 74232, 72
2026/07/28 14:36:33.913, 294.14, 100, 74232, 72
2026/07/28 14:36:34.949, 293.36, 100, 74232, 72
2026/07/28 14:36:35.987, 296.64, 100, 74232, 72
2026/07/28 14:36:37.023, 301.04, 100, 74232, 72
2026/07/28 14:36:38.060, 289.77, 100, 74232, 71
2026/07/28 14:36:39.098, 294.34, 100, 74232, 71
2026/07/28 14:36:40.137, 292.48, 100, 74232, 71
2026/07/28 14:36:41.174, 299.75, 100, 74232, 71
2026/07/28 14:36:42.212, 299.67, 100, 74232, 71
2026/07/28 14:36:43.250, 299.11, 100, 74232, 71
2026/07/28 14:36:44.287, 300.34, 100, 74232, 71
2026/07/28 14:36:45.323, 300.24, 100, 74232, 71
2026/07/28 14:36:46.359, 300.57, 100, 74232, 71
2026/07/28 14:36:47.397, 300.62, 100, 74232, 71
2026/07/28 14:36:48.434, 301.49, 100, 74232, 71
2026/07/28 14:36:49.472, 300.62, 100, 74232, 71
2026/07/28 14:36:50.509, 300.47, 100, 74232, 71
2026/07/28 14:36:51.546, 300.05, 100, 74232, 71
2026/07/28 14:36:52.583, 303.62, 100, 74232, 71
2026/07/28 14:36:53.620, 300.52, 100, 74232, 71
2026/07/28 14:36:54.660, 302.06, 100, 74232, 71
2026/07/28 14:36:55.696, 306.53, 100, 74232, 71
2026/07/28 14:36:56.735, 300.81, 100, 74232, 71
2026/07/28 14:36:57.772, 299.69, 100, 74232, 71
2026/07/28 14:36:58.810, 300.05, 100, 74232, 71
2026/07/28 14:36:59.846, 300.52, 100, 74232, 71
2026/07/28 14:37:00.883, 300.61, 100, 74232, 71
2026/07/28 14:37:01.920, 299.10, 100, 74232, 71
2026/07/28 14:37:02.955, 299.17, 100, 74232, 71
2026/07/28 14:37:03.991, 293.06, 100, 74232, 71
2026/07/28 14:37:05.029, 294.14, 100, 74232, 70
2026/07/28 14:37:06.066, 292.87, 100, 74232, 70
2026/07/28 14:37:07.103, 294.54, 100, 74232, 70
2026/07/28 14:37:08.140, 290.94, 100, 74232, 70
2026/07/28 14:37:09.178, 291.72, 100, 74232, 70
2026/07/28 14:37:10.215, 287.92, 100, 74232, 70
2026/07/28 14:37:11.254, 300.97, 100, 74232, 70
2026/07/28 14:37:12.290, 298.49, 100, 74232, 70
2026/07/28 14:37:13.327, 298.71, 100, 74232, 70
2026/07/28 14:37:14.365, 299.58, 100, 74232, 70
2026/07/28 14:37:15.401, 300.83, 100, 74232, 70
2026/07/28 14:37:16.438, 298.30, 100, 74232, 70
2026/07/28 14:37:17.475, 299.01, 100, 74232, 70
2026/07/28 14:37:18.512, 299.27, 100, 74232, 70
2026/07/28 14:37:19.550, 299.85, 100, 74232, 70
2026/07/28 14:37:20.590, 299.08, 100, 74232, 70
2026/07/28 14:37:21.628, 298.11, 100, 74232, 70
2026/07/28 14:37:22.665, 299.56, 100, 74232, 70
2026/07/28 14:37:23.703, 305.58, 100, 74232, 70
2026/07/28 14:37:24.740, 300.43, 100, 74232, 70
2026/07/28 14:37:25.777, 297.83, 100, 74232, 70
2026/07/28 14:37:26.814, 297.74, 100, 74232, 70
2026/07/28 14:37:27.851, 291.10, 100, 74232, 70
2026/07/28 14:37:28.888, 287.82, 100, 74232, 70
2026/07/28 14:37:29.933, 290.35, 100, 74232, 70
2026/07/28 14:37:30.972, 297.14, 100, 74232, 70
2026/07/28 14:37:32.010, 301.41, 100, 74232, 70
2026/07/28 14:37:33.048, 297.35, 100, 74232, 70
2026/07/28 14:37:34.086, 301.34, 100, 74232, 70
2026/07/28 14:37:35.122, 298.98, 100, 74232, 70
2026/07/28 14:37:36.159, 298.52, 100, 74232, 70
2026/07/28 14:37:37.196, 298.21, 100, 74232, 70
2026/07/28 14:37:38.233, 299.07, 100, 74232, 70
2026/07/28 14:37:39.269, 300.25, 100, 74232, 70
2026/07/28 14:37:40.309, 305.17, 100, 74232, 70
2026/07/28 14:37:41.346, 296.65, 100, 74232, 70
2026/07/28 14:37:42.383, 298.29, 100, 74232, 70
2026/07/28 14:37:43.419, 298.49, 100, 74232, 70
2026/07/28 14:37:44.458, 305.48, 100, 74232, 70
2026/07/28 14:37:45.494, 303.53, 100, 74232, 70
2026/07/28 14:37:46.533, 296.18, 100, 74232, 70
2026/07/28 14:37:47.569, 301.22, 100, 74232, 70
2026/07/28 14:37:48.605, 298.31, 100, 74232, 70
2026/07/28 14:37:49.642, 299.75, 100, 74232, 70
2026/07/28 14:37:50.679, 298.51, 100, 74232, 70
2026/07/28 14:37:51.717, 297.53, 100, 74232, 70
2026/07/28 14:37:52.753, 294.62, 100, 74232, 69
2026/07/28 14:37:53.795, 300.36, 100, 74232, 70
2026/07/28 14:37:54.833, 298.97, 100, 74232, 70
2026/07/28 14:37:55.869, 298.01, 100, 74232, 70
2026/07/28 14:37:56.905, 298.11, 100, 74232, 70
2026/07/28 14:37:57.942, 297.61, 100, 74232, 70
2026/07/28 14:37:58.978, 296.65, 100, 74232, 70
2026/07/28 14:38:00.016, 297.83, 100, 74232, 70
2026/07/28 14:38:01.053, 298.30, 100, 74232, 69
2026/07/28 14:38:02.090, 297.90, 100, 74232, 69
2026/07/28 14:38:03.126, 299.46, 100, 74232, 69
2026/07/28 14:38:04.162, 297.15, 100, 74232, 69
2026/07/28 14:38:05.200, 294.23, 100, 74232, 69
2026/07/28 14:38:06.237, 297.32, 100, 74232, 69
2026/07/28 14:38:07.277, 298.13, 100, 74232, 69
2026/07/28 14:38:08.313, 298.67, 100, 74232, 69
2026/07/28 14:38:09.350, 299.28, 100, 74232, 69
2026/07/28 14:38:10.387, 301.69, 100, 74232, 69
2026/07/28 14:38:11.424, 300.24, 100, 74232, 69
2026/07/28 14:38:12.460, 294.02, 100, 74232, 69
2026/07/28 14:38:13.500, 298.12, 100, 74232, 69
2026/07/28 14:38:14.537, 302.90, 100, 74232, 69
2026/07/28 14:38:15.573, 304.21, 100, 74232, 69
2026/07/28 14:38:16.609, 304.59, 100, 74232, 69
2026/07/28 14:38:17.647, 296.19, 100, 74232, 69
2026/07/28 14:38:18.684, 302.37, 100, 74232, 69
2026/07/28 14:38:19.720, 303.55, 100, 74232, 69
2026/07/28 14:38:20.757, 304.50, 100, 74232, 69
2026/07/28 14:38:21.793, 298.79, 100, 74232, 69
2026/07/28 14:38:22.830, 304.98, 100, 74232, 69
2026/07/28 14:38:23.866, 302.37, 100, 74232, 69
2026/07/28 14:38:24.902, 301.30, 100, 74232, 69
2026/07/28 14:38:25.938, 307.93, 100, 74232, 69
2026/07/28 14:38:26.976, 300.73, 100, 74232, 69
2026/07/28 14:38:28.013, 297.04, 100, 74232, 69
2026/07/28 14:38:29.050, 298.87, 100, 74232, 69
2026/07/28 14:38:30.086, 300.93, 100, 74232, 69
2026/07/28 14:38:31.125, 300.14, 100, 74232, 69
2026/07/28 14:38:32.162, 297.14, 100, 74232, 69
2026/07/28 14:38:33.200, 297.93, 100, 74232, 69
2026/07/28 14:38:34.236, 296.54, 100, 74232, 69
2026/07/28 14:38:35.272, 297.72, 100, 74232, 69
2026/07/28 14:38:36.308, 297.64, 100, 74232, 69
2026/07/28 14:38:37.344, 299.08, 100, 74232, 69
2026/07/28 14:38:38.380, 297.73, 100, 74232, 69
2026/07/28 14:38:39.416, 298.67, 100, 74232, 69
2026/07/28 14:38:40.454, 301.30, 100, 74232, 69
2026/07/28 14:38:41.491, 302.77, 100, 74232, 69
2026/07/28 14:38:42.527, 297.61, 100, 74232, 69
2026/07/28 14:38:43.563, 294.72, 100, 74232, 69
2026/07/28 14:38:44.599, 297.25, 100, 74232, 69
2026/07/28 14:38:45.635, 296.77, 100, 74232, 69
2026/07/28 14:38:46.672, 294.04, 100, 74232, 69
2026/07/28 14:38:47.708, 297.24, 100, 74232, 69
2026/07/28 14:38:48.747, 302.47, 100, 74232, 69
2026/07/28 14:38:49.783, 334.49, 0, 74232, 70
2026/07/28 14:38:50.825, 288.53, 100, 74232, 70
2026/07/28 14:38:51.859, 289.46, 100, 74232, 70
2026/07/28 14:38:52.894, 272.90, 100, 74232, 70
2026/07/28 14:38:53.933, 310.74, 100, 74232, 70
2026/07/28 14:38:54.969, 299.69, 100, 74232, 70
2026/07/28 14:38:56.008, 295.71, 100, 74232, 70
2026/07/28 14:38:57.046, 305.12, 100, 74232, 69
2026/07/28 14:38:58.082, 303.55, 100, 74232, 69
2026/07/28 14:38:59.119, 304.33, 100, 74232, 69
2026/07/28 14:39:00.156, 95.03, 0, 74232, 66
2026/07/28 14:39:01.190, 274.62, 100, 74232, 71
2026/07/28 14:39:02.226, 280.38, 100, 74232, 71
2026/07/28 14:39:03.260, 276.60, 100, 74232, 72
2026/07/28 14:39:04.295, 270.96, 100, 74232, 71
2026/07/28 14:39:05.331, 312.58, 100, 74232, 72
2026/07/28 14:39:06.370, 323.71, 100, 74232, 72
2026/07/28 14:39:07.404, 306.36, 100, 74232, 71
2026/07/28 14:39:08.440, 303.09, 100, 74232, 71
2026/07/28 14:39:09.479, 299.16, 100, 74232, 71
2026/07/28 14:39:10.518, 299.67, 100, 74232, 71
2026/07/28 14:39:11.558, 300.06, 100, 74232, 71
2026/07/28 14:39:12.596, 299.95, 100, 74232, 72
2026/07/28 14:39:13.634, 302.80, 100, 74232, 72
2026/07/28 14:39:14.672, 300.73, 100, 74232, 72
2026/07/28 14:39:15.711, 302.66, 100, 74232, 72
2026/07/28 14:39:16.749, 301.70, 100, 74232, 72
2026/07/28 14:39:17.786, 302.58, 100, 74232, 72
2026/07/28 14:39:18.824, 302.17, 100, 74232, 72
2026/07/28 14:39:19.864, 302.76, 100, 74232, 73
2026/07/28 14:39:20.902, 304.70, 100, 74232, 73
2026/07/28 14:39:21.940, 302.48, 100, 74232, 73
2026/07/28 14:39:22.978, 304.69, 100, 74232, 73
2026/07/28 14:39:24.016, 297.23, 100, 74232, 73
2026/07/28 14:39:25.053, 293.24, 100, 74232, 73
2026/07/28 14:39:26.091, 295.39, 100, 74232, 73
2026/07/28 14:39:27.128, 295.81, 100, 74232, 73
2026/07/28 14:39:28.166, 295.31, 100, 74232, 73
2026/07/28 14:39:29.204, 295.23, 100, 74232, 73
2026/07/28 14:39:30.242, 295.90, 100, 74232, 73
2026/07/28 14:39:31.281, 295.99, 100, 74232, 73
2026/07/28 14:39:32.318, 297.04, 100, 74232, 73
2026/07/28 14:39:33.358, 296.48, 100, 74232, 73
2026/07/28 14:39:34.396, 297.63, 100, 74232, 73
2026/07/28 14:39:35.434, 296.65, 100, 74232, 74
2026/07/28 14:39:36.471, 297.60, 100, 74232, 74
2026/07/28 14:39:37.509, 297.24, 100, 74232, 74
2026/07/28 14:39:38.548, 296.29, 100, 74232, 74
2026/07/28 14:39:39.585, 298.88, 100, 74232, 74
2026/07/28 14:39:40.622, 297.23, 100, 74232, 74
2026/07/28 14:39:41.661, 296.55, 100, 74232, 74
2026/07/28 14:39:42.700, 297.14, 100, 74232, 74
2026/07/28 14:39:43.738, 298.00, 100, 74232, 74
2026/07/28 14:39:44.775, 297.64, 100, 74232, 74
2026/07/28 14:39:45.814, 297.24, 100, 74232, 74
2026/07/28 14:39:46.852, 297.04, 100, 74232, 74
2026/07/28 14:39:47.889, 299.07, 100, 74232, 74
2026/07/28 14:39:48.926, 296.87, 100, 74232, 74
2026/07/28 14:39:49.963, 298.02, 100, 74232, 74
2026/07/28 14:39:51.000, 297.43, 100, 74232, 74
2026/07/28 14:39:52.037, 298.13, 100, 74232, 74
2026/07/28 14:39:53.075, 297.83, 100, 74232, 74
2026/07/28 14:39:54.113, 294.07, 100, 74232, 74
2026/07/28 14:39:55.150, 305.01, 100, 74232, 74
2026/07/28 14:39:56.188, 301.51, 100, 74232, 74
2026/07/28 14:39:57.225, 299.96, 100, 74232, 74
2026/07/28 14:39:58.264, 298.40, 100, 74232, 74
2026/07/28 14:39:59.303, 297.91, 100, 74232, 74
2026/07/28 14:40:00.340, 298.51, 100, 74232, 74
2026/07/28 14:40:01.379, 299.37, 100, 74232, 74
2026/07/28 14:40:02.416, 298.22, 100, 74232, 74
2026/07/28 14:40:03.458, 306.11, 100, 74232, 74
2026/07/28 14:40:04.495, 293.94, 100, 74232, 74
2026/07/28 14:40:05.534, 298.60, 100, 74232, 74
2026/07/28 14:40:06.570, 297.81, 100, 74232, 74
2026/07/28 14:40:07.609, 298.31, 100, 74232, 74
2026/07/28 14:40:08.647, 298.31, 100, 74232, 74
2026/07/28 14:40:09.686, 298.02, 100, 74232, 74
2026/07/28 14:40:10.724, 297.53, 100, 74232, 74
2026/07/28 14:40:11.760, 298.61, 100, 74232, 74
2026/07/28 14:40:12.796, 297.83, 100, 74232, 74
2026/07/28 14:40:13.834, 306.61, 100, 74232, 74
2026/07/28 14:40:14.875, 304.31, 100, 74232, 75
2026/07/28 14:40:15.913, 305.49, 100, 74232, 75
2026/07/28 14:40:16.949, 301.55, 100, 74232, 74
2026/07/28 14:40:17.986, 298.01, 100, 74232, 75
2026/07/28 14:40:19.023, 301.49, 100, 74232, 75
2026/07/28 14:40:20.061, 297.45, 100, 74232, 75
2026/07/28 14:40:21.097, 298.50, 100, 74232, 75
2026/07/28 14:40:22.135, 298.02, 100, 74232, 75
2026/07/28 14:40:23.173, 300.05, 100, 74232, 75
2026/07/28 14:40:24.211, 298.79, 100, 74232, 75
2026/07/28 14:40:25.248, 299.10, 100, 74232, 75
2026/07/28 14:40:26.287, 296.48, 100, 74232, 75
2026/07/28 14:40:27.325, 298.61, 100, 74232, 75
2026/07/28 14:40:28.362, 298.23, 100, 74232, 75
2026/07/28 14:40:29.398, 298.71, 100, 74232, 75
2026/07/28 14:40:30.435, 300.64, 100, 74232, 75
2026/07/28 14:40:31.472, 305.20, 100, 74232, 75
2026/07/28 14:40:32.510, 298.49, 100, 74232, 75
2026/07/28 14:40:33.546, 298.31, 100, 74232, 75
2026/07/28 14:40:34.583, 299.36, 100, 74232, 75
2026/07/28 14:40:35.619, 298.51, 100, 74232, 75
2026/07/28 14:40:36.660, 298.01, 100, 74232, 75
2026/07/28 14:40:37.698, 298.02, 100, 74232, 75
2026/07/28 14:40:38.735, 299.95, 100, 74232, 75
2026/07/28 14:40:39.772, 298.30, 100, 74232, 75
2026/07/28 14:40:40.809, 301.01, 100, 74232, 75
2026/07/28 14:40:41.847, 298.00, 100, 74232, 75
2026/07/28 14:40:42.884, 300.93, 100, 74232, 75
2026/07/28 14:40:43.923, 298.21, 100, 74232, 75
2026/07/28 14:40:44.961, 298.39, 100, 74232, 75
2026/07/28 14:40:45.998, 299.27, 100, 74232, 75
2026/07/28 14:40:47.036, 298.12, 100, 74232, 75
2026/07/28 14:40:48.073, 299.18, 100, 74232, 75
2026/07/28 14:40:49.110, 298.12, 100, 74232, 75
2026/07/28 14:40:50.147, 298.78, 100, 74232, 75
2026/07/28 14:40:51.183, 298.30, 100, 74232, 75
2026/07/28 14:40:52.220, 301.78, 100, 74232, 75
2026/07/28 14:40:53.257, 301.00, 100, 74232, 75
2026/07/28 14:40:54.293, 298.50, 100, 74232, 75
2026/07/28 14:40:55.333, 300.04, 100, 74232, 75
2026/07/28 14:40:56.370, 301.03, 100, 74232, 75
2026/07/28 14:40:57.408, 298.32, 100, 74232, 75
2026/07/28 14:40:58.447, 298.58, 100, 74232, 75
2026/07/28 14:40:59.484, 300.51, 100, 74232, 75
2026/07/28 14:41:00.521, 298.69, 100, 74232, 75
2026/07/28 14:41:01.557, 298.71, 100, 74232, 75
2026/07/28 14:41:02.594, 298.79, 100, 74232, 75
2026/07/28 14:41:03.632, 299.73, 100, 74232, 75
2026/07/28 14:41:04.669, 299.17, 100, 74232, 75
2026/07/28 14:41:05.706, 300.24, 100, 74232, 75
2026/07/28 14:41:06.744, 299.06, 100, 74232, 75
2026/07/28 14:41:07.780, 298.99, 100, 74232, 75
2026/07/28 14:41:08.816, 298.88, 100, 74232, 75
2026/07/28 14:41:09.854, 299.27, 100, 74232, 75
2026/07/28 14:41:10.891, 300.71, 100, 74232, 75
2026/07/28 14:41:11.929, 299.36, 100, 74232, 75
2026/07/28 14:41:12.966, 301.11, 100, 74232, 75
2026/07/28 14:41:14.004, 298.80, 100, 74232, 75
2026/07/28 14:41:15.041, 297.61, 100, 74232, 75
2026/07/28 14:41:16.078, 299.49, 100, 74232, 75
2026/07/28 14:41:17.116, 298.40, 100, 74232, 75
2026/07/28 14:41:18.152, 298.05, 100, 74232, 75
2026/07/28 14:41:19.188, 294.92, 100, 74232, 74
2026/07/28 14:41:20.225, 299.10, 100, 74232, 74
2026/07/28 14:41:21.262, 297.91, 100, 74232, 74
2026/07/28 14:41:22.299, 298.61, 100, 74232, 74
2026/07/28 14:41:23.343, 301.98, 100, 74232, 74
2026/07/28 14:41:24.383, 302.41, 100, 74232, 74
2026/07/28 14:41:25.419, 304.99, 100, 74232, 74
2026/07/28 14:41:26.456, 294.07, 100, 74232, 74
2026/07/28 14:41:27.493, 293.65, 100, 74232, 74
2026/07/28 14:41:28.535, 297.47, 100, 74232, 74
2026/07/28 14:41:29.575, 304.49, 100, 74232, 74
2026/07/28 14:41:30.612, 305.30, 100, 74232, 74
2026/07/28 14:41:31.650, 299.30, 100, 74232, 74
2026/07/28 14:41:32.687, 294.45, 100, 74232, 74
2026/07/28 14:41:33.725, 292.67, 100, 74232, 74
2026/07/28 14:41:34.764, 296.35, 100, 74232, 74
2026/07/28 14:41:35.800, 294.43, 100, 74232, 73
2026/07/28 14:41:36.838, 292.68, 100, 74232, 73
2026/07/28 14:41:37.878, 296.45, 100, 74232, 73
2026/07/28 14:41:38.916, 304.01, 100, 74232, 73
2026/07/28 14:41:39.953, 304.98, 100, 74232, 73
2026/07/28 14:41:40.992, 302.86, 100, 74232, 73
2026/07/28 14:41:42.029, 303.51, 100, 74232, 73
2026/07/28 14:41:43.066, 303.35, 100, 74232, 73
2026/07/28 14:41:44.103, 303.05, 100, 74232, 73
2026/07/28 14:41:45.139, 302.68, 100, 74232, 73
2026/07/28 14:41:46.176, 302.57, 100, 74232, 73
2026/07/28 14:41:47.213, 303.48, 100, 74232, 73
2026/07/28 14:41:48.249, 302.39, 100, 74232, 73
2026/07/28 14:41:49.287, 302.36, 100, 74232, 73
2026/07/28 14:41:50.328, 302.84, 100, 74232, 72
2026/07/28 14:41:51.365, 302.79, 100, 74232, 72
2026/07/28 14:41:52.402, 296.27, 100, 74232, 72
2026/07/28 14:41:53.438, 294.61, 100, 74232, 72
2026/07/28 14:41:54.475, 295.52, 100, 74232, 72
2026/07/28 14:41:55.511, 294.82, 100, 74232, 72
2026/07/28 14:41:56.548, 291.80, 100, 74232, 72
2026/07/28 14:41:57.586, 294.52, 100, 74232, 72
2026/07/28 14:41:58.625, 301.89, 100, 74232, 72
2026/07/28 14:41:59.662, 296.01, 100, 74232, 72
2026/07/28 14:42:00.697, 305.06, 100, 74232, 72
2026/07/28 14:42:01.734, 294.53, 100, 74232, 72
2026/07/28 14:42:02.774, 294.03, 100, 74232, 72
2026/07/28 14:42:03.811, 301.86, 100, 74232, 72
2026/07/28 14:42:04.855, 300.40, 100, 74232, 72
2026/07/28 14:42:05.894, 299.37, 100, 74232, 72
2026/07/28 14:42:06.930, 301.32, 100, 74232, 72
2026/07/28 14:42:07.968, 292.38, 100, 74232, 72
2026/07/28 14:42:09.006, 298.38, 100, 74232, 72
2026/07/28 14:42:10.044, 300.53, 100, 74232, 72
2026/07/28 14:42:11.082, 300.84, 100, 74232, 72
2026/07/28 14:42:12.118, 300.84, 100, 74232, 72
2026/07/28 14:42:13.155, 298.23, 100, 74232, 72
2026/07/28 14:42:14.191, 300.04, 100, 74232, 72
2026/07/28 14:42:15.228, 302.76, 100, 74232, 71
2026/07/28 14:42:16.265, 302.07, 100, 74232, 72
2026/07/28 14:42:17.304, 302.77, 100, 74232, 71
2026/07/28 14:42:18.340, 301.01, 100, 74232, 71
2026/07/28 14:42:19.378, 300.54, 100, 74232, 71
2026/07/28 14:42:20.414, 301.20, 100, 74232, 71
2026/07/28 14:42:21.450, 300.62, 100, 74232, 71
2026/07/28 14:42:22.486, 302.64, 100, 74232, 71
2026/07/28 14:42:23.522, 300.91, 100, 74232, 71
2026/07/28 14:42:24.559, 301.76, 100, 74232, 71
2026/07/28 14:42:25.596, 301.09, 100, 74232, 71
2026/07/28 14:42:26.634, 300.17, 100, 74232, 71
2026/07/28 14:42:27.671, 300.71, 100, 74232, 71
2026/07/28 14:42:28.707, 294.70, 100, 74232, 71
2026/07/28 14:42:29.747, 295.00, 100, 74232, 71
2026/07/28 14:42:30.784, 292.65, 100, 74232, 71
2026/07/28 14:42:31.820, 293.16, 100, 74232, 71
2026/07/28 14:42:32.860, 298.81, 100, 74232, 71
2026/07/28 14:42:33.898, 297.83, 100, 74232, 71
2026/07/28 14:42:34.935, 299.38, 100, 74232, 71
2026/07/28 14:42:35.973, 299.75, 100, 74232, 71
2026/07/28 14:42:37.009, 299.17, 100, 74232, 71
2026/07/28 14:42:38.045, 300.23, 100, 74232, 71
2026/07/28 14:42:39.081, 302.98, 100, 74232, 71
2026/07/28 14:42:40.117, 299.86, 100, 74232, 71
2026/07/28 14:42:41.154, 301.03, 100, 74232, 71
2026/07/28 14:42:42.190, 300.15, 100, 74232, 71
2026/07/28 14:42:43.227, 300.52, 100, 74232, 71
2026/07/28 14:42:44.263, 300.43, 100, 74232, 71
2026/07/28 14:42:45.301, 299.95, 100, 74232, 71
2026/07/28 14:42:46.337, 301.33, 100, 74232, 71
2026/07/28 14:42:47.373, 299.77, 100, 74232, 71
2026/07/28 14:42:48.409, 300.14, 100, 74232, 71
2026/07/28 14:42:49.448, 299.66, 100, 74232, 71
2026/07/28 14:42:50.485, 299.37, 100, 74232, 71
2026/07/28 14:42:51.523, 306.59, 100, 74232, 71
2026/07/28 14:42:52.560, 296.37, 100, 74232, 71
2026/07/28 14:42:53.598, 300.38, 100, 74232, 71
2026/07/28 14:42:54.635, 299.54, 100, 74232, 71
2026/07/28 14:42:55.671, 299.75, 100, 74232, 71
2026/07/28 14:42:56.708, 292.48, 100, 74232, 71
2026/07/28 14:42:57.749, 288.99, 100, 74232, 70
2026/07/28 14:42:58.788, 291.92, 100, 74232, 71
2026/07/28 14:42:59.824, 288.62, 100, 74232, 71
2026/07/28 14:43:00.863, 289.45, 100, 74232, 70
2026/07/28 14:43:01.899, 292.46, 100, 74232, 70
2026/07/28 14:43:02.939, 297.25, 100, 74232, 71
2026/07/28 14:43:03.976, 299.95, 100, 74232, 71
2026/07/28 14:43:05.013, 300.64, 100, 74232, 71
2026/07/28 14:43:06.051, 299.88, 100, 74232, 71
2026/07/28 14:43:07.088, 299.65, 100, 74232, 70
2026/07/28 14:43:08.124, 299.47, 100, 74232, 71
2026/07/28 14:43:09.161, 298.78, 100, 74232, 71
2026/07/28 14:43:10.198, 298.86, 100, 74232, 70
2026/07/28 14:43:11.235, 299.46, 100, 74232, 70
2026/07/28 14:43:12.273, 301.80, 100, 74232, 70
2026/07/28 14:43:13.311, 300.15, 100, 74232, 70
2026/07/28 14:43:14.347, 301.60, 100, 74232, 70
2026/07/28 14:43:15.386, 299.26, 100, 74232, 70
2026/07/28 14:43:16.424, 299.18, 100, 74232, 70
2026/07/28 14:43:17.463, 298.53, 100, 74232, 70
2026/07/28 14:43:18.500, 293.65, 100, 74232, 70
2026/07/28 14:43:19.541, 300.26, 100, 74232, 70
2026/07/28 14:43:20.577, 299.56, 100, 74232, 70
2026/07/28 14:43:21.614, 300.36, 100, 74232, 70
2026/07/28 14:43:22.651, 290.05, 100, 74232, 70
2026/07/28 14:43:23.689, 291.90, 100, 74232, 70
2026/07/28 14:43:24.731, 292.57, 100, 74232, 70
2026/07/28 14:43:25.767, 299.36, 100, 74232, 70
2026/07/28 14:43:26.805, 300.52, 100, 74232, 70
2026/07/28 14:43:27.841, 300.13, 100, 74232, 70
2026/07/28 14:43:28.880, 293.65, 100, 74232, 70
2026/07/28 14:43:29.918, 292.78, 100, 74232, 70
2026/07/28 14:43:30.955, 293.05, 100, 74232, 70
2026/07/28 14:43:31.992, 292.11, 100, 74232, 70
2026/07/28 14:43:33.032, 291.70, 100, 74232, 70
2026/07/28 14:43:34.070, 294.03, 100, 74232, 70
2026/07/28 14:43:35.106, 291.90, 100, 74232, 70
2026/07/28 14:43:36.143, 298.21, 100, 74232, 70
2026/07/28 14:43:37.179, 299.28, 100, 74232, 70
2026/07/28 14:43:38.215, 293.65, 100, 74232, 70
2026/07/28 14:43:39.253, 298.68, 100, 74232, 70
2026/07/28 14:43:40.292, 298.32, 100, 74232, 70
2026/07/28 14:43:41.329, 296.46, 100, 74232, 70
2026/07/28 14:43:42.365, 294.61, 100, 74232, 70
2026/07/28 14:43:43.401, 299.75, 100, 74232, 70
2026/07/28 14:43:44.439, 299.17, 100, 74232, 70
2026/07/28 14:43:45.475, 299.96, 100, 74232, 70
2026/07/28 14:43:46.513, 299.57, 100, 74232, 70
2026/07/28 14:43:47.550, 299.10, 100, 74232, 70
2026/07/28 14:43:48.587, 299.47, 100, 74232, 70
2026/07/28 14:43:49.625, 298.60, 100, 74232, 70
2026/07/28 14:43:50.661, 299.11, 100, 74232, 70
2026/07/28 14:43:51.698, 298.67, 100, 74232, 70
2026/07/28 14:43:52.735, 300.14, 100, 74232, 70
2026/07/28 14:43:53.771, 299.17, 100, 74232, 70
2026/07/28 14:43:54.809, 300.52, 100, 74232, 70
2026/07/28 14:43:55.846, 298.77, 100, 74232, 70
2026/07/28 14:43:56.882, 298.57, 100, 74232, 70
2026/07/28 14:43:57.919, 299.18, 100, 74232, 70
2026/07/28 14:43:58.955, 299.85, 100, 74232, 70
2026/07/28 14:43:59.993, 298.69, 100, 74232, 70
2026/07/28 14:44:01.030, 294.32, 49, 74232, 71
2026/07/28 14:44:02.066, 296.15, 100, 74232, 71
2026/07/28 14:44:03.101, 296.39, 100, 74232, 72
2026/07/28 14:44:04.136, 277.61, 100, 74232, 72
2026/07/28 14:44:05.175, 299.27, 100, 74232, 71
2026/07/28 14:44:06.210, 286.07, 100, 74232, 72
2026/07/28 14:44:07.244, 296.85, 100, 74232, 72
2026/07/28 14:44:08.277, 305.71, 100, 74232, 70
2026/07/28 14:44:09.317, 305.01, 100, 74232, 70
2026/07/28 14:44:10.356, 306.05, 100, 74232, 70
2026/07/28 14:44:11.394, 307.60, 100, 74232, 70
2026/07/28 14:44:12.431, 303.80, 100, 74232, 70
2026/07/28 14:44:13.467, 306.37, 100, 74232, 71
2026/07/28 14:44:14.505, 298.49, 100, 74232, 71
2026/07/28 14:44:15.548, 299.56, 100, 74232, 71
2026/07/28 14:44:16.589, 300.55, 100, 74232, 71
2026/07/28 14:44:17.626, 300.64, 100, 74232, 71
2026/07/28 14:44:18.665, 299.86, 100, 74232, 71
2026/07/28 14:44:19.701, 300.46, 100, 74232, 72
2026/07/28 14:44:20.739, 300.55, 100, 74232, 72
2026/07/28 14:44:21.776, 301.41, 100, 74232, 72
2026/07/28 14:44:22.813, 302.00, 100, 74232, 72
2026/07/28 14:44:23.849, 301.51, 100, 74232, 72
2026/07/28 14:44:24.885, 302.59, 100, 74232, 72
2026/07/28 14:44:25.922, 301.91, 100, 74232, 72
2026/07/28 14:44:26.959, 302.39, 100, 74232, 72
2026/07/28 14:44:27.998, 302.36, 100, 74232, 73
2026/07/28 14:44:29.034, 301.89, 100, 74232, 73
2026/07/28 14:44:30.071, 295.88, 100, 74232, 73
2026/07/28 14:44:31.108, 294.72, 100, 74232, 73
2026/07/28 14:44:32.145, 303.65, 100, 74232, 73
2026/07/28 14:44:33.182, 295.71, 100, 74232, 73
2026/07/28 14:44:34.220, 296.26, 100, 74232, 73
2026/07/28 14:44:35.256, 299.79, 100, 74232, 73
2026/07/28 14:44:36.294, 303.93, 100, 74232, 73
2026/07/28 14:44:37.330, 303.95, 100, 74232, 73
2026/07/28 14:44:38.367, 303.45, 100, 74232, 73
2026/07/28 14:44:39.404, 303.48, 100, 74232, 73
2026/07/28 14:44:40.441, 297.65, 100, 74232, 73
2026/07/28 14:44:41.478, 303.06, 100, 74232, 74
2026/07/28 14:44:42.515, 307.03, 100, 74232, 74
2026/07/28 14:44:43.551, 296.20, 100, 74232, 74
2026/07/28 14:44:44.588, 296.08, 100, 74232, 74
2026/07/28 14:44:45.624, 295.90, 100, 74232, 74
2026/07/28 14:44:46.663, 293.55, 100, 74232, 74
2026/07/28 14:44:47.699, 296.94, 100, 74232, 74
2026/07/28 14:44:48.735, 298.11, 100, 74232, 74
2026/07/28 14:44:49.772, 296.96, 100, 74232, 74
2026/07/28 14:44:50.809, 299.08, 100, 74232, 74
2026/07/28 14:44:51.846, 297.52, 100, 74232, 74
2026/07/28 14:44:52.884, 296.96, 100, 74232, 74
2026/07/28 14:44:53.921, 296.75, 100, 74232, 74
2026/07/28 14:44:54.961, 297.93, 100, 74232, 74
2026/07/28 14:44:55.998, 297.25, 100, 74232, 74
2026/07/28 14:44:57.036, 293.55, 100, 74232, 74
2026/07/28 14:44:58.073, 296.27, 100, 74232, 74
2026/07/28 14:44:59.110, 297.92, 100, 74232, 74
2026/07/28 14:45:00.148, 297.44, 100, 74232, 74
2026/07/28 14:45:01.186, 297.35, 100, 74232, 74
2026/07/28 14:45:02.226, 298.40, 100, 74232, 74
2026/07/28 14:45:03.264, 297.53, 100, 74232, 74
2026/07/28 14:45:04.300, 297.82, 100, 74232, 74
2026/07/28 14:45:05.337, 296.85, 100, 74232, 74
2026/07/28 14:45:06.374, 303.96, 100, 74232, 74
2026/07/28 14:45:07.411, 294.13, 100, 74232, 74
2026/07/28 14:45:08.448, 296.37, 100, 74232, 74
2026/07/28 14:45:09.484, 297.43, 100, 74232, 74
2026/07/28 14:45:10.521, 297.90, 100, 74232, 74
2026/07/28 14:45:11.558, 297.93, 100, 74232, 74
2026/07/28 14:45:12.595, 297.65, 100, 74232, 74
2026/07/28 14:45:13.632, 297.82, 100, 74232, 74
2026/07/28 14:45:14.669, 298.54, 100, 74232, 74
2026/07/28 14:45:15.706, 297.73, 100, 74232, 74
2026/07/28 14:45:16.742, 303.92, 100, 74232, 75
2026/07/28 14:45:17.779, 298.02, 100, 74232, 74
2026/07/28 14:45:18.816, 298.21, 100, 74232, 74
2026/07/28 14:45:19.853, 297.76, 100, 74232, 75
2026/07/28 14:45:20.889, 297.43, 100, 74232, 75
2026/07/28 14:45:21.926, 298.11, 100, 74232, 75
2026/07/28 14:45:22.963, 298.40, 100, 74232, 75
2026/07/28 14:45:24.000, 301.44, 100, 74232, 75
2026/07/28 14:45:25.037, 304.70, 100, 74232, 75
2026/07/28 14:45:26.077, 298.49, 100, 74232, 75
2026/07/28 14:45:27.114, 296.76, 100, 74232, 75
2026/07/28 14:45:28.151, 297.93, 100, 74232, 75
2026/07/28 14:45:29.187, 298.21, 100, 74232, 75
2026/07/28 14:45:30.224, 297.55, 100, 74232, 75
2026/07/28 14:45:31.260, 299.19, 100, 74232, 75
2026/07/28 14:45:32.297, 298.99, 100, 74232, 75
2026/07/28 14:45:33.336, 298.51, 100, 74232, 75
2026/07/28 14:45:34.373, 298.99, 100, 74232, 75
2026/07/28 14:45:35.410, 299.70, 100, 74232, 75
2026/07/28 14:45:36.446, 298.71, 100, 74232, 75
2026/07/28 14:45:37.483, 298.41, 100, 74232, 75
2026/07/28 14:45:38.522, 298.12, 100, 74232, 75
2026/07/28 14:45:39.559, 299.67, 100, 74232, 75
2026/07/28 14:45:40.596, 299.41, 100, 74232, 75
2026/07/28 14:45:41.634, 297.64, 100, 74232, 75
2026/07/28 14:45:42.671, 299.60, 100, 74232, 75
2026/07/28 14:45:43.709, 298.81, 100, 74232, 75
2026/07/28 14:45:44.746, 298.60, 100, 74232, 75
2026/07/28 14:45:45.783, 298.50, 100, 74232, 75
2026/07/28 14:45:46.822, 299.11, 100, 74232, 75
2026/07/28 14:45:47.859, 298.60, 100, 74232, 75
2026/07/28 14:45:48.896, 299.02, 100, 74232, 75
2026/07/28 14:45:49.933, 298.51, 100, 74232, 75
2026/07/28 14:45:50.971, 298.51, 100, 74232, 75
2026/07/28 14:45:52.008, 300.24, 100, 74232, 75
2026/07/28 14:45:53.044, 299.28, 100, 74232, 75
2026/07/28 14:45:54.081, 300.27, 100, 74232, 75
2026/07/28 14:45:55.119, 299.08, 100, 74232, 75
2026/07/28 14:45:56.157, 299.10, 100, 74232, 75
2026/07/28 14:45:57.195, 297.84, 100, 74232, 75
2026/07/28 14:45:58.234, 298.58, 100, 74232, 75
2026/07/28 14:45:59.271, 296.08, 100, 74232, 75
2026/07/28 14:46:00.310, 299.50, 100, 74232, 75
2026/07/28 14:46:01.347, 298.60, 100, 74232, 75
2026/07/28 14:46:02.385, 299.49, 100, 74232, 75
2026/07/28 14:46:03.423, 301.22, 100, 74232, 75
2026/07/28 14:46:04.461, 299.65, 100, 74232, 75
2026/07/28 14:46:05.500, 299.30, 100, 74232, 75
2026/07/28 14:46:06.537, 299.74, 100, 74232, 75
2026/07/28 14:46:07.575, 300.43, 100, 74232, 75
2026/07/28 14:46:08.612, 300.04, 100, 74232, 75
2026/07/28 14:46:09.649, 299.57, 100, 74232, 75
2026/07/28 14:46:10.688, 299.32, 100, 74232, 75
2026/07/28 14:46:11.725, 298.52, 100, 74232, 75
2026/07/28 14:46:12.762, 300.94, 100, 74232, 75
2026/07/28 14:46:13.799, 298.82, 100, 74232, 75
2026/07/28 14:46:14.835, 298.61, 100, 74232, 75
2026/07/28 14:46:15.873, 298.59, 100, 74232, 75
2026/07/28 14:46:16.911, 298.04, 100, 74232, 74
2026/07/28 14:46:17.947, 299.86, 100, 74232, 74
2026/07/28 14:46:18.983, 298.21, 100, 74232, 74
2026/07/28 14:46:20.021, 295.99, 100, 74232, 74
2026/07/28 14:46:21.060, 300.73, 100, 74232, 74
2026/07/28 14:46:22.098, 296.08, 100, 74232, 74
2026/07/28 14:46:23.137, 293.65, 100, 74232, 73
2026/07/28 14:46:24.174, 293.36, 100, 74232, 73
2026/07/28 14:46:25.213, 296.25, 100, 74232, 73
2026/07/28 14:46:26.250, 299.76, 100, 74232, 74
2026/07/28 14:46:27.292, 304.16, 100, 74232, 74
2026/07/28 14:46:28.329, 301.26, 100, 74232, 73
2026/07/28 14:46:29.366, 304.22, 100, 74232, 73
2026/07/28 14:46:30.403, 304.30, 100, 74232, 73
2026/07/28 14:46:31.442, 292.38, 100, 74232, 73
2026/07/28 14:46:32.478, 292.58, 100, 74232, 73
2026/07/28 14:46:33.519, 298.78, 100, 74232, 73
2026/07/28 14:46:34.558, 298.60, 100, 74232, 73
2026/07/28 14:46:35.597, 303.74, 100, 74232, 73
2026/07/28 14:46:36.634, 300.25, 100, 74232, 73
2026/07/28 14:46:37.677, 298.58, 100, 74232, 73
2026/07/28 14:46:38.713, 295.70, 100, 74232, 73
2026/07/28 14:46:39.750, 294.73, 100, 74232, 73
2026/07/28 14:46:40.788, 292.58, 100, 74232, 73
2026/07/28 14:46:41.825, 295.13, 100, 74232, 73
2026/07/28 14:46:42.862, 292.13, 100, 74232, 73
2026/07/28 14:46:43.899, 291.53, 100, 74232, 73
2026/07/28 14:46:44.936, 295.01, 100, 74232, 73
2026/07/28 14:46:45.973, 295.79, 100, 74232, 73
2026/07/28 14:46:47.017, 303.90, 100, 74232, 73
2026/07/28 14:46:48.054, 298.89, 100, 74232, 73
2026/07/28 14:46:49.091, 291.90, 100, 74232, 73
2026/07/28 14:46:50.132, 294.44, 100, 74232, 73
2026/07/28 14:46:51.169, 301.71, 100, 74232, 73
2026/07/28 14:46:52.206, 299.08, 100, 74232, 73
2026/07/28 14:46:53.244, 301.49, 100, 74232, 73
2026/07/28 14:46:54.281, 304.39, 100, 74232, 73
2026/07/28 14:46:55.320, 303.80, 100, 74232, 73
2026/07/28 14:46:56.357, 302.56, 100, 74232, 72
2026/07/28 14:46:57.393, 303.08, 100, 74232, 72
2026/07/28 14:46:58.429, 301.90, 100, 74232, 72
2026/07/28 14:46:59.468, 304.01, 100, 74232, 72
2026/07/28 14:47:00.506, 294.91, 100, 74232, 72
2026/07/28 14:47:01.543, 294.05, 100, 74232, 72
2026/07/28 14:47:02.580, 295.29, 100, 74232, 72
2026/07/28 14:47:03.617, 303.08, 100, 74232, 72
2026/07/28 14:47:04.655, 294.70, 100, 74232, 72
2026/07/28 14:47:05.692, 295.10, 100, 74232, 72
2026/07/28 14:47:06.731, 295.20, 100, 74232, 72
2026/07/28 14:47:07.768, 293.97, 100, 74232, 72
2026/07/28 14:47:08.805, 295.08, 100, 74232, 72
2026/07/28 14:47:09.843, 294.25, 100, 74232, 72
2026/07/28 14:47:10.880, 294.42, 100, 74232, 72
2026/07/28 14:47:11.917, 293.35, 100, 74232, 72
2026/07/28 14:47:12.954, 290.05, 100, 74232, 72
2026/07/28 14:47:13.990, 293.27, 100, 74232, 72
2026/07/28 14:47:15.027, 302.08, 100, 74232, 72
2026/07/28 14:47:16.064, 302.16, 100, 74232, 72
2026/07/28 14:47:17.102, 300.62, 100, 74232, 72
2026/07/28 14:47:18.139, 301.12, 100, 74232, 72
2026/07/28 14:47:19.176, 301.49, 100, 74232, 72
2026/07/28 14:47:20.214, 302.08, 100, 74232, 72
2026/07/28 14:47:21.251, 301.98, 100, 74232, 72
2026/07/28 14:47:22.287, 302.27, 100, 74232, 72
2026/07/28 14:47:23.325, 301.41, 100, 74232, 72
2026/07/28 14:47:24.362, 303.27, 100, 74232, 72
2026/07/28 14:47:25.398, 301.32, 100, 74232, 72
2026/07/28 14:47:26.435, 304.20, 100, 74232, 72
2026/07/28 14:47:27.472, 302.76, 100, 74232, 72
2026/07/28 14:47:28.508, 301.68, 100, 74232, 72
2026/07/28 14:47:29.545, 300.82, 100, 74232, 72
2026/07/28 14:47:30.581, 301.11, 100, 74232, 72
2026/07/28 14:47:31.618, 303.52, 100, 74232, 72
2026/07/28 14:47:32.655, 300.99, 100, 74232, 72
2026/07/28 14:47:33.694, 296.46, 100, 74232, 72
2026/07/28 14:47:34.732, 300.81, 100, 74232, 72
2026/07/28 14:47:35.769, 302.66, 100, 74232, 72
2026/07/28 14:47:36.806, 300.82, 100, 74232, 72
2026/07/28 14:47:37.843, 294.93, 100, 74232, 72
2026/07/28 14:47:38.880, 291.44, 100, 74232, 71
2026/07/28 14:47:39.920, 293.36, 100, 74232, 71
2026/07/28 14:47:40.957, 295.02, 100, 74232, 71
2026/07/28 14:47:41.995, 293.15, 100, 74232, 71
2026/07/28 14:47:43.032, 295.40, 100, 74232, 71
2026/07/28 14:47:44.068, 297.43, 100, 74232, 71
2026/07/28 14:47:45.107, 301.44, 100, 74232, 72
2026/07/28 14:47:46.144, 301.25, 100, 74232, 72
2026/07/28 14:47:47.180, 301.31, 100, 74232, 72
2026/07/28 14:47:48.218, 300.81, 100, 74232, 72
2026/07/28 14:47:49.255, 300.84, 100, 74232, 71
2026/07/28 14:47:50.292, 300.04, 100, 74232, 71
2026/07/28 14:47:51.331, 302.26, 100, 74232, 71
2026/07/28 14:47:52.368, 301.31, 100, 74232, 71
2026/07/28 14:47:53.404, 291.22, 100, 74232, 71
2026/07/28 14:47:54.441, 301.14, 100, 74232, 71
2026/07/28 14:47:55.478, 303.12, 100, 74232, 71
2026/07/28 14:47:56.516, 299.88, 100, 74232, 71
2026/07/28 14:47:57.552, 301.23, 100, 74232, 71
2026/07/28 14:47:58.589, 301.33, 100, 74232, 71
2026/07/28 14:47:59.627, 301.04, 100, 74232, 71
2026/07/28 14:48:00.663, 292.88, 100, 74232, 71
2026/07/28 14:48:01.699, 292.69, 100, 74232, 71
2026/07/28 14:48:02.740, 296.85, 100, 74232, 71
2026/07/28 14:48:03.778, 294.91, 100, 74232, 71
2026/07/28 14:48:04.814, 297.73, 100, 74232, 71
2026/07/28 14:48:05.852, 293.28, 100, 74232, 71
2026/07/28 14:48:06.889, 296.85, 100, 74232, 71
2026/07/28 14:48:07.928, 300.45, 100, 74232, 71
2026/07/28 14:48:08.964, 300.73, 100, 74232, 71
2026/07/28 14:48:10.000, 296.46, 100, 74232, 71
2026/07/28 14:48:11.036, 301.82, 100, 74232, 71
2026/07/28 14:48:12.074, 301.33, 100, 74232, 71
2026/07/28 14:48:13.112, 299.56, 100, 74232, 71
2026/07/28 14:48:14.148, 299.93, 100, 74232, 71
2026/07/28 14:48:15.184, 300.75, 100, 74232, 71
2026/07/28 14:48:16.221, 303.26, 100, 74232, 71
2026/07/28 14:48:17.259, 301.31, 100, 74232, 71
2026/07/28 14:48:18.294, 301.40, 100, 74232, 71
2026/07/28 14:48:19.332, 297.43, 100, 74232, 71
2026/07/28 14:48:20.368, 300.04, 100, 74232, 71
2026/07/28 14:48:21.404, 301.05, 100, 74232, 71
2026/07/28 14:48:22.441, 301.02, 100, 74232, 71
2026/07/28 14:48:23.476, 301.71, 100, 74232, 71
2026/07/28 14:48:24.513, 301.79, 100, 74232, 71
2026/07/28 14:48:25.550, 299.86, 100, 74232, 71
2026/07/28 14:48:26.589, 300.65, 100, 74232, 71
2026/07/28 14:48:27.626, 301.51, 100, 74232, 71
2026/07/28 14:48:28.662, 300.18, 100, 74232, 71
2026/07/28 14:48:29.700, 300.14, 100, 74232, 71
2026/07/28 14:48:30.738, 300.23, 100, 74232, 71
2026/07/28 14:48:31.775, 300.14, 100, 74232, 71
2026/07/28 14:48:32.811, 299.88, 100, 74232, 71
2026/07/28 14:48:33.848, 301.79, 100, 74232, 71
2026/07/28 14:48:34.884, 296.48, 100, 74232, 71
2026/07/28 14:48:35.925, 294.90, 100, 74232, 71
2026/07/28 14:48:36.962, 288.72, 100, 74232, 71
2026/07/28 14:48:37.998, 290.63, 100, 74232, 71
2026/07/28 14:48:39.035, 288.70, 100, 74232, 71
2026/07/28 14:48:40.074, 299.55, 100, 74232, 71
2026/07/28 14:48:41.111, 293.08, 100, 74232, 71
2026/07/28 14:48:42.149, 295.80, 100, 74232, 71
2026/07/28 14:48:43.186, 302.47, 100, 74232, 71
2026/07/28 14:48:44.223, 301.40, 100, 74232, 71
2026/07/28 14:48:45.262, 300.24, 100, 74232, 71
2026/07/28 14:48:46.300, 300.54, 100, 74232, 71
2026/07/28 14:48:47.341, 301.23, 100, 74232, 71
2026/07/28 14:48:48.377, 300.53, 100, 74232, 71
2026/07/28 14:48:49.414, 300.59, 100, 74232, 71
2026/07/28 14:48:50.451, 300.25, 100, 74232, 71
2026/07/28 14:48:51.487, 300.23, 100, 74232, 71
2026/07/28 14:48:52.523, 299.85, 100, 74232, 71
2026/07/28 14:48:53.565, 292.28, 100, 74232, 71
2026/07/28 14:48:54.602, 300.46, 100, 74232, 71
2026/07/28 14:48:55.641, 300.65, 100, 74232, 71
2026/07/28 14:48:56.678, 293.34, 100, 74232, 71
2026/07/28 14:48:57.714, 295.69, 100, 74232, 71
2026/07/28 14:48:58.752, 294.81, 100, 74232, 71
2026/07/28 14:48:59.788, 301.01, 100, 74232, 71
2026/07/28 14:49:00.826, 301.78, 100, 74232, 71
2026/07/28 14:49:01.862, 405.32, 39, 74232, 72
2026/07/28 14:49:02.895, 297.32, 100, 74232, 72
2026/07/28 14:49:03.931, 286.45, 100, 74232, 72
2026/07/28 14:49:04.970, 301.69, 100, 74232, 72
2026/07/28 14:49:06.004, 292.76, 100, 74232, 72
2026/07/28 14:49:07.038, 295.18, 100, 74232, 72
2026/07/28 14:49:08.072, 327.34, 100, 74232, 72
2026/07/28 14:49:09.110, 306.83, 100, 74232, 71
2026/07/28 14:49:10.147, 306.44, 100, 74232, 71
2026/07/28 14:49:11.183, 308.09, 100, 74232, 71
2026/07/28 14:49:12.220, 300.06, 100, 74232, 71
2026/07/28 14:49:13.257, 300.43, 100, 74232, 71
2026/07/28 14:49:14.294, 302.26, 100, 74232, 72
2026/07/28 14:49:15.333, 300.76, 100, 74232, 72
2026/07/28 14:49:16.370, 301.44, 100, 74232, 72
2026/07/28 14:49:17.408, 301.39, 100, 74232, 72
2026/07/28 14:49:18.444, 300.76, 100, 74232, 72
2026/07/28 14:49:19.482, 302.08, 100, 74232, 72
2026/07/28 14:49:20.519, 295.99, 100, 74232, 72
2026/07/28 14:49:21.556, 294.43, 100, 74232, 72
2026/07/28 14:49:22.593, 297.73, 100, 74232, 72
2026/07/28 14:49:23.632, 301.40, 100, 74232, 73
2026/07/28 14:49:24.669, 295.68, 100, 74232, 73
2026/07/28 14:49:25.706, 298.51, 100, 74232, 73
2026/07/28 14:49:26.743, 295.31, 100, 74232, 73
2026/07/28 14:49:27.780, 296.85, 100, 74232, 73
2026/07/28 14:49:28.816, 296.57, 100, 74232, 73
2026/07/28 14:49:29.853, 296.65, 100, 74232, 73
2026/07/28 14:49:30.890, 296.66, 100, 74232, 73
2026/07/28 14:49:31.927, 303.97, 100, 74232, 73
2026/07/28 14:49:32.965, 300.23, 100, 74232, 73
2026/07/28 14:49:34.002, 297.33, 100, 74232, 73
2026/07/28 14:49:35.038, 295.59, 100, 74232, 73
2026/07/28 14:49:36.074, 296.46, 100, 74232, 74
2026/07/28 14:49:37.113, 296.36, 100, 74232, 74
2026/07/28 14:49:38.151, 296.75, 100, 74232, 74
2026/07/28 14:49:39.189, 296.94, 100, 74232, 74
2026/07/28 14:49:40.228, 296.77, 100, 74232, 74
2026/07/28 14:49:41.265, 304.21, 100, 74232, 74
2026/07/28 14:49:42.302, 305.67, 100, 74232, 74
2026/07/28 14:49:43.341, 304.51, 100, 74232, 74
2026/07/28 14:49:44.377, 296.96, 100, 74232, 74
2026/07/28 14:49:45.414, 296.47, 100, 74232, 74
2026/07/28 14:49:46.452, 297.04, 100, 74232, 74
2026/07/28 14:49:47.491, 297.44, 100, 74232, 74
2026/07/28 14:49:48.528, 304.31, 100, 74232, 74
2026/07/28 14:49:49.566, 302.31, 100, 74232, 74
2026/07/28 14:49:50.607, 303.37, 100, 74232, 74
2026/07/28 14:49:51.644, 307.50, 100, 74232, 74
2026/07/28 14:49:52.681, 304.81, 100, 74232, 74
2026/07/28 14:49:53.724, 305.33, 100, 74232, 74
2026/07/28 14:49:54.760, 305.29, 100, 74232, 74
2026/07/28 14:49:55.799, 294.90, 100, 74232, 74
2026/07/28 14:49:56.838, 299.18, 100, 74232, 74
2026/07/28 14:49:57.875, 299.08, 100, 74232, 74
2026/07/28 14:49:58.914, 301.40, 100, 74232, 74
2026/07/28 14:49:59.952, 297.82, 100, 74232, 74
2026/07/28 14:50:00.992, 302.12, 100, 74232, 75
2026/07/28 14:50:02.029, 296.36, 100, 74232, 74
2026/07/28 14:50:03.067, 299.41, 100, 74232, 75
2026/07/28 14:50:04.104, 298.69, 100, 74232, 75
2026/07/28 14:50:05.141, 297.73, 100, 74232, 75
2026/07/28 14:50:06.183, 297.15, 100, 74232, 75
2026/07/28 14:50:07.220, 298.02, 100, 74232, 75
2026/07/28 14:50:08.257, 298.24, 100, 74232, 75
2026/07/28 14:50:09.294, 297.70, 100, 74232, 75
2026/07/28 14:50:10.333, 297.83, 100, 74232, 75
2026/07/28 14:50:11.371, 298.79, 100, 74232, 75
2026/07/28 14:50:12.409, 299.45, 100, 74232, 75
2026/07/28 14:50:13.446, 298.83, 100, 74232, 75
2026/07/28 14:50:14.486, 298.50, 100, 74232, 75
2026/07/28 14:50:15.523, 298.31, 100, 74232, 75
2026/07/28 14:50:16.560, 297.93, 100, 74232, 75
2026/07/28 14:50:17.597, 298.10, 100, 74232, 75
2026/07/28 14:50:18.634, 298.40, 100, 74232, 75
2026/07/28 14:50:19.671, 298.39, 100, 74232, 75
2026/07/28 14:50:20.707, 300.75, 100, 74232, 75
2026/07/28 14:50:21.744, 298.61, 100, 74232, 75
2026/07/28 14:50:22.781, 299.65, 100, 74232, 75
2026/07/28 14:50:23.818, 299.64, 100, 74232, 75
2026/07/28 14:50:24.857, 300.73, 100, 74232, 75
2026/07/28 14:50:25.895, 298.81, 100, 74232, 75
2026/07/28 14:50:26.932, 298.40, 100, 74232, 75
2026/07/28 14:50:27.968, 300.06, 100, 74232, 75
2026/07/28 14:50:29.006, 298.88, 100, 74232, 75
2026/07/28 14:50:30.043, 299.08, 100, 74232, 75
2026/07/28 14:50:31.081, 298.99, 100, 74232, 75
2026/07/28 14:50:32.118, 298.79, 100, 74232, 75
2026/07/28 14:50:33.155, 293.65, 100, 74232, 75
2026/07/28 14:50:34.192, 289.66, 100, 74232, 75
2026/07/28 14:50:35.235, 287.83, 100, 74232, 75
2026/07/28 14:50:36.274, 296.17, 100, 74232, 75
2026/07/28 14:50:37.311, 298.70, 100, 74232, 75
2026/07/28 14:50:38.350, 298.71, 100, 74232, 75
2026/07/28 14:50:39.386, 298.42, 100, 74232, 75
2026/07/28 14:50:40.423, 298.99, 100, 74232, 75
2026/07/28 14:50:41.459, 292.49, 100, 74232, 75
2026/07/28 14:50:42.495, 299.48, 100, 74232, 75
2026/07/28 14:50:43.532, 298.70, 100, 74232, 75
2026/07/28 14:50:44.570, 299.41, 100, 74232, 75
2026/07/28 14:50:45.608, 299.46, 100, 74232, 75
2026/07/28 14:50:46.645, 299.36, 100, 74232, 75
2026/07/28 14:50:47.683, 299.39, 100, 74232, 75
2026/07/28 14:50:48.720, 299.94, 100, 74232, 75
2026/07/28 14:50:49.756, 299.80, 100, 74232, 75
2026/07/28 14:50:50.793, 299.31, 100, 74232, 75
2026/07/28 14:50:51.829, 300.17, 100, 74232, 75
2026/07/28 14:50:52.865, 291.80, 100, 74232, 75
2026/07/28 14:50:53.902, 299.37, 100, 74232, 75
2026/07/28 14:50:54.950, 299.35, 100, 74232, 75
2026/07/28 14:50:55.988, 299.66, 100, 74232, 75
2026/07/28 14:50:57.025, 300.15, 100, 74232, 75
2026/07/28 14:50:58.063, 301.51, 100, 74232, 75
2026/07/28 14:50:59.100, 300.83, 100, 74232, 75
2026/07/28 14:51:00.137, 299.76, 100, 74232, 75
2026/07/28 14:51:01.174, 299.76, 100, 74232, 75
2026/07/28 14:51:02.211, 299.64, 100, 74232, 75
2026/07/28 14:51:03.249, 298.89, 100, 74232, 75
2026/07/28 14:51:04.285, 299.48, 100, 74232, 75
2026/07/28 14:51:05.323, 299.96, 100, 74232, 75
2026/07/28 14:51:06.360, 298.21, 100, 74232, 75
2026/07/28 14:51:07.398, 298.18, 100, 74232, 75
2026/07/28 14:51:08.435, 298.40, 100, 74232, 75
2026/07/28 14:51:09.471, 297.62, 100, 74232, 74
2026/07/28 14:51:10.508, 297.83, 100, 74232, 74
2026/07/28 14:51:11.545, 299.28, 100, 74232, 74
2026/07/28 14:51:12.582, 293.93, 100, 74232, 74
2026/07/28 14:51:13.618, 298.50, 100, 74232, 74
2026/07/28 14:51:14.655, 304.79, 100, 74232, 74
2026/07/28 14:51:15.691, 298.51, 100, 74232, 74
2026/07/28 14:51:16.729, 303.17, 100, 74232, 74
2026/07/28 14:51:17.765, 304.10, 100, 74232, 74
2026/07/28 14:51:18.803, 305.46, 100, 74232, 74
2026/07/28 14:51:19.840, 293.75, 100, 74232, 74
2026/07/28 14:51:20.880, 298.60, 100, 74232, 74
2026/07/28 14:51:21.918, 303.15, 100, 74232, 74
2026/07/28 14:51:22.954, 306.15, 100, 74232, 74
2026/07/28 14:51:23.992, 301.11, 100, 74232, 74
2026/07/28 14:51:25.028, 298.39, 100, 74232, 74
2026/07/28 14:51:26.064, 296.97, 100, 74232, 74
2026/07/28 14:51:27.101, 299.06, 100, 74232, 74
2026/07/28 14:51:28.138, 298.51, 100, 74232, 74
2026/07/28 14:51:29.175, 299.26, 100, 74232, 74
2026/07/28 14:51:30.212, 296.89, 100, 74232, 74
2026/07/28 14:51:31.249, 298.71, 100, 74232, 74
2026/07/28 14:51:32.287, 296.93, 100, 74232, 74
2026/07/28 14:51:33.324, 298.61, 100, 74232, 74
2026/07/28 14:51:34.361, 296.37, 100, 74232, 74
2026/07/28 14:51:35.398, 298.61, 100, 74232, 74
2026/07/28 14:51:36.435, 297.82, 100, 74232, 73
2026/07/28 14:51:37.471, 303.64, 100, 74232, 74
2026/07/28 14:51:38.507, 303.34, 100, 74232, 73
2026/07/28 14:51:39.544, 293.54, 100, 74232, 73
2026/07/28 14:51:40.580, 294.41, 100, 74232, 73
2026/07/28 14:51:41.621, 296.66, 100, 74232, 73
2026/07/28 14:51:42.659, 302.80, 100, 74232, 73
2026/07/28 14:51:43.695, 303.25, 100, 74232, 73
2026/07/28 14:51:44.732, 302.38, 100, 74232, 73
2026/07/28 14:51:45.769, 303.08, 100, 74232, 73
2026/07/28 14:51:46.805, 303.23, 100, 74232, 73
2026/07/28 14:51:47.840, 303.91, 100, 74232, 73
2026/07/28 14:51:48.876, 302.17, 100, 74232, 73
2026/07/28 14:51:49.914, 296.46, 100, 74232, 72
2026/07/28 14:51:50.952, 294.64, 100, 74232, 72
2026/07/28 14:51:51.991, 296.26, 100, 74232, 72
2026/07/28 14:51:53.028, 294.72, 100, 74232, 72
2026/07/28 14:51:54.067, 302.17, 100, 74232, 72
2026/07/28 14:51:55.104, 291.32, 100, 74232, 72
2026/07/28 14:51:56.140, 294.53, 100, 74232, 72
2026/07/28 14:51:57.177, 294.55, 100, 74232, 72
2026/07/28 14:51:58.214, 293.16, 100, 74232, 72
2026/07/28 14:51:59.252, 298.50, 100, 74232, 72
2026/07/28 14:52:00.289, 299.49, 100, 74232, 72
2026/07/28 14:52:01.333, 293.55, 100, 74232, 72
2026/07/28 14:52:02.372, 298.12, 100, 74232, 72
2026/07/28 14:52:03.408, 296.57, 100, 74232, 72
2026/07/28 14:52:04.448, 300.24, 100, 74232, 72
2026/07/28 14:52:05.484, 301.11, 100, 74232, 72
2026/07/28 14:52:06.520, 299.50, 100, 74232, 72
2026/07/28 14:52:07.556, 294.33, 100, 74232, 71
2026/07/28 14:52:08.594, 300.64, 100, 74232, 71
2026/07/28 14:52:09.630, 299.76, 100, 74232, 71
2026/07/28 14:52:10.667, 300.32, 100, 74232, 71
2026/07/28 14:52:11.705, 301.19, 100, 74232, 71
2026/07/28 14:52:12.743, 300.33, 100, 74232, 71
2026/07/28 14:52:13.780, 300.62, 100, 74232, 71
2026/07/28 14:52:14.819, 304.98, 100, 74232, 71
2026/07/28 14:52:15.856, 300.93, 100, 74232, 71
2026/07/28 14:52:16.894, 300.72, 100, 74232, 71
2026/07/28 14:52:17.932, 300.74, 100, 74232, 71
2026/07/28 14:52:18.969, 300.62, 100, 74232, 71
2026/07/28 14:52:20.004, 301.54, 100, 74232, 71
2026/07/28 14:52:21.041, 300.14, 100, 74232, 71
2026/07/28 14:52:22.079, 299.45, 100, 74232, 71
2026/07/28 14:52:23.115, 288.99, 100, 74232, 71
2026/07/28 14:52:24.151, 288.61, 100, 74232, 71
2026/07/28 14:52:25.189, 288.90, 100, 74232, 71
2026/07/28 14:52:26.226, 296.27, 100, 74232, 71
2026/07/28 14:52:27.264, 292.68, 100, 74232, 70
2026/07/28 14:52:28.301, 288.01, 100, 74232, 70
2026/07/28 14:52:29.337, 299.55, 100, 74232, 70
2026/07/28 14:52:30.374, 297.83, 100, 74232, 70
2026/07/28 14:52:31.410, 296.38, 100, 74232, 70
2026/07/28 14:52:32.446, 295.40, 100, 74232, 70
2026/07/28 14:52:33.483, 301.71, 100, 74232, 70
2026/07/28 14:52:34.519, 298.60, 100, 74232, 70
2026/07/28 14:52:35.558, 288.59, 100, 74232, 70
2026/07/28 14:52:36.595, 297.42, 100, 74232, 70
2026/07/28 14:52:37.633, 298.21, 100, 74232, 70
2026/07/28 14:52:38.671, 298.88, 100, 74232, 70
2026/07/28 14:52:39.707, 293.36, 100, 74232, 70
2026/07/28 14:52:40.743, 291.70, 100, 74232, 70
2026/07/28 14:52:41.781, 292.48, 100, 74232, 70
2026/07/28 14:52:42.821, 300.42, 100, 74232, 70
2026/07/28 14:52:43.858, 298.13, 100, 74232, 70
2026/07/28 14:52:44.895, 294.52, 100, 74232, 70
2026/07/28 14:52:45.932, 302.40, 100, 74232, 70
2026/07/28 14:52:46.972, 304.89, 100, 74232, 70
2026/07/28 14:52:48.008, 305.27, 100, 74232, 70
2026/07/28 14:52:49.049, 297.69, 100, 74232, 70
2026/07/28 14:52:50.087, 302.55, 100, 74232, 70
2026/07/28 14:52:51.123, 295.30, 100, 74232, 70
2026/07/28 14:52:52.161, 298.20, 100, 74232, 70
2026/07/28 14:52:53.197, 298.10, 100, 74232, 70
2026/07/28 14:52:54.233, 300.62, 100, 74232, 70
2026/07/28 14:52:55.274, 305.68, 100, 74232, 70
2026/07/28 14:52:56.312, 306.91, 100, 74232, 70
2026/07/28 14:52:57.351, 305.57, 100, 74232, 70
2026/07/28 14:52:58.390, 305.62, 100, 74232, 70
2026/07/28 14:52:59.426, 298.51, 100, 74232, 70
2026/07/28 14:53:00.463, 297.81, 100, 74232, 70
2026/07/28 14:53:01.499, 300.93, 100, 74232, 70
2026/07/28 14:53:02.536, 294.53, 100, 74232, 70
2026/07/28 14:53:03.572, 294.84, 100, 74232, 70
2026/07/28 14:53:04.609, 298.51, 100, 74232, 70
2026/07/28 14:53:05.646, 293.25, 100, 74232, 70
2026/07/28 14:53:06.683, 305.18, 100, 74232, 70
2026/07/28 14:53:07.721, 298.23, 100, 74232, 70
2026/07/28 14:53:08.757, 297.62, 100, 74232, 70
2026/07/28 14:53:09.794, 297.81, 100, 74232, 70
2026/07/28 14:53:10.830, 293.63, 100, 74232, 69
2026/07/28 14:53:11.867, 297.33, 100, 74232, 69
2026/07/28 14:53:12.907, 298.39, 100, 74232, 69
2026/07/28 14:53:13.944, 297.17, 100, 74232, 69
2026/07/28 14:53:14.983, 297.25, 100, 74232, 69
2026/07/28 14:53:16.020, 298.50, 100, 74232, 69
2026/07/28 14:53:17.059, 298.14, 100, 74232, 69
2026/07/28 14:53:18.096, 296.95, 100, 74232, 69
2026/07/28 14:53:19.134, 299.18, 100, 74232, 69
2026/07/28 14:53:20.170, 299.47, 100, 74232, 69
2026/07/28 14:53:21.210, 298.49, 100, 74232, 69
2026/07/28 14:53:22.247, 297.62, 100, 74232, 69
2026/07/28 14:53:23.284, 297.91, 100, 74232, 69
2026/07/28 14:53:24.322, 303.53, 100, 74232, 69
2026/07/28 14:53:25.360, 295.98, 100, 74232, 69
2026/07/28 14:53:26.397, 305.47, 100, 74232, 69
2026/07/28 14:53:27.435, 294.62, 100, 74232, 69
2026/07/28 14:53:28.474, 298.43, 100, 74232, 69
2026/07/28 14:53:29.512, 294.02, 100, 74232, 69
2026/07/28 14:53:30.553, 297.12, 100, 74232, 69
2026/07/28 14:53:31.589, 297.53, 100, 74232, 69
2026/07/28 14:53:32.626, 297.32, 100, 74232, 69
2026/07/28 14:53:33.664, 303.34, 100, 74232, 69
2026/07/28 14:53:34.704, 297.31, 100, 74232, 69
2026/07/28 14:53:35.743, 302.95, 100, 74232, 69
2026/07/28 14:53:36.781, 297.72, 100, 74232, 69
2026/07/28 14:53:37.818, 296.96, 100, 74232, 69
2026/07/28 14:53:38.856, 295.08, 100, 74232, 69
2026/07/28 14:53:39.895, 295.98, 100, 74232, 69
2026/07/28 14:53:40.935, 304.88, 100, 74232, 69
2026/07/28 14:53:41.971, 300.96, 100, 74232, 69
2026/07/28 14:53:43.008, 293.27, 100, 74232, 69
2026/07/28 14:53:44.046, 295.02, 100, 74232, 69
2026/07/28 14:53:45.083, 297.23, 100, 74232, 69
2026/07/28 14:53:46.120, 299.96, 100, 74232, 69
2026/07/28 14:53:47.157, 297.25, 100, 74232, 69
2026/07/28 14:53:48.194, 297.72, 100, 74232, 69
2026/07/28 14:53:49.231, 297.80, 100, 74232, 69
2026/07/28 14:53:50.266, 304.32, 100, 74232, 69
2026/07/28 14:53:51.304, 302.27, 100, 74232, 69
2026/07/28 14:53:52.343, 303.82, 100, 74232, 69
2026/07/28 14:53:53.380, 293.35, 100, 74232, 69
2026/07/28 14:53:54.417, 288.70, 100, 74232, 69
2026/07/28 14:53:55.456, 294.22, 100, 74232, 69
2026/07/28 14:53:56.493, 297.14, 100, 74232, 69
2026/07/28 14:53:57.529, 299.34, 100, 74232, 69
2026/07/28 14:53:58.565, 296.64, 100, 74232, 69
2026/07/28 14:53:59.602, 298.28, 100, 74232, 69
2026/07/28 14:54:00.639, 297.43, 100, 74232, 69
2026/07/28 14:54:01.677, 296.95, 100, 74232, 69
2026/07/28 14:54:02.713, 92.44, 0, 74232, 65
2026/07/28 14:54:03.744, 91.05, 0, 74232, 65
2026/07/28 14:54:04.775, 90.55, 0, 74232, 64
2026/07/28 14:54:05.806, 89.89, 0, 74232, 63
2026/07/28 14:54:06.838, 89.50, 0, 74232, 63
2026/07/28 14:54:07.869, 89.71, 0, 74232, 62
2026/07/28 14:54:08.901, 88.46, 0, 74232, 62
2026/07/28 14:54:09.945, 88.97, 0, 74232, 66
2026/07/28 14:54:10.979, 316.38, 100, 74232, 67
2026/07/28 14:54:12.016, 291.74, 100, 74232, 67
2026/07/28 14:54:13.050, 292.46, 100, 74232, 68
2026/07/28 14:54:14.085, 312.32, 100, 74232, 68
2026/07/28 14:54:15.119, 309.89, 100, 74232, 68
2026/07/28 14:54:16.153, 295.27, 100, 74232, 69
2026/07/28 14:54:17.187, 299.96, 100, 74232, 67
2026/07/28 14:54:18.226, 301.67, 100, 74232, 67
2026/07/28 14:54:19.262, 301.79, 100, 74232, 68
2026/07/28 14:54:20.299, 301.59, 100, 74232, 68
2026/07/28 14:54:21.335, 303.57, 100, 74232, 68
2026/07/28 14:54:22.374, 302.87, 100, 74232, 68
2026/07/28 14:54:23.410, 303.82, 100, 74232, 69
2026/07/28 14:54:24.448, 303.82, 100, 74232, 69
2026/07/28 14:54:25.486, 297.04, 100, 74232, 69
2026/07/28 14:54:26.523, 301.39, 100, 74232, 69
2026/07/28 14:54:27.560, 298.11, 100, 74232, 69
2026/07/28 14:54:28.596, 293.74, 100, 74232, 70
2026/07/28 14:54:29.635, 297.62, 100, 74232, 70
2026/07/28 14:54:30.672, 298.51, 100, 74232, 70
2026/07/28 14:54:31.710, 298.70, 100, 74232, 70
2026/07/28 14:54:32.746, 298.11, 100, 74232, 70
2026/07/28 14:54:33.784, 299.08, 100, 74232, 70
2026/07/28 14:54:34.821, 298.87, 100, 74232, 71
2026/07/28 14:54:35.857, 298.70, 100, 74232, 71
2026/07/28 14:54:36.895, 300.06, 100, 74232, 71
2026/07/28 14:54:37.932, 302.79, 100, 74232, 71
2026/07/28 14:54:38.969, 300.05, 100, 74232, 71
2026/07/28 14:54:40.006, 301.50, 100, 74232, 71
2026/07/28 14:54:41.044, 300.14, 100, 74232, 71
2026/07/28 14:54:42.082, 299.85, 100, 74232, 72
2026/07/28 14:54:43.123, 301.31, 100, 74232, 72
2026/07/28 14:54:44.162, 300.95, 100, 74232, 72
2026/07/28 14:54:45.198, 302.09, 100, 74232, 72
2026/07/28 14:54:46.237, 301.88, 100, 74232, 72
2026/07/28 14:54:47.274, 301.23, 100, 74232, 72
2026/07/28 14:54:48.313, 295.68, 100, 74232, 72
2026/07/28 14:54:49.352, 291.13, 100, 74232, 72
2026/07/28 14:54:50.388, 293.95, 100, 74232, 72
2026/07/28 14:54:51.425, 294.91, 100, 74232, 72
2026/07/28 14:54:52.463, 294.81, 100, 74232, 72
2026/07/28 14:54:53.502, 295.39, 100, 74232, 73
2026/07/28 14:54:54.539, 297.74, 100, 74232, 73
2026/07/28 14:54:55.577, 294.81, 100, 74232, 73
2026/07/28 14:54:56.614, 290.63, 100, 74232, 73
2026/07/28 14:54:57.652, 294.81, 100, 74232, 73
2026/07/28 14:54:58.688, 303.24, 100, 74232, 73
2026/07/28 14:54:59.725, 299.20, 100, 74232, 73
2026/07/28 14:55:00.765, 303.74, 100, 74232, 73
2026/07/28 14:55:01.801, 302.68, 100, 74232, 73
2026/07/28 14:55:02.838, 305.30, 100, 74232, 73
2026/07/28 14:55:03.876, 303.63, 100, 74232, 73
2026/07/28 14:55:04.914, 296.76, 100, 74232, 73
2026/07/28 14:55:05.953, 291.92, 100, 74232, 73
2026/07/28 14:55:06.990, 297.62, 100, 74232, 73
2026/07/28 14:55:08.027, 292.77, 100, 74232, 73
2026/07/28 14:55:09.064, 296.58, 100, 74232, 74
2026/07/28 14:55:10.101, 296.93, 100, 74232, 74
2026/07/28 14:55:11.138, 296.86, 100, 74232, 74
2026/07/28 14:55:12.175, 295.79, 100, 74232, 74
2026/07/28 14:55:13.214, 297.94, 100, 74232, 74
2026/07/28 14:55:14.251, 295.99, 100, 74232, 74
2026/07/28 14:55:15.289, 298.31, 100, 74232, 74
2026/07/28 14:55:16.326, 296.93, 100, 74232, 74
2026/07/28 14:55:17.365, 297.45, 100, 74232, 74
2026/07/28 14:55:18.403, 296.86, 100, 74232, 74
2026/07/28 14:55:19.441, 297.26, 100, 74232, 74
2026/07/28 14:55:20.479, 297.43, 100, 74232, 74
2026/07/28 14:55:21.519, 298.92, 100, 74232, 74
2026/07/28 14:55:22.556, 296.55, 100, 74232, 74
2026/07/28 14:55:23.595, 296.48, 100, 74232, 74
2026/07/28 14:55:24.631, 297.22, 100, 74232, 74
2026/07/28 14:55:25.670, 298.21, 100, 74232, 74
2026/07/28 14:55:26.707, 303.54, 100, 74232, 74
2026/07/28 14:55:27.746, 305.47, 100, 74232, 74
2026/07/28 14:55:28.782, 305.18, 100, 74232, 74
2026/07/28 14:55:29.822, 298.02, 100, 74232, 74
2026/07/28 14:55:30.859, 298.00, 100, 74232, 74
2026/07/28 14:55:31.896, 297.06, 100, 74232, 74
2026/07/28 14:55:32.933, 305.31, 100, 74232, 74
2026/07/28 14:55:33.973, 297.43, 100, 74232, 74
2026/07/28 14:55:35.010, 300.85, 100, 74232, 74
2026/07/28 14:55:36.046, 297.45, 100, 74232, 74
2026/07/28 14:55:37.083, 305.28, 100, 74232, 74
2026/07/28 14:55:38.119, 297.44, 100, 74232, 74
2026/07/28 14:55:39.156, 300.53, 100, 74232, 74
2026/07/28 14:55:40.194, 297.55, 100, 74232, 74
2026/07/28 14:55:41.232, 297.43, 100, 74232, 74
2026/07/28 14:55:42.269, 297.53, 100, 74232, 74
2026/07/28 14:55:43.306, 299.75, 100, 74232, 74
2026/07/28 14:55:44.343, 297.64, 100, 74232, 74
2026/07/28 14:55:45.380, 297.63, 100, 74232, 74
2026/07/28 14:55:46.417, 301.03, 100, 74232, 74
2026/07/28 14:55:47.454, 299.00, 100, 74232, 74
2026/07/28 14:55:48.493, 296.94, 100, 74232, 74
2026/07/28 14:55:49.530, 298.99, 100, 74232, 74
2026/07/28 14:55:50.567, 298.32, 100, 74232, 74
2026/07/28 14:55:51.605, 299.65, 100, 74232, 74
2026/07/28 14:55:52.644, 298.51, 100, 74232, 74
2026/07/28 14:55:53.684, 298.41, 100, 74232, 74
2026/07/28 14:55:54.721, 298.11, 100, 74232, 74
2026/07/28 14:55:55.758, 296.74, 100, 74232, 74
2026/07/28 14:55:56.798, 294.53, 100, 74232, 75
2026/07/28 14:55:57.838, 298.41, 100, 74232, 75
2026/07/28 14:55:58.875, 297.74, 100, 74232, 75
2026/07/28 14:55:59.911, 298.11, 100, 74232, 75
2026/07/28 14:56:00.951, 306.43, 100, 74232, 75
2026/07/28 14:56:01.987, 298.90, 100, 74232, 75
2026/07/28 14:56:03.026, 299.27, 100, 74232, 75
2026/07/28 14:56:04.063, 298.49, 100, 74232, 75
2026/07/28 14:56:05.101, 299.39, 100, 74232, 75
2026/07/28 14:56:06.138, 298.31, 100, 74232, 75
2026/07/28 14:56:07.176, 299.08, 100, 74232, 75
2026/07/28 14:56:08.212, 298.89, 100, 74232, 75
2026/07/28 14:56:09.249, 302.49, 100, 74232, 75
2026/07/28 14:56:10.287, 301.02, 100, 74232, 75
2026/07/28 14:56:11.324, 299.19, 100, 74232, 75
2026/07/28 14:56:12.362, 299.94, 100, 74232, 75
2026/07/28 14:56:13.399, 299.27, 100, 74232, 75
2026/07/28 14:56:14.438, 301.15, 100, 74232, 75
2026/07/28 14:56:15.475, 298.88, 100, 74232, 75
2026/07/28 14:56:16.512, 298.51, 100, 74232, 75
2026/07/28 14:56:17.549, 300.07, 100, 74232, 75
2026/07/28 14:56:18.586, 297.73, 100, 74232, 75
2026/07/28 14:56:19.624, 298.88, 100, 74232, 75
2026/07/28 14:56:20.661, 298.90, 100, 74232, 75
2026/07/28 14:56:21.698, 300.63, 100, 74232, 75
2026/07/28 14:56:22.736, 298.21, 100, 74232, 75
2026/07/28 14:56:23.773, 298.61, 100, 74232, 75
2026/07/28 14:56:24.811, 299.48, 100, 74232, 75
2026/07/28 14:56:25.849, 299.47, 100, 74232, 75
2026/07/28 14:56:26.887, 299.68, 100, 74232, 75
2026/07/28 14:56:27.925, 298.91, 100, 74232, 75
2026/07/28 14:56:28.963, 300.24, 100, 74232, 75
2026/07/28 14:56:30.001, 299.83, 100, 74232, 75
2026/07/28 14:56:31.038, 299.18, 100, 74232, 75
2026/07/28 14:56:32.076, 299.18, 100, 74232, 75
2026/07/28 14:56:33.113, 298.03, 100, 74232, 75
2026/07/28 14:56:34.152, 299.76, 100, 74232, 75
2026/07/28 14:56:35.190, 298.32, 100, 74232, 75
2026/07/28 14:56:36.227, 299.45, 100, 74232, 75
2026/07/28 14:56:37.265, 298.72, 100, 74232, 75
2026/07/28 14:56:38.302, 298.43, 100, 74232, 75
2026/07/28 14:56:39.340, 299.01, 100, 74232, 75
2026/07/28 14:56:40.378, 298.21, 100, 74232, 75
2026/07/28 14:56:41.414, 298.08, 100, 74232, 75
2026/07/28 14:56:42.451, 299.75, 100, 74232, 75
2026/07/28 14:56:43.488, 295.30, 100, 74232, 75
2026/07/28 14:56:44.524, 299.18, 100, 74232, 75
2026/07/28 14:56:45.561, 298.60, 100, 74232, 75
2026/07/28 14:56:46.598, 302.66, 100, 74232, 75
2026/07/28 14:56:47.636, 298.69, 100, 74232, 75
2026/07/28 14:56:48.673, 298.60, 100, 74232, 75
2026/07/28 14:56:49.711, 299.60, 100, 74232, 75
2026/07/28 14:56:50.749, 298.40, 100, 74232, 75
2026/07/28 14:56:51.785, 298.40, 100, 74232, 75
2026/07/28 14:56:52.824, 298.89, 100, 74232, 75
2026/07/28 14:56:53.862, 298.41, 100, 74232, 75
2026/07/28 14:56:54.898, 299.47, 100, 74232, 75
2026/07/28 14:56:55.936, 298.81, 100, 74232, 75
2026/07/28 14:56:56.974, 297.92, 100, 74232, 75
2026/07/28 14:56:58.012, 300.64, 100, 74232, 75
2026/07/28 14:56:59.050, 297.55, 100, 74232, 75
2026/07/28 14:57:00.086, 298.80, 100, 74232, 75
2026/07/28 14:57:01.125, 298.89, 100, 74232, 75
2026/07/28 14:57:02.161, 297.81, 100, 74232, 75
2026/07/28 14:57:03.198, 299.17, 100, 74232, 75
2026/07/28 14:57:04.236, 297.93, 100, 74232, 75
2026/07/28 14:57:05.273, 298.01, 100, 74232, 74
2026/07/28 14:57:06.312, 298.69, 100, 74232, 74
2026/07/28 14:57:07.348, 297.45, 100, 74232, 74
2026/07/28 14:57:08.386, 299.89, 100, 74232, 74
2026/07/28 14:57:09.423, 297.06, 100, 74232, 74
2026/07/28 14:57:10.461, 297.26, 100, 74232, 74
2026/07/28 14:57:11.500, 296.64, 100, 74232, 74
2026/07/28 14:57:12.538, 297.23, 100, 74232, 74
2026/07/28 14:57:13.576, 292.89, 100, 74232, 74
2026/07/28 14:57:14.614, 297.42, 100, 74232, 74
2026/07/28 14:57:15.651, 295.78, 100, 74232, 74
2026/07/28 14:57:16.689, 296.78, 100, 74232, 74
2026/07/28 14:57:17.726, 300.04, 100, 74232, 74
2026/07/28 14:57:18.763, 304.75, 100, 74232, 74
2026/07/28 14:57:19.804, 304.58, 100, 74232, 73
2026/07/28 14:57:20.844, 297.85, 100, 74232, 73
2026/07/28 14:57:21.882, 296.36, 100, 74232, 73
2026/07/28 14:57:22.919, 297.61, 100, 74232, 73
2026/07/28 14:57:23.956, 296.36, 100, 74232, 73
2026/07/28 14:57:24.994, 297.81, 100, 74232, 73
2026/07/28 14:57:26.032, 299.27, 100, 74232, 73
2026/07/28 14:57:27.070, 295.68, 100, 74232, 73
2026/07/28 14:57:28.108, 294.83, 100, 74232, 73
2026/07/28 14:57:29.145, 302.46, 100, 74232, 73
2026/07/28 14:57:30.184, 303.77, 100, 74232, 73
2026/07/28 14:57:31.221, 303.24, 100, 74232, 73
2026/07/28 14:57:32.258, 303.13, 100, 74232, 73
2026/07/28 14:57:33.296, 302.39, 100, 74232, 72
2026/07/28 14:57:34.333, 294.32, 100, 74232, 72
2026/07/28 14:57:35.373, 295.87, 100, 74232, 72
2026/07/28 14:57:36.413, 296.55, 100, 74232, 72
2026/07/28 14:57:37.451, 292.76, 100, 74232, 72
2026/07/28 14:57:38.489, 294.64, 100, 74232, 72
2026/07/28 14:57:39.527, 294.62, 100, 74232, 72
2026/07/28 14:57:40.565, 294.14, 100, 74232, 72
2026/07/28 14:57:41.603, 294.72, 100, 74232, 72
2026/07/28 14:57:42.640, 294.32, 100, 74232, 72
2026/07/28 14:57:43.678, 290.07, 100, 74232, 72
2026/07/28 14:57:44.715, 295.88, 100, 74232, 72
2026/07/28 14:57:45.752, 302.20, 100, 74232, 72
2026/07/28 14:57:46.790, 301.99, 100, 74232, 72
2026/07/28 14:57:47.828, 301.11, 100, 74232, 72
2026/07/28 14:57:48.866, 302.77, 100, 74232, 72
2026/07/28 14:57:49.903, 301.49, 100, 74232, 72
2026/07/28 14:57:50.941, 301.40, 100, 74232, 72
2026/07/28 14:57:51.979, 300.92, 100, 74232, 72
2026/07/28 14:57:53.016, 301.71, 100, 74232, 72
2026/07/28 14:57:54.053, 301.87, 100, 74232, 72
2026/07/28 14:57:55.092, 300.05, 100, 74232, 71
2026/07/28 14:57:56.132, 302.17, 100, 74232, 71
2026/07/28 14:57:57.170, 300.17, 100, 74232, 71
2026/07/28 14:57:58.208, 300.73, 100, 74232, 71
2026/07/28 14:57:59.248, 300.94, 100, 74232, 71
2026/07/28 14:58:00.286, 301.42, 100, 74232, 71
2026/07/28 14:58:01.323, 302.20, 100, 74232, 71
2026/07/28 14:58:02.363, 300.83, 100, 74232, 71
2026/07/28 14:58:03.400, 300.06, 100, 74232, 71
2026/07/28 14:58:04.442, 293.47, 100, 74232, 71
2026/07/28 14:58:05.480, 300.82, 100, 74232, 71
2026/07/28 14:58:06.518, 300.48, 100, 74232, 71
2026/07/28 14:58:07.557, 293.05, 100, 74232, 71
2026/07/28 14:58:08.597, 294.71, 100, 74232, 71
2026/07/28 14:58:09.634, 293.45, 100, 74232, 71
2026/07/28 14:58:10.672, 292.58, 100, 74232, 71
2026/07/28 14:58:11.709, 300.53, 100, 74232, 71
2026/07/28 14:58:12.747, 288.40, 100, 74232, 71
2026/07/28 14:58:13.785, 294.23, 100, 74232, 71
2026/07/28 14:58:14.823, 288.32, 100, 74232, 71
2026/07/28 14:58:15.860, 299.38, 100, 74232, 71
2026/07/28 14:58:16.897, 298.61, 100, 74232, 71
2026/07/28 14:58:17.935, 297.42, 100, 74232, 71
2026/07/28 14:58:18.972, 299.65, 100, 74232, 71
2026/07/28 14:58:20.010, 300.81, 100, 74232, 71
2026/07/28 14:58:21.046, 300.84, 100, 74232, 71
2026/07/28 14:58:22.085, 299.29, 100, 74232, 71
2026/07/28 14:58:23.122, 299.77, 100, 74232, 71
2026/07/28 14:58:24.160, 299.97, 100, 74232, 71
2026/07/28 14:58:25.199, 298.80, 100, 74232, 71
2026/07/28 14:58:26.236, 299.19, 100, 74232, 71
2026/07/28 14:58:27.274, 300.04, 100, 74232, 70
2026/07/28 14:58:28.312, 303.34, 100, 74232, 70
2026/07/28 14:58:29.351, 299.27, 100, 74232, 70
2026/07/28 14:58:30.389, 299.38, 100, 74232, 70
2026/07/28 14:58:31.428, 297.72, 100, 74232, 70
2026/07/28 14:58:32.466, 305.86, 100, 74232, 70
2026/07/28 14:58:33.503, 307.12, 100, 74232, 70
2026/07/28 14:58:34.542, 298.90, 100, 74232, 70
2026/07/28 14:58:35.579, 299.27, 100, 74232, 70
2026/07/28 14:58:36.616, 299.86, 100, 74232, 70
2026/07/28 14:58:37.653, 299.08, 100, 74232, 70
2026/07/28 14:58:38.690, 298.79, 100, 74232, 70
2026/07/28 14:58:39.728, 300.71, 100, 74232, 70
2026/07/28 14:58:40.765, 299.35, 100, 74232, 70
2026/07/28 14:58:41.803, 299.02, 100, 74232, 70
2026/07/28 14:58:42.841, 300.73, 100, 74232, 70
2026/07/28 14:58:43.878, 299.16, 100, 74232, 70
2026/07/28 14:58:44.918, 298.70, 100, 74232, 70
2026/07/28 14:58:45.956, 298.99, 100, 74232, 70
2026/07/28 14:58:46.993, 299.37, 100, 74232, 70
2026/07/28 14:58:48.031, 298.97, 100, 74232, 70
2026/07/28 14:58:49.069, 299.10, 100, 74232, 70
2026/07/28 14:58:50.106, 298.22, 100, 74232, 70
2026/07/28 14:58:51.144, 298.12, 100, 74232, 70
2026/07/28 14:58:52.183, 300.14, 100, 74232, 70
2026/07/28 14:58:53.220, 298.87, 100, 74232, 70
2026/07/28 14:58:54.258, 298.20, 100, 74232, 70
2026/07/28 14:58:55.297, 300.61, 100, 74232, 70
2026/07/28 14:58:56.334, 298.80, 100, 74232, 70
2026/07/28 14:58:57.373, 298.32, 100, 74232, 70
2026/07/28 14:58:58.411, 299.68, 100, 74232, 70
2026/07/28 14:58:59.448, 298.29, 100, 74232, 70
2026/07/28 14:59:00.485, 299.76, 100, 74232, 70
2026/07/28 14:59:01.521, 299.25, 100, 74232, 70
2026/07/28 14:59:02.560, 297.73, 100, 74232, 70
2026/07/28 14:59:03.598, 298.59, 100, 74232, 70
2026/07/28 14:59:04.639, 298.81, 100, 74232, 70
2026/07/28 14:59:05.677, 298.67, 100, 74232, 70
2026/07/28 14:59:06.714, 299.36, 100, 74232, 70
2026/07/28 14:59:07.758, 298.60, 100, 74232, 70
2026/07/28 14:59:08.796, 297.32, 100, 74232, 70
2026/07/28 14:59:09.833, 299.66, 100, 74232, 70
2026/07/28 14:59:10.870, 301.97, 100, 74232, 71
2026/07/28 14:59:11.905, 300.74, 100, 74232, 71
2026/07/28 14:59:12.941, 311.31, 100, 74232, 71
2026/07/28 14:59:13.980, 291.32, 100, 74232, 71
2026/07/28 14:59:15.015, 290.69, 100, 74232, 71
2026/07/28 14:59:16.051, 276.67, 100, 74232, 71
2026/07/28 14:59:17.087, 295.47, 100, 74232, 71
2026/07/28 14:59:18.124, 282.93, 100, 74232, 69
2026/07/28 14:59:19.160, 289.65, 100, 74232, 70
2026/07/28 14:59:20.196, 290.06, 100, 74232, 70
2026/07/28 14:59:21.232, 290.45, 100, 74232, 70
2026/07/28 14:59:22.269, 291.54, 100, 74232, 70
2026/07/28 14:59:23.305, 296.18, 100, 74232, 70
2026/07/28 14:59:24.341, 297.23, 100, 74232, 71
2026/07/28 14:59:25.379, 301.72, 100, 74232, 71
2026/07/28 14:59:26.415, 299.79, 100, 74232, 71
2026/07/28 14:59:27.452, 300.00, 100, 74232, 71
2026/07/28 14:59:28.489, 300.17, 100, 74232, 71
2026/07/28 14:59:29.525, 300.13, 100, 74232, 72
2026/07/28 14:59:30.561, 301.02, 100, 74232, 72
2026/07/28 14:59:31.598, 301.41, 100, 74232, 72
2026/07/28 14:59:32.635, 304.79, 100, 74232, 72
2026/07/28 14:59:33.672, 301.05, 100, 74232, 72
2026/07/28 14:59:34.708, 302.59, 100, 74232, 72
2026/07/28 14:59:35.745, 302.17, 100, 74232, 72
2026/07/28 14:59:36.781, 302.77, 100, 74232, 72
2026/07/28 14:59:37.818, 305.20, 100, 74232, 72
2026/07/28 14:59:38.854, 303.62, 100, 74232, 73
2026/07/28 14:59:39.893, 303.34, 100, 74232, 73
2026/07/28 14:59:40.929, 302.08, 100, 74232, 73
2026/07/28 14:59:41.966, 302.29, 100, 74232, 73
2026/07/28 14:59:43.002, 303.05, 100, 74232, 73
2026/07/28 14:59:44.040, 302.18, 100, 74232, 73
2026/07/28 14:59:45.077, 291.42, 100, 74232, 73
2026/07/28 14:59:46.114, 296.56, 100, 74232, 73
2026/07/28 14:59:47.154, 295.48, 100, 74232, 73
2026/07/28 14:59:48.196, 296.00, 100, 74232, 73
2026/07/28 14:59:49.232, 302.42, 100, 74232, 73
2026/07/28 14:59:50.272, 298.31, 100, 74232, 73
2026/07/28 14:59:51.309, 296.17, 100, 74232, 73
2026/07/28 14:59:52.345, 292.31, 100, 74232, 73
2026/07/28 14:59:53.383, 296.67, 100, 74232, 73
2026/07/28 14:59:54.421, 295.50, 100, 74232, 73
2026/07/28 14:59:55.458, 302.09, 100, 74232, 74
2026/07/28 14:59:56.497, 303.43, 100, 74232, 74
2026/07/28 14:59:57.534, 298.70, 100, 74232, 74
2026/07/28 14:59:58.570, 300.05, 100, 74232, 74
2026/07/28 14:59:59.607, 304.79, 100, 74232, 74
2026/07/28 15:00:00.650, 305.99, 100, 74232, 74
2026/07/28 15:00:01.688, 305.58, 100, 74232, 74
2026/07/28 15:00:02.724, 304.89, 100, 74232, 74
2026/07/28 15:00:03.762, 305.19, 100, 74232, 74
2026/07/28 15:00:04.799, 297.83, 100, 74232, 74
2026/07/28 15:00:05.836, 287.52, 100, 74232, 74
2026/07/28 15:00:06.874, 292.48, 100, 74232, 74
2026/07/28 15:00:07.909, 292.09, 100, 74232, 74
2026/07/28 15:00:08.946, 305.89, 100, 74232, 74
2026/07/28 15:00:09.983, 305.20, 100, 74232, 74
2026/07/28 15:00:11.019, 300.73, 100, 74232, 74
2026/07/28 15:00:12.058, 296.47, 100, 74232, 74
2026/07/28 15:00:13.096, 297.72, 100, 74232, 74
2026/07/28 15:00:14.134, 297.38, 100, 74232, 74
2026/07/28 15:00:15.170, 297.43, 100, 74232, 74
2026/07/28 15:00:16.209, 300.14, 100, 74232, 74
2026/07/28 15:00:17.247, 296.98, 100, 74232, 74
2026/07/28 15:00:18.284, 297.34, 100, 74232, 74
2026/07/28 15:00:19.321, 297.74, 100, 74232, 74
2026/07/28 15:00:20.359, 297.43, 100, 74232, 74
2026/07/28 15:00:21.395, 297.15, 100, 74232, 74
2026/07/28 15:00:22.432, 298.79, 100, 74232, 74
2026/07/28 15:00:23.469, 298.30, 100, 74232, 74
2026/07/28 15:00:24.508, 296.87, 100, 74232, 74
2026/07/28 15:00:25.548, 297.81, 100, 74232, 74
2026/07/28 15:00:26.584, 296.07, 100, 74232, 74
2026/07/28 15:00:27.624, 297.62, 100, 74232, 74
2026/07/28 15:00:28.661, 297.24, 100, 74232, 74
2026/07/28 15:00:29.698, 298.04, 100, 74232, 74
2026/07/28 15:00:30.735, 298.32, 100, 74232, 74
2026/07/28 15:00:31.771, 297.65, 100, 74232, 74
2026/07/28 15:00:32.808, 297.92, 100, 74232, 74
2026/07/28 15:00:33.845, 294.23, 100, 74232, 74
2026/07/28 15:00:34.882, 304.36, 100, 74232, 74
2026/07/28 15:00:35.919, 297.62, 100, 74232, 74
2026/07/28 15:00:36.957, 297.90, 100, 74232, 74
2026/07/28 15:00:37.994, 298.20, 100, 74232, 74
2026/07/28 15:00:39.030, 298.19, 100, 74232, 74
2026/07/28 15:00:40.068, 293.85, 100, 74232, 74
2026/07/28 15:00:41.104, 298.05, 100, 74232, 75
2026/07/28 15:00:42.141, 297.66, 100, 74232, 75
2026/07/28 15:00:43.177, 297.43, 100, 74232, 75
2026/07/28 15:00:44.214, 298.11, 100, 74232, 75
2026/07/28 15:00:45.250, 298.31, 100, 74232, 75
2026/07/28 15:00:46.288, 298.13, 100, 74232, 75
2026/07/28 15:00:47.324, 297.26, 100, 74232, 75
2026/07/28 15:00:48.363, 298.89, 100, 74232, 75
2026/07/28 15:00:49.399, 298.05, 100, 74232, 75
2026/07/28 15:00:50.436, 298.62, 100, 74232, 75
2026/07/28 15:00:51.477, 301.61, 100, 74232, 75
2026/07/28 15:00:52.513, 298.02, 100, 74232, 75
2026/07/28 15:00:53.551, 297.92, 100, 74232, 75
2026/07/28 15:00:54.588, 298.72, 100, 74232, 75
2026/07/28 15:00:55.624, 298.20, 100, 74232, 75
2026/07/28 15:00:56.660, 297.64, 100, 74232, 75
2026/07/28 15:00:57.698, 299.11, 100, 74232, 75
2026/07/28 15:00:58.736, 301.89, 100, 74232, 75
2026/07/28 15:00:59.773, 298.41, 100, 74232, 75
2026/07/28 15:01:00.810, 297.82, 100, 74232, 75
2026/07/28 15:01:01.850, 299.69, 100, 74232, 75
2026/07/28 15:01:02.888, 298.60, 100, 74232, 75
2026/07/28 15:01:03.926, 297.91, 100, 74232, 75
2026/07/28 15:01:04.963, 298.80, 100, 74232, 75
2026/07/28 15:01:06.000, 298.29, 100, 74232, 75
2026/07/28 15:01:07.040, 298.39, 100, 74232, 75
2026/07/28 15:01:08.077, 298.51, 100, 74232, 75
2026/07/28 15:01:09.114, 299.01, 100, 74232, 75
2026/07/28 15:01:10.151, 298.62, 100, 74232, 75
2026/07/28 15:01:11.187, 300.43, 100, 74232, 75
2026/07/28 15:01:12.224, 299.57, 100, 74232, 75
2026/07/28 15:01:13.261, 298.68, 100, 74232, 75
2026/07/28 15:01:14.299, 298.40, 100, 74232, 75
2026/07/28 15:01:15.340, 299.30, 100, 74232, 75
2026/07/28 15:01:16.378, 299.93, 100, 74232, 75
2026/07/28 15:01:17.414, 298.01, 100, 74232, 75
2026/07/28 15:01:18.453, 298.02, 100, 74232, 75
2026/07/28 15:01:19.491, 299.10, 100, 74232, 75
2026/07/28 15:01:20.528, 300.35, 100, 74232, 75
2026/07/28 15:01:21.567, 299.39, 100, 74232, 75
2026/07/28 15:01:22.603, 298.72, 100, 74232, 75
2026/07/28 15:01:23.641, 298.68, 100, 74232, 75
2026/07/28 15:01:24.679, 299.28, 100, 74232, 75
2026/07/28 15:01:25.716, 298.98, 100, 74232, 75
2026/07/28 15:01:26.752, 298.23, 100, 74232, 75
2026/07/28 15:01:27.790, 298.10, 100, 74232, 75
2026/07/28 15:01:28.826, 298.69, 100, 74232, 75
2026/07/28 15:01:29.864, 294.54, 100, 74232, 75
2026/07/28 15:01:30.900, 298.11, 100, 74232, 74
2026/07/28 15:01:31.937, 298.59, 100, 74232, 74
2026/07/28 15:01:32.974, 305.52, 100, 74232, 74
2026/07/28 15:01:34.013, 303.44, 100, 74232, 74
2026/07/28 15:01:35.052, 306.09, 100, 74232, 74
2026/07/28 15:01:36.089, 295.39, 100, 74232, 74
2026/07/28 15:01:37.126, 297.81, 100, 74232, 74
2026/07/28 15:01:38.163, 304.51, 100, 74232, 74
2026/07/28 15:01:39.200, 299.68, 100, 74232, 74
2026/07/28 15:01:40.237, 299.38, 100, 74232, 74
2026/07/28 15:01:41.274, 302.51, 100, 74232, 74
2026/07/28 15:01:42.310, 298.01, 100, 74232, 74
2026/07/28 15:01:43.350, 297.93, 100, 74232, 74
2026/07/28 15:01:44.388, 305.86, 100, 74232, 74
2026/07/28 15:01:45.425, 293.95, 100, 74232, 74
2026/07/28 15:01:46.463, 297.85, 100, 74232, 74
2026/07/28 15:01:47.500, 297.52, 100, 74232, 74
2026/07/28 15:01:48.543, 297.14, 100, 74232, 74
2026/07/28 15:01:49.583, 297.52, 100, 74232, 74
2026/07/28 15:01:50.620, 298.69, 100, 74232, 74
2026/07/28 15:01:51.658, 298.79, 100, 74232, 74
2026/07/28 15:01:52.696, 298.42, 100, 74232, 74
2026/07/28 15:01:53.732, 298.63, 100, 74232, 75
2026/07/28 15:01:54.769, 297.72, 100, 74232, 75
2026/07/28 15:01:55.807, 298.21, 100, 74232, 75
2026/07/28 15:01:56.847, 298.60, 100, 74232, 75
2026/07/28 15:01:57.884, 298.33, 100, 74232, 75
2026/07/28 15:01:58.920, 297.81, 100, 74232, 75
2026/07/28 15:01:59.957, 298.51, 100, 74232, 75
2026/07/28 15:02:00.994, 299.38, 100, 74232, 75
2026/07/28 15:02:02.032, 297.74, 100, 74232, 75
2026/07/28 15:02:03.069, 298.12, 100, 74232, 74
2026/07/28 15:02:04.107, 298.69, 100, 74232, 74
2026/07/28 15:02:05.145, 297.26, 100, 74232, 74
2026/07/28 15:02:06.183, 300.06, 100, 74232, 74
2026/07/28 15:02:07.221, 298.00, 100, 74232, 74
2026/07/28 15:02:08.261, 298.81, 100, 74232, 74
2026/07/28 15:02:09.298, 297.23, 100, 74232, 74
2026/07/28 15:02:10.339, 301.30, 100, 74232, 74
2026/07/28 15:02:11.379, 297.13, 100, 74232, 73
2026/07/28 15:02:12.416, 298.30, 100, 74232, 73
2026/07/28 15:02:13.454, 303.54, 100, 74232, 73
2026/07/28 15:02:14.492, 305.67, 100, 74232, 73
2026/07/28 15:02:15.529, 304.39, 100, 74232, 73
2026/07/28 15:02:16.567, 304.67, 100, 74232, 73
2026/07/28 15:02:17.604, 303.73, 100, 74232, 73
2026/07/28 15:02:18.641, 302.98, 100, 74232, 73
2026/07/28 15:02:19.677, 297.23, 100, 74232, 73
2026/07/28 15:02:20.713, 301.34, 100, 74232, 73
2026/07/28 15:02:21.748, 295.69, 100, 74232, 73
2026/07/28 15:02:22.784, 294.80, 100, 74232, 73
2026/07/28 15:02:23.822, 300.75, 100, 74232, 73
2026/07/28 15:02:24.862, 302.31, 100, 74232, 72
2026/07/28 15:02:25.899, 302.08, 100, 74232, 72
2026/07/28 15:02:26.937, 302.00, 100, 74232, 72
2026/07/28 15:02:27.975, 294.92, 100, 74232, 72
2026/07/28 15:02:29.012, 297.53, 100, 74232, 72
2026/07/28 15:02:30.049, 300.15, 100, 74232, 72
2026/07/28 15:02:31.086, 300.56, 100, 74232, 72
2026/07/28 15:02:32.124, 301.88, 100, 74232, 72
2026/07/28 15:02:33.160, 302.39, 100, 74232, 72
2026/07/28 15:02:34.198, 298.40, 100, 74232, 72
2026/07/28 15:02:35.235, 302.35, 100, 74232, 72
2026/07/28 15:02:36.273, 301.99, 100, 74232, 72
2026/07/28 15:02:37.310, 301.43, 100, 74232, 72
2026/07/28 15:02:38.349, 302.12, 100, 74232, 72
2026/07/28 15:02:39.389, 301.51, 100, 74232, 72
2026/07/28 15:02:40.426, 301.31, 100, 74232, 72
2026/07/28 15:02:41.463, 301.60, 100, 74232, 72
2026/07/28 15:02:42.499, 300.63, 100, 74232, 72
2026/07/28 15:02:43.535, 299.75, 100, 74232, 72
2026/07/28 15:02:44.572, 301.03, 100, 74232, 71
2026/07/28 15:02:45.608, 301.31, 100, 74232, 71
2026/07/28 15:02:46.645, 301.24, 100, 74232, 71
2026/07/28 15:02:47.682, 300.63, 100, 74232, 71
2026/07/28 15:02:48.720, 299.74, 100, 74232, 71
2026/07/28 15:02:49.757, 300.44, 100, 74232, 71
2026/07/28 15:02:50.798, 301.34, 100, 74232, 71
2026/07/28 15:02:51.835, 293.95, 100, 74232, 71
2026/07/28 15:02:52.871, 296.58, 100, 74232, 71
2026/07/28 15:02:53.908, 299.11, 100, 74232, 71
2026/07/28 15:02:54.945, 296.94, 100, 74232, 71
2026/07/28 15:02:55.984, 299.08, 100, 74232, 71
2026/07/28 15:02:57.021, 299.75, 100, 74232, 71
2026/07/28 15:02:58.058, 300.55, 100, 74232, 71
2026/07/28 15:02:59.094, 300.55, 100, 74232, 71
2026/07/28 15:03:00.131, 299.59, 100, 74232, 71
2026/07/28 15:03:01.168, 303.81, 100, 74232, 71
2026/07/28 15:03:02.204, 299.85, 100, 74232, 71
2026/07/28 15:03:03.241, 299.58, 100, 74232, 71
2026/07/28 15:03:04.279, 295.90, 100, 74232, 71
2026/07/28 15:03:05.317, 298.88, 100, 74232, 71
2026/07/28 15:03:06.354, 299.56, 100, 74232, 71
2026/07/28 15:03:07.391, 300.24, 100, 74232, 71
2026/07/28 15:03:08.429, 297.91, 100, 74232, 70
2026/07/28 15:03:09.468, 295.99, 100, 74232, 70
2026/07/28 15:03:10.505, 296.73, 100, 74232, 70
2026/07/28 15:03:11.542, 291.42, 100, 74232, 70
2026/07/28 15:03:12.578, 294.43, 100, 74232, 70
2026/07/28 15:03:13.619, 295.09, 100, 74232, 70
2026/07/28 15:03:14.655, 299.10, 100, 74232, 70
2026/07/28 15:03:15.692, 298.22, 100, 74232, 70
2026/07/28 15:03:16.731, 299.11, 100, 74232, 70
2026/07/28 15:03:17.771, 298.58, 100, 74232, 70
2026/07/28 15:03:18.809, 295.40, 100, 74232, 70
2026/07/28 15:03:19.850, 299.00, 100, 74232, 70
2026/07/28 15:03:20.889, 299.76, 100, 74232, 70
2026/07/28 15:03:21.927, 304.02, 100, 74232, 70
2026/07/28 15:03:22.964, 305.67, 100, 74232, 70
2026/07/28 15:03:24.001, 305.32, 100, 74232, 70
2026/07/28 15:03:25.038, 295.02, 100, 74232, 70
2026/07/28 15:03:26.076, 306.52, 100, 74232, 70
2026/07/28 15:03:27.114, 300.15, 100, 74232, 70
2026/07/28 15:03:28.156, 307.30, 100, 74232, 70
2026/07/28 15:03:29.194, 299.17, 100, 74232, 70
2026/07/28 15:03:30.230, 298.88, 100, 74232, 70
2026/07/28 15:03:31.268, 296.36, 100, 74232, 70
2026/07/28 15:03:32.305, 299.56, 100, 74232, 70
2026/07/28 15:03:33.342, 305.98, 100, 74232, 70
2026/07/28 15:03:34.381, 298.89, 100, 74232, 70
2026/07/28 15:03:35.419, 298.49, 100, 74232, 70
2026/07/28 15:03:36.455, 297.72, 100, 74232, 70
2026/07/28 15:03:37.494, 298.30, 100, 74232, 70
2026/07/28 15:03:38.531, 299.38, 100, 74232, 70
2026/07/28 15:03:39.569, 298.51, 100, 74232, 70
2026/07/28 15:03:40.607, 299.00, 100, 74232, 70
2026/07/28 15:03:41.646, 305.18, 100, 74232, 70
2026/07/28 15:03:42.682, 298.78, 100, 74232, 70
2026/07/28 15:03:43.722, 304.61, 100, 74232, 70
2026/07/28 15:03:44.759, 305.45, 100, 74232, 70
2026/07/28 15:03:45.796, 298.69, 100, 74232, 70
2026/07/28 15:03:46.834, 295.49, 100, 74232, 70
2026/07/28 15:03:47.873, 300.03, 100, 74232, 70
2026/07/28 15:03:48.911, 297.82, 100, 74232, 70
2026/07/28 15:03:49.948, 292.87, 100, 74232, 70
2026/07/28 15:03:50.985, 298.42, 100, 74232, 70
2026/07/28 15:03:52.022, 297.92, 100, 74232, 70
2026/07/28 15:03:53.060, 299.99, 100, 74232, 70
2026/07/28 15:03:54.098, 301.88, 100, 74232, 70
2026/07/28 15:03:55.135, 304.89, 100, 74232, 70
2026/07/28 15:03:56.173, 297.53, 100, 74232, 70
2026/07/28 15:03:57.210, 297.83, 100, 74232, 70
2026/07/28 15:03:58.248, 294.05, 100, 74232, 70
2026/07/28 15:03:59.285, 300.32, 100, 74232, 69
2026/07/28 15:04:00.325, 297.45, 100, 74232, 70
2026/07/28 15:04:01.363, 302.36, 100, 74232, 70
2026/07/28 15:04:02.399, 297.60, 100, 74232, 70
2026/07/28 15:04:03.436, 298.02, 100, 74232, 69
2026/07/28 15:04:04.472, 298.70, 100, 74232, 69
2026/07/28 15:04:05.508, 298.52, 100, 74232, 69
2026/07/28 15:04:06.544, 297.53, 100, 74232, 69
2026/07/28 15:04:07.581, 298.72, 100, 74232, 69
2026/07/28 15:04:08.617, 298.59, 100, 74232, 69
2026/07/28 15:04:09.655, 297.43, 100, 74232, 69
2026/07/28 15:04:10.693, 94.51, 13, 74232, 67
2026/07/28 15:04:11.741, 292.80, 100, 74232, 70
2026/07/28 15:04:12.776, 312.54, 100, 74232, 71
2026/07/28 15:04:13.812, 290.41, 100, 74232, 71
2026/07/28 15:04:14.847, 295.90, 100, 74232, 71
2026/07/28 15:04:15.880, 291.20, 100, 74232, 71
2026/07/28 15:04:16.917, 295.46, 100, 74232, 71
2026/07/28 15:04:17.958, 301.65, 100, 74232, 71
2026/07/28 15:04:18.993, 306.44, 100, 74232, 69
2026/07/28 15:04:20.030, 289.86, 100, 74232, 69
2026/07/28 15:04:21.067, 290.26, 100, 74232, 70
2026/07/28 15:04:22.105, 290.92, 100, 74232, 70
2026/07/28 15:04:23.142, 290.83, 100, 74232, 70
2026/07/28 15:04:24.179, 299.00, 100, 74232, 70
2026/07/28 15:04:25.217, 293.55, 100, 74232, 70
2026/07/28 15:04:26.253, 298.03, 100, 74232, 71
2026/07/28 15:04:27.290, 309.17, 100, 74232, 71
2026/07/28 15:04:28.327, 301.35, 100, 74232, 71
2026/07/28 15:04:29.365, 298.58, 100, 74232, 71
2026/07/28 15:04:30.403, 301.51, 100, 74232, 71
2026/07/28 15:04:31.440, 296.37, 100, 74232, 71
2026/07/28 15:04:32.477, 300.62, 100, 74232, 71
2026/07/28 15:04:33.515, 300.73, 100, 74232, 72
2026/07/28 15:04:34.552, 301.15, 100, 74232, 72
2026/07/28 15:04:35.589, 293.57, 100, 74232, 72
2026/07/28 15:04:36.626, 301.08, 100, 74232, 72
2026/07/28 15:04:37.666, 302.37, 100, 74232, 72
2026/07/28 15:04:38.703, 302.00, 100, 74232, 72
2026/07/28 15:04:39.739, 301.50, 100, 74232, 72
2026/07/28 15:04:40.776, 302.03, 100, 74232, 72
2026/07/28 15:04:41.811, 301.99, 100, 74232, 72
2026/07/28 15:04:42.849, 301.92, 100, 74232, 72
2026/07/28 15:04:43.885, 302.12, 100, 74232, 73
2026/07/28 15:04:44.923, 303.26, 100, 74232, 73
2026/07/28 15:04:45.960, 302.90, 100, 74232, 73
2026/07/28 15:04:46.998, 292.58, 100, 74232, 73
2026/07/28 15:04:48.035, 297.91, 100, 74232, 73
2026/07/28 15:04:49.072, 294.34, 100, 74232, 73
2026/07/28 15:04:50.109, 295.39, 100, 74232, 73
2026/07/28 15:04:51.146, 296.07, 100, 74232, 73
2026/07/28 15:04:52.182, 295.69, 100, 74232, 73
2026/07/28 15:04:53.218, 295.20, 100, 74232, 73
2026/07/28 15:04:54.255, 294.53, 100, 74232, 73
2026/07/28 15:04:55.294, 301.14, 100, 74232, 73
2026/07/28 15:04:56.332, 295.41, 100, 74232, 73
2026/07/28 15:04:57.368, 303.83, 100, 74232, 73
2026/07/28 15:04:58.407, 300.04, 100, 74232, 73
2026/07/28 15:04:59.444, 303.34, 100, 74232, 74
2026/07/28 15:05:00.481, 304.93, 100, 74232, 74
2026/07/28 15:05:01.517, 299.95, 100, 74232, 74
2026/07/28 15:05:02.555, 303.39, 100, 74232, 74
2026/07/28 15:05:03.592, 295.79, 100, 74232, 74
2026/07/28 15:05:04.629, 296.37, 100, 74232, 74
2026/07/28 15:05:05.666, 297.83, 100, 74232, 74
2026/07/28 15:05:06.703, 296.67, 100, 74232, 74
2026/07/28 15:05:07.743, 296.58, 100, 74232, 74
2026/07/28 15:05:08.780, 296.26, 100, 74232, 74
2026/07/28 15:05:09.817, 296.55, 100, 74232, 74
2026/07/28 15:05:10.856, 297.73, 100, 74232, 74
2026/07/28 15:05:11.893, 294.35, 100, 74232, 74
2026/07/28 15:05:12.932, 296.66, 100, 74232, 74
2026/07/28 15:05:13.969, 297.13, 100, 74232, 74
2026/07/28 15:05:15.005, 296.95, 100, 74232, 74
2026/07/28 15:05:16.042, 297.42, 100, 74232, 74
2026/07/28 15:05:17.078, 297.24, 100, 74232, 74
2026/07/28 15:05:18.115, 297.72, 100, 74232, 74
2026/07/28 15:05:19.152, 296.85, 100, 74232, 74
2026/07/28 15:05:20.192, 296.36, 100, 74232, 74
2026/07/28 15:05:21.229, 297.43, 100, 74232, 74
2026/07/28 15:05:22.266, 297.23, 100, 74232, 74
2026/07/28 15:05:23.303, 297.17, 100, 74232, 74
2026/07/28 15:05:24.339, 297.34, 100, 74232, 74
2026/07/28 15:05:25.377, 297.45, 100, 74232, 74
2026/07/28 15:05:26.415, 297.83, 100, 74232, 74
2026/07/28 15:05:27.453, 296.68, 100, 74232, 74
2026/07/28 15:05:28.491, 300.17, 100, 74232, 74
2026/07/28 15:05:29.528, 298.02, 100, 74232, 74
2026/07/28 15:05:30.564, 305.90, 100, 74232, 74
2026/07/28 15:05:31.601, 305.70, 100, 74232, 74
2026/07/28 15:05:32.639, 297.54, 100, 74232, 74
2026/07/28 15:05:33.675, 296.85, 100, 74232, 74
2026/07/28 15:05:34.712, 297.63, 100, 74232, 74
2026/07/28 15:05:35.752, 301.60, 100, 74232, 74
2026/07/28 15:05:36.790, 305.36, 100, 74232, 74
2026/07/28 15:05:37.829, 296.86, 100, 74232, 74
2026/07/28 15:05:38.866, 299.48, 100, 74232, 74
2026/07/28 15:05:39.904, 297.82, 100, 74232, 74
2026/07/28 15:05:40.941, 297.14, 100, 74232, 74
2026/07/28 15:05:41.977, 305.65, 100, 74232, 74
2026/07/28 15:05:43.013, 305.29, 100, 74232, 74
2026/07/28 15:05:44.052, 298.03, 100, 74232, 74
2026/07/28 15:05:45.088, 299.46, 100, 74232, 74
2026/07/28 15:05:46.127, 293.83, 100, 74232, 74
2026/07/28 15:05:47.165, 298.40, 100, 74232, 74
2026/07/28 15:05:48.202, 301.60, 100, 74232, 74
2026/07/28 15:05:49.244, 295.88, 100, 74232, 74
2026/07/28 15:05:50.280, 297.74, 100, 74232, 74
2026/07/28 15:05:51.319, 297.75, 100, 74232, 74
2026/07/28 15:05:52.357, 299.76, 100, 74232, 74
2026/07/28 15:05:53.396, 297.93, 100, 74232, 74
2026/07/28 15:05:54.432, 299.86, 100, 74232, 74
2026/07/28 15:05:55.469, 298.04, 100, 74232, 74
2026/07/28 15:05:56.506, 294.71, 100, 74232, 74
2026/07/28 15:05:57.543, 298.60, 100, 74232, 74
2026/07/28 15:05:58.584, 297.90, 100, 74232, 74
2026/07/28 15:05:59.622, 298.52, 100, 74232, 74
2026/07/28 15:06:00.659, 297.52, 100, 74232, 75
2026/07/28 15:06:01.695, 298.12, 100, 74232, 75
2026/07/28 15:06:02.732, 300.06, 100, 74232, 75
2026/07/28 15:06:03.770, 298.11, 100, 74232, 75
2026/07/28 15:06:04.806, 297.93, 100, 74232, 75
2026/07/28 15:06:05.847, 298.52, 100, 74232, 75
2026/07/28 15:06:06.885, 298.86, 100, 74232, 75
2026/07/28 15:06:07.922, 297.52, 100, 74232, 75
2026/07/28 15:06:08.960, 298.70, 100, 74232, 75
2026/07/28 15:06:09.998, 299.74, 100, 74232, 75
2026/07/28 15:06:11.036, 298.68, 100, 74232, 75
2026/07/28 15:06:12.072, 299.19, 100, 74232, 75
2026/07/28 15:06:13.109, 298.69, 100, 74232, 75
2026/07/28 15:06:14.145, 299.86, 100, 74232, 75
2026/07/28 15:06:15.181, 298.50, 100, 74232, 75
2026/07/28 15:06:16.217, 298.02, 100, 74232, 75
2026/07/28 15:06:17.254, 302.85, 100, 74232, 75
2026/07/28 15:06:18.294, 302.56, 100, 74232, 75
2026/07/28 15:06:19.332, 298.31, 100, 74232, 75
2026/07/28 15:06:20.368, 298.10, 100, 74232, 75
2026/07/28 15:06:21.405, 299.08, 100, 74232, 75
2026/07/28 15:06:22.441, 298.59, 100, 74232, 75
2026/07/28 15:06:23.478, 297.74, 100, 74232, 75
2026/07/28 15:06:24.514, 298.98, 100, 74232, 75
2026/07/28 15:06:25.551, 298.10, 100, 74232, 75
2026/07/28 15:06:26.588, 299.27, 100, 74232, 75
2026/07/28 15:06:27.625, 298.42, 100, 74232, 75
2026/07/28 15:06:28.661, 298.61, 100, 74232, 75
2026/07/28 15:06:29.698, 298.52, 100, 74232, 75
2026/07/28 15:06:30.737, 300.62, 100, 74232, 75
2026/07/28 15:06:31.774, 298.69, 100, 74232, 75
2026/07/28 15:06:32.811, 298.50, 100, 74232, 75
2026/07/28 15:06:33.848, 298.79, 100, 74232, 75
2026/07/28 15:06:34.885, 299.48, 100, 74232, 75
2026/07/28 15:06:35.924, 298.61, 100, 74232, 75
2026/07/28 15:06:36.962, 299.17, 100, 74232, 75
2026/07/28 15:06:37.998, 300.05, 100, 74232, 75
2026/07/28 15:06:39.035, 299.27, 100, 74232, 75
2026/07/28 15:06:40.073, 298.98, 100, 74232, 75
2026/07/28 15:06:41.110, 299.28, 100, 74232, 75
2026/07/28 15:06:42.147, 298.10, 100, 74232, 75
2026/07/28 15:06:43.183, 298.11, 100, 74232, 75
2026/07/28 15:06:44.221, 298.40, 100, 74232, 74
2026/07/28 15:06:45.260, 297.24, 100, 74232, 74
2026/07/28 15:06:46.297, 297.24, 100, 74232, 74
2026/07/28 15:06:47.333, 297.91, 100, 74232, 74
2026/07/28 15:06:48.372, 302.50, 100, 74232, 74
2026/07/28 15:06:49.411, 295.98, 100, 74232, 74
2026/07/28 15:06:50.448, 299.10, 100, 74232, 74
2026/07/28 15:06:51.485, 303.48, 100, 74232, 74
2026/07/28 15:06:52.522, 300.32, 100, 74232, 74
2026/07/28 15:06:53.559, 297.71, 100, 74232, 74
2026/07/28 15:06:54.596, 293.55, 100, 74232, 74
2026/07/28 15:06:55.633, 296.39, 100, 74232, 74
2026/07/28 15:06:56.671, 296.57, 100, 74232, 74
2026/07/28 15:06:57.708, 297.45, 100, 74232, 74
2026/07/28 15:06:58.745, 296.26, 100, 74232, 74
2026/07/28 15:06:59.783, 296.95, 100, 74232, 74
2026/07/28 15:07:00.820, 296.28, 100, 74232, 74
2026/07/28 15:07:01.858, 296.18, 100, 74232, 74
2026/07/28 15:07:02.895, 296.07, 100, 74232, 74
2026/07/28 15:07:03.932, 296.28, 100, 74232, 74
2026/07/28 15:07:04.973, 298.52, 100, 74232, 74
2026/07/28 15:07:06.012, 297.23, 100, 74232, 73
2026/07/28 15:07:07.049, 296.93, 100, 74232, 73
2026/07/28 15:07:08.086, 303.92, 100, 74232, 74
2026/07/28 15:07:09.122, 301.98, 100, 74232, 73
2026/07/28 15:07:10.160, 303.33, 100, 74232, 73
2026/07/28 15:07:11.197, 305.08, 100, 74232, 73
2026/07/28 15:07:12.235, 304.50, 100, 74232, 73
2026/07/28 15:07:13.273, 304.02, 100, 74232, 73
2026/07/28 15:07:14.312, 297.62, 100, 74232, 73
2026/07/28 15:07:15.348, 296.07, 100, 74232, 73
2026/07/28 15:07:16.385, 298.09, 100, 74232, 73
2026/07/28 15:07:17.424, 295.69, 100, 74232, 73
2026/07/28 15:07:18.465, 292.00, 100, 74232, 73
2026/07/28 15:07:19.501, 300.05, 100, 74232, 73
2026/07/28 15:07:20.538, 304.20, 100, 74232, 73
2026/07/28 15:07:21.576, 303.56, 100, 74232, 73
2026/07/28 15:07:22.614, 295.29, 100, 74232, 72
2026/07/28 15:07:23.651, 294.62, 100, 74232, 72
2026/07/28 15:07:24.687, 295.50, 100, 74232, 72
2026/07/28 15:07:25.725, 296.00, 100, 74232, 72
2026/07/28 15:07:26.762, 290.25, 100, 74232, 72
2026/07/28 15:07:27.800, 296.27, 100, 74232, 72
2026/07/28 15:07:28.839, 301.63, 100, 74232, 72
2026/07/28 15:07:29.877, 302.59, 100, 74232, 72
2026/07/28 15:07:30.915, 302.28, 100, 74232, 72
2026/07/28 15:07:31.952, 301.82, 100, 74232, 72
2026/07/28 15:07:32.990, 304.00, 100, 74232, 72
2026/07/28 15:07:34.029, 301.12, 100, 74232, 72
2026/07/28 15:07:35.068, 301.60, 100, 74232, 72
2026/07/28 15:07:36.106, 301.53, 100, 74232, 72
2026/07/28 15:07:37.143, 301.22, 100, 74232, 72
2026/07/28 15:07:38.180, 299.66, 100, 74232, 72
2026/07/28 15:07:39.217, 294.32, 100, 74232, 72
2026/07/28 15:07:40.256, 294.24, 100, 74232, 71
2026/07/28 15:07:41.294, 293.83, 100, 74232, 71
2026/07/28 15:07:42.332, 293.94, 100, 74232, 71
2026/07/28 15:07:43.371, 296.07, 100, 74232, 71
2026/07/28 15:07:44.407, 297.12, 100, 74232, 71
2026/07/28 15:07:45.444, 299.94, 100, 74232, 71
2026/07/28 15:07:46.481, 300.14, 100, 74232, 71
2026/07/28 15:07:47.519, 301.21, 100, 74232, 71
2026/07/28 15:07:48.556, 300.32, 100, 74232, 71
2026/07/28 15:07:49.597, 302.65, 100, 74232, 71
2026/07/28 15:07:50.633, 299.94, 100, 74232, 71
2026/07/28 15:07:51.670, 299.66, 100, 74232, 71
2026/07/28 15:07:52.707, 299.87, 100, 74232, 71
2026/07/28 15:07:53.744, 300.71, 100, 74232, 71
2026/07/28 15:07:54.782, 308.26, 100, 74232, 71
2026/07/28 15:07:55.818, 307.02, 100, 74232, 71
2026/07/28 15:07:56.859, 303.44, 100, 74232, 71
2026/07/28 15:07:57.896, 301.05, 100, 74232, 71
2026/07/28 15:07:58.933, 300.15, 100, 74232, 71
2026/07/28 15:07:59.970, 300.24, 100, 74232, 71
2026/07/28 15:08:01.006, 300.73, 100, 74232, 71
2026/07/28 15:08:02.043, 300.14, 100, 74232, 71
2026/07/28 15:08:03.079, 299.65, 100, 74232, 71
2026/07/28 15:08:04.119, 299.67, 100, 74232, 71
2026/07/28 15:08:05.155, 300.63, 100, 74232, 71
2026/07/28 15:08:06.193, 311.37, 100, 74232, 71
2026/07/28 15:08:07.230, 299.86, 100, 74232, 71
2026/07/28 15:08:08.271, 299.76, 100, 74232, 71
2026/07/28 15:08:09.308, 296.28, 100, 74232, 71
2026/07/28 15:08:10.346, 298.89, 100, 74232, 71
2026/07/28 15:08:11.382, 300.66, 100, 74232, 71
2026/07/28 15:08:12.421, 298.89, 100, 74232, 70
2026/07/28 15:08:13.460, 296.76, 100, 74232, 70
2026/07/28 15:08:14.497, 298.40, 100, 74232, 70
2026/07/28 15:08:15.535, 303.37, 100, 74232, 70
2026/07/28 15:08:16.574, 299.65, 100, 74232, 70
2026/07/28 15:08:17.611, 291.51, 100, 74232, 70
2026/07/28 15:08:18.649, 291.23, 100, 74232, 70
2026/07/28 15:08:19.686, 291.61, 100, 74232, 70
2026/07/28 15:08:20.724, 299.67, 100, 74232, 70
2026/07/28 15:08:21.763, 288.02, 100, 74232, 70
2026/07/28 15:08:22.800, 292.01, 100, 74232, 70
2026/07/28 15:08:23.842, 288.01, 100, 74232, 70
2026/07/28 15:08:24.880, 298.89, 100, 74232, 70
2026/07/28 15:08:25.917, 295.58, 100, 74232, 70
2026/07/28 15:08:26.956, 299.75, 100, 74232, 70
2026/07/28 15:08:27.993, 299.08, 100, 74232, 70
2026/07/28 15:08:29.030, 298.50, 100, 74232, 70
2026/07/28 15:08:30.068, 299.48, 100, 74232, 70
2026/07/28 15:08:31.110, 305.51, 100, 74232, 70
2026/07/28 15:08:32.147, 298.69, 100, 74232, 70
2026/07/28 15:08:33.183, 298.10, 100, 74232, 70
2026/07/28 15:08:34.220, 298.19, 100, 74232, 70
2026/07/28 15:08:35.256, 297.73, 100, 74232, 70
2026/07/28 15:08:36.293, 302.08, 100, 74232, 70
2026/07/28 15:08:37.329, 297.94, 100, 74232, 70
2026/07/28 15:08:38.365, 299.09, 100, 74232, 70
2026/07/28 15:08:39.405, 301.71, 100, 74232, 70
2026/07/28 15:08:40.443, 301.02, 100, 74232, 70
2026/07/28 15:08:41.482, 306.53, 100, 74232, 70
2026/07/28 15:08:42.519, 297.82, 100, 74232, 70
2026/07/28 15:08:43.559, 298.23, 100, 74232, 70
2026/07/28 15:08:44.597, 298.80, 100, 74232, 70
2026/07/28 15:08:45.634, 298.49, 100, 74232, 70
2026/07/28 15:08:46.674, 298.20, 100, 74232, 70
2026/07/28 15:08:47.712, 298.40, 100, 74232, 70
2026/07/28 15:08:48.749, 298.32, 100, 74232, 70
2026/07/28 15:08:49.785, 297.81, 100, 74232, 70
2026/07/28 15:08:50.821, 298.02, 100, 74232, 70
2026/07/28 15:08:51.858, 298.78, 100, 74232, 70
2026/07/28 15:08:52.895, 297.54, 100, 74232, 70
2026/07/28 15:08:53.932, 303.39, 100, 74232, 70
2026/07/28 15:08:54.970, 300.04, 100, 74232, 70
2026/07/28 15:08:56.007, 298.11, 100, 74232, 70
2026/07/28 15:08:57.050, 304.78, 100, 74232, 70
2026/07/28 15:08:58.088, 304.40, 100, 74232, 70
2026/07/28 15:08:59.124, 302.79, 100, 74232, 70
2026/07/28 15:09:00.160, 298.59, 100, 74232, 69
2026/07/28 15:09:01.197, 294.43, 100, 74232, 69
2026/07/28 15:09:02.234, 297.23, 100, 74232, 69
2026/07/28 15:09:03.271, 297.73, 100, 74232, 69
2026/07/28 15:09:04.308, 298.97, 100, 74232, 69
2026/07/28 15:09:05.345, 297.43, 100, 74232, 69
2026/07/28 15:09:06.382, 297.43, 100, 74232, 69
2026/07/28 15:09:07.420, 306.52, 100, 74232, 69
2026/07/28 15:09:08.458, 301.23, 100, 74232, 69
2026/07/28 15:09:09.496, 305.38, 100, 74232, 69
2026/07/28 15:09:10.535, 297.35, 100, 74232, 69
2026/07/28 15:09:11.573, 94.41, 77, 74232, 66
2026/07/28 15:09:12.605, 92.87, 0, 74232, 65
2026/07/28 15:09:13.636, 91.96, 0, 74232, 65
2026/07/28 15:09:14.668, 91.29, 0, 74232, 64
2026/07/28 15:09:15.701, 91.04, 0, 74232, 64
2026/07/28 15:09:16.732, 90.15, 0, 74232, 63
2026/07/28 15:09:17.764, 88.51, 0, 74232, 63
2026/07/28 15:09:18.795, 88.81, 0, 74232, 62
2026/07/28 15:09:19.826, 89.36, 0, 74232, 62
2026/07/28 15:09:20.858, 88.38, 0, 74232, 62
2026/07/28 15:09:21.892, 88.61, 0, 74232, 61
2026/07/28 15:09:22.923, 87.41, 0, 74232, 61
2026/07/28 15:09:23.954, 86.93, 0, 74232, 61
2026/07/28 15:09:24.985, 86.57, 0, 74232, 61
2026/07/28 15:09:26.017, 86.22, 0, 74232, 60
2026/07/28 15:09:27.049, 86.16, 0, 74232, 60
2026/07/28 15:09:28.083, 300.10, 100, 74232, 65
2026/07/28 15:09:29.119, 278.66, 100, 74232, 66
2026/07/28 15:09:30.208, 294.55, 100, 74232, 66
2026/07/28 15:09:31.243, 307.21, 100, 74232, 67
2026/07/28 15:09:32.277, 309.42, 100, 74232, 67
2026/07/28 15:09:33.318, 271.13, 100, 74232, 67
2026/07/28 15:09:34.353, 298.39, 100, 74232, 66
2026/07/28 15:09:35.391, 301.33, 100, 74232, 66
2026/07/28 15:09:36.428, 299.09, 100, 74232, 66
2026/07/28 15:09:37.466, 299.67, 100, 74232, 67
2026/07/28 15:09:38.505, 292.96, 100, 74232, 67
2026/07/28 15:09:39.541, 296.64, 100, 74232, 67
2026/07/28 15:09:40.578, 296.95, 100, 74232, 67
2026/07/28 15:09:41.617, 290.64, 100, 74232, 68
2026/07/28 15:09:42.654, 298.88, 100, 74232, 68
2026/07/28 15:09:43.692, 296.06, 100, 74232, 68
2026/07/28 15:09:44.732, 303.67, 100, 74232, 68
2026/07/28 15:09:45.769, 303.01, 100, 74232, 69
2026/07/28 15:09:46.806, 302.92, 100, 74232, 69
2026/07/28 15:09:47.843, 303.92, 100, 74232, 69
2026/07/28 15:09:48.879, 303.89, 100, 74232, 69
2026/07/28 15:09:49.916, 304.68, 100, 74232, 70
2026/07/28 15:09:50.952, 304.57, 100, 74232, 70
2026/07/28 15:09:51.989, 298.77, 100, 74232, 70
2026/07/28 15:09:53.025, 294.04, 100, 74232, 70
2026/07/28 15:09:54.070, 297.92, 100, 74232, 70
2026/07/28 15:09:55.108, 298.58, 100, 74232, 70
2026/07/28 15:09:56.151, 298.48, 100, 74232, 70
2026/07/28 15:09:57.188, 299.55, 100, 74232, 71
2026/07/28 15:09:58.226, 289.75, 100, 74232, 71
2026/07/28 15:09:59.263, 290.52, 100, 74232, 71
2026/07/28 15:10:00.311, 295.00, 100, 74232, 71
2026/07/28 15:10:01.348, 299.27, 100, 74232, 71
2026/07/28 15:10:02.385, 297.51, 100, 74232, 71
2026/07/28 15:10:03.425, 292.96, 100, 74232, 71
2026/07/28 15:10:04.462, 301.10, 100, 74232, 71
2026/07/28 15:10:05.500, 292.28, 100, 74232, 71
2026/07/28 15:10:06.537, 294.32, 100, 74232, 71
2026/07/28 15:10:07.573, 299.77, 100, 74232, 72
2026/07/28 15:10:08.610, 301.01, 100, 74232, 72
2026/07/28 15:10:09.646, 296.08, 100, 74232, 72
2026/07/28 15:10:10.685, 300.10, 100, 74232, 72
2026/07/28 15:10:11.721, 302.27, 100, 74232, 72
2026/07/28 15:10:12.758, 301.33, 100, 74232, 72
2026/07/28 15:10:13.795, 300.80, 100, 74232, 72
2026/07/28 15:10:14.833, 302.10, 100, 74232, 72
2026/07/28 15:10:15.871, 302.64, 100, 74232, 72
2026/07/28 15:10:16.909, 301.77, 100, 74232, 72
2026/07/28 15:10:17.946, 303.27, 100, 74232, 72
2026/07/28 15:10:18.983, 301.09, 100, 74232, 72
2026/07/28 15:10:20.021, 302.73, 100, 74232, 73
2026/07/28 15:10:21.059, 302.55, 100, 74232, 73
2026/07/28 15:10:22.099, 302.39, 100, 74232, 73
2026/07/28 15:10:23.136, 303.12, 100, 74232, 73
2026/07/28 15:10:24.172, 298.57, 100, 74232, 73
2026/07/28 15:10:25.209, 303.51, 100, 74232, 73
2026/07/28 15:10:26.249, 301.79, 100, 74232, 73
2026/07/28 15:10:27.285, 295.49, 100, 74232, 73
2026/07/28 15:10:28.321, 296.35, 100, 74232, 73
2026/07/28 15:10:29.358, 297.32, 100, 74232, 73
2026/07/28 15:10:30.397, 294.89, 100, 74232, 73
2026/07/28 15:10:31.433, 294.31, 100, 74232, 73
2026/07/28 15:10:32.470, 296.17, 100, 74232, 73
2026/07/28 15:10:33.507, 295.71, 100, 74232, 73
2026/07/28 15:10:34.545, 295.50, 100, 74232, 73
2026/07/28 15:10:35.582, 295.89, 100, 74232, 73
2026/07/28 15:10:36.618, 296.93, 100, 74232, 73
2026/07/28 15:10:37.655, 299.17, 100, 74232, 74
2026/07/28 15:10:38.694, 298.87, 100, 74232, 74
2026/07/28 15:10:39.730, 303.36, 100, 74232, 74
2026/07/28 15:10:40.766, 293.26, 100, 74232, 74
2026/07/28 15:10:41.802, 298.12, 100, 74232, 74
2026/07/28 15:10:42.839, 296.94, 100, 74232, 74
2026/07/28 15:10:43.876, 297.02, 100, 74232, 74
2026/07/28 15:10:44.914, 296.75, 100, 74232, 74
2026/07/28 15:10:45.950, 297.35, 100, 74232, 74
2026/07/28 15:10:46.987, 295.88, 100, 74232, 74
2026/07/28 15:10:48.027, 298.02, 100, 74232, 74
2026/07/28 15:10:49.066, 296.65, 100, 74232, 74
2026/07/28 15:10:50.103, 304.30, 100, 74232, 74
2026/07/28 15:10:51.140, 294.14, 100, 74232, 74
2026/07/28 15:10:52.175, 295.28, 100, 74232, 74
2026/07/28 15:10:53.214, 297.40, 100, 74232, 74
2026/07/28 15:10:54.251, 300.63, 100, 74232, 74
2026/07/28 15:10:55.287, 304.02, 100, 74232, 74
2026/07/28 15:10:56.324, 302.54, 100, 74232, 74
2026/07/28 15:10:57.363, 297.22, 100, 74232, 74
2026/07/28 15:10:58.401, 298.60, 100, 74232, 74
2026/07/28 15:10:59.438, 297.61, 100, 74232, 74
2026/07/28 15:11:00.475, 300.41, 100, 74232, 74
2026/07/28 15:11:01.511, 297.52, 100, 74232, 74
2026/07/28 15:11:02.546, 293.76, 100, 74232, 74
2026/07/28 15:11:03.585, 294.13, 100, 74232, 74
2026/07/28 15:11:04.621, 297.92, 100, 74232, 74
2026/07/28 15:11:05.660, 299.15, 100, 74232, 74
2026/07/28 15:11:06.697, 298.12, 100, 74232, 74
2026/07/28 15:11:07.734, 306.51, 100, 74232, 74
2026/07/28 15:11:08.771, 305.43, 100, 74232, 74
2026/07/28 15:11:09.807, 305.08, 100, 74232, 74
2026/07/28 15:11:10.850, 303.90, 100, 74232, 74
2026/07/28 15:11:11.886, 299.84, 100, 74232, 74
2026/07/28 15:11:12.922, 299.06, 100, 74232, 74
2026/07/28 15:11:13.959, 300.02, 100, 74232, 74
2026/07/28 15:11:14.998, 298.86, 100, 74232, 74
2026/07/28 15:11:16.035, 297.83, 100, 74232, 74
2026/07/28 15:11:17.073, 293.86, 100, 74232, 74
2026/07/28 15:11:18.109, 297.54, 100, 74232, 74
2026/07/28 15:11:19.146, 299.17, 100, 74232, 75
2026/07/28 15:11:20.185, 298.96, 100, 74232, 74
2026/07/28 15:11:21.222, 299.83, 100, 74232, 74
2026/07/28 15:11:22.259, 303.87, 100, 74232, 75
2026/07/28 15:11:23.295, 303.61, 100, 74232, 75
2026/07/28 15:11:24.331, 296.35, 100, 74232, 74
2026/07/28 15:11:25.367, 298.86, 100, 74232, 75
2026/07/28 15:11:26.405, 295.68, 100, 74232, 74
2026/07/28 15:11:27.441, 294.72, 100, 74232, 75
2026/07/28 15:11:28.479, 298.62, 100, 74232, 75
2026/07/28 15:11:29.515, 298.60, 100, 74232, 75
2026/07/28 15:11:30.551, 297.12, 100, 74232, 75
2026/07/28 15:11:31.588, 298.60, 100, 74232, 75
2026/07/28 15:11:32.625, 302.60, 100, 74232, 75
2026/07/28 15:11:33.662, 297.42, 100, 74232, 75
2026/07/28 15:11:34.698, 298.88, 100, 74232, 75
2026/07/28 15:11:35.734, 306.62, 100, 74232, 75
2026/07/28 15:11:36.772, 298.61, 100, 74232, 75
2026/07/28 15:11:37.810, 299.94, 100, 74232, 75
2026/07/28 15:11:38.847, 298.21, 100, 74232, 75
2026/07/28 15:11:39.885, 299.37, 100, 74232, 75
2026/07/28 15:11:40.921, 298.32, 100, 74232, 75
2026/07/28 15:11:41.958, 298.14, 100, 74232, 75
2026/07/28 15:11:42.995, 299.21, 100, 74232, 75
2026/07/28 15:11:44.031, 300.36, 100, 74232, 75
2026/07/28 15:11:45.068, 299.74, 100, 74232, 75
2026/07/28 15:11:46.105, 299.08, 100, 74232, 75
2026/07/28 15:11:47.142, 298.30, 100, 74232, 75
2026/07/28 15:11:48.179, 298.21, 100, 74232, 75
2026/07/28 15:11:49.215, 299.10, 100, 74232, 75
2026/07/28 15:11:50.253, 298.02, 100, 74232, 75
2026/07/28 15:11:51.290, 298.11, 100, 74232, 75
2026/07/28 15:11:52.327, 300.14, 100, 74232, 75
2026/07/28 15:11:53.365, 299.29, 100, 74232, 75
2026/07/28 15:11:54.401, 300.34, 100, 74232, 75
2026/07/28 15:11:55.440, 298.99, 100, 74232, 75
2026/07/28 15:11:56.478, 301.32, 100, 74232, 75
2026/07/28 15:11:57.514, 298.93, 100, 74232, 75
2026/07/28 15:11:58.552, 298.89, 100, 74232, 75
2026/07/28 15:11:59.589, 298.62, 100, 74232, 75
2026/07/28 15:12:00.626, 298.58, 100, 74232, 75
2026/07/28 15:12:01.662, 299.15, 100, 74232, 75
2026/07/28 15:12:02.700, 298.90, 100, 74232, 75
2026/07/28 15:12:03.736, 298.99, 100, 74232, 75
2026/07/28 15:12:04.773, 299.06, 100, 74232, 75
2026/07/28 15:12:05.809, 297.72, 100, 74232, 75
2026/07/28 15:12:06.846, 298.69, 100, 74232, 75
2026/07/28 15:12:07.883, 300.74, 100, 74232, 75
2026/07/28 15:12:08.921, 298.60, 100, 74232, 75
2026/07/28 15:12:09.957, 299.17, 100, 74232, 75
2026/07/28 15:12:10.995, 299.96, 100, 74232, 75
2026/07/28 15:12:12.033, 298.99, 100, 74232, 75
2026/07/28 15:12:13.071, 299.36, 100, 74232, 75
2026/07/28 15:12:14.107, 298.40, 100, 74232, 75
2026/07/28 15:12:15.144, 299.48, 100, 74232, 75
2026/07/28 15:12:16.181, 298.51, 100, 74232, 75
2026/07/28 15:12:17.219, 298.23, 100, 74232, 75
2026/07/28 15:12:18.258, 298.11, 100, 74232, 75
2026/07/28 15:12:19.295, 305.28, 100, 74232, 74
2026/07/28 15:12:20.333, 302.27, 100, 74232, 74
2026/07/28 15:12:21.371, 304.30, 100, 74232, 74
2026/07/28 15:12:22.412, 295.30, 100, 74232, 74
2026/07/28 15:12:23.449, 303.46, 100, 74232, 74
2026/07/28 15:12:24.488, 303.93, 100, 74232, 74
2026/07/28 15:12:25.526, 299.08, 100, 74232, 74
2026/07/28 15:12:26.564, 298.30, 100, 74232, 74
2026/07/28 15:12:27.602, 294.52, 100, 74232, 74
2026/07/28 15:12:28.638, 296.55, 100, 74232, 73
2026/07/28 15:12:29.676, 295.78, 100, 74232, 73
2026/07/28 15:12:30.713, 298.21, 100, 74232, 73
2026/07/28 15:12:31.751, 295.98, 100, 74232, 73
2026/07/28 15:12:32.788, 295.59, 100, 74232, 73
2026/07/28 15:12:33.825, 296.65, 100, 74232, 73
2026/07/28 15:12:34.863, 296.46, 100, 74232, 73
2026/07/28 15:12:35.900, 295.98, 100, 74232, 73
2026/07/28 15:12:36.937, 296.28, 100, 74232, 73
2026/07/28 15:12:37.975, 296.16, 100, 74232, 73
2026/07/28 15:12:39.017, 304.52, 100, 74232, 73
2026/07/28 15:12:40.053, 296.29, 100, 74232, 73
2026/07/28 15:12:41.090, 303.45, 100, 74232, 73
2026/07/28 15:12:42.128, 303.92, 100, 74232, 73
2026/07/28 15:12:43.165, 304.71, 100, 74232, 73
2026/07/28 15:12:44.202, 303.04, 100, 74232, 73
2026/07/28 15:12:45.239, 306.15, 100, 74232, 73
2026/07/28 15:12:46.277, 303.43, 100, 74232, 73
2026/07/28 15:12:47.313, 304.03, 100, 74232, 73
2026/07/28 15:12:48.352, 303.26, 100, 74232, 73
2026/07/28 15:12:49.390, 296.37, 100, 74232, 73
2026/07/28 15:12:50.426, 299.00, 100, 74232, 73
2026/07/28 15:12:51.463, 296.96, 100, 74232, 73
2026/07/28 15:12:52.499, 294.91, 100, 74232, 73
2026/07/28 15:12:53.536, 296.93, 100, 74232, 72
2026/07/28 15:12:54.572, 295.01, 100, 74232, 72
2026/07/28 15:12:55.609, 294.22, 100, 74232, 72
2026/07/28 15:12:56.647, 295.51, 100, 74232, 72
2026/07/28 15:12:57.684, 290.54, 100, 74232, 72
2026/07/28 15:12:58.722, 294.75, 100, 74232, 72
2026/07/28 15:12:59.758, 301.02, 100, 74232, 72
2026/07/28 15:13:00.795, 302.92, 100, 74232, 72
2026/07/28 15:13:01.831, 300.94, 100, 74232, 71
2026/07/28 15:13:02.868, 301.30, 100, 74232, 71
2026/07/28 15:13:03.905, 300.51, 100, 74232, 71
2026/07/28 15:13:04.948, 300.05, 100, 74232, 71
2026/07/28 15:13:05.986, 303.33, 100, 74232, 71
2026/07/28 15:13:07.025, 299.66, 100, 74232, 71
2026/07/28 15:13:08.064, 299.65, 100, 74232, 71
2026/07/28 15:13:09.101, 299.17, 100, 74232, 71
2026/07/28 15:13:10.137, 299.57, 100, 74232, 71
2026/07/28 15:13:11.174, 299.07, 100, 74232, 70
2026/07/28 15:13:12.210, 298.60, 100, 74232, 70
2026/07/28 15:13:13.247, 301.79, 100, 74232, 70
2026/07/28 15:13:14.286, 305.37, 100, 74232, 70
2026/07/28 15:13:15.323, 296.74, 100, 74232, 70
2026/07/28 15:13:16.361, 298.11, 100, 74232, 70
2026/07/28 15:13:17.399, 301.23, 100, 74232, 70
2026/07/28 15:13:18.437, 294.72, 100, 74232, 70
2026/07/28 15:13:19.474, 298.97, 100, 74232, 70
2026/07/28 15:13:20.511, 298.78, 100, 74232, 70
2026/07/28 15:13:21.547, 298.10, 100, 74232, 70
2026/07/28 15:13:22.583, 297.52, 100, 74232, 69
2026/07/28 15:13:23.619, 301.01, 100, 74232, 69
2026/07/28 15:13:24.659, 299.37, 100, 74232, 69
2026/07/28 15:13:25.695, 298.01, 100, 74232, 69
2026/07/28 15:13:26.732, 298.31, 100, 74232, 69
2026/07/28 15:13:27.768, 298.30, 100, 74232, 69
2026/07/28 15:13:28.805, 293.82, 100, 74232, 69
2026/07/28 15:13:29.847, 297.53, 100, 74232, 69
2026/07/28 15:13:30.885, 297.41, 100, 74232, 69
2026/07/28 15:13:31.921, 295.61, 100, 74232, 69
2026/07/28 15:13:32.958, 291.12, 100, 74232, 69
2026/07/28 15:13:33.995, 296.85, 100, 74232, 69
2026/07/28 15:13:35.033, 293.84, 100, 74232, 69
2026/07/28 15:13:36.069, 295.50, 100, 74232, 69
2026/07/28 15:13:37.105, 296.06, 100, 74232, 69
2026/07/28 15:13:38.143, 296.45, 100, 74232, 68
2026/07/28 15:13:39.180, 295.12, 100, 74232, 68
2026/07/28 15:13:40.217, 296.15, 100, 74232, 68
2026/07/28 15:13:41.254, 295.29, 100, 74232, 68
2026/07/28 15:13:42.291, 296.06, 100, 74232, 68
2026/07/28 15:13:43.328, 303.17, 100, 74232, 68
2026/07/28 15:13:44.365, 302.76, 100, 74232, 68
2026/07/28 15:13:45.401, 302.49, 100, 74232, 68
2026/07/28 15:13:46.445, 295.29, 100, 74232, 68
2026/07/28 15:13:47.482, 297.20, 100, 74232, 68
2026/07/28 15:13:48.518, 302.86, 100, 74232, 68
2026/07/28 15:13:49.555, 302.96, 100, 74232, 68
2026/07/28 15:13:50.591, 297.05, 100, 74232, 68
2026/07/28 15:13:51.629, 297.45, 100, 74232, 68
2026/07/28 15:13:52.665, 297.34, 100, 74232, 68
2026/07/28 15:13:53.702, 303.04, 100, 74232, 69
2026/07/28 15:13:54.738, 304.89, 100, 74232, 69
2026/07/28 15:13:55.776, 293.83, 100, 74232, 69
2026/07/28 15:13:56.813, 297.71, 100, 74232, 69
2026/07/28 15:13:57.852, 305.27, 100, 74232, 69
2026/07/28 15:13:58.889, 297.61, 100, 74232, 69
2026/07/28 15:13:59.925, 305.19, 100, 74232, 70
2026/07/28 15:14:00.963, 295.38, 100, 74232, 70
2026/07/28 15:14:02.000, 298.50, 100, 74232, 70
2026/07/28 15:14:03.039, 299.68, 100, 74232, 70
2026/07/28 15:14:04.076, 298.99, 100, 74232, 70
2026/07/28 15:14:05.115, 296.29, 100, 74232, 70
2026/07/28 15:14:06.151, 301.22, 100, 74232, 71
2026/07/28 15:14:07.188, 303.26, 100, 74232, 71
2026/07/28 15:14:08.226, 299.18, 100, 74232, 71
2026/07/28 15:14:09.265, 300.05, 100, 74232, 71
2026/07/28 15:14:10.301, 299.78, 100, 74232, 71
2026/07/28 15:14:11.340, 301.13, 100, 74232, 71
2026/07/28 15:14:12.377, 293.77, 100, 74232, 71
2026/07/28 15:14:13.414, 293.65, 100, 74232, 71
2026/07/28 15:14:14.451, 294.04, 100, 74232, 72
2026/07/28 15:14:15.487, 293.36, 100, 74232, 72
2026/07/28 15:14:16.528, 301.22, 100, 74232, 72
2026/07/28 15:14:17.565, 302.00, 100, 74232, 72
2026/07/28 15:14:18.602, 301.50, 100, 74232, 72
2026/07/28 15:14:19.638, 301.61, 100, 74232, 72
2026/07/28 15:14:20.676, 300.34, 100, 74232, 72
2026/07/28 15:14:21.714, 302.57, 100, 74232, 72
2026/07/28 15:14:22.752, 305.51, 100, 74232, 72
2026/07/28 15:14:23.791, 302.66, 100, 74232, 73
2026/07/28 15:14:24.827, 301.51, 100, 74232, 73
2026/07/28 15:14:25.866, 298.01, 100, 74232, 73
2026/07/28 15:14:26.902, 292.21, 100, 74232, 73
2026/07/28 15:14:27.942, 98.32, 0, 74232, 70
2026/07/28 15:14:28.974, 301.13, 100, 74232, 74
2026/07/28 15:14:30.009, 293.98, 100, 74232, 74
2026/07/28 15:14:31.047, 301.20, 100, 74232, 74
2026/07/28 15:14:32.084, 306.04, 100, 74232, 74
2026/07/28 15:14:33.119, 303.92, 100, 74232, 75
2026/07/28 15:14:34.154, 316.58, 100, 74232, 75
2026/07/28 15:14:35.190, 302.66, 100, 74232, 73
2026/07/28 15:14:36.227, 304.41, 100, 74232, 73
2026/07/28 15:14:37.264, 303.21, 100, 74232, 73
2026/07/28 15:14:38.300, 303.21, 100, 74232, 73
2026/07/28 15:14:39.337, 304.26, 100, 74232, 74
2026/07/28 15:14:40.374, 305.84, 100, 74232, 74
2026/07/28 15:14:41.412, 304.99, 100, 74232, 74
2026/07/28 15:14:42.449, 303.99, 100, 74232, 74
2026/07/28 15:14:43.489, 304.77, 100, 74232, 74
2026/07/28 15:14:44.527, 306.11, 100, 74232, 74
2026/07/28 15:14:45.567, 302.64, 100, 74232, 74
2026/07/28 15:14:46.603, 298.68, 100, 74232, 74
2026/07/28 15:14:47.641, 298.10, 100, 74232, 74
2026/07/28 15:14:48.679, 297.73, 100, 74232, 74
2026/07/28 15:14:49.716, 297.81, 100, 74232, 74
2026/07/28 15:14:50.752, 298.18, 100, 74232, 74
2026/07/28 15:14:51.789, 297.24, 100, 74232, 74
2026/07/28 15:14:52.826, 298.12, 100, 74232, 74
2026/07/28 15:14:53.863, 296.73, 100, 74232, 74
2026/07/28 15:14:54.900, 296.49, 100, 74232, 74
2026/07/28 15:14:55.938, 297.34, 100, 74232, 74
2026/07/28 15:14:56.975, 298.01, 100, 74232, 74
2026/07/28 15:14:58.012, 297.25, 100, 74232, 74
2026/07/28 15:14:59.050, 303.37, 100, 74232, 74
2026/07/28 15:15:00.088, 297.12, 100, 74232, 74
2026/07/28 15:15:01.124, 296.44, 100, 74232, 74
2026/07/28 15:15:02.161, 298.60, 100, 74232, 74
2026/07/28 15:15:03.199, 297.12, 100, 74232, 74
2026/07/28 15:15:04.238, 298.91, 100, 74232, 74
2026/07/28 15:15:05.276, 298.09, 100, 74232, 74
2026/07/28 15:15:06.314, 299.01, 100, 74232, 74
2026/07/28 15:15:07.355, 297.33, 100, 74232, 74
2026/07/28 15:15:08.392, 298.48, 100, 74232, 74
2026/07/28 15:15:09.430, 297.03, 100, 74232, 74
2026/07/28 15:15:10.468, 299.64, 100, 74232, 74
2026/07/28 15:15:11.504, 297.04, 100, 74232, 74
2026/07/28 15:15:12.542, 297.71, 100, 74232, 74
2026/07/28 15:15:13.579, 297.14, 100, 74232, 74
2026/07/28 15:15:14.617, 298.29, 100, 74232, 74
2026/07/28 15:15:15.654, 301.37, 100, 74232, 75
2026/07/28 15:15:16.690, 299.73, 100, 74232, 74
2026/07/28 15:15:17.728, 298.39, 100, 74232, 74
2026/07/28 15:15:18.765, 298.78, 100, 74232, 75
2026/07/28 15:15:19.802, 298.48, 100, 74232, 75
2026/07/28 15:15:20.838, 297.99, 100, 74232, 75
2026/07/28 15:15:21.875, 297.51, 100, 74232, 75
2026/07/28 15:15:22.911, 299.72, 100, 74232, 75
2026/07/28 15:15:23.949, 297.36, 100, 74232, 75
2026/07/28 15:15:24.985, 297.44, 100, 74232, 75
2026/07/28 15:15:26.024, 297.71, 100, 74232, 75
2026/07/28 15:15:27.061, 299.50, 100, 74232, 75
2026/07/28 15:15:28.098, 298.30, 100, 74232, 75
2026/07/28 15:15:29.138, 298.00, 100, 74232, 75
2026/07/28 15:15:30.175, 298.38, 100, 74232, 75
2026/07/28 15:15:31.214, 297.81, 100, 74232, 75
2026/07/28 15:15:32.251, 299.55, 100, 74232, 75
2026/07/28 15:15:33.287, 300.14, 100, 74232, 75
2026/07/28 15:15:34.325, 298.88, 100, 74232, 75
2026/07/28 15:15:35.365, 298.58, 100, 74232, 75
2026/07/28 15:15:36.402, 298.20, 100, 74232, 75
2026/07/28 15:15:37.439, 298.20, 100, 74232, 75
2026/07/28 15:15:38.477, 297.24, 100, 74232, 75
2026/07/28 15:15:39.515, 298.39, 100, 74232, 75
2026/07/28 15:15:40.554, 304.66, 100, 74232, 75
2026/07/28 15:15:41.591, 298.28, 100, 74232, 75
2026/07/28 15:15:42.628, 297.90, 100, 74232, 75
2026/07/28 15:15:43.666, 298.60, 100, 74232, 75
2026/07/28 15:15:44.703, 301.02, 100, 74232, 75
2026/07/28 15:15:45.743, 299.54, 100, 74232, 75
2026/07/28 15:15:46.780, 297.91, 100, 74232, 75
2026/07/28 15:15:47.821, 298.12, 100, 74232, 75
2026/07/28 15:15:48.858, 298.30, 100, 74232, 75
2026/07/28 15:15:49.895, 300.29, 100, 74232, 75
2026/07/28 15:15:50.934, 298.96, 100, 74232, 75
2026/07/28 15:15:51.972, 299.97, 100, 74232, 75
2026/07/28 15:15:53.009, 298.01, 100, 74232, 75
2026/07/28 15:15:54.049, 299.46, 100, 74232, 75
2026/07/28 15:15:55.088, 299.64, 100, 74232, 75
2026/07/28 15:15:56.126, 298.68, 100, 74232, 75
2026/07/28 15:15:57.165, 297.73, 100, 74232, 75
2026/07/28 15:15:58.202, 298.39, 100, 74232, 75
2026/07/28 15:15:59.240, 299.39, 100, 74232, 75
2026/07/28 15:16:00.279, 297.91, 100, 74232, 75
2026/07/28 15:16:01.317, 299.58, 100, 74232, 75
2026/07/28 15:16:02.354, 299.47, 100, 74232, 75
2026/07/28 15:16:03.393, 297.88, 100, 74232, 75
2026/07/28 15:16:04.430, 297.52, 100, 74232, 75
2026/07/28 15:16:05.466, 299.89, 100, 74232, 75
2026/07/28 15:16:06.504, 298.69, 100, 74232, 75
2026/07/28 15:16:07.542, 298.48, 100, 74232, 75
2026/07/28 15:16:08.581, 299.16, 100, 74232, 75
2026/07/28 15:16:09.619, 301.19, 100, 74232, 75
2026/07/28 15:16:10.655, 299.36, 100, 74232, 75
2026/07/28 15:16:11.694, 298.85, 100, 74232, 74
2026/07/28 15:16:12.730, 298.20, 100, 74232, 74
2026/07/28 15:16:13.768, 299.72, 100, 74232, 74
2026/07/28 15:16:14.805, 293.56, 100, 74232, 74
2026/07/28 15:16:15.842, 297.52, 100, 74232, 74
2026/07/28 15:16:16.880, 304.48, 100, 74232, 74
2026/07/28 15:16:17.917, 294.23, 100, 74232, 74
2026/07/28 15:16:18.954, 295.19, 100, 74232, 74
2026/07/28 15:16:19.993, 304.86, 100, 74232, 74
2026/07/28 15:16:21.035, 298.49, 100, 74232, 74
2026/07/28 15:16:22.072, 296.66, 100, 74232, 74
2026/07/28 15:16:23.112, 304.29, 100, 74232, 74
2026/07/28 15:16:24.151, 300.74, 100, 74232, 74
2026/07/28 15:16:25.189, 301.01, 100, 74232, 74
2026/07/28 15:16:26.229, 300.12, 100, 74232, 74
2026/07/28 15:16:27.268, 294.03, 100, 74232, 74
2026/07/28 15:16:28.305, 297.12, 100, 74232, 74
2026/07/28 15:16:29.343, 301.47, 100, 74232, 74
2026/07/28 15:16:30.380, 293.74, 100, 74232, 74
2026/07/28 15:16:31.421, 295.97, 100, 74232, 74
2026/07/28 15:16:32.460, 297.43, 100, 74232, 74
2026/07/28 15:16:33.497, 294.99, 100, 74232, 74
2026/07/28 15:16:34.535, 297.31, 100, 74232, 74
2026/07/28 15:16:35.572, 298.03, 100, 74232, 74
2026/07/28 15:16:36.611, 293.47, 100, 74232, 74
2026/07/28 15:16:37.648, 294.14, 100, 74232, 74
2026/07/28 15:16:38.687, 296.65, 100, 74232, 74
2026/07/28 15:16:39.724, 297.01, 100, 74232, 74
2026/07/28 15:16:40.765, 296.37, 100, 74232, 74
2026/07/28 15:16:41.801, 297.61, 100, 74232, 74
2026/07/28 15:16:42.840, 307.47, 100, 74232, 74
2026/07/28 15:16:43.878, 296.20, 100, 74232, 73
2026/07/28 15:16:44.916, 296.26, 100, 74232, 73
2026/07/28 15:16:45.953, 296.29, 100, 74232, 73
2026/07/28 15:16:46.994, 304.10, 100, 74232, 73
2026/07/28 15:16:48.031, 304.25, 100, 74232, 73
2026/07/28 15:16:49.069, 305.08, 100, 74232, 73
2026/07/28 15:16:50.105, 297.72, 100, 74232, 73
2026/07/28 15:16:51.142, 298.99, 100, 74232, 73
2026/07/28 15:16:52.178, 296.15, 100, 74232, 73
2026/07/28 15:16:53.218, 296.77, 100, 74232, 73
2026/07/28 15:16:54.254, 298.00, 100, 74232, 73
2026/07/28 15:16:55.293, 296.17, 100, 74232, 73
2026/07/28 15:16:56.331, 293.16, 100, 74232, 73
2026/07/28 15:16:57.369, 296.34, 100, 74232, 73
2026/07/28 15:16:58.405, 302.05, 100, 74232, 73
2026/07/28 15:16:59.441, 305.23, 100, 74232, 73
2026/07/28 15:17:00.478, 300.70, 100, 74232, 73
2026/07/28 15:17:01.522, 293.05, 100, 74232, 73
2026/07/28 15:17:02.564, 297.63, 100, 74232, 73
2026/07/28 15:17:03.600, 300.81, 100, 74232, 73
2026/07/28 15:17:04.638, 297.42, 100, 74232, 73
2026/07/28 15:17:05.675, 295.87, 100, 74232, 73
2026/07/28 15:17:06.711, 295.58, 100, 74232, 73
2026/07/28 15:17:07.748, 302.64, 100, 74232, 73
2026/07/28 15:17:08.786, 294.98, 100, 74232, 73
2026/07/28 15:17:09.825, 295.87, 100, 74232, 73
2026/07/28 15:17:10.862, 302.97, 100, 74232, 73
2026/07/28 15:17:11.899, 304.09, 100, 74232, 73
2026/07/28 15:17:12.936, 304.28, 100, 74232, 73
2026/07/28 15:17:13.973, 296.24, 100, 74232, 73
2026/07/28 15:17:15.011, 291.62, 100, 74232, 73
2026/07/28 15:17:16.048, 291.51, 100, 74232, 73
2026/07/28 15:17:17.085, 291.42, 100, 74232, 73
2026/07/28 15:17:18.123, 295.67, 100, 74232, 72
2026/07/28 15:17:19.160, 294.34, 100, 74232, 72
2026/07/28 15:17:20.199, 293.64, 100, 74232, 72
2026/07/28 15:17:21.235, 300.44, 100, 74232, 72
2026/07/28 15:17:22.271, 302.34, 100, 74232, 72
2026/07/28 15:17:23.307, 301.58, 100, 74232, 72
2026/07/28 15:17:24.343, 301.76, 100, 74232, 72
2026/07/28 15:17:25.380, 302.67, 100, 74232, 72
2026/07/28 15:17:26.416, 302.28, 100, 74232, 72
2026/07/28 15:17:27.453, 303.24, 100, 74232, 72
2026/07/28 15:17:28.492, 297.80, 100, 74232, 72
2026/07/28 15:17:29.529, 303.80, 100, 74232, 72
2026/07/28 15:17:30.566, 289.77, 100, 74232, 72
2026/07/28 15:17:31.604, 289.96, 100, 74232, 72
2026/07/28 15:17:32.641, 293.75, 100, 74232, 72
2026/07/28 15:17:33.679, 295.01, 100, 74232, 71
2026/07/28 15:17:34.716, 293.26, 100, 74232, 71
2026/07/28 15:17:35.756, 293.56, 100, 74232, 71
2026/07/28 15:17:36.792, 292.49, 100, 74232, 71
2026/07/28 15:17:37.830, 293.15, 100, 74232, 71
2026/07/28 15:17:38.866, 293.57, 100, 74232, 71
2026/07/28 15:17:39.904, 293.33, 100, 74232, 71
2026/07/28 15:17:40.941, 300.17, 100, 74232, 71
2026/07/28 15:17:41.978, 300.55, 100, 74232, 71
2026/07/28 15:17:43.018, 300.54, 100, 74232, 71
2026/07/28 15:17:44.054, 298.96, 100, 74232, 71
2026/07/28 15:17:45.090, 299.67, 100, 74232, 71
2026/07/28 15:17:46.127, 301.11, 100, 74232, 71
2026/07/28 15:17:47.165, 300.33, 100, 74232, 71
2026/07/28 15:17:48.205, 300.81, 100, 74232, 71
2026/07/28 15:17:49.245, 299.78, 100, 74232, 71
2026/07/28 15:17:50.281, 300.25, 100, 74232, 71
2026/07/28 15:17:51.319, 299.18, 100, 74232, 71
2026/07/28 15:17:52.355, 299.29, 100, 74232, 71
2026/07/28 15:17:53.395, 300.07, 100, 74232, 71
2026/07/28 15:17:54.434, 299.94, 100, 74232, 71
2026/07/28 15:17:55.474, 304.79, 100, 74232, 71
2026/07/28 15:17:56.512, 299.78, 100, 74232, 71
2026/07/28 15:17:57.548, 299.75, 100, 74232, 70
2026/07/28 15:17:58.584, 302.71, 100, 74232, 70
2026/07/28 15:17:59.621, 299.17, 100, 74232, 70
2026/07/28 15:18:00.657, 300.43, 100, 74232, 70
2026/07/28 15:18:01.693, 298.82, 100, 74232, 70
2026/07/28 15:18:02.729, 304.89, 100, 74232, 70
2026/07/28 15:18:03.765, 300.14, 100, 74232, 70
2026/07/28 15:18:04.800, 296.65, 100, 74232, 70
2026/07/28 15:18:05.839, 299.76, 100, 74232, 70
2026/07/28 15:18:06.877, 298.89, 100, 74232, 70
2026/07/28 15:18:07.914, 298.89, 100, 74232, 70
2026/07/28 15:18:08.951, 298.92, 100, 74232, 70
2026/07/28 15:18:09.989, 301.99, 100, 74232, 70
2026/07/28 15:18:11.032, 299.65, 100, 74232, 70
2026/07/28 15:18:12.070, 298.70, 100, 74232, 70
2026/07/28 15:18:13.107, 298.98, 100, 74232, 70
2026/07/28 15:18:14.145, 299.57, 100, 74232, 70
2026/07/28 15:18:15.181, 302.27, 100, 74232, 70
2026/07/28 15:18:16.217, 298.59, 100, 74232, 70
2026/07/28 15:18:17.253, 304.21, 100, 74232, 70
2026/07/28 15:18:18.291, 304.32, 100, 74232, 70
2026/07/28 15:18:19.329, 305.31, 100, 74232, 70
2026/07/28 15:18:20.367, 302.79, 100, 74232, 70
2026/07/28 15:18:21.410, 298.70, 100, 74232, 70
2026/07/28 15:18:22.448, 298.11, 100, 74232, 70
2026/07/28 15:18:23.486, 298.85, 100, 74232, 70
2026/07/28 15:18:24.526, 298.60, 100, 74232, 70
2026/07/28 15:18:25.563, 298.32, 100, 74232, 70
2026/07/28 15:18:26.599, 298.51, 100, 74232, 70
2026/07/28 15:18:27.636, 300.00, 100, 74232, 70
2026/07/28 15:18:28.672, 297.93, 100, 74232, 70
2026/07/28 15:18:29.709, 299.50, 100, 74232, 70
2026/07/28 15:18:30.745, 299.16, 100, 74232, 70
2026/07/28 15:18:31.783, 301.98, 100, 74232, 70
2026/07/28 15:18:32.822, 302.67, 100, 74232, 70
2026/07/28 15:18:33.863, 297.45, 100, 74232, 70
2026/07/28 15:18:34.901, 298.02, 100, 74232, 70
2026/07/28 15:18:35.937, 298.02, 100, 74232, 70
2026/07/28 15:18:36.975, 294.71, 100, 74232, 70
2026/07/28 15:18:38.011, 297.12, 100, 74232, 70
2026/07/28 15:18:39.048, 295.22, 100, 74232, 69
2026/07/28 15:18:40.085, 297.05, 100, 74232, 69
2026/07/28 15:18:41.122, 297.72, 100, 74232, 69
2026/07/28 15:18:42.158, 298.03, 100, 74232, 69
2026/07/28 15:18:43.196, 297.03, 100, 74232, 69
2026/07/28 15:18:44.233, 297.12, 100, 74232, 69
2026/07/28 15:18:45.270, 297.72, 100, 74232, 69
2026/07/28 15:18:46.308, 297.53, 100, 74232, 69
2026/07/28 15:18:47.346, 298.59, 100, 74232, 69
2026/07/28 15:18:48.383, 294.14, 100, 74232, 69
2026/07/28 15:18:49.420, 297.43, 100, 74232, 69
2026/07/28 15:18:50.457, 297.72, 100, 74232, 69
2026/07/28 15:18:51.494, 295.40, 100, 74232, 69
2026/07/28 15:18:52.532, 297.54, 100, 74232, 69
2026/07/28 15:18:53.569, 297.33, 100, 74232, 69
2026/07/28 15:18:54.605, 299.06, 100, 74232, 69
2026/07/28 15:18:55.641, 297.05, 100, 74232, 69
2026/07/28 15:18:56.678, 297.55, 100, 74232, 69
2026/07/28 15:18:57.718, 297.52, 100, 74232, 69
2026/07/28 15:18:58.755, 298.81, 100, 74232, 69
2026/07/28 15:18:59.792, 304.21, 100, 74232, 69
2026/07/28 15:19:00.828, 300.04, 100, 74232, 69
2026/07/28 15:19:01.864, 304.90, 100, 74232, 69
2026/07/28 15:19:02.901, 295.01, 100, 74232, 69
2026/07/28 15:19:03.941, 300.25, 100, 74232, 69
2026/07/28 15:19:04.978, 297.73, 100, 74232, 69
2026/07/28 15:19:06.018, 303.13, 100, 74232, 69
2026/07/28 15:19:07.055, 303.26, 100, 74232, 69
2026/07/28 15:19:08.092, 297.13, 100, 74232, 69
2026/07/28 15:19:09.129, 297.62, 100, 74232, 69
2026/07/28 15:19:10.166, 296.85, 100, 74232, 69
2026/07/28 15:19:11.202, 296.29, 100, 74232, 69
2026/07/28 15:19:12.238, 297.42, 100, 74232, 69
2026/07/28 15:19:13.275, 297.66, 100, 74232, 69
2026/07/28 15:19:14.312, 297.96, 100, 74232, 69
2026/07/28 15:19:15.349, 300.82, 100, 74232, 69
2026/07/28 15:19:16.386, 302.57, 100, 74232, 69
2026/07/28 15:19:17.426, 298.10, 100, 74232, 69
2026/07/28 15:19:18.464, 304.39, 100, 74232, 69
2026/07/28 15:19:19.504, 298.31, 100, 74232, 69
2026/07/28 15:19:20.541, 296.68, 100, 74232, 69
2026/07/28 15:19:21.578, 297.12, 100, 74232, 69
2026/07/28 15:19:22.615, 298.11, 100, 74232, 69
2026/07/28 15:19:23.653, 297.46, 100, 74232, 69
2026/07/28 15:19:24.692, 299.16, 100, 74232, 69
2026/07/28 15:19:25.730, 304.61, 100, 74232, 69
2026/07/28 15:19:26.769, 303.82, 100, 74232, 69
2026/07/28 15:19:27.806, 296.18, 100, 74232, 69
2026/07/28 15:19:28.842, 93.19, 0, 74232, 65
2026/07/28 15:19:29.875, 295.90, 100, 74232, 70
2026/07/28 15:19:30.909, 307.07, 100, 74232, 70
2026/07/28 15:19:31.945, 292.00, 100, 74232, 70
2026/07/28 15:19:32.980, 294.52, 100, 74232, 70
2026/07/28 15:19:34.015, 310.22, 100, 74232, 70
2026/07/28 15:19:35.049, 285.17, 100, 74232, 70
2026/07/28 15:19:36.092, 299.66, 100, 74232, 69
2026/07/28 15:19:37.130, 303.08, 100, 74232, 69
2026/07/28 15:19:38.168, 307.89, 100, 74232, 69
2026/07/28 15:19:39.206, 301.57, 100, 74232, 70
2026/07/28 15:19:40.242, 304.99, 100, 74232, 70
2026/07/28 15:19:41.280, 303.92, 100, 74232, 70
2026/07/28 15:19:42.317, 303.05, 100, 74232, 70
2026/07/28 15:19:43.354, 301.23, 100, 74232, 70
2026/07/28 15:19:44.391, 305.18, 100, 74232, 71
2026/07/28 15:19:45.429, 298.52, 100, 74232, 71
2026/07/28 15:19:46.465, 307.29, 100, 74232, 71
2026/07/28 15:19:47.505, 299.57, 100, 74232, 71
2026/07/28 15:19:48.541, 300.66, 100, 74232, 71
2026/07/28 15:19:49.581, 299.19, 100, 74232, 71
2026/07/28 15:19:50.617, 300.63, 100, 74232, 71
2026/07/28 15:19:51.654, 299.36, 100, 74232, 71
2026/07/28 15:19:52.691, 301.22, 100, 74232, 72
2026/07/28 15:19:53.728, 302.60, 100, 74232, 72
2026/07/28 15:19:54.765, 300.53, 100, 74232, 72
2026/07/28 15:19:55.802, 301.84, 100, 74232, 72
2026/07/28 15:19:56.840, 301.04, 100, 74232, 72
2026/07/28 15:19:57.878, 300.99, 100, 74232, 72
2026/07/28 15:19:58.916, 303.60, 100, 74232, 72
2026/07/28 15:19:59.953, 295.11, 100, 74232, 72
2026/07/28 15:20:00.999, 299.44, 100, 74232, 72
2026/07/28 15:20:02.039, 297.33, 100, 74232, 72
2026/07/28 15:20:03.076, 296.47, 100, 74232, 72
2026/07/28 15:20:04.116, 295.01, 100, 74232, 72
2026/07/28 15:20:05.152, 303.34, 100, 74232, 73
2026/07/28 15:20:06.190, 298.79, 100, 74232, 73
2026/07/28 15:20:07.226, 302.88, 100, 74232, 73
2026/07/28 15:20:08.264, 299.27, 100, 74232, 73
2026/07/28 15:20:09.301, 304.51, 100, 74232, 73
2026/07/28 15:20:10.338, 303.05, 100, 74232, 73
2026/07/28 15:20:11.375, 303.36, 100, 74232, 73
2026/07/28 15:20:12.412, 302.88, 100, 74232, 73
2026/07/28 15:20:13.448, 303.06, 100, 74232, 73
2026/07/28 15:20:14.485, 302.73, 100, 74232, 73
2026/07/28 15:20:15.521, 296.18, 100, 74232, 73
2026/07/28 15:20:16.557, 292.20, 100, 74232, 73
2026/07/28 15:20:17.594, 292.20, 100, 74232, 73
2026/07/28 15:20:18.635, 295.80, 100, 74232, 73
2026/07/28 15:20:19.672, 296.47, 100, 74232, 73
2026/07/28 15:20:20.709, 297.43, 100, 74232, 73
2026/07/28 15:20:21.745, 295.79, 100, 74232, 73
2026/07/28 15:20:22.782, 295.99, 100, 74232, 73
2026/07/28 15:20:23.823, 295.96, 100, 74232, 74
2026/07/28 15:20:24.860, 301.51, 100, 74232, 74
2026/07/28 15:20:25.897, 297.05, 100, 74232, 74
2026/07/28 15:20:26.935, 298.20, 100, 74232, 74
2026/07/28 15:20:27.972, 295.48, 100, 74232, 74
2026/07/28 15:20:29.011, 304.83, 100, 74232, 74
2026/07/28 15:20:30.048, 304.47, 100, 74232, 74
2026/07/28 15:20:31.085, 302.15, 100, 74232, 74
2026/07/28 15:20:32.123, 300.33, 100, 74232, 74
2026/07/28 15:20:33.159, 297.35, 100, 74232, 74
2026/07/28 15:20:34.197, 296.75, 100, 74232, 74
2026/07/28 15:20:35.233, 304.90, 100, 74232, 74
2026/07/28 15:20:36.271, 296.29, 100, 74232, 74
2026/07/28 15:20:37.308, 299.08, 100, 74232, 74
2026/07/28 15:20:38.345, 297.12, 100, 74232, 74
2026/07/28 15:20:39.383, 300.05, 100, 74232, 74
2026/07/28 15:20:40.420, 296.18, 100, 74232, 74
2026/07/28 15:20:41.456, 296.85, 100, 74232, 74
2026/07/28 15:20:42.492, 304.64, 100, 74232, 74
2026/07/28 15:20:43.530, 297.86, 100, 74232, 74
2026/07/28 15:20:44.568, 297.83, 100, 74232, 74
2026/07/28 15:20:45.605, 297.04, 100, 74232, 74
2026/07/28 15:20:46.642, 292.77, 100, 74232, 74
2026/07/28 15:20:47.680, 285.69, 100, 74232, 74
2026/07/28 15:20:48.719, 289.20, 100, 74232, 74
2026/07/28 15:20:49.757, 297.90, 100, 74232, 74
2026/07/28 15:20:50.794, 289.67, 100, 74232, 74
2026/07/28 15:20:51.833, 296.27, 100, 74232, 74
2026/07/28 15:20:52.870, 296.76, 100, 74232, 74
2026/07/28 15:20:53.908, 300.14, 100, 74232, 74
2026/07/28 15:20:54.946, 297.36, 100, 74232, 74
2026/07/28 15:20:55.984, 300.92, 100, 74232, 74
2026/07/28 15:20:57.020, 296.86, 100, 74232, 74
2026/07/28 15:20:58.060, 297.63, 100, 74232, 74
2026/07/28 15:20:59.097, 297.54, 100, 74232, 74
2026/07/28 15:21:00.133, 295.49, 100, 74232, 74
2026/07/28 15:21:01.172, 302.19, 100, 74232, 74
2026/07/28 15:21:02.208, 297.24, 100, 74232, 74
2026/07/28 15:21:03.246, 298.01, 100, 74232, 74
2026/07/28 15:21:04.283, 305.74, 100, 74232, 74
2026/07/28 15:21:05.320, 297.12, 100, 74232, 74
2026/07/28 15:21:06.358, 298.42, 100, 74232, 74
2026/07/28 15:21:07.395, 296.96, 100, 74232, 74
2026/07/28 15:21:08.433, 294.25, 100, 74232, 74
2026/07/28 15:21:09.470, 293.84, 100, 74232, 74
2026/07/28 15:21:10.509, 304.91, 100, 74232, 74
2026/07/28 15:21:11.546, 297.26, 100, 74232, 74
2026/07/28 15:21:12.583, 304.23, 100, 74232, 74
2026/07/28 15:21:13.621, 298.52, 100, 74232, 74
2026/07/28 15:21:14.657, 303.82, 100, 74232, 74
2026/07/28 15:21:15.694, 298.21, 100, 74232, 74
2026/07/28 15:21:16.731, 298.42, 100, 74232, 74
2026/07/28 15:21:17.767, 293.94, 100, 74232, 74
2026/07/28 15:21:18.803, 294.26, 100, 74232, 74
2026/07/28 15:21:19.839, 297.62, 100, 74232, 74
2026/07/28 15:21:20.875, 298.30, 100, 74232, 74
2026/07/28 15:21:21.912, 295.02, 100, 74232, 74
2026/07/28 15:21:22.950, 298.60, 100, 74232, 74
2026/07/28 15:21:23.986, 298.31, 100, 74232, 74
2026/07/28 15:21:25.023, 298.66, 100, 74232, 74
2026/07/28 15:21:26.060, 298.01, 100, 74232, 74
2026/07/28 15:21:27.097, 298.60, 100, 74232, 74
2026/07/28 15:21:28.135, 297.73, 100, 74232, 74
2026/07/28 15:21:29.172, 298.33, 100, 74232, 74
2026/07/28 15:21:30.209, 297.81, 100, 74232, 74
2026/07/28 15:21:31.246, 298.88, 100, 74232, 74
2026/07/28 15:21:32.283, 298.01, 100, 74232, 74
2026/07/28 15:21:33.321, 298.72, 100, 74232, 74
2026/07/28 15:21:34.357, 298.04, 100, 74232, 74
2026/07/28 15:21:35.396, 297.92, 100, 74232, 74
2026/07/28 15:21:36.434, 298.88, 100, 74232, 74
2026/07/28 15:21:37.472, 299.56, 100, 74232, 74
2026/07/28 15:21:38.509, 299.46, 100, 74232, 74
2026/07/28 15:21:39.546, 299.77, 100, 74232, 74
2026/07/28 15:21:40.585, 297.44, 100, 74232, 74
2026/07/28 15:21:41.624, 298.01, 100, 74232, 74
2026/07/28 15:21:42.661, 302.95, 100, 74232, 75
2026/07/28 15:21:43.699, 298.22, 100, 74232, 75
2026/07/28 15:21:44.742, 299.85, 100, 74232, 75
2026/07/28 15:21:45.781, 298.32, 100, 74232, 75
2026/07/28 15:21:46.819, 296.07, 100, 74232, 75
2026/07/28 15:21:47.857, 297.82, 100, 74232, 75
2026/07/28 15:21:48.895, 300.17, 100, 74232, 75
2026/07/28 15:21:49.933, 297.73, 100, 74232, 75
2026/07/28 15:21:50.970, 298.41, 100, 74232, 75
2026/07/28 15:21:52.008, 297.90, 100, 74232, 75
2026/07/28 15:21:53.046, 297.82, 100, 74232, 75
2026/07/28 15:21:54.084, 299.76, 100, 74232, 75
2026/07/28 15:21:55.121, 297.80, 100, 74232, 75
2026/07/28 15:21:56.161, 298.89, 100, 74232, 75
2026/07/28 15:21:57.199, 298.08, 100, 74232, 75
2026/07/28 15:21:58.236, 297.73, 100, 74232, 75
2026/07/28 15:21:59.276, 297.36, 100, 74232, 75
2026/07/28 15:22:00.314, 298.51, 100, 74232, 75
2026/07/28 15:22:01.352, 297.60, 100, 74232, 75
2026/07/28 15:22:02.392, 297.72, 100, 74232, 75
2026/07/28 15:22:03.431, 298.09, 100, 74232, 75
2026/07/28 15:22:04.469, 299.37, 100, 74232, 75
2026/07/28 15:22:05.507, 298.32, 100, 74232, 75
2026/07/28 15:22:06.545, 297.90, 100, 74232, 75
2026/07/28 15:22:07.583, 299.55, 100, 74232, 75
2026/07/28 15:22:08.624, 298.11, 100, 74232, 75
2026/07/28 15:22:09.662, 300.99, 100, 74232, 75
2026/07/28 15:22:10.700, 298.20, 100, 74232, 75
2026/07/28 15:22:11.739, 300.51, 100, 74232, 75
2026/07/28 15:22:12.777, 298.89, 100, 74232, 75
2026/07/28 15:22:13.814, 298.00, 100, 74232, 75
2026/07/28 15:22:14.852, 295.38, 100, 74232, 75
2026/07/28 15:22:15.890, 296.54, 100, 74232, 75
2026/07/28 15:22:16.928, 298.48, 100, 74232, 75
2026/07/28 15:22:17.964, 301.13, 100, 74232, 75
2026/07/28 15:22:19.004, 298.69, 100, 74232, 75
2026/07/28 15:22:20.043, 298.48, 100, 74232, 75
2026/07/28 15:22:21.081, 299.69, 100, 74232, 75
2026/07/28 15:22:22.119, 297.91, 100, 74232, 75
2026/07/28 15:22:23.156, 298.88, 100, 74232, 75
2026/07/28 15:22:24.193, 297.89, 100, 74232, 75
2026/07/28 15:22:25.235, 298.77, 100, 74232, 75
2026/07/28 15:22:26.273, 298.18, 100, 74232, 75
2026/07/28 15:22:27.310, 299.09, 100, 74232, 75
2026/07/28 15:22:28.347, 298.91, 100, 74232, 75
2026/07/28 15:22:29.385, 298.88, 100, 74232, 75
2026/07/28 15:22:30.421, 299.25, 100, 74232, 75
2026/07/28 15:22:31.460, 298.21, 100, 74232, 75
2026/07/28 15:22:32.497, 299.66, 100, 74232, 74
2026/07/28 15:22:33.534, 297.91, 100, 74232, 74
2026/07/28 15:22:34.572, 298.99, 100, 74232, 74
2026/07/28 15:22:35.609, 297.94, 100, 74232, 74
2026/07/28 15:22:36.649, 298.02, 100, 74232, 74
2026/07/28 15:22:37.688, 297.31, 100, 74232, 74
2026/07/28 15:22:38.726, 301.67, 100, 74232, 74
2026/07/28 15:22:39.764, 305.86, 100, 74232, 74
2026/07/28 15:22:40.801, 301.28, 100, 74232, 74
2026/07/28 15:22:41.840, 304.91, 100, 74232, 74
2026/07/28 15:22:42.877, 297.70, 100, 74232, 74
2026/07/28 15:22:43.915, 298.20, 100, 74232, 74
2026/07/28 15:22:44.953, 296.62, 100, 74232, 74
2026/07/28 15:22:45.991, 303.99, 100, 74232, 74
2026/07/28 15:22:47.028, 305.61, 100, 74232, 74
2026/07/28 15:22:48.065, 297.70, 100, 74232, 74
2026/07/28 15:22:49.103, 296.54, 100, 74232, 74
2026/07/28 15:22:50.140, 296.47, 100, 74232, 74
2026/07/28 15:22:51.178, 304.65, 100, 74232, 74
2026/07/28 15:22:52.215, 299.78, 100, 74232, 74
2026/07/28 15:22:53.255, 297.33, 100, 74232, 74
2026/07/28 15:22:54.294, 297.35, 100, 74232, 74
2026/07/28 15:22:55.332, 296.58, 100, 74232, 74
2026/07/28 15:22:56.370, 296.44, 100, 74232, 74
2026/07/28 15:22:57.412, 298.27, 100, 74232, 74
2026/07/28 15:22:58.451, 301.27, 100, 74232, 74
2026/07/28 15:22:59.489, 298.88, 100, 74232, 73
2026/07/28 15:23:00.528, 296.83, 100, 74232, 73
2026/07/28 15:23:01.569, 295.86, 100, 74232, 73
2026/07/28 15:23:02.608, 296.72, 100, 74232, 73
2026/07/28 15:23:03.646, 296.63, 100, 74232, 73
2026/07/28 15:23:04.684, 295.96, 100, 74232, 73
2026/07/28 15:23:05.722, 295.58, 100, 74232, 73
2026/07/28 15:23:06.763, 296.45, 100, 74232, 73
2026/07/28 15:23:07.801, 299.44, 100, 74232, 73
2026/07/28 15:23:08.838, 302.84, 100, 74232, 73
2026/07/28 15:23:09.878, 301.87, 100, 74232, 73
2026/07/28 15:23:10.915, 299.93, 100, 74232, 73
2026/07/28 15:23:11.952, 302.44, 100, 74232, 73
2026/07/28 15:23:12.991, 302.36, 100, 74232, 73
2026/07/28 15:23:14.029, 291.72, 100, 74232, 72
2026/07/28 15:23:15.067, 297.21, 100, 74232, 72
2026/07/28 15:23:16.106, 302.64, 100, 74232, 72
2026/07/28 15:23:17.145, 302.84, 100, 74232, 72
2026/07/28 15:23:18.183, 303.01, 100, 74232, 72
2026/07/28 15:23:19.220, 301.97, 100, 74232, 72
2026/07/28 15:23:20.259, 302.82, 100, 74232, 72
2026/07/28 15:23:21.296, 302.55, 100, 74232, 72
2026/07/28 15:23:22.334, 302.14, 100, 74232, 72
2026/07/28 15:23:23.371, 301.48, 100, 74232, 72
2026/07/28 15:23:24.410, 302.84, 100, 74232, 72
2026/07/28 15:23:25.448, 301.39, 100, 74232, 72
2026/07/28 15:23:26.487, 301.89, 100, 74232, 72
2026/07/28 15:23:27.524, 301.48, 100, 74232, 72
2026/07/28 15:23:28.562, 300.45, 100, 74232, 72
2026/07/28 15:23:29.600, 301.38, 100, 74232, 72
2026/07/28 15:23:30.637, 301.30, 100, 74232, 71
2026/07/28 15:23:31.676, 302.53, 100, 74232, 71
2026/07/28 15:23:32.713, 300.99, 100, 74232, 71
2026/07/28 15:23:33.751, 300.01, 100, 74232, 71
2026/07/28 15:23:34.789, 300.31, 100, 74232, 71
2026/07/28 15:23:35.828, 300.12, 100, 74232, 71
2026/07/28 15:23:36.866, 300.72, 100, 74232, 71
2026/07/28 15:23:37.904, 301.07, 100, 74232, 71
2026/07/28 15:23:38.943, 303.12, 100, 74232, 71
2026/07/28 15:23:39.980, 300.90, 100, 74232, 71
2026/07/28 15:23:41.019, 299.77, 100, 74232, 71
2026/07/28 15:23:42.057, 299.36, 100, 74232, 71
2026/07/28 15:23:43.094, 299.56, 100, 74232, 71
2026/07/28 15:23:44.132, 292.58, 100, 74232, 71
2026/07/28 15:23:45.168, 291.99, 100, 74232, 71
2026/07/28 15:23:46.207, 299.30, 100, 74232, 71
2026/07/28 15:23:47.245, 294.42, 100, 74232, 71
2026/07/28 15:23:48.282, 299.65, 100, 74232, 71
2026/07/28 15:23:49.321, 299.15, 100, 74232, 71
2026/07/28 15:23:50.359, 299.27, 100, 74232, 71
2026/07/28 15:23:51.398, 293.93, 100, 74232, 70
2026/07/28 15:23:52.440, 306.95, 100, 74232, 70
2026/07/28 15:23:53.478, 287.75, 100, 74232, 70
2026/07/28 15:23:54.515, 292.86, 100, 74232, 70
2026/07/28 15:23:55.554, 287.82, 100, 74232, 70
2026/07/28 15:23:56.592, 292.37, 100, 74232, 70
2026/07/28 15:23:57.631, 299.06, 100, 74232, 70
2026/07/28 15:23:58.668, 298.02, 100, 74232, 70
2026/07/28 15:23:59.710, 299.25, 100, 74232, 70
2026/07/28 15:24:00.750, 298.68, 100, 74232, 70
2026/07/28 15:24:01.787, 298.92, 100, 74232, 70
2026/07/28 15:24:02.825, 299.17, 100, 74232, 70
2026/07/28 15:24:03.862, 303.80, 100, 74232, 70
2026/07/28 15:24:04.900, 299.84, 100, 74232, 70
2026/07/28 15:24:05.939, 298.86, 100, 74232, 70
2026/07/28 15:24:06.977, 305.64, 100, 74232, 70
2026/07/28 15:24:08.015, 306.02, 100, 74232, 70
2026/07/28 15:24:09.053, 301.87, 100, 74232, 70
2026/07/28 15:24:10.098, 298.87, 100, 74232, 70
2026/07/28 15:24:11.136, 299.05, 100, 74232, 70
2026/07/28 15:24:12.173, 305.40, 100, 74232, 70
2026/07/28 15:24:13.211, 307.46, 100, 74232, 70
2026/07/28 15:24:14.249, 298.50, 100, 74232, 70
2026/07/28 15:24:15.289, 297.62, 100, 74232, 70
2026/07/28 15:24:16.328, 299.08, 100, 74232, 70
2026/07/28 15:24:17.367, 297.70, 100, 74232, 70
2026/07/28 15:24:18.405, 296.15, 100, 74232, 70
2026/07/28 15:24:19.446, 299.62, 100, 74232, 70
2026/07/28 15:24:20.484, 304.01, 100, 74232, 70
2026/07/28 15:24:21.525, 296.77, 100, 74232, 70
2026/07/28 15:24:22.563, 298.67, 100, 74232, 70
2026/07/28 15:24:23.599, 298.75, 100, 74232, 69
2026/07/28 15:24:24.638, 298.11, 100, 74232, 69
2026/07/28 15:24:25.676, 304.48, 100, 74232, 70
2026/07/28 15:24:26.719, 301.29, 100, 74232, 69
2026/07/28 15:24:27.759, 300.80, 100, 74232, 69
2026/07/28 15:24:28.796, 301.28, 100, 74232, 69
2026/07/28 15:24:29.834, 93.91, 0, 74232, 66
2026/07/28 15:24:30.867, 92.49, 0, 74232, 65
2026/07/28 15:24:31.899, 92.33, 0, 74232, 64
2026/07/28 15:24:32.931, 91.67, 0, 74232, 64
2026/07/28 15:24:33.964, 90.89, 0, 74232, 63
2026/07/28 15:24:34.996, 90.18, 0, 74232, 63
2026/07/28 15:24:36.027, 90.23, 0, 74232, 62
2026/07/28 15:24:37.058, 89.39, 0, 74232, 62
2026/07/28 15:24:38.090, 88.12, 0, 74232, 62
2026/07/28 15:24:39.121, 89.00, 0, 74232, 61
2026/07/28 15:24:40.152, 88.54, 0, 74232, 61
2026/07/28 15:24:41.183, 88.57, 0, 74232, 61
2026/07/28 15:24:42.216, 88.25, 0, 74232, 61
2026/07/28 15:24:43.247, 87.30, 0, 74232, 60
2026/07/28 15:24:44.279, 86.93, 0, 74232, 60
2026/07/28 15:24:45.311, 86.79, 0, 74232, 60
2026/07/28 15:24:46.342, 86.07, 0, 74232, 60
2026/07/28 15:24:47.373, 85.74, 0, 74232, 60
2026/07/28 15:24:48.406, 86.79, 0, 74232, 59
2026/07/28 15:24:49.439, 84.71, 0, 74232, 59
2026/07/28 15:24:50.472, 85.34, 0, 74232, 59
2026/07/28 15:24:51.504, 85.11, 0, 74232, 59
2026/07/28 15:24:52.536, 85.07, 0, 74232, 59
2026/07/28 15:24:53.568, 84.39, 0, 74232, 58
2026/07/28 15:24:54.598, 84.55, 0, 74232, 58
2026/07/28 15:24:55.629, 84.36, 0, 74232, 58
2026/07/28 15:24:56.663, 84.00, 0, 74232, 58
2026/07/28 15:24:57.695, 84.15, 0, 74232, 58
2026/07/28 15:24:58.727, 83.76, 0, 74232, 57
2026/07/28 15:24:59.759, 84.16, 0, 74232, 57
2026/07/28 15:25:00.790, 84.50, 0, 74232, 57
2026/07/28 15:25:01.823, 298.24, 100, 74232, 62
2026/07/28 15:25:02.861, 292.57, 100, 74232, 63
2026/07/28 15:25:03.897, 317.67, 100, 74232, 64
2026/07/28 15:25:04.935, 285.60, 100, 74232, 64
2026/07/28 15:25:05.972, 318.12, 100, 74232, 64
2026/07/28 15:25:07.006, 278.81, 100, 74232, 64
2026/07/28 15:25:08.042, 297.98, 100, 74232, 63
2026/07/28 15:25:09.080, 300.51, 100, 74232, 63
2026/07/28 15:25:10.117, 299.43, 100, 74232, 64
2026/07/28 15:25:11.154, 299.93, 100, 74232, 64
2026/07/28 15:25:12.191, 302.19, 100, 74232, 64
2026/07/28 15:25:13.228, 300.90, 100, 74232, 65
2026/07/28 15:25:14.266, 301.38, 100, 74232, 65
2026/07/28 15:25:15.303, 304.27, 100, 74232, 65
2026/07/28 15:25:16.340, 302.84, 100, 74232, 66
2026/07/28 15:25:17.378, 297.90, 100, 74232, 66
2026/07/28 15:25:18.415, 299.25, 100, 74232, 66
2026/07/28 15:25:19.455, 298.58, 100, 74232, 66
2026/07/28 15:25:20.493, 300.80, 100, 74232, 67
2026/07/28 15:25:21.533, 299.45, 100, 74232, 67
2026/07/28 15:25:22.571, 299.73, 100, 74232, 67
2026/07/28 15:25:23.609, 302.47, 100, 74232, 67
2026/07/28 15:25:24.648, 300.88, 100, 74232, 68
2026/07/28 15:25:25.685, 300.23, 100, 74232, 68
2026/07/28 15:25:26.723, 294.21, 100, 74232, 68
2026/07/28 15:25:27.761, 291.51, 100, 74232, 68
2026/07/28 15:25:28.799, 296.26, 100, 74232, 68
2026/07/28 15:25:29.838, 295.39, 100, 74232, 69
2026/07/28 15:25:30.876, 296.84, 100, 74232, 69
2026/07/28 15:25:31.914, 296.85, 100, 74232, 69
2026/07/28 15:25:32.952, 296.44, 100, 74232, 69
2026/07/28 15:25:33.990, 297.94, 100, 74232, 69
2026/07/28 15:25:35.027, 296.85, 100, 74232, 69
2026/07/28 15:25:36.066, 297.63, 100, 74232, 70
2026/07/28 15:25:37.105, 297.65, 100, 74232, 70
2026/07/28 15:25:38.143, 298.32, 100, 74232, 70
2026/07/28 15:25:39.181, 297.75, 100, 74232, 70
2026/07/28 15:25:40.219, 298.03, 100, 74232, 70
2026/07/28 15:25:41.257, 298.90, 100, 74232, 71
2026/07/28 15:25:42.298, 299.55, 100, 74232, 71
2026/07/28 15:25:43.337, 296.37, 100, 74232, 71
2026/07/28 15:25:44.376, 299.18, 100, 74232, 71
2026/07/28 15:25:45.415, 300.14, 100, 74232, 71
2026/07/28 15:25:46.455, 299.55, 100, 74232, 71
2026/07/28 15:25:47.492, 299.94, 100, 74232, 71
2026/07/28 15:25:48.533, 299.65, 100, 74232, 72
2026/07/28 15:25:49.570, 293.63, 100, 74232, 72
2026/07/28 15:25:50.609, 293.76, 100, 74232, 72
2026/07/28 15:25:51.648, 293.58, 100, 74232, 72
2026/07/28 15:25:52.685, 293.96, 100, 74232, 72
2026/07/28 15:25:53.726, 293.35, 100, 74232, 72
2026/07/28 15:25:54.769, 293.74, 100, 74232, 72
2026/07/28 15:25:55.807, 301.49, 100, 74232, 72
2026/07/28 15:25:56.845, 301.68, 100, 74232, 72
2026/07/28 15:25:57.883, 303.25, 100, 74232, 72
2026/07/28 15:25:58.920, 302.02, 100, 74232, 72
2026/07/28 15:25:59.957, 302.36, 100, 74232, 72
2026/07/28 15:26:00.995, 302.57, 100, 74232, 73
2026/07/28 15:26:02.033, 294.82, 100, 74232, 73
2026/07/28 15:26:03.070, 294.23, 100, 74232, 73
2026/07/28 15:26:04.111, 296.27, 100, 74232, 73
2026/07/28 15:26:05.149, 301.78, 100, 74232, 73
2026/07/28 15:26:06.187, 303.54, 100, 74232, 73
2026/07/28 15:26:07.224, 302.81, 100, 74232, 73
2026/07/28 15:26:08.260, 301.99, 100, 74232, 73
2026/07/28 15:26:09.297, 295.89, 100, 74232, 73
2026/07/28 15:26:10.333, 296.08, 100, 74232, 73
2026/07/28 15:26:11.370, 298.11, 100, 74232, 73
2026/07/28 15:26:12.406, 295.31, 100, 74232, 73
2026/07/28 15:26:13.444, 295.77, 100, 74232, 73
2026/07/28 15:26:14.481, 295.49, 100, 74232, 73
2026/07/28 15:26:15.520, 301.14, 100, 74232, 73
2026/07/28 15:26:16.557, 306.54, 100, 74232, 73
2026/07/28 15:26:17.595, 304.39, 100, 74232, 73
2026/07/28 15:26:18.633, 303.18, 100, 74232, 74
2026/07/28 15:26:19.672, 303.77, 100, 74232, 74
2026/07/28 15:26:20.710, 304.39, 100, 74232, 74
2026/07/28 15:26:21.746, 303.35, 100, 74232, 74
2026/07/28 15:26:22.784, 303.84, 100, 74232, 74
2026/07/28 15:26:23.820, 303.15, 100, 74232, 74
2026/07/28 15:26:24.857, 303.83, 100, 74232, 74
2026/07/28 15:26:25.895, 301.41, 100, 74232, 74
2026/07/28 15:26:26.934, 297.14, 100, 74232, 74
2026/07/28 15:26:27.971, 299.14, 100, 74232, 74
2026/07/28 15:26:29.008, 296.77, 100, 74232, 74
2026/07/28 15:26:30.045, 291.70, 100, 74232, 74
2026/07/28 15:26:31.082, 293.65, 100, 74232, 74
2026/07/28 15:26:32.119, 296.27, 100, 74232, 74
2026/07/28 15:26:33.156, 295.87, 100, 74232, 74
2026/07/28 15:26:34.193, 297.92, 100, 74232, 74
2026/07/28 15:26:35.230, 296.47, 100, 74232, 74
2026/07/28 15:26:36.268, 296.37, 100, 74232, 74
2026/07/28 15:26:37.306, 296.46, 100, 74232, 74
2026/07/28 15:26:38.343, 297.36, 100, 74232, 74
2026/07/28 15:26:39.383, 297.04, 100, 74232, 74
2026/07/28 15:26:40.420, 296.66, 100, 74232, 74
2026/07/28 15:26:41.458, 296.67, 100, 74232, 74
2026/07/28 15:26:42.494, 295.68, 100, 74232, 74
2026/07/28 15:26:43.533, 296.95, 100, 74232, 74
2026/07/28 15:26:44.570, 296.26, 100, 74232, 74
2026/07/28 15:26:45.609, 304.63, 100, 74232, 74
2026/07/28 15:26:46.646, 304.05, 100, 74232, 74
2026/07/28 15:26:47.686, 296.66, 100, 74232, 74
2026/07/28 15:26:48.723, 299.58, 100, 74232, 74
2026/07/28 15:26:49.760, 297.92, 100, 74232, 74
2026/07/28 15:26:50.798, 293.66, 100, 74232, 74
2026/07/28 15:26:51.836, 297.26, 100, 74232, 74
2026/07/28 15:26:52.875, 304.06, 100, 74232, 74
2026/07/28 15:26:53.912, 304.59, 100, 74232, 74
2026/07/28 15:26:54.948, 305.20, 100, 74232, 74
2026/07/28 15:26:55.987, 297.83, 100, 74232, 74
2026/07/28 15:26:57.024, 293.65, 100, 74232, 74
2026/07/28 15:26:58.063, 99.44, 0, 74232, 71
2026/07/28 15:26:59.096, 99.22, 0, 74232, 70
2026/07/28 15:27:00.129, 97.34, 0, 74232, 69
2026/07/28 15:27:01.160, 97.93, 0, 74232, 69
2026/07/28 15:27:02.191, 96.61, 0, 74232, 68
2026/07/28 15:27:03.225, 97.76, 0, 74232, 68
2026/07/28 15:27:04.257, 95.90, 0, 74232, 67
2026/07/28 15:27:05.290, 95.44, 0, 74232, 67
2026/07/28 15:27:06.322, 94.68, 0, 74232, 66
2026/07/28 15:27:07.354, 93.80, 0, 74232, 66
2026/07/28 15:27:08.385, 93.70, 0, 74232, 66
2026/07/28 15:27:09.416, 93.55, 0, 74232, 65
2026/07/28 15:27:10.448, 92.09, 0, 74232, 65
2026/07/28 15:27:11.480, 91.71, 0, 74232, 64
2026/07/28 15:27:12.512, 92.81, 0, 74232, 64
2026/07/28 15:27:13.545, 90.92, 0, 74232, 64
2026/07/28 15:27:14.577, 90.05, 0, 74232, 63
2026/07/28 15:27:15.607, 91.21, 0, 74232, 63
2026/07/28 15:27:16.637, 89.76, 0, 74232, 63
2026/07/28 15:27:17.669, 91.00, 0, 74232, 63
2026/07/28 15:27:18.698, 90.29, 0, 74232, 62
2026/07/28 15:27:19.727, 90.18, 0, 74232, 62
2026/07/28 15:27:20.757, 88.36, 0, 74232, 62
2026/07/28 15:27:21.788, 89.66, 0, 74232, 62
2026/07/28 15:27:22.818, 88.19, 0, 74232, 62
2026/07/28 15:27:23.848, 88.28, 0, 74232, 61
2026/07/28 15:27:24.880, 293.65, 100, 74232, 66
2026/07/28 15:27:25.916, 299.19, 100, 74232, 67
2026/07/28 15:27:26.951, 291.01, 100, 74232, 67
2026/07/28 15:27:27.985, 282.76, 100, 74232, 68
2026/07/28 15:27:29.019, 300.64, 100, 74232, 66
2026/07/28 15:27:30.055, 300.45, 100, 74232, 67
2026/07/28 15:27:31.092, 301.30, 100, 74232, 67
2026/07/28 15:27:32.128, 302.88, 100, 74232, 67
2026/07/28 15:27:33.165, 301.10, 100, 74232, 67
2026/07/28 15:27:34.202, 299.59, 100, 74232, 68
2026/07/28 15:27:35.240, 306.14, 100, 74232, 70
2026/07/28 15:27:36.274, 305.39, 100, 74232, 70
2026/07/28 15:27:37.310, 296.17, 100, 74232, 70
2026/07/28 15:27:38.347, 297.12, 100, 74232, 70
2026/07/28 15:27:39.385, 303.74, 100, 74232, 69
2026/07/28 15:27:40.424, 304.31, 100, 74232, 69
2026/07/28 15:27:41.462, 304.13, 100, 74232, 69
2026/07/28 15:27:42.498, 307.32, 100, 74232, 70
2026/07/28 15:27:43.534, 305.48, 100, 74232, 70
2026/07/28 15:27:44.572, 298.41, 100, 74232, 71
2026/07/28 15:27:45.606, 293.64, 100, 74232, 72
2026/07/28 15:27:46.641, 304.98, 100, 74232, 72
2026/07/28 15:27:47.680, 278.11, 100, 74232, 72
2026/07/28 15:27:48.715, 265.39, 100, 74232, 70
2026/07/28 15:27:49.751, 281.60, 100, 74232, 70
2026/07/28 15:27:50.789, 292.69, 100, 74232, 71
2026/07/28 15:27:51.825, 293.35, 100, 74232, 71
2026/07/28 15:27:52.864, 289.76, 100, 74232, 72
2026/07/28 15:27:53.898, 296.92, 100, 74232, 73
2026/07/28 15:27:54.935, 292.49, 100, 74232, 73
2026/07/28 15:27:55.973, 303.71, 100, 74232, 73
2026/07/28 15:27:57.008, 318.42, 100, 74232, 74
2026/07/28 15:27:58.042, 301.86, 100, 74232, 74
2026/07/28 15:27:59.076, 302.65, 100, 74232, 72
2026/07/28 15:28:00.112, 301.20, 100, 74232, 72
2026/07/28 15:28:01.148, 302.77, 100, 74232, 72
2026/07/28 15:28:02.186, 300.61, 100, 74232, 72
2026/07/28 15:28:03.223, 297.41, 100, 74232, 74
2026/07/28 15:28:04.258, 289.78, 100, 74232, 74
2026/07/28 15:28:05.294, 291.31, 100, 74232, 75
2026/07/28 15:28:06.329, 265.91, 100, 74232, 74
2026/07/28 15:28:07.364, 288.09, 100, 74232, 75
2026/07/28 15:28:08.402, 299.83, 100, 74232, 75
2026/07/28 15:28:09.436, 304.85, 100, 74232, 73
2026/07/28 15:28:10.474, 306.54, 100, 74232, 73
2026/07/28 15:28:11.511, 306.15, 100, 74232, 73
2026/07/28 15:28:12.548, 305.48, 100, 74232, 74
2026/07/28 15:28:13.585, 306.07, 100, 74232, 74
2026/07/28 15:28:14.622, 304.80, 100, 74232, 74
2026/07/28 15:28:15.658, 306.83, 100, 74232, 74
2026/07/28 15:28:16.695, 299.38, 100, 74232, 74
2026/07/28 15:28:17.732, 301.54, 100, 74232, 76
2026/07/28 15:28:18.802, 302.85, 100, 74232, 76
2026/07/28 15:28:19.836, 299.44, 100, 74232, 76
2026/07/28 15:28:20.873, 291.88, 100, 74232, 76
2026/07/28 15:28:21.907, 299.46, 100, 74232, 76
2026/07/28 15:28:22.942, 297.33, 100, 74232, 76
2026/07/28 15:28:23.979, 306.93, 100, 74232, 74
2026/07/28 15:28:25.017, 298.43, 100, 74232, 74
2026/07/28 15:28:26.055, 295.98, 100, 74232, 74
2026/07/28 15:28:27.093, 295.39, 100, 74232, 74
2026/07/28 15:28:28.130, 299.17, 100, 74232, 74
2026/07/28 15:28:29.167, 285.98, 100, 74232, 76
2026/07/28 15:28:30.201, 295.30, 100, 74232, 76
2026/07/28 15:28:31.240, 286.64, 100, 74232, 76
2026/07/28 15:28:32.273, 302.11, 100, 74232, 76
2026/07/28 15:28:33.306, 302.68, 100, 74232, 77
2026/07/28 15:28:34.345, 286.77, 100, 74232, 76
2026/07/28 15:28:35.381, 289.79, 100, 74232, 75
2026/07/28 15:28:36.421, 299.95, 100, 74232, 75
2026/07/28 15:28:37.459, 298.32, 100, 74232, 75
2026/07/28 15:28:38.495, 298.42, 100, 74232, 75
2026/07/28 15:28:39.532, 300.91, 100, 74232, 75
2026/07/28 15:28:40.568, 297.90, 100, 74232, 75
2026/07/28 15:28:41.604, 305.95, 100, 74232, 77
2026/07/28 15:28:42.638, 301.87, 100, 74232, 77
2026/07/28 15:28:43.671, 275.79, 100, 74232, 77
2026/07/28 15:28:44.704, 284.16, 100, 74232, 77
2026/07/28 15:28:45.739, 298.11, 100, 74232, 77
2026/07/28 15:28:46.779, 293.77, 100, 74232, 77
2026/07/28 15:28:47.814, 300.24, 100, 74232, 75
2026/07/28 15:28:48.852, 299.93, 100, 74232, 75
2026/07/28 15:28:49.890, 299.97, 100, 74232, 75
2026/07/28 15:28:50.929, 300.45, 100, 74232, 75
2026/07/28 15:28:51.967, 297.83, 100, 74232, 75
2026/07/28 15:28:53.004, 297.74, 100, 74232, 77
2026/07/28 15:28:54.040, 295.30, 100, 74232, 77
2026/07/28 15:28:55.077, 285.77, 100, 74232, 77
2026/07/28 15:28:56.112, 306.49, 100, 74232, 77
2026/07/28 15:28:57.146, 287.04, 100, 74232, 77
2026/07/28 15:28:58.180, 326.20, 100, 74232, 77
2026/07/28 15:28:59.217, 301.40, 100, 74232, 75
2026/07/28 15:29:00.254, 301.72, 100, 74232, 75
2026/07/28 15:29:01.291, 300.63, 100, 74232, 76
2026/07/28 15:29:02.330, 299.98, 100, 74232, 76
2026/07/28 15:29:03.367, 299.08, 100, 74232, 76
2026/07/28 15:29:04.403, 300.92, 100, 74232, 76
2026/07/28 15:29:05.442, 299.57, 100, 74232, 76
2026/07/28 15:29:06.480, 104.62, 0, 74232, 73
2026/07/28 15:29:07.514, 291.60, 100, 74232, 77
2026/07/28 15:29:08.550, 288.20, 100, 74232, 77
2026/07/28 15:29:09.585, 306.93, 100, 74232, 77
2026/07/28 15:29:10.619, 316.93, 100, 74232, 77
2026/07/28 15:29:11.655, 296.38, 100, 74232, 77
2026/07/28 15:29:12.694, 272.14, 100, 74232, 77
2026/07/28 15:29:13.730, 299.67, 100, 74232, 75
2026/07/28 15:29:14.769, 301.89, 100, 74232, 75
2026/07/28 15:29:15.806, 299.38, 100, 74232, 76
2026/07/28 15:29:16.843, 296.29, 100, 74232, 76
2026/07/28 15:29:17.883, 298.27, 100, 74232, 77
2026/07/28 15:29:18.917, 298.81, 100, 74232, 77
2026/07/28 15:29:19.954, 299.35, 100, 74232, 77
2026/07/28 15:29:20.995, 291.24, 100, 74232, 77
2026/07/28 15:29:22.031, 286.24, 100, 74232, 77
2026/07/28 15:29:23.071, 299.44, 100, 74232, 77
2026/07/28 15:29:24.106, 297.42, 100, 74232, 77
2026/07/28 15:29:25.141, 299.56, 100, 74232, 76
2026/07/28 15:29:26.180, 299.36, 100, 74232, 76
2026/07/28 15:29:27.218, 299.65, 100, 74232, 76
2026/07/28 15:29:28.255, 300.62, 100, 74232, 76
2026/07/28 15:29:29.293, 302.27, 100, 74232, 76
2026/07/28 15:29:30.330, 300.04, 100, 74232, 76
2026/07/28 15:29:31.368, 302.98, 100, 74232, 76
2026/07/28 15:29:32.405, 299.58, 100, 74232, 76
2026/07/28 15:29:33.444, 300.92, 100, 74232, 76
2026/07/28 15:29:34.481, 102.75, 77, 74232, 74
2026/07/28 15:29:35.520, 304.99, 100, 74232, 77
2026/07/28 15:29:36.556, 305.34, 100, 74232, 77
2026/07/28 15:29:37.591, 287.13, 100, 74232, 77
2026/07/28 15:29:38.625, 283.75, 100, 74232, 77
2026/07/28 15:29:39.659, 265.73, 100, 74232, 77
2026/07/28 15:29:40.700, 281.83, 100, 74232, 77
2026/07/28 15:29:41.736, 304.99, 100, 74232, 77
2026/07/28 15:29:42.771, 304.90, 100, 74232, 75
2026/07/28 15:29:43.809, 294.34, 100, 74232, 75
2026/07/28 15:29:44.847, 298.68, 100, 74232, 75
2026/07/28 15:29:45.885, 298.03, 100, 74232, 75
2026/07/28 15:29:46.923, 300.63, 100, 74232, 75
2026/07/28 15:29:47.961, 299.49, 100, 74232, 75
2026/07/28 15:29:49.000, 302.39, 100, 74232, 75
2026/07/28 15:29:50.037, 303.04, 88, 74232, 77
2026/07/28 15:29:51.073, 306.82, 100, 74232, 75
2026/07/28 15:29:52.110, 296.74, 100, 74232, 75
2026/07/28 15:29:53.148, 306.89, 100, 74232, 75
2026/07/28 15:29:54.185, 302.30, 100, 74232, 75
2026/07/28 15:29:55.222, 297.82, 100, 74232, 75
2026/07/28 15:29:56.259, 307.21, 100, 74232, 75
2026/07/28 15:29:57.297, 301.31, 100, 74232, 75
2026/07/28 15:29:58.335, 304.42, 100, 74232, 75
2026/07/28 15:29:59.373, 296.57, 100, 74232, 75
2026/07/28 15:30:00.410, 298.50, 100, 74232, 75
2026/07/28 15:30:01.447, 298.04, 100, 74232, 75
2026/07/28 15:30:02.485, 299.94, 100, 74232, 75
2026/07/28 15:30:03.522, 298.23, 100, 74232, 75
2026/07/28 15:30:04.568, 299.01, 100, 74232, 75
2026/07/28 15:30:05.606, 297.91, 100, 74232, 75
2026/07/28 15:30:06.643, 296.67, 100, 74232, 75
2026/07/28 15:30:07.688, 297.70, 100, 74232, 75
2026/07/28 15:30:08.726, 297.42, 100, 74232, 75
2026/07/28 15:30:09.764, 297.42, 100, 74232, 75
2026/07/28 15:30:10.803, 296.87, 100, 74232, 75
2026/07/28 15:30:11.841, 297.17, 100, 74232, 75
2026/07/28 15:30:12.880, 297.04, 100, 74232, 75
2026/07/28 15:30:13.918, 299.06, 100, 74232, 75
2026/07/28 15:30:14.955, 296.37, 100, 74232, 75
2026/07/28 15:30:15.992, 297.32, 100, 74232, 75
2026/07/28 15:30:17.029, 299.16, 100, 74232, 75
2026/07/28 15:30:18.067, 298.32, 100, 74232, 75
2026/07/28 15:30:19.104, 295.79, 100, 74232, 75
2026/07/28 15:30:20.145, 297.23, 100, 74232, 74
2026/07/28 15:30:21.183, 296.26, 100, 74232, 74
2026/07/28 15:30:22.221, 295.20, 100, 74232, 74
2026/07/28 15:30:23.264, 300.23, 100, 74232, 74
2026/07/28 15:30:24.303, 305.27, 100, 74232, 74
2026/07/28 15:30:25.339, 300.81, 100, 74232, 74
2026/07/28 15:30:26.378, 304.38, 100, 74232, 74
2026/07/28 15:30:27.416, 304.49, 100, 74232, 74
2026/07/28 15:30:28.457, 297.34, 100, 74232, 74
2026/07/28 15:30:29.498, 297.03, 100, 74232, 74
2026/07/28 15:30:30.534, 295.20, 100, 74232, 74
2026/07/28 15:30:31.572, 297.05, 100, 74232, 74
2026/07/28 15:30:32.611, 297.14, 100, 74232, 74
2026/07/28 15:30:33.647, 298.43, 100, 74232, 74
2026/07/28 15:30:34.685, 294.90, 100, 74232, 74
2026/07/28 15:30:35.723, 297.25, 100, 74232, 74
2026/07/28 15:30:36.761, 297.24, 100, 74232, 74
2026/07/28 15:30:37.798, 305.57, 100, 74232, 74
2026/07/28 15:30:38.835, 297.52, 100, 74232, 74
2026/07/28 15:30:39.873, 296.74, 100, 74232, 74
2026/07/28 15:30:40.912, 293.93, 100, 74232, 74
2026/07/28 15:30:41.950, 298.77, 100, 74232, 74
2026/07/28 15:30:42.991, 296.57, 100, 74232, 74
2026/07/28 15:30:44.029, 303.74, 100, 74232, 74
2026/07/28 15:30:45.067, 304.41, 100, 74232, 74
2026/07/28 15:30:46.106, 303.04, 100, 74232, 73
2026/07/28 15:30:47.144, 295.58, 100, 74232, 73
2026/07/28 15:30:48.185, 301.52, 100, 74232, 73
2026/07/28 15:30:49.225, 295.31, 100, 74232, 73
2026/07/28 15:30:50.262, 301.60, 100, 74232, 73
2026/07/28 15:30:51.302, 301.43, 100, 74232, 73
2026/07/28 15:30:52.339, 303.34, 100, 74232, 73
2026/07/28 15:30:53.377, 302.30, 100, 74232, 73
2026/07/28 15:30:54.416, 302.86, 100, 74232, 73
2026/07/28 15:30:55.453, 301.10, 100, 74232, 73
2026/07/28 15:30:56.492, 303.44, 100, 74232, 73
2026/07/28 15:30:57.530, 294.33, 100, 74232, 73
2026/07/28 15:30:58.569, 303.33, 100, 74232, 73
2026/07/28 15:30:59.608, 301.82, 100, 74232, 73
2026/07/28 15:31:00.646, 294.13, 100, 74232, 73
2026/07/28 15:31:01.685, 291.31, 100, 74232, 73
2026/07/28 15:31:02.722, 295.30, 100, 74232, 73
2026/07/28 15:31:03.759, 302.27, 100, 74232, 73
2026/07/28 15:31:04.795, 297.92, 100, 74232, 73
2026/07/28 15:31:05.833, 294.42, 100, 74232, 72
2026/07/28 15:31:06.870, 297.14, 100, 74232, 72
2026/07/28 15:31:07.906, 300.72, 100, 74232, 72
2026/07/28 15:31:08.943, 301.22, 100, 74232, 72
2026/07/28 15:31:09.980, 301.49, 100, 74232, 72
2026/07/28 15:31:11.018, 300.43, 100, 74232, 72
2026/07/28 15:31:12.054, 299.75, 100, 74232, 72
2026/07/28 15:31:13.092, 303.03, 100, 74232, 72
2026/07/28 15:31:14.128, 303.23, 100, 74232, 72
2026/07/28 15:31:15.166, 299.95, 100, 74232, 72
2026/07/28 15:31:16.203, 300.26, 100, 74232, 72
2026/07/28 15:31:17.239, 299.98, 100, 74232, 72
2026/07/28 15:31:18.275, 299.38, 100, 74232, 72
2026/07/28 15:31:19.311, 302.95, 100, 74232, 72
2026/07/28 15:31:20.347, 302.19, 100, 74232, 72
2026/07/28 15:31:21.383, 300.24, 100, 74232, 72
2026/07/28 15:31:22.421, 298.99, 100, 74232, 72
2026/07/28 15:31:23.457, 301.11, 100, 74232, 72
2026/07/28 15:31:24.496, 300.62, 100, 74232, 72
2026/07/28 15:31:25.534, 299.36, 100, 74232, 72
2026/07/28 15:31:26.570, 301.21, 100, 74232, 72
2026/07/28 15:31:27.607, 308.76, 100, 74232, 72
2026/07/28 15:31:28.643, 298.71, 100, 74232, 72
2026/07/28 15:31:29.680, 300.24, 100, 74232, 72
2026/07/28 15:31:30.715, 301.01, 100, 74232, 72
2026/07/28 15:31:31.752, 300.43, 100, 74232, 72
2026/07/28 15:31:32.789, 307.27, 100, 74232, 72
2026/07/28 15:31:33.826, 298.70, 100, 74232, 71
2026/07/28 15:31:34.862, 305.28, 100, 74232, 72
2026/07/28 15:31:35.899, 298.68, 100, 74232, 71
2026/07/28 15:31:36.937, 299.76, 100, 74232, 71
2026/07/28 15:31:37.973, 300.35, 100, 74232, 71
2026/07/28 15:31:39.009, 302.77, 100, 74232, 73
2026/07/28 15:31:40.043, 287.82, 100, 74232, 73
2026/07/28 15:31:41.076, 281.96, 100, 74232, 73
2026/07/28 15:31:42.111, 306.17, 100, 74232, 73
2026/07/28 15:31:43.147, 310.67, 100, 74232, 73
2026/07/28 15:31:44.181, 288.29, 100, 74232, 73
2026/07/28 15:31:45.214, 297.25, 100, 74232, 71
2026/07/28 15:31:46.251, 301.12, 100, 74232, 71
2026/07/28 15:31:47.293, 298.61, 100, 74232, 72
2026/07/28 15:31:48.333, 300.87, 100, 74232, 72
2026/07/28 15:31:49.371, 301.50, 100, 74232, 72
2026/07/28 15:31:50.410, 301.03, 100, 74232, 72
2026/07/28 15:31:51.448, 291.50, 100, 74232, 73
2026/07/28 15:31:52.483, 305.73, 100, 74232, 74
2026/07/28 15:31:53.517, 311.94, 100, 74232, 74
2026/07/28 15:31:54.553, 292.88, 100, 74232, 74
2026/07/28 15:31:55.587, 316.74, 100, 74232, 74
2026/07/28 15:31:56.620, 313.54, 100, 74232, 74
2026/07/28 15:31:57.656, 247.68, 100, 74232, 72
2026/07/28 15:31:58.694, 283.39, 100, 74232, 72
2026/07/28 15:31:59.732, 295.01, 100, 74232, 73
2026/07/28 15:32:00.773, 295.97, 100, 74232, 73
2026/07/28 15:32:01.811, 294.72, 100, 74232, 73
2026/07/28 15:32:02.848, 300.93, 100, 74232, 73
2026/07/28 15:32:03.886, 99.96, 0, 74232, 70
2026/07/28 15:32:04.919, 293.83, 100, 74232, 75
2026/07/28 15:32:05.954, 290.80, 100, 74232, 75
2026/07/28 15:32:06.990, 295.97, 100, 74232, 75
2026/07/28 15:32:08.025, 297.03, 100, 74232, 75
2026/07/28 15:32:09.059, 299.11, 100, 74232, 75
2026/07/28 15:32:10.094, 298.84, 100, 74232, 75
2026/07/28 15:32:11.136, 304.23, 100, 74232, 74
2026/07/28 15:32:12.173, 300.14, 100, 74232, 74
2026/07/28 15:32:13.213, 300.15, 100, 74232, 74
2026/07/28 15:32:14.251, 305.21, 100, 74232, 74
2026/07/28 15:32:15.288, 304.89, 100, 74232, 74
2026/07/28 15:32:16.329, 295.68, 100, 74232, 76
2026/07/28 15:32:17.365, 299.72, 100, 74232, 76
2026/07/28 15:32:18.400, 300.27, 100, 74232, 76
2026/07/28 15:32:19.436, 297.94, 100, 74232, 76
2026/07/28 15:32:20.482, 273.29, 100, 74232, 76
2026/07/28 15:32:21.518, 306.99, 100, 74232, 76
2026/07/28 15:32:22.559, 255.58, 100, 74232, 75
2026/07/28 15:32:23.597, 279.65, 100, 74232, 74
2026/07/28 15:32:24.634, 287.44, 100, 74232, 75
2026/07/28 15:32:25.672, 293.56, 100, 74232, 75
2026/07/28 15:32:26.709, 293.25, 100, 74232, 75
2026/07/28 15:32:27.750, 102.47, 0, 74232, 72
2026/07/28 15:32:28.782, 304.19, 100, 74232, 76
2026/07/28 15:32:29.822, 299.71, 100, 74232, 77
2026/07/28 15:32:30.856, 289.58, 100, 74232, 77
2026/07/28 15:32:31.891, 305.44, 100, 74232, 77
2026/07/28 15:32:32.925, 257.26, 100, 74232, 76
2026/07/28 15:32:33.958, 287.57, 100, 74232, 77
2026/07/28 15:32:34.991, 261.45, 100, 74232, 77
2026/07/28 15:32:36.027, 298.31, 100, 74232, 75
2026/07/28 15:32:37.069, 297.83, 100, 74232, 75
2026/07/28 15:32:38.108, 298.88, 100, 74232, 75
2026/07/28 15:32:39.145, 101.89, 35, 74232, 73
2026/07/28 15:32:40.177, 297.86, 100, 74232, 76
2026/07/28 15:32:41.215, 298.30, 100, 74232, 75
2026/07/28 15:32:42.256, 288.22, 100, 74232, 75
2026/07/28 15:32:43.293, 289.46, 100, 74232, 75
2026/07/28 15:32:44.331, 290.05, 100, 74232, 75
2026/07/28 15:32:45.369, 297.14, 100, 74232, 75
2026/07/28 15:32:46.409, 299.11, 100, 74232, 75
2026/07/28 15:32:47.446, 298.49, 100, 74232, 75
2026/07/28 15:32:48.485, 297.83, 100, 74232, 75
2026/07/28 15:32:49.523, 297.82, 100, 74232, 75
2026/07/28 15:32:50.561, 297.72, 100, 74232, 75
2026/07/28 15:32:51.599, 298.21, 100, 74232, 75
2026/07/28 15:32:52.637, 294.05, 100, 74232, 75
2026/07/28 15:32:53.678, 289.97, 100, 74232, 75
2026/07/28 15:32:54.716, 298.33, 100, 74232, 75
2026/07/28 15:32:55.753, 289.46, 100, 74232, 75
2026/07/28 15:32:56.792, 296.76, 100, 74232, 75
2026/07/28 15:32:57.829, 298.71, 100, 74232, 75
2026/07/28 15:32:58.867, 297.15, 100, 74232, 75
2026/07/28 15:32:59.904, 297.74, 100, 74232, 75
2026/07/28 15:33:00.941, 298.80, 100, 74232, 75
2026/07/28 15:33:01.981, 299.27, 100, 74232, 75
2026/07/28 15:33:03.019, 295.60, 100, 74232, 75
2026/07/28 15:33:04.058, 298.68, 100, 74232, 75
2026/07/28 15:33:05.096, 300.14, 100, 74232, 75
2026/07/28 15:33:06.134, 298.05, 100, 74232, 75
2026/07/28 15:33:07.175, 297.44, 100, 74232, 75
2026/07/28 15:33:08.214, 297.73, 100, 74232, 75
2026/07/28 15:33:09.251, 300.55, 100, 74232, 75
2026/07/28 15:33:10.289, 298.98, 100, 74232, 75
2026/07/28 15:33:11.326, 297.81, 100, 74232, 75
2026/07/28 15:33:12.364, 296.27, 100, 74232, 75
2026/07/28 15:33:13.403, 295.01, 100, 74232, 75
2026/07/28 15:33:14.441, 300.63, 100, 74232, 75
2026/07/28 15:33:15.478, 297.92, 100, 74232, 75
2026/07/28 15:33:16.515, 297.93, 100, 74232, 75
2026/07/28 15:33:17.553, 299.28, 100, 74232, 75
2026/07/28 15:33:18.591, 298.02, 100, 74232, 75
2026/07/28 15:33:19.628, 296.57, 100, 74232, 75
2026/07/28 15:33:20.667, 299.28, 100, 74232, 75
2026/07/28 15:33:21.704, 303.42, 100, 74232, 75
2026/07/28 15:33:22.743, 297.34, 100, 74232, 75
2026/07/28 15:33:23.781, 300.45, 100, 74232, 75
2026/07/28 15:33:24.818, 298.58, 100, 74232, 75
2026/07/28 15:33:25.856, 298.10, 100, 74232, 75
2026/07/28 15:33:26.893, 302.17, 100, 74232, 75
2026/07/28 15:33:27.931, 304.02, 100, 74232, 75
2026/07/28 15:33:28.969, 297.92, 100, 74232, 75
2026/07/28 15:33:30.006, 296.77, 100, 74232, 75
2026/07/28 15:33:31.045, 298.20, 100, 74232, 75
2026/07/28 15:33:32.083, 296.56, 100, 74232, 75
2026/07/28 15:33:33.121, 298.32, 100, 74232, 75
2026/07/28 15:33:34.158, 296.46, 100, 74232, 75
2026/07/28 15:33:35.197, 292.48, 100, 74232, 75
2026/07/28 15:33:36.235, 293.91, 100, 74232, 75
2026/07/28 15:33:37.275, 293.55, 100, 74232, 75
2026/07/28 15:33:38.312, 296.77, 100, 74232, 75
2026/07/28 15:33:39.350, 298.71, 100, 74232, 75
2026/07/28 15:33:40.387, 296.97, 100, 74232, 75
2026/07/28 15:33:41.425, 297.64, 100, 74232, 75
2026/07/28 15:33:42.464, 289.19, 100, 74232, 75
2026/07/28 15:33:43.502, 292.40, 100, 74232, 75
2026/07/28 15:33:44.545, 296.29, 100, 74232, 75
2026/07/28 15:33:45.584, 296.85, 100, 74232, 75
2026/07/28 15:33:46.621, 299.38, 100, 74232, 75
2026/07/28 15:33:47.658, 297.05, 100, 74232, 75
2026/07/28 15:33:48.695, 297.75, 100, 74232, 75
2026/07/28 15:33:49.736, 297.81, 100, 74232, 75
2026/07/28 15:33:50.774, 299.77, 100, 74232, 75
2026/07/28 15:33:51.811, 304.03, 100, 74232, 75
2026/07/28 15:33:52.849, 300.14, 100, 74232, 75
2026/07/28 15:33:53.889, 300.55, 100, 74232, 75
2026/07/28 15:33:54.926, 299.95, 100, 74232, 75
2026/07/28 15:33:55.964, 304.71, 100, 74232, 74
2026/07/28 15:33:57.003, 304.22, 100, 74232, 75
2026/07/28 15:33:58.042, 297.72, 100, 74232, 74
2026/07/28 15:33:59.080, 296.75, 73, 74232, 76
2026/07/28 15:34:00.115, 303.24, 100, 74232, 76
2026/07/28 15:34:01.149, 284.01, 100, 74232, 76
2026/07/28 15:34:02.185, 290.91, 100, 74232, 76
2026/07/28 15:34:03.220, 293.84, 100, 74232, 76
2026/07/28 15:34:04.257, 292.38, 100, 74232, 76
2026/07/28 15:34:05.293, 307.11, 100, 74232, 74
2026/07/28 15:34:06.329, 305.13, 100, 74232, 74
2026/07/28 15:34:07.367, 304.93, 100, 74232, 74
2026/07/28 15:34:08.404, 304.26, 100, 74232, 73
2026/07/28 15:34:09.436, 306.04, 100, 74232, 76
2026/07/28 15:34:10.474, 298.60, 100, 74232, 76
2026/07/28 15:34:11.508, 302.95, 100, 74232, 76
2026/07/28 15:34:12.548, 301.71, 100, 74232, 76
2026/07/28 15:34:13.583, 282.19, 100, 74232, 76
2026/07/28 15:34:14.618, 285.44, 100, 74232, 76
2026/07/28 15:34:15.660, 304.99, 100, 74232, 74
2026/07/28 15:34:16.698, 304.59, 100, 74232, 74
2026/07/28 15:34:17.738, 305.01, 100, 74232, 74
2026/07/28 15:34:18.776, 304.64, 100, 74232, 74
2026/07/28 15:34:19.814, 293.07, 100, 74232, 74
2026/07/28 15:34:20.853, 296.07, 100, 74232, 74
2026/07/28 15:34:21.890, 290.16, 100, 74232, 72
2026/07/28 15:34:22.926, 301.78, 100, 74232, 76
2026/07/28 15:34:23.961, 297.93, 100, 74232, 76
2026/07/28 15:34:24.997, 307.60, 100, 74232, 76
2026/07/28 15:34:26.031, 302.65, 100, 74232, 76
2026/07/28 15:34:27.065, 307.68, 100, 74232, 76
2026/07/28 15:34:28.102, 304.30, 100, 74232, 76
2026/07/28 15:34:29.144, 304.93, 100, 74232, 74
2026/07/28 15:34:30.182, 306.35, 100, 74232, 74
2026/07/28 15:34:31.220, 301.98, 100, 74232, 74
2026/07/28 15:34:32.260, 301.83, 100, 74232, 74
2026/07/28 15:34:33.298, 290.34, 100, 74232, 74
2026/07/28 15:34:34.337, 346.42, 0, 74232, 75
2026/07/28 15:34:35.373, 291.01, 100, 74232, 76
2026/07/28 15:34:36.408, 302.56, 100, 74232, 76
2026/07/28 15:34:37.443, 288.88, 100, 74232, 76
2026/07/28 15:34:38.477, 318.76, 100, 74232, 76
2026/07/28 15:34:39.513, 296.73, 100, 74232, 76
2026/07/28 15:34:40.550, 299.31, 100, 74232, 74
2026/07/28 15:34:41.586, 304.14, 100, 74232, 74
2026/07/28 15:34:42.623, 305.49, 100, 74232, 74
2026/07/28 15:34:43.661, 304.24, 100, 74232, 74
2026/07/28 15:34:44.699, 315.09, 100, 74232, 76
2026/07/28 15:34:45.734, 300.08, 100, 74232, 76
2026/07/28 15:34:46.768, 296.73, 100, 74232, 76
2026/07/28 15:34:47.801, 295.96, 100, 74232, 76
2026/07/28 15:34:48.835, 279.75, 100, 74232, 76
2026/07/28 15:34:49.869, 294.73, 100, 74232, 76
2026/07/28 15:34:50.909, 301.60, 100, 74232, 75
2026/07/28 15:34:51.945, 306.17, 100, 74232, 75
2026/07/28 15:34:52.984, 298.23, 100, 74232, 75
2026/07/28 15:34:54.022, 297.43, 100, 74232, 75
2026/07/28 15:34:55.059, 298.01, 100, 74232, 75
2026/07/28 15:34:56.096, 299.65, 100, 74232, 75
2026/07/28 15:34:57.132, 299.67, 100, 74232, 76
2026/07/28 15:34:58.168, 291.49, 100, 74232, 76
2026/07/28 15:34:59.203, 292.97, 100, 74232, 76
2026/07/28 15:35:00.238, 310.69, 100, 74232, 76
2026/07/28 15:35:01.275, 284.48, 100, 74232, 77
2026/07/28 15:35:02.311, 294.61, 100, 74232, 76
2026/07/28 15:35:03.349, 294.14, 100, 74232, 75
2026/07/28 15:35:04.387, 296.49, 100, 74232, 75
2026/07/28 15:35:05.427, 290.83, 100, 74232, 75
2026/07/28 15:35:06.466, 298.22, 100, 74232, 75
2026/07/28 15:35:07.503, 299.76, 100, 74232, 75
2026/07/28 15:35:08.541, 298.99, 100, 74232, 75
2026/07/28 15:35:09.578, 298.41, 100, 74232, 75
2026/07/28 15:35:10.617, 299.55, 100, 74232, 75
2026/07/28 15:35:11.654, 299.29, 100, 74232, 75
2026/07/28 15:35:12.692, 299.96, 100, 74232, 75
2026/07/28 15:35:13.731, 104.86, 100, 74232, 73
2026/07/28 15:35:14.764, 304.52, 100, 74232, 77
2026/07/28 15:35:15.802, 302.46, 100, 74232, 77
2026/07/28 15:35:16.837, 307.25, 100, 74232, 77
2026/07/28 15:35:17.872, 297.25, 100, 74232, 77
2026/07/28 15:35:18.912, 304.10, 100, 74232, 77
2026/07/28 15:35:19.947, 276.95, 100, 74232, 77
2026/07/28 15:35:20.984, 302.11, 100, 74232, 75
2026/07/28 15:35:22.022, 294.05, 100, 74232, 75
2026/07/28 15:35:23.060, 291.13, 100, 74232, 75
2026/07/28 15:35:24.097, 295.68, 100, 74232, 75
2026/07/28 15:35:25.136, 298.80, 100, 74232, 75
2026/07/28 15:35:26.174, 299.96, 100, 74232, 75
2026/07/28 15:35:27.211, 298.79, 100, 74232, 75
2026/07/28 15:35:28.249, 299.76, 100, 74232, 76
2026/07/28 15:35:29.287, 299.17, 100, 74232, 76
2026/07/28 15:35:30.324, 299.46, 100, 74232, 76
2026/07/28 15:35:31.362, 299.78, 100, 74232, 76
2026/07/28 15:35:32.400, 104.05, 22, 74232, 73
2026/07/28 15:35:33.433, 316.52, 100, 74232, 77
2026/07/28 15:35:34.469, 288.11, 100, 74232, 77
2026/07/28 15:35:35.503, 283.06, 100, 74232, 77
2026/07/28 15:35:36.538, 281.97, 100, 74232, 77
2026/07/28 15:35:37.574, 307.57, 100, 74232, 77
2026/07/28 15:35:38.614, 300.71, 100, 74232, 77
2026/07/28 15:35:39.649, 304.43, 100, 74232, 77
2026/07/28 15:35:40.684, 302.51, 100, 74232, 75
2026/07/28 15:35:41.721, 298.23, 100, 74232, 75
2026/07/28 15:35:42.757, 300.95, 100, 74232, 75
2026/07/28 15:35:43.795, 300.05, 100, 74232, 76
2026/07/28 15:35:44.831, 301.71, 100, 74232, 76
2026/07/28 15:35:45.869, 300.34, 100, 74232, 76
2026/07/28 15:35:46.906, 299.57, 100, 74232, 76
2026/07/28 15:35:47.945, 297.53, 100, 74232, 76
2026/07/28 15:35:48.982, 293.28, 100, 74232, 76
2026/07/28 15:35:50.023, 299.67, 100, 74232, 76
2026/07/28 15:35:51.060, 300.15, 100, 74232, 76
2026/07/28 15:35:52.097, 299.67, 100, 74232, 76
2026/07/28 15:35:53.135, 300.14, 100, 74232, 76
2026/07/28 15:35:54.173, 300.75, 100, 74232, 76
2026/07/28 15:35:55.209, 299.08, 100, 74232, 76
2026/07/28 15:35:56.247, 101.68, 28, 74232, 73
2026/07/28 15:35:57.279, 307.42, 100, 74232, 77
2026/07/28 15:35:58.316, 294.52, 100, 74232, 77
2026/07/28 15:35:59.355, 275.20, 100, 74232, 77
2026/07/28 15:36:00.390, 268.00, 100, 74232, 77
2026/07/28 15:36:01.426, 297.62, 100, 74232, 77
2026/07/28 15:36:02.468, 303.05, 100, 74232, 77
2026/07/28 15:36:03.504, 279.96, 100, 74232, 77
2026/07/28 15:36:04.539, 299.68, 100, 74232, 75
2026/07/28 15:36:05.577, 300.34, 100, 74232, 75
2026/07/28 15:36:06.615, 299.84, 100, 74232, 76
2026/07/28 15:36:07.652, 303.44, 100, 74232, 76
2026/07/28 15:36:08.692, 299.27, 100, 74232, 76
2026/07/28 15:36:09.729, 300.14, 100, 74232, 76
2026/07/28 15:36:10.768, 299.27, 100, 74232, 76
2026/07/28 15:36:11.806, 299.97, 100, 74232, 76
2026/07/28 15:36:12.843, 354.88, 0, 74232, 76
2026/07/28 15:36:13.879, 300.36, 100, 74232, 77
2026/07/28 15:36:14.915, 299.20, 100, 74232, 77
2026/07/28 15:36:15.951, 312.42, 100, 74232, 77
2026/07/28 15:36:16.990, 267.54, 100, 74232, 77
2026/07/28 15:36:18.025, 317.09, 100, 74232, 77
2026/07/28 15:36:19.061, 280.90, 100, 74232, 77
2026/07/28 15:36:20.104, 289.96, 100, 74232, 75
2026/07/28 15:36:21.142, 297.25, 100, 74232, 75
2026/07/28 15:36:22.179, 299.65, 100, 74232, 75
2026/07/28 15:36:23.217, 298.90, 100, 74232, 75
2026/07/28 15:36:24.254, 299.70, 100, 74232, 75
2026/07/28 15:36:25.295, 299.79, 100, 74232, 75
2026/07/28 15:36:26.332, 299.28, 100, 74232, 75
2026/07/28 15:36:27.369, 299.60, 100, 74232, 75
2026/07/28 15:36:28.406, 300.35, 100, 74232, 76
2026/07/28 15:36:29.444, 299.46, 100, 74232, 76
2026/07/28 15:36:30.483, 299.86, 100, 74232, 76
2026/07/28 15:36:31.521, 300.85, 100, 74232, 75
2026/07/28 15:36:32.559, 299.46, 100, 74232, 75
2026/07/28 15:36:33.600, 298.61, 100, 74232, 75
2026/07/28 15:36:34.638, 298.99, 100, 74232, 75
2026/07/28 15:36:35.675, 309.42, 100, 74232, 75
2026/07/28 15:36:36.713, 301.70, 100, 74232, 75
2026/07/28 15:36:37.750, 300.14, 100, 74232, 75
2026/07/28 15:36:38.793, 295.22, 100, 74232, 74
2026/07/28 15:36:39.831, 299.59, 100, 74232, 74
2026/07/28 15:36:40.869, 297.43, 100, 74232, 74
2026/07/28 15:36:41.907, 298.49, 100, 74232, 74
2026/07/28 15:36:42.944, 297.82, 100, 74232, 74
2026/07/28 15:36:43.982, 300.17, 100, 74232, 74
2026/07/28 15:36:45.019, 305.01, 100, 74232, 74
2026/07/28 15:36:46.056, 305.53, 100, 74232, 74
2026/07/28 15:36:47.096, 297.53, 100, 74232, 74
2026/07/28 15:36:48.133, 297.43, 100, 74232, 74
2026/07/28 15:36:49.171, 297.05, 100, 74232, 74
2026/07/28 15:36:50.208, 306.24, 100, 74232, 74
2026/07/28 15:36:51.248, 298.11, 66, 74232, 76
2026/07/28 15:36:52.283, 304.69, 100, 74232, 74
2026/07/28 15:36:53.321, 305.56, 100, 74232, 74
2026/07/28 15:36:54.359, 302.87, 100, 74232, 74
2026/07/28 15:36:55.399, 306.43, 100, 74232, 74
2026/07/28 15:36:56.436, 303.24, 100, 74232, 74
2026/07/28 15:36:57.478, 304.13, 100, 74232, 74
2026/07/28 15:36:58.517, 296.16, 100, 74232, 74
2026/07/28 15:36:59.554, 297.29, 100, 74232, 74
2026/07/28 15:37:00.594, 301.18, 100, 74232, 74
2026/07/28 15:37:01.632, 295.20, 100, 74232, 74
2026/07/28 15:37:02.671, 297.53, 100, 74232, 74
2026/07/28 15:37:03.710, 297.91, 100, 74232, 74
2026/07/28 15:37:04.747, 294.61, 100, 74232, 74
2026/07/28 15:37:05.785, 295.39, 100, 74232, 74
2026/07/28 15:37:06.823, 295.07, 100, 74232, 74
2026/07/28 15:37:07.861, 303.63, 100, 74232, 74
2026/07/28 15:37:08.901, 296.35, 100, 74232, 74
2026/07/28 15:37:09.939, 297.13, 100, 74232, 74
2026/07/28 15:37:10.983, 297.33, 100, 74232, 74
2026/07/28 15:37:12.021, 297.30, 100, 74232, 74
2026/07/28 15:37:13.061, 304.18, 100, 74232, 73
2026/07/28 15:37:14.099, 299.45, 100, 74232, 73
2026/07/28 15:37:15.136, 300.15, 100, 74232, 73
2026/07/28 15:37:16.173, 300.16, 100, 74232, 73
2026/07/28 15:37:17.209, 302.39, 100, 74232, 73
2026/07/28 15:37:18.246, 303.14, 100, 74232, 73
2026/07/28 15:37:19.283, 301.38, 100, 74232, 73
2026/07/28 15:37:20.321, 302.06, 100, 74232, 73
2026/07/28 15:37:21.359, 303.32, 100, 74232, 73
2026/07/28 15:37:22.399, 301.01, 100, 74232, 72
2026/07/28 15:37:23.437, 302.42, 100, 74232, 72
2026/07/28 15:37:24.475, 295.96, 100, 74232, 72
2026/07/28 15:37:25.513, 302.54, 100, 74232, 72
2026/07/28 15:37:26.554, 302.43, 100, 74232, 72
2026/07/28 15:37:27.592, 301.76, 100, 74232, 72
2026/07/28 15:37:28.628, 294.31, 100, 74232, 72
2026/07/28 15:37:29.666, 301.59, 100, 74232, 72
2026/07/28 15:37:30.704, 293.17, 100, 74232, 72
2026/07/28 15:37:31.741, 298.85, 100, 74232, 72
2026/07/28 15:37:32.778, 300.03, 100, 74232, 72
2026/07/28 15:37:33.815, 293.65, 100, 74232, 72
2026/07/28 15:37:34.851, 292.98, 100, 74232, 71
2026/07/28 15:37:35.889, 296.35, 100, 74232, 71
2026/07/28 15:37:36.925, 292.38, 100, 74232, 71
2026/07/28 15:37:37.962, 300.70, 100, 74232, 71
2026/07/28 15:37:38.999, 298.48, 100, 74232, 71
2026/07/28 15:37:40.037, 296.93, 100, 74232, 71
2026/07/28 15:37:41.077, 299.82, 100, 74232, 71
2026/07/28 15:37:42.114, 298.38, 100, 74232, 71
2026/07/28 15:37:43.152, 298.69, 100, 74232, 71
2026/07/28 15:37:44.190, 299.67, 100, 74232, 71
2026/07/28 15:37:45.230, 298.58, 100, 74232, 71
2026/07/28 15:37:46.266, 295.48, 100, 74232, 71
2026/07/28 15:37:47.307, 305.36, 100, 74232, 71
2026/07/28 15:37:48.344, 297.62, 100, 74232, 71
2026/07/28 15:37:49.381, 299.61, 100, 74232, 71
2026/07/28 15:37:50.418, 300.42, 100, 74232, 71
2026/07/28 15:37:51.454, 301.32, 100, 74232, 71
2026/07/28 15:37:52.496, 294.83, 100, 74232, 71
2026/07/28 15:37:53.533, 299.57, 100, 74232, 71
2026/07/28 15:37:54.570, 305.54, 100, 74232, 71
2026/07/28 15:37:55.608, 305.46, 100, 74232, 71
2026/07/28 15:37:56.649, 300.03, 100, 74232, 70
2026/07/28 15:37:57.687, 296.65, 100, 74232, 70
2026/07/28 15:37:58.724, 298.60, 100, 74232, 70
2026/07/28 15:37:59.761, 293.07, 100, 74232, 70
2026/07/28 15:38:00.798, 298.33, 100, 74232, 70
2026/07/28 15:38:01.836, 298.98, 100, 74232, 70
2026/07/28 15:38:02.873, 296.94, 100, 74232, 70
2026/07/28 15:38:03.910, 301.63, 100, 74232, 70
2026/07/28 15:38:04.948, 301.44, 100, 74232, 70
2026/07/28 15:38:05.986, 304.61, 100, 74232, 70
2026/07/28 15:38:07.022, 303.83, 100, 74232, 70
2026/07/28 15:38:08.059, 298.01, 100, 74232, 70
2026/07/28 15:38:09.095, 297.36, 100, 74232, 70
2026/07/28 15:38:10.132, 296.55, 100, 74232, 70
2026/07/28 15:38:11.169, 298.79, 100, 74232, 70
2026/07/28 15:38:12.206, 293.94, 100, 74232, 70
2026/07/28 15:38:13.242, 297.65, 100, 74232, 70
2026/07/28 15:38:14.279, 305.37, 100, 74232, 70
2026/07/28 15:38:15.318, 301.98, 100, 74232, 70
2026/07/28 15:38:16.360, 294.33, 100, 74232, 70
2026/07/28 15:38:17.396, 301.12, 100, 74232, 70
2026/07/28 15:38:18.434, 296.55, 100, 74232, 70
2026/07/28 15:38:19.471, 296.28, 100, 74232, 70
2026/07/28 15:38:20.508, 302.78, 100, 74232, 70
2026/07/28 15:38:21.544, 303.35, 100, 74232, 70
2026/07/28 15:38:22.580, 299.46, 100, 74232, 70
2026/07/28 15:38:23.616, 303.74, 100, 74232, 70
2026/07/28 15:38:24.652, 295.97, 100, 74232, 70
2026/07/28 15:38:25.691, 295.69, 100, 74232, 70
2026/07/28 15:38:26.731, 301.90, 100, 74232, 70
2026/07/28 15:38:27.767, 303.96, 100, 74232, 70
2026/07/28 15:38:28.804, 307.90, 100, 74232, 70
2026/07/28 15:38:29.841, 300.47, 100, 74232, 71
2026/07/28 15:38:30.877, 298.95, 100, 74232, 71
2026/07/28 15:38:31.912, 293.24, 100, 74232, 71
2026/07/28 15:38:32.945, 292.87, 100, 74232, 71
2026/07/28 15:38:33.981, 316.07, 100, 74232, 71
2026/07/28 15:38:35.015, 271.80, 100, 74232, 71
2026/07/28 15:38:36.049, 305.03, 100, 74232, 70
2026/07/28 15:38:37.088, 304.32, 100, 74232, 70
2026/07/28 15:38:38.125, 303.47, 100, 74232, 70
2026/07/28 15:38:39.161, 306.88, 100, 74232, 70
2026/07/28 15:38:40.198, 302.20, 100, 74232, 72
2026/07/28 15:38:41.232, 297.98, 100, 74232, 72
2026/07/28 15:38:42.265, 297.06, 100, 74232, 72
2026/07/28 15:38:43.299, 303.89, 100, 74232, 72
2026/07/28 15:38:44.333, 306.60, 100, 74232, 72
2026/07/28 15:38:45.371, 278.71, 100, 74232, 73
2026/07/28 15:38:46.406, 302.96, 100, 74232, 71
2026/07/28 15:38:47.444, 299.47, 100, 74232, 71
2026/07/28 15:38:48.483, 300.26, 100, 74232, 71
2026/07/28 15:38:49.522, 300.71, 100, 74232, 72
2026/07/28 15:38:50.558, 300.36, 100, 74232, 72
2026/07/28 15:38:51.595, 300.85, 100, 74232, 72
2026/07/28 15:38:52.633, 300.53, 100, 74232, 72
2026/07/28 15:38:53.671, 301.87, 100, 74232, 72
2026/07/28 15:38:54.707, 302.39, 100, 74232, 72
2026/07/28 15:38:55.747, 303.65, 100, 74232, 72
2026/07/28 15:38:56.784, 294.72, 100, 74232, 73
2026/07/28 15:38:57.820, 294.74, 100, 74232, 73
2026/07/28 15:38:58.861, 295.03, 100, 74232, 73
2026/07/28 15:38:59.899, 295.88, 100, 74232, 73
2026/07/28 15:39:00.937, 294.90, 100, 74232, 73
2026/07/28 15:39:01.983, 302.86, 100, 74232, 73
2026/07/28 15:39:03.019, 305.18, 100, 74232, 73
2026/07/28 15:39:04.056, 302.58, 100, 74232, 73
2026/07/28 15:39:05.094, 299.39, 100, 74232, 73
2026/07/28 15:39:06.132, 296.64, 100, 74232, 73
2026/07/28 15:39:07.170, 303.53, 100, 74232, 73
2026/07/28 15:39:08.207, 303.05, 100, 74232, 73
2026/07/28 15:39:09.243, 304.61, 100, 74232, 73
2026/07/28 15:39:10.283, 300.65, 100, 74232, 73
2026/07/28 15:39:11.320, 303.91, 100, 74232, 73
2026/07/28 15:39:12.359, 305.11, 100, 74232, 74
2026/07/28 15:39:13.395, 304.14, 100, 74232, 74
2026/07/28 15:39:14.437, 305.08, 100, 74232, 74
2026/07/28 15:39:15.478, 304.10, 100, 74232, 73
2026/07/28 15:39:16.516, 296.09, 100, 74232, 74
2026/07/28 15:39:17.553, 298.33, 100, 74232, 74
2026/07/28 15:39:18.590, 296.08, 100, 74232, 74
2026/07/28 15:39:19.629, 297.81, 100, 74232, 74
2026/07/28 15:39:20.668, 296.46, 100, 74232, 74
2026/07/28 15:39:21.705, 296.84, 69, 74232, 75
2026/07/28 15:39:22.739, 301.89, 100, 74232, 76
2026/07/28 15:39:23.776, 291.12, 100, 74232, 75
2026/07/28 15:39:24.810, 307.48, 100, 74232, 76
2026/07/28 15:39:25.846, 277.13, 100, 74232, 75
2026/07/28 15:39:26.882, 283.26, 100, 74232, 76
2026/07/28 15:39:27.924, 297.08, 100, 74232, 76
2026/07/28 15:39:28.958, 303.97, 100, 74232, 74
2026/07/28 15:39:29.998, 305.61, 100, 74232, 74
2026/07/28 15:39:31.035, 297.05, 100, 74232, 74
2026/07/28 15:39:32.075, 294.23, 100, 74232, 74
2026/07/28 15:39:33.114, 299.17, 100, 74232, 74
2026/07/28 15:39:34.152, 297.72, 100, 74232, 74
2026/07/28 15:39:35.191, 298.90, 100, 74232, 74
2026/07/28 15:39:36.228, 300.33, 100, 74232, 74
2026/07/28 15:39:37.266, 299.11, 100, 74232, 74
2026/07/28 15:39:38.303, 301.15, 100, 74232, 75
2026/07/28 15:39:39.341, 297.75, 100, 74232, 75
2026/07/28 15:39:40.378, 288.50, 100, 74232, 74
2026/07/28 15:39:41.416, 285.99, 100, 74232, 74
2026/07/28 15:39:42.454, 291.90, 100, 74232, 74
2026/07/28 15:39:43.490, 102.79, 0, 74232, 72
2026/07/28 15:39:44.525, 298.19, 100, 74232, 76
2026/07/28 15:39:45.560, 304.44, 100, 74232, 76
2026/07/28 15:39:46.596, 299.07, 100, 74232, 76
2026/07/28 15:39:47.631, 314.99, 100, 74232, 76
2026/07/28 15:39:48.668, 309.62, 100, 74232, 76
2026/07/28 15:39:49.703, 301.53, 100, 74232, 76
2026/07/28 15:39:50.739, 312.10, 100, 74232, 76
2026/07/28 15:39:51.783, 307.66, 100, 74232, 75
2026/07/28 15:39:52.821, 305.75, 100, 74232, 75
2026/07/28 15:39:53.859, 307.27, 100, 74232, 75
2026/07/28 15:39:54.898, 299.46, 100, 74232, 75
2026/07/28 15:39:55.934, 298.71, 100, 74232, 75
2026/07/28 15:39:56.978, 300.14, 100, 74232, 75
2026/07/28 15:39:58.018, 298.61, 100, 74232, 75
2026/07/28 15:39:59.055, 306.94, 100, 74232, 75
2026/07/28 15:40:00.099, 302.17, 100, 74232, 75
2026/07/28 15:40:01.136, 306.64, 100, 74232, 75
2026/07/28 15:40:02.172, 299.10, 100, 74232, 75
2026/07/28 15:40:03.210, 299.59, 100, 74232, 75
2026/07/28 15:40:04.247, 103.59, 0, 74232, 72
2026/07/28 15:40:05.282, 260.26, 100, 74232, 74
2026/07/28 15:40:06.321, 279.29, 100, 74232, 74
2026/07/28 15:40:07.359, 286.77, 100, 74232, 74
2026/07/28 15:40:08.396, 288.79, 100, 74232, 75
2026/07/28 15:40:09.434, 292.31, 100, 74232, 75
2026/07/28 15:40:10.472, 296.09, 100, 74232, 75
2026/07/28 15:40:11.513, 296.85, 100, 74232, 75
2026/07/28 15:40:12.550, 293.26, 100, 74232, 75
2026/07/28 15:40:13.597, 296.46, 100, 74232, 75
2026/07/28 15:40:14.635, 298.10, 100, 74232, 75
2026/07/28 15:40:15.672, 296.30, 100, 74232, 75
2026/07/28 15:40:16.710, 296.64, 100, 74232, 75
2026/07/28 15:40:17.748, 297.15, 100, 74232, 75
2026/07/28 15:40:18.786, 296.65, 100, 74232, 75
2026/07/28 15:40:19.823, 299.59, 100, 74232, 75
2026/07/28 15:40:20.862, 297.52, 100, 74232, 75
2026/07/28 15:40:21.898, 298.52, 100, 74232, 75
2026/07/28 15:40:22.938, 295.20, 100, 74232, 75
2026/07/28 15:40:23.974, 296.75, 100, 74232, 75
2026/07/28 15:40:25.016, 302.39, 100, 74232, 75
2026/07/28 15:40:26.054, 301.92, 100, 74232, 75
2026/07/28 15:40:27.092, 304.01, 100, 74232, 75
2026/07/28 15:40:28.129, 298.29, 100, 74232, 75
2026/07/28 15:40:29.167, 298.22, 100, 74232, 75
2026/07/28 15:40:30.204, 298.59, 100, 74232, 75
2026/07/28 15:40:31.242, 297.05, 100, 74232, 75
2026/07/28 15:40:32.280, 301.21, 100, 74232, 75
2026/07/28 15:40:33.320, 296.88, 100, 74232, 75
2026/07/28 15:40:34.358, 296.09, 100, 74232, 75
2026/07/28 15:40:35.396, 299.38, 100, 74232, 75
2026/07/28 15:40:36.438, 296.78, 100, 74232, 75
2026/07/28 15:40:37.476, 303.75, 100, 74232, 75
2026/07/28 15:40:38.513, 302.57, 100, 74232, 75
2026/07/28 15:40:39.550, 302.48, 100, 74232, 75
2026/07/28 15:40:40.588, 297.34, 100, 74232, 75
2026/07/28 15:40:41.627, 298.19, 100, 74232, 75
2026/07/28 15:40:42.666, 304.02, 100, 74232, 75
2026/07/28 15:40:43.712, 299.18, 100, 74232, 75
2026/07/28 15:40:44.751, 304.81, 100, 74232, 74
2026/07/28 15:40:45.789, 299.75, 100, 74232, 74
2026/07/28 15:40:46.827, 293.07, 100, 74232, 74
2026/07/28 15:40:47.866, 296.17, 100, 74232, 74
2026/07/28 15:40:48.904, 300.04, 100, 74232, 74
2026/07/28 15:40:49.942, 298.10, 100, 74232, 74
2026/07/28 15:40:50.981, 293.06, 100, 74232, 74
2026/07/28 15:40:52.020, 298.68, 100, 74232, 74
2026/07/28 15:40:53.059, 303.54, 100, 74232, 74
2026/07/28 15:40:54.097, 299.28, 100, 74232, 74
2026/07/28 15:40:55.141, 296.40, 100, 74232, 74
2026/07/28 15:40:56.183, 304.41, 100, 74232, 74
2026/07/28 15:40:57.222, 295.87, 100, 74232, 74
2026/07/28 15:40:58.260, 297.73, 100, 74232, 74
2026/07/28 15:40:59.299, 294.42, 100, 74232, 74
2026/07/28 15:41:00.337, 296.17, 100, 74232, 74
2026/07/28 15:41:01.377, 305.49, 100, 74232, 74
2026/07/28 15:41:02.414, 304.71, 100, 74232, 74
2026/07/28 15:41:03.450, 302.77, 100, 74232, 74
2026/07/28 15:41:04.486, 304.60, 100, 74232, 74
2026/07/28 15:41:05.522, 297.34, 100, 74232, 74
2026/07/28 15:41:06.561, 300.63, 100, 74232, 74
2026/07/28 15:41:07.597, 295.87, 100, 74232, 74
2026/07/28 15:41:08.634, 295.29, 100, 74232, 74
2026/07/28 15:41:09.671, 304.07, 100, 74232, 74
2026/07/28 15:41:10.707, 304.01, 100, 74232, 74
2026/07/28 15:41:11.743, 303.67, 100, 74232, 74
2026/07/28 15:41:12.780, 306.44, 100, 74232, 74
2026/07/28 15:41:13.817, 299.66, 100, 74232, 74
2026/07/28 15:41:14.854, 295.21, 100, 74232, 74
2026/07/28 15:41:15.891, 304.33, 100, 74232, 74
2026/07/28 15:41:16.929, 295.97, 100, 74232, 74
2026/07/28 15:41:17.966, 292.87, 100, 74232, 74
2026/07/28 15:41:19.003, 292.51, 100, 74232, 74
2026/07/28 15:41:20.042, 295.59, 100, 74232, 74
2026/07/28 15:41:21.079, 294.62, 100, 74232, 74
2026/07/28 15:41:22.119, 297.22, 100, 74232, 74
2026/07/28 15:41:23.157, 304.90, 100, 74232, 74
2026/07/28 15:41:24.194, 303.93, 100, 74232, 74
2026/07/28 15:41:25.232, 303.34, 100, 74232, 74
2026/07/28 15:41:26.269, 305.10, 100, 74232, 74
2026/07/28 15:41:27.306, 303.57, 100, 74232, 74
2026/07/28 15:41:28.342, 303.59, 100, 74232, 74
2026/07/28 15:41:29.382, 302.08, 100, 74232, 74
2026/07/28 15:41:30.420, 291.60, 100, 74232, 74
2026/07/28 15:41:31.457, 295.80, 100, 74232, 74
2026/07/28 15:41:32.496, 300.35, 100, 74232, 74
2026/07/28 15:41:33.533, 292.71, 100, 74232, 74
2026/07/28 15:41:34.569, 296.87, 100, 74232, 74
2026/07/28 15:41:35.607, 296.39, 100, 74232, 74
2026/07/28 15:41:36.645, 296.26, 100, 74232, 74
2026/07/28 15:41:37.682, 296.18, 100, 74232, 74
2026/07/28 15:41:38.720, 294.93, 100, 74232, 74
2026/07/28 15:41:39.758, 295.70, 100, 74232, 73
2026/07/28 15:41:40.798, 296.45, 100, 74232, 73
2026/07/28 15:41:41.836, 294.15, 100, 74232, 73
2026/07/28 15:41:42.874, 303.18, 100, 74232, 73
2026/07/28 15:41:43.913, 303.48, 100, 74232, 73
2026/07/28 15:41:44.951, 303.36, 100, 74232, 73
2026/07/28 15:41:45.992, 295.39, 100, 74232, 73
2026/07/28 15:41:47.029, 294.80, 100, 74232, 73
2026/07/28 15:41:48.068, 295.28, 100, 74232, 75
2026/07/28 15:41:49.103, 295.69, 100, 74232, 74
2026/07/28 15:41:50.139, 301.89, 100, 74232, 74
2026/07/28 15:41:51.173, 316.77, 100, 74232, 74
2026/07/28 15:41:52.207, 310.08, 100, 74232, 74
2026/07/28 15:41:53.242, 297.26, 100, 74232, 74
2026/07/28 15:41:54.283, 302.40, 100, 74232, 73
2026/07/28 15:41:55.321, 301.43, 100, 74232, 73
2026/07/28 15:41:56.357, 302.39, 100, 74232, 73
2026/07/28 15:41:57.394, 302.00, 100, 74232, 73
2026/07/28 15:41:58.431, 302.47, 100, 74232, 73
2026/07/28 15:41:59.469, 302.94, 100, 74232, 73
2026/07/28 15:42:00.507, 303.07, 100, 74232, 73
2026/07/28 15:42:01.543, 302.72, 100, 74232, 73
2026/07/28 15:42:02.581, 303.49, 100, 74232, 73
2026/07/28 15:42:03.618, 291.70, 100, 74232, 73
2026/07/28 15:42:04.657, 101.72, 17, 74232, 70
2026/07/28 15:42:05.692, 98.78, 0, 74232, 69
2026/07/28 15:42:06.726, 98.09, 0, 74232, 69
2026/07/28 15:42:07.758, 95.89, 0, 74232, 68
2026/07/28 15:42:08.789, 96.32, 0, 74232, 68
2026/07/28 15:42:09.823, 95.46, 0, 74232, 67
2026/07/28 15:42:10.854, 95.53, 0, 74232, 67
2026/07/28 15:42:11.885, 93.11, 0, 74232, 67
2026/07/28 15:42:12.916, 94.33, 0, 74232, 66
2026/07/28 15:42:13.948, 94.27, 0, 74232, 66
2026/07/28 15:42:14.979, 92.60, 0, 74232, 65
2026/07/28 15:42:16.013, 91.92, 0, 74232, 65
2026/07/28 15:42:17.044, 92.63, 0, 74232, 65
2026/07/28 15:42:18.075, 92.70, 0, 74232, 65
2026/07/28 15:42:19.107, 92.31, 0, 74232, 64
2026/07/28 15:42:20.137, 90.84, 0, 74232, 64
2026/07/28 15:42:21.168, 91.67, 0, 74232, 64
2026/07/28 15:42:22.202, 90.11, 0, 74232, 63
2026/07/28 15:42:23.234, 89.74, 0, 74232, 63
2026/07/28 15:42:24.266, 90.62, 0, 74232, 63
2026/07/28 15:42:25.299, 89.15, 0, 74232, 63
2026/07/28 15:42:26.329, 89.93, 0, 74232, 62
2026/07/28 15:42:27.359, 89.66, 0, 74232, 62
2026/07/28 15:42:28.389, 89.34, 0, 74232, 62
2026/07/28 15:42:29.420, 88.50, 0, 74232, 62
2026/07/28 15:42:30.452, 88.52, 0, 74232, 61
2026/07/28 15:42:31.483, 88.66, 0, 74232, 61
2026/07/28 15:42:32.514, 88.39, 0, 74232, 61
2026/07/28 15:42:33.545, 87.43, 0, 74232, 61
2026/07/28 15:42:34.576, 87.85, 0, 74232, 61
2026/07/28 15:42:35.606, 87.48, 0, 74232, 60
2026/07/28 15:42:36.638, 87.11, 0, 74232, 60
2026/07/28 15:42:37.670, 301.99, 100, 74232, 65
2026/07/28 15:42:38.707, 304.20, 100, 74232, 66
2026/07/28 15:42:39.743, 311.96, 100, 74232, 66
2026/07/28 15:42:40.781, 293.78, 100, 74232, 66
2026/07/28 15:42:41.816, 302.25, 100, 74232, 65
2026/07/28 15:42:42.854, 295.39, 100, 74232, 65
2026/07/28 15:42:43.890, 292.96, 100, 74232, 66
2026/07/28 15:42:44.927, 298.89, 100, 74232, 66
2026/07/28 15:42:45.964, 300.05, 100, 74232, 66
2026/07/28 15:42:47.003, 301.34, 100, 74232, 67
2026/07/28 15:42:48.039, 300.14, 100, 74232, 67
2026/07/28 15:42:49.078, 301.68, 100, 74232, 67
2026/07/28 15:42:50.116, 298.97, 100, 74232, 67
2026/07/28 15:42:51.154, 302.28, 100, 74232, 67
2026/07/28 15:42:52.192, 302.96, 100, 74232, 68
2026/07/28 15:42:53.229, 306.81, 100, 74232, 70
2026/07/28 15:42:54.266, 298.23, 100, 74232, 70
2026/07/28 15:42:55.303, 312.15, 100, 74232, 70
2026/07/28 15:42:56.340, 316.93, 100, 74232, 71
2026/07/28 15:42:57.376, 276.39, 100, 74232, 70
2026/07/28 15:42:58.412, 292.39, 100, 74232, 69
2026/07/28 15:42:59.450, 287.16, 100, 74232, 69
2026/07/28 15:43:00.488, 289.80, 100, 74232, 69
2026/07/28 15:43:01.526, 295.58, 100, 74232, 70
2026/07/28 15:43:02.565, 297.74, 100, 74232, 72
2026/07/28 15:43:03.600, 297.95, 100, 74232, 72
2026/07/28 15:43:04.636, 309.41, 100, 74232, 72
2026/07/28 15:43:05.672, 318.80, 100, 74232, 72
2026/07/28 15:43:06.707, 306.64, 100, 74232, 71
2026/07/28 15:43:07.747, 306.38, 100, 74232, 71
2026/07/28 15:43:08.785, 306.84, 100, 74232, 71
2026/07/28 15:43:09.821, 368.76, 100, 74232, 72
2026/07/28 15:43:10.856, 307.87, 100, 74232, 73
2026/07/28 15:43:11.898, 298.62, 100, 74232, 73
2026/07/28 15:43:12.934, 305.48, 100, 74232, 73
2026/07/28 15:43:13.976, 280.34, 100, 74232, 73
2026/07/28 15:43:15.011, 302.50, 100, 74232, 72
2026/07/28 15:43:16.049, 302.10, 100, 74232, 72
2026/07/28 15:43:17.086, 301.78, 100, 74232, 72
2026/07/28 15:43:18.125, 301.97, 100, 74232, 72
2026/07/28 15:43:19.162, 299.18, 100, 74232, 72
2026/07/28 15:43:20.199, 294.05, 100, 74232, 74
2026/07/28 15:43:21.235, 293.72, 100, 74232, 74
2026/07/28 15:43:22.272, 274.42, 100, 74232, 74
2026/07/28 15:43:23.307, 307.39, 100, 74232, 75
2026/07/28 15:43:24.343, 299.94, 100, 74232, 74
2026/07/28 15:43:25.379, 299.08, 100, 74232, 73
2026/07/28 15:43:26.417, 298.40, 100, 74232, 73
2026/07/28 15:43:27.454, 289.20, 100, 74232, 73
2026/07/28 15:43:28.492, 292.86, 100, 74232, 73
2026/07/28 15:43:29.536, 297.64, 100, 74232, 73
2026/07/28 15:43:30.574, 303.64, 100, 74232, 75
2026/07/28 15:43:31.608, 291.11, 100, 74232, 75
2026/07/28 15:43:32.642, 280.01, 100, 74232, 75
2026/07/28 15:43:33.676, 299.96, 100, 74232, 75
2026/07/28 15:43:34.710, 283.93, 100, 74232, 75
2026/07/28 15:43:35.746, 301.22, 100, 74232, 75
2026/07/28 15:43:36.781, 297.62, 100, 74232, 74
2026/07/28 15:43:37.818, 298.49, 100, 74232, 74
2026/07/28 15:43:38.856, 290.92, 100, 74232, 74
2026/07/28 15:43:39.894, 295.89, 100, 74232, 74
2026/07/28 15:43:40.935, 297.92, 100, 74232, 74
2026/07/28 15:43:41.972, 291.21, 100, 74232, 74
2026/07/28 15:43:43.009, 295.42, 100, 74232, 74
2026/07/28 15:43:44.047, 298.92, 100, 74232, 74
2026/07/28 15:43:45.084, 311.23, 100, 74232, 76
2026/07/28 15:43:46.120, 298.58, 100, 74232, 76
2026/07/28 15:43:47.154, 294.03, 100, 74232, 76
2026/07/28 15:43:48.188, 282.52, 100, 74232, 76
2026/07/28 15:43:49.222, 296.15, 100, 74232, 76
2026/07/28 15:43:50.259, 281.98, 100, 74232, 76
2026/07/28 15:43:51.293, 288.11, 100, 74232, 74
2026/07/28 15:43:52.330, 291.05, 100, 74232, 74
2026/07/28 15:43:53.367, 287.73, 100, 74232, 74
2026/07/28 15:43:54.403, 291.21, 100, 74232, 74
2026/07/28 15:43:55.440, 287.67, 100, 74232, 74
2026/07/28 15:43:56.477, 291.52, 100, 74232, 74
2026/07/28 15:43:57.516, 300.05, 100, 74232, 75
2026/07/28 15:43:58.554, 297.82, 100, 74232, 76
2026/07/28 15:43:59.589, 297.16, 100, 74232, 76
2026/07/28 15:44:00.623, 312.96, 100, 74232, 76
2026/07/28 15:44:01.658, 283.15, 100, 74232, 76
2026/07/28 15:44:02.693, 296.05, 100, 74232, 77
2026/07/28 15:44:03.727, 290.87, 100, 74232, 76
2026/07/28 15:44:04.760, 317.19, 100, 74232, 77
2026/07/28 15:44:05.793, 302.86, 100, 74232, 75
2026/07/28 15:44:06.830, 300.08, 100, 74232, 75
2026/07/28 15:44:07.867, 300.72, 100, 74232, 75
2026/07/28 15:44:08.904, 301.19, 100, 74232, 75
2026/07/28 15:44:09.941, 302.48, 100, 74232, 75
2026/07/28 15:44:10.979, 297.73, 100, 74232, 75
2026/07/28 15:44:12.017, 291.60, 100, 74232, 77
2026/07/28 15:44:13.053, 304.28, 100, 74232, 77
2026/07/28 15:44:14.088, 289.07, 100, 74232, 77
2026/07/28 15:44:15.123, 304.61, 100, 74232, 77
2026/07/28 15:44:16.160, 270.21, 100, 74232, 77
2026/07/28 15:44:17.194, 295.25, 100, 74232, 77
2026/07/28 15:44:18.228, 300.47, 100, 74232, 75
2026/07/28 15:44:19.267, 299.96, 100, 74232, 75
2026/07/28 15:44:20.304, 300.25, 100, 74232, 75
2026/07/28 15:44:21.342, 299.77, 100, 74232, 75
2026/07/28 15:44:22.380, 300.26, 100, 74232, 75
2026/07/28 15:44:23.417, 300.73, 100, 74232, 75
2026/07/28 15:44:24.454, 299.27, 100, 74232, 75
2026/07/28 15:44:25.492, 298.99, 100, 74232, 77
2026/07/28 15:44:26.531, 308.37, 100, 74232, 77
2026/07/28 15:44:27.566, 289.96, 100, 74232, 77
2026/07/28 15:44:28.602, 280.41, 100, 74232, 77
2026/07/28 15:44:29.637, 283.71, 100, 74232, 77
2026/07/28 15:44:30.673, 267.89, 100, 74232, 77
2026/07/28 15:44:31.708, 306.45, 100, 74232, 77
2026/07/28 15:44:32.749, 300.81, 100, 74232, 75
2026/07/28 15:44:33.786, 300.73, 100, 74232, 75
2026/07/28 15:44:34.823, 301.21, 100, 74232, 75
2026/07/28 15:44:35.860, 300.95, 100, 74232, 75
2026/07/28 15:44:36.897, 301.52, 100, 74232, 75
2026/07/28 15:44:37.936, 308.96, 100, 74232, 76
2026/07/28 15:44:38.975, 300.33, 100, 74232, 75
2026/07/28 15:44:40.013, 308.07, 100, 74232, 76
2026/07/28 15:44:41.050, 297.52, 100, 74232, 75
2026/07/28 15:44:42.088, 297.65, 100, 74232, 75
2026/07/28 15:44:43.129, 297.72, 100, 74232, 75
2026/07/28 15:44:44.167, 298.52, 100, 74232, 75
2026/07/28 15:44:45.203, 298.72, 100, 74232, 75
2026/07/28 15:44:46.241, 297.71, 100, 74232, 75
2026/07/28 15:44:47.279, 297.13, 100, 74232, 75
2026/07/28 15:44:48.316, 299.21, 100, 74232, 75
2026/07/28 15:44:49.354, 299.10, 100, 74232, 75
2026/07/28 15:44:50.390, 299.10, 100, 74232, 75
2026/07/28 15:44:51.428, 296.67, 100, 74232, 75
2026/07/28 15:44:52.465, 297.84, 100, 74232, 75
2026/07/28 15:44:53.502, 298.89, 100, 74232, 75
2026/07/28 15:44:54.539, 297.22, 100, 74232, 75
2026/07/28 15:44:55.576, 298.50, 100, 74232, 75
2026/07/28 15:44:56.612, 295.42, 100, 74232, 75
2026/07/28 15:44:57.649, 298.02, 100, 74232, 75
2026/07/28 15:44:58.687, 298.81, 100, 74232, 75
2026/07/28 15:44:59.724, 299.84, 100, 74232, 75
2026/07/28 15:45:00.761, 296.46, 100, 74232, 75
2026/07/28 15:45:01.798, 296.93, 100, 74232, 75
2026/07/28 15:45:02.836, 298.29, 100, 74232, 75
2026/07/28 15:45:03.873, 297.23, 100, 74232, 75
2026/07/28 15:45:04.910, 302.45, 100, 74232, 75
2026/07/28 15:45:05.947, 296.06, 100, 74232, 75
2026/07/28 15:45:06.984, 293.93, 100, 74232, 75
2026/07/28 15:45:08.021, 292.78, 100, 74232, 75
2026/07/28 15:45:09.058, 297.53, 100, 74232, 75
2026/07/28 15:45:10.095, 296.94, 100, 74232, 75
2026/07/28 15:45:11.133, 296.84, 100, 74232, 75
2026/07/28 15:45:12.171, 297.13, 100, 74232, 75
2026/07/28 15:45:13.211, 296.76, 100, 74232, 75
2026/07/28 15:45:14.250, 298.96, 100, 74232, 75
2026/07/28 15:45:15.288, 296.96, 100, 74232, 75
2026/07/28 15:45:16.326, 297.90, 100, 74232, 75
2026/07/28 15:45:17.363, 298.11, 100, 74232, 75
2026/07/28 15:45:18.403, 297.31, 100, 74232, 75
2026/07/28 15:45:19.441, 297.50, 100, 74232, 75
2026/07/28 15:45:20.478, 298.86, 100, 74232, 75
2026/07/28 15:45:21.520, 297.80, 100, 74232, 75
2026/07/28 15:45:22.558, 298.10, 100, 74232, 75
2026/07/28 15:45:23.595, 306.64, 100, 74232, 75
2026/07/28 15:45:24.635, 298.29, 100, 74232, 75
2026/07/28 15:45:25.674, 297.70, 100, 74232, 74
2026/07/28 15:45:26.712, 300.23, 100, 74232, 74
2026/07/28 15:45:27.750, 300.40, 100, 74232, 74
2026/07/28 15:45:28.787, 298.59, 100, 74232, 74
2026/07/28 15:45:29.825, 303.51, 100, 74232, 74
2026/07/28 15:45:30.861, 304.17, 100, 74232, 74
2026/07/28 15:45:31.898, 295.96, 100, 74232, 74
2026/07/28 15:45:32.936, 299.37, 100, 74232, 74
2026/07/28 15:45:33.977, 304.97, 100, 74232, 74
2026/07/28 15:45:35.014, 296.85, 100, 74232, 74
2026/07/28 15:45:36.051, 294.62, 100, 74232, 74
2026/07/28 15:45:37.089, 297.12, 100, 74232, 74
2026/07/28 15:45:38.126, 301.49, 100, 74232, 74
2026/07/28 15:45:39.165, 301.47, 100, 74232, 73
2026/07/28 15:45:40.202, 303.98, 100, 74232, 73
2026/07/28 15:45:41.240, 296.05, 100, 74232, 73
2026/07/28 15:45:42.277, 291.13, 100, 74232, 73
2026/07/28 15:45:43.319, 292.38, 100, 74232, 73
2026/07/28 15:45:44.357, 294.80, 100, 74232, 73
2026/07/28 15:45:45.395, 302.84, 100, 74232, 73
2026/07/28 15:45:46.433, 304.72, 100, 74232, 73
2026/07/28 15:45:47.472, 302.55, 100, 74232, 73
2026/07/28 15:45:48.510, 300.52, 100, 74232, 73
2026/07/28 15:45:49.547, 303.14, 100, 74232, 73
2026/07/28 15:45:50.585, 302.35, 100, 74232, 73
2026/07/28 15:45:51.623, 300.32, 100, 74232, 73
2026/07/28 15:45:52.660, 304.31, 100, 74232, 73
2026/07/28 15:45:53.698, 303.30, 100, 74232, 73
2026/07/28 15:45:54.735, 300.71, 100, 74232, 73
2026/07/28 15:45:55.773, 303.22, 100, 74232, 73
2026/07/28 15:45:56.810, 298.47, 100, 74232, 73
2026/07/28 15:45:57.848, 297.42, 100, 74232, 73
2026/07/28 15:45:58.884, 293.36, 100, 74232, 72
2026/07/28 15:45:59.922, 292.89, 100, 74232, 72
2026/07/28 15:46:00.964, 290.34, 100, 74232, 72
2026/07/28 15:46:02.002, 293.26, 100, 74232, 72
2026/07/28 15:46:03.039, 292.29, 100, 74232, 72
2026/07/28 15:46:04.077, 293.28, 100, 74232, 72
2026/07/28 15:46:05.114, 300.53, 100, 74232, 72
2026/07/28 15:46:06.154, 296.37, 100, 74232, 72
2026/07/28 15:46:07.195, 299.76, 100, 74232, 72
2026/07/28 15:46:08.234, 299.69, 100, 74232, 72
2026/07/28 15:46:09.278, 299.85, 100, 74232, 72
2026/07/28 15:46:10.317, 309.06, 100, 74232, 72
2026/07/28 15:46:11.354, 300.92, 100, 74232, 72
2026/07/28 15:46:12.394, 298.78, 100, 74232, 71
2026/07/28 15:46:13.433, 299.56, 100, 74232, 71
2026/07/28 15:46:14.472, 299.76, 100, 74232, 71
2026/07/28 15:46:15.508, 299.86, 100, 74232, 71
2026/07/28 15:46:16.546, 436.83, 72, 74232, 73
2026/07/28 15:46:17.582, 295.01, 100, 74232, 73
2026/07/28 15:46:18.619, 288.80, 100, 74232, 73
2026/07/28 15:46:19.654, 311.64, 100, 74232, 73
2026/07/28 15:46:20.691, 294.60, 100, 74232, 73
2026/07/28 15:46:21.727, 313.12, 100, 74232, 73
2026/07/28 15:46:22.767, 296.77, 100, 74232, 73
2026/07/28 15:46:23.801, 299.31, 100, 74232, 71
2026/07/28 15:46:24.839, 299.47, 100, 74232, 71
2026/07/28 15:46:25.877, 300.95, 100, 74232, 71
2026/07/28 15:46:26.915, 300.24, 100, 74232, 71
2026/07/28 15:46:27.951, 300.71, 100, 74232, 71
2026/07/28 15:46:28.993, 300.93, 100, 74232, 71
2026/07/28 15:46:30.031, 298.12, 41, 74232, 73
2026/07/28 15:46:31.068, 315.35, 100, 74232, 73
2026/07/28 15:46:32.103, 292.97, 100, 74232, 73
2026/07/28 15:46:33.139, 285.29, 100, 74232, 73
2026/07/28 15:46:34.175, 299.27, 100, 74232, 74
2026/07/28 15:46:35.210, 296.80, 100, 74232, 74
2026/07/28 15:46:36.252, 308.17, 100, 74232, 74
2026/07/28 15:46:37.288, 302.00, 100, 74232, 72
2026/07/28 15:46:38.326, 301.79, 100, 74232, 72
2026/07/28 15:46:39.364, 303.36, 100, 74232, 72
2026/07/28 15:46:40.401, 302.38, 100, 74232, 73
2026/07/28 15:46:41.438, 249.90, 100, 74232, 72
2026/07/28 15:46:42.479, 292.78, 100, 74232, 73
2026/07/28 15:46:43.520, 292.48, 100, 74232, 73
2026/07/28 15:46:44.556, 293.46, 100, 74232, 73
2026/07/28 15:46:45.596, 293.36, 100, 74232, 73
2026/07/28 15:46:46.634, 295.11, 100, 74232, 73
2026/07/28 15:46:47.671, 294.53, 100, 74232, 73
2026/07/28 15:46:48.714, 304.03, 100, 74232, 74
2026/07/28 15:46:49.751, 304.18, 100, 74232, 74
2026/07/28 15:46:50.787, 303.06, 100, 74232, 74
2026/07/28 15:46:51.825, 300.52, 100, 74232, 74
2026/07/28 15:46:52.862, 303.93, 100, 74232, 74
2026/07/28 15:46:53.899, 302.67, 100, 74232, 74
2026/07/28 15:46:54.942, 303.46, 100, 74232, 74
2026/07/28 15:46:55.978, 295.79, 100, 74232, 74
2026/07/28 15:46:57.016, 297.45, 100, 74232, 74
2026/07/28 15:46:58.052, 297.26, 100, 74232, 74
2026/07/28 15:46:59.089, 299.46, 100, 74232, 74
2026/07/28 15:47:00.126, 302.38, 100, 74232, 74
2026/07/28 15:47:01.167, 303.91, 100, 74232, 74
2026/07/28 15:47:02.206, 305.22, 100, 74232, 74
2026/07/28 15:47:03.243, 295.60, 100, 74232, 74
2026/07/28 15:47:04.282, 296.38, 100, 74232, 74
2026/07/28 15:47:05.319, 295.68, 100, 74232, 74
2026/07/28 15:47:06.357, 295.59, 100, 74232, 74
2026/07/28 15:47:07.394, 296.47, 100, 74232, 74
2026/07/28 15:47:08.433, 302.97, 100, 74232, 74
2026/07/28 15:47:09.470, 294.32, 100, 74232, 74
2026/07/28 15:47:10.507, 296.66, 100, 74232, 74
2026/07/28 15:47:11.544, 296.39, 100, 74232, 74
2026/07/28 15:47:12.580, 301.49, 100, 74232, 74
2026/07/28 15:47:13.617, 304.24, 100, 74232, 74
2026/07/28 15:47:14.654, 303.98, 100, 74232, 74
2026/07/28 15:47:15.707, 304.50, 100, 74232, 74
2026/07/28 15:47:16.746, 300.14, 100, 74232, 74
2026/07/28 15:47:17.786, 293.54, 100, 74232, 74
2026/07/28 15:47:18.824, 304.17, 100, 74232, 74
2026/07/28 15:47:19.861, 304.71, 100, 74232, 75
2026/07/28 15:47:20.898, 304.64, 100, 74232, 75
2026/07/28 15:47:21.934, 305.48, 100, 74232, 75
2026/07/28 15:47:22.971, 305.29, 100, 74232, 75
2026/07/28 15:47:24.008, 304.21, 100, 74232, 75
2026/07/28 15:47:25.045, 306.92, 100, 74232, 75
2026/07/28 15:47:26.084, 299.28, 100, 74232, 75
2026/07/28 15:47:27.121, 296.96, 100, 74232, 75
2026/07/28 15:47:28.158, 306.36, 100, 74232, 75
2026/07/28 15:47:29.195, 295.10, 100, 74232, 74
2026/07/28 15:47:30.231, 296.95, 100, 74232, 75
2026/07/28 15:47:31.269, 300.13, 100, 74232, 75
2026/07/28 15:47:32.305, 297.92, 100, 74232, 75
2026/07/28 15:47:33.342, 298.12, 100, 74232, 75
2026/07/28 15:47:34.379, 296.27, 100, 74232, 75
2026/07/28 15:47:35.419, 297.53, 100, 74232, 75
2026/07/28 15:47:36.456, 298.42, 100, 74232, 75
2026/07/28 15:47:37.494, 299.84, 100, 74232, 75
2026/07/28 15:47:38.534, 298.10, 100, 74232, 75
2026/07/28 15:47:39.570, 296.38, 100, 74232, 75
2026/07/28 15:47:40.608, 298.19, 100, 74232, 75
2026/07/28 15:47:41.647, 297.33, 100, 74232, 75
2026/07/28 15:47:42.685, 294.61, 100, 74232, 75
2026/07/28 15:47:43.724, 297.63, 100, 74232, 75
2026/07/28 15:47:44.762, 297.04, 100, 74232, 75
2026/07/28 15:47:45.800, 296.18, 100, 74232, 75
2026/07/28 15:47:46.839, 301.22, 100, 74232, 75
2026/07/28 15:47:47.879, 304.52, 100, 74232, 75
2026/07/28 15:47:48.919, 297.35, 100, 74232, 75
2026/07/28 15:47:49.956, 297.04, 100, 74232, 75
2026/07/28 15:47:50.995, 297.32, 100, 74232, 74
2026/07/28 15:47:52.033, 296.87, 100, 74232, 74
2026/07/28 15:47:53.071, 295.80, 100, 74232, 74
2026/07/28 15:47:54.113, 295.59, 100, 74232, 74
2026/07/28 15:47:55.151, 297.13, 100, 74232, 74
2026/07/28 15:47:56.188, 297.13, 100, 74232, 74
2026/07/28 15:47:57.227, 301.51, 100, 74232, 74
2026/07/28 15:47:58.265, 301.98, 100, 74232, 74
2026/07/28 15:47:59.304, 301.31, 100, 74232, 74
2026/07/28 15:48:00.341, 302.77, 100, 74232, 74
2026/07/28 15:48:01.379, 300.49, 100, 74232, 74
2026/07/28 15:48:02.416, 292.97, 100, 74232, 74
2026/07/28 15:48:03.453, 297.91, 100, 74232, 74
2026/07/28 15:48:04.492, 299.17, 100, 74232, 74
2026/07/28 15:48:05.532, 296.56, 100, 74232, 74
2026/07/28 15:48:06.569, 297.54, 100, 74232, 74
2026/07/28 15:48:07.607, 297.66, 100, 74232, 74
2026/07/28 15:48:08.645, 296.65, 100, 74232, 74
2026/07/28 15:48:09.684, 295.41, 100, 74232, 74
2026/07/28 15:48:10.721, 296.17, 100, 74232, 74
2026/07/28 15:48:11.759, 296.75, 100, 74232, 74
2026/07/28 15:48:12.797, 298.20, 100, 74232, 74
2026/07/28 15:48:13.834, 297.72, 100, 74232, 74
2026/07/28 15:48:14.872, 296.64, 100, 74232, 74
2026/07/28 15:48:15.910, 296.27, 100, 74232, 74
2026/07/28 15:48:16.948, 297.53, 100, 74232, 74
2026/07/28 15:48:17.986, 304.70, 100, 74232, 75
2026/07/28 15:48:19.022, 305.97, 100, 74232, 75
2026/07/28 15:48:20.061, 301.04, 100, 74232, 75
2026/07/28 15:48:21.099, 303.84, 100, 74232, 75
2026/07/28 15:48:22.137, 305.02, 100, 74232, 75
2026/07/28 15:48:23.178, 305.86, 100, 74232, 75
2026/07/28 15:48:24.214, 304.80, 100, 74232, 75
2026/07/28 15:48:25.254, 300.17, 100, 74232, 74
2026/07/28 15:48:26.293, 304.11, 100, 74232, 75
2026/07/28 15:48:27.336, 296.36, 100, 74232, 74
2026/07/28 15:48:28.374, 293.17, 100, 74232, 74
2026/07/28 15:48:29.413, 296.75, 100, 74232, 74
2026/07/28 15:48:30.451, 292.18, 75, 74232, 76
2026/07/28 15:48:31.485, 302.25, 100, 74232, 76
2026/07/28 15:48:32.521, 284.55, 100, 74232, 76
2026/07/28 15:48:33.557, 299.76, 100, 74232, 76
2026/07/28 15:48:34.593, 298.48, 100, 74232, 76
2026/07/28 15:48:35.629, 290.83, 100, 74232, 76
2026/07/28 15:48:36.665, 305.13, 100, 74232, 75
2026/07/28 15:48:37.703, 306.43, 100, 74232, 75
2026/07/28 15:48:38.748, 297.53, 100, 74232, 75
2026/07/28 15:48:39.786, 298.14, 100, 74232, 74
2026/07/28 15:48:40.823, 103.96, 50, 74232, 72
2026/07/28 15:48:41.856, 287.20, 100, 74232, 76
2026/07/28 15:48:42.890, 303.64, 100, 74232, 76
2026/07/28 15:48:43.925, 274.77, 100, 74232, 76
2026/07/28 15:48:44.960, 300.85, 100, 74232, 76
2026/07/28 15:48:45.995, 312.24, 100, 74232, 76
2026/07/28 15:48:47.030, 287.61, 100, 74232, 76
2026/07/28 15:48:48.071, 289.07, 100, 74232, 74
2026/07/28 15:48:49.109, 289.09, 100, 74232, 74
2026/07/28 15:48:50.148, 296.88, 100, 74232, 74
2026/07/28 15:48:51.187, 297.23, 100, 74232, 74
2026/07/28 15:48:52.225, 275.98, 100, 74232, 76
2026/07/28 15:48:53.263, 292.32, 100, 74232, 76
2026/07/28 15:48:54.298, 293.87, 100, 74232, 76
2026/07/28 15:48:55.334, 289.59, 100, 74232, 76
2026/07/28 15:48:56.369, 259.76, 100, 74232, 76
2026/07/28 15:48:57.404, 298.12, 100, 74232, 74
2026/07/28 15:48:58.441, 288.80, 100, 74232, 74
2026/07/28 15:48:59.480, 296.96, 100, 74232, 74
2026/07/28 15:49:00.518, 297.13, 100, 74232, 74
2026/07/28 15:49:01.556, 297.33, 97, 74232, 76
2026/07/28 15:49:02.592, 292.69, 100, 74232, 76
2026/07/28 15:49:03.626, 292.36, 100, 74232, 76
2026/07/28 15:49:04.661, 303.92, 100, 74232, 76
2026/07/28 15:49:05.695, 300.55, 100, 74232, 76
2026/07/28 15:49:06.728, 294.22, 100, 74232, 76
2026/07/28 15:49:07.762, 294.98, 100, 74232, 77
2026/07/28 15:49:08.796, 289.36, 100, 74232, 75
2026/07/28 15:49:09.837, 293.55, 100, 74232, 75
2026/07/28 15:49:10.873, 290.82, 100, 74232, 75
2026/07/28 15:49:11.911, 290.07, 100, 74232, 75
2026/07/28 15:49:12.949, 298.89, 100, 74232, 75
2026/07/28 15:49:13.986, 296.95, 100, 74232, 75
2026/07/28 15:49:15.023, 298.10, 100, 74232, 75
2026/07/28 15:49:16.061, 296.85, 100, 74232, 75
2026/07/28 15:49:17.102, 299.41, 100, 74232, 75
2026/07/28 15:49:18.139, 300.85, 100, 74232, 75
2026/07/28 15:49:19.174, 298.61, 100, 74232, 75
2026/07/28 15:49:20.211, 298.92, 100, 74232, 75
2026/07/28 15:49:21.246, 299.08, 100, 74232, 75
2026/07/28 15:49:22.284, 299.36, 100, 74232, 75
2026/07/28 15:49:23.322, 298.01, 100, 74232, 75
2026/07/28 15:49:24.358, 298.99, 100, 74232, 75
2026/07/28 15:49:25.396, 299.58, 100, 74232, 75
2026/07/28 15:49:26.431, 298.62, 100, 74232, 75
2026/07/28 15:49:27.469, 299.68, 100, 74232, 75
2026/07/28 15:49:28.506, 298.24, 100, 74232, 75
2026/07/28 15:49:29.542, 298.68, 100, 74232, 75
2026/07/28 15:49:30.579, 298.42, 100, 74232, 75
2026/07/28 15:49:31.616, 299.19, 100, 74232, 75
2026/07/28 15:49:32.654, 299.77, 100, 74232, 75
2026/07/28 15:49:33.692, 298.70, 100, 74232, 75
2026/07/28 15:49:34.728, 300.04, 100, 74232, 75
2026/07/28 15:49:35.766, 298.41, 100, 74232, 75
2026/07/28 15:49:36.803, 299.61, 100, 74232, 75
2026/07/28 15:49:37.842, 298.98, 100, 74232, 75
2026/07/28 15:49:38.878, 298.62, 100, 74232, 75
2026/07/28 15:49:39.916, 298.51, 100, 74232, 75
2026/07/28 15:49:40.956, 298.59, 100, 74232, 75
2026/07/28 15:49:41.993, 297.21, 100, 74232, 75
2026/07/28 15:49:43.029, 298.21, 100, 74232, 75
2026/07/28 15:49:44.066, 305.96, 100, 74232, 75
2026/07/28 15:49:45.102, 300.22, 100, 74232, 75
2026/07/28 15:49:46.140, 292.49, 85, 74232, 76
2026/07/28 15:49:47.174, 299.70, 100, 74232, 76
2026/07/28 15:49:48.207, 297.81, 100, 74232, 76
2026/07/28 15:49:49.244, 282.20, 100, 74232, 76
2026/07/28 15:49:50.279, 287.26, 100, 74232, 76
2026/07/28 15:49:51.313, 276.13, 100, 74232, 76
2026/07/28 15:49:52.347, 303.83, 100, 74232, 76
2026/07/28 15:49:53.384, 305.41, 100, 74232, 75
2026/07/28 15:49:54.420, 309.03, 100, 74232, 75
2026/07/28 15:49:55.459, 305.09, 100, 74232, 75
2026/07/28 15:49:56.495, 303.46, 100, 74232, 75
2026/07/28 15:49:57.533, 297.50, 100, 74232, 75
2026/07/28 15:49:58.569, 306.27, 100, 74232, 75
2026/07/28 15:49:59.611, 297.92, 100, 74232, 75
2026/07/28 15:50:00.648, 298.09, 100, 74232, 73
2026/07/28 15:50:01.680, 300.05, 100, 74232, 76
2026/07/28 15:50:02.714, 299.38, 100, 74232, 76
2026/07/28 15:50:03.747, 308.62, 100, 74232, 76
2026/07/28 15:50:04.786, 266.08, 100, 74232, 76
2026/07/28 15:50:05.821, 323.84, 100, 74232, 77
2026/07/28 15:50:06.855, 258.29, 100, 74232, 76
2026/07/28 15:50:07.898, 317.14, 100, 74232, 76
2026/07/28 15:50:08.934, 305.77, 100, 74232, 75
2026/07/28 15:50:09.972, 306.03, 100, 74232, 75
2026/07/28 15:50:11.009, 306.12, 100, 74232, 75
2026/07/28 15:50:12.047, 306.61, 100, 74232, 75
2026/07/28 15:50:13.083, 305.06, 100, 74232, 76
2026/07/28 15:50:14.117, 286.85, 100, 74232, 76
2026/07/28 15:50:15.168, 310.50, 100, 74232, 76
2026/07/28 15:50:16.206, 294.54, 100, 74232, 76
2026/07/28 15:50:17.241, 301.98, 100, 74232, 76
2026/07/28 15:50:18.275, 257.20, 100, 74232, 76
2026/07/28 15:50:19.315, 313.09, 100, 74232, 76
2026/07/28 15:50:20.348, 306.52, 100, 74232, 75
2026/07/28 15:50:21.385, 306.33, 100, 74232, 75
2026/07/28 15:50:22.421, 298.21, 100, 74232, 75
2026/07/28 15:50:23.458, 305.63, 100, 74232, 75
2026/07/28 15:50:24.499, 306.12, 100, 74232, 75
2026/07/28 15:50:25.537, 296.18, 100, 74232, 75
2026/07/28 15:50:26.574, 299.05, 100, 74232, 75
2026/07/28 15:50:27.611, 298.58, 100, 74232, 75
2026/07/28 15:50:28.647, 298.80, 100, 74232, 75
2026/07/28 15:50:29.684, 301.01, 100, 74232, 75
2026/07/28 15:50:30.721, 298.97, 100, 74232, 75
2026/07/28 15:50:31.759, 299.08, 100, 74232, 75
2026/07/28 15:50:32.796, 298.76, 100, 74232, 75
2026/07/28 15:50:33.833, 298.48, 100, 74232, 75
2026/07/28 15:50:34.870, 299.47, 100, 74232, 75
2026/07/28 15:50:35.907, 298.58, 100, 74232, 75
2026/07/28 15:50:36.946, 301.68, 100, 74232, 75
2026/07/28 15:50:37.984, 298.01, 100, 74232, 75
2026/07/28 15:50:39.022, 297.54, 100, 74232, 75
2026/07/28 15:50:40.059, 298.90, 100, 74232, 75
2026/07/28 15:50:41.095, 301.38, 100, 74232, 75
2026/07/28 15:50:42.134, 302.16, 100, 74232, 75
2026/07/28 15:50:43.170, 297.69, 100, 74232, 75
2026/07/28 15:50:44.212, 305.45, 100, 74232, 74
2026/07/28 15:50:45.249, 306.32, 100, 74232, 74
2026/07/28 15:50:46.286, 295.67, 100, 74232, 74
2026/07/28 15:50:47.324, 298.40, 100, 74232, 74
2026/07/28 15:50:48.361, 297.23, 100, 74232, 74
2026/07/28 15:50:49.401, 297.43, 100, 74232, 74
2026/07/28 15:50:50.438, 297.64, 100, 74232, 74
2026/07/28 15:50:51.475, 298.50, 100, 74232, 74
2026/07/28 15:50:52.511, 297.64, 100, 74232, 74
2026/07/28 15:50:53.547, 304.42, 100, 74232, 74
2026/07/28 15:50:54.585, 296.75, 100, 74232, 74
2026/07/28 15:50:55.625, 299.55, 100, 74232, 74
2026/07/28 15:50:56.662, 298.98, 100, 74232, 74
2026/07/28 15:50:57.698, 306.47, 100, 74232, 74
2026/07/28 15:50:58.736, 297.91, 100, 74232, 74
2026/07/28 15:50:59.772, 297.74, 100, 74232, 74
2026/07/28 15:51:00.808, 299.60, 100, 74232, 74
2026/07/28 15:51:01.844, 299.68, 100, 74232, 74
2026/07/28 15:51:02.884, 294.24, 100, 74232, 74
2026/07/28 15:51:03.921, 297.07, 100, 74232, 74
2026/07/28 15:51:04.957, 298.02, 100, 74232, 74
2026/07/28 15:51:05.995, 298.40, 100, 74232, 74
2026/07/28 15:51:07.031, 301.99, 100, 74232, 74
2026/07/28 15:51:08.068, 304.50, 100, 74232, 74
2026/07/28 15:51:09.105, 297.72, 100, 74232, 74
2026/07/28 15:51:10.144, 305.18, 100, 74232, 74
2026/07/28 15:51:11.181, 301.83, 100, 74232, 74
2026/07/28 15:51:12.221, 295.59, 100, 74232, 74
2026/07/28 15:51:13.259, 300.82, 100, 74232, 74
2026/07/28 15:51:14.297, 304.99, 100, 74232, 74
2026/07/28 15:51:15.339, 298.00, 100, 74232, 74
2026/07/28 15:51:16.375, 305.19, 100, 74232, 74
2026/07/28 15:51:17.417, 298.32, 100, 74232, 74
2026/07/28 15:51:18.455, 302.95, 100, 74232, 74
2026/07/28 15:51:19.492, 296.88, 100, 74232, 74
2026/07/28 15:51:20.529, 297.05, 100, 74232, 73
2026/07/28 15:51:21.569, 297.13, 100, 74232, 73
2026/07/28 15:51:22.607, 295.98, 100, 74232, 73
2026/07/28 15:51:23.645, 304.12, 100, 74232, 73
2026/07/28 15:51:24.683, 299.48, 100, 74232, 73
2026/07/28 15:51:25.724, 99.76, 0, 74232, 70
2026/07/28 15:51:26.757, 299.11, 100, 74232, 72
2026/07/28 15:51:27.793, 294.90, 100, 74232, 72
2026/07/28 15:51:28.830, 300.04, 100, 74232, 72
2026/07/28 15:51:29.867, 296.65, 100, 74232, 72
2026/07/28 15:51:30.907, 297.71, 100, 74232, 72
2026/07/28 15:51:31.943, 303.67, 100, 74232, 72
2026/07/28 15:51:32.980, 296.45, 100, 74232, 72
2026/07/28 15:51:34.017, 300.34, 100, 74232, 72
2026/07/28 15:51:35.053, 301.05, 100, 74232, 73
2026/07/28 15:51:36.092, 302.50, 100, 74232, 73
2026/07/28 15:51:37.130, 300.35, 100, 74232, 73
2026/07/28 15:51:38.168, 300.44, 100, 74232, 73
2026/07/28 15:51:39.205, 301.99, 100, 74232, 73
2026/07/28 15:51:40.243, 304.26, 100, 74232, 73
2026/07/28 15:51:41.280, 301.88, 100, 74232, 73
2026/07/28 15:51:42.318, 301.64, 100, 74232, 73
2026/07/28 15:51:43.356, 303.54, 100, 74232, 73
2026/07/28 15:51:44.393, 303.36, 100, 74232, 73
2026/07/28 15:51:45.430, 305.42, 100, 74232, 73
2026/07/28 15:51:46.467, 295.59, 100, 74232, 73
2026/07/28 15:51:47.505, 295.10, 100, 74232, 73
2026/07/28 15:51:48.544, 291.71, 100, 74232, 73
2026/07/28 15:51:49.583, 295.42, 100, 74232, 73
2026/07/28 15:51:50.622, 296.08, 100, 74232, 73
2026/07/28 15:51:51.660, 297.43, 100, 74232, 73
2026/07/28 15:51:52.697, 295.58, 100, 74232, 73
2026/07/28 15:51:53.733, 294.52, 100, 74232, 73
2026/07/28 15:51:54.771, 296.49, 100, 74232, 73
2026/07/28 15:51:55.808, 295.11, 100, 74232, 73
2026/07/28 15:51:56.847, 296.67, 100, 74232, 73
2026/07/28 15:51:57.883, 294.34, 100, 74232, 73
2026/07/28 15:51:58.922, 295.29, 100, 74232, 73
2026/07/28 15:51:59.959, 305.29, 100, 74232, 73
2026/07/28 15:52:00.996, 302.96, 100, 74232, 73
2026/07/28 15:52:02.032, 305.46, 100, 74232, 73
2026/07/28 15:52:03.068, 298.71, 100, 74232, 73
2026/07/28 15:52:04.106, 303.77, 100, 74232, 73
2026/07/28 15:52:05.146, 301.48, 100, 74232, 73
2026/07/28 15:52:06.184, 304.51, 100, 74232, 73
2026/07/28 15:52:07.221, 296.07, 100, 74232, 73
2026/07/28 15:52:08.260, 296.56, 100, 74232, 73
2026/07/28 15:52:09.296, 294.80, 100, 74232, 73
2026/07/28 15:52:10.335, 296.74, 100, 74232, 73
2026/07/28 15:52:11.372, 302.27, 100, 74232, 73
2026/07/28 15:52:12.411, 303.45, 100, 74232, 74
2026/07/28 15:52:13.447, 297.04, 100, 74232, 73
2026/07/28 15:52:14.484, 290.93, 100, 74232, 73
2026/07/28 15:52:15.520, 291.90, 100, 74232, 73
2026/07/28 15:52:16.558, 296.76, 100, 74232, 73
2026/07/28 15:52:17.596, 294.23, 100, 74232, 73
2026/07/28 15:52:18.633, 295.10, 100, 74232, 73
2026/07/28 15:52:19.672, 291.90, 100, 74232, 73
2026/07/28 15:52:20.710, 302.39, 100, 74232, 73
2026/07/28 15:52:21.749, 302.79, 100, 74232, 74
2026/07/28 15:52:22.786, 301.80, 100, 74232, 73
2026/07/28 15:52:23.822, 295.90, 100, 74232, 73
2026/07/28 15:52:24.858, 295.20, 100, 74232, 73
2026/07/28 15:52:25.900, 296.75, 100, 74232, 73
2026/07/28 15:52:26.936, 297.94, 100, 74232, 73
2026/07/28 15:52:27.974, 300.75, 100, 74232, 74
2026/07/28 15:52:29.011, 300.95, 100, 74232, 74
2026/07/28 15:52:30.051, 300.80, 100, 74232, 74
2026/07/28 15:52:31.088, 301.61, 100, 74232, 74
2026/07/28 15:52:32.125, 301.79, 100, 74232, 74
2026/07/28 15:52:33.165, 298.43, 100, 74232, 74
2026/07/28 15:52:34.203, 298.79, 100, 74232, 74
2026/07/28 15:52:35.241, 299.28, 100, 74232, 74
2026/07/28 15:52:36.283, 292.98, 100, 74232, 74
2026/07/28 15:52:37.320, 300.52, 100, 74232, 74
2026/07/28 15:52:38.358, 305.08, 100, 74232, 74
2026/07/28 15:52:39.394, 303.25, 100, 74232, 74
2026/07/28 15:52:40.431, 301.88, 100, 74232, 74
2026/07/28 15:52:41.468, 305.51, 100, 74232, 74
2026/07/28 15:52:42.505, 296.19, 100, 74232, 74
2026/07/28 15:52:43.545, 294.93, 100, 74232, 74
2026/07/28 15:52:44.582, 294.53, 100, 74232, 74
2026/07/28 15:52:45.621, 298.50, 100, 74232, 74
2026/07/28 15:52:46.658, 292.30, 100, 74232, 74
2026/07/28 15:52:47.696, 296.76, 100, 74232, 74
2026/07/28 15:52:48.733, 298.02, 100, 74232, 74
2026/07/28 15:52:49.768, 295.21, 100, 74232, 74
2026/07/28 15:52:50.806, 295.21, 100, 74232, 74
2026/07/28 15:52:51.842, 297.90, 72, 74232, 75
2026/07/28 15:52:52.876, 290.54, 100, 74232, 75
2026/07/28 15:52:53.911, 296.15, 100, 74232, 75
2026/07/28 15:52:54.945, 272.59, 100, 74232, 75
2026/07/28 15:52:55.979, 294.65, 100, 74232, 75
2026/07/28 15:52:57.013, 298.88, 100, 74232, 75
2026/07/28 15:52:58.055, 305.19, 100, 74232, 74
2026/07/28 15:52:59.092, 303.93, 100, 74232, 74
2026/07/28 15:53:00.129, 304.02, 100, 74232, 74
2026/07/28 15:53:01.166, 289.36, 100, 74232, 74
2026/07/28 15:53:02.203, 287.49, 100, 74232, 74
2026/07/28 15:53:03.240, 288.11, 100, 74232, 74
2026/07/28 15:53:04.276, 291.32, 100, 74232, 74
2026/07/28 15:53:05.315, 285.18, 100, 74232, 74
2026/07/28 15:53:06.351, 287.49, 100, 74232, 74
2026/07/28 15:53:07.388, 285.86, 100, 74232, 74
2026/07/28 15:53:08.425, 296.75, 100, 74232, 74
2026/07/28 15:53:09.462, 234.94, 100, 74232, 75
2026/07/28 15:53:10.495, 301.93, 100, 74232, 76
2026/07/28 15:53:11.530, 293.27, 100, 74232, 76
2026/07/28 15:53:12.565, 301.35, 100, 74232, 76
2026/07/28 15:53:13.598, 312.66, 100, 74232, 76
2026/07/28 15:53:14.631, 277.64, 100, 74232, 76
2026/07/28 15:53:15.665, 280.92, 100, 74232, 74
2026/07/28 15:53:16.703, 292.78, 100, 74232, 74
2026/07/28 15:53:17.739, 296.95, 100, 74232, 74
2026/07/28 15:53:18.776, 294.15, 100, 74232, 74
2026/07/28 15:53:19.812, 301.53, 100, 74232, 74
2026/07/28 15:53:20.850, 297.63, 100, 74232, 74
2026/07/28 15:53:21.886, 293.94, 100, 74232, 74
2026/07/28 15:53:22.923, 304.91, 100, 74232, 75
2026/07/28 15:53:23.960, 297.14, 100, 74232, 74
2026/07/28 15:53:24.996, 297.73, 100, 74232, 74
2026/07/28 15:53:26.032, 298.12, 100, 74232, 74
2026/07/28 15:53:27.069, 297.17, 100, 74232, 74
2026/07/28 15:53:28.108, 298.86, 100, 74232, 74
2026/07/28 15:53:29.145, 297.99, 100, 74232, 75
2026/07/28 15:53:30.184, 297.85, 100, 74232, 74
2026/07/28 15:53:31.222, 298.38, 100, 74232, 75
2026/07/28 15:53:32.259, 301.77, 100, 74232, 75
2026/07/28 15:53:33.297, 306.89, 100, 74232, 75
2026/07/28 15:53:34.334, 305.36, 100, 74232, 75
2026/07/28 15:53:35.376, 302.83, 100, 74232, 74
2026/07/28 15:53:36.414, 294.23, 100, 74232, 74
2026/07/28 15:53:37.450, 297.31, 100, 74232, 74
2026/07/28 15:53:38.488, 297.54, 100, 74232, 74
2026/07/28 15:53:39.524, 296.09, 100, 74232, 74
2026/07/28 15:53:40.561, 298.01, 100, 74232, 74
2026/07/28 15:53:41.599, 297.22, 100, 74232, 74
2026/07/28 15:53:42.636, 297.62, 100, 74232, 74
2026/07/28 15:53:43.673, 298.29, 100, 74232, 74
2026/07/28 15:53:44.709, 297.25, 100, 74232, 74
2026/07/28 15:53:45.748, 297.44, 100, 74232, 74
2026/07/28 15:53:46.785, 304.24, 100, 74232, 74
2026/07/28 15:53:47.829, 385.05, 0, 74232, 76
2026/07/28 15:53:48.868, 291.36, 100, 74232, 75
2026/07/28 15:53:49.904, 300.90, 100, 74232, 75
2026/07/28 15:53:50.938, 289.67, 100, 74232, 76
2026/07/28 15:53:51.972, 322.38, 100, 74232, 75
2026/07/28 15:53:53.009, 294.73, 100, 74232, 75
2026/07/28 15:53:54.045, 294.64, 100, 74232, 74
2026/07/28 15:53:55.082, 290.64, 100, 74232, 74
2026/07/28 15:53:56.119, 289.28, 100, 74232, 74
2026/07/28 15:53:57.157, 296.56, 100, 74232, 74
2026/07/28 15:53:58.195, 299.27, 100, 74232, 74
2026/07/28 15:53:59.235, 308.77, 100, 74232, 75
2026/07/28 15:54:00.271, 293.05, 100, 74232, 76
2026/07/28 15:54:01.308, 305.67, 100, 74232, 76
2026/07/28 15:54:02.344, 307.29, 100, 74232, 76
2026/07/28 15:54:03.380, 293.66, 100, 74232, 76
2026/07/28 15:54:04.415, 301.11, 100, 74232, 76
2026/07/28 15:54:05.449, 305.83, 100, 74232, 74
2026/07/28 15:54:06.490, 298.87, 100, 74232, 74
2026/07/28 15:54:07.529, 297.53, 100, 74232, 74
2026/07/28 15:54:08.566, 290.84, 100, 74232, 74
2026/07/28 15:54:09.603, 296.37, 100, 74232, 74
2026/07/28 15:54:10.639, 297.89, 100, 74232, 75
2026/07/28 15:54:11.677, 291.33, 100, 74232, 74
2026/07/28 15:54:12.715, 302.23, 100, 74232, 76
2026/07/28 15:54:13.752, 304.48, 100, 74232, 76
2026/07/28 15:54:14.786, 294.04, 100, 74232, 77
2026/07/28 15:54:15.820, 289.38, 100, 74232, 76
2026/07/28 15:54:16.858, 279.37, 100, 74232, 76
2026/07/28 15:54:17.895, 277.01, 100, 74232, 76
2026/07/28 15:54:18.929, 294.52, 100, 74232, 75
2026/07/28 15:54:19.967, 296.56, 100, 74232, 75
2026/07/28 15:54:21.005, 295.59, 100, 74232, 75
2026/07/28 15:54:22.049, 296.83, 100, 74232, 75
2026/07/28 15:54:23.086, 297.42, 100, 74232, 75
2026/07/28 15:54:24.123, 298.88, 100, 74232, 75
2026/07/28 15:54:25.162, 300.20, 100, 74232, 75
2026/07/28 15:54:26.200, 299.57, 100, 74232, 75
2026/07/28 15:54:27.236, 298.09, 100, 74232, 75
2026/07/28 15:54:28.274, 298.96, 100, 74232, 75
2026/07/28 15:54:29.310, 300.81, 100, 74232, 75
2026/07/28 15:54:30.347, 298.87, 100, 74232, 75
2026/07/28 15:54:31.384, 299.45, 100, 74232, 75
2026/07/28 15:54:32.421, 298.20, 100, 74232, 75
2026/07/28 15:54:33.459, 298.73, 100, 74232, 75
2026/07/28 15:54:34.495, 298.19, 100, 74232, 75
2026/07/28 15:54:35.531, 299.08, 100, 74232, 75
2026/07/28 15:54:36.569, 298.20, 100, 74232, 75
2026/07/28 15:54:37.607, 298.10, 100, 74232, 75
2026/07/28 15:54:38.647, 297.99, 100, 74232, 75
2026/07/28 15:54:39.685, 298.67, 100, 74232, 75
2026/07/28 15:54:40.721, 300.45, 100, 74232, 75
2026/07/28 15:54:41.759, 298.78, 100, 74232, 75
2026/07/28 15:54:42.795, 300.72, 100, 74232, 75
2026/07/28 15:54:43.832, 298.11, 100, 74232, 75
2026/07/28 15:54:44.869, 300.23, 100, 74232, 75
2026/07/28 15:54:45.909, 297.92, 100, 74232, 75
2026/07/28 15:54:46.947, 297.55, 100, 74232, 75
2026/07/28 15:54:47.984, 296.73, 100, 74232, 75
2026/07/28 15:54:49.022, 298.02, 100, 74232, 75
2026/07/28 15:54:50.059, 297.14, 100, 74232, 75
2026/07/28 15:54:51.097, 298.50, 100, 74232, 75
2026/07/28 15:54:52.133, 299.69, 100, 74232, 75
2026/07/28 15:54:53.170, 297.54, 100, 74232, 75
2026/07/28 15:54:54.207, 297.54, 100, 74232, 75
2026/07/28 15:54:55.251, 304.79, 100, 74232, 75
2026/07/28 15:54:56.287, 300.93, 100, 74232, 75
2026/07/28 15:54:57.325, 305.77, 100, 74232, 74
2026/07/28 15:54:58.365, 298.41, 100, 74232, 75
2026/07/28 15:54:59.401, 305.32, 100, 74232, 74
2026/07/28 15:55:00.438, 298.21, 100, 74232, 74
2026/07/28 15:55:01.475, 304.95, 100, 74232, 74
2026/07/28 15:55:02.511, 305.88, 100, 74232, 74
2026/07/28 15:55:03.556, 305.00, 100, 74232, 74
2026/07/28 15:55:04.594, 297.53, 100, 74232, 74
2026/07/28 15:55:05.630, 298.32, 100, 74232, 74
2026/07/28 15:55:06.670, 298.01, 100, 74232, 74
2026/07/28 15:55:07.707, 297.54, 100, 74232, 74
2026/07/28 15:55:08.748, 300.62, 100, 74232, 74
2026/07/28 15:55:09.786, 297.72, 100, 74232, 74
2026/07/28 15:55:10.824, 298.97, 100, 74232, 74
2026/07/28 15:55:11.861, 297.63, 100, 74232, 74
2026/07/28 15:55:12.899, 297.73, 100, 74232, 74
2026/07/28 15:55:13.936, 305.57, 100, 74232, 74
2026/07/28 15:55:14.974, 294.54, 100, 74232, 74
2026/07/28 15:55:16.012, 294.83, 100, 74232, 74
2026/07/28 15:55:17.050, 298.02, 100, 74232, 74
2026/07/28 15:55:18.088, 304.93, 100, 74232, 74
2026/07/28 15:55:19.125, 299.46, 100, 74232, 74
2026/07/28 15:55:20.165, 300.83, 100, 74232, 74
2026/07/28 15:55:21.202, 297.84, 100, 74232, 74
2026/07/28 15:55:22.238, 294.32, 100, 74232, 74
2026/07/28 15:55:23.277, 296.97, 100, 74232, 74
2026/07/28 15:55:24.313, 305.09, 100, 74232, 74
2026/07/28 15:55:25.353, 296.96, 100, 74232, 74
2026/07/28 15:55:26.391, 299.10, 100, 74232, 74
2026/07/28 15:55:27.427, 296.96, 100, 74232, 74
2026/07/28 15:55:28.464, 299.51, 100, 74232, 74
2026/07/28 15:55:29.501, 296.67, 100, 74232, 74
2026/07/28 15:55:30.539, 299.56, 100, 74232, 74
2026/07/28 15:55:31.576, 296.47, 100, 74232, 74
2026/07/28 15:55:32.613, 297.26, 100, 74232, 74
2026/07/28 15:55:33.650, 296.67, 100, 74232, 74
2026/07/28 15:55:34.687, 299.57, 100, 74232, 74
2026/07/28 15:55:35.724, 295.98, 100, 74232, 74
2026/07/28 15:55:36.762, 297.35, 100, 74232, 74
2026/07/28 15:55:37.800, 296.45, 100, 74232, 74
2026/07/28 15:55:38.837, 298.22, 100, 74232, 74
2026/07/28 15:55:39.874, 298.13, 100, 74232, 74
2026/07/28 15:55:40.911, 298.73, 100, 74232, 74
2026/07/28 15:55:41.947, 298.11, 100, 74232, 74
2026/07/28 15:55:42.984, 297.62, 100, 74232, 74
2026/07/28 15:55:44.021, 297.06, 100, 74232, 74
2026/07/28 15:55:45.061, 296.67, 100, 74232, 74
2026/07/28 15:55:46.098, 296.97, 100, 74232, 74
2026/07/28 15:55:47.135, 299.28, 100, 74232, 74
2026/07/28 15:55:48.172, 297.33, 100, 74232, 74
2026/07/28 15:55:49.210, 304.42, 100, 74232, 74
2026/07/28 15:55:50.246, 298.90, 100, 74232, 74
2026/07/28 15:55:51.284, 296.94, 100, 74232, 74
2026/07/28 15:55:52.321, 297.14, 100, 74232, 74
2026/07/28 15:55:53.364, 298.22, 100, 74232, 74
2026/07/28 15:55:54.402, 303.25, 100, 74232, 74
2026/07/28 15:55:55.439, 298.23, 100, 74232, 74
2026/07/28 15:55:56.476, 298.10, 100, 74232, 74
2026/07/28 15:55:57.516, 299.00, 100, 74232, 74
2026/07/28 15:55:58.555, 297.65, 100, 74232, 74
2026/07/28 15:55:59.591, 298.00, 100, 74232, 74
2026/07/28 15:56:00.628, 298.21, 100, 74232, 74
2026/07/28 15:56:01.665, 297.66, 100, 74232, 74
2026/07/28 15:56:02.703, 297.46, 100, 74232, 74
2026/07/28 15:56:03.739, 297.72, 100, 74232, 74
2026/07/28 15:56:04.776, 297.24, 100, 74232, 74
2026/07/28 15:56:05.813, 297.33, 100, 74232, 74
2026/07/28 15:56:06.849, 304.43, 100, 74232, 74
2026/07/28 15:56:07.886, 298.71, 100, 74232, 74
2026/07/28 15:56:08.924, 297.54, 100, 74232, 74
2026/07/28 15:56:09.964, 297.64, 100, 74232, 74
2026/07/28 15:56:11.001, 298.21, 100, 74232, 74
2026/07/28 15:56:12.043, 298.98, 100, 74232, 74
2026/07/28 15:56:13.080, 297.64, 100, 74232, 74
2026/07/28 15:56:14.116, 299.47, 100, 74232, 74
2026/07/28 15:56:15.154, 303.64, 100, 74232, 74
2026/07/28 15:56:16.192, 297.91, 100, 74232, 74
2026/07/28 15:56:17.231, 297.06, 100, 74232, 74
2026/07/28 15:56:18.271, 297.48, 100, 74232, 74
2026/07/28 15:56:19.308, 297.83, 100, 74232, 74
2026/07/28 15:56:20.345, 293.67, 100, 74232, 74
2026/07/28 15:56:21.381, 297.83, 100, 74232, 74
2026/07/28 15:56:22.418, 297.23, 100, 74232, 74
2026/07/28 15:56:23.455, 297.36, 100, 74232, 74
2026/07/28 15:56:24.490, 304.80, 100, 74232, 74
2026/07/28 15:56:25.526, 305.49, 100, 74232, 74
2026/07/28 15:56:26.564, 298.05, 100, 74232, 74
2026/07/28 15:56:27.605, 298.23, 100, 74232, 74
2026/07/28 15:56:28.641, 297.13, 100, 74232, 74
2026/07/28 15:56:29.678, 305.76, 100, 74232, 74
2026/07/28 15:56:30.715, 294.63, 100, 74232, 74
2026/07/28 15:56:31.752, 297.15, 100, 74232, 74
2026/07/28 15:56:32.791, 296.38, 100, 74232, 74
2026/07/28 15:56:33.827, 296.77, 100, 74232, 74
2026/07/28 15:56:34.864, 296.67, 100, 74232, 74
2026/07/28 15:56:35.900, 296.95, 100, 74232, 74
2026/07/28 15:56:36.938, 296.65, 100, 74232, 74
2026/07/28 15:56:37.975, 303.65, 100, 74232, 74
2026/07/28 15:56:39.013, 304.43, 100, 74232, 73
2026/07/28 15:56:40.049, 304.35, 100, 74232, 73
2026/07/28 15:56:41.086, 297.35, 100, 74232, 73
2026/07/28 15:56:42.122, 295.89, 100, 74232, 73
2026/07/28 15:56:43.162, 296.47, 100, 74232, 73
2026/07/28 15:56:44.198, 299.70, 100, 74232, 73
2026/07/28 15:56:45.235, 303.36, 100, 74232, 73
2026/07/28 15:56:46.271, 299.19, 100, 74232, 73
2026/07/28 15:56:47.307, 294.62, 100, 74232, 73
2026/07/28 15:56:48.344, 294.92, 100, 74232, 73
2026/07/28 15:56:49.381, 295.40, 100, 74232, 72
2026/07/28 15:56:50.417, 301.92, 100, 74232, 72
2026/07/28 15:56:51.454, 301.52, 100, 74232, 72
2026/07/28 15:56:52.491, 297.83, 100, 74232, 72
2026/07/28 15:56:53.528, 300.05, 100, 74232, 72
2026/07/28 15:56:54.566, 301.21, 100, 74232, 72
2026/07/28 15:56:55.603, 299.08, 100, 74232, 71
2026/07/28 15:56:56.642, 300.85, 100, 74232, 71
2026/07/28 15:56:57.678, 292.30, 100, 74232, 71
2026/07/28 15:56:58.714, 292.20, 100, 74232, 71
2026/07/28 15:56:59.818, 294.81, 100, 74232, 71
2026/07/28 15:57:00.855, 294.73, 100, 74232, 71
2026/07/28 15:57:01.891, 298.42, 100, 74232, 70
2026/07/28 15:57:02.928, 298.70, 100, 74232, 70
2026/07/28 15:57:03.964, 304.61, 100, 74232, 70
2026/07/28 15:57:05.001, 306.10, 100, 74232, 70
2026/07/28 15:57:06.041, 298.31, 100, 74232, 70
2026/07/28 15:57:07.077, 301.01, 100, 74232, 70
2026/07/28 15:57:08.114, 298.11, 100, 74232, 69
2026/07/28 15:57:09.150, 298.90, 100, 74232, 69
2026/07/28 15:57:10.185, 296.18, 100, 74232, 69
2026/07/28 15:57:11.222, 298.20, 100, 74232, 69
2026/07/28 15:57:12.260, 296.75, 100, 74232, 69
2026/07/28 15:57:13.296, 296.47, 100, 74232, 69
2026/07/28 15:57:14.335, 295.77, 100, 74232, 69
2026/07/28 15:57:15.370, 297.14, 100, 74232, 69
2026/07/28 15:57:16.410, 295.89, 100, 74232, 68
2026/07/28 15:57:17.446, 297.89, 100, 74232, 68
2026/07/28 15:57:18.483, 295.30, 100, 74232, 68
2026/07/28 15:57:19.519, 295.49, 100, 74232, 68
2026/07/28 15:57:20.556, 295.88, 100, 74232, 68
2026/07/28 15:57:21.594, 296.01, 100, 74232, 68
2026/07/28 15:57:22.630, 297.04, 100, 74232, 68
2026/07/28 15:57:23.667, 301.50, 100, 74232, 68
2026/07/28 15:57:24.703, 300.89, 100, 74232, 68
2026/07/28 15:57:25.741, 301.80, 100, 74232, 68
2026/07/28 15:57:26.779, 301.41, 100, 74232, 67
2026/07/28 15:57:27.815, 303.04, 100, 74232, 67
2026/07/28 15:57:28.852, 300.84, 100, 74232, 67
2026/07/28 15:57:29.888, 301.33, 100, 74232, 67
2026/07/28 15:57:30.925, 300.82, 100, 74232, 67
2026/07/28 15:57:31.964, 300.95, 100, 74232, 67
2026/07/28 15:57:33.001, 300.54, 100, 74232, 67
2026/07/28 15:57:34.038, 300.75, 100, 74232, 67
2026/07/28 15:57:35.073, 300.74, 100, 74232, 67
2026/07/28 15:57:36.109, 302.88, 100, 74232, 67
2026/07/28 15:57:37.147, 301.13, 100, 74232, 67
2026/07/28 15:57:38.183, 300.74, 100, 74232, 67
2026/07/28 15:57:39.220, 301.42, 100, 74232, 68
2026/07/28 15:57:40.256, 301.70, 100, 74232, 68
2026/07/28 15:57:41.293, 301.63, 100, 74232, 68
2026/07/28 15:57:42.330, 299.19, 100, 74232, 68
2026/07/28 15:57:43.368, 302.20, 100, 74232, 68
2026/07/28 15:57:44.404, 302.69, 100, 74232, 68
2026/07/28 15:57:45.441, 304.25, 100, 74232, 69
2026/07/28 15:57:46.478, 303.36, 100, 74232, 69
2026/07/28 15:57:47.515, 301.49, 100, 74232, 69
2026/07/28 15:57:48.551, 296.87, 100, 74232, 69
2026/07/28 15:57:49.590, 298.51, 100, 74232, 69
2026/07/28 15:57:50.628, 297.05, 100, 74232, 69
2026/07/28 15:57:51.664, 304.30, 100, 74232, 69
2026/07/28 15:57:52.701, 297.53, 100, 74232, 70
2026/07/28 15:57:53.737, 298.01, 100, 74232, 70
2026/07/28 15:57:54.773, 298.30, 100, 74232, 70
2026/07/28 15:57:55.808, 298.32, 100, 74232, 70
2026/07/28 15:57:56.844, 300.64, 100, 74232, 70
2026/07/28 15:57:57.881, 298.80, 100, 74232, 70
2026/07/28 15:57:58.921, 298.81, 100, 74232, 70
2026/07/28 15:57:59.957, 300.26, 100, 74232, 71
2026/07/28 15:58:00.991, 299.77, 100, 74232, 71
2026/07/28 15:58:02.027, 299.40, 100, 74232, 71
2026/07/28 15:58:03.065, 296.18, 100, 74232, 71
2026/07/28 15:58:04.101, 300.14, 100, 74232, 71
2026/07/28 15:58:05.139, 295.61, 100, 74232, 71
2026/07/28 15:58:06.176, 300.55, 100, 74232, 71
2026/07/28 15:58:07.212, 300.35, 100, 74232, 71
2026/07/28 15:58:08.248, 300.34, 100, 74232, 72
2026/07/28 15:58:09.286, 300.74, 100, 74232, 72
2026/07/28 15:58:10.322, 300.75, 100, 74232, 72
2026/07/28 15:58:11.358, 301.13, 100, 74232, 72
2026/07/28 15:58:12.393, 302.11, 100, 74232, 72
2026/07/28 15:58:13.432, 302.41, 100, 74232, 72
2026/07/28 15:58:14.467, 302.13, 100, 74232, 72
2026/07/28 15:58:15.503, 301.02, 100, 74232, 72
2026/07/28 15:58:16.540, 301.71, 100, 74232, 72
2026/07/28 15:58:17.579, 302.21, 100, 74232, 72
2026/07/28 15:58:18.615, 295.29, 100, 74232, 72
2026/07/28 15:58:19.650, 296.38, 100, 74232, 72
2026/07/28 15:58:20.686, 296.08, 100, 74232, 72
2026/07/28 15:58:21.722, 292.00, 100, 74232, 72
2026/07/28 15:58:22.761, 298.01, 100, 74232, 73
2026/07/28 15:58:23.798, 291.34, 100, 74232, 73
2026/07/28 15:58:24.836, 295.31, 100, 74232, 73
2026/07/28 15:58:25.873, 296.08, 100, 74232, 73
2026/07/28 15:58:26.909, 294.92, 100, 74232, 73
2026/07/28 15:58:27.945, 296.88, 100, 74232, 73
2026/07/28 15:58:28.983, 301.34, 100, 74232, 73
2026/07/28 15:58:30.018, 302.89, 100, 74232, 73
2026/07/28 15:58:31.055, 299.00, 100, 74232, 73
2026/07/28 15:58:32.091, 303.45, 100, 74232, 73
2026/07/28 15:58:33.128, 304.15, 100, 74232, 73
2026/07/28 15:58:34.165, 303.55, 100, 74232, 73
2026/07/28 15:58:35.201, 306.93, 100, 74232, 73
2026/07/28 15:58:36.240, 303.75, 100, 74232, 73
2026/07/28 15:58:37.275, 297.17, 100, 74232, 73
2026/07/28 15:58:38.312, 297.16, 100, 74232, 73
2026/07/28 15:58:39.349, 296.57, 100, 74232, 73
2026/07/28 15:58:40.385, 301.71, 100, 74232, 73
2026/07/28 15:58:41.422, 296.08, 100, 74232, 73
2026/07/28 15:58:42.459, 296.18, 100, 74232, 73
2026/07/28 15:58:43.494, 297.46, 100, 74232, 73
2026/07/28 15:58:44.532, 297.74, 100, 74232, 73
2026/07/28 15:58:45.570, 296.08, 100, 74232, 73
2026/07/28 15:58:46.607, 297.35, 100, 74232, 74
2026/07/28 15:58:47.642, 295.69, 100, 74232, 74
2026/07/28 15:58:48.678, 296.95, 100, 74232, 74
2026/07/28 15:58:49.714, 296.50, 100, 74232, 74
2026/07/28 15:58:50.750, 296.86, 100, 74232, 74
2026/07/28 15:58:51.787, 299.47, 100, 74232, 74
2026/07/28 15:58:52.824, 296.87, 100, 74232, 74
2026/07/28 15:58:53.860, 296.93, 100, 74232, 74
2026/07/28 15:58:54.897, 297.76, 100, 74232, 74
2026/07/28 15:58:55.934, 297.08, 100, 74232, 74
2026/07/28 15:58:56.970, 304.83, 100, 74232, 74
2026/07/28 15:58:58.007, 300.53, 100, 74232, 74
2026/07/28 15:58:59.043, 304.23, 100, 74232, 74
2026/07/28 15:59:00.080, 303.25, 100, 74232, 74
2026/07/28 15:59:01.116, 305.87, 100, 74232, 74
2026/07/28 15:59:02.156, 301.61, 100, 74232, 74
2026/07/28 15:59:03.194, 306.08, 100, 74232, 74
2026/07/28 15:59:04.232, 295.38, 100, 74232, 74
2026/07/28 15:59:05.269, 297.34, 100, 74232, 74
2026/07/28 15:59:06.306, 296.47, 100, 74232, 74
2026/07/28 15:59:07.343, 299.30, 100, 74232, 74
2026/07/28 15:59:08.380, 297.23, 100, 74232, 74
2026/07/28 15:59:09.416, 296.56, 100, 74232, 74
2026/07/28 15:59:10.452, 299.16, 100, 74232, 74
2026/07/28 15:59:11.489, 297.14, 100, 74232, 74
2026/07/28 15:59:12.526, 100.06, 0, 74232, 71
2026/07/28 15:59:13.558, 302.59, 100, 74232, 75
2026/07/28 15:59:14.598, 304.58, 100, 74232, 76
2026/07/28 15:59:15.632, 301.22, 100, 74232, 75
2026/07/28 15:59:16.667, 297.63, 100, 74232, 75
2026/07/28 15:59:17.701, 294.42, 100, 74232, 76
2026/07/28 15:59:18.736, 315.90, 100, 74232, 75
2026/07/28 15:59:19.778, 303.96, 100, 74232, 74
2026/07/28 15:59:20.815, 304.36, 100, 74232, 74
2026/07/28 15:59:21.852, 305.82, 100, 74232, 74
2026/07/28 15:59:22.888, 304.42, 100, 74232, 74
2026/07/28 15:59:23.924, 304.21, 100, 74232, 74
2026/07/28 15:59:24.960, 304.74, 100, 74232, 74
2026/07/28 15:59:25.997, 298.99, 100, 74232, 74
2026/07/28 15:59:27.034, 303.84, 100, 74232, 74
2026/07/28 15:59:28.070, 305.69, 100, 74232, 74
2026/07/28 15:59:29.106, 294.23, 100, 74232, 74
2026/07/28 15:59:30.143, 299.28, 100, 74232, 74
2026/07/28 15:59:31.181, 296.85, 100, 74232, 74
2026/07/28 15:59:32.219, 299.17, 100, 74232, 74
2026/07/28 15:59:33.256, 297.92, 100, 74232, 74
2026/07/28 15:59:34.293, 297.82, 100, 74232, 74
2026/07/28 15:59:35.331, 297.93, 100, 74232, 74
2026/07/28 15:59:36.367, 296.85, 100, 74232, 74
2026/07/28 15:59:37.404, 298.24, 100, 74232, 74
2026/07/28 15:59:38.440, 298.02, 100, 74232, 74
2026/07/28 15:59:39.477, 294.72, 100, 74232, 74
2026/07/28 15:59:40.515, 297.74, 100, 74232, 74
2026/07/28 15:59:41.551, 298.51, 100, 74232, 74
2026/07/28 15:59:42.588, 300.46, 100, 74232, 74
2026/07/28 15:59:43.625, 299.51, 100, 74232, 74
2026/07/28 15:59:44.662, 297.64, 100, 74232, 74
2026/07/28 15:59:45.698, 297.63, 100, 74232, 74
2026/07/28 15:59:46.736, 298.98, 100, 74232, 74
2026/07/28 15:59:47.773, 297.55, 100, 74232, 74
2026/07/28 15:59:48.811, 297.83, 100, 74232, 74
2026/07/28 15:59:49.847, 297.93, 100, 74232, 74
2026/07/28 15:59:50.883, 298.03, 100, 74232, 74
2026/07/28 15:59:51.919, 294.34, 100, 74232, 74
2026/07/28 15:59:52.955, 296.76, 100, 74232, 74
2026/07/28 15:59:53.992, 297.55, 100, 74232, 74
2026/07/28 15:59:55.027, 298.33, 100, 74232, 74
2026/07/28 15:59:56.065, 299.39, 100, 74232, 74
2026/07/28 15:59:57.102, 297.64, 100, 74232, 74
2026/07/28 15:59:58.139, 297.73, 100, 74232, 74
2026/07/28 15:59:59.176, 297.81, 100, 74232, 74
2026/07/28 16:00:00.213, 298.82, 100, 74232, 74
2026/07/28 16:00:01.249, 297.73, 100, 74232, 74
2026/07/28 16:00:02.286, 303.92, 100, 74232, 75
2026/07/28 16:00:03.323, 305.58, 100, 74232, 75
2026/07/28 16:00:04.361, 298.24, 100, 74232, 75
2026/07/28 16:00:05.397, 298.33, 100, 74232, 75
2026/07/28 16:00:06.434, 296.76, 100, 74232, 75
2026/07/28 16:00:07.470, 304.02, 100, 74232, 75
2026/07/28 16:00:08.508, 305.66, 100, 74232, 74
2026/07/28 16:00:09.545, 298.70, 100, 74232, 75
2026/07/28 16:00:10.583, 297.92, 100, 74232, 74
2026/07/28 16:00:11.621, 298.61, 100, 74232, 75
2026/07/28 16:00:12.658, 306.07, 100, 74232, 75
2026/07/28 16:00:13.695, 297.84, 100, 74232, 74
2026/07/28 16:00:14.731, 299.87, 100, 74232, 75
2026/07/28 16:00:15.769, 305.30, 100, 74232, 75
2026/07/28 16:00:16.806, 306.30, 100, 74232, 75
2026/07/28 16:00:17.849, 300.05, 100, 74232, 74
2026/07/28 16:00:18.886, 294.53, 100, 74232, 74
2026/07/28 16:00:19.923, 297.92, 100, 74232, 74
2026/07/28 16:00:20.960, 298.91, 100, 74232, 74
2026/07/28 16:00:21.996, 297.24, 100, 74232, 74
2026/07/28 16:00:23.032, 295.88, 100, 74232, 74
2026/07/28 16:00:24.070, 297.43, 100, 74232, 74
2026/07/28 16:00:25.106, 297.92, 100, 74232, 74
2026/07/28 16:00:26.143, 297.46, 100, 74232, 74
2026/07/28 16:00:27.179, 297.55, 100, 74232, 74
2026/07/28 16:00:28.217, 295.59, 100, 74232, 74
2026/07/28 16:00:29.254, 297.45, 100, 74232, 74
2026/07/28 16:00:30.292, 296.76, 100, 74232, 74
2026/07/28 16:00:31.329, 298.12, 100, 74232, 74
2026/07/28 16:00:32.366, 304.55, 100, 74232, 74
2026/07/28 16:00:33.403, 305.53, 100, 74232, 74
2026/07/28 16:00:34.440, 305.14, 100, 74232, 74
2026/07/28 16:00:35.477, 304.43, 100, 74232, 74
2026/07/28 16:00:36.514, 299.27, 100, 74232, 74
2026/07/28 16:00:37.552, 305.28, 100, 74232, 74
2026/07/28 16:00:38.590, 303.18, 100, 74232, 74
2026/07/28 16:00:39.627, 298.10, 100, 74232, 74
2026/07/28 16:00:40.664, 297.55, 100, 74232, 74
2026/07/28 16:00:41.700, 297.13, 100, 74232, 74
2026/07/28 16:00:42.736, 303.87, 100, 74232, 74
2026/07/28 16:00:43.773, 297.35, 100, 74232, 74
2026/07/28 16:00:44.809, 298.12, 100, 74232, 74
2026/07/28 16:00:45.848, 297.14, 100, 74232, 74
2026/07/28 16:00:46.884, 296.86, 100, 74232, 74
2026/07/28 16:00:47.922, 298.00, 100, 74232, 74
2026/07/28 16:00:48.959, 298.52, 100, 74232, 74
2026/07/28 16:00:49.995, 298.12, 100, 74232, 74
2026/07/28 16:00:51.032, 297.92, 100, 74232, 74
2026/07/28 16:00:52.067, 296.17, 100, 74232, 74
2026/07/28 16:00:53.103, 297.73, 100, 74232, 74
2026/07/28 16:00:54.140, 297.55, 100, 74232, 74
2026/07/28 16:00:55.176, 304.89, 100, 74232, 74
2026/07/28 16:00:56.212, 296.58, 100, 74232, 74
2026/07/28 16:00:57.247, 303.26, 100, 74232, 74
2026/07/28 16:00:58.284, 302.38, 100, 74232, 74
2026/07/28 16:00:59.320, 306.35, 100, 74232, 74
2026/07/28 16:01:00.357, 304.50, 100, 74232, 74
2026/07/28 16:01:01.394, 305.50, 100, 74232, 74
2026/07/28 16:01:02.430, 293.28, 100, 74232, 74
2026/07/28 16:01:03.468, 302.89, 100, 74232, 74
2026/07/28 16:01:04.505, 296.57, 100, 74232, 74
2026/07/28 16:01:05.542, 297.82, 100, 74232, 74
2026/07/28 16:01:06.580, 296.76, 100, 74232, 74
2026/07/28 16:01:07.616, 298.11, 100, 74232, 74
2026/07/28 16:01:08.653, 296.97, 100, 74232, 74
2026/07/28 16:01:09.689, 297.74, 100, 74232, 74
2026/07/28 16:01:10.726, 296.58, 100, 74232, 74
2026/07/28 16:01:11.764, 296.18, 100, 74232, 74
2026/07/28 16:01:12.801, 296.28, 100, 74232, 74
2026/07/28 16:01:13.838, 298.88, 100, 74232, 74
2026/07/28 16:01:14.877, 297.92, 100, 74232, 74
2026/07/28 16:01:15.915, 298.42, 100, 74232, 74
2026/07/28 16:01:16.954, 296.48, 100, 74232, 74
2026/07/28 16:01:17.992, 296.66, 100, 74232, 74
2026/07/28 16:01:19.028, 296.97, 100, 74232, 74
2026/07/28 16:01:20.065, 299.56, 100, 74232, 74
2026/07/28 16:01:21.103, 295.79, 100, 74232, 73
2026/07/28 16:01:22.145, 299.19, 100, 74232, 73
2026/07/28 16:01:23.183, 299.68, 100, 74232, 73
2026/07/28 16:01:24.220, 304.70, 100, 74232, 73
2026/07/28 16:01:25.258, 300.05, 100, 74232, 73
2026/07/28 16:01:26.297, 296.67, 100, 74232, 73
2026/07/28 16:01:27.333, 296.28, 100, 74232, 73
2026/07/28 16:01:28.380, 296.18, 100, 74232, 73
2026/07/28 16:01:29.418, 295.58, 100, 74232, 73
2026/07/28 16:01:30.454, 296.07, 100, 74232, 73
2026/07/28 16:01:31.491, 296.39, 100, 74232, 73
2026/07/28 16:01:32.527, 301.51, 100, 74232, 73
2026/07/28 16:01:33.563, 300.53, 100, 74232, 73
2026/07/28 16:01:34.601, 302.18, 100, 74232, 73
2026/07/28 16:01:35.637, 306.05, 100, 74232, 72
2026/07/28 16:01:36.675, 301.52, 100, 74232, 72
2026/07/28 16:01:37.713, 300.92, 100, 74232, 72
2026/07/28 16:01:38.751, 302.12, 100, 74232, 72
2026/07/28 16:01:39.789, 296.07, 100, 74232, 72
2026/07/28 16:01:40.826, 301.91, 100, 74232, 72
2026/07/28 16:01:41.867, 301.52, 100, 74232, 72
2026/07/28 16:01:42.903, 301.51, 100, 74232, 72
2026/07/28 16:01:43.943, 301.61, 100, 74232, 72
2026/07/28 16:01:44.980, 301.33, 100, 74232, 72
2026/07/28 16:01:46.017, 300.81, 100, 74232, 72
2026/07/28 16:01:47.054, 300.86, 100, 74232, 72
2026/07/28 16:01:48.090, 301.13, 100, 74232, 71
2026/07/28 16:01:49.127, 292.96, 100, 74232, 71
2026/07/28 16:01:50.164, 294.24, 100, 74232, 71
2026/07/28 16:01:51.204, 296.38, 100, 74232, 71
2026/07/28 16:01:52.241, 292.78, 100, 74232, 71
2026/07/28 16:01:53.278, 297.24, 100, 74232, 71
2026/07/28 16:01:54.316, 300.15, 100, 74232, 71
2026/07/28 16:01:55.353, 298.02, 100, 74232, 71
2026/07/28 16:01:56.390, 301.05, 100, 74232, 71
2026/07/28 16:01:57.426, 300.06, 100, 74232, 71
2026/07/28 16:01:58.462, 306.53, 100, 74232, 71
2026/07/28 16:01:59.499, 299.87, 100, 74232, 71
2026/07/28 16:02:00.535, 299.57, 100, 74232, 71
2026/07/28 16:02:01.572, 299.09, 100, 74232, 71
2026/07/28 16:02:02.609, 299.26, 100, 74232, 71
2026/07/28 16:02:03.646, 299.77, 100, 74232, 71
2026/07/28 16:02:04.682, 301.12, 100, 74232, 71
2026/07/28 16:02:05.718, 306.57, 100, 74232, 70
2026/07/28 16:02:06.754, 301.34, 100, 74232, 70
2026/07/28 16:02:07.790, 299.27, 100, 74232, 70
2026/07/28 16:02:08.826, 299.49, 100, 74232, 70
2026/07/28 16:02:09.863, 301.80, 100, 74232, 70
2026/07/28 16:02:10.900, 305.69, 100, 74232, 70
2026/07/28 16:02:11.938, 306.29, 100, 74232, 70
2026/07/28 16:02:12.974, 306.63, 100, 74232, 70
2026/07/28 16:02:14.015, 298.68, 100, 74232, 70
2026/07/28 16:02:15.052, 306.74, 100, 74232, 70
2026/07/28 16:02:16.089, 304.42, 100, 74232, 70
2026/07/28 16:02:17.125, 298.87, 100, 74232, 70
2026/07/28 16:02:18.161, 298.42, 100, 74232, 70
2026/07/28 16:02:19.198, 303.91, 100, 74232, 70
2026/07/28 16:02:20.234, 303.14, 100, 74232, 70
2026/07/28 16:02:21.270, 296.76, 100, 74232, 70
2026/07/28 16:02:22.310, 301.30, 100, 74232, 70
2026/07/28 16:02:23.347, 297.54, 100, 74232, 70
2026/07/28 16:02:24.383, 298.11, 100, 74232, 70
2026/07/28 16:02:25.421, 301.33, 100, 74232, 70
2026/07/28 16:02:26.457, 297.63, 100, 74232, 70
2026/07/28 16:02:27.495, 294.64, 100, 74232, 70
2026/07/28 16:02:28.534, 297.62, 100, 74232, 70
2026/07/28 16:02:29.577, 290.35, 100, 74232, 70
2026/07/28 16:02:30.613, 290.73, 100, 74232, 69
2026/07/28 16:02:31.653, 292.37, 100, 74232, 69
2026/07/28 16:02:32.690, 297.14, 100, 74232, 69
2026/07/28 16:02:33.728, 293.46, 100, 74232, 69
2026/07/28 16:02:34.764, 286.94, 100, 74232, 69
2026/07/28 16:02:35.804, 291.43, 100, 74232, 69
2026/07/28 16:02:36.841, 293.08, 100, 74232, 69
2026/07/28 16:02:37.877, 297.64, 100, 74232, 69
2026/07/28 16:02:38.914, 296.58, 100, 74232, 69
2026/07/28 16:02:39.952, 300.35, 100, 74232, 69
2026/07/28 16:02:40.990, 303.91, 100, 74232, 69
2026/07/28 16:02:42.026, 304.63, 100, 74232, 69
2026/07/28 16:02:43.062, 303.65, 100, 74232, 69
2026/07/28 16:02:44.098, 308.10, 100, 74232, 69
2026/07/28 16:02:45.135, 303.86, 100, 74232, 69
2026/07/28 16:02:46.171, 305.06, 100, 74232, 69
2026/07/28 16:02:47.208, 304.90, 100, 74232, 69
2026/07/28 16:02:48.244, 303.55, 100, 74232, 69
2026/07/28 16:02:49.280, 304.42, 100, 74232, 69
2026/07/28 16:02:50.316, 304.08, 100, 74232, 69
2026/07/28 16:02:51.353, 293.83, 100, 74232, 69
2026/07/28 16:02:52.390, 296.96, 100, 74232, 69
2026/07/28 16:02:53.426, 297.52, 100, 74232, 69
2026/07/28 16:02:54.463, 298.51, 100, 74232, 69
2026/07/28 16:02:55.499, 294.54, 100, 74232, 69
2026/07/28 16:02:56.538, 297.72, 100, 74232, 69
2026/07/28 16:02:57.574, 297.95, 100, 74232, 69
2026/07/28 16:02:58.613, 295.70, 100, 74232, 69
2026/07/28 16:02:59.650, 298.40, 100, 74232, 69
2026/07/28 16:03:00.706, 298.20, 100, 74232, 69
2026/07/28 16:03:01.743, 296.67, 100, 74232, 69
2026/07/28 16:03:02.785, 296.93, 100, 74232, 69
2026/07/28 16:03:03.822, 300.45, 100, 74232, 69
2026/07/28 16:03:04.859, 298.00, 100, 74232, 69
2026/07/28 16:03:05.896, 302.30, 100, 74232, 69
2026/07/28 16:03:06.932, 304.99, 100, 74232, 69
2026/07/28 16:03:07.970, 301.00, 100, 74232, 69
2026/07/28 16:03:09.008, 304.22, 100, 74232, 69
2026/07/28 16:03:10.045, 296.17, 100, 74232, 69
2026/07/28 16:03:11.082, 296.17, 100, 74232, 69
2026/07/28 16:03:12.118, 302.86, 100, 74232, 69
2026/07/28 16:03:13.154, 303.78, 100, 74232, 69
2026/07/28 16:03:14.191, 303.55, 100, 74232, 69
2026/07/28 16:03:15.227, 303.08, 100, 74232, 69
2026/07/28 16:03:16.264, 303.26, 100, 74232, 69
2026/07/28 16:03:17.301, 296.47, 100, 74232, 69
2026/07/28 16:03:18.338, 297.53, 100, 74232, 69
2026/07/28 16:03:19.375, 295.89, 100, 74232, 69
2026/07/28 16:03:20.417, 307.50, 100, 74232, 69
2026/07/28 16:03:21.454, 299.08, 100, 74232, 69
2026/07/28 16:03:22.494, 304.04, 100, 74232, 69
2026/07/28 16:03:23.531, 296.47, 100, 74232, 69
2026/07/28 16:03:24.569, 297.56, 100, 74232, 68
2026/07/28 16:03:25.610, 295.97, 100, 74232, 69
2026/07/28 16:03:26.647, 303.06, 100, 74232, 69
2026/07/28 16:03:27.688, 296.07, 100, 74232, 68
2026/07/28 16:03:28.725, 297.64, 100, 74232, 68
2026/07/28 16:03:29.761, 299.27, 100, 74232, 68
2026/07/28 16:03:30.797, 303.65, 100, 74232, 69
2026/07/28 16:03:31.833, 299.47, 100, 74232, 68
2026/07/28 16:03:32.869, 304.74, 100, 74232, 68
2026/07/28 16:03:33.907, 292.87, 100, 74232, 68
2026/07/28 16:03:34.944, 299.48, 100, 74232, 68
2026/07/28 16:03:35.986, 300.26, 100, 74232, 68
2026/07/28 16:03:37.025, 295.69, 100, 74232, 68
2026/07/28 16:03:38.063, 296.65, 100, 74232, 68
2026/07/28 16:03:39.108, 302.12, 100, 74232, 68
2026/07/28 16:03:40.145, 295.89, 100, 74232, 68
2026/07/28 16:03:41.183, 295.79, 100, 74232, 68
2026/07/28 16:03:42.220, 296.06, 100, 74232, 68
2026/07/28 16:03:43.257, 297.89, 100, 74232, 68
2026/07/28 16:03:44.294, 296.08, 100, 74232, 68
2026/07/28 16:03:45.330, 295.77, 100, 74232, 68
2026/07/28 16:03:46.374, 296.46, 100, 74232, 68
2026/07/28 16:03:47.412, 295.97, 100, 74232, 68
2026/07/28 16:03:48.448, 302.39, 100, 74232, 68
2026/07/28 16:03:49.485, 306.17, 100, 74232, 68
2026/07/28 16:03:50.522, 303.64, 100, 74232, 68
2026/07/28 16:03:51.560, 303.45, 100, 74232, 68
2026/07/28 16:03:52.600, 303.14, 100, 74232, 68
2026/07/28 16:03:53.640, 295.39, 100, 74232, 68
2026/07/28 16:03:54.677, 297.07, 100, 74232, 68
2026/07/28 16:03:55.717, 295.51, 100, 74232, 68
2026/07/28 16:03:56.752, 297.41, 100, 74232, 68
2026/07/28 16:03:57.788, 303.78, 100, 74232, 68
2026/07/28 16:03:58.825, 307.52, 100, 74232, 69
2026/07/28 16:03:59.865, 300.36, 100, 74232, 69
2026/07/28 16:04:00.901, 304.04, 100, 74232, 69
2026/07/28 16:04:01.941, 298.92, 100, 74232, 69
2026/07/28 16:04:02.978, 293.83, 100, 74232, 69
2026/07/28 16:04:04.014, 297.16, 100, 74232, 69
2026/07/28 16:04:05.050, 297.83, 100, 74232, 70
2026/07/28 16:04:06.086, 303.07, 100, 74232, 70
2026/07/28 16:04:07.122, 303.50, 100, 74232, 70
2026/07/28 16:04:08.158, 298.70, 100, 74232, 70
2026/07/28 16:04:09.195, 299.19, 100, 74232, 70
2026/07/28 16:04:10.232, 299.20, 100, 74232, 70
2026/07/28 16:04:11.268, 299.31, 100, 74232, 70
2026/07/28 16:04:12.303, 303.29, 100, 74232, 71
2026/07/28 16:04:13.339, 95.69, 0, 74232, 67
2026/07/28 16:04:14.370, 275.08, 100, 74232, 72
2026/07/28 16:04:15.405, 289.27, 100, 74232, 72
2026/07/28 16:04:16.439, 285.48, 100, 74232, 72
2026/07/28 16:04:17.475, 297.97, 100, 74232, 72
2026/07/28 16:04:18.508, 310.06, 100, 74232, 73
2026/07/28 16:04:19.543, 319.51, 100, 74232, 73
2026/07/28 16:04:20.577, 307.61, 100, 74232, 71
2026/07/28 16:04:21.614, 307.40, 100, 74232, 71
2026/07/28 16:04:22.651, 301.06, 100, 74232, 72
2026/07/28 16:04:23.690, 303.45, 100, 74232, 72
2026/07/28 16:04:24.727, 300.54, 100, 74232, 72
2026/07/28 16:04:25.764, 301.31, 100, 74232, 72
2026/07/28 16:04:26.801, 301.24, 100, 74232, 72
2026/07/28 16:04:27.837, 296.57, 100, 74232, 72
2026/07/28 16:04:28.874, 293.75, 100, 74232, 72
2026/07/28 16:04:29.910, 294.83, 100, 74232, 72
2026/07/28 16:04:30.947, 294.12, 100, 74232, 72
2026/07/28 16:04:31.983, 290.33, 100, 74232, 72
2026/07/28 16:04:33.019, 295.42, 100, 74232, 73
2026/07/28 16:04:34.055, 294.73, 100, 74232, 73
2026/07/28 16:04:35.095, 295.11, 100, 74232, 73
2026/07/28 16:04:36.132, 303.28, 100, 74232, 73
2026/07/28 16:04:37.168, 299.09, 100, 74232, 73
2026/07/28 16:04:38.204, 303.86, 100, 74232, 73
2026/07/28 16:04:39.240, 302.86, 100, 74232, 73
2026/07/28 16:04:40.277, 302.47, 100, 74232, 73
2026/07/28 16:04:41.315, 304.84, 100, 74232, 73
2026/07/28 16:04:42.353, 302.88, 100, 74232, 73
2026/07/28 16:04:43.389, 302.87, 100, 74232, 73
2026/07/28 16:04:44.432, 296.55, 100, 74232, 73
2026/07/28 16:04:45.469, 295.51, 100, 74232, 73
2026/07/28 16:04:46.506, 298.21, 100, 74232, 73
2026/07/28 16:04:47.543, 295.40, 100, 74232, 73
2026/07/28 16:04:48.579, 295.29, 100, 74232, 73
2026/07/28 16:04:49.615, 295.78, 100, 74232, 73
2026/07/28 16:04:50.650, 296.97, 100, 74232, 73
2026/07/28 16:04:51.687, 296.40, 100, 74232, 73
2026/07/28 16:04:52.724, 296.29, 100, 74232, 73
2026/07/28 16:04:53.761, 295.99, 100, 74232, 73
2026/07/28 16:04:54.799, 295.59, 100, 74232, 73
2026/07/28 16:04:55.835, 296.16, 100, 74232, 73
2026/07/28 16:04:56.877, 294.92, 100, 74232, 74
2026/07/28 16:04:57.915, 298.32, 100, 74232, 74
2026/07/28 16:04:58.951, 305.78, 100, 74232, 74
2026/07/28 16:04:59.987, 304.31, 100, 74232, 74
2026/07/28 16:05:01.025, 303.68, 100, 74232, 74
2026/07/28 16:05:02.063, 297.14, 100, 74232, 74
2026/07/28 16:05:03.100, 292.39, 100, 74232, 74
2026/07/28 16:05:04.139, 295.00, 100, 74232, 74
2026/07/28 16:05:05.176, 296.47, 100, 74232, 74
2026/07/28 16:05:06.217, 300.34, 100, 74232, 74
2026/07/28 16:05:07.256, 304.52, 100, 74232, 74
2026/07/28 16:05:08.292, 300.38, 100, 74232, 74
2026/07/28 16:05:09.331, 298.11, 100, 74232, 74
2026/07/28 16:05:10.368, 299.45, 100, 74232, 74
2026/07/28 16:05:11.405, 303.73, 100, 74232, 74
2026/07/28 16:05:12.442, 304.99, 100, 74232, 74
2026/07/28 16:05:13.479, 297.86, 100, 74232, 74
2026/07/28 16:05:14.517, 296.18, 100, 74232, 74
2026/07/28 16:05:15.553, 297.26, 100, 74232, 74
2026/07/28 16:05:16.594, 295.99, 100, 74232, 74
2026/07/28 16:05:17.630, 292.99, 100, 74232, 74
2026/07/28 16:05:18.669, 297.73, 100, 74232, 74
2026/07/28 16:05:19.704, 297.46, 100, 74232, 74
2026/07/28 16:05:20.740, 296.95, 100, 74232, 74
2026/07/28 16:05:21.776, 296.17, 100, 74232, 74
2026/07/28 16:05:22.814, 297.44, 100, 74232, 74
2026/07/28 16:05:23.851, 297.36, 100, 74232, 74
2026/07/28 16:05:24.888, 298.83, 100, 74232, 74
2026/07/28 16:05:25.924, 297.73, 100, 74232, 74
2026/07/28 16:05:26.960, 296.87, 100, 74232, 74
2026/07/28 16:05:27.998, 296.58, 100, 74232, 74
2026/07/28 16:05:29.035, 302.02, 100, 74232, 74
2026/07/28 16:05:30.073, 304.38, 100, 74232, 74
2026/07/28 16:05:31.109, 304.62, 100, 74232, 74
2026/07/28 16:05:32.146, 304.83, 100, 74232, 74
2026/07/28 16:05:33.183, 297.56, 100, 74232, 74
2026/07/28 16:05:34.219, 298.70, 100, 74232, 74
2026/07/28 16:05:35.256, 300.64, 100, 74232, 74
2026/07/28 16:05:36.292, 296.86, 100, 74232, 74
2026/07/28 16:05:37.329, 296.76, 100, 74232, 74
2026/07/28 16:05:38.366, 297.17, 100, 74232, 74
2026/07/28 16:05:39.403, 301.24, 100, 74232, 74
2026/07/28 16:05:40.440, 305.10, 100, 74232, 74
2026/07/28 16:05:41.478, 305.52, 100, 74232, 74
2026/07/28 16:05:42.514, 297.33, 100, 74232, 74
2026/07/28 16:05:43.551, 297.66, 100, 74232, 74
2026/07/28 16:05:44.588, 297.05, 100, 74232, 74
2026/07/28 16:05:45.625, 304.31, 100, 74232, 74
2026/07/28 16:05:46.661, 305.43, 100, 74232, 74
2026/07/28 16:05:47.703, 297.82, 100, 74232, 74
2026/07/28 16:05:48.740, 299.57, 100, 74232, 74
2026/07/28 16:05:49.776, 298.04, 100, 74232, 74
2026/07/28 16:05:50.815, 303.67, 100, 74232, 74
2026/07/28 16:05:51.850, 298.20, 100, 74232, 74
2026/07/28 16:05:52.887, 297.33, 100, 74232, 74
2026/07/28 16:05:53.923, 296.49, 100, 74232, 74
2026/07/28 16:05:54.959, 297.64, 100, 74232, 74
2026/07/28 16:05:55.996, 296.27, 100, 74232, 74
2026/07/28 16:05:57.034, 297.54, 100, 74232, 74
2026/07/28 16:05:58.073, 296.57, 100, 74232, 74
2026/07/28 16:05:59.109, 296.56, 100, 74232, 74
2026/07/28 16:06:00.149, 297.14, 100, 74232, 74
2026/07/28 16:06:01.188, 298.93, 100, 74232, 74
2026/07/28 16:06:02.225, 296.57, 100, 74232, 74
2026/07/28 16:06:03.263, 299.76, 100, 74232, 74
2026/07/28 16:06:04.300, 296.28, 100, 74232, 74
2026/07/28 16:06:05.341, 305.76, 100, 74232, 74
2026/07/28 16:06:06.378, 297.94, 100, 74232, 74
2026/07/28 16:06:07.415, 297.54, 100, 74232, 74
2026/07/28 16:06:08.452, 297.74, 100, 74232, 74
2026/07/28 16:06:09.489, 297.64, 100, 74232, 74
2026/07/28 16:06:10.527, 296.95, 100, 74232, 74
2026/07/28 16:06:11.565, 298.32, 100, 74232, 74
2026/07/28 16:06:12.604, 297.65, 100, 74232, 74
2026/07/28 16:06:13.640, 296.93, 100, 74232, 74
2026/07/28 16:06:14.677, 297.36, 100, 74232, 74
2026/07/28 16:06:15.714, 296.95, 100, 74232, 74
2026/07/28 16:06:16.752, 296.75, 100, 74232, 74
2026/07/28 16:06:17.789, 296.46, 100, 74232, 74
2026/07/28 16:06:18.826, 296.88, 100, 74232, 74
2026/07/28 16:06:19.863, 296.86, 100, 74232, 74
2026/07/28 16:06:20.900, 297.06, 100, 74232, 74
2026/07/28 16:06:21.937, 297.24, 100, 74232, 74
2026/07/28 16:06:22.973, 297.27, 100, 74232, 74
2026/07/28 16:06:24.009, 307.45, 100, 74232, 74
2026/07/28 16:06:25.045, 306.17, 100, 74232, 74
2026/07/28 16:06:26.082, 299.38, 100, 74232, 74
2026/07/28 16:06:27.118, 304.94, 100, 74232, 74
2026/07/28 16:06:28.155, 297.16, 100, 74232, 74
2026/07/28 16:06:29.191, 297.81, 100, 74232, 74
2026/07/28 16:06:30.228, 297.45, 100, 74232, 74
2026/07/28 16:06:31.265, 299.57, 100, 74232, 74
2026/07/28 16:06:32.301, 297.14, 100, 74232, 74
2026/07/28 16:06:33.340, 298.00, 100, 74232, 74
2026/07/28 16:06:34.377, 296.87, 100, 74232, 74
2026/07/28 16:06:35.414, 298.43, 100, 74232, 74
2026/07/28 16:06:36.451, 300.07, 100, 74232, 74
2026/07/28 16:06:37.490, 297.63, 100, 74232, 74
2026/07/28 16:06:38.526, 296.48, 100, 74232, 74
2026/07/28 16:06:39.561, 298.69, 100, 74232, 74
2026/07/28 16:06:40.601, 300.55, 100, 74232, 74
2026/07/28 16:06:41.637, 301.82, 100, 74232, 74
2026/07/28 16:06:42.674, 302.03, 100, 74232, 74
2026/07/28 16:06:43.710, 304.66, 100, 74232, 74
2026/07/28 16:06:44.745, 297.54, 100, 74232, 74
2026/07/28 16:06:45.783, 298.13, 100, 74232, 74
2026/07/28 16:06:46.820, 297.16, 100, 74232, 74
2026/07/28 16:06:47.856, 300.54, 100, 74232, 74
2026/07/28 16:06:48.892, 297.75, 100, 74232, 74
2026/07/28 16:06:49.928, 294.33, 100, 74232, 74
2026/07/28 16:06:50.965, 294.15, 100, 74232, 74
2026/07/28 16:06:52.002, 298.04, 100, 74232, 74
2026/07/28 16:06:53.039, 305.58, 100, 74232, 74
2026/07/28 16:06:54.076, 301.52, 100, 74232, 74
2026/07/28 16:06:55.113, 296.97, 100, 74232, 74
2026/07/28 16:06:56.149, 297.53, 100, 74232, 74
2026/07/28 16:06:57.187, 296.85, 100, 74232, 74
2026/07/28 16:06:58.223, 299.00, 100, 74232, 74
2026/07/28 16:06:59.261, 302.18, 100, 74232, 74
2026/07/28 16:07:00.298, 297.82, 100, 74232, 74
2026/07/28 16:07:01.335, 297.43, 100, 74232, 74
2026/07/28 16:07:02.371, 296.87, 100, 74232, 74
2026/07/28 16:07:03.408, 297.92, 100, 74232, 74
2026/07/28 16:07:04.444, 298.90, 100, 74232, 74
2026/07/28 16:07:05.481, 297.57, 100, 74232, 74
2026/07/28 16:07:06.518, 297.92, 100, 74232, 74
2026/07/28 16:07:07.555, 297.43, 100, 74232, 74
2026/07/28 16:07:08.594, 298.49, 100, 74232, 74
2026/07/28 16:07:09.630, 301.30, 100, 74232, 74
2026/07/28 16:07:10.669, 296.65, 100, 74232, 74
2026/07/28 16:07:11.706, 297.35, 100, 74232, 74
2026/07/28 16:07:12.742, 297.14, 100, 74232, 74
2026/07/28 16:07:13.778, 298.31, 100, 74232, 74
2026/07/28 16:07:14.814, 298.02, 100, 74232, 74
2026/07/28 16:07:15.850, 296.94, 100, 74232, 74
2026/07/28 16:07:16.885, 297.63, 100, 74232, 74
2026/07/28 16:07:17.923, 297.51, 100, 74232, 74
2026/07/28 16:07:18.960, 297.24, 100, 74232, 74
2026/07/28 16:07:19.997, 298.77, 100, 74232, 74
2026/07/28 16:07:21.034, 296.59, 100, 74232, 74
2026/07/28 16:07:22.074, 297.43, 100, 74232, 74
2026/07/28 16:07:23.110, 297.82, 100, 74232, 74
2026/07/28 16:07:24.147, 297.57, 100, 74232, 74
2026/07/28 16:07:25.184, 299.19, 100, 74232, 74
2026/07/28 16:07:26.221, 297.65, 100, 74232, 74
2026/07/28 16:07:27.258, 297.55, 100, 74232, 74
2026/07/28 16:07:28.297, 296.93, 100, 74232, 74
2026/07/28 16:07:29.333, 297.08, 100, 74232, 74
2026/07/28 16:07:30.372, 301.02, 100, 74232, 74
2026/07/28 16:07:31.409, 298.51, 100, 74232, 74
2026/07/28 16:07:32.445, 295.89, 100, 74232, 74
2026/07/28 16:07:33.481, 297.05, 100, 74232, 74
2026/07/28 16:07:34.522, 307.83, 100, 74232, 74
2026/07/28 16:07:35.559, 305.32, 100, 74232, 74
2026/07/28 16:07:36.595, 294.43, 100, 74232, 74
2026/07/28 16:07:37.631, 297.63, 100, 74232, 74
2026/07/28 16:07:38.671, 298.33, 100, 74232, 74
2026/07/28 16:07:39.708, 298.20, 100, 74232, 74
2026/07/28 16:07:40.747, 297.35, 100, 74232, 74
2026/07/28 16:07:41.784, 297.53, 100, 74232, 74
2026/07/28 16:07:42.824, 297.66, 100, 74232, 74
2026/07/28 16:07:43.861, 304.99, 100, 74232, 74
2026/07/28 16:07:44.898, 305.20, 100, 74232, 74
2026/07/28 16:07:45.935, 300.73, 100, 74232, 74
2026/07/28 16:07:46.971, 293.07, 100, 74232, 74
2026/07/28 16:07:48.008, 301.40, 100, 74232, 74
2026/07/28 16:07:49.046, 295.69, 100, 74232, 74
2026/07/28 16:07:50.086, 305.76, 100, 74232, 74
2026/07/28 16:07:51.124, 305.09, 100, 74232, 74
2026/07/28 16:07:52.163, 297.25, 100, 74232, 74
2026/07/28 16:07:53.200, 297.17, 100, 74232, 74
2026/07/28 16:07:54.237, 296.67, 100, 74232, 74
2026/07/28 16:07:55.276, 296.76, 100, 74232, 74
2026/07/28 16:07:56.313, 297.08, 100, 74232, 74
2026/07/28 16:07:57.350, 296.78, 100, 74232, 73
2026/07/28 16:07:58.387, 296.39, 100, 74232, 73
2026/07/28 16:07:59.424, 297.26, 100, 74232, 73
2026/07/28 16:08:00.461, 296.55, 100, 74232, 73
2026/07/28 16:08:01.497, 299.00, 100, 74232, 73
2026/07/28 16:08:02.534, 295.49, 100, 74232, 73
2026/07/28 16:08:03.572, 296.46, 100, 74232, 73
2026/07/28 16:08:04.611, 297.35, 100, 74232, 73
2026/07/28 16:08:05.648, 296.09, 100, 74232, 73
2026/07/28 16:08:06.684, 295.32, 100, 74232, 73
2026/07/28 16:08:07.721, 300.05, 100, 74232, 73
2026/07/28 16:08:08.763, 305.88, 100, 74232, 73
2026/07/28 16:08:09.801, 295.40, 100, 74232, 73
2026/07/28 16:08:10.837, 295.52, 100, 74232, 73
2026/07/28 16:08:11.874, 296.09, 100, 74232, 73
2026/07/28 16:08:12.911, 301.41, 100, 74232, 73
2026/07/28 16:08:13.947, 302.77, 100, 74232, 73
2026/07/28 16:08:14.985, 303.86, 100, 74232, 73
2026/07/28 16:08:16.022, 301.71, 100, 74232, 73
2026/07/28 16:08:17.060, 302.20, 100, 74232, 73
2026/07/28 16:08:18.095, 303.53, 100, 74232, 72
2026/07/28 16:08:19.136, 295.97, 100, 74232, 72
2026/07/28 16:08:20.172, 295.10, 100, 74232, 72
2026/07/28 16:08:21.208, 294.35, 100, 74232, 72
2026/07/28 16:08:22.248, 294.34, 100, 74232, 72
2026/07/28 16:08:23.286, 300.05, 100, 74232, 72
2026/07/28 16:08:24.324, 299.75, 100, 74232, 72
2026/07/28 16:08:25.362, 299.97, 100, 74232, 72
2026/07/28 16:08:26.399, 301.69, 100, 74232, 72
2026/07/28 16:08:27.435, 301.80, 100, 74232, 72
2026/07/28 16:08:28.471, 300.83, 100, 74232, 72
2026/07/28 16:08:29.507, 301.79, 100, 74232, 72
2026/07/28 16:08:30.544, 302.32, 100, 74232, 71
2026/07/28 16:08:31.581, 300.63, 100, 74232, 71
2026/07/28 16:08:32.618, 303.25, 100, 74232, 71
2026/07/28 16:08:33.657, 301.22, 100, 74232, 71
2026/07/28 16:08:34.695, 293.07, 100, 74232, 71
2026/07/28 16:08:35.731, 293.55, 100, 74232, 71
2026/07/28 16:08:36.769, 299.86, 100, 74232, 71
2026/07/28 16:08:37.806, 299.81, 100, 74232, 71
2026/07/28 16:08:38.842, 299.46, 100, 74232, 71
2026/07/28 16:08:39.879, 299.65, 100, 74232, 71
2026/07/28 16:08:40.915, 299.98, 100, 74232, 70
2026/07/28 16:08:41.952, 299.49, 100, 74232, 70
2026/07/28 16:08:42.989, 302.28, 100, 74232, 70
2026/07/28 16:08:44.025, 300.92, 100, 74232, 70
2026/07/28 16:08:45.063, 296.95, 100, 74232, 70
2026/07/28 16:08:46.100, 298.70, 100, 74232, 70
2026/07/28 16:08:47.138, 297.92, 100, 74232, 70
2026/07/28 16:08:48.174, 298.24, 100, 74232, 70
2026/07/28 16:08:49.214, 298.50, 100, 74232, 70
2026/07/28 16:08:50.251, 298.02, 100, 74232, 70
2026/07/28 16:08:51.287, 298.58, 100, 74232, 70
2026/07/28 16:08:52.322, 297.67, 100, 74232, 70
2026/07/28 16:08:53.362, 297.70, 100, 74232, 69
2026/07/28 16:08:54.399, 297.43, 100, 74232, 69
2026/07/28 16:08:55.438, 297.71, 100, 74232, 69
2026/07/28 16:08:56.477, 297.42, 100, 74232, 69
2026/07/28 16:08:57.514, 299.37, 100, 74232, 69
2026/07/28 16:08:58.550, 301.31, 100, 74232, 69
2026/07/28 16:08:59.586, 297.23, 100, 74232, 69
2026/07/28 16:09:00.623, 297.71, 100, 74232, 69
2026/07/28 16:09:01.660, 301.02, 100, 74232, 69
2026/07/28 16:09:02.695, 304.80, 100, 74232, 69
2026/07/28 16:09:03.733, 303.83, 100, 74232, 69
2026/07/28 16:09:04.768, 304.50, 100, 74232, 69
2026/07/28 16:09:05.806, 304.06, 100, 74232, 69
2026/07/28 16:09:06.842, 296.95, 100, 74232, 69
2026/07/28 16:09:07.878, 298.57, 100, 74232, 69
2026/07/28 16:09:08.912, 296.55, 100, 74232, 69
2026/07/28 16:09:09.948, 299.94, 100, 74232, 69
2026/07/28 16:09:10.985, 296.36, 100, 74232, 68
2026/07/28 16:09:12.022, 303.46, 100, 74232, 68
2026/07/28 16:09:13.059, 292.30, 100, 74232, 68
2026/07/28 16:09:14.096, 93.39, 0, 74232, 65
2026/07/28 16:09:15.128, 90.94, 0, 74232, 64
2026/07/28 16:09:16.158, 90.28, 0, 74232, 63
2026/07/28 16:09:17.188, 90.31, 0, 74232, 63
2026/07/28 16:09:18.220, 89.36, 0, 74232, 63
2026/07/28 16:09:19.252, 89.49, 0, 74232, 62
2026/07/28 16:09:20.282, 88.10, 0, 74232, 62
2026/07/28 16:09:21.313, 87.85, 0, 74232, 61
2026/07/28 16:09:22.345, 301.69, 100, 74232, 67
2026/07/28 16:09:23.381, 287.77, 100, 74232, 67
2026/07/28 16:09:24.416, 299.55, 100, 74232, 67
2026/07/28 16:09:25.449, 293.16, 100, 74232, 68
2026/07/28 16:09:26.485, 306.12, 100, 74232, 68
2026/07/28 16:09:27.520, 281.60, 100, 74232, 68
2026/07/28 16:09:28.554, 299.45, 100, 74232, 67
2026/07/28 16:09:29.590, 300.17, 100, 74232, 67
2026/07/28 16:09:30.630, 300.52, 100, 74232, 67
2026/07/28 16:09:31.668, 300.53, 100, 74232, 68
2026/07/28 16:09:32.704, 301.51, 100, 74232, 68
2026/07/28 16:09:33.747, 301.51, 100, 74232, 68
2026/07/28 16:09:34.788, 303.87, 100, 74232, 68
2026/07/28 16:09:35.826, 303.05, 100, 74232, 69
2026/07/28 16:09:36.863, 303.36, 100, 74232, 69
2026/07/28 16:09:37.903, 303.17, 100, 74232, 69
2026/07/28 16:09:38.939, 296.27, 100, 74232, 69
2026/07/28 16:09:39.976, 297.32, 100, 74232, 69
2026/07/28 16:09:41.012, 297.74, 100, 74232, 69
2026/07/28 16:09:42.049, 297.64, 100, 74232, 70
2026/07/28 16:09:43.085, 297.07, 100, 74232, 70
2026/07/28 16:09:44.123, 297.22, 100, 74232, 70
2026/07/28 16:09:45.159, 298.33, 100, 74232, 70
2026/07/28 16:09:46.197, 298.60, 100, 74232, 70
2026/07/28 16:09:47.232, 299.28, 100, 74232, 70
2026/07/28 16:09:48.271, 299.00, 100, 74232, 71
2026/07/28 16:09:49.307, 299.06, 100, 74232, 71
2026/07/28 16:09:50.343, 300.71, 100, 74232, 71
2026/07/28 16:09:51.430, 298.60, 100, 74232, 71
2026/07/28 16:09:52.467, 299.59, 100, 74232, 71
2026/07/28 16:09:53.502, 302.55, 100, 74232, 71
2026/07/28 16:09:54.539, 300.94, 100, 74232, 71
2026/07/28 16:09:55.576, 299.08, 100, 74232, 71
2026/07/28 16:09:56.615, 300.66, 100, 74232, 72
2026/07/28 16:09:57.651, 301.12, 100, 74232, 72
2026/07/28 16:09:58.690, 301.14, 100, 74232, 72
2026/07/28 16:09:59.727, 300.73, 100, 74232, 72
2026/07/28 16:10:00.764, 301.36, 100, 74232, 72
2026/07/28 16:10:01.802, 300.74, 100, 74232, 72
2026/07/28 16:10:02.839, 301.64, 100, 74232, 72
2026/07/28 16:10:03.879, 301.61, 100, 74232, 72
2026/07/28 16:10:04.917, 301.59, 100, 74232, 72
2026/07/28 16:10:05.954, 301.31, 100, 74232, 72
2026/07/28 16:10:06.991, 301.41, 100, 74232, 72
2026/07/28 16:10:08.027, 298.54, 100, 74232, 72
2026/07/28 16:10:09.064, 294.82, 100, 74232, 72
2026/07/28 16:10:10.100, 297.13, 100, 74232, 73
2026/07/28 16:10:11.137, 302.09, 100, 74232, 73
2026/07/28 16:10:12.174, 302.13, 100, 74232, 73
2026/07/28 16:10:13.211, 294.24, 100, 74232, 73
2026/07/28 16:10:14.247, 295.60, 100, 74232, 73
2026/07/28 16:10:15.284, 296.09, 100, 74232, 73
2026/07/28 16:10:16.321, 295.21, 100, 74232, 73
2026/07/28 16:10:17.359, 298.50, 100, 74232, 73
2026/07/28 16:10:18.395, 294.82, 100, 74232, 73
2026/07/28 16:10:19.431, 295.02, 100, 74232, 73
2026/07/28 16:10:20.468, 295.49, 100, 74232, 73
2026/07/28 16:10:21.505, 296.19, 100, 74232, 73
2026/07/28 16:10:22.541, 302.80, 100, 74232, 73
2026/07/28 16:10:23.579, 299.60, 100, 74232, 73
2026/07/28 16:10:24.618, 303.36, 100, 74232, 73
2026/07/28 16:10:25.655, 303.07, 100, 74232, 73
2026/07/28 16:10:26.692, 302.08, 100, 74232, 73
2026/07/28 16:10:27.729, 304.83, 100, 74232, 74
2026/07/28 16:10:28.765, 305.58, 100, 74232, 74
2026/07/28 16:10:29.801, 304.36, 100, 74232, 74
2026/07/28 16:10:30.838, 305.98, 100, 74232, 74
2026/07/28 16:10:31.876, 304.12, 100, 74232, 74
2026/07/28 16:10:32.917, 304.01, 100, 74232, 74
2026/07/28 16:10:33.954, 300.24, 100, 74232, 74
2026/07/28 16:10:34.991, 293.26, 100, 74232, 74
2026/07/28 16:10:36.030, 292.68, 100, 74232, 74
2026/07/28 16:10:37.066, 295.70, 100, 74232, 74
2026/07/28 16:10:38.103, 296.45, 100, 74232, 74
2026/07/28 16:10:39.139, 296.77, 100, 74232, 74
2026/07/28 16:10:40.177, 295.80, 100, 74232, 74
2026/07/28 16:10:41.213, 298.01, 100, 74232, 74
2026/07/28 16:10:42.251, 296.56, 100, 74232, 74
2026/07/28 16:10:43.287, 296.17, 100, 74232, 74
2026/07/28 16:10:44.325, 293.47, 100, 74232, 74
2026/07/28 16:10:45.360, 295.98, 100, 74232, 74
2026/07/28 16:10:46.403, 297.28, 100, 74232, 74
2026/07/28 16:10:47.439, 296.47, 100, 74232, 74
2026/07/28 16:10:48.476, 305.82, 100, 74232, 74
2026/07/28 16:10:49.514, 292.69, 100, 74232, 74
2026/07/28 16:10:50.551, 303.85, 100, 74232, 74
2026/07/28 16:10:51.587, 296.57, 100, 74232, 74
2026/07/28 16:10:52.624, 295.50, 100, 74232, 74
2026/07/28 16:10:53.660, 303.84, 100, 74232, 74
2026/07/28 16:10:54.697, 296.28, 100, 74232, 74
2026/07/28 16:10:55.733, 303.84, 100, 74232, 74
2026/07/28 16:10:56.770, 300.64, 100, 74232, 74
2026/07/28 16:10:57.806, 297.06, 100, 74232, 74
2026/07/28 16:10:58.842, 297.26, 100, 74232, 74
2026/07/28 16:10:59.877, 300.24, 100, 74232, 74
2026/07/28 16:11:00.914, 297.37, 100, 74232, 74
2026/07/28 16:11:01.951, 296.67, 100, 74232, 74
2026/07/28 16:11:02.988, 297.34, 100, 74232, 74
2026/07/28 16:11:04.027, 302.20, 100, 74232, 74
2026/07/28 16:11:05.064, 296.30, 100, 74232, 74
2026/07/28 16:11:06.103, 301.74, 100, 74232, 74
2026/07/28 16:11:07.141, 302.21, 100, 74232, 74
2026/07/28 16:11:08.177, 304.92, 100, 74232, 74
2026/07/28 16:11:09.213, 304.14, 100, 74232, 74
2026/07/28 16:11:10.249, 299.18, 100, 74232, 74
2026/07/28 16:11:11.286, 304.57, 100, 74232, 74
2026/07/28 16:11:12.323, 292.78, 100, 74232, 74
2026/07/28 16:11:13.360, 296.69, 100, 74232, 74
2026/07/28 16:11:14.397, 301.12, 100, 74232, 74
2026/07/28 16:11:15.433, 303.73, 100, 74232, 74
2026/07/28 16:11:16.469, 304.93, 100, 74232, 74
2026/07/28 16:11:17.506, 300.13, 100, 74232, 74
2026/07/28 16:11:18.542, 300.63, 100, 74232, 74
2026/07/28 16:11:19.582, 306.43, 100, 74232, 74
2026/07/28 16:11:20.620, 297.07, 100, 74232, 74
2026/07/28 16:11:21.656, 302.00, 100, 74232, 74
2026/07/28 16:11:22.692, 303.25, 100, 74232, 74
2026/07/28 16:11:23.728, 297.06, 100, 74232, 74
2026/07/28 16:11:24.765, 296.86, 100, 74232, 74
2026/07/28 16:11:25.801, 297.91, 100, 74232, 74
2026/07/28 16:11:26.837, 296.77, 100, 74232, 74
2026/07/28 16:11:27.873, 296.67, 100, 74232, 74
2026/07/28 16:11:28.911, 297.16, 100, 74232, 74
2026/07/28 16:11:29.955, 298.01, 100, 74232, 74
2026/07/28 16:11:30.996, 299.76, 100, 74232, 74
2026/07/28 16:11:32.034, 304.86, 100, 74232, 74
2026/07/28 16:11:33.074, 296.76, 100, 74232, 74
2026/07/28 16:11:34.111, 300.83, 100, 74232, 74
2026/07/28 16:11:35.147, 304.81, 100, 74232, 74
2026/07/28 16:11:36.185, 301.31, 100, 74232, 74
2026/07/28 16:11:37.222, 301.34, 100, 74232, 74
2026/07/28 16:11:38.259, 301.91, 100, 74232, 74
2026/07/28 16:11:39.294, 304.23, 100, 74232, 74
2026/07/28 16:11:40.330, 297.94, 100, 74232, 74
2026/07/28 16:11:41.367, 296.67, 100, 74232, 74
2026/07/28 16:11:42.406, 297.74, 100, 74232, 74
2026/07/28 16:11:43.442, 293.08, 100, 74232, 74
2026/07/28 16:11:44.480, 298.82, 100, 74232, 74
2026/07/28 16:11:45.517, 298.05, 100, 74232, 74
2026/07/28 16:11:46.554, 296.57, 100, 74232, 74
2026/07/28 16:11:47.591, 305.23, 100, 74232, 74
2026/07/28 16:11:48.628, 307.32, 100, 74232, 74
2026/07/28 16:11:49.665, 304.44, 100, 74232, 74
2026/07/28 16:11:50.701, 298.02, 100, 74232, 74
2026/07/28 16:11:51.737, 298.61, 100, 74232, 74
2026/07/28 16:11:52.773, 297.95, 100, 74232, 74
2026/07/28 16:11:53.809, 296.67, 100, 74232, 74
2026/07/28 16:11:54.847, 297.44, 100, 74232, 74
2026/07/28 16:11:55.885, 294.44, 100, 74232, 74
2026/07/28 16:11:56.921, 299.86, 100, 74232, 74
2026/07/28 16:11:57.958, 298.22, 100, 74232, 74
2026/07/28 16:11:58.995, 293.37, 100, 74232, 74
2026/07/28 16:12:00.032, 293.66, 100, 74232, 74
2026/07/28 16:12:01.068, 297.34, 100, 74232, 74
2026/07/28 16:12:02.106, 297.65, 100, 74232, 74
2026/07/28 16:12:03.143, 299.26, 100, 74232, 74
2026/07/28 16:12:04.182, 297.05, 100, 74232, 74
2026/07/28 16:12:05.219, 297.15, 100, 74232, 74
2026/07/28 16:12:06.256, 296.59, 100, 74232, 74
2026/07/28 16:12:07.293, 296.48, 100, 74232, 74
2026/07/28 16:12:08.332, 297.54, 100, 74232, 74
2026/07/28 16:12:09.369, 296.86, 100, 74232, 74
2026/07/28 16:12:10.405, 298.32, 100, 74232, 74
2026/07/28 16:12:11.443, 297.45, 100, 74232, 74
2026/07/28 16:12:12.479, 297.94, 100, 74232, 74
2026/07/28 16:12:13.516, 296.95, 100, 74232, 74
2026/07/28 16:12:14.554, 297.24, 100, 74232, 74
2026/07/28 16:12:15.591, 297.83, 100, 74232, 74
2026/07/28 16:12:16.631, 296.96, 100, 74232, 74
2026/07/28 16:12:17.667, 302.79, 100, 74232, 74
2026/07/28 16:12:18.706, 297.44, 100, 74232, 74
2026/07/28 16:12:19.744, 294.34, 100, 74232, 74
2026/07/28 16:12:20.784, 297.54, 100, 74232, 74
2026/07/28 16:12:21.821, 297.17, 100, 74232, 74
2026/07/28 16:12:22.859, 297.73, 100, 74232, 74
2026/07/28 16:12:23.897, 297.05, 100, 74232, 74
2026/07/28 16:12:24.935, 297.92, 100, 74232, 74
2026/07/28 16:12:25.975, 297.73, 100, 74232, 74
2026/07/28 16:12:27.012, 297.24, 100, 74232, 74
2026/07/28 16:12:28.050, 297.34, 100, 74232, 74
2026/07/28 16:12:29.088, 296.98, 100, 74232, 74
2026/07/28 16:12:30.124, 305.65, 100, 74232, 74
2026/07/28 16:12:31.161, 304.81, 100, 74232, 74
2026/07/28 16:12:32.199, 297.76, 100, 74232, 74
2026/07/28 16:12:33.237, 295.58, 100, 74232, 74
2026/07/28 16:12:34.274, 305.08, 100, 74232, 74
2026/07/28 16:12:35.311, 304.51, 100, 74232, 74
2026/07/28 16:12:36.353, 297.27, 100, 74232, 74
2026/07/28 16:12:37.390, 298.40, 100, 74232, 74
2026/07/28 16:12:38.427, 300.63, 100, 74232, 74
2026/07/28 16:12:39.464, 304.53, 100, 74232, 74
2026/07/28 16:12:40.502, 297.36, 100, 74232, 74
2026/07/28 16:12:41.539, 298.21, 100, 74232, 74
2026/07/28 16:12:42.575, 300.93, 100, 74232, 74
2026/07/28 16:12:43.612, 298.13, 100, 74232, 74
2026/07/28 16:12:44.649, 297.54, 100, 74232, 74
2026/07/28 16:12:45.687, 297.64, 100, 74232, 74
2026/07/28 16:12:46.725, 297.62, 100, 74232, 74
2026/07/28 16:12:47.763, 299.31, 100, 74232, 74
2026/07/28 16:12:48.799, 305.20, 100, 74232, 74
2026/07/28 16:12:49.839, 304.30, 100, 74232, 74
2026/07/28 16:12:50.875, 296.45, 100, 74232, 74
2026/07/28 16:12:51.913, 298.03, 100, 74232, 74
2026/07/28 16:12:52.952, 304.17, 100, 74232, 74
2026/07/28 16:12:53.988, 293.86, 100, 74232, 74
2026/07/28 16:12:55.024, 297.64, 100, 74232, 74
2026/07/28 16:12:56.060, 298.03, 100, 74232, 74
2026/07/28 16:12:57.097, 305.32, 100, 74232, 74
2026/07/28 16:12:58.133, 298.02, 100, 74232, 74
2026/07/28 16:12:59.169, 294.13, 100, 74232, 74
2026/07/28 16:13:00.209, 297.45, 100, 74232, 74
2026/07/28 16:13:01.245, 296.96, 100, 74232, 74
2026/07/28 16:13:02.282, 297.88, 100, 74232, 74
2026/07/28 16:13:03.319, 304.75, 100, 74232, 74
2026/07/28 16:13:04.355, 297.53, 100, 74232, 74
2026/07/28 16:13:05.394, 298.21, 100, 74232, 74
2026/07/28 16:13:06.430, 297.35, 100, 74232, 74
2026/07/28 16:13:07.466, 296.95, 100, 74232, 74
2026/07/28 16:13:08.504, 297.82, 100, 74232, 74
2026/07/28 16:13:09.541, 298.99, 100, 74232, 74
2026/07/28 16:13:10.578, 296.86, 100, 74232, 74
2026/07/28 16:13:11.616, 297.63, 100, 74232, 74
2026/07/28 16:13:12.654, 298.60, 100, 74232, 74
2026/07/28 16:13:13.693, 302.29, 100, 74232, 74
2026/07/28 16:13:14.730, 304.94, 100, 74232, 74
2026/07/28 16:13:15.767, 301.61, 100, 74232, 74
2026/07/28 16:13:16.805, 303.85, 100, 74232, 74
2026/07/28 16:13:17.841, 304.60, 100, 74232, 74
2026/07/28 16:13:18.877, 304.43, 100, 74232, 74
2026/07/28 16:13:19.914, 303.62, 100, 74232, 73
2026/07/28 16:13:20.951, 296.40, 100, 74232, 73
2026/07/28 16:13:21.986, 296.73, 100, 74232, 73
2026/07/28 16:13:23.023, 297.13, 100, 74232, 73
2026/07/28 16:13:24.061, 295.80, 100, 74232, 73
2026/07/28 16:13:25.098, 296.38, 100, 74232, 73
2026/07/28 16:13:26.135, 296.84, 100, 74232, 73
2026/07/28 16:13:27.172, 294.12, 100, 74232, 73
2026/07/28 16:13:28.209, 295.21, 100, 74232, 73
2026/07/28 16:13:29.246, 295.69, 100, 74232, 73
2026/07/28 16:13:30.284, 295.71, 100, 74232, 73
2026/07/28 16:13:31.322, 295.32, 100, 74232, 73
2026/07/28 16:13:32.358, 299.29, 100, 74232, 73
2026/07/28 16:13:33.395, 302.86, 100, 74232, 73
2026/07/28 16:13:34.431, 298.71, 100, 74232, 72
2026/07/28 16:13:35.468, 304.70, 100, 74232, 72
2026/07/28 16:13:36.506, 299.19, 100, 74232, 72
2026/07/28 16:13:37.543, 294.44, 100, 74232, 72
2026/07/28 16:13:38.580, 294.63, 100, 74232, 72
2026/07/28 16:13:39.618, 294.33, 100, 74232, 72
2026/07/28 16:13:40.654, 302.09, 100, 74232, 72
2026/07/28 16:13:41.691, 301.64, 100, 74232, 72
2026/07/28 16:13:42.728, 302.77, 100, 74232, 72
2026/07/28 16:13:43.764, 301.33, 100, 74232, 72
2026/07/28 16:13:44.803, 300.75, 100, 74232, 72
2026/07/28 16:13:45.841, 301.02, 100, 74232, 72
2026/07/28 16:13:46.880, 299.96, 100, 74232, 72
2026/07/28 16:13:47.917, 301.70, 100, 74232, 72
2026/07/28 16:13:48.954, 301.05, 100, 74232, 72
2026/07/28 16:13:49.990, 300.58, 100, 74232, 71
2026/07/28 16:13:51.027, 300.75, 100, 74232, 71
2026/07/28 16:13:52.063, 302.28, 100, 74232, 71
2026/07/28 16:13:53.101, 301.12, 100, 74232, 71
2026/07/28 16:13:54.137, 301.41, 100, 74232, 71
2026/07/28 16:13:55.176, 300.95, 100, 74232, 71
2026/07/28 16:13:56.213, 301.30, 100, 74232, 71
2026/07/28 16:13:57.249, 300.85, 100, 74232, 71
2026/07/28 16:13:58.286, 305.86, 100, 74232, 71
2026/07/28 16:13:59.323, 306.30, 100, 74232, 71
2026/07/28 16:14:00.364, 299.97, 100, 74232, 71
2026/07/28 16:14:01.399, 300.07, 100, 74232, 71
2026/07/28 16:14:02.437, 293.83, 100, 74232, 71
2026/07/28 16:14:03.476, 292.29, 100, 74232, 71
2026/07/28 16:14:04.513, 292.40, 100, 74232, 71
2026/07/28 16:14:05.551, 292.77, 100, 74232, 71
2026/07/28 16:14:06.589, 291.44, 100, 74232, 71
2026/07/28 16:14:07.628, 299.16, 100, 74232, 70
2026/07/28 16:14:08.665, 298.71, 100, 74232, 70
2026/07/28 16:14:09.703, 299.95, 100, 74232, 70
2026/07/28 16:14:10.739, 298.11, 100, 74232, 70
2026/07/28 16:14:11.777, 299.11, 100, 74232, 70
2026/07/28 16:14:12.813, 305.39, 100, 74232, 70
2026/07/28 16:14:13.850, 299.27, 100, 74232, 70
2026/07/28 16:14:14.888, 303.26, 100, 74232, 70
2026/07/28 16:14:15.923, 299.65, 100, 74232, 70
2026/07/28 16:14:16.960, 301.68, 100, 74232, 70
2026/07/28 16:14:17.999, 299.17, 100, 74232, 70
2026/07/28 16:14:19.035, 299.38, 100, 74232, 70
2026/07/28 16:14:20.071, 298.89, 100, 74232, 70
2026/07/28 16:14:21.112, 298.40, 100, 74232, 70
2026/07/28 16:14:22.148, 271.99, 0, 74232, 70
2026/07/28 16:14:23.185, 301.61, 100, 74232, 71
2026/07/28 16:14:24.219, 308.18, 100, 74232, 71
2026/07/28 16:14:25.256, 291.71, 100, 74232, 71
2026/07/28 16:14:26.290, 283.62, 100, 74232, 72
2026/07/28 16:14:27.322, 299.90, 100, 74232, 72
2026/07/28 16:14:28.356, 302.59, 100, 74232, 72
2026/07/28 16:14:29.391, 306.30, 100, 74232, 70
2026/07/28 16:14:30.427, 307.07, 100, 74232, 70
2026/07/28 16:14:31.464, 306.11, 100, 74232, 71
2026/07/28 16:14:32.499, 299.18, 100, 74232, 71
2026/07/28 16:14:33.536, 300.64, 100, 74232, 71
2026/07/28 16:14:34.574, 299.38, 100, 74232, 71
2026/07/28 16:14:35.610, 299.58, 100, 74232, 71
2026/07/28 16:14:36.646, 300.48, 100, 74232, 71
2026/07/28 16:14:37.682, 300.14, 100, 74232, 72
2026/07/28 16:14:38.718, 301.83, 100, 74232, 72
2026/07/28 16:14:39.755, 293.27, 100, 74232, 72
2026/07/28 16:14:40.791, 293.76, 100, 74232, 72
2026/07/28 16:14:41.828, 290.24, 100, 74232, 72
2026/07/28 16:14:42.866, 294.14, 100, 74232, 72
2026/07/28 16:14:43.907, 294.66, 100, 74232, 72
2026/07/28 16:14:44.944, 293.66, 100, 74232, 72
2026/07/28 16:14:45.982, 296.07, 100, 74232, 72
2026/07/28 16:14:47.020, 294.04, 100, 74232, 72
2026/07/28 16:14:48.056, 294.62, 100, 74232, 72
2026/07/28 16:14:49.096, 294.43, 100, 74232, 72
2026/07/28 16:14:50.137, 294.33, 100, 74232, 72
2026/07/28 16:14:51.175, 295.02, 100, 74232, 73
2026/07/28 16:14:52.211, 291.22, 100, 74232, 73
2026/07/28 16:14:53.248, 302.48, 100, 74232, 73
2026/07/28 16:14:54.285, 299.97, 100, 74232, 73
2026/07/28 16:14:55.324, 294.92, 100, 74232, 73
2026/07/28 16:14:56.362, 299.60, 100, 74232, 73
2026/07/28 16:14:57.398, 302.11, 100, 74232, 73
2026/07/28 16:14:58.435, 300.05, 100, 74232, 73
2026/07/28 16:14:59.471, 303.82, 100, 74232, 73
2026/07/28 16:15:00.508, 303.74, 100, 74232, 73
2026/07/28 16:15:01.544, 303.16, 100, 74232, 73
2026/07/28 16:15:02.584, 298.41, 100, 74232, 73
2026/07/28 16:15:03.620, 304.13, 100, 74232, 73
2026/07/28 16:15:04.656, 303.66, 100, 74232, 73
2026/07/28 16:15:05.692, 303.77, 100, 74232, 73
2026/07/28 16:15:06.729, 296.27, 100, 74232, 73
2026/07/28 16:15:07.766, 292.59, 100, 74232, 73
2026/07/28 16:15:08.802, 297.07, 100, 74232, 74
2026/07/28 16:15:09.839, 296.96, 100, 74232, 74
2026/07/28 16:15:10.875, 296.66, 100, 74232, 74
2026/07/28 16:15:11.912, 297.67, 100, 74232, 74
2026/07/28 16:15:12.948, 296.39, 100, 74232, 74
2026/07/28 16:15:13.985, 299.86, 100, 74232, 74
2026/07/28 16:15:15.021, 296.58, 100, 74232, 74
2026/07/28 16:15:16.059, 297.86, 100, 74232, 74
2026/07/28 16:15:17.095, 297.06, 100, 74232, 74
2026/07/28 16:15:18.134, 296.19, 100, 74232, 74
2026/07/28 16:15:19.170, 297.83, 100, 74232, 74
2026/07/28 16:15:20.208, 297.74, 100, 74232, 74
2026/07/28 16:15:21.244, 298.41, 100, 74232, 74
2026/07/28 16:15:22.281, 296.85, 100, 74232, 74
2026/07/28 16:15:23.319, 296.97, 100, 74232, 74
2026/07/28 16:15:24.355, 296.28, 100, 74232, 74
2026/07/28 16:15:25.392, 298.14, 100, 74232, 74
2026/07/28 16:15:26.429, 297.35, 100, 74232, 74
2026/07/28 16:15:27.466, 298.52, 100, 74232, 74
2026/07/28 16:15:28.502, 297.73, 100, 74232, 74
2026/07/28 16:15:29.539, 303.45, 100, 74232, 74
2026/07/28 16:15:30.575, 305.19, 100, 74232, 74
2026/07/28 16:15:31.612, 304.13, 100, 74232, 74
2026/07/28 16:15:32.649, 300.27, 100, 74232, 74
2026/07/28 16:15:33.685, 298.64, 100, 74232, 74
2026/07/28 16:15:34.722, 297.16, 100, 74232, 74
2026/07/28 16:15:35.758, 297.64, 100, 74232, 74
2026/07/28 16:15:36.796, 297.66, 100, 74232, 74
2026/07/28 16:15:37.834, 299.26, 100, 74232, 74
2026/07/28 16:15:38.872, 297.34, 100, 74232, 74
2026/07/28 16:15:39.909, 298.04, 100, 74232, 74
2026/07/28 16:15:40.945, 297.62, 100, 74232, 74
2026/07/28 16:15:41.982, 297.86, 100, 74232, 74
2026/07/28 16:15:43.018, 297.45, 100, 74232, 74
2026/07/28 16:15:44.054, 298.72, 100, 74232, 74
2026/07/28 16:15:45.091, 301.52, 100, 74232, 74
2026/07/28 16:15:46.128, 298.83, 100, 74232, 74
2026/07/28 16:15:47.166, 297.25, 100, 74232, 74
2026/07/28 16:15:48.204, 297.05, 100, 74232, 74
2026/07/28 16:15:49.240, 298.01, 100, 74232, 74
2026/07/28 16:15:50.277, 298.43, 100, 74232, 74
2026/07/28 16:15:51.313, 297.05, 100, 74232, 74
2026/07/28 16:15:52.350, 293.84, 100, 74232, 74
2026/07/28 16:15:53.386, 297.53, 100, 74232, 74
2026/07/28 16:15:54.422, 297.36, 100, 74232, 74
2026/07/28 16:15:55.459, 300.54, 100, 74232, 74
2026/07/28 16:15:56.497, 297.53, 100, 74232, 74
2026/07/28 16:15:57.533, 298.11, 100, 74232, 74
2026/07/28 16:15:58.569, 297.35, 100, 74232, 74
2026/07/28 16:15:59.605, 296.68, 100, 74232, 74
2026/07/28 16:16:00.641, 297.84, 100, 74232, 74
2026/07/28 16:16:01.678, 299.38, 100, 74232, 74
2026/07/28 16:16:02.715, 297.53, 100, 74232, 74
2026/07/28 16:16:03.755, 299.40, 100, 74232, 74
2026/07/28 16:16:04.792, 297.24, 100, 74232, 74
2026/07/28 16:16:05.828, 297.93, 100, 74232, 74
2026/07/28 16:16:06.865, 305.08, 100, 74232, 74
2026/07/28 16:16:07.902, 298.88, 100, 74232, 74
2026/07/28 16:16:08.939, 304.23, 100, 74232, 74
2026/07/28 16:16:09.976, 299.19, 100, 74232, 74
2026/07/28 16:16:11.012, 295.59, 100, 74232, 74
2026/07/28 16:16:12.049, 294.54, 100, 74232, 74
2026/07/28 16:16:13.085, 298.71, 100, 74232, 74
2026/07/28 16:16:14.121, 304.51, 100, 74232, 74
2026/07/28 16:16:15.157, 302.02, 100, 74232, 74
2026/07/28 16:16:16.194, 299.18, 100, 74232, 74
2026/07/28 16:16:17.231, 297.62, 100, 74232, 74
2026/07/28 16:16:18.267, 298.22, 100, 74232, 74
2026/07/28 16:16:19.303, 306.18, 100, 74232, 74
2026/07/28 16:16:20.344, 298.21, 100, 74232, 74
2026/07/28 16:16:21.381, 297.72, 100, 74232, 74
2026/07/28 16:16:22.417, 300.34, 100, 74232, 74
2026/07/28 16:16:23.453, 296.95, 100, 74232, 74
2026/07/28 16:16:24.489, 305.88, 100, 74232, 74
2026/07/28 16:16:25.525, 305.98, 100, 74232, 74
2026/07/28 16:16:26.560, 296.09, 100, 74232, 74
2026/07/28 16:16:27.597, 297.62, 100, 74232, 74
2026/07/28 16:16:28.639, 298.40, 100, 74232, 74
2026/07/28 16:16:29.677, 302.00, 100, 74232, 74
2026/07/28 16:16:30.712, 298.81, 100, 74232, 74
2026/07/28 16:16:31.749, 298.25, 100, 74232, 74
2026/07/28 16:16:32.786, 298.21, 100, 74232, 74
2026/07/28 16:16:33.823, 297.81, 100, 74232, 74
2026/07/28 16:16:34.860, 298.05, 100, 74232, 74
2026/07/28 16:16:35.896, 305.02, 100, 74232, 74
2026/07/28 16:16:36.933, 297.84, 100, 74232, 74
2026/07/28 16:16:37.969, 302.17, 100, 74232, 74
2026/07/28 16:16:39.003, 302.00, 100, 74232, 74
2026/07/28 16:16:40.040, 296.93, 100, 74232, 74
2026/07/28 16:16:41.076, 304.90, 100, 74232, 74
2026/07/28 16:16:42.113, 305.09, 100, 74232, 74
2026/07/28 16:16:43.149, 302.57, 100, 74232, 74
2026/07/28 16:16:44.187, 294.04, 100, 74232, 74
2026/07/28 16:16:45.223, 297.93, 100, 74232, 74
2026/07/28 16:16:46.260, 297.81, 100, 74232, 74
2026/07/28 16:16:47.297, 299.89, 100, 74232, 74
2026/07/28 16:16:48.333, 293.85, 100, 74232, 74
2026/07/28 16:16:49.369, 298.98, 100, 74232, 74
2026/07/28 16:16:50.406, 298.43, 100, 74232, 74
2026/07/28 16:16:51.442, 300.72, 100, 74232, 74
2026/07/28 16:16:52.478, 297.91, 100, 74232, 74
2026/07/28 16:16:53.514, 297.66, 100, 74232, 74
2026/07/28 16:16:54.551, 298.24, 100, 74232, 74
2026/07/28 16:16:55.588, 298.76, 100, 74232, 74
2026/07/28 16:16:56.625, 298.05, 100, 74232, 74
2026/07/28 16:16:57.662, 297.93, 100, 74232, 74
2026/07/28 16:16:58.699, 298.30, 100, 74232, 74
2026/07/28 16:16:59.736, 299.67, 100, 74232, 74
2026/07/28 16:17:00.773, 299.55, 100, 74232, 74
2026/07/28 16:17:01.812, 302.57, 100, 74232, 74
2026/07/28 16:17:02.849, 295.51, 100, 74232, 74
2026/07/28 16:17:03.886, 297.56, 100, 74232, 74
2026/07/28 16:17:04.923, 297.75, 100, 74232, 74
2026/07/28 16:17:05.960, 301.23, 100, 74232, 74
2026/07/28 16:17:07.001, 298.32, 100, 74232, 74
2026/07/28 16:17:08.038, 304.81, 100, 74232, 74
2026/07/28 16:17:09.074, 299.20, 100, 74232, 74
2026/07/28 16:17:10.113, 297.53, 100, 74232, 74
2026/07/28 16:17:11.151, 296.16, 100, 74232, 74
2026/07/28 16:17:12.188, 298.49, 100, 74232, 74
2026/07/28 16:17:13.225, 294.81, 100, 74232, 74
2026/07/28 16:17:14.265, 297.95, 100, 74232, 74
2026/07/28 16:17:15.302, 298.52, 100, 74232, 74
2026/07/28 16:17:16.339, 297.24, 100, 74232, 74
2026/07/28 16:17:17.375, 297.73, 100, 74232, 74
2026/07/28 16:17:18.412, 295.01, 100, 74232, 74
2026/07/28 16:17:19.448, 303.57, 100, 74232, 74
2026/07/28 16:17:20.486, 295.40, 100, 74232, 74
2026/07/28 16:17:21.522, 297.43, 100, 74232, 74
2026/07/28 16:17:22.556, 298.02, 100, 74232, 74
2026/07/28 16:17:23.593, 299.75, 100, 74232, 74
2026/07/28 16:17:24.631, 294.32, 100, 74232, 74
2026/07/28 16:17:25.668, 297.82, 100, 74232, 74
2026/07/28 16:17:26.704, 299.09, 100, 74232, 74
2026/07/28 16:17:27.741, 298.22, 100, 74232, 74
2026/07/28 16:17:28.777, 298.02, 100, 74232, 74
2026/07/28 16:17:29.814, 298.59, 100, 74232, 74
2026/07/28 16:17:30.850, 299.01, 100, 74232, 74
2026/07/28 16:17:31.888, 298.11, 100, 74232, 74
2026/07/28 16:17:32.925, 297.75, 100, 74232, 74
2026/07/28 16:17:33.962, 298.23, 100, 74232, 74
2026/07/28 16:17:34.999, 304.15, 100, 74232, 74
2026/07/28 16:17:36.036, 305.78, 100, 74232, 74
2026/07/28 16:17:37.073, 304.80, 100, 74232, 74
2026/07/28 16:17:38.110, 297.13, 100, 74232, 74
2026/07/28 16:17:39.146, 293.06, 100, 74232, 74
2026/07/28 16:17:40.184, 294.13, 100, 74232, 74
2026/07/28 16:17:41.221, 296.67, 100, 74232, 74
2026/07/28 16:17:42.258, 305.08, 100, 74232, 74
2026/07/28 16:17:43.295, 305.53, 100, 74232, 74
2026/07/28 16:17:44.334, 304.72, 100, 74232, 74
2026/07/28 16:17:45.371, 304.12, 100, 74232, 74
2026/07/28 16:17:46.408, 293.86, 100, 74232, 74
2026/07/28 16:17:47.445, 293.85, 100, 74232, 74
2026/07/28 16:17:48.481, 297.92, 100, 74232, 74
2026/07/28 16:17:49.518, 296.95, 100, 74232, 74
2026/07/28 16:17:50.555, 297.90, 100, 74232, 74
2026/07/28 16:17:51.593, 297.92, 100, 74232, 74
2026/07/28 16:17:52.630, 297.23, 100, 74232, 74
2026/07/28 16:17:53.670, 304.12, 100, 74232, 74
2026/07/28 16:17:54.706, 304.22, 100, 74232, 74
2026/07/28 16:17:55.747, 298.87, 100, 74232, 74
2026/07/28 16:17:56.784, 304.41, 100, 74232, 74
2026/07/28 16:17:57.819, 297.05, 100, 74232, 74
2026/07/28 16:17:58.856, 293.48, 100, 74232, 74
2026/07/28 16:17:59.892, 296.48, 100, 74232, 74
2026/07/28 16:18:00.931, 297.24, 100, 74232, 74
2026/07/28 16:18:01.966, 296.56, 100, 74232, 73
2026/07/28 16:18:03.005, 298.22, 100, 74232, 73
2026/07/28 16:18:04.041, 296.29, 100, 74232, 73
2026/07/28 16:18:05.078, 296.67, 100, 74232, 73
2026/07/28 16:18:06.114, 304.62, 100, 74232, 73
2026/07/28 16:18:07.151, 299.85, 100, 74232, 73
2026/07/28 16:18:08.189, 296.18, 100, 74232, 73
2026/07/28 16:18:09.225, 295.78, 100, 74232, 73
2026/07/28 16:18:10.263, 296.48, 100, 74232, 73
2026/07/28 16:18:11.300, 296.28, 100, 74232, 73
2026/07/28 16:18:12.343, 299.18, 100, 74232, 73
2026/07/28 16:18:13.382, 303.16, 100, 74232, 73
2026/07/28 16:18:14.418, 302.40, 100, 74232, 73
2026/07/28 16:18:15.454, 301.50, 100, 74232, 73
2026/07/28 16:18:16.489, 302.20, 100, 74232, 72
2026/07/28 16:18:17.525, 302.48, 100, 74232, 72
2026/07/28 16:18:18.563, 301.71, 100, 74232, 72
2026/07/28 16:18:19.599, 303.29, 100, 74232, 72
2026/07/28 16:18:20.637, 301.70, 100, 74232, 72
2026/07/28 16:18:21.673, 290.34, 100, 74232, 72
2026/07/28 16:18:22.710, 295.00, 100, 74232, 72
2026/07/28 16:18:23.747, 289.68, 100, 74232, 72
2026/07/28 16:18:24.787, 302.07, 100, 74232, 72
2026/07/28 16:18:25.824, 294.93, 100, 74232, 72
2026/07/28 16:18:26.860, 294.35, 100, 74232, 71
2026/07/28 16:18:27.896, 294.03, 100, 74232, 71
2026/07/28 16:18:28.932, 293.56, 100, 74232, 71
2026/07/28 16:18:29.968, 299.27, 100, 74232, 71
2026/07/28 16:18:31.004, 294.62, 100, 74232, 71
2026/07/28 16:18:32.042, 294.14, 100, 74232, 71
2026/07/28 16:18:33.079, 292.29, 100, 74232, 71
2026/07/28 16:18:34.116, 292.49, 100, 74232, 71
2026/07/28 16:18:35.154, 299.57, 100, 74232, 71
2026/07/28 16:18:36.193, 297.53, 100, 74232, 71
2026/07/28 16:18:37.233, 299.10, 100, 74232, 70
2026/07/28 16:18:38.269, 298.61, 100, 74232, 70
2026/07/28 16:18:39.305, 299.77, 100, 74232, 70
2026/07/28 16:18:40.343, 299.30, 100, 74232, 70
2026/07/28 16:18:41.379, 305.76, 100, 74232, 70
2026/07/28 16:18:42.417, 298.71, 100, 74232, 70
2026/07/28 16:18:43.452, 298.82, 100, 74232, 70
2026/07/28 16:18:44.490, 298.70, 100, 74232, 70
2026/07/28 16:18:45.527, 299.99, 100, 74232, 70
2026/07/28 16:18:46.564, 298.40, 100, 74232, 70
2026/07/28 16:18:47.603, 300.44, 100, 74232, 70
2026/07/28 16:18:48.639, 298.60, 100, 74232, 70
2026/07/28 16:18:49.674, 298.88, 100, 74232, 70
2026/07/28 16:18:50.711, 304.80, 100, 74232, 70
2026/07/28 16:18:51.747, 299.00, 100, 74232, 70
2026/07/28 16:18:52.782, 302.28, 100, 74232, 70
2026/07/28 16:18:53.818, 305.90, 100, 74232, 70
2026/07/28 16:18:54.854, 305.52, 100, 74232, 70
2026/07/28 16:18:55.891, 298.49, 100, 74232, 70
2026/07/28 16:18:56.928, 298.32, 100, 74232, 70
2026/07/28 16:18:57.965, 298.97, 100, 74232, 69
2026/07/28 16:18:59.003, 298.58, 100, 74232, 69
2026/07/28 16:19:00.042, 300.95, 100, 74232, 69
2026/07/28 16:19:01.079, 298.12, 100, 74232, 69
2026/07/28 16:19:02.114, 297.64, 100, 74232, 69
2026/07/28 16:19:03.151, 298.99, 100, 74232, 69
2026/07/28 16:19:04.188, 296.87, 100, 74232, 69
2026/07/28 16:19:05.225, 297.35, 100, 74232, 69
2026/07/28 16:19:06.262, 297.63, 100, 74232, 69
2026/07/28 16:19:07.299, 297.43, 100, 74232, 69
2026/07/28 16:19:08.337, 297.64, 100, 74232, 69
2026/07/28 16:19:09.375, 303.92, 100, 74232, 69
2026/07/28 16:19:10.412, 305.51, 100, 74232, 69
2026/07/28 16:19:11.449, 300.82, 100, 74232, 69
2026/07/28 16:19:12.487, 303.66, 100, 74232, 69
2026/07/28 16:19:13.529, 298.21, 100, 74232, 69
2026/07/28 16:19:14.565, 296.46, 100, 74232, 69
2026/07/28 16:19:15.600, 297.06, 100, 74232, 69
2026/07/28 16:19:16.636, 303.63, 100, 74232, 69
2026/07/28 16:19:17.675, 304.79, 100, 74232, 69
2026/07/28 16:19:18.711, 296.26, 100, 74232, 69
2026/07/28 16:19:19.748, 301.06, 100, 74232, 69
2026/07/28 16:19:20.785, 304.23, 100, 74232, 69
2026/07/28 16:19:21.820, 300.65, 100, 74232, 69
2026/07/28 16:19:22.857, 92.82, 0, 74232, 65
2026/07/28 16:19:23.889, 294.22, 100, 74232, 70
2026/07/28 16:19:24.926, 291.23, 100, 74232, 70
2026/07/28 16:19:25.964, 307.33, 100, 74232, 70
2026/07/28 16:19:26.999, 297.04, 100, 74232, 70
2026/07/28 16:19:28.033, 312.50, 100, 74232, 70
2026/07/28 16:19:29.068, 289.65, 100, 74232, 70
2026/07/28 16:19:30.110, 302.29, 100, 74232, 68
2026/07/28 16:19:31.146, 303.62, 100, 74232, 69
2026/07/28 16:19:32.181, 303.07, 100, 74232, 69
2026/07/28 16:19:33.218, 303.84, 100, 74232, 69
2026/07/28 16:19:34.254, 303.73, 100, 74232, 69
2026/07/28 16:19:35.290, 303.65, 100, 74232, 69
2026/07/28 16:19:36.326, 305.30, 100, 74232, 70
2026/07/28 16:19:37.363, 304.02, 100, 74232, 70
2026/07/28 16:19:38.400, 298.13, 100, 74232, 70
2026/07/28 16:19:39.437, 293.83, 100, 74232, 70
2026/07/28 16:19:40.474, 298.20, 100, 74232, 70
2026/07/28 16:19:41.511, 304.12, 100, 74232, 70
2026/07/28 16:19:42.546, 298.04, 100, 74232, 70
2026/07/28 16:19:43.583, 299.17, 100, 74232, 71
2026/07/28 16:19:44.622, 301.41, 100, 74232, 71
2026/07/28 16:19:45.659, 298.98, 100, 74232, 71
2026/07/28 16:19:46.699, 299.47, 100, 74232, 71
2026/07/28 16:19:47.735, 296.67, 100, 74232, 71
2026/07/28 16:19:48.774, 292.19, 100, 74232, 71
2026/07/28 16:19:49.811, 294.14, 100, 74232, 71
2026/07/28 16:19:50.849, 293.17, 100, 74232, 71
2026/07/28 16:19:51.885, 292.28, 100, 74232, 71
2026/07/28 16:19:52.921, 293.47, 100, 74232, 71
2026/07/28 16:19:53.961, 289.28, 100, 74232, 72
2026/07/28 16:19:54.997, 292.57, 100, 74232, 72
2026/07/28 16:19:56.035, 300.67, 100, 74232, 72
2026/07/28 16:19:57.071, 301.02, 100, 74232, 72
2026/07/28 16:19:58.107, 300.44, 100, 74232, 72
2026/07/28 16:19:59.145, 301.53, 100, 74232, 72
2026/07/28 16:20:00.182, 301.82, 100, 74232, 72
2026/07/28 16:20:01.219, 301.72, 100, 74232, 72
2026/07/28 16:20:02.256, 301.41, 100, 74232, 72
2026/07/28 16:20:03.292, 302.21, 100, 74232, 72
2026/07/28 16:20:04.328, 301.90, 100, 74232, 72
2026/07/28 16:20:05.365, 303.13, 100, 74232, 72
2026/07/28 16:20:06.401, 301.26, 100, 74232, 72
2026/07/28 16:20:07.438, 301.62, 100, 74232, 73
2026/07/28 16:20:08.475, 295.30, 100, 74232, 72
2026/07/28 16:20:09.512, 290.84, 100, 74232, 72
2026/07/28 16:20:10.551, 296.56, 100, 74232, 73
2026/07/28 16:20:11.593, 295.60, 100, 74232, 73
2026/07/28 16:20:12.631, 305.58, 100, 74232, 73
2026/07/28 16:20:13.668, 297.53, 100, 74232, 73
2026/07/28 16:20:14.706, 296.68, 100, 74232, 73
2026/07/28 16:20:15.742, 291.60, 100, 74232, 73
2026/07/28 16:20:16.781, 291.41, 100, 74232, 73
2026/07/28 16:20:17.818, 300.92, 100, 74232, 73
2026/07/28 16:20:18.854, 299.19, 100, 74232, 73
2026/07/28 16:20:19.890, 302.11, 100, 74232, 73
2026/07/28 16:20:20.927, 302.48, 100, 74232, 73
2026/07/28 16:20:21.965, 303.35, 100, 74232, 73
2026/07/28 16:20:23.002, 301.91, 100, 74232, 73
2026/07/28 16:20:24.038, 302.87, 100, 74232, 73
2026/07/28 16:20:25.074, 306.36, 100, 74232, 73
2026/07/28 16:20:26.110, 302.86, 100, 74232, 73
2026/07/28 16:20:27.146, 300.85, 100, 74232, 73
2026/07/28 16:20:28.183, 295.68, 100, 74232, 73
2026/07/28 16:20:29.221, 291.90, 100, 74232, 73
2026/07/28 16:20:30.259, 294.62, 100, 74232, 73
2026/07/28 16:20:31.295, 295.81, 100, 74232, 73
2026/07/28 16:20:32.332, 303.18, 100, 74232, 73
2026/07/28 16:20:33.368, 294.82, 100, 74232, 73
2026/07/28 16:20:34.410, 302.39, 100, 74232, 73
2026/07/28 16:20:35.446, 295.32, 100, 74232, 73
2026/07/28 16:20:36.483, 292.39, 100, 74232, 73
2026/07/28 16:20:37.518, 295.71, 100, 74232, 73
2026/07/28 16:20:38.556, 302.01, 100, 74232, 73
2026/07/28 16:20:39.594, 300.93, 100, 74232, 73
2026/07/28 16:20:40.633, 296.87, 100, 74232, 73
2026/07/28 16:20:41.669, 301.92, 100, 74232, 73
2026/07/28 16:20:42.707, 304.37, 100, 74232, 74
2026/07/28 16:20:43.744, 304.22, 100, 74232, 73
2026/07/28 16:20:44.783, 303.83, 100, 74232, 73
2026/07/28 16:20:45.819, 297.63, 100, 74232, 73
2026/07/28 16:20:46.856, 296.48, 100, 74232, 73
2026/07/28 16:20:47.893, 296.95, 100, 74232, 73
2026/07/28 16:20:48.930, 296.66, 100, 74232, 74
2026/07/28 16:20:49.967, 296.17, 100, 74232, 74
2026/07/28 16:20:51.003, 296.00, 100, 74232, 74
2026/07/28 16:20:52.040, 297.24, 100, 74232, 74
2026/07/28 16:20:53.077, 296.66, 100, 74232, 74
2026/07/28 16:20:54.114, 296.48, 100, 74232, 74
2026/07/28 16:20:55.151, 296.77, 100, 74232, 74
2026/07/28 16:20:56.188, 293.09, 100, 74232, 74
2026/07/28 16:20:57.224, 297.05, 100, 74232, 74
2026/07/28 16:20:58.261, 296.77, 100, 74232, 74
2026/07/28 16:20:59.297, 292.89, 100, 74232, 74
2026/07/28 16:21:00.335, 295.59, 100, 74232, 74
2026/07/28 16:21:01.372, 296.45, 100, 74232, 74
2026/07/28 16:21:02.409, 296.29, 100, 74232, 74
2026/07/28 16:21:03.445, 300.85, 100, 74232, 74
2026/07/28 16:21:04.481, 296.38, 100, 74232, 74
2026/07/28 16:21:05.518, 297.25, 100, 74232, 74
2026/07/28 16:21:06.556, 296.77, 100, 74232, 74
2026/07/28 16:21:07.594, 297.26, 100, 74232, 74
2026/07/28 16:21:08.631, 303.75, 100, 74232, 74
2026/07/28 16:21:09.670, 300.84, 100, 74232, 74
2026/07/28 16:21:10.707, 300.73, 100, 74232, 74
2026/07/28 16:21:11.744, 302.58, 100, 74232, 74
2026/07/28 16:21:12.780, 297.44, 100, 74232, 74
2026/07/28 16:21:13.816, 299.76, 100, 74232, 74
2026/07/28 16:21:14.852, 296.46, 100, 74232, 74
2026/07/28 16:21:15.892, 293.75, 100, 74232, 74
2026/07/28 16:21:16.928, 299.38, 100, 74232, 74
2026/07/28 16:21:17.966, 294.32, 100, 74232, 74
2026/07/28 16:21:19.001, 296.95, 100, 74232, 74
2026/07/28 16:21:20.037, 297.65, 100, 74232, 74
2026/07/28 16:21:21.073, 297.07, 100, 74232, 74
2026/07/28 16:21:22.115, 297.15, 100, 74232, 74
2026/07/28 16:21:23.153, 296.57, 100, 74232, 74
2026/07/28 16:21:24.189, 297.34, 100, 74232, 74
2026/07/28 16:21:25.227, 296.96, 100, 74232, 74
2026/07/28 16:21:26.265, 297.23, 100, 74232, 74
2026/07/28 16:21:27.304, 296.78, 100, 74232, 74
2026/07/28 16:21:28.341, 296.95, 100, 74232, 74
2026/07/28 16:21:29.383, 296.26, 100, 74232, 74
2026/07/28 16:21:30.421, 298.61, 100, 74232, 74
2026/07/28 16:21:31.457, 296.48, 100, 74232, 74
2026/07/28 16:21:32.495, 297.56, 100, 74232, 74
2026/07/28 16:21:33.531, 296.86, 100, 74232, 74
2026/07/28 16:21:34.569, 297.25, 100, 74232, 74
2026/07/28 16:21:35.606, 297.15, 100, 74232, 74
2026/07/28 16:21:36.643, 298.02, 100, 74232, 74
2026/07/28 16:21:37.680, 296.86, 100, 74232, 74
2026/07/28 16:21:38.717, 303.35, 100, 74232, 74
2026/07/28 16:21:39.756, 297.25, 100, 74232, 74
2026/07/28 16:21:40.793, 293.36, 100, 74232, 74
2026/07/28 16:21:41.835, 296.85, 100, 74232, 74
2026/07/28 16:21:42.871, 301.51, 100, 74232, 74
2026/07/28 16:21:43.908, 303.35, 100, 74232, 74
2026/07/28 16:21:44.947, 303.18, 100, 74232, 74
2026/07/28 16:21:45.983, 304.51, 100, 74232, 74
2026/07/28 16:21:47.019, 305.42, 100, 74232, 74
2026/07/28 16:21:48.056, 298.89, 100, 74232, 74
2026/07/28 16:21:49.094, 298.49, 100, 74232, 74
2026/07/28 16:21:50.131, 297.24, 100, 74232, 74
2026/07/28 16:21:51.168, 297.85, 100, 74232, 74
2026/07/28 16:21:52.206, 297.35, 100, 74232, 74
2026/07/28 16:21:53.242, 297.94, 100, 74232, 74
2026/07/28 16:21:54.280, 297.43, 100, 74232, 74
2026/07/28 16:21:55.318, 298.42, 100, 74232, 74
2026/07/28 16:21:56.355, 297.66, 100, 74232, 74
2026/07/28 16:21:57.392, 299.35, 100, 74232, 74
2026/07/28 16:21:58.429, 297.35, 100, 74232, 74
2026/07/28 16:21:59.466, 296.45, 100, 74232, 74
2026/07/28 16:22:00.503, 297.14, 100, 74232, 74
2026/07/28 16:22:01.540, 298.12, 100, 74232, 74
2026/07/28 16:22:02.577, 297.35, 100, 74232, 74
2026/07/28 16:22:03.615, 298.51, 100, 74232, 74
2026/07/28 16:22:04.654, 297.55, 100, 74232, 74
2026/07/28 16:22:05.691, 297.18, 100, 74232, 74
2026/07/28 16:22:06.727, 297.45, 100, 74232, 74
2026/07/28 16:22:07.765, 303.46, 100, 74232, 74
2026/07/28 16:22:08.802, 297.65, 100, 74232, 74
2026/07/28 16:22:09.840, 297.73, 100, 74232, 74
2026/07/28 16:22:10.876, 297.14, 100, 74232, 74
2026/07/28 16:22:11.915, 304.81, 100, 74232, 74
2026/07/28 16:22:12.951, 300.94, 100, 74232, 74
2026/07/28 16:22:13.989, 304.36, 100, 74232, 74
2026/07/28 16:22:15.028, 305.59, 100, 74232, 74
2026/07/28 16:22:16.066, 301.31, 100, 74232, 74
2026/07/28 16:22:17.106, 298.54, 100, 74232, 74
2026/07/28 16:22:18.144, 296.37, 100, 74232, 74
2026/07/28 16:22:19.181, 296.95, 100, 74232, 74
2026/07/28 16:22:20.218, 297.03, 100, 74232, 74
2026/07/28 16:22:21.257, 295.29, 100, 74232, 74
2026/07/28 16:22:22.295, 304.65, 100, 74232, 74
2026/07/28 16:22:23.332, 297.44, 100, 74232, 74
2026/07/28 16:22:24.369, 296.85, 100, 74232, 74
2026/07/28 16:22:25.406, 304.42, 100, 74232, 74
2026/07/28 16:22:26.450, 295.98, 100, 74232, 74
2026/07/28 16:22:27.488, 297.73, 100, 74232, 74
2026/07/28 16:22:28.524, 297.34, 100, 74232, 74
2026/07/28 16:22:29.563, 293.47, 100, 74232, 74
2026/07/28 16:22:30.600, 296.97, 100, 74232, 74
2026/07/28 16:22:31.638, 297.24, 100, 74232, 74
2026/07/28 16:22:32.676, 297.45, 100, 74232, 74
2026/07/28 16:22:33.717, 301.35, 100, 74232, 74
2026/07/28 16:22:34.755, 300.64, 100, 74232, 74
2026/07/28 16:22:35.791, 297.14, 100, 74232, 74
2026/07/28 16:22:36.828, 297.76, 100, 74232, 74
2026/07/28 16:22:37.866, 297.05, 100, 74232, 74
2026/07/28 16:22:38.904, 296.74, 100, 74232, 74
2026/07/28 16:22:39.941, 297.85, 100, 74232, 74
2026/07/28 16:22:40.980, 296.95, 100, 74232, 74
2026/07/28 16:22:42.017, 297.84, 100, 74232, 74
2026/07/28 16:22:43.056, 297.64, 100, 74232, 74
2026/07/28 16:22:44.094, 294.06, 100, 74232, 74
2026/07/28 16:22:45.133, 298.70, 100, 74232, 74
2026/07/28 16:22:46.170, 297.36, 100, 74232, 74
2026/07/28 16:22:47.208, 297.51, 100, 74232, 74
2026/07/28 16:22:48.247, 298.41, 100, 74232, 74
2026/07/28 16:22:49.285, 297.35, 100, 74232, 74
2026/07/28 16:22:50.323, 300.14, 100, 74232, 74
2026/07/28 16:22:51.363, 304.72, 100, 74232, 74
2026/07/28 16:22:52.400, 294.22, 100, 74232, 74
2026/07/28 16:22:53.437, 296.76, 100, 74232, 74
2026/07/28 16:22:54.474, 296.74, 100, 74232, 74
2026/07/28 16:22:55.510, 297.95, 100, 74232, 74
2026/07/28 16:22:56.548, 297.07, 100, 74232, 74
2026/07/28 16:22:57.586, 303.29, 100, 74232, 74
2026/07/28 16:22:58.624, 297.74, 100, 74232, 74
2026/07/28 16:22:59.662, 295.80, 100, 74232, 74
2026/07/28 16:23:00.699, 296.97, 100, 74232, 74
2026/07/28 16:23:01.737, 297.74, 100, 74232, 74
2026/07/28 16:23:02.775, 298.81, 100, 74232, 74
2026/07/28 16:23:03.813, 297.63, 100, 74232, 74
2026/07/28 16:23:04.849, 297.82, 100, 74232, 74
2026/07/28 16:23:05.889, 298.00, 100, 74232, 74
2026/07/28 16:23:06.926, 297.25, 100, 74232, 74
2026/07/28 16:23:07.964, 297.63, 100, 74232, 74
2026/07/28 16:23:09.001, 297.34, 100, 74232, 74
2026/07/28 16:23:10.040, 298.49, 100, 74232, 74
2026/07/28 16:23:11.076, 297.15, 100, 74232, 74
2026/07/28 16:23:12.114, 299.04, 100, 74232, 74
2026/07/28 16:23:13.151, 297.65, 100, 74232, 74
2026/07/28 16:23:14.188, 298.12, 100, 74232, 74
2026/07/28 16:23:15.225, 297.64, 100, 74232, 73
2026/07/28 16:23:16.265, 301.71, 100, 74232, 73
2026/07/28 16:23:17.302, 304.17, 100, 74232, 73
2026/07/28 16:23:18.340, 306.02, 100, 74232, 73
2026/07/28 16:23:19.380, 293.08, 100, 74232, 73
2026/07/28 16:23:20.417, 303.53, 100, 74232, 73
2026/07/28 16:23:21.458, 298.57, 100, 74232, 73
2026/07/28 16:23:22.497, 296.08, 100, 74232, 73
2026/07/28 16:23:23.535, 295.97, 100, 74232, 73
2026/07/28 16:23:24.578, 304.81, 100, 74232, 73
2026/07/28 16:23:25.618, 296.09, 100, 74232, 73
2026/07/28 16:23:26.655, 298.22, 100, 74232, 73
2026/07/28 16:23:27.692, 296.17, 100, 74232, 73
2026/07/28 16:23:28.730, 295.39, 100, 74232, 73
2026/07/28 16:23:29.768, 296.08, 100, 74232, 73
2026/07/28 16:23:30.807, 294.92, 100, 74232, 73
2026/07/28 16:23:31.845, 302.76, 100, 74232, 73
2026/07/28 16:23:32.883, 298.40, 100, 74232, 73
2026/07/28 16:23:33.920, 295.79, 100, 74232, 72
2026/07/28 16:23:34.958, 296.27, 100, 74232, 72
2026/07/28 16:23:35.995, 298.31, 100, 74232, 73
2026/07/28 16:23:37.032, 299.52, 100, 74232, 72
2026/07/28 16:23:38.069, 299.49, 100, 74232, 72
2026/07/28 16:23:39.105, 301.74, 100, 74232, 72
2026/07/28 16:23:40.143, 303.09, 100, 74232, 72
2026/07/28 16:23:41.179, 301.91, 100, 74232, 72
2026/07/28 16:23:42.216, 301.20, 100, 74232, 72
2026/07/28 16:23:43.252, 297.94, 100, 74232, 72
2026/07/28 16:23:44.289, 300.53, 100, 74232, 72
2026/07/28 16:23:45.327, 298.42, 100, 74232, 72
2026/07/28 16:23:46.365, 302.09, 100, 74232, 72
2026/07/28 16:23:47.402, 301.91, 100, 74232, 72
2026/07/28 16:23:48.440, 301.81, 100, 74232, 72
2026/07/28 16:23:49.477, 301.63, 100, 74232, 72
2026/07/28 16:23:50.518, 294.04, 100, 74232, 72
2026/07/28 16:23:51.555, 291.06, 100, 74232, 72
2026/07/28 16:23:52.592, 294.04, 100, 74232, 72
2026/07/28 16:23:53.630, 292.47, 100, 74232, 72
2026/07/28 16:23:54.670, 301.21, 100, 74232, 72
2026/07/28 16:23:55.708, 301.02, 100, 74232, 72
2026/07/28 16:23:56.745, 301.00, 100, 74232, 72
2026/07/28 16:23:57.782, 298.53, 100, 74232, 72
2026/07/28 16:23:58.822, 300.17, 100, 74232, 72
2026/07/28 16:23:59.859, 301.81, 100, 74232, 71
2026/07/28 16:24:00.897, 301.51, 100, 74232, 71
2026/07/28 16:24:01.935, 300.83, 100, 74232, 71
2026/07/28 16:24:02.973, 301.49, 100, 74232, 71
2026/07/28 16:24:04.011, 301.02, 100, 74232, 71
2026/07/28 16:24:05.049, 293.36, 100, 74232, 71
2026/07/28 16:24:06.087, 295.81, 100, 74232, 71
2026/07/28 16:24:07.128, 292.76, 100, 74232, 71
2026/07/28 16:24:08.165, 292.87, 100, 74232, 71
2026/07/28 16:24:09.203, 294.62, 100, 74232, 71
2026/07/28 16:24:10.241, 293.46, 100, 74232, 71
2026/07/28 16:24:11.279, 289.18, 100, 74232, 71
2026/07/28 16:24:12.316, 290.13, 100, 74232, 71
2026/07/28 16:24:13.355, 292.68, 100, 74232, 71
2026/07/28 16:24:14.395, 298.50, 100, 74232, 71
2026/07/28 16:24:15.433, 292.77, 100, 74232, 71
2026/07/28 16:24:16.471, 292.76, 100, 74232, 71
2026/07/28 16:24:17.509, 300.22, 100, 74232, 71
2026/07/28 16:24:18.546, 296.63, 100, 74232, 71
2026/07/28 16:24:19.583, 302.02, 100, 74232, 71
2026/07/28 16:24:20.621, 298.59, 100, 74232, 71
2026/07/28 16:24:21.660, 299.66, 100, 74232, 71
2026/07/28 16:24:22.698, 300.73, 100, 74232, 71
2026/07/28 16:24:23.735, 96.89, 0, 74232, 68
2026/07/28 16:24:24.767, 94.85, 0, 74232, 67
2026/07/28 16:24:25.798, 93.38, 0, 74232, 66
2026/07/28 16:24:26.832, 92.33, 0, 74232, 66
2026/07/28 16:24:27.864, 92.94, 0, 74232, 65
2026/07/28 16:24:28.896, 91.27, 0, 74232, 64
2026/07/28 16:24:29.928, 90.38, 0, 74232, 64
2026/07/28 16:24:30.960, 90.83, 0, 74232, 64
2026/07/28 16:24:31.991, 90.79, 0, 74232, 63
2026/07/28 16:24:33.023, 89.49, 0, 74232, 63
2026/07/28 16:24:34.054, 90.09, 0, 74232, 63
2026/07/28 16:24:35.086, 88.36, 0, 74232, 62
2026/07/28 16:24:36.118, 89.58, 0, 74232, 62
2026/07/28 16:24:37.150, 89.01, 0, 74232, 62
2026/07/28 16:24:38.183, 88.43, 0, 74232, 62
2026/07/28 16:24:39.215, 87.56, 0, 74232, 61
2026/07/28 16:24:40.251, 309.05, 100, 74232, 67
2026/07/28 16:24:41.286, 316.40, 100, 74232, 67
2026/07/28 16:24:42.321, 299.58, 100, 74232, 68
2026/07/28 16:24:43.356, 309.96, 100, 74232, 68
2026/07/28 16:24:44.391, 306.32, 100, 74232, 68
2026/07/28 16:24:45.427, 303.09, 100, 74232, 68
2026/07/28 16:24:46.463, 300.91, 100, 74232, 67
2026/07/28 16:24:47.501, 301.80, 100, 74232, 67
2026/07/28 16:24:48.539, 301.80, 100, 74232, 68
2026/07/28 16:24:49.576, 302.71, 100, 74232, 68
2026/07/28 16:24:50.614, 295.21, 100, 74232, 68
2026/07/28 16:24:51.650, 291.30, 100, 74232, 68
2026/07/28 16:24:52.694, 292.67, 100, 74232, 69
2026/07/28 16:24:53.731, 296.84, 100, 74232, 69
2026/07/28 16:24:54.767, 303.39, 100, 74232, 69
2026/07/28 16:24:55.803, 297.54, 100, 74232, 69
2026/07/28 16:24:56.842, 296.87, 100, 74232, 70
2026/07/28 16:24:57.878, 297.03, 100, 74232, 70
2026/07/28 16:24:58.916, 296.38, 100, 74232, 70
2026/07/28 16:24:59.957, 298.23, 100, 74232, 70
2026/07/28 16:25:01.000, 295.11, 100, 74232, 70
2026/07/28 16:25:02.038, 291.23, 100, 74232, 70
2026/07/28 16:25:03.079, 288.88, 100, 74232, 70
2026/07/28 16:25:04.117, 293.55, 100, 74232, 71
2026/07/28 16:25:05.154, 291.03, 100, 74232, 71
2026/07/28 16:25:06.194, 292.87, 100, 74232, 71
2026/07/28 16:25:07.232, 298.60, 100, 74232, 71
2026/07/28 16:25:08.270, 293.44, 100, 74232, 71
2026/07/28 16:25:09.308, 302.30, 100, 74232, 71
2026/07/28 16:25:10.347, 306.37, 100, 74232, 72
2026/07/28 16:25:11.385, 302.50, 100, 74232, 72
2026/07/28 16:25:12.422, 300.26, 100, 74232, 72
2026/07/28 16:25:13.459, 302.76, 100, 74232, 72
2026/07/28 16:25:14.496, 300.53, 100, 74232, 72
2026/07/28 16:25:15.535, 301.51, 100, 74232, 72
2026/07/28 16:25:16.573, 301.90, 100, 74232, 72
2026/07/28 16:25:17.611, 300.93, 100, 74232, 72
2026/07/28 16:25:18.648, 301.43, 100, 74232, 72
2026/07/28 16:25:19.686, 302.21, 100, 74232, 72
2026/07/28 16:25:20.726, 302.47, 100, 74232, 73
2026/07/28 16:25:21.762, 302.02, 100, 74232, 73
2026/07/28 16:25:22.800, 301.99, 100, 74232, 73
2026/07/28 16:25:23.839, 302.28, 100, 74232, 73
2026/07/28 16:25:24.876, 302.99, 100, 74232, 73
2026/07/28 16:25:25.921, 302.99, 100, 74232, 73
2026/07/28 16:25:26.959, 297.65, 100, 74232, 73
2026/07/28 16:25:27.997, 295.32, 100, 74232, 73
2026/07/28 16:25:29.035, 299.76, 100, 74232, 73
2026/07/28 16:25:30.072, 295.79, 100, 74232, 73
2026/07/28 16:25:31.109, 292.78, 100, 74232, 73
2026/07/28 16:25:32.148, 294.83, 100, 74232, 73
2026/07/28 16:25:33.184, 297.18, 100, 74232, 73
2026/07/28 16:25:34.222, 298.52, 100, 74232, 73
2026/07/28 16:25:35.261, 295.13, 100, 74232, 73
2026/07/28 16:25:36.300, 296.28, 100, 74232, 73
2026/07/28 16:25:37.337, 296.38, 100, 74232, 73
2026/07/28 16:25:38.375, 299.18, 100, 74232, 73
2026/07/28 16:25:39.412, 296.20, 100, 74232, 73
2026/07/28 16:25:40.449, 295.88, 100, 74232, 74
2026/07/28 16:25:41.487, 296.37, 100, 74232, 74
2026/07/28 16:25:42.524, 303.09, 100, 74232, 74
2026/07/28 16:25:43.561, 300.63, 100, 74232, 74
2026/07/28 16:25:44.597, 303.34, 100, 74232, 74
2026/07/28 16:25:45.634, 303.88, 100, 74232, 74
2026/07/28 16:25:46.673, 305.13, 100, 74232, 74
2026/07/28 16:25:47.710, 304.13, 100, 74232, 74
2026/07/28 16:25:48.747, 303.24, 100, 74232, 74
2026/07/28 16:25:49.784, 296.68, 100, 74232, 74
2026/07/28 16:25:50.822, 304.02, 100, 74232, 74
2026/07/28 16:25:51.860, 304.72, 100, 74232, 74
2026/07/28 16:25:52.897, 299.16, 100, 74232, 74
2026/07/28 16:25:53.934, 297.05, 100, 74232, 74
2026/07/28 16:25:54.972, 297.65, 100, 74232, 74
2026/07/28 16:25:56.011, 297.25, 100, 74232, 74
2026/07/28 16:25:57.047, 300.86, 100, 74232, 74
2026/07/28 16:25:58.084, 297.16, 100, 74232, 74
2026/07/28 16:25:59.122, 297.04, 100, 74232, 74
2026/07/28 16:26:00.159, 296.19, 100, 74232, 74
2026/07/28 16:26:01.197, 297.44, 100, 74232, 74
2026/07/28 16:26:02.235, 296.56, 100, 74232, 74
2026/07/28 16:26:03.274, 297.64, 100, 74232, 74
2026/07/28 16:26:04.312, 296.48, 100, 74232, 74
2026/07/28 16:26:05.350, 296.46, 100, 74232, 74
2026/07/28 16:26:06.388, 296.39, 100, 74232, 74
2026/07/28 16:26:07.424, 296.56, 100, 74232, 74
2026/07/28 16:26:08.462, 298.43, 100, 74232, 74
2026/07/28 16:26:09.499, 297.46, 100, 74232, 74
2026/07/28 16:26:10.539, 297.25, 100, 74232, 74
2026/07/28 16:26:11.577, 296.78, 100, 74232, 74
2026/07/28 16:26:12.614, 304.20, 100, 74232, 74
2026/07/28 16:26:13.653, 305.10, 100, 74232, 74
2026/07/28 16:26:14.691, 296.58, 100, 74232, 74
2026/07/28 16:26:15.733, 297.93, 100, 74232, 74
2026/07/28 16:26:16.771, 297.32, 100, 74232, 74
2026/07/28 16:26:17.808, 296.58, 100, 74232, 74
2026/07/28 16:26:18.846, 301.34, 100, 74232, 74
2026/07/28 16:26:19.883, 304.95, 100, 74232, 74
2026/07/28 16:26:20.922, 302.11, 100, 74232, 74
2026/07/28 16:26:21.960, 305.00, 100, 74232, 74
2026/07/28 16:26:22.998, 299.40, 100, 74232, 74
2026/07/28 16:26:24.036, 294.05, 100, 74232, 74
2026/07/28 16:26:25.074, 297.63, 100, 74232, 74
2026/07/28 16:26:26.114, 294.04, 100, 74232, 74
2026/07/28 16:26:27.155, 298.42, 100, 74232, 74
2026/07/28 16:26:28.191, 298.43, 100, 74232, 74
2026/07/28 16:26:29.229, 298.52, 100, 74232, 74
2026/07/28 16:26:30.266, 297.64, 100, 74232, 74
2026/07/28 16:26:31.303, 298.52, 100, 74232, 74
2026/07/28 16:26:32.340, 297.55, 100, 74232, 74
2026/07/28 16:26:33.378, 298.88, 100, 74232, 74
2026/07/28 16:26:34.415, 298.40, 100, 74232, 74
2026/07/28 16:26:35.453, 306.50, 100, 74232, 74
2026/07/28 16:26:36.490, 305.47, 100, 74232, 74
2026/07/28 16:26:37.532, 305.01, 100, 74232, 74
2026/07/28 16:26:38.570, 304.52, 100, 74232, 74
2026/07/28 16:26:39.608, 297.84, 100, 74232, 74
2026/07/28 16:26:40.648, 297.62, 100, 74232, 74
2026/07/28 16:26:41.687, 300.65, 100, 74232, 74
2026/07/28 16:26:42.725, 296.95, 100, 74232, 74
2026/07/28 16:26:43.764, 297.36, 100, 74232, 74
2026/07/28 16:26:44.801, 298.79, 100, 74232, 74
2026/07/28 16:26:45.839, 296.18, 100, 74232, 74
2026/07/28 16:26:46.878, 298.41, 100, 74232, 74
2026/07/28 16:26:47.915, 294.23, 100, 74232, 74
2026/07/28 16:26:48.953, 287.03, 100, 74232, 74
2026/07/28 16:26:49.991, 299.07, 100, 74232, 74
2026/07/28 16:26:51.027, 297.16, 100, 74232, 74
2026/07/28 16:26:52.064, 297.25, 100, 74232, 74
2026/07/28 16:26:53.100, 298.30, 100, 74232, 74
2026/07/28 16:26:54.136, 297.84, 100, 74232, 74
2026/07/28 16:26:55.173, 305.71, 100, 74232, 74
2026/07/28 16:26:56.210, 300.05, 100, 74232, 74
2026/07/28 16:26:57.249, 298.51, 100, 74232, 74
2026/07/28 16:26:58.285, 305.54, 100, 74232, 74
2026/07/28 16:26:59.322, 297.92, 100, 74232, 74
2026/07/28 16:27:00.359, 297.14, 100, 74232, 74
2026/07/28 16:27:01.396, 298.70, 100, 74232, 74
2026/07/28 16:27:02.432, 300.17, 100, 74232, 74
2026/07/28 16:27:03.470, 298.51, 100, 74232, 74
2026/07/28 16:27:04.508, 298.34, 100, 74232, 74
2026/07/28 16:27:05.545, 297.65, 100, 74232, 74
2026/07/28 16:27:06.583, 298.26, 100, 74232, 74
2026/07/28 16:27:07.621, 297.90, 100, 74232, 74
2026/07/28 16:27:08.658, 297.54, 100, 74232, 74
2026/07/28 16:27:09.695, 297.54, 100, 74232, 74
2026/07/28 16:27:10.733, 305.84, 100, 74232, 74
2026/07/28 16:27:11.771, 297.76, 100, 74232, 74
2026/07/28 16:27:12.808, 302.77, 100, 74232, 74
2026/07/28 16:27:13.849, 297.92, 100, 74232, 74
2026/07/28 16:27:14.887, 294.62, 100, 74232, 74
2026/07/28 16:27:15.925, 297.35, 100, 74232, 74
2026/07/28 16:27:16.963, 298.33, 100, 74232, 74
2026/07/28 16:27:18.001, 299.80, 100, 74232, 74
2026/07/28 16:27:19.038, 306.25, 100, 74232, 74
2026/07/28 16:27:20.075, 300.37, 100, 74232, 75
2026/07/28 16:27:21.113, 294.61, 100, 74232, 74
2026/07/28 16:27:22.150, 297.92, 100, 74232, 74
2026/07/28 16:27:23.190, 300.07, 100, 74232, 75
2026/07/28 16:27:24.227, 298.52, 100, 74232, 74
2026/07/28 16:27:25.265, 298.21, 100, 74232, 74
2026/07/28 16:27:26.301, 297.72, 100, 74232, 74
2026/07/28 16:27:27.339, 297.23, 100, 74232, 74
2026/07/28 16:27:28.376, 297.54, 100, 74232, 74
2026/07/28 16:27:29.413, 298.50, 100, 74232, 74
2026/07/28 16:27:30.451, 299.00, 100, 74232, 74
2026/07/28 16:27:31.488, 298.20, 100, 74232, 74
2026/07/28 16:27:32.526, 299.27, 100, 74232, 74
2026/07/28 16:27:33.563, 294.14, 100, 74232, 74
2026/07/28 16:27:34.602, 303.83, 100, 74232, 74
2026/07/28 16:27:35.640, 305.48, 100, 74232, 74
2026/07/28 16:27:36.678, 294.64, 100, 74232, 74
2026/07/28 16:27:37.716, 298.59, 100, 74232, 74
2026/07/28 16:27:38.753, 304.50, 100, 74232, 74
2026/07/28 16:27:39.790, 303.06, 100, 74232, 74
2026/07/28 16:27:40.827, 300.05, 100, 74232, 74
2026/07/28 16:27:41.865, 298.61, 100, 74232, 74
2026/07/28 16:27:42.902, 293.08, 100, 74232, 74
2026/07/28 16:27:43.943, 298.51, 100, 74232, 74
2026/07/28 16:27:44.979, 297.73, 100, 74232, 74
2026/07/28 16:27:46.017, 297.81, 100, 74232, 74
2026/07/28 16:27:47.054, 297.17, 100, 74232, 74
2026/07/28 16:27:48.096, 297.74, 100, 74232, 74
2026/07/28 16:27:49.134, 297.25, 100, 74232, 74
2026/07/28 16:27:50.173, 293.75, 100, 74232, 74
2026/07/28 16:27:51.214, 299.48, 100, 74232, 74
2026/07/28 16:27:52.251, 297.07, 100, 74232, 74
2026/07/28 16:27:53.288, 298.29, 100, 74232, 74
2026/07/28 16:27:54.325, 298.13, 100, 74232, 74
2026/07/28 16:27:55.362, 293.94, 100, 74232, 74
2026/07/28 16:27:56.400, 297.46, 100, 74232, 74
2026/07/28 16:27:57.437, 302.97, 100, 74232, 74
2026/07/28 16:27:58.475, 302.58, 100, 74232, 74
2026/07/28 16:27:59.512, 297.81, 100, 74232, 74
2026/07/28 16:28:00.551, 304.49, 100, 74232, 74
2026/07/28 16:28:01.592, 294.22, 100, 74232, 74
2026/07/28 16:28:02.630, 301.05, 100, 74232, 74
2026/07/28 16:28:03.668, 297.72, 100, 74232, 74
2026/07/28 16:28:04.706, 293.47, 100, 74232, 74
2026/07/28 16:28:05.744, 296.68, 100, 74232, 74
2026/07/28 16:28:06.782, 296.48, 100, 74232, 73
2026/07/28 16:28:07.819, 297.84, 100, 74232, 73
2026/07/28 16:28:08.856, 296.28, 100, 74232, 73
2026/07/28 16:28:09.894, 302.67, 100, 74232, 73
2026/07/28 16:28:10.932, 302.77, 100, 74232, 73
2026/07/28 16:28:11.969, 297.14, 100, 74232, 73
2026/07/28 16:28:13.008, 300.76, 100, 74232, 73
2026/07/28 16:28:14.046, 292.97, 100, 74232, 73
2026/07/28 16:28:15.087, 291.43, 100, 74232, 73
2026/07/28 16:28:16.124, 292.11, 100, 74232, 73
2026/07/28 16:28:17.162, 292.90, 100, 74232, 73
2026/07/28 16:28:18.199, 303.16, 100, 74232, 73
2026/07/28 16:28:19.236, 303.46, 100, 74232, 73
2026/07/28 16:28:20.274, 303.63, 100, 74232, 73
2026/07/28 16:28:21.311, 297.73, 100, 74232, 73
2026/07/28 16:28:22.355, 303.65, 100, 74232, 73
2026/07/28 16:28:23.393, 303.50, 100, 74232, 73
2026/07/28 16:28:24.431, 297.03, 100, 74232, 73
2026/07/28 16:28:25.468, 293.65, 100, 74232, 73
2026/07/28 16:28:26.504, 292.99, 100, 74232, 73
2026/07/28 16:28:27.542, 296.07, 100, 74232, 73
2026/07/28 16:28:28.578, 296.39, 100, 74232, 73
2026/07/28 16:28:29.615, 297.46, 100, 74232, 73
2026/07/28 16:28:30.656, 297.53, 100, 74232, 73
2026/07/28 16:28:31.693, 304.41, 100, 74232, 73
2026/07/28 16:28:32.730, 294.42, 100, 74232, 73
2026/07/28 16:28:33.767, 292.48, 100, 74232, 73
2026/07/28 16:28:34.804, 303.43, 100, 74232, 73
2026/07/28 16:28:35.843, 303.36, 100, 74232, 73
2026/07/28 16:28:36.882, 302.11, 100, 74232, 73
2026/07/28 16:28:37.918, 295.30, 100, 74232, 73
2026/07/28 16:28:38.955, 291.80, 100, 74232, 73
2026/07/28 16:28:39.993, 296.37, 100, 74232, 73
2026/07/28 16:28:41.029, 299.95, 100, 74232, 73
2026/07/28 16:28:42.066, 305.18, 100, 74232, 73
2026/07/28 16:28:43.103, 303.74, 100, 74232, 73
2026/07/28 16:28:44.141, 302.67, 100, 74232, 73
2026/07/28 16:28:45.177, 303.55, 100, 74232, 73
2026/07/28 16:28:46.218, 304.60, 100, 74232, 73
2026/07/28 16:28:47.255, 303.07, 100, 74232, 73
2026/07/28 16:28:48.292, 295.61, 100, 74232, 73
2026/07/28 16:28:49.330, 291.90, 100, 74232, 73
2026/07/28 16:28:50.368, 292.09, 100, 74232, 73
2026/07/28 16:28:51.408, 299.18, 100, 74232, 73
2026/07/28 16:28:52.446, 295.89, 100, 74232, 73
2026/07/28 16:28:53.484, 302.00, 100, 74232, 73
2026/07/28 16:28:54.522, 300.27, 100, 74232, 73
2026/07/28 16:28:55.560, 298.03, 100, 74232, 73
2026/07/28 16:28:56.598, 296.27, 100, 74232, 73
2026/07/28 16:28:57.635, 292.68, 100, 74232, 73
2026/07/28 16:28:58.673, 295.32, 100, 74232, 73
2026/07/28 16:28:59.710, 301.60, 100, 74232, 73
2026/07/28 16:29:00.747, 299.07, 100, 74232, 73
2026/07/28 16:29:01.785, 299.56, 100, 74232, 73
2026/07/28 16:29:02.822, 303.94, 100, 74232, 73
2026/07/28 16:29:03.858, 303.54, 100, 74232, 73
2026/07/28 16:29:04.896, 302.58, 100, 74232, 73
2026/07/28 16:29:05.934, 303.47, 100, 74232, 73
2026/07/28 16:29:06.972, 305.71, 100, 74232, 73
2026/07/28 16:29:08.010, 304.90, 100, 74232, 73
2026/07/28 16:29:09.047, 302.76, 100, 74232, 73
2026/07/28 16:29:10.085, 304.56, 100, 74232, 73
2026/07/28 16:29:11.123, 302.68, 100, 74232, 73
2026/07/28 16:29:12.164, 299.09, 100, 74232, 73
2026/07/28 16:29:13.201, 297.33, 100, 74232, 72
2026/07/28 16:29:14.238, 295.79, 100, 74232, 72
2026/07/28 16:29:15.277, 291.42, 100, 74232, 72
2026/07/28 16:29:16.313, 292.76, 100, 74232, 72
2026/07/28 16:29:17.350, 295.41, 100, 74232, 72
2026/07/28 16:29:18.388, 295.12, 100, 74232, 72
2026/07/28 16:29:19.426, 294.74, 100, 74232, 72
2026/07/28 16:29:20.466, 295.49, 100, 74232, 72
2026/07/28 16:29:21.504, 295.32, 100, 74232, 72
2026/07/28 16:29:22.541, 294.43, 100, 74232, 72
2026/07/28 16:29:23.578, 295.69, 100, 74232, 72
2026/07/28 16:29:24.614, 295.90, 100, 74232, 72
2026/07/28 16:29:25.651, 291.34, 100, 74232, 72
2026/07/28 16:29:26.692, 303.73, 100, 74232, 72
2026/07/28 16:29:27.729, 302.37, 100, 74232, 72
2026/07/28 16:29:28.766, 299.29, 100, 74232, 72
2026/07/28 16:29:29.803, 297.17, 100, 74232, 72
2026/07/28 16:29:30.844, 291.89, 100, 74232, 72
2026/07/28 16:29:31.881, 291.79, 100, 74232, 72
2026/07/28 16:29:32.918, 290.83, 100, 74232, 72
2026/07/28 16:29:33.958, 294.91, 100, 74232, 72
2026/07/28 16:29:34.994, 302.99, 100, 74232, 72
2026/07/28 16:29:36.031, 302.42, 100, 74232, 72
2026/07/28 16:29:37.068, 291.32, 100, 74232, 72
2026/07/28 16:29:38.105, 290.74, 100, 74232, 72
2026/07/28 16:29:39.143, 294.71, 100, 74232, 72
2026/07/28 16:29:40.184, 303.82, 100, 74232, 74
2026/07/28 16:29:41.219, 298.30, 100, 74232, 74
2026/07/28 16:29:42.256, 316.40, 100, 74232, 74
2026/07/28 16:29:43.290, 292.06, 100, 74232, 74
2026/07/28 16:29:44.325, 282.19, 100, 74232, 74
2026/07/28 16:29:45.365, 285.02, 100, 74232, 74
2026/07/28 16:29:46.400, 287.42, 100, 74232, 72
2026/07/28 16:29:47.438, 293.36, 100, 74232, 72
2026/07/28 16:29:48.476, 295.13, 100, 74232, 72
2026/07/28 16:29:49.515, 294.34, 100, 74232, 72
2026/07/28 16:29:50.551, 294.72, 100, 74232, 73
2026/07/28 16:29:51.588, 300.64, 100, 74232, 73
2026/07/28 16:29:52.624, 295.41, 100, 74232, 73
2026/07/28 16:29:53.662, 304.55, 100, 74232, 73
2026/07/28 16:29:54.698, 302.89, 100, 74232, 73
2026/07/28 16:29:55.735, 304.04, 100, 74232, 73
2026/07/28 16:29:56.771, 303.17, 100, 74232, 73
2026/07/28 16:29:57.809, 303.15, 100, 74232, 73
2026/07/28 16:29:58.847, 307.12, 100, 74232, 73
2026/07/28 16:29:59.886, 303.83, 100, 74232, 73
2026/07/28 16:30:00.925, 297.93, 100, 74232, 73
2026/07/28 16:30:01.962, 296.16, 100, 74232, 74
2026/07/28 16:30:03.000, 296.26, 100, 74232, 74
2026/07/28 16:30:04.038, 296.68, 100, 74232, 74
2026/07/28 16:30:05.075, 296.37, 100, 74232, 74
2026/07/28 16:30:06.116, 299.54, 100, 74232, 74
2026/07/28 16:30:07.154, 297.54, 100, 74232, 74
2026/07/28 16:30:08.192, 300.08, 100, 74232, 74
2026/07/28 16:30:09.233, 296.96, 100, 74232, 74
2026/07/28 16:30:10.271, 297.62, 100, 74232, 74
2026/07/28 16:30:11.308, 296.77, 100, 74232, 74
2026/07/28 16:30:12.345, 296.78, 100, 74232, 74
2026/07/28 16:30:13.382, 297.03, 100, 74232, 74
2026/07/28 16:30:14.420, 297.27, 100, 74232, 74
2026/07/28 16:30:15.458, 298.32, 100, 74232, 74
2026/07/28 16:30:16.496, 297.05, 100, 74232, 74
2026/07/28 16:30:17.534, 297.16, 100, 74232, 74
2026/07/28 16:30:18.572, 296.39, 100, 74232, 74
2026/07/28 16:30:19.613, 304.50, 100, 74232, 74
2026/07/28 16:30:20.650, 301.13, 100, 74232, 74
2026/07/28 16:30:21.689, 304.31, 100, 74232, 74
2026/07/28 16:30:22.728, 304.41, 100, 74232, 74
2026/07/28 16:30:23.765, 303.34, 100, 74232, 74
2026/07/28 16:30:24.803, 304.61, 100, 74232, 74
2026/07/28 16:30:25.841, 304.02, 100, 74232, 74
2026/07/28 16:30:26.879, 303.75, 100, 74232, 74
2026/07/28 16:30:27.923, 304.62, 100, 74232, 74
2026/07/28 16:30:28.961, 293.26, 100, 74232, 74
2026/07/28 16:30:30.000, 296.27, 100, 74232, 74
2026/07/28 16:30:31.037, 294.32, 100, 74232, 74
2026/07/28 16:30:32.075, 299.97, 100, 74232, 74
2026/07/28 16:30:33.113, 297.05, 100, 74232, 74
2026/07/28 16:30:34.150, 297.28, 100, 74232, 74
2026/07/28 16:30:35.193, 296.97, 100, 74232, 74
2026/07/28 16:30:36.230, 298.91, 100, 74232, 74
2026/07/28 16:30:37.267, 296.67, 100, 74232, 74
2026/07/28 16:30:38.307, 297.82, 100, 74232, 74
2026/07/28 16:30:39.345, 297.56, 100, 74232, 74
2026/07/28 16:30:40.382, 297.24, 100, 74232, 74
2026/07/28 16:30:41.420, 296.97, 100, 74232, 74
2026/07/28 16:30:42.458, 298.97, 100, 74232, 74
2026/07/28 16:30:43.495, 303.54, 100, 74232, 74
2026/07/28 16:30:44.532, 303.75, 100, 74232, 74
2026/07/28 16:30:45.570, 300.67, 100, 74232, 74
2026/07/28 16:30:46.607, 304.15, 100, 74232, 74
2026/07/28 16:30:47.645, 304.83, 100, 74232, 74
2026/07/28 16:30:48.683, 303.05, 100, 74232, 74
2026/07/28 16:30:49.719, 294.05, 100, 74232, 74
2026/07/28 16:30:50.756, 293.26, 100, 74232, 74
2026/07/28 16:30:51.794, 297.64, 100, 74232, 74
2026/07/28 16:30:52.831, 296.97, 100, 74232, 74
2026/07/28 16:30:53.869, 296.47, 100, 74232, 74
2026/07/28 16:30:54.904, 297.55, 100, 74232, 74
2026/07/28 16:30:55.941, 297.16, 100, 74232, 74
2026/07/28 16:30:56.976, 296.66, 100, 74232, 74
2026/07/28 16:30:58.017, 297.36, 100, 74232, 74
2026/07/28 16:30:59.055, 297.06, 100, 74232, 74
2026/07/28 16:31:00.092, 297.64, 100, 74232, 74
2026/07/28 16:31:01.130, 300.44, 100, 74232, 74
2026/07/28 16:31:02.167, 297.35, 100, 74232, 74
2026/07/28 16:31:03.205, 297.25, 100, 74232, 74
2026/07/28 16:31:04.242, 297.18, 100, 74232, 74
2026/07/28 16:31:05.281, 299.66, 100, 74232, 74
2026/07/28 16:31:06.318, 297.66, 100, 74232, 74
2026/07/28 16:31:07.355, 303.08, 100, 74232, 74
2026/07/28 16:31:08.394, 297.06, 100, 74232, 74
2026/07/28 16:31:09.432, 297.73, 100, 74232, 74
2026/07/28 16:31:10.469, 297.46, 100, 74232, 74
2026/07/28 16:31:11.505, 297.06, 100, 74232, 74
2026/07/28 16:31:12.543, 298.52, 100, 74232, 74
2026/07/28 16:31:13.580, 297.36, 100, 74232, 74
2026/07/28 16:31:14.623, 297.26, 100, 74232, 75
2026/07/28 16:31:15.661, 305.11, 100, 74232, 75
2026/07/28 16:31:16.698, 297.82, 100, 74232, 74
2026/07/28 16:31:17.735, 300.24, 100, 74232, 75
2026/07/28 16:31:18.772, 298.03, 100, 74232, 75
2026/07/28 16:31:19.808, 298.24, 100, 74232, 75
2026/07/28 16:31:20.846, 298.14, 100, 74232, 75
2026/07/28 16:31:21.883, 297.17, 100, 74232, 75
2026/07/28 16:31:22.920, 297.73, 100, 74232, 75
2026/07/28 16:31:23.956, 297.54, 100, 74232, 75
2026/07/28 16:31:24.998, 303.64, 100, 74232, 75
2026/07/28 16:31:26.035, 298.61, 100, 74232, 75
2026/07/28 16:31:27.074, 305.94, 100, 74232, 75
2026/07/28 16:31:28.113, 294.34, 100, 74232, 75
2026/07/28 16:31:29.152, 299.00, 100, 74232, 75
2026/07/28 16:31:30.190, 297.63, 100, 74232, 75
2026/07/28 16:31:31.227, 299.37, 100, 74232, 75
2026/07/28 16:31:32.264, 298.13, 100, 74232, 75
2026/07/28 16:31:33.302, 299.96, 100, 74232, 75
2026/07/28 16:31:34.338, 297.45, 100, 74232, 75
2026/07/28 16:31:35.378, 302.19, 100, 74232, 75
2026/07/28 16:31:36.415, 299.18, 100, 74232, 75
2026/07/28 16:31:37.459, 298.13, 100, 74232, 75
2026/07/28 16:31:38.499, 298.42, 100, 74232, 74
2026/07/28 16:31:39.536, 299.12, 100, 74232, 75
2026/07/28 16:31:40.576, 298.12, 100, 74232, 75
2026/07/28 16:31:41.614, 303.64, 100, 74232, 75
2026/07/28 16:31:42.653, 295.86, 100, 74232, 74
2026/07/28 16:31:43.696, 294.52, 100, 74232, 74
2026/07/28 16:31:44.733, 299.09, 100, 74232, 74
2026/07/28 16:31:45.769, 300.24, 100, 74232, 74
2026/07/28 16:31:46.807, 298.21, 100, 74232, 74
2026/07/28 16:31:47.843, 301.21, 100, 74232, 74
2026/07/28 16:31:48.881, 301.90, 100, 74232, 74
2026/07/28 16:31:49.918, 297.53, 100, 74232, 74
2026/07/28 16:31:50.956, 305.70, 100, 74232, 74
2026/07/28 16:31:51.992, 304.89, 100, 74232, 74
2026/07/28 16:31:53.030, 295.90, 100, 74232, 74
2026/07/28 16:31:54.067, 298.42, 100, 74232, 74
2026/07/28 16:31:55.104, 296.57, 100, 74232, 74
2026/07/28 16:31:56.140, 300.34, 100, 74232, 74
2026/07/28 16:31:57.177, 297.35, 100, 74232, 74
2026/07/28 16:31:58.215, 297.62, 100, 74232, 74
2026/07/28 16:31:59.251, 297.56, 100, 74232, 74
2026/07/28 16:32:00.289, 299.60, 100, 74232, 74
2026/07/28 16:32:01.326, 297.23, 100, 74232, 74
2026/07/28 16:32:02.365, 297.54, 100, 74232, 74
2026/07/28 16:32:03.401, 298.12, 100, 74232, 74
2026/07/28 16:32:04.437, 297.72, 100, 74232, 74
2026/07/28 16:32:05.474, 299.27, 100, 74232, 74
2026/07/28 16:32:06.511, 297.14, 100, 74232, 74
2026/07/28 16:32:07.548, 300.64, 100, 74232, 74
2026/07/28 16:32:08.586, 301.31, 100, 74232, 74
2026/07/28 16:32:09.623, 307.12, 100, 74232, 74
2026/07/28 16:32:10.659, 304.16, 100, 74232, 74
2026/07/28 16:32:11.705, 301.63, 100, 74232, 74
2026/07/28 16:32:12.742, 297.34, 100, 74232, 74
2026/07/28 16:32:13.778, 296.73, 100, 74232, 74
2026/07/28 16:32:14.822, 305.00, 100, 74232, 74
2026/07/28 16:32:15.859, 301.64, 100, 74232, 74
2026/07/28 16:32:16.895, 300.62, 100, 74232, 74
2026/07/28 16:32:17.932, 293.47, 100, 74232, 74
2026/07/28 16:32:18.968, 296.65, 100, 74232, 74
2026/07/28 16:32:20.006, 297.62, 100, 74232, 74
2026/07/28 16:32:21.043, 298.15, 100, 74232, 74
2026/07/28 16:32:22.080, 305.82, 100, 74232, 74
2026/07/28 16:32:23.116, 297.76, 100, 74232, 74
2026/07/28 16:32:24.153, 300.75, 100, 74232, 74
2026/07/28 16:32:25.191, 298.71, 100, 74232, 74
2026/07/28 16:32:26.229, 297.95, 100, 74232, 74
2026/07/28 16:32:27.266, 306.08, 100, 74232, 74
2026/07/28 16:32:28.304, 298.41, 100, 74232, 74
2026/07/28 16:32:29.341, 297.24, 100, 74232, 74
2026/07/28 16:32:30.379, 298.14, 100, 74232, 74
2026/07/28 16:32:31.415, 298.02, 100, 74232, 74
2026/07/28 16:32:32.451, 306.06, 100, 74232, 74
2026/07/28 16:32:33.488, 301.64, 100, 74232, 74
2026/07/28 16:32:34.525, 296.27, 100, 74232, 74
2026/07/28 16:32:35.564, 297.24, 100, 74232, 74
2026/07/28 16:32:36.602, 296.75, 100, 74232, 74
2026/07/28 16:32:37.640, 293.06, 100, 74232, 74
2026/07/28 16:32:38.677, 298.53, 100, 74232, 74
2026/07/28 16:32:39.715, 293.26, 100, 74232, 74
2026/07/28 16:32:40.751, 295.78, 100, 74232, 74
2026/07/28 16:32:41.787, 295.40, 100, 74232, 74
2026/07/28 16:32:42.824, 296.36, 100, 74232, 73
2026/07/28 16:32:43.862, 299.86, 100, 74232, 73
2026/07/28 16:32:44.898, 303.93, 100, 74232, 73
2026/07/28 16:32:45.934, 302.90, 100, 74232, 73
2026/07/28 16:32:46.970, 303.55, 100, 74232, 73
2026/07/28 16:32:48.008, 299.36, 100, 74232, 73
2026/07/28 16:32:49.044, 297.23, 100, 74232, 73
2026/07/28 16:32:50.080, 296.76, 100, 74232, 73
2026/07/28 16:32:51.118, 295.59, 100, 74232, 73
2026/07/28 16:32:52.155, 292.27, 100, 74232, 73
2026/07/28 16:32:53.197, 295.78, 100, 74232, 72
2026/07/28 16:32:54.234, 294.36, 100, 74232, 72
2026/07/28 16:32:55.274, 297.25, 100, 74232, 72
2026/07/28 16:32:56.310, 300.95, 100, 74232, 72
2026/07/28 16:32:57.346, 301.60, 100, 74232, 72
2026/07/28 16:32:58.383, 294.23, 100, 74232, 72
2026/07/28 16:32:59.421, 300.92, 100, 74232, 72
2026/07/28 16:33:00.459, 301.91, 100, 74232, 72
2026/07/28 16:33:01.495, 301.62, 100, 74232, 72
2026/07/28 16:33:02.533, 301.32, 100, 74232, 72
2026/07/28 16:33:03.571, 302.70, 100, 74232, 72
2026/07/28 16:33:04.607, 294.04, 100, 74232, 72
2026/07/28 16:33:05.644, 295.78, 100, 74232, 72
2026/07/28 16:33:06.683, 301.33, 100, 74232, 72
2026/07/28 16:33:07.722, 295.49, 100, 74232, 72
2026/07/28 16:33:08.759, 293.57, 100, 74232, 71
2026/07/28 16:33:09.796, 301.04, 100, 74232, 71
2026/07/28 16:33:10.833, 290.53, 100, 74232, 71
2026/07/28 16:33:11.870, 292.88, 100, 74232, 71
2026/07/28 16:33:12.907, 292.50, 100, 74232, 71
2026/07/28 16:33:13.944, 292.68, 100, 74232, 71
2026/07/28 16:33:14.982, 299.59, 100, 74232, 71
2026/07/28 16:33:16.019, 299.49, 100, 74232, 71
2026/07/28 16:33:17.058, 300.44, 100, 74232, 71
2026/07/28 16:33:18.094, 301.42, 100, 74232, 71
2026/07/28 16:33:19.130, 298.81, 100, 74232, 71
2026/07/28 16:33:20.169, 300.92, 100, 74232, 71
2026/07/28 16:33:21.206, 299.18, 100, 74232, 71
2026/07/28 16:33:22.242, 303.28, 100, 74232, 71
2026/07/28 16:33:23.279, 306.94, 100, 74232, 71
2026/07/28 16:33:24.316, 300.45, 100, 74232, 71
2026/07/28 16:33:25.353, 303.63, 100, 74232, 71
2026/07/28 16:33:26.391, 298.80, 100, 74232, 71
2026/07/28 16:33:27.428, 301.33, 100, 74232, 71
2026/07/28 16:33:28.466, 299.10, 100, 74232, 71
2026/07/28 16:33:29.503, 299.48, 100, 74232, 70
2026/07/28 16:33:30.540, 293.16, 100, 74232, 70
2026/07/28 16:33:31.577, 295.80, 100, 74232, 70
2026/07/28 16:33:32.614, 298.33, 100, 74232, 70
2026/07/28 16:33:33.651, 297.52, 100, 74232, 70
2026/07/28 16:33:34.688, 295.01, 100, 74232, 70
2026/07/28 16:33:35.726, 295.88, 100, 74232, 70
2026/07/28 16:33:36.766, 296.07, 100, 74232, 70
2026/07/28 16:33:37.807, 299.18, 100, 74232, 70
2026/07/28 16:33:38.844, 300.55, 100, 74232, 70
2026/07/28 16:33:39.882, 298.68, 100, 74232, 70
2026/07/28 16:33:40.919, 305.49, 100, 74232, 70
2026/07/28 16:33:41.956, 299.00, 100, 74232, 70
2026/07/28 16:33:42.994, 298.41, 100, 74232, 70
2026/07/28 16:33:44.031, 294.99, 100, 74232, 70
2026/07/28 16:33:45.068, 295.39, 100, 74232, 70
2026/07/28 16:33:46.104, 291.70, 100, 74232, 70
2026/07/28 16:33:47.142, 293.36, 100, 74232, 70
2026/07/28 16:33:48.179, 298.32, 100, 74232, 70
2026/07/28 16:33:49.216, 301.21, 100, 74232, 70
2026/07/28 16:33:50.262, 298.81, 100, 74232, 70
2026/07/28 16:33:51.301, 298.11, 100, 74232, 70
2026/07/28 16:33:52.338, 299.18, 100, 74232, 70
2026/07/28 16:33:53.378, 298.60, 100, 74232, 70
2026/07/28 16:33:54.415, 299.78, 100, 74232, 70
2026/07/28 16:33:55.453, 298.20, 100, 74232, 70
2026/07/28 16:33:56.489, 300.25, 100, 74232, 70
2026/07/28 16:33:57.527, 302.37, 100, 74232, 70
2026/07/28 16:33:58.564, 304.11, 100, 74232, 70
2026/07/28 16:33:59.602, 298.52, 100, 74232, 70
2026/07/28 16:34:00.643, 304.61, 100, 74232, 70
2026/07/28 16:34:01.680, 303.65, 100, 74232, 70
2026/07/28 16:34:02.716, 304.59, 100, 74232, 70
2026/07/28 16:34:03.753, 302.88, 100, 74232, 69
2026/07/28 16:34:04.790, 298.81, 100, 74232, 69
2026/07/28 16:34:05.829, 298.90, 100, 74232, 69
2026/07/28 16:34:06.866, 298.49, 100, 74232, 69
2026/07/28 16:34:07.904, 290.93, 100, 74232, 69
2026/07/28 16:34:08.940, 287.22, 100, 74232, 69
2026/07/28 16:34:09.979, 291.32, 100, 74232, 69
2026/07/28 16:34:11.017, 291.41, 100, 74232, 69
2026/07/28 16:34:12.057, 296.29, 100, 74232, 69
2026/07/28 16:34:13.096, 296.57, 100, 74232, 69
2026/07/28 16:34:14.132, 296.07, 100, 74232, 69
2026/07/28 16:34:15.171, 297.75, 100, 74232, 69
2026/07/28 16:34:16.209, 297.53, 100, 74232, 69
2026/07/28 16:34:17.246, 300.64, 100, 74232, 69
2026/07/28 16:34:18.283, 304.13, 100, 74232, 69
2026/07/28 16:34:19.319, 304.22, 100, 74232, 69
2026/07/28 16:34:20.358, 297.61, 100, 74232, 69
2026/07/28 16:34:21.394, 295.82, 100, 74232, 69
2026/07/28 16:34:22.431, 296.85, 100, 74232, 69
2026/07/28 16:34:23.467, 302.29, 100, 74232, 69
2026/07/28 16:34:24.503, 293.27, 100, 74232, 69
2026/07/28 16:34:25.543, 297.44, 100, 74232, 69
2026/07/28 16:34:26.579, 297.15, 100, 74232, 69
2026/07/28 16:34:27.615, 297.34, 100, 74232, 69
2026/07/28 16:34:28.651, 298.87, 100, 74232, 69
2026/07/28 16:34:29.691, 296.65, 100, 74232, 69
2026/07/28 16:34:30.727, 300.17, 100, 74232, 69
2026/07/28 16:34:31.763, 297.45, 100, 74232, 69
2026/07/28 16:34:32.801, 293.24, 100, 74232, 69
2026/07/28 16:34:33.839, 298.30, 100, 74232, 69
2026/07/28 16:34:34.878, 302.47, 100, 74232, 69
2026/07/28 16:34:35.914, 300.84, 100, 74232, 69
2026/07/28 16:34:36.952, 296.48, 100, 74232, 69
2026/07/28 16:34:37.990, 297.25, 100, 74232, 69
2026/07/28 16:34:39.028, 300.12, 100, 74232, 69
2026/07/28 16:34:40.064, 94.62, 0, 74232, 66
2026/07/28 16:34:41.098, 299.10, 100, 74232, 70
2026/07/28 16:34:42.133, 291.61, 100, 74232, 70
2026/07/28 16:34:43.169, 294.90, 100, 74232, 70
2026/07/28 16:34:44.207, 290.22, 100, 74232, 70
2026/07/28 16:34:45.241, 313.75, 100, 74232, 70
2026/07/28 16:34:46.277, 302.72, 100, 74232, 70
2026/07/28 16:34:47.313, 299.09, 100, 74232, 69
2026/07/28 16:34:48.353, 296.46, 100, 74232, 69
2026/07/28 16:34:49.390, 300.54, 100, 74232, 69
2026/07/28 16:34:50.426, 303.46, 100, 74232, 69
2026/07/28 16:34:51.464, 308.10, 100, 74232, 70
2026/07/28 16:34:52.500, 299.95, 100, 74232, 70
2026/07/28 16:34:53.538, 298.20, 100, 74232, 70
2026/07/28 16:34:54.576, 305.70, 100, 74232, 70
2026/07/28 16:34:55.613, 305.50, 100, 74232, 70
2026/07/28 16:34:56.649, 307.82, 100, 74232, 71
2026/07/28 16:34:57.688, 300.73, 100, 74232, 71
2026/07/28 16:34:58.726, 305.40, 100, 74232, 71
2026/07/28 16:34:59.769, 303.17, 100, 74232, 71
2026/07/28 16:35:00.806, 301.13, 100, 74232, 71
2026/07/28 16:35:01.853, 299.79, 100, 74232, 71
2026/07/28 16:35:02.890, 300.93, 100, 74232, 71
2026/07/28 16:35:03.928, 301.11, 100, 74232, 71
2026/07/28 16:35:04.966, 300.65, 100, 74232, 71
2026/07/28 16:35:06.004, 298.70, 100, 74232, 72
2026/07/28 16:35:07.041, 289.78, 100, 74232, 71
2026/07/28 16:35:08.079, 292.70, 100, 74232, 72
2026/07/28 16:35:09.121, 294.82, 100, 74232, 72
2026/07/28 16:35:10.159, 294.04, 100, 74232, 72
2026/07/28 16:35:11.196, 294.61, 100, 74232, 72
2026/07/28 16:35:12.234, 300.24, 100, 74232, 72
2026/07/28 16:35:13.270, 301.05, 100, 74232, 72
2026/07/28 16:35:14.308, 302.61, 100, 74232, 72
2026/07/28 16:35:15.346, 298.50, 100, 74232, 72
2026/07/28 16:35:16.383, 302.70, 100, 74232, 72
2026/07/28 16:35:17.420, 302.70, 100, 74232, 73
2026/07/28 16:35:18.458, 302.67, 100, 74232, 73
2026/07/28 16:35:19.497, 302.30, 100, 74232, 73
2026/07/28 16:35:20.534, 302.48, 100, 74232, 73
2026/07/28 16:35:21.570, 303.44, 100, 74232, 73
2026/07/28 16:35:22.606, 294.91, 100, 74232, 73
2026/07/28 16:35:23.643, 295.02, 100, 74232, 73
2026/07/28 16:35:24.680, 296.38, 100, 74232, 73
2026/07/28 16:35:25.718, 296.85, 100, 74232, 73
2026/07/28 16:35:26.755, 304.00, 100, 74232, 73
2026/07/28 16:35:27.794, 301.98, 100, 74232, 73
2026/07/28 16:35:28.832, 296.28, 100, 74232, 73
2026/07/28 16:35:29.869, 295.67, 100, 74232, 73
2026/07/28 16:35:30.906, 296.09, 100, 74232, 73
2026/07/28 16:35:31.943, 294.82, 100, 74232, 73
2026/07/28 16:35:32.979, 297.02, 100, 74232, 73
2026/07/28 16:35:34.016, 299.00, 100, 74232, 73
2026/07/28 16:35:35.053, 295.11, 100, 74232, 73
2026/07/28 16:35:36.095, 297.65, 100, 74232, 73
2026/07/28 16:35:37.134, 295.90, 100, 74232, 73
2026/07/28 16:35:38.170, 296.08, 100, 74232, 73
2026/07/28 16:35:39.211, 296.77, 100, 74232, 73
2026/07/28 16:35:40.250, 296.01, 100, 74232, 74
2026/07/28 16:35:41.287, 300.10, 100, 74232, 74
2026/07/28 16:35:42.325, 296.19, 100, 74232, 74
2026/07/28 16:35:43.361, 301.33, 100, 74232, 74
2026/07/28 16:35:44.400, 299.98, 100, 74232, 74
2026/07/28 16:35:45.438, 303.93, 100, 74232, 74
2026/07/28 16:35:46.474, 304.31, 100, 74232, 74
2026/07/28 16:35:47.515, 297.75, 100, 74232, 74
2026/07/28 16:35:48.553, 297.06, 100, 74232, 74
2026/07/28 16:35:49.593, 298.03, 100, 74232, 74
2026/07/28 16:35:50.629, 292.87, 100, 74232, 74
2026/07/28 16:35:51.665, 297.23, 100, 74232, 74
2026/07/28 16:35:52.703, 296.76, 100, 74232, 74
2026/07/28 16:35:53.740, 296.56, 100, 74232, 74
2026/07/28 16:35:54.777, 304.41, 100, 74232, 74
2026/07/28 16:35:55.813, 306.55, 100, 74232, 74
2026/07/28 16:35:56.849, 295.99, 100, 74232, 74
2026/07/28 16:35:57.886, 299.66, 100, 74232, 74
2026/07/28 16:35:58.924, 295.89, 100, 74232, 74
2026/07/28 16:35:59.961, 295.98, 100, 74232, 74
2026/07/28 16:36:00.998, 296.77, 100, 74232, 74
2026/07/28 16:36:02.034, 300.36, 100, 74232, 74
2026/07/28 16:36:03.071, 304.41, 100, 74232, 74
2026/07/28 16:36:04.112, 304.55, 100, 74232, 74
2026/07/28 16:36:05.149, 297.55, 100, 74232, 74
2026/07/28 16:36:06.185, 293.65, 100, 74232, 74
2026/07/28 16:36:07.222, 297.63, 100, 74232, 74
2026/07/28 16:36:08.258, 296.77, 100, 74232, 74
2026/07/28 16:36:09.294, 296.45, 100, 74232, 74
2026/07/28 16:36:10.333, 297.16, 100, 74232, 74
2026/07/28 16:36:11.371, 297.85, 100, 74232, 74
2026/07/28 16:36:12.409, 297.24, 100, 74232, 74
2026/07/28 16:36:13.445, 296.27, 100, 74232, 74
2026/07/28 16:36:14.483, 300.46, 100, 74232, 74
2026/07/28 16:36:15.521, 302.32, 100, 74232, 74
2026/07/28 16:36:16.558, 296.48, 100, 74232, 74
2026/07/28 16:36:17.599, 296.10, 100, 74232, 74
2026/07/28 16:36:18.637, 296.96, 100, 74232, 74
2026/07/28 16:36:19.674, 297.33, 100, 74232, 74
2026/07/28 16:36:20.713, 298.44, 100, 74232, 74
2026/07/28 16:36:21.750, 298.62, 100, 74232, 74
2026/07/28 16:36:22.788, 301.53, 100, 74232, 74
2026/07/28 16:36:23.825, 294.82, 100, 74232, 74
2026/07/28 16:36:24.861, 304.25, 100, 74232, 74
2026/07/28 16:36:25.897, 301.53, 100, 74232, 74
2026/07/28 16:36:26.933, 302.02, 100, 74232, 74
2026/07/28 16:36:27.969, 305.10, 100, 74232, 74
2026/07/28 16:36:29.007, 297.33, 100, 74232, 74
2026/07/28 16:36:30.044, 294.02, 100, 74232, 74
2026/07/28 16:36:31.081, 295.22, 100, 74232, 74
2026/07/28 16:36:32.117, 298.01, 100, 74232, 74
2026/07/28 16:36:33.155, 298.90, 100, 74232, 74
2026/07/28 16:36:34.193, 296.77, 100, 74232, 74
2026/07/28 16:36:35.231, 297.51, 100, 74232, 74
2026/07/28 16:36:36.269, 297.83, 100, 74232, 74
2026/07/28 16:36:37.305, 299.17, 100, 74232, 74
2026/07/28 16:36:38.343, 297.94, 100, 74232, 74
2026/07/28 16:36:39.379, 293.45, 100, 74232, 74
2026/07/28 16:36:40.418, 297.26, 100, 74232, 74
2026/07/28 16:36:41.456, 297.33, 100, 74232, 74
2026/07/28 16:36:42.493, 298.21, 100, 74232, 74
2026/07/28 16:36:43.532, 298.80, 100, 74232, 74
2026/07/28 16:36:44.568, 297.36, 100, 74232, 74
2026/07/28 16:36:45.606, 297.62, 100, 74232, 74
2026/07/28 16:36:46.642, 297.95, 100, 74232, 74
2026/07/28 16:36:47.680, 297.93, 100, 74232, 74
2026/07/28 16:36:48.719, 304.04, 100, 74232, 74
2026/07/28 16:36:49.760, 301.44, 100, 74232, 74
2026/07/28 16:36:50.798, 305.58, 100, 74232, 74
2026/07/28 16:36:51.836, 300.63, 100, 74232, 74
2026/07/28 16:36:52.874, 304.52, 100, 74232, 74
2026/07/28 16:36:53.912, 300.17, 100, 74232, 74
2026/07/28 16:36:54.949, 301.32, 100, 74232, 74
2026/07/28 16:36:55.986, 306.88, 100, 74232, 74
2026/07/28 16:36:57.023, 297.46, 100, 74232, 74
2026/07/28 16:36:58.062, 298.51, 100, 74232, 74
2026/07/28 16:36:59.099, 298.44, 100, 74232, 74
2026/07/28 16:37:00.136, 297.75, 100, 74232, 74
2026/07/28 16:37:01.174, 294.73, 100, 74232, 74
2026/07/28 16:37:02.213, 297.63, 100, 74232, 74
2026/07/28 16:37:03.250, 297.95, 100, 74232, 74
2026/07/28 16:37:04.286, 297.74, 100, 74232, 74
2026/07/28 16:37:05.322, 298.13, 100, 74232, 74
2026/07/28 16:37:06.361, 298.00, 100, 74232, 74
2026/07/28 16:37:07.399, 298.43, 100, 74232, 74
2026/07/28 16:37:08.437, 296.97, 100, 74232, 74
2026/07/28 16:37:09.475, 297.33, 100, 74232, 74
2026/07/28 16:37:10.511, 297.63, 100, 74232, 74
2026/07/28 16:37:11.549, 295.04, 100, 74232, 74
2026/07/28 16:37:12.587, 293.86, 100, 74232, 74
2026/07/28 16:37:13.626, 294.33, 100, 74232, 74
2026/07/28 16:37:14.663, 297.95, 100, 74232, 74
2026/07/28 16:37:15.700, 298.30, 100, 74232, 74
2026/07/28 16:37:16.736, 298.85, 100, 74232, 74
2026/07/28 16:37:17.772, 298.12, 100, 74232, 74
2026/07/28 16:37:18.809, 297.93, 100, 74232, 74
2026/07/28 16:37:19.845, 298.01, 100, 74232, 74
2026/07/28 16:37:20.882, 301.73, 100, 74232, 74
2026/07/28 16:37:21.919, 297.73, 100, 74232, 74
2026/07/28 16:37:22.955, 297.63, 100, 74232, 74
2026/07/28 16:37:23.992, 294.54, 100, 74232, 74
2026/07/28 16:37:25.031, 297.66, 100, 74232, 74
2026/07/28 16:37:26.069, 298.82, 100, 74232, 74
2026/07/28 16:37:27.107, 298.34, 100, 74232, 74
2026/07/28 16:37:28.148, 300.08, 100, 74232, 74
2026/07/28 16:37:29.185, 298.11, 100, 74232, 74
2026/07/28 16:37:30.222, 298.13, 100, 74232, 74
2026/07/28 16:37:31.261, 298.22, 100, 74232, 74
2026/07/28 16:37:32.298, 302.36, 100, 74232, 74
2026/07/28 16:37:33.340, 298.24, 100, 74232, 74
2026/07/28 16:37:34.379, 297.36, 100, 74232, 74
2026/07/28 16:37:35.416, 298.41, 100, 74232, 74
2026/07/28 16:37:36.454, 297.92, 100, 74232, 74
2026/07/28 16:37:37.493, 298.61, 100, 74232, 74
2026/07/28 16:37:38.531, 304.85, 100, 74232, 74
2026/07/28 16:37:39.567, 295.60, 100, 74232, 74
2026/07/28 16:37:40.605, 298.11, 100, 74232, 74
2026/07/28 16:37:41.642, 297.54, 100, 74232, 74
2026/07/28 16:37:42.683, 304.71, 100, 74232, 74
2026/07/28 16:37:43.724, 298.58, 100, 74232, 74
2026/07/28 16:37:44.761, 297.06, 100, 74232, 74
2026/07/28 16:37:45.800, 304.21, 100, 74232, 75
2026/07/28 16:37:46.838, 298.02, 100, 74232, 74
2026/07/28 16:37:47.876, 297.94, 100, 74232, 74
2026/07/28 16:37:48.914, 295.03, 100, 74232, 74
2026/07/28 16:37:49.953, 298.44, 100, 74232, 74
2026/07/28 16:37:50.989, 297.75, 100, 74232, 74
2026/07/28 16:37:52.026, 299.56, 100, 74232, 74
2026/07/28 16:37:53.064, 300.55, 100, 74232, 74
2026/07/28 16:37:54.101, 300.35, 100, 74232, 74
2026/07/28 16:37:55.138, 294.34, 100, 74232, 74
2026/07/28 16:37:56.175, 299.49, 100, 74232, 75
2026/07/28 16:37:57.211, 298.52, 100, 74232, 74
2026/07/28 16:37:58.251, 294.71, 100, 74232, 74
2026/07/28 16:37:59.287, 298.79, 100, 74232, 74
2026/07/28 16:38:00.324, 297.94, 100, 74232, 74
2026/07/28 16:38:01.361, 304.79, 100, 74232, 74
2026/07/28 16:38:02.398, 300.93, 100, 74232, 74
2026/07/28 16:38:03.435, 305.68, 100, 74232, 74
2026/07/28 16:38:04.472, 298.34, 100, 74232, 74
2026/07/28 16:38:05.510, 297.82, 100, 74232, 74
2026/07/28 16:38:06.546, 293.06, 100, 74232, 74
2026/07/28 16:38:07.584, 305.37, 100, 74232, 74
2026/07/28 16:38:08.621, 305.10, 100, 74232, 74
2026/07/28 16:38:09.659, 297.52, 100, 74232, 74
2026/07/28 16:38:10.699, 297.24, 100, 74232, 74
2026/07/28 16:38:11.736, 304.32, 100, 74232, 74
2026/07/28 16:38:12.773, 300.34, 100, 74232, 74
2026/07/28 16:38:13.810, 300.43, 100, 74232, 74
2026/07/28 16:38:14.848, 294.34, 100, 74232, 74
2026/07/28 16:38:15.886, 298.69, 100, 74232, 74
2026/07/28 16:38:16.932, 297.33, 100, 74232, 74
2026/07/28 16:38:17.970, 298.52, 100, 74232, 74
2026/07/28 16:38:19.008, 294.44, 100, 74232, 74
2026/07/28 16:38:20.048, 293.93, 100, 74232, 74
2026/07/28 16:38:21.084, 297.64, 100, 74232, 74
2026/07/28 16:38:22.123, 297.36, 100, 74232, 74
2026/07/28 16:38:23.160, 297.53, 100, 74232, 74
2026/07/28 16:38:24.198, 304.65, 100, 74232, 74
2026/07/28 16:38:25.235, 300.23, 100, 74232, 74
2026/07/28 16:38:26.274, 298.92, 100, 74232, 74
2026/07/28 16:38:27.310, 304.69, 100, 74232, 74
2026/07/28 16:38:28.347, 303.78, 100, 74232, 74
2026/07/28 16:38:29.389, 305.40, 100, 74232, 74
2026/07/28 16:38:30.429, 303.65, 100, 74232, 74
2026/07/28 16:38:31.466, 298.59, 100, 74232, 73
2026/07/28 16:38:32.504, 296.67, 100, 74232, 73
2026/07/28 16:38:33.541, 298.21, 100, 74232, 73
2026/07/28 16:38:34.577, 291.99, 100, 74232, 73
2026/07/28 16:38:35.613, 296.77, 100, 74232, 73
2026/07/28 16:38:36.651, 296.59, 100, 74232, 73
2026/07/28 16:38:37.687, 298.71, 100, 74232, 73
2026/07/28 16:38:38.726, 296.08, 100, 74232, 73
2026/07/28 16:38:39.765, 295.21, 100, 74232, 73
2026/07/28 16:38:40.802, 295.02, 100, 74232, 73
2026/07/28 16:38:41.840, 298.02, 100, 74232, 73
2026/07/28 16:38:42.878, 295.10, 100, 74232, 73
2026/07/28 16:38:43.918, 295.40, 100, 74232, 73
2026/07/28 16:38:44.956, 295.31, 100, 74232, 72
2026/07/28 16:38:45.993, 294.25, 100, 74232, 72
2026/07/28 16:38:47.031, 302.61, 100, 74232, 72
2026/07/28 16:38:48.068, 302.29, 100, 74232, 72
2026/07/28 16:38:49.106, 302.91, 100, 74232, 72
2026/07/28 16:38:50.144, 302.70, 100, 74232, 72
2026/07/28 16:38:51.182, 302.38, 100, 74232, 72
2026/07/28 16:38:52.219, 302.52, 100, 74232, 72
2026/07/28 16:38:53.256, 302.47, 100, 74232, 72
2026/07/28 16:38:54.295, 294.04, 100, 74232, 72
2026/07/28 16:38:55.333, 295.00, 100, 74232, 72
2026/07/28 16:38:56.372, 292.40, 100, 74232, 72
2026/07/28 16:38:57.410, 294.63, 100, 74232, 72
2026/07/28 16:38:58.447, 299.39, 100, 74232, 72
2026/07/28 16:38:59.484, 299.17, 100, 74232, 72
2026/07/28 16:39:00.521, 290.75, 100, 74232, 72
2026/07/28 16:39:01.559, 293.25, 100, 74232, 72
2026/07/28 16:39:02.596, 301.98, 100, 74232, 72
2026/07/28 16:39:03.633, 300.63, 100, 74232, 72
2026/07/28 16:39:04.670, 297.14, 100, 74232, 72
2026/07/28 16:39:05.709, 301.64, 100, 74232, 72
2026/07/28 16:39:06.746, 301.64, 100, 74232, 72
2026/07/28 16:39:07.783, 301.52, 100, 74232, 72
2026/07/28 16:39:08.821, 301.70, 100, 74232, 72
2026/07/28 16:39:09.858, 300.73, 100, 74232, 72
2026/07/28 16:39:10.895, 301.33, 100, 74232, 72
2026/07/28 16:39:11.932, 300.53, 100, 74232, 71
2026/07/28 16:39:12.971, 300.65, 100, 74232, 71
2026/07/28 16:39:14.008, 301.33, 100, 74232, 71
2026/07/28 16:39:15.044, 301.14, 100, 74232, 71
2026/07/28 16:39:16.081, 301.71, 100, 74232, 71
2026/07/28 16:39:17.118, 300.73, 100, 74232, 71
2026/07/28 16:39:18.157, 301.32, 100, 74232, 71
2026/07/28 16:39:19.195, 301.35, 100, 74232, 71
2026/07/28 16:39:20.231, 301.05, 100, 74232, 71
2026/07/28 16:39:21.268, 299.88, 100, 74232, 71
2026/07/28 16:39:22.305, 301.80, 100, 74232, 71
2026/07/28 16:39:23.345, 300.27, 100, 74232, 71
2026/07/28 16:39:24.382, 300.67, 100, 74232, 71
2026/07/28 16:39:25.428, 298.78, 100, 74232, 71
2026/07/28 16:39:26.465, 292.39, 100, 74232, 71
2026/07/28 16:39:27.502, 294.05, 100, 74232, 71
2026/07/28 16:39:28.546, 294.61, 100, 74232, 71
2026/07/28 16:39:29.586, 296.74, 100, 74232, 71
2026/07/28 16:39:30.622, 301.30, 100, 74232, 71
2026/07/28 16:39:31.668, 300.35, 100, 74232, 71
2026/07/28 16:39:32.706, 299.10, 100, 74232, 71
2026/07/28 16:39:33.743, 300.75, 100, 74232, 71
2026/07/28 16:39:34.780, 296.74, 100, 74232, 71
2026/07/28 16:39:35.816, 306.84, 100, 74232, 71
2026/07/28 16:39:36.853, 301.24, 100, 74232, 71
2026/07/28 16:39:37.889, 301.43, 100, 74232, 71
2026/07/28 16:39:38.928, 305.48, 100, 74232, 71
2026/07/28 16:39:39.965, 299.86, 100, 74232, 71
2026/07/28 16:39:41.000, 96.32, 32, 74232, 68
2026/07/28 16:39:42.034, 94.59, 0, 74232, 67
2026/07/28 16:39:43.065, 93.59, 0, 74232, 66
2026/07/28 16:39:44.095, 93.01, 0, 74232, 65
2026/07/28 16:39:45.127, 92.10, 0, 74232, 65
2026/07/28 16:39:46.159, 92.49, 0, 74232, 64
2026/07/28 16:39:47.190, 90.94, 0, 74232, 64
2026/07/28 16:39:48.221, 90.48, 0, 74232, 63
2026/07/28 16:39:49.252, 90.69, 0, 74232, 63
2026/07/28 16:39:50.284, 89.52, 0, 74232, 63
2026/07/28 16:39:51.316, 89.96, 0, 74232, 62
2026/07/28 16:39:52.347, 89.49, 0, 74232, 62
2026/07/28 16:39:53.378, 88.60, 0, 74232, 62
2026/07/28 16:39:54.410, 89.42, 0, 74232, 62
2026/07/28 16:39:55.443, 88.00, 0, 74232, 61
2026/07/28 16:39:56.475, 88.64, 0, 74232, 61
2026/07/28 16:39:57.508, 88.44, 0, 74232, 61
2026/07/28 16:39:58.540, 88.31, 0, 74232, 61
2026/07/28 16:39:59.571, 87.91, 0, 74232, 60
2026/07/28 16:40:00.603, 85.97, 0, 74232, 60
2026/07/28 16:40:01.636, 85.75, 0, 74232, 60
2026/07/28 16:40:02.667, 85.70, 0, 74232, 60
2026/07/28 16:40:03.701, 85.21, 0, 74232, 59
2026/07/28 16:40:04.734, 85.64, 0, 74232, 59
2026/07/28 16:40:05.766, 84.52, 0, 74232, 59
2026/07/28 16:40:06.799, 84.18, 0, 74232, 59
2026/07/28 16:40:07.832, 83.79, 0, 74232, 59
2026/07/28 16:40:08.864, 83.55, 0, 74232, 58
2026/07/28 16:40:09.895, 83.50, 0, 74232, 58
2026/07/28 16:40:10.927, 83.59, 0, 74232, 58
2026/07/28 16:40:11.958, 83.31, 0, 74232, 58
2026/07/28 16:40:12.990, 303.64, 100, 74232, 63
2026/07/28 16:40:14.028, 302.07, 100, 74232, 64
2026/07/28 16:40:15.061, 288.27, 100, 74232, 64
2026/07/28 16:40:16.095, 275.78, 100, 74232, 65
2026/07/28 16:40:17.129, 302.91, 100, 74232, 65
2026/07/28 16:40:18.168, 270.14, 100, 74232, 65
2026/07/28 16:40:19.205, 249.05, 100, 74232, 64
2026/07/28 16:40:20.242, 300.32, 100, 74232, 64
2026/07/28 16:40:21.279, 293.82, 100, 74232, 64
2026/07/28 16:40:22.316, 294.02, 100, 74232, 65
2026/07/28 16:40:23.354, 293.84, 100, 74232, 65
2026/07/28 16:40:24.394, 296.83, 100, 74232, 65
2026/07/28 16:40:25.431, 291.02, 100, 74232, 65
2026/07/28 16:40:26.472, 294.80, 100, 74232, 66
2026/07/28 16:40:27.509, 298.51, 100, 74232, 66
2026/07/28 16:40:28.546, 299.20, 100, 74232, 66
2026/07/28 16:40:29.586, 299.19, 100, 74232, 67
2026/07/28 16:40:30.624, 295.11, 100, 74232, 67
2026/07/28 16:40:31.662, 293.27, 100, 74232, 67
2026/07/28 16:40:32.702, 293.64, 100, 74232, 67
2026/07/28 16:40:33.739, 294.92, 100, 74232, 67
2026/07/28 16:40:34.779, 294.81, 100, 74232, 68
2026/07/28 16:40:35.817, 294.43, 100, 74232, 68
2026/07/28 16:40:36.855, 295.97, 100, 74232, 68
2026/07/28 16:40:37.893, 295.30, 100, 74232, 68
2026/07/28 16:40:38.930, 302.67, 100, 74232, 69
2026/07/28 16:40:39.967, 306.58, 100, 74232, 69
2026/07/28 16:40:41.007, 295.79, 100, 74232, 69
2026/07/28 16:40:42.045, 292.57, 100, 74232, 69
2026/07/28 16:40:43.085, 297.24, 100, 74232, 69
2026/07/28 16:40:44.121, 297.33, 100, 74232, 69
2026/07/28 16:40:45.158, 297.43, 100, 74232, 70
2026/07/28 16:40:46.197, 297.14, 100, 74232, 70
2026/07/28 16:40:47.276, 305.37, 100, 74232, 70
2026/07/28 16:40:48.315, 298.87, 100, 74232, 70
2026/07/28 16:40:49.352, 296.65, 100, 74232, 70
2026/07/28 16:40:50.389, 298.70, 100, 74232, 70
2026/07/28 16:40:51.427, 299.20, 100, 74232, 70
2026/07/28 16:40:52.464, 298.69, 100, 74232, 71
2026/07/28 16:40:53.502, 298.79, 100, 74232, 71
2026/07/28 16:40:54.539, 299.02, 100, 74232, 71
2026/07/28 16:40:55.577, 300.63, 100, 74232, 71
2026/07/28 16:40:56.615, 299.39, 100, 74232, 71
2026/07/28 16:40:57.652, 300.06, 100, 74232, 71
2026/07/28 16:40:58.689, 299.27, 100, 74232, 71
2026/07/28 16:40:59.728, 300.05, 100, 74232, 71
2026/07/28 16:41:00.766, 299.77, 100, 74232, 72
2026/07/28 16:41:01.804, 300.25, 100, 74232, 72
2026/07/28 16:41:02.842, 300.55, 100, 74232, 72
2026/07/28 16:41:03.879, 301.20, 100, 74232, 72
2026/07/28 16:41:04.916, 292.95, 100, 74232, 72
2026/07/28 16:41:05.953, 302.11, 100, 74232, 72
2026/07/28 16:41:06.989, 294.14, 100, 74232, 72
2026/07/28 16:41:08.028, 302.01, 100, 74232, 72
2026/07/28 16:41:09.066, 293.37, 100, 74232, 72
2026/07/28 16:41:10.104, 293.95, 100, 74232, 72
2026/07/28 16:41:11.142, 298.40, 100, 74232, 72
2026/07/28 16:41:12.180, 294.32, 100, 74232, 72
2026/07/28 16:41:13.217, 291.42, 100, 74232, 72
2026/07/28 16:41:14.255, 290.15, 100, 74232, 72
2026/07/28 16:41:15.293, 294.05, 100, 74232, 72
2026/07/28 16:41:16.330, 293.28, 100, 74232, 72
2026/07/28 16:41:17.368, 292.80, 100, 74232, 72
2026/07/28 16:41:18.408, 302.47, 100, 74232, 73
2026/07/28 16:41:19.444, 301.11, 100, 74232, 73
2026/07/28 16:41:20.481, 298.12, 100, 74232, 73
2026/07/28 16:41:21.518, 299.19, 100, 74232, 73
2026/07/28 16:41:22.555, 298.91, 100, 74232, 73
2026/07/28 16:41:23.595, 301.72, 100, 74232, 73
2026/07/28 16:41:24.632, 302.90, 100, 74232, 73
2026/07/28 16:41:25.669, 303.48, 100, 74232, 73
2026/07/28 16:41:26.708, 303.35, 100, 74232, 73
2026/07/28 16:41:27.744, 303.46, 100, 74232, 73
2026/07/28 16:41:28.782, 302.76, 100, 74232, 73
2026/07/28 16:41:29.819, 302.86, 100, 74232, 73
2026/07/28 16:41:30.856, 306.45, 100, 74232, 73
2026/07/28 16:41:31.893, 303.46, 100, 74232, 73
2026/07/28 16:41:32.930, 302.99, 100, 74232, 73
2026/07/28 16:41:33.966, 302.68, 100, 74232, 73
2026/07/28 16:41:35.005, 296.94, 100, 74232, 73
2026/07/28 16:41:36.042, 294.83, 100, 74232, 73
2026/07/28 16:41:37.079, 296.01, 100, 74232, 73
2026/07/28 16:41:38.117, 295.28, 100, 74232, 73
2026/07/28 16:41:39.152, 299.27, 100, 74232, 73
2026/07/28 16:41:40.189, 292.98, 100, 74232, 73
2026/07/28 16:41:41.226, 296.08, 100, 74232, 73
2026/07/28 16:41:42.263, 295.48, 100, 74232, 73
2026/07/28 16:41:43.300, 295.70, 100, 74232, 73
2026/07/28 16:41:44.337, 295.22, 100, 74232, 73
2026/07/28 16:41:45.374, 296.77, 100, 74232, 73
2026/07/28 16:41:46.411, 296.01, 100, 74232, 73
2026/07/28 16:41:47.448, 296.26, 100, 74232, 73
2026/07/28 16:41:48.485, 302.31, 100, 74232, 74
2026/07/28 16:41:49.521, 295.87, 100, 74232, 74
2026/07/28 16:41:50.561, 303.45, 100, 74232, 74
2026/07/28 16:41:51.597, 304.93, 100, 74232, 74
2026/07/28 16:41:52.634, 300.64, 100, 74232, 74
2026/07/28 16:41:53.671, 303.92, 100, 74232, 74
2026/07/28 16:41:54.710, 298.05, 100, 74232, 74
2026/07/28 16:41:55.747, 296.75, 100, 74232, 74
2026/07/28 16:41:56.784, 298.72, 100, 74232, 74
2026/07/28 16:41:57.818, 304.51, 100, 74232, 74
2026/07/28 16:41:58.857, 296.75, 100, 74232, 74
2026/07/28 16:41:59.895, 296.87, 100, 74232, 74
2026/07/28 16:42:00.935, 292.99, 100, 74232, 74
2026/07/28 16:42:01.972, 303.37, 100, 74232, 74
2026/07/28 16:42:03.009, 304.27, 100, 74232, 74
2026/07/28 16:42:04.048, 304.03, 100, 74232, 74
2026/07/28 16:42:05.084, 295.69, 100, 74232, 74
2026/07/28 16:42:06.121, 304.54, 100, 74232, 74
2026/07/28 16:42:07.156, 303.27, 100, 74232, 74
2026/07/28 16:42:08.193, 298.91, 100, 74232, 74
2026/07/28 16:42:09.229, 296.94, 100, 74232, 74
2026/07/28 16:42:10.267, 304.55, 100, 74232, 74
2026/07/28 16:42:11.303, 297.23, 100, 74232, 74
2026/07/28 16:42:12.341, 300.54, 100, 74232, 74
2026/07/28 16:42:13.379, 297.43, 100, 74232, 74
2026/07/28 16:42:14.418, 297.14, 100, 74232, 74
2026/07/28 16:42:15.456, 305.56, 100, 74232, 74
2026/07/28 16:42:16.495, 295.69, 100, 74232, 74
2026/07/28 16:42:17.531, 293.94, 100, 74232, 74
2026/07/28 16:42:18.568, 297.04, 100, 74232, 74
2026/07/28 16:42:19.606, 297.84, 100, 74232, 74
2026/07/28 16:42:20.642, 297.83, 100, 74232, 74
2026/07/28 16:42:21.678, 302.68, 100, 74232, 74
2026/07/28 16:42:22.714, 297.53, 100, 74232, 74
2026/07/28 16:42:23.750, 297.57, 100, 74232, 74
2026/07/28 16:42:24.787, 302.41, 100, 74232, 74
2026/07/28 16:42:25.824, 297.95, 100, 74232, 74
2026/07/28 16:42:26.862, 297.53, 100, 74232, 74
2026/07/28 16:42:27.899, 295.19, 100, 74232, 74
2026/07/28 16:42:28.936, 297.42, 100, 74232, 74
2026/07/28 16:42:29.975, 299.18, 100, 74232, 74
2026/07/28 16:42:31.012, 297.65, 100, 74232, 74
2026/07/28 16:42:32.048, 297.04, 100, 74232, 74
2026/07/28 16:42:33.084, 297.81, 100, 74232, 74
2026/07/28 16:42:34.121, 298.14, 100, 74232, 74
2026/07/28 16:42:35.158, 298.98, 100, 74232, 74
2026/07/28 16:42:36.195, 298.01, 100, 74232, 74
2026/07/28 16:42:37.231, 297.64, 100, 74232, 74
2026/07/28 16:42:38.269, 297.45, 100, 74232, 74
2026/07/28 16:42:39.307, 298.70, 100, 74232, 74
2026/07/28 16:42:40.344, 297.62, 100, 74232, 74
2026/07/28 16:42:41.384, 298.64, 100, 74232, 74
2026/07/28 16:42:42.422, 297.05, 100, 74232, 74
2026/07/28 16:42:43.458, 298.50, 100, 74232, 74
2026/07/28 16:42:44.495, 297.65, 100, 74232, 74
2026/07/28 16:42:45.531, 302.30, 100, 74232, 74
2026/07/28 16:42:46.569, 293.85, 100, 74232, 74
2026/07/28 16:42:47.607, 299.36, 100, 74232, 74
2026/07/28 16:42:48.644, 297.05, 100, 74232, 74
2026/07/28 16:42:49.680, 100.17, 0, 74232, 71
2026/07/28 16:42:50.713, 99.15, 0, 74232, 70
2026/07/28 16:42:51.746, 98.07, 0, 74232, 70
2026/07/28 16:42:52.778, 97.08, 0, 74232, 69
2026/07/28 16:42:53.811, 96.41, 0, 74232, 68
2026/07/28 16:42:54.849, 95.91, 0, 74232, 68
2026/07/28 16:42:55.881, 95.44, 0, 74232, 67
2026/07/28 16:42:56.914, 94.77, 0, 74232, 67
2026/07/28 16:42:57.946, 94.38, 0, 74232, 67
2026/07/28 16:42:58.981, 93.60, 0, 74232, 66
2026/07/28 16:43:00.014, 94.00, 0, 74232, 66
2026/07/28 16:43:01.045, 94.59, 0, 74232, 66
2026/07/28 16:43:02.077, 92.60, 0, 74232, 65
2026/07/28 16:43:03.110, 92.19, 0, 74232, 65
2026/07/28 16:43:04.141, 92.60, 0, 74232, 65
2026/07/28 16:43:05.172, 92.47, 0, 74232, 64
2026/07/28 16:43:06.204, 91.32, 0, 74232, 64
2026/07/28 16:43:07.234, 92.05, 0, 74232, 64
2026/07/28 16:43:08.265, 90.14, 0, 74232, 64
2026/07/28 16:43:09.301, 90.90, 0, 74232, 63
2026/07/28 16:43:10.332, 90.94, 0, 74232, 63
2026/07/28 16:43:11.364, 89.56, 0, 74232, 63
2026/07/28 16:43:12.395, 89.43, 0, 74232, 62
2026/07/28 16:43:13.426, 88.73, 0, 74232, 62
2026/07/28 16:43:14.456, 88.84, 0, 74232, 62
2026/07/28 16:43:15.488, 89.43, 0, 74232, 62
2026/07/28 16:43:16.519, 87.96, 0, 74232, 62
2026/07/28 16:43:17.550, 88.96, 0, 74232, 61
2026/07/28 16:43:18.583, 87.88, 0, 74232, 61
2026/07/28 16:43:19.614, 88.35, 0, 74232, 61
2026/07/28 16:43:20.645, 86.38, 0, 74232, 61
2026/07/28 16:43:21.677, 88.47, 0, 74232, 60
2026/07/28 16:43:22.724, 86.71, 0, 74232, 60
2026/07/28 16:43:23.756, 86.69, 0, 74232, 60
2026/07/28 16:43:24.786, 86.60, 0, 74232, 60
2026/07/28 16:43:25.819, 86.07, 0, 74232, 59
2026/07/28 16:43:26.849, 85.17, 0, 74232, 59
2026/07/28 16:43:27.880, 84.24, 0, 74232, 59
2026/07/28 16:43:28.914, 83.99, 0, 74232, 59
2026/07/28 16:43:30.911, 84.47, 0, 74232, 58
2026/07/28 16:43:31.942, 84.64, 0, 74232, 58
2026/07/28 16:43:32.973, 83.70, 0, 74232, 58
2026/07/28 16:43:34.004, 83.53, 0, 74232, 58
2026/07/28 16:43:35.035, 83.64, 0, 74232, 58
2026/07/28 16:43:36.066, 82.84, 0, 74232, 57
2026/07/28 16:43:37.095, 83.13, 0, 74232, 57
2026/07/28 16:43:38.125, 82.49, 0, 74232, 57
2026/07/28 16:43:39.155, 82.28, 0, 74232, 57
2026/07/28 16:43:40.186, 81.88, 0, 74232, 57
2026/07/28 16:43:41.217, 81.61, 0, 74232, 56
2026/07/28 16:43:42.249, 81.49, 0, 74232, 56
2026/07/28 16:43:43.281, 81.34, 0, 74232, 56
2026/07/28 16:43:44.312, 81.31, 0, 74232, 56
2026/07/28 16:43:45.343, 81.10, 0, 74232, 56
2026/07/28 16:43:46.374, 80.85, 0, 74232, 56
2026/07/28 16:43:47.404, 80.86, 0, 74232, 55
2026/07/28 16:43:48.436, 79.54, 0, 74232, 55
2026/07/28 16:43:49.467, 79.69, 0, 74232, 55
2026/07/28 16:43:50.497, 79.23, 0, 74232, 55
2026/07/28 16:43:51.527, 79.77, 0, 74232, 55
2026/07/28 16:43:52.561, 304.63, 100, 74232, 60
2026/07/28 16:43:53.600, 307.63, 100, 74232, 61
2026/07/28 16:43:54.639, 286.96, 100, 74232, 61
2026/07/28 16:43:55.673, 304.07, 100, 74232, 62
2026/07/28 16:43:56.708, 295.97, 100, 74232, 60
2026/07/28 16:43:57.747, 294.80, 100, 74232, 61
2026/07/28 16:43:58.784, 297.32, 100, 74232, 61
2026/07/28 16:43:59.821, 297.62, 100, 74232, 61
2026/07/28 16:44:00.858, 296.46, 100, 74232, 61
2026/07/28 16:44:01.896, 297.95, 100, 74232, 62
2026/07/28 16:44:02.933, 299.16, 100, 74232, 62
2026/07/28 16:44:03.969, 297.24, 100, 74232, 62
2026/07/28 16:44:05.006, 297.17, 100, 74232, 63
2026/07/28 16:44:06.043, 294.49, 100, 74232, 65
2026/07/28 16:44:07.078, 305.24, 100, 74232, 65
2026/07/28 16:44:08.113, 286.56, 100, 74232, 65
2026/07/28 16:44:09.147, 312.11, 100, 74232, 66
2026/07/28 16:44:10.181, 304.72, 100, 74232, 64
2026/07/28 16:44:11.218, 305.86, 100, 74232, 65
2026/07/28 16:44:12.255, 294.13, 100, 74232, 66
2026/07/28 16:44:13.291, 297.56, 100, 74232, 67
2026/07/28 16:44:14.329, 297.22, 100, 74232, 67
2026/07/28 16:44:15.363, 300.81, 100, 74232, 67
2026/07/28 16:44:16.398, 284.95, 100, 74232, 68
2026/07/28 16:44:17.436, 323.00, 100, 74232, 68
2026/07/28 16:44:18.470, 299.02, 100, 74232, 66
2026/07/28 16:44:19.508, 302.47, 100, 74232, 66
2026/07/28 16:44:20.544, 298.79, 100, 74232, 67
2026/07/28 16:44:21.580, 300.93, 100, 74232, 67
2026/07/28 16:44:22.617, 302.55, 100, 74232, 67
2026/07/28 16:44:23.723, 302.02, 100, 74232, 67
2026/07/28 16:44:24.761, 303.33, 100, 74232, 67
2026/07/28 16:44:25.798, 295.79, 100, 74232, 68
2026/07/28 16:44:26.835, 291.72, 100, 74232, 68
2026/07/28 16:44:27.872, 293.37, 100, 74232, 68
2026/07/28 16:44:28.908, 296.98, 100, 74232, 68
2026/07/28 16:44:29.945, 296.96, 100, 74232, 68
2026/07/28 16:44:30.982, 297.06, 100, 74232, 69
2026/07/28 16:44:32.019, 299.38, 100, 74232, 69
2026/07/28 16:44:33.055, 297.33, 100, 74232, 69
2026/07/28 16:44:34.092, 298.60, 100, 74232, 69
2026/07/28 16:44:35.128, 298.70, 100, 74232, 71
2026/07/28 16:44:36.163, 292.48, 100, 74232, 71
2026/07/28 16:44:37.196, 278.63, 100, 74232, 71
2026/07/28 16:44:38.231, 283.93, 100, 74232, 71
2026/07/28 16:44:39.266, 315.53, 100, 74232, 72
2026/07/28 16:44:40.300, 310.27, 100, 74232, 72
2026/07/28 16:44:41.335, 307.13, 100, 74232, 70
2026/07/28 16:44:42.374, 306.54, 100, 74232, 70
2026/07/28 16:44:43.412, 300.25, 100, 74232, 70
2026/07/28 16:44:44.453, 320.37, 100, 74232, 72
2026/07/28 16:44:45.487, 293.37, 100, 74232, 72
2026/07/28 16:44:46.522, 284.08, 100, 74232, 73
2026/07/28 16:44:47.556, 304.49, 100, 74232, 73
2026/07/28 16:44:48.590, 274.37, 100, 74232, 73
2026/07/28 16:44:49.625, 300.60, 100, 74232, 73
2026/07/28 16:44:50.664, 264.14, 100, 74232, 71
2026/07/28 16:44:51.701, 302.36, 100, 74232, 71
2026/07/28 16:44:52.742, 294.82, 100, 74232, 71
2026/07/28 16:44:53.780, 299.58, 100, 74232, 72
2026/07/28 16:44:54.817, 304.62, 100, 74232, 74
2026/07/28 16:44:55.851, 294.51, 100, 74232, 73
2026/07/28 16:44:56.885, 297.55, 100, 74232, 74
2026/07/28 16:44:57.919, 274.51, 100, 74232, 74
2026/07/28 16:44:58.953, 259.89, 100, 74232, 74
2026/07/28 16:44:59.986, 260.60, 100, 74232, 74
2026/07/28 16:45:01.021, 303.39, 100, 74232, 72
2026/07/28 16:45:02.060, 301.49, 100, 74232, 73
2026/07/28 16:45:03.098, 305.08, 100, 74232, 73
2026/07/28 16:45:04.137, 301.99, 100, 74232, 73
2026/07/28 16:45:05.174, 302.66, 100, 74232, 73
2026/07/28 16:45:06.210, 302.12, 100, 74232, 73
2026/07/28 16:45:07.246, 303.18, 100, 74232, 73
2026/07/28 16:45:08.284, 303.29, 100, 74232, 73
2026/07/28 16:45:09.321, 292.38, 100, 74232, 73
2026/07/28 16:45:10.358, 293.56, 100, 74232, 73
2026/07/28 16:45:11.394, 294.72, 100, 74232, 73
2026/07/28 16:45:12.431, 296.68, 100, 74232, 73
2026/07/28 16:45:13.467, 302.47, 100, 74232, 73
2026/07/28 16:45:14.509, 304.06, 100, 74232, 73
2026/07/28 16:45:15.551, 302.79, 100, 74232, 73
2026/07/28 16:45:16.588, 299.28, 100, 74232, 73
2026/07/28 16:45:17.627, 296.18, 100, 74232, 73
2026/07/28 16:45:18.663, 304.05, 100, 74232, 74
2026/07/28 16:45:19.702, 293.93, 100, 74232, 75
2026/07/28 16:45:20.739, 314.46, 100, 74232, 75
2026/07/28 16:45:21.772, 297.44, 100, 74232, 75
2026/07/28 16:45:22.806, 279.91, 100, 74232, 75
2026/07/28 16:45:23.840, 319.72, 100, 74232, 75
2026/07/28 16:45:24.875, 299.73, 100, 74232, 75
2026/07/28 16:45:25.911, 306.45, 100, 74232, 74
2026/07/28 16:45:26.948, 303.97, 100, 74232, 74
2026/07/28 16:45:27.987, 305.38, 100, 74232, 74
2026/07/28 16:45:29.024, 304.24, 100, 74232, 74
2026/07/28 16:45:30.062, 100.00, 0, 74232, 71
2026/07/28 16:45:31.095, 303.35, 100, 74232, 75
2026/07/28 16:45:32.131, 303.24, 100, 74232, 75
2026/07/28 16:45:33.164, 302.18, 100, 74232, 75
2026/07/28 16:45:34.198, 314.34, 100, 74232, 76
2026/07/28 16:45:35.231, 281.93, 100, 74232, 75
2026/07/28 16:45:36.265, 291.51, 100, 74232, 75
2026/07/28 16:45:37.301, 304.02, 100, 74232, 74
2026/07/28 16:45:38.339, 305.58, 100, 74232, 74
2026/07/28 16:45:39.377, 303.93, 100, 74232, 74
2026/07/28 16:45:40.414, 305.47, 100, 74232, 74
2026/07/28 16:45:41.453, 301.68, 100, 74232, 75
2026/07/28 16:45:42.488, 297.14, 100, 74232, 76
2026/07/28 16:45:43.525, 283.74, 100, 74232, 76
2026/07/28 16:45:44.563, 295.80, 100, 74232, 76
2026/07/28 16:45:45.598, 292.94, 100, 74232, 76
2026/07/28 16:45:46.632, 306.62, 100, 74232, 76
2026/07/28 16:45:47.667, 308.80, 100, 74232, 76
2026/07/28 16:45:48.704, 298.31, 100, 74232, 74
2026/07/28 16:45:49.744, 291.40, 100, 74232, 74
2026/07/28 16:45:50.782, 297.63, 100, 74232, 74
2026/07/28 16:45:51.820, 294.04, 100, 74232, 74
2026/07/28 16:45:52.858, 290.44, 100, 74232, 75
2026/07/28 16:45:53.897, 298.30, 100, 74232, 75
2026/07/28 16:45:54.934, 298.02, 100, 74232, 75
2026/07/28 16:45:55.971, 286.84, 100, 74232, 75
2026/07/28 16:45:57.009, 100.01, 100, 74232, 73
2026/07/28 16:45:58.044, 297.49, 100, 74232, 76
2026/07/28 16:45:59.080, 301.89, 100, 74232, 76
2026/07/28 16:46:00.115, 299.61, 100, 74232, 76
2026/07/28 16:46:01.150, 262.51, 100, 74232, 76
2026/07/28 16:46:02.185, 283.13, 100, 74232, 76
2026/07/28 16:46:03.225, 311.32, 100, 74232, 76
2026/07/28 16:46:04.260, 314.01, 100, 74232, 77
2026/07/28 16:46:05.305, 301.89, 100, 74232, 75
2026/07/28 16:46:06.343, 292.21, 100, 74232, 75
2026/07/28 16:46:07.379, 292.70, 100, 74232, 75
2026/07/28 16:46:08.417, 303.39, 100, 74232, 75
2026/07/28 16:46:09.455, 298.62, 100, 74232, 75
2026/07/28 16:46:10.493, 298.69, 100, 74232, 75
2026/07/28 16:46:11.534, 299.29, 100, 74232, 75
2026/07/28 16:46:12.571, 299.20, 100, 74232, 75
2026/07/28 16:46:13.609, 295.12, 100, 74232, 75
2026/07/28 16:46:14.647, 299.37, 100, 74232, 75
2026/07/28 16:46:15.684, 300.54, 100, 74232, 75
2026/07/28 16:46:16.722, 299.67, 100, 74232, 75
2026/07/28 16:46:17.759, 101.81, 76, 74232, 73
2026/07/28 16:46:18.796, 304.55, 100, 74232, 76
2026/07/28 16:46:19.831, 301.14, 100, 74232, 77
2026/07/28 16:46:20.867, 302.40, 100, 74232, 76
2026/07/28 16:46:21.904, 298.97, 100, 74232, 77
2026/07/28 16:46:22.939, 313.32, 100, 74232, 77
2026/07/28 16:46:23.973, 293.37, 100, 74232, 77
2026/07/28 16:46:25.009, 281.80, 100, 74232, 77
2026/07/28 16:46:26.050, 306.83, 100, 74232, 75
2026/07/28 16:46:27.089, 306.36, 100, 74232, 75
2026/07/28 16:46:28.126, 299.08, 100, 74232, 75
2026/07/28 16:46:29.165, 294.92, 100, 74232, 75
2026/07/28 16:46:30.203, 295.21, 100, 74232, 75
2026/07/28 16:46:31.244, 299.08, 100, 74232, 75
2026/07/28 16:46:32.282, 298.60, 100, 74232, 75
2026/07/28 16:46:33.320, 300.82, 100, 74232, 75
2026/07/28 16:46:34.357, 299.88, 100, 74232, 75
2026/07/28 16:46:35.394, 300.04, 100, 74232, 75
2026/07/28 16:46:36.431, 300.93, 100, 74232, 75
2026/07/28 16:46:37.469, 298.92, 100, 74232, 75
2026/07/28 16:46:38.506, 303.53, 100, 74232, 75
2026/07/28 16:46:39.546, 302.95, 100, 74232, 75
2026/07/28 16:46:40.584, 297.53, 100, 74232, 75
2026/07/28 16:46:41.621, 298.88, 100, 74232, 75
2026/07/28 16:46:42.660, 298.32, 100, 74232, 75
2026/07/28 16:46:43.699, 297.23, 100, 74232, 75
2026/07/28 16:46:44.736, 298.32, 100, 74232, 75
2026/07/28 16:46:45.775, 296.67, 100, 74232, 75
2026/07/28 16:46:46.812, 298.10, 100, 74232, 75
2026/07/28 16:46:47.854, 298.43, 100, 74232, 75
2026/07/28 16:46:48.892, 297.52, 100, 74232, 75
2026/07/28 16:46:49.930, 298.02, 100, 74232, 75
2026/07/28 16:46:50.969, 299.65, 100, 74232, 75
2026/07/28 16:46:52.008, 297.14, 100, 74232, 75
2026/07/28 16:46:53.045, 300.65, 100, 74232, 75
2026/07/28 16:46:54.083, 295.90, 100, 74232, 75
2026/07/28 16:46:55.120, 299.86, 100, 74232, 75
2026/07/28 16:46:56.158, 310.49, 100, 74232, 75
2026/07/28 16:46:57.196, 303.64, 100, 74232, 75
2026/07/28 16:46:58.235, 297.81, 100, 74232, 75
2026/07/28 16:46:59.273, 305.36, 100, 74232, 75
2026/07/28 16:47:00.310, 303.68, 100, 74232, 75
2026/07/28 16:47:01.347, 301.11, 100, 74232, 75
2026/07/28 16:47:02.388, 305.57, 100, 74232, 75
2026/07/28 16:47:03.428, 294.02, 100, 74232, 74
2026/07/28 16:47:04.466, 296.73, 100, 74232, 75
2026/07/28 16:47:05.505, 293.16, 100, 74232, 74
2026/07/28 16:47:06.544, 298.80, 100, 74232, 74
2026/07/28 16:47:07.581, 296.96, 100, 74232, 74
2026/07/28 16:47:08.621, 298.00, 100, 74232, 74
2026/07/28 16:47:09.659, 297.13, 100, 74232, 74
2026/07/28 16:47:10.696, 295.50, 100, 74232, 74
2026/07/28 16:47:11.735, 296.64, 100, 74232, 74
2026/07/28 16:47:12.773, 303.35, 100, 74232, 74
2026/07/28 16:47:13.809, 297.54, 100, 74232, 74
2026/07/28 16:47:14.847, 303.22, 100, 74232, 74
2026/07/28 16:47:15.885, 295.11, 100, 74232, 74
2026/07/28 16:47:16.923, 292.38, 100, 74232, 74
2026/07/28 16:47:17.961, 298.72, 100, 74232, 74
2026/07/28 16:47:18.998, 296.75, 100, 74232, 74
2026/07/28 16:47:20.035, 296.35, 100, 74232, 74
2026/07/28 16:47:21.072, 296.85, 100, 74232, 74
2026/07/28 16:47:22.111, 299.40, 100, 74232, 74
2026/07/28 16:47:23.149, 298.97, 100, 74232, 74
2026/07/28 16:47:24.188, 297.73, 100, 74232, 74
2026/07/28 16:47:25.226, 296.27, 100, 74232, 74
2026/07/28 16:47:26.268, 300.63, 100, 74232, 74
2026/07/28 16:47:27.307, 305.18, 100, 74232, 74
2026/07/28 16:47:28.345, 304.91, 100, 74232, 74
2026/07/28 16:47:29.386, 303.18, 100, 74232, 74
2026/07/28 16:47:30.424, 304.55, 100, 74232, 74
2026/07/28 16:47:31.462, 306.54, 100, 74232, 74
2026/07/28 16:47:32.500, 296.26, 100, 74232, 74
2026/07/28 16:47:33.538, 297.23, 100, 74232, 74
2026/07/28 16:47:34.575, 299.28, 100, 74232, 74
2026/07/28 16:47:35.613, 297.35, 100, 74232, 74
2026/07/28 16:47:36.650, 297.42, 100, 74232, 74
2026/07/28 16:47:37.689, 298.40, 100, 74232, 74
2026/07/28 16:47:38.728, 296.65, 100, 74232, 74
2026/07/28 16:47:39.766, 295.19, 100, 74232, 74
2026/07/28 16:47:40.804, 298.02, 100, 74232, 74
2026/07/28 16:47:41.842, 293.75, 100, 74232, 74
2026/07/28 16:47:42.881, 295.88, 100, 74232, 74
2026/07/28 16:47:43.919, 295.50, 100, 74232, 74
2026/07/28 16:47:44.956, 296.94, 100, 74232, 74
2026/07/28 16:47:45.998, 294.23, 100, 74232, 74
2026/07/28 16:47:47.035, 296.37, 100, 74232, 74
2026/07/28 16:47:48.073, 297.74, 100, 74232, 74
2026/07/28 16:47:49.111, 296.48, 100, 74232, 74
2026/07/28 16:47:50.148, 294.63, 100, 74232, 74
2026/07/28 16:47:51.189, 294.62, 100, 74232, 74
2026/07/28 16:47:52.226, 298.00, 100, 74232, 74
2026/07/28 16:47:53.263, 296.27, 100, 74232, 74
2026/07/28 16:47:54.302, 296.27, 100, 74232, 74
2026/07/28 16:47:55.339, 303.49, 100, 74232, 74
2026/07/28 16:47:56.377, 299.49, 100, 74232, 74
2026/07/28 16:47:57.417, 304.30, 100, 74232, 74
2026/07/28 16:47:58.455, 304.50, 100, 74232, 74
2026/07/28 16:47:59.493, 303.23, 100, 74232, 74
2026/07/28 16:48:00.532, 302.56, 100, 74232, 74
2026/07/28 16:48:01.570, 291.45, 100, 74232, 74
2026/07/28 16:48:02.608, 295.89, 100, 74232, 74
2026/07/28 16:48:03.646, 295.77, 100, 74232, 74
2026/07/28 16:48:04.684, 293.64, 100, 74232, 73
2026/07/28 16:48:05.722, 304.46, 100, 74232, 75
2026/07/28 16:48:06.760, 285.58, 100, 74232, 75
2026/07/28 16:48:07.795, 290.76, 100, 74232, 75
2026/07/28 16:48:08.832, 302.70, 100, 74232, 75
2026/07/28 16:48:09.867, 270.23, 100, 74232, 75
2026/07/28 16:48:10.903, 298.74, 100, 74232, 75
2026/07/28 16:48:11.938, 303.36, 100, 74232, 73
2026/07/28 16:48:12.976, 301.90, 100, 74232, 73
2026/07/28 16:48:14.013, 302.21, 100, 74232, 73
2026/07/28 16:48:15.049, 302.97, 100, 74232, 73
2026/07/28 16:48:16.086, 301.61, 100, 74232, 73
2026/07/28 16:48:17.124, 302.70, 100, 74232, 73
2026/07/28 16:48:18.162, 304.30, 100, 74232, 73
2026/07/28 16:48:19.201, 303.15, 100, 74232, 73
2026/07/28 16:48:20.238, 303.43, 100, 74232, 73
2026/07/28 16:48:21.276, 302.49, 100, 74232, 73
2026/07/28 16:48:22.313, 303.46, 100, 74232, 73
2026/07/28 16:48:23.351, 303.26, 100, 74232, 73
2026/07/28 16:48:24.388, 303.53, 100, 74232, 73
2026/07/28 16:48:25.426, 296.08, 100, 74232, 73
2026/07/28 16:48:26.462, 292.59, 100, 74232, 73
2026/07/28 16:48:27.501, 100.24, 0, 74232, 70
2026/07/28 16:48:28.534, 298.48, 100, 74232, 75
2026/07/28 16:48:29.570, 299.57, 100, 74232, 75
2026/07/28 16:48:30.606, 294.61, 100, 74232, 75
2026/07/28 16:48:31.650, 290.62, 100, 74232, 75
2026/07/28 16:48:32.685, 269.65, 100, 74232, 75
2026/07/28 16:48:33.722, 294.83, 100, 74232, 75
2026/07/28 16:48:34.758, 292.38, 100, 74232, 73
2026/07/28 16:48:35.796, 293.46, 100, 74232, 74
2026/07/28 16:48:36.833, 296.37, 100, 74232, 74
2026/07/28 16:48:37.872, 288.90, 100, 74232, 74
2026/07/28 16:48:38.909, 290.24, 100, 74232, 74
2026/07/28 16:48:39.949, 288.80, 100, 74232, 74
2026/07/28 16:48:40.986, 289.37, 100, 74232, 74
2026/07/28 16:48:42.027, 286.01, 100, 74232, 74
2026/07/28 16:48:43.065, 295.12, 100, 74232, 74
2026/07/28 16:48:44.101, 289.88, 100, 74232, 74
2026/07/28 16:48:45.142, 297.05, 100, 74232, 74
2026/07/28 16:48:46.180, 296.95, 100, 74232, 74
2026/07/28 16:48:47.218, 297.75, 100, 74232, 74
2026/07/28 16:48:48.255, 295.70, 100, 74232, 74
2026/07/28 16:48:49.292, 297.83, 100, 74232, 74
2026/07/28 16:48:50.331, 298.80, 100, 74232, 74
2026/07/28 16:48:51.368, 297.53, 100, 74232, 74
2026/07/28 16:48:52.408, 297.72, 100, 74232, 74
2026/07/28 16:48:53.445, 298.81, 100, 74232, 74
2026/07/28 16:48:54.483, 297.12, 100, 74232, 74
2026/07/28 16:48:55.521, 305.39, 100, 74232, 74
2026/07/28 16:48:56.558, 297.66, 100, 74232, 74
2026/07/28 16:48:57.599, 296.94, 100, 74232, 74
2026/07/28 16:48:58.638, 297.33, 100, 74232, 74
2026/07/28 16:48:59.676, 302.97, 100, 74232, 74
2026/07/28 16:49:00.713, 99.50, 71, 74232, 72
2026/07/28 16:49:01.746, 101.41, 0, 74232, 71
2026/07/28 16:49:02.778, 98.39, 0, 74232, 70
2026/07/28 16:49:03.811, 98.65, 0, 74232, 69
2026/07/28 16:49:04.843, 97.04, 0, 74232, 69
2026/07/28 16:49:05.877, 96.23, 0, 74232, 68
2026/07/28 16:49:06.909, 96.72, 0, 74232, 68
2026/07/28 16:49:07.942, 95.02, 0, 74232, 67
2026/07/28 16:49:08.974, 94.58, 0, 74232, 67
2026/07/28 16:49:10.005, 94.76, 0, 74232, 66
2026/07/28 16:49:11.037, 94.20, 0, 74232, 66
2026/07/28 16:49:12.069, 93.30, 0, 74232, 66
2026/07/28 16:49:13.100, 92.38, 0, 74232, 65
2026/07/28 16:49:14.131, 92.78, 0, 74232, 65
2026/07/28 16:49:15.163, 91.17, 0, 74232, 65
2026/07/28 16:49:16.194, 91.95, 0, 74232, 64
2026/07/28 16:49:17.224, 90.94, 0, 74232, 64
2026/07/28 16:49:18.257, 90.38, 0, 74232, 64
2026/07/28 16:49:19.288, 90.38, 0, 74232, 63
2026/07/28 16:49:20.318, 90.74, 0, 74232, 63
2026/07/28 16:49:21.350, 90.32, 0, 74232, 63
2026/07/28 16:49:22.381, 89.17, 0, 74232, 63
2026/07/28 16:49:23.411, 89.84, 0, 74232, 62
2026/07/28 16:49:24.443, 89.57, 0, 74232, 62
2026/07/28 16:49:25.475, 88.34, 0, 74232, 62
2026/07/28 16:49:26.505, 88.74, 0, 74232, 62
2026/07/28 16:49:27.541, 88.88, 0, 74232, 61
2026/07/28 16:49:28.572, 88.78, 0, 74232, 61
2026/07/28 16:49:29.603, 88.25, 0, 74232, 61
2026/07/28 16:49:30.636, 88.10, 0, 74232, 61
2026/07/28 16:49:31.667, 87.79, 0, 74232, 61
2026/07/28 16:49:32.697, 86.90, 0, 74232, 60
2026/07/28 16:49:33.728, 86.61, 0, 74232, 60
2026/07/28 16:49:34.919, 85.92, 0, 74232, 60
2026/07/28 16:49:35.949, 85.85, 0, 74232, 60
2026/07/28 16:49:36.979, 85.32, 0, 74232, 59
2026/07/28 16:49:38.011, 84.89, 0, 74232, 59
2026/07/28 16:49:39.042, 84.66, 0, 74232, 59
2026/07/28 16:49:40.107, 84.43, 0, 74232, 59
2026/07/28 16:49:41.138, 84.73, 0, 74232, 59
2026/07/28 16:49:42.169, 82.93, 0, 74232, 58
2026/07/28 16:49:43.202, 83.64, 0, 74232, 58
2026/07/28 16:49:44.234, 83.88, 0, 74232, 58
2026/07/28 16:49:45.264, 83.43, 0, 74232, 58
2026/07/28 16:49:46.294, 82.93, 0, 74232, 58
2026/07/28 16:49:47.324, 83.01, 0, 74232, 57
2026/07/28 16:49:48.356, 82.76, 0, 74232, 57
2026/07/28 16:49:49.387, 82.66, 0, 74232, 57
2026/07/28 16:49:50.418, 82.50, 0, 74232, 57
2026/07/28 16:49:51.448, 82.99, 0, 74232, 57
2026/07/28 16:49:52.479, 82.98, 0, 74232, 57
2026/07/28 16:49:53.508, 83.21, 0, 74232, 56
2026/07/28 16:49:54.538, 82.33, 0, 74232, 56
2026/07/28 16:49:55.568, 82.21, 0, 74232, 56
2026/07/28 16:49:56.598, 82.10, 0, 74232, 56
2026/07/28 16:49:57.629, 82.57, 0, 74232, 56
2026/07/28 16:49:58.661, 81.27, 0, 74232, 55
2026/07/28 16:49:59.693, 80.30, 0, 74232, 55
2026/07/28 16:50:00.723, 80.16, 0, 74232, 55
2026/07/28 16:50:01.753, 80.08, 0, 74232, 55
2026/07/28 16:50:02.783, 79.85, 0, 74232, 55
2026/07/28 16:50:03.815, 80.12, 0, 74232, 55
2026/07/28 16:50:04.847, 79.49, 0, 74232, 54
2026/07/28 16:50:05.879, 79.44, 0, 74232, 54
2026/07/28 16:50:06.977, 306.62, 100, 74232, 60
2026/07/28 16:50:08.011, 298.80, 100, 74232, 60
2026/07/28 16:50:09.047, 303.91, 100, 74232, 61
2026/07/28 16:50:10.083, 288.90, 100, 74232, 61
2026/07/28 16:50:11.122, 298.57, 100, 74232, 61
2026/07/28 16:50:12.157, 305.65, 100, 74232, 60
2026/07/28 16:50:13.198, 296.27, 100, 74232, 60
2026/07/28 16:50:14.236, 298.08, 100, 74232, 61
2026/07/28 16:50:15.273, 296.83, 100, 74232, 61
2026/07/28 16:50:16.312, 297.53, 100, 74232, 61
2026/07/28 16:50:17.351, 299.36, 100, 74232, 62
2026/07/28 16:50:18.388, 298.97, 100, 74232, 62
2026/07/28 16:50:19.430, 294.82, 100, 74232, 63
2026/07/28 16:50:20.464, 291.72, 100, 74232, 64
2026/07/28 16:50:21.503, 307.26, 100, 74232, 65
2026/07/28 16:50:22.539, 309.64, 100, 74232, 65
2026/07/28 16:50:23.572, 313.18, 100, 74232, 65
2026/07/28 16:50:24.609, 266.10, 100, 74232, 64
2026/07/28 16:50:25.648, 294.52, 100, 74232, 64
2026/07/28 16:50:26.686, 294.33, 100, 74232, 64
2026/07/28 16:50:27.723, 293.25, 100, 74232, 65
2026/07/28 16:50:28.762, 289.46, 100, 74232, 65
2026/07/28 16:50:29.803, 290.26, 100, 74232, 67
2026/07/28 16:50:30.838, 286.73, 100, 74232, 67
2026/07/28 16:50:31.874, 290.24, 100, 74232, 67
2026/07/28 16:50:32.913, 271.61, 100, 74232, 68
2026/07/28 16:50:33.947, 279.27, 100, 74232, 68
2026/07/28 16:50:34.984, 300.14, 100, 74232, 66
2026/07/28 16:50:36.021, 301.24, 100, 74232, 66
2026/07/28 16:50:37.058, 301.22, 100, 74232, 67
2026/07/28 16:50:38.095, 295.10, 100, 74232, 67
2026/07/28 16:50:39.131, 301.50, 100, 74232, 67
2026/07/28 16:50:40.170, 301.72, 100, 74232, 67
2026/07/28 16:50:41.208, 294.82, 100, 74232, 67
2026/07/28 16:50:42.247, 303.34, 100, 74232, 69
2026/07/28 16:50:43.281, 302.54, 100, 74232, 70
2026/07/28 16:50:44.315, 295.48, 100, 74232, 70
2026/07/28 16:50:45.349, 310.37, 100, 74232, 70
2026/07/28 16:50:46.392, 277.84, 100, 74232, 70
2026/07/28 16:50:47.426, 270.62, 100, 74232, 69
2026/07/28 16:50:48.464, 278.86, 100, 74232, 69
2026/07/28 16:50:49.505, 295.60, 100, 74232, 69
2026/07/28 16:50:50.541, 290.55, 100, 74232, 69
2026/07/28 16:50:51.578, 290.36, 100, 74232, 69
2026/07/28 16:50:52.616, 295.01, 100, 74232, 70
2026/07/28 16:50:53.653, 298.30, 100, 74232, 70
2026/07/28 16:50:54.692, 292.18, 100, 74232, 70
2026/07/28 16:50:55.729, 298.32, 100, 74232, 70
2026/07/28 16:50:56.766, 295.67, 100, 74232, 70
2026/07/28 16:50:57.809, 293.36, 100, 74232, 70
2026/07/28 16:50:58.847, 300.91, 100, 74232, 71
2026/07/28 16:50:59.884, 300.34, 100, 74232, 71
2026/07/28 16:51:00.925, 300.83, 100, 74232, 71
2026/07/28 16:51:01.963, 299.76, 100, 74232, 71
2026/07/28 16:51:03.004, 304.52, 100, 74232, 71
2026/07/28 16:51:04.046, 295.33, 100, 74232, 73
2026/07/28 16:51:05.081, 307.54, 100, 74232, 73
2026/07/28 16:51:06.117, 295.40, 100, 74232, 73
2026/07/28 16:51:07.153, 296.66, 100, 74232, 73
2026/07/28 16:51:08.193, 275.96, 100, 74232, 73
2026/07/28 16:51:09.228, 301.73, 100, 74232, 72
2026/07/28 16:51:10.264, 301.79, 100, 74232, 72
2026/07/28 16:51:11.302, 302.57, 100, 74232, 72
2026/07/28 16:51:12.340, 301.49, 100, 74232, 72
2026/07/28 16:51:13.378, 301.50, 100, 74232, 72
2026/07/28 16:51:14.414, 302.58, 100, 74232, 72
2026/07/28 16:51:15.452, 301.32, 100, 74232, 72
2026/07/28 16:51:16.490, 301.55, 100, 74232, 72
2026/07/28 16:51:17.527, 304.06, 100, 74232, 72
2026/07/28 16:51:18.564, 302.17, 100, 74232, 73
2026/07/28 16:51:19.604, 303.17, 100, 74232, 73
2026/07/28 16:51:20.642, 302.36, 100, 74232, 73
2026/07/28 16:51:21.678, 302.30, 100, 74232, 73
2026/07/28 16:51:22.715, 304.16, 100, 74232, 73
2026/07/28 16:51:23.752, 325.81, 92, 74232, 74
2026/07/28 16:51:24.790, 304.13, 100, 74232, 75
2026/07/28 16:51:25.824, 302.44, 100, 74232, 75
2026/07/28 16:51:26.860, 294.71, 100, 74232, 75
2026/07/28 16:51:27.895, 297.72, 100, 74232, 74
2026/07/28 16:51:28.929, 292.46, 100, 74232, 75
2026/07/28 16:51:29.964, 302.08, 100, 74232, 73
2026/07/28 16:51:31.001, 302.47, 100, 74232, 73
2026/07/28 16:51:32.037, 302.86, 100, 74232, 73
2026/07/28 16:51:33.074, 302.98, 100, 74232, 73
2026/07/28 16:51:34.111, 303.55, 100, 74232, 73
2026/07/28 16:51:35.152, 299.58, 100, 74232, 73
2026/07/28 16:51:36.189, 303.05, 100, 74232, 73
2026/07/28 16:51:37.225, 299.39, 100, 74232, 73
2026/07/28 16:51:38.262, 305.37, 100, 74232, 74
2026/07/28 16:51:39.299, 303.26, 100, 74232, 74
2026/07/28 16:51:40.336, 302.99, 100, 74232, 74
2026/07/28 16:51:41.372, 301.50, 100, 74232, 74
2026/07/28 16:51:42.412, 304.01, 100, 74232, 74
2026/07/28 16:51:43.450, 304.79, 100, 74232, 74
2026/07/28 16:51:44.487, 304.50, 100, 74232, 74
2026/07/28 16:51:45.524, 305.13, 100, 74232, 74
2026/07/28 16:51:46.561, 304.11, 100, 74232, 74
2026/07/28 16:51:47.599, 303.34, 100, 74232, 74
2026/07/28 16:51:48.640, 305.20, 100, 74232, 74
2026/07/28 16:51:49.677, 304.81, 100, 74232, 74
2026/07/28 16:51:50.713, 303.75, 100, 74232, 74
2026/07/28 16:51:51.750, 305.95, 100, 74232, 74
2026/07/28 16:51:52.788, 292.78, 100, 74232, 74
2026/07/28 16:51:53.826, 293.64, 100, 74232, 74
2026/07/28 16:51:54.864, 292.00, 100, 74232, 74
2026/07/28 16:51:55.902, 297.25, 100, 74232, 74
2026/07/28 16:51:56.940, 298.13, 100, 74232, 74
2026/07/28 16:51:57.976, 298.39, 100, 74232, 74
2026/07/28 16:51:59.014, 292.37, 100, 74232, 74
2026/07/28 16:52:00.051, 296.88, 100, 74232, 74
2026/07/28 16:52:01.089, 296.27, 100, 74232, 74
2026/07/28 16:52:02.128, 295.98, 100, 74232, 74
2026/07/28 16:52:03.166, 297.04, 100, 74232, 74
2026/07/28 16:52:04.205, 296.36, 100, 74232, 74
2026/07/28 16:52:05.243, 297.52, 100, 74232, 74
2026/07/28 16:52:06.281, 296.09, 100, 74232, 74
2026/07/28 16:52:07.319, 296.28, 100, 74232, 74
2026/07/28 16:52:08.356, 299.56, 100, 74232, 74
2026/07/28 16:52:09.394, 304.73, 100, 74232, 74
2026/07/28 16:52:10.433, 297.72, 100, 74232, 74
2026/07/28 16:52:11.473, 296.94, 100, 74232, 74
2026/07/28 16:52:12.510, 298.31, 100, 74232, 74
2026/07/28 16:52:13.548, 296.55, 100, 74232, 74
2026/07/28 16:52:14.586, 296.67, 100, 74232, 74
2026/07/28 16:52:15.623, 297.93, 100, 74232, 74
2026/07/28 16:52:16.661, 296.58, 100, 74232, 74
2026/07/28 16:52:17.698, 297.16, 100, 74232, 74
2026/07/28 16:52:18.737, 298.19, 100, 74232, 74
2026/07/28 16:52:19.776, 296.47, 100, 74232, 74
2026/07/28 16:52:20.813, 297.44, 100, 74232, 74
2026/07/28 16:52:21.851, 300.92, 100, 74232, 74
2026/07/28 16:52:22.888, 296.94, 100, 74232, 74
2026/07/28 16:52:23.928, 300.13, 100, 74232, 74
2026/07/28 16:52:24.965, 296.95, 100, 74232, 74
2026/07/28 16:52:26.004, 298.89, 100, 74232, 74
2026/07/28 16:52:27.042, 297.35, 100, 74232, 74
2026/07/28 16:52:28.078, 297.45, 100, 74232, 74
2026/07/28 16:52:29.119, 304.55, 100, 74232, 74
2026/07/28 16:52:30.157, 305.18, 100, 74232, 74
2026/07/28 16:52:31.197, 301.83, 100, 74232, 74
2026/07/28 16:52:32.235, 297.13, 100, 74232, 74
2026/07/28 16:52:33.273, 294.52, 100, 74232, 74
2026/07/28 16:52:34.313, 297.37, 100, 74232, 74
2026/07/28 16:52:35.351, 293.08, 100, 74232, 74
2026/07/28 16:52:36.389, 295.01, 100, 74232, 74
2026/07/28 16:52:37.431, 298.01, 100, 74232, 74
2026/07/28 16:52:38.468, 297.55, 100, 74232, 74
2026/07/28 16:52:39.505, 297.74, 100, 74232, 74
2026/07/28 16:52:40.545, 296.97, 100, 74232, 74
2026/07/28 16:52:41.582, 299.25, 95, 74232, 76
2026/07/28 16:52:42.617, 295.34, 100, 74232, 76
2026/07/28 16:52:43.652, 313.65, 100, 74232, 76
2026/07/28 16:52:44.688, 311.02, 100, 74232, 76
2026/07/28 16:52:45.722, 303.17, 100, 74232, 76
2026/07/28 16:52:46.759, 275.49, 100, 74232, 76
2026/07/28 16:52:47.796, 267.11, 100, 74232, 74
2026/07/28 16:52:48.836, 289.67, 100, 74232, 74
2026/07/28 16:52:49.873, 292.88, 100, 74232, 74
2026/07/28 16:52:50.910, 296.77, 100, 74232, 74
2026/07/28 16:52:51.948, 293.75, 100, 74232, 74
2026/07/28 16:52:52.987, 294.13, 100, 74232, 75
2026/07/28 16:52:54.024, 297.72, 100, 74232, 75
2026/07/28 16:52:55.066, 299.48, 100, 74232, 75
2026/07/28 16:52:56.104, 296.45, 100, 74232, 76
2026/07/28 16:52:57.140, 298.88, 100, 74232, 77
2026/07/28 16:52:58.176, 279.67, 100, 74232, 77
2026/07/28 16:52:59.212, 275.05, 100, 74232, 76
2026/07/28 16:53:00.251, 290.85, 100, 74232, 76
2026/07/28 16:53:01.286, 332.73, 100, 74232, 77
2026/07/28 16:53:02.320, 305.58, 100, 74232, 75
2026/07/28 16:53:03.359, 299.75, 100, 74232, 75
2026/07/28 16:53:04.398, 301.69, 100, 74232, 75
2026/07/28 16:53:05.440, 306.31, 100, 74232, 75
2026/07/28 16:53:06.477, 299.76, 100, 74232, 75
2026/07/28 16:53:07.515, 298.70, 100, 74232, 75
2026/07/28 16:53:08.554, 299.86, 100, 74232, 75
2026/07/28 16:53:09.591, 299.57, 100, 74232, 75
2026/07/28 16:53:10.633, 299.30, 100, 74232, 75
2026/07/28 16:53:11.672, 299.51, 100, 74232, 75
2026/07/28 16:53:12.710, 299.00, 100, 74232, 75
2026/07/28 16:53:13.750, 299.57, 100, 74232, 75
2026/07/28 16:53:14.787, 296.58, 100, 74232, 75
2026/07/28 16:53:15.825, 299.40, 100, 74232, 75
2026/07/28 16:53:16.862, 301.82, 100, 74232, 75
2026/07/28 16:53:17.899, 298.41, 100, 74232, 75
2026/07/28 16:53:18.936, 299.58, 100, 74232, 75
2026/07/28 16:53:19.974, 298.88, 100, 74232, 75
2026/07/28 16:53:21.013, 298.89, 100, 74232, 75
2026/07/28 16:53:22.051, 302.37, 100, 74232, 75
2026/07/28 16:53:23.089, 308.83, 3, 74232, 76
2026/07/28 16:53:24.126, 300.92, 100, 74232, 77
2026/07/28 16:53:25.166, 289.35, 100, 74232, 77
2026/07/28 16:53:26.202, 290.24, 100, 74232, 77
2026/07/28 16:53:27.237, 304.35, 100, 74232, 76
2026/07/28 16:53:28.271, 293.67, 100, 74232, 76
2026/07/28 16:53:29.307, 288.66, 100, 74232, 77
2026/07/28 16:53:30.349, 305.86, 100, 74232, 75
2026/07/28 16:53:31.386, 306.92, 100, 74232, 75
2026/07/28 16:53:32.423, 304.98, 100, 74232, 75
2026/07/28 16:53:33.461, 302.86, 100, 74232, 75
2026/07/28 16:53:34.498, 297.41, 100, 74232, 75
2026/07/28 16:53:35.535, 298.69, 100, 74232, 75
2026/07/28 16:53:36.572, 300.04, 100, 74232, 75
2026/07/28 16:53:37.612, 298.88, 100, 74232, 75
2026/07/28 16:53:38.650, 298.87, 100, 74232, 75
2026/07/28 16:53:39.687, 298.22, 100, 74232, 75
2026/07/28 16:53:40.725, 299.11, 100, 74232, 75
2026/07/28 16:53:41.764, 300.73, 100, 74232, 75
2026/07/28 16:53:42.802, 299.94, 100, 74232, 75
2026/07/28 16:53:43.840, 299.10, 100, 74232, 75
2026/07/28 16:53:44.877, 298.89, 100, 74232, 75
2026/07/28 16:53:45.914, 298.62, 100, 74232, 75
2026/07/28 16:53:46.952, 298.70, 100, 74232, 75
2026/07/28 16:53:47.990, 103.07, 0, 74232, 72
2026/07/28 16:53:49.023, 307.25, 100, 74232, 76
2026/07/28 16:53:50.058, 304.87, 100, 74232, 76
2026/07/28 16:53:51.094, 304.34, 100, 74232, 76
2026/07/28 16:53:52.134, 305.47, 100, 74232, 76
2026/07/28 16:53:53.170, 282.75, 100, 74232, 76
2026/07/28 16:53:54.212, 303.77, 100, 74232, 76
2026/07/28 16:53:55.247, 317.13, 100, 74232, 76
2026/07/28 16:53:56.283, 305.78, 100, 74232, 75
2026/07/28 16:53:57.327, 295.60, 100, 74232, 75
2026/07/28 16:53:58.363, 291.33, 100, 74232, 75
2026/07/28 16:53:59.405, 296.18, 100, 74232, 75
2026/07/28 16:54:00.442, 287.46, 100, 74232, 75
2026/07/28 16:54:01.479, 290.83, 100, 74232, 75
2026/07/28 16:54:02.516, 292.77, 100, 74232, 75
2026/07/28 16:54:03.552, 299.18, 100, 74232, 75
2026/07/28 16:54:04.589, 292.11, 100, 74232, 75
2026/07/28 16:54:05.627, 299.01, 100, 74232, 75
2026/07/28 16:54:06.664, 299.36, 100, 74232, 75
2026/07/28 16:54:07.700, 299.30, 100, 74232, 75
2026/07/28 16:54:08.738, 299.01, 100, 74232, 75
2026/07/28 16:54:09.774, 302.67, 100, 74232, 75
2026/07/28 16:54:10.811, 299.56, 100, 74232, 75
2026/07/28 16:54:11.848, 298.52, 100, 74232, 75
2026/07/28 16:54:12.885, 299.39, 100, 74232, 75
2026/07/28 16:54:13.922, 299.30, 100, 74232, 75
2026/07/28 16:54:14.959, 299.00, 100, 74232, 75
2026/07/28 16:54:15.996, 298.88, 100, 74232, 75
2026/07/28 16:54:17.033, 299.10, 100, 74232, 75
2026/07/28 16:54:18.069, 298.42, 100, 74232, 75
2026/07/28 16:54:19.106, 299.38, 100, 74232, 75
2026/07/28 16:54:20.143, 296.37, 100, 74232, 75
2026/07/28 16:54:21.180, 299.28, 100, 74232, 75
2026/07/28 16:54:22.218, 298.11, 100, 74232, 75
2026/07/28 16:54:23.255, 298.59, 100, 74232, 75
2026/07/28 16:54:24.292, 298.88, 100, 74232, 75
2026/07/28 16:54:25.330, 102.79, 0, 74232, 72
2026/07/28 16:54:26.363, 290.17, 100, 74232, 76
2026/07/28 16:54:27.398, 290.52, 100, 74232, 76
2026/07/28 16:54:28.431, 282.38, 100, 74232, 76
2026/07/28 16:54:29.469, 301.65, 100, 74232, 76
2026/07/28 16:54:30.504, 285.95, 100, 74232, 76
2026/07/28 16:54:31.537, 283.15, 100, 74232, 76
2026/07/28 16:54:32.570, 286.04, 100, 74232, 76
2026/07/28 16:54:33.608, 299.48, 100, 74232, 75
2026/07/28 16:54:34.650, 290.73, 100, 74232, 75
2026/07/28 16:54:35.690, 288.42, 100, 74232, 75
2026/07/28 16:54:36.727, 289.68, 100, 74232, 75
2026/07/28 16:54:37.768, 291.21, 100, 74232, 75
2026/07/28 16:54:38.806, 302.08, 63, 74232, 76
2026/07/28 16:54:39.840, 290.23, 100, 74232, 76
2026/07/28 16:54:40.875, 311.52, 100, 74232, 76
2026/07/28 16:54:41.917, 293.40, 100, 74232, 76
2026/07/28 16:54:42.951, 289.48, 100, 74232, 76
2026/07/28 16:54:43.985, 308.99, 100, 74232, 77
2026/07/28 16:54:45.026, 316.27, 100, 74232, 77
2026/07/28 16:54:46.062, 308.39, 100, 74232, 75
2026/07/28 16:54:47.099, 295.40, 100, 74232, 75
2026/07/28 16:54:48.136, 298.23, 100, 74232, 75
2026/07/28 16:54:49.174, 299.88, 100, 74232, 75
2026/07/28 16:54:50.212, 219.98, 15, 74232, 76
2026/07/28 16:54:51.248, 305.74, 100, 74232, 75
2026/07/28 16:54:52.284, 302.36, 100, 74232, 75
2026/07/28 16:54:53.323, 305.37, 100, 74232, 75
2026/07/28 16:54:54.359, 301.11, 100, 74232, 75
2026/07/28 16:54:55.397, 297.93, 100, 74232, 75
2026/07/28 16:54:56.435, 293.17, 100, 74232, 75
2026/07/28 16:54:57.480, 297.82, 100, 74232, 75
2026/07/28 16:54:58.518, 297.05, 100, 74232, 75
2026/07/28 16:54:59.556, 298.50, 100, 74232, 75
2026/07/28 16:55:00.597, 297.36, 100, 74232, 75
2026/07/28 16:55:01.634, 302.48, 100, 74232, 75
2026/07/28 16:55:02.671, 298.40, 100, 74232, 75
2026/07/28 16:55:03.709, 300.82, 100, 74232, 75
2026/07/28 16:55:04.748, 293.36, 100, 74232, 75
2026/07/28 16:55:05.786, 300.44, 100, 74232, 75
2026/07/28 16:55:06.824, 298.01, 100, 74232, 75
2026/07/28 16:55:07.860, 294.80, 100, 74232, 75
2026/07/28 16:55:08.899, 298.22, 100, 74232, 75
2026/07/28 16:55:09.937, 297.73, 100, 74232, 75
2026/07/28 16:55:10.973, 298.92, 100, 74232, 75
2026/07/28 16:55:12.012, 297.33, 100, 74232, 75
2026/07/28 16:55:13.050, 298.22, 100, 74232, 75
2026/07/28 16:55:14.088, 297.91, 100, 74232, 75
2026/07/28 16:55:15.126, 297.43, 100, 74232, 75
2026/07/28 16:55:16.164, 297.74, 100, 74232, 75
2026/07/28 16:55:17.201, 298.50, 100, 74232, 75
2026/07/28 16:55:18.238, 300.34, 100, 74232, 75
2026/07/28 16:55:19.274, 304.03, 100, 74232, 75
2026/07/28 16:55:20.313, 301.30, 100, 74232, 75
2026/07/28 16:55:21.349, 298.59, 100, 74232, 75
2026/07/28 16:55:22.387, 302.30, 100, 74232, 75
2026/07/28 16:55:23.424, 304.06, 100, 74232, 75
2026/07/28 16:55:24.463, 304.44, 100, 74232, 75
2026/07/28 16:55:25.501, 300.42, 100, 74232, 75
2026/07/28 16:55:26.537, 304.90, 100, 74232, 75
2026/07/28 16:55:27.575, 303.88, 100, 74232, 75
2026/07/28 16:55:28.613, 304.34, 100, 74232, 75
2026/07/28 16:55:29.652, 298.98, 100, 74232, 75
2026/07/28 16:55:30.692, 296.56, 100, 74232, 75
2026/07/28 16:55:31.728, 296.63, 100, 74232, 75
2026/07/28 16:55:32.765, 305.04, 100, 74232, 75
2026/07/28 16:55:33.804, 303.34, 100, 74232, 75
2026/07/28 16:55:34.841, 296.65, 100, 74232, 74
2026/07/28 16:55:35.882, 297.93, 100, 74232, 74
2026/07/28 16:55:36.919, 292.96, 100, 74232, 74
2026/07/28 16:55:37.955, 296.66, 100, 74232, 74
2026/07/28 16:55:38.992, 297.64, 100, 74232, 74
2026/07/28 16:55:40.028, 295.78, 100, 74232, 74
2026/07/28 16:55:41.065, 294.91, 100, 74232, 74
2026/07/28 16:55:42.102, 299.27, 100, 74232, 73
2026/07/28 16:55:43.139, 295.78, 100, 74232, 73
2026/07/28 16:55:44.175, 297.06, 100, 74232, 73
2026/07/28 16:55:45.212, 295.11, 100, 74232, 73
2026/07/28 16:55:46.251, 296.68, 100, 74232, 73
2026/07/28 16:55:47.289, 294.92, 100, 74232, 73
2026/07/28 16:55:48.327, 295.89, 100, 74232, 73
2026/07/28 16:55:49.364, 295.77, 100, 74232, 73
2026/07/28 16:55:50.402, 297.51, 100, 74232, 73
2026/07/28 16:55:51.438, 295.12, 100, 74232, 73
2026/07/28 16:55:52.476, 293.17, 100, 74232, 73
2026/07/28 16:55:53.513, 296.77, 100, 74232, 73
2026/07/28 16:55:54.551, 302.39, 100, 74232, 73
2026/07/28 16:55:55.588, 295.12, 100, 74232, 73
2026/07/28 16:55:56.625, 290.92, 100, 74232, 73
2026/07/28 16:55:57.663, 295.69, 100, 74232, 73
2026/07/28 16:55:58.699, 301.05, 100, 74232, 73
2026/07/28 16:55:59.737, 302.47, 100, 74232, 73
2026/07/28 16:56:00.775, 302.67, 100, 74232, 73
2026/07/28 16:56:01.816, 292.86, 100, 74232, 73
2026/07/28 16:56:02.854, 295.39, 100, 74232, 73
2026/07/28 16:56:03.893, 301.79, 100, 74232, 73
2026/07/28 16:56:04.931, 295.21, 100, 74232, 73
2026/07/28 16:56:05.967, 302.98, 100, 74232, 73
2026/07/28 16:56:07.006, 302.27, 100, 74232, 73
2026/07/28 16:56:08.043, 293.94, 100, 74232, 73
2026/07/28 16:56:09.082, 295.81, 100, 74232, 73
2026/07/28 16:56:10.118, 295.09, 100, 74232, 73
2026/07/28 16:56:11.155, 295.58, 100, 74232, 73
2026/07/28 16:56:12.192, 294.72, 100, 74232, 73
2026/07/28 16:56:13.230, 294.46, 100, 74232, 73
2026/07/28 16:56:14.265, 292.01, 100, 74232, 74
2026/07/28 16:56:15.303, 302.20, 100, 74232, 75
2026/07/28 16:56:16.338, 301.82, 100, 74232, 74
2026/07/28 16:56:17.374, 310.88, 100, 74232, 75
2026/07/28 16:56:18.410, 305.70, 100, 74232, 75
2026/07/28 16:56:19.446, 316.96, 100, 74232, 74
2026/07/28 16:56:20.487, 298.60, 100, 74232, 73
2026/07/28 16:56:21.523, 300.93, 100, 74232, 73
2026/07/28 16:56:22.560, 294.33, 100, 74232, 73
2026/07/28 16:56:23.597, 298.99, 100, 74232, 73
2026/07/28 16:56:24.638, 295.39, 100, 74232, 73
2026/07/28 16:56:25.676, 295.60, 100, 74232, 73
2026/07/28 16:56:26.713, 302.09, 100, 74232, 73
2026/07/28 16:56:27.753, 303.93, 100, 74232, 73
2026/07/28 16:56:28.791, 304.01, 100, 74232, 74
2026/07/28 16:56:29.828, 304.51, 100, 74232, 74
2026/07/28 16:56:30.865, 304.79, 100, 74232, 74
2026/07/28 16:56:31.904, 304.91, 100, 74232, 74
2026/07/28 16:56:32.944, 304.32, 100, 74232, 74
2026/07/28 16:56:33.980, 304.42, 100, 74232, 74
2026/07/28 16:56:35.018, 305.10, 100, 74232, 74
2026/07/28 16:56:36.056, 296.76, 100, 74232, 74
2026/07/28 16:56:37.093, 296.74, 100, 74232, 74
2026/07/28 16:56:38.132, 297.83, 100, 74232, 74
2026/07/28 16:56:39.169, 296.86, 100, 74232, 74
2026/07/28 16:56:40.207, 298.72, 100, 74232, 74
2026/07/28 16:56:41.245, 296.87, 100, 74232, 74
2026/07/28 16:56:42.283, 296.87, 100, 74232, 74
2026/07/28 16:56:43.321, 297.42, 100, 74232, 74
2026/07/28 16:56:44.358, 297.73, 100, 74232, 74
2026/07/28 16:56:45.395, 298.52, 100, 74232, 74
2026/07/28 16:56:46.433, 295.89, 100, 74232, 74
2026/07/28 16:56:47.470, 297.07, 100, 74232, 74
2026/07/28 16:56:48.508, 287.43, 97, 74232, 75
2026/07/28 16:56:49.550, 302.19, 100, 74232, 74
2026/07/28 16:56:50.591, 301.90, 100, 74232, 74
2026/07/28 16:56:51.630, 296.67, 100, 74232, 74
2026/07/28 16:56:52.668, 304.79, 100, 74232, 74
2026/07/28 16:56:53.708, 304.35, 100, 74232, 74
2026/07/28 16:56:54.746, 292.88, 100, 74232, 74
2026/07/28 16:56:55.785, 296.47, 100, 74232, 74
2026/07/28 16:56:56.826, 295.79, 100, 74232, 74
2026/07/28 16:56:57.864, 297.62, 100, 74232, 74
2026/07/28 16:56:58.902, 296.45, 100, 74232, 74
2026/07/28 16:56:59.940, 296.45, 100, 74232, 74
2026/07/28 16:57:00.979, 297.82, 100, 74232, 74
2026/07/28 16:57:02.018, 295.60, 100, 74232, 74
2026/07/28 16:57:03.056, 296.75, 100, 74232, 74
2026/07/28 16:57:04.093, 301.04, 100, 74232, 74
2026/07/28 16:57:05.132, 304.20, 100, 74232, 74
2026/07/28 16:57:06.171, 297.05, 100, 74232, 74
2026/07/28 16:57:07.209, 293.94, 100, 74232, 74
2026/07/28 16:57:08.247, 295.69, 100, 74232, 74
2026/07/28 16:57:09.284, 298.20, 100, 74232, 74
2026/07/28 16:57:10.321, 296.26, 100, 74232, 74
2026/07/28 16:57:11.360, 296.46, 100, 74232, 74
2026/07/28 16:57:12.398, 298.79, 100, 74232, 74
2026/07/28 16:57:13.435, 296.18, 100, 74232, 74
2026/07/28 16:57:14.471, 300.82, 100, 74232, 74
2026/07/28 16:57:15.508, 305.46, 100, 74232, 75
2026/07/28 16:57:16.548, 301.41, 100, 74232, 75
2026/07/28 16:57:17.586, 304.52, 100, 74232, 75
2026/07/28 16:57:18.624, 302.08, 100, 74232, 74
2026/07/28 16:57:19.662, 301.22, 100, 74232, 75
2026/07/28 16:57:20.698, 304.62, 100, 74232, 75
2026/07/28 16:57:21.736, 301.62, 100, 74232, 75
2026/07/28 16:57:22.774, 298.40, 100, 74232, 75
2026/07/28 16:57:23.810, 299.66, 100, 74232, 75
2026/07/28 16:57:24.848, 297.85, 100, 74232, 74
2026/07/28 16:57:25.887, 295.70, 100, 74232, 74
2026/07/28 16:57:26.925, 297.35, 100, 74232, 74
2026/07/28 16:57:27.963, 296.96, 100, 74232, 74
2026/07/28 16:57:29.000, 294.04, 100, 74232, 74
2026/07/28 16:57:30.037, 292.29, 100, 74232, 74
2026/07/28 16:57:31.074, 294.61, 100, 74232, 74
2026/07/28 16:57:32.111, 296.26, 100, 74232, 74
2026/07/28 16:57:33.148, 299.39, 100, 74232, 74
2026/07/28 16:57:34.186, 296.56, 100, 74232, 74
2026/07/28 16:57:35.223, 295.71, 100, 74232, 74
2026/07/28 16:57:36.259, 299.06, 100, 74232, 74
2026/07/28 16:57:37.296, 297.65, 100, 74232, 74
2026/07/28 16:57:38.333, 296.36, 100, 74232, 74
2026/07/28 16:57:39.373, 295.61, 100, 74232, 74
2026/07/28 16:57:40.410, 295.89, 100, 74232, 74
2026/07/28 16:57:41.446, 297.73, 100, 74232, 74
2026/07/28 16:57:42.482, 298.31, 100, 74232, 74
2026/07/28 16:57:43.520, 296.48, 100, 74232, 74
2026/07/28 16:57:44.557, 296.45, 100, 74232, 74
2026/07/28 16:57:45.595, 296.84, 100, 74232, 74
2026/07/28 16:57:46.632, 296.75, 100, 74232, 74
2026/07/28 16:57:47.669, 295.98, 100, 74232, 74
2026/07/28 16:57:48.708, 294.03, 100, 74232, 74
2026/07/28 16:57:49.745, 297.05, 100, 74232, 74
2026/07/28 16:57:50.785, 298.57, 100, 74232, 74
2026/07/28 16:57:51.822, 297.24, 100, 74232, 74
2026/07/28 16:57:52.859, 296.85, 100, 74232, 74
2026/07/28 16:57:53.897, 298.48, 100, 74232, 74
2026/07/28 16:57:54.934, 295.99, 100, 74232, 74
2026/07/28 16:57:55.970, 302.57, 100, 74232, 75
2026/07/28 16:57:57.009, 306.24, 100, 74232, 75
2026/07/28 16:57:58.046, 303.73, 100, 74232, 75
2026/07/28 16:57:59.081, 304.98, 100, 74232, 75
2026/07/28 16:58:00.118, 304.75, 100, 74232, 75
2026/07/28 16:58:01.154, 299.27, 100, 74232, 75
2026/07/28 16:58:02.193, 305.78, 100, 74232, 75
2026/07/28 16:58:03.230, 301.04, 100, 74232, 75
2026/07/28 16:58:04.267, 304.01, 100, 74232, 75
2026/07/28 16:58:05.305, 305.93, 100, 74232, 75
2026/07/28 16:58:06.341, 305.37, 100, 74232, 75
2026/07/28 16:58:07.379, 305.01, 100, 74232, 75
2026/07/28 16:58:08.418, 304.36, 100, 74232, 75
2026/07/28 16:58:09.455, 306.20, 100, 74232, 75
2026/07/28 16:58:10.496, 298.49, 100, 74232, 75
2026/07/28 16:58:11.533, 296.09, 100, 74232, 75
2026/07/28 16:58:12.572, 296.38, 100, 74232, 75
2026/07/28 16:58:13.609, 297.13, 100, 74232, 75
2026/07/28 16:58:14.646, 297.44, 100, 74232, 75
2026/07/28 16:58:15.684, 298.51, 100, 74232, 76
2026/07/28 16:58:16.720, 302.96, 100, 74232, 76
2026/07/28 16:58:17.754, 299.68, 100, 74232, 76
2026/07/28 16:58:18.792, 298.00, 100, 74232, 76
2026/07/28 16:58:19.825, 308.02, 100, 74232, 77
2026/07/28 16:58:20.859, 299.09, 100, 74232, 76
2026/07/28 16:58:21.893, 301.01, 100, 74232, 75
2026/07/28 16:58:22.931, 302.70, 100, 74232, 75
2026/07/28 16:58:23.968, 305.56, 100, 74232, 75
2026/07/28 16:58:25.005, 297.57, 100, 74232, 75
2026/07/28 16:58:26.042, 297.43, 100, 74232, 75
2026/07/28 16:58:27.079, 305.05, 100, 74232, 77
2026/07/28 16:58:28.120, 287.62, 100, 74232, 76
2026/07/28 16:58:29.154, 312.19, 100, 74232, 77
2026/07/28 16:58:30.188, 314.73, 100, 74232, 76
2026/07/28 16:58:31.222, 307.52, 100, 74232, 76
2026/07/28 16:58:32.257, 277.33, 100, 74232, 76
2026/07/28 16:58:33.292, 292.67, 100, 74232, 76
2026/07/28 16:58:34.329, 286.57, 100, 74232, 74
2026/07/28 16:58:35.366, 290.93, 100, 74232, 75
2026/07/28 16:58:36.406, 293.17, 100, 74232, 75
2026/07/28 16:58:37.444, 311.62, 100, 74232, 76
2026/07/28 16:58:38.530, 301.59, 100, 74232, 76
2026/07/28 16:58:39.565, 301.30, 100, 74232, 76
2026/07/28 16:58:40.601, 300.05, 100, 74232, 76
2026/07/28 16:58:41.635, 296.03, 100, 74232, 76
2026/07/28 16:58:42.670, 261.17, 100, 74232, 76
2026/07/28 16:58:43.710, 301.40, 100, 74232, 77
2026/07/28 16:58:44.746, 305.46, 100, 74232, 75
2026/07/28 16:58:45.785, 307.69, 100, 74232, 75
2026/07/28 16:58:46.821, 299.58, 100, 74232, 75
2026/07/28 16:58:47.861, 302.03, 100, 74232, 74
2026/07/28 16:58:48.896, 287.90, 100, 74232, 75
2026/07/28 16:58:49.937, 299.65, 100, 74232, 75
2026/07/28 16:58:50.976, 298.12, 100, 74232, 75
2026/07/28 16:58:52.014, 297.71, 100, 74232, 75
2026/07/28 16:58:53.053, 298.49, 100, 74232, 75
2026/07/28 16:58:54.090, 297.33, 100, 74232, 75
2026/07/28 16:58:55.127, 300.12, 100, 74232, 75
2026/07/28 16:58:56.164, 297.43, 100, 74232, 75
2026/07/28 16:58:57.202, 298.31, 100, 74232, 75
2026/07/28 16:58:58.241, 297.32, 100, 74232, 75
2026/07/28 16:58:59.279, 295.69, 100, 74232, 75
2026/07/28 16:59:00.317, 297.23, 100, 74232, 74
2026/07/28 16:59:01.355, 296.47, 100, 74232, 74
2026/07/28 16:59:02.393, 298.30, 100, 74232, 74
2026/07/28 16:59:03.431, 296.86, 100, 74232, 74
2026/07/28 16:59:04.469, 296.28, 100, 74232, 74
2026/07/28 16:59:05.506, 292.37, 100, 74232, 74
2026/07/28 16:59:06.546, 300.17, 100, 74232, 74
2026/07/28 16:59:07.582, 295.50, 100, 74232, 74
2026/07/28 16:59:08.618, 300.64, 100, 74232, 74
2026/07/28 16:59:09.656, 302.67, 100, 74232, 74
2026/07/28 16:59:10.693, 307.23, 100, 74232, 74
2026/07/28 16:59:11.730, 298.41, 100, 74232, 74
2026/07/28 16:59:12.767, 300.08, 100, 74232, 74
2026/07/28 16:59:13.803, 304.89, 100, 74232, 73
2026/07/28 16:59:14.839, 302.00, 100, 74232, 74
2026/07/28 16:59:15.877, 305.22, 100, 74232, 73
2026/07/28 16:59:16.915, 300.71, 100, 74232, 73
2026/07/28 16:59:17.954, 302.51, 100, 74232, 73
2026/07/28 16:59:18.991, 301.72, 100, 74232, 73
2026/07/28 16:59:20.030, 295.79, 100, 74232, 73
2026/07/28 16:59:21.066, 294.12, 100, 74232, 73
2026/07/28 16:59:22.103, 296.96, 100, 74232, 73
2026/07/28 16:59:23.141, 293.45, 100, 74232, 73
2026/07/28 16:59:24.178, 294.04, 100, 74232, 73
2026/07/28 16:59:25.218, 294.02, 100, 74232, 73
2026/07/28 16:59:26.255, 293.54, 100, 74232, 73
2026/07/28 16:59:27.293, 293.34, 100, 74232, 73
2026/07/28 16:59:28.330, 296.07, 100, 74232, 73
2026/07/28 16:59:29.367, 297.35, 100, 74232, 72
2026/07/28 16:59:30.403, 300.52, 100, 74232, 72
2026/07/28 16:59:31.440, 300.52, 100, 74232, 72
2026/07/28 16:59:32.477, 299.86, 100, 74232, 72
2026/07/28 16:59:33.514, 301.14, 100, 74232, 72
2026/07/28 16:59:34.552, 299.85, 100, 74232, 72
2026/07/28 16:59:35.588, 303.16, 100, 74232, 72
2026/07/28 16:59:36.625, 302.39, 100, 74232, 72
2026/07/28 16:59:37.661, 298.11, 100, 74232, 72
2026/07/28 16:59:38.698, 297.54, 100, 74232, 71
2026/07/28 16:59:39.735, 298.52, 100, 74232, 71
2026/07/28 16:59:40.772, 298.03, 100, 74232, 71
2026/07/28 16:59:41.809, 299.18, 100, 74232, 71
2026/07/28 16:59:42.846, 300.34, 100, 74232, 71
2026/07/28 16:59:43.882, 302.26, 100, 74232, 71
2026/07/28 16:59:44.919, 298.59, 100, 74232, 71
2026/07/28 16:59:45.956, 299.21, 100, 74232, 71
2026/07/28 16:59:46.995, 298.85, 100, 74232, 71
2026/07/28 16:59:48.034, 299.00, 100, 74232, 71
2026/07/28 16:59:49.071, 298.21, 100, 74232, 70
2026/07/28 16:59:50.108, 296.48, 100, 74232, 70
2026/07/28 16:59:51.145, 296.94, 100, 74232, 70
2026/07/28 16:59:52.188, 298.60, 100, 74232, 70
2026/07/28 16:59:53.227, 298.30, 100, 74232, 70
2026/07/28 16:59:54.264, 305.94, 100, 74232, 70
2026/07/28 16:59:55.301, 303.67, 100, 74232, 70
2026/07/28 16:59:56.337, 298.89, 100, 74232, 70
2026/07/28 16:59:57.376, 298.03, 100, 74232, 70
2026/07/28 16:59:58.413, 292.96, 100, 74232, 70
2026/07/28 16:59:59.451, 302.58, 100, 74232, 70
2026/07/28 17:00:00.488, 304.04, 100, 74232, 70
2026/07/28 17:00:01.524, 305.23, 100, 74232, 70
2026/07/28 17:00:02.561, 305.86, 100, 74232, 70
2026/07/28 17:00:03.602, 297.33, 100, 74232, 70
2026/07/28 17:00:04.640, 298.05, 100, 74232, 69
2026/07/28 17:00:05.677, 296.18, 100, 74232, 69
2026/07/28 17:00:06.715, 293.54, 100, 74232, 69
2026/07/28 17:00:07.753, 291.15, 100, 74232, 69
2026/07/28 17:00:08.796, 296.37, 100, 74232, 69
2026/07/28 17:00:09.835, 287.46, 100, 74232, 71
2026/07/28 17:00:10.871, 285.11, 100, 74232, 71
2026/07/28 17:00:11.907, 287.13, 100, 74232, 71
2026/07/28 17:00:12.946, 312.05, 100, 74232, 71
2026/07/28 17:00:13.981, 295.81, 100, 74232, 71
2026/07/28 17:00:15.017, 288.78, 100, 74232, 71
2026/07/28 17:00:16.056, 296.95, 100, 74232, 69
2026/07/28 17:00:17.094, 289.55, 100, 74232, 69
2026/07/28 17:00:18.131, 289.26, 100, 74232, 69
2026/07/28 17:00:19.167, 297.24, 100, 74232, 69
2026/07/28 17:00:20.204, 297.63, 100, 74232, 70
2026/07/28 17:00:21.244, 297.32, 100, 74232, 70
2026/07/28 17:00:22.281, 298.45, 100, 74232, 70
2026/07/28 17:00:23.319, 297.92, 100, 74232, 70
2026/07/28 17:00:24.356, 298.41, 100, 74232, 70
2026/07/28 17:00:25.392, 298.78, 100, 74232, 71
2026/07/28 17:00:26.429, 298.89, 100, 74232, 71
2026/07/28 17:00:27.465, 298.70, 100, 74232, 71
2026/07/28 17:00:28.502, 303.18, 100, 74232, 71
2026/07/28 17:00:29.538, 300.61, 100, 74232, 71
2026/07/28 17:00:30.574, 299.79, 100, 74232, 71
2026/07/28 17:00:31.611, 301.60, 100, 74232, 71
2026/07/28 17:00:32.648, 299.50, 100, 74232, 71
2026/07/28 17:00:33.684, 300.93, 100, 74232, 72
2026/07/28 17:00:34.724, 300.56, 100, 74232, 72
2026/07/28 17:00:35.762, 300.94, 100, 74232, 72
2026/07/28 17:00:36.800, 300.06, 100, 74232, 72
2026/07/28 17:00:37.839, 299.76, 100, 74232, 72
2026/07/28 17:00:38.876, 99.86, 86, 74232, 70
2026/07/28 17:00:39.909, 97.21, 0, 74232, 68
2026/07/28 17:00:40.941, 96.75, 0, 74232, 68
2026/07/28 17:00:41.972, 96.35, 0, 74232, 67
2026/07/28 17:00:43.093, 95.49, 0, 74232, 67
2026/07/28 17:00:44.127, 94.64, 0, 74232, 66
2026/07/28 17:00:45.159, 94.36, 0, 74232, 66
2026/07/28 17:00:46.189, 92.43, 0, 74232, 65
2026/07/28 17:00:47.221, 93.09, 0, 74232, 65
2026/07/28 17:00:48.252, 93.08, 0, 74232, 65
2026/07/28 17:00:49.283, 91.77, 0, 74232, 64
2026/07/28 17:00:50.317, 91.82, 0, 74232, 64
2026/07/28 17:00:51.349, 90.85, 0, 74232, 64
2026/07/28 17:00:52.380, 90.26, 0, 74232, 63
2026/07/28 17:00:53.412, 91.00, 0, 74232, 63
2026/07/28 17:00:54.443, 89.60, 0, 74232, 63
2026/07/28 17:00:55.474, 88.33, 0, 74232, 63
2026/07/28 17:00:56.504, 88.48, 0, 74232, 62
2026/07/28 17:00:57.535, 87.79, 0, 74232, 62
2026/07/28 17:00:58.566, 87.52, 0, 74232, 62
2026/07/28 17:00:59.596, 87.71, 0, 74232, 62
2026/07/28 17:01:00.627, 87.45, 0, 74232, 61
2026/07/28 17:01:01.657, 86.63, 0, 74232, 61
2026/07/28 17:01:02.688, 86.89, 0, 74232, 61
2026/07/28 17:01:03.719, 304.39, 100, 74232, 66
2026/07/28 17:01:04.755, 313.27, 100, 74232, 67
2026/07/28 17:01:05.789, 297.41, 100, 74232, 67
2026/07/28 17:01:06.824, 299.96, 100, 74232, 67
2026/07/28 17:01:07.859, 299.56, 100, 74232, 66
2026/07/28 17:01:08.896, 299.48, 100, 74232, 66
2026/07/28 17:01:09.933, 299.10, 100, 74232, 66
2026/07/28 17:01:10.970, 301.40, 100, 74232, 67
2026/07/28 17:01:12.005, 300.55, 100, 74232, 67
2026/07/28 17:01:13.041, 302.17, 100, 74232, 67
2026/07/28 17:01:14.077, 292.49, 100, 74232, 69
2026/07/28 17:01:15.112, 302.66, 100, 74232, 70
2026/07/28 17:01:16.147, 299.47, 100, 74232, 70
2026/07/28 17:01:17.180, 288.47, 100, 74232, 70
2026/07/28 17:01:18.217, 302.96, 100, 74232, 68
2026/07/28 17:01:19.254, 303.53, 100, 74232, 69
2026/07/28 17:01:20.291, 303.06, 100, 74232, 69
2026/07/28 17:01:21.327, 306.15, 100, 74232, 69
2026/07/28 17:01:22.363, 304.72, 100, 74232, 69
2026/07/28 17:01:23.399, 305.70, 100, 74232, 70
2026/07/28 17:01:24.436, 301.12, 100, 74232, 72
2026/07/28 17:01:25.556, 295.51, 100, 74232, 72
2026/07/28 17:01:26.592, 295.19, 100, 74232, 72
2026/07/28 17:01:27.626, 315.54, 100, 74232, 72
2026/07/28 17:01:28.659, 299.58, 100, 74232, 72
2026/07/28 17:01:29.692, 299.96, 100, 74232, 71
2026/07/28 17:01:30.734, 293.05, 100, 74232, 71
2026/07/28 17:01:31.771, 288.89, 100, 74232, 71
2026/07/28 17:01:32.810, 305.78, 100, 74232, 71
2026/07/28 17:01:33.846, 294.32, 100, 74232, 73
2026/07/28 17:01:34.879, 310.35, 100, 74232, 73
2026/07/28 17:01:35.913, 291.80, 100, 74232, 73
2026/07/28 17:01:36.948, 285.19, 100, 74232, 73
2026/07/28 17:01:37.989, 301.61, 100, 74232, 72
2026/07/28 17:01:39.026, 300.83, 100, 74232, 72
2026/07/28 17:01:40.062, 301.33, 100, 74232, 72
2026/07/28 17:01:41.099, 300.45, 100, 74232, 72
2026/07/28 17:01:42.134, 298.10, 100, 74232, 74
2026/07/28 17:01:43.168, 308.46, 100, 74232, 74
2026/07/28 17:01:44.203, 296.64, 100, 74232, 74
2026/07/28 17:01:45.240, 297.90, 100, 74232, 74
2026/07/28 17:01:46.273, 302.38, 100, 74232, 73
2026/07/28 17:01:47.308, 302.87, 100, 74232, 73
2026/07/28 17:01:48.344, 303.28, 100, 74232, 73
2026/07/28 17:01:49.380, 303.66, 100, 74232, 73
2026/07/28 17:01:50.416, 302.97, 100, 74232, 73
2026/07/28 17:01:51.452, 304.69, 100, 74232, 73
2026/07/28 17:01:52.488, 303.88, 100, 74232, 73
2026/07/28 17:01:53.524, 304.60, 100, 74232, 73
2026/07/28 17:01:54.559, 303.13, 100, 74232, 74
2026/07/28 17:01:55.596, 303.46, 100, 74232, 75
2026/07/28 17:01:56.630, 298.80, 100, 74232, 75
2026/07/28 17:01:57.665, 308.25, 100, 74232, 75
2026/07/28 17:01:58.701, 306.07, 100, 74232, 76
2026/07/28 17:01:59.740, 297.36, 100, 74232, 75
2026/07/28 17:02:00.774, 289.10, 100, 74232, 74
2026/07/28 17:02:01.811, 296.58, 100, 74232, 74
2026/07/28 17:02:02.848, 297.36, 100, 74232, 74
2026/07/28 17:02:03.885, 288.00, 100, 74232, 74
2026/07/28 17:02:04.923, 293.65, 100, 74232, 76
2026/07/28 17:02:05.962, 298.12, 100, 74232, 76
2026/07/28 17:02:06.996, 297.03, 100, 74232, 76
2026/07/28 17:02:08.030, 297.58, 100, 74232, 76
2026/07/28 17:02:09.069, 301.66, 100, 74232, 76
2026/07/28 17:02:10.104, 304.70, 100, 74232, 74
2026/07/28 17:02:11.142, 305.37, 100, 74232, 74
2026/07/28 17:02:12.178, 306.31, 100, 74232, 74
2026/07/28 17:02:13.215, 307.42, 100, 74232, 74
2026/07/28 17:02:14.251, 298.88, 100, 74232, 74
2026/07/28 17:02:15.288, 299.46, 100, 74232, 74
2026/07/28 17:02:16.324, 292.38, 100, 74232, 76
2026/07/28 17:02:17.360, 304.48, 100, 74232, 76
2026/07/28 17:02:18.396, 303.05, 100, 74232, 76
2026/07/28 17:02:19.431, 288.72, 100, 74232, 76
2026/07/28 17:02:20.466, 292.21, 100, 74232, 76
2026/07/28 17:02:21.505, 256.17, 100, 74232, 75
2026/07/28 17:02:22.544, 284.44, 100, 74232, 74
2026/07/28 17:02:23.587, 289.96, 100, 74232, 74
2026/07/28 17:02:24.623, 286.38, 100, 74232, 74
2026/07/28 17:02:25.659, 291.20, 100, 74232, 75
2026/07/28 17:02:26.696, 102.17, 19, 74232, 75
2026/07/28 17:02:27.735, 292.28, 100, 74232, 76
2026/07/28 17:02:28.769, 313.28, 100, 74232, 76
2026/07/28 17:02:29.806, 281.28, 100, 74232, 76
2026/07/28 17:02:30.840, 318.86, 100, 74232, 76
2026/07/28 17:02:31.875, 285.12, 100, 74232, 76
2026/07/28 17:02:32.910, 294.35, 100, 74232, 75
2026/07/28 17:02:33.946, 298.63, 100, 74232, 75
2026/07/28 17:02:34.981, 294.23, 100, 74232, 75
2026/07/28 17:02:36.020, 298.82, 100, 74232, 75
2026/07/28 17:02:37.057, 104.04, 0, 74232, 72
2026/07/28 17:02:38.090, 306.01, 100, 74232, 76
2026/07/28 17:02:39.125, 301.99, 100, 74232, 76
2026/07/28 17:02:40.158, 297.89, 100, 74232, 77
2026/07/28 17:02:41.191, 266.42, 100, 74232, 76
2026/07/28 17:02:42.230, 284.86, 100, 74232, 76
2026/07/28 17:02:43.264, 302.66, 100, 74232, 75
2026/07/28 17:02:44.301, 298.39, 100, 74232, 75
2026/07/28 17:02:45.337, 299.08, 100, 74232, 75
2026/07/28 17:02:46.374, 297.82, 100, 74232, 75
2026/07/28 17:02:47.410, 289.38, 92, 74232, 76
2026/07/28 17:02:48.444, 295.51, 100, 74232, 77
2026/07/28 17:02:49.485, 287.56, 100, 74232, 77
2026/07/28 17:02:50.519, 290.45, 100, 74232, 77
2026/07/28 17:02:51.556, 310.89, 100, 74232, 77
2026/07/28 17:02:52.590, 268.95, 100, 74232, 77
2026/07/28 17:02:53.627, 307.06, 100, 74232, 76
2026/07/28 17:02:54.663, 301.59, 100, 74232, 75
2026/07/28 17:02:55.703, 301.91, 100, 74232, 76
2026/07/28 17:02:56.739, 299.86, 100, 74232, 75
2026/07/28 17:02:57.777, 300.08, 100, 74232, 76
2026/07/28 17:02:58.815, 300.63, 100, 74232, 76
2026/07/28 17:02:59.853, 299.00, 100, 74232, 76
2026/07/28 17:03:00.889, 101.68, 62, 74232, 73
2026/07/28 17:03:01.921, 316.11, 100, 74232, 77
2026/07/28 17:03:02.957, 284.36, 100, 74232, 77
2026/07/28 17:03:03.992, 294.52, 100, 74232, 77
2026/07/28 17:03:05.027, 290.77, 100, 74232, 77
2026/07/28 17:03:06.068, 312.65, 100, 74232, 77
2026/07/28 17:03:07.103, 296.66, 100, 74232, 77
2026/07/28 17:03:08.137, 299.37, 100, 74232, 75
2026/07/28 17:03:09.178, 299.39, 100, 74232, 75
2026/07/28 17:03:10.214, 298.79, 100, 74232, 75
2026/07/28 17:03:11.252, 297.94, 100, 74232, 75
2026/07/28 17:03:12.290, 299.20, 100, 74232, 75
2026/07/28 17:03:13.326, 298.81, 100, 74232, 75
2026/07/28 17:03:14.362, 300.33, 100, 74232, 75
2026/07/28 17:03:15.398, 300.07, 100, 74232, 75
2026/07/28 17:03:16.435, 298.88, 100, 74232, 75
2026/07/28 17:03:17.473, 300.07, 100, 74232, 75
2026/07/28 17:03:18.509, 299.38, 100, 74232, 75
2026/07/28 17:03:19.546, 297.56, 100, 74232, 75
2026/07/28 17:03:20.583, 299.60, 100, 74232, 75
2026/07/28 17:03:21.621, 299.47, 100, 74232, 75
2026/07/28 17:03:22.657, 299.51, 100, 74232, 75
2026/07/28 17:03:23.695, 300.24, 100, 74232, 75
2026/07/28 17:03:24.733, 298.61, 100, 74232, 75
2026/07/28 17:03:25.771, 301.02, 100, 74232, 75
2026/07/28 17:03:26.809, 298.22, 100, 74232, 75
2026/07/28 17:03:27.846, 299.19, 100, 74232, 75
2026/07/28 17:03:28.882, 298.97, 100, 74232, 75
2026/07/28 17:03:29.919, 298.11, 100, 74232, 75
2026/07/28 17:03:30.956, 301.70, 100, 74232, 77
2026/07/28 17:03:31.989, 296.36, 100, 74232, 77
2026/07/28 17:03:33.029, 303.05, 100, 74232, 77
2026/07/28 17:03:34.064, 261.81, 100, 74232, 77
2026/07/28 17:03:35.099, 280.11, 100, 74232, 77
2026/07/28 17:03:36.136, 309.61, 100, 74232, 77
2026/07/28 17:03:37.170, 307.02, 100, 74232, 75
2026/07/28 17:03:38.207, 306.40, 100, 74232, 75
2026/07/28 17:03:39.243, 305.65, 100, 74232, 75
2026/07/28 17:03:40.281, 306.29, 100, 74232, 75
2026/07/28 17:03:41.317, 294.89, 100, 74232, 77
2026/07/28 17:03:42.352, 314.19, 100, 74232, 77
2026/07/28 17:03:43.389, 293.07, 100, 74232, 77
2026/07/28 17:03:44.423, 287.63, 100, 74232, 77
2026/07/28 17:03:45.458, 281.42, 100, 74232, 77
2026/07/28 17:03:46.492, 273.61, 100, 74232, 77
2026/07/28 17:03:47.530, 301.11, 100, 74232, 75
2026/07/28 17:03:48.566, 295.31, 100, 74232, 75
2026/07/28 17:03:49.605, 299.08, 100, 74232, 75
2026/07/28 17:03:50.641, 295.67, 100, 74232, 75
2026/07/28 17:03:51.677, 296.75, 100, 74232, 75
2026/07/28 17:03:52.714, 289.19, 100, 74232, 75
2026/07/28 17:03:53.750, 300.54, 100, 74232, 76
2026/07/28 17:03:54.787, 300.48, 100, 74232, 76
2026/07/28 17:03:55.823, 298.41, 100, 74232, 76
2026/07/28 17:03:56.860, 300.33, 100, 74232, 76
2026/07/28 17:03:57.896, 291.91, 100, 74232, 76
2026/07/28 17:03:58.933, 297.82, 100, 74232, 76
2026/07/28 17:03:59.969, 294.62, 100, 74232, 75
2026/07/28 17:04:01.007, 291.93, 100, 74232, 76
2026/07/28 17:04:02.044, 293.85, 100, 74232, 76
2026/07/28 17:04:03.089, 298.92, 100, 74232, 76
2026/07/28 17:04:04.127, 305.38, 100, 74232, 76
2026/07/28 17:04:05.163, 299.58, 100, 74232, 76
2026/07/28 17:04:06.203, 299.27, 100, 74232, 76
2026/07/28 17:04:07.240, 299.98, 100, 74232, 76
2026/07/28 17:04:08.277, 299.57, 100, 74232, 75
2026/07/28 17:04:09.314, 297.25, 100, 74232, 75
2026/07/28 17:04:10.350, 299.59, 100, 74232, 75
2026/07/28 17:04:11.387, 300.08, 100, 74232, 75
2026/07/28 17:04:12.423, 293.07, 100, 74232, 75
2026/07/28 17:04:13.460, 292.60, 100, 74232, 75
2026/07/28 17:04:14.496, 293.65, 100, 74232, 75
2026/07/28 17:04:15.532, 292.98, 100, 74232, 75
2026/07/28 17:04:16.569, 299.56, 100, 74232, 75
2026/07/28 17:04:17.606, 201.65, 100, 74232, 74
2026/07/28 17:04:18.638, 294.81, 100, 74232, 77
2026/07/28 17:04:19.747, 306.24, 100, 74232, 77
2026/07/28 17:04:20.781, 295.39, 100, 74232, 77
2026/07/28 17:04:21.818, 293.65, 100, 74232, 77
2026/07/28 17:04:22.854, 294.33, 100, 74232, 77
2026/07/28 17:04:23.888, 291.61, 100, 74232, 77
2026/07/28 17:04:24.924, 299.36, 100, 74232, 77
2026/07/28 17:04:25.961, 299.16, 100, 74232, 75
2026/07/28 17:04:26.997, 300.74, 100, 74232, 75
2026/07/28 17:04:28.036, 299.86, 100, 74232, 75
2026/07/28 17:04:29.073, 299.88, 100, 74232, 75
2026/07/28 17:04:30.109, 105.78, 100, 74232, 74
2026/07/28 17:04:31.141, 291.44, 100, 74232, 77
2026/07/28 17:04:32.229, 286.73, 100, 74232, 77
2026/07/28 17:04:33.264, 299.19, 100, 74232, 77
2026/07/28 17:04:34.304, 307.96, 100, 74232, 77
2026/07/28 17:04:35.339, 293.63, 100, 74232, 77
2026/07/28 17:04:36.374, 289.58, 100, 74232, 77
2026/07/28 17:04:37.415, 295.88, 100, 74232, 77
2026/07/28 17:04:38.450, 299.58, 100, 74232, 75
2026/07/28 17:04:39.488, 299.59, 100, 74232, 75
2026/07/28 17:04:40.526, 300.24, 100, 74232, 76
2026/07/28 17:04:41.563, 301.23, 0, 74232, 76
2026/07/28 17:04:42.598, 304.11, 100, 74232, 77
2026/07/28 17:04:43.633, 297.76, 100, 74232, 77
2026/07/28 17:04:44.668, 306.35, 100, 74232, 77
2026/07/28 17:04:45.702, 281.49, 100, 74232, 77
2026/07/28 17:04:46.737, 275.98, 100, 74232, 77
2026/07/28 17:04:47.775, 301.25, 100, 74232, 77
2026/07/28 17:04:48.812, 299.18, 100, 74232, 76
2026/07/28 17:04:49.849, 299.78, 100, 74232, 76
2026/07/28 17:04:50.888, 299.38, 100, 74232, 76
2026/07/28 17:04:51.925, 310.43, 23, 74232, 76
2026/07/28 17:04:52.960, 296.69, 100, 74232, 77
2026/07/28 17:04:53.995, 294.82, 100, 74232, 77
2026/07/28 17:04:55.030, 307.69, 100, 74232, 77
2026/07/28 17:04:56.065, 284.70, 100, 74232, 77
2026/07/28 17:04:57.100, 275.02, 100, 74232, 77
2026/07/28 17:04:58.137, 320.44, 100, 74232, 78
2026/07/28 17:04:59.172, 301.11, 100, 74232, 76
2026/07/28 17:05:00.208, 299.65, 100, 74232, 76
2026/07/28 17:05:01.245, 301.20, 100, 74232, 76
2026/07/28 17:05:02.282, 300.37, 100, 74232, 76
2026/07/28 17:05:03.319, 299.55, 100, 74232, 76
2026/07/28 17:05:04.353, 297.73, 100, 74232, 77
2026/07/28 17:05:05.387, 290.73, 100, 74232, 77
2026/07/28 17:05:06.422, 317.36, 100, 74232, 77
2026/07/28 17:05:07.457, 290.14, 100, 74232, 77
2026/07/28 17:05:08.497, 294.60, 100, 74232, 78
2026/07/28 17:05:09.531, 304.30, 100, 74232, 78
2026/07/28 17:05:10.565, 289.82, 100, 74232, 78
2026/07/28 17:05:11.601, 299.86, 100, 74232, 76
2026/07/28 17:05:12.639, 300.55, 100, 74232, 76
2026/07/28 17:05:13.676, 300.19, 100, 74232, 76
2026/07/28 17:05:14.715, 299.17, 100, 74232, 76
2026/07/28 17:05:15.752, 300.15, 100, 74232, 76
2026/07/28 17:05:16.791, 301.05, 100, 74232, 76
2026/07/28 17:05:17.827, 300.25, 100, 74232, 76
2026/07/28 17:05:18.864, 300.75, 100, 74232, 76
2026/07/28 17:05:19.901, 300.86, 100, 74232, 76
2026/07/28 17:05:20.937, 301.11, 100, 74232, 76
2026/07/28 17:05:21.974, 300.28, 100, 74232, 76
2026/07/28 17:05:23.012, 302.01, 100, 74232, 76
2026/07/28 17:05:24.051, 299.84, 100, 74232, 76
2026/07/28 17:05:25.088, 300.85, 100, 74232, 76
2026/07/28 17:05:26.125, 300.82, 100, 74232, 76
2026/07/28 17:05:27.163, 300.75, 100, 74232, 75
2026/07/28 17:05:28.199, 299.85, 100, 74232, 75
2026/07/28 17:05:29.238, 296.58, 100, 74232, 75
2026/07/28 17:05:30.274, 299.86, 100, 74232, 75
2026/07/28 17:05:31.311, 294.42, 100, 74232, 75
2026/07/28 17:05:32.348, 299.08, 100, 74232, 75
2026/07/28 17:05:33.386, 299.32, 100, 74232, 75
2026/07/28 17:05:34.423, 298.12, 91, 74232, 73
2026/07/28 17:05:35.457, 303.15, 100, 74232, 75
2026/07/28 17:05:36.493, 303.87, 100, 74232, 75
2026/07/28 17:05:37.530, 293.65, 100, 74232, 74
2026/07/28 17:05:38.567, 296.36, 100, 74232, 74
2026/07/28 17:05:39.612, 302.57, 100, 74232, 75
2026/07/28 17:05:40.650, 296.77, 100, 74232, 75
2026/07/28 17:05:41.686, 297.54, 100, 74232, 75
2026/07/28 17:05:42.724, 303.63, 100, 74232, 75
2026/07/28 17:05:43.761, 306.97, 100, 74232, 75
2026/07/28 17:05:44.798, 297.82, 100, 74232, 75
2026/07/28 17:05:45.835, 306.11, 100, 74232, 75
2026/07/28 17:05:46.876, 307.80, 100, 74232, 75
2026/07/28 17:05:47.913, 305.98, 100, 74232, 75
2026/07/28 17:05:48.950, 300.94, 100, 74232, 75
2026/07/28 17:05:49.987, 303.83, 100, 74232, 75
2026/07/28 17:05:51.026, 306.07, 100, 74232, 75
2026/07/28 17:05:52.063, 305.91, 100, 74232, 75
2026/07/28 17:05:53.100, 306.54, 100, 74232, 75
2026/07/28 17:05:54.137, 301.88, 100, 74232, 75
2026/07/28 17:05:55.174, 304.31, 100, 74232, 75
2026/07/28 17:05:56.211, 296.96, 100, 74232, 75
2026/07/28 17:05:57.248, 300.66, 100, 74232, 75
2026/07/28 17:05:58.285, 303.06, 100, 74232, 74
2026/07/28 17:05:59.324, 302.57, 100, 74232, 75
2026/07/28 17:06:00.362, 297.33, 100, 74232, 75
2026/07/28 17:06:01.399, 301.21, 100, 74232, 75
2026/07/28 17:06:02.435, 302.17, 100, 74232, 75
2026/07/28 17:06:03.471, 300.33, 100, 74232, 75
2026/07/28 17:06:04.509, 305.69, 100, 74232, 75
2026/07/28 17:06:05.546, 296.56, 100, 74232, 74
2026/07/28 17:06:06.583, 292.48, 100, 74232, 74
2026/07/28 17:06:07.623, 294.05, 100, 74232, 74
2026/07/28 17:06:08.660, 298.21, 100, 74232, 74
2026/07/28 17:06:09.700, 299.29, 100, 74232, 74
2026/07/28 17:06:10.739, 300.44, 100, 74232, 74
2026/07/28 17:06:11.776, 306.83, 100, 74232, 74
2026/07/28 17:06:12.818, 300.43, 100, 74232, 74
2026/07/28 17:06:13.855, 304.04, 100, 74232, 74
2026/07/28 17:06:14.892, 300.36, 100, 74232, 74
2026/07/28 17:06:15.929, 303.83, 100, 74232, 74
2026/07/28 17:06:16.966, 304.81, 100, 74232, 74
2026/07/28 17:06:18.003, 303.75, 100, 74232, 74
2026/07/28 17:06:19.041, 296.95, 100, 74232, 74
2026/07/28 17:06:20.079, 301.59, 100, 74232, 74
2026/07/28 17:06:21.125, 298.35, 100, 74232, 74
2026/07/28 17:06:22.164, 296.94, 100, 74232, 74
2026/07/28 17:06:23.200, 294.05, 100, 74232, 74
2026/07/28 17:06:24.239, 295.11, 100, 74232, 74
2026/07/28 17:06:25.275, 297.74, 100, 74232, 74
2026/07/28 17:06:26.312, 295.58, 100, 74232, 74
2026/07/28 17:06:27.348, 296.57, 100, 74232, 74
2026/07/28 17:06:28.385, 303.44, 100, 74232, 74
2026/07/28 17:06:29.421, 292.67, 100, 74232, 74
2026/07/28 17:06:30.458, 296.56, 100, 74232, 74
2026/07/28 17:06:31.494, 303.58, 100, 74232, 74
2026/07/28 17:06:32.529, 304.60, 100, 74232, 74
2026/07/28 17:06:33.566, 303.48, 100, 74232, 74
2026/07/28 17:06:34.604, 300.72, 100, 74232, 74
2026/07/28 17:06:35.640, 297.74, 100, 74232, 74
2026/07/28 17:06:36.676, 294.43, 100, 74232, 74
2026/07/28 17:06:37.713, 296.85, 100, 74232, 74
2026/07/28 17:06:38.751, 298.31, 100, 74232, 74
2026/07/28 17:06:39.788, 295.02, 100, 74232, 73
2026/07/28 17:06:40.827, 295.02, 100, 74232, 74
2026/07/28 17:06:41.864, 293.93, 100, 74232, 73
2026/07/28 17:06:42.901, 303.27, 100, 74232, 74
2026/07/28 17:06:43.937, 303.87, 100, 74232, 73
2026/07/28 17:06:44.975, 299.08, 100, 74232, 73
2026/07/28 17:06:46.012, 298.01, 100, 74232, 73
2026/07/28 17:06:47.052, 302.89, 100, 74232, 73
2026/07/28 17:06:48.089, 303.34, 100, 74232, 73
2026/07/28 17:06:49.126, 301.03, 100, 74232, 73
2026/07/28 17:06:50.162, 303.54, 100, 74232, 73
2026/07/28 17:06:51.198, 301.63, 100, 74232, 73
2026/07/28 17:06:52.235, 291.31, 100, 74232, 73
2026/07/28 17:06:53.273, 290.06, 100, 74232, 73
2026/07/28 17:06:54.309, 294.23, 100, 74232, 73
2026/07/28 17:06:55.346, 294.81, 100, 74232, 73
2026/07/28 17:06:56.383, 300.63, 100, 74232, 73
2026/07/28 17:06:57.420, 302.56, 100, 74232, 73
2026/07/28 17:06:58.457, 300.63, 100, 74232, 73
2026/07/28 17:06:59.494, 302.21, 100, 74232, 72
2026/07/28 17:07:00.532, 301.61, 100, 74232, 72
2026/07/28 17:07:01.568, 300.08, 100, 74232, 72
2026/07/28 17:07:02.604, 300.27, 100, 74232, 72
2026/07/28 17:07:03.641, 301.87, 100, 74232, 72
2026/07/28 17:07:04.679, 302.31, 100, 74232, 72
2026/07/28 17:07:05.716, 301.05, 100, 74232, 72
2026/07/28 17:07:06.753, 300.73, 100, 74232, 72
2026/07/28 17:07:07.789, 300.62, 100, 74232, 72
2026/07/28 17:07:08.829, 300.92, 100, 74232, 72
2026/07/28 17:07:09.867, 300.23, 100, 74232, 72
2026/07/28 17:07:10.904, 300.34, 100, 74232, 72
2026/07/28 17:07:11.942, 300.83, 100, 74232, 72
2026/07/28 17:07:12.980, 299.84, 100, 74232, 72
2026/07/28 17:07:14.018, 298.68, 100, 74232, 72
2026/07/28 17:07:15.055, 302.58, 100, 74232, 72
2026/07/28 17:07:16.098, 299.96, 100, 74232, 72
2026/07/28 17:07:17.135, 299.46, 100, 74232, 72
2026/07/28 17:07:18.172, 300.78, 100, 74232, 72
2026/07/28 17:07:19.210, 300.46, 100, 74232, 71
2026/07/28 17:07:20.247, 299.68, 100, 74232, 71
2026/07/28 17:07:21.288, 299.46, 100, 74232, 71
2026/07/28 17:07:22.325, 294.91, 100, 74232, 71
2026/07/28 17:07:23.363, 292.78, 100, 74232, 71
2026/07/28 17:07:24.400, 300.16, 100, 74232, 71
2026/07/28 17:07:25.439, 297.03, 100, 74232, 71
2026/07/28 17:07:26.476, 299.75, 100, 74232, 71
2026/07/28 17:07:27.516, 299.27, 100, 74232, 71
2026/07/28 17:07:28.553, 299.31, 100, 74232, 71
2026/07/28 17:07:29.592, 296.17, 100, 74232, 73
2026/07/28 17:07:30.626, 302.40, 100, 74232, 73
2026/07/28 17:07:31.660, 289.94, 100, 74232, 72
2026/07/28 17:07:32.699, 269.28, 100, 74232, 73
2026/07/28 17:07:33.732, 294.54, 100, 74232, 73
2026/07/28 17:07:34.766, 295.56, 100, 74232, 73
2026/07/28 17:07:35.801, 299.23, 100, 74232, 71
2026/07/28 17:07:36.837, 291.90, 100, 74232, 71
2026/07/28 17:07:37.874, 293.35, 100, 74232, 71
2026/07/28 17:07:38.912, 295.41, 100, 74232, 71
2026/07/28 17:07:39.949, 295.01, 100, 74232, 73
2026/07/28 17:07:40.984, 287.27, 100, 74232, 73
2026/07/28 17:07:42.019, 296.25, 100, 74232, 73
2026/07/28 17:07:43.054, 303.05, 100, 74232, 74
2026/07/28 17:07:44.089, 303.31, 100, 74232, 74
2026/07/28 17:07:45.129, 300.24, 100, 74232, 74
2026/07/28 17:07:46.164, 292.74, 100, 74232, 74
2026/07/28 17:07:47.200, 302.10, 100, 74232, 73
2026/07/28 17:07:48.240, 301.90, 100, 74232, 73
2026/07/28 17:07:49.275, 303.62, 100, 74232, 73
2026/07/28 17:07:50.312, 301.80, 100, 74232, 73
2026/07/28 17:07:51.348, 302.49, 100, 74232, 73
2026/07/28 17:07:52.384, 302.96, 100, 74232, 73
2026/07/28 17:07:53.421, 303.69, 100, 74232, 73
2026/07/28 17:07:54.455, 302.87, 100, 74232, 73
2026/07/28 17:07:55.491, 303.48, 100, 74232, 74
2026/07/28 17:07:56.528, 298.40, 100, 74232, 74
2026/07/28 17:07:57.565, 303.09, 100, 74232, 74
2026/07/28 17:07:58.604, 302.58, 100, 74232, 74
2026/07/28 17:07:59.641, 303.17, 100, 74232, 74
2026/07/28 17:08:00.677, 300.08, 100, 74232, 74
2026/07/28 17:08:01.713, 305.19, 100, 74232, 74
2026/07/28 17:08:02.749, 304.21, 100, 74232, 74
2026/07/28 17:08:03.785, 305.31, 100, 74232, 74
2026/07/28 17:08:04.825, 306.45, 100, 74232, 74
2026/07/28 17:08:05.866, 303.93, 100, 74232, 74
2026/07/28 17:08:06.903, 304.58, 100, 74232, 74
2026/07/28 17:08:07.940, 303.06, 100, 74232, 74
2026/07/28 17:08:08.978, 297.24, 100, 74232, 74
2026/07/28 17:08:10.014, 294.24, 100, 74232, 74
2026/07/28 17:08:11.054, 295.11, 100, 74232, 74
2026/07/28 17:08:12.091, 299.56, 100, 74232, 74
2026/07/28 17:08:13.128, 304.98, 100, 74232, 74
2026/07/28 17:08:14.166, 300.25, 100, 74232, 74
2026/07/28 17:08:15.204, 296.56, 100, 74232, 74
2026/07/28 17:08:16.241, 296.95, 100, 74232, 74
2026/07/28 17:08:17.277, 296.39, 100, 74232, 74
2026/07/28 17:08:18.315, 296.95, 100, 74232, 74
2026/07/28 17:08:19.353, 296.35, 100, 74232, 74
2026/07/28 17:08:20.390, 296.57, 100, 74232, 74
2026/07/28 17:08:21.428, 295.40, 100, 74232, 74
2026/07/28 17:08:22.466, 297.33, 100, 74232, 74
2026/07/28 17:08:23.503, 303.45, 100, 74232, 74
2026/07/28 17:08:24.540, 304.06, 100, 74232, 74
2026/07/28 17:08:25.578, 303.46, 100, 74232, 74
2026/07/28 17:08:26.615, 305.10, 100, 74232, 74
2026/07/28 17:08:27.655, 293.16, 100, 74232, 74
2026/07/28 17:08:28.695, 293.07, 100, 74232, 74
2026/07/28 17:08:29.731, 297.23, 100, 74232, 74
2026/07/28 17:08:30.768, 300.65, 100, 74232, 74
2026/07/28 17:08:31.805, 297.06, 100, 74232, 74
2026/07/28 17:08:32.841, 296.17, 100, 74232, 74
2026/07/28 17:08:33.886, 296.07, 100, 74232, 74
2026/07/28 17:08:34.924, 295.02, 100, 74232, 74
2026/07/28 17:08:35.960, 298.21, 100, 74232, 74
2026/07/28 17:08:36.999, 295.90, 100, 74232, 74
2026/07/28 17:08:38.034, 294.23, 100, 74232, 74
2026/07/28 17:08:39.071, 295.41, 100, 74232, 74
2026/07/28 17:08:40.108, 297.53, 100, 74232, 74
2026/07/28 17:08:41.144, 298.03, 100, 74232, 74
2026/07/28 17:08:42.181, 296.68, 100, 74232, 74
2026/07/28 17:08:43.218, 297.04, 100, 74232, 74
2026/07/28 17:08:44.255, 295.99, 100, 74232, 74
2026/07/28 17:08:45.291, 296.09, 100, 74232, 74
2026/07/28 17:08:46.328, 298.97, 100, 74232, 74
2026/07/28 17:08:47.365, 296.87, 100, 74232, 74
2026/07/28 17:08:48.402, 295.88, 100, 74232, 74
2026/07/28 17:08:49.439, 298.80, 100, 74232, 74
2026/07/28 17:08:50.476, 297.04, 100, 74232, 74
2026/07/28 17:08:51.515, 295.90, 100, 74232, 74
2026/07/28 17:08:52.553, 295.48, 100, 74232, 74
2026/07/28 17:08:53.590, 297.23, 100, 74232, 74
2026/07/28 17:08:54.627, 295.30, 100, 74232, 74
2026/07/28 17:08:55.664, 295.31, 100, 74232, 74
2026/07/28 17:08:56.700, 297.32, 100, 74232, 74
2026/07/28 17:08:57.737, 296.27, 100, 74232, 74
2026/07/28 17:08:58.775, 296.38, 100, 74232, 74
2026/07/28 17:08:59.812, 296.15, 100, 74232, 74
2026/07/28 17:09:00.849, 296.56, 100, 74232, 74
2026/07/28 17:09:01.886, 303.34, 100, 74232, 74
2026/07/28 17:09:02.925, 303.76, 100, 74232, 74
2026/07/28 17:09:03.965, 303.53, 100, 74232, 74
2026/07/28 17:09:05.000, 302.58, 100, 74232, 74
2026/07/28 17:09:06.037, 302.86, 100, 74232, 74
2026/07/28 17:09:07.075, 305.39, 100, 74232, 74
2026/07/28 17:09:08.113, 299.16, 100, 74232, 74
2026/07/28 17:09:09.151, 301.83, 100, 74232, 74
2026/07/28 17:09:10.188, 295.21, 100, 74232, 74
2026/07/28 17:09:11.225, 301.22, 100, 74232, 74
2026/07/28 17:09:12.262, 296.36, 100, 74232, 74
2026/07/28 17:09:13.299, 302.51, 100, 74232, 74
2026/07/28 17:09:14.337, 297.46, 100, 74232, 74
2026/07/28 17:09:15.375, 296.94, 100, 74232, 74
2026/07/28 17:09:16.413, 295.69, 100, 74232, 74
2026/07/28 17:09:17.450, 298.21, 100, 74232, 74
2026/07/28 17:09:18.487, 296.28, 100, 74232, 74
2026/07/28 17:09:19.523, 295.30, 100, 74232, 74
2026/07/28 17:09:20.560, 297.56, 100, 74232, 74
2026/07/28 17:09:21.595, 302.86, 100, 74232, 74
2026/07/28 17:09:22.632, 301.24, 100, 74232, 74
2026/07/28 17:09:23.669, 303.29, 100, 74232, 74
2026/07/28 17:09:24.707, 304.02, 100, 74232, 74
2026/07/28 17:09:25.745, 305.75, 100, 74232, 74
2026/07/28 17:09:26.781, 298.91, 100, 74232, 74
2026/07/28 17:09:27.820, 305.12, 100, 74232, 74
2026/07/28 17:09:28.858, 306.06, 100, 74232, 74
2026/07/28 17:09:29.897, 303.33, 100, 74232, 74
2026/07/28 17:09:30.934, 301.42, 100, 74232, 74
2026/07/28 17:09:31.973, 294.81, 100, 74232, 74
2026/07/28 17:09:33.011, 292.77, 100, 74232, 74
2026/07/28 17:09:34.052, 291.43, 100, 74232, 74
2026/07/28 17:09:35.089, 302.57, 100, 74232, 74
2026/07/28 17:09:36.127, 302.70, 100, 74232, 74
2026/07/28 17:09:37.164, 303.07, 100, 74232, 74
2026/07/28 17:09:38.202, 293.74, 100, 74232, 76
2026/07/28 17:09:39.235, 289.90, 100, 74232, 76
2026/07/28 17:09:40.269, 317.11, 100, 74232, 76
2026/07/28 17:09:41.305, 299.18, 100, 74232, 76
2026/07/28 17:09:42.343, 292.40, 100, 74232, 76
2026/07/28 17:09:43.382, 295.91, 100, 74232, 76
2026/07/28 17:09:44.416, 298.70, 100, 74232, 74
2026/07/28 17:09:45.455, 290.55, 100, 74232, 74
2026/07/28 17:09:46.490, 291.61, 100, 74232, 74
2026/07/28 17:09:47.527, 285.42, 100, 74232, 74
2026/07/28 17:09:48.565, 288.32, 100, 74232, 74
2026/07/28 17:09:49.601, 290.25, 100, 74232, 74
2026/07/28 17:09:50.638, 296.27, 100, 74232, 74
2026/07/28 17:09:51.676, 296.37, 100, 74232, 74
2026/07/28 17:09:52.713, 295.99, 100, 74232, 74
2026/07/28 17:09:53.752, 285.42, 100, 74232, 74
2026/07/28 17:09:54.790, 288.12, 100, 74232, 74
2026/07/28 17:09:55.828, 295.31, 100, 74232, 74
2026/07/28 17:09:56.865, 296.14, 100, 74232, 74
2026/07/28 17:09:57.901, 296.36, 100, 74232, 74
2026/07/28 17:09:58.938, 296.29, 100, 74232, 74
2026/07/28 17:09:59.974, 299.89, 100, 74232, 74
2026/07/28 17:10:01.011, 296.87, 100, 74232, 74
2026/07/28 17:10:02.047, 297.52, 100, 74232, 74
2026/07/28 17:10:03.086, 297.04, 100, 74232, 76
2026/07/28 17:10:04.120, 315.23, 100, 74232, 76
2026/07/28 17:10:05.156, 303.63, 100, 74232, 76
2026/07/28 17:10:06.191, 303.56, 100, 74232, 76
2026/07/28 17:10:07.226, 301.45, 100, 74232, 76
2026/07/28 17:10:08.260, 329.99, 100, 74232, 76
2026/07/28 17:10:09.296, 304.69, 100, 74232, 74
2026/07/28 17:10:10.334, 304.80, 100, 74232, 74
2026/07/28 17:10:11.370, 305.27, 100, 74232, 74
2026/07/28 17:10:12.407, 304.81, 100, 74232, 74
2026/07/28 17:10:13.444, 304.82, 100, 74232, 74
2026/07/28 17:10:14.482, 304.92, 100, 74232, 74
2026/07/28 17:10:15.518, 304.89, 100, 74232, 74
2026/07/28 17:10:16.555, 304.93, 100, 74232, 74
2026/07/28 17:10:17.591, 299.08, 100, 74232, 74
2026/07/28 17:10:18.632, 306.29, 100, 74232, 74
2026/07/28 17:10:19.669, 100.82, 0, 74232, 71
2026/07/28 17:10:20.701, 294.05, 100, 74232, 76
2026/07/28 17:10:21.736, 302.11, 100, 74232, 76
2026/07/28 17:10:22.770, 296.45, 100, 74232, 76
2026/07/28 17:10:23.808, 310.86, 100, 74232, 76
2026/07/28 17:10:24.842, 281.69, 100, 74232, 76
2026/07/28 17:10:25.877, 305.06, 100, 74232, 76
2026/07/28 17:10:26.913, 304.64, 100, 74232, 74
2026/07/28 17:10:27.949, 304.94, 100, 74232, 74
2026/07/28 17:10:28.985, 306.93, 100, 74232, 74
2026/07/28 17:10:30.021, 305.58, 100, 74232, 74
2026/07/28 17:10:31.057, 305.81, 100, 74232, 74
2026/07/28 17:10:32.097, 307.42, 100, 74232, 74
2026/07/28 17:10:33.134, 295.30, 100, 74232, 74
2026/07/28 17:10:34.170, 298.22, 100, 74232, 75
2026/07/28 17:10:35.208, 298.10, 100, 74232, 75
2026/07/28 17:10:36.246, 298.81, 100, 74232, 75
2026/07/28 17:10:37.283, 302.42, 100, 74232, 75
2026/07/28 17:10:38.319, 298.68, 100, 74232, 75
2026/07/28 17:10:39.358, 305.00, 100, 74232, 75
2026/07/28 17:10:40.394, 299.07, 100, 74232, 75
2026/07/28 17:10:41.432, 298.92, 100, 74232, 75
2026/07/28 17:10:42.469, 137.30, 100, 74232, 74
2026/07/28 17:10:43.505, 301.02, 100, 74232, 76
2026/07/28 17:10:44.541, 302.36, 100, 74232, 76
2026/07/28 17:10:45.576, 283.70, 100, 74232, 76
2026/07/28 17:10:46.612, 283.24, 100, 74232, 76
2026/07/28 17:10:47.647, 305.43, 100, 74232, 76
2026/07/28 17:10:48.682, 319.80, 100, 74232, 76
2026/07/28 17:10:49.721, 308.64, 100, 74232, 76
2026/07/28 17:10:50.756, 297.56, 100, 74232, 74
2026/07/28 17:10:51.797, 293.95, 100, 74232, 74
2026/07/28 17:10:52.836, 296.28, 100, 74232, 74
2026/07/28 17:10:53.873, 297.32, 100, 74232, 74
2026/07/28 17:10:54.911, 298.88, 100, 74232, 75
2026/07/28 17:10:55.947, 294.33, 100, 74232, 75
2026/07/28 17:10:56.984, 299.08, 100, 74232, 75
2026/07/28 17:10:58.027, 291.81, 100, 74232, 75
2026/07/28 17:10:59.065, 278.98, 100, 74232, 76
2026/07/28 17:11:00.100, 302.74, 100, 74232, 77
2026/07/28 17:11:01.136, 271.24, 100, 74232, 77
2026/07/28 17:11:02.171, 299.17, 100, 74232, 76
2026/07/28 17:11:03.205, 287.92, 100, 74232, 76
2026/07/28 17:11:04.240, 291.29, 100, 74232, 76
2026/07/28 17:11:05.275, 289.88, 100, 74232, 75
2026/07/28 17:11:06.313, 291.03, 100, 74232, 74
2026/07/28 17:11:07.352, 292.67, 100, 74232, 75
2026/07/28 17:11:08.389, 294.43, 100, 74232, 75
2026/07/28 17:11:09.426, 300.14, 100, 74232, 75
2026/07/28 17:11:10.463, 293.86, 100, 74232, 75
2026/07/28 17:11:11.501, 300.20, 100, 74232, 75
2026/07/28 17:11:12.538, 298.24, 100, 74232, 75
2026/07/28 17:11:13.576, 298.99, 100, 74232, 75
2026/07/28 17:11:14.612, 298.70, 100, 74232, 75
2026/07/28 17:11:15.648, 299.88, 100, 74232, 75
2026/07/28 17:11:16.685, 298.99, 100, 74232, 75
2026/07/28 17:11:17.722, 297.94, 100, 74232, 75
2026/07/28 17:11:18.757, 104.35, 0, 74232, 72
2026/07/28 17:11:19.789, 102.61, 0, 74232, 71
2026/07/28 17:11:20.820, 100.86, 0, 74232, 70
2026/07/28 17:11:21.850, 99.87, 0, 74232, 70
2026/07/28 17:11:22.880, 98.89, 0, 74232, 69
2026/07/28 17:11:23.915, 99.41, 0, 74232, 69
2026/07/28 17:11:24.947, 97.60, 0, 74232, 68
2026/07/28 17:11:25.979, 96.94, 0, 74232, 68
2026/07/28 17:11:27.012, 95.66, 0, 74232, 67
2026/07/28 17:11:28.044, 95.17, 0, 74232, 67
2026/07/28 17:11:29.078, 94.94, 0, 74232, 67
2026/07/28 17:11:30.109, 93.19, 0, 74232, 66
2026/07/28 17:11:31.141, 93.85, 0, 74232, 66
2026/07/28 17:11:32.172, 93.48, 0, 74232, 65
2026/07/28 17:11:33.203, 93.29, 0, 74232, 65
2026/07/28 17:11:34.233, 92.85, 0, 74232, 65
2026/07/28 17:11:35.263, 90.85, 0, 74232, 65
2026/07/28 17:11:36.295, 91.93, 0, 74232, 64
2026/07/28 17:11:37.326, 91.72, 0, 74232, 64
2026/07/28 17:11:38.358, 90.38, 0, 74232, 64
2026/07/28 17:11:39.389, 90.85, 0, 74232, 63
2026/07/28 17:11:40.419, 90.56, 0, 74232, 63
2026/07/28 17:11:41.449, 90.52, 0, 74232, 63
2026/07/28 17:11:42.480, 89.42, 0, 74232, 63
2026/07/28 17:11:43.509, 89.69, 0, 74232, 62
2026/07/28 17:11:44.539, 89.47, 0, 74232, 62
2026/07/28 17:11:45.569, 88.34, 0, 74232, 62
2026/07/28 17:11:46.599, 89.03, 0, 74232, 62
2026/07/28 17:11:47.629, 89.01, 0, 74232, 61
2026/07/28 17:11:48.660, 88.39, 0, 74232, 61
2026/07/28 17:11:49.690, 272.23, 100, 74232, 66
2026/07/28 17:11:50.727, 296.74, 100, 74232, 67
2026/07/28 17:11:51.760, 294.05, 100, 74232, 67
2026/07/28 17:11:52.804, 277.24, 100, 74232, 68
2026/07/28 17:11:53.841, 300.16, 100, 74232, 66
2026/07/28 17:11:54.878, 300.72, 100, 74232, 66
2026/07/28 17:11:55.916, 299.87, 100, 74232, 67
2026/07/28 17:11:56.954, 301.60, 100, 74232, 67
2026/07/28 17:11:57.992, 300.83, 100, 74232, 67
2026/07/28 17:11:59.029, 298.10, 100, 74232, 67
2026/07/28 17:12:00.067, 306.42, 100, 74232, 69
2026/07/28 17:12:01.102, 287.52, 100, 74232, 70
2026/07/28 17:12:02.136, 276.59, 100, 74232, 70
2026/07/28 17:12:03.170, 276.21, 100, 74232, 70
2026/07/28 17:12:04.204, 300.82, 100, 74232, 69
2026/07/28 17:12:05.240, 305.04, 100, 74232, 69
2026/07/28 17:12:06.278, 303.19, 100, 74232, 69
2026/07/28 17:12:07.313, 305.62, 100, 74232, 69
2026/07/28 17:12:08.350, 306.05, 100, 74232, 69
2026/07/28 17:12:09.387, 303.92, 100, 74232, 70
2026/07/28 17:12:10.423, 296.92, 100, 74232, 71
2026/07/28 17:12:11.457, 296.86, 100, 74232, 72
2026/07/28 17:12:12.496, 285.43, 100, 74232, 72
2026/07/28 17:12:13.531, 313.13, 100, 74232, 72
2026/07/28 17:12:14.568, 306.86, 100, 74232, 71
2026/07/28 17:12:15.604, 300.06, 100, 74232, 71
2026/07/28 17:12:16.640, 299.96, 100, 74232, 71
2026/07/28 17:12:17.678, 301.41, 100, 74232, 71
2026/07/28 17:12:18.715, 299.08, 100, 74232, 73
2026/07/28 17:12:19.751, 294.13, 100, 74232, 73
2026/07/28 17:12:20.785, 293.35, 100, 74232, 73
2026/07/28 17:12:21.821, 290.90, 100, 74232, 73
2026/07/28 17:12:22.855, 304.81, 100, 74232, 74
2026/07/28 17:12:23.890, 302.81, 100, 74232, 72
2026/07/28 17:12:24.927, 293.74, 100, 74232, 72
2026/07/28 17:12:25.966, 295.98, 100, 74232, 72
2026/07/28 17:12:27.002, 295.02, 100, 74232, 72
2026/07/28 17:12:28.040, 297.06, 100, 74232, 72
2026/07/28 17:12:29.078, 295.69, 100, 74232, 72
2026/07/28 17:12:30.114, 294.14, 100, 74232, 73
2026/07/28 17:12:31.150, 294.42, 100, 74232, 73
2026/07/28 17:12:32.190, 292.97, 100, 74232, 73
2026/07/28 17:12:33.227, 303.04, 100, 74232, 73
2026/07/28 17:12:34.263, 302.85, 100, 74232, 73
2026/07/28 17:12:35.300, 297.62, 100, 74232, 73
2026/07/28 17:12:36.336, 298.63, 100, 74232, 73
2026/07/28 17:12:37.372, 302.61, 100, 74232, 73
2026/07/28 17:12:38.408, 299.55, 100, 74232, 73
2026/07/28 17:12:39.447, 299.65, 100, 74232, 73
2026/07/28 17:12:40.484, 302.37, 100, 74232, 73
2026/07/28 17:12:41.520, 303.82, 100, 74232, 73
2026/07/28 17:12:42.558, 303.18, 100, 74232, 73
2026/07/28 17:12:43.597, 298.98, 100, 74232, 73
2026/07/28 17:12:44.633, 295.28, 100, 74232, 73
2026/07/28 17:12:45.669, 294.32, 100, 74232, 73
2026/07/28 17:12:46.706, 295.39, 100, 74232, 73
2026/07/28 17:12:47.744, 295.71, 100, 74232, 73
2026/07/28 17:12:48.781, 296.36, 100, 74232, 74
2026/07/28 17:12:49.816, 303.83, 100, 74232, 74
2026/07/28 17:12:50.851, 303.55, 100, 74232, 74
2026/07/28 17:12:51.887, 300.05, 100, 74232, 74
2026/07/28 17:12:52.924, 304.25, 100, 74232, 74
2026/07/28 17:12:53.961, 295.49, 100, 74232, 74
2026/07/28 17:12:54.999, 296.85, 100, 74232, 74
2026/07/28 17:12:56.034, 296.16, 100, 74232, 74
2026/07/28 17:12:57.070, 298.87, 100, 74232, 74
2026/07/28 17:12:58.107, 295.80, 100, 74232, 74
2026/07/28 17:12:59.143, 295.29, 100, 74232, 74
2026/07/28 17:13:00.178, 296.08, 100, 74232, 74
2026/07/28 17:13:01.215, 295.47, 100, 74232, 74
2026/07/28 17:13:02.251, 101.12, 0, 74232, 71
2026/07/28 17:13:03.284, 310.08, 100, 74232, 75
2026/07/28 17:13:04.318, 296.07, 100, 74232, 75
2026/07/28 17:13:05.354, 290.43, 100, 74232, 75
2026/07/28 17:13:06.388, 297.61, 100, 74232, 75
2026/07/28 17:13:07.422, 302.26, 100, 74232, 75
2026/07/28 17:13:08.456, 302.28, 100, 74232, 73
2026/07/28 17:13:09.494, 296.26, 100, 74232, 73
2026/07/28 17:13:10.531, 295.29, 100, 74232, 73
2026/07/28 17:13:11.569, 295.65, 100, 74232, 75
2026/07/28 17:13:12.604, 305.87, 100, 74232, 75
2026/07/28 17:13:13.638, 295.81, 100, 74232, 75
2026/07/28 17:13:14.675, 299.87, 100, 74232, 75
2026/07/28 17:13:15.709, 290.62, 100, 74232, 75
2026/07/28 17:13:16.744, 304.62, 100, 74232, 74
2026/07/28 17:13:17.783, 304.23, 100, 74232, 74
2026/07/28 17:13:18.819, 304.51, 100, 74232, 74
2026/07/28 17:13:19.856, 297.74, 100, 74232, 74
2026/07/28 17:13:20.894, 295.04, 100, 74232, 74
2026/07/28 17:13:21.932, 296.86, 100, 74232, 74
2026/07/28 17:13:22.969, 297.41, 100, 74232, 74
2026/07/28 17:13:24.006, 298.60, 100, 74232, 74
2026/07/28 17:13:25.050, 296.95, 100, 74232, 75
2026/07/28 17:13:26.087, 297.24, 100, 74232, 74
2026/07/28 17:13:27.124, 304.03, 100, 74232, 75
2026/07/28 17:13:28.160, 305.29, 100, 74232, 75
2026/07/28 17:13:29.195, 296.85, 100, 74232, 75
2026/07/28 17:13:30.231, 297.27, 100, 74232, 74
2026/07/28 17:13:31.269, 297.79, 100, 74232, 74
2026/07/28 17:13:32.306, 298.61, 100, 74232, 74
2026/07/28 17:13:33.342, 296.96, 100, 74232, 74
2026/07/28 17:13:34.379, 297.54, 100, 74232, 74
2026/07/28 17:13:35.414, 296.65, 100, 74232, 74
2026/07/28 17:13:36.450, 297.62, 100, 74232, 74
2026/07/28 17:13:37.488, 306.67, 100, 74232, 75
2026/07/28 17:13:38.525, 303.92, 100, 74232, 75
2026/07/28 17:13:39.561, 297.62, 100, 74232, 74
2026/07/28 17:13:40.600, 296.35, 100, 74232, 74
2026/07/28 17:13:41.637, 293.85, 100, 74232, 74
2026/07/28 17:13:42.673, 297.08, 100, 74232, 74
2026/07/28 17:13:43.709, 298.20, 100, 74232, 74
2026/07/28 17:13:44.745, 296.84, 100, 74232, 74
2026/07/28 17:13:45.780, 297.42, 100, 74232, 74
2026/07/28 17:13:46.818, 296.75, 100, 74232, 74
2026/07/28 17:13:47.855, 296.65, 100, 74232, 74
2026/07/28 17:13:48.891, 296.18, 100, 74232, 74
2026/07/28 17:13:49.928, 297.53, 100, 74232, 74
2026/07/28 17:13:50.964, 296.95, 100, 74232, 74
2026/07/28 17:13:52.000, 296.27, 100, 74232, 74
2026/07/28 17:13:53.036, 296.76, 100, 74232, 74
2026/07/28 17:13:54.074, 295.69, 100, 74232, 74
2026/07/28 17:13:55.109, 297.92, 100, 74232, 74
2026/07/28 17:13:56.147, 297.16, 100, 74232, 74
2026/07/28 17:13:57.184, 101.41, 12, 74232, 74
2026/07/28 17:13:58.223, 293.36, 100, 74232, 76
2026/07/28 17:13:59.258, 301.40, 100, 74232, 76
2026/07/28 17:14:00.290, 302.17, 100, 74232, 76
2026/07/28 17:14:01.323, 301.33, 100, 74232, 76
2026/07/28 17:14:02.357, 283.45, 100, 74232, 76
2026/07/28 17:14:03.392, 305.37, 100, 74232, 74
2026/07/28 17:14:04.427, 305.29, 100, 74232, 74
2026/07/28 17:14:05.463, 304.71, 100, 74232, 74
2026/07/28 17:14:06.500, 101.68, 0, 74232, 71
2026/07/28 17:14:07.535, 302.65, 100, 74232, 76
2026/07/28 17:14:08.571, 287.96, 100, 74232, 76
2026/07/28 17:14:09.621, 285.00, 100, 74232, 76
2026/07/28 17:14:10.661, 303.82, 100, 74232, 76
2026/07/28 17:14:11.696, 316.53, 100, 74232, 76
2026/07/28 17:14:12.730, 301.80, 100, 74232, 74
2026/07/28 17:14:13.767, 304.81, 100, 74232, 74
2026/07/28 17:14:14.805, 304.06, 100, 74232, 74
2026/07/28 17:14:15.844, 305.86, 100, 74232, 74
2026/07/28 17:14:16.881, 102.47, 12, 74232, 72
2026/07/28 17:14:17.913, 303.46, 100, 74232, 76
2026/07/28 17:14:18.947, 284.78, 100, 74232, 76
2026/07/28 17:14:19.983, 293.68, 100, 74232, 76
2026/07/28 17:14:21.017, 272.25, 100, 74232, 76
2026/07/28 17:14:22.051, 301.73, 100, 74232, 76
2026/07/28 17:14:23.086, 267.52, 100, 74232, 74
2026/07/28 17:14:24.130, 285.78, 100, 74232, 74
2026/07/28 17:14:25.167, 290.07, 100, 74232, 74
2026/07/28 17:14:26.205, 277.38, 88, 74232, 76
2026/07/28 17:14:27.241, 297.50, 100, 74232, 76
2026/07/28 17:14:28.275, 297.42, 100, 74232, 77
2026/07/28 17:14:29.310, 302.31, 100, 74232, 76
2026/07/28 17:14:30.347, 296.85, 100, 74232, 76
2026/07/28 17:14:31.382, 295.60, 100, 74232, 76
2026/07/28 17:14:32.418, 312.09, 100, 74232, 75
2026/07/28 17:14:33.457, 289.78, 100, 74232, 75
2026/07/28 17:14:34.495, 290.54, 100, 74232, 75
2026/07/28 17:14:35.533, 298.12, 100, 74232, 75
2026/07/28 17:14:36.569, 298.43, 100, 74232, 75
2026/07/28 17:14:37.607, 298.79, 100, 74232, 75
2026/07/28 17:14:38.644, 298.61, 100, 74232, 75
2026/07/28 17:14:39.683, 298.52, 100, 74232, 75
2026/07/28 17:14:40.720, 298.10, 100, 74232, 75
2026/07/28 17:14:41.757, 298.30, 100, 74232, 75
2026/07/28 17:14:42.794, 300.73, 100, 74232, 75
2026/07/28 17:14:43.832, 298.62, 100, 74232, 75
2026/07/28 17:14:44.869, 298.89, 100, 74232, 75
2026/07/28 17:14:45.906, 299.38, 100, 74232, 75
2026/07/28 17:14:46.943, 298.42, 100, 74232, 75
2026/07/28 17:14:47.981, 299.56, 100, 74232, 75
2026/07/28 17:14:49.017, 299.06, 100, 74232, 75
2026/07/28 17:14:50.055, 300.05, 100, 74232, 75
2026/07/28 17:14:51.094, 297.24, 100, 74232, 75
2026/07/28 17:14:52.131, 297.93, 100, 74232, 75
2026/07/28 17:14:53.171, 298.31, 100, 74232, 75
2026/07/28 17:14:54.209, 297.44, 100, 74232, 75
2026/07/28 17:14:55.246, 304.99, 100, 74232, 75
2026/07/28 17:14:56.283, 298.30, 100, 74232, 74
2026/07/28 17:14:57.319, 295.10, 100, 74232, 74
2026/07/28 17:14:58.357, 297.15, 100, 74232, 74
2026/07/28 17:14:59.394, 297.85, 100, 74232, 74
2026/07/28 17:15:00.435, 300.04, 100, 74232, 74
2026/07/28 17:15:01.472, 305.18, 100, 74232, 74
2026/07/28 17:15:02.509, 298.54, 100, 74232, 74
2026/07/28 17:15:03.547, 293.57, 100, 74232, 74
2026/07/28 17:15:04.584, 297.04, 100, 74232, 74
2026/07/28 17:15:05.621, 296.76, 100, 74232, 74
2026/07/28 17:15:06.658, 298.43, 100, 74232, 74
2026/07/28 17:15:07.696, 299.67, 100, 74232, 74
2026/07/28 17:15:08.733, 297.83, 100, 74232, 74
2026/07/28 17:15:09.769, 299.38, 100, 74232, 74
2026/07/28 17:15:10.805, 297.91, 100, 74232, 74
2026/07/28 17:15:11.843, 297.16, 100, 74232, 74
2026/07/28 17:15:12.880, 298.10, 100, 74232, 74
2026/07/28 17:15:13.918, 297.55, 100, 74232, 74
2026/07/28 17:15:14.955, 298.31, 100, 74232, 74
2026/07/28 17:15:15.993, 296.77, 100, 74232, 74
2026/07/28 17:15:17.030, 297.73, 100, 74232, 74
2026/07/28 17:15:18.067, 299.89, 100, 74232, 74
2026/07/28 17:15:19.105, 304.90, 100, 74232, 74
2026/07/28 17:15:20.142, 304.32, 100, 74232, 74
2026/07/28 17:15:21.180, 297.75, 100, 74232, 74
2026/07/28 17:15:22.217, 297.45, 100, 74232, 74
2026/07/28 17:15:23.254, 297.63, 100, 74232, 74
2026/07/28 17:15:24.291, 296.96, 100, 74232, 74
2026/07/28 17:15:25.329, 297.43, 100, 74232, 74
2026/07/28 17:15:26.365, 297.16, 100, 74232, 74
2026/07/28 17:15:27.404, 304.99, 100, 74232, 74
2026/07/28 17:15:28.441, 304.13, 100, 74232, 74
2026/07/28 17:15:29.478, 305.62, 100, 74232, 74
2026/07/28 17:15:30.516, 304.69, 100, 74232, 74
2026/07/28 17:15:31.554, 303.15, 100, 74232, 74
2026/07/28 17:15:32.594, 296.65, 100, 74232, 74
2026/07/28 17:15:33.631, 296.38, 100, 74232, 74
2026/07/28 17:15:34.667, 293.08, 100, 74232, 74
2026/07/28 17:15:35.705, 304.89, 100, 74232, 74
2026/07/28 17:15:36.742, 296.26, 100, 74232, 74
2026/07/28 17:15:37.780, 299.11, 100, 74232, 74
2026/07/28 17:15:38.817, 297.15, 100, 74232, 74
2026/07/28 17:15:39.858, 296.83, 100, 74232, 74
2026/07/28 17:15:40.896, 296.57, 100, 74232, 74
2026/07/28 17:15:41.933, 299.00, 100, 74232, 74
2026/07/28 17:15:42.971, 295.70, 100, 74232, 74
2026/07/28 17:15:44.008, 297.83, 100, 74232, 73
2026/07/28 17:15:45.046, 295.69, 100, 74232, 73
2026/07/28 17:15:46.083, 296.68, 100, 74232, 73
2026/07/28 17:15:47.120, 100.26, 0, 74232, 70
2026/07/28 17:15:48.157, 302.89, 100, 74232, 74
2026/07/28 17:15:49.193, 299.38, 100, 74232, 74
2026/07/28 17:15:50.229, 295.57, 100, 74232, 74
2026/07/28 17:15:51.265, 271.27, 100, 74232, 74
2026/07/28 17:15:52.301, 289.45, 100, 74232, 74
2026/07/28 17:15:53.336, 298.67, 100, 74232, 74
2026/07/28 17:15:54.373, 301.94, 100, 74232, 73
2026/07/28 17:15:55.410, 301.53, 100, 74232, 73
2026/07/28 17:15:56.447, 291.11, 100, 74232, 73
2026/07/28 17:15:57.485, 362.04, 0, 74232, 74
2026/07/28 17:15:58.520, 309.87, 100, 74232, 75
2026/07/28 17:15:59.556, 310.33, 100, 74232, 75
2026/07/28 17:16:00.592, 285.23, 100, 74232, 75
2026/07/28 17:16:01.627, 307.79, 100, 74232, 75
2026/07/28 17:16:02.665, 288.95, 100, 74232, 75
2026/07/28 17:16:03.700, 327.35, 100, 74232, 75
2026/07/28 17:16:04.736, 303.36, 100, 74232, 73
2026/07/28 17:16:05.779, 297.43, 100, 74232, 73
2026/07/28 17:16:06.822, 287.92, 100, 74232, 73
2026/07/28 17:16:07.863, 302.05, 100, 74232, 75
2026/07/28 17:16:08.898, 303.14, 100, 74232, 75
2026/07/28 17:16:09.936, 303.47, 100, 74232, 76
2026/07/28 17:16:10.972, 282.95, 100, 74232, 76
2026/07/28 17:16:12.007, 280.35, 100, 74232, 76
2026/07/28 17:16:13.049, 260.34, 100, 74232, 76
2026/07/28 17:16:14.085, 306.76, 100, 74232, 74
2026/07/28 17:16:15.124, 304.99, 100, 74232, 74
2026/07/28 17:16:16.161, 300.94, 100, 74232, 74
2026/07/28 17:16:17.200, 305.98, 100, 74232, 74
2026/07/28 17:16:18.238, 302.21, 100, 74232, 74
2026/07/28 17:16:19.278, 305.83, 100, 74232, 75
2026/07/28 17:16:20.315, 304.96, 100, 74232, 75
2026/07/28 17:16:21.353, 307.29, 100, 74232, 75
2026/07/28 17:16:22.391, 305.71, 100, 74232, 75
2026/07/28 17:16:23.428, 298.51, 100, 74232, 75
2026/07/28 17:16:24.465, 298.21, 100, 74232, 75
2026/07/28 17:16:25.508, 297.53, 100, 74232, 75
2026/07/28 17:16:26.545, 304.81, 100, 74232, 75
2026/07/28 17:16:27.583, 299.40, 100, 74232, 75
2026/07/28 17:16:28.621, 300.06, 100, 74232, 75
2026/07/28 17:16:29.662, 298.49, 100, 74232, 75
2026/07/28 17:16:30.699, 299.28, 100, 74232, 75
2026/07/28 17:16:31.737, 305.44, 100, 74232, 75
2026/07/28 17:16:32.777, 295.70, 100, 74232, 75
2026/07/28 17:16:33.815, 298.22, 100, 74232, 75
2026/07/28 17:16:34.856, 298.12, 100, 74232, 75
2026/07/28 17:16:35.898, 304.64, 100, 74232, 75
2026/07/28 17:16:36.935, 299.08, 100, 74232, 75
2026/07/28 17:16:37.972, 298.03, 100, 74232, 74
2026/07/28 17:16:39.009, 297.94, 100, 74232, 75
2026/07/28 17:16:40.046, 297.44, 100, 74232, 75
2026/07/28 17:16:41.084, 294.25, 100, 74232, 74
2026/07/28 17:16:42.121, 296.56, 100, 74232, 74
2026/07/28 17:16:43.161, 298.50, 100, 74232, 74
2026/07/28 17:16:44.198, 298.98, 100, 74232, 74
2026/07/28 17:16:45.235, 298.59, 100, 74232, 74
2026/07/28 17:16:46.272, 299.20, 100, 74232, 74
2026/07/28 17:16:47.309, 298.51, 100, 74232, 74
2026/07/28 17:16:48.348, 297.05, 100, 74232, 74
2026/07/28 17:16:49.385, 299.30, 100, 74232, 74
2026/07/28 17:16:50.424, 297.62, 100, 74232, 74
2026/07/28 17:16:51.462, 300.05, 100, 74232, 74
2026/07/28 17:16:52.499, 297.14, 100, 74232, 74
2026/07/28 17:16:53.538, 306.73, 100, 74232, 74
2026/07/28 17:16:54.574, 300.14, 100, 74232, 74
2026/07/28 17:16:55.612, 294.93, 100, 74232, 74
2026/07/28 17:16:56.650, 297.72, 100, 74232, 74
2026/07/28 17:16:57.689, 298.98, 100, 74232, 74
2026/07/28 17:16:58.727, 295.40, 100, 74232, 74
2026/07/28 17:16:59.767, 298.21, 100, 74232, 74
2026/07/28 17:17:00.806, 300.08, 100, 74232, 74
2026/07/28 17:17:01.846, 297.44, 100, 74232, 74
2026/07/28 17:17:02.883, 303.08, 100, 74232, 74
2026/07/28 17:17:03.921, 305.52, 100, 74232, 74
2026/07/28 17:17:04.959, 306.87, 100, 74232, 74
2026/07/28 17:17:05.999, 297.35, 100, 74232, 74
2026/07/28 17:17:07.037, 300.64, 100, 74232, 74
2026/07/28 17:17:08.075, 296.98, 100, 74232, 74
2026/07/28 17:17:09.112, 297.16, 100, 74232, 74
2026/07/28 17:17:10.150, 298.41, 100, 74232, 74
2026/07/28 17:17:11.188, 296.46, 100, 74232, 74
2026/07/28 17:17:12.226, 297.62, 100, 74232, 74
2026/07/28 17:17:13.264, 300.92, 100, 74232, 74
2026/07/28 17:17:14.302, 307.55, 100, 74232, 76
2026/07/28 17:17:15.338, 304.36, 100, 74232, 76
2026/07/28 17:17:16.376, 302.97, 100, 74232, 76
2026/07/28 17:17:17.412, 303.53, 100, 74232, 76
2026/07/28 17:17:18.446, 295.97, 100, 74232, 76
2026/07/28 17:17:19.481, 265.84, 100, 74232, 76
2026/07/28 17:17:20.523, 309.23, 100, 74232, 76
2026/07/28 17:17:21.559, 306.78, 100, 74232, 74
2026/07/28 17:17:22.603, 304.90, 100, 74232, 74
2026/07/28 17:17:23.641, 298.60, 100, 74232, 74
2026/07/28 17:17:24.678, 101.48, 0, 74232, 71
2026/07/28 17:17:25.711, 306.25, 100, 74232, 76
2026/07/28 17:17:26.747, 294.60, 100, 74232, 76
2026/07/28 17:17:27.784, 292.01, 100, 74232, 76
2026/07/28 17:17:28.821, 288.47, 100, 74232, 76
2026/07/28 17:17:29.859, 269.42, 100, 74232, 76
2026/07/28 17:17:30.894, 321.56, 100, 74232, 76
2026/07/28 17:17:31.929, 265.69, 100, 74232, 76
2026/07/28 17:17:32.965, 305.50, 100, 74232, 74
2026/07/28 17:17:34.002, 304.75, 100, 74232, 74
2026/07/28 17:17:35.040, 295.80, 90, 74232, 74
2026/07/28 17:17:36.073, 303.34, 100, 74232, 75
2026/07/28 17:17:37.109, 307.80, 100, 74232, 75
2026/07/28 17:17:38.147, 303.64, 100, 74232, 75
2026/07/28 17:17:39.184, 303.38, 100, 74232, 75
2026/07/28 17:17:40.221, 299.19, 100, 74232, 75
2026/07/28 17:17:41.258, 296.77, 100, 74232, 75
2026/07/28 17:17:42.296, 299.85, 100, 74232, 75
2026/07/28 17:17:43.333, 297.23, 100, 74232, 75
2026/07/28 17:17:44.370, 297.62, 100, 74232, 75
2026/07/28 17:17:45.408, 297.81, 100, 74232, 75
2026/07/28 17:17:46.444, 296.96, 100, 74232, 75
2026/07/28 17:17:47.482, 297.64, 100, 74232, 75
2026/07/28 17:17:48.520, 297.91, 100, 74232, 75
2026/07/28 17:17:49.557, 297.43, 100, 74232, 75
2026/07/28 17:17:50.598, 297.44, 100, 74232, 75
2026/07/28 17:17:51.634, 299.46, 100, 74232, 74
2026/07/28 17:17:52.671, 296.67, 100, 74232, 74
2026/07/28 17:17:53.709, 296.57, 100, 74232, 74
2026/07/28 17:17:54.747, 296.95, 100, 74232, 74
2026/07/28 17:17:55.785, 295.79, 100, 74232, 74
2026/07/28 17:17:56.822, 298.52, 100, 74232, 74
2026/07/28 17:17:57.861, 296.56, 100, 74232, 74
2026/07/28 17:17:58.898, 297.72, 100, 74232, 74
2026/07/28 17:17:59.937, 297.13, 100, 74232, 74
2026/07/28 17:18:00.974, 294.63, 100, 74232, 74
2026/07/28 17:18:02.013, 296.85, 100, 74232, 74
2026/07/28 17:18:03.051, 303.29, 100, 74232, 74
2026/07/28 17:18:04.091, 300.18, 100, 74232, 74
2026/07/28 17:18:05.129, 301.60, 100, 74232, 74
2026/07/28 17:18:06.166, 304.70, 100, 74232, 74
2026/07/28 17:18:07.206, 303.17, 100, 74232, 74
2026/07/28 17:18:08.244, 301.58, 100, 74232, 74
2026/07/28 17:18:09.284, 302.79, 100, 74232, 74
2026/07/28 17:18:10.324, 302.88, 100, 74232, 74
2026/07/28 17:18:11.361, 295.19, 100, 74232, 73
2026/07/28 17:18:12.400, 291.70, 100, 74232, 73
2026/07/28 17:18:13.438, 294.82, 100, 74232, 73
2026/07/28 17:18:14.476, 295.00, 100, 74232, 73
2026/07/28 17:18:15.521, 299.57, 100, 74232, 74
2026/07/28 17:18:16.559, 295.97, 100, 74232, 73
2026/07/28 17:18:17.596, 294.54, 100, 74232, 73
2026/07/28 17:18:18.636, 301.49, 100, 74232, 74
2026/07/28 17:18:19.674, 296.19, 100, 74232, 74
2026/07/28 17:18:20.710, 301.70, 100, 74232, 74
2026/07/28 17:18:21.747, 301.51, 100, 74232, 74
2026/07/28 17:18:22.789, 301.91, 100, 74232, 74
2026/07/28 17:18:23.828, 304.52, 100, 74232, 74
2026/07/28 17:18:24.867, 302.77, 100, 74232, 74
2026/07/28 17:18:25.905, 304.31, 100, 74232, 74
2026/07/28 17:18:26.942, 297.44, 100, 74232, 74
2026/07/28 17:18:27.980, 292.08, 100, 74232, 74
2026/07/28 17:18:29.018, 294.71, 100, 74232, 74
2026/07/28 17:18:30.055, 294.83, 100, 74232, 75
2026/07/28 17:18:31.091, 303.05, 100, 74232, 75
2026/07/28 17:18:32.125, 284.70, 100, 74232, 75
2026/07/28 17:18:33.160, 309.05, 100, 74232, 76
2026/07/28 17:18:34.196, 290.83, 100, 74232, 75
2026/07/28 17:18:35.232, 304.25, 100, 74232, 75
2026/07/28 17:18:36.273, 303.77, 100, 74232, 74
2026/07/28 17:18:37.310, 303.65, 100, 74232, 74
2026/07/28 17:18:38.351, 303.94, 100, 74232, 74
2026/07/28 17:18:39.388, 298.10, 100, 74232, 75
2026/07/28 17:18:40.433, 303.46, 100, 74232, 76
2026/07/28 17:18:41.467, 298.89, 100, 74232, 76
2026/07/28 17:18:42.505, 305.99, 100, 74232, 76
2026/07/28 17:18:43.540, 261.35, 100, 74232, 75
2026/07/28 17:18:44.576, 290.92, 100, 74232, 76
2026/07/28 17:18:45.612, 295.68, 100, 74232, 76
2026/07/28 17:18:46.649, 293.45, 100, 74232, 74
2026/07/28 17:18:47.686, 294.90, 100, 74232, 74
2026/07/28 17:18:48.724, 297.06, 100, 74232, 74
2026/07/28 17:18:49.763, 297.15, 100, 74232, 74
2026/07/28 17:18:50.802, 297.43, 100, 74232, 74
2026/07/28 17:18:51.840, 296.66, 100, 74232, 74
2026/07/28 17:18:52.877, 290.16, 100, 74232, 74
2026/07/28 17:18:53.916, 296.87, 100, 74232, 74
2026/07/28 17:18:54.953, 297.33, 100, 74232, 74
2026/07/28 17:18:55.990, 286.46, 100, 74232, 74
2026/07/28 17:18:57.028, 291.89, 100, 74232, 74
2026/07/28 17:18:58.067, 289.88, 100, 74232, 74
2026/07/28 17:18:59.104, 297.27, 100, 74232, 74
2026/07/28 17:19:00.141, 295.88, 100, 74232, 74
2026/07/28 17:19:01.180, 297.04, 100, 74232, 74
2026/07/28 17:19:02.218, 305.04, 100, 74232, 74
2026/07/28 17:19:03.257, 301.52, 100, 74232, 74
2026/07/28 17:19:04.297, 299.31, 100, 74232, 74
2026/07/28 17:19:05.334, 299.86, 100, 74232, 74
2026/07/28 17:19:06.370, 298.13, 100, 74232, 74
2026/07/28 17:19:07.411, 301.60, 100, 74232, 74
2026/07/28 17:19:08.447, 302.47, 100, 74232, 74
2026/07/28 17:19:09.484, 298.90, 100, 74232, 74
2026/07/28 17:19:10.522, 298.03, 100, 74232, 74
2026/07/28 17:19:11.559, 297.71, 100, 74232, 74
2026/07/28 17:19:12.600, 297.63, 100, 74232, 74
2026/07/28 17:19:13.638, 297.08, 100, 74232, 74
2026/07/28 17:19:14.676, 297.82, 100, 74232, 74
2026/07/28 17:19:15.716, 304.99, 100, 74232, 74
2026/07/28 17:19:16.753, 301.81, 100, 74232, 74
2026/07/28 17:19:17.792, 297.06, 100, 74232, 74
2026/07/28 17:19:18.830, 301.05, 100, 74232, 74
2026/07/28 17:19:19.869, 304.45, 100, 74232, 74
2026/07/28 17:19:20.907, 303.17, 100, 74232, 74
2026/07/28 17:19:21.945, 304.59, 100, 74232, 74
2026/07/28 17:19:22.985, 296.08, 100, 74232, 74
2026/07/28 17:19:24.022, 295.69, 100, 74232, 73
2026/07/28 17:19:25.061, 295.69, 100, 74232, 73
2026/07/28 17:19:26.100, 296.18, 100, 74232, 73
2026/07/28 17:19:27.139, 296.29, 100, 74232, 73
2026/07/28 17:19:28.177, 296.07, 100, 74232, 73
2026/07/28 17:19:29.214, 294.91, 100, 74232, 73
2026/07/28 17:19:30.252, 294.92, 100, 74232, 73
2026/07/28 17:19:31.290, 302.47, 100, 74232, 73
2026/07/28 17:19:32.328, 298.70, 100, 74232, 72
2026/07/28 17:19:33.368, 301.83, 100, 74232, 72
2026/07/28 17:19:34.405, 301.73, 100, 74232, 72
2026/07/28 17:19:35.443, 303.63, 100, 74232, 72
2026/07/28 17:19:36.481, 301.53, 100, 74232, 72
2026/07/28 17:19:37.518, 300.74, 100, 74232, 72
2026/07/28 17:19:38.556, 301.14, 100, 74232, 72
2026/07/28 17:19:39.593, 303.22, 100, 74232, 72
2026/07/28 17:19:40.630, 301.49, 100, 74232, 72
2026/07/28 17:19:41.668, 301.33, 100, 74232, 72
2026/07/28 17:19:42.706, 300.44, 100, 74232, 72
2026/07/28 17:19:43.744, 301.97, 100, 74232, 71
2026/07/28 17:19:44.782, 300.53, 100, 74232, 71
2026/07/28 17:19:45.819, 299.51, 100, 74232, 71
2026/07/28 17:19:46.857, 298.86, 100, 74232, 71
2026/07/28 17:19:47.896, 299.39, 100, 74232, 71
2026/07/28 17:19:48.934, 301.62, 100, 74232, 71
2026/07/28 17:19:49.972, 299.89, 100, 74232, 71
2026/07/28 17:19:51.010, 300.55, 100, 74232, 71
2026/07/28 17:19:52.047, 299.27, 100, 74232, 71
2026/07/28 17:19:53.085, 295.49, 100, 74232, 71
2026/07/28 17:19:54.124, 299.37, 100, 74232, 71
2026/07/28 17:19:55.161, 299.17, 100, 74232, 70
2026/07/28 17:19:56.198, 299.12, 100, 74232, 70
2026/07/28 17:19:57.236, 305.19, 100, 74232, 70
2026/07/28 17:19:58.274, 299.86, 100, 74232, 70
2026/07/28 17:19:59.311, 299.28, 100, 74232, 70
2026/07/28 17:20:00.349, 299.16, 100, 74232, 70
2026/07/28 17:20:01.386, 290.92, 100, 74232, 70
2026/07/28 17:20:02.423, 297.13, 100, 74232, 70
2026/07/28 17:20:03.463, 298.79, 100, 74232, 70
2026/07/28 17:20:04.500, 290.34, 100, 74232, 70
2026/07/28 17:20:05.538, 292.08, 100, 74232, 70
2026/07/28 17:20:06.576, 297.73, 100, 74232, 70
2026/07/28 17:20:07.614, 291.51, 100, 74232, 70
2026/07/28 17:20:08.651, 297.33, 100, 74232, 70
2026/07/28 17:20:09.689, 292.02, 100, 74232, 69
2026/07/28 17:20:10.726, 297.13, 100, 74232, 69
2026/07/28 17:20:11.765, 289.66, 100, 74232, 69
2026/07/28 17:20:12.802, 289.68, 100, 74232, 69
2026/07/28 17:20:13.840, 289.54, 100, 74232, 69
2026/07/28 17:20:14.878, 297.17, 100, 74232, 69
2026/07/28 17:20:15.915, 295.20, 100, 74232, 69
2026/07/28 17:20:16.954, 289.65, 100, 74232, 69
2026/07/28 17:20:17.995, 302.11, 100, 74232, 69
2026/07/28 17:20:19.033, 297.14, 100, 74232, 69
2026/07/28 17:20:20.071, 297.35, 100, 74232, 69
2026/07/28 17:20:21.115, 300.33, 100, 74232, 69
2026/07/28 17:20:22.153, 304.22, 100, 74232, 69
2026/07/28 17:20:23.192, 303.94, 100, 74232, 69
2026/07/28 17:20:24.229, 298.01, 100, 74232, 69
2026/07/28 17:20:25.266, 303.07, 100, 74232, 69
2026/07/28 17:20:26.304, 296.48, 100, 74232, 69
2026/07/28 17:20:27.342, 296.18, 100, 74232, 69
2026/07/28 17:20:28.379, 296.35, 100, 74232, 69
2026/07/28 17:20:29.416, 298.60, 100, 74232, 69
2026/07/28 17:20:30.452, 303.91, 100, 74232, 69
2026/07/28 17:20:31.490, 297.42, 100, 74232, 69
2026/07/28 17:20:32.528, 294.82, 100, 74232, 69
2026/07/28 17:20:33.566, 292.87, 100, 74232, 68
2026/07/28 17:20:34.604, 295.29, 100, 74232, 68
2026/07/28 17:20:35.641, 297.42, 100, 74232, 68
2026/07/28 17:20:36.678, 295.01, 100, 74232, 68
2026/07/28 17:20:37.714, 295.81, 100, 74232, 68
2026/07/28 17:20:38.752, 295.99, 100, 74232, 68
2026/07/28 17:20:39.788, 295.40, 100, 74232, 68
2026/07/28 17:20:40.828, 302.86, 100, 74232, 68
2026/07/28 17:20:41.865, 306.35, 100, 74232, 68
2026/07/28 17:20:42.907, 300.54, 100, 74232, 68
2026/07/28 17:20:43.945, 299.36, 100, 74232, 68
2026/07/28 17:20:44.984, 295.21, 100, 74232, 68
2026/07/28 17:20:46.028, 292.17, 100, 74232, 68
2026/07/28 17:20:47.067, 294.82, 100, 74232, 68
2026/07/28 17:20:48.104, 295.01, 100, 74232, 68
2026/07/28 17:20:49.144, 299.86, 100, 74232, 68
2026/07/28 17:20:50.181, 298.87, 100, 74232, 68
2026/07/28 17:20:51.219, 302.75, 100, 74232, 68
2026/07/28 17:20:52.255, 301.70, 100, 74232, 68
2026/07/28 17:20:53.294, 301.52, 100, 74232, 68
2026/07/28 17:20:54.331, 304.50, 100, 74232, 68
2026/07/28 17:20:55.371, 302.48, 100, 74232, 68
2026/07/28 17:20:56.408, 302.02, 100, 74232, 68
2026/07/28 17:20:57.447, 302.12, 100, 74232, 68
2026/07/28 17:20:58.485, 302.37, 100, 74232, 68
2026/07/28 17:20:59.523, 305.18, 100, 74232, 68
2026/07/28 17:21:00.560, 294.82, 100, 74232, 68
2026/07/28 17:21:01.600, 295.20, 100, 74232, 68
2026/07/28 17:21:02.637, 301.98, 100, 74232, 68
2026/07/28 17:21:03.674, 291.51, 100, 74232, 68
2026/07/28 17:21:04.714, 295.58, 100, 74232, 68
2026/07/28 17:21:05.752, 297.55, 100, 74232, 68
2026/07/28 17:21:06.791, 301.70, 100, 74232, 68
2026/07/28 17:21:07.828, 304.06, 100, 74232, 69
2026/07/28 17:21:08.865, 296.86, 100, 74232, 69
2026/07/28 17:21:09.902, 297.05, 100, 74232, 69
2026/07/28 17:21:10.940, 296.85, 100, 74232, 69
2026/07/28 17:21:11.980, 300.73, 100, 74232, 69
2026/07/28 17:21:13.018, 302.67, 100, 74232, 69
2026/07/28 17:21:14.056, 297.75, 100, 74232, 70
2026/07/28 17:21:15.095, 298.71, 100, 74232, 70
2026/07/28 17:21:16.132, 300.64, 100, 74232, 70
2026/07/28 17:21:17.170, 298.11, 100, 74232, 70
2026/07/28 17:21:18.208, 298.43, 100, 74232, 70
2026/07/28 17:21:19.251, 299.27, 100, 74232, 70
2026/07/28 17:21:20.290, 298.39, 100, 74232, 70
2026/07/28 17:21:21.327, 299.27, 100, 74232, 71
2026/07/28 17:21:22.366, 299.57, 100, 74232, 71
2026/07/28 17:21:23.404, 299.49, 100, 74232, 71
2026/07/28 17:21:24.441, 300.44, 100, 74232, 71
2026/07/28 17:21:25.482, 307.35, 100, 74232, 71
2026/07/28 17:21:26.520, 301.52, 100, 74232, 71
2026/07/28 17:21:27.558, 301.53, 100, 74232, 71
2026/07/28 17:21:28.596, 301.05, 100, 74232, 71
2026/07/28 17:21:29.634, 300.74, 100, 74232, 72
2026/07/28 17:21:30.672, 301.54, 100, 74232, 72
2026/07/28 17:21:31.709, 293.65, 100, 74232, 72
2026/07/28 17:21:32.747, 301.79, 100, 74232, 72
2026/07/28 17:21:33.784, 301.05, 100, 74232, 72
2026/07/28 17:21:34.821, 301.44, 100, 74232, 72
2026/07/28 17:21:35.860, 293.76, 100, 74232, 72
2026/07/28 17:21:36.896, 294.03, 100, 74232, 72
2026/07/28 17:21:37.933, 292.76, 100, 74232, 72
2026/07/28 17:21:38.969, 295.02, 100, 74232, 72
2026/07/28 17:21:40.006, 290.55, 100, 74232, 72
2026/07/28 17:21:41.043, 291.51, 100, 74232, 72
2026/07/28 17:21:42.080, 294.79, 100, 74232, 72
2026/07/28 17:21:43.119, 295.51, 100, 74232, 72
2026/07/28 17:21:44.156, 294.33, 100, 74232, 72
2026/07/28 17:21:45.194, 294.14, 100, 74232, 72
2026/07/28 17:21:46.232, 295.30, 100, 74232, 72
2026/07/28 17:21:47.269, 293.66, 100, 74232, 72
2026/07/28 17:21:48.307, 293.85, 100, 74232, 73
2026/07/28 17:21:49.344, 303.10, 100, 74232, 73
2026/07/28 17:21:50.382, 302.18, 100, 74232, 73
2026/07/28 17:21:51.419, 302.49, 100, 74232, 73
2026/07/28 17:21:52.456, 302.28, 100, 74232, 73
2026/07/28 17:21:53.493, 303.08, 100, 74232, 73
2026/07/28 17:21:54.530, 302.87, 100, 74232, 73
2026/07/28 17:21:55.568, 304.05, 100, 74232, 73
2026/07/28 17:21:56.605, 303.06, 100, 74232, 73
2026/07/28 17:21:57.645, 305.33, 100, 74232, 73
2026/07/28 17:21:58.683, 296.19, 100, 74232, 73
2026/07/28 17:21:59.722, 295.78, 100, 74232, 73
2026/07/28 17:22:00.759, 292.30, 100, 74232, 73
2026/07/28 17:22:01.797, 295.59, 100, 74232, 73
2026/07/28 17:22:02.835, 295.11, 100, 74232, 73
2026/07/28 17:22:03.874, 295.49, 100, 74232, 73
2026/07/28 17:22:04.911, 295.30, 100, 74232, 73
2026/07/28 17:22:05.950, 295.21, 100, 74232, 73
2026/07/28 17:22:06.987, 296.50, 100, 74232, 73
2026/07/28 17:22:08.023, 301.65, 100, 74232, 73
2026/07/28 17:22:09.066, 302.90, 100, 74232, 73
2026/07/28 17:22:10.103, 303.93, 100, 74232, 73
2026/07/28 17:22:11.141, 300.14, 100, 74232, 73
2026/07/28 17:22:12.178, 303.93, 100, 74232, 73
2026/07/28 17:22:13.215, 303.06, 100, 74232, 73
2026/07/28 17:22:14.252, 306.76, 100, 74232, 73
2026/07/28 17:22:15.290, 297.64, 100, 74232, 73
2026/07/28 17:22:16.327, 297.33, 100, 74232, 73
2026/07/28 17:22:17.365, 292.40, 100, 74232, 73
2026/07/28 17:22:18.402, 296.08, 100, 74232, 73
2026/07/28 17:22:19.441, 295.60, 100, 74232, 73
2026/07/28 17:22:20.480, 295.33, 100, 74232, 73
2026/07/28 17:22:21.518, 297.13, 100, 74232, 73
2026/07/28 17:22:22.554, 297.07, 100, 74232, 73
2026/07/28 17:22:23.591, 296.28, 100, 74232, 73
2026/07/28 17:22:24.629, 295.59, 100, 74232, 73
2026/07/28 17:22:25.667, 297.23, 100, 74232, 73
2026/07/28 17:22:26.707, 296.47, 100, 74232, 73
2026/07/28 17:22:27.744, 295.12, 100, 74232, 73
2026/07/28 17:22:28.789, 295.29, 100, 74232, 73
2026/07/28 17:22:29.827, 300.92, 100, 74232, 73
2026/07/28 17:22:30.864, 297.81, 100, 74232, 73
2026/07/28 17:22:31.901, 295.99, 100, 74232, 73
2026/07/28 17:22:32.938, 297.34, 100, 74232, 73
2026/07/28 17:22:33.975, 296.39, 100, 74232, 73
2026/07/28 17:22:35.013, 292.51, 100, 74232, 73
2026/07/28 17:22:36.049, 295.77, 100, 74232, 73
2026/07/28 17:22:37.087, 295.50, 100, 74232, 73
2026/07/28 17:22:38.124, 296.37, 100, 74232, 73
2026/07/28 17:22:39.165, 296.18, 100, 74232, 73
2026/07/28 17:22:40.203, 296.29, 100, 74232, 73
2026/07/28 17:22:41.240, 299.78, 100, 74232, 73
2026/07/28 17:22:42.280, 296.19, 100, 74232, 73
2026/07/28 17:22:43.317, 296.86, 100, 74232, 73
2026/07/28 17:22:44.356, 297.93, 100, 74232, 73
2026/07/28 17:22:45.394, 296.20, 100, 74232, 73
2026/07/28 17:22:46.431, 296.88, 100, 74232, 74
2026/07/28 17:22:47.470, 300.83, 100, 74232, 74
2026/07/28 17:22:48.506, 304.21, 100, 74232, 74
2026/07/28 17:22:49.543, 305.20, 100, 74232, 74
2026/07/28 17:22:50.580, 304.16, 100, 74232, 74
2026/07/28 17:22:51.617, 301.41, 100, 74232, 74
2026/07/28 17:22:52.655, 297.28, 100, 74232, 74
2026/07/28 17:22:53.693, 293.36, 100, 74232, 74
2026/07/28 17:22:54.733, 297.07, 100, 74232, 74
2026/07/28 17:22:55.770, 297.35, 100, 74232, 74
2026/07/28 17:22:56.810, 305.19, 100, 74232, 74
2026/07/28 17:22:57.850, 303.29, 100, 74232, 74
2026/07/28 17:22:58.889, 304.99, 100, 74232, 74
2026/07/28 17:22:59.926, 304.52, 100, 74232, 74
2026/07/28 17:23:00.966, 306.26, 100, 74232, 74
2026/07/28 17:23:02.003, 300.64, 100, 74232, 74
2026/07/28 17:23:03.040, 304.16, 100, 74232, 74
2026/07/28 17:23:04.077, 302.96, 100, 74232, 74
2026/07/28 17:23:05.115, 303.55, 100, 74232, 74
2026/07/28 17:23:06.151, 304.25, 100, 74232, 74
2026/07/28 17:23:07.191, 304.11, 100, 74232, 74
2026/07/28 17:23:08.229, 301.21, 100, 74232, 74
2026/07/28 17:23:09.278, 293.36, 100, 74232, 74
2026/07/28 17:23:10.317, 303.27, 100, 74232, 74
2026/07/28 17:23:11.354, 305.37, 100, 74232, 74
2026/07/28 17:23:12.394, 298.98, 100, 74232, 74
2026/07/28 17:23:13.431, 296.95, 100, 74232, 74
2026/07/28 17:23:14.470, 299.21, 100, 74232, 74
2026/07/28 17:23:15.508, 296.38, 100, 74232, 74
2026/07/28 17:23:16.545, 297.04, 100, 74232, 74
2026/07/28 17:23:17.582, 297.04, 100, 74232, 74
2026/07/28 17:23:18.619, 296.96, 100, 74232, 74
2026/07/28 17:23:19.656, 300.74, 100, 74232, 74
2026/07/28 17:23:20.696, 298.23, 100, 74232, 74
2026/07/28 17:23:21.733, 296.77, 100, 74232, 74
2026/07/28 17:23:22.771, 296.65, 100, 74232, 74
2026/07/28 17:23:23.808, 297.91, 100, 74232, 74
2026/07/28 17:23:24.844, 296.87, 100, 74232, 74
2026/07/28 17:23:25.887, 298.14, 100, 74232, 74
2026/07/28 17:23:26.924, 304.32, 100, 74232, 74
2026/07/28 17:23:27.959, 296.85, 100, 74232, 74
2026/07/28 17:23:28.997, 299.95, 100, 74232, 74
2026/07/28 17:23:30.035, 306.92, 100, 74232, 74
2026/07/28 17:23:31.073, 301.40, 100, 74232, 74
2026/07/28 17:23:32.112, 305.68, 100, 74232, 74
2026/07/28 17:23:33.151, 298.22, 100, 74232, 74
2026/07/28 17:23:34.189, 300.05, 100, 74232, 74
2026/07/28 17:23:35.227, 307.31, 100, 74232, 74
2026/07/28 17:23:36.265, 298.42, 100, 74232, 74
2026/07/28 17:23:37.302, 293.17, 100, 74232, 74
2026/07/28 17:23:38.341, 299.78, 100, 74232, 74
2026/07/28 17:23:39.378, 103.06, 0, 74232, 71
2026/07/28 17:23:40.413, 294.62, 100, 74232, 75
2026/07/28 17:23:41.448, 291.15, 100, 74232, 75
2026/07/28 17:23:42.484, 292.60, 100, 74232, 75
2026/07/28 17:23:43.519, 282.04, 100, 74232, 75
2026/07/28 17:23:44.553, 295.22, 100, 74232, 75
2026/07/28 17:23:45.588, 309.15, 100, 74232, 75
2026/07/28 17:23:46.623, 303.74, 100, 74232, 74
2026/07/28 17:23:47.660, 304.91, 100, 74232, 74
2026/07/28 17:23:48.697, 304.12, 100, 74232, 74
2026/07/28 17:23:49.733, 302.39, 100, 74232, 74
2026/07/28 17:23:50.770, 305.28, 100, 74232, 74
2026/07/28 17:23:51.807, 307.38, 100, 74232, 74
2026/07/28 17:23:52.845, 304.23, 100, 74232, 74
2026/07/28 17:23:53.883, 304.25, 100, 74232, 74
2026/07/28 17:23:54.923, 304.40, 100, 74232, 74
2026/07/28 17:23:55.960, 305.40, 100, 74232, 74
2026/07/28 17:23:56.996, 306.48, 100, 74232, 74
2026/07/28 17:23:58.033, 301.02, 100, 74232, 74
2026/07/28 17:23:59.071, 298.73, 100, 74232, 74
2026/07/28 17:24:00.108, 305.49, 100, 74232, 74
2026/07/28 17:24:01.146, 308.30, 100, 74232, 74
2026/07/28 17:24:02.183, 301.22, 100, 74232, 74
2026/07/28 17:24:03.219, 304.90, 100, 74232, 74
2026/07/28 17:24:04.256, 297.32, 100, 74232, 74
2026/07/28 17:24:05.293, 302.38, 100, 74232, 74
2026/07/28 17:24:06.333, 305.58, 100, 74232, 74
2026/07/28 17:24:07.370, 297.45, 100, 74232, 74
2026/07/28 17:24:08.408, 306.83, 100, 74232, 74
2026/07/28 17:24:09.455, 304.24, 100, 74232, 74
2026/07/28 17:24:10.493, 306.35, 100, 74232, 74
2026/07/28 17:24:11.530, 296.46, 100, 74232, 74
2026/07/28 17:24:12.569, 297.25, 100, 74232, 74
2026/07/28 17:24:13.606, 298.32, 100, 74232, 74
2026/07/28 17:24:14.644, 299.57, 100, 74232, 74
2026/07/28 17:24:15.680, 295.90, 100, 74232, 74
2026/07/28 17:24:16.718, 296.75, 100, 74232, 74
2026/07/28 17:24:17.754, 298.60, 100, 74232, 74
2026/07/28 17:24:18.793, 296.38, 100, 74232, 74
2026/07/28 17:24:19.831, 297.24, 100, 74232, 74
2026/07/28 17:24:20.869, 296.58, 100, 74232, 74
2026/07/28 17:24:21.906, 297.38, 100, 74232, 74
2026/07/28 17:24:22.943, 296.00, 100, 74232, 74
2026/07/28 17:24:23.982, 297.84, 100, 74232, 74
2026/07/28 17:24:25.019, 296.97, 100, 74232, 74
2026/07/28 17:24:26.059, 303.56, 100, 74232, 74
2026/07/28 17:24:27.097, 298.31, 100, 74232, 74
2026/07/28 17:24:28.134, 297.83, 100, 74232, 74
2026/07/28 17:24:29.173, 298.01, 100, 74232, 74
2026/07/28 17:24:30.209, 296.98, 100, 74232, 74
2026/07/28 17:24:31.247, 296.29, 100, 74232, 74
2026/07/28 17:24:32.284, 297.64, 100, 74232, 74
2026/07/28 17:24:33.321, 299.96, 100, 74232, 74
2026/07/28 17:24:34.360, 297.26, 100, 74232, 74
2026/07/28 17:24:35.397, 305.00, 100, 74232, 74
2026/07/28 17:24:36.435, 305.77, 100, 74232, 74
2026/07/28 17:24:37.471, 304.26, 100, 74232, 74
2026/07/28 17:24:38.509, 304.74, 100, 74232, 74
2026/07/28 17:24:39.546, 305.62, 100, 74232, 74
2026/07/28 17:24:40.584, 305.04, 100, 74232, 74
2026/07/28 17:24:41.621, 305.12, 100, 74232, 74
2026/07/28 17:24:42.659, 303.84, 100, 74232, 74
2026/07/28 17:24:43.697, 297.43, 100, 74232, 74
2026/07/28 17:24:44.737, 293.17, 100, 74232, 74
2026/07/28 17:24:45.775, 296.98, 100, 74232, 74
2026/07/28 17:24:46.813, 297.34, 100, 74232, 74
2026/07/28 17:24:47.850, 296.57, 100, 74232, 74
2026/07/28 17:24:48.890, 296.87, 100, 74232, 74
2026/07/28 17:24:49.930, 303.34, 100, 74232, 74
2026/07/28 17:24:50.967, 304.61, 100, 74232, 74
2026/07/28 17:24:52.004, 304.93, 100, 74232, 74
2026/07/28 17:24:53.041, 298.09, 100, 74232, 74
2026/07/28 17:24:54.079, 304.22, 100, 74232, 74
2026/07/28 17:24:55.128, 304.26, 100, 74232, 74
2026/07/28 17:24:56.165, 299.47, 100, 74232, 74
2026/07/28 17:24:57.203, 297.74, 100, 74232, 74
2026/07/28 17:24:58.241, 299.67, 100, 74232, 74
2026/07/28 17:24:59.278, 293.15, 100, 74232, 74
2026/07/28 17:25:00.315, 298.02, 100, 74232, 74
2026/07/28 17:25:01.352, 297.26, 100, 74232, 74
2026/07/28 17:25:02.390, 296.67, 100, 74232, 74
2026/07/28 17:25:03.426, 300.55, 100, 74232, 74
2026/07/28 17:25:04.465, 300.65, 100, 74232, 74
2026/07/28 17:25:05.502, 296.97, 100, 74232, 74
2026/07/28 17:25:06.539, 293.36, 100, 74232, 74
2026/07/28 17:25:07.577, 297.34, 100, 74232, 74
2026/07/28 17:25:08.614, 296.57, 100, 74232, 74
2026/07/28 17:25:09.653, 296.57, 100, 74232, 74
2026/07/28 17:25:10.690, 300.24, 100, 74232, 74
2026/07/28 17:25:11.727, 300.17, 100, 74232, 74
2026/07/28 17:25:12.765, 297.33, 100, 74232, 74
2026/07/28 17:25:13.803, 292.69, 100, 74232, 74
2026/07/28 17:25:14.841, 298.64, 100, 74232, 74
2026/07/28 17:25:15.878, 300.84, 100, 74232, 74
2026/07/28 17:25:16.916, 305.09, 100, 74232, 74
2026/07/28 17:25:17.957, 305.18, 100, 74232, 74
2026/07/28 17:25:18.996, 304.06, 100, 74232, 74
2026/07/28 17:25:20.033, 297.74, 100, 74232, 74
2026/07/28 17:25:21.077, 297.73, 100, 74232, 74
2026/07/28 17:25:22.115, 293.94, 100, 74232, 74
2026/07/28 17:25:23.152, 297.92, 100, 74232, 74
2026/07/28 17:25:24.188, 294.14, 100, 74232, 74
2026/07/28 17:25:25.225, 299.39, 100, 74232, 74
2026/07/28 17:25:26.262, 296.75, 100, 74232, 74
2026/07/28 17:25:27.300, 293.94, 100, 74232, 74
2026/07/28 17:25:28.341, 293.39, 100, 74232, 74
2026/07/28 17:25:29.379, 296.76, 100, 74232, 74
2026/07/28 17:25:30.418, 297.26, 100, 74232, 74
2026/07/28 17:25:31.458, 297.43, 100, 74232, 74
2026/07/28 17:25:32.495, 297.52, 100, 74232, 74
2026/07/28 17:25:33.532, 297.05, 100, 74232, 74
2026/07/28 17:25:34.570, 297.54, 100, 74232, 74
2026/07/28 17:25:35.608, 297.23, 100, 74232, 74
2026/07/28 17:25:36.646, 296.68, 100, 74232, 74
2026/07/28 17:25:37.682, 296.98, 100, 74232, 74
2026/07/28 17:25:38.721, 301.32, 100, 74232, 74
2026/07/28 17:25:39.759, 297.35, 100, 74232, 74
2026/07/28 17:25:40.798, 297.94, 100, 74232, 74
2026/07/28 17:25:41.834, 303.87, 100, 74232, 74
2026/07/28 17:25:42.872, 304.32, 100, 74232, 74
2026/07/28 17:25:43.910, 304.42, 100, 74232, 74
2026/07/28 17:25:44.948, 304.55, 100, 74232, 74
2026/07/28 17:25:45.986, 304.75, 100, 74232, 74
2026/07/28 17:25:47.024, 304.60, 100, 74232, 74
2026/07/28 17:25:48.063, 300.58, 100, 74232, 74
2026/07/28 17:25:49.100, 298.91, 100, 74232, 74
2026/07/28 17:25:50.138, 297.25, 100, 74232, 74
2026/07/28 17:25:51.178, 297.32, 100, 74232, 74
2026/07/28 17:25:52.216, 293.07, 100, 74232, 74
2026/07/28 17:25:53.255, 296.37, 100, 74232, 74
2026/07/28 17:25:54.292, 301.12, 100, 74232, 74
2026/07/28 17:25:55.328, 296.69, 100, 74232, 74
2026/07/28 17:25:56.364, 297.92, 100, 74232, 74
2026/07/28 17:25:57.401, 296.87, 100, 74232, 74
2026/07/28 17:25:58.437, 308.19, 100, 74232, 74
2026/07/28 17:25:59.476, 304.92, 100, 74232, 74
2026/07/28 17:26:00.513, 305.29, 100, 74232, 74
2026/07/28 17:26:01.551, 305.20, 100, 74232, 74
2026/07/28 17:26:02.589, 306.55, 100, 74232, 74
2026/07/28 17:26:03.624, 304.45, 100, 74232, 74
2026/07/28 17:26:04.662, 301.50, 100, 74232, 74
2026/07/28 17:26:05.699, 297.45, 100, 74232, 74
2026/07/28 17:26:06.737, 300.93, 100, 74232, 74
2026/07/28 17:26:07.774, 294.23, 100, 74232, 74
2026/07/28 17:26:08.810, 297.24, 100, 74232, 74
2026/07/28 17:26:09.847, 297.25, 100, 74232, 74
2026/07/28 17:26:10.884, 306.49, 100, 74232, 74
2026/07/28 17:26:11.921, 294.42, 100, 74232, 74
2026/07/28 17:26:12.957, 296.55, 100, 74232, 74
2026/07/28 17:26:13.994, 297.04, 100, 74232, 74
2026/07/28 17:26:15.031, 297.74, 100, 74232, 74
2026/07/28 17:26:16.069, 298.15, 100, 74232, 74
2026/07/28 17:26:17.107, 297.13, 100, 74232, 74
2026/07/28 17:26:18.145, 299.38, 100, 74232, 74
2026/07/28 17:26:19.185, 298.02, 100, 74232, 74
2026/07/28 17:26:20.222, 297.72, 100, 74232, 74
2026/07/28 17:26:21.259, 297.83, 100, 74232, 74
2026/07/28 17:26:22.296, 301.14, 100, 74232, 74
2026/07/28 17:26:23.333, 307.61, 100, 74232, 74
2026/07/28 17:26:24.377, 304.15, 100, 74232, 74
2026/07/28 17:26:25.414, 300.95, 100, 74232, 74
2026/07/28 17:26:26.450, 298.13, 100, 74232, 74
2026/07/28 17:26:27.486, 299.96, 100, 74232, 74
2026/07/28 17:26:28.525, 296.78, 100, 74232, 74
2026/07/28 17:26:29.562, 304.33, 100, 74232, 74
2026/07/28 17:26:30.601, 304.90, 100, 74232, 74
2026/07/28 17:26:31.638, 294.71, 100, 74232, 74
2026/07/28 17:26:32.677, 296.96, 100, 74232, 74
2026/07/28 17:26:33.712, 297.25, 100, 74232, 74
2026/07/28 17:26:34.751, 297.82, 100, 74232, 74
2026/07/28 17:26:35.787, 297.06, 100, 74232, 74
2026/07/28 17:26:36.826, 301.12, 100, 74232, 74
2026/07/28 17:26:37.863, 296.96, 100, 74232, 74
2026/07/28 17:26:38.902, 300.55, 100, 74232, 74
2026/07/28 17:26:39.942, 302.18, 100, 74232, 74
2026/07/28 17:26:40.979, 300.76, 100, 74232, 74
2026/07/28 17:26:42.016, 300.45, 100, 74232, 74
2026/07/28 17:26:43.053, 304.70, 100, 74232, 74
2026/07/28 17:26:44.091, 304.69, 100, 74232, 74
2026/07/28 17:26:45.130, 304.70, 100, 74232, 73
2026/07/28 17:26:46.167, 304.08, 100, 74232, 73
2026/07/28 17:26:47.206, 303.94, 100, 74232, 73
2026/07/28 17:26:48.243, 296.94, 100, 74232, 73
2026/07/28 17:26:49.282, 292.11, 100, 74232, 73
2026/07/28 17:26:50.320, 296.08, 100, 74232, 73
2026/07/28 17:26:51.358, 298.79, 100, 74232, 73
2026/07/28 17:26:52.396, 296.87, 100, 74232, 73
2026/07/28 17:26:53.432, 295.78, 100, 74232, 73
2026/07/28 17:26:54.471, 297.64, 100, 74232, 73
2026/07/28 17:26:55.509, 296.48, 100, 74232, 73
2026/07/28 17:26:56.545, 296.27, 100, 74232, 73
2026/07/28 17:26:57.583, 292.30, 100, 74232, 73
2026/07/28 17:26:58.621, 296.18, 100, 74232, 73
2026/07/28 17:26:59.658, 296.88, 100, 74232, 73
2026/07/28 17:27:00.696, 295.89, 100, 74232, 73
2026/07/28 17:27:01.732, 296.26, 100, 74232, 73
2026/07/28 17:27:02.768, 297.06, 100, 74232, 73
2026/07/28 17:27:03.805, 302.60, 100, 74232, 73
2026/07/28 17:27:04.842, 303.65, 100, 74232, 73
2026/07/28 17:27:05.880, 304.07, 100, 74232, 73
2026/07/28 17:27:06.918, 306.86, 100, 74232, 73
2026/07/28 17:27:07.955, 305.28, 100, 74232, 73
2026/07/28 17:27:08.994, 303.76, 100, 74232, 73
2026/07/28 17:27:10.031, 304.37, 100, 74232, 73
2026/07/28 17:27:11.068, 303.36, 100, 74232, 73
2026/07/28 17:27:12.106, 303.68, 100, 74232, 73
2026/07/28 17:27:13.143, 303.75, 100, 74232, 73
2026/07/28 17:27:14.182, 303.08, 100, 74232, 73
2026/07/28 17:27:15.220, 296.38, 100, 74232, 73
2026/07/28 17:27:16.257, 295.89, 100, 74232, 73
2026/07/28 17:27:17.295, 296.29, 100, 74232, 73
2026/07/28 17:27:18.332, 295.02, 100, 74232, 73
2026/07/28 17:27:19.371, 296.17, 100, 74232, 73
2026/07/28 17:27:20.407, 295.10, 100, 74232, 73
2026/07/28 17:27:21.444, 294.74, 100, 74232, 73
2026/07/28 17:27:22.481, 295.19, 100, 74232, 73
2026/07/28 17:27:23.518, 294.93, 100, 74232, 73
2026/07/28 17:27:24.555, 295.49, 100, 74232, 73
2026/07/28 17:27:25.593, 296.67, 100, 74232, 72
2026/07/28 17:27:26.631, 294.61, 100, 74232, 72
2026/07/28 17:27:27.667, 301.51, 100, 74232, 72
2026/07/28 17:27:28.704, 303.69, 100, 74232, 73
2026/07/28 17:27:29.742, 301.73, 100, 74232, 73
2026/07/28 17:27:30.779, 302.58, 100, 74232, 73
2026/07/28 17:27:31.815, 302.91, 100, 74232, 73
2026/07/28 17:27:32.852, 302.07, 100, 74232, 72
2026/07/28 17:27:33.890, 298.62, 100, 74232, 72
2026/07/28 17:27:34.929, 302.71, 100, 74232, 72
2026/07/28 17:27:35.966, 301.92, 100, 74232, 72
2026/07/28 17:27:37.006, 304.45, 100, 74232, 72
2026/07/28 17:27:38.042, 296.74, 100, 74232, 72
2026/07/28 17:27:39.079, 302.59, 100, 74232, 72
2026/07/28 17:27:40.115, 295.69, 100, 74232, 72
2026/07/28 17:27:41.152, 296.17, 100, 74232, 72
2026/07/28 17:27:42.189, 295.61, 100, 74232, 72
2026/07/28 17:27:43.227, 293.95, 100, 74232, 72
2026/07/28 17:27:44.265, 296.94, 100, 74232, 72
2026/07/28 17:27:45.303, 291.54, 100, 74232, 72
2026/07/28 17:27:46.342, 295.61, 100, 74232, 72
2026/07/28 17:27:47.380, 295.97, 100, 74232, 72
2026/07/28 17:27:48.417, 291.12, 100, 74232, 72
2026/07/28 17:27:49.454, 294.72, 100, 74232, 72
2026/07/28 17:27:50.491, 291.12, 100, 74232, 72
2026/07/28 17:27:51.528, 301.61, 100, 74232, 72
2026/07/28 17:27:52.566, 301.30, 100, 74232, 72
2026/07/28 17:27:53.605, 301.61, 100, 74232, 72
2026/07/28 17:27:54.643, 298.52, 100, 74232, 72
2026/07/28 17:27:55.680, 299.09, 100, 74232, 72
2026/07/28 17:27:56.717, 295.20, 100, 74232, 72
2026/07/28 17:27:57.755, 298.12, 100, 74232, 72
2026/07/28 17:27:58.792, 293.95, 100, 74232, 72
2026/07/28 17:27:59.830, 294.33, 100, 74232, 72
2026/07/28 17:28:00.866, 293.57, 100, 74232, 72
2026/07/28 17:28:01.906, 297.17, 100, 74232, 72
2026/07/28 17:28:02.943, 303.31, 100, 74232, 72
2026/07/28 17:28:03.981, 298.30, 100, 74232, 72
2026/07/28 17:28:05.018, 300.85, 100, 74232, 72
2026/07/28 17:28:06.055, 303.17, 100, 74232, 72
2026/07/28 17:28:07.093, 301.50, 100, 74232, 72
2026/07/28 17:28:08.130, 297.13, 100, 74232, 71
2026/07/28 17:28:09.167, 300.23, 100, 74232, 71
2026/07/28 17:28:10.205, 301.11, 100, 74232, 71
2026/07/28 17:28:11.245, 300.93, 100, 74232, 71
2026/07/28 17:28:12.283, 301.96, 100, 74232, 71
2026/07/28 17:28:13.321, 300.05, 100, 74232, 71
2026/07/28 17:28:14.359, 301.02, 100, 74232, 71
2026/07/28 17:28:15.396, 302.60, 100, 74232, 71
2026/07/28 17:28:16.434, 300.56, 100, 74232, 71
2026/07/28 17:28:17.472, 300.08, 100, 74232, 71
2026/07/28 17:28:18.509, 301.79, 100, 74232, 71
2026/07/28 17:28:19.547, 299.95, 100, 74232, 71
2026/07/28 17:28:20.584, 300.16, 100, 74232, 71
2026/07/28 17:28:21.622, 299.85, 100, 74232, 71
2026/07/28 17:28:22.660, 299.47, 100, 74232, 71
2026/07/28 17:28:23.699, 297.54, 100, 74232, 71
2026/07/28 17:28:24.737, 299.48, 100, 74232, 71
2026/07/28 17:28:25.776, 299.65, 100, 74232, 71
2026/07/28 17:28:26.814, 299.89, 100, 74232, 71
2026/07/28 17:28:27.852, 300.03, 100, 74232, 71
2026/07/28 17:28:28.889, 299.37, 100, 74232, 71
2026/07/28 17:28:29.927, 302.51, 100, 74232, 71
2026/07/28 17:28:30.965, 299.17, 100, 74232, 71
2026/07/28 17:28:32.003, 301.22, 100, 74232, 71
2026/07/28 17:28:33.040, 299.57, 100, 74232, 71
2026/07/28 17:28:34.077, 299.58, 100, 74232, 71
2026/07/28 17:28:35.115, 299.48, 100, 74232, 71
2026/07/28 17:28:36.153, 299.49, 100, 74232, 71
2026/07/28 17:28:37.190, 299.47, 100, 74232, 70
2026/07/28 17:28:38.228, 299.28, 100, 74232, 70
2026/07/28 17:28:39.265, 303.15, 100, 74232, 70
2026/07/28 17:28:40.301, 95.47, 0, 74232, 67
2026/07/28 17:28:41.334, 290.64, 100, 74232, 71
2026/07/28 17:28:42.369, 293.15, 100, 74232, 71
2026/07/28 17:28:43.404, 275.95, 100, 74232, 71
2026/07/28 17:28:44.440, 277.66, 100, 74232, 72
2026/07/28 17:28:45.475, 303.67, 100, 74232, 72
2026/07/28 17:28:46.509, 313.91, 100, 74232, 72
2026/07/28 17:28:47.544, 305.31, 100, 74232, 70
2026/07/28 17:28:48.581, 295.02, 100, 74232, 70
2026/07/28 17:28:49.619, 299.77, 100, 74232, 71
2026/07/28 17:28:50.658, 295.01, 100, 74232, 71
2026/07/28 17:28:51.696, 300.25, 100, 74232, 71
2026/07/28 17:28:52.735, 299.77, 100, 74232, 71
2026/07/28 17:28:53.773, 299.77, 100, 74232, 71
2026/07/28 17:28:54.810, 301.31, 100, 74232, 71
2026/07/28 17:28:55.847, 302.68, 100, 74232, 71
2026/07/28 17:28:56.886, 301.52, 100, 74232, 72
2026/07/28 17:28:57.923, 303.56, 100, 74232, 72
2026/07/28 17:28:58.960, 300.85, 100, 74232, 72
2026/07/28 17:29:00.000, 303.55, 100, 74232, 72
2026/07/28 17:29:01.038, 300.93, 100, 74232, 72
2026/07/28 17:29:02.076, 301.55, 100, 74232, 72
2026/07/28 17:29:03.113, 300.54, 100, 74232, 72
2026/07/28 17:29:04.151, 301.12, 100, 74232, 72
2026/07/28 17:29:05.190, 302.39, 100, 74232, 72
2026/07/28 17:29:06.228, 294.12, 100, 74232, 72
2026/07/28 17:29:07.266, 290.84, 100, 74232, 72
2026/07/28 17:29:08.304, 290.74, 100, 74232, 72
2026/07/28 17:29:09.342, 294.74, 100, 74232, 72
2026/07/28 17:29:10.380, 294.93, 100, 74232, 72
2026/07/28 17:29:11.418, 294.62, 100, 74232, 72
2026/07/28 17:29:12.455, 294.62, 100, 74232, 73
2026/07/28 17:29:13.493, 295.67, 100, 74232, 73
2026/07/28 17:29:14.532, 295.89, 100, 74232, 73
2026/07/28 17:29:15.575, 302.99, 100, 74232, 73
2026/07/28 17:29:16.614, 301.99, 100, 74232, 73
2026/07/28 17:29:17.653, 299.00, 100, 74232, 73
2026/07/28 17:29:18.691, 304.62, 100, 74232, 73
2026/07/28 17:29:19.729, 302.00, 100, 74232, 73
2026/07/28 17:29:20.767, 303.92, 100, 74232, 73
2026/07/28 17:29:21.805, 303.26, 100, 74232, 73
2026/07/28 17:29:22.842, 303.59, 100, 74232, 73
2026/07/28 17:29:23.879, 302.72, 100, 74232, 73
2026/07/28 17:29:24.917, 297.84, 100, 74232, 73
2026/07/28 17:29:25.954, 295.49, 100, 74232, 73
2026/07/28 17:29:26.993, 296.86, 100, 74232, 73
2026/07/28 17:29:28.031, 295.70, 100, 74232, 73
2026/07/28 17:29:29.068, 295.20, 100, 74232, 73
2026/07/28 17:29:30.106, 295.02, 100, 74232, 73
2026/07/28 17:29:31.144, 297.90, 100, 74232, 73
2026/07/28 17:29:32.184, 292.01, 100, 74232, 73
2026/07/28 17:29:33.221, 295.60, 100, 74232, 73
2026/07/28 17:29:34.258, 296.38, 100, 74232, 73
2026/07/28 17:29:35.296, 297.71, 100, 74232, 73
2026/07/28 17:29:36.334, 296.17, 100, 74232, 73
2026/07/28 17:29:37.371, 295.60, 100, 74232, 73
2026/07/28 17:29:38.410, 300.16, 100, 74232, 73
2026/07/28 17:29:39.447, 299.55, 100, 74232, 73
2026/07/28 17:29:40.484, 302.99, 100, 74232, 73
2026/07/28 17:29:41.521, 304.14, 100, 74232, 73
2026/07/28 17:29:42.559, 303.67, 100, 74232, 73
2026/07/28 17:29:43.596, 303.26, 100, 74232, 74
2026/07/28 17:29:44.637, 300.38, 100, 74232, 73
2026/07/28 17:29:45.675, 301.23, 100, 74232, 73
2026/07/28 17:29:46.716, 297.27, 100, 74232, 73
2026/07/28 17:29:47.757, 296.08, 100, 74232, 73
2026/07/28 17:29:48.796, 297.24, 100, 74232, 73
2026/07/28 17:29:49.833, 304.34, 100, 74232, 73
2026/07/28 17:29:50.871, 296.86, 100, 74232, 73
2026/07/28 17:29:51.911, 295.81, 100, 74232, 73
2026/07/28 17:29:52.950, 298.79, 100, 74232, 74
2026/07/28 17:29:53.987, 293.56, 100, 74232, 73
2026/07/28 17:29:55.024, 293.56, 100, 74232, 73
2026/07/28 17:29:56.064, 296.38, 100, 74232, 74
2026/07/28 17:29:57.101, 296.86, 100, 74232, 73
2026/07/28 17:29:58.143, 299.89, 100, 74232, 74
2026/07/28 17:29:59.181, 300.63, 100, 74232, 74
2026/07/28 17:30:00.219, 300.83, 100, 74232, 74
2026/07/28 17:30:01.255, 303.65, 100, 74232, 74
2026/07/28 17:30:02.292, 303.24, 100, 74232, 74
2026/07/28 17:30:03.329, 303.74, 100, 74232, 73
2026/07/28 17:30:04.368, 296.68, 100, 74232, 73
2026/07/28 17:30:05.405, 295.40, 100, 74232, 73
2026/07/28 17:30:06.444, 298.30, 100, 74232, 73
2026/07/28 17:30:07.481, 297.07, 100, 74232, 74
2026/07/28 17:30:08.520, 296.98, 100, 74232, 73
2026/07/28 17:30:09.559, 296.47, 100, 74232, 73
2026/07/28 17:30:10.597, 297.54, 100, 74232, 74
2026/07/28 17:30:11.635, 296.97, 100, 74232, 73
2026/07/28 17:30:12.671, 298.03, 100, 74232, 74
2026/07/28 17:30:13.709, 296.47, 100, 74232, 74
2026/07/28 17:30:14.746, 294.92, 100, 74232, 73
2026/07/28 17:30:15.789, 296.39, 100, 74232, 73
2026/07/28 17:30:16.825, 297.67, 100, 74232, 73
2026/07/28 17:30:17.865, 296.19, 100, 74232, 74
2026/07/28 17:30:18.905, 296.39, 100, 74232, 73
2026/07/28 17:30:19.943, 296.96, 100, 74232, 74
2026/07/28 17:30:20.984, 298.03, 100, 74232, 74
2026/07/28 17:30:22.024, 296.57, 100, 74232, 74
2026/07/28 17:30:23.060, 303.39, 100, 74232, 74
2026/07/28 17:30:24.100, 297.17, 100, 74232, 74
2026/07/28 17:30:25.138, 304.50, 100, 74232, 74
2026/07/28 17:30:26.176, 298.91, 100, 74232, 74
2026/07/28 17:30:27.214, 293.66, 100, 74232, 74
2026/07/28 17:30:28.251, 297.33, 100, 74232, 74
2026/07/28 17:30:29.288, 296.21, 100, 74232, 74
2026/07/28 17:30:30.325, 297.03, 100, 74232, 74
2026/07/28 17:30:31.363, 297.25, 100, 74232, 74
2026/07/28 17:30:32.399, 296.76, 100, 74232, 74
2026/07/28 17:30:33.439, 296.67, 100, 74232, 74
2026/07/28 17:30:34.476, 296.67, 100, 74232, 74
2026/07/28 17:30:35.515, 303.63, 100, 74232, 74
2026/07/28 17:30:36.552, 297.06, 100, 74232, 74
2026/07/28 17:30:37.590, 299.77, 100, 74232, 74
2026/07/28 17:30:38.631, 297.17, 100, 74232, 74
2026/07/28 17:30:39.668, 296.67, 100, 74232, 74
2026/07/28 17:30:40.705, 296.74, 100, 74232, 74
2026/07/28 17:30:41.745, 296.65, 100, 74232, 74
2026/07/28 17:30:42.782, 304.53, 100, 74232, 74
2026/07/28 17:30:43.820, 296.68, 100, 74232, 74
2026/07/28 17:30:44.858, 296.85, 100, 74232, 74
2026/07/28 17:30:45.895, 297.74, 100, 74232, 74
2026/07/28 17:30:46.932, 308.44, 100, 74232, 74
2026/07/28 17:30:47.968, 301.12, 100, 74232, 74
2026/07/28 17:30:49.006, 305.80, 100, 74232, 74
2026/07/28 17:30:50.042, 296.47, 100, 74232, 74
2026/07/28 17:30:51.080, 294.42, 100, 74232, 74
2026/07/28 17:30:52.118, 292.97, 100, 74232, 74
2026/07/28 17:30:53.156, 297.46, 100, 74232, 74
2026/07/28 17:30:54.194, 296.28, 100, 74232, 74
2026/07/28 17:30:55.232, 296.38, 100, 74232, 74
2026/07/28 17:30:56.270, 304.22, 100, 74232, 74
2026/07/28 17:30:57.309, 303.05, 100, 74232, 74
2026/07/28 17:30:58.347, 299.87, 100, 74232, 74
2026/07/28 17:30:59.385, 303.45, 100, 74232, 74
2026/07/28 17:31:00.422, 305.19, 100, 74232, 74
2026/07/28 17:31:01.460, 304.64, 100, 74232, 74
2026/07/28 17:31:02.498, 304.11, 100, 74232, 74
2026/07/28 17:31:03.538, 298.62, 100, 74232, 74
2026/07/28 17:31:04.576, 298.11, 100, 74232, 74
2026/07/28 17:31:05.614, 303.35, 100, 74232, 74
2026/07/28 17:31:06.651, 297.07, 100, 74232, 74
2026/07/28 17:31:07.689, 293.46, 100, 74232, 74
2026/07/28 17:31:08.729, 297.43, 100, 74232, 74
2026/07/28 17:31:09.767, 299.97, 100, 74232, 74
2026/07/28 17:31:10.804, 298.52, 100, 74232, 74
2026/07/28 17:31:11.842, 296.85, 100, 74232, 74
2026/07/28 17:31:12.880, 304.51, 100, 74232, 74
2026/07/28 17:31:13.918, 301.11, 100, 74232, 74
2026/07/28 17:31:14.956, 297.54, 100, 74232, 74
2026/07/28 17:31:15.994, 292.39, 100, 74232, 74
2026/07/28 17:31:17.033, 297.16, 100, 74232, 74
2026/07/28 17:31:18.071, 296.66, 100, 74232, 74
2026/07/28 17:31:19.108, 296.57, 100, 74232, 74
2026/07/28 17:31:20.149, 296.86, 100, 74232, 74
2026/07/28 17:31:21.186, 297.33, 100, 74232, 74
2026/07/28 17:31:22.223, 296.65, 100, 74232, 74
2026/07/28 17:31:23.260, 305.18, 100, 74232, 74
2026/07/28 17:31:24.297, 298.99, 100, 74232, 74
2026/07/28 17:31:25.337, 295.69, 100, 74232, 74
2026/07/28 17:31:26.374, 296.75, 100, 74232, 74
2026/07/28 17:31:27.412, 296.77, 100, 74232, 74
2026/07/28 17:31:28.450, 296.88, 100, 74232, 74
2026/07/28 17:31:29.488, 305.18, 100, 74232, 74
2026/07/28 17:31:30.526, 300.62, 100, 74232, 74
2026/07/28 17:31:31.565, 304.80, 100, 74232, 74
2026/07/28 17:31:32.603, 304.84, 100, 74232, 74
2026/07/28 17:31:33.640, 297.55, 100, 74232, 74
2026/07/28 17:31:34.678, 304.84, 100, 74232, 74
2026/07/28 17:31:35.715, 300.64, 100, 74232, 74
2026/07/28 17:31:36.752, 299.67, 100, 74232, 74
2026/07/28 17:31:37.789, 299.38, 100, 74232, 74
2026/07/28 17:31:38.827, 299.00, 100, 74232, 74
2026/07/28 17:31:39.866, 296.57, 100, 74232, 74
2026/07/28 17:31:40.906, 297.52, 100, 74232, 74
2026/07/28 17:31:41.944, 302.01, 100, 74232, 74
2026/07/28 17:31:42.982, 300.74, 100, 74232, 74
2026/07/28 17:31:44.021, 296.85, 100, 74232, 74
2026/07/28 17:31:45.060, 297.34, 100, 74232, 74
2026/07/28 17:31:46.098, 297.56, 100, 74232, 74
2026/07/28 17:31:47.136, 300.63, 100, 74232, 74
2026/07/28 17:31:48.173, 301.16, 100, 74232, 74
2026/07/28 17:31:49.210, 301.64, 100, 74232, 74
2026/07/28 17:31:50.256, 299.76, 100, 74232, 74
2026/07/28 17:31:51.294, 297.34, 100, 74232, 74
2026/07/28 17:31:52.331, 296.38, 100, 74232, 74
2026/07/28 17:31:53.375, 297.18, 100, 74232, 74
2026/07/28 17:31:54.413, 300.76, 100, 74232, 74
2026/07/28 17:31:55.451, 305.31, 100, 74232, 74
2026/07/28 17:31:56.489, 300.14, 100, 74232, 74
2026/07/28 17:31:57.527, 300.95, 100, 74232, 74
2026/07/28 17:31:58.563, 305.87, 100, 74232, 74
2026/07/28 17:31:59.600, 301.42, 100, 74232, 74
2026/07/28 17:32:00.638, 304.20, 100, 74232, 74
2026/07/28 17:32:01.677, 297.25, 100, 74232, 74
2026/07/28 17:32:02.714, 293.65, 100, 74232, 74
2026/07/28 17:32:03.758, 297.64, 100, 74232, 74
2026/07/28 17:32:04.795, 297.74, 100, 74232, 74
2026/07/28 17:32:05.831, 299.19, 100, 74232, 74
2026/07/28 17:32:06.872, 294.51, 100, 74232, 74
2026/07/28 17:32:07.913, 297.07, 100, 74232, 74
2026/07/28 17:32:08.950, 296.19, 100, 74232, 74
2026/07/28 17:32:09.988, 296.58, 100, 74232, 74
2026/07/28 17:32:11.028, 300.92, 100, 74232, 74
2026/07/28 17:32:12.066, 297.62, 100, 74232, 74
2026/07/28 17:32:13.103, 298.22, 100, 74232, 74
2026/07/28 17:32:14.140, 297.35, 100, 74232, 74
2026/07/28 17:32:15.178, 296.86, 100, 74232, 74
2026/07/28 17:32:16.218, 296.85, 100, 74232, 74
2026/07/28 17:32:17.256, 296.68, 100, 74232, 74
2026/07/28 17:32:18.294, 297.26, 100, 74232, 74
2026/07/28 17:32:19.333, 296.94, 100, 74232, 74
2026/07/28 17:32:20.370, 294.34, 100, 74232, 74
2026/07/28 17:32:21.411, 298.98, 100, 74232, 74
2026/07/28 17:32:22.449, 303.47, 100, 74232, 74
2026/07/28 17:32:23.486, 297.62, 100, 74232, 74
2026/07/28 17:32:24.525, 297.82, 100, 74232, 74
2026/07/28 17:32:25.564, 297.51, 100, 74232, 74
2026/07/28 17:32:26.602, 297.13, 100, 74232, 74
2026/07/28 17:32:27.640, 296.68, 100, 74232, 74
2026/07/28 17:32:28.677, 293.09, 100, 74232, 74
2026/07/28 17:32:29.718, 296.87, 100, 74232, 74
2026/07/28 17:32:30.755, 304.23, 100, 74232, 74
2026/07/28 17:32:31.792, 305.03, 100, 74232, 74
2026/07/28 17:32:32.829, 305.58, 100, 74232, 74
2026/07/28 17:32:33.869, 298.02, 100, 74232, 74
2026/07/28 17:32:34.906, 296.19, 100, 74232, 74
2026/07/28 17:32:35.944, 297.44, 100, 74232, 73
2026/07/28 17:32:36.981, 302.11, 100, 74232, 73
2026/07/28 17:32:38.021, 304.50, 100, 74232, 73
2026/07/28 17:32:39.058, 304.62, 100, 74232, 73
2026/07/28 17:32:40.095, 305.22, 100, 74232, 73
2026/07/28 17:32:41.132, 297.34, 100, 74232, 73
2026/07/28 17:32:42.171, 295.60, 100, 74232, 73
2026/07/28 17:32:43.209, 297.92, 100, 74232, 73
2026/07/28 17:32:44.247, 295.29, 100, 74232, 73
2026/07/28 17:32:45.288, 300.14, 100, 74232, 73
2026/07/28 17:32:46.327, 302.87, 100, 74232, 73
2026/07/28 17:32:47.363, 302.91, 100, 74232, 73
2026/07/28 17:32:48.402, 305.52, 100, 74232, 73
2026/07/28 17:32:49.441, 301.41, 100, 74232, 72
2026/07/28 17:32:50.479, 301.83, 100, 74232, 72
2026/07/28 17:32:51.518, 302.32, 100, 74232, 72
2026/07/28 17:32:52.556, 301.51, 100, 74232, 72
2026/07/28 17:32:53.593, 298.04, 100, 74232, 72
2026/07/28 17:32:54.631, 298.41, 100, 74232, 72
2026/07/28 17:32:55.668, 301.77, 100, 74232, 72
2026/07/28 17:32:56.703, 302.02, 100, 74232, 72
2026/07/28 17:32:57.741, 297.46, 100, 74232, 72
2026/07/28 17:32:58.779, 291.99, 100, 74232, 72
2026/07/28 17:32:59.817, 291.22, 100, 74232, 72
2026/07/28 17:33:00.854, 300.75, 100, 74232, 72
2026/07/28 17:33:01.894, 302.30, 100, 74232, 72
2026/07/28 17:33:02.933, 301.79, 100, 74232, 72
2026/07/28 17:33:03.970, 293.56, 100, 74232, 72
2026/07/28 17:33:05.008, 298.98, 100, 74232, 72
2026/07/28 17:33:06.045, 294.53, 100, 74232, 72
2026/07/28 17:33:07.082, 294.33, 100, 74232, 72
2026/07/28 17:33:08.120, 296.77, 100, 74232, 72
2026/07/28 17:33:09.159, 301.42, 100, 74232, 72
2026/07/28 17:33:10.196, 301.10, 100, 74232, 72
2026/07/28 17:33:11.233, 301.04, 100, 74232, 72
2026/07/28 17:33:12.269, 303.38, 100, 74232, 72
2026/07/28 17:33:13.307, 301.02, 100, 74232, 72
2026/07/28 17:33:14.344, 302.37, 100, 74232, 72
2026/07/28 17:33:15.382, 302.10, 100, 74232, 72
2026/07/28 17:33:16.419, 295.11, 100, 74232, 72
2026/07/28 17:33:17.458, 295.49, 100, 74232, 72
2026/07/28 17:33:18.496, 290.05, 100, 74232, 72
2026/07/28 17:33:19.543, 290.25, 100, 74232, 72
2026/07/28 17:33:20.580, 299.18, 100, 74232, 72
2026/07/28 17:33:21.617, 301.03, 100, 74232, 72
2026/07/28 17:33:22.657, 303.77, 100, 74232, 72
2026/07/28 17:33:23.694, 303.23, 100, 74232, 72
2026/07/28 17:33:24.731, 301.12, 100, 74232, 72
2026/07/28 17:33:25.768, 300.44, 100, 74232, 72
2026/07/28 17:33:26.805, 301.92, 100, 74232, 72
2026/07/28 17:33:27.842, 301.60, 100, 74232, 72
2026/07/28 17:33:28.878, 302.38, 100, 74232, 72
2026/07/28 17:33:29.918, 301.99, 100, 74232, 72
2026/07/28 17:33:30.954, 301.34, 100, 74232, 72
2026/07/28 17:33:31.990, 303.43, 100, 74232, 72
2026/07/28 17:33:33.028, 294.71, 100, 74232, 72
2026/07/28 17:33:34.064, 293.55, 100, 74232, 72
2026/07/28 17:33:35.103, 294.45, 100, 74232, 71
2026/07/28 17:33:36.140, 289.29, 100, 74232, 71
2026/07/28 17:33:37.181, 294.22, 100, 74232, 71
2026/07/28 17:33:38.218, 291.33, 100, 74232, 71
2026/07/28 17:33:39.255, 294.22, 100, 74232, 71
2026/07/28 17:33:40.293, 293.55, 100, 74232, 71
2026/07/28 17:33:41.330, 96.91, 0, 74232, 68
2026/07/28 17:33:42.363, 96.56, 0, 74232, 67
2026/07/28 17:33:43.394, 94.54, 0, 74232, 67
2026/07/28 17:33:44.425, 93.69, 0, 74232, 66
2026/07/28 17:33:45.457, 94.24, 0, 74232, 65
2026/07/28 17:33:46.488, 92.26, 0, 74232, 65
2026/07/28 17:33:47.520, 91.28, 0, 74232, 65
2026/07/28 17:33:48.553, 130.50, 0, 74232, 68
2026/07/28 17:33:49.587, 297.94, 100, 74232, 69
2026/07/28 17:33:50.621, 306.79, 100, 74232, 70
2026/07/28 17:33:51.660, 297.81, 100, 74232, 70
2026/07/28 17:33:52.695, 286.84, 100, 74232, 70
2026/07/28 17:33:53.729, 277.09, 100, 74232, 70
2026/07/28 17:33:54.765, 308.76, 100, 74232, 71
2026/07/28 17:33:55.804, 305.21, 100, 74232, 69
2026/07/28 17:33:56.842, 303.95, 100, 74232, 69
2026/07/28 17:33:57.879, 304.61, 100, 74232, 70
2026/07/28 17:33:58.918, 304.04, 100, 74232, 70
2026/07/28 17:33:59.955, 301.23, 100, 74232, 70
2026/07/28 17:34:00.992, 301.12, 100, 74232, 70
2026/07/28 17:34:02.029, 305.10, 100, 74232, 70
2026/07/28 17:34:03.067, 306.74, 100, 74232, 71
2026/07/28 17:34:04.104, 308.39, 100, 74232, 71
2026/07/28 17:34:05.143, 305.58, 100, 74232, 71
2026/07/28 17:34:06.180, 299.69, 100, 74232, 71
2026/07/28 17:34:07.219, 301.15, 100, 74232, 71
2026/07/28 17:34:08.258, 300.06, 100, 74232, 71
2026/07/28 17:34:09.296, 301.71, 100, 74232, 71
2026/07/28 17:34:10.334, 300.73, 100, 74232, 71
2026/07/28 17:34:11.371, 302.19, 100, 74232, 71
2026/07/28 17:34:12.409, 293.95, 100, 74232, 71
2026/07/28 17:34:13.447, 293.07, 100, 74232, 72
2026/07/28 17:34:14.486, 293.94, 100, 74232, 72
2026/07/28 17:34:15.524, 292.58, 100, 74232, 72
2026/07/28 17:34:16.562, 293.48, 100, 74232, 72
2026/07/28 17:34:17.601, 295.58, 100, 74232, 72
2026/07/28 17:34:18.640, 293.97, 100, 74232, 72
2026/07/28 17:34:19.684, 292.97, 100, 74232, 72
2026/07/28 17:34:20.722, 300.35, 100, 74232, 72
2026/07/28 17:34:21.759, 304.54, 100, 74232, 72
2026/07/28 17:34:22.797, 302.13, 100, 74232, 72
2026/07/28 17:34:23.834, 300.34, 100, 74232, 72
2026/07/28 17:34:24.874, 290.73, 100, 74232, 72
2026/07/28 17:34:25.912, 291.41, 100, 74232, 72
2026/07/28 17:34:26.950, 293.36, 100, 74232, 73
2026/07/28 17:34:27.988, 294.14, 100, 74232, 73
2026/07/28 17:34:29.025, 303.88, 100, 74232, 73
2026/07/28 17:34:30.064, 295.97, 100, 74232, 73
2026/07/28 17:34:31.101, 302.48, 100, 74232, 73
2026/07/28 17:34:32.138, 302.42, 100, 74232, 73
2026/07/28 17:34:33.176, 303.45, 100, 74232, 73
2026/07/28 17:34:34.213, 302.58, 100, 74232, 73
2026/07/28 17:34:35.251, 301.70, 100, 74232, 73
2026/07/28 17:34:36.288, 302.18, 100, 74232, 73
2026/07/28 17:34:37.326, 296.18, 100, 74232, 73
2026/07/28 17:34:38.363, 294.93, 100, 74232, 73
2026/07/28 17:34:39.402, 295.80, 100, 74232, 73
2026/07/28 17:34:40.440, 297.43, 100, 74232, 73
2026/07/28 17:34:41.477, 295.59, 100, 74232, 73
2026/07/28 17:34:42.514, 296.00, 100, 74232, 73
2026/07/28 17:34:43.553, 297.54, 100, 74232, 73
2026/07/28 17:34:44.590, 304.71, 100, 74232, 73
2026/07/28 17:34:45.630, 303.07, 100, 74232, 73
2026/07/28 17:34:46.667, 295.98, 100, 74232, 73
2026/07/28 17:34:47.705, 304.21, 100, 74232, 74
2026/07/28 17:34:48.743, 304.14, 100, 74232, 74
2026/07/28 17:34:49.781, 303.67, 100, 74232, 74
2026/07/28 17:34:50.819, 293.94, 100, 74232, 73
2026/07/28 17:34:51.857, 295.61, 100, 74232, 74
2026/07/28 17:34:52.896, 295.89, 100, 74232, 74
2026/07/28 17:34:53.934, 296.57, 100, 74232, 74
2026/07/28 17:34:54.971, 296.26, 100, 74232, 74
2026/07/28 17:34:56.009, 298.62, 100, 74232, 74
2026/07/28 17:34:57.046, 300.15, 100, 74232, 74
2026/07/28 17:34:58.084, 304.03, 100, 74232, 74
2026/07/28 17:34:59.121, 303.94, 100, 74232, 74
2026/07/28 17:35:00.166, 297.45, 100, 74232, 74
2026/07/28 17:35:01.205, 296.75, 100, 74232, 74
2026/07/28 17:35:02.242, 299.11, 100, 74232, 74
2026/07/28 17:35:03.279, 296.29, 100, 74232, 74
2026/07/28 17:35:04.316, 297.72, 100, 74232, 74
2026/07/28 17:35:05.353, 296.97, 100, 74232, 74
2026/07/28 17:35:06.389, 297.75, 100, 74232, 74
2026/07/28 17:35:07.427, 296.38, 100, 74232, 74
2026/07/28 17:35:08.465, 299.50, 100, 74232, 74
2026/07/28 17:35:09.503, 296.67, 100, 74232, 74
2026/07/28 17:35:10.541, 301.05, 100, 74232, 74
2026/07/28 17:35:11.578, 300.14, 100, 74232, 74
2026/07/28 17:35:12.618, 296.36, 100, 74232, 74
2026/07/28 17:35:13.655, 296.68, 100, 74232, 74
2026/07/28 17:35:14.693, 296.67, 100, 74232, 74
2026/07/28 17:35:15.732, 300.67, 100, 74232, 74
2026/07/28 17:35:16.770, 292.96, 100, 74232, 74
2026/07/28 17:35:17.808, 297.62, 100, 74232, 74
2026/07/28 17:35:18.845, 298.09, 100, 74232, 74
2026/07/28 17:35:19.882, 296.65, 100, 74232, 74
2026/07/28 17:35:20.922, 297.24, 100, 74232, 74
2026/07/28 17:35:21.961, 296.19, 100, 74232, 74
2026/07/28 17:35:23.001, 301.04, 100, 74232, 74
2026/07/28 17:35:24.039, 297.74, 100, 74232, 74
2026/07/28 17:35:25.077, 297.74, 100, 74232, 74
2026/07/28 17:35:26.115, 296.65, 100, 74232, 74
2026/07/28 17:35:27.153, 303.67, 100, 74232, 74
2026/07/28 17:35:28.190, 302.29, 100, 74232, 74
2026/07/28 17:35:29.231, 302.67, 100, 74232, 74
2026/07/28 17:35:30.269, 304.83, 100, 74232, 74
2026/07/28 17:35:31.306, 305.88, 100, 74232, 74
2026/07/28 17:35:32.345, 301.23, 100, 74232, 74
2026/07/28 17:35:33.382, 304.79, 100, 74232, 74
2026/07/28 17:35:34.421, 299.01, 100, 74232, 74
2026/07/28 17:35:35.460, 298.13, 100, 74232, 74
2026/07/28 17:35:36.498, 297.35, 100, 74232, 74
2026/07/28 17:35:37.536, 294.72, 100, 74232, 74
2026/07/28 17:35:38.574, 297.73, 100, 74232, 74
2026/07/28 17:35:39.611, 307.02, 100, 74232, 74
2026/07/28 17:35:40.649, 305.51, 100, 74232, 74
2026/07/28 17:35:41.686, 305.68, 100, 74232, 74
2026/07/28 17:35:42.725, 304.23, 100, 74232, 74
2026/07/28 17:35:43.766, 301.39, 100, 74232, 74
2026/07/28 17:35:44.806, 297.84, 100, 74232, 74
2026/07/28 17:35:45.843, 305.31, 100, 74232, 74
2026/07/28 17:35:46.881, 304.71, 100, 74232, 74
2026/07/28 17:35:47.919, 304.61, 100, 74232, 74
2026/07/28 17:35:48.956, 295.79, 100, 74232, 74
2026/07/28 17:35:49.994, 304.99, 100, 74232, 74
2026/07/28 17:35:51.032, 299.95, 100, 74232, 74
2026/07/28 17:35:52.070, 297.36, 100, 74232, 74
2026/07/28 17:35:53.108, 297.44, 100, 74232, 74
2026/07/28 17:35:54.152, 301.21, 100, 74232, 74
2026/07/28 17:35:55.191, 297.55, 100, 74232, 74
2026/07/28 17:35:56.229, 297.33, 100, 74232, 74
2026/07/28 17:35:57.268, 297.23, 100, 74232, 74
2026/07/28 17:35:58.306, 299.47, 100, 74232, 74
2026/07/28 17:35:59.343, 297.55, 100, 74232, 74
2026/07/28 17:36:00.380, 296.76, 100, 74232, 74
2026/07/28 17:36:01.418, 297.44, 100, 74232, 74
2026/07/28 17:36:02.459, 297.84, 100, 74232, 74
2026/07/28 17:36:03.496, 298.72, 100, 74232, 74
2026/07/28 17:36:04.535, 295.11, 100, 74232, 74
2026/07/28 17:36:05.574, 297.64, 100, 74232, 74
2026/07/28 17:36:06.611, 298.79, 100, 74232, 74
2026/07/28 17:36:07.648, 298.80, 100, 74232, 74
2026/07/28 17:36:08.686, 299.00, 100, 74232, 74
2026/07/28 17:36:09.723, 298.33, 100, 74232, 74
2026/07/28 17:36:10.762, 303.46, 100, 74232, 74
2026/07/28 17:36:11.800, 298.30, 100, 74232, 74
2026/07/28 17:36:12.837, 294.43, 100, 74232, 74
2026/07/28 17:36:13.875, 297.85, 100, 74232, 74
2026/07/28 17:36:14.914, 298.60, 100, 74232, 74
2026/07/28 17:36:15.953, 297.95, 100, 74232, 74
2026/07/28 17:36:16.990, 298.31, 100, 74232, 74
2026/07/28 17:36:18.029, 297.36, 100, 74232, 74
2026/07/28 17:36:19.067, 298.13, 100, 74232, 74
2026/07/28 17:36:20.105, 295.00, 100, 74232, 74
2026/07/28 17:36:21.143, 298.21, 100, 74232, 74
2026/07/28 17:36:22.180, 297.62, 100, 74232, 74
2026/07/28 17:36:23.217, 304.61, 100, 74232, 74
2026/07/28 17:36:24.261, 304.90, 100, 74232, 74
2026/07/28 17:36:25.298, 294.92, 100, 74232, 74
2026/07/28 17:36:26.335, 301.14, 100, 74232, 74
2026/07/28 17:36:27.372, 294.04, 100, 74232, 74
2026/07/28 17:36:28.408, 305.49, 100, 74232, 74
2026/07/28 17:36:29.449, 298.62, 100, 74232, 74
2026/07/28 17:36:30.489, 294.45, 100, 74232, 74
2026/07/28 17:36:31.525, 297.75, 100, 74232, 74
2026/07/28 17:36:32.564, 297.73, 100, 74232, 74
2026/07/28 17:36:33.601, 298.70, 100, 74232, 74
2026/07/28 17:36:34.638, 301.70, 100, 74232, 74
2026/07/28 17:36:35.677, 299.07, 100, 74232, 74
2026/07/28 17:36:36.715, 297.84, 100, 74232, 74
2026/07/28 17:36:37.760, 294.61, 100, 74232, 74
2026/07/28 17:36:38.797, 297.53, 100, 74232, 74
2026/07/28 17:36:39.835, 298.21, 100, 74232, 74
2026/07/28 17:36:40.873, 297.93, 100, 74232, 74
2026/07/28 17:36:41.910, 304.13, 100, 74232, 74
2026/07/28 17:36:42.949, 298.32, 100, 74232, 74
2026/07/28 17:36:43.987, 297.04, 100, 74232, 74
2026/07/28 17:36:45.025, 303.55, 100, 74232, 74
2026/07/28 17:36:46.062, 305.23, 100, 74232, 74
2026/07/28 17:36:47.101, 300.71, 100, 74232, 74
2026/07/28 17:36:48.138, 298.41, 100, 74232, 74
2026/07/28 17:36:49.177, 298.03, 100, 74232, 74
2026/07/28 17:36:50.215, 294.54, 100, 74232, 74
2026/07/28 17:36:51.252, 298.79, 100, 74232, 74
2026/07/28 17:36:52.289, 301.64, 100, 74232, 74
2026/07/28 17:36:53.327, 298.23, 100, 74232, 74
2026/07/28 17:36:54.364, 307.11, 100, 74232, 74
2026/07/28 17:36:55.402, 298.79, 100, 74232, 74
2026/07/28 17:36:56.440, 298.32, 100, 74232, 74
2026/07/28 17:36:57.477, 298.32, 100, 74232, 74
2026/07/28 17:36:58.514, 298.68, 100, 74232, 74
2026/07/28 17:36:59.553, 298.51, 100, 74232, 74
2026/07/28 17:37:00.593, 298.00, 100, 74232, 74
2026/07/28 17:37:01.629, 293.94, 100, 74232, 74
2026/07/28 17:37:02.668, 305.49, 100, 74232, 74
2026/07/28 17:37:03.706, 297.65, 100, 74232, 74
2026/07/28 17:37:04.745, 308.15, 100, 74232, 74
2026/07/28 17:37:05.782, 305.28, 100, 74232, 74
2026/07/28 17:37:06.820, 301.22, 100, 74232, 74
2026/07/28 17:37:07.859, 294.44, 100, 74232, 74
2026/07/28 17:37:08.896, 297.34, 100, 74232, 74
2026/07/28 17:37:09.937, 297.84, 100, 74232, 74
2026/07/28 17:37:10.975, 297.93, 100, 74232, 74
2026/07/28 17:37:12.012, 303.93, 100, 74232, 74
2026/07/28 17:37:13.049, 305.49, 100, 74232, 74
2026/07/28 17:37:14.086, 297.35, 100, 74232, 74
2026/07/28 17:37:15.124, 305.86, 100, 74232, 74
2026/07/28 17:37:16.164, 301.42, 100, 74232, 74
2026/07/28 17:37:17.201, 294.03, 100, 74232, 74
2026/07/28 17:37:18.240, 298.92, 100, 74232, 74
2026/07/28 17:37:19.278, 294.04, 100, 74232, 74
2026/07/28 17:37:20.316, 297.05, 100, 74232, 74
2026/07/28 17:37:21.355, 298.22, 100, 74232, 74
2026/07/28 17:37:22.392, 297.35, 100, 74232, 74
2026/07/28 17:37:23.431, 298.70, 100, 74232, 74
2026/07/28 17:37:24.469, 298.77, 100, 74232, 74
2026/07/28 17:37:25.506, 297.83, 100, 74232, 74
2026/07/28 17:37:26.544, 298.99, 100, 74232, 74
2026/07/28 17:37:27.583, 298.70, 100, 74232, 74
2026/07/28 17:37:28.619, 298.62, 100, 74232, 74
2026/07/28 17:37:29.656, 297.63, 100, 74232, 74
2026/07/28 17:37:30.694, 304.35, 100, 74232, 74
2026/07/28 17:37:31.731, 305.39, 100, 74232, 74
2026/07/28 17:37:32.772, 301.02, 100, 74232, 74
2026/07/28 17:37:33.812, 298.11, 100, 74232, 74
2026/07/28 17:37:34.849, 298.14, 100, 74232, 74
2026/07/28 17:37:35.886, 297.53, 100, 74232, 74
2026/07/28 17:37:36.923, 298.21, 100, 74232, 74
2026/07/28 17:37:37.961, 298.52, 100, 74232, 74
2026/07/28 17:37:38.999, 299.08, 100, 74232, 74
2026/07/28 17:37:40.035, 297.92, 100, 74232, 74
2026/07/28 17:37:41.071, 297.63, 100, 74232, 74
2026/07/28 17:37:42.108, 300.05, 100, 74232, 74
2026/07/28 17:37:43.146, 298.33, 100, 74232, 74
2026/07/28 17:37:44.184, 297.83, 100, 74232, 74
2026/07/28 17:37:45.222, 295.00, 100, 74232, 74
2026/07/28 17:37:46.260, 298.02, 100, 74232, 74
2026/07/28 17:37:47.296, 300.07, 100, 74232, 74
2026/07/28 17:37:48.333, 297.84, 100, 74232, 74
2026/07/28 17:37:49.370, 300.93, 100, 74232, 74
2026/07/28 17:37:50.407, 297.63, 100, 74232, 74
2026/07/28 17:37:51.446, 297.95, 100, 74232, 74
2026/07/28 17:37:52.483, 299.06, 100, 74232, 74
2026/07/28 17:37:53.521, 297.28, 100, 74232, 74
2026/07/28 17:37:54.558, 297.05, 100, 74232, 74
2026/07/28 17:37:55.594, 299.76, 100, 74232, 74
2026/07/28 17:37:56.634, 296.48, 100, 74232, 74
2026/07/28 17:37:57.671, 297.35, 100, 74232, 74
2026/07/28 17:37:58.708, 296.86, 100, 74232, 74
2026/07/28 17:37:59.745, 297.15, 100, 74232, 74
2026/07/28 17:38:00.782, 296.95, 100, 74232, 73
2026/07/28 17:38:01.820, 296.57, 100, 74232, 73
2026/07/28 17:38:02.857, 296.66, 100, 74232, 73
2026/07/28 17:38:03.896, 296.38, 100, 74232, 73
2026/07/28 17:38:04.934, 297.84, 100, 74232, 73
2026/07/28 17:38:05.971, 295.09, 100, 74232, 73
2026/07/28 17:38:07.008, 296.96, 100, 74232, 73
2026/07/28 17:38:08.047, 295.29, 100, 74232, 73
2026/07/28 17:38:09.085, 303.64, 100, 74232, 73
2026/07/28 17:38:10.122, 303.34, 100, 74232, 73
2026/07/28 17:38:11.159, 303.15, 100, 74232, 73
2026/07/28 17:38:12.196, 302.89, 100, 74232, 72
2026/07/28 17:38:13.234, 302.51, 100, 74232, 72
2026/07/28 17:38:14.270, 302.32, 100, 74232, 72
2026/07/28 17:38:15.309, 302.20, 100, 74232, 72
2026/07/28 17:38:16.346, 295.99, 100, 74232, 72
2026/07/28 17:38:17.385, 301.60, 100, 74232, 72
2026/07/28 17:38:18.423, 294.24, 100, 74232, 72
2026/07/28 17:38:19.459, 301.83, 100, 74232, 72
2026/07/28 17:38:20.498, 296.76, 100, 74232, 72
2026/07/28 17:38:21.535, 300.73, 100, 74232, 72
2026/07/28 17:38:22.578, 293.75, 100, 74232, 71
2026/07/28 17:38:23.617, 295.02, 100, 74232, 71
2026/07/28 17:38:24.655, 293.46, 100, 74232, 71
2026/07/28 17:38:25.692, 301.44, 100, 74232, 71
2026/07/28 17:38:26.729, 295.79, 100, 74232, 71
2026/07/28 17:38:27.770, 297.05, 100, 74232, 71
2026/07/28 17:38:28.811, 293.77, 100, 74232, 71
2026/07/28 17:38:29.849, 299.37, 100, 74232, 71
2026/07/28 17:38:30.886, 300.24, 100, 74232, 71
2026/07/28 17:38:31.924, 302.99, 100, 74232, 71
2026/07/28 17:38:32.960, 300.03, 100, 74232, 71
2026/07/28 17:38:34.001, 300.14, 100, 74232, 71
2026/07/28 17:38:35.037, 301.69, 100, 74232, 71
2026/07/28 17:38:36.074, 304.41, 100, 74232, 71
2026/07/28 17:38:37.111, 299.47, 100, 74232, 71
2026/07/28 17:38:38.150, 299.47, 100, 74232, 71
2026/07/28 17:38:39.186, 299.95, 100, 74232, 70
2026/07/28 17:38:40.223, 299.67, 100, 74232, 70
2026/07/28 17:38:41.260, 299.17, 100, 74232, 70
2026/07/28 17:38:42.298, 298.41, 100, 74232, 70
2026/07/28 17:38:43.336, 298.90, 100, 74232, 70
2026/07/28 17:38:44.373, 299.49, 100, 74232, 70
2026/07/28 17:38:45.414, 305.48, 100, 74232, 70
2026/07/28 17:38:46.450, 303.35, 100, 74232, 70
2026/07/28 17:38:47.489, 305.81, 100, 74232, 70
2026/07/28 17:38:48.529, 300.17, 100, 74232, 70
2026/07/28 17:38:49.561, 293.87, 100, 74232, 72
2026/07/28 17:38:50.596, 319.74, 100, 74232, 72
2026/07/28 17:38:51.629, 295.58, 100, 74232, 71
2026/07/28 17:38:52.664, 282.21, 100, 74232, 71
2026/07/28 17:38:53.700, 316.83, 100, 74232, 71
2026/07/28 17:38:54.734, 274.30, 100, 74232, 72
2026/07/28 17:38:55.769, 262.41, 100, 74232, 70
2026/07/28 17:38:56.810, 282.66, 100, 74232, 70
2026/07/28 17:38:57.848, 287.42, 100, 74232, 70
2026/07/28 17:38:58.885, 292.96, 100, 74232, 70
2026/07/28 17:38:59.923, 291.31, 100, 74232, 70
2026/07/28 17:39:00.960, 293.04, 100, 74232, 71
2026/07/28 17:39:01.998, 292.78, 100, 74232, 71
2026/07/28 17:39:03.035, 293.27, 100, 74232, 71
2026/07/28 17:39:04.071, 302.28, 100, 74232, 71
2026/07/28 17:39:05.108, 292.09, 100, 74232, 71
2026/07/28 17:39:06.146, 293.17, 100, 74232, 71
2026/07/28 17:39:07.182, 298.61, 100, 74232, 71
2026/07/28 17:39:08.220, 292.39, 100, 74232, 72
2026/07/28 17:39:09.258, 293.46, 100, 74232, 72
2026/07/28 17:39:10.293, 293.56, 100, 74232, 72
2026/07/28 17:39:11.330, 298.31, 100, 74232, 72
2026/07/28 17:39:12.366, 297.27, 100, 74232, 72
2026/07/28 17:39:13.407, 296.76, 100, 74232, 72
2026/07/28 17:39:14.443, 301.34, 100, 74232, 72
2026/07/28 17:39:15.479, 298.30, 100, 74232, 72
2026/07/28 17:39:16.517, 299.09, 100, 74232, 72
2026/07/28 17:39:17.554, 301.82, 100, 74232, 72
2026/07/28 17:39:18.592, 302.58, 100, 74232, 73
2026/07/28 17:39:19.629, 303.32, 100, 74232, 73
2026/07/28 17:39:20.666, 302.19, 100, 74232, 73
2026/07/28 17:39:21.703, 302.08, 100, 74232, 73
2026/07/28 17:39:22.739, 302.09, 100, 74232, 73
2026/07/28 17:39:23.775, 302.48, 100, 74232, 73
2026/07/28 17:39:24.812, 291.31, 100, 74232, 73
2026/07/28 17:39:25.849, 296.27, 100, 74232, 73
2026/07/28 17:39:26.886, 295.41, 100, 74232, 73
2026/07/28 17:39:27.922, 297.14, 100, 74232, 73
2026/07/28 17:39:28.960, 294.93, 100, 74232, 73
2026/07/28 17:39:29.996, 295.32, 100, 74232, 73
2026/07/28 17:39:31.032, 295.22, 100, 74232, 73
2026/07/28 17:39:32.068, 295.42, 100, 74232, 73
2026/07/28 17:39:33.105, 295.02, 100, 74232, 73
2026/07/28 17:39:34.143, 295.20, 100, 74232, 73
2026/07/28 17:39:35.179, 294.44, 100, 74232, 73
2026/07/28 17:39:36.215, 295.01, 100, 74232, 73
2026/07/28 17:39:37.251, 303.88, 100, 74232, 73
2026/07/28 17:39:38.288, 305.04, 100, 74232, 73
2026/07/28 17:39:39.324, 300.26, 100, 74232, 73
2026/07/28 17:39:40.362, 300.93, 100, 74232, 73
2026/07/28 17:39:41.399, 303.17, 100, 74232, 73
2026/07/28 17:39:42.434, 302.69, 100, 74232, 73
2026/07/28 17:39:43.470, 303.87, 100, 74232, 73
2026/07/28 17:39:44.506, 304.03, 100, 74232, 74
2026/07/28 17:39:45.542, 303.95, 100, 74232, 74
2026/07/28 17:39:46.582, 303.38, 100, 74232, 74
2026/07/28 17:39:47.617, 304.26, 100, 74232, 74
2026/07/28 17:39:48.654, 304.12, 100, 74232, 73
2026/07/28 17:39:49.695, 303.43, 100, 74232, 74
2026/07/28 17:39:50.730, 300.64, 100, 74232, 74
2026/07/28 17:39:51.767, 296.78, 100, 74232, 73
2026/07/28 17:39:52.803, 297.43, 100, 74232, 74
2026/07/28 17:39:53.839, 303.75, 100, 74232, 74
2026/07/28 17:39:54.878, 296.27, 100, 74232, 74
2026/07/28 17:39:55.915, 293.08, 100, 74232, 73
2026/07/28 17:39:56.963, 296.84, 100, 74232, 74
2026/07/28 17:39:58.004, 295.98, 100, 74232, 74
2026/07/28 17:39:59.040, 296.58, 100, 74232, 74
2026/07/28 17:40:00.076, 296.84, 100, 74232, 74
2026/07/28 17:40:01.112, 295.80, 100, 74232, 74
2026/07/28 17:40:02.153, 303.94, 100, 74232, 74
2026/07/28 17:40:03.189, 303.48, 100, 74232, 74
2026/07/28 17:40:04.225, 292.89, 100, 74232, 73
2026/07/28 17:40:05.260, 297.62, 100, 74232, 74
2026/07/28 17:40:06.300, 292.98, 100, 74232, 73
2026/07/28 17:40:07.335, 295.23, 100, 74232, 74
2026/07/28 17:40:08.371, 292.68, 100, 74232, 73
2026/07/28 17:40:09.408, 295.92, 100, 74232, 73
2026/07/28 17:40:10.445, 299.18, 100, 74232, 73
2026/07/28 17:40:11.483, 296.58, 100, 74232, 73
2026/07/28 17:40:12.520, 296.09, 100, 74232, 74
2026/07/28 17:40:13.558, 296.87, 100, 74232, 74
2026/07/28 17:40:14.594, 292.97, 100, 74232, 73
2026/07/28 17:40:15.630, 291.81, 100, 74232, 74
2026/07/28 17:40:16.666, 299.07, 100, 74232, 74
2026/07/28 17:40:17.702, 303.83, 100, 74232, 74
2026/07/28 17:40:18.741, 304.84, 100, 74232, 74
2026/07/28 17:40:19.779, 298.13, 100, 74232, 74
2026/07/28 17:40:20.815, 296.88, 100, 74232, 73
2026/07/28 17:40:21.851, 295.98, 100, 74232, 74
2026/07/28 17:40:22.888, 297.24, 100, 74232, 74
2026/07/28 17:40:23.925, 296.56, 100, 74232, 74
2026/07/28 17:40:24.962, 297.24, 100, 74232, 74
2026/07/28 17:40:25.998, 302.42, 100, 74232, 74
2026/07/28 17:40:27.035, 295.59, 100, 74232, 74
2026/07/28 17:40:28.072, 300.25, 100, 74232, 74
2026/07/28 17:40:29.108, 296.67, 100, 74232, 74
2026/07/28 17:40:30.145, 296.37, 100, 74232, 74
2026/07/28 17:40:31.181, 304.22, 100, 74232, 74
2026/07/28 17:40:32.217, 293.27, 100, 74232, 73
2026/07/28 17:40:33.254, 294.32, 100, 74232, 73
2026/07/28 17:40:34.291, 292.96, 100, 74232, 74
2026/07/28 17:40:35.327, 296.87, 100, 74232, 74
2026/07/28 17:40:36.363, 296.95, 100, 74232, 74
2026/07/28 17:40:37.399, 297.36, 100, 74232, 74
2026/07/28 17:40:38.434, 296.77, 100, 74232, 74
2026/07/28 17:40:39.469, 299.17, 100, 74232, 74
2026/07/28 17:40:40.505, 296.57, 100, 74232, 74
2026/07/28 17:40:41.540, 298.24, 100, 74232, 74
2026/07/28 17:40:42.577, 296.68, 100, 74232, 74
2026/07/28 17:40:43.613, 300.17, 100, 74232, 74
2026/07/28 17:40:44.649, 295.79, 100, 74232, 74
2026/07/28 17:40:45.685, 296.76, 100, 74232, 74
2026/07/28 17:40:46.721, 296.86, 100, 74232, 74
2026/07/28 17:40:47.759, 296.16, 100, 74232, 74
2026/07/28 17:40:48.795, 304.16, 100, 74232, 74
2026/07/28 17:40:49.832, 304.85, 100, 74232, 74
2026/07/28 17:40:50.868, 300.05, 100, 74232, 74
2026/07/28 17:40:51.903, 304.47, 100, 74232, 74
2026/07/28 17:40:52.941, 303.96, 100, 74232, 74
2026/07/28 17:40:53.979, 304.71, 100, 74232, 74
2026/07/28 17:40:55.019, 298.80, 100, 74232, 74
2026/07/28 17:40:56.056, 292.78, 100, 74232, 74
2026/07/28 17:40:57.093, 293.16, 100, 74232, 74
2026/07/28 17:40:58.129, 295.68, 100, 74232, 74
2026/07/28 17:40:59.166, 297.43, 100, 74232, 74
2026/07/28 17:41:00.202, 296.07, 100, 74232, 74
2026/07/28 17:41:01.238, 296.29, 100, 74232, 74
2026/07/28 17:41:02.274, 298.11, 100, 74232, 74
2026/07/28 17:41:03.312, 299.21, 100, 74232, 74
2026/07/28 17:41:04.348, 304.65, 100, 74232, 74
2026/07/28 17:41:05.390, 296.96, 100, 74232, 74
2026/07/28 17:41:06.428, 297.26, 100, 74232, 74
2026/07/28 17:41:07.465, 293.26, 100, 74232, 74
2026/07/28 17:41:08.502, 296.19, 100, 74232, 74
2026/07/28 17:41:09.538, 296.56, 100, 74232, 74
2026/07/28 17:41:10.574, 297.24, 100, 74232, 74
2026/07/28 17:41:11.612, 296.57, 100, 74232, 74
2026/07/28 17:41:12.649, 298.30, 100, 74232, 74
2026/07/28 17:41:13.687, 296.58, 100, 74232, 74
2026/07/28 17:41:14.724, 297.53, 100, 74232, 74
2026/07/28 17:41:15.760, 296.66, 100, 74232, 74
2026/07/28 17:41:16.798, 298.35, 100, 74232, 74
2026/07/28 17:41:17.834, 297.55, 100, 74232, 74
2026/07/28 17:41:18.873, 301.40, 100, 74232, 74
2026/07/28 17:41:19.909, 304.54, 100, 74232, 74
2026/07/28 17:41:20.947, 303.64, 100, 74232, 74
2026/07/28 17:41:21.985, 300.83, 100, 74232, 74
2026/07/28 17:41:23.022, 304.41, 100, 74232, 74
2026/07/28 17:41:24.061, 303.91, 100, 74232, 74
2026/07/28 17:41:25.098, 304.23, 100, 74232, 74
2026/07/28 17:41:26.134, 296.18, 100, 74232, 74
2026/07/28 17:41:27.172, 298.11, 100, 74232, 74
2026/07/28 17:41:28.209, 297.15, 100, 74232, 74
2026/07/28 17:41:29.244, 296.76, 100, 74232, 74
2026/07/28 17:41:30.282, 296.67, 100, 74232, 74
2026/07/28 17:41:31.318, 296.45, 100, 74232, 74
2026/07/28 17:41:32.355, 298.03, 100, 74232, 74
2026/07/28 17:41:33.391, 304.27, 100, 74232, 74
2026/07/28 17:41:34.428, 298.90, 100, 74232, 74
2026/07/28 17:41:35.467, 298.69, 100, 74232, 74
2026/07/28 17:41:36.506, 296.65, 100, 74232, 74
2026/07/28 17:41:37.543, 296.07, 100, 74232, 74
2026/07/28 17:41:38.579, 296.47, 100, 74232, 74
2026/07/28 17:41:39.616, 297.06, 100, 74232, 74
2026/07/28 17:41:40.652, 297.45, 100, 74232, 74
2026/07/28 17:41:41.689, 296.96, 100, 74232, 74
2026/07/28 17:41:42.725, 296.47, 100, 74232, 74
2026/07/28 17:41:43.764, 297.84, 100, 74232, 74
2026/07/28 17:41:44.801, 296.68, 100, 74232, 74
2026/07/28 17:41:45.841, 297.34, 100, 74232, 74
2026/07/28 17:41:46.877, 296.19, 100, 74232, 74
2026/07/28 17:41:47.915, 298.32, 100, 74232, 74
2026/07/28 17:41:48.953, 296.79, 100, 74232, 74
2026/07/28 17:41:49.990, 296.76, 100, 74232, 74
2026/07/28 17:41:51.033, 301.81, 100, 74232, 74
2026/07/28 17:41:52.070, 301.59, 100, 74232, 74
2026/07/28 17:41:53.107, 296.38, 100, 74232, 74
2026/07/28 17:41:54.146, 296.68, 100, 74232, 74
2026/07/28 17:41:55.182, 296.38, 100, 74232, 74
2026/07/28 17:41:56.218, 304.44, 100, 74232, 74
2026/07/28 17:41:57.254, 305.14, 100, 74232, 74
2026/07/28 17:41:58.296, 304.41, 100, 74232, 74
2026/07/28 17:41:59.333, 301.12, 100, 74232, 74
2026/07/28 17:42:00.370, 297.35, 100, 74232, 74
2026/07/28 17:42:01.409, 297.46, 100, 74232, 74
2026/07/28 17:42:02.445, 296.56, 100, 74232, 74
2026/07/28 17:42:03.486, 297.73, 100, 74232, 74
2026/07/28 17:42:04.522, 296.67, 100, 74232, 74
2026/07/28 17:42:05.560, 296.50, 100, 74232, 74
2026/07/28 17:42:06.597, 296.47, 100, 74232, 74
2026/07/28 17:42:07.634, 297.17, 100, 74232, 74
2026/07/28 17:42:08.670, 298.10, 100, 74232, 74
2026/07/28 17:42:09.707, 298.99, 100, 74232, 74
2026/07/28 17:42:10.746, 296.75, 100, 74232, 74
2026/07/28 17:42:11.783, 298.41, 100, 74232, 74
2026/07/28 17:42:12.820, 297.82, 100, 74232, 74
2026/07/28 17:42:13.856, 296.48, 100, 74232, 74
2026/07/28 17:42:14.891, 297.04, 100, 74232, 74
2026/07/28 17:42:15.928, 298.71, 100, 74232, 74
2026/07/28 17:42:16.966, 300.63, 100, 74232, 74
2026/07/28 17:42:18.004, 304.36, 100, 74232, 74
2026/07/28 17:42:19.043, 294.23, 100, 74232, 74
2026/07/28 17:42:20.080, 296.48, 100, 74232, 74
2026/07/28 17:42:21.119, 299.09, 100, 74232, 74
2026/07/28 17:42:22.157, 296.76, 100, 74232, 74
2026/07/28 17:42:23.193, 295.48, 100, 74232, 74
2026/07/28 17:42:24.229, 298.04, 100, 74232, 74
2026/07/28 17:42:25.266, 297.23, 100, 74232, 74
2026/07/28 17:42:26.302, 297.26, 100, 74232, 74
2026/07/28 17:42:27.339, 297.28, 100, 74232, 74
2026/07/28 17:42:28.377, 296.85, 100, 74232, 74
2026/07/28 17:42:29.413, 297.14, 100, 74232, 74
2026/07/28 17:42:30.453, 304.42, 100, 74232, 74
2026/07/28 17:42:31.489, 296.37, 100, 74232, 74
2026/07/28 17:42:32.527, 297.34, 100, 74232, 74
2026/07/28 17:42:33.564, 297.93, 100, 74232, 74
2026/07/28 17:42:34.600, 297.26, 100, 74232, 74
2026/07/28 17:42:35.637, 296.95, 100, 74232, 74
2026/07/28 17:42:36.674, 298.14, 100, 74232, 74
2026/07/28 17:42:37.710, 297.53, 100, 74232, 74
2026/07/28 17:42:38.751, 298.61, 100, 74232, 74
2026/07/28 17:42:39.788, 298.12, 100, 74232, 74
2026/07/28 17:42:40.828, 297.55, 100, 74232, 74
2026/07/28 17:42:41.865, 297.92, 100, 74232, 74
2026/07/28 17:42:42.902, 302.88, 100, 74232, 74
2026/07/28 17:42:43.940, 301.52, 100, 74232, 74
2026/07/28 17:42:44.978, 299.38, 100, 74232, 74
2026/07/28 17:42:46.014, 297.73, 100, 74232, 74
2026/07/28 17:42:47.051, 305.51, 100, 74232, 74
2026/07/28 17:42:48.087, 294.03, 100, 74232, 74
2026/07/28 17:42:49.125, 293.68, 100, 74232, 74
2026/07/28 17:42:50.161, 298.88, 100, 74232, 74
2026/07/28 17:42:51.200, 293.94, 100, 74232, 74
2026/07/28 17:42:52.238, 300.43, 100, 74232, 74
2026/07/28 17:42:53.274, 296.55, 100, 74232, 74
2026/07/28 17:42:54.310, 298.04, 100, 74232, 74
2026/07/28 17:42:55.346, 297.54, 100, 74232, 74
2026/07/28 17:42:56.383, 296.76, 100, 74232, 74
2026/07/28 17:42:57.420, 298.21, 100, 74232, 74
2026/07/28 17:42:58.457, 298.79, 100, 74232, 74
2026/07/28 17:42:59.493, 304.83, 100, 74232, 74
2026/07/28 17:43:00.531, 305.63, 100, 74232, 74
2026/07/28 17:43:01.567, 297.74, 100, 74232, 74
2026/07/28 17:43:02.605, 302.09, 100, 74232, 74
2026/07/28 17:43:03.642, 294.13, 100, 74232, 74
2026/07/28 17:43:04.680, 293.86, 100, 74232, 74
2026/07/28 17:43:05.717, 294.12, 100, 74232, 74
2026/07/28 17:43:06.755, 299.36, 100, 74232, 74
2026/07/28 17:43:07.792, 294.42, 100, 74232, 74
2026/07/28 17:43:08.831, 294.36, 100, 74232, 74
2026/07/28 17:43:09.867, 299.20, 100, 74232, 74
2026/07/28 17:43:10.903, 296.87, 100, 74232, 74
2026/07/28 17:43:11.942, 298.14, 100, 74232, 74
2026/07/28 17:43:12.980, 296.65, 100, 74232, 74
2026/07/28 17:43:14.017, 297.54, 100, 74232, 74
2026/07/28 17:43:15.056, 296.97, 100, 74232, 74
2026/07/28 17:43:16.093, 297.84, 100, 74232, 73
2026/07/28 17:43:17.136, 297.34, 100, 74232, 73
2026/07/28 17:43:18.174, 295.88, 100, 74232, 73
2026/07/28 17:43:19.215, 299.86, 100, 74232, 73
2026/07/28 17:43:20.252, 302.85, 100, 74232, 73
2026/07/28 17:43:21.290, 303.45, 100, 74232, 73
2026/07/28 17:43:22.328, 303.83, 100, 74232, 73
2026/07/28 17:43:23.365, 303.01, 100, 74232, 73
2026/07/28 17:43:24.402, 303.36, 100, 74232, 73
2026/07/28 17:43:25.438, 302.48, 100, 74232, 73
2026/07/28 17:43:26.475, 296.27, 100, 74232, 73
2026/07/28 17:43:27.511, 297.23, 100, 74232, 73
2026/07/28 17:43:28.549, 292.78, 100, 74232, 73
2026/07/28 17:43:29.585, 295.60, 100, 74232, 73
2026/07/28 17:43:30.630, 291.81, 100, 74232, 73
2026/07/28 17:43:31.667, 294.80, 100, 74232, 72
2026/07/28 17:43:32.704, 294.53, 100, 74232, 72
2026/07/28 17:43:33.741, 298.22, 100, 74232, 72
2026/07/28 17:43:34.777, 294.90, 100, 74232, 72
2026/07/28 17:43:35.815, 293.75, 100, 74232, 72
2026/07/28 17:43:36.852, 293.74, 100, 74232, 72
2026/07/28 17:43:37.889, 293.66, 100, 74232, 72
2026/07/28 17:43:38.927, 293.95, 100, 74232, 71
2026/07/28 17:43:39.963, 293.25, 100, 74232, 71
2026/07/28 17:43:41.000, 292.79, 100, 74232, 71
2026/07/28 17:43:42.037, 300.73, 100, 74232, 71
2026/07/28 17:43:43.075, 300.05, 100, 74232, 71
2026/07/28 17:43:44.112, 300.45, 100, 74232, 71
2026/07/28 17:43:45.149, 300.46, 100, 74232, 71
2026/07/28 17:43:46.185, 300.06, 100, 74232, 71
2026/07/28 17:43:47.223, 298.80, 100, 74232, 71
2026/07/28 17:43:48.259, 301.70, 100, 74232, 71
2026/07/28 17:43:49.298, 96.57, 0, 74232, 67
2026/07/28 17:43:50.409, 298.98, 100, 74232, 72
2026/07/28 17:43:51.443, 290.91, 100, 74232, 71
2026/07/28 17:43:52.480, 290.14, 100, 74232, 71
2026/07/28 17:43:53.517, 298.01, 100, 74232, 72
2026/07/28 17:43:54.552, 312.05, 100, 74232, 72
2026/07/28 17:43:55.586, 304.51, 100, 74232, 72
2026/07/28 17:43:56.626, 251.91, 100, 74232, 70
2026/07/28 17:43:57.664, 283.39, 100, 74232, 70
2026/07/28 17:43:58.700, 291.02, 100, 74232, 70
2026/07/28 17:43:59.737, 291.31, 100, 74232, 70
2026/07/28 17:44:00.773, 291.71, 100, 74232, 71
2026/07/28 17:44:01.811, 299.28, 100, 74232, 71
2026/07/28 17:44:02.849, 296.47, 100, 74232, 71
2026/07/28 17:44:03.885, 294.44, 100, 74232, 71
2026/07/28 17:44:04.921, 293.64, 100, 74232, 71
2026/07/28 17:44:05.958, 293.55, 100, 74232, 71
2026/07/28 17:44:06.997, 293.35, 100, 74232, 71
2026/07/28 17:44:08.034, 292.29, 100, 74232, 71
2026/07/28 17:44:09.071, 300.73, 100, 74232, 72
2026/07/28 17:44:10.109, 301.03, 100, 74232, 72
2026/07/28 17:44:11.145, 301.22, 100, 74232, 72
2026/07/28 17:44:12.184, 301.22, 100, 74232, 72
2026/07/28 17:44:13.224, 301.61, 100, 74232, 72
2026/07/28 17:44:14.259, 302.46, 100, 74232, 72
2026/07/28 17:44:15.296, 300.94, 100, 74232, 72
2026/07/28 17:44:16.332, 301.80, 100, 74232, 72
2026/07/28 17:44:17.371, 301.33, 100, 74232, 72
2026/07/28 17:44:18.407, 303.00, 100, 74232, 72
2026/07/28 17:44:19.444, 298.61, 100, 74232, 72
2026/07/28 17:44:20.481, 302.67, 100, 74232, 72
2026/07/28 17:44:21.519, 290.36, 100, 74232, 72
2026/07/28 17:44:22.556, 291.49, 100, 74232, 72
2026/07/28 17:44:23.594, 296.85, 100, 74232, 73
2026/07/28 17:44:24.633, 294.92, 100, 74232, 73
2026/07/28 17:44:25.670, 296.94, 100, 74232, 73
2026/07/28 17:44:26.708, 294.61, 100, 74232, 73
2026/07/28 17:44:27.744, 295.10, 100, 74232, 73
2026/07/28 17:44:28.781, 297.14, 100, 74232, 73
2026/07/28 17:44:29.818, 302.40, 100, 74232, 73
2026/07/28 17:44:30.858, 301.44, 100, 74232, 73
2026/07/28 17:44:31.894, 296.00, 100, 74232, 73
2026/07/28 17:44:32.933, 295.02, 100, 74232, 73
2026/07/28 17:44:33.969, 295.31, 100, 74232, 73
2026/07/28 17:44:35.005, 295.32, 100, 74232, 73
2026/07/28 17:44:36.042, 295.51, 100, 74232, 73
2026/07/28 17:44:37.078, 295.63, 100, 74232, 73
2026/07/28 17:44:38.114, 294.81, 100, 74232, 73
2026/07/28 17:44:39.152, 296.96, 100, 74232, 73
2026/07/28 17:44:40.188, 297.04, 100, 74232, 73
2026/07/28 17:44:41.225, 302.80, 100, 74232, 73
2026/07/28 17:44:42.263, 303.88, 100, 74232, 74
2026/07/28 17:44:43.301, 304.52, 100, 74232, 74
2026/07/28 17:44:44.339, 296.47, 100, 74232, 74
2026/07/28 17:44:45.375, 300.63, 100, 74232, 74
2026/07/28 17:44:46.412, 300.08, 100, 74232, 74
2026/07/28 17:44:47.451, 303.83, 100, 74232, 74
2026/07/28 17:44:48.489, 298.59, 100, 74232, 74
2026/07/28 17:44:49.526, 304.22, 100, 74232, 74
2026/07/28 17:44:50.563, 305.20, 100, 74232, 74
2026/07/28 17:44:51.600, 297.36, 100, 74232, 74
2026/07/28 17:44:52.636, 302.80, 100, 74232, 74
2026/07/28 17:44:53.674, 301.72, 100, 74232, 74
2026/07/28 17:44:54.710, 295.20, 100, 74232, 74
2026/07/28 17:44:55.749, 296.39, 100, 74232, 74
2026/07/28 17:44:56.785, 297.64, 100, 74232, 74
2026/07/28 17:44:57.822, 296.27, 100, 74232, 74
2026/07/28 17:44:58.858, 296.08, 100, 74232, 74
2026/07/28 17:44:59.894, 293.07, 100, 74232, 74
2026/07/28 17:45:00.933, 295.61, 100, 74232, 74
2026/07/28 17:45:01.969, 297.22, 100, 74232, 74
2026/07/28 17:45:03.006, 299.79, 100, 74232, 74
2026/07/28 17:45:04.043, 296.28, 100, 74232, 74
2026/07/28 17:45:05.081, 300.92, 100, 74232, 74
2026/07/28 17:45:06.118, 303.29, 100, 74232, 74
2026/07/28 17:45:07.155, 297.38, 100, 74232, 74
2026/07/28 17:45:08.193, 296.67, 100, 74232, 74
2026/07/28 17:45:09.231, 297.45, 100, 74232, 74
2026/07/28 17:45:10.267, 300.86, 100, 74232, 74
2026/07/28 17:45:11.304, 297.05, 100, 74232, 74
2026/07/28 17:45:12.340, 296.86, 100, 74232, 74
2026/07/28 17:45:13.377, 298.33, 100, 74232, 74
2026/07/28 17:45:14.414, 296.27, 100, 74232, 74
2026/07/28 17:45:15.452, 298.81, 100, 74232, 74
2026/07/28 17:45:16.490, 300.73, 100, 74232, 74
2026/07/28 17:45:17.534, 296.00, 100, 74232, 74
2026/07/28 17:45:18.571, 300.37, 100, 74232, 74
2026/07/28 17:45:19.607, 303.08, 100, 74232, 74
2026/07/28 17:45:20.649, 300.06, 100, 74232, 74
2026/07/28 17:45:21.686, 295.60, 100, 74232, 74
2026/07/28 17:45:22.722, 296.48, 100, 74232, 74
2026/07/28 17:45:23.760, 293.08, 100, 74232, 74
2026/07/28 17:45:24.797, 303.35, 100, 74232, 74
2026/07/28 17:45:25.832, 303.73, 100, 74232, 74
2026/07/28 17:45:26.871, 308.48, 100, 74232, 74
2026/07/28 17:45:27.908, 304.33, 100, 74232, 74
2026/07/28 17:45:28.950, 298.60, 100, 74232, 74
2026/07/28 17:45:29.986, 300.63, 100, 74232, 74
2026/07/28 17:45:31.030, 300.16, 100, 74232, 74
2026/07/28 17:45:32.067, 304.90, 100, 74232, 74
2026/07/28 17:45:33.103, 304.13, 100, 74232, 74
2026/07/28 17:45:34.140, 302.68, 100, 74232, 74
2026/07/28 17:45:35.178, 304.90, 100, 74232, 74
2026/07/28 17:45:36.216, 296.08, 100, 74232, 74
2026/07/28 17:45:37.255, 304.15, 100, 74232, 74
2026/07/28 17:45:38.293, 303.83, 100, 74232, 74
2026/07/28 17:45:39.330, 296.76, 100, 74232, 74
2026/07/28 17:45:40.367, 299.49, 100, 74232, 74
2026/07/28 17:45:41.403, 296.57, 100, 74232, 74
2026/07/28 17:45:42.441, 296.68, 100, 74232, 74
2026/07/28 17:45:43.478, 296.96, 100, 74232, 74
2026/07/28 17:45:44.516, 297.65, 100, 74232, 74
2026/07/28 17:45:45.554, 297.92, 100, 74232, 74
2026/07/28 17:45:46.592, 295.69, 100, 74232, 74
2026/07/28 17:45:47.628, 295.98, 100, 74232, 74
2026/07/28 17:45:48.667, 297.43, 100, 74232, 74
2026/07/28 17:45:49.704, 297.44, 100, 74232, 74
2026/07/28 17:45:50.740, 299.95, 100, 74232, 74
2026/07/28 17:45:51.776, 292.88, 100, 74232, 74
2026/07/28 17:45:52.813, 296.98, 100, 74232, 74
2026/07/28 17:45:53.850, 296.75, 100, 74232, 74
2026/07/28 17:45:54.887, 296.46, 100, 74232, 74
2026/07/28 17:45:55.923, 298.59, 100, 74232, 74
2026/07/28 17:45:56.961, 296.27, 100, 74232, 74
2026/07/28 17:45:57.998, 296.20, 100, 74232, 74
2026/07/28 17:45:59.034, 304.13, 100, 74232, 74
2026/07/28 17:46:00.070, 297.34, 100, 74232, 74
2026/07/28 17:46:01.106, 297.55, 100, 74232, 74
2026/07/28 17:46:02.143, 296.97, 100, 74232, 74
2026/07/28 17:46:03.181, 297.17, 100, 74232, 74
2026/07/28 17:46:04.217, 297.05, 100, 74232, 74
2026/07/28 17:46:05.254, 297.16, 100, 74232, 74
2026/07/28 17:46:06.291, 299.19, 100, 74232, 74
2026/07/28 17:46:07.327, 293.19, 100, 74232, 74
2026/07/28 17:46:08.366, 297.24, 100, 74232, 74
2026/07/28 17:46:09.402, 296.96, 100, 74232, 74
2026/07/28 17:46:10.440, 297.26, 100, 74232, 74
2026/07/28 17:46:11.477, 296.48, 100, 74232, 74
2026/07/28 17:46:12.517, 296.67, 100, 74232, 74
2026/07/28 17:46:13.555, 304.42, 100, 74232, 74
2026/07/28 17:46:14.592, 307.66, 100, 74232, 74
2026/07/28 17:46:15.629, 305.54, 100, 74232, 74
2026/07/28 17:46:16.666, 300.35, 100, 74232, 74
2026/07/28 17:46:17.704, 304.76, 100, 74232, 74
2026/07/28 17:46:18.741, 292.98, 100, 74232, 74
2026/07/28 17:46:19.779, 299.20, 100, 74232, 74
2026/07/28 17:46:20.816, 293.26, 100, 74232, 74
2026/07/28 17:46:21.853, 297.06, 100, 74232, 74
2026/07/28 17:46:22.890, 296.88, 100, 74232, 74
2026/07/28 17:46:23.927, 296.29, 100, 74232, 74
2026/07/28 17:46:24.964, 297.15, 100, 74232, 74
2026/07/28 17:46:26.001, 295.60, 100, 74232, 74
2026/07/28 17:46:27.038, 295.87, 100, 74232, 74
2026/07/28 17:46:28.074, 296.46, 100, 74232, 74
2026/07/28 17:46:29.112, 296.67, 100, 74232, 74
2026/07/28 17:46:30.150, 304.03, 100, 74232, 74
2026/07/28 17:46:31.187, 300.54, 100, 74232, 74
2026/07/28 17:46:32.226, 298.55, 100, 74232, 74
2026/07/28 17:46:33.263, 296.27, 100, 74232, 74
2026/07/28 17:46:34.300, 296.39, 100, 74232, 74
2026/07/28 17:46:35.337, 304.81, 100, 74232, 74
2026/07/28 17:46:36.374, 304.26, 100, 74232, 74
2026/07/28 17:46:37.410, 304.23, 100, 74232, 74
2026/07/28 17:46:38.448, 302.90, 100, 74232, 74
2026/07/28 17:46:39.484, 304.03, 100, 74232, 74
2026/07/28 17:46:40.521, 304.51, 100, 74232, 74
2026/07/28 17:46:41.558, 304.52, 100, 74232, 74
2026/07/28 17:46:42.595, 305.00, 100, 74232, 74
2026/07/28 17:46:43.632, 303.55, 100, 74232, 74
2026/07/28 17:46:44.673, 300.94, 100, 74232, 74
2026/07/28 17:46:45.710, 297.43, 100, 74232, 74
2026/07/28 17:46:46.748, 297.55, 100, 74232, 74
2026/07/28 17:46:47.785, 293.84, 100, 74232, 74
2026/07/28 17:46:48.822, 303.94, 100, 74232, 74
2026/07/28 17:46:49.859, 303.82, 100, 74232, 74
2026/07/28 17:46:50.896, 301.64, 100, 74232, 74
2026/07/28 17:46:51.932, 303.88, 100, 74232, 74
2026/07/28 17:46:52.970, 299.21, 100, 74232, 74
2026/07/28 17:46:54.006, 305.29, 100, 74232, 74
2026/07/28 17:46:55.042, 301.59, 100, 74232, 74
2026/07/28 17:46:56.079, 297.76, 100, 74232, 74
2026/07/28 17:46:57.116, 297.15, 100, 74232, 74
2026/07/28 17:46:58.154, 299.02, 100, 74232, 74
2026/07/28 17:46:59.192, 297.15, 100, 74232, 74
2026/07/28 17:47:00.229, 297.43, 100, 74232, 74
2026/07/28 17:47:01.265, 296.77, 100, 74232, 74
2026/07/28 17:47:02.302, 297.24, 100, 74232, 74
2026/07/28 17:47:03.339, 298.90, 100, 74232, 74
2026/07/28 17:47:04.377, 297.44, 100, 74232, 74
2026/07/28 17:47:05.414, 294.65, 100, 74232, 74
2026/07/28 17:47:06.456, 298.33, 100, 74232, 74
2026/07/28 17:47:07.493, 298.98, 100, 74232, 74
2026/07/28 17:47:08.529, 305.48, 100, 74232, 74
2026/07/28 17:47:09.566, 297.54, 100, 74232, 74
2026/07/28 17:47:10.603, 293.76, 100, 74232, 74
2026/07/28 17:47:11.640, 294.52, 100, 74232, 74
2026/07/28 17:47:12.677, 297.65, 100, 74232, 74
2026/07/28 17:47:13.715, 298.22, 100, 74232, 74
2026/07/28 17:47:14.753, 297.47, 100, 74232, 74
2026/07/28 17:47:15.790, 298.61, 100, 74232, 74
2026/07/28 17:47:16.827, 296.77, 100, 74232, 74
2026/07/28 17:47:17.866, 297.26, 100, 74232, 74
2026/07/28 17:47:18.904, 296.67, 100, 74232, 74
2026/07/28 17:47:19.940, 297.62, 100, 74232, 74
2026/07/28 17:47:20.977, 299.28, 100, 74232, 74
2026/07/28 17:47:22.014, 297.25, 100, 74232, 74
2026/07/28 17:47:23.050, 296.87, 100, 74232, 74
2026/07/28 17:47:24.088, 301.60, 100, 74232, 74
2026/07/28 17:47:25.125, 297.05, 100, 74232, 74
2026/07/28 17:47:26.166, 297.71, 100, 74232, 74
2026/07/28 17:47:27.204, 304.83, 100, 74232, 74
2026/07/28 17:47:28.241, 296.97, 100, 74232, 74
2026/07/28 17:47:29.278, 295.58, 100, 74232, 74
2026/07/28 17:47:30.316, 300.54, 100, 74232, 74
2026/07/28 17:47:31.357, 297.91, 100, 74232, 74
2026/07/28 17:47:32.395, 297.55, 100, 74232, 74
2026/07/28 17:47:33.432, 297.33, 100, 74232, 74
2026/07/28 17:47:34.470, 297.26, 100, 74232, 74
2026/07/28 17:47:35.508, 297.44, 100, 74232, 74
2026/07/28 17:47:36.545, 297.26, 100, 74232, 74
2026/07/28 17:47:37.583, 294.32, 100, 74232, 74
2026/07/28 17:47:38.621, 297.35, 100, 74232, 74
2026/07/28 17:47:39.658, 297.76, 100, 74232, 74
2026/07/28 17:47:40.695, 297.82, 100, 74232, 74
2026/07/28 17:47:41.732, 300.83, 100, 74232, 74
2026/07/28 17:47:42.769, 297.51, 100, 74232, 74
2026/07/28 17:47:43.806, 297.44, 100, 74232, 74
2026/07/28 17:47:44.843, 297.90, 100, 74232, 74
2026/07/28 17:47:45.882, 297.65, 100, 74232, 74
2026/07/28 17:47:46.919, 297.73, 100, 74232, 74
2026/07/28 17:47:47.960, 296.97, 100, 74232, 74
2026/07/28 17:47:48.999, 297.26, 100, 74232, 74
2026/07/28 17:47:50.037, 299.11, 100, 74232, 74
2026/07/28 17:47:51.076, 307.13, 100, 74232, 74
2026/07/28 17:47:52.113, 297.43, 100, 74232, 74
2026/07/28 17:47:53.150, 297.43, 100, 74232, 74
2026/07/28 17:47:54.188, 298.01, 100, 74232, 74
2026/07/28 17:47:55.225, 305.39, 100, 74232, 74
2026/07/28 17:47:56.262, 299.93, 100, 74232, 74
2026/07/28 17:47:57.300, 297.26, 100, 74232, 74
2026/07/28 17:47:58.337, 297.26, 100, 74232, 74
2026/07/28 17:47:59.375, 299.85, 100, 74232, 74
2026/07/28 17:48:00.413, 297.03, 100, 74232, 74
2026/07/28 17:48:01.450, 298.93, 100, 74232, 74
2026/07/28 17:48:02.488, 297.54, 100, 74232, 73
2026/07/28 17:48:03.525, 296.56, 100, 74232, 73
2026/07/28 17:48:04.563, 297.54, 100, 74232, 73
2026/07/28 17:48:05.599, 295.00, 100, 74232, 73
2026/07/28 17:48:06.636, 295.11, 100, 74232, 73
2026/07/28 17:48:07.673, 296.45, 100, 74232, 73
2026/07/28 17:48:08.710, 302.39, 100, 74232, 73
2026/07/28 17:48:09.746, 299.88, 100, 74232, 73
2026/07/28 17:48:10.784, 298.97, 100, 74232, 72
2026/07/28 17:48:11.822, 299.18, 100, 74232, 72
2026/07/28 17:48:12.858, 301.98, 100, 74232, 72
2026/07/28 17:48:13.896, 298.78, 100, 74232, 72
2026/07/28 17:48:14.932, 302.57, 100, 74232, 72
2026/07/28 17:48:15.969, 303.18, 100, 74232, 72
2026/07/28 17:48:17.006, 302.08, 100, 74232, 72
2026/07/28 17:48:18.043, 301.79, 100, 74232, 72
2026/07/28 17:48:19.079, 303.18, 100, 74232, 72
2026/07/28 17:48:20.115, 297.82, 100, 74232, 72
2026/07/28 17:48:21.152, 301.02, 100, 74232, 72
2026/07/28 17:48:22.188, 302.66, 100, 74232, 72
2026/07/28 17:48:23.226, 300.07, 100, 74232, 71
2026/07/28 17:48:24.264, 300.82, 100, 74232, 71
2026/07/28 17:48:25.302, 302.46, 100, 74232, 71
2026/07/28 17:48:26.339, 300.82, 100, 74232, 71
2026/07/28 17:48:27.376, 300.92, 100, 74232, 71
2026/07/28 17:48:28.414, 303.94, 100, 74232, 71
2026/07/28 17:48:29.450, 299.76, 100, 74232, 71
2026/07/28 17:48:30.487, 301.59, 100, 74232, 71
2026/07/28 17:48:31.524, 301.50, 100, 74232, 71
2026/07/28 17:48:32.563, 300.33, 100, 74232, 71
2026/07/28 17:48:33.599, 300.10, 100, 74232, 71
2026/07/28 17:48:34.636, 300.15, 100, 74232, 71
2026/07/28 17:48:35.674, 300.64, 100, 74232, 71
2026/07/28 17:48:36.711, 299.36, 100, 74232, 71
2026/07/28 17:48:37.749, 299.00, 100, 74232, 71
2026/07/28 17:48:38.786, 299.58, 100, 74232, 71
2026/07/28 17:48:39.823, 292.31, 100, 74232, 70
2026/07/28 17:48:40.859, 298.50, 100, 74232, 70
2026/07/28 17:48:41.896, 299.46, 100, 74232, 70
2026/07/28 17:48:42.932, 302.80, 100, 74232, 70
2026/07/28 17:48:43.972, 306.37, 100, 74232, 70
2026/07/28 17:48:45.009, 298.99, 100, 74232, 70
2026/07/28 17:48:46.048, 299.00, 100, 74232, 70
2026/07/28 17:48:47.085, 299.06, 100, 74232, 70
2026/07/28 17:48:48.127, 299.89, 100, 74232, 70
2026/07/28 17:48:49.164, 301.30, 100, 74232, 70
2026/07/28 17:48:50.202, 95.35, 0, 74232, 67
2026/07/28 17:48:51.237, 93.98, 0, 74232, 66
2026/07/28 17:48:52.268, 93.52, 0, 74232, 65
2026/07/28 17:48:53.300, 92.56, 0, 74232, 65
2026/07/28 17:48:54.332, 91.86, 0, 74232, 64
2026/07/28 17:48:55.364, 91.32, 0, 74232, 63
2026/07/28 17:48:56.396, 90.78, 0, 74232, 63
2026/07/28 17:48:57.431, 89.19, 0, 74232, 63
2026/07/28 17:48:58.462, 89.00, 0, 74232, 62
2026/07/28 17:48:59.492, 89.44, 0, 74232, 62
2026/07/28 17:49:00.524, 87.63, 0, 74232, 62
2026/07/28 17:49:01.554, 87.14, 0, 74232, 61
2026/07/28 17:49:02.585, 86.99, 0, 74232, 61
2026/07/28 17:49:03.616, 86.52, 0, 74232, 61
2026/07/28 17:49:04.648, 87.15, 0, 74232, 61
2026/07/28 17:49:05.680, 86.22, 0, 74232, 60
2026/07/28 17:49:06.711, 295.14, 100, 74232, 66
2026/07/28 17:49:07.748, 295.50, 100, 74232, 66
2026/07/28 17:49:08.783, 307.72, 100, 74232, 67
2026/07/28 17:49:09.818, 323.74, 100, 74232, 67
2026/07/28 17:49:10.856, 294.89, 100, 74232, 67
2026/07/28 17:49:11.896, 331.61, 100, 74232, 68
2026/07/28 17:49:12.932, 308.65, 100, 74232, 66
2026/07/28 17:49:13.969, 299.29, 100, 74232, 66
2026/07/28 17:49:15.006, 299.57, 100, 74232, 67
2026/07/28 17:49:16.044, 302.30, 100, 74232, 67
2026/07/28 17:49:17.082, 300.53, 100, 74232, 67
2026/07/28 17:49:18.119, 301.22, 100, 74232, 67
2026/07/28 17:49:19.156, 301.23, 100, 74232, 68
2026/07/28 17:49:20.193, 300.82, 100, 74232, 68
2026/07/28 17:49:21.231, 301.90, 100, 74232, 68
2026/07/28 17:49:22.268, 294.98, 100, 74232, 68
2026/07/28 17:49:23.305, 295.70, 100, 74232, 69
2026/07/28 17:49:24.342, 296.47, 100, 74232, 69
2026/07/28 17:49:25.379, 295.78, 100, 74232, 69
2026/07/28 17:49:26.416, 295.78, 100, 74232, 69
2026/07/28 17:49:27.453, 293.08, 100, 74232, 69
2026/07/28 17:49:28.490, 297.91, 100, 74232, 69
2026/07/28 17:49:29.530, 298.82, 100, 74232, 70
2026/07/28 17:49:30.568, 297.55, 100, 74232, 70
2026/07/28 17:49:31.604, 300.95, 100, 74232, 70
2026/07/28 17:49:32.642, 298.80, 100, 74232, 70
2026/07/28 17:49:33.679, 301.52, 100, 74232, 70
2026/07/28 17:49:34.717, 299.11, 100, 74232, 70
2026/07/28 17:49:35.754, 299.01, 100, 74232, 70
2026/07/28 17:49:36.791, 300.24, 100, 74232, 71
2026/07/28 17:49:37.830, 298.92, 100, 74232, 71
2026/07/28 17:49:38.867, 298.74, 100, 74232, 71
2026/07/28 17:49:39.905, 298.99, 100, 74232, 71
2026/07/28 17:49:40.942, 290.92, 100, 74232, 71
2026/07/28 17:49:41.978, 292.48, 100, 74232, 71
2026/07/28 17:49:43.013, 291.61, 100, 74232, 71
2026/07/28 17:49:44.053, 292.99, 100, 74232, 71
2026/07/28 17:49:45.089, 311.20, 100, 74232, 72
2026/07/28 17:49:46.127, 296.98, 100, 74232, 71
2026/07/28 17:49:47.165, 300.64, 100, 74232, 72
2026/07/28 17:49:48.202, 301.44, 100, 74232, 72
2026/07/28 17:49:49.241, 300.54, 100, 74232, 72
2026/07/28 17:49:50.279, 302.27, 100, 74232, 72
2026/07/28 17:49:51.315, 300.92, 100, 74232, 72
2026/07/28 17:49:52.352, 301.72, 100, 74232, 72
2026/07/28 17:49:53.388, 301.24, 100, 74232, 72
2026/07/28 17:49:54.425, 301.13, 100, 74232, 72
2026/07/28 17:49:55.462, 301.80, 100, 74232, 72
2026/07/28 17:49:56.499, 302.11, 100, 74232, 72
2026/07/28 17:49:57.535, 301.40, 100, 74232, 72
2026/07/28 17:49:58.572, 295.40, 100, 74232, 72
2026/07/28 17:49:59.608, 301.21, 100, 74232, 72
2026/07/28 17:50:00.646, 302.03, 100, 74232, 72
2026/07/28 17:50:01.684, 296.27, 100, 74232, 72
2026/07/28 17:50:02.720, 291.12, 100, 74232, 72
2026/07/28 17:50:03.757, 294.15, 100, 74232, 72
2026/07/28 17:50:04.793, 294.93, 100, 74232, 72
2026/07/28 17:50:05.836, 301.01, 100, 74232, 73
2026/07/28 17:50:06.873, 304.42, 100, 74232, 73
2026/07/28 17:50:07.911, 301.69, 100, 74232, 73
2026/07/28 17:50:08.948, 305.23, 100, 74232, 73
2026/07/28 17:50:09.986, 301.71, 100, 74232, 73
2026/07/28 17:50:11.024, 301.23, 100, 74232, 73
2026/07/28 17:50:12.060, 294.92, 100, 74232, 73
2026/07/28 17:50:13.098, 300.38, 100, 74232, 73
2026/07/28 17:50:14.139, 302.19, 100, 74232, 73
2026/07/28 17:50:15.175, 303.13, 100, 74232, 73
2026/07/28 17:50:16.220, 302.68, 100, 74232, 73
2026/07/28 17:50:17.259, 302.91, 100, 74232, 73
2026/07/28 17:50:18.297, 294.91, 100, 74232, 73
2026/07/28 17:50:19.334, 291.63, 100, 74232, 73
2026/07/28 17:50:20.375, 296.07, 100, 74232, 73
2026/07/28 17:50:21.412, 301.99, 100, 74232, 73
2026/07/28 17:50:22.448, 302.39, 100, 74232, 73
2026/07/28 17:50:23.485, 299.37, 100, 74232, 73
2026/07/28 17:50:24.522, 303.16, 100, 74232, 73
2026/07/28 17:50:25.559, 303.83, 100, 74232, 73
2026/07/28 17:50:26.598, 303.29, 100, 74232, 73
2026/07/28 17:50:27.635, 302.61, 100, 74232, 73
2026/07/28 17:50:28.672, 302.57, 100, 74232, 73
2026/07/28 17:50:29.709, 303.01, 100, 74232, 73
2026/07/28 17:50:30.746, 304.69, 100, 74232, 73
2026/07/28 17:50:31.782, 302.57, 100, 74232, 73
2026/07/28 17:50:32.819, 305.59, 100, 74232, 73
2026/07/28 17:50:33.857, 303.38, 100, 74232, 73
2026/07/28 17:50:34.893, 297.73, 100, 74232, 73
2026/07/28 17:50:35.932, 303.74, 100, 74232, 73
2026/07/28 17:50:36.971, 294.14, 100, 74232, 73
2026/07/28 17:50:38.009, 294.89, 100, 74232, 73
2026/07/28 17:50:39.047, 307.05, 100, 74232, 73
2026/07/28 17:50:40.084, 300.54, 100, 74232, 73
2026/07/28 17:50:41.123, 295.39, 100, 74232, 73
2026/07/28 17:50:42.160, 295.42, 100, 74232, 73
2026/07/28 17:50:43.197, 295.70, 100, 74232, 73
2026/07/28 17:50:44.235, 300.09, 100, 74232, 73
2026/07/28 17:50:45.275, 297.35, 100, 74232, 73
2026/07/28 17:50:46.312, 302.95, 100, 74232, 73
2026/07/28 17:50:47.349, 302.95, 100, 74232, 73
2026/07/28 17:50:48.387, 292.29, 100, 74232, 73
2026/07/28 17:50:49.423, 296.94, 100, 74232, 73
2026/07/28 17:50:50.461, 299.18, 100, 74232, 73
2026/07/28 17:50:51.497, 306.16, 100, 74232, 73
2026/07/28 17:50:52.534, 303.84, 100, 74232, 73
2026/07/28 17:50:53.570, 304.95, 100, 74232, 73
2026/07/28 17:50:54.608, 303.96, 100, 74232, 73
2026/07/28 17:50:55.644, 304.64, 100, 74232, 73
2026/07/28 17:50:56.682, 303.25, 100, 74232, 73
2026/07/28 17:50:57.719, 299.17, 100, 74232, 73
2026/07/28 17:50:58.758, 293.37, 100, 74232, 73
2026/07/28 17:50:59.795, 296.78, 100, 74232, 73
2026/07/28 17:51:00.832, 296.67, 100, 74232, 73
2026/07/28 17:51:01.868, 298.68, 100, 74232, 73
2026/07/28 17:51:02.904, 295.39, 100, 74232, 73
2026/07/28 17:51:03.943, 296.87, 100, 74232, 73
2026/07/28 17:51:04.980, 296.19, 100, 74232, 73
2026/07/28 17:51:06.017, 297.53, 100, 74232, 73
2026/07/28 17:51:07.054, 296.37, 100, 74232, 73
2026/07/28 17:51:08.091, 298.10, 100, 74232, 73
2026/07/28 17:51:09.128, 298.81, 100, 74232, 73
2026/07/28 17:51:10.166, 297.42, 100, 74232, 73
2026/07/28 17:51:11.203, 296.38, 100, 74232, 73
2026/07/28 17:51:12.240, 294.81, 100, 74232, 73
2026/07/28 17:51:13.278, 295.99, 100, 74232, 74
2026/07/28 17:51:14.316, 296.30, 100, 74232, 74
2026/07/28 17:51:15.353, 304.21, 100, 74232, 74
2026/07/28 17:51:16.392, 305.24, 100, 74232, 74
2026/07/28 17:51:17.430, 303.67, 100, 74232, 74
2026/07/28 17:51:18.472, 300.06, 100, 74232, 74
2026/07/28 17:51:19.509, 296.78, 100, 74232, 74
2026/07/28 17:51:20.547, 294.52, 100, 74232, 73
2026/07/28 17:51:21.587, 297.05, 100, 74232, 74
2026/07/28 17:51:22.624, 303.86, 100, 74232, 74
2026/07/28 17:51:23.661, 302.30, 100, 74232, 74
2026/07/28 17:51:24.699, 292.87, 100, 74232, 73
2026/07/28 17:51:25.737, 296.47, 100, 74232, 74
2026/07/28 17:51:26.775, 304.99, 100, 74232, 74
2026/07/28 17:51:27.812, 304.03, 100, 74232, 74
2026/07/28 17:51:28.851, 304.07, 100, 74232, 74
2026/07/28 17:51:29.889, 304.83, 100, 74232, 74
2026/07/28 17:51:30.926, 299.11, 100, 74232, 74
2026/07/28 17:51:31.964, 296.56, 100, 74232, 74
2026/07/28 17:51:33.002, 298.89, 100, 74232, 73
2026/07/28 17:51:34.039, 298.31, 100, 74232, 73
2026/07/28 17:51:35.077, 296.67, 100, 74232, 73
2026/07/28 17:51:36.116, 297.33, 100, 74232, 73
2026/07/28 17:51:37.153, 295.89, 100, 74232, 73
2026/07/28 17:51:38.189, 295.88, 100, 74232, 73
2026/07/28 17:51:39.226, 292.10, 100, 74232, 73
2026/07/28 17:51:40.263, 297.70, 100, 74232, 73
2026/07/28 17:51:41.300, 295.49, 100, 74232, 73
2026/07/28 17:51:42.337, 295.97, 100, 74232, 73
2026/07/28 17:51:43.374, 295.68, 100, 74232, 73
2026/07/28 17:51:44.409, 303.74, 100, 74232, 74
2026/07/28 17:51:45.447, 299.97, 100, 74232, 73
2026/07/28 17:51:46.485, 299.00, 100, 74232, 73
2026/07/28 17:51:47.524, 296.28, 100, 74232, 73
2026/07/28 17:51:48.562, 296.96, 100, 74232, 74
2026/07/28 17:51:49.600, 296.85, 100, 74232, 74
2026/07/28 17:51:50.638, 300.36, 100, 74232, 74
2026/07/28 17:51:51.675, 295.70, 100, 74232, 73
2026/07/28 17:51:52.717, 296.38, 100, 74232, 74
2026/07/28 17:51:53.755, 304.05, 100, 74232, 74
2026/07/28 17:51:54.792, 303.57, 100, 74232, 74
2026/07/28 17:51:55.829, 300.63, 100, 74232, 74
2026/07/28 17:51:56.866, 304.52, 100, 74232, 74
2026/07/28 17:51:57.905, 305.88, 100, 74232, 74
2026/07/28 17:51:58.941, 303.63, 100, 74232, 74
2026/07/28 17:51:59.977, 305.73, 100, 74232, 74
2026/07/28 17:52:01.014, 298.02, 100, 74232, 74
2026/07/28 17:52:02.051, 293.45, 100, 74232, 74
2026/07/28 17:52:03.087, 296.95, 100, 74232, 74
2026/07/28 17:52:04.124, 296.66, 100, 74232, 74
2026/07/28 17:52:05.161, 298.20, 100, 74232, 74
2026/07/28 17:52:06.197, 296.76, 100, 74232, 74
2026/07/28 17:52:07.234, 300.35, 100, 74232, 74
2026/07/28 17:52:08.276, 297.92, 100, 74232, 74
2026/07/28 17:52:09.315, 296.67, 100, 74232, 74
2026/07/28 17:52:10.351, 298.60, 100, 74232, 74
2026/07/28 17:52:11.388, 296.57, 100, 74232, 74
2026/07/28 17:52:12.425, 298.13, 100, 74232, 74
2026/07/28 17:52:13.462, 296.96, 100, 74232, 74
2026/07/28 17:52:14.500, 299.56, 100, 74232, 74
2026/07/28 17:52:15.537, 296.47, 100, 74232, 74
2026/07/28 17:52:16.577, 296.18, 100, 74232, 74
2026/07/28 17:52:17.614, 296.56, 100, 74232, 74
2026/07/28 17:52:18.655, 300.17, 100, 74232, 74
2026/07/28 17:52:19.691, 293.46, 100, 74232, 74
2026/07/28 17:52:20.729, 296.85, 100, 74232, 74
2026/07/28 17:52:21.768, 296.28, 100, 74232, 74
2026/07/28 17:52:22.806, 296.86, 100, 74232, 74
2026/07/28 17:52:23.842, 305.18, 100, 74232, 74
2026/07/28 17:52:24.879, 304.55, 100, 74232, 74
2026/07/28 17:52:25.916, 304.75, 100, 74232, 74
2026/07/28 17:52:26.953, 297.43, 100, 74232, 74
2026/07/28 17:52:27.991, 297.04, 100, 74232, 74
2026/07/28 17:52:29.031, 294.24, 100, 74232, 74
2026/07/28 17:52:30.069, 296.58, 100, 74232, 74
2026/07/28 17:52:31.106, 297.35, 100, 74232, 74
2026/07/28 17:52:32.143, 297.24, 100, 74232, 74
2026/07/28 17:52:33.180, 296.38, 100, 74232, 74
2026/07/28 17:52:34.218, 297.43, 100, 74232, 74
2026/07/28 17:52:35.256, 298.00, 100, 74232, 74
2026/07/28 17:52:36.296, 297.52, 100, 74232, 74
2026/07/28 17:52:37.333, 298.92, 100, 74232, 74
2026/07/28 17:52:38.370, 297.71, 100, 74232, 74
2026/07/28 17:52:39.407, 297.75, 100, 74232, 74
2026/07/28 17:52:40.445, 296.94, 100, 74232, 74
2026/07/28 17:52:41.481, 297.15, 100, 74232, 74
2026/07/28 17:52:42.518, 297.73, 100, 74232, 74
2026/07/28 17:52:43.556, 304.46, 100, 74232, 74
2026/07/28 17:52:44.592, 305.03, 100, 74232, 74
2026/07/28 17:52:45.630, 301.52, 100, 74232, 74
2026/07/28 17:52:46.667, 299.58, 100, 74232, 74
2026/07/28 17:52:47.707, 299.37, 100, 74232, 74
2026/07/28 17:52:48.745, 299.58, 100, 74232, 74
2026/07/28 17:52:49.782, 298.20, 100, 74232, 74
2026/07/28 17:52:50.821, 304.41, 100, 74232, 74
2026/07/28 17:52:51.859, 302.49, 100, 74232, 74
2026/07/28 17:52:52.896, 305.96, 100, 74232, 74
2026/07/28 17:52:53.936, 305.09, 100, 74232, 74
2026/07/28 17:52:54.974, 297.05, 100, 74232, 74
2026/07/28 17:52:56.010, 298.30, 100, 74232, 74
2026/07/28 17:52:57.047, 297.91, 100, 74232, 74
2026/07/28 17:52:58.083, 297.80, 100, 74232, 74
2026/07/28 17:52:59.120, 298.40, 100, 74232, 74
2026/07/28 17:53:00.156, 296.74, 100, 74232, 74
2026/07/28 17:53:01.192, 300.26, 100, 74232, 74
2026/07/28 17:53:02.228, 297.55, 100, 74232, 74
2026/07/28 17:53:03.265, 305.58, 100, 74232, 74
2026/07/28 17:53:04.302, 301.72, 100, 74232, 74
2026/07/28 17:53:05.341, 302.21, 100, 74232, 74
2026/07/28 17:53:06.378, 305.23, 100, 74232, 74
2026/07/28 17:53:07.415, 308.75, 100, 74232, 74
2026/07/28 17:53:08.452, 305.18, 100, 74232, 74
2026/07/28 17:53:09.489, 294.35, 100, 74232, 74
2026/07/28 17:53:10.529, 296.67, 100, 74232, 74
2026/07/28 17:53:11.566, 297.63, 100, 74232, 74
2026/07/28 17:53:12.602, 297.44, 100, 74232, 74
2026/07/28 17:53:13.640, 297.95, 100, 74232, 74
2026/07/28 17:53:14.677, 304.55, 100, 74232, 74
2026/07/28 17:53:15.714, 298.72, 100, 74232, 74
2026/07/28 17:53:16.751, 297.93, 100, 74232, 74
2026/07/28 17:53:17.789, 297.17, 100, 74232, 74
2026/07/28 17:53:18.825, 298.01, 100, 74232, 74
2026/07/28 17:53:19.862, 298.40, 100, 74232, 74
2026/07/28 17:53:20.899, 297.94, 100, 74232, 74
2026/07/28 17:53:21.937, 303.68, 100, 74232, 74
2026/07/28 17:53:22.976, 296.95, 100, 74232, 74
2026/07/28 17:53:24.013, 297.35, 100, 74232, 74
2026/07/28 17:53:25.049, 296.66, 100, 74232, 74
2026/07/28 17:53:26.086, 297.14, 100, 74232, 74
2026/07/28 17:53:27.123, 298.41, 100, 74232, 74
2026/07/28 17:53:28.160, 298.79, 100, 74232, 74
2026/07/28 17:53:29.198, 296.94, 100, 74232, 74
2026/07/28 17:53:30.235, 297.43, 100, 74232, 74
2026/07/28 17:53:31.272, 297.82, 100, 74232, 74
2026/07/28 17:53:32.309, 293.65, 100, 74232, 74
2026/07/28 17:53:33.347, 293.15, 100, 74232, 74
2026/07/28 17:53:34.384, 297.24, 100, 74232, 74
2026/07/28 17:53:35.420, 296.47, 100, 74232, 74
2026/07/28 17:53:36.456, 296.88, 100, 74232, 74
2026/07/28 17:53:37.493, 297.25, 100, 74232, 74
2026/07/28 17:53:38.532, 296.95, 100, 74232, 74
2026/07/28 17:53:39.569, 297.63, 100, 74232, 74
2026/07/28 17:53:40.605, 296.65, 100, 74232, 74
2026/07/28 17:53:41.642, 296.77, 100, 74232, 74
2026/07/28 17:53:42.679, 298.31, 100, 74232, 74
2026/07/28 17:53:43.718, 296.67, 100, 74232, 74
2026/07/28 17:53:44.755, 296.66, 100, 74232, 74
2026/07/28 17:53:45.797, 297.84, 100, 74232, 74
2026/07/28 17:53:46.834, 296.86, 100, 74232, 74
2026/07/28 17:53:47.871, 296.95, 100, 74232, 74
2026/07/28 17:53:48.909, 297.07, 100, 74232, 74
2026/07/28 17:53:49.949, 304.33, 100, 74232, 74
2026/07/28 17:53:50.986, 305.28, 100, 74232, 74
2026/07/28 17:53:52.024, 304.53, 100, 74232, 74
2026/07/28 17:53:53.061, 305.85, 100, 74232, 74
2026/07/28 17:53:54.098, 304.34, 100, 74232, 74
2026/07/28 17:53:55.136, 306.23, 100, 74232, 74
2026/07/28 17:53:56.172, 306.54, 100, 74232, 74
2026/07/28 17:53:57.213, 297.25, 100, 74232, 74
2026/07/28 17:53:58.250, 306.10, 100, 74232, 74
2026/07/28 17:53:59.287, 298.31, 100, 74232, 74
2026/07/28 17:54:00.326, 293.17, 100, 74232, 74
2026/07/28 17:54:01.363, 298.68, 100, 74232, 74
2026/07/28 17:54:02.400, 298.38, 100, 74232, 74
2026/07/28 17:54:03.437, 296.84, 100, 74232, 74
2026/07/28 17:54:04.474, 299.00, 100, 74232, 74
2026/07/28 17:54:05.511, 297.34, 100, 74232, 74
2026/07/28 17:54:06.548, 301.81, 100, 74232, 75
2026/07/28 17:54:07.583, 298.37, 100, 74232, 75
2026/07/28 17:54:08.618, 313.43, 100, 74232, 75
2026/07/28 17:54:09.653, 301.96, 100, 74232, 75
2026/07/28 17:54:10.694, 286.13, 100, 74232, 75
2026/07/28 17:54:11.730, 305.11, 100, 74232, 75
2026/07/28 17:54:12.766, 314.99, 100, 74232, 75
2026/07/28 17:54:13.802, 303.73, 100, 74232, 74
2026/07/28 17:54:14.839, 303.05, 100, 74232, 73
2026/07/28 17:54:15.877, 303.94, 100, 74232, 73
2026/07/28 17:54:16.914, 304.02, 100, 74232, 73
2026/07/28 17:54:17.953, 302.87, 100, 74232, 73
2026/07/28 17:54:18.991, 303.94, 100, 74232, 73
2026/07/28 17:54:20.028, 296.09, 100, 74232, 73
2026/07/28 17:54:21.064, 296.07, 100, 74232, 73
2026/07/28 17:54:22.101, 295.71, 100, 74232, 73
2026/07/28 17:54:23.138, 294.62, 100, 74232, 73
2026/07/28 17:54:24.175, 294.53, 100, 74232, 73
2026/07/28 17:54:25.212, 297.24, 100, 74232, 73
2026/07/28 17:54:26.250, 294.73, 100, 74232, 73
2026/07/28 17:54:27.288, 295.98, 100, 74232, 73
2026/07/28 17:54:28.325, 294.92, 100, 74232, 73
2026/07/28 17:54:29.361, 295.10, 100, 74232, 73
2026/07/28 17:54:30.397, 306.34, 100, 74232, 73
2026/07/28 17:54:31.433, 298.42, 100, 74232, 73
2026/07/28 17:54:32.470, 301.63, 100, 74232, 73
2026/07/28 17:54:33.506, 304.17, 100, 74232, 73
2026/07/28 17:54:34.542, 301.90, 100, 74232, 73
2026/07/28 17:54:35.579, 304.35, 100, 74232, 73
2026/07/28 17:54:36.615, 302.67, 100, 74232, 73
2026/07/28 17:54:37.652, 303.84, 100, 74232, 72
2026/07/28 17:54:38.689, 301.83, 100, 74232, 72
2026/07/28 17:54:39.727, 302.47, 100, 74232, 72
2026/07/28 17:54:40.764, 302.31, 100, 74232, 72
2026/07/28 17:54:41.801, 301.80, 100, 74232, 72
2026/07/28 17:54:42.838, 300.84, 100, 74232, 72
2026/07/28 17:54:43.876, 293.85, 100, 74232, 72
2026/07/28 17:54:44.912, 295.48, 100, 74232, 72
2026/07/28 17:54:45.949, 302.99, 100, 74232, 72
2026/07/28 17:54:46.987, 295.89, 100, 74232, 72
2026/07/28 17:54:48.024, 294.71, 100, 74232, 72
2026/07/28 17:54:49.062, 295.97, 100, 74232, 72
2026/07/28 17:54:50.099, 294.13, 100, 74232, 72
2026/07/28 17:54:51.138, 291.10, 100, 74232, 72
2026/07/28 17:54:52.175, 292.78, 100, 74232, 72
2026/07/28 17:54:53.215, 292.58, 100, 74232, 72
2026/07/28 17:54:54.250, 300.05, 100, 74232, 72
2026/07/28 17:54:55.288, 300.85, 100, 74232, 72
2026/07/28 17:54:56.325, 302.66, 100, 74232, 72
2026/07/28 17:54:57.363, 300.65, 100, 74232, 72
2026/07/28 17:54:58.401, 302.61, 100, 74232, 72
2026/07/28 17:54:59.439, 301.23, 100, 74232, 72
2026/07/28 17:55:00.477, 301.05, 100, 74232, 72
2026/07/28 17:55:01.513, 300.84, 100, 74232, 72
2026/07/28 17:55:02.550, 300.57, 100, 74232, 72
2026/07/28 17:55:03.588, 301.31, 100, 74232, 72
2026/07/28 17:55:04.624, 302.30, 100, 74232, 72
2026/07/28 17:55:05.662, 300.55, 100, 74232, 72
2026/07/28 17:55:06.699, 300.84, 100, 74232, 72
2026/07/28 17:55:07.737, 300.25, 100, 74232, 72
2026/07/28 17:55:08.774, 301.75, 100, 74232, 71
2026/07/28 17:55:09.811, 300.44, 100, 74232, 71
2026/07/28 17:55:10.849, 302.80, 100, 74232, 71
2026/07/28 17:55:11.885, 300.17, 100, 74232, 71
2026/07/28 17:55:12.923, 300.94, 100, 74232, 71
2026/07/28 17:55:13.960, 292.58, 100, 74232, 71
2026/07/28 17:55:14.998, 299.80, 100, 74232, 71
2026/07/28 17:55:16.036, 301.99, 100, 74232, 71
2026/07/28 17:55:17.073, 296.00, 100, 74232, 71
2026/07/28 17:55:18.111, 300.04, 100, 74232, 71
2026/07/28 17:55:19.147, 300.43, 100, 74232, 71
2026/07/28 17:55:20.184, 293.17, 100, 74232, 71
2026/07/28 17:55:21.222, 288.59, 100, 74232, 71
2026/07/28 17:55:22.259, 288.99, 100, 74232, 71
2026/07/28 17:55:23.295, 295.40, 100, 74232, 71
2026/07/28 17:55:24.332, 292.30, 100, 74232, 71
2026/07/28 17:55:25.369, 299.10, 100, 74232, 71
2026/07/28 17:55:26.407, 295.29, 100, 74232, 71
2026/07/28 17:55:27.444, 299.46, 100, 74232, 71
2026/07/28 17:55:28.485, 298.22, 100, 74232, 70
2026/07/28 17:55:29.522, 300.14, 100, 74232, 70
2026/07/28 17:55:30.562, 299.28, 100, 74232, 70
2026/07/28 17:55:31.599, 297.74, 100, 74232, 70
2026/07/28 17:55:32.643, 298.91, 100, 74232, 70
2026/07/28 17:55:33.681, 299.38, 100, 74232, 70
2026/07/28 17:55:34.718, 299.49, 100, 74232, 70
2026/07/28 17:55:35.757, 299.00, 100, 74232, 70
2026/07/28 17:55:36.794, 304.51, 100, 74232, 70
2026/07/28 17:55:37.830, 306.55, 100, 74232, 70
2026/07/28 17:55:38.868, 302.10, 100, 74232, 70
2026/07/28 17:55:39.906, 304.02, 100, 74232, 70
2026/07/28 17:55:40.943, 299.00, 100, 74232, 70
2026/07/28 17:55:41.982, 299.52, 100, 74232, 70
2026/07/28 17:55:43.019, 299.30, 100, 74232, 70
2026/07/28 17:55:44.056, 298.22, 100, 74232, 70
2026/07/28 17:55:45.093, 301.22, 100, 74232, 70
2026/07/28 17:55:46.131, 303.44, 100, 74232, 70
2026/07/28 17:55:47.168, 297.84, 100, 74232, 70
2026/07/28 17:55:48.204, 299.08, 100, 74232, 70
2026/07/28 17:55:49.242, 297.92, 100, 74232, 70
2026/07/28 17:55:50.280, 301.87, 100, 74232, 70
2026/07/28 17:55:51.316, 298.41, 100, 74232, 70
2026/07/28 17:55:52.352, 297.72, 100, 74232, 70
2026/07/28 17:55:53.390, 301.06, 100, 74232, 70
2026/07/28 17:55:54.426, 305.94, 100, 74232, 70
2026/07/28 17:55:55.468, 298.69, 100, 74232, 70
2026/07/28 17:55:56.505, 299.65, 100, 74232, 70
2026/07/28 17:55:57.541, 298.52, 100, 74232, 70
2026/07/28 17:55:58.579, 298.30, 100, 74232, 70
2026/07/28 17:55:59.616, 299.65, 100, 74232, 70
2026/07/28 17:56:00.654, 297.83, 100, 74232, 70
2026/07/28 17:56:01.691, 298.68, 100, 74232, 70
2026/07/28 17:56:02.733, 297.71, 100, 74232, 70
2026/07/28 17:56:03.770, 299.11, 100, 74232, 69
2026/07/28 17:56:04.807, 296.68, 100, 74232, 69
2026/07/28 17:56:05.843, 298.13, 100, 74232, 69
2026/07/28 17:56:06.879, 297.15, 100, 74232, 69
2026/07/28 17:56:07.917, 298.30, 100, 74232, 69
2026/07/28 17:56:08.953, 297.35, 100, 74232, 69
2026/07/28 17:56:09.992, 296.48, 100, 74232, 69
2026/07/28 17:56:11.028, 297.22, 100, 74232, 69
2026/07/28 17:56:12.066, 297.24, 100, 74232, 69
2026/07/28 17:56:13.102, 297.62, 100, 74232, 69
2026/07/28 17:56:14.139, 298.90, 100, 74232, 69
2026/07/28 17:56:15.175, 297.26, 100, 74232, 69
2026/07/28 17:56:16.211, 297.44, 100, 74232, 69
2026/07/28 17:56:17.249, 297.55, 100, 74232, 69
2026/07/28 17:56:18.287, 297.06, 100, 74232, 69
2026/07/28 17:56:19.325, 297.55, 100, 74232, 69
2026/07/28 17:56:20.363, 296.78, 100, 74232, 69
2026/07/28 17:56:21.399, 300.16, 100, 74232, 69
2026/07/28 17:56:22.437, 296.95, 100, 74232, 69
2026/07/28 17:56:23.474, 303.56, 100, 74232, 69
2026/07/28 17:56:24.511, 305.10, 100, 74232, 69
2026/07/28 17:56:25.548, 305.98, 100, 74232, 69
2026/07/28 17:56:26.585, 305.30, 100, 74232, 69
2026/07/28 17:56:27.621, 303.07, 100, 74232, 69
2026/07/28 17:56:28.659, 303.83, 100, 74232, 69
2026/07/28 17:56:29.696, 293.08, 100, 74232, 69
2026/07/28 17:56:30.733, 300.14, 100, 74232, 69
2026/07/28 17:56:31.770, 303.58, 100, 74232, 69
2026/07/28 17:56:32.809, 304.05, 100, 74232, 69
2026/07/28 17:56:33.846, 292.99, 100, 74232, 69
2026/07/28 17:56:34.883, 297.12, 100, 74232, 69
2026/07/28 17:56:35.919, 297.16, 100, 74232, 69
2026/07/28 17:56:36.956, 295.78, 100, 74232, 69
2026/07/28 17:56:37.993, 296.26, 100, 74232, 69
2026/07/28 17:56:39.032, 300.14, 100, 74232, 69
2026/07/28 17:56:40.069, 296.73, 100, 74232, 69
2026/07/28 17:56:41.108, 298.59, 100, 74232, 69
2026/07/28 17:56:42.145, 302.90, 100, 74232, 69
2026/07/28 17:56:43.182, 304.88, 100, 74232, 69
2026/07/28 17:56:44.219, 303.77, 100, 74232, 69
2026/07/28 17:56:45.258, 302.98, 100, 74232, 69
2026/07/28 17:56:46.295, 302.11, 100, 74232, 69
2026/07/28 17:56:47.332, 303.34, 100, 74232, 69
2026/07/28 17:56:48.374, 296.86, 100, 74232, 69
2026/07/28 17:56:49.415, 301.89, 100, 74232, 69
2026/07/28 17:56:50.451, 297.33, 100, 74232, 69
2026/07/28 17:56:51.489, 302.33, 100, 74232, 69
2026/07/28 17:56:52.527, 303.15, 100, 74232, 69
2026/07/28 17:56:53.564, 302.86, 100, 74232, 69
2026/07/28 17:56:54.600, 303.07, 100, 74232, 69
2026/07/28 17:56:55.643, 303.76, 100, 74232, 69
2026/07/28 17:56:56.680, 296.57, 100, 74232, 69
2026/07/28 17:56:57.717, 296.08, 100, 74232, 69
2026/07/28 17:56:58.754, 296.28, 100, 74232, 69
2026/07/28 17:56:59.791, 296.16, 100, 74232, 69
2026/07/28 17:57:00.828, 297.13, 100, 74232, 69
2026/07/28 17:57:01.865, 295.89, 100, 74232, 69
2026/07/28 17:57:02.902, 295.88, 100, 74232, 69
2026/07/28 17:57:03.939, 303.09, 100, 74232, 69
2026/07/28 17:57:04.976, 296.55, 100, 74232, 69
2026/07/28 17:57:06.013, 296.95, 100, 74232, 69
2026/07/28 17:57:07.053, 296.28, 100, 74232, 69
2026/07/28 17:57:08.090, 295.88, 100, 74232, 69
2026/07/28 17:57:09.128, 295.98, 100, 74232, 69
2026/07/28 17:57:10.165, 302.67, 100, 74232, 69
2026/07/28 17:57:11.201, 303.75, 100, 74232, 69
2026/07/28 17:57:12.238, 303.66, 100, 74232, 69
2026/07/28 17:57:13.275, 304.13, 100, 74232, 69
2026/07/28 17:57:14.313, 296.37, 100, 74232, 69
2026/07/28 17:57:15.349, 294.12, 100, 74232, 68
2026/07/28 17:57:16.388, 301.52, 100, 74232, 69
2026/07/28 17:57:17.425, 299.39, 100, 74232, 69
2026/07/28 17:57:18.462, 296.35, 100, 74232, 69
2026/07/28 17:57:19.501, 293.57, 100, 74232, 69
2026/07/28 17:57:20.539, 299.95, 100, 74232, 69
2026/07/28 17:57:21.575, 299.18, 100, 74232, 68
2026/07/28 17:57:22.612, 302.67, 100, 74232, 68
2026/07/28 17:57:23.649, 296.37, 100, 74232, 68
2026/07/28 17:57:24.687, 295.89, 100, 74232, 68
2026/07/28 17:57:25.724, 296.66, 100, 74232, 68
2026/07/28 17:57:26.761, 296.26, 100, 74232, 68
2026/07/28 17:57:27.797, 296.38, 100, 74232, 68
2026/07/28 17:57:28.838, 302.97, 100, 74232, 68
2026/07/28 17:57:29.875, 303.95, 100, 74232, 68
2026/07/28 17:57:30.912, 297.23, 100, 74232, 68
2026/07/28 17:57:31.951, 295.59, 100, 74232, 68
2026/07/28 17:57:32.989, 296.76, 100, 74232, 68
2026/07/28 17:57:34.028, 296.65, 100, 74232, 68
2026/07/28 17:57:35.065, 297.51, 100, 74232, 68
2026/07/28 17:57:36.102, 295.57, 100, 74232, 68
2026/07/28 17:57:37.140, 295.70, 100, 74232, 68
2026/07/28 17:57:38.177, 292.39, 100, 74232, 68
2026/07/28 17:57:39.220, 298.41, 100, 74232, 68
2026/07/28 17:57:40.257, 300.16, 100, 74232, 68
2026/07/28 17:57:41.294, 303.17, 100, 74232, 68
2026/07/28 17:57:42.340, 306.27, 100, 74232, 68
2026/07/28 17:57:43.377, 295.41, 100, 74232, 68
2026/07/28 17:57:44.413, 298.77, 100, 74232, 68
2026/07/28 17:57:45.453, 296.76, 100, 74232, 68
2026/07/28 17:57:46.489, 303.47, 100, 74232, 68
2026/07/28 17:57:47.526, 302.28, 100, 74232, 68
2026/07/28 17:57:48.562, 301.60, 100, 74232, 68
2026/07/28 17:57:49.598, 295.30, 100, 74232, 68
2026/07/28 17:57:50.640, 303.48, 100, 74232, 68
2026/07/28 17:57:51.677, 302.61, 100, 74232, 68
2026/07/28 17:57:52.714, 299.71, 100, 74232, 68
2026/07/28 17:57:53.750, 300.27, 100, 74232, 69
2026/07/28 17:57:54.786, 304.92, 100, 74232, 69
2026/07/28 17:57:55.823, 304.12, 100, 74232, 69
2026/07/28 17:57:56.860, 304.05, 100, 74232, 69
2026/07/28 17:57:57.898, 298.11, 100, 74232, 69
2026/07/28 17:57:58.935, 297.14, 100, 74232, 69
2026/07/28 17:57:59.972, 297.35, 100, 74232, 69
2026/07/28 17:58:01.008, 298.31, 100, 74232, 70
2026/07/28 17:58:02.047, 295.68, 100, 74232, 70
2026/07/28 17:58:03.084, 298.12, 100, 74232, 70
2026/07/28 17:58:04.120, 298.22, 100, 74232, 70
2026/07/28 17:58:05.157, 297.93, 100, 74232, 70
2026/07/28 17:58:06.194, 298.11, 100, 74232, 70
2026/07/28 17:58:07.231, 300.37, 100, 74232, 70
2026/07/28 17:58:08.269, 298.20, 100, 74232, 70
2026/07/28 17:58:09.306, 301.28, 100, 74232, 71
2026/07/28 17:58:10.343, 300.74, 100, 74232, 71
2026/07/28 17:58:11.378, 305.02, 100, 74232, 71
2026/07/28 17:58:12.420, 299.77, 100, 74232, 71
2026/07/28 17:58:13.456, 300.47, 100, 74232, 71
2026/07/28 17:58:14.493, 300.95, 100, 74232, 71
2026/07/28 17:58:15.531, 300.44, 100, 74232, 71
2026/07/28 17:58:16.569, 300.07, 100, 74232, 71
2026/07/28 17:58:17.606, 301.54, 100, 74232, 71
2026/07/28 17:58:18.644, 301.39, 100, 74232, 71
2026/07/28 17:58:19.681, 301.02, 100, 74232, 72
2026/07/28 17:58:20.718, 301.82, 100, 74232, 72
2026/07/28 17:58:21.755, 301.16, 100, 74232, 72
2026/07/28 17:58:22.792, 305.68, 100, 74232, 72
2026/07/28 17:58:23.833, 301.13, 100, 74232, 72
2026/07/28 17:58:24.870, 293.76, 100, 74232, 72
2026/07/28 17:58:25.907, 293.66, 100, 74232, 72
2026/07/28 17:58:26.945, 294.25, 100, 74232, 72
2026/07/28 17:58:27.982, 294.46, 100, 74232, 72
2026/07/28 17:58:29.022, 293.86, 100, 74232, 72
2026/07/28 17:58:30.059, 298.62, 100, 74232, 72
2026/07/28 17:58:31.096, 297.13, 100, 74232, 72
2026/07/28 17:58:32.133, 294.13, 100, 74232, 72
2026/07/28 17:58:33.169, 302.28, 100, 74232, 72
2026/07/28 17:58:34.207, 302.98, 100, 74232, 72
2026/07/28 17:58:35.244, 298.13, 100, 74232, 72
2026/07/28 17:58:36.282, 298.12, 100, 74232, 72
2026/07/28 17:58:37.320, 304.51, 100, 74232, 73
2026/07/28 17:58:38.358, 301.70, 100, 74232, 73
2026/07/28 17:58:39.395, 295.40, 100, 74232, 73
2026/07/28 17:58:40.432, 295.99, 100, 74232, 73
2026/07/28 17:58:41.470, 294.52, 100, 74232, 73
2026/07/28 17:58:42.507, 299.18, 100, 74232, 73
2026/07/28 17:58:43.545, 295.91, 100, 74232, 73
2026/07/28 17:58:44.582, 302.30, 100, 74232, 73
2026/07/28 17:58:45.619, 296.84, 100, 74232, 73
2026/07/28 17:58:46.658, 293.85, 100, 74232, 73
2026/07/28 17:58:47.696, 295.68, 100, 74232, 73
2026/07/28 17:58:48.735, 291.99, 100, 74232, 73
2026/07/28 17:58:49.773, 292.50, 100, 74232, 73
2026/07/28 17:58:50.810, 295.41, 100, 74232, 73
2026/07/28 17:58:51.847, 295.60, 100, 74232, 73
2026/07/28 17:58:52.887, 303.77, 100, 74232, 73
2026/07/28 17:58:53.923, 300.83, 100, 74232, 73
2026/07/28 17:58:54.969, 295.97, 100, 74232, 73
2026/07/28 17:58:56.006, 296.00, 100, 74232, 73
2026/07/28 17:58:57.042, 293.29, 100, 74232, 73
2026/07/28 17:58:58.081, 296.47, 100, 74232, 73
2026/07/28 17:58:59.119, 295.98, 100, 74232, 73
2026/07/28 17:59:00.158, 304.81, 100, 74232, 73
2026/07/28 17:59:01.196, 298.21, 100, 74232, 73
2026/07/28 17:59:02.232, 298.88, 100, 74232, 73
2026/07/28 17:59:03.269, 303.54, 100, 74232, 73
2026/07/28 17:59:04.307, 303.11, 100, 74232, 73
2026/07/28 17:59:05.343, 303.63, 100, 74232, 73
2026/07/28 17:59:06.380, 198.71, 100, 74232, 72
2026/07/28 17:59:07.413, 292.77, 28, 74232, 74
2026/07/28 17:59:08.449, 297.83, 100, 74232, 75
2026/07/28 17:59:09.485, 303.25, 100, 74232, 75
2026/07/28 17:59:10.519, 324.19, 100, 74232, 75
2026/07/28 17:59:11.554, 299.39, 100, 74232, 75
2026/07/28 17:59:12.592, 297.23, 100, 74232, 75
2026/07/28 17:59:13.626, 273.93, 100, 74232, 75
2026/07/28 17:59:14.661, 302.57, 100, 74232, 73
2026/07/28 17:59:15.698, 303.55, 100, 74232, 73
2026/07/28 17:59:16.735, 304.21, 100, 74232, 73
2026/07/28 17:59:17.773, 304.42, 100, 74232, 73
2026/07/28 17:59:18.810, 303.98, 100, 74232, 74
2026/07/28 17:59:19.850, 304.35, 100, 74232, 74
2026/07/28 17:59:20.886, 303.68, 100, 74232, 74
2026/07/28 17:59:21.924, 304.12, 100, 74232, 74
2026/07/28 17:59:22.964, 299.11, 100, 74232, 74
2026/07/28 17:59:24.000, 295.98, 100, 74232, 74
2026/07/28 17:59:25.037, 299.86, 100, 74232, 74
2026/07/28 17:59:26.077, 298.42, 100, 74232, 74
2026/07/28 17:59:27.114, 296.66, 100, 74232, 74
2026/07/28 17:59:28.150, 293.76, 100, 74232, 74
2026/07/28 17:59:29.187, 296.18, 100, 74232, 74
2026/07/28 17:59:30.224, 300.25, 100, 74232, 74
2026/07/28 17:59:31.261, 296.65, 100, 74232, 74
2026/07/28 17:59:32.298, 296.19, 100, 74232, 74
2026/07/28 17:59:33.334, 296.28, 100, 74232, 74
2026/07/28 17:59:34.371, 296.00, 100, 74232, 74
2026/07/28 17:59:35.408, 296.55, 100, 74232, 74
2026/07/28 17:59:36.448, 296.38, 100, 74232, 73
2026/07/28 17:59:37.486, 295.89, 100, 74232, 73
2026/07/28 17:59:38.522, 295.00, 100, 74232, 73
2026/07/28 17:59:39.560, 296.18, 100, 74232, 74
2026/07/28 17:59:40.597, 303.76, 100, 74232, 74
2026/07/28 17:59:41.636, 302.18, 100, 74232, 73
2026/07/28 17:59:42.673, 303.65, 100, 74232, 74
2026/07/28 17:59:43.710, 305.17, 100, 74232, 74
2026/07/28 17:59:44.747, 303.34, 100, 74232, 74
2026/07/28 17:59:45.784, 302.67, 100, 74232, 74
2026/07/28 17:59:46.822, 296.76, 100, 74232, 74
2026/07/28 17:59:47.858, 305.61, 100, 74232, 74
2026/07/28 17:59:48.900, 303.65, 100, 74232, 74
2026/07/28 17:59:49.938, 303.84, 100, 74232, 74
2026/07/28 17:59:50.976, 297.25, 100, 74232, 74
2026/07/28 17:59:52.017, 303.89, 100, 74232, 74
2026/07/28 17:59:53.055, 296.00, 100, 74232, 74
2026/07/28 17:59:54.092, 296.48, 100, 74232, 74
2026/07/28 17:59:55.131, 292.96, 100, 74232, 73
2026/07/28 17:59:56.168, 298.90, 100, 74232, 74
2026/07/28 17:59:57.206, 296.95, 100, 74232, 74
2026/07/28 17:59:58.243, 300.55, 100, 74232, 74
2026/07/28 17:59:59.280, 296.85, 100, 74232, 74
2026/07/28 18:00:00.317, 296.38, 100, 74232, 74
2026/07/28 18:00:01.355, 300.76, 100, 74232, 74
2026/07/28 18:00:02.393, 303.36, 100, 74232, 74
2026/07/28 18:00:03.431, 305.13, 100, 74232, 74
2026/07/28 18:00:04.468, 303.37, 100, 74232, 74
2026/07/28 18:00:05.507, 296.77, 100, 74232, 74
2026/07/28 18:00:06.544, 295.51, 100, 74232, 74
2026/07/28 18:00:07.582, 296.58, 100, 74232, 74
2026/07/28 18:00:08.618, 300.07, 100, 74232, 74
2026/07/28 18:00:09.655, 304.99, 100, 74232, 74
2026/07/28 18:00:10.693, 303.18, 100, 74232, 74
2026/07/28 18:00:11.732, 304.62, 100, 74232, 74
2026/07/28 18:00:12.768, 302.09, 100, 74232, 74
2026/07/28 18:00:13.804, 304.18, 100, 74232, 74
2026/07/28 18:00:14.841, 303.83, 100, 74232, 74
2026/07/28 18:00:15.877, 304.64, 100, 74232, 74
2026/07/28 18:00:16.914, 304.27, 100, 74232, 74
2026/07/28 18:00:17.950, 304.82, 100, 74232, 74
2026/07/28 18:00:18.991, 306.26, 100, 74232, 74
2026/07/28 18:00:20.027, 304.26, 100, 74232, 74
2026/07/28 18:00:21.071, 306.78, 100, 74232, 74
2026/07/28 18:00:22.110, 303.66, 100, 74232, 74
2026/07/28 18:00:23.147, 297.57, 100, 74232, 74
2026/07/28 18:00:24.185, 292.49, 100, 74232, 74
2026/07/28 18:00:25.224, 297.25, 100, 74232, 74
2026/07/28 18:00:26.265, 296.08, 100, 74232, 74
2026/07/28 18:00:27.302, 294.42, 100, 74232, 74
2026/07/28 18:00:28.339, 296.97, 100, 74232, 74
2026/07/28 18:00:29.376, 297.25, 100, 74232, 74
2026/07/28 18:00:30.413, 296.00, 100, 74232, 74
2026/07/28 18:00:31.450, 296.96, 100, 74232, 74
2026/07/28 18:00:32.487, 299.61, 100, 74232, 74
2026/07/28 18:00:33.523, 303.27, 100, 74232, 74
2026/07/28 18:00:34.559, 301.90, 100, 74232, 74
2026/07/28 18:00:35.596, 303.69, 100, 74232, 74
2026/07/28 18:00:36.632, 297.18, 100, 74232, 74
2026/07/28 18:00:37.669, 293.36, 100, 74232, 74
2026/07/28 18:00:38.706, 299.12, 100, 74232, 74
2026/07/28 18:00:39.743, 295.81, 100, 74232, 74
2026/07/28 18:00:40.782, 297.05, 100, 74232, 74
2026/07/28 18:00:41.820, 296.76, 100, 74232, 74
2026/07/28 18:00:42.857, 296.46, 100, 74232, 74
2026/07/28 18:00:43.896, 296.67, 100, 74232, 74
2026/07/28 18:00:44.933, 299.36, 100, 74232, 74
2026/07/28 18:00:45.973, 295.79, 100, 74232, 74
2026/07/28 18:00:47.009, 296.20, 100, 74232, 74
2026/07/28 18:00:48.046, 296.79, 100, 74232, 74
2026/07/28 18:00:49.083, 299.66, 100, 74232, 74
2026/07/28 18:00:50.120, 297.54, 100, 74232, 74
2026/07/28 18:00:51.159, 297.16, 100, 74232, 74
2026/07/28 18:00:52.195, 293.28, 100, 74232, 74
2026/07/28 18:00:53.232, 301.63, 100, 74232, 74
2026/07/28 18:00:54.268, 296.57, 100, 74232, 74
2026/07/28 18:00:55.305, 304.37, 100, 74232, 74
2026/07/28 18:00:56.341, 304.35, 100, 74232, 74
2026/07/28 18:00:57.378, 304.45, 100, 74232, 74
2026/07/28 18:00:58.414, 304.45, 100, 74232, 74
2026/07/28 18:00:59.452, 306.45, 100, 74232, 74
2026/07/28 18:01:00.489, 301.40, 100, 74232, 74
2026/07/28 18:01:01.526, 305.86, 100, 74232, 74
2026/07/28 18:01:02.563, 303.73, 100, 74232, 74
2026/07/28 18:01:03.601, 304.71, 100, 74232, 74
2026/07/28 18:01:04.638, 304.72, 100, 74232, 74
2026/07/28 18:01:05.681, 304.33, 100, 74232, 74
2026/07/28 18:01:06.718, 293.76, 100, 74232, 74
2026/07/28 18:01:07.755, 297.92, 100, 74232, 74
2026/07/28 18:01:08.793, 297.33, 100, 74232, 74
2026/07/28 18:01:09.830, 296.95, 100, 74232, 74
2026/07/28 18:01:10.868, 296.19, 100, 74232, 74
2026/07/28 18:01:11.906, 300.09, 100, 74232, 74
2026/07/28 18:01:12.945, 296.96, 100, 74232, 74
2026/07/28 18:01:13.982, 296.46, 100, 74232, 74
2026/07/28 18:01:15.020, 296.55, 100, 74232, 74
2026/07/28 18:01:16.057, 296.95, 100, 74232, 74
2026/07/28 18:01:17.094, 296.86, 100, 74232, 74
2026/07/28 18:01:18.132, 296.86, 100, 74232, 74
2026/07/28 18:01:19.170, 297.27, 100, 74232, 74
2026/07/28 18:01:20.207, 296.66, 100, 74232, 74
2026/07/28 18:01:21.245, 297.45, 100, 74232, 74
2026/07/28 18:01:22.281, 296.87, 100, 74232, 74
2026/07/28 18:01:23.321, 296.10, 100, 74232, 74
2026/07/28 18:01:24.357, 296.67, 100, 74232, 74
2026/07/28 18:01:25.396, 298.69, 100, 74232, 74
2026/07/28 18:01:26.433, 304.94, 100, 74232, 74
2026/07/28 18:01:27.469, 303.88, 100, 74232, 74
2026/07/28 18:01:28.504, 304.65, 100, 74232, 74
2026/07/28 18:01:29.541, 298.50, 100, 74232, 74
2026/07/28 18:01:30.578, 305.58, 100, 74232, 74
2026/07/28 18:01:31.616, 299.09, 100, 74232, 74
2026/07/28 18:01:32.653, 298.99, 100, 74232, 74
2026/07/28 18:01:33.690, 297.15, 100, 74232, 74
2026/07/28 18:01:34.728, 298.72, 100, 74232, 74
2026/07/28 18:01:35.764, 296.39, 100, 74232, 74
2026/07/28 18:01:36.801, 295.49, 100, 74232, 74
2026/07/28 18:01:37.839, 297.07, 100, 74232, 74
2026/07/28 18:01:38.876, 296.36, 100, 74232, 74
2026/07/28 18:01:39.912, 297.07, 100, 74232, 74
2026/07/28 18:01:40.949, 298.92, 100, 74232, 74
2026/07/28 18:01:41.987, 296.11, 100, 74232, 74
2026/07/28 18:01:43.026, 296.48, 100, 74232, 74
2026/07/28 18:01:44.063, 295.49, 100, 74232, 74
2026/07/28 18:01:45.105, 296.77, 100, 74232, 74
2026/07/28 18:01:46.142, 306.09, 100, 74232, 74
2026/07/28 18:01:47.179, 302.99, 100, 74232, 74
2026/07/28 18:01:48.217, 305.40, 100, 74232, 74
2026/07/28 18:01:49.254, 298.30, 100, 74232, 74
2026/07/28 18:01:50.291, 296.59, 100, 74232, 74
2026/07/28 18:01:51.329, 297.17, 100, 74232, 74
2026/07/28 18:01:52.365, 297.33, 100, 74232, 74
2026/07/28 18:01:53.402, 303.04, 100, 74232, 74
2026/07/28 18:01:54.439, 304.21, 100, 74232, 74
2026/07/28 18:01:55.476, 305.22, 100, 74232, 74
2026/07/28 18:01:56.512, 294.50, 100, 74232, 74
2026/07/28 18:01:57.550, 293.19, 100, 74232, 74
2026/07/28 18:01:58.588, 296.48, 100, 74232, 74
2026/07/28 18:01:59.624, 297.35, 100, 74232, 74
2026/07/28 18:02:00.662, 295.70, 100, 74232, 74
2026/07/28 18:02:01.699, 296.88, 100, 74232, 74
2026/07/28 18:02:02.738, 304.36, 100, 74232, 74
2026/07/28 18:02:03.775, 304.94, 100, 74232, 74
2026/07/28 18:02:04.811, 304.61, 100, 74232, 74
2026/07/28 18:02:05.847, 306.31, 100, 74232, 74
2026/07/28 18:02:06.884, 297.43, 100, 74232, 74
2026/07/28 18:02:07.920, 297.17, 100, 74232, 74
2026/07/28 18:02:08.957, 297.64, 100, 74232, 74
2026/07/28 18:02:09.995, 296.76, 100, 74232, 74
2026/07/28 18:02:11.035, 296.38, 100, 74232, 74
2026/07/28 18:02:12.072, 296.66, 100, 74232, 74
2026/07/28 18:02:13.109, 300.83, 100, 74232, 74
2026/07/28 18:02:14.145, 297.54, 100, 74232, 74
2026/07/28 18:02:15.183, 298.78, 100, 74232, 74
2026/07/28 18:02:16.219, 298.33, 100, 74232, 74
2026/07/28 18:02:17.258, 297.26, 100, 74232, 74
2026/07/28 18:02:18.296, 297.91, 100, 74232, 74
2026/07/28 18:02:19.333, 296.95, 100, 74232, 74
2026/07/28 18:02:20.370, 301.43, 100, 74232, 74
2026/07/28 18:02:21.406, 296.76, 100, 74232, 74
2026/07/28 18:02:22.443, 303.97, 100, 74232, 74
2026/07/28 18:02:23.480, 294.13, 100, 74232, 74
2026/07/28 18:02:24.518, 297.35, 100, 74232, 74
2026/07/28 18:02:25.555, 298.72, 100, 74232, 74
2026/07/28 18:02:26.592, 298.04, 100, 74232, 74
2026/07/28 18:02:27.630, 297.04, 100, 74232, 74
2026/07/28 18:02:28.668, 296.96, 100, 74232, 74
2026/07/28 18:02:29.706, 301.44, 100, 74232, 74
2026/07/28 18:02:30.744, 299.84, 100, 74232, 74
2026/07/28 18:02:31.782, 297.45, 100, 74232, 74
2026/07/28 18:02:32.820, 296.68, 100, 74232, 74
2026/07/28 18:02:33.861, 299.11, 100, 74232, 74
2026/07/28 18:02:34.903, 303.84, 100, 74232, 74
2026/07/28 18:02:35.941, 306.17, 100, 74232, 74
2026/07/28 18:02:36.979, 304.55, 100, 74232, 74
2026/07/28 18:02:38.018, 301.03, 100, 74232, 74
2026/07/28 18:02:39.055, 293.65, 100, 74232, 73
2026/07/28 18:02:40.092, 293.25, 100, 74232, 73
2026/07/28 18:02:41.131, 296.08, 100, 74232, 73
2026/07/28 18:02:42.172, 298.02, 100, 74232, 73
2026/07/28 18:02:43.209, 297.45, 100, 74232, 73
2026/07/28 18:02:44.245, 293.06, 100, 74232, 73
2026/07/28 18:02:45.281, 301.58, 100, 74232, 73
2026/07/28 18:02:46.319, 302.88, 100, 74232, 73
2026/07/28 18:02:47.355, 303.45, 100, 74232, 73
2026/07/28 18:02:48.391, 303.59, 100, 74232, 73
2026/07/28 18:02:49.428, 295.98, 100, 74232, 73
2026/07/28 18:02:50.465, 296.86, 100, 74232, 73
2026/07/28 18:02:51.503, 295.98, 100, 74232, 73
2026/07/28 18:02:52.540, 295.29, 100, 74232, 73
2026/07/28 18:02:53.580, 295.23, 100, 74232, 73
2026/07/28 18:02:54.617, 290.24, 100, 74232, 73
2026/07/28 18:02:55.654, 295.13, 100, 74232, 73
2026/07/28 18:02:56.691, 295.20, 100, 74232, 73
2026/07/28 18:02:57.729, 294.54, 100, 74232, 73
2026/07/28 18:02:58.768, 296.07, 100, 74232, 72
2026/07/28 18:02:59.805, 294.61, 100, 74232, 72
2026/07/28 18:03:00.843, 295.79, 100, 74232, 72
2026/07/28 18:03:01.881, 301.94, 100, 74232, 72
2026/07/28 18:03:02.917, 299.22, 100, 74232, 72
2026/07/28 18:03:03.954, 301.10, 100, 74232, 72
2026/07/28 18:03:04.990, 302.71, 100, 74232, 72
2026/07/28 18:03:06.028, 302.40, 100, 74232, 72
2026/07/28 18:03:07.065, 302.62, 100, 74232, 72
2026/07/28 18:03:08.101, 302.85, 100, 74232, 72
2026/07/28 18:03:09.142, 302.30, 100, 74232, 72
2026/07/28 18:03:10.179, 303.34, 100, 74232, 72
2026/07/28 18:03:11.216, 302.09, 100, 74232, 72
2026/07/28 18:03:12.253, 303.93, 100, 74232, 72
2026/07/28 18:03:13.290, 301.15, 100, 74232, 72
2026/07/28 18:03:14.327, 303.64, 100, 74232, 72
2026/07/28 18:03:15.363, 302.95, 100, 74232, 72
2026/07/28 18:03:16.400, 301.84, 100, 74232, 72
2026/07/28 18:03:17.437, 301.40, 100, 74232, 72
2026/07/28 18:03:18.476, 291.21, 100, 74232, 72
2026/07/28 18:03:19.513, 290.55, 100, 74232, 72
2026/07/28 18:03:20.560, 290.82, 100, 74232, 72
2026/07/28 18:03:21.600, 300.35, 100, 74232, 72
2026/07/28 18:03:22.636, 300.06, 100, 74232, 72
2026/07/28 18:03:23.682, 296.83, 100, 74232, 72
2026/07/28 18:03:24.719, 289.98, 100, 74232, 72
2026/07/28 18:03:25.756, 293.75, 100, 74232, 72
2026/07/28 18:03:26.793, 293.75, 100, 74232, 72
2026/07/28 18:03:27.830, 295.68, 100, 74232, 72
2026/07/28 18:03:28.867, 293.46, 100, 74232, 72
2026/07/28 18:03:29.904, 293.95, 100, 74232, 72
2026/07/28 18:03:30.942, 301.17, 100, 74232, 72
2026/07/28 18:03:31.980, 300.66, 100, 74232, 72
2026/07/28 18:03:33.018, 302.01, 100, 74232, 72
2026/07/28 18:03:34.056, 301.45, 100, 74232, 72
2026/07/28 18:03:35.095, 300.74, 100, 74232, 72
2026/07/28 18:03:36.136, 300.54, 100, 74232, 72
2026/07/28 18:03:37.172, 300.83, 100, 74232, 72
2026/07/28 18:03:38.209, 301.03, 100, 74232, 72
2026/07/28 18:03:39.247, 301.23, 100, 74232, 72
2026/07/28 18:03:40.284, 300.73, 100, 74232, 72
2026/07/28 18:03:41.323, 300.75, 100, 74232, 71
2026/07/28 18:03:42.361, 302.01, 100, 74232, 71
2026/07/28 18:03:43.399, 301.13, 100, 74232, 71
2026/07/28 18:03:44.436, 300.74, 100, 74232, 71
2026/07/28 18:03:45.473, 301.72, 100, 74232, 71
2026/07/28 18:03:46.512, 301.61, 100, 74232, 71
2026/07/28 18:03:47.549, 300.73, 100, 74232, 71
2026/07/28 18:03:48.586, 301.52, 100, 74232, 71
2026/07/28 18:03:49.622, 300.72, 100, 74232, 71
2026/07/28 18:03:50.660, 300.17, 100, 74232, 71
2026/07/28 18:03:51.697, 300.04, 100, 74232, 71
2026/07/28 18:03:52.733, 300.76, 100, 74232, 71
2026/07/28 18:03:53.771, 301.73, 100, 74232, 71
2026/07/28 18:03:54.807, 301.23, 100, 74232, 71
2026/07/28 18:03:55.844, 301.51, 100, 74232, 71
2026/07/28 18:03:56.881, 293.25, 100, 74232, 71
2026/07/28 18:03:57.921, 293.55, 100, 74232, 71
2026/07/28 18:03:58.958, 302.00, 100, 74232, 71
2026/07/28 18:03:59.994, 301.40, 100, 74232, 71
2026/07/28 18:04:01.032, 299.78, 100, 74232, 71
2026/07/28 18:04:02.068, 301.90, 100, 74232, 71
2026/07/28 18:04:03.106, 301.31, 100, 74232, 71
2026/07/28 18:04:04.143, 293.64, 100, 74232, 71
2026/07/28 18:04:05.181, 292.87, 100, 74232, 71
2026/07/28 18:04:06.219, 293.07, 100, 74232, 71
2026/07/28 18:04:07.256, 296.46, 100, 74232, 71
2026/07/28 18:04:08.291, 95.28, 0, 74232, 67
2026/07/28 18:04:09.322, 93.80, 0, 74232, 67
2026/07/28 18:04:10.353, 93.41, 0, 74232, 66
2026/07/28 18:04:11.386, 93.42, 0, 74232, 65
2026/07/28 18:04:12.417, 91.86, 0, 74232, 65
2026/07/28 18:04:13.449, 92.16, 0, 74232, 64
2026/07/28 18:04:14.481, 91.74, 0, 74232, 64
2026/07/28 18:04:15.512, 91.57, 0, 74232, 64
2026/07/28 18:04:16.544, 88.85, 0, 74232, 63
2026/07/28 18:04:17.576, 90.06, 0, 74232, 63
2026/07/28 18:04:18.607, 89.32, 0, 74232, 63
2026/07/28 18:04:19.639, 89.89, 0, 74232, 62
2026/07/28 18:04:20.673, 88.49, 0, 74232, 62
2026/07/28 18:04:21.705, 88.89, 0, 74232, 62
2026/07/28 18:04:22.737, 87.77, 0, 74232, 61
2026/07/28 18:04:23.769, 87.38, 0, 74232, 61
2026/07/28 18:04:24.800, 87.21, 0, 74232, 61
2026/07/28 18:04:25.832, 86.26, 0, 74232, 61
2026/07/28 18:04:26.865, 85.93, 0, 74232, 60
2026/07/28 18:04:27.897, 85.47, 0, 74232, 60
2026/07/28 18:04:28.928, 85.45, 0, 74232, 60
2026/07/28 18:04:29.960, 85.33, 0, 74232, 60
2026/07/28 18:04:30.991, 85.29, 0, 74232, 59
2026/07/28 18:04:32.023, 85.01, 0, 74232, 59
2026/07/28 18:04:33.054, 85.78, 0, 74232, 59
2026/07/28 18:04:34.087, 84.46, 0, 74232, 59
2026/07/28 18:04:35.119, 84.07, 0, 74232, 59
2026/07/28 18:04:36.151, 83.79, 0, 74232, 58
2026/07/28 18:04:37.182, 83.29, 0, 74232, 58
2026/07/28 18:04:38.214, 83.56, 0, 74232, 58
2026/07/28 18:04:39.245, 83.40, 0, 74232, 58
2026/07/28 18:04:40.277, 277.28, 100, 74232, 63
2026/07/28 18:04:41.312, 286.45, 100, 74232, 64
2026/07/28 18:04:42.347, 291.18, 100, 74232, 64
2026/07/28 18:04:43.382, 296.19, 100, 74232, 64
2026/07/28 18:04:44.418, 301.98, 100, 74232, 65
2026/07/28 18:04:45.462, 294.31, 100, 74232, 65
2026/07/28 18:04:46.496, 302.65, 100, 74232, 64
2026/07/28 18:04:47.534, 304.04, 100, 74232, 64
2026/07/28 18:04:48.570, 303.45, 100, 74232, 64
2026/07/28 18:04:49.607, 304.24, 100, 74232, 65
2026/07/28 18:04:50.645, 304.62, 100, 74232, 65
2026/07/28 18:04:51.683, 297.03, 100, 74232, 65
2026/07/28 18:04:52.720, 297.43, 100, 74232, 65
2026/07/28 18:04:53.759, 306.10, 100, 74232, 66
2026/07/28 18:04:54.796, 296.08, 100, 74232, 66
2026/07/28 18:04:55.834, 295.89, 100, 74232, 66
2026/07/28 18:04:56.871, 295.60, 100, 74232, 66
2026/07/28 18:04:57.908, 296.25, 100, 74232, 67
2026/07/28 18:04:58.944, 296.27, 100, 74232, 67
2026/07/28 18:04:59.982, 301.62, 100, 74232, 67
2026/07/28 18:05:01.020, 301.48, 100, 74232, 67
2026/07/28 18:05:02.060, 301.12, 100, 74232, 68
2026/07/28 18:05:03.096, 301.14, 100, 74232, 68
2026/07/28 18:05:04.133, 301.04, 100, 74232, 68
2026/07/28 18:05:05.169, 301.69, 100, 74232, 68
2026/07/28 18:05:06.207, 301.80, 100, 74232, 68
2026/07/28 18:05:07.244, 302.40, 100, 74232, 68
2026/07/28 18:05:08.281, 296.28, 100, 74232, 69
2026/07/28 18:05:09.318, 296.66, 100, 74232, 69
2026/07/28 18:05:10.355, 296.94, 100, 74232, 69
2026/07/28 18:05:11.392, 300.83, 100, 74232, 69
2026/07/28 18:05:12.429, 303.47, 100, 74232, 69
2026/07/28 18:05:13.467, 304.43, 100, 74232, 70
2026/07/28 18:05:14.503, 293.73, 100, 74232, 70
2026/07/28 18:05:15.543, 298.30, 100, 74232, 70
2026/07/28 18:05:16.583, 297.33, 100, 74232, 70
2026/07/28 18:05:17.620, 298.90, 100, 74232, 70
2026/07/28 18:05:18.658, 298.11, 100, 74232, 70
2026/07/28 18:05:19.696, 298.41, 100, 74232, 70
2026/07/28 18:05:20.734, 298.71, 100, 74232, 70
2026/07/28 18:05:21.773, 298.04, 100, 74232, 70
2026/07/28 18:05:22.811, 299.56, 100, 74232, 71
2026/07/28 18:05:23.850, 298.78, 100, 74232, 71
2026/07/28 18:05:24.888, 299.11, 100, 74232, 71
2026/07/28 18:05:25.924, 299.08, 100, 74232, 71
2026/07/28 18:05:26.960, 299.66, 100, 74232, 71
2026/07/28 18:05:27.997, 299.39, 100, 74232, 71
2026/07/28 18:05:29.035, 303.28, 100, 74232, 71
2026/07/28 18:05:30.072, 301.89, 100, 74232, 71
2026/07/28 18:05:31.110, 299.89, 100, 74232, 71
2026/07/28 18:05:32.149, 299.86, 100, 74232, 71
2026/07/28 18:05:33.186, 299.68, 100, 74232, 71
2026/07/28 18:05:34.223, 301.70, 100, 74232, 71
2026/07/28 18:05:35.261, 301.03, 100, 74232, 71
2026/07/28 18:05:36.298, 301.90, 100, 74232, 71
2026/07/28 18:05:37.335, 292.98, 100, 74232, 72
2026/07/28 18:05:38.372, 289.87, 100, 74232, 71
2026/07/28 18:05:39.409, 293.74, 100, 74232, 72
2026/07/28 18:05:40.446, 289.75, 100, 74232, 72
2026/07/28 18:05:41.484, 293.46, 100, 74232, 72
2026/07/28 18:05:42.522, 292.59, 100, 74232, 72
2026/07/28 18:05:43.559, 294.43, 100, 74232, 72
2026/07/28 18:05:44.596, 297.63, 100, 74232, 72
2026/07/28 18:05:45.632, 299.10, 100, 74232, 72
2026/07/28 18:05:46.673, 299.67, 100, 74232, 72
2026/07/28 18:05:47.710, 301.92, 100, 74232, 72
2026/07/28 18:05:48.748, 301.63, 100, 74232, 72
2026/07/28 18:05:49.786, 302.09, 100, 74232, 72
2026/07/28 18:05:50.824, 301.50, 100, 74232, 72
2026/07/28 18:05:51.862, 300.76, 100, 74232, 72
2026/07/28 18:05:52.899, 301.05, 100, 74232, 72
2026/07/28 18:05:53.935, 303.66, 100, 74232, 72
2026/07/28 18:05:54.972, 301.40, 100, 74232, 72
2026/07/28 18:05:56.011, 301.81, 100, 74232, 73
2026/07/28 18:05:57.050, 302.11, 100, 74232, 73
2026/07/28 18:05:58.087, 301.90, 100, 74232, 73
2026/07/28 18:05:59.125, 301.91, 100, 74232, 73
2026/07/28 18:06:00.162, 302.30, 100, 74232, 73
2026/07/28 18:06:01.198, 302.42, 100, 74232, 73
2026/07/28 18:06:02.235, 302.51, 100, 74232, 73
2026/07/28 18:06:03.273, 304.51, 100, 74232, 73
2026/07/28 18:06:04.313, 302.48, 100, 74232, 73
2026/07/28 18:06:05.350, 302.97, 100, 74232, 73
2026/07/28 18:06:06.386, 302.48, 100, 74232, 73
2026/07/28 18:06:07.424, 296.95, 100, 74232, 73
2026/07/28 18:06:08.460, 295.89, 100, 74232, 73
2026/07/28 18:06:09.499, 304.12, 100, 74232, 73
2026/07/28 18:06:10.536, 296.96, 100, 74232, 73
2026/07/28 18:06:11.578, 292.10, 100, 74232, 73
2026/07/28 18:06:12.616, 295.11, 100, 74232, 73
2026/07/28 18:06:13.653, 294.83, 100, 74232, 73
2026/07/28 18:06:14.693, 295.82, 100, 74232, 73
2026/07/28 18:06:15.730, 295.41, 100, 74232, 73
2026/07/28 18:06:16.767, 297.63, 100, 74232, 73
2026/07/28 18:06:17.805, 296.08, 100, 74232, 73
2026/07/28 18:06:18.845, 296.35, 100, 74232, 73
2026/07/28 18:06:19.884, 302.87, 100, 74232, 73
2026/07/28 18:06:20.922, 301.31, 100, 74232, 73
2026/07/28 18:06:21.961, 302.87, 100, 74232, 73
2026/07/28 18:06:22.999, 297.33, 100, 74232, 73
2026/07/28 18:06:24.036, 295.02, 100, 74232, 73
2026/07/28 18:06:25.075, 296.56, 100, 74232, 73
2026/07/28 18:06:26.116, 303.67, 100, 74232, 73
2026/07/28 18:06:27.153, 302.58, 100, 74232, 73
2026/07/28 18:06:28.191, 303.37, 100, 74232, 73
2026/07/28 18:06:29.229, 296.97, 100, 74232, 73
2026/07/28 18:06:30.269, 295.80, 100, 74232, 73
2026/07/28 18:06:31.307, 297.05, 100, 74232, 73
2026/07/28 18:06:32.344, 303.74, 100, 74232, 73
2026/07/28 18:06:33.381, 306.15, 100, 74232, 73
2026/07/28 18:06:34.418, 304.24, 100, 74232, 73
2026/07/28 18:06:35.455, 304.32, 100, 74232, 73
2026/07/28 18:06:36.492, 296.18, 100, 74232, 73
2026/07/28 18:06:37.529, 296.58, 100, 74232, 73
2026/07/28 18:06:38.566, 296.57, 100, 74232, 73
2026/07/28 18:06:39.605, 297.26, 100, 74232, 73
2026/07/28 18:06:40.642, 300.36, 100, 74232, 73
2026/07/28 18:06:41.690, 304.99, 100, 74232, 74
2026/07/28 18:06:42.730, 303.34, 100, 74232, 73
2026/07/28 18:06:43.768, 300.36, 100, 74232, 73
2026/07/28 18:06:44.813, 299.56, 100, 74232, 73
2026/07/28 18:06:45.851, 296.09, 100, 74232, 73
2026/07/28 18:06:46.889, 297.14, 100, 74232, 73
2026/07/28 18:06:47.927, 296.08, 100, 74232, 73
2026/07/28 18:06:48.964, 295.98, 100, 74232, 73
2026/07/28 18:06:50.001, 297.45, 100, 74232, 73
2026/07/28 18:06:51.039, 299.27, 100, 74232, 73
2026/07/28 18:06:52.079, 303.08, 100, 74232, 73
2026/07/28 18:06:53.116, 296.85, 100, 74232, 73
2026/07/28 18:06:54.152, 296.46, 100, 74232, 73
2026/07/28 18:06:55.189, 299.39, 100, 74232, 73
2026/07/28 18:06:56.226, 304.81, 100, 74232, 74
2026/07/28 18:06:57.263, 296.48, 100, 74232, 73
2026/07/28 18:06:58.299, 296.68, 100, 74232, 73
2026/07/28 18:06:59.336, 296.66, 100, 74232, 73
2026/07/28 18:07:00.372, 296.76, 100, 74232, 73
2026/07/28 18:07:01.409, 296.49, 100, 74232, 73
2026/07/28 18:07:02.446, 297.06, 100, 74232, 73
2026/07/28 18:07:03.483, 296.57, 100, 74232, 73
2026/07/28 18:07:04.520, 295.90, 100, 74232, 73
2026/07/28 18:07:05.557, 296.68, 100, 74232, 73
2026/07/28 18:07:06.594, 298.05, 100, 74232, 73
2026/07/28 18:07:07.631, 296.75, 100, 74232, 73
2026/07/28 18:07:08.668, 296.49, 100, 74232, 74
2026/07/28 18:07:09.705, 303.85, 100, 74232, 73
2026/07/28 18:07:10.742, 303.81, 100, 74232, 74
2026/07/28 18:07:11.779, 300.44, 100, 74232, 73
2026/07/28 18:07:12.816, 303.63, 100, 74232, 74
2026/07/28 18:07:13.853, 300.14, 100, 74232, 73
2026/07/28 18:07:14.891, 299.88, 100, 74232, 73
2026/07/28 18:07:15.929, 297.84, 100, 74232, 73
2026/07/28 18:07:16.966, 293.06, 100, 74232, 73
2026/07/28 18:07:18.003, 296.17, 100, 74232, 73
2026/07/28 18:07:19.040, 292.78, 100, 74232, 73
2026/07/28 18:07:20.083, 297.28, 100, 74232, 73
2026/07/28 18:07:21.120, 295.98, 100, 74232, 73
2026/07/28 18:07:22.158, 295.78, 100, 74232, 74
2026/07/28 18:07:23.195, 304.03, 100, 74232, 74
2026/07/28 18:07:24.231, 304.05, 100, 74232, 74
2026/07/28 18:07:25.268, 301.44, 100, 74232, 74
2026/07/28 18:07:26.306, 296.76, 100, 74232, 73
2026/07/28 18:07:27.343, 298.49, 100, 74232, 73
2026/07/28 18:07:28.380, 295.78, 100, 74232, 73
2026/07/28 18:07:29.417, 296.17, 100, 74232, 73
2026/07/28 18:07:30.454, 300.38, 100, 74232, 74
2026/07/28 18:07:31.492, 303.45, 100, 74232, 73
2026/07/28 18:07:32.529, 293.57, 100, 74232, 73
2026/07/28 18:07:33.566, 297.35, 100, 74232, 73
2026/07/28 18:07:34.603, 294.80, 100, 74232, 74
2026/07/28 18:07:35.641, 303.88, 100, 74232, 74
2026/07/28 18:07:36.678, 296.95, 100, 74232, 73
2026/07/28 18:07:37.716, 296.20, 100, 74232, 74
2026/07/28 18:07:38.754, 298.01, 100, 74232, 74
2026/07/28 18:07:39.790, 297.15, 100, 74232, 73
2026/07/28 18:07:40.828, 299.28, 100, 74232, 73
2026/07/28 18:07:41.865, 303.44, 100, 74232, 73
2026/07/28 18:07:42.904, 295.77, 100, 74232, 73
2026/07/28 18:07:43.941, 296.20, 100, 74232, 73
2026/07/28 18:07:44.981, 302.48, 100, 74232, 73
2026/07/28 18:07:46.020, 297.62, 100, 74232, 73
2026/07/28 18:07:47.056, 297.86, 100, 74232, 73
2026/07/28 18:07:48.096, 296.08, 100, 74232, 73
2026/07/28 18:07:49.133, 303.97, 100, 74232, 73
2026/07/28 18:07:50.170, 303.64, 100, 74232, 73
2026/07/28 18:07:51.207, 303.35, 100, 74232, 73
2026/07/28 18:07:52.244, 301.70, 100, 74232, 73
2026/07/28 18:07:53.281, 296.86, 100, 74232, 73
2026/07/28 18:07:54.319, 303.45, 100, 74232, 73
2026/07/28 18:07:55.361, 304.52, 100, 74232, 73
2026/07/28 18:07:56.398, 304.71, 100, 74232, 74
2026/07/28 18:07:57.435, 305.91, 100, 74232, 74
2026/07/28 18:07:58.472, 300.44, 100, 74232, 73
2026/07/28 18:07:59.509, 304.17, 100, 74232, 74
2026/07/28 18:08:00.548, 302.00, 100, 74232, 74
2026/07/28 18:08:01.584, 304.02, 100, 74232, 74
2026/07/28 18:08:02.619, 304.55, 100, 74232, 74
2026/07/28 18:08:03.656, 303.68, 100, 74232, 74
2026/07/28 18:08:04.693, 304.55, 100, 74232, 73
2026/07/28 18:08:05.730, 294.92, 100, 74232, 73
2026/07/28 18:08:06.768, 293.26, 100, 74232, 73
2026/07/28 18:08:07.806, 297.84, 100, 74232, 73
2026/07/28 18:08:08.843, 295.99, 100, 74232, 73
2026/07/28 18:08:09.881, 296.38, 100, 74232, 73
2026/07/28 18:08:10.918, 296.58, 100, 74232, 73
2026/07/28 18:08:11.956, 297.24, 100, 74232, 73
2026/07/28 18:08:12.993, 304.06, 100, 74232, 73
2026/07/28 18:08:14.030, 304.74, 100, 74232, 74
2026/07/28 18:08:15.070, 302.31, 100, 74232, 73
2026/07/28 18:08:16.106, 303.54, 100, 74232, 73
2026/07/28 18:08:17.144, 302.97, 100, 74232, 73
2026/07/28 18:08:18.180, 297.25, 100, 74232, 73
2026/07/28 18:08:19.218, 304.15, 100, 74232, 73
2026/07/28 18:08:20.254, 295.00, 100, 74232, 73
2026/07/28 18:08:21.291, 298.04, 100, 74232, 73
2026/07/28 18:08:22.327, 297.83, 100, 74232, 73
2026/07/28 18:08:23.365, 296.66, 100, 74232, 73
2026/07/28 18:08:24.402, 296.64, 100, 74232, 73
2026/07/28 18:08:25.443, 296.95, 100, 74232, 73
2026/07/28 18:08:26.481, 303.53, 100, 74232, 73
2026/07/28 18:08:27.519, 303.88, 100, 74232, 73
2026/07/28 18:08:28.558, 303.26, 100, 74232, 73
2026/07/28 18:08:29.596, 300.15, 100, 74232, 73
2026/07/28 18:08:30.633, 304.27, 100, 74232, 73
2026/07/28 18:08:31.673, 300.54, 100, 74232, 73
2026/07/28 18:08:32.711, 300.46, 100, 74232, 73
2026/07/28 18:08:33.748, 299.66, 100, 74232, 73
2026/07/28 18:08:34.786, 296.77, 100, 74232, 73
2026/07/28 18:08:35.823, 301.03, 100, 74232, 73
2026/07/28 18:08:36.861, 298.79, 100, 74232, 73
2026/07/28 18:08:37.899, 300.64, 100, 74232, 74
2026/07/28 18:08:38.935, 299.97, 100, 74232, 74
2026/07/28 18:08:39.972, 305.40, 100, 74232, 74
2026/07/28 18:08:41.011, 304.23, 100, 74232, 74
2026/07/28 18:08:42.048, 305.08, 100, 74232, 74
2026/07/28 18:08:43.084, 304.61, 100, 74232, 74
2026/07/28 18:08:44.122, 301.03, 100, 74232, 74
2026/07/28 18:08:45.159, 306.13, 100, 74232, 74
2026/07/28 18:08:46.202, 304.07, 100, 74232, 74
2026/07/28 18:08:47.241, 292.48, 100, 74232, 74
2026/07/28 18:08:48.278, 300.28, 100, 74232, 74
2026/07/28 18:08:49.315, 296.77, 100, 74232, 74
2026/07/28 18:08:50.352, 300.25, 100, 74232, 74
2026/07/28 18:08:51.392, 294.03, 100, 74232, 73
2026/07/28 18:08:52.429, 296.67, 100, 74232, 73
2026/07/28 18:08:53.466, 296.67, 100, 74232, 73
2026/07/28 18:08:54.503, 296.98, 100, 74232, 73
2026/07/28 18:08:55.540, 300.27, 100, 74232, 73
2026/07/28 18:08:56.577, 296.58, 100, 74232, 73
2026/07/28 18:08:57.614, 298.95, 100, 74232, 73
2026/07/28 18:08:58.651, 298.22, 100, 74232, 73
2026/07/28 18:08:59.688, 296.37, 100, 74232, 73
2026/07/28 18:09:00.726, 296.57, 100, 74232, 73
2026/07/28 18:09:01.763, 296.47, 100, 74232, 73
2026/07/28 18:09:02.800, 295.90, 100, 74232, 73
2026/07/28 18:09:03.837, 297.23, 100, 74232, 73
2026/07/28 18:09:04.874, 299.47, 100, 74232, 74
2026/07/28 18:09:05.911, 305.54, 100, 74232, 74
2026/07/28 18:09:06.948, 300.57, 100, 74232, 74
2026/07/28 18:09:07.988, 306.74, 100, 74232, 74
2026/07/28 18:09:09.026, 297.62, 100, 74232, 74
2026/07/28 18:09:10.063, 297.54, 100, 74232, 74
2026/07/28 18:09:11.102, 294.03, 100, 74232, 73
2026/07/28 18:09:12.138, 297.35, 100, 74232, 73
2026/07/28 18:09:13.175, 297.05, 100, 74232, 73
2026/07/28 18:09:14.212, 303.87, 100, 74232, 74
2026/07/28 18:09:15.249, 297.85, 100, 74232, 73
2026/07/28 18:09:16.285, 296.17, 100, 74232, 73
2026/07/28 18:09:17.322, 296.36, 100, 74232, 73
2026/07/28 18:09:18.361, 305.57, 100, 74232, 74
2026/07/28 18:09:19.398, 297.04, 100, 74232, 74
2026/07/28 18:09:20.435, 303.88, 100, 74232, 74
2026/07/28 18:09:21.472, 302.08, 100, 74232, 74
2026/07/28 18:09:22.510, 304.24, 100, 74232, 74
2026/07/28 18:09:23.547, 304.77, 100, 74232, 74
2026/07/28 18:09:24.585, 304.89, 100, 74232, 74
2026/07/28 18:09:25.622, 297.82, 100, 74232, 74
2026/07/28 18:09:26.661, 299.70, 100, 74232, 74
2026/07/28 18:09:27.701, 296.16, 100, 74232, 73
2026/07/28 18:09:28.737, 293.17, 100, 74232, 73
2026/07/28 18:09:29.775, 297.73, 100, 74232, 74
2026/07/28 18:09:30.812, 293.85, 100, 74232, 73
2026/07/28 18:09:31.849, 297.15, 100, 74232, 73
2026/07/28 18:09:32.889, 304.70, 100, 74232, 74
2026/07/28 18:09:33.928, 301.22, 100, 74232, 74
2026/07/28 18:09:34.964, 303.18, 100, 74232, 74
2026/07/28 18:09:36.003, 305.61, 100, 74232, 74
2026/07/28 18:09:37.041, 305.67, 100, 74232, 74
2026/07/28 18:09:38.078, 296.66, 100, 74232, 74
2026/07/28 18:09:39.116, 293.55, 100, 74232, 73
2026/07/28 18:09:40.154, 297.42, 100, 74232, 75
2026/07/28 18:09:41.192, 290.54, 100, 74232, 75
2026/07/28 18:09:42.227, 289.33, 100, 74232, 75
2026/07/28 18:09:43.262, 299.93, 100, 74232, 75
2026/07/28 18:09:44.299, 302.77, 100, 74232, 75
2026/07/28 18:09:45.334, 310.41, 100, 74232, 75
2026/07/28 18:09:46.370, 299.26, 100, 74232, 75
2026/07/28 18:09:47.405, 302.41, 100, 74232, 73
2026/07/28 18:09:48.442, 303.68, 100, 74232, 74
2026/07/28 18:09:49.478, 296.68, 100, 74232, 74
2026/07/28 18:09:50.516, 296.35, 100, 74232, 74
2026/07/28 18:09:51.557, 293.19, 100, 74232, 74
2026/07/28 18:09:52.594, 296.56, 100, 74232, 74
2026/07/28 18:09:53.631, 296.67, 100, 74232, 74
2026/07/28 18:09:54.670, 298.42, 100, 74232, 74
2026/07/28 18:09:55.706, 297.72, 100, 74232, 74
2026/07/28 18:09:56.743, 297.54, 100, 74232, 74
2026/07/28 18:09:57.781, 296.95, 100, 74232, 74
2026/07/28 18:09:58.819, 297.05, 100, 74232, 74
2026/07/28 18:09:59.857, 297.65, 100, 74232, 74
2026/07/28 18:10:00.894, 297.64, 100, 74232, 74
2026/07/28 18:10:01.931, 293.84, 100, 74232, 74
2026/07/28 18:10:02.969, 296.86, 100, 74232, 74
2026/07/28 18:10:04.007, 296.28, 100, 74232, 74
2026/07/28 18:10:05.043, 298.23, 100, 74232, 74
2026/07/28 18:10:06.080, 304.62, 100, 74232, 74
2026/07/28 18:10:07.118, 300.84, 100, 74232, 74
2026/07/28 18:10:08.155, 302.77, 100, 74232, 74
2026/07/28 18:10:09.192, 304.04, 100, 74232, 74
2026/07/28 18:10:10.229, 295.51, 100, 74232, 74
2026/07/28 18:10:11.267, 297.24, 100, 74232, 74
2026/07/28 18:10:12.304, 296.66, 100, 74232, 74
2026/07/28 18:10:13.342, 297.43, 100, 74232, 74
2026/07/28 18:10:14.379, 295.50, 100, 74232, 74
2026/07/28 18:10:15.417, 297.93, 100, 74232, 74
2026/07/28 18:10:16.454, 303.55, 100, 74232, 74
2026/07/28 18:10:17.491, 305.77, 100, 74232, 74
2026/07/28 18:10:18.530, 294.24, 100, 74232, 74
2026/07/28 18:10:19.568, 299.50, 100, 74232, 74
2026/07/28 18:10:20.604, 297.63, 100, 74232, 74
2026/07/28 18:10:21.642, 296.58, 100, 74232, 74
2026/07/28 18:10:22.679, 299.46, 100, 74232, 74
2026/07/28 18:10:23.717, 292.38, 100, 74232, 73
2026/07/28 18:10:24.753, 296.09, 100, 74232, 73
2026/07/28 18:10:25.792, 296.09, 100, 74232, 73
2026/07/28 18:10:26.829, 296.27, 100, 74232, 73
2026/07/28 18:10:27.866, 295.89, 100, 74232, 73
2026/07/28 18:10:28.906, 297.76, 100, 74232, 73
2026/07/28 18:10:29.943, 295.70, 100, 74232, 73
2026/07/28 18:10:30.981, 299.39, 100, 74232, 73
2026/07/28 18:10:32.018, 298.40, 100, 74232, 73
2026/07/28 18:10:33.057, 296.08, 100, 74232, 73
2026/07/28 18:10:34.094, 296.29, 100, 74232, 73
2026/07/28 18:10:35.130, 296.21, 100, 74232, 73
2026/07/28 18:10:36.167, 296.57, 100, 74232, 73
2026/07/28 18:10:37.210, 293.44, 100, 74232, 73
2026/07/28 18:10:38.247, 303.93, 100, 74232, 73
2026/07/28 18:10:39.283, 299.76, 100, 74232, 73
2026/07/28 18:10:40.321, 300.24, 100, 74232, 73
2026/07/28 18:10:41.358, 302.96, 100, 74232, 73
2026/07/28 18:10:42.396, 303.74, 100, 74232, 73
2026/07/28 18:10:43.433, 304.24, 100, 74232, 73
2026/07/28 18:10:44.470, 303.88, 100, 74232, 73
2026/07/28 18:10:45.507, 303.74, 100, 74232, 73
2026/07/28 18:10:46.546, 292.00, 100, 74232, 73
2026/07/28 18:10:47.583, 296.79, 100, 74232, 73
2026/07/28 18:10:48.621, 295.40, 100, 74232, 73
2026/07/28 18:10:49.659, 295.33, 100, 74232, 73
2026/07/28 18:10:50.697, 296.09, 100, 74232, 73
2026/07/28 18:10:51.734, 296.09, 100, 74232, 73
2026/07/28 18:10:52.771, 295.68, 100, 74232, 73
2026/07/28 18:10:53.808, 295.99, 100, 74232, 73
2026/07/28 18:10:54.846, 295.69, 100, 74232, 73
2026/07/28 18:10:55.884, 297.16, 100, 74232, 73
2026/07/28 18:10:56.925, 303.09, 100, 74232, 73
2026/07/28 18:10:57.963, 299.69, 100, 74232, 73
2026/07/28 18:10:59.000, 302.96, 100, 74232, 73
2026/07/28 18:11:00.037, 303.78, 100, 74232, 73
2026/07/28 18:11:01.075, 303.26, 100, 74232, 73
2026/07/28 18:11:02.111, 302.66, 100, 74232, 73
2026/07/28 18:11:03.148, 303.79, 100, 74232, 73
2026/07/28 18:11:04.186, 304.53, 100, 74232, 73
2026/07/28 18:11:05.224, 296.86, 100, 74232, 73
2026/07/28 18:11:06.261, 296.86, 100, 74232, 73
2026/07/28 18:11:07.299, 292.86, 100, 74232, 73
2026/07/28 18:11:08.336, 291.92, 100, 74232, 73
2026/07/28 18:11:09.375, 296.38, 100, 74232, 73
2026/07/28 18:11:10.413, 295.51, 100, 74232, 73
2026/07/28 18:11:11.451, 297.55, 100, 74232, 73
2026/07/28 18:11:12.489, 296.00, 100, 74232, 73
2026/07/28 18:11:13.526, 293.44, 100, 74232, 73
2026/07/28 18:11:14.564, 295.30, 100, 74232, 73
2026/07/28 18:11:15.603, 303.06, 100, 74232, 73
2026/07/28 18:11:16.641, 302.39, 100, 74232, 73
2026/07/28 18:11:17.680, 303.07, 100, 74232, 73
2026/07/28 18:11:18.717, 296.46, 100, 74232, 73
2026/07/28 18:11:19.754, 297.34, 100, 74232, 73
2026/07/28 18:11:20.791, 295.90, 100, 74232, 73
2026/07/28 18:11:21.828, 295.70, 100, 74232, 73
2026/07/28 18:11:22.865, 295.99, 100, 74232, 73
2026/07/28 18:11:23.904, 296.28, 100, 74232, 73
2026/07/28 18:11:24.943, 296.47, 100, 74232, 73
2026/07/28 18:11:25.980, 306.20, 100, 74232, 74
2026/07/28 18:11:27.017, 300.35, 100, 74232, 73
2026/07/28 18:11:28.055, 293.96, 100, 74232, 73
2026/07/28 18:11:29.092, 303.53, 100, 74232, 74
2026/07/28 18:11:30.129, 294.43, 100, 74232, 73
2026/07/28 18:11:31.168, 293.08, 100, 74232, 73
2026/07/28 18:11:32.204, 301.71, 100, 74232, 73
2026/07/28 18:11:33.243, 296.77, 100, 74232, 73
2026/07/28 18:11:34.281, 296.47, 100, 74232, 74
2026/07/28 18:11:35.317, 299.48, 100, 74232, 73
2026/07/28 18:11:36.355, 297.72, 100, 74232, 73
2026/07/28 18:11:37.393, 296.77, 100, 74232, 73
2026/07/28 18:11:38.431, 296.75, 100, 74232, 73
2026/07/28 18:11:39.467, 296.19, 100, 74232, 73
2026/07/28 18:11:40.506, 293.36, 100, 74232, 73
2026/07/28 18:11:41.544, 298.11, 100, 74232, 73
2026/07/28 18:11:42.582, 296.28, 100, 74232, 73
2026/07/28 18:11:43.621, 301.98, 100, 74232, 73
2026/07/28 18:11:44.659, 296.16, 100, 74232, 73
2026/07/28 18:11:45.696, 301.70, 100, 74232, 73
2026/07/28 18:11:46.734, 303.69, 100, 74232, 73
2026/07/28 18:11:47.771, 306.00, 100, 74232, 73
2026/07/28 18:11:48.807, 294.24, 100, 74232, 73
2026/07/28 18:11:49.846, 296.57, 100, 74232, 73
2026/07/28 18:11:50.882, 296.46, 100, 74232, 73
2026/07/28 18:11:51.919, 301.42, 100, 74232, 73
2026/07/28 18:11:52.955, 305.12, 100, 74232, 73
2026/07/28 18:11:53.991, 303.48, 100, 74232, 73
2026/07/28 18:11:55.030, 304.32, 100, 74232, 73
2026/07/28 18:11:56.066, 303.27, 100, 74232, 73
2026/07/28 18:11:57.102, 305.87, 100, 74232, 73
2026/07/28 18:11:58.141, 303.66, 100, 74232, 73
2026/07/28 18:11:59.177, 296.18, 100, 74232, 73
2026/07/28 18:12:00.213, 296.77, 100, 74232, 73
2026/07/28 18:12:01.253, 300.18, 100, 74232, 72
2026/07/28 18:12:02.285, 99.31, 0, 74232, 70
2026/07/28 18:12:03.319, 97.85, 0, 74232, 69
2026/07/28 18:12:04.351, 97.23, 0, 74232, 68
2026/07/28 18:12:05.384, 96.62, 0, 74232, 68
2026/07/28 18:12:06.417, 95.60, 0, 74232, 67
2026/07/28 18:12:07.449, 93.96, 0, 74232, 67
2026/07/28 18:12:08.480, 93.36, 0, 74232, 66
2026/07/28 18:12:09.513, 94.37, 0, 74232, 66
2026/07/28 18:12:10.544, 93.30, 0, 74232, 65
2026/07/28 18:12:11.576, 91.77, 0, 74232, 65
2026/07/28 18:12:12.607, 91.35, 0, 74232, 64
2026/07/28 18:12:13.637, 91.12, 0, 74232, 64
2026/07/28 18:12:14.668, 90.57, 0, 74232, 64
2026/07/28 18:12:15.700, 89.93, 0, 74232, 63
2026/07/28 18:12:16.732, 89.99, 0, 74232, 63
2026/07/28 18:12:17.764, 89.47, 0, 74232, 63
2026/07/28 18:12:18.796, 88.87, 0, 74232, 63
2026/07/28 18:12:19.827, 88.64, 0, 74232, 62
2026/07/28 18:12:20.857, 88.63, 0, 74232, 62
2026/07/28 18:12:21.889, 87.52, 0, 74232, 62
2026/07/28 18:12:22.921, 87.20, 0, 74232, 61
2026/07/28 18:12:23.952, 86.72, 0, 74232, 61
2026/07/28 18:12:24.982, 86.69, 0, 74232, 61
2026/07/28 18:12:26.014, 86.50, 0, 74232, 61
2026/07/28 18:12:27.044, 86.22, 0, 74232, 60
2026/07/28 18:12:28.074, 85.67, 0, 74232, 60
2026/07/28 18:12:29.105, 85.70, 0, 74232, 60
2026/07/28 18:12:30.136, 84.97, 0, 74232, 60
2026/07/28 18:12:31.167, 85.07, 0, 74232, 60
2026/07/28 18:12:32.198, 84.92, 0, 74232, 59
2026/07/28 18:12:33.229, 85.37, 0, 74232, 59
2026/07/28 18:12:34.260, 84.59, 0, 74232, 59
2026/07/28 18:12:35.290, 84.48, 0, 74232, 59
2026/07/28 18:12:36.321, 84.16, 0, 74232, 58
2026/07/28 18:12:37.351, 84.14, 0, 74232, 58
2026/07/28 18:12:38.381, 83.63, 0, 74232, 58
2026/07/28 18:12:39.413, 83.69, 0, 74232, 58
2026/07/28 18:12:40.444, 83.28, 0, 74232, 58
2026/07/28 18:12:41.474, 83.02, 0, 74232, 57
2026/07/28 18:12:42.506, 82.97, 0, 74232, 57
2026/07/28 18:12:43.538, 82.82, 0, 74232, 57
2026/07/28 18:12:44.568, 82.61, 0, 74232, 57
2026/07/28 18:12:45.599, 82.23, 0, 74232, 57
2026/07/28 18:12:46.632, 81.75, 0, 74232, 56
2026/07/28 18:12:47.663, 81.98, 0, 74232, 56
2026/07/28 18:12:48.694, 81.65, 0, 74232, 56
2026/07/28 18:12:49.726, 81.58, 0, 74232, 56
2026/07/28 18:12:50.756, 81.27, 0, 74232, 56
2026/07/28 18:12:51.787, 81.03, 0, 74232, 55
2026/07/28 18:12:52.818, 81.51, 0, 74232, 55
2026/07/28 18:12:53.849, 80.91, 0, 74232, 55
2026/07/28 18:12:54.879, 80.71, 0, 74232, 55
2026/07/28 18:12:55.910, 80.38, 0, 74232, 55
2026/07/28 18:12:56.943, 79.79, 0, 74232, 55
2026/07/28 18:12:57.975, 79.17, 0, 74232, 54
2026/07/28 18:12:59.006, 79.22, 0, 74232, 54
2026/07/28 18:13:01.308, 78.89, 0, 74232, 54
2026/07/28 18:13:02.340, 78.86, 0, 74232, 54
2026/07/28 18:13:03.374, 78.89, 0, 74232, 53
2026/07/28 18:13:04.405, 78.62, 0, 74232, 53
2026/07/28 18:13:05.435, 78.72, 0, 74232, 53
2026/07/28 18:13:06.466, 78.48, 0, 74232, 53
2026/07/28 18:13:07.496, 78.03, 0, 74232, 53
2026/07/28 18:13:08.525, 78.28, 0, 74232, 53
2026/07/28 18:13:09.555, 78.22, 0, 74232, 52
2026/07/28 18:13:10.587, 78.00, 0, 74232, 52
2026/07/28 18:13:11.617, 77.64, 0, 74232, 52
2026/07/28 18:13:12.648, 77.59, 0, 74232, 52
2026/07/28 18:13:13.678, 77.55, 0, 74232, 52
2026/07/28 18:13:14.708, 76.62, 0, 74232, 52
2026/07/28 18:13:15.738, 75.63, 0, 74232, 52
2026/07/28 18:13:16.768, 76.19, 0, 74232, 51
2026/07/28 18:13:17.799, 76.06, 0, 74232, 51
2026/07/28 18:13:18.831, 76.07, 0, 74232, 51
2026/07/28 18:13:19.863, 76.35, 0, 74232, 51
2026/07/28 18:13:20.895, 295.94, 100, 74232, 57
2026/07/28 18:13:21.933, 293.89, 100, 74232, 57
2026/07/28 18:13:22.966, 297.15, 100, 74232, 58
2026/07/28 18:13:24.000, 284.03, 100, 74232, 58
2026/07/28 18:13:25.034, 298.12, 100, 74232, 57
2026/07/28 18:13:26.071, 299.27, 100, 74232, 57
2026/07/28 18:13:27.108, 300.37, 100, 74232, 58
2026/07/28 18:13:28.147, 301.22, 100, 74232, 58
2026/07/28 18:13:29.185, 300.04, 100, 74232, 58
2026/07/28 18:13:30.221, 298.51, 100, 74232, 59
2026/07/28 18:13:31.257, 301.89, 100, 74232, 59
2026/07/28 18:13:32.295, 301.31, 100, 74232, 59
2026/07/28 18:13:33.332, 303.38, 100, 74232, 61
2026/07/28 18:13:34.367, 295.46, 100, 74232, 62
2026/07/28 18:13:35.401, 296.34, 100, 74232, 62
2026/07/28 18:13:36.436, 305.33, 100, 74232, 62
2026/07/28 18:13:37.470, 293.15, 100, 74232, 61
2026/07/28 18:13:38.507, 303.65, 100, 74232, 61
2026/07/28 18:13:39.544, 377.74, 100, 74232, 63
2026/07/28 18:13:40.580, 306.37, 100, 74232, 64
2026/07/28 18:13:41.615, 298.02, 100, 74232, 64
2026/07/28 18:13:42.649, 307.11, 100, 74232, 64
2026/07/28 18:13:43.683, 299.46, 100, 74232, 64
2026/07/28 18:13:44.723, 302.85, 100, 74232, 63
2026/07/28 18:13:45.760, 303.64, 100, 74232, 63
2026/07/28 18:13:46.796, 303.34, 100, 74232, 63
2026/07/28 18:13:47.832, 304.30, 100, 74232, 64
2026/07/28 18:13:48.869, 303.83, 100, 74232, 64
2026/07/28 18:13:49.905, 304.50, 100, 74232, 64
2026/07/28 18:13:50.942, 305.20, 100, 74232, 65
2026/07/28 18:13:51.979, 305.90, 100, 74232, 65
2026/07/28 18:13:53.016, 305.89, 100, 74232, 65
2026/07/28 18:13:54.054, 292.13, 100, 74232, 67
2026/07/28 18:13:55.089, 303.81, 100, 74232, 67
2026/07/28 18:13:56.123, 300.48, 100, 74232, 67
2026/07/28 18:13:57.156, 269.02, 100, 74232, 67
2026/07/28 18:13:58.190, 294.70, 100, 74232, 68
2026/07/28 18:13:59.226, 301.33, 100, 74232, 66
2026/07/28 18:14:00.268, 300.55, 100, 74232, 66
2026/07/28 18:14:01.305, 301.04, 100, 74232, 67
2026/07/28 18:14:02.341, 301.04, 100, 74232, 67
2026/07/28 18:14:03.378, 303.64, 100, 74232, 67
2026/07/28 18:14:04.415, 299.10, 100, 74232, 67
2026/07/28 18:14:05.453, 295.99, 42, 74232, 68
2026/07/28 18:14:06.487, 291.90, 100, 74232, 69
2026/07/28 18:14:07.523, 291.29, 100, 74232, 69
2026/07/28 18:14:08.558, 289.53, 100, 74232, 69
2026/07/28 18:14:09.592, 318.03, 100, 74232, 70
2026/07/28 18:14:10.627, 301.62, 100, 74232, 68
2026/07/28 18:14:11.666, 299.78, 100, 74232, 68
2026/07/28 18:14:12.702, 294.92, 100, 74232, 68
2026/07/28 18:14:13.739, 296.65, 100, 74232, 68
2026/07/28 18:14:14.778, 355.74, 90, 74232, 70
2026/07/28 18:14:15.813, 304.79, 100, 74232, 71
2026/07/28 18:14:16.849, 308.60, 100, 74232, 71
2026/07/28 18:14:17.888, 296.38, 100, 74232, 71
2026/07/28 18:14:18.924, 277.94, 100, 74232, 71
2026/07/28 18:14:19.959, 305.15, 100, 74232, 71
2026/07/28 18:14:20.995, 303.75, 100, 74232, 70
2026/07/28 18:14:22.034, 303.97, 100, 74232, 70
2026/07/28 18:14:23.070, 297.72, 100, 74232, 70
2026/07/28 18:14:24.108, 301.76, 100, 74232, 72
2026/07/28 18:14:25.145, 281.27, 100, 74232, 72
2026/07/28 18:14:26.179, 284.01, 100, 74232, 72
2026/07/28 18:14:27.214, 309.08, 100, 74232, 72
2026/07/28 18:14:28.252, 297.54, 100, 74232, 72
2026/07/28 18:14:29.288, 300.65, 100, 74232, 72
2026/07/28 18:14:30.325, 279.85, 100, 74232, 70
2026/07/28 18:14:31.363, 292.19, 100, 74232, 71
2026/07/28 18:14:32.400, 291.40, 100, 74232, 71
2026/07/28 18:14:33.438, 288.09, 100, 74232, 71
2026/07/28 18:14:34.476, 288.89, 100, 74232, 71
2026/07/28 18:14:35.514, 298.12, 100, 74232, 71
2026/07/28 18:14:36.553, 294.34, 100, 74232, 71
2026/07/28 18:14:37.589, 294.81, 100, 74232, 72
2026/07/28 18:14:38.631, 293.17, 100, 74232, 72
2026/07/28 18:14:39.668, 299.27, 100, 74232, 72
2026/07/28 18:14:40.704, 295.01, 100, 74232, 72
2026/07/28 18:14:41.742, 295.11, 100, 74232, 72
2026/07/28 18:14:42.779, 297.42, 100, 74232, 72
2026/07/28 18:14:43.818, 301.01, 100, 74232, 72
2026/07/28 18:14:44.854, 300.37, 100, 74232, 72
2026/07/28 18:14:45.889, 300.74, 100, 74232, 72
2026/07/28 18:14:46.927, 300.64, 100, 74232, 72
2026/07/28 18:14:47.964, 301.03, 100, 74232, 72
2026/07/28 18:14:49.001, 301.15, 100, 74232, 72
2026/07/28 18:14:50.039, 301.89, 100, 74232, 72
2026/07/28 18:14:51.077, 301.11, 100, 74232, 72
2026/07/28 18:14:52.112, 301.55, 100, 74232, 72
2026/07/28 18:14:53.150, 301.50, 100, 74232, 72
2026/07/28 18:14:54.187, 301.02, 100, 74232, 72
2026/07/28 18:14:55.224, 303.85, 100, 74232, 72
2026/07/28 18:14:56.262, 301.74, 100, 74232, 72
2026/07/28 18:14:57.301, 298.90, 100, 74232, 72
2026/07/28 18:14:58.340, 303.09, 100, 74232, 73
2026/07/28 18:14:59.378, 297.12, 100, 74232, 72
2026/07/28 18:15:00.416, 291.51, 100, 74232, 72
2026/07/28 18:15:01.456, 298.40, 100, 74232, 72
2026/07/28 18:15:02.493, 305.21, 100, 74232, 74
2026/07/28 18:15:03.528, 296.80, 100, 74232, 74
2026/07/28 18:15:04.561, 296.49, 100, 74232, 74
2026/07/28 18:15:05.595, 289.55, 100, 74232, 74
2026/07/28 18:15:06.630, 311.06, 100, 74232, 74
2026/07/28 18:15:07.665, 276.88, 100, 74232, 74
2026/07/28 18:15:08.707, 301.23, 100, 74232, 72
2026/07/28 18:15:09.744, 301.25, 100, 74232, 72
2026/07/28 18:15:10.781, 300.82, 100, 74232, 72
2026/07/28 18:15:11.817, 293.15, 100, 74232, 72
2026/07/28 18:15:12.854, 297.17, 100, 74232, 72
2026/07/28 18:15:13.891, 301.53, 100, 74232, 73
2026/07/28 18:15:14.928, 298.62, 100, 74232, 73
2026/07/28 18:15:15.968, 302.70, 100, 74232, 73
2026/07/28 18:15:17.005, 302.31, 100, 74232, 73
2026/07/28 18:15:18.047, 303.39, 100, 74232, 73
2026/07/28 18:15:19.087, 297.25, 100, 74232, 73
2026/07/28 18:15:20.123, 294.53, 100, 74232, 73
2026/07/28 18:15:21.161, 296.48, 100, 74232, 73
2026/07/28 18:15:22.199, 294.22, 100, 74232, 73
2026/07/28 18:15:23.236, 294.74, 100, 74232, 73
2026/07/28 18:15:24.273, 295.89, 100, 74232, 73
2026/07/28 18:15:25.310, 298.42, 100, 74232, 73
2026/07/28 18:15:26.349, 303.39, 100, 74232, 73
2026/07/28 18:15:27.387, 301.11, 100, 74232, 73
2026/07/28 18:15:28.426, 302.61, 100, 74232, 73
2026/07/28 18:15:29.463, 303.98, 100, 74232, 73
2026/07/28 18:15:30.500, 302.67, 100, 74232, 73
2026/07/28 18:15:31.537, 303.82, 100, 74232, 73
2026/07/28 18:15:32.574, 302.79, 100, 74232, 73
2026/07/28 18:15:33.610, 303.15, 100, 74232, 73
2026/07/28 18:15:34.646, 303.04, 100, 74232, 73
2026/07/28 18:15:35.682, 303.27, 100, 74232, 73
2026/07/28 18:15:36.725, 300.24, 100, 74232, 73
2026/07/28 18:15:37.762, 300.17, 100, 74232, 73
2026/07/28 18:15:38.800, 302.99, 100, 74232, 73
2026/07/28 18:15:39.837, 291.49, 100, 74232, 73
2026/07/28 18:15:40.875, 296.08, 100, 74232, 73
2026/07/28 18:15:41.911, 296.75, 100, 74232, 73
2026/07/28 18:15:42.947, 295.39, 100, 74232, 73
2026/07/28 18:15:43.983, 295.60, 100, 74232, 73
2026/07/28 18:15:45.020, 303.45, 100, 74232, 73
2026/07/28 18:15:46.056, 302.51, 100, 74232, 73
2026/07/28 18:15:47.093, 299.67, 100, 74232, 73
2026/07/28 18:15:48.130, 302.19, 100, 74232, 73
2026/07/28 18:15:49.166, 299.79, 100, 74232, 73
2026/07/28 18:15:50.203, 304.79, 100, 74232, 73
2026/07/28 18:15:51.243, 297.63, 100, 74232, 73
2026/07/28 18:15:52.287, 302.99, 100, 74232, 73
2026/07/28 18:15:53.324, 291.40, 100, 74232, 73
2026/07/28 18:15:54.361, 295.80, 100, 74232, 73
2026/07/28 18:15:55.398, 295.49, 100, 74232, 73
2026/07/28 18:15:56.434, 295.20, 100, 74232, 73
2026/07/28 18:15:57.473, 295.50, 100, 74232, 73
2026/07/28 18:15:58.511, 295.01, 100, 74232, 73
2026/07/28 18:15:59.550, 303.59, 100, 74232, 73
2026/07/28 18:16:00.587, 303.57, 100, 74232, 73
2026/07/28 18:16:01.623, 303.56, 100, 74232, 73
2026/07/28 18:16:02.660, 302.57, 100, 74232, 73
2026/07/28 18:16:03.703, 304.05, 100, 74232, 73
2026/07/28 18:16:04.742, 303.78, 100, 74232, 73
2026/07/28 18:16:05.778, 303.37, 100, 74232, 73
2026/07/28 18:16:06.818, 297.55, 100, 74232, 73
2026/07/28 18:16:07.856, 292.59, 100, 74232, 73
2026/07/28 18:16:08.893, 291.72, 100, 74232, 73
2026/07/28 18:16:09.930, 295.49, 100, 74232, 73
2026/07/28 18:16:10.969, 295.89, 100, 74232, 73
2026/07/28 18:16:12.008, 296.46, 100, 74232, 73
2026/07/28 18:16:13.047, 301.04, 100, 74232, 73
2026/07/28 18:16:14.084, 297.06, 100, 74232, 73
2026/07/28 18:16:15.122, 297.15, 100, 74232, 73
2026/07/28 18:16:16.159, 295.69, 100, 74232, 73
2026/07/28 18:16:17.197, 295.99, 100, 74232, 73
2026/07/28 18:16:18.235, 300.53, 100, 74232, 73
2026/07/28 18:16:19.273, 304.59, 100, 74232, 73
2026/07/28 18:16:20.311, 305.37, 100, 74232, 73
2026/07/28 18:16:21.348, 303.92, 100, 74232, 73
2026/07/28 18:16:22.386, 304.99, 100, 74232, 73
2026/07/28 18:16:23.423, 303.44, 100, 74232, 73
2026/07/28 18:16:24.459, 304.12, 100, 74232, 73
2026/07/28 18:16:25.495, 304.43, 100, 74232, 73
2026/07/28 18:16:26.533, 296.47, 100, 74232, 73
2026/07/28 18:16:27.570, 297.06, 100, 74232, 73
2026/07/28 18:16:28.607, 299.75, 100, 74232, 73
2026/07/28 18:16:29.644, 296.58, 100, 74232, 73
2026/07/28 18:16:30.681, 297.93, 100, 74232, 73
2026/07/28 18:16:31.717, 299.68, 100, 74232, 73
2026/07/28 18:16:32.756, 291.60, 100, 74232, 73
2026/07/28 18:16:33.793, 295.49, 100, 74232, 73
2026/07/28 18:16:34.829, 295.90, 100, 74232, 73
2026/07/28 18:16:35.866, 295.59, 100, 74232, 73
2026/07/28 18:16:36.902, 295.79, 100, 74232, 73
2026/07/28 18:16:37.939, 295.78, 100, 74232, 73
2026/07/28 18:16:38.975, 295.97, 100, 74232, 73
2026/07/28 18:16:40.012, 296.76, 100, 74232, 73
2026/07/28 18:16:41.051, 296.56, 100, 74232, 73
2026/07/28 18:16:42.088, 295.60, 100, 74232, 73
2026/07/28 18:16:43.125, 295.89, 100, 74232, 73
2026/07/28 18:16:44.165, 297.73, 100, 74232, 74
2026/07/28 18:16:45.203, 303.56, 100, 74232, 74
2026/07/28 18:16:46.240, 304.11, 100, 74232, 74
2026/07/28 18:16:47.277, 303.45, 100, 74232, 74
2026/07/28 18:16:48.314, 305.23, 100, 74232, 74
2026/07/28 18:16:49.352, 295.89, 100, 74232, 73
2026/07/28 18:16:50.389, 296.28, 100, 74232, 73
2026/07/28 18:16:51.425, 297.92, 100, 74232, 73
2026/07/28 18:16:52.463, 296.28, 100, 74232, 73
2026/07/28 18:16:53.499, 299.10, 100, 74232, 73
2026/07/28 18:16:54.536, 298.03, 100, 74232, 73
2026/07/28 18:16:55.573, 296.00, 100, 74232, 73
2026/07/28 18:16:56.611, 295.68, 100, 74232, 73
2026/07/28 18:16:57.648, 296.74, 100, 74232, 73
2026/07/28 18:16:58.686, 295.78, 100, 74232, 73
2026/07/28 18:16:59.723, 295.80, 100, 74232, 73
2026/07/28 18:17:00.760, 297.45, 100, 74232, 73
2026/07/28 18:17:01.798, 296.77, 100, 74232, 73
2026/07/28 18:17:02.837, 295.79, 100, 74232, 73
2026/07/28 18:17:03.875, 292.00, 100, 74232, 73
2026/07/28 18:17:04.919, 295.98, 100, 74232, 73
2026/07/28 18:17:05.957, 301.62, 100, 74232, 74
2026/07/28 18:17:06.995, 296.48, 100, 74232, 73
2026/07/28 18:17:08.034, 296.96, 100, 74232, 73
2026/07/28 18:17:09.071, 304.17, 100, 74232, 74
2026/07/28 18:17:10.109, 305.49, 100, 74232, 74
2026/07/28 18:17:11.145, 304.76, 100, 74232, 74
2026/07/28 18:17:12.182, 305.71, 100, 74232, 74
2026/07/28 18:17:13.218, 303.35, 100, 74232, 74
2026/07/28 18:17:14.255, 304.80, 100, 74232, 74
2026/07/28 18:17:15.291, 303.97, 100, 74232, 74
2026/07/28 18:17:16.328, 303.07, 100, 74232, 74
2026/07/28 18:17:17.365, 304.14, 100, 74232, 74
2026/07/28 18:17:18.401, 296.76, 100, 74232, 74
2026/07/28 18:17:19.438, 298.20, 100, 74232, 73
2026/07/28 18:17:20.475, 296.16, 100, 74232, 74
2026/07/28 18:17:21.512, 296.00, 100, 74232, 73
2026/07/28 18:17:22.549, 301.73, 100, 74232, 74
2026/07/28 18:17:23.589, 303.55, 100, 74232, 74
2026/07/28 18:17:24.626, 306.18, 100, 74232, 74
2026/07/28 18:17:25.663, 295.60, 100, 74232, 74
2026/07/28 18:17:26.700, 295.98, 100, 74232, 73
2026/07/28 18:17:27.736, 296.08, 100, 74232, 73
2026/07/28 18:17:28.772, 296.08, 100, 74232, 73
2026/07/28 18:17:29.809, 295.20, 100, 74232, 73
2026/07/28 18:17:30.845, 296.49, 100, 74232, 73
2026/07/28 18:17:31.885, 295.31, 100, 74232, 73
2026/07/28 18:17:32.923, 297.17, 100, 74232, 73
2026/07/28 18:17:33.960, 295.21, 100, 74232, 73
2026/07/28 18:17:34.998, 296.28, 100, 74232, 73
2026/07/28 18:17:36.036, 303.85, 100, 74232, 73
2026/07/28 18:17:37.074, 303.35, 100, 74232, 73
2026/07/28 18:17:38.112, 303.36, 100, 74232, 73
2026/07/28 18:17:39.149, 296.87, 100, 74232, 73
2026/07/28 18:17:40.186, 296.37, 100, 74232, 73
2026/07/28 18:17:41.224, 292.68, 100, 74232, 73
2026/07/28 18:17:42.263, 295.90, 100, 74232, 73
2026/07/28 18:17:43.300, 295.70, 100, 74232, 73
2026/07/28 18:17:44.339, 294.80, 100, 74232, 73
2026/07/28 18:17:45.375, 303.75, 100, 74232, 73
2026/07/28 18:17:46.413, 299.39, 100, 74232, 73
2026/07/28 18:17:47.449, 300.85, 100, 74232, 73
2026/07/28 18:17:48.486, 303.77, 100, 74232, 73
2026/07/28 18:17:49.523, 296.17, 100, 74232, 73
2026/07/28 18:17:50.561, 295.70, 100, 74232, 73
2026/07/28 18:17:51.599, 295.89, 100, 74232, 73
2026/07/28 18:17:52.636, 296.28, 100, 74232, 73
2026/07/28 18:17:53.676, 296.37, 100, 74232, 73
2026/07/28 18:17:54.713, 296.17, 100, 74232, 73
2026/07/28 18:17:55.751, 303.59, 100, 74232, 73
2026/07/28 18:17:56.787, 304.02, 100, 74232, 74
2026/07/28 18:17:57.826, 303.38, 100, 74232, 74
2026/07/28 18:17:58.863, 303.64, 100, 74232, 73
2026/07/28 18:17:59.899, 303.38, 100, 74232, 74
2026/07/28 18:18:00.936, 303.74, 100, 74232, 74
2026/07/28 18:18:01.973, 303.84, 100, 74232, 74
2026/07/28 18:18:03.010, 297.54, 100, 74232, 73
2026/07/28 18:18:04.049, 303.36, 100, 74232, 73
2026/07/28 18:18:05.086, 296.48, 100, 74232, 73
2026/07/28 18:18:06.124, 295.51, 100, 74232, 73
2026/07/28 18:18:07.163, 296.18, 100, 74232, 73
2026/07/28 18:18:08.201, 299.85, 100, 74232, 73
2026/07/28 18:18:09.240, 296.38, 100, 74232, 73
2026/07/28 18:18:10.279, 295.99, 100, 74232, 73
2026/07/28 18:18:11.316, 296.86, 100, 74232, 73
2026/07/28 18:18:12.354, 296.16, 100, 74232, 73
2026/07/28 18:18:13.390, 296.26, 100, 74232, 73
2026/07/28 18:18:14.428, 297.53, 100, 74232, 73
2026/07/28 18:18:15.465, 296.67, 100, 74232, 73
2026/07/28 18:18:16.502, 298.68, 100, 74232, 73
2026/07/28 18:18:17.539, 296.46, 100, 74232, 73
2026/07/28 18:18:18.577, 297.05, 100, 74232, 73
2026/07/28 18:18:19.614, 296.56, 100, 74232, 73
2026/07/28 18:18:20.650, 296.48, 100, 74232, 73
2026/07/28 18:18:21.689, 295.80, 100, 74232, 73
2026/07/28 18:18:22.725, 298.30, 100, 74232, 73
2026/07/28 18:18:23.764, 303.45, 100, 74232, 73
2026/07/28 18:18:24.801, 303.55, 100, 74232, 73
2026/07/28 18:18:25.839, 303.91, 100, 74232, 73
2026/07/28 18:18:26.875, 305.68, 100, 74232, 73
2026/07/28 18:18:27.911, 304.34, 100, 74232, 73
2026/07/28 18:18:28.949, 304.52, 100, 74232, 73
2026/07/28 18:18:29.986, 295.69, 100, 74232, 73
2026/07/28 18:18:31.023, 295.90, 100, 74232, 73
2026/07/28 18:18:32.061, 295.91, 100, 74232, 73
2026/07/28 18:18:33.097, 297.45, 100, 74232, 73
2026/07/28 18:18:34.133, 296.09, 100, 74232, 73
2026/07/28 18:18:35.171, 296.67, 100, 74232, 73
2026/07/28 18:18:36.208, 296.38, 100, 74232, 73
2026/07/28 18:18:37.247, 295.88, 100, 74232, 73
2026/07/28 18:18:38.284, 297.14, 100, 74232, 73
2026/07/28 18:18:39.320, 296.17, 100, 74232, 73
2026/07/28 18:18:40.358, 295.80, 100, 74232, 73
2026/07/28 18:18:41.396, 295.50, 100, 74232, 73
2026/07/28 18:18:42.435, 295.70, 100, 74232, 73
2026/07/28 18:18:43.473, 297.06, 100, 74232, 73
2026/07/28 18:18:44.511, 295.40, 100, 74232, 73
2026/07/28 18:18:45.549, 295.91, 100, 74232, 73
2026/07/28 18:18:46.586, 296.28, 100, 74232, 73
2026/07/28 18:18:47.626, 295.59, 100, 74232, 73
2026/07/28 18:18:48.665, 300.28, 100, 74232, 73
2026/07/28 18:18:49.701, 299.57, 100, 74232, 73
2026/07/28 18:18:50.739, 303.20, 100, 74232, 73
2026/07/28 18:18:51.777, 303.35, 100, 74232, 73
2026/07/28 18:18:52.813, 303.44, 100, 74232, 73
2026/07/28 18:18:53.851, 303.15, 100, 74232, 73
2026/07/28 18:18:54.888, 305.47, 100, 74232, 73
2026/07/28 18:18:55.925, 300.27, 100, 74232, 73
2026/07/28 18:18:56.962, 293.94, 100, 74232, 73
2026/07/28 18:18:58.000, 295.98, 100, 74232, 73
2026/07/28 18:18:59.037, 301.34, 100, 74232, 73
2026/07/28 18:19:00.076, 298.92, 100, 74232, 73
2026/07/28 18:19:01.113, 297.05, 100, 74232, 73
2026/07/28 18:19:02.150, 292.77, 100, 74232, 73
2026/07/28 18:19:03.187, 296.64, 100, 74232, 73
2026/07/28 18:19:04.225, 299.97, 100, 74232, 73
2026/07/28 18:19:05.264, 296.76, 100, 74232, 73
2026/07/28 18:19:06.301, 296.19, 100, 74232, 73
2026/07/28 18:19:07.339, 295.40, 100, 74232, 73
2026/07/28 18:19:08.376, 296.37, 100, 74232, 73
2026/07/28 18:19:09.414, 296.11, 100, 74232, 73
2026/07/28 18:19:10.452, 300.18, 100, 74232, 73
2026/07/28 18:19:11.490, 294.90, 100, 74232, 73
2026/07/28 18:19:12.527, 296.86, 100, 74232, 73
2026/07/28 18:19:13.565, 296.77, 100, 74232, 73
2026/07/28 18:19:14.603, 303.75, 100, 74232, 73
2026/07/28 18:19:15.641, 302.61, 100, 74232, 73
2026/07/28 18:19:16.682, 295.11, 100, 74232, 73
2026/07/28 18:19:17.720, 295.59, 100, 74232, 73
2026/07/28 18:19:18.758, 296.09, 100, 74232, 73
2026/07/28 18:19:19.799, 297.65, 100, 74232, 73
2026/07/28 18:19:20.837, 302.98, 100, 74232, 73
2026/07/28 18:19:21.875, 300.27, 100, 74232, 73
2026/07/28 18:19:22.915, 299.57, 100, 74232, 73
2026/07/28 18:19:23.953, 304.43, 100, 74232, 73
2026/07/28 18:19:24.990, 303.85, 100, 74232, 73
2026/07/28 18:19:26.028, 303.94, 100, 74232, 73
2026/07/28 18:19:27.066, 302.86, 100, 74232, 73
2026/07/28 18:19:28.104, 298.11, 100, 74232, 73
2026/07/28 18:19:29.142, 303.67, 100, 74232, 73
2026/07/28 18:19:30.181, 299.95, 100, 74232, 73
2026/07/28 18:19:31.219, 303.85, 100, 74232, 73
2026/07/28 18:19:32.259, 293.96, 100, 74232, 73
2026/07/28 18:19:33.298, 296.28, 100, 74232, 73
2026/07/28 18:19:34.336, 301.70, 100, 74232, 73
2026/07/28 18:19:35.374, 299.95, 100, 74232, 73
2026/07/28 18:19:36.414, 304.91, 100, 74232, 73
2026/07/28 18:19:37.452, 303.25, 100, 74232, 73
2026/07/28 18:19:38.491, 299.11, 100, 74232, 73
2026/07/28 18:19:39.528, 304.25, 100, 74232, 73
2026/07/28 18:19:40.565, 295.79, 100, 74232, 73
2026/07/28 18:19:41.602, 297.26, 100, 74232, 73
2026/07/28 18:19:42.643, 297.05, 100, 74232, 73
2026/07/28 18:19:43.680, 295.50, 100, 74232, 73
2026/07/28 18:19:44.718, 295.79, 100, 74232, 73
2026/07/28 18:19:45.756, 295.91, 100, 74232, 73
2026/07/28 18:19:46.794, 296.64, 100, 74232, 73
2026/07/28 18:19:47.832, 296.19, 100, 74232, 73
2026/07/28 18:19:48.869, 296.75, 100, 74232, 73
2026/07/28 18:19:49.907, 296.18, 100, 74232, 73
2026/07/28 18:19:50.945, 296.18, 100, 74232, 73
2026/07/28 18:19:51.982, 297.08, 100, 74232, 73
2026/07/28 18:19:53.021, 303.56, 100, 74232, 73
2026/07/28 18:19:54.062, 304.35, 100, 74232, 73
2026/07/28 18:19:55.100, 299.98, 100, 74232, 73
2026/07/28 18:19:56.139, 295.81, 100, 74232, 73
2026/07/28 18:19:57.177, 298.52, 100, 74232, 73
2026/07/28 18:19:58.214, 296.48, 100, 74232, 73
2026/07/28 18:19:59.252, 295.77, 100, 74232, 73
2026/07/28 18:20:00.290, 304.28, 100, 74232, 74
2026/07/28 18:20:01.329, 304.35, 100, 74232, 73
2026/07/28 18:20:02.366, 101.37, 94, 74232, 71
2026/07/28 18:20:03.399, 311.68, 100, 74232, 75
2026/07/28 18:20:04.433, 302.91, 100, 74232, 75
2026/07/28 18:20:05.467, 305.37, 100, 74232, 75
2026/07/28 18:20:06.508, 306.44, 100, 74232, 75
2026/07/28 18:20:07.542, 297.70, 100, 74232, 75
2026/07/28 18:20:08.576, 231.83, 100, 74232, 74
2026/07/28 18:20:09.613, 279.61, 100, 74232, 73
2026/07/28 18:20:10.651, 289.06, 100, 74232, 73
2026/07/28 18:20:11.688, 294.71, 100, 74232, 73
2026/07/28 18:20:12.727, 292.58, 100, 74232, 73
2026/07/28 18:20:13.766, 297.04, 100, 74232, 73
2026/07/28 18:20:14.806, 295.62, 100, 74232, 73
2026/07/28 18:20:15.842, 295.19, 100, 74232, 74
2026/07/28 18:20:16.880, 296.57, 100, 74232, 74
2026/07/28 18:20:17.916, 296.76, 100, 74232, 74
2026/07/28 18:20:18.952, 296.66, 100, 74232, 74
2026/07/28 18:20:19.993, 304.24, 100, 74232, 74
2026/07/28 18:20:21.029, 304.36, 100, 74232, 74
2026/07/28 18:20:22.070, 304.16, 100, 74232, 74
2026/07/28 18:20:23.106, 300.66, 100, 74232, 74
2026/07/28 18:20:24.147, 296.38, 100, 74232, 74
2026/07/28 18:20:25.185, 297.14, 100, 74232, 74
2026/07/28 18:20:26.222, 297.73, 100, 74232, 74
2026/07/28 18:20:27.260, 300.33, 100, 74232, 74
2026/07/28 18:20:28.299, 304.12, 100, 74232, 74
2026/07/28 18:20:29.336, 300.45, 100, 74232, 73
2026/07/28 18:20:30.372, 303.46, 100, 74232, 73
2026/07/28 18:20:31.408, 302.79, 100, 74232, 73
2026/07/28 18:20:32.444, 304.81, 100, 74232, 73
2026/07/28 18:20:33.483, 295.89, 100, 74232, 73
2026/07/28 18:20:34.521, 298.02, 100, 74232, 73
2026/07/28 18:20:35.558, 295.87, 100, 74232, 73
2026/07/28 18:20:36.595, 296.57, 100, 74232, 73
2026/07/28 18:20:37.633, 296.57, 100, 74232, 73
2026/07/28 18:20:38.670, 295.50, 100, 74232, 73
2026/07/28 18:20:39.707, 295.78, 100, 74232, 73
2026/07/28 18:20:40.744, 293.07, 100, 74232, 73
2026/07/28 18:20:41.782, 295.21, 100, 74232, 73
2026/07/28 18:20:42.818, 296.39, 100, 74232, 73
2026/07/28 18:20:43.855, 295.31, 100, 74232, 73
2026/07/28 18:20:44.891, 295.20, 100, 74232, 73
2026/07/28 18:20:45.929, 296.46, 100, 74232, 73
2026/07/28 18:20:46.968, 295.50, 100, 74232, 73
2026/07/28 18:20:48.011, 301.88, 100, 74232, 73
2026/07/28 18:20:49.050, 299.78, 100, 74232, 73
2026/07/28 18:20:50.087, 291.23, 100, 74232, 73
2026/07/28 18:20:51.128, 302.38, 100, 74232, 73
2026/07/28 18:20:52.166, 298.99, 100, 74232, 73
2026/07/28 18:20:53.203, 303.34, 100, 74232, 73
2026/07/28 18:20:54.240, 299.88, 100, 74232, 73
2026/07/28 18:20:55.277, 302.66, 100, 74232, 73
2026/07/28 18:20:56.314, 303.25, 100, 74232, 73
2026/07/28 18:20:57.353, 303.73, 100, 74232, 73
2026/07/28 18:20:58.390, 301.31, 100, 74232, 73
2026/07/28 18:20:59.427, 298.71, 100, 74232, 73
2026/07/28 18:21:00.465, 303.64, 100, 74232, 73
2026/07/28 18:21:01.501, 304.70, 100, 74232, 72
2026/07/28 18:21:02.537, 302.13, 100, 74232, 72
2026/07/28 18:21:03.573, 301.84, 100, 74232, 72
2026/07/28 18:21:04.610, 301.15, 100, 74232, 72
2026/07/28 18:21:05.648, 301.62, 100, 74232, 72
2026/07/28 18:21:06.685, 301.42, 100, 74232, 72
2026/07/28 18:21:07.721, 301.12, 100, 74232, 72
2026/07/28 18:21:08.758, 301.31, 100, 74232, 72
2026/07/28 18:21:09.795, 300.93, 100, 74232, 72
2026/07/28 18:21:10.833, 301.05, 100, 74232, 72
2026/07/28 18:21:11.870, 301.12, 100, 74232, 72
2026/07/28 18:21:12.907, 290.05, 100, 74232, 72
2026/07/28 18:21:13.944, 295.28, 100, 74232, 72
2026/07/28 18:21:14.983, 290.15, 100, 74232, 72
2026/07/28 18:21:16.021, 293.47, 100, 74232, 72
2026/07/28 18:21:17.061, 293.86, 100, 74232, 72
2026/07/28 18:21:18.100, 293.65, 100, 74232, 72
2026/07/28 18:21:19.138, 294.52, 100, 74232, 72
2026/07/28 18:21:20.178, 301.29, 100, 74232, 72
2026/07/28 18:21:21.214, 292.20, 100, 74232, 72
2026/07/28 18:21:22.256, 292.69, 100, 74232, 72
2026/07/28 18:21:23.294, 297.64, 100, 74232, 72
2026/07/28 18:21:24.330, 300.52, 100, 74232, 72
2026/07/28 18:21:25.374, 296.57, 100, 74232, 72
2026/07/28 18:21:26.410, 300.93, 100, 74232, 72
2026/07/28 18:21:27.448, 301.83, 100, 74232, 72
2026/07/28 18:21:28.485, 301.73, 100, 74232, 72
2026/07/28 18:21:29.522, 301.42, 100, 74232, 72
2026/07/28 18:21:30.559, 301.62, 100, 74232, 72
2026/07/28 18:21:31.595, 301.44, 100, 74232, 72
2026/07/28 18:21:32.632, 302.48, 100, 74232, 72
2026/07/28 18:21:33.668, 302.37, 100, 74232, 72
2026/07/28 18:21:34.705, 301.24, 100, 74232, 72
2026/07/28 18:21:35.742, 301.89, 100, 74232, 72
2026/07/28 18:21:36.779, 301.77, 100, 74232, 72
2026/07/28 18:21:37.815, 302.02, 100, 74232, 72
2026/07/28 18:21:38.851, 303.53, 100, 74232, 72
2026/07/28 18:21:39.889, 301.84, 100, 74232, 72
2026/07/28 18:21:40.926, 302.59, 100, 74232, 72
2026/07/28 18:21:41.965, 301.73, 100, 74232, 73
2026/07/28 18:21:43.003, 303.15, 100, 74232, 73
2026/07/28 18:21:44.042, 302.47, 100, 74232, 73
2026/07/28 18:21:45.079, 302.50, 100, 74232, 72
2026/07/28 18:21:46.118, 295.21, 100, 74232, 72
2026/07/28 18:21:47.155, 294.52, 100, 74232, 72
2026/07/28 18:21:48.195, 295.14, 100, 74232, 73
2026/07/28 18:21:49.232, 294.82, 100, 74232, 72
2026/07/28 18:21:50.270, 295.39, 100, 74232, 73
2026/07/28 18:21:51.307, 298.22, 100, 74232, 73
2026/07/28 18:21:52.343, 294.25, 100, 74232, 73
2026/07/28 18:21:53.379, 294.43, 100, 74232, 73
2026/07/28 18:21:54.416, 294.42, 100, 74232, 73
2026/07/28 18:21:55.452, 296.28, 100, 74232, 73
2026/07/28 18:21:56.491, 294.32, 100, 74232, 73
2026/07/28 18:21:57.530, 295.10, 100, 74232, 73
2026/07/28 18:21:58.567, 294.24, 100, 74232, 72
2026/07/28 18:21:59.606, 294.64, 100, 74232, 72
2026/07/28 18:22:00.643, 296.36, 100, 74232, 72
2026/07/28 18:22:01.679, 293.54, 100, 74232, 72
2026/07/28 18:22:02.717, 294.54, 100, 74232, 72
2026/07/28 18:22:03.755, 301.49, 100, 74232, 72
2026/07/28 18:22:04.794, 301.70, 100, 74232, 72
2026/07/28 18:22:05.831, 297.63, 100, 74232, 72
2026/07/28 18:22:06.868, 301.02, 100, 74232, 72
2026/07/28 18:22:07.905, 301.88, 100, 74232, 72
2026/07/28 18:22:08.941, 301.24, 100, 74232, 72
2026/07/28 18:22:09.980, 300.63, 100, 74232, 72
2026/07/28 18:22:11.017, 300.66, 100, 74232, 72
2026/07/28 18:22:12.055, 301.07, 100, 74232, 71
2026/07/28 18:22:13.093, 300.26, 100, 74232, 71
2026/07/28 18:22:14.130, 300.45, 100, 74232, 71
2026/07/28 18:22:15.167, 300.92, 100, 74232, 71
2026/07/28 18:22:16.203, 299.10, 100, 74232, 71
2026/07/28 18:22:17.247, 300.57, 100, 74232, 71
2026/07/28 18:22:18.285, 288.38, 100, 74232, 71
2026/07/28 18:22:19.323, 291.99, 100, 74232, 71
2026/07/28 18:22:20.361, 291.22, 100, 74232, 71
2026/07/28 18:22:21.398, 299.27, 100, 74232, 71
2026/07/28 18:22:22.436, 298.62, 100, 74232, 71
2026/07/28 18:22:23.474, 299.30, 100, 74232, 71
2026/07/28 18:22:24.510, 298.81, 100, 74232, 71
2026/07/28 18:22:25.547, 294.54, 100, 74232, 70
2026/07/28 18:22:26.583, 291.51, 100, 74232, 70
2026/07/28 18:22:27.626, 291.98, 100, 74232, 70
2026/07/28 18:22:28.664, 287.72, 100, 74232, 70
2026/07/28 18:22:29.703, 291.49, 100, 74232, 70
2026/07/28 18:22:30.741, 296.85, 100, 74232, 70
2026/07/28 18:22:31.778, 298.03, 100, 74232, 70
2026/07/28 18:22:32.814, 299.36, 100, 74232, 70
2026/07/28 18:22:33.850, 297.34, 100, 74232, 70
2026/07/28 18:22:34.886, 294.81, 100, 74232, 70
2026/07/28 18:22:35.924, 299.19, 100, 74232, 70
2026/07/28 18:22:36.962, 297.63, 100, 74232, 70
2026/07/28 18:22:37.998, 299.28, 100, 74232, 70
2026/07/28 18:22:39.035, 296.28, 100, 74232, 70
2026/07/28 18:22:40.074, 297.94, 100, 74232, 70
2026/07/28 18:22:41.112, 298.32, 100, 74232, 70
2026/07/28 18:22:42.149, 298.60, 100, 74232, 70
2026/07/28 18:22:43.186, 297.64, 100, 74232, 70
2026/07/28 18:22:44.225, 297.63, 100, 74232, 70
2026/07/28 18:22:45.263, 297.93, 100, 74232, 70
2026/07/28 18:22:46.301, 298.40, 100, 74232, 70
2026/07/28 18:22:47.339, 298.03, 100, 74232, 70
2026/07/28 18:22:48.377, 295.39, 100, 74232, 70
2026/07/28 18:22:49.417, 297.16, 100, 74232, 69
2026/07/28 18:22:50.455, 298.72, 100, 74232, 69
2026/07/28 18:22:51.492, 296.35, 100, 74232, 70
2026/07/28 18:22:52.530, 306.85, 100, 74232, 69
2026/07/28 18:22:53.566, 303.82, 100, 74232, 69
2026/07/28 18:22:54.603, 300.44, 100, 74232, 69
2026/07/28 18:22:55.641, 297.04, 100, 74232, 69
2026/07/28 18:22:56.680, 297.13, 100, 74232, 69
2026/07/28 18:22:57.722, 298.80, 100, 74232, 69
2026/07/28 18:22:58.759, 304.52, 100, 74232, 69
2026/07/28 18:22:59.796, 305.31, 100, 74232, 69
2026/07/28 18:23:00.835, 299.36, 100, 74232, 69
2026/07/28 18:23:01.872, 296.98, 100, 74232, 69
2026/07/28 18:23:02.909, 297.14, 100, 74232, 69
2026/07/28 18:23:03.951, 296.77, 100, 74232, 69
2026/07/28 18:23:04.989, 301.34, 100, 74232, 69
2026/07/28 18:23:06.026, 297.25, 100, 74232, 69
2026/07/28 18:23:07.069, 298.69, 100, 74232, 69
2026/07/28 18:23:08.107, 297.05, 100, 74232, 69
2026/07/28 18:23:09.143, 296.65, 100, 74232, 69
2026/07/28 18:23:10.181, 296.46, 100, 74232, 69
2026/07/28 18:23:11.218, 296.18, 100, 74232, 69
2026/07/28 18:23:12.255, 296.19, 100, 74232, 69
2026/07/28 18:23:13.292, 297.33, 100, 74232, 69
2026/07/28 18:23:14.329, 302.11, 100, 74232, 69
2026/07/28 18:23:15.366, 304.61, 100, 74232, 69
2026/07/28 18:23:16.403, 299.84, 100, 74232, 69
2026/07/28 18:23:17.440, 303.35, 100, 74232, 69
2026/07/28 18:23:18.478, 303.05, 100, 74232, 69
2026/07/28 18:23:19.515, 302.59, 100, 74232, 69
2026/07/28 18:23:20.553, 303.14, 100, 74232, 69
2026/07/28 18:23:21.591, 298.40, 100, 74232, 69
2026/07/28 18:23:22.629, 299.86, 100, 74232, 69
2026/07/28 18:23:23.665, 296.77, 100, 74232, 69
2026/07/28 18:23:24.704, 295.30, 100, 74232, 69
2026/07/28 18:23:25.741, 295.51, 100, 74232, 69
2026/07/28 18:23:26.778, 296.69, 100, 74232, 68
2026/07/28 18:23:27.815, 295.41, 100, 74232, 68
2026/07/28 18:23:28.853, 295.31, 100, 74232, 68
2026/07/28 18:23:29.889, 295.79, 100, 74232, 68
2026/07/28 18:23:30.929, 295.38, 100, 74232, 68
2026/07/28 18:23:31.966, 295.40, 100, 74232, 68
2026/07/28 18:23:33.003, 295.70, 100, 74232, 68
2026/07/28 18:23:34.041, 300.73, 100, 74232, 68
2026/07/28 18:23:35.079, 295.40, 100, 74232, 68
2026/07/28 18:23:36.117, 295.21, 100, 74232, 68
2026/07/28 18:23:37.158, 295.38, 100, 74232, 68
2026/07/28 18:23:38.195, 296.19, 100, 74232, 68
2026/07/28 18:23:39.232, 305.89, 100, 74232, 68
2026/07/28 18:23:40.270, 303.15, 100, 74232, 68
2026/07/28 18:23:41.308, 302.28, 100, 74232, 68
2026/07/28 18:23:42.346, 301.92, 100, 74232, 68
2026/07/28 18:23:43.383, 302.10, 100, 74232, 68
2026/07/28 18:23:44.421, 302.09, 100, 74232, 68
2026/07/28 18:23:45.459, 301.52, 100, 74232, 68
2026/07/28 18:23:46.495, 302.67, 100, 74232, 68
2026/07/28 18:23:47.533, 296.88, 100, 74232, 68
2026/07/28 18:23:48.570, 295.40, 100, 74232, 68
2026/07/28 18:23:49.607, 296.07, 100, 74232, 68
2026/07/28 18:23:50.644, 295.28, 100, 74232, 68
2026/07/28 18:23:51.683, 295.70, 100, 74232, 68
2026/07/28 18:23:52.719, 295.21, 100, 74232, 68
2026/07/28 18:23:53.756, 295.20, 100, 74232, 68
2026/07/28 18:23:54.793, 295.40, 100, 74232, 68
2026/07/28 18:23:55.830, 295.89, 100, 74232, 68
2026/07/28 18:23:56.870, 299.77, 100, 74232, 68
2026/07/28 18:23:57.908, 306.53, 100, 74232, 68
2026/07/28 18:23:58.945, 302.10, 100, 74232, 68
2026/07/28 18:23:59.982, 306.16, 100, 74232, 68
2026/07/28 18:24:01.018, 302.11, 100, 74232, 68
2026/07/28 18:24:02.056, 301.70, 100, 74232, 68
2026/07/28 18:24:03.095, 295.89, 100, 74232, 68
2026/07/28 18:24:04.135, 301.12, 100, 74232, 68
2026/07/28 18:24:05.172, 304.32, 100, 74232, 68
2026/07/28 18:24:06.210, 301.91, 100, 74232, 68
2026/07/28 18:24:07.248, 303.10, 100, 74232, 68
2026/07/28 18:24:08.285, 302.38, 100, 74232, 68
2026/07/28 18:24:09.321, 302.66, 100, 74232, 68
2026/07/28 18:24:10.358, 301.72, 100, 74232, 68
2026/07/28 18:24:11.396, 303.45, 100, 74232, 68
2026/07/28 18:24:12.433, 302.03, 100, 74232, 68
2026/07/28 18:24:13.469, 302.95, 100, 74232, 68
2026/07/28 18:24:14.506, 297.82, 100, 74232, 68
2026/07/28 18:24:15.544, 303.36, 100, 74232, 68
2026/07/28 18:24:16.581, 302.11, 100, 74232, 68
2026/07/28 18:24:17.617, 300.36, 100, 74232, 68
2026/07/28 18:24:18.654, 301.98, 100, 74232, 68
2026/07/28 18:24:19.693, 302.57, 100, 74232, 68
2026/07/28 18:24:20.732, 295.00, 100, 74232, 68
2026/07/28 18:24:21.769, 300.39, 100, 74232, 68
2026/07/28 18:24:22.810, 301.33, 100, 74232, 68
2026/07/28 18:24:23.849, 291.91, 100, 74232, 68
2026/07/28 18:24:24.886, 294.81, 100, 74232, 68
2026/07/28 18:24:25.923, 293.64, 100, 74232, 68
2026/07/28 18:24:26.959, 296.45, 100, 74232, 68
2026/07/28 18:24:27.997, 295.89, 100, 74232, 68
2026/07/28 18:24:29.034, 295.40, 100, 74232, 68
2026/07/28 18:24:30.072, 298.60, 100, 74232, 69
2026/07/28 18:24:31.110, 296.86, 100, 74232, 69
2026/07/28 18:24:32.146, 296.08, 100, 74232, 69
2026/07/28 18:24:33.184, 302.99, 100, 74232, 69
2026/07/28 18:24:34.221, 300.36, 100, 74232, 69
2026/07/28 18:24:35.259, 302.61, 100, 74232, 69
2026/07/28 18:24:36.297, 297.64, 100, 74232, 69
2026/07/28 18:24:37.334, 303.34, 100, 74232, 70
2026/07/28 18:24:38.371, 299.39, 100, 74232, 70
2026/07/28 18:24:39.413, 299.88, 100, 74232, 70
2026/07/28 18:24:40.450, 299.77, 100, 74232, 70
2026/07/28 18:24:41.487, 304.84, 100, 74232, 70
2026/07/28 18:24:42.534, 305.60, 100, 74232, 70
2026/07/28 18:24:43.572, 297.74, 100, 74232, 70
2026/07/28 18:24:44.609, 298.71, 100, 74232, 70
2026/07/28 18:24:45.646, 300.58, 100, 74232, 70
2026/07/28 18:24:46.683, 299.56, 100, 74232, 70
2026/07/28 18:24:47.719, 299.49, 100, 74232, 71
2026/07/28 18:24:48.759, 298.98, 100, 74232, 71
2026/07/28 18:24:49.796, 300.43, 100, 74232, 71
2026/07/28 18:24:50.832, 307.33, 100, 74232, 71
2026/07/28 18:24:51.870, 300.36, 100, 74232, 71
2026/07/28 18:24:52.907, 299.79, 100, 74232, 71
2026/07/28 18:24:53.946, 300.78, 100, 74232, 71
2026/07/28 18:24:54.984, 300.37, 100, 74232, 71
2026/07/28 18:24:56.023, 301.60, 100, 74232, 71
2026/07/28 18:24:57.059, 300.13, 100, 74232, 71
2026/07/28 18:24:58.097, 302.21, 100, 74232, 71
2026/07/28 18:24:59.136, 301.72, 100, 74232, 71
2026/07/28 18:25:00.174, 300.14, 100, 74232, 71
2026/07/28 18:25:01.214, 300.45, 100, 74232, 72
2026/07/28 18:25:02.251, 295.01, 100, 74232, 72
2026/07/28 18:25:03.291, 97.76, 0, 74232, 68
2026/07/28 18:25:04.324, 294.22, 100, 74232, 73
2026/07/28 18:25:05.359, 296.11, 100, 74232, 73
2026/07/28 18:25:06.395, 292.81, 100, 74232, 73
2026/07/28 18:25:07.432, 295.01, 100, 74232, 73
2026/07/28 18:25:08.469, 291.38, 100, 74232, 73
2026/07/28 18:25:09.505, 286.38, 100, 74232, 71
2026/07/28 18:25:10.544, 298.88, 100, 74232, 71
2026/07/28 18:25:11.582, 295.30, 100, 74232, 71
2026/07/28 18:25:12.621, 298.89, 100, 74232, 71
2026/07/28 18:25:13.657, 297.26, 100, 74232, 72
2026/07/28 18:25:14.695, 296.45, 100, 74232, 72
2026/07/28 18:25:15.733, 297.44, 100, 74232, 72
2026/07/28 18:25:16.771, 292.38, 100, 74232, 72
2026/07/28 18:25:17.809, 300.45, 100, 74232, 72
2026/07/28 18:25:18.845, 300.36, 100, 74232, 72
2026/07/28 18:25:19.882, 302.11, 100, 74232, 72
2026/07/28 18:25:20.918, 300.63, 100, 74232, 72
2026/07/28 18:25:21.956, 301.21, 100, 74232, 72
2026/07/28 18:25:22.992, 303.34, 100, 74232, 72
2026/07/28 18:25:24.031, 297.73, 100, 74232, 72
2026/07/28 18:25:25.066, 301.61, 100, 74232, 72
2026/07/28 18:25:26.105, 300.36, 100, 74232, 72
2026/07/28 18:25:27.141, 301.65, 100, 74232, 72
2026/07/28 18:25:28.178, 302.01, 100, 74232, 72
2026/07/28 18:25:29.214, 302.31, 100, 74232, 72
2026/07/28 18:25:30.251, 302.10, 100, 74232, 72
2026/07/28 18:25:31.288, 302.28, 100, 74232, 73
2026/07/28 18:25:32.326, 303.56, 100, 74232, 73
2026/07/28 18:25:33.365, 297.64, 100, 74232, 72
2026/07/28 18:25:34.402, 302.18, 100, 74232, 73
2026/07/28 18:25:35.441, 301.52, 100, 74232, 73
2026/07/28 18:25:36.478, 302.57, 100, 74232, 73
2026/07/28 18:25:37.516, 302.79, 100, 74232, 73
2026/07/28 18:25:38.554, 303.48, 100, 74232, 73
2026/07/28 18:25:39.591, 293.85, 100, 74232, 73
2026/07/28 18:25:40.629, 295.70, 100, 74232, 73
2026/07/28 18:25:41.665, 294.34, 100, 74232, 73
2026/07/28 18:25:42.704, 290.81, 100, 74232, 73
2026/07/28 18:25:43.741, 298.60, 100, 74232, 73
2026/07/28 18:25:44.780, 294.23, 100, 74232, 73
2026/07/28 18:25:45.821, 301.12, 100, 74232, 73
2026/07/28 18:25:46.859, 302.24, 100, 74232, 73
2026/07/28 18:25:47.895, 301.65, 100, 74232, 73
2026/07/28 18:25:48.933, 302.05, 100, 74232, 73
2026/07/28 18:25:49.970, 303.58, 100, 74232, 73
2026/07/28 18:25:51.006, 302.47, 100, 74232, 73
2026/07/28 18:25:52.042, 301.43, 100, 74232, 73
2026/07/28 18:25:53.083, 301.99, 100, 74232, 73
2026/07/28 18:25:54.121, 301.73, 100, 74232, 73
2026/07/28 18:25:55.159, 299.19, 100, 74232, 73
2026/07/28 18:25:56.196, 301.14, 100, 74232, 73
2026/07/28 18:25:57.235, 301.33, 100, 74232, 73
2026/07/28 18:25:58.271, 302.73, 100, 74232, 73
2026/07/28 18:25:59.308, 304.02, 100, 74232, 73
2026/07/28 18:26:00.345, 301.53, 100, 74232, 73
2026/07/28 18:26:01.382, 301.91, 100, 74232, 73
2026/07/28 18:26:02.419, 303.30, 100, 74232, 73
2026/07/28 18:26:03.455, 302.22, 100, 74232, 73
2026/07/28 18:26:04.494, 294.14, 100, 74232, 73
2026/07/28 18:26:05.532, 294.73, 100, 74232, 73
2026/07/28 18:26:06.570, 293.77, 100, 74232, 73
2026/07/28 18:26:07.607, 294.93, 100, 74232, 73
2026/07/28 18:26:08.651, 294.90, 100, 74232, 73
2026/07/28 18:26:09.689, 301.53, 100, 74232, 73
2026/07/28 18:26:10.727, 299.39, 100, 74232, 73
2026/07/28 18:26:11.766, 302.80, 100, 74232, 73
2026/07/28 18:26:12.804, 302.29, 100, 74232, 73
2026/07/28 18:26:13.850, 302.22, 100, 74232, 73
2026/07/28 18:26:14.888, 302.58, 100, 74232, 73
2026/07/28 18:26:15.926, 291.60, 100, 74232, 73
2026/07/28 18:26:16.963, 295.87, 100, 74232, 73
2026/07/28 18:26:18.001, 294.63, 100, 74232, 73
2026/07/28 18:26:19.038, 295.71, 100, 74232, 73
2026/07/28 18:26:20.077, 303.08, 100, 74232, 73
2026/07/28 18:26:21.115, 305.66, 100, 74232, 73
2026/07/28 18:26:22.153, 302.88, 100, 74232, 73
2026/07/28 18:26:23.190, 296.60, 100, 74232, 73
2026/07/28 18:26:24.228, 302.32, 100, 74232, 73
2026/07/28 18:26:25.267, 296.36, 100, 74232, 73
2026/07/28 18:26:26.305, 295.02, 100, 74232, 73
2026/07/28 18:26:27.345, 294.73, 100, 74232, 73
2026/07/28 18:26:28.383, 296.07, 100, 74232, 73
2026/07/28 18:26:29.421, 303.58, 100, 74232, 73
2026/07/28 18:26:30.459, 300.06, 100, 74232, 73
2026/07/28 18:26:31.498, 307.41, 100, 74232, 73
2026/07/28 18:26:32.536, 302.30, 100, 74232, 73
2026/07/28 18:26:33.572, 303.41, 100, 74232, 73
2026/07/28 18:26:34.609, 302.88, 100, 74232, 73
2026/07/28 18:26:35.647, 298.40, 100, 74232, 73
2026/07/28 18:26:36.686, 299.28, 100, 74232, 73
2026/07/28 18:26:37.724, 295.22, 100, 74232, 73
2026/07/28 18:26:38.762, 294.83, 100, 74232, 73
2026/07/28 18:26:39.800, 295.41, 100, 74232, 73
2026/07/28 18:26:40.837, 295.01, 100, 74232, 73
2026/07/28 18:26:41.875, 294.24, 100, 74232, 73
2026/07/28 18:26:42.913, 296.17, 100, 74232, 73
2026/07/28 18:26:43.950, 298.80, 100, 74232, 73
2026/07/28 18:26:44.989, 299.28, 100, 74232, 73
2026/07/28 18:26:46.027, 302.57, 100, 74232, 73
2026/07/28 18:26:47.065, 298.44, 100, 74232, 73
2026/07/28 18:26:48.102, 298.21, 100, 74232, 73
2026/07/28 18:26:49.140, 299.49, 100, 74232, 73
2026/07/28 18:26:50.177, 303.16, 100, 74232, 73
2026/07/28 18:26:51.214, 302.28, 100, 74232, 73
2026/07/28 18:26:52.252, 296.57, 100, 74232, 73
2026/07/28 18:26:53.294, 301.02, 100, 74232, 73
2026/07/28 18:26:54.332, 295.80, 100, 74232, 73
2026/07/28 18:26:55.370, 301.12, 100, 74232, 73
2026/07/28 18:26:56.408, 296.55, 100, 74232, 73
2026/07/28 18:26:57.445, 302.97, 100, 74232, 73
2026/07/28 18:26:58.483, 299.20, 100, 74232, 73
2026/07/28 18:26:59.521, 296.86, 100, 74232, 73
2026/07/28 18:27:00.558, 295.39, 100, 74232, 73
2026/07/28 18:27:01.596, 295.70, 100, 74232, 73
2026/07/28 18:27:02.640, 303.27, 100, 74232, 73
2026/07/28 18:27:03.678, 303.17, 100, 74232, 73
2026/07/28 18:27:04.715, 303.27, 100, 74232, 73
2026/07/28 18:27:05.756, 303.48, 100, 74232, 73
2026/07/28 18:27:06.793, 304.07, 100, 74232, 73
2026/07/28 18:27:07.830, 303.18, 100, 74232, 73
2026/07/28 18:27:08.868, 304.22, 100, 74232, 73
2026/07/28 18:27:09.905, 303.10, 100, 74232, 73
2026/07/28 18:27:10.942, 304.05, 100, 74232, 73
2026/07/28 18:27:11.979, 307.22, 100, 74232, 73
2026/07/28 18:27:13.018, 297.74, 100, 74232, 73
2026/07/28 18:27:14.060, 304.04, 100, 74232, 73
2026/07/28 18:27:15.099, 295.97, 100, 74232, 73
2026/07/28 18:27:16.137, 296.00, 100, 74232, 73
2026/07/28 18:27:17.178, 296.57, 100, 74232, 73
2026/07/28 18:27:18.216, 296.67, 100, 74232, 73
2026/07/28 18:27:19.254, 296.96, 100, 74232, 73
2026/07/28 18:27:20.291, 296.08, 100, 74232, 73
2026/07/28 18:27:21.330, 294.12, 100, 74232, 73
2026/07/28 18:27:22.367, 292.58, 100, 74232, 73
2026/07/28 18:27:23.405, 292.67, 100, 74232, 73
2026/07/28 18:27:24.443, 295.40, 100, 74232, 73
2026/07/28 18:27:25.480, 295.33, 100, 74232, 73
2026/07/28 18:27:26.518, 296.31, 100, 74232, 73
2026/07/28 18:27:27.555, 295.39, 100, 74232, 73
2026/07/28 18:27:28.593, 300.93, 100, 74232, 73
2026/07/28 18:27:29.631, 302.42, 100, 74232, 73
2026/07/28 18:27:30.669, 301.93, 100, 74232, 73
2026/07/28 18:27:31.706, 303.36, 100, 74232, 73
2026/07/28 18:27:32.743, 304.18, 100, 74232, 73
2026/07/28 18:27:33.781, 303.15, 100, 74232, 73
2026/07/28 18:27:34.818, 296.12, 100, 74232, 73
2026/07/28 18:27:35.856, 291.92, 100, 74232, 73
2026/07/28 18:27:36.896, 295.21, 100, 74232, 73
2026/07/28 18:27:37.938, 294.92, 100, 74232, 73
2026/07/28 18:27:38.976, 296.37, 100, 74232, 73
2026/07/28 18:27:40.014, 306.65, 100, 74232, 73
2026/07/28 18:27:41.054, 297.63, 100, 74232, 73
2026/07/28 18:27:42.093, 297.63, 100, 74232, 73
2026/07/28 18:27:43.133, 292.28, 100, 74232, 73
2026/07/28 18:27:44.173, 295.72, 100, 74232, 73
2026/07/28 18:27:45.211, 295.22, 100, 74232, 73
2026/07/28 18:27:46.251, 295.52, 100, 74232, 73
2026/07/28 18:27:47.289, 303.64, 100, 74232, 73
2026/07/28 18:27:48.327, 307.62, 100, 74232, 73
2026/07/28 18:27:49.366, 303.18, 100, 74232, 73
2026/07/28 18:27:50.405, 296.67, 100, 74232, 73
2026/07/28 18:27:51.442, 302.98, 100, 74232, 73
2026/07/28 18:27:52.479, 303.48, 100, 74232, 73
2026/07/28 18:27:53.518, 299.85, 100, 74232, 73
2026/07/28 18:27:54.555, 300.54, 100, 74232, 73
2026/07/28 18:27:55.592, 303.15, 100, 74232, 73
2026/07/28 18:27:56.630, 299.96, 100, 74232, 73
2026/07/28 18:27:57.667, 298.99, 100, 74232, 73
2026/07/28 18:27:58.704, 297.25, 100, 74232, 73
2026/07/28 18:27:59.750, 295.33, 100, 74232, 73
2026/07/28 18:28:00.788, 302.81, 100, 74232, 73
2026/07/28 18:28:01.825, 303.01, 100, 74232, 73
2026/07/28 18:28:02.863, 299.21, 100, 74232, 73
2026/07/28 18:28:03.900, 303.75, 100, 74232, 73
2026/07/28 18:28:04.937, 305.00, 100, 74232, 73
2026/07/28 18:28:05.975, 303.02, 100, 74232, 73
2026/07/28 18:28:07.013, 304.12, 100, 74232, 73
2026/07/28 18:28:08.051, 296.45, 100, 74232, 73
2026/07/28 18:28:09.091, 295.40, 100, 74232, 73
2026/07/28 18:28:10.128, 295.79, 100, 74232, 73
2026/07/28 18:28:11.172, 298.20, 100, 74232, 73
2026/07/28 18:28:12.213, 303.58, 100, 74232, 73
2026/07/28 18:28:13.250, 304.13, 100, 74232, 73
2026/07/28 18:28:14.290, 302.78, 100, 74232, 73
2026/07/28 18:28:15.328, 296.80, 100, 74232, 73
2026/07/28 18:28:16.366, 302.91, 100, 74232, 73
2026/07/28 18:28:17.405, 297.34, 100, 74232, 73
2026/07/28 18:28:18.442, 295.70, 100, 74232, 73
2026/07/28 18:28:19.480, 303.06, 100, 74232, 73
2026/07/28 18:28:20.518, 302.68, 100, 74232, 73
2026/07/28 18:28:21.557, 297.94, 100, 74232, 73
2026/07/28 18:28:22.596, 297.23, 100, 74232, 73
2026/07/28 18:28:23.633, 295.21, 100, 74232, 73
2026/07/28 18:28:24.674, 292.39, 100, 74232, 73
2026/07/28 18:28:25.715, 295.69, 100, 74232, 73
2026/07/28 18:28:26.752, 296.17, 100, 74232, 73
2026/07/28 18:28:27.790, 296.67, 100, 74232, 73
2026/07/28 18:28:28.828, 295.19, 100, 74232, 73
2026/07/28 18:28:29.868, 296.75, 100, 74232, 73
2026/07/28 18:28:30.906, 292.80, 100, 74232, 73
2026/07/28 18:28:31.945, 292.29, 100, 74232, 73
2026/07/28 18:28:32.983, 301.31, 100, 74232, 73
2026/07/28 18:28:34.021, 303.29, 100, 74232, 73
2026/07/28 18:28:35.059, 304.11, 100, 74232, 73
2026/07/28 18:28:36.098, 295.71, 100, 74232, 73
2026/07/28 18:28:37.139, 293.36, 100, 74232, 73
2026/07/28 18:28:38.179, 295.40, 100, 74232, 73
2026/07/28 18:28:39.216, 303.66, 100, 74232, 73
2026/07/28 18:28:40.254, 304.13, 100, 74232, 73
2026/07/28 18:28:41.291, 303.67, 100, 74232, 73
2026/07/28 18:28:42.329, 303.75, 100, 74232, 73
2026/07/28 18:28:43.367, 299.01, 100, 74232, 73
2026/07/28 18:28:44.403, 295.22, 100, 74232, 73
2026/07/28 18:28:45.440, 293.46, 100, 74232, 73
2026/07/28 18:28:46.478, 295.51, 100, 74232, 73
2026/07/28 18:28:47.516, 295.60, 100, 74232, 73
2026/07/28 18:28:48.553, 296.02, 100, 74232, 73
2026/07/28 18:28:49.592, 296.08, 100, 74232, 73
2026/07/28 18:28:50.629, 295.60, 100, 74232, 73
2026/07/28 18:28:51.666, 295.31, 100, 74232, 73
2026/07/28 18:28:52.704, 299.28, 100, 74232, 73
2026/07/28 18:28:53.742, 302.48, 100, 74232, 73
2026/07/28 18:28:54.782, 304.32, 100, 74232, 73
2026/07/28 18:28:55.820, 302.88, 100, 74232, 73
2026/07/28 18:28:56.857, 300.91, 100, 74232, 73
2026/07/28 18:28:57.898, 304.02, 100, 74232, 73
2026/07/28 18:28:58.935, 304.52, 100, 74232, 73
2026/07/28 18:28:59.972, 302.49, 100, 74232, 73
2026/07/28 18:29:01.009, 302.39, 100, 74232, 73
2026/07/28 18:29:02.046, 296.37, 100, 74232, 73
2026/07/28 18:29:03.088, 298.93, 100, 74232, 73
2026/07/28 18:29:04.128, 295.40, 100, 74232, 73
2026/07/28 18:29:05.166, 295.90, 100, 74232, 73
2026/07/28 18:29:06.205, 296.57, 100, 74232, 73
2026/07/28 18:29:07.241, 295.99, 100, 74232, 73
2026/07/28 18:29:08.278, 295.88, 100, 74232, 73
2026/07/28 18:29:09.316, 299.16, 100, 74232, 73
2026/07/28 18:29:10.354, 295.81, 100, 74232, 73
2026/07/28 18:29:11.392, 295.59, 100, 74232, 73
2026/07/28 18:29:12.434, 296.10, 100, 74232, 73
2026/07/28 18:29:13.472, 298.81, 100, 74232, 73
2026/07/28 18:29:14.510, 295.99, 100, 74232, 73
2026/07/28 18:29:15.548, 295.91, 100, 74232, 73
2026/07/28 18:29:16.585, 292.10, 100, 74232, 73
2026/07/28 18:29:17.628, 295.69, 100, 74232, 73
2026/07/28 18:29:18.666, 304.30, 100, 74232, 73
2026/07/28 18:29:19.702, 299.58, 100, 74232, 73
2026/07/28 18:29:20.740, 304.93, 100, 74232, 73
2026/07/28 18:29:21.778, 303.93, 100, 74232, 73
2026/07/28 18:29:22.815, 303.26, 100, 74232, 73
2026/07/28 18:29:23.853, 303.44, 100, 74232, 73
2026/07/28 18:29:24.890, 302.23, 100, 74232, 73
2026/07/28 18:29:25.930, 305.11, 100, 74232, 73
2026/07/28 18:29:26.972, 297.24, 100, 74232, 73
2026/07/28 18:29:28.009, 296.08, 100, 74232, 73
2026/07/28 18:29:29.049, 295.62, 100, 74232, 73
2026/07/28 18:29:30.091, 301.89, 100, 74232, 73
2026/07/28 18:29:31.130, 294.62, 100, 74232, 73
2026/07/28 18:29:32.169, 291.43, 100, 74232, 73
2026/07/28 18:29:33.207, 295.21, 100, 74232, 73
2026/07/28 18:29:34.247, 295.30, 100, 74232, 73
2026/07/28 18:29:35.285, 293.65, 100, 74232, 73
2026/07/28 18:29:36.323, 295.79, 100, 74232, 73
2026/07/28 18:29:37.360, 296.17, 100, 74232, 73
2026/07/28 18:29:38.397, 295.03, 100, 74232, 73
2026/07/28 18:29:39.435, 296.55, 100, 74232, 73
2026/07/28 18:29:40.475, 295.97, 100, 74232, 73
2026/07/28 18:29:41.518, 301.83, 100, 74232, 73
2026/07/28 18:29:42.556, 302.58, 100, 74232, 73
2026/07/28 18:29:43.593, 302.47, 100, 74232, 73
2026/07/28 18:29:44.632, 298.79, 100, 74232, 73
2026/07/28 18:29:45.669, 299.19, 100, 74232, 73
2026/07/28 18:29:46.707, 303.88, 100, 74232, 73
2026/07/28 18:29:47.744, 291.81, 100, 74232, 73
2026/07/28 18:29:48.782, 295.60, 100, 74232, 73
2026/07/28 18:29:49.822, 291.61, 100, 74232, 73
2026/07/28 18:29:50.860, 295.79, 100, 74232, 73
2026/07/28 18:29:51.900, 296.50, 100, 74232, 73
2026/07/28 18:29:52.937, 300.33, 100, 74232, 73
2026/07/28 18:29:53.974, 295.40, 100, 74232, 73
2026/07/28 18:29:55.012, 299.38, 100, 74232, 73
2026/07/28 18:29:56.051, 304.41, 100, 74232, 73
2026/07/28 18:29:57.094, 296.18, 100, 74232, 73
2026/07/28 18:29:58.132, 295.97, 100, 74232, 73
2026/07/28 18:29:59.170, 304.12, 100, 74232, 73
2026/07/28 18:30:00.208, 303.74, 100, 74232, 73
2026/07/28 18:30:01.245, 303.94, 100, 74232, 73
2026/07/28 18:30:02.282, 304.56, 100, 74232, 73
2026/07/28 18:30:03.319, 303.55, 100, 74232, 73
2026/07/28 18:30:04.356, 98.56, 0, 74232, 70
2026/07/28 18:30:05.389, 98.32, 0, 74232, 69
2026/07/28 18:30:06.422, 97.89, 0, 74232, 69
2026/07/28 18:30:07.454, 96.64, 0, 74232, 68
2026/07/28 18:30:08.487, 96.15, 0, 74232, 67
2026/07/28 18:30:09.520, 94.64, 0, 74232, 67
2026/07/28 18:30:10.552, 94.04, 0, 74232, 67
2026/07/28 18:30:11.585, 356.59, 0, 74232, 70
2026/07/28 18:30:12.620, 305.75, 100, 74232, 71
2026/07/28 18:30:13.655, 290.41, 100, 74232, 72
2026/07/28 18:30:14.690, 310.67, 100, 74232, 72
2026/07/28 18:30:15.726, 303.26, 100, 74232, 72
2026/07/28 18:30:16.762, 303.03, 100, 74232, 72
2026/07/28 18:30:17.803, 304.02, 100, 74232, 71
2026/07/28 18:30:18.843, 298.98, 100, 74232, 71
2026/07/28 18:30:19.880, 299.02, 100, 74232, 71
2026/07/28 18:30:20.918, 302.77, 100, 74232, 71
2026/07/28 18:30:21.956, 300.82, 100, 74232, 71
2026/07/28 18:30:22.993, 299.90, 100, 74232, 71
2026/07/28 18:30:24.030, 300.16, 100, 74232, 72
2026/07/28 18:30:25.067, 302.58, 100, 74232, 72
2026/07/28 18:30:26.106, 300.93, 100, 74232, 72
2026/07/28 18:30:27.144, 301.21, 100, 74232, 72
2026/07/28 18:30:28.181, 301.43, 100, 74232, 72
2026/07/28 18:30:29.218, 301.05, 100, 74232, 72
2026/07/28 18:30:30.254, 301.13, 100, 74232, 72
2026/07/28 18:30:31.291, 301.42, 100, 74232, 72
2026/07/28 18:30:32.327, 294.03, 100, 74232, 72
2026/07/28 18:30:33.367, 301.71, 100, 74232, 72
2026/07/28 18:30:34.405, 302.31, 100, 74232, 72
2026/07/28 18:30:35.442, 294.24, 100, 74232, 72
2026/07/28 18:30:36.482, 296.47, 100, 74232, 72
2026/07/28 18:30:37.522, 301.25, 100, 74232, 72
2026/07/28 18:30:38.559, 294.14, 100, 74232, 72
2026/07/28 18:30:39.598, 294.16, 100, 74232, 72
2026/07/28 18:30:40.634, 295.70, 100, 74232, 72
2026/07/28 18:30:41.671, 294.70, 100, 74232, 72
2026/07/28 18:30:42.709, 300.84, 100, 74232, 73
2026/07/28 18:30:43.747, 299.66, 100, 74232, 73
2026/07/28 18:30:44.784, 301.82, 100, 74232, 73
2026/07/28 18:30:45.822, 304.51, 100, 74232, 73
2026/07/28 18:30:46.859, 301.32, 100, 74232, 73
2026/07/28 18:30:47.896, 302.77, 100, 74232, 73
2026/07/28 18:30:48.933, 302.02, 100, 74232, 73
2026/07/28 18:30:49.969, 302.29, 100, 74232, 73
2026/07/28 18:30:51.005, 303.07, 100, 74232, 73
2026/07/28 18:30:52.043, 301.99, 100, 74232, 73
2026/07/28 18:30:53.079, 302.03, 100, 74232, 73
2026/07/28 18:30:54.118, 306.06, 100, 74232, 73
2026/07/28 18:30:55.156, 303.16, 100, 74232, 73
2026/07/28 18:30:56.193, 304.30, 100, 74232, 73
2026/07/28 18:30:57.231, 295.40, 100, 74232, 73
2026/07/28 18:30:58.270, 295.31, 100, 74232, 73
2026/07/28 18:30:59.308, 294.83, 100, 74232, 73
2026/07/28 18:31:00.349, 295.02, 100, 74232, 73
2026/07/28 18:31:01.387, 294.93, 100, 74232, 73
2026/07/28 18:31:02.424, 294.82, 100, 74232, 73
2026/07/28 18:31:03.462, 292.09, 100, 74232, 73
2026/07/28 18:31:04.501, 294.33, 100, 74232, 73
2026/07/28 18:31:05.539, 295.40, 100, 74232, 73
2026/07/28 18:31:06.577, 294.61, 100, 74232, 73
2026/07/28 18:31:07.615, 299.30, 100, 74232, 73
2026/07/28 18:31:08.653, 294.84, 100, 74232, 73
2026/07/28 18:31:09.691, 304.61, 100, 74232, 73
2026/07/28 18:31:10.734, 299.60, 100, 74232, 73
2026/07/28 18:31:11.772, 303.46, 100, 74232, 73
2026/07/28 18:31:12.809, 302.97, 100, 74232, 73
2026/07/28 18:31:13.848, 303.39, 100, 74232, 73
2026/07/28 18:31:14.885, 291.62, 100, 74232, 73
2026/07/28 18:31:15.927, 291.51, 100, 74232, 73
2026/07/28 18:31:16.967, 295.70, 100, 74232, 73
2026/07/28 18:31:18.005, 299.20, 100, 74232, 73
2026/07/28 18:31:19.042, 298.03, 100, 74232, 73
2026/07/28 18:31:20.079, 303.35, 100, 74232, 73
2026/07/28 18:31:21.115, 302.80, 100, 74232, 73
2026/07/28 18:31:22.154, 302.69, 100, 74232, 73
2026/07/28 18:31:23.192, 302.48, 100, 74232, 73
2026/07/28 18:31:24.231, 295.30, 100, 74232, 73
2026/07/28 18:31:25.270, 295.90, 100, 74232, 73
2026/07/28 18:31:26.310, 296.87, 100, 74232, 73
2026/07/28 18:31:27.348, 295.03, 100, 74232, 73
2026/07/28 18:31:28.386, 297.73, 100, 74232, 73
2026/07/28 18:31:29.429, 298.99, 100, 74232, 73
2026/07/28 18:31:30.466, 302.48, 100, 74232, 73
2026/07/28 18:31:31.503, 299.19, 100, 74232, 73
2026/07/28 18:31:32.543, 303.42, 100, 74232, 73
2026/07/28 18:31:33.579, 303.28, 100, 74232, 73
2026/07/28 18:31:34.616, 298.90, 100, 74232, 73
2026/07/28 18:31:35.654, 302.99, 100, 74232, 73
2026/07/28 18:31:36.692, 302.58, 100, 74232, 73
2026/07/28 18:31:37.730, 296.27, 100, 74232, 73
2026/07/28 18:31:38.768, 297.36, 100, 74232, 73
2026/07/28 18:31:39.806, 302.79, 100, 74232, 73
2026/07/28 18:31:40.844, 292.29, 100, 74232, 73
2026/07/28 18:31:41.882, 302.57, 100, 74232, 73
2026/07/28 18:31:42.919, 302.02, 100, 74232, 73
2026/07/28 18:31:43.957, 302.77, 100, 74232, 73
2026/07/28 18:31:44.994, 303.45, 100, 74232, 73
2026/07/28 18:31:46.032, 303.46, 100, 74232, 73
2026/07/28 18:31:47.069, 302.10, 100, 74232, 73
2026/07/28 18:31:48.109, 302.78, 100, 74232, 73
2026/07/28 18:31:49.146, 303.56, 100, 74232, 73
2026/07/28 18:31:50.182, 304.26, 100, 74232, 73
2026/07/28 18:31:51.220, 302.97, 100, 74232, 73
2026/07/28 18:31:52.258, 303.02, 100, 74232, 73
2026/07/28 18:31:53.296, 297.55, 100, 74232, 73
2026/07/28 18:31:54.333, 297.14, 100, 74232, 73
2026/07/28 18:31:55.371, 295.72, 100, 74232, 73
2026/07/28 18:31:56.409, 296.57, 100, 74232, 73
2026/07/28 18:31:57.446, 295.31, 100, 74232, 73
2026/07/28 18:31:58.483, 295.99, 100, 74232, 73
2026/07/28 18:31:59.520, 294.82, 100, 74232, 73
2026/07/28 18:32:00.557, 297.15, 100, 74232, 73
2026/07/28 18:32:01.595, 299.67, 100, 74232, 73
2026/07/28 18:32:02.632, 299.77, 100, 74232, 73
2026/07/28 18:32:03.670, 292.00, 100, 74232, 73
2026/07/28 18:32:04.709, 294.92, 100, 74232, 73
2026/07/28 18:32:05.746, 296.40, 100, 74232, 73
2026/07/28 18:32:06.784, 302.88, 100, 74232, 73
2026/07/28 18:32:07.824, 304.66, 100, 74232, 73
2026/07/28 18:32:08.864, 302.95, 100, 74232, 73
2026/07/28 18:32:09.902, 303.88, 100, 74232, 73
2026/07/28 18:32:10.940, 303.16, 100, 74232, 73
2026/07/28 18:32:11.978, 303.15, 100, 74232, 73
2026/07/28 18:32:13.016, 302.77, 100, 74232, 73
2026/07/28 18:32:14.053, 299.29, 100, 74232, 73
2026/07/28 18:32:15.096, 298.69, 100, 74232, 73
2026/07/28 18:32:16.135, 295.39, 100, 74232, 73
2026/07/28 18:32:17.174, 299.49, 100, 74232, 73
2026/07/28 18:32:18.212, 291.61, 100, 74232, 73
2026/07/28 18:32:19.250, 301.71, 100, 74232, 73
2026/07/28 18:32:20.287, 299.29, 100, 74232, 73
2026/07/28 18:32:21.330, 298.61, 100, 74232, 73
2026/07/28 18:32:22.369, 296.49, 100, 74232, 73
2026/07/28 18:32:23.406, 295.70, 100, 74232, 73
2026/07/28 18:32:24.444, 291.32, 100, 74232, 73
2026/07/28 18:32:25.482, 295.31, 100, 74232, 73
2026/07/28 18:32:26.520, 295.09, 100, 74232, 73
2026/07/28 18:32:27.560, 298.24, 100, 74232, 73
2026/07/28 18:32:28.598, 297.24, 100, 74232, 73
2026/07/28 18:32:29.638, 301.13, 100, 74232, 73
2026/07/28 18:32:30.676, 302.67, 100, 74232, 73
2026/07/28 18:32:31.723, 296.58, 100, 74232, 73
2026/07/28 18:32:32.761, 295.22, 100, 74232, 73
2026/07/28 18:32:33.799, 294.23, 100, 74232, 73
2026/07/28 18:32:34.841, 294.90, 100, 74232, 73
2026/07/28 18:32:35.879, 297.57, 100, 74232, 73
2026/07/28 18:32:36.916, 295.51, 100, 74232, 73
2026/07/28 18:32:37.956, 295.30, 100, 74232, 73
2026/07/28 18:32:38.994, 295.41, 100, 74232, 73
2026/07/28 18:32:40.033, 297.82, 100, 74232, 73
2026/07/28 18:32:41.072, 295.11, 100, 74232, 73
2026/07/28 18:32:42.110, 305.97, 100, 74232, 73
2026/07/28 18:32:43.149, 302.37, 100, 74232, 73
2026/07/28 18:32:44.190, 302.79, 100, 74232, 73
2026/07/28 18:32:45.227, 302.09, 100, 74232, 73
2026/07/28 18:32:46.266, 302.30, 100, 74232, 73
2026/07/28 18:32:47.304, 303.27, 100, 74232, 73
2026/07/28 18:32:48.341, 303.94, 100, 74232, 73
2026/07/28 18:32:49.379, 297.05, 100, 74232, 73
2026/07/28 18:32:50.416, 296.47, 100, 74232, 73
2026/07/28 18:32:51.454, 295.60, 100, 74232, 73
2026/07/28 18:32:52.492, 295.59, 100, 74232, 73
2026/07/28 18:32:53.534, 295.05, 100, 74232, 73
2026/07/28 18:32:54.573, 291.42, 100, 74232, 73
2026/07/28 18:32:55.611, 298.60, 100, 74232, 73
2026/07/28 18:32:56.651, 295.80, 100, 74232, 73
2026/07/28 18:32:57.688, 296.49, 100, 74232, 73
2026/07/28 18:32:58.730, 295.23, 100, 74232, 73
2026/07/28 18:32:59.768, 296.56, 100, 74232, 73
2026/07/28 18:33:00.805, 292.49, 100, 74232, 73
2026/07/28 18:33:01.843, 295.40, 100, 74232, 73
2026/07/28 18:33:02.880, 296.48, 100, 74232, 73
2026/07/28 18:33:03.918, 295.39, 100, 74232, 73
2026/07/28 18:33:04.956, 295.89, 100, 74232, 73
2026/07/28 18:33:05.994, 297.25, 100, 74232, 73
2026/07/28 18:33:07.032, 295.60, 100, 74232, 73
2026/07/28 18:33:08.070, 295.89, 100, 74232, 73
2026/07/28 18:33:09.113, 295.11, 100, 74232, 73
2026/07/28 18:33:10.151, 300.15, 100, 74232, 73
2026/07/28 18:33:11.188, 300.15, 100, 74232, 73
2026/07/28 18:33:12.228, 303.39, 100, 74232, 73
2026/07/28 18:33:13.266, 303.45, 100, 74232, 73
2026/07/28 18:33:14.302, 304.00, 100, 74232, 73
2026/07/28 18:33:15.341, 303.26, 100, 74232, 73
2026/07/28 18:33:16.378, 303.55, 100, 74232, 73
2026/07/28 18:33:17.417, 302.28, 100, 74232, 73
2026/07/28 18:33:18.455, 306.17, 100, 74232, 73
2026/07/28 18:33:19.494, 303.36, 100, 74232, 73
2026/07/28 18:33:20.532, 292.11, 100, 74232, 73
2026/07/28 18:33:21.570, 299.71, 100, 74232, 73
2026/07/28 18:33:22.610, 292.97, 100, 74232, 73
2026/07/28 18:33:23.649, 296.18, 100, 74232, 73
2026/07/28 18:33:24.687, 296.19, 100, 74232, 73
2026/07/28 18:33:25.725, 296.37, 100, 74232, 73
2026/07/28 18:33:26.763, 295.80, 100, 74232, 73
2026/07/28 18:33:27.800, 295.60, 100, 74232, 73
2026/07/28 18:33:28.837, 295.14, 100, 74232, 73
2026/07/28 18:33:29.876, 303.19, 100, 74232, 73
2026/07/28 18:33:30.914, 305.48, 100, 74232, 73
2026/07/28 18:33:31.953, 300.27, 100, 74232, 73
2026/07/28 18:33:32.992, 304.72, 100, 74232, 73
2026/07/28 18:33:34.030, 303.26, 100, 74232, 73
2026/07/28 18:33:35.068, 299.66, 100, 74232, 73
2026/07/28 18:33:36.105, 304.31, 100, 74232, 73
2026/07/28 18:33:37.143, 304.05, 100, 74232, 73
2026/07/28 18:33:38.183, 296.28, 100, 74232, 73
2026/07/28 18:33:39.221, 301.15, 100, 74232, 73
2026/07/28 18:33:40.262, 295.60, 100, 74232, 73
2026/07/28 18:33:41.300, 295.89, 100, 74232, 73
2026/07/28 18:33:42.337, 295.59, 100, 74232, 73
2026/07/28 18:33:43.374, 296.86, 100, 74232, 73
2026/07/28 18:33:44.412, 301.80, 100, 74232, 73
2026/07/28 18:33:45.452, 292.10, 100, 74232, 73
2026/07/28 18:33:46.490, 302.67, 100, 74232, 73
2026/07/28 18:33:47.528, 302.72, 100, 74232, 73
2026/07/28 18:33:48.570, 296.28, 100, 74232, 73
2026/07/28 18:33:49.607, 293.47, 100, 74232, 73
2026/07/28 18:33:50.646, 295.60, 100, 74232, 73
2026/07/28 18:33:51.684, 295.51, 100, 74232, 73
2026/07/28 18:33:52.722, 295.40, 100, 74232, 73
2026/07/28 18:33:53.760, 303.37, 100, 74232, 73
2026/07/28 18:33:54.797, 301.71, 100, 74232, 73
2026/07/28 18:33:55.834, 300.64, 100, 74232, 73
2026/07/28 18:33:56.870, 303.67, 100, 74232, 73
2026/07/28 18:33:57.909, 295.98, 100, 74232, 73
2026/07/28 18:33:58.946, 302.11, 100, 74232, 73
2026/07/28 18:33:59.984, 303.35, 100, 74232, 73
2026/07/28 18:34:01.021, 303.93, 100, 74232, 73
2026/07/28 18:34:02.059, 305.30, 100, 74232, 73
2026/07/28 18:34:03.096, 297.73, 100, 74232, 73
2026/07/28 18:34:04.134, 303.84, 100, 74232, 73
2026/07/28 18:34:05.172, 292.67, 100, 74232, 73
2026/07/28 18:34:06.209, 295.11, 100, 74232, 73
2026/07/28 18:34:07.249, 301.41, 100, 74232, 73
2026/07/28 18:34:08.289, 296.38, 100, 74232, 73
2026/07/28 18:34:09.327, 299.86, 100, 74232, 73
2026/07/28 18:34:10.365, 301.33, 100, 74232, 73
2026/07/28 18:34:11.405, 298.60, 100, 74232, 73
2026/07/28 18:34:12.443, 293.25, 100, 74232, 73
2026/07/28 18:34:13.481, 296.48, 100, 74232, 73
2026/07/28 18:34:14.518, 297.62, 100, 74232, 73
2026/07/28 18:34:15.556, 303.79, 100, 74232, 73
2026/07/28 18:34:16.594, 304.52, 100, 74232, 73
2026/07/28 18:34:17.633, 304.23, 100, 74232, 73
2026/07/28 18:34:18.671, 296.67, 100, 74232, 73
2026/07/28 18:34:19.708, 299.17, 100, 74232, 73
2026/07/28 18:34:20.746, 303.27, 100, 74232, 73
2026/07/28 18:34:21.783, 295.78, 100, 74232, 73
2026/07/28 18:34:22.825, 296.38, 100, 74232, 73
2026/07/28 18:34:23.863, 297.37, 100, 74232, 73
2026/07/28 18:34:24.901, 295.60, 100, 74232, 73
2026/07/28 18:34:25.939, 295.89, 100, 74232, 73
2026/07/28 18:34:26.976, 296.18, 100, 74232, 73
2026/07/28 18:34:28.014, 293.45, 100, 74232, 73
2026/07/28 18:34:29.051, 295.50, 100, 74232, 73
2026/07/28 18:34:30.088, 292.60, 100, 74232, 73
2026/07/28 18:34:31.126, 296.46, 100, 74232, 73
2026/07/28 18:34:32.163, 299.08, 100, 74232, 73
2026/07/28 18:34:33.201, 295.57, 100, 74232, 73
2026/07/28 18:34:34.239, 296.00, 100, 74232, 73
2026/07/28 18:34:35.277, 292.47, 100, 74232, 73
2026/07/28 18:34:36.315, 292.00, 100, 74232, 73
2026/07/28 18:34:37.355, 295.70, 100, 74232, 73
2026/07/28 18:34:38.393, 296.29, 100, 74232, 73
2026/07/28 18:34:39.437, 302.60, 100, 74232, 74
2026/07/28 18:34:40.475, 301.42, 100, 74232, 73
2026/07/28 18:34:41.512, 297.53, 100, 74232, 73
2026/07/28 18:34:42.549, 299.08, 100, 74232, 73
2026/07/28 18:34:43.587, 296.68, 100, 74232, 73
2026/07/28 18:34:44.625, 301.53, 100, 74232, 73
2026/07/28 18:34:45.664, 296.47, 100, 74232, 73
2026/07/28 18:34:46.703, 297.26, 100, 74232, 73
2026/07/28 18:34:47.746, 304.70, 100, 74232, 73
2026/07/28 18:34:48.785, 293.09, 100, 74232, 73
2026/07/28 18:34:49.823, 293.55, 100, 74232, 73
2026/07/28 18:34:50.863, 295.99, 100, 74232, 73
2026/07/28 18:34:51.900, 296.86, 100, 74232, 73
2026/07/28 18:34:52.941, 298.31, 100, 74232, 74
2026/07/28 18:34:53.978, 295.98, 100, 74232, 74
2026/07/28 18:34:55.016, 296.88, 100, 74232, 73
2026/07/28 18:34:56.055, 295.59, 100, 74232, 74
2026/07/28 18:34:57.093, 296.47, 100, 74232, 74
2026/07/28 18:34:58.132, 299.08, 100, 74232, 74
2026/07/28 18:34:59.171, 300.65, 100, 74232, 74
2026/07/28 18:35:00.209, 303.57, 100, 74232, 74
2026/07/28 18:35:01.248, 295.98, 100, 74232, 74
2026/07/28 18:35:02.286, 297.05, 100, 74232, 74
2026/07/28 18:35:03.324, 296.66, 100, 74232, 74
2026/07/28 18:35:04.361, 302.80, 100, 74232, 74
2026/07/28 18:35:05.402, 298.52, 100, 74232, 74
2026/07/28 18:35:06.439, 298.23, 100, 74232, 74
2026/07/28 18:35:07.478, 298.29, 100, 74232, 74
2026/07/28 18:35:08.516, 293.07, 100, 74232, 74
2026/07/28 18:35:09.554, 304.70, 100, 74232, 74
2026/07/28 18:35:10.592, 304.22, 100, 74232, 74
2026/07/28 18:35:11.628, 99.21, 100, 74232, 72
2026/07/28 18:35:12.661, 300.70, 100, 74232, 75
2026/07/28 18:35:13.697, 289.08, 100, 74232, 75
2026/07/28 18:35:14.731, 301.37, 100, 74232, 75
2026/07/28 18:35:15.768, 298.27, 100, 74232, 75
2026/07/28 18:35:16.806, 294.92, 100, 74232, 75
2026/07/28 18:35:17.845, 300.81, 100, 74232, 75
2026/07/28 18:35:18.885, 277.27, 100, 74232, 73
2026/07/28 18:35:19.923, 289.26, 100, 74232, 73
2026/07/28 18:35:20.961, 284.02, 100, 74232, 73
2026/07/28 18:35:22.000, 292.97, 100, 74232, 73
2026/07/28 18:35:23.037, 291.91, 100, 74232, 73
2026/07/28 18:35:24.077, 297.64, 100, 74232, 74
2026/07/28 18:35:25.118, 296.17, 100, 74232, 74
2026/07/28 18:35:26.157, 296.00, 100, 74232, 74
2026/07/28 18:35:27.193, 297.53, 100, 74232, 74
2026/07/28 18:35:28.230, 296.77, 100, 74232, 74
2026/07/28 18:35:29.267, 296.36, 100, 74232, 74
2026/07/28 18:35:30.305, 297.43, 100, 74232, 74
2026/07/28 18:35:31.342, 304.24, 100, 74232, 74
2026/07/28 18:35:32.382, 303.75, 100, 74232, 74
2026/07/28 18:35:33.420, 303.27, 100, 74232, 74
2026/07/28 18:35:34.458, 302.11, 100, 74232, 74
2026/07/28 18:35:35.496, 304.41, 100, 74232, 74
2026/07/28 18:35:36.533, 303.29, 100, 74232, 74
2026/07/28 18:35:37.571, 305.48, 100, 74232, 74
2026/07/28 18:35:38.610, 303.83, 100, 74232, 74
2026/07/28 18:35:39.648, 303.73, 100, 74232, 74
2026/07/28 18:35:40.693, 298.91, 100, 74232, 74
2026/07/28 18:35:41.730, 296.27, 100, 74232, 74
2026/07/28 18:35:42.768, 291.52, 100, 74232, 73
2026/07/28 18:35:43.808, 296.38, 100, 74232, 74
2026/07/28 18:35:44.845, 296.48, 100, 74232, 73
2026/07/28 18:35:45.885, 292.70, 100, 74232, 73
2026/07/28 18:35:46.922, 297.81, 100, 74232, 73
2026/07/28 18:35:47.960, 296.76, 100, 74232, 73
2026/07/28 18:35:48.997, 295.49, 100, 74232, 74
2026/07/28 18:35:50.040, 297.54, 100, 74232, 73
2026/07/28 18:35:51.081, 295.41, 100, 74232, 73
2026/07/28 18:35:52.121, 293.45, 100, 74232, 73
2026/07/28 18:35:53.162, 292.70, 100, 74232, 73
2026/07/28 18:35:54.201, 298.71, 100, 74232, 73
2026/07/28 18:35:55.237, 302.75, 100, 74232, 73
2026/07/28 18:35:56.279, 301.35, 100, 74232, 73
2026/07/28 18:35:57.316, 294.83, 100, 74232, 73
2026/07/28 18:35:58.353, 293.76, 100, 74232, 73
2026/07/28 18:35:59.392, 295.31, 100, 74232, 73
2026/07/28 18:36:00.430, 297.44, 100, 74232, 73
2026/07/28 18:36:01.468, 295.12, 100, 74232, 73
2026/07/28 18:36:02.507, 295.30, 100, 74232, 73
2026/07/28 18:36:03.544, 300.44, 100, 74232, 73
2026/07/28 18:36:04.581, 302.79, 100, 74232, 73
2026/07/28 18:36:05.617, 298.91, 100, 74232, 73
2026/07/28 18:36:06.653, 304.22, 100, 74232, 73
2026/07/28 18:36:07.692, 303.16, 100, 74232, 73
2026/07/28 18:36:08.730, 303.36, 100, 74232, 73
2026/07/28 18:36:09.768, 304.52, 100, 74232, 73
2026/07/28 18:36:10.807, 291.60, 100, 74232, 73
2026/07/28 18:36:11.845, 298.22, 100, 74232, 73
2026/07/28 18:36:12.885, 295.51, 100, 74232, 73
2026/07/28 18:36:13.923, 295.21, 100, 74232, 73
2026/07/28 18:36:14.961, 297.65, 100, 74232, 73
2026/07/28 18:36:15.998, 295.52, 100, 74232, 73
2026/07/28 18:36:17.036, 296.67, 100, 74232, 73
2026/07/28 18:36:18.076, 301.31, 100, 74232, 73
2026/07/28 18:36:19.114, 295.11, 100, 74232, 73
2026/07/28 18:36:20.152, 303.45, 100, 74232, 74
2026/07/28 18:36:21.190, 294.82, 100, 74232, 73
2026/07/28 18:36:22.228, 296.67, 100, 74232, 73
2026/07/28 18:36:23.267, 296.65, 100, 74232, 73
2026/07/28 18:36:24.305, 295.50, 100, 74232, 74
2026/07/28 18:36:25.342, 305.13, 100, 74232, 74
2026/07/28 18:36:26.381, 300.64, 100, 74232, 74
2026/07/28 18:36:27.418, 303.25, 100, 74232, 74
2026/07/28 18:36:28.455, 303.64, 100, 74232, 74
2026/07/28 18:36:29.493, 305.56, 100, 74232, 74
2026/07/28 18:36:30.533, 304.21, 100, 74232, 74
2026/07/28 18:36:31.570, 303.85, 100, 74232, 74
2026/07/28 18:36:32.608, 304.52, 100, 74232, 74
2026/07/28 18:36:33.646, 299.38, 100, 74232, 74
2026/07/28 18:36:34.684, 297.93, 100, 74232, 74
2026/07/28 18:36:35.723, 293.77, 100, 74232, 74
2026/07/28 18:36:36.762, 296.86, 100, 74232, 74
2026/07/28 18:36:37.799, 296.90, 100, 74232, 74
2026/07/28 18:36:38.837, 303.94, 100, 74232, 74
2026/07/28 18:36:39.874, 296.99, 100, 74232, 74
2026/07/28 18:36:40.916, 296.67, 100, 74232, 74
2026/07/28 18:36:41.953, 295.70, 100, 74232, 74
2026/07/28 18:36:42.990, 296.64, 100, 74232, 74
2026/07/28 18:36:44.029, 296.28, 100, 74232, 74
2026/07/28 18:36:45.066, 296.08, 100, 74232, 74
2026/07/28 18:36:46.107, 295.89, 100, 74232, 74
2026/07/28 18:36:47.145, 295.89, 100, 74232, 74
2026/07/28 18:36:48.182, 297.26, 100, 74232, 74
2026/07/28 18:36:49.219, 301.12, 100, 74232, 74
2026/07/28 18:36:50.257, 304.90, 100, 74232, 74
2026/07/28 18:36:51.297, 303.64, 100, 74232, 73
2026/07/28 18:36:52.335, 298.02, 100, 74232, 73
2026/07/28 18:36:53.374, 294.51, 100, 74232, 73
2026/07/28 18:36:54.412, 292.59, 100, 74232, 73
2026/07/28 18:36:55.452, 296.17, 100, 74232, 73
2026/07/28 18:36:56.489, 305.19, 100, 74232, 73
2026/07/28 18:36:57.527, 302.19, 100, 74232, 73
2026/07/28 18:36:58.568, 295.40, 100, 74232, 73
2026/07/28 18:36:59.606, 296.17, 100, 74232, 73
2026/07/28 18:37:00.644, 295.80, 100, 74232, 73
2026/07/28 18:37:01.685, 295.69, 100, 74232, 73
2026/07/28 18:37:02.723, 296.57, 100, 74232, 73
2026/07/28 18:37:03.761, 296.36, 100, 74232, 73
2026/07/28 18:37:04.803, 294.83, 100, 74232, 73
2026/07/28 18:37:05.839, 300.25, 100, 74232, 73
2026/07/28 18:37:06.877, 296.67, 100, 74232, 73
2026/07/28 18:37:07.918, 295.32, 100, 74232, 73
2026/07/28 18:37:08.955, 304.52, 100, 74232, 73
2026/07/28 18:37:09.992, 302.91, 100, 74232, 73
2026/07/28 18:37:11.030, 304.13, 100, 74232, 73
2026/07/28 18:37:12.067, 303.74, 100, 74232, 73
2026/07/28 18:37:13.105, 303.66, 100, 74232, 73
2026/07/28 18:37:14.143, 304.62, 100, 74232, 73
2026/07/28 18:37:15.180, 295.98, 100, 74232, 73
2026/07/28 18:37:16.218, 297.26, 100, 74232, 73
2026/07/28 18:37:17.256, 295.98, 100, 74232, 73
2026/07/28 18:37:18.295, 292.10, 100, 74232, 73
2026/07/28 18:37:19.333, 299.40, 100, 74232, 73
2026/07/28 18:37:20.371, 297.42, 100, 74232, 73
2026/07/28 18:37:21.409, 296.36, 100, 74232, 73
2026/07/28 18:37:22.447, 295.78, 100, 74232, 73
2026/07/28 18:37:23.485, 295.59, 100, 74232, 73
2026/07/28 18:37:24.523, 299.96, 100, 74232, 73
2026/07/28 18:37:25.560, 304.42, 100, 74232, 74
2026/07/28 18:37:26.600, 305.27, 100, 74232, 74
2026/07/28 18:37:27.639, 304.03, 100, 74232, 73
2026/07/28 18:37:28.677, 297.26, 100, 74232, 73
2026/07/28 18:37:29.715, 293.45, 100, 74232, 73
2026/07/28 18:37:30.755, 296.27, 100, 74232, 73
2026/07/28 18:37:31.793, 295.99, 100, 74232, 73
2026/07/28 18:37:32.829, 295.41, 100, 74232, 73
2026/07/28 18:37:33.867, 296.10, 100, 74232, 73
2026/07/28 18:37:34.905, 301.31, 100, 74232, 73
2026/07/28 18:37:35.942, 302.80, 100, 74232, 73
2026/07/28 18:37:36.981, 298.41, 100, 74232, 73
2026/07/28 18:37:38.018, 299.30, 100, 74232, 73
2026/07/28 18:37:39.056, 302.23, 100, 74232, 73
2026/07/28 18:37:40.094, 294.74, 100, 74232, 73
2026/07/28 18:37:41.134, 302.29, 100, 74232, 73
2026/07/28 18:37:42.174, 303.84, 100, 74232, 72
2026/07/28 18:37:43.212, 300.85, 100, 74232, 72
2026/07/28 18:37:44.249, 303.34, 100, 74232, 72
2026/07/28 18:37:45.289, 301.80, 100, 74232, 72
2026/07/28 18:37:46.326, 300.26, 100, 74232, 72
2026/07/28 18:37:47.366, 300.26, 100, 74232, 72
2026/07/28 18:37:48.404, 300.82, 100, 74232, 72
2026/07/28 18:37:49.441, 300.82, 100, 74232, 72
2026/07/28 18:37:50.478, 301.33, 100, 74232, 72
2026/07/28 18:37:51.515, 301.21, 100, 74232, 72
2026/07/28 18:37:52.553, 300.16, 100, 74232, 72
2026/07/28 18:37:53.591, 300.17, 100, 74232, 72
2026/07/28 18:37:54.628, 300.83, 100, 74232, 72
2026/07/28 18:37:55.665, 301.52, 100, 74232, 72
2026/07/28 18:37:56.704, 300.26, 100, 74232, 72
2026/07/28 18:37:57.743, 300.85, 100, 74232, 72
2026/07/28 18:37:58.781, 301.14, 100, 74232, 72
2026/07/28 18:37:59.819, 300.67, 100, 74232, 72
2026/07/28 18:38:00.858, 297.82, 100, 74232, 72
2026/07/28 18:38:01.895, 297.92, 100, 74232, 71
2026/07/28 18:38:02.934, 300.34, 100, 74232, 71
2026/07/28 18:38:03.971, 293.74, 100, 74232, 71
2026/07/28 18:38:05.009, 292.69, 100, 74232, 71
2026/07/28 18:38:06.047, 300.55, 100, 74232, 71
2026/07/28 18:38:07.086, 300.47, 100, 74232, 71
2026/07/28 18:38:08.126, 298.90, 100, 74232, 71
2026/07/28 18:38:09.164, 295.27, 100, 74232, 71
2026/07/28 18:38:10.202, 294.61, 100, 74232, 71
2026/07/28 18:38:11.240, 289.32, 100, 74232, 71
2026/07/28 18:38:12.278, 292.30, 100, 74232, 71
2026/07/28 18:38:13.316, 298.51, 100, 74232, 71
2026/07/28 18:38:14.357, 288.79, 100, 74232, 71
2026/07/28 18:38:15.395, 293.06, 100, 74232, 71
2026/07/28 18:38:16.433, 288.32, 100, 74232, 71
2026/07/28 18:38:17.472, 292.86, 100, 74232, 71
2026/07/28 18:38:18.510, 297.73, 100, 74232, 71
2026/07/28 18:38:19.548, 299.00, 100, 74232, 71
2026/07/28 18:38:20.586, 301.54, 100, 74232, 71
2026/07/28 18:38:21.623, 299.08, 100, 74232, 71
2026/07/28 18:38:22.663, 293.82, 100, 74232, 71
2026/07/28 18:38:23.701, 291.91, 100, 74232, 71
2026/07/28 18:38:24.739, 291.82, 100, 74232, 71
2026/07/28 18:38:25.776, 288.79, 100, 74232, 71
2026/07/28 18:38:26.816, 299.01, 100, 74232, 71
2026/07/28 18:38:27.854, 299.97, 100, 74232, 71
2026/07/28 18:38:28.892, 299.78, 100, 74232, 71
2026/07/28 18:38:29.929, 299.09, 100, 74232, 71
2026/07/28 18:38:30.966, 297.04, 100, 74232, 71
2026/07/28 18:38:32.004, 301.59, 100, 74232, 71
2026/07/28 18:38:33.042, 298.13, 100, 74232, 71
2026/07/28 18:38:34.081, 302.39, 100, 74232, 71
2026/07/28 18:38:35.119, 296.25, 100, 74232, 71
2026/07/28 18:38:36.158, 300.29, 100, 74232, 71
2026/07/28 18:38:37.196, 300.25, 100, 74232, 71
2026/07/28 18:38:38.233, 299.49, 100, 74232, 71
2026/07/28 18:38:39.271, 300.16, 100, 74232, 71
2026/07/28 18:38:40.309, 299.77, 100, 74232, 71
2026/07/28 18:38:41.350, 298.82, 100, 74232, 71
2026/07/28 18:38:42.388, 298.60, 100, 74232, 71
2026/07/28 18:38:43.424, 299.67, 100, 74232, 71
2026/07/28 18:38:44.462, 300.83, 100, 74232, 71
2026/07/28 18:38:45.500, 299.38, 100, 74232, 71
2026/07/28 18:38:46.540, 300.27, 100, 74232, 71
2026/07/28 18:38:47.578, 296.18, 100, 74232, 71
2026/07/28 18:38:48.617, 299.55, 100, 74232, 71
2026/07/28 18:38:49.655, 300.08, 100, 74232, 71
2026/07/28 18:38:50.692, 299.18, 100, 74232, 71
2026/07/28 18:38:51.734, 302.01, 100, 74232, 71
2026/07/28 18:38:52.772, 300.07, 100, 74232, 71
2026/07/28 18:38:53.810, 299.50, 100, 74232, 71
2026/07/28 18:38:54.847, 299.39, 100, 74232, 71
2026/07/28 18:38:55.885, 302.12, 100, 74232, 71
2026/07/28 18:38:56.925, 299.68, 100, 74232, 71
2026/07/28 18:38:57.963, 293.07, 100, 74232, 71
2026/07/28 18:38:59.005, 287.43, 100, 74232, 70
2026/07/28 18:39:00.043, 300.35, 100, 74232, 71
2026/07/28 18:39:01.080, 299.48, 100, 74232, 71
2026/07/28 18:39:02.117, 299.86, 100, 74232, 71
2026/07/28 18:39:03.155, 299.84, 100, 74232, 71
2026/07/28 18:39:04.194, 299.40, 100, 74232, 71
2026/07/28 18:39:05.231, 299.58, 100, 74232, 71
2026/07/28 18:39:06.269, 298.92, 100, 74232, 71
2026/07/28 18:39:07.307, 299.85, 100, 74232, 71
2026/07/28 18:39:08.345, 299.77, 100, 74232, 71
2026/07/28 18:39:09.385, 299.19, 100, 74232, 71
2026/07/28 18:39:10.423, 298.02, 100, 74232, 71
2026/07/28 18:39:11.465, 301.51, 100, 74232, 71
2026/07/28 18:39:12.506, 295.88, 100, 74232, 71
2026/07/28 18:39:13.543, 298.13, 100, 74232, 70
2026/07/28 18:39:14.583, 298.99, 100, 74232, 71
2026/07/28 18:39:15.621, 301.43, 100, 74232, 71
2026/07/28 18:39:16.658, 299.49, 100, 74232, 70
2026/07/28 18:39:17.695, 299.39, 100, 74232, 70
2026/07/28 18:39:18.732, 300.16, 100, 74232, 70
2026/07/28 18:39:19.770, 299.78, 100, 74232, 70
2026/07/28 18:39:20.809, 299.57, 100, 74232, 70
2026/07/28 18:39:21.846, 299.18, 100, 74232, 70
2026/07/28 18:39:22.884, 299.58, 100, 74232, 70
2026/07/28 18:39:23.921, 298.62, 100, 74232, 70
2026/07/28 18:39:24.959, 298.70, 100, 74232, 70
2026/07/28 18:39:25.997, 298.60, 100, 74232, 70
2026/07/28 18:39:27.034, 299.76, 100, 74232, 70
2026/07/28 18:39:28.071, 298.79, 100, 74232, 70
2026/07/28 18:39:29.110, 299.67, 100, 74232, 70
2026/07/28 18:39:30.148, 299.00, 100, 74232, 70
2026/07/28 18:39:31.186, 299.68, 100, 74232, 70
2026/07/28 18:39:32.224, 299.69, 100, 74232, 70
2026/07/28 18:39:33.262, 300.63, 100, 74232, 70
2026/07/28 18:39:34.299, 299.29, 100, 74232, 70
2026/07/28 18:39:35.338, 299.09, 100, 74232, 70
2026/07/28 18:39:36.375, 299.57, 100, 74232, 70
2026/07/28 18:39:37.413, 299.61, 100, 74232, 70
2026/07/28 18:39:38.453, 301.29, 100, 74232, 70
2026/07/28 18:39:39.491, 299.50, 100, 74232, 70
2026/07/28 18:39:40.530, 301.50, 100, 74232, 70
2026/07/28 18:39:41.568, 299.48, 100, 74232, 70
2026/07/28 18:39:42.605, 299.47, 100, 74232, 70
2026/07/28 18:39:43.642, 298.21, 100, 74232, 70
2026/07/28 18:39:44.680, 299.29, 100, 74232, 70
2026/07/28 18:39:45.717, 300.15, 100, 74232, 70
2026/07/28 18:39:46.754, 298.89, 100, 74232, 70
2026/07/28 18:39:47.793, 298.98, 100, 74232, 70
2026/07/28 18:39:48.830, 300.26, 100, 74232, 70
2026/07/28 18:39:49.867, 299.00, 100, 74232, 70
2026/07/28 18:39:50.906, 298.53, 100, 74232, 70
2026/07/28 18:39:51.944, 299.28, 100, 74232, 70
2026/07/28 18:39:52.982, 300.74, 100, 74232, 70
2026/07/28 18:39:54.020, 299.02, 100, 74232, 70
2026/07/28 18:39:55.058, 299.47, 100, 74232, 70
2026/07/28 18:39:56.095, 300.93, 100, 74232, 70
2026/07/28 18:39:57.134, 299.18, 100, 74232, 70
2026/07/28 18:39:58.171, 298.99, 100, 74232, 70
2026/07/28 18:39:59.210, 298.71, 100, 74232, 70
2026/07/28 18:40:00.248, 299.31, 100, 74232, 70
2026/07/28 18:40:01.286, 299.21, 100, 74232, 70
2026/07/28 18:40:02.325, 299.29, 100, 74232, 70
2026/07/28 18:40:03.365, 299.02, 100, 74232, 70
2026/07/28 18:40:04.402, 299.77, 100, 74232, 70
2026/07/28 18:40:05.439, 297.62, 100, 74232, 70
2026/07/28 18:40:06.478, 298.43, 100, 74232, 70
2026/07/28 18:40:07.515, 298.61, 100, 74232, 70
2026/07/28 18:40:08.553, 298.12, 100, 74232, 70
2026/07/28 18:40:09.591, 299.21, 100, 74232, 70
2026/07/28 18:40:10.629, 298.71, 100, 74232, 70
2026/07/28 18:40:11.671, 298.11, 100, 74232, 70
2026/07/28 18:40:12.709, 95.37, 0, 74232, 67
2026/07/28 18:40:13.744, 303.76, 100, 74232, 71
2026/07/28 18:40:14.780, 292.26, 100, 74232, 72
2026/07/28 18:40:15.815, 300.52, 100, 74232, 71
2026/07/28 18:40:16.851, 291.88, 100, 74232, 72
2026/07/28 18:40:17.887, 309.73, 100, 74232, 72
2026/07/28 18:40:18.934, 261.14, 100, 74232, 70
2026/07/28 18:40:19.971, 276.39, 100, 74232, 70
2026/07/28 18:40:21.015, 280.20, 100, 74232, 70
2026/07/28 18:40:22.055, 284.65, 100, 74232, 70
2026/07/28 18:40:23.094, 290.93, 100, 74232, 70
2026/07/28 18:40:24.136, 290.72, 100, 74232, 70
2026/07/28 18:40:25.175, 292.30, 100, 74232, 71
2026/07/28 18:40:26.213, 297.53, 100, 74232, 71
2026/07/28 18:40:27.250, 288.50, 100, 74232, 71
2026/07/28 18:40:28.289, 289.09, 100, 74232, 71
2026/07/28 18:40:29.329, 299.38, 100, 74232, 71
2026/07/28 18:40:30.367, 292.48, 100, 74232, 71
2026/07/28 18:40:31.405, 293.45, 100, 74232, 71
2026/07/28 18:40:32.443, 302.31, 100, 74232, 72
2026/07/28 18:40:33.481, 300.44, 100, 74232, 72
2026/07/28 18:40:34.521, 300.52, 100, 74232, 72
2026/07/28 18:40:35.558, 301.21, 100, 74232, 72
2026/07/28 18:40:36.596, 300.25, 100, 74232, 72
2026/07/28 18:40:37.634, 300.93, 100, 74232, 72
2026/07/28 18:40:38.671, 301.50, 100, 74232, 72
2026/07/28 18:40:39.710, 300.45, 100, 74232, 72
2026/07/28 18:40:40.747, 301.50, 100, 74232, 72
2026/07/28 18:40:41.786, 302.28, 100, 74232, 72
2026/07/28 18:40:42.823, 294.26, 100, 74232, 72
2026/07/28 18:40:43.864, 300.86, 100, 74232, 72
2026/07/28 18:40:44.903, 301.35, 100, 74232, 72
2026/07/28 18:40:45.940, 300.83, 100, 74232, 72
2026/07/28 18:40:46.982, 301.84, 100, 74232, 72
2026/07/28 18:40:48.022, 295.60, 100, 74232, 72
2026/07/28 18:40:49.059, 294.54, 100, 74232, 72
2026/07/28 18:40:50.097, 295.52, 100, 74232, 72
2026/07/28 18:40:51.137, 295.32, 100, 74232, 72
2026/07/28 18:40:52.175, 294.24, 100, 74232, 72
2026/07/28 18:40:53.217, 294.43, 100, 74232, 72
2026/07/28 18:40:54.256, 294.33, 100, 74232, 73
2026/07/28 18:40:55.293, 295.77, 100, 74232, 73
2026/07/28 18:40:56.331, 299.19, 100, 74232, 73
2026/07/28 18:40:57.371, 301.23, 100, 74232, 73
2026/07/28 18:40:58.408, 302.89, 100, 74232, 73
2026/07/28 18:40:59.446, 302.61, 100, 74232, 73
2026/07/28 18:41:00.484, 301.64, 100, 74232, 73
2026/07/28 18:41:01.522, 291.02, 100, 74232, 72
2026/07/28 18:41:02.560, 290.73, 100, 74232, 72
2026/07/28 18:41:03.600, 294.33, 100, 74232, 73
2026/07/28 18:41:04.638, 302.42, 100, 74232, 73
2026/07/28 18:41:05.676, 302.29, 100, 74232, 73
2026/07/28 18:41:06.715, 303.45, 100, 74232, 73
2026/07/28 18:41:07.753, 302.01, 100, 74232, 73
2026/07/28 18:41:08.792, 301.99, 100, 74232, 73
2026/07/28 18:41:09.830, 303.46, 100, 74232, 73
2026/07/28 18:41:10.868, 294.62, 100, 74232, 73
2026/07/28 18:41:11.908, 294.05, 100, 74232, 73
2026/07/28 18:41:12.946, 294.91, 100, 74232, 72
2026/07/28 18:41:13.982, 293.85, 100, 74232, 72
2026/07/28 18:41:15.018, 296.08, 100, 74232, 73
2026/07/28 18:41:16.055, 294.43, 100, 74232, 72
2026/07/28 18:41:17.095, 294.83, 100, 74232, 73
2026/07/28 18:41:18.133, 290.74, 100, 74232, 73
2026/07/28 18:41:19.172, 295.21, 100, 74232, 73
2026/07/28 18:41:20.210, 295.21, 100, 74232, 73
2026/07/28 18:41:21.252, 297.82, 100, 74232, 73
2026/07/28 18:41:22.290, 298.60, 100, 74232, 73
2026/07/28 18:41:23.331, 303.65, 100, 74232, 73
2026/07/28 18:41:24.368, 302.97, 100, 74232, 73
2026/07/28 18:41:25.405, 302.89, 100, 74232, 73
2026/07/28 18:41:26.444, 303.65, 100, 74232, 73
2026/07/28 18:41:27.482, 291.13, 100, 74232, 73
2026/07/28 18:41:28.520, 290.65, 100, 74232, 73
2026/07/28 18:41:29.557, 292.51, 100, 74232, 73
2026/07/28 18:41:30.596, 295.59, 100, 74232, 73
2026/07/28 18:41:31.633, 294.94, 100, 74232, 73
2026/07/28 18:41:32.671, 294.92, 100, 74232, 73
2026/07/28 18:41:33.709, 295.20, 100, 74232, 73
2026/07/28 18:41:34.746, 297.06, 100, 74232, 73
2026/07/28 18:41:35.783, 295.09, 100, 74232, 73
2026/07/28 18:41:36.819, 296.27, 100, 74232, 73
2026/07/28 18:41:37.858, 294.94, 100, 74232, 73
2026/07/28 18:41:38.895, 294.91, 100, 74232, 73
2026/07/28 18:41:39.934, 295.61, 100, 74232, 73
2026/07/28 18:41:40.971, 302.58, 100, 74232, 73
2026/07/28 18:41:42.009, 295.91, 100, 74232, 73
2026/07/28 18:41:43.049, 300.86, 100, 74232, 73
2026/07/28 18:41:44.086, 293.73, 100, 74232, 73
2026/07/28 18:41:45.125, 295.58, 100, 74232, 73
2026/07/28 18:41:46.163, 299.18, 100, 74232, 73
2026/07/28 18:41:47.201, 303.75, 100, 74232, 73
2026/07/28 18:41:48.239, 303.66, 100, 74232, 73
2026/07/28 18:41:49.276, 303.01, 100, 74232, 73
2026/07/28 18:41:50.314, 295.32, 100, 74232, 73
2026/07/28 18:41:51.352, 295.60, 100, 74232, 73
2026/07/28 18:41:52.389, 303.29, 100, 74232, 73
2026/07/28 18:41:53.425, 304.89, 100, 74232, 73
2026/07/28 18:41:54.462, 294.81, 100, 74232, 73
2026/07/28 18:41:55.499, 296.08, 100, 74232, 73
2026/07/28 18:41:56.538, 295.50, 100, 74232, 73
2026/07/28 18:41:57.574, 290.74, 100, 74232, 73
2026/07/28 18:41:58.613, 296.97, 100, 74232, 73
2026/07/28 18:41:59.651, 292.39, 100, 74232, 73
2026/07/28 18:42:00.689, 301.61, 100, 74232, 73
2026/07/28 18:42:01.726, 295.21, 100, 74232, 73
2026/07/28 18:42:02.763, 303.19, 100, 74232, 73
2026/07/28 18:42:03.799, 302.77, 100, 74232, 73
2026/07/28 18:42:04.836, 303.19, 100, 74232, 73
2026/07/28 18:42:05.874, 305.22, 100, 74232, 73
2026/07/28 18:42:06.911, 295.98, 100, 74232, 73
2026/07/28 18:42:07.949, 292.98, 100, 74232, 73
2026/07/28 18:42:08.987, 292.19, 100, 74232, 73
2026/07/28 18:42:10.026, 292.10, 100, 74232, 73
2026/07/28 18:42:11.063, 296.56, 100, 74232, 73
2026/07/28 18:42:12.099, 295.03, 100, 74232, 73
2026/07/28 18:42:13.136, 295.79, 100, 74232, 73
2026/07/28 18:42:14.174, 295.88, 100, 74232, 73
2026/07/28 18:42:15.211, 291.92, 100, 74232, 73
2026/07/28 18:42:16.248, 295.40, 100, 74232, 73
2026/07/28 18:42:17.288, 296.86, 100, 74232, 73
2026/07/28 18:42:18.325, 299.48, 100, 74232, 73
2026/07/28 18:42:19.366, 300.19, 100, 74232, 73
2026/07/28 18:42:20.405, 295.80, 100, 74232, 73
2026/07/28 18:42:21.444, 292.39, 100, 74232, 73
2026/07/28 18:42:22.481, 291.83, 100, 74232, 73
2026/07/28 18:42:23.519, 303.04, 100, 74232, 73
2026/07/28 18:42:24.556, 303.36, 100, 74232, 73
2026/07/28 18:42:25.595, 302.91, 100, 74232, 73
2026/07/28 18:42:26.632, 303.83, 100, 74232, 73
2026/07/28 18:42:27.670, 304.50, 100, 74232, 73
2026/07/28 18:42:28.707, 303.98, 100, 74232, 73
2026/07/28 18:42:29.744, 303.18, 100, 74232, 73
2026/07/28 18:42:30.782, 294.71, 100, 74232, 73
2026/07/28 18:42:31.820, 295.51, 100, 74232, 73
2026/07/28 18:42:32.858, 296.27, 100, 74232, 73
2026/07/28 18:42:33.896, 295.50, 100, 74232, 73
2026/07/28 18:42:34.932, 295.51, 100, 74232, 73
2026/07/28 18:42:35.970, 295.02, 100, 74232, 73
2026/07/28 18:42:37.006, 295.99, 100, 74232, 73
2026/07/28 18:42:38.044, 295.70, 100, 74232, 73
2026/07/28 18:42:39.082, 302.47, 100, 74232, 73
2026/07/28 18:42:40.122, 295.51, 100, 74232, 73
2026/07/28 18:42:41.159, 295.72, 100, 74232, 73
2026/07/28 18:42:42.202, 296.16, 100, 74232, 73
2026/07/28 18:42:43.240, 301.89, 100, 74232, 73
2026/07/28 18:42:44.277, 306.94, 100, 74232, 73
2026/07/28 18:42:45.316, 303.28, 100, 74232, 73
2026/07/28 18:42:46.353, 299.38, 100, 74232, 73
2026/07/28 18:42:47.391, 304.02, 100, 74232, 73
2026/07/28 18:42:48.429, 304.04, 100, 74232, 73
2026/07/28 18:42:49.465, 303.08, 100, 74232, 73
2026/07/28 18:42:50.503, 302.95, 100, 74232, 73
2026/07/28 18:42:51.538, 304.14, 100, 74232, 73
2026/07/28 18:42:52.579, 304.40, 100, 74232, 73
2026/07/28 18:42:53.617, 304.05, 100, 74232, 73
2026/07/28 18:42:54.654, 304.50, 100, 74232, 73
2026/07/28 18:42:55.691, 303.55, 100, 74232, 73
2026/07/28 18:42:56.730, 303.57, 100, 74232, 73
2026/07/28 18:42:57.770, 298.01, 100, 74232, 73
2026/07/28 18:42:58.810, 304.12, 100, 74232, 73
2026/07/28 18:42:59.848, 295.71, 100, 74232, 73
2026/07/28 18:43:00.888, 295.40, 100, 74232, 73
2026/07/28 18:43:01.927, 295.23, 100, 74232, 73
2026/07/28 18:43:02.964, 297.43, 100, 74232, 73
2026/07/28 18:43:04.003, 296.17, 100, 74232, 73
2026/07/28 18:43:05.040, 296.74, 100, 74232, 73
2026/07/28 18:43:06.078, 295.49, 100, 74232, 73
2026/07/28 18:43:07.116, 296.19, 100, 74232, 73
2026/07/28 18:43:08.154, 295.40, 100, 74232, 73
2026/07/28 18:43:09.192, 297.92, 100, 74232, 73
2026/07/28 18:43:10.230, 296.09, 100, 74232, 73
2026/07/28 18:43:11.268, 304.55, 100, 74232, 73
2026/07/28 18:43:12.306, 295.89, 100, 74232, 73
2026/07/28 18:43:13.344, 302.28, 100, 74232, 73
2026/07/28 18:43:14.382, 303.83, 100, 74232, 73
2026/07/28 18:43:15.419, 306.15, 100, 74232, 73
2026/07/28 18:43:16.456, 303.27, 100, 74232, 73
2026/07/28 18:43:17.494, 304.97, 100, 74232, 73
2026/07/28 18:43:18.532, 303.54, 100, 74232, 73
2026/07/28 18:43:19.569, 305.87, 100, 74232, 73
2026/07/28 18:43:20.606, 296.95, 100, 74232, 73
2026/07/28 18:43:21.645, 296.95, 100, 74232, 73
2026/07/28 18:43:22.682, 296.09, 100, 74232, 73
2026/07/28 18:43:23.720, 296.49, 100, 74232, 73
2026/07/28 18:43:24.758, 295.99, 100, 74232, 73
2026/07/28 18:43:25.796, 295.40, 100, 74232, 73
2026/07/28 18:43:26.835, 302.92, 100, 74232, 73
2026/07/28 18:43:27.873, 297.23, 100, 74232, 73
2026/07/28 18:43:28.911, 295.67, 100, 74232, 73
2026/07/28 18:43:29.949, 297.45, 100, 74232, 73
2026/07/28 18:43:30.987, 295.89, 100, 74232, 73
2026/07/28 18:43:32.026, 295.88, 100, 74232, 73
2026/07/28 18:43:33.064, 303.53, 100, 74232, 73
2026/07/28 18:43:34.102, 303.46, 100, 74232, 73
2026/07/28 18:43:35.141, 299.98, 100, 74232, 73
2026/07/28 18:43:36.178, 304.83, 100, 74232, 73
2026/07/28 18:43:37.219, 299.80, 100, 74232, 73
2026/07/28 18:43:38.258, 303.99, 100, 74232, 73
2026/07/28 18:43:39.297, 297.62, 100, 74232, 73
2026/07/28 18:43:40.334, 301.53, 100, 74232, 73
2026/07/28 18:43:41.372, 302.38, 100, 74232, 73
2026/07/28 18:43:42.409, 292.70, 100, 74232, 73
2026/07/28 18:43:43.447, 292.60, 100, 74232, 73
2026/07/28 18:43:44.488, 292.88, 100, 74232, 73
2026/07/28 18:43:45.527, 297.93, 100, 74232, 73
2026/07/28 18:43:46.565, 298.61, 100, 74232, 73
2026/07/28 18:43:47.604, 298.12, 100, 74232, 73
2026/07/28 18:43:48.641, 299.98, 100, 74232, 73
2026/07/28 18:43:49.680, 303.95, 100, 74232, 73
2026/07/28 18:43:50.718, 303.82, 100, 74232, 73
2026/07/28 18:43:51.756, 305.24, 100, 74232, 73
2026/07/28 18:43:52.794, 298.14, 100, 74232, 73
2026/07/28 18:43:53.831, 296.58, 100, 74232, 73
2026/07/28 18:43:54.870, 295.98, 100, 74232, 73
2026/07/28 18:43:55.907, 297.64, 100, 74232, 73
2026/07/28 18:43:56.946, 296.57, 100, 74232, 73
2026/07/28 18:43:57.984, 305.05, 100, 74232, 73
2026/07/28 18:43:59.023, 304.60, 100, 74232, 74
2026/07/28 18:44:00.061, 301.92, 100, 74232, 73
2026/07/28 18:44:01.098, 304.44, 100, 74232, 73
2026/07/28 18:44:02.138, 292.08, 100, 74232, 73
2026/07/28 18:44:03.176, 295.87, 100, 74232, 73
2026/07/28 18:44:04.214, 296.78, 100, 74232, 73
2026/07/28 18:44:05.251, 296.96, 100, 74232, 73
2026/07/28 18:44:06.288, 298.53, 100, 74232, 74
2026/07/28 18:44:07.327, 303.07, 100, 74232, 73
2026/07/28 18:44:08.364, 295.78, 100, 74232, 73
2026/07/28 18:44:09.402, 296.98, 100, 74232, 73
2026/07/28 18:44:10.440, 293.65, 100, 74232, 73
2026/07/28 18:44:11.481, 296.18, 100, 74232, 73
2026/07/28 18:44:12.519, 297.29, 100, 74232, 74
2026/07/28 18:44:13.557, 296.86, 100, 74232, 73
2026/07/28 18:44:14.595, 302.49, 100, 74232, 74
2026/07/28 18:44:15.633, 304.17, 100, 74232, 74
2026/07/28 18:44:16.673, 304.81, 100, 74232, 74
2026/07/28 18:44:17.712, 304.73, 100, 74232, 74
2026/07/28 18:44:18.749, 303.82, 100, 74232, 74
2026/07/28 18:44:19.788, 304.23, 100, 74232, 74
2026/07/28 18:44:20.826, 295.80, 100, 74232, 73
2026/07/28 18:44:21.863, 296.50, 100, 74232, 73
2026/07/28 18:44:22.900, 296.77, 100, 74232, 73
2026/07/28 18:44:23.938, 295.88, 100, 74232, 73
2026/07/28 18:44:24.977, 292.68, 100, 74232, 73
2026/07/28 18:44:26.015, 296.57, 100, 74232, 73
2026/07/28 18:44:27.053, 295.79, 100, 74232, 73
2026/07/28 18:44:28.090, 295.42, 100, 74232, 73
2026/07/28 18:44:29.128, 295.92, 100, 74232, 73
2026/07/28 18:44:30.166, 295.89, 100, 74232, 73
2026/07/28 18:44:31.204, 295.91, 100, 74232, 73
2026/07/28 18:44:32.241, 295.80, 100, 74232, 73
2026/07/28 18:44:33.278, 298.11, 100, 74232, 73
2026/07/28 18:44:34.315, 296.09, 100, 74232, 73
2026/07/28 18:44:35.354, 295.11, 100, 74232, 73
2026/07/28 18:44:36.391, 296.17, 100, 74232, 73
2026/07/28 18:44:37.429, 299.77, 100, 74232, 73
2026/07/28 18:44:38.466, 303.24, 100, 74232, 73
2026/07/28 18:44:39.507, 304.23, 100, 74232, 73
2026/07/28 18:44:40.544, 303.75, 100, 74232, 73
2026/07/28 18:44:41.582, 304.91, 100, 74232, 73
2026/07/28 18:44:42.620, 304.54, 100, 74232, 73
2026/07/28 18:44:43.658, 302.78, 100, 74232, 73
2026/07/28 18:44:44.697, 292.11, 100, 74232, 73
2026/07/28 18:44:45.734, 295.31, 100, 74232, 73
2026/07/28 18:44:46.773, 296.02, 100, 74232, 73
2026/07/28 18:44:47.810, 296.19, 100, 74232, 73
2026/07/28 18:44:48.855, 295.70, 100, 74232, 73
2026/07/28 18:44:49.893, 295.59, 100, 74232, 73
2026/07/28 18:44:50.931, 296.18, 100, 74232, 73
2026/07/28 18:44:51.969, 299.78, 100, 74232, 73
2026/07/28 18:44:53.006, 296.55, 100, 74232, 73
2026/07/28 18:44:54.044, 293.36, 100, 74232, 73
2026/07/28 18:44:55.082, 296.27, 100, 74232, 73
2026/07/28 18:44:56.121, 295.79, 100, 74232, 73
2026/07/28 18:44:57.158, 305.08, 100, 74232, 73
2026/07/28 18:44:58.197, 303.16, 100, 74232, 73
2026/07/28 18:44:59.235, 296.86, 100, 74232, 73
2026/07/28 18:45:00.272, 296.49, 100, 74232, 73
2026/07/28 18:45:01.310, 298.52, 100, 74232, 73
2026/07/28 18:45:02.348, 296.27, 100, 74232, 73
2026/07/28 18:45:03.386, 296.85, 100, 74232, 73
2026/07/28 18:45:04.424, 293.18, 100, 74232, 73
2026/07/28 18:45:05.462, 296.38, 100, 74232, 73
2026/07/28 18:45:06.499, 296.48, 100, 74232, 73
2026/07/28 18:45:07.538, 299.87, 100, 74232, 73
2026/07/28 18:45:08.575, 296.47, 100, 74232, 73
2026/07/28 18:45:09.613, 300.82, 100, 74232, 73
2026/07/28 18:45:10.650, 303.06, 100, 74232, 73
2026/07/28 18:45:11.688, 299.21, 100, 74232, 73
2026/07/28 18:45:12.727, 302.58, 100, 74232, 73
2026/07/28 18:45:13.766, 98.93, 0, 74232, 69
2026/07/28 18:45:14.798, 97.63, 0, 74232, 68
2026/07/28 18:45:15.831, 96.75, 0, 74232, 68
2026/07/28 18:45:16.888, 95.78, 0, 74232, 67
2026/07/28 18:45:17.920, 94.38, 0, 74232, 67
2026/07/28 18:45:18.952, 94.00, 0, 74232, 66
2026/07/28 18:45:19.985, 94.58, 0, 74232, 66
2026/07/28 18:45:21.017, 92.39, 0, 74232, 65
2026/07/28 18:45:22.049, 93.54, 0, 74232, 65
2026/07/28 18:45:23.082, 91.12, 0, 74232, 64
2026/07/28 18:45:24.113, 91.28, 0, 74232, 64
2026/07/28 18:45:25.148, 90.88, 0, 74232, 64
2026/07/28 18:45:26.180, 91.29, 0, 74232, 63
2026/07/28 18:45:27.212, 90.07, 0, 74232, 63
2026/07/28 18:45:28.245, 90.19, 0, 74232, 63
2026/07/28 18:45:29.278, 363.14, 42, 74232, 67
2026/07/28 18:45:30.314, 292.10, 100, 74232, 68
2026/07/28 18:45:31.350, 288.74, 100, 74232, 68
2026/07/28 18:45:32.385, 294.17, 100, 74232, 69
2026/07/28 18:45:33.420, 293.83, 100, 74232, 69
2026/07/28 18:45:34.459, 297.41, 100, 74232, 69
2026/07/28 18:45:35.494, 301.03, 100, 74232, 68
2026/07/28 18:45:36.533, 301.62, 100, 74232, 68
2026/07/28 18:45:37.570, 302.51, 100, 74232, 68
2026/07/28 18:45:38.607, 301.90, 100, 74232, 69
2026/07/28 18:45:39.645, 295.89, 100, 74232, 69
2026/07/28 18:45:40.682, 302.89, 100, 74232, 69
2026/07/28 18:45:41.719, 303.93, 100, 74232, 69
2026/07/28 18:45:42.756, 307.22, 100, 74232, 70
2026/07/28 18:45:43.794, 303.63, 100, 74232, 70
2026/07/28 18:45:44.830, 298.02, 100, 74232, 70
2026/07/28 18:45:45.867, 301.61, 100, 74232, 70
2026/07/28 18:45:46.903, 301.60, 100, 74232, 70
2026/07/28 18:45:47.947, 304.13, 100, 74232, 70
2026/07/28 18:45:48.983, 302.12, 100, 74232, 70
2026/07/28 18:45:50.019, 298.23, 100, 74232, 70
2026/07/28 18:45:51.058, 298.81, 100, 74232, 71
2026/07/28 18:45:52.095, 298.71, 100, 74232, 71
2026/07/28 18:45:53.132, 299.29, 100, 74232, 71
2026/07/28 18:45:54.169, 297.61, 100, 74232, 71
2026/07/28 18:45:55.207, 292.89, 100, 74232, 71
2026/07/28 18:45:56.244, 292.66, 100, 74232, 71
2026/07/28 18:45:57.286, 292.11, 100, 74232, 71
2026/07/28 18:45:58.323, 288.49, 100, 74232, 71
2026/07/28 18:45:59.360, 288.81, 100, 74232, 71
2026/07/28 18:46:00.399, 292.19, 100, 74232, 71
2026/07/28 18:46:01.437, 291.73, 100, 74232, 71
2026/07/28 18:46:02.475, 293.83, 100, 74232, 72
2026/07/28 18:46:03.513, 297.92, 100, 74232, 72
2026/07/28 18:46:04.553, 297.05, 100, 74232, 72
2026/07/28 18:46:05.590, 301.22, 100, 74232, 72
2026/07/28 18:46:06.629, 300.81, 100, 74232, 72
2026/07/28 18:46:07.667, 300.38, 100, 74232, 72
2026/07/28 18:46:08.705, 300.83, 100, 74232, 72
2026/07/28 18:46:09.743, 301.02, 100, 74232, 72
2026/07/28 18:46:10.780, 301.33, 100, 74232, 72
2026/07/28 18:46:11.817, 301.64, 100, 74232, 72
2026/07/28 18:46:12.854, 301.33, 100, 74232, 72
2026/07/28 18:46:13.890, 302.50, 100, 74232, 72
2026/07/28 18:46:14.927, 301.21, 100, 74232, 72
2026/07/28 18:46:15.964, 301.60, 100, 74232, 72
2026/07/28 18:46:17.000, 301.54, 100, 74232, 72
2026/07/28 18:46:18.037, 301.83, 100, 74232, 72
2026/07/28 18:46:19.076, 301.31, 100, 74232, 72
2026/07/28 18:46:20.114, 290.92, 100, 74232, 72
2026/07/28 18:46:21.153, 300.63, 100, 74232, 72
2026/07/28 18:46:22.191, 301.24, 100, 74232, 72
2026/07/28 18:46:23.227, 302.77, 100, 74232, 72
2026/07/28 18:46:24.264, 295.97, 100, 74232, 72
2026/07/28 18:46:25.303, 297.04, 100, 74232, 73
2026/07/28 18:46:26.342, 300.55, 100, 74232, 73
2026/07/28 18:46:27.379, 294.60, 100, 74232, 73
2026/07/28 18:46:28.415, 298.52, 100, 74232, 73
2026/07/28 18:46:29.453, 302.09, 100, 74232, 73
2026/07/28 18:46:30.491, 291.01, 100, 74232, 73
2026/07/28 18:46:31.529, 305.08, 100, 74232, 73
2026/07/28 18:46:32.566, 300.14, 100, 74232, 73
2026/07/28 18:46:33.605, 302.70, 100, 74232, 73
2026/07/28 18:46:34.642, 301.89, 100, 74232, 73
2026/07/28 18:46:35.680, 301.44, 100, 74232, 73
2026/07/28 18:46:36.718, 303.91, 100, 74232, 73
2026/07/28 18:46:37.755, 302.58, 100, 74232, 73
2026/07/28 18:46:38.794, 303.44, 100, 74232, 73
2026/07/28 18:46:39.831, 302.68, 100, 74232, 73
2026/07/28 18:46:40.869, 304.69, 100, 74232, 73
2026/07/28 18:46:41.907, 306.11, 100, 74232, 73
2026/07/28 18:46:42.944, 302.18, 100, 74232, 73
2026/07/28 18:46:43.983, 303.48, 100, 74232, 73
2026/07/28 18:46:45.022, 302.66, 100, 74232, 73
2026/07/28 18:46:46.060, 303.54, 100, 74232, 73
2026/07/28 18:46:47.100, 302.67, 100, 74232, 73
2026/07/28 18:46:48.137, 292.19, 100, 74232, 73
2026/07/28 18:46:49.176, 296.17, 100, 74232, 73
2026/07/28 18:46:50.214, 295.11, 100, 74232, 73
2026/07/28 18:46:51.253, 294.81, 100, 74232, 73
2026/07/28 18:46:52.293, 296.49, 100, 74232, 73
2026/07/28 18:46:53.333, 302.17, 100, 74232, 73
2026/07/28 18:46:54.370, 305.11, 100, 74232, 73
2026/07/28 18:46:55.414, 299.67, 100, 74232, 73
2026/07/28 18:46:56.453, 296.36, 100, 74232, 73
2026/07/28 18:46:57.492, 295.32, 100, 74232, 73
2026/07/28 18:46:58.534, 295.12, 100, 74232, 73
2026/07/28 18:46:59.572, 301.41, 100, 74232, 73
2026/07/28 18:47:00.610, 299.87, 100, 74232, 73
2026/07/28 18:47:01.648, 302.58, 100, 74232, 73
2026/07/28 18:47:02.686, 303.64, 100, 74232, 73
2026/07/28 18:47:03.725, 303.07, 100, 74232, 73
2026/07/28 18:47:04.762, 303.48, 100, 74232, 73
2026/07/28 18:47:05.800, 303.58, 100, 74232, 73
2026/07/28 18:47:06.838, 303.36, 100, 74232, 73
2026/07/28 18:47:07.876, 295.30, 100, 74232, 73
2026/07/28 18:47:08.914, 291.71, 100, 74232, 73
2026/07/28 18:47:09.952, 297.27, 100, 74232, 73
2026/07/28 18:47:10.990, 295.51, 100, 74232, 73
2026/07/28 18:47:12.027, 295.49, 100, 74232, 73
2026/07/28 18:47:13.066, 294.65, 100, 74232, 73
2026/07/28 18:47:14.105, 295.32, 100, 74232, 73
2026/07/28 18:47:15.143, 296.85, 100, 74232, 73
2026/07/28 18:47:16.185, 296.48, 100, 74232, 73
2026/07/28 18:47:17.223, 295.70, 100, 74232, 73
2026/07/28 18:47:18.261, 295.60, 100, 74232, 73
2026/07/28 18:47:19.300, 295.72, 100, 74232, 73
2026/07/28 18:47:20.338, 295.20, 100, 74232, 73
2026/07/28 18:47:21.375, 295.01, 100, 74232, 73
2026/07/28 18:47:22.413, 295.79, 100, 74232, 73
2026/07/28 18:47:23.451, 295.22, 100, 74232, 73
2026/07/28 18:47:24.496, 295.51, 100, 74232, 73
2026/07/28 18:47:25.534, 302.91, 100, 74232, 73
2026/07/28 18:47:26.572, 295.41, 100, 74232, 73
2026/07/28 18:47:27.614, 303.84, 100, 74232, 73
2026/07/28 18:47:28.654, 295.41, 100, 74232, 73
2026/07/28 18:47:29.693, 296.76, 100, 74232, 73
2026/07/28 18:47:30.730, 295.51, 100, 74232, 73
2026/07/28 18:47:31.767, 296.39, 100, 74232, 73
2026/07/28 18:47:32.804, 294.73, 100, 74232, 73
2026/07/28 18:47:33.842, 300.74, 100, 74232, 73
2026/07/28 18:47:34.880, 300.06, 100, 74232, 73
2026/07/28 18:47:35.919, 302.67, 100, 74232, 73
2026/07/28 18:47:36.956, 304.81, 100, 74232, 73
2026/07/28 18:47:37.994, 303.46, 100, 74232, 73
2026/07/28 18:47:39.032, 304.09, 100, 74232, 73
2026/07/28 18:47:40.069, 303.93, 100, 74232, 73
2026/07/28 18:47:41.108, 299.38, 100, 74232, 73
2026/07/28 18:47:42.146, 295.99, 100, 74232, 73
2026/07/28 18:47:43.185, 298.21, 100, 74232, 73
2026/07/28 18:47:44.223, 302.33, 100, 74232, 73
2026/07/28 18:47:45.261, 302.79, 100, 74232, 73
2026/07/28 18:47:46.300, 299.87, 100, 74232, 73
2026/07/28 18:47:47.337, 298.99, 100, 74232, 73
2026/07/28 18:47:48.375, 302.27, 100, 74232, 73
2026/07/28 18:47:49.413, 303.54, 100, 74232, 73
2026/07/28 18:47:50.449, 304.71, 100, 74232, 73
2026/07/28 18:47:51.489, 292.40, 100, 74232, 73
2026/07/28 18:47:52.526, 295.40, 100, 74232, 73
2026/07/28 18:47:53.567, 295.23, 100, 74232, 73
2026/07/28 18:47:54.606, 295.11, 100, 74232, 73
2026/07/28 18:47:55.644, 298.90, 100, 74232, 73
2026/07/28 18:47:56.682, 295.61, 100, 74232, 73
2026/07/28 18:47:57.720, 303.16, 100, 74232, 73
2026/07/28 18:47:58.757, 302.97, 100, 74232, 73
2026/07/28 18:47:59.795, 303.27, 100, 74232, 73
2026/07/28 18:48:00.833, 304.02, 100, 74232, 73
2026/07/28 18:48:01.871, 303.40, 100, 74232, 73
2026/07/28 18:48:02.909, 303.35, 100, 74232, 73
2026/07/28 18:48:03.954, 305.77, 100, 74232, 73
2026/07/28 18:48:04.992, 303.77, 100, 74232, 73
2026/07/28 18:48:06.030, 300.44, 100, 74232, 73
2026/07/28 18:48:07.069, 303.45, 100, 74232, 73
2026/07/28 18:48:08.107, 303.88, 100, 74232, 73
2026/07/28 18:48:09.145, 302.86, 100, 74232, 73
2026/07/28 18:48:10.183, 303.95, 100, 74232, 73
2026/07/28 18:48:11.221, 296.66, 100, 74232, 73
2026/07/28 18:48:12.258, 292.31, 100, 74232, 73
2026/07/28 18:48:13.296, 296.28, 100, 74232, 73
2026/07/28 18:48:14.334, 296.38, 100, 74232, 73
2026/07/28 18:48:15.372, 293.25, 100, 74232, 73
2026/07/28 18:48:16.410, 294.33, 100, 74232, 73
2026/07/28 18:48:17.449, 295.31, 100, 74232, 73
2026/07/28 18:48:18.488, 292.67, 100, 74232, 73
2026/07/28 18:48:19.526, 293.37, 100, 74232, 73
2026/07/28 18:48:20.564, 296.27, 100, 74232, 73
2026/07/28 18:48:21.602, 296.57, 100, 74232, 73
2026/07/28 18:48:22.639, 296.42, 100, 74232, 73
2026/07/28 18:48:23.676, 297.43, 100, 74232, 73
2026/07/28 18:48:24.714, 303.35, 100, 74232, 73
2026/07/28 18:48:25.753, 302.87, 100, 74232, 73
2026/07/28 18:48:26.789, 303.65, 100, 74232, 73
2026/07/28 18:48:27.828, 304.79, 100, 74232, 73
2026/07/28 18:48:28.866, 299.88, 100, 74232, 73
2026/07/28 18:48:29.902, 303.83, 100, 74232, 73
2026/07/28 18:48:30.939, 303.77, 100, 74232, 74
2026/07/28 18:48:31.977, 299.08, 100, 74232, 73
2026/07/28 18:48:33.015, 293.37, 100, 74232, 73
2026/07/28 18:48:34.052, 295.61, 100, 74232, 73
2026/07/28 18:48:35.089, 302.12, 100, 74232, 73
2026/07/28 18:48:36.127, 295.89, 100, 74232, 73
2026/07/28 18:48:37.169, 294.44, 100, 74232, 73
2026/07/28 18:48:38.206, 295.89, 100, 74232, 73
2026/07/28 18:48:39.243, 300.25, 100, 74232, 73
2026/07/28 18:48:40.283, 292.97, 100, 74232, 73
2026/07/28 18:48:41.320, 293.76, 100, 74232, 73
2026/07/28 18:48:42.360, 296.40, 100, 74232, 73
2026/07/28 18:48:43.399, 299.96, 100, 74232, 73
2026/07/28 18:48:44.437, 299.50, 100, 74232, 73
2026/07/28 18:48:45.477, 298.87, 100, 74232, 73
2026/07/28 18:48:46.514, 292.97, 100, 74232, 73
2026/07/28 18:48:47.552, 297.36, 100, 74232, 73
2026/07/28 18:48:48.590, 297.05, 100, 74232, 73
2026/07/28 18:48:49.628, 295.99, 100, 74232, 73
2026/07/28 18:48:50.668, 296.16, 100, 74232, 73
2026/07/28 18:48:51.707, 297.84, 100, 74232, 74
2026/07/28 18:48:52.744, 300.38, 100, 74232, 74
2026/07/28 18:48:53.783, 300.85, 100, 74232, 74
2026/07/28 18:48:54.821, 300.93, 100, 74232, 74
2026/07/28 18:48:55.859, 303.54, 100, 74232, 74
2026/07/28 18:48:56.898, 304.26, 100, 74232, 74
2026/07/28 18:48:57.936, 296.78, 100, 74232, 73
2026/07/28 18:48:58.975, 297.47, 100, 74232, 73
2026/07/28 18:49:00.012, 296.66, 100, 74232, 73
2026/07/28 18:49:01.050, 296.49, 100, 74232, 73
2026/07/28 18:49:02.088, 296.28, 100, 74232, 73
2026/07/28 18:49:03.125, 297.53, 100, 74232, 73
2026/07/28 18:49:04.165, 296.10, 100, 74232, 73
2026/07/28 18:49:05.203, 296.86, 100, 74232, 73
2026/07/28 18:49:06.242, 296.18, 100, 74232, 73
2026/07/28 18:49:07.280, 303.01, 100, 74232, 73
2026/07/28 18:49:08.318, 293.35, 100, 74232, 73
2026/07/28 18:49:09.355, 296.66, 100, 74232, 73
2026/07/28 18:49:10.393, 295.23, 100, 74232, 73
2026/07/28 18:49:11.430, 296.28, 100, 74232, 73
2026/07/28 18:49:12.468, 296.87, 100, 74232, 73
2026/07/28 18:49:13.505, 296.76, 100, 74232, 73
2026/07/28 18:49:14.543, 296.39, 100, 74232, 73
2026/07/28 18:49:15.581, 295.81, 100, 74232, 73
2026/07/28 18:49:16.619, 296.29, 100, 74232, 73
2026/07/28 18:49:17.656, 293.47, 100, 74232, 73
2026/07/28 18:49:18.693, 304.54, 100, 74232, 73
2026/07/28 18:49:19.731, 304.02, 100, 74232, 73
2026/07/28 18:49:20.768, 305.00, 100, 74232, 73
2026/07/28 18:49:21.806, 300.16, 100, 74232, 73
2026/07/28 18:49:22.846, 303.92, 100, 74232, 73
2026/07/28 18:49:23.884, 304.07, 100, 74232, 73
2026/07/28 18:49:24.922, 299.86, 100, 74232, 73
2026/07/28 18:49:25.961, 303.56, 100, 74232, 73
2026/07/28 18:49:26.999, 298.13, 100, 74232, 73
2026/07/28 18:49:28.037, 297.43, 100, 74232, 73
2026/07/28 18:49:29.075, 305.09, 100, 74232, 73
2026/07/28 18:49:30.112, 303.59, 100, 74232, 73
2026/07/28 18:49:31.149, 300.17, 100, 74232, 73
2026/07/28 18:49:32.187, 304.13, 100, 74232, 73
2026/07/28 18:49:33.226, 303.83, 100, 74232, 73
2026/07/28 18:49:34.264, 292.78, 100, 74232, 73
2026/07/28 18:49:35.303, 298.90, 100, 74232, 73
2026/07/28 18:49:36.341, 296.85, 100, 74232, 73
2026/07/28 18:49:37.378, 297.72, 100, 74232, 73
2026/07/28 18:49:38.416, 300.53, 100, 74232, 73
2026/07/28 18:49:39.453, 306.05, 100, 74232, 74
2026/07/28 18:49:40.491, 295.79, 100, 74232, 74
2026/07/28 18:49:41.529, 296.86, 100, 74232, 74
2026/07/28 18:49:42.566, 303.88, 100, 74232, 74
2026/07/28 18:49:43.606, 297.63, 100, 74232, 74
2026/07/28 18:49:44.645, 297.94, 100, 74232, 73
2026/07/28 18:49:45.682, 293.16, 100, 74232, 73
2026/07/28 18:49:46.720, 296.76, 100, 74232, 74
2026/07/28 18:49:47.757, 298.22, 100, 74232, 74
2026/07/28 18:49:48.795, 305.47, 100, 74232, 74
2026/07/28 18:49:49.832, 300.75, 100, 74232, 74
2026/07/28 18:49:50.871, 304.93, 100, 74232, 74
2026/07/28 18:49:51.908, 304.13, 100, 74232, 74
2026/07/28 18:49:52.946, 305.13, 100, 74232, 74
2026/07/28 18:49:53.985, 303.63, 100, 74232, 74
2026/07/28 18:49:55.023, 296.68, 100, 74232, 74
2026/07/28 18:49:56.060, 305.57, 100, 74232, 74
2026/07/28 18:49:57.099, 303.75, 100, 74232, 74
2026/07/28 18:49:58.136, 304.07, 100, 74232, 74
2026/07/28 18:49:59.181, 299.70, 100, 74232, 74
2026/07/28 18:50:00.219, 297.92, 100, 74232, 74
2026/07/28 18:50:01.258, 296.68, 100, 74232, 74
2026/07/28 18:50:02.297, 300.83, 100, 74232, 74
2026/07/28 18:50:03.335, 307.08, 100, 74232, 74
2026/07/28 18:50:04.373, 303.75, 100, 74232, 74
2026/07/28 18:50:05.411, 294.90, 100, 74232, 74
2026/07/28 18:50:06.449, 292.88, 100, 74232, 74
2026/07/28 18:50:07.487, 296.57, 100, 74232, 74
2026/07/28 18:50:08.524, 300.16, 100, 74232, 74
2026/07/28 18:50:09.562, 304.73, 100, 74232, 74
2026/07/28 18:50:10.600, 297.16, 100, 74232, 74
2026/07/28 18:50:11.639, 296.37, 100, 74232, 74
2026/07/28 18:50:12.675, 296.29, 100, 74232, 74
2026/07/28 18:50:13.717, 302.31, 100, 74232, 74
2026/07/28 18:50:14.755, 307.86, 100, 74232, 74
2026/07/28 18:50:15.795, 304.61, 100, 74232, 74
2026/07/28 18:50:16.834, 300.74, 100, 74232, 74
2026/07/28 18:50:17.871, 296.67, 100, 74232, 74
2026/07/28 18:50:18.908, 299.97, 100, 74232, 74
2026/07/28 18:50:19.946, 304.42, 100, 74232, 74
2026/07/28 18:50:20.983, 304.45, 100, 74232, 74
2026/07/28 18:50:22.022, 293.76, 100, 74232, 74
2026/07/28 18:50:23.059, 292.68, 100, 74232, 74
2026/07/28 18:50:24.098, 297.24, 100, 74232, 74
2026/07/28 18:50:25.136, 302.18, 100, 74232, 74
2026/07/28 18:50:26.174, 300.84, 100, 74232, 74
2026/07/28 18:50:27.211, 305.25, 100, 74232, 74
2026/07/28 18:50:28.249, 304.70, 100, 74232, 74
2026/07/28 18:50:29.286, 98.90, 70, 74232, 72
2026/07/28 18:50:30.320, 301.75, 100, 74232, 75
2026/07/28 18:50:31.356, 297.61, 100, 74232, 75
2026/07/28 18:50:32.391, 282.17, 100, 74232, 75
2026/07/28 18:50:33.430, 282.95, 100, 74232, 75
2026/07/28 18:50:34.466, 262.14, 100, 74232, 75
2026/07/28 18:50:35.502, 295.78, 100, 74232, 74
2026/07/28 18:50:36.544, 278.47, 100, 74232, 73
2026/07/28 18:50:37.583, 284.90, 100, 74232, 73
2026/07/28 18:50:38.620, 289.18, 100, 74232, 73
2026/07/28 18:50:39.661, 291.51, 100, 74232, 73
2026/07/28 18:50:40.700, 295.60, 100, 74232, 73
2026/07/28 18:50:41.737, 296.74, 100, 74232, 74
2026/07/28 18:50:42.776, 296.29, 100, 74232, 74
2026/07/28 18:50:43.814, 302.33, 100, 74232, 74
2026/07/28 18:50:44.855, 297.06, 100, 74232, 74
2026/07/28 18:50:45.895, 296.78, 100, 74232, 74
2026/07/28 18:50:46.933, 296.59, 100, 74232, 74
2026/07/28 18:50:47.970, 297.14, 100, 74232, 74
2026/07/28 18:50:49.009, 296.96, 100, 74232, 74
2026/07/28 18:50:50.046, 296.96, 100, 74232, 74
2026/07/28 18:50:51.086, 298.39, 100, 74232, 74
2026/07/28 18:50:52.124, 296.97, 100, 74232, 74
2026/07/28 18:50:53.163, 296.65, 100, 74232, 74
2026/07/28 18:50:54.201, 304.44, 100, 74232, 74
2026/07/28 18:50:55.238, 304.75, 100, 74232, 74
2026/07/28 18:50:56.277, 305.29, 100, 74232, 74
2026/07/28 18:50:57.316, 305.01, 100, 74232, 74
2026/07/28 18:50:58.353, 293.56, 100, 74232, 74
2026/07/28 18:50:59.391, 293.95, 100, 74232, 74
2026/07/28 18:51:00.430, 296.29, 100, 74232, 74
2026/07/28 18:51:01.469, 299.87, 100, 74232, 74
2026/07/28 18:51:02.507, 296.95, 100, 74232, 74
2026/07/28 18:51:03.546, 296.17, 100, 74232, 74
2026/07/28 18:51:04.587, 296.17, 100, 74232, 74
2026/07/28 18:51:05.624, 296.77, 100, 74232, 74
2026/07/28 18:51:06.661, 297.72, 100, 74232, 74
2026/07/28 18:51:07.699, 295.88, 100, 74232, 74
2026/07/28 18:51:08.737, 296.76, 100, 74232, 74
2026/07/28 18:51:09.777, 298.01, 100, 74232, 74
2026/07/28 18:51:10.815, 295.98, 100, 74232, 74
2026/07/28 18:51:11.855, 296.76, 100, 74232, 74
2026/07/28 18:51:12.895, 296.38, 100, 74232, 74
2026/07/28 18:51:13.933, 303.94, 100, 74232, 74
2026/07/28 18:51:14.971, 292.20, 100, 74232, 74
2026/07/28 18:51:16.008, 295.68, 100, 74232, 74
2026/07/28 18:51:17.047, 297.26, 100, 74232, 74
2026/07/28 18:51:18.085, 295.69, 100, 74232, 74
2026/07/28 18:51:19.123, 295.90, 100, 74232, 74
2026/07/28 18:51:20.164, 295.60, 100, 74232, 74
2026/07/28 18:51:21.203, 299.60, 100, 74232, 74
2026/07/28 18:51:22.240, 303.68, 100, 74232, 74
2026/07/28 18:51:23.278, 305.56, 100, 74232, 74
2026/07/28 18:51:24.316, 301.33, 100, 74232, 74
2026/07/28 18:51:25.354, 304.51, 100, 74232, 74
2026/07/28 18:51:26.394, 304.65, 100, 74232, 74
2026/07/28 18:51:27.432, 291.90, 100, 74232, 73
2026/07/28 18:51:28.470, 292.66, 100, 74232, 73
2026/07/28 18:51:29.508, 297.52, 100, 74232, 74
2026/07/28 18:51:30.549, 303.65, 100, 74232, 74
2026/07/28 18:51:31.587, 303.17, 100, 74232, 74
2026/07/28 18:51:32.623, 296.95, 100, 74232, 73
2026/07/28 18:51:33.661, 294.14, 100, 74232, 73
2026/07/28 18:51:34.700, 296.36, 100, 74232, 73
2026/07/28 18:51:35.737, 297.63, 100, 74232, 73
2026/07/28 18:51:36.775, 295.49, 100, 74232, 73
2026/07/28 18:51:37.813, 296.29, 100, 74232, 73
2026/07/28 18:51:38.850, 296.18, 100, 74232, 73
2026/07/28 18:51:39.892, 292.59, 100, 74232, 73
2026/07/28 18:51:40.930, 298.53, 100, 74232, 73
2026/07/28 18:51:41.969, 295.89, 100, 74232, 73
2026/07/28 18:51:43.007, 295.49, 100, 74232, 73
2026/07/28 18:51:44.044, 303.78, 100, 74232, 73
2026/07/28 18:51:45.083, 303.75, 100, 74232, 73
2026/07/28 18:51:46.120, 304.70, 100, 74232, 73
2026/07/28 18:51:47.158, 292.97, 100, 74232, 73
2026/07/28 18:51:48.196, 293.07, 100, 74232, 73
2026/07/28 18:51:49.234, 295.20, 100, 74232, 73
2026/07/28 18:51:50.272, 295.99, 100, 74232, 73
2026/07/28 18:51:51.311, 296.09, 100, 74232, 73
2026/07/28 18:51:52.351, 295.68, 100, 74232, 73
2026/07/28 18:51:53.390, 296.77, 100, 74232, 73
2026/07/28 18:51:54.427, 294.92, 100, 74232, 73
2026/07/28 18:51:55.466, 303.36, 100, 74232, 73
2026/07/28 18:51:56.504, 303.83, 100, 74232, 73
2026/07/28 18:51:57.543, 299.37, 100, 74232, 73
2026/07/28 18:51:58.581, 303.59, 100, 74232, 73
2026/07/28 18:51:59.619, 303.64, 100, 74232, 73
2026/07/28 18:52:00.658, 303.44, 100, 74232, 73
2026/07/28 18:52:01.695, 302.65, 100, 74232, 73
2026/07/28 18:52:02.732, 303.36, 100, 74232, 73
2026/07/28 18:52:03.770, 297.12, 100, 74232, 73
2026/07/28 18:52:04.807, 296.87, 100, 74232, 73
2026/07/28 18:52:05.846, 290.35, 100, 74232, 73
2026/07/28 18:52:06.883, 299.84, 100, 74232, 73
2026/07/28 18:52:07.921, 301.99, 100, 74232, 72
2026/07/28 18:52:08.958, 302.31, 100, 74232, 72
2026/07/28 18:52:10.000, 300.92, 100, 74232, 72
2026/07/28 18:52:11.038, 301.23, 100, 74232, 72
2026/07/28 18:52:12.075, 301.31, 100, 74232, 72
2026/07/28 18:52:13.113, 301.49, 100, 74232, 72
2026/07/28 18:52:14.149, 302.19, 100, 74232, 72
2026/07/28 18:52:15.187, 300.83, 100, 74232, 72
2026/07/28 18:52:16.224, 302.18, 100, 74232, 72
2026/07/28 18:52:17.262, 301.42, 100, 74232, 72
2026/07/28 18:52:18.300, 300.74, 100, 74232, 72
2026/07/28 18:52:19.338, 302.30, 100, 74232, 72
2026/07/28 18:52:20.378, 300.34, 100, 74232, 72
2026/07/28 18:52:21.415, 300.93, 100, 74232, 72
2026/07/28 18:52:22.452, 292.97, 100, 74232, 72
2026/07/28 18:52:23.489, 293.15, 100, 74232, 72
2026/07/28 18:52:24.527, 293.47, 100, 74232, 72
2026/07/28 18:52:25.573, 301.74, 100, 74232, 72
2026/07/28 18:52:26.611, 300.76, 100, 74232, 72
2026/07/28 18:52:27.649, 297.75, 100, 74232, 72
2026/07/28 18:52:28.686, 297.36, 100, 74232, 72
2026/07/28 18:52:29.724, 297.45, 100, 74232, 72
2026/07/28 18:52:30.761, 299.87, 100, 74232, 72
2026/07/28 18:52:31.799, 300.44, 100, 74232, 72
2026/07/28 18:52:32.839, 299.95, 100, 74232, 72
2026/07/28 18:52:33.877, 301.14, 100, 74232, 72
2026/07/28 18:52:34.915, 301.12, 100, 74232, 71
2026/07/28 18:52:35.953, 301.81, 100, 74232, 71
2026/07/28 18:52:36.991, 302.31, 100, 74232, 71
2026/07/28 18:52:38.028, 301.61, 100, 74232, 71
2026/07/28 18:52:39.067, 301.04, 100, 74232, 71
2026/07/28 18:52:40.104, 299.37, 100, 74232, 71
2026/07/28 18:52:41.142, 300.27, 100, 74232, 71
2026/07/28 18:52:42.179, 300.27, 100, 74232, 71
2026/07/28 18:52:43.217, 299.28, 100, 74232, 71
2026/07/28 18:52:44.255, 300.47, 100, 74232, 71
2026/07/28 18:52:45.293, 293.33, 100, 74232, 71
2026/07/28 18:52:46.332, 300.09, 100, 74232, 71
2026/07/28 18:52:47.370, 293.85, 100, 74232, 71
2026/07/28 18:52:48.407, 293.08, 100, 74232, 71
2026/07/28 18:52:49.444, 292.10, 100, 74232, 71
2026/07/28 18:52:50.482, 288.12, 100, 74232, 71
2026/07/28 18:52:51.523, 298.33, 100, 74232, 71
2026/07/28 18:52:52.561, 296.27, 100, 74232, 71
2026/07/28 18:52:53.598, 293.74, 100, 74232, 71
2026/07/28 18:52:54.635, 297.43, 100, 74232, 71
2026/07/28 18:52:55.673, 299.95, 100, 74232, 71
2026/07/28 18:52:56.711, 295.59, 100, 74232, 71
2026/07/28 18:52:57.748, 298.99, 100, 74232, 71
2026/07/28 18:52:58.788, 296.66, 100, 74232, 71
2026/07/28 18:52:59.826, 298.80, 100, 74232, 71
2026/07/28 18:53:00.863, 300.05, 100, 74232, 71
2026/07/28 18:53:01.902, 298.89, 100, 74232, 71
2026/07/28 18:53:02.940, 299.39, 100, 74232, 71
2026/07/28 18:53:03.979, 299.60, 100, 74232, 71
2026/07/28 18:53:05.017, 306.76, 100, 74232, 71
2026/07/28 18:53:06.057, 303.58, 100, 74232, 71
2026/07/28 18:53:07.096, 303.17, 100, 74232, 71
2026/07/28 18:53:08.134, 303.64, 100, 74232, 71
2026/07/28 18:53:09.176, 303.83, 100, 74232, 71
2026/07/28 18:53:10.214, 295.81, 100, 74232, 71
2026/07/28 18:53:11.252, 299.19, 100, 74232, 71
2026/07/28 18:53:12.291, 301.60, 100, 74232, 71
2026/07/28 18:53:13.332, 298.90, 100, 74232, 71
2026/07/28 18:53:14.371, 291.92, 100, 74232, 71
2026/07/28 18:53:15.409, 287.71, 100, 74232, 71
2026/07/28 18:53:16.449, 288.60, 100, 74232, 71
2026/07/28 18:53:17.489, 291.79, 100, 74232, 71
2026/07/28 18:53:18.526, 291.42, 100, 74232, 71
2026/07/28 18:53:19.565, 291.81, 100, 74232, 71
2026/07/28 18:53:20.602, 294.82, 100, 74232, 71
2026/07/28 18:53:21.640, 295.70, 100, 74232, 71
2026/07/28 18:53:22.678, 296.68, 100, 74232, 71
2026/07/28 18:53:23.715, 302.18, 100, 74232, 71
2026/07/28 18:53:24.753, 299.29, 100, 74232, 71
2026/07/28 18:53:25.790, 295.70, 100, 74232, 71
2026/07/28 18:53:26.831, 296.00, 100, 74232, 71
2026/07/28 18:53:27.870, 295.48, 100, 74232, 71
2026/07/28 18:53:28.910, 301.05, 100, 74232, 71
2026/07/28 18:53:29.948, 298.81, 100, 74232, 71
2026/07/28 18:53:30.985, 301.66, 100, 74232, 71
2026/07/28 18:53:32.024, 299.09, 100, 74232, 71
2026/07/28 18:53:33.061, 299.28, 100, 74232, 70
2026/07/28 18:53:34.101, 298.71, 100, 74232, 71
2026/07/28 18:53:35.139, 298.89, 100, 74232, 71
2026/07/28 18:53:36.177, 306.08, 100, 74232, 70
2026/07/28 18:53:37.220, 299.61, 100, 74232, 70
2026/07/28 18:53:38.258, 298.70, 100, 74232, 70
2026/07/28 18:53:39.297, 299.19, 100, 74232, 70
2026/07/28 18:53:40.335, 299.38, 100, 74232, 71
2026/07/28 18:53:41.373, 300.94, 100, 74232, 70
2026/07/28 18:53:42.410, 298.80, 100, 74232, 70
2026/07/28 18:53:43.449, 298.92, 100, 74232, 70
2026/07/28 18:53:44.486, 298.50, 100, 74232, 70
2026/07/28 18:53:45.523, 298.71, 100, 74232, 70
2026/07/28 18:53:46.561, 298.50, 100, 74232, 70
2026/07/28 18:53:47.598, 300.74, 100, 74232, 70
2026/07/28 18:53:48.636, 299.58, 100, 74232, 70
2026/07/28 18:53:49.674, 301.50, 100, 74232, 70
2026/07/28 18:53:50.712, 299.48, 100, 74232, 70
2026/07/28 18:53:51.750, 299.48, 100, 74232, 70
2026/07/28 18:53:52.789, 298.32, 100, 74232, 70
2026/07/28 18:53:53.826, 298.23, 100, 74232, 70
2026/07/28 18:53:54.865, 298.81, 100, 74232, 70
2026/07/28 18:53:55.903, 298.60, 100, 74232, 70
2026/07/28 18:53:56.940, 298.61, 100, 74232, 70
2026/07/28 18:53:57.979, 299.68, 100, 74232, 70
2026/07/28 18:53:59.016, 299.76, 100, 74232, 70
2026/07/28 18:54:00.054, 298.32, 100, 74232, 70
2026/07/28 18:54:01.093, 299.38, 100, 74232, 70
2026/07/28 18:54:02.130, 298.24, 100, 74232, 70
2026/07/28 18:54:03.168, 299.30, 100, 74232, 70
2026/07/28 18:54:04.207, 298.51, 100, 74232, 70
2026/07/28 18:54:05.245, 299.49, 100, 74232, 70
2026/07/28 18:54:06.282, 298.90, 100, 74232, 70
2026/07/28 18:54:07.322, 298.90, 100, 74232, 70
2026/07/28 18:54:08.361, 298.90, 100, 74232, 70
2026/07/28 18:54:09.399, 299.68, 100, 74232, 70
2026/07/28 18:54:10.437, 298.13, 100, 74232, 70
2026/07/28 18:54:11.474, 300.15, 100, 74232, 70
2026/07/28 18:54:12.511, 297.54, 100, 74232, 70
2026/07/28 18:54:13.550, 298.13, 100, 74232, 70
2026/07/28 18:54:14.587, 298.41, 100, 74232, 70
2026/07/28 18:54:15.625, 300.27, 100, 74232, 70
2026/07/28 18:54:16.666, 298.82, 100, 74232, 70
2026/07/28 18:54:17.704, 299.57, 100, 74232, 70
2026/07/28 18:54:18.741, 299.18, 100, 74232, 70
2026/07/28 18:54:19.779, 298.11, 100, 74232, 70
2026/07/28 18:54:20.817, 298.91, 100, 74232, 70
2026/07/28 18:54:21.854, 298.69, 100, 74232, 70
2026/07/28 18:54:22.891, 297.74, 100, 74232, 70
2026/07/28 18:54:23.929, 298.42, 100, 74232, 70
2026/07/28 18:54:24.966, 301.02, 100, 74232, 70
2026/07/28 18:54:26.004, 298.31, 100, 74232, 70
2026/07/28 18:54:27.042, 298.02, 100, 74232, 70
2026/07/28 18:54:28.081, 299.49, 100, 74232, 70
2026/07/28 18:54:29.118, 298.50, 100, 74232, 70
2026/07/28 18:54:30.158, 300.18, 100, 74232, 70
2026/07/28 18:54:31.196, 298.71, 100, 74232, 70
2026/07/28 18:54:32.233, 298.51, 100, 74232, 70
2026/07/28 18:54:33.271, 298.98, 100, 74232, 70
2026/07/28 18:54:34.308, 298.72, 100, 74232, 70
2026/07/28 18:54:35.345, 298.70, 100, 74232, 70
2026/07/28 18:54:36.383, 298.04, 100, 74232, 70
2026/07/28 18:54:37.421, 298.21, 100, 74232, 70
2026/07/28 18:54:38.460, 298.41, 100, 74232, 70
2026/07/28 18:54:39.497, 299.30, 100, 74232, 70
2026/07/28 18:54:40.535, 298.30, 100, 74232, 70
2026/07/28 18:54:41.574, 299.00, 100, 74232, 70
2026/07/28 18:54:42.612, 298.04, 100, 74232, 70
2026/07/28 18:54:43.653, 305.10, 100, 74232, 70
2026/07/28 18:54:44.692, 299.99, 100, 74232, 70
2026/07/28 18:54:45.731, 299.09, 100, 74232, 70
2026/07/28 18:54:46.771, 298.52, 100, 74232, 70
2026/07/28 18:54:47.809, 294.63, 100, 74232, 70
2026/07/28 18:54:48.846, 298.51, 100, 74232, 70
2026/07/28 18:54:49.883, 299.11, 100, 74232, 70
2026/07/28 18:54:50.932, 298.80, 100, 74232, 70
2026/07/28 18:54:51.971, 298.53, 100, 74232, 70
2026/07/28 18:54:53.008, 297.84, 100, 74232, 70
2026/07/28 18:54:54.046, 298.12, 100, 74232, 70
2026/07/28 18:54:55.084, 298.72, 100, 74232, 70
2026/07/28 18:54:56.121, 299.20, 100, 74232, 70
2026/07/28 18:54:57.161, 297.74, 100, 74232, 70
2026/07/28 18:54:58.200, 298.12, 100, 74232, 70
2026/07/28 18:54:59.237, 298.88, 100, 74232, 70
2026/07/28 18:55:00.278, 297.83, 100, 74232, 70
2026/07/28 18:55:01.315, 299.67, 100, 74232, 70
2026/07/28 18:55:02.352, 298.61, 100, 74232, 70
2026/07/28 18:55:03.390, 300.14, 100, 74232, 70
2026/07/28 18:55:04.427, 298.72, 100, 74232, 70
2026/07/28 18:55:05.466, 301.42, 100, 74232, 70
2026/07/28 18:55:06.505, 298.13, 100, 74232, 70
2026/07/28 18:55:07.543, 298.50, 100, 74232, 70
2026/07/28 18:55:08.582, 295.11, 100, 74232, 70
2026/07/28 18:55:09.623, 298.61, 100, 74232, 70
2026/07/28 18:55:10.659, 299.96, 100, 74232, 70
2026/07/28 18:55:11.697, 298.11, 100, 74232, 70
2026/07/28 18:55:12.736, 297.04, 100, 74232, 70
2026/07/28 18:55:13.773, 294.23, 100, 74232, 70
2026/07/28 18:55:14.811, 298.10, 100, 74232, 70
2026/07/28 18:55:15.848, 297.90, 100, 74232, 70
2026/07/28 18:55:16.886, 298.10, 100, 74232, 70
2026/07/28 18:55:17.924, 300.25, 100, 74232, 70
2026/07/28 18:55:18.961, 297.73, 100, 74232, 70
2026/07/28 18:55:19.998, 299.37, 100, 74232, 70
2026/07/28 18:55:21.035, 298.12, 100, 74232, 70
2026/07/28 18:55:22.074, 299.10, 100, 74232, 70
2026/07/28 18:55:23.111, 298.81, 100, 74232, 70
2026/07/28 18:55:24.150, 298.14, 100, 74232, 70
2026/07/28 18:55:25.190, 298.06, 100, 74232, 70
2026/07/28 18:55:26.227, 299.27, 100, 74232, 70
2026/07/28 18:55:27.268, 297.23, 100, 74232, 70
2026/07/28 18:55:28.307, 298.31, 100, 74232, 70
2026/07/28 18:55:29.344, 298.34, 100, 74232, 70
2026/07/28 18:55:30.385, 94.89, 0, 74232, 66
2026/07/28 18:55:31.419, 288.44, 100, 74232, 71
2026/07/28 18:55:32.455, 293.24, 100, 74232, 71
2026/07/28 18:55:33.490, 315.30, 100, 74232, 72
2026/07/28 18:55:34.525, 307.69, 100, 74232, 71
2026/07/28 18:55:35.561, 303.82, 100, 74232, 71
2026/07/28 18:55:36.596, 303.07, 100, 74232, 70
2026/07/28 18:55:37.633, 303.29, 100, 74232, 70
2026/07/28 18:55:38.670, 297.62, 100, 74232, 70
2026/07/28 18:55:39.709, 293.74, 100, 74232, 70
2026/07/28 18:55:40.748, 305.96, 100, 74232, 70
2026/07/28 18:55:41.786, 302.32, 100, 74232, 70
2026/07/28 18:55:42.825, 305.10, 100, 74232, 70
2026/07/28 18:55:43.863, 307.65, 100, 74232, 71
2026/07/28 18:55:44.902, 305.82, 100, 74232, 71
2026/07/28 18:55:45.941, 305.67, 100, 74232, 71
2026/07/28 18:55:46.978, 307.54, 100, 74232, 71
2026/07/28 18:55:48.015, 295.98, 100, 74232, 71
2026/07/28 18:55:49.053, 299.85, 100, 74232, 71
2026/07/28 18:55:50.090, 300.36, 100, 74232, 71
2026/07/28 18:55:51.129, 299.85, 100, 74232, 71
2026/07/28 18:55:52.166, 306.65, 100, 74232, 71
2026/07/28 18:55:53.205, 300.07, 100, 74232, 71
2026/07/28 18:55:54.244, 301.69, 100, 74232, 71
2026/07/28 18:55:55.281, 299.28, 100, 74232, 72
2026/07/28 18:55:56.322, 300.46, 100, 74232, 72
2026/07/28 18:55:57.360, 299.67, 100, 74232, 72
2026/07/28 18:55:58.398, 302.13, 100, 74232, 72
2026/07/28 18:55:59.436, 300.54, 100, 74232, 72
2026/07/28 18:56:00.474, 300.17, 100, 74232, 72
2026/07/28 18:56:01.511, 301.54, 100, 74232, 72
2026/07/28 18:56:02.549, 300.07, 100, 74232, 72
2026/07/28 18:56:03.586, 301.32, 100, 74232, 72
2026/07/28 18:56:04.623, 302.66, 100, 74232, 72
2026/07/28 18:56:05.661, 300.93, 100, 74232, 72
2026/07/28 18:56:06.699, 301.22, 100, 74232, 72
2026/07/28 18:56:07.736, 299.77, 100, 74232, 72
2026/07/28 18:56:08.774, 301.04, 100, 74232, 72
2026/07/28 18:56:09.812, 301.22, 100, 74232, 72
2026/07/28 18:56:10.850, 301.70, 100, 74232, 72
2026/07/28 18:56:11.888, 300.16, 100, 74232, 72
2026/07/28 18:56:12.925, 296.87, 100, 74232, 72
2026/07/28 18:56:13.962, 293.94, 100, 74232, 72
2026/07/28 18:56:15.000, 290.15, 100, 74232, 72
2026/07/28 18:56:16.041, 293.07, 100, 74232, 72
2026/07/28 18:56:17.078, 293.72, 100, 74232, 72
2026/07/28 18:56:18.116, 296.77, 100, 74232, 72
2026/07/28 18:56:19.154, 294.52, 100, 74232, 73
2026/07/28 18:56:20.191, 303.36, 100, 74232, 73
2026/07/28 18:56:21.230, 301.81, 100, 74232, 73
2026/07/28 18:56:22.267, 301.62, 100, 74232, 73
2026/07/28 18:56:23.305, 303.37, 100, 74232, 73
2026/07/28 18:56:24.343, 301.90, 100, 74232, 73
2026/07/28 18:56:25.382, 301.73, 100, 74232, 73
2026/07/28 18:56:26.421, 302.68, 100, 74232, 73
2026/07/28 18:56:27.458, 302.48, 100, 74232, 73
2026/07/28 18:56:28.496, 302.82, 100, 74232, 73
2026/07/28 18:56:29.534, 302.09, 100, 74232, 73
2026/07/28 18:56:30.572, 303.37, 100, 74232, 73
2026/07/28 18:56:31.609, 304.86, 100, 74232, 73
2026/07/28 18:56:32.646, 295.11, 100, 74232, 73
2026/07/28 18:56:33.684, 296.27, 100, 74232, 73
2026/07/28 18:56:34.722, 299.87, 100, 74232, 73
2026/07/28 18:56:35.758, 295.71, 100, 74232, 73
2026/07/28 18:56:36.800, 295.49, 100, 74232, 73
2026/07/28 18:56:37.838, 298.32, 100, 74232, 73
2026/07/28 18:56:38.875, 294.91, 100, 74232, 73
2026/07/28 18:56:39.914, 294.92, 100, 74232, 73
2026/07/28 18:56:40.951, 295.03, 100, 74232, 73
2026/07/28 18:56:41.993, 302.70, 100, 74232, 73
2026/07/28 18:56:43.032, 301.89, 100, 74232, 73
2026/07/28 18:56:44.068, 301.88, 100, 74232, 73
2026/07/28 18:56:45.108, 303.39, 100, 74232, 73
2026/07/28 18:56:46.145, 303.64, 100, 74232, 73
2026/07/28 18:56:47.185, 302.77, 100, 74232, 73
2026/07/28 18:56:48.223, 302.28, 100, 74232, 73
2026/07/28 18:56:49.261, 294.91, 100, 74232, 73
2026/07/28 18:56:50.301, 292.00, 100, 74232, 73
2026/07/28 18:56:51.338, 295.43, 100, 74232, 73
2026/07/28 18:56:52.376, 294.71, 100, 74232, 73
2026/07/28 18:56:53.415, 295.98, 100, 74232, 73
2026/07/28 18:56:54.452, 295.98, 100, 74232, 73
2026/07/28 18:56:55.490, 299.22, 100, 74232, 73
2026/07/28 18:56:56.527, 301.20, 100, 74232, 73
2026/07/28 18:56:57.570, 295.60, 100, 74232, 73
2026/07/28 18:56:58.609, 296.18, 100, 74232, 73
2026/07/28 18:56:59.647, 295.01, 100, 74232, 73
2026/07/28 18:57:00.687, 297.64, 100, 74232, 73
2026/07/28 18:57:01.726, 299.69, 100, 74232, 73
2026/07/28 18:57:02.765, 301.88, 100, 74232, 73
2026/07/28 18:57:03.802, 299.19, 100, 74232, 73
2026/07/28 18:57:04.842, 295.78, 100, 74232, 73
2026/07/28 18:57:05.881, 295.79, 100, 74232, 73
2026/07/28 18:57:06.920, 295.30, 100, 74232, 73
2026/07/28 18:57:07.958, 295.50, 100, 74232, 73
2026/07/28 18:57:08.996, 294.92, 100, 74232, 73
2026/07/28 18:57:10.033, 297.54, 100, 74232, 73
2026/07/28 18:57:11.071, 295.51, 100, 74232, 73
2026/07/28 18:57:12.108, 296.97, 100, 74232, 73
2026/07/28 18:57:13.146, 302.62, 100, 74232, 73
2026/07/28 18:57:14.188, 302.90, 100, 74232, 73
2026/07/28 18:57:15.226, 304.15, 100, 74232, 73
2026/07/28 18:57:16.264, 303.75, 100, 74232, 73
2026/07/28 18:57:17.305, 303.46, 100, 74232, 73
2026/07/28 18:57:18.343, 296.36, 100, 74232, 73
2026/07/28 18:57:19.380, 302.28, 100, 74232, 73
2026/07/28 18:57:20.422, 303.64, 100, 74232, 73
2026/07/28 18:57:21.458, 297.07, 100, 74232, 73
2026/07/28 18:57:22.497, 297.15, 100, 74232, 73
2026/07/28 18:57:23.535, 296.46, 100, 74232, 73
2026/07/28 18:57:24.573, 295.42, 100, 74232, 73
2026/07/28 18:57:25.612, 294.83, 100, 74232, 73
2026/07/28 18:57:26.649, 303.15, 100, 74232, 73
2026/07/28 18:57:27.687, 299.88, 100, 74232, 73
2026/07/28 18:57:28.724, 292.68, 100, 74232, 73
2026/07/28 18:57:29.762, 291.91, 100, 74232, 73
2026/07/28 18:57:30.799, 294.92, 100, 74232, 73
2026/07/28 18:57:31.843, 295.59, 100, 74232, 73
2026/07/28 18:57:32.881, 295.51, 100, 74232, 73
2026/07/28 18:57:33.919, 296.94, 100, 74232, 73
2026/07/28 18:57:34.956, 295.32, 100, 74232, 73
2026/07/28 18:57:35.994, 294.92, 100, 74232, 73
2026/07/28 18:57:37.033, 292.77, 100, 74232, 73
2026/07/28 18:57:38.071, 299.87, 100, 74232, 73
2026/07/28 18:57:39.109, 300.05, 100, 74232, 73
2026/07/28 18:57:40.148, 303.68, 100, 74232, 73
2026/07/28 18:57:41.187, 306.83, 100, 74232, 73
2026/07/28 18:57:42.225, 303.54, 100, 74232, 73
2026/07/28 18:57:43.263, 302.87, 100, 74232, 73
2026/07/28 18:57:44.300, 303.40, 100, 74232, 73
2026/07/28 18:57:45.343, 303.59, 100, 74232, 73
2026/07/28 18:57:46.381, 296.17, 100, 74232, 73
2026/07/28 18:57:47.419, 295.88, 100, 74232, 73
2026/07/28 18:57:48.456, 291.81, 100, 74232, 73
2026/07/28 18:57:49.495, 296.18, 100, 74232, 73
2026/07/28 18:57:50.532, 295.90, 100, 74232, 73
2026/07/28 18:57:51.575, 294.63, 100, 74232, 73
2026/07/28 18:57:52.612, 296.58, 100, 74232, 73
2026/07/28 18:57:53.649, 295.88, 100, 74232, 73
2026/07/28 18:57:54.688, 296.58, 100, 74232, 73
2026/07/28 18:57:55.726, 300.83, 100, 74232, 73
2026/07/28 18:57:56.766, 304.16, 100, 74232, 73
2026/07/28 18:57:57.803, 299.68, 100, 74232, 73
2026/07/28 18:57:58.844, 303.78, 100, 74232, 73
2026/07/28 18:57:59.882, 292.20, 100, 74232, 73
2026/07/28 18:58:00.920, 293.75, 100, 74232, 73
2026/07/28 18:58:01.962, 295.99, 100, 74232, 73
2026/07/28 18:58:03.000, 304.41, 100, 74232, 73
2026/07/28 18:58:04.038, 304.31, 100, 74232, 73
2026/07/28 18:58:05.077, 303.20, 100, 74232, 73
2026/07/28 18:58:06.114, 292.29, 100, 74232, 73
2026/07/28 18:58:07.153, 295.60, 100, 74232, 73
2026/07/28 18:58:08.193, 295.89, 100, 74232, 73
2026/07/28 18:58:09.231, 296.27, 100, 74232, 73
2026/07/28 18:58:10.269, 297.92, 100, 74232, 73
2026/07/28 18:58:11.307, 291.99, 100, 74232, 73
2026/07/28 18:58:12.346, 296.27, 100, 74232, 73
2026/07/28 18:58:13.389, 303.67, 100, 74232, 73
2026/07/28 18:58:14.427, 304.07, 100, 74232, 73
2026/07/28 18:58:15.464, 304.03, 100, 74232, 74
2026/07/28 18:58:16.502, 304.44, 100, 74232, 74
2026/07/28 18:58:17.540, 304.82, 100, 74232, 74
2026/07/28 18:58:18.578, 303.96, 100, 74232, 74
2026/07/28 18:58:19.614, 295.71, 100, 74232, 74
2026/07/28 18:58:20.651, 296.67, 100, 74232, 73
2026/07/28 18:58:21.688, 297.05, 100, 74232, 73
2026/07/28 18:58:22.727, 292.69, 100, 74232, 73
2026/07/28 18:58:23.765, 292.30, 100, 74232, 73
2026/07/28 18:58:24.804, 296.79, 100, 74232, 73
2026/07/28 18:58:25.841, 296.67, 100, 74232, 73
2026/07/28 18:58:26.879, 296.67, 100, 74232, 73
2026/07/28 18:58:27.916, 296.76, 100, 74232, 73
2026/07/28 18:58:28.953, 295.90, 100, 74232, 74
2026/07/28 18:58:29.991, 296.38, 100, 74232, 74
2026/07/28 18:58:31.029, 296.60, 100, 74232, 73
2026/07/28 18:58:32.068, 296.29, 100, 74232, 73
2026/07/28 18:58:33.107, 302.20, 100, 74232, 74
2026/07/28 18:58:34.145, 301.41, 100, 74232, 74
2026/07/28 18:58:35.185, 304.62, 100, 74232, 74
2026/07/28 18:58:36.222, 303.98, 100, 74232, 74
2026/07/28 18:58:37.259, 304.89, 100, 74232, 74
2026/07/28 18:58:38.296, 303.94, 100, 74232, 74
2026/07/28 18:58:39.333, 304.04, 100, 74232, 74
2026/07/28 18:58:40.370, 303.17, 100, 74232, 74
2026/07/28 18:58:41.409, 296.95, 100, 74232, 73
2026/07/28 18:58:42.449, 296.40, 100, 74232, 73
2026/07/28 18:58:43.487, 296.09, 100, 74232, 73
2026/07/28 18:58:44.525, 296.08, 100, 74232, 73
2026/07/28 18:58:45.564, 296.10, 100, 74232, 73
2026/07/28 18:58:46.602, 297.07, 100, 74232, 73
2026/07/28 18:58:47.640, 294.55, 100, 74232, 73
2026/07/28 18:58:48.679, 295.99, 100, 74232, 73
2026/07/28 18:58:49.717, 296.08, 100, 74232, 73
2026/07/28 18:58:50.755, 296.49, 100, 74232, 74
2026/07/28 18:58:51.793, 296.47, 100, 74232, 73
2026/07/28 18:58:52.830, 293.17, 100, 74232, 73
2026/07/28 18:58:53.869, 300.09, 100, 74232, 73
2026/07/28 18:58:54.907, 297.35, 100, 74232, 73
2026/07/28 18:58:55.949, 300.83, 100, 74232, 73
2026/07/28 18:58:56.988, 304.04, 100, 74232, 74
2026/07/28 18:58:58.026, 303.58, 100, 74232, 74
2026/07/28 18:58:59.067, 304.43, 100, 74232, 74
2026/07/28 18:59:00.104, 304.32, 100, 74232, 74
2026/07/28 18:59:01.140, 304.76, 100, 74232, 74
2026/07/28 18:59:02.180, 304.23, 100, 74232, 74
2026/07/28 18:59:03.217, 304.94, 100, 74232, 73
2026/07/28 18:59:04.256, 296.29, 100, 74232, 73
2026/07/28 18:59:05.295, 298.31, 100, 74232, 73
2026/07/28 18:59:06.331, 295.89, 100, 74232, 73
2026/07/28 18:59:07.369, 295.68, 100, 74232, 73
2026/07/28 18:59:08.407, 296.27, 100, 74232, 73
2026/07/28 18:59:09.444, 303.55, 100, 74232, 73
2026/07/28 18:59:10.482, 297.15, 100, 74232, 73
2026/07/28 18:59:11.519, 297.24, 100, 74232, 73
2026/07/28 18:59:12.556, 295.70, 100, 74232, 73
2026/07/28 18:59:13.593, 293.26, 100, 74232, 73
2026/07/28 18:59:14.632, 296.46, 100, 74232, 73
2026/07/28 18:59:15.670, 296.19, 100, 74232, 73
2026/07/28 18:59:16.708, 303.05, 100, 74232, 73
2026/07/28 18:59:17.745, 303.64, 100, 74232, 73
2026/07/28 18:59:18.782, 300.34, 100, 74232, 73
2026/07/28 18:59:19.822, 303.27, 100, 74232, 73
2026/07/28 18:59:20.861, 304.83, 100, 74232, 73
2026/07/28 18:59:21.901, 291.82, 100, 74232, 73
2026/07/28 18:59:22.939, 293.08, 100, 74232, 73
2026/07/28 18:59:23.985, 295.02, 100, 74232, 73
2026/07/28 18:59:25.023, 304.52, 100, 74232, 73
2026/07/28 18:59:26.060, 301.94, 100, 74232, 73
2026/07/28 18:59:27.099, 297.24, 100, 74232, 73
2026/07/28 18:59:28.136, 303.56, 100, 74232, 73
2026/07/28 18:59:29.174, 305.12, 100, 74232, 73
2026/07/28 18:59:30.212, 303.47, 100, 74232, 73
2026/07/28 18:59:31.249, 295.59, 100, 74232, 73
2026/07/28 18:59:32.287, 296.46, 100, 74232, 73
2026/07/28 18:59:33.325, 298.40, 100, 74232, 73
2026/07/28 18:59:34.366, 295.70, 100, 74232, 73
2026/07/28 18:59:35.403, 299.29, 100, 74232, 73
2026/07/28 18:59:36.440, 295.59, 100, 74232, 73
2026/07/28 18:59:37.479, 296.27, 100, 74232, 73
2026/07/28 18:59:38.516, 297.05, 100, 74232, 73
2026/07/28 18:59:39.554, 297.73, 100, 74232, 73
2026/07/28 18:59:40.591, 295.59, 100, 74232, 73
2026/07/28 18:59:41.629, 302.97, 100, 74232, 73
2026/07/28 18:59:42.665, 299.66, 100, 74232, 73
2026/07/28 18:59:43.705, 301.50, 100, 74232, 73
2026/07/28 18:59:44.743, 295.03, 100, 74232, 73
2026/07/28 18:59:45.780, 295.78, 100, 74232, 73
2026/07/28 18:59:46.817, 295.87, 100, 74232, 73
2026/07/28 18:59:47.855, 303.09, 100, 74232, 73
2026/07/28 18:59:48.892, 303.19, 100, 74232, 73
2026/07/28 18:59:49.928, 303.17, 100, 74232, 73
2026/07/28 18:59:50.966, 305.78, 100, 74232, 73
2026/07/28 18:59:52.003, 303.56, 100, 74232, 73
2026/07/28 18:59:53.041, 302.89, 100, 74232, 73
2026/07/28 18:59:54.077, 297.64, 100, 74232, 73
2026/07/28 18:59:55.115, 292.29, 100, 74232, 73
2026/07/28 18:59:56.152, 296.75, 100, 74232, 73
2026/07/28 18:59:57.190, 299.58, 100, 74232, 73
2026/07/28 18:59:58.227, 297.05, 100, 74232, 73
2026/07/28 18:59:59.266, 295.60, 100, 74232, 73
2026/07/28 19:00:00.304, 296.10, 100, 74232, 73
2026/07/28 19:00:01.341, 295.20, 100, 74232, 73
2026/07/28 19:00:02.379, 292.00, 100, 74232, 73
2026/07/28 19:00:03.418, 294.71, 100, 74232, 73
2026/07/28 19:00:04.457, 295.30, 100, 74232, 73
2026/07/28 19:00:05.494, 295.62, 100, 74232, 73
2026/07/28 19:00:06.535, 295.59, 100, 74232, 73
2026/07/28 19:00:07.575, 294.82, 100, 74232, 73
2026/07/28 19:00:08.612, 296.08, 100, 74232, 73
2026/07/28 19:00:09.652, 301.70, 100, 74232, 73
2026/07/28 19:00:10.690, 303.48, 100, 74232, 73
2026/07/28 19:00:11.727, 303.86, 100, 74232, 73
2026/07/28 19:00:12.763, 301.05, 100, 74232, 73
2026/07/28 19:00:13.801, 303.27, 100, 74232, 73
2026/07/28 19:00:14.838, 304.11, 100, 74232, 73
2026/07/28 19:00:15.875, 304.36, 100, 74232, 73
2026/07/28 19:00:16.912, 303.63, 100, 74232, 73
2026/07/28 19:00:17.948, 305.31, 100, 74232, 73
2026/07/28 19:00:18.986, 303.94, 100, 74232, 73
2026/07/28 19:00:20.025, 292.96, 100, 74232, 73
2026/07/28 19:00:21.062, 295.20, 100, 74232, 73
2026/07/28 19:00:22.099, 296.85, 100, 74232, 73
2026/07/28 19:00:23.136, 291.73, 100, 74232, 73
2026/07/28 19:00:24.176, 302.29, 100, 74232, 73
2026/07/28 19:00:25.213, 304.02, 100, 74232, 73
2026/07/28 19:00:26.254, 300.56, 100, 74232, 73
2026/07/28 19:00:27.292, 303.67, 100, 74232, 73
2026/07/28 19:00:28.328, 303.25, 100, 74232, 73
2026/07/28 19:00:29.365, 299.78, 100, 74232, 73
2026/07/28 19:00:30.402, 296.44, 100, 74232, 73
2026/07/28 19:00:31.439, 98.12, 0, 74232, 70
2026/07/28 19:00:32.471, 97.33, 0, 74232, 69
2026/07/28 19:00:33.503, 96.59, 0, 74232, 68
2026/07/28 19:00:34.534, 96.62, 0, 74232, 68
2026/07/28 19:00:35.568, 94.65, 0, 74232, 67
2026/07/28 19:00:36.599, 95.09, 0, 74232, 67
2026/07/28 19:00:37.630, 94.92, 0, 74232, 66
2026/07/28 19:00:38.662, 93.54, 0, 74232, 66
2026/07/28 19:00:39.692, 92.25, 0, 74232, 65
2026/07/28 19:00:40.724, 92.26, 0, 74232, 65
2026/07/28 19:00:41.755, 91.76, 0, 74232, 65
2026/07/28 19:00:42.787, 91.05, 0, 74232, 64
2026/07/28 19:00:43.818, 90.75, 0, 74232, 64
2026/07/28 19:00:44.849, 90.38, 0, 74232, 63
2026/07/28 19:00:45.883, 90.30, 0, 74232, 63
2026/07/28 19:00:46.916, 88.43, 0, 74232, 63
2026/07/28 19:00:47.949, 89.59, 0, 74232, 63
2026/07/28 19:00:48.981, 89.32, 0, 74232, 62
2026/07/28 19:00:50.012, 89.05, 0, 74232, 62
2026/07/28 19:00:51.044, 88.13, 0, 74232, 62
2026/07/28 19:00:52.097, 87.61, 0, 74232, 61
2026/07/28 19:00:53.128, 87.21, 0, 74232, 61
2026/07/28 19:00:54.160, 86.94, 0, 74232, 61
2026/07/28 19:00:55.192, 86.53, 0, 74232, 61
2026/07/28 19:00:56.223, 86.52, 0, 74232, 61
2026/07/28 19:00:57.256, 86.07, 0, 74232, 60
2026/07/28 19:00:58.288, 86.61, 0, 74232, 60
2026/07/28 19:00:59.320, 85.74, 0, 74232, 60
2026/07/28 19:01:00.353, 85.70, 0, 74232, 60
2026/07/28 19:01:01.384, 85.32, 0, 74232, 59
2026/07/28 19:01:02.415, 84.33, 0, 74232, 59
2026/07/28 19:01:03.450, 289.01, 100, 74232, 65
2026/07/28 19:01:04.484, 280.46, 100, 74232, 65
2026/07/28 19:01:05.519, 286.34, 100, 74232, 65
2026/07/28 19:01:06.556, 303.30, 100, 74232, 66
2026/07/28 19:01:07.590, 293.43, 100, 74232, 66
2026/07/28 19:01:08.625, 303.85, 100, 74232, 65
2026/07/28 19:01:09.664, 290.14, 100, 74232, 65
2026/07/28 19:01:10.702, 295.68, 100, 74232, 65
2026/07/28 19:01:11.742, 294.43, 100, 74232, 65
2026/07/28 19:01:12.780, 295.78, 100, 74232, 66
2026/07/28 19:01:13.818, 295.49, 100, 74232, 66
2026/07/28 19:01:14.856, 295.77, 100, 74232, 66
2026/07/28 19:01:15.893, 295.97, 100, 74232, 66
2026/07/28 19:01:16.932, 296.18, 100, 74232, 67
2026/07/28 19:01:17.970, 300.19, 100, 74232, 67
2026/07/28 19:01:19.007, 299.95, 100, 74232, 67
2026/07/28 19:01:20.045, 300.92, 100, 74232, 67
2026/07/28 19:01:21.082, 301.62, 100, 74232, 68
2026/07/28 19:01:22.119, 295.68, 100, 74232, 68
2026/07/28 19:01:23.156, 297.92, 100, 74232, 68
2026/07/28 19:01:24.197, 297.93, 100, 74232, 68
2026/07/28 19:01:25.235, 303.26, 100, 74232, 68
2026/07/28 19:01:26.272, 298.99, 100, 74232, 69
2026/07/28 19:01:27.311, 302.57, 100, 74232, 69
2026/07/28 19:01:28.347, 304.42, 100, 74232, 69
2026/07/28 19:01:29.386, 299.28, 100, 74232, 69
2026/07/28 19:01:30.427, 293.07, 100, 74232, 69
2026/07/28 19:01:31.466, 297.15, 100, 74232, 69
2026/07/28 19:01:32.504, 303.42, 100, 74232, 70
2026/07/28 19:01:33.545, 304.55, 100, 74232, 70
2026/07/28 19:01:34.583, 294.82, 100, 74232, 70
2026/07/28 19:01:35.621, 294.71, 100, 74232, 70
2026/07/28 19:01:36.659, 298.72, 100, 74232, 70
2026/07/28 19:01:37.698, 297.63, 100, 74232, 70
2026/07/28 19:01:38.735, 297.34, 100, 74232, 70
2026/07/28 19:01:39.776, 297.92, 100, 74232, 70
2026/07/28 19:01:40.814, 298.23, 100, 74232, 70
2026/07/28 19:01:41.853, 299.56, 100, 74232, 70
2026/07/28 19:01:42.891, 299.96, 100, 74232, 71
2026/07/28 19:01:43.929, 298.91, 100, 74232, 71
2026/07/28 19:01:44.970, 300.82, 100, 74232, 71
2026/07/28 19:01:46.008, 299.09, 100, 74232, 71
2026/07/28 19:01:47.046, 300.16, 100, 74232, 71
2026/07/28 19:01:48.084, 302.33, 100, 74232, 71
2026/07/28 19:01:49.125, 299.58, 100, 74232, 71
2026/07/28 19:01:50.164, 298.80, 100, 74232, 71
2026/07/28 19:01:51.203, 298.69, 100, 74232, 71
2026/07/28 19:01:52.242, 299.87, 100, 74232, 71
2026/07/28 19:01:53.280, 300.83, 100, 74232, 71
2026/07/28 19:01:54.318, 299.50, 100, 74232, 72
2026/07/28 19:01:55.355, 301.49, 100, 74232, 72
2026/07/28 19:01:56.392, 300.45, 100, 74232, 72
2026/07/28 19:01:57.430, 300.25, 100, 74232, 72
2026/07/28 19:01:58.467, 301.03, 100, 74232, 72
2026/07/28 19:01:59.505, 301.55, 100, 74232, 72
2026/07/28 19:02:00.543, 300.64, 100, 74232, 72
2026/07/28 19:02:01.588, 295.98, 100, 74232, 72
2026/07/28 19:02:02.626, 294.64, 100, 74232, 72
2026/07/28 19:02:03.664, 293.16, 100, 74232, 72
2026/07/28 19:02:04.701, 292.95, 100, 74232, 72
2026/07/28 19:02:05.739, 293.35, 100, 74232, 72
2026/07/28 19:02:06.777, 293.35, 100, 74232, 72
2026/07/28 19:02:07.816, 303.16, 100, 74232, 72
2026/07/28 19:02:08.854, 300.54, 100, 74232, 72
2026/07/28 19:02:09.894, 302.85, 100, 74232, 72
2026/07/28 19:02:10.932, 301.60, 100, 74232, 72
2026/07/28 19:02:11.969, 301.21, 100, 74232, 72
2026/07/28 19:02:13.007, 302.07, 100, 74232, 72
2026/07/28 19:02:14.044, 301.52, 100, 74232, 72
2026/07/28 19:02:15.083, 301.90, 100, 74232, 72
2026/07/28 19:02:16.121, 301.71, 100, 74232, 72
2026/07/28 19:02:17.158, 302.09, 100, 74232, 72
2026/07/28 19:02:18.196, 302.61, 100, 74232, 72
2026/07/28 19:02:19.233, 301.69, 100, 74232, 73
2026/07/28 19:02:20.272, 303.48, 100, 74232, 73
2026/07/28 19:02:21.310, 301.79, 100, 74232, 72
2026/07/28 19:02:22.347, 290.92, 100, 74232, 72
2026/07/28 19:02:23.385, 295.82, 100, 74232, 72
2026/07/28 19:02:24.423, 291.03, 100, 74232, 72
2026/07/28 19:02:25.462, 295.13, 100, 74232, 73
2026/07/28 19:02:26.501, 293.74, 100, 74232, 73
2026/07/28 19:02:27.539, 294.73, 100, 74232, 73
2026/07/28 19:02:28.578, 294.90, 100, 74232, 73
2026/07/28 19:02:29.617, 294.92, 100, 74232, 73
2026/07/28 19:02:30.654, 296.19, 100, 74232, 73
2026/07/28 19:02:31.692, 294.73, 100, 74232, 73
2026/07/28 19:02:32.729, 294.15, 100, 74232, 73
2026/07/28 19:02:33.767, 295.21, 100, 74232, 73
2026/07/28 19:02:34.805, 294.14, 100, 74232, 73
2026/07/28 19:02:35.842, 294.92, 100, 74232, 73
2026/07/28 19:02:36.880, 294.04, 100, 74232, 73
2026/07/28 19:02:37.919, 295.31, 100, 74232, 73
2026/07/28 19:02:38.958, 302.67, 100, 74232, 73
2026/07/28 19:02:39.996, 302.40, 100, 74232, 73
2026/07/28 19:02:41.037, 302.66, 100, 74232, 73
2026/07/28 19:02:42.074, 302.95, 100, 74232, 73
2026/07/28 19:02:43.112, 303.15, 100, 74232, 73
2026/07/28 19:02:44.151, 303.94, 100, 74232, 73
2026/07/28 19:02:45.188, 301.81, 100, 74232, 73
2026/07/28 19:02:46.226, 304.31, 100, 74232, 73
2026/07/28 19:02:47.263, 301.98, 100, 74232, 73
2026/07/28 19:02:48.311, 302.19, 100, 74232, 73
2026/07/28 19:02:49.349, 296.55, 100, 74232, 73
2026/07/28 19:02:50.388, 294.52, 100, 74232, 73
2026/07/28 19:02:51.426, 295.51, 100, 74232, 73
2026/07/28 19:02:52.467, 294.73, 100, 74232, 73
2026/07/28 19:02:53.505, 296.08, 100, 74232, 73
2026/07/28 19:02:54.543, 295.70, 100, 74232, 73
2026/07/28 19:02:55.582, 296.09, 100, 74232, 73
2026/07/28 19:02:56.619, 297.05, 100, 74232, 73
2026/07/28 19:02:57.657, 295.02, 100, 74232, 73
2026/07/28 19:02:58.695, 297.19, 100, 74232, 73
2026/07/28 19:02:59.733, 295.10, 100, 74232, 73
2026/07/28 19:03:00.772, 299.90, 100, 74232, 73
2026/07/28 19:03:01.810, 302.60, 100, 74232, 73
2026/07/28 19:03:02.848, 303.07, 100, 74232, 73
2026/07/28 19:03:03.885, 303.16, 100, 74232, 73
2026/07/28 19:03:04.923, 302.88, 100, 74232, 73
2026/07/28 19:03:05.961, 303.09, 100, 74232, 73
2026/07/28 19:03:06.998, 303.17, 100, 74232, 73
2026/07/28 19:03:08.036, 304.02, 100, 74232, 73
2026/07/28 19:03:09.073, 303.26, 100, 74232, 73
2026/07/28 19:03:10.112, 303.00, 100, 74232, 73
2026/07/28 19:03:11.150, 297.73, 100, 74232, 73
2026/07/28 19:03:12.188, 295.21, 100, 74232, 73
2026/07/28 19:03:13.226, 295.69, 100, 74232, 73
2026/07/28 19:03:14.264, 295.59, 100, 74232, 73
2026/07/28 19:03:15.303, 296.09, 100, 74232, 73
2026/07/28 19:03:16.341, 295.30, 100, 74232, 73
2026/07/28 19:03:17.378, 302.89, 100, 74232, 73
2026/07/28 19:03:18.416, 295.60, 100, 74232, 73
2026/07/28 19:03:19.453, 294.43, 100, 74232, 73
2026/07/28 19:03:20.493, 295.68, 100, 74232, 73
2026/07/28 19:03:21.531, 294.81, 100, 74232, 73
2026/07/28 19:03:22.568, 305.04, 100, 74232, 73
2026/07/28 19:03:23.606, 303.73, 100, 74232, 73
2026/07/28 19:03:24.645, 305.61, 100, 74232, 73
2026/07/28 19:03:25.684, 302.88, 100, 74232, 73
2026/07/28 19:03:26.723, 306.27, 100, 74232, 73
2026/07/28 19:03:27.761, 302.68, 100, 74232, 73
2026/07/28 19:03:28.802, 304.02, 100, 74232, 73
2026/07/28 19:03:29.840, 302.39, 100, 74232, 73
2026/07/28 19:03:30.878, 303.87, 100, 74232, 73
2026/07/28 19:03:31.918, 299.10, 100, 74232, 73
2026/07/28 19:03:32.956, 294.81, 100, 74232, 73
2026/07/28 19:03:33.993, 295.02, 100, 74232, 73
2026/07/28 19:03:35.031, 291.13, 100, 74232, 73
2026/07/28 19:03:36.070, 302.67, 100, 74232, 73
2026/07/28 19:03:37.107, 304.13, 100, 74232, 73
2026/07/28 19:03:38.145, 303.39, 100, 74232, 73
2026/07/28 19:03:39.186, 298.21, 100, 74232, 73
2026/07/28 19:03:40.224, 296.36, 100, 74232, 73
2026/07/28 19:03:41.261, 296.47, 100, 74232, 73
2026/07/28 19:03:42.299, 297.63, 100, 74232, 73
2026/07/28 19:03:43.336, 296.85, 100, 74232, 73
2026/07/28 19:03:44.374, 297.44, 100, 74232, 73
2026/07/28 19:03:45.411, 297.04, 100, 74232, 73
2026/07/28 19:03:46.449, 294.04, 100, 74232, 73
2026/07/28 19:03:47.488, 292.67, 100, 74232, 73
2026/07/28 19:03:48.525, 295.67, 100, 74232, 73
2026/07/28 19:03:49.566, 295.60, 100, 74232, 73
2026/07/28 19:03:50.604, 295.99, 100, 74232, 73
2026/07/28 19:03:51.642, 296.50, 100, 74232, 73
2026/07/28 19:03:52.681, 303.10, 100, 74232, 73
2026/07/28 19:03:53.718, 307.73, 100, 74232, 73
2026/07/28 19:03:54.757, 299.19, 100, 74232, 73
2026/07/28 19:03:55.795, 303.65, 100, 74232, 73
2026/07/28 19:03:56.831, 303.44, 100, 74232, 73
2026/07/28 19:03:57.869, 304.32, 100, 74232, 73
2026/07/28 19:03:58.907, 303.45, 100, 74232, 73
2026/07/28 19:03:59.951, 305.31, 100, 74232, 73
2026/07/28 19:04:00.989, 303.74, 100, 74232, 73
2026/07/28 19:04:02.026, 304.28, 100, 74232, 73
2026/07/28 19:04:03.066, 301.63, 100, 74232, 73
2026/07/28 19:04:04.106, 297.25, 100, 74232, 73
2026/07/28 19:04:05.144, 295.60, 100, 74232, 73
2026/07/28 19:04:06.182, 296.17, 100, 74232, 73
2026/07/28 19:04:07.220, 303.57, 100, 74232, 73
2026/07/28 19:04:08.257, 304.81, 100, 74232, 73
2026/07/28 19:04:09.294, 296.08, 100, 74232, 73
2026/07/28 19:04:10.332, 297.83, 100, 74232, 73
2026/07/28 19:04:11.372, 303.35, 100, 74232, 73
2026/07/28 19:04:12.409, 295.58, 100, 74232, 73
2026/07/28 19:04:13.448, 292.01, 100, 74232, 73
2026/07/28 19:04:14.489, 291.62, 100, 74232, 73
2026/07/28 19:04:15.527, 302.88, 100, 74232, 73
2026/07/28 19:04:16.565, 302.67, 100, 74232, 73
2026/07/28 19:04:17.604, 297.72, 100, 74232, 73
2026/07/28 19:04:18.643, 296.38, 100, 74232, 73
2026/07/28 19:04:19.680, 296.57, 100, 74232, 73
2026/07/28 19:04:20.718, 298.61, 100, 74232, 73
2026/07/28 19:04:21.756, 296.29, 100, 74232, 73
2026/07/28 19:04:22.793, 302.58, 100, 74232, 73
2026/07/28 19:04:23.832, 302.86, 100, 74232, 73
2026/07/28 19:04:24.869, 299.10, 100, 74232, 73
2026/07/28 19:04:25.908, 296.77, 100, 74232, 73
2026/07/28 19:04:26.946, 295.80, 100, 74232, 73
2026/07/28 19:04:27.985, 296.76, 100, 74232, 73
2026/07/28 19:04:29.024, 298.38, 100, 74232, 73
2026/07/28 19:04:30.061, 300.11, 100, 74232, 73
2026/07/28 19:04:31.099, 303.64, 100, 74232, 73
2026/07/28 19:04:32.137, 291.91, 100, 74232, 73
2026/07/28 19:04:33.175, 300.24, 100, 74232, 73
2026/07/28 19:04:34.216, 303.45, 100, 74232, 73
2026/07/28 19:04:35.253, 303.47, 100, 74232, 73
2026/07/28 19:04:36.297, 303.45, 100, 74232, 73
2026/07/28 19:04:37.335, 303.98, 100, 74232, 73
2026/07/28 19:04:38.373, 296.17, 100, 74232, 73
2026/07/28 19:04:39.414, 295.98, 100, 74232, 73
2026/07/28 19:04:40.454, 296.56, 100, 74232, 73
2026/07/28 19:04:41.492, 306.60, 100, 74232, 73
2026/07/28 19:04:42.531, 300.55, 100, 74232, 73
2026/07/28 19:04:43.569, 302.79, 100, 74232, 73
2026/07/28 19:04:44.607, 296.58, 100, 74232, 73
2026/07/28 19:04:45.646, 293.95, 100, 74232, 73
2026/07/28 19:04:46.684, 296.95, 100, 74232, 73
2026/07/28 19:04:47.727, 297.92, 100, 74232, 73
2026/07/28 19:04:48.763, 299.00, 100, 74232, 73
2026/07/28 19:04:49.806, 303.55, 100, 74232, 74
2026/07/28 19:04:50.847, 300.83, 100, 74232, 73
2026/07/28 19:04:51.884, 300.88, 100, 74232, 73
2026/07/28 19:04:52.932, 299.65, 100, 74232, 73
2026/07/28 19:04:53.970, 294.63, 100, 74232, 73
2026/07/28 19:04:55.008, 293.46, 100, 74232, 73
2026/07/28 19:04:56.046, 295.99, 100, 74232, 73
2026/07/28 19:04:57.084, 296.37, 100, 74232, 73
2026/07/28 19:04:58.122, 296.19, 100, 74232, 73
2026/07/28 19:04:59.161, 302.30, 100, 74232, 73
2026/07/28 19:05:00.199, 296.76, 100, 74232, 73
2026/07/28 19:05:01.241, 303.86, 100, 74232, 73
2026/07/28 19:05:02.279, 303.63, 100, 74232, 73
2026/07/28 19:05:03.317, 299.75, 100, 74232, 73
2026/07/28 19:05:04.355, 292.87, 100, 74232, 73
2026/07/28 19:05:05.392, 297.35, 100, 74232, 73
2026/07/28 19:05:06.434, 296.87, 100, 74232, 73
2026/07/28 19:05:07.473, 303.92, 100, 74232, 74
2026/07/28 19:05:08.511, 303.74, 100, 74232, 74
2026/07/28 19:05:09.549, 301.52, 100, 74232, 73
2026/07/28 19:05:10.587, 305.10, 100, 74232, 74
2026/07/28 19:05:11.624, 303.84, 100, 74232, 74
2026/07/28 19:05:12.662, 303.83, 100, 74232, 73
2026/07/28 19:05:13.699, 292.67, 100, 74232, 73
2026/07/28 19:05:14.737, 295.20, 100, 74232, 73
2026/07/28 19:05:15.775, 296.29, 100, 74232, 73
2026/07/28 19:05:16.813, 303.28, 100, 74232, 73
2026/07/28 19:05:17.850, 303.06, 100, 74232, 73
2026/07/28 19:05:18.889, 300.44, 100, 74232, 73
2026/07/28 19:05:19.927, 295.70, 100, 74232, 73
2026/07/28 19:05:20.965, 295.71, 100, 74232, 73
2026/07/28 19:05:22.003, 296.08, 100, 74232, 73
2026/07/28 19:05:23.041, 296.08, 100, 74232, 73
2026/07/28 19:05:24.082, 296.58, 100, 74232, 73
2026/07/28 19:05:25.120, 295.88, 100, 74232, 73
2026/07/28 19:05:26.157, 297.14, 100, 74232, 73
2026/07/28 19:05:27.195, 295.58, 100, 74232, 73
2026/07/28 19:05:28.232, 295.50, 100, 74232, 73
2026/07/28 19:05:29.270, 295.78, 100, 74232, 73
2026/07/28 19:05:30.308, 303.64, 100, 74232, 73
2026/07/28 19:05:31.346, 303.54, 100, 74232, 73
2026/07/28 19:05:32.384, 303.67, 100, 74232, 73
2026/07/28 19:05:33.422, 303.94, 100, 74232, 73
2026/07/28 19:05:34.459, 304.70, 100, 74232, 73
2026/07/28 19:05:35.497, 303.87, 100, 74232, 73
2026/07/28 19:05:36.534, 298.40, 100, 74232, 73
2026/07/28 19:05:37.572, 298.61, 100, 74232, 73
2026/07/28 19:05:38.610, 297.24, 100, 74232, 73
2026/07/28 19:05:39.648, 294.32, 100, 74232, 73
2026/07/28 19:05:40.685, 295.89, 100, 74232, 73
2026/07/28 19:05:41.723, 295.49, 100, 74232, 73
2026/07/28 19:05:42.760, 295.88, 100, 74232, 73
2026/07/28 19:05:43.799, 298.79, 100, 74232, 73
2026/07/28 19:05:44.836, 296.48, 100, 74232, 73
2026/07/28 19:05:45.874, 295.70, 100, 74232, 73
2026/07/28 19:05:46.911, 293.29, 100, 74232, 73
2026/07/28 19:05:47.952, 296.56, 100, 74232, 73
2026/07/28 19:05:48.990, 296.18, 100, 74232, 73
2026/07/28 19:05:50.028, 297.06, 100, 74232, 73
2026/07/28 19:05:51.065, 296.08, 100, 74232, 73
2026/07/28 19:05:52.103, 299.69, 100, 74232, 73
2026/07/28 19:05:53.141, 296.57, 100, 74232, 73
2026/07/28 19:05:54.185, 296.57, 100, 74232, 73
2026/07/28 19:05:55.227, 298.68, 100, 74232, 73
2026/07/28 19:05:56.266, 299.31, 100, 74232, 73
2026/07/28 19:05:57.305, 300.19, 100, 74232, 73
2026/07/28 19:05:58.345, 300.16, 100, 74232, 73
2026/07/28 19:05:59.383, 303.67, 100, 74232, 73
2026/07/28 19:06:00.422, 300.15, 100, 74232, 73
2026/07/28 19:06:01.460, 304.52, 100, 74232, 73
2026/07/28 19:06:02.497, 303.45, 100, 74232, 73
2026/07/28 19:06:03.535, 301.20, 93, 74232, 75
2026/07/28 19:06:04.570, 300.62, 100, 74232, 75
2026/07/28 19:06:05.606, 308.41, 100, 74232, 75
2026/07/28 19:06:06.643, 283.36, 100, 74232, 75
2026/07/28 19:06:07.688, 311.83, 100, 74232, 75
2026/07/28 19:06:08.724, 293.85, 100, 74232, 75
2026/07/28 19:06:09.761, 302.87, 100, 74232, 73
2026/07/28 19:06:10.799, 303.76, 100, 74232, 73
2026/07/28 19:06:11.837, 303.26, 100, 74232, 73
2026/07/28 19:06:12.875, 303.35, 100, 74232, 73
2026/07/28 19:06:13.911, 304.02, 100, 74232, 73
2026/07/28 19:06:14.949, 302.28, 100, 74232, 73
2026/07/28 19:06:15.988, 297.75, 100, 74232, 73
2026/07/28 19:06:17.028, 304.07, 100, 74232, 73
2026/07/28 19:06:18.065, 304.74, 100, 74232, 73
2026/07/28 19:06:19.103, 297.14, 100, 74232, 74
2026/07/28 19:06:20.141, 292.29, 100, 74232, 73
2026/07/28 19:06:21.178, 292.69, 100, 74232, 74
2026/07/28 19:06:22.219, 296.56, 100, 74232, 74
2026/07/28 19:06:23.257, 296.99, 100, 74232, 74
2026/07/28 19:06:24.294, 298.06, 100, 74232, 74
2026/07/28 19:06:25.332, 297.35, 100, 74232, 74
2026/07/28 19:06:26.368, 297.04, 100, 74232, 74
2026/07/28 19:06:27.407, 295.40, 100, 74232, 74
2026/07/28 19:06:28.444, 296.37, 100, 74232, 74
2026/07/28 19:06:29.482, 296.84, 100, 74232, 74
2026/07/28 19:06:30.523, 302.41, 100, 74232, 74
2026/07/28 19:06:31.560, 296.76, 100, 74232, 74
2026/07/28 19:06:32.600, 303.63, 100, 74232, 74
2026/07/28 19:06:33.638, 296.17, 100, 74232, 74
2026/07/28 19:06:34.677, 306.01, 100, 74232, 74
2026/07/28 19:06:35.716, 300.08, 100, 74232, 74
2026/07/28 19:06:36.756, 300.25, 100, 74232, 74
2026/07/28 19:06:37.792, 303.55, 100, 74232, 74
2026/07/28 19:06:38.830, 303.73, 100, 74232, 74
2026/07/28 19:06:39.868, 304.81, 100, 74232, 74
2026/07/28 19:06:40.908, 298.69, 100, 74232, 74
2026/07/28 19:06:41.947, 303.75, 100, 74232, 74
2026/07/28 19:06:42.988, 297.47, 100, 74232, 74
2026/07/28 19:06:44.026, 292.12, 100, 74232, 74
2026/07/28 19:06:45.065, 294.15, 100, 74232, 73
2026/07/28 19:06:46.105, 296.27, 100, 74232, 74
2026/07/28 19:06:47.145, 303.44, 100, 74232, 74
2026/07/28 19:06:48.183, 303.35, 100, 74232, 74
2026/07/28 19:06:49.225, 300.38, 100, 74232, 74
2026/07/28 19:06:50.262, 297.74, 100, 74232, 74
2026/07/28 19:06:51.299, 292.68, 100, 74232, 74
2026/07/28 19:06:52.338, 296.08, 100, 74232, 74
2026/07/28 19:06:53.376, 296.18, 100, 74232, 74
2026/07/28 19:06:54.414, 295.49, 100, 74232, 74
2026/07/28 19:06:55.452, 296.16, 100, 74232, 74
2026/07/28 19:06:56.490, 303.84, 100, 74232, 74
2026/07/28 19:06:57.527, 303.37, 100, 74232, 74
2026/07/28 19:06:58.565, 300.17, 100, 74232, 74
2026/07/28 19:06:59.603, 303.93, 100, 74232, 74
2026/07/28 19:07:00.641, 296.96, 100, 74232, 74
2026/07/28 19:07:01.678, 296.56, 100, 74232, 74
2026/07/28 19:07:02.716, 293.06, 100, 74232, 74
2026/07/28 19:07:03.755, 298.02, 100, 74232, 74
2026/07/28 19:07:04.800, 295.98, 100, 74232, 74
2026/07/28 19:07:05.838, 295.88, 100, 74232, 74
2026/07/28 19:07:06.878, 305.49, 100, 74232, 74
2026/07/28 19:07:07.916, 303.05, 100, 74232, 74
2026/07/28 19:07:08.956, 293.18, 100, 74232, 74
2026/07/28 19:07:09.994, 302.59, 100, 74232, 74
2026/07/28 19:07:11.031, 304.04, 100, 74232, 74
2026/07/28 19:07:12.072, 298.81, 100, 74232, 74
2026/07/28 19:07:13.110, 300.46, 100, 74232, 74
2026/07/28 19:07:14.152, 292.88, 100, 74232, 73
2026/07/28 19:07:15.191, 296.48, 100, 74232, 74
2026/07/28 19:07:16.230, 303.72, 100, 74232, 74
2026/07/28 19:07:17.268, 299.58, 100, 74232, 74
2026/07/28 19:07:18.305, 297.33, 100, 74232, 74
2026/07/28 19:07:19.343, 303.55, 100, 74232, 74
2026/07/28 19:07:20.379, 297.55, 100, 74232, 74
2026/07/28 19:07:21.416, 306.17, 100, 74232, 74
2026/07/28 19:07:22.454, 303.16, 100, 74232, 74
2026/07/28 19:07:23.491, 303.93, 100, 74232, 74
2026/07/28 19:07:24.530, 299.85, 100, 74232, 74
2026/07/28 19:07:25.568, 303.67, 100, 74232, 74
2026/07/28 19:07:26.606, 303.82, 100, 74232, 74
2026/07/28 19:07:27.643, 303.64, 100, 74232, 74
2026/07/28 19:07:28.681, 303.77, 100, 74232, 74
2026/07/28 19:07:29.719, 304.04, 100, 74232, 74
2026/07/28 19:07:30.757, 304.79, 100, 74232, 74
2026/07/28 19:07:31.795, 304.01, 100, 74232, 74
2026/07/28 19:07:32.833, 304.26, 100, 74232, 74
2026/07/28 19:07:33.871, 303.95, 100, 74232, 74
2026/07/28 19:07:34.911, 298.69, 100, 74232, 74
2026/07/28 19:07:35.949, 297.45, 100, 74232, 74
2026/07/28 19:07:36.990, 304.03, 100, 74232, 74
2026/07/28 19:07:38.027, 296.88, 100, 74232, 74
2026/07/28 19:07:39.064, 296.17, 100, 74232, 74
2026/07/28 19:07:40.102, 296.39, 100, 74232, 74
2026/07/28 19:07:41.139, 296.47, 100, 74232, 74
2026/07/28 19:07:42.177, 295.39, 100, 74232, 74
2026/07/28 19:07:43.215, 296.86, 100, 74232, 74
2026/07/28 19:07:44.252, 297.07, 100, 74232, 73
2026/07/28 19:07:45.290, 298.30, 100, 74232, 73
2026/07/28 19:07:46.328, 296.08, 100, 74232, 73
2026/07/28 19:07:47.366, 295.21, 100, 74232, 73
2026/07/28 19:07:48.404, 295.51, 100, 74232, 73
2026/07/28 19:07:49.442, 296.27, 100, 74232, 73
2026/07/28 19:07:50.481, 296.48, 100, 74232, 73
2026/07/28 19:07:51.519, 296.26, 100, 74232, 73
2026/07/28 19:07:52.557, 296.65, 100, 74232, 73
2026/07/28 19:07:53.595, 296.38, 100, 74232, 73
2026/07/28 19:07:54.632, 304.02, 100, 74232, 73
2026/07/28 19:07:55.670, 303.45, 100, 74232, 73
2026/07/28 19:07:56.708, 303.45, 100, 74232, 74
2026/07/28 19:07:57.746, 304.07, 100, 74232, 74
2026/07/28 19:07:58.784, 304.07, 100, 74232, 74
2026/07/28 19:07:59.821, 304.88, 100, 74232, 73
2026/07/28 19:08:00.859, 306.27, 100, 74232, 73
2026/07/28 19:08:01.897, 296.98, 100, 74232, 73
2026/07/28 19:08:02.936, 296.18, 100, 74232, 73
2026/07/28 19:08:03.973, 293.15, 100, 74232, 73
2026/07/28 19:08:05.014, 296.01, 100, 74232, 73
2026/07/28 19:08:06.053, 299.29, 100, 74232, 73
2026/07/28 19:08:07.091, 300.24, 100, 74232, 73
2026/07/28 19:08:08.131, 297.34, 100, 74232, 73
2026/07/28 19:08:09.169, 295.89, 100, 74232, 73
2026/07/28 19:08:10.208, 296.77, 100, 74232, 73
2026/07/28 19:08:11.246, 296.19, 100, 74232, 73
2026/07/28 19:08:12.285, 296.58, 100, 74232, 73
2026/07/28 19:08:13.323, 296.97, 100, 74232, 73
2026/07/28 19:08:14.360, 295.41, 100, 74232, 73
2026/07/28 19:08:15.398, 296.49, 100, 74232, 73
2026/07/28 19:08:16.435, 295.89, 100, 74232, 73
2026/07/28 19:08:17.472, 296.47, 100, 74232, 73
2026/07/28 19:08:18.508, 295.71, 100, 74232, 73
2026/07/28 19:08:19.546, 295.41, 100, 74232, 73
2026/07/28 19:08:20.588, 295.39, 100, 74232, 73
2026/07/28 19:08:21.626, 295.98, 100, 74232, 73
2026/07/28 19:08:22.664, 297.06, 100, 74232, 73
2026/07/28 19:08:23.702, 295.41, 100, 74232, 73
2026/07/28 19:08:24.741, 303.44, 100, 74232, 73
2026/07/28 19:08:25.779, 303.65, 100, 74232, 74
2026/07/28 19:08:26.817, 300.15, 100, 74232, 74
2026/07/28 19:08:27.854, 300.05, 100, 74232, 74
2026/07/28 19:08:28.895, 303.58, 100, 74232, 74
2026/07/28 19:08:29.933, 304.74, 100, 74232, 74
2026/07/28 19:08:30.971, 304.61, 100, 74232, 74
2026/07/28 19:08:32.011, 303.67, 100, 74232, 74
2026/07/28 19:08:33.049, 303.54, 100, 74232, 74
2026/07/28 19:08:34.087, 304.03, 100, 74232, 74
2026/07/28 19:08:35.127, 303.48, 100, 74232, 74
2026/07/28 19:08:36.166, 303.88, 100, 74232, 73
2026/07/28 19:08:37.203, 296.85, 100, 74232, 73
2026/07/28 19:08:38.242, 295.62, 100, 74232, 73
2026/07/28 19:08:39.280, 297.26, 100, 74232, 73
2026/07/28 19:08:40.319, 304.14, 100, 74232, 74
2026/07/28 19:08:41.356, 297.84, 100, 74232, 73
2026/07/28 19:08:42.393, 297.73, 100, 74232, 73
2026/07/28 19:08:43.432, 295.90, 100, 74232, 73
2026/07/28 19:08:44.469, 295.09, 100, 74232, 73
2026/07/28 19:08:45.510, 292.78, 100, 74232, 73
2026/07/28 19:08:46.547, 296.26, 100, 74232, 73
2026/07/28 19:08:47.584, 296.69, 100, 74232, 73
2026/07/28 19:08:48.622, 296.21, 100, 74232, 73
2026/07/28 19:08:49.660, 296.20, 100, 74232, 73
2026/07/28 19:08:50.700, 298.48, 100, 74232, 73
2026/07/28 19:08:51.738, 295.59, 100, 74232, 73
2026/07/28 19:08:52.774, 295.98, 100, 74232, 73
2026/07/28 19:08:53.811, 296.00, 100, 74232, 73
2026/07/28 19:08:54.849, 296.48, 100, 74232, 73
2026/07/28 19:08:55.890, 295.99, 100, 74232, 73
2026/07/28 19:08:56.928, 305.38, 100, 74232, 73
2026/07/28 19:08:57.965, 303.26, 100, 74232, 73
2026/07/28 19:08:59.003, 304.05, 100, 74232, 73
2026/07/28 19:09:00.041, 295.97, 100, 74232, 73
2026/07/28 19:09:01.081, 297.23, 100, 74232, 73
2026/07/28 19:09:02.118, 295.81, 100, 74232, 73
2026/07/28 19:09:03.156, 295.62, 100, 74232, 73
2026/07/28 19:09:04.194, 295.30, 100, 74232, 73
2026/07/28 19:09:05.233, 295.88, 100, 74232, 73
2026/07/28 19:09:06.275, 300.08, 100, 74232, 73
2026/07/28 19:09:07.314, 301.43, 100, 74232, 73
2026/07/28 19:09:08.352, 295.23, 100, 74232, 73
2026/07/28 19:09:09.394, 296.48, 100, 74232, 73
2026/07/28 19:09:10.432, 296.19, 100, 74232, 73
2026/07/28 19:09:11.468, 301.41, 100, 74232, 73
2026/07/28 19:09:12.507, 296.27, 100, 74232, 73
2026/07/28 19:09:13.545, 296.28, 100, 74232, 73
2026/07/28 19:09:14.585, 295.31, 100, 74232, 73
2026/07/28 19:09:15.622, 296.28, 100, 74232, 73
2026/07/28 19:09:16.663, 298.71, 100, 74232, 73
2026/07/28 19:09:17.701, 298.52, 100, 74232, 73
2026/07/28 19:09:18.739, 300.15, 100, 74232, 73
2026/07/28 19:09:19.777, 303.35, 100, 74232, 73
2026/07/28 19:09:20.815, 301.83, 100, 74232, 73
2026/07/28 19:09:21.853, 303.25, 100, 74232, 73
2026/07/28 19:09:22.890, 304.44, 100, 74232, 73
2026/07/28 19:09:23.929, 302.78, 100, 74232, 73
2026/07/28 19:09:24.966, 304.26, 100, 74232, 73
2026/07/28 19:09:26.004, 292.48, 100, 74232, 73
2026/07/28 19:09:27.041, 295.49, 100, 74232, 73
2026/07/28 19:09:28.081, 295.22, 100, 74232, 73
2026/07/28 19:09:29.119, 297.81, 100, 74232, 73
2026/07/28 19:09:30.155, 295.80, 100, 74232, 73
2026/07/28 19:09:31.193, 295.69, 100, 74232, 73
2026/07/28 19:09:32.232, 295.51, 100, 74232, 73
2026/07/28 19:09:33.271, 296.49, 100, 74232, 73
2026/07/28 19:09:34.309, 295.97, 100, 74232, 73
2026/07/28 19:09:35.346, 299.79, 100, 74232, 73
2026/07/28 19:09:36.384, 295.80, 100, 74232, 73
2026/07/28 19:09:37.423, 304.47, 100, 74232, 73
2026/07/28 19:09:38.461, 302.87, 100, 74232, 73
2026/07/28 19:09:39.498, 305.21, 100, 74232, 73
2026/07/28 19:09:40.535, 293.85, 100, 74232, 73
2026/07/28 19:09:41.572, 292.97, 100, 74232, 73
2026/07/28 19:09:42.609, 303.84, 100, 74232, 73
2026/07/28 19:09:43.647, 299.67, 100, 74232, 73
2026/07/28 19:09:44.686, 296.59, 100, 74232, 73
2026/07/28 19:09:45.724, 305.41, 100, 74232, 74
2026/07/28 19:09:46.762, 296.66, 100, 74232, 73
2026/07/28 19:09:47.800, 295.48, 100, 74232, 74
2026/07/28 19:09:48.837, 300.92, 100, 74232, 74
2026/07/28 19:09:49.877, 303.57, 100, 74232, 74
2026/07/28 19:09:50.916, 304.33, 100, 74232, 74
2026/07/28 19:09:51.955, 304.17, 100, 74232, 74
2026/07/28 19:09:52.992, 304.32, 100, 74232, 74
2026/07/28 19:09:54.030, 298.79, 100, 74232, 73
2026/07/28 19:09:55.067, 296.58, 100, 74232, 73
2026/07/28 19:09:56.104, 292.42, 100, 74232, 73
2026/07/28 19:09:57.142, 293.09, 100, 74232, 73
2026/07/28 19:09:58.179, 296.67, 100, 74232, 73
2026/07/28 19:09:59.218, 296.10, 100, 74232, 73
2026/07/28 19:10:00.254, 296.77, 100, 74232, 73
2026/07/28 19:10:01.293, 295.50, 100, 74232, 73
2026/07/28 19:10:02.331, 303.63, 100, 74232, 73
2026/07/28 19:10:03.369, 300.63, 100, 74232, 73
2026/07/28 19:10:04.406, 297.36, 100, 74232, 73
2026/07/28 19:10:05.444, 296.27, 100, 74232, 73
2026/07/28 19:10:06.484, 299.89, 100, 74232, 73
2026/07/28 19:10:07.521, 299.75, 100, 74232, 73
2026/07/28 19:10:08.558, 298.80, 100, 74232, 73
2026/07/28 19:10:09.595, 299.48, 100, 74232, 73
2026/07/28 19:10:10.634, 298.53, 100, 74232, 73
2026/07/28 19:10:11.672, 297.55, 100, 74232, 73
2026/07/28 19:10:12.709, 295.88, 100, 74232, 73
2026/07/28 19:10:13.751, 302.79, 100, 74232, 73
2026/07/28 19:10:14.789, 295.80, 100, 74232, 73
2026/07/28 19:10:15.826, 298.13, 100, 74232, 73
2026/07/28 19:10:16.864, 295.21, 100, 74232, 73
2026/07/28 19:10:17.902, 295.21, 100, 74232, 73
2026/07/28 19:10:18.941, 295.02, 100, 74232, 73
2026/07/28 19:10:19.979, 297.63, 100, 74232, 73
2026/07/28 19:10:21.016, 302.50, 100, 74232, 73
2026/07/28 19:10:22.053, 302.68, 100, 74232, 73
2026/07/28 19:10:23.090, 302.49, 100, 74232, 73
2026/07/28 19:10:24.128, 300.25, 100, 74232, 72
2026/07/28 19:10:25.165, 303.92, 100, 74232, 72
2026/07/28 19:10:26.204, 301.71, 100, 74232, 72
2026/07/28 19:10:27.243, 302.39, 100, 74232, 72
2026/07/28 19:10:28.282, 301.71, 100, 74232, 72
2026/07/28 19:10:29.320, 302.88, 100, 74232, 72
2026/07/28 19:10:30.367, 301.94, 100, 74232, 72
2026/07/28 19:10:31.405, 295.79, 100, 74232, 72
2026/07/28 19:10:32.443, 294.33, 100, 74232, 72
2026/07/28 19:10:33.480, 293.56, 100, 74232, 72
2026/07/28 19:10:34.517, 295.89, 100, 74232, 72
2026/07/28 19:10:35.555, 302.58, 100, 74232, 72
2026/07/28 19:10:36.592, 296.26, 100, 74232, 72
2026/07/28 19:10:37.629, 301.60, 100, 74232, 72
2026/07/28 19:10:38.667, 302.31, 100, 74232, 72
2026/07/28 19:10:39.704, 301.34, 100, 74232, 72
2026/07/28 19:10:40.741, 301.60, 100, 74232, 72
2026/07/28 19:10:41.779, 301.63, 100, 74232, 72
2026/07/28 19:10:42.818, 302.10, 100, 74232, 72
2026/07/28 19:10:43.856, 301.89, 100, 74232, 72
2026/07/28 19:10:44.894, 301.94, 100, 74232, 72
2026/07/28 19:10:45.932, 302.21, 100, 74232, 72
2026/07/28 19:10:46.969, 304.99, 100, 74232, 72
2026/07/28 19:10:48.007, 296.26, 100, 74232, 72
2026/07/28 19:10:49.044, 294.34, 100, 74232, 72
2026/07/28 19:10:50.082, 302.99, 100, 74232, 72
2026/07/28 19:10:51.119, 291.21, 100, 74232, 72
2026/07/28 19:10:52.161, 296.95, 100, 74232, 72
2026/07/28 19:10:53.198, 294.43, 100, 74232, 72
2026/07/28 19:10:54.235, 301.70, 100, 74232, 72
2026/07/28 19:10:55.273, 298.22, 100, 74232, 73
2026/07/28 19:10:56.310, 303.67, 100, 74232, 73
2026/07/28 19:10:57.348, 302.52, 100, 74232, 73
2026/07/28 19:10:58.388, 302.48, 100, 74232, 73
2026/07/28 19:10:59.427, 302.60, 100, 74232, 73
2026/07/28 19:11:00.465, 302.09, 100, 74232, 73
2026/07/28 19:11:01.507, 296.66, 100, 74232, 73
2026/07/28 19:11:02.545, 302.71, 100, 74232, 73
2026/07/28 19:11:03.582, 101.42, 70, 74232, 70
2026/07/28 19:11:04.618, 297.85, 100, 74232, 74
2026/07/28 19:11:05.652, 302.29, 100, 74232, 74
2026/07/28 19:11:06.687, 290.77, 100, 74232, 74
2026/07/28 19:11:07.722, 278.05, 100, 74232, 74
2026/07/28 19:11:08.757, 272.45, 100, 74232, 74
2026/07/28 19:11:09.794, 307.04, 100, 74232, 74
2026/07/28 19:11:10.834, 304.37, 100, 74232, 72
2026/07/28 19:11:11.872, 302.29, 100, 74232, 72
2026/07/28 19:11:12.909, 301.92, 100, 74232, 72
2026/07/28 19:11:13.946, 304.36, 100, 74232, 73
2026/07/28 19:11:14.984, 301.83, 100, 74232, 73
2026/07/28 19:11:16.023, 303.87, 100, 74232, 73
2026/07/28 19:11:17.062, 301.91, 100, 74232, 73
2026/07/28 19:11:18.100, 295.59, 100, 74232, 73
2026/07/28 19:11:19.138, 293.55, 100, 74232, 73
2026/07/28 19:11:20.176, 295.68, 100, 74232, 73
2026/07/28 19:11:21.213, 296.36, 100, 74232, 73
2026/07/28 19:11:22.253, 295.98, 100, 74232, 73
2026/07/28 19:11:23.290, 294.82, 100, 74232, 73
2026/07/28 19:11:24.328, 296.75, 100, 74232, 73
2026/07/28 19:11:25.365, 297.33, 100, 74232, 73
2026/07/28 19:11:26.403, 294.81, 100, 74232, 73
2026/07/28 19:11:27.441, 296.56, 100, 74232, 73
2026/07/28 19:11:28.479, 295.11, 100, 74232, 73
2026/07/28 19:11:29.516, 295.29, 100, 74232, 73
2026/07/28 19:11:30.553, 294.92, 100, 74232, 73
2026/07/28 19:11:31.591, 295.21, 100, 74232, 73
2026/07/28 19:11:32.632, 295.99, 100, 74232, 73
2026/07/28 19:11:33.670, 295.50, 100, 74232, 73
2026/07/28 19:11:34.708, 295.12, 100, 74232, 73
2026/07/28 19:11:35.746, 296.95, 100, 74232, 73
2026/07/28 19:11:36.782, 295.79, 100, 74232, 73
2026/07/28 19:11:37.821, 303.00, 100, 74232, 73
2026/07/28 19:11:38.858, 301.44, 100, 74232, 73
2026/07/28 19:11:39.896, 300.66, 100, 74232, 73
2026/07/28 19:11:40.934, 299.50, 100, 74232, 73
2026/07/28 19:11:41.971, 303.26, 100, 74232, 73
2026/07/28 19:11:43.009, 300.94, 100, 74232, 73
2026/07/28 19:11:44.046, 303.15, 100, 74232, 73
2026/07/28 19:11:45.085, 304.33, 100, 74232, 73
2026/07/28 19:11:46.124, 303.67, 100, 74232, 73
2026/07/28 19:11:47.162, 302.86, 100, 74232, 73
2026/07/28 19:11:48.199, 305.77, 100, 74232, 73
2026/07/28 19:11:49.236, 302.68, 100, 74232, 73
2026/07/28 19:11:50.275, 304.36, 100, 74232, 73
2026/07/28 19:11:51.313, 303.64, 100, 74232, 73
2026/07/28 19:11:52.350, 303.72, 100, 74232, 73
2026/07/28 19:11:53.389, 298.03, 100, 74232, 73
2026/07/28 19:11:54.426, 303.97, 100, 74232, 73
2026/07/28 19:11:55.464, 299.48, 100, 74232, 73
2026/07/28 19:11:56.500, 303.09, 100, 74232, 73
2026/07/28 19:11:57.541, 303.08, 100, 74232, 73
2026/07/28 19:11:58.579, 303.74, 100, 74232, 73
2026/07/28 19:11:59.618, 304.15, 100, 74232, 73
2026/07/28 19:12:00.656, 298.12, 100, 74232, 73
2026/07/28 19:12:01.693, 293.09, 100, 74232, 73
2026/07/28 19:12:02.732, 296.29, 100, 74232, 73
2026/07/28 19:12:03.769, 301.89, 100, 74232, 73
2026/07/28 19:12:04.806, 296.69, 100, 74232, 73
2026/07/28 19:12:05.843, 296.36, 100, 74232, 73
2026/07/28 19:12:06.881, 303.74, 100, 74232, 73
2026/07/28 19:12:07.918, 306.06, 100, 74232, 73
2026/07/28 19:12:08.958, 303.38, 100, 74232, 73
2026/07/28 19:12:09.996, 305.33, 100, 74232, 73
2026/07/28 19:12:11.034, 298.04, 100, 74232, 73
2026/07/28 19:12:12.071, 295.98, 100, 74232, 73
2026/07/28 19:12:13.108, 295.10, 100, 74232, 73
2026/07/28 19:12:14.146, 301.31, 100, 74232, 73
2026/07/28 19:12:15.183, 302.02, 100, 74232, 73
2026/07/28 19:12:16.226, 305.94, 100, 74232, 73
2026/07/28 19:12:17.264, 296.85, 100, 74232, 73
2026/07/28 19:12:18.302, 297.28, 100, 74232, 73
2026/07/28 19:12:19.339, 292.58, 100, 74232, 73
2026/07/28 19:12:20.375, 296.46, 100, 74232, 73
2026/07/28 19:12:21.414, 295.51, 100, 74232, 73
2026/07/28 19:12:22.451, 299.57, 100, 74232, 73
2026/07/28 19:12:23.489, 295.98, 100, 74232, 73
2026/07/28 19:12:24.527, 295.60, 100, 74232, 73
2026/07/28 19:12:25.564, 295.58, 100, 74232, 73
2026/07/28 19:12:26.604, 302.98, 100, 74232, 73
2026/07/28 19:12:27.642, 300.44, 100, 74232, 73
2026/07/28 19:12:28.681, 295.20, 100, 74232, 73
2026/07/28 19:12:29.721, 303.75, 100, 74232, 74
2026/07/28 19:12:30.757, 305.75, 100, 74232, 74
2026/07/28 19:12:31.794, 300.14, 100, 74232, 73
2026/07/28 19:12:32.832, 305.12, 100, 74232, 73
2026/07/28 19:12:33.869, 303.96, 100, 74232, 73
2026/07/28 19:12:34.906, 303.82, 100, 74232, 73
2026/07/28 19:12:35.944, 295.50, 100, 74232, 73
2026/07/28 19:12:36.982, 296.29, 100, 74232, 73
2026/07/28 19:12:38.019, 295.41, 100, 74232, 73
2026/07/28 19:12:39.057, 295.40, 100, 74232, 73
2026/07/28 19:12:40.094, 295.90, 100, 74232, 73
2026/07/28 19:12:41.131, 297.92, 100, 74232, 73
2026/07/28 19:12:42.170, 296.09, 100, 74232, 73
2026/07/28 19:12:43.208, 297.63, 100, 74232, 73
2026/07/28 19:12:44.247, 296.09, 100, 74232, 73
2026/07/28 19:12:45.284, 295.98, 100, 74232, 73
2026/07/28 19:12:46.322, 295.58, 100, 74232, 73
2026/07/28 19:12:47.359, 295.79, 100, 74232, 73
2026/07/28 19:12:48.402, 296.58, 100, 74232, 73
2026/07/28 19:12:49.440, 302.85, 100, 74232, 73
2026/07/28 19:12:50.477, 303.84, 100, 74232, 73
2026/07/28 19:12:51.516, 303.98, 100, 74232, 73
2026/07/28 19:12:52.553, 303.54, 100, 74232, 73
2026/07/28 19:12:53.589, 303.95, 100, 74232, 73
2026/07/28 19:12:54.627, 304.04, 100, 74232, 73
2026/07/28 19:12:55.665, 296.27, 100, 74232, 73
2026/07/28 19:12:56.704, 297.14, 100, 74232, 73
2026/07/28 19:12:57.742, 297.62, 100, 74232, 73
2026/07/28 19:12:58.778, 295.99, 100, 74232, 73
2026/07/28 19:12:59.816, 292.00, 100, 74232, 73
2026/07/28 19:13:00.855, 297.42, 100, 74232, 73
2026/07/28 19:13:01.894, 296.27, 100, 74232, 73
2026/07/28 19:13:02.931, 296.69, 100, 74232, 73
2026/07/28 19:13:03.970, 295.30, 100, 74232, 73
2026/07/28 19:13:05.007, 295.80, 100, 74232, 73
2026/07/28 19:13:06.046, 292.98, 100, 74232, 73
2026/07/28 19:13:07.084, 295.42, 100, 74232, 73
2026/07/28 19:13:08.121, 296.21, 100, 74232, 73
2026/07/28 19:13:09.162, 296.17, 100, 74232, 73
2026/07/28 19:13:10.200, 296.09, 100, 74232, 73
2026/07/28 19:13:11.238, 294.91, 100, 74232, 73
2026/07/28 19:13:12.276, 297.07, 100, 74232, 73
2026/07/28 19:13:13.314, 299.41, 100, 74232, 73
2026/07/28 19:13:14.354, 303.64, 100, 74232, 73
2026/07/28 19:13:15.391, 302.67, 100, 74232, 73
2026/07/28 19:13:16.429, 304.05, 100, 74232, 73
2026/07/28 19:13:17.467, 304.42, 100, 74232, 73
2026/07/28 19:13:18.503, 303.45, 100, 74232, 73
2026/07/28 19:13:19.541, 303.17, 100, 74232, 73
2026/07/28 19:13:20.578, 303.17, 100, 74232, 73
2026/07/28 19:13:21.618, 304.90, 100, 74232, 73
2026/07/28 19:13:22.657, 303.93, 100, 74232, 73
2026/07/28 19:13:23.697, 303.38, 100, 74232, 73
2026/07/28 19:13:24.734, 295.58, 100, 74232, 73
2026/07/28 19:13:25.772, 295.70, 100, 74232, 73
2026/07/28 19:13:26.810, 297.45, 100, 74232, 73
2026/07/28 19:13:27.848, 297.05, 100, 74232, 73
2026/07/28 19:13:28.884, 296.19, 100, 74232, 73
2026/07/28 19:13:29.922, 296.28, 100, 74232, 73
2026/07/28 19:13:30.958, 303.06, 100, 74232, 73
2026/07/28 19:13:32.000, 298.91, 100, 74232, 73
2026/07/28 19:13:33.037, 99.35, 0, 74232, 70
2026/07/28 19:13:34.069, 97.05, 0, 74232, 69
2026/07/28 19:13:35.102, 96.88, 0, 74232, 68
2026/07/28 19:13:36.135, 95.79, 0, 74232, 68
2026/07/28 19:13:37.167, 95.84, 0, 74232, 67
2026/07/28 19:13:38.199, 95.37, 0, 74232, 67
2026/07/28 19:13:39.230, 93.67, 0, 74232, 66
2026/07/28 19:13:40.261, 94.00, 0, 74232, 66
2026/07/28 19:13:41.292, 92.70, 0, 74232, 65
2026/07/28 19:13:42.323, 93.04, 0, 74232, 65
2026/07/28 19:13:43.354, 91.29, 0, 74232, 65
2026/07/28 19:13:44.385, 91.31, 0, 74232, 64
2026/07/28 19:13:45.417, 90.97, 0, 74232, 64
2026/07/28 19:13:46.448, 90.10, 0, 74232, 64
2026/07/28 19:13:47.479, 90.05, 0, 74232, 63
2026/07/28 19:13:48.513, 89.78, 0, 74232, 63
2026/07/28 19:13:49.544, 89.88, 0, 74232, 63
2026/07/28 19:13:51.086, 89.01, 0, 74232, 62
2026/07/28 19:13:52.116, 88.64, 0, 74232, 62
2026/07/28 19:13:53.147, 88.57, 0, 74232, 62
2026/07/28 19:13:54.179, 87.64, 0, 74232, 62
2026/07/28 19:13:55.211, 87.23, 0, 74232, 61
2026/07/28 19:13:56.241, 87.42, 0, 74232, 61
2026/07/28 19:13:57.271, 86.75, 0, 74232, 61
2026/07/28 19:13:58.301, 86.35, 0, 74232, 61
2026/07/28 19:13:59.333, 86.34, 0, 74232, 60
2026/07/28 19:14:00.363, 85.83, 0, 74232, 60
2026/07/28 19:14:01.394, 85.49, 0, 74232, 60
2026/07/28 19:14:02.427, 85.29, 0, 74232, 60
2026/07/28 19:14:03.458, 85.77, 0, 74232, 60
2026/07/28 19:14:04.489, 84.89, 0, 74232, 59
2026/07/28 19:14:05.521, 85.18, 0, 74232, 59
2026/07/28 19:14:06.551, 84.55, 0, 74232, 59
2026/07/28 19:14:07.581, 84.35, 0, 74232, 59
2026/07/28 19:14:08.613, 84.01, 0, 74232, 58
2026/07/28 19:14:09.643, 84.10, 0, 74232, 58
2026/07/28 19:14:10.673, 83.50, 0, 74232, 58
2026/07/28 19:14:11.703, 83.48, 0, 74232, 58
2026/07/28 19:14:12.734, 83.14, 0, 74232, 58
2026/07/28 19:14:13.765, 83.16, 0, 74232, 57
2026/07/28 19:14:15.065, 82.79, 0, 74232, 57
2026/07/28 19:14:16.095, 82.59, 0, 74232, 57
2026/07/28 19:14:17.126, 82.49, 0, 74232, 57
2026/07/28 19:14:18.157, 82.20, 0, 74232, 57
2026/07/28 19:14:19.189, 82.29, 0, 74232, 56
2026/07/28 19:14:20.219, 81.71, 0, 74232, 56
2026/07/28 19:14:21.250, 81.91, 0, 74232, 56
2026/07/28 19:14:22.282, 81.34, 0, 74232, 56
2026/07/28 19:14:23.313, 80.47, 0, 74232, 56
2026/07/28 19:14:24.343, 80.98, 0, 74232, 55
2026/07/28 19:14:25.373, 80.96, 0, 74232, 55
2026/07/28 19:14:26.404, 80.94, 0, 74232, 55
2026/07/28 19:14:27.433, 80.01, 0, 74232, 55
2026/07/28 19:14:28.463, 80.02, 0, 74232, 55
2026/07/28 19:14:29.493, 79.63, 0, 74232, 54
2026/07/28 19:14:30.524, 79.52, 0, 74232, 54
2026/07/28 19:14:31.554, 79.10, 0, 74232, 54
2026/07/28 19:14:32.584, 79.29, 0, 74232, 54
2026/07/28 19:14:33.614, 79.22, 0, 74232, 54
2026/07/28 19:14:34.646, 78.80, 0, 74232, 54
2026/07/28 19:14:35.678, 78.91, 0, 74232, 53
2026/07/28 19:14:36.712, 299.58, 100, 74232, 59
2026/07/28 19:14:37.748, 299.46, 100, 74232, 59
2026/07/28 19:14:38.782, 279.10, 100, 74232, 60
2026/07/28 19:14:39.815, 290.61, 100, 74232, 60
2026/07/28 19:14:40.850, 299.38, 100, 74232, 59
2026/07/28 19:14:41.885, 301.04, 100, 74232, 59
2026/07/28 19:14:42.921, 301.43, 100, 74232, 60
2026/07/28 19:14:43.958, 299.39, 100, 74232, 60
2026/07/28 19:14:44.996, 296.55, 100, 74232, 60
2026/07/28 19:14:46.034, 302.11, 100, 74232, 61
2026/07/28 19:14:47.071, 369.62, 100, 74232, 63
2026/07/28 19:14:48.108, 312.13, 100, 74232, 63
2026/07/28 19:14:49.144, 306.83, 100, 74232, 63
2026/07/28 19:14:50.179, 299.26, 100, 74232, 63
2026/07/28 19:14:51.214, 303.18, 100, 74232, 64
2026/07/28 19:14:52.253, 302.18, 100, 74232, 62
2026/07/28 19:14:53.290, 294.92, 100, 74232, 63
2026/07/28 19:14:54.329, 294.33, 100, 74232, 63
2026/07/28 19:14:55.366, 295.37, 100, 74232, 63
2026/07/28 19:14:56.402, 296.45, 100, 74232, 63
2026/07/28 19:14:57.439, 293.16, 100, 74232, 64
2026/07/28 19:14:58.476, 288.19, 100, 74232, 66
2026/07/28 19:14:59.511, 317.36, 100, 74232, 66
2026/07/28 19:15:00.545, 305.32, 100, 74232, 66
2026/07/28 19:15:01.579, 276.93, 100, 74232, 67
2026/07/28 19:15:02.614, 255.19, 100, 74232, 65
2026/07/28 19:15:03.653, 280.00, 100, 74232, 65
2026/07/28 19:15:04.690, 291.88, 100, 74232, 65
2026/07/28 19:15:05.729, 285.97, 100, 74232, 66
2026/07/28 19:15:06.764, 299.24, 100, 74232, 68
2026/07/28 19:15:07.799, 302.04, 100, 74232, 68
2026/07/28 19:15:08.838, 274.18, 100, 74232, 68
2026/07/28 19:15:09.872, 322.61, 100, 74232, 68
2026/07/28 19:15:10.914, 300.82, 100, 74232, 67
2026/07/28 19:15:11.951, 300.35, 100, 74232, 67
2026/07/28 19:15:12.988, 299.56, 100, 74232, 67
2026/07/28 19:15:14.026, 302.80, 100, 74232, 67
2026/07/28 19:15:15.062, 301.03, 100, 74232, 68
2026/07/28 19:15:16.098, 303.19, 100, 74232, 68
2026/07/28 19:15:17.134, 302.03, 100, 74232, 68
2026/07/28 19:15:18.172, 301.52, 100, 74232, 68
2026/07/28 19:15:19.210, 300.06, 43, 74232, 70
2026/07/28 19:15:20.247, 287.63, 100, 74232, 70
2026/07/28 19:15:21.280, 292.01, 100, 74232, 70
2026/07/28 19:15:22.314, 293.27, 100, 74232, 70
2026/07/28 19:15:23.348, 283.14, 100, 74232, 70
2026/07/28 19:15:24.386, 304.72, 100, 74232, 69
2026/07/28 19:15:25.424, 303.85, 100, 74232, 69
2026/07/28 19:15:26.461, 302.99, 100, 74232, 69
2026/07/28 19:15:27.498, 95.94, 82, 74232, 67
2026/07/28 19:15:28.532, 296.26, 100, 74232, 71
2026/07/28 19:15:29.567, 280.89, 100, 74232, 71
2026/07/28 19:15:30.603, 300.33, 100, 74232, 71
2026/07/28 19:15:31.640, 306.19, 100, 74232, 71
2026/07/28 19:15:32.675, 298.81, 100, 74232, 72
2026/07/28 19:15:33.709, 298.41, 100, 74232, 70
2026/07/28 19:15:34.752, 298.58, 100, 74232, 70
2026/07/28 19:15:35.791, 350.26, 95, 74232, 72
2026/07/28 19:15:36.828, 310.48, 100, 74232, 72
2026/07/28 19:15:37.863, 290.84, 100, 74232, 72
2026/07/28 19:15:38.900, 296.70, 100, 74232, 73
2026/07/28 19:15:39.934, 306.82, 100, 74232, 73
2026/07/28 19:15:40.969, 305.19, 100, 74232, 71
2026/07/28 19:15:42.007, 296.09, 100, 74232, 71
2026/07/28 19:15:43.044, 292.41, 100, 74232, 71
2026/07/28 19:15:44.084, 295.69, 100, 74232, 71
2026/07/28 19:15:45.122, 292.58, 100, 74232, 71
2026/07/28 19:15:46.161, 289.17, 100, 74232, 71
2026/07/28 19:15:47.198, 301.24, 100, 74232, 72
2026/07/28 19:15:48.236, 296.57, 100, 74232, 72
2026/07/28 19:15:49.274, 299.66, 100, 74232, 72
2026/07/28 19:15:50.311, 296.67, 100, 74232, 72
2026/07/28 19:15:51.350, 302.10, 100, 74232, 72
2026/07/28 19:15:52.387, 300.85, 100, 74232, 72
2026/07/28 19:15:53.426, 300.53, 100, 74232, 72
2026/07/28 19:15:54.463, 300.83, 100, 74232, 72
2026/07/28 19:15:55.501, 301.61, 100, 74232, 72
2026/07/28 19:15:56.540, 300.75, 100, 74232, 72
2026/07/28 19:15:57.578, 301.43, 100, 74232, 72
2026/07/28 19:15:58.615, 302.19, 100, 74232, 72
2026/07/28 19:15:59.653, 294.03, 100, 74232, 72
2026/07/28 19:16:00.691, 292.77, 100, 74232, 72
2026/07/28 19:16:01.729, 294.22, 100, 74232, 72
2026/07/28 19:16:02.767, 297.04, 100, 74232, 74
2026/07/28 19:16:03.802, 306.45, 100, 74232, 74
2026/07/28 19:16:04.838, 310.10, 100, 74232, 74
2026/07/28 19:16:05.872, 306.00, 100, 74232, 74
2026/07/28 19:16:06.908, 291.59, 100, 74232, 74
2026/07/28 19:16:07.943, 300.81, 100, 74232, 72
2026/07/28 19:16:08.982, 300.76, 100, 74232, 72
2026/07/28 19:16:10.019, 302.98, 100, 74232, 72
2026/07/28 19:16:11.057, 301.61, 100, 74232, 72
2026/07/28 19:16:12.095, 301.90, 100, 74232, 72
2026/07/28 19:16:13.132, 299.86, 100, 74232, 73
2026/07/28 19:16:14.169, 295.10, 100, 74232, 73
2026/07/28 19:16:15.206, 290.83, 100, 74232, 73
2026/07/28 19:16:16.244, 293.55, 100, 74232, 73
2026/07/28 19:16:17.281, 294.64, 100, 74232, 73
2026/07/28 19:16:18.318, 294.73, 100, 74232, 73
2026/07/28 19:16:19.356, 293.66, 100, 74232, 73
2026/07/28 19:16:20.393, 293.15, 37, 74232, 74
2026/07/28 19:16:21.429, 300.15, 100, 74232, 74
2026/07/28 19:16:22.464, 294.54, 100, 74232, 74
2026/07/28 19:16:23.504, 277.36, 100, 74232, 74
2026/07/28 19:16:24.541, 267.21, 100, 74232, 74
2026/07/28 19:16:25.576, 304.69, 100, 74232, 74
2026/07/28 19:16:26.611, 302.08, 100, 74232, 73
2026/07/28 19:16:27.649, 302.61, 100, 74232, 73
2026/07/28 19:16:28.686, 293.84, 100, 74232, 73
2026/07/28 19:16:29.724, 297.07, 100, 74232, 73
2026/07/28 19:16:30.762, 295.11, 100, 74232, 73
2026/07/28 19:16:31.800, 342.11, 4, 74232, 73
2026/07/28 19:16:32.844, 297.23, 100, 74232, 74
2026/07/28 19:16:33.881, 304.49, 100, 74232, 74
2026/07/28 19:16:34.916, 304.75, 100, 74232, 75
2026/07/28 19:16:35.951, 307.58, 100, 74232, 74
2026/07/28 19:16:36.988, 290.05, 100, 74232, 74
2026/07/28 19:16:38.027, 304.02, 100, 74232, 73
2026/07/28 19:16:39.063, 302.32, 100, 74232, 73
2026/07/28 19:16:40.100, 303.96, 100, 74232, 73
2026/07/28 19:16:41.138, 317.50, 88, 74232, 74
2026/07/28 19:16:42.174, 288.73, 100, 74232, 75
2026/07/28 19:16:43.209, 297.23, 100, 74232, 75
2026/07/28 19:16:44.249, 304.43, 100, 74232, 75
2026/07/28 19:16:45.285, 276.94, 100, 74232, 75
2026/07/28 19:16:46.322, 286.38, 100, 74232, 75
2026/07/28 19:16:47.357, 303.64, 100, 74232, 74
2026/07/28 19:16:48.394, 303.11, 100, 74232, 74
2026/07/28 19:16:49.432, 304.07, 100, 74232, 74
2026/07/28 19:16:50.469, 303.16, 100, 74232, 74
2026/07/28 19:16:51.508, 304.82, 100, 74232, 74
2026/07/28 19:16:52.545, 304.02, 100, 74232, 74
2026/07/28 19:16:53.582, 303.85, 100, 74232, 74
2026/07/28 19:16:54.619, 305.86, 100, 74232, 74
2026/07/28 19:16:55.657, 300.86, 100, 74232, 74
2026/07/28 19:16:56.694, 297.15, 100, 74232, 74
2026/07/28 19:16:57.734, 297.33, 100, 74232, 74
2026/07/28 19:16:58.771, 296.38, 100, 74232, 74
2026/07/28 19:16:59.809, 297.24, 100, 74232, 74
2026/07/28 19:17:00.845, 297.57, 100, 74232, 74
2026/07/28 19:17:01.883, 296.27, 100, 74232, 74
2026/07/28 19:17:02.920, 100.10, 0, 74232, 70
2026/07/28 19:17:03.952, 98.70, 0, 74232, 70
2026/07/28 19:17:04.984, 98.35, 0, 74232, 69
2026/07/28 19:17:06.015, 97.31, 0, 74232, 68
2026/07/28 19:17:07.046, 97.04, 0, 74232, 68
2026/07/28 19:17:08.077, 96.01, 0, 74232, 67
2026/07/28 19:17:09.109, 94.56, 0, 74232, 67
2026/07/28 19:17:10.141, 93.60, 0, 74232, 66
2026/07/28 19:17:11.172, 94.30, 0, 74232, 66
2026/07/28 19:17:12.203, 92.91, 0, 74232, 65
2026/07/28 19:17:13.235, 92.94, 0, 74232, 65
2026/07/28 19:17:14.268, 92.94, 0, 74232, 65
2026/07/28 19:17:15.298, 90.75, 0, 74232, 64
2026/07/28 19:17:16.328, 90.92, 0, 74232, 64
2026/07/28 19:17:17.359, 92.15, 0, 74232, 64
2026/07/28 19:17:18.393, 91.12, 0, 74232, 63
2026/07/28 19:17:19.425, 89.66, 0, 74232, 63
2026/07/28 19:17:20.457, 89.47, 0, 74232, 63
2026/07/28 19:17:21.491, 90.38, 0, 74232, 62
2026/07/28 19:17:22.523, 87.91, 0, 74232, 62
2026/07/28 19:17:23.554, 87.83, 0, 74232, 62
2026/07/28 19:17:24.585, 87.31, 0, 74232, 62
2026/07/28 19:17:25.614, 87.91, 0, 74232, 61
2026/07/28 19:17:26.643, 86.89, 0, 74232, 61
2026/07/28 19:17:27.673, 86.82, 0, 74232, 61
2026/07/28 19:17:28.704, 86.20, 0, 74232, 61
2026/07/28 19:17:29.734, 86.05, 0, 74232, 60
2026/07/28 19:17:30.763, 86.34, 0, 74232, 60
2026/07/28 19:17:31.792, 86.11, 0, 74232, 60
2026/07/28 19:17:32.823, 84.92, 0, 74232, 60
2026/07/28 19:17:33.852, 85.10, 0, 74232, 59
2026/07/28 19:17:34.882, 84.58, 0, 74232, 59
2026/07/28 19:17:35.915, 300.92, 100, 74232, 64
2026/07/28 19:17:36.954, 305.43, 100, 74232, 65
2026/07/28 19:17:37.990, 306.04, 100, 74232, 65
2026/07/28 19:17:39.025, 292.34, 100, 74232, 66
2026/07/28 19:17:40.065, 289.10, 100, 74232, 66
2026/07/28 19:17:41.101, 306.20, 100, 74232, 65
2026/07/28 19:17:42.139, 306.78, 100, 74232, 65
2026/07/28 19:17:43.175, 306.46, 100, 74232, 65
2026/07/28 19:17:44.213, 308.48, 100, 74232, 65
2026/07/28 19:17:45.251, 299.27, 100, 74232, 65
2026/07/28 19:17:46.291, 299.95, 100, 74232, 66
2026/07/28 19:17:47.328, 300.64, 100, 74232, 66
2026/07/28 19:17:48.366, 286.44, 100, 74232, 68
2026/07/28 19:17:49.400, 281.85, 100, 74232, 68
2026/07/28 19:17:50.435, 297.46, 100, 74232, 69
2026/07/28 19:17:51.468, 314.67, 100, 74232, 69
2026/07/28 19:17:52.501, 284.93, 100, 74232, 69
2026/07/28 19:17:53.533, 286.74, 100, 74232, 69
2026/07/28 19:17:54.569, 301.03, 100, 74232, 68
2026/07/28 19:17:55.606, 295.89, 100, 74232, 68
2026/07/28 19:17:56.644, 293.64, 100, 74232, 68
2026/07/28 19:17:57.681, 284.43, 100, 74232, 68
2026/07/28 19:17:58.723, 288.29, 100, 74232, 70
2026/07/28 19:17:59.757, 292.72, 100, 74232, 70
2026/07/28 19:18:00.793, 306.53, 100, 74232, 70
2026/07/28 19:18:01.830, 296.57, 100, 74232, 71
2026/07/28 19:18:02.864, 303.52, 100, 74232, 71
2026/07/28 19:18:03.900, 310.40, 100, 74232, 71
2026/07/28 19:18:04.939, 285.58, 100, 74232, 69
2026/07/28 19:18:05.978, 292.68, 100, 74232, 69
2026/07/28 19:18:07.015, 291.39, 100, 74232, 70
2026/07/28 19:18:08.053, 302.11, 100, 74232, 70
2026/07/28 19:18:09.090, 304.03, 100, 74232, 70
2026/07/28 19:18:10.126, 297.23, 100, 74232, 70
2026/07/28 19:18:11.161, 297.32, 100, 74232, 70
2026/07/28 19:18:12.199, 300.84, 100, 74232, 71
2026/07/28 19:18:13.236, 298.81, 100, 74232, 71
2026/07/28 19:18:14.273, 299.56, 100, 74232, 71
2026/07/28 19:18:15.309, 299.95, 100, 74232, 71
2026/07/28 19:18:16.349, 295.50, 100, 74232, 71
2026/07/28 19:18:17.385, 292.49, 100, 74232, 71
2026/07/28 19:18:18.422, 301.11, 100, 74232, 71
2026/07/28 19:18:19.460, 300.06, 100, 74232, 71
2026/07/28 19:18:20.496, 287.92, 100, 74232, 71
2026/07/28 19:18:21.534, 292.18, 100, 74232, 71
2026/07/28 19:18:22.571, 293.35, 100, 74232, 71
2026/07/28 19:18:23.610, 292.29, 100, 74232, 71
2026/07/28 19:18:24.647, 298.61, 100, 74232, 72
2026/07/28 19:18:25.685, 290.54, 100, 74232, 72
2026/07/28 19:18:26.722, 292.78, 100, 74232, 72
2026/07/28 19:18:27.759, 292.97, 100, 74232, 72
2026/07/28 19:18:28.795, 288.21, 100, 74232, 72
2026/07/28 19:18:29.834, 293.75, 100, 74232, 72
2026/07/28 19:18:30.869, 298.79, 100, 74232, 72
2026/07/28 19:18:31.905, 292.80, 100, 74232, 72
2026/07/28 19:18:32.942, 299.97, 100, 74232, 72
2026/07/28 19:18:33.980, 300.19, 100, 74232, 72
2026/07/28 19:18:35.016, 299.75, 100, 74232, 72
2026/07/28 19:18:36.052, 297.56, 100, 74232, 72
2026/07/28 19:18:37.087, 299.40, 100, 74232, 72
2026/07/28 19:18:38.122, 295.58, 100, 74232, 72
2026/07/28 19:18:39.158, 289.57, 100, 74232, 72
2026/07/28 19:18:40.200, 295.29, 100, 74232, 72
2026/07/28 19:18:41.237, 302.30, 100, 74232, 72
2026/07/28 19:18:42.273, 302.03, 100, 74232, 72
2026/07/28 19:18:43.308, 303.94, 100, 74232, 73
2026/07/28 19:18:44.343, 301.41, 100, 74232, 73
2026/07/28 19:18:45.379, 300.15, 100, 74232, 73
2026/07/28 19:18:46.415, 303.53, 100, 74232, 73
2026/07/28 19:18:47.450, 301.79, 100, 74232, 73
2026/07/28 19:18:48.487, 305.90, 100, 74232, 73
2026/07/28 19:18:49.525, 301.73, 100, 74232, 73
2026/07/28 19:18:50.562, 302.09, 100, 74232, 73
2026/07/28 19:18:51.599, 303.92, 100, 74232, 73
2026/07/28 19:18:52.635, 302.12, 100, 74232, 73
2026/07/28 19:18:53.711, 301.22, 100, 74232, 73
2026/07/28 19:18:54.748, 300.54, 100, 74232, 73
2026/07/28 19:18:55.786, 302.02, 100, 74232, 73
2026/07/28 19:18:56.822, 296.87, 100, 74232, 73
2026/07/28 19:18:57.858, 293.94, 100, 74232, 73
2026/07/28 19:18:58.895, 293.55, 100, 74232, 73
2026/07/28 19:18:59.933, 290.45, 100, 74232, 73
2026/07/28 19:19:00.969, 295.48, 100, 74232, 73
2026/07/28 19:19:02.005, 294.54, 100, 74232, 73
2026/07/28 19:19:03.042, 296.96, 100, 74232, 73
2026/07/28 19:19:04.078, 300.73, 100, 74232, 73
2026/07/28 19:19:05.115, 298.33, 100, 74232, 73
2026/07/28 19:19:06.151, 296.29, 100, 74232, 73
2026/07/28 19:19:07.187, 302.00, 100, 74232, 73
2026/07/28 19:19:08.221, 301.63, 100, 74232, 73
2026/07/28 19:19:09.258, 299.80, 100, 74232, 73
2026/07/28 19:19:10.294, 304.70, 100, 74232, 73
2026/07/28 19:19:11.330, 297.14, 100, 74232, 73
2026/07/28 19:19:12.368, 301.79, 100, 74232, 73
2026/07/28 19:19:13.405, 301.73, 100, 74232, 73
2026/07/28 19:19:14.443, 302.45, 100, 74232, 73
2026/07/28 19:19:15.480, 299.19, 100, 74232, 73
2026/07/28 19:19:16.520, 292.88, 100, 74232, 73
2026/07/28 19:19:17.557, 294.73, 100, 74232, 73
2026/07/28 19:19:18.593, 293.95, 100, 74232, 73
2026/07/28 19:19:19.629, 295.20, 100, 74232, 73
2026/07/28 19:19:20.666, 290.94, 100, 74232, 73
2026/07/28 19:19:21.702, 293.65, 100, 74232, 73
2026/07/28 19:19:22.747, 301.12, 100, 74232, 73
2026/07/28 19:19:23.784, 302.58, 100, 74232, 73
2026/07/28 19:19:24.822, 300.95, 100, 74232, 73
2026/07/28 19:19:25.860, 298.71, 100, 74232, 73
2026/07/28 19:19:26.898, 302.69, 100, 74232, 73
2026/07/28 19:19:27.934, 293.27, 100, 74232, 73
2026/07/28 19:19:28.970, 294.62, 100, 74232, 73
2026/07/28 19:19:30.006, 294.04, 100, 74232, 73
2026/07/28 19:19:31.044, 300.95, 100, 74232, 73
2026/07/28 19:19:32.080, 299.50, 100, 74232, 73
2026/07/28 19:19:33.120, 302.88, 100, 74232, 73
2026/07/28 19:19:34.156, 293.94, 100, 74232, 73
2026/07/28 19:19:35.192, 299.48, 100, 74232, 73
2026/07/28 19:19:36.228, 294.33, 100, 74232, 73
2026/07/28 19:19:37.268, 294.04, 100, 74232, 73
2026/07/28 19:19:38.304, 296.28, 100, 74232, 73
2026/07/28 19:19:39.340, 294.44, 100, 74232, 73
2026/07/28 19:19:40.376, 301.79, 100, 74232, 73
2026/07/28 19:19:41.413, 300.36, 100, 74232, 73
2026/07/28 19:19:42.449, 298.49, 100, 74232, 73
2026/07/28 19:19:43.486, 297.06, 100, 74232, 72
2026/07/28 19:19:44.520, 296.64, 100, 74232, 74
2026/07/28 19:19:45.556, 308.67, 100, 74232, 75
2026/07/28 19:19:46.594, 292.76, 100, 74232, 74
2026/07/28 19:19:47.629, 323.95, 100, 74232, 75
2026/07/28 19:19:48.663, 291.43, 100, 74232, 74
2026/07/28 19:19:49.698, 301.40, 100, 74232, 75
2026/07/28 19:19:50.734, 303.38, 100, 74232, 73
2026/07/28 19:19:51.771, 295.69, 100, 74232, 73
2026/07/28 19:19:52.807, 291.80, 100, 74232, 73
2026/07/28 19:19:53.843, 292.67, 100, 74232, 73
2026/07/28 19:19:54.880, 295.39, 100, 74232, 73
2026/07/28 19:19:55.916, 296.68, 100, 74232, 73
2026/07/28 19:19:56.952, 100.53, 0, 74232, 70
2026/07/28 19:19:57.984, 295.20, 100, 74232, 75
2026/07/28 19:19:59.019, 290.66, 100, 74232, 75
2026/07/28 19:20:00.063, 298.35, 100, 74232, 75
2026/07/28 19:20:01.099, 292.17, 100, 74232, 75
2026/07/28 19:20:02.139, 310.71, 100, 74232, 75
2026/07/28 19:20:03.173, 311.57, 100, 74232, 75
2026/07/28 19:20:04.209, 304.35, 100, 74232, 73
2026/07/28 19:20:05.246, 303.73, 100, 74232, 73
2026/07/28 19:20:06.283, 304.51, 100, 74232, 73
2026/07/28 19:20:07.321, 305.05, 100, 74232, 75
2026/07/28 19:20:08.356, 299.19, 100, 74232, 75
2026/07/28 19:20:09.393, 303.62, 100, 74232, 75
2026/07/28 19:20:10.426, 305.84, 100, 74232, 75
2026/07/28 19:20:11.460, 271.52, 100, 74232, 75
2026/07/28 19:20:12.496, 308.82, 100, 74232, 76
2026/07/28 19:20:13.532, 234.36, 100, 74232, 74
2026/07/28 19:20:14.569, 286.18, 100, 74232, 74
2026/07/28 19:20:15.607, 290.54, 100, 74232, 74
2026/07/28 19:20:16.644, 288.89, 100, 74232, 74
2026/07/28 19:20:17.682, 288.59, 100, 74232, 74
2026/07/28 19:20:18.719, 296.57, 100, 74232, 74
2026/07/28 19:20:19.755, 293.76, 100, 74232, 74
2026/07/28 19:20:20.792, 296.56, 100, 74232, 74
2026/07/28 19:20:21.828, 296.65, 100, 74232, 76
2026/07/28 19:20:22.863, 298.17, 100, 74232, 76
2026/07/28 19:20:23.903, 303.47, 100, 74232, 76
2026/07/28 19:20:24.938, 294.75, 100, 74232, 76
2026/07/28 19:20:25.977, 288.92, 100, 74232, 76
2026/07/28 19:20:27.010, 284.85, 100, 74232, 76
2026/07/28 19:20:28.044, 290.34, 100, 74232, 76
2026/07/28 19:20:29.079, 304.31, 100, 74232, 74
2026/07/28 19:20:30.117, 305.15, 100, 74232, 74
2026/07/28 19:20:31.155, 294.43, 100, 74232, 74
2026/07/28 19:20:32.193, 298.04, 100, 74232, 74
2026/07/28 19:20:33.230, 298.14, 100, 74232, 74
2026/07/28 19:20:34.273, 297.34, 100, 74232, 74
2026/07/28 19:20:35.309, 297.93, 100, 74232, 74
2026/07/28 19:20:36.346, 297.63, 100, 74232, 74
2026/07/28 19:20:37.383, 299.58, 100, 74232, 74
2026/07/28 19:20:38.420, 296.86, 100, 74232, 74
2026/07/28 19:20:39.457, 299.68, 100, 74232, 74
2026/07/28 19:20:40.493, 297.73, 100, 74232, 74
2026/07/28 19:20:41.529, 297.33, 100, 74232, 74
2026/07/28 19:20:42.565, 297.36, 100, 74232, 74
2026/07/28 19:20:43.603, 254.67, 100, 74232, 74
2026/07/28 19:20:44.641, 280.92, 100, 74232, 74
2026/07/28 19:20:45.680, 296.95, 100, 74232, 74
2026/07/28 19:20:46.716, 297.65, 100, 74232, 74
2026/07/28 19:20:47.752, 294.63, 100, 74232, 74
2026/07/28 19:20:48.788, 293.86, 100, 74232, 74
2026/07/28 19:20:49.825, 291.70, 100, 74232, 74
2026/07/28 19:20:50.865, 296.09, 100, 74232, 74
2026/07/28 19:20:51.900, 305.39, 100, 74232, 74
2026/07/28 19:20:52.936, 305.81, 100, 74232, 74
2026/07/28 19:20:53.973, 302.56, 100, 74232, 74
2026/07/28 19:20:55.009, 304.69, 100, 74232, 74
2026/07/28 19:20:56.045, 303.15, 100, 74232, 74
2026/07/28 19:20:57.081, 303.54, 100, 74232, 74
2026/07/28 19:20:58.117, 300.17, 100, 74232, 74
2026/07/28 19:20:59.153, 304.99, 100, 74232, 74
2026/07/28 19:21:00.189, 303.73, 100, 74232, 74
2026/07/28 19:21:01.230, 302.97, 100, 74232, 74
2026/07/28 19:21:02.268, 294.81, 100, 74232, 74
2026/07/28 19:21:03.306, 297.93, 100, 74232, 74
2026/07/28 19:21:04.346, 293.27, 100, 74232, 74
2026/07/28 19:21:05.382, 302.49, 100, 74232, 74
2026/07/28 19:21:06.419, 295.11, 100, 74232, 74
2026/07/28 19:21:07.455, 301.06, 100, 74232, 74
2026/07/28 19:21:08.491, 303.29, 100, 74232, 74
2026/07/28 19:21:09.536, 294.06, 100, 74232, 74
2026/07/28 19:21:10.574, 295.89, 100, 74232, 74
2026/07/28 19:21:11.612, 293.95, 100, 74232, 74
2026/07/28 19:21:12.648, 297.64, 100, 74232, 74
2026/07/28 19:21:13.684, 307.16, 100, 74232, 74
2026/07/28 19:21:14.722, 294.32, 100, 74232, 74
2026/07/28 19:21:15.758, 300.47, 100, 74232, 74
2026/07/28 19:21:16.795, 304.08, 100, 74232, 74
2026/07/28 19:21:17.832, 304.21, 100, 74232, 74
2026/07/28 19:21:18.869, 302.69, 100, 74232, 74
2026/07/28 19:21:19.906, 301.32, 100, 74232, 74
2026/07/28 19:21:20.944, 297.04, 100, 74232, 74
2026/07/28 19:21:21.982, 296.86, 100, 74232, 74
2026/07/28 19:21:23.019, 295.02, 100, 74232, 74
2026/07/28 19:21:24.057, 294.93, 100, 74232, 74
2026/07/28 19:21:25.093, 302.90, 100, 74232, 74
2026/07/28 19:21:26.130, 305.61, 100, 74232, 74
2026/07/28 19:21:27.167, 298.10, 100, 74232, 74
2026/07/28 19:21:28.205, 296.18, 100, 74232, 74
2026/07/28 19:21:29.243, 296.16, 100, 74232, 74
2026/07/28 19:21:30.280, 294.64, 100, 74232, 74
2026/07/28 19:21:31.316, 295.02, 100, 74232, 74
2026/07/28 19:21:32.353, 302.96, 100, 74232, 74
2026/07/28 19:21:33.389, 295.79, 100, 74232, 74
2026/07/28 19:21:34.425, 294.63, 100, 74232, 74
2026/07/28 19:21:35.462, 302.38, 100, 74232, 74
2026/07/28 19:21:36.499, 305.47, 100, 74232, 74
2026/07/28 19:21:37.535, 299.88, 100, 74232, 74
2026/07/28 19:21:38.573, 302.89, 100, 74232, 74
2026/07/28 19:21:39.610, 300.83, 100, 74232, 74
2026/07/28 19:21:40.647, 297.73, 100, 74232, 74
2026/07/28 19:21:41.688, 303.96, 100, 74232, 74
2026/07/28 19:21:42.724, 302.89, 100, 74232, 74
2026/07/28 19:21:43.761, 303.34, 100, 74232, 74
2026/07/28 19:21:44.797, 302.60, 100, 74232, 74
2026/07/28 19:21:45.833, 304.50, 100, 74232, 73
2026/07/28 19:21:46.869, 296.73, 100, 74232, 73
2026/07/28 19:21:47.906, 292.97, 100, 74232, 73
2026/07/28 19:21:48.946, 295.11, 100, 74232, 73
2026/07/28 19:21:49.983, 297.36, 100, 74232, 73
2026/07/28 19:21:51.020, 304.12, 100, 74232, 73
2026/07/28 19:21:52.061, 296.66, 100, 74232, 73
2026/07/28 19:21:53.098, 295.21, 100, 74232, 73
2026/07/28 19:21:54.134, 306.54, 100, 74232, 74
2026/07/28 19:21:55.171, 303.75, 100, 74232, 73
2026/07/28 19:21:56.207, 297.94, 100, 74232, 73
2026/07/28 19:21:57.244, 297.84, 100, 74232, 73
2026/07/28 19:21:58.282, 295.60, 100, 74232, 73
2026/07/28 19:21:59.319, 295.40, 100, 74232, 73
2026/07/28 19:22:00.355, 296.02, 100, 74232, 73
2026/07/28 19:22:01.393, 295.51, 100, 74232, 73
2026/07/28 19:22:02.429, 293.45, 100, 74232, 73
2026/07/28 19:22:03.467, 298.22, 100, 74232, 73
2026/07/28 19:22:04.504, 298.00, 100, 74232, 73
2026/07/28 19:22:05.542, 302.29, 100, 74232, 73
2026/07/28 19:22:06.578, 298.22, 100, 74232, 73
2026/07/28 19:22:07.615, 302.23, 100, 74232, 73
2026/07/28 19:22:08.653, 301.98, 100, 74232, 73
2026/07/28 19:22:09.695, 296.17, 100, 74232, 73
2026/07/28 19:22:10.732, 301.51, 100, 74232, 73
2026/07/28 19:22:11.768, 302.19, 100, 74232, 73
2026/07/28 19:22:12.805, 303.45, 100, 74232, 73
2026/07/28 19:22:13.843, 291.90, 100, 74232, 73
2026/07/28 19:22:14.880, 290.42, 100, 74232, 73
2026/07/28 19:22:15.916, 289.48, 100, 74232, 73
2026/07/28 19:22:16.953, 293.07, 100, 74232, 73
2026/07/28 19:22:17.990, 292.97, 100, 74232, 73
2026/07/28 19:22:19.028, 293.26, 100, 74232, 73
2026/07/28 19:22:20.064, 302.27, 100, 74232, 73
2026/07/28 19:22:21.100, 302.89, 100, 74232, 73
2026/07/28 19:22:22.138, 302.02, 100, 74232, 73
2026/07/28 19:22:23.175, 293.77, 100, 74232, 72
2026/07/28 19:22:24.212, 296.08, 100, 74232, 72
2026/07/28 19:22:25.252, 301.41, 100, 74232, 72
2026/07/28 19:22:26.290, 300.54, 100, 74232, 72
2026/07/28 19:22:27.326, 302.47, 100, 74232, 72
2026/07/28 19:22:28.363, 301.54, 100, 74232, 72
2026/07/28 19:22:29.400, 296.37, 100, 74232, 72
2026/07/28 19:22:30.436, 292.66, 100, 74232, 72
2026/07/28 19:22:31.473, 299.10, 100, 74232, 72
2026/07/28 19:22:32.509, 301.21, 100, 74232, 72
2026/07/28 19:22:33.546, 300.06, 100, 74232, 72
2026/07/28 19:22:34.585, 303.07, 100, 74232, 72
2026/07/28 19:22:35.622, 300.05, 100, 74232, 72
2026/07/28 19:22:36.659, 299.88, 100, 74232, 72
2026/07/28 19:22:37.697, 299.17, 100, 74232, 72
2026/07/28 19:22:38.733, 300.72, 100, 74232, 72
2026/07/28 19:22:39.770, 301.80, 100, 74232, 72
2026/07/28 19:22:40.806, 300.83, 100, 74232, 72
2026/07/28 19:22:41.846, 301.60, 100, 74232, 72
2026/07/28 19:22:42.883, 300.55, 100, 74232, 72
2026/07/28 19:22:43.920, 297.25, 100, 74232, 72
2026/07/28 19:22:44.966, 297.43, 100, 74232, 72
2026/07/28 19:22:46.002, 294.81, 100, 74232, 72
2026/07/28 19:22:47.039, 294.05, 100, 74232, 72
2026/07/28 19:22:48.075, 297.45, 100, 74232, 73
2026/07/28 19:22:49.112, 294.51, 100, 74232, 73
2026/07/28 19:22:50.150, 291.41, 100, 74232, 73
2026/07/28 19:22:51.190, 292.97, 100, 74232, 73
2026/07/28 19:22:52.229, 293.86, 100, 74232, 73
2026/07/28 19:22:53.265, 298.88, 100, 74232, 73
2026/07/28 19:22:54.302, 302.31, 100, 74232, 73
2026/07/28 19:22:55.342, 295.50, 100, 74232, 73
2026/07/28 19:22:56.378, 292.38, 100, 74232, 73
2026/07/28 19:22:57.418, 292.49, 100, 74232, 73
2026/07/28 19:22:58.457, 296.58, 100, 74232, 73
2026/07/28 19:22:59.494, 303.06, 100, 74232, 73
2026/07/28 19:23:00.531, 303.00, 100, 74232, 73
2026/07/28 19:23:01.567, 302.67, 100, 74232, 73
2026/07/28 19:23:02.607, 300.77, 100, 74232, 73
2026/07/28 19:23:03.643, 300.76, 100, 74232, 73
2026/07/28 19:23:04.680, 301.42, 100, 74232, 73
2026/07/28 19:23:05.715, 302.19, 100, 74232, 73
2026/07/28 19:23:06.752, 302.98, 100, 74232, 73
2026/07/28 19:23:07.789, 302.28, 100, 74232, 73
2026/07/28 19:23:08.827, 302.88, 100, 74232, 73
2026/07/28 19:23:09.864, 295.00, 100, 74232, 73
2026/07/28 19:23:10.900, 291.52, 100, 74232, 73
2026/07/28 19:23:11.938, 297.33, 100, 74232, 73
2026/07/28 19:23:12.976, 295.73, 100, 74232, 73
2026/07/28 19:23:14.013, 291.31, 100, 74232, 73
2026/07/28 19:23:15.050, 303.82, 100, 74232, 73
2026/07/28 19:23:16.088, 292.96, 100, 74232, 73
2026/07/28 19:23:17.124, 293.75, 100, 74232, 73
2026/07/28 19:23:18.162, 295.30, 100, 74232, 73
2026/07/28 19:23:19.198, 295.42, 100, 74232, 73
2026/07/28 19:23:20.234, 295.89, 100, 74232, 73
2026/07/28 19:23:21.273, 291.12, 100, 74232, 73
2026/07/28 19:23:22.309, 294.99, 100, 74232, 73
2026/07/28 19:23:23.349, 290.84, 100, 74232, 73
2026/07/28 19:23:24.387, 291.69, 100, 74232, 73
2026/07/28 19:23:25.424, 292.68, 100, 74232, 73
2026/07/28 19:23:26.460, 296.95, 100, 74232, 73
2026/07/28 19:23:27.497, 301.14, 100, 74232, 73
2026/07/28 19:23:28.534, 302.18, 100, 74232, 73
2026/07/28 19:23:29.570, 301.21, 100, 74232, 73
2026/07/28 19:23:30.607, 302.01, 100, 74232, 73
2026/07/28 19:23:31.644, 301.22, 100, 74232, 73
2026/07/28 19:23:32.683, 302.32, 100, 74232, 73
2026/07/28 19:23:33.719, 300.93, 100, 74232, 73
2026/07/28 19:23:34.756, 300.74, 100, 74232, 73
2026/07/28 19:23:35.794, 301.61, 100, 74232, 73
2026/07/28 19:23:36.831, 300.74, 100, 74232, 73
2026/07/28 19:23:37.869, 301.15, 100, 74232, 73
2026/07/28 19:23:38.905, 301.99, 100, 74232, 73
2026/07/28 19:23:39.943, 300.77, 100, 74232, 73
2026/07/28 19:23:40.978, 302.85, 100, 74232, 73
2026/07/28 19:23:42.015, 302.31, 100, 74232, 73
2026/07/28 19:23:43.052, 289.57, 100, 74232, 73
2026/07/28 19:23:44.092, 294.52, 100, 74232, 73
2026/07/28 19:23:45.130, 290.35, 100, 74232, 73
2026/07/28 19:23:46.168, 302.51, 100, 74232, 73
2026/07/28 19:23:47.205, 301.94, 100, 74232, 73
2026/07/28 19:23:48.241, 303.63, 100, 74232, 73
2026/07/28 19:23:49.282, 294.63, 100, 74232, 73
2026/07/28 19:23:50.318, 293.66, 100, 74232, 73
2026/07/28 19:23:51.358, 298.32, 100, 74232, 73
2026/07/28 19:23:52.394, 298.21, 100, 74232, 73
2026/07/28 19:23:53.431, 302.22, 100, 74232, 73
2026/07/28 19:23:54.468, 301.14, 100, 74232, 73
2026/07/28 19:23:55.507, 302.30, 100, 74232, 73
2026/07/28 19:23:56.544, 310.83, 100, 74232, 75
2026/07/28 19:23:57.579, 267.28, 100, 74232, 73
2026/07/28 19:23:58.617, 287.83, 100, 74232, 73
2026/07/28 19:23:59.657, 294.24, 100, 74232, 73
2026/07/28 19:24:00.695, 294.62, 100, 74232, 73
2026/07/28 19:24:01.731, 293.26, 100, 74232, 73
2026/07/28 19:24:02.767, 295.44, 100, 74232, 73
2026/07/28 19:24:03.805, 293.76, 100, 74232, 73
2026/07/28 19:24:04.843, 296.39, 100, 74232, 73
2026/07/28 19:24:05.879, 301.90, 100, 74232, 73
2026/07/28 19:24:06.916, 305.10, 100, 74232, 73
2026/07/28 19:24:07.953, 303.05, 100, 74232, 73
2026/07/28 19:24:08.991, 302.61, 100, 74232, 73
2026/07/28 19:24:10.028, 303.17, 100, 74232, 73
2026/07/28 19:24:11.065, 302.97, 100, 74232, 73
2026/07/28 19:24:12.103, 303.15, 100, 74232, 73
2026/07/28 19:24:13.140, 303.16, 100, 74232, 73
2026/07/28 19:24:14.178, 302.32, 100, 74232, 73
2026/07/28 19:24:15.214, 302.31, 100, 74232, 73
2026/07/28 19:24:16.253, 295.88, 100, 74232, 73
2026/07/28 19:24:17.290, 297.15, 100, 74232, 73
2026/07/28 19:24:18.328, 295.38, 100, 74232, 73
2026/07/28 19:24:19.365, 294.70, 100, 74232, 73
2026/07/28 19:24:20.402, 291.91, 100, 74232, 73
2026/07/28 19:24:21.439, 295.31, 100, 74232, 73
2026/07/28 19:24:22.477, 295.89, 100, 74232, 73
2026/07/28 19:24:23.515, 298.01, 100, 74232, 73
2026/07/28 19:24:24.553, 295.68, 100, 74232, 73
2026/07/28 19:24:25.590, 295.02, 100, 74232, 73
2026/07/28 19:24:26.627, 295.11, 100, 74232, 73
2026/07/28 19:24:27.664, 296.78, 100, 74232, 73
2026/07/28 19:24:28.701, 297.14, 100, 74232, 73
2026/07/28 19:24:29.737, 293.93, 100, 74232, 73
2026/07/28 19:24:30.774, 295.49, 100, 74232, 73
2026/07/28 19:24:31.810, 295.47, 100, 74232, 73
2026/07/28 19:24:32.846, 294.84, 100, 74232, 73
2026/07/28 19:24:33.883, 291.71, 100, 74232, 73
2026/07/28 19:24:34.921, 296.29, 100, 74232, 73
2026/07/28 19:24:35.959, 294.44, 100, 74232, 73
2026/07/28 19:24:36.996, 290.74, 100, 74232, 73
2026/07/28 19:24:38.036, 300.04, 100, 74232, 73
2026/07/28 19:24:39.076, 300.45, 100, 74232, 73
2026/07/28 19:24:40.114, 302.49, 100, 74232, 73
2026/07/28 19:24:41.150, 299.52, 100, 74232, 73
2026/07/28 19:24:42.188, 302.96, 100, 74232, 73
2026/07/28 19:24:43.225, 301.70, 100, 74232, 73
2026/07/28 19:24:44.262, 304.45, 100, 74232, 73
2026/07/28 19:24:45.299, 303.14, 100, 74232, 73
2026/07/28 19:24:46.337, 301.44, 100, 74232, 73
2026/07/28 19:24:47.373, 301.92, 100, 74232, 73
2026/07/28 19:24:48.411, 304.21, 100, 74232, 73
2026/07/28 19:24:49.446, 304.02, 100, 74232, 73
2026/07/28 19:24:50.482, 303.26, 100, 74232, 73
2026/07/28 19:24:51.518, 301.69, 100, 74232, 73
2026/07/28 19:24:52.556, 302.85, 100, 74232, 73
2026/07/28 19:24:53.592, 297.42, 100, 74232, 73
2026/07/28 19:24:54.629, 302.88, 100, 74232, 73
2026/07/28 19:24:55.665, 296.76, 100, 74232, 73
2026/07/28 19:24:56.701, 300.84, 100, 74232, 75
2026/07/28 19:24:57.736, 256.34, 100, 74232, 73
2026/07/28 19:24:58.774, 288.01, 100, 74232, 73
2026/07/28 19:24:59.810, 288.00, 100, 74232, 73
2026/07/28 19:25:00.847, 296.19, 100, 74232, 73
2026/07/28 19:25:01.885, 294.90, 100, 74232, 73
2026/07/28 19:25:02.922, 297.52, 100, 74232, 73
2026/07/28 19:25:03.958, 298.60, 100, 74232, 73
2026/07/28 19:25:04.994, 294.34, 100, 74232, 73
2026/07/28 19:25:06.032, 294.52, 100, 74232, 73
2026/07/28 19:25:07.069, 294.73, 100, 74232, 73
2026/07/28 19:25:08.106, 296.97, 100, 74232, 73
2026/07/28 19:25:09.144, 298.01, 100, 74232, 73
2026/07/28 19:25:10.180, 302.77, 100, 74232, 73
2026/07/28 19:25:11.216, 302.00, 100, 74232, 73
2026/07/28 19:25:12.254, 302.71, 100, 74232, 73
2026/07/28 19:25:13.291, 303.01, 100, 74232, 73
2026/07/28 19:25:14.326, 296.66, 100, 74232, 73
2026/07/28 19:25:15.369, 303.36, 100, 74232, 73
2026/07/28 19:25:16.406, 296.01, 100, 74232, 73
2026/07/28 19:25:17.446, 291.24, 100, 74232, 73
2026/07/28 19:25:18.489, 291.60, 100, 74232, 73
2026/07/28 19:25:19.526, 295.40, 100, 74232, 73
2026/07/28 19:25:20.563, 297.24, 100, 74232, 73
2026/07/28 19:25:21.602, 295.89, 100, 74232, 73
2026/07/28 19:25:22.639, 296.66, 100, 74232, 73
2026/07/28 19:25:23.678, 295.71, 100, 74232, 73
2026/07/28 19:25:24.715, 295.40, 100, 74232, 73
2026/07/28 19:25:25.755, 407.05, 100, 74232, 74
2026/07/28 19:25:26.788, 303.22, 100, 74232, 75
2026/07/28 19:25:27.826, 302.55, 100, 74232, 75
2026/07/28 19:25:28.861, 299.47, 100, 74232, 75
2026/07/28 19:25:29.895, 303.29, 100, 74232, 73
2026/07/28 19:25:30.934, 303.17, 100, 74232, 73
2026/07/28 19:25:31.972, 303.29, 100, 74232, 73
2026/07/28 19:25:33.009, 302.68, 100, 74232, 73
2026/07/28 19:25:34.045, 303.82, 100, 74232, 73
2026/07/28 19:25:35.082, 303.53, 100, 74232, 73
2026/07/28 19:25:36.119, 303.26, 100, 74232, 73
2026/07/28 19:25:37.155, 296.57, 100, 74232, 73
2026/07/28 19:25:38.191, 292.01, 100, 74232, 73
2026/07/28 19:25:39.228, 295.79, 100, 74232, 73
2026/07/28 19:25:40.266, 295.30, 100, 74232, 73
2026/07/28 19:25:41.303, 295.70, 100, 74232, 73
2026/07/28 19:25:42.343, 294.74, 100, 74232, 73
2026/07/28 19:25:43.379, 295.63, 100, 74232, 73
2026/07/28 19:25:44.417, 295.39, 100, 74232, 73
2026/07/28 19:25:45.454, 295.42, 100, 74232, 73
2026/07/28 19:25:46.491, 298.22, 100, 74232, 73
2026/07/28 19:25:47.528, 296.11, 100, 74232, 73
2026/07/28 19:25:48.565, 294.53, 100, 74232, 73
2026/07/28 19:25:49.601, 294.62, 100, 74232, 73
2026/07/28 19:25:50.637, 295.21, 100, 74232, 72
2026/07/28 19:25:51.675, 299.93, 100, 74232, 75
2026/07/28 19:25:52.710, 298.82, 100, 74232, 75
2026/07/28 19:25:53.746, 292.87, 100, 74232, 75
2026/07/28 19:25:54.781, 291.39, 100, 74232, 75
2026/07/28 19:25:55.818, 301.29, 100, 74232, 73
2026/07/28 19:25:56.855, 303.15, 100, 74232, 73
2026/07/28 19:25:57.891, 301.94, 100, 74232, 73
2026/07/28 19:25:58.928, 295.12, 100, 74232, 73
2026/07/28 19:25:59.964, 294.34, 100, 74232, 73
2026/07/28 19:26:01.002, 295.21, 100, 74232, 73
2026/07/28 19:26:02.039, 294.54, 100, 74232, 73
2026/07/28 19:26:03.079, 295.01, 100, 74232, 73
2026/07/28 19:26:04.115, 294.43, 100, 74232, 73
2026/07/28 19:26:05.156, 292.38, 100, 74232, 73
2026/07/28 19:26:06.192, 294.92, 100, 74232, 75
2026/07/28 19:26:07.227, 303.57, 100, 74232, 75
2026/07/28 19:26:08.261, 294.42, 100, 74232, 75
2026/07/28 19:26:09.305, 295.87, 100, 74232, 75
2026/07/28 19:26:10.339, 302.76, 100, 74232, 73
2026/07/28 19:26:11.378, 303.40, 100, 74232, 73
2026/07/28 19:26:12.416, 302.59, 100, 74232, 73
2026/07/28 19:26:13.459, 297.04, 100, 74232, 73
2026/07/28 19:26:14.497, 292.49, 100, 74232, 73
2026/07/28 19:26:15.533, 297.35, 100, 74232, 73
2026/07/28 19:26:16.570, 295.02, 100, 74232, 73
2026/07/28 19:26:17.609, 295.90, 100, 74232, 73
2026/07/28 19:26:18.646, 295.70, 100, 74232, 73
2026/07/28 19:26:19.684, 302.48, 100, 74232, 73
2026/07/28 19:26:20.721, 295.42, 100, 74232, 73
2026/07/28 19:26:21.758, 295.68, 100, 74232, 73
2026/07/28 19:26:22.797, 293.35, 100, 74232, 73
2026/07/28 19:26:23.836, 297.92, 100, 74232, 73
2026/07/28 19:26:24.873, 298.70, 100, 74232, 74
2026/07/28 19:26:25.914, 295.00, 100, 74232, 74
2026/07/28 19:26:26.951, 302.58, 100, 74232, 74
2026/07/28 19:26:27.987, 304.07, 100, 74232, 74
2026/07/28 19:26:29.024, 302.41, 100, 74232, 74
2026/07/28 19:26:30.061, 301.91, 100, 74232, 74
2026/07/28 19:26:31.098, 300.36, 100, 74232, 74
2026/07/28 19:26:32.136, 331.07, 14, 74232, 74
2026/07/28 19:26:33.172, 300.42, 100, 74232, 75
2026/07/28 19:26:34.205, 285.01, 100, 74232, 75
2026/07/28 19:26:35.240, 290.85, 100, 74232, 75
2026/07/28 19:26:36.281, 289.84, 100, 74232, 75
2026/07/28 19:26:37.315, 302.67, 100, 74232, 73
2026/07/28 19:26:38.354, 302.87, 100, 74232, 73
2026/07/28 19:26:39.394, 295.99, 100, 74232, 73
2026/07/28 19:26:40.431, 285.67, 100, 74232, 73
2026/07/28 19:26:41.470, 289.08, 100, 74232, 73
2026/07/28 19:26:42.508, 295.60, 100, 74232, 73
2026/07/28 19:26:43.545, 295.50, 100, 74232, 74
2026/07/28 19:26:44.583, 295.99, 100, 74232, 74
2026/07/28 19:26:45.621, 295.87, 100, 74232, 74
2026/07/28 19:26:46.658, 296.08, 100, 74232, 74
2026/07/28 19:26:47.695, 297.15, 100, 74232, 74
2026/07/28 19:26:48.732, 296.58, 100, 74232, 74
2026/07/28 19:26:49.768, 295.80, 100, 74232, 74
2026/07/28 19:26:50.805, 295.79, 100, 74232, 74
2026/07/28 19:26:51.845, 296.30, 100, 74232, 74
2026/07/28 19:26:52.882, 296.27, 100, 74232, 74
2026/07/28 19:26:53.919, 295.59, 100, 74232, 74
2026/07/28 19:26:54.956, 297.34, 100, 74232, 74
2026/07/28 19:26:55.994, 296.27, 100, 74232, 74
2026/07/28 19:26:57.031, 296.48, 100, 74232, 74
2026/07/28 19:26:58.072, 296.17, 100, 74232, 74
2026/07/28 19:26:59.109, 313.17, 16, 74232, 74
2026/07/28 19:27:00.145, 298.29, 100, 74232, 75
2026/07/28 19:27:01.179, 293.63, 100, 74232, 75
2026/07/28 19:27:02.215, 305.80, 100, 74232, 75
2026/07/28 19:27:03.249, 306.23, 100, 74232, 75
2026/07/28 19:27:04.286, 302.78, 100, 74232, 73
2026/07/28 19:27:05.322, 303.26, 100, 74232, 73
2026/07/28 19:27:06.358, 302.19, 100, 74232, 73
2026/07/28 19:27:07.394, 303.38, 100, 74232, 73
2026/07/28 19:27:08.431, 303.83, 100, 74232, 73
2026/07/28 19:27:09.467, 304.04, 100, 74232, 73
2026/07/28 19:27:10.504, 292.08, 100, 74232, 73
2026/07/28 19:27:11.539, 296.09, 100, 74232, 73
2026/07/28 19:27:12.578, 295.40, 100, 74232, 74
2026/07/28 19:27:13.615, 297.42, 100, 74232, 74
2026/07/28 19:27:14.651, 297.25, 100, 74232, 74
2026/07/28 19:27:15.689, 296.47, 100, 74232, 74
2026/07/28 19:27:16.729, 303.76, 100, 74232, 74
2026/07/28 19:27:17.765, 296.35, 100, 74232, 74
2026/07/28 19:27:18.802, 297.24, 100, 74232, 74
2026/07/28 19:27:19.844, 296.38, 100, 74232, 74
2026/07/28 19:27:20.882, 292.69, 100, 74232, 74
2026/07/28 19:27:21.919, 297.83, 100, 74232, 74
2026/07/28 19:27:22.958, 295.79, 100, 74232, 74
2026/07/28 19:27:23.994, 295.01, 100, 74232, 74
2026/07/28 19:27:25.031, 296.00, 100, 74232, 74
2026/07/28 19:27:26.069, 100.59, 0, 74232, 70
2026/07/28 19:27:27.103, 297.75, 100, 74232, 75
2026/07/28 19:27:28.138, 299.02, 100, 74232, 75
2026/07/28 19:27:29.173, 310.21, 100, 74232, 75
2026/07/28 19:27:30.214, 290.72, 100, 74232, 75
2026/07/28 19:27:31.249, 297.45, 100, 74232, 73
2026/07/28 19:27:32.287, 294.93, 100, 74232, 73
2026/07/28 19:27:33.326, 297.46, 100, 74232, 73
2026/07/28 19:27:34.363, 295.13, 100, 74232, 73
2026/07/28 19:27:35.400, 295.90, 100, 74232, 73
2026/07/28 19:27:36.438, 296.17, 100, 74232, 73
2026/07/28 19:27:37.476, 295.60, 100, 74232, 74
2026/07/28 19:27:38.513, 296.76, 100, 74232, 74
2026/07/28 19:27:39.552, 296.37, 100, 74232, 74
2026/07/28 19:27:40.588, 304.61, 100, 74232, 74
2026/07/28 19:27:41.625, 300.15, 100, 74232, 74
2026/07/28 19:27:42.663, 300.36, 100, 74232, 74
2026/07/28 19:27:43.699, 298.60, 100, 74232, 74
2026/07/28 19:27:44.736, 303.08, 100, 74232, 74
2026/07/28 19:27:45.773, 304.45, 100, 74232, 74
2026/07/28 19:27:46.812, 304.80, 100, 74232, 74
2026/07/28 19:27:47.848, 296.47, 100, 74232, 74
2026/07/28 19:27:48.885, 296.78, 100, 74232, 74
2026/07/28 19:27:49.922, 297.04, 100, 74232, 74
2026/07/28 19:27:50.959, 297.22, 100, 74232, 74
2026/07/28 19:27:51.996, 295.80, 100, 74232, 74
2026/07/28 19:27:53.032, 124.74, 100, 74232, 71
2026/07/28 19:27:54.065, 99.76, 0, 74232, 70
2026/07/28 19:27:55.095, 98.44, 0, 74232, 69
2026/07/28 19:27:56.127, 97.68, 0, 74232, 69
2026/07/28 19:27:57.160, 97.33, 0, 74232, 68
2026/07/28 19:27:58.193, 96.85, 0, 74232, 68
2026/07/28 19:27:59.227, 94.41, 0, 74232, 67
2026/07/28 19:28:00.262, 94.19, 0, 74232, 67
2026/07/28 19:28:01.295, 94.20, 0, 74232, 66
2026/07/28 19:28:02.327, 92.20, 0, 74232, 66
2026/07/28 19:28:03.359, 93.50, 0, 74232, 65
2026/07/28 19:28:04.393, 92.20, 0, 74232, 65
2026/07/28 19:28:05.423, 92.69, 0, 74232, 65
2026/07/28 19:28:06.454, 92.14, 0, 74232, 64
2026/07/28 19:28:07.485, 90.88, 0, 74232, 64
2026/07/28 19:28:08.516, 90.21, 0, 74232, 64
2026/07/28 19:28:09.547, 90.15, 0, 74232, 63
2026/07/28 19:28:10.580, 89.80, 0, 74232, 63
2026/07/28 19:28:11.612, 90.21, 0, 74232, 63
2026/07/28 19:28:12.642, 90.55, 0, 74232, 63
2026/07/28 19:28:13.686, 87.82, 0, 74232, 62
2026/07/28 19:28:14.716, 87.52, 0, 74232, 62
2026/07/28 19:28:15.747, 87.49, 0, 74232, 62
2026/07/28 19:28:16.778, 87.12, 0, 74232, 62
2026/07/28 19:28:17.808, 86.81, 0, 74232, 61
2026/07/28 19:28:18.840, 86.96, 0, 74232, 61
2026/07/28 19:28:19.872, 86.59, 0, 74232, 61
2026/07/28 19:28:20.903, 86.10, 0, 74232, 61
2026/07/28 19:28:21.936, 85.96, 0, 74232, 60
2026/07/28 19:28:22.968, 85.74, 0, 74232, 60
2026/07/28 19:28:23.999, 85.51, 0, 74232, 60
2026/07/28 19:28:25.030, 84.99, 0, 74232, 60
2026/07/28 19:28:26.061, 85.45, 0, 74232, 59
2026/07/28 19:28:27.093, 84.24, 0, 74232, 59
2026/07/28 19:28:28.150, 84.28, 0, 74232, 59
2026/07/28 19:28:29.181, 84.25, 0, 74232, 59
2026/07/28 19:28:30.212, 83.82, 0, 74232, 58
2026/07/28 19:28:31.242, 83.88, 0, 74232, 58
2026/07/28 19:28:32.272, 83.51, 0, 74232, 58
2026/07/28 19:28:33.302, 83.78, 0, 74232, 58
2026/07/28 19:28:34.345, 86.80, 0, 74232, 58
2026/07/28 19:28:35.376, 82.98, 0, 74232, 57
2026/07/28 19:28:36.406, 82.63, 0, 74232, 57
2026/07/28 19:28:37.437, 82.39, 0, 74232, 57
2026/07/28 19:28:38.468, 82.06, 0, 74232, 57
2026/07/28 19:28:40.204, 82.00, 0, 74232, 56
2026/07/28 19:28:41.236, 81.51, 0, 74232, 56
2026/07/28 19:28:42.269, 82.47, 0, 74232, 56
2026/07/28 19:28:43.301, 81.67, 0, 74232, 56
2026/07/28 19:28:44.334, 81.43, 0, 74232, 56
2026/07/28 19:28:45.365, 81.06, 0, 74232, 55
2026/07/28 19:28:46.396, 80.85, 0, 74232, 55
2026/07/28 19:28:47.426, 80.81, 0, 74232, 55
2026/07/28 19:28:48.458, 80.88, 0, 74232, 55
2026/07/28 19:28:49.487, 80.46, 0, 74232, 55
2026/07/28 19:28:50.517, 80.91, 0, 74232, 54
2026/07/28 19:28:51.550, 80.74, 0, 74232, 54
2026/07/28 19:28:52.580, 79.81, 0, 74232, 54
2026/07/28 19:28:53.610, 79.88, 0, 74232, 54
2026/07/28 19:28:54.640, 79.66, 0, 74232, 54
2026/07/28 19:28:55.673, 79.41, 0, 74232, 53
2026/07/28 19:28:56.703, 79.38, 0, 74232, 53
2026/07/28 19:28:57.732, 79.02, 0, 74232, 53
2026/07/28 19:28:58.763, 78.89, 0, 74232, 53
2026/07/28 19:28:59.794, 78.28, 0, 74232, 53
2026/07/28 19:29:00.825, 77.91, 0, 74232, 53
2026/07/28 19:29:02.255, 297.72, 100, 74232, 58
2026/07/28 19:29:03.312, 297.01, 100, 74232, 59
2026/07/28 19:29:04.346, 298.20, 100, 74232, 59
2026/07/28 19:29:05.382, 309.98, 100, 74232, 60
2026/07/28 19:29:06.416, 289.28, 100, 74232, 58
2026/07/28 19:29:07.452, 292.76, 100, 74232, 58
2026/07/28 19:29:08.488, 290.53, 100, 74232, 59
2026/07/28 19:29:09.523, 293.93, 100, 74232, 59
2026/07/28 19:29:10.559, 295.22, 100, 74232, 59
2026/07/28 19:29:11.596, 291.60, 100, 74232, 60
2026/07/28 19:29:12.632, 301.81, 100, 74232, 60
2026/07/28 19:29:13.669, 302.09, 100, 74232, 62
2026/07/28 19:29:14.703, 290.66, 100, 74232, 63
2026/07/28 19:29:15.797, 291.07, 100, 74232, 63
2026/07/28 19:29:16.830, 305.04, 100, 74232, 63
2026/07/28 19:29:17.863, 296.18, 100, 74232, 62
2026/07/28 19:29:18.906, 298.13, 100, 74232, 62
2026/07/28 19:29:19.942, 298.12, 100, 74232, 62
2026/07/28 19:29:20.978, 292.58, 100, 74232, 64
2026/07/28 19:29:22.012, 305.25, 100, 74232, 65
2026/07/28 19:29:23.049, 309.14, 100, 74232, 65
2026/07/28 19:29:24.082, 307.91, 100, 74232, 65
2026/07/28 19:29:25.116, 312.30, 100, 74232, 65
2026/07/28 19:29:26.149, 275.06, 100, 74232, 66
2026/07/28 19:29:27.182, 305.16, 100, 74232, 64
2026/07/28 19:29:28.218, 304.80, 100, 74232, 64
2026/07/28 19:29:29.253, 306.16, 100, 74232, 65
2026/07/28 19:29:30.291, 297.53, 100, 74232, 65
2026/07/28 19:29:31.329, 298.69, 100, 74232, 65
2026/07/28 19:29:32.365, 299.95, 100, 74232, 65
2026/07/28 19:29:33.402, 299.95, 100, 74232, 66
2026/07/28 19:29:34.439, 299.19, 100, 74232, 66
2026/07/28 19:29:35.478, 300.92, 100, 74232, 66
2026/07/28 19:29:36.514, 301.51, 100, 74232, 66
2026/07/28 19:29:37.550, 301.91, 100, 74232, 67
2026/07/28 19:29:38.586, 293.39, 100, 74232, 67
2026/07/28 19:29:39.623, 295.48, 100, 74232, 67
2026/07/28 19:29:40.659, 305.59, 100, 74232, 67
2026/07/28 19:29:41.695, 301.62, 100, 74232, 67
2026/07/28 19:29:42.732, 301.63, 100, 74232, 67
2026/07/28 19:29:43.775, 302.75, 100, 74232, 68
2026/07/28 19:29:44.813, 302.86, 100, 74232, 68
2026/07/28 19:29:45.849, 300.41, 100, 74232, 68
2026/07/28 19:29:46.886, 304.04, 100, 74232, 68
2026/07/28 19:29:47.921, 304.70, 100, 74232, 68
2026/07/28 19:29:48.959, 304.07, 100, 74232, 69
2026/07/28 19:29:49.997, 296.58, 100, 74232, 69
2026/07/28 19:29:51.033, 298.00, 100, 74232, 69
2026/07/28 19:29:52.069, 297.52, 100, 74232, 69
2026/07/28 19:29:53.106, 303.07, 100, 74232, 69
2026/07/28 19:29:54.144, 296.96, 100, 74232, 69
2026/07/28 19:29:55.180, 296.09, 100, 74232, 69
2026/07/28 19:29:56.219, 297.45, 100, 74232, 69
2026/07/28 19:29:57.255, 296.56, 100, 74232, 70
2026/07/28 19:29:58.293, 297.52, 100, 74232, 70
2026/07/28 19:29:59.330, 298.14, 100, 74232, 70
2026/07/28 19:30:00.367, 297.23, 100, 74232, 70
2026/07/28 19:30:01.404, 298.13, 100, 74232, 70
2026/07/28 19:30:02.440, 300.76, 100, 74232, 70
2026/07/28 19:30:03.477, 96.67, 0, 74232, 67
2026/07/28 19:30:04.510, 303.85, 100, 74232, 72
2026/07/28 19:30:05.543, 304.05, 100, 74232, 72
2026/07/28 19:30:06.578, 293.35, 100, 74232, 72
2026/07/28 19:30:07.614, 289.56, 100, 74232, 72
2026/07/28 19:30:08.647, 285.01, 100, 74232, 72
2026/07/28 19:30:09.680, 281.42, 100, 74232, 72
2026/07/28 19:30:10.716, 297.62, 100, 74232, 70
2026/07/28 19:30:11.752, 293.91, 100, 74232, 70
2026/07/28 19:30:12.789, 299.40, 100, 74232, 71
2026/07/28 19:30:13.830, 295.78, 100, 74232, 72
2026/07/28 19:30:14.868, 303.49, 100, 74232, 73
2026/07/28 19:30:15.901, 300.33, 100, 74232, 73
2026/07/28 19:30:16.936, 290.82, 100, 74232, 73
2026/07/28 19:30:17.970, 287.05, 100, 74232, 73
2026/07/28 19:30:19.005, 293.16, 100, 74232, 73
2026/07/28 19:30:20.039, 300.15, 100, 74232, 72
2026/07/28 19:30:21.074, 301.39, 100, 74232, 72
2026/07/28 19:30:22.111, 175.41, 100, 74232, 73
2026/07/28 19:30:23.146, 294.40, 100, 74232, 74
2026/07/28 19:30:24.181, 294.25, 100, 74232, 74
2026/07/28 19:30:25.216, 297.54, 100, 74232, 74
2026/07/28 19:30:26.249, 289.92, 100, 74232, 74
2026/07/28 19:30:27.282, 301.44, 100, 74232, 74
2026/07/28 19:30:28.316, 310.61, 100, 74232, 74
2026/07/28 19:30:29.351, 301.54, 100, 74232, 73
2026/07/28 19:30:30.388, 302.95, 100, 74232, 73
2026/07/28 19:30:31.426, 302.61, 100, 74232, 73
2026/07/28 19:30:32.462, 301.80, 100, 74232, 73
2026/07/28 19:30:33.499, 303.84, 100, 74232, 73
2026/07/28 19:30:34.537, 296.08, 100, 74232, 73
2026/07/28 19:30:35.575, 291.41, 100, 74232, 73
2026/07/28 19:30:36.615, 296.27, 100, 74232, 73
2026/07/28 19:30:37.653, 294.83, 100, 74232, 73
2026/07/28 19:30:38.689, 295.88, 100, 74232, 73
2026/07/28 19:30:39.728, 296.57, 100, 74232, 73
2026/07/28 19:30:40.765, 296.77, 100, 74232, 73
2026/07/28 19:30:41.803, 300.86, 100, 74232, 73
2026/07/28 19:30:42.842, 295.50, 100, 74232, 73
2026/07/28 19:30:43.879, 298.69, 100, 74232, 73
2026/07/28 19:30:44.917, 297.33, 100, 74232, 73
2026/07/28 19:30:45.953, 301.80, 100, 74232, 73
2026/07/28 19:30:46.992, 303.37, 100, 74232, 73
2026/07/28 19:30:48.030, 303.26, 100, 74232, 73
2026/07/28 19:30:49.068, 305.09, 100, 74232, 73
2026/07/28 19:30:50.105, 303.07, 100, 74232, 73
2026/07/28 19:30:51.141, 303.48, 100, 74232, 73
2026/07/28 19:30:52.181, 302.40, 100, 74232, 73
2026/07/28 19:30:53.219, 302.68, 100, 74232, 73
2026/07/28 19:30:54.257, 295.41, 100, 74232, 73
2026/07/28 19:30:55.295, 292.59, 100, 74232, 73
2026/07/28 19:30:56.331, 296.08, 100, 74232, 73
2026/07/28 19:30:57.370, 301.11, 100, 74232, 73
2026/07/28 19:30:58.406, 295.69, 100, 74232, 73
2026/07/28 19:30:59.442, 297.70, 100, 74232, 73
2026/07/28 19:31:00.479, 295.21, 100, 74232, 73
2026/07/28 19:31:01.515, 298.03, 100, 74232, 73
2026/07/28 19:31:02.552, 295.20, 100, 74232, 73
2026/07/28 19:31:03.589, 305.32, 100, 74232, 73
2026/07/28 19:31:04.626, 302.20, 100, 74232, 73
2026/07/28 19:31:05.662, 303.45, 100, 74232, 73
2026/07/28 19:31:06.698, 302.96, 100, 74232, 73
2026/07/28 19:31:07.735, 303.07, 100, 74232, 73
2026/07/28 19:31:08.773, 302.96, 100, 74232, 73
2026/07/28 19:31:09.810, 303.39, 100, 74232, 73
2026/07/28 19:31:10.847, 302.99, 100, 74232, 73
2026/07/28 19:31:11.884, 302.17, 100, 74232, 73
2026/07/28 19:31:12.928, 303.74, 100, 74232, 73
2026/07/28 19:31:13.965, 291.41, 100, 74232, 73
2026/07/28 19:31:15.001, 295.49, 100, 74232, 73
2026/07/28 19:31:16.042, 296.77, 100, 74232, 73
2026/07/28 19:31:17.080, 295.41, 100, 74232, 73
2026/07/28 19:31:18.116, 293.47, 100, 74232, 73
2026/07/28 19:31:19.155, 295.59, 100, 74232, 73
2026/07/28 19:31:20.191, 294.32, 100, 74232, 73
2026/07/28 19:31:21.227, 295.59, 100, 74232, 73
2026/07/28 19:31:22.266, 295.29, 100, 74232, 73
2026/07/28 19:31:23.305, 299.57, 100, 74232, 73
2026/07/28 19:31:24.342, 293.94, 69, 74232, 74
2026/07/28 19:31:25.380, 310.17, 100, 74232, 74
2026/07/28 19:31:26.415, 306.09, 100, 74232, 74
2026/07/28 19:31:27.452, 301.68, 100, 74232, 74
2026/07/28 19:31:28.485, 291.09, 100, 74232, 74
2026/07/28 19:31:29.521, 286.35, 100, 74232, 74
2026/07/28 19:31:30.557, 307.14, 100, 74232, 74
2026/07/28 19:31:31.592, 302.19, 100, 74232, 73
2026/07/28 19:31:32.629, 304.13, 100, 74232, 73
2026/07/28 19:31:33.666, 303.35, 100, 74232, 73
2026/07/28 19:31:34.702, 304.52, 100, 74232, 73
2026/07/28 19:31:35.739, 99.18, 0, 74232, 70
2026/07/28 19:31:36.774, 288.41, 100, 74232, 74
2026/07/28 19:31:37.810, 306.89, 100, 74232, 75
2026/07/28 19:31:38.845, 286.27, 100, 74232, 75
2026/07/28 19:31:39.882, 328.44, 100, 74232, 75
2026/07/28 19:31:40.923, 302.58, 100, 74232, 75
2026/07/28 19:31:41.958, 293.37, 100, 74232, 75
2026/07/28 19:31:42.992, 303.55, 100, 74232, 73
2026/07/28 19:31:44.029, 297.06, 100, 74232, 73
2026/07/28 19:31:45.066, 296.09, 100, 74232, 73
2026/07/28 19:31:46.104, 303.65, 100, 74232, 74
2026/07/28 19:31:47.142, 302.68, 100, 74232, 74
2026/07/28 19:31:48.180, 303.84, 100, 74232, 74
2026/07/28 19:31:49.219, 304.17, 100, 74232, 74
2026/07/28 19:31:50.256, 303.74, 100, 74232, 74
2026/07/28 19:31:51.295, 303.63, 100, 74232, 74
2026/07/28 19:31:52.331, 304.05, 100, 74232, 74
2026/07/28 19:31:53.369, 305.21, 100, 74232, 74
2026/07/28 19:31:54.405, 304.74, 100, 74232, 74
2026/07/28 19:31:55.442, 305.70, 100, 74232, 74
2026/07/28 19:31:56.480, 304.02, 100, 74232, 74
2026/07/28 19:31:57.518, 303.57, 100, 74232, 74
2026/07/28 19:31:58.555, 296.57, 100, 74232, 74
2026/07/28 19:31:59.592, 299.58, 100, 74232, 74
2026/07/28 19:32:00.629, 297.93, 100, 74232, 74
2026/07/28 19:32:01.666, 102.08, 0, 74232, 71
2026/07/28 19:32:02.699, 272.08, 100, 74232, 75
2026/07/28 19:32:03.734, 310.39, 100, 74232, 75
2026/07/28 19:32:04.770, 293.15, 100, 74232, 75
2026/07/28 19:32:05.806, 284.43, 100, 74232, 75
2026/07/28 19:32:06.842, 308.93, 100, 74232, 75
2026/07/28 19:32:07.877, 319.64, 100, 74232, 75
2026/07/28 19:32:08.912, 284.60, 100, 74232, 73
2026/07/28 19:32:09.950, 287.74, 100, 74232, 73
2026/07/28 19:32:10.988, 288.32, 100, 74232, 73
2026/07/28 19:32:12.031, 288.98, 100, 74232, 72
2026/07/28 19:32:13.064, 302.91, 100, 74232, 75
2026/07/28 19:32:14.101, 304.02, 100, 74232, 75
2026/07/28 19:32:15.137, 279.36, 100, 74232, 75
2026/07/28 19:32:16.177, 293.62, 100, 74232, 75
2026/07/28 19:32:17.212, 291.89, 100, 74232, 75
2026/07/28 19:32:18.247, 292.33, 100, 74232, 75
2026/07/28 19:32:19.290, 278.37, 100, 74232, 76
2026/07/28 19:32:20.325, 304.61, 100, 74232, 74
2026/07/28 19:32:21.363, 304.50, 100, 74232, 74
2026/07/28 19:32:22.401, 304.13, 100, 74232, 74
2026/07/28 19:32:23.438, 100.76, 0, 74232, 71
2026/07/28 19:32:24.472, 301.71, 100, 74232, 75
2026/07/28 19:32:25.510, 298.42, 100, 74232, 76
2026/07/28 19:32:26.547, 291.21, 100, 74232, 76
2026/07/28 19:32:27.582, 286.15, 100, 74232, 76
2026/07/28 19:32:28.620, 286.92, 100, 74232, 76
2026/07/28 19:32:29.654, 305.26, 100, 74232, 76
2026/07/28 19:32:30.689, 295.50, 100, 74232, 74
2026/07/28 19:32:31.728, 286.95, 100, 74232, 74
2026/07/28 19:32:32.766, 288.81, 100, 74232, 74
2026/07/28 19:32:33.803, 289.88, 100, 74232, 74
2026/07/28 19:32:34.841, 100.90, 0, 74232, 71
2026/07/28 19:32:35.877, 302.01, 100, 74232, 74
2026/07/28 19:32:36.914, 303.25, 100, 74232, 74
2026/07/28 19:32:37.951, 303.09, 100, 74232, 74
2026/07/28 19:32:38.989, 304.66, 100, 74232, 74
2026/07/28 19:32:40.027, 299.77, 100, 74232, 74
2026/07/28 19:32:41.065, 299.46, 100, 74232, 74
2026/07/28 19:32:42.103, 297.33, 100, 74232, 74
2026/07/28 19:32:43.142, 300.64, 100, 74232, 74
2026/07/28 19:32:44.182, 297.45, 100, 74232, 74
2026/07/28 19:32:45.220, 304.70, 100, 74232, 74
2026/07/28 19:32:46.259, 304.06, 100, 74232, 74
2026/07/28 19:32:47.301, 298.98, 100, 74232, 74
2026/07/28 19:32:48.338, 300.16, 100, 74232, 74
2026/07/28 19:32:49.376, 306.62, 100, 74232, 74
2026/07/28 19:32:50.415, 297.44, 100, 74232, 74
2026/07/28 19:32:51.452, 297.72, 100, 74232, 74
2026/07/28 19:32:52.489, 296.65, 100, 74232, 74
2026/07/28 19:32:53.526, 296.95, 100, 74232, 74
2026/07/28 19:32:54.565, 296.85, 100, 74232, 74
2026/07/28 19:32:55.605, 296.48, 100, 74232, 74
2026/07/28 19:32:56.647, 296.20, 100, 74232, 74
2026/07/28 19:32:57.685, 303.44, 100, 74232, 74
2026/07/28 19:32:58.724, 303.06, 100, 74232, 74
2026/07/28 19:32:59.764, 305.84, 100, 74232, 74
2026/07/28 19:33:00.801, 304.22, 100, 74232, 74
2026/07/28 19:33:01.839, 304.69, 100, 74232, 74
2026/07/28 19:33:02.878, 304.60, 100, 74232, 74
2026/07/28 19:33:03.916, 302.17, 100, 74232, 74
2026/07/28 19:33:04.954, 292.59, 100, 74232, 74
2026/07/28 19:33:05.992, 297.34, 100, 74232, 74
2026/07/28 19:33:07.030, 291.79, 100, 74232, 74
2026/07/28 19:33:08.069, 304.61, 100, 74232, 74
2026/07/28 19:33:09.105, 297.92, 100, 74232, 74
2026/07/28 19:33:10.145, 302.29, 100, 74232, 74
2026/07/28 19:33:11.183, 293.67, 100, 74232, 74
2026/07/28 19:33:12.219, 295.11, 100, 74232, 74
2026/07/28 19:33:13.257, 298.02, 100, 74232, 74
2026/07/28 19:33:14.295, 295.59, 100, 74232, 74
2026/07/28 19:33:15.333, 295.51, 100, 74232, 74
2026/07/28 19:33:16.370, 298.49, 100, 74232, 74
2026/07/28 19:33:17.408, 295.29, 100, 74232, 74
2026/07/28 19:33:18.447, 295.50, 100, 74232, 74
2026/07/28 19:33:19.484, 295.02, 100, 74232, 74
2026/07/28 19:33:20.523, 301.89, 100, 74232, 74
2026/07/28 19:33:21.559, 303.67, 100, 74232, 74
2026/07/28 19:33:22.597, 301.60, 100, 74232, 74
2026/07/28 19:33:23.635, 303.75, 100, 74232, 74
2026/07/28 19:33:24.672, 302.99, 100, 74232, 74
2026/07/28 19:33:25.710, 295.79, 100, 74232, 74
2026/07/28 19:33:26.749, 301.69, 100, 74232, 74
2026/07/28 19:33:27.789, 295.49, 100, 74232, 74
2026/07/28 19:33:28.827, 293.65, 100, 74232, 73
2026/07/28 19:33:29.864, 295.42, 100, 74232, 74
2026/07/28 19:33:30.904, 295.11, 100, 74232, 73
2026/07/28 19:33:31.942, 300.25, 100, 74232, 74
2026/07/28 19:33:32.989, 297.25, 100, 74232, 73
2026/07/28 19:33:34.026, 295.12, 100, 74232, 73
2026/07/28 19:33:35.063, 300.35, 100, 74232, 74
2026/07/28 19:33:36.101, 304.79, 100, 74232, 74
2026/07/28 19:33:37.138, 302.48, 100, 74232, 74
2026/07/28 19:33:38.177, 301.80, 100, 74232, 74
2026/07/28 19:33:39.215, 302.29, 100, 74232, 74
2026/07/28 19:33:40.253, 303.85, 100, 74232, 73
2026/07/28 19:33:41.293, 301.22, 100, 74232, 73
2026/07/28 19:33:42.330, 301.93, 100, 74232, 73
2026/07/28 19:33:43.368, 301.88, 100, 74232, 73
2026/07/28 19:33:44.405, 302.60, 100, 74232, 73
2026/07/28 19:33:45.442, 301.39, 100, 74232, 73
2026/07/28 19:33:46.481, 303.25, 100, 74232, 73
2026/07/28 19:33:47.521, 302.31, 100, 74232, 73
2026/07/28 19:33:48.559, 298.21, 100, 74232, 73
2026/07/28 19:33:49.597, 290.91, 100, 74232, 73
2026/07/28 19:33:50.635, 302.29, 100, 74232, 73
2026/07/28 19:33:51.674, 302.11, 100, 74232, 73
2026/07/28 19:33:52.711, 298.98, 100, 74232, 73
2026/07/28 19:33:53.749, 303.27, 100, 74232, 73
2026/07/28 19:33:54.787, 300.82, 100, 74232, 73
2026/07/28 19:33:55.828, 302.88, 100, 74232, 73
2026/07/28 19:33:56.866, 291.71, 100, 74232, 73
2026/07/28 19:33:57.903, 295.62, 100, 74232, 73
2026/07/28 19:33:58.943, 290.16, 100, 74232, 73
2026/07/28 19:33:59.980, 302.13, 100, 74232, 73
2026/07/28 19:34:01.017, 303.38, 100, 74232, 73
2026/07/28 19:34:02.055, 298.99, 100, 74232, 73
2026/07/28 19:34:03.091, 294.12, 100, 74232, 73
2026/07/28 19:34:04.129, 302.21, 100, 74232, 73
2026/07/28 19:34:05.167, 302.07, 100, 74232, 73
2026/07/28 19:34:06.206, 301.12, 100, 74232, 73
2026/07/28 19:34:07.243, 305.90, 100, 74232, 73
2026/07/28 19:34:08.282, 303.66, 100, 74232, 73
2026/07/28 19:34:09.320, 302.59, 100, 74232, 73
2026/07/28 19:34:10.358, 301.12, 100, 74232, 73
2026/07/28 19:34:11.396, 300.75, 100, 74232, 73
2026/07/28 19:34:12.434, 302.12, 100, 74232, 73
2026/07/28 19:34:13.471, 301.24, 100, 74232, 73
2026/07/28 19:34:14.508, 301.31, 100, 74232, 73
2026/07/28 19:34:15.545, 302.87, 100, 74232, 73
2026/07/28 19:34:16.582, 297.16, 100, 74232, 73
2026/07/28 19:34:17.619, 294.34, 100, 74232, 73
2026/07/28 19:34:18.657, 293.16, 100, 74232, 73
2026/07/28 19:34:19.693, 290.63, 100, 74232, 73
2026/07/28 19:34:20.732, 295.30, 100, 74232, 73
2026/07/28 19:34:21.770, 298.67, 100, 74232, 73
2026/07/28 19:34:22.808, 291.03, 100, 74232, 73
2026/07/28 19:34:23.846, 295.49, 100, 74232, 73
2026/07/28 19:34:24.886, 294.62, 100, 74232, 73
2026/07/28 19:34:25.927, 298.51, 100, 74232, 75
2026/07/28 19:34:26.962, 303.23, 100, 74232, 75
2026/07/28 19:34:27.996, 293.76, 100, 74232, 75
2026/07/28 19:34:29.031, 287.22, 100, 74232, 75
2026/07/28 19:34:30.065, 268.15, 100, 74232, 75
2026/07/28 19:34:31.100, 304.65, 100, 74232, 73
2026/07/28 19:34:32.139, 303.63, 100, 74232, 73
2026/07/28 19:34:33.176, 297.73, 100, 74232, 73
2026/07/28 19:34:34.214, 296.36, 100, 74232, 73
2026/07/28 19:34:35.251, 301.32, 100, 74232, 73
2026/07/28 19:34:36.291, 302.81, 100, 74232, 74
2026/07/28 19:34:37.328, 304.34, 100, 74232, 74
2026/07/28 19:34:38.366, 305.37, 100, 74232, 74
2026/07/28 19:34:39.405, 303.83, 100, 74232, 74
2026/07/28 19:34:40.443, 300.23, 100, 74232, 74
2026/07/28 19:34:41.482, 295.88, 100, 74232, 74
2026/07/28 19:34:42.519, 296.85, 100, 74232, 74
2026/07/28 19:34:43.556, 305.17, 100, 74232, 75
2026/07/28 19:34:44.592, 303.33, 100, 74232, 75
2026/07/28 19:34:45.628, 306.91, 100, 74232, 75
2026/07/28 19:34:46.663, 294.73, 100, 74232, 75
2026/07/28 19:34:47.700, 315.47, 100, 74232, 76
2026/07/28 19:34:48.738, 260.04, 100, 74232, 74
2026/07/28 19:34:49.776, 283.92, 100, 74232, 73
2026/07/28 19:34:50.817, 294.14, 100, 74232, 73
2026/07/28 19:34:51.856, 291.01, 100, 74232, 75
2026/07/28 19:34:52.891, 296.72, 100, 74232, 75
2026/07/28 19:34:53.927, 304.44, 100, 74232, 75
2026/07/28 19:34:54.961, 307.10, 100, 74232, 76
2026/07/28 19:34:55.997, 297.01, 100, 74232, 75
2026/07/28 19:34:57.033, 306.49, 100, 74232, 75
2026/07/28 19:34:58.072, 306.20, 100, 74232, 74
2026/07/28 19:34:59.111, 304.12, 100, 74232, 74
2026/07/28 19:35:00.149, 301.14, 100, 74232, 74
2026/07/28 19:35:01.187, 302.21, 100, 74232, 74
2026/07/28 19:35:02.225, 288.01, 100, 74232, 74
2026/07/28 19:35:03.263, 290.35, 100, 74232, 74
2026/07/28 19:35:04.305, 289.09, 100, 74232, 74
2026/07/28 19:35:05.346, 291.10, 100, 74232, 74
2026/07/28 19:35:06.384, 298.50, 88, 74232, 76
2026/07/28 19:35:07.421, 291.39, 100, 74232, 76
2026/07/28 19:35:08.456, 310.63, 100, 74232, 76
2026/07/28 19:35:09.492, 281.09, 100, 74232, 76
2026/07/28 19:35:10.528, 300.06, 100, 74232, 76
2026/07/28 19:35:11.570, 284.50, 100, 74232, 76
2026/07/28 19:35:12.605, 305.48, 100, 74232, 74
2026/07/28 19:35:13.643, 305.05, 100, 74232, 74
2026/07/28 19:35:14.681, 305.48, 100, 74232, 74
2026/07/28 19:35:15.720, 303.88, 100, 74232, 74
2026/07/28 19:35:16.758, 101.18, 0, 74232, 71
2026/07/28 19:35:17.791, 293.41, 100, 74232, 75
2026/07/28 19:35:18.826, 299.08, 100, 74232, 76
2026/07/28 19:35:19.861, 282.17, 100, 74232, 76
2026/07/28 19:35:20.896, 289.36, 100, 74232, 76
2026/07/28 19:35:21.932, 309.66, 100, 74232, 76
2026/07/28 19:35:22.968, 308.77, 100, 74232, 75
2026/07/28 19:35:24.009, 289.86, 100, 74232, 74
2026/07/28 19:35:25.047, 298.23, 100, 74232, 74
2026/07/28 19:35:26.084, 296.68, 100, 74232, 74
2026/07/28 19:35:27.124, 288.97, 100, 74232, 74
2026/07/28 19:35:28.162, 288.59, 100, 74232, 74
2026/07/28 19:35:29.201, 296.86, 100, 74232, 74
2026/07/28 19:35:30.239, 297.46, 100, 74232, 74
2026/07/28 19:35:31.277, 297.76, 100, 74232, 74
2026/07/28 19:35:32.317, 297.76, 100, 74232, 74
2026/07/28 19:35:33.354, 299.09, 100, 74232, 74
2026/07/28 19:35:34.392, 297.55, 100, 74232, 74
2026/07/28 19:35:35.430, 296.74, 100, 74232, 74
2026/07/28 19:35:36.468, 306.77, 100, 74232, 74
2026/07/28 19:35:37.506, 296.96, 100, 74232, 74
2026/07/28 19:35:38.544, 296.28, 100, 74232, 74
2026/07/28 19:35:39.585, 303.10, 100, 74232, 74
2026/07/28 19:35:40.622, 304.50, 100, 74232, 74
2026/07/28 19:35:41.660, 305.23, 100, 74232, 74
2026/07/28 19:35:42.698, 304.51, 100, 74232, 74
2026/07/28 19:35:43.736, 301.22, 100, 74232, 74
2026/07/28 19:35:44.774, 307.70, 100, 74232, 74
2026/07/28 19:35:45.811, 299.47, 100, 74232, 74
2026/07/28 19:35:46.849, 298.25, 100, 74232, 74
2026/07/28 19:35:47.886, 296.67, 100, 74232, 74
2026/07/28 19:35:48.924, 296.88, 100, 74232, 74
2026/07/28 19:35:49.961, 300.25, 100, 74232, 74
2026/07/28 19:35:50.998, 296.96, 100, 74232, 74
2026/07/28 19:35:52.036, 296.37, 100, 74232, 74
2026/07/28 19:35:53.074, 296.94, 100, 74232, 74
2026/07/28 19:35:54.111, 296.57, 100, 74232, 74
2026/07/28 19:35:55.149, 295.98, 100, 74232, 74
2026/07/28 19:35:56.186, 100.66, 0, 74232, 71
2026/07/28 19:35:57.221, 302.86, 100, 74232, 75
2026/07/28 19:35:58.260, 303.66, 100, 74232, 75
2026/07/28 19:35:59.298, 304.69, 100, 74232, 75
2026/07/28 19:36:00.334, 303.97, 100, 74232, 75
2026/07/28 19:36:01.369, 280.46, 100, 74232, 75
2026/07/28 19:36:02.408, 293.83, 100, 74232, 75
2026/07/28 19:36:03.444, 284.82, 100, 74232, 73
2026/07/28 19:36:04.483, 284.68, 100, 74232, 73
2026/07/28 19:36:05.522, 293.06, 100, 74232, 75
2026/07/28 19:36:06.557, 290.15, 100, 74232, 73
2026/07/28 19:36:07.596, 291.81, 100, 74232, 73
2026/07/28 19:36:08.637, 295.60, 100, 74232, 74
2026/07/28 19:36:09.676, 292.97, 100, 74232, 74
2026/07/28 19:36:10.714, 298.72, 100, 74232, 74
2026/07/28 19:36:11.756, 296.87, 100, 74232, 74
2026/07/28 19:36:12.796, 295.86, 100, 74232, 74
2026/07/28 19:36:13.834, 297.54, 100, 74232, 74
2026/07/28 19:36:14.875, 299.39, 100, 74232, 74
2026/07/28 19:36:15.912, 300.55, 100, 74232, 74
2026/07/28 19:36:16.950, 298.92, 100, 74232, 74
2026/07/28 19:36:17.987, 296.84, 100, 74232, 74
2026/07/28 19:36:19.025, 304.51, 100, 74232, 74
2026/07/28 19:36:20.062, 303.83, 100, 74232, 74
2026/07/28 19:36:21.100, 302.70, 100, 74232, 74
2026/07/28 19:36:22.141, 304.02, 100, 74232, 74
2026/07/28 19:36:23.178, 302.18, 100, 74232, 74
2026/07/28 19:36:24.222, 297.54, 100, 74232, 74
2026/07/28 19:36:25.260, 292.78, 100, 74232, 74
2026/07/28 19:36:26.298, 292.30, 100, 74232, 74
2026/07/28 19:36:27.334, 298.14, 100, 74232, 74
2026/07/28 19:36:28.372, 295.21, 100, 74232, 74
2026/07/28 19:36:29.409, 299.98, 100, 74232, 74
2026/07/28 19:36:30.446, 296.65, 100, 74232, 74
2026/07/28 19:36:31.484, 295.30, 100, 74232, 74
2026/07/28 19:36:32.527, 296.28, 100, 74232, 74
2026/07/28 19:36:33.565, 295.42, 100, 74232, 74
2026/07/28 19:36:34.603, 294.94, 100, 74232, 74
2026/07/28 19:36:35.644, 301.82, 100, 74232, 74
2026/07/28 19:36:36.682, 300.55, 100, 74232, 74
2026/07/28 19:36:37.719, 300.09, 100, 74232, 74
2026/07/28 19:36:38.757, 298.51, 100, 74232, 74
2026/07/28 19:36:39.794, 300.94, 100, 74232, 74
2026/07/28 19:36:40.833, 300.08, 100, 74232, 74
2026/07/28 19:36:41.870, 301.90, 100, 74232, 74
2026/07/28 19:36:42.906, 303.26, 100, 74232, 74
2026/07/28 19:36:43.944, 301.91, 100, 74232, 74
2026/07/28 19:36:44.982, 303.25, 100, 74232, 74
2026/07/28 19:36:46.020, 301.43, 100, 74232, 74
2026/07/28 19:36:47.061, 297.73, 100, 74232, 73
2026/07/28 19:36:48.099, 295.68, 100, 74232, 73
2026/07/28 19:36:49.137, 294.32, 100, 74232, 73
2026/07/28 19:36:50.176, 296.26, 100, 74232, 73
2026/07/28 19:36:51.214, 295.11, 100, 74232, 73
2026/07/28 19:36:52.252, 295.29, 100, 74232, 73
2026/07/28 19:36:53.289, 295.21, 100, 74232, 73
2026/07/28 19:36:54.327, 294.64, 100, 74232, 73
2026/07/28 19:36:55.364, 295.60, 100, 74232, 73
2026/07/28 19:36:56.406, 294.91, 100, 74232, 73
2026/07/28 19:36:57.444, 304.21, 100, 74232, 73
2026/07/28 19:36:58.482, 297.82, 100, 74232, 73
2026/07/28 19:36:59.521, 298.73, 100, 74232, 73
2026/07/28 19:37:00.559, 303.94, 100, 74232, 73
2026/07/28 19:37:01.596, 303.77, 100, 74232, 73
2026/07/28 19:37:02.635, 301.42, 100, 74232, 73
2026/07/28 19:37:03.673, 307.72, 100, 74232, 73
2026/07/28 19:37:04.711, 299.10, 100, 74232, 73
2026/07/28 19:37:05.750, 294.43, 100, 74232, 73
2026/07/28 19:37:06.787, 297.83, 100, 74232, 73
2026/07/28 19:37:07.825, 298.70, 100, 74232, 73
2026/07/28 19:37:08.861, 302.48, 100, 74232, 73
2026/07/28 19:37:09.899, 296.87, 100, 74232, 73
2026/07/28 19:37:10.936, 296.07, 100, 74232, 73
2026/07/28 19:37:11.974, 295.32, 100, 74232, 73
2026/07/28 19:37:13.014, 296.39, 100, 74232, 73
2026/07/28 19:37:14.051, 294.52, 100, 74232, 73
2026/07/28 19:37:15.088, 293.94, 100, 74232, 73
2026/07/28 19:37:16.126, 296.65, 100, 74232, 73
2026/07/28 19:37:17.164, 295.02, 100, 74232, 73
2026/07/28 19:37:18.207, 294.82, 100, 74232, 73
2026/07/28 19:37:19.245, 299.67, 100, 74232, 73
2026/07/28 19:37:20.283, 295.50, 100, 74232, 73
2026/07/28 19:37:21.322, 291.02, 100, 74232, 73
2026/07/28 19:37:22.361, 292.28, 100, 74232, 73
2026/07/28 19:37:23.398, 296.30, 100, 74232, 73
2026/07/28 19:37:24.436, 299.30, 100, 74232, 73
2026/07/28 19:37:25.479, 298.79, 100, 74232, 73
2026/07/28 19:37:26.518, 305.09, 100, 74232, 74
2026/07/28 19:37:27.556, 302.99, 100, 74232, 74
2026/07/28 19:37:28.596, 298.70, 100, 74232, 73
2026/07/28 19:37:29.633, 302.59, 100, 74232, 74
2026/07/28 19:37:30.671, 303.34, 100, 74232, 74
2026/07/28 19:37:31.709, 301.53, 100, 74232, 74
2026/07/28 19:37:32.747, 303.07, 100, 74232, 74
2026/07/28 19:37:33.784, 303.24, 100, 74232, 74
2026/07/28 19:37:34.822, 303.43, 100, 74232, 74
2026/07/28 19:37:35.860, 291.32, 100, 74232, 73
2026/07/28 19:37:36.899, 290.83, 100, 74232, 73
2026/07/28 19:37:37.937, 292.67, 100, 74232, 73
2026/07/28 19:37:38.975, 302.34, 100, 74232, 74
2026/07/28 19:37:40.012, 301.92, 100, 74232, 73
2026/07/28 19:37:41.052, 304.24, 100, 74232, 73
2026/07/28 19:37:42.090, 294.34, 100, 74232, 73
2026/07/28 19:37:43.129, 290.44, 100, 74232, 73
2026/07/28 19:37:44.166, 298.78, 100, 74232, 73
2026/07/28 19:37:45.205, 293.76, 100, 74232, 73
2026/07/28 19:37:46.244, 293.33, 100, 74232, 73
2026/07/28 19:37:47.281, 294.43, 100, 74232, 73
2026/07/28 19:37:48.321, 291.03, 100, 74232, 73
2026/07/28 19:37:49.360, 296.50, 100, 74232, 73
2026/07/28 19:37:50.398, 302.01, 100, 74232, 73
2026/07/28 19:37:51.439, 296.29, 100, 74232, 73
2026/07/28 19:37:52.476, 300.27, 100, 74232, 73
2026/07/28 19:37:53.514, 303.93, 100, 74232, 74
2026/07/28 19:37:54.552, 302.98, 100, 74232, 74
2026/07/28 19:37:55.589, 301.90, 100, 74232, 74
2026/07/28 19:37:56.627, 303.08, 100, 74232, 73
2026/07/28 19:37:57.665, 302.97, 100, 74232, 73
2026/07/28 19:37:58.702, 301.45, 100, 74232, 73
2026/07/28 19:37:59.739, 298.70, 100, 74232, 73
2026/07/28 19:38:00.776, 303.43, 100, 74232, 73
2026/07/28 19:38:01.814, 302.10, 100, 74232, 74
2026/07/28 19:38:02.851, 304.04, 100, 74232, 74
2026/07/28 19:38:03.890, 301.45, 100, 74232, 73
2026/07/28 19:38:04.930, 296.68, 100, 74232, 73
2026/07/28 19:38:05.968, 302.29, 100, 74232, 73
2026/07/28 19:38:07.009, 296.37, 100, 74232, 73
2026/07/28 19:38:08.048, 291.73, 100, 74232, 73
2026/07/28 19:38:09.086, 291.01, 100, 74232, 73
2026/07/28 19:38:10.124, 291.32, 100, 74232, 73
2026/07/28 19:38:11.162, 295.02, 100, 74232, 73
2026/07/28 19:38:12.200, 293.75, 100, 74232, 73
2026/07/28 19:38:13.237, 297.61, 100, 74232, 73
2026/07/28 19:38:14.274, 297.14, 100, 74232, 73
2026/07/28 19:38:15.311, 295.59, 100, 74232, 73
2026/07/28 19:38:16.349, 297.71, 100, 74232, 73
2026/07/28 19:38:17.386, 294.92, 100, 74232, 73
2026/07/28 19:38:18.424, 294.05, 100, 74232, 73
2026/07/28 19:38:19.461, 297.24, 100, 74232, 73
2026/07/28 19:38:20.498, 291.12, 100, 74232, 73
2026/07/28 19:38:21.536, 295.11, 100, 74232, 73
2026/07/28 19:38:22.579, 296.84, 100, 74232, 73
2026/07/28 19:38:23.617, 294.53, 100, 74232, 73
2026/07/28 19:38:24.655, 302.19, 100, 74232, 73
2026/07/28 19:38:25.693, 294.54, 100, 74232, 73
2026/07/28 19:38:26.734, 298.30, 100, 74232, 73
2026/07/28 19:38:27.773, 295.18, 100, 74232, 73
2026/07/28 19:38:28.810, 295.99, 100, 74232, 73
2026/07/28 19:38:29.850, 294.24, 100, 74232, 73
2026/07/28 19:38:30.889, 299.75, 100, 74232, 73
2026/07/28 19:38:31.927, 293.74, 100, 74232, 73
2026/07/28 19:38:32.967, 295.30, 100, 74232, 73
2026/07/28 19:38:34.005, 298.32, 100, 74232, 73
2026/07/28 19:38:35.043, 295.02, 100, 74232, 73
2026/07/28 19:38:36.080, 296.47, 100, 74232, 73
2026/07/28 19:38:37.119, 302.97, 100, 74232, 74
2026/07/28 19:38:38.158, 304.02, 100, 74232, 74
2026/07/28 19:38:39.194, 300.19, 100, 74232, 73
2026/07/28 19:38:40.232, 303.25, 100, 74232, 74
2026/07/28 19:38:41.269, 301.98, 100, 74232, 73
2026/07/28 19:38:42.306, 303.29, 100, 74232, 74
2026/07/28 19:38:43.343, 302.31, 100, 74232, 74
2026/07/28 19:38:44.381, 301.41, 100, 74232, 74
2026/07/28 19:38:45.418, 303.68, 100, 74232, 74
2026/07/28 19:38:46.456, 302.96, 100, 74232, 74
2026/07/28 19:38:47.494, 301.80, 100, 74232, 74
2026/07/28 19:38:48.533, 303.38, 100, 74232, 73
2026/07/28 19:38:49.571, 297.54, 100, 74232, 73
2026/07/28 19:38:50.608, 297.24, 100, 74232, 73
2026/07/28 19:38:51.646, 296.28, 100, 74232, 73
2026/07/28 19:38:52.683, 296.18, 100, 74232, 73
2026/07/28 19:38:53.721, 295.99, 100, 74232, 73
2026/07/28 19:38:54.760, 294.80, 100, 74232, 73
2026/07/28 19:38:55.797, 296.68, 100, 74232, 73
2026/07/28 19:38:56.834, 296.36, 100, 74232, 73
2026/07/28 19:38:57.872, 295.41, 100, 74232, 73
2026/07/28 19:38:58.911, 297.84, 100, 74232, 73
2026/07/28 19:38:59.949, 292.09, 100, 74232, 73
2026/07/28 19:39:00.987, 295.20, 100, 74232, 73
2026/07/28 19:39:02.025, 296.08, 100, 74232, 73
2026/07/28 19:39:03.062, 302.86, 100, 74232, 73
2026/07/28 19:39:04.099, 302.33, 100, 74232, 73
2026/07/28 19:39:05.136, 299.58, 100, 74232, 74
2026/07/28 19:39:06.173, 302.12, 100, 74232, 74
2026/07/28 19:39:07.212, 302.14, 100, 74232, 74
2026/07/28 19:39:08.249, 301.61, 100, 74232, 74
2026/07/28 19:39:09.285, 304.04, 100, 74232, 74
2026/07/28 19:39:10.324, 302.49, 100, 74232, 74
2026/07/28 19:39:11.361, 302.03, 100, 74232, 74
2026/07/28 19:39:12.398, 303.37, 100, 74232, 73
2026/07/28 19:39:13.437, 305.00, 100, 74232, 75
2026/07/28 19:39:14.471, 286.37, 100, 74232, 75
2026/07/28 19:39:15.505, 294.13, 100, 74232, 75
2026/07/28 19:39:16.539, 276.98, 100, 74232, 75
2026/07/28 19:39:17.574, 266.20, 100, 74232, 75
2026/07/28 19:39:18.609, 270.52, 100, 74232, 75
2026/07/28 19:39:19.643, 305.02, 100, 74232, 75
2026/07/28 19:39:20.678, 296.38, 100, 74232, 73
2026/07/28 19:39:21.719, 296.68, 100, 74232, 73
2026/07/28 19:39:22.757, 292.49, 100, 74232, 73
2026/07/28 19:39:23.793, 100.56, 0, 74232, 70
2026/07/28 19:39:24.828, 304.61, 100, 74232, 75
2026/07/28 19:39:25.864, 284.45, 100, 74232, 75
2026/07/28 19:39:26.901, 278.22, 100, 74232, 75
2026/07/28 19:39:27.937, 307.08, 100, 74232, 75
2026/07/28 19:39:28.972, 300.17, 100, 74232, 75
2026/07/28 19:39:30.006, 303.72, 100, 74232, 75
2026/07/28 19:39:31.047, 269.03, 100, 74232, 75
2026/07/28 19:39:32.082, 280.17, 100, 74232, 73
2026/07/28 19:39:33.119, 289.08, 100, 74232, 73
2026/07/28 19:39:34.157, 285.58, 100, 74232, 74
2026/07/28 19:39:35.193, 298.10, 84, 74232, 75
2026/07/28 19:39:36.227, 300.45, 100, 74232, 76
2026/07/28 19:39:37.261, 291.04, 100, 74232, 76
2026/07/28 19:39:38.305, 307.51, 100, 74232, 76
2026/07/28 19:39:39.342, 311.79, 100, 74232, 76
2026/07/28 19:39:40.383, 291.58, 100, 74232, 76
2026/07/28 19:39:41.417, 277.49, 100, 74232, 76
2026/07/28 19:39:42.451, 304.50, 100, 74232, 74
2026/07/28 19:39:43.489, 304.31, 100, 74232, 74
2026/07/28 19:39:44.525, 303.88, 100, 74232, 74
2026/07/28 19:39:45.565, 307.03, 100, 74232, 74
2026/07/28 19:39:46.603, 298.04, 100, 74232, 74
2026/07/28 19:39:47.645, 107.34, 100, 74232, 72
2026/07/28 19:39:48.678, 294.04, 100, 74232, 74
2026/07/28 19:39:49.717, 302.88, 100, 74232, 74
2026/07/28 19:39:50.754, 302.99, 100, 74232, 75
2026/07/28 19:39:51.790, 303.53, 100, 74232, 75
2026/07/28 19:39:52.826, 305.09, 100, 74232, 74
2026/07/28 19:39:53.870, 292.67, 100, 74232, 74
2026/07/28 19:39:54.909, 296.58, 100, 74232, 74
2026/07/28 19:39:55.947, 299.00, 100, 74232, 74
2026/07/28 19:39:56.987, 298.90, 100, 74232, 74
2026/07/28 19:39:58.026, 296.08, 100, 74232, 74
2026/07/28 19:39:59.064, 295.30, 100, 74232, 74
2026/07/28 19:40:00.103, 297.34, 100, 74232, 74
2026/07/28 19:40:01.139, 297.53, 100, 74232, 74
2026/07/28 19:40:02.177, 297.65, 100, 74232, 74
2026/07/28 19:40:03.214, 295.60, 100, 74232, 74
2026/07/28 19:40:04.251, 296.08, 100, 74232, 74
2026/07/28 19:40:05.289, 297.81, 100, 74232, 74
2026/07/28 19:40:06.328, 303.68, 100, 74232, 74
2026/07/28 19:40:07.365, 302.47, 100, 74232, 74
2026/07/28 19:40:08.402, 300.18, 100, 74232, 74
2026/07/28 19:40:09.439, 306.14, 100, 74232, 74
2026/07/28 19:40:10.476, 296.73, 100, 74232, 74
2026/07/28 19:40:11.513, 301.83, 100, 74232, 74
2026/07/28 19:40:12.551, 296.85, 100, 74232, 74
2026/07/28 19:40:13.587, 299.38, 100, 74232, 74
2026/07/28 19:40:14.625, 299.47, 100, 74232, 74
2026/07/28 19:40:15.661, 304.36, 100, 74232, 74
2026/07/28 19:40:16.699, 297.81, 100, 74232, 74
2026/07/28 19:40:17.736, 296.29, 100, 74232, 74
2026/07/28 19:40:18.773, 301.51, 100, 74232, 74
2026/07/28 19:40:19.810, 302.71, 100, 74232, 74
2026/07/28 19:40:20.849, 302.67, 100, 74232, 74
2026/07/28 19:40:21.887, 300.85, 100, 74232, 74
2026/07/28 19:40:22.930, 302.86, 100, 74232, 74
2026/07/28 19:40:23.968, 295.11, 100, 74232, 74
2026/07/28 19:40:25.007, 296.08, 100, 74232, 74
2026/07/28 19:40:26.046, 295.98, 100, 74232, 74
2026/07/28 19:40:27.083, 295.22, 100, 74232, 74
2026/07/28 19:40:28.121, 295.41, 100, 74232, 74
2026/07/28 19:40:29.161, 296.57, 100, 74232, 74
2026/07/28 19:40:30.200, 294.82, 100, 74232, 74
2026/07/28 19:40:31.238, 296.38, 100, 74232, 74
2026/07/28 19:40:32.276, 306.55, 100, 74232, 74
2026/07/28 19:40:33.314, 299.47, 100, 74232, 74
2026/07/28 19:40:34.353, 295.11, 100, 74232, 74
2026/07/28 19:40:35.390, 304.80, 100, 74232, 74
2026/07/28 19:40:36.427, 302.89, 100, 74232, 74
2026/07/28 19:40:37.466, 299.19, 100, 74232, 74
2026/07/28 19:40:38.505, 304.44, 100, 74232, 74
2026/07/28 19:40:39.543, 301.63, 100, 74232, 74
2026/07/28 19:40:40.581, 304.81, 100, 74232, 74
2026/07/28 19:40:41.618, 304.54, 100, 74232, 74
2026/07/28 19:40:42.656, 304.12, 100, 74232, 74
2026/07/28 19:40:43.695, 304.60, 100, 74232, 74
2026/07/28 19:40:44.733, 301.72, 100, 74232, 74
2026/07/28 19:40:45.771, 302.36, 100, 74232, 74
2026/07/28 19:40:46.809, 303.96, 100, 74232, 73
2026/07/28 19:40:47.846, 302.02, 100, 74232, 73
2026/07/28 19:40:48.884, 302.49, 100, 74232, 73
2026/07/28 19:40:49.921, 303.38, 100, 74232, 73
2026/07/28 19:40:50.960, 301.35, 100, 74232, 73
2026/07/28 19:40:51.997, 302.14, 100, 74232, 73
2026/07/28 19:40:53.034, 303.20, 100, 74232, 73
2026/07/28 19:40:54.076, 295.42, 100, 74232, 73
2026/07/28 19:40:55.113, 296.76, 100, 74232, 73
2026/07/28 19:40:56.151, 295.69, 100, 74232, 73
2026/07/28 19:40:57.189, 291.31, 100, 74232, 73
2026/07/28 19:40:58.227, 293.75, 100, 74232, 73
2026/07/28 19:40:59.265, 295.90, 100, 74232, 73
2026/07/28 19:41:00.303, 295.69, 100, 74232, 73
2026/07/28 19:41:01.342, 293.54, 100, 74232, 73
2026/07/28 19:41:02.380, 302.10, 100, 74232, 73
2026/07/28 19:41:03.418, 295.23, 100, 74232, 73
2026/07/28 19:41:04.455, 294.64, 100, 74232, 73
2026/07/28 19:41:05.492, 294.81, 100, 74232, 73
2026/07/28 19:41:06.529, 295.20, 100, 74232, 73
2026/07/28 19:41:07.567, 295.59, 100, 74232, 73
2026/07/28 19:41:08.607, 299.57, 100, 74232, 73
2026/07/28 19:41:09.646, 303.73, 100, 74232, 74
2026/07/28 19:41:10.683, 299.38, 100, 74232, 74
2026/07/28 19:41:11.722, 294.61, 100, 74232, 73
2026/07/28 19:41:12.760, 296.47, 100, 74232, 73
2026/07/28 19:41:13.798, 301.80, 100, 74232, 73
2026/07/28 19:41:14.834, 294.71, 100, 74232, 73
2026/07/28 19:41:15.870, 292.66, 100, 74232, 73
2026/07/28 19:41:16.909, 295.30, 100, 74232, 73
2026/07/28 19:41:17.946, 302.80, 100, 74232, 73
2026/07/28 19:41:18.983, 297.52, 100, 74232, 73
2026/07/28 19:41:20.023, 293.55, 100, 74232, 73
2026/07/28 19:41:21.061, 295.02, 100, 74232, 73
2026/07/28 19:41:22.099, 299.28, 100, 74232, 73
2026/07/28 19:41:23.137, 299.25, 100, 74232, 73
2026/07/28 19:41:24.176, 290.55, 100, 74232, 73
2026/07/28 19:41:25.214, 296.10, 100, 74232, 73
2026/07/28 19:41:26.253, 294.15, 100, 74232, 73
2026/07/28 19:41:27.290, 301.92, 100, 74232, 73
2026/07/28 19:41:28.330, 302.48, 100, 74232, 73
2026/07/28 19:41:29.368, 298.32, 100, 74232, 73
2026/07/28 19:41:30.405, 303.29, 100, 74232, 73
2026/07/28 19:41:31.443, 304.55, 100, 74232, 74
2026/07/28 19:41:32.480, 302.97, 100, 74232, 74
2026/07/28 19:41:33.516, 303.08, 100, 74232, 74
2026/07/28 19:41:34.552, 304.70, 100, 74232, 74
2026/07/28 19:41:35.589, 302.89, 100, 74232, 74
2026/07/28 19:41:36.626, 301.52, 100, 74232, 73
2026/07/28 19:41:37.665, 295.02, 100, 74232, 73
2026/07/28 19:41:38.703, 296.58, 100, 74232, 73
2026/07/28 19:41:39.738, 291.89, 100, 74232, 75
2026/07/28 19:41:40.772, 285.89, 100, 74232, 75
2026/07/28 19:41:41.807, 290.05, 100, 74232, 75
2026/07/28 19:41:42.843, 279.52, 100, 74232, 75
2026/07/28 19:41:43.876, 302.87, 100, 74232, 75
2026/07/28 19:41:44.912, 262.20, 100, 74232, 75
2026/07/28 19:41:45.946, 318.69, 100, 74232, 75
2026/07/28 19:41:46.983, 293.37, 100, 74232, 73
2026/07/28 19:41:48.024, 295.89, 100, 74232, 73
2026/07/28 19:41:49.066, 285.47, 100, 74232, 73
2026/07/28 19:41:50.104, 289.11, 100, 74232, 73
2026/07/28 19:41:51.143, 285.17, 100, 74232, 73
2026/07/28 19:41:52.180, 295.61, 100, 74232, 74
2026/07/28 19:41:53.218, 291.43, 100, 74232, 74
2026/07/28 19:41:54.255, 298.25, 100, 74232, 74
2026/07/28 19:41:55.292, 303.36, 100, 74232, 74
2026/07/28 19:41:56.331, 306.43, 100, 74232, 74
2026/07/28 19:41:57.369, 304.41, 100, 74232, 74
2026/07/28 19:41:58.406, 301.50, 100, 74232, 74
2026/07/28 19:41:59.443, 304.70, 100, 74232, 74
2026/07/28 19:42:00.480, 304.57, 100, 74232, 74
2026/07/28 19:42:01.516, 307.32, 100, 74232, 74
2026/07/28 19:42:02.552, 303.98, 100, 74232, 74
2026/07/28 19:42:03.589, 305.05, 100, 74232, 74
2026/07/28 19:42:04.626, 304.91, 100, 74232, 74
2026/07/28 19:42:05.662, 304.52, 100, 74232, 74
2026/07/28 19:42:06.700, 304.90, 100, 74232, 74
2026/07/28 19:42:07.736, 305.60, 100, 74232, 74
2026/07/28 19:42:08.772, 304.52, 100, 74232, 74
2026/07/28 19:42:09.808, 304.80, 100, 74232, 74
2026/07/28 19:42:10.846, 306.24, 100, 74232, 74
2026/07/28 19:42:11.884, 304.80, 100, 74232, 74
2026/07/28 19:42:12.920, 306.36, 100, 74232, 74
2026/07/28 19:42:13.959, 296.29, 100, 74232, 74
2026/07/28 19:42:14.996, 292.23, 100, 74232, 74
2026/07/28 19:42:16.034, 304.03, 100, 74232, 74
2026/07/28 19:42:17.072, 295.21, 100, 74232, 75
2026/07/28 19:42:18.111, 299.39, 100, 74232, 75
2026/07/28 19:42:19.148, 293.67, 100, 74232, 75
2026/07/28 19:42:20.188, 291.20, 100, 74232, 75
2026/07/28 19:42:21.226, 324.43, 100, 74232, 75
2026/07/28 19:42:22.261, 324.25, 100, 74232, 75
2026/07/28 19:42:23.303, 318.72, 100, 74232, 75
2026/07/28 19:42:24.339, 302.97, 100, 74232, 73
2026/07/28 19:42:25.376, 299.40, 100, 74232, 73
2026/07/28 19:42:26.413, 299.40, 100, 74232, 75
2026/07/28 19:42:27.449, 297.53, 100, 74232, 73
2026/07/28 19:42:28.488, 294.40, 100, 74232, 73
2026/07/28 19:42:29.527, 294.23, 100, 74232, 73
2026/07/28 19:42:30.565, 295.98, 100, 74232, 74
2026/07/28 19:42:31.605, 296.01, 100, 74232, 74
2026/07/28 19:42:32.646, 287.42, 100, 74232, 74
2026/07/28 19:42:33.682, 294.60, 100, 74232, 74
2026/07/28 19:42:34.719, 296.08, 100, 74232, 74
2026/07/28 19:42:35.756, 295.41, 100, 74232, 74
2026/07/28 19:42:36.795, 296.94, 100, 74232, 74
2026/07/28 19:42:37.834, 299.86, 100, 74232, 74
2026/07/28 19:42:38.872, 296.37, 100, 74232, 74
2026/07/28 19:42:39.909, 295.60, 100, 74232, 74
2026/07/28 19:42:40.945, 297.65, 100, 74232, 74
2026/07/28 19:42:41.984, 303.56, 100, 74232, 74
2026/07/28 19:42:43.022, 299.59, 100, 74232, 74
2026/07/28 19:42:44.060, 299.00, 100, 74232, 74
2026/07/28 19:42:45.100, 303.08, 100, 74232, 74
2026/07/28 19:42:46.139, 302.62, 100, 74232, 74
2026/07/28 19:42:47.175, 302.38, 100, 74232, 74
2026/07/28 19:42:48.213, 303.45, 100, 74232, 74
2026/07/28 19:42:49.250, 295.02, 100, 74232, 73
2026/07/28 19:42:50.290, 292.31, 100, 74232, 73
2026/07/28 19:42:51.328, 292.47, 100, 74232, 73
2026/07/28 19:42:52.365, 296.08, 100, 74232, 73
2026/07/28 19:42:53.403, 295.49, 100, 74232, 73
2026/07/28 19:42:54.440, 294.71, 100, 74232, 73
2026/07/28 19:42:55.477, 296.17, 100, 74232, 73
2026/07/28 19:42:56.513, 293.65, 100, 74232, 73
2026/07/28 19:42:57.550, 294.23, 100, 74232, 73
2026/07/28 19:42:58.587, 293.95, 100, 74232, 73
2026/07/28 19:42:59.624, 298.41, 100, 74232, 73
2026/07/28 19:43:00.664, 298.57, 100, 74232, 73
2026/07/28 19:43:01.700, 299.60, 100, 74232, 73
2026/07/28 19:43:02.737, 306.34, 100, 74232, 73
2026/07/28 19:43:03.774, 302.10, 100, 74232, 73
2026/07/28 19:43:04.812, 300.85, 100, 74232, 73
2026/07/28 19:43:05.849, 303.83, 100, 74232, 73
2026/07/28 19:43:06.886, 302.37, 100, 74232, 73
2026/07/28 19:43:07.923, 303.45, 100, 74232, 73
2026/07/28 19:43:08.959, 304.45, 100, 74232, 73
2026/07/28 19:43:09.994, 301.16, 100, 74232, 73
2026/07/28 19:43:11.032, 302.08, 100, 74232, 73
2026/07/28 19:43:12.070, 303.29, 100, 74232, 73
2026/07/28 19:43:13.107, 302.78, 100, 74232, 73
2026/07/28 19:43:14.144, 304.15, 100, 74232, 73
2026/07/28 19:43:15.181, 302.28, 100, 74232, 73
2026/07/28 19:43:16.223, 302.86, 100, 74232, 73
2026/07/28 19:43:17.263, 303.13, 100, 74232, 73
2026/07/28 19:43:18.299, 289.87, 100, 74232, 73
2026/07/28 19:43:19.340, 294.63, 100, 74232, 73
2026/07/28 19:43:20.379, 293.54, 100, 74232, 73
2026/07/28 19:43:21.416, 295.02, 100, 74232, 73
2026/07/28 19:43:22.456, 293.95, 100, 74232, 73
2026/07/28 19:43:23.494, 293.65, 100, 74232, 73
2026/07/28 19:43:24.532, 295.40, 100, 74232, 73
2026/07/28 19:43:25.569, 293.76, 100, 74232, 73
2026/07/28 19:43:26.606, 295.49, 100, 74232, 73
2026/07/28 19:43:27.643, 294.33, 100, 74232, 73
2026/07/28 19:43:28.680, 300.34, 100, 74232, 73
2026/07/28 19:43:29.718, 297.85, 100, 74232, 73
2026/07/28 19:43:30.758, 304.47, 100, 74232, 73
2026/07/28 19:43:31.799, 295.11, 100, 74232, 73
2026/07/28 19:43:32.837, 292.00, 100, 74232, 73
2026/07/28 19:43:33.876, 296.86, 100, 74232, 73
2026/07/28 19:43:34.918, 301.03, 100, 74232, 73
2026/07/28 19:43:35.956, 302.47, 100, 74232, 73
2026/07/28 19:43:36.995, 296.09, 100, 74232, 73
2026/07/28 19:43:38.033, 298.33, 100, 74232, 73
2026/07/28 19:43:39.071, 305.38, 100, 74232, 73
2026/07/28 19:43:40.108, 302.12, 100, 74232, 73
2026/07/28 19:43:41.145, 299.49, 100, 74232, 73
2026/07/28 19:43:42.183, 302.71, 100, 74232, 73
2026/07/28 19:43:43.220, 294.52, 100, 74232, 73
2026/07/28 19:43:44.258, 300.86, 100, 74232, 73
2026/07/28 19:43:45.297, 296.18, 100, 74232, 73
2026/07/28 19:43:46.334, 294.23, 100, 74232, 73
2026/07/28 19:43:47.379, 294.83, 100, 74232, 73
2026/07/28 19:43:48.419, 295.20, 100, 74232, 73
2026/07/28 19:43:49.455, 296.85, 100, 74232, 73
2026/07/28 19:43:50.493, 294.04, 100, 74232, 73
2026/07/28 19:43:51.530, 299.95, 100, 74232, 73
2026/07/28 19:43:52.566, 296.08, 100, 74232, 73
2026/07/28 19:43:53.604, 297.73, 100, 74232, 73
2026/07/28 19:43:54.643, 298.91, 100, 74232, 73
2026/07/28 19:43:55.683, 303.97, 100, 74232, 73
2026/07/28 19:43:56.721, 300.05, 100, 74232, 73
2026/07/28 19:43:57.758, 302.10, 100, 74232, 73
2026/07/28 19:43:58.796, 303.15, 100, 74232, 73
2026/07/28 19:43:59.833, 301.62, 100, 74232, 73
2026/07/28 19:44:00.871, 304.77, 100, 74232, 75
2026/07/28 19:44:01.906, 302.20, 100, 74232, 75
2026/07/28 19:44:02.941, 305.01, 100, 74232, 75
2026/07/28 19:44:03.977, 301.99, 100, 74232, 75
2026/07/28 19:44:05.013, 306.24, 100, 74232, 75
2026/07/28 19:44:06.050, 303.05, 100, 74232, 73
2026/07/28 19:44:07.087, 302.50, 100, 74232, 73
2026/07/28 19:44:08.124, 303.55, 100, 74232, 73
2026/07/28 19:44:09.161, 305.57, 100, 74232, 73
2026/07/28 19:44:10.200, 297.34, 100, 74232, 73
2026/07/28 19:44:11.237, 300.86, 100, 74232, 73
2026/07/28 19:44:12.277, 296.48, 100, 74232, 73
2026/07/28 19:44:13.314, 100.66, 0, 74232, 70
2026/07/28 19:44:14.347, 301.49, 100, 74232, 75
2026/07/28 19:44:15.383, 306.23, 100, 74232, 75
2026/07/28 19:44:16.422, 320.54, 100, 74232, 75
2026/07/28 19:44:17.457, 317.77, 100, 74232, 75
2026/07/28 19:44:18.493, 307.32, 100, 74232, 75
2026/07/28 19:44:19.534, 302.77, 100, 74232, 73
2026/07/28 19:44:20.572, 303.15, 100, 74232, 73
2026/07/28 19:44:21.609, 303.64, 100, 74232, 73
2026/07/28 19:44:22.647, 100.24, 0, 74232, 70
2026/07/28 19:44:23.679, 298.04, 100, 74232, 75
2026/07/28 19:44:24.717, 290.24, 100, 74232, 75
2026/07/28 19:44:25.753, 305.71, 100, 74232, 75
2026/07/28 19:44:26.789, 313.17, 100, 74232, 75
2026/07/28 19:44:27.826, 300.19, 100, 74232, 75
2026/07/28 19:44:28.864, 303.34, 100, 74232, 74
2026/07/28 19:44:29.901, 304.04, 100, 74232, 74
2026/07/28 19:44:30.943, 303.64, 100, 74232, 74
2026/07/28 19:44:31.981, 301.52, 100, 74232, 75
2026/07/28 19:44:33.017, 302.66, 100, 74232, 75
2026/07/28 19:44:34.054, 294.42, 100, 74232, 76
2026/07/28 19:44:35.089, 295.87, 100, 74232, 76
2026/07/28 19:44:36.124, 277.59, 100, 74232, 76
2026/07/28 19:44:37.163, 317.13, 100, 74232, 76
2026/07/28 19:44:38.205, 296.68, 100, 74232, 74
2026/07/28 19:44:39.244, 281.80, 100, 74232, 74
2026/07/28 19:44:40.281, 288.80, 100, 74232, 74
2026/07/28 19:44:41.318, 289.38, 100, 74232, 74
2026/07/28 19:44:42.357, 289.66, 100, 74232, 74
2026/07/28 19:44:43.395, 297.93, 100, 74232, 74
2026/07/28 19:44:44.433, 298.22, 100, 74232, 74
2026/07/28 19:44:45.472, 298.03, 100, 74232, 74
2026/07/28 19:44:46.510, 299.49, 100, 74232, 74
2026/07/28 19:44:47.547, 297.82, 100, 74232, 74
2026/07/28 19:44:48.586, 297.74, 100, 74232, 74
2026/07/28 19:44:49.623, 297.45, 100, 74232, 74
2026/07/28 19:44:50.665, 297.74, 100, 74232, 74
2026/07/28 19:44:51.703, 298.64, 100, 74232, 74
2026/07/28 19:44:52.740, 301.98, 100, 74232, 74
2026/07/28 19:44:53.781, 304.03, 100, 74232, 74
2026/07/28 19:44:54.818, 305.49, 100, 74232, 74
2026/07/28 19:44:55.855, 301.35, 100, 74232, 74
2026/07/28 19:44:56.893, 297.26, 100, 74232, 74
2026/07/28 19:44:57.930, 297.14, 100, 74232, 74
2026/07/28 19:44:58.967, 298.13, 100, 74232, 74
2026/07/28 19:45:00.004, 301.32, 100, 74232, 74
2026/07/28 19:45:01.042, 299.90, 100, 74232, 74
2026/07/28 19:45:02.079, 301.44, 100, 74232, 74
2026/07/28 19:45:03.118, 299.70, 100, 74232, 74
2026/07/28 19:45:04.156, 298.13, 100, 74232, 74
2026/07/28 19:45:05.197, 297.92, 100, 74232, 74
2026/07/28 19:45:06.235, 294.64, 100, 74232, 76
2026/07/28 19:45:07.272, 300.95, 100, 74232, 76
2026/07/28 19:45:08.309, 303.65, 100, 74232, 76
2026/07/28 19:45:09.349, 292.71, 100, 74232, 76
2026/07/28 19:45:10.384, 316.74, 100, 74232, 76
2026/07/28 19:45:11.420, 263.66, 100, 74232, 76
2026/07/28 19:45:12.455, 286.06, 100, 74232, 76
2026/07/28 19:45:13.493, 303.86, 100, 74232, 74
2026/07/28 19:45:14.531, 305.10, 100, 74232, 74
2026/07/28 19:45:15.568, 304.64, 100, 74232, 74
2026/07/28 19:45:16.606, 303.63, 100, 74232, 74
2026/07/28 19:45:17.643, 298.00, 100, 74232, 74
2026/07/28 19:45:18.681, 304.43, 100, 74232, 74
2026/07/28 19:45:19.718, 299.59, 100, 74232, 74
2026/07/28 19:45:20.758, 296.48, 100, 74232, 74
2026/07/28 19:45:21.796, 297.86, 100, 74232, 74
2026/07/28 19:45:22.836, 296.87, 100, 74232, 74
2026/07/28 19:45:23.874, 298.32, 100, 74232, 74
2026/07/28 19:45:24.912, 293.37, 100, 74232, 74
2026/07/28 19:45:25.950, 296.88, 100, 74232, 74
2026/07/28 19:45:26.987, 296.88, 100, 74232, 74
2026/07/28 19:45:28.024, 298.06, 100, 74232, 74
2026/07/28 19:45:29.062, 297.54, 100, 74232, 74
2026/07/28 19:45:30.098, 297.73, 100, 74232, 74
2026/07/28 19:45:31.137, 297.25, 100, 74232, 74
2026/07/28 19:45:32.174, 297.84, 100, 74232, 74
2026/07/28 19:45:33.214, 296.86, 100, 74232, 74
2026/07/28 19:45:34.252, 308.38, 100, 74232, 74
2026/07/28 19:45:35.289, 298.72, 100, 74232, 74
2026/07/28 19:45:36.328, 297.46, 100, 74232, 74
2026/07/28 19:45:37.366, 296.57, 100, 74232, 74
2026/07/28 19:45:38.404, 297.17, 100, 74232, 74
2026/07/28 19:45:39.441, 296.75, 100, 74232, 74
2026/07/28 19:45:40.479, 297.25, 100, 74232, 74
2026/07/28 19:45:41.515, 297.16, 100, 74232, 74
2026/07/28 19:45:42.552, 297.35, 100, 74232, 74
2026/07/28 19:45:43.590, 297.25, 100, 74232, 74
2026/07/28 19:45:44.627, 296.58, 100, 74232, 74
2026/07/28 19:45:45.672, 298.82, 100, 74232, 74
2026/07/28 19:45:46.711, 303.57, 100, 74232, 74
2026/07/28 19:45:47.749, 304.99, 100, 74232, 74
2026/07/28 19:45:48.787, 304.71, 100, 74232, 74
2026/07/28 19:45:49.824, 297.18, 100, 74232, 74
2026/07/28 19:45:50.863, 297.05, 100, 74232, 74
2026/07/28 19:45:51.901, 294.34, 53, 74232, 75
2026/07/28 19:45:52.937, 303.83, 100, 74232, 75
2026/07/28 19:45:53.972, 300.12, 100, 74232, 75
2026/07/28 19:45:55.008, 304.98, 100, 74232, 75
2026/07/28 19:45:56.045, 289.04, 100, 74232, 75
2026/07/28 19:45:57.082, 283.21, 100, 74232, 75
2026/07/28 19:45:58.118, 301.79, 100, 74232, 75
2026/07/28 19:45:59.153, 302.77, 100, 74232, 74
2026/07/28 19:46:00.192, 299.96, 100, 74232, 73
2026/07/28 19:46:01.230, 303.39, 100, 74232, 74
2026/07/28 19:46:02.271, 304.02, 100, 74232, 74
2026/07/28 19:46:03.306, 300.92, 43, 74232, 75
2026/07/28 19:46:04.343, 301.89, 100, 74232, 73
2026/07/28 19:46:05.380, 298.40, 100, 74232, 74
2026/07/28 19:46:06.420, 304.46, 100, 74232, 74
2026/07/28 19:46:07.458, 293.74, 100, 74232, 74
2026/07/28 19:46:08.495, 291.98, 100, 74232, 74
2026/07/28 19:46:09.535, 294.64, 100, 74232, 74
2026/07/28 19:46:10.572, 295.89, 100, 74232, 74
2026/07/28 19:46:11.610, 294.46, 100, 74232, 74
2026/07/28 19:46:12.648, 297.45, 100, 74232, 74
2026/07/28 19:46:13.686, 295.30, 100, 74232, 74
2026/07/28 19:46:14.727, 293.75, 100, 74232, 74
2026/07/28 19:46:15.766, 294.63, 100, 74232, 74
2026/07/28 19:46:16.803, 295.89, 100, 74232, 74
2026/07/28 19:46:17.841, 296.17, 100, 74232, 74
2026/07/28 19:46:18.882, 294.90, 100, 74232, 74
2026/07/28 19:46:19.920, 294.73, 100, 74232, 74
2026/07/28 19:46:20.960, 301.11, 100, 74232, 74
2026/07/28 19:46:21.998, 302.47, 100, 74232, 74
2026/07/28 19:46:23.036, 298.31, 100, 74232, 74
2026/07/28 19:46:24.075, 300.46, 100, 74232, 74
2026/07/28 19:46:25.112, 303.73, 100, 74232, 74
2026/07/28 19:46:26.151, 302.11, 100, 74232, 74
2026/07/28 19:46:27.190, 302.97, 100, 74232, 74
2026/07/28 19:46:28.226, 303.15, 100, 74232, 74
2026/07/28 19:46:29.265, 303.45, 100, 74232, 74
2026/07/28 19:46:30.301, 303.48, 100, 74232, 74
2026/07/28 19:46:31.338, 303.55, 100, 74232, 74
2026/07/28 19:46:32.375, 303.15, 100, 74232, 74
2026/07/28 19:46:33.413, 294.24, 100, 74232, 74
2026/07/28 19:46:34.450, 296.27, 100, 74232, 74
2026/07/28 19:46:35.486, 295.51, 100, 74232, 74
2026/07/28 19:46:36.523, 295.50, 100, 74232, 73
2026/07/28 19:46:37.559, 295.11, 100, 74232, 74
2026/07/28 19:46:38.596, 295.70, 100, 74232, 73
2026/07/28 19:46:39.634, 294.90, 100, 74232, 73
2026/07/28 19:46:40.671, 295.60, 100, 74232, 73
2026/07/28 19:46:41.707, 295.78, 100, 74232, 73
2026/07/28 19:46:42.743, 294.43, 100, 74232, 73
2026/07/28 19:46:43.780, 296.19, 100, 74232, 73
2026/07/28 19:46:44.816, 294.82, 100, 74232, 73
2026/07/28 19:46:45.855, 295.49, 100, 74232, 73
2026/07/28 19:46:46.892, 299.38, 100, 74232, 73
2026/07/28 19:46:47.930, 304.70, 100, 74232, 73
2026/07/28 19:46:48.967, 302.18, 100, 74232, 73
2026/07/28 19:46:50.005, 303.34, 100, 74232, 73
2026/07/28 19:46:51.041, 303.82, 100, 74232, 73
2026/07/28 19:46:52.080, 299.38, 100, 74232, 73
2026/07/28 19:46:53.117, 298.32, 100, 74232, 73
2026/07/28 19:46:54.157, 301.41, 100, 74232, 73
2026/07/28 19:46:55.193, 298.21, 100, 74232, 73
2026/07/28 19:46:56.230, 301.98, 100, 74232, 73
2026/07/28 19:46:57.267, 303.18, 100, 74232, 73
2026/07/28 19:46:58.304, 301.73, 100, 74232, 73
2026/07/28 19:46:59.340, 299.80, 100, 74232, 73
2026/07/28 19:47:00.377, 303.07, 100, 74232, 73
2026/07/28 19:47:01.414, 299.56, 100, 74232, 73
2026/07/28 19:47:02.453, 293.15, 100, 74232, 73
2026/07/28 19:47:03.491, 302.18, 100, 74232, 73
2026/07/28 19:47:04.530, 304.52, 100, 74232, 73
2026/07/28 19:47:05.574, 302.77, 100, 74232, 73
2026/07/28 19:47:06.610, 302.89, 100, 74232, 73
2026/07/28 19:47:07.648, 298.80, 100, 74232, 73
2026/07/28 19:47:08.687, 295.60, 100, 74232, 73
2026/07/28 19:47:09.725, 299.38, 100, 74232, 73
2026/07/28 19:47:10.762, 294.13, 100, 74232, 73
2026/07/28 19:47:11.798, 294.24, 100, 74232, 73
2026/07/28 19:47:12.836, 295.19, 100, 74232, 73
2026/07/28 19:47:13.873, 302.83, 100, 74232, 73
2026/07/28 19:47:14.909, 298.50, 100, 74232, 73
2026/07/28 19:47:15.947, 292.57, 100, 74232, 73
2026/07/28 19:47:16.984, 300.64, 100, 74232, 73
2026/07/28 19:47:18.022, 294.92, 100, 74232, 73
2026/07/28 19:47:19.058, 295.51, 100, 74232, 73
2026/07/28 19:47:20.096, 299.60, 100, 74232, 73
2026/07/28 19:47:21.132, 297.07, 100, 74232, 73
2026/07/28 19:47:22.172, 295.80, 100, 74232, 73
2026/07/28 19:47:23.210, 301.33, 100, 74232, 73
2026/07/28 19:47:24.247, 301.70, 100, 74232, 73
2026/07/28 19:47:25.284, 304.52, 100, 74232, 73
2026/07/28 19:47:26.322, 302.02, 100, 74232, 73
2026/07/28 19:47:27.361, 303.48, 100, 74232, 74
2026/07/28 19:47:28.398, 302.37, 100, 74232, 74
2026/07/28 19:47:29.434, 302.77, 100, 74232, 74
2026/07/28 19:47:30.471, 299.67, 100, 74232, 74
2026/07/28 19:47:31.508, 303.56, 100, 74232, 74
2026/07/28 19:47:32.546, 302.39, 100, 74232, 74
2026/07/28 19:47:33.582, 296.38, 100, 74232, 74
2026/07/28 19:47:34.618, 384.22, 100, 74232, 75
2026/07/28 19:47:35.652, 302.30, 100, 74232, 75
2026/07/28 19:47:36.685, 298.27, 100, 74232, 75
2026/07/28 19:47:37.719, 308.89, 100, 74232, 75
2026/07/28 19:47:38.759, 303.66, 100, 74232, 75
2026/07/28 19:47:39.794, 282.24, 100, 74232, 75
2026/07/28 19:47:40.828, 304.62, 100, 74232, 74
2026/07/28 19:47:41.864, 305.36, 100, 74232, 74
2026/07/28 19:47:42.901, 302.48, 100, 74232, 74
2026/07/28 19:47:43.938, 297.26, 100, 74232, 74
2026/07/28 19:47:44.975, 293.38, 100, 74232, 74
2026/07/28 19:47:46.011, 293.36, 100, 74232, 74
2026/07/28 19:47:47.051, 101.65, 0, 74232, 71
2026/07/28 19:47:48.084, 291.81, 100, 74232, 75
2026/07/28 19:47:49.119, 307.13, 100, 74232, 75
2026/07/28 19:47:50.157, 307.45, 100, 74232, 75
2026/07/28 19:47:51.193, 295.60, 100, 74232, 75
2026/07/28 19:47:52.228, 306.08, 100, 74232, 75
2026/07/28 19:47:53.263, 304.92, 100, 74232, 74
2026/07/28 19:47:54.299, 304.60, 100, 74232, 74
2026/07/28 19:47:55.336, 304.26, 100, 74232, 74
2026/07/28 19:47:56.376, 304.12, 100, 74232, 74
2026/07/28 19:47:57.414, 302.61, 100, 74232, 74
2026/07/28 19:47:58.451, 305.32, 100, 74232, 74
2026/07/28 19:47:59.488, 303.85, 100, 74232, 74
2026/07/28 19:48:00.524, 351.40, 81, 74232, 76
2026/07/28 19:48:01.559, 295.20, 100, 74232, 76
2026/07/28 19:48:02.594, 296.17, 100, 74232, 76
2026/07/28 19:48:03.629, 292.41, 100, 74232, 76
2026/07/28 19:48:04.670, 292.69, 100, 74232, 76
2026/07/28 19:48:05.705, 312.43, 100, 74232, 76
2026/07/28 19:48:06.746, 304.14, 100, 74232, 74
2026/07/28 19:48:07.783, 306.53, 100, 74232, 74
2026/07/28 19:48:08.818, 304.04, 100, 74232, 74
2026/07/28 19:48:09.855, 305.40, 100, 74232, 74
2026/07/28 19:48:10.892, 306.22, 100, 74232, 74
2026/07/28 19:48:11.930, 305.13, 100, 74232, 74
2026/07/28 19:48:12.966, 304.13, 100, 74232, 74
2026/07/28 19:48:14.004, 306.04, 100, 74232, 74
2026/07/28 19:48:15.044, 303.64, 100, 74232, 74
2026/07/28 19:48:16.081, 298.23, 100, 74232, 74
2026/07/28 19:48:17.118, 295.11, 100, 74232, 74
2026/07/28 19:48:18.157, 292.96, 100, 74232, 74
2026/07/28 19:48:19.195, 296.98, 100, 74232, 74
2026/07/28 19:48:20.232, 299.85, 100, 74232, 74
2026/07/28 19:48:21.270, 297.35, 100, 74232, 74
2026/07/28 19:48:22.307, 289.93, 100, 74232, 74
2026/07/28 19:48:23.345, 286.08, 100, 74232, 74
2026/07/28 19:48:24.382, 299.56, 100, 74232, 76
2026/07/28 19:48:25.419, 298.90, 100, 74232, 76
2026/07/28 19:48:26.454, 289.95, 100, 74232, 76
2026/07/28 19:48:27.489, 303.20, 100, 74232, 76
2026/07/28 19:48:28.523, 289.84, 100, 74232, 76
2026/07/28 19:48:29.560, 285.00, 100, 74232, 74
2026/07/28 19:48:30.601, 284.57, 100, 74232, 73
2026/07/28 19:48:31.639, 289.07, 100, 74232, 74
2026/07/28 19:48:32.681, 299.68, 100, 74232, 74
2026/07/28 19:48:33.717, 290.65, 100, 74232, 74
2026/07/28 19:48:34.756, 289.57, 100, 74232, 74
2026/07/28 19:48:35.793, 289.58, 100, 74232, 74
2026/07/28 19:48:36.834, 289.37, 100, 74232, 74
2026/07/28 19:48:37.872, 289.95, 100, 74232, 74
2026/07/28 19:48:38.910, 288.61, 100, 74232, 74
2026/07/28 19:48:39.949, 296.74, 100, 74232, 74
2026/07/28 19:48:40.986, 289.75, 100, 74232, 74
2026/07/28 19:48:42.027, 287.03, 100, 74232, 74
2026/07/28 19:48:43.065, 290.63, 100, 74232, 74
2026/07/28 19:48:44.103, 296.74, 100, 74232, 74
2026/07/28 19:48:45.141, 296.68, 100, 74232, 74
2026/07/28 19:48:46.178, 297.54, 100, 74232, 74
2026/07/28 19:48:47.217, 297.85, 100, 74232, 74
2026/07/28 19:48:48.255, 296.58, 100, 74232, 74
2026/07/28 19:48:49.292, 302.30, 100, 74232, 74
2026/07/28 19:48:50.330, 304.61, 100, 74232, 74
2026/07/28 19:48:51.368, 305.12, 100, 74232, 74
2026/07/28 19:48:52.406, 303.59, 100, 74232, 74
2026/07/28 19:48:53.444, 306.49, 100, 74232, 74
2026/07/28 19:48:54.481, 303.58, 100, 74232, 74
2026/07/28 19:48:55.523, 297.23, 100, 74232, 74
2026/07/28 19:48:56.561, 300.67, 100, 74232, 74
2026/07/28 19:48:57.598, 303.65, 100, 74232, 74
2026/07/28 19:48:58.636, 292.21, 100, 74232, 74
2026/07/28 19:48:59.674, 295.89, 100, 74232, 74
2026/07/28 19:49:00.712, 295.79, 100, 74232, 74
2026/07/28 19:49:01.751, 296.00, 100, 74232, 74
2026/07/28 19:49:02.789, 294.24, 100, 74232, 74
2026/07/28 19:49:03.826, 296.19, 100, 74232, 74
2026/07/28 19:49:04.868, 305.47, 100, 74232, 74
2026/07/28 19:49:05.908, 296.49, 100, 74232, 74
2026/07/28 19:49:06.946, 296.85, 100, 74232, 73
2026/07/28 19:49:07.984, 292.29, 100, 74232, 73
2026/07/28 19:49:09.022, 296.20, 100, 74232, 73
2026/07/28 19:49:10.060, 297.16, 100, 74232, 73
2026/07/28 19:49:11.099, 300.08, 100, 74232, 73
2026/07/28 19:49:12.137, 301.32, 100, 74232, 73
2026/07/28 19:49:13.174, 304.13, 100, 74232, 73
2026/07/28 19:49:14.211, 299.38, 100, 74232, 73
2026/07/28 19:49:15.247, 297.14, 100, 74232, 73
2026/07/28 19:49:16.286, 303.25, 100, 74232, 73
2026/07/28 19:49:17.323, 303.45, 100, 74232, 73
2026/07/28 19:49:18.364, 297.25, 100, 74232, 73
2026/07/28 19:49:19.402, 292.10, 100, 74232, 73
2026/07/28 19:49:20.442, 295.51, 100, 74232, 73
2026/07/28 19:49:21.480, 96.35, 81, 74232, 71
2026/07/28 19:49:22.513, 302.98, 100, 74232, 75
2026/07/28 19:49:23.549, 301.22, 100, 74232, 75
2026/07/28 19:49:24.585, 283.72, 100, 74232, 75
2026/07/28 19:49:25.621, 308.19, 100, 74232, 75
2026/07/28 19:49:26.656, 272.33, 100, 74232, 75
2026/07/28 19:49:27.694, 301.17, 100, 74232, 75
2026/07/28 19:49:28.729, 293.75, 100, 74232, 73
2026/07/28 19:49:29.768, 298.51, 100, 74232, 73
2026/07/28 19:49:30.806, 302.40, 100, 74232, 73
2026/07/28 19:49:31.847, 299.29, 100, 74232, 75
2026/07/28 19:49:32.883, 302.01, 100, 74232, 75
2026/07/28 19:49:33.920, 296.06, 100, 74232, 75
2026/07/28 19:49:34.956, 298.93, 100, 74232, 75
2026/07/28 19:49:35.992, 278.88, 100, 74232, 75
2026/07/28 19:49:37.029, 263.21, 100, 74232, 75
2026/07/28 19:49:38.065, 317.60, 100, 74232, 75
2026/07/28 19:49:39.109, 300.96, 100, 74232, 74
2026/07/28 19:49:40.147, 305.02, 100, 74232, 74
2026/07/28 19:49:41.184, 298.01, 100, 74232, 74
2026/07/28 19:49:42.221, 281.36, 100, 74232, 75
2026/07/28 19:49:43.264, 299.62, 100, 74232, 76
2026/07/28 19:49:44.300, 301.28, 100, 74232, 76
2026/07/28 19:49:45.342, 291.40, 100, 74232, 76
2026/07/28 19:49:46.378, 272.68, 100, 74232, 76
2026/07/28 19:49:47.412, 263.08, 100, 74232, 76
2026/07/28 19:49:48.457, 288.69, 100, 74232, 74
2026/07/28 19:49:49.496, 284.22, 100, 74232, 74
2026/07/28 19:49:50.534, 286.73, 100, 74232, 74
2026/07/28 19:49:51.572, 290.73, 100, 74232, 74
2026/07/28 19:49:52.609, 291.23, 100, 74232, 74
2026/07/28 19:49:53.652, 295.80, 100, 74232, 74
2026/07/28 19:49:54.689, 294.04, 100, 74232, 74
2026/07/28 19:49:55.727, 294.80, 100, 74232, 75
2026/07/28 19:49:56.766, 297.83, 100, 74232, 75
2026/07/28 19:49:57.803, 297.92, 100, 74232, 75
2026/07/28 19:49:58.841, 298.53, 100, 74232, 75
2026/07/28 19:49:59.879, 298.60, 100, 74232, 75
2026/07/28 19:50:00.918, 298.21, 100, 74232, 75
2026/07/28 19:50:01.955, 297.85, 100, 74232, 75
2026/07/28 19:50:02.992, 297.73, 100, 74232, 75
2026/07/28 19:50:04.030, 297.83, 100, 74232, 74
2026/07/28 19:50:05.068, 299.12, 100, 74232, 74
2026/07/28 19:50:06.106, 297.73, 100, 74232, 74
2026/07/28 19:50:07.144, 299.81, 100, 74232, 74
2026/07/28 19:50:08.186, 297.05, 100, 74232, 74
2026/07/28 19:50:09.224, 297.67, 100, 74232, 74
2026/07/28 19:50:10.262, 297.17, 100, 74232, 74
2026/07/28 19:50:11.302, 297.43, 100, 74232, 74
2026/07/28 19:50:12.340, 296.95, 100, 74232, 74
2026/07/28 19:50:13.377, 297.36, 100, 74232, 74
2026/07/28 19:50:14.415, 304.64, 100, 74232, 74
2026/07/28 19:50:15.454, 305.13, 100, 74232, 74
2026/07/28 19:50:16.492, 304.93, 100, 74232, 74
2026/07/28 19:50:17.529, 297.76, 100, 74232, 74
2026/07/28 19:50:18.567, 303.38, 100, 74232, 74
2026/07/28 19:50:19.606, 300.65, 100, 74232, 74
2026/07/28 19:50:20.644, 304.42, 100, 74232, 74
2026/07/28 19:50:21.683, 304.32, 100, 74232, 74
2026/07/28 19:50:22.723, 300.63, 100, 74232, 74
2026/07/28 19:50:23.761, 297.07, 100, 74232, 74
2026/07/28 19:50:24.800, 296.68, 100, 74232, 74
2026/07/28 19:50:25.838, 297.53, 100, 74232, 74
2026/07/28 19:50:26.877, 299.47, 100, 74232, 74
2026/07/28 19:50:27.913, 302.99, 100, 74232, 74
2026/07/28 19:50:28.952, 298.04, 100, 74232, 74
2026/07/28 19:50:29.988, 297.35, 100, 74232, 74
2026/07/28 19:50:31.027, 297.74, 100, 74232, 74
2026/07/28 19:50:32.064, 296.86, 100, 74232, 74
2026/07/28 19:50:33.100, 295.79, 100, 74232, 74
2026/07/28 19:50:34.137, 297.34, 100, 74232, 74
2026/07/28 19:50:35.177, 297.83, 100, 74232, 74
2026/07/28 19:50:36.215, 303.70, 100, 74232, 74
2026/07/28 19:50:37.252, 304.25, 100, 74232, 74
2026/07/28 19:50:38.291, 300.83, 100, 74232, 74
2026/07/28 19:50:39.328, 304.41, 100, 74232, 74
2026/07/28 19:50:40.368, 297.55, 100, 74232, 74
2026/07/28 19:50:41.407, 297.55, 100, 74232, 74
2026/07/28 19:50:42.446, 297.36, 100, 74232, 74
2026/07/28 19:50:43.482, 302.09, 100, 74232, 74
2026/07/28 19:50:44.518, 303.94, 100, 74232, 74
2026/07/28 19:50:45.561, 305.49, 100, 74232, 74
2026/07/28 19:50:46.598, 296.57, 100, 74232, 74
2026/07/28 19:50:47.636, 296.86, 100, 74232, 74
2026/07/28 19:50:48.672, 304.70, 100, 74232, 74
2026/07/28 19:50:49.709, 302.98, 100, 74232, 74
2026/07/28 19:50:50.746, 305.67, 100, 74232, 74
2026/07/28 19:50:51.783, 296.67, 100, 74232, 74
2026/07/28 19:50:52.826, 296.57, 100, 74232, 74
2026/07/28 19:50:53.863, 297.15, 100, 74232, 74
2026/07/28 19:50:54.900, 296.29, 100, 74232, 74
2026/07/28 19:50:55.936, 292.60, 100, 74232, 74
2026/07/28 19:50:56.973, 297.45, 100, 74232, 74
2026/07/28 19:50:58.010, 293.17, 100, 74232, 74
2026/07/28 19:50:59.047, 296.39, 100, 74232, 74
2026/07/28 19:51:00.083, 296.09, 100, 74232, 74
2026/07/28 19:51:01.119, 298.31, 100, 74232, 74
2026/07/28 19:51:02.157, 303.10, 100, 74232, 74
2026/07/28 19:51:03.194, 296.48, 100, 74232, 74
2026/07/28 19:51:04.235, 296.18, 100, 74232, 74
2026/07/28 19:51:05.273, 296.46, 100, 74232, 74
2026/07/28 19:51:06.309, 296.37, 100, 74232, 74
2026/07/28 19:51:07.346, 298.82, 100, 74232, 74
2026/07/28 19:51:08.383, 296.66, 100, 74232, 74
2026/07/28 19:51:09.420, 296.68, 100, 74232, 74
2026/07/28 19:51:10.456, 293.84, 100, 74232, 74
2026/07/28 19:51:11.494, 297.45, 100, 74232, 74
2026/07/28 19:51:12.531, 296.39, 100, 74232, 74
2026/07/28 19:51:13.570, 297.76, 100, 74232, 74
2026/07/28 19:51:14.607, 295.50, 100, 74232, 74
2026/07/28 19:51:15.643, 298.69, 100, 74232, 74
2026/07/28 19:51:16.681, 297.16, 100, 74232, 74
2026/07/28 19:51:17.723, 306.17, 100, 74232, 74
2026/07/28 19:51:18.760, 303.75, 100, 74232, 74
2026/07/28 19:51:19.797, 300.93, 100, 74232, 74
2026/07/28 19:51:20.834, 304.80, 100, 74232, 74
2026/07/28 19:51:21.870, 306.25, 100, 74232, 74
2026/07/28 19:51:22.909, 300.77, 100, 74232, 74
2026/07/28 19:51:23.947, 304.04, 100, 74232, 74
2026/07/28 19:51:24.984, 303.55, 100, 74232, 74
2026/07/28 19:51:26.020, 303.49, 100, 74232, 74
2026/07/28 19:51:27.057, 297.94, 100, 74232, 73
2026/07/28 19:51:28.095, 292.58, 100, 74232, 73
2026/07/28 19:51:29.132, 296.57, 100, 74232, 73
2026/07/28 19:51:30.168, 300.35, 100, 74232, 73
2026/07/28 19:51:31.204, 300.73, 100, 74232, 73
2026/07/28 19:51:32.241, 295.59, 100, 74232, 73
2026/07/28 19:51:33.278, 293.97, 100, 74232, 73
2026/07/28 19:51:34.314, 296.87, 100, 74232, 73
2026/07/28 19:51:35.350, 294.13, 100, 74232, 73
2026/07/28 19:51:36.386, 292.21, 100, 74232, 73
2026/07/28 19:51:37.422, 296.66, 100, 74232, 73
2026/07/28 19:51:38.461, 296.29, 100, 74232, 73
2026/07/28 19:51:39.499, 297.85, 100, 74232, 73
2026/07/28 19:51:40.536, 297.43, 100, 74232, 73
2026/07/28 19:51:41.577, 295.60, 100, 74232, 73
2026/07/28 19:51:42.614, 296.57, 100, 74232, 73
2026/07/28 19:51:43.651, 299.19, 100, 74232, 73
2026/07/28 19:51:44.687, 303.12, 100, 74232, 73
2026/07/28 19:51:45.724, 300.66, 100, 74232, 73
2026/07/28 19:51:46.761, 305.48, 100, 74232, 73
2026/07/28 19:51:47.798, 303.64, 100, 74232, 73
2026/07/28 19:51:48.835, 300.93, 100, 74232, 73
2026/07/28 19:51:49.871, 304.04, 100, 74232, 73
2026/07/28 19:51:50.908, 305.42, 100, 74232, 73
2026/07/28 19:51:51.945, 303.83, 100, 74232, 73
2026/07/28 19:51:52.981, 304.55, 100, 74232, 73
2026/07/28 19:51:54.018, 301.50, 100, 74232, 73
2026/07/28 19:51:55.054, 297.27, 100, 74232, 73
2026/07/28 19:51:56.094, 302.10, 100, 74232, 73
2026/07/28 19:51:57.131, 295.60, 100, 74232, 73
2026/07/28 19:51:58.168, 298.01, 100, 74232, 73
2026/07/28 19:51:59.205, 303.94, 100, 74232, 73
2026/07/28 19:52:00.242, 292.01, 100, 74232, 73
2026/07/28 19:52:01.279, 295.60, 100, 74232, 73
2026/07/28 19:52:02.316, 291.51, 100, 74232, 73
2026/07/28 19:52:03.353, 295.60, 100, 74232, 73
2026/07/28 19:52:04.389, 295.41, 100, 74232, 73
2026/07/28 19:52:05.426, 295.00, 100, 74232, 73
2026/07/28 19:52:06.462, 295.99, 100, 74232, 73
2026/07/28 19:52:07.500, 304.28, 100, 74232, 73
2026/07/28 19:52:08.536, 303.17, 100, 74232, 73
2026/07/28 19:52:09.573, 305.21, 100, 74232, 73
2026/07/28 19:52:10.611, 295.87, 100, 74232, 73
2026/07/28 19:52:11.651, 295.78, 100, 74232, 73
2026/07/28 19:52:12.691, 302.14, 100, 74232, 73
2026/07/28 19:52:13.728, 304.14, 100, 74232, 73
2026/07/28 19:52:14.768, 301.06, 100, 74232, 73
2026/07/28 19:52:15.806, 303.88, 100, 74232, 73
2026/07/28 19:52:16.843, 303.88, 100, 74232, 73
2026/07/28 19:52:17.879, 301.14, 100, 74232, 73
2026/07/28 19:52:18.915, 296.99, 100, 74232, 73
2026/07/28 19:52:19.953, 304.99, 100, 74232, 73
2026/07/28 19:52:20.994, 303.78, 100, 74232, 73
2026/07/28 19:52:22.033, 303.73, 100, 74232, 73
2026/07/28 19:52:23.070, 297.84, 100, 74232, 73
2026/07/28 19:52:24.109, 293.75, 100, 74232, 73
2026/07/28 19:52:25.145, 295.79, 100, 74232, 73
2026/07/28 19:52:26.185, 296.20, 100, 74232, 73
2026/07/28 19:52:27.222, 302.68, 100, 74232, 73
2026/07/28 19:52:28.259, 304.91, 100, 74232, 73
2026/07/28 19:52:29.298, 303.75, 100, 74232, 73
2026/07/28 19:52:30.336, 295.97, 100, 74232, 73
2026/07/28 19:52:31.374, 295.60, 100, 74232, 73
2026/07/28 19:52:32.415, 292.01, 100, 74232, 73
2026/07/28 19:52:33.453, 303.74, 100, 74232, 73
2026/07/28 19:52:34.490, 303.26, 100, 74232, 73
2026/07/28 19:52:35.527, 302.99, 100, 74232, 73
2026/07/28 19:52:36.564, 296.48, 100, 74232, 73
2026/07/28 19:52:37.601, 303.87, 100, 74232, 73
2026/07/28 19:52:38.638, 302.09, 100, 74232, 73
2026/07/28 19:52:39.677, 295.80, 100, 74232, 73
2026/07/28 19:52:40.715, 303.44, 100, 74232, 73
2026/07/28 19:52:41.752, 303.44, 100, 74232, 73
2026/07/28 19:52:42.793, 305.02, 100, 74232, 73
2026/07/28 19:52:43.832, 298.04, 100, 74232, 73
2026/07/28 19:52:44.870, 292.69, 100, 74232, 73
2026/07/28 19:52:45.907, 295.41, 100, 74232, 73
2026/07/28 19:52:46.946, 295.30, 100, 74232, 73
2026/07/28 19:52:47.985, 295.40, 100, 74232, 73
2026/07/28 19:52:49.022, 300.15, 100, 74232, 73
2026/07/28 19:52:50.064, 295.80, 100, 74232, 73
2026/07/28 19:52:51.101, 294.93, 100, 74232, 73
2026/07/28 19:52:52.139, 295.30, 100, 74232, 73
2026/07/28 19:52:53.179, 297.53, 100, 74232, 73
2026/07/28 19:52:54.216, 303.26, 100, 74232, 73
2026/07/28 19:52:55.255, 300.44, 100, 74232, 73
2026/07/28 19:52:56.291, 300.86, 100, 74232, 73
2026/07/28 19:52:57.328, 297.66, 100, 74232, 73
2026/07/28 19:52:58.365, 293.15, 100, 74232, 73
2026/07/28 19:52:59.403, 296.86, 100, 74232, 73
2026/07/28 19:53:00.440, 296.27, 100, 74232, 73
2026/07/28 19:53:01.477, 296.56, 100, 74232, 73
2026/07/28 19:53:02.516, 296.09, 100, 74232, 73
2026/07/28 19:53:03.553, 296.78, 100, 74232, 73
2026/07/28 19:53:04.593, 295.30, 100, 74232, 73
2026/07/28 19:53:05.631, 301.54, 100, 74232, 73
2026/07/28 19:53:06.670, 302.28, 100, 74232, 73
2026/07/28 19:53:07.706, 303.68, 100, 74232, 73
2026/07/28 19:53:08.742, 302.67, 100, 74232, 73
2026/07/28 19:53:09.778, 298.20, 100, 74232, 73
2026/07/28 19:53:10.818, 292.88, 100, 74232, 73
2026/07/28 19:53:11.856, 295.90, 100, 74232, 73
2026/07/28 19:53:12.892, 295.81, 100, 74232, 73
2026/07/28 19:53:13.929, 301.69, 100, 74232, 73
2026/07/28 19:53:14.967, 302.20, 100, 74232, 73
2026/07/28 19:53:16.009, 304.47, 100, 74232, 73
2026/07/28 19:53:17.047, 303.64, 100, 74232, 73
2026/07/28 19:53:18.085, 298.41, 100, 74232, 73
2026/07/28 19:53:19.127, 297.34, 100, 74232, 73
2026/07/28 19:53:20.163, 295.52, 100, 74232, 73
2026/07/28 19:53:21.201, 297.93, 100, 74232, 73
2026/07/28 19:53:22.239, 295.70, 100, 74232, 73
2026/07/28 19:53:23.276, 304.04, 100, 74232, 73
2026/07/28 19:53:24.313, 303.75, 100, 74232, 73
2026/07/28 19:53:25.354, 295.12, 100, 74232, 73
2026/07/28 19:53:26.391, 301.32, 100, 74232, 73
2026/07/28 19:53:27.429, 295.51, 100, 74232, 73
2026/07/28 19:53:28.467, 295.40, 100, 74232, 73
2026/07/28 19:53:29.504, 296.37, 100, 74232, 73
2026/07/28 19:53:30.543, 304.52, 100, 74232, 73
2026/07/28 19:53:31.579, 299.28, 100, 74232, 73
2026/07/28 19:53:32.616, 303.38, 100, 74232, 73
2026/07/28 19:53:33.653, 303.97, 100, 74232, 73
2026/07/28 19:53:34.693, 303.18, 100, 74232, 73
2026/07/28 19:53:35.732, 303.85, 100, 74232, 73
2026/07/28 19:53:36.768, 295.99, 100, 74232, 73
2026/07/28 19:53:37.805, 300.00, 100, 74232, 73
2026/07/28 19:53:38.843, 300.18, 100, 74232, 73
2026/07/28 19:53:39.880, 291.59, 100, 74232, 73
2026/07/28 19:53:40.917, 292.01, 100, 74232, 73
2026/07/28 19:53:41.954, 296.56, 100, 74232, 73
2026/07/28 19:53:42.991, 296.55, 100, 74232, 73
2026/07/28 19:53:44.035, 296.09, 100, 74232, 73
2026/07/28 19:53:45.073, 299.32, 100, 74232, 73
2026/07/28 19:53:46.110, 296.58, 100, 74232, 73
2026/07/28 19:53:47.148, 296.76, 100, 74232, 73
2026/07/28 19:53:48.186, 296.28, 100, 74232, 73
2026/07/28 19:53:49.223, 292.49, 100, 74232, 73
2026/07/28 19:53:50.260, 296.28, 100, 74232, 73
2026/07/28 19:53:51.296, 298.22, 100, 74232, 73
2026/07/28 19:53:52.336, 293.66, 100, 74232, 73
2026/07/28 19:53:53.376, 300.64, 100, 74232, 73
2026/07/28 19:53:54.413, 305.61, 100, 74232, 73
2026/07/28 19:53:55.450, 296.49, 100, 74232, 73
2026/07/28 19:53:56.488, 303.65, 100, 74232, 73
2026/07/28 19:53:57.525, 304.84, 100, 74232, 73
2026/07/28 19:53:58.561, 299.76, 100, 74232, 73
2026/07/28 19:53:59.598, 303.37, 100, 74232, 73
2026/07/28 19:54:00.635, 301.04, 100, 74232, 73
2026/07/28 19:54:01.673, 304.20, 100, 74232, 73
2026/07/28 19:54:02.710, 304.17, 100, 74232, 73
2026/07/28 19:54:03.748, 304.32, 100, 74232, 73
2026/07/28 19:54:04.785, 300.27, 100, 74232, 73
2026/07/28 19:54:05.822, 304.84, 100, 74232, 73
2026/07/28 19:54:06.860, 293.06, 100, 74232, 73
2026/07/28 19:54:07.898, 299.38, 100, 74232, 73
2026/07/28 19:54:08.938, 294.82, 100, 74232, 73
2026/07/28 19:54:09.976, 302.67, 100, 74232, 73
2026/07/28 19:54:11.013, 305.82, 100, 74232, 73
2026/07/28 19:54:12.052, 302.70, 100, 74232, 73
2026/07/28 19:54:13.091, 300.54, 100, 74232, 73
2026/07/28 19:54:14.129, 301.45, 100, 74232, 73
2026/07/28 19:54:15.167, 301.04, 100, 74232, 73
2026/07/28 19:54:16.206, 304.13, 100, 74232, 73
2026/07/28 19:54:17.244, 305.80, 100, 74232, 73
2026/07/28 19:54:18.282, 296.18, 100, 74232, 73
2026/07/28 19:54:19.320, 295.51, 100, 74232, 73
2026/07/28 19:54:20.358, 297.45, 100, 74232, 73
2026/07/28 19:54:21.398, 296.95, 100, 74232, 73
2026/07/28 19:54:22.435, 295.21, 100, 74232, 73
2026/07/28 19:54:23.473, 296.48, 100, 74232, 73
2026/07/28 19:54:24.513, 295.98, 100, 74232, 73
2026/07/28 19:54:25.551, 296.45, 100, 74232, 73
2026/07/28 19:54:26.591, 302.86, 100, 74232, 73
2026/07/28 19:54:27.630, 299.46, 100, 74232, 73
2026/07/28 19:54:28.667, 302.29, 100, 74232, 73
2026/07/28 19:54:29.704, 301.60, 100, 74232, 73
2026/07/28 19:54:30.741, 302.04, 100, 74232, 73
2026/07/28 19:54:31.780, 303.47, 100, 74232, 72
2026/07/28 19:54:32.817, 304.15, 100, 74232, 72
2026/07/28 19:54:33.854, 302.27, 100, 74232, 72
2026/07/28 19:54:34.891, 302.70, 100, 74232, 72
2026/07/28 19:54:35.929, 303.45, 100, 74232, 72
2026/07/28 19:54:36.966, 301.54, 100, 74232, 72
2026/07/28 19:54:38.003, 302.28, 100, 74232, 72
2026/07/28 19:54:39.041, 297.55, 100, 74232, 72
2026/07/28 19:54:40.078, 291.21, 100, 74232, 72
2026/07/28 19:54:41.118, 293.27, 100, 74232, 72
2026/07/28 19:54:42.156, 298.32, 100, 74232, 73
2026/07/28 19:54:43.191, 291.42, 100, 74232, 73
2026/07/28 19:54:44.226, 290.65, 100, 74232, 73
2026/07/28 19:54:45.263, 287.41, 100, 74232, 73
2026/07/28 19:54:46.298, 292.26, 100, 74232, 73
2026/07/28 19:54:47.334, 307.69, 100, 74232, 74
2026/07/28 19:54:48.380, 319.71, 100, 74232, 73
2026/07/28 19:54:49.416, 300.18, 100, 74232, 72
2026/07/28 19:54:50.455, 300.76, 100, 74232, 72
2026/07/28 19:54:51.491, 300.95, 100, 74232, 72
2026/07/28 19:54:52.527, 300.56, 100, 74232, 72
2026/07/28 19:54:53.565, 301.64, 100, 74232, 72
2026/07/28 19:54:54.602, 303.38, 100, 74232, 72
2026/07/28 19:54:55.641, 300.54, 100, 74232, 72
2026/07/28 19:54:56.678, 304.75, 100, 74232, 72
2026/07/28 19:54:57.714, 297.17, 100, 74232, 72
2026/07/28 19:54:58.751, 297.54, 100, 74232, 72
2026/07/28 19:54:59.788, 290.73, 100, 74232, 72
2026/07/28 19:55:00.825, 290.75, 100, 74232, 72
2026/07/28 19:55:01.864, 293.85, 100, 74232, 72
2026/07/28 19:55:02.902, 294.83, 100, 74232, 72
2026/07/28 19:55:03.940, 297.76, 100, 74232, 73
2026/07/28 19:55:04.980, 295.20, 100, 74232, 73
2026/07/28 19:55:06.018, 301.53, 100, 74232, 73
2026/07/28 19:55:07.054, 299.38, 100, 74232, 73
2026/07/28 19:55:08.096, 294.82, 100, 74232, 73
2026/07/28 19:55:09.133, 297.64, 100, 74232, 73
2026/07/28 19:55:10.169, 298.61, 100, 74232, 73
2026/07/28 19:55:11.206, 301.70, 100, 74232, 73
2026/07/28 19:55:12.242, 303.06, 100, 74232, 73
2026/07/28 19:55:13.279, 298.60, 100, 74232, 73
2026/07/28 19:55:14.316, 303.93, 100, 74232, 73
2026/07/28 19:55:15.353, 302.96, 100, 74232, 73
2026/07/28 19:55:16.393, 303.30, 100, 74232, 73
2026/07/28 19:55:17.432, 296.29, 100, 74232, 73
2026/07/28 19:55:18.468, 302.48, 100, 74232, 73
2026/07/28 19:55:19.504, 291.42, 100, 74232, 73
2026/07/28 19:55:20.543, 295.52, 100, 74232, 73
2026/07/28 19:55:21.579, 293.26, 100, 74232, 73
2026/07/28 19:55:22.617, 295.12, 100, 74232, 73
2026/07/28 19:55:23.654, 295.04, 100, 74232, 73
2026/07/28 19:55:24.692, 295.38, 100, 74232, 73
2026/07/28 19:55:25.729, 303.15, 100, 74232, 73
2026/07/28 19:55:26.767, 298.03, 100, 74232, 73
2026/07/28 19:55:27.805, 296.38, 100, 74232, 73
2026/07/28 19:55:28.842, 292.87, 100, 74232, 73
2026/07/28 19:55:29.883, 297.24, 100, 74232, 73
2026/07/28 19:55:30.920, 294.34, 100, 74232, 73
2026/07/28 19:55:31.957, 295.61, 100, 74232, 73
2026/07/28 19:55:32.994, 302.88, 100, 74232, 73
2026/07/28 19:55:34.031, 299.99, 100, 74232, 73
2026/07/28 19:55:35.072, 303.56, 100, 74232, 73
2026/07/28 19:55:36.109, 302.60, 100, 74232, 73
2026/07/28 19:55:37.145, 302.57, 100, 74232, 73
2026/07/28 19:55:38.185, 303.56, 100, 74232, 73
2026/07/28 19:55:39.222, 291.51, 100, 74232, 73
2026/07/28 19:55:40.260, 295.42, 100, 74232, 73
2026/07/28 19:55:41.297, 296.75, 100, 74232, 73
2026/07/28 19:55:42.335, 303.82, 100, 74232, 73
2026/07/28 19:55:43.373, 300.27, 100, 74232, 73
2026/07/28 19:55:44.412, 303.36, 100, 74232, 73
2026/07/28 19:55:45.448, 295.11, 100, 74232, 73
2026/07/28 19:55:46.488, 302.57, 100, 74232, 73
2026/07/28 19:55:47.525, 303.30, 100, 74232, 73
2026/07/28 19:55:48.563, 302.87, 100, 74232, 73
2026/07/28 19:55:49.601, 303.77, 100, 74232, 73
2026/07/28 19:55:50.638, 302.59, 100, 74232, 73
2026/07/28 19:55:51.676, 304.64, 100, 74232, 73
2026/07/28 19:55:52.714, 303.55, 100, 74232, 73
2026/07/28 19:55:53.753, 306.07, 100, 74232, 73
2026/07/28 19:55:54.792, 303.17, 100, 74232, 73
2026/07/28 19:55:55.834, 298.42, 100, 74232, 73
2026/07/28 19:55:56.871, 292.21, 100, 74232, 73
2026/07/28 19:55:57.911, 293.68, 100, 74232, 73
2026/07/28 19:55:58.949, 295.41, 100, 74232, 73
2026/07/28 19:55:59.987, 295.21, 100, 74232, 73
2026/07/28 19:56:01.024, 295.42, 100, 74232, 73
2026/07/28 19:56:02.060, 296.08, 100, 74232, 73
2026/07/28 19:56:03.098, 296.00, 100, 74232, 73
2026/07/28 19:56:04.135, 296.47, 100, 74232, 73
2026/07/28 19:56:05.173, 295.62, 100, 74232, 73
2026/07/28 19:56:06.210, 302.02, 100, 74232, 73
2026/07/28 19:56:07.249, 303.09, 100, 74232, 73
2026/07/28 19:56:08.287, 303.29, 100, 74232, 73
2026/07/28 19:56:09.323, 303.94, 100, 74232, 73
2026/07/28 19:56:10.363, 303.06, 100, 74232, 73
2026/07/28 19:56:11.401, 303.41, 100, 74232, 73
2026/07/28 19:56:12.438, 303.36, 100, 74232, 73
2026/07/28 19:56:13.477, 300.44, 100, 74232, 73
2026/07/28 19:56:14.513, 295.00, 100, 74232, 73
2026/07/28 19:56:15.550, 296.76, 100, 74232, 73
2026/07/28 19:56:16.586, 298.71, 100, 74232, 73
2026/07/28 19:56:17.622, 295.70, 100, 74232, 73
2026/07/28 19:56:18.659, 296.11, 100, 74232, 73
2026/07/28 19:56:19.696, 295.30, 100, 74232, 73
2026/07/28 19:56:20.733, 295.70, 100, 74232, 73
2026/07/28 19:56:21.772, 295.79, 100, 74232, 73
2026/07/28 19:56:22.808, 295.41, 100, 74232, 73
2026/07/28 19:56:23.847, 294.25, 100, 74232, 73
2026/07/28 19:56:24.885, 302.48, 100, 74232, 73
2026/07/28 19:56:25.923, 299.49, 100, 74232, 73
2026/07/28 19:56:26.961, 293.44, 100, 74232, 73
2026/07/28 19:56:28.001, 302.42, 100, 74232, 73
2026/07/28 19:56:29.038, 302.05, 100, 74232, 73
2026/07/28 19:56:30.076, 302.58, 100, 74232, 73
2026/07/28 19:56:31.112, 305.13, 100, 74232, 73
2026/07/28 19:56:32.150, 304.33, 100, 74232, 73
2026/07/28 19:56:33.188, 303.65, 100, 74232, 73
2026/07/28 19:56:34.225, 303.77, 100, 74232, 73
2026/07/28 19:56:35.264, 303.88, 100, 74232, 73
2026/07/28 19:56:36.301, 302.19, 100, 74232, 73
2026/07/28 19:56:37.338, 303.45, 100, 74232, 73
2026/07/28 19:56:38.375, 302.69, 100, 74232, 73
2026/07/28 19:56:39.414, 295.89, 100, 74232, 73
2026/07/28 19:56:40.450, 292.80, 100, 74232, 73
2026/07/28 19:56:41.487, 296.57, 100, 74232, 73
2026/07/28 19:56:42.525, 296.55, 100, 74232, 73
2026/07/28 19:56:43.562, 296.48, 100, 74232, 73
2026/07/28 19:56:44.600, 296.28, 100, 74232, 73
2026/07/28 19:56:45.636, 294.84, 100, 74232, 73
2026/07/28 19:56:46.675, 296.56, 100, 74232, 73
2026/07/28 19:56:47.712, 295.69, 100, 74232, 73
2026/07/28 19:56:48.751, 295.22, 100, 74232, 73
2026/07/28 19:56:49.789, 296.77, 100, 74232, 73
2026/07/28 19:56:50.826, 303.56, 100, 74232, 73
2026/07/28 19:56:51.865, 303.10, 100, 74232, 73
2026/07/28 19:56:52.902, 301.73, 100, 74232, 73
2026/07/28 19:56:53.938, 304.90, 100, 74232, 73
2026/07/28 19:56:54.975, 295.04, 100, 74232, 73
2026/07/28 19:56:56.012, 301.42, 100, 74232, 73
2026/07/28 19:56:57.051, 303.38, 100, 74232, 73
2026/07/28 19:56:58.090, 296.37, 100, 74232, 73
2026/07/28 19:56:59.128, 304.71, 100, 74232, 73
2026/07/28 19:57:00.166, 303.64, 100, 74232, 73
2026/07/28 19:57:01.204, 292.50, 100, 74232, 73
2026/07/28 19:57:02.242, 296.08, 100, 74232, 73
2026/07/28 19:57:03.280, 293.95, 100, 74232, 73
2026/07/28 19:57:04.318, 297.35, 100, 74232, 73
2026/07/28 19:57:05.355, 295.71, 100, 74232, 73
2026/07/28 19:57:06.396, 295.11, 100, 74232, 73
2026/07/28 19:57:07.433, 302.60, 100, 74232, 73
2026/07/28 19:57:08.470, 306.01, 100, 74232, 73
2026/07/28 19:57:09.506, 303.93, 100, 74232, 73
2026/07/28 19:57:10.542, 304.81, 100, 74232, 73
2026/07/28 19:57:11.578, 292.47, 100, 74232, 73
2026/07/28 19:57:12.617, 291.99, 100, 74232, 73
2026/07/28 19:57:13.659, 296.39, 100, 74232, 73
2026/07/28 19:57:14.697, 295.70, 100, 74232, 73
2026/07/28 19:57:15.736, 296.58, 100, 74232, 73
2026/07/28 19:57:16.773, 296.16, 100, 74232, 73
2026/07/28 19:57:17.810, 303.55, 100, 74232, 73
2026/07/28 19:57:18.847, 303.57, 100, 74232, 73
2026/07/28 19:57:19.884, 304.32, 100, 74232, 73
2026/07/28 19:57:20.922, 303.86, 100, 74232, 73
2026/07/28 19:57:21.960, 304.04, 100, 74232, 73
2026/07/28 19:57:22.998, 303.77, 100, 74232, 73
2026/07/28 19:57:24.037, 303.39, 100, 74232, 73
2026/07/28 19:57:25.077, 303.76, 100, 74232, 73
2026/07/28 19:57:26.114, 303.69, 100, 74232, 73
2026/07/28 19:57:27.151, 295.59, 100, 74232, 73
2026/07/28 19:57:28.188, 301.54, 100, 74232, 73
2026/07/28 19:57:29.225, 295.02, 100, 74232, 73
2026/07/28 19:57:30.263, 296.25, 100, 74232, 73
2026/07/28 19:57:31.302, 299.01, 100, 74232, 73
2026/07/28 19:57:32.339, 299.20, 100, 74232, 73
2026/07/28 19:57:33.381, 303.55, 100, 74232, 73
2026/07/28 19:57:34.419, 297.73, 100, 74232, 73
2026/07/28 19:57:35.456, 297.25, 100, 74232, 73
2026/07/28 19:57:36.498, 296.36, 100, 74232, 73
2026/07/28 19:57:37.535, 295.10, 100, 74232, 73
2026/07/28 19:57:38.571, 295.78, 100, 74232, 73
2026/07/28 19:57:39.607, 292.86, 100, 74232, 73
2026/07/28 19:57:40.645, 302.49, 100, 74232, 73
2026/07/28 19:57:41.681, 303.05, 100, 74232, 73
2026/07/28 19:57:42.722, 302.32, 100, 74232, 73
2026/07/28 19:57:43.762, 301.80, 100, 74232, 73
2026/07/28 19:57:44.799, 291.62, 100, 74232, 73
2026/07/28 19:57:45.836, 297.07, 100, 74232, 73
2026/07/28 19:57:46.873, 292.08, 100, 74232, 73
2026/07/28 19:57:47.912, 301.26, 100, 74232, 73
2026/07/28 19:57:48.948, 303.01, 100, 74232, 73
2026/07/28 19:57:49.984, 298.81, 100, 74232, 73
2026/07/28 19:57:51.020, 303.09, 100, 74232, 73
2026/07/28 19:57:52.057, 303.10, 100, 74232, 73
2026/07/28 19:57:53.093, 302.67, 100, 74232, 73
2026/07/28 19:57:54.132, 302.48, 100, 74232, 73
2026/07/28 19:57:55.169, 303.35, 100, 74232, 73
2026/07/28 19:57:56.205, 303.85, 100, 74232, 73
2026/07/28 19:57:57.242, 296.38, 100, 74232, 73
2026/07/28 19:57:58.280, 298.91, 100, 74232, 73
2026/07/28 19:57:59.316, 296.76, 100, 74232, 73
2026/07/28 19:58:00.353, 297.51, 100, 74232, 73
2026/07/28 19:58:01.392, 297.04, 100, 74232, 73
2026/07/28 19:58:02.428, 295.50, 100, 74232, 73
2026/07/28 19:58:03.465, 292.50, 100, 74232, 73
2026/07/28 19:58:04.502, 303.16, 100, 74232, 73
2026/07/28 19:58:05.538, 303.77, 100, 74232, 73
2026/07/28 19:58:06.575, 295.30, 100, 74232, 73
2026/07/28 19:58:07.612, 296.66, 100, 74232, 73
2026/07/28 19:58:08.651, 297.25, 100, 74232, 73
2026/07/28 19:58:09.689, 301.14, 100, 74232, 73
2026/07/28 19:58:10.726, 295.20, 100, 74232, 73
2026/07/28 19:58:11.763, 300.16, 100, 74232, 73
2026/07/28 19:58:12.800, 302.59, 100, 74232, 73
2026/07/28 19:58:13.837, 295.79, 100, 74232, 73
2026/07/28 19:58:14.873, 295.90, 100, 74232, 73
2026/07/28 19:58:15.909, 297.92, 100, 74232, 73
2026/07/28 19:58:16.950, 299.79, 100, 74232, 73
2026/07/28 19:58:17.989, 303.56, 100, 74232, 73
2026/07/28 19:58:19.026, 303.83, 100, 74232, 73
2026/07/28 19:58:20.063, 303.85, 100, 74232, 73
2026/07/28 19:58:21.100, 303.67, 100, 74232, 73
2026/07/28 19:58:22.136, 304.52, 100, 74232, 73
2026/07/28 19:58:23.173, 303.83, 100, 74232, 73
2026/07/28 19:58:24.210, 294.80, 100, 74232, 73
2026/07/28 19:58:25.249, 291.99, 100, 74232, 73
2026/07/28 19:58:26.287, 295.02, 100, 74232, 73
2026/07/28 19:58:27.325, 297.17, 100, 74232, 73
2026/07/28 19:58:28.362, 295.89, 100, 74232, 73
2026/07/28 19:58:29.398, 296.46, 100, 74232, 73
2026/07/28 19:58:30.437, 296.19, 100, 74232, 73
2026/07/28 19:58:31.475, 295.90, 100, 74232, 73
2026/07/28 19:58:32.515, 295.31, 100, 74232, 73
2026/07/28 19:58:33.551, 295.81, 100, 74232, 73
2026/07/28 19:58:34.588, 296.65, 100, 74232, 73
2026/07/28 19:58:35.625, 296.48, 100, 74232, 73
2026/07/28 19:58:36.663, 296.76, 100, 74232, 73
2026/07/28 19:58:37.700, 299.02, 100, 74232, 73
2026/07/28 19:58:38.736, 298.22, 100, 74232, 73
2026/07/28 19:58:39.773, 296.08, 100, 74232, 73
2026/07/28 19:58:40.812, 304.07, 100, 74232, 73
2026/07/28 19:58:41.850, 299.49, 100, 74232, 73
2026/07/28 19:58:42.888, 298.23, 100, 74232, 73
2026/07/28 19:58:43.925, 295.79, 100, 74232, 73
2026/07/28 19:58:44.961, 301.40, 100, 74232, 73
2026/07/28 19:58:45.997, 297.14, 100, 74232, 73
2026/07/28 19:58:47.034, 297.07, 100, 74232, 73
2026/07/28 19:58:48.071, 306.56, 100, 74232, 73
2026/07/28 19:58:49.107, 299.60, 100, 74232, 73
2026/07/28 19:58:50.144, 302.58, 100, 74232, 73
2026/07/28 19:58:51.181, 305.57, 100, 74232, 73
2026/07/28 19:58:52.217, 303.29, 100, 74232, 73
2026/07/28 19:58:53.256, 297.24, 100, 74232, 73
2026/07/28 19:58:54.293, 296.85, 100, 74232, 73
2026/07/28 19:58:55.331, 295.98, 100, 74232, 73
2026/07/28 19:58:56.370, 304.15, 100, 74232, 73
2026/07/28 19:58:57.405, 303.01, 100, 74232, 73
2026/07/28 19:58:58.442, 303.78, 100, 74232, 73
2026/07/28 19:58:59.479, 301.99, 100, 74232, 73
2026/07/28 19:59:00.517, 295.80, 100, 74232, 73
2026/07/28 19:59:01.554, 295.49, 100, 74232, 73
2026/07/28 19:59:02.590, 292.41, 100, 74232, 73
2026/07/28 19:59:03.627, 296.19, 100, 74232, 73
2026/07/28 19:59:04.664, 296.55, 100, 74232, 73
2026/07/28 19:59:05.702, 295.21, 100, 74232, 73
2026/07/28 19:59:06.739, 295.59, 100, 74232, 73
2026/07/28 19:59:07.776, 296.76, 100, 74232, 73
2026/07/28 19:59:08.812, 304.61, 100, 74232, 73
2026/07/28 19:59:09.848, 303.44, 100, 74232, 73
2026/07/28 19:59:10.884, 304.17, 100, 74232, 73
2026/07/28 19:59:11.920, 295.90, 100, 74232, 73
2026/07/28 19:59:12.957, 298.72, 100, 74232, 73
2026/07/28 19:59:13.994, 294.90, 100, 74232, 73
2026/07/28 19:59:15.031, 295.60, 100, 74232, 73
2026/07/28 19:59:16.068, 295.60, 100, 74232, 73
2026/07/28 19:59:17.105, 296.85, 100, 74232, 73
2026/07/28 19:59:18.141, 292.48, 100, 74232, 73
2026/07/28 19:59:19.178, 300.05, 100, 74232, 73
2026/07/28 19:59:20.215, 302.61, 100, 74232, 73
2026/07/28 19:59:21.253, 300.15, 100, 74232, 73
2026/07/28 19:59:22.290, 296.28, 100, 74232, 73
2026/07/28 19:59:23.328, 303.54, 100, 74232, 73
2026/07/28 19:59:24.367, 303.55, 100, 74232, 73
2026/07/28 19:59:25.406, 295.80, 100, 74232, 73
2026/07/28 19:59:26.444, 299.96, 100, 74232, 73
2026/07/28 19:59:27.482, 296.17, 100, 74232, 73
2026/07/28 19:59:28.519, 303.85, 100, 74232, 73
2026/07/28 19:59:29.555, 306.75, 100, 74232, 73
2026/07/28 19:59:30.592, 300.44, 100, 74232, 73
2026/07/28 19:59:31.628, 301.11, 100, 74232, 73
2026/07/28 19:59:32.665, 301.70, 100, 74232, 73
2026/07/28 19:59:33.703, 304.70, 100, 74232, 73
2026/07/28 19:59:34.743, 303.75, 100, 74232, 73
2026/07/28 19:59:35.780, 303.97, 100, 74232, 73
2026/07/28 19:59:36.817, 301.34, 100, 74232, 73
2026/07/28 19:59:37.854, 294.52, 100, 74232, 73
2026/07/28 19:59:38.893, 304.53, 100, 74232, 73
2026/07/28 19:59:39.932, 302.96, 100, 74232, 73
2026/07/28 19:59:40.977, 306.37, 100, 74232, 73
2026/07/28 19:59:42.014, 101.12, 16, 74232, 71
2026/07/28 19:59:43.047, 302.42, 100, 74232, 75
2026/07/28 19:59:44.086, 305.60, 100, 74232, 75
2026/07/28 19:59:45.122, 302.91, 100, 74232, 75
2026/07/28 19:59:46.157, 307.68, 100, 74232, 75
2026/07/28 19:59:47.192, 263.35, 100, 74232, 75
2026/07/28 19:59:48.232, 311.74, 100, 74232, 75
2026/07/28 19:59:49.267, 303.55, 100, 74232, 75
2026/07/28 19:59:50.303, 303.28, 100, 74232, 73
2026/07/28 19:59:51.341, 303.45, 100, 74232, 73
2026/07/28 19:59:52.378, 304.64, 100, 74232, 73
2026/07/28 19:59:53.415, 303.48, 100, 74232, 74
2026/07/28 19:59:54.452, 304.26, 100, 74232, 74
2026/07/28 19:59:55.490, 303.35, 100, 74232, 74
2026/07/28 19:59:56.527, 292.80, 100, 74232, 74
2026/07/28 19:59:57.564, 289.56, 100, 74232, 74
2026/07/28 19:59:58.603, 297.65, 100, 74232, 74
2026/07/28 19:59:59.640, 296.48, 100, 74232, 74
2026/07/28 20:00:00.677, 297.36, 100, 74232, 74
2026/07/28 20:00:01.713, 298.21, 100, 74232, 74
2026/07/28 20:00:02.751, 297.84, 100, 74232, 74
2026/07/28 20:00:03.789, 296.86, 100, 74232, 74
2026/07/28 20:00:04.826, 295.99, 100, 74232, 74
2026/07/28 20:00:05.863, 296.57, 100, 74232, 74
2026/07/28 20:00:06.898, 297.36, 100, 74232, 74
2026/07/28 20:00:07.936, 296.37, 100, 74232, 74
2026/07/28 20:00:08.973, 297.26, 100, 74232, 74
2026/07/28 20:00:10.011, 297.06, 100, 74232, 74
2026/07/28 20:00:11.049, 296.77, 100, 74232, 74
2026/07/28 20:00:12.089, 297.08, 100, 74232, 74
2026/07/28 20:00:13.127, 302.97, 100, 74232, 74
2026/07/28 20:00:14.163, 301.32, 100, 74232, 74
2026/07/28 20:00:15.203, 298.91, 100, 74232, 74
2026/07/28 20:00:16.241, 299.27, 100, 74232, 74
2026/07/28 20:00:17.279, 295.22, 100, 74232, 74
2026/07/28 20:00:18.317, 295.60, 100, 74232, 74
2026/07/28 20:00:19.353, 296.29, 100, 74232, 74
2026/07/28 20:00:20.391, 298.21, 100, 74232, 74
2026/07/28 20:00:21.429, 296.09, 100, 74232, 74
2026/07/28 20:00:22.465, 301.12, 100, 74232, 74
2026/07/28 20:00:23.502, 296.57, 100, 74232, 74
2026/07/28 20:00:24.539, 297.63, 100, 74232, 74
2026/07/28 20:00:25.575, 296.19, 100, 74232, 74
2026/07/28 20:00:26.612, 296.19, 100, 74232, 74
2026/07/28 20:00:27.650, 297.05, 100, 74232, 74
2026/07/28 20:00:28.688, 296.95, 100, 74232, 73
2026/07/28 20:00:29.725, 295.80, 100, 74232, 73
2026/07/28 20:00:30.764, 296.69, 100, 74232, 73
2026/07/28 20:00:31.802, 296.55, 100, 74232, 73
2026/07/28 20:00:32.838, 295.90, 100, 74232, 73
2026/07/28 20:00:33.875, 300.76, 100, 74232, 74
2026/07/28 20:00:34.917, 302.37, 100, 74232, 74
2026/07/28 20:00:35.955, 304.36, 100, 74232, 74
2026/07/28 20:00:36.993, 304.75, 100, 74232, 74
2026/07/28 20:00:38.031, 304.61, 100, 74232, 74
2026/07/28 20:00:39.067, 299.55, 100, 74232, 74
2026/07/28 20:00:40.104, 293.35, 100, 74232, 73
2026/07/28 20:00:41.142, 292.78, 100, 74232, 73
2026/07/28 20:00:42.181, 296.37, 100, 74232, 73
2026/07/28 20:00:43.222, 293.09, 100, 74232, 73
2026/07/28 20:00:44.261, 302.67, 100, 74232, 74
2026/07/28 20:00:45.299, 307.63, 100, 74232, 74
2026/07/28 20:00:46.336, 304.04, 100, 74232, 73
2026/07/28 20:00:47.378, 303.79, 100, 74232, 73
2026/07/28 20:00:48.414, 305.33, 100, 74232, 73
2026/07/28 20:00:49.451, 292.88, 100, 74232, 73
2026/07/28 20:00:50.488, 295.78, 100, 74232, 73
2026/07/28 20:00:51.524, 295.31, 100, 74232, 73
2026/07/28 20:00:52.562, 301.99, 100, 74232, 73
2026/07/28 20:00:53.598, 297.84, 100, 74232, 73
2026/07/28 20:00:54.635, 296.57, 100, 74232, 73
2026/07/28 20:00:55.671, 295.89, 100, 74232, 73
2026/07/28 20:00:56.710, 296.65, 100, 74232, 73
2026/07/28 20:00:57.747, 295.70, 100, 74232, 73
2026/07/28 20:00:58.784, 296.86, 100, 74232, 73
2026/07/28 20:00:59.821, 296.48, 100, 74232, 73
2026/07/28 20:01:00.859, 297.04, 100, 74232, 73
2026/07/28 20:01:01.896, 296.89, 100, 74232, 73
2026/07/28 20:01:02.933, 294.24, 100, 74232, 73
2026/07/28 20:01:03.970, 299.12, 100, 74232, 73
2026/07/28 20:01:05.008, 296.47, 100, 74232, 73
2026/07/28 20:01:06.044, 295.70, 100, 74232, 73
2026/07/28 20:01:07.080, 292.77, 100, 74232, 73
2026/07/28 20:01:08.118, 297.25, 100, 74232, 73
2026/07/28 20:01:09.155, 298.12, 100, 74232, 73
2026/07/28 20:01:10.195, 295.70, 100, 74232, 73
2026/07/28 20:01:11.231, 296.18, 100, 74232, 73
2026/07/28 20:01:12.269, 296.77, 100, 74232, 73
2026/07/28 20:01:13.305, 292.78, 100, 74232, 73
2026/07/28 20:01:14.343, 296.09, 100, 74232, 73
2026/07/28 20:01:15.382, 303.25, 100, 74232, 73
2026/07/28 20:01:16.422, 303.26, 100, 74232, 73
2026/07/28 20:01:17.458, 305.04, 100, 74232, 73
2026/07/28 20:01:18.498, 304.02, 100, 74232, 73
2026/07/28 20:01:19.535, 296.29, 100, 74232, 73
2026/07/28 20:01:20.573, 296.97, 100, 74232, 73
2026/07/28 20:01:21.610, 298.21, 100, 74232, 73
2026/07/28 20:01:22.649, 298.03, 100, 74232, 73
2026/07/28 20:01:23.687, 293.06, 100, 74232, 73
2026/07/28 20:01:24.724, 295.98, 100, 74232, 73
2026/07/28 20:01:25.764, 296.59, 100, 74232, 73
2026/07/28 20:01:26.803, 296.38, 100, 74232, 73
2026/07/28 20:01:27.840, 295.71, 100, 74232, 73
2026/07/28 20:01:28.880, 296.00, 100, 74232, 73
2026/07/28 20:01:29.917, 295.60, 100, 74232, 73
2026/07/28 20:01:30.953, 296.69, 100, 74232, 73
2026/07/28 20:01:31.989, 295.91, 100, 74232, 73
2026/07/28 20:01:33.026, 298.61, 100, 74232, 73
2026/07/28 20:01:34.063, 291.42, 100, 74232, 73
2026/07/28 20:01:35.099, 295.21, 100, 74232, 73
2026/07/28 20:01:36.139, 299.80, 100, 74232, 73
2026/07/28 20:01:37.176, 303.49, 100, 74232, 73
2026/07/28 20:01:38.216, 302.89, 100, 74232, 73
2026/07/28 20:01:39.253, 303.65, 100, 74232, 73
2026/07/28 20:01:40.289, 303.36, 100, 74232, 73
2026/07/28 20:01:41.326, 303.29, 100, 74232, 73
2026/07/28 20:01:42.363, 295.30, 100, 74232, 73
2026/07/28 20:01:43.400, 295.90, 100, 74232, 73
2026/07/28 20:01:44.435, 292.01, 100, 74232, 73
2026/07/28 20:01:45.471, 295.90, 100, 74232, 73
2026/07/28 20:01:46.507, 297.36, 100, 74232, 73
2026/07/28 20:01:47.546, 296.37, 100, 74232, 73
2026/07/28 20:01:48.584, 297.82, 100, 74232, 73
2026/07/28 20:01:49.621, 297.04, 100, 74232, 73
2026/07/28 20:01:50.659, 296.27, 100, 74232, 73
2026/07/28 20:01:51.697, 296.87, 100, 74232, 73
2026/07/28 20:01:52.733, 296.27, 100, 74232, 73
2026/07/28 20:01:53.770, 295.50, 100, 74232, 73
2026/07/28 20:01:54.807, 293.26, 100, 74232, 73
2026/07/28 20:01:55.845, 289.08, 100, 74232, 73
2026/07/28 20:01:56.883, 295.60, 100, 74232, 73
2026/07/28 20:01:57.922, 295.59, 100, 74232, 73
2026/07/28 20:01:58.957, 303.54, 100, 74232, 73
2026/07/28 20:01:59.994, 300.15, 100, 74232, 73
2026/07/28 20:02:01.032, 303.83, 100, 74232, 73
2026/07/28 20:02:02.070, 304.51, 100, 74232, 74
2026/07/28 20:02:03.106, 304.21, 100, 74232, 73
2026/07/28 20:02:04.143, 303.74, 100, 74232, 73
2026/07/28 20:02:05.182, 296.17, 100, 74232, 73
2026/07/28 20:02:06.221, 297.15, 100, 74232, 73
2026/07/28 20:02:07.258, 302.58, 100, 74232, 73
2026/07/28 20:02:08.301, 303.49, 100, 74232, 73
2026/07/28 20:02:09.338, 293.09, 100, 74232, 73
2026/07/28 20:02:10.375, 296.29, 100, 74232, 73
2026/07/28 20:02:11.414, 296.47, 100, 74232, 73
2026/07/28 20:02:12.452, 296.50, 100, 74232, 73
2026/07/28 20:02:13.494, 299.87, 100, 74232, 73
2026/07/28 20:02:14.533, 297.54, 100, 74232, 73
2026/07/28 20:02:15.571, 296.27, 100, 74232, 73
2026/07/28 20:02:16.611, 301.71, 100, 74232, 73
2026/07/28 20:02:17.650, 296.57, 100, 74232, 73
2026/07/28 20:02:18.686, 299.76, 100, 74232, 73
2026/07/28 20:02:19.724, 305.91, 100, 74232, 73
2026/07/28 20:02:20.764, 300.45, 100, 74232, 73
2026/07/28 20:02:21.800, 303.89, 100, 74232, 73
2026/07/28 20:02:22.836, 304.18, 100, 74232, 73
2026/07/28 20:02:23.872, 303.85, 100, 74232, 73
2026/07/28 20:02:24.908, 297.82, 100, 74232, 73
2026/07/28 20:02:25.946, 292.89, 100, 74232, 73
2026/07/28 20:02:26.982, 292.58, 100, 74232, 73
2026/07/28 20:02:28.020, 295.32, 100, 74232, 73
2026/07/28 20:02:29.057, 299.19, 100, 74232, 73
2026/07/28 20:02:30.096, 303.67, 100, 74232, 73
2026/07/28 20:02:31.134, 296.69, 100, 74232, 73
2026/07/28 20:02:32.171, 295.90, 100, 74232, 73
2026/07/28 20:02:33.208, 296.67, 100, 74232, 73
2026/07/28 20:02:34.245, 297.18, 100, 74232, 73
2026/07/28 20:02:35.284, 296.65, 100, 74232, 73
2026/07/28 20:02:36.320, 303.88, 100, 74232, 73
2026/07/28 20:02:37.359, 299.38, 100, 74232, 73
2026/07/28 20:02:38.395, 302.98, 100, 74232, 73
2026/07/28 20:02:39.433, 303.67, 100, 74232, 73
2026/07/28 20:02:40.470, 303.38, 100, 74232, 73
2026/07/28 20:02:41.506, 303.95, 100, 74232, 73
2026/07/28 20:02:42.544, 303.26, 100, 74232, 73
2026/07/28 20:02:43.581, 304.14, 100, 74232, 73
2026/07/28 20:02:44.619, 303.76, 100, 74232, 73
2026/07/28 20:02:45.656, 296.46, 100, 74232, 73
2026/07/28 20:02:46.692, 303.97, 100, 74232, 73
2026/07/28 20:02:47.729, 304.13, 100, 74232, 73
2026/07/28 20:02:48.766, 303.30, 100, 74232, 73
2026/07/28 20:02:49.803, 303.68, 100, 74232, 73
2026/07/28 20:02:50.839, 304.13, 100, 74232, 73
2026/07/28 20:02:51.878, 296.95, 100, 74232, 73
2026/07/28 20:02:52.916, 297.26, 100, 74232, 73
2026/07/28 20:02:53.955, 297.07, 100, 74232, 73
2026/07/28 20:02:54.992, 298.02, 100, 74232, 73
2026/07/28 20:02:56.028, 296.85, 100, 74232, 73
2026/07/28 20:02:57.067, 302.18, 100, 74232, 73
2026/07/28 20:02:58.105, 295.11, 100, 74232, 73
2026/07/28 20:02:59.141, 296.27, 100, 74232, 73
2026/07/28 20:03:00.180, 296.78, 100, 74232, 73
2026/07/28 20:03:01.216, 296.26, 100, 74232, 73
2026/07/28 20:03:02.253, 296.38, 100, 74232, 73
2026/07/28 20:03:03.291, 295.31, 100, 74232, 73
2026/07/28 20:03:04.330, 299.27, 100, 74232, 73
2026/07/28 20:03:05.368, 302.39, 100, 74232, 73
2026/07/28 20:03:06.407, 303.68, 100, 74232, 73
2026/07/28 20:03:07.446, 296.08, 100, 74232, 73
2026/07/28 20:03:08.485, 293.46, 100, 74232, 73
2026/07/28 20:03:09.523, 297.71, 100, 74232, 73
2026/07/28 20:03:10.559, 296.39, 100, 74232, 73
2026/07/28 20:03:11.596, 296.49, 100, 74232, 73
2026/07/28 20:03:12.635, 296.59, 100, 74232, 73
2026/07/28 20:03:13.671, 296.46, 100, 74232, 73
2026/07/28 20:03:14.708, 303.58, 100, 74232, 73
2026/07/28 20:03:15.745, 299.67, 100, 74232, 73
2026/07/28 20:03:16.782, 302.79, 100, 74232, 73
2026/07/28 20:03:17.820, 305.78, 100, 74232, 73
2026/07/28 20:03:18.857, 303.56, 100, 74232, 73
2026/07/28 20:03:19.893, 304.80, 100, 74232, 73
2026/07/28 20:03:20.929, 304.35, 100, 74232, 73
2026/07/28 20:03:21.968, 298.23, 100, 74232, 73
2026/07/28 20:03:23.006, 297.42, 100, 74232, 73
2026/07/28 20:03:24.043, 298.41, 100, 74232, 73
2026/07/28 20:03:25.080, 294.82, 100, 74232, 73
2026/07/28 20:03:26.118, 296.68, 100, 74232, 73
2026/07/28 20:03:27.155, 299.58, 100, 74232, 73
2026/07/28 20:03:28.192, 296.56, 100, 74232, 73
2026/07/28 20:03:29.228, 295.79, 100, 74232, 73
2026/07/28 20:03:30.265, 296.96, 100, 74232, 73
2026/07/28 20:03:31.302, 296.18, 100, 74232, 73
2026/07/28 20:03:32.340, 295.32, 100, 74232, 73
2026/07/28 20:03:33.378, 295.80, 100, 74232, 73
2026/07/28 20:03:34.415, 296.85, 100, 74232, 73
2026/07/28 20:03:35.452, 296.27, 100, 74232, 73
2026/07/28 20:03:36.489, 296.19, 100, 74232, 73
2026/07/28 20:03:37.526, 296.47, 100, 74232, 73
2026/07/28 20:03:38.563, 297.28, 100, 74232, 73
2026/07/28 20:03:39.601, 295.50, 100, 74232, 73
2026/07/28 20:03:40.638, 296.28, 100, 74232, 73
2026/07/28 20:03:41.677, 305.08, 100, 74232, 73
2026/07/28 20:03:42.714, 303.86, 100, 74232, 73
2026/07/28 20:03:43.751, 302.58, 100, 74232, 73
2026/07/28 20:03:44.788, 304.03, 100, 74232, 73
2026/07/28 20:03:45.825, 295.78, 100, 74232, 73
2026/07/28 20:03:46.862, 293.28, 100, 74232, 73
2026/07/28 20:03:47.901, 301.17, 100, 74232, 73
2026/07/28 20:03:48.938, 300.76, 100, 74232, 73
2026/07/28 20:03:49.975, 303.44, 100, 74232, 73
2026/07/28 20:03:51.012, 303.69, 100, 74232, 73
2026/07/28 20:03:52.051, 303.79, 100, 74232, 73
2026/07/28 20:03:53.087, 304.27, 100, 74232, 73
2026/07/28 20:03:54.127, 304.04, 100, 74232, 73
2026/07/28 20:03:55.166, 299.09, 100, 74232, 73
2026/07/28 20:03:56.202, 303.75, 100, 74232, 73
2026/07/28 20:03:57.240, 296.66, 100, 74232, 73
2026/07/28 20:03:58.276, 296.08, 100, 74232, 73
2026/07/28 20:03:59.315, 297.54, 100, 74232, 73
2026/07/28 20:04:00.353, 296.74, 100, 74232, 73
2026/07/28 20:04:01.391, 292.49, 100, 74232, 73
2026/07/28 20:04:02.428, 296.27, 100, 74232, 73
2026/07/28 20:04:03.464, 295.79, 100, 74232, 73
2026/07/28 20:04:04.501, 296.27, 100, 74232, 73
2026/07/28 20:04:05.538, 295.50, 100, 74232, 73
2026/07/28 20:04:06.577, 295.58, 100, 74232, 73
2026/07/28 20:04:07.614, 295.78, 100, 74232, 73
2026/07/28 20:04:08.652, 296.59, 100, 74232, 73
2026/07/28 20:04:09.689, 296.19, 100, 74232, 73
2026/07/28 20:04:10.725, 295.01, 100, 74232, 73
2026/07/28 20:04:11.762, 296.17, 100, 74232, 73
2026/07/28 20:04:12.802, 296.17, 100, 74232, 73
2026/07/28 20:04:13.839, 297.64, 100, 74232, 73
2026/07/28 20:04:14.875, 296.19, 100, 74232, 73
2026/07/28 20:04:15.911, 296.08, 100, 74232, 73
2026/07/28 20:04:16.949, 296.68, 100, 74232, 73
2026/07/28 20:04:17.987, 296.28, 100, 74232, 73
2026/07/28 20:04:19.032, 296.20, 100, 74232, 73
2026/07/28 20:04:20.075, 303.93, 100, 74232, 73
2026/07/28 20:04:21.111, 303.78, 100, 74232, 73
2026/07/28 20:04:22.148, 303.88, 100, 74232, 73
2026/07/28 20:04:23.184, 303.60, 100, 74232, 73
2026/07/28 20:04:24.222, 292.29, 100, 74232, 73
2026/07/28 20:04:25.260, 292.48, 100, 74232, 73
2026/07/28 20:04:26.297, 296.65, 100, 74232, 73
2026/07/28 20:04:27.337, 297.23, 100, 74232, 73
2026/07/28 20:04:28.378, 301.61, 100, 74232, 73
2026/07/28 20:04:29.418, 303.64, 100, 74232, 73
2026/07/28 20:04:30.457, 304.17, 100, 74232, 73
2026/07/28 20:04:31.493, 304.06, 100, 74232, 73
2026/07/28 20:04:32.530, 304.30, 100, 74232, 73
2026/07/28 20:04:33.567, 304.04, 100, 74232, 73
2026/07/28 20:04:34.606, 296.38, 100, 74232, 73
2026/07/28 20:04:35.644, 293.17, 100, 74232, 73
2026/07/28 20:04:36.682, 299.58, 100, 74232, 73
2026/07/28 20:04:37.719, 295.90, 100, 74232, 73
2026/07/28 20:04:38.756, 295.89, 100, 74232, 73
2026/07/28 20:04:39.793, 293.25, 100, 74232, 73
2026/07/28 20:04:40.830, 295.50, 100, 74232, 73
2026/07/28 20:04:41.868, 296.18, 100, 74232, 73
2026/07/28 20:04:42.905, 97.27, 66, 74232, 70
2026/07/28 20:04:43.937, 99.28, 0, 74232, 69
2026/07/28 20:04:44.970, 98.18, 0, 74232, 69
2026/07/28 20:04:46.002, 97.25, 0, 74232, 68
2026/07/28 20:04:47.035, 96.49, 0, 74232, 67
2026/07/28 20:04:48.066, 94.29, 0, 74232, 67
2026/07/28 20:04:49.097, 93.72, 0, 74232, 66
2026/07/28 20:04:50.129, 93.12, 0, 74232, 66
2026/07/28 20:04:51.161, 299.77, 100, 74232, 71
2026/07/28 20:04:52.195, 307.50, 100, 74232, 71
2026/07/28 20:04:53.230, 282.85, 100, 74232, 71
2026/07/28 20:04:54.268, 306.93, 100, 74232, 72
2026/07/28 20:04:55.302, 290.90, 100, 74232, 71
2026/07/28 20:04:56.336, 284.12, 100, 74232, 72
2026/07/28 20:04:57.370, 314.45, 100, 74232, 72
2026/07/28 20:04:58.416, 306.58, 100, 74232, 71
2026/07/28 20:04:59.454, 306.87, 100, 74232, 71
2026/07/28 20:05:00.490, 305.77, 100, 74232, 71
2026/07/28 20:05:01.527, 301.18, 100, 74232, 71
2026/07/28 20:05:02.564, 307.71, 100, 74232, 71
2026/07/28 20:05:03.601, 302.39, 100, 74232, 71
2026/07/28 20:05:04.637, 300.04, 100, 74232, 71
2026/07/28 20:05:05.673, 300.26, 100, 74232, 72
2026/07/28 20:05:06.710, 299.96, 100, 74232, 72
2026/07/28 20:05:07.751, 302.77, 100, 74232, 72
2026/07/28 20:05:08.789, 300.18, 100, 74232, 72
2026/07/28 20:05:09.826, 293.46, 100, 74232, 72
2026/07/28 20:05:10.864, 293.28, 100, 74232, 72
2026/07/28 20:05:11.900, 293.67, 100, 74232, 72
2026/07/28 20:05:12.941, 297.73, 100, 74232, 72
2026/07/28 20:05:13.978, 293.07, 100, 74232, 72
2026/07/28 20:05:15.022, 296.17, 100, 74232, 72
2026/07/28 20:05:16.059, 301.20, 100, 74232, 72
2026/07/28 20:05:17.096, 304.61, 100, 74232, 72
2026/07/28 20:05:18.134, 300.54, 100, 74232, 72
2026/07/28 20:05:19.172, 303.08, 100, 74232, 72
2026/07/28 20:05:20.210, 301.90, 100, 74232, 72
2026/07/28 20:05:21.247, 303.19, 100, 74232, 73
2026/07/28 20:05:22.284, 301.95, 100, 74232, 73
2026/07/28 20:05:23.320, 303.47, 100, 74232, 73
2026/07/28 20:05:24.359, 305.54, 100, 74232, 73
2026/07/28 20:05:25.396, 302.21, 100, 74232, 73
2026/07/28 20:05:26.437, 303.53, 100, 74232, 73
2026/07/28 20:05:27.474, 302.24, 100, 74232, 73
2026/07/28 20:05:28.512, 302.02, 100, 74232, 73
2026/07/28 20:05:29.550, 295.40, 100, 74232, 73
2026/07/28 20:05:30.587, 297.92, 100, 74232, 73
2026/07/28 20:05:31.626, 295.69, 100, 74232, 73
2026/07/28 20:05:32.664, 291.53, 100, 74232, 73
2026/07/28 20:05:33.701, 294.54, 100, 74232, 73
2026/07/28 20:05:34.738, 295.41, 100, 74232, 73
2026/07/28 20:05:35.775, 295.30, 100, 74232, 73
2026/07/28 20:05:36.812, 295.70, 100, 74232, 73
2026/07/28 20:05:37.849, 295.21, 100, 74232, 73
2026/07/28 20:05:38.888, 300.29, 100, 74232, 73
2026/07/28 20:05:39.924, 303.20, 100, 74232, 73
2026/07/28 20:05:40.963, 302.96, 100, 74232, 73
2026/07/28 20:05:42.000, 301.02, 100, 74232, 73
2026/07/28 20:05:43.038, 303.34, 100, 74232, 73
2026/07/28 20:05:44.075, 304.31, 100, 74232, 73
2026/07/28 20:05:45.116, 302.67, 100, 74232, 73
2026/07/28 20:05:46.155, 305.33, 100, 74232, 73
2026/07/28 20:05:47.192, 291.31, 100, 74232, 73
2026/07/28 20:05:48.231, 291.83, 100, 74232, 73
2026/07/28 20:05:49.269, 295.68, 100, 74232, 73
2026/07/28 20:05:50.306, 294.42, 100, 74232, 73
2026/07/28 20:05:51.344, 303.01, 100, 74232, 73
2026/07/28 20:05:52.380, 303.27, 100, 74232, 73
2026/07/28 20:05:53.418, 302.67, 100, 74232, 73
2026/07/28 20:05:54.456, 302.58, 100, 74232, 73
2026/07/28 20:05:55.495, 303.54, 100, 74232, 73
2026/07/28 20:05:56.533, 304.61, 100, 74232, 73
2026/07/28 20:05:57.571, 303.06, 100, 74232, 73
2026/07/28 20:05:58.609, 295.42, 100, 74232, 73
2026/07/28 20:05:59.645, 295.89, 100, 74232, 73
2026/07/28 20:06:00.682, 303.82, 100, 74232, 73
2026/07/28 20:06:01.719, 303.07, 100, 74232, 73
2026/07/28 20:06:02.758, 304.23, 100, 74232, 73
2026/07/28 20:06:03.795, 295.80, 100, 74232, 73
2026/07/28 20:06:04.835, 298.14, 100, 74232, 73
2026/07/28 20:06:05.872, 294.33, 100, 74232, 73
2026/07/28 20:06:06.913, 296.28, 100, 74232, 73
2026/07/28 20:06:07.954, 294.65, 100, 74232, 73
2026/07/28 20:06:08.993, 294.35, 100, 74232, 73
2026/07/28 20:06:10.031, 294.64, 100, 74232, 73
2026/07/28 20:06:11.070, 294.73, 100, 74232, 73
2026/07/28 20:06:12.107, 302.58, 100, 74232, 73
2026/07/28 20:06:13.144, 298.93, 100, 74232, 73
2026/07/28 20:06:14.181, 302.77, 100, 74232, 73
2026/07/28 20:06:15.218, 302.28, 100, 74232, 73
2026/07/28 20:06:16.257, 301.99, 100, 74232, 73
2026/07/28 20:06:17.295, 304.21, 100, 74232, 73
2026/07/28 20:06:18.331, 302.87, 100, 74232, 73
2026/07/28 20:06:19.368, 304.36, 100, 74232, 73
2026/07/28 20:06:20.405, 302.96, 100, 74232, 73
2026/07/28 20:06:21.442, 293.56, 100, 74232, 73
2026/07/28 20:06:22.480, 292.39, 100, 74232, 73
2026/07/28 20:06:23.518, 291.91, 100, 74232, 73
2026/07/28 20:06:24.555, 297.63, 100, 74232, 73
2026/07/28 20:06:25.592, 302.87, 100, 74232, 73
2026/07/28 20:06:26.631, 306.49, 100, 74232, 73
2026/07/28 20:06:27.669, 302.42, 100, 74232, 73
2026/07/28 20:06:28.707, 303.25, 100, 74232, 73
2026/07/28 20:06:29.746, 302.70, 100, 74232, 73
2026/07/28 20:06:30.790, 302.01, 100, 74232, 73
2026/07/28 20:06:31.828, 292.58, 100, 74232, 73
2026/07/28 20:06:32.867, 290.84, 100, 74232, 73
2026/07/28 20:06:33.906, 295.11, 100, 74232, 73
2026/07/28 20:06:34.943, 295.39, 100, 74232, 73
2026/07/28 20:06:35.984, 302.68, 100, 74232, 73
2026/07/28 20:06:37.021, 304.61, 100, 74232, 73
2026/07/28 20:06:38.057, 303.58, 100, 74232, 73
2026/07/28 20:06:39.094, 303.79, 100, 74232, 73
2026/07/28 20:06:40.132, 302.48, 100, 74232, 73
2026/07/28 20:06:41.170, 291.90, 100, 74232, 73
2026/07/28 20:06:42.207, 295.72, 100, 74232, 73
2026/07/28 20:06:43.246, 295.70, 100, 74232, 73
2026/07/28 20:06:44.283, 297.06, 100, 74232, 73
2026/07/28 20:06:45.321, 303.26, 100, 74232, 73
2026/07/28 20:06:46.359, 303.08, 100, 74232, 73
2026/07/28 20:06:47.397, 304.37, 100, 74232, 73
2026/07/28 20:06:48.436, 295.99, 100, 74232, 73
2026/07/28 20:06:49.474, 292.66, 100, 74232, 73
2026/07/28 20:06:50.514, 295.67, 100, 74232, 73
2026/07/28 20:06:51.552, 295.98, 100, 74232, 73
2026/07/28 20:06:52.589, 302.41, 100, 74232, 73
2026/07/28 20:06:53.628, 301.71, 100, 74232, 73
2026/07/28 20:06:54.666, 302.98, 100, 74232, 73
2026/07/28 20:06:55.706, 302.23, 100, 74232, 73
2026/07/28 20:06:56.743, 302.37, 100, 74232, 73
2026/07/28 20:06:57.780, 303.45, 100, 74232, 73
2026/07/28 20:06:58.818, 302.41, 100, 74232, 73
2026/07/28 20:06:59.855, 302.70, 100, 74232, 73
2026/07/28 20:07:00.893, 294.83, 100, 74232, 73
2026/07/28 20:07:01.930, 291.04, 100, 74232, 73
2026/07/28 20:07:02.968, 299.28, 100, 74232, 73
2026/07/28 20:07:04.006, 304.57, 100, 74232, 73
2026/07/28 20:07:05.047, 302.79, 100, 74232, 73
2026/07/28 20:07:06.085, 303.60, 100, 74232, 73
2026/07/28 20:07:07.123, 295.30, 100, 74232, 73
2026/07/28 20:07:08.162, 295.60, 100, 74232, 73
2026/07/28 20:07:09.200, 295.12, 100, 74232, 73
2026/07/28 20:07:10.238, 295.60, 100, 74232, 73
2026/07/28 20:07:11.280, 295.21, 100, 74232, 73
2026/07/28 20:07:12.317, 291.61, 100, 74232, 73
2026/07/28 20:07:13.353, 295.88, 100, 74232, 73
2026/07/28 20:07:14.390, 298.81, 100, 74232, 73
2026/07/28 20:07:15.428, 295.62, 100, 74232, 73
2026/07/28 20:07:16.465, 295.21, 100, 74232, 73
2026/07/28 20:07:17.501, 302.00, 100, 74232, 73
2026/07/28 20:07:18.537, 303.45, 100, 74232, 73
2026/07/28 20:07:19.575, 301.63, 100, 74232, 73
2026/07/28 20:07:20.611, 304.65, 100, 74232, 73
2026/07/28 20:07:21.651, 302.96, 100, 74232, 73
2026/07/28 20:07:22.688, 299.68, 100, 74232, 73
2026/07/28 20:07:23.725, 295.98, 100, 74232, 73
2026/07/28 20:07:24.762, 304.60, 100, 74232, 73
2026/07/28 20:07:25.799, 303.39, 100, 74232, 73
2026/07/28 20:07:26.836, 303.27, 100, 74232, 73
2026/07/28 20:07:27.872, 295.20, 100, 74232, 73
2026/07/28 20:07:28.909, 294.82, 100, 74232, 73
2026/07/28 20:07:29.951, 299.77, 100, 74232, 73
2026/07/28 20:07:30.989, 294.62, 100, 74232, 73
2026/07/28 20:07:32.028, 297.33, 100, 74232, 73
2026/07/28 20:07:33.064, 303.19, 100, 74232, 73
2026/07/28 20:07:34.108, 295.80, 100, 74232, 73
2026/07/28 20:07:35.146, 298.32, 100, 74232, 73
2026/07/28 20:07:36.184, 295.70, 100, 74232, 73
2026/07/28 20:07:37.222, 296.47, 100, 74232, 73
2026/07/28 20:07:38.260, 296.17, 100, 74232, 73
2026/07/28 20:07:39.298, 298.01, 100, 74232, 73
2026/07/28 20:07:40.335, 295.11, 100, 74232, 73
2026/07/28 20:07:41.374, 295.40, 100, 74232, 73
2026/07/28 20:07:42.411, 302.97, 100, 74232, 73
2026/07/28 20:07:43.448, 300.25, 100, 74232, 73
2026/07/28 20:07:44.484, 300.75, 100, 74232, 73
2026/07/28 20:07:45.520, 296.48, 100, 74232, 73
2026/07/28 20:07:46.557, 299.10, 100, 74232, 73
2026/07/28 20:07:47.596, 293.17, 100, 74232, 73
2026/07/28 20:07:48.633, 295.02, 100, 74232, 73
2026/07/28 20:07:49.673, 291.33, 100, 74232, 73
2026/07/28 20:07:50.709, 295.71, 100, 74232, 73
2026/07/28 20:07:51.747, 296.74, 100, 74232, 73
2026/07/28 20:07:52.785, 297.66, 100, 74232, 73
2026/07/28 20:07:53.821, 304.23, 100, 74232, 73
2026/07/28 20:07:54.858, 295.52, 100, 74232, 73
2026/07/28 20:07:55.896, 296.77, 100, 74232, 73
2026/07/28 20:07:56.936, 296.36, 100, 74232, 73
2026/07/28 20:07:57.974, 295.49, 100, 74232, 73
2026/07/28 20:07:59.015, 295.81, 100, 74232, 73
2026/07/28 20:08:00.056, 295.89, 100, 74232, 73
2026/07/28 20:08:01.094, 299.49, 100, 74232, 73
2026/07/28 20:08:02.131, 303.64, 100, 74232, 73
2026/07/28 20:08:03.167, 304.03, 100, 74232, 73
2026/07/28 20:08:04.204, 300.54, 100, 74232, 73
2026/07/28 20:08:05.240, 303.87, 100, 74232, 73
2026/07/28 20:08:06.278, 302.78, 100, 74232, 73
2026/07/28 20:08:07.316, 303.71, 100, 74232, 73
2026/07/28 20:08:08.357, 298.61, 100, 74232, 73
2026/07/28 20:08:09.395, 296.27, 100, 74232, 73
2026/07/28 20:08:10.431, 296.68, 100, 74232, 73
2026/07/28 20:08:11.468, 292.62, 100, 74232, 73
2026/07/28 20:08:12.504, 295.79, 100, 74232, 73
2026/07/28 20:08:13.541, 297.72, 100, 74232, 73
2026/07/28 20:08:14.577, 296.47, 100, 74232, 73
2026/07/28 20:08:15.616, 292.30, 100, 74232, 73
2026/07/28 20:08:16.654, 296.19, 100, 74232, 73
2026/07/28 20:08:17.692, 296.96, 100, 74232, 73
2026/07/28 20:08:18.730, 295.70, 100, 74232, 73
2026/07/28 20:08:19.768, 295.60, 100, 74232, 73
2026/07/28 20:08:20.805, 295.98, 100, 74232, 73
2026/07/28 20:08:21.843, 297.37, 100, 74232, 73
2026/07/28 20:08:22.881, 295.69, 100, 74232, 73
2026/07/28 20:08:23.919, 299.00, 100, 74232, 73
2026/07/28 20:08:24.956, 295.49, 100, 74232, 73
2026/07/28 20:08:25.996, 300.27, 100, 74232, 73
2026/07/28 20:08:27.033, 303.49, 100, 74232, 73
2026/07/28 20:08:28.070, 303.60, 100, 74232, 73
2026/07/28 20:08:29.109, 303.45, 100, 74232, 73
2026/07/28 20:08:30.147, 303.36, 100, 74232, 73
2026/07/28 20:08:31.185, 302.86, 100, 74232, 73
2026/07/28 20:08:32.223, 291.42, 100, 74232, 73
2026/07/28 20:08:33.259, 304.22, 100, 74232, 73
2026/07/28 20:08:34.294, 303.36, 100, 74232, 73
2026/07/28 20:08:35.331, 303.68, 100, 74232, 73
2026/07/28 20:08:36.368, 303.75, 100, 74232, 73
2026/07/28 20:08:37.405, 303.46, 100, 74232, 73
2026/07/28 20:08:38.442, 304.17, 100, 74232, 73
2026/07/28 20:08:39.484, 296.68, 100, 74232, 73
2026/07/28 20:08:40.521, 298.15, 100, 74232, 73
2026/07/28 20:08:41.559, 292.00, 100, 74232, 73
2026/07/28 20:08:42.598, 295.03, 100, 74232, 73
2026/07/28 20:08:43.635, 301.62, 100, 74232, 73
2026/07/28 20:08:44.672, 301.80, 100, 74232, 73
2026/07/28 20:08:45.709, 302.38, 100, 74232, 73
2026/07/28 20:08:46.746, 302.19, 100, 74232, 73
2026/07/28 20:08:47.782, 297.65, 100, 74232, 73
2026/07/28 20:08:48.819, 291.69, 100, 74232, 73
2026/07/28 20:08:49.858, 296.96, 100, 74232, 73
2026/07/28 20:08:50.895, 302.79, 100, 74232, 73
2026/07/28 20:08:51.931, 303.29, 100, 74232, 73
2026/07/28 20:08:52.970, 303.50, 100, 74232, 73
2026/07/28 20:08:54.007, 296.48, 100, 74232, 73
2026/07/28 20:08:55.046, 291.70, 100, 74232, 73
2026/07/28 20:08:56.084, 296.29, 100, 74232, 73
2026/07/28 20:08:57.129, 297.54, 100, 74232, 73
2026/07/28 20:08:58.170, 302.50, 100, 74232, 73
2026/07/28 20:08:59.208, 304.61, 100, 74232, 73
2026/07/28 20:09:00.245, 304.03, 100, 74232, 73
2026/07/28 20:09:01.283, 303.30, 100, 74232, 73
2026/07/28 20:09:02.321, 305.04, 100, 74232, 73
2026/07/28 20:09:03.359, 305.85, 100, 74232, 73
2026/07/28 20:09:04.397, 303.16, 100, 74232, 73
2026/07/28 20:09:05.434, 304.12, 100, 74232, 73
2026/07/28 20:09:06.473, 303.92, 100, 74232, 73
2026/07/28 20:09:07.511, 303.86, 100, 74232, 73
2026/07/28 20:09:08.550, 303.92, 100, 74232, 73
2026/07/28 20:09:09.587, 304.04, 100, 74232, 73
2026/07/28 20:09:10.632, 293.06, 100, 74232, 73
2026/07/28 20:09:11.671, 296.85, 100, 74232, 73
2026/07/28 20:09:12.709, 295.99, 100, 74232, 73
2026/07/28 20:09:13.752, 302.30, 100, 74232, 73
2026/07/28 20:09:14.792, 302.71, 100, 74232, 73
2026/07/28 20:09:15.830, 302.91, 100, 74232, 73
2026/07/28 20:09:16.868, 303.11, 100, 74232, 73
2026/07/28 20:09:17.905, 303.94, 100, 74232, 73
2026/07/28 20:09:18.943, 302.79, 100, 74232, 73
2026/07/28 20:09:19.982, 299.48, 100, 74232, 73
2026/07/28 20:09:21.020, 295.78, 100, 74232, 73
2026/07/28 20:09:22.058, 296.48, 100, 74232, 73
2026/07/28 20:09:23.096, 296.58, 100, 74232, 73
2026/07/28 20:09:24.136, 295.60, 100, 74232, 73
2026/07/28 20:09:25.174, 300.15, 100, 74232, 73
2026/07/28 20:09:26.211, 304.07, 100, 74232, 73
2026/07/28 20:09:27.249, 304.41, 100, 74232, 73
2026/07/28 20:09:28.287, 299.56, 100, 74232, 73
2026/07/28 20:09:29.326, 296.29, 100, 74232, 73
2026/07/28 20:09:30.364, 296.74, 100, 74232, 73
2026/07/28 20:09:31.402, 295.20, 100, 74232, 73
2026/07/28 20:09:32.440, 298.20, 100, 74232, 73
2026/07/28 20:09:33.478, 295.69, 100, 74232, 73
2026/07/28 20:09:34.517, 295.12, 100, 74232, 73
2026/07/28 20:09:35.555, 296.18, 100, 74232, 73
2026/07/28 20:09:36.597, 303.97, 100, 74232, 73
2026/07/28 20:09:37.635, 300.84, 100, 74232, 73
2026/07/28 20:09:38.672, 300.30, 100, 74232, 73
2026/07/28 20:09:39.709, 298.71, 100, 74232, 73
2026/07/28 20:09:40.747, 306.38, 100, 74232, 73
2026/07/28 20:09:41.786, 296.88, 100, 74232, 73
2026/07/28 20:09:42.824, 295.48, 100, 74232, 73
2026/07/28 20:09:43.863, 297.93, 100, 74232, 73
2026/07/28 20:09:44.901, 300.63, 100, 74232, 73
2026/07/28 20:09:45.941, 303.75, 100, 74232, 73
2026/07/28 20:09:46.979, 304.51, 100, 74232, 73
2026/07/28 20:09:48.017, 305.00, 100, 74232, 73
2026/07/28 20:09:49.055, 303.38, 100, 74232, 73
2026/07/28 20:09:50.093, 304.04, 100, 74232, 73
2026/07/28 20:09:51.133, 99.51, 0, 74232, 70
2026/07/28 20:09:52.166, 288.60, 100, 74232, 74
2026/07/28 20:09:53.201, 304.35, 100, 74232, 75
2026/07/28 20:09:54.236, 295.12, 100, 74232, 74
2026/07/28 20:09:55.271, 281.98, 100, 74232, 74
2026/07/28 20:09:56.306, 301.36, 100, 74232, 74
2026/07/28 20:09:57.342, 303.52, 100, 74232, 75
2026/07/28 20:09:58.377, 266.60, 100, 74232, 73
2026/07/28 20:09:59.415, 289.34, 100, 74232, 73
2026/07/28 20:10:00.454, 294.83, 100, 74232, 73
2026/07/28 20:10:01.492, 292.59, 100, 74232, 73
2026/07/28 20:10:02.529, 283.93, 100, 74232, 73
2026/07/28 20:10:03.567, 292.80, 100, 74232, 73
2026/07/28 20:10:04.605, 295.61, 100, 74232, 73
2026/07/28 20:10:05.644, 291.91, 100, 74232, 73
2026/07/28 20:10:06.681, 292.29, 100, 74232, 73
2026/07/28 20:10:07.722, 295.02, 100, 74232, 73
2026/07/28 20:10:08.760, 295.59, 100, 74232, 73
2026/07/28 20:10:09.798, 305.04, 100, 74232, 73
2026/07/28 20:10:10.836, 301.22, 100, 74232, 74
2026/07/28 20:10:11.876, 299.28, 100, 74232, 74
2026/07/28 20:10:12.914, 304.04, 100, 74232, 74
2026/07/28 20:10:13.953, 301.31, 100, 74232, 74
2026/07/28 20:10:14.991, 303.79, 100, 74232, 74
2026/07/28 20:10:16.028, 303.35, 100, 74232, 74
2026/07/28 20:10:17.066, 303.48, 100, 74232, 74
2026/07/28 20:10:18.103, 303.28, 100, 74232, 73
2026/07/28 20:10:19.141, 296.85, 100, 74232, 73
2026/07/28 20:10:20.179, 296.77, 100, 74232, 73
2026/07/28 20:10:21.219, 300.37, 100, 74232, 73
2026/07/28 20:10:22.257, 301.42, 100, 74232, 73
2026/07/28 20:10:23.295, 302.85, 100, 74232, 73
2026/07/28 20:10:24.333, 295.40, 100, 74232, 73
2026/07/28 20:10:25.371, 295.89, 100, 74232, 73
2026/07/28 20:10:26.412, 296.48, 100, 74232, 73
2026/07/28 20:10:27.450, 297.45, 100, 74232, 73
2026/07/28 20:10:28.488, 291.82, 100, 74232, 73
2026/07/28 20:10:29.527, 299.47, 100, 74232, 73
2026/07/28 20:10:30.565, 295.69, 100, 74232, 73
2026/07/28 20:10:31.602, 303.38, 100, 74232, 73
2026/07/28 20:10:32.643, 299.75, 100, 74232, 73
2026/07/28 20:10:33.681, 298.88, 100, 74232, 73
2026/07/28 20:10:34.718, 303.82, 100, 74232, 73
2026/07/28 20:10:35.757, 304.17, 100, 74232, 73
2026/07/28 20:10:36.795, 303.93, 100, 74232, 73
2026/07/28 20:10:37.834, 299.38, 100, 74232, 73
2026/07/28 20:10:38.871, 303.30, 100, 74232, 73
2026/07/28 20:10:39.909, 303.75, 100, 74232, 73
2026/07/28 20:10:40.947, 299.89, 100, 74232, 73
2026/07/28 20:10:41.985, 304.99, 100, 74232, 73
2026/07/28 20:10:43.024, 302.77, 100, 74232, 73
2026/07/28 20:10:44.062, 302.77, 100, 74232, 73
2026/07/28 20:10:45.101, 291.62, 100, 74232, 73
2026/07/28 20:10:46.140, 296.11, 100, 74232, 73
2026/07/28 20:10:47.178, 295.79, 100, 74232, 73
2026/07/28 20:10:48.218, 297.84, 100, 74232, 73
2026/07/28 20:10:49.255, 299.00, 100, 74232, 73
2026/07/28 20:10:50.299, 294.52, 100, 74232, 73
2026/07/28 20:10:51.336, 296.19, 100, 74232, 73
2026/07/28 20:10:52.374, 293.36, 100, 74232, 73
2026/07/28 20:10:53.414, 296.58, 100, 74232, 73
2026/07/28 20:10:54.450, 296.38, 100, 74232, 73
2026/07/28 20:10:55.488, 296.77, 100, 74232, 73
2026/07/28 20:10:56.526, 295.88, 100, 74232, 73
2026/07/28 20:10:57.563, 295.50, 100, 74232, 73
2026/07/28 20:10:58.601, 295.68, 100, 74232, 73
2026/07/28 20:10:59.639, 294.03, 100, 74232, 73
2026/07/28 20:11:00.678, 295.31, 100, 74232, 73
2026/07/28 20:11:01.720, 302.86, 100, 74232, 73
2026/07/28 20:11:02.758, 299.67, 100, 74232, 73
2026/07/28 20:11:03.796, 296.20, 100, 74232, 73
2026/07/28 20:11:04.835, 295.70, 100, 74232, 73
2026/07/28 20:11:05.874, 295.98, 100, 74232, 73
2026/07/28 20:11:06.912, 295.79, 100, 74232, 73
2026/07/28 20:11:07.950, 296.01, 100, 74232, 73
2026/07/28 20:11:08.987, 295.61, 100, 74232, 73
2026/07/28 20:11:10.025, 295.02, 100, 74232, 73
2026/07/28 20:11:11.061, 295.71, 100, 74232, 73
2026/07/28 20:11:12.099, 296.58, 100, 74232, 73
2026/07/28 20:11:13.137, 294.73, 100, 74232, 73
2026/07/28 20:11:14.176, 300.53, 100, 74232, 73
2026/07/28 20:11:15.213, 298.79, 100, 74232, 73
2026/07/28 20:11:16.252, 302.87, 100, 74232, 73
2026/07/28 20:11:17.290, 303.35, 100, 74232, 73
2026/07/28 20:11:18.327, 304.16, 100, 74232, 73
2026/07/28 20:11:19.365, 303.64, 100, 74232, 73
2026/07/28 20:11:20.403, 303.83, 100, 74232, 73
2026/07/28 20:11:21.441, 292.29, 100, 74232, 73
2026/07/28 20:11:22.478, 296.19, 100, 74232, 73
2026/07/28 20:11:23.516, 295.00, 100, 74232, 73
2026/07/28 20:11:24.553, 297.92, 100, 74232, 73
2026/07/28 20:11:25.591, 303.17, 100, 74232, 73
2026/07/28 20:11:26.632, 299.90, 100, 74232, 73
2026/07/28 20:11:27.670, 291.79, 100, 74232, 73
2026/07/28 20:11:28.708, 296.38, 100, 74232, 73
2026/07/28 20:11:29.745, 304.59, 100, 74232, 73
2026/07/28 20:11:30.787, 296.67, 100, 74232, 73
2026/07/28 20:11:31.824, 295.39, 100, 74232, 73
2026/07/28 20:11:32.864, 300.54, 100, 74232, 73
2026/07/28 20:11:33.901, 302.87, 100, 74232, 73
2026/07/28 20:11:34.938, 302.39, 100, 74232, 73
2026/07/28 20:11:35.976, 303.18, 100, 74232, 73
2026/07/28 20:11:37.014, 306.52, 100, 74232, 73
2026/07/28 20:11:38.052, 303.20, 100, 74232, 73
2026/07/28 20:11:39.089, 302.80, 100, 74232, 73
2026/07/28 20:11:40.127, 303.45, 100, 74232, 73
2026/07/28 20:11:41.165, 297.25, 100, 74232, 73
2026/07/28 20:11:42.203, 295.11, 100, 74232, 73
2026/07/28 20:11:43.240, 295.77, 100, 74232, 73
2026/07/28 20:11:44.282, 294.94, 100, 74232, 73
2026/07/28 20:11:45.320, 299.28, 100, 74232, 73
2026/07/28 20:11:46.358, 304.04, 100, 74232, 73
2026/07/28 20:11:47.396, 303.85, 100, 74232, 73
2026/07/28 20:11:48.434, 299.69, 100, 74232, 73
2026/07/28 20:11:49.472, 299.58, 100, 74232, 73
2026/07/28 20:11:50.513, 303.50, 100, 74232, 73
2026/07/28 20:11:51.550, 303.36, 100, 74232, 73
2026/07/28 20:11:52.588, 303.70, 100, 74232, 73
2026/07/28 20:11:53.626, 296.76, 100, 74232, 73
2026/07/28 20:11:54.663, 295.51, 100, 74232, 73
2026/07/28 20:11:55.702, 291.52, 100, 74232, 73
2026/07/28 20:11:56.739, 297.04, 100, 74232, 73
2026/07/28 20:11:57.778, 295.78, 100, 74232, 73
2026/07/28 20:11:58.822, 299.89, 100, 74232, 73
2026/07/28 20:11:59.860, 303.48, 100, 74232, 73
2026/07/28 20:12:00.898, 304.44, 100, 74232, 73
2026/07/28 20:12:01.937, 302.48, 100, 74232, 73
2026/07/28 20:12:02.975, 299.50, 100, 74232, 73
2026/07/28 20:12:04.013, 294.91, 100, 74232, 73
2026/07/28 20:12:05.050, 304.12, 100, 74232, 73
2026/07/28 20:12:06.088, 303.08, 100, 74232, 73
2026/07/28 20:12:07.128, 294.22, 100, 74232, 73
2026/07/28 20:12:08.166, 295.80, 100, 74232, 73
2026/07/28 20:12:09.202, 295.15, 100, 74232, 73
2026/07/28 20:12:10.241, 295.22, 100, 74232, 73
2026/07/28 20:12:11.279, 295.89, 100, 74232, 73
2026/07/28 20:12:12.320, 295.40, 100, 74232, 73
2026/07/28 20:12:13.358, 295.22, 100, 74232, 73
2026/07/28 20:12:14.395, 292.77, 100, 74232, 73
2026/07/28 20:12:15.436, 291.81, 100, 74232, 73
2026/07/28 20:12:16.474, 302.18, 100, 74232, 73
2026/07/28 20:12:17.513, 302.89, 100, 74232, 73
2026/07/28 20:12:18.550, 298.91, 100, 74232, 73
2026/07/28 20:12:19.588, 303.26, 100, 74232, 73
2026/07/28 20:12:20.626, 303.36, 100, 74232, 73
2026/07/28 20:12:21.662, 303.68, 100, 74232, 73
2026/07/28 20:12:22.701, 296.06, 100, 74232, 73
2026/07/28 20:12:23.739, 292.78, 100, 74232, 73
2026/07/28 20:12:24.778, 301.45, 100, 74232, 73
2026/07/28 20:12:25.816, 302.21, 100, 74232, 73
2026/07/28 20:12:26.858, 302.90, 100, 74232, 73
2026/07/28 20:12:27.896, 300.47, 100, 74232, 73
2026/07/28 20:12:28.934, 295.60, 100, 74232, 73
2026/07/28 20:12:29.973, 299.49, 100, 74232, 73
2026/07/28 20:12:31.011, 299.89, 100, 74232, 73
2026/07/28 20:12:32.049, 301.35, 100, 74232, 73
2026/07/28 20:12:33.088, 302.66, 100, 74232, 73
2026/07/28 20:12:34.125, 292.49, 100, 74232, 73
2026/07/28 20:12:35.163, 295.01, 100, 74232, 73
2026/07/28 20:12:36.199, 300.16, 100, 74232, 73
2026/07/28 20:12:37.236, 302.87, 100, 74232, 73
2026/07/28 20:12:38.273, 303.75, 100, 74232, 73
2026/07/28 20:12:39.312, 303.55, 100, 74232, 73
2026/07/28 20:12:40.349, 303.97, 100, 74232, 73
2026/07/28 20:12:41.389, 295.69, 100, 74232, 73
2026/07/28 20:12:42.430, 292.48, 100, 74232, 73
2026/07/28 20:12:43.469, 295.90, 100, 74232, 73
2026/07/28 20:12:44.510, 295.99, 100, 74232, 73
2026/07/28 20:12:45.548, 302.98, 100, 74232, 73
2026/07/28 20:12:46.584, 302.10, 100, 74232, 73
2026/07/28 20:12:47.622, 304.34, 100, 74232, 73
2026/07/28 20:12:48.660, 302.68, 100, 74232, 73
2026/07/28 20:12:49.698, 299.96, 100, 74232, 73
2026/07/28 20:12:50.745, 299.59, 100, 74232, 73
2026/07/28 20:12:51.783, 292.47, 100, 74232, 73
2026/07/28 20:12:52.820, 295.63, 100, 74232, 73
2026/07/28 20:12:53.861, 295.40, 100, 74232, 73
2026/07/28 20:12:54.899, 303.55, 100, 74232, 73
2026/07/28 20:12:55.936, 300.45, 100, 74232, 73
2026/07/28 20:12:56.979, 300.44, 100, 74232, 73
2026/07/28 20:12:58.017, 303.66, 100, 74232, 73
2026/07/28 20:12:59.055, 303.21, 100, 74232, 73
2026/07/28 20:13:00.096, 300.45, 100, 74232, 73
2026/07/28 20:13:01.135, 292.09, 100, 74232, 73
2026/07/28 20:13:02.173, 295.89, 100, 74232, 73
2026/07/28 20:13:03.212, 296.95, 100, 74232, 73
2026/07/28 20:13:04.250, 297.03, 100, 74232, 73
2026/07/28 20:13:05.290, 294.44, 100, 74232, 73
2026/07/28 20:13:06.328, 296.08, 100, 74232, 73
2026/07/28 20:13:07.366, 297.04, 100, 74232, 73
2026/07/28 20:13:08.403, 297.05, 100, 74232, 73
2026/07/28 20:13:09.443, 298.70, 100, 74232, 73
2026/07/28 20:13:10.480, 295.98, 100, 74232, 73
2026/07/28 20:13:11.520, 293.84, 100, 74232, 73
2026/07/28 20:13:12.557, 296.65, 100, 74232, 73
2026/07/28 20:13:13.594, 295.90, 100, 74232, 73
2026/07/28 20:13:14.632, 303.93, 100, 74232, 73
2026/07/28 20:13:15.671, 301.06, 100, 74232, 73
2026/07/28 20:13:16.709, 301.60, 100, 74232, 73
2026/07/28 20:13:17.751, 293.57, 100, 74232, 73
2026/07/28 20:13:18.789, 292.88, 100, 74232, 73
2026/07/28 20:13:19.826, 295.90, 100, 74232, 73
2026/07/28 20:13:20.865, 303.67, 100, 74232, 73
2026/07/28 20:13:21.902, 304.92, 100, 74232, 73
2026/07/28 20:13:22.940, 304.42, 100, 74232, 73
2026/07/28 20:13:23.977, 304.04, 100, 74232, 73
2026/07/28 20:13:25.016, 303.27, 100, 74232, 73
2026/07/28 20:13:26.055, 303.69, 100, 74232, 73
2026/07/28 20:13:27.093, 303.96, 100, 74232, 73
2026/07/28 20:13:28.131, 296.27, 100, 74232, 73
2026/07/28 20:13:29.169, 296.87, 100, 74232, 73
2026/07/28 20:13:30.207, 293.56, 100, 74232, 73
2026/07/28 20:13:31.247, 297.14, 100, 74232, 73
2026/07/28 20:13:32.286, 296.86, 100, 74232, 73
2026/07/28 20:13:33.323, 296.68, 100, 74232, 73
2026/07/28 20:13:34.361, 296.08, 100, 74232, 73
2026/07/28 20:13:35.399, 296.29, 100, 74232, 73
2026/07/28 20:13:36.439, 296.37, 100, 74232, 73
2026/07/28 20:13:37.476, 296.65, 100, 74232, 73
2026/07/28 20:13:38.512, 296.08, 100, 74232, 73
2026/07/28 20:13:39.549, 296.18, 100, 74232, 73
2026/07/28 20:13:40.586, 296.67, 100, 74232, 73
2026/07/28 20:13:41.625, 297.14, 100, 74232, 73
2026/07/28 20:13:42.661, 296.19, 100, 74232, 73
2026/07/28 20:13:43.699, 297.53, 100, 74232, 73
2026/07/28 20:13:44.736, 304.20, 100, 74232, 73
2026/07/28 20:13:45.774, 304.32, 100, 74232, 73
2026/07/28 20:13:46.811, 297.56, 100, 74232, 73
2026/07/28 20:13:47.848, 293.64, 100, 74232, 73
2026/07/28 20:13:48.888, 296.17, 100, 74232, 73
2026/07/28 20:13:49.925, 303.84, 100, 74232, 73
2026/07/28 20:13:50.963, 303.38, 100, 74232, 73
2026/07/28 20:13:51.999, 304.07, 100, 74232, 73
2026/07/28 20:13:53.036, 303.75, 100, 74232, 73
2026/07/28 20:13:54.072, 298.89, 100, 74232, 73
2026/07/28 20:13:55.109, 300.83, 100, 74232, 73
2026/07/28 20:13:56.146, 297.14, 100, 74232, 73
2026/07/28 20:13:57.184, 296.97, 100, 74232, 73
2026/07/28 20:13:58.220, 296.86, 100, 74232, 73
2026/07/28 20:13:59.259, 296.18, 100, 74232, 73
2026/07/28 20:14:00.295, 297.26, 100, 74232, 73
2026/07/28 20:14:01.331, 293.35, 100, 74232, 73
2026/07/28 20:14:02.368, 300.17, 100, 74232, 73
2026/07/28 20:14:03.404, 296.67, 100, 74232, 73
2026/07/28 20:14:04.443, 296.28, 100, 74232, 73
2026/07/28 20:14:05.480, 296.28, 100, 74232, 73
2026/07/28 20:14:06.518, 304.56, 100, 74232, 73
2026/07/28 20:14:07.557, 292.96, 100, 74232, 73
2026/07/28 20:14:08.596, 296.66, 100, 74232, 73
2026/07/28 20:14:09.634, 298.10, 100, 74232, 73
2026/07/28 20:14:10.670, 297.92, 100, 74232, 73
2026/07/28 20:14:11.707, 296.19, 100, 74232, 73
2026/07/28 20:14:12.744, 296.58, 100, 74232, 73
2026/07/28 20:14:13.781, 293.07, 100, 74232, 73
2026/07/28 20:14:14.818, 297.74, 100, 74232, 73
2026/07/28 20:14:15.855, 292.39, 100, 74232, 73
2026/07/28 20:14:16.893, 292.67, 100, 74232, 73
2026/07/28 20:14:17.931, 303.98, 100, 74232, 73
2026/07/28 20:14:18.969, 302.78, 100, 74232, 73
2026/07/28 20:14:20.007, 296.75, 100, 74232, 73
2026/07/28 20:14:21.044, 303.37, 100, 74232, 73
2026/07/28 20:14:22.081, 304.03, 100, 74232, 73
2026/07/28 20:14:23.119, 305.02, 100, 74232, 73
2026/07/28 20:14:24.156, 303.88, 100, 74232, 73
2026/07/28 20:14:25.192, 297.83, 100, 74232, 73
2026/07/28 20:14:26.229, 304.15, 100, 74232, 73
2026/07/28 20:14:27.266, 304.90, 100, 74232, 73
2026/07/28 20:14:28.303, 297.43, 100, 74232, 73
2026/07/28 20:14:29.344, 297.35, 100, 74232, 73
2026/07/28 20:14:30.382, 296.46, 100, 74232, 73
2026/07/28 20:14:31.420, 297.16, 100, 74232, 73
2026/07/28 20:14:32.459, 297.64, 100, 74232, 73
2026/07/28 20:14:33.497, 296.88, 100, 74232, 73
2026/07/28 20:14:34.535, 303.64, 100, 74232, 74
2026/07/28 20:14:35.571, 305.22, 100, 74232, 73
2026/07/28 20:14:36.608, 294.73, 100, 74232, 73
2026/07/28 20:14:37.645, 296.57, 100, 74232, 73
2026/07/28 20:14:38.682, 303.64, 100, 74232, 73
2026/07/28 20:14:39.718, 297.43, 100, 74232, 73
2026/07/28 20:14:40.755, 293.45, 100, 74232, 73
2026/07/28 20:14:41.793, 296.85, 100, 74232, 73
2026/07/28 20:14:42.830, 292.59, 100, 74232, 73
2026/07/28 20:14:43.867, 297.93, 100, 74232, 73
2026/07/28 20:14:44.906, 296.55, 100, 74232, 73
2026/07/28 20:14:45.943, 296.66, 100, 74232, 73
2026/07/28 20:14:46.982, 297.08, 100, 74232, 73
2026/07/28 20:14:48.021, 296.75, 100, 74232, 73
2026/07/28 20:14:49.059, 297.17, 100, 74232, 73
2026/07/28 20:14:50.097, 306.01, 100, 74232, 73
2026/07/28 20:14:51.135, 297.55, 100, 74232, 73
2026/07/28 20:14:52.172, 405.48, 0, 74232, 74
2026/07/28 20:14:53.207, 305.98, 100, 74232, 75
2026/07/28 20:14:54.246, 299.54, 100, 74232, 75
2026/07/28 20:14:55.282, 309.31, 100, 74232, 75
2026/07/28 20:14:56.322, 282.46, 100, 74232, 75
2026/07/28 20:14:57.356, 314.40, 100, 74232, 75
2026/07/28 20:14:58.391, 274.69, 100, 74232, 75
2026/07/28 20:14:59.428, 299.50, 100, 74232, 73
2026/07/28 20:15:00.468, 298.69, 100, 74232, 73
2026/07/28 20:15:01.506, 299.69, 100, 74232, 73
2026/07/28 20:15:02.542, 305.10, 100, 74232, 73
2026/07/28 20:15:03.580, 303.93, 100, 74232, 74
2026/07/28 20:15:04.617, 305.23, 100, 74232, 74
2026/07/28 20:15:05.653, 303.75, 100, 74232, 74
2026/07/28 20:15:06.690, 300.84, 100, 74232, 74
2026/07/28 20:15:07.727, 293.65, 100, 74232, 74
2026/07/28 20:15:08.764, 301.70, 100, 74232, 74
2026/07/28 20:15:09.800, 304.32, 100, 74232, 74
2026/07/28 20:15:10.837, 299.98, 100, 74232, 74
2026/07/28 20:15:11.874, 304.80, 100, 74232, 74
2026/07/28 20:15:12.911, 301.83, 100, 74232, 74
2026/07/28 20:15:13.949, 300.44, 100, 74232, 74
2026/07/28 20:15:14.986, 301.91, 100, 74232, 74
2026/07/28 20:15:16.024, 304.03, 100, 74232, 74
2026/07/28 20:15:17.063, 304.71, 100, 74232, 74
2026/07/28 20:15:18.100, 304.14, 100, 74232, 74
2026/07/28 20:15:19.137, 293.46, 100, 74232, 74
2026/07/28 20:15:20.174, 297.33, 100, 74232, 74
2026/07/28 20:15:21.212, 297.82, 100, 74232, 74
2026/07/28 20:15:22.249, 302.31, 100, 74232, 74
2026/07/28 20:15:23.286, 298.72, 100, 74232, 74
2026/07/28 20:15:24.332, 302.31, 100, 74232, 74
2026/07/28 20:15:25.368, 298.30, 100, 74232, 74
2026/07/28 20:15:26.405, 296.48, 100, 74232, 74
2026/07/28 20:15:27.445, 296.57, 100, 74232, 74
2026/07/28 20:15:28.481, 296.86, 100, 74232, 74
2026/07/28 20:15:29.518, 297.74, 100, 74232, 74
2026/07/28 20:15:30.555, 295.60, 100, 74232, 74
2026/07/28 20:15:31.594, 304.25, 100, 74232, 74
2026/07/28 20:15:32.631, 304.31, 100, 74232, 74
2026/07/28 20:15:33.670, 303.35, 100, 74232, 74
2026/07/28 20:15:34.708, 306.76, 100, 74232, 74
2026/07/28 20:15:35.747, 293.55, 100, 74232, 74
2026/07/28 20:15:36.786, 298.24, 100, 74232, 74
2026/07/28 20:15:37.824, 297.08, 100, 74232, 74
2026/07/28 20:15:38.862, 299.08, 100, 74232, 74
2026/07/28 20:15:39.899, 298.30, 100, 74232, 74
2026/07/28 20:15:40.937, 294.64, 100, 74232, 74
2026/07/28 20:15:41.975, 303.82, 100, 74232, 74
2026/07/28 20:15:43.013, 297.95, 100, 74232, 74
2026/07/28 20:15:44.051, 296.65, 100, 74232, 74
2026/07/28 20:15:45.091, 298.49, 100, 74232, 74
2026/07/28 20:15:46.129, 297.43, 100, 74232, 74
2026/07/28 20:15:47.168, 296.19, 100, 74232, 74
2026/07/28 20:15:48.206, 296.48, 100, 74232, 74
2026/07/28 20:15:49.243, 296.87, 100, 74232, 74
2026/07/28 20:15:50.281, 293.38, 100, 74232, 74
2026/07/28 20:15:51.320, 297.57, 100, 74232, 74
2026/07/28 20:15:52.358, 296.47, 100, 74232, 74
2026/07/28 20:15:53.397, 295.79, 100, 74232, 74
2026/07/28 20:15:54.435, 304.91, 100, 74232, 74
2026/07/28 20:15:55.473, 304.86, 100, 74232, 74
2026/07/28 20:15:56.510, 304.23, 100, 74232, 74
2026/07/28 20:15:57.548, 306.64, 100, 74232, 74
2026/07/28 20:15:58.592, 304.03, 100, 74232, 74
2026/07/28 20:15:59.634, 299.10, 100, 74232, 74
2026/07/28 20:16:00.671, 296.37, 100, 74232, 74
2026/07/28 20:16:01.709, 293.76, 100, 74232, 74
2026/07/28 20:16:02.750, 292.69, 100, 74232, 74
2026/07/28 20:16:03.788, 296.86, 100, 74232, 74
2026/07/28 20:16:04.826, 304.51, 100, 74232, 74
2026/07/28 20:16:05.867, 305.11, 100, 74232, 74
2026/07/28 20:16:06.905, 294.43, 100, 74232, 74
2026/07/28 20:16:07.942, 297.04, 100, 74232, 74
2026/07/28 20:16:08.980, 296.55, 100, 74232, 74
2026/07/28 20:16:10.018, 295.61, 100, 74232, 74
2026/07/28 20:16:11.056, 296.30, 100, 74232, 74
2026/07/28 20:16:12.094, 297.17, 100, 74232, 74
2026/07/28 20:16:13.131, 296.77, 100, 74232, 74
2026/07/28 20:16:14.170, 296.79, 100, 74232, 74
2026/07/28 20:16:15.207, 296.58, 100, 74232, 74
2026/07/28 20:16:16.247, 298.20, 100, 74232, 74
2026/07/28 20:16:17.285, 303.67, 100, 74232, 74
2026/07/28 20:16:18.323, 300.47, 100, 74232, 74
2026/07/28 20:16:19.361, 300.65, 100, 74232, 74
2026/07/28 20:16:20.400, 304.52, 100, 74232, 74
2026/07/28 20:16:21.440, 304.57, 100, 74232, 74
2026/07/28 20:16:22.478, 299.28, 100, 74232, 74
2026/07/28 20:16:23.516, 299.67, 100, 74232, 74
2026/07/28 20:16:24.554, 297.85, 100, 74232, 74
2026/07/28 20:16:25.592, 297.83, 100, 74232, 73
2026/07/28 20:16:26.631, 296.38, 100, 74232, 74
2026/07/28 20:16:27.668, 295.22, 100, 74232, 74
2026/07/28 20:16:28.708, 297.44, 100, 74232, 74
2026/07/28 20:16:29.746, 296.36, 100, 74232, 73
2026/07/28 20:16:30.784, 296.58, 100, 74232, 74
2026/07/28 20:16:31.822, 296.57, 100, 74232, 73
2026/07/28 20:16:32.860, 296.77, 100, 74232, 73
2026/07/28 20:16:33.898, 298.30, 100, 74232, 73
2026/07/28 20:16:34.937, 296.08, 100, 74232, 73
2026/07/28 20:16:35.976, 293.08, 100, 74232, 73
2026/07/28 20:16:37.014, 296.67, 100, 74232, 73
2026/07/28 20:16:38.052, 296.68, 100, 74232, 74
2026/07/28 20:16:39.089, 302.20, 100, 74232, 74
2026/07/28 20:16:40.127, 305.61, 100, 74232, 74
2026/07/28 20:16:41.164, 304.75, 100, 74232, 74
2026/07/28 20:16:42.201, 305.33, 100, 74232, 74
2026/07/28 20:16:43.239, 304.51, 100, 74232, 74
2026/07/28 20:16:44.277, 307.53, 100, 74232, 74
2026/07/28 20:16:45.315, 303.79, 100, 74232, 74
2026/07/28 20:16:46.354, 297.35, 100, 74232, 74
2026/07/28 20:16:47.391, 297.27, 100, 74232, 74
2026/07/28 20:16:48.431, 299.86, 100, 74232, 73
2026/07/28 20:16:49.468, 296.55, 100, 74232, 73
2026/07/28 20:16:50.507, 303.20, 100, 74232, 74
2026/07/28 20:16:51.548, 305.58, 100, 74232, 73
2026/07/28 20:16:52.585, 296.59, 100, 74232, 73
2026/07/28 20:16:53.625, 296.09, 100, 74232, 74
2026/07/28 20:16:54.664, 293.16, 100, 74232, 73
2026/07/28 20:16:55.703, 304.23, 100, 74232, 74
2026/07/28 20:16:56.739, 304.33, 100, 74232, 73
2026/07/28 20:16:57.777, 304.23, 100, 74232, 73
2026/07/28 20:16:58.814, 298.49, 100, 74232, 74
2026/07/28 20:16:59.854, 303.94, 100, 74232, 74
2026/07/28 20:17:00.894, 304.04, 100, 74232, 73
2026/07/28 20:17:01.931, 303.74, 100, 74232, 74
2026/07/28 20:17:02.971, 304.47, 100, 74232, 74
2026/07/28 20:17:04.010, 305.86, 100, 74232, 73
2026/07/28 20:17:05.048, 301.14, 100, 74232, 73
2026/07/28 20:17:06.089, 296.95, 100, 74232, 73
2026/07/28 20:17:07.127, 298.98, 100, 74232, 73
2026/07/28 20:17:08.165, 297.73, 100, 74232, 74
2026/07/28 20:17:09.204, 296.95, 100, 74232, 73
2026/07/28 20:17:10.241, 300.44, 100, 74232, 74
2026/07/28 20:17:11.283, 295.89, 100, 74232, 73
2026/07/28 20:17:12.321, 304.66, 100, 74232, 74
2026/07/28 20:17:13.359, 299.11, 100, 74232, 73
2026/07/28 20:17:14.398, 293.95, 100, 74232, 73
2026/07/28 20:17:15.437, 295.79, 100, 74232, 73
2026/07/28 20:17:16.474, 296.28, 100, 74232, 73
2026/07/28 20:17:17.512, 292.71, 100, 74232, 73
2026/07/28 20:17:18.550, 299.86, 100, 74232, 73
2026/07/28 20:17:19.589, 302.39, 100, 74232, 74
2026/07/28 20:17:20.627, 303.98, 100, 74232, 74
2026/07/28 20:17:21.664, 305.33, 100, 74232, 74
2026/07/28 20:17:22.702, 303.39, 100, 74232, 74
2026/07/28 20:17:23.739, 306.44, 100, 74232, 74
2026/07/28 20:17:24.778, 296.47, 100, 74232, 73
2026/07/28 20:17:25.816, 296.38, 100, 74232, 73
2026/07/28 20:17:26.857, 305.10, 100, 74232, 73
2026/07/28 20:17:27.895, 292.50, 100, 74232, 73
2026/07/28 20:17:28.932, 296.54, 100, 74232, 73
2026/07/28 20:17:29.971, 293.17, 100, 74232, 73
2026/07/28 20:17:31.009, 299.47, 100, 74232, 73
2026/07/28 20:17:32.047, 300.53, 100, 74232, 73
2026/07/28 20:17:33.084, 300.06, 100, 74232, 73
2026/07/28 20:17:34.121, 300.56, 100, 74232, 73
2026/07/28 20:17:35.158, 292.97, 100, 74232, 73
2026/07/28 20:17:36.200, 295.87, 100, 74232, 73
2026/07/28 20:17:37.238, 296.08, 100, 74232, 73
2026/07/28 20:17:38.277, 303.47, 100, 74232, 73
2026/07/28 20:17:39.314, 299.58, 100, 74232, 73
2026/07/28 20:17:40.354, 304.36, 100, 74232, 74
2026/07/28 20:17:41.391, 301.34, 100, 74232, 73
2026/07/28 20:17:42.431, 300.69, 100, 74232, 73
2026/07/28 20:17:43.468, 292.59, 100, 74232, 73
2026/07/28 20:17:44.506, 302.70, 100, 74232, 73
2026/07/28 20:17:45.545, 297.44, 100, 74232, 73
2026/07/28 20:17:46.585, 297.87, 100, 74232, 73
2026/07/28 20:17:47.623, 294.90, 100, 74232, 73
2026/07/28 20:17:48.662, 296.38, 100, 74232, 73
2026/07/28 20:17:49.701, 297.73, 100, 74232, 73
2026/07/28 20:17:50.738, 292.50, 100, 74232, 73
2026/07/28 20:17:51.776, 296.67, 100, 74232, 73
2026/07/28 20:17:52.814, 297.34, 100, 74232, 73
2026/07/28 20:17:53.851, 295.62, 100, 74232, 73
2026/07/28 20:17:54.890, 299.68, 100, 74232, 73
2026/07/28 20:17:55.928, 295.89, 100, 74232, 73
2026/07/28 20:17:56.966, 296.78, 100, 74232, 73
2026/07/28 20:17:58.004, 298.22, 100, 74232, 73
2026/07/28 20:17:59.042, 296.20, 100, 74232, 73
2026/07/28 20:18:00.079, 297.32, 100, 74232, 73
2026/07/28 20:18:01.118, 296.29, 100, 74232, 73
2026/07/28 20:18:02.156, 296.56, 100, 74232, 73
2026/07/28 20:18:03.194, 296.50, 100, 74232, 73
2026/07/28 20:18:04.232, 295.20, 100, 74232, 73
2026/07/28 20:18:05.271, 296.06, 100, 74232, 73
2026/07/28 20:18:06.309, 296.27, 100, 74232, 73
2026/07/28 20:18:07.347, 297.82, 100, 74232, 73
2026/07/28 20:18:08.385, 300.56, 100, 74232, 73
2026/07/28 20:18:09.422, 299.66, 100, 74232, 73
2026/07/28 20:18:10.461, 301.61, 100, 74232, 73
2026/07/28 20:18:11.499, 304.16, 100, 74232, 73
2026/07/28 20:18:12.540, 300.65, 100, 74232, 73
2026/07/28 20:18:13.578, 303.17, 100, 74232, 73
2026/07/28 20:18:14.615, 304.52, 100, 74232, 73
2026/07/28 20:18:15.653, 299.01, 100, 74232, 73
2026/07/28 20:18:16.690, 295.58, 100, 74232, 73
2026/07/28 20:18:17.733, 296.28, 100, 74232, 73
2026/07/28 20:18:18.771, 296.38, 100, 74232, 73
2026/07/28 20:18:19.808, 295.79, 100, 74232, 73
2026/07/28 20:18:20.845, 298.32, 100, 74232, 73
2026/07/28 20:18:21.883, 296.87, 100, 74232, 73
2026/07/28 20:18:22.920, 297.56, 100, 74232, 73
2026/07/28 20:18:23.958, 293.49, 100, 74232, 73
2026/07/28 20:18:24.996, 292.59, 100, 74232, 73
2026/07/28 20:18:26.033, 295.51, 100, 74232, 73
2026/07/28 20:18:27.071, 295.71, 100, 74232, 73
2026/07/28 20:18:28.110, 296.36, 100, 74232, 73
2026/07/28 20:18:29.148, 297.06, 100, 74232, 73
2026/07/28 20:18:30.186, 296.18, 100, 74232, 73
2026/07/28 20:18:31.226, 296.77, 100, 74232, 73
2026/07/28 20:18:32.263, 297.44, 100, 74232, 73
2026/07/28 20:18:33.301, 296.27, 100, 74232, 73
2026/07/28 20:18:34.339, 304.43, 100, 74232, 73
2026/07/28 20:18:35.376, 303.88, 100, 74232, 73
2026/07/28 20:18:36.413, 304.02, 100, 74232, 73
2026/07/28 20:18:37.451, 304.54, 100, 74232, 73
2026/07/28 20:18:38.494, 303.77, 100, 74232, 73
2026/07/28 20:18:39.531, 297.24, 100, 74232, 73
2026/07/28 20:18:40.570, 304.84, 100, 74232, 73
2026/07/28 20:18:41.614, 303.93, 100, 74232, 73
2026/07/28 20:18:42.651, 306.06, 100, 74232, 73
2026/07/28 20:18:43.689, 304.41, 100, 74232, 73
2026/07/28 20:18:44.731, 302.19, 100, 74232, 73
2026/07/28 20:18:45.768, 297.83, 100, 74232, 73
2026/07/28 20:18:46.806, 293.25, 100, 74232, 73
2026/07/28 20:18:47.844, 301.52, 100, 74232, 73
2026/07/28 20:18:48.882, 296.17, 100, 74232, 73
2026/07/28 20:18:49.921, 293.78, 100, 74232, 73
2026/07/28 20:18:50.962, 295.41, 100, 74232, 73
2026/07/28 20:18:51.999, 295.89, 100, 74232, 73
2026/07/28 20:18:53.035, 304.36, 100, 74232, 73
2026/07/28 20:18:54.071, 300.47, 100, 74232, 73
2026/07/28 20:18:55.109, 306.01, 100, 74232, 73
2026/07/28 20:18:56.146, 293.26, 100, 74232, 73
2026/07/28 20:18:57.184, 296.47, 100, 74232, 73
2026/07/28 20:18:58.222, 298.32, 100, 74232, 73
2026/07/28 20:18:59.259, 293.66, 100, 74232, 73
2026/07/28 20:19:00.298, 295.99, 100, 74232, 73
2026/07/28 20:19:01.335, 298.31, 100, 74232, 73
2026/07/28 20:19:02.375, 292.79, 100, 74232, 73
2026/07/28 20:19:03.411, 296.58, 100, 74232, 73
2026/07/28 20:19:04.448, 296.96, 100, 74232, 73
2026/07/28 20:19:05.484, 295.71, 100, 74232, 73
2026/07/28 20:19:06.524, 297.45, 100, 74232, 73
2026/07/28 20:19:07.561, 298.89, 100, 74232, 73
2026/07/28 20:19:08.602, 298.52, 100, 74232, 73
2026/07/28 20:19:09.639, 305.66, 100, 74232, 73
2026/07/28 20:19:10.675, 300.45, 100, 74232, 73
2026/07/28 20:19:11.713, 304.04, 100, 74232, 73
2026/07/28 20:19:12.750, 306.77, 100, 74232, 73
2026/07/28 20:19:13.786, 297.16, 100, 74232, 73
2026/07/28 20:19:14.823, 305.95, 100, 74232, 73
2026/07/28 20:19:15.860, 300.65, 100, 74232, 73
2026/07/28 20:19:16.898, 299.08, 100, 74232, 73
2026/07/28 20:19:17.937, 296.30, 100, 74232, 73
2026/07/28 20:19:18.974, 296.28, 100, 74232, 73
2026/07/28 20:19:20.010, 297.44, 100, 74232, 73
2026/07/28 20:19:21.046, 296.27, 100, 74232, 73
2026/07/28 20:19:22.082, 298.31, 100, 74232, 73
2026/07/28 20:19:23.118, 297.33, 100, 74232, 73
2026/07/28 20:19:24.156, 296.48, 100, 74232, 73
2026/07/28 20:19:25.195, 299.17, 100, 74232, 73
2026/07/28 20:19:26.232, 297.55, 100, 74232, 73
2026/07/28 20:19:27.270, 296.38, 100, 74232, 73
2026/07/28 20:19:28.309, 298.90, 100, 74232, 73
2026/07/28 20:19:29.350, 303.94, 100, 74232, 73
2026/07/28 20:19:30.387, 303.82, 100, 74232, 73
2026/07/28 20:19:31.424, 301.90, 100, 74232, 73
2026/07/28 20:19:32.465, 305.44, 100, 74232, 73
2026/07/28 20:19:33.502, 304.05, 100, 74232, 73
2026/07/28 20:19:34.541, 303.45, 100, 74232, 73
2026/07/28 20:19:35.579, 297.36, 100, 74232, 73
2026/07/28 20:19:36.617, 296.36, 100, 74232, 73
2026/07/28 20:19:37.658, 298.53, 100, 74232, 73
2026/07/28 20:19:38.694, 303.26, 100, 74232, 73
2026/07/28 20:19:39.730, 300.46, 100, 74232, 73
2026/07/28 20:19:40.767, 297.05, 100, 74232, 73
2026/07/28 20:19:41.803, 297.73, 100, 74232, 73
2026/07/28 20:19:42.839, 296.57, 100, 74232, 73
2026/07/28 20:19:43.876, 300.33, 100, 74232, 73
2026/07/28 20:19:44.913, 296.30, 100, 74232, 73
2026/07/28 20:19:45.949, 296.17, 100, 74232, 73
2026/07/28 20:19:46.987, 296.48, 100, 74232, 73
2026/07/28 20:19:48.024, 296.35, 100, 74232, 73
2026/07/28 20:19:49.061, 296.46, 100, 74232, 73
2026/07/28 20:19:50.099, 296.09, 100, 74232, 73
2026/07/28 20:19:51.138, 296.87, 100, 74232, 73
2026/07/28 20:19:52.175, 296.27, 100, 74232, 73
2026/07/28 20:19:53.214, 99.38, 0, 74232, 70
2026/07/28 20:19:54.245, 98.23, 0, 74232, 69
2026/07/28 20:19:55.277, 97.11, 0, 74232, 68
2026/07/28 20:19:56.309, 96.67, 0, 74232, 68
2026/07/28 20:19:57.339, 94.93, 0, 74232, 67
2026/07/28 20:19:58.370, 94.49, 0, 74232, 67
2026/07/28 20:19:59.401, 95.01, 0, 74232, 66
2026/07/28 20:20:00.433, 92.81, 0, 74232, 66
2026/07/28 20:20:01.465, 93.89, 0, 74232, 66
2026/07/28 20:20:02.497, 92.46, 0, 74232, 65
2026/07/28 20:20:03.529, 92.18, 0, 74232, 65
2026/07/28 20:20:04.561, 91.47, 0, 74232, 64
2026/07/28 20:20:05.594, 90.47, 0, 74232, 64
2026/07/28 20:20:06.625, 91.96, 0, 74232, 64
2026/07/28 20:20:07.656, 90.38, 0, 74232, 64
2026/07/28 20:20:08.691, 300.54, 100, 74232, 68
2026/07/28 20:20:09.726, 301.39, 100, 74232, 69
2026/07/28 20:20:10.759, 298.52, 100, 74232, 69
2026/07/28 20:20:11.797, 294.83, 100, 74232, 70
2026/07/28 20:20:12.833, 288.46, 100, 74232, 70
2026/07/28 20:20:13.868, 287.01, 100, 74232, 70
2026/07/28 20:20:14.904, 267.62, 100, 74232, 70
2026/07/28 20:20:15.940, 303.28, 100, 74232, 69
2026/07/28 20:20:16.977, 305.30, 100, 74232, 69
2026/07/28 20:20:18.013, 303.67, 100, 74232, 69
2026/07/28 20:20:19.050, 305.04, 100, 74232, 69
2026/07/28 20:20:20.088, 302.79, 100, 74232, 70
2026/07/28 20:20:21.126, 303.94, 100, 74232, 70
2026/07/28 20:20:22.163, 292.37, 100, 74232, 70
2026/07/28 20:20:23.200, 297.23, 100, 74232, 70
2026/07/28 20:20:24.238, 290.95, 100, 74232, 70
2026/07/28 20:20:25.276, 290.35, 100, 74232, 70
2026/07/28 20:20:26.314, 290.52, 100, 74232, 70
2026/07/28 20:20:27.352, 291.20, 100, 74232, 70
2026/07/28 20:20:28.389, 290.92, 100, 74232, 71
2026/07/28 20:20:29.426, 298.61, 100, 74232, 71
2026/07/28 20:20:30.465, 298.90, 100, 74232, 71
2026/07/28 20:20:31.502, 304.42, 100, 74232, 71
2026/07/28 20:20:32.538, 299.68, 100, 74232, 71
2026/07/28 20:20:33.575, 298.80, 100, 74232, 71
2026/07/28 20:20:34.614, 300.06, 100, 74232, 71
2026/07/28 20:20:35.653, 302.01, 100, 74232, 71
2026/07/28 20:20:36.690, 299.89, 100, 74232, 71
2026/07/28 20:20:37.727, 300.48, 100, 74232, 71
2026/07/28 20:20:38.764, 300.44, 100, 74232, 72
2026/07/28 20:20:39.800, 301.04, 100, 74232, 72
2026/07/28 20:20:40.837, 302.51, 100, 74232, 72
2026/07/28 20:20:41.875, 300.58, 100, 74232, 72
2026/07/28 20:20:42.913, 301.52, 100, 74232, 72
2026/07/28 20:20:43.949, 301.33, 100, 74232, 72
2026/07/28 20:20:44.987, 302.98, 100, 74232, 72
2026/07/28 20:20:46.024, 301.23, 100, 74232, 72
2026/07/28 20:20:47.062, 300.53, 100, 74232, 72
2026/07/28 20:20:48.100, 301.24, 100, 74232, 72
2026/07/28 20:20:49.138, 294.82, 100, 74232, 72
2026/07/28 20:20:50.176, 298.01, 100, 74232, 72
2026/07/28 20:20:51.212, 296.36, 100, 74232, 72
2026/07/28 20:20:52.248, 290.07, 100, 74232, 72
2026/07/28 20:20:53.284, 294.06, 100, 74232, 72
2026/07/28 20:20:54.321, 293.75, 100, 74232, 72
2026/07/28 20:20:55.357, 295.82, 100, 74232, 72
2026/07/28 20:20:56.393, 295.02, 100, 74232, 72
2026/07/28 20:20:57.429, 293.48, 100, 74232, 72
2026/07/28 20:20:58.468, 300.63, 100, 74232, 72
2026/07/28 20:20:59.505, 301.05, 100, 74232, 72
2026/07/28 20:21:00.542, 301.54, 100, 74232, 72
2026/07/28 20:21:01.578, 293.96, 100, 74232, 72
2026/07/28 20:21:02.615, 301.50, 100, 74232, 72
2026/07/28 20:21:03.652, 292.12, 100, 74232, 72
2026/07/28 20:21:04.691, 293.54, 100, 74232, 72
2026/07/28 20:21:05.729, 299.96, 100, 74232, 72
2026/07/28 20:21:06.766, 295.88, 100, 74232, 72
2026/07/28 20:21:07.803, 294.83, 100, 74232, 72
2026/07/28 20:21:08.843, 301.84, 100, 74232, 73
2026/07/28 20:21:09.882, 301.91, 100, 74232, 73
2026/07/28 20:21:10.919, 302.39, 100, 74232, 73
2026/07/28 20:21:11.958, 299.49, 100, 74232, 73
2026/07/28 20:21:12.994, 303.96, 100, 74232, 73
2026/07/28 20:21:14.030, 302.49, 100, 74232, 73
2026/07/28 20:21:15.067, 302.27, 100, 74232, 73
2026/07/28 20:21:16.105, 302.67, 100, 74232, 73
2026/07/28 20:21:17.141, 303.21, 100, 74232, 73
2026/07/28 20:21:18.177, 302.70, 100, 74232, 73
2026/07/28 20:21:19.216, 303.40, 100, 74232, 73
2026/07/28 20:21:20.252, 302.58, 100, 74232, 73
2026/07/28 20:21:21.289, 303.48, 100, 74232, 73
2026/07/28 20:21:22.326, 302.67, 100, 74232, 73
2026/07/28 20:21:23.367, 303.55, 100, 74232, 73
2026/07/28 20:21:24.405, 304.78, 100, 74232, 73
2026/07/28 20:21:25.440, 293.56, 100, 74232, 73
2026/07/28 20:21:26.478, 291.62, 100, 74232, 73
2026/07/28 20:21:27.516, 292.09, 100, 74232, 73
2026/07/28 20:21:28.555, 295.77, 100, 74232, 73
2026/07/28 20:21:29.593, 296.07, 100, 74232, 73
2026/07/28 20:21:30.632, 296.37, 100, 74232, 73
2026/07/28 20:21:31.669, 303.77, 100, 74232, 73
2026/07/28 20:21:32.711, 295.11, 100, 74232, 73
2026/07/28 20:21:33.752, 296.76, 100, 74232, 73
2026/07/28 20:21:34.789, 291.90, 100, 74232, 73
2026/07/28 20:21:35.825, 295.60, 100, 74232, 73
2026/07/28 20:21:36.862, 295.68, 100, 74232, 73
2026/07/28 20:21:37.899, 301.26, 100, 74232, 73
2026/07/28 20:21:38.936, 303.07, 100, 74232, 73
2026/07/28 20:21:39.973, 306.90, 100, 74232, 73
2026/07/28 20:21:41.012, 299.40, 100, 74232, 73
2026/07/28 20:21:42.049, 302.86, 100, 74232, 73
2026/07/28 20:21:43.086, 303.93, 100, 74232, 73
2026/07/28 20:21:44.123, 304.17, 100, 74232, 73
2026/07/28 20:21:45.159, 296.95, 100, 74232, 73
2026/07/28 20:21:46.195, 299.39, 100, 74232, 73
2026/07/28 20:21:47.232, 292.87, 100, 74232, 73
2026/07/28 20:21:48.269, 295.98, 100, 74232, 73
2026/07/28 20:21:49.306, 295.98, 100, 74232, 73
2026/07/28 20:21:50.342, 297.72, 100, 74232, 73
2026/07/28 20:21:51.379, 296.87, 100, 74232, 73
2026/07/28 20:21:52.416, 292.30, 100, 74232, 73
2026/07/28 20:21:53.454, 292.47, 100, 74232, 73
2026/07/28 20:21:54.492, 295.61, 100, 74232, 73
2026/07/28 20:21:55.529, 295.87, 100, 74232, 73
2026/07/28 20:21:56.566, 296.58, 100, 74232, 73
2026/07/28 20:21:57.603, 296.46, 100, 74232, 73
2026/07/28 20:21:58.640, 295.51, 100, 74232, 73
2026/07/28 20:21:59.677, 296.08, 100, 74232, 73
2026/07/28 20:22:00.713, 301.79, 100, 74232, 73
2026/07/28 20:22:01.751, 301.04, 100, 74232, 73
2026/07/28 20:22:02.787, 296.57, 100, 74232, 73
2026/07/28 20:22:03.824, 300.77, 100, 74232, 73
2026/07/28 20:22:04.864, 291.99, 100, 74232, 73
2026/07/28 20:22:05.901, 296.28, 100, 74232, 73
2026/07/28 20:22:06.942, 295.82, 100, 74232, 73
2026/07/28 20:22:07.980, 295.60, 100, 74232, 73
2026/07/28 20:22:09.018, 305.40, 100, 74232, 73
2026/07/28 20:22:10.054, 303.14, 100, 74232, 73
2026/07/28 20:22:11.092, 301.50, 100, 74232, 73
2026/07/28 20:22:12.129, 292.00, 100, 74232, 73
2026/07/28 20:22:13.167, 295.98, 100, 74232, 73
2026/07/28 20:22:14.206, 293.28, 100, 74232, 73
2026/07/28 20:22:15.242, 303.61, 100, 74232, 73
2026/07/28 20:22:16.279, 303.82, 100, 74232, 73
2026/07/28 20:22:17.316, 303.55, 100, 74232, 73
2026/07/28 20:22:18.353, 303.14, 100, 74232, 73
2026/07/28 20:22:19.390, 303.37, 100, 74232, 73
2026/07/28 20:22:20.427, 305.74, 100, 74232, 73
2026/07/28 20:22:21.464, 303.97, 100, 74232, 73
2026/07/28 20:22:22.504, 299.95, 100, 74232, 73
2026/07/28 20:22:23.540, 296.18, 100, 74232, 73
2026/07/28 20:22:24.577, 298.10, 100, 74232, 73
2026/07/28 20:22:25.613, 296.95, 100, 74232, 73
2026/07/28 20:22:26.649, 296.26, 100, 74232, 73
2026/07/28 20:22:27.685, 296.68, 100, 74232, 73
2026/07/28 20:22:28.722, 295.89, 100, 74232, 73
2026/07/28 20:22:29.759, 296.27, 100, 74232, 73
2026/07/28 20:22:30.796, 296.08, 100, 74232, 73
2026/07/28 20:22:31.832, 297.34, 100, 74232, 73
2026/07/28 20:22:32.869, 292.20, 100, 74232, 73
2026/07/28 20:22:33.905, 297.04, 100, 74232, 73
2026/07/28 20:22:34.944, 295.31, 100, 74232, 73
2026/07/28 20:22:35.981, 301.52, 100, 74232, 73
2026/07/28 20:22:37.018, 301.51, 100, 74232, 73
2026/07/28 20:22:38.057, 301.13, 100, 74232, 73
2026/07/28 20:22:39.094, 304.71, 100, 74232, 73
2026/07/28 20:22:40.131, 303.15, 100, 74232, 73
2026/07/28 20:22:41.168, 304.52, 100, 74232, 73
2026/07/28 20:22:42.205, 296.66, 100, 74232, 73
2026/07/28 20:22:43.241, 292.20, 100, 74232, 73
2026/07/28 20:22:44.283, 295.00, 100, 74232, 73
2026/07/28 20:22:45.320, 295.42, 100, 74232, 73
2026/07/28 20:22:46.356, 299.19, 100, 74232, 73
2026/07/28 20:22:47.393, 303.89, 100, 74232, 73
2026/07/28 20:22:48.430, 303.26, 100, 74232, 73
2026/07/28 20:22:49.468, 296.67, 100, 74232, 73
2026/07/28 20:22:50.505, 295.41, 100, 74232, 73
2026/07/28 20:22:51.549, 296.85, 100, 74232, 73
2026/07/28 20:22:52.588, 295.71, 100, 74232, 73
2026/07/28 20:22:53.625, 295.27, 100, 74232, 73
2026/07/28 20:22:54.663, 299.57, 100, 74232, 73
2026/07/28 20:22:55.700, 296.47, 100, 74232, 73
2026/07/28 20:22:56.738, 295.69, 100, 74232, 73
2026/07/28 20:22:57.776, 300.14, 100, 74232, 73
2026/07/28 20:22:58.812, 296.87, 100, 74232, 73
2026/07/28 20:22:59.850, 296.08, 100, 74232, 73
2026/07/28 20:23:00.887, 297.23, 100, 74232, 73
2026/07/28 20:23:01.924, 304.42, 100, 74232, 73
2026/07/28 20:23:02.961, 303.43, 100, 74232, 73
2026/07/28 20:23:04.000, 304.05, 100, 74232, 73
2026/07/28 20:23:05.038, 292.19, 100, 74232, 73
2026/07/28 20:23:06.075, 296.86, 100, 74232, 73
2026/07/28 20:23:07.114, 295.78, 100, 74232, 73
2026/07/28 20:23:08.151, 296.37, 100, 74232, 73
2026/07/28 20:23:09.189, 296.48, 100, 74232, 73
2026/07/28 20:23:10.226, 296.78, 100, 74232, 73
2026/07/28 20:23:11.263, 298.49, 100, 74232, 73
2026/07/28 20:23:12.300, 297.16, 100, 74232, 73
2026/07/28 20:23:13.336, 298.39, 100, 74232, 73
2026/07/28 20:23:14.372, 296.75, 100, 74232, 73
2026/07/28 20:23:15.411, 295.97, 100, 74232, 73
2026/07/28 20:23:16.449, 296.46, 100, 74232, 73
2026/07/28 20:23:17.487, 295.69, 100, 74232, 73
2026/07/28 20:23:18.524, 298.58, 100, 74232, 73
2026/07/28 20:23:19.560, 296.74, 100, 74232, 73
2026/07/28 20:23:20.597, 298.59, 100, 74232, 73
2026/07/28 20:23:21.633, 304.48, 100, 74232, 73
2026/07/28 20:23:22.671, 303.59, 100, 74232, 73
2026/07/28 20:23:23.708, 303.92, 100, 74232, 73
2026/07/28 20:23:24.745, 303.64, 100, 74232, 73
2026/07/28 20:23:25.781, 304.69, 100, 74232, 73
2026/07/28 20:23:26.819, 300.43, 100, 74232, 73
2026/07/28 20:23:27.855, 306.02, 100, 74232, 73
2026/07/28 20:23:28.893, 306.33, 100, 74232, 73
2026/07/28 20:23:29.930, 304.26, 100, 74232, 73
2026/07/28 20:23:30.968, 297.08, 100, 74232, 73
2026/07/28 20:23:32.006, 293.05, 100, 74232, 73
2026/07/28 20:23:33.042, 292.69, 100, 74232, 73
2026/07/28 20:23:34.081, 296.37, 100, 74232, 73
2026/07/28 20:23:35.118, 296.36, 100, 74232, 73
2026/07/28 20:23:36.156, 296.26, 100, 74232, 73
2026/07/28 20:23:37.196, 296.58, 100, 74232, 73
2026/07/28 20:23:38.233, 296.09, 100, 74232, 73
2026/07/28 20:23:39.270, 296.74, 100, 74232, 73
2026/07/28 20:23:40.307, 296.64, 100, 74232, 73
2026/07/28 20:23:41.344, 296.18, 100, 74232, 73
2026/07/28 20:23:42.381, 297.46, 100, 74232, 73
2026/07/28 20:23:43.419, 301.63, 100, 74232, 73
2026/07/28 20:23:44.458, 303.85, 100, 74232, 73
2026/07/28 20:23:45.496, 302.48, 100, 74232, 73
2026/07/28 20:23:46.535, 299.95, 100, 74232, 73
2026/07/28 20:23:47.572, 305.91, 100, 74232, 73
2026/07/28 20:23:48.608, 300.65, 100, 74232, 73
2026/07/28 20:23:49.647, 304.02, 100, 74232, 73
2026/07/28 20:23:50.684, 303.97, 100, 74232, 73
2026/07/28 20:23:51.722, 303.20, 100, 74232, 73
2026/07/28 20:23:52.759, 307.17, 100, 74232, 73
2026/07/28 20:23:53.796, 303.08, 100, 74232, 73
2026/07/28 20:23:54.833, 295.20, 100, 74232, 73
2026/07/28 20:23:55.869, 296.68, 100, 74232, 73
2026/07/28 20:23:56.907, 299.30, 100, 74232, 73
2026/07/28 20:23:57.944, 295.41, 100, 74232, 73
2026/07/28 20:23:58.982, 296.00, 100, 74232, 73
2026/07/28 20:24:00.021, 296.08, 100, 74232, 73
2026/07/28 20:24:01.059, 296.27, 100, 74232, 73
2026/07/28 20:24:02.095, 296.67, 100, 74232, 73
2026/07/28 20:24:03.132, 295.29, 100, 74232, 73
2026/07/28 20:24:04.168, 295.89, 100, 74232, 73
2026/07/28 20:24:05.205, 296.58, 100, 74232, 73
2026/07/28 20:24:06.241, 300.24, 100, 74232, 73
2026/07/28 20:24:07.277, 302.81, 100, 74232, 73
2026/07/28 20:24:08.314, 296.38, 100, 74232, 73
2026/07/28 20:24:09.355, 295.41, 100, 74232, 73
2026/07/28 20:24:10.391, 295.97, 100, 74232, 73
2026/07/28 20:24:11.429, 295.51, 100, 74232, 73
2026/07/28 20:24:12.466, 295.39, 100, 74232, 73
2026/07/28 20:24:13.502, 303.08, 100, 74232, 73
2026/07/28 20:24:14.541, 303.36, 100, 74232, 73
2026/07/28 20:24:15.578, 299.30, 100, 74232, 73
2026/07/28 20:24:16.616, 303.83, 100, 74232, 73
2026/07/28 20:24:17.653, 302.88, 100, 74232, 73
2026/07/28 20:24:18.691, 305.87, 100, 74232, 73
2026/07/28 20:24:19.727, 301.89, 100, 74232, 73
2026/07/28 20:24:20.764, 304.07, 100, 74232, 73
2026/07/28 20:24:21.801, 303.00, 100, 74232, 73
2026/07/28 20:24:22.840, 303.35, 100, 74232, 73
2026/07/28 20:24:23.878, 292.28, 100, 74232, 73
2026/07/28 20:24:24.916, 295.69, 100, 74232, 73
2026/07/28 20:24:25.953, 296.37, 100, 74232, 73
2026/07/28 20:24:26.990, 302.10, 100, 74232, 73
2026/07/28 20:24:28.026, 292.38, 100, 74232, 73
2026/07/28 20:24:29.064, 295.81, 100, 74232, 73
2026/07/28 20:24:30.102, 296.97, 100, 74232, 73
2026/07/28 20:24:31.140, 296.18, 100, 74232, 73
2026/07/28 20:24:32.178, 295.87, 100, 74232, 73
2026/07/28 20:24:33.215, 295.88, 100, 74232, 73
2026/07/28 20:24:34.252, 296.54, 100, 74232, 73
2026/07/28 20:24:35.290, 296.35, 100, 74232, 73
2026/07/28 20:24:36.329, 297.33, 100, 74232, 73
2026/07/28 20:24:37.366, 295.88, 100, 74232, 73
2026/07/28 20:24:38.404, 295.59, 100, 74232, 73
2026/07/28 20:24:39.446, 302.56, 100, 74232, 73
2026/07/28 20:24:40.484, 303.04, 100, 74232, 73
2026/07/28 20:24:41.521, 300.55, 100, 74232, 73
2026/07/28 20:24:42.560, 302.30, 100, 74232, 73
2026/07/28 20:24:43.596, 303.97, 100, 74232, 73
2026/07/28 20:24:44.633, 303.77, 100, 74232, 73
2026/07/28 20:24:45.671, 305.98, 100, 74232, 73
2026/07/28 20:24:46.708, 297.62, 100, 74232, 73
2026/07/28 20:24:47.745, 295.70, 100, 74232, 73
2026/07/28 20:24:48.784, 293.48, 100, 74232, 73
2026/07/28 20:24:49.822, 296.95, 100, 74232, 73
2026/07/28 20:24:50.859, 296.55, 100, 74232, 73
2026/07/28 20:24:51.897, 297.32, 100, 74232, 73
2026/07/28 20:24:52.934, 297.74, 100, 74232, 73
2026/07/28 20:24:53.975, 296.26, 100, 74232, 73
2026/07/28 20:24:55.013, 297.63, 100, 74232, 73
2026/07/28 20:24:56.050, 296.28, 100, 74232, 73
2026/07/28 20:24:57.087, 297.07, 100, 74232, 73
2026/07/28 20:24:58.124, 295.98, 100, 74232, 73
2026/07/28 20:24:59.162, 295.95, 100, 74232, 73
2026/07/28 20:25:00.199, 295.60, 100, 74232, 73
2026/07/28 20:25:01.237, 292.88, 100, 74232, 73
2026/07/28 20:25:02.276, 296.95, 100, 74232, 73
2026/07/28 20:25:03.313, 304.90, 100, 74232, 73
2026/07/28 20:25:04.349, 304.60, 100, 74232, 73
2026/07/28 20:25:05.385, 305.77, 100, 74232, 73
2026/07/28 20:25:06.422, 304.50, 100, 74232, 73
2026/07/28 20:25:07.458, 304.21, 100, 74232, 73
2026/07/28 20:25:08.496, 101.08, 0, 74232, 70
2026/07/28 20:25:09.528, 301.64, 100, 74232, 75
2026/07/28 20:25:10.563, 298.76, 100, 74232, 75
2026/07/28 20:25:11.600, 300.61, 100, 74232, 75
2026/07/28 20:25:12.637, 286.93, 100, 74232, 75
2026/07/28 20:25:13.673, 303.33, 100, 74232, 75
2026/07/28 20:25:14.712, 308.62, 100, 74232, 74
2026/07/28 20:25:15.747, 297.37, 100, 74232, 74
2026/07/28 20:25:16.788, 291.03, 100, 74232, 73
2026/07/28 20:25:17.825, 287.61, 100, 74232, 73
2026/07/28 20:25:18.863, 290.64, 100, 74232, 73
2026/07/28 20:25:19.901, 295.79, 100, 74232, 73
2026/07/28 20:25:20.938, 298.98, 100, 74232, 73
2026/07/28 20:25:21.977, 294.83, 100, 74232, 73
2026/07/28 20:25:23.015, 295.48, 100, 74232, 73
2026/07/28 20:25:24.055, 296.26, 100, 74232, 73
2026/07/28 20:25:25.093, 301.90, 100, 74232, 74
2026/07/28 20:25:26.135, 303.39, 100, 74232, 74
2026/07/28 20:25:27.175, 306.12, 100, 74232, 74
2026/07/28 20:25:28.213, 303.96, 100, 74232, 74
2026/07/28 20:25:29.250, 303.63, 100, 74232, 74
2026/07/28 20:25:30.287, 297.64, 100, 74232, 74
2026/07/28 20:25:31.325, 296.78, 100, 74232, 74
2026/07/28 20:25:32.364, 297.65, 100, 74232, 74
2026/07/28 20:25:33.401, 295.80, 100, 74232, 73
2026/07/28 20:25:34.439, 297.55, 100, 74232, 73
2026/07/28 20:25:35.477, 292.29, 100, 74232, 73
2026/07/28 20:25:36.516, 296.84, 100, 74232, 73
2026/07/28 20:25:37.553, 296.55, 100, 74232, 73
2026/07/28 20:25:38.590, 297.65, 100, 74232, 73
2026/07/28 20:25:39.628, 296.95, 100, 74232, 73
2026/07/28 20:25:40.665, 297.62, 100, 74232, 73
2026/07/28 20:25:41.706, 292.98, 100, 74232, 73
2026/07/28 20:25:42.745, 295.80, 100, 74232, 73
2026/07/28 20:25:43.783, 296.83, 100, 74232, 73
2026/07/28 20:25:44.821, 297.05, 100, 74232, 73
2026/07/28 20:25:45.858, 295.82, 100, 74232, 73
2026/07/28 20:25:46.897, 297.66, 100, 74232, 73
2026/07/28 20:25:47.934, 296.18, 100, 74232, 73
2026/07/28 20:25:48.972, 296.28, 100, 74232, 73
2026/07/28 20:25:50.009, 302.70, 100, 74232, 73
2026/07/28 20:25:51.045, 297.45, 100, 74232, 73
2026/07/28 20:25:52.083, 295.99, 100, 74232, 73
2026/07/28 20:25:53.121, 296.98, 100, 74232, 73
2026/07/28 20:25:54.158, 296.16, 100, 74232, 73
2026/07/28 20:25:55.196, 293.08, 100, 74232, 73
2026/07/28 20:25:56.234, 295.89, 100, 74232, 73
2026/07/28 20:25:57.272, 296.26, 100, 74232, 73
2026/07/28 20:25:58.310, 301.49, 100, 74232, 73
2026/07/28 20:25:59.349, 305.25, 100, 74232, 73
2026/07/28 20:26:00.388, 303.64, 100, 74232, 73
2026/07/28 20:26:01.426, 304.30, 100, 74232, 73
2026/07/28 20:26:02.463, 298.22, 100, 74232, 73
2026/07/28 20:26:03.500, 294.04, 100, 74232, 73
2026/07/28 20:26:04.540, 292.10, 100, 74232, 73
2026/07/28 20:26:05.578, 296.29, 100, 74232, 73
2026/07/28 20:26:06.616, 295.89, 100, 74232, 73
2026/07/28 20:26:07.653, 301.62, 100, 74232, 73
2026/07/28 20:26:08.690, 295.69, 100, 74232, 73
2026/07/28 20:26:09.729, 298.13, 100, 74232, 73
2026/07/28 20:26:10.766, 296.86, 100, 74232, 73
2026/07/28 20:26:11.809, 302.41, 100, 74232, 73
2026/07/28 20:26:12.847, 299.30, 100, 74232, 73
2026/07/28 20:26:13.885, 297.08, 100, 74232, 73
2026/07/28 20:26:14.924, 292.98, 100, 74232, 73
2026/07/28 20:26:15.962, 296.39, 100, 74232, 73
2026/07/28 20:26:16.999, 296.17, 100, 74232, 73
2026/07/28 20:26:18.037, 295.33, 100, 74232, 73
2026/07/28 20:26:19.074, 303.47, 100, 74232, 73
2026/07/28 20:26:20.114, 304.68, 100, 74232, 73
2026/07/28 20:26:21.152, 303.58, 100, 74232, 73
2026/07/28 20:26:22.189, 305.72, 100, 74232, 73
2026/07/28 20:26:23.226, 303.63, 100, 74232, 73
2026/07/28 20:26:24.262, 303.63, 100, 74232, 73
2026/07/28 20:26:25.302, 297.26, 100, 74232, 73
2026/07/28 20:26:26.339, 305.19, 100, 74232, 73
2026/07/28 20:26:27.379, 296.96, 100, 74232, 73
2026/07/28 20:26:28.418, 295.99, 100, 74232, 73
2026/07/28 20:26:29.457, 295.61, 100, 74232, 73
2026/07/28 20:26:30.495, 298.40, 100, 74232, 73
2026/07/28 20:26:31.533, 295.99, 100, 74232, 73
2026/07/28 20:26:32.571, 297.63, 100, 74232, 73
2026/07/28 20:26:33.611, 295.60, 100, 74232, 73
2026/07/28 20:26:34.649, 296.27, 100, 74232, 73
2026/07/28 20:26:35.688, 295.59, 100, 74232, 73
2026/07/28 20:26:36.725, 297.84, 100, 74232, 73
2026/07/28 20:26:37.762, 296.18, 100, 74232, 73
2026/07/28 20:26:38.798, 296.68, 100, 74232, 73
2026/07/28 20:26:39.837, 295.21, 100, 74232, 73
2026/07/28 20:26:40.874, 303.74, 100, 74232, 73
2026/07/28 20:26:41.911, 292.20, 100, 74232, 73
2026/07/28 20:26:42.949, 295.81, 100, 74232, 73
2026/07/28 20:26:43.985, 301.73, 100, 74232, 73
2026/07/28 20:26:45.022, 301.59, 100, 74232, 73
2026/07/28 20:26:46.059, 303.36, 100, 74232, 73
2026/07/28 20:26:47.099, 298.96, 100, 74232, 73
2026/07/28 20:26:48.136, 303.32, 100, 74232, 73
2026/07/28 20:26:49.173, 303.32, 100, 74232, 73
2026/07/28 20:26:50.212, 295.59, 100, 74232, 73
2026/07/28 20:26:51.247, 296.16, 100, 74232, 73
2026/07/28 20:26:52.284, 292.29, 100, 74232, 73
2026/07/28 20:26:53.320, 294.25, 100, 74232, 73
2026/07/28 20:26:54.358, 297.22, 100, 74232, 73
2026/07/28 20:26:55.395, 296.10, 100, 74232, 73
2026/07/28 20:26:56.432, 295.40, 100, 74232, 73
2026/07/28 20:26:57.469, 299.09, 100, 74232, 73
2026/07/28 20:26:58.507, 295.99, 100, 74232, 73
2026/07/28 20:26:59.544, 295.59, 100, 74232, 73
2026/07/28 20:27:00.580, 295.80, 100, 74232, 73
2026/07/28 20:27:01.616, 296.09, 100, 74232, 73
2026/07/28 20:27:02.654, 296.10, 100, 74232, 73
2026/07/28 20:27:03.691, 295.41, 100, 74232, 73
2026/07/28 20:27:04.729, 296.31, 100, 74232, 73
2026/07/28 20:27:05.768, 296.38, 100, 74232, 73
2026/07/28 20:27:06.807, 296.19, 100, 74232, 73
2026/07/28 20:27:07.848, 303.69, 100, 74232, 73
2026/07/28 20:27:08.884, 303.99, 100, 74232, 73
2026/07/28 20:27:09.921, 300.05, 100, 74232, 73
2026/07/28 20:27:10.957, 302.97, 100, 74232, 73
2026/07/28 20:27:11.994, 304.32, 100, 74232, 73
2026/07/28 20:27:13.031, 303.16, 100, 74232, 73
2026/07/28 20:27:14.068, 304.56, 100, 74232, 73
2026/07/28 20:27:15.112, 303.81, 100, 74232, 73
2026/07/28 20:27:16.150, 297.27, 100, 74232, 73
2026/07/28 20:27:17.186, 299.17, 100, 74232, 73
2026/07/28 20:27:18.225, 294.92, 100, 74232, 73
2026/07/28 20:27:19.262, 295.79, 100, 74232, 73
2026/07/28 20:27:20.299, 292.88, 100, 74232, 73
2026/07/28 20:27:21.336, 297.42, 100, 74232, 73
2026/07/28 20:27:22.372, 296.37, 100, 74232, 73
2026/07/28 20:27:23.408, 299.66, 100, 74232, 73
2026/07/28 20:27:24.445, 292.67, 100, 74232, 73
2026/07/28 20:27:25.484, 298.11, 100, 74232, 73
2026/07/28 20:27:26.522, 295.79, 100, 74232, 73
2026/07/28 20:27:27.560, 295.61, 100, 74232, 73
2026/07/28 20:27:28.596, 295.88, 100, 74232, 73
2026/07/28 20:27:29.636, 296.09, 100, 74232, 73
2026/07/28 20:27:30.672, 297.73, 100, 74232, 73
2026/07/28 20:27:31.713, 298.88, 100, 74232, 73
2026/07/28 20:27:32.750, 298.30, 100, 74232, 73
2026/07/28 20:27:33.787, 302.67, 100, 74232, 73
2026/07/28 20:27:34.824, 301.14, 100, 74232, 73
2026/07/28 20:27:35.861, 303.96, 100, 74232, 73
2026/07/28 20:27:36.898, 304.92, 100, 74232, 73
2026/07/28 20:27:37.933, 303.36, 100, 74232, 73
2026/07/28 20:27:38.971, 296.98, 100, 74232, 73
2026/07/28 20:27:40.011, 296.76, 100, 74232, 73
2026/07/28 20:27:41.049, 295.88, 100, 74232, 73
2026/07/28 20:27:42.086, 296.10, 100, 74232, 73
2026/07/28 20:27:43.124, 295.41, 100, 74232, 73
2026/07/28 20:27:44.161, 295.79, 100, 74232, 73
2026/07/28 20:27:45.199, 296.20, 100, 74232, 73
2026/07/28 20:27:46.236, 296.76, 100, 74232, 73
2026/07/28 20:27:47.272, 296.69, 100, 74232, 73
2026/07/28 20:27:48.309, 295.80, 100, 74232, 73
2026/07/28 20:27:49.346, 296.60, 100, 74232, 73
2026/07/28 20:27:50.385, 295.99, 100, 74232, 73
2026/07/28 20:27:51.422, 296.07, 100, 74232, 73
2026/07/28 20:27:52.460, 295.51, 100, 74232, 73
2026/07/28 20:27:53.500, 296.66, 100, 74232, 73
2026/07/28 20:27:54.536, 297.07, 100, 74232, 73
2026/07/28 20:27:55.576, 295.88, 100, 74232, 73
2026/07/28 20:27:56.613, 292.71, 100, 74232, 73
2026/07/28 20:27:57.649, 295.32, 100, 74232, 73
2026/07/28 20:27:58.688, 293.95, 100, 74232, 73
2026/07/28 20:27:59.725, 295.61, 100, 74232, 73
2026/07/28 20:28:00.762, 299.26, 100, 74232, 73
2026/07/28 20:28:01.798, 303.10, 100, 74232, 73
2026/07/28 20:28:02.839, 303.40, 100, 74232, 73
2026/07/28 20:28:03.877, 303.36, 100, 74232, 73
2026/07/28 20:28:04.913, 303.54, 100, 74232, 73
2026/07/28 20:28:05.951, 299.79, 100, 74232, 73
2026/07/28 20:28:06.988, 304.74, 100, 74232, 73
2026/07/28 20:28:08.025, 303.49, 100, 74232, 73
2026/07/28 20:28:09.060, 302.88, 100, 74232, 73
2026/07/28 20:28:10.097, 303.16, 100, 74232, 73
2026/07/28 20:28:11.133, 304.07, 100, 74232, 73
2026/07/28 20:28:12.170, 303.35, 100, 74232, 73
2026/07/28 20:28:13.206, 303.96, 100, 74232, 73
2026/07/28 20:28:14.244, 302.97, 100, 74232, 73
2026/07/28 20:28:15.280, 303.84, 100, 74232, 73
2026/07/28 20:28:16.323, 304.90, 100, 74232, 73
2026/07/28 20:28:17.360, 303.64, 100, 74232, 73
2026/07/28 20:28:18.396, 300.26, 100, 74232, 73
2026/07/28 20:28:19.433, 303.78, 100, 74232, 73
2026/07/28 20:28:20.471, 303.94, 100, 74232, 73
2026/07/28 20:28:21.508, 303.75, 100, 74232, 73
2026/07/28 20:28:22.545, 304.30, 100, 74232, 73
2026/07/28 20:28:23.584, 303.92, 100, 74232, 73
2026/07/28 20:28:24.621, 304.12, 100, 74232, 73
2026/07/28 20:28:25.661, 303.16, 100, 74232, 73
2026/07/28 20:28:26.704, 296.38, 100, 74232, 73
2026/07/28 20:28:27.742, 298.20, 100, 74232, 73
2026/07/28 20:28:28.778, 295.89, 100, 74232, 73
2026/07/28 20:28:29.817, 296.08, 100, 74232, 73
2026/07/28 20:28:30.854, 296.76, 100, 74232, 73
2026/07/28 20:28:31.892, 299.01, 100, 74232, 73
2026/07/28 20:28:32.929, 297.44, 100, 74232, 73
2026/07/28 20:28:33.966, 292.39, 100, 74232, 73
2026/07/28 20:28:35.003, 296.85, 100, 74232, 73
2026/07/28 20:28:36.040, 297.05, 100, 74232, 73
2026/07/28 20:28:37.078, 296.28, 100, 74232, 73
2026/07/28 20:28:38.114, 299.94, 100, 74232, 73
2026/07/28 20:28:39.151, 303.76, 100, 74232, 73
2026/07/28 20:28:40.188, 292.76, 100, 74232, 73
2026/07/28 20:28:41.227, 292.29, 100, 74232, 73
2026/07/28 20:28:42.263, 295.60, 100, 74232, 73
2026/07/28 20:28:43.300, 303.56, 100, 74232, 73
2026/07/28 20:28:44.338, 303.55, 100, 74232, 73
2026/07/28 20:28:45.376, 297.61, 100, 74232, 73
2026/07/28 20:28:46.413, 296.68, 100, 74232, 73
2026/07/28 20:28:47.453, 295.91, 100, 74232, 73
2026/07/28 20:28:48.491, 295.78, 100, 74232, 73
2026/07/28 20:28:49.528, 296.08, 100, 74232, 73
2026/07/28 20:28:50.565, 303.26, 100, 74232, 73
2026/07/28 20:28:51.601, 304.17, 100, 74232, 73
2026/07/28 20:28:52.640, 299.59, 100, 74232, 73
2026/07/28 20:28:53.676, 301.54, 100, 74232, 73
2026/07/28 20:28:54.714, 302.39, 100, 74232, 73
2026/07/28 20:28:55.752, 302.03, 100, 74232, 73
2026/07/28 20:28:56.789, 303.35, 100, 74232, 73
2026/07/28 20:28:57.826, 293.14, 100, 74232, 73
2026/07/28 20:28:58.863, 295.69, 100, 74232, 73
2026/07/28 20:28:59.901, 293.06, 100, 74232, 73
2026/07/28 20:29:00.942, 296.66, 100, 74232, 73
2026/07/28 20:29:01.979, 296.93, 100, 74232, 73
2026/07/28 20:29:03.016, 300.83, 100, 74232, 73
2026/07/28 20:29:04.052, 299.76, 100, 74232, 73
2026/07/28 20:29:05.089, 297.54, 100, 74232, 73
2026/07/28 20:29:06.128, 300.06, 100, 74232, 73
2026/07/28 20:29:07.164, 298.99, 100, 74232, 73
2026/07/28 20:29:08.203, 296.09, 100, 74232, 73
2026/07/28 20:29:09.240, 298.01, 100, 74232, 73
2026/07/28 20:29:10.278, 298.12, 100, 74232, 73
2026/07/28 20:29:11.314, 293.55, 100, 74232, 73
2026/07/28 20:29:12.352, 292.19, 100, 74232, 73
2026/07/28 20:29:13.389, 303.95, 100, 74232, 73
2026/07/28 20:29:14.426, 99.67, 0, 74232, 70
2026/07/28 20:29:15.459, 98.36, 0, 74232, 69
2026/07/28 20:29:16.491, 97.78, 0, 74232, 68
2026/07/28 20:29:17.523, 96.75, 0, 74232, 68
2026/07/28 20:29:18.554, 94.51, 0, 74232, 67
2026/07/28 20:29:19.585, 95.37, 0, 74232, 67
2026/07/28 20:29:20.614, 94.30, 0, 74232, 66
2026/07/28 20:29:21.644, 93.61, 0, 74232, 66
2026/07/28 20:29:22.674, 93.57, 0, 74232, 65
2026/07/28 20:29:23.706, 93.29, 0, 74232, 65
2026/07/28 20:29:24.737, 90.86, 0, 74232, 65
2026/07/28 20:29:25.767, 90.82, 0, 74232, 64
2026/07/28 20:29:26.797, 90.48, 0, 74232, 64
2026/07/28 20:29:27.828, 90.00, 0, 74232, 63
2026/07/28 20:29:28.858, 90.61, 0, 74232, 63
2026/07/28 20:29:29.889, 90.30, 0, 74232, 63
2026/07/28 20:29:30.920, 89.00, 0, 74232, 63
2026/07/28 20:29:31.952, 88.13, 0, 74232, 62
2026/07/28 20:29:32.982, 88.37, 0, 74232, 62
2026/07/28 20:29:34.013, 87.19, 0, 74232, 62
2026/07/28 20:29:35.044, 87.34, 0, 74232, 61
2026/07/28 20:29:36.074, 86.92, 0, 74232, 61
2026/07/28 20:29:37.104, 86.19, 0, 74232, 61
2026/07/28 20:29:38.135, 85.99, 0, 74232, 61
2026/07/28 20:29:39.166, 85.87, 0, 74232, 60
2026/07/28 20:29:40.197, 321.81, 0, 74232, 64
2026/07/28 20:29:41.234, 290.69, 100, 74232, 66
2026/07/28 20:29:42.267, 296.07, 100, 74232, 66
2026/07/28 20:29:43.301, 300.20, 100, 74232, 67
2026/07/28 20:29:44.335, 273.61, 100, 74232, 67
2026/07/28 20:29:45.370, 306.69, 100, 74232, 66
2026/07/28 20:29:46.405, 308.21, 100, 74232, 66
2026/07/28 20:29:47.446, 300.33, 100, 74232, 66
2026/07/28 20:29:48.483, 300.07, 100, 74232, 66
2026/07/28 20:29:49.520, 300.74, 100, 74232, 66
2026/07/28 20:29:50.557, 300.93, 100, 74232, 67
2026/07/28 20:29:51.593, 299.87, 100, 74232, 69
2026/07/28 20:29:52.627, 300.58, 100, 74232, 69
2026/07/28 20:29:53.661, 299.58, 100, 74232, 69
2026/07/28 20:29:54.696, 293.32, 100, 74232, 69
2026/07/28 20:29:55.731, 254.38, 100, 74232, 68
2026/07/28 20:29:56.769, 284.39, 100, 74232, 68
2026/07/28 20:29:57.806, 289.08, 100, 74232, 68
2026/07/28 20:29:58.846, 289.96, 100, 74232, 68
2026/07/28 20:29:59.882, 301.81, 100, 74232, 69
2026/07/28 20:30:00.919, 298.72, 100, 74232, 70
2026/07/28 20:30:01.953, 294.32, 100, 74232, 71
2026/07/28 20:30:02.985, 307.12, 100, 74232, 71
2026/07/28 20:30:04.018, 304.41, 100, 74232, 71
2026/07/28 20:30:05.051, 305.80, 100, 74232, 69
2026/07/28 20:30:06.088, 305.60, 100, 74232, 70
2026/07/28 20:30:07.125, 304.45, 100, 74232, 70
2026/07/28 20:30:08.163, 306.21, 100, 74232, 70
2026/07/28 20:30:09.200, 307.26, 100, 74232, 70
2026/07/28 20:30:10.237, 300.01, 100, 74232, 72
2026/07/28 20:30:11.273, 299.09, 100, 74232, 72
2026/07/28 20:30:12.312, 298.81, 100, 74232, 72
2026/07/28 20:30:13.346, 292.37, 100, 74232, 72
2026/07/28 20:30:14.379, 265.65, 100, 74232, 72
2026/07/28 20:30:15.417, 274.68, 100, 74232, 72
2026/07/28 20:30:16.456, 299.49, 100, 74232, 71
2026/07/28 20:30:17.495, 300.93, 100, 74232, 71
2026/07/28 20:30:18.532, 301.98, 100, 74232, 71
2026/07/28 20:30:19.568, 301.33, 100, 74232, 71
2026/07/28 20:30:20.605, 299.88, 100, 74232, 71
2026/07/28 20:30:21.642, 292.96, 100, 74232, 71
2026/07/28 20:30:22.678, 293.56, 100, 74232, 71
2026/07/28 20:30:23.716, 291.81, 100, 74232, 72
2026/07/28 20:30:24.754, 295.12, 100, 74232, 72
2026/07/28 20:30:25.795, 293.65, 100, 74232, 72
2026/07/28 20:30:26.834, 295.13, 100, 74232, 72
2026/07/28 20:30:27.871, 303.47, 100, 74232, 72
2026/07/28 20:30:28.911, 299.49, 100, 74232, 72
2026/07/28 20:30:29.949, 301.90, 100, 74232, 72
2026/07/28 20:30:30.987, 302.48, 100, 74232, 72
2026/07/28 20:30:32.028, 301.02, 100, 74232, 72
2026/07/28 20:30:33.066, 300.94, 100, 74232, 72
2026/07/28 20:30:34.103, 301.73, 100, 74232, 72
2026/07/28 20:30:35.140, 301.42, 100, 74232, 72
2026/07/28 20:30:36.174, 302.21, 100, 74232, 72
2026/07/28 20:30:37.213, 303.84, 100, 74232, 72
2026/07/28 20:30:38.249, 301.74, 100, 74232, 72
2026/07/28 20:30:39.285, 303.55, 100, 74232, 72
2026/07/28 20:30:40.319, 301.45, 100, 74232, 73
2026/07/28 20:30:41.361, 294.62, 100, 74232, 72
2026/07/28 20:30:42.398, 293.85, 100, 74232, 72
2026/07/28 20:30:43.433, 291.40, 100, 74232, 72
2026/07/28 20:30:44.470, 294.33, 100, 74232, 72
2026/07/28 20:30:45.505, 294.52, 100, 74232, 72
2026/07/28 20:30:46.543, 294.33, 100, 74232, 72
2026/07/28 20:30:47.578, 295.11, 100, 74232, 73
2026/07/28 20:30:48.614, 97.39, 100, 74232, 70
2026/07/28 20:30:49.646, 305.89, 100, 74232, 74
2026/07/28 20:30:50.680, 293.65, 100, 74232, 74
2026/07/28 20:30:51.713, 302.69, 100, 74232, 74
2026/07/28 20:30:52.747, 297.81, 100, 74232, 74
2026/07/28 20:30:53.780, 278.93, 100, 74232, 74
2026/07/28 20:30:54.817, 295.70, 100, 74232, 74
2026/07/28 20:30:55.852, 305.05, 100, 74232, 73
2026/07/28 20:30:56.889, 298.79, 100, 74232, 73
2026/07/28 20:30:57.925, 295.39, 100, 74232, 73
2026/07/28 20:30:58.962, 296.65, 100, 74232, 73
2026/07/28 20:30:59.998, 296.53, 74, 74232, 74
2026/07/28 20:31:01.032, 290.05, 100, 74232, 74
2026/07/28 20:31:02.065, 288.54, 100, 74232, 74
2026/07/28 20:31:03.099, 303.91, 100, 74232, 75
2026/07/28 20:31:04.132, 260.58, 100, 74232, 75
2026/07/28 20:31:05.165, 309.29, 100, 74232, 75
2026/07/28 20:31:06.202, 293.92, 100, 74232, 75
2026/07/28 20:31:07.247, 302.99, 100, 74232, 73
2026/07/28 20:31:08.285, 297.56, 100, 74232, 73
2026/07/28 20:31:09.321, 295.97, 100, 74232, 73
2026/07/28 20:31:10.362, 306.22, 100, 74232, 75
2026/07/28 20:31:11.396, 294.73, 100, 74232, 75
2026/07/28 20:31:12.430, 316.22, 100, 74232, 75
2026/07/28 20:31:13.465, 272.27, 100, 74232, 75
2026/07/28 20:31:14.501, 307.74, 100, 74232, 75
2026/07/28 20:31:15.534, 313.03, 100, 74232, 75
2026/07/28 20:31:16.568, 271.79, 100, 74232, 75
2026/07/28 20:31:17.608, 293.74, 100, 74232, 73
2026/07/28 20:31:18.644, 286.64, 100, 74232, 73
2026/07/28 20:31:19.681, 281.03, 100, 74232, 75
2026/07/28 20:31:20.715, 292.32, 100, 74232, 75
2026/07/28 20:31:21.752, 320.23, 100, 74232, 75
2026/07/28 20:31:22.786, 305.96, 100, 74232, 75
2026/07/28 20:31:23.819, 277.44, 100, 74232, 75
2026/07/28 20:31:24.853, 325.79, 100, 74232, 76
2026/07/28 20:31:25.887, 299.86, 100, 74232, 74
2026/07/28 20:31:26.925, 303.67, 100, 74232, 74
2026/07/28 20:31:27.961, 303.89, 100, 74232, 74
2026/07/28 20:31:28.997, 304.26, 100, 74232, 74
2026/07/28 20:31:30.033, 300.47, 100, 74232, 74
2026/07/28 20:31:31.070, 307.73, 100, 74232, 74
2026/07/28 20:31:32.107, 305.29, 100, 74232, 74
2026/07/28 20:31:33.144, 304.34, 100, 74232, 74
2026/07/28 20:31:34.179, 305.10, 100, 74232, 74
2026/07/28 20:31:35.217, 304.41, 100, 74232, 74
2026/07/28 20:31:36.253, 307.13, 100, 74232, 74
2026/07/28 20:31:37.291, 297.13, 100, 74232, 74
2026/07/28 20:31:38.328, 299.20, 100, 74232, 74
2026/07/28 20:31:39.364, 297.24, 100, 74232, 74
2026/07/28 20:31:40.401, 295.10, 100, 74232, 74
2026/07/28 20:31:41.438, 296.65, 100, 74232, 74
2026/07/28 20:31:42.474, 294.53, 100, 74232, 74
2026/07/28 20:31:43.512, 297.35, 100, 74232, 74
2026/07/28 20:31:44.547, 297.43, 100, 74232, 74
2026/07/28 20:31:45.583, 297.26, 100, 74232, 74
2026/07/28 20:31:46.619, 296.85, 100, 74232, 74
2026/07/28 20:31:47.656, 297.95, 100, 74232, 74
2026/07/28 20:31:48.692, 296.76, 100, 74232, 74
2026/07/28 20:31:49.730, 297.73, 100, 74232, 74
2026/07/28 20:31:50.766, 296.96, 100, 74232, 74
2026/07/28 20:31:51.803, 296.57, 100, 74232, 74
2026/07/28 20:31:52.840, 298.70, 100, 74232, 74
2026/07/28 20:31:53.876, 296.68, 100, 74232, 74
2026/07/28 20:31:54.913, 304.91, 100, 74232, 74
2026/07/28 20:31:55.948, 304.72, 100, 74232, 74
2026/07/28 20:31:56.985, 304.23, 100, 74232, 74
2026/07/28 20:31:58.021, 304.25, 100, 74232, 74
2026/07/28 20:31:59.057, 296.85, 100, 74232, 74
2026/07/28 20:32:00.094, 296.95, 100, 74232, 74
2026/07/28 20:32:01.131, 296.76, 100, 74232, 74
2026/07/28 20:32:02.167, 298.31, 100, 74232, 74
2026/07/28 20:32:03.205, 292.50, 100, 74232, 75
2026/07/28 20:32:04.313, 297.39, 100, 74232, 75
2026/07/28 20:32:05.347, 294.44, 100, 74232, 75
2026/07/28 20:32:06.381, 301.56, 100, 74232, 75
2026/07/28 20:32:07.414, 305.21, 100, 74232, 75
2026/07/28 20:32:08.447, 300.03, 100, 74232, 75
2026/07/28 20:32:09.485, 318.30, 100, 74232, 75
2026/07/28 20:32:10.521, 303.54, 100, 74232, 73
2026/07/28 20:32:11.558, 302.88, 100, 74232, 73
2026/07/28 20:32:12.595, 281.28, 100, 74232, 73
2026/07/28 20:32:13.632, 293.85, 100, 74232, 73
2026/07/28 20:32:14.668, 295.09, 100, 74232, 73
2026/07/28 20:32:15.705, 294.35, 100, 74232, 73
2026/07/28 20:32:16.741, 299.12, 100, 74232, 73
2026/07/28 20:32:17.777, 294.43, 100, 74232, 73
2026/07/28 20:32:18.816, 294.05, 100, 74232, 73
2026/07/28 20:32:19.854, 292.19, 100, 74232, 73
2026/07/28 20:32:20.889, 303.19, 100, 74232, 73
2026/07/28 20:32:21.926, 303.19, 100, 74232, 74
2026/07/28 20:32:22.962, 299.86, 100, 74232, 73
2026/07/28 20:32:23.999, 303.53, 100, 74232, 74
2026/07/28 20:32:25.035, 302.90, 100, 74232, 74
2026/07/28 20:32:26.072, 302.18, 100, 74232, 74
2026/07/28 20:32:27.109, 303.25, 100, 74232, 73
2026/07/28 20:32:28.146, 304.30, 100, 74232, 73
2026/07/28 20:32:29.182, 302.23, 100, 74232, 73
2026/07/28 20:32:30.219, 305.51, 100, 74232, 74
2026/07/28 20:32:31.255, 297.16, 100, 74232, 73
2026/07/28 20:32:32.292, 290.16, 100, 74232, 73
2026/07/28 20:32:33.330, 294.52, 100, 74232, 73
2026/07/28 20:32:34.366, 295.20, 100, 74232, 73
2026/07/28 20:32:35.401, 294.43, 100, 74232, 73
2026/07/28 20:32:36.436, 295.96, 100, 74232, 73
2026/07/28 20:32:37.472, 294.25, 100, 74232, 73
2026/07/28 20:32:38.511, 295.51, 100, 74232, 73
2026/07/28 20:32:39.548, 294.90, 100, 74232, 73
2026/07/28 20:32:40.584, 293.65, 100, 74232, 73
2026/07/28 20:32:41.620, 296.38, 100, 74232, 73
2026/07/28 20:32:42.656, 295.30, 100, 74232, 73
2026/07/28 20:32:43.694, 295.11, 100, 74232, 73
2026/07/28 20:32:44.731, 294.34, 100, 74232, 73
2026/07/28 20:32:45.771, 294.53, 100, 74232, 73
2026/07/28 20:32:46.808, 294.04, 100, 74232, 73
2026/07/28 20:32:47.845, 295.00, 100, 74232, 73
2026/07/28 20:32:48.882, 291.62, 100, 74232, 73
2026/07/28 20:32:49.920, 295.12, 100, 74232, 73
2026/07/28 20:32:50.957, 302.27, 100, 74232, 73
2026/07/28 20:32:51.993, 301.35, 100, 74232, 73
2026/07/28 20:32:53.030, 301.71, 100, 74232, 73
2026/07/28 20:32:54.068, 304.91, 100, 74232, 73
2026/07/28 20:32:55.106, 301.24, 100, 74232, 73
2026/07/28 20:32:56.142, 301.74, 100, 74232, 73
2026/07/28 20:32:57.179, 302.28, 100, 74232, 73
2026/07/28 20:32:58.217, 293.85, 100, 74232, 73
2026/07/28 20:32:59.253, 290.63, 100, 74232, 73
2026/07/28 20:33:00.290, 295.50, 100, 74232, 73
2026/07/28 20:33:01.328, 293.46, 100, 74232, 73
2026/07/28 20:33:02.365, 295.81, 100, 74232, 73
2026/07/28 20:33:03.402, 292.00, 100, 74232, 73
2026/07/28 20:33:04.439, 295.22, 100, 74232, 73
2026/07/28 20:33:05.475, 295.11, 100, 74232, 73
2026/07/28 20:33:06.513, 294.42, 100, 74232, 73
2026/07/28 20:33:07.550, 294.32, 100, 74232, 73
2026/07/28 20:33:08.586, 295.59, 100, 74232, 73
2026/07/28 20:33:09.622, 293.28, 100, 74232, 73
2026/07/28 20:33:10.658, 303.62, 100, 74232, 73
2026/07/28 20:33:11.695, 298.52, 100, 74232, 73
2026/07/28 20:33:12.731, 298.90, 100, 74232, 73
2026/07/28 20:33:13.768, 301.54, 100, 74232, 73
2026/07/28 20:33:14.804, 298.72, 100, 74232, 73
2026/07/28 20:33:15.840, 302.86, 100, 74232, 73
2026/07/28 20:33:16.877, 302.09, 100, 74232, 73
2026/07/28 20:33:17.913, 301.52, 100, 74232, 73
2026/07/28 20:33:18.953, 304.23, 100, 74232, 73
2026/07/28 20:33:19.990, 300.27, 100, 74232, 73
2026/07/28 20:33:21.026, 301.05, 100, 74232, 73
2026/07/28 20:33:22.063, 302.06, 100, 74232, 73
2026/07/28 20:33:23.099, 301.71, 100, 74232, 73
2026/07/28 20:33:24.138, 301.42, 100, 74232, 73
2026/07/28 20:33:25.174, 299.95, 100, 74232, 73
2026/07/28 20:33:26.210, 301.53, 100, 74232, 73
2026/07/28 20:33:27.247, 301.19, 100, 74232, 73
2026/07/28 20:33:28.284, 301.89, 100, 74232, 73
2026/07/28 20:33:29.320, 302.98, 100, 74232, 73
2026/07/28 20:33:30.356, 303.36, 100, 74232, 73
2026/07/28 20:33:31.392, 303.05, 100, 74232, 73
2026/07/28 20:33:32.435, 295.41, 100, 74232, 73
2026/07/28 20:33:33.474, 293.93, 100, 74232, 73
2026/07/28 20:33:34.511, 294.43, 100, 74232, 73
2026/07/28 20:33:35.548, 295.80, 100, 74232, 73
2026/07/28 20:33:36.586, 303.77, 100, 74232, 73
2026/07/28 20:33:37.622, 289.48, 100, 74232, 73
2026/07/28 20:33:38.659, 290.44, 100, 74232, 73
2026/07/28 20:33:39.699, 291.13, 100, 74232, 73
2026/07/28 20:33:40.736, 301.72, 100, 74232, 73
2026/07/28 20:33:41.772, 301.90, 100, 74232, 73
2026/07/28 20:33:42.809, 298.80, 100, 74232, 73
2026/07/28 20:33:43.846, 294.33, 100, 74232, 73
2026/07/28 20:33:44.883, 301.64, 100, 74232, 73
2026/07/28 20:33:45.919, 295.60, 100, 74232, 73
2026/07/28 20:33:46.957, 302.25, 100, 74232, 73
2026/07/28 20:33:47.993, 304.62, 100, 74232, 73
2026/07/28 20:33:49.029, 301.90, 100, 74232, 73
2026/07/28 20:33:50.065, 301.99, 100, 74232, 73
2026/07/28 20:33:51.103, 302.98, 100, 74232, 73
2026/07/28 20:33:52.139, 302.01, 100, 74232, 73
2026/07/28 20:33:53.176, 302.80, 100, 74232, 72
2026/07/28 20:33:54.208, 300.68, 100, 74232, 75
2026/07/28 20:33:55.245, 288.03, 100, 74232, 75
2026/07/28 20:33:56.279, 292.51, 100, 74232, 75
2026/07/28 20:33:57.317, 318.41, 100, 74232, 75
2026/07/28 20:33:58.353, 307.40, 100, 74232, 74
2026/07/28 20:33:59.387, 308.53, 100, 74232, 75
2026/07/28 20:34:00.420, 304.47, 100, 74232, 73
2026/07/28 20:34:01.456, 303.83, 100, 74232, 73
2026/07/28 20:34:02.492, 304.18, 100, 74232, 73
2026/07/28 20:34:03.528, 303.05, 100, 74232, 73
2026/07/28 20:34:04.566, 303.65, 100, 74232, 73
2026/07/28 20:34:05.603, 303.16, 100, 74232, 73
2026/07/28 20:34:06.640, 304.61, 100, 74232, 74
2026/07/28 20:34:07.677, 303.76, 100, 74232, 74
2026/07/28 20:34:08.713, 303.45, 100, 74232, 74
2026/07/28 20:34:09.752, 294.89, 100, 74232, 75
2026/07/28 20:34:10.785, 316.48, 100, 74232, 76
2026/07/28 20:34:11.819, 293.55, 100, 74232, 75
2026/07/28 20:34:12.852, 282.08, 100, 74232, 75
2026/07/28 20:34:13.886, 288.52, 100, 74232, 75
2026/07/28 20:34:14.919, 316.27, 100, 74232, 75
2026/07/28 20:34:15.953, 308.07, 100, 74232, 75
2026/07/28 20:34:16.989, 304.14, 100, 74232, 74
2026/07/28 20:34:18.025, 298.62, 100, 74232, 74
2026/07/28 20:34:19.062, 296.76, 100, 74232, 74
2026/07/28 20:34:20.097, 297.73, 100, 74232, 74
2026/07/28 20:34:21.132, 296.55, 100, 74232, 74
2026/07/28 20:34:22.170, 296.36, 100, 74232, 74
2026/07/28 20:34:23.206, 298.99, 100, 74232, 74
2026/07/28 20:34:24.243, 297.56, 100, 74232, 74
2026/07/28 20:34:25.279, 296.85, 100, 74232, 74
2026/07/28 20:34:26.321, 296.57, 100, 74232, 74
2026/07/28 20:34:27.357, 295.68, 100, 74232, 74
2026/07/28 20:34:28.394, 296.37, 100, 74232, 74
2026/07/28 20:34:29.431, 292.86, 100, 74232, 74
2026/07/28 20:34:30.468, 296.48, 100, 74232, 74
2026/07/28 20:34:31.504, 296.39, 100, 74232, 74
2026/07/28 20:34:32.543, 297.05, 100, 74232, 74
2026/07/28 20:34:33.580, 296.38, 100, 74232, 74
2026/07/28 20:34:34.617, 295.69, 100, 74232, 74
2026/07/28 20:34:35.653, 296.59, 100, 74232, 74
2026/07/28 20:34:36.689, 297.55, 100, 74232, 74
2026/07/28 20:34:37.725, 302.68, 100, 74232, 74
2026/07/28 20:34:38.762, 304.66, 100, 74232, 74
2026/07/28 20:34:39.799, 303.00, 100, 74232, 74
2026/07/28 20:34:40.836, 301.24, 100, 74232, 74
2026/07/28 20:34:41.872, 304.07, 100, 74232, 74
2026/07/28 20:34:42.908, 305.10, 100, 74232, 74
2026/07/28 20:34:43.946, 303.95, 100, 74232, 74
2026/07/28 20:34:44.982, 303.11, 100, 74232, 74
2026/07/28 20:34:46.019, 292.19, 100, 74232, 73
2026/07/28 20:34:47.055, 297.06, 100, 74232, 74
2026/07/28 20:34:48.093, 303.86, 100, 74232, 75
2026/07/28 20:34:49.126, 292.30, 100, 74232, 75
2026/07/28 20:34:50.162, 292.40, 100, 74232, 75
2026/07/28 20:34:51.196, 296.18, 100, 74232, 75
2026/07/28 20:34:52.233, 267.47, 100, 74232, 75
2026/07/28 20:34:53.267, 287.32, 100, 74232, 75
2026/07/28 20:34:54.303, 278.37, 100, 74232, 75
2026/07/28 20:34:55.336, 303.64, 100, 74232, 73
2026/07/28 20:34:56.373, 303.19, 100, 74232, 73
2026/07/28 20:34:57.409, 304.81, 100, 74232, 74
2026/07/28 20:34:58.445, 304.16, 100, 74232, 74
2026/07/28 20:34:59.484, 100.82, 0, 74232, 70
2026/07/28 20:35:00.516, 295.76, 100, 74232, 75
2026/07/28 20:35:01.553, 297.54, 100, 74232, 75
2026/07/28 20:35:02.587, 291.71, 100, 74232, 75
2026/07/28 20:35:03.620, 301.08, 100, 74232, 75
2026/07/28 20:35:04.655, 303.04, 100, 74232, 75
2026/07/28 20:35:05.694, 306.17, 100, 74232, 75
2026/07/28 20:35:06.728, 275.92, 100, 74232, 75
2026/07/28 20:35:07.763, 302.18, 100, 74232, 73
2026/07/28 20:35:08.800, 304.71, 100, 74232, 73
2026/07/28 20:35:09.837, 303.08, 100, 74232, 73
2026/07/28 20:35:10.875, 290.02, 100, 74232, 73
2026/07/28 20:35:11.912, 297.46, 86, 74232, 75
2026/07/28 20:35:12.950, 302.82, 100, 74232, 73
2026/07/28 20:35:13.986, 303.75, 100, 74232, 73
2026/07/28 20:35:15.023, 294.41, 100, 74232, 73
2026/07/28 20:35:16.060, 295.20, 100, 74232, 73
2026/07/28 20:35:17.098, 287.90, 100, 74232, 73
2026/07/28 20:35:18.135, 290.82, 100, 74232, 73
2026/07/28 20:35:19.172, 291.41, 100, 74232, 73
2026/07/28 20:35:20.208, 294.44, 100, 74232, 73
2026/07/28 20:35:21.245, 297.33, 100, 74232, 73
2026/07/28 20:35:22.283, 296.00, 100, 74232, 73
2026/07/28 20:35:23.319, 295.21, 100, 74232, 73
2026/07/28 20:35:24.356, 294.44, 100, 74232, 73
2026/07/28 20:35:25.393, 294.84, 100, 74232, 73
2026/07/28 20:35:26.433, 297.73, 100, 74232, 73
2026/07/28 20:35:27.471, 295.51, 100, 74232, 73
2026/07/28 20:35:28.508, 295.31, 100, 74232, 73
2026/07/28 20:35:29.545, 293.85, 100, 74232, 73
2026/07/28 20:35:30.584, 295.50, 100, 74232, 73
2026/07/28 20:35:31.621, 297.94, 100, 74232, 73
2026/07/28 20:35:32.657, 293.83, 100, 74232, 73
2026/07/28 20:35:33.694, 296.69, 100, 74232, 73
2026/07/28 20:35:34.730, 295.03, 100, 74232, 73
2026/07/28 20:35:35.771, 295.20, 100, 74232, 73
2026/07/28 20:35:36.812, 295.39, 100, 74232, 73
2026/07/28 20:35:37.847, 303.94, 100, 74232, 73
2026/07/28 20:35:38.883, 303.29, 100, 74232, 73
2026/07/28 20:35:39.919, 300.85, 100, 74232, 73
2026/07/28 20:35:40.956, 303.77, 100, 74232, 73
2026/07/28 20:35:41.994, 303.39, 100, 74232, 73
2026/07/28 20:35:43.031, 302.32, 100, 74232, 73
2026/07/28 20:35:44.067, 302.01, 100, 74232, 73
2026/07/28 20:35:45.106, 304.23, 100, 74232, 73
2026/07/28 20:35:46.143, 303.85, 100, 74232, 73
2026/07/28 20:35:47.180, 301.43, 100, 74232, 73
2026/07/28 20:35:48.217, 303.58, 100, 74232, 73
2026/07/28 20:35:49.253, 303.38, 100, 74232, 73
2026/07/28 20:35:50.290, 302.98, 100, 74232, 73
2026/07/28 20:35:51.327, 299.17, 100, 74232, 73
2026/07/28 20:35:52.364, 303.21, 100, 74232, 73
2026/07/28 20:35:53.401, 297.73, 100, 74232, 73
2026/07/28 20:35:54.440, 297.54, 100, 74232, 73
2026/07/28 20:35:55.476, 296.27, 100, 74232, 73
2026/07/28 20:35:56.515, 296.20, 100, 74232, 73
2026/07/28 20:35:57.551, 294.92, 100, 74232, 73
2026/07/28 20:35:58.588, 294.63, 100, 74232, 73
2026/07/28 20:35:59.625, 298.11, 100, 74232, 73
2026/07/28 20:36:00.661, 295.03, 100, 74232, 73
2026/07/28 20:36:01.697, 303.26, 100, 74232, 73
2026/07/28 20:36:02.733, 304.81, 100, 74232, 73
2026/07/28 20:36:03.770, 301.89, 100, 74232, 73
2026/07/28 20:36:04.806, 301.90, 100, 74232, 73
2026/07/28 20:36:05.844, 302.76, 100, 74232, 73
2026/07/28 20:36:06.881, 301.73, 100, 74232, 73
2026/07/28 20:36:07.917, 301.73, 100, 74232, 73
2026/07/28 20:36:08.952, 303.25, 100, 74232, 73
2026/07/28 20:36:09.988, 303.39, 100, 74232, 73
2026/07/28 20:36:11.024, 295.01, 100, 74232, 73
2026/07/28 20:36:12.061, 301.31, 100, 74232, 73
2026/07/28 20:36:13.100, 295.71, 100, 74232, 73
2026/07/28 20:36:14.137, 294.82, 100, 74232, 73
2026/07/28 20:36:15.175, 294.79, 100, 74232, 73
2026/07/28 20:36:16.213, 296.97, 100, 74232, 73
2026/07/28 20:36:17.249, 290.16, 100, 74232, 73
2026/07/28 20:36:18.288, 294.14, 100, 74232, 73
2026/07/28 20:36:19.326, 297.05, 100, 74232, 73
2026/07/28 20:36:20.364, 294.34, 100, 74232, 73
2026/07/28 20:36:21.402, 294.22, 100, 74232, 73
2026/07/28 20:36:22.440, 292.77, 100, 74232, 73
2026/07/28 20:36:23.477, 296.37, 100, 74232, 73
2026/07/28 20:36:24.518, 302.88, 100, 74232, 73
2026/07/28 20:36:25.558, 297.44, 100, 74232, 73
2026/07/28 20:36:26.595, 298.79, 100, 74232, 73
2026/07/28 20:36:27.633, 302.19, 100, 74232, 73
2026/07/28 20:36:28.672, 303.85, 100, 74232, 73
2026/07/28 20:36:29.709, 300.95, 100, 74232, 73
2026/07/28 20:36:30.746, 301.02, 100, 74232, 73
2026/07/28 20:36:31.783, 304.03, 100, 74232, 73
2026/07/28 20:36:32.820, 303.06, 100, 74232, 73
2026/07/28 20:36:33.856, 299.60, 100, 74232, 73
2026/07/28 20:36:34.895, 298.51, 100, 74232, 73
2026/07/28 20:36:35.932, 295.10, 100, 74232, 73
2026/07/28 20:36:36.970, 296.17, 100, 74232, 73
2026/07/28 20:36:38.007, 296.17, 100, 74232, 73
2026/07/28 20:36:39.043, 295.02, 100, 74232, 73
2026/07/28 20:36:40.079, 294.04, 100, 74232, 73
2026/07/28 20:36:41.116, 293.44, 100, 74232, 73
2026/07/28 20:36:42.151, 295.19, 100, 74232, 73
2026/07/28 20:36:43.188, 294.35, 100, 74232, 73
2026/07/28 20:36:44.225, 303.16, 100, 74232, 73
2026/07/28 20:36:45.263, 299.69, 100, 74232, 73
2026/07/28 20:36:46.302, 301.43, 100, 74232, 73
2026/07/28 20:36:47.338, 295.49, 100, 74232, 73
2026/07/28 20:36:48.375, 294.74, 100, 74232, 73
2026/07/28 20:36:49.412, 294.32, 100, 74232, 73
2026/07/28 20:36:50.450, 299.48, 100, 74232, 73
2026/07/28 20:36:51.486, 301.31, 100, 74232, 73
2026/07/28 20:36:52.524, 302.11, 100, 74232, 73
2026/07/28 20:36:53.559, 302.96, 100, 74232, 73
2026/07/28 20:36:54.600, 279.79, 100, 74232, 75
2026/07/28 20:36:55.635, 281.00, 100, 74232, 75
2026/07/28 20:36:56.677, 305.75, 100, 74232, 75
2026/07/28 20:36:57.710, 292.67, 100, 74232, 75
2026/07/28 20:36:58.744, 283.50, 100, 74232, 75
2026/07/28 20:36:59.777, 303.00, 100, 74232, 73
2026/07/28 20:37:00.815, 301.70, 100, 74232, 73
2026/07/28 20:37:01.852, 304.71, 100, 74232, 73
2026/07/28 20:37:02.889, 303.64, 100, 74232, 73
2026/07/28 20:37:03.926, 302.80, 100, 74232, 73
2026/07/28 20:37:04.964, 306.68, 90, 74232, 75
2026/07/28 20:37:05.998, 291.21, 100, 74232, 75
2026/07/28 20:37:07.032, 287.65, 100, 74232, 75
2026/07/28 20:37:08.065, 309.45, 100, 74232, 75
2026/07/28 20:37:09.098, 276.65, 100, 74232, 75
2026/07/28 20:37:10.131, 318.24, 100, 74232, 75
2026/07/28 20:37:11.167, 302.58, 100, 74232, 74
2026/07/28 20:37:12.204, 305.42, 100, 74232, 74
2026/07/28 20:37:13.241, 303.59, 100, 74232, 74
2026/07/28 20:37:14.276, 303.68, 100, 74232, 74
2026/07/28 20:37:15.313, 305.09, 100, 74232, 74
2026/07/28 20:37:16.351, 296.39, 100, 74232, 74
2026/07/28 20:37:17.388, 292.89, 100, 74232, 74
2026/07/28 20:37:18.429, 295.87, 100, 74232, 74
2026/07/28 20:37:19.465, 296.65, 100, 74232, 74
2026/07/28 20:37:20.502, 297.14, 100, 74232, 74
2026/07/28 20:37:21.539, 298.92, 100, 74232, 74
2026/07/28 20:37:22.576, 100.63, 0, 74232, 70
2026/07/28 20:37:23.608, 271.12, 100, 74232, 75
2026/07/28 20:37:24.644, 292.48, 100, 74232, 75
2026/07/28 20:37:25.678, 280.24, 100, 74232, 75
2026/07/28 20:37:26.712, 313.09, 100, 74232, 75
2026/07/28 20:37:27.746, 279.46, 100, 74232, 75
2026/07/28 20:37:28.782, 302.12, 100, 74232, 73
2026/07/28 20:37:29.819, 304.46, 100, 74232, 73
2026/07/28 20:37:30.856, 303.74, 100, 74232, 73
2026/07/28 20:37:31.893, 299.56, 100, 74232, 73
2026/07/28 20:37:32.929, 302.38, 100, 74232, 73
2026/07/28 20:37:33.966, 303.64, 100, 74232, 73
2026/07/28 20:37:35.003, 304.46, 100, 74232, 74
2026/07/28 20:37:36.041, 304.42, 100, 74232, 74
2026/07/28 20:37:37.077, 303.54, 100, 74232, 74
2026/07/28 20:37:38.113, 303.37, 100, 74232, 74
2026/07/28 20:37:39.150, 304.39, 100, 74232, 74
2026/07/28 20:37:40.187, 296.46, 100, 74232, 74
2026/07/28 20:37:41.222, 293.74, 100, 74232, 73
2026/07/28 20:37:42.259, 297.72, 100, 74232, 73
2026/07/28 20:37:43.295, 295.20, 100, 74232, 73
2026/07/28 20:37:44.330, 296.86, 100, 74232, 73
2026/07/28 20:37:45.368, 297.65, 100, 74232, 73
2026/07/28 20:37:46.408, 295.49, 100, 74232, 73
2026/07/28 20:37:47.446, 295.70, 100, 74232, 73
2026/07/28 20:37:48.481, 296.67, 100, 74232, 73
2026/07/28 20:37:49.517, 295.78, 100, 74232, 73
2026/07/28 20:37:50.554, 295.02, 100, 74232, 73
2026/07/28 20:37:51.590, 100.19, 0, 74232, 70
2026/07/28 20:37:52.624, 294.03, 100, 74232, 75
2026/07/28 20:37:53.659, 292.86, 100, 74232, 75
2026/07/28 20:37:54.692, 280.18, 100, 74232, 75
2026/07/28 20:37:55.729, 282.84, 100, 74232, 75
2026/07/28 20:37:56.763, 302.69, 100, 74232, 75
2026/07/28 20:37:57.796, 310.15, 100, 74232, 74
2026/07/28 20:37:58.830, 288.40, 100, 74232, 73
2026/07/28 20:37:59.868, 285.09, 100, 74232, 73
2026/07/28 20:38:00.909, 287.52, 100, 74232, 73
2026/07/28 20:38:01.944, 295.70, 100, 74232, 73
2026/07/28 20:38:02.983, 297.42, 100, 74232, 73
2026/07/28 20:38:04.020, 295.31, 100, 74232, 73
2026/07/28 20:38:05.056, 296.78, 100, 74232, 73
2026/07/28 20:38:06.092, 296.59, 100, 74232, 73
2026/07/28 20:38:07.128, 296.08, 100, 74232, 74
2026/07/28 20:38:08.164, 301.62, 100, 74232, 74
2026/07/28 20:38:09.202, 303.26, 100, 74232, 74
2026/07/28 20:38:10.238, 299.66, 100, 74232, 74
2026/07/28 20:38:11.275, 304.16, 100, 74232, 74
2026/07/28 20:38:12.312, 304.43, 100, 74232, 74
2026/07/28 20:38:13.349, 304.12, 100, 74232, 74
2026/07/28 20:38:14.387, 304.70, 100, 74232, 74
2026/07/28 20:38:15.422, 296.37, 100, 74232, 74
2026/07/28 20:38:16.459, 297.14, 100, 74232, 74
2026/07/28 20:38:17.495, 302.52, 100, 74232, 74
2026/07/28 20:38:18.539, 297.14, 100, 74232, 74
2026/07/28 20:38:19.576, 297.06, 100, 74232, 74
2026/07/28 20:38:20.612, 296.18, 100, 74232, 74
2026/07/28 20:38:21.650, 296.84, 100, 74232, 73
2026/07/28 20:38:22.687, 295.98, 100, 74232, 73
2026/07/28 20:38:23.725, 100.47, 0, 74232, 70
2026/07/28 20:38:24.757, 296.93, 100, 74232, 75
2026/07/28 20:38:25.792, 294.75, 100, 74232, 75
2026/07/28 20:38:26.825, 288.41, 100, 74232, 75
2026/07/28 20:38:27.858, 281.28, 100, 74232, 75
2026/07/28 20:38:28.892, 280.72, 100, 74232, 75
2026/07/28 20:38:29.926, 301.53, 100, 74232, 75
2026/07/28 20:38:30.967, 302.56, 100, 74232, 73
2026/07/28 20:38:32.004, 302.71, 100, 74232, 73
2026/07/28 20:38:33.042, 303.11, 100, 74232, 73
2026/07/28 20:38:34.079, 304.75, 100, 74232, 73
2026/07/28 20:38:35.116, 303.07, 100, 74232, 73
2026/07/28 20:38:36.152, 301.25, 100, 74232, 74
2026/07/28 20:38:37.189, 297.06, 100, 74232, 74
2026/07/28 20:38:38.226, 300.57, 100, 74232, 74
2026/07/28 20:38:39.262, 297.05, 100, 74232, 74
2026/07/28 20:38:40.299, 295.99, 100, 74232, 74
2026/07/28 20:38:41.335, 297.71, 100, 74232, 74
2026/07/28 20:38:42.373, 100.70, 0, 74232, 71
2026/07/28 20:38:43.406, 300.83, 100, 74232, 75
2026/07/28 20:38:44.440, 300.90, 100, 74232, 75
2026/07/28 20:38:45.477, 307.89, 100, 74232, 75
2026/07/28 20:38:46.511, 304.10, 100, 74232, 75
2026/07/28 20:38:47.545, 290.25, 100, 74232, 75
2026/07/28 20:38:48.579, 304.92, 100, 74232, 75
2026/07/28 20:38:49.614, 302.48, 100, 74232, 74
2026/07/28 20:38:50.653, 305.61, 100, 74232, 74
2026/07/28 20:38:51.690, 303.88, 100, 74232, 74
2026/07/28 20:38:52.728, 304.23, 100, 74232, 74
2026/07/28 20:38:53.764, 305.90, 100, 74232, 74
2026/07/28 20:38:54.802, 303.45, 100, 74232, 74
2026/07/28 20:38:55.840, 304.03, 100, 74232, 74
2026/07/28 20:38:56.877, 301.44, 100, 74232, 74
2026/07/28 20:38:57.914, 303.55, 100, 74232, 74
2026/07/28 20:38:58.951, 295.98, 100, 74232, 74
2026/07/28 20:38:59.988, 102.11, 29, 74232, 71
2026/07/28 20:39:01.020, 295.88, 100, 74232, 75
2026/07/28 20:39:02.057, 299.97, 100, 74232, 75
2026/07/28 20:39:03.093, 297.14, 100, 74232, 75
2026/07/28 20:39:04.127, 281.10, 100, 74232, 75
2026/07/28 20:39:05.160, 302.30, 100, 74232, 75
2026/07/28 20:39:06.194, 297.58, 100, 74232, 75
2026/07/28 20:39:07.228, 291.61, 100, 74232, 74
2026/07/28 20:39:08.265, 294.45, 100, 74232, 73
2026/07/28 20:39:09.303, 292.88, 100, 74232, 74
2026/07/28 20:39:10.342, 298.02, 100, 74232, 74
2026/07/28 20:39:11.382, 305.59, 100, 74232, 74
2026/07/28 20:39:12.418, 297.25, 100, 74232, 74
2026/07/28 20:39:13.456, 296.47, 100, 74232, 74
2026/07/28 20:39:14.492, 292.78, 100, 74232, 74
2026/07/28 20:39:15.530, 296.94, 100, 74232, 74
2026/07/28 20:39:16.568, 296.57, 100, 74232, 74
2026/07/28 20:39:17.611, 297.17, 100, 74232, 74
2026/07/28 20:39:18.649, 297.45, 100, 74232, 74
2026/07/28 20:39:19.687, 297.55, 100, 74232, 74
2026/07/28 20:39:20.726, 293.46, 3, 74232, 74
2026/07/28 20:39:21.763, 294.89, 100, 74232, 75
2026/07/28 20:39:22.799, 293.93, 100, 74232, 75
2026/07/28 20:39:23.833, 285.64, 100, 74232, 75
2026/07/28 20:39:24.867, 322.91, 100, 74232, 75
2026/07/28 20:39:25.902, 281.92, 100, 74232, 75
2026/07/28 20:39:26.945, 324.23, 100, 74232, 75
2026/07/28 20:39:27.981, 304.32, 100, 74232, 73
2026/07/28 20:39:29.018, 304.26, 100, 74232, 73
2026/07/28 20:39:30.056, 301.13, 100, 74232, 73
2026/07/28 20:39:31.092, 305.19, 100, 74232, 74
2026/07/28 20:39:32.129, 304.12, 100, 74232, 74
2026/07/28 20:39:33.165, 304.25, 100, 74232, 74
2026/07/28 20:39:34.202, 303.83, 100, 74232, 74
2026/07/28 20:39:35.239, 300.65, 100, 74232, 74
2026/07/28 20:39:36.279, 297.46, 100, 74232, 74
2026/07/28 20:39:37.316, 301.33, 100, 74232, 74
2026/07/28 20:39:38.352, 302.77, 100, 74232, 74
2026/07/28 20:39:39.393, 296.58, 100, 74232, 74
2026/07/28 20:39:40.431, 298.61, 100, 74232, 74
2026/07/28 20:39:41.468, 300.47, 100, 74232, 74
2026/07/28 20:39:42.507, 303.95, 100, 74232, 74
2026/07/28 20:39:43.543, 303.78, 100, 74232, 74
2026/07/28 20:39:44.580, 304.29, 100, 74232, 74
2026/07/28 20:39:45.616, 298.12, 100, 74232, 74
2026/07/28 20:39:46.652, 297.81, 100, 74232, 74
2026/07/28 20:39:47.689, 297.64, 100, 74232, 74
2026/07/28 20:39:48.725, 296.17, 100, 74232, 74
2026/07/28 20:39:49.762, 296.39, 100, 74232, 74
2026/07/28 20:39:50.799, 296.67, 100, 74232, 74
2026/07/28 20:39:51.835, 303.68, 100, 74232, 73
2026/07/28 20:39:52.873, 300.71, 100, 74232, 75
2026/07/28 20:39:53.906, 290.80, 100, 74232, 75
2026/07/28 20:39:54.943, 302.24, 100, 74232, 75
2026/07/28 20:39:55.978, 300.73, 100, 74232, 75
2026/07/28 20:39:57.014, 278.90, 100, 74232, 75
2026/07/28 20:39:58.048, 263.42, 100, 74232, 75
2026/07/28 20:39:59.081, 287.54, 100, 74232, 75
2026/07/28 20:40:00.116, 303.15, 100, 74232, 73
2026/07/28 20:40:01.154, 303.48, 100, 74232, 73
2026/07/28 20:40:02.191, 304.45, 100, 74232, 73
2026/07/28 20:40:03.227, 303.74, 100, 74232, 73
2026/07/28 20:40:04.264, 303.29, 100, 74232, 73
2026/07/28 20:40:05.300, 304.92, 100, 74232, 74
2026/07/28 20:40:06.338, 292.48, 100, 74232, 73
2026/07/28 20:40:07.375, 296.08, 100, 74232, 74
2026/07/28 20:40:08.413, 292.88, 100, 74232, 73
2026/07/28 20:40:09.449, 295.51, 100, 74232, 74
2026/07/28 20:40:10.485, 285.68, 100, 74232, 73
2026/07/28 20:40:11.523, 285.94, 100, 74232, 73
2026/07/28 20:40:12.560, 296.47, 100, 74232, 74
2026/07/28 20:40:13.598, 296.69, 100, 74232, 74
2026/07/28 20:40:14.634, 296.49, 100, 74232, 74
2026/07/28 20:40:15.671, 99.87, 0, 74232, 70
2026/07/28 20:40:16.703, 99.12, 0, 74232, 69
2026/07/28 20:40:17.735, 98.22, 0, 74232, 69
2026/07/28 20:40:18.766, 96.45, 0, 74232, 68
2026/07/28 20:40:19.798, 95.74, 0, 74232, 68
2026/07/28 20:40:20.830, 95.96, 0, 74232, 67
2026/07/28 20:40:21.861, 95.47, 0, 74232, 67
2026/07/28 20:40:22.892, 95.08, 0, 74232, 66
2026/07/28 20:40:23.923, 93.29, 0, 74232, 66
2026/07/28 20:40:24.955, 93.07, 0, 74232, 65
2026/07/28 20:40:25.986, 93.42, 0, 74232, 65
2026/07/28 20:40:27.016, 93.00, 0, 74232, 65
2026/07/28 20:40:28.050, 91.45, 0, 74232, 64
2026/07/28 20:40:29.081, 91.27, 0, 74232, 64
2026/07/28 20:40:30.111, 91.69, 0, 74232, 64
2026/07/28 20:40:31.142, 90.57, 0, 74232, 63
2026/07/28 20:40:32.173, 89.39, 0, 74232, 63
2026/07/28 20:40:33.203, 89.21, 0, 74232, 63
2026/07/28 20:40:34.233, 87.80, 0, 74232, 63
2026/07/28 20:40:35.264, 87.91, 0, 74232, 62
2026/07/28 20:40:36.294, 87.17, 0, 74232, 62
2026/07/28 20:40:37.324, 87.33, 0, 74232, 62
2026/07/28 20:40:38.355, 86.92, 0, 74232, 61
2026/07/28 20:40:39.385, 86.83, 0, 74232, 61
2026/07/28 20:40:40.416, 86.47, 0, 74232, 61
2026/07/28 20:40:41.446, 87.04, 0, 74232, 61
2026/07/28 20:40:42.478, 85.93, 0, 74232, 60
2026/07/28 20:40:43.508, 85.26, 0, 74232, 60
2026/07/28 20:40:44.540, 303.57, 100, 74232, 65
2026/07/28 20:40:45.616, 301.37, 100, 74232, 66
2026/07/28 20:40:46.651, 285.22, 100, 74232, 66
2026/07/28 20:40:47.685, 310.49, 100, 74232, 66
2026/07/28 20:40:48.720, 298.13, 100, 74232, 65
2026/07/28 20:40:49.758, 295.69, 100, 74232, 65
2026/07/28 20:40:50.795, 299.96, 100, 74232, 66
2026/07/28 20:40:51.833, 300.47, 100, 74232, 66
2026/07/28 20:40:52.871, 301.70, 100, 74232, 66
2026/07/28 20:40:53.908, 298.03, 100, 74232, 66
2026/07/28 20:40:54.946, 299.00, 100, 74232, 68
2026/07/28 20:40:55.981, 299.59, 100, 74232, 68
2026/07/28 20:40:57.016, 305.49, 100, 74232, 69
2026/07/28 20:40:58.051, 299.33, 100, 74232, 69
2026/07/28 20:40:59.089, 307.15, 100, 74232, 68
2026/07/28 20:41:00.127, 294.70, 100, 74232, 68
2026/07/28 20:41:01.163, 296.09, 100, 74232, 68
2026/07/28 20:41:02.200, 297.31, 100, 74232, 68
2026/07/28 20:41:03.237, 297.05, 100, 74232, 68
2026/07/28 20:41:04.274, 294.62, 100, 74232, 70
2026/07/28 20:41:05.341, 300.67, 100, 74232, 70
2026/07/28 20:41:06.376, 304.71, 100, 74232, 71
2026/07/28 20:41:07.415, 313.45, 100, 74232, 71
2026/07/28 20:41:08.449, 305.49, 100, 74232, 71
2026/07/28 20:41:09.490, 296.56, 100, 74232, 69
2026/07/28 20:41:10.530, 298.73, 100, 74232, 70
2026/07/28 20:41:11.566, 298.52, 100, 74232, 70
2026/07/28 20:41:12.606, 291.21, 100, 74232, 70
2026/07/28 20:41:13.642, 287.43, 100, 74232, 70
2026/07/28 20:41:14.681, 290.83, 100, 74232, 70
2026/07/28 20:41:15.717, 290.54, 100, 74232, 70
2026/07/28 20:41:16.756, 290.53, 100, 74232, 70
2026/07/28 20:41:17.791, 290.93, 100, 74232, 71
2026/07/28 20:41:18.829, 291.13, 100, 74232, 71
2026/07/28 20:41:19.867, 290.55, 100, 74232, 71
2026/07/28 20:41:20.905, 298.03, 100, 74232, 71
2026/07/28 20:41:21.944, 292.97, 100, 74232, 71
2026/07/28 20:41:22.982, 292.39, 100, 74232, 71
2026/07/28 20:41:24.019, 97.22, 28, 74232, 69
2026/07/28 20:41:25.052, 296.66, 100, 74232, 73
2026/07/28 20:41:26.090, 284.52, 100, 74232, 73
2026/07/28 20:41:27.126, 303.74, 100, 74232, 73
2026/07/28 20:41:28.159, 287.51, 100, 74232, 73
2026/07/28 20:41:29.193, 303.34, 100, 74232, 73
2026/07/28 20:41:30.228, 300.73, 100, 74232, 71
2026/07/28 20:41:31.265, 299.67, 100, 74232, 71
2026/07/28 20:41:32.302, 299.88, 100, 74232, 72
2026/07/28 20:41:33.340, 299.42, 100, 74232, 72
2026/07/28 20:41:34.378, 298.21, 100, 74232, 73
2026/07/28 20:41:35.413, 300.71, 100, 74232, 73
2026/07/28 20:41:36.447, 323.17, 100, 74232, 74
2026/07/28 20:41:37.481, 307.59, 100, 74232, 74
2026/07/28 20:41:38.518, 251.45, 100, 74232, 72
2026/07/28 20:41:39.563, 292.98, 100, 74232, 72
2026/07/28 20:41:40.599, 292.87, 100, 74232, 72
2026/07/28 20:41:41.635, 294.05, 100, 74232, 72
2026/07/28 20:41:42.673, 295.50, 100, 74232, 72
2026/07/28 20:41:43.712, 294.98, 100, 74232, 72
2026/07/28 20:41:44.750, 301.05, 100, 74232, 73
2026/07/28 20:41:45.787, 303.08, 100, 74232, 73
2026/07/28 20:41:46.824, 305.39, 100, 74232, 73
2026/07/28 20:41:47.861, 302.27, 100, 74232, 73
2026/07/28 20:41:48.897, 293.93, 100, 74232, 73
2026/07/28 20:41:49.933, 99.64, 55, 74232, 70
2026/07/28 20:41:50.966, 300.72, 100, 74232, 74
2026/07/28 20:41:52.001, 305.11, 100, 74232, 74
2026/07/28 20:41:53.034, 293.37, 100, 74232, 74
2026/07/28 20:41:54.067, 301.61, 100, 74232, 74
2026/07/28 20:41:55.104, 312.54, 100, 74232, 74
2026/07/28 20:41:56.137, 301.83, 100, 74232, 73
2026/07/28 20:41:57.173, 301.81, 100, 74232, 73
2026/07/28 20:41:58.211, 303.65, 100, 74232, 73
2026/07/28 20:41:59.248, 302.18, 100, 74232, 73
2026/07/28 20:42:00.285, 302.22, 100, 74232, 73
2026/07/28 20:42:01.322, 98.98, 0, 74232, 71
2026/07/28 20:42:02.356, 289.08, 100, 74232, 74
2026/07/28 20:42:03.392, 289.22, 100, 74232, 74
2026/07/28 20:42:04.425, 296.54, 100, 74232, 74
2026/07/28 20:42:05.462, 303.69, 100, 74232, 75
2026/07/28 20:42:06.498, 250.77, 100, 74232, 73
2026/07/28 20:42:07.538, 286.75, 100, 74232, 73
2026/07/28 20:42:08.575, 288.12, 100, 74232, 73
2026/07/28 20:42:09.617, 288.41, 100, 74232, 73
2026/07/28 20:42:10.654, 295.41, 100, 74232, 73
2026/07/28 20:42:11.691, 294.44, 100, 74232, 73
2026/07/28 20:42:12.729, 295.00, 100, 74232, 73
2026/07/28 20:42:13.771, 292.98, 100, 74232, 75
2026/07/28 20:42:14.805, 295.37, 100, 74232, 75
2026/07/28 20:42:15.839, 312.88, 100, 74232, 75
2026/07/28 20:42:16.873, 287.62, 100, 74232, 75
2026/07/28 20:42:17.912, 300.23, 100, 74232, 75
2026/07/28 20:42:18.945, 304.99, 100, 74232, 74
2026/07/28 20:42:19.981, 305.77, 100, 74232, 74
2026/07/28 20:42:21.018, 303.24, 100, 74232, 74
2026/07/28 20:42:22.053, 296.49, 100, 74232, 74
2026/07/28 20:42:23.092, 297.63, 100, 74232, 74
2026/07/28 20:42:24.127, 296.57, 100, 74232, 74
2026/07/28 20:42:25.167, 292.66, 100, 74232, 74
2026/07/28 20:42:26.204, 297.65, 100, 74232, 74
2026/07/28 20:42:27.241, 296.85, 100, 74232, 74
2026/07/28 20:42:28.279, 296.08, 100, 74232, 74
2026/07/28 20:42:29.315, 296.57, 100, 74232, 74
2026/07/28 20:42:30.352, 298.11, 100, 74232, 74
2026/07/28 20:42:31.389, 296.58, 100, 74232, 74
2026/07/28 20:42:32.427, 296.36, 100, 74232, 74
2026/07/28 20:42:33.465, 299.11, 100, 74232, 74
2026/07/28 20:42:34.503, 296.46, 100, 74232, 74
2026/07/28 20:42:35.542, 303.15, 100, 74232, 74
2026/07/28 20:42:36.579, 304.23, 100, 74232, 74
2026/07/28 20:42:37.615, 304.90, 100, 74232, 74
2026/07/28 20:42:38.653, 304.42, 100, 74232, 74
2026/07/28 20:42:39.690, 305.81, 100, 74232, 74
2026/07/28 20:42:40.727, 292.48, 100, 74232, 74
2026/07/28 20:42:41.762, 296.00, 100, 74232, 74
2026/07/28 20:42:42.800, 293.07, 100, 74232, 72
2026/07/28 20:42:43.833, 299.94, 100, 74232, 75
2026/07/28 20:42:44.867, 294.96, 100, 74232, 75
2026/07/28 20:42:45.903, 294.29, 100, 74232, 75
2026/07/28 20:42:46.938, 320.17, 100, 74232, 75
2026/07/28 20:42:47.974, 262.49, 100, 74232, 75
2026/07/28 20:42:49.010, 284.51, 100, 74232, 73
2026/07/28 20:42:50.048, 287.23, 100, 74232, 73
2026/07/28 20:42:51.086, 289.57, 100, 74232, 73
2026/07/28 20:42:52.125, 295.00, 100, 74232, 73
2026/07/28 20:42:53.161, 97.93, 94, 74232, 71
2026/07/28 20:42:54.194, 295.87, 100, 74232, 75
2026/07/28 20:42:55.230, 295.89, 100, 74232, 75
2026/07/28 20:42:56.265, 304.40, 100, 74232, 75
2026/07/28 20:42:57.300, 309.85, 100, 74232, 75
2026/07/28 20:42:58.335, 302.78, 100, 74232, 75
2026/07/28 20:42:59.374, 292.49, 100, 74232, 73
2026/07/28 20:43:00.411, 287.91, 100, 74232, 73
2026/07/28 20:43:01.447, 287.16, 100, 74232, 73
2026/07/28 20:43:02.484, 287.32, 100, 74232, 73
2026/07/28 20:43:03.522, 100.46, 0, 74232, 71
2026/07/28 20:43:04.573, 299.98, 100, 74232, 75
2026/07/28 20:43:05.607, 291.62, 100, 74232, 75
2026/07/28 20:43:06.641, 285.00, 100, 74232, 75
2026/07/28 20:43:07.675, 289.17, 100, 74232, 75
2026/07/28 20:43:08.711, 277.72, 100, 74232, 75
2026/07/28 20:43:09.746, 298.91, 100, 74232, 73
2026/07/28 20:43:10.785, 294.72, 100, 74232, 73
2026/07/28 20:43:11.823, 296.39, 100, 74232, 73
2026/07/28 20:43:12.864, 302.19, 100, 74232, 73
2026/07/28 20:43:13.902, 100.08, 0, 74232, 70
2026/07/28 20:43:14.935, 290.52, 100, 74232, 75
2026/07/28 20:43:15.969, 297.94, 100, 74232, 75
2026/07/28 20:43:17.003, 273.74, 100, 74232, 75
2026/07/28 20:43:18.038, 317.32, 100, 74232, 75
2026/07/28 20:43:19.078, 306.88, 100, 74232, 75
2026/07/28 20:43:20.117, 302.99, 100, 74232, 74
2026/07/28 20:43:21.153, 307.43, 100, 74232, 74
2026/07/28 20:43:22.190, 300.96, 100, 74232, 74
2026/07/28 20:43:23.226, 305.71, 100, 74232, 74
2026/07/28 20:43:24.264, 101.35, 0, 74232, 71
2026/07/28 20:43:25.298, 303.82, 100, 74232, 75
2026/07/28 20:43:26.332, 293.14, 100, 74232, 75
2026/07/28 20:43:27.365, 298.87, 100, 74232, 75
2026/07/28 20:43:28.399, 282.16, 100, 74232, 76
2026/07/28 20:43:29.440, 303.22, 100, 74232, 75
2026/07/28 20:43:30.473, 320.42, 100, 74232, 75
2026/07/28 20:43:31.508, 295.48, 100, 74232, 74
2026/07/28 20:43:32.547, 287.03, 100, 74232, 74
2026/07/28 20:43:33.583, 289.28, 100, 74232, 74
2026/07/28 20:43:34.619, 101.45, 0, 74232, 71
2026/07/28 20:43:35.651, 301.40, 100, 74232, 75
2026/07/28 20:43:36.685, 312.32, 100, 74232, 76
2026/07/28 20:43:37.720, 315.26, 100, 74232, 76
2026/07/28 20:43:38.753, 291.60, 100, 74232, 75
2026/07/28 20:43:39.787, 293.96, 100, 74232, 75
2026/07/28 20:43:40.820, 300.29, 100, 74232, 75
2026/07/28 20:43:41.854, 304.24, 100, 74232, 74
2026/07/28 20:43:42.891, 304.95, 100, 74232, 74
2026/07/28 20:43:43.927, 305.33, 100, 74232, 74
2026/07/28 20:43:44.965, 288.19, 100, 74232, 74
2026/07/28 20:43:46.001, 291.13, 100, 74232, 74
2026/07/28 20:43:47.040, 287.81, 100, 74232, 74
2026/07/28 20:43:48.079, 296.75, 100, 74232, 74
2026/07/28 20:43:49.116, 299.95, 100, 74232, 74
2026/07/28 20:43:50.153, 296.96, 100, 74232, 74
2026/07/28 20:43:51.189, 299.68, 100, 74232, 74
2026/07/28 20:43:52.228, 297.06, 100, 74232, 74
2026/07/28 20:43:53.264, 296.28, 100, 74232, 74
2026/07/28 20:43:54.300, 297.52, 100, 74232, 74
2026/07/28 20:43:55.338, 297.74, 100, 74232, 74
2026/07/28 20:43:56.373, 297.73, 100, 74232, 74
2026/07/28 20:43:57.410, 300.55, 100, 74232, 74
2026/07/28 20:43:58.447, 298.39, 100, 74232, 74
2026/07/28 20:43:59.487, 296.58, 100, 74232, 74
2026/07/28 20:44:00.523, 297.35, 100, 74232, 74
2026/07/28 20:44:01.561, 304.24, 100, 74232, 74
2026/07/28 20:44:02.599, 296.48, 100, 74232, 74
2026/07/28 20:44:03.636, 301.26, 100, 74232, 74
2026/07/28 20:44:04.675, 303.84, 100, 74232, 74
2026/07/28 20:44:05.712, 304.36, 100, 74232, 74
2026/07/28 20:44:06.751, 306.27, 100, 74232, 74
2026/07/28 20:44:07.786, 303.88, 100, 74232, 74
2026/07/28 20:44:08.822, 304.94, 100, 74232, 74
2026/07/28 20:44:09.858, 303.75, 100, 74232, 74
2026/07/28 20:44:10.895, 305.13, 100, 74232, 74
2026/07/28 20:44:11.932, 304.43, 100, 74232, 74
2026/07/28 20:44:12.970, 296.57, 100, 74232, 74
2026/07/28 20:44:14.007, 298.10, 100, 74232, 74
2026/07/28 20:44:15.043, 297.16, 100, 74232, 74
2026/07/28 20:44:16.080, 296.56, 100, 74232, 74
2026/07/28 20:44:17.117, 296.29, 100, 74232, 73
2026/07/28 20:44:18.154, 295.30, 100, 74232, 73
2026/07/28 20:44:19.190, 297.82, 100, 74232, 73
2026/07/28 20:44:20.227, 296.00, 100, 74232, 73
2026/07/28 20:44:21.264, 318.02, 89, 74232, 75
2026/07/28 20:44:22.302, 294.59, 100, 74232, 75
2026/07/28 20:44:23.337, 292.50, 100, 74232, 75
2026/07/28 20:44:24.370, 288.29, 100, 74232, 75
2026/07/28 20:44:25.406, 272.75, 100, 74232, 75
2026/07/28 20:44:26.442, 317.71, 100, 74232, 75
2026/07/28 20:44:27.493, 301.02, 100, 74232, 75
2026/07/28 20:44:28.528, 289.07, 100, 74232, 73
2026/07/28 20:44:29.565, 292.99, 100, 74232, 73
2026/07/28 20:44:30.601, 295.89, 100, 74232, 73
2026/07/28 20:44:31.638, 295.58, 100, 74232, 73
2026/07/28 20:44:32.674, 295.78, 100, 74232, 73
2026/07/28 20:44:33.712, 296.00, 100, 74232, 73
2026/07/28 20:44:34.749, 301.99, 100, 74232, 73
2026/07/28 20:44:35.786, 292.38, 100, 74232, 74
2026/07/28 20:44:36.823, 297.14, 100, 74232, 74
2026/07/28 20:44:37.859, 299.85, 100, 74232, 74
2026/07/28 20:44:38.896, 296.87, 100, 74232, 74
2026/07/28 20:44:39.933, 303.76, 100, 74232, 76
2026/07/28 20:44:40.969, 287.07, 100, 74232, 76
2026/07/28 20:44:42.003, 323.86, 100, 74232, 76
2026/07/28 20:44:43.036, 316.04, 100, 74232, 76
2026/07/28 20:44:44.071, 311.99, 100, 74232, 75
2026/07/28 20:44:45.109, 320.46, 100, 74232, 76
2026/07/28 20:44:46.143, 303.56, 100, 74232, 74
2026/07/28 20:44:47.179, 304.61, 100, 74232, 74
2026/07/28 20:44:48.216, 305.32, 100, 74232, 74
2026/07/28 20:44:49.256, 304.12, 100, 74232, 74
2026/07/28 20:44:50.293, 306.30, 100, 74232, 74
2026/07/28 20:44:51.332, 300.64, 100, 74232, 74
2026/07/28 20:44:52.369, 300.95, 100, 74232, 74
2026/07/28 20:44:53.407, 304.31, 100, 74232, 74
2026/07/28 20:44:54.446, 304.32, 100, 74232, 74
2026/07/28 20:44:55.483, 306.20, 100, 74232, 74
2026/07/28 20:44:56.520, 304.41, 100, 74232, 74
2026/07/28 20:44:57.557, 297.27, 100, 74232, 74
2026/07/28 20:44:58.595, 306.22, 100, 74232, 74
2026/07/28 20:44:59.632, 379.52, 0, 74232, 74
2026/07/28 20:45:00.675, 292.89, 100, 74232, 75
2026/07/28 20:45:01.710, 292.91, 100, 74232, 76
2026/07/28 20:45:02.746, 294.92, 100, 74232, 75
2026/07/28 20:45:03.782, 306.97, 100, 74232, 75
2026/07/28 20:45:04.815, 288.09, 100, 74232, 75
2026/07/28 20:45:05.849, 277.44, 100, 74232, 76
2026/07/28 20:45:06.884, 303.83, 100, 74232, 74
2026/07/28 20:45:07.920, 304.14, 100, 74232, 74
2026/07/28 20:45:08.957, 304.32, 100, 74232, 74
2026/07/28 20:45:09.993, 305.04, 100, 74232, 74
2026/07/28 20:45:11.033, 303.96, 100, 74232, 74
2026/07/28 20:45:12.069, 100.45, 0, 74232, 71
2026/07/28 20:45:13.102, 301.20, 100, 74232, 75
2026/07/28 20:45:14.140, 300.46, 100, 74232, 75
2026/07/28 20:45:15.174, 309.52, 100, 74232, 76
2026/07/28 20:45:16.209, 285.88, 100, 74232, 75
2026/07/28 20:45:17.243, 269.57, 100, 74232, 75
2026/07/28 20:45:18.276, 296.65, 100, 74232, 75
2026/07/28 20:45:19.311, 300.75, 100, 74232, 74
2026/07/28 20:45:20.348, 293.36, 100, 74232, 74
2026/07/28 20:45:21.384, 301.52, 100, 74232, 74
2026/07/28 20:45:22.421, 293.66, 100, 74232, 74
2026/07/28 20:45:23.458, 296.86, 71, 74232, 75
2026/07/28 20:45:24.494, 295.89, 100, 74232, 75
2026/07/28 20:45:25.528, 293.74, 100, 74232, 75
2026/07/28 20:45:26.562, 318.01, 100, 74232, 76
2026/07/28 20:45:27.602, 289.56, 100, 74232, 76
2026/07/28 20:45:28.636, 292.01, 100, 74232, 76
2026/07/28 20:45:29.670, 293.21, 100, 74232, 76
2026/07/28 20:45:30.704, 305.62, 100, 74232, 74
2026/07/28 20:45:31.740, 305.05, 100, 74232, 74
2026/07/28 20:45:32.778, 301.64, 100, 74232, 74
2026/07/28 20:45:33.815, 299.96, 100, 74232, 74
2026/07/28 20:45:34.852, 100.57, 50, 74232, 72
2026/07/28 20:45:35.892, 303.76, 100, 74232, 76
2026/07/28 20:45:36.926, 307.00, 100, 74232, 76
2026/07/28 20:45:37.959, 289.95, 100, 74232, 76
2026/07/28 20:45:39.000, 294.81, 100, 74232, 76
2026/07/28 20:45:40.034, 291.70, 100, 74232, 76
2026/07/28 20:45:41.071, 280.41, 100, 74232, 75
2026/07/28 20:45:42.106, 260.15, 100, 74232, 75
2026/07/28 20:45:43.148, 306.49, 100, 74232, 74
2026/07/28 20:45:44.185, 304.42, 100, 74232, 74
2026/07/28 20:45:45.224, 305.11, 100, 74232, 74
2026/07/28 20:45:46.263, 298.04, 100, 74232, 74
2026/07/28 20:45:47.300, 297.53, 100, 74232, 74
2026/07/28 20:45:48.338, 285.68, 100, 74232, 74
2026/07/28 20:45:49.374, 289.86, 100, 74232, 74
2026/07/28 20:45:50.411, 102.93, 12, 74232, 72
2026/07/28 20:45:51.444, 307.27, 100, 74232, 76
2026/07/28 20:45:52.478, 296.37, 100, 74232, 76
2026/07/28 20:45:53.512, 290.73, 100, 74232, 76
2026/07/28 20:45:54.549, 306.67, 100, 74232, 76
2026/07/28 20:45:55.584, 314.74, 100, 74232, 76
2026/07/28 20:45:56.618, 290.99, 100, 74232, 75
2026/07/28 20:45:57.653, 282.66, 100, 74232, 76
2026/07/28 20:45:58.688, 304.62, 100, 74232, 74
2026/07/28 20:45:59.725, 303.15, 100, 74232, 74
2026/07/28 20:46:00.762, 304.61, 100, 74232, 74
2026/07/28 20:46:01.801, 293.45, 100, 74232, 74
2026/07/28 20:46:02.840, 101.32, 0, 74232, 71
2026/07/28 20:46:03.874, 280.90, 100, 74232, 75
2026/07/28 20:46:04.910, 287.23, 100, 74232, 76
2026/07/28 20:46:05.945, 295.29, 100, 74232, 76
2026/07/28 20:46:06.985, 269.13, 100, 74232, 75
2026/07/28 20:46:08.021, 303.91, 100, 74232, 76
2026/07/28 20:46:09.056, 316.22, 100, 74232, 76
2026/07/28 20:46:10.094, 312.51, 100, 74232, 74
2026/07/28 20:46:11.133, 278.48, 100, 74232, 73
2026/07/28 20:46:12.175, 282.10, 100, 74232, 74
2026/07/28 20:46:13.213, 285.48, 100, 74232, 74
2026/07/28 20:46:14.249, 290.24, 100, 74232, 74
2026/07/28 20:46:15.287, 296.68, 100, 74232, 74
2026/07/28 20:46:16.323, 102.53, 0, 74232, 71
2026/07/28 20:46:17.388, 287.62, 100, 74232, 75
2026/07/28 20:46:18.424, 302.10, 100, 74232, 74
2026/07/28 20:46:19.460, 304.91, 100, 74232, 74
2026/07/28 20:46:20.497, 304.22, 100, 74232, 74
2026/07/28 20:46:21.535, 303.19, 100, 74232, 74
2026/07/28 20:46:22.572, 303.05, 100, 74232, 74
2026/07/28 20:46:23.608, 296.47, 100, 74232, 74
2026/07/28 20:46:24.645, 292.48, 100, 74232, 74
2026/07/28 20:46:25.683, 295.32, 100, 74232, 74
2026/07/28 20:46:26.720, 295.50, 100, 74232, 74
2026/07/28 20:46:27.757, 304.15, 100, 74232, 74
2026/07/28 20:46:28.799, 303.04, 100, 74232, 74
2026/07/28 20:46:29.837, 295.21, 100, 74232, 74
2026/07/28 20:46:30.873, 294.90, 100, 74232, 74
2026/07/28 20:46:31.913, 292.19, 100, 74232, 74
2026/07/28 20:46:32.949, 302.20, 100, 74232, 74
2026/07/28 20:46:33.987, 304.34, 100, 74232, 74
2026/07/28 20:46:35.024, 302.00, 100, 74232, 74
2026/07/28 20:46:36.061, 293.25, 100, 74232, 74
2026/07/28 20:46:37.097, 293.49, 100, 74232, 74
2026/07/28 20:46:38.135, 298.70, 100, 74232, 74
2026/07/28 20:46:39.173, 298.41, 100, 74232, 74
2026/07/28 20:46:40.210, 303.84, 100, 74232, 74
2026/07/28 20:46:41.246, 297.93, 100, 74232, 74
2026/07/28 20:46:42.283, 290.83, 100, 74232, 74
2026/07/28 20:46:43.319, 296.07, 100, 74232, 73
2026/07/28 20:46:44.356, 302.37, 100, 74232, 74
2026/07/28 20:46:45.393, 303.26, 100, 74232, 73
2026/07/28 20:46:46.429, 298.89, 100, 74232, 73
2026/07/28 20:46:47.467, 292.39, 100, 74232, 73
2026/07/28 20:46:48.504, 295.01, 100, 74232, 73
2026/07/28 20:46:49.552, 294.62, 100, 74232, 73
2026/07/28 20:46:50.592, 291.53, 100, 74232, 73
2026/07/28 20:46:51.630, 294.72, 100, 74232, 73
2026/07/28 20:46:52.667, 296.21, 100, 74232, 73
2026/07/28 20:46:53.703, 302.50, 100, 74232, 73
2026/07/28 20:46:54.739, 302.77, 100, 74232, 73
2026/07/28 20:46:55.778, 305.01, 100, 74232, 73
2026/07/28 20:46:56.815, 303.52, 100, 74232, 73
2026/07/28 20:46:57.855, 299.58, 100, 74232, 73
2026/07/28 20:46:58.892, 298.81, 100, 74232, 73
2026/07/28 20:46:59.931, 307.22, 100, 74232, 73
2026/07/28 20:47:00.967, 302.03, 100, 74232, 73
2026/07/28 20:47:02.004, 301.64, 100, 74232, 73
2026/07/28 20:47:03.042, 301.03, 100, 74232, 73
2026/07/28 20:47:04.078, 304.17, 100, 74232, 73
2026/07/28 20:47:05.115, 301.04, 100, 74232, 73
2026/07/28 20:47:06.151, 305.08, 100, 74232, 73
2026/07/28 20:47:07.188, 297.18, 100, 74232, 73
2026/07/28 20:47:08.224, 292.10, 100, 74232, 73
2026/07/28 20:47:09.261, 290.24, 100, 74232, 73
2026/07/28 20:47:10.298, 293.65, 100, 74232, 73
2026/07/28 20:47:11.337, 294.73, 100, 74232, 73
2026/07/28 20:47:12.375, 295.11, 100, 74232, 73
2026/07/28 20:47:13.413, 298.93, 100, 74232, 73
2026/07/28 20:47:14.450, 297.84, 100, 74232, 73
2026/07/28 20:47:15.487, 299.95, 100, 74232, 73
2026/07/28 20:47:16.523, 302.88, 100, 74232, 73
2026/07/28 20:47:17.561, 306.41, 100, 74232, 73
2026/07/28 20:47:18.599, 303.63, 100, 74232, 73
2026/07/28 20:47:19.637, 301.72, 100, 74232, 73
2026/07/28 20:47:20.674, 302.32, 100, 74232, 73
2026/07/28 20:47:21.710, 303.28, 100, 74232, 73
2026/07/28 20:47:22.750, 302.97, 100, 74232, 73
2026/07/28 20:47:23.787, 298.62, 100, 74232, 73
2026/07/28 20:47:24.824, 296.29, 100, 74232, 73
2026/07/28 20:47:25.861, 297.54, 100, 74232, 73
2026/07/28 20:47:26.898, 186.10, 100, 74232, 72
2026/07/28 20:47:27.932, 288.88, 100, 74232, 75
2026/07/28 20:47:28.969, 304.12, 100, 74232, 75
2026/07/28 20:47:30.004, 287.15, 100, 74232, 75
2026/07/28 20:47:31.040, 310.18, 100, 74232, 75
2026/07/28 20:47:32.075, 298.51, 100, 74232, 75
2026/07/28 20:47:33.110, 294.51, 100, 74232, 75
2026/07/28 20:47:34.146, 283.91, 100, 74232, 73
2026/07/28 20:47:35.183, 288.41, 100, 74232, 73
2026/07/28 20:47:36.221, 288.12, 100, 74232, 73
2026/07/28 20:47:37.259, 287.73, 100, 74232, 73
2026/07/28 20:47:38.298, 295.30, 100, 74232, 73
2026/07/28 20:47:39.335, 296.57, 100, 74232, 73
2026/07/28 20:47:40.371, 295.89, 100, 74232, 73
2026/07/28 20:47:41.409, 296.29, 100, 74232, 73
2026/07/28 20:47:42.447, 298.80, 100, 74232, 73
2026/07/28 20:47:43.488, 299.40, 100, 74232, 73
2026/07/28 20:47:44.526, 301.52, 100, 74232, 73
2026/07/28 20:47:45.564, 306.46, 100, 74232, 74
2026/07/28 20:47:46.601, 300.08, 100, 74232, 73
2026/07/28 20:47:47.637, 300.39, 100, 74232, 73
2026/07/28 20:47:48.673, 303.78, 100, 74232, 73
2026/07/28 20:47:49.713, 303.85, 100, 74232, 73
2026/07/28 20:47:50.750, 303.47, 100, 74232, 73
2026/07/28 20:47:51.788, 303.00, 100, 74232, 73
2026/07/28 20:47:52.825, 102.07, 0, 74232, 70
2026/07/28 20:47:53.858, 293.28, 100, 74232, 75
2026/07/28 20:47:54.895, 291.03, 100, 74232, 75
2026/07/28 20:47:55.931, 292.19, 100, 74232, 75
2026/07/28 20:47:56.968, 295.21, 100, 74232, 75
2026/07/28 20:47:58.003, 293.43, 100, 74232, 75
2026/07/28 20:47:59.036, 303.01, 100, 74232, 75
2026/07/28 20:48:00.069, 302.03, 100, 74232, 73
2026/07/28 20:48:01.106, 302.49, 100, 74232, 73
2026/07/28 20:48:02.142, 302.77, 100, 74232, 73
2026/07/28 20:48:03.179, 304.72, 100, 74232, 75
2026/07/28 20:48:04.214, 307.60, 100, 74232, 75
2026/07/28 20:48:05.248, 295.86, 100, 74232, 75
2026/07/28 20:48:06.282, 298.99, 100, 74232, 75
2026/07/28 20:48:07.319, 283.37, 100, 74232, 75
2026/07/28 20:48:08.353, 285.17, 100, 74232, 75
2026/07/28 20:48:09.387, 303.88, 100, 74232, 74
2026/07/28 20:48:10.424, 303.55, 100, 74232, 74
2026/07/28 20:48:11.460, 303.78, 100, 74232, 74
2026/07/28 20:48:12.497, 304.73, 100, 74232, 74
2026/07/28 20:48:13.534, 296.24, 100, 74232, 75
2026/07/28 20:48:14.569, 292.17, 100, 74232, 76
2026/07/28 20:48:15.604, 302.39, 100, 74232, 75
2026/07/28 20:48:16.639, 314.36, 100, 74232, 76
2026/07/28 20:48:17.675, 298.39, 100, 74232, 76
2026/07/28 20:48:18.716, 290.52, 100, 74232, 75
2026/07/28 20:48:19.753, 265.32, 100, 74232, 74
2026/07/28 20:48:20.791, 289.00, 100, 74232, 74
2026/07/28 20:48:21.828, 289.76, 100, 74232, 74
2026/07/28 20:48:22.867, 286.44, 100, 74232, 74
2026/07/28 20:48:23.904, 102.70, 0, 74232, 71
2026/07/28 20:48:24.938, 301.55, 100, 74232, 76
2026/07/28 20:48:25.972, 274.35, 100, 74232, 76
2026/07/28 20:48:27.006, 285.21, 100, 74232, 76
2026/07/28 20:48:28.043, 278.36, 100, 74232, 75
2026/07/28 20:48:29.077, 268.36, 100, 74232, 76
2026/07/28 20:48:30.110, 276.87, 100, 74232, 76
2026/07/28 20:48:31.144, 295.71, 100, 74232, 74
2026/07/28 20:48:32.184, 302.28, 100, 74232, 74
2026/07/28 20:48:33.221, 293.95, 100, 74232, 74
2026/07/28 20:48:34.259, 297.53, 100, 74232, 74
2026/07/28 20:48:35.298, 297.66, 100, 74232, 74
2026/07/28 20:48:36.336, 297.23, 100, 74232, 74
2026/07/28 20:48:37.378, 297.33, 100, 74232, 74
2026/07/28 20:48:38.415, 302.04, 100, 74232, 74
2026/07/28 20:48:39.452, 305.81, 100, 74232, 74
2026/07/28 20:48:40.489, 300.76, 100, 74232, 74
2026/07/28 20:48:41.525, 301.44, 100, 74232, 74
2026/07/28 20:48:42.565, 305.30, 100, 74232, 74
2026/07/28 20:48:43.602, 307.27, 100, 74232, 74
2026/07/28 20:48:44.641, 129.87, 100, 74232, 76
2026/07/28 20:48:45.675, 306.49, 100, 74232, 76
2026/07/28 20:48:46.710, 305.45, 100, 74232, 76
2026/07/28 20:48:47.745, 294.08, 100, 74232, 76
2026/07/28 20:48:48.780, 290.43, 100, 74232, 76
2026/07/28 20:48:49.814, 323.20, 100, 74232, 76
2026/07/28 20:48:50.856, 302.93, 100, 74232, 76
2026/07/28 20:48:51.896, 303.46, 100, 74232, 74
2026/07/28 20:48:52.935, 299.35, 100, 74232, 74
2026/07/28 20:48:53.974, 296.65, 100, 74232, 74
2026/07/28 20:48:55.013, 296.58, 100, 74232, 74
2026/07/28 20:48:56.050, 304.33, 100, 74232, 74
2026/07/28 20:48:57.088, 298.32, 100, 74232, 74
2026/07/28 20:48:58.125, 294.44, 100, 74232, 74
2026/07/28 20:48:59.164, 298.94, 100, 74232, 74
2026/07/28 20:49:00.202, 296.96, 100, 74232, 74
2026/07/28 20:49:01.241, 299.47, 100, 74232, 74
2026/07/28 20:49:02.277, 99.63, 35, 74232, 71
2026/07/28 20:49:03.310, 291.58, 100, 74232, 75
2026/07/28 20:49:04.346, 295.89, 100, 74232, 75
2026/07/28 20:49:05.380, 308.51, 100, 74232, 75
2026/07/28 20:49:06.417, 316.73, 100, 74232, 76
2026/07/28 20:49:07.453, 285.10, 100, 74232, 75
2026/07/28 20:49:08.487, 318.64, 100, 74232, 76
2026/07/28 20:49:09.527, 305.33, 100, 74232, 75
2026/07/28 20:49:10.563, 304.11, 100, 74232, 74
2026/07/28 20:49:11.601, 304.37, 100, 74232, 74
2026/07/28 20:49:12.638, 305.53, 100, 74232, 74
2026/07/28 20:49:13.677, 304.60, 100, 74232, 74
2026/07/28 20:49:14.714, 304.74, 100, 74232, 74
2026/07/28 20:49:15.756, 304.91, 100, 74232, 74
2026/07/28 20:49:16.794, 293.94, 100, 74232, 74
2026/07/28 20:49:17.830, 297.55, 100, 74232, 74
2026/07/28 20:49:18.868, 294.13, 100, 74232, 74
2026/07/28 20:49:19.905, 297.43, 100, 74232, 74
2026/07/28 20:49:20.942, 298.90, 100, 74232, 74
2026/07/28 20:49:21.979, 297.46, 100, 74232, 74
2026/07/28 20:49:23.016, 304.85, 100, 74232, 74
2026/07/28 20:49:24.052, 293.85, 100, 74232, 74
2026/07/28 20:49:25.090, 293.95, 100, 74232, 74
2026/07/28 20:49:26.131, 297.95, 100, 74232, 74
2026/07/28 20:49:27.168, 296.68, 100, 74232, 74
2026/07/28 20:49:28.208, 298.02, 100, 74232, 74
2026/07/28 20:49:29.244, 297.93, 100, 74232, 74
2026/07/28 20:49:30.282, 101.35, 0, 74232, 71
2026/07/28 20:49:31.314, 100.13, 0, 74232, 70
2026/07/28 20:49:32.345, 99.10, 0, 74232, 69
2026/07/28 20:49:33.377, 97.71, 0, 74232, 69
2026/07/28 20:49:34.408, 95.46, 0, 74232, 68
2026/07/28 20:49:35.441, 95.13, 0, 74232, 68
2026/07/28 20:49:36.472, 94.68, 0, 74232, 67
2026/07/28 20:49:37.503, 94.38, 0, 74232, 67
2026/07/28 20:49:38.535, 93.10, 0, 74232, 66
2026/07/28 20:49:39.567, 92.94, 0, 74232, 66
2026/07/28 20:49:40.598, 91.64, 0, 74232, 65
2026/07/28 20:49:41.629, 91.96, 0, 74232, 65
2026/07/28 20:49:42.661, 91.34, 0, 74232, 64
2026/07/28 20:49:43.691, 90.98, 0, 74232, 64
2026/07/28 20:49:44.722, 91.42, 0, 74232, 64
2026/07/28 20:49:45.756, 90.29, 0, 74232, 63
2026/07/28 20:49:46.787, 89.01, 0, 74232, 63
2026/07/28 20:49:47.818, 88.62, 0, 74232, 63
2026/07/28 20:49:48.850, 88.82, 0, 74232, 63
2026/07/28 20:49:49.881, 88.04, 0, 74232, 62
2026/07/28 20:49:50.912, 87.55, 0, 74232, 62
2026/07/28 20:49:51.943, 87.52, 0, 74232, 62
2026/07/28 20:49:52.974, 87.06, 0, 74232, 62
2026/07/28 20:49:54.004, 86.92, 0, 74232, 61
2026/07/28 20:49:55.034, 86.65, 0, 74232, 61
2026/07/28 20:49:56.065, 86.42, 0, 74232, 61
2026/07/28 20:49:57.095, 86.10, 0, 74232, 60
2026/07/28 20:49:58.125, 85.73, 0, 74232, 60
2026/07/28 20:49:59.156, 303.03, 100, 74232, 66
2026/07/28 20:50:00.193, 288.79, 100, 74232, 66
2026/07/28 20:50:01.226, 299.68, 100, 74232, 66
2026/07/28 20:50:02.260, 298.95, 100, 74232, 67
2026/07/28 20:50:03.295, 307.03, 100, 74232, 65
2026/07/28 20:50:04.331, 307.61, 100, 74232, 66
2026/07/28 20:50:05.368, 301.04, 100, 74232, 66
2026/07/28 20:50:06.405, 300.06, 100, 74232, 66
2026/07/28 20:50:07.441, 302.48, 100, 74232, 66
2026/07/28 20:50:08.477, 296.45, 100, 74232, 67
2026/07/28 20:50:09.513, 296.47, 100, 74232, 69
2026/07/28 20:50:10.548, 298.80, 100, 74232, 69
2026/07/28 20:50:11.582, 301.50, 100, 74232, 69
2026/07/28 20:50:12.616, 319.58, 100, 74232, 69
2026/07/28 20:50:13.659, 303.10, 100, 74232, 68
2026/07/28 20:50:14.695, 302.60, 100, 74232, 68
2026/07/28 20:50:15.731, 299.58, 100, 74232, 68
2026/07/28 20:50:16.767, 298.70, 100, 74232, 70
2026/07/28 20:50:17.802, 301.78, 100, 74232, 70
2026/07/28 20:50:18.835, 312.21, 100, 74232, 71
2026/07/28 20:50:19.869, 314.44, 100, 74232, 71
2026/07/28 20:50:20.903, 293.86, 100, 74232, 69
2026/07/28 20:50:21.941, 288.61, 100, 74232, 69
2026/07/28 20:50:22.978, 295.99, 100, 74232, 69
2026/07/28 20:50:24.016, 299.20, 100, 74232, 70
2026/07/28 20:50:25.052, 295.69, 100, 74232, 70
2026/07/28 20:50:26.093, 297.64, 100, 74232, 70
2026/07/28 20:50:27.130, 296.40, 100, 74232, 70
2026/07/28 20:50:28.167, 299.99, 100, 74232, 70
2026/07/28 20:50:29.204, 296.27, 100, 74232, 70
2026/07/28 20:50:30.242, 288.09, 100, 74232, 72
2026/07/28 20:50:31.275, 296.15, 100, 74232, 72
2026/07/28 20:50:32.310, 314.31, 100, 74232, 72
2026/07/28 20:50:33.345, 307.98, 100, 74232, 72
2026/07/28 20:50:34.381, 281.39, 100, 74232, 72
2026/07/28 20:50:35.416, 301.35, 100, 74232, 71
2026/07/28 20:50:36.453, 301.12, 100, 74232, 71
2026/07/28 20:50:37.489, 301.05, 100, 74232, 71
2026/07/28 20:50:38.526, 293.28, 100, 74232, 71
2026/07/28 20:50:39.562, 294.93, 100, 74232, 71
2026/07/28 20:50:40.599, 292.16, 100, 74232, 71
2026/07/28 20:50:41.636, 287.23, 100, 74232, 73
2026/07/28 20:50:42.671, 309.23, 100, 74232, 73
2026/07/28 20:50:43.705, 279.65, 100, 74232, 73
2026/07/28 20:50:44.741, 285.37, 100, 74232, 74
2026/07/28 20:50:45.776, 303.17, 100, 74232, 74
2026/07/28 20:50:46.816, 299.27, 100, 74232, 72
2026/07/28 20:50:47.853, 300.24, 100, 74232, 72
2026/07/28 20:50:48.890, 302.40, 100, 74232, 72
2026/07/28 20:50:49.928, 302.78, 100, 74232, 72
2026/07/28 20:50:50.965, 302.39, 100, 74232, 72
2026/07/28 20:50:52.004, 303.25, 100, 74232, 72
2026/07/28 20:50:53.041, 303.23, 100, 74232, 73
2026/07/28 20:50:54.079, 299.57, 100, 74232, 72
2026/07/28 20:50:55.115, 296.94, 100, 74232, 72
2026/07/28 20:50:56.152, 294.72, 100, 74232, 72
2026/07/28 20:50:57.192, 296.67, 100, 74232, 73
2026/07/28 20:50:58.229, 290.43, 100, 74232, 73
2026/07/28 20:50:59.264, 296.55, 100, 74232, 74
2026/07/28 20:51:00.299, 293.74, 100, 74232, 74
2026/07/28 20:51:01.334, 302.57, 100, 74232, 74
2026/07/28 20:51:02.368, 308.42, 100, 74232, 74
2026/07/28 20:51:03.404, 285.39, 100, 74232, 74
2026/07/28 20:51:04.440, 313.35, 100, 74232, 74
2026/07/28 20:51:05.483, 282.20, 100, 74232, 72
2026/07/28 20:51:06.521, 294.43, 100, 74232, 72
2026/07/28 20:51:07.559, 286.34, 100, 74232, 72
2026/07/28 20:51:08.609, 286.94, 93, 74232, 74
2026/07/28 20:51:09.646, 298.77, 100, 74232, 74
2026/07/28 20:51:10.680, 291.82, 100, 74232, 75
2026/07/28 20:51:11.715, 318.51, 100, 74232, 75
2026/07/28 20:51:12.749, 291.50, 100, 74232, 75
2026/07/28 20:51:13.783, 310.58, 100, 74232, 75
2026/07/28 20:51:14.818, 302.21, 100, 74232, 73
2026/07/28 20:51:15.855, 302.65, 100, 74232, 73
2026/07/28 20:51:16.892, 302.77, 100, 74232, 73
2026/07/28 20:51:17.930, 303.68, 100, 74232, 73
2026/07/28 20:51:18.966, 303.49, 100, 74232, 73
2026/07/28 20:51:20.002, 305.79, 100, 74232, 73
2026/07/28 20:51:21.039, 303.35, 100, 74232, 74
2026/07/28 20:51:22.075, 305.67, 100, 74232, 74
2026/07/28 20:51:23.111, 299.31, 100, 74232, 75
2026/07/28 20:51:24.148, 302.61, 100, 74232, 75
2026/07/28 20:51:25.182, 278.18, 100, 74232, 75
2026/07/28 20:51:26.217, 307.52, 100, 74232, 76
2026/07/28 20:51:27.254, 293.46, 100, 74232, 75
2026/07/28 20:51:28.288, 272.22, 100, 74232, 75
2026/07/28 20:51:29.322, 303.68, 100, 74232, 74
2026/07/28 20:51:30.360, 304.51, 100, 74232, 74
2026/07/28 20:51:31.396, 304.02, 100, 74232, 74
2026/07/28 20:51:32.434, 303.64, 100, 74232, 74
2026/07/28 20:51:33.470, 304.71, 100, 74232, 74
2026/07/28 20:51:34.506, 305.90, 100, 74232, 74
2026/07/28 20:51:35.543, 292.10, 100, 74232, 74
2026/07/28 20:51:36.581, 299.18, 100, 74232, 74
2026/07/28 20:51:37.617, 299.19, 100, 74232, 74
2026/07/28 20:51:38.653, 293.94, 100, 74232, 74
2026/07/28 20:51:39.690, 296.96, 100, 74232, 74
2026/07/28 20:51:40.726, 297.26, 100, 74232, 74
2026/07/28 20:51:41.762, 294.82, 100, 74232, 74
2026/07/28 20:51:42.799, 296.75, 100, 74232, 74
2026/07/28 20:51:43.836, 295.80, 100, 74232, 74
2026/07/28 20:51:44.872, 303.94, 100, 74232, 74
2026/07/28 20:51:45.909, 295.39, 100, 74232, 75
2026/07/28 20:51:46.946, 304.55, 100, 74232, 76
2026/07/28 20:51:47.983, 292.02, 100, 74232, 75
2026/07/28 20:51:49.018, 288.67, 100, 74232, 75
2026/07/28 20:51:50.054, 313.71, 100, 74232, 75
2026/07/28 20:51:51.088, 285.57, 100, 74232, 75
2026/07/28 20:51:52.123, 304.32, 100, 74232, 74
2026/07/28 20:51:53.160, 295.78, 100, 74232, 74
2026/07/28 20:51:54.197, 296.46, 100, 74232, 74
2026/07/28 20:51:55.233, 293.66, 100, 74232, 74
2026/07/28 20:51:56.270, 292.87, 100, 74232, 74
2026/07/28 20:51:57.306, 290.16, 100, 74232, 74
2026/07/28 20:51:58.343, 289.28, 100, 74232, 74
2026/07/28 20:51:59.380, 288.91, 100, 74232, 74
2026/07/28 20:52:00.417, 285.38, 100, 74232, 74
2026/07/28 20:52:01.453, 284.78, 100, 74232, 74
2026/07/28 20:52:02.491, 288.60, 100, 74232, 74
2026/07/28 20:52:03.527, 296.09, 100, 74232, 74
2026/07/28 20:52:04.568, 296.48, 100, 74232, 74
2026/07/28 20:52:05.605, 292.50, 100, 74232, 74
2026/07/28 20:52:06.642, 300.07, 100, 74232, 74
2026/07/28 20:52:07.678, 296.79, 100, 74232, 75
2026/07/28 20:52:08.713, 299.95, 100, 74232, 75
2026/07/28 20:52:09.748, 290.44, 100, 74232, 75
2026/07/28 20:52:10.782, 295.96, 100, 74232, 75
2026/07/28 20:52:11.816, 295.01, 100, 74232, 75
2026/07/28 20:52:12.851, 258.27, 100, 74232, 75
2026/07/28 20:52:13.885, 299.70, 100, 74232, 74
2026/07/28 20:52:14.923, 298.32, 100, 74232, 74
2026/07/28 20:52:15.960, 296.00, 100, 74232, 74
2026/07/28 20:52:17.001, 292.48, 100, 74232, 74
2026/07/28 20:52:18.037, 99.80, 75, 74232, 71
2026/07/28 20:52:19.069, 296.65, 100, 74232, 75
2026/07/28 20:52:20.106, 291.60, 100, 74232, 75
2026/07/28 20:52:21.140, 295.58, 100, 74232, 75
2026/07/28 20:52:22.174, 286.43, 100, 74232, 76
2026/07/28 20:52:23.208, 295.44, 100, 74232, 76
2026/07/28 20:52:24.243, 291.42, 100, 74232, 76
2026/07/28 20:52:25.278, 303.54, 100, 74232, 74
2026/07/28 20:52:26.317, 301.02, 100, 74232, 74
2026/07/28 20:52:27.354, 301.73, 100, 74232, 74
2026/07/28 20:52:28.391, 294.43, 100, 74232, 74
2026/07/28 20:52:29.429, 303.22, 100, 74232, 75
2026/07/28 20:52:30.525, 306.06, 100, 74232, 76
2026/07/28 20:52:31.559, 277.86, 100, 74232, 76
2026/07/28 20:52:32.593, 300.05, 100, 74232, 76
2026/07/28 20:52:33.634, 299.57, 100, 74232, 76
2026/07/28 20:52:34.669, 303.73, 100, 74232, 76
2026/07/28 20:52:35.704, 252.96, 100, 74232, 74
2026/07/28 20:52:36.742, 275.86, 100, 74232, 74
2026/07/28 20:52:37.778, 282.57, 100, 74232, 74
2026/07/28 20:52:38.815, 289.57, 100, 74232, 74
2026/07/28 20:52:39.851, 289.67, 100, 74232, 74
2026/07/28 20:52:40.888, 289.38, 100, 74232, 74
2026/07/28 20:52:41.925, 290.93, 100, 74232, 74
2026/07/28 20:52:42.962, 296.85, 100, 74232, 75
2026/07/28 20:52:43.998, 292.00, 100, 74232, 75
2026/07/28 20:52:45.035, 298.14, 100, 74232, 75
2026/07/28 20:52:46.072, 295.49, 100, 74232, 75
2026/07/28 20:52:47.113, 295.69, 100, 74232, 75
2026/07/28 20:52:48.150, 299.01, 100, 74232, 75
2026/07/28 20:52:49.188, 299.38, 100, 74232, 75
2026/07/28 20:52:50.225, 294.14, 100, 74232, 74
2026/07/28 20:52:51.261, 298.02, 100, 74232, 75
2026/07/28 20:52:52.298, 295.70, 100, 74232, 74
2026/07/28 20:52:53.334, 297.56, 100, 74232, 74
2026/07/28 20:52:54.372, 301.22, 100, 74232, 74
2026/07/28 20:52:55.408, 297.82, 100, 74232, 74
2026/07/28 20:52:56.444, 306.16, 100, 74232, 74
2026/07/28 20:52:57.481, 283.52, 54, 74232, 75
2026/07/28 20:52:58.516, 303.98, 100, 74232, 76
2026/07/28 20:52:59.551, 294.23, 100, 74232, 76
2026/07/28 20:53:00.586, 300.24, 100, 74232, 75
2026/07/28 20:53:01.620, 290.90, 100, 74232, 75
2026/07/28 20:53:02.662, 279.83, 100, 74232, 75
2026/07/28 20:53:03.696, 303.93, 100, 74232, 76
2026/07/28 20:53:04.730, 304.26, 100, 74232, 74
2026/07/28 20:53:05.766, 304.51, 100, 74232, 74
2026/07/28 20:53:06.805, 304.26, 100, 74232, 74
2026/07/28 20:53:07.844, 296.38, 100, 74232, 76
2026/07/28 20:53:08.879, 305.76, 100, 74232, 76
2026/07/28 20:53:09.916, 303.45, 100, 74232, 76
2026/07/28 20:53:10.950, 297.23, 100, 74232, 76
2026/07/28 20:53:11.984, 309.98, 100, 74232, 76
2026/07/28 20:53:13.020, 299.00, 100, 74232, 76
2026/07/28 20:53:14.060, 298.20, 100, 74232, 76
2026/07/28 20:53:15.095, 304.90, 100, 74232, 74
2026/07/28 20:53:16.132, 304.93, 100, 74232, 74
2026/07/28 20:53:17.169, 305.19, 100, 74232, 74
2026/07/28 20:53:18.206, 305.34, 100, 74232, 74
2026/07/28 20:53:19.242, 304.85, 100, 74232, 74
2026/07/28 20:53:20.279, 304.81, 100, 74232, 74
2026/07/28 20:53:21.317, 298.14, 100, 74232, 74
2026/07/28 20:53:22.354, 298.52, 100, 74232, 74
2026/07/28 20:53:23.395, 306.46, 100, 74232, 74
2026/07/28 20:53:24.433, 297.74, 100, 74232, 74
2026/07/28 20:53:25.469, 299.26, 100, 74232, 74
2026/07/28 20:53:26.507, 297.34, 100, 74232, 74
2026/07/28 20:53:27.544, 298.32, 100, 74232, 74
2026/07/28 20:53:28.583, 297.75, 100, 74232, 74
2026/07/28 20:53:29.618, 100.66, 0, 74232, 71
2026/07/28 20:53:30.649, 99.67, 0, 74232, 70
2026/07/28 20:53:31.679, 98.78, 0, 74232, 69
2026/07/28 20:53:32.712, 97.96, 0, 74232, 69
2026/07/28 20:53:33.743, 97.57, 0, 74232, 68
2026/07/28 20:53:34.775, 96.57, 0, 74232, 68
2026/07/28 20:53:35.810, 95.17, 0, 74232, 67
2026/07/28 20:53:36.842, 94.34, 0, 74232, 67
2026/07/28 20:53:37.876, 93.87, 0, 74232, 66
2026/07/28 20:53:38.906, 93.58, 0, 74232, 66
2026/07/28 20:53:39.941, 93.82, 0, 74232, 65
2026/07/28 20:53:40.975, 92.46, 0, 74232, 65
2026/07/28 20:53:42.005, 91.96, 0, 74232, 65
2026/07/28 20:53:43.036, 91.75, 0, 74232, 64
2026/07/28 20:53:44.069, 91.11, 0, 74232, 64
2026/07/28 20:53:45.099, 91.76, 0, 74232, 64
2026/07/28 20:53:46.129, 90.45, 0, 74232, 64
2026/07/28 20:53:47.160, 89.48, 0, 74232, 63
2026/07/28 20:53:48.190, 89.08, 0, 74232, 63
2026/07/28 20:53:49.220, 88.91, 0, 74232, 63
2026/07/28 20:53:50.252, 88.49, 0, 74232, 62
2026/07/28 20:53:51.288, 88.31, 0, 74232, 62
2026/07/28 20:53:52.319, 88.41, 0, 74232, 62
2026/07/28 20:53:53.350, 87.60, 0, 74232, 62
2026/07/28 20:53:54.383, 87.52, 0, 74232, 61
2026/07/28 20:53:55.415, 87.09, 0, 74232, 61
2026/07/28 20:53:56.446, 86.77, 0, 74232, 61
2026/07/28 20:53:57.477, 86.53, 0, 74232, 61
2026/07/28 20:53:58.507, 86.24, 0, 74232, 60
2026/07/28 20:53:59.538, 86.03, 0, 74232, 60
2026/07/28 20:54:00.571, 85.65, 0, 74232, 60
2026/07/28 20:54:01.602, 84.55, 0, 74232, 60
2026/07/28 20:54:02.632, 84.33, 0, 74232, 59
2026/07/28 20:54:03.663, 84.27, 0, 74232, 59
2026/07/28 20:54:04.693, 84.33, 0, 74232, 59
2026/07/28 20:54:05.723, 84.19, 0, 74232, 59
2026/07/28 20:54:06.755, 83.61, 0, 74232, 58
2026/07/28 20:54:07.786, 83.49, 0, 74232, 58
2026/07/28 20:54:08.818, 83.40, 0, 74232, 58
2026/07/28 20:54:09.848, 83.68, 0, 74232, 58
2026/07/28 20:54:10.880, 82.97, 0, 74232, 58
2026/07/28 20:54:11.911, 82.63, 0, 74232, 57
2026/07/28 20:54:12.941, 82.12, 0, 74232, 57
2026/07/28 20:54:13.971, 82.28, 0, 74232, 57
2026/07/28 20:54:15.003, 81.94, 0, 74232, 57
2026/07/28 20:54:16.033, 82.01, 0, 74232, 57
2026/07/28 20:54:17.104, 81.68, 0, 74232, 56
2026/07/28 20:54:18.138, 81.76, 0, 74232, 56
2026/07/28 20:54:19.168, 81.20, 0, 74232, 56
2026/07/28 20:54:20.198, 81.30, 0, 74232, 56
2026/07/28 20:54:21.229, 80.75, 0, 74232, 56
2026/07/28 20:54:22.258, 80.99, 0, 74232, 55
2026/07/28 20:54:23.288, 80.71, 0, 74232, 55
2026/07/28 20:54:24.319, 80.28, 0, 74232, 55
2026/07/28 20:54:25.351, 80.45, 0, 74232, 55
2026/07/28 20:54:26.381, 80.22, 0, 74232, 55
2026/07/28 20:54:27.411, 79.99, 0, 74232, 54
2026/07/28 20:54:28.441, 79.76, 0, 74232, 54
2026/07/28 20:54:29.471, 79.76, 0, 74232, 54
2026/07/28 20:54:30.500, 79.26, 0, 74232, 54
2026/07/28 20:54:31.530, 79.37, 0, 74232, 54
2026/07/28 20:54:32.561, 79.02, 0, 74232, 54
2026/07/28 20:54:33.592, 79.22, 0, 74232, 53
2026/07/28 20:54:34.623, 78.91, 0, 74232, 53
2026/07/28 20:54:35.655, 78.14, 0, 74232, 53
2026/07/28 20:54:36.687, 283.35, 100, 74232, 59
2026/07/28 20:54:37.720, 309.76, 100, 74232, 59
2026/07/28 20:54:38.754, 304.78, 100, 74232, 60
2026/07/28 20:54:39.789, 305.03, 100, 74232, 60
2026/07/28 20:54:40.824, 300.75, 100, 74232, 59
2026/07/28 20:54:41.862, 302.70, 100, 74232, 59
2026/07/28 20:54:42.899, 301.99, 100, 74232, 60
2026/07/28 20:54:43.936, 293.35, 100, 74232, 60
2026/07/28 20:54:44.971, 297.42, 100, 74232, 60
2026/07/28 20:54:46.007, 295.88, 100, 74232, 61
2026/07/28 20:54:47.044, 292.69, 100, 74232, 61
2026/07/28 20:54:48.081, 300.95, 100, 74232, 63
2026/07/28 20:54:49.114, 288.90, 100, 74232, 63
2026/07/28 20:54:50.152, 304.73, 100, 74232, 64
2026/07/28 20:54:51.188, 295.85, 100, 74232, 64
2026/07/28 20:54:52.223, 301.81, 100, 74232, 62
2026/07/28 20:54:53.262, 301.92, 100, 74232, 63
2026/07/28 20:54:54.300, 305.17, 100, 74232, 63
2026/07/28 20:54:55.338, 298.21, 100, 74232, 65
2026/07/28 20:54:56.374, 309.09, 100, 74232, 65
2026/07/28 20:54:57.412, 291.71, 100, 74232, 65
2026/07/28 20:54:58.446, 306.15, 100, 74232, 66
2026/07/28 20:54:59.478, 276.47, 100, 74232, 66
2026/07/28 20:55:00.511, 304.47, 100, 74232, 66
2026/07/28 20:55:01.547, 306.28, 100, 74232, 65
2026/07/28 20:55:02.589, 293.45, 100, 74232, 65
2026/07/28 20:55:03.625, 298.23, 100, 74232, 65
2026/07/28 20:55:04.661, 293.45, 100, 74232, 65
2026/07/28 20:55:05.699, 299.76, 100, 74232, 66
2026/07/28 20:55:06.735, 300.15, 100, 74232, 66
2026/07/28 20:55:07.773, 302.99, 100, 74232, 68
2026/07/28 20:55:08.808, 298.33, 100, 74232, 68
2026/07/28 20:55:09.842, 313.56, 100, 74232, 68
2026/07/28 20:55:10.875, 295.98, 100, 74232, 68
2026/07/28 20:55:11.910, 282.83, 100, 74232, 69
2026/07/28 20:55:12.943, 290.35, 100, 74232, 69
2026/07/28 20:55:13.976, 315.93, 100, 74232, 69
2026/07/28 20:55:15.012, 303.29, 100, 74232, 67
2026/07/28 20:55:16.052, 301.84, 100, 74232, 68
2026/07/28 20:55:17.090, 300.53, 100, 74232, 68
2026/07/28 20:55:18.126, 301.15, 100, 74232, 68
2026/07/28 20:55:19.163, 301.03, 100, 74232, 68
2026/07/28 20:55:20.199, 300.74, 100, 74232, 68
2026/07/28 20:55:21.236, 303.47, 100, 74232, 69
2026/07/28 20:55:22.273, 295.89, 100, 74232, 69
2026/07/28 20:55:23.311, 305.99, 100, 74232, 69
2026/07/28 20:55:24.348, 294.03, 100, 74232, 69
2026/07/28 20:55:25.384, 296.59, 100, 74232, 69
2026/07/28 20:55:26.421, 307.53, 100, 74232, 69
2026/07/28 20:55:27.459, 295.40, 100, 74232, 69
2026/07/28 20:55:28.495, 296.74, 100, 74232, 69
2026/07/28 20:55:29.534, 295.68, 100, 74232, 70
2026/07/28 20:55:30.570, 300.34, 100, 74232, 70
2026/07/28 20:55:31.607, 296.08, 100, 74232, 70
2026/07/28 20:55:32.643, 296.48, 100, 74232, 70
2026/07/28 20:55:33.679, 301.54, 100, 74232, 70
2026/07/28 20:55:34.715, 297.54, 100, 74232, 70
2026/07/28 20:55:35.751, 298.32, 100, 74232, 70
2026/07/28 20:55:36.786, 298.41, 100, 74232, 70
2026/07/28 20:55:37.823, 294.71, 100, 74232, 70
2026/07/28 20:55:38.859, 299.20, 100, 74232, 70
2026/07/28 20:55:39.896, 298.42, 100, 74232, 71
2026/07/28 20:55:40.935, 304.32, 100, 74232, 71
2026/07/28 20:55:41.972, 289.75, 100, 74232, 71
2026/07/28 20:55:43.008, 293.45, 100, 74232, 71
2026/07/28 20:55:44.048, 288.11, 100, 74232, 71
2026/07/28 20:55:45.085, 288.52, 100, 74232, 71
2026/07/28 20:55:46.123, 291.59, 100, 74232, 71
2026/07/28 20:55:47.160, 287.72, 100, 74232, 71
2026/07/28 20:55:48.199, 298.71, 100, 74232, 71
2026/07/28 20:55:49.235, 296.48, 100, 74232, 71
2026/07/28 20:55:50.271, 300.73, 100, 74232, 71
2026/07/28 20:55:51.307, 299.78, 100, 74232, 71
2026/07/28 20:55:52.348, 299.68, 100, 74232, 71
2026/07/28 20:55:53.384, 298.70, 100, 74232, 71
2026/07/28 20:55:54.421, 301.60, 100, 74232, 71
2026/07/28 20:55:55.458, 296.85, 100, 74232, 71
2026/07/28 20:55:56.495, 299.96, 100, 74232, 71
2026/07/28 20:55:57.534, 301.02, 100, 74232, 71
2026/07/28 20:55:58.571, 298.32, 100, 74232, 72
2026/07/28 20:55:59.607, 299.40, 100, 74232, 72
2026/07/28 20:56:00.644, 297.75, 100, 74232, 72
2026/07/28 20:56:01.681, 300.25, 100, 74232, 72
2026/07/28 20:56:02.717, 300.56, 100, 74232, 72
2026/07/28 20:56:03.754, 299.49, 100, 74232, 72
2026/07/28 20:56:04.792, 299.17, 100, 74232, 72
2026/07/28 20:56:05.830, 298.60, 100, 74232, 72
2026/07/28 20:56:06.866, 299.30, 100, 74232, 72
2026/07/28 20:56:07.904, 301.60, 100, 74232, 72
2026/07/28 20:56:08.941, 298.83, 100, 74232, 72
2026/07/28 20:56:09.978, 299.49, 100, 74232, 72
2026/07/28 20:56:11.014, 301.51, 100, 74232, 72
2026/07/28 20:56:12.054, 299.29, 100, 74232, 72
2026/07/28 20:56:13.090, 300.27, 100, 74232, 72
2026/07/28 20:56:14.127, 300.36, 100, 74232, 72
2026/07/28 20:56:15.164, 300.74, 100, 74232, 72
2026/07/28 20:56:16.200, 300.56, 100, 74232, 72
2026/07/28 20:56:17.237, 302.31, 100, 74232, 72
2026/07/28 20:56:18.274, 287.82, 100, 74232, 72
2026/07/28 20:56:19.311, 294.41, 100, 74232, 72
2026/07/28 20:56:20.348, 299.67, 100, 74232, 72
2026/07/28 20:56:21.384, 289.19, 100, 74232, 72
2026/07/28 20:56:22.421, 295.41, 100, 74232, 72
2026/07/28 20:56:23.456, 292.10, 100, 74232, 72
2026/07/28 20:56:24.493, 293.08, 100, 74232, 72
2026/07/28 20:56:25.531, 301.14, 100, 74232, 72
2026/07/28 20:56:26.569, 301.81, 100, 74232, 72
2026/07/28 20:56:27.605, 305.39, 100, 74232, 72
2026/07/28 20:56:28.644, 300.15, 100, 74232, 72
2026/07/28 20:56:29.682, 299.58, 100, 74232, 72
2026/07/28 20:56:30.718, 299.55, 100, 74232, 72
2026/07/28 20:56:31.756, 300.35, 100, 74232, 72
2026/07/28 20:56:32.792, 302.32, 100, 74232, 72
2026/07/28 20:56:33.831, 303.30, 100, 74232, 72
2026/07/28 20:56:34.868, 299.98, 100, 74232, 72
2026/07/28 20:56:35.903, 300.07, 100, 74232, 72
2026/07/28 20:56:36.941, 301.55, 100, 74232, 72
2026/07/28 20:56:37.978, 301.24, 100, 74232, 72
2026/07/28 20:56:39.018, 299.90, 100, 74232, 72
2026/07/28 20:56:40.054, 302.19, 100, 74232, 72
2026/07/28 20:56:41.093, 296.86, 100, 74232, 74
2026/07/28 20:56:42.129, 290.54, 100, 74232, 74
2026/07/28 20:56:43.168, 289.74, 100, 74232, 74
2026/07/28 20:56:44.205, 296.17, 100, 74232, 74
2026/07/28 20:56:45.239, 296.69, 100, 74232, 74
2026/07/28 20:56:46.274, 305.55, 100, 74232, 74
2026/07/28 20:56:47.307, 301.26, 100, 74232, 73
2026/07/28 20:56:48.343, 298.01, 100, 74232, 73
2026/07/28 20:56:49.383, 306.46, 100, 74232, 73
2026/07/28 20:56:50.419, 300.96, 100, 74232, 73
2026/07/28 20:56:51.456, 295.98, 100, 74232, 73
2026/07/28 20:56:52.494, 300.73, 100, 74232, 74
2026/07/28 20:56:53.528, 300.72, 100, 74232, 75
2026/07/28 20:56:54.563, 294.53, 100, 74232, 75
2026/07/28 20:56:55.601, 288.97, 100, 74232, 75
2026/07/28 20:56:56.636, 306.79, 100, 74232, 75
2026/07/28 20:56:57.669, 310.37, 100, 74232, 75
2026/07/28 20:56:58.704, 274.07, 100, 74232, 75
2026/07/28 20:56:59.743, 303.57, 100, 74232, 73
2026/07/28 20:57:00.779, 284.79, 100, 74232, 73
2026/07/28 20:57:01.816, 289.87, 100, 74232, 73
2026/07/28 20:57:02.854, 287.63, 58, 74232, 74
2026/07/28 20:57:03.890, 294.52, 100, 74232, 73
2026/07/28 20:57:04.928, 295.98, 100, 74232, 73
2026/07/28 20:57:05.967, 295.10, 100, 74232, 73
2026/07/28 20:57:07.005, 295.86, 100, 74232, 73
2026/07/28 20:57:08.043, 295.59, 100, 74232, 73
2026/07/28 20:57:09.080, 292.31, 100, 74232, 73
2026/07/28 20:57:10.118, 292.09, 100, 74232, 73
2026/07/28 20:57:11.156, 295.99, 100, 74232, 73
2026/07/28 20:57:12.194, 294.51, 100, 74232, 73
2026/07/28 20:57:13.232, 294.91, 100, 74232, 73
2026/07/28 20:57:14.270, 302.67, 100, 74232, 74
2026/07/28 20:57:15.309, 302.96, 100, 74232, 74
2026/07/28 20:57:16.346, 304.65, 100, 74232, 74
2026/07/28 20:57:17.385, 304.35, 100, 74232, 74
2026/07/28 20:57:18.423, 301.44, 100, 74232, 74
2026/07/28 20:57:19.460, 301.34, 100, 74232, 74
2026/07/28 20:57:20.498, 302.09, 100, 74232, 74
2026/07/28 20:57:21.536, 304.16, 100, 74232, 74
2026/07/28 20:57:22.574, 303.09, 100, 74232, 74
2026/07/28 20:57:23.611, 302.01, 100, 74232, 74
2026/07/28 20:57:24.649, 290.35, 100, 74232, 73
2026/07/28 20:57:25.689, 295.98, 100, 74232, 73
2026/07/28 20:57:26.727, 295.20, 100, 74232, 73
2026/07/28 20:57:27.764, 294.91, 100, 74232, 73
2026/07/28 20:57:28.802, 294.32, 100, 74232, 73
2026/07/28 20:57:29.840, 294.53, 100, 74232, 73
2026/07/28 20:57:30.881, 295.60, 100, 74232, 73
2026/07/28 20:57:31.920, 298.41, 100, 74232, 73
2026/07/28 20:57:32.957, 302.98, 100, 74232, 73
2026/07/28 20:57:33.997, 301.58, 100, 74232, 73
2026/07/28 20:57:35.035, 303.35, 100, 74232, 73
2026/07/28 20:57:36.073, 303.77, 100, 74232, 73
2026/07/28 20:57:37.111, 302.79, 100, 74232, 73
2026/07/28 20:57:38.148, 302.96, 100, 74232, 73
2026/07/28 20:57:39.188, 302.18, 100, 74232, 73
2026/07/28 20:57:40.225, 300.05, 100, 74232, 73
2026/07/28 20:57:41.264, 304.15, 100, 74232, 73
2026/07/28 20:57:42.303, 303.28, 100, 74232, 73
2026/07/28 20:57:43.340, 301.50, 100, 74232, 73
2026/07/28 20:57:44.379, 300.94, 100, 74232, 73
2026/07/28 20:57:45.417, 294.82, 100, 74232, 73
2026/07/28 20:57:46.455, 291.89, 100, 74232, 73
2026/07/28 20:57:47.493, 297.91, 100, 74232, 73
2026/07/28 20:57:48.531, 302.12, 100, 74232, 73
2026/07/28 20:57:49.572, 291.41, 100, 74232, 73
2026/07/28 20:57:50.609, 294.82, 100, 74232, 73
2026/07/28 20:57:51.651, 295.31, 100, 74232, 73
2026/07/28 20:57:52.690, 301.79, 100, 74232, 73
2026/07/28 20:57:53.727, 299.60, 100, 74232, 73
2026/07/28 20:57:54.768, 296.00, 100, 74232, 73
2026/07/28 20:57:55.806, 300.16, 100, 74232, 73
2026/07/28 20:57:56.843, 297.14, 100, 74232, 73
2026/07/28 20:57:57.880, 296.17, 100, 74232, 73
2026/07/28 20:57:58.919, 296.77, 100, 74232, 73
2026/07/28 20:57:59.956, 294.04, 100, 74232, 73
2026/07/28 20:58:00.994, 296.85, 100, 74232, 73
2026/07/28 20:58:02.031, 302.09, 100, 74232, 73
2026/07/28 20:58:03.069, 299.99, 100, 74232, 73
2026/07/28 20:58:04.105, 303.67, 100, 74232, 73
2026/07/28 20:58:05.144, 304.83, 100, 74232, 73
2026/07/28 20:58:06.181, 304.45, 100, 74232, 73
2026/07/28 20:58:07.217, 301.54, 100, 74232, 73
2026/07/28 20:58:08.253, 305.70, 100, 74232, 73
2026/07/28 20:58:09.290, 300.90, 100, 74232, 73
2026/07/28 20:58:10.327, 302.96, 100, 74232, 73
2026/07/28 20:58:11.365, 302.20, 100, 74232, 73
2026/07/28 20:58:12.402, 304.34, 100, 74232, 73
2026/07/28 20:58:13.439, 302.47, 100, 74232, 73
2026/07/28 20:58:14.479, 304.60, 100, 74232, 73
2026/07/28 20:58:15.518, 301.79, 100, 74232, 73
2026/07/28 20:58:16.555, 301.61, 100, 74232, 73
2026/07/28 20:58:17.596, 302.88, 100, 74232, 73
2026/07/28 20:58:18.634, 301.70, 100, 74232, 73
2026/07/28 20:58:19.671, 303.46, 100, 74232, 73
2026/07/28 20:58:20.709, 303.64, 100, 74232, 73
2026/07/28 20:58:21.746, 302.99, 100, 74232, 73
2026/07/28 20:58:22.783, 292.18, 100, 74232, 73
2026/07/28 20:58:23.821, 292.29, 100, 74232, 73
2026/07/28 20:58:24.859, 294.53, 100, 74232, 73
2026/07/28 20:58:25.896, 296.68, 100, 74232, 73
2026/07/28 20:58:26.934, 294.24, 100, 74232, 73
2026/07/28 20:58:27.972, 293.16, 100, 74232, 73
2026/07/28 20:58:29.009, 295.79, 100, 74232, 73
2026/07/28 20:58:30.048, 294.23, 100, 74232, 73
2026/07/28 20:58:31.085, 293.36, 100, 74232, 75
2026/07/28 20:58:32.125, 300.19, 100, 74232, 75
2026/07/28 20:58:33.160, 266.97, 100, 74232, 75
2026/07/28 20:58:34.200, 292.77, 100, 74232, 75
2026/07/28 20:58:35.235, 291.53, 100, 74232, 75
2026/07/28 20:58:36.270, 302.76, 100, 74232, 73
2026/07/28 20:58:37.308, 302.41, 100, 74232, 73
2026/07/28 20:58:38.346, 302.18, 100, 74232, 73
2026/07/28 20:58:39.383, 302.08, 100, 74232, 73
2026/07/28 20:58:40.422, 305.23, 100, 74232, 73
2026/07/28 20:58:41.460, 302.67, 100, 74232, 73
2026/07/28 20:58:42.499, 304.45, 100, 74232, 73
2026/07/28 20:58:43.537, 299.81, 100, 74232, 73
2026/07/28 20:58:44.576, 304.21, 100, 74232, 74
2026/07/28 20:58:45.614, 296.79, 100, 74232, 75
2026/07/28 20:58:46.648, 296.26, 100, 74232, 75
2026/07/28 20:58:47.685, 305.55, 100, 74232, 75
2026/07/28 20:58:48.721, 273.61, 100, 74232, 75
2026/07/28 20:58:49.756, 310.92, 100, 74232, 75
2026/07/28 20:58:50.793, 302.66, 100, 74232, 74
2026/07/28 20:58:51.831, 305.72, 100, 74232, 74
2026/07/28 20:58:52.869, 303.88, 100, 74232, 74
2026/07/28 20:58:53.907, 304.41, 100, 74232, 74
2026/07/28 20:58:54.951, 296.09, 100, 74232, 74
2026/07/28 20:58:55.990, 287.51, 93, 74232, 75
2026/07/28 20:58:57.027, 302.57, 100, 74232, 74
2026/07/28 20:58:58.066, 303.85, 100, 74232, 74
2026/07/28 20:58:59.104, 300.54, 100, 74232, 74
2026/07/28 20:59:00.143, 306.69, 100, 74232, 74
2026/07/28 20:59:01.180, 304.41, 100, 74232, 74
2026/07/28 20:59:02.219, 304.47, 100, 74232, 74
2026/07/28 20:59:03.257, 303.53, 100, 74232, 74
2026/07/28 20:59:04.294, 300.73, 100, 74232, 74
2026/07/28 20:59:05.330, 296.95, 100, 74232, 74
2026/07/28 20:59:06.368, 301.51, 100, 74232, 74
2026/07/28 20:59:07.406, 301.12, 100, 74232, 74
2026/07/28 20:59:08.449, 302.78, 100, 74232, 74
2026/07/28 20:59:09.487, 304.80, 100, 74232, 74
2026/07/28 20:59:10.524, 303.25, 100, 74232, 74
2026/07/28 20:59:11.562, 305.43, 100, 74232, 74
2026/07/28 20:59:12.601, 303.75, 100, 74232, 74
2026/07/28 20:59:13.641, 304.23, 100, 74232, 74
2026/07/28 20:59:14.681, 303.93, 100, 74232, 74
2026/07/28 20:59:15.719, 295.21, 100, 74232, 73
2026/07/28 20:59:16.759, 301.91, 100, 74232, 74
2026/07/28 20:59:17.798, 293.07, 100, 74232, 73
2026/07/28 20:59:18.835, 294.82, 100, 74232, 73
2026/07/28 20:59:19.873, 296.69, 100, 74232, 73
2026/07/28 20:59:20.910, 296.74, 100, 74232, 73
2026/07/28 20:59:21.947, 302.60, 100, 74232, 73
2026/07/28 20:59:22.985, 303.56, 100, 74232, 73
2026/07/28 20:59:24.025, 301.54, 100, 74232, 73
2026/07/28 20:59:25.062, 304.04, 100, 74232, 73
2026/07/28 20:59:26.099, 302.51, 100, 74232, 73
2026/07/28 20:59:27.137, 302.09, 100, 74232, 73
2026/07/28 20:59:28.174, 301.21, 100, 74232, 73
2026/07/28 20:59:29.211, 302.78, 100, 74232, 73
2026/07/28 20:59:30.248, 302.86, 100, 74232, 73
2026/07/28 20:59:31.285, 302.47, 100, 74232, 73
2026/07/28 20:59:32.322, 303.06, 100, 74232, 73
2026/07/28 20:59:33.359, 303.66, 100, 74232, 73
2026/07/28 20:59:34.396, 303.26, 100, 74232, 73
2026/07/28 20:59:35.434, 303.16, 100, 74232, 73
2026/07/28 20:59:36.471, 302.13, 100, 74232, 73
2026/07/28 20:59:37.508, 302.90, 100, 74232, 73
2026/07/28 20:59:38.551, 295.58, 100, 74232, 73
2026/07/28 20:59:39.588, 297.04, 100, 74232, 73
2026/07/28 20:59:40.625, 293.66, 100, 74232, 73
2026/07/28 20:59:41.667, 295.10, 100, 74232, 73
2026/07/28 20:59:42.704, 296.20, 100, 74232, 73
2026/07/28 20:59:43.742, 294.71, 100, 74232, 73
2026/07/28 20:59:44.780, 299.29, 100, 74232, 73
2026/07/28 20:59:45.818, 298.61, 100, 74232, 73
2026/07/28 20:59:46.858, 294.71, 100, 74232, 73
2026/07/28 20:59:47.895, 303.78, 100, 74232, 73
2026/07/28 20:59:48.931, 301.44, 100, 74232, 73
2026/07/28 20:59:49.969, 297.64, 100, 74232, 73
2026/07/28 20:59:51.007, 302.96, 100, 74232, 73
2026/07/28 20:59:52.045, 301.32, 100, 74232, 73
2026/07/28 20:59:53.081, 302.11, 100, 74232, 73
2026/07/28 20:59:54.118, 302.20, 100, 74232, 73
2026/07/28 20:59:55.156, 302.38, 100, 74232, 73
2026/07/28 20:59:56.195, 302.28, 100, 74232, 73
2026/07/28 20:59:57.231, 302.48, 100, 74232, 73
2026/07/28 20:59:58.269, 301.36, 100, 74232, 73
2026/07/28 20:59:59.305, 304.13, 100, 74232, 73
2026/07/28 21:00:00.342, 302.86, 100, 74232, 73
2026/07/28 21:00:01.379, 302.95, 100, 74232, 73
2026/07/28 21:00:02.418, 299.00, 100, 74232, 73
2026/07/28 21:00:03.463, 295.01, 100, 74232, 73
2026/07/28 21:00:04.502, 295.59, 100, 74232, 73
2026/07/28 21:00:05.540, 294.64, 100, 74232, 73
2026/07/28 21:00:06.578, 294.23, 100, 74232, 73
2026/07/28 21:00:07.615, 297.94, 100, 74232, 73
2026/07/28 21:00:08.653, 294.53, 100, 74232, 73
2026/07/28 21:00:09.689, 295.51, 100, 74232, 73
2026/07/28 21:00:10.726, 297.35, 100, 74232, 73
2026/07/28 21:00:11.763, 295.60, 100, 74232, 73
2026/07/28 21:00:12.801, 296.94, 100, 74232, 73
2026/07/28 21:00:13.838, 294.73, 100, 74232, 73
2026/07/28 21:00:14.876, 297.37, 100, 74232, 73
2026/07/28 21:00:15.913, 301.74, 100, 74232, 73
2026/07/28 21:00:16.949, 302.87, 100, 74232, 73
2026/07/28 21:00:17.986, 300.66, 100, 74232, 73
2026/07/28 21:00:19.022, 299.60, 100, 74232, 73
2026/07/28 21:00:20.062, 303.17, 100, 74232, 73
2026/07/28 21:00:21.099, 301.63, 100, 74232, 73
2026/07/28 21:00:22.137, 305.02, 100, 74232, 73
2026/07/28 21:00:23.176, 301.69, 100, 74232, 73
2026/07/28 21:00:24.213, 303.53, 100, 74232, 73
2026/07/28 21:00:25.256, 304.50, 100, 74232, 73
2026/07/28 21:00:26.294, 295.98, 100, 74232, 73
2026/07/28 21:00:27.333, 290.55, 100, 74232, 75
2026/07/28 21:00:28.371, 286.01, 100, 74232, 75
2026/07/28 21:00:29.406, 277.59, 100, 74232, 75
2026/07/28 21:00:30.442, 318.94, 100, 74232, 75
2026/07/28 21:00:31.482, 286.54, 100, 74232, 75
2026/07/28 21:00:32.518, 303.00, 100, 74232, 73
2026/07/28 21:00:33.556, 302.86, 100, 74232, 73
2026/07/28 21:00:34.594, 297.23, 100, 74232, 73
2026/07/28 21:00:35.632, 297.43, 100, 74232, 73
2026/07/28 21:00:36.671, 292.01, 100, 74232, 73
2026/07/28 21:00:37.708, 291.34, 100, 74232, 73
2026/07/28 21:00:38.745, 285.85, 100, 74232, 73
2026/07/28 21:00:39.785, 290.13, 100, 74232, 73
2026/07/28 21:00:40.824, 287.90, 100, 74232, 75
2026/07/28 21:00:41.859, 310.37, 100, 74232, 75
2026/07/28 21:00:42.895, 287.24, 100, 74232, 75
2026/07/28 21:00:43.930, 266.59, 100, 74232, 75
2026/07/28 21:00:44.965, 280.50, 100, 74232, 75
2026/07/28 21:00:46.000, 252.46, 100, 74232, 75
2026/07/28 21:00:47.036, 284.92, 100, 74232, 74
2026/07/28 21:00:48.075, 295.89, 100, 74232, 73
2026/07/28 21:00:49.115, 293.06, 100, 74232, 73
2026/07/28 21:00:50.152, 299.41, 100, 74232, 74
2026/07/28 21:00:51.189, 292.78, 100, 74232, 74
2026/07/28 21:00:52.227, 295.39, 100, 74232, 74
2026/07/28 21:00:53.264, 303.63, 100, 74232, 74
2026/07/28 21:00:54.302, 299.09, 100, 74232, 74
2026/07/28 21:00:55.339, 304.25, 100, 74232, 74
2026/07/28 21:00:56.377, 303.55, 100, 74232, 74
2026/07/28 21:00:57.417, 302.09, 100, 74232, 74
2026/07/28 21:00:58.454, 304.91, 100, 74232, 74
2026/07/28 21:00:59.492, 304.65, 100, 74232, 74
2026/07/28 21:01:00.530, 303.29, 100, 74232, 74
2026/07/28 21:01:01.569, 303.58, 100, 74232, 74
2026/07/28 21:01:02.608, 304.89, 100, 74232, 74
2026/07/28 21:01:03.644, 303.66, 100, 74232, 74
2026/07/28 21:01:04.680, 301.05, 100, 74232, 74
2026/07/28 21:01:05.716, 292.37, 100, 74232, 74
2026/07/28 21:01:06.755, 304.86, 100, 74232, 74
2026/07/28 21:01:07.792, 297.44, 100, 74232, 74
2026/07/28 21:01:08.829, 296.47, 100, 74232, 74
2026/07/28 21:01:09.866, 291.62, 100, 74232, 74
2026/07/28 21:01:10.904, 303.57, 100, 74232, 74
2026/07/28 21:01:11.943, 306.20, 100, 74232, 74
2026/07/28 21:01:12.982, 302.19, 100, 74232, 74
2026/07/28 21:01:14.018, 306.53, 100, 74232, 74
2026/07/28 21:01:15.055, 294.13, 100, 74232, 74
2026/07/28 21:01:16.092, 291.90, 100, 74232, 73
2026/07/28 21:01:17.130, 295.49, 100, 74232, 73
2026/07/28 21:01:18.168, 294.36, 100, 74232, 73
2026/07/28 21:01:19.207, 294.62, 100, 74232, 73
2026/07/28 21:01:20.246, 293.84, 100, 74232, 73
2026/07/28 21:01:21.283, 295.22, 100, 74232, 73
2026/07/28 21:01:22.322, 295.01, 100, 74232, 73
2026/07/28 21:01:23.359, 295.67, 100, 74232, 73
2026/07/28 21:01:24.398, 301.13, 100, 74232, 73
2026/07/28 21:01:25.436, 297.42, 100, 74232, 73
2026/07/28 21:01:26.473, 301.69, 100, 74232, 73
2026/07/28 21:01:27.510, 297.36, 100, 74232, 73
2026/07/28 21:01:28.548, 300.93, 100, 74232, 73
2026/07/28 21:01:29.587, 297.91, 100, 74232, 73
2026/07/28 21:01:30.625, 301.13, 100, 74232, 73
2026/07/28 21:01:31.663, 302.04, 100, 74232, 73
2026/07/28 21:01:32.703, 302.39, 100, 74232, 73
2026/07/28 21:01:33.741, 301.50, 100, 74232, 73
2026/07/28 21:01:34.779, 303.96, 100, 74232, 73
2026/07/28 21:01:35.817, 301.15, 100, 74232, 73
2026/07/28 21:01:36.854, 302.33, 100, 74232, 73
2026/07/28 21:01:37.892, 302.20, 100, 74232, 73
2026/07/28 21:01:38.930, 301.23, 100, 74232, 73
2026/07/28 21:01:39.967, 301.40, 100, 74232, 73
2026/07/28 21:01:41.005, 302.09, 100, 74232, 73
2026/07/28 21:01:42.042, 301.55, 100, 74232, 73
2026/07/28 21:01:43.080, 301.70, 100, 74232, 73
2026/07/28 21:01:44.117, 302.91, 100, 74232, 73
2026/07/28 21:01:45.155, 304.55, 100, 74232, 73
2026/07/28 21:01:46.195, 292.48, 100, 74232, 73
2026/07/28 21:01:47.232, 293.45, 100, 74232, 73
2026/07/28 21:01:48.270, 295.87, 100, 74232, 73
2026/07/28 21:01:49.308, 295.60, 100, 74232, 73
2026/07/28 21:01:50.349, 295.40, 100, 74232, 73
2026/07/28 21:01:51.387, 294.55, 100, 74232, 73
2026/07/28 21:01:52.423, 294.03, 100, 74232, 73
2026/07/28 21:01:53.461, 294.63, 100, 74232, 73
2026/07/28 21:01:54.498, 295.42, 100, 74232, 73
2026/07/28 21:01:55.537, 293.86, 100, 74232, 73
2026/07/28 21:01:56.574, 299.28, 100, 74232, 73
2026/07/28 21:01:57.614, 300.95, 100, 74232, 73
2026/07/28 21:01:58.653, 302.70, 100, 74232, 73
2026/07/28 21:01:59.690, 303.25, 100, 74232, 73
2026/07/28 21:02:00.729, 303.95, 100, 74232, 73
2026/07/28 21:02:01.765, 301.34, 100, 74232, 73
2026/07/28 21:02:02.803, 301.32, 100, 74232, 73
2026/07/28 21:02:03.843, 304.80, 100, 74232, 73
2026/07/28 21:02:04.880, 301.62, 100, 74232, 73
2026/07/28 21:02:05.918, 304.18, 100, 74232, 73
2026/07/28 21:02:06.956, 302.41, 100, 74232, 73
2026/07/28 21:02:07.994, 303.26, 100, 74232, 73
2026/07/28 21:02:09.032, 304.26, 100, 74232, 73
2026/07/28 21:02:10.069, 302.48, 100, 74232, 73
2026/07/28 21:02:11.102, 284.00, 100, 74232, 75
2026/07/28 21:02:12.141, 298.97, 100, 74232, 75
2026/07/28 21:02:13.177, 280.14, 100, 74232, 75
2026/07/28 21:02:14.218, 303.84, 100, 74232, 75
2026/07/28 21:02:15.253, 280.70, 100, 74232, 73
2026/07/28 21:02:16.292, 284.10, 100, 74232, 73
2026/07/28 21:02:17.330, 291.40, 100, 74232, 73
2026/07/28 21:02:18.370, 290.64, 100, 74232, 73
2026/07/28 21:02:19.408, 295.70, 100, 74232, 73
2026/07/28 21:02:20.446, 295.79, 100, 74232, 73
2026/07/28 21:02:21.484, 301.11, 100, 74232, 73
2026/07/28 21:02:22.525, 298.52, 100, 74232, 74
2026/07/28 21:02:23.565, 303.46, 100, 74232, 74
2026/07/28 21:02:24.602, 291.39, 100, 74232, 75
2026/07/28 21:02:25.640, 297.82, 100, 74232, 75
2026/07/28 21:02:26.676, 301.40, 100, 74232, 75
2026/07/28 21:02:27.712, 286.63, 100, 74232, 75
2026/07/28 21:02:28.749, 295.58, 100, 74232, 75
2026/07/28 21:02:29.786, 303.27, 100, 74232, 74
2026/07/28 21:02:30.824, 304.08, 100, 74232, 74
2026/07/28 21:02:31.860, 304.13, 100, 74232, 74
2026/07/28 21:02:32.898, 102.17, 12, 74232, 71
2026/07/28 21:02:33.931, 298.68, 100, 74232, 75
2026/07/28 21:02:35.030, 292.17, 100, 74232, 75
2026/07/28 21:02:36.066, 297.19, 100, 74232, 75
2026/07/28 21:02:37.102, 313.17, 100, 74232, 75
2026/07/28 21:02:38.138, 320.79, 100, 74232, 75
2026/07/28 21:02:39.175, 305.50, 100, 74232, 73
2026/07/28 21:02:40.213, 302.96, 100, 74232, 73
2026/07/28 21:02:41.250, 303.16, 100, 74232, 73
2026/07/28 21:02:42.287, 303.74, 100, 74232, 74
2026/07/28 21:02:43.326, 289.88, 100, 74232, 75
2026/07/28 21:02:44.362, 274.31, 100, 74232, 75
2026/07/28 21:02:45.399, 306.57, 100, 74232, 75
2026/07/28 21:02:46.434, 285.42, 100, 74232, 76
2026/07/28 21:02:47.469, 310.45, 100, 74232, 76
2026/07/28 21:02:48.506, 303.96, 100, 74232, 74
2026/07/28 21:02:49.543, 303.92, 100, 74232, 74
2026/07/28 21:02:50.581, 303.45, 100, 74232, 74
2026/07/28 21:02:51.621, 306.17, 100, 74232, 74
2026/07/28 21:02:52.660, 304.23, 100, 74232, 74
2026/07/28 21:02:53.698, 305.14, 100, 74232, 74
2026/07/28 21:02:54.736, 305.14, 100, 74232, 74
2026/07/28 21:02:55.775, 305.86, 100, 74232, 74
2026/07/28 21:02:56.813, 298.41, 100, 74232, 74
2026/07/28 21:02:57.853, 101.50, 0, 74232, 71
2026/07/28 21:02:58.885, 302.47, 100, 74232, 75
2026/07/28 21:02:59.921, 315.36, 100, 74232, 76
2026/07/28 21:03:00.961, 291.11, 100, 74232, 76
2026/07/28 21:03:01.996, 299.26, 100, 74232, 76
2026/07/28 21:03:03.030, 309.75, 100, 74232, 76
2026/07/28 21:03:04.065, 303.38, 100, 74232, 74
2026/07/28 21:03:05.102, 303.92, 100, 74232, 74
2026/07/28 21:03:06.139, 301.60, 100, 74232, 74
2026/07/28 21:03:07.176, 304.59, 100, 74232, 74
2026/07/28 21:03:08.214, 304.46, 100, 74232, 74
2026/07/28 21:03:09.252, 301.81, 100, 74232, 75
2026/07/28 21:03:10.289, 285.90, 100, 74232, 76
2026/07/28 21:03:11.324, 299.99, 100, 74232, 76
2026/07/28 21:03:12.362, 293.26, 100, 74232, 76
2026/07/28 21:03:13.398, 301.70, 100, 74232, 76
2026/07/28 21:03:14.434, 283.33, 100, 74232, 76
2026/07/28 21:03:15.471, 296.86, 100, 74232, 74
2026/07/28 21:03:16.510, 293.07, 100, 74232, 74
2026/07/28 21:03:17.548, 303.94, 100, 74232, 74
2026/07/28 21:03:18.588, 300.93, 100, 74232, 74
2026/07/28 21:03:19.628, 297.17, 100, 74232, 74
2026/07/28 21:03:20.666, 304.13, 100, 74232, 74
2026/07/28 21:03:21.705, 303.83, 100, 74232, 74
2026/07/28 21:03:22.743, 302.52, 100, 74232, 74
2026/07/28 21:03:23.781, 304.43, 100, 74232, 75
2026/07/28 21:03:24.819, 305.28, 100, 74232, 75
2026/07/28 21:03:25.857, 307.22, 100, 74232, 75
2026/07/28 21:03:26.895, 305.30, 100, 74232, 75
2026/07/28 21:03:27.936, 297.85, 100, 74232, 75
2026/07/28 21:03:28.971, 298.52, 100, 74232, 76
2026/07/28 21:03:30.006, 299.41, 100, 74232, 76
2026/07/28 21:03:31.049, 291.72, 100, 74232, 76
2026/07/28 21:03:32.086, 313.61, 100, 74232, 76
2026/07/28 21:03:33.120, 293.32, 100, 74232, 76
2026/07/28 21:03:34.158, 299.77, 100, 74232, 74
2026/07/28 21:03:35.197, 295.11, 100, 74232, 74
2026/07/28 21:03:36.235, 297.16, 100, 74232, 74
2026/07/28 21:03:37.271, 297.63, 100, 74232, 74
2026/07/28 21:03:38.308, 291.13, 100, 74232, 76
2026/07/28 21:03:39.344, 294.29, 100, 74232, 76
2026/07/28 21:03:40.380, 292.89, 100, 74232, 76
2026/07/28 21:03:41.417, 318.25, 100, 74232, 76
2026/07/28 21:03:42.450, 311.93, 100, 74232, 76
2026/07/28 21:03:43.483, 280.69, 100, 74232, 76
2026/07/28 21:03:44.518, 279.48, 100, 74232, 74
2026/07/28 21:03:45.557, 285.29, 100, 74232, 74
2026/07/28 21:03:46.594, 291.71, 100, 74232, 74
2026/07/28 21:03:47.632, 296.10, 100, 74232, 74
2026/07/28 21:03:48.669, 296.57, 100, 74232, 75
2026/07/28 21:03:49.707, 286.55, 100, 74232, 74
2026/07/28 21:03:50.744, 286.73, 100, 74232, 74
2026/07/28 21:03:51.783, 290.25, 100, 74232, 75
2026/07/28 21:03:52.820, 297.83, 100, 74232, 75
2026/07/28 21:03:53.862, 290.93, 100, 74232, 75
2026/07/28 21:03:54.899, 289.67, 100, 74232, 75
2026/07/28 21:03:55.935, 290.65, 100, 74232, 75
2026/07/28 21:03:56.972, 298.60, 100, 74232, 75
2026/07/28 21:03:58.009, 292.29, 100, 74232, 74
2026/07/28 21:03:59.045, 290.45, 100, 74232, 74
2026/07/28 21:04:00.081, 287.22, 100, 74232, 74
2026/07/28 21:04:01.118, 286.56, 100, 74232, 74
2026/07/28 21:04:02.157, 289.68, 100, 74232, 74
2026/07/28 21:04:03.194, 297.05, 100, 74232, 74
2026/07/28 21:04:04.230, 294.06, 100, 74232, 74
2026/07/28 21:04:05.267, 298.42, 100, 74232, 74
2026/07/28 21:04:06.304, 297.34, 100, 74232, 74
2026/07/28 21:04:07.341, 299.74, 100, 74232, 74
2026/07/28 21:04:08.381, 297.33, 100, 74232, 74
2026/07/28 21:04:09.419, 297.33, 100, 74232, 74
2026/07/28 21:04:10.456, 301.80, 100, 74232, 74
2026/07/28 21:04:11.493, 304.27, 100, 74232, 74
2026/07/28 21:04:12.532, 305.22, 100, 74232, 74
2026/07/28 21:04:13.569, 300.74, 100, 74232, 74
2026/07/28 21:04:14.610, 288.80, 77, 74232, 75
2026/07/28 21:04:15.646, 303.54, 100, 74232, 76
2026/07/28 21:04:16.682, 301.82, 100, 74232, 76
2026/07/28 21:04:17.716, 298.21, 100, 74232, 76
2026/07/28 21:04:18.750, 280.87, 100, 74232, 76
2026/07/28 21:04:19.789, 303.19, 100, 74232, 76
2026/07/28 21:04:20.823, 315.04, 100, 74232, 76
2026/07/28 21:04:21.857, 303.94, 100, 74232, 74
2026/07/28 21:04:22.894, 304.86, 100, 74232, 74
2026/07/28 21:04:23.931, 304.56, 100, 74232, 74
2026/07/28 21:04:24.968, 301.23, 100, 74232, 74
2026/07/28 21:04:26.005, 306.54, 100, 74232, 74
2026/07/28 21:04:27.042, 305.19, 100, 74232, 74
2026/07/28 21:04:28.079, 299.02, 100, 74232, 74
2026/07/28 21:04:29.116, 297.94, 100, 74232, 74
2026/07/28 21:04:30.151, 306.05, 87, 74232, 75
2026/07/28 21:04:31.264, 304.35, 100, 74232, 75
2026/07/28 21:04:32.297, 304.50, 100, 74232, 76
2026/07/28 21:04:33.333, 280.01, 100, 74232, 75
2026/07/28 21:04:34.369, 292.02, 100, 74232, 75
2026/07/28 21:04:35.413, 326.47, 100, 74232, 76
2026/07/28 21:04:36.447, 305.39, 100, 74232, 75
2026/07/28 21:04:37.480, 304.42, 100, 74232, 74
2026/07/28 21:04:38.518, 304.42, 100, 74232, 74
2026/07/28 21:04:39.554, 304.08, 100, 74232, 74
2026/07/28 21:04:40.590, 304.36, 100, 74232, 74
2026/07/28 21:04:41.629, 304.07, 100, 74232, 74
2026/07/28 21:04:42.666, 100.78, 0, 74232, 72
2026/07/28 21:04:43.702, 280.34, 100, 74232, 75
2026/07/28 21:04:44.738, 298.48, 100, 74232, 75
2026/07/28 21:04:45.774, 298.89, 100, 74232, 76
2026/07/28 21:04:46.810, 297.81, 100, 74232, 75
2026/07/28 21:04:47.846, 322.50, 100, 74232, 76
2026/07/28 21:04:48.882, 315.64, 100, 74232, 76
2026/07/28 21:04:49.921, 244.84, 100, 74232, 74
2026/07/28 21:04:50.959, 279.73, 100, 74232, 74
2026/07/28 21:04:51.997, 289.77, 100, 74232, 74
2026/07/28 21:04:53.034, 293.58, 100, 74232, 74
2026/07/28 21:04:54.071, 297.52, 100, 74232, 74
2026/07/28 21:04:55.109, 297.82, 100, 74232, 74
2026/07/28 21:04:56.147, 296.68, 100, 74232, 74
2026/07/28 21:04:57.188, 304.61, 100, 74232, 74
2026/07/28 21:04:58.226, 100.96, 57, 74232, 72
2026/07/28 21:04:59.261, 100.66, 0, 74232, 70
2026/07/28 21:05:00.294, 99.70, 0, 74232, 70
2026/07/28 21:05:01.328, 99.13, 0, 74232, 69
2026/07/28 21:05:02.359, 97.10, 0, 74232, 69
2026/07/28 21:05:03.391, 96.48, 0, 74232, 68
2026/07/28 21:05:04.423, 96.58, 0, 74232, 68
2026/07/28 21:05:05.455, 96.06, 0, 74232, 67
2026/07/28 21:05:06.485, 95.38, 0, 74232, 67
2026/07/28 21:05:07.517, 94.38, 0, 74232, 66
2026/07/28 21:05:08.547, 93.42, 0, 74232, 66
2026/07/28 21:05:09.578, 92.60, 0, 74232, 65
2026/07/28 21:05:10.609, 93.32, 0, 74232, 65
2026/07/28 21:05:11.639, 92.99, 0, 74232, 65
2026/07/28 21:05:12.671, 91.30, 0, 74232, 64
2026/07/28 21:05:13.704, 91.71, 0, 74232, 64
2026/07/28 21:05:14.767, 91.38, 0, 74232, 64
2026/07/28 21:05:15.800, 89.21, 0, 74232, 63
2026/07/28 21:05:16.830, 90.38, 0, 74232, 63
2026/07/28 21:05:17.861, 90.23, 0, 74232, 63
2026/07/28 21:05:18.893, 89.96, 0, 74232, 63
2026/07/28 21:05:19.924, 88.62, 0, 74232, 62
2026/07/28 21:05:20.954, 88.10, 0, 74232, 62
2026/07/28 21:05:21.985, 88.95, 0, 74232, 62
2026/07/28 21:05:23.015, 87.81, 0, 74232, 61
2026/07/28 21:05:24.046, 87.45, 0, 74232, 61
2026/07/28 21:05:25.078, 88.10, 0, 74232, 61
2026/07/28 21:05:26.113, 86.72, 0, 74232, 61
2026/07/28 21:05:27.146, 310.28, 84, 74232, 65
2026/07/28 21:05:28.181, 292.48, 100, 74232, 66
2026/07/28 21:05:29.214, 295.77, 100, 74232, 66
2026/07/28 21:05:30.248, 292.57, 100, 74232, 67
2026/07/28 21:05:31.281, 302.96, 100, 74232, 67
2026/07/28 21:05:32.318, 250.44, 100, 74232, 66
2026/07/28 21:05:33.357, 277.85, 100, 74232, 66
2026/07/28 21:05:34.395, 293.44, 100, 74232, 66
2026/07/28 21:05:35.432, 293.95, 100, 74232, 66
2026/07/28 21:05:36.471, 294.06, 100, 74232, 67
2026/07/28 21:05:37.509, 295.18, 100, 74232, 67
2026/07/28 21:05:38.546, 290.90, 100, 74232, 67
2026/07/28 21:05:39.583, 300.43, 100, 74232, 69
2026/07/28 21:05:40.628, 294.15, 100, 74232, 69
2026/07/28 21:05:41.661, 300.54, 100, 74232, 70
2026/07/28 21:05:42.695, 312.41, 100, 74232, 70
2026/07/28 21:05:43.729, 280.77, 100, 74232, 70
2026/07/28 21:05:44.766, 303.26, 100, 74232, 69
2026/07/28 21:05:45.805, 304.99, 100, 74232, 69
2026/07/28 21:05:46.842, 279.17, 100, 74232, 70
2026/07/28 21:05:47.881, 304.81, 100, 74232, 71
2026/07/28 21:05:48.915, 291.27, 100, 74232, 71
2026/07/28 21:05:49.948, 294.22, 100, 74232, 71
2026/07/28 21:05:50.982, 265.93, 100, 74232, 71
2026/07/28 21:05:52.024, 316.20, 100, 74232, 71
2026/07/28 21:05:53.059, 293.52, 100, 74232, 72
2026/07/28 21:05:54.096, 306.06, 100, 74232, 70
2026/07/28 21:05:55.134, 307.09, 100, 74232, 70
2026/07/28 21:05:56.176, 300.67, 100, 74232, 70
2026/07/28 21:05:57.213, 301.80, 100, 74232, 71
2026/07/28 21:05:58.249, 301.12, 100, 74232, 71
2026/07/28 21:05:59.285, 300.83, 100, 74232, 71
2026/07/28 21:06:00.321, 301.13, 100, 74232, 71
2026/07/28 21:06:01.357, 301.41, 100, 74232, 71
2026/07/28 21:06:02.394, 289.38, 100, 74232, 71
2026/07/28 21:06:03.432, 295.10, 100, 74232, 73
2026/07/28 21:06:04.466, 300.82, 100, 74232, 73
2026/07/28 21:06:05.499, 301.33, 100, 74232, 73
2026/07/28 21:06:06.535, 301.98, 100, 74232, 74
2026/07/28 21:06:07.570, 285.07, 100, 74232, 73
2026/07/28 21:06:08.607, 311.07, 100, 74232, 74
2026/07/28 21:06:09.643, 298.52, 100, 74232, 72
2026/07/28 21:06:10.681, 291.62, 100, 74232, 72
2026/07/28 21:06:11.718, 295.22, 100, 74232, 72
2026/07/28 21:06:12.755, 295.31, 100, 74232, 72
2026/07/28 21:06:13.794, 294.64, 100, 74232, 72
2026/07/28 21:06:14.831, 302.40, 100, 74232, 72
2026/07/28 21:06:15.867, 303.96, 100, 74232, 72
2026/07/28 21:06:16.905, 306.38, 100, 74232, 74
2026/07/28 21:06:17.939, 296.25, 100, 74232, 74
2026/07/28 21:06:18.973, 296.89, 100, 74232, 74
2026/07/28 21:06:20.012, 287.49, 100, 74232, 74
2026/07/28 21:06:21.045, 279.71, 100, 74232, 74
2026/07/28 21:06:22.080, 305.39, 100, 74232, 74
2026/07/28 21:06:23.121, 310.16, 100, 74232, 75
2026/07/28 21:06:24.156, 285.36, 100, 74232, 72
2026/07/28 21:06:25.194, 288.61, 100, 74232, 72
2026/07/28 21:06:26.230, 285.11, 100, 74232, 72
2026/07/28 21:06:27.266, 285.19, 100, 74232, 73
2026/07/28 21:06:28.303, 256.43, 100, 74232, 74
2026/07/28 21:06:29.340, 294.30, 100, 74232, 75
2026/07/28 21:06:30.374, 305.60, 100, 74232, 75
2026/07/28 21:06:31.416, 293.14, 100, 74232, 75
2026/07/28 21:06:32.449, 303.47, 100, 74232, 75
2026/07/28 21:06:33.483, 302.12, 100, 74232, 75
2026/07/28 21:06:34.517, 312.08, 100, 74232, 75
2026/07/28 21:06:35.557, 305.34, 100, 74232, 73
2026/07/28 21:06:36.594, 305.12, 100, 74232, 73
2026/07/28 21:06:37.633, 304.69, 100, 74232, 73
2026/07/28 21:06:38.672, 305.29, 100, 74232, 74
2026/07/28 21:06:39.710, 305.62, 100, 74232, 74
2026/07/28 21:06:40.747, 305.03, 100, 74232, 74
2026/07/28 21:06:41.784, 296.86, 100, 74232, 75
2026/07/28 21:06:42.819, 298.11, 100, 74232, 75
2026/07/28 21:06:43.853, 299.37, 100, 74232, 75
2026/07/28 21:06:44.887, 289.96, 100, 74232, 76
2026/07/28 21:06:45.921, 276.99, 100, 74232, 75
2026/07/28 21:06:46.955, 260.44, 100, 74232, 75
2026/07/28 21:06:47.989, 291.30, 100, 74232, 76
2026/07/28 21:06:49.025, 288.51, 100, 74232, 74
2026/07/28 21:06:50.061, 287.03, 100, 74232, 74
2026/07/28 21:06:51.097, 288.61, 100, 74232, 74
2026/07/28 21:06:52.134, 290.06, 100, 74232, 76
2026/07/28 21:06:53.168, 281.91, 100, 74232, 75
2026/07/28 21:06:54.202, 307.05, 100, 74232, 76
2026/07/28 21:06:55.236, 279.13, 100, 74232, 76
2026/07/28 21:06:56.271, 297.19, 100, 74232, 76
2026/07/28 21:06:57.305, 273.32, 100, 74232, 76
2026/07/28 21:06:58.345, 291.09, 100, 74232, 76
2026/07/28 21:06:59.379, 305.02, 100, 74232, 74
2026/07/28 21:07:00.417, 303.96, 100, 74232, 74
2026/07/28 21:07:01.456, 297.36, 100, 74232, 74
2026/07/28 21:07:02.495, 298.60, 100, 74232, 76
2026/07/28 21:07:03.531, 297.32, 100, 74232, 76
2026/07/28 21:07:04.566, 304.87, 100, 74232, 76
2026/07/28 21:07:05.601, 305.74, 100, 74232, 76
2026/07/28 21:07:06.638, 300.82, 100, 74232, 76
2026/07/28 21:07:07.680, 329.06, 100, 74232, 76
2026/07/28 21:07:08.716, 280.25, 100, 74232, 76
2026/07/28 21:07:09.755, 298.54, 100, 74232, 74
2026/07/28 21:07:10.793, 289.86, 100, 74232, 74
2026/07/28 21:07:11.831, 292.20, 100, 74232, 74
2026/07/28 21:07:12.868, 292.29, 100, 74232, 74
2026/07/28 21:07:13.906, 289.78, 100, 74232, 74
2026/07/28 21:07:14.943, 288.79, 100, 74232, 74
2026/07/28 21:07:15.982, 289.77, 100, 74232, 74
2026/07/28 21:07:17.018, 291.21, 100, 74232, 75
2026/07/28 21:07:18.061, 291.42, 100, 74232, 75
2026/07/28 21:07:19.105, 102.42, 0, 74232, 72
2026/07/28 21:07:20.137, 101.06, 0, 74232, 71
2026/07/28 21:07:21.170, 99.80, 0, 74232, 70
2026/07/28 21:07:22.201, 99.41, 0, 74232, 70
2026/07/28 21:07:23.233, 97.50, 0, 74232, 69
2026/07/28 21:07:24.266, 97.17, 0, 74232, 68
2026/07/28 21:07:25.293, 96.85, 0, 74232, 68
2026/07/28 21:07:26.318, 95.58, 0, 74232, 67
2026/07/28 21:07:27.342, 95.92, 0, 74232, 67
2026/07/28 21:07:28.367, 94.16, 0, 74232, 67
2026/07/28 21:07:29.392, 93.25, 0, 74232, 66
2026/07/28 21:07:30.416, 93.63, 0, 74232, 66
2026/07/28 21:07:31.441, 92.41, 0, 74232, 65
2026/07/28 21:07:32.470, 91.84, 0, 74232, 65
2026/07/28 21:07:33.496, 93.19, 0, 74232, 65
2026/07/28 21:07:34.527, 90.68, 0, 74232, 64
2026/07/28 21:07:35.557, 90.67, 0, 74232, 64
2026/07/28 21:07:36.588, 90.20, 0, 74232, 64
2026/07/28 21:07:37.618, 90.55, 0, 74232, 63
2026/07/28 21:07:38.651, 89.48, 0, 74232, 63
2026/07/28 21:07:39.682, 89.49, 0, 74232, 63
2026/07/28 21:07:40.713, 88.81, 0, 74232, 63
2026/07/28 21:07:41.744, 89.32, 0, 74232, 62
2026/07/28 21:07:42.774, 88.41, 0, 74232, 62
2026/07/28 21:07:43.804, 88.11, 0, 74232, 62
2026/07/28 21:07:44.833, 87.99, 0, 74232, 62
2026/07/28 21:07:45.862, 87.38, 0, 74232, 61
2026/07/28 21:07:46.887, 88.29, 0, 74232, 61
2026/07/28 21:07:47.914, 307.92, 100, 74232, 66
2026/07/28 21:07:48.945, 279.45, 100, 74232, 67
2026/07/28 21:07:49.973, 307.86, 100, 74232, 67
2026/07/28 21:07:51.002, 292.67, 100, 74232, 67
2026/07/28 21:07:52.031, 300.38, 100, 74232, 66
2026/07/28 21:07:53.062, 292.30, 100, 74232, 66
2026/07/28 21:07:54.092, 295.49, 100, 74232, 66
2026/07/28 21:07:55.123, 301.92, 100, 74232, 67
2026/07/28 21:07:56.154, 301.14, 100, 74232, 67
2026/07/28 21:07:57.187, 302.80, 100, 74232, 67
2026/07/28 21:07:58.217, 300.56, 100, 74232, 67
2026/07/28 21:07:59.247, 280.83, 100, 74232, 69
2026/07/28 21:08:00.311, 292.17, 100, 74232, 69
2026/07/28 21:08:01.350, 283.01, 100, 74232, 70
2026/07/28 21:08:02.383, 275.73, 100, 74232, 70
2026/07/28 21:08:03.416, 293.08, 100, 74232, 68
2026/07/28 21:08:04.448, 294.35, 100, 74232, 68
2026/07/28 21:08:05.487, 295.00, 100, 74232, 69
2026/07/28 21:08:06.517, 304.45, 100, 74232, 69
2026/07/28 21:08:07.549, 303.99, 100, 74232, 69
2026/07/28 21:08:08.584, 304.74, 100, 74232, 69
2026/07/28 21:08:09.615, 303.64, 100, 74232, 69
2026/07/28 21:08:10.646, 294.35, 100, 74232, 71
2026/07/28 21:08:11.675, 295.30, 100, 74232, 71
2026/07/28 21:08:12.704, 309.38, 100, 74232, 72
2026/07/28 21:08:13.738, 311.05, 100, 74232, 72
2026/07/28 21:08:14.772, 269.41, 100, 74232, 70
2026/07/28 21:08:15.812, 287.82, 100, 74232, 70
2026/07/28 21:08:16.847, 288.68, 100, 74232, 70
2026/07/28 21:08:17.884, 293.44, 100, 74232, 70
2026/07/28 21:08:18.920, 282.38, 100, 74232, 72
2026/07/28 21:08:19.954, 308.99, 100, 74232, 73
2026/07/28 21:08:20.986, 291.17, 100, 74232, 73
2026/07/28 21:08:22.020, 295.58, 100, 74232, 73
2026/07/28 21:08:23.052, 294.90, 100, 74232, 73
2026/07/28 21:08:24.086, 299.87, 100, 74232, 71
2026/07/28 21:08:25.118, 300.23, 100, 74232, 71
2026/07/28 21:08:26.150, 300.76, 100, 74232, 71
2026/07/28 21:08:27.184, 301.80, 100, 74232, 72
2026/07/28 21:08:28.221, 299.17, 100, 74232, 73
2026/07/28 21:08:29.253, 302.05, 100, 74232, 74
2026/07/28 21:08:30.286, 302.95, 100, 74232, 74
2026/07/28 21:08:31.321, 275.82, 100, 74232, 74
2026/07/28 21:08:32.357, 310.44, 100, 74232, 74
2026/07/28 21:08:33.392, 302.97, 100, 74232, 72
2026/07/28 21:08:34.429, 302.19, 100, 74232, 72
2026/07/28 21:08:35.466, 303.56, 100, 74232, 72
2026/07/28 21:08:36.502, 303.48, 100, 74232, 72
2026/07/28 21:08:37.539, 302.30, 100, 74232, 72
2026/07/28 21:08:38.576, 293.75, 100, 74232, 74
2026/07/28 21:08:39.607, 301.79, 100, 74232, 74
2026/07/28 21:08:40.636, 292.29, 100, 74232, 74
2026/07/28 21:08:41.672, 289.19, 100, 74232, 74
2026/07/28 21:08:42.702, 322.48, 100, 74232, 75
2026/07/28 21:08:43.730, 286.46, 100, 74232, 73
2026/07/28 21:08:44.767, 288.33, 100, 74232, 72
2026/07/28 21:08:45.808, 283.91, 100, 74232, 72
2026/07/28 21:08:46.845, 295.70, 100, 74232, 73
2026/07/28 21:08:47.882, 300.84, 100, 74232, 74
2026/07/28 21:08:48.917, 298.78, 100, 74232, 74
2026/07/28 21:08:49.951, 280.59, 100, 74232, 74
2026/07/28 21:08:50.984, 288.69, 100, 74232, 75
2026/07/28 21:08:52.017, 318.40, 100, 74232, 75
2026/07/28 21:08:53.047, 276.14, 100, 74232, 73
2026/07/28 21:08:54.081, 288.70, 100, 74232, 73
2026/07/28 21:08:55.116, 289.46, 100, 74232, 73
2026/07/28 21:08:56.152, 293.28, 100, 74232, 73
2026/07/28 21:08:57.190, 291.70, 100, 74232, 75
2026/07/28 21:08:58.220, 295.68, 100, 74232, 75
2026/07/28 21:08:59.253, 306.98, 100, 74232, 75
2026/07/28 21:09:00.296, 290.15, 100, 74232, 75
2026/07/28 21:09:01.330, 315.04, 100, 74232, 75
2026/07/28 21:09:02.366, 301.23, 100, 74232, 75
2026/07/28 21:09:03.401, 304.36, 100, 74232, 73
2026/07/28 21:09:04.439, 304.92, 100, 74232, 74
2026/07/28 21:09:05.475, 305.04, 100, 74232, 74
2026/07/28 21:09:06.512, 304.07, 100, 74232, 74
2026/07/28 21:09:07.549, 296.05, 100, 74232, 75
2026/07/28 21:09:08.583, 301.00, 100, 74232, 75
2026/07/28 21:09:09.617, 299.93, 100, 74232, 75
2026/07/28 21:09:10.653, 292.47, 100, 74232, 75
2026/07/28 21:09:11.690, 303.90, 100, 74232, 76
2026/07/28 21:09:12.723, 307.89, 100, 74232, 76
2026/07/28 21:09:13.757, 292.11, 100, 74232, 74
2026/07/28 21:09:14.794, 291.51, 100, 74232, 74
2026/07/28 21:09:15.831, 292.10, 100, 74232, 74
2026/07/28 21:09:16.869, 284.05, 100, 74232, 75
2026/07/28 21:09:17.903, 291.07, 100, 74232, 76
2026/07/28 21:09:18.936, 292.67, 100, 74232, 76
2026/07/28 21:09:19.970, 277.65, 100, 74232, 76
2026/07/28 21:09:21.005, 295.60, 100, 74232, 76
2026/07/28 21:09:22.039, 327.74, 100, 74232, 76
2026/07/28 21:09:23.073, 298.35, 100, 74232, 74
2026/07/28 21:09:24.113, 299.09, 100, 74232, 74
2026/07/28 21:09:25.149, 298.70, 100, 74232, 74
2026/07/28 21:09:26.185, 299.00, 100, 74232, 74
2026/07/28 21:09:27.222, 298.62, 100, 74232, 74
2026/07/28 21:09:28.258, 299.27, 100, 74232, 74
2026/07/28 21:09:29.295, 295.20, 100, 74232, 74
2026/07/28 21:09:30.339, 293.94, 100, 74232, 74
2026/07/28 21:09:31.376, 290.53, 100, 74232, 74
2026/07/28 21:09:32.413, 288.79, 100, 74232, 74
2026/07/28 21:09:33.450, 298.22, 100, 74232, 74
2026/07/28 21:09:34.486, 296.66, 100, 74232, 74
2026/07/28 21:09:35.522, 102.17, 100, 74232, 72
2026/07/28 21:09:36.555, 303.92, 100, 74232, 76
2026/07/28 21:09:37.672, 295.70, 100, 74232, 76
2026/07/28 21:09:38.705, 285.92, 100, 74232, 76
2026/07/28 21:09:39.741, 314.36, 100, 74232, 76
2026/07/28 21:09:40.779, 303.54, 100, 74232, 76
2026/07/28 21:09:41.812, 311.49, 100, 74232, 76
2026/07/28 21:09:42.846, 305.22, 100, 74232, 74
2026/07/28 21:09:43.883, 305.48, 100, 74232, 74
2026/07/28 21:09:44.920, 304.71, 100, 74232, 74
2026/07/28 21:09:45.957, 304.96, 93, 74232, 76
2026/07/28 21:09:46.991, 301.91, 100, 74232, 76
2026/07/28 21:09:48.026, 306.59, 100, 74232, 76
2026/07/28 21:09:49.061, 294.20, 100, 74232, 76
2026/07/28 21:09:50.095, 296.92, 100, 74232, 76
2026/07/28 21:09:51.130, 279.42, 100, 74232, 76
2026/07/28 21:09:52.170, 313.70, 100, 74232, 76
2026/07/28 21:09:53.204, 272.08, 100, 74232, 74
2026/07/28 21:09:54.242, 288.99, 100, 74232, 74
2026/07/28 21:09:55.277, 293.56, 100, 74232, 74
2026/07/28 21:09:56.315, 297.93, 100, 74232, 74
2026/07/28 21:09:57.352, 287.54, 100, 74232, 74
2026/07/28 21:09:58.390, 294.13, 100, 74232, 74
2026/07/28 21:09:59.425, 101.55, 52, 74232, 72
2026/07/28 21:10:00.458, 299.65, 100, 74232, 76
2026/07/28 21:10:01.495, 301.50, 100, 74232, 76
2026/07/28 21:10:02.530, 303.18, 100, 74232, 76
2026/07/28 21:10:03.564, 319.09, 100, 74232, 76
2026/07/28 21:10:04.605, 280.20, 100, 74232, 76
2026/07/28 21:10:05.639, 299.68, 100, 74232, 76
2026/07/28 21:10:06.677, 288.70, 100, 74232, 74
2026/07/28 21:10:07.719, 289.27, 100, 74232, 74
2026/07/28 21:10:08.756, 291.42, 100, 74232, 74
2026/07/28 21:10:09.793, 111.40, 100, 74232, 72
2026/07/28 21:10:10.826, 296.18, 100, 74232, 76
2026/07/28 21:10:11.921, 298.16, 100, 74232, 76
2026/07/28 21:10:12.957, 303.46, 100, 74232, 76
2026/07/28 21:10:14.005, 314.57, 100, 74232, 76
2026/07/28 21:10:15.041, 306.08, 100, 74232, 76
2026/07/28 21:10:16.083, 287.31, 100, 74232, 76
2026/07/28 21:10:17.118, 288.46, 100, 74232, 75
2026/07/28 21:10:18.156, 286.36, 100, 74232, 74
2026/07/28 21:10:19.197, 286.65, 100, 74232, 74
2026/07/28 21:10:20.234, 285.98, 100, 74232, 74
2026/07/28 21:10:21.277, 286.45, 100, 74232, 74
2026/07/28 21:10:22.315, 102.26, 18, 74232, 72
2026/07/28 21:10:23.349, 306.85, 100, 74232, 76
2026/07/28 21:10:24.383, 301.33, 100, 74232, 76
2026/07/28 21:10:25.421, 293.83, 100, 74232, 76
2026/07/28 21:10:26.455, 294.81, 100, 74232, 76
2026/07/28 21:10:27.488, 284.25, 100, 74232, 76
2026/07/28 21:10:28.525, 292.38, 100, 74232, 76
2026/07/28 21:10:29.563, 267.11, 100, 74232, 74
2026/07/28 21:10:30.600, 285.37, 100, 74232, 74
2026/07/28 21:10:31.640, 289.96, 100, 74232, 74
2026/07/28 21:10:32.679, 299.01, 100, 74232, 74
2026/07/28 21:10:33.718, 300.09, 100, 74232, 74
2026/07/28 21:10:34.756, 298.23, 100, 74232, 75
2026/07/28 21:10:35.792, 297.85, 100, 74232, 75
2026/07/28 21:10:36.829, 297.92, 100, 74232, 75
2026/07/28 21:10:37.865, 298.05, 100, 74232, 75
2026/07/28 21:10:38.902, 299.94, 100, 74232, 75
2026/07/28 21:10:39.939, 103.38, 0, 74232, 72
2026/07/28 21:10:40.971, 298.52, 100, 74232, 76
2026/07/28 21:10:42.007, 305.61, 100, 74232, 76
2026/07/28 21:10:43.041, 290.23, 100, 74232, 76
2026/07/28 21:10:44.074, 284.11, 100, 74232, 76
2026/07/28 21:10:45.108, 293.65, 100, 74232, 76
2026/07/28 21:10:46.144, 318.85, 100, 74232, 76
2026/07/28 21:10:47.184, 309.63, 100, 74232, 74
2026/07/28 21:10:48.221, 290.07, 100, 74232, 74
2026/07/28 21:10:49.265, 285.77, 100, 74232, 74
2026/07/28 21:10:50.303, 291.31, 100, 74232, 74
2026/07/28 21:10:51.340, 296.48, 100, 74232, 74
2026/07/28 21:10:52.378, 288.01, 100, 74232, 74
2026/07/28 21:10:53.418, 290.63, 100, 74232, 74
2026/07/28 21:10:54.456, 293.07, 100, 74232, 74
2026/07/28 21:10:55.493, 295.79, 100, 74232, 74
2026/07/28 21:10:56.530, 297.56, 100, 74232, 74
2026/07/28 21:10:57.569, 300.18, 100, 74232, 74
2026/07/28 21:10:58.606, 305.38, 100, 74232, 74
2026/07/28 21:10:59.645, 299.88, 100, 74232, 74
2026/07/28 21:11:00.683, 304.12, 100, 74232, 74
2026/07/28 21:11:01.719, 300.37, 100, 74232, 74
2026/07/28 21:11:02.756, 306.20, 100, 74232, 74
2026/07/28 21:11:03.792, 304.83, 100, 74232, 74
2026/07/28 21:11:04.829, 296.07, 100, 74232, 74
2026/07/28 21:11:05.866, 293.95, 100, 74232, 74
2026/07/28 21:11:06.904, 292.49, 100, 74232, 74
2026/07/28 21:11:07.942, 301.20, 100, 74232, 74
2026/07/28 21:11:08.979, 304.36, 100, 74232, 74
2026/07/28 21:11:10.015, 303.54, 100, 74232, 74
2026/07/28 21:11:11.053, 296.18, 100, 74232, 74
2026/07/28 21:11:12.090, 304.27, 100, 74232, 74
2026/07/28 21:11:13.128, 299.47, 100, 74232, 74
2026/07/28 21:11:14.165, 295.89, 100, 74232, 74
2026/07/28 21:11:15.202, 296.07, 100, 74232, 74
2026/07/28 21:11:16.238, 301.15, 100, 74232, 74
2026/07/28 21:11:17.274, 295.69, 100, 74232, 74
2026/07/28 21:11:18.312, 303.72, 100, 74232, 74
2026/07/28 21:11:19.348, 303.68, 100, 74232, 74
2026/07/28 21:11:20.387, 300.42, 100, 74232, 74
2026/07/28 21:11:21.423, 306.01, 100, 74232, 74
2026/07/28 21:11:22.460, 304.26, 100, 74232, 74
2026/07/28 21:11:23.495, 305.32, 100, 74232, 74
2026/07/28 21:11:24.533, 302.86, 100, 74232, 74
2026/07/28 21:11:25.571, 297.25, 100, 74232, 74
2026/07/28 21:11:26.608, 295.97, 100, 74232, 74
2026/07/28 21:11:27.644, 296.96, 100, 74232, 74
2026/07/28 21:11:28.683, 298.89, 100, 74232, 74
2026/07/28 21:11:29.719, 291.81, 100, 74232, 74
2026/07/28 21:11:30.759, 292.29, 100, 74232, 74
2026/07/28 21:11:31.796, 296.48, 100, 74232, 74
2026/07/28 21:11:32.832, 295.96, 100, 74232, 74
2026/07/28 21:11:33.868, 295.50, 100, 74232, 74
2026/07/28 21:11:34.904, 296.15, 100, 74232, 74
2026/07/28 21:11:35.941, 296.46, 100, 74232, 74
2026/07/28 21:11:36.977, 296.27, 100, 74232, 74
2026/07/28 21:11:38.014, 297.82, 100, 74232, 74
2026/07/28 21:11:39.050, 296.20, 100, 74232, 74
2026/07/28 21:11:40.087, 294.35, 100, 74232, 74
2026/07/28 21:11:41.124, 295.80, 100, 74232, 74
2026/07/28 21:11:42.160, 301.45, 100, 74232, 74
2026/07/28 21:11:43.198, 294.24, 100, 74232, 74
2026/07/28 21:11:44.237, 295.12, 100, 74232, 74
2026/07/28 21:11:45.273, 302.69, 100, 74232, 74
2026/07/28 21:11:46.310, 302.01, 100, 74232, 74
2026/07/28 21:11:47.346, 303.37, 100, 74232, 74
2026/07/28 21:11:48.382, 303.58, 100, 74232, 73
2026/07/28 21:11:49.419, 304.46, 100, 74232, 74
2026/07/28 21:11:50.456, 300.25, 100, 74232, 73
2026/07/28 21:11:51.492, 302.48, 100, 74232, 73
2026/07/28 21:11:52.529, 304.07, 100, 74232, 73
2026/07/28 21:11:53.565, 301.64, 100, 74232, 73
2026/07/28 21:11:54.600, 301.64, 100, 74232, 73
2026/07/28 21:11:55.637, 298.11, 100, 74232, 73
2026/07/28 21:11:56.673, 296.48, 100, 74232, 73
2026/07/28 21:11:57.709, 291.70, 100, 74232, 73
2026/07/28 21:11:58.746, 295.49, 100, 74232, 73
2026/07/28 21:11:59.786, 301.51, 100, 74232, 73
2026/07/28 21:12:00.823, 298.02, 100, 74232, 73
2026/07/28 21:12:01.859, 298.12, 100, 74232, 73
2026/07/28 21:12:02.898, 294.92, 100, 74232, 73
2026/07/28 21:12:03.936, 403.15, 70, 74232, 74
2026/07/28 21:12:04.973, 294.16, 100, 74232, 75
2026/07/28 21:12:06.009, 302.11, 100, 74232, 75
2026/07/28 21:12:07.045, 290.53, 100, 74232, 75
2026/07/28 21:12:08.085, 302.67, 100, 74232, 75
2026/07/28 21:12:09.119, 306.43, 100, 74232, 75
2026/07/28 21:12:10.155, 324.18, 100, 74232, 75
2026/07/28 21:12:11.192, 302.58, 100, 74232, 74
2026/07/28 21:12:12.228, 303.78, 100, 74232, 74
2026/07/28 21:12:13.265, 292.10, 100, 74232, 73
2026/07/28 21:12:14.302, 332.61, 38, 74232, 74
2026/07/28 21:12:15.339, 294.74, 100, 74232, 75
2026/07/28 21:12:16.375, 303.40, 100, 74232, 75
2026/07/28 21:12:17.412, 286.27, 100, 74232, 75
2026/07/28 21:12:18.447, 282.83, 100, 74232, 75
2026/07/28 21:12:19.480, 281.97, 100, 74232, 75
2026/07/28 21:12:20.517, 296.33, 100, 74232, 75
2026/07/28 21:12:21.561, 304.07, 100, 74232, 74
2026/07/28 21:12:22.597, 304.70, 100, 74232, 74
2026/07/28 21:12:23.633, 304.40, 100, 74232, 74
2026/07/28 21:12:24.671, 303.93, 100, 74232, 74
2026/07/28 21:12:25.711, 302.87, 100, 74232, 74
2026/07/28 21:12:26.748, 304.23, 100, 74232, 74
2026/07/28 21:12:27.788, 301.89, 100, 74232, 74
2026/07/28 21:12:28.825, 298.24, 100, 74232, 74
2026/07/28 21:12:29.866, 304.32, 100, 74232, 74
2026/07/28 21:12:30.908, 297.07, 100, 74232, 74
2026/07/28 21:12:31.945, 297.54, 100, 74232, 74
2026/07/28 21:12:32.981, 299.10, 84, 74232, 76
2026/07/28 21:12:34.017, 309.40, 100, 74232, 76
2026/07/28 21:12:35.055, 317.91, 100, 74232, 76
2026/07/28 21:12:36.089, 282.48, 100, 74232, 76
2026/07/28 21:12:37.125, 321.60, 100, 74232, 76
2026/07/28 21:12:38.162, 331.35, 100, 74232, 76
2026/07/28 21:12:39.198, 303.05, 100, 74232, 76
2026/07/28 21:12:40.233, 298.41, 100, 74232, 74
2026/07/28 21:12:41.272, 304.62, 100, 74232, 74
2026/07/28 21:12:42.308, 302.32, 100, 74232, 74
2026/07/28 21:12:43.346, 99.96, 55, 74232, 72
2026/07/28 21:12:44.386, 303.25, 100, 74232, 75
2026/07/28 21:12:45.422, 293.62, 100, 74232, 76
2026/07/28 21:12:46.456, 290.14, 100, 74232, 75
2026/07/28 21:12:47.494, 294.34, 100, 74232, 76
2026/07/28 21:12:48.532, 285.65, 100, 74232, 75
2026/07/28 21:12:49.567, 290.22, 100, 74232, 75
2026/07/28 21:12:50.602, 294.22, 100, 74232, 76
2026/07/28 21:12:51.639, 304.04, 100, 74232, 74
2026/07/28 21:12:52.678, 305.00, 100, 74232, 74
2026/07/28 21:12:53.715, 302.80, 100, 74232, 74
2026/07/28 21:12:54.751, 311.75, 100, 74232, 76
2026/07/28 21:12:55.786, 304.07, 100, 74232, 74
2026/07/28 21:12:56.824, 301.10, 100, 74232, 74
2026/07/28 21:12:57.860, 296.39, 100, 74232, 74
2026/07/28 21:12:58.898, 295.60, 100, 74232, 74
2026/07/28 21:12:59.935, 298.81, 100, 74232, 74
2026/07/28 21:13:00.975, 296.07, 100, 74232, 74
2026/07/28 21:13:02.013, 293.38, 100, 74232, 74
2026/07/28 21:13:03.051, 296.68, 100, 74232, 74
2026/07/28 21:13:04.090, 295.13, 100, 74232, 74
2026/07/28 21:13:05.127, 295.89, 100, 74232, 74
2026/07/28 21:13:06.167, 306.38, 100, 74232, 74
2026/07/28 21:13:07.206, 300.38, 100, 74232, 74
2026/07/28 21:13:08.245, 305.75, 100, 74232, 74
2026/07/28 21:13:09.284, 304.32, 100, 74232, 74
2026/07/28 21:13:10.321, 303.64, 100, 74232, 74
2026/07/28 21:13:11.359, 303.85, 100, 74232, 74
2026/07/28 21:13:12.397, 297.56, 100, 74232, 74
2026/07/28 21:13:13.434, 304.46, 100, 74232, 74
2026/07/28 21:13:14.472, 305.66, 100, 74232, 74
2026/07/28 21:13:15.510, 304.40, 100, 74232, 74
2026/07/28 21:13:16.546, 304.01, 100, 74232, 74
2026/07/28 21:13:17.583, 304.51, 100, 74232, 74
2026/07/28 21:13:18.622, 296.19, 100, 74232, 74
2026/07/28 21:13:19.659, 294.63, 100, 74232, 74
2026/07/28 21:13:20.697, 296.86, 100, 74232, 74
2026/07/28 21:13:21.737, 295.31, 100, 74232, 74
2026/07/28 21:13:22.777, 296.57, 100, 74232, 74
2026/07/28 21:13:23.814, 297.17, 100, 74232, 74
2026/07/28 21:13:24.851, 295.80, 100, 74232, 74
2026/07/28 21:13:25.889, 295.99, 100, 74232, 74
2026/07/28 21:13:26.930, 294.51, 100, 74232, 74
2026/07/28 21:13:27.967, 304.66, 100, 74232, 74
2026/07/28 21:13:29.008, 302.59, 100, 74232, 74
2026/07/28 21:13:30.045, 304.54, 100, 74232, 74
2026/07/28 21:13:31.083, 304.50, 100, 74232, 74
2026/07/28 21:13:32.120, 303.72, 100, 74232, 74
2026/07/28 21:13:33.156, 303.93, 100, 74232, 74
2026/07/28 21:13:34.193, 301.69, 100, 74232, 74
2026/07/28 21:13:35.230, 301.91, 100, 74232, 74
2026/07/28 21:13:36.267, 302.18, 100, 74232, 74
2026/07/28 21:13:37.305, 300.63, 100, 74232, 73
2026/07/28 21:13:38.342, 302.96, 100, 74232, 73
2026/07/28 21:13:39.379, 296.65, 100, 74232, 73
2026/07/28 21:13:40.416, 295.61, 100, 74232, 73
2026/07/28 21:13:41.454, 291.22, 100, 74232, 73
2026/07/28 21:13:42.492, 303.16, 100, 74232, 73
2026/07/28 21:13:43.528, 295.80, 100, 74232, 73
2026/07/28 21:13:44.569, 298.42, 100, 74232, 73
2026/07/28 21:13:45.607, 297.13, 100, 74232, 73
2026/07/28 21:13:46.643, 301.91, 100, 74232, 73
2026/07/28 21:13:47.681, 300.53, 100, 74232, 73
2026/07/28 21:13:48.718, 294.02, 100, 74232, 73
2026/07/28 21:13:49.757, 294.34, 100, 74232, 73
2026/07/28 21:13:50.794, 294.64, 100, 74232, 73
2026/07/28 21:13:51.831, 301.31, 100, 74232, 73
2026/07/28 21:13:52.869, 302.04, 100, 74232, 73
2026/07/28 21:13:53.910, 298.41, 100, 74232, 73
2026/07/28 21:13:54.948, 297.54, 100, 74232, 73
2026/07/28 21:13:55.984, 299.47, 100, 74232, 73
2026/07/28 21:13:57.021, 297.96, 100, 74232, 73
2026/07/28 21:13:58.059, 298.60, 100, 74232, 73
2026/07/28 21:13:59.096, 301.71, 100, 74232, 73
2026/07/28 21:14:00.132, 301.47, 100, 74232, 73
2026/07/28 21:14:01.168, 301.61, 100, 74232, 73
2026/07/28 21:14:02.205, 301.80, 100, 74232, 73
2026/07/28 21:14:03.241, 290.05, 100, 74232, 73
2026/07/28 21:14:04.280, 291.51, 100, 74232, 73
2026/07/28 21:14:05.317, 300.73, 100, 74232, 73
2026/07/28 21:14:06.354, 301.60, 100, 74232, 73
2026/07/28 21:14:07.390, 301.24, 100, 74232, 73
2026/07/28 21:14:08.426, 301.51, 100, 74232, 73
2026/07/28 21:14:09.462, 301.73, 100, 74232, 73
2026/07/28 21:14:10.499, 304.17, 100, 74232, 73
2026/07/28 21:14:11.536, 298.81, 100, 74232, 73
2026/07/28 21:14:12.572, 302.39, 100, 74232, 73
2026/07/28 21:14:13.608, 303.76, 100, 74232, 73
2026/07/28 21:14:14.645, 301.89, 100, 74232, 73
2026/07/28 21:14:15.681, 301.88, 100, 74232, 73
2026/07/28 21:14:16.719, 303.06, 100, 74232, 73
2026/07/28 21:14:17.755, 304.24, 100, 74232, 73
2026/07/28 21:14:18.792, 303.10, 100, 74232, 73
2026/07/28 21:14:19.828, 301.93, 100, 74232, 73
2026/07/28 21:14:20.864, 297.33, 100, 74232, 73
2026/07/28 21:14:21.900, 296.16, 100, 74232, 73
2026/07/28 21:14:22.937, 295.02, 100, 74232, 73
2026/07/28 21:14:23.973, 292.00, 100, 74232, 73
2026/07/28 21:14:25.011, 294.35, 100, 74232, 73
2026/07/28 21:14:26.047, 296.56, 100, 74232, 73
2026/07/28 21:14:27.086, 293.19, 100, 74232, 73
2026/07/28 21:14:28.124, 295.59, 100, 74232, 73
2026/07/28 21:14:29.160, 294.94, 100, 74232, 73
2026/07/28 21:14:30.197, 295.11, 100, 74232, 73
2026/07/28 21:14:31.234, 295.31, 100, 74232, 73
2026/07/28 21:14:32.271, 301.43, 100, 74232, 73
2026/07/28 21:14:33.306, 303.55, 100, 74232, 73
2026/07/28 21:14:34.350, 295.89, 100, 74232, 73
2026/07/28 21:14:35.386, 295.30, 100, 74232, 73
2026/07/28 21:14:36.421, 294.14, 100, 74232, 73
2026/07/28 21:14:37.457, 294.42, 100, 74232, 73
2026/07/28 21:14:38.498, 297.36, 100, 74232, 73
2026/07/28 21:14:39.534, 300.75, 100, 74232, 73
2026/07/28 21:14:40.570, 301.44, 100, 74232, 73
2026/07/28 21:14:41.607, 299.20, 100, 74232, 73
2026/07/28 21:14:42.646, 301.94, 100, 74232, 73
2026/07/28 21:14:43.683, 301.83, 100, 74232, 73
2026/07/28 21:14:44.719, 302.77, 100, 74232, 73
2026/07/28 21:14:45.754, 302.78, 100, 74232, 73
2026/07/28 21:14:46.790, 301.41, 100, 74232, 73
2026/07/28 21:14:47.828, 301.42, 100, 74232, 73
2026/07/28 21:14:48.864, 301.91, 100, 74232, 73
2026/07/28 21:14:49.900, 303.64, 100, 74232, 73
2026/07/28 21:14:50.936, 302.77, 100, 74232, 73
2026/07/28 21:14:51.977, 302.39, 100, 74232, 73
2026/07/28 21:14:53.013, 304.34, 100, 74232, 75
2026/07/28 21:14:54.049, 297.91, 100, 74232, 75
2026/07/28 21:14:55.083, 310.32, 100, 74232, 75
2026/07/28 21:14:56.118, 307.96, 100, 74232, 75
2026/07/28 21:14:57.156, 271.48, 100, 74232, 75
2026/07/28 21:14:58.191, 311.24, 100, 74232, 75
2026/07/28 21:14:59.232, 302.57, 100, 74232, 73
2026/07/28 21:15:00.270, 292.30, 100, 74232, 73
2026/07/28 21:15:01.309, 299.30, 100, 74232, 73
2026/07/28 21:15:02.347, 284.82, 100, 74232, 75
2026/07/28 21:15:03.385, 303.19, 100, 74232, 75
2026/07/28 21:15:04.419, 303.24, 100, 74232, 75
2026/07/28 21:15:05.453, 303.74, 100, 74232, 75
2026/07/28 21:15:06.490, 268.13, 100, 74232, 75
2026/07/28 21:15:07.524, 308.56, 100, 74232, 75
2026/07/28 21:15:08.558, 302.80, 100, 74232, 74
2026/07/28 21:15:09.595, 301.27, 100, 74232, 73
2026/07/28 21:15:10.632, 300.87, 100, 74232, 73
2026/07/28 21:15:11.670, 304.51, 100, 74232, 74
2026/07/28 21:15:12.707, 307.52, 100, 74232, 74
2026/07/28 21:15:13.745, 302.48, 100, 74232, 74
2026/07/28 21:15:14.781, 305.97, 100, 74232, 74
2026/07/28 21:15:15.819, 305.48, 21, 74232, 75
2026/07/28 21:15:16.854, 301.72, 100, 74232, 75
2026/07/28 21:15:17.888, 289.84, 100, 74232, 75
2026/07/28 21:15:18.925, 297.74, 100, 74232, 75
2026/07/28 21:15:19.960, 287.23, 100, 74232, 75
2026/07/28 21:15:20.996, 303.31, 100, 74232, 75
2026/07/28 21:15:22.036, 302.41, 100, 74232, 75
2026/07/28 21:15:23.072, 297.64, 100, 74232, 73
2026/07/28 21:15:24.111, 296.58, 100, 74232, 73
2026/07/28 21:15:25.148, 290.42, 100, 74232, 73
2026/07/28 21:15:26.185, 285.37, 100, 74232, 75
2026/07/28 21:15:27.219, 295.58, 100, 74232, 75
2026/07/28 21:15:28.254, 303.95, 100, 74232, 75
2026/07/28 21:15:29.288, 300.92, 100, 74232, 75
2026/07/28 21:15:30.322, 302.97, 100, 74232, 76
2026/07/28 21:15:31.357, 311.81, 100, 74232, 75
2026/07/28 21:15:32.397, 302.51, 100, 74232, 76
2026/07/28 21:15:33.432, 299.88, 100, 74232, 74
2026/07/28 21:15:34.470, 306.58, 100, 74232, 74
2026/07/28 21:15:35.507, 301.04, 100, 74232, 74
2026/07/28 21:15:36.544, 294.72, 100, 74232, 74
2026/07/28 21:15:37.580, 297.54, 100, 74232, 74
2026/07/28 21:15:38.617, 297.92, 100, 74232, 74
2026/07/28 21:15:39.652, 298.12, 100, 74232, 74
2026/07/28 21:15:40.692, 297.75, 100, 74232, 74
2026/07/28 21:15:41.731, 298.54, 100, 74232, 74
2026/07/28 21:15:42.767, 298.03, 100, 74232, 74
2026/07/28 21:15:43.804, 297.54, 100, 74232, 74
2026/07/28 21:15:44.841, 293.65, 100, 74232, 74
2026/07/28 21:15:45.878, 296.87, 100, 74232, 74
2026/07/28 21:15:46.915, 297.33, 100, 74232, 74
2026/07/28 21:15:47.951, 299.99, 100, 74232, 74
2026/07/28 21:15:48.990, 296.19, 100, 74232, 74
2026/07/28 21:15:50.026, 296.56, 100, 74232, 74
2026/07/28 21:15:51.063, 299.28, 100, 74232, 74
2026/07/28 21:15:52.101, 302.69, 100, 74232, 74
2026/07/28 21:15:53.138, 297.07, 100, 74232, 74
2026/07/28 21:15:54.176, 298.71, 100, 74232, 74
2026/07/28 21:15:55.212, 298.90, 100, 74232, 74
2026/07/28 21:15:56.250, 297.85, 100, 74232, 74
2026/07/28 21:15:57.286, 305.02, 100, 74232, 74
2026/07/28 21:15:58.323, 304.41, 100, 74232, 74
2026/07/28 21:15:59.359, 300.38, 100, 74232, 74
2026/07/28 21:16:00.396, 305.41, 100, 74232, 74
2026/07/28 21:16:01.431, 296.48, 100, 74232, 74
2026/07/28 21:16:02.470, 301.94, 100, 74232, 74
2026/07/28 21:16:03.507, 302.22, 100, 74232, 74
2026/07/28 21:16:04.543, 296.85, 100, 74232, 74
2026/07/28 21:16:05.579, 292.86, 100, 74232, 74
2026/07/28 21:16:06.616, 292.49, 100, 74232, 74
2026/07/28 21:16:07.653, 296.47, 100, 74232, 74
2026/07/28 21:16:08.693, 296.08, 100, 74232, 74
2026/07/28 21:16:09.730, 304.25, 100, 74232, 74
2026/07/28 21:16:10.769, 303.89, 100, 74232, 74
2026/07/28 21:16:11.804, 100.71, 0, 74232, 70
2026/07/28 21:16:12.837, 297.46, 100, 74232, 75
2026/07/28 21:16:13.876, 287.82, 100, 74232, 75
2026/07/28 21:16:14.912, 289.55, 100, 74232, 75
2026/07/28 21:16:15.948, 299.67, 100, 74232, 75
2026/07/28 21:16:16.983, 322.30, 100, 74232, 75
2026/07/28 21:16:18.018, 315.70, 100, 74232, 75
2026/07/28 21:16:19.052, 253.60, 100, 74232, 74
2026/07/28 21:16:20.090, 285.97, 100, 74232, 73
2026/07/28 21:16:21.126, 284.03, 100, 74232, 73
2026/07/28 21:16:22.162, 297.54, 100, 74232, 73
2026/07/28 21:16:23.202, 298.49, 100, 74232, 75
2026/07/28 21:16:24.235, 309.43, 100, 74232, 75
2026/07/28 21:16:25.272, 314.19, 100, 74232, 75
2026/07/28 21:16:26.306, 290.18, 100, 74232, 75
2026/07/28 21:16:27.341, 284.99, 100, 74232, 75
2026/07/28 21:16:28.375, 311.60, 100, 74232, 75
2026/07/28 21:16:29.413, 293.84, 100, 74232, 75
2026/07/28 21:16:30.448, 307.39, 100, 74232, 74
2026/07/28 21:16:31.486, 303.75, 100, 74232, 74
2026/07/28 21:16:32.522, 303.74, 100, 74232, 74
2026/07/28 21:16:33.558, 299.89, 100, 74232, 74
2026/07/28 21:16:34.595, 100.28, 100, 74232, 72
2026/07/28 21:16:35.628, 296.18, 91, 74232, 75
2026/07/28 21:16:36.666, 300.91, 100, 74232, 73
2026/07/28 21:16:37.705, 294.92, 100, 74232, 73
2026/07/28 21:16:38.742, 300.64, 100, 74232, 74
2026/07/28 21:16:39.780, 298.52, 100, 74232, 74
2026/07/28 21:16:40.817, 296.08, 100, 74232, 74
2026/07/28 21:16:41.857, 300.83, 100, 74232, 74
2026/07/28 21:16:42.895, 300.66, 100, 74232, 74
2026/07/28 21:16:43.931, 305.95, 100, 74232, 74
2026/07/28 21:16:44.969, 303.17, 100, 74232, 74
2026/07/28 21:16:46.007, 297.07, 100, 74232, 74
2026/07/28 21:16:47.045, 294.64, 100, 74232, 74
2026/07/28 21:16:48.083, 294.24, 100, 74232, 74
2026/07/28 21:16:49.123, 296.29, 100, 74232, 74
2026/07/28 21:16:50.160, 299.98, 100, 74232, 74
2026/07/28 21:16:51.196, 294.93, 100, 74232, 74
2026/07/28 21:16:52.232, 297.33, 100, 74232, 74
2026/07/28 21:16:53.271, 301.12, 100, 74232, 74
2026/07/28 21:16:54.308, 305.29, 100, 74232, 74
2026/07/28 21:16:55.345, 301.61, 100, 74232, 74
2026/07/28 21:16:56.386, 304.12, 100, 74232, 74
2026/07/28 21:16:57.426, 302.86, 100, 74232, 74
2026/07/28 21:16:58.464, 293.25, 100, 74232, 73
2026/07/28 21:16:59.505, 297.07, 100, 74232, 73
2026/07/28 21:17:00.542, 295.03, 100, 74232, 73
2026/07/28 21:17:01.584, 306.40, 100, 74232, 74
2026/07/28 21:17:02.621, 298.33, 100, 74232, 74
2026/07/28 21:17:03.658, 303.49, 100, 74232, 74
2026/07/28 21:17:04.696, 303.84, 100, 74232, 74
2026/07/28 21:17:05.733, 302.98, 100, 74232, 74
2026/07/28 21:17:06.770, 302.98, 100, 74232, 74
2026/07/28 21:17:07.808, 303.65, 100, 74232, 74
2026/07/28 21:17:08.845, 302.23, 100, 74232, 73
2026/07/28 21:17:09.882, 305.49, 100, 74232, 73
2026/07/28 21:17:10.922, 304.02, 100, 74232, 73
2026/07/28 21:17:11.957, 297.92, 100, 74232, 73
2026/07/28 21:17:12.994, 296.78, 100, 74232, 73
2026/07/28 21:17:14.029, 295.41, 100, 74232, 73
2026/07/28 21:17:15.068, 297.16, 100, 74232, 73
2026/07/28 21:17:16.109, 297.73, 100, 74232, 73
2026/07/28 21:17:17.146, 295.69, 100, 74232, 73
2026/07/28 21:17:18.185, 296.27, 100, 74232, 73
2026/07/28 21:17:19.223, 297.43, 100, 74232, 73
2026/07/28 21:17:20.260, 294.61, 100, 74232, 73
2026/07/28 21:17:21.297, 295.70, 100, 74232, 73
2026/07/28 21:17:22.333, 296.57, 100, 74232, 73
2026/07/28 21:17:23.370, 295.60, 100, 74232, 73
2026/07/28 21:17:24.406, 303.58, 100, 74232, 73
2026/07/28 21:17:25.443, 302.86, 100, 74232, 73
2026/07/28 21:17:26.479, 308.34, 100, 74232, 73
2026/07/28 21:17:27.517, 294.52, 100, 74232, 73
2026/07/28 21:17:28.555, 295.09, 100, 74232, 73
2026/07/28 21:17:29.594, 292.86, 100, 74232, 73
2026/07/28 21:17:30.632, 296.38, 100, 74232, 73
2026/07/28 21:17:31.670, 294.23, 100, 74232, 73
2026/07/28 21:17:32.708, 297.25, 100, 74232, 73
2026/07/28 21:17:33.745, 302.11, 100, 74232, 73
2026/07/28 21:17:34.782, 302.29, 100, 74232, 73
2026/07/28 21:17:35.820, 303.72, 100, 74232, 73
2026/07/28 21:17:36.858, 303.85, 100, 74232, 73
2026/07/28 21:17:37.894, 297.93, 100, 74232, 73
2026/07/28 21:17:38.934, 301.14, 100, 74232, 73
2026/07/28 21:17:39.972, 296.28, 100, 74232, 73
2026/07/28 21:17:41.008, 294.14, 100, 74232, 73
2026/07/28 21:17:42.045, 295.12, 100, 74232, 73
2026/07/28 21:17:43.082, 304.31, 100, 74232, 73
2026/07/28 21:17:44.120, 301.70, 100, 74232, 73
2026/07/28 21:17:45.157, 301.24, 100, 74232, 73
2026/07/28 21:17:46.195, 302.18, 100, 74232, 73
2026/07/28 21:17:47.231, 302.58, 100, 74232, 73
2026/07/28 21:17:48.269, 301.53, 100, 74232, 73
2026/07/28 21:17:49.306, 298.49, 100, 74232, 73
2026/07/28 21:17:50.343, 294.61, 100, 74232, 73
2026/07/28 21:17:51.381, 301.50, 100, 74232, 73
2026/07/28 21:17:52.419, 302.29, 100, 74232, 73
2026/07/28 21:17:53.456, 293.27, 100, 74232, 73
2026/07/28 21:17:54.493, 298.91, 100, 74232, 73
2026/07/28 21:17:55.533, 300.85, 100, 74232, 73
2026/07/28 21:17:56.570, 293.56, 100, 74232, 73
2026/07/28 21:17:57.608, 294.53, 100, 74232, 73
2026/07/28 21:17:58.646, 290.25, 100, 74232, 73
2026/07/28 21:17:59.683, 297.16, 100, 74232, 73
2026/07/28 21:18:00.719, 297.83, 100, 74232, 73
2026/07/28 21:18:01.758, 298.41, 100, 74232, 73
2026/07/28 21:18:02.796, 303.38, 100, 74232, 73
2026/07/28 21:18:03.834, 296.76, 100, 74232, 73
2026/07/28 21:18:04.871, 294.82, 100, 74232, 73
2026/07/28 21:18:05.917, 295.70, 100, 74232, 73
2026/07/28 21:18:06.955, 292.30, 100, 74232, 73
2026/07/28 21:18:07.992, 292.29, 100, 74232, 73
2026/07/28 21:18:09.035, 290.94, 100, 74232, 73
2026/07/28 21:18:10.071, 303.24, 100, 74232, 73
2026/07/28 21:18:11.108, 294.34, 100, 74232, 73
2026/07/28 21:18:12.146, 292.78, 100, 74232, 73
2026/07/28 21:18:13.182, 298.41, 100, 74232, 73
2026/07/28 21:18:14.218, 301.81, 100, 74232, 73
2026/07/28 21:18:15.255, 293.07, 100, 74232, 73
2026/07/28 21:18:16.293, 297.05, 100, 74232, 75
2026/07/28 21:18:17.329, 290.47, 100, 74232, 75
2026/07/28 21:18:18.366, 288.78, 100, 74232, 75
2026/07/28 21:18:19.401, 285.67, 100, 74232, 75
2026/07/28 21:18:20.435, 277.60, 100, 74232, 75
2026/07/28 21:18:21.470, 297.92, 100, 74232, 75
2026/07/28 21:18:22.507, 302.67, 100, 74232, 73
2026/07/28 21:18:23.545, 302.69, 100, 74232, 73
2026/07/28 21:18:24.582, 302.89, 100, 74232, 73
2026/07/28 21:18:25.619, 297.81, 100, 74232, 75
2026/07/28 21:18:26.653, 297.09, 100, 74232, 75
2026/07/28 21:18:27.687, 298.09, 100, 74232, 75
2026/07/28 21:18:28.721, 300.76, 100, 74232, 75
2026/07/28 21:18:29.756, 279.60, 100, 74232, 75
2026/07/28 21:18:30.797, 300.58, 100, 74232, 75
2026/07/28 21:18:31.831, 302.79, 100, 74232, 74
2026/07/28 21:18:32.868, 304.07, 100, 74232, 74
2026/07/28 21:18:33.905, 303.58, 100, 74232, 74
2026/07/28 21:18:34.944, 303.67, 100, 74232, 74
2026/07/28 21:18:35.982, 303.86, 100, 74232, 74
2026/07/28 21:18:37.019, 303.05, 100, 74232, 74
2026/07/28 21:18:38.055, 303.87, 100, 74232, 74
2026/07/28 21:18:39.091, 304.04, 100, 74232, 74
2026/07/28 21:18:40.129, 307.31, 100, 74232, 74
2026/07/28 21:18:41.166, 298.03, 100, 74232, 74
2026/07/28 21:18:42.206, 304.74, 100, 74232, 74
2026/07/28 21:18:43.245, 303.46, 100, 74232, 74
2026/07/28 21:18:44.283, 312.21, 80, 74232, 76
2026/07/28 21:18:45.318, 305.32, 100, 74232, 76
2026/07/28 21:18:46.353, 295.59, 100, 74232, 76
2026/07/28 21:18:47.390, 283.60, 100, 74232, 76
2026/07/28 21:18:48.425, 278.44, 100, 74232, 75
2026/07/28 21:18:49.460, 306.48, 100, 74232, 76
2026/07/28 21:18:50.494, 312.85, 100, 74232, 76
2026/07/28 21:18:51.529, 303.86, 100, 74232, 74
2026/07/28 21:18:52.567, 304.74, 100, 74232, 74
2026/07/28 21:18:53.604, 304.80, 100, 74232, 74
2026/07/28 21:18:54.644, 300.09, 100, 74232, 74
2026/07/28 21:18:55.681, 301.02, 100, 74232, 76
2026/07/28 21:18:56.716, 289.38, 100, 74232, 76
2026/07/28 21:18:57.754, 302.01, 100, 74232, 76
2026/07/28 21:18:58.788, 304.94, 100, 74232, 76
2026/07/28 21:18:59.821, 309.49, 100, 74232, 76
2026/07/28 21:19:00.856, 307.48, 100, 74232, 76
2026/07/28 21:19:01.890, 297.93, 100, 74232, 74
2026/07/28 21:19:02.928, 296.10, 100, 74232, 74
2026/07/28 21:19:03.965, 302.09, 100, 74232, 74
2026/07/28 21:19:05.004, 299.68, 100, 74232, 74
2026/07/28 21:19:06.040, 299.69, 100, 74232, 74
2026/07/28 21:19:07.078, 307.53, 100, 74232, 74
2026/07/28 21:19:08.115, 297.46, 100, 74232, 74
2026/07/28 21:19:09.152, 296.77, 100, 74232, 74
2026/07/28 21:19:10.189, 297.54, 100, 74232, 74
2026/07/28 21:19:11.225, 297.75, 100, 74232, 74
2026/07/28 21:19:12.261, 298.41, 100, 74232, 74
2026/07/28 21:19:13.297, 295.71, 100, 74232, 74
2026/07/28 21:19:14.336, 305.69, 100, 74232, 74
2026/07/28 21:19:15.374, 305.30, 100, 74232, 74
2026/07/28 21:19:16.421, 304.43, 100, 74232, 74
2026/07/28 21:19:17.459, 297.66, 100, 74232, 74
2026/07/28 21:19:18.494, 293.86, 100, 74232, 74
2026/07/28 21:19:19.539, 299.19, 100, 74232, 74
2026/07/28 21:19:20.576, 293.36, 100, 74232, 74
2026/07/28 21:19:21.613, 296.97, 100, 74232, 74
2026/07/28 21:19:22.650, 298.52, 100, 74232, 74
2026/07/28 21:19:23.689, 300.96, 100, 74232, 74
2026/07/28 21:19:24.726, 305.70, 100, 74232, 74
2026/07/28 21:19:25.762, 300.73, 100, 74232, 74
2026/07/28 21:19:26.799, 305.78, 100, 74232, 74
2026/07/28 21:19:27.835, 303.74, 100, 74232, 74
2026/07/28 21:19:28.871, 300.09, 100, 74232, 74
2026/07/28 21:19:29.908, 305.59, 100, 74232, 74
2026/07/28 21:19:30.945, 296.28, 100, 74232, 74
2026/07/28 21:19:31.981, 293.07, 100, 74232, 74
2026/07/28 21:19:33.020, 294.33, 100, 74232, 75
2026/07/28 21:19:34.054, 303.57, 100, 74232, 75
2026/07/28 21:19:35.087, 300.36, 100, 74232, 75
2026/07/28 21:19:36.120, 295.66, 100, 74232, 75
2026/07/28 21:19:37.154, 289.79, 100, 74232, 75
2026/07/28 21:19:38.188, 287.94, 100, 74232, 75
2026/07/28 21:19:39.228, 276.66, 100, 74232, 75
2026/07/28 21:19:40.263, 302.90, 100, 74232, 73
2026/07/28 21:19:41.299, 303.77, 100, 74232, 73
2026/07/28 21:19:42.336, 304.26, 100, 74232, 73
2026/07/28 21:19:43.374, 303.85, 100, 74232, 74
2026/07/28 21:19:44.411, 302.86, 100, 74232, 74
2026/07/28 21:19:45.449, 299.95, 89, 74232, 75
2026/07/28 21:19:46.483, 301.43, 100, 74232, 74
2026/07/28 21:19:47.520, 301.94, 100, 74232, 74
2026/07/28 21:19:48.557, 299.37, 100, 74232, 74
2026/07/28 21:19:49.596, 303.39, 100, 74232, 74
2026/07/28 21:19:50.634, 299.84, 100, 74232, 73
2026/07/28 21:19:51.671, 303.74, 100, 74232, 73
2026/07/28 21:19:52.710, 296.29, 100, 74232, 73
2026/07/28 21:19:53.747, 295.60, 100, 74232, 73
2026/07/28 21:19:54.786, 294.82, 100, 74232, 73
2026/07/28 21:19:55.824, 296.20, 100, 74232, 73
2026/07/28 21:19:56.861, 296.00, 100, 74232, 73
2026/07/28 21:19:57.900, 295.29, 100, 74232, 73
2026/07/28 21:19:58.937, 295.89, 100, 74232, 73
2026/07/28 21:19:59.974, 295.09, 100, 74232, 73
2026/07/28 21:20:01.012, 293.74, 100, 74232, 73
2026/07/28 21:20:02.048, 300.24, 100, 74232, 73
2026/07/28 21:20:03.085, 294.73, 100, 74232, 73
2026/07/28 21:20:04.123, 294.81, 100, 74232, 73
2026/07/28 21:20:05.165, 305.03, 100, 74232, 73
2026/07/28 21:20:06.203, 303.39, 100, 74232, 73
2026/07/28 21:20:07.241, 302.77, 100, 74232, 73
2026/07/28 21:20:08.279, 304.71, 100, 74232, 73
2026/07/28 21:20:09.317, 294.82, 100, 74232, 73
2026/07/28 21:20:10.354, 302.67, 100, 74232, 73
2026/07/28 21:20:11.392, 304.60, 100, 74232, 73
2026/07/28 21:20:12.428, 302.04, 100, 74232, 73
2026/07/28 21:20:13.466, 302.71, 100, 74232, 73
2026/07/28 21:20:14.503, 295.11, 100, 74232, 73
2026/07/28 21:20:15.542, 295.98, 100, 74232, 73
2026/07/28 21:20:16.580, 291.82, 100, 74232, 73
2026/07/28 21:20:17.617, 293.65, 100, 74232, 73
2026/07/28 21:20:18.655, 293.85, 100, 74232, 73
2026/07/28 21:20:19.692, 293.05, 100, 74232, 73
2026/07/28 21:20:20.730, 291.41, 100, 74232, 73
2026/07/28 21:20:21.767, 297.93, 100, 74232, 73
2026/07/28 21:20:22.803, 303.15, 100, 74232, 73
2026/07/28 21:20:23.841, 296.19, 100, 74232, 73
2026/07/28 21:20:24.878, 304.12, 100, 74232, 73
2026/07/28 21:20:25.914, 302.83, 100, 74232, 73
2026/07/28 21:20:26.951, 302.48, 100, 74232, 73
2026/07/28 21:20:27.989, 301.69, 100, 74232, 73
2026/07/28 21:20:29.026, 301.15, 100, 74232, 73
2026/07/28 21:20:30.062, 302.68, 100, 74232, 73
2026/07/28 21:20:31.099, 303.05, 100, 74232, 73
2026/07/28 21:20:32.135, 294.04, 100, 74232, 73
2026/07/28 21:20:33.172, 302.80, 100, 74232, 73
2026/07/28 21:20:34.210, 296.94, 100, 74232, 73
2026/07/28 21:20:35.248, 294.62, 100, 74232, 73
2026/07/28 21:20:36.284, 294.63, 100, 74232, 73
2026/07/28 21:20:37.320, 302.62, 100, 74232, 73
2026/07/28 21:20:38.356, 294.71, 100, 74232, 73
2026/07/28 21:20:39.394, 294.53, 100, 74232, 73
2026/07/28 21:20:40.430, 293.45, 100, 74232, 73
2026/07/28 21:20:41.466, 302.80, 100, 74232, 73
2026/07/28 21:20:42.502, 301.54, 100, 74232, 73
2026/07/28 21:20:43.538, 298.70, 100, 74232, 73
2026/07/28 21:20:44.575, 300.54, 100, 74232, 73
2026/07/28 21:20:45.611, 303.73, 100, 74232, 73
2026/07/28 21:20:46.647, 301.51, 100, 74232, 73
2026/07/28 21:20:47.688, 303.73, 100, 74232, 73
2026/07/28 21:20:48.724, 290.04, 100, 74232, 73
2026/07/28 21:20:49.763, 293.47, 100, 74232, 73
2026/07/28 21:20:50.800, 294.13, 100, 74232, 73
2026/07/28 21:20:51.839, 295.90, 100, 74232, 73
2026/07/28 21:20:52.877, 294.05, 100, 74232, 73
2026/07/28 21:20:53.916, 293.36, 100, 74232, 73
2026/07/28 21:20:54.954, 298.53, 100, 74232, 73
2026/07/28 21:20:55.990, 294.92, 100, 74232, 73
2026/07/28 21:20:57.030, 293.35, 100, 74232, 73
2026/07/28 21:20:58.066, 302.38, 100, 74232, 73
2026/07/28 21:20:59.103, 302.82, 100, 74232, 73
2026/07/28 21:21:00.140, 298.80, 100, 74232, 73
2026/07/28 21:21:01.177, 302.78, 100, 74232, 73
2026/07/28 21:21:02.214, 300.17, 100, 74232, 73
2026/07/28 21:21:03.250, 302.31, 100, 74232, 73
2026/07/28 21:21:04.287, 301.23, 100, 74232, 73
2026/07/28 21:21:05.327, 294.14, 100, 74232, 73
2026/07/28 21:21:06.365, 293.75, 100, 74232, 73
2026/07/28 21:21:07.401, 297.54, 100, 74232, 73
2026/07/28 21:21:08.440, 289.57, 100, 74232, 73
2026/07/28 21:21:09.477, 295.33, 100, 74232, 73
2026/07/28 21:21:10.518, 301.89, 100, 74232, 73
2026/07/28 21:21:11.556, 301.33, 100, 74232, 73
2026/07/28 21:21:12.593, 301.55, 100, 74232, 73
2026/07/28 21:21:13.630, 303.97, 100, 74232, 73
2026/07/28 21:21:14.666, 301.62, 100, 74232, 73
2026/07/28 21:21:15.704, 301.26, 100, 74232, 73
2026/07/28 21:21:16.739, 301.71, 100, 74232, 73
2026/07/28 21:21:17.779, 302.60, 100, 74232, 73
2026/07/28 21:21:18.817, 301.63, 100, 74232, 73
2026/07/28 21:21:19.855, 297.03, 100, 74232, 75
2026/07/28 21:21:20.891, 296.93, 100, 74232, 75
2026/07/28 21:21:21.927, 297.33, 100, 74232, 75
2026/07/28 21:21:22.960, 321.36, 100, 74232, 75
2026/07/28 21:21:23.994, 292.38, 100, 74232, 74
2026/07/28 21:21:25.038, 310.64, 100, 74232, 75
2026/07/28 21:21:26.073, 303.87, 100, 74232, 73
2026/07/28 21:21:27.110, 301.89, 100, 74232, 73
2026/07/28 21:21:28.148, 302.96, 100, 74232, 73
2026/07/28 21:21:29.187, 300.85, 100, 74232, 73
2026/07/28 21:21:30.223, 301.80, 6, 74232, 74
2026/07/28 21:21:31.259, 294.41, 100, 74232, 75
2026/07/28 21:21:32.294, 300.36, 100, 74232, 75
2026/07/28 21:21:33.329, 295.39, 100, 74232, 75
2026/07/28 21:21:34.364, 290.43, 100, 74232, 75
2026/07/28 21:21:35.404, 265.39, 100, 74232, 75
2026/07/28 21:21:36.437, 303.06, 100, 74232, 73
2026/07/28 21:21:37.475, 302.48, 100, 74232, 73
2026/07/28 21:21:38.512, 303.83, 100, 74232, 73
2026/07/28 21:21:39.550, 303.89, 100, 74232, 73
2026/07/28 21:21:40.587, 303.09, 100, 74232, 74
2026/07/28 21:21:41.625, 300.42, 100, 74232, 75
2026/07/28 21:21:42.660, 293.24, 100, 74232, 75
2026/07/28 21:21:43.694, 276.75, 100, 74232, 75
2026/07/28 21:21:44.731, 294.90, 100, 74232, 75
2026/07/28 21:21:45.766, 288.72, 100, 74232, 75
2026/07/28 21:21:46.800, 281.19, 100, 74232, 75
2026/07/28 21:21:47.833, 304.12, 100, 74232, 74
2026/07/28 21:21:48.870, 306.26, 100, 74232, 74
2026/07/28 21:21:49.906, 304.75, 100, 74232, 74
2026/07/28 21:21:50.941, 304.13, 100, 74232, 74
2026/07/28 21:21:51.978, 305.00, 100, 74232, 74
2026/07/28 21:21:53.015, 304.62, 100, 74232, 74
2026/07/28 21:21:54.051, 304.15, 100, 74232, 74
2026/07/28 21:21:55.087, 304.45, 100, 74232, 74
2026/07/28 21:21:56.124, 304.62, 100, 74232, 74
2026/07/28 21:21:57.162, 306.65, 100, 74232, 74
2026/07/28 21:21:58.198, 297.43, 100, 74232, 74
2026/07/28 21:21:59.235, 294.84, 100, 74232, 74
2026/07/28 21:22:00.271, 296.85, 100, 74232, 74
2026/07/28 21:22:01.306, 293.37, 100, 74232, 74
2026/07/28 21:22:02.342, 296.68, 100, 74232, 74
2026/07/28 21:22:03.379, 297.65, 100, 74232, 74
2026/07/28 21:22:04.416, 298.70, 100, 74232, 74
2026/07/28 21:22:05.453, 295.61, 100, 74232, 74
2026/07/28 21:22:06.489, 296.49, 100, 74232, 74
2026/07/28 21:22:07.525, 101.38, 24, 74232, 71
2026/07/28 21:22:08.557, 303.60, 100, 74232, 75
2026/07/28 21:22:09.594, 295.01, 100, 74232, 75
2026/07/28 21:22:10.629, 286.05, 100, 74232, 75
2026/07/28 21:22:11.664, 275.04, 100, 74232, 75
2026/07/28 21:22:12.699, 303.53, 100, 74232, 75
2026/07/28 21:22:13.736, 293.05, 100, 74232, 75
2026/07/28 21:22:14.771, 302.49, 100, 74232, 74
2026/07/28 21:22:15.809, 302.72, 100, 74232, 73
2026/07/28 21:22:16.844, 302.92, 100, 74232, 74
2026/07/28 21:22:17.882, 303.49, 100, 74232, 74
2026/07/28 21:22:18.918, 292.18, 100, 74232, 75
2026/07/28 21:22:19.953, 296.86, 100, 74232, 75
2026/07/28 21:22:20.992, 295.60, 100, 74232, 75
2026/07/28 21:22:22.027, 313.23, 100, 74232, 76
2026/07/28 21:22:23.062, 311.17, 100, 74232, 76
2026/07/28 21:22:24.103, 277.01, 100, 74232, 75
2026/07/28 21:22:25.139, 302.19, 100, 74232, 74
2026/07/28 21:22:26.178, 304.24, 100, 74232, 74
2026/07/28 21:22:27.216, 304.51, 100, 74232, 74
2026/07/28 21:22:28.253, 301.81, 100, 74232, 74
2026/07/28 21:22:29.291, 296.38, 100, 74232, 74
2026/07/28 21:22:30.328, 296.98, 100, 74232, 74
2026/07/28 21:22:31.364, 304.13, 100, 74232, 74
2026/07/28 21:22:32.402, 303.64, 100, 74232, 74
2026/07/28 21:22:33.439, 304.71, 100, 74232, 74
2026/07/28 21:22:34.476, 298.90, 100, 74232, 74
2026/07/28 21:22:35.516, 304.60, 100, 74232, 74
2026/07/28 21:22:36.553, 305.75, 100, 74232, 74
2026/07/28 21:22:37.590, 304.42, 100, 74232, 74
2026/07/28 21:22:38.626, 304.95, 100, 74232, 74
2026/07/28 21:22:39.666, 303.07, 100, 74232, 74
2026/07/28 21:22:40.702, 305.09, 100, 74232, 74
2026/07/28 21:22:41.739, 297.25, 100, 74232, 74
2026/07/28 21:22:42.776, 302.47, 73, 74232, 76
2026/07/28 21:22:43.810, 297.01, 100, 74232, 76
2026/07/28 21:22:44.848, 292.67, 100, 74232, 76
2026/07/28 21:22:45.883, 303.69, 100, 74232, 76
2026/07/28 21:22:46.919, 299.40, 100, 74232, 76
2026/07/28 21:22:47.961, 299.93, 100, 74232, 76
2026/07/28 21:22:48.996, 278.74, 100, 74232, 76
2026/07/28 21:22:50.031, 305.01, 100, 74232, 74
2026/07/28 21:22:51.070, 304.82, 100, 74232, 74
2026/07/28 21:22:52.107, 304.23, 100, 74232, 74
2026/07/28 21:22:53.144, 305.33, 100, 74232, 74
2026/07/28 21:22:54.183, 304.84, 100, 74232, 74
2026/07/28 21:22:55.221, 297.82, 100, 74232, 74
2026/07/28 21:22:56.259, 102.04, 0, 74232, 71
2026/07/28 21:22:57.291, 303.81, 100, 74232, 75
2026/07/28 21:22:58.325, 297.34, 100, 74232, 76
2026/07/28 21:22:59.358, 302.11, 100, 74232, 76
2026/07/28 21:23:00.396, 294.63, 100, 74232, 75
2026/07/28 21:23:01.430, 293.82, 100, 74232, 75
2026/07/28 21:23:02.464, 277.66, 100, 74232, 76
2026/07/28 21:23:03.498, 278.43, 100, 74232, 74
2026/07/28 21:23:04.535, 284.49, 100, 74232, 74
2026/07/28 21:23:05.575, 290.26, 100, 74232, 74
2026/07/28 21:23:06.613, 295.32, 100, 74232, 74
2026/07/28 21:23:07.650, 294.96, 100, 74232, 74
2026/07/28 21:23:08.687, 297.55, 100, 74232, 74
2026/07/28 21:23:09.724, 299.76, 100, 74232, 74
2026/07/28 21:23:10.765, 300.95, 100, 74232, 74
2026/07/28 21:23:11.801, 305.12, 100, 74232, 74
2026/07/28 21:23:12.838, 299.79, 100, 74232, 74
2026/07/28 21:23:13.875, 297.82, 100, 74232, 74
2026/07/28 21:23:14.913, 296.47, 100, 74232, 74
2026/07/28 21:23:15.951, 311.54, 100, 74232, 74
2026/07/28 21:23:16.988, 303.35, 100, 74232, 74
2026/07/28 21:23:18.024, 304.85, 100, 74232, 74
2026/07/28 21:23:19.060, 306.94, 100, 74232, 74
2026/07/28 21:23:20.096, 303.44, 100, 74232, 74
2026/07/28 21:23:21.132, 303.00, 100, 74232, 74
2026/07/28 21:23:22.171, 302.81, 100, 74232, 74
2026/07/28 21:23:23.207, 306.30, 100, 74232, 74
2026/07/28 21:23:24.246, 304.31, 100, 74232, 74
2026/07/28 21:23:25.282, 298.32, 100, 74232, 74
2026/07/28 21:23:26.318, 291.12, 100, 74232, 74
2026/07/28 21:23:27.355, 295.70, 100, 74232, 74
2026/07/28 21:23:28.394, 294.75, 100, 74232, 74
2026/07/28 21:23:29.431, 295.90, 100, 74232, 74
2026/07/28 21:23:30.467, 294.82, 100, 74232, 74
2026/07/28 21:23:31.503, 297.25, 100, 74232, 74
2026/07/28 21:23:32.538, 295.58, 100, 74232, 74
2026/07/28 21:23:33.576, 295.50, 100, 74232, 73
2026/07/28 21:23:34.615, 301.89, 100, 74232, 74
2026/07/28 21:23:35.653, 304.07, 100, 74232, 74
2026/07/28 21:23:36.691, 301.12, 100, 74232, 74
2026/07/28 21:23:37.729, 294.53, 100, 74232, 73
2026/07/28 21:23:38.765, 301.53, 100, 74232, 74
2026/07/28 21:23:39.803, 299.86, 100, 74232, 73
2026/07/28 21:23:40.842, 302.89, 100, 74232, 74
2026/07/28 21:23:41.878, 300.36, 100, 74232, 73
2026/07/28 21:23:42.918, 296.29, 100, 74232, 73
2026/07/28 21:23:43.955, 293.94, 100, 74232, 73
2026/07/28 21:23:44.999, 290.74, 100, 74232, 73
2026/07/28 21:23:46.038, 297.43, 100, 74232, 73
2026/07/28 21:23:47.074, 301.45, 100, 74232, 73
2026/07/28 21:23:48.113, 297.45, 100, 74232, 73
2026/07/28 21:23:49.151, 295.78, 100, 74232, 73
2026/07/28 21:23:50.194, 294.81, 100, 74232, 73
2026/07/28 21:23:51.232, 295.38, 100, 74232, 73
2026/07/28 21:23:52.269, 294.44, 100, 74232, 73
2026/07/28 21:23:53.309, 301.88, 100, 74232, 73
2026/07/28 21:23:54.345, 301.92, 100, 74232, 73
2026/07/28 21:23:55.382, 302.96, 100, 74232, 73
2026/07/28 21:23:56.419, 299.00, 100, 74232, 73
2026/07/28 21:23:57.456, 306.44, 100, 74232, 73
2026/07/28 21:23:58.493, 304.53, 100, 74232, 73
2026/07/28 21:23:59.530, 301.64, 100, 74232, 73
2026/07/28 21:24:00.567, 301.59, 100, 74232, 73
2026/07/28 21:24:01.605, 303.10, 100, 74232, 73
2026/07/28 21:24:02.641, 301.33, 100, 74232, 73
2026/07/28 21:24:03.678, 303.12, 100, 74232, 73
2026/07/28 21:24:04.717, 302.48, 100, 74232, 73
2026/07/28 21:24:05.755, 295.80, 100, 74232, 73
2026/07/28 21:24:06.793, 295.00, 100, 74232, 73
2026/07/28 21:24:07.833, 291.59, 100, 74232, 73
2026/07/28 21:24:08.870, 295.00, 100, 74232, 73
2026/07/28 21:24:09.908, 292.79, 100, 74232, 73
2026/07/28 21:24:10.945, 295.04, 100, 74232, 73
2026/07/28 21:24:11.982, 294.33, 100, 74232, 73
2026/07/28 21:24:13.021, 301.82, 100, 74232, 73
2026/07/28 21:24:14.057, 296.44, 100, 74232, 73
2026/07/28 21:24:15.094, 294.43, 100, 74232, 73
2026/07/28 21:24:16.131, 301.65, 100, 74232, 73
2026/07/28 21:24:17.168, 301.80, 100, 74232, 73
2026/07/28 21:24:18.204, 296.96, 100, 74232, 73
2026/07/28 21:24:19.240, 302.09, 100, 74232, 73
2026/07/28 21:24:20.277, 301.11, 100, 74232, 73
2026/07/28 21:24:21.313, 303.83, 100, 74232, 73
2026/07/28 21:24:22.348, 301.35, 100, 74232, 73
2026/07/28 21:24:23.384, 302.38, 100, 74232, 73
2026/07/28 21:24:24.420, 301.40, 100, 74232, 73
2026/07/28 21:24:25.456, 301.17, 100, 74232, 73
2026/07/28 21:24:26.491, 302.41, 100, 74232, 73
2026/07/28 21:24:27.527, 302.18, 100, 74232, 73
2026/07/28 21:24:28.563, 302.81, 100, 74232, 73
2026/07/28 21:24:29.602, 302.03, 100, 74232, 73
2026/07/28 21:24:30.639, 301.64, 100, 74232, 73
2026/07/28 21:24:31.676, 301.15, 100, 74232, 73
2026/07/28 21:24:32.713, 299.86, 100, 74232, 73
2026/07/28 21:24:33.750, 302.10, 100, 74232, 73
2026/07/28 21:24:34.787, 302.51, 100, 74232, 73
2026/07/28 21:24:35.823, 303.05, 100, 74232, 73
2026/07/28 21:24:36.860, 301.71, 100, 74232, 73
2026/07/28 21:24:37.897, 301.35, 100, 74232, 73
2026/07/28 21:24:38.937, 301.60, 100, 74232, 73
2026/07/28 21:24:39.974, 304.87, 100, 74232, 73
2026/07/28 21:24:41.010, 302.13, 100, 74232, 73
2026/07/28 21:24:42.048, 301.25, 100, 74232, 73
2026/07/28 21:24:43.085, 293.65, 100, 74232, 73
2026/07/28 21:24:44.123, 293.17, 100, 74232, 73
2026/07/28 21:24:45.160, 293.36, 100, 74232, 73
2026/07/28 21:24:46.197, 298.12, 100, 74232, 73
2026/07/28 21:24:47.235, 295.20, 100, 74232, 73
2026/07/28 21:24:48.272, 294.92, 100, 74232, 73
2026/07/28 21:24:49.309, 300.57, 100, 74232, 73
2026/07/28 21:24:50.346, 304.13, 100, 74232, 73
2026/07/28 21:24:51.383, 298.72, 100, 74232, 73
2026/07/28 21:24:52.425, 303.74, 100, 74232, 73
2026/07/28 21:24:53.462, 301.82, 100, 74232, 73
2026/07/28 21:24:54.499, 295.61, 100, 74232, 73
2026/07/28 21:24:55.538, 298.20, 100, 74232, 75
2026/07/28 21:24:56.572, 302.33, 100, 74232, 75
2026/07/28 21:24:57.605, 311.95, 100, 74232, 75
2026/07/28 21:24:58.641, 300.01, 100, 74232, 75
2026/07/28 21:24:59.675, 265.35, 100, 74232, 75
2026/07/28 21:25:00.708, 296.02, 100, 74232, 75
2026/07/28 21:25:01.744, 304.04, 100, 74232, 73
2026/07/28 21:25:02.781, 303.17, 100, 74232, 73
2026/07/28 21:25:03.818, 301.91, 100, 74232, 73
2026/07/28 21:25:04.856, 303.35, 100, 74232, 73
2026/07/28 21:25:05.893, 302.67, 100, 74232, 73
2026/07/28 21:25:06.934, 302.71, 100, 74232, 73
2026/07/28 21:25:07.972, 297.05, 100, 74232, 73
2026/07/28 21:25:09.010, 294.92, 100, 74232, 73
2026/07/28 21:25:10.049, 296.99, 100, 74232, 73
2026/07/28 21:25:11.087, 295.88, 100, 74232, 73
2026/07/28 21:25:12.125, 295.98, 100, 74232, 73
2026/07/28 21:25:13.161, 297.63, 100, 74232, 73
2026/07/28 21:25:14.199, 296.55, 100, 74232, 73
2026/07/28 21:25:15.236, 295.61, 100, 74232, 73
2026/07/28 21:25:16.273, 297.34, 100, 74232, 73
2026/07/28 21:25:17.310, 295.98, 100, 74232, 73
2026/07/28 21:25:18.348, 294.51, 100, 74232, 73
2026/07/28 21:25:19.386, 291.90, 100, 74232, 73
2026/07/28 21:25:20.422, 295.80, 100, 74232, 73
2026/07/28 21:25:21.462, 303.77, 100, 74232, 73
2026/07/28 21:25:22.499, 303.54, 100, 74232, 73
2026/07/28 21:25:23.535, 303.36, 100, 74232, 73
2026/07/28 21:25:24.572, 296.85, 100, 74232, 73
2026/07/28 21:25:25.609, 295.79, 100, 74232, 73
2026/07/28 21:25:26.646, 295.78, 100, 74232, 73
2026/07/28 21:25:27.682, 294.62, 100, 74232, 73
2026/07/28 21:25:28.719, 303.17, 100, 74232, 73
2026/07/28 21:25:29.759, 101.71, 4, 74232, 70
2026/07/28 21:25:30.791, 295.61, 100, 74232, 75
2026/07/28 21:25:31.825, 301.59, 100, 74232, 75
2026/07/28 21:25:32.861, 284.80, 100, 74232, 75
2026/07/28 21:25:33.896, 281.56, 100, 74232, 75
2026/07/28 21:25:34.935, 302.47, 100, 74232, 75
2026/07/28 21:25:35.968, 274.75, 100, 74232, 75
2026/07/28 21:25:37.002, 301.92, 100, 74232, 73
2026/07/28 21:25:38.040, 302.77, 100, 74232, 73
2026/07/28 21:25:39.076, 303.45, 100, 74232, 73
2026/07/28 21:25:40.113, 302.87, 100, 74232, 73
2026/07/28 21:25:41.151, 302.60, 100, 74232, 73
2026/07/28 21:25:42.188, 304.73, 100, 74232, 73
2026/07/28 21:25:43.226, 299.47, 100, 74232, 73
2026/07/28 21:25:44.262, 296.55, 100, 74232, 73
2026/07/28 21:25:45.299, 100.22, 0, 74232, 70
2026/07/28 21:25:46.331, 296.65, 100, 74232, 75
2026/07/28 21:25:47.366, 297.71, 100, 74232, 75
2026/07/28 21:25:48.402, 299.10, 100, 74232, 75
2026/07/28 21:25:49.437, 288.41, 100, 74232, 75
2026/07/28 21:25:50.472, 265.06, 100, 74232, 75
2026/07/28 21:25:51.507, 300.92, 100, 74232, 75
2026/07/28 21:25:52.541, 303.55, 100, 74232, 74
2026/07/28 21:25:53.579, 301.25, 100, 74232, 74
2026/07/28 21:25:54.615, 302.79, 100, 74232, 74
2026/07/28 21:25:55.652, 303.76, 100, 74232, 74
2026/07/28 21:25:56.690, 294.34, 100, 74232, 74
2026/07/28 21:25:57.730, 294.23, 100, 74232, 74
2026/07/28 21:25:58.768, 296.46, 100, 74232, 76
2026/07/28 21:25:59.804, 303.92, 100, 74232, 76
2026/07/28 21:26:00.840, 296.36, 100, 74232, 76
2026/07/28 21:26:01.875, 280.15, 100, 74232, 76
2026/07/28 21:26:02.912, 294.51, 100, 74232, 76
2026/07/28 21:26:03.951, 288.81, 100, 74232, 76
2026/07/28 21:26:04.987, 296.18, 100, 74232, 74
2026/07/28 21:26:06.025, 291.90, 100, 74232, 74
2026/07/28 21:26:07.064, 289.39, 100, 74232, 74
2026/07/28 21:26:08.102, 300.44, 100, 74232, 74
2026/07/28 21:26:09.140, 293.45, 100, 74232, 74
2026/07/28 21:26:10.181, 296.49, 100, 74232, 74
2026/07/28 21:26:11.219, 302.68, 100, 74232, 74
2026/07/28 21:26:12.255, 296.74, 100, 74232, 74
2026/07/28 21:26:13.293, 297.71, 100, 74232, 74
2026/07/28 21:26:14.330, 298.04, 100, 74232, 74
2026/07/28 21:26:15.369, 297.24, 100, 74232, 74
2026/07/28 21:26:16.407, 297.82, 100, 74232, 74
2026/07/28 21:26:17.445, 305.23, 100, 74232, 74
2026/07/28 21:26:18.481, 305.49, 100, 74232, 74
2026/07/28 21:26:19.517, 302.80, 100, 74232, 74
2026/07/28 21:26:20.554, 305.49, 100, 74232, 74
2026/07/28 21:26:21.593, 306.38, 100, 74232, 74
2026/07/28 21:26:22.633, 304.05, 100, 74232, 74
2026/07/28 21:26:23.671, 297.65, 100, 74232, 74
2026/07/28 21:26:24.709, 296.68, 100, 74232, 74
2026/07/28 21:26:25.747, 295.90, 100, 74232, 74
2026/07/28 21:26:26.785, 299.90, 100, 74232, 74
2026/07/28 21:26:27.831, 296.85, 100, 74232, 74
2026/07/28 21:26:28.870, 296.19, 100, 74232, 74
2026/07/28 21:26:29.908, 297.16, 100, 74232, 74
2026/07/28 21:26:30.945, 295.50, 100, 74232, 74
2026/07/28 21:26:31.983, 297.16, 100, 74232, 74
2026/07/28 21:26:33.020, 296.40, 100, 74232, 74
2026/07/28 21:26:34.057, 299.97, 100, 74232, 74
2026/07/28 21:26:35.093, 296.48, 100, 74232, 74
2026/07/28 21:26:36.135, 293.56, 100, 74232, 74
2026/07/28 21:26:37.172, 303.75, 100, 74232, 74
2026/07/28 21:26:38.212, 302.78, 100, 74232, 74
2026/07/28 21:26:39.251, 298.62, 100, 74232, 74
2026/07/28 21:26:40.287, 296.88, 100, 74232, 74
2026/07/28 21:26:41.327, 98.35, 93, 74232, 71
2026/07/28 21:26:42.360, 302.70, 100, 74232, 75
2026/07/28 21:26:43.396, 302.10, 100, 74232, 75
2026/07/28 21:26:44.433, 292.48, 100, 74232, 75
2026/07/28 21:26:45.468, 282.75, 100, 74232, 75
2026/07/28 21:26:46.503, 303.84, 100, 74232, 75
2026/07/28 21:26:47.538, 273.41, 100, 74232, 75
2026/07/28 21:26:48.574, 300.84, 100, 74232, 75
2026/07/28 21:26:49.608, 303.28, 100, 74232, 73
2026/07/28 21:26:50.645, 303.74, 100, 74232, 73
2026/07/28 21:26:51.683, 296.30, 100, 74232, 73
2026/07/28 21:26:52.722, 292.28, 65, 74232, 75
2026/07/28 21:26:53.759, 302.48, 100, 74232, 74
2026/07/28 21:26:54.797, 304.40, 100, 74232, 74
2026/07/28 21:26:55.834, 297.82, 100, 74232, 74
2026/07/28 21:26:56.878, 297.64, 100, 74232, 74
2026/07/28 21:26:57.915, 302.97, 100, 74232, 74
2026/07/28 21:26:58.951, 303.48, 100, 74232, 74
2026/07/28 21:26:59.989, 302.10, 100, 74232, 74
2026/07/28 21:27:01.028, 293.07, 100, 74232, 74
2026/07/28 21:27:02.065, 297.17, 100, 74232, 74
2026/07/28 21:27:03.103, 295.30, 100, 74232, 74
2026/07/28 21:27:04.141, 295.70, 100, 74232, 74
2026/07/28 21:27:05.178, 296.95, 100, 74232, 74
2026/07/28 21:27:06.216, 296.67, 100, 74232, 74
2026/07/28 21:27:07.252, 296.17, 100, 74232, 74
2026/07/28 21:27:08.290, 297.55, 100, 74232, 74
2026/07/28 21:27:09.327, 297.43, 100, 74232, 74
2026/07/28 21:27:10.364, 292.58, 100, 74232, 74
2026/07/28 21:27:11.403, 295.33, 100, 74232, 74
2026/07/28 21:27:12.440, 294.63, 100, 74232, 74
2026/07/28 21:27:13.480, 298.61, 100, 74232, 74
2026/07/28 21:27:14.517, 290.93, 100, 74232, 74
2026/07/28 21:27:15.554, 294.91, 100, 74232, 74
2026/07/28 21:27:16.594, 303.75, 100, 74232, 74
2026/07/28 21:27:17.630, 303.91, 100, 74232, 74
2026/07/28 21:27:18.669, 301.99, 100, 74232, 74
2026/07/28 21:27:19.709, 303.00, 100, 74232, 74
2026/07/28 21:27:20.746, 303.25, 100, 74232, 74
2026/07/28 21:27:21.782, 303.47, 100, 74232, 74
2026/07/28 21:27:22.819, 304.34, 100, 74232, 74
2026/07/28 21:27:23.857, 305.09, 100, 74232, 74
2026/07/28 21:27:24.893, 303.68, 100, 74232, 74
2026/07/28 21:27:25.930, 305.31, 100, 74232, 74
2026/07/28 21:27:26.967, 302.39, 100, 74232, 74
2026/07/28 21:27:28.004, 305.67, 100, 74232, 74
2026/07/28 21:27:29.040, 303.88, 100, 74232, 73
2026/07/28 21:27:30.077, 302.57, 100, 74232, 73
2026/07/28 21:27:31.113, 303.51, 100, 74232, 73
2026/07/28 21:27:32.150, 302.19, 100, 74232, 73
2026/07/28 21:27:33.188, 305.23, 100, 74232, 73
2026/07/28 21:27:34.227, 299.79, 100, 74232, 73
2026/07/28 21:27:35.264, 298.22, 100, 74232, 73
2026/07/28 21:27:36.301, 304.06, 100, 74232, 73
2026/07/28 21:27:37.338, 290.55, 100, 74232, 73
2026/07/28 21:27:38.376, 292.09, 100, 74232, 73
2026/07/28 21:27:39.414, 295.40, 100, 74232, 73
2026/07/28 21:27:40.451, 295.59, 100, 74232, 73
2026/07/28 21:27:41.488, 293.65, 100, 74232, 73
2026/07/28 21:27:42.527, 294.81, 100, 74232, 73
2026/07/28 21:27:43.562, 294.34, 100, 74232, 73
2026/07/28 21:27:44.599, 298.12, 100, 74232, 73
2026/07/28 21:27:45.637, 293.74, 100, 74232, 73
2026/07/28 21:27:46.679, 297.06, 100, 74232, 73
2026/07/28 21:27:47.716, 302.78, 100, 74232, 73
2026/07/28 21:27:48.752, 303.10, 100, 74232, 73
2026/07/28 21:27:49.788, 297.15, 100, 74232, 73
2026/07/28 21:27:50.825, 302.58, 100, 74232, 73
2026/07/28 21:27:51.863, 301.06, 100, 74232, 73
2026/07/28 21:27:52.899, 303.00, 100, 74232, 73
2026/07/28 21:27:53.936, 302.49, 100, 74232, 73
2026/07/28 21:27:54.972, 301.42, 100, 74232, 73
2026/07/28 21:27:56.008, 302.09, 100, 74232, 73
2026/07/28 21:27:57.046, 301.32, 100, 74232, 73
2026/07/28 21:27:58.083, 295.00, 100, 74232, 73
2026/07/28 21:27:59.128, 292.48, 100, 74232, 73
2026/07/28 21:28:00.164, 298.80, 100, 74232, 73
2026/07/28 21:28:01.200, 298.33, 100, 74232, 73
2026/07/28 21:28:02.236, 301.81, 100, 74232, 73
2026/07/28 21:28:03.273, 295.21, 100, 74232, 73
2026/07/28 21:28:04.310, 303.10, 100, 74232, 73
2026/07/28 21:28:05.348, 302.53, 100, 74232, 73
2026/07/28 21:28:06.384, 302.03, 100, 74232, 73
2026/07/28 21:28:07.421, 294.72, 100, 74232, 73
2026/07/28 21:28:08.457, 293.76, 100, 74232, 73
2026/07/28 21:28:09.493, 294.62, 100, 74232, 73
2026/07/28 21:28:10.533, 294.43, 100, 74232, 73
2026/07/28 21:28:11.570, 303.38, 100, 74232, 73
2026/07/28 21:28:12.607, 300.06, 100, 74232, 73
2026/07/28 21:28:13.644, 302.58, 100, 74232, 73
2026/07/28 21:28:14.682, 299.48, 100, 74232, 73
2026/07/28 21:28:15.718, 302.89, 100, 74232, 73
2026/07/28 21:28:16.756, 302.72, 100, 74232, 73
2026/07/28 21:28:17.793, 301.90, 100, 74232, 73
2026/07/28 21:28:18.829, 302.39, 100, 74232, 73
2026/07/28 21:28:19.866, 298.11, 100, 74232, 73
2026/07/28 21:28:20.902, 303.00, 100, 74232, 73
2026/07/28 21:28:21.938, 301.03, 100, 74232, 73
2026/07/28 21:28:22.975, 302.02, 100, 74232, 73
2026/07/28 21:28:24.014, 300.86, 100, 74232, 73
2026/07/28 21:28:25.050, 302.13, 100, 74232, 73
2026/07/28 21:28:26.087, 301.13, 100, 74232, 73
2026/07/28 21:28:27.124, 302.42, 100, 74232, 73
2026/07/28 21:28:28.163, 301.71, 100, 74232, 73
2026/07/28 21:28:29.200, 303.83, 100, 74232, 73
2026/07/28 21:28:30.236, 300.94, 100, 74232, 73
2026/07/28 21:28:31.273, 301.23, 100, 74232, 73
2026/07/28 21:28:32.315, 301.99, 100, 74232, 73
2026/07/28 21:28:33.352, 304.60, 100, 74232, 75
2026/07/28 21:28:34.386, 299.46, 100, 74232, 75
2026/07/28 21:28:35.420, 285.84, 100, 74232, 74
2026/07/28 21:28:36.455, 293.91, 100, 74232, 75
2026/07/28 21:28:37.492, 288.51, 100, 74232, 74
2026/07/28 21:28:38.526, 293.10, 100, 74232, 75
2026/07/28 21:28:39.561, 301.35, 100, 74232, 73
2026/07/28 21:28:40.600, 302.89, 100, 74232, 73
2026/07/28 21:28:41.636, 301.34, 100, 74232, 73
2026/07/28 21:28:42.674, 302.62, 100, 74232, 73
2026/07/28 21:28:43.713, 301.99, 100, 74232, 73
2026/07/28 21:28:44.749, 303.48, 100, 74232, 73
2026/07/28 21:28:45.786, 302.81, 100, 74232, 73
2026/07/28 21:28:46.823, 302.59, 100, 74232, 73
2026/07/28 21:28:47.861, 301.06, 100, 74232, 75
2026/07/28 21:28:48.897, 306.18, 100, 74232, 75
2026/07/28 21:28:49.932, 310.00, 100, 74232, 75
2026/07/28 21:28:50.969, 304.18, 100, 74232, 75
2026/07/28 21:28:52.003, 315.99, 100, 74232, 75
2026/07/28 21:28:53.039, 308.83, 100, 74232, 75
2026/07/28 21:28:54.078, 292.30, 100, 74232, 73
2026/07/28 21:28:55.115, 292.68, 100, 74232, 73
2026/07/28 21:28:56.152, 292.11, 100, 74232, 73
2026/07/28 21:28:57.189, 299.79, 100, 74232, 73
2026/07/28 21:28:58.227, 295.89, 100, 74232, 74
2026/07/28 21:28:59.264, 304.57, 100, 74232, 74
2026/07/28 21:29:00.300, 299.88, 100, 74232, 74
2026/07/28 21:29:01.336, 302.00, 100, 74232, 74
2026/07/28 21:29:02.373, 304.24, 100, 74232, 74
2026/07/28 21:29:03.410, 304.14, 100, 74232, 74
2026/07/28 21:29:04.447, 305.03, 100, 74232, 74
2026/07/28 21:29:05.484, 303.55, 100, 74232, 74
2026/07/28 21:29:06.522, 305.27, 100, 74232, 74
2026/07/28 21:29:07.560, 304.08, 100, 74232, 72
2026/07/28 21:29:08.594, 281.80, 100, 74232, 75
2026/07/28 21:29:09.628, 307.96, 100, 74232, 75
2026/07/28 21:29:10.667, 294.83, 100, 74232, 75
2026/07/28 21:29:11.701, 293.84, 100, 74232, 75
2026/07/28 21:29:12.751, 309.17, 100, 74232, 75
2026/07/28 21:29:13.788, 297.62, 100, 74232, 75
2026/07/28 21:29:14.822, 279.37, 100, 74232, 74
2026/07/28 21:29:15.859, 285.20, 100, 74232, 73
2026/07/28 21:29:16.896, 288.89, 100, 74232, 74
2026/07/28 21:29:17.933, 294.14, 100, 74232, 74
2026/07/28 21:29:18.969, 292.87, 100, 74232, 74
2026/07/28 21:29:20.013, 296.66, 100, 74232, 74
2026/07/28 21:29:21.051, 303.27, 100, 74232, 74
2026/07/28 21:29:22.088, 304.55, 100, 74232, 74
2026/07/28 21:29:23.125, 308.62, 100, 74232, 74
2026/07/28 21:29:24.161, 304.94, 100, 74232, 74
2026/07/28 21:29:25.197, 305.78, 100, 74232, 74
2026/07/28 21:29:26.234, 304.04, 100, 74232, 74
2026/07/28 21:29:27.271, 298.91, 100, 74232, 74
2026/07/28 21:29:28.309, 298.04, 100, 74232, 74
2026/07/28 21:29:29.346, 297.15, 100, 74232, 74
2026/07/28 21:29:30.382, 296.97, 100, 74232, 74
2026/07/28 21:29:31.418, 297.45, 100, 74232, 74
2026/07/28 21:29:32.453, 296.48, 100, 74232, 74
2026/07/28 21:29:33.490, 297.35, 100, 74232, 74
2026/07/28 21:29:34.527, 287.03, 100, 74232, 74
2026/07/28 21:29:35.563, 297.36, 100, 74232, 74
2026/07/28 21:29:36.600, 294.83, 100, 74232, 74
2026/07/28 21:29:37.636, 297.15, 100, 74232, 74
2026/07/28 21:29:38.673, 292.48, 100, 74232, 74
2026/07/28 21:29:39.710, 295.90, 100, 74232, 74
2026/07/28 21:29:40.753, 297.83, 100, 74232, 74
2026/07/28 21:29:41.790, 297.16, 100, 74232, 74
2026/07/28 21:29:42.827, 295.98, 100, 74232, 74
2026/07/28 21:29:43.863, 293.54, 100, 74232, 74
2026/07/28 21:29:44.900, 302.79, 100, 74232, 74
2026/07/28 21:29:45.938, 304.25, 100, 74232, 74
2026/07/28 21:29:46.976, 300.49, 100, 74232, 74
2026/07/28 21:29:48.013, 303.76, 100, 74232, 74
2026/07/28 21:29:49.049, 293.73, 100, 74232, 74
2026/07/28 21:29:50.086, 298.14, 100, 74232, 74
2026/07/28 21:29:51.121, 295.90, 100, 74232, 74
2026/07/28 21:29:52.161, 296.68, 100, 74232, 74
2026/07/28 21:29:53.197, 303.19, 100, 74232, 74
2026/07/28 21:29:54.238, 296.07, 100, 74232, 73
2026/07/28 21:29:55.276, 296.40, 100, 74232, 73
2026/07/28 21:29:56.314, 296.29, 100, 74232, 73
2026/07/28 21:29:57.350, 296.19, 100, 74232, 73
2026/07/28 21:29:58.387, 296.27, 100, 74232, 73
2026/07/28 21:29:59.424, 296.29, 100, 74232, 73
2026/07/28 21:30:00.465, 298.61, 100, 74232, 73
2026/07/28 21:30:01.503, 295.90, 100, 74232, 73
2026/07/28 21:30:02.545, 296.96, 100, 74232, 73
2026/07/28 21:30:03.583, 295.99, 100, 74232, 73
2026/07/28 21:30:04.620, 304.12, 100, 74232, 73
2026/07/28 21:30:05.656, 303.95, 100, 74232, 74
2026/07/28 21:30:06.693, 305.90, 100, 74232, 73
2026/07/28 21:30:07.732, 300.30, 100, 74232, 73
2026/07/28 21:30:08.769, 304.23, 100, 74232, 73
2026/07/28 21:30:09.812, 295.60, 100, 74232, 73
2026/07/28 21:30:10.849, 303.36, 100, 74232, 73
2026/07/28 21:30:11.885, 295.89, 100, 74232, 73
2026/07/28 21:30:12.923, 298.13, 100, 74232, 73
2026/07/28 21:30:13.960, 295.89, 100, 74232, 73
2026/07/28 21:30:15.000, 295.69, 100, 74232, 73
2026/07/28 21:30:16.037, 296.87, 100, 74232, 73
2026/07/28 21:30:17.076, 299.86, 100, 74232, 73
2026/07/28 21:30:18.112, 299.38, 100, 74232, 73
2026/07/28 21:30:19.149, 302.68, 100, 74232, 73
2026/07/28 21:30:20.186, 303.75, 100, 74232, 73
2026/07/28 21:30:21.224, 304.35, 100, 74232, 73
2026/07/28 21:30:22.260, 302.89, 100, 74232, 73
2026/07/28 21:30:23.298, 303.45, 100, 74232, 73
2026/07/28 21:30:24.336, 295.89, 100, 74232, 73
2026/07/28 21:30:25.373, 296.68, 100, 74232, 73
2026/07/28 21:30:26.410, 297.54, 100, 74232, 73
2026/07/28 21:30:27.449, 295.60, 100, 74232, 73
2026/07/28 21:30:28.486, 296.08, 100, 74232, 73
2026/07/28 21:30:29.529, 298.05, 100, 74232, 73
2026/07/28 21:30:30.568, 296.40, 100, 74232, 73
2026/07/28 21:30:31.606, 295.51, 100, 74232, 73
2026/07/28 21:30:32.642, 292.20, 100, 74232, 73
2026/07/28 21:30:33.678, 292.97, 100, 74232, 73
2026/07/28 21:30:34.716, 295.60, 100, 74232, 73
2026/07/28 21:30:35.755, 295.90, 100, 74232, 73
2026/07/28 21:30:36.792, 296.85, 100, 74232, 73
2026/07/28 21:30:37.829, 296.11, 100, 74232, 73
2026/07/28 21:30:38.865, 296.09, 100, 74232, 73
2026/07/28 21:30:39.903, 295.68, 100, 74232, 73
2026/07/28 21:30:40.940, 295.52, 100, 74232, 73
2026/07/28 21:30:41.977, 295.98, 100, 74232, 73
2026/07/28 21:30:43.013, 298.24, 100, 74232, 73
2026/07/28 21:30:44.049, 302.47, 100, 74232, 73
2026/07/28 21:30:45.087, 303.70, 100, 74232, 73
2026/07/28 21:30:46.124, 303.07, 100, 74232, 73
2026/07/28 21:30:47.160, 301.92, 100, 74232, 73
2026/07/28 21:30:48.198, 303.68, 100, 74232, 73
2026/07/28 21:30:49.234, 303.47, 100, 74232, 73
2026/07/28 21:30:50.272, 303.26, 100, 74232, 73
2026/07/28 21:30:51.309, 296.28, 100, 74232, 73
2026/07/28 21:30:52.347, 296.19, 100, 74232, 73
2026/07/28 21:30:53.384, 296.68, 100, 74232, 73
2026/07/28 21:30:54.422, 295.03, 100, 74232, 73
2026/07/28 21:30:55.459, 296.27, 100, 74232, 73
2026/07/28 21:30:56.496, 295.61, 100, 74232, 73
2026/07/28 21:30:57.534, 296.75, 100, 74232, 73
2026/07/28 21:30:58.571, 295.79, 100, 74232, 73
2026/07/28 21:30:59.609, 295.81, 100, 74232, 73
2026/07/28 21:31:00.646, 295.42, 100, 74232, 73
2026/07/28 21:31:01.683, 295.99, 100, 74232, 73
2026/07/28 21:31:02.721, 299.77, 100, 74232, 73
2026/07/28 21:31:03.760, 298.01, 100, 74232, 73
2026/07/28 21:31:04.796, 295.60, 100, 74232, 73
2026/07/28 21:31:05.833, 296.08, 100, 74232, 73
2026/07/28 21:31:06.870, 296.37, 100, 74232, 73
2026/07/28 21:31:07.908, 295.80, 100, 74232, 73
2026/07/28 21:31:08.944, 296.76, 100, 74232, 73
2026/07/28 21:31:09.981, 291.71, 100, 74232, 73
2026/07/28 21:31:11.019, 294.83, 100, 74232, 73
2026/07/28 21:31:12.058, 302.38, 100, 74232, 73
2026/07/28 21:31:13.096, 300.28, 100, 74232, 73
2026/07/28 21:31:14.133, 303.65, 100, 74232, 73
2026/07/28 21:31:15.171, 302.97, 100, 74232, 73
2026/07/28 21:31:16.208, 303.88, 100, 74232, 73
2026/07/28 21:31:17.245, 299.20, 100, 74232, 73
2026/07/28 21:31:18.283, 296.48, 100, 74232, 73
2026/07/28 21:31:19.320, 299.78, 100, 74232, 73
2026/07/28 21:31:20.357, 292.29, 100, 74232, 73
2026/07/28 21:31:21.393, 291.11, 100, 74232, 73
2026/07/28 21:31:22.432, 297.24, 100, 74232, 73
2026/07/28 21:31:23.468, 296.97, 100, 74232, 73
2026/07/28 21:31:24.505, 295.79, 100, 74232, 73
2026/07/28 21:31:25.541, 296.20, 100, 74232, 73
2026/07/28 21:31:26.580, 295.32, 100, 74232, 73
2026/07/28 21:31:27.617, 297.07, 100, 74232, 73
2026/07/28 21:31:28.656, 294.02, 100, 74232, 73
2026/07/28 21:31:29.693, 303.19, 100, 74232, 73
2026/07/28 21:31:30.729, 303.58, 100, 74232, 73
2026/07/28 21:31:31.767, 301.50, 100, 74232, 73
2026/07/28 21:31:32.808, 297.62, 100, 74232, 73
2026/07/28 21:31:33.848, 299.42, 100, 74232, 73
2026/07/28 21:31:34.885, 303.46, 100, 74232, 73
2026/07/28 21:31:35.923, 303.35, 100, 74232, 73
2026/07/28 21:31:36.962, 303.10, 100, 74232, 73
2026/07/28 21:31:37.999, 303.24, 100, 74232, 73
2026/07/28 21:31:39.037, 304.35, 100, 74232, 73
2026/07/28 21:31:40.074, 297.23, 100, 74232, 73
2026/07/28 21:31:41.111, 303.35, 100, 74232, 73
2026/07/28 21:31:42.150, 301.71, 100, 74232, 73
2026/07/28 21:31:43.186, 295.52, 100, 74232, 73
2026/07/28 21:31:44.221, 296.49, 100, 74232, 73
2026/07/28 21:31:45.258, 301.22, 100, 74232, 73
2026/07/28 21:31:46.295, 299.31, 100, 74232, 73
2026/07/28 21:31:47.331, 303.35, 100, 74232, 73
2026/07/28 21:31:48.369, 293.95, 100, 74232, 73
2026/07/28 21:31:49.406, 296.57, 100, 74232, 73
2026/07/28 21:31:50.443, 298.72, 100, 74232, 73
2026/07/28 21:31:51.480, 304.15, 100, 74232, 73
2026/07/28 21:31:52.518, 299.11, 100, 74232, 73
2026/07/28 21:31:53.555, 303.02, 100, 74232, 73
2026/07/28 21:31:54.592, 300.05, 100, 74232, 73
2026/07/28 21:31:55.630, 295.87, 100, 74232, 73
2026/07/28 21:31:56.667, 296.47, 100, 74232, 73
2026/07/28 21:31:57.704, 301.63, 100, 74232, 73
2026/07/28 21:31:58.743, 303.94, 100, 74232, 73
2026/07/28 21:31:59.781, 300.16, 100, 74232, 73
2026/07/28 21:32:00.818, 303.79, 100, 74232, 73
2026/07/28 21:32:01.855, 303.58, 100, 74232, 73
2026/07/28 21:32:02.891, 303.51, 100, 74232, 73
2026/07/28 21:32:03.928, 295.79, 100, 74232, 73
2026/07/28 21:32:04.965, 302.52, 100, 74232, 73
2026/07/28 21:32:06.003, 303.11, 100, 74232, 73
2026/07/28 21:32:07.040, 303.06, 100, 74232, 73
2026/07/28 21:32:08.083, 295.88, 100, 74232, 73
2026/07/28 21:32:09.120, 297.85, 100, 74232, 73
2026/07/28 21:32:10.158, 295.70, 100, 74232, 73
2026/07/28 21:32:11.196, 296.20, 100, 74232, 73
2026/07/28 21:32:12.231, 295.30, 100, 74232, 73
2026/07/28 21:32:13.269, 294.82, 100, 74232, 73
2026/07/28 21:32:14.305, 295.39, 100, 74232, 73
2026/07/28 21:32:15.342, 295.21, 100, 74232, 73
2026/07/28 21:32:16.378, 297.83, 100, 74232, 73
2026/07/28 21:32:17.415, 295.51, 100, 74232, 73
2026/07/28 21:32:18.453, 298.39, 100, 74232, 73
2026/07/28 21:32:19.489, 295.77, 100, 74232, 73
2026/07/28 21:32:20.528, 295.88, 100, 74232, 73
2026/07/28 21:32:21.565, 294.16, 100, 74232, 73
2026/07/28 21:32:22.601, 302.48, 100, 74232, 73
2026/07/28 21:32:23.640, 302.88, 100, 74232, 73
2026/07/28 21:32:24.676, 302.87, 100, 74232, 73
2026/07/28 21:32:25.714, 303.30, 100, 74232, 73
2026/07/28 21:32:26.750, 306.55, 100, 74232, 73
2026/07/28 21:32:27.788, 303.74, 100, 74232, 73
2026/07/28 21:32:28.825, 303.88, 100, 74232, 73
2026/07/28 21:32:29.861, 305.49, 100, 74232, 73
2026/07/28 21:32:30.897, 303.10, 100, 74232, 73
2026/07/28 21:32:31.934, 303.49, 100, 74232, 73
2026/07/28 21:32:32.972, 296.28, 100, 74232, 73
2026/07/28 21:32:34.008, 296.38, 100, 74232, 73
2026/07/28 21:32:35.046, 295.20, 100, 74232, 73
2026/07/28 21:32:36.082, 303.69, 100, 74232, 73
2026/07/28 21:32:37.119, 301.44, 100, 74232, 73
2026/07/28 21:32:38.157, 303.55, 100, 74232, 73
2026/07/28 21:32:39.195, 297.56, 100, 74232, 73
2026/07/28 21:32:40.232, 295.41, 100, 74232, 73
2026/07/28 21:32:41.269, 294.43, 100, 74232, 73
2026/07/28 21:32:42.306, 295.50, 100, 74232, 73
2026/07/28 21:32:43.343, 304.95, 100, 74232, 73
2026/07/28 21:32:44.380, 302.79, 100, 74232, 73
2026/07/28 21:32:45.417, 305.38, 100, 74232, 73
2026/07/28 21:32:46.453, 300.35, 100, 74232, 73
2026/07/28 21:32:47.492, 299.40, 100, 74232, 73
2026/07/28 21:32:48.529, 303.18, 100, 74232, 73
2026/07/28 21:32:49.565, 293.37, 100, 74232, 73
2026/07/28 21:32:50.603, 295.50, 100, 74232, 73
2026/07/28 21:32:51.640, 296.38, 100, 74232, 73
2026/07/28 21:32:52.681, 295.50, 100, 74232, 73
2026/07/28 21:32:53.717, 302.38, 100, 74232, 73
2026/07/28 21:32:54.756, 294.55, 100, 74232, 73
2026/07/28 21:32:55.794, 301.04, 100, 74232, 73
2026/07/28 21:32:56.832, 303.90, 100, 74232, 73
2026/07/28 21:32:57.870, 303.77, 100, 74232, 73
2026/07/28 21:32:58.908, 305.05, 100, 74232, 73
2026/07/28 21:32:59.945, 303.93, 100, 74232, 73
2026/07/28 21:33:00.982, 303.49, 100, 74232, 73
2026/07/28 21:33:02.019, 303.28, 100, 74232, 73
2026/07/28 21:33:03.056, 302.09, 100, 74232, 73
2026/07/28 21:33:04.092, 303.26, 100, 74232, 73
2026/07/28 21:33:05.130, 304.91, 100, 74232, 73
2026/07/28 21:33:06.167, 304.22, 100, 74232, 73
2026/07/28 21:33:07.205, 302.91, 100, 74232, 73
2026/07/28 21:33:08.242, 302.71, 100, 74232, 73
2026/07/28 21:33:09.280, 302.79, 100, 74232, 73
2026/07/28 21:33:10.318, 295.60, 100, 74232, 73
2026/07/28 21:33:11.356, 305.41, 100, 74232, 73
2026/07/28 21:33:12.392, 302.98, 100, 74232, 73
2026/07/28 21:33:13.430, 295.79, 100, 74232, 73
2026/07/28 21:33:14.467, 297.35, 100, 74232, 73
2026/07/28 21:33:15.505, 296.38, 100, 74232, 73
2026/07/28 21:33:16.543, 295.41, 100, 74232, 73
2026/07/28 21:33:17.581, 295.99, 100, 74232, 73
2026/07/28 21:33:18.619, 296.77, 100, 74232, 73
2026/07/28 21:33:19.656, 295.30, 100, 74232, 73
2026/07/28 21:33:20.695, 295.41, 100, 74232, 73
2026/07/28 21:33:21.733, 296.40, 100, 74232, 73
2026/07/28 21:33:22.772, 295.78, 100, 74232, 73
2026/07/28 21:33:23.810, 292.10, 100, 74232, 73
2026/07/28 21:33:24.848, 295.30, 100, 74232, 73
2026/07/28 21:33:25.885, 295.41, 100, 74232, 73
2026/07/28 21:33:26.923, 295.21, 100, 74232, 73
2026/07/28 21:33:27.960, 295.68, 100, 74232, 73
2026/07/28 21:33:28.997, 302.99, 100, 74232, 73
2026/07/28 21:33:30.033, 299.69, 100, 74232, 73
2026/07/28 21:33:31.070, 299.76, 100, 74232, 73
2026/07/28 21:33:32.105, 296.08, 100, 74232, 73
2026/07/28 21:33:33.142, 295.51, 100, 74232, 73
2026/07/28 21:33:34.180, 295.60, 100, 74232, 73
2026/07/28 21:33:35.219, 295.81, 100, 74232, 73
2026/07/28 21:33:36.258, 292.78, 100, 74232, 73
2026/07/28 21:33:37.297, 293.37, 100, 74232, 73
2026/07/28 21:33:38.336, 292.58, 100, 74232, 73
2026/07/28 21:33:39.372, 299.69, 100, 74232, 73
2026/07/28 21:33:40.410, 299.28, 100, 74232, 73
2026/07/28 21:33:41.455, 295.11, 100, 74232, 73
2026/07/28 21:33:42.493, 303.16, 100, 74232, 73
2026/07/28 21:33:43.531, 299.77, 100, 74232, 73
2026/07/28 21:33:44.571, 304.33, 100, 74232, 73
2026/07/28 21:33:45.607, 304.45, 100, 74232, 73
2026/07/28 21:33:46.645, 302.97, 100, 74232, 73
2026/07/28 21:33:47.681, 304.74, 100, 74232, 73
2026/07/28 21:33:48.719, 303.55, 100, 74232, 73
2026/07/28 21:33:49.756, 292.48, 100, 74232, 73
2026/07/28 21:33:50.795, 296.29, 100, 74232, 73
2026/07/28 21:33:51.833, 295.68, 100, 74232, 73
2026/07/28 21:33:52.870, 295.41, 100, 74232, 73
2026/07/28 21:33:53.908, 296.76, 100, 74232, 73
2026/07/28 21:33:54.944, 295.79, 100, 74232, 73
2026/07/28 21:33:55.983, 295.59, 100, 74232, 73
2026/07/28 21:33:57.019, 298.91, 100, 74232, 73
2026/07/28 21:33:58.058, 303.35, 100, 74232, 73
2026/07/28 21:33:59.095, 296.97, 100, 74232, 73
2026/07/28 21:34:00.134, 297.34, 100, 74232, 73
2026/07/28 21:34:01.173, 297.26, 100, 74232, 73
2026/07/28 21:34:02.211, 292.20, 100, 74232, 73
2026/07/28 21:34:03.248, 296.00, 100, 74232, 73
2026/07/28 21:34:04.285, 296.18, 100, 74232, 73
2026/07/28 21:34:05.322, 303.64, 100, 74232, 73
2026/07/28 21:34:06.359, 302.71, 100, 74232, 73
2026/07/28 21:34:07.396, 299.75, 100, 74232, 73
2026/07/28 21:34:08.433, 308.70, 100, 74232, 74
2026/07/28 21:34:09.467, 299.86, 100, 74232, 74
2026/07/28 21:34:10.502, 291.01, 100, 74232, 74
2026/07/28 21:34:11.536, 322.59, 100, 74232, 74
2026/07/28 21:34:12.571, 275.76, 100, 74232, 74
2026/07/28 21:34:13.606, 282.78, 100, 74232, 74
2026/07/28 21:34:14.641, 313.58, 100, 74232, 74
2026/07/28 21:34:15.677, 301.45, 100, 74232, 73
2026/07/28 21:34:16.713, 302.48, 100, 74232, 73
2026/07/28 21:34:17.751, 302.09, 100, 74232, 73
2026/07/28 21:34:18.790, 302.40, 100, 74232, 73
2026/07/28 21:34:19.827, 302.04, 100, 74232, 73
2026/07/28 21:34:20.867, 303.00, 100, 74232, 73
2026/07/28 21:34:21.904, 302.98, 100, 74232, 73
2026/07/28 21:34:22.943, 307.18, 100, 74232, 73
2026/07/28 21:34:23.981, 295.40, 100, 74232, 73
2026/07/28 21:34:25.018, 302.89, 100, 74232, 73
2026/07/28 21:34:26.055, 303.83, 100, 74232, 73
2026/07/28 21:34:27.091, 295.32, 100, 74232, 73
2026/07/28 21:34:28.128, 295.30, 100, 74232, 73
2026/07/28 21:34:29.166, 300.84, 100, 74232, 73
2026/07/28 21:34:30.205, 296.57, 100, 74232, 73
2026/07/28 21:34:31.243, 298.11, 100, 74232, 73
2026/07/28 21:34:32.280, 296.08, 100, 74232, 73
2026/07/28 21:34:33.318, 295.60, 100, 74232, 73
2026/07/28 21:34:34.355, 291.61, 100, 74232, 73
2026/07/28 21:34:35.396, 295.90, 100, 74232, 73
2026/07/28 21:34:36.433, 295.41, 100, 74232, 73
2026/07/28 21:34:37.470, 293.01, 100, 74232, 73
2026/07/28 21:34:38.508, 296.38, 100, 74232, 73
2026/07/28 21:34:39.545, 292.68, 100, 74232, 73
2026/07/28 21:34:40.583, 292.39, 100, 74232, 73
2026/07/28 21:34:41.620, 297.54, 100, 74232, 73
2026/07/28 21:34:42.661, 298.71, 100, 74232, 73
2026/07/28 21:34:43.697, 296.18, 100, 74232, 73
2026/07/28 21:34:44.735, 299.31, 100, 74232, 73
2026/07/28 21:34:45.773, 295.99, 100, 74232, 73
2026/07/28 21:34:46.810, 302.91, 100, 74232, 73
2026/07/28 21:34:47.847, 302.68, 100, 74232, 73
2026/07/28 21:34:48.892, 303.84, 100, 74232, 73
2026/07/28 21:34:49.929, 302.03, 100, 74232, 73
2026/07/28 21:34:50.966, 302.94, 100, 74232, 73
2026/07/28 21:34:52.003, 302.02, 100, 74232, 73
2026/07/28 21:34:53.040, 303.97, 100, 74232, 73
2026/07/28 21:34:54.078, 302.37, 100, 74232, 73
2026/07/28 21:34:55.115, 303.92, 100, 74232, 73
2026/07/28 21:34:56.153, 302.71, 100, 74232, 73
2026/07/28 21:34:57.191, 295.79, 100, 74232, 73
2026/07/28 21:34:58.229, 293.37, 100, 74232, 73
2026/07/28 21:34:59.265, 295.61, 100, 74232, 73
2026/07/28 21:35:00.303, 295.51, 100, 74232, 73
2026/07/28 21:35:01.340, 292.01, 100, 74232, 73
2026/07/28 21:35:02.379, 296.74, 100, 74232, 73
2026/07/28 21:35:03.416, 294.92, 100, 74232, 73
2026/07/28 21:35:04.453, 297.36, 100, 74232, 73
2026/07/28 21:35:05.490, 302.59, 100, 74232, 73
2026/07/28 21:35:06.527, 294.74, 100, 74232, 73
2026/07/28 21:35:07.564, 297.35, 100, 74232, 73
2026/07/28 21:35:08.600, 292.88, 100, 74232, 73
2026/07/28 21:35:09.637, 292.47, 100, 74232, 73
2026/07/28 21:35:10.672, 294.63, 100, 74232, 73
2026/07/28 21:35:11.708, 302.82, 100, 74232, 73
2026/07/28 21:35:12.747, 303.17, 100, 74232, 73
2026/07/28 21:35:13.784, 303.26, 100, 74232, 73
2026/07/28 21:35:14.820, 302.70, 100, 74232, 73
2026/07/28 21:35:15.857, 305.48, 100, 74232, 73
2026/07/28 21:35:16.893, 302.21, 100, 74232, 73
2026/07/28 21:35:17.931, 303.17, 100, 74232, 73
2026/07/28 21:35:18.967, 302.49, 100, 74232, 73
2026/07/28 21:35:20.004, 302.90, 100, 74232, 73
2026/07/28 21:35:21.040, 303.85, 100, 74232, 73
2026/07/28 21:35:22.076, 298.79, 100, 74232, 73
2026/07/28 21:35:23.113, 295.60, 100, 74232, 73
2026/07/28 21:35:24.151, 294.92, 100, 74232, 73
2026/07/28 21:35:25.187, 295.00, 100, 74232, 73
2026/07/28 21:35:26.225, 298.52, 100, 74232, 73
2026/07/28 21:35:27.261, 295.31, 100, 74232, 73
2026/07/28 21:35:28.298, 295.11, 100, 74232, 73
2026/07/28 21:35:29.334, 295.41, 100, 74232, 73
2026/07/28 21:35:30.369, 302.77, 100, 74232, 73
2026/07/28 21:35:31.405, 301.90, 100, 74232, 73
2026/07/28 21:35:32.445, 298.12, 100, 74232, 73
2026/07/28 21:35:33.482, 294.63, 100, 74232, 73
2026/07/28 21:35:34.518, 294.74, 100, 74232, 73
2026/07/28 21:35:35.555, 295.78, 100, 74232, 73
2026/07/28 21:35:36.591, 304.89, 100, 74232, 73
2026/07/28 21:35:37.628, 303.65, 100, 74232, 73
2026/07/28 21:35:38.664, 302.48, 100, 74232, 73
2026/07/28 21:35:39.700, 299.29, 100, 74232, 73
2026/07/28 21:35:40.736, 303.06, 100, 74232, 73
2026/07/28 21:35:41.774, 303.18, 100, 74232, 73
2026/07/28 21:35:42.809, 302.68, 100, 74232, 73
2026/07/28 21:35:43.845, 303.41, 100, 74232, 73
2026/07/28 21:35:44.881, 302.86, 100, 74232, 73
2026/07/28 21:35:45.918, 303.26, 100, 74232, 73
2026/07/28 21:35:46.954, 302.48, 100, 74232, 73
2026/07/28 21:35:47.994, 303.98, 100, 74232, 73
2026/07/28 21:35:49.033, 303.06, 100, 74232, 73
2026/07/28 21:35:50.068, 293.35, 100, 74232, 73
2026/07/28 21:35:51.106, 294.83, 100, 74232, 73
2026/07/28 21:35:52.143, 295.10, 100, 74232, 73
2026/07/28 21:35:53.179, 295.14, 100, 74232, 73
2026/07/28 21:35:54.216, 295.98, 100, 74232, 73
2026/07/28 21:35:55.253, 297.93, 100, 74232, 73
2026/07/28 21:35:56.297, 298.62, 100, 74232, 73
2026/07/28 21:35:57.334, 302.71, 100, 74232, 73
2026/07/28 21:35:58.373, 295.98, 100, 74232, 73
2026/07/28 21:35:59.412, 294.05, 100, 74232, 73
2026/07/28 21:36:00.449, 296.78, 100, 74232, 73
2026/07/28 21:36:01.484, 296.66, 100, 74232, 73
2026/07/28 21:36:02.523, 295.32, 100, 74232, 73
2026/07/28 21:36:03.560, 297.66, 100, 74232, 73
2026/07/28 21:36:04.596, 302.59, 100, 74232, 73
2026/07/28 21:36:05.633, 300.67, 100, 74232, 73
2026/07/28 21:36:06.673, 301.99, 100, 74232, 73
2026/07/28 21:36:07.710, 302.62, 100, 74232, 73
2026/07/28 21:36:08.746, 299.18, 100, 74232, 73
2026/07/28 21:36:09.785, 302.62, 100, 74232, 73
2026/07/28 21:36:10.822, 301.93, 100, 74232, 73
2026/07/28 21:36:11.859, 302.81, 100, 74232, 73
2026/07/28 21:36:12.895, 303.59, 100, 74232, 73
2026/07/28 21:36:13.931, 294.83, 100, 74232, 73
2026/07/28 21:36:14.968, 297.05, 100, 74232, 73
2026/07/28 21:36:16.005, 291.80, 100, 74232, 73
2026/07/28 21:36:17.041, 296.96, 100, 74232, 73
2026/07/28 21:36:18.078, 295.90, 100, 74232, 73
2026/07/28 21:36:19.115, 300.36, 100, 74232, 73
2026/07/28 21:36:20.151, 294.72, 100, 74232, 73
2026/07/28 21:36:21.187, 293.17, 100, 74232, 73
2026/07/28 21:36:22.228, 295.78, 100, 74232, 73
2026/07/28 21:36:23.267, 295.02, 100, 74232, 73
2026/07/28 21:36:24.303, 297.64, 100, 74232, 73
2026/07/28 21:36:25.339, 294.53, 100, 74232, 73
2026/07/28 21:36:26.377, 295.33, 100, 74232, 73
2026/07/28 21:36:27.414, 294.74, 100, 74232, 73
2026/07/28 21:36:28.456, 300.74, 100, 74232, 73
2026/07/28 21:36:29.494, 301.13, 100, 74232, 73
2026/07/28 21:36:30.531, 298.70, 100, 74232, 73
2026/07/28 21:36:31.569, 304.05, 100, 74232, 73
2026/07/28 21:36:32.606, 302.90, 100, 74232, 73
2026/07/28 21:36:33.642, 302.51, 100, 74232, 73
2026/07/28 21:36:34.678, 302.22, 100, 74232, 73
2026/07/28 21:36:35.713, 303.15, 100, 74232, 73
2026/07/28 21:36:36.753, 297.72, 100, 74232, 73
2026/07/28 21:36:37.790, 294.44, 100, 74232, 73
2026/07/28 21:36:38.826, 296.20, 100, 74232, 73
2026/07/28 21:36:39.865, 295.58, 100, 74232, 73
2026/07/28 21:36:40.903, 296.77, 100, 74232, 73
2026/07/28 21:36:41.939, 291.04, 100, 74232, 73
2026/07/28 21:36:42.978, 295.60, 100, 74232, 73
2026/07/28 21:36:44.015, 296.27, 100, 74232, 73
2026/07/28 21:36:45.051, 294.14, 100, 74232, 73
2026/07/28 21:36:46.087, 294.93, 100, 74232, 73
2026/07/28 21:36:47.124, 295.31, 100, 74232, 73
2026/07/28 21:36:48.161, 302.58, 100, 74232, 73
2026/07/28 21:36:49.197, 295.21, 100, 74232, 73
2026/07/28 21:36:50.236, 296.10, 100, 74232, 73
2026/07/28 21:36:51.272, 303.67, 100, 74232, 73
2026/07/28 21:36:52.310, 301.45, 100, 74232, 73
2026/07/28 21:36:53.346, 295.71, 100, 74232, 73
2026/07/28 21:36:54.382, 299.47, 100, 74232, 73
2026/07/28 21:36:55.419, 298.61, 100, 74232, 73
2026/07/28 21:36:56.455, 306.17, 100, 74232, 73
2026/07/28 21:36:57.492, 302.59, 100, 74232, 73
2026/07/28 21:36:58.528, 302.93, 100, 74232, 73
2026/07/28 21:36:59.566, 302.39, 100, 74232, 73
2026/07/28 21:37:00.602, 296.90, 100, 74232, 73
2026/07/28 21:37:01.640, 295.19, 100, 74232, 73
2026/07/28 21:37:02.677, 295.90, 100, 74232, 73
2026/07/28 21:37:03.715, 302.89, 100, 74232, 73
2026/07/28 21:37:04.754, 294.63, 100, 74232, 73
2026/07/28 21:37:05.791, 301.55, 100, 74232, 73
2026/07/28 21:37:06.827, 295.89, 100, 74232, 73
2026/07/28 21:37:07.864, 294.04, 100, 74232, 73
2026/07/28 21:37:08.900, 295.88, 100, 74232, 73
2026/07/28 21:37:09.938, 297.05, 100, 74232, 73
2026/07/28 21:37:10.974, 294.93, 100, 74232, 73
2026/07/28 21:37:12.012, 295.50, 100, 74232, 73
2026/07/28 21:37:13.048, 295.69, 100, 74232, 73
2026/07/28 21:37:14.087, 294.41, 100, 74232, 73
2026/07/28 21:37:15.123, 298.19, 100, 74232, 73
2026/07/28 21:37:16.159, 294.91, 100, 74232, 73
2026/07/28 21:37:17.197, 302.43, 100, 74232, 73
2026/07/28 21:37:18.234, 295.62, 100, 74232, 73
2026/07/28 21:37:19.270, 293.36, 100, 74232, 73
2026/07/28 21:37:20.307, 295.89, 100, 74232, 73
2026/07/28 21:37:21.342, 302.10, 100, 74232, 73
2026/07/28 21:37:22.382, 301.54, 100, 74232, 73
2026/07/28 21:37:23.422, 295.39, 100, 74232, 73
2026/07/28 21:37:24.460, 298.70, 100, 74232, 73
2026/07/28 21:37:25.497, 295.10, 100, 74232, 73
2026/07/28 21:37:26.535, 295.01, 100, 74232, 73
2026/07/28 21:37:27.573, 304.85, 100, 74232, 73
2026/07/28 21:37:28.610, 302.18, 100, 74232, 73
2026/07/28 21:37:29.646, 305.40, 100, 74232, 73
2026/07/28 21:37:30.682, 302.80, 100, 74232, 73
2026/07/28 21:37:31.719, 291.81, 100, 74232, 73
2026/07/28 21:37:32.755, 295.52, 100, 74232, 73
2026/07/28 21:37:33.795, 295.79, 100, 74232, 73
2026/07/28 21:37:34.831, 295.11, 100, 74232, 73
2026/07/28 21:37:35.867, 294.90, 100, 74232, 73
2026/07/28 21:37:36.904, 295.99, 100, 74232, 73
2026/07/28 21:37:37.942, 296.10, 100, 74232, 73
2026/07/28 21:37:38.981, 301.51, 100, 74232, 73
2026/07/28 21:37:40.020, 305.29, 100, 74232, 73
2026/07/28 21:37:41.057, 303.41, 100, 74232, 73
2026/07/28 21:37:42.094, 303.29, 100, 74232, 73
2026/07/28 21:37:43.130, 304.13, 100, 74232, 73
2026/07/28 21:37:44.168, 296.34, 100, 74232, 73
2026/07/28 21:37:45.204, 295.89, 100, 74232, 73
2026/07/28 21:37:46.241, 296.46, 100, 74232, 73
2026/07/28 21:37:47.278, 295.13, 100, 74232, 73
2026/07/28 21:37:48.315, 294.91, 100, 74232, 73
2026/07/28 21:37:49.355, 295.22, 100, 74232, 73
2026/07/28 21:37:50.392, 299.69, 100, 74232, 73
2026/07/28 21:37:51.429, 303.17, 100, 74232, 73
2026/07/28 21:37:52.465, 302.62, 100, 74232, 73
2026/07/28 21:37:53.502, 302.52, 100, 74232, 73
2026/07/28 21:37:54.539, 298.89, 100, 74232, 73
2026/07/28 21:37:55.576, 298.61, 100, 74232, 73
2026/07/28 21:37:56.613, 295.52, 100, 74232, 72
2026/07/28 21:37:57.651, 294.93, 100, 74232, 73
2026/07/28 21:37:58.688, 297.54, 100, 74232, 73
2026/07/28 21:37:59.726, 295.20, 100, 74232, 73
2026/07/28 21:38:00.760, 302.10, 100, 74232, 73
2026/07/28 21:38:01.799, 301.21, 100, 74232, 73
2026/07/28 21:38:02.835, 302.60, 100, 74232, 73
2026/07/28 21:38:03.872, 304.85, 100, 74232, 73
2026/07/28 21:38:04.908, 303.65, 100, 74232, 73
2026/07/28 21:38:05.947, 302.08, 100, 74232, 73
2026/07/28 21:38:06.984, 305.34, 100, 74232, 73
2026/07/28 21:38:08.021, 302.61, 100, 74232, 73
2026/07/28 21:38:09.056, 295.59, 100, 74232, 73
2026/07/28 21:38:10.102, 297.51, 100, 74232, 73
2026/07/28 21:38:11.139, 293.94, 100, 74232, 73
2026/07/28 21:38:12.174, 295.10, 100, 74232, 73
2026/07/28 21:38:13.210, 295.61, 100, 74232, 73
2026/07/28 21:38:14.247, 294.81, 100, 74232, 73
2026/07/28 21:38:15.282, 294.22, 100, 74232, 73
2026/07/28 21:38:16.319, 294.92, 100, 74232, 73
2026/07/28 21:38:17.355, 295.21, 100, 74232, 73
2026/07/28 21:38:18.391, 296.29, 100, 74232, 73
2026/07/28 21:38:19.427, 294.93, 100, 74232, 72
2026/07/28 21:38:20.465, 301.12, 100, 74232, 73
2026/07/28 21:38:21.501, 298.20, 100, 74232, 73
2026/07/28 21:38:22.539, 295.11, 100, 74232, 73
2026/07/28 21:38:23.581, 295.20, 100, 74232, 73
2026/07/28 21:38:24.618, 306.26, 100, 74232, 73
2026/07/28 21:38:25.654, 302.67, 100, 74232, 73
2026/07/28 21:38:26.690, 302.58, 100, 74232, 73
2026/07/28 21:38:27.725, 304.25, 100, 74232, 73
2026/07/28 21:38:28.762, 303.36, 100, 74232, 73
2026/07/28 21:38:29.799, 299.28, 100, 74232, 73
2026/07/28 21:38:30.836, 302.62, 100, 74232, 73
2026/07/28 21:38:31.873, 302.67, 100, 74232, 73
2026/07/28 21:38:32.911, 304.18, 100, 74232, 73
2026/07/28 21:38:33.947, 302.98, 100, 74232, 73
2026/07/28 21:38:34.984, 302.50, 100, 74232, 73
2026/07/28 21:38:36.024, 302.38, 100, 74232, 73
2026/07/28 21:38:37.062, 303.19, 100, 74232, 73
2026/07/28 21:38:38.099, 294.92, 100, 74232, 73
2026/07/28 21:38:39.137, 291.83, 100, 74232, 72
2026/07/28 21:38:40.175, 294.63, 100, 74232, 72
2026/07/28 21:38:41.214, 295.01, 100, 74232, 73
2026/07/28 21:38:42.250, 296.17, 100, 74232, 73
2026/07/28 21:38:43.286, 295.39, 100, 74232, 73
2026/07/28 21:38:44.323, 295.32, 100, 74232, 73
2026/07/28 21:38:45.360, 295.72, 100, 74232, 73
2026/07/28 21:38:46.398, 297.26, 100, 74232, 73
2026/07/28 21:38:47.434, 295.41, 100, 74232, 73
2026/07/28 21:38:48.471, 296.46, 100, 74232, 73
2026/07/28 21:38:49.507, 296.17, 100, 74232, 73
2026/07/28 21:38:50.546, 291.60, 100, 74232, 73
2026/07/28 21:38:51.583, 299.10, 100, 74232, 73
2026/07/28 21:38:52.620, 295.49, 100, 74232, 73
2026/07/28 21:38:53.658, 299.70, 100, 74232, 73
2026/07/28 21:38:54.694, 295.40, 100, 74232, 73
2026/07/28 21:38:55.732, 296.76, 100, 74232, 73
2026/07/28 21:38:56.770, 298.53, 100, 74232, 72
2026/07/28 21:38:57.807, 295.01, 100, 74232, 73
2026/07/28 21:38:58.843, 294.83, 100, 74232, 72
2026/07/28 21:38:59.878, 295.40, 100, 74232, 72
2026/07/28 21:39:00.914, 298.32, 100, 74232, 73
2026/07/28 21:39:01.950, 299.07, 100, 74232, 73
2026/07/28 21:39:02.986, 299.50, 100, 74232, 73
2026/07/28 21:39:04.023, 297.25, 100, 74232, 73
2026/07/28 21:39:05.060, 291.61, 100, 74232, 72
2026/07/28 21:39:06.097, 295.12, 100, 74232, 73
2026/07/28 21:39:07.134, 295.31, 100, 74232, 73
2026/07/28 21:39:08.170, 100.71, 100, 74232, 71
2026/07/28 21:39:09.203, 293.94, 62, 74232, 74
2026/07/28 21:39:10.236, 298.61, 100, 74232, 74
2026/07/28 21:39:11.270, 297.99, 100, 74232, 74
2026/07/28 21:39:12.311, 274.77, 100, 74232, 74
2026/07/28 21:39:13.345, 298.11, 100, 74232, 74
2026/07/28 21:39:14.379, 302.02, 100, 74232, 74
2026/07/28 21:39:15.416, 291.09, 100, 74232, 74
2026/07/28 21:39:16.450, 301.14, 100, 74232, 72
2026/07/28 21:39:17.486, 303.48, 100, 74232, 72
2026/07/28 21:39:18.523, 298.42, 100, 74232, 72
2026/07/28 21:39:19.560, 301.84, 100, 74232, 72
2026/07/28 21:39:20.599, 302.22, 100, 74232, 73
2026/07/28 21:39:21.636, 302.29, 100, 74232, 73
2026/07/28 21:39:22.673, 303.27, 100, 74232, 73
2026/07/28 21:39:23.710, 301.80, 100, 74232, 73
2026/07/28 21:39:24.747, 303.54, 100, 74232, 73
2026/07/28 21:39:25.786, 302.89, 100, 74232, 73
2026/07/28 21:39:26.823, 304.27, 100, 74232, 73
2026/07/28 21:39:27.862, 302.52, 100, 74232, 73
2026/07/28 21:39:28.898, 303.46, 100, 74232, 73
2026/07/28 21:39:29.935, 295.32, 100, 74232, 73
2026/07/28 21:39:30.971, 290.62, 100, 74232, 73
2026/07/28 21:39:32.008, 295.31, 100, 74232, 73
2026/07/28 21:39:33.045, 296.38, 100, 74232, 73
2026/07/28 21:39:34.083, 295.12, 100, 74232, 73
2026/07/28 21:39:35.121, 295.39, 100, 74232, 73
2026/07/28 21:39:36.159, 295.02, 100, 74232, 73
2026/07/28 21:39:37.197, 295.81, 100, 74232, 73
2026/07/28 21:39:38.235, 295.03, 100, 74232, 73
2026/07/28 21:39:39.272, 291.80, 100, 74232, 73
2026/07/28 21:39:40.311, 294.93, 100, 74232, 73
2026/07/28 21:39:41.348, 303.10, 100, 74232, 73
2026/07/28 21:39:42.387, 301.44, 100, 74232, 73
2026/07/28 21:39:43.425, 299.38, 100, 74232, 73
2026/07/28 21:39:44.462, 296.28, 100, 74232, 73
2026/07/28 21:39:45.501, 301.81, 100, 74232, 73
2026/07/28 21:39:46.539, 303.29, 100, 74232, 73
2026/07/28 21:39:47.577, 302.77, 100, 74232, 73
2026/07/28 21:39:48.615, 301.00, 100, 74232, 73
2026/07/28 21:39:49.652, 303.30, 100, 74232, 73
2026/07/28 21:39:50.689, 303.15, 100, 74232, 73
2026/07/28 21:39:51.727, 301.84, 100, 74232, 73
2026/07/28 21:39:52.766, 302.97, 100, 74232, 73
2026/07/28 21:39:53.802, 303.64, 100, 74232, 73
2026/07/28 21:39:54.839, 303.77, 100, 74232, 73
2026/07/28 21:39:55.877, 302.34, 100, 74232, 73
2026/07/28 21:39:56.913, 298.11, 100, 74232, 73
2026/07/28 21:39:57.951, 302.51, 100, 74232, 73
2026/07/28 21:39:58.988, 291.12, 100, 74232, 73
2026/07/28 21:40:00.027, 298.13, 100, 74232, 73
2026/07/28 21:40:01.064, 296.69, 100, 74232, 73
2026/07/28 21:40:02.103, 294.52, 100, 74232, 73
2026/07/28 21:40:03.140, 300.85, 100, 74232, 73
2026/07/28 21:40:04.176, 295.39, 100, 74232, 73
2026/07/28 21:40:05.214, 302.38, 100, 74232, 73
2026/07/28 21:40:06.251, 295.03, 100, 74232, 73
2026/07/28 21:40:07.289, 295.11, 100, 74232, 73
2026/07/28 21:40:08.330, 301.71, 100, 74232, 73
2026/07/28 21:40:09.369, 295.32, 100, 74232, 73
2026/07/28 21:40:10.406, 302.21, 100, 74232, 73
2026/07/28 21:40:11.444, 301.04, 100, 74232, 73
2026/07/28 21:40:12.482, 303.02, 100, 74232, 73
2026/07/28 21:40:13.520, 298.82, 100, 74232, 73
2026/07/28 21:40:14.557, 296.19, 100, 74232, 73
2026/07/28 21:40:15.595, 294.13, 100, 74232, 73
2026/07/28 21:40:16.633, 294.72, 100, 74232, 73
2026/07/28 21:40:17.671, 295.30, 100, 74232, 73
2026/07/28 21:40:18.709, 298.99, 100, 74232, 73
2026/07/28 21:40:19.746, 302.19, 100, 74232, 73
2026/07/28 21:40:20.784, 295.12, 100, 74232, 73
2026/07/28 21:40:21.821, 301.92, 100, 74232, 73
2026/07/28 21:40:22.857, 302.52, 100, 74232, 73
2026/07/28 21:40:23.893, 302.10, 100, 74232, 73
2026/07/28 21:40:24.933, 301.92, 100, 74232, 73
2026/07/28 21:40:25.970, 292.09, 100, 74232, 73
2026/07/28 21:40:27.009, 295.88, 100, 74232, 73
2026/07/28 21:40:28.045, 295.11, 100, 74232, 73
2026/07/28 21:40:29.082, 295.39, 100, 74232, 73
2026/07/28 21:40:30.119, 295.20, 100, 74232, 73
2026/07/28 21:40:31.157, 295.12, 100, 74232, 73
2026/07/28 21:40:32.194, 294.85, 100, 74232, 73
2026/07/28 21:40:33.230, 301.81, 100, 74232, 73
2026/07/28 21:40:34.266, 293.85, 100, 74232, 73
2026/07/28 21:40:35.308, 298.61, 100, 74232, 73
2026/07/28 21:40:36.345, 295.50, 100, 74232, 73
2026/07/28 21:40:37.383, 302.10, 100, 74232, 73
2026/07/28 21:40:38.419, 305.53, 100, 74232, 73
2026/07/28 21:40:39.462, 302.37, 100, 74232, 73
2026/07/28 21:40:40.498, 303.17, 100, 74232, 73
2026/07/28 21:40:41.534, 302.68, 100, 74232, 73
2026/07/28 21:40:42.570, 302.32, 100, 74232, 73
2026/07/28 21:40:43.606, 302.33, 100, 74232, 73
2026/07/28 21:40:44.642, 303.28, 100, 74232, 73
2026/07/28 21:40:45.679, 302.80, 100, 74232, 73
2026/07/28 21:40:46.716, 296.46, 100, 74232, 73
2026/07/28 21:40:47.753, 296.08, 100, 74232, 73
2026/07/28 21:40:48.793, 295.62, 100, 74232, 73
2026/07/28 21:40:49.830, 295.11, 100, 74232, 73
2026/07/28 21:40:50.871, 296.09, 100, 74232, 73
2026/07/28 21:40:51.910, 294.42, 100, 74232, 73
2026/07/28 21:40:52.947, 305.49, 100, 74232, 73
2026/07/28 21:40:53.985, 296.39, 100, 74232, 73
2026/07/28 21:40:55.023, 296.95, 100, 74232, 73
2026/07/28 21:40:56.061, 295.20, 100, 74232, 73
2026/07/28 21:40:57.098, 294.72, 100, 74232, 73
2026/07/28 21:40:58.135, 301.84, 100, 74232, 73
2026/07/28 21:40:59.172, 302.79, 100, 74232, 73
2026/07/28 21:41:00.210, 303.20, 100, 74232, 73
2026/07/28 21:41:01.248, 302.90, 100, 74232, 73
2026/07/28 21:41:02.287, 302.66, 100, 74232, 73
2026/07/28 21:41:03.325, 303.17, 100, 74232, 73
2026/07/28 21:41:04.362, 302.14, 100, 74232, 73
2026/07/28 21:41:05.399, 297.34, 100, 74232, 73
2026/07/28 21:41:06.439, 298.82, 100, 74232, 73
2026/07/28 21:41:07.477, 294.52, 100, 74232, 73
2026/07/28 21:41:08.514, 293.24, 100, 74232, 73
2026/07/28 21:41:09.552, 301.24, 100, 74232, 73
2026/07/28 21:41:10.589, 302.77, 100, 74232, 73
2026/07/28 21:41:11.628, 294.42, 100, 74232, 73
2026/07/28 21:41:12.665, 295.11, 100, 74232, 73
2026/07/28 21:41:13.703, 295.33, 100, 74232, 73
2026/07/28 21:41:14.740, 294.53, 100, 74232, 73
2026/07/28 21:41:15.776, 294.83, 100, 74232, 73
2026/07/28 21:41:16.813, 294.24, 100, 74232, 73
2026/07/28 21:41:17.849, 294.44, 100, 74232, 73
2026/07/28 21:41:18.884, 303.16, 100, 74232, 73
2026/07/28 21:41:19.921, 302.86, 100, 74232, 73
2026/07/28 21:41:20.960, 302.78, 100, 74232, 73
2026/07/28 21:41:21.997, 302.67, 100, 74232, 73
2026/07/28 21:41:23.035, 302.42, 100, 74232, 73
2026/07/28 21:41:24.072, 303.64, 100, 74232, 73
2026/07/28 21:41:25.109, 302.09, 100, 74232, 73
2026/07/28 21:41:26.145, 299.29, 100, 74232, 73
2026/07/28 21:41:27.181, 295.41, 100, 74232, 73
2026/07/28 21:41:28.217, 302.98, 100, 74232, 73
2026/07/28 21:41:29.255, 292.00, 100, 74232, 72
2026/07/28 21:41:30.293, 292.67, 100, 74232, 73
2026/07/28 21:41:31.339, 296.47, 100, 74232, 73
2026/07/28 21:41:32.377, 302.81, 100, 74232, 73
2026/07/28 21:41:33.413, 301.52, 100, 74232, 73
2026/07/28 21:41:34.450, 302.82, 100, 74232, 73
2026/07/28 21:41:35.487, 299.79, 100, 74232, 73
2026/07/28 21:41:36.525, 298.43, 100, 74232, 73
2026/07/28 21:41:37.562, 291.81, 100, 74232, 72
2026/07/28 21:41:38.599, 294.52, 100, 74232, 73
2026/07/28 21:41:39.636, 294.14, 100, 74232, 73
2026/07/28 21:41:40.673, 294.71, 100, 74232, 73
2026/07/28 21:41:41.710, 300.96, 100, 74232, 73
2026/07/28 21:41:42.747, 303.16, 100, 74232, 73
2026/07/28 21:41:43.783, 302.50, 100, 74232, 73
2026/07/28 21:41:44.822, 299.27, 100, 74232, 73
2026/07/28 21:41:45.858, 294.83, 100, 74232, 73
2026/07/28 21:41:46.899, 301.71, 100, 74232, 73
2026/07/28 21:41:47.938, 298.01, 100, 74232, 73
2026/07/28 21:41:48.975, 298.51, 100, 74232, 73
2026/07/28 21:41:50.012, 291.52, 100, 74232, 72
2026/07/28 21:41:51.049, 294.92, 100, 74232, 73
2026/07/28 21:41:52.085, 301.99, 100, 74232, 73
2026/07/28 21:41:53.122, 303.71, 100, 74232, 73
2026/07/28 21:41:54.158, 302.81, 100, 74232, 73
2026/07/28 21:41:55.195, 298.70, 100, 74232, 73
2026/07/28 21:41:56.232, 302.68, 100, 74232, 73
2026/07/28 21:41:57.269, 305.62, 100, 74232, 73
2026/07/28 21:41:58.305, 298.90, 100, 74232, 73
2026/07/28 21:41:59.342, 299.57, 100, 74232, 73
2026/07/28 21:42:00.379, 302.31, 100, 74232, 73
2026/07/28 21:42:01.415, 303.10, 100, 74232, 73
2026/07/28 21:42:02.451, 303.48, 100, 74232, 73
2026/07/28 21:42:03.488, 302.89, 100, 74232, 73
2026/07/28 21:42:04.526, 303.57, 100, 74232, 73
2026/07/28 21:42:05.563, 303.39, 100, 74232, 73
2026/07/28 21:42:06.602, 294.91, 100, 74232, 73
2026/07/28 21:42:07.638, 295.40, 100, 74232, 73
2026/07/28 21:42:08.675, 295.02, 100, 74232, 73
2026/07/28 21:42:09.712, 295.51, 100, 74232, 73
2026/07/28 21:42:10.753, 294.54, 100, 74232, 73
2026/07/28 21:42:11.792, 291.51, 100, 74232, 72
2026/07/28 21:42:12.828, 294.53, 100, 74232, 73
2026/07/28 21:42:13.866, 295.51, 100, 74232, 73
2026/07/28 21:42:14.903, 296.08, 100, 74232, 73
2026/07/28 21:42:15.941, 303.87, 100, 74232, 73
2026/07/28 21:42:16.979, 305.97, 100, 74232, 73
2026/07/28 21:42:18.017, 302.80, 100, 74232, 73
2026/07/28 21:42:19.055, 303.00, 100, 74232, 73
2026/07/28 21:42:20.093, 303.16, 100, 74232, 73
2026/07/28 21:42:21.130, 302.61, 100, 74232, 73
2026/07/28 21:42:22.166, 302.52, 100, 74232, 73
2026/07/28 21:42:23.203, 296.66, 100, 74232, 73
2026/07/28 21:42:24.240, 302.57, 100, 74232, 73
2026/07/28 21:42:25.275, 295.82, 100, 74232, 73
2026/07/28 21:42:26.314, 294.92, 100, 74232, 73
2026/07/28 21:42:27.351, 302.41, 100, 74232, 73
2026/07/28 21:42:28.388, 302.00, 100, 74232, 73
2026/07/28 21:42:29.424, 295.60, 100, 74232, 73
2026/07/28 21:42:30.461, 294.53, 100, 74232, 73
2026/07/28 21:42:31.497, 294.74, 100, 74232, 73
2026/07/28 21:42:32.534, 297.08, 100, 74232, 73
2026/07/28 21:42:33.570, 294.74, 100, 74232, 73
2026/07/28 21:42:34.607, 296.90, 100, 74232, 73
2026/07/28 21:42:35.644, 295.14, 100, 74232, 73
2026/07/28 21:42:36.682, 295.22, 100, 74232, 73
2026/07/28 21:42:37.718, 295.22, 100, 74232, 73
2026/07/28 21:42:38.755, 295.20, 100, 74232, 73
2026/07/28 21:42:39.793, 296.99, 100, 74232, 73
2026/07/28 21:42:40.829, 294.63, 100, 74232, 73
2026/07/28 21:42:41.867, 303.76, 100, 74232, 73
2026/07/28 21:42:42.903, 302.58, 100, 74232, 73
2026/07/28 21:42:43.939, 302.49, 100, 74232, 73
2026/07/28 21:42:44.976, 303.08, 100, 74232, 73
2026/07/28 21:42:46.013, 303.07, 100, 74232, 73
2026/07/28 21:42:47.050, 302.45, 100, 74232, 73
2026/07/28 21:42:48.087, 302.24, 100, 74232, 73
2026/07/28 21:42:49.124, 303.17, 100, 74232, 73
2026/07/28 21:42:50.162, 302.11, 100, 74232, 73
2026/07/28 21:42:51.206, 302.08, 100, 74232, 73
2026/07/28 21:42:52.244, 292.28, 100, 74232, 73
2026/07/28 21:42:53.280, 295.11, 100, 74232, 73
2026/07/28 21:42:54.318, 295.20, 100, 74232, 73
2026/07/28 21:42:55.356, 295.32, 100, 74232, 73
2026/07/28 21:42:56.394, 295.68, 100, 74232, 73
2026/07/28 21:42:57.432, 294.84, 100, 74232, 73
2026/07/28 21:42:58.468, 294.83, 100, 74232, 73
2026/07/28 21:42:59.505, 302.23, 100, 74232, 73
2026/07/28 21:43:00.542, 302.72, 100, 74232, 73
2026/07/28 21:43:01.581, 302.40, 100, 74232, 73
2026/07/28 21:43:02.618, 292.36, 100, 74232, 73
2026/07/28 21:43:03.656, 291.42, 100, 74232, 73
2026/07/28 21:43:04.694, 295.79, 100, 74232, 73
2026/07/28 21:43:05.732, 295.22, 100, 74232, 73
2026/07/28 21:43:06.771, 296.19, 100, 74232, 73
2026/07/28 21:43:07.808, 294.61, 100, 74232, 73
2026/07/28 21:43:08.848, 302.68, 100, 74232, 73
2026/07/28 21:43:09.885, 299.66, 100, 74232, 73
2026/07/28 21:43:10.922, 303.00, 100, 74232, 73
2026/07/28 21:43:11.960, 302.68, 100, 74232, 73
2026/07/28 21:43:12.997, 303.21, 100, 74232, 73
2026/07/28 21:43:14.035, 300.76, 100, 74232, 73
2026/07/28 21:43:15.072, 294.62, 100, 74232, 73
2026/07/28 21:43:16.109, 302.69, 100, 74232, 73
2026/07/28 21:43:17.147, 302.37, 100, 74232, 73
2026/07/28 21:43:18.187, 303.31, 100, 74232, 73
2026/07/28 21:43:19.225, 299.41, 100, 74232, 73
2026/07/28 21:43:20.262, 303.18, 100, 74232, 73
2026/07/28 21:43:21.300, 303.19, 100, 74232, 73
2026/07/28 21:43:22.338, 294.71, 100, 74232, 73
2026/07/28 21:43:23.377, 291.41, 100, 74232, 73
2026/07/28 21:43:24.416, 303.16, 100, 74232, 73
2026/07/28 21:43:25.453, 306.57, 100, 74232, 73
2026/07/28 21:43:26.490, 299.11, 100, 74232, 73
2026/07/28 21:43:27.530, 304.09, 100, 74232, 73
2026/07/28 21:43:28.569, 303.57, 100, 74232, 73
2026/07/28 21:43:29.608, 303.67, 100, 74232, 73
2026/07/28 21:43:30.645, 303.93, 100, 74232, 73
2026/07/28 21:43:31.683, 302.30, 100, 74232, 73
2026/07/28 21:43:32.720, 303.49, 100, 74232, 73
2026/07/28 21:43:33.762, 297.72, 100, 74232, 73
2026/07/28 21:43:34.801, 296.49, 100, 74232, 73
2026/07/28 21:43:35.838, 295.89, 100, 74232, 73
2026/07/28 21:43:36.878, 295.39, 100, 74232, 73
2026/07/28 21:43:37.916, 297.24, 100, 74232, 73
2026/07/28 21:43:38.954, 295.90, 100, 74232, 73
2026/07/28 21:43:39.992, 295.38, 100, 74232, 73
2026/07/28 21:43:41.029, 300.87, 100, 74232, 73
2026/07/28 21:43:42.067, 303.00, 100, 74232, 73
2026/07/28 21:43:43.104, 298.31, 100, 74232, 73
2026/07/28 21:43:44.142, 292.19, 100, 74232, 73
2026/07/28 21:43:45.181, 296.28, 100, 74232, 73
2026/07/28 21:43:46.220, 296.18, 100, 74232, 73
2026/07/28 21:43:47.257, 292.19, 100, 74232, 73
2026/07/28 21:43:48.295, 303.74, 100, 74232, 73
2026/07/28 21:43:49.332, 302.41, 100, 74232, 73
2026/07/28 21:43:50.374, 298.74, 100, 74232, 73
2026/07/28 21:43:51.411, 303.47, 100, 74232, 73
2026/07/28 21:43:52.450, 303.45, 100, 74232, 73
2026/07/28 21:43:53.488, 300.62, 100, 74232, 73
2026/07/28 21:43:54.525, 302.69, 100, 74232, 73
2026/07/28 21:43:55.561, 302.87, 100, 74232, 73
2026/07/28 21:43:56.600, 305.72, 100, 74232, 73
2026/07/28 21:43:57.637, 297.56, 100, 74232, 73
2026/07/28 21:43:58.675, 296.38, 100, 74232, 73
2026/07/28 21:43:59.711, 303.79, 100, 74232, 73
2026/07/28 21:44:00.748, 303.07, 100, 74232, 73
2026/07/28 21:44:01.789, 296.00, 100, 74232, 73
2026/07/28 21:44:02.825, 296.56, 100, 74232, 73
2026/07/28 21:44:03.862, 295.80, 100, 74232, 73
2026/07/28 21:44:04.899, 296.09, 100, 74232, 73
2026/07/28 21:44:05.938, 296.67, 100, 74232, 73
2026/07/28 21:44:06.975, 295.90, 100, 74232, 73
2026/07/28 21:44:08.012, 295.89, 100, 74232, 73
2026/07/28 21:44:09.048, 102.16, 63, 74232, 71
2026/07/28 21:44:10.080, 97.75, 0, 74232, 69
2026/07/28 21:44:11.112, 97.73, 0, 74232, 68
2026/07/28 21:44:12.143, 97.01, 0, 74232, 68
2026/07/28 21:44:13.176, 95.18, 0, 74232, 67
2026/07/28 21:44:14.207, 95.57, 0, 74232, 67
2026/07/28 21:44:15.239, 94.99, 0, 74232, 66
2026/07/28 21:44:16.271, 94.54, 0, 74232, 66
2026/07/28 21:44:17.303, 287.63, 100, 74232, 70
2026/07/28 21:44:18.339, 302.32, 100, 74232, 71
2026/07/28 21:44:19.376, 293.52, 100, 74232, 71
2026/07/28 21:44:20.410, 304.86, 100, 74232, 71
2026/07/28 21:44:21.447, 297.22, 100, 74232, 71
2026/07/28 21:44:22.485, 271.86, 100, 74232, 71
2026/07/28 21:44:23.521, 276.59, 100, 74232, 71
2026/07/28 21:44:24.556, 305.20, 100, 74232, 70
2026/07/28 21:44:25.593, 305.70, 100, 74232, 70
2026/07/28 21:44:26.630, 305.98, 100, 74232, 71
2026/07/28 21:44:27.666, 301.82, 100, 74232, 71
2026/07/28 21:44:28.704, 299.70, 100, 74232, 71
2026/07/28 21:44:29.740, 299.77, 100, 74232, 71
2026/07/28 21:44:30.779, 300.07, 100, 74232, 71
2026/07/28 21:44:31.816, 299.31, 100, 74232, 71
2026/07/28 21:44:32.854, 300.05, 100, 74232, 71
2026/07/28 21:44:33.890, 299.99, 100, 74232, 71
2026/07/28 21:44:34.927, 300.19, 100, 74232, 71
2026/07/28 21:44:35.965, 299.11, 100, 74232, 71
2026/07/28 21:44:37.001, 300.45, 100, 74232, 72
2026/07/28 21:44:38.037, 302.00, 100, 74232, 72
2026/07/28 21:44:39.075, 300.38, 100, 74232, 72
2026/07/28 21:44:40.112, 303.09, 100, 74232, 72
2026/07/28 21:44:41.151, 301.31, 100, 74232, 72
2026/07/28 21:44:42.189, 301.99, 100, 74232, 72
2026/07/28 21:44:43.226, 301.20, 100, 74232, 72
2026/07/28 21:44:44.263, 301.13, 100, 74232, 72
2026/07/28 21:44:45.301, 301.45, 100, 74232, 72
2026/07/28 21:44:46.340, 294.16, 100, 74232, 72
2026/07/28 21:44:47.377, 289.75, 100, 74232, 72
2026/07/28 21:44:48.415, 295.01, 100, 74232, 72
2026/07/28 21:44:49.453, 294.33, 100, 74232, 72
2026/07/28 21:44:50.491, 294.33, 100, 74232, 72
2026/07/28 21:44:51.533, 294.25, 100, 74232, 72
2026/07/28 21:44:52.569, 293.75, 100, 74232, 72
2026/07/28 21:44:53.606, 301.32, 100, 74232, 72
2026/07/28 21:44:54.643, 302.21, 100, 74232, 72
2026/07/28 21:44:55.685, 302.34, 100, 74232, 72
2026/07/28 21:44:56.724, 298.30, 100, 74232, 72
2026/07/28 21:44:57.761, 302.15, 100, 74232, 72
2026/07/28 21:44:58.801, 301.73, 100, 74232, 72
2026/07/28 21:44:59.838, 303.18, 100, 74232, 72
2026/07/28 21:45:00.875, 301.73, 100, 74232, 72
2026/07/28 21:45:01.914, 302.09, 100, 74232, 72
2026/07/28 21:45:02.950, 301.35, 100, 74232, 72
2026/07/28 21:45:03.987, 301.13, 100, 74232, 72
2026/07/28 21:45:05.026, 301.31, 100, 74232, 72
2026/07/28 21:45:06.065, 295.99, 100, 74232, 72
2026/07/28 21:45:07.103, 301.74, 100, 74232, 72
2026/07/28 21:45:08.140, 301.82, 100, 74232, 72
2026/07/28 21:45:09.176, 303.16, 100, 74232, 72
2026/07/28 21:45:10.213, 295.20, 100, 74232, 72
2026/07/28 21:45:11.249, 292.86, 100, 74232, 72
2026/07/28 21:45:12.285, 294.15, 100, 74232, 72
2026/07/28 21:45:13.323, 295.99, 100, 74232, 72
2026/07/28 21:45:14.360, 294.43, 100, 74232, 72
2026/07/28 21:45:15.398, 295.12, 100, 74232, 72
2026/07/28 21:45:16.435, 305.30, 100, 74232, 72
2026/07/28 21:45:17.473, 302.57, 100, 74232, 72
2026/07/28 21:45:18.511, 302.13, 100, 74232, 72
2026/07/28 21:45:19.549, 295.02, 100, 74232, 72
2026/07/28 21:45:20.585, 299.97, 100, 74232, 72
2026/07/28 21:45:21.621, 294.25, 100, 74232, 72
2026/07/28 21:45:22.657, 301.52, 100, 74232, 72
2026/07/28 21:45:23.695, 300.54, 100, 74232, 72
2026/07/28 21:45:24.733, 302.33, 100, 74232, 72
2026/07/28 21:45:25.770, 302.22, 100, 74232, 72
2026/07/28 21:45:26.810, 302.30, 100, 74232, 72
2026/07/28 21:45:27.845, 302.68, 100, 74232, 73
2026/07/28 21:45:28.882, 302.42, 100, 74232, 73
2026/07/28 21:45:29.918, 302.75, 100, 74232, 73
2026/07/28 21:45:30.953, 302.29, 100, 74232, 73
2026/07/28 21:45:31.989, 302.33, 100, 74232, 73
2026/07/28 21:45:33.024, 295.01, 100, 74232, 72
2026/07/28 21:45:34.061, 292.29, 100, 74232, 72
2026/07/28 21:45:35.099, 294.72, 100, 74232, 72
2026/07/28 21:45:36.136, 299.87, 100, 74232, 72
2026/07/28 21:45:37.171, 301.81, 100, 74232, 72
2026/07/28 21:45:38.208, 297.92, 100, 74232, 72
2026/07/28 21:45:39.244, 302.20, 100, 74232, 73
2026/07/28 21:45:40.282, 303.17, 100, 74232, 73
2026/07/28 21:45:41.318, 301.94, 100, 74232, 73
2026/07/28 21:45:42.355, 298.99, 100, 74232, 72
2026/07/28 21:45:43.392, 294.34, 100, 74232, 72
2026/07/28 21:45:44.430, 295.88, 100, 74232, 72
2026/07/28 21:45:45.467, 295.12, 100, 74232, 72
2026/07/28 21:45:46.507, 295.02, 100, 74232, 72
2026/07/28 21:45:47.544, 293.85, 100, 74232, 72
2026/07/28 21:45:48.583, 295.68, 100, 74232, 72
2026/07/28 21:45:49.620, 294.53, 100, 74232, 72
2026/07/28 21:45:50.656, 304.27, 100, 74232, 73
2026/07/28 21:45:51.693, 303.16, 100, 74232, 73
2026/07/28 21:45:52.730, 303.08, 100, 74232, 73
2026/07/28 21:45:53.768, 301.64, 100, 74232, 73
2026/07/28 21:45:54.805, 302.81, 100, 74232, 73
2026/07/28 21:45:55.842, 302.52, 100, 74232, 73
2026/07/28 21:45:56.879, 303.76, 100, 74232, 73
2026/07/28 21:45:57.920, 302.96, 100, 74232, 73
2026/07/28 21:45:58.957, 299.67, 100, 74232, 72
2026/07/28 21:45:59.993, 294.80, 100, 74232, 72
2026/07/28 21:46:01.030, 295.40, 100, 74232, 72
2026/07/28 21:46:02.068, 294.44, 100, 74232, 73
2026/07/28 21:46:03.104, 294.02, 100, 74232, 72
2026/07/28 21:46:04.140, 294.92, 100, 74232, 72
2026/07/28 21:46:05.185, 294.83, 100, 74232, 72
2026/07/28 21:46:06.222, 295.12, 100, 74232, 72
2026/07/28 21:46:07.261, 296.27, 100, 74232, 72
2026/07/28 21:46:08.300, 295.68, 100, 74232, 72
2026/07/28 21:46:09.338, 294.93, 100, 74232, 72
2026/07/28 21:46:10.383, 300.95, 100, 74232, 73
2026/07/28 21:46:11.423, 294.23, 100, 74232, 72
2026/07/28 21:46:12.459, 294.63, 100, 74232, 72
2026/07/28 21:46:13.497, 302.87, 100, 74232, 73
2026/07/28 21:46:14.535, 301.62, 100, 74232, 73
2026/07/28 21:46:15.571, 302.68, 100, 74232, 73
2026/07/28 21:46:16.607, 302.43, 100, 74232, 73
2026/07/28 21:46:17.644, 302.68, 100, 74232, 73
2026/07/28 21:46:18.681, 302.03, 100, 74232, 73
2026/07/28 21:46:19.720, 296.38, 100, 74232, 73
2026/07/28 21:46:20.757, 302.42, 100, 74232, 73
2026/07/28 21:46:21.794, 295.02, 100, 74232, 72
2026/07/28 21:46:22.831, 293.65, 100, 74232, 72
2026/07/28 21:46:23.867, 294.82, 100, 74232, 72
2026/07/28 21:46:24.904, 294.93, 100, 74232, 73
2026/07/28 21:46:25.942, 293.93, 100, 74232, 73
2026/07/28 21:46:26.979, 298.63, 100, 74232, 72
2026/07/28 21:46:28.018, 294.94, 100, 74232, 73
2026/07/28 21:46:29.056, 295.20, 100, 74232, 72
2026/07/28 21:46:30.092, 295.09, 100, 74232, 72
2026/07/28 21:46:31.129, 294.93, 100, 74232, 73
2026/07/28 21:46:32.166, 302.00, 100, 74232, 73
2026/07/28 21:46:33.207, 294.81, 100, 74232, 72
2026/07/28 21:46:34.244, 296.48, 100, 74232, 72
2026/07/28 21:46:35.281, 302.10, 100, 74232, 73
2026/07/28 21:46:36.320, 300.58, 100, 74232, 73
2026/07/28 21:46:37.357, 300.93, 100, 74232, 73
2026/07/28 21:46:38.393, 302.03, 100, 74232, 73
2026/07/28 21:46:39.430, 303.39, 100, 74232, 73
2026/07/28 21:46:40.466, 302.32, 100, 74232, 73
2026/07/28 21:46:41.503, 304.56, 100, 74232, 73
2026/07/28 21:46:42.538, 302.77, 100, 74232, 73
2026/07/28 21:46:43.575, 302.43, 100, 74232, 73
2026/07/28 21:46:44.616, 303.29, 100, 74232, 73
2026/07/28 21:46:45.654, 294.52, 100, 74232, 73
2026/07/28 21:46:46.691, 296.95, 100, 74232, 73
2026/07/28 21:46:47.731, 298.30, 100, 74232, 73
2026/07/28 21:46:48.769, 292.08, 100, 74232, 72
2026/07/28 21:46:49.806, 294.83, 100, 74232, 73
2026/07/28 21:46:50.842, 294.13, 100, 74232, 73
2026/07/28 21:46:51.880, 298.53, 100, 74232, 73
2026/07/28 21:46:52.916, 302.23, 100, 74232, 73
2026/07/28 21:46:53.953, 302.49, 100, 74232, 73
2026/07/28 21:46:54.990, 302.81, 100, 74232, 73
2026/07/28 21:46:56.026, 304.36, 100, 74232, 73
2026/07/28 21:46:57.063, 302.12, 100, 74232, 73
2026/07/28 21:46:58.100, 302.20, 100, 74232, 73
2026/07/28 21:46:59.138, 296.08, 100, 74232, 73
2026/07/28 21:47:00.175, 297.04, 100, 74232, 73
2026/07/28 21:47:01.219, 291.61, 100, 74232, 73
2026/07/28 21:47:02.257, 301.24, 100, 74232, 73
2026/07/28 21:47:03.294, 302.24, 100, 74232, 73
2026/07/28 21:47:04.334, 298.32, 100, 74232, 73
2026/07/28 21:47:05.370, 304.33, 100, 74232, 73
2026/07/28 21:47:06.406, 302.51, 100, 74232, 73
2026/07/28 21:47:07.442, 302.10, 100, 74232, 73
2026/07/28 21:47:08.479, 302.97, 100, 74232, 73
2026/07/28 21:47:09.518, 303.00, 100, 74232, 73
2026/07/28 21:47:10.556, 300.66, 100, 74232, 73
2026/07/28 21:47:11.596, 296.37, 100, 74232, 73
2026/07/28 21:47:12.632, 295.58, 100, 74232, 73
2026/07/28 21:47:13.676, 294.24, 100, 74232, 73
2026/07/28 21:47:14.714, 295.11, 100, 74232, 73
2026/07/28 21:47:15.749, 295.40, 100, 74232, 73
2026/07/28 21:47:16.787, 295.31, 100, 74232, 73
2026/07/28 21:47:17.823, 295.02, 100, 74232, 73
2026/07/28 21:47:18.861, 294.04, 100, 74232, 73
2026/07/28 21:47:19.899, 296.28, 100, 74232, 73
2026/07/28 21:47:20.937, 296.68, 100, 74232, 73
2026/07/28 21:47:21.974, 295.79, 100, 74232, 73
2026/07/28 21:47:23.012, 295.30, 100, 74232, 73
2026/07/28 21:47:24.048, 295.33, 100, 74232, 73
2026/07/28 21:47:25.085, 294.14, 100, 74232, 73
2026/07/28 21:47:26.122, 302.82, 100, 74232, 73
2026/07/28 21:47:27.159, 303.07, 100, 74232, 73
2026/07/28 21:47:28.196, 305.14, 100, 74232, 73
2026/07/28 21:47:29.233, 291.12, 100, 74232, 73
2026/07/28 21:47:30.270, 295.02, 100, 74232, 73
2026/07/28 21:47:31.307, 294.26, 100, 74232, 73
2026/07/28 21:47:32.344, 295.31, 100, 74232, 73
2026/07/28 21:47:33.380, 298.22, 100, 74232, 73
2026/07/28 21:47:34.421, 295.02, 100, 74232, 73
2026/07/28 21:47:35.457, 302.43, 100, 74232, 73
2026/07/28 21:47:36.493, 302.68, 100, 74232, 73
2026/07/28 21:47:37.529, 302.19, 100, 74232, 73
2026/07/28 21:47:38.565, 303.86, 100, 74232, 73
2026/07/28 21:47:39.601, 302.67, 100, 74232, 73
2026/07/28 21:47:40.638, 302.77, 100, 74232, 73
2026/07/28 21:47:41.674, 302.86, 100, 74232, 73
2026/07/28 21:47:42.710, 295.50, 100, 74232, 73
2026/07/28 21:47:43.748, 296.67, 100, 74232, 73
2026/07/28 21:47:44.785, 295.39, 100, 74232, 73
2026/07/28 21:47:45.823, 295.41, 100, 74232, 73
2026/07/28 21:47:46.860, 296.58, 100, 74232, 73
2026/07/28 21:47:47.897, 294.24, 100, 74232, 73
2026/07/28 21:47:48.933, 300.73, 100, 74232, 73
2026/07/28 21:47:49.972, 302.18, 100, 74232, 73
2026/07/28 21:47:51.009, 302.79, 100, 74232, 73
2026/07/28 21:47:52.046, 303.35, 100, 74232, 73
2026/07/28 21:47:53.083, 295.58, 100, 74232, 73
2026/07/28 21:47:54.119, 295.67, 100, 74232, 73
2026/07/28 21:47:55.159, 294.61, 100, 74232, 73
2026/07/28 21:47:56.196, 299.20, 100, 74232, 73
2026/07/28 21:47:57.233, 303.40, 100, 74232, 73
2026/07/28 21:47:58.270, 302.81, 100, 74232, 73
2026/07/28 21:47:59.308, 302.67, 100, 74232, 73
2026/07/28 21:48:00.344, 303.45, 100, 74232, 73
2026/07/28 21:48:01.380, 303.27, 100, 74232, 73
2026/07/28 21:48:02.418, 302.70, 100, 74232, 73
2026/07/28 21:48:03.454, 303.11, 100, 74232, 73
2026/07/28 21:48:04.490, 303.02, 100, 74232, 73
2026/07/28 21:48:05.527, 305.86, 100, 74232, 73
2026/07/28 21:48:06.564, 304.15, 100, 74232, 73
2026/07/28 21:48:07.601, 303.16, 100, 74232, 73
2026/07/28 21:48:08.642, 295.59, 100, 74232, 73
2026/07/28 21:48:09.678, 295.41, 100, 74232, 73
2026/07/28 21:48:10.714, 299.21, 100, 74232, 73
2026/07/28 21:48:11.755, 295.49, 100, 74232, 73
2026/07/28 21:48:12.793, 295.00, 100, 74232, 73
2026/07/28 21:48:13.830, 294.23, 100, 74232, 73
2026/07/28 21:48:14.870, 299.69, 100, 74232, 73
2026/07/28 21:48:15.907, 291.60, 100, 74232, 73
2026/07/28 21:48:16.944, 295.19, 100, 74232, 73
2026/07/28 21:48:17.982, 294.93, 100, 74232, 73
2026/07/28 21:48:19.018, 298.89, 100, 74232, 73
2026/07/28 21:48:20.054, 297.16, 100, 74232, 73
2026/07/28 21:48:21.091, 301.71, 100, 74232, 73
2026/07/28 21:48:22.128, 297.16, 100, 74232, 73
2026/07/28 21:48:23.167, 303.30, 100, 74232, 73
2026/07/28 21:48:24.204, 302.92, 100, 74232, 73
2026/07/28 21:48:25.241, 302.68, 100, 74232, 73
2026/07/28 21:48:26.281, 303.15, 100, 74232, 73
2026/07/28 21:48:27.318, 302.78, 100, 74232, 73
2026/07/28 21:48:28.354, 303.28, 100, 74232, 73
2026/07/28 21:48:29.392, 302.08, 100, 74232, 73
2026/07/28 21:48:30.429, 303.29, 100, 74232, 73
2026/07/28 21:48:31.465, 302.60, 100, 74232, 73
2026/07/28 21:48:32.502, 303.39, 100, 74232, 73
2026/07/28 21:48:33.538, 303.69, 100, 74232, 73
2026/07/28 21:48:34.575, 300.15, 100, 74232, 73
2026/07/28 21:48:35.615, 300.35, 100, 74232, 73
2026/07/28 21:48:36.652, 303.56, 100, 74232, 73
2026/07/28 21:48:37.688, 303.55, 100, 74232, 73
2026/07/28 21:48:38.724, 303.69, 100, 74232, 73
2026/07/28 21:48:39.760, 303.64, 100, 74232, 73
2026/07/28 21:48:40.798, 304.32, 100, 74232, 73
2026/07/28 21:48:41.834, 303.30, 100, 74232, 73
2026/07/28 21:48:42.870, 297.92, 100, 74232, 73
2026/07/28 21:48:43.906, 295.79, 100, 74232, 73
2026/07/28 21:48:44.942, 297.43, 100, 74232, 73
2026/07/28 21:48:45.979, 296.18, 100, 74232, 73
2026/07/28 21:48:47.014, 296.77, 100, 74232, 73
2026/07/28 21:48:48.050, 295.70, 100, 74232, 73
2026/07/28 21:48:49.086, 295.79, 100, 74232, 73
2026/07/28 21:48:50.124, 296.56, 100, 74232, 73
2026/07/28 21:48:51.163, 295.88, 100, 74232, 73
2026/07/28 21:48:52.200, 295.20, 100, 74232, 73
2026/07/28 21:48:53.237, 296.69, 100, 74232, 73
2026/07/28 21:48:54.275, 295.88, 100, 74232, 73
2026/07/28 21:48:55.311, 302.77, 100, 74232, 73
2026/07/28 21:48:56.348, 302.79, 100, 74232, 73
2026/07/28 21:48:57.384, 303.07, 100, 74232, 73
2026/07/28 21:48:58.420, 303.19, 100, 74232, 73
2026/07/28 21:48:59.456, 302.98, 100, 74232, 73
2026/07/28 21:49:00.496, 292.47, 100, 74232, 73
2026/07/28 21:49:01.534, 296.27, 100, 74232, 73
2026/07/28 21:49:02.573, 296.30, 100, 74232, 73
2026/07/28 21:49:03.610, 295.39, 100, 74232, 73
2026/07/28 21:49:04.648, 297.24, 100, 74232, 73
2026/07/28 21:49:05.684, 296.19, 100, 74232, 73
2026/07/28 21:49:06.720, 295.60, 100, 74232, 73
2026/07/28 21:49:07.756, 295.02, 100, 74232, 73
2026/07/28 21:49:08.792, 292.17, 100, 74232, 73
2026/07/28 21:49:09.829, 295.68, 100, 74232, 73
2026/07/28 21:49:10.866, 303.90, 100, 74232, 73
2026/07/28 21:49:11.902, 299.69, 100, 74232, 73
2026/07/28 21:49:12.938, 300.53, 100, 74232, 73
2026/07/28 21:49:13.974, 302.67, 100, 74232, 73
2026/07/28 21:49:15.010, 303.67, 100, 74232, 73
2026/07/28 21:49:16.046, 296.56, 100, 74232, 73
2026/07/28 21:49:17.082, 292.58, 100, 74232, 73
2026/07/28 21:49:18.119, 297.95, 100, 74232, 74
2026/07/28 21:49:19.154, 286.91, 100, 74232, 74
2026/07/28 21:49:20.187, 288.10, 100, 74232, 74
2026/07/28 21:49:21.221, 304.12, 100, 74232, 74
2026/07/28 21:49:22.255, 315.29, 100, 74232, 74
2026/07/28 21:49:23.297, 256.33, 100, 74232, 74
2026/07/28 21:49:24.331, 285.57, 100, 74232, 74
2026/07/28 21:49:25.366, 302.99, 100, 74232, 73
2026/07/28 21:49:26.405, 302.43, 100, 74232, 73
2026/07/28 21:49:27.442, 302.81, 100, 74232, 73
2026/07/28 21:49:28.482, 302.93, 100, 74232, 73
2026/07/28 21:49:29.519, 296.67, 100, 74232, 73
2026/07/28 21:49:30.556, 294.72, 100, 74232, 73
2026/07/28 21:49:31.594, 295.03, 100, 74232, 73
2026/07/28 21:49:32.633, 295.40, 100, 74232, 73
2026/07/28 21:49:33.673, 291.42, 100, 74232, 73
2026/07/28 21:49:34.710, 296.49, 100, 74232, 73
2026/07/28 21:49:35.747, 295.22, 100, 74232, 73
2026/07/28 21:49:36.785, 295.98, 100, 74232, 73
2026/07/28 21:49:37.824, 295.41, 100, 74232, 73
2026/07/28 21:49:38.862, 296.20, 100, 74232, 73
2026/07/28 21:49:39.900, 295.78, 100, 74232, 73
2026/07/28 21:49:40.938, 301.51, 100, 74232, 73
2026/07/28 21:49:41.978, 295.31, 100, 74232, 73
2026/07/28 21:49:43.018, 295.40, 100, 74232, 73
2026/07/28 21:49:44.055, 302.89, 100, 74232, 73
2026/07/28 21:49:45.093, 303.16, 100, 74232, 73
2026/07/28 21:49:46.131, 306.46, 100, 74232, 73
2026/07/28 21:49:47.169, 303.61, 100, 74232, 73
2026/07/28 21:49:48.207, 306.74, 100, 74232, 73
2026/07/28 21:49:49.244, 302.90, 100, 74232, 73
2026/07/28 21:49:50.282, 295.30, 100, 74232, 73
2026/07/28 21:49:51.320, 295.40, 100, 74232, 73
2026/07/28 21:49:52.357, 292.08, 100, 74232, 73
2026/07/28 21:49:53.395, 295.33, 100, 74232, 73
2026/07/28 21:49:54.434, 295.44, 100, 74232, 73
2026/07/28 21:49:55.470, 295.68, 100, 74232, 73
2026/07/28 21:49:56.508, 295.42, 100, 74232, 73
2026/07/28 21:49:57.544, 295.31, 100, 74232, 73
2026/07/28 21:49:58.581, 296.49, 100, 74232, 73
2026/07/28 21:49:59.618, 295.69, 100, 74232, 73
2026/07/28 21:50:00.655, 297.94, 100, 74232, 73
2026/07/28 21:50:01.692, 295.01, 100, 74232, 73
2026/07/28 21:50:02.729, 295.90, 100, 74232, 73
2026/07/28 21:50:03.767, 294.73, 100, 74232, 73
2026/07/28 21:50:04.803, 296.17, 100, 74232, 73
2026/07/28 21:50:05.839, 300.44, 100, 74232, 73
2026/07/28 21:50:06.877, 305.29, 100, 74232, 73
2026/07/28 21:50:07.915, 302.78, 100, 74232, 73
2026/07/28 21:50:08.951, 304.17, 100, 74232, 73
2026/07/28 21:50:09.988, 304.24, 100, 74232, 73
2026/07/28 21:50:11.024, 304.35, 100, 74232, 73
2026/07/28 21:50:12.061, 304.42, 100, 74232, 73
2026/07/28 21:50:13.098, 299.18, 100, 74232, 73
2026/07/28 21:50:14.138, 295.50, 100, 74232, 73
2026/07/28 21:50:15.175, 295.49, 100, 74232, 73
2026/07/28 21:50:16.214, 296.47, 100, 74232, 73
2026/07/28 21:50:17.250, 299.29, 100, 74232, 73
2026/07/28 21:50:18.287, 301.72, 100, 74232, 73
2026/07/28 21:50:19.324, 295.60, 100, 74232, 73
2026/07/28 21:50:20.360, 307.33, 100, 74232, 73
2026/07/28 21:50:21.398, 299.59, 100, 74232, 73
2026/07/28 21:50:22.434, 300.68, 100, 74232, 73
2026/07/28 21:50:23.472, 302.78, 100, 74232, 73
2026/07/28 21:50:24.508, 303.14, 100, 74232, 73
2026/07/28 21:50:25.545, 302.89, 100, 74232, 73
2026/07/28 21:50:26.583, 302.98, 100, 74232, 73
2026/07/28 21:50:27.621, 296.37, 100, 74232, 73
2026/07/28 21:50:28.659, 295.59, 100, 74232, 73
2026/07/28 21:50:29.699, 295.99, 100, 74232, 73
2026/07/28 21:50:30.736, 300.53, 100, 74232, 73
2026/07/28 21:50:31.776, 303.17, 100, 74232, 73
2026/07/28 21:50:32.814, 303.10, 100, 74232, 73
2026/07/28 21:50:33.855, 291.91, 100, 74232, 73
2026/07/28 21:50:34.893, 292.48, 100, 74232, 73
2026/07/28 21:50:35.931, 295.52, 100, 74232, 73
2026/07/28 21:50:36.968, 295.60, 100, 74232, 73
2026/07/28 21:50:38.004, 304.32, 100, 74232, 73
2026/07/28 21:50:39.041, 299.70, 100, 74232, 73
2026/07/28 21:50:40.079, 299.50, 100, 74232, 73
2026/07/28 21:50:41.116, 291.53, 100, 74232, 73
2026/07/28 21:50:42.153, 296.37, 100, 74232, 73
2026/07/28 21:50:43.190, 295.62, 100, 74232, 73
2026/07/28 21:50:44.227, 303.19, 100, 74232, 73
2026/07/28 21:50:45.265, 297.45, 100, 74232, 73
2026/07/28 21:50:46.302, 302.48, 100, 74232, 73
2026/07/28 21:50:47.339, 295.11, 100, 74232, 73
2026/07/28 21:50:48.376, 291.81, 100, 74232, 73
2026/07/28 21:50:49.414, 291.89, 100, 74232, 73
2026/07/28 21:50:50.452, 295.71, 100, 74232, 73
2026/07/28 21:50:51.491, 300.15, 100, 74232, 73
2026/07/28 21:50:52.529, 303.29, 100, 74232, 73
2026/07/28 21:50:53.565, 301.32, 100, 74232, 73
2026/07/28 21:50:54.603, 303.78, 100, 74232, 73
2026/07/28 21:50:55.640, 303.49, 100, 74232, 73
2026/07/28 21:50:56.678, 296.26, 100, 74232, 73
2026/07/28 21:50:57.715, 294.84, 100, 74232, 73
2026/07/28 21:50:58.752, 295.80, 100, 74232, 73
2026/07/28 21:50:59.789, 296.39, 100, 74232, 73
2026/07/28 21:51:00.829, 297.06, 100, 74232, 73
2026/07/28 21:51:01.866, 296.00, 100, 74232, 73
2026/07/28 21:51:02.905, 294.92, 100, 74232, 73
2026/07/28 21:51:03.942, 303.36, 100, 74232, 73
2026/07/28 21:51:04.979, 299.19, 100, 74232, 73
2026/07/28 21:51:06.017, 294.84, 100, 74232, 73
2026/07/28 21:51:07.055, 302.11, 100, 74232, 73
2026/07/28 21:51:08.093, 295.41, 100, 74232, 73
2026/07/28 21:51:09.130, 298.99, 100, 74232, 73
2026/07/28 21:51:10.168, 296.09, 100, 74232, 73
2026/07/28 21:51:11.204, 296.20, 100, 74232, 73
2026/07/28 21:51:12.246, 291.51, 100, 74232, 73
2026/07/28 21:51:13.285, 295.41, 100, 74232, 73
2026/07/28 21:51:14.322, 295.89, 100, 74232, 73
2026/07/28 21:51:15.362, 304.85, 100, 74232, 73
2026/07/28 21:51:16.399, 299.20, 100, 74232, 73
2026/07/28 21:51:17.437, 299.78, 100, 74232, 73
2026/07/28 21:51:18.474, 303.30, 100, 74232, 73
2026/07/28 21:51:19.511, 300.18, 100, 74232, 73
2026/07/28 21:51:20.549, 300.08, 100, 74232, 73
2026/07/28 21:51:21.586, 299.31, 100, 74232, 73
2026/07/28 21:51:22.623, 296.00, 100, 74232, 73
2026/07/28 21:51:23.662, 292.46, 100, 74232, 73
2026/07/28 21:51:24.699, 297.17, 100, 74232, 73
2026/07/28 21:51:25.736, 295.79, 100, 74232, 73
2026/07/28 21:51:26.775, 298.39, 100, 74232, 73
2026/07/28 21:51:27.812, 303.37, 100, 74232, 73
2026/07/28 21:51:28.849, 303.29, 100, 74232, 73
2026/07/28 21:51:29.886, 302.12, 100, 74232, 73
2026/07/28 21:51:30.924, 303.54, 100, 74232, 73
2026/07/28 21:51:31.962, 304.80, 100, 74232, 73
2026/07/28 21:51:32.998, 302.59, 100, 74232, 73
2026/07/28 21:51:34.035, 291.89, 100, 74232, 73
2026/07/28 21:51:35.071, 295.21, 100, 74232, 73
2026/07/28 21:51:36.111, 293.85, 100, 74232, 73
2026/07/28 21:51:37.146, 297.44, 100, 74232, 73
2026/07/28 21:51:38.186, 297.52, 100, 74232, 73
2026/07/28 21:51:39.224, 297.74, 100, 74232, 73
2026/07/28 21:51:40.262, 306.40, 100, 74232, 73
2026/07/28 21:51:41.298, 291.22, 100, 74232, 73
2026/07/28 21:51:42.336, 295.22, 100, 74232, 73
2026/07/28 21:51:43.374, 294.73, 100, 74232, 73
2026/07/28 21:51:44.410, 303.00, 100, 74232, 73
2026/07/28 21:51:45.448, 293.95, 100, 74232, 73
2026/07/28 21:51:46.488, 295.40, 100, 74232, 73
2026/07/28 21:51:47.525, 300.77, 100, 74232, 73
2026/07/28 21:51:48.563, 298.80, 100, 74232, 73
2026/07/28 21:51:49.601, 297.42, 100, 74232, 73
2026/07/28 21:51:50.638, 304.27, 100, 74232, 73
2026/07/28 21:51:51.675, 299.38, 100, 74232, 73
2026/07/28 21:51:52.714, 303.64, 100, 74232, 73
2026/07/28 21:51:53.751, 302.52, 100, 74232, 73
2026/07/28 21:51:54.790, 302.01, 100, 74232, 73
2026/07/28 21:51:55.829, 302.00, 100, 74232, 73
2026/07/28 21:51:56.868, 297.55, 100, 74232, 73
2026/07/28 21:51:57.905, 303.54, 100, 74232, 73
2026/07/28 21:51:58.945, 295.51, 100, 74232, 73
2026/07/28 21:51:59.982, 295.50, 100, 74232, 73
2026/07/28 21:52:01.020, 295.29, 100, 74232, 73
2026/07/28 21:52:02.065, 296.87, 100, 74232, 73
2026/07/28 21:52:03.104, 296.28, 100, 74232, 73
2026/07/28 21:52:04.142, 298.91, 100, 74232, 73
2026/07/28 21:52:05.181, 295.61, 100, 74232, 73
2026/07/28 21:52:06.219, 295.71, 100, 74232, 73
2026/07/28 21:52:07.262, 303.40, 100, 74232, 73
2026/07/28 21:52:08.301, 300.83, 100, 74232, 73
2026/07/28 21:52:09.338, 295.60, 100, 74232, 73
2026/07/28 21:52:10.377, 303.26, 100, 74232, 73
2026/07/28 21:52:11.414, 303.37, 100, 74232, 73
2026/07/28 21:52:12.451, 299.58, 100, 74232, 73
2026/07/28 21:52:13.489, 291.52, 100, 74232, 73
2026/07/28 21:52:14.527, 297.05, 100, 74232, 73
2026/07/28 21:52:15.571, 295.22, 100, 74232, 73
2026/07/28 21:52:16.609, 303.27, 100, 74232, 73
2026/07/28 21:52:17.645, 303.83, 100, 74232, 73
2026/07/28 21:52:18.683, 302.58, 100, 74232, 73
2026/07/28 21:52:19.721, 302.41, 100, 74232, 73
2026/07/28 21:52:20.759, 303.07, 100, 74232, 73
2026/07/28 21:52:21.797, 304.80, 100, 74232, 73
2026/07/28 21:52:22.836, 304.17, 100, 74232, 73
2026/07/28 21:52:23.874, 303.50, 100, 74232, 73
2026/07/28 21:52:24.912, 303.20, 100, 74232, 73
2026/07/28 21:52:25.950, 295.91, 100, 74232, 73
2026/07/28 21:52:26.987, 299.18, 100, 74232, 73
2026/07/28 21:52:28.026, 296.39, 100, 74232, 73
2026/07/28 21:52:29.065, 292.00, 100, 74232, 73
2026/07/28 21:52:30.102, 296.40, 100, 74232, 73
2026/07/28 21:52:31.139, 295.69, 100, 74232, 73
2026/07/28 21:52:32.177, 295.31, 100, 74232, 73
2026/07/28 21:52:33.214, 295.59, 100, 74232, 73
2026/07/28 21:52:34.254, 295.22, 100, 74232, 73
2026/07/28 21:52:35.291, 295.50, 100, 74232, 73
2026/07/28 21:52:36.328, 294.93, 100, 74232, 73
2026/07/28 21:52:37.366, 295.70, 100, 74232, 73
2026/07/28 21:52:38.403, 296.49, 100, 74232, 73
2026/07/28 21:52:39.444, 299.39, 100, 74232, 73
2026/07/28 21:52:40.481, 294.82, 100, 74232, 73
2026/07/28 21:52:41.518, 304.72, 100, 74232, 73
2026/07/28 21:52:42.556, 303.29, 100, 74232, 73
2026/07/28 21:52:43.593, 299.28, 100, 74232, 73
2026/07/28 21:52:44.630, 296.86, 100, 74232, 73
2026/07/28 21:52:45.671, 305.20, 100, 74232, 73
2026/07/28 21:52:46.707, 302.97, 100, 74232, 73
2026/07/28 21:52:47.747, 302.11, 100, 74232, 73
2026/07/28 21:52:48.786, 295.51, 100, 74232, 73
2026/07/28 21:52:49.823, 297.84, 100, 74232, 73
2026/07/28 21:52:50.865, 297.27, 100, 74232, 73
2026/07/28 21:52:51.902, 298.71, 100, 74232, 73
2026/07/28 21:52:52.940, 296.95, 100, 74232, 73
2026/07/28 21:52:53.977, 295.61, 100, 74232, 73
2026/07/28 21:52:55.015, 299.79, 100, 74232, 73
2026/07/28 21:52:56.053, 303.49, 100, 74232, 73
2026/07/28 21:52:57.090, 302.72, 100, 74232, 73
2026/07/28 21:52:58.128, 307.19, 100, 74232, 73
2026/07/28 21:52:59.164, 303.40, 100, 74232, 73
2026/07/28 21:53:00.201, 305.62, 100, 74232, 73
2026/07/28 21:53:01.238, 303.09, 100, 74232, 73
2026/07/28 21:53:02.276, 302.62, 100, 74232, 73
2026/07/28 21:53:03.313, 300.19, 100, 74232, 73
2026/07/28 21:53:04.350, 302.99, 100, 74232, 73
2026/07/28 21:53:05.389, 302.79, 100, 74232, 73
2026/07/28 21:53:06.425, 303.40, 100, 74232, 73
2026/07/28 21:53:07.464, 302.87, 100, 74232, 73
2026/07/28 21:53:08.503, 296.36, 100, 74232, 73
2026/07/28 21:53:09.540, 296.85, 100, 74232, 73
2026/07/28 21:53:10.581, 299.02, 100, 74232, 73
2026/07/28 21:53:11.618, 299.77, 100, 74232, 73
2026/07/28 21:53:12.656, 295.11, 100, 74232, 73
2026/07/28 21:53:13.694, 292.77, 100, 74232, 73
2026/07/28 21:53:14.733, 295.81, 100, 74232, 73
2026/07/28 21:53:15.770, 294.06, 100, 74232, 73
2026/07/28 21:53:16.808, 302.97, 100, 74232, 73
2026/07/28 21:53:17.845, 304.05, 100, 74232, 73
2026/07/28 21:53:18.886, 293.16, 100, 74232, 73
2026/07/28 21:53:19.926, 295.62, 100, 74232, 73
2026/07/28 21:53:20.964, 296.55, 100, 74232, 73
2026/07/28 21:53:22.002, 295.03, 100, 74232, 73
2026/07/28 21:53:23.040, 296.08, 100, 74232, 73
2026/07/28 21:53:24.077, 296.76, 100, 74232, 73
2026/07/28 21:53:25.118, 300.15, 100, 74232, 73
2026/07/28 21:53:26.156, 303.29, 100, 74232, 73
2026/07/28 21:53:27.193, 303.74, 100, 74232, 73
2026/07/28 21:53:28.231, 303.08, 100, 74232, 73
2026/07/28 21:53:29.268, 302.76, 100, 74232, 73
2026/07/28 21:53:30.306, 302.29, 100, 74232, 73
2026/07/28 21:53:31.344, 303.28, 100, 74232, 73
2026/07/28 21:53:32.382, 304.23, 100, 74232, 73
2026/07/28 21:53:33.420, 303.39, 100, 74232, 73
2026/07/28 21:53:34.458, 302.10, 100, 74232, 73
2026/07/28 21:53:35.498, 302.40, 100, 74232, 73
2026/07/28 21:53:36.536, 302.61, 100, 74232, 73
2026/07/28 21:53:37.573, 298.93, 100, 74232, 73
2026/07/28 21:53:38.612, 306.16, 100, 74232, 73
2026/07/28 21:53:39.649, 295.30, 100, 74232, 73
2026/07/28 21:53:40.686, 295.20, 100, 74232, 73
2026/07/28 21:53:41.723, 296.76, 100, 74232, 73
2026/07/28 21:53:42.761, 295.42, 100, 74232, 73
2026/07/28 21:53:43.799, 295.68, 100, 74232, 73
2026/07/28 21:53:44.838, 297.26, 100, 74232, 73
2026/07/28 21:53:45.881, 295.41, 100, 74232, 73
2026/07/28 21:53:46.919, 299.40, 100, 74232, 73
2026/07/28 21:53:47.955, 302.73, 100, 74232, 73
2026/07/28 21:53:48.992, 299.71, 100, 74232, 73
2026/07/28 21:53:50.031, 295.60, 100, 74232, 73
2026/07/28 21:53:51.070, 295.21, 100, 74232, 73
2026/07/28 21:53:52.113, 302.87, 100, 74232, 73
2026/07/28 21:53:53.152, 303.05, 100, 74232, 73
2026/07/28 21:53:54.189, 302.92, 100, 74232, 73
2026/07/28 21:53:55.227, 303.00, 100, 74232, 73
2026/07/28 21:53:56.264, 303.19, 100, 74232, 73
2026/07/28 21:53:57.300, 302.97, 100, 74232, 73
2026/07/28 21:53:58.338, 303.56, 100, 74232, 73
2026/07/28 21:53:59.375, 303.49, 100, 74232, 73
2026/07/28 21:54:00.412, 297.17, 100, 74232, 73
2026/07/28 21:54:01.450, 296.39, 100, 74232, 73
2026/07/28 21:54:02.487, 294.90, 100, 74232, 73
2026/07/28 21:54:03.524, 295.21, 100, 74232, 73
2026/07/28 21:54:04.562, 291.50, 100, 74232, 73
2026/07/28 21:54:05.602, 295.49, 100, 74232, 73
2026/07/28 21:54:06.640, 295.01, 100, 74232, 73
2026/07/28 21:54:07.677, 298.31, 100, 74232, 73
2026/07/28 21:54:08.715, 295.58, 100, 74232, 73
2026/07/28 21:54:09.752, 295.39, 100, 74232, 73
2026/07/28 21:54:10.790, 297.33, 100, 74232, 73
2026/07/28 21:54:11.828, 295.42, 100, 74232, 73
2026/07/28 21:54:12.865, 295.62, 100, 74232, 73
2026/07/28 21:54:13.903, 299.40, 100, 74232, 73
2026/07/28 21:54:14.940, 301.35, 100, 74232, 73
2026/07/28 21:54:15.978, 295.49, 100, 74232, 73
2026/07/28 21:54:17.016, 302.90, 100, 74232, 73
2026/07/28 21:54:18.054, 99.74, 0, 74232, 70
2026/07/28 21:54:19.142, 293.66, 100, 74232, 74
2026/07/28 21:54:20.177, 318.16, 100, 74232, 74
2026/07/28 21:54:21.216, 310.93, 100, 74232, 74
2026/07/28 21:54:22.253, 316.10, 100, 74232, 74
2026/07/28 21:54:23.286, 311.62, 100, 74232, 74
2026/07/28 21:54:24.322, 281.82, 100, 74232, 74
2026/07/28 21:54:25.359, 289.17, 100, 74232, 74
2026/07/28 21:54:26.395, 302.20, 100, 74232, 72
2026/07/28 21:54:27.433, 301.42, 100, 74232, 72
2026/07/28 21:54:28.470, 301.04, 100, 74232, 72
2026/07/28 21:54:29.507, 301.80, 100, 74232, 73
2026/07/28 21:54:30.548, 302.58, 100, 74232, 73
2026/07/28 21:54:31.586, 303.56, 100, 74232, 73
2026/07/28 21:54:32.624, 295.61, 100, 74232, 73
2026/07/28 21:54:33.662, 301.50, 100, 74232, 73
2026/07/28 21:54:34.699, 292.19, 100, 74232, 73
2026/07/28 21:54:35.737, 292.50, 100, 74232, 73
2026/07/28 21:54:36.774, 294.63, 100, 74232, 73
2026/07/28 21:54:37.811, 294.52, 100, 74232, 73
2026/07/28 21:54:38.851, 295.99, 100, 74232, 73
2026/07/28 21:54:39.890, 296.38, 100, 74232, 73
2026/07/28 21:54:40.926, 295.40, 100, 74232, 73
2026/07/28 21:54:41.964, 295.22, 100, 74232, 73
2026/07/28 21:54:43.003, 295.51, 100, 74232, 73
2026/07/28 21:54:44.042, 295.82, 100, 74232, 73
2026/07/28 21:54:45.079, 295.81, 100, 74232, 73
2026/07/28 21:54:46.117, 298.42, 100, 74232, 73
2026/07/28 21:54:47.154, 295.89, 100, 74232, 73
2026/07/28 21:54:48.192, 296.00, 100, 74232, 73
2026/07/28 21:54:49.232, 298.20, 100, 74232, 73
2026/07/28 21:54:50.268, 299.80, 100, 74232, 73
2026/07/28 21:54:51.305, 303.85, 100, 74232, 73
2026/07/28 21:54:52.344, 302.09, 100, 74232, 73
2026/07/28 21:54:53.381, 302.97, 100, 74232, 73
2026/07/28 21:54:54.420, 303.78, 100, 74232, 73
2026/07/28 21:54:55.457, 302.30, 100, 74232, 73
2026/07/28 21:54:56.496, 303.47, 100, 74232, 73
2026/07/28 21:54:57.534, 304.71, 100, 74232, 73
2026/07/28 21:54:58.572, 300.85, 100, 74232, 73
2026/07/28 21:54:59.608, 295.89, 100, 74232, 73
2026/07/28 21:55:00.645, 295.89, 100, 74232, 73
2026/07/28 21:55:01.683, 296.75, 100, 74232, 73
2026/07/28 21:55:02.721, 295.40, 100, 74232, 73
2026/07/28 21:55:03.760, 296.67, 100, 74232, 73
2026/07/28 21:55:04.798, 296.09, 100, 74232, 73
2026/07/28 21:55:05.835, 297.07, 100, 74232, 73
2026/07/28 21:55:06.871, 294.82, 100, 74232, 73
2026/07/28 21:55:07.908, 296.10, 100, 74232, 73
2026/07/28 21:55:08.945, 295.12, 100, 74232, 73
2026/07/28 21:55:09.982, 298.12, 100, 74232, 73
2026/07/28 21:55:11.020, 294.84, 100, 74232, 73
2026/07/28 21:55:12.057, 295.68, 100, 74232, 73
2026/07/28 21:55:13.094, 294.81, 100, 74232, 73
2026/07/28 21:55:14.133, 296.67, 100, 74232, 73
2026/07/28 21:55:15.170, 302.48, 100, 74232, 73
2026/07/28 21:55:16.208, 300.51, 100, 74232, 73
2026/07/28 21:55:17.247, 299.10, 100, 74232, 73
2026/07/28 21:55:18.284, 302.80, 100, 74232, 73
2026/07/28 21:55:19.323, 303.59, 100, 74232, 73
2026/07/28 21:55:20.359, 303.10, 100, 74232, 73
2026/07/28 21:55:21.397, 291.49, 100, 74232, 73
2026/07/28 21:55:22.435, 294.61, 100, 74232, 73
2026/07/28 21:55:23.474, 295.59, 100, 74232, 73
2026/07/28 21:55:24.511, 295.11, 100, 74232, 73
2026/07/28 21:55:25.547, 295.50, 100, 74232, 73
2026/07/28 21:55:26.584, 292.76, 100, 74232, 73
2026/07/28 21:55:27.625, 295.61, 100, 74232, 73
2026/07/28 21:55:28.662, 296.37, 100, 74232, 73
2026/07/28 21:55:29.699, 295.03, 100, 74232, 73
2026/07/28 21:55:30.736, 295.23, 100, 74232, 73
2026/07/28 21:55:31.773, 294.52, 100, 74232, 73
2026/07/28 21:55:32.810, 294.82, 100, 74232, 73
2026/07/28 21:55:33.850, 295.20, 100, 74232, 73
2026/07/28 21:55:34.888, 295.21, 100, 74232, 73
2026/07/28 21:55:35.932, 295.39, 100, 74232, 73
2026/07/28 21:55:36.971, 297.03, 100, 74232, 73
2026/07/28 21:55:38.008, 295.31, 100, 74232, 73
2026/07/28 21:55:39.050, 295.60, 100, 74232, 73
2026/07/28 21:55:40.087, 294.43, 100, 74232, 73
2026/07/28 21:55:41.125, 302.80, 100, 74232, 73
2026/07/28 21:55:42.165, 301.71, 100, 74232, 73
2026/07/28 21:55:43.204, 295.43, 100, 74232, 73
2026/07/28 21:55:44.241, 302.99, 100, 74232, 73
2026/07/28 21:55:45.280, 303.08, 100, 74232, 73
2026/07/28 21:55:46.317, 302.73, 100, 74232, 73
2026/07/28 21:55:47.356, 302.62, 100, 74232, 73
2026/07/28 21:55:48.393, 303.59, 100, 74232, 73
2026/07/28 21:55:49.430, 304.65, 100, 74232, 73
2026/07/28 21:55:50.466, 304.61, 100, 74232, 73
2026/07/28 21:55:51.504, 302.48, 100, 74232, 73
2026/07/28 21:55:52.540, 303.19, 100, 74232, 73
2026/07/28 21:55:53.578, 303.11, 100, 74232, 73
2026/07/28 21:55:54.616, 302.80, 100, 74232, 73
2026/07/28 21:55:55.654, 303.40, 100, 74232, 73
2026/07/28 21:55:56.695, 293.23, 100, 74232, 73
2026/07/28 21:55:57.733, 292.00, 100, 74232, 73
2026/07/28 21:55:58.770, 296.20, 100, 74232, 73
2026/07/28 21:55:59.809, 295.21, 100, 74232, 73
2026/07/28 21:56:00.849, 295.42, 100, 74232, 73
2026/07/28 21:56:01.886, 295.12, 100, 74232, 73
2026/07/28 21:56:02.924, 296.07, 100, 74232, 73
2026/07/28 21:56:03.960, 295.42, 100, 74232, 73
2026/07/28 21:56:04.998, 295.42, 100, 74232, 73
2026/07/28 21:56:06.038, 295.61, 100, 74232, 73
2026/07/28 21:56:07.075, 299.41, 100, 74232, 73
2026/07/28 21:56:08.112, 302.59, 100, 74232, 73
2026/07/28 21:56:09.149, 298.82, 100, 74232, 73
2026/07/28 21:56:10.186, 303.17, 100, 74232, 73
2026/07/28 21:56:11.226, 304.48, 100, 74232, 73
2026/07/28 21:56:12.263, 303.10, 100, 74232, 73
2026/07/28 21:56:13.301, 307.04, 100, 74232, 73
2026/07/28 21:56:14.339, 303.17, 100, 74232, 73
2026/07/28 21:56:15.376, 304.61, 100, 74232, 73
2026/07/28 21:56:16.415, 295.30, 100, 74232, 73
2026/07/28 21:56:17.453, 290.73, 100, 74232, 73
2026/07/28 21:56:18.490, 294.93, 100, 74232, 73
2026/07/28 21:56:19.528, 302.87, 100, 74232, 73
2026/07/28 21:56:20.565, 302.77, 100, 74232, 73
2026/07/28 21:56:21.603, 302.90, 100, 74232, 73
2026/07/28 21:56:22.641, 296.88, 100, 74232, 73
2026/07/28 21:56:23.679, 290.44, 100, 74232, 73
2026/07/28 21:56:24.718, 296.67, 100, 74232, 73
2026/07/28 21:56:25.756, 294.33, 100, 74232, 73
2026/07/28 21:56:26.794, 299.01, 100, 74232, 73
2026/07/28 21:56:27.832, 303.11, 100, 74232, 73
2026/07/28 21:56:28.870, 302.43, 100, 74232, 73
2026/07/28 21:56:29.908, 304.09, 100, 74232, 73
2026/07/28 21:56:30.944, 302.90, 100, 74232, 73
2026/07/28 21:56:31.981, 302.60, 100, 74232, 73
2026/07/28 21:56:33.019, 302.00, 100, 74232, 73
2026/07/28 21:56:34.058, 306.26, 100, 74232, 73
2026/07/28 21:56:35.098, 293.37, 100, 74232, 73
2026/07/28 21:56:36.137, 300.64, 100, 74232, 73
2026/07/28 21:56:37.173, 295.01, 100, 74232, 73
2026/07/28 21:56:38.210, 297.06, 100, 74232, 73
2026/07/28 21:56:39.247, 296.16, 100, 74232, 73
2026/07/28 21:56:40.286, 300.63, 100, 74232, 73
2026/07/28 21:56:41.324, 296.35, 100, 74232, 73
2026/07/28 21:56:42.360, 294.82, 100, 74232, 73
2026/07/28 21:56:43.398, 306.32, 100, 74232, 73
2026/07/28 21:56:44.435, 298.51, 100, 74232, 73
2026/07/28 21:56:45.473, 304.08, 100, 74232, 73
2026/07/28 21:56:46.510, 304.36, 100, 74232, 73
2026/07/28 21:56:47.550, 295.30, 100, 74232, 73
2026/07/28 21:56:48.588, 303.26, 100, 74232, 73
2026/07/28 21:56:49.626, 294.71, 100, 74232, 73
2026/07/28 21:56:50.662, 295.09, 100, 74232, 73
2026/07/28 21:56:51.700, 294.73, 100, 74232, 73
2026/07/28 21:56:52.738, 306.21, 100, 74232, 73
2026/07/28 21:56:53.776, 301.95, 100, 74232, 73
2026/07/28 21:56:54.816, 303.27, 100, 74232, 73
2026/07/28 21:56:55.855, 304.57, 100, 74232, 73
2026/07/28 21:56:56.891, 295.20, 100, 74232, 73
2026/07/28 21:56:57.930, 292.79, 100, 74232, 73
2026/07/28 21:56:58.968, 299.60, 100, 74232, 73
2026/07/28 21:57:00.006, 298.99, 100, 74232, 73
2026/07/28 21:57:01.042, 302.03, 100, 74232, 73
2026/07/28 21:57:02.084, 295.99, 100, 74232, 73
2026/07/28 21:57:03.123, 296.29, 100, 74232, 73
2026/07/28 21:57:04.160, 302.87, 100, 74232, 73
2026/07/28 21:57:05.199, 290.93, 100, 74232, 73
2026/07/28 21:57:06.237, 294.43, 100, 74232, 73
2026/07/28 21:57:07.274, 297.48, 100, 74232, 73
2026/07/28 21:57:08.311, 292.30, 100, 74232, 73
2026/07/28 21:57:09.348, 295.71, 100, 74232, 73
2026/07/28 21:57:10.386, 296.66, 100, 74232, 73
2026/07/28 21:57:11.424, 295.87, 100, 74232, 73
2026/07/28 21:57:12.461, 300.77, 100, 74232, 73
2026/07/28 21:57:13.498, 294.84, 100, 74232, 73
2026/07/28 21:57:14.536, 296.39, 100, 74232, 73
2026/07/28 21:57:15.575, 302.67, 100, 74232, 73
2026/07/28 21:57:16.613, 305.35, 100, 74232, 73
2026/07/28 21:57:17.655, 301.42, 100, 74232, 73
2026/07/28 21:57:18.692, 301.31, 100, 74232, 73
2026/07/28 21:57:19.730, 295.80, 100, 74232, 73
2026/07/28 21:57:20.768, 296.38, 100, 74232, 73
2026/07/28 21:57:21.805, 296.27, 100, 74232, 73
2026/07/28 21:57:22.845, 303.45, 100, 74232, 73
2026/07/28 21:57:23.882, 304.51, 100, 74232, 73
2026/07/28 21:57:24.920, 302.51, 100, 74232, 73
2026/07/28 21:57:25.957, 295.70, 100, 74232, 73
2026/07/28 21:57:26.994, 297.45, 100, 74232, 73
2026/07/28 21:57:28.033, 296.08, 100, 74232, 73
2026/07/28 21:57:29.070, 295.70, 100, 74232, 73
2026/07/28 21:57:30.111, 302.62, 100, 74232, 73
2026/07/28 21:57:31.149, 303.54, 100, 74232, 73
2026/07/28 21:57:32.185, 302.98, 100, 74232, 73
2026/07/28 21:57:33.224, 302.81, 100, 74232, 73
2026/07/28 21:57:34.261, 297.07, 100, 74232, 73
2026/07/28 21:57:35.297, 303.93, 100, 74232, 73
2026/07/28 21:57:36.333, 303.46, 100, 74232, 73
2026/07/28 21:57:37.370, 296.00, 100, 74232, 73
2026/07/28 21:57:38.406, 295.01, 100, 74232, 73
2026/07/28 21:57:39.444, 296.37, 100, 74232, 73
2026/07/28 21:57:40.480, 295.03, 100, 74232, 73
2026/07/28 21:57:41.516, 294.90, 100, 74232, 73
2026/07/28 21:57:42.553, 296.75, 100, 74232, 73
2026/07/28 21:57:43.589, 295.50, 100, 74232, 73
2026/07/28 21:57:44.626, 296.01, 100, 74232, 73
2026/07/28 21:57:45.663, 302.68, 100, 74232, 73
2026/07/28 21:57:46.700, 299.11, 100, 74232, 73
2026/07/28 21:57:47.736, 295.31, 100, 74232, 73
2026/07/28 21:57:48.773, 291.40, 100, 74232, 73
2026/07/28 21:57:49.807, 296.02, 100, 74232, 73
2026/07/28 21:57:50.844, 292.11, 100, 74232, 73
2026/07/28 21:57:51.881, 294.83, 100, 74232, 73
2026/07/28 21:57:52.918, 296.67, 100, 74232, 73
2026/07/28 21:57:53.954, 294.91, 100, 74232, 73
2026/07/28 21:57:54.990, 297.35, 100, 74232, 73
2026/07/28 21:57:56.027, 302.22, 100, 74232, 73
2026/07/28 21:57:57.066, 302.33, 100, 74232, 73
2026/07/28 21:57:58.103, 303.66, 100, 74232, 73
2026/07/28 21:57:59.142, 299.01, 100, 74232, 73
2026/07/28 21:58:00.179, 302.10, 100, 74232, 73
2026/07/28 21:58:01.216, 302.69, 100, 74232, 73
2026/07/28 21:58:02.253, 296.08, 100, 74232, 73
2026/07/28 21:58:03.288, 296.95, 100, 74232, 73
2026/07/28 21:58:04.324, 303.10, 100, 74232, 73
2026/07/28 21:58:05.363, 303.09, 100, 74232, 73
2026/07/28 21:58:06.401, 296.67, 100, 74232, 73
2026/07/28 21:58:07.437, 295.60, 100, 74232, 73
2026/07/28 21:58:08.474, 295.71, 100, 74232, 73
2026/07/28 21:58:09.511, 299.21, 100, 74232, 73
2026/07/28 21:58:10.546, 303.42, 100, 74232, 73
2026/07/28 21:58:11.584, 303.76, 100, 74232, 73
2026/07/28 21:58:12.620, 299.99, 100, 74232, 73
2026/07/28 21:58:13.659, 303.61, 100, 74232, 73
2026/07/28 21:58:14.698, 298.68, 100, 74232, 73
2026/07/28 21:58:15.734, 295.39, 100, 74232, 73
2026/07/28 21:58:16.771, 296.18, 100, 74232, 73
2026/07/28 21:58:17.808, 292.10, 100, 74232, 73
2026/07/28 21:58:18.846, 296.59, 100, 74232, 73
2026/07/28 21:58:19.882, 295.14, 100, 74232, 73
2026/07/28 21:58:20.918, 294.72, 100, 74232, 73
2026/07/28 21:58:21.958, 295.62, 100, 74232, 73
2026/07/28 21:58:22.994, 294.72, 100, 74232, 73
2026/07/28 21:58:24.032, 296.26, 100, 74232, 73
2026/07/28 21:58:25.068, 295.58, 100, 74232, 73
2026/07/28 21:58:26.105, 295.86, 100, 74232, 73
2026/07/28 21:58:27.140, 296.39, 100, 74232, 73
2026/07/28 21:58:28.178, 295.69, 100, 74232, 73
2026/07/28 21:58:29.215, 297.45, 100, 74232, 73
2026/07/28 21:58:30.253, 296.36, 100, 74232, 73
2026/07/28 21:58:31.292, 295.00, 100, 74232, 73
2026/07/28 21:58:32.329, 298.52, 100, 74232, 73
2026/07/28 21:58:33.368, 296.27, 100, 74232, 73
2026/07/28 21:58:34.403, 303.09, 100, 74232, 73
2026/07/28 21:58:35.441, 304.24, 100, 74232, 73
2026/07/28 21:58:36.477, 303.69, 100, 74232, 73
2026/07/28 21:58:37.514, 302.86, 100, 74232, 73
2026/07/28 21:58:38.552, 305.88, 100, 74232, 73
2026/07/28 21:58:39.588, 304.21, 100, 74232, 73
2026/07/28 21:58:40.625, 303.68, 100, 74232, 73
2026/07/28 21:58:41.661, 296.46, 100, 74232, 73
2026/07/28 21:58:42.697, 297.63, 100, 74232, 73
2026/07/28 21:58:43.734, 295.68, 100, 74232, 73
2026/07/28 21:58:44.770, 297.06, 100, 74232, 73
2026/07/28 21:58:45.805, 291.51, 100, 74232, 73
2026/07/28 21:58:46.841, 295.50, 100, 74232, 73
2026/07/28 21:58:47.881, 296.08, 100, 74232, 73
2026/07/28 21:58:48.917, 295.01, 100, 74232, 73
2026/07/28 21:58:49.954, 295.39, 100, 74232, 73
2026/07/28 21:58:50.991, 296.37, 100, 74232, 73
2026/07/28 21:58:52.028, 295.10, 100, 74232, 73
2026/07/28 21:58:53.065, 302.99, 100, 74232, 73
2026/07/28 21:58:54.101, 306.65, 100, 74232, 73
2026/07/28 21:58:55.138, 303.07, 100, 74232, 73
2026/07/28 21:58:56.174, 305.73, 100, 74232, 73
2026/07/28 21:58:57.211, 297.14, 100, 74232, 73
2026/07/28 21:58:58.247, 295.03, 100, 74232, 73
2026/07/28 21:58:59.284, 292.87, 100, 74232, 73
2026/07/28 21:59:00.320, 294.23, 100, 74232, 73
2026/07/28 21:59:01.357, 295.11, 100, 74232, 73
2026/07/28 21:59:02.395, 293.27, 100, 74232, 73
2026/07/28 21:59:03.436, 296.69, 100, 74232, 73
2026/07/28 21:59:04.473, 295.03, 100, 74232, 73
2026/07/28 21:59:05.509, 296.86, 100, 74232, 73
2026/07/28 21:59:06.547, 297.11, 100, 74232, 73
2026/07/28 21:59:07.583, 295.23, 100, 74232, 73
2026/07/28 21:59:08.620, 295.51, 100, 74232, 73
2026/07/28 21:59:09.656, 296.09, 100, 74232, 73
2026/07/28 21:59:10.694, 295.60, 100, 74232, 73
2026/07/28 21:59:11.730, 295.89, 100, 74232, 73
2026/07/28 21:59:12.767, 296.38, 100, 74232, 73
2026/07/28 21:59:13.805, 295.68, 100, 74232, 73
2026/07/28 21:59:14.842, 300.04, 100, 74232, 73
2026/07/28 21:59:15.880, 298.01, 100, 74232, 73
2026/07/28 21:59:16.917, 303.64, 100, 74232, 73
2026/07/28 21:59:17.953, 299.19, 100, 74232, 73
2026/07/28 21:59:18.990, 100.12, 17, 74232, 70
2026/07/28 21:59:20.024, 98.25, 0, 74232, 69
2026/07/28 21:59:21.117, 97.26, 0, 74232, 68
2026/07/28 21:59:22.149, 96.91, 0, 74232, 68
2026/07/28 21:59:23.181, 96.18, 0, 74232, 67
2026/07/28 21:59:24.217, 95.46, 0, 74232, 67
2026/07/28 21:59:25.249, 94.74, 0, 74232, 66
2026/07/28 21:59:26.281, 93.34, 0, 74232, 66
2026/07/28 21:59:27.313, 93.65, 0, 74232, 65
2026/07/28 21:59:28.345, 92.98, 0, 74232, 65
2026/07/28 21:59:29.377, 91.46, 0, 74232, 65
2026/07/28 21:59:30.408, 92.16, 0, 74232, 64
2026/07/28 21:59:31.440, 91.04, 0, 74232, 64
2026/07/28 21:59:32.472, 91.13, 0, 74232, 64
2026/07/28 21:59:33.504, 90.99, 0, 74232, 63
2026/07/28 21:59:34.536, 90.77, 0, 74232, 63
2026/07/28 21:59:35.569, 308.63, 100, 74232, 68
2026/07/28 21:59:36.604, 303.08, 100, 74232, 69
2026/07/28 21:59:37.638, 309.59, 100, 74232, 69
2026/07/28 21:59:38.678, 309.71, 100, 74232, 69
2026/07/28 21:59:39.713, 323.71, 100, 74232, 70
2026/07/28 21:59:40.747, 297.84, 100, 74232, 70
2026/07/28 21:59:41.782, 289.65, 100, 74232, 68
2026/07/28 21:59:42.825, 288.11, 100, 74232, 68
2026/07/28 21:59:43.866, 297.25, 100, 74232, 69
2026/07/28 21:59:44.901, 303.08, 100, 74232, 69
2026/07/28 21:59:45.937, 295.39, 100, 74232, 69
2026/07/28 21:59:46.974, 295.69, 100, 74232, 69
2026/07/28 21:59:48.012, 306.90, 100, 74232, 69
2026/07/28 21:59:49.050, 300.47, 100, 74232, 70
2026/07/28 21:59:50.087, 293.64, 100, 74232, 70
2026/07/28 21:59:51.123, 305.14, 100, 74232, 70
2026/07/28 21:59:52.160, 308.34, 100, 74232, 70
2026/07/28 21:59:53.196, 306.14, 100, 74232, 70
2026/07/28 21:59:54.233, 302.71, 100, 74232, 70
2026/07/28 21:59:55.269, 299.45, 100, 74232, 70
2026/07/28 21:59:56.306, 299.20, 100, 74232, 71
2026/07/28 21:59:57.343, 302.51, 100, 74232, 71
2026/07/28 21:59:58.379, 299.02, 100, 74232, 71
2026/07/28 21:59:59.416, 298.70, 100, 74232, 71
2026/07/28 22:00:00.454, 299.02, 100, 74232, 71
2026/07/28 22:00:01.490, 304.51, 100, 74232, 71
2026/07/28 22:00:02.527, 300.02, 100, 74232, 71
2026/07/28 22:00:03.564, 300.18, 100, 74232, 71
2026/07/28 22:00:04.601, 299.77, 100, 74232, 71
2026/07/28 22:00:05.637, 299.59, 100, 74232, 71
2026/07/28 22:00:06.676, 299.08, 100, 74232, 71
2026/07/28 22:00:07.713, 301.86, 100, 74232, 71
2026/07/28 22:00:08.752, 300.28, 100, 74232, 71
2026/07/28 22:00:09.788, 302.28, 100, 74232, 72
2026/07/28 22:00:10.823, 296.27, 100, 74232, 72
2026/07/28 22:00:11.862, 300.25, 100, 74232, 72
2026/07/28 22:00:12.898, 300.86, 100, 74232, 72
2026/07/28 22:00:13.934, 301.42, 100, 74232, 72
2026/07/28 22:00:14.970, 301.33, 100, 74232, 72
2026/07/28 22:00:16.007, 303.56, 100, 74232, 72
2026/07/28 22:00:17.042, 301.05, 100, 74232, 72
2026/07/28 22:00:18.079, 301.52, 100, 74232, 72
2026/07/28 22:00:19.115, 301.43, 100, 74232, 72
2026/07/28 22:00:20.150, 301.03, 100, 74232, 72
2026/07/28 22:00:21.187, 301.53, 100, 74232, 72
2026/07/28 22:00:22.225, 294.15, 100, 74232, 72
2026/07/28 22:00:23.262, 293.47, 100, 74232, 72
2026/07/28 22:00:24.298, 293.75, 100, 74232, 72
2026/07/28 22:00:25.333, 293.83, 100, 74232, 72
2026/07/28 22:00:26.374, 293.64, 100, 74232, 72
2026/07/28 22:00:27.411, 296.78, 100, 74232, 72
2026/07/28 22:00:28.447, 305.58, 100, 74232, 72
2026/07/28 22:00:29.484, 301.80, 100, 74232, 72
2026/07/28 22:00:30.520, 300.45, 100, 74232, 72
2026/07/28 22:00:31.556, 301.24, 100, 74232, 72
2026/07/28 22:00:32.595, 300.74, 100, 74232, 72
2026/07/28 22:00:33.631, 300.82, 100, 74232, 72
2026/07/28 22:00:34.670, 301.52, 100, 74232, 72
2026/07/28 22:00:35.707, 302.04, 100, 74232, 72
2026/07/28 22:00:36.743, 301.83, 100, 74232, 72
2026/07/28 22:00:37.779, 301.43, 100, 74232, 72
2026/07/28 22:00:38.817, 299.86, 100, 74232, 72
2026/07/28 22:00:39.855, 299.47, 100, 74232, 72
2026/07/28 22:00:40.892, 295.60, 100, 74232, 72
2026/07/28 22:00:41.929, 300.93, 100, 74232, 72
2026/07/28 22:00:42.965, 301.44, 100, 74232, 72
2026/07/28 22:00:44.001, 301.94, 100, 74232, 72
2026/07/28 22:00:45.038, 301.74, 100, 74232, 72
2026/07/28 22:00:46.075, 301.52, 100, 74232, 72
2026/07/28 22:00:47.112, 304.91, 100, 74232, 72
2026/07/28 22:00:48.149, 301.16, 100, 74232, 72
2026/07/28 22:00:49.185, 299.50, 100, 74232, 72
2026/07/28 22:00:50.221, 302.60, 100, 74232, 72
2026/07/28 22:00:51.257, 301.63, 100, 74232, 72
2026/07/28 22:00:52.296, 302.77, 100, 74232, 72
2026/07/28 22:00:53.332, 294.15, 100, 74232, 72
2026/07/28 22:00:54.369, 294.23, 100, 74232, 72
2026/07/28 22:00:55.405, 295.88, 100, 74232, 72
2026/07/28 22:00:56.440, 293.65, 100, 74232, 72
2026/07/28 22:00:57.477, 297.15, 100, 74232, 72
2026/07/28 22:00:58.514, 294.05, 100, 74232, 72
2026/07/28 22:00:59.552, 294.53, 100, 74232, 72
2026/07/28 22:01:00.589, 294.24, 100, 74232, 72
2026/07/28 22:01:01.627, 294.15, 100, 74232, 72
2026/07/28 22:01:02.663, 300.44, 100, 74232, 72
2026/07/28 22:01:03.703, 301.74, 100, 74232, 72
2026/07/28 22:01:04.739, 297.94, 100, 74232, 72
2026/07/28 22:01:05.775, 301.74, 100, 74232, 72
2026/07/28 22:01:06.810, 297.74, 100, 74232, 72
2026/07/28 22:01:07.848, 304.62, 100, 74232, 72
2026/07/28 22:01:08.886, 301.15, 100, 74232, 72
2026/07/28 22:01:09.922, 301.89, 100, 74232, 72
2026/07/28 22:01:10.960, 302.32, 100, 74232, 72
2026/07/28 22:01:11.997, 301.15, 100, 74232, 72
2026/07/28 22:01:13.033, 302.43, 100, 74232, 72
2026/07/28 22:01:14.069, 302.10, 100, 74232, 72
2026/07/28 22:01:15.107, 302.89, 100, 74232, 72
2026/07/28 22:01:16.144, 302.22, 100, 74232, 72
2026/07/28 22:01:17.180, 294.64, 100, 74232, 72
2026/07/28 22:01:18.218, 301.50, 100, 74232, 72
2026/07/28 22:01:19.255, 294.72, 100, 74232, 72
2026/07/28 22:01:20.295, 290.62, 100, 74232, 72
2026/07/28 22:01:21.332, 294.81, 100, 74232, 72
2026/07/28 22:01:22.371, 301.31, 100, 74232, 72
2026/07/28 22:01:23.408, 299.69, 100, 74232, 72
2026/07/28 22:01:24.446, 298.90, 100, 74232, 72
2026/07/28 22:01:25.483, 305.00, 100, 74232, 72
2026/07/28 22:01:26.520, 298.13, 100, 74232, 72
2026/07/28 22:01:27.557, 296.46, 100, 74232, 72
2026/07/28 22:01:28.594, 294.22, 100, 74232, 72
2026/07/28 22:01:29.632, 294.02, 100, 74232, 72
2026/07/28 22:01:30.669, 294.81, 100, 74232, 72
2026/07/28 22:01:31.706, 295.51, 100, 74232, 72
2026/07/28 22:01:32.742, 301.92, 100, 74232, 72
2026/07/28 22:01:33.781, 297.84, 100, 74232, 72
2026/07/28 22:01:34.818, 297.45, 100, 74232, 72
2026/07/28 22:01:35.854, 298.52, 100, 74232, 72
2026/07/28 22:01:36.890, 294.92, 100, 74232, 72
2026/07/28 22:01:37.928, 296.27, 100, 74232, 72
2026/07/28 22:01:38.965, 299.50, 100, 74232, 72
2026/07/28 22:01:40.003, 298.32, 100, 74232, 72
2026/07/28 22:01:41.040, 295.12, 100, 74232, 72
2026/07/28 22:01:42.076, 300.37, 100, 74232, 72
2026/07/28 22:01:43.113, 295.33, 100, 74232, 72
2026/07/28 22:01:44.151, 294.73, 100, 74232, 72
2026/07/28 22:01:45.189, 294.73, 100, 74232, 72
2026/07/28 22:01:46.225, 301.90, 100, 74232, 72
2026/07/28 22:01:47.264, 301.33, 100, 74232, 72
2026/07/28 22:01:48.302, 290.93, 100, 74232, 72
2026/07/28 22:01:49.339, 302.81, 100, 74232, 72
2026/07/28 22:01:50.375, 301.32, 100, 74232, 72
2026/07/28 22:01:51.411, 303.96, 100, 74232, 72
2026/07/28 22:01:52.448, 301.62, 100, 74232, 72
2026/07/28 22:01:53.485, 302.29, 100, 74232, 72
2026/07/28 22:01:54.523, 302.67, 100, 74232, 72
2026/07/28 22:01:55.559, 305.24, 100, 74232, 72
2026/07/28 22:01:56.596, 303.85, 100, 74232, 72
2026/07/28 22:01:57.633, 302.30, 100, 74232, 72
2026/07/28 22:01:58.670, 301.05, 100, 74232, 72
2026/07/28 22:01:59.707, 302.31, 100, 74232, 72
2026/07/28 22:02:00.744, 298.10, 100, 74232, 72
2026/07/28 22:02:01.781, 302.48, 100, 74232, 72
2026/07/28 22:02:02.816, 296.46, 100, 74232, 72
2026/07/28 22:02:03.853, 290.83, 100, 74232, 72
2026/07/28 22:02:04.891, 291.13, 100, 74232, 72
2026/07/28 22:02:05.931, 294.92, 100, 74232, 72
2026/07/28 22:02:06.968, 294.43, 100, 74232, 72
2026/07/28 22:02:08.004, 295.79, 100, 74232, 72
2026/07/28 22:02:09.044, 294.61, 100, 74232, 72
2026/07/28 22:02:10.081, 298.24, 100, 74232, 72
2026/07/28 22:02:11.118, 290.63, 100, 74232, 72
2026/07/28 22:02:12.156, 295.81, 100, 74232, 72
2026/07/28 22:02:13.193, 301.63, 100, 74232, 73
2026/07/28 22:02:14.230, 294.93, 100, 74232, 72
2026/07/28 22:02:15.267, 291.02, 100, 74232, 72
2026/07/28 22:02:16.306, 295.61, 100, 74232, 73
2026/07/28 22:02:17.347, 296.29, 100, 74232, 73
2026/07/28 22:02:18.385, 295.02, 100, 74232, 73
2026/07/28 22:02:19.422, 302.29, 100, 74232, 73
2026/07/28 22:02:20.459, 303.26, 100, 74232, 73
2026/07/28 22:02:21.495, 302.14, 100, 74232, 73
2026/07/28 22:02:22.531, 303.88, 100, 74232, 73
2026/07/28 22:02:23.567, 298.21, 100, 74232, 73
2026/07/28 22:02:24.604, 297.43, 100, 74232, 73
2026/07/28 22:02:25.640, 297.73, 100, 74232, 73
2026/07/28 22:02:26.676, 295.50, 100, 74232, 73
2026/07/28 22:02:27.712, 294.64, 100, 74232, 73
2026/07/28 22:02:28.748, 295.03, 100, 74232, 73
2026/07/28 22:02:29.785, 296.00, 100, 74232, 73
2026/07/28 22:02:30.822, 299.78, 100, 74232, 73
2026/07/28 22:02:31.861, 302.24, 100, 74232, 73
2026/07/28 22:02:32.898, 302.52, 100, 74232, 73
2026/07/28 22:02:33.935, 303.55, 100, 74232, 73
2026/07/28 22:02:34.972, 303.27, 100, 74232, 73
2026/07/28 22:02:36.009, 303.68, 100, 74232, 73
2026/07/28 22:02:37.047, 304.35, 100, 74232, 73
2026/07/28 22:02:38.083, 303.02, 100, 74232, 73
2026/07/28 22:02:39.120, 303.30, 100, 74232, 73
2026/07/28 22:02:40.158, 295.22, 100, 74232, 73
2026/07/28 22:02:41.195, 302.62, 100, 74232, 73
2026/07/28 22:02:42.231, 303.11, 100, 74232, 73
2026/07/28 22:02:43.268, 294.92, 100, 74232, 73
2026/07/28 22:02:44.306, 292.77, 100, 74232, 73
2026/07/28 22:02:45.348, 295.39, 100, 74232, 73
2026/07/28 22:02:46.386, 297.27, 100, 74232, 73
2026/07/28 22:02:47.423, 295.02, 100, 74232, 73
2026/07/28 22:02:48.460, 296.18, 100, 74232, 73
2026/07/28 22:02:49.498, 294.53, 100, 74232, 73
2026/07/28 22:02:50.535, 296.39, 100, 74232, 73
2026/07/28 22:02:51.573, 297.82, 100, 74232, 73
2026/07/28 22:02:52.609, 303.21, 100, 74232, 73
2026/07/28 22:02:53.646, 302.82, 100, 74232, 73
2026/07/28 22:02:54.682, 302.97, 100, 74232, 73
2026/07/28 22:02:55.719, 302.51, 100, 74232, 73
2026/07/28 22:02:56.756, 303.07, 100, 74232, 73
2026/07/28 22:02:57.796, 303.11, 100, 74232, 73
2026/07/28 22:02:58.834, 303.77, 100, 74232, 73
2026/07/28 22:02:59.871, 295.03, 100, 74232, 73
2026/07/28 22:03:00.909, 294.54, 100, 74232, 73
2026/07/28 22:03:01.945, 295.50, 100, 74232, 73
2026/07/28 22:03:02.981, 296.15, 100, 74232, 73
2026/07/28 22:03:04.020, 295.71, 100, 74232, 73
2026/07/28 22:03:05.059, 297.08, 100, 74232, 73
2026/07/28 22:03:06.096, 294.63, 100, 74232, 73
2026/07/28 22:03:07.133, 294.71, 100, 74232, 72
2026/07/28 22:03:08.170, 297.33, 100, 74232, 73
2026/07/28 22:03:09.207, 294.81, 100, 74232, 72
2026/07/28 22:03:10.244, 300.47, 100, 74232, 73
2026/07/28 22:03:11.281, 296.36, 100, 74232, 73
2026/07/28 22:03:12.316, 294.93, 100, 74232, 73
2026/07/28 22:03:13.354, 299.09, 100, 74232, 73
2026/07/28 22:03:14.393, 302.69, 100, 74232, 73
2026/07/28 22:03:15.430, 303.00, 100, 74232, 73
2026/07/28 22:03:16.468, 303.93, 100, 74232, 73
2026/07/28 22:03:17.506, 302.91, 100, 74232, 73
2026/07/28 22:03:18.543, 302.27, 100, 74232, 73
2026/07/28 22:03:19.580, 302.31, 100, 74232, 73
2026/07/28 22:03:20.618, 302.19, 100, 74232, 73
2026/07/28 22:03:21.656, 304.27, 100, 74232, 73
2026/07/28 22:03:22.691, 303.85, 100, 74232, 73
2026/07/28 22:03:23.728, 302.68, 100, 74232, 73
2026/07/28 22:03:24.765, 304.02, 100, 74232, 73
2026/07/28 22:03:25.803, 297.74, 100, 74232, 73
2026/07/28 22:03:26.842, 291.60, 100, 74232, 72
2026/07/28 22:03:27.880, 291.04, 100, 74232, 72
2026/07/28 22:03:28.917, 291.21, 100, 74232, 72
2026/07/28 22:03:29.955, 295.20, 100, 74232, 72
2026/07/28 22:03:30.993, 295.41, 100, 74232, 72
2026/07/28 22:03:32.032, 295.20, 100, 74232, 72
2026/07/28 22:03:33.071, 294.82, 100, 74232, 72
2026/07/28 22:03:34.108, 301.02, 100, 74232, 73
2026/07/28 22:03:35.146, 299.47, 100, 74232, 73
2026/07/28 22:03:36.184, 294.14, 100, 74232, 73
2026/07/28 22:03:37.221, 295.01, 100, 74232, 73
2026/07/28 22:03:38.258, 302.33, 100, 74232, 73
2026/07/28 22:03:39.297, 302.91, 100, 74232, 73
2026/07/28 22:03:40.334, 306.12, 100, 74232, 73
2026/07/28 22:03:41.372, 302.33, 100, 74232, 73
2026/07/28 22:03:42.411, 299.18, 100, 74232, 73
2026/07/28 22:03:43.447, 299.11, 100, 74232, 73
2026/07/28 22:03:44.485, 302.18, 100, 74232, 73
2026/07/28 22:03:45.522, 302.58, 100, 74232, 73
2026/07/28 22:03:46.558, 302.51, 100, 74232, 73
2026/07/28 22:03:47.594, 302.58, 100, 74232, 73
2026/07/28 22:03:48.630, 303.74, 100, 74232, 73
2026/07/28 22:03:49.668, 299.67, 100, 74232, 73
2026/07/28 22:03:50.706, 295.89, 100, 74232, 72
2026/07/28 22:03:51.745, 295.22, 100, 74232, 72
2026/07/28 22:03:52.782, 294.62, 100, 74232, 72
2026/07/28 22:03:53.820, 298.92, 100, 74232, 73
2026/07/28 22:03:54.867, 297.94, 100, 74232, 73
2026/07/28 22:03:55.904, 303.00, 100, 74232, 73
2026/07/28 22:03:56.941, 303.48, 100, 74232, 73
2026/07/28 22:03:57.978, 303.19, 100, 74232, 73
2026/07/28 22:03:59.015, 305.92, 100, 74232, 73
2026/07/28 22:04:00.050, 300.85, 100, 74232, 73
2026/07/28 22:04:01.088, 303.06, 100, 74232, 72
2026/07/28 22:04:02.127, 303.21, 100, 74232, 72
2026/07/28 22:04:03.164, 291.11, 100, 74232, 72
2026/07/28 22:04:04.202, 292.86, 100, 74232, 72
2026/07/28 22:04:05.238, 295.41, 100, 74232, 72
2026/07/28 22:04:06.274, 296.26, 100, 74232, 73
2026/07/28 22:04:07.312, 298.23, 100, 74232, 73
2026/07/28 22:04:08.351, 295.89, 100, 74232, 73
2026/07/28 22:04:09.388, 299.10, 100, 74232, 73
2026/07/28 22:04:10.427, 305.61, 100, 74232, 73
2026/07/28 22:04:11.465, 302.71, 100, 74232, 73
2026/07/28 22:04:12.501, 303.26, 100, 74232, 73
2026/07/28 22:04:13.539, 301.92, 100, 74232, 73
2026/07/28 22:04:14.576, 302.39, 100, 74232, 73
2026/07/28 22:04:15.613, 302.19, 100, 74232, 73
2026/07/28 22:04:16.652, 304.94, 100, 74232, 73
2026/07/28 22:04:17.690, 302.30, 100, 74232, 72
2026/07/28 22:04:18.727, 301.54, 100, 74232, 72
2026/07/28 22:04:19.766, 296.46, 100, 74232, 72
2026/07/28 22:04:20.803, 295.30, 100, 74232, 73
2026/07/28 22:04:21.839, 294.71, 100, 74232, 72
2026/07/28 22:04:22.875, 302.61, 100, 74232, 73
2026/07/28 22:04:23.912, 302.43, 100, 74232, 73
2026/07/28 22:04:24.950, 304.85, 100, 74232, 73
2026/07/28 22:04:25.988, 302.56, 100, 74232, 73
2026/07/28 22:04:27.026, 302.99, 100, 74232, 73
2026/07/28 22:04:28.065, 304.70, 100, 74232, 73
2026/07/28 22:04:29.103, 293.83, 100, 74232, 72
2026/07/28 22:04:30.139, 291.22, 100, 74232, 72
2026/07/28 22:04:31.177, 291.31, 100, 74232, 72
2026/07/28 22:04:32.214, 302.58, 100, 74232, 73
2026/07/28 22:04:33.250, 300.09, 100, 74232, 72
2026/07/28 22:04:34.286, 302.98, 100, 74232, 73
2026/07/28 22:04:35.322, 346.83, 55, 74232, 74
2026/07/28 22:04:36.357, 291.89, 100, 74232, 74
2026/07/28 22:04:37.395, 307.96, 100, 74232, 74
2026/07/28 22:04:38.432, 292.59, 100, 74232, 74
2026/07/28 22:04:39.468, 303.68, 100, 74232, 74
2026/07/28 22:04:40.503, 276.11, 100, 74232, 74
2026/07/28 22:04:41.537, 306.17, 100, 74232, 74
2026/07/28 22:04:42.575, 302.68, 100, 74232, 73
2026/07/28 22:04:43.613, 301.54, 100, 74232, 73
2026/07/28 22:04:44.650, 298.72, 100, 74232, 73
2026/07/28 22:04:45.688, 295.12, 100, 74232, 73
2026/07/28 22:04:46.726, 302.12, 100, 74232, 73
2026/07/28 22:04:47.762, 302.68, 100, 74232, 73
2026/07/28 22:04:48.800, 303.56, 100, 74232, 73
2026/07/28 22:04:49.837, 302.99, 100, 74232, 73
2026/07/28 22:04:50.878, 303.84, 100, 74232, 73
2026/07/28 22:04:51.915, 303.40, 100, 74232, 73
2026/07/28 22:04:52.951, 294.04, 100, 74232, 73
2026/07/28 22:04:53.988, 295.69, 100, 74232, 73
2026/07/28 22:04:55.025, 296.10, 100, 74232, 73
2026/07/28 22:04:56.062, 296.09, 100, 74232, 73
2026/07/28 22:04:57.100, 296.57, 100, 74232, 73
2026/07/28 22:04:58.138, 295.79, 100, 74232, 73
2026/07/28 22:04:59.174, 294.91, 100, 74232, 73
2026/07/28 22:05:00.213, 297.18, 100, 74232, 73
2026/07/28 22:05:01.250, 295.01, 100, 74232, 73
2026/07/28 22:05:02.289, 295.30, 100, 74232, 73
2026/07/28 22:05:03.325, 295.90, 100, 74232, 73
2026/07/28 22:05:04.363, 303.19, 100, 74232, 73
2026/07/28 22:05:05.400, 301.71, 100, 74232, 73
2026/07/28 22:05:06.438, 302.20, 100, 74232, 73
2026/07/28 22:05:07.475, 302.22, 100, 74232, 73
2026/07/28 22:05:08.512, 303.50, 100, 74232, 73
2026/07/28 22:05:09.549, 302.37, 100, 74232, 73
2026/07/28 22:05:10.587, 303.87, 100, 74232, 73
2026/07/28 22:05:11.624, 304.85, 100, 74232, 73
2026/07/28 22:05:12.664, 299.61, 100, 74232, 73
2026/07/28 22:05:13.701, 298.72, 100, 74232, 73
2026/07/28 22:05:14.737, 303.64, 100, 74232, 73
2026/07/28 22:05:15.779, 302.77, 100, 74232, 73
2026/07/28 22:05:16.816, 295.11, 100, 74232, 73
2026/07/28 22:05:17.859, 295.81, 100, 74232, 73
2026/07/28 22:05:18.897, 295.39, 100, 74232, 73
2026/07/28 22:05:19.934, 301.02, 100, 74232, 73
2026/07/28 22:05:20.971, 296.09, 100, 74232, 73
2026/07/28 22:05:22.009, 303.40, 100, 74232, 73
2026/07/28 22:05:23.046, 295.04, 100, 74232, 73
2026/07/28 22:05:24.084, 295.71, 100, 74232, 73
2026/07/28 22:05:25.124, 296.03, 100, 74232, 73
2026/07/28 22:05:26.162, 295.32, 100, 74232, 73
2026/07/28 22:05:27.203, 302.72, 100, 74232, 73
2026/07/28 22:05:28.243, 300.87, 100, 74232, 73
2026/07/28 22:05:29.281, 303.10, 100, 74232, 73
2026/07/28 22:05:30.317, 302.71, 100, 74232, 73
2026/07/28 22:05:31.355, 300.77, 100, 74232, 73
2026/07/28 22:05:32.392, 299.10, 100, 74232, 73
2026/07/28 22:05:33.430, 303.21, 100, 74232, 73
2026/07/28 22:05:34.468, 303.74, 100, 74232, 73
2026/07/28 22:05:35.510, 302.60, 100, 74232, 73
2026/07/28 22:05:36.548, 294.92, 100, 74232, 73
2026/07/28 22:05:37.584, 295.23, 100, 74232, 73
2026/07/28 22:05:38.622, 295.49, 100, 74232, 73
2026/07/28 22:05:39.659, 298.33, 100, 74232, 73
2026/07/28 22:05:40.697, 294.53, 100, 74232, 73
2026/07/28 22:05:41.735, 296.27, 100, 74232, 73
2026/07/28 22:05:42.772, 294.90, 100, 74232, 73
2026/07/28 22:05:43.809, 295.50, 100, 74232, 73
2026/07/28 22:05:44.849, 295.49, 100, 74232, 73
2026/07/28 22:05:45.888, 305.50, 100, 74232, 73
2026/07/28 22:05:46.926, 302.48, 100, 74232, 73
2026/07/28 22:05:47.964, 302.48, 100, 74232, 73
2026/07/28 22:05:49.002, 302.40, 100, 74232, 73
2026/07/28 22:05:50.039, 301.79, 100, 74232, 73
2026/07/28 22:05:51.076, 303.00, 100, 74232, 73
2026/07/28 22:05:52.112, 299.11, 100, 74232, 73
2026/07/28 22:05:53.150, 295.10, 100, 74232, 73
2026/07/28 22:05:54.187, 303.28, 100, 74232, 73
2026/07/28 22:05:55.224, 302.96, 100, 74232, 73
2026/07/28 22:05:56.261, 295.91, 100, 74232, 73
2026/07/28 22:05:57.302, 294.72, 100, 74232, 73
2026/07/28 22:05:58.339, 296.08, 100, 74232, 73
2026/07/28 22:05:59.377, 294.62, 100, 74232, 73
2026/07/28 22:06:00.415, 295.33, 100, 74232, 73
2026/07/28 22:06:01.452, 294.81, 100, 74232, 73
2026/07/28 22:06:02.490, 294.63, 100, 74232, 73
2026/07/28 22:06:03.528, 294.23, 100, 74232, 73
2026/07/28 22:06:04.564, 296.46, 100, 74232, 73
2026/07/28 22:06:05.601, 294.71, 100, 74232, 73
2026/07/28 22:06:06.638, 296.09, 100, 74232, 73
2026/07/28 22:06:07.675, 295.01, 100, 74232, 73
2026/07/28 22:06:08.712, 296.68, 100, 74232, 73
2026/07/28 22:06:09.749, 294.54, 100, 74232, 73
2026/07/28 22:06:10.785, 294.90, 100, 74232, 73
2026/07/28 22:06:11.823, 296.97, 100, 74232, 73
2026/07/28 22:06:12.864, 291.11, 100, 74232, 73
2026/07/28 22:06:13.902, 297.42, 100, 74232, 73
2026/07/28 22:06:14.939, 295.79, 100, 74232, 73
2026/07/28 22:06:15.977, 300.76, 100, 74232, 73
2026/07/28 22:06:17.014, 295.12, 100, 74232, 73
2026/07/28 22:06:18.055, 295.22, 100, 74232, 73
2026/07/28 22:06:19.091, 299.96, 100, 74232, 73
2026/07/28 22:06:20.128, 295.13, 100, 74232, 73
2026/07/28 22:06:21.167, 295.70, 100, 74232, 73
2026/07/28 22:06:22.204, 298.41, 100, 74232, 73
2026/07/28 22:06:23.245, 294.72, 100, 74232, 73
2026/07/28 22:06:24.283, 301.06, 100, 74232, 73
2026/07/28 22:06:25.320, 299.69, 100, 74232, 73
2026/07/28 22:06:26.358, 302.59, 100, 74232, 73
2026/07/28 22:06:27.394, 297.04, 100, 74232, 73
2026/07/28 22:06:28.429, 302.49, 100, 74232, 73
2026/07/28 22:06:29.465, 303.38, 100, 74232, 73
2026/07/28 22:06:30.501, 303.00, 100, 74232, 73
2026/07/28 22:06:31.537, 304.31, 100, 74232, 73
2026/07/28 22:06:32.573, 302.71, 100, 74232, 73
2026/07/28 22:06:33.609, 302.89, 100, 74232, 73
2026/07/28 22:06:34.646, 301.90, 100, 74232, 73
2026/07/28 22:06:35.683, 302.30, 100, 74232, 73
2026/07/28 22:06:36.719, 303.37, 100, 74232, 73
2026/07/28 22:06:37.761, 305.82, 100, 74232, 73
2026/07/28 22:06:38.799, 295.50, 100, 74232, 73
2026/07/28 22:06:39.836, 294.73, 100, 74232, 73
2026/07/28 22:06:40.875, 295.69, 100, 74232, 73
2026/07/28 22:06:41.913, 295.49, 100, 74232, 73
2026/07/28 22:06:42.949, 295.81, 100, 74232, 73
2026/07/28 22:06:43.986, 294.44, 100, 74232, 73
2026/07/28 22:06:45.022, 294.16, 100, 74232, 73
2026/07/28 22:06:46.058, 296.08, 100, 74232, 73
2026/07/28 22:06:47.095, 295.21, 100, 74232, 73
2026/07/28 22:06:48.134, 295.39, 100, 74232, 73
2026/07/28 22:06:49.170, 294.64, 100, 74232, 73
2026/07/28 22:06:50.206, 302.10, 100, 74232, 73
2026/07/28 22:06:51.243, 298.11, 100, 74232, 73
2026/07/28 22:06:52.279, 291.91, 100, 74232, 72
2026/07/28 22:06:53.316, 294.62, 100, 74232, 73
2026/07/28 22:06:54.352, 294.73, 100, 74232, 73
2026/07/28 22:06:55.390, 305.23, 100, 74232, 73
2026/07/28 22:06:56.427, 302.58, 100, 74232, 73
2026/07/28 22:06:57.466, 304.54, 100, 74232, 73
2026/07/28 22:06:58.502, 302.88, 100, 74232, 73
2026/07/28 22:06:59.539, 302.38, 100, 74232, 73
2026/07/28 22:07:00.574, 303.02, 100, 74232, 73
2026/07/28 22:07:01.611, 305.62, 100, 74232, 73
2026/07/28 22:07:02.648, 305.10, 100, 74232, 73
2026/07/28 22:07:03.685, 302.40, 100, 74232, 73
2026/07/28 22:07:04.722, 304.63, 100, 74232, 73
2026/07/28 22:07:05.758, 302.03, 100, 74232, 73
2026/07/28 22:07:06.797, 295.60, 100, 74232, 73
2026/07/28 22:07:07.834, 291.81, 100, 74232, 72
2026/07/28 22:07:08.870, 294.81, 100, 74232, 72
2026/07/28 22:07:09.907, 300.96, 100, 74232, 73
2026/07/28 22:07:10.946, 302.96, 100, 74232, 73
2026/07/28 22:07:11.983, 304.32, 100, 74232, 73
2026/07/28 22:07:13.019, 303.07, 100, 74232, 73
2026/07/28 22:07:14.055, 302.33, 100, 74232, 73
2026/07/28 22:07:15.092, 302.87, 100, 74232, 73
2026/07/28 22:07:16.128, 301.73, 100, 74232, 73
2026/07/28 22:07:17.163, 295.59, 100, 74232, 73
2026/07/28 22:07:18.202, 303.27, 100, 74232, 73
2026/07/28 22:07:19.239, 294.64, 100, 74232, 73
2026/07/28 22:07:20.277, 297.23, 100, 74232, 72
2026/07/28 22:07:21.314, 291.62, 100, 74232, 72
2026/07/28 22:07:22.350, 296.75, 100, 74232, 72
2026/07/28 22:07:23.386, 298.33, 100, 74232, 73
2026/07/28 22:07:24.423, 294.74, 100, 74232, 73
2026/07/28 22:07:25.459, 296.57, 100, 74232, 73
2026/07/28 22:07:26.496, 302.41, 100, 74232, 73
2026/07/28 22:07:27.532, 303.46, 100, 74232, 73
2026/07/28 22:07:28.571, 299.50, 100, 74232, 72
2026/07/28 22:07:29.607, 294.53, 100, 74232, 73
2026/07/28 22:07:30.643, 296.09, 100, 74232, 73
2026/07/28 22:07:31.679, 301.35, 100, 74232, 73
2026/07/28 22:07:32.714, 303.94, 100, 74232, 73
2026/07/28 22:07:33.750, 302.68, 100, 74232, 73
2026/07/28 22:07:34.786, 304.64, 100, 74232, 73
2026/07/28 22:07:35.823, 302.58, 100, 74232, 73
2026/07/28 22:07:36.861, 301.72, 100, 74232, 73
2026/07/28 22:07:37.898, 302.51, 100, 74232, 73
2026/07/28 22:07:38.936, 303.09, 100, 74232, 73
2026/07/28 22:07:39.973, 303.07, 100, 74232, 73
2026/07/28 22:07:41.010, 303.68, 100, 74232, 73
2026/07/28 22:07:42.046, 302.57, 100, 74232, 73
2026/07/28 22:07:43.083, 296.75, 100, 74232, 73
2026/07/28 22:07:44.120, 302.96, 100, 74232, 73
2026/07/28 22:07:45.156, 303.96, 100, 74232, 73
2026/07/28 22:07:46.193, 302.77, 100, 74232, 73
2026/07/28 22:07:47.230, 303.68, 100, 74232, 73
2026/07/28 22:07:48.267, 301.92, 100, 74232, 73
2026/07/28 22:07:49.303, 304.09, 100, 74232, 73
2026/07/28 22:07:50.340, 295.68, 100, 74232, 72
2026/07/28 22:07:51.377, 292.00, 100, 74232, 72
2026/07/28 22:07:52.417, 291.61, 100, 74232, 72
2026/07/28 22:07:53.454, 296.08, 100, 74232, 72
2026/07/28 22:07:54.490, 295.51, 100, 74232, 72
2026/07/28 22:07:55.527, 295.01, 100, 74232, 72
2026/07/28 22:07:56.564, 295.30, 100, 74232, 73
2026/07/28 22:07:57.602, 300.47, 100, 74232, 73
2026/07/28 22:07:58.641, 298.13, 100, 74232, 72
2026/07/28 22:07:59.681, 99.22, 81, 74232, 70
2026/07/28 22:08:00.784, 96.39, 0, 74232, 69
2026/07/28 22:08:01.817, 95.78, 0, 74232, 68
2026/07/28 22:08:02.847, 95.97, 0, 74232, 67
2026/07/28 22:08:03.881, 93.53, 0, 74232, 67
2026/07/28 22:08:04.912, 93.51, 0, 74232, 66
2026/07/28 22:08:05.943, 93.09, 0, 74232, 66
2026/07/28 22:08:06.976, 93.29, 0, 74232, 65
2026/07/28 22:08:08.006, 92.90, 0, 74232, 65
2026/07/28 22:08:09.036, 91.31, 0, 74232, 64
2026/07/28 22:08:10.067, 91.75, 0, 74232, 64
2026/07/28 22:08:11.099, 91.27, 0, 74232, 64
2026/07/28 22:08:12.130, 91.08, 0, 74232, 63
2026/07/28 22:08:13.161, 90.38, 0, 74232, 63
2026/07/28 22:08:14.192, 89.90, 0, 74232, 63
2026/07/28 22:08:15.222, 89.69, 0, 74232, 62
2026/07/28 22:08:16.254, 88.18, 0, 74232, 62
2026/07/28 22:08:17.284, 88.70, 0, 74232, 62
2026/07/28 22:08:18.315, 88.70, 0, 74232, 61
2026/07/28 22:08:19.345, 87.39, 0, 74232, 61
2026/07/28 22:08:20.377, 88.05, 0, 74232, 61
2026/07/28 22:08:21.408, 87.02, 0, 74232, 61
2026/07/28 22:08:22.438, 86.38, 0, 74232, 60
2026/07/28 22:08:23.469, 86.56, 0, 74232, 60
2026/07/28 22:08:24.502, 292.89, 100, 74232, 65
2026/07/28 22:08:25.538, 308.36, 100, 74232, 66
2026/07/28 22:08:26.571, 317.51, 100, 74232, 66
2026/07/28 22:08:27.605, 300.15, 100, 74232, 66
2026/07/28 22:08:28.638, 304.89, 100, 74232, 65
2026/07/28 22:08:29.674, 298.98, 100, 74232, 65
2026/07/28 22:08:30.712, 298.91, 100, 74232, 65
2026/07/28 22:08:31.748, 299.86, 100, 74232, 66
2026/07/28 22:08:32.784, 300.26, 100, 74232, 66
2026/07/28 22:08:33.821, 293.36, 100, 74232, 66
2026/07/28 22:08:34.857, 290.24, 100, 74232, 66
2026/07/28 22:08:35.896, 294.91, 100, 74232, 67
2026/07/28 22:08:36.932, 299.65, 100, 74232, 68
2026/07/28 22:08:37.968, 306.00, 100, 74232, 69
2026/07/28 22:08:39.003, 305.85, 100, 74232, 69
2026/07/28 22:08:40.036, 308.91, 100, 74232, 69
2026/07/28 22:08:41.069, 296.05, 100, 74232, 70
2026/07/28 22:08:42.105, 302.48, 100, 74232, 68
2026/07/28 22:08:43.141, 302.81, 100, 74232, 68
2026/07/28 22:08:44.178, 296.57, 100, 74232, 68
2026/07/28 22:08:45.215, 301.73, 100, 74232, 69
2026/07/28 22:08:46.252, 291.51, 100, 74232, 70
2026/07/28 22:08:47.293, 299.66, 100, 74232, 70
2026/07/28 22:08:48.327, 308.78, 100, 74232, 71
2026/07/28 22:08:49.362, 291.21, 100, 74232, 71
2026/07/28 22:08:50.403, 299.41, 100, 74232, 69
2026/07/28 22:08:51.440, 293.86, 100, 74232, 69
2026/07/28 22:08:52.483, 290.15, 100, 74232, 69
2026/07/28 22:08:53.520, 284.92, 100, 74232, 71
2026/07/28 22:08:54.557, 296.81, 100, 74232, 72
2026/07/28 22:08:55.592, 300.87, 100, 74232, 72
2026/07/28 22:08:56.629, 300.07, 100, 74232, 72
2026/07/28 22:08:57.664, 317.26, 100, 74232, 72
2026/07/28 22:08:58.699, 306.95, 100, 74232, 71
2026/07/28 22:08:59.736, 305.67, 100, 74232, 71
2026/07/28 22:09:00.772, 306.61, 100, 74232, 71
2026/07/28 22:09:01.810, 300.49, 100, 74232, 71
2026/07/28 22:09:02.848, 299.87, 100, 74232, 71
2026/07/28 22:09:03.887, 301.17, 100, 74232, 71
2026/07/28 22:09:04.925, 301.52, 100, 74232, 71
2026/07/28 22:09:05.962, 301.11, 100, 74232, 71
2026/07/28 22:09:06.999, 300.97, 100, 74232, 71
2026/07/28 22:09:08.036, 296.19, 100, 74232, 72
2026/07/28 22:09:09.075, 300.15, 100, 74232, 72
2026/07/28 22:09:10.112, 300.95, 100, 74232, 72
2026/07/28 22:09:11.149, 303.67, 100, 74232, 72
2026/07/28 22:09:12.186, 300.07, 100, 74232, 72
2026/07/28 22:09:13.224, 299.76, 100, 74232, 72
2026/07/28 22:09:14.262, 296.67, 100, 74232, 72
2026/07/28 22:09:15.300, 290.53, 100, 74232, 72
2026/07/28 22:09:16.340, 293.95, 100, 74232, 72
2026/07/28 22:09:17.377, 293.17, 100, 74232, 72
2026/07/28 22:09:18.414, 293.44, 100, 74232, 72
2026/07/28 22:09:19.451, 293.75, 100, 74232, 72
2026/07/28 22:09:20.487, 300.65, 100, 74232, 72
2026/07/28 22:09:21.523, 303.17, 100, 74232, 72
2026/07/28 22:09:22.559, 300.25, 100, 74232, 72
2026/07/28 22:09:23.596, 300.55, 100, 74232, 72
2026/07/28 22:09:24.631, 301.25, 100, 74232, 72
2026/07/28 22:09:25.673, 301.33, 100, 74232, 72
2026/07/28 22:09:26.709, 294.75, 100, 74232, 72
2026/07/28 22:09:27.747, 293.36, 100, 74232, 72
2026/07/28 22:09:28.783, 292.79, 100, 74232, 72
2026/07/28 22:09:29.831, 289.94, 100, 74232, 72
2026/07/28 22:09:30.874, 293.58, 100, 74232, 72
2026/07/28 22:09:31.911, 294.13, 100, 74232, 72
2026/07/28 22:09:32.951, 293.07, 100, 74232, 72
2026/07/28 22:09:33.987, 296.17, 100, 74232, 72
2026/07/28 22:09:35.022, 300.09, 100, 74232, 72
2026/07/28 22:09:36.059, 298.23, 100, 74232, 72
2026/07/28 22:09:37.095, 301.54, 100, 74232, 74
2026/07/28 22:09:38.129, 292.50, 100, 74232, 74
2026/07/28 22:09:39.164, 281.23, 100, 74232, 74
2026/07/28 22:09:40.197, 297.15, 100, 74232, 74
2026/07/28 22:09:41.230, 313.61, 100, 74232, 74
2026/07/28 22:09:42.262, 295.99, 100, 74232, 72
2026/07/28 22:09:43.299, 300.09, 100, 74232, 72
2026/07/28 22:09:44.335, 291.11, 100, 74232, 72
2026/07/28 22:09:45.373, 301.14, 100, 74232, 72
2026/07/28 22:09:46.409, 301.65, 100, 74232, 72
2026/07/28 22:09:47.447, 295.39, 79, 74232, 74
2026/07/28 22:09:48.483, 299.49, 100, 74232, 74
2026/07/28 22:09:49.517, 297.44, 100, 74232, 74
2026/07/28 22:09:50.550, 272.23, 100, 74232, 74
2026/07/28 22:09:51.583, 312.01, 100, 74232, 74
2026/07/28 22:09:52.616, 286.45, 100, 74232, 72
2026/07/28 22:09:53.651, 290.13, 100, 74232, 72
2026/07/28 22:09:54.691, 293.16, 100, 74232, 72
2026/07/28 22:09:55.727, 295.00, 100, 74232, 74
2026/07/28 22:09:56.762, 297.45, 100, 74232, 74
2026/07/28 22:09:57.795, 306.19, 100, 74232, 74
2026/07/28 22:09:58.829, 296.94, 100, 74232, 75
2026/07/28 22:09:59.864, 262.51, 100, 74232, 74
2026/07/28 22:10:00.910, 291.43, 100, 74232, 73
2026/07/28 22:10:01.948, 287.01, 100, 74232, 73
2026/07/28 22:10:02.984, 294.72, 100, 74232, 73
2026/07/28 22:10:04.022, 303.26, 100, 74232, 73
2026/07/28 22:10:05.057, 302.68, 100, 74232, 73
2026/07/28 22:10:06.094, 298.80, 100, 74232, 73
2026/07/28 22:10:07.130, 303.45, 100, 74232, 73
2026/07/28 22:10:08.167, 303.55, 100, 74232, 73
2026/07/28 22:10:09.203, 303.49, 100, 74232, 74
2026/07/28 22:10:10.241, 303.95, 100, 74232, 74
2026/07/28 22:10:11.277, 303.88, 100, 74232, 74
2026/07/28 22:10:12.313, 303.35, 100, 74232, 74
2026/07/28 22:10:13.348, 303.94, 100, 74232, 74
2026/07/28 22:10:14.387, 305.26, 100, 74232, 74
2026/07/28 22:10:15.423, 303.36, 100, 74232, 74
2026/07/28 22:10:16.459, 303.21, 100, 74232, 74
2026/07/28 22:10:17.495, 304.94, 100, 74232, 74
2026/07/28 22:10:18.532, 303.16, 100, 74232, 74
2026/07/28 22:10:19.569, 299.66, 100, 74232, 73
2026/07/28 22:10:20.603, 302.23, 100, 74232, 75
2026/07/28 22:10:21.695, 295.76, 100, 74232, 75
2026/07/28 22:10:22.730, 282.67, 100, 74232, 75
2026/07/28 22:10:23.767, 293.92, 100, 74232, 75
2026/07/28 22:10:24.802, 299.79, 100, 74232, 75
2026/07/28 22:10:25.837, 290.35, 100, 74232, 73
2026/07/28 22:10:26.877, 292.77, 100, 74232, 73
2026/07/28 22:10:27.917, 296.19, 100, 74232, 73
2026/07/28 22:10:28.954, 303.06, 100, 74232, 73
2026/07/28 22:10:29.993, 100.32, 100, 74232, 71
2026/07/28 22:10:31.025, 299.30, 100, 74232, 74
2026/07/28 22:10:32.061, 300.78, 100, 74232, 75
2026/07/28 22:10:33.097, 301.91, 100, 74232, 74
2026/07/28 22:10:34.131, 295.78, 100, 74232, 75
2026/07/28 22:10:35.165, 290.52, 100, 74232, 75
2026/07/28 22:10:36.200, 308.29, 100, 74232, 74
2026/07/28 22:10:37.238, 287.70, 100, 74232, 73
2026/07/28 22:10:38.276, 291.40, 100, 74232, 73
2026/07/28 22:10:39.312, 294.54, 100, 74232, 73
2026/07/28 22:10:40.349, 297.23, 100, 74232, 73
2026/07/28 22:10:41.387, 302.50, 100, 74232, 73
2026/07/28 22:10:42.424, 297.95, 100, 74232, 73
2026/07/28 22:10:43.462, 298.39, 100, 74232, 73
2026/07/28 22:10:44.499, 298.99, 100, 74232, 73
2026/07/28 22:10:45.536, 100.66, 0, 74232, 71
2026/07/28 22:10:46.568, 301.82, 100, 74232, 75
2026/07/28 22:10:47.604, 298.42, 100, 74232, 75
2026/07/28 22:10:48.638, 300.05, 100, 74232, 75
2026/07/28 22:10:49.672, 318.59, 100, 74232, 75
2026/07/28 22:10:50.711, 314.98, 100, 74232, 75
2026/07/28 22:10:51.746, 301.64, 100, 74232, 73
2026/07/28 22:10:52.784, 294.82, 100, 74232, 73
2026/07/28 22:10:53.821, 294.84, 100, 74232, 73
2026/07/28 22:10:54.858, 300.28, 100, 74232, 73
2026/07/28 22:10:55.895, 305.36, 100, 74232, 75
2026/07/28 22:10:56.973, 300.26, 100, 74232, 75
2026/07/28 22:10:58.009, 290.35, 100, 74232, 75
2026/07/28 22:10:59.044, 305.52, 100, 74232, 75
2026/07/28 22:11:00.080, 269.63, 100, 74232, 75
2026/07/28 22:11:01.115, 267.46, 100, 74232, 75
2026/07/28 22:11:02.155, 302.76, 100, 74232, 74
2026/07/28 22:11:03.192, 303.88, 100, 74232, 74
2026/07/28 22:11:04.228, 304.26, 100, 74232, 74
2026/07/28 22:11:05.266, 303.28, 100, 74232, 74
2026/07/28 22:11:06.305, 305.14, 100, 74232, 74
2026/07/28 22:11:07.342, 299.39, 100, 74232, 74
2026/07/28 22:11:08.380, 298.82, 100, 74232, 74
2026/07/28 22:11:09.418, 298.87, 100, 74232, 74
2026/07/28 22:11:10.454, 296.93, 100, 74232, 74
2026/07/28 22:11:11.490, 299.31, 100, 74232, 74
2026/07/28 22:11:12.527, 297.65, 100, 74232, 74
2026/07/28 22:11:13.565, 299.77, 100, 74232, 74
2026/07/28 22:11:14.601, 99.21, 6, 74232, 71
2026/07/28 22:11:15.633, 99.93, 0, 74232, 70
2026/07/28 22:11:16.664, 99.15, 0, 74232, 70
2026/07/28 22:11:17.694, 98.09, 0, 74232, 69
2026/07/28 22:11:18.725, 97.30, 0, 74232, 68
2026/07/28 22:11:19.757, 95.36, 0, 74232, 68
2026/07/28 22:11:20.787, 94.57, 0, 74232, 67
2026/07/28 22:11:21.818, 95.20, 0, 74232, 67
2026/07/28 22:11:22.850, 94.26, 0, 74232, 66
2026/07/28 22:11:23.881, 93.54, 0, 74232, 66
2026/07/28 22:11:24.913, 92.36, 0, 74232, 65
2026/07/28 22:11:25.947, 91.79, 0, 74232, 65
2026/07/28 22:11:26.977, 90.93, 0, 74232, 64
2026/07/28 22:11:28.007, 90.75, 0, 74232, 64
2026/07/28 22:11:29.039, 89.99, 0, 74232, 64
2026/07/28 22:11:30.069, 89.99, 0, 74232, 63
2026/07/28 22:11:31.099, 90.41, 0, 74232, 63
2026/07/28 22:11:32.130, 89.30, 0, 74232, 63
2026/07/28 22:11:33.163, 89.80, 0, 74232, 62
2026/07/28 22:11:34.194, 89.69, 0, 74232, 62
2026/07/28 22:11:35.224, 89.12, 0, 74232, 62
2026/07/28 22:11:36.254, 88.03, 0, 74232, 62
2026/07/28 22:11:37.284, 87.52, 0, 74232, 61
2026/07/28 22:11:38.314, 88.71, 0, 74232, 61
2026/07/28 22:11:39.344, 87.04, 0, 74232, 61
2026/07/28 22:11:40.375, 87.75, 0, 74232, 61
2026/07/28 22:11:41.408, 86.75, 0, 74232, 60
2026/07/28 22:11:42.438, 86.43, 0, 74232, 60
2026/07/28 22:11:43.468, 85.98, 0, 74232, 60
2026/07/28 22:11:44.499, 85.84, 0, 74232, 60
2026/07/28 22:11:45.531, 85.56, 0, 74232, 59
2026/07/28 22:11:46.561, 86.35, 0, 74232, 59
2026/07/28 22:11:47.591, 304.96, 56, 74232, 64
2026/07/28 22:11:48.625, 287.24, 100, 74232, 65
2026/07/28 22:11:49.675, 288.88, 100, 74232, 65
2026/07/28 22:11:50.712, 300.32, 100, 74232, 65
2026/07/28 22:11:51.750, 316.33, 100, 74232, 66
2026/07/28 22:11:52.785, 305.09, 100, 74232, 64
2026/07/28 22:11:53.821, 306.68, 100, 74232, 65
2026/07/28 22:11:54.859, 306.43, 100, 74232, 65
2026/07/28 22:11:55.896, 299.30, 100, 74232, 65
2026/07/28 22:11:56.932, 298.53, 100, 74232, 65
2026/07/28 22:11:57.968, 299.30, 100, 74232, 66
2026/07/28 22:11:59.004, 301.94, 100, 74232, 66
2026/07/28 22:12:00.041, 300.17, 100, 74232, 66
2026/07/28 22:12:01.076, 293.96, 100, 74232, 68
2026/07/28 22:12:02.111, 295.67, 100, 74232, 68
2026/07/28 22:12:03.145, 304.43, 100, 74232, 69
2026/07/28 22:12:04.178, 307.03, 100, 74232, 69
2026/07/28 22:12:05.212, 275.70, 100, 74232, 67
2026/07/28 22:12:06.249, 284.69, 100, 74232, 67
2026/07/28 22:12:07.286, 290.43, 100, 74232, 67
2026/07/28 22:12:08.324, 295.59, 100, 74232, 68
2026/07/28 22:12:09.359, 296.37, 100, 74232, 68
2026/07/28 22:12:10.399, 266.44, 100, 74232, 69
2026/07/28 22:12:11.433, 295.48, 100, 74232, 70
2026/07/28 22:12:12.465, 309.78, 100, 74232, 70
2026/07/28 22:12:13.498, 282.35, 100, 74232, 71
2026/07/28 22:12:14.538, 304.92, 100, 74232, 71
2026/07/28 22:12:15.571, 304.64, 100, 74232, 69
2026/07/28 22:12:16.607, 304.46, 100, 74232, 69
2026/07/28 22:12:17.643, 303.47, 100, 74232, 69
2026/07/28 22:12:18.677, 305.15, 100, 74232, 70
2026/07/28 22:12:19.713, 305.82, 100, 74232, 72
2026/07/28 22:12:20.746, 310.59, 100, 74232, 72
2026/07/28 22:12:21.778, 290.44, 100, 74232, 72
2026/07/28 22:12:22.811, 287.82, 100, 74232, 72
2026/07/28 22:12:23.846, 309.79, 100, 74232, 72
2026/07/28 22:12:24.882, 305.55, 100, 74232, 70
2026/07/28 22:12:25.919, 300.09, 100, 74232, 70
2026/07/28 22:12:26.956, 300.68, 100, 74232, 71
2026/07/28 22:12:27.992, 299.77, 100, 74232, 71
2026/07/28 22:12:29.030, 300.83, 100, 74232, 71
2026/07/28 22:12:30.067, 300.17, 100, 74232, 71
2026/07/28 22:12:31.106, 299.50, 100, 74232, 71
2026/07/28 22:12:32.145, 300.66, 100, 74232, 71
2026/07/28 22:12:33.182, 298.40, 100, 74232, 73
2026/07/28 22:12:34.217, 291.10, 100, 74232, 73
2026/07/28 22:12:35.253, 293.73, 100, 74232, 73
2026/07/28 22:12:36.288, 299.00, 100, 74232, 73
2026/07/28 22:12:37.322, 271.57, 100, 74232, 74
2026/07/28 22:12:38.362, 286.15, 100, 74232, 73
2026/07/28 22:12:39.395, 302.20, 100, 74232, 72
2026/07/28 22:12:40.432, 302.21, 100, 74232, 72
2026/07/28 22:12:41.469, 301.89, 100, 74232, 72
2026/07/28 22:12:42.506, 301.84, 100, 74232, 72
2026/07/28 22:12:43.542, 303.07, 100, 74232, 72
2026/07/28 22:12:44.580, 302.81, 100, 74232, 72
2026/07/28 22:12:45.616, 307.10, 100, 74232, 74
2026/07/28 22:12:46.652, 299.21, 100, 74232, 74
2026/07/28 22:12:47.696, 290.55, 100, 74232, 74
2026/07/28 22:12:48.730, 295.90, 100, 74232, 74
2026/07/28 22:12:49.764, 272.47, 100, 74232, 74
2026/07/28 22:12:50.798, 317.46, 100, 74232, 74
2026/07/28 22:12:51.833, 302.39, 100, 74232, 73
2026/07/28 22:12:52.870, 302.34, 100, 74232, 73
2026/07/28 22:12:53.907, 301.54, 100, 74232, 73
2026/07/28 22:12:54.946, 296.79, 100, 74232, 74
2026/07/28 22:12:55.980, 300.77, 100, 74232, 74
2026/07/28 22:12:57.016, 317.10, 100, 74232, 75
2026/07/28 22:12:58.051, 292.58, 100, 74232, 74
2026/07/28 22:12:59.085, 293.65, 100, 74232, 75
2026/07/28 22:13:00.120, 302.72, 100, 74232, 75
2026/07/28 22:13:01.154, 285.96, 100, 74232, 73
2026/07/28 22:13:02.194, 284.66, 100, 74232, 73
2026/07/28 22:13:03.231, 289.27, 100, 74232, 73
2026/07/28 22:13:04.269, 284.63, 100, 74232, 73
2026/07/28 22:13:05.307, 289.57, 100, 74232, 73
2026/07/28 22:13:06.343, 287.90, 100, 74232, 73
2026/07/28 22:13:07.382, 292.68, 100, 74232, 73
2026/07/28 22:13:08.418, 291.91, 100, 74232, 73
2026/07/28 22:13:09.458, 295.12, 100, 74232, 73
2026/07/28 22:13:10.494, 295.69, 100, 74232, 74
2026/07/28 22:13:11.529, 296.58, 100, 74232, 74
2026/07/28 22:13:12.565, 296.74, 100, 74232, 74
2026/07/28 22:13:13.604, 297.64, 100, 74232, 74
2026/07/28 22:13:14.641, 303.29, 100, 74232, 74
2026/07/28 22:13:15.677, 302.60, 100, 74232, 74
2026/07/28 22:13:16.715, 304.55, 100, 74232, 74
2026/07/28 22:13:17.751, 303.88, 100, 74232, 74
2026/07/28 22:13:18.788, 98.62, 100, 74232, 71
2026/07/28 22:13:19.820, 308.51, 100, 74232, 75
2026/07/28 22:13:20.855, 293.74, 100, 74232, 75
2026/07/28 22:13:21.889, 291.89, 100, 74232, 75
2026/07/28 22:13:22.926, 310.51, 100, 74232, 75
2026/07/28 22:13:23.961, 304.47, 100, 74232, 75
2026/07/28 22:13:24.996, 309.37, 100, 74232, 75
2026/07/28 22:13:26.032, 302.88, 100, 74232, 73
2026/07/28 22:13:27.068, 303.26, 100, 74232, 73
2026/07/28 22:13:28.105, 302.78, 100, 74232, 73
2026/07/28 22:13:29.142, 297.27, 100, 74232, 75
2026/07/28 22:13:30.177, 285.83, 100, 74232, 75
2026/07/28 22:13:31.211, 309.21, 100, 74232, 75
2026/07/28 22:13:32.245, 296.74, 100, 74232, 75
2026/07/28 22:13:33.280, 263.55, 100, 74232, 75
2026/07/28 22:13:34.319, 281.18, 100, 74232, 75
2026/07/28 22:13:35.355, 303.08, 100, 74232, 74
2026/07/28 22:13:36.392, 303.68, 100, 74232, 74
2026/07/28 22:13:37.428, 303.84, 100, 74232, 74
2026/07/28 22:13:38.465, 303.17, 100, 74232, 74
2026/07/28 22:13:39.501, 303.68, 100, 74232, 74
2026/07/28 22:13:40.540, 304.62, 100, 74232, 74
2026/07/28 22:13:41.577, 297.75, 100, 74232, 74
2026/07/28 22:13:42.615, 296.48, 100, 74232, 74
2026/07/28 22:13:43.652, 298.13, 100, 74232, 74
2026/07/28 22:13:44.689, 296.57, 100, 74232, 74
2026/07/28 22:13:45.726, 296.18, 100, 74232, 74
2026/07/28 22:13:46.762, 296.95, 100, 74232, 74
2026/07/28 22:13:47.799, 296.18, 100, 74232, 74
2026/07/28 22:13:48.836, 297.84, 100, 74232, 74
2026/07/28 22:13:49.874, 296.38, 100, 74232, 74
2026/07/28 22:13:50.910, 297.73, 100, 74232, 74
2026/07/28 22:13:51.950, 296.78, 100, 74232, 73
2026/07/28 22:13:52.986, 299.70, 100, 74232, 73
2026/07/28 22:13:54.023, 293.65, 100, 74232, 73
2026/07/28 22:13:55.060, 295.60, 100, 74232, 74
2026/07/28 22:13:56.098, 295.28, 100, 74232, 74
2026/07/28 22:13:57.135, 301.21, 100, 74232, 73
2026/07/28 22:13:58.171, 295.79, 100, 74232, 73
2026/07/28 22:13:59.211, 295.88, 100, 74232, 73
2026/07/28 22:14:00.250, 303.92, 100, 74232, 73
2026/07/28 22:14:01.288, 303.85, 100, 74232, 73
2026/07/28 22:14:02.325, 295.79, 100, 74232, 73
2026/07/28 22:14:03.365, 299.88, 100, 74232, 73
2026/07/28 22:14:04.402, 297.36, 100, 74232, 73
2026/07/28 22:14:05.439, 297.65, 100, 74232, 73
2026/07/28 22:14:06.475, 303.24, 100, 74232, 73
2026/07/28 22:14:07.512, 303.36, 100, 74232, 73
2026/07/28 22:14:08.549, 304.45, 100, 74232, 73
2026/07/28 22:14:09.586, 303.25, 100, 74232, 73
2026/07/28 22:14:10.623, 302.49, 100, 74232, 73
2026/07/28 22:14:11.661, 303.02, 100, 74232, 73
2026/07/28 22:14:12.703, 302.62, 100, 74232, 73
2026/07/28 22:14:13.740, 295.60, 100, 74232, 73
2026/07/28 22:14:14.777, 302.10, 100, 74232, 73
2026/07/28 22:14:15.821, 296.21, 100, 74232, 73
2026/07/28 22:14:16.857, 296.18, 100, 74232, 73
2026/07/28 22:14:17.894, 292.11, 100, 74232, 73
2026/07/28 22:14:18.934, 296.19, 100, 74232, 73
2026/07/28 22:14:19.970, 295.50, 100, 74232, 73
2026/07/28 22:14:21.007, 297.27, 100, 74232, 73
2026/07/28 22:14:22.043, 295.70, 100, 74232, 73
2026/07/28 22:14:23.080, 296.56, 100, 74232, 73
2026/07/28 22:14:24.116, 294.91, 100, 74232, 73
2026/07/28 22:14:25.154, 294.62, 100, 74232, 73
2026/07/28 22:14:26.190, 295.98, 100, 74232, 73
2026/07/28 22:14:27.229, 295.31, 100, 74232, 73
2026/07/28 22:14:28.266, 298.32, 100, 74232, 73
2026/07/28 22:14:29.302, 295.12, 100, 74232, 73
2026/07/28 22:14:30.337, 300.25, 100, 74232, 73
2026/07/28 22:14:31.373, 303.39, 100, 74232, 73
2026/07/28 22:14:32.409, 303.64, 100, 74232, 73
2026/07/28 22:14:33.444, 303.16, 100, 74232, 73
2026/07/28 22:14:34.481, 303.10, 100, 74232, 73
2026/07/28 22:14:35.518, 303.09, 100, 74232, 73
2026/07/28 22:14:36.557, 296.67, 100, 74232, 73
2026/07/28 22:14:37.593, 295.97, 100, 74232, 73
2026/07/28 22:14:38.631, 292.27, 100, 74232, 73
2026/07/28 22:14:39.668, 296.09, 100, 74232, 73
2026/07/28 22:14:40.704, 295.98, 100, 74232, 73
2026/07/28 22:14:41.741, 296.48, 100, 74232, 73
2026/07/28 22:14:42.777, 302.30, 100, 74232, 73
2026/07/28 22:14:43.814, 296.67, 100, 74232, 73
2026/07/28 22:14:44.850, 294.93, 100, 74232, 73
2026/07/28 22:14:45.890, 295.51, 100, 74232, 73
2026/07/28 22:14:46.930, 299.20, 100, 74232, 73
2026/07/28 22:14:47.966, 304.36, 100, 74232, 73
2026/07/28 22:14:49.004, 302.23, 100, 74232, 73
2026/07/28 22:14:50.040, 304.07, 100, 74232, 73
2026/07/28 22:14:51.077, 302.77, 100, 74232, 73
2026/07/28 22:14:52.113, 302.98, 100, 74232, 73
2026/07/28 22:14:53.149, 303.19, 100, 74232, 73
2026/07/28 22:14:54.185, 299.40, 100, 74232, 73
2026/07/28 22:14:55.225, 296.78, 100, 74232, 73
2026/07/28 22:14:56.263, 295.60, 100, 74232, 73
2026/07/28 22:14:57.299, 295.02, 100, 74232, 73
2026/07/28 22:14:58.338, 295.22, 100, 74232, 73
2026/07/28 22:14:59.375, 291.71, 100, 74232, 73
2026/07/28 22:15:00.412, 296.36, 100, 74232, 73
2026/07/28 22:15:01.450, 295.88, 100, 74232, 73
2026/07/28 22:15:02.487, 300.85, 100, 74232, 73
2026/07/28 22:15:03.524, 297.93, 100, 74232, 73
2026/07/28 22:15:04.561, 302.41, 100, 74232, 73
2026/07/28 22:15:05.598, 303.39, 100, 74232, 73
2026/07/28 22:15:06.636, 302.89, 100, 74232, 73
2026/07/28 22:15:07.674, 304.32, 100, 74232, 73
2026/07/28 22:15:08.711, 302.32, 100, 74232, 73
2026/07/28 22:15:09.747, 304.36, 100, 74232, 73
2026/07/28 22:15:10.783, 302.89, 100, 74232, 73
2026/07/28 22:15:11.820, 303.89, 100, 74232, 73
2026/07/28 22:15:12.855, 296.55, 100, 74232, 73
2026/07/28 22:15:13.893, 295.31, 100, 74232, 73
2026/07/28 22:15:14.932, 296.48, 100, 74232, 73
2026/07/28 22:15:15.969, 291.61, 100, 74232, 73
2026/07/28 22:15:17.006, 295.22, 100, 74232, 73
2026/07/28 22:15:18.045, 291.79, 100, 74232, 73
2026/07/28 22:15:19.081, 291.71, 100, 74232, 73
2026/07/28 22:15:20.126, 294.55, 100, 74232, 73
2026/07/28 22:15:21.163, 302.62, 100, 74232, 73
2026/07/28 22:15:22.200, 295.79, 100, 74232, 73
2026/07/28 22:15:23.238, 303.68, 100, 74232, 73
2026/07/28 22:15:24.275, 302.23, 100, 74232, 73
2026/07/28 22:15:25.313, 303.64, 100, 74232, 73
2026/07/28 22:15:26.350, 295.41, 100, 74232, 73
2026/07/28 22:15:27.387, 296.55, 100, 74232, 73
2026/07/28 22:15:28.427, 296.87, 100, 74232, 73
2026/07/28 22:15:29.464, 294.04, 100, 74232, 73
2026/07/28 22:15:30.502, 292.78, 100, 74232, 73
2026/07/28 22:15:31.540, 295.59, 100, 74232, 73
2026/07/28 22:15:32.582, 300.57, 100, 74232, 73
2026/07/28 22:15:33.618, 295.03, 100, 74232, 73
2026/07/28 22:15:34.655, 295.51, 100, 74232, 73
2026/07/28 22:15:35.692, 302.03, 100, 74232, 73
2026/07/28 22:15:36.729, 302.14, 100, 74232, 73
2026/07/28 22:15:37.766, 303.15, 100, 74232, 73
2026/07/28 22:15:38.803, 304.75, 100, 74232, 73
2026/07/28 22:15:39.840, 291.62, 100, 74232, 73
2026/07/28 22:15:40.878, 296.76, 100, 74232, 73
2026/07/28 22:15:41.917, 291.13, 100, 74232, 73
2026/07/28 22:15:42.954, 294.90, 100, 74232, 73
2026/07/28 22:15:43.991, 292.08, 100, 74232, 73
2026/07/28 22:15:45.028, 295.63, 100, 74232, 73
2026/07/28 22:15:46.066, 294.43, 100, 74232, 73
2026/07/28 22:15:47.104, 302.30, 100, 74232, 73
2026/07/28 22:15:48.142, 303.19, 100, 74232, 73
2026/07/28 22:15:49.179, 298.91, 100, 74232, 73
2026/07/28 22:15:50.215, 303.74, 100, 74232, 73
2026/07/28 22:15:51.250, 300.48, 100, 74232, 73
2026/07/28 22:15:52.286, 294.63, 100, 74232, 73
2026/07/28 22:15:53.324, 295.20, 100, 74232, 73
2026/07/28 22:15:54.361, 295.02, 100, 74232, 73
2026/07/28 22:15:55.398, 292.97, 100, 74232, 73
2026/07/28 22:15:56.435, 303.46, 100, 74232, 73
2026/07/28 22:15:57.471, 305.01, 100, 74232, 73
2026/07/28 22:15:58.507, 302.52, 100, 74232, 73
2026/07/28 22:15:59.544, 302.30, 100, 74232, 73
2026/07/28 22:16:00.581, 303.00, 100, 74232, 73
2026/07/28 22:16:01.618, 303.49, 100, 74232, 73
2026/07/28 22:16:02.655, 295.80, 100, 74232, 73
2026/07/28 22:16:03.691, 295.80, 100, 74232, 73
2026/07/28 22:16:04.728, 295.41, 100, 74232, 73
2026/07/28 22:16:05.765, 294.71, 100, 74232, 73
2026/07/28 22:16:06.801, 295.30, 100, 74232, 73
2026/07/28 22:16:07.838, 297.64, 100, 74232, 73
2026/07/28 22:16:08.876, 296.08, 100, 74232, 73
2026/07/28 22:16:09.913, 296.28, 100, 74232, 73
2026/07/28 22:16:10.950, 297.64, 100, 74232, 73
2026/07/28 22:16:11.997, 301.22, 100, 74232, 73
2026/07/28 22:16:13.039, 295.89, 100, 74232, 73
2026/07/28 22:16:14.075, 295.31, 100, 74232, 73
2026/07/28 22:16:15.120, 296.69, 100, 74232, 73
2026/07/28 22:16:16.157, 296.38, 100, 74232, 73
2026/07/28 22:16:17.194, 292.19, 100, 74232, 73
2026/07/28 22:16:18.233, 291.59, 100, 74232, 73
2026/07/28 22:16:19.269, 294.54, 100, 74232, 73
2026/07/28 22:16:20.306, 295.11, 100, 74232, 73
2026/07/28 22:16:21.343, 294.64, 100, 74232, 73
2026/07/28 22:16:22.380, 303.47, 100, 74232, 73
2026/07/28 22:16:23.418, 303.29, 100, 74232, 73
2026/07/28 22:16:24.456, 303.07, 100, 74232, 73
2026/07/28 22:16:25.492, 303.74, 100, 74232, 73
2026/07/28 22:16:26.528, 303.36, 100, 74232, 73
2026/07/28 22:16:27.565, 302.81, 100, 74232, 73
2026/07/28 22:16:28.607, 302.87, 100, 74232, 73
2026/07/28 22:16:29.644, 294.72, 100, 74232, 73
2026/07/28 22:16:30.680, 291.13, 100, 74232, 72
2026/07/28 22:16:31.717, 291.22, 100, 74232, 73
2026/07/28 22:16:32.753, 294.44, 100, 74232, 73
2026/07/28 22:16:33.790, 294.53, 100, 74232, 73
2026/07/28 22:16:34.827, 295.12, 100, 74232, 73
2026/07/28 22:16:35.864, 296.10, 100, 74232, 73
2026/07/28 22:16:36.901, 296.56, 100, 74232, 73
2026/07/28 22:16:37.941, 294.52, 100, 74232, 73
2026/07/28 22:16:38.980, 298.22, 100, 74232, 73
2026/07/28 22:16:40.017, 301.83, 100, 74232, 73
2026/07/28 22:16:41.053, 306.98, 100, 74232, 73
2026/07/28 22:16:42.090, 301.73, 100, 74232, 73
2026/07/28 22:16:43.128, 303.02, 100, 74232, 73
2026/07/28 22:16:44.164, 302.33, 100, 74232, 73
2026/07/28 22:16:45.202, 305.68, 100, 74232, 73
2026/07/28 22:16:46.239, 304.07, 100, 74232, 73
2026/07/28 22:16:47.277, 302.99, 100, 74232, 73
2026/07/28 22:16:48.315, 302.62, 100, 74232, 73
2026/07/28 22:16:49.353, 301.65, 100, 74232, 73
2026/07/28 22:16:50.389, 303.75, 100, 74232, 73
2026/07/28 22:16:51.432, 302.87, 100, 74232, 73
2026/07/28 22:16:52.469, 295.62, 100, 74232, 73
2026/07/28 22:16:53.506, 291.14, 100, 74232, 72
2026/07/28 22:16:54.546, 295.12, 100, 74232, 73
2026/07/28 22:16:55.583, 295.21, 100, 74232, 73
2026/07/28 22:16:56.626, 298.91, 100, 74232, 73
2026/07/28 22:16:57.664, 301.34, 100, 74232, 73
2026/07/28 22:16:58.701, 295.20, 100, 74232, 73
2026/07/28 22:16:59.739, 293.74, 100, 74232, 72
2026/07/28 22:17:00.777, 295.02, 100, 74232, 73
2026/07/28 22:17:01.814, 296.57, 100, 74232, 73
2026/07/28 22:17:02.852, 295.59, 100, 74232, 73
2026/07/28 22:17:03.889, 299.58, 100, 74232, 73
2026/07/28 22:17:04.925, 302.92, 100, 74232, 73
2026/07/28 22:17:05.961, 302.96, 100, 74232, 73
2026/07/28 22:17:06.997, 303.25, 100, 74232, 73
2026/07/28 22:17:08.035, 302.12, 100, 74232, 73
2026/07/28 22:17:09.074, 296.28, 100, 74232, 73
2026/07/28 22:17:10.111, 295.01, 100, 74232, 73
2026/07/28 22:17:11.148, 298.70, 100, 74232, 73
2026/07/28 22:17:12.185, 294.73, 100, 74232, 73
2026/07/28 22:17:13.223, 294.72, 100, 74232, 73
2026/07/28 22:17:14.259, 294.92, 100, 74232, 73
2026/07/28 22:17:15.297, 294.26, 100, 74232, 73
2026/07/28 22:17:16.333, 295.03, 100, 74232, 73
2026/07/28 22:17:17.372, 291.23, 100, 74232, 73
2026/07/28 22:17:18.411, 294.44, 100, 74232, 73
2026/07/28 22:17:19.448, 297.82, 100, 74232, 73
2026/07/28 22:17:20.484, 301.51, 100, 74232, 73
2026/07/28 22:17:21.521, 293.16, 100, 74232, 72
2026/07/28 22:17:22.558, 295.39, 100, 74232, 72
2026/07/28 22:17:23.595, 294.83, 100, 74232, 72
2026/07/28 22:17:24.633, 298.24, 100, 74232, 73
2026/07/28 22:17:25.671, 295.30, 100, 74232, 72
2026/07/28 22:17:26.708, 292.13, 100, 74232, 72
2026/07/28 22:17:27.745, 294.25, 100, 74232, 72
2026/07/28 22:17:28.783, 293.47, 100, 74232, 73
2026/07/28 22:17:29.820, 296.08, 100, 74232, 73
2026/07/28 22:17:30.859, 294.63, 100, 74232, 72
2026/07/28 22:17:31.897, 292.01, 100, 74232, 72
2026/07/28 22:17:32.938, 294.04, 100, 74232, 72
2026/07/28 22:17:33.974, 296.21, 100, 74232, 72
2026/07/28 22:17:35.010, 294.83, 100, 74232, 72
2026/07/28 22:17:36.046, 295.12, 100, 74232, 72
2026/07/28 22:17:37.082, 300.57, 100, 74232, 73
2026/07/28 22:17:38.119, 295.11, 100, 74232, 72
2026/07/28 22:17:39.156, 295.49, 100, 74232, 73
2026/07/28 22:17:40.194, 292.86, 100, 74232, 72
2026/07/28 22:17:41.232, 295.62, 100, 74232, 72
2026/07/28 22:17:42.271, 295.21, 100, 74232, 72
2026/07/28 22:17:43.309, 294.33, 100, 74232, 72
2026/07/28 22:17:44.346, 295.60, 100, 74232, 72
2026/07/28 22:17:45.384, 294.92, 100, 74232, 72
2026/07/28 22:17:46.420, 294.84, 100, 74232, 73
2026/07/28 22:17:47.457, 294.82, 100, 74232, 72
2026/07/28 22:17:48.494, 296.01, 100, 74232, 72
2026/07/28 22:17:49.533, 295.68, 100, 74232, 72
2026/07/28 22:17:50.570, 294.92, 100, 74232, 72
2026/07/28 22:17:51.608, 295.87, 100, 74232, 72
2026/07/28 22:17:52.647, 302.31, 100, 74232, 73
2026/07/28 22:17:53.684, 300.73, 100, 74232, 73
2026/07/28 22:17:54.721, 302.03, 100, 74232, 73
2026/07/28 22:17:55.758, 299.40, 100, 74232, 73
2026/07/28 22:17:56.799, 301.71, 100, 74232, 73
2026/07/28 22:17:57.837, 302.77, 100, 74232, 73
2026/07/28 22:17:58.873, 304.23, 100, 74232, 73
2026/07/28 22:17:59.911, 303.11, 100, 74232, 73
2026/07/28 22:18:00.947, 298.33, 100, 74232, 73
2026/07/28 22:18:01.985, 302.28, 100, 74232, 73
2026/07/28 22:18:03.022, 294.45, 100, 74232, 73
2026/07/28 22:18:04.060, 295.41, 100, 74232, 72
2026/07/28 22:18:05.097, 295.59, 100, 74232, 73
2026/07/28 22:18:06.134, 298.12, 100, 74232, 73
2026/07/28 22:18:07.171, 296.37, 100, 74232, 72
2026/07/28 22:18:08.208, 298.42, 100, 74232, 73
2026/07/28 22:18:09.247, 295.32, 100, 74232, 72
2026/07/28 22:18:10.284, 296.08, 100, 74232, 72
2026/07/28 22:18:11.321, 294.45, 100, 74232, 72
2026/07/28 22:18:12.359, 295.51, 100, 74232, 72
2026/07/28 22:18:13.396, 295.79, 100, 74232, 72
2026/07/28 22:18:14.432, 294.92, 100, 74232, 72
2026/07/28 22:18:15.469, 304.23, 100, 74232, 73
2026/07/28 22:18:16.507, 302.22, 100, 74232, 73
2026/07/28 22:18:17.543, 303.75, 100, 74232, 73
2026/07/28 22:18:18.581, 303.03, 100, 74232, 73
2026/07/28 22:18:19.618, 302.71, 100, 74232, 73
2026/07/28 22:18:20.655, 302.93, 100, 74232, 73
2026/07/28 22:18:21.693, 302.10, 100, 74232, 73
2026/07/28 22:18:22.729, 302.62, 100, 74232, 73
2026/07/28 22:18:23.766, 302.79, 100, 74232, 73
2026/07/28 22:18:24.801, 302.79, 100, 74232, 73
2026/07/28 22:18:25.838, 306.02, 100, 74232, 73
2026/07/28 22:18:26.875, 302.58, 100, 74232, 73
2026/07/28 22:18:27.912, 305.12, 100, 74232, 73
2026/07/28 22:18:28.960, 445.20, 6, 74232, 75
2026/07/28 22:18:30.001, 297.37, 100, 74232, 74
2026/07/28 22:18:31.035, 311.17, 100, 74232, 74
2026/07/28 22:18:32.070, 291.59, 100, 74232, 74
2026/07/28 22:18:33.105, 295.58, 100, 74232, 74
2026/07/28 22:18:34.145, 286.15, 100, 74232, 74
2026/07/28 22:18:35.180, 313.01, 100, 74232, 74
2026/07/28 22:18:36.215, 301.51, 100, 74232, 72
2026/07/28 22:18:37.251, 302.41, 100, 74232, 72
2026/07/28 22:18:38.288, 301.94, 100, 74232, 72
2026/07/28 22:18:39.324, 302.60, 100, 74232, 73
2026/07/28 22:18:40.360, 294.90, 100, 74232, 73
2026/07/28 22:18:41.396, 294.42, 100, 74232, 73
2026/07/28 22:18:42.433, 291.51, 100, 74232, 73
2026/07/28 22:18:43.469, 294.43, 100, 74232, 73
2026/07/28 22:18:44.505, 295.30, 100, 74232, 73
2026/07/28 22:18:45.541, 296.68, 100, 74232, 73
2026/07/28 22:18:46.579, 295.11, 100, 74232, 73
2026/07/28 22:18:47.615, 297.52, 100, 74232, 73
2026/07/28 22:18:48.653, 294.82, 100, 74232, 73
2026/07/28 22:18:49.689, 294.52, 100, 74232, 73
2026/07/28 22:18:50.725, 294.73, 100, 74232, 73
2026/07/28 22:18:51.761, 294.54, 100, 74232, 73
2026/07/28 22:18:52.797, 296.17, 100, 74232, 73
2026/07/28 22:18:53.833, 295.20, 100, 74232, 73
2026/07/28 22:18:54.871, 295.52, 100, 74232, 73
2026/07/28 22:18:55.910, 297.32, 100, 74232, 73
2026/07/28 22:18:56.948, 303.29, 100, 74232, 73
2026/07/28 22:18:57.985, 303.25, 100, 74232, 73
2026/07/28 22:18:59.023, 303.10, 100, 74232, 73
2026/07/28 22:19:00.060, 304.51, 100, 74232, 73
2026/07/28 22:19:01.098, 302.38, 100, 74232, 73
2026/07/28 22:19:02.134, 303.16, 100, 74232, 73
2026/07/28 22:19:03.170, 302.87, 100, 74232, 73
2026/07/28 22:19:04.207, 302.69, 100, 74232, 73
2026/07/28 22:19:05.245, 303.09, 100, 74232, 73
2026/07/28 22:19:06.282, 303.16, 100, 74232, 73
2026/07/28 22:19:07.318, 304.25, 100, 74232, 73
2026/07/28 22:19:08.356, 303.10, 100, 74232, 73
2026/07/28 22:19:09.392, 292.50, 100, 74232, 73
2026/07/28 22:19:10.431, 292.00, 100, 74232, 73
2026/07/28 22:19:11.468, 294.72, 100, 74232, 73
2026/07/28 22:19:12.508, 295.90, 100, 74232, 73
2026/07/28 22:19:13.545, 294.83, 100, 74232, 73
2026/07/28 22:19:14.581, 295.32, 100, 74232, 73
2026/07/28 22:19:15.618, 295.60, 100, 74232, 73
2026/07/28 22:19:16.655, 295.02, 100, 74232, 73
2026/07/28 22:19:17.695, 294.82, 100, 74232, 73
2026/07/28 22:19:18.732, 294.73, 100, 74232, 73
2026/07/28 22:19:19.769, 295.12, 100, 74232, 73
2026/07/28 22:19:20.806, 295.59, 100, 74232, 73
2026/07/28 22:19:21.843, 295.40, 100, 74232, 73
2026/07/28 22:19:22.881, 302.91, 100, 74232, 73
2026/07/28 22:19:23.919, 302.86, 100, 74232, 73
2026/07/28 22:19:24.957, 300.09, 100, 74232, 73
2026/07/28 22:19:25.995, 304.25, 100, 74232, 73
2026/07/28 22:19:27.031, 302.71, 100, 74232, 73
2026/07/28 22:19:28.069, 302.91, 100, 74232, 73
2026/07/28 22:19:29.107, 300.07, 100, 74232, 73
2026/07/28 22:19:30.144, 299.08, 100, 74232, 73
2026/07/28 22:19:31.180, 297.83, 100, 74232, 73
2026/07/28 22:19:32.218, 303.68, 100, 74232, 73
2026/07/28 22:19:33.256, 302.79, 100, 74232, 73
2026/07/28 22:19:34.294, 305.33, 100, 74232, 73
2026/07/28 22:19:35.331, 303.86, 100, 74232, 73
2026/07/28 22:19:36.369, 301.93, 100, 74232, 73
2026/07/28 22:19:37.406, 306.39, 100, 74232, 73
2026/07/28 22:19:38.446, 296.88, 100, 74232, 73
2026/07/28 22:19:39.484, 297.34, 100, 74232, 73
2026/07/28 22:19:40.522, 295.22, 100, 74232, 73
2026/07/28 22:19:41.558, 295.32, 100, 74232, 73
2026/07/28 22:19:42.595, 295.60, 100, 74232, 73
2026/07/28 22:19:43.632, 296.17, 100, 74232, 73
2026/07/28 22:19:44.669, 296.59, 100, 74232, 73
2026/07/28 22:19:45.706, 293.36, 100, 74232, 73
2026/07/28 22:19:46.746, 295.10, 100, 74232, 73
2026/07/28 22:19:47.783, 293.55, 100, 74232, 73
2026/07/28 22:19:48.820, 296.40, 100, 74232, 73
2026/07/28 22:19:49.858, 294.43, 100, 74232, 73
2026/07/28 22:19:50.895, 295.30, 100, 74232, 73
2026/07/28 22:19:51.936, 295.79, 100, 74232, 73
2026/07/28 22:19:52.973, 295.60, 100, 74232, 73
2026/07/28 22:19:54.009, 295.43, 100, 74232, 73
2026/07/28 22:19:55.048, 303.35, 100, 74232, 73
2026/07/28 22:19:56.084, 303.39, 100, 74232, 73
2026/07/28 22:19:57.121, 304.27, 100, 74232, 73
2026/07/28 22:19:58.158, 302.81, 100, 74232, 73
2026/07/28 22:19:59.197, 304.27, 100, 74232, 73
2026/07/28 22:20:00.235, 303.55, 100, 74232, 73
2026/07/28 22:20:01.273, 304.74, 100, 74232, 73
2026/07/28 22:20:02.310, 295.71, 100, 74232, 73
2026/07/28 22:20:03.347, 296.08, 100, 74232, 73
2026/07/28 22:20:04.384, 304.82, 100, 74232, 73
2026/07/28 22:20:05.421, 301.72, 100, 74232, 73
2026/07/28 22:20:06.462, 298.12, 100, 74232, 73
2026/07/28 22:20:07.499, 295.87, 100, 74232, 73
2026/07/28 22:20:08.536, 295.01, 100, 74232, 73
2026/07/28 22:20:09.574, 295.02, 100, 74232, 73
2026/07/28 22:20:10.612, 295.62, 100, 74232, 73
2026/07/28 22:20:11.650, 295.21, 100, 74232, 73
2026/07/28 22:20:12.687, 304.82, 100, 74232, 73
2026/07/28 22:20:13.724, 299.59, 100, 74232, 73
2026/07/28 22:20:14.762, 295.61, 100, 74232, 73
2026/07/28 22:20:15.800, 300.49, 100, 74232, 73
2026/07/28 22:20:16.840, 302.22, 100, 74232, 73
2026/07/28 22:20:17.878, 301.54, 100, 74232, 73
2026/07/28 22:20:18.916, 305.09, 100, 74232, 73
2026/07/28 22:20:19.955, 302.68, 100, 74232, 73
2026/07/28 22:20:20.993, 303.57, 100, 74232, 73
2026/07/28 22:20:22.030, 303.37, 100, 74232, 73
2026/07/28 22:20:23.068, 304.75, 100, 74232, 73
2026/07/28 22:20:24.105, 303.11, 100, 74232, 73
2026/07/28 22:20:25.142, 304.06, 100, 74232, 73
2026/07/28 22:20:26.179, 295.59, 100, 74232, 73
2026/07/28 22:20:27.217, 296.49, 100, 74232, 73
2026/07/28 22:20:28.253, 294.73, 100, 74232, 73
2026/07/28 22:20:29.291, 295.52, 100, 74232, 73
2026/07/28 22:20:30.328, 295.52, 100, 74232, 73
2026/07/28 22:20:31.364, 295.41, 100, 74232, 73
2026/07/28 22:20:32.401, 291.98, 100, 74232, 73
2026/07/28 22:20:33.438, 296.39, 100, 74232, 73
2026/07/28 22:20:34.476, 291.80, 100, 74232, 73
2026/07/28 22:20:35.513, 296.67, 100, 74232, 73
2026/07/28 22:20:36.550, 294.92, 100, 74232, 73
2026/07/28 22:20:37.587, 295.79, 100, 74232, 73
2026/07/28 22:20:38.624, 303.39, 100, 74232, 73
2026/07/28 22:20:39.661, 299.31, 100, 74232, 73
2026/07/28 22:20:40.697, 304.37, 100, 74232, 73
2026/07/28 22:20:41.737, 302.78, 100, 74232, 73
2026/07/28 22:20:42.775, 304.07, 100, 74232, 73
2026/07/28 22:20:43.815, 303.38, 100, 74232, 73
2026/07/28 22:20:44.851, 304.13, 100, 74232, 73
2026/07/28 22:20:45.889, 302.88, 100, 74232, 73
2026/07/28 22:20:46.925, 301.36, 100, 74232, 73
2026/07/28 22:20:47.965, 305.39, 100, 74232, 73
2026/07/28 22:20:49.001, 297.36, 100, 74232, 73
2026/07/28 22:20:50.038, 296.96, 100, 74232, 73
2026/07/28 22:20:51.075, 296.08, 100, 74232, 73
2026/07/28 22:20:52.112, 295.33, 100, 74232, 73
2026/07/28 22:20:53.149, 295.51, 100, 74232, 73
2026/07/28 22:20:54.185, 296.03, 100, 74232, 73
2026/07/28 22:20:55.222, 295.03, 100, 74232, 73
2026/07/28 22:20:56.259, 295.32, 100, 74232, 73
2026/07/28 22:20:57.298, 295.13, 100, 74232, 73
2026/07/28 22:20:58.335, 294.62, 100, 74232, 73
2026/07/28 22:20:59.373, 295.51, 100, 74232, 73
2026/07/28 22:21:00.409, 294.93, 100, 74232, 73
2026/07/28 22:21:01.445, 295.52, 100, 74232, 73
2026/07/28 22:21:02.482, 295.99, 100, 74232, 73
2026/07/28 22:21:03.518, 294.25, 100, 74232, 73
2026/07/28 22:21:04.558, 300.36, 100, 74232, 73
2026/07/28 22:21:05.594, 302.57, 100, 74232, 73
2026/07/28 22:21:06.631, 302.41, 100, 74232, 73
2026/07/28 22:21:07.667, 303.47, 100, 74232, 73
2026/07/28 22:21:08.703, 297.46, 100, 74232, 73
2026/07/28 22:21:09.740, 295.71, 100, 74232, 73
2026/07/28 22:21:10.777, 296.29, 100, 74232, 73
2026/07/28 22:21:11.813, 295.89, 100, 74232, 73
2026/07/28 22:21:12.852, 299.09, 100, 74232, 73
2026/07/28 22:21:13.888, 296.19, 100, 74232, 73
2026/07/28 22:21:14.925, 291.43, 100, 74232, 73
2026/07/28 22:21:15.962, 295.60, 100, 74232, 73
2026/07/28 22:21:17.000, 295.22, 100, 74232, 73
2026/07/28 22:21:18.036, 295.03, 100, 74232, 73
2026/07/28 22:21:19.072, 295.51, 100, 74232, 73
2026/07/28 22:21:20.109, 295.12, 100, 74232, 73
2026/07/28 22:21:21.146, 295.02, 100, 74232, 73
2026/07/28 22:21:22.183, 305.71, 100, 74232, 73
2026/07/28 22:21:23.220, 295.50, 100, 74232, 73
2026/07/28 22:21:24.259, 295.81, 100, 74232, 73
2026/07/28 22:21:25.297, 299.02, 100, 74232, 73
2026/07/28 22:21:26.336, 303.33, 100, 74232, 73
2026/07/28 22:21:27.374, 302.48, 100, 74232, 73
2026/07/28 22:21:28.411, 295.12, 100, 74232, 73
2026/07/28 22:21:29.449, 295.01, 100, 74232, 73
2026/07/28 22:21:30.486, 296.50, 100, 74232, 73
2026/07/28 22:21:31.525, 295.03, 100, 74232, 73
2026/07/28 22:21:32.563, 295.12, 100, 74232, 73
2026/07/28 22:21:33.600, 302.58, 100, 74232, 73
2026/07/28 22:21:34.638, 302.74, 100, 74232, 73
2026/07/28 22:21:35.676, 296.76, 100, 74232, 73
2026/07/28 22:21:36.716, 302.33, 100, 74232, 73
2026/07/28 22:21:37.754, 299.40, 100, 74232, 73
2026/07/28 22:21:38.791, 291.14, 100, 74232, 73
2026/07/28 22:21:39.828, 296.95, 100, 74232, 73
2026/07/28 22:21:40.865, 294.64, 100, 74232, 73
2026/07/28 22:21:41.903, 302.58, 100, 74232, 73
2026/07/28 22:21:42.939, 302.32, 100, 74232, 73
2026/07/28 22:21:43.976, 304.61, 100, 74232, 73
2026/07/28 22:21:45.013, 302.72, 100, 74232, 73
2026/07/28 22:21:46.050, 305.49, 100, 74232, 73
2026/07/28 22:21:47.086, 302.62, 100, 74232, 73
2026/07/28 22:21:48.122, 303.30, 100, 74232, 73
2026/07/28 22:21:49.159, 301.90, 100, 74232, 73
2026/07/28 22:21:50.195, 300.25, 100, 74232, 73
2026/07/28 22:21:51.232, 301.82, 100, 74232, 73
2026/07/28 22:21:52.269, 302.71, 100, 74232, 73
2026/07/28 22:21:53.306, 298.72, 100, 74232, 73
2026/07/28 22:21:54.345, 303.87, 100, 74232, 73
2026/07/28 22:21:55.381, 298.71, 100, 74232, 73
2026/07/28 22:21:56.420, 302.52, 100, 74232, 73
2026/07/28 22:21:57.456, 302.22, 100, 74232, 73
2026/07/28 22:21:58.494, 297.66, 100, 74232, 73
2026/07/28 22:21:59.530, 295.60, 100, 74232, 73
2026/07/28 22:22:00.566, 294.33, 100, 74232, 73
2026/07/28 22:22:01.602, 295.97, 100, 74232, 73
2026/07/28 22:22:02.639, 295.28, 100, 74232, 73
2026/07/28 22:22:03.675, 292.86, 100, 74232, 72
2026/07/28 22:22:04.714, 295.20, 100, 74232, 73
2026/07/28 22:22:05.751, 296.58, 100, 74232, 73
2026/07/28 22:22:06.788, 301.93, 100, 74232, 73
2026/07/28 22:22:07.825, 302.29, 100, 74232, 73
2026/07/28 22:22:08.861, 300.08, 100, 74232, 73
2026/07/28 22:22:09.898, 295.01, 100, 74232, 73
2026/07/28 22:22:10.936, 303.87, 100, 74232, 73
2026/07/28 22:22:11.974, 303.36, 100, 74232, 73
2026/07/28 22:22:13.011, 303.54, 100, 74232, 73
2026/07/28 22:22:14.047, 302.62, 100, 74232, 73
2026/07/28 22:22:15.085, 303.89, 100, 74232, 73
2026/07/28 22:22:16.125, 294.73, 100, 74232, 72
2026/07/28 22:22:17.162, 294.83, 100, 74232, 72
2026/07/28 22:22:18.198, 294.62, 100, 74232, 72
2026/07/28 22:22:19.235, 294.63, 100, 74232, 72
2026/07/28 22:22:20.271, 291.40, 100, 74232, 72
2026/07/28 22:22:21.307, 294.61, 100, 74232, 72
2026/07/28 22:22:22.344, 295.42, 100, 74232, 72
2026/07/28 22:22:23.381, 293.94, 100, 74232, 72
2026/07/28 22:22:24.418, 296.67, 100, 74232, 73
2026/07/28 22:22:25.456, 300.44, 100, 74232, 73
2026/07/28 22:22:26.493, 293.46, 100, 74232, 72
2026/07/28 22:22:27.532, 296.57, 100, 74232, 72
2026/07/28 22:22:28.569, 294.92, 100, 74232, 72
2026/07/28 22:22:29.606, 300.66, 100, 74232, 73
2026/07/28 22:22:30.643, 302.05, 100, 74232, 73
2026/07/28 22:22:31.682, 298.61, 100, 74232, 73
2026/07/28 22:22:32.720, 303.36, 100, 74232, 73
2026/07/28 22:22:33.756, 302.90, 100, 74232, 73
2026/07/28 22:22:34.792, 302.82, 100, 74232, 73
2026/07/28 22:22:35.828, 303.75, 100, 74232, 73
2026/07/28 22:22:36.866, 303.46, 100, 74232, 73
2026/07/28 22:22:37.903, 302.10, 100, 74232, 73
2026/07/28 22:22:38.939, 303.08, 100, 74232, 73
2026/07/28 22:22:39.977, 305.39, 100, 74232, 73
2026/07/28 22:22:41.013, 302.79, 100, 74232, 73
2026/07/28 22:22:42.050, 304.36, 100, 74232, 73
2026/07/28 22:22:43.087, 298.80, 100, 74232, 73
2026/07/28 22:22:44.124, 296.38, 100, 74232, 72
2026/07/28 22:22:45.161, 300.03, 100, 74232, 72
2026/07/28 22:22:46.199, 291.13, 100, 74232, 72
2026/07/28 22:22:47.237, 296.58, 100, 74232, 72
2026/07/28 22:22:48.276, 295.21, 100, 74232, 72
2026/07/28 22:22:49.314, 294.52, 100, 74232, 72
2026/07/28 22:22:50.352, 294.62, 100, 74232, 72
2026/07/28 22:22:51.390, 295.40, 100, 74232, 72
2026/07/28 22:22:52.427, 296.19, 100, 74232, 72
2026/07/28 22:22:53.466, 296.96, 100, 74232, 72
2026/07/28 22:22:54.503, 295.31, 100, 74232, 73
2026/07/28 22:22:55.543, 302.82, 100, 74232, 73
2026/07/28 22:22:56.579, 303.18, 100, 74232, 73
2026/07/28 22:22:57.616, 302.43, 100, 74232, 73
2026/07/28 22:22:58.653, 302.79, 100, 74232, 73
2026/07/28 22:22:59.691, 304.28, 100, 74232, 73
2026/07/28 22:23:00.728, 303.18, 100, 74232, 73
2026/07/28 22:23:01.765, 302.59, 100, 74232, 73
2026/07/28 22:23:02.802, 303.02, 100, 74232, 73
2026/07/28 22:23:03.839, 302.57, 100, 74232, 73
2026/07/28 22:23:04.877, 303.90, 100, 74232, 73
2026/07/28 22:23:05.914, 295.79, 100, 74232, 72
2026/07/28 22:23:06.954, 294.82, 100, 74232, 72
2026/07/28 22:23:07.992, 291.89, 100, 74232, 72
2026/07/28 22:23:09.029, 295.02, 100, 74232, 72
2026/07/28 22:23:10.070, 291.21, 100, 74232, 72
2026/07/28 22:23:11.108, 291.51, 100, 74232, 72
2026/07/28 22:23:12.145, 295.02, 100, 74232, 72
2026/07/28 22:23:13.182, 296.00, 100, 74232, 72
2026/07/28 22:23:14.220, 294.63, 100, 74232, 72
2026/07/28 22:23:15.258, 300.74, 100, 74232, 72
2026/07/28 22:23:16.295, 302.96, 100, 74232, 73
2026/07/28 22:23:17.333, 302.14, 100, 74232, 73
2026/07/28 22:23:18.369, 303.38, 100, 74232, 73
2026/07/28 22:23:19.406, 295.97, 100, 74232, 72
2026/07/28 22:23:20.443, 300.25, 100, 74232, 72
2026/07/28 22:23:21.479, 302.43, 100, 74232, 72
2026/07/28 22:23:22.516, 294.73, 100, 74232, 72
2026/07/28 22:23:23.554, 296.37, 100, 74232, 72
2026/07/28 22:23:24.591, 302.89, 100, 74232, 72
2026/07/28 22:23:25.629, 292.86, 100, 74232, 72
2026/07/28 22:23:26.666, 294.34, 100, 74232, 72
2026/07/28 22:23:27.702, 295.53, 100, 74232, 72
2026/07/28 22:23:28.739, 302.93, 100, 74232, 72
2026/07/28 22:23:29.776, 256.73, 0, 74232, 72
2026/07/28 22:23:30.812, 284.33, 100, 74232, 73
2026/07/28 22:23:31.852, 302.91, 100, 74232, 74
2026/07/28 22:23:32.887, 309.57, 100, 74232, 74
2026/07/28 22:23:33.923, 296.40, 100, 74232, 74
2026/07/28 22:23:34.959, 290.61, 100, 74232, 74
2026/07/28 22:23:35.993, 311.71, 100, 74232, 74
2026/07/28 22:23:37.027, 301.88, 100, 74232, 72
2026/07/28 22:23:38.064, 302.89, 100, 74232, 72
2026/07/28 22:23:39.101, 303.29, 100, 74232, 72
2026/07/28 22:23:40.139, 295.39, 100, 74232, 72
2026/07/28 22:23:41.175, 295.70, 100, 74232, 72
2026/07/28 22:23:42.212, 302.24, 100, 74232, 73
2026/07/28 22:23:43.250, 295.11, 100, 74232, 73
2026/07/28 22:23:44.287, 294.72, 100, 74232, 73
2026/07/28 22:23:45.324, 294.91, 100, 74232, 73
2026/07/28 22:23:46.362, 299.27, 100, 74232, 73
2026/07/28 22:23:47.399, 298.23, 100, 74232, 73
2026/07/28 22:23:48.437, 300.76, 100, 74232, 73
2026/07/28 22:23:49.473, 302.68, 100, 74232, 73
2026/07/28 22:23:50.512, 303.85, 100, 74232, 73
2026/07/28 22:23:51.548, 302.78, 100, 74232, 73
2026/07/28 22:23:52.590, 299.48, 100, 74232, 73
2026/07/28 22:23:53.626, 297.64, 100, 74232, 73
2026/07/28 22:23:54.665, 295.97, 100, 74232, 73
2026/07/28 22:23:55.703, 291.39, 100, 74232, 73
2026/07/28 22:23:56.740, 297.74, 100, 74232, 73
2026/07/28 22:23:57.778, 295.02, 100, 74232, 73
2026/07/28 22:23:58.815, 295.01, 100, 74232, 73
2026/07/28 22:23:59.853, 302.52, 100, 74232, 73
2026/07/28 22:24:00.890, 299.10, 100, 74232, 73
2026/07/28 22:24:01.935, 299.23, 100, 74232, 73
2026/07/28 22:24:02.973, 298.99, 100, 74232, 73
2026/07/28 22:24:04.011, 300.42, 100, 74232, 73
2026/07/28 22:24:05.049, 303.35, 100, 74232, 73
2026/07/28 22:24:06.087, 302.77, 100, 74232, 73
2026/07/28 22:24:07.124, 301.72, 100, 74232, 73
2026/07/28 22:24:08.162, 303.37, 100, 74232, 73
2026/07/28 22:24:09.199, 302.20, 100, 74232, 73
2026/07/28 22:24:10.237, 302.38, 100, 74232, 73
2026/07/28 22:24:11.275, 302.59, 100, 74232, 73
2026/07/28 22:24:12.314, 303.06, 100, 74232, 73
2026/07/28 22:24:13.352, 302.51, 100, 74232, 73
2026/07/28 22:24:14.389, 302.80, 100, 74232, 73
2026/07/28 22:24:15.427, 303.07, 100, 74232, 73
2026/07/28 22:24:16.465, 302.81, 100, 74232, 73
2026/07/28 22:24:17.503, 302.92, 100, 74232, 73
2026/07/28 22:24:18.543, 305.90, 100, 74232, 73
2026/07/28 22:24:19.579, 292.20, 100, 74232, 73
2026/07/28 22:24:20.619, 293.15, 100, 74232, 73
2026/07/28 22:24:21.657, 294.91, 100, 74232, 73
2026/07/28 22:24:22.695, 296.47, 100, 74232, 73
2026/07/28 22:24:23.732, 295.40, 100, 74232, 73
2026/07/28 22:24:24.770, 295.41, 100, 74232, 73
2026/07/28 22:24:25.808, 299.67, 100, 74232, 73
2026/07/28 22:24:26.845, 295.79, 100, 74232, 73
2026/07/28 22:24:27.883, 300.27, 100, 74232, 73
2026/07/28 22:24:28.920, 300.17, 100, 74232, 73
2026/07/28 22:24:29.958, 302.75, 100, 74232, 73
2026/07/28 22:24:30.995, 302.98, 100, 74232, 73
2026/07/28 22:24:32.032, 303.27, 100, 74232, 73
2026/07/28 22:24:33.070, 303.30, 100, 74232, 73
2026/07/28 22:24:34.107, 303.16, 100, 74232, 73
2026/07/28 22:24:35.148, 304.51, 100, 74232, 73
2026/07/28 22:24:36.185, 292.20, 100, 74232, 73
2026/07/28 22:24:37.222, 292.78, 100, 74232, 73
2026/07/28 22:24:38.261, 295.22, 100, 74232, 73
2026/07/28 22:24:39.298, 296.66, 100, 74232, 73
2026/07/28 22:24:40.334, 295.49, 100, 74232, 73
2026/07/28 22:24:41.371, 295.39, 100, 74232, 73
2026/07/28 22:24:42.408, 291.70, 100, 74232, 73
2026/07/28 22:24:43.445, 295.12, 100, 74232, 73
2026/07/28 22:24:44.481, 295.91, 100, 74232, 73
2026/07/28 22:24:45.517, 294.82, 100, 74232, 73
2026/07/28 22:24:46.553, 302.14, 100, 74232, 73
2026/07/28 22:24:47.590, 303.45, 100, 74232, 73
2026/07/28 22:24:48.626, 303.29, 100, 74232, 73
2026/07/28 22:24:49.666, 303.19, 100, 74232, 73
2026/07/28 22:24:50.702, 304.15, 100, 74232, 73
2026/07/28 22:24:51.740, 303.49, 100, 74232, 73
2026/07/28 22:24:52.778, 304.04, 100, 74232, 73
2026/07/28 22:24:53.815, 303.78, 100, 74232, 73
2026/07/28 22:24:54.852, 303.29, 100, 74232, 73
2026/07/28 22:24:55.889, 292.12, 100, 74232, 73
2026/07/28 22:24:56.926, 292.12, 100, 74232, 73
2026/07/28 22:24:57.964, 295.61, 100, 74232, 73
2026/07/28 22:24:59.003, 295.78, 100, 74232, 73
2026/07/28 22:25:00.040, 299.20, 100, 74232, 73
2026/07/28 22:25:01.079, 303.00, 100, 74232, 73
2026/07/28 22:25:02.116, 303.55, 100, 74232, 73
2026/07/28 22:25:03.153, 296.68, 100, 74232, 73
2026/07/28 22:25:04.192, 293.19, 100, 74232, 73
2026/07/28 22:25:05.230, 295.90, 100, 74232, 73
2026/07/28 22:25:06.267, 297.55, 100, 74232, 73
2026/07/28 22:25:07.305, 292.49, 100, 74232, 73
2026/07/28 22:25:08.342, 297.25, 100, 74232, 73
2026/07/28 22:25:09.380, 295.71, 100, 74232, 73
2026/07/28 22:25:10.418, 296.57, 100, 74232, 73
2026/07/28 22:25:11.455, 296.70, 100, 74232, 73
2026/07/28 22:25:12.493, 296.19, 100, 74232, 73
2026/07/28 22:25:13.531, 294.42, 100, 74232, 73
2026/07/28 22:25:14.571, 295.42, 100, 74232, 73
2026/07/28 22:25:15.608, 298.61, 100, 74232, 73
2026/07/28 22:25:16.645, 297.36, 100, 74232, 73
2026/07/28 22:25:17.683, 302.83, 100, 74232, 73
2026/07/28 22:25:18.721, 302.78, 100, 74232, 73
2026/07/28 22:25:19.757, 302.75, 100, 74232, 73
2026/07/28 22:25:20.796, 303.35, 100, 74232, 73
2026/07/28 22:25:21.834, 303.89, 100, 74232, 73
2026/07/28 22:25:22.871, 296.87, 100, 74232, 73
2026/07/28 22:25:23.908, 303.18, 100, 74232, 73
2026/07/28 22:25:24.946, 303.29, 100, 74232, 73
2026/07/28 22:25:25.984, 292.50, 100, 74232, 73
2026/07/28 22:25:27.021, 295.99, 100, 74232, 73
2026/07/28 22:25:28.059, 291.70, 100, 74232, 73
2026/07/28 22:25:29.097, 295.11, 100, 74232, 73
2026/07/28 22:25:30.138, 296.00, 100, 74232, 73
2026/07/28 22:25:31.175, 300.94, 100, 74232, 73
2026/07/28 22:25:32.213, 303.58, 100, 74232, 73
2026/07/28 22:25:33.250, 299.70, 100, 74232, 73
2026/07/28 22:25:34.289, 293.26, 100, 74232, 73
2026/07/28 22:25:35.328, 302.90, 100, 74232, 73
2026/07/28 22:25:36.365, 303.67, 100, 74232, 73
2026/07/28 22:25:37.401, 304.17, 100, 74232, 73
2026/07/28 22:25:38.439, 302.71, 100, 74232, 73
2026/07/28 22:25:39.476, 303.63, 100, 74232, 73
2026/07/28 22:25:40.514, 297.35, 100, 74232, 73
2026/07/28 22:25:41.552, 294.74, 100, 74232, 73
2026/07/28 22:25:42.590, 294.83, 100, 74232, 73
2026/07/28 22:25:43.627, 303.15, 100, 74232, 73
2026/07/28 22:25:44.666, 303.19, 100, 74232, 73
2026/07/28 22:25:45.703, 296.85, 100, 74232, 73
2026/07/28 22:25:46.741, 297.73, 100, 74232, 73
2026/07/28 22:25:47.780, 292.88, 100, 74232, 73
2026/07/28 22:25:48.817, 295.00, 100, 74232, 73
2026/07/28 22:25:49.856, 296.08, 100, 74232, 73
2026/07/28 22:25:50.892, 295.39, 100, 74232, 73
2026/07/28 22:25:51.931, 303.86, 100, 74232, 73
2026/07/28 22:25:52.969, 299.98, 100, 74232, 73
2026/07/28 22:25:54.007, 301.06, 100, 74232, 73
2026/07/28 22:25:55.043, 298.03, 100, 74232, 73
2026/07/28 22:25:56.080, 295.89, 100, 74232, 73
2026/07/28 22:25:57.117, 295.49, 100, 74232, 73
2026/07/28 22:25:58.154, 295.02, 100, 74232, 73
2026/07/28 22:25:59.192, 295.02, 100, 74232, 73
2026/07/28 22:26:00.229, 295.71, 100, 74232, 73
2026/07/28 22:26:01.266, 295.02, 100, 74232, 73
2026/07/28 22:26:02.303, 295.03, 100, 74232, 73
2026/07/28 22:26:03.339, 298.82, 100, 74232, 73
2026/07/28 22:26:04.376, 302.81, 100, 74232, 73
2026/07/28 22:26:05.412, 302.12, 100, 74232, 73
2026/07/28 22:26:06.448, 303.52, 100, 74232, 73
2026/07/28 22:26:07.488, 302.77, 100, 74232, 73
2026/07/28 22:26:08.524, 297.55, 100, 74232, 73
2026/07/28 22:26:09.560, 295.20, 100, 74232, 73
2026/07/28 22:26:10.597, 294.84, 100, 74232, 73
2026/07/28 22:26:11.634, 295.31, 100, 74232, 73
2026/07/28 22:26:12.671, 294.23, 100, 74232, 73
2026/07/28 22:26:13.708, 302.48, 100, 74232, 73
2026/07/28 22:26:14.744, 302.79, 100, 74232, 73
2026/07/28 22:26:15.781, 298.61, 100, 74232, 73
2026/07/28 22:26:16.818, 303.45, 100, 74232, 73
2026/07/28 22:26:17.859, 300.17, 100, 74232, 73
2026/07/28 22:26:18.896, 302.33, 100, 74232, 73
2026/07/28 22:26:19.934, 295.12, 100, 74232, 73
2026/07/28 22:26:20.970, 296.95, 100, 74232, 73
2026/07/28 22:26:22.008, 302.87, 100, 74232, 73
2026/07/28 22:26:23.045, 293.08, 100, 74232, 73
2026/07/28 22:26:24.083, 304.41, 100, 74232, 73
2026/07/28 22:26:25.121, 300.74, 100, 74232, 73
2026/07/28 22:26:26.159, 295.02, 100, 74232, 73
2026/07/28 22:26:27.196, 290.83, 100, 74232, 72
2026/07/28 22:26:28.234, 296.29, 100, 74232, 73
2026/07/28 22:26:29.271, 302.79, 100, 74232, 73
2026/07/28 22:26:30.309, 301.74, 100, 74232, 73
2026/07/28 22:26:31.350, 302.20, 100, 74232, 73
2026/07/28 22:26:32.387, 302.24, 100, 74232, 73
2026/07/28 22:26:33.424, 302.34, 100, 74232, 73
2026/07/28 22:26:34.463, 300.67, 100, 74232, 73
2026/07/28 22:26:35.500, 294.73, 100, 74232, 72
2026/07/28 22:26:36.538, 295.03, 100, 74232, 72
2026/07/28 22:26:37.575, 291.51, 100, 74232, 72
2026/07/28 22:26:38.612, 299.48, 100, 74232, 72
2026/07/28 22:26:39.648, 301.76, 100, 74232, 73
2026/07/28 22:26:40.686, 294.73, 100, 74232, 73
2026/07/28 22:26:41.723, 301.06, 100, 74232, 73
2026/07/28 22:26:42.760, 298.88, 100, 74232, 73
2026/07/28 22:26:43.797, 300.09, 100, 74232, 73
2026/07/28 22:26:44.835, 302.01, 100, 74232, 73
2026/07/28 22:26:45.872, 302.32, 100, 74232, 73
2026/07/28 22:26:46.911, 302.78, 100, 74232, 73
2026/07/28 22:26:47.950, 303.38, 100, 74232, 73
2026/07/28 22:26:48.988, 295.11, 100, 74232, 72
2026/07/28 22:26:50.026, 301.73, 100, 74232, 73
2026/07/28 22:26:51.064, 303.39, 100, 74232, 73
2026/07/28 22:26:52.101, 302.91, 100, 74232, 73
2026/07/28 22:26:53.138, 305.82, 100, 74232, 72
2026/07/28 22:26:54.176, 302.49, 100, 74232, 73
2026/07/28 22:26:55.215, 297.63, 100, 74232, 73
2026/07/28 22:26:56.253, 294.42, 100, 74232, 72
2026/07/28 22:26:57.292, 295.13, 100, 74232, 72
2026/07/28 22:26:58.330, 296.40, 100, 74232, 72
2026/07/28 22:26:59.367, 294.91, 100, 74232, 72
2026/07/28 22:27:00.405, 295.32, 100, 74232, 72
2026/07/28 22:27:01.442, 298.74, 100, 74232, 72
2026/07/28 22:27:02.481, 298.90, 100, 74232, 72
2026/07/28 22:27:03.518, 301.72, 100, 74232, 73
2026/07/28 22:27:04.555, 303.98, 100, 74232, 72
2026/07/28 22:27:05.592, 303.86, 100, 74232, 73
2026/07/28 22:27:06.628, 302.12, 100, 74232, 73
2026/07/28 22:27:07.665, 303.20, 100, 74232, 72
2026/07/28 22:27:08.701, 296.77, 100, 74232, 72
2026/07/28 22:27:09.738, 301.54, 100, 74232, 72
2026/07/28 22:27:10.779, 295.10, 100, 74232, 72
2026/07/28 22:27:11.816, 294.81, 100, 74232, 72
2026/07/28 22:27:12.853, 294.73, 100, 74232, 72
2026/07/28 22:27:13.893, 291.31, 100, 74232, 72
2026/07/28 22:27:14.930, 297.15, 100, 74232, 72
2026/07/28 22:27:15.970, 298.14, 100, 74232, 72
2026/07/28 22:27:17.008, 301.65, 100, 74232, 72
2026/07/28 22:27:18.045, 302.63, 100, 74232, 72
2026/07/28 22:27:19.083, 301.93, 100, 74232, 72
2026/07/28 22:27:20.120, 302.81, 100, 74232, 72
2026/07/28 22:27:21.157, 304.27, 100, 74232, 72
2026/07/28 22:27:22.194, 295.88, 100, 74232, 72
2026/07/28 22:27:23.232, 302.20, 100, 74232, 73
2026/07/28 22:27:24.271, 301.94, 100, 74232, 72
2026/07/28 22:27:25.308, 302.33, 100, 74232, 72
2026/07/28 22:27:26.345, 302.42, 100, 74232, 72
2026/07/28 22:27:27.382, 298.82, 100, 74232, 72
2026/07/28 22:27:28.418, 299.82, 100, 74232, 72
2026/07/28 22:27:29.455, 302.29, 100, 74232, 72
2026/07/28 22:27:30.493, 302.19, 100, 74232, 72
2026/07/28 22:27:31.531, 302.11, 100, 74232, 72
2026/07/28 22:27:32.568, 298.80, 100, 74232, 72
2026/07/28 22:27:33.605, 291.59, 100, 74232, 72
2026/07/28 22:27:34.643, 290.73, 100, 74232, 72
2026/07/28 22:27:35.680, 295.78, 100, 74232, 72
2026/07/28 22:27:36.717, 294.25, 100, 74232, 72
2026/07/28 22:27:37.755, 294.92, 100, 74232, 72
2026/07/28 22:27:38.792, 302.41, 100, 74232, 72
2026/07/28 22:27:39.830, 300.86, 100, 74232, 72
2026/07/28 22:27:40.868, 301.46, 100, 74232, 72
2026/07/28 22:27:41.905, 302.48, 100, 74232, 72
2026/07/28 22:27:42.943, 302.18, 100, 74232, 72
2026/07/28 22:27:43.980, 302.62, 100, 74232, 72
2026/07/28 22:27:45.018, 294.72, 100, 74232, 72
2026/07/28 22:27:46.054, 290.44, 100, 74232, 72
2026/07/28 22:27:47.092, 293.36, 100, 74232, 72
2026/07/28 22:27:48.128, 295.11, 100, 74232, 72
2026/07/28 22:27:49.167, 294.73, 100, 74232, 72
2026/07/28 22:27:50.204, 295.59, 100, 74232, 72
2026/07/28 22:27:51.245, 295.01, 100, 74232, 72
2026/07/28 22:27:52.283, 302.43, 100, 74232, 73
2026/07/28 22:27:53.320, 298.52, 100, 74232, 73
2026/07/28 22:27:54.358, 306.21, 100, 74232, 73
2026/07/28 22:27:55.395, 304.17, 100, 74232, 73
2026/07/28 22:27:56.432, 302.97, 100, 74232, 73
2026/07/28 22:27:57.470, 301.91, 100, 74232, 73
2026/07/28 22:27:58.506, 302.88, 100, 74232, 73
2026/07/28 22:27:59.543, 302.49, 100, 74232, 73
2026/07/28 22:28:00.581, 303.96, 100, 74232, 73
2026/07/28 22:28:01.618, 302.78, 100, 74232, 73
2026/07/28 22:28:02.656, 302.92, 100, 74232, 73
2026/07/28 22:28:03.693, 295.90, 100, 74232, 72
2026/07/28 22:28:04.731, 294.84, 100, 74232, 73
2026/07/28 22:28:05.770, 295.19, 100, 74232, 72
2026/07/28 22:28:06.807, 295.31, 100, 74232, 72
2026/07/28 22:28:07.844, 295.12, 100, 74232, 72
2026/07/28 22:28:08.881, 295.32, 100, 74232, 72
2026/07/28 22:28:09.919, 294.23, 100, 74232, 72
2026/07/28 22:28:10.955, 295.11, 100, 74232, 72
2026/07/28 22:28:11.993, 295.41, 100, 74232, 72
2026/07/28 22:28:13.029, 294.52, 100, 74232, 72
2026/07/28 22:28:14.066, 296.46, 100, 74232, 72
2026/07/28 22:28:15.103, 295.40, 100, 74232, 72
2026/07/28 22:28:16.139, 294.64, 100, 74232, 72
2026/07/28 22:28:17.177, 295.41, 100, 74232, 72
2026/07/28 22:28:18.213, 294.73, 100, 74232, 72
2026/07/28 22:28:19.250, 295.20, 100, 74232, 72
2026/07/28 22:28:20.286, 293.85, 100, 74232, 72
2026/07/28 22:28:21.325, 299.78, 100, 74232, 72
2026/07/28 22:28:22.363, 303.22, 100, 74232, 72
2026/07/28 22:28:23.399, 298.62, 100, 74232, 73
2026/07/28 22:28:24.437, 298.90, 100, 74232, 72
2026/07/28 22:28:25.474, 294.63, 100, 74232, 72
2026/07/28 22:28:26.520, 297.73, 100, 74232, 73
2026/07/28 22:28:27.560, 302.14, 100, 74232, 73
2026/07/28 22:28:28.596, 303.06, 100, 74232, 73
2026/07/28 22:28:29.636, 302.86, 100, 74232, 73
2026/07/28 22:28:30.672, 98.88, 0, 74232, 69
2026/07/28 22:28:31.703, 97.50, 0, 74232, 68
2026/07/28 22:28:32.735, 96.49, 0, 74232, 68
2026/07/28 22:28:33.768, 96.02, 0, 74232, 67
2026/07/28 22:28:34.799, 95.28, 0, 74232, 67
2026/07/28 22:28:35.830, 94.44, 0, 74232, 66
2026/07/28 22:28:36.861, 93.84, 0, 74232, 66
2026/07/28 22:28:37.893, 276.21, 25, 74232, 70
2026/07/28 22:28:38.927, 307.55, 100, 74232, 71
2026/07/28 22:28:39.962, 306.68, 100, 74232, 71
2026/07/28 22:28:40.996, 297.29, 100, 74232, 71
2026/07/28 22:28:42.030, 287.98, 100, 74232, 71
2026/07/28 22:28:43.065, 306.18, 100, 74232, 71
2026/07/28 22:28:44.105, 298.01, 100, 74232, 71
2026/07/28 22:28:45.141, 304.43, 100, 74232, 70
2026/07/28 22:28:46.179, 287.60, 100, 74232, 70
2026/07/28 22:28:47.217, 292.27, 100, 74232, 70
2026/07/28 22:28:48.256, 292.20, 100, 74232, 70
2026/07/28 22:28:49.294, 290.13, 100, 74232, 70
2026/07/28 22:28:50.333, 297.45, 100, 74232, 71
2026/07/28 22:28:51.371, 291.12, 100, 74232, 71
2026/07/28 22:28:52.408, 299.58, 100, 74232, 71
2026/07/28 22:28:53.446, 299.57, 100, 74232, 71
2026/07/28 22:28:54.483, 300.33, 100, 74232, 71
2026/07/28 22:28:55.521, 300.27, 100, 74232, 71
2026/07/28 22:28:56.557, 298.89, 100, 74232, 71
2026/07/28 22:28:57.595, 299.86, 100, 74232, 72
2026/07/28 22:28:58.631, 301.34, 100, 74232, 72
2026/07/28 22:28:59.669, 300.93, 100, 74232, 72
2026/07/28 22:29:00.705, 300.67, 100, 74232, 72
2026/07/28 22:29:01.745, 303.55, 100, 74232, 72
2026/07/28 22:29:02.783, 301.33, 100, 74232, 72
2026/07/28 22:29:03.819, 300.27, 100, 74232, 72
2026/07/28 22:29:04.857, 301.13, 100, 74232, 72
2026/07/28 22:29:05.894, 301.56, 100, 74232, 72
2026/07/28 22:29:06.931, 301.55, 100, 74232, 72
2026/07/28 22:29:07.970, 300.66, 100, 74232, 72
2026/07/28 22:29:09.007, 301.35, 100, 74232, 72
2026/07/28 22:29:10.047, 301.45, 100, 74232, 72
2026/07/28 22:29:11.083, 302.29, 100, 74232, 72
2026/07/28 22:29:12.121, 293.55, 100, 74232, 72
2026/07/28 22:29:13.158, 293.95, 100, 74232, 72
2026/07/28 22:29:14.195, 294.23, 100, 74232, 72
2026/07/28 22:29:15.233, 294.42, 100, 74232, 72
2026/07/28 22:29:16.270, 299.96, 100, 74232, 72
2026/07/28 22:29:17.308, 301.16, 100, 74232, 72
2026/07/28 22:29:18.345, 298.22, 100, 74232, 72
2026/07/28 22:29:19.381, 301.55, 100, 74232, 72
2026/07/28 22:29:20.418, 299.59, 100, 74232, 72
2026/07/28 22:29:21.456, 302.64, 100, 74232, 72
2026/07/28 22:29:22.495, 302.71, 100, 74232, 72
2026/07/28 22:29:23.534, 302.45, 100, 74232, 73
2026/07/28 22:29:24.572, 302.70, 100, 74232, 73
2026/07/28 22:29:25.610, 302.50, 100, 74232, 73
2026/07/28 22:29:26.647, 302.23, 100, 74232, 73
2026/07/28 22:29:27.686, 302.00, 100, 74232, 73
2026/07/28 22:29:28.724, 302.29, 100, 74232, 73
2026/07/28 22:29:29.761, 302.50, 100, 74232, 73
2026/07/28 22:29:30.801, 296.20, 100, 74232, 73
2026/07/28 22:29:31.838, 295.01, 100, 74232, 73
2026/07/28 22:29:32.875, 295.42, 100, 74232, 73
2026/07/28 22:29:33.912, 294.53, 100, 74232, 73
2026/07/28 22:29:34.949, 294.54, 100, 74232, 73
2026/07/28 22:29:35.987, 299.61, 100, 74232, 73
2026/07/28 22:29:37.023, 295.01, 100, 74232, 73
2026/07/28 22:29:38.060, 295.01, 100, 74232, 73
2026/07/28 22:29:39.097, 294.44, 100, 74232, 73
2026/07/28 22:29:40.135, 294.25, 100, 74232, 73
2026/07/28 22:29:41.172, 297.35, 100, 74232, 73
2026/07/28 22:29:42.211, 297.36, 100, 74232, 73
2026/07/28 22:29:43.247, 302.07, 100, 74232, 73
2026/07/28 22:29:44.287, 295.02, 100, 74232, 73
2026/07/28 22:29:45.324, 303.61, 100, 74232, 73
2026/07/28 22:29:46.360, 294.54, 100, 74232, 73
2026/07/28 22:29:47.398, 294.92, 100, 74232, 73
2026/07/28 22:29:48.438, 291.51, 100, 74232, 73
2026/07/28 22:29:49.476, 294.91, 100, 74232, 73
2026/07/28 22:29:50.512, 294.42, 100, 74232, 73
2026/07/28 22:29:51.548, 302.98, 100, 74232, 73
2026/07/28 22:29:52.584, 303.62, 100, 74232, 73
2026/07/28 22:29:53.621, 301.91, 100, 74232, 73
2026/07/28 22:29:54.656, 302.28, 100, 74232, 73
2026/07/28 22:29:55.693, 302.48, 100, 74232, 73
2026/07/28 22:29:56.729, 302.39, 100, 74232, 73
2026/07/28 22:29:57.766, 296.27, 100, 74232, 73
2026/07/28 22:29:58.804, 295.69, 100, 74232, 73
2026/07/28 22:29:59.840, 295.02, 100, 74232, 73
2026/07/28 22:30:00.879, 294.93, 100, 74232, 73
2026/07/28 22:30:01.917, 294.44, 100, 74232, 73
2026/07/28 22:30:02.955, 291.03, 100, 74232, 73
2026/07/28 22:30:03.993, 295.69, 100, 74232, 73
2026/07/28 22:30:05.032, 301.17, 100, 74232, 73
2026/07/28 22:30:06.069, 301.69, 100, 74232, 73
2026/07/28 22:30:07.108, 302.51, 100, 74232, 73
2026/07/28 22:30:08.145, 301.14, 100, 74232, 73
2026/07/28 22:30:09.182, 303.19, 100, 74232, 73
2026/07/28 22:30:10.219, 303.01, 100, 74232, 73
2026/07/28 22:30:11.256, 302.71, 100, 74232, 73
2026/07/28 22:30:12.293, 302.22, 100, 74232, 73
2026/07/28 22:30:13.330, 302.72, 100, 74232, 73
2026/07/28 22:30:14.368, 302.29, 100, 74232, 73
2026/07/28 22:30:15.405, 302.87, 100, 74232, 73
2026/07/28 22:30:16.447, 302.03, 100, 74232, 73
2026/07/28 22:30:17.485, 303.56, 100, 74232, 73
2026/07/28 22:30:18.522, 301.93, 100, 74232, 73
2026/07/28 22:30:19.560, 302.62, 100, 74232, 73
2026/07/28 22:30:20.598, 302.29, 100, 74232, 73
2026/07/28 22:30:21.638, 294.43, 100, 74232, 73
2026/07/28 22:30:22.676, 295.12, 100, 74232, 73
2026/07/28 22:30:23.713, 295.30, 100, 74232, 73
2026/07/28 22:30:24.750, 295.03, 100, 74232, 73
2026/07/28 22:30:25.788, 295.01, 100, 74232, 73
2026/07/28 22:30:26.826, 295.21, 100, 74232, 73
2026/07/28 22:30:27.862, 292.32, 100, 74232, 73
2026/07/28 22:30:28.899, 298.41, 100, 74232, 73
2026/07/28 22:30:29.936, 301.75, 100, 74232, 73
2026/07/28 22:30:30.974, 295.70, 100, 74232, 73
2026/07/28 22:30:32.011, 294.72, 100, 74232, 73
2026/07/28 22:30:33.050, 302.23, 100, 74232, 73
2026/07/28 22:30:34.087, 302.20, 100, 74232, 73
2026/07/28 22:30:35.124, 301.98, 100, 74232, 73
2026/07/28 22:30:36.163, 303.27, 100, 74232, 73
2026/07/28 22:30:37.200, 305.62, 100, 74232, 73
2026/07/28 22:30:38.237, 304.08, 100, 74232, 73
2026/07/28 22:30:39.275, 302.81, 100, 74232, 73
2026/07/28 22:30:40.312, 302.24, 100, 74232, 73
2026/07/28 22:30:41.350, 301.91, 100, 74232, 73
2026/07/28 22:30:42.388, 299.80, 100, 74232, 73
2026/07/28 22:30:43.433, 297.15, 100, 74232, 73
2026/07/28 22:30:44.472, 295.01, 100, 74232, 73
2026/07/28 22:30:45.510, 294.12, 100, 74232, 73
2026/07/28 22:30:46.555, 294.72, 100, 74232, 73
2026/07/28 22:30:47.591, 291.51, 100, 74232, 73
2026/07/28 22:30:48.628, 295.49, 100, 74232, 73
2026/07/28 22:30:49.664, 295.03, 100, 74232, 73
2026/07/28 22:30:50.700, 294.54, 100, 74232, 73
2026/07/28 22:30:51.738, 291.91, 100, 74232, 73
2026/07/28 22:30:52.775, 295.22, 100, 74232, 73
2026/07/28 22:30:53.813, 300.96, 100, 74232, 73
2026/07/28 22:30:54.850, 302.10, 100, 74232, 73
2026/07/28 22:30:55.888, 296.07, 100, 74232, 73
2026/07/28 22:30:56.925, 302.81, 100, 74232, 73
2026/07/28 22:30:57.963, 301.73, 100, 74232, 73
2026/07/28 22:30:59.000, 296.38, 100, 74232, 73
2026/07/28 22:31:00.036, 301.53, 100, 74232, 73
2026/07/28 22:31:01.074, 295.12, 100, 74232, 73
2026/07/28 22:31:02.111, 294.35, 100, 74232, 73
2026/07/28 22:31:03.150, 295.03, 100, 74232, 73
2026/07/28 22:31:04.186, 300.76, 100, 74232, 73
2026/07/28 22:31:05.225, 302.77, 100, 74232, 73
2026/07/28 22:31:06.262, 291.25, 100, 74232, 73
2026/07/28 22:31:07.301, 298.99, 100, 74232, 73
2026/07/28 22:31:08.338, 302.59, 100, 74232, 73
2026/07/28 22:31:09.374, 304.56, 100, 74232, 73
2026/07/28 22:31:10.411, 302.41, 100, 74232, 73
2026/07/28 22:31:11.448, 292.18, 100, 74232, 73
2026/07/28 22:31:12.486, 292.30, 100, 74232, 73
2026/07/28 22:31:13.524, 291.12, 100, 74232, 73
2026/07/28 22:31:14.561, 300.56, 100, 74232, 73
2026/07/28 22:31:15.598, 305.67, 100, 74232, 73
2026/07/28 22:31:16.636, 302.52, 100, 74232, 73
2026/07/28 22:31:17.675, 303.38, 100, 74232, 73
2026/07/28 22:31:18.714, 302.43, 100, 74232, 73
2026/07/28 22:31:19.751, 296.76, 100, 74232, 73
2026/07/28 22:31:20.789, 295.69, 100, 74232, 73
2026/07/28 22:31:21.826, 293.75, 100, 74232, 73
2026/07/28 22:31:22.864, 291.49, 100, 74232, 73
2026/07/28 22:31:23.901, 295.22, 100, 74232, 73
2026/07/28 22:31:24.938, 301.94, 100, 74232, 73
2026/07/28 22:31:25.979, 303.86, 100, 74232, 73
2026/07/28 22:31:27.016, 304.26, 100, 74232, 73
2026/07/28 22:31:28.054, 303.00, 100, 74232, 73
2026/07/28 22:31:29.092, 302.79, 100, 74232, 73
2026/07/28 22:31:30.129, 302.86, 100, 74232, 73
2026/07/28 22:31:31.167, 302.71, 100, 74232, 73
2026/07/28 22:31:32.204, 303.37, 100, 74232, 73
2026/07/28 22:31:33.241, 303.21, 100, 74232, 73
2026/07/28 22:31:34.278, 303.19, 100, 74232, 73
2026/07/28 22:31:35.316, 302.61, 100, 74232, 73
2026/07/28 22:31:36.353, 302.50, 100, 74232, 73
2026/07/28 22:31:37.390, 306.65, 100, 74232, 73
2026/07/28 22:31:38.430, 295.39, 100, 74232, 73
2026/07/28 22:31:39.467, 295.12, 100, 74232, 73
2026/07/28 22:31:40.504, 292.20, 100, 74232, 73
2026/07/28 22:31:41.542, 295.31, 100, 74232, 73
2026/07/28 22:31:42.579, 290.83, 100, 74232, 73
2026/07/28 22:31:43.617, 294.92, 100, 74232, 73
2026/07/28 22:31:44.653, 296.95, 100, 74232, 73
2026/07/28 22:31:45.694, 295.02, 100, 74232, 73
2026/07/28 22:31:46.731, 298.60, 100, 74232, 73
2026/07/28 22:31:47.768, 294.63, 100, 74232, 73
2026/07/28 22:31:48.806, 294.05, 100, 74232, 73
2026/07/28 22:31:49.843, 295.99, 100, 74232, 73
2026/07/28 22:31:50.882, 291.70, 100, 74232, 73
2026/07/28 22:31:51.919, 295.61, 100, 74232, 73
2026/07/28 22:31:52.960, 298.21, 100, 74232, 73
2026/07/28 22:31:53.999, 303.39, 100, 74232, 73
2026/07/28 22:31:55.036, 303.28, 100, 74232, 73
2026/07/28 22:31:56.072, 302.50, 100, 74232, 73
2026/07/28 22:31:57.109, 302.37, 100, 74232, 73
2026/07/28 22:31:58.146, 304.57, 100, 74232, 73
2026/07/28 22:31:59.183, 302.80, 100, 74232, 73
2026/07/28 22:32:00.220, 303.29, 100, 74232, 73
2026/07/28 22:32:01.257, 302.85, 100, 74232, 73
2026/07/28 22:32:02.294, 304.03, 100, 74232, 73
2026/07/28 22:32:03.331, 301.90, 100, 74232, 73
2026/07/28 22:32:04.368, 303.39, 100, 74232, 73
2026/07/28 22:32:05.406, 296.67, 100, 74232, 73
2026/07/28 22:32:06.443, 295.29, 100, 74232, 73
2026/07/28 22:32:07.481, 292.32, 100, 74232, 73
2026/07/28 22:32:08.518, 291.60, 100, 74232, 73
2026/07/28 22:32:09.555, 295.03, 100, 74232, 73
2026/07/28 22:32:10.593, 294.91, 100, 74232, 73
2026/07/28 22:32:11.630, 295.89, 100, 74232, 73
2026/07/28 22:32:12.666, 295.89, 100, 74232, 73
2026/07/28 22:32:13.703, 294.23, 100, 74232, 73
2026/07/28 22:32:14.740, 296.87, 100, 74232, 73
2026/07/28 22:32:15.778, 295.70, 100, 74232, 73
2026/07/28 22:32:16.815, 302.81, 100, 74232, 73
2026/07/28 22:32:17.852, 295.32, 100, 74232, 73
2026/07/28 22:32:18.891, 295.80, 100, 74232, 73
2026/07/28 22:32:19.928, 303.41, 100, 74232, 73
2026/07/28 22:32:20.967, 302.22, 100, 74232, 73
2026/07/28 22:32:22.006, 294.82, 100, 74232, 73
2026/07/28 22:32:23.043, 303.78, 100, 74232, 73
2026/07/28 22:32:24.081, 302.61, 100, 74232, 73
2026/07/28 22:32:25.117, 302.92, 100, 74232, 73
2026/07/28 22:32:26.156, 295.71, 100, 74232, 73
2026/07/28 22:32:27.195, 297.64, 100, 74232, 73
2026/07/28 22:32:28.231, 303.16, 100, 74232, 73
2026/07/28 22:32:29.267, 302.41, 100, 74232, 73
2026/07/28 22:32:30.309, 296.57, 100, 74232, 73
2026/07/28 22:32:31.346, 294.72, 100, 74232, 73
2026/07/28 22:32:32.382, 295.22, 100, 74232, 73
2026/07/28 22:32:33.423, 295.31, 100, 74232, 73
2026/07/28 22:32:34.460, 296.39, 100, 74232, 73
2026/07/28 22:32:35.497, 295.61, 100, 74232, 73
2026/07/28 22:32:36.535, 303.53, 100, 74232, 73
2026/07/28 22:32:37.572, 303.19, 100, 74232, 73
2026/07/28 22:32:38.610, 305.05, 100, 74232, 73
2026/07/28 22:32:39.646, 297.26, 100, 74232, 73
2026/07/28 22:32:40.684, 298.15, 100, 74232, 73
2026/07/28 22:32:41.721, 303.55, 100, 74232, 73
2026/07/28 22:32:42.760, 295.89, 100, 74232, 73
2026/07/28 22:32:43.798, 292.19, 100, 74232, 73
2026/07/28 22:32:44.837, 291.42, 100, 74232, 73
2026/07/28 22:32:45.876, 295.59, 100, 74232, 73
2026/07/28 22:32:46.913, 295.51, 100, 74232, 73
2026/07/28 22:32:47.952, 295.51, 100, 74232, 73
2026/07/28 22:32:48.990, 296.48, 100, 74232, 73
2026/07/28 22:32:50.028, 295.79, 100, 74232, 73
2026/07/28 22:32:51.065, 299.10, 100, 74232, 73
2026/07/28 22:32:52.102, 296.38, 100, 74232, 73
2026/07/28 22:32:53.140, 300.45, 100, 74232, 73
2026/07/28 22:32:54.177, 303.26, 100, 74232, 73
2026/07/28 22:32:55.217, 303.79, 100, 74232, 73
2026/07/28 22:32:56.254, 305.64, 100, 74232, 73
2026/07/28 22:32:57.290, 302.92, 100, 74232, 73
2026/07/28 22:32:58.326, 304.65, 100, 74232, 73
2026/07/28 22:32:59.363, 302.97, 100, 74232, 73
2026/07/28 22:33:00.401, 303.00, 100, 74232, 73
2026/07/28 22:33:01.439, 295.31, 100, 74232, 73
2026/07/28 22:33:02.476, 295.19, 100, 74232, 73
2026/07/28 22:33:03.514, 295.79, 100, 74232, 73
2026/07/28 22:33:04.550, 294.83, 100, 74232, 73
2026/07/28 22:33:05.587, 292.00, 100, 74232, 73
2026/07/28 22:33:06.628, 295.50, 100, 74232, 73
2026/07/28 22:33:07.665, 302.03, 100, 74232, 73
2026/07/28 22:33:08.702, 295.68, 100, 74232, 73
2026/07/28 22:33:09.740, 295.71, 100, 74232, 73
2026/07/28 22:33:10.776, 297.05, 100, 74232, 73
2026/07/28 22:33:11.813, 294.62, 100, 74232, 73
2026/07/28 22:33:12.850, 304.89, 100, 74232, 73
2026/07/28 22:33:13.886, 303.10, 100, 74232, 73
2026/07/28 22:33:14.922, 306.29, 100, 74232, 73
2026/07/28 22:33:15.963, 305.31, 100, 74232, 73
2026/07/28 22:33:16.999, 303.59, 100, 74232, 73
2026/07/28 22:33:18.035, 303.87, 100, 74232, 73
2026/07/28 22:33:19.072, 295.90, 100, 74232, 73
2026/07/28 22:33:20.108, 295.70, 100, 74232, 73
2026/07/28 22:33:21.144, 295.50, 100, 74232, 73
2026/07/28 22:33:22.181, 295.98, 100, 74232, 73
2026/07/28 22:33:23.218, 302.93, 100, 74232, 73
2026/07/28 22:33:24.255, 299.22, 100, 74232, 73
2026/07/28 22:33:25.293, 303.57, 100, 74232, 73
2026/07/28 22:33:26.328, 302.33, 100, 74232, 73
2026/07/28 22:33:27.366, 303.55, 100, 74232, 73
2026/07/28 22:33:28.401, 303.92, 100, 74232, 73
2026/07/28 22:33:29.438, 302.82, 100, 74232, 73
2026/07/28 22:33:30.476, 305.10, 100, 74232, 73
2026/07/28 22:33:31.512, 304.50, 100, 74232, 73
2026/07/28 22:33:32.552, 302.68, 100, 74232, 73
2026/07/28 22:33:33.589, 302.32, 100, 74232, 73
2026/07/28 22:33:34.625, 303.56, 100, 74232, 73
2026/07/28 22:33:35.662, 299.61, 100, 74232, 73
2026/07/28 22:33:36.699, 303.77, 100, 74232, 73
2026/07/28 22:33:37.737, 298.61, 100, 74232, 73
2026/07/28 22:33:38.776, 303.49, 100, 74232, 74
2026/07/28 22:33:39.812, 291.88, 100, 74232, 74
2026/07/28 22:33:40.848, 289.98, 100, 74232, 74
2026/07/28 22:33:41.882, 291.11, 100, 74232, 74
2026/07/28 22:33:42.917, 305.38, 100, 74232, 74
2026/07/28 22:33:43.956, 311.08, 100, 74232, 74
2026/07/28 22:33:44.992, 302.00, 100, 74232, 73
2026/07/28 22:33:46.030, 299.89, 100, 74232, 73
2026/07/28 22:33:47.066, 295.78, 100, 74232, 73
2026/07/28 22:33:48.103, 295.98, 100, 74232, 73
2026/07/28 22:33:49.140, 302.28, 100, 74232, 73
2026/07/28 22:33:50.177, 302.20, 100, 74232, 73
2026/07/28 22:33:51.214, 304.81, 100, 74232, 73
2026/07/28 22:33:52.253, 295.50, 100, 74232, 73
2026/07/28 22:33:53.289, 295.70, 100, 74232, 73
2026/07/28 22:33:54.328, 295.69, 100, 74232, 73
2026/07/28 22:33:55.365, 295.88, 100, 74232, 73
2026/07/28 22:33:56.403, 295.90, 100, 74232, 73
2026/07/28 22:33:57.440, 295.39, 100, 74232, 73
2026/07/28 22:33:58.476, 303.59, 100, 74232, 73
2026/07/28 22:33:59.513, 298.91, 100, 74232, 73
2026/07/28 22:34:00.549, 300.28, 100, 74232, 73
2026/07/28 22:34:01.586, 293.93, 100, 74232, 73
2026/07/28 22:34:02.623, 295.60, 100, 74232, 73
2026/07/28 22:34:03.659, 295.60, 100, 74232, 73
2026/07/28 22:34:04.699, 296.28, 100, 74232, 73
2026/07/28 22:34:05.736, 292.58, 100, 74232, 73
2026/07/28 22:34:06.776, 293.07, 100, 74232, 73
2026/07/28 22:34:07.812, 303.84, 100, 74232, 73
2026/07/28 22:34:08.848, 296.17, 100, 74232, 73
2026/07/28 22:34:09.884, 297.84, 100, 74232, 73
2026/07/28 22:34:10.921, 304.80, 100, 74232, 73
2026/07/28 22:34:11.958, 302.97, 100, 74232, 73
2026/07/28 22:34:12.995, 303.39, 100, 74232, 73
2026/07/28 22:34:14.031, 305.23, 100, 74232, 73
2026/07/28 22:34:15.067, 303.36, 100, 74232, 73
2026/07/28 22:34:16.104, 304.63, 100, 74232, 73
2026/07/28 22:34:17.141, 297.06, 100, 74232, 73
2026/07/28 22:34:18.179, 295.59, 100, 74232, 73
2026/07/28 22:34:19.216, 295.90, 100, 74232, 73
2026/07/28 22:34:20.253, 295.60, 100, 74232, 73
2026/07/28 22:34:21.289, 295.61, 100, 74232, 73
2026/07/28 22:34:22.327, 295.78, 100, 74232, 73
2026/07/28 22:34:23.365, 295.49, 100, 74232, 73
2026/07/28 22:34:24.401, 295.12, 100, 74232, 73
2026/07/28 22:34:25.440, 296.29, 100, 74232, 73
2026/07/28 22:34:26.478, 295.51, 100, 74232, 73
2026/07/28 22:34:27.515, 295.22, 100, 74232, 73
2026/07/28 22:34:28.552, 295.70, 100, 74232, 73
2026/07/28 22:34:29.589, 295.21, 100, 74232, 73
2026/07/28 22:34:30.628, 295.32, 100, 74232, 73
2026/07/28 22:34:31.665, 302.70, 100, 74232, 73
2026/07/28 22:34:32.702, 303.17, 100, 74232, 73
2026/07/28 22:34:33.739, 300.92, 100, 74232, 73
2026/07/28 22:34:34.776, 302.13, 100, 74232, 73
2026/07/28 22:34:35.815, 300.19, 100, 74232, 73
2026/07/28 22:34:36.853, 301.13, 100, 74232, 73
2026/07/28 22:34:37.890, 303.85, 100, 74232, 73
2026/07/28 22:34:38.926, 302.49, 100, 74232, 73
2026/07/28 22:34:39.965, 299.50, 100, 74232, 73
2026/07/28 22:34:41.002, 303.16, 100, 74232, 73
2026/07/28 22:34:42.042, 302.31, 100, 74232, 73
2026/07/28 22:34:43.079, 303.49, 100, 74232, 73
2026/07/28 22:34:44.116, 303.49, 100, 74232, 73
2026/07/28 22:34:45.153, 297.07, 100, 74232, 73
2026/07/28 22:34:46.190, 296.18, 100, 74232, 73
2026/07/28 22:34:47.228, 292.49, 100, 74232, 73
2026/07/28 22:34:48.265, 295.22, 100, 74232, 73
2026/07/28 22:34:49.302, 295.41, 100, 74232, 73
2026/07/28 22:34:50.339, 295.80, 100, 74232, 73
2026/07/28 22:34:51.375, 295.90, 100, 74232, 73
2026/07/28 22:34:52.412, 295.00, 100, 74232, 73
2026/07/28 22:34:53.450, 298.89, 100, 74232, 73
2026/07/28 22:34:54.488, 299.20, 100, 74232, 73
2026/07/28 22:34:55.526, 294.92, 100, 74232, 73
2026/07/28 22:34:56.566, 295.32, 100, 74232, 73
2026/07/28 22:34:57.604, 295.41, 100, 74232, 73
2026/07/28 22:34:58.641, 296.30, 100, 74232, 73
2026/07/28 22:34:59.679, 294.63, 100, 74232, 73
2026/07/28 22:35:00.717, 300.84, 100, 74232, 73
2026/07/28 22:35:01.756, 299.31, 100, 74232, 73
2026/07/28 22:35:02.793, 298.33, 100, 74232, 73
2026/07/28 22:35:03.831, 303.18, 100, 74232, 73
2026/07/28 22:35:04.869, 303.36, 100, 74232, 73
2026/07/28 22:35:05.907, 304.52, 100, 74232, 73
2026/07/28 22:35:06.945, 301.95, 100, 74232, 73
2026/07/28 22:35:07.982, 295.70, 100, 74232, 73
2026/07/28 22:35:09.022, 295.31, 100, 74232, 73
2026/07/28 22:35:10.060, 296.78, 100, 74232, 73
2026/07/28 22:35:11.097, 295.96, 100, 74232, 73
2026/07/28 22:35:12.134, 292.39, 100, 74232, 73
2026/07/28 22:35:13.181, 295.29, 100, 74232, 73
2026/07/28 22:35:14.224, 295.12, 100, 74232, 73
2026/07/28 22:35:15.262, 297.91, 100, 74232, 73
2026/07/28 22:35:16.306, 298.02, 100, 74232, 73
2026/07/28 22:35:17.344, 301.13, 100, 74232, 73
2026/07/28 22:35:18.381, 302.71, 100, 74232, 73
2026/07/28 22:35:19.426, 296.19, 100, 74232, 73
2026/07/28 22:35:20.464, 295.52, 100, 74232, 73
2026/07/28 22:35:21.501, 292.41, 100, 74232, 73
2026/07/28 22:35:22.545, 295.22, 100, 74232, 73
2026/07/28 22:35:23.583, 295.71, 100, 74232, 73
2026/07/28 22:35:24.621, 294.43, 100, 74232, 73
2026/07/28 22:35:25.664, 295.40, 100, 74232, 73
2026/07/28 22:35:26.702, 303.08, 100, 74232, 73
2026/07/28 22:35:27.738, 302.78, 100, 74232, 73
2026/07/28 22:35:28.775, 303.64, 100, 74232, 73
2026/07/28 22:35:29.813, 301.91, 100, 74232, 73
2026/07/28 22:35:30.850, 303.00, 100, 74232, 73
2026/07/28 22:35:31.890, 303.30, 100, 74232, 73
2026/07/28 22:35:32.927, 296.96, 100, 74232, 73
2026/07/28 22:35:33.964, 295.99, 100, 74232, 73
2026/07/28 22:35:35.002, 304.70, 100, 74232, 73
2026/07/28 22:35:36.039, 295.23, 100, 74232, 73
2026/07/28 22:35:37.076, 306.30, 100, 74232, 73
2026/07/28 22:35:38.113, 302.30, 100, 74232, 73
2026/07/28 22:35:39.150, 296.09, 100, 74232, 73
2026/07/28 22:35:40.189, 302.81, 100, 74232, 73
2026/07/28 22:35:41.225, 303.68, 100, 74232, 73
2026/07/28 22:35:42.264, 302.72, 100, 74232, 73
2026/07/28 22:35:43.302, 297.35, 100, 74232, 73
2026/07/28 22:35:44.338, 302.21, 100, 74232, 73
2026/07/28 22:35:45.377, 295.20, 100, 74232, 73
2026/07/28 22:35:46.414, 291.51, 100, 74232, 73
2026/07/28 22:35:47.452, 294.63, 100, 74232, 73
2026/07/28 22:35:48.489, 295.03, 100, 74232, 73
2026/07/28 22:35:49.527, 297.35, 100, 74232, 73
2026/07/28 22:35:50.564, 295.22, 100, 74232, 73
2026/07/28 22:35:51.601, 290.94, 100, 74232, 73
2026/07/28 22:35:52.638, 298.53, 100, 74232, 73
2026/07/28 22:35:53.677, 301.93, 100, 74232, 73
2026/07/28 22:35:54.713, 302.28, 100, 74232, 73
2026/07/28 22:35:55.750, 302.67, 100, 74232, 73
2026/07/28 22:35:56.786, 302.04, 100, 74232, 73
2026/07/28 22:35:57.823, 302.32, 100, 74232, 73
2026/07/28 22:35:58.862, 302.33, 100, 74232, 73
2026/07/28 22:35:59.899, 303.35, 100, 74232, 73
2026/07/28 22:36:00.937, 302.61, 100, 74232, 73
2026/07/28 22:36:01.974, 302.99, 100, 74232, 73
2026/07/28 22:36:03.012, 292.00, 100, 74232, 73
2026/07/28 22:36:04.049, 295.42, 100, 74232, 73
2026/07/28 22:36:05.089, 299.11, 100, 74232, 73
2026/07/28 22:36:06.125, 303.60, 100, 74232, 73
2026/07/28 22:36:07.162, 302.96, 100, 74232, 73
2026/07/28 22:36:08.200, 303.26, 100, 74232, 73
2026/07/28 22:36:09.238, 298.72, 100, 74232, 73
2026/07/28 22:36:10.278, 303.55, 100, 74232, 73
2026/07/28 22:36:11.315, 296.09, 100, 74232, 73
2026/07/28 22:36:12.353, 296.95, 100, 74232, 73
2026/07/28 22:36:13.391, 294.03, 100, 74232, 73
2026/07/28 22:36:14.428, 295.11, 100, 74232, 73
2026/07/28 22:36:15.467, 295.80, 100, 74232, 73
2026/07/28 22:36:16.504, 306.21, 100, 74232, 73
2026/07/28 22:36:17.542, 305.62, 100, 74232, 73
2026/07/28 22:36:18.580, 302.78, 100, 74232, 73
2026/07/28 22:36:19.619, 301.33, 100, 74232, 73
2026/07/28 22:36:20.657, 302.14, 100, 74232, 73
2026/07/28 22:36:21.702, 302.49, 100, 74232, 73
2026/07/28 22:36:22.740, 295.02, 100, 74232, 73
2026/07/28 22:36:23.779, 297.75, 100, 74232, 73
2026/07/28 22:36:24.816, 295.42, 100, 74232, 73
2026/07/28 22:36:25.855, 299.59, 100, 74232, 73
2026/07/28 22:36:26.892, 302.18, 100, 74232, 73
2026/07/28 22:36:27.930, 299.30, 100, 74232, 73
2026/07/28 22:36:28.967, 296.58, 100, 74232, 73
2026/07/28 22:36:30.003, 303.87, 100, 74232, 73
2026/07/28 22:36:31.040, 298.91, 100, 74232, 73
2026/07/28 22:36:32.077, 302.52, 100, 74232, 73
2026/07/28 22:36:33.114, 302.78, 100, 74232, 73
2026/07/28 22:36:34.150, 295.41, 100, 74232, 73
2026/07/28 22:36:35.189, 295.22, 100, 74232, 72
2026/07/28 22:36:36.224, 296.95, 100, 74232, 72
2026/07/28 22:36:37.260, 294.64, 100, 74232, 72
2026/07/28 22:36:38.297, 294.82, 100, 74232, 72
2026/07/28 22:36:39.335, 302.11, 100, 74232, 73
2026/07/28 22:36:40.371, 304.02, 100, 74232, 73
2026/07/28 22:36:41.408, 299.18, 100, 74232, 73
2026/07/28 22:36:42.444, 303.16, 100, 74232, 73
2026/07/28 22:36:43.481, 302.90, 100, 74232, 73
2026/07/28 22:36:44.517, 303.68, 100, 74232, 73
2026/07/28 22:36:45.557, 302.39, 100, 74232, 73
2026/07/28 22:36:46.594, 303.88, 100, 74232, 73
2026/07/28 22:36:47.631, 302.38, 100, 74232, 73
2026/07/28 22:36:48.668, 303.08, 100, 74232, 73
2026/07/28 22:36:49.705, 302.71, 100, 74232, 73
2026/07/28 22:36:50.742, 302.62, 100, 74232, 73
2026/07/28 22:36:51.779, 302.00, 100, 74232, 73
2026/07/28 22:36:52.817, 294.73, 100, 74232, 72
2026/07/28 22:36:53.854, 295.97, 100, 74232, 72
2026/07/28 22:36:54.893, 296.97, 100, 74232, 72
2026/07/28 22:36:55.931, 300.09, 100, 74232, 72
2026/07/28 22:36:56.968, 301.83, 100, 74232, 73
2026/07/28 22:36:58.005, 301.44, 100, 74232, 73
2026/07/28 22:36:59.042, 296.28, 100, 74232, 72
2026/07/28 22:37:00.080, 291.32, 100, 74232, 72
2026/07/28 22:37:01.117, 295.02, 100, 74232, 72
2026/07/28 22:37:02.156, 294.33, 100, 74232, 72
2026/07/28 22:37:03.192, 298.04, 100, 74232, 72
2026/07/28 22:37:04.229, 301.45, 100, 74232, 73
2026/07/28 22:37:05.268, 304.16, 100, 74232, 73
2026/07/28 22:37:06.305, 302.88, 100, 74232, 73
2026/07/28 22:37:07.342, 302.96, 100, 74232, 73
2026/07/28 22:37:08.378, 302.58, 100, 74232, 73
2026/07/28 22:37:09.415, 298.90, 100, 74232, 72
2026/07/28 22:37:10.451, 296.86, 100, 74232, 72
2026/07/28 22:37:11.491, 291.11, 100, 74232, 72
2026/07/28 22:37:12.529, 301.35, 100, 74232, 72
2026/07/28 22:37:13.567, 301.06, 100, 74232, 72
2026/07/28 22:37:14.604, 294.33, 100, 74232, 72
2026/07/28 22:37:15.641, 294.17, 100, 74232, 72
2026/07/28 22:37:16.678, 294.53, 100, 74232, 72
2026/07/28 22:37:17.715, 295.72, 100, 74232, 72
2026/07/28 22:37:18.753, 299.03, 100, 74232, 72
2026/07/28 22:37:19.791, 295.02, 100, 74232, 72
2026/07/28 22:37:20.828, 295.03, 100, 74232, 72
2026/07/28 22:37:21.866, 302.51, 100, 74232, 73
2026/07/28 22:37:22.904, 303.60, 100, 74232, 73
2026/07/28 22:37:23.942, 301.92, 100, 74232, 73
2026/07/28 22:37:24.980, 302.55, 100, 74232, 73
2026/07/28 22:37:26.017, 302.51, 100, 74232, 72
2026/07/28 22:37:27.055, 304.24, 100, 74232, 73
2026/07/28 22:37:28.092, 301.84, 100, 74232, 73
2026/07/28 22:37:29.129, 300.38, 100, 74232, 73
2026/07/28 22:37:30.166, 297.16, 100, 74232, 72
2026/07/28 22:37:31.206, 300.28, 100, 74232, 72
2026/07/28 22:37:32.242, 298.89, 100, 74232, 72
2026/07/28 22:37:33.279, 291.41, 100, 74232, 72
2026/07/28 22:37:34.316, 295.06, 100, 74232, 72
2026/07/28 22:37:35.355, 295.69, 100, 74232, 72
2026/07/28 22:37:36.393, 290.45, 100, 74232, 72
2026/07/28 22:37:37.430, 295.62, 100, 74232, 72
2026/07/28 22:37:38.467, 295.50, 100, 74232, 72
2026/07/28 22:37:39.505, 303.48, 100, 74232, 72
2026/07/28 22:37:40.541, 302.87, 100, 74232, 72
2026/07/28 22:37:41.577, 298.52, 100, 74232, 72
2026/07/28 22:37:42.614, 292.96, 100, 74232, 72
2026/07/28 22:37:43.652, 294.71, 100, 74232, 72
2026/07/28 22:37:44.690, 301.93, 100, 74232, 72
2026/07/28 22:37:45.726, 296.87, 100, 74232, 72
2026/07/28 22:37:46.763, 293.94, 100, 74232, 72
2026/07/28 22:37:47.801, 294.72, 100, 74232, 72
2026/07/28 22:37:48.841, 295.03, 100, 74232, 72
2026/07/28 22:37:49.878, 300.96, 100, 74232, 72
2026/07/28 22:37:50.915, 295.79, 100, 74232, 72
2026/07/28 22:37:51.952, 303.17, 100, 74232, 72
2026/07/28 22:37:52.988, 302.62, 100, 74232, 72
2026/07/28 22:37:54.026, 302.89, 100, 74232, 72
2026/07/28 22:37:55.064, 301.73, 100, 74232, 72
2026/07/28 22:37:56.101, 304.51, 100, 74232, 72
2026/07/28 22:37:57.139, 302.11, 100, 74232, 72
2026/07/28 22:37:58.178, 298.89, 100, 74232, 72
2026/07/28 22:37:59.216, 302.22, 100, 74232, 72
2026/07/28 22:38:00.252, 298.91, 100, 74232, 72
2026/07/28 22:38:01.289, 302.53, 100, 74232, 72
2026/07/28 22:38:02.325, 301.94, 100, 74232, 72
2026/07/28 22:38:03.362, 301.63, 100, 74232, 72
2026/07/28 22:38:04.398, 302.43, 100, 74232, 72
2026/07/28 22:38:05.434, 297.54, 100, 74232, 72
2026/07/28 22:38:06.473, 296.01, 100, 74232, 72
2026/07/28 22:38:07.510, 295.31, 100, 74232, 72
2026/07/28 22:38:08.547, 291.03, 100, 74232, 72
2026/07/28 22:38:09.589, 294.04, 100, 74232, 72
2026/07/28 22:38:10.626, 294.54, 100, 74232, 72
2026/07/28 22:38:11.662, 294.73, 100, 74232, 72
2026/07/28 22:38:12.701, 295.20, 100, 74232, 72
2026/07/28 22:38:13.737, 296.57, 100, 74232, 72
2026/07/28 22:38:14.774, 295.29, 100, 74232, 72
2026/07/28 22:38:15.812, 294.43, 100, 74232, 72
2026/07/28 22:38:16.850, 295.41, 100, 74232, 72
2026/07/28 22:38:17.888, 294.14, 100, 74232, 72
2026/07/28 22:38:18.925, 302.10, 100, 74232, 72
2026/07/28 22:38:19.963, 294.14, 100, 74232, 72
2026/07/28 22:38:21.001, 302.13, 100, 74232, 72
2026/07/28 22:38:22.038, 306.94, 100, 74232, 72
2026/07/28 22:38:23.075, 303.18, 100, 74232, 73
2026/07/28 22:38:24.112, 304.85, 100, 74232, 73
2026/07/28 22:38:25.148, 303.99, 100, 74232, 73
2026/07/28 22:38:26.185, 302.38, 100, 74232, 73
2026/07/28 22:38:27.225, 301.63, 100, 74232, 73
2026/07/28 22:38:28.262, 298.23, 100, 74232, 73
2026/07/28 22:38:29.299, 295.21, 100, 74232, 72
2026/07/28 22:38:30.336, 295.41, 100, 74232, 72
2026/07/28 22:38:31.373, 294.45, 100, 74232, 72
2026/07/28 22:38:32.409, 295.60, 100, 74232, 72
2026/07/28 22:38:33.447, 302.81, 100, 74232, 72
2026/07/28 22:38:34.485, 297.64, 100, 74232, 72
2026/07/28 22:38:35.523, 293.07, 100, 74232, 72
2026/07/28 22:38:36.560, 294.82, 100, 74232, 72
2026/07/28 22:38:37.600, 294.73, 100, 74232, 72
2026/07/28 22:38:38.636, 100.68, 0, 74232, 69
2026/07/28 22:38:39.678, 290.06, 100, 74232, 73
2026/07/28 22:38:40.713, 309.52, 100, 74232, 74
2026/07/28 22:38:41.748, 303.70, 100, 74232, 74
2026/07/28 22:38:42.783, 321.40, 100, 74232, 74
2026/07/28 22:38:43.820, 256.63, 100, 74232, 73
2026/07/28 22:38:44.855, 291.12, 100, 74232, 74
2026/07/28 22:38:45.891, 295.99, 100, 74232, 72
2026/07/28 22:38:46.935, 293.55, 100, 74232, 72
2026/07/28 22:38:47.974, 295.37, 100, 74232, 72
2026/07/28 22:38:49.011, 290.53, 100, 74232, 72
2026/07/28 22:38:50.051, 294.61, 100, 74232, 72
2026/07/28 22:38:51.090, 290.53, 100, 74232, 72
2026/07/28 22:38:52.126, 293.94, 100, 74232, 72
2026/07/28 22:38:53.165, 303.21, 100, 74232, 73
2026/07/28 22:38:54.202, 294.52, 100, 74232, 73
2026/07/28 22:38:55.244, 302.89, 100, 74232, 73
2026/07/28 22:38:56.281, 301.62, 100, 74232, 73
2026/07/28 22:38:57.319, 302.12, 100, 74232, 73
2026/07/28 22:38:58.357, 302.89, 100, 74232, 73
2026/07/28 22:38:59.393, 296.47, 100, 74232, 73
2026/07/28 22:39:00.434, 301.99, 100, 74232, 73
2026/07/28 22:39:01.475, 303.01, 100, 74232, 73
2026/07/28 22:39:02.512, 294.82, 100, 74232, 73
2026/07/28 22:39:03.549, 296.18, 100, 74232, 73
2026/07/28 22:39:04.586, 297.73, 100, 74232, 73
2026/07/28 22:39:05.624, 294.93, 100, 74232, 73
2026/07/28 22:39:06.660, 296.46, 100, 74232, 73
2026/07/28 22:39:07.697, 290.92, 100, 74232, 73
2026/07/28 22:39:08.734, 294.33, 100, 74232, 73
2026/07/28 22:39:09.776, 300.28, 100, 74232, 73
2026/07/28 22:39:10.812, 294.82, 100, 74232, 73
2026/07/28 22:39:11.850, 299.60, 100, 74232, 73
2026/07/28 22:39:12.888, 302.51, 100, 74232, 73
2026/07/28 22:39:13.925, 303.06, 100, 74232, 73
2026/07/28 22:39:14.963, 298.72, 100, 74232, 73
2026/07/28 22:39:16.001, 303.08, 100, 74232, 73
2026/07/28 22:39:17.037, 301.42, 100, 74232, 73
2026/07/28 22:39:18.074, 302.51, 100, 74232, 73
2026/07/28 22:39:19.110, 304.94, 100, 74232, 73
2026/07/28 22:39:20.146, 301.42, 100, 74232, 73
2026/07/28 22:39:21.182, 302.62, 100, 74232, 73
2026/07/28 22:39:22.219, 295.19, 100, 74232, 73
2026/07/28 22:39:23.255, 301.99, 100, 74232, 73
2026/07/28 22:39:24.291, 297.94, 100, 74232, 72
2026/07/28 22:39:25.327, 297.84, 100, 74232, 72
2026/07/28 22:39:26.363, 301.79, 100, 74232, 73
2026/07/28 22:39:27.399, 301.64, 100, 74232, 73
2026/07/28 22:39:28.435, 298.43, 100, 74232, 73
2026/07/28 22:39:29.473, 303.09, 100, 74232, 73
2026/07/28 22:39:30.509, 298.70, 100, 74232, 73
2026/07/28 22:39:31.549, 298.61, 100, 74232, 72
2026/07/28 22:39:32.587, 291.12, 100, 74232, 72
2026/07/28 22:39:33.625, 298.43, 100, 74232, 73
2026/07/28 22:39:34.667, 297.14, 100, 74232, 72
2026/07/28 22:39:35.706, 294.06, 100, 74232, 72
2026/07/28 22:39:36.743, 292.65, 100, 74232, 72
2026/07/28 22:39:37.782, 294.92, 100, 74232, 72
2026/07/28 22:39:38.820, 295.68, 100, 74232, 72
2026/07/28 22:39:39.858, 297.83, 100, 74232, 72
2026/07/28 22:39:40.895, 291.21, 100, 74232, 72
2026/07/28 22:39:41.933, 294.43, 100, 74232, 72
2026/07/28 22:39:42.970, 301.83, 100, 74232, 73
2026/07/28 22:39:44.010, 296.47, 100, 74232, 73
2026/07/28 22:39:45.047, 292.58, 100, 74232, 73
2026/07/28 22:39:46.085, 298.52, 100, 74232, 72
2026/07/28 22:39:47.123, 302.10, 100, 74232, 73
2026/07/28 22:39:48.163, 301.35, 100, 74232, 73
2026/07/28 22:39:49.200, 301.84, 100, 74232, 73
2026/07/28 22:39:50.238, 302.38, 100, 74232, 73
2026/07/28 22:39:51.275, 302.32, 100, 74232, 73
2026/07/28 22:39:52.312, 301.74, 100, 74232, 73
2026/07/28 22:39:53.350, 302.43, 100, 74232, 73
2026/07/28 22:39:54.389, 301.90, 100, 74232, 73
2026/07/28 22:39:55.427, 294.82, 100, 74232, 72
2026/07/28 22:39:56.464, 295.89, 100, 74232, 72
2026/07/28 22:39:57.503, 302.88, 100, 74232, 72
2026/07/28 22:39:58.540, 302.23, 100, 74232, 72
2026/07/28 22:39:59.578, 298.69, 100, 74232, 72
2026/07/28 22:40:00.616, 302.22, 100, 74232, 72
2026/07/28 22:40:01.653, 302.59, 100, 74232, 73
2026/07/28 22:40:02.691, 295.01, 100, 74232, 72
2026/07/28 22:40:03.728, 301.53, 100, 74232, 73
2026/07/28 22:40:04.767, 301.92, 100, 74232, 73
2026/07/28 22:40:05.804, 295.80, 100, 74232, 72
2026/07/28 22:40:06.843, 304.71, 100, 74232, 72
2026/07/28 22:40:07.883, 296.67, 100, 74232, 72
2026/07/28 22:40:08.920, 290.44, 100, 74232, 72
2026/07/28 22:40:09.958, 294.42, 100, 74232, 72
2026/07/28 22:40:10.995, 294.16, 100, 74232, 72
2026/07/28 22:40:12.034, 301.46, 100, 74232, 72
2026/07/28 22:40:13.070, 303.77, 100, 74232, 73
2026/07/28 22:40:14.108, 300.47, 100, 74232, 73
2026/07/28 22:40:15.144, 303.11, 100, 74232, 72
2026/07/28 22:40:16.185, 300.09, 100, 74232, 72
2026/07/28 22:40:17.222, 294.92, 100, 74232, 72
2026/07/28 22:40:18.259, 295.70, 100, 74232, 73
2026/07/28 22:40:19.296, 297.55, 100, 74232, 72
2026/07/28 22:40:20.333, 299.70, 100, 74232, 73
2026/07/28 22:40:21.371, 294.92, 100, 74232, 72
2026/07/28 22:40:22.408, 294.44, 100, 74232, 72
2026/07/28 22:40:23.447, 294.33, 100, 74232, 72
2026/07/28 22:40:24.484, 293.85, 100, 74232, 73
2026/07/28 22:40:25.522, 302.51, 100, 74232, 73
2026/07/28 22:40:26.561, 301.61, 100, 74232, 73
2026/07/28 22:40:27.598, 301.13, 100, 74232, 73
2026/07/28 22:40:28.636, 302.77, 100, 74232, 73
2026/07/28 22:40:29.672, 301.90, 100, 74232, 73
2026/07/28 22:40:30.709, 301.34, 100, 74232, 73
2026/07/28 22:40:31.746, 302.40, 100, 74232, 73
2026/07/28 22:40:32.784, 302.77, 100, 74232, 73
2026/07/28 22:40:33.822, 302.53, 100, 74232, 73
2026/07/28 22:40:34.858, 304.43, 100, 74232, 73
2026/07/28 22:40:35.895, 302.14, 100, 74232, 73
2026/07/28 22:40:36.932, 302.98, 100, 74232, 73
2026/07/28 22:40:37.969, 303.48, 100, 74232, 73
2026/07/28 22:40:39.007, 302.89, 100, 74232, 73
2026/07/28 22:40:40.044, 302.53, 100, 74232, 73
2026/07/28 22:40:41.081, 290.55, 100, 74232, 72
2026/07/28 22:40:42.120, 302.14, 100, 74232, 73
2026/07/28 22:40:43.156, 302.47, 100, 74232, 73
2026/07/28 22:40:44.203, 302.64, 100, 74232, 73
2026/07/28 22:40:45.241, 290.94, 100, 74232, 72
2026/07/28 22:40:46.278, 295.80, 100, 74232, 72
2026/07/28 22:40:47.319, 294.82, 100, 74232, 72
2026/07/28 22:40:48.355, 296.28, 100, 74232, 72
2026/07/28 22:40:49.395, 294.93, 100, 74232, 72
2026/07/28 22:40:50.432, 294.63, 100, 74232, 72
2026/07/28 22:40:51.470, 294.82, 100, 74232, 73
2026/07/28 22:40:52.509, 296.48, 100, 74232, 73
2026/07/28 22:40:53.549, 298.32, 100, 74232, 73
2026/07/28 22:40:54.586, 296.86, 100, 74232, 73
2026/07/28 22:40:55.628, 302.92, 100, 74232, 73
2026/07/28 22:40:56.666, 301.99, 100, 74232, 72
2026/07/28 22:40:57.703, 296.38, 100, 74232, 72
2026/07/28 22:40:58.741, 294.92, 100, 74232, 72
2026/07/28 22:40:59.777, 290.91, 100, 74232, 72
2026/07/28 22:41:00.818, 294.73, 100, 74232, 73
2026/07/28 22:41:01.856, 303.80, 100, 74232, 73
2026/07/28 22:41:02.895, 302.04, 100, 74232, 73
2026/07/28 22:41:03.936, 303.07, 100, 74232, 73
2026/07/28 22:41:04.974, 302.22, 100, 74232, 73
2026/07/28 22:41:06.013, 301.64, 100, 74232, 73
2026/07/28 22:41:07.052, 302.89, 100, 74232, 73
2026/07/28 22:41:08.088, 302.62, 100, 74232, 73
2026/07/28 22:41:09.125, 297.36, 100, 74232, 73
2026/07/28 22:41:10.168, 295.21, 100, 74232, 73
2026/07/28 22:41:11.206, 291.51, 100, 74232, 73
2026/07/28 22:41:12.243, 292.68, 100, 74232, 73
2026/07/28 22:41:13.284, 295.89, 100, 74232, 73
2026/07/28 22:41:14.321, 294.72, 100, 74232, 73
2026/07/28 22:41:15.360, 295.31, 100, 74232, 73
2026/07/28 22:41:16.397, 297.04, 100, 74232, 73
2026/07/28 22:41:17.435, 295.51, 100, 74232, 73
2026/07/28 22:41:18.472, 294.43, 100, 74232, 73
2026/07/28 22:41:19.509, 295.60, 100, 74232, 73
2026/07/28 22:41:20.546, 295.22, 100, 74232, 73
2026/07/28 22:41:21.583, 296.00, 100, 74232, 73
2026/07/28 22:41:22.621, 297.45, 100, 74232, 73
2026/07/28 22:41:23.657, 302.98, 100, 74232, 73
2026/07/28 22:41:24.696, 302.91, 100, 74232, 73
2026/07/28 22:41:25.733, 302.49, 100, 74232, 73
2026/07/28 22:41:26.769, 304.17, 100, 74232, 73
2026/07/28 22:41:27.806, 303.87, 100, 74232, 73
2026/07/28 22:41:28.843, 303.19, 100, 74232, 73
2026/07/28 22:41:29.882, 303.68, 100, 74232, 73
2026/07/28 22:41:30.921, 303.59, 100, 74232, 73
2026/07/28 22:41:31.957, 303.59, 100, 74232, 73
2026/07/28 22:41:32.997, 303.21, 100, 74232, 73
2026/07/28 22:41:34.034, 292.39, 100, 74232, 73
2026/07/28 22:41:35.075, 291.70, 100, 74232, 73
2026/07/28 22:41:36.112, 296.18, 100, 74232, 73
2026/07/28 22:41:37.149, 295.62, 100, 74232, 73
2026/07/28 22:41:38.186, 299.31, 100, 74232, 73
2026/07/28 22:41:39.222, 295.70, 100, 74232, 73
2026/07/28 22:41:40.261, 295.50, 100, 74232, 73
2026/07/28 22:41:41.297, 294.92, 100, 74232, 73
2026/07/28 22:41:42.333, 295.52, 100, 74232, 73
2026/07/28 22:41:43.370, 296.00, 100, 74232, 73
2026/07/28 22:41:44.411, 296.19, 100, 74232, 73
2026/07/28 22:41:45.448, 295.42, 100, 74232, 73
2026/07/28 22:41:46.484, 299.49, 100, 74232, 73
2026/07/28 22:41:47.521, 305.04, 100, 74232, 73
2026/07/28 22:41:48.557, 302.97, 100, 74232, 73
2026/07/28 22:41:49.594, 303.69, 100, 74232, 73
2026/07/28 22:41:50.630, 303.29, 100, 74232, 73
2026/07/28 22:41:51.666, 304.93, 100, 74232, 73
2026/07/28 22:41:52.702, 303.02, 100, 74232, 73
2026/07/28 22:41:53.739, 302.98, 100, 74232, 73
2026/07/28 22:41:54.774, 303.70, 100, 74232, 73
2026/07/28 22:41:55.810, 303.66, 100, 74232, 73
2026/07/28 22:41:56.848, 301.47, 100, 74232, 73
2026/07/28 22:41:57.884, 303.10, 100, 74232, 73
2026/07/28 22:41:58.921, 303.10, 100, 74232, 73
2026/07/28 22:41:59.958, 300.74, 100, 74232, 73
2026/07/28 22:42:00.995, 296.87, 100, 74232, 73
2026/07/28 22:42:02.032, 295.51, 100, 74232, 73
2026/07/28 22:42:03.071, 296.47, 100, 74232, 73
2026/07/28 22:42:04.106, 295.79, 100, 74232, 73
2026/07/28 22:42:05.147, 306.75, 100, 74232, 73
2026/07/28 22:42:06.186, 302.58, 100, 74232, 73
2026/07/28 22:42:07.222, 295.41, 100, 74232, 73
2026/07/28 22:42:08.260, 296.18, 100, 74232, 73
2026/07/28 22:42:09.297, 292.29, 100, 74232, 73
2026/07/28 22:42:10.336, 302.83, 100, 74232, 73
2026/07/28 22:42:11.373, 302.40, 100, 74232, 73
2026/07/28 22:42:12.410, 301.51, 100, 74232, 73
2026/07/28 22:42:13.446, 299.50, 100, 74232, 73
2026/07/28 22:42:14.483, 301.25, 100, 74232, 73
2026/07/28 22:42:15.520, 302.03, 100, 74232, 73
2026/07/28 22:42:16.557, 294.93, 100, 74232, 73
2026/07/28 22:42:17.595, 300.85, 100, 74232, 73
2026/07/28 22:42:18.632, 303.59, 100, 74232, 73
2026/07/28 22:42:19.671, 302.97, 100, 74232, 73
2026/07/28 22:42:20.709, 303.69, 100, 74232, 73
2026/07/28 22:42:21.745, 303.39, 100, 74232, 73
2026/07/28 22:42:22.785, 303.27, 100, 74232, 73
2026/07/28 22:42:23.821, 295.13, 100, 74232, 73
2026/07/28 22:42:24.859, 295.98, 100, 74232, 73
2026/07/28 22:42:25.895, 297.35, 100, 74232, 73
2026/07/28 22:42:26.937, 295.58, 100, 74232, 73
2026/07/28 22:42:27.974, 291.89, 100, 74232, 73
2026/07/28 22:42:29.012, 295.40, 100, 74232, 73
2026/07/28 22:42:30.050, 295.80, 100, 74232, 73
2026/07/28 22:42:31.087, 294.92, 100, 74232, 73
2026/07/28 22:42:32.124, 295.22, 100, 74232, 73
2026/07/28 22:42:33.161, 299.29, 100, 74232, 73
2026/07/28 22:42:34.200, 301.62, 100, 74232, 73
2026/07/28 22:42:35.238, 301.75, 100, 74232, 73
2026/07/28 22:42:36.277, 303.59, 100, 74232, 73
2026/07/28 22:42:37.316, 303.12, 100, 74232, 73
2026/07/28 22:42:38.352, 303.30, 100, 74232, 73
2026/07/28 22:42:39.389, 299.99, 100, 74232, 73
2026/07/28 22:42:40.426, 298.63, 100, 74232, 73
2026/07/28 22:42:41.462, 295.99, 100, 74232, 73
2026/07/28 22:42:42.498, 295.81, 100, 74232, 73
2026/07/28 22:42:43.533, 295.81, 100, 74232, 73
2026/07/28 22:42:44.570, 294.92, 100, 74232, 73
2026/07/28 22:42:45.608, 294.92, 100, 74232, 73
2026/07/28 22:42:46.646, 303.00, 100, 74232, 73
2026/07/28 22:42:47.684, 295.40, 100, 74232, 73
2026/07/28 22:42:48.722, 295.21, 100, 74232, 73
2026/07/28 22:42:49.759, 297.16, 100, 74232, 73
2026/07/28 22:42:50.796, 295.79, 100, 74232, 73
2026/07/28 22:42:51.834, 297.81, 100, 74232, 73
2026/07/28 22:42:52.873, 303.89, 100, 74232, 73
2026/07/28 22:42:53.912, 303.19, 100, 74232, 73
2026/07/28 22:42:54.950, 299.86, 100, 74232, 73
2026/07/28 22:42:55.987, 303.20, 100, 74232, 73
2026/07/28 22:42:57.025, 303.76, 100, 74232, 73
2026/07/28 22:42:58.062, 302.72, 100, 74232, 73
2026/07/28 22:42:59.100, 305.29, 100, 74232, 73
2026/07/28 22:43:00.137, 296.56, 100, 74232, 73
2026/07/28 22:43:01.174, 296.17, 100, 74232, 73
2026/07/28 22:43:02.216, 291.70, 100, 74232, 73
2026/07/28 22:43:03.254, 295.69, 100, 74232, 73
2026/07/28 22:43:04.292, 296.57, 100, 74232, 73
2026/07/28 22:43:05.330, 299.28, 100, 74232, 73
2026/07/28 22:43:06.367, 302.28, 100, 74232, 73
2026/07/28 22:43:07.405, 297.24, 100, 74232, 73
2026/07/28 22:43:08.443, 301.06, 100, 74232, 73
2026/07/28 22:43:09.480, 303.27, 100, 74232, 73
2026/07/28 22:43:10.517, 296.38, 100, 74232, 73
2026/07/28 22:43:11.554, 296.19, 100, 74232, 73
2026/07/28 22:43:12.590, 295.60, 100, 74232, 73
2026/07/28 22:43:13.627, 298.03, 100, 74232, 73
2026/07/28 22:43:14.663, 295.70, 100, 74232, 73
2026/07/28 22:43:15.703, 296.28, 100, 74232, 73
2026/07/28 22:43:16.739, 295.81, 100, 74232, 73
2026/07/28 22:43:17.776, 303.48, 100, 74232, 73
2026/07/28 22:43:18.814, 300.51, 100, 74232, 73
2026/07/28 22:43:19.850, 303.27, 100, 74232, 73
2026/07/28 22:43:20.888, 302.49, 100, 74232, 73
2026/07/28 22:43:21.926, 302.90, 100, 74232, 73
2026/07/28 22:43:22.964, 303.69, 100, 74232, 73
2026/07/28 22:43:24.001, 303.68, 100, 74232, 73
2026/07/28 22:43:25.037, 302.62, 100, 74232, 73
2026/07/28 22:43:26.073, 304.81, 100, 74232, 73
2026/07/28 22:43:27.112, 303.24, 100, 74232, 73
2026/07/28 22:43:28.149, 299.50, 100, 74232, 73
2026/07/28 22:43:29.185, 304.14, 100, 74232, 73
2026/07/28 22:43:30.222, 304.08, 100, 74232, 73
2026/07/28 22:43:31.263, 303.18, 100, 74232, 73
2026/07/28 22:43:32.301, 299.11, 100, 74232, 73
2026/07/28 22:43:33.339, 298.21, 100, 74232, 73
2026/07/28 22:43:34.377, 302.90, 100, 74232, 73
2026/07/28 22:43:35.414, 299.86, 100, 74232, 73
2026/07/28 22:43:36.454, 295.81, 100, 74232, 73
2026/07/28 22:43:37.490, 296.97, 100, 74232, 73
2026/07/28 22:43:38.528, 297.85, 100, 74232, 73
2026/07/28 22:43:39.566, 99.04, 43, 74232, 71
2026/07/28 22:43:40.605, 97.07, 0, 74232, 69
2026/07/28 22:43:41.638, 96.28, 0, 74232, 68
2026/07/28 22:43:42.669, 95.28, 0, 74232, 68
2026/07/28 22:43:43.700, 94.57, 0, 74232, 67
2026/07/28 22:43:44.733, 93.42, 0, 74232, 67
2026/07/28 22:43:45.765, 93.54, 0, 74232, 66
2026/07/28 22:43:46.797, 93.25, 0, 74232, 66
2026/07/28 22:43:47.831, 93.19, 0, 74232, 65
2026/07/28 22:43:48.862, 91.77, 0, 74232, 65
2026/07/28 22:43:49.894, 91.47, 0, 74232, 65
2026/07/28 22:43:50.927, 90.87, 0, 74232, 64
2026/07/28 22:43:51.959, 90.34, 0, 74232, 64
2026/07/28 22:43:52.990, 90.09, 0, 74232, 64
2026/07/28 22:43:54.023, 90.01, 0, 74232, 63
2026/07/28 22:43:55.055, 90.38, 0, 74232, 63
2026/07/28 22:43:56.088, 296.29, 100, 74232, 68
2026/07/28 22:43:57.130, 295.98, 100, 74232, 68
2026/07/28 22:43:58.165, 287.75, 100, 74232, 69
2026/07/28 22:43:59.201, 289.17, 100, 74232, 69
2026/07/28 22:44:00.237, 308.65, 100, 74232, 69
2026/07/28 22:44:01.273, 260.35, 100, 74232, 69
2026/07/28 22:44:02.309, 303.27, 100, 74232, 68
2026/07/28 22:44:03.348, 302.51, 100, 74232, 68
2026/07/28 22:44:04.385, 302.01, 100, 74232, 68
2026/07/28 22:44:05.421, 304.88, 100, 74232, 69
2026/07/28 22:44:06.460, 303.19, 100, 74232, 69
2026/07/28 22:44:07.497, 299.30, 100, 74232, 69
2026/07/28 22:44:08.535, 296.01, 100, 74232, 69
2026/07/28 22:44:09.573, 296.39, 100, 74232, 69
2026/07/28 22:44:10.611, 297.35, 100, 74232, 70
2026/07/28 22:44:11.648, 297.75, 100, 74232, 70
2026/07/28 22:44:12.686, 297.90, 100, 74232, 70
2026/07/28 22:44:13.723, 298.20, 100, 74232, 70
2026/07/28 22:44:14.761, 299.18, 100, 74232, 70
2026/07/28 22:44:15.797, 298.70, 100, 74232, 70
2026/07/28 22:44:16.837, 299.10, 100, 74232, 70
2026/07/28 22:44:17.873, 301.04, 100, 74232, 71
2026/07/28 22:44:18.911, 299.86, 100, 74232, 71
2026/07/28 22:44:19.948, 301.21, 100, 74232, 71
2026/07/28 22:44:20.984, 299.39, 100, 74232, 71
2026/07/28 22:44:22.023, 298.51, 100, 74232, 71
2026/07/28 22:44:23.060, 299.50, 100, 74232, 71
2026/07/28 22:44:24.097, 299.48, 100, 74232, 71
2026/07/28 22:44:25.134, 299.77, 100, 74232, 71
2026/07/28 22:44:26.171, 300.07, 100, 74232, 71
2026/07/28 22:44:27.209, 300.36, 100, 74232, 71
2026/07/28 22:44:28.246, 299.29, 100, 74232, 71
2026/07/28 22:44:29.286, 293.33, 100, 74232, 71
2026/07/28 22:44:30.323, 293.16, 100, 74232, 71
2026/07/28 22:44:31.360, 288.70, 100, 74232, 71
2026/07/28 22:44:32.397, 293.26, 100, 74232, 71
2026/07/28 22:44:33.435, 301.74, 100, 74232, 72
2026/07/28 22:44:34.472, 293.15, 100, 74232, 72
2026/07/28 22:44:35.510, 293.75, 100, 74232, 72
2026/07/28 22:44:36.550, 300.38, 100, 74232, 72
2026/07/28 22:44:37.586, 300.46, 100, 74232, 72
2026/07/28 22:44:38.623, 300.54, 100, 74232, 72
2026/07/28 22:44:39.661, 301.51, 100, 74232, 72
2026/07/28 22:44:40.699, 301.54, 100, 74232, 72
2026/07/28 22:44:41.738, 301.03, 100, 74232, 72
2026/07/28 22:44:42.775, 301.91, 100, 74232, 72
2026/07/28 22:44:43.813, 297.65, 100, 74232, 72
2026/07/28 22:44:44.850, 301.75, 100, 74232, 72
2026/07/28 22:44:45.889, 301.53, 100, 74232, 72
2026/07/28 22:44:46.928, 301.33, 100, 74232, 72
2026/07/28 22:44:47.967, 301.43, 100, 74232, 72
2026/07/28 22:44:49.004, 300.84, 100, 74232, 72
2026/07/28 22:44:50.044, 302.23, 100, 74232, 72
2026/07/28 22:44:51.081, 294.23, 100, 74232, 72
2026/07/28 22:44:52.118, 293.06, 100, 74232, 72
2026/07/28 22:44:53.156, 293.75, 100, 74232, 72
2026/07/28 22:44:54.195, 300.85, 100, 74232, 72
2026/07/28 22:44:55.235, 296.08, 100, 74232, 72
2026/07/28 22:44:56.272, 294.12, 100, 74232, 72
2026/07/28 22:44:57.310, 295.42, 100, 74232, 72
2026/07/28 22:44:58.347, 293.84, 100, 74232, 72
2026/07/28 22:44:59.384, 294.15, 100, 74232, 72
2026/07/28 22:45:00.423, 297.46, 100, 74232, 72
2026/07/28 22:45:01.461, 302.10, 100, 74232, 72
2026/07/28 22:45:02.497, 305.78, 100, 74232, 73
2026/07/28 22:45:03.535, 302.68, 100, 74232, 73
2026/07/28 22:45:04.573, 304.47, 100, 74232, 73
2026/07/28 22:45:05.614, 301.92, 100, 74232, 73
2026/07/28 22:45:06.652, 302.39, 100, 74232, 73
2026/07/28 22:45:07.690, 302.24, 100, 74232, 73
2026/07/28 22:45:08.727, 301.80, 100, 74232, 73
2026/07/28 22:45:09.764, 302.44, 100, 74232, 73
2026/07/28 22:45:10.802, 291.02, 100, 74232, 72
2026/07/28 22:45:11.839, 303.20, 100, 74232, 73
2026/07/28 22:45:12.878, 302.68, 100, 74232, 73
2026/07/28 22:45:13.915, 292.99, 100, 74232, 72
2026/07/28 22:45:14.954, 290.83, 100, 74232, 73
2026/07/28 22:45:15.991, 291.13, 100, 74232, 72
2026/07/28 22:45:17.031, 293.65, 100, 74232, 73
2026/07/28 22:45:18.069, 302.13, 100, 74232, 73
2026/07/28 22:45:19.106, 303.49, 100, 74232, 73
2026/07/28 22:45:20.144, 303.42, 100, 74232, 73
2026/07/28 22:45:21.181, 295.98, 100, 74232, 73
2026/07/28 22:45:22.219, 297.17, 100, 74232, 73
2026/07/28 22:45:23.257, 294.63, 100, 74232, 73
2026/07/28 22:45:24.294, 291.32, 100, 74232, 73
2026/07/28 22:45:25.331, 294.71, 100, 74232, 73
2026/07/28 22:45:26.369, 292.36, 100, 74232, 73
2026/07/28 22:45:27.407, 294.92, 100, 74232, 73
2026/07/28 22:45:28.445, 294.83, 100, 74232, 73
2026/07/28 22:45:29.485, 295.31, 100, 74232, 73
2026/07/28 22:45:30.522, 296.67, 100, 74232, 73
2026/07/28 22:45:31.559, 298.61, 100, 74232, 73
2026/07/28 22:45:32.596, 301.53, 100, 74232, 73
2026/07/28 22:45:33.634, 304.34, 100, 74232, 73
2026/07/28 22:45:34.671, 302.42, 100, 74232, 73
2026/07/28 22:45:35.708, 303.89, 100, 74232, 73
2026/07/28 22:45:36.746, 302.20, 100, 74232, 73
2026/07/28 22:45:37.783, 294.83, 100, 74232, 73
2026/07/28 22:45:38.821, 296.37, 100, 74232, 73
2026/07/28 22:45:39.860, 296.77, 100, 74232, 73
2026/07/28 22:45:40.897, 291.43, 100, 74232, 73
2026/07/28 22:45:41.935, 296.85, 100, 74232, 73
2026/07/28 22:45:42.972, 295.68, 100, 74232, 73
2026/07/28 22:45:44.009, 295.51, 100, 74232, 73
2026/07/28 22:45:45.046, 294.63, 100, 74232, 73
2026/07/28 22:45:46.084, 294.73, 100, 74232, 73
2026/07/28 22:45:47.121, 295.12, 100, 74232, 73
2026/07/28 22:45:48.161, 303.27, 100, 74232, 73
2026/07/28 22:45:49.198, 305.50, 100, 74232, 73
2026/07/28 22:45:50.236, 293.96, 100, 74232, 73
2026/07/28 22:45:51.274, 295.51, 100, 74232, 73
2026/07/28 22:45:52.311, 295.03, 100, 74232, 73
2026/07/28 22:45:53.349, 296.28, 100, 74232, 73
2026/07/28 22:45:54.387, 295.61, 100, 74232, 73
2026/07/28 22:45:55.424, 299.87, 100, 74232, 73
2026/07/28 22:45:56.462, 302.41, 100, 74232, 73
2026/07/28 22:45:57.500, 300.34, 100, 74232, 73
2026/07/28 22:45:58.539, 303.08, 100, 74232, 73
2026/07/28 22:45:59.577, 302.88, 100, 74232, 73
2026/07/28 22:46:00.613, 304.55, 100, 74232, 73
2026/07/28 22:46:01.651, 302.10, 100, 74232, 73
2026/07/28 22:46:02.688, 301.92, 100, 74232, 73
2026/07/28 22:46:03.727, 302.58, 100, 74232, 73
2026/07/28 22:46:04.765, 302.39, 100, 74232, 73
2026/07/28 22:46:05.804, 302.97, 100, 74232, 73
2026/07/28 22:46:06.841, 303.44, 100, 74232, 73
2026/07/28 22:46:07.880, 296.48, 100, 74232, 73
2026/07/28 22:46:08.919, 296.30, 100, 74232, 73
2026/07/28 22:46:09.956, 294.92, 100, 74232, 73
2026/07/28 22:46:10.994, 297.05, 100, 74232, 73
2026/07/28 22:46:12.036, 295.02, 100, 74232, 73
2026/07/28 22:46:13.073, 295.00, 100, 74232, 73
2026/07/28 22:46:14.110, 291.51, 100, 74232, 73
2026/07/28 22:46:15.148, 297.04, 100, 74232, 73
2026/07/28 22:46:16.185, 294.63, 100, 74232, 73
2026/07/28 22:46:17.223, 299.09, 100, 74232, 73
2026/07/28 22:46:18.261, 295.02, 100, 74232, 73
2026/07/28 22:46:19.298, 302.96, 100, 74232, 73
2026/07/28 22:46:20.336, 303.18, 100, 74232, 73
2026/07/28 22:46:21.373, 302.22, 100, 74232, 73
2026/07/28 22:46:22.412, 298.32, 100, 74232, 73
2026/07/28 22:46:23.449, 302.80, 100, 74232, 73
2026/07/28 22:46:24.489, 302.98, 100, 74232, 73
2026/07/28 22:46:25.526, 299.99, 100, 74232, 73
2026/07/28 22:46:26.562, 302.32, 100, 74232, 73
2026/07/28 22:46:27.600, 303.75, 100, 74232, 73
2026/07/28 22:46:28.638, 302.72, 100, 74232, 73
2026/07/28 22:46:29.676, 302.71, 100, 74232, 73
2026/07/28 22:46:30.713, 303.08, 100, 74232, 73
2026/07/28 22:46:31.752, 302.09, 100, 74232, 73
2026/07/28 22:46:32.789, 300.87, 100, 74232, 73
2026/07/28 22:46:33.828, 300.66, 100, 74232, 73
2026/07/28 22:46:34.867, 295.50, 100, 74232, 73
2026/07/28 22:46:35.905, 294.92, 100, 74232, 73
2026/07/28 22:46:36.942, 295.49, 100, 74232, 73
2026/07/28 22:46:37.978, 291.93, 100, 74232, 73
2026/07/28 22:46:39.018, 295.90, 100, 74232, 73
2026/07/28 22:46:40.056, 295.79, 100, 74232, 73
2026/07/28 22:46:41.094, 295.23, 100, 74232, 73
2026/07/28 22:46:42.131, 295.01, 100, 74232, 73
2026/07/28 22:46:43.168, 295.13, 100, 74232, 73
2026/07/28 22:46:44.207, 295.31, 100, 74232, 73
2026/07/28 22:46:45.245, 295.23, 100, 74232, 72
2026/07/28 22:46:46.285, 302.52, 100, 74232, 73
2026/07/28 22:46:47.323, 302.82, 100, 74232, 73
2026/07/28 22:46:48.360, 302.40, 100, 74232, 73
2026/07/28 22:46:49.398, 304.41, 100, 74232, 73
2026/07/28 22:46:50.436, 291.32, 100, 74232, 72
2026/07/28 22:46:51.474, 290.84, 100, 74232, 73
2026/07/28 22:46:52.513, 303.11, 100, 74232, 73
2026/07/28 22:46:53.550, 302.22, 100, 74232, 73
2026/07/28 22:46:54.588, 302.71, 100, 74232, 73
2026/07/28 22:46:55.625, 303.55, 100, 74232, 73
2026/07/28 22:46:56.661, 303.35, 100, 74232, 73
2026/07/28 22:46:57.699, 304.64, 100, 74232, 73
2026/07/28 22:46:58.736, 303.27, 100, 74232, 73
2026/07/28 22:46:59.773, 304.14, 100, 74232, 73
2026/07/28 22:47:00.810, 302.03, 100, 74232, 73
2026/07/28 22:47:01.847, 301.44, 100, 74232, 73
2026/07/28 22:47:02.884, 302.41, 100, 74232, 73
2026/07/28 22:47:03.922, 302.18, 100, 74232, 73
2026/07/28 22:47:04.958, 298.31, 100, 74232, 73
2026/07/28 22:47:05.996, 295.41, 100, 74232, 73
2026/07/28 22:47:07.034, 293.24, 100, 74232, 73
2026/07/28 22:47:08.071, 294.72, 100, 74232, 73
2026/07/28 22:47:09.109, 298.41, 100, 74232, 73
2026/07/28 22:47:10.146, 294.63, 100, 74232, 73
2026/07/28 22:47:11.186, 297.66, 100, 74232, 73
2026/07/28 22:47:12.224, 302.98, 100, 74232, 73
2026/07/28 22:47:13.261, 303.69, 100, 74232, 73
2026/07/28 22:47:14.300, 303.39, 100, 74232, 73
2026/07/28 22:47:15.337, 295.11, 100, 74232, 73
2026/07/28 22:47:16.375, 296.87, 100, 74232, 73
2026/07/28 22:47:17.411, 295.57, 100, 74232, 73
2026/07/28 22:47:18.448, 302.78, 100, 74232, 73
2026/07/28 22:47:19.484, 299.28, 100, 74232, 73
2026/07/28 22:47:20.523, 299.60, 100, 74232, 73
2026/07/28 22:47:21.561, 303.56, 100, 74232, 73
2026/07/28 22:47:22.599, 303.21, 100, 74232, 73
2026/07/28 22:47:23.636, 304.33, 100, 74232, 73
2026/07/28 22:47:24.674, 296.86, 100, 74232, 73
2026/07/28 22:47:25.712, 303.55, 100, 74232, 73
2026/07/28 22:47:26.750, 300.47, 100, 74232, 73
2026/07/28 22:47:27.787, 294.91, 100, 74232, 73
2026/07/28 22:47:28.825, 296.20, 100, 74232, 73
2026/07/28 22:47:29.864, 295.31, 100, 74232, 73
2026/07/28 22:47:30.903, 296.66, 100, 74232, 73
2026/07/28 22:47:31.942, 295.12, 100, 74232, 73
2026/07/28 22:47:32.982, 295.80, 100, 74232, 73
2026/07/28 22:47:34.020, 295.69, 100, 74232, 73
2026/07/28 22:47:35.058, 295.29, 100, 74232, 73
2026/07/28 22:47:36.095, 295.03, 100, 74232, 73
2026/07/28 22:47:37.135, 295.98, 100, 74232, 73
2026/07/28 22:47:38.173, 304.36, 100, 74232, 73
2026/07/28 22:47:39.210, 299.51, 100, 74232, 73
2026/07/28 22:47:40.250, 300.00, 100, 74232, 73
2026/07/28 22:47:41.288, 304.27, 100, 74232, 73
2026/07/28 22:47:42.324, 303.59, 100, 74232, 73
2026/07/28 22:47:43.362, 304.37, 100, 74232, 73
2026/07/28 22:47:44.399, 303.30, 100, 74232, 73
2026/07/28 22:47:45.436, 304.26, 100, 74232, 73
2026/07/28 22:47:46.473, 303.95, 100, 74232, 73
2026/07/28 22:47:47.512, 297.73, 100, 74232, 73
2026/07/28 22:47:48.549, 303.00, 100, 74232, 73
2026/07/28 22:47:49.586, 297.74, 100, 74232, 73
2026/07/28 22:47:50.624, 297.85, 100, 74232, 73
2026/07/28 22:47:51.663, 295.09, 100, 74232, 73
2026/07/28 22:47:52.702, 295.30, 100, 74232, 73
2026/07/28 22:47:53.740, 295.13, 100, 74232, 73
2026/07/28 22:47:54.776, 295.81, 100, 74232, 73
2026/07/28 22:47:55.812, 296.39, 100, 74232, 73
2026/07/28 22:47:56.850, 295.90, 100, 74232, 73
2026/07/28 22:47:57.887, 296.20, 100, 74232, 73
2026/07/28 22:47:58.924, 295.70, 100, 74232, 73
2026/07/28 22:47:59.963, 295.41, 100, 74232, 73
2026/07/28 22:48:01.000, 295.60, 100, 74232, 73
2026/07/28 22:48:02.040, 296.27, 100, 74232, 73
2026/07/28 22:48:03.078, 295.61, 100, 74232, 73
2026/07/28 22:48:04.116, 302.72, 100, 74232, 73
2026/07/28 22:48:05.154, 302.89, 100, 74232, 73
2026/07/28 22:48:06.193, 295.02, 100, 74232, 73
2026/07/28 22:48:07.230, 299.70, 100, 74232, 73
2026/07/28 22:48:08.267, 297.45, 100, 74232, 73
2026/07/28 22:48:09.307, 295.60, 100, 74232, 73
2026/07/28 22:48:10.347, 303.64, 100, 74232, 73
2026/07/28 22:48:11.384, 303.80, 100, 74232, 73
2026/07/28 22:48:12.422, 303.45, 100, 74232, 73
2026/07/28 22:48:13.460, 298.62, 100, 74232, 73
2026/07/28 22:48:14.497, 298.21, 100, 74232, 73
2026/07/28 22:48:15.534, 298.51, 100, 74232, 73
2026/07/28 22:48:16.571, 297.42, 100, 74232, 73
2026/07/28 22:48:17.609, 295.30, 100, 74232, 73
2026/07/28 22:48:18.646, 295.22, 100, 74232, 73
2026/07/28 22:48:19.683, 295.62, 100, 74232, 73
2026/07/28 22:48:20.723, 295.70, 100, 74232, 73
2026/07/28 22:48:21.761, 296.27, 100, 74232, 73
2026/07/28 22:48:22.798, 295.41, 100, 74232, 73
2026/07/28 22:48:23.835, 294.85, 100, 74232, 73
2026/07/28 22:48:24.873, 295.12, 100, 74232, 73
2026/07/28 22:48:25.913, 294.74, 100, 74232, 73
2026/07/28 22:48:26.951, 302.23, 100, 74232, 73
2026/07/28 22:48:27.989, 299.20, 100, 74232, 73
2026/07/28 22:48:29.029, 295.12, 100, 74232, 73
2026/07/28 22:48:30.067, 303.50, 100, 74232, 73
2026/07/28 22:48:31.106, 302.72, 100, 74232, 73
2026/07/28 22:48:32.145, 303.10, 100, 74232, 73
2026/07/28 22:48:33.184, 296.96, 100, 74232, 73
2026/07/28 22:48:34.222, 297.85, 100, 74232, 73
2026/07/28 22:48:35.260, 294.82, 100, 74232, 73
2026/07/28 22:48:36.299, 294.82, 100, 74232, 73
2026/07/28 22:48:37.337, 295.32, 100, 74232, 73
2026/07/28 22:48:38.379, 291.61, 100, 74232, 73
2026/07/28 22:48:39.417, 304.51, 100, 74232, 73
2026/07/28 22:48:40.454, 300.85, 100, 74232, 73
2026/07/28 22:48:41.492, 301.23, 100, 74232, 73
2026/07/28 22:48:42.528, 302.40, 100, 74232, 73
2026/07/28 22:48:43.565, 306.18, 100, 74232, 73
2026/07/28 22:48:44.603, 303.11, 100, 74232, 73
2026/07/28 22:48:45.640, 305.83, 100, 74232, 73
2026/07/28 22:48:46.678, 304.80, 100, 74232, 73
2026/07/28 22:48:47.716, 301.43, 100, 74232, 73
2026/07/28 22:48:48.754, 298.13, 100, 74232, 73
2026/07/28 22:48:49.794, 291.81, 100, 74232, 72
2026/07/28 22:48:50.831, 291.70, 100, 74232, 72
2026/07/28 22:48:51.868, 291.73, 100, 74232, 72
2026/07/28 22:48:52.906, 295.88, 100, 74232, 72
2026/07/28 22:48:53.943, 295.60, 100, 74232, 72
2026/07/28 22:48:54.982, 291.23, 100, 74232, 72
2026/07/28 22:48:56.019, 99.04, 0, 74232, 69
2026/07/28 22:48:57.053, 288.79, 100, 74232, 74
2026/07/28 22:48:58.089, 297.07, 100, 74232, 74
2026/07/28 22:48:59.124, 294.65, 100, 74232, 74
2026/07/28 22:49:00.161, 316.71, 100, 74232, 74
2026/07/28 22:49:01.197, 303.86, 100, 74232, 74
2026/07/28 22:49:02.233, 251.24, 100, 74232, 74
2026/07/28 22:49:03.269, 300.26, 100, 74232, 72
2026/07/28 22:49:04.308, 301.64, 100, 74232, 72
2026/07/28 22:49:05.345, 302.09, 100, 74232, 72
2026/07/28 22:49:06.383, 303.10, 100, 74232, 72
2026/07/28 22:49:07.420, 290.84, 100, 74232, 72
2026/07/28 22:49:08.457, 294.63, 100, 74232, 73
2026/07/28 22:49:09.498, 296.21, 100, 74232, 73
2026/07/28 22:49:10.536, 292.10, 100, 74232, 73
2026/07/28 22:49:11.576, 296.38, 100, 74232, 73
2026/07/28 22:49:12.612, 294.33, 100, 74232, 73
2026/07/28 22:49:13.649, 296.67, 100, 74232, 73
2026/07/28 22:49:14.688, 295.12, 100, 74232, 73
2026/07/28 22:49:15.728, 295.41, 100, 74232, 73
2026/07/28 22:49:16.765, 302.98, 100, 74232, 73
2026/07/28 22:49:17.803, 299.40, 100, 74232, 73
2026/07/28 22:49:18.843, 304.46, 100, 74232, 73
2026/07/28 22:49:19.880, 303.17, 100, 74232, 73
2026/07/28 22:49:20.917, 302.38, 100, 74232, 73
2026/07/28 22:49:21.955, 302.91, 100, 74232, 73
2026/07/28 22:49:22.994, 302.96, 100, 74232, 73
2026/07/28 22:49:24.034, 302.90, 100, 74232, 73
2026/07/28 22:49:25.073, 295.31, 100, 74232, 73
2026/07/28 22:49:26.113, 291.62, 100, 74232, 73
2026/07/28 22:49:27.150, 295.40, 100, 74232, 73
2026/07/28 22:49:28.188, 294.92, 100, 74232, 73
2026/07/28 22:49:29.225, 295.71, 100, 74232, 73
2026/07/28 22:49:30.263, 295.81, 100, 74232, 73
2026/07/28 22:49:31.301, 295.69, 100, 74232, 73
2026/07/28 22:49:32.339, 295.20, 100, 74232, 73
2026/07/28 22:49:33.376, 296.95, 100, 74232, 73
2026/07/28 22:49:34.414, 294.83, 100, 74232, 73
2026/07/28 22:49:35.451, 296.94, 100, 74232, 73
2026/07/28 22:49:36.491, 297.84, 100, 74232, 73
2026/07/28 22:49:37.529, 302.14, 100, 74232, 73
2026/07/28 22:49:38.567, 302.30, 100, 74232, 73
2026/07/28 22:49:39.605, 302.39, 100, 74232, 73
2026/07/28 22:49:40.642, 303.49, 100, 74232, 73
2026/07/28 22:49:41.679, 303.19, 100, 74232, 73
2026/07/28 22:49:42.716, 304.46, 100, 74232, 73
2026/07/28 22:49:43.753, 302.03, 100, 74232, 73
2026/07/28 22:49:44.791, 302.41, 100, 74232, 73
2026/07/28 22:49:45.828, 296.87, 100, 74232, 73
2026/07/28 22:49:46.866, 295.88, 100, 74232, 73
2026/07/28 22:49:47.906, 301.54, 100, 74232, 73
2026/07/28 22:49:48.944, 295.20, 100, 74232, 73
2026/07/28 22:49:49.982, 295.49, 100, 74232, 73
2026/07/28 22:49:51.020, 295.71, 100, 74232, 73
2026/07/28 22:49:52.057, 297.36, 100, 74232, 73
2026/07/28 22:49:53.095, 297.56, 100, 74232, 73
2026/07/28 22:49:54.132, 301.92, 100, 74232, 73
2026/07/28 22:49:55.171, 303.45, 100, 74232, 73
2026/07/28 22:49:56.207, 304.26, 100, 74232, 73
2026/07/28 22:49:57.245, 302.78, 100, 74232, 73
2026/07/28 22:49:58.282, 301.73, 100, 74232, 73
2026/07/28 22:49:59.320, 296.48, 100, 74232, 73
2026/07/28 22:50:00.358, 291.70, 100, 74232, 73
2026/07/28 22:50:01.397, 296.67, 100, 74232, 73
2026/07/28 22:50:02.434, 302.09, 100, 74232, 73
2026/07/28 22:50:03.472, 302.18, 100, 74232, 73
2026/07/28 22:50:04.510, 302.33, 100, 74232, 73
2026/07/28 22:50:05.547, 303.50, 100, 74232, 73
2026/07/28 22:50:06.585, 303.20, 100, 74232, 73
2026/07/28 22:50:07.622, 298.91, 100, 74232, 73
2026/07/28 22:50:08.661, 303.96, 100, 74232, 73
2026/07/28 22:50:09.699, 302.01, 100, 74232, 73
2026/07/28 22:50:10.736, 297.54, 100, 74232, 73
2026/07/28 22:50:11.774, 294.91, 100, 74232, 73
2026/07/28 22:50:12.810, 295.03, 100, 74232, 73
2026/07/28 22:50:13.849, 298.82, 100, 74232, 73
2026/07/28 22:50:14.887, 301.84, 100, 74232, 73
2026/07/28 22:50:15.926, 301.81, 100, 74232, 73
2026/07/28 22:50:16.963, 302.04, 100, 74232, 73
2026/07/28 22:50:18.000, 304.23, 100, 74232, 73
2026/07/28 22:50:19.039, 302.52, 100, 74232, 73
2026/07/28 22:50:20.076, 302.61, 100, 74232, 73
2026/07/28 22:50:21.114, 302.02, 100, 74232, 73
2026/07/28 22:50:22.151, 303.97, 100, 74232, 73
2026/07/28 22:50:23.190, 302.60, 100, 74232, 73
2026/07/28 22:50:24.227, 302.22, 100, 74232, 73
2026/07/28 22:50:25.264, 291.30, 100, 74232, 73
2026/07/28 22:50:26.302, 296.00, 100, 74232, 72
2026/07/28 22:50:27.340, 295.60, 100, 74232, 73
2026/07/28 22:50:28.379, 294.65, 100, 74232, 72
2026/07/28 22:50:29.418, 295.33, 100, 74232, 73
2026/07/28 22:50:30.460, 297.73, 100, 74232, 73
2026/07/28 22:50:31.497, 290.92, 100, 74232, 72
2026/07/28 22:50:32.534, 295.03, 100, 74232, 72
2026/07/28 22:50:33.572, 299.31, 100, 74232, 73
2026/07/28 22:50:34.610, 296.58, 100, 74232, 73
2026/07/28 22:50:35.647, 291.32, 100, 74232, 72
2026/07/28 22:50:36.688, 291.11, 100, 74232, 72
2026/07/28 22:50:37.725, 298.90, 100, 74232, 72
2026/07/28 22:50:38.762, 302.68, 100, 74232, 73
2026/07/28 22:50:39.799, 302.41, 100, 74232, 73
2026/07/28 22:50:40.836, 303.68, 100, 74232, 73
2026/07/28 22:50:41.874, 304.27, 100, 74232, 73
2026/07/28 22:50:42.911, 301.62, 100, 74232, 73
2026/07/28 22:50:43.949, 302.70, 100, 74232, 73
2026/07/28 22:50:44.986, 301.91, 100, 74232, 73
2026/07/28 22:50:46.023, 301.82, 100, 74232, 73
2026/07/28 22:50:47.060, 302.58, 100, 74232, 72
2026/07/28 22:50:48.097, 296.75, 100, 74232, 72
2026/07/28 22:50:49.135, 291.60, 100, 74232, 72
2026/07/28 22:50:50.179, 294.05, 100, 74232, 72
2026/07/28 22:50:51.220, 294.63, 100, 74232, 72
2026/07/28 22:50:52.258, 294.99, 100, 74232, 72
2026/07/28 22:50:53.297, 290.34, 100, 74232, 72
2026/07/28 22:50:54.335, 297.04, 100, 74232, 72
2026/07/28 22:50:55.372, 301.94, 100, 74232, 73
2026/07/28 22:50:56.409, 294.81, 100, 74232, 72
2026/07/28 22:50:57.449, 302.43, 100, 74232, 73
2026/07/28 22:50:58.486, 302.14, 100, 74232, 73
2026/07/28 22:50:59.525, 303.48, 100, 74232, 73
2026/07/28 22:51:00.563, 301.60, 100, 74232, 73
2026/07/28 22:51:01.600, 303.27, 100, 74232, 73
2026/07/28 22:51:02.638, 301.84, 100, 74232, 73
2026/07/28 22:51:03.676, 301.94, 100, 74232, 73
2026/07/28 22:51:04.714, 302.23, 100, 74232, 73
2026/07/28 22:51:05.753, 301.79, 100, 74232, 73
2026/07/28 22:51:06.790, 301.52, 100, 74232, 73
2026/07/28 22:51:07.827, 291.52, 100, 74232, 72
2026/07/28 22:51:08.865, 296.97, 100, 74232, 72
2026/07/28 22:51:09.906, 294.61, 100, 74232, 72
2026/07/28 22:51:10.944, 293.95, 100, 74232, 72
2026/07/28 22:51:11.982, 294.34, 100, 74232, 72
2026/07/28 22:51:13.021, 294.71, 100, 74232, 72
2026/07/28 22:51:14.059, 295.39, 100, 74232, 72
2026/07/28 22:51:15.098, 304.24, 100, 74232, 72
2026/07/28 22:51:16.139, 294.71, 100, 74232, 72
2026/07/28 22:51:17.176, 294.34, 100, 74232, 72
2026/07/28 22:51:18.213, 294.53, 100, 74232, 72
2026/07/28 22:51:19.251, 294.06, 100, 74232, 72
2026/07/28 22:51:20.289, 294.32, 100, 74232, 72
2026/07/28 22:51:21.326, 296.46, 100, 74232, 72
2026/07/28 22:51:22.366, 294.44, 100, 74232, 72
2026/07/28 22:51:23.402, 294.14, 100, 74232, 72
2026/07/28 22:51:24.440, 294.04, 100, 74232, 72
2026/07/28 22:51:25.479, 294.65, 100, 74232, 72
2026/07/28 22:51:26.517, 299.01, 100, 74232, 72
2026/07/28 22:51:27.557, 303.98, 100, 74232, 73
2026/07/28 22:51:28.595, 302.95, 100, 74232, 73
2026/07/28 22:51:29.633, 302.59, 100, 74232, 73
2026/07/28 22:51:30.675, 301.93, 100, 74232, 72
2026/07/28 22:51:31.712, 303.08, 100, 74232, 73
2026/07/28 22:51:32.750, 301.92, 100, 74232, 73
2026/07/28 22:51:33.788, 304.72, 100, 74232, 73
2026/07/28 22:51:34.825, 302.42, 100, 74232, 73
2026/07/28 22:51:35.863, 303.00, 100, 74232, 73
2026/07/28 22:51:36.900, 301.90, 100, 74232, 73
2026/07/28 22:51:37.938, 303.27, 100, 74232, 73
2026/07/28 22:51:38.976, 302.39, 100, 74232, 72
2026/07/28 22:51:40.014, 295.01, 100, 74232, 72
2026/07/28 22:51:41.052, 298.41, 100, 74232, 72
2026/07/28 22:51:42.090, 304.70, 100, 74232, 72
2026/07/28 22:51:43.130, 291.60, 100, 74232, 72
2026/07/28 22:51:44.172, 295.70, 100, 74232, 72
2026/07/28 22:51:45.211, 294.62, 100, 74232, 72
2026/07/28 22:51:46.248, 295.01, 100, 74232, 72
2026/07/28 22:51:47.285, 295.78, 100, 74232, 72
2026/07/28 22:51:48.323, 298.93, 100, 74232, 72
2026/07/28 22:51:49.361, 295.61, 100, 74232, 72
2026/07/28 22:51:50.400, 291.01, 100, 74232, 72
2026/07/28 22:51:51.436, 291.32, 100, 74232, 72
2026/07/28 22:51:52.474, 294.90, 100, 74232, 72
2026/07/28 22:51:53.512, 291.60, 100, 74232, 72
2026/07/28 22:51:54.556, 294.24, 100, 74232, 72
2026/07/28 22:51:55.594, 305.73, 100, 74232, 72
2026/07/28 22:51:56.631, 301.44, 100, 74232, 72
2026/07/28 22:51:57.670, 302.68, 100, 74232, 72
2026/07/28 22:51:58.707, 303.30, 100, 74232, 73
2026/07/28 22:51:59.745, 303.80, 100, 74232, 73
2026/07/28 22:52:00.783, 291.31, 100, 74232, 72
2026/07/28 22:52:01.821, 295.39, 100, 74232, 72
2026/07/28 22:52:02.859, 301.43, 100, 74232, 72
2026/07/28 22:52:03.896, 294.71, 100, 74232, 72
2026/07/28 22:52:04.935, 302.67, 100, 74232, 72
2026/07/28 22:52:05.973, 303.31, 100, 74232, 73
2026/07/28 22:52:07.010, 298.71, 100, 74232, 72
2026/07/28 22:52:08.054, 302.62, 100, 74232, 72
2026/07/28 22:52:09.092, 302.04, 100, 74232, 73
2026/07/28 22:52:10.129, 304.32, 100, 74232, 72
2026/07/28 22:52:11.171, 301.91, 100, 74232, 72
2026/07/28 22:52:12.209, 295.01, 100, 74232, 72
2026/07/28 22:52:13.245, 291.11, 100, 74232, 72
2026/07/28 22:52:14.287, 298.03, 100, 74232, 72
2026/07/28 22:52:15.325, 296.46, 100, 74232, 72
2026/07/28 22:52:16.366, 294.93, 100, 74232, 72
2026/07/28 22:52:17.406, 294.05, 100, 74232, 72
2026/07/28 22:52:18.443, 301.54, 100, 74232, 72
2026/07/28 22:52:19.482, 304.07, 100, 74232, 73
2026/07/28 22:52:20.521, 298.72, 100, 74232, 72
2026/07/28 22:52:21.558, 301.90, 100, 74232, 73
2026/07/28 22:52:22.597, 302.81, 100, 74232, 72
2026/07/28 22:52:23.635, 302.71, 100, 74232, 73
2026/07/28 22:52:24.674, 295.62, 100, 74232, 72
2026/07/28 22:52:25.712, 295.41, 100, 74232, 72
2026/07/28 22:52:26.750, 296.18, 100, 74232, 72
2026/07/28 22:52:27.788, 294.71, 100, 74232, 72
2026/07/28 22:52:28.826, 295.42, 100, 74232, 72
2026/07/28 22:52:29.864, 294.31, 100, 74232, 72
2026/07/28 22:52:30.902, 295.21, 100, 74232, 72
2026/07/28 22:52:31.941, 294.73, 100, 74232, 72
2026/07/28 22:52:32.979, 295.22, 100, 74232, 72
2026/07/28 22:52:34.018, 294.54, 100, 74232, 72
2026/07/28 22:52:35.057, 302.62, 100, 74232, 72
2026/07/28 22:52:36.094, 303.61, 100, 74232, 72
2026/07/28 22:52:37.131, 299.31, 100, 74232, 72
2026/07/28 22:52:38.169, 302.19, 100, 74232, 73
2026/07/28 22:52:39.206, 302.11, 100, 74232, 73
2026/07/28 22:52:40.244, 302.38, 100, 74232, 73
2026/07/28 22:52:41.281, 304.16, 100, 74232, 73
2026/07/28 22:52:42.320, 302.02, 100, 74232, 73
2026/07/28 22:52:43.357, 302.99, 100, 74232, 72
2026/07/28 22:52:44.394, 301.71, 100, 74232, 73
2026/07/28 22:52:45.432, 302.21, 100, 74232, 73
2026/07/28 22:52:46.471, 303.28, 100, 74232, 72
2026/07/28 22:52:47.510, 302.22, 100, 74232, 73
2026/07/28 22:52:48.548, 290.64, 100, 74232, 72
2026/07/28 22:52:49.588, 294.25, 100, 74232, 72
2026/07/28 22:52:50.627, 295.02, 100, 74232, 72
2026/07/28 22:52:51.665, 301.45, 100, 74232, 72
2026/07/28 22:52:52.704, 302.41, 100, 74232, 72
2026/07/28 22:52:53.744, 295.71, 100, 74232, 72
2026/07/28 22:52:54.782, 290.74, 100, 74232, 72
2026/07/28 22:52:55.821, 295.71, 100, 74232, 72
2026/07/28 22:52:56.859, 301.92, 100, 74232, 72
2026/07/28 22:52:57.895, 302.82, 100, 74232, 72
2026/07/28 22:52:58.935, 302.03, 100, 74232, 72
2026/07/28 22:52:59.974, 302.22, 100, 74232, 73
2026/07/28 22:53:01.011, 303.98, 100, 74232, 72
2026/07/28 22:53:02.051, 302.51, 100, 74232, 73
2026/07/28 22:53:03.088, 303.20, 100, 74232, 73
2026/07/28 22:53:04.126, 295.79, 100, 74232, 72
2026/07/28 22:53:05.163, 295.00, 100, 74232, 72
2026/07/28 22:53:06.200, 300.66, 100, 74232, 72
2026/07/28 22:53:07.238, 294.81, 100, 74232, 72
2026/07/28 22:53:08.276, 302.03, 100, 74232, 72
2026/07/28 22:53:09.314, 302.03, 100, 74232, 72
2026/07/28 22:53:10.352, 295.61, 100, 74232, 72
2026/07/28 22:53:11.389, 294.64, 100, 74232, 72
2026/07/28 22:53:12.429, 294.83, 100, 74232, 72
2026/07/28 22:53:13.467, 295.13, 100, 74232, 72
2026/07/28 22:53:14.505, 295.32, 100, 74232, 72
2026/07/28 22:53:15.543, 291.32, 100, 74232, 72
2026/07/28 22:53:16.581, 300.47, 100, 74232, 72
2026/07/28 22:53:17.619, 303.56, 100, 74232, 72
2026/07/28 22:53:18.656, 302.89, 100, 74232, 72
2026/07/28 22:53:19.694, 302.88, 100, 74232, 73
2026/07/28 22:53:20.733, 303.29, 100, 74232, 73
2026/07/28 22:53:21.770, 302.51, 100, 74232, 72
2026/07/28 22:53:22.811, 302.12, 100, 74232, 73
2026/07/28 22:53:23.848, 301.91, 100, 74232, 73
2026/07/28 22:53:24.885, 303.70, 100, 74232, 73
2026/07/28 22:53:25.924, 302.40, 100, 74232, 73
2026/07/28 22:53:26.962, 295.12, 100, 74232, 72
2026/07/28 22:53:28.000, 302.71, 100, 74232, 72
2026/07/28 22:53:29.038, 291.72, 100, 74232, 72
2026/07/28 22:53:30.076, 294.73, 100, 74232, 72
2026/07/28 22:53:31.115, 295.68, 100, 74232, 72
2026/07/28 22:53:32.154, 296.68, 100, 74232, 72
2026/07/28 22:53:33.193, 303.21, 100, 74232, 73
2026/07/28 22:53:34.232, 291.69, 100, 74232, 72
2026/07/28 22:53:35.269, 294.34, 100, 74232, 72
2026/07/28 22:53:36.308, 301.55, 100, 74232, 72
2026/07/28 22:53:37.347, 301.62, 100, 74232, 73
2026/07/28 22:53:38.386, 300.17, 100, 74232, 73
2026/07/28 22:53:39.425, 301.90, 100, 74232, 73
2026/07/28 22:53:40.463, 303.12, 100, 74232, 73
2026/07/28 22:53:41.501, 302.10, 100, 74232, 73
2026/07/28 22:53:42.539, 302.23, 100, 74232, 73
2026/07/28 22:53:43.577, 303.94, 100, 74232, 73
2026/07/28 22:53:44.614, 302.59, 100, 74232, 73
2026/07/28 22:53:45.651, 302.22, 100, 74232, 73
2026/07/28 22:53:46.688, 303.00, 100, 74232, 73
2026/07/28 22:53:47.726, 302.33, 100, 74232, 73
2026/07/28 22:53:48.764, 303.69, 100, 74232, 73
2026/07/28 22:53:49.801, 302.42, 100, 74232, 73
2026/07/28 22:53:50.839, 304.74, 100, 74232, 73
2026/07/28 22:53:51.877, 302.70, 100, 74232, 73
2026/07/28 22:53:52.919, 302.38, 100, 74232, 72
2026/07/28 22:53:53.958, 296.57, 100, 74232, 72
2026/07/28 22:53:54.995, 295.11, 100, 74232, 72
2026/07/28 22:53:56.033, 291.41, 100, 74232, 72
2026/07/28 22:53:57.071, 178.91, 0, 74232, 73
2026/07/28 22:53:58.113, 303.69, 100, 74232, 74
2026/07/28 22:53:59.147, 295.28, 100, 74232, 74
2026/07/28 22:54:00.183, 309.38, 100, 74232, 74
2026/07/28 22:54:01.223, 304.95, 100, 74232, 74
2026/07/28 22:54:02.259, 297.33, 100, 74232, 74
2026/07/28 22:54:03.295, 280.98, 100, 74232, 74
2026/07/28 22:54:04.334, 301.43, 100, 74232, 72
2026/07/28 22:54:05.371, 302.79, 100, 74232, 72
2026/07/28 22:54:06.408, 298.23, 100, 74232, 72
2026/07/28 22:54:07.446, 298.32, 100, 74232, 72
2026/07/28 22:54:08.483, 294.33, 100, 74232, 72
2026/07/28 22:54:09.524, 295.02, 100, 74232, 73
2026/07/28 22:54:10.562, 294.65, 100, 74232, 73
2026/07/28 22:54:11.604, 298.32, 100, 74232, 73
2026/07/28 22:54:12.642, 300.64, 100, 74232, 73
2026/07/28 22:54:13.679, 295.91, 100, 74232, 73
2026/07/28 22:54:14.718, 296.68, 100, 74232, 73
2026/07/28 22:54:15.754, 295.31, 100, 74232, 73
2026/07/28 22:54:16.790, 296.08, 100, 74232, 73
2026/07/28 22:54:17.830, 294.82, 100, 74232, 73
2026/07/28 22:54:18.867, 294.63, 100, 74232, 73
2026/07/28 22:54:19.904, 303.21, 100, 74232, 73
2026/07/28 22:54:20.941, 302.80, 100, 74232, 73
2026/07/28 22:54:21.978, 303.10, 100, 74232, 73
2026/07/28 22:54:23.016, 303.27, 100, 74232, 73
2026/07/28 22:54:24.055, 303.68, 100, 74232, 73
2026/07/28 22:54:25.093, 307.15, 100, 74232, 73
2026/07/28 22:54:26.131, 303.49, 100, 74232, 73
2026/07/28 22:54:27.168, 304.00, 100, 74232, 73
2026/07/28 22:54:28.206, 303.78, 100, 74232, 73
2026/07/28 22:54:29.244, 304.94, 100, 74232, 73
2026/07/28 22:54:30.282, 303.86, 100, 74232, 73
2026/07/28 22:54:31.319, 302.70, 100, 74232, 73
2026/07/28 22:54:32.357, 297.55, 100, 74232, 73
2026/07/28 22:54:33.395, 303.39, 100, 74232, 73
2026/07/28 22:54:34.432, 303.78, 100, 74232, 73
2026/07/28 22:54:35.472, 294.80, 100, 74232, 73
2026/07/28 22:54:36.509, 294.91, 100, 74232, 73
2026/07/28 22:54:37.546, 296.36, 100, 74232, 73
2026/07/28 22:54:38.584, 296.27, 100, 74232, 73
2026/07/28 22:54:39.621, 297.43, 100, 74232, 73
2026/07/28 22:54:40.660, 295.90, 100, 74232, 73
2026/07/28 22:54:41.697, 295.12, 100, 74232, 73
2026/07/28 22:54:42.741, 295.71, 100, 74232, 73
2026/07/28 22:54:43.780, 295.98, 100, 74232, 73
2026/07/28 22:54:44.817, 303.19, 100, 74232, 73
2026/07/28 22:54:45.855, 299.00, 100, 74232, 73
2026/07/28 22:54:46.893, 304.51, 100, 74232, 73
2026/07/28 22:54:47.931, 302.91, 100, 74232, 73
2026/07/28 22:54:48.971, 303.78, 100, 74232, 73
2026/07/28 22:54:50.009, 302.62, 100, 74232, 73
2026/07/28 22:54:51.048, 303.21, 100, 74232, 73
2026/07/28 22:54:52.086, 302.58, 100, 74232, 73
2026/07/28 22:54:53.124, 303.93, 100, 74232, 73
2026/07/28 22:54:54.165, 302.78, 100, 74232, 73
2026/07/28 22:54:55.204, 295.70, 100, 74232, 73
2026/07/28 22:54:56.241, 296.87, 100, 74232, 73
2026/07/28 22:54:57.280, 295.01, 100, 74232, 73
2026/07/28 22:54:58.319, 295.88, 100, 74232, 73
2026/07/28 22:54:59.357, 295.51, 100, 74232, 73
2026/07/28 22:55:00.395, 297.94, 100, 74232, 73
2026/07/28 22:55:01.433, 302.68, 100, 74232, 73
2026/07/28 22:55:02.470, 298.73, 100, 74232, 73
2026/07/28 22:55:03.508, 295.12, 100, 74232, 73
2026/07/28 22:55:04.545, 302.90, 100, 74232, 73
2026/07/28 22:55:05.583, 302.88, 100, 74232, 73
2026/07/28 22:55:06.623, 303.76, 100, 74232, 73
2026/07/28 22:55:07.660, 295.22, 100, 74232, 73
2026/07/28 22:55:08.698, 296.30, 100, 74232, 73
2026/07/28 22:55:09.740, 295.01, 100, 74232, 73
2026/07/28 22:55:10.778, 296.28, 100, 74232, 73
2026/07/28 22:55:11.815, 295.02, 100, 74232, 73
2026/07/28 22:55:12.853, 302.23, 100, 74232, 73
2026/07/28 22:55:13.890, 302.52, 100, 74232, 73
2026/07/28 22:55:14.927, 303.48, 100, 74232, 73
2026/07/28 22:55:15.965, 302.42, 100, 74232, 73
2026/07/28 22:55:17.006, 302.51, 100, 74232, 73
2026/07/28 22:55:18.045, 303.20, 100, 74232, 73
2026/07/28 22:55:19.082, 303.00, 100, 74232, 73
2026/07/28 22:55:20.119, 300.68, 100, 74232, 73
2026/07/28 22:55:21.158, 294.80, 100, 74232, 73
2026/07/28 22:55:22.196, 294.03, 100, 74232, 73
2026/07/28 22:55:23.238, 303.28, 100, 74232, 73
2026/07/28 22:55:24.275, 302.71, 100, 74232, 73
2026/07/28 22:55:25.313, 303.28, 100, 74232, 73
2026/07/28 22:55:26.350, 302.41, 100, 74232, 73
2026/07/28 22:55:27.387, 295.89, 100, 74232, 73
2026/07/28 22:55:28.424, 294.24, 100, 74232, 73
2026/07/28 22:55:29.462, 295.68, 100, 74232, 73
2026/07/28 22:55:30.501, 291.82, 100, 74232, 73
2026/07/28 22:55:31.540, 296.57, 100, 74232, 73
2026/07/28 22:55:32.578, 296.87, 100, 74232, 73
2026/07/28 22:55:33.616, 302.48, 100, 74232, 73
2026/07/28 22:55:34.655, 295.12, 100, 74232, 73
2026/07/28 22:55:35.693, 296.08, 100, 74232, 73
2026/07/28 22:55:36.730, 296.66, 100, 74232, 73
2026/07/28 22:55:37.767, 294.13, 100, 74232, 73
2026/07/28 22:55:38.805, 300.86, 100, 74232, 73
2026/07/28 22:55:39.845, 300.94, 100, 74232, 73
2026/07/28 22:55:40.882, 304.37, 100, 74232, 73
2026/07/28 22:55:41.922, 302.69, 100, 74232, 73
2026/07/28 22:55:42.960, 302.89, 100, 74232, 73
2026/07/28 22:55:43.998, 302.91, 100, 74232, 73
2026/07/28 22:55:45.035, 303.40, 100, 74232, 73
2026/07/28 22:55:46.072, 301.34, 100, 74232, 73
2026/07/28 22:55:47.110, 301.61, 100, 74232, 73
2026/07/28 22:55:48.150, 303.68, 100, 74232, 73
2026/07/28 22:55:49.190, 296.56, 100, 74232, 73
2026/07/28 22:55:50.228, 294.82, 100, 74232, 73
2026/07/28 22:55:51.266, 294.13, 100, 74232, 73
2026/07/28 22:55:52.305, 291.62, 100, 74232, 72
2026/07/28 22:55:53.342, 295.11, 100, 74232, 73
2026/07/28 22:55:54.380, 303.45, 100, 74232, 73
2026/07/28 22:55:55.418, 298.91, 100, 74232, 73
2026/07/28 22:55:56.455, 301.89, 100, 74232, 73
2026/07/28 22:55:57.493, 302.03, 100, 74232, 73
2026/07/28 22:55:58.531, 302.50, 100, 74232, 73
2026/07/28 22:55:59.570, 302.62, 100, 74232, 73
2026/07/28 22:56:00.608, 302.22, 100, 74232, 73
2026/07/28 22:56:01.647, 302.70, 100, 74232, 73
2026/07/28 22:56:02.684, 301.92, 100, 74232, 73
2026/07/28 22:56:03.721, 298.34, 100, 74232, 73
2026/07/28 22:56:04.758, 295.12, 100, 74232, 73
2026/07/28 22:56:05.796, 294.34, 100, 74232, 73
2026/07/28 22:56:06.834, 294.14, 100, 74232, 72
2026/07/28 22:56:07.872, 295.12, 100, 74232, 72
2026/07/28 22:56:08.915, 294.15, 100, 74232, 73
2026/07/28 22:56:09.955, 302.52, 100, 74232, 73
2026/07/28 22:56:10.993, 298.53, 100, 74232, 73
2026/07/28 22:56:12.031, 299.58, 100, 74232, 73
2026/07/28 22:56:13.069, 299.50, 100, 74232, 73
2026/07/28 22:56:14.106, 302.22, 100, 74232, 72
2026/07/28 22:56:15.144, 295.11, 100, 74232, 72
2026/07/28 22:56:16.181, 298.12, 100, 74232, 72
2026/07/28 22:56:17.219, 295.31, 100, 74232, 72
2026/07/28 22:56:18.256, 295.82, 100, 74232, 72
2026/07/28 22:56:19.294, 293.94, 100, 74232, 72
2026/07/28 22:56:20.331, 294.43, 100, 74232, 72
2026/07/28 22:56:21.371, 302.03, 100, 74232, 72
2026/07/28 22:56:22.408, 303.65, 100, 74232, 72
2026/07/28 22:56:23.445, 295.09, 100, 74232, 72
2026/07/28 22:56:24.482, 296.09, 100, 74232, 72
2026/07/28 22:56:25.526, 294.83, 100, 74232, 73
2026/07/28 22:56:26.566, 299.23, 100, 74232, 73
2026/07/28 22:56:27.602, 302.40, 100, 74232, 73
2026/07/28 22:56:28.642, 302.39, 100, 74232, 73
2026/07/28 22:56:29.680, 300.38, 100, 74232, 73
2026/07/28 22:56:30.719, 301.73, 100, 74232, 73
2026/07/28 22:56:31.755, 298.61, 100, 74232, 73
2026/07/28 22:56:32.796, 295.70, 100, 74232, 73
2026/07/28 22:56:33.833, 294.83, 100, 74232, 73
2026/07/28 22:56:34.870, 294.23, 100, 74232, 73
2026/07/28 22:56:35.907, 296.57, 100, 74232, 73
2026/07/28 22:56:36.946, 301.06, 100, 74232, 73
2026/07/28 22:56:37.983, 301.73, 100, 74232, 73
2026/07/28 22:56:39.021, 299.69, 100, 74232, 73
2026/07/28 22:56:40.063, 297.06, 100, 74232, 73
2026/07/28 22:56:41.101, 294.34, 100, 74232, 73
2026/07/28 22:56:42.139, 299.69, 100, 74232, 73
2026/07/28 22:56:43.177, 295.11, 100, 74232, 73
2026/07/28 22:56:44.214, 295.12, 100, 74232, 73
2026/07/28 22:56:45.252, 294.71, 100, 74232, 73
2026/07/28 22:56:46.290, 301.35, 100, 74232, 73
2026/07/28 22:56:47.328, 295.59, 100, 74232, 73
2026/07/28 22:56:48.368, 298.71, 100, 74232, 73
2026/07/28 22:56:49.408, 294.73, 100, 74232, 73
2026/07/28 22:56:50.449, 291.91, 100, 74232, 73
2026/07/28 22:56:51.490, 295.01, 100, 74232, 73
2026/07/28 22:56:52.527, 295.40, 100, 74232, 73
2026/07/28 22:56:53.565, 303.28, 100, 74232, 73
2026/07/28 22:56:54.603, 303.07, 100, 74232, 73
2026/07/28 22:56:55.643, 295.48, 100, 74232, 73
2026/07/28 22:56:56.680, 291.60, 100, 74232, 73
2026/07/28 22:56:57.721, 293.85, 100, 74232, 73
2026/07/28 22:56:58.759, 302.62, 100, 74232, 73
2026/07/28 22:56:59.796, 303.67, 100, 74232, 73
2026/07/28 22:57:00.835, 303.48, 100, 74232, 73
2026/07/28 22:57:01.873, 304.45, 100, 74232, 73
2026/07/28 22:57:02.909, 302.88, 100, 74232, 73
2026/07/28 22:57:03.947, 302.62, 100, 74232, 73
2026/07/28 22:57:04.984, 303.28, 100, 74232, 73
2026/07/28 22:57:06.024, 303.00, 100, 74232, 73
2026/07/28 22:57:07.063, 303.49, 100, 74232, 73
2026/07/28 22:57:08.101, 297.93, 100, 74232, 73
2026/07/28 22:57:09.142, 301.73, 100, 74232, 73
2026/07/28 22:57:10.180, 294.62, 100, 74232, 73
2026/07/28 22:57:11.218, 291.61, 100, 74232, 73
2026/07/28 22:57:12.256, 294.83, 100, 74232, 73
2026/07/28 22:57:13.293, 294.53, 100, 74232, 73
2026/07/28 22:57:14.331, 295.30, 100, 74232, 73
2026/07/28 22:57:15.370, 295.01, 100, 74232, 73
2026/07/28 22:57:16.407, 296.46, 100, 74232, 73
2026/07/28 22:57:17.444, 302.62, 100, 74232, 73
2026/07/28 22:57:18.482, 294.34, 100, 74232, 73
2026/07/28 22:57:19.521, 295.40, 100, 74232, 73
2026/07/28 22:57:20.558, 297.93, 100, 74232, 73
2026/07/28 22:57:21.595, 302.11, 100, 74232, 73
2026/07/28 22:57:22.633, 299.40, 100, 74232, 73
2026/07/28 22:57:23.669, 302.72, 100, 74232, 73
2026/07/28 22:57:24.708, 303.21, 100, 74232, 73
2026/07/28 22:57:25.747, 299.12, 100, 74232, 73
2026/07/28 22:57:26.785, 295.29, 100, 74232, 73
2026/07/28 22:57:27.822, 302.19, 100, 74232, 73
2026/07/28 22:57:28.859, 303.55, 100, 74232, 73
2026/07/28 22:57:29.903, 302.71, 100, 74232, 73
2026/07/28 22:57:30.940, 305.31, 100, 74232, 73
2026/07/28 22:57:31.978, 302.80, 100, 74232, 73
2026/07/28 22:57:33.016, 303.58, 100, 74232, 73
2026/07/28 22:57:34.055, 302.39, 100, 74232, 73
2026/07/28 22:57:35.092, 301.15, 100, 74232, 73
2026/07/28 22:57:36.129, 302.12, 100, 74232, 73
2026/07/28 22:57:37.167, 296.10, 100, 74232, 73
2026/07/28 22:57:38.205, 296.68, 100, 74232, 73
2026/07/28 22:57:39.243, 296.29, 100, 74232, 73
2026/07/28 22:57:40.280, 301.14, 100, 74232, 73
2026/07/28 22:57:41.317, 293.66, 100, 74232, 73
2026/07/28 22:57:42.355, 295.52, 100, 74232, 73
2026/07/28 22:57:43.392, 295.21, 100, 74232, 72
2026/07/28 22:57:44.430, 295.52, 100, 74232, 72
2026/07/28 22:57:45.468, 295.01, 100, 74232, 72
2026/07/28 22:57:46.507, 291.61, 100, 74232, 72
2026/07/28 22:57:47.545, 297.85, 100, 74232, 72
2026/07/28 22:57:48.581, 294.42, 100, 74232, 72
2026/07/28 22:57:49.620, 295.52, 100, 74232, 73
2026/07/28 22:57:50.658, 296.16, 100, 74232, 72
2026/07/28 22:57:51.698, 294.63, 100, 74232, 73
2026/07/28 22:57:52.739, 296.29, 100, 74232, 72
2026/07/28 22:57:53.777, 300.87, 100, 74232, 73
2026/07/28 22:57:54.815, 305.06, 100, 74232, 73
2026/07/28 22:57:55.856, 302.03, 100, 74232, 73
2026/07/28 22:57:56.893, 290.64, 100, 74232, 72
2026/07/28 22:57:57.931, 294.17, 100, 74232, 73
2026/07/28 22:57:58.970, 294.53, 100, 74232, 72
2026/07/28 22:58:00.009, 302.12, 100, 74232, 73
2026/07/28 22:58:01.046, 301.64, 100, 74232, 73
2026/07/28 22:58:02.083, 302.49, 100, 74232, 73
2026/07/28 22:58:03.122, 302.58, 100, 74232, 73
2026/07/28 22:58:04.159, 302.91, 100, 74232, 73
2026/07/28 22:58:05.197, 298.83, 100, 74232, 73
2026/07/28 22:58:06.234, 302.03, 100, 74232, 73
2026/07/28 22:58:07.273, 304.52, 100, 74232, 73
2026/07/28 22:58:08.311, 302.60, 100, 74232, 73
2026/07/28 22:58:09.349, 302.43, 100, 74232, 73
2026/07/28 22:58:10.387, 302.67, 100, 74232, 73
2026/07/28 22:58:11.425, 302.62, 100, 74232, 73
2026/07/28 22:58:12.464, 302.82, 100, 74232, 73
2026/07/28 22:58:13.501, 297.64, 100, 74232, 73
2026/07/28 22:58:14.538, 303.06, 100, 74232, 72
2026/07/28 22:58:15.576, 296.28, 100, 74232, 72
2026/07/28 22:58:16.613, 294.05, 100, 74232, 72
2026/07/28 22:58:17.651, 295.31, 100, 74232, 72
2026/07/28 22:58:18.689, 291.02, 100, 74232, 72
2026/07/28 22:58:19.725, 295.11, 100, 74232, 72
2026/07/28 22:58:20.763, 295.33, 100, 74232, 72
2026/07/28 22:58:21.800, 295.22, 100, 74232, 72
2026/07/28 22:58:22.839, 296.19, 100, 74232, 72
2026/07/28 22:58:23.876, 294.63, 100, 74232, 72
2026/07/28 22:58:24.916, 294.05, 100, 74232, 72
2026/07/28 22:58:25.954, 302.60, 100, 74232, 73
2026/07/28 22:58:26.991, 302.61, 100, 74232, 73
2026/07/28 22:58:28.030, 303.09, 100, 74232, 73
2026/07/28 22:58:29.068, 302.71, 100, 74232, 73
2026/07/28 22:58:30.105, 302.43, 100, 74232, 72
2026/07/28 22:58:31.146, 299.41, 100, 74232, 72
2026/07/28 22:58:32.183, 294.82, 100, 74232, 72
2026/07/28 22:58:33.220, 296.11, 100, 74232, 72
2026/07/28 22:58:34.257, 294.92, 100, 74232, 72
2026/07/28 22:58:35.295, 294.91, 100, 74232, 72
2026/07/28 22:58:36.332, 295.88, 100, 74232, 72
2026/07/28 22:58:37.370, 294.92, 100, 74232, 72
2026/07/28 22:58:38.407, 302.11, 100, 74232, 73
2026/07/28 22:58:39.444, 302.62, 100, 74232, 73
2026/07/28 22:58:40.482, 304.29, 100, 74232, 73
2026/07/28 22:58:41.520, 301.81, 100, 74232, 73
2026/07/28 22:58:42.559, 302.49, 100, 74232, 73
2026/07/28 22:58:43.597, 302.62, 100, 74232, 73
2026/07/28 22:58:44.635, 302.58, 100, 74232, 73
2026/07/28 22:58:45.674, 292.19, 100, 74232, 72
2026/07/28 22:58:46.712, 295.41, 100, 74232, 72
2026/07/28 22:58:47.750, 292.86, 100, 74232, 72
2026/07/28 22:58:48.788, 302.92, 100, 74232, 72
2026/07/28 22:58:49.825, 296.67, 100, 74232, 72
2026/07/28 22:58:50.864, 295.58, 100, 74232, 72
2026/07/28 22:58:51.903, 295.89, 100, 74232, 72
2026/07/28 22:58:52.944, 296.66, 100, 74232, 72
2026/07/28 22:58:53.982, 303.09, 100, 74232, 73
2026/07/28 22:58:55.020, 302.03, 100, 74232, 72
2026/07/28 22:58:56.059, 295.29, 100, 74232, 72
2026/07/28 22:58:57.096, 295.41, 100, 74232, 72
2026/07/28 22:58:58.129, 97.13, 0, 74232, 69
2026/07/28 22:58:59.161, 97.65, 0, 74232, 68
2026/07/28 22:59:00.192, 95.68, 0, 74232, 68
2026/07/28 22:59:01.223, 95.24, 0, 74232, 67
2026/07/28 22:59:02.254, 95.24, 0, 74232, 67
2026/07/28 22:59:03.286, 93.78, 0, 74232, 66
2026/07/28 22:59:04.318, 93.25, 0, 74232, 66
2026/07/28 22:59:05.349, 93.55, 0, 74232, 65
2026/07/28 22:59:06.381, 93.25, 0, 74232, 65
2026/07/28 22:59:07.416, 91.90, 0, 74232, 65
2026/07/28 22:59:08.446, 91.27, 0, 74232, 64
2026/07/28 22:59:09.478, 90.97, 0, 74232, 64
2026/07/28 22:59:10.509, 92.37, 0, 74232, 64
2026/07/28 22:59:11.540, 91.15, 0, 74232, 63
2026/07/28 22:59:12.571, 90.87, 0, 74232, 63
2026/07/28 22:59:13.603, 89.65, 0, 74232, 63
2026/07/28 22:59:14.634, 90.38, 0, 74232, 62
2026/07/28 22:59:15.666, 89.87, 0, 74232, 62
2026/07/28 22:59:16.697, 88.21, 0, 74232, 62
2026/07/28 22:59:17.729, 89.25, 0, 74232, 62
2026/07/28 22:59:18.760, 88.16, 0, 74232, 61
2026/07/28 22:59:19.791, 86.85, 0, 74232, 61
2026/07/28 22:59:20.823, 87.00, 0, 74232, 61
2026/07/28 22:59:21.855, 88.40, 0, 74232, 60
2026/07/28 22:59:22.894, 87.45, 0, 74232, 60
2026/07/28 22:59:23.924, 86.91, 0, 74232, 60
2026/07/28 22:59:24.955, 85.73, 0, 74232, 60
2026/07/28 22:59:25.988, 85.40, 0, 74232, 59
2026/07/28 22:59:27.019, 84.51, 0, 74232, 59
2026/07/28 22:59:28.051, 84.21, 0, 74232, 59
2026/07/28 22:59:29.083, 84.10, 0, 74232, 59
2026/07/28 22:59:30.116, 286.74, 100, 74232, 64
2026/07/28 22:59:31.153, 301.07, 100, 74232, 65
2026/07/28 22:59:32.191, 300.29, 100, 74232, 65
2026/07/28 22:59:33.227, 299.91, 100, 74232, 65
2026/07/28 22:59:34.262, 298.29, 100, 74232, 65
2026/07/28 22:59:35.300, 300.57, 100, 74232, 66
2026/07/28 22:59:36.336, 304.45, 100, 74232, 65
2026/07/28 22:59:37.374, 302.01, 100, 74232, 65
2026/07/28 22:59:38.412, 300.04, 100, 74232, 65
2026/07/28 22:59:39.454, 300.06, 100, 74232, 65
2026/07/28 22:59:40.501, 291.40, 100, 74232, 65
2026/07/28 22:59:41.541, 298.87, 100, 74232, 66
2026/07/28 22:59:42.579, 299.68, 100, 74232, 66
2026/07/28 22:59:43.616, 296.08, 100, 74232, 66
2026/07/28 22:59:44.653, 297.13, 100, 74232, 66
2026/07/28 22:59:45.697, 300.94, 100, 74232, 67
2026/07/28 22:59:46.738, 295.69, 100, 74232, 67
2026/07/28 22:59:47.776, 298.12, 100, 74232, 67
2026/07/28 22:59:48.820, 296.36, 100, 74232, 67
2026/07/28 22:59:49.859, 293.85, 100, 74232, 67
2026/07/28 22:59:50.897, 293.66, 100, 74232, 68
2026/07/28 22:59:51.935, 296.85, 100, 74232, 68
2026/07/28 22:59:52.972, 302.60, 100, 74232, 68
2026/07/28 22:59:54.009, 302.22, 100, 74232, 68
2026/07/28 22:59:55.046, 303.77, 100, 74232, 68
2026/07/28 22:59:56.084, 302.02, 100, 74232, 69
2026/07/28 22:59:57.121, 302.99, 100, 74232, 69
2026/07/28 22:59:58.160, 305.01, 100, 74232, 69
2026/07/28 22:59:59.198, 293.64, 100, 74232, 69
2026/07/28 23:00:00.236, 296.27, 100, 74232, 69
2026/07/28 23:00:01.274, 296.27, 100, 74232, 69
2026/07/28 23:00:02.312, 296.86, 100, 74232, 69
2026/07/28 23:00:03.351, 298.61, 100, 74232, 70
2026/07/28 23:00:04.391, 296.95, 100, 74232, 70
2026/07/28 23:00:05.429, 297.45, 100, 74232, 70
2026/07/28 23:00:06.468, 298.14, 100, 74232, 70
2026/07/28 23:00:07.505, 297.45, 100, 74232, 70
2026/07/28 23:00:08.545, 297.54, 100, 74232, 70
2026/07/28 23:00:09.584, 300.16, 100, 74232, 70
2026/07/28 23:00:10.622, 297.85, 100, 74232, 70
2026/07/28 23:00:11.660, 298.12, 100, 74232, 70
2026/07/28 23:00:12.697, 299.39, 100, 74232, 70
2026/07/28 23:00:13.735, 298.51, 100, 74232, 70
2026/07/28 23:00:14.772, 299.48, 100, 74232, 70
2026/07/28 23:00:15.809, 298.90, 100, 74232, 70
2026/07/28 23:00:16.848, 299.87, 100, 74232, 71
2026/07/28 23:00:17.885, 298.90, 100, 74232, 71
2026/07/28 23:00:18.923, 298.70, 100, 74232, 71
2026/07/28 23:00:19.960, 299.70, 100, 74232, 71
2026/07/28 23:00:20.998, 298.42, 100, 74232, 71
2026/07/28 23:00:22.035, 299.11, 100, 74232, 71
2026/07/28 23:00:23.073, 299.11, 100, 74232, 71
2026/07/28 23:00:24.112, 303.37, 100, 74232, 71
2026/07/28 23:00:25.150, 305.42, 100, 74232, 71
2026/07/28 23:00:26.188, 297.92, 100, 74232, 71
2026/07/28 23:00:27.226, 298.71, 100, 74232, 71
2026/07/28 23:00:28.263, 299.29, 100, 74232, 71
2026/07/28 23:00:29.302, 292.88, 100, 74232, 71
2026/07/28 23:00:30.340, 294.93, 100, 74232, 71
2026/07/28 23:00:31.378, 292.27, 100, 74232, 71
2026/07/28 23:00:32.416, 300.47, 100, 74232, 71
2026/07/28 23:00:33.453, 300.54, 100, 74232, 71
2026/07/28 23:00:34.493, 301.43, 100, 74232, 71
2026/07/28 23:00:35.530, 296.27, 100, 74232, 71
2026/07/28 23:00:36.567, 300.66, 100, 74232, 71
2026/07/28 23:00:37.605, 299.96, 100, 74232, 72
2026/07/28 23:00:38.641, 301.33, 100, 74232, 72
2026/07/28 23:00:39.682, 301.13, 100, 74232, 72
2026/07/28 23:00:40.719, 300.45, 100, 74232, 72
2026/07/28 23:00:41.758, 293.85, 100, 74232, 72
2026/07/28 23:00:42.797, 300.26, 100, 74232, 72
2026/07/28 23:00:43.834, 301.60, 100, 74232, 72
2026/07/28 23:00:44.871, 289.76, 100, 74232, 72
2026/07/28 23:00:45.908, 290.23, 100, 74232, 72
2026/07/28 23:00:46.952, 300.83, 100, 74232, 72
2026/07/28 23:00:47.991, 294.42, 100, 74232, 72
2026/07/28 23:00:49.030, 290.15, 100, 74232, 72
2026/07/28 23:00:50.069, 289.75, 100, 74232, 72
2026/07/28 23:00:51.106, 293.17, 100, 74232, 72
2026/07/28 23:00:52.144, 293.45, 100, 74232, 72
2026/07/28 23:00:53.186, 301.04, 100, 74232, 72
2026/07/28 23:00:54.223, 300.77, 100, 74232, 72
2026/07/28 23:00:55.262, 301.54, 100, 74232, 72
2026/07/28 23:00:56.300, 298.43, 100, 74232, 72
2026/07/28 23:00:57.341, 292.99, 100, 74232, 72
2026/07/28 23:00:58.378, 302.42, 100, 74232, 72
2026/07/28 23:00:59.416, 301.24, 100, 74232, 72
2026/07/28 23:01:00.454, 301.05, 100, 74232, 72
2026/07/28 23:01:01.493, 301.35, 100, 74232, 72
2026/07/28 23:01:02.530, 301.15, 100, 74232, 72
2026/07/28 23:01:03.567, 302.14, 100, 74232, 72
2026/07/28 23:01:04.605, 302.02, 100, 74232, 72
2026/07/28 23:01:05.642, 302.89, 100, 74232, 72
2026/07/28 23:01:06.680, 300.65, 100, 74232, 72
2026/07/28 23:01:07.718, 303.43, 100, 74232, 72
2026/07/28 23:01:08.756, 302.09, 100, 74232, 72
2026/07/28 23:01:09.793, 301.54, 100, 74232, 72
2026/07/28 23:01:10.830, 302.87, 100, 74232, 72
2026/07/28 23:01:11.867, 302.81, 100, 74232, 72
2026/07/28 23:01:12.905, 302.31, 100, 74232, 72
2026/07/28 23:01:13.942, 295.12, 100, 74232, 72
2026/07/28 23:01:14.980, 293.83, 100, 74232, 72
2026/07/28 23:01:16.020, 295.87, 100, 74232, 72
2026/07/28 23:01:17.057, 294.03, 100, 74232, 72
2026/07/28 23:01:18.094, 293.35, 100, 74232, 72
2026/07/28 23:01:19.134, 293.46, 100, 74232, 72
2026/07/28 23:01:20.172, 294.53, 100, 74232, 72
2026/07/28 23:01:21.210, 299.49, 100, 74232, 72
2026/07/28 23:01:22.246, 302.00, 100, 74232, 72
2026/07/28 23:01:23.283, 303.97, 100, 74232, 72
2026/07/28 23:01:24.321, 293.96, 100, 74232, 72
2026/07/28 23:01:25.358, 292.40, 100, 74232, 72
2026/07/28 23:01:26.396, 300.76, 100, 74232, 72
2026/07/28 23:01:27.434, 298.72, 100, 74232, 72
2026/07/28 23:01:28.473, 302.13, 100, 74232, 72
2026/07/28 23:01:29.510, 303.49, 100, 74232, 72
2026/07/28 23:01:30.547, 301.55, 100, 74232, 72
2026/07/28 23:01:31.585, 302.12, 100, 74232, 72
2026/07/28 23:01:32.622, 301.73, 100, 74232, 72
2026/07/28 23:01:33.659, 301.65, 100, 74232, 72
2026/07/28 23:01:34.696, 301.65, 100, 74232, 72
2026/07/28 23:01:35.736, 291.51, 100, 74232, 72
2026/07/28 23:01:36.773, 297.84, 100, 74232, 72
2026/07/28 23:01:37.810, 295.14, 100, 74232, 72
2026/07/28 23:01:38.846, 294.21, 100, 74232, 72
2026/07/28 23:01:39.883, 294.72, 100, 74232, 72
2026/07/28 23:01:40.922, 297.43, 100, 74232, 72
2026/07/28 23:01:41.960, 301.65, 100, 74232, 72
2026/07/28 23:01:42.999, 302.41, 100, 74232, 72
2026/07/28 23:01:44.036, 303.57, 100, 74232, 72
2026/07/28 23:01:45.076, 301.54, 100, 74232, 72
2026/07/28 23:01:46.113, 302.11, 100, 74232, 72
2026/07/28 23:01:47.150, 302.21, 100, 74232, 72
2026/07/28 23:01:48.189, 303.27, 100, 74232, 72
2026/07/28 23:01:49.227, 302.33, 100, 74232, 72
2026/07/28 23:01:50.266, 295.22, 100, 74232, 72
2026/07/28 23:01:51.304, 297.25, 100, 74232, 72
2026/07/28 23:01:52.342, 302.21, 100, 74232, 72
2026/07/28 23:01:53.380, 301.92, 100, 74232, 72
2026/07/28 23:01:54.417, 301.43, 100, 74232, 72
2026/07/28 23:01:55.457, 290.73, 100, 74232, 72
2026/07/28 23:01:56.494, 295.50, 100, 74232, 72
2026/07/28 23:01:57.532, 294.35, 100, 74232, 72
2026/07/28 23:01:58.571, 295.11, 100, 74232, 72
2026/07/28 23:01:59.607, 294.14, 100, 74232, 72
2026/07/28 23:02:00.645, 294.81, 100, 74232, 72
2026/07/28 23:02:01.682, 294.82, 100, 74232, 72
2026/07/28 23:02:02.721, 298.83, 100, 74232, 72
2026/07/28 23:02:03.758, 302.03, 100, 74232, 72
2026/07/28 23:02:04.797, 301.91, 100, 74232, 73
2026/07/28 23:02:05.834, 302.40, 100, 74232, 73
2026/07/28 23:02:06.874, 302.70, 100, 74232, 73
2026/07/28 23:02:07.911, 301.99, 100, 74232, 73
2026/07/28 23:02:08.949, 302.14, 100, 74232, 73
2026/07/28 23:02:09.987, 305.34, 100, 74232, 73
2026/07/28 23:02:11.025, 302.86, 100, 74232, 73
2026/07/28 23:02:12.064, 302.87, 100, 74232, 73
2026/07/28 23:02:13.102, 302.88, 100, 74232, 73
2026/07/28 23:02:14.140, 301.21, 100, 74232, 73
2026/07/28 23:02:15.178, 302.91, 100, 74232, 73
2026/07/28 23:02:16.215, 294.93, 100, 74232, 73
2026/07/28 23:02:17.255, 291.69, 100, 74232, 73
2026/07/28 23:02:18.294, 295.40, 100, 74232, 73
2026/07/28 23:02:19.331, 295.69, 100, 74232, 73
2026/07/28 23:02:20.368, 295.22, 100, 74232, 73
2026/07/28 23:02:21.405, 294.34, 100, 74232, 73
2026/07/28 23:02:22.445, 293.36, 100, 74232, 73
2026/07/28 23:02:23.483, 295.61, 100, 74232, 73
2026/07/28 23:02:24.520, 294.93, 100, 74232, 73
2026/07/28 23:02:25.561, 296.09, 100, 74232, 73
2026/07/28 23:02:26.600, 301.35, 100, 74232, 73
2026/07/28 23:02:27.640, 299.61, 100, 74232, 73
2026/07/28 23:02:28.677, 302.89, 100, 74232, 73
2026/07/28 23:02:29.717, 301.53, 100, 74232, 73
2026/07/28 23:02:30.754, 302.81, 100, 74232, 73
2026/07/28 23:02:31.792, 302.92, 100, 74232, 73
2026/07/28 23:02:32.832, 302.90, 100, 74232, 73
2026/07/28 23:02:33.869, 302.01, 100, 74232, 73
2026/07/28 23:02:34.905, 303.64, 100, 74232, 73
2026/07/28 23:02:35.944, 305.48, 100, 74232, 73
2026/07/28 23:02:36.981, 303.36, 100, 74232, 73
2026/07/28 23:02:38.021, 303.99, 100, 74232, 73
2026/07/28 23:02:39.058, 291.42, 100, 74232, 73
2026/07/28 23:02:40.096, 291.71, 100, 74232, 73
2026/07/28 23:02:41.133, 294.73, 100, 74232, 73
2026/07/28 23:02:42.171, 295.69, 100, 74232, 73
2026/07/28 23:02:43.209, 298.50, 100, 74232, 73
2026/07/28 23:02:44.248, 294.83, 100, 74232, 73
2026/07/28 23:02:45.286, 295.39, 100, 74232, 73
2026/07/28 23:02:46.325, 296.76, 100, 74232, 73
2026/07/28 23:02:47.363, 299.31, 100, 74232, 73
2026/07/28 23:02:48.401, 304.86, 100, 74232, 73
2026/07/28 23:02:49.438, 299.48, 100, 74232, 73
2026/07/28 23:02:50.476, 302.20, 100, 74232, 73
2026/07/28 23:02:51.515, 303.67, 100, 74232, 73
2026/07/28 23:02:52.552, 303.58, 100, 74232, 73
2026/07/28 23:02:53.590, 303.79, 100, 74232, 73
2026/07/28 23:02:54.627, 292.67, 100, 74232, 73
2026/07/28 23:02:55.664, 294.24, 100, 74232, 73
2026/07/28 23:02:56.704, 295.21, 100, 74232, 73
2026/07/28 23:02:57.741, 299.11, 100, 74232, 73
2026/07/28 23:02:58.778, 295.11, 100, 74232, 73
2026/07/28 23:02:59.815, 302.87, 100, 74232, 73
2026/07/28 23:03:00.852, 297.06, 100, 74232, 73
2026/07/28 23:03:01.889, 295.89, 100, 74232, 73
2026/07/28 23:03:02.929, 298.80, 100, 74232, 73
2026/07/28 23:03:03.967, 302.43, 100, 74232, 73
2026/07/28 23:03:05.004, 299.99, 100, 74232, 73
2026/07/28 23:03:06.042, 303.36, 100, 74232, 73
2026/07/28 23:03:07.081, 299.17, 100, 74232, 73
2026/07/28 23:03:08.117, 303.30, 100, 74232, 73
2026/07/28 23:03:09.154, 302.96, 100, 74232, 73
2026/07/28 23:03:10.192, 303.40, 100, 74232, 73
2026/07/28 23:03:11.229, 303.30, 100, 74232, 73
2026/07/28 23:03:12.267, 303.99, 100, 74232, 73
2026/07/28 23:03:13.304, 304.05, 100, 74232, 73
2026/07/28 23:03:14.341, 303.06, 100, 74232, 73
2026/07/28 23:03:15.380, 296.28, 100, 74232, 73
2026/07/28 23:03:16.417, 295.89, 100, 74232, 73
2026/07/28 23:03:17.454, 291.60, 100, 74232, 73
2026/07/28 23:03:18.492, 294.92, 100, 74232, 73
2026/07/28 23:03:19.530, 296.00, 100, 74232, 73
2026/07/28 23:03:20.568, 295.80, 100, 74232, 73
2026/07/28 23:03:21.605, 297.84, 100, 74232, 73
2026/07/28 23:03:22.643, 295.31, 100, 74232, 73
2026/07/28 23:03:23.681, 295.69, 100, 74232, 73
2026/07/28 23:03:24.719, 297.05, 100, 74232, 73
2026/07/28 23:03:25.757, 294.93, 100, 74232, 73
2026/07/28 23:03:26.795, 295.71, 100, 74232, 73
2026/07/28 23:03:27.832, 301.55, 100, 74232, 73
2026/07/28 23:03:28.869, 301.12, 100, 74232, 73
2026/07/28 23:03:29.907, 303.09, 100, 74232, 73
2026/07/28 23:03:30.945, 302.20, 100, 74232, 73
2026/07/28 23:03:31.982, 303.76, 100, 74232, 73
2026/07/28 23:03:33.020, 302.62, 100, 74232, 73
2026/07/28 23:03:34.058, 303.00, 100, 74232, 73
2026/07/28 23:03:35.097, 302.71, 100, 74232, 73
2026/07/28 23:03:36.134, 302.00, 100, 74232, 73
2026/07/28 23:03:37.172, 304.51, 100, 74232, 73
2026/07/28 23:03:38.208, 303.10, 100, 74232, 73
2026/07/28 23:03:39.246, 304.75, 100, 74232, 73
2026/07/28 23:03:40.283, 295.98, 100, 74232, 72
2026/07/28 23:03:41.321, 296.28, 100, 74232, 73
2026/07/28 23:03:42.358, 295.79, 100, 74232, 73
2026/07/28 23:03:43.396, 294.82, 100, 74232, 73
2026/07/28 23:03:44.433, 295.61, 100, 74232, 73
2026/07/28 23:03:45.470, 291.21, 100, 74232, 73
2026/07/28 23:03:46.508, 300.54, 100, 74232, 73
2026/07/28 23:03:47.548, 289.37, 100, 74232, 72
2026/07/28 23:03:48.586, 284.47, 100, 74232, 72
2026/07/28 23:03:49.627, 289.15, 100, 74232, 73
2026/07/28 23:03:50.666, 294.15, 100, 74232, 73
2026/07/28 23:03:51.703, 295.03, 100, 74232, 73
2026/07/28 23:03:52.742, 294.65, 100, 74232, 73
2026/07/28 23:03:53.780, 295.21, 100, 74232, 73
2026/07/28 23:03:54.817, 297.06, 100, 74232, 73
2026/07/28 23:03:55.854, 294.35, 100, 74232, 73
2026/07/28 23:03:56.890, 295.23, 100, 74232, 73
2026/07/28 23:03:57.928, 295.98, 100, 74232, 73
2026/07/28 23:03:58.966, 295.22, 100, 74232, 73
2026/07/28 23:04:00.003, 295.11, 100, 74232, 73
2026/07/28 23:04:01.041, 295.21, 100, 74232, 73
2026/07/28 23:04:02.082, 299.80, 100, 74232, 73
2026/07/28 23:04:03.120, 301.53, 100, 74232, 73
2026/07/28 23:04:04.157, 302.38, 100, 74232, 73
2026/07/28 23:04:05.195, 305.01, 100, 74232, 73
2026/07/28 23:04:06.233, 302.02, 100, 74232, 73
2026/07/28 23:04:07.270, 302.88, 100, 74232, 73
2026/07/28 23:04:08.310, 304.16, 100, 74232, 73
2026/07/28 23:04:09.347, 302.62, 100, 74232, 73
2026/07/28 23:04:10.384, 302.18, 100, 74232, 73
2026/07/28 23:04:11.422, 303.31, 100, 74232, 73
2026/07/28 23:04:12.460, 298.21, 100, 74232, 73
2026/07/28 23:04:13.500, 298.33, 100, 74232, 73
2026/07/28 23:04:14.537, 302.72, 100, 74232, 73
2026/07/28 23:04:15.575, 302.62, 100, 74232, 73
2026/07/28 23:04:16.613, 303.59, 100, 74232, 73
2026/07/28 23:04:17.651, 303.38, 100, 74232, 73
2026/07/28 23:04:18.688, 303.27, 100, 74232, 73
2026/07/28 23:04:19.730, 303.10, 100, 74232, 73
2026/07/28 23:04:20.769, 303.84, 100, 74232, 73
2026/07/28 23:04:21.806, 302.71, 100, 74232, 73
2026/07/28 23:04:22.844, 300.57, 100, 74232, 73
2026/07/28 23:04:23.882, 303.21, 100, 74232, 73
2026/07/28 23:04:24.920, 306.01, 100, 74232, 73
2026/07/28 23:04:25.957, 303.12, 100, 74232, 73
2026/07/28 23:04:26.996, 303.40, 100, 74232, 73
2026/07/28 23:04:28.036, 305.05, 100, 74232, 72
2026/07/28 23:04:29.073, 296.27, 100, 74232, 72
2026/07/28 23:04:30.111, 292.99, 100, 74232, 74
2026/07/28 23:04:31.147, 294.10, 100, 74232, 74
2026/07/28 23:04:32.183, 311.83, 100, 74232, 74
2026/07/28 23:04:33.222, 293.76, 100, 74232, 74
2026/07/28 23:04:34.257, 306.54, 100, 74232, 74
2026/07/28 23:04:35.294, 300.34, 100, 74232, 74
2026/07/28 23:04:36.334, 299.96, 100, 74232, 72
2026/07/28 23:04:37.371, 296.87, 100, 74232, 72
2026/07/28 23:04:38.409, 302.03, 100, 74232, 72
2026/07/28 23:04:39.447, 301.82, 100, 74232, 73
2026/07/28 23:04:40.485, 302.49, 100, 74232, 73
2026/07/28 23:04:41.522, 302.32, 100, 74232, 73
2026/07/28 23:04:42.559, 302.39, 100, 74232, 73
2026/07/28 23:04:43.597, 302.61, 100, 74232, 73
2026/07/28 23:04:44.635, 302.37, 100, 74232, 73
2026/07/28 23:04:45.674, 296.00, 100, 74232, 73
2026/07/28 23:04:46.712, 294.24, 100, 74232, 73
2026/07/28 23:04:47.749, 295.51, 100, 74232, 73
2026/07/28 23:04:48.786, 294.63, 100, 74232, 73
2026/07/28 23:04:49.823, 302.91, 100, 74232, 73
2026/07/28 23:04:50.860, 304.17, 100, 74232, 73
2026/07/28 23:04:51.898, 293.27, 100, 74232, 73
2026/07/28 23:04:52.936, 298.90, 100, 74232, 73
2026/07/28 23:04:53.972, 302.43, 100, 74232, 73
2026/07/28 23:04:55.011, 301.83, 100, 74232, 73
2026/07/28 23:04:56.049, 302.41, 100, 74232, 73
2026/07/28 23:04:57.090, 302.29, 100, 74232, 73
2026/07/28 23:04:58.127, 302.70, 100, 74232, 73
2026/07/28 23:04:59.164, 302.87, 100, 74232, 73
2026/07/28 23:05:00.204, 303.37, 100, 74232, 73
2026/07/28 23:05:01.241, 303.80, 100, 74232, 73
2026/07/28 23:05:02.278, 302.89, 100, 74232, 73
2026/07/28 23:05:03.315, 304.04, 100, 74232, 73
2026/07/28 23:05:04.352, 302.24, 100, 74232, 73
2026/07/28 23:05:05.391, 302.48, 100, 74232, 73
2026/07/28 23:05:06.429, 295.12, 100, 74232, 73
2026/07/28 23:05:07.468, 294.92, 100, 74232, 73
2026/07/28 23:05:08.505, 294.73, 100, 74232, 73
2026/07/28 23:05:09.543, 294.71, 100, 74232, 73
2026/07/28 23:05:10.583, 298.52, 100, 74232, 73
2026/07/28 23:05:11.619, 295.32, 100, 74232, 73
2026/07/28 23:05:12.655, 301.46, 100, 74232, 73
2026/07/28 23:05:13.692, 293.64, 100, 74232, 73
2026/07/28 23:05:14.734, 294.92, 100, 74232, 73
2026/07/28 23:05:15.772, 302.39, 100, 74232, 73
2026/07/28 23:05:16.810, 302.20, 100, 74232, 73
2026/07/28 23:05:17.850, 302.32, 100, 74232, 73
2026/07/28 23:05:18.887, 302.31, 100, 74232, 73
2026/07/28 23:05:19.926, 300.83, 100, 74232, 73
2026/07/28 23:05:20.963, 302.49, 100, 74232, 73
2026/07/28 23:05:22.002, 302.43, 100, 74232, 73
2026/07/28 23:05:23.040, 302.62, 100, 74232, 73
2026/07/28 23:05:24.077, 303.30, 100, 74232, 73
2026/07/28 23:05:25.115, 302.03, 100, 74232, 73
2026/07/28 23:05:26.152, 303.01, 100, 74232, 73
2026/07/28 23:05:27.189, 303.89, 100, 74232, 73
2026/07/28 23:05:28.227, 301.63, 100, 74232, 73
2026/07/28 23:05:29.267, 298.32, 100, 74232, 73
2026/07/28 23:05:30.304, 291.49, 100, 74232, 72
2026/07/28 23:05:31.348, 294.82, 100, 74232, 72
2026/07/28 23:05:32.386, 293.85, 100, 74232, 72
2026/07/28 23:05:33.423, 295.00, 100, 74232, 72
2026/07/28 23:05:34.462, 295.51, 100, 74232, 72
2026/07/28 23:05:35.499, 295.60, 100, 74232, 72
2026/07/28 23:05:36.538, 295.51, 100, 74232, 72
2026/07/28 23:05:37.579, 301.65, 100, 74232, 73
2026/07/28 23:05:38.617, 302.02, 100, 74232, 73
2026/07/28 23:05:39.654, 302.57, 100, 74232, 73
2026/07/28 23:05:40.690, 302.48, 100, 74232, 73
2026/07/28 23:05:41.728, 302.82, 100, 74232, 73
2026/07/28 23:05:42.765, 302.77, 100, 74232, 73
2026/07/28 23:05:43.802, 303.42, 100, 74232, 73
2026/07/28 23:05:44.842, 302.51, 100, 74232, 73
2026/07/28 23:05:45.879, 302.14, 100, 74232, 73
2026/07/28 23:05:46.917, 302.42, 100, 74232, 73
2026/07/28 23:05:47.955, 294.33, 100, 74232, 72
2026/07/28 23:05:48.992, 294.53, 100, 74232, 72
2026/07/28 23:05:50.031, 295.71, 100, 74232, 72
2026/07/28 23:05:51.068, 295.20, 100, 74232, 72
2026/07/28 23:05:52.105, 294.84, 100, 74232, 72
2026/07/28 23:05:53.143, 294.32, 100, 74232, 72
2026/07/28 23:05:54.181, 294.61, 100, 74232, 72
2026/07/28 23:05:55.219, 290.08, 100, 74232, 72
2026/07/28 23:05:56.256, 294.05, 100, 74232, 72
2026/07/28 23:05:57.294, 294.45, 100, 74232, 72
2026/07/28 23:05:58.331, 302.42, 100, 74232, 72
2026/07/28 23:05:59.368, 302.22, 100, 74232, 72
2026/07/28 23:06:00.406, 300.05, 100, 74232, 73
2026/07/28 23:06:01.444, 302.41, 100, 74232, 73
2026/07/28 23:06:02.483, 302.42, 100, 74232, 73
2026/07/28 23:06:03.521, 301.84, 100, 74232, 73
2026/07/28 23:06:04.558, 301.44, 100, 74232, 73
2026/07/28 23:06:05.596, 302.22, 100, 74232, 72
2026/07/28 23:06:06.632, 302.41, 100, 74232, 73
2026/07/28 23:06:07.672, 302.49, 100, 74232, 73
2026/07/28 23:06:08.710, 302.49, 100, 74232, 72
2026/07/28 23:06:09.748, 295.80, 100, 74232, 72
2026/07/28 23:06:10.786, 294.74, 100, 74232, 72
2026/07/28 23:06:11.823, 293.75, 100, 74232, 72
2026/07/28 23:06:12.867, 294.03, 100, 74232, 72
2026/07/28 23:06:13.904, 298.61, 100, 74232, 72
2026/07/28 23:06:14.942, 298.02, 100, 74232, 72
2026/07/28 23:06:15.982, 297.46, 100, 74232, 72
2026/07/28 23:06:17.020, 294.83, 100, 74232, 72
2026/07/28 23:06:18.057, 293.95, 100, 74232, 72
2026/07/28 23:06:19.098, 298.24, 100, 74232, 72
2026/07/28 23:06:20.134, 301.35, 100, 74232, 72
2026/07/28 23:06:21.170, 302.09, 100, 74232, 72
2026/07/28 23:06:22.210, 305.31, 100, 74232, 72
2026/07/28 23:06:23.248, 294.44, 100, 74232, 72
2026/07/28 23:06:24.287, 293.96, 100, 74232, 72
2026/07/28 23:06:25.323, 294.72, 100, 74232, 72
2026/07/28 23:06:26.361, 300.57, 100, 74232, 72
2026/07/28 23:06:27.398, 297.16, 100, 74232, 72
2026/07/28 23:06:28.435, 301.27, 100, 74232, 72
2026/07/28 23:06:29.473, 298.33, 100, 74232, 72
2026/07/28 23:06:30.511, 302.30, 100, 74232, 72
2026/07/28 23:06:31.548, 302.03, 100, 74232, 72
2026/07/28 23:06:32.586, 301.91, 100, 74232, 72
2026/07/28 23:06:33.622, 299.86, 100, 74232, 72
2026/07/28 23:06:34.660, 294.62, 100, 74232, 72
2026/07/28 23:06:35.696, 296.95, 100, 74232, 72
2026/07/28 23:06:36.734, 295.89, 100, 74232, 72
2026/07/28 23:06:37.772, 296.08, 100, 74232, 72
2026/07/28 23:06:38.809, 294.64, 100, 74232, 72
2026/07/28 23:06:39.846, 295.31, 100, 74232, 72
2026/07/28 23:06:40.884, 301.43, 100, 74232, 72
2026/07/28 23:06:41.922, 301.02, 100, 74232, 72
2026/07/28 23:06:42.963, 295.73, 100, 74232, 72
2026/07/28 23:06:44.000, 294.16, 100, 74232, 72
2026/07/28 23:06:45.037, 300.37, 100, 74232, 72
2026/07/28 23:06:46.078, 298.30, 100, 74232, 72
2026/07/28 23:06:47.116, 302.62, 100, 74232, 72
2026/07/28 23:06:48.153, 301.94, 100, 74232, 72
2026/07/28 23:06:49.191, 304.61, 100, 74232, 72
2026/07/28 23:06:50.228, 303.05, 100, 74232, 72
2026/07/28 23:06:51.266, 305.24, 100, 74232, 72
2026/07/28 23:06:52.304, 295.88, 100, 74232, 72
2026/07/28 23:06:53.342, 294.24, 100, 74232, 72
2026/07/28 23:06:54.379, 294.53, 100, 74232, 72
2026/07/28 23:06:55.416, 295.02, 100, 74232, 72
2026/07/28 23:06:56.454, 294.74, 100, 74232, 72
2026/07/28 23:06:57.493, 296.49, 100, 74232, 72
2026/07/28 23:06:58.530, 294.41, 100, 74232, 72
2026/07/28 23:06:59.569, 294.74, 100, 74232, 72
2026/07/28 23:07:00.611, 300.83, 100, 74232, 72
2026/07/28 23:07:01.647, 302.63, 100, 74232, 72
2026/07/28 23:07:02.687, 302.32, 100, 74232, 72
2026/07/28 23:07:03.725, 302.12, 100, 74232, 72
2026/07/28 23:07:04.763, 302.10, 100, 74232, 72
2026/07/28 23:07:05.802, 303.55, 100, 74232, 72
2026/07/28 23:07:06.841, 302.24, 100, 74232, 72
2026/07/28 23:07:07.878, 302.74, 100, 74232, 72
2026/07/28 23:07:08.916, 301.35, 100, 74232, 72
2026/07/28 23:07:09.954, 302.33, 100, 74232, 72
2026/07/28 23:07:10.993, 296.69, 100, 74232, 72
2026/07/28 23:07:12.030, 297.33, 100, 74232, 72
2026/07/28 23:07:13.067, 294.55, 100, 74232, 72
2026/07/28 23:07:14.105, 302.09, 100, 74232, 72
2026/07/28 23:07:15.144, 295.01, 100, 74232, 72
2026/07/28 23:07:16.189, 298.32, 100, 74232, 72
2026/07/28 23:07:17.228, 298.32, 100, 74232, 72
2026/07/28 23:07:18.266, 296.40, 100, 74232, 72
2026/07/28 23:07:19.305, 296.08, 100, 74232, 72
2026/07/28 23:07:20.342, 294.05, 100, 74232, 72
2026/07/28 23:07:21.382, 294.02, 100, 74232, 72
2026/07/28 23:07:22.423, 294.23, 100, 74232, 72
2026/07/28 23:07:23.461, 294.63, 100, 74232, 72
2026/07/28 23:07:24.498, 294.90, 100, 74232, 72
2026/07/28 23:07:25.537, 299.41, 100, 74232, 72
2026/07/28 23:07:26.575, 298.03, 100, 74232, 72
2026/07/28 23:07:27.614, 301.52, 100, 74232, 72
2026/07/28 23:07:28.652, 301.64, 100, 74232, 72
2026/07/28 23:07:29.688, 301.35, 100, 74232, 72
2026/07/28 23:07:30.725, 301.93, 100, 74232, 72
2026/07/28 23:07:31.764, 302.10, 100, 74232, 72
2026/07/28 23:07:32.805, 303.08, 100, 74232, 72
2026/07/28 23:07:33.842, 304.37, 100, 74232, 72
2026/07/28 23:07:34.881, 295.19, 100, 74232, 72
2026/07/28 23:07:35.919, 302.22, 100, 74232, 72
2026/07/28 23:07:36.957, 301.84, 100, 74232, 72
2026/07/28 23:07:37.994, 300.45, 100, 74232, 72
2026/07/28 23:07:39.032, 291.21, 100, 74232, 72
2026/07/28 23:07:40.069, 290.74, 100, 74232, 72
2026/07/28 23:07:41.109, 294.62, 100, 74232, 72
2026/07/28 23:07:42.148, 300.37, 100, 74232, 72
2026/07/28 23:07:43.186, 296.97, 100, 74232, 72
2026/07/28 23:07:44.224, 301.27, 100, 74232, 72
2026/07/28 23:07:45.264, 298.61, 100, 74232, 72
2026/07/28 23:07:46.301, 304.07, 100, 74232, 73
2026/07/28 23:07:47.339, 302.53, 100, 74232, 73
2026/07/28 23:07:48.376, 302.19, 100, 74232, 73
2026/07/28 23:07:49.414, 295.31, 100, 74232, 73
2026/07/28 23:07:50.452, 295.98, 100, 74232, 73
2026/07/28 23:07:51.490, 291.72, 100, 74232, 72
2026/07/28 23:07:52.529, 294.34, 100, 74232, 73
2026/07/28 23:07:53.566, 295.30, 100, 74232, 73
2026/07/28 23:07:54.604, 294.34, 100, 74232, 73
2026/07/28 23:07:55.642, 295.83, 100, 74232, 73
2026/07/28 23:07:56.679, 295.12, 100, 74232, 73
2026/07/28 23:07:57.716, 294.04, 100, 74232, 73
2026/07/28 23:07:58.754, 294.74, 100, 74232, 73
2026/07/28 23:07:59.795, 294.14, 100, 74232, 73
2026/07/28 23:08:00.835, 295.13, 100, 74232, 73
2026/07/28 23:08:01.872, 302.00, 100, 74232, 73
2026/07/28 23:08:02.912, 303.47, 100, 74232, 73
2026/07/28 23:08:03.949, 302.59, 100, 74232, 73
2026/07/28 23:08:04.987, 302.81, 100, 74232, 73
2026/07/28 23:08:06.024, 303.36, 100, 74232, 73
2026/07/28 23:08:07.061, 306.97, 100, 74232, 73
2026/07/28 23:08:08.104, 297.24, 100, 74232, 73
2026/07/28 23:08:09.141, 298.12, 100, 74232, 73
2026/07/28 23:08:10.179, 298.22, 100, 74232, 73
2026/07/28 23:08:11.218, 295.42, 100, 74232, 73
2026/07/28 23:08:12.255, 293.85, 100, 74232, 73
2026/07/28 23:08:13.293, 295.69, 100, 74232, 73
2026/07/28 23:08:14.332, 294.53, 100, 74232, 73
2026/07/28 23:08:15.374, 295.70, 100, 74232, 73
2026/07/28 23:08:16.413, 291.69, 100, 74232, 73
2026/07/28 23:08:17.450, 296.31, 100, 74232, 73
2026/07/28 23:08:18.491, 295.42, 100, 74232, 73
2026/07/28 23:08:19.529, 301.64, 100, 74232, 73
2026/07/28 23:08:20.567, 298.63, 100, 74232, 73
2026/07/28 23:08:21.607, 298.72, 100, 74232, 73
2026/07/28 23:08:22.645, 294.93, 100, 74232, 73
2026/07/28 23:08:23.682, 295.87, 100, 74232, 73
2026/07/28 23:08:24.720, 297.63, 100, 74232, 73
2026/07/28 23:08:25.758, 295.40, 100, 74232, 73
2026/07/28 23:08:26.796, 296.09, 100, 74232, 73
2026/07/28 23:08:27.834, 302.97, 100, 74232, 73
2026/07/28 23:08:28.872, 303.17, 100, 74232, 73
2026/07/28 23:08:29.910, 299.99, 100, 74232, 73
2026/07/28 23:08:30.947, 303.48, 100, 74232, 73
2026/07/28 23:08:31.985, 293.85, 100, 74232, 73
2026/07/28 23:08:33.025, 296.07, 100, 74232, 73
2026/07/28 23:08:34.062, 292.78, 100, 74232, 73
2026/07/28 23:08:35.100, 295.51, 100, 74232, 73
2026/07/28 23:08:36.140, 292.10, 100, 74232, 73
2026/07/28 23:08:37.178, 297.61, 100, 74232, 73
2026/07/28 23:08:38.218, 299.40, 100, 74232, 73
2026/07/28 23:08:39.259, 297.35, 100, 74232, 73
2026/07/28 23:08:40.296, 303.59, 100, 74232, 73
2026/07/28 23:08:41.333, 300.38, 100, 74232, 73
2026/07/28 23:08:42.371, 296.09, 100, 74232, 73
2026/07/28 23:08:43.409, 296.08, 100, 74232, 73
2026/07/28 23:08:44.446, 303.18, 100, 74232, 73
2026/07/28 23:08:45.483, 296.38, 100, 74232, 73
2026/07/28 23:08:46.520, 296.38, 100, 74232, 73
2026/07/28 23:08:47.560, 303.78, 100, 74232, 73
2026/07/28 23:08:48.597, 302.81, 100, 74232, 73
2026/07/28 23:08:49.637, 304.07, 100, 74232, 73
2026/07/28 23:08:50.674, 304.17, 100, 74232, 73
2026/07/28 23:08:51.716, 296.47, 100, 74232, 73
2026/07/28 23:08:52.756, 303.38, 100, 74232, 73
2026/07/28 23:08:53.792, 303.26, 100, 74232, 73
2026/07/28 23:08:54.830, 302.02, 100, 74232, 73
2026/07/28 23:08:55.868, 301.84, 100, 74232, 73
2026/07/28 23:08:56.906, 303.76, 100, 74232, 73
2026/07/28 23:08:57.943, 301.44, 100, 74232, 73
2026/07/28 23:08:58.982, 303.68, 100, 74232, 73
2026/07/28 23:09:00.019, 302.79, 100, 74232, 73
2026/07/28 23:09:01.056, 294.31, 100, 74232, 73
2026/07/28 23:09:02.093, 296.09, 100, 74232, 73
2026/07/28 23:09:03.130, 296.08, 100, 74232, 73
2026/07/28 23:09:04.167, 297.06, 100, 74232, 73
2026/07/28 23:09:05.204, 295.71, 100, 74232, 73
2026/07/28 23:09:06.244, 296.18, 100, 74232, 73
2026/07/28 23:09:07.282, 303.59, 100, 74232, 73
2026/07/28 23:09:08.319, 300.97, 100, 74232, 73
2026/07/28 23:09:09.358, 302.61, 100, 74232, 73
2026/07/28 23:09:10.395, 303.55, 100, 74232, 73
2026/07/28 23:09:11.432, 304.57, 100, 74232, 73
2026/07/28 23:09:12.468, 303.88, 100, 74232, 73
2026/07/28 23:09:13.505, 304.07, 100, 74232, 73
2026/07/28 23:09:14.542, 300.18, 100, 74232, 73
2026/07/28 23:09:15.579, 303.70, 100, 74232, 73
2026/07/28 23:09:16.616, 303.49, 100, 74232, 73
2026/07/28 23:09:17.654, 291.91, 100, 74232, 73
2026/07/28 23:09:18.691, 292.41, 100, 74232, 73
2026/07/28 23:09:19.727, 296.19, 100, 74232, 73
2026/07/28 23:09:20.765, 295.21, 100, 74232, 73
2026/07/28 23:09:21.803, 295.61, 100, 74232, 73
2026/07/28 23:09:22.842, 295.52, 100, 74232, 73
2026/07/28 23:09:23.879, 305.62, 100, 74232, 73
2026/07/28 23:09:24.916, 302.51, 100, 74232, 73
2026/07/28 23:09:25.954, 299.29, 100, 74232, 73
2026/07/28 23:09:26.992, 305.05, 100, 74232, 73
2026/07/28 23:09:28.030, 303.10, 100, 74232, 73
2026/07/28 23:09:29.067, 304.47, 100, 74232, 73
2026/07/28 23:09:30.105, 99.44, 0, 74232, 70
2026/07/28 23:09:31.140, 288.20, 100, 74232, 74
2026/07/28 23:09:32.176, 309.40, 100, 74232, 74
2026/07/28 23:09:33.210, 297.43, 100, 74232, 74
2026/07/28 23:09:34.246, 301.61, 100, 74232, 74
2026/07/28 23:09:35.280, 308.23, 100, 74232, 74
2026/07/28 23:09:36.316, 305.39, 100, 74232, 74
2026/07/28 23:09:37.353, 281.66, 100, 74232, 72
2026/07/28 23:09:38.395, 301.24, 100, 74232, 72
2026/07/28 23:09:39.434, 298.24, 100, 74232, 72
2026/07/28 23:09:40.471, 301.63, 100, 74232, 72
2026/07/28 23:09:41.509, 301.54, 100, 74232, 73
2026/07/28 23:09:42.547, 302.67, 100, 74232, 73
2026/07/28 23:09:43.584, 302.51, 100, 74232, 73
2026/07/28 23:09:44.622, 295.79, 100, 74232, 73
2026/07/28 23:09:45.659, 296.39, 100, 74232, 73
2026/07/28 23:09:46.697, 295.31, 100, 74232, 73
2026/07/28 23:09:47.735, 303.40, 100, 74232, 73
2026/07/28 23:09:48.773, 296.09, 100, 74232, 73
2026/07/28 23:09:49.810, 299.29, 100, 74232, 73
2026/07/28 23:09:50.850, 293.53, 100, 74232, 73
2026/07/28 23:09:51.887, 295.01, 100, 74232, 73
2026/07/28 23:09:52.927, 295.68, 100, 74232, 73
2026/07/28 23:09:53.965, 291.52, 100, 74232, 73
2026/07/28 23:09:55.003, 299.51, 100, 74232, 73
2026/07/28 23:09:56.040, 298.31, 100, 74232, 73
2026/07/28 23:09:57.080, 302.62, 100, 74232, 73
2026/07/28 23:09:58.116, 302.40, 100, 74232, 73
2026/07/28 23:09:59.153, 302.62, 100, 74232, 73
2026/07/28 23:10:00.192, 303.21, 100, 74232, 73
2026/07/28 23:10:01.230, 295.60, 100, 74232, 73
2026/07/28 23:10:02.268, 301.06, 100, 74232, 73
2026/07/28 23:10:03.306, 303.77, 100, 74232, 73
2026/07/28 23:10:04.342, 296.46, 100, 74232, 73
2026/07/28 23:10:05.382, 297.54, 100, 74232, 73
2026/07/28 23:10:06.418, 291.50, 100, 74232, 73
2026/07/28 23:10:07.455, 295.49, 100, 74232, 73
2026/07/28 23:10:08.492, 301.33, 100, 74232, 73
2026/07/28 23:10:09.529, 302.19, 100, 74232, 73
2026/07/28 23:10:10.571, 297.25, 100, 74232, 73
2026/07/28 23:10:11.608, 302.12, 100, 74232, 73
2026/07/28 23:10:12.646, 295.71, 100, 74232, 73
2026/07/28 23:10:13.685, 295.71, 100, 74232, 73
2026/07/28 23:10:14.723, 294.84, 100, 74232, 73
2026/07/28 23:10:15.761, 299.76, 100, 74232, 73
2026/07/28 23:10:16.799, 295.11, 100, 74232, 73
2026/07/28 23:10:17.837, 302.32, 100, 74232, 73
2026/07/28 23:10:18.875, 302.62, 100, 74232, 73
2026/07/28 23:10:19.913, 299.27, 100, 74232, 73
2026/07/28 23:10:20.950, 302.67, 100, 74232, 73
2026/07/28 23:10:21.987, 303.19, 100, 74232, 73
2026/07/28 23:10:23.024, 304.27, 100, 74232, 73
2026/07/28 23:10:24.062, 301.92, 100, 74232, 73
2026/07/28 23:10:25.099, 304.16, 100, 74232, 73
2026/07/28 23:10:26.137, 302.59, 100, 74232, 73
2026/07/28 23:10:27.175, 302.04, 100, 74232, 73
2026/07/28 23:10:28.215, 302.89, 100, 74232, 73
2026/07/28 23:10:29.252, 301.74, 100, 74232, 73
2026/07/28 23:10:30.289, 303.36, 100, 74232, 73
2026/07/28 23:10:31.327, 302.48, 100, 74232, 73
2026/07/28 23:10:32.365, 303.87, 100, 74232, 73
2026/07/28 23:10:33.402, 301.84, 100, 74232, 73
2026/07/28 23:10:34.440, 303.69, 100, 74232, 73
2026/07/28 23:10:35.477, 303.07, 100, 74232, 73
2026/07/28 23:10:36.516, 301.54, 100, 74232, 73
2026/07/28 23:10:37.553, 295.52, 100, 74232, 73
2026/07/28 23:10:38.592, 294.94, 100, 74232, 73
2026/07/28 23:10:39.630, 296.86, 100, 74232, 72
2026/07/28 23:10:40.668, 297.72, 100, 74232, 72
2026/07/28 23:10:41.707, 296.10, 100, 74232, 72
2026/07/28 23:10:42.745, 302.32, 100, 74232, 72
2026/07/28 23:10:43.784, 292.95, 100, 74232, 72
2026/07/28 23:10:44.822, 295.10, 100, 74232, 72
2026/07/28 23:10:45.861, 293.27, 100, 74232, 72
2026/07/28 23:10:46.898, 298.22, 100, 74232, 72
2026/07/28 23:10:47.935, 302.60, 100, 74232, 73
2026/07/28 23:10:48.973, 300.56, 100, 74232, 73
2026/07/28 23:10:50.010, 301.82, 100, 74232, 73
2026/07/28 23:10:51.048, 304.73, 100, 74232, 73
2026/07/28 23:10:52.088, 302.42, 100, 74232, 73
2026/07/28 23:10:53.126, 292.59, 100, 74232, 73
2026/07/28 23:10:54.165, 290.83, 100, 74232, 73
2026/07/28 23:10:55.202, 294.74, 100, 74232, 73
2026/07/28 23:10:56.242, 301.72, 100, 74232, 73
2026/07/28 23:10:57.280, 298.81, 100, 74232, 73
2026/07/28 23:10:58.317, 303.81, 100, 74232, 73
2026/07/28 23:10:59.355, 301.35, 100, 74232, 73
2026/07/28 23:11:00.393, 304.08, 100, 74232, 73
2026/07/28 23:11:01.431, 302.32, 100, 74232, 73
2026/07/28 23:11:02.478, 295.41, 100, 74232, 73
2026/07/28 23:11:03.517, 294.54, 100, 74232, 73
2026/07/28 23:11:04.553, 295.01, 100, 74232, 73
2026/07/28 23:11:05.596, 296.20, 100, 74232, 73
2026/07/28 23:11:06.633, 301.94, 100, 74232, 73
2026/07/28 23:11:07.670, 300.95, 100, 74232, 73
2026/07/28 23:11:08.709, 302.11, 100, 74232, 73
2026/07/28 23:11:09.746, 305.43, 100, 74232, 73
2026/07/28 23:11:10.784, 298.42, 100, 74232, 73
2026/07/28 23:11:11.823, 303.37, 100, 74232, 73
2026/07/28 23:11:12.861, 302.12, 100, 74232, 73
2026/07/28 23:11:13.897, 303.00, 100, 74232, 73
2026/07/28 23:11:14.934, 302.24, 100, 74232, 73
2026/07/28 23:11:15.972, 303.00, 100, 74232, 73
2026/07/28 23:11:17.011, 302.78, 100, 74232, 73
2026/07/28 23:11:18.049, 302.23, 100, 74232, 73
2026/07/28 23:11:19.086, 301.92, 100, 74232, 73
2026/07/28 23:11:20.124, 302.15, 100, 74232, 73
2026/07/28 23:11:21.160, 305.73, 100, 74232, 73
2026/07/28 23:11:22.198, 301.94, 100, 74232, 73
2026/07/28 23:11:23.235, 302.50, 100, 74232, 73
2026/07/28 23:11:24.272, 302.31, 100, 74232, 73
2026/07/28 23:11:25.309, 296.76, 100, 74232, 72
2026/07/28 23:11:26.348, 294.14, 100, 74232, 72
2026/07/28 23:11:27.386, 291.62, 100, 74232, 72
2026/07/28 23:11:28.424, 294.25, 100, 74232, 73
2026/07/28 23:11:29.464, 302.61, 100, 74232, 72
2026/07/28 23:11:30.502, 301.73, 100, 74232, 73
2026/07/28 23:11:31.540, 301.42, 100, 74232, 73
2026/07/28 23:11:32.578, 302.77, 100, 74232, 73
2026/07/28 23:11:33.615, 299.60, 100, 74232, 72
2026/07/28 23:11:34.652, 302.24, 100, 74232, 73
2026/07/28 23:11:35.689, 302.21, 100, 74232, 72
2026/07/28 23:11:36.733, 302.62, 100, 74232, 73
2026/07/28 23:11:37.770, 302.68, 100, 74232, 73
2026/07/28 23:11:38.807, 300.24, 100, 74232, 72
2026/07/28 23:11:39.845, 295.09, 100, 74232, 72
2026/07/28 23:11:40.883, 291.03, 100, 74232, 72
2026/07/28 23:11:41.922, 291.02, 100, 74232, 72
2026/07/28 23:11:42.961, 298.89, 100, 74232, 72
2026/07/28 23:11:43.998, 299.39, 100, 74232, 72
2026/07/28 23:11:45.037, 304.94, 100, 74232, 72
2026/07/28 23:11:46.074, 302.81, 100, 74232, 73
2026/07/28 23:11:47.113, 301.84, 100, 74232, 73
2026/07/28 23:11:48.151, 302.62, 100, 74232, 72
2026/07/28 23:11:49.188, 302.51, 100, 74232, 72
2026/07/28 23:11:50.225, 298.68, 100, 74232, 72
2026/07/28 23:11:51.262, 295.01, 100, 74232, 72
2026/07/28 23:11:52.302, 295.88, 100, 74232, 72
2026/07/28 23:11:53.339, 290.65, 100, 74232, 72
2026/07/28 23:11:54.379, 295.41, 100, 74232, 72
2026/07/28 23:11:55.417, 301.41, 100, 74232, 72
2026/07/28 23:11:56.453, 294.82, 100, 74232, 72
2026/07/28 23:11:57.493, 302.61, 100, 74232, 72
2026/07/28 23:11:58.530, 97.36, 0, 74232, 69
2026/07/28 23:11:59.562, 97.36, 0, 74232, 68
2026/07/28 23:12:00.593, 96.64, 0, 74232, 68
2026/07/28 23:12:01.624, 94.58, 0, 74232, 67
2026/07/28 23:12:02.657, 95.03, 0, 74232, 67
2026/07/28 23:12:03.687, 93.44, 0, 74232, 66
2026/07/28 23:12:04.718, 92.86, 0, 74232, 66
2026/07/28 23:12:05.750, 92.34, 0, 74232, 65
2026/07/28 23:12:06.782, 92.76, 0, 74232, 65
2026/07/28 23:12:07.812, 92.33, 0, 74232, 64
2026/07/28 23:12:08.843, 90.81, 0, 74232, 64
2026/07/28 23:12:09.873, 91.08, 0, 74232, 64
2026/07/28 23:12:10.903, 90.87, 0, 74232, 63
2026/07/28 23:12:11.934, 90.45, 0, 74232, 63
2026/07/28 23:12:12.965, 90.19, 0, 74232, 63
2026/07/28 23:12:13.997, 89.85, 0, 74232, 62
2026/07/28 23:12:15.028, 89.49, 0, 74232, 62
2026/07/28 23:12:16.061, 89.20, 0, 74232, 62
2026/07/28 23:12:17.091, 89.04, 0, 74232, 62
2026/07/28 23:12:18.122, 88.73, 0, 74232, 61
2026/07/28 23:12:19.152, 88.22, 0, 74232, 61
2026/07/28 23:12:20.182, 88.14, 0, 74232, 61
2026/07/28 23:12:21.211, 87.86, 0, 74232, 60
2026/07/28 23:12:22.241, 87.58, 0, 74232, 60
2026/07/28 23:12:23.272, 85.95, 0, 74232, 60
2026/07/28 23:12:24.302, 85.81, 0, 74232, 60
2026/07/28 23:12:25.332, 85.04, 0, 74232, 59
2026/07/28 23:12:26.361, 84.82, 0, 74232, 59
2026/07/28 23:12:27.391, 84.75, 0, 74232, 59
2026/07/28 23:12:28.422, 84.36, 0, 74232, 59
2026/07/28 23:12:29.452, 84.27, 0, 74232, 59
2026/07/28 23:12:30.482, 84.21, 0, 74232, 58
2026/07/28 23:12:31.514, 305.71, 100, 74232, 64
2026/07/28 23:12:32.559, 303.55, 100, 74232, 64
2026/07/28 23:12:33.593, 294.23, 100, 74232, 65
2026/07/28 23:12:34.626, 297.94, 100, 74232, 65
2026/07/28 23:12:35.669, 301.23, 100, 74232, 64
2026/07/28 23:12:36.705, 299.67, 100, 74232, 64
2026/07/28 23:12:37.742, 296.28, 100, 74232, 64
2026/07/28 23:12:38.778, 298.12, 100, 74232, 64
2026/07/28 23:12:39.815, 297.45, 100, 74232, 65
2026/07/28 23:12:40.852, 297.94, 100, 74232, 65
2026/07/28 23:12:41.890, 294.43, 100, 74232, 65
2026/07/28 23:12:42.926, 302.46, 100, 74232, 67
2026/07/28 23:12:43.965, 295.49, 100, 74232, 67
2026/07/28 23:12:44.999, 281.45, 100, 74232, 68
2026/07/28 23:12:46.033, 296.50, 100, 74232, 68
2026/07/28 23:12:47.072, 296.94, 100, 74232, 68
2026/07/28 23:12:48.108, 294.41, 100, 74232, 66
2026/07/28 23:12:49.145, 293.93, 100, 74232, 67
2026/07/28 23:12:50.182, 295.77, 100, 74232, 67
2026/07/28 23:12:51.223, 301.91, 100, 74232, 67
2026/07/28 23:12:52.260, 300.12, 100, 74232, 69
2026/07/28 23:12:53.296, 298.11, 100, 74232, 69
2026/07/28 23:12:54.330, 318.77, 100, 74232, 70
2026/07/28 23:12:55.365, 305.06, 100, 74232, 70
2026/07/28 23:12:56.404, 303.88, 100, 74232, 68
2026/07/28 23:12:57.441, 304.91, 100, 74232, 68
2026/07/28 23:12:58.479, 302.87, 100, 74232, 69
2026/07/28 23:12:59.518, 303.10, 100, 74232, 69
2026/07/28 23:13:00.556, 303.24, 100, 74232, 71
2026/07/28 23:13:01.592, 311.81, 100, 74232, 71
2026/07/28 23:13:02.627, 301.55, 100, 74232, 71
2026/07/28 23:13:03.662, 304.58, 100, 74232, 71
2026/07/28 23:13:04.696, 276.68, 100, 74232, 71
2026/07/28 23:13:05.737, 291.42, 100, 74232, 69
2026/07/28 23:13:06.775, 283.91, 100, 74232, 70
2026/07/28 23:13:07.811, 288.08, 100, 74232, 70
2026/07/28 23:13:08.850, 291.31, 100, 74232, 70
2026/07/28 23:13:09.887, 290.93, 100, 74232, 70
2026/07/28 23:13:10.927, 290.14, 100, 74232, 70
2026/07/28 23:13:11.965, 297.45, 100, 74232, 70
2026/07/28 23:13:13.004, 293.83, 100, 74232, 70
2026/07/28 23:13:14.041, 290.93, 100, 74232, 71
2026/07/28 23:13:15.081, 286.65, 100, 74232, 71
2026/07/28 23:13:16.119, 287.99, 100, 74232, 71
2026/07/28 23:13:17.157, 302.20, 100, 74232, 71
2026/07/28 23:13:18.194, 305.23, 100, 74232, 71
2026/07/28 23:13:19.233, 299.68, 100, 74232, 71
2026/07/28 23:13:20.271, 307.66, 100, 74232, 71
2026/07/28 23:13:21.307, 308.49, 100, 74232, 71
2026/07/28 23:13:22.345, 307.39, 100, 74232, 71
2026/07/28 23:13:23.382, 296.00, 100, 74232, 71
2026/07/28 23:13:24.421, 298.88, 100, 74232, 71
2026/07/28 23:13:25.458, 299.78, 100, 74232, 71
2026/07/28 23:13:26.494, 300.66, 100, 74232, 71
2026/07/28 23:13:27.532, 299.88, 100, 74232, 71
2026/07/28 23:13:28.569, 307.25, 100, 74232, 72
2026/07/28 23:13:29.609, 300.55, 100, 74232, 72
2026/07/28 23:13:30.646, 98.34, 68, 74232, 69
2026/07/28 23:13:31.679, 284.37, 100, 74232, 73
2026/07/28 23:13:32.715, 299.79, 100, 74232, 73
2026/07/28 23:13:33.750, 307.79, 100, 74232, 73
2026/07/28 23:13:34.786, 310.01, 100, 74232, 73
2026/07/28 23:13:35.824, 299.01, 100, 74232, 73
2026/07/28 23:13:36.859, 302.91, 100, 74232, 71
2026/07/28 23:13:37.896, 307.01, 100, 74232, 72
2026/07/28 23:13:38.935, 300.55, 100, 74232, 71
2026/07/28 23:13:39.974, 99.79, 57, 74232, 69
2026/07/28 23:13:41.007, 307.40, 100, 74232, 73
2026/07/28 23:13:42.042, 303.68, 100, 74232, 73
2026/07/28 23:13:43.076, 308.43, 100, 74232, 73
2026/07/28 23:13:44.112, 305.58, 100, 74232, 73
2026/07/28 23:13:45.147, 277.76, 100, 74232, 73
2026/07/28 23:13:46.183, 299.31, 100, 74232, 72
2026/07/28 23:13:47.221, 299.60, 100, 74232, 72
2026/07/28 23:13:48.257, 299.98, 100, 74232, 72
2026/07/28 23:13:49.294, 302.18, 100, 74232, 72
2026/07/28 23:13:50.332, 300.65, 100, 74232, 72
2026/07/28 23:13:51.369, 293.25, 34, 74232, 73
2026/07/28 23:13:52.407, 299.29, 100, 74232, 74
2026/07/28 23:13:53.442, 307.25, 100, 74232, 74
2026/07/28 23:13:54.477, 304.64, 100, 74232, 74
2026/07/28 23:13:55.513, 291.62, 100, 74232, 74
2026/07/28 23:13:56.547, 307.83, 100, 74232, 72
2026/07/28 23:13:57.584, 300.07, 100, 74232, 72
2026/07/28 23:13:58.620, 301.24, 100, 74232, 72
2026/07/28 23:13:59.656, 297.75, 100, 74232, 72
2026/07/28 23:14:00.693, 298.71, 100, 74232, 72
2026/07/28 23:14:01.731, 302.59, 100, 74232, 72
2026/07/28 23:14:02.768, 300.76, 100, 74232, 72
2026/07/28 23:14:03.805, 301.33, 100, 74232, 73
2026/07/28 23:14:04.842, 301.99, 100, 74232, 73
2026/07/28 23:14:05.880, 302.80, 100, 74232, 73
2026/07/28 23:14:06.916, 301.44, 100, 74232, 73
2026/07/28 23:14:07.952, 301.55, 100, 74232, 73
2026/07/28 23:14:08.988, 302.22, 100, 74232, 73
2026/07/28 23:14:10.024, 302.83, 100, 74232, 73
2026/07/28 23:14:11.060, 301.34, 100, 74232, 73
2026/07/28 23:14:12.098, 301.15, 100, 74232, 73
2026/07/28 23:14:13.136, 303.38, 100, 74232, 73
2026/07/28 23:14:14.173, 301.71, 100, 74232, 72
2026/07/28 23:14:15.212, 294.63, 100, 74232, 72
2026/07/28 23:14:16.251, 290.05, 100, 74232, 72
2026/07/28 23:14:17.288, 299.58, 100, 74232, 72
2026/07/28 23:14:18.328, 293.94, 100, 74232, 72
2026/07/28 23:14:19.366, 300.48, 88, 74232, 74
2026/07/28 23:14:20.402, 290.43, 100, 74232, 74
2026/07/28 23:14:21.439, 290.54, 100, 74232, 74
2026/07/28 23:14:22.479, 295.24, 100, 74232, 74
2026/07/28 23:14:23.515, 303.07, 100, 74232, 74
2026/07/28 23:14:24.550, 306.98, 100, 74232, 74
2026/07/28 23:14:25.587, 302.11, 100, 74232, 72
2026/07/28 23:14:26.624, 301.50, 100, 74232, 72
2026/07/28 23:14:27.667, 295.91, 100, 74232, 72
2026/07/28 23:14:28.705, 293.85, 100, 74232, 72
2026/07/28 23:14:29.742, 294.23, 100, 74232, 72
2026/07/28 23:14:30.783, 292.97, 100, 74232, 72
2026/07/28 23:14:31.821, 293.84, 100, 74232, 73
2026/07/28 23:14:32.857, 294.05, 100, 74232, 73
2026/07/28 23:14:33.895, 302.86, 100, 74232, 73
2026/07/28 23:14:34.933, 303.88, 100, 74232, 73
2026/07/28 23:14:35.972, 296.68, 100, 74232, 73
2026/07/28 23:14:37.008, 294.92, 100, 74232, 73
2026/07/28 23:14:38.045, 293.17, 100, 74232, 73
2026/07/28 23:14:39.084, 290.92, 100, 74232, 73
2026/07/28 23:14:40.122, 296.38, 100, 74232, 73
2026/07/28 23:14:41.160, 302.51, 100, 74232, 73
2026/07/28 23:14:42.198, 294.84, 100, 74232, 73
2026/07/28 23:14:43.237, 302.62, 100, 74232, 73
2026/07/28 23:14:44.273, 302.92, 100, 74232, 73
2026/07/28 23:14:45.311, 306.45, 100, 74232, 73
2026/07/28 23:14:46.348, 302.12, 100, 74232, 73
2026/07/28 23:14:47.386, 302.42, 100, 74232, 73
2026/07/28 23:14:48.423, 303.78, 100, 74232, 73
2026/07/28 23:14:49.460, 302.81, 100, 74232, 73
2026/07/28 23:14:50.498, 302.80, 100, 74232, 73
2026/07/28 23:14:51.534, 302.90, 100, 74232, 73
2026/07/28 23:14:52.572, 303.59, 100, 74232, 73
2026/07/28 23:14:53.609, 303.40, 100, 74232, 73
2026/07/28 23:14:54.646, 302.41, 100, 74232, 73
2026/07/28 23:14:55.683, 303.29, 100, 74232, 73
2026/07/28 23:14:56.721, 291.99, 100, 74232, 73
2026/07/28 23:14:57.758, 295.59, 100, 74232, 73
2026/07/28 23:14:58.797, 293.65, 100, 74232, 73
2026/07/28 23:14:59.834, 302.22, 100, 74232, 73
2026/07/28 23:15:00.874, 302.70, 100, 74232, 73
2026/07/28 23:15:01.910, 304.75, 100, 74232, 73
2026/07/28 23:15:02.947, 299.21, 100, 74232, 73
2026/07/28 23:15:03.984, 302.00, 100, 74232, 73
2026/07/28 23:15:05.021, 302.32, 100, 74232, 73
2026/07/28 23:15:06.058, 303.06, 100, 74232, 73
2026/07/28 23:15:07.095, 295.50, 100, 74232, 73
2026/07/28 23:15:08.133, 296.89, 100, 74232, 73
2026/07/28 23:15:09.172, 297.16, 100, 74232, 73
2026/07/28 23:15:10.209, 293.96, 100, 74232, 73
2026/07/28 23:15:11.246, 295.58, 100, 74232, 73
2026/07/28 23:15:12.290, 294.89, 100, 74232, 73
2026/07/28 23:15:13.327, 301.74, 100, 74232, 73
2026/07/28 23:15:14.364, 302.03, 100, 74232, 73
2026/07/28 23:15:15.401, 303.11, 100, 74232, 73
2026/07/28 23:15:16.438, 302.90, 100, 74232, 73
2026/07/28 23:15:17.477, 302.91, 100, 74232, 73
2026/07/28 23:15:18.514, 305.62, 100, 74232, 73
2026/07/28 23:15:19.551, 302.41, 100, 74232, 73
2026/07/28 23:15:20.588, 304.15, 100, 74232, 73
2026/07/28 23:15:21.625, 302.14, 100, 74232, 73
2026/07/28 23:15:22.661, 302.60, 100, 74232, 73
2026/07/28 23:15:23.697, 291.80, 100, 74232, 73
2026/07/28 23:15:24.734, 294.92, 100, 74232, 73
2026/07/28 23:15:25.772, 299.07, 100, 74232, 75
2026/07/28 23:15:26.808, 306.28, 100, 74232, 75
2026/07/28 23:15:27.845, 294.71, 100, 74232, 75
2026/07/28 23:15:28.884, 305.60, 100, 74232, 75
2026/07/28 23:15:29.923, 268.67, 100, 74232, 75
2026/07/28 23:15:30.959, 293.85, 100, 74232, 73
2026/07/28 23:15:31.996, 291.02, 100, 74232, 73
2026/07/28 23:15:33.033, 293.85, 100, 74232, 73
2026/07/28 23:15:34.069, 294.53, 100, 74232, 73
2026/07/28 23:15:35.106, 302.10, 100, 74232, 73
2026/07/28 23:15:36.144, 295.60, 100, 74232, 73
2026/07/28 23:15:37.181, 294.33, 100, 74232, 73
2026/07/28 23:15:38.218, 302.58, 100, 74232, 73
2026/07/28 23:15:39.255, 303.78, 100, 74232, 73
2026/07/28 23:15:40.296, 303.38, 100, 74232, 73
2026/07/28 23:15:41.333, 303.19, 100, 74232, 73
2026/07/28 23:15:42.369, 303.10, 100, 74232, 73
2026/07/28 23:15:43.407, 302.81, 100, 74232, 73
2026/07/28 23:15:44.444, 302.42, 100, 74232, 73
2026/07/28 23:15:45.481, 302.81, 100, 74232, 73
2026/07/28 23:15:46.519, 296.09, 100, 74232, 73
2026/07/28 23:15:47.556, 295.68, 100, 74232, 73
2026/07/28 23:15:48.593, 292.19, 100, 74232, 73
2026/07/28 23:15:49.629, 296.56, 100, 74232, 73
2026/07/28 23:15:50.666, 297.36, 100, 74232, 73
2026/07/28 23:15:51.703, 295.14, 100, 74232, 73
2026/07/28 23:15:52.740, 297.25, 100, 74232, 73
2026/07/28 23:15:53.776, 304.42, 100, 74232, 73
2026/07/28 23:15:54.814, 293.75, 85, 74232, 75
2026/07/28 23:15:55.851, 294.92, 100, 74232, 75
2026/07/28 23:15:56.886, 278.77, 100, 74232, 75
2026/07/28 23:15:57.923, 282.65, 100, 74232, 75
2026/07/28 23:15:58.957, 280.67, 100, 74232, 75
2026/07/28 23:15:59.992, 286.92, 100, 74232, 75
2026/07/28 23:16:01.027, 303.35, 100, 74232, 73
2026/07/28 23:16:02.065, 300.18, 100, 74232, 73
2026/07/28 23:16:03.102, 304.65, 100, 74232, 73
2026/07/28 23:16:04.139, 303.29, 100, 74232, 73
2026/07/28 23:16:05.176, 303.27, 100, 74232, 73
2026/07/28 23:16:06.211, 308.74, 100, 74232, 74
2026/07/28 23:16:07.248, 303.19, 100, 74232, 74
2026/07/28 23:16:08.284, 303.10, 100, 74232, 74
2026/07/28 23:16:09.320, 304.07, 100, 74232, 74
2026/07/28 23:16:10.356, 303.97, 100, 74232, 74
2026/07/28 23:16:11.393, 304.48, 100, 74232, 74
2026/07/28 23:16:12.429, 303.57, 100, 74232, 74
2026/07/28 23:16:13.466, 303.48, 100, 74232, 74
2026/07/28 23:16:14.503, 304.08, 100, 74232, 74
2026/07/28 23:16:15.541, 295.32, 100, 74232, 74
2026/07/28 23:16:16.578, 296.49, 100, 74232, 74
2026/07/28 23:16:17.615, 296.57, 94, 74232, 72
2026/07/28 23:16:18.649, 301.53, 100, 74232, 75
2026/07/28 23:16:19.685, 300.37, 100, 74232, 75
2026/07/28 23:16:20.720, 295.30, 100, 74232, 75
2026/07/28 23:16:21.755, 299.36, 100, 74232, 75
2026/07/28 23:16:22.790, 297.25, 100, 74232, 74
2026/07/28 23:16:23.832, 262.31, 100, 74232, 75
2026/07/28 23:16:24.868, 297.35, 100, 74232, 73
2026/07/28 23:16:25.905, 301.73, 100, 74232, 73
2026/07/28 23:16:26.942, 303.10, 100, 74232, 73
2026/07/28 23:16:27.981, 303.18, 100, 74232, 73
2026/07/28 23:16:29.019, 303.83, 100, 74232, 73
2026/07/28 23:16:30.056, 303.19, 100, 74232, 73
2026/07/28 23:16:31.095, 301.92, 100, 74232, 73
2026/07/28 23:16:32.135, 304.62, 100, 74232, 73
2026/07/28 23:16:33.172, 303.10, 100, 74232, 73
2026/07/28 23:16:34.210, 304.46, 100, 74232, 73
2026/07/28 23:16:35.247, 303.57, 100, 74232, 74
2026/07/28 23:16:36.284, 298.43, 100, 74232, 74
2026/07/28 23:16:37.320, 296.97, 100, 74232, 74
2026/07/28 23:16:38.358, 297.16, 100, 74232, 74
2026/07/28 23:16:39.395, 297.94, 100, 74232, 74
2026/07/28 23:16:40.433, 295.80, 100, 74232, 74
2026/07/28 23:16:41.469, 296.19, 100, 74232, 73
2026/07/28 23:16:42.506, 297.26, 100, 74232, 73
2026/07/28 23:16:43.544, 295.01, 100, 74232, 73
2026/07/28 23:16:44.581, 301.65, 100, 74232, 73
2026/07/28 23:16:45.618, 295.31, 100, 74232, 73
2026/07/28 23:16:46.658, 297.54, 100, 74232, 73
2026/07/28 23:16:47.696, 295.60, 100, 74232, 73
2026/07/28 23:16:48.733, 101.39, 0, 74232, 70
2026/07/28 23:16:49.766, 302.87, 100, 74232, 75
2026/07/28 23:16:50.806, 317.43, 100, 74232, 75
2026/07/28 23:16:51.842, 307.76, 100, 74232, 75
2026/07/28 23:16:52.878, 309.99, 100, 74232, 75
2026/07/28 23:16:53.914, 272.10, 100, 74232, 75
2026/07/28 23:16:54.950, 290.48, 100, 74232, 75
2026/07/28 23:16:55.986, 302.32, 100, 74232, 73
2026/07/28 23:16:57.025, 299.57, 100, 74232, 73
2026/07/28 23:16:58.063, 298.73, 100, 74232, 73
2026/07/28 23:16:59.100, 296.18, 100, 74232, 73
2026/07/28 23:17:00.139, 302.10, 100, 74232, 73
2026/07/28 23:17:01.176, 303.75, 100, 74232, 73
2026/07/28 23:17:02.213, 98.55, 92, 74232, 71
2026/07/28 23:17:03.245, 303.36, 100, 74232, 75
2026/07/28 23:17:04.279, 297.45, 100, 74232, 75
2026/07/28 23:17:05.313, 319.48, 100, 74232, 75
2026/07/28 23:17:06.351, 290.19, 100, 74232, 75
2026/07/28 23:17:07.385, 281.59, 100, 74232, 75
2026/07/28 23:17:08.418, 297.89, 100, 74232, 75
2026/07/28 23:17:09.452, 299.91, 100, 74232, 75
2026/07/28 23:17:10.487, 295.60, 100, 74232, 73
2026/07/28 23:17:11.527, 298.06, 100, 74232, 73
2026/07/28 23:17:12.566, 295.78, 100, 74232, 73
2026/07/28 23:17:13.603, 300.27, 100, 74232, 73
2026/07/28 23:17:14.642, 99.80, 0, 74232, 70
2026/07/28 23:17:15.674, 303.00, 100, 74232, 75
2026/07/28 23:17:16.709, 294.92, 100, 74232, 75
2026/07/28 23:17:17.743, 295.59, 100, 74232, 75
2026/07/28 23:17:18.778, 317.92, 100, 74232, 75
2026/07/28 23:17:19.813, 265.58, 100, 74232, 75
2026/07/28 23:17:20.854, 266.02, 100, 74232, 75
2026/07/28 23:17:21.889, 273.95, 100, 74232, 73
2026/07/28 23:17:22.927, 288.19, 100, 74232, 73
2026/07/28 23:17:23.963, 297.05, 100, 74232, 73
2026/07/28 23:17:25.000, 292.58, 100, 74232, 73
2026/07/28 23:17:26.038, 294.61, 100, 74232, 73
2026/07/28 23:17:27.074, 108.90, 83, 74232, 72
2026/07/28 23:17:28.108, 303.33, 100, 74232, 75
2026/07/28 23:17:29.144, 294.58, 100, 74232, 75
2026/07/28 23:17:30.180, 292.29, 100, 74232, 75
2026/07/28 23:17:31.214, 307.26, 100, 74232, 75
2026/07/28 23:17:32.249, 311.20, 100, 74232, 75
2026/07/28 23:17:33.290, 261.20, 100, 74232, 75
2026/07/28 23:17:34.325, 307.53, 100, 74232, 75
2026/07/28 23:17:35.360, 303.26, 100, 74232, 74
2026/07/28 23:17:36.400, 305.13, 100, 74232, 74
2026/07/28 23:17:37.436, 304.18, 100, 74232, 74
2026/07/28 23:17:38.472, 303.38, 100, 74232, 74
2026/07/28 23:17:39.508, 303.98, 100, 74232, 74
2026/07/28 23:17:40.547, 304.35, 100, 74232, 74
2026/07/28 23:17:41.583, 301.91, 100, 74232, 74
2026/07/28 23:17:42.620, 296.49, 100, 74232, 74
2026/07/28 23:17:43.658, 299.88, 100, 74232, 74
2026/07/28 23:17:44.696, 289.85, 100, 74232, 74
2026/07/28 23:17:45.732, 299.49, 100, 74232, 74
2026/07/28 23:17:46.769, 385.96, 81, 74232, 75
2026/07/28 23:17:47.806, 303.17, 100, 74232, 74
2026/07/28 23:17:48.843, 304.08, 100, 74232, 74
2026/07/28 23:17:49.882, 301.84, 100, 74232, 74
2026/07/28 23:17:50.918, 303.78, 100, 74232, 74
2026/07/28 23:17:51.955, 302.24, 100, 74232, 74
2026/07/28 23:17:52.992, 302.79, 100, 74232, 74
2026/07/28 23:17:54.031, 302.51, 100, 74232, 74
2026/07/28 23:17:55.071, 302.74, 100, 74232, 74
2026/07/28 23:17:56.108, 302.41, 100, 74232, 74
2026/07/28 23:17:57.147, 299.01, 100, 74232, 74
2026/07/28 23:17:58.185, 305.38, 100, 74232, 74
2026/07/28 23:17:59.222, 303.93, 100, 74232, 74
2026/07/28 23:18:00.260, 303.74, 100, 74232, 73
2026/07/28 23:18:01.297, 302.71, 100, 74232, 73
2026/07/28 23:18:02.336, 302.40, 100, 74232, 73
2026/07/28 23:18:03.373, 301.54, 100, 74232, 73
2026/07/28 23:18:04.412, 298.06, 100, 74232, 73
2026/07/28 23:18:05.450, 294.52, 100, 74232, 73
2026/07/28 23:18:06.488, 301.42, 100, 74232, 73
2026/07/28 23:18:07.526, 296.78, 100, 74232, 73
2026/07/28 23:18:08.564, 297.17, 100, 74232, 73
2026/07/28 23:18:09.602, 296.75, 100, 74232, 73
2026/07/28 23:18:10.640, 295.22, 100, 74232, 73
2026/07/28 23:18:11.678, 295.13, 100, 74232, 73
2026/07/28 23:18:12.715, 294.62, 100, 74232, 73
2026/07/28 23:18:13.753, 303.17, 100, 74232, 73
2026/07/28 23:18:14.792, 301.72, 100, 74232, 73
2026/07/28 23:18:15.829, 301.93, 100, 74232, 73
2026/07/28 23:18:16.867, 302.88, 100, 74232, 73
2026/07/28 23:18:17.906, 303.48, 100, 74232, 73
2026/07/28 23:18:18.943, 302.40, 100, 74232, 73
2026/07/28 23:18:19.982, 302.70, 100, 74232, 73
2026/07/28 23:18:21.020, 300.96, 100, 74232, 73
2026/07/28 23:18:22.056, 301.83, 100, 74232, 73
2026/07/28 23:18:23.094, 301.83, 100, 74232, 73
2026/07/28 23:18:24.133, 303.36, 100, 74232, 73
2026/07/28 23:18:25.170, 302.67, 100, 74232, 73
2026/07/28 23:18:26.208, 300.66, 100, 74232, 73
2026/07/28 23:18:27.246, 295.69, 100, 74232, 73
2026/07/28 23:18:28.284, 296.01, 100, 74232, 73
2026/07/28 23:18:29.322, 297.25, 100, 74232, 73
2026/07/28 23:18:30.360, 289.27, 100, 74232, 73
2026/07/28 23:18:31.398, 291.22, 100, 74232, 73
2026/07/28 23:18:32.436, 294.31, 100, 74232, 73
2026/07/28 23:18:33.475, 294.43, 100, 74232, 73
2026/07/28 23:18:34.512, 293.46, 100, 74232, 73
2026/07/28 23:18:35.551, 294.05, 100, 74232, 73
2026/07/28 23:18:36.588, 295.12, 100, 74232, 73
2026/07/28 23:18:37.625, 292.98, 100, 74232, 73
2026/07/28 23:18:38.663, 293.96, 100, 74232, 73
2026/07/28 23:18:39.699, 299.80, 100, 74232, 73
2026/07/28 23:18:40.736, 302.22, 100, 74232, 73
2026/07/28 23:18:41.772, 303.78, 100, 74232, 73
2026/07/28 23:18:42.810, 302.03, 100, 74232, 73
2026/07/28 23:18:43.847, 302.58, 100, 74232, 73
2026/07/28 23:18:44.886, 300.87, 100, 74232, 73
2026/07/28 23:18:45.924, 304.21, 100, 74232, 73
2026/07/28 23:18:46.961, 300.77, 100, 74232, 73
2026/07/28 23:18:48.001, 300.66, 100, 74232, 73
2026/07/28 23:18:49.038, 303.29, 100, 74232, 73
2026/07/28 23:18:50.077, 303.97, 100, 74232, 73
2026/07/28 23:18:51.114, 302.42, 100, 74232, 73
2026/07/28 23:18:52.152, 302.99, 100, 74232, 73
2026/07/28 23:18:53.189, 303.76, 100, 74232, 73
2026/07/28 23:18:54.226, 302.03, 100, 74232, 73
2026/07/28 23:18:55.263, 302.51, 100, 74232, 73
2026/07/28 23:18:56.300, 295.79, 100, 74232, 73
2026/07/28 23:18:57.339, 294.81, 100, 74232, 73
2026/07/28 23:18:58.376, 295.60, 100, 74232, 73
2026/07/28 23:18:59.415, 294.72, 100, 74232, 73
2026/07/28 23:19:00.452, 295.42, 100, 74232, 73
2026/07/28 23:19:01.489, 294.05, 100, 74232, 73
2026/07/28 23:19:02.527, 294.63, 100, 74232, 73
2026/07/28 23:19:03.563, 295.68, 100, 74232, 73
2026/07/28 23:19:04.600, 293.95, 100, 74232, 73
2026/07/28 23:19:05.636, 293.95, 100, 74232, 73
2026/07/28 23:19:06.674, 293.86, 100, 74232, 73
2026/07/28 23:19:07.711, 295.02, 100, 74232, 73
2026/07/28 23:19:08.748, 296.10, 100, 74232, 73
2026/07/28 23:19:09.786, 299.20, 100, 74232, 73
2026/07/28 23:19:10.830, 304.06, 100, 74232, 73
2026/07/28 23:19:11.867, 301.84, 100, 74232, 73
2026/07/28 23:19:12.904, 302.40, 100, 74232, 73
2026/07/28 23:19:13.943, 302.71, 100, 74232, 73
2026/07/28 23:19:14.981, 304.35, 100, 74232, 73
2026/07/28 23:19:16.018, 301.82, 100, 74232, 73
2026/07/28 23:19:17.056, 301.74, 100, 74232, 73
2026/07/28 23:19:18.093, 302.51, 100, 74232, 73
2026/07/28 23:19:19.135, 303.61, 100, 74232, 73
2026/07/28 23:19:20.172, 302.31, 100, 74232, 73
2026/07/28 23:19:21.208, 297.44, 100, 74232, 73
2026/07/28 23:19:22.245, 291.79, 100, 74232, 73
2026/07/28 23:19:23.282, 294.23, 100, 74232, 73
2026/07/28 23:19:24.320, 290.63, 100, 74232, 73
2026/07/28 23:19:25.356, 291.12, 100, 74232, 73
2026/07/28 23:19:26.394, 303.77, 100, 74232, 73
2026/07/28 23:19:27.432, 301.04, 100, 74232, 73
2026/07/28 23:19:28.473, 293.85, 100, 74232, 73
2026/07/28 23:19:29.510, 295.09, 100, 74232, 73
2026/07/28 23:19:30.547, 295.42, 100, 74232, 73
2026/07/28 23:19:31.584, 293.35, 100, 74232, 73
2026/07/28 23:19:32.622, 301.70, 100, 74232, 75
2026/07/28 23:19:33.657, 305.05, 100, 74232, 75
2026/07/28 23:19:34.692, 301.79, 100, 74232, 75
2026/07/28 23:19:35.729, 300.57, 100, 74232, 75
2026/07/28 23:19:36.766, 273.56, 100, 74232, 74
2026/07/28 23:19:37.803, 304.44, 100, 74232, 75
2026/07/28 23:19:38.837, 305.37, 100, 74232, 75
2026/07/28 23:19:39.872, 302.43, 100, 74232, 73
2026/07/28 23:19:40.911, 304.45, 100, 74232, 73
2026/07/28 23:19:41.950, 303.11, 100, 74232, 73
2026/07/28 23:19:42.988, 295.23, 100, 74232, 73
2026/07/28 23:19:44.028, 295.42, 100, 74232, 73
2026/07/28 23:19:45.065, 295.20, 100, 74232, 73
2026/07/28 23:19:46.102, 295.41, 100, 74232, 73
2026/07/28 23:19:47.141, 294.93, 100, 74232, 73
2026/07/28 23:19:48.178, 296.00, 100, 74232, 73
2026/07/28 23:19:49.216, 295.10, 100, 74232, 73
2026/07/28 23:19:50.253, 303.30, 100, 74232, 73
2026/07/28 23:19:51.290, 298.93, 100, 74232, 73
2026/07/28 23:19:52.328, 296.27, 100, 74232, 73
2026/07/28 23:19:53.365, 294.22, 100, 74232, 73
2026/07/28 23:19:54.403, 291.72, 100, 74232, 73
2026/07/28 23:19:55.446, 291.88, 100, 74232, 73
2026/07/28 23:19:56.483, 99.35, 0, 74232, 70
2026/07/28 23:19:57.514, 98.25, 0, 74232, 69
2026/07/28 23:19:58.545, 95.52, 0, 74232, 68
2026/07/28 23:19:59.577, 96.77, 0, 74232, 68
2026/07/28 23:20:00.609, 95.47, 0, 74232, 67
2026/07/28 23:20:01.642, 95.21, 0, 74232, 67
2026/07/28 23:20:02.675, 93.64, 0, 74232, 66
2026/07/28 23:20:03.707, 93.82, 0, 74232, 66
2026/07/28 23:20:04.741, 92.45, 0, 74232, 65
2026/07/28 23:20:05.774, 92.88, 0, 74232, 65
2026/07/28 23:20:06.807, 92.68, 0, 74232, 64
2026/07/28 23:20:07.839, 91.88, 0, 74232, 64
2026/07/28 23:20:08.872, 90.66, 0, 74232, 64
2026/07/28 23:20:09.903, 90.80, 0, 74232, 63
2026/07/28 23:20:10.937, 90.56, 0, 74232, 63
2026/07/28 23:20:11.968, 89.47, 0, 74232, 63
2026/07/28 23:20:13.000, 90.09, 0, 74232, 62
2026/07/28 23:20:14.031, 89.64, 0, 74232, 62
2026/07/28 23:20:15.063, 89.56, 0, 74232, 62
2026/07/28 23:20:16.094, 88.18, 0, 74232, 62
2026/07/28 23:20:17.126, 88.89, 0, 74232, 61
2026/07/28 23:20:18.156, 88.53, 0, 74232, 61
2026/07/28 23:20:19.186, 88.31, 0, 74232, 61
2026/07/28 23:20:20.217, 88.13, 0, 74232, 61
2026/07/28 23:20:21.247, 87.75, 0, 74232, 60
2026/07/28 23:20:22.278, 87.44, 0, 74232, 60
2026/07/28 23:20:23.308, 87.25, 0, 74232, 60
2026/07/28 23:20:24.339, 86.79, 0, 74232, 60
2026/07/28 23:20:25.424, 85.93, 0, 74232, 59
2026/07/28 23:20:26.456, 84.87, 0, 74232, 59
2026/07/28 23:20:27.487, 84.89, 0, 74232, 59
2026/07/28 23:20:28.519, 84.37, 0, 74232, 59
2026/07/28 23:20:29.549, 84.18, 0, 74232, 58
2026/07/28 23:20:30.579, 83.85, 0, 74232, 58
2026/07/28 23:20:31.610, 83.68, 0, 74232, 58
2026/07/28 23:20:32.641, 83.58, 0, 74232, 58
2026/07/28 23:20:33.671, 83.21, 0, 74232, 57
2026/07/28 23:20:34.702, 82.40, 0, 74232, 57
2026/07/28 23:20:35.733, 82.05, 0, 74232, 57
2026/07/28 23:20:36.764, 82.04, 0, 74232, 57
2026/07/28 23:20:37.795, 81.81, 0, 74232, 57
2026/07/28 23:20:38.827, 81.62, 0, 74232, 56
2026/07/28 23:20:39.859, 81.51, 0, 74232, 56
2026/07/28 23:20:40.889, 81.25, 0, 74232, 56
2026/07/28 23:20:41.919, 80.99, 0, 74232, 56
2026/07/28 23:20:42.950, 80.99, 0, 74232, 56
2026/07/28 23:20:43.982, 80.85, 0, 74232, 55
2026/07/28 23:20:45.013, 81.39, 0, 74232, 55
2026/07/28 23:20:46.045, 80.52, 0, 74232, 55
2026/07/28 23:20:47.076, 80.38, 0, 74232, 55
2026/07/28 23:20:49.037, 80.40, 0, 74232, 55
2026/07/28 23:20:50.068, 79.34, 0, 74232, 54
2026/07/28 23:20:51.100, 78.77, 0, 74232, 54
2026/07/28 23:20:52.131, 78.58, 0, 74232, 54
2026/07/28 23:20:53.164, 78.53, 0, 74232, 54
2026/07/28 23:20:54.624, 78.83, 0, 74232, 54
2026/07/28 23:20:55.655, 78.29, 0, 74232, 54
2026/07/28 23:20:56.686, 78.09, 0, 74232, 53
2026/07/28 23:20:57.716, 78.08, 0, 74232, 53
2026/07/28 23:20:58.747, 77.90, 0, 74232, 53
2026/07/28 23:20:59.778, 78.19, 0, 74232, 53
2026/07/28 23:21:00.808, 78.15, 0, 74232, 53
2026/07/28 23:21:01.840, 77.39, 0, 74232, 53
2026/07/28 23:21:02.870, 77.51, 0, 74232, 53
2026/07/28 23:21:03.900, 77.61, 0, 74232, 52
2026/07/28 23:21:04.930, 77.30, 0, 74232, 52
2026/07/28 23:21:05.961, 76.89, 0, 74232, 52
2026/07/28 23:21:06.991, 76.75, 0, 74232, 52
2026/07/28 23:21:08.023, 76.90, 0, 74232, 52
2026/07/28 23:21:09.054, 76.74, 0, 74232, 52
2026/07/28 23:21:10.086, 76.54, 0, 74232, 52
2026/07/28 23:21:11.118, 299.39, 100, 74232, 57
2026/07/28 23:21:12.154, 283.11, 100, 74232, 58
2026/07/28 23:21:13.190, 313.73, 100, 74232, 58
2026/07/28 23:21:14.224, 292.42, 100, 74232, 59
2026/07/28 23:21:15.258, 298.06, 100, 74232, 57
2026/07/28 23:21:16.296, 301.14, 100, 74232, 58
2026/07/28 23:21:17.333, 301.15, 100, 74232, 58
2026/07/28 23:21:18.370, 301.04, 100, 74232, 59
2026/07/28 23:21:19.408, 300.94, 100, 74232, 59
2026/07/28 23:21:20.445, 302.41, 100, 74232, 59
2026/07/28 23:21:21.483, 302.58, 100, 74232, 60
2026/07/28 23:21:22.520, 305.08, 100, 74232, 62
2026/07/28 23:21:23.555, 305.09, 100, 74232, 62
2026/07/28 23:21:24.589, 323.43, 100, 74232, 62
2026/07/28 23:21:25.622, 317.35, 100, 74232, 63
2026/07/28 23:21:26.656, 264.52, 100, 74232, 61
2026/07/28 23:21:27.695, 298.31, 100, 74232, 62
2026/07/28 23:21:28.731, 295.48, 100, 74232, 62
2026/07/28 23:21:29.769, 292.77, 100, 74232, 64
2026/07/28 23:21:30.803, 293.94, 100, 74232, 64
2026/07/28 23:21:31.837, 294.69, 100, 74232, 64
2026/07/28 23:21:32.877, 292.90, 100, 74232, 65
2026/07/28 23:21:33.910, 292.83, 100, 74232, 65
2026/07/28 23:21:34.946, 305.73, 100, 74232, 63
2026/07/28 23:21:35.984, 303.17, 100, 74232, 64
2026/07/28 23:21:37.021, 304.01, 100, 74232, 64
2026/07/28 23:21:38.060, 303.20, 100, 74232, 64
2026/07/28 23:21:39.097, 304.45, 100, 74232, 65
2026/07/28 23:21:40.140, 297.95, 100, 74232, 65
2026/07/28 23:21:41.184, 297.73, 100, 74232, 65
2026/07/28 23:21:42.233, 300.94, 100, 74232, 65
2026/07/28 23:21:43.270, 298.70, 100, 74232, 65
2026/07/28 23:21:44.307, 299.87, 100, 74232, 66
2026/07/28 23:21:45.343, 299.98, 100, 74232, 66
2026/07/28 23:21:46.381, 305.49, 100, 74232, 66
2026/07/28 23:21:47.417, 303.61, 100, 74232, 68
2026/07/28 23:21:48.453, 310.82, 100, 74232, 68
2026/07/28 23:21:49.489, 299.78, 100, 74232, 68
2026/07/28 23:21:50.523, 310.08, 100, 74232, 69
2026/07/28 23:21:51.556, 275.12, 100, 74232, 67
2026/07/28 23:21:52.593, 295.28, 100, 74232, 67
2026/07/28 23:21:53.631, 294.83, 100, 74232, 67
2026/07/28 23:21:54.676, 288.17, 100, 74232, 69
2026/07/28 23:21:55.710, 284.68, 100, 74232, 69
2026/07/28 23:21:56.743, 307.08, 100, 74232, 70
2026/07/28 23:21:57.779, 306.57, 100, 74232, 70
2026/07/28 23:21:58.814, 309.26, 100, 74232, 70
2026/07/28 23:21:59.856, 306.79, 100, 74232, 68
2026/07/28 23:22:00.892, 303.38, 100, 74232, 68
2026/07/28 23:22:01.930, 304.86, 100, 74232, 69
2026/07/28 23:22:02.967, 303.39, 100, 74232, 69
2026/07/28 23:22:04.003, 305.10, 100, 74232, 69
2026/07/28 23:22:05.041, 305.43, 100, 74232, 69
2026/07/28 23:22:06.078, 305.83, 100, 74232, 69
2026/07/28 23:22:07.115, 304.64, 100, 74232, 69
2026/07/28 23:22:08.153, 307.87, 100, 74232, 70
2026/07/28 23:22:09.190, 304.07, 100, 74232, 70
2026/07/28 23:22:10.226, 305.10, 100, 74232, 70
2026/07/28 23:22:11.262, 303.94, 100, 74232, 70
2026/07/28 23:22:12.302, 304.73, 100, 74232, 70
2026/07/28 23:22:13.341, 304.16, 100, 74232, 70
2026/07/28 23:22:14.379, 298.72, 100, 74232, 70
2026/07/28 23:22:15.416, 296.77, 100, 74232, 70
2026/07/28 23:22:16.455, 297.25, 100, 74232, 70
2026/07/28 23:22:17.493, 290.24, 100, 74232, 70
2026/07/28 23:22:18.534, 290.52, 100, 74232, 70
2026/07/28 23:22:19.571, 290.52, 100, 74232, 70
2026/07/28 23:22:20.616, 290.24, 100, 74232, 70
2026/07/28 23:22:21.654, 295.13, 100, 74232, 70
2026/07/28 23:22:22.692, 298.04, 100, 74232, 71
2026/07/28 23:22:23.730, 298.82, 100, 74232, 71
2026/07/28 23:22:24.767, 299.00, 100, 74232, 71
2026/07/28 23:22:25.804, 300.47, 100, 74232, 71
2026/07/28 23:22:26.843, 303.30, 100, 74232, 71
2026/07/28 23:22:27.881, 305.71, 100, 74232, 71
2026/07/28 23:22:28.921, 298.63, 100, 74232, 71
2026/07/28 23:22:29.958, 299.76, 100, 74232, 71
2026/07/28 23:22:30.995, 307.88, 100, 74232, 71
2026/07/28 23:22:32.033, 299.48, 100, 74232, 71
2026/07/28 23:22:33.071, 299.38, 100, 74232, 71
2026/07/28 23:22:34.109, 299.89, 100, 74232, 71
2026/07/28 23:22:35.147, 303.96, 100, 74232, 71
2026/07/28 23:22:36.186, 300.19, 100, 74232, 71
2026/07/28 23:22:37.224, 300.09, 100, 74232, 71
2026/07/28 23:22:38.261, 291.23, 100, 74232, 71
2026/07/28 23:22:39.297, 289.85, 100, 74232, 71
2026/07/28 23:22:40.334, 289.08, 100, 74232, 71
2026/07/28 23:22:41.372, 299.88, 100, 74232, 72
2026/07/28 23:22:42.408, 289.38, 100, 74232, 71
2026/07/28 23:22:43.446, 293.92, 100, 74232, 71
2026/07/28 23:22:44.484, 288.69, 100, 74232, 72
2026/07/28 23:22:45.521, 299.96, 100, 74232, 72
2026/07/28 23:22:46.559, 300.54, 100, 74232, 72
2026/07/28 23:22:47.599, 299.99, 100, 74232, 72
2026/07/28 23:22:48.638, 293.55, 100, 74232, 72
2026/07/28 23:22:49.675, 293.24, 100, 74232, 72
2026/07/28 23:22:50.713, 290.82, 100, 74232, 72
2026/07/28 23:22:51.750, 292.29, 100, 74232, 72
2026/07/28 23:22:52.793, 293.36, 100, 74232, 72
2026/07/28 23:22:53.830, 301.23, 100, 74232, 72
2026/07/28 23:22:54.867, 300.74, 100, 74232, 72
2026/07/28 23:22:55.905, 300.15, 100, 74232, 72
2026/07/28 23:22:56.943, 300.95, 100, 74232, 72
2026/07/28 23:22:57.981, 300.17, 100, 74232, 72
2026/07/28 23:22:59.018, 300.47, 100, 74232, 72
2026/07/28 23:23:00.055, 301.93, 100, 74232, 72
2026/07/28 23:23:01.092, 300.66, 100, 74232, 72
2026/07/28 23:23:02.128, 300.74, 100, 74232, 72
2026/07/28 23:23:03.165, 301.82, 100, 74232, 72
2026/07/28 23:23:04.204, 300.35, 100, 74232, 72
2026/07/28 23:23:05.240, 300.85, 100, 74232, 72
2026/07/28 23:23:06.279, 301.06, 100, 74232, 72
2026/07/28 23:23:07.316, 293.64, 100, 74232, 72
2026/07/28 23:23:08.356, 295.01, 100, 74232, 72
2026/07/28 23:23:09.395, 293.14, 100, 74232, 72
2026/07/28 23:23:10.431, 294.23, 100, 74232, 72
2026/07/28 23:23:11.475, 293.16, 100, 74232, 72
2026/07/28 23:23:12.514, 300.28, 100, 74232, 72
2026/07/28 23:23:13.551, 302.68, 100, 74232, 72
2026/07/28 23:23:14.590, 300.94, 100, 74232, 72
2026/07/28 23:23:15.628, 301.20, 100, 74232, 72
2026/07/28 23:23:16.665, 301.65, 100, 74232, 72
2026/07/28 23:23:17.702, 302.43, 100, 74232, 72
2026/07/28 23:23:18.740, 301.43, 100, 74232, 72
2026/07/28 23:23:19.777, 300.94, 100, 74232, 72
2026/07/28 23:23:20.815, 302.24, 100, 74232, 72
2026/07/28 23:23:21.852, 301.65, 100, 74232, 72
2026/07/28 23:23:22.889, 301.03, 100, 74232, 72
2026/07/28 23:23:23.926, 301.76, 100, 74232, 72
2026/07/28 23:23:24.964, 301.73, 100, 74232, 72
2026/07/28 23:23:26.002, 301.79, 100, 74232, 72
2026/07/28 23:23:27.039, 301.75, 100, 74232, 72
2026/07/28 23:23:28.077, 295.12, 100, 74232, 72
2026/07/28 23:23:29.115, 299.59, 100, 74232, 72
2026/07/28 23:23:30.155, 294.35, 100, 74232, 72
2026/07/28 23:23:31.196, 98.85, 0, 74232, 69
2026/07/28 23:23:32.229, 290.55, 100, 74232, 73
2026/07/28 23:23:33.269, 295.51, 100, 74232, 74
2026/07/28 23:23:34.304, 291.80, 100, 74232, 74
2026/07/28 23:23:35.339, 284.96, 100, 74232, 74
2026/07/28 23:23:36.378, 280.52, 100, 74232, 74
2026/07/28 23:23:37.412, 301.98, 100, 74232, 74
2026/07/28 23:23:38.449, 294.73, 100, 74232, 72
2026/07/28 23:23:39.489, 293.66, 100, 74232, 72
2026/07/28 23:23:40.527, 293.76, 100, 74232, 72
2026/07/28 23:23:41.562, 297.15, 100, 74232, 74
2026/07/28 23:23:42.596, 301.42, 100, 74232, 74
2026/07/28 23:23:43.636, 307.89, 100, 74232, 74
2026/07/28 23:23:44.672, 319.49, 100, 74232, 74
2026/07/28 23:23:45.708, 305.11, 100, 74232, 74
2026/07/28 23:23:46.751, 260.66, 100, 74232, 74
2026/07/28 23:23:47.786, 301.52, 100, 74232, 73
2026/07/28 23:23:48.824, 301.92, 100, 74232, 73
2026/07/28 23:23:49.862, 301.99, 100, 74232, 73
2026/07/28 23:23:50.900, 291.90, 100, 74232, 74
2026/07/28 23:23:51.935, 315.34, 100, 74232, 75
2026/07/28 23:23:52.970, 325.89, 100, 74232, 75
2026/07/28 23:23:54.006, 303.92, 100, 74232, 75
2026/07/28 23:23:55.040, 288.10, 100, 74232, 75
2026/07/28 23:23:56.075, 279.10, 100, 74232, 75
2026/07/28 23:23:57.111, 301.05, 100, 74232, 73
2026/07/28 23:23:58.150, 296.00, 100, 74232, 73
2026/07/28 23:23:59.189, 299.78, 100, 74232, 73
2026/07/28 23:24:00.226, 300.86, 100, 74232, 73
2026/07/28 23:24:01.265, 300.57, 100, 74232, 74
2026/07/28 23:24:02.301, 306.59, 100, 74232, 74
2026/07/28 23:24:03.340, 307.34, 100, 74232, 74
2026/07/28 23:24:04.377, 302.97, 100, 74232, 74
2026/07/28 23:24:05.414, 305.02, 100, 74232, 74
2026/07/28 23:24:06.452, 304.52, 100, 74232, 74
2026/07/28 23:24:07.489, 305.51, 100, 74232, 74
2026/07/28 23:24:08.526, 304.52, 100, 74232, 74
2026/07/28 23:24:09.564, 303.68, 100, 74232, 74
2026/07/28 23:24:10.603, 304.17, 100, 74232, 74
2026/07/28 23:24:11.640, 304.27, 100, 74232, 74
2026/07/28 23:24:12.677, 296.28, 100, 74232, 74
2026/07/28 23:24:13.715, 300.95, 100, 74232, 74
2026/07/28 23:24:14.754, 298.54, 100, 74232, 73
2026/07/28 23:24:15.794, 296.00, 100, 74232, 73
2026/07/28 23:24:16.832, 297.64, 100, 74232, 73
2026/07/28 23:24:17.870, 295.90, 100, 74232, 73
2026/07/28 23:24:18.911, 296.12, 100, 74232, 73
2026/07/28 23:24:19.951, 296.10, 100, 74232, 73
2026/07/28 23:24:20.988, 296.29, 100, 74232, 73
2026/07/28 23:24:22.026, 295.40, 100, 74232, 73
2026/07/28 23:24:23.063, 295.60, 100, 74232, 73
2026/07/28 23:24:24.110, 305.43, 100, 74232, 75
2026/07/28 23:24:25.149, 290.93, 100, 74232, 75
2026/07/28 23:24:26.185, 291.59, 100, 74232, 75
2026/07/28 23:24:27.220, 298.51, 100, 74232, 75
2026/07/28 23:24:28.255, 305.95, 100, 74232, 75
2026/07/28 23:24:29.290, 295.99, 100, 74232, 75
2026/07/28 23:24:30.325, 296.58, 100, 74232, 75
2026/07/28 23:24:31.361, 302.51, 100, 74232, 73
2026/07/28 23:24:32.399, 302.81, 100, 74232, 73
2026/07/28 23:24:33.436, 303.09, 100, 74232, 73
2026/07/28 23:24:34.474, 304.14, 100, 74232, 73
2026/07/28 23:24:35.512, 304.18, 100, 74232, 73
2026/07/28 23:24:36.549, 302.50, 100, 74232, 73
2026/07/28 23:24:37.586, 301.65, 100, 74232, 73
2026/07/28 23:24:38.624, 301.65, 100, 74232, 73
2026/07/28 23:24:39.664, 301.24, 100, 74232, 73
2026/07/28 23:24:40.700, 300.38, 100, 74232, 73
2026/07/28 23:24:41.738, 301.34, 100, 74232, 73
2026/07/28 23:24:42.776, 303.55, 100, 74232, 74
2026/07/28 23:24:43.814, 304.08, 100, 74232, 73
2026/07/28 23:24:44.853, 302.33, 100, 74232, 74
2026/07/28 23:24:45.891, 303.93, 100, 74232, 74
2026/07/28 23:24:46.930, 298.60, 100, 74232, 73
2026/07/28 23:24:47.969, 293.94, 100, 74232, 73
2026/07/28 23:24:49.006, 295.61, 100, 74232, 73
2026/07/28 23:24:50.045, 301.34, 100, 74232, 73
2026/07/28 23:24:51.082, 301.46, 100, 74232, 73
2026/07/28 23:24:52.120, 303.19, 100, 74232, 73
2026/07/28 23:24:53.161, 299.99, 100, 74232, 73
2026/07/28 23:24:54.199, 303.09, 100, 74232, 73
2026/07/28 23:24:55.237, 302.77, 100, 74232, 73
2026/07/28 23:24:56.275, 302.10, 100, 74232, 73
2026/07/28 23:24:57.312, 302.09, 100, 74232, 73
2026/07/28 23:24:58.350, 302.71, 100, 74232, 73
2026/07/28 23:24:59.389, 301.74, 100, 74232, 73
2026/07/28 23:25:00.428, 302.78, 100, 74232, 73
2026/07/28 23:25:01.468, 301.73, 100, 74232, 73
2026/07/28 23:25:02.505, 293.28, 100, 74232, 73
2026/07/28 23:25:03.542, 295.20, 100, 74232, 73
2026/07/28 23:25:04.579, 294.82, 100, 74232, 73
2026/07/28 23:25:05.617, 302.78, 100, 74232, 73
2026/07/28 23:25:06.654, 304.77, 100, 74232, 73
2026/07/28 23:25:07.691, 301.93, 100, 74232, 73
2026/07/28 23:25:08.729, 302.80, 100, 74232, 73
2026/07/28 23:25:09.766, 298.01, 100, 74232, 73
2026/07/28 23:25:10.804, 291.70, 100, 74232, 73
2026/07/28 23:25:11.840, 294.32, 100, 74232, 73
2026/07/28 23:25:12.877, 296.88, 100, 74232, 73
2026/07/28 23:25:13.915, 293.94, 100, 74232, 73
2026/07/28 23:25:14.954, 296.49, 100, 74232, 73
2026/07/28 23:25:15.992, 293.28, 100, 74232, 73
2026/07/28 23:25:17.031, 293.47, 100, 74232, 73
2026/07/28 23:25:18.069, 296.68, 100, 74232, 73
2026/07/28 23:25:19.106, 301.24, 100, 74232, 73
2026/07/28 23:25:20.145, 301.61, 100, 74232, 73
2026/07/28 23:25:21.183, 297.25, 100, 74232, 73
2026/07/28 23:25:22.220, 301.06, 100, 74232, 73
2026/07/28 23:25:23.259, 297.55, 100, 74232, 73
2026/07/28 23:25:24.296, 301.73, 100, 74232, 73
2026/07/28 23:25:25.334, 302.38, 100, 74232, 73
2026/07/28 23:25:26.371, 303.40, 100, 74232, 73
2026/07/28 23:25:27.409, 297.62, 100, 74232, 73
2026/07/28 23:25:28.446, 301.36, 100, 74232, 73
2026/07/28 23:25:29.483, 302.93, 100, 74232, 73
2026/07/28 23:25:30.520, 300.65, 100, 74232, 73
2026/07/28 23:25:31.559, 301.55, 100, 74232, 73
2026/07/28 23:25:32.597, 303.30, 100, 74232, 73
2026/07/28 23:25:33.638, 301.26, 100, 74232, 73
2026/07/28 23:25:34.675, 302.87, 100, 74232, 73
2026/07/28 23:25:35.713, 303.08, 100, 74232, 73
2026/07/28 23:25:36.751, 301.74, 100, 74232, 73
2026/07/28 23:25:37.793, 295.30, 100, 74232, 73
2026/07/28 23:25:38.830, 293.65, 100, 74232, 73
2026/07/28 23:25:39.867, 289.64, 100, 74232, 73
2026/07/28 23:25:40.909, 293.35, 100, 74232, 73
2026/07/28 23:25:41.947, 302.12, 100, 74232, 73
2026/07/28 23:25:42.984, 301.55, 100, 74232, 73
2026/07/28 23:25:44.022, 300.57, 100, 74232, 73
2026/07/28 23:25:45.060, 300.96, 100, 74232, 73
2026/07/28 23:25:46.101, 302.18, 100, 74232, 73
2026/07/28 23:25:47.139, 301.84, 100, 74232, 73
2026/07/28 23:25:48.176, 300.46, 100, 74232, 73
2026/07/28 23:25:49.214, 304.65, 100, 74232, 73
2026/07/28 23:25:50.250, 301.27, 100, 74232, 73
2026/07/28 23:25:51.289, 302.22, 100, 74232, 73
2026/07/28 23:25:52.327, 302.03, 100, 74232, 73
2026/07/28 23:25:53.366, 302.40, 100, 74232, 73
2026/07/28 23:25:54.405, 298.44, 100, 74232, 73
2026/07/28 23:25:55.443, 295.21, 100, 74232, 73
2026/07/28 23:25:56.481, 293.53, 100, 74232, 73
2026/07/28 23:25:57.519, 295.50, 100, 74232, 73
2026/07/28 23:25:58.556, 290.83, 100, 74232, 72
2026/07/28 23:25:59.598, 289.94, 100, 74232, 72
2026/07/28 23:26:00.637, 302.41, 100, 74232, 73
2026/07/28 23:26:01.674, 300.87, 100, 74232, 73
2026/07/28 23:26:02.711, 296.97, 100, 74232, 73
2026/07/28 23:26:03.748, 299.41, 100, 74232, 73
2026/07/28 23:26:04.786, 301.55, 100, 74232, 73
2026/07/28 23:26:05.823, 301.74, 100, 74232, 73
2026/07/28 23:26:06.861, 301.96, 100, 74232, 73
2026/07/28 23:26:07.899, 303.78, 100, 74232, 73
2026/07/28 23:26:08.935, 301.92, 100, 74232, 73
2026/07/28 23:26:09.974, 301.35, 100, 74232, 73
2026/07/28 23:26:11.012, 300.76, 100, 74232, 73
2026/07/28 23:26:12.050, 293.75, 100, 74232, 72
2026/07/28 23:26:13.087, 301.52, 100, 74232, 74
2026/07/28 23:26:14.123, 294.93, 100, 74232, 74
2026/07/28 23:26:15.160, 296.88, 100, 74232, 74
2026/07/28 23:26:16.196, 300.88, 100, 74232, 74
2026/07/28 23:26:17.230, 277.24, 100, 74232, 74
2026/07/28 23:26:18.266, 301.15, 100, 74232, 74
2026/07/28 23:26:19.302, 302.18, 100, 74232, 73
2026/07/28 23:26:20.340, 301.35, 100, 74232, 73
2026/07/28 23:26:21.377, 302.00, 100, 74232, 73
2026/07/28 23:26:22.414, 303.05, 100, 74232, 73
2026/07/28 23:26:23.455, 298.32, 100, 74232, 73
2026/07/28 23:26:24.492, 295.01, 100, 74232, 73
2026/07/28 23:26:25.529, 99.04, 5, 74232, 73
2026/07/28 23:26:26.564, 284.89, 100, 74232, 74
2026/07/28 23:26:27.601, 295.92, 100, 74232, 75
2026/07/28 23:26:28.636, 306.56, 100, 74232, 75
2026/07/28 23:26:29.671, 268.55, 100, 74232, 74
2026/07/28 23:26:30.711, 292.39, 100, 74232, 74
2026/07/28 23:26:31.746, 297.63, 100, 74232, 73
2026/07/28 23:26:32.785, 291.62, 100, 74232, 73
2026/07/28 23:26:33.823, 296.58, 100, 74232, 73
2026/07/28 23:26:34.861, 297.75, 100, 74232, 73
2026/07/28 23:26:35.898, 99.64, 0, 74232, 70
2026/07/28 23:26:36.932, 302.22, 100, 74232, 74
2026/07/28 23:26:37.967, 300.25, 100, 74232, 75
2026/07/28 23:26:39.001, 304.42, 100, 74232, 75
2026/07/28 23:26:40.036, 295.01, 100, 74232, 74
2026/07/28 23:26:41.070, 307.81, 100, 74232, 75
2026/07/28 23:26:42.105, 279.92, 100, 74232, 75
2026/07/28 23:26:43.140, 302.22, 100, 74232, 73
2026/07/28 23:26:44.178, 292.67, 100, 74232, 73
2026/07/28 23:26:45.215, 295.22, 100, 74232, 73
2026/07/28 23:26:46.258, 290.33, 100, 74232, 73
2026/07/28 23:26:47.298, 297.87, 100, 74232, 74
2026/07/28 23:26:48.392, 290.61, 100, 74232, 75
2026/07/28 23:26:49.428, 302.89, 100, 74232, 75
2026/07/28 23:26:50.467, 294.45, 100, 74232, 75
2026/07/28 23:26:51.501, 295.03, 100, 74232, 75
2026/07/28 23:26:52.535, 289.08, 100, 74232, 75
2026/07/28 23:26:53.572, 300.66, 100, 74232, 73
2026/07/28 23:26:54.610, 296.96, 100, 74232, 73
2026/07/28 23:26:55.647, 302.81, 100, 74232, 73
2026/07/28 23:26:56.684, 304.55, 100, 74232, 73
2026/07/28 23:26:57.720, 299.52, 100, 74232, 73
2026/07/28 23:26:58.756, 100.22, 0, 74232, 70
2026/07/28 23:26:59.790, 285.29, 100, 74232, 75
2026/07/28 23:27:00.827, 297.65, 100, 74232, 75
2026/07/28 23:27:01.862, 326.18, 100, 74232, 75
2026/07/28 23:27:02.897, 294.52, 100, 74232, 75
2026/07/28 23:27:03.936, 276.12, 100, 74232, 75
2026/07/28 23:27:04.972, 293.06, 100, 74232, 75
2026/07/28 23:27:06.011, 303.75, 100, 74232, 73
2026/07/28 23:27:07.049, 303.27, 100, 74232, 73
2026/07/28 23:27:08.087, 304.08, 100, 74232, 73
2026/07/28 23:27:09.123, 303.59, 100, 74232, 73
2026/07/28 23:27:10.163, 303.97, 100, 74232, 74
2026/07/28 23:27:11.201, 293.20, 7, 74232, 74
2026/07/28 23:27:12.238, 296.01, 100, 74232, 75
2026/07/28 23:27:13.274, 298.02, 100, 74232, 75
2026/07/28 23:27:14.309, 309.85, 100, 74232, 75
2026/07/28 23:27:15.349, 289.43, 100, 74232, 75
2026/07/28 23:27:16.388, 318.95, 100, 74232, 75
2026/07/28 23:27:17.424, 309.97, 100, 74232, 75
2026/07/28 23:27:18.461, 303.49, 100, 74232, 73
2026/07/28 23:27:19.499, 303.11, 100, 74232, 74
2026/07/28 23:27:20.539, 301.74, 100, 74232, 74
2026/07/28 23:27:21.578, 303.78, 100, 74232, 74
2026/07/28 23:27:22.614, 300.38, 100, 74232, 74
2026/07/28 23:27:23.653, 303.93, 100, 74232, 74
2026/07/28 23:27:24.691, 302.71, 100, 74232, 74
2026/07/28 23:27:25.732, 302.68, 100, 74232, 75
2026/07/28 23:27:26.768, 302.80, 100, 74232, 75
2026/07/28 23:27:27.802, 298.30, 100, 74232, 75
2026/07/28 23:27:28.837, 304.23, 100, 74232, 75
2026/07/28 23:27:29.873, 303.29, 100, 74232, 75
2026/07/28 23:27:30.907, 266.71, 100, 74232, 75
2026/07/28 23:27:31.940, 269.73, 100, 74232, 75
2026/07/28 23:27:32.974, 305.23, 100, 74232, 74
2026/07/28 23:27:34.011, 304.47, 100, 74232, 74
2026/07/28 23:27:35.049, 304.75, 100, 74232, 74
2026/07/28 23:27:36.087, 304.45, 100, 74232, 74
2026/07/28 23:27:37.125, 304.55, 100, 74232, 74
2026/07/28 23:27:38.163, 296.48, 100, 74232, 74
2026/07/28 23:27:39.201, 298.30, 100, 74232, 74
2026/07/28 23:27:40.238, 296.78, 100, 74232, 74
2026/07/28 23:27:41.276, 296.85, 100, 74232, 74
2026/07/28 23:27:42.312, 297.45, 100, 74232, 74
2026/07/28 23:27:43.349, 299.50, 100, 74232, 74
2026/07/28 23:27:44.391, 299.10, 100, 74232, 74
2026/07/28 23:27:45.435, 294.72, 100, 74232, 74
2026/07/28 23:27:46.472, 297.35, 100, 74232, 74
2026/07/28 23:27:47.515, 290.04, 100, 74232, 74
2026/07/28 23:27:48.552, 295.69, 62, 74232, 74
2026/07/28 23:27:49.587, 303.17, 100, 74232, 73
2026/07/28 23:27:50.623, 303.38, 100, 74232, 73
2026/07/28 23:27:51.661, 304.27, 100, 74232, 73
2026/07/28 23:27:52.699, 302.22, 100, 74232, 73
2026/07/28 23:27:53.737, 304.03, 100, 74232, 73
2026/07/28 23:27:54.774, 301.64, 100, 74232, 73
2026/07/28 23:27:55.812, 302.70, 100, 74232, 73
2026/07/28 23:27:56.850, 303.49, 100, 74232, 73
2026/07/28 23:27:57.887, 303.29, 100, 74232, 73
2026/07/28 23:27:58.925, 303.27, 100, 74232, 73
2026/07/28 23:27:59.961, 302.70, 100, 74232, 73
2026/07/28 23:28:00.999, 302.40, 100, 74232, 73
2026/07/28 23:28:02.037, 302.71, 100, 74232, 73
2026/07/28 23:28:03.074, 301.71, 100, 74232, 73
2026/07/28 23:28:04.111, 305.75, 100, 74232, 73
2026/07/28 23:28:05.148, 295.31, 100, 74232, 73
2026/07/28 23:28:06.185, 294.04, 100, 74232, 73
2026/07/28 23:28:07.222, 295.90, 100, 74232, 73
2026/07/28 23:28:08.263, 302.52, 100, 74232, 73
2026/07/28 23:28:09.301, 294.81, 100, 74232, 73
2026/07/28 23:28:10.337, 295.10, 100, 74232, 73
2026/07/28 23:28:11.374, 293.75, 100, 74232, 73
2026/07/28 23:28:12.411, 294.06, 100, 74232, 73
2026/07/28 23:28:13.448, 294.33, 100, 74232, 73
2026/07/28 23:28:14.485, 294.05, 100, 74232, 73
2026/07/28 23:28:15.527, 292.97, 100, 74232, 73
2026/07/28 23:28:16.563, 300.09, 100, 74232, 73
2026/07/28 23:28:17.599, 299.90, 100, 74232, 73
2026/07/28 23:28:18.636, 297.53, 100, 74232, 73
2026/07/28 23:28:19.675, 290.05, 100, 74232, 73
2026/07/28 23:28:20.716, 294.82, 100, 74232, 73
2026/07/28 23:28:21.754, 303.88, 100, 74232, 73
2026/07/28 23:28:22.792, 294.42, 100, 74232, 73
2026/07/28 23:28:23.830, 300.84, 100, 74232, 73
2026/07/28 23:28:24.868, 304.26, 100, 74232, 73
2026/07/28 23:28:25.909, 298.33, 100, 74232, 73
2026/07/28 23:28:26.948, 302.51, 100, 74232, 73
2026/07/28 23:28:27.985, 303.49, 100, 74232, 73
2026/07/28 23:28:29.024, 301.42, 100, 74232, 73
2026/07/28 23:28:30.061, 303.27, 100, 74232, 73
2026/07/28 23:28:31.102, 295.51, 100, 74232, 73
2026/07/28 23:28:32.139, 293.65, 100, 74232, 73
2026/07/28 23:28:33.180, 290.05, 100, 74232, 73
2026/07/28 23:28:34.221, 294.43, 100, 74232, 73
2026/07/28 23:28:35.262, 301.33, 100, 74232, 73
2026/07/28 23:28:36.300, 302.61, 100, 74232, 73
2026/07/28 23:28:37.339, 298.34, 100, 74232, 73
2026/07/28 23:28:38.377, 297.35, 100, 74232, 73
2026/07/28 23:28:39.418, 299.21, 100, 74232, 73
2026/07/28 23:28:40.458, 300.85, 100, 74232, 73
2026/07/28 23:28:41.495, 303.24, 100, 74232, 73
2026/07/28 23:28:42.537, 302.90, 100, 74232, 73
2026/07/28 23:28:43.575, 296.29, 100, 74232, 73
2026/07/28 23:28:44.613, 293.47, 100, 74232, 73
2026/07/28 23:28:45.653, 302.49, 100, 74232, 73
2026/07/28 23:28:46.692, 294.04, 100, 74232, 73
2026/07/28 23:28:47.729, 294.15, 100, 74232, 73
2026/07/28 23:28:48.774, 293.66, 100, 74232, 73
2026/07/28 23:28:49.812, 300.86, 100, 74232, 73
2026/07/28 23:28:50.850, 295.30, 100, 74232, 73
2026/07/28 23:28:51.901, 297.73, 100, 74232, 73
2026/07/28 23:28:52.940, 295.01, 100, 74232, 73
2026/07/28 23:28:53.978, 301.52, 100, 74232, 73
2026/07/28 23:28:55.016, 300.75, 100, 74232, 73
2026/07/28 23:28:56.053, 301.35, 100, 74232, 73
2026/07/28 23:28:57.093, 300.58, 100, 74232, 73
2026/07/28 23:28:58.130, 301.06, 100, 74232, 73
2026/07/28 23:28:59.170, 295.90, 100, 74232, 73
2026/07/28 23:29:00.208, 293.85, 100, 74232, 73
2026/07/28 23:29:01.247, 293.55, 100, 74232, 73
2026/07/28 23:29:02.285, 295.61, 100, 74232, 72
2026/07/28 23:29:03.323, 293.66, 100, 74232, 73
2026/07/28 23:29:04.362, 292.88, 100, 74232, 73
2026/07/28 23:29:05.399, 296.86, 100, 74232, 73
2026/07/28 23:29:06.439, 302.32, 100, 74232, 73
2026/07/28 23:29:07.477, 298.13, 100, 74232, 73
2026/07/28 23:29:08.514, 300.07, 100, 74232, 73
2026/07/28 23:29:09.551, 302.30, 100, 74232, 73
2026/07/28 23:29:10.588, 301.65, 100, 74232, 73
2026/07/28 23:29:11.626, 299.40, 100, 74232, 73
2026/07/28 23:29:12.664, 301.25, 100, 74232, 73
2026/07/28 23:29:13.702, 303.29, 100, 74232, 73
2026/07/28 23:29:14.739, 301.73, 100, 74232, 73
2026/07/28 23:29:15.777, 300.24, 100, 74232, 73
2026/07/28 23:29:16.814, 301.01, 100, 74232, 73
2026/07/28 23:29:17.852, 301.84, 100, 74232, 73
2026/07/28 23:29:18.890, 301.25, 100, 74232, 73
2026/07/28 23:29:19.927, 300.55, 100, 74232, 73
2026/07/28 23:29:20.964, 295.30, 100, 74232, 74
2026/07/28 23:29:21.999, 296.17, 100, 74232, 74
2026/07/28 23:29:23.037, 296.79, 100, 74232, 74
2026/07/28 23:29:24.073, 273.83, 100, 74232, 74
2026/07/28 23:29:25.109, 265.79, 100, 74232, 74
2026/07/28 23:29:26.146, 279.26, 100, 74232, 74
2026/07/28 23:29:27.184, 302.12, 100, 74232, 73
2026/07/28 23:29:28.222, 300.73, 100, 74232, 73
2026/07/28 23:29:29.258, 294.44, 100, 74232, 72
2026/07/28 23:29:30.299, 302.22, 100, 74232, 73
2026/07/28 23:29:31.337, 293.15, 100, 74232, 74
2026/07/28 23:29:32.373, 290.45, 100, 74232, 74
2026/07/28 23:29:33.407, 284.77, 100, 74232, 74
2026/07/28 23:29:34.447, 300.22, 100, 74232, 74
2026/07/28 23:29:35.482, 304.42, 100, 74232, 74
2026/07/28 23:29:36.517, 307.27, 100, 74232, 74
2026/07/28 23:29:37.559, 302.68, 100, 74232, 73
2026/07/28 23:29:38.597, 303.10, 100, 74232, 73
2026/07/28 23:29:39.635, 302.78, 100, 74232, 73
2026/07/28 23:29:40.674, 303.49, 100, 74232, 73
2026/07/28 23:29:41.711, 302.70, 100, 74232, 73
2026/07/28 23:29:42.748, 291.81, 88, 74232, 74
2026/07/28 23:29:43.784, 302.23, 100, 74232, 74
2026/07/28 23:29:44.820, 294.34, 100, 74232, 75
2026/07/28 23:29:45.859, 289.46, 100, 74232, 74
2026/07/28 23:29:46.892, 294.80, 100, 74232, 74
2026/07/28 23:29:47.928, 273.57, 100, 74232, 74
2026/07/28 23:29:48.969, 317.50, 100, 74232, 75
2026/07/28 23:29:50.008, 291.80, 100, 74232, 73
2026/07/28 23:29:51.047, 284.18, 100, 74232, 73
2026/07/28 23:29:52.084, 288.10, 100, 74232, 73
2026/07/28 23:29:53.120, 295.99, 100, 74232, 73
2026/07/28 23:29:54.156, 300.39, 100, 74232, 74
2026/07/28 23:29:55.191, 297.36, 100, 74232, 75
2026/07/28 23:29:56.224, 300.45, 100, 74232, 75
2026/07/28 23:29:57.260, 297.19, 100, 74232, 75
2026/07/28 23:29:58.295, 281.04, 100, 74232, 75
2026/07/28 23:29:59.336, 301.71, 100, 74232, 75
2026/07/28 23:30:00.371, 283.92, 100, 74232, 75
2026/07/28 23:30:01.410, 302.70, 100, 74232, 73
2026/07/28 23:30:02.447, 296.19, 100, 74232, 73
2026/07/28 23:30:03.482, 297.34, 100, 74232, 73
2026/07/28 23:30:04.519, 301.93, 100, 74232, 74
2026/07/28 23:30:05.558, 294.25, 100, 74232, 74
2026/07/28 23:30:06.594, 299.20, 100, 74232, 74
2026/07/28 23:30:07.631, 100.50, 0, 74232, 71
2026/07/28 23:30:08.664, 301.85, 100, 74232, 75
2026/07/28 23:30:09.698, 301.14, 100, 74232, 75
2026/07/28 23:30:10.732, 304.44, 100, 74232, 75
2026/07/28 23:30:11.766, 300.95, 100, 74232, 75
2026/07/28 23:30:12.800, 287.78, 100, 74232, 75
2026/07/28 23:30:13.834, 321.06, 100, 74232, 75
2026/07/28 23:30:14.868, 301.06, 100, 74232, 74
2026/07/28 23:30:15.908, 303.84, 100, 74232, 74
2026/07/28 23:30:16.946, 305.53, 100, 74232, 74
2026/07/28 23:30:17.986, 304.07, 100, 74232, 74
2026/07/28 23:30:19.025, 101.78, 38, 74232, 71
2026/07/28 23:30:20.058, 302.35, 100, 74232, 75
2026/07/28 23:30:21.092, 291.04, 100, 74232, 75
2026/07/28 23:30:22.128, 297.14, 100, 74232, 76
2026/07/28 23:30:23.165, 292.68, 100, 74232, 75
2026/07/28 23:30:24.201, 289.85, 100, 74232, 75
2026/07/28 23:30:25.238, 273.23, 100, 74232, 76
2026/07/28 23:30:26.276, 303.71, 100, 74232, 75
2026/07/28 23:30:27.315, 289.27, 100, 74232, 74
2026/07/28 23:30:28.355, 284.88, 100, 74232, 74
2026/07/28 23:30:29.391, 285.87, 100, 74232, 74
2026/07/28 23:30:30.429, 288.39, 100, 74232, 74
2026/07/28 23:30:31.468, 101.58, 0, 74232, 71
2026/07/28 23:30:32.500, 298.20, 100, 74232, 75
2026/07/28 23:30:33.535, 309.61, 100, 74232, 75
2026/07/28 23:30:34.571, 300.31, 100, 74232, 75
2026/07/28 23:30:35.605, 289.66, 100, 74232, 75
2026/07/28 23:30:36.641, 265.52, 100, 74232, 75
2026/07/28 23:30:37.677, 280.77, 100, 74232, 75
2026/07/28 23:30:38.714, 307.46, 100, 74232, 74
2026/07/28 23:30:39.756, 288.13, 100, 74232, 73
2026/07/28 23:30:40.798, 289.27, 100, 74232, 74
2026/07/28 23:30:41.836, 289.15, 100, 74232, 74
2026/07/28 23:30:42.874, 295.90, 100, 74232, 74
2026/07/28 23:30:43.913, 295.71, 100, 74232, 74
2026/07/28 23:30:44.947, 311.77, 100, 74232, 75
2026/07/28 23:30:46.061, 300.00, 100, 74232, 75
2026/07/28 23:30:47.097, 306.21, 100, 74232, 75
2026/07/28 23:30:48.132, 301.59, 100, 74232, 75
2026/07/28 23:30:49.168, 285.28, 100, 74232, 76
2026/07/28 23:30:50.210, 276.90, 100, 74232, 75
2026/07/28 23:30:51.245, 302.55, 100, 74232, 75
2026/07/28 23:30:52.280, 304.65, 100, 74232, 74
2026/07/28 23:30:53.317, 304.27, 100, 74232, 74
2026/07/28 23:30:54.354, 305.42, 100, 74232, 74
2026/07/28 23:30:55.391, 100.82, 0, 74232, 71
2026/07/28 23:30:56.424, 303.86, 100, 74232, 75
2026/07/28 23:30:57.461, 288.12, 100, 74232, 75
2026/07/28 23:30:58.497, 290.83, 100, 74232, 75
2026/07/28 23:30:59.533, 317.73, 100, 74232, 75
2026/07/28 23:31:00.574, 309.40, 100, 74232, 75
2026/07/28 23:31:01.609, 296.59, 100, 74232, 75
2026/07/28 23:31:02.644, 306.06, 100, 74232, 76
2026/07/28 23:31:03.681, 304.86, 100, 74232, 74
2026/07/28 23:31:04.719, 305.49, 100, 74232, 74
2026/07/28 23:31:05.757, 305.24, 100, 74232, 74
2026/07/28 23:31:06.794, 303.97, 100, 74232, 74
2026/07/28 23:31:07.832, 101.15, 0, 74232, 71
2026/07/28 23:31:08.865, 306.55, 100, 74232, 75
2026/07/28 23:31:09.905, 287.51, 100, 74232, 74
2026/07/28 23:31:10.943, 289.75, 100, 74232, 74
2026/07/28 23:31:11.985, 286.25, 100, 74232, 74
2026/07/28 23:31:13.023, 285.66, 100, 74232, 74
2026/07/28 23:31:14.059, 288.58, 100, 74232, 74
2026/07/28 23:31:15.099, 290.91, 100, 74232, 74
2026/07/28 23:31:16.135, 296.49, 100, 74232, 74
2026/07/28 23:31:17.173, 296.67, 100, 74232, 74
2026/07/28 23:31:18.209, 296.00, 100, 74232, 74
2026/07/28 23:31:19.245, 295.31, 100, 74232, 74
2026/07/28 23:31:20.281, 296.87, 100, 74232, 74
2026/07/28 23:31:21.321, 296.68, 100, 74232, 74
2026/07/28 23:31:22.360, 298.01, 100, 74232, 74
2026/07/28 23:31:23.398, 294.92, 100, 74232, 74
2026/07/28 23:31:24.438, 298.77, 100, 74232, 74
2026/07/28 23:31:25.475, 303.29, 100, 74232, 74
2026/07/28 23:31:26.512, 297.24, 100, 74232, 74
2026/07/28 23:31:27.549, 296.29, 100, 74232, 74
2026/07/28 23:31:28.587, 296.75, 100, 74232, 74
2026/07/28 23:31:29.624, 291.79, 100, 74232, 74
2026/07/28 23:31:30.661, 295.02, 100, 74232, 74
2026/07/28 23:31:31.698, 295.22, 100, 74232, 74
2026/07/28 23:31:32.734, 304.63, 100, 74232, 74
2026/07/28 23:31:33.772, 296.65, 100, 74232, 73
2026/07/28 23:31:34.808, 296.57, 100, 74232, 73
2026/07/28 23:31:35.846, 294.13, 100, 74232, 73
2026/07/28 23:31:36.883, 296.18, 100, 74232, 73
2026/07/28 23:31:37.920, 296.37, 100, 74232, 73
2026/07/28 23:31:38.957, 296.49, 100, 74232, 73
2026/07/28 23:31:39.995, 292.19, 100, 74232, 73
2026/07/28 23:31:41.032, 294.89, 100, 74232, 73
2026/07/28 23:31:42.073, 295.89, 100, 74232, 73
2026/07/28 23:31:43.110, 300.96, 100, 74232, 73
2026/07/28 23:31:44.148, 301.31, 100, 74232, 73
2026/07/28 23:31:45.188, 295.00, 100, 74232, 73
2026/07/28 23:31:46.225, 301.54, 100, 74232, 73
2026/07/28 23:31:47.265, 302.00, 100, 74232, 73
2026/07/28 23:31:48.302, 305.91, 100, 74232, 73
2026/07/28 23:31:49.340, 297.73, 100, 74232, 73
2026/07/28 23:31:50.378, 296.88, 100, 74232, 73
2026/07/28 23:31:51.416, 296.77, 100, 74232, 73
2026/07/28 23:31:52.454, 293.94, 100, 74232, 73
2026/07/28 23:31:53.491, 290.35, 100, 74232, 73
2026/07/28 23:31:54.533, 293.56, 100, 74232, 73
2026/07/28 23:31:55.570, 302.41, 100, 74232, 73
2026/07/28 23:31:56.607, 302.20, 100, 74232, 73
2026/07/28 23:31:57.643, 297.92, 100, 74232, 73
2026/07/28 23:31:58.681, 302.28, 100, 74232, 73
2026/07/28 23:31:59.721, 300.94, 100, 74232, 73
2026/07/28 23:32:00.758, 301.82, 100, 74232, 73
2026/07/28 23:32:01.796, 302.86, 100, 74232, 73
2026/07/28 23:32:02.834, 301.16, 100, 74232, 73
2026/07/28 23:32:03.871, 303.43, 100, 74232, 73
2026/07/28 23:32:04.909, 301.72, 100, 74232, 73
2026/07/28 23:32:05.947, 301.54, 100, 74232, 73
2026/07/28 23:32:06.986, 304.56, 100, 74232, 73
2026/07/28 23:32:08.023, 302.91, 100, 74232, 73
2026/07/28 23:32:09.059, 294.62, 100, 74232, 73
2026/07/28 23:32:10.096, 298.42, 100, 74232, 73
2026/07/28 23:32:11.137, 299.98, 100, 74232, 73
2026/07/28 23:32:12.176, 303.00, 100, 74232, 73
2026/07/28 23:32:13.214, 298.33, 100, 74232, 73
2026/07/28 23:32:14.254, 300.37, 100, 74232, 73
2026/07/28 23:32:15.292, 299.50, 100, 74232, 73
2026/07/28 23:32:16.330, 295.98, 100, 74232, 73
2026/07/28 23:32:17.366, 295.02, 100, 74232, 73
2026/07/28 23:32:18.404, 290.91, 100, 74232, 73
2026/07/28 23:32:19.440, 295.21, 100, 74232, 73
2026/07/28 23:32:20.476, 295.68, 100, 74232, 73
2026/07/28 23:32:21.512, 294.64, 100, 74232, 73
2026/07/28 23:32:22.549, 301.64, 100, 74232, 73
2026/07/28 23:32:23.586, 303.83, 100, 74232, 73
2026/07/28 23:32:24.627, 296.48, 100, 74232, 73
2026/07/28 23:32:25.665, 299.28, 100, 74232, 73
2026/07/28 23:32:26.704, 293.64, 100, 74232, 73
2026/07/28 23:32:27.743, 300.34, 100, 74232, 73
2026/07/28 23:32:28.780, 303.02, 100, 74232, 73
2026/07/28 23:32:29.819, 299.40, 100, 74232, 73
2026/07/28 23:32:30.857, 292.52, 100, 74232, 73
2026/07/28 23:32:31.896, 303.61, 100, 74232, 73
2026/07/28 23:32:32.934, 302.23, 100, 74232, 73
2026/07/28 23:32:33.971, 301.64, 100, 74232, 73
2026/07/28 23:32:35.010, 302.67, 100, 74232, 73
2026/07/28 23:32:36.048, 304.08, 100, 74232, 73
2026/07/28 23:32:37.086, 299.20, 100, 74232, 73
2026/07/28 23:32:38.124, 297.73, 100, 74232, 73
2026/07/28 23:32:39.162, 299.81, 100, 74232, 73
2026/07/28 23:32:40.200, 303.17, 100, 74232, 73
2026/07/28 23:32:41.236, 302.03, 100, 74232, 73
2026/07/28 23:32:42.273, 304.86, 100, 74232, 75
2026/07/28 23:32:43.306, 298.40, 100, 74232, 75
2026/07/28 23:32:44.345, 303.08, 100, 74232, 75
2026/07/28 23:32:45.382, 303.97, 100, 74232, 75
2026/07/28 23:32:46.417, 298.75, 100, 74232, 75
2026/07/28 23:32:47.452, 297.95, 100, 74232, 75
2026/07/28 23:32:48.488, 302.20, 100, 74232, 73
2026/07/28 23:32:49.525, 302.12, 100, 74232, 73
2026/07/28 23:32:50.562, 296.47, 100, 74232, 73
2026/07/28 23:32:51.599, 98.25, 0, 74232, 69
2026/07/28 23:32:52.632, 315.90, 100, 74232, 74
2026/07/28 23:32:53.668, 296.74, 100, 74232, 74
2026/07/28 23:32:54.704, 311.33, 100, 74232, 74
2026/07/28 23:32:55.741, 285.75, 100, 74232, 74
2026/07/28 23:32:56.776, 277.43, 100, 74232, 74
2026/07/28 23:32:57.811, 279.58, 100, 74232, 74
2026/07/28 23:32:58.846, 303.68, 100, 74232, 73
2026/07/28 23:32:59.883, 302.41, 100, 74232, 73
2026/07/28 23:33:00.921, 302.13, 100, 74232, 73
2026/07/28 23:33:01.959, 304.18, 100, 74232, 73
2026/07/28 23:33:02.997, 99.74, 0, 74232, 70
2026/07/28 23:33:04.031, 318.55, 96, 74232, 74
2026/07/28 23:33:05.067, 292.39, 100, 74232, 74
2026/07/28 23:33:06.106, 303.92, 100, 74232, 74
2026/07/28 23:33:07.142, 299.54, 100, 74232, 75
2026/07/28 23:33:08.183, 296.77, 100, 74232, 74
2026/07/28 23:33:09.218, 260.06, 100, 74232, 74
2026/07/28 23:33:10.254, 301.92, 100, 74232, 73
2026/07/28 23:33:11.292, 303.17, 100, 74232, 73
2026/07/28 23:33:12.330, 302.41, 100, 74232, 73
2026/07/28 23:33:13.368, 105.97, 49, 74232, 70
2026/07/28 23:33:14.445, 297.44, 100, 74232, 74
2026/07/28 23:33:15.482, 290.73, 100, 74232, 75
2026/07/28 23:33:16.522, 297.74, 100, 74232, 74
2026/07/28 23:33:17.558, 297.53, 100, 74232, 75
2026/07/28 23:33:18.593, 297.62, 100, 74232, 75
2026/07/28 23:33:19.631, 281.36, 100, 74232, 74
2026/07/28 23:33:20.668, 302.02, 100, 74232, 73
2026/07/28 23:33:21.705, 302.67, 100, 74232, 73
2026/07/28 23:33:22.744, 302.41, 100, 74232, 73
2026/07/28 23:33:23.781, 102.17, 0, 74232, 70
2026/07/28 23:33:24.816, 277.04, 100, 74232, 74
2026/07/28 23:33:25.853, 300.84, 100, 74232, 75
2026/07/28 23:33:26.897, 299.50, 100, 74232, 75
2026/07/28 23:33:27.932, 317.48, 100, 74232, 75
2026/07/28 23:33:28.968, 298.42, 100, 74232, 75
2026/07/28 23:33:30.009, 305.71, 100, 74232, 74
2026/07/28 23:33:31.047, 281.48, 100, 74232, 73
2026/07/28 23:33:32.087, 287.03, 100, 74232, 73
2026/07/28 23:33:33.124, 287.89, 100, 74232, 73
2026/07/28 23:33:34.163, 289.96, 100, 74232, 73
2026/07/28 23:33:35.201, 296.28, 100, 74232, 74
2026/07/28 23:33:36.238, 295.98, 100, 74232, 74
2026/07/28 23:33:37.278, 298.13, 100, 74232, 74
2026/07/28 23:33:38.316, 301.57, 87, 74232, 75
2026/07/28 23:33:39.351, 302.85, 100, 74232, 75
2026/07/28 23:33:40.387, 299.67, 100, 74232, 75
2026/07/28 23:33:41.424, 310.21, 100, 74232, 75
2026/07/28 23:33:42.463, 317.14, 100, 74232, 75
2026/07/28 23:33:43.498, 281.70, 100, 74232, 75
2026/07/28 23:33:44.538, 253.65, 100, 74232, 73
2026/07/28 23:33:45.581, 287.79, 100, 74232, 73
2026/07/28 23:33:46.621, 288.86, 100, 74232, 73
2026/07/28 23:33:47.660, 290.54, 100, 74232, 73
2026/07/28 23:33:48.699, 295.68, 100, 74232, 73
2026/07/28 23:33:49.737, 153.44, 0, 74232, 74
2026/07/28 23:33:50.774, 293.77, 100, 74232, 75
2026/07/28 23:33:51.808, 294.55, 100, 74232, 75
2026/07/28 23:33:52.845, 276.71, 100, 74232, 75
2026/07/28 23:33:53.880, 293.95, 100, 74232, 75
2026/07/28 23:33:54.918, 297.49, 100, 74232, 75
2026/07/28 23:33:55.960, 321.88, 100, 74232, 75
2026/07/28 23:33:56.997, 304.27, 100, 74232, 73
2026/07/28 23:33:58.035, 303.07, 100, 74232, 73
2026/07/28 23:33:59.071, 303.37, 100, 74232, 73
2026/07/28 23:34:00.111, 303.79, 100, 74232, 73
2026/07/28 23:34:01.149, 304.64, 100, 74232, 74
2026/07/28 23:34:02.188, 303.68, 100, 74232, 74
2026/07/28 23:34:03.229, 303.64, 100, 74232, 74
2026/07/28 23:34:04.267, 298.61, 100, 74232, 73
2026/07/28 23:34:05.305, 292.01, 100, 74232, 73
2026/07/28 23:34:06.341, 296.48, 100, 74232, 72
2026/07/28 23:34:07.374, 300.66, 100, 74232, 75
2026/07/28 23:34:08.408, 295.22, 100, 74232, 75
2026/07/28 23:34:09.445, 286.53, 100, 74232, 75
2026/07/28 23:34:10.479, 297.64, 100, 74232, 75
2026/07/28 23:34:11.513, 316.93, 100, 74232, 75
2026/07/28 23:34:12.552, 302.08, 100, 74232, 75
2026/07/28 23:34:13.586, 244.77, 100, 74232, 74
2026/07/28 23:34:14.623, 284.96, 100, 74232, 73
2026/07/28 23:34:15.664, 290.43, 100, 74232, 73
2026/07/28 23:34:16.703, 288.61, 100, 74232, 73
2026/07/28 23:34:17.739, 289.78, 100, 74232, 73
2026/07/28 23:34:18.778, 285.58, 100, 74232, 73
2026/07/28 23:34:19.816, 295.80, 100, 74232, 74
2026/07/28 23:34:20.854, 296.38, 100, 74232, 74
2026/07/28 23:34:21.893, 292.67, 100, 74232, 74
2026/07/28 23:34:22.930, 295.42, 100, 74232, 74
2026/07/28 23:34:23.969, 297.58, 100, 74232, 74
2026/07/28 23:34:25.006, 295.43, 100, 74232, 74
2026/07/28 23:34:26.044, 288.10, 100, 74232, 74
2026/07/28 23:34:27.081, 293.66, 100, 74232, 74
2026/07/28 23:34:28.119, 295.09, 100, 74232, 74
2026/07/28 23:34:29.165, 293.94, 100, 74232, 74
2026/07/28 23:34:30.203, 294.99, 100, 74232, 74
2026/07/28 23:34:31.241, 293.07, 100, 74232, 74
2026/07/28 23:34:32.284, 295.57, 100, 74232, 74
2026/07/28 23:34:33.328, 302.67, 100, 74232, 74
2026/07/28 23:34:34.367, 302.37, 100, 74232, 74
2026/07/28 23:34:35.407, 305.43, 100, 74232, 74
2026/07/28 23:34:36.446, 304.47, 100, 74232, 74
2026/07/28 23:34:37.483, 301.35, 100, 74232, 74
2026/07/28 23:34:38.519, 305.20, 100, 74232, 74
2026/07/28 23:34:39.556, 303.96, 100, 74232, 74
2026/07/28 23:34:40.594, 303.19, 100, 74232, 74
2026/07/28 23:34:41.632, 304.34, 100, 74232, 74
2026/07/28 23:34:42.668, 303.49, 100, 74232, 74
2026/07/28 23:34:43.706, 302.33, 100, 74232, 74
2026/07/28 23:34:44.743, 301.53, 100, 74232, 73
2026/07/28 23:34:45.780, 295.30, 100, 74232, 73
2026/07/28 23:34:46.816, 296.76, 100, 74232, 73
2026/07/28 23:34:47.854, 293.55, 100, 74232, 73
2026/07/28 23:34:48.891, 294.43, 100, 74232, 73
2026/07/28 23:34:49.927, 294.51, 100, 74232, 73
2026/07/28 23:34:50.964, 292.97, 100, 74232, 73
2026/07/28 23:34:52.001, 293.96, 100, 74232, 73
2026/07/28 23:34:53.040, 295.50, 100, 74232, 73
2026/07/28 23:34:54.076, 295.50, 100, 74232, 73
2026/07/28 23:34:55.113, 294.34, 100, 74232, 73
2026/07/28 23:34:56.150, 295.99, 100, 74232, 73
2026/07/28 23:34:57.189, 294.55, 100, 74232, 73
2026/07/28 23:34:58.225, 295.89, 100, 74232, 73
2026/07/28 23:34:59.262, 303.17, 100, 74232, 73
2026/07/28 23:35:00.299, 302.62, 100, 74232, 73
2026/07/28 23:35:01.336, 303.29, 100, 74232, 73
2026/07/28 23:35:02.373, 304.56, 100, 74232, 73
2026/07/28 23:35:03.409, 302.23, 100, 74232, 73
2026/07/28 23:35:04.446, 303.38, 100, 74232, 73
2026/07/28 23:35:05.483, 301.34, 100, 74232, 73
2026/07/28 23:35:06.520, 295.30, 100, 74232, 73
2026/07/28 23:35:07.558, 290.44, 100, 74232, 73
2026/07/28 23:35:08.596, 291.50, 100, 74232, 73
2026/07/28 23:35:09.633, 306.31, 100, 74232, 73
2026/07/28 23:35:10.672, 299.46, 100, 74232, 73
2026/07/28 23:35:11.709, 298.99, 100, 74232, 73
2026/07/28 23:35:12.745, 303.67, 100, 74232, 73
2026/07/28 23:35:13.782, 302.32, 100, 74232, 73
2026/07/28 23:35:14.819, 300.01, 100, 74232, 73
2026/07/28 23:35:15.855, 304.22, 100, 74232, 73
2026/07/28 23:35:16.894, 293.36, 100, 74232, 73
2026/07/28 23:35:17.931, 294.43, 100, 74232, 73
2026/07/28 23:35:18.968, 298.70, 100, 74232, 73
2026/07/28 23:35:20.006, 300.96, 100, 74232, 73
2026/07/28 23:35:21.043, 300.95, 100, 74232, 73
2026/07/28 23:35:22.080, 297.96, 100, 74232, 73
2026/07/28 23:35:23.118, 301.54, 100, 74232, 73
2026/07/28 23:35:24.161, 302.03, 100, 74232, 73
2026/07/28 23:35:25.200, 298.22, 100, 74232, 73
2026/07/28 23:35:26.237, 301.64, 100, 74232, 73
2026/07/28 23:35:27.275, 296.87, 100, 74232, 73
2026/07/28 23:35:28.311, 294.72, 100, 74232, 73
2026/07/28 23:35:29.349, 294.23, 100, 74232, 73
2026/07/28 23:35:30.387, 301.14, 100, 74232, 73
2026/07/28 23:35:31.426, 294.42, 100, 74232, 73
2026/07/28 23:35:32.463, 296.39, 100, 74232, 73
2026/07/28 23:35:33.499, 292.87, 100, 74232, 73
2026/07/28 23:35:34.538, 299.69, 100, 74232, 73
2026/07/28 23:35:35.574, 301.70, 100, 74232, 73
2026/07/28 23:35:36.611, 300.24, 100, 74232, 73
2026/07/28 23:35:37.649, 304.91, 100, 74232, 73
2026/07/28 23:35:38.688, 297.24, 100, 74232, 73
2026/07/28 23:35:39.727, 302.61, 100, 74232, 73
2026/07/28 23:35:40.766, 301.84, 100, 74232, 73
2026/07/28 23:35:41.802, 301.72, 100, 74232, 73
2026/07/28 23:35:42.840, 300.86, 100, 74232, 73
2026/07/28 23:35:43.876, 301.16, 100, 74232, 73
2026/07/28 23:35:44.914, 301.05, 100, 74232, 73
2026/07/28 23:35:45.950, 303.07, 100, 74232, 73
2026/07/28 23:35:46.987, 300.45, 100, 74232, 73
2026/07/28 23:35:48.024, 302.24, 100, 74232, 73
2026/07/28 23:35:49.060, 295.01, 100, 74232, 73
2026/07/28 23:35:50.098, 294.62, 100, 74232, 73
2026/07/28 23:35:51.135, 300.53, 100, 74232, 73
2026/07/28 23:35:52.171, 301.70, 100, 74232, 73
2026/07/28 23:35:53.208, 301.06, 100, 74232, 73
2026/07/28 23:35:54.245, 299.46, 100, 74232, 73
2026/07/28 23:35:55.284, 292.48, 100, 74232, 73
2026/07/28 23:35:56.320, 302.40, 100, 74232, 73
2026/07/28 23:35:57.357, 297.83, 100, 74232, 73
2026/07/28 23:35:58.394, 388.70, 77, 74232, 74
2026/07/28 23:35:59.430, 287.93, 100, 74232, 74
2026/07/28 23:36:00.463, 309.40, 100, 74232, 75
2026/07/28 23:36:01.497, 281.35, 100, 74232, 74
2026/07/28 23:36:02.531, 261.59, 100, 74232, 74
2026/07/28 23:36:03.567, 306.49, 100, 74232, 74
2026/07/28 23:36:04.605, 273.38, 100, 74232, 75
2026/07/28 23:36:05.639, 301.03, 100, 74232, 73
2026/07/28 23:36:06.676, 304.25, 100, 74232, 73
2026/07/28 23:36:07.713, 302.91, 100, 74232, 73
2026/07/28 23:36:08.750, 302.77, 100, 74232, 73
2026/07/28 23:36:09.788, 302.21, 100, 74232, 73
2026/07/28 23:36:10.825, 296.46, 100, 74232, 73
2026/07/28 23:36:11.862, 296.08, 100, 74232, 73
2026/07/28 23:36:12.902, 291.70, 100, 74232, 73
2026/07/28 23:36:13.939, 297.07, 100, 74232, 73
2026/07/28 23:36:14.976, 295.52, 100, 74232, 73
2026/07/28 23:36:16.013, 296.00, 100, 74232, 73
2026/07/28 23:36:17.050, 295.29, 100, 74232, 73
2026/07/28 23:36:18.088, 294.93, 100, 74232, 73
2026/07/28 23:36:19.125, 295.51, 100, 74232, 73
2026/07/28 23:36:20.161, 295.61, 100, 74232, 73
2026/07/28 23:36:21.198, 295.40, 100, 74232, 73
2026/07/28 23:36:22.236, 295.58, 100, 74232, 73
2026/07/28 23:36:23.275, 296.86, 100, 74232, 73
2026/07/28 23:36:24.312, 296.21, 100, 74232, 73
2026/07/28 23:36:25.352, 297.27, 100, 74232, 73
2026/07/28 23:36:26.391, 296.38, 100, 74232, 73
2026/07/28 23:36:27.429, 303.11, 100, 74232, 73
2026/07/28 23:36:28.466, 303.00, 100, 74232, 73
2026/07/28 23:36:29.503, 303.07, 100, 74232, 73
2026/07/28 23:36:30.540, 302.68, 100, 74232, 73
2026/07/28 23:36:31.579, 303.30, 100, 74232, 73
2026/07/28 23:36:32.618, 304.37, 100, 74232, 73
2026/07/28 23:36:33.655, 303.07, 100, 74232, 73
2026/07/28 23:36:34.693, 302.52, 100, 74232, 73
2026/07/28 23:36:35.730, 299.57, 100, 74232, 73
2026/07/28 23:36:36.769, 294.93, 100, 74232, 73
2026/07/28 23:36:37.805, 299.70, 100, 74232, 73
2026/07/28 23:36:38.845, 295.32, 100, 74232, 73
2026/07/28 23:36:39.883, 295.53, 100, 74232, 73
2026/07/28 23:36:40.921, 295.89, 100, 74232, 73
2026/07/28 23:36:41.960, 302.70, 100, 74232, 73
2026/07/28 23:36:42.999, 294.74, 100, 74232, 73
2026/07/28 23:36:44.037, 295.88, 100, 74232, 73
2026/07/28 23:36:45.075, 291.81, 100, 74232, 73
2026/07/28 23:36:46.112, 295.32, 100, 74232, 73
2026/07/28 23:36:47.150, 293.85, 100, 74232, 73
2026/07/28 23:36:48.187, 295.20, 100, 74232, 73
2026/07/28 23:36:49.230, 300.14, 100, 74232, 73
2026/07/28 23:36:50.268, 302.43, 100, 74232, 73
2026/07/28 23:36:51.304, 304.26, 100, 74232, 73
2026/07/28 23:36:52.342, 302.58, 100, 74232, 73
2026/07/28 23:36:53.379, 303.12, 100, 74232, 73
2026/07/28 23:36:54.418, 302.13, 100, 74232, 73
2026/07/28 23:36:55.456, 302.90, 100, 74232, 73
2026/07/28 23:36:56.494, 302.22, 100, 74232, 73
2026/07/28 23:36:57.533, 302.20, 100, 74232, 73
2026/07/28 23:36:58.570, 304.65, 100, 74232, 73
2026/07/28 23:36:59.606, 302.72, 100, 74232, 73
2026/07/28 23:37:00.643, 305.44, 100, 74232, 73
2026/07/28 23:37:01.679, 97.68, 36, 74232, 70
2026/07/28 23:37:02.732, 298.51, 100, 74232, 74
2026/07/28 23:37:03.767, 316.02, 100, 74232, 74
2026/07/28 23:37:04.804, 301.62, 100, 74232, 74
2026/07/28 23:37:05.838, 313.55, 100, 74232, 74
2026/07/28 23:37:06.874, 304.87, 100, 74232, 74
2026/07/28 23:37:07.908, 294.28, 100, 74232, 74
2026/07/28 23:37:08.943, 307.09, 100, 74232, 74
2026/07/28 23:37:09.981, 302.29, 100, 74232, 72
2026/07/28 23:37:11.019, 290.92, 100, 74232, 72
2026/07/28 23:37:12.057, 295.49, 100, 74232, 73
2026/07/28 23:37:13.093, 294.73, 100, 74232, 73
2026/07/28 23:37:14.132, 295.50, 100, 74232, 73
2026/07/28 23:37:15.170, 306.83, 100, 74232, 73
2026/07/28 23:37:16.208, 302.52, 100, 74232, 73
2026/07/28 23:37:17.247, 296.88, 100, 74232, 73
2026/07/28 23:37:18.285, 295.89, 100, 74232, 73
2026/07/28 23:37:19.324, 295.70, 100, 74232, 73
2026/07/28 23:37:20.361, 296.08, 100, 74232, 73
2026/07/28 23:37:21.399, 295.80, 100, 74232, 73
2026/07/28 23:37:22.437, 300.55, 100, 74232, 73
2026/07/28 23:37:23.475, 303.66, 100, 74232, 73
2026/07/28 23:37:24.513, 100.52, 0, 74232, 70
2026/07/28 23:37:25.545, 297.05, 100, 74232, 74
2026/07/28 23:37:26.582, 308.41, 100, 74232, 75
2026/07/28 23:37:27.617, 294.71, 100, 74232, 74
2026/07/28 23:37:28.652, 282.15, 100, 74232, 74
2026/07/28 23:37:29.689, 279.21, 100, 74232, 74
2026/07/28 23:37:30.726, 281.15, 100, 74232, 74
2026/07/28 23:37:31.762, 284.51, 100, 74232, 73
2026/07/28 23:37:32.800, 289.17, 100, 74232, 73
2026/07/28 23:37:33.838, 283.74, 100, 74232, 73
2026/07/28 23:37:34.878, 294.17, 100, 74232, 73
2026/07/28 23:37:35.916, 294.53, 100, 74232, 73
2026/07/28 23:37:36.955, 295.69, 100, 74232, 73
2026/07/28 23:37:37.994, 303.30, 100, 74232, 73
2026/07/28 23:37:39.032, 302.62, 100, 74232, 73
2026/07/28 23:37:40.070, 99.25, 0, 74232, 73
2026/07/28 23:37:41.106, 290.22, 100, 74232, 74
2026/07/28 23:37:42.142, 302.01, 100, 74232, 75
2026/07/28 23:37:43.178, 299.84, 100, 74232, 74
2026/07/28 23:37:44.218, 273.04, 100, 74232, 74
2026/07/28 23:37:45.253, 284.00, 100, 74232, 75
2026/07/28 23:37:46.289, 277.49, 100, 74232, 75
2026/07/28 23:37:47.335, 298.81, 100, 74232, 73
2026/07/28 23:37:48.372, 302.13, 100, 74232, 73
2026/07/28 23:37:49.410, 302.61, 100, 74232, 73
2026/07/28 23:37:50.446, 303.74, 100, 74232, 73
2026/07/28 23:37:51.482, 300.35, 5, 74232, 74
2026/07/28 23:37:52.519, 294.45, 100, 74232, 75
2026/07/28 23:37:53.556, 291.19, 100, 74232, 75
2026/07/28 23:37:54.593, 308.48, 100, 74232, 75
2026/07/28 23:37:55.629, 271.41, 100, 74232, 75
2026/07/28 23:37:56.664, 303.34, 100, 74232, 74
2026/07/28 23:37:57.698, 284.38, 100, 74232, 75
2026/07/28 23:37:58.743, 272.97, 100, 74232, 73
2026/07/28 23:37:59.782, 294.44, 100, 74232, 73
2026/07/28 23:38:00.819, 289.39, 100, 74232, 73
2026/07/28 23:38:01.859, 291.91, 100, 74232, 73
2026/07/28 23:38:02.896, 296.57, 100, 74232, 73
2026/07/28 23:38:03.936, 297.17, 100, 74232, 73
2026/07/28 23:38:04.973, 295.21, 100, 74232, 73
2026/07/28 23:38:06.009, 101.02, 50, 74232, 71
2026/07/28 23:38:07.042, 302.35, 100, 74232, 75
2026/07/28 23:38:08.078, 302.81, 100, 74232, 73
2026/07/28 23:38:09.116, 303.57, 100, 74232, 73
2026/07/28 23:38:10.155, 301.46, 100, 74232, 73
2026/07/28 23:38:11.193, 295.51, 100, 74232, 73
2026/07/28 23:38:12.231, 302.61, 100, 74232, 73
2026/07/28 23:38:13.270, 292.68, 100, 74232, 73
2026/07/28 23:38:14.307, 293.55, 100, 74232, 73
2026/07/28 23:38:15.345, 292.29, 100, 74232, 73
2026/07/28 23:38:16.383, 295.51, 100, 74232, 73
2026/07/28 23:38:17.420, 293.93, 100, 74232, 73
2026/07/28 23:38:18.458, 296.66, 100, 74232, 73
2026/07/28 23:38:19.496, 295.31, 100, 74232, 73
2026/07/28 23:38:20.537, 301.43, 100, 74232, 73
2026/07/28 23:38:21.575, 302.24, 100, 74232, 73
2026/07/28 23:38:22.613, 302.97, 100, 74232, 73
2026/07/28 23:38:23.651, 302.70, 100, 74232, 73
2026/07/28 23:38:24.688, 302.80, 100, 74232, 73
2026/07/28 23:38:25.726, 301.25, 100, 74232, 73
2026/07/28 23:38:26.763, 305.91, 100, 74232, 73
2026/07/28 23:38:27.800, 301.93, 100, 74232, 73
2026/07/28 23:38:28.837, 303.29, 100, 74232, 73
2026/07/28 23:38:29.875, 305.63, 100, 74232, 73
2026/07/28 23:38:30.912, 297.74, 100, 74232, 73
2026/07/28 23:38:31.951, 295.40, 100, 74232, 73
2026/07/28 23:38:32.990, 296.19, 100, 74232, 73
2026/07/28 23:38:34.028, 295.30, 100, 74232, 73
2026/07/28 23:38:35.066, 293.84, 100, 74232, 73
2026/07/28 23:38:36.106, 296.38, 100, 74232, 73
2026/07/28 23:38:37.144, 299.60, 100, 74232, 73
2026/07/28 23:38:38.183, 294.81, 100, 74232, 73
2026/07/28 23:38:39.221, 302.88, 100, 74232, 73
2026/07/28 23:38:40.259, 301.32, 100, 74232, 73
2026/07/28 23:38:41.297, 303.27, 100, 74232, 73
2026/07/28 23:38:42.333, 295.59, 100, 74232, 73
2026/07/28 23:38:43.370, 296.86, 100, 74232, 73
2026/07/28 23:38:44.407, 297.83, 100, 74232, 73
2026/07/28 23:38:45.446, 293.94, 100, 74232, 73
2026/07/28 23:38:46.482, 295.88, 100, 74232, 73
2026/07/28 23:38:47.523, 294.14, 100, 74232, 73
2026/07/28 23:38:48.561, 289.77, 100, 74232, 73
2026/07/28 23:38:49.599, 294.14, 100, 74232, 73
2026/07/28 23:38:50.636, 300.37, 100, 74232, 73
2026/07/28 23:38:51.673, 301.44, 100, 74232, 73
2026/07/28 23:38:52.711, 302.21, 100, 74232, 73
2026/07/28 23:38:53.749, 306.97, 100, 74232, 73
2026/07/28 23:38:54.787, 302.20, 100, 74232, 73
2026/07/28 23:38:55.825, 301.61, 100, 74232, 73
2026/07/28 23:38:56.864, 302.72, 100, 74232, 73
2026/07/28 23:38:57.902, 300.77, 100, 74232, 73
2026/07/28 23:38:58.942, 300.45, 100, 74232, 73
2026/07/28 23:38:59.980, 300.77, 100, 74232, 73
2026/07/28 23:39:01.017, 301.55, 100, 74232, 73
2026/07/28 23:39:02.056, 301.31, 100, 74232, 73
2026/07/28 23:39:03.096, 302.79, 100, 74232, 73
2026/07/28 23:39:04.133, 301.64, 100, 74232, 73
2026/07/28 23:39:05.171, 301.84, 100, 74232, 73
2026/07/28 23:39:06.211, 303.46, 100, 74232, 73
2026/07/28 23:39:07.248, 300.64, 100, 74232, 73
2026/07/28 23:39:08.287, 302.81, 100, 74232, 73
2026/07/28 23:39:09.327, 302.70, 100, 74232, 73
2026/07/28 23:39:10.365, 300.95, 100, 74232, 73
2026/07/28 23:39:11.403, 302.58, 100, 74232, 73
2026/07/28 23:39:12.441, 295.82, 100, 74232, 73
2026/07/28 23:39:13.479, 302.32, 100, 74232, 73
2026/07/28 23:39:14.517, 289.85, 100, 74232, 73
2026/07/28 23:39:15.558, 290.84, 100, 74232, 73
2026/07/28 23:39:16.596, 294.26, 100, 74232, 73
2026/07/28 23:39:17.633, 294.54, 100, 74232, 73
2026/07/28 23:39:18.674, 300.66, 100, 74232, 73
2026/07/28 23:39:19.712, 295.01, 100, 74232, 73
2026/07/28 23:39:20.750, 294.44, 100, 74232, 73
2026/07/28 23:39:21.790, 302.04, 100, 74232, 73
2026/07/28 23:39:22.827, 301.35, 100, 74232, 73
2026/07/28 23:39:23.863, 303.65, 100, 74232, 73
2026/07/28 23:39:24.902, 300.36, 100, 74232, 73
2026/07/28 23:39:25.939, 300.56, 100, 74232, 73
2026/07/28 23:39:26.978, 304.34, 100, 74232, 73
2026/07/28 23:39:28.016, 300.96, 100, 74232, 73
2026/07/28 23:39:29.055, 301.94, 100, 74232, 73
2026/07/28 23:39:30.094, 301.80, 100, 74232, 73
2026/07/28 23:39:31.131, 301.13, 100, 74232, 73
2026/07/28 23:39:32.169, 300.94, 100, 74232, 73
2026/07/28 23:39:33.208, 302.13, 100, 74232, 73
2026/07/28 23:39:34.249, 292.88, 100, 74232, 73
2026/07/28 23:39:35.287, 302.50, 100, 74232, 73
2026/07/28 23:39:36.328, 295.70, 100, 74232, 73
2026/07/28 23:39:37.366, 297.46, 100, 74232, 73
2026/07/28 23:39:38.404, 300.36, 100, 74232, 73
2026/07/28 23:39:39.443, 298.83, 100, 74232, 74
2026/07/28 23:39:40.484, 297.05, 100, 74232, 74
2026/07/28 23:39:41.520, 302.50, 100, 74232, 74
2026/07/28 23:39:42.560, 298.65, 100, 74232, 74
2026/07/28 23:39:43.595, 284.26, 100, 74232, 74
2026/07/28 23:39:44.631, 301.72, 100, 74232, 73
2026/07/28 23:39:45.669, 302.91, 100, 74232, 73
2026/07/28 23:39:46.707, 298.91, 100, 74232, 73
2026/07/28 23:39:47.746, 302.97, 100, 74232, 73
2026/07/28 23:39:48.785, 100.63, 0, 74232, 70
2026/07/28 23:39:49.830, 294.45, 100, 74232, 74
2026/07/28 23:39:50.865, 290.72, 100, 74232, 74
2026/07/28 23:39:51.899, 306.01, 100, 74232, 74
2026/07/28 23:39:52.938, 309.21, 100, 74232, 74
2026/07/28 23:39:53.974, 277.24, 100, 74232, 75
2026/07/28 23:39:55.011, 265.05, 100, 74232, 74
2026/07/28 23:39:56.049, 301.92, 100, 74232, 73
2026/07/28 23:39:57.086, 298.99, 100, 74232, 73
2026/07/28 23:39:58.122, 291.02, 100, 74232, 73
2026/07/28 23:39:59.159, 294.33, 100, 74232, 73
2026/07/28 23:40:00.197, 294.92, 100, 74232, 73
2026/07/28 23:40:01.237, 295.01, 100, 74232, 73
2026/07/28 23:40:02.275, 294.53, 100, 74232, 73
2026/07/28 23:40:03.311, 294.34, 100, 74232, 73
2026/07/28 23:40:04.347, 302.24, 100, 74232, 73
2026/07/28 23:40:05.386, 302.68, 100, 74232, 73
2026/07/28 23:40:06.423, 303.39, 100, 74232, 73
2026/07/28 23:40:07.461, 292.33, 100, 74232, 75
2026/07/28 23:40:08.497, 294.14, 100, 74232, 75
2026/07/28 23:40:09.531, 303.96, 100, 74232, 75
2026/07/28 23:40:10.570, 318.11, 100, 74232, 75
2026/07/28 23:40:11.610, 300.06, 100, 74232, 75
2026/07/28 23:40:12.644, 289.48, 100, 74232, 75
2026/07/28 23:40:13.679, 303.01, 100, 74232, 73
2026/07/28 23:40:14.725, 297.66, 100, 74232, 73
2026/07/28 23:40:15.763, 291.98, 100, 74232, 73
2026/07/28 23:40:16.799, 293.35, 100, 74232, 73
2026/07/28 23:40:17.841, 295.20, 100, 74232, 73
2026/07/28 23:40:18.878, 295.88, 100, 74232, 73
2026/07/28 23:40:19.915, 298.02, 100, 74232, 73
2026/07/28 23:40:20.956, 295.79, 100, 74232, 73
2026/07/28 23:40:21.995, 297.53, 100, 74232, 73
2026/07/28 23:40:23.032, 295.90, 100, 74232, 73
2026/07/28 23:40:24.076, 295.41, 100, 74232, 73
2026/07/28 23:40:25.114, 303.35, 100, 74232, 73
2026/07/28 23:40:26.153, 298.93, 100, 74232, 73
2026/07/28 23:40:27.191, 298.39, 77, 74232, 75
2026/07/28 23:40:28.227, 292.41, 100, 74232, 75
2026/07/28 23:40:29.263, 298.72, 100, 74232, 75
2026/07/28 23:40:30.299, 297.19, 100, 74232, 75
2026/07/28 23:40:31.334, 297.33, 100, 74232, 75
2026/07/28 23:40:32.372, 264.17, 100, 74232, 74
2026/07/28 23:40:33.411, 303.19, 100, 74232, 73
2026/07/28 23:40:34.450, 301.53, 100, 74232, 73
2026/07/28 23:40:35.487, 303.19, 100, 74232, 73
2026/07/28 23:40:36.524, 303.49, 100, 74232, 73
2026/07/28 23:40:37.560, 304.81, 100, 74232, 73
2026/07/28 23:40:38.598, 303.40, 100, 74232, 73
2026/07/28 23:40:39.634, 304.75, 100, 74232, 73
2026/07/28 23:40:40.674, 304.65, 100, 74232, 73
2026/07/28 23:40:41.711, 302.91, 100, 74232, 73
2026/07/28 23:40:42.747, 304.94, 100, 74232, 73
2026/07/28 23:40:43.783, 303.19, 100, 74232, 73
2026/07/28 23:40:44.819, 303.98, 100, 74232, 73
2026/07/28 23:40:45.856, 302.78, 100, 74232, 73
2026/07/28 23:40:46.893, 302.42, 100, 74232, 73
2026/07/28 23:40:47.931, 302.49, 100, 74232, 73
2026/07/28 23:40:48.969, 298.91, 100, 74232, 73
2026/07/28 23:40:50.006, 304.16, 100, 74232, 73
2026/07/28 23:40:51.044, 292.10, 100, 74232, 73
2026/07/28 23:40:52.081, 295.78, 100, 74232, 73
2026/07/28 23:40:53.119, 298.89, 100, 74232, 73
2026/07/28 23:40:54.155, 294.93, 100, 74232, 73
2026/07/28 23:40:55.195, 294.04, 100, 74232, 73
2026/07/28 23:40:56.233, 292.00, 100, 74232, 73
2026/07/28 23:40:57.273, 296.28, 100, 74232, 73
2026/07/28 23:40:58.312, 291.70, 100, 74232, 73
2026/07/28 23:40:59.350, 295.33, 100, 74232, 73
2026/07/28 23:41:00.388, 298.23, 100, 74232, 73
2026/07/28 23:41:01.426, 292.01, 100, 74232, 73
2026/07/28 23:41:02.464, 295.79, 100, 74232, 73
2026/07/28 23:41:03.503, 303.67, 100, 74232, 73
2026/07/28 23:41:04.541, 295.02, 100, 74232, 73
2026/07/28 23:41:05.580, 295.51, 100, 74232, 73
2026/07/28 23:41:06.617, 297.47, 100, 74232, 73
2026/07/28 23:41:07.654, 294.25, 100, 74232, 73
2026/07/28 23:41:08.691, 100.72, 0, 74232, 70
2026/07/28 23:41:09.724, 299.73, 100, 74232, 74
2026/07/28 23:41:10.759, 301.72, 100, 74232, 74
2026/07/28 23:41:11.793, 308.93, 100, 74232, 74
2026/07/28 23:41:12.828, 298.26, 100, 74232, 74
2026/07/28 23:41:13.863, 297.74, 100, 74232, 74
2026/07/28 23:41:14.897, 280.94, 100, 74232, 74
2026/07/28 23:41:15.933, 302.52, 100, 74232, 73
2026/07/28 23:41:16.971, 302.13, 100, 74232, 73
2026/07/28 23:41:18.007, 302.70, 100, 74232, 73
2026/07/28 23:41:19.045, 303.54, 100, 74232, 73
2026/07/28 23:41:20.081, 302.33, 100, 74232, 73
2026/07/28 23:41:21.120, 303.56, 100, 74232, 73
2026/07/28 23:41:22.158, 304.56, 100, 74232, 73
2026/07/28 23:41:23.196, 100.75, 0, 74232, 70
2026/07/28 23:41:24.230, 295.81, 100, 74232, 74
2026/07/28 23:41:25.265, 294.39, 100, 74232, 74
2026/07/28 23:41:26.304, 312.72, 100, 74232, 74
2026/07/28 23:41:27.339, 270.34, 100, 74232, 74
2026/07/28 23:41:28.376, 308.90, 100, 74232, 75
2026/07/28 23:41:29.411, 327.08, 100, 74232, 75
2026/07/28 23:41:30.447, 301.85, 100, 74232, 73
2026/07/28 23:41:31.485, 303.19, 100, 74232, 73
2026/07/28 23:41:32.523, 302.62, 100, 74232, 73
2026/07/28 23:41:33.561, 302.60, 100, 74232, 73
2026/07/28 23:41:34.599, 302.77, 100, 74232, 73
2026/07/28 23:41:35.636, 303.00, 100, 74232, 73
2026/07/28 23:41:36.675, 303.20, 100, 74232, 73
2026/07/28 23:41:37.713, 297.55, 100, 74232, 73
2026/07/28 23:41:38.752, 297.43, 100, 74232, 73
2026/07/28 23:41:39.791, 300.18, 100, 74232, 73
2026/07/28 23:41:40.828, 296.21, 100, 74232, 73
2026/07/28 23:41:41.869, 297.46, 100, 74232, 73
2026/07/28 23:41:42.908, 303.38, 100, 74232, 75
2026/07/28 23:41:43.942, 304.47, 100, 74232, 75
2026/07/28 23:41:44.976, 307.67, 100, 74232, 75
2026/07/28 23:41:46.013, 325.29, 100, 74232, 75
2026/07/28 23:41:47.053, 300.17, 100, 74232, 75
2026/07/28 23:41:48.088, 284.71, 100, 74232, 75
2026/07/28 23:41:49.125, 291.17, 100, 74232, 74
2026/07/28 23:41:50.169, 288.58, 100, 74232, 73
2026/07/28 23:41:51.211, 284.40, 100, 74232, 73
2026/07/28 23:41:52.250, 288.96, 100, 74232, 73
2026/07/28 23:41:53.288, 100.92, 0, 74232, 70
2026/07/28 23:41:54.324, 298.60, 100, 74232, 75
2026/07/28 23:41:55.358, 297.91, 100, 74232, 75
2026/07/28 23:41:56.393, 293.08, 100, 74232, 75
2026/07/28 23:41:57.432, 286.72, 100, 74232, 75
2026/07/28 23:41:58.466, 307.61, 100, 74232, 75
2026/07/28 23:41:59.501, 311.46, 100, 74232, 75
2026/07/28 23:42:00.539, 306.56, 100, 74232, 75
2026/07/28 23:42:01.580, 284.10, 100, 74232, 73
2026/07/28 23:42:02.620, 289.08, 100, 74232, 73
2026/07/28 23:42:03.657, 289.46, 100, 74232, 73
2026/07/28 23:42:04.694, 288.79, 100, 74232, 73
2026/07/28 23:42:05.734, 309.34, 100, 74232, 76
2026/07/28 23:42:06.770, 305.50, 100, 74232, 76
2026/07/28 23:42:07.809, 296.18, 100, 74232, 76
2026/07/28 23:42:08.845, 296.02, 100, 74232, 76
2026/07/28 23:42:09.880, 302.98, 100, 74232, 76
2026/07/28 23:42:10.915, 298.12, 100, 74232, 75
2026/07/28 23:42:11.958, 304.71, 100, 74232, 75
2026/07/28 23:42:12.994, 305.88, 100, 74232, 74
2026/07/28 23:42:14.036, 304.27, 100, 74232, 74
2026/07/28 23:42:15.075, 301.53, 100, 74232, 74
2026/07/28 23:42:16.112, 297.06, 100, 74232, 74
2026/07/28 23:42:17.150, 297.45, 100, 74232, 74
2026/07/28 23:42:18.189, 298.99, 100, 74232, 74
2026/07/28 23:42:19.228, 296.85, 100, 74232, 74
2026/07/28 23:42:20.266, 298.06, 100, 74232, 74
2026/07/28 23:42:21.313, 294.62, 100, 74232, 74
2026/07/28 23:42:22.356, 290.17, 100, 74232, 74
2026/07/28 23:42:23.394, 289.46, 100, 74232, 74
2026/07/28 23:42:24.436, 289.64, 100, 74232, 74
2026/07/28 23:42:25.475, 296.08, 100, 74232, 74
2026/07/28 23:42:26.513, 100.80, 0, 74232, 71
2026/07/28 23:42:27.547, 295.10, 100, 74232, 75
2026/07/28 23:42:28.583, 289.26, 100, 74232, 73
2026/07/28 23:42:29.621, 293.00, 100, 74232, 73
2026/07/28 23:42:30.658, 287.71, 100, 74232, 73
2026/07/28 23:42:31.697, 293.84, 100, 74232, 73
2026/07/28 23:42:32.734, 295.69, 100, 74232, 73
2026/07/28 23:42:33.773, 295.10, 100, 74232, 73
2026/07/28 23:42:34.810, 295.03, 100, 74232, 73
2026/07/28 23:42:35.847, 296.95, 100, 74232, 73
2026/07/28 23:42:36.885, 295.59, 100, 74232, 73
2026/07/28 23:42:37.922, 294.13, 100, 74232, 73
2026/07/28 23:42:38.961, 295.89, 100, 74232, 73
2026/07/28 23:42:39.997, 294.44, 100, 74232, 73
2026/07/28 23:42:41.034, 292.29, 100, 74232, 73
2026/07/28 23:42:42.072, 293.76, 100, 74232, 73
2026/07/28 23:42:43.109, 294.14, 100, 74232, 73
2026/07/28 23:42:44.146, 297.25, 100, 74232, 73
2026/07/28 23:42:45.186, 302.77, 100, 74232, 73
2026/07/28 23:42:46.224, 302.96, 100, 74232, 73
2026/07/28 23:42:47.261, 304.08, 100, 74232, 73
2026/07/28 23:42:48.301, 299.76, 100, 74232, 73
2026/07/28 23:42:49.338, 305.05, 100, 74232, 73
2026/07/28 23:42:50.375, 303.58, 100, 74232, 73
2026/07/28 23:42:51.413, 296.67, 100, 74232, 73
2026/07/28 23:42:52.450, 293.56, 100, 74232, 73
2026/07/28 23:42:53.487, 303.29, 100, 74232, 73
2026/07/28 23:42:54.525, 302.02, 100, 74232, 73
2026/07/28 23:42:55.562, 302.72, 100, 74232, 73
2026/07/28 23:42:56.599, 301.24, 100, 74232, 73
2026/07/28 23:42:57.636, 303.35, 100, 74232, 73
2026/07/28 23:42:58.673, 295.70, 100, 74232, 73
2026/07/28 23:42:59.710, 294.84, 100, 74232, 73
2026/07/28 23:43:00.747, 297.26, 100, 74232, 73
2026/07/28 23:43:01.785, 306.00, 100, 74232, 73
2026/07/28 23:43:02.821, 298.32, 100, 74232, 73
2026/07/28 23:43:03.858, 298.71, 100, 74232, 73
2026/07/28 23:43:04.894, 302.77, 100, 74232, 73
2026/07/28 23:43:05.931, 300.96, 100, 74232, 73
2026/07/28 23:43:06.968, 301.64, 100, 74232, 73
2026/07/28 23:43:08.005, 304.65, 100, 74232, 73
2026/07/28 23:43:09.044, 301.73, 100, 74232, 73
2026/07/28 23:43:10.081, 302.52, 100, 74232, 73
2026/07/28 23:43:11.119, 302.40, 100, 74232, 73
2026/07/28 23:43:12.156, 294.53, 100, 74232, 73
2026/07/28 23:43:13.196, 291.13, 100, 74232, 73
2026/07/28 23:43:14.233, 294.92, 100, 74232, 73
2026/07/28 23:43:15.269, 296.85, 100, 74232, 73
2026/07/28 23:43:16.306, 301.26, 100, 74232, 73
2026/07/28 23:43:17.346, 294.52, 100, 74232, 73
2026/07/28 23:43:18.384, 300.95, 100, 74232, 73
2026/07/28 23:43:19.421, 300.63, 100, 74232, 73
2026/07/28 23:43:20.462, 305.93, 100, 74232, 73
2026/07/28 23:43:21.500, 295.60, 100, 74232, 73
2026/07/28 23:43:22.536, 295.32, 100, 74232, 73
2026/07/28 23:43:23.581, 294.55, 100, 74232, 73
2026/07/28 23:43:24.617, 294.05, 100, 74232, 73
2026/07/28 23:43:25.653, 293.93, 100, 74232, 73
2026/07/28 23:43:26.689, 295.30, 100, 74232, 73
2026/07/28 23:43:27.725, 293.66, 100, 74232, 73
2026/07/28 23:43:28.760, 299.10, 100, 74232, 73
2026/07/28 23:43:29.797, 299.28, 100, 74232, 73
2026/07/28 23:43:30.839, 302.72, 100, 74232, 73
2026/07/28 23:43:31.876, 301.94, 100, 74232, 73
2026/07/28 23:43:32.912, 303.00, 100, 74232, 73
2026/07/28 23:43:33.950, 301.65, 100, 74232, 73
2026/07/28 23:43:34.988, 301.34, 100, 74232, 73
2026/07/28 23:43:36.025, 301.24, 100, 74232, 73
2026/07/28 23:43:37.062, 302.01, 100, 74232, 73
2026/07/28 23:43:38.100, 301.69, 100, 74232, 73
2026/07/28 23:43:39.136, 294.43, 100, 74232, 73
2026/07/28 23:43:40.174, 294.85, 100, 74232, 73
2026/07/28 23:43:41.213, 294.25, 100, 74232, 73
2026/07/28 23:43:42.250, 291.50, 100, 74232, 73
2026/07/28 23:43:43.286, 293.46, 100, 74232, 73
2026/07/28 23:43:44.324, 293.85, 100, 74232, 73
2026/07/28 23:43:45.362, 289.77, 100, 74232, 73
2026/07/28 23:43:46.399, 293.28, 100, 74232, 73
2026/07/28 23:43:47.435, 296.10, 100, 74232, 73
2026/07/28 23:43:48.474, 303.68, 100, 74232, 73
2026/07/28 23:43:49.511, 300.95, 100, 74232, 73
2026/07/28 23:43:50.554, 297.36, 100, 74232, 73
2026/07/28 23:43:51.591, 296.67, 100, 74232, 73
2026/07/28 23:43:52.629, 294.52, 100, 74232, 73
2026/07/28 23:43:53.667, 294.42, 100, 74232, 73
2026/07/28 23:43:54.704, 293.85, 100, 74232, 73
2026/07/28 23:43:55.746, 295.50, 100, 74232, 73
2026/07/28 23:43:56.788, 294.13, 100, 74232, 73
2026/07/28 23:43:57.826, 300.26, 100, 74232, 73
2026/07/28 23:43:58.864, 302.71, 100, 74232, 73
2026/07/28 23:43:59.902, 300.66, 100, 74232, 74
2026/07/28 23:44:00.937, 299.59, 100, 74232, 74
2026/07/28 23:44:01.972, 299.56, 100, 74232, 74
2026/07/28 23:44:03.013, 315.33, 100, 74232, 74
2026/07/28 23:44:04.048, 329.42, 100, 74232, 74
2026/07/28 23:44:05.083, 282.75, 100, 74232, 74
2026/07/28 23:44:06.119, 297.91, 100, 74232, 72
2026/07/28 23:44:07.160, 294.53, 100, 74232, 72
2026/07/28 23:44:08.197, 295.89, 100, 74232, 72
2026/07/28 23:44:09.234, 297.34, 100, 74232, 73
2026/07/28 23:44:10.272, 294.54, 100, 74232, 73
2026/07/28 23:44:11.310, 294.93, 100, 74232, 73
2026/07/28 23:44:12.347, 296.38, 100, 74232, 73
2026/07/28 23:44:13.389, 295.31, 100, 74232, 73
2026/07/28 23:44:14.428, 361.29, 0, 74232, 73
2026/07/28 23:44:15.464, 298.31, 100, 74232, 74
2026/07/28 23:44:16.500, 297.55, 100, 74232, 74
2026/07/28 23:44:17.535, 284.98, 100, 74232, 74
2026/07/28 23:44:18.570, 311.74, 100, 74232, 75
2026/07/28 23:44:19.606, 284.45, 100, 74232, 74
2026/07/28 23:44:20.644, 296.94, 100, 74232, 73
2026/07/28 23:44:21.682, 291.11, 100, 74232, 72
2026/07/28 23:44:22.724, 295.29, 100, 74232, 73
2026/07/28 23:44:23.762, 295.39, 100, 74232, 73
2026/07/28 23:44:24.800, 294.33, 100, 74232, 73
2026/07/28 23:44:25.839, 295.12, 100, 74232, 73
2026/07/28 23:44:26.877, 298.82, 100, 74232, 73
2026/07/28 23:44:27.914, 302.03, 100, 74232, 73
2026/07/28 23:44:28.952, 303.68, 100, 74232, 73
2026/07/28 23:44:29.990, 302.98, 100, 74232, 73
2026/07/28 23:44:31.028, 299.39, 100, 74232, 73
2026/07/28 23:44:32.066, 302.81, 100, 74232, 73
2026/07/28 23:44:33.104, 303.00, 100, 74232, 73
2026/07/28 23:44:34.142, 303.40, 100, 74232, 73
2026/07/28 23:44:35.180, 327.64, 0, 74232, 74
2026/07/28 23:44:36.217, 293.84, 100, 74232, 75
2026/07/28 23:44:37.258, 296.83, 100, 74232, 75
2026/07/28 23:44:38.293, 298.50, 100, 74232, 74
2026/07/28 23:44:39.332, 285.85, 100, 74232, 75
2026/07/28 23:44:40.367, 313.48, 100, 74232, 75
2026/07/28 23:44:41.401, 303.25, 100, 74232, 74
2026/07/28 23:44:42.438, 283.80, 100, 74232, 73
2026/07/28 23:44:43.477, 286.02, 100, 74232, 73
2026/07/28 23:44:44.523, 288.30, 100, 74232, 73
2026/07/28 23:44:45.561, 100.13, 0, 74232, 70
2026/07/28 23:44:46.594, 300.88, 100, 74232, 74
2026/07/28 23:44:47.628, 307.26, 100, 74232, 74
2026/07/28 23:44:48.664, 279.68, 100, 74232, 74
2026/07/28 23:44:49.699, 314.45, 100, 74232, 75
2026/07/28 23:44:50.737, 298.55, 100, 74232, 74
2026/07/28 23:44:51.772, 299.40, 100, 74232, 74
2026/07/28 23:44:52.806, 303.80, 100, 74232, 73
2026/07/28 23:44:53.845, 303.10, 100, 74232, 73
2026/07/28 23:44:54.882, 302.86, 100, 74232, 73
2026/07/28 23:44:55.919, 98.75, 12, 74232, 70
2026/07/28 23:44:56.952, 296.18, 100, 74232, 74
2026/07/28 23:44:57.988, 305.13, 100, 74232, 74
2026/07/28 23:44:59.025, 296.37, 100, 74232, 75
2026/07/28 23:45:00.060, 306.60, 100, 74232, 74
2026/07/28 23:45:01.096, 278.35, 100, 74232, 75
2026/07/28 23:45:02.132, 298.76, 100, 74232, 75
2026/07/28 23:45:03.172, 299.11, 100, 74232, 73
2026/07/28 23:45:04.209, 301.74, 100, 74232, 73
2026/07/28 23:45:05.245, 304.65, 100, 74232, 73
2026/07/28 23:45:06.281, 100.93, 0, 74232, 70
2026/07/28 23:45:07.384, 294.16, 100, 74232, 75
2026/07/28 23:45:08.417, 301.45, 100, 74232, 75
2026/07/28 23:45:09.456, 306.19, 100, 74232, 75
2026/07/28 23:45:10.492, 313.12, 100, 74232, 75
2026/07/28 23:45:11.527, 312.37, 100, 74232, 75
2026/07/28 23:45:12.568, 290.05, 100, 74232, 75
2026/07/28 23:45:13.604, 301.44, 100, 74232, 73
2026/07/28 23:45:14.642, 300.44, 100, 74232, 73
2026/07/28 23:45:15.680, 295.61, 100, 74232, 73
2026/07/28 23:45:16.717, 303.58, 100, 74232, 73
2026/07/28 23:45:17.755, 304.27, 100, 74232, 74
2026/07/28 23:45:18.793, 289.84, 78, 74232, 74
2026/07/28 23:45:19.828, 294.33, 100, 74232, 75
2026/07/28 23:45:20.867, 291.30, 100, 74232, 75
2026/07/28 23:45:21.903, 303.30, 100, 74232, 75
2026/07/28 23:45:22.938, 275.70, 100, 74232, 75
2026/07/28 23:45:23.976, 269.38, 100, 74232, 75
2026/07/28 23:45:25.011, 300.43, 100, 74232, 75
2026/07/28 23:45:26.046, 304.37, 100, 74232, 74
2026/07/28 23:45:27.090, 284.99, 100, 74232, 74
2026/07/28 23:45:28.128, 293.09, 100, 74232, 74
2026/07/28 23:45:29.166, 298.52, 100, 74232, 74
2026/07/28 23:45:30.203, 100.82, 0, 74232, 71
2026/07/28 23:45:31.237, 280.92, 100, 74232, 75
2026/07/28 23:45:32.274, 297.49, 100, 74232, 75
2026/07/28 23:45:33.311, 306.48, 100, 74232, 75
2026/07/28 23:45:34.347, 283.91, 100, 74232, 75
2026/07/28 23:45:35.385, 281.30, 100, 74232, 75
2026/07/28 23:45:36.420, 305.19, 100, 74232, 76
2026/07/28 23:45:37.459, 304.16, 100, 74232, 74
2026/07/28 23:45:38.498, 302.78, 100, 74232, 74
2026/07/28 23:45:39.537, 303.88, 100, 74232, 74
2026/07/28 23:45:40.578, 304.17, 100, 74232, 74
2026/07/28 23:45:41.622, 104.20, 0, 74232, 71
2026/07/28 23:45:42.656, 300.24, 100, 74232, 75
2026/07/28 23:45:43.692, 300.81, 100, 74232, 75
2026/07/28 23:45:44.727, 305.81, 100, 74232, 75
2026/07/28 23:45:45.765, 285.84, 100, 74232, 75
2026/07/28 23:45:46.801, 269.61, 100, 74232, 75
2026/07/28 23:45:47.837, 278.13, 100, 74232, 76
2026/07/28 23:45:48.873, 298.15, 100, 74232, 74
2026/07/28 23:45:49.913, 303.00, 100, 74232, 74
2026/07/28 23:45:50.951, 298.22, 100, 74232, 74
2026/07/28 23:45:51.988, 177.34, 100, 74232, 72
2026/07/28 23:45:53.022, 293.27, 100, 74232, 75
2026/07/28 23:45:54.062, 300.94, 100, 74232, 75
2026/07/28 23:45:55.098, 307.36, 100, 74232, 76
2026/07/28 23:45:56.135, 304.01, 100, 74232, 76
2026/07/28 23:45:57.170, 285.14, 100, 74232, 76
2026/07/28 23:45:58.206, 292.84, 100, 74232, 76
2026/07/28 23:45:59.247, 286.24, 100, 74232, 76
2026/07/28 23:46:00.282, 293.86, 100, 74232, 74
2026/07/28 23:46:01.320, 296.87, 100, 74232, 74
2026/07/28 23:46:02.358, 297.35, 100, 74232, 74
2026/07/28 23:46:03.396, 296.97, 100, 74232, 74
2026/07/28 23:46:04.434, 296.69, 100, 74232, 74
2026/07/28 23:46:05.471, 101.65, 0, 74232, 71
2026/07/28 23:46:06.505, 302.28, 100, 74232, 75
2026/07/28 23:46:07.540, 294.94, 100, 74232, 76
2026/07/28 23:46:08.576, 274.96, 100, 74232, 76
2026/07/28 23:46:09.613, 315.79, 100, 74232, 75
2026/07/28 23:46:10.649, 289.95, 100, 74232, 76
2026/07/28 23:46:11.687, 312.76, 100, 74232, 76
2026/07/28 23:46:12.722, 303.99, 100, 74232, 74
2026/07/28 23:46:13.760, 303.58, 100, 74232, 74
2026/07/28 23:46:14.799, 303.48, 100, 74232, 74
2026/07/28 23:46:15.837, 303.17, 100, 74232, 74
2026/07/28 23:46:16.877, 296.78, 100, 74232, 74
2026/07/28 23:46:17.915, 293.57, 24, 74232, 74
2026/07/28 23:46:18.949, 306.85, 100, 74232, 75
2026/07/28 23:46:19.984, 294.92, 100, 74232, 75
2026/07/28 23:46:21.021, 304.59, 100, 74232, 75
2026/07/28 23:46:22.057, 274.50, 100, 74232, 75
2026/07/28 23:46:23.099, 305.26, 100, 74232, 75
2026/07/28 23:46:24.134, 317.34, 100, 74232, 76
2026/07/28 23:46:25.170, 303.59, 100, 74232, 74
2026/07/28 23:46:26.210, 301.54, 100, 74232, 74
2026/07/28 23:46:27.247, 301.74, 100, 74232, 74
2026/07/28 23:46:28.284, 295.99, 100, 74232, 74
2026/07/28 23:46:29.322, 304.46, 100, 74232, 74
2026/07/28 23:46:30.359, 100.32, 0, 74232, 70
2026/07/28 23:46:31.392, 298.90, 100, 74232, 75
2026/07/28 23:46:32.434, 300.85, 100, 74232, 75
2026/07/28 23:46:33.470, 290.35, 100, 74232, 75
2026/07/28 23:46:34.509, 288.02, 100, 74232, 75
2026/07/28 23:46:35.546, 276.79, 100, 74232, 75
2026/07/28 23:46:36.588, 286.55, 100, 74232, 75
2026/07/28 23:46:37.624, 289.96, 100, 74232, 75
2026/07/28 23:46:38.660, 304.76, 100, 74232, 73
2026/07/28 23:46:39.699, 289.37, 100, 74232, 74
2026/07/28 23:46:40.737, 295.90, 100, 74232, 74
2026/07/28 23:46:41.775, 293.28, 100, 74232, 74
2026/07/28 23:46:42.813, 297.08, 100, 74232, 74
2026/07/28 23:46:43.851, 297.44, 100, 74232, 74
2026/07/28 23:46:44.888, 296.96, 100, 74232, 74
2026/07/28 23:46:45.927, 293.65, 100, 74232, 74
2026/07/28 23:46:46.965, 100.72, 0, 74232, 71
2026/07/28 23:46:47.998, 280.20, 100, 74232, 73
2026/07/28 23:46:49.043, 291.62, 100, 74232, 73
2026/07/28 23:46:50.082, 296.17, 100, 74232, 73
2026/07/28 23:46:51.119, 297.15, 100, 74232, 74
2026/07/28 23:46:52.157, 295.20, 100, 74232, 74
2026/07/28 23:46:53.194, 295.70, 100, 74232, 74
2026/07/28 23:46:54.233, 295.20, 100, 74232, 74
2026/07/28 23:46:55.271, 295.21, 100, 74232, 74
2026/07/28 23:46:56.307, 295.02, 100, 74232, 74
2026/07/28 23:46:57.345, 297.35, 100, 74232, 74
2026/07/28 23:46:58.385, 294.52, 100, 74232, 73
2026/07/28 23:46:59.429, 295.60, 100, 74232, 73
2026/07/28 23:47:00.468, 300.84, 100, 74232, 73
2026/07/28 23:47:01.505, 294.44, 100, 74232, 73
2026/07/28 23:47:02.542, 307.04, 100, 74232, 73
2026/07/28 23:47:03.580, 298.80, 100, 74232, 73
2026/07/28 23:47:04.618, 294.73, 100, 74232, 73
2026/07/28 23:47:05.657, 305.48, 100, 74232, 73
2026/07/28 23:47:06.694, 302.23, 100, 74232, 73
2026/07/28 23:47:07.732, 298.23, 100, 74232, 73
2026/07/28 23:47:08.770, 303.27, 100, 74232, 73
2026/07/28 23:47:09.808, 303.27, 100, 74232, 73
2026/07/28 23:47:10.846, 304.07, 100, 74232, 73
2026/07/28 23:47:11.883, 303.00, 100, 74232, 73
2026/07/28 23:47:12.920, 301.73, 100, 74232, 73
2026/07/28 23:47:13.958, 302.66, 100, 74232, 73
2026/07/28 23:47:14.996, 294.63, 100, 74232, 73
2026/07/28 23:47:16.036, 294.15, 100, 74232, 73
2026/07/28 23:47:17.074, 297.24, 100, 74232, 73
2026/07/28 23:47:18.112, 291.42, 100, 74232, 73
2026/07/28 23:47:19.150, 299.02, 100, 74232, 73
2026/07/28 23:47:20.189, 301.37, 100, 74232, 73
2026/07/28 23:47:21.229, 297.05, 100, 74232, 73
2026/07/28 23:47:22.268, 300.44, 100, 74232, 73
2026/07/28 23:47:23.305, 302.02, 100, 74232, 73
2026/07/28 23:47:24.343, 304.35, 100, 74232, 73
2026/07/28 23:47:25.382, 297.93, 100, 74232, 73
2026/07/28 23:47:26.420, 301.23, 100, 74232, 73
2026/07/28 23:47:27.457, 302.91, 100, 74232, 73
2026/07/28 23:47:28.495, 303.64, 100, 74232, 73
2026/07/28 23:47:29.533, 302.14, 100, 74232, 73
2026/07/28 23:47:30.572, 302.39, 100, 74232, 73
2026/07/28 23:47:31.610, 302.73, 100, 74232, 73
2026/07/28 23:47:32.647, 301.73, 100, 74232, 73
2026/07/28 23:47:33.688, 302.99, 100, 74232, 73
2026/07/28 23:47:34.726, 294.23, 100, 74232, 73
2026/07/28 23:47:35.763, 292.87, 100, 74232, 73
2026/07/28 23:47:36.801, 291.91, 100, 74232, 73
2026/07/28 23:47:37.840, 299.31, 100, 74232, 73
2026/07/28 23:47:38.880, 303.20, 100, 74232, 73
2026/07/28 23:47:39.918, 294.63, 100, 74232, 73
2026/07/28 23:47:40.955, 297.85, 100, 74232, 73
2026/07/28 23:47:41.996, 303.00, 100, 74232, 73
2026/07/28 23:47:43.033, 298.23, 100, 74232, 73
2026/07/28 23:47:44.072, 303.10, 100, 74232, 73
2026/07/28 23:47:45.110, 301.42, 100, 74232, 73
2026/07/28 23:47:46.148, 304.22, 100, 74232, 73
2026/07/28 23:47:47.186, 303.75, 100, 74232, 73
2026/07/28 23:47:48.223, 300.57, 100, 74232, 73
2026/07/28 23:47:49.261, 302.01, 100, 74232, 73
2026/07/28 23:47:50.298, 302.10, 100, 74232, 73
2026/07/28 23:47:51.336, 302.97, 100, 74232, 73
2026/07/28 23:47:52.374, 301.45, 100, 74232, 73
2026/07/28 23:47:53.411, 294.25, 100, 74232, 73
2026/07/28 23:47:54.449, 294.83, 100, 74232, 73
2026/07/28 23:47:55.488, 293.56, 100, 74232, 73
2026/07/28 23:47:56.527, 293.96, 100, 74232, 73
2026/07/28 23:47:57.566, 291.30, 100, 74232, 73
2026/07/28 23:47:58.603, 293.36, 100, 74232, 73
2026/07/28 23:47:59.641, 296.78, 100, 74232, 73
2026/07/28 23:48:00.678, 296.10, 100, 74232, 73
2026/07/28 23:48:01.717, 293.94, 100, 74232, 73
2026/07/28 23:48:02.755, 300.47, 100, 74232, 73
2026/07/28 23:48:03.794, 293.06, 100, 74232, 73
2026/07/28 23:48:04.831, 294.23, 100, 74232, 73
2026/07/28 23:48:05.873, 292.10, 100, 74232, 73
2026/07/28 23:48:06.912, 299.12, 100, 74232, 73
2026/07/28 23:48:07.950, 299.39, 100, 74232, 73
2026/07/28 23:48:08.990, 295.31, 100, 74232, 73
2026/07/28 23:48:10.028, 299.69, 100, 74232, 73
2026/07/28 23:48:11.066, 304.45, 100, 74232, 73
2026/07/28 23:48:12.105, 302.43, 100, 74232, 73
2026/07/28 23:48:13.142, 297.46, 100, 74232, 74
2026/07/28 23:48:14.184, 300.07, 100, 74232, 74
2026/07/28 23:48:15.220, 306.59, 100, 74232, 74
2026/07/28 23:48:16.259, 298.80, 100, 74232, 74
2026/07/28 23:48:17.294, 288.59, 100, 74232, 74
2026/07/28 23:48:18.330, 323.58, 100, 74232, 74
2026/07/28 23:48:19.371, 302.51, 100, 74232, 73
2026/07/28 23:48:20.409, 301.83, 100, 74232, 73
2026/07/28 23:48:21.447, 302.51, 100, 74232, 73
2026/07/28 23:48:22.486, 302.60, 100, 74232, 73
2026/07/28 23:48:23.523, 301.81, 100, 74232, 73
2026/07/28 23:48:24.567, 295.88, 100, 74232, 73
2026/07/28 23:48:25.605, 295.52, 100, 74232, 73
2026/07/28 23:48:26.643, 298.38, 100, 74232, 74
2026/07/28 23:48:27.678, 296.77, 100, 74232, 75
2026/07/28 23:48:28.715, 286.63, 100, 74232, 75
2026/07/28 23:48:29.750, 273.28, 100, 74232, 75
2026/07/28 23:48:30.789, 303.35, 100, 74232, 75
2026/07/28 23:48:31.824, 305.39, 100, 74232, 75
2026/07/28 23:48:32.860, 302.02, 100, 74232, 73
2026/07/28 23:48:33.899, 303.40, 100, 74232, 73
2026/07/28 23:48:34.936, 304.30, 100, 74232, 73
2026/07/28 23:48:35.976, 297.73, 100, 74232, 73
2026/07/28 23:48:37.015, 294.33, 100, 74232, 73
2026/07/28 23:48:38.054, 293.08, 100, 74232, 73
2026/07/28 23:48:39.092, 97.36, 100, 74232, 71
2026/07/28 23:48:40.124, 304.25, 100, 74232, 75
2026/07/28 23:48:41.159, 298.92, 100, 74232, 75
2026/07/28 23:48:42.195, 299.47, 100, 74232, 75
2026/07/28 23:48:43.233, 288.03, 100, 74232, 75
2026/07/28 23:48:44.268, 278.51, 100, 74232, 75
2026/07/28 23:48:45.309, 285.29, 100, 74232, 75
2026/07/28 23:48:46.344, 301.75, 100, 74232, 73
2026/07/28 23:48:47.382, 294.92, 100, 74232, 73
2026/07/28 23:48:48.420, 303.27, 100, 74232, 73
2026/07/28 23:48:49.457, 303.02, 100, 74232, 73
2026/07/28 23:48:50.495, 101.52, 4, 74232, 70
2026/07/28 23:48:51.528, 294.52, 100, 74232, 74
2026/07/28 23:48:52.563, 300.53, 100, 74232, 75
2026/07/28 23:48:53.599, 280.76, 100, 74232, 75
2026/07/28 23:48:54.634, 282.58, 100, 74232, 75
2026/07/28 23:48:55.669, 309.53, 100, 74232, 75
2026/07/28 23:48:56.704, 253.72, 100, 74232, 75
2026/07/28 23:48:57.742, 302.60, 100, 74232, 73
2026/07/28 23:48:58.780, 303.79, 100, 74232, 73
2026/07/28 23:48:59.818, 302.99, 100, 74232, 73
2026/07/28 23:49:00.855, 303.21, 100, 74232, 73
2026/07/28 23:49:01.893, 295.90, 100, 74232, 73
2026/07/28 23:49:02.930, 306.81, 100, 74232, 75
2026/07/28 23:49:03.965, 300.47, 100, 74232, 75
2026/07/28 23:49:05.000, 292.11, 100, 74232, 75
2026/07/28 23:49:06.034, 278.96, 100, 74232, 75
2026/07/28 23:49:07.068, 288.87, 100, 74232, 75
2026/07/28 23:49:08.103, 270.88, 100, 74232, 75
2026/07/28 23:49:09.138, 303.36, 100, 74232, 74
2026/07/28 23:49:10.177, 284.80, 100, 74232, 73
2026/07/28 23:49:11.216, 293.00, 100, 74232, 73
2026/07/28 23:49:12.254, 292.28, 100, 74232, 73
2026/07/28 23:49:13.292, 295.89, 100, 74232, 73
2026/07/28 23:49:14.333, 284.98, 100, 74232, 73
2026/07/28 23:49:15.372, 286.94, 100, 74232, 73
2026/07/28 23:49:16.410, 290.73, 100, 74232, 74
2026/07/28 23:49:17.450, 296.18, 100, 74232, 74
2026/07/28 23:49:18.488, 296.57, 100, 74232, 74
2026/07/28 23:49:19.526, 296.00, 100, 74232, 74
2026/07/28 23:49:20.572, 299.69, 100, 74232, 74
2026/07/28 23:49:21.611, 296.38, 100, 74232, 74
2026/07/28 23:49:22.649, 297.86, 100, 74232, 74
2026/07/28 23:49:23.688, 304.06, 100, 74232, 74
2026/07/28 23:49:24.726, 304.57, 100, 74232, 74
2026/07/28 23:49:25.767, 100.32, 0, 74232, 70
2026/07/28 23:49:26.800, 303.08, 100, 74232, 75
2026/07/28 23:49:27.836, 298.99, 100, 74232, 75
2026/07/28 23:49:28.871, 302.72, 100, 74232, 75
2026/07/28 23:49:29.906, 312.36, 100, 74232, 74
2026/07/28 23:49:30.943, 294.32, 100, 74232, 75
2026/07/28 23:49:31.983, 277.05, 100, 74232, 75
2026/07/28 23:49:33.020, 291.02, 100, 74232, 73
2026/07/28 23:49:34.059, 301.05, 100, 74232, 73
2026/07/28 23:49:35.096, 291.71, 100, 74232, 73
2026/07/28 23:49:36.135, 294.54, 100, 74232, 73
2026/07/28 23:49:37.173, 303.19, 100, 74232, 73
2026/07/28 23:49:38.212, 305.33, 46, 74232, 74
2026/07/28 23:49:39.249, 298.02, 100, 74232, 73
2026/07/28 23:49:40.288, 303.00, 100, 74232, 73
2026/07/28 23:49:41.329, 302.93, 100, 74232, 73
2026/07/28 23:49:42.367, 301.25, 100, 74232, 73
2026/07/28 23:49:43.405, 301.02, 100, 74232, 73
2026/07/28 23:49:44.446, 304.16, 100, 74232, 73
2026/07/28 23:49:45.484, 298.81, 100, 74232, 73
2026/07/28 23:49:46.521, 298.22, 100, 74232, 73
2026/07/28 23:49:47.558, 300.25, 100, 74232, 73
2026/07/28 23:49:48.595, 302.32, 100, 74232, 73
2026/07/28 23:49:49.634, 303.59, 100, 74232, 73
2026/07/28 23:49:50.673, 292.38, 100, 74232, 73
2026/07/28 23:49:51.712, 291.61, 100, 74232, 73
2026/07/28 23:49:52.750, 294.81, 100, 74232, 73
2026/07/28 23:49:53.787, 293.47, 100, 74232, 73
2026/07/28 23:49:54.825, 296.27, 100, 74232, 73
2026/07/28 23:49:55.866, 301.50, 100, 74232, 73
2026/07/28 23:49:56.906, 292.28, 100, 74232, 73
2026/07/28 23:49:57.945, 299.39, 100, 74232, 73
2026/07/28 23:49:58.981, 294.92, 100, 74232, 73
2026/07/28 23:50:00.020, 294.25, 100, 74232, 73
2026/07/28 23:50:01.058, 294.64, 100, 74232, 73
2026/07/28 23:50:02.098, 297.55, 100, 74232, 73
2026/07/28 23:50:03.135, 300.95, 100, 74232, 73
2026/07/28 23:50:04.173, 302.11, 100, 74232, 73
2026/07/28 23:50:05.213, 303.00, 100, 74232, 73
2026/07/28 23:50:06.250, 301.36, 100, 74232, 73
2026/07/28 23:50:07.288, 302.13, 100, 74232, 73
2026/07/28 23:50:08.326, 301.15, 100, 74232, 73
2026/07/28 23:50:09.365, 301.95, 100, 74232, 73
2026/07/28 23:50:10.405, 300.35, 100, 74232, 73
2026/07/28 23:50:11.444, 302.96, 100, 74232, 73
2026/07/28 23:50:12.481, 300.57, 100, 74232, 73
2026/07/28 23:50:13.520, 302.22, 100, 74232, 73
2026/07/28 23:50:14.558, 303.00, 100, 74232, 73
2026/07/28 23:50:15.596, 303.27, 100, 74232, 73
2026/07/28 23:50:16.633, 303.19, 100, 74232, 73
2026/07/28 23:50:17.672, 300.76, 100, 74232, 73
2026/07/28 23:50:18.710, 302.47, 100, 74232, 73
2026/07/28 23:50:19.750, 293.27, 100, 74232, 73
2026/07/28 23:50:20.787, 295.11, 100, 74232, 73
2026/07/28 23:50:21.825, 293.07, 100, 74232, 73
2026/07/28 23:50:22.865, 294.92, 100, 74232, 73
2026/07/28 23:50:23.904, 294.50, 100, 74232, 73
2026/07/28 23:50:24.943, 295.42, 100, 74232, 73
2026/07/28 23:50:25.983, 294.52, 100, 74232, 73
2026/07/28 23:50:27.022, 296.58, 100, 74232, 73
2026/07/28 23:50:28.060, 296.38, 100, 74232, 73
2026/07/28 23:50:29.098, 295.01, 100, 74232, 73
2026/07/28 23:50:30.136, 297.16, 100, 74232, 73
2026/07/28 23:50:31.175, 295.50, 100, 74232, 73
2026/07/28 23:50:32.215, 298.30, 100, 74232, 73
2026/07/28 23:50:33.252, 304.12, 100, 74232, 73
2026/07/28 23:50:34.292, 302.03, 100, 74232, 73
2026/07/28 23:50:35.329, 302.51, 100, 74232, 73
2026/07/28 23:50:36.367, 304.23, 100, 74232, 73
2026/07/28 23:50:37.406, 301.54, 100, 74232, 73
2026/07/28 23:50:38.444, 301.23, 100, 74232, 73
2026/07/28 23:50:39.482, 298.92, 100, 74232, 73
2026/07/28 23:50:40.520, 301.44, 100, 74232, 73
2026/07/28 23:50:41.561, 298.72, 100, 74232, 73
2026/07/28 23:50:42.599, 301.93, 100, 74232, 73
2026/07/28 23:50:43.637, 302.39, 100, 74232, 73
2026/07/28 23:50:44.674, 302.51, 100, 74232, 73
2026/07/28 23:50:45.712, 296.47, 100, 74232, 73
2026/07/28 23:50:46.750, 298.81, 100, 74232, 73
2026/07/28 23:50:47.791, 290.54, 100, 74232, 73
2026/07/28 23:50:48.829, 299.88, 100, 74232, 73
2026/07/28 23:50:49.867, 295.11, 100, 74232, 73
2026/07/28 23:50:50.905, 295.01, 100, 74232, 73
2026/07/28 23:50:51.943, 300.37, 100, 74232, 73
2026/07/28 23:50:52.981, 299.31, 100, 74232, 73
2026/07/28 23:50:54.019, 292.08, 100, 74232, 73
2026/07/28 23:50:55.057, 293.95, 100, 74232, 73
2026/07/28 23:50:56.095, 291.11, 100, 74232, 73
2026/07/28 23:50:57.134, 290.43, 100, 74232, 73
2026/07/28 23:50:58.171, 300.86, 100, 74232, 73
2026/07/28 23:50:59.209, 300.85, 100, 74232, 73
2026/07/28 23:51:00.247, 301.25, 100, 74232, 73
2026/07/28 23:51:01.285, 304.63, 100, 74232, 73
2026/07/28 23:51:02.324, 301.32, 100, 74232, 73
2026/07/28 23:51:03.362, 303.00, 100, 74232, 73
2026/07/28 23:51:04.400, 304.07, 100, 74232, 73
2026/07/28 23:51:05.437, 299.77, 100, 74232, 73
2026/07/28 23:51:06.475, 301.14, 100, 74232, 73
2026/07/28 23:51:07.512, 300.67, 100, 74232, 71
2026/07/28 23:51:08.545, 279.65, 100, 74232, 74
2026/07/28 23:51:09.580, 304.13, 100, 74232, 74
2026/07/28 23:51:10.619, 294.52, 100, 74232, 74
2026/07/28 23:51:11.655, 277.82, 100, 74232, 74
2026/07/28 23:51:12.690, 293.87, 100, 74232, 75
2026/07/28 23:51:13.726, 297.55, 100, 74232, 74
2026/07/28 23:51:14.776, 301.81, 100, 74232, 73
2026/07/28 23:51:15.816, 302.99, 100, 74232, 73
2026/07/28 23:51:16.853, 301.63, 100, 74232, 73
2026/07/28 23:51:17.899, 302.33, 100, 74232, 73
2026/07/28 23:51:18.938, 294.80, 100, 74232, 73
2026/07/28 23:51:19.976, 98.92, 0, 74232, 70
2026/07/28 23:51:21.010, 303.79, 100, 74232, 74
2026/07/28 23:51:22.045, 295.91, 100, 74232, 74
2026/07/28 23:51:23.080, 295.11, 100, 74232, 74
2026/07/28 23:51:24.119, 284.43, 100, 74232, 74
2026/07/28 23:51:25.156, 291.96, 100, 74232, 75
2026/07/28 23:51:26.191, 328.50, 100, 74232, 75
2026/07/28 23:51:27.227, 302.71, 100, 74232, 73
2026/07/28 23:51:28.265, 303.78, 100, 74232, 73
2026/07/28 23:51:29.302, 302.09, 100, 74232, 73
2026/07/28 23:51:30.338, 303.67, 100, 74232, 73
2026/07/28 23:51:31.376, 305.04, 100, 74232, 73
2026/07/28 23:51:32.412, 303.39, 100, 74232, 73
2026/07/28 23:51:33.449, 304.17, 100, 74232, 73
2026/07/28 23:51:34.487, 301.16, 100, 74232, 75
2026/07/28 23:51:35.521, 298.53, 100, 74232, 75
2026/07/28 23:51:36.555, 292.80, 100, 74232, 75
2026/07/28 23:51:37.589, 286.50, 100, 74232, 75
2026/07/28 23:51:38.624, 299.58, 100, 74232, 75
2026/07/28 23:51:39.659, 292.32, 100, 74232, 75
2026/07/28 23:51:40.700, 308.75, 100, 74232, 75
2026/07/28 23:51:41.735, 302.79, 100, 74232, 73
2026/07/28 23:51:42.773, 303.10, 100, 74232, 73
2026/07/28 23:51:43.811, 303.11, 100, 74232, 73
2026/07/28 23:51:44.849, 303.19, 100, 74232, 73
2026/07/28 23:51:45.885, 303.19, 100, 74232, 73
2026/07/28 23:51:46.921, 304.58, 100, 74232, 73
2026/07/28 23:51:47.959, 303.49, 100, 74232, 73
2026/07/28 23:51:49.000, 304.73, 100, 74232, 73
2026/07/28 23:51:50.038, 302.88, 100, 74232, 72
2026/07/28 23:51:51.073, 295.87, 100, 74232, 75
2026/07/28 23:51:52.166, 287.78, 100, 74232, 75
2026/07/28 23:51:53.201, 304.44, 100, 74232, 75
2026/07/28 23:51:54.237, 310.61, 100, 74232, 74
2026/07/28 23:51:55.273, 290.05, 100, 74232, 75
2026/07/28 23:51:56.308, 305.64, 100, 74232, 75
2026/07/28 23:51:57.348, 308.74, 100, 74232, 75
2026/07/28 23:51:58.382, 302.22, 100, 74232, 73
2026/07/28 23:51:59.421, 305.42, 100, 74232, 73
2026/07/28 23:52:00.459, 303.19, 100, 74232, 73
2026/07/28 23:52:01.499, 306.76, 100, 74232, 73
2026/07/28 23:52:02.537, 303.10, 100, 74232, 73
2026/07/28 23:52:03.575, 303.58, 100, 74232, 73
2026/07/28 23:52:04.614, 303.59, 100, 74232, 73
2026/07/28 23:52:05.651, 99.64, 0, 74232, 70
2026/07/28 23:52:06.686, 303.20, 100, 74232, 73
2026/07/28 23:52:07.724, 300.93, 100, 74232, 73
2026/07/28 23:52:08.762, 300.38, 100, 74232, 73
2026/07/28 23:52:09.799, 300.85, 100, 74232, 73
2026/07/28 23:52:10.838, 299.20, 100, 74232, 73
2026/07/28 23:52:11.876, 300.18, 100, 74232, 73
2026/07/28 23:52:12.914, 303.10, 100, 74232, 73
2026/07/28 23:52:13.952, 301.33, 100, 74232, 73
2026/07/28 23:52:14.991, 303.65, 100, 74232, 73
2026/07/28 23:52:16.029, 302.41, 100, 74232, 73
2026/07/28 23:52:17.067, 303.10, 100, 74232, 73
2026/07/28 23:52:18.105, 302.50, 100, 74232, 73
2026/07/28 23:52:19.144, 301.65, 100, 74232, 73
2026/07/28 23:52:20.182, 304.94, 100, 74232, 73
2026/07/28 23:52:21.220, 302.09, 100, 74232, 73
2026/07/28 23:52:22.258, 306.26, 100, 74232, 73
2026/07/28 23:52:23.298, 301.16, 100, 74232, 73
2026/07/28 23:52:24.337, 298.82, 100, 74232, 73
2026/07/28 23:52:25.381, 300.67, 100, 74232, 73
2026/07/28 23:52:26.419, 294.82, 100, 74232, 73
2026/07/28 23:52:27.457, 295.33, 100, 74232, 73
2026/07/28 23:52:28.494, 290.83, 100, 74232, 73
2026/07/28 23:52:29.533, 296.17, 100, 74232, 73
2026/07/28 23:52:30.571, 302.30, 100, 74232, 73
2026/07/28 23:52:31.608, 298.31, 100, 74232, 73
2026/07/28 23:52:32.646, 298.79, 100, 74232, 73
2026/07/28 23:52:33.685, 301.54, 100, 74232, 73
2026/07/28 23:52:34.725, 296.09, 100, 74232, 73
2026/07/28 23:52:35.762, 293.08, 100, 74232, 73
2026/07/28 23:52:36.802, 293.36, 100, 74232, 73
2026/07/28 23:52:37.843, 289.96, 100, 74232, 73
2026/07/28 23:52:38.881, 300.85, 100, 74232, 73
2026/07/28 23:52:39.920, 300.28, 100, 74232, 73
2026/07/28 23:52:40.958, 306.12, 100, 74232, 73
2026/07/28 23:52:41.996, 295.20, 100, 74232, 73
2026/07/28 23:52:43.034, 291.01, 100, 74232, 73
2026/07/28 23:52:44.072, 292.11, 100, 74232, 73
2026/07/28 23:52:45.109, 289.75, 100, 74232, 73
2026/07/28 23:52:46.149, 295.41, 100, 74232, 73
2026/07/28 23:52:47.186, 295.21, 100, 74232, 73
2026/07/28 23:52:48.227, 293.86, 100, 74232, 73
2026/07/28 23:52:49.264, 301.64, 100, 74232, 73
2026/07/28 23:52:50.302, 302.89, 100, 74232, 73
2026/07/28 23:52:51.339, 301.13, 100, 74232, 73
2026/07/28 23:52:52.377, 300.45, 100, 74232, 73
2026/07/28 23:52:53.415, 298.92, 100, 74232, 73
2026/07/28 23:52:54.455, 304.83, 100, 74232, 73
2026/07/28 23:52:55.493, 301.27, 100, 74232, 73
2026/07/28 23:52:56.530, 301.24, 100, 74232, 73
2026/07/28 23:52:57.568, 302.39, 100, 74232, 73
2026/07/28 23:52:58.606, 295.99, 100, 74232, 73
2026/07/28 23:52:59.643, 293.65, 100, 74232, 73
2026/07/28 23:53:00.682, 296.29, 100, 74232, 73
2026/07/28 23:53:01.719, 294.62, 100, 74232, 73
2026/07/28 23:53:02.758, 295.02, 100, 74232, 73
2026/07/28 23:53:03.796, 293.95, 100, 74232, 73
2026/07/28 23:53:04.833, 293.45, 100, 74232, 73
2026/07/28 23:53:05.873, 295.40, 100, 74232, 73
2026/07/28 23:53:06.910, 294.63, 100, 74232, 73
2026/07/28 23:53:07.947, 295.21, 100, 74232, 73
2026/07/28 23:53:08.984, 298.42, 100, 74232, 73
2026/07/28 23:53:10.022, 301.81, 100, 74232, 73
2026/07/28 23:53:11.061, 298.02, 100, 74232, 73
2026/07/28 23:53:12.098, 301.55, 100, 74232, 73
2026/07/28 23:53:13.135, 301.50, 100, 74232, 73
2026/07/28 23:53:14.173, 301.92, 100, 74232, 73
2026/07/28 23:53:15.211, 301.22, 100, 74232, 73
2026/07/28 23:53:16.251, 301.15, 100, 74232, 73
2026/07/28 23:53:17.288, 301.26, 100, 74232, 73
2026/07/28 23:53:18.328, 301.21, 100, 74232, 73
2026/07/28 23:53:19.366, 302.70, 100, 74232, 73
2026/07/28 23:53:20.404, 301.65, 100, 74232, 73
2026/07/28 23:53:21.442, 294.72, 100, 74232, 73
2026/07/28 23:53:22.480, 296.77, 100, 74232, 73
2026/07/28 23:53:23.523, 296.78, 100, 74232, 73
2026/07/28 23:53:24.561, 300.76, 100, 74232, 73
2026/07/28 23:53:25.599, 297.85, 100, 74232, 73
2026/07/28 23:53:26.642, 298.89, 100, 74232, 73
2026/07/28 23:53:27.679, 303.19, 100, 74232, 73
2026/07/28 23:53:28.717, 301.16, 100, 74232, 73
2026/07/28 23:53:29.755, 302.60, 100, 74232, 73
2026/07/28 23:53:30.792, 172.74, 100, 74232, 72
2026/07/28 23:53:31.826, 295.23, 100, 74232, 74
2026/07/28 23:53:32.863, 295.72, 100, 74232, 74
2026/07/28 23:53:33.904, 294.51, 100, 74232, 74
2026/07/28 23:53:34.940, 288.96, 100, 74232, 74
2026/07/28 23:53:35.975, 265.09, 100, 74232, 74
2026/07/28 23:53:37.012, 305.72, 100, 74232, 73
2026/07/28 23:53:38.054, 292.49, 100, 74232, 73
2026/07/28 23:53:39.092, 298.04, 100, 74232, 73
2026/07/28 23:53:40.130, 302.00, 100, 74232, 73
2026/07/28 23:53:41.170, 302.67, 100, 74232, 73
2026/07/28 23:53:42.207, 97.95, 60, 74232, 70
2026/07/28 23:53:43.242, 306.21, 100, 74232, 74
2026/07/28 23:53:44.293, 299.40, 100, 74232, 74
2026/07/28 23:53:45.329, 312.21, 100, 74232, 74
2026/07/28 23:53:46.367, 287.59, 100, 74232, 75
2026/07/28 23:53:47.403, 295.42, 100, 74232, 74
2026/07/28 23:53:48.438, 319.84, 100, 74232, 75
2026/07/28 23:53:49.475, 302.61, 100, 74232, 73
2026/07/28 23:53:50.513, 303.21, 100, 74232, 73
2026/07/28 23:53:51.552, 303.01, 100, 74232, 73
2026/07/28 23:53:52.589, 303.08, 100, 74232, 73
2026/07/28 23:53:53.625, 303.39, 100, 74232, 73
2026/07/28 23:53:54.663, 299.81, 100, 74232, 75
2026/07/28 23:53:55.698, 297.06, 100, 74232, 75
2026/07/28 23:53:56.733, 302.19, 100, 74232, 75
2026/07/28 23:53:57.768, 294.55, 100, 74232, 75
2026/07/28 23:53:58.808, 309.67, 100, 74232, 75
2026/07/28 23:53:59.843, 294.15, 100, 74232, 75
2026/07/28 23:54:00.879, 303.39, 100, 74232, 74
2026/07/28 23:54:01.918, 303.97, 100, 74232, 74
2026/07/28 23:54:02.956, 304.67, 100, 74232, 74
2026/07/28 23:54:03.993, 305.92, 100, 74232, 74
2026/07/28 23:54:05.031, 303.40, 100, 74232, 74
2026/07/28 23:54:06.069, 304.56, 100, 74232, 74
2026/07/28 23:54:07.110, 304.27, 100, 74232, 74
2026/07/28 23:54:08.148, 303.19, 100, 74232, 74
2026/07/28 23:54:09.186, 305.60, 100, 74232, 74
2026/07/28 23:54:10.224, 296.97, 100, 74232, 74
2026/07/28 23:54:11.261, 296.78, 100, 74232, 74
2026/07/28 23:54:12.299, 296.78, 100, 74232, 74
2026/07/28 23:54:13.337, 296.19, 100, 74232, 74
2026/07/28 23:54:14.374, 296.38, 100, 74232, 74
2026/07/28 23:54:15.413, 296.00, 100, 74232, 74
2026/07/28 23:54:16.451, 296.57, 100, 74232, 74
2026/07/28 23:54:17.488, 124.99, 100, 74232, 72
2026/07/28 23:54:18.521, 304.28, 100, 74232, 75
2026/07/28 23:54:19.557, 295.69, 100, 74232, 75
2026/07/28 23:54:20.591, 290.61, 100, 74232, 75
2026/07/28 23:54:21.626, 294.03, 100, 74232, 75
2026/07/28 23:54:22.664, 306.08, 100, 74232, 75
2026/07/28 23:54:23.700, 298.81, 100, 74232, 75
2026/07/28 23:54:24.736, 264.46, 100, 74232, 73
2026/07/28 23:54:25.778, 288.39, 100, 74232, 73
2026/07/28 23:54:26.817, 288.50, 100, 74232, 73
2026/07/28 23:54:27.855, 291.81, 100, 74232, 73
2026/07/28 23:54:28.895, 283.89, 100, 74232, 73
2026/07/28 23:54:29.932, 100.03, 0, 74232, 70
2026/07/28 23:54:30.967, 298.92, 100, 74232, 75
2026/07/28 23:54:32.001, 303.86, 100, 74232, 75
2026/07/28 23:54:33.037, 295.51, 100, 74232, 75
2026/07/28 23:54:34.073, 309.19, 100, 74232, 75
2026/07/28 23:54:35.107, 299.87, 100, 74232, 75
2026/07/28 23:54:36.141, 284.77, 100, 74232, 75
2026/07/28 23:54:37.185, 282.26, 100, 74232, 73
2026/07/28 23:54:38.222, 294.14, 100, 74232, 73
2026/07/28 23:54:39.261, 295.39, 100, 74232, 73
2026/07/28 23:54:40.300, 295.71, 100, 74232, 73
2026/07/28 23:54:41.337, 100.89, 11, 74232, 71
2026/07/28 23:54:42.370, 301.27, 100, 74232, 75
2026/07/28 23:54:43.405, 295.82, 100, 74232, 75
2026/07/28 23:54:44.440, 306.36, 100, 74232, 75
2026/07/28 23:54:45.475, 302.14, 100, 74232, 75
2026/07/28 23:54:46.509, 285.67, 100, 74232, 75
2026/07/28 23:54:47.543, 321.64, 100, 74232, 75
2026/07/28 23:54:48.585, 294.68, 100, 74232, 75
2026/07/28 23:54:49.620, 284.48, 100, 74232, 73
2026/07/28 23:54:50.660, 288.58, 100, 74232, 73
2026/07/28 23:54:51.699, 291.98, 100, 74232, 74
2026/07/28 23:54:52.735, 99.51, 51, 74232, 71
2026/07/28 23:54:53.768, 298.44, 100, 74232, 75
2026/07/28 23:54:54.806, 302.70, 100, 74232, 75
2026/07/28 23:54:55.841, 291.02, 100, 74232, 75
2026/07/28 23:54:56.880, 301.82, 100, 74232, 75
2026/07/28 23:54:57.915, 292.11, 100, 74232, 75
2026/07/28 23:54:58.951, 288.78, 100, 74232, 75
2026/07/28 23:54:59.988, 301.68, 100, 74232, 75
2026/07/28 23:55:01.025, 304.91, 100, 74232, 74
2026/07/28 23:55:02.064, 304.85, 100, 74232, 74
2026/07/28 23:55:03.103, 303.77, 100, 74232, 74
2026/07/28 23:55:04.140, 103.30, 76, 74232, 71
2026/07/28 23:55:05.173, 305.18, 100, 74232, 75
2026/07/28 23:55:06.209, 295.68, 100, 74232, 76
2026/07/28 23:55:07.244, 293.15, 100, 74232, 76
2026/07/28 23:55:08.281, 290.44, 100, 74232, 76
2026/07/28 23:55:09.317, 317.27, 100, 74232, 76
2026/07/28 23:55:10.353, 293.39, 100, 74232, 76
2026/07/28 23:55:11.388, 289.52, 100, 74232, 76
2026/07/28 23:55:12.426, 304.86, 100, 74232, 74
2026/07/28 23:55:13.463, 305.42, 100, 74232, 74
2026/07/28 23:55:14.508, 305.32, 100, 74232, 74
2026/07/28 23:55:15.545, 292.87, 100, 74232, 74
2026/07/28 23:55:16.581, 101.44, 8, 74232, 71
2026/07/28 23:55:17.614, 295.99, 100, 74232, 75
2026/07/28 23:55:18.656, 296.00, 100, 74232, 76
2026/07/28 23:55:19.691, 299.12, 100, 74232, 76
2026/07/28 23:55:20.725, 300.17, 100, 74232, 76
2026/07/28 23:55:21.759, 303.29, 100, 74232, 76
2026/07/28 23:55:22.794, 276.37, 100, 74232, 75
2026/07/28 23:55:23.828, 285.47, 100, 74232, 76
2026/07/28 23:55:24.863, 306.30, 100, 74232, 74
2026/07/28 23:55:25.899, 304.64, 100, 74232, 74
2026/07/28 23:55:26.939, 305.77, 100, 74232, 74
2026/07/28 23:55:27.976, 304.65, 100, 74232, 74
2026/07/28 23:55:29.013, 305.15, 100, 74232, 74
2026/07/28 23:55:30.050, 297.07, 100, 74232, 74
2026/07/28 23:55:31.088, 99.04, 56, 74232, 71
2026/07/28 23:55:32.122, 294.14, 100, 74232, 74
2026/07/28 23:55:33.160, 300.48, 100, 74232, 74
2026/07/28 23:55:34.197, 305.42, 100, 74232, 74
2026/07/28 23:55:35.234, 302.42, 100, 74232, 74
2026/07/28 23:55:36.271, 305.63, 100, 74232, 74
2026/07/28 23:55:37.309, 302.78, 100, 74232, 74
2026/07/28 23:55:38.345, 302.30, 100, 74232, 74
2026/07/28 23:55:39.382, 305.82, 100, 74232, 74
2026/07/28 23:55:40.420, 298.51, 100, 74232, 74
2026/07/28 23:55:41.456, 301.25, 100, 74232, 74
2026/07/28 23:55:42.492, 303.87, 100, 74232, 74
2026/07/28 23:55:43.529, 302.51, 100, 74232, 74
2026/07/28 23:55:44.565, 303.55, 100, 74232, 74
2026/07/28 23:55:45.603, 302.78, 100, 74232, 74
2026/07/28 23:55:46.640, 302.22, 100, 74232, 74
2026/07/28 23:55:47.676, 303.76, 100, 74232, 74
2026/07/28 23:55:48.713, 303.65, 100, 74232, 74
2026/07/28 23:55:49.750, 303.30, 100, 74232, 74
2026/07/28 23:55:50.787, 304.60, 100, 74232, 74
2026/07/28 23:55:51.823, 302.24, 100, 74232, 73
2026/07/28 23:55:52.860, 295.12, 100, 74232, 73
2026/07/28 23:55:53.898, 294.91, 100, 74232, 73
2026/07/28 23:55:54.936, 295.61, 100, 74232, 73
2026/07/28 23:55:55.973, 294.83, 100, 74232, 73
2026/07/28 23:55:57.011, 294.22, 100, 74232, 73
2026/07/28 23:55:58.048, 297.83, 100, 74232, 73
2026/07/28 23:55:59.087, 294.83, 100, 74232, 73
2026/07/28 23:56:00.125, 302.61, 100, 74232, 73
2026/07/28 23:56:01.163, 301.90, 100, 74232, 73
2026/07/28 23:56:02.203, 296.49, 100, 74232, 73
2026/07/28 23:56:03.241, 298.34, 100, 74232, 73
2026/07/28 23:56:04.280, 303.19, 100, 74232, 73
2026/07/28 23:56:05.320, 302.21, 100, 74232, 73
2026/07/28 23:56:06.358, 302.58, 100, 74232, 73
2026/07/28 23:56:07.399, 301.71, 100, 74232, 73
2026/07/28 23:56:08.436, 301.64, 100, 74232, 73
2026/07/28 23:56:09.474, 302.90, 100, 74232, 73
2026/07/28 23:56:10.513, 301.22, 100, 74232, 73
2026/07/28 23:56:11.550, 303.08, 100, 74232, 73
2026/07/28 23:56:12.591, 301.45, 100, 74232, 73
2026/07/28 23:56:13.629, 303.65, 100, 74232, 73
2026/07/28 23:56:14.666, 301.44, 100, 74232, 73
2026/07/28 23:56:15.706, 295.10, 100, 74232, 73
2026/07/28 23:56:16.744, 294.54, 100, 74232, 73
2026/07/28 23:56:17.782, 291.79, 100, 74232, 73
2026/07/28 23:56:18.821, 294.05, 100, 74232, 73
2026/07/28 23:56:19.858, 294.82, 100, 74232, 73
2026/07/28 23:56:20.895, 294.94, 100, 74232, 73
2026/07/28 23:56:21.934, 303.83, 100, 74232, 73
2026/07/28 23:56:22.972, 301.93, 100, 74232, 73
2026/07/28 23:56:24.013, 301.15, 100, 74232, 73
2026/07/28 23:56:25.051, 305.14, 100, 74232, 73
2026/07/28 23:56:26.089, 301.64, 100, 74232, 73
2026/07/28 23:56:27.127, 301.70, 100, 74232, 73
2026/07/28 23:56:28.164, 301.35, 100, 74232, 73
2026/07/28 23:56:29.202, 299.77, 100, 74232, 73
2026/07/28 23:56:30.240, 301.55, 100, 74232, 73
2026/07/28 23:56:31.278, 302.13, 100, 74232, 73
2026/07/28 23:56:32.316, 301.69, 100, 74232, 73
2026/07/28 23:56:33.354, 300.66, 100, 74232, 73
2026/07/28 23:56:34.391, 294.32, 100, 74232, 73
2026/07/28 23:56:35.429, 294.52, 100, 74232, 73
2026/07/28 23:56:36.467, 295.90, 100, 74232, 73
2026/07/28 23:56:37.507, 291.03, 100, 74232, 73
2026/07/28 23:56:38.545, 294.64, 100, 74232, 73
2026/07/28 23:56:39.583, 291.30, 100, 74232, 73
2026/07/28 23:56:40.621, 295.02, 100, 74232, 73
2026/07/28 23:56:41.659, 294.15, 100, 74232, 73
2026/07/28 23:56:42.699, 293.08, 100, 74232, 73
2026/07/28 23:56:43.883, 301.46, 100, 74232, 73
2026/07/28 23:56:44.922, 300.83, 100, 74232, 73
2026/07/28 23:56:45.960, 301.74, 100, 74232, 73
2026/07/28 23:56:47.000, 302.41, 100, 74232, 73
2026/07/28 23:56:48.038, 302.60, 100, 74232, 73
2026/07/28 23:56:49.076, 301.36, 100, 74232, 73
2026/07/28 23:56:50.115, 302.12, 100, 74232, 73
2026/07/28 23:56:51.153, 301.25, 100, 74232, 73
2026/07/28 23:56:52.192, 304.75, 100, 74232, 73
2026/07/28 23:56:53.231, 301.34, 100, 74232, 73
2026/07/28 23:56:54.269, 302.48, 100, 74232, 73
2026/07/28 23:56:55.307, 303.38, 100, 74232, 73
2026/07/28 23:56:56.345, 303.48, 100, 74232, 73
2026/07/28 23:56:57.382, 300.64, 100, 74232, 73
2026/07/28 23:56:58.421, 304.56, 100, 74232, 73
2026/07/28 23:56:59.459, 304.61, 100, 74232, 73
2026/07/28 23:57:00.497, 302.67, 100, 74232, 73
2026/07/28 23:57:01.535, 301.16, 100, 74232, 73
2026/07/28 23:57:02.574, 304.37, 100, 74232, 73
2026/07/28 23:57:03.613, 302.50, 100, 74232, 73
2026/07/28 23:57:04.651, 302.02, 100, 74232, 73
2026/07/28 23:57:05.689, 295.03, 100, 74232, 73
2026/07/28 23:57:06.728, 297.26, 100, 74232, 73
2026/07/28 23:57:07.766, 401.17, 41, 74232, 74
2026/07/28 23:57:08.802, 301.44, 100, 74232, 74
2026/07/28 23:57:09.838, 295.96, 100, 74232, 74
2026/07/28 23:57:10.873, 305.25, 100, 74232, 74
2026/07/28 23:57:11.911, 301.43, 100, 74232, 75
2026/07/28 23:57:12.946, 311.52, 100, 74232, 74
2026/07/28 23:57:13.982, 303.29, 100, 74232, 73
2026/07/28 23:57:15.020, 304.24, 100, 74232, 73
2026/07/28 23:57:16.058, 301.92, 100, 74232, 73
2026/07/28 23:57:17.098, 301.92, 100, 74232, 73
2026/07/28 23:57:18.136, 303.40, 100, 74232, 73
2026/07/28 23:57:19.173, 302.68, 100, 74232, 73
2026/07/28 23:57:20.211, 302.79, 100, 74232, 73
2026/07/28 23:57:21.250, 305.04, 100, 74232, 73
2026/07/28 23:57:22.289, 303.75, 100, 74232, 73
2026/07/28 23:57:23.326, 99.44, 0, 74232, 70
2026/07/28 23:57:24.358, 97.46, 0, 74232, 69
2026/07/28 23:57:25.389, 97.70, 0, 74232, 68
2026/07/28 23:57:26.421, 96.62, 0, 74232, 68
2026/07/28 23:57:27.453, 95.97, 0, 74232, 67
2026/07/28 23:57:28.485, 95.40, 0, 74232, 67
2026/07/28 23:57:29.518, 94.99, 0, 74232, 66
2026/07/28 23:57:30.556, 95.92, 0, 74232, 66
2026/07/28 23:57:31.587, 93.05, 0, 74232, 65
2026/07/28 23:57:32.618, 92.43, 0, 74232, 65
2026/07/28 23:57:33.650, 91.38, 0, 74232, 64
2026/07/28 23:57:34.681, 91.78, 0, 74232, 64
2026/07/28 23:57:35.712, 91.39, 0, 74232, 64
2026/07/28 23:57:36.745, 90.05, 0, 74232, 63
2026/07/28 23:57:37.776, 90.68, 0, 74232, 63
2026/07/28 23:57:38.807, 90.32, 0, 74232, 63
2026/07/28 23:57:39.838, 88.92, 0, 74232, 63
2026/07/28 23:57:40.869, 89.62, 0, 74232, 62
2026/07/28 23:57:41.900, 88.64, 0, 74232, 62
2026/07/28 23:57:42.932, 88.11, 0, 74232, 62
2026/07/28 23:57:43.962, 87.93, 0, 74232, 61
2026/07/28 23:57:44.991, 88.04, 0, 74232, 61
2026/07/28 23:57:46.022, 88.03, 0, 74232, 61
2026/07/28 23:57:47.051, 87.67, 0, 74232, 61
2026/07/28 23:57:48.080, 86.55, 0, 74232, 60
2026/07/28 23:57:49.109, 86.36, 0, 74232, 60
2026/07/28 23:57:50.141, 87.02, 0, 74232, 60
2026/07/28 23:57:51.172, 85.73, 0, 74232, 60
2026/07/28 23:57:52.203, 291.33, 100, 74232, 64
2026/07/28 23:57:53.237, 299.28, 100, 74232, 65
2026/07/28 23:57:54.278, 310.96, 100, 74232, 65
2026/07/28 23:57:55.312, 308.86, 100, 74232, 66
2026/07/28 23:57:56.346, 286.73, 100, 74232, 66
2026/07/28 23:57:57.384, 288.77, 100, 74232, 64
2026/07/28 23:57:58.421, 290.14, 100, 74232, 65
2026/07/28 23:57:59.458, 291.70, 100, 74232, 65
2026/07/28 23:58:00.496, 300.87, 100, 74232, 65
2026/07/28 23:58:01.532, 299.69, 100, 74232, 66
2026/07/28 23:58:02.570, 300.06, 100, 74232, 66
2026/07/28 23:58:03.606, 299.49, 100, 74232, 66
2026/07/28 23:58:04.643, 301.93, 100, 74232, 66
2026/07/28 23:58:05.680, 300.85, 100, 74232, 68
2026/07/28 23:58:06.714, 285.30, 100, 74232, 69
2026/07/28 23:58:07.750, 268.56, 100, 74232, 69
2026/07/28 23:58:08.788, 301.84, 100, 74232, 69
2026/07/28 23:58:09.823, 302.40, 100, 74232, 68
2026/07/28 23:58:10.860, 302.01, 100, 74232, 68
2026/07/28 23:58:11.897, 302.02, 100, 74232, 68
2026/07/28 23:58:12.934, 303.96, 100, 74232, 68
2026/07/28 23:58:13.970, 283.62, 100, 74232, 70
2026/07/28 23:58:15.064, 302.29, 100, 74232, 70
2026/07/28 23:58:16.098, 291.09, 100, 74232, 70
2026/07/28 23:58:17.132, 305.99, 100, 74232, 71
2026/07/28 23:58:18.164, 320.37, 100, 74232, 71
2026/07/28 23:58:19.198, 304.95, 100, 74232, 69
2026/07/28 23:58:20.237, 304.56, 100, 74232, 69
2026/07/28 23:58:21.273, 305.14, 100, 74232, 70
2026/07/28 23:58:22.312, 298.92, 100, 74232, 70
2026/07/28 23:58:23.349, 299.10, 100, 74232, 70
2026/07/28 23:58:24.389, 293.06, 100, 74232, 72
2026/07/28 23:58:25.423, 304.47, 100, 74232, 72
2026/07/28 23:58:26.457, 294.08, 100, 74232, 72
2026/07/28 23:58:27.491, 292.61, 100, 74232, 72
2026/07/28 23:58:28.525, 305.77, 100, 74232, 72
2026/07/28 23:58:29.559, 305.14, 100, 74232, 71
2026/07/28 23:58:30.595, 296.29, 100, 74232, 71
2026/07/28 23:58:31.633, 300.58, 100, 74232, 71
2026/07/28 23:58:32.673, 311.96, 100, 74232, 73
2026/07/28 23:58:33.707, 298.28, 100, 74232, 73
2026/07/28 23:58:34.742, 325.51, 100, 74232, 73
2026/07/28 23:58:35.778, 302.96, 100, 74232, 73
2026/07/28 23:58:36.814, 282.05, 100, 74232, 73
2026/07/28 23:58:37.849, 302.52, 100, 74232, 73
2026/07/28 23:58:38.884, 302.47, 100, 74232, 72
2026/07/28 23:58:39.924, 302.70, 100, 74232, 72
2026/07/28 23:58:40.962, 302.43, 100, 74232, 72
2026/07/28 23:58:42.000, 302.81, 100, 74232, 72
2026/07/28 23:58:43.038, 302.58, 100, 74232, 72
2026/07/28 23:58:44.075, 301.33, 100, 74232, 72
2026/07/28 23:58:45.114, 301.14, 100, 74232, 72
2026/07/28 23:58:46.151, 302.32, 100, 74232, 72
2026/07/28 23:58:47.187, 301.53, 100, 74232, 72
2026/07/28 23:58:48.223, 301.83, 100, 74232, 72
2026/07/28 23:58:49.262, 301.34, 100, 74232, 72
2026/07/28 23:58:50.298, 290.90, 100, 74232, 72
2026/07/28 23:58:51.333, 295.59, 100, 74232, 72
2026/07/28 23:58:52.369, 294.35, 100, 74232, 72
2026/07/28 23:58:53.405, 294.15, 100, 74232, 72
2026/07/28 23:58:54.442, 294.23, 100, 74232, 72
2026/07/28 23:58:55.478, 294.53, 100, 74232, 72
2026/07/28 23:58:56.514, 294.15, 100, 74232, 72
2026/07/28 23:58:57.549, 300.66, 100, 74232, 72
2026/07/28 23:58:58.585, 301.52, 100, 74232, 72
2026/07/28 23:58:59.621, 300.94, 100, 74232, 72
2026/07/28 23:59:00.658, 301.76, 100, 74232, 72
2026/07/28 23:59:01.695, 299.58, 100, 74232, 72
2026/07/28 23:59:02.737, 301.91, 100, 74232, 73
2026/07/28 23:59:03.772, 303.00, 100, 74232, 73
2026/07/28 23:59:04.808, 301.25, 100, 74232, 73
2026/07/28 23:59:05.845, 301.92, 100, 74232, 73
2026/07/28 23:59:06.880, 302.19, 100, 74232, 73
2026/07/28 23:59:07.916, 302.11, 100, 74232, 73
2026/07/28 23:59:08.953, 301.22, 100, 74232, 73
2026/07/28 23:59:09.989, 303.85, 100, 74232, 73
2026/07/28 23:59:11.024, 301.94, 100, 74232, 73
2026/07/28 23:59:12.059, 304.35, 100, 74232, 73
2026/07/28 23:59:13.095, 301.80, 100, 74232, 73
2026/07/28 23:59:14.132, 303.27, 100, 74232, 73
2026/07/28 23:59:15.168, 302.88, 100, 74232, 73
2026/07/28 23:59:16.204, 302.32, 100, 74232, 73
2026/07/28 23:59:17.241, 303.95, 100, 74232, 73
2026/07/28 23:59:18.277, 302.21, 100, 74232, 73
2026/07/28 23:59:19.314, 302.33, 100, 74232, 73
2026/07/28 23:59:20.350, 297.47, 100, 74232, 73
2026/07/28 23:59:21.387, 292.17, 100, 74232, 73
2026/07/28 23:59:22.424, 297.42, 100, 74232, 73
2026/07/28 23:59:23.460, 294.62, 100, 74232, 73
2026/07/28 23:59:24.496, 296.39, 100, 74232, 73
2026/07/28 23:59:25.533, 293.05, 100, 74232, 73
2026/07/28 23:59:26.575, 294.72, 100, 74232, 73
2026/07/28 23:59:27.611, 302.96, 100, 74232, 73
2026/07/28 23:59:28.647, 301.93, 100, 74232, 73
2026/07/28 23:59:29.684, 301.06, 100, 74232, 73
2026/07/28 23:59:30.720, 298.22, 100, 74232, 73
2026/07/28 23:59:31.757, 303.65, 100, 74232, 73
2026/07/28 23:59:32.791, 302.71, 100, 74232, 73
2026/07/28 23:59:33.827, 303.85, 100, 74232, 73
2026/07/28 23:59:34.866, 302.24, 100, 74232, 73
2026/07/28 23:59:35.902, 302.32, 100, 74232, 73
2026/07/28 23:59:36.939, 302.50, 100, 74232, 73
2026/07/28 23:59:37.976, 302.24, 100, 74232, 73
2026/07/28 23:59:39.014, 303.26, 100, 74232, 73
2026/07/28 23:59:40.053, 303.40, 100, 74232, 73
2026/07/28 23:59:41.089, 302.22, 100, 74232, 73
2026/07/28 23:59:42.127, 304.45, 100, 74232, 73
2026/07/28 23:59:43.165, 294.52, 100, 74232, 72
2026/07/28 23:59:44.202, 300.07, 100, 74232, 72
2026/07/28 23:59:45.240, 296.18, 100, 74232, 72
2026/07/28 23:59:46.276, 304.23, 100, 74232, 72
2026/07/28 23:59:47.312, 290.80, 100, 74232, 72
2026/07/28 23:59:48.349, 290.35, 100, 74232, 72
2026/07/28 23:59:49.386, 294.15, 100, 74232, 72
2026/07/28 23:59:50.423, 298.22, 100, 74232, 72
2026/07/28 23:59:51.460, 301.52, 100, 74232, 72
2026/07/28 23:59:52.497, 301.84, 100, 74232, 72
2026/07/28 23:59:53.535, 302.03, 100, 74232, 72
2026/07/28 23:59:54.571, 306.58, 100, 74232, 72
2026/07/28 23:59:55.609, 301.64, 100, 74232, 72
2026/07/28 23:59:56.645, 301.54, 100, 74232, 72
2026/07/28 23:59:57.682, 294.92, 100, 74232, 72
2026/07/28 23:59:58.718, 294.93, 100, 74232, 72
2026/07/28 23:59:59.757, 293.93, 100, 74232, 72
2026/07/29 00:00:00.793, 293.64, 100, 74232, 72
2026/07/29 00:00:01.830, 294.44, 100, 74232, 72
2026/07/29 00:00:02.871, 294.23, 100, 74232, 72
2026/07/29 00:00:03.909, 293.86, 100, 74232, 72
2026/07/29 00:00:04.945, 293.46, 100, 74232, 72
2026/07/29 00:00:05.983, 296.75, 100, 74232, 72
2026/07/29 00:00:07.019, 302.08, 100, 74232, 72
2026/07/29 00:00:08.057, 301.41, 100, 74232, 72
2026/07/29 00:00:09.093, 302.03, 100, 74232, 72
2026/07/29 00:00:10.129, 301.82, 100, 74232, 72
2026/07/29 00:00:11.166, 302.33, 100, 74232, 72
2026/07/29 00:00:12.202, 302.89, 100, 74232, 72
2026/07/29 00:00:13.241, 302.77, 100, 74232, 72
2026/07/29 00:00:14.278, 302.89, 100, 74232, 72
2026/07/29 00:00:15.314, 302.62, 100, 74232, 72
2026/07/29 00:00:16.351, 301.64, 100, 74232, 72
2026/07/29 00:00:17.387, 302.69, 100, 74232, 72
2026/07/29 00:00:18.426, 301.32, 100, 74232, 72
2026/07/29 00:00:19.462, 302.49, 100, 74232, 72
2026/07/29 00:00:20.500, 301.93, 100, 74232, 72
2026/07/29 00:00:21.536, 301.31, 100, 74232, 72
2026/07/29 00:00:22.574, 302.10, 100, 74232, 72
2026/07/29 00:00:23.611, 300.83, 100, 74232, 72
2026/07/29 00:00:24.649, 294.82, 100, 74232, 72
2026/07/29 00:00:25.686, 291.13, 100, 74232, 72
2026/07/29 00:00:26.724, 294.44, 100, 74232, 72
2026/07/29 00:00:27.761, 295.04, 100, 74232, 72
2026/07/29 00:00:28.798, 294.52, 100, 74232, 72
2026/07/29 00:00:29.835, 294.52, 100, 74232, 72
2026/07/29 00:00:30.873, 301.35, 100, 74232, 72
2026/07/29 00:00:31.910, 300.26, 100, 74232, 72
2026/07/29 00:00:32.951, 294.44, 100, 74232, 72
2026/07/29 00:00:33.988, 300.78, 100, 74232, 72
2026/07/29 00:00:35.025, 296.55, 100, 74232, 72
2026/07/29 00:00:36.067, 295.30, 100, 74232, 72
2026/07/29 00:00:37.104, 291.39, 100, 74232, 72
2026/07/29 00:00:38.146, 295.49, 100, 74232, 72
2026/07/29 00:00:39.185, 294.53, 100, 74232, 72
2026/07/29 00:00:40.222, 294.44, 100, 74232, 72
2026/07/29 00:00:41.261, 294.83, 100, 74232, 72
2026/07/29 00:00:42.300, 301.53, 100, 74232, 72
2026/07/29 00:00:43.337, 298.72, 100, 74232, 72
2026/07/29 00:00:44.373, 301.25, 100, 74232, 72
2026/07/29 00:00:45.410, 303.31, 100, 74232, 72
2026/07/29 00:00:46.447, 301.94, 100, 74232, 72
2026/07/29 00:00:47.484, 302.32, 100, 74232, 72
2026/07/29 00:00:48.521, 301.84, 100, 74232, 72
2026/07/29 00:00:49.558, 304.32, 100, 74232, 72
2026/07/29 00:00:50.594, 301.94, 100, 74232, 72
2026/07/29 00:00:51.633, 302.33, 100, 74232, 72
2026/07/29 00:00:52.669, 294.44, 100, 74232, 72
2026/07/29 00:00:53.707, 299.50, 100, 74232, 72
2026/07/29 00:00:54.743, 299.01, 100, 74232, 72
2026/07/29 00:00:55.784, 303.00, 100, 74232, 72
2026/07/29 00:00:56.822, 296.95, 100, 74232, 72
2026/07/29 00:00:57.858, 296.46, 100, 74232, 72
2026/07/29 00:00:58.898, 296.67, 100, 74232, 72
2026/07/29 00:00:59.936, 291.91, 100, 74232, 72
2026/07/29 00:01:00.977, 294.93, 100, 74232, 72
2026/07/29 00:01:02.014, 301.45, 100, 74232, 72
2026/07/29 00:01:03.050, 290.93, 100, 74232, 72
2026/07/29 00:01:04.087, 293.95, 100, 74232, 72
2026/07/29 00:01:05.123, 291.42, 100, 74232, 72
2026/07/29 00:01:06.160, 294.34, 100, 74232, 72
2026/07/29 00:01:07.197, 294.73, 100, 74232, 72
2026/07/29 00:01:08.235, 294.63, 100, 74232, 72
2026/07/29 00:01:09.273, 294.24, 100, 74232, 72
2026/07/29 00:01:10.313, 300.40, 100, 74232, 72
2026/07/29 00:01:11.350, 298.43, 100, 74232, 72
2026/07/29 00:01:12.387, 294.62, 100, 74232, 72
2026/07/29 00:01:13.423, 301.73, 100, 74232, 72
2026/07/29 00:01:14.459, 303.08, 100, 74232, 72
2026/07/29 00:01:15.495, 301.84, 100, 74232, 72
2026/07/29 00:01:16.532, 301.73, 100, 74232, 72
2026/07/29 00:01:17.569, 301.84, 100, 74232, 72
2026/07/29 00:01:18.605, 299.68, 100, 74232, 72
2026/07/29 00:01:19.642, 303.21, 100, 74232, 72
2026/07/29 00:01:20.678, 291.51, 100, 74232, 72
2026/07/29 00:01:21.714, 293.45, 100, 74232, 72
2026/07/29 00:01:22.752, 297.05, 100, 74232, 72
2026/07/29 00:01:23.787, 294.71, 100, 74232, 72
2026/07/29 00:01:24.823, 295.50, 100, 74232, 72
2026/07/29 00:01:25.859, 301.93, 100, 74232, 72
2026/07/29 00:01:26.895, 304.85, 100, 74232, 72
2026/07/29 00:01:27.932, 294.34, 100, 74232, 72
2026/07/29 00:01:28.968, 290.64, 100, 74232, 72
2026/07/29 00:01:30.006, 294.81, 100, 74232, 72
2026/07/29 00:01:31.042, 301.16, 100, 74232, 72
2026/07/29 00:01:32.078, 302.19, 100, 74232, 72
2026/07/29 00:01:33.113, 302.13, 100, 74232, 72
2026/07/29 00:01:34.151, 302.03, 100, 74232, 72
2026/07/29 00:01:35.187, 302.03, 100, 74232, 72
2026/07/29 00:01:36.223, 302.01, 100, 74232, 72
2026/07/29 00:01:37.261, 301.35, 100, 74232, 72
2026/07/29 00:01:38.298, 302.29, 100, 74232, 72
2026/07/29 00:01:39.335, 302.04, 100, 74232, 72
2026/07/29 00:01:40.373, 302.30, 100, 74232, 72
2026/07/29 00:01:41.409, 291.23, 100, 74232, 72
2026/07/29 00:01:42.447, 294.54, 100, 74232, 72
2026/07/29 00:01:43.485, 295.21, 100, 74232, 72
2026/07/29 00:01:44.522, 294.05, 100, 74232, 72
2026/07/29 00:01:45.558, 292.57, 100, 74232, 72
2026/07/29 00:01:46.595, 293.74, 100, 74232, 72
2026/07/29 00:01:47.633, 294.42, 100, 74232, 72
2026/07/29 00:01:48.669, 294.82, 100, 74232, 72
2026/07/29 00:01:49.707, 296.76, 100, 74232, 72
2026/07/29 00:01:50.743, 294.45, 100, 74232, 72
2026/07/29 00:01:51.784, 302.32, 100, 74232, 72
2026/07/29 00:01:52.820, 296.27, 100, 74232, 72
2026/07/29 00:01:53.857, 290.76, 100, 74232, 72
2026/07/29 00:01:54.894, 294.63, 100, 74232, 72
2026/07/29 00:01:55.932, 294.52, 100, 74232, 72
2026/07/29 00:01:56.975, 295.98, 100, 74232, 72
2026/07/29 00:01:58.012, 294.74, 100, 74232, 72
2026/07/29 00:01:59.049, 290.83, 100, 74232, 72
2026/07/29 00:02:00.087, 294.44, 100, 74232, 73
2026/07/29 00:02:01.125, 298.99, 100, 74232, 73
2026/07/29 00:02:02.164, 303.08, 100, 74232, 73
2026/07/29 00:02:03.202, 296.18, 100, 74232, 73
2026/07/29 00:02:04.237, 304.56, 100, 74232, 73
2026/07/29 00:02:05.275, 302.80, 100, 74232, 73
2026/07/29 00:02:06.311, 303.48, 100, 74232, 73
2026/07/29 00:02:07.347, 303.59, 100, 74232, 73
2026/07/29 00:02:08.382, 302.91, 100, 74232, 73
2026/07/29 00:02:09.417, 302.81, 100, 74232, 73
2026/07/29 00:02:10.454, 295.34, 100, 74232, 73
2026/07/29 00:02:11.491, 295.15, 100, 74232, 73
2026/07/29 00:02:12.530, 294.54, 100, 74232, 73
2026/07/29 00:02:13.567, 295.61, 100, 74232, 73
2026/07/29 00:02:14.604, 299.41, 100, 74232, 73
2026/07/29 00:02:15.640, 302.82, 100, 74232, 73
2026/07/29 00:02:16.677, 303.59, 100, 74232, 73
2026/07/29 00:02:17.713, 299.40, 100, 74232, 73
2026/07/29 00:02:18.749, 295.51, 100, 74232, 73
2026/07/29 00:02:19.786, 295.61, 100, 74232, 73
2026/07/29 00:02:20.822, 301.35, 100, 74232, 73
2026/07/29 00:02:21.858, 302.81, 100, 74232, 73
2026/07/29 00:02:22.894, 304.77, 100, 74232, 73
2026/07/29 00:02:23.929, 302.03, 100, 74232, 73
2026/07/29 00:02:24.967, 299.09, 100, 74232, 73
2026/07/29 00:02:26.004, 293.06, 100, 74232, 73
2026/07/29 00:02:27.050, 298.42, 100, 74232, 73
2026/07/29 00:02:28.086, 304.03, 100, 74232, 73
2026/07/29 00:02:29.122, 306.40, 100, 74232, 73
2026/07/29 00:02:30.159, 301.64, 100, 74232, 73
2026/07/29 00:02:31.197, 293.48, 100, 74232, 73
2026/07/29 00:02:32.235, 295.33, 100, 74232, 73
2026/07/29 00:02:33.275, 295.51, 100, 74232, 73
2026/07/29 00:02:34.312, 295.21, 100, 74232, 73
2026/07/29 00:02:35.350, 295.51, 100, 74232, 73
2026/07/29 00:02:36.386, 295.13, 100, 74232, 73
2026/07/29 00:02:37.423, 295.23, 100, 74232, 73
2026/07/29 00:02:38.459, 295.11, 100, 74232, 73
2026/07/29 00:02:39.497, 292.58, 100, 74232, 73
2026/07/29 00:02:40.534, 295.41, 100, 74232, 73
2026/07/29 00:02:41.571, 298.42, 100, 74232, 73
2026/07/29 00:02:42.607, 296.17, 100, 74232, 73
2026/07/29 00:02:43.643, 295.69, 100, 74232, 73
2026/07/29 00:02:44.679, 295.69, 100, 74232, 73
2026/07/29 00:02:45.716, 302.90, 100, 74232, 73
2026/07/29 00:02:46.752, 304.71, 100, 74232, 73
2026/07/29 00:02:47.788, 303.15, 100, 74232, 73
2026/07/29 00:02:48.825, 304.87, 100, 74232, 73
2026/07/29 00:02:49.861, 303.30, 100, 74232, 73
2026/07/29 00:02:50.898, 303.84, 100, 74232, 73
2026/07/29 00:02:51.936, 302.29, 100, 74232, 73
2026/07/29 00:02:52.972, 297.63, 100, 74232, 73
2026/07/29 00:02:54.010, 296.68, 100, 74232, 73
2026/07/29 00:02:55.049, 291.89, 100, 74232, 73
2026/07/29 00:02:56.086, 297.65, 100, 74232, 73
2026/07/29 00:02:57.123, 299.29, 100, 74232, 73
2026/07/29 00:02:58.159, 304.38, 100, 74232, 73
2026/07/29 00:02:59.197, 295.78, 100, 74232, 73
2026/07/29 00:03:00.234, 295.51, 100, 74232, 73
2026/07/29 00:03:01.272, 302.53, 100, 74232, 73
2026/07/29 00:03:02.308, 295.61, 100, 74232, 73
2026/07/29 00:03:03.348, 297.64, 100, 74232, 73
2026/07/29 00:03:04.385, 302.71, 100, 74232, 73
2026/07/29 00:03:05.421, 296.09, 100, 74232, 73
2026/07/29 00:03:06.460, 298.52, 100, 74232, 73
2026/07/29 00:03:07.498, 298.42, 100, 74232, 73
2026/07/29 00:03:08.536, 295.90, 100, 74232, 73
2026/07/29 00:03:09.573, 302.41, 100, 74232, 73
2026/07/29 00:03:10.611, 303.68, 100, 74232, 73
2026/07/29 00:03:11.649, 304.19, 100, 74232, 73
2026/07/29 00:03:12.686, 303.00, 100, 74232, 73
2026/07/29 00:03:13.723, 304.57, 100, 74232, 73
2026/07/29 00:03:14.760, 302.81, 100, 74232, 73
2026/07/29 00:03:15.797, 302.68, 100, 74232, 73
2026/07/29 00:03:16.833, 303.97, 100, 74232, 73
2026/07/29 00:03:17.870, 303.78, 100, 74232, 73
2026/07/29 00:03:18.906, 303.27, 100, 74232, 73
2026/07/29 00:03:19.943, 302.12, 100, 74232, 73
2026/07/29 00:03:20.979, 295.12, 100, 74232, 73
2026/07/29 00:03:22.017, 296.51, 100, 74232, 73
2026/07/29 00:03:23.053, 291.21, 100, 74232, 72
2026/07/29 00:03:24.093, 295.62, 100, 74232, 73
2026/07/29 00:03:25.129, 297.14, 100, 74232, 73
2026/07/29 00:03:26.167, 295.12, 100, 74232, 73
2026/07/29 00:03:27.203, 292.20, 100, 74232, 72
2026/07/29 00:03:28.240, 298.34, 100, 74232, 73
2026/07/29 00:03:29.278, 295.32, 100, 74232, 73
2026/07/29 00:03:30.315, 295.03, 100, 74232, 72
2026/07/29 00:03:31.352, 295.30, 100, 74232, 72
2026/07/29 00:03:32.389, 289.48, 6, 74232, 73
2026/07/29 00:03:33.425, 282.85, 100, 74232, 74
2026/07/29 00:03:34.467, 311.14, 100, 74232, 74
2026/07/29 00:03:35.501, 289.73, 100, 74232, 74
2026/07/29 00:03:36.536, 329.10, 100, 74232, 74
2026/07/29 00:03:37.571, 290.45, 100, 74232, 74
2026/07/29 00:03:38.605, 275.64, 100, 74232, 74
2026/07/29 00:03:39.641, 303.10, 100, 74232, 72
2026/07/29 00:03:40.680, 295.80, 100, 74232, 72
2026/07/29 00:03:41.717, 298.99, 100, 74232, 72
2026/07/29 00:03:42.756, 300.35, 100, 74232, 72
2026/07/29 00:03:43.794, 294.15, 100, 74232, 73
2026/07/29 00:03:44.831, 291.42, 100, 74232, 73
2026/07/29 00:03:45.871, 295.89, 100, 74232, 73
2026/07/29 00:03:46.908, 290.34, 100, 74232, 73
2026/07/29 00:03:47.944, 295.21, 100, 74232, 73
2026/07/29 00:03:48.981, 291.82, 100, 74232, 73
2026/07/29 00:03:50.020, 296.67, 100, 74232, 73
2026/07/29 00:03:51.057, 302.14, 100, 74232, 73
2026/07/29 00:03:52.093, 299.31, 100, 74232, 73
2026/07/29 00:03:53.130, 302.23, 100, 74232, 73
2026/07/29 00:03:54.166, 303.19, 100, 74232, 73
2026/07/29 00:03:55.202, 303.57, 100, 74232, 73
2026/07/29 00:03:56.238, 303.58, 100, 74232, 73
2026/07/29 00:03:57.277, 303.27, 100, 74232, 73
2026/07/29 00:03:58.313, 302.23, 100, 74232, 73
2026/07/29 00:03:59.349, 302.11, 100, 74232, 73
2026/07/29 00:04:00.385, 292.78, 100, 74232, 73
2026/07/29 00:04:01.422, 295.88, 100, 74232, 73
2026/07/29 00:04:02.458, 294.83, 100, 74232, 73
2026/07/29 00:04:03.495, 296.97, 100, 74232, 73
2026/07/29 00:04:04.531, 294.44, 100, 74232, 73
2026/07/29 00:04:05.567, 295.58, 100, 74232, 73
2026/07/29 00:04:06.603, 295.62, 100, 74232, 73
2026/07/29 00:04:07.640, 302.88, 100, 74232, 73
2026/07/29 00:04:08.677, 302.92, 100, 74232, 73
2026/07/29 00:04:09.713, 304.91, 100, 74232, 73
2026/07/29 00:04:10.749, 297.25, 100, 74232, 73
2026/07/29 00:04:11.785, 305.92, 100, 74232, 73
2026/07/29 00:04:12.825, 297.45, 100, 74232, 73
2026/07/29 00:04:13.862, 296.65, 100, 74232, 73
2026/07/29 00:04:14.897, 294.64, 100, 74232, 73
2026/07/29 00:04:15.934, 295.98, 100, 74232, 73
2026/07/29 00:04:16.969, 296.98, 100, 74232, 73
2026/07/29 00:04:18.005, 301.62, 100, 74232, 73
2026/07/29 00:04:19.040, 292.49, 100, 74232, 73
2026/07/29 00:04:20.077, 291.32, 100, 74232, 73
2026/07/29 00:04:21.113, 299.48, 100, 74232, 73
2026/07/29 00:04:22.149, 304.94, 100, 74232, 73
2026/07/29 00:04:23.187, 303.18, 100, 74232, 73
2026/07/29 00:04:24.222, 304.08, 100, 74232, 73
2026/07/29 00:04:25.259, 302.97, 100, 74232, 73
2026/07/29 00:04:26.297, 302.81, 100, 74232, 73
2026/07/29 00:04:27.335, 295.60, 100, 74232, 73
2026/07/29 00:04:28.373, 292.38, 100, 74232, 73
2026/07/29 00:04:29.409, 295.12, 100, 74232, 73
2026/07/29 00:04:30.450, 294.42, 100, 74232, 73
2026/07/29 00:04:31.487, 297.15, 100, 74232, 73
2026/07/29 00:04:32.524, 295.02, 100, 74232, 73
2026/07/29 00:04:33.561, 295.31, 100, 74232, 73
2026/07/29 00:04:34.597, 295.69, 100, 74232, 73
2026/07/29 00:04:35.635, 295.03, 100, 74232, 73
2026/07/29 00:04:36.671, 294.64, 100, 74232, 73
2026/07/29 00:04:37.708, 296.26, 100, 74232, 73
2026/07/29 00:04:38.745, 294.53, 100, 74232, 73
2026/07/29 00:04:39.781, 295.13, 100, 74232, 73
2026/07/29 00:04:40.818, 303.52, 100, 74232, 73
2026/07/29 00:04:41.855, 301.53, 100, 74232, 73
2026/07/29 00:04:42.891, 298.43, 100, 74232, 73
2026/07/29 00:04:43.929, 302.51, 100, 74232, 73
2026/07/29 00:04:44.968, 302.13, 100, 74232, 73
2026/07/29 00:04:46.005, 302.12, 100, 74232, 73
2026/07/29 00:04:47.041, 301.73, 100, 74232, 73
2026/07/29 00:04:48.078, 304.47, 100, 74232, 73
2026/07/29 00:04:49.114, 302.30, 100, 74232, 73
2026/07/29 00:04:50.151, 301.05, 100, 74232, 73
2026/07/29 00:04:51.187, 302.71, 100, 74232, 73
2026/07/29 00:04:52.224, 302.41, 100, 74232, 73
2026/07/29 00:04:53.260, 304.56, 100, 74232, 73
2026/07/29 00:04:54.297, 302.24, 100, 74232, 73
2026/07/29 00:04:55.333, 293.16, 100, 74232, 73
2026/07/29 00:04:56.370, 294.33, 100, 74232, 73
2026/07/29 00:04:57.406, 294.42, 100, 74232, 73
2026/07/29 00:04:58.443, 294.33, 100, 74232, 73
2026/07/29 00:04:59.481, 296.08, 100, 74232, 73
2026/07/29 00:05:00.517, 294.92, 100, 74232, 73
2026/07/29 00:05:01.554, 299.67, 100, 74232, 73
2026/07/29 00:05:02.592, 301.74, 100, 74232, 73
2026/07/29 00:05:03.635, 301.64, 100, 74232, 73
2026/07/29 00:05:04.671, 302.30, 100, 74232, 73
2026/07/29 00:05:05.710, 301.82, 100, 74232, 73
2026/07/29 00:05:06.747, 301.95, 100, 74232, 73
2026/07/29 00:05:07.785, 301.63, 100, 74232, 73
2026/07/29 00:05:08.822, 301.70, 100, 74232, 73
2026/07/29 00:05:09.859, 302.02, 100, 74232, 73
2026/07/29 00:05:10.898, 302.33, 100, 74232, 73
2026/07/29 00:05:11.934, 302.13, 100, 74232, 72
2026/07/29 00:05:12.972, 301.84, 100, 74232, 73
2026/07/29 00:05:14.009, 302.53, 100, 74232, 73
2026/07/29 00:05:15.045, 302.00, 100, 74232, 73
2026/07/29 00:05:16.083, 302.14, 100, 74232, 73
2026/07/29 00:05:17.119, 297.14, 100, 74232, 72
2026/07/29 00:05:18.157, 291.21, 100, 74232, 72
2026/07/29 00:05:19.194, 296.75, 100, 74232, 72
2026/07/29 00:05:20.231, 294.13, 100, 74232, 73
2026/07/29 00:05:21.268, 294.63, 100, 74232, 73
2026/07/29 00:05:22.305, 295.00, 100, 74232, 73
2026/07/29 00:05:23.343, 303.49, 100, 74232, 73
2026/07/29 00:05:24.380, 295.60, 100, 74232, 73
2026/07/29 00:05:25.418, 298.43, 100, 74232, 73
2026/07/29 00:05:26.458, 295.31, 100, 74232, 73
2026/07/29 00:05:27.495, 292.00, 100, 74232, 73
2026/07/29 00:05:28.532, 291.32, 100, 74232, 73
2026/07/29 00:05:29.571, 294.14, 100, 74232, 73
2026/07/29 00:05:30.609, 294.34, 100, 74232, 73
2026/07/29 00:05:31.647, 295.62, 100, 74232, 73
2026/07/29 00:05:32.684, 294.83, 100, 74232, 73
2026/07/29 00:05:33.721, 298.65, 100, 74232, 73
2026/07/29 00:05:34.759, 302.68, 100, 74232, 73
2026/07/29 00:05:35.796, 302.81, 100, 74232, 73
2026/07/29 00:05:36.834, 302.21, 100, 74232, 73
2026/07/29 00:05:37.871, 304.64, 100, 74232, 73
2026/07/29 00:05:38.907, 302.59, 100, 74232, 73
2026/07/29 00:05:39.944, 303.10, 100, 74232, 73
2026/07/29 00:05:40.981, 302.51, 100, 74232, 73
2026/07/29 00:05:42.017, 302.50, 100, 74232, 73
2026/07/29 00:05:43.054, 302.39, 100, 74232, 73
2026/07/29 00:05:44.090, 299.89, 100, 74232, 73
2026/07/29 00:05:45.127, 302.04, 100, 74232, 73
2026/07/29 00:05:46.173, 299.57, 100, 74232, 73
2026/07/29 00:05:47.212, 294.91, 100, 74232, 73
2026/07/29 00:05:48.250, 294.93, 100, 74232, 73
2026/07/29 00:05:49.290, 298.80, 100, 74232, 73
2026/07/29 00:05:50.326, 294.73, 100, 74232, 73
2026/07/29 00:05:51.365, 298.42, 100, 74232, 73
2026/07/29 00:05:52.402, 294.91, 100, 74232, 73
2026/07/29 00:05:53.439, 294.54, 100, 74232, 73
2026/07/29 00:05:54.476, 302.92, 100, 74232, 73
2026/07/29 00:05:55.513, 300.68, 100, 74232, 73
2026/07/29 00:05:56.550, 302.13, 100, 74232, 73
2026/07/29 00:05:57.587, 303.58, 100, 74232, 73
2026/07/29 00:05:58.623, 303.10, 100, 74232, 73
2026/07/29 00:05:59.661, 303.38, 100, 74232, 73
2026/07/29 00:06:00.698, 296.67, 100, 74232, 73
2026/07/29 00:06:01.740, 294.73, 100, 74232, 73
2026/07/29 00:06:02.777, 296.10, 100, 74232, 73
2026/07/29 00:06:03.814, 292.59, 100, 74232, 73
2026/07/29 00:06:04.852, 295.61, 100, 74232, 73
2026/07/29 00:06:05.889, 294.73, 100, 74232, 73
2026/07/29 00:06:06.926, 295.02, 100, 74232, 73
2026/07/29 00:06:07.963, 295.52, 100, 74232, 73
2026/07/29 00:06:09.000, 295.02, 100, 74232, 73
2026/07/29 00:06:10.037, 294.62, 100, 74232, 73
2026/07/29 00:06:11.076, 295.88, 100, 74232, 73
2026/07/29 00:06:12.113, 291.02, 100, 74232, 73
2026/07/29 00:06:13.150, 291.51, 100, 74232, 73
2026/07/29 00:06:14.187, 296.97, 100, 74232, 73
2026/07/29 00:06:15.223, 295.12, 100, 74232, 73
2026/07/29 00:06:16.260, 292.28, 100, 74232, 73
2026/07/29 00:06:17.301, 300.49, 100, 74232, 73
2026/07/29 00:06:18.338, 300.67, 100, 74232, 73
2026/07/29 00:06:19.375, 295.31, 100, 74232, 73
2026/07/29 00:06:20.413, 305.42, 100, 74232, 73
2026/07/29 00:06:21.450, 302.61, 100, 74232, 73
2026/07/29 00:06:22.487, 303.42, 100, 74232, 73
2026/07/29 00:06:23.524, 302.11, 100, 74232, 73
2026/07/29 00:06:24.561, 303.10, 100, 74232, 73
2026/07/29 00:06:25.600, 302.68, 100, 74232, 73
2026/07/29 00:06:26.637, 302.82, 100, 74232, 73
2026/07/29 00:06:27.674, 302.91, 100, 74232, 73
2026/07/29 00:06:28.710, 302.41, 100, 74232, 73
2026/07/29 00:06:29.746, 295.70, 100, 74232, 73
2026/07/29 00:06:30.785, 294.83, 100, 74232, 73
2026/07/29 00:06:31.821, 292.39, 100, 74232, 73
2026/07/29 00:06:32.858, 294.74, 100, 74232, 73
2026/07/29 00:06:33.894, 294.73, 100, 74232, 73
2026/07/29 00:06:34.932, 295.31, 100, 74232, 73
2026/07/29 00:06:35.969, 296.87, 100, 74232, 72
2026/07/29 00:06:37.005, 294.92, 100, 74232, 73
2026/07/29 00:06:38.042, 295.13, 100, 74232, 73
2026/07/29 00:06:39.078, 295.22, 100, 74232, 73
2026/07/29 00:06:40.115, 298.52, 100, 74232, 73
2026/07/29 00:06:41.151, 297.05, 100, 74232, 73
2026/07/29 00:06:42.189, 298.72, 100, 74232, 73
2026/07/29 00:06:43.226, 298.71, 100, 74232, 73
2026/07/29 00:06:44.262, 302.02, 100, 74232, 73
2026/07/29 00:06:45.299, 302.67, 100, 74232, 73
2026/07/29 00:06:46.335, 305.40, 100, 74232, 73
2026/07/29 00:06:47.371, 302.43, 100, 74232, 73
2026/07/29 00:06:48.407, 302.78, 100, 74232, 73
2026/07/29 00:06:49.445, 303.19, 100, 74232, 73
2026/07/29 00:06:50.481, 302.80, 100, 74232, 73
2026/07/29 00:06:51.520, 302.22, 100, 74232, 73
2026/07/29 00:06:52.557, 302.03, 100, 74232, 73
2026/07/29 00:06:53.593, 298.12, 100, 74232, 73
2026/07/29 00:06:54.629, 295.30, 100, 74232, 72
2026/07/29 00:06:55.676, 302.42, 100, 74232, 73
2026/07/29 00:06:56.713, 294.44, 100, 74232, 72
2026/07/29 00:06:57.750, 293.38, 100, 74232, 72
2026/07/29 00:06:58.792, 294.63, 100, 74232, 72
2026/07/29 00:06:59.829, 294.74, 100, 74232, 72
2026/07/29 00:07:00.865, 294.74, 100, 74232, 73
2026/07/29 00:07:01.905, 294.33, 100, 74232, 73
2026/07/29 00:07:02.942, 295.52, 100, 74232, 73
2026/07/29 00:07:03.982, 294.84, 100, 74232, 73
2026/07/29 00:07:05.019, 295.42, 100, 74232, 73
2026/07/29 00:07:06.055, 296.97, 100, 74232, 73
2026/07/29 00:07:07.092, 295.11, 100, 74232, 73
2026/07/29 00:07:08.129, 295.52, 100, 74232, 73
2026/07/29 00:07:09.166, 302.81, 100, 74232, 73
2026/07/29 00:07:10.202, 302.90, 100, 74232, 73
2026/07/29 00:07:11.240, 302.72, 100, 74232, 73
2026/07/29 00:07:12.277, 303.58, 100, 74232, 73
2026/07/29 00:07:13.315, 303.78, 100, 74232, 73
2026/07/29 00:07:14.352, 302.70, 100, 74232, 73
2026/07/29 00:07:15.390, 302.59, 100, 74232, 73
2026/07/29 00:07:16.430, 303.11, 100, 74232, 73
2026/07/29 00:07:17.467, 298.91, 100, 74232, 73
2026/07/29 00:07:18.503, 296.28, 100, 74232, 73
2026/07/29 00:07:19.540, 295.50, 100, 74232, 73
2026/07/29 00:07:20.579, 295.51, 100, 74232, 73
2026/07/29 00:07:21.619, 295.32, 100, 74232, 73
2026/07/29 00:07:22.656, 297.64, 100, 74232, 73
2026/07/29 00:07:23.696, 299.70, 100, 74232, 73
2026/07/29 00:07:24.735, 303.99, 100, 74232, 73
2026/07/29 00:07:25.771, 297.34, 100, 74232, 73
2026/07/29 00:07:26.808, 295.51, 100, 74232, 73
2026/07/29 00:07:27.845, 296.00, 100, 74232, 73
2026/07/29 00:07:28.882, 295.61, 100, 74232, 73
2026/07/29 00:07:29.919, 293.36, 100, 74232, 73
2026/07/29 00:07:30.960, 291.41, 100, 74232, 73
2026/07/29 00:07:31.997, 303.59, 100, 74232, 73
2026/07/29 00:07:33.034, 300.64, 100, 74232, 73
2026/07/29 00:07:34.071, 303.66, 100, 74232, 73
2026/07/29 00:07:35.107, 303.86, 100, 74232, 73
2026/07/29 00:07:36.147, 303.58, 100, 74232, 73
2026/07/29 00:07:37.183, 300.18, 100, 74232, 73
2026/07/29 00:07:38.219, 302.88, 100, 74232, 73
2026/07/29 00:07:39.256, 303.38, 100, 74232, 73
2026/07/29 00:07:40.294, 302.58, 100, 74232, 73
2026/07/29 00:07:41.331, 302.90, 100, 74232, 73
2026/07/29 00:07:42.368, 303.57, 100, 74232, 73
2026/07/29 00:07:43.405, 296.67, 100, 74232, 73
2026/07/29 00:07:44.442, 302.70, 100, 74232, 73
2026/07/29 00:07:45.479, 296.78, 100, 74232, 73
2026/07/29 00:07:46.516, 295.52, 100, 74232, 73
2026/07/29 00:07:47.552, 294.62, 100, 74232, 73
2026/07/29 00:07:48.588, 303.11, 100, 74232, 73
2026/07/29 00:07:49.624, 303.20, 100, 74232, 73
2026/07/29 00:07:50.659, 302.99, 100, 74232, 73
2026/07/29 00:07:51.696, 303.11, 100, 74232, 73
2026/07/29 00:07:52.733, 293.84, 100, 74232, 73
2026/07/29 00:07:53.768, 294.45, 100, 74232, 73
2026/07/29 00:07:54.805, 296.41, 100, 74232, 73
2026/07/29 00:07:55.841, 294.92, 100, 74232, 73
2026/07/29 00:07:56.876, 295.49, 100, 74232, 73
2026/07/29 00:07:57.914, 295.42, 100, 74232, 73
2026/07/29 00:07:58.951, 296.06, 100, 74232, 73
2026/07/29 00:07:59.987, 294.72, 100, 74232, 73
2026/07/29 00:08:01.024, 295.80, 100, 74232, 73
2026/07/29 00:08:02.061, 302.51, 100, 74232, 73
2026/07/29 00:08:03.098, 295.71, 100, 74232, 73
2026/07/29 00:08:04.134, 302.11, 100, 74232, 73
2026/07/29 00:08:05.169, 300.66, 100, 74232, 73
2026/07/29 00:08:06.206, 303.11, 100, 74232, 73
2026/07/29 00:08:07.243, 302.52, 100, 74232, 73
2026/07/29 00:08:08.281, 303.69, 100, 74232, 73
2026/07/29 00:08:09.318, 303.00, 100, 74232, 73
2026/07/29 00:08:10.355, 303.37, 100, 74232, 73
2026/07/29 00:08:11.392, 303.20, 100, 74232, 73
2026/07/29 00:08:12.429, 295.41, 100, 74232, 73
2026/07/29 00:08:13.466, 300.76, 100, 74232, 73
2026/07/29 00:08:14.503, 295.40, 100, 74232, 73
2026/07/29 00:08:15.540, 295.98, 100, 74232, 73
2026/07/29 00:08:16.576, 294.24, 100, 74232, 73
2026/07/29 00:08:17.614, 299.40, 100, 74232, 73
2026/07/29 00:08:18.651, 294.91, 100, 74232, 72
2026/07/29 00:08:19.687, 296.39, 100, 74232, 73
2026/07/29 00:08:20.724, 301.22, 100, 74232, 73
2026/07/29 00:08:21.761, 302.03, 100, 74232, 73
2026/07/29 00:08:22.797, 292.50, 100, 74232, 72
2026/07/29 00:08:23.834, 295.62, 100, 74232, 72
2026/07/29 00:08:24.870, 291.60, 100, 74232, 72
2026/07/29 00:08:25.907, 295.12, 100, 74232, 72
2026/07/29 00:08:26.943, 293.65, 100, 74232, 72
2026/07/29 00:08:27.979, 301.06, 100, 74232, 73
2026/07/29 00:08:29.015, 295.13, 100, 74232, 73
2026/07/29 00:08:30.052, 302.92, 100, 74232, 73
2026/07/29 00:08:31.088, 303.39, 100, 74232, 73
2026/07/29 00:08:32.125, 302.11, 100, 74232, 73
2026/07/29 00:08:33.162, 308.64, 0, 74232, 73
2026/07/29 00:08:34.197, 287.60, 100, 74232, 74
2026/07/29 00:08:35.234, 288.89, 100, 74232, 74
2026/07/29 00:08:36.269, 301.55, 100, 74232, 74
2026/07/29 00:08:37.308, 297.38, 100, 74232, 74
2026/07/29 00:08:38.343, 284.35, 100, 74232, 74
2026/07/29 00:08:39.381, 320.18, 100, 74232, 74
2026/07/29 00:08:40.417, 301.54, 100, 74232, 72
2026/07/29 00:08:41.454, 301.64, 100, 74232, 72
2026/07/29 00:08:42.494, 304.53, 100, 74232, 72
2026/07/29 00:08:43.531, 293.94, 100, 74232, 72
2026/07/29 00:08:44.571, 292.19, 100, 74232, 72
2026/07/29 00:08:45.608, 294.14, 100, 74232, 73
2026/07/29 00:08:46.645, 295.61, 100, 74232, 73
2026/07/29 00:08:47.685, 295.11, 100, 74232, 73
2026/07/29 00:08:48.722, 294.93, 100, 74232, 73
2026/07/29 00:08:49.759, 295.88, 100, 74232, 73
2026/07/29 00:08:50.797, 294.33, 100, 74232, 73
2026/07/29 00:08:51.834, 294.64, 100, 74232, 73
2026/07/29 00:08:52.873, 295.42, 100, 74232, 73
2026/07/29 00:08:53.911, 295.02, 100, 74232, 73
2026/07/29 00:08:54.948, 295.93, 100, 74232, 73
2026/07/29 00:08:55.984, 294.52, 100, 74232, 73
2026/07/29 00:08:57.021, 302.22, 100, 74232, 73
2026/07/29 00:08:58.057, 298.61, 100, 74232, 73
2026/07/29 00:08:59.094, 295.59, 100, 74232, 73
2026/07/29 00:09:00.132, 302.14, 100, 74232, 73
2026/07/29 00:09:01.169, 303.17, 100, 74232, 73
2026/07/29 00:09:02.208, 301.93, 100, 74232, 73
2026/07/29 00:09:03.244, 301.83, 100, 74232, 73
2026/07/29 00:09:04.281, 302.03, 100, 74232, 73
2026/07/29 00:09:05.319, 305.53, 100, 74232, 73
2026/07/29 00:09:06.357, 299.39, 100, 74232, 73
2026/07/29 00:09:07.395, 297.76, 100, 74232, 73
2026/07/29 00:09:08.432, 302.04, 100, 74232, 73
2026/07/29 00:09:09.469, 301.73, 100, 74232, 73
2026/07/29 00:09:10.506, 294.34, 100, 74232, 73
2026/07/29 00:09:11.543, 300.09, 100, 74232, 73
2026/07/29 00:09:12.582, 299.79, 100, 74232, 73
2026/07/29 00:09:13.621, 294.34, 100, 74232, 73
2026/07/29 00:09:14.657, 302.89, 100, 74232, 73
2026/07/29 00:09:15.695, 301.92, 100, 74232, 73
2026/07/29 00:09:16.731, 302.51, 100, 74232, 73
2026/07/29 00:09:17.768, 302.23, 100, 74232, 73
2026/07/29 00:09:18.807, 302.32, 100, 74232, 73
2026/07/29 00:09:19.844, 294.33, 100, 74232, 72
2026/07/29 00:09:20.881, 297.07, 100, 74232, 73
2026/07/29 00:09:21.920, 302.13, 100, 74232, 73
2026/07/29 00:09:22.957, 302.70, 100, 74232, 73
2026/07/29 00:09:23.993, 293.95, 100, 74232, 73
2026/07/29 00:09:25.029, 291.61, 100, 74232, 72
2026/07/29 00:09:26.068, 295.68, 100, 74232, 72
2026/07/29 00:09:27.104, 299.98, 100, 74232, 72
2026/07/29 00:09:28.140, 296.67, 100, 74232, 72
2026/07/29 00:09:29.178, 297.56, 100, 74232, 73
2026/07/29 00:09:30.214, 298.33, 100, 74232, 72
2026/07/29 00:09:31.251, 301.44, 100, 74232, 72
2026/07/29 00:09:32.288, 301.83, 100, 74232, 73
2026/07/29 00:09:33.325, 302.40, 100, 74232, 73
2026/07/29 00:09:34.361, 302.20, 100, 74232, 73
2026/07/29 00:09:35.398, 301.93, 100, 74232, 73
2026/07/29 00:09:36.434, 301.25, 100, 74232, 73
2026/07/29 00:09:37.470, 296.18, 100, 74232, 72
2026/07/29 00:09:38.506, 302.11, 100, 74232, 72
2026/07/29 00:09:39.545, 303.46, 100, 74232, 73
2026/07/29 00:09:40.581, 303.09, 100, 74232, 73
2026/07/29 00:09:41.618, 305.99, 100, 74232, 73
2026/07/29 00:09:42.654, 302.91, 100, 74232, 73
2026/07/29 00:09:43.691, 295.11, 100, 74232, 73
2026/07/29 00:09:44.727, 294.54, 100, 74232, 73
2026/07/29 00:09:45.763, 296.56, 100, 74232, 73
2026/07/29 00:09:46.799, 297.55, 100, 74232, 73
2026/07/29 00:09:47.836, 295.22, 100, 74232, 73
2026/07/29 00:09:48.874, 301.73, 100, 74232, 73
2026/07/29 00:09:49.910, 301.52, 100, 74232, 73
2026/07/29 00:09:50.947, 298.61, 100, 74232, 73
2026/07/29 00:09:51.985, 301.62, 100, 74232, 73
2026/07/29 00:09:53.022, 303.88, 100, 74232, 73
2026/07/29 00:09:54.060, 302.04, 100, 74232, 73
2026/07/29 00:09:55.098, 305.70, 100, 74232, 73
2026/07/29 00:09:56.135, 297.83, 100, 74232, 73
2026/07/29 00:09:57.172, 296.65, 100, 74232, 73
2026/07/29 00:09:58.209, 294.41, 100, 74232, 73
2026/07/29 00:09:59.246, 294.15, 100, 74232, 73
2026/07/29 00:10:00.283, 294.16, 100, 74232, 73
2026/07/29 00:10:01.320, 293.84, 100, 74232, 73
2026/07/29 00:10:02.357, 299.11, 100, 74232, 73
2026/07/29 00:10:03.395, 301.36, 100, 74232, 73
2026/07/29 00:10:04.432, 302.81, 100, 74232, 73
2026/07/29 00:10:05.470, 302.71, 100, 74232, 73
2026/07/29 00:10:06.506, 304.57, 100, 74232, 73
2026/07/29 00:10:07.542, 302.29, 100, 74232, 73
2026/07/29 00:10:08.580, 304.02, 100, 74232, 73
2026/07/29 00:10:09.616, 302.53, 100, 74232, 73
2026/07/29 00:10:10.651, 302.62, 100, 74232, 73
2026/07/29 00:10:11.692, 301.74, 100, 74232, 73
2026/07/29 00:10:12.731, 299.98, 100, 74232, 72
2026/07/29 00:10:13.767, 291.22, 100, 74232, 72
2026/07/29 00:10:14.808, 297.73, 100, 74232, 72
2026/07/29 00:10:15.845, 294.13, 100, 74232, 72
2026/07/29 00:10:16.886, 294.75, 100, 74232, 72
2026/07/29 00:10:17.923, 294.14, 100, 74232, 72
2026/07/29 00:10:18.964, 294.73, 100, 74232, 72
2026/07/29 00:10:20.001, 294.26, 100, 74232, 72
2026/07/29 00:10:21.038, 298.03, 100, 74232, 72
2026/07/29 00:10:22.074, 302.43, 100, 74232, 72
2026/07/29 00:10:23.111, 301.45, 100, 74232, 72
2026/07/29 00:10:24.148, 302.30, 100, 74232, 73
2026/07/29 00:10:25.185, 300.18, 100, 74232, 72
2026/07/29 00:10:26.222, 301.73, 100, 74232, 73
2026/07/29 00:10:27.259, 302.62, 100, 74232, 72
2026/07/29 00:10:28.297, 301.13, 100, 74232, 72
2026/07/29 00:10:29.334, 303.69, 100, 74232, 72
2026/07/29 00:10:30.370, 301.93, 100, 74232, 72
2026/07/29 00:10:31.407, 293.85, 100, 74232, 72
2026/07/29 00:10:32.443, 294.61, 100, 74232, 72
2026/07/29 00:10:33.480, 291.39, 100, 74232, 72
2026/07/29 00:10:34.517, 295.89, 100, 74232, 72
2026/07/29 00:10:35.556, 301.06, 100, 74232, 72
2026/07/29 00:10:36.594, 294.15, 100, 74232, 72
2026/07/29 00:10:37.630, 302.16, 100, 74232, 72
2026/07/29 00:10:38.666, 302.01, 100, 74232, 72
2026/07/29 00:10:39.702, 298.34, 100, 74232, 72
2026/07/29 00:10:40.738, 302.31, 100, 74232, 72
2026/07/29 00:10:41.775, 302.90, 100, 74232, 72
2026/07/29 00:10:42.813, 301.73, 100, 74232, 72
2026/07/29 00:10:43.849, 302.24, 100, 74232, 72
2026/07/29 00:10:44.886, 301.93, 100, 74232, 72
2026/07/29 00:10:45.924, 302.32, 100, 74232, 72
2026/07/29 00:10:46.960, 302.92, 100, 74232, 72
2026/07/29 00:10:47.999, 302.12, 100, 74232, 72
2026/07/29 00:10:49.040, 303.78, 100, 74232, 72
2026/07/29 00:10:50.076, 301.74, 100, 74232, 72
2026/07/29 00:10:51.114, 304.35, 100, 74232, 72
2026/07/29 00:10:52.150, 302.02, 100, 74232, 72
2026/07/29 00:10:53.188, 302.83, 100, 74232, 72
2026/07/29 00:10:54.225, 295.30, 100, 74232, 72
2026/07/29 00:10:55.264, 291.62, 100, 74232, 72
2026/07/29 00:10:56.301, 290.45, 100, 74232, 72
2026/07/29 00:10:57.337, 290.55, 100, 74232, 72
2026/07/29 00:10:58.375, 298.81, 100, 74232, 72
2026/07/29 00:10:59.412, 303.58, 100, 74232, 72
2026/07/29 00:11:00.451, 302.52, 100, 74232, 72
2026/07/29 00:11:01.489, 303.78, 100, 74232, 72
2026/07/29 00:11:02.527, 301.83, 100, 74232, 72
2026/07/29 00:11:03.564, 301.64, 100, 74232, 72
2026/07/29 00:11:04.601, 294.15, 100, 74232, 72
2026/07/29 00:11:05.637, 293.17, 100, 74232, 72
2026/07/29 00:11:06.678, 290.92, 100, 74232, 72
2026/07/29 00:11:07.718, 295.89, 100, 74232, 72
2026/07/29 00:11:08.755, 294.33, 100, 74232, 72
2026/07/29 00:11:09.795, 294.64, 100, 74232, 72
2026/07/29 00:11:10.832, 297.95, 100, 74232, 72
2026/07/29 00:11:11.869, 295.79, 100, 74232, 72
2026/07/29 00:11:12.907, 298.31, 100, 74232, 72
2026/07/29 00:11:13.943, 299.99, 100, 74232, 72
2026/07/29 00:11:14.980, 299.11, 100, 74232, 72
2026/07/29 00:11:16.015, 301.24, 100, 74232, 72
2026/07/29 00:11:17.054, 302.23, 100, 74232, 72
2026/07/29 00:11:18.091, 302.63, 100, 74232, 72
2026/07/29 00:11:19.127, 302.23, 100, 74232, 72
2026/07/29 00:11:20.164, 302.01, 100, 74232, 72
2026/07/29 00:11:21.200, 302.51, 100, 74232, 72
2026/07/29 00:11:22.239, 301.84, 100, 74232, 72
2026/07/29 00:11:23.277, 302.67, 100, 74232, 72
2026/07/29 00:11:24.315, 290.64, 100, 74232, 72
2026/07/29 00:11:25.352, 291.12, 100, 74232, 72
2026/07/29 00:11:26.389, 294.04, 100, 74232, 72
2026/07/29 00:11:27.428, 300.47, 100, 74232, 72
2026/07/29 00:11:28.466, 296.87, 100, 74232, 72
2026/07/29 00:11:29.505, 296.49, 100, 74232, 72
2026/07/29 00:11:30.543, 301.93, 100, 74232, 72
2026/07/29 00:11:31.579, 302.43, 100, 74232, 72
2026/07/29 00:11:32.615, 301.64, 100, 74232, 72
2026/07/29 00:11:33.653, 303.51, 100, 74232, 72
2026/07/29 00:11:34.689, 302.30, 100, 74232, 72
2026/07/29 00:11:35.727, 302.13, 100, 74232, 72
2026/07/29 00:11:36.764, 301.24, 100, 74232, 72
2026/07/29 00:11:37.800, 295.89, 100, 74232, 72
2026/07/29 00:11:38.836, 295.31, 100, 74232, 72
2026/07/29 00:11:39.873, 301.14, 100, 74232, 72
2026/07/29 00:11:40.910, 301.85, 100, 74232, 72
2026/07/29 00:11:41.948, 302.03, 100, 74232, 72
2026/07/29 00:11:42.986, 303.08, 100, 74232, 72
2026/07/29 00:11:44.023, 301.91, 100, 74232, 72
2026/07/29 00:11:45.061, 303.54, 100, 74232, 72
2026/07/29 00:11:46.097, 294.24, 100, 74232, 72
2026/07/29 00:11:47.134, 301.77, 100, 74232, 72
2026/07/29 00:11:48.170, 297.65, 100, 74232, 72
2026/07/29 00:11:49.206, 302.12, 100, 74232, 72
2026/07/29 00:11:50.243, 302.02, 100, 74232, 72
2026/07/29 00:11:51.280, 301.15, 100, 74232, 72
2026/07/29 00:11:52.317, 302.13, 100, 74232, 72
2026/07/29 00:11:53.354, 290.83, 100, 74232, 72
2026/07/29 00:11:54.390, 294.33, 100, 74232, 72
2026/07/29 00:11:55.427, 302.19, 100, 74232, 72
2026/07/29 00:11:56.463, 302.12, 100, 74232, 72
2026/07/29 00:11:57.500, 298.62, 100, 74232, 72
2026/07/29 00:11:58.537, 301.84, 100, 74232, 72
2026/07/29 00:11:59.573, 302.42, 100, 74232, 72
2026/07/29 00:12:00.611, 304.35, 100, 74232, 73
2026/07/29 00:12:01.650, 303.86, 100, 74232, 73
2026/07/29 00:12:02.687, 302.63, 100, 74232, 73
2026/07/29 00:12:03.723, 303.37, 100, 74232, 73
2026/07/29 00:12:04.759, 301.94, 100, 74232, 73
2026/07/29 00:12:05.797, 302.02, 100, 74232, 73
2026/07/29 00:12:06.835, 296.87, 100, 74232, 72
2026/07/29 00:12:07.871, 303.09, 100, 74232, 73
2026/07/29 00:12:08.908, 291.40, 100, 74232, 72
2026/07/29 00:12:09.944, 298.23, 100, 74232, 73
2026/07/29 00:12:10.982, 295.89, 100, 74232, 72
2026/07/29 00:12:12.018, 295.21, 100, 74232, 73
2026/07/29 00:12:13.056, 295.69, 100, 74232, 73
2026/07/29 00:12:14.093, 294.53, 100, 74232, 73
2026/07/29 00:12:15.133, 302.40, 100, 74232, 73
2026/07/29 00:12:16.170, 298.23, 100, 74232, 73
2026/07/29 00:12:17.207, 298.40, 100, 74232, 73
2026/07/29 00:12:18.245, 302.06, 100, 74232, 73
2026/07/29 00:12:19.285, 299.31, 100, 74232, 73
2026/07/29 00:12:20.323, 302.51, 100, 74232, 73
2026/07/29 00:12:21.360, 299.69, 100, 74232, 73
2026/07/29 00:12:22.397, 302.82, 100, 74232, 73
2026/07/29 00:12:23.433, 303.29, 100, 74232, 73
2026/07/29 00:12:24.470, 302.62, 100, 74232, 73
2026/07/29 00:12:25.508, 301.72, 100, 74232, 73
2026/07/29 00:12:26.545, 302.70, 100, 74232, 73
2026/07/29 00:12:27.584, 302.78, 100, 74232, 73
2026/07/29 00:12:28.622, 303.30, 100, 74232, 73
2026/07/29 00:12:29.659, 299.51, 100, 74232, 73
2026/07/29 00:12:30.697, 303.10, 100, 74232, 73
2026/07/29 00:12:31.735, 302.59, 100, 74232, 73
2026/07/29 00:12:32.772, 303.29, 100, 74232, 73
2026/07/29 00:12:33.809, 302.81, 100, 74232, 73
2026/07/29 00:12:34.846, 304.27, 100, 74232, 73
2026/07/29 00:12:35.884, 302.60, 100, 74232, 73
2026/07/29 00:12:36.919, 302.30, 100, 74232, 73
2026/07/29 00:12:37.956, 301.64, 100, 74232, 73
2026/07/29 00:12:38.992, 303.12, 100, 74232, 73
2026/07/29 00:12:40.027, 302.52, 100, 74232, 73
2026/07/29 00:12:41.069, 297.92, 100, 74232, 72
2026/07/29 00:12:42.106, 295.80, 100, 74232, 72
2026/07/29 00:12:43.142, 295.70, 100, 74232, 72
2026/07/29 00:12:44.179, 290.35, 100, 74232, 72
2026/07/29 00:12:45.216, 302.42, 100, 74232, 73
2026/07/29 00:12:46.253, 304.15, 100, 74232, 73
2026/07/29 00:12:47.289, 303.19, 100, 74232, 73
2026/07/29 00:12:48.327, 302.39, 100, 74232, 73
2026/07/29 00:12:49.363, 302.77, 100, 74232, 73
2026/07/29 00:12:50.401, 303.59, 100, 74232, 72
2026/07/29 00:12:51.437, 295.29, 100, 74232, 72
2026/07/29 00:12:52.476, 295.01, 100, 74232, 72
2026/07/29 00:12:53.512, 295.11, 100, 74232, 72
2026/07/29 00:12:54.550, 294.81, 100, 74232, 72
2026/07/29 00:12:55.587, 298.44, 100, 74232, 72
2026/07/29 00:12:56.623, 301.06, 100, 74232, 72
2026/07/29 00:12:57.662, 301.53, 100, 74232, 72
2026/07/29 00:12:58.698, 303.90, 100, 74232, 73
2026/07/29 00:12:59.736, 302.60, 100, 74232, 73
2026/07/29 00:13:00.772, 303.39, 100, 74232, 72
2026/07/29 00:13:01.809, 294.71, 100, 74232, 72
2026/07/29 00:13:02.846, 294.45, 100, 74232, 72
2026/07/29 00:13:03.885, 291.13, 100, 74232, 72
2026/07/29 00:13:04.921, 293.05, 100, 74232, 72
2026/07/29 00:13:05.958, 294.92, 100, 74232, 72
2026/07/29 00:13:06.994, 294.83, 100, 74232, 72
2026/07/29 00:13:08.031, 294.35, 100, 74232, 72
2026/07/29 00:13:09.067, 297.94, 100, 74232, 72
2026/07/29 00:13:10.104, 300.38, 100, 74232, 72
2026/07/29 00:13:11.144, 301.94, 100, 74232, 72
2026/07/29 00:13:12.180, 302.59, 100, 74232, 72
2026/07/29 00:13:13.218, 302.78, 100, 74232, 72
2026/07/29 00:13:14.255, 302.53, 100, 74232, 72
2026/07/29 00:13:15.293, 302.91, 100, 74232, 72
2026/07/29 00:13:16.330, 303.70, 100, 74232, 72
2026/07/29 00:13:17.367, 302.22, 100, 74232, 72
2026/07/29 00:13:18.403, 298.71, 100, 74232, 72
2026/07/29 00:13:19.440, 295.11, 100, 74232, 72
2026/07/29 00:13:20.476, 302.62, 100, 74232, 72
2026/07/29 00:13:21.512, 302.52, 100, 74232, 72
2026/07/29 00:13:22.548, 298.64, 100, 74232, 72
2026/07/29 00:13:23.586, 302.90, 100, 74232, 72
2026/07/29 00:13:24.623, 298.32, 100, 74232, 72
2026/07/29 00:13:25.660, 295.12, 100, 74232, 72
2026/07/29 00:13:26.699, 293.64, 100, 74232, 72
2026/07/29 00:13:27.736, 290.84, 100, 74232, 72
2026/07/29 00:13:28.774, 294.63, 100, 74232, 72
2026/07/29 00:13:29.811, 295.14, 100, 74232, 72
2026/07/29 00:13:30.851, 295.20, 100, 74232, 72
2026/07/29 00:13:31.888, 294.33, 100, 74232, 72
2026/07/29 00:13:32.925, 295.43, 100, 74232, 72
2026/07/29 00:13:33.962, 98.19, 0, 74232, 69
2026/07/29 00:13:34.995, 97.61, 0, 74232, 68
2026/07/29 00:13:36.026, 96.32, 0, 74232, 68
2026/07/29 00:13:37.058, 95.53, 0, 74232, 67
2026/07/29 00:13:38.090, 93.75, 0, 74232, 66
2026/07/29 00:13:39.122, 93.11, 0, 74232, 66
2026/07/29 00:13:40.155, 92.56, 0, 74232, 65
2026/07/29 00:13:41.187, 92.86, 0, 74232, 65
2026/07/29 00:13:42.223, 282.36, 100, 74232, 70
2026/07/29 00:13:43.258, 289.20, 100, 74232, 70
2026/07/29 00:13:44.296, 320.55, 100, 74232, 71
2026/07/29 00:13:45.330, 312.23, 100, 74232, 71
2026/07/29 00:13:46.364, 309.08, 100, 74232, 71
2026/07/29 00:13:47.398, 294.16, 100, 74232, 71
2026/07/29 00:13:48.434, 305.62, 100, 74232, 70
2026/07/29 00:13:49.471, 306.01, 100, 74232, 70
2026/07/29 00:13:50.509, 305.02, 100, 74232, 70
2026/07/29 00:13:51.548, 291.80, 100, 74232, 70
2026/07/29 00:13:52.587, 298.33, 100, 74232, 70
2026/07/29 00:13:53.624, 292.38, 100, 74232, 70
2026/07/29 00:13:54.662, 288.39, 100, 74232, 70
2026/07/29 00:13:55.699, 287.89, 100, 74232, 71
2026/07/29 00:13:56.738, 292.07, 100, 74232, 71
2026/07/29 00:13:57.775, 293.06, 100, 74232, 71
2026/07/29 00:13:58.813, 291.81, 100, 74232, 71
2026/07/29 00:13:59.851, 292.56, 100, 74232, 71
2026/07/29 00:14:00.892, 294.31, 100, 74232, 71
2026/07/29 00:14:01.929, 291.80, 100, 74232, 71
2026/07/29 00:14:02.966, 289.08, 100, 74232, 71
2026/07/29 00:14:04.003, 292.10, 100, 74232, 71
2026/07/29 00:14:05.040, 291.71, 100, 74232, 71
2026/07/29 00:14:06.077, 293.45, 100, 74232, 71
2026/07/29 00:14:07.114, 292.89, 100, 74232, 72
2026/07/29 00:14:08.154, 297.05, 100, 74232, 72
2026/07/29 00:14:09.191, 301.06, 100, 74232, 72
2026/07/29 00:14:10.227, 296.76, 100, 74232, 72
2026/07/29 00:14:11.264, 302.48, 100, 74232, 72
2026/07/29 00:14:12.299, 300.56, 100, 74232, 72
2026/07/29 00:14:13.336, 300.27, 100, 74232, 72
2026/07/29 00:14:14.372, 301.25, 100, 74232, 72
2026/07/29 00:14:15.408, 301.14, 100, 74232, 72
2026/07/29 00:14:16.444, 301.64, 100, 74232, 72
2026/07/29 00:14:17.483, 301.72, 100, 74232, 72
2026/07/29 00:14:18.519, 301.43, 100, 74232, 72
2026/07/29 00:14:19.554, 300.96, 100, 74232, 72
2026/07/29 00:14:20.591, 294.72, 100, 74232, 72
2026/07/29 00:14:21.628, 294.43, 100, 74232, 72
2026/07/29 00:14:22.665, 296.68, 100, 74232, 72
2026/07/29 00:14:23.700, 295.03, 100, 74232, 72
2026/07/29 00:14:24.737, 293.93, 100, 74232, 72
2026/07/29 00:14:25.773, 294.05, 100, 74232, 72
2026/07/29 00:14:26.810, 294.81, 100, 74232, 72
2026/07/29 00:14:27.846, 301.16, 100, 74232, 72
2026/07/29 00:14:28.883, 303.36, 100, 74232, 72
2026/07/29 00:14:29.919, 301.04, 100, 74232, 72
2026/07/29 00:14:30.957, 303.49, 100, 74232, 72
2026/07/29 00:14:31.994, 301.25, 100, 74232, 72
2026/07/29 00:14:33.030, 301.82, 100, 74232, 72
2026/07/29 00:14:34.066, 302.62, 100, 74232, 72
2026/07/29 00:14:35.102, 301.72, 100, 74232, 72
2026/07/29 00:14:36.138, 303.00, 100, 74232, 72
2026/07/29 00:14:37.176, 301.91, 100, 74232, 72
2026/07/29 00:14:38.211, 302.22, 100, 74232, 72
2026/07/29 00:14:39.248, 302.03, 100, 74232, 72
2026/07/29 00:14:40.286, 302.52, 100, 74232, 72
2026/07/29 00:14:41.323, 301.22, 100, 74232, 72
2026/07/29 00:14:42.361, 295.21, 100, 74232, 72
2026/07/29 00:14:43.397, 294.15, 100, 74232, 72
2026/07/29 00:14:44.435, 294.04, 100, 74232, 72
2026/07/29 00:14:45.471, 294.53, 100, 74232, 72
2026/07/29 00:14:46.509, 294.74, 100, 74232, 72
2026/07/29 00:14:47.545, 297.07, 100, 74232, 72
2026/07/29 00:14:48.582, 296.96, 100, 74232, 72
2026/07/29 00:14:49.618, 297.36, 100, 74232, 72
2026/07/29 00:14:50.654, 301.43, 100, 74232, 72
2026/07/29 00:14:51.691, 301.35, 100, 74232, 72
2026/07/29 00:14:52.727, 297.73, 100, 74232, 72
2026/07/29 00:14:53.766, 301.74, 100, 74232, 72
2026/07/29 00:14:54.804, 301.55, 100, 74232, 72
2026/07/29 00:14:55.841, 301.85, 100, 74232, 72
2026/07/29 00:14:56.878, 301.74, 100, 74232, 72
2026/07/29 00:14:57.914, 302.52, 100, 74232, 72
2026/07/29 00:14:58.954, 302.09, 100, 74232, 72
2026/07/29 00:14:59.991, 301.41, 100, 74232, 72
2026/07/29 00:15:01.028, 302.01, 100, 74232, 72
2026/07/29 00:15:02.064, 302.52, 100, 74232, 72
2026/07/29 00:15:03.100, 301.15, 100, 74232, 72
2026/07/29 00:15:04.136, 295.31, 100, 74232, 72
2026/07/29 00:15:05.173, 294.43, 100, 74232, 72
2026/07/29 00:15:06.210, 300.47, 100, 74232, 72
2026/07/29 00:15:07.248, 298.24, 100, 74232, 72
2026/07/29 00:15:08.285, 295.01, 100, 74232, 72
2026/07/29 00:15:09.322, 290.54, 100, 74232, 72
2026/07/29 00:15:10.358, 290.33, 100, 74232, 72
2026/07/29 00:15:11.395, 294.15, 100, 74232, 72
2026/07/29 00:15:12.433, 293.76, 100, 74232, 72
2026/07/29 00:15:13.470, 294.92, 100, 74232, 72
2026/07/29 00:15:14.505, 298.61, 100, 74232, 72
2026/07/29 00:15:15.541, 300.11, 100, 74232, 72
2026/07/29 00:15:16.579, 302.22, 100, 74232, 72
2026/07/29 00:15:17.618, 303.84, 100, 74232, 72
2026/07/29 00:15:18.654, 302.10, 100, 74232, 72
2026/07/29 00:15:19.691, 301.75, 100, 74232, 72
2026/07/29 00:15:20.728, 301.90, 100, 74232, 72
2026/07/29 00:15:21.765, 302.53, 100, 74232, 72
2026/07/29 00:15:22.802, 301.25, 100, 74232, 73
2026/07/29 00:15:23.838, 301.32, 100, 74232, 72
2026/07/29 00:15:24.875, 302.12, 100, 74232, 73
2026/07/29 00:15:25.913, 303.00, 100, 74232, 72
2026/07/29 00:15:26.950, 295.34, 100, 74232, 72
2026/07/29 00:15:27.987, 291.03, 100, 74232, 72
2026/07/29 00:15:29.022, 290.83, 100, 74232, 72
2026/07/29 00:15:30.058, 295.11, 100, 74232, 72
2026/07/29 00:15:31.096, 294.14, 100, 74232, 72
2026/07/29 00:15:32.133, 293.93, 100, 74232, 72
2026/07/29 00:15:33.171, 295.22, 100, 74232, 72
2026/07/29 00:15:34.208, 295.04, 100, 74232, 72
2026/07/29 00:15:35.245, 294.81, 100, 74232, 72
2026/07/29 00:15:36.282, 294.44, 100, 74232, 72
2026/07/29 00:15:37.321, 301.72, 100, 74232, 72
2026/07/29 00:15:38.358, 295.40, 100, 74232, 72
2026/07/29 00:15:39.394, 302.52, 100, 74232, 72
2026/07/29 00:15:40.429, 302.78, 100, 74232, 72
2026/07/29 00:15:41.466, 301.73, 100, 74232, 72
2026/07/29 00:15:42.502, 302.13, 100, 74232, 72
2026/07/29 00:15:43.539, 303.20, 100, 74232, 72
2026/07/29 00:15:44.576, 303.48, 100, 74232, 72
2026/07/29 00:15:45.613, 301.81, 100, 74232, 72
2026/07/29 00:15:46.649, 302.22, 100, 74232, 72
2026/07/29 00:15:47.686, 301.65, 100, 74232, 72
2026/07/29 00:15:48.723, 301.92, 100, 74232, 72
2026/07/29 00:15:49.763, 303.99, 100, 74232, 72
2026/07/29 00:15:50.800, 292.29, 100, 74232, 72
2026/07/29 00:15:51.835, 295.30, 100, 74232, 72
2026/07/29 00:15:52.872, 294.32, 100, 74232, 72
2026/07/29 00:15:53.908, 294.15, 100, 74232, 72
2026/07/29 00:15:54.945, 294.05, 100, 74232, 72
2026/07/29 00:15:55.983, 294.43, 100, 74232, 72
2026/07/29 00:15:57.021, 294.53, 100, 74232, 72
2026/07/29 00:15:58.058, 297.15, 100, 74232, 72
2026/07/29 00:15:59.096, 296.57, 100, 74232, 72
2026/07/29 00:16:00.133, 301.74, 100, 74232, 72
2026/07/29 00:16:01.170, 302.88, 100, 74232, 72
2026/07/29 00:16:02.208, 302.70, 100, 74232, 72
2026/07/29 00:16:03.246, 305.14, 100, 74232, 72
2026/07/29 00:16:04.283, 303.31, 100, 74232, 72
2026/07/29 00:16:05.321, 302.20, 100, 74232, 72
2026/07/29 00:16:06.360, 303.10, 100, 74232, 72
2026/07/29 00:16:07.397, 301.85, 100, 74232, 72
2026/07/29 00:16:08.435, 301.53, 100, 74232, 72
2026/07/29 00:16:09.472, 302.02, 100, 74232, 72
2026/07/29 00:16:10.510, 301.65, 100, 74232, 72
2026/07/29 00:16:11.546, 302.51, 100, 74232, 72
2026/07/29 00:16:12.583, 303.01, 100, 74232, 72
2026/07/29 00:16:13.619, 301.93, 100, 74232, 72
2026/07/29 00:16:14.657, 303.23, 100, 74232, 72
2026/07/29 00:16:15.695, 302.32, 100, 74232, 72
2026/07/29 00:16:16.733, 303.10, 100, 74232, 72
2026/07/29 00:16:17.772, 302.53, 100, 74232, 72
2026/07/29 00:16:18.809, 303.00, 100, 74232, 72
2026/07/29 00:16:19.844, 302.31, 100, 74232, 72
2026/07/29 00:16:20.881, 297.24, 100, 74232, 72
2026/07/29 00:16:21.920, 301.34, 100, 74232, 72
2026/07/29 00:16:22.958, 291.05, 100, 74232, 72
2026/07/29 00:16:23.994, 294.62, 100, 74232, 72
2026/07/29 00:16:25.031, 298.73, 100, 74232, 72
2026/07/29 00:16:26.070, 300.40, 100, 74232, 72
2026/07/29 00:16:27.109, 298.95, 100, 74232, 72
2026/07/29 00:16:28.145, 298.71, 100, 74232, 72
2026/07/29 00:16:29.184, 301.76, 100, 74232, 72
2026/07/29 00:16:30.222, 302.73, 100, 74232, 72
2026/07/29 00:16:31.260, 301.83, 100, 74232, 72
2026/07/29 00:16:32.296, 302.52, 100, 74232, 72
2026/07/29 00:16:33.333, 302.01, 100, 74232, 72
2026/07/29 00:16:34.371, 297.64, 100, 74232, 72
2026/07/29 00:16:35.407, 302.43, 100, 74232, 72
2026/07/29 00:16:36.444, 301.35, 100, 74232, 72
2026/07/29 00:16:37.480, 302.11, 100, 74232, 72
2026/07/29 00:16:38.517, 302.49, 100, 74232, 72
2026/07/29 00:16:39.554, 304.26, 100, 74232, 72
2026/07/29 00:16:40.591, 302.59, 100, 74232, 72
2026/07/29 00:16:41.628, 302.99, 100, 74232, 72
2026/07/29 00:16:42.666, 301.64, 100, 74232, 72
2026/07/29 00:16:43.703, 291.31, 100, 74232, 72
2026/07/29 00:16:44.742, 294.53, 100, 74232, 72
2026/07/29 00:16:45.779, 296.09, 100, 74232, 72
2026/07/29 00:16:46.815, 301.25, 100, 74232, 72
2026/07/29 00:16:47.851, 290.13, 100, 74232, 72
2026/07/29 00:16:48.889, 295.49, 100, 74232, 72
2026/07/29 00:16:49.926, 297.84, 100, 74232, 72
2026/07/29 00:16:50.960, 297.04, 100, 74232, 72
2026/07/29 00:16:51.997, 294.14, 100, 74232, 72
2026/07/29 00:16:53.036, 294.64, 100, 74232, 72
2026/07/29 00:16:54.074, 302.28, 100, 74232, 72
2026/07/29 00:16:55.111, 299.00, 100, 74232, 72
2026/07/29 00:16:56.151, 290.92, 100, 74232, 72
2026/07/29 00:16:57.187, 302.29, 100, 74232, 72
2026/07/29 00:16:58.226, 302.77, 100, 74232, 72
2026/07/29 00:16:59.263, 302.03, 100, 74232, 72
2026/07/29 00:17:00.299, 301.73, 100, 74232, 72
2026/07/29 00:17:01.336, 302.59, 100, 74232, 72
2026/07/29 00:17:02.373, 302.43, 100, 74232, 72
2026/07/29 00:17:03.410, 301.92, 100, 74232, 72
2026/07/29 00:17:04.448, 303.58, 100, 74232, 72
2026/07/29 00:17:05.484, 301.93, 100, 74232, 72
2026/07/29 00:17:06.521, 303.02, 100, 74232, 72
2026/07/29 00:17:07.557, 300.55, 100, 74232, 72
2026/07/29 00:17:08.595, 300.00, 100, 74232, 72
2026/07/29 00:17:09.632, 299.80, 100, 74232, 72
2026/07/29 00:17:10.669, 294.53, 100, 74232, 72
2026/07/29 00:17:11.705, 292.37, 100, 74232, 72
2026/07/29 00:17:12.743, 290.55, 100, 74232, 72
2026/07/29 00:17:13.780, 293.95, 100, 74232, 72
2026/07/29 00:17:14.817, 294.80, 100, 74232, 72
2026/07/29 00:17:15.857, 294.15, 100, 74232, 72
2026/07/29 00:17:16.894, 300.95, 100, 74232, 72
2026/07/29 00:17:17.932, 300.87, 100, 74232, 72
2026/07/29 00:17:18.969, 302.73, 100, 74232, 72
2026/07/29 00:17:20.007, 305.05, 100, 74232, 72
2026/07/29 00:17:21.045, 302.44, 100, 74232, 72
2026/07/29 00:17:22.081, 302.12, 100, 74232, 72
2026/07/29 00:17:23.118, 303.57, 100, 74232, 72
2026/07/29 00:17:24.155, 303.08, 100, 74232, 72
2026/07/29 00:17:25.192, 302.11, 100, 74232, 72
2026/07/29 00:17:26.229, 301.93, 100, 74232, 72
2026/07/29 00:17:27.267, 301.75, 100, 74232, 72
2026/07/29 00:17:28.305, 303.10, 100, 74232, 72
2026/07/29 00:17:29.343, 301.65, 100, 74232, 72
2026/07/29 00:17:30.381, 295.02, 100, 74232, 72
2026/07/29 00:17:31.418, 302.51, 100, 74232, 72
2026/07/29 00:17:32.459, 302.60, 100, 74232, 72
2026/07/29 00:17:33.496, 294.28, 100, 74232, 72
2026/07/29 00:17:34.532, 290.53, 100, 74232, 72
2026/07/29 00:17:35.570, 296.65, 100, 74232, 72
2026/07/29 00:17:36.607, 294.84, 100, 74232, 72
2026/07/29 00:17:37.643, 293.85, 100, 74232, 72
2026/07/29 00:17:38.681, 295.03, 100, 74232, 72
2026/07/29 00:17:39.719, 301.75, 100, 74232, 72
2026/07/29 00:17:40.758, 300.85, 100, 74232, 72
2026/07/29 00:17:41.796, 301.84, 100, 74232, 72
2026/07/29 00:17:42.833, 300.28, 100, 74232, 72
2026/07/29 00:17:43.872, 301.73, 100, 74232, 72
2026/07/29 00:17:44.909, 301.84, 100, 74232, 72
2026/07/29 00:17:45.948, 301.64, 100, 74232, 72
2026/07/29 00:17:46.986, 301.94, 100, 74232, 72
2026/07/29 00:17:48.024, 302.13, 100, 74232, 72
2026/07/29 00:17:49.062, 301.81, 100, 74232, 72
2026/07/29 00:17:50.098, 302.13, 100, 74232, 72
2026/07/29 00:17:51.135, 301.54, 100, 74232, 72
2026/07/29 00:17:52.172, 302.32, 100, 74232, 72
2026/07/29 00:17:53.211, 302.00, 100, 74232, 72
2026/07/29 00:17:54.249, 302.13, 100, 74232, 72
2026/07/29 00:17:55.285, 302.52, 100, 74232, 72
2026/07/29 00:17:56.323, 295.30, 100, 74232, 72
2026/07/29 00:17:57.359, 295.02, 100, 74232, 72
2026/07/29 00:17:58.398, 299.79, 100, 74232, 72
2026/07/29 00:17:59.435, 294.83, 100, 74232, 72
2026/07/29 00:18:00.472, 294.64, 100, 74232, 72
2026/07/29 00:18:01.507, 293.95, 100, 74232, 72
2026/07/29 00:18:02.550, 301.73, 100, 74232, 72
2026/07/29 00:18:03.588, 301.16, 100, 74232, 72
2026/07/29 00:18:04.626, 294.42, 100, 74232, 72
2026/07/29 00:18:05.666, 297.73, 100, 74232, 72
2026/07/29 00:18:06.702, 302.70, 100, 74232, 72
2026/07/29 00:18:07.739, 302.03, 100, 74232, 72
2026/07/29 00:18:08.775, 302.03, 100, 74232, 72
2026/07/29 00:18:09.811, 301.84, 100, 74232, 72
2026/07/29 00:18:10.848, 303.80, 100, 74232, 72
2026/07/29 00:18:11.887, 302.10, 100, 74232, 72
2026/07/29 00:18:12.924, 301.54, 100, 74232, 72
2026/07/29 00:18:13.960, 301.42, 100, 74232, 72
2026/07/29 00:18:14.996, 302.13, 100, 74232, 72
2026/07/29 00:18:16.031, 301.93, 100, 74232, 72
2026/07/29 00:18:17.068, 302.33, 100, 74232, 72
2026/07/29 00:18:18.105, 306.20, 100, 74232, 72
2026/07/29 00:18:19.141, 302.32, 100, 74232, 72
2026/07/29 00:18:20.177, 302.71, 100, 74232, 72
2026/07/29 00:18:21.214, 301.63, 100, 74232, 72
2026/07/29 00:18:22.250, 302.51, 100, 74232, 72
2026/07/29 00:18:23.287, 294.92, 100, 74232, 72
2026/07/29 00:18:24.325, 294.93, 100, 74232, 72
2026/07/29 00:18:25.364, 294.74, 100, 74232, 72
2026/07/29 00:18:26.403, 301.33, 100, 74232, 72
2026/07/29 00:18:27.440, 300.87, 100, 74232, 72
2026/07/29 00:18:28.478, 303.38, 100, 74232, 72
2026/07/29 00:18:29.516, 295.90, 100, 74232, 72
2026/07/29 00:18:30.552, 302.31, 100, 74232, 72
2026/07/29 00:18:31.589, 295.03, 100, 74232, 72
2026/07/29 00:18:32.627, 295.90, 100, 74232, 72
2026/07/29 00:18:33.664, 294.93, 100, 74232, 72
2026/07/29 00:18:34.700, 295.59, 100, 74232, 72
2026/07/29 00:18:35.736, 295.03, 100, 74232, 72
2026/07/29 00:18:36.773, 303.99, 100, 74232, 73
2026/07/29 00:18:37.809, 298.72, 100, 74232, 73
2026/07/29 00:18:38.847, 300.95, 100, 74232, 73
2026/07/29 00:18:39.883, 295.92, 100, 74232, 73
2026/07/29 00:18:40.922, 295.98, 100, 74232, 73
2026/07/29 00:18:41.963, 293.06, 100, 74232, 74
2026/07/29 00:18:42.998, 303.81, 100, 74232, 74
2026/07/29 00:18:44.034, 302.55, 100, 74232, 74
2026/07/29 00:18:45.070, 292.97, 100, 74232, 74
2026/07/29 00:18:46.104, 321.16, 100, 74232, 74
2026/07/29 00:18:47.139, 318.15, 100, 74232, 74
2026/07/29 00:18:48.173, 277.20, 100, 74232, 73
2026/07/29 00:18:49.214, 294.33, 100, 74232, 72
2026/07/29 00:18:50.251, 293.45, 100, 74232, 72
2026/07/29 00:18:51.288, 293.46, 100, 74232, 72
2026/07/29 00:18:52.326, 294.71, 100, 74232, 72
2026/07/29 00:18:53.363, 294.91, 100, 74232, 73
2026/07/29 00:18:54.404, 294.43, 100, 74232, 73
2026/07/29 00:18:55.441, 294.32, 100, 74232, 73
2026/07/29 00:18:56.478, 302.81, 100, 74232, 73
2026/07/29 00:18:57.516, 302.70, 100, 74232, 73
2026/07/29 00:18:58.553, 303.10, 100, 74232, 73
2026/07/29 00:18:59.592, 302.89, 100, 74232, 73
2026/07/29 00:19:00.628, 302.52, 100, 74232, 73
2026/07/29 00:19:01.663, 302.40, 100, 74232, 73
2026/07/29 00:19:02.700, 303.36, 100, 74232, 73
2026/07/29 00:19:03.736, 302.69, 100, 74232, 73
2026/07/29 00:19:04.772, 302.70, 100, 74232, 73
2026/07/29 00:19:05.809, 300.45, 100, 74232, 73
2026/07/29 00:19:06.846, 295.89, 100, 74232, 73
2026/07/29 00:19:07.883, 291.22, 100, 74232, 73
2026/07/29 00:19:08.926, 295.20, 100, 74232, 73
2026/07/29 00:19:09.963, 295.52, 100, 74232, 73
2026/07/29 00:19:10.999, 295.13, 100, 74232, 73
2026/07/29 00:19:12.036, 294.90, 100, 74232, 73
2026/07/29 00:19:13.072, 294.82, 100, 74232, 73
2026/07/29 00:19:14.109, 299.70, 100, 74232, 73
2026/07/29 00:19:15.145, 294.05, 100, 74232, 73
2026/07/29 00:19:16.182, 296.58, 100, 74232, 73
2026/07/29 00:19:17.219, 295.02, 100, 74232, 73
2026/07/29 00:19:18.256, 295.03, 100, 74232, 73
2026/07/29 00:19:19.294, 295.30, 100, 74232, 73
2026/07/29 00:19:20.332, 302.70, 100, 74232, 73
2026/07/29 00:19:21.368, 300.36, 100, 74232, 73
2026/07/29 00:19:22.409, 302.68, 100, 74232, 73
2026/07/29 00:19:23.445, 304.56, 100, 74232, 73
2026/07/29 00:19:24.482, 302.81, 100, 74232, 73
2026/07/29 00:19:25.518, 302.61, 100, 74232, 73
2026/07/29 00:19:26.554, 302.81, 100, 74232, 73
2026/07/29 00:19:27.590, 302.57, 100, 74232, 73
2026/07/29 00:19:28.626, 303.21, 100, 74232, 73
2026/07/29 00:19:29.662, 302.00, 100, 74232, 73
2026/07/29 00:19:30.699, 302.41, 100, 74232, 73
2026/07/29 00:19:31.734, 302.43, 100, 74232, 73
2026/07/29 00:19:32.770, 301.93, 100, 74232, 73
2026/07/29 00:19:33.807, 296.77, 100, 74232, 73
2026/07/29 00:19:34.843, 295.97, 100, 74232, 73
2026/07/29 00:19:35.880, 295.68, 100, 74232, 73
2026/07/29 00:19:36.917, 295.89, 100, 74232, 72
2026/07/29 00:19:37.955, 295.09, 100, 74232, 72
2026/07/29 00:19:38.992, 291.61, 100, 74232, 72
2026/07/29 00:19:40.029, 295.98, 100, 74232, 72
2026/07/29 00:19:41.067, 294.73, 100, 74232, 72
2026/07/29 00:19:42.106, 302.30, 100, 74232, 72
2026/07/29 00:19:43.145, 302.00, 100, 74232, 73
2026/07/29 00:19:44.182, 301.84, 100, 74232, 73
2026/07/29 00:19:45.219, 293.26, 100, 74232, 72
2026/07/29 00:19:46.257, 294.34, 100, 74232, 72
2026/07/29 00:19:47.294, 294.71, 100, 74232, 72
2026/07/29 00:19:48.334, 303.51, 100, 74232, 73
2026/07/29 00:19:49.372, 301.82, 100, 74232, 73
2026/07/29 00:19:50.410, 304.24, 100, 74232, 73
2026/07/29 00:19:51.448, 302.01, 100, 74232, 73
2026/07/29 00:19:52.485, 302.70, 100, 74232, 73
2026/07/29 00:19:53.522, 301.56, 100, 74232, 73
2026/07/29 00:19:54.559, 304.21, 100, 74232, 73
2026/07/29 00:19:55.599, 302.33, 100, 74232, 73
2026/07/29 00:19:56.638, 304.16, 100, 74232, 73
2026/07/29 00:19:57.676, 301.54, 100, 74232, 73
2026/07/29 00:19:58.715, 302.23, 100, 74232, 73
2026/07/29 00:19:59.753, 302.30, 100, 74232, 73
2026/07/29 00:20:00.790, 301.55, 100, 74232, 72
2026/07/29 00:20:01.828, 304.28, 100, 74232, 72
2026/07/29 00:20:02.865, 295.58, 100, 74232, 72
2026/07/29 00:20:03.902, 290.55, 100, 74232, 72
2026/07/29 00:20:04.939, 291.23, 100, 74232, 72
2026/07/29 00:20:05.981, 294.84, 100, 74232, 72
2026/07/29 00:20:07.019, 295.30, 100, 74232, 72
2026/07/29 00:20:08.056, 295.52, 100, 74232, 72
2026/07/29 00:20:09.093, 294.14, 100, 74232, 72
2026/07/29 00:20:10.131, 296.09, 100, 74232, 72
2026/07/29 00:20:11.171, 298.04, 100, 74232, 72
2026/07/29 00:20:12.209, 302.23, 100, 74232, 72
2026/07/29 00:20:13.246, 301.44, 100, 74232, 72
2026/07/29 00:20:14.284, 303.57, 100, 74232, 72
2026/07/29 00:20:15.321, 301.06, 100, 74232, 72
2026/07/29 00:20:16.359, 305.01, 100, 74232, 72
2026/07/29 00:20:17.398, 302.02, 100, 74232, 72
2026/07/29 00:20:18.434, 304.94, 100, 74232, 72
2026/07/29 00:20:19.471, 301.92, 100, 74232, 72
2026/07/29 00:20:20.507, 302.32, 100, 74232, 72
2026/07/29 00:20:21.544, 299.49, 100, 74232, 72
2026/07/29 00:20:22.580, 291.02, 100, 74232, 72
2026/07/29 00:20:23.618, 293.26, 100, 74232, 72
2026/07/29 00:20:24.659, 294.04, 100, 74232, 72
2026/07/29 00:20:25.697, 295.12, 100, 74232, 72
2026/07/29 00:20:26.736, 296.49, 100, 74232, 72
2026/07/29 00:20:27.774, 300.28, 100, 74232, 73
2026/07/29 00:20:28.810, 302.10, 100, 74232, 73
2026/07/29 00:20:29.846, 300.85, 100, 74232, 73
2026/07/29 00:20:30.883, 307.37, 100, 74232, 73
2026/07/29 00:20:31.920, 302.68, 100, 74232, 73
2026/07/29 00:20:32.962, 295.30, 100, 74232, 72
2026/07/29 00:20:34.000, 295.10, 100, 74232, 72
2026/07/29 00:20:35.038, 295.89, 100, 74232, 72
2026/07/29 00:20:36.076, 294.42, 100, 74232, 72
2026/07/29 00:20:37.112, 294.75, 100, 74232, 72
2026/07/29 00:20:38.149, 294.34, 100, 74232, 72
2026/07/29 00:20:39.186, 302.74, 100, 74232, 72
2026/07/29 00:20:40.222, 302.01, 100, 74232, 72
2026/07/29 00:20:41.259, 302.32, 100, 74232, 72
2026/07/29 00:20:42.296, 301.83, 100, 74232, 72
2026/07/29 00:20:43.334, 294.44, 100, 74232, 72
2026/07/29 00:20:44.369, 294.33, 100, 74232, 72
2026/07/29 00:20:45.406, 299.58, 100, 74232, 72
2026/07/29 00:20:46.443, 301.99, 100, 74232, 72
2026/07/29 00:20:47.480, 301.35, 100, 74232, 72
2026/07/29 00:20:48.516, 300.18, 100, 74232, 72
2026/07/29 00:20:49.553, 302.13, 100, 74232, 72
2026/07/29 00:20:50.591, 300.85, 100, 74232, 72
2026/07/29 00:20:51.628, 301.74, 100, 74232, 72
2026/07/29 00:20:52.667, 303.51, 100, 74232, 72
2026/07/29 00:20:53.707, 302.99, 100, 74232, 72
2026/07/29 00:20:54.745, 301.92, 100, 74232, 72
2026/07/29 00:20:55.783, 290.73, 100, 74232, 72
2026/07/29 00:20:56.821, 294.73, 100, 74232, 72
2026/07/29 00:20:57.859, 294.14, 100, 74232, 72
2026/07/29 00:20:58.900, 304.25, 100, 74232, 72
2026/07/29 00:20:59.936, 302.13, 100, 74232, 72
2026/07/29 00:21:00.973, 302.73, 100, 74232, 72
2026/07/29 00:21:02.011, 302.70, 100, 74232, 72
2026/07/29 00:21:03.049, 301.93, 100, 74232, 72
2026/07/29 00:21:04.087, 301.73, 100, 74232, 72
2026/07/29 00:21:05.124, 302.52, 100, 74232, 72
2026/07/29 00:21:06.160, 302.72, 100, 74232, 72
2026/07/29 00:21:07.199, 303.29, 100, 74232, 72
2026/07/29 00:21:08.236, 302.72, 100, 74232, 73
2026/07/29 00:21:09.273, 302.13, 100, 74232, 73
2026/07/29 00:21:10.310, 302.30, 100, 74232, 73
2026/07/29 00:21:11.351, 298.83, 100, 74232, 73
2026/07/29 00:21:12.390, 295.42, 100, 74232, 72
2026/07/29 00:21:13.428, 297.55, 100, 74232, 72
2026/07/29 00:21:14.468, 295.90, 100, 74232, 72
2026/07/29 00:21:15.507, 295.41, 100, 74232, 72
2026/07/29 00:21:16.545, 291.13, 100, 74232, 72
2026/07/29 00:21:17.582, 296.68, 100, 74232, 72
2026/07/29 00:21:18.619, 295.32, 100, 74232, 72
2026/07/29 00:21:19.659, 295.19, 100, 74232, 72
2026/07/29 00:21:20.695, 294.44, 100, 74232, 72
2026/07/29 00:21:21.731, 302.81, 100, 74232, 72
2026/07/29 00:21:22.767, 302.68, 100, 74232, 73
2026/07/29 00:21:23.803, 298.91, 100, 74232, 72
2026/07/29 00:21:24.839, 299.10, 100, 74232, 72
2026/07/29 00:21:25.876, 290.74, 100, 74232, 72
2026/07/29 00:21:26.913, 290.45, 100, 74232, 72
2026/07/29 00:21:27.951, 295.61, 100, 74232, 72
2026/07/29 00:21:28.990, 298.72, 100, 74232, 72
2026/07/29 00:21:30.027, 303.12, 100, 74232, 72
2026/07/29 00:21:31.063, 302.24, 100, 74232, 73
2026/07/29 00:21:32.100, 303.84, 100, 74232, 72
2026/07/29 00:21:33.136, 302.43, 100, 74232, 72
2026/07/29 00:21:34.174, 303.49, 100, 74232, 72
2026/07/29 00:21:35.211, 302.78, 100, 74232, 72
2026/07/29 00:21:36.248, 302.52, 100, 74232, 72
2026/07/29 00:21:37.284, 302.52, 100, 74232, 72
2026/07/29 00:21:38.320, 302.21, 100, 74232, 72
2026/07/29 00:21:39.356, 301.23, 100, 74232, 72
2026/07/29 00:21:40.392, 303.67, 100, 74232, 72
2026/07/29 00:21:41.429, 301.64, 100, 74232, 72
2026/07/29 00:21:42.466, 296.50, 100, 74232, 72
2026/07/29 00:21:43.503, 296.09, 100, 74232, 72
2026/07/29 00:21:44.545, 302.37, 100, 74232, 72
2026/07/29 00:21:45.581, 293.95, 100, 74232, 72
2026/07/29 00:21:46.620, 296.86, 100, 74232, 72
2026/07/29 00:21:47.658, 294.62, 100, 74232, 72
2026/07/29 00:21:48.695, 293.76, 100, 74232, 72
2026/07/29 00:21:49.730, 295.30, 100, 74232, 72
2026/07/29 00:21:50.766, 301.51, 100, 74232, 72
2026/07/29 00:21:51.803, 298.51, 100, 74232, 72
2026/07/29 00:21:52.840, 301.93, 100, 74232, 72
2026/07/29 00:21:53.877, 301.22, 100, 74232, 72
2026/07/29 00:21:54.912, 302.03, 100, 74232, 72
2026/07/29 00:21:55.949, 301.89, 100, 74232, 72
2026/07/29 00:21:56.985, 302.61, 100, 74232, 72
2026/07/29 00:21:58.023, 301.82, 100, 74232, 72
2026/07/29 00:21:59.060, 302.49, 100, 74232, 72
2026/07/29 00:22:00.099, 301.74, 100, 74232, 72
2026/07/29 00:22:01.135, 302.22, 100, 74232, 72
2026/07/29 00:22:02.173, 296.37, 100, 74232, 72
2026/07/29 00:22:03.209, 295.89, 100, 74232, 72
2026/07/29 00:22:04.246, 295.52, 100, 74232, 72
2026/07/29 00:22:05.282, 295.41, 100, 74232, 72
2026/07/29 00:22:06.319, 293.84, 100, 74232, 72
2026/07/29 00:22:07.356, 295.79, 100, 74232, 72
2026/07/29 00:22:08.393, 290.43, 100, 74232, 72
2026/07/29 00:22:09.430, 299.70, 100, 74232, 72
2026/07/29 00:22:10.467, 301.34, 100, 74232, 72
2026/07/29 00:22:11.505, 302.13, 100, 74232, 72
2026/07/29 00:22:12.543, 302.48, 100, 74232, 72
2026/07/29 00:22:13.584, 295.29, 100, 74232, 72
2026/07/29 00:22:14.621, 295.98, 100, 74232, 72
2026/07/29 00:22:15.658, 294.53, 100, 74232, 72
2026/07/29 00:22:16.695, 296.28, 100, 74232, 72
2026/07/29 00:22:17.731, 294.82, 100, 74232, 72
2026/07/29 00:22:18.768, 293.65, 100, 74232, 72
2026/07/29 00:22:19.805, 301.75, 100, 74232, 72
2026/07/29 00:22:20.842, 301.54, 100, 74232, 72
2026/07/29 00:22:21.878, 302.51, 100, 74232, 72
2026/07/29 00:22:22.915, 302.31, 100, 74232, 72
2026/07/29 00:22:23.952, 303.79, 100, 74232, 72
2026/07/29 00:22:24.989, 301.54, 100, 74232, 72
2026/07/29 00:22:26.025, 302.23, 100, 74232, 72
2026/07/29 00:22:27.062, 301.96, 100, 74232, 72
2026/07/29 00:22:28.099, 302.73, 100, 74232, 72
2026/07/29 00:22:29.136, 301.65, 100, 74232, 72
2026/07/29 00:22:30.173, 301.84, 100, 74232, 72
2026/07/29 00:22:31.209, 303.12, 100, 74232, 72
2026/07/29 00:22:32.248, 301.44, 100, 74232, 72
2026/07/29 00:22:33.285, 302.14, 100, 74232, 72
2026/07/29 00:22:34.330, 302.92, 100, 74232, 72
2026/07/29 00:22:35.366, 294.52, 100, 74232, 72
2026/07/29 00:22:36.403, 293.85, 100, 74232, 72
2026/07/29 00:22:37.440, 300.65, 100, 74232, 72
2026/07/29 00:22:38.476, 297.34, 100, 74232, 72
2026/07/29 00:22:39.513, 295.49, 100, 74232, 72
2026/07/29 00:22:40.549, 296.97, 100, 74232, 72
2026/07/29 00:22:41.586, 302.24, 100, 74232, 72
2026/07/29 00:22:42.622, 294.44, 100, 74232, 72
2026/07/29 00:22:43.660, 294.82, 100, 74232, 72
2026/07/29 00:22:44.701, 297.18, 100, 74232, 72
2026/07/29 00:22:45.738, 294.93, 100, 74232, 72
2026/07/29 00:22:46.774, 294.82, 100, 74232, 72
2026/07/29 00:22:47.811, 300.76, 100, 74232, 72
2026/07/29 00:22:48.847, 295.11, 100, 74232, 72
2026/07/29 00:22:49.885, 301.94, 100, 74232, 72
2026/07/29 00:22:50.924, 294.43, 100, 74232, 72
2026/07/29 00:22:51.962, 302.23, 100, 74232, 72
2026/07/29 00:22:52.999, 295.23, 100, 74232, 72
2026/07/29 00:22:54.035, 294.62, 100, 74232, 72
2026/07/29 00:22:55.071, 295.04, 100, 74232, 72
2026/07/29 00:22:56.112, 295.12, 100, 74232, 72
2026/07/29 00:22:57.152, 301.05, 100, 74232, 72
2026/07/29 00:22:58.190, 305.04, 100, 74232, 72
2026/07/29 00:22:59.227, 302.29, 100, 74232, 72
2026/07/29 00:23:00.264, 303.31, 100, 74232, 72
2026/07/29 00:23:01.302, 301.90, 100, 74232, 72
2026/07/29 00:23:02.340, 302.01, 100, 74232, 72
2026/07/29 00:23:03.376, 302.32, 100, 74232, 72
2026/07/29 00:23:04.416, 301.85, 100, 74232, 72
2026/07/29 00:23:05.453, 302.97, 100, 74232, 72
2026/07/29 00:23:06.491, 302.14, 100, 74232, 72
2026/07/29 00:23:07.529, 302.41, 100, 74232, 72
2026/07/29 00:23:08.565, 302.62, 100, 74232, 72
2026/07/29 00:23:09.603, 295.11, 100, 74232, 72
2026/07/29 00:23:10.640, 295.61, 100, 74232, 72
2026/07/29 00:23:11.676, 294.52, 100, 74232, 72
2026/07/29 00:23:12.713, 295.13, 100, 74232, 72
2026/07/29 00:23:13.750, 295.20, 100, 74232, 72
2026/07/29 00:23:14.787, 294.73, 100, 74232, 72
2026/07/29 00:23:15.825, 294.44, 100, 74232, 72
2026/07/29 00:23:16.864, 294.63, 100, 74232, 72
2026/07/29 00:23:17.902, 295.11, 100, 74232, 72
2026/07/29 00:23:18.940, 295.91, 100, 74232, 72
2026/07/29 00:23:19.978, 294.72, 100, 74232, 72
2026/07/29 00:23:21.014, 294.53, 100, 74232, 72
2026/07/29 00:23:22.053, 295.67, 100, 74232, 72
2026/07/29 00:23:23.091, 294.43, 100, 74232, 72
2026/07/29 00:23:24.127, 302.51, 100, 74232, 72
2026/07/29 00:23:25.166, 303.00, 100, 74232, 72
2026/07/29 00:23:26.202, 302.80, 100, 74232, 72
2026/07/29 00:23:27.239, 301.54, 100, 74232, 72
2026/07/29 00:23:28.277, 302.39, 100, 74232, 72
2026/07/29 00:23:29.314, 303.80, 100, 74232, 72
2026/07/29 00:23:30.352, 302.32, 100, 74232, 72
2026/07/29 00:23:31.388, 302.51, 100, 74232, 72
2026/07/29 00:23:32.427, 303.08, 100, 74232, 73
2026/07/29 00:23:33.464, 302.72, 100, 74232, 72
2026/07/29 00:23:34.501, 290.73, 100, 74232, 72
2026/07/29 00:23:35.538, 294.64, 100, 74232, 72
2026/07/29 00:23:36.579, 294.73, 100, 74232, 72
2026/07/29 00:23:37.617, 299.20, 100, 74232, 72
2026/07/29 00:23:38.655, 295.11, 100, 74232, 72
2026/07/29 00:23:39.691, 295.93, 100, 74232, 73
2026/07/29 00:23:40.729, 304.15, 100, 74232, 73
2026/07/29 00:23:41.766, 302.62, 100, 74232, 73
2026/07/29 00:23:42.803, 292.97, 61, 74232, 74
2026/07/29 00:23:43.838, 304.17, 100, 74232, 74
2026/07/29 00:23:44.871, 298.19, 100, 74232, 74
2026/07/29 00:23:45.905, 310.97, 100, 74232, 74
2026/07/29 00:23:46.939, 302.80, 100, 74232, 74
2026/07/29 00:23:47.976, 327.83, 100, 74232, 74
2026/07/29 00:23:49.018, 265.89, 100, 74232, 74
2026/07/29 00:23:50.057, 294.24, 100, 74232, 72
2026/07/29 00:23:51.095, 295.71, 100, 74232, 72
2026/07/29 00:23:52.133, 294.34, 100, 74232, 72
2026/07/29 00:23:53.169, 295.01, 100, 74232, 73
2026/07/29 00:23:54.206, 301.04, 100, 74232, 73
2026/07/29 00:23:55.243, 294.90, 100, 74232, 73
2026/07/29 00:23:56.280, 296.46, 100, 74232, 73
2026/07/29 00:23:57.316, 295.50, 100, 74232, 73
2026/07/29 00:23:58.355, 295.42, 100, 74232, 73
2026/07/29 00:23:59.391, 294.93, 100, 74232, 73
2026/07/29 00:24:00.428, 295.02, 100, 74232, 73
2026/07/29 00:24:01.465, 295.40, 100, 74232, 73
2026/07/29 00:24:02.500, 295.11, 100, 74232, 73
2026/07/29 00:24:03.536, 296.39, 100, 74232, 73
2026/07/29 00:24:04.571, 291.70, 100, 74232, 73
2026/07/29 00:24:05.607, 295.22, 100, 74232, 73
2026/07/29 00:24:06.644, 295.70, 100, 74232, 73
2026/07/29 00:24:07.681, 295.89, 100, 74232, 73
2026/07/29 00:24:08.717, 295.32, 100, 74232, 73
2026/07/29 00:24:09.754, 301.53, 100, 74232, 73
2026/07/29 00:24:10.790, 300.18, 100, 74232, 73
2026/07/29 00:24:11.829, 295.60, 100, 74232, 73
2026/07/29 00:24:12.866, 303.35, 100, 74232, 73
2026/07/29 00:24:13.902, 303.02, 100, 74232, 73
2026/07/29 00:24:14.939, 300.30, 100, 74232, 73
2026/07/29 00:24:15.977, 303.95, 100, 74232, 73
2026/07/29 00:24:17.015, 304.75, 100, 74232, 73
2026/07/29 00:24:18.051, 300.77, 100, 74232, 73
2026/07/29 00:24:19.088, 302.20, 100, 74232, 73
2026/07/29 00:24:20.126, 302.22, 100, 74232, 73
2026/07/29 00:24:21.164, 301.93, 100, 74232, 73
2026/07/29 00:24:22.201, 303.87, 100, 74232, 73
2026/07/29 00:24:23.238, 302.99, 100, 74232, 73
2026/07/29 00:24:24.274, 303.39, 100, 74232, 73
2026/07/29 00:24:25.311, 302.51, 100, 74232, 73
2026/07/29 00:24:26.350, 302.40, 100, 74232, 73
2026/07/29 00:24:27.385, 303.79, 100, 74232, 73
2026/07/29 00:24:28.421, 302.71, 100, 74232, 73
2026/07/29 00:24:29.459, 299.88, 100, 74232, 73
2026/07/29 00:24:30.495, 290.83, 100, 74232, 73
2026/07/29 00:24:31.533, 291.40, 100, 74232, 73
2026/07/29 00:24:32.572, 295.02, 100, 74232, 73
2026/07/29 00:24:33.610, 294.35, 100, 74232, 73
2026/07/29 00:24:34.647, 294.73, 100, 74232, 73
2026/07/29 00:24:35.684, 295.30, 100, 74232, 73
2026/07/29 00:24:36.724, 295.44, 100, 74232, 73
2026/07/29 00:24:37.761, 295.11, 100, 74232, 73
2026/07/29 00:24:38.798, 298.82, 100, 74232, 73
2026/07/29 00:24:39.836, 291.20, 100, 74232, 73
2026/07/29 00:24:40.873, 302.71, 100, 74232, 73
2026/07/29 00:24:41.912, 302.03, 100, 74232, 73
2026/07/29 00:24:42.950, 299.01, 100, 74232, 73
2026/07/29 00:24:43.987, 305.24, 100, 74232, 73
2026/07/29 00:24:45.023, 297.92, 100, 74232, 73
2026/07/29 00:24:46.061, 303.77, 100, 74232, 73
2026/07/29 00:24:47.099, 302.00, 100, 74232, 73
2026/07/29 00:24:48.137, 301.84, 100, 74232, 73
2026/07/29 00:24:49.174, 302.32, 100, 74232, 73
2026/07/29 00:24:50.211, 302.43, 100, 74232, 73
2026/07/29 00:24:51.249, 303.57, 100, 74232, 73
2026/07/29 00:24:52.285, 302.00, 100, 74232, 73
2026/07/29 00:24:53.325, 301.84, 100, 74232, 73
2026/07/29 00:24:54.362, 302.58, 100, 74232, 73
2026/07/29 00:24:55.401, 302.62, 100, 74232, 73
2026/07/29 00:24:56.438, 302.03, 100, 74232, 73
2026/07/29 00:24:57.475, 302.89, 100, 74232, 73
2026/07/29 00:24:58.512, 302.42, 100, 74232, 73
2026/07/29 00:24:59.549, 295.39, 100, 74232, 73
2026/07/29 00:25:00.586, 296.09, 100, 74232, 72
2026/07/29 00:25:01.623, 299.99, 100, 74232, 72
2026/07/29 00:25:02.663, 295.80, 100, 74232, 72
2026/07/29 00:25:03.701, 290.83, 100, 74232, 72
2026/07/29 00:25:04.738, 293.47, 100, 74232, 72
2026/07/29 00:25:05.776, 294.70, 100, 74232, 72
2026/07/29 00:25:06.813, 294.83, 100, 74232, 72
2026/07/29 00:25:07.851, 294.24, 100, 74232, 72
2026/07/29 00:25:08.887, 295.96, 100, 74232, 72
2026/07/29 00:25:09.927, 294.44, 100, 74232, 72
2026/07/29 00:25:10.968, 294.35, 100, 74232, 72
2026/07/29 00:25:12.005, 298.80, 100, 74232, 72
2026/07/29 00:25:13.043, 302.90, 100, 74232, 73
2026/07/29 00:25:14.079, 302.35, 100, 74232, 73
2026/07/29 00:25:15.117, 302.60, 100, 74232, 73
2026/07/29 00:25:16.155, 297.39, 100, 74232, 72
2026/07/29 00:25:17.193, 302.49, 100, 74232, 72
2026/07/29 00:25:18.229, 296.76, 100, 74232, 72
2026/07/29 00:25:19.269, 290.71, 100, 74232, 72
2026/07/29 00:25:20.306, 290.75, 100, 74232, 72
2026/07/29 00:25:21.345, 297.45, 100, 74232, 72
2026/07/29 00:25:22.382, 296.29, 100, 74232, 72
2026/07/29 00:25:23.420, 294.43, 100, 74232, 72
2026/07/29 00:25:24.457, 294.73, 100, 74232, 72
2026/07/29 00:25:25.495, 293.56, 100, 74232, 72
2026/07/29 00:25:26.533, 294.03, 100, 74232, 72
2026/07/29 00:25:27.572, 302.11, 100, 74232, 72
2026/07/29 00:25:28.610, 302.52, 100, 74232, 72
2026/07/29 00:25:29.647, 302.03, 100, 74232, 72
2026/07/29 00:25:30.685, 300.95, 100, 74232, 72
2026/07/29 00:25:31.722, 301.70, 100, 74232, 72
2026/07/29 00:25:32.759, 297.54, 100, 74232, 72
2026/07/29 00:25:33.800, 303.86, 100, 74232, 72
2026/07/29 00:25:34.837, 295.00, 100, 74232, 72
2026/07/29 00:25:35.874, 297.14, 100, 74232, 72
2026/07/29 00:25:36.912, 297.54, 100, 74232, 72
2026/07/29 00:25:37.949, 298.91, 100, 74232, 72
2026/07/29 00:25:38.988, 301.51, 100, 74232, 72
2026/07/29 00:25:40.026, 302.23, 100, 74232, 72
2026/07/29 00:25:41.064, 302.29, 100, 74232, 72
2026/07/29 00:25:42.102, 298.14, 100, 74232, 72
2026/07/29 00:25:43.139, 302.60, 100, 74232, 72
2026/07/29 00:25:44.176, 303.00, 100, 74232, 72
2026/07/29 00:25:45.213, 298.02, 100, 74232, 72
2026/07/29 00:25:46.251, 302.70, 100, 74232, 72
2026/07/29 00:25:47.288, 302.12, 100, 74232, 72
2026/07/29 00:25:48.325, 296.27, 100, 74232, 72
2026/07/29 00:25:49.363, 295.51, 100, 74232, 72
2026/07/29 00:25:50.404, 298.53, 100, 74232, 72
2026/07/29 00:25:51.442, 291.31, 100, 74232, 72
2026/07/29 00:25:52.479, 293.75, 100, 74232, 72
2026/07/29 00:25:53.517, 295.73, 100, 74232, 72
2026/07/29 00:25:54.555, 295.50, 100, 74232, 72
2026/07/29 00:25:55.593, 297.55, 100, 74232, 72
2026/07/29 00:25:56.630, 297.26, 100, 74232, 72
2026/07/29 00:25:57.668, 301.35, 100, 74232, 72
2026/07/29 00:25:58.706, 302.31, 100, 74232, 72
2026/07/29 00:25:59.744, 301.52, 100, 74232, 72
2026/07/29 00:26:00.781, 303.80, 100, 74232, 72
2026/07/29 00:26:01.818, 302.81, 100, 74232, 72
2026/07/29 00:26:02.854, 305.34, 100, 74232, 72
2026/07/29 00:26:03.892, 301.71, 100, 74232, 72
2026/07/29 00:26:04.930, 302.14, 100, 74232, 72
2026/07/29 00:26:05.967, 302.11, 100, 74232, 72
2026/07/29 00:26:07.005, 302.52, 100, 74232, 72
2026/07/29 00:26:08.043, 302.62, 100, 74232, 72
2026/07/29 00:26:09.080, 301.91, 100, 74232, 72
2026/07/29 00:26:10.118, 302.32, 100, 74232, 72
2026/07/29 00:26:11.157, 302.51, 100, 74232, 72
2026/07/29 00:26:12.198, 296.18, 100, 74232, 72
2026/07/29 00:26:13.237, 296.97, 100, 74232, 72
2026/07/29 00:26:14.274, 294.84, 100, 74232, 72
2026/07/29 00:26:15.312, 297.45, 100, 74232, 72
2026/07/29 00:26:16.352, 295.41, 100, 74232, 72
2026/07/29 00:26:17.390, 295.30, 100, 74232, 72
2026/07/29 00:26:18.428, 295.50, 100, 74232, 72
2026/07/29 00:26:19.466, 294.12, 100, 74232, 72
2026/07/29 00:26:20.506, 294.33, 100, 74232, 72
2026/07/29 00:26:21.543, 295.02, 100, 74232, 73
2026/07/29 00:26:22.580, 294.15, 100, 74232, 72
2026/07/29 00:26:23.618, 295.62, 100, 74232, 73
2026/07/29 00:26:24.654, 302.90, 100, 74232, 73
2026/07/29 00:26:25.693, 299.59, 100, 74232, 73
2026/07/29 00:26:26.731, 291.59, 100, 74232, 73
2026/07/29 00:26:27.772, 299.02, 100, 74232, 73
2026/07/29 00:26:28.809, 299.31, 100, 74232, 73
2026/07/29 00:26:29.847, 304.07, 100, 74232, 73
2026/07/29 00:26:30.884, 302.52, 100, 74232, 73
2026/07/29 00:26:31.920, 302.71, 100, 74232, 73
2026/07/29 00:26:32.960, 302.32, 100, 74232, 73
2026/07/29 00:26:33.996, 302.52, 100, 74232, 73
2026/07/29 00:26:35.033, 303.87, 100, 74232, 73
2026/07/29 00:26:36.070, 302.71, 100, 74232, 73
2026/07/29 00:26:37.107, 301.94, 100, 74232, 73
2026/07/29 00:26:38.144, 294.91, 100, 74232, 73
2026/07/29 00:26:39.180, 295.21, 100, 74232, 73
2026/07/29 00:26:40.220, 295.41, 100, 74232, 73
2026/07/29 00:26:41.257, 296.19, 100, 74232, 73
2026/07/29 00:26:42.293, 294.55, 100, 74232, 73
2026/07/29 00:26:43.332, 296.52, 100, 74232, 73
2026/07/29 00:26:44.368, 303.59, 100, 74232, 73
2026/07/29 00:26:45.406, 294.92, 100, 74232, 73
2026/07/29 00:26:46.443, 294.25, 100, 74232, 73
2026/07/29 00:26:47.482, 294.91, 100, 74232, 73
2026/07/29 00:26:48.519, 296.57, 100, 74232, 73
2026/07/29 00:26:49.555, 298.83, 100, 74232, 73
2026/07/29 00:26:50.592, 295.13, 100, 74232, 73
2026/07/29 00:26:51.630, 294.62, 100, 74232, 73
2026/07/29 00:26:52.666, 295.89, 100, 74232, 73
2026/07/29 00:26:53.704, 302.33, 100, 74232, 73
2026/07/29 00:26:54.740, 302.80, 100, 74232, 73
2026/07/29 00:26:55.778, 303.07, 100, 74232, 73
2026/07/29 00:26:56.815, 303.90, 100, 74232, 73
2026/07/29 00:26:57.851, 303.86, 100, 74232, 73
2026/07/29 00:26:58.889, 302.83, 100, 74232, 73
2026/07/29 00:26:59.927, 303.31, 100, 74232, 73
2026/07/29 00:27:00.966, 294.74, 100, 74232, 73
2026/07/29 00:27:02.004, 296.27, 100, 74232, 73
2026/07/29 00:27:03.050, 296.27, 100, 74232, 73
2026/07/29 00:27:04.089, 294.82, 100, 74232, 73
2026/07/29 00:27:05.126, 297.93, 100, 74232, 73
2026/07/29 00:27:06.173, 302.62, 100, 74232, 73
2026/07/29 00:27:07.210, 302.41, 100, 74232, 73
2026/07/29 00:27:08.247, 302.01, 100, 74232, 73
2026/07/29 00:27:09.286, 298.72, 100, 74232, 73
2026/07/29 00:27:10.325, 295.12, 100, 74232, 72
2026/07/29 00:27:11.366, 295.80, 100, 74232, 73
2026/07/29 00:27:12.404, 298.51, 100, 74232, 72
2026/07/29 00:27:13.440, 295.21, 100, 74232, 72
2026/07/29 00:27:14.478, 290.93, 100, 74232, 72
2026/07/29 00:27:15.514, 294.92, 100, 74232, 72
2026/07/29 00:27:16.552, 295.40, 100, 74232, 72
2026/07/29 00:27:17.588, 297.24, 100, 74232, 72
2026/07/29 00:27:18.624, 294.44, 100, 74232, 72
2026/07/29 00:27:19.660, 293.84, 100, 74232, 73
2026/07/29 00:27:20.697, 294.83, 100, 74232, 72
2026/07/29 00:27:21.733, 294.82, 100, 74232, 72
2026/07/29 00:27:22.770, 290.63, 100, 74232, 72
2026/07/29 00:27:23.806, 300.38, 100, 74232, 72
2026/07/29 00:27:24.843, 301.55, 100, 74232, 72
2026/07/29 00:27:25.880, 302.04, 100, 74232, 73
2026/07/29 00:27:26.918, 302.20, 100, 74232, 72
2026/07/29 00:27:27.955, 302.13, 100, 74232, 73
2026/07/29 00:27:28.992, 303.90, 100, 74232, 73
2026/07/29 00:27:30.028, 302.99, 100, 74232, 72
2026/07/29 00:27:31.065, 295.32, 100, 74232, 72
2026/07/29 00:27:32.102, 301.45, 100, 74232, 72
2026/07/29 00:27:33.139, 302.28, 100, 74232, 73
2026/07/29 00:27:34.177, 298.82, 100, 74232, 72
2026/07/29 00:27:35.216, 305.34, 100, 74232, 72
2026/07/29 00:27:36.256, 303.21, 100, 74232, 72
2026/07/29 00:27:37.292, 295.49, 100, 74232, 72
2026/07/29 00:27:38.329, 293.95, 100, 74232, 72
2026/07/29 00:27:39.368, 294.91, 100, 74232, 72
2026/07/29 00:27:40.406, 294.53, 100, 74232, 72
2026/07/29 00:27:41.443, 296.84, 100, 74232, 72
2026/07/29 00:27:42.483, 294.53, 100, 74232, 72
2026/07/29 00:27:43.520, 305.05, 100, 74232, 72
2026/07/29 00:27:44.557, 303.10, 100, 74232, 72
2026/07/29 00:27:45.594, 305.74, 100, 74232, 73
2026/07/29 00:27:46.631, 303.84, 100, 74232, 72
2026/07/29 00:27:47.669, 301.84, 100, 74232, 72
2026/07/29 00:27:48.706, 304.34, 100, 74232, 72
2026/07/29 00:27:49.743, 303.19, 100, 74232, 72
2026/07/29 00:27:50.781, 302.51, 100, 74232, 72
2026/07/29 00:27:51.819, 302.62, 100, 74232, 72
2026/07/29 00:27:52.857, 302.81, 100, 74232, 72
2026/07/29 00:27:53.893, 297.26, 100, 74232, 72
2026/07/29 00:27:54.931, 297.74, 100, 74232, 72
2026/07/29 00:27:55.969, 292.02, 100, 74232, 72
2026/07/29 00:27:57.010, 301.47, 100, 74232, 72
2026/07/29 00:27:58.048, 294.23, 100, 74232, 72
2026/07/29 00:27:59.085, 302.11, 100, 74232, 72
2026/07/29 00:28:00.126, 294.53, 100, 74232, 72
2026/07/29 00:28:01.164, 291.13, 100, 74232, 72
2026/07/29 00:28:02.201, 295.31, 100, 74232, 72
2026/07/29 00:28:03.239, 298.52, 100, 74232, 72
2026/07/29 00:28:04.276, 294.92, 100, 74232, 72
2026/07/29 00:28:05.318, 294.23, 100, 74232, 72
2026/07/29 00:28:06.358, 302.03, 100, 74232, 72
2026/07/29 00:28:07.396, 301.74, 100, 74232, 72
2026/07/29 00:28:08.437, 302.01, 100, 74232, 72
2026/07/29 00:28:09.474, 303.94, 100, 74232, 72
2026/07/29 00:28:10.511, 302.24, 100, 74232, 72
2026/07/29 00:28:11.547, 301.74, 100, 74232, 72
2026/07/29 00:28:12.586, 302.43, 100, 74232, 72
2026/07/29 00:28:13.624, 305.04, 100, 74232, 72
2026/07/29 00:28:14.666, 302.32, 100, 74232, 72
2026/07/29 00:28:15.704, 302.05, 100, 74232, 72
2026/07/29 00:28:16.741, 295.50, 100, 74232, 72
2026/07/29 00:28:17.779, 294.64, 100, 74232, 72
2026/07/29 00:28:18.817, 292.18, 100, 74232, 72
2026/07/29 00:28:19.854, 294.71, 100, 74232, 72
2026/07/29 00:28:20.891, 295.63, 100, 74232, 72
2026/07/29 00:28:21.929, 294.62, 100, 74232, 72
2026/07/29 00:28:22.966, 294.91, 100, 74232, 72
2026/07/29 00:28:24.004, 294.91, 100, 74232, 72
2026/07/29 00:28:25.042, 294.82, 100, 74232, 72
2026/07/29 00:28:26.079, 298.04, 100, 74232, 72
2026/07/29 00:28:27.118, 296.00, 100, 74232, 72
2026/07/29 00:28:28.155, 300.66, 100, 74232, 72
2026/07/29 00:28:29.193, 302.60, 100, 74232, 72
2026/07/29 00:28:30.229, 302.23, 100, 74232, 72
2026/07/29 00:28:31.268, 304.46, 100, 74232, 72
2026/07/29 00:28:32.305, 301.64, 100, 74232, 72
2026/07/29 00:28:33.341, 302.21, 100, 74232, 72
2026/07/29 00:28:34.378, 303.27, 100, 74232, 72
2026/07/29 00:28:35.415, 302.81, 100, 74232, 72
2026/07/29 00:28:36.452, 294.43, 100, 74232, 72
2026/07/29 00:28:37.489, 295.13, 100, 74232, 72
2026/07/29 00:28:38.527, 295.80, 100, 74232, 72
2026/07/29 00:28:39.564, 294.16, 100, 74232, 72
2026/07/29 00:28:40.601, 294.24, 100, 74232, 72
2026/07/29 00:28:41.639, 301.82, 100, 74232, 72
2026/07/29 00:28:42.676, 101.57, 94, 74232, 71
2026/07/29 00:28:43.708, 98.40, 0, 74232, 69
2026/07/29 00:28:44.741, 97.40, 0, 74232, 68
2026/07/29 00:28:45.772, 96.53, 0, 74232, 67
2026/07/29 00:28:46.804, 95.82, 0, 74232, 67
2026/07/29 00:28:47.835, 94.92, 0, 74232, 66
2026/07/29 00:28:48.867, 94.54, 0, 74232, 66
2026/07/29 00:28:49.898, 93.44, 0, 74232, 65
2026/07/29 00:28:50.930, 92.77, 0, 74232, 65
2026/07/29 00:28:51.961, 92.57, 0, 74232, 65
2026/07/29 00:28:52.993, 92.07, 0, 74232, 64
2026/07/29 00:28:54.026, 91.78, 0, 74232, 64
2026/07/29 00:28:55.057, 91.21, 0, 74232, 64
2026/07/29 00:28:56.088, 90.71, 0, 74232, 63
2026/07/29 00:28:57.120, 90.32, 0, 74232, 63
2026/07/29 00:28:58.151, 89.82, 0, 74232, 63
2026/07/29 00:28:59.183, 289.47, 100, 74232, 67
2026/07/29 00:29:00.219, 300.53, 100, 74232, 68
2026/07/29 00:29:01.254, 301.49, 100, 74232, 68
2026/07/29 00:29:02.289, 285.59, 100, 74232, 69
2026/07/29 00:29:03.331, 298.01, 100, 74232, 69
2026/07/29 00:29:04.367, 268.07, 100, 74232, 69
2026/07/29 00:29:05.403, 301.05, 100, 74232, 68
2026/07/29 00:29:06.442, 298.70, 100, 74232, 68
2026/07/29 00:29:07.478, 295.98, 100, 74232, 68
2026/07/29 00:29:08.515, 299.00, 100, 74232, 68
2026/07/29 00:29:09.553, 299.09, 100, 74232, 69
2026/07/29 00:29:10.591, 300.35, 100, 74232, 69
2026/07/29 00:29:11.629, 306.50, 100, 74232, 69
2026/07/29 00:29:12.666, 305.32, 100, 74232, 69
2026/07/29 00:29:13.703, 301.43, 100, 74232, 69
2026/07/29 00:29:14.740, 304.54, 100, 74232, 69
2026/07/29 00:29:15.777, 300.95, 100, 74232, 70
2026/07/29 00:29:16.814, 297.53, 100, 74232, 70
2026/07/29 00:29:17.851, 297.65, 100, 74232, 70
2026/07/29 00:29:18.889, 297.76, 100, 74232, 70
2026/07/29 00:29:19.926, 297.94, 100, 74232, 70
2026/07/29 00:29:20.962, 298.12, 100, 74232, 70
2026/07/29 00:29:21.999, 299.11, 100, 74232, 70
2026/07/29 00:29:23.036, 298.02, 100, 74232, 70
2026/07/29 00:29:24.073, 298.51, 100, 74232, 70
2026/07/29 00:29:25.112, 298.91, 100, 74232, 71
2026/07/29 00:29:26.149, 298.32, 100, 74232, 71
2026/07/29 00:29:27.187, 300.65, 100, 74232, 71
2026/07/29 00:29:28.225, 298.90, 100, 74232, 71
2026/07/29 00:29:29.262, 299.79, 100, 74232, 71
2026/07/29 00:29:30.299, 298.23, 100, 74232, 71
2026/07/29 00:29:31.337, 299.60, 100, 74232, 71
2026/07/29 00:29:32.377, 292.77, 100, 74232, 71
2026/07/29 00:29:33.416, 292.30, 100, 74232, 71
2026/07/29 00:29:34.454, 292.48, 100, 74232, 71
2026/07/29 00:29:35.492, 298.90, 100, 74232, 71
2026/07/29 00:29:36.530, 300.07, 100, 74232, 71
2026/07/29 00:29:37.567, 300.27, 100, 74232, 71
2026/07/29 00:29:38.605, 300.66, 100, 74232, 72
2026/07/29 00:29:39.643, 300.48, 100, 74232, 72
2026/07/29 00:29:40.682, 300.16, 100, 74232, 72
2026/07/29 00:29:41.720, 301.22, 100, 74232, 72
2026/07/29 00:29:42.756, 301.56, 100, 74232, 72
2026/07/29 00:29:43.794, 300.76, 100, 74232, 72
2026/07/29 00:29:44.831, 300.79, 100, 74232, 72
2026/07/29 00:29:45.868, 300.87, 100, 74232, 72
2026/07/29 00:29:46.904, 301.33, 100, 74232, 72
2026/07/29 00:29:47.941, 302.53, 100, 74232, 72
2026/07/29 00:29:48.978, 301.52, 100, 74232, 72
2026/07/29 00:29:50.017, 301.62, 100, 74232, 72
2026/07/29 00:29:51.055, 294.91, 100, 74232, 72
2026/07/29 00:29:52.092, 294.04, 100, 74232, 72
2026/07/29 00:29:53.130, 303.07, 100, 74232, 72
2026/07/29 00:29:54.166, 296.19, 100, 74232, 72
2026/07/29 00:29:55.206, 293.35, 100, 74232, 72
2026/07/29 00:29:56.243, 292.88, 100, 74232, 72
2026/07/29 00:29:57.280, 297.24, 100, 74232, 72
2026/07/29 00:29:58.319, 293.17, 100, 74232, 72
2026/07/29 00:29:59.357, 294.06, 100, 74232, 72
2026/07/29 00:30:00.394, 293.05, 100, 74232, 72
2026/07/29 00:30:01.432, 294.92, 100, 74232, 72
2026/07/29 00:30:02.470, 299.98, 100, 74232, 72
2026/07/29 00:30:03.508, 293.46, 100, 74232, 72
2026/07/29 00:30:04.545, 300.85, 100, 74232, 72
2026/07/29 00:30:05.580, 301.32, 100, 74232, 72
2026/07/29 00:30:06.617, 302.33, 100, 74232, 72
2026/07/29 00:30:07.654, 301.44, 100, 74232, 72
2026/07/29 00:30:08.690, 302.12, 100, 74232, 72
2026/07/29 00:30:09.727, 301.44, 100, 74232, 72
2026/07/29 00:30:10.764, 302.24, 100, 74232, 72
2026/07/29 00:30:11.801, 301.54, 100, 74232, 72
2026/07/29 00:30:12.838, 302.13, 100, 74232, 72
2026/07/29 00:30:13.874, 301.33, 100, 74232, 72
2026/07/29 00:30:14.910, 301.63, 100, 74232, 72
2026/07/29 00:30:15.951, 303.19, 100, 74232, 72
2026/07/29 00:30:16.989, 302.88, 100, 74232, 72
2026/07/29 00:30:18.026, 302.10, 100, 74232, 72
2026/07/29 00:30:19.063, 302.03, 100, 74232, 72
2026/07/29 00:30:20.099, 302.10, 100, 74232, 72
2026/07/29 00:30:21.136, 301.45, 100, 74232, 72
2026/07/29 00:30:22.173, 303.87, 100, 74232, 73
2026/07/29 00:30:23.212, 302.51, 100, 74232, 73
2026/07/29 00:30:24.250, 303.80, 100, 74232, 73
2026/07/29 00:30:25.287, 302.13, 100, 74232, 73
2026/07/29 00:30:26.323, 302.34, 100, 74232, 73
2026/07/29 00:30:27.360, 301.43, 100, 74232, 73
2026/07/29 00:30:28.397, 302.41, 100, 74232, 73
2026/07/29 00:30:29.443, 306.61, 100, 74232, 72
2026/07/29 00:30:30.479, 294.43, 100, 74232, 72
2026/07/29 00:30:31.515, 296.29, 100, 74232, 72
2026/07/29 00:30:32.552, 291.69, 100, 74232, 72
2026/07/29 00:30:33.587, 294.33, 100, 74232, 73
2026/07/29 00:30:34.624, 294.83, 100, 74232, 73
2026/07/29 00:30:35.661, 295.04, 100, 74232, 73
2026/07/29 00:30:36.698, 294.05, 100, 74232, 73
2026/07/29 00:30:37.733, 296.47, 100, 74232, 73
2026/07/29 00:30:38.770, 294.23, 100, 74232, 73
2026/07/29 00:30:39.807, 295.04, 100, 74232, 73
2026/07/29 00:30:40.851, 300.75, 100, 74232, 73
2026/07/29 00:30:41.889, 302.04, 100, 74232, 73
2026/07/29 00:30:42.925, 301.07, 100, 74232, 73
2026/07/29 00:30:43.964, 302.83, 100, 74232, 73
2026/07/29 00:30:45.001, 302.52, 100, 74232, 73
2026/07/29 00:30:46.037, 303.49, 100, 74232, 73
2026/07/29 00:30:47.073, 302.62, 100, 74232, 73
2026/07/29 00:30:48.110, 303.51, 100, 74232, 73
2026/07/29 00:30:49.148, 302.59, 100, 74232, 73
2026/07/29 00:30:50.184, 304.37, 100, 74232, 73
2026/07/29 00:30:51.222, 302.33, 100, 74232, 73
2026/07/29 00:30:52.259, 302.78, 100, 74232, 73
2026/07/29 00:30:53.296, 294.92, 100, 74232, 73
2026/07/29 00:30:54.333, 292.30, 100, 74232, 73
2026/07/29 00:30:55.372, 291.22, 100, 74232, 73
2026/07/29 00:30:56.410, 294.83, 100, 74232, 73
2026/07/29 00:30:57.446, 294.83, 100, 74232, 73
2026/07/29 00:30:58.483, 294.33, 100, 74232, 73
2026/07/29 00:30:59.520, 295.12, 100, 74232, 73
2026/07/29 00:31:00.560, 295.22, 100, 74232, 73
2026/07/29 00:31:01.596, 300.15, 100, 74232, 73
2026/07/29 00:31:02.633, 299.12, 100, 74232, 73
2026/07/29 00:31:03.672, 305.41, 100, 74232, 73
2026/07/29 00:31:04.710, 302.53, 100, 74232, 73
2026/07/29 00:31:05.749, 298.51, 100, 74232, 73
2026/07/29 00:31:06.787, 303.27, 100, 74232, 73
2026/07/29 00:31:07.824, 302.42, 100, 74232, 73
2026/07/29 00:31:08.861, 303.29, 100, 74232, 73
2026/07/29 00:31:09.899, 302.62, 100, 74232, 73
2026/07/29 00:31:10.937, 301.44, 100, 74232, 73
2026/07/29 00:31:11.974, 305.14, 100, 74232, 73
2026/07/29 00:31:13.014, 302.32, 100, 74232, 73
2026/07/29 00:31:14.052, 301.80, 100, 74232, 73
2026/07/29 00:31:15.088, 302.92, 100, 74232, 73
2026/07/29 00:31:16.125, 298.41, 100, 74232, 72
2026/07/29 00:31:17.162, 303.02, 100, 74232, 72
2026/07/29 00:31:18.204, 301.63, 100, 74232, 72
2026/07/29 00:31:19.242, 297.34, 100, 74232, 72
2026/07/29 00:31:20.280, 294.63, 100, 74232, 72
2026/07/29 00:31:21.318, 294.04, 100, 74232, 72
2026/07/29 00:31:22.354, 295.23, 100, 74232, 72
2026/07/29 00:31:23.390, 302.59, 100, 74232, 72
2026/07/29 00:31:24.427, 297.35, 100, 74232, 72
2026/07/29 00:31:25.462, 300.94, 100, 74232, 72
2026/07/29 00:31:26.499, 301.53, 100, 74232, 72
2026/07/29 00:31:27.536, 299.88, 100, 74232, 72
2026/07/29 00:31:28.572, 301.84, 100, 74232, 72
2026/07/29 00:31:29.609, 290.95, 100, 74232, 72
2026/07/29 00:31:30.645, 294.24, 100, 74232, 72
2026/07/29 00:31:31.688, 294.45, 100, 74232, 72
2026/07/29 00:31:32.725, 294.73, 100, 74232, 72
2026/07/29 00:31:33.764, 295.12, 100, 74232, 72
2026/07/29 00:31:34.802, 294.15, 100, 74232, 72
2026/07/29 00:31:35.839, 301.81, 100, 74232, 72
2026/07/29 00:31:36.875, 296.36, 100, 74232, 72
2026/07/29 00:31:37.914, 302.89, 100, 74232, 72
2026/07/29 00:31:38.951, 301.56, 100, 74232, 72
2026/07/29 00:31:39.987, 301.74, 100, 74232, 72
2026/07/29 00:31:41.023, 302.59, 100, 74232, 72
2026/07/29 00:31:42.060, 301.64, 100, 74232, 72
2026/07/29 00:31:43.096, 296.57, 100, 74232, 72
2026/07/29 00:31:44.136, 294.04, 100, 74232, 72
2026/07/29 00:31:45.173, 293.95, 100, 74232, 72
2026/07/29 00:31:46.210, 302.80, 100, 74232, 72
2026/07/29 00:31:47.247, 292.19, 100, 74232, 72
2026/07/29 00:31:48.284, 294.82, 100, 74232, 72
2026/07/29 00:31:49.321, 295.23, 100, 74232, 72
2026/07/29 00:31:50.358, 295.60, 100, 74232, 72
2026/07/29 00:31:51.394, 296.06, 100, 74232, 72
2026/07/29 00:31:52.431, 294.43, 100, 74232, 72
2026/07/29 00:31:53.470, 303.49, 100, 74232, 72
2026/07/29 00:31:54.507, 298.72, 100, 74232, 72
2026/07/29 00:31:55.545, 295.13, 100, 74232, 72
2026/07/29 00:31:56.581, 297.82, 100, 74232, 72
2026/07/29 00:31:57.617, 307.38, 100, 74232, 72
2026/07/29 00:31:58.655, 301.65, 100, 74232, 72
2026/07/29 00:31:59.692, 304.54, 100, 74232, 72
2026/07/29 00:32:00.731, 302.12, 100, 74232, 72
2026/07/29 00:32:01.768, 302.53, 100, 74232, 72
2026/07/29 00:32:02.804, 301.64, 100, 74232, 72
2026/07/29 00:32:03.840, 304.96, 100, 74232, 72
2026/07/29 00:32:04.878, 301.83, 100, 74232, 72
2026/07/29 00:32:05.915, 301.84, 100, 74232, 72
2026/07/29 00:32:06.952, 302.03, 100, 74232, 72
2026/07/29 00:32:07.989, 302.90, 100, 74232, 72
2026/07/29 00:32:09.026, 302.42, 100, 74232, 72
2026/07/29 00:32:10.064, 296.37, 100, 74232, 72
2026/07/29 00:32:11.103, 295.80, 100, 74232, 72
2026/07/29 00:32:12.142, 294.33, 100, 74232, 72
2026/07/29 00:32:13.179, 295.62, 100, 74232, 72
2026/07/29 00:32:14.216, 299.98, 100, 74232, 72
2026/07/29 00:32:15.257, 296.00, 100, 74232, 72
2026/07/29 00:32:16.293, 301.54, 100, 74232, 72
2026/07/29 00:32:17.329, 302.32, 100, 74232, 72
2026/07/29 00:32:18.366, 302.67, 100, 74232, 72
2026/07/29 00:32:19.403, 295.20, 100, 74232, 72
2026/07/29 00:32:20.440, 293.26, 100, 74232, 72
2026/07/29 00:32:21.477, 293.65, 100, 74232, 72
2026/07/29 00:32:22.514, 301.74, 100, 74232, 72
2026/07/29 00:32:23.552, 305.20, 100, 74232, 72
2026/07/29 00:32:24.590, 299.90, 100, 74232, 72
2026/07/29 00:32:25.628, 298.81, 100, 74232, 72
2026/07/29 00:32:26.665, 298.52, 100, 74232, 72
2026/07/29 00:32:27.704, 294.63, 100, 74232, 72
2026/07/29 00:32:28.743, 290.74, 100, 74232, 72
2026/07/29 00:32:29.781, 296.47, 100, 74232, 72
2026/07/29 00:32:30.819, 294.03, 100, 74232, 72
2026/07/29 00:32:31.856, 298.44, 100, 74232, 72
2026/07/29 00:32:32.894, 301.66, 100, 74232, 72
2026/07/29 00:32:33.932, 301.23, 100, 74232, 72
2026/07/29 00:32:34.969, 297.95, 100, 74232, 72
2026/07/29 00:32:36.008, 301.14, 100, 74232, 72
2026/07/29 00:32:37.045, 303.67, 100, 74232, 72
2026/07/29 00:32:38.083, 302.88, 100, 74232, 72
2026/07/29 00:32:39.120, 296.08, 100, 74232, 72
2026/07/29 00:32:40.157, 294.22, 100, 74232, 72
2026/07/29 00:32:41.197, 298.22, 100, 74232, 72
2026/07/29 00:32:42.234, 294.55, 100, 74232, 72
2026/07/29 00:32:43.271, 300.86, 100, 74232, 72
2026/07/29 00:32:44.309, 300.58, 100, 74232, 72
2026/07/29 00:32:45.352, 300.77, 100, 74232, 72
2026/07/29 00:32:46.390, 298.52, 100, 74232, 72
2026/07/29 00:32:47.426, 301.35, 100, 74232, 72
2026/07/29 00:32:48.463, 301.84, 100, 74232, 72
2026/07/29 00:32:49.499, 295.79, 100, 74232, 72
2026/07/29 00:32:50.537, 300.96, 100, 74232, 72
2026/07/29 00:32:51.574, 291.43, 100, 74232, 72
2026/07/29 00:32:52.613, 295.42, 100, 74232, 72
2026/07/29 00:32:53.651, 300.93, 100, 74232, 72
2026/07/29 00:32:54.687, 301.92, 100, 74232, 72
2026/07/29 00:32:55.724, 301.25, 100, 74232, 72
2026/07/29 00:32:56.762, 302.58, 100, 74232, 72
2026/07/29 00:32:57.799, 297.94, 100, 74232, 72
2026/07/29 00:32:58.835, 300.48, 100, 74232, 72
2026/07/29 00:32:59.871, 302.15, 100, 74232, 72
2026/07/29 00:33:00.912, 296.78, 100, 74232, 72
2026/07/29 00:33:01.951, 295.33, 100, 74232, 72
2026/07/29 00:33:02.987, 302.00, 100, 74232, 72
2026/07/29 00:33:04.025, 303.79, 100, 74232, 72
2026/07/29 00:33:05.065, 303.48, 100, 74232, 72
2026/07/29 00:33:06.102, 301.73, 100, 74232, 73
2026/07/29 00:33:07.141, 302.12, 100, 74232, 73
2026/07/29 00:33:08.179, 300.28, 100, 74232, 73
2026/07/29 00:33:09.221, 300.17, 100, 74232, 73
2026/07/29 00:33:10.259, 295.78, 100, 74232, 72
2026/07/29 00:33:11.297, 296.30, 100, 74232, 72
2026/07/29 00:33:12.337, 296.95, 100, 74232, 73
2026/07/29 00:33:13.378, 292.29, 100, 74232, 72
2026/07/29 00:33:14.418, 295.51, 100, 74232, 73
2026/07/29 00:33:15.456, 295.98, 100, 74232, 73
2026/07/29 00:33:16.494, 295.61, 100, 74232, 73
2026/07/29 00:33:17.531, 295.21, 100, 74232, 73
2026/07/29 00:33:18.570, 295.01, 100, 74232, 73
2026/07/29 00:33:19.609, 296.97, 100, 74232, 73
2026/07/29 00:33:20.646, 295.50, 100, 74232, 73
2026/07/29 00:33:21.684, 295.30, 100, 74232, 73
2026/07/29 00:33:22.722, 296.88, 100, 74232, 73
2026/07/29 00:33:23.760, 295.20, 100, 74232, 73
2026/07/29 00:33:24.797, 295.71, 100, 74232, 73
2026/07/29 00:33:25.835, 295.97, 100, 74232, 73
2026/07/29 00:33:26.872, 295.50, 100, 74232, 73
2026/07/29 00:33:27.909, 298.52, 100, 74232, 73
2026/07/29 00:33:28.954, 303.30, 100, 74232, 73
2026/07/29 00:33:29.992, 296.50, 100, 74232, 73
2026/07/29 00:33:31.029, 302.90, 100, 74232, 73
2026/07/29 00:33:32.067, 303.10, 100, 74232, 73
2026/07/29 00:33:33.103, 303.54, 100, 74232, 73
2026/07/29 00:33:34.140, 299.18, 100, 74232, 73
2026/07/29 00:33:35.176, 299.51, 100, 74232, 73
2026/07/29 00:33:36.212, 303.11, 100, 74232, 73
2026/07/29 00:33:37.249, 303.10, 100, 74232, 73
2026/07/29 00:33:38.285, 303.60, 100, 74232, 73
2026/07/29 00:33:39.322, 301.73, 100, 74232, 73
2026/07/29 00:33:40.360, 303.78, 100, 74232, 73
2026/07/29 00:33:41.396, 297.95, 100, 74232, 73
2026/07/29 00:33:42.433, 294.34, 100, 74232, 72
2026/07/29 00:33:43.477, 298.78, 100, 74232, 72
2026/07/29 00:33:44.514, 295.02, 100, 74232, 72
2026/07/29 00:33:45.550, 295.51, 100, 74232, 72
2026/07/29 00:33:46.589, 295.98, 100, 74232, 72
2026/07/29 00:33:47.626, 295.60, 100, 74232, 72
2026/07/29 00:33:48.663, 296.86, 100, 74232, 72
2026/07/29 00:33:49.699, 295.29, 100, 74232, 72
2026/07/29 00:33:50.736, 294.62, 100, 74232, 72
2026/07/29 00:33:51.775, 294.33, 100, 74232, 72
2026/07/29 00:33:52.811, 294.83, 100, 74232, 72
2026/07/29 00:33:53.848, 295.41, 100, 74232, 72
2026/07/29 00:33:54.886, 295.02, 100, 74232, 72
2026/07/29 00:33:55.924, 295.31, 100, 74232, 72
2026/07/29 00:33:56.960, 295.88, 100, 74232, 72
2026/07/29 00:33:57.998, 295.78, 100, 74232, 72
2026/07/29 00:33:59.034, 99.35, 0, 74232, 70
2026/07/29 00:34:00.068, 301.56, 100, 74232, 74
2026/07/29 00:34:01.104, 290.53, 100, 74232, 74
2026/07/29 00:34:02.137, 288.24, 100, 74232, 74
2026/07/29 00:34:03.171, 294.12, 100, 74232, 74
2026/07/29 00:34:04.207, 266.04, 100, 74232, 74
2026/07/29 00:34:05.242, 297.26, 100, 74232, 74
2026/07/29 00:34:06.276, 301.45, 100, 74232, 72
2026/07/29 00:34:07.313, 301.52, 100, 74232, 72
2026/07/29 00:34:08.349, 302.22, 100, 74232, 72
2026/07/29 00:34:09.387, 302.12, 100, 74232, 73
2026/07/29 00:34:10.422, 301.74, 100, 74232, 73
2026/07/29 00:34:11.459, 302.81, 100, 74232, 73
2026/07/29 00:34:12.494, 302.42, 100, 74232, 73
2026/07/29 00:34:13.531, 302.92, 100, 74232, 73
2026/07/29 00:34:14.567, 304.19, 100, 74232, 73
2026/07/29 00:34:15.604, 296.00, 100, 74232, 73
2026/07/29 00:34:16.639, 303.88, 100, 74232, 73
2026/07/29 00:34:17.676, 301.84, 100, 74232, 73
2026/07/29 00:34:18.712, 295.40, 100, 74232, 73
2026/07/29 00:34:19.750, 294.82, 100, 74232, 73
2026/07/29 00:34:20.786, 294.92, 100, 74232, 73
2026/07/29 00:34:21.825, 295.31, 100, 74232, 73
2026/07/29 00:34:22.861, 294.72, 100, 74232, 73
2026/07/29 00:34:23.898, 295.52, 100, 74232, 73
2026/07/29 00:34:24.935, 295.12, 100, 74232, 73
2026/07/29 00:34:25.971, 302.51, 100, 74232, 73
2026/07/29 00:34:27.009, 299.99, 100, 74232, 73
2026/07/29 00:34:28.049, 294.92, 100, 74232, 73
2026/07/29 00:34:29.089, 303.08, 100, 74232, 73
2026/07/29 00:34:30.127, 303.00, 100, 74232, 73
2026/07/29 00:34:31.164, 302.31, 100, 74232, 73
2026/07/29 00:34:32.202, 302.96, 100, 74232, 73
2026/07/29 00:34:33.241, 299.78, 100, 74232, 73
2026/07/29 00:34:34.280, 302.80, 100, 74232, 73
2026/07/29 00:34:35.318, 302.61, 100, 74232, 73
2026/07/29 00:34:36.356, 298.82, 100, 74232, 73
2026/07/29 00:34:37.396, 299.21, 100, 74232, 73
2026/07/29 00:34:38.433, 302.90, 100, 74232, 73
2026/07/29 00:34:39.470, 302.32, 100, 74232, 73
2026/07/29 00:34:40.507, 302.81, 100, 74232, 73
2026/07/29 00:34:41.544, 297.05, 100, 74232, 73
2026/07/29 00:34:42.581, 298.80, 100, 74232, 73
2026/07/29 00:34:43.617, 295.61, 100, 74232, 73
2026/07/29 00:34:44.654, 296.39, 100, 74232, 73
2026/07/29 00:34:45.692, 302.00, 100, 74232, 73
2026/07/29 00:34:46.729, 295.92, 100, 74232, 73
2026/07/29 00:34:47.766, 295.01, 100, 74232, 73
2026/07/29 00:34:48.802, 300.92, 100, 74232, 73
2026/07/29 00:34:49.838, 298.32, 100, 74232, 73
2026/07/29 00:34:50.880, 294.92, 100, 74232, 73
2026/07/29 00:34:51.917, 302.81, 100, 74232, 73
2026/07/29 00:34:52.953, 299.90, 100, 74232, 73
2026/07/29 00:34:53.990, 303.39, 100, 74232, 73
2026/07/29 00:34:55.026, 295.02, 100, 74232, 73
2026/07/29 00:34:56.065, 291.33, 100, 74232, 73
2026/07/29 00:34:57.105, 296.17, 100, 74232, 73
2026/07/29 00:34:58.142, 295.11, 100, 74232, 73
2026/07/29 00:34:59.185, 297.64, 100, 74232, 73
2026/07/29 00:35:00.223, 300.77, 100, 74232, 73
2026/07/29 00:35:01.260, 302.81, 100, 74232, 73
2026/07/29 00:35:02.296, 302.52, 100, 74232, 73
2026/07/29 00:35:03.332, 302.92, 100, 74232, 73
2026/07/29 00:35:04.369, 302.90, 100, 74232, 73
2026/07/29 00:35:05.408, 296.01, 100, 74232, 73
2026/07/29 00:35:06.447, 300.86, 100, 74232, 73
2026/07/29 00:35:07.484, 302.59, 100, 74232, 73
2026/07/29 00:35:08.522, 294.92, 100, 74232, 73
2026/07/29 00:35:09.558, 296.65, 100, 74232, 73
2026/07/29 00:35:10.596, 295.49, 100, 74232, 73
2026/07/29 00:35:11.632, 294.82, 100, 74232, 73
2026/07/29 00:35:12.670, 294.45, 100, 74232, 73
2026/07/29 00:35:13.707, 294.44, 100, 74232, 73
2026/07/29 00:35:14.743, 296.95, 100, 74232, 73
2026/07/29 00:35:15.779, 302.30, 100, 74232, 73
2026/07/29 00:35:16.815, 301.84, 100, 74232, 73
2026/07/29 00:35:17.855, 300.54, 100, 74232, 73
2026/07/29 00:35:18.892, 303.66, 100, 74232, 73
2026/07/29 00:35:19.929, 294.63, 100, 74232, 73
2026/07/29 00:35:20.966, 295.69, 100, 74232, 73
2026/07/29 00:35:22.003, 294.51, 100, 74232, 73
2026/07/29 00:35:23.040, 302.03, 100, 74232, 73
2026/07/29 00:35:24.075, 302.62, 100, 74232, 73
2026/07/29 00:35:25.111, 302.12, 100, 74232, 73
2026/07/29 00:35:26.149, 302.11, 100, 74232, 73
2026/07/29 00:35:27.187, 302.13, 100, 74232, 73
2026/07/29 00:35:28.224, 303.36, 100, 74232, 73
2026/07/29 00:35:29.260, 301.81, 100, 74232, 73
2026/07/29 00:35:30.297, 303.77, 100, 74232, 73
2026/07/29 00:35:31.334, 302.43, 100, 74232, 73
2026/07/29 00:35:32.371, 297.43, 100, 74232, 73
2026/07/29 00:35:33.407, 295.30, 100, 74232, 73
2026/07/29 00:35:34.446, 294.75, 100, 74232, 72
2026/07/29 00:35:35.484, 294.35, 100, 74232, 73
2026/07/29 00:35:36.519, 295.41, 100, 74232, 72
2026/07/29 00:35:37.559, 294.44, 100, 74232, 72
2026/07/29 00:35:38.597, 295.22, 100, 74232, 72
2026/07/29 00:35:39.637, 294.63, 100, 74232, 72
2026/07/29 00:35:40.674, 300.95, 100, 74232, 72
2026/07/29 00:35:41.710, 298.72, 100, 74232, 73
2026/07/29 00:35:42.747, 299.76, 100, 74232, 72
2026/07/29 00:35:43.784, 302.14, 100, 74232, 73
2026/07/29 00:35:44.821, 302.23, 100, 74232, 73
2026/07/29 00:35:45.859, 302.42, 100, 74232, 73
2026/07/29 00:35:46.897, 298.51, 100, 74232, 72
2026/07/29 00:35:47.933, 303.98, 100, 74232, 73
2026/07/29 00:35:48.970, 298.32, 100, 74232, 73
2026/07/29 00:35:50.007, 295.20, 100, 74232, 72
2026/07/29 00:35:51.044, 294.13, 100, 74232, 72
2026/07/29 00:35:52.079, 294.24, 100, 74232, 72
2026/07/29 00:35:53.116, 297.85, 100, 74232, 72
2026/07/29 00:35:54.154, 301.28, 100, 74232, 72
2026/07/29 00:35:55.192, 304.62, 100, 74232, 73
2026/07/29 00:35:56.228, 302.59, 100, 74232, 72
2026/07/29 00:35:57.264, 302.33, 100, 74232, 72
2026/07/29 00:35:58.302, 305.05, 100, 74232, 72
2026/07/29 00:35:59.341, 302.03, 100, 74232, 72
2026/07/29 00:36:00.378, 302.03, 100, 74232, 73
2026/07/29 00:36:01.416, 302.91, 100, 74232, 73
2026/07/29 00:36:02.453, 294.25, 100, 74232, 72
2026/07/29 00:36:03.490, 291.99, 100, 74232, 72
2026/07/29 00:36:04.526, 294.43, 100, 74232, 72
2026/07/29 00:36:05.563, 293.86, 100, 74232, 72
2026/07/29 00:36:06.600, 294.33, 100, 74232, 72
2026/07/29 00:36:07.637, 294.42, 100, 74232, 72
2026/07/29 00:36:08.676, 295.33, 100, 74232, 72
2026/07/29 00:36:09.713, 302.10, 100, 74232, 72
2026/07/29 00:36:10.752, 305.04, 100, 74232, 72
2026/07/29 00:36:11.789, 298.51, 100, 74232, 72
2026/07/29 00:36:12.826, 302.67, 100, 74232, 72
2026/07/29 00:36:13.865, 302.12, 100, 74232, 72
2026/07/29 00:36:14.903, 304.41, 100, 74232, 72
2026/07/29 00:36:15.943, 296.56, 100, 74232, 72
2026/07/29 00:36:16.980, 296.88, 100, 74232, 72
2026/07/29 00:36:18.016, 294.14, 100, 74232, 72
2026/07/29 00:36:19.053, 304.71, 100, 74232, 72
2026/07/29 00:36:20.090, 300.97, 100, 74232, 72
2026/07/29 00:36:21.127, 305.03, 100, 74232, 72
2026/07/29 00:36:22.163, 302.03, 100, 74232, 72
2026/07/29 00:36:23.199, 292.76, 100, 74232, 72
2026/07/29 00:36:24.237, 294.91, 100, 74232, 72
2026/07/29 00:36:25.275, 294.63, 100, 74232, 72
2026/07/29 00:36:26.312, 300.67, 100, 74232, 72
2026/07/29 00:36:27.350, 300.38, 100, 74232, 72
2026/07/29 00:36:28.389, 303.30, 100, 74232, 72
2026/07/29 00:36:29.426, 304.05, 100, 74232, 72
2026/07/29 00:36:30.463, 302.79, 100, 74232, 72
2026/07/29 00:36:31.499, 302.11, 100, 74232, 72
2026/07/29 00:36:32.537, 302.24, 100, 74232, 72
2026/07/29 00:36:33.575, 302.81, 100, 74232, 72
2026/07/29 00:36:34.612, 304.56, 100, 74232, 72
2026/07/29 00:36:35.649, 301.94, 100, 74232, 72
2026/07/29 00:36:36.686, 301.75, 100, 74232, 72
2026/07/29 00:36:37.722, 301.85, 100, 74232, 72
2026/07/29 00:36:38.760, 302.99, 100, 74232, 72
2026/07/29 00:36:39.796, 291.89, 100, 74232, 72
2026/07/29 00:36:40.833, 294.34, 100, 74232, 72
2026/07/29 00:36:41.870, 294.42, 100, 74232, 72
2026/07/29 00:36:42.912, 295.11, 100, 74232, 72
2026/07/29 00:36:43.948, 298.13, 100, 74232, 72
2026/07/29 00:36:44.986, 299.30, 100, 74232, 72
2026/07/29 00:36:46.022, 302.53, 100, 74232, 72
2026/07/29 00:36:47.058, 302.29, 100, 74232, 72
2026/07/29 00:36:48.097, 298.04, 100, 74232, 72
2026/07/29 00:36:49.134, 301.13, 100, 74232, 72
2026/07/29 00:36:50.172, 302.13, 100, 74232, 72
2026/07/29 00:36:51.209, 302.32, 100, 74232, 72
2026/07/29 00:36:52.246, 301.94, 100, 74232, 72
2026/07/29 00:36:53.283, 290.84, 100, 74232, 72
2026/07/29 00:36:54.320, 294.54, 100, 74232, 72
2026/07/29 00:36:55.357, 297.65, 100, 74232, 72
2026/07/29 00:36:56.399, 295.98, 100, 74232, 72
2026/07/29 00:36:57.436, 297.95, 100, 74232, 72
2026/07/29 00:36:58.474, 298.21, 100, 74232, 72
2026/07/29 00:36:59.510, 302.13, 100, 74232, 72
2026/07/29 00:37:00.547, 302.69, 100, 74232, 72
2026/07/29 00:37:01.585, 298.62, 100, 74232, 72
2026/07/29 00:37:02.622, 302.31, 100, 74232, 72
2026/07/29 00:37:03.659, 302.20, 100, 74232, 72
2026/07/29 00:37:04.696, 302.43, 100, 74232, 72
2026/07/29 00:37:05.735, 301.94, 100, 74232, 72
2026/07/29 00:37:06.771, 301.26, 100, 74232, 72
2026/07/29 00:37:07.809, 302.03, 100, 74232, 72
2026/07/29 00:37:08.846, 301.84, 100, 74232, 72
2026/07/29 00:37:09.883, 301.82, 100, 74232, 72
2026/07/29 00:37:10.919, 303.39, 100, 74232, 72
2026/07/29 00:37:11.955, 301.64, 100, 74232, 72
2026/07/29 00:37:12.994, 302.23, 100, 74232, 72
2026/07/29 00:37:14.032, 296.10, 100, 74232, 72
2026/07/29 00:37:15.070, 290.74, 100, 74232, 72
2026/07/29 00:37:16.107, 294.42, 100, 74232, 72
2026/07/29 00:37:17.145, 303.19, 100, 74232, 72
2026/07/29 00:37:18.181, 301.63, 100, 74232, 72
2026/07/29 00:37:19.218, 301.81, 100, 74232, 72
2026/07/29 00:37:20.255, 302.99, 100, 74232, 72
2026/07/29 00:37:21.295, 303.23, 100, 74232, 72
2026/07/29 00:37:22.332, 301.94, 100, 74232, 72
2026/07/29 00:37:23.369, 290.93, 100, 74232, 72
2026/07/29 00:37:24.408, 295.20, 100, 74232, 72
2026/07/29 00:37:25.444, 294.24, 100, 74232, 72
2026/07/29 00:37:26.480, 307.28, 100, 74232, 72
2026/07/29 00:37:27.517, 301.82, 100, 74232, 72
2026/07/29 00:37:28.555, 296.27, 100, 74232, 72
2026/07/29 00:37:29.592, 294.32, 100, 74232, 72
2026/07/29 00:37:30.629, 301.74, 100, 74232, 72
2026/07/29 00:37:31.666, 301.16, 100, 74232, 72
2026/07/29 00:37:32.703, 303.96, 100, 74232, 72
2026/07/29 00:37:33.740, 303.18, 100, 74232, 72
2026/07/29 00:37:34.776, 302.91, 100, 74232, 72
2026/07/29 00:37:35.813, 302.71, 100, 74232, 72
2026/07/29 00:37:36.851, 296.38, 100, 74232, 72
2026/07/29 00:37:37.887, 296.84, 100, 74232, 72
2026/07/29 00:37:38.926, 296.48, 100, 74232, 72
2026/07/29 00:37:39.963, 295.11, 100, 74232, 72
2026/07/29 00:37:41.001, 295.02, 100, 74232, 72
2026/07/29 00:37:42.039, 291.41, 100, 74232, 72
2026/07/29 00:37:43.075, 294.73, 100, 74232, 72
2026/07/29 00:37:44.112, 294.32, 100, 74232, 72
2026/07/29 00:37:45.150, 300.35, 100, 74232, 72
2026/07/29 00:37:46.187, 301.46, 100, 74232, 72
2026/07/29 00:37:47.224, 302.84, 100, 74232, 72
2026/07/29 00:37:48.262, 302.68, 100, 74232, 72
2026/07/29 00:37:49.299, 304.17, 100, 74232, 72
2026/07/29 00:37:50.338, 302.58, 100, 74232, 72
2026/07/29 00:37:51.377, 302.33, 100, 74232, 72
2026/07/29 00:37:52.414, 301.84, 100, 74232, 72
2026/07/29 00:37:53.452, 297.85, 100, 74232, 72
2026/07/29 00:37:54.489, 296.97, 100, 74232, 72
2026/07/29 00:37:55.529, 295.30, 100, 74232, 72
2026/07/29 00:37:56.567, 291.32, 100, 74232, 72
2026/07/29 00:37:57.602, 295.04, 100, 74232, 72
2026/07/29 00:37:58.640, 297.85, 100, 74232, 72
2026/07/29 00:37:59.676, 292.69, 100, 74232, 72
2026/07/29 00:38:00.715, 294.44, 100, 74232, 72
2026/07/29 00:38:01.752, 295.23, 100, 74232, 72
2026/07/29 00:38:02.791, 294.92, 100, 74232, 72
2026/07/29 00:38:03.828, 302.51, 100, 74232, 72
2026/07/29 00:38:04.864, 296.48, 100, 74232, 72
2026/07/29 00:38:05.901, 294.05, 100, 74232, 72
2026/07/29 00:38:06.938, 293.57, 100, 74232, 72
2026/07/29 00:38:07.976, 294.52, 100, 74232, 72
2026/07/29 00:38:09.012, 294.85, 100, 74232, 72
2026/07/29 00:38:10.051, 294.72, 100, 74232, 72
2026/07/29 00:38:11.088, 291.30, 100, 74232, 72
2026/07/29 00:38:12.130, 294.53, 100, 74232, 72
2026/07/29 00:38:13.168, 301.51, 100, 74232, 72
2026/07/29 00:38:14.205, 303.67, 100, 74232, 72
2026/07/29 00:38:15.245, 301.45, 100, 74232, 72
2026/07/29 00:38:16.282, 301.62, 100, 74232, 72
2026/07/29 00:38:17.319, 298.13, 100, 74232, 72
2026/07/29 00:38:18.355, 303.66, 100, 74232, 72
2026/07/29 00:38:19.393, 301.83, 100, 74232, 72
2026/07/29 00:38:20.431, 302.71, 100, 74232, 72
2026/07/29 00:38:21.468, 302.71, 100, 74232, 72
2026/07/29 00:38:22.506, 301.92, 100, 74232, 72
2026/07/29 00:38:23.543, 303.97, 100, 74232, 72
2026/07/29 00:38:24.580, 301.54, 100, 74232, 72
2026/07/29 00:38:25.618, 303.23, 100, 74232, 72
2026/07/29 00:38:26.655, 302.34, 100, 74232, 72
2026/07/29 00:38:27.691, 302.51, 100, 74232, 72
2026/07/29 00:38:28.730, 303.78, 100, 74232, 72
2026/07/29 00:38:29.768, 302.81, 100, 74232, 72
2026/07/29 00:38:30.806, 301.92, 100, 74232, 72
2026/07/29 00:38:31.844, 302.51, 100, 74232, 72
2026/07/29 00:38:32.882, 302.36, 100, 74232, 72
2026/07/29 00:38:33.920, 296.68, 100, 74232, 72
2026/07/29 00:38:34.957, 295.70, 100, 74232, 72
2026/07/29 00:38:35.995, 294.54, 100, 74232, 72
2026/07/29 00:38:37.031, 295.51, 100, 74232, 72
2026/07/29 00:38:38.070, 295.11, 100, 74232, 72
2026/07/29 00:38:39.108, 294.53, 100, 74232, 72
2026/07/29 00:38:40.147, 301.63, 100, 74232, 72
2026/07/29 00:38:41.185, 296.06, 100, 74232, 72
2026/07/29 00:38:42.223, 294.82, 100, 74232, 72
2026/07/29 00:38:43.260, 295.29, 100, 74232, 72
2026/07/29 00:38:44.298, 295.14, 100, 74232, 72
2026/07/29 00:38:45.336, 294.73, 100, 74232, 72
2026/07/29 00:38:46.374, 301.82, 100, 74232, 72
2026/07/29 00:38:47.412, 298.33, 100, 74232, 72
2026/07/29 00:38:48.449, 300.93, 100, 74232, 72
2026/07/29 00:38:49.486, 302.91, 100, 74232, 72
2026/07/29 00:38:50.524, 302.43, 100, 74232, 72
2026/07/29 00:38:51.562, 302.64, 100, 74232, 73
2026/07/29 00:38:52.601, 303.74, 100, 74232, 73
2026/07/29 00:38:53.638, 302.70, 100, 74232, 73
2026/07/29 00:38:54.674, 301.63, 100, 74232, 72
2026/07/29 00:38:55.711, 302.97, 100, 74232, 72
2026/07/29 00:38:56.747, 303.00, 100, 74232, 72
2026/07/29 00:38:57.783, 303.78, 100, 74232, 72
2026/07/29 00:38:58.819, 302.89, 100, 74232, 72
2026/07/29 00:38:59.858, 98.35, 0, 74232, 69
2026/07/29 00:39:00.890, 290.00, 100, 74232, 73
2026/07/29 00:39:01.925, 290.92, 100, 74232, 74
2026/07/29 00:39:02.962, 295.95, 100, 74232, 74
2026/07/29 00:39:03.997, 287.04, 100, 74232, 74
2026/07/29 00:39:05.034, 263.59, 100, 74232, 74
2026/07/29 00:39:06.071, 287.10, 100, 74232, 74
2026/07/29 00:39:07.110, 300.66, 100, 74232, 72
2026/07/29 00:39:08.148, 300.54, 100, 74232, 72
2026/07/29 00:39:09.185, 301.63, 100, 74232, 72
2026/07/29 00:39:10.223, 301.65, 100, 74232, 72
2026/07/29 00:39:11.260, 302.05, 100, 74232, 72
2026/07/29 00:39:12.299, 304.06, 100, 74232, 72
2026/07/29 00:39:13.336, 301.35, 100, 74232, 73
2026/07/29 00:39:14.374, 302.34, 100, 74232, 73
2026/07/29 00:39:15.414, 302.68, 100, 74232, 73
2026/07/29 00:39:16.452, 296.67, 100, 74232, 73
2026/07/29 00:39:17.490, 302.03, 100, 74232, 73
2026/07/29 00:39:18.539, 294.52, 100, 74232, 73
2026/07/29 00:39:19.576, 298.62, 100, 74232, 73
2026/07/29 00:39:20.613, 302.24, 100, 74232, 73
2026/07/29 00:39:21.659, 295.79, 100, 74232, 73
2026/07/29 00:39:22.698, 294.44, 100, 74232, 73
2026/07/29 00:39:23.736, 294.53, 100, 74232, 73
2026/07/29 00:39:24.773, 303.98, 100, 74232, 73
2026/07/29 00:39:25.810, 299.58, 100, 74232, 73
2026/07/29 00:39:26.848, 292.48, 100, 74232, 73
2026/07/29 00:39:27.886, 296.65, 100, 74232, 73
2026/07/29 00:39:28.925, 297.16, 100, 74232, 73
2026/07/29 00:39:29.963, 301.62, 100, 74232, 73
2026/07/29 00:39:31.000, 294.64, 100, 74232, 73
2026/07/29 00:39:32.038, 294.91, 100, 74232, 73
2026/07/29 00:39:33.076, 304.11, 100, 74232, 73
2026/07/29 00:39:34.114, 303.38, 100, 74232, 73
2026/07/29 00:39:35.151, 302.59, 100, 74232, 73
2026/07/29 00:39:36.190, 302.81, 100, 74232, 73
2026/07/29 00:39:37.228, 298.72, 100, 74232, 73
2026/07/29 00:39:38.270, 291.79, 100, 74232, 73
2026/07/29 00:39:39.308, 295.20, 100, 74232, 73
2026/07/29 00:39:40.347, 295.91, 100, 74232, 73
2026/07/29 00:39:41.385, 301.94, 100, 74232, 73
2026/07/29 00:39:42.423, 303.88, 100, 74232, 73
2026/07/29 00:39:43.460, 305.34, 100, 74232, 73
2026/07/29 00:39:44.497, 303.10, 100, 74232, 73
2026/07/29 00:39:45.534, 304.99, 100, 74232, 73
2026/07/29 00:39:46.571, 295.60, 100, 74232, 73
2026/07/29 00:39:47.609, 292.08, 100, 74232, 73
2026/07/29 00:39:48.647, 295.79, 100, 74232, 73
2026/07/29 00:39:49.684, 295.60, 100, 74232, 73
2026/07/29 00:39:50.723, 295.61, 100, 74232, 73
2026/07/29 00:39:51.760, 303.48, 100, 74232, 73
2026/07/29 00:39:52.797, 302.60, 100, 74232, 73
2026/07/29 00:39:53.833, 303.33, 100, 74232, 73
2026/07/29 00:39:54.871, 294.04, 100, 74232, 73
2026/07/29 00:39:55.910, 303.21, 100, 74232, 73
2026/07/29 00:39:56.949, 302.67, 100, 74232, 73
2026/07/29 00:39:57.988, 305.73, 100, 74232, 73
2026/07/29 00:39:59.026, 302.59, 100, 74232, 73
2026/07/29 00:40:00.063, 302.81, 100, 74232, 73
2026/07/29 00:40:01.101, 303.30, 100, 74232, 73
2026/07/29 00:40:02.139, 301.80, 100, 74232, 73
2026/07/29 00:40:03.179, 303.58, 100, 74232, 73
2026/07/29 00:40:04.217, 302.18, 100, 74232, 73
2026/07/29 00:40:05.256, 304.05, 100, 74232, 73
2026/07/29 00:40:06.294, 302.71, 100, 74232, 73
2026/07/29 00:40:07.332, 301.93, 100, 74232, 73
2026/07/29 00:40:08.371, 297.65, 100, 74232, 73
2026/07/29 00:40:09.411, 303.09, 100, 74232, 73
2026/07/29 00:40:10.450, 303.18, 100, 74232, 73
2026/07/29 00:40:11.489, 295.99, 100, 74232, 73
2026/07/29 00:40:12.526, 290.82, 100, 74232, 73
2026/07/29 00:40:13.565, 295.12, 100, 74232, 73
2026/07/29 00:40:14.603, 297.16, 100, 74232, 73
2026/07/29 00:40:15.639, 294.63, 100, 74232, 73
2026/07/29 00:40:16.679, 295.96, 100, 74232, 73
2026/07/29 00:40:17.715, 295.01, 100, 74232, 73
2026/07/29 00:40:18.753, 295.52, 100, 74232, 73
2026/07/29 00:40:19.795, 293.56, 100, 74232, 73
2026/07/29 00:40:20.833, 295.05, 100, 74232, 73
2026/07/29 00:40:21.870, 301.73, 100, 74232, 73
2026/07/29 00:40:22.912, 302.24, 100, 74232, 73
2026/07/29 00:40:23.950, 302.02, 100, 74232, 73
2026/07/29 00:40:24.988, 302.30, 100, 74232, 73
2026/07/29 00:40:26.027, 302.33, 100, 74232, 73
2026/07/29 00:40:27.064, 304.05, 100, 74232, 73
2026/07/29 00:40:28.102, 302.43, 100, 74232, 73
2026/07/29 00:40:29.139, 302.21, 100, 74232, 73
2026/07/29 00:40:30.177, 302.52, 100, 74232, 73
2026/07/29 00:40:31.215, 302.89, 100, 74232, 73
2026/07/29 00:40:32.252, 302.15, 100, 74232, 73
2026/07/29 00:40:33.290, 302.39, 100, 74232, 73
2026/07/29 00:40:34.332, 296.10, 100, 74232, 73
2026/07/29 00:40:35.370, 302.51, 100, 74232, 73
2026/07/29 00:40:36.413, 296.66, 100, 74232, 73
2026/07/29 00:40:37.451, 294.91, 100, 74232, 73
2026/07/29 00:40:38.487, 290.74, 100, 74232, 73
2026/07/29 00:40:39.534, 292.48, 100, 74232, 73
2026/07/29 00:40:40.575, 297.06, 100, 74232, 73
2026/07/29 00:40:41.612, 304.07, 100, 74232, 73
2026/07/29 00:40:42.648, 299.01, 100, 74232, 73
2026/07/29 00:40:43.684, 298.41, 100, 74232, 73
2026/07/29 00:40:44.720, 296.58, 100, 74232, 73
2026/07/29 00:40:45.758, 302.33, 100, 74232, 73
2026/07/29 00:40:46.794, 295.00, 100, 74232, 73
2026/07/29 00:40:47.832, 291.93, 100, 74232, 73
2026/07/29 00:40:48.869, 294.92, 100, 74232, 73
2026/07/29 00:40:49.906, 303.40, 100, 74232, 73
2026/07/29 00:40:50.943, 303.30, 100, 74232, 73
2026/07/29 00:40:51.980, 303.58, 100, 74232, 73
2026/07/29 00:40:53.016, 304.35, 100, 74232, 73
2026/07/29 00:40:54.053, 303.86, 100, 74232, 73
2026/07/29 00:40:55.089, 303.18, 100, 74232, 73
2026/07/29 00:40:56.128, 303.29, 100, 74232, 73
2026/07/29 00:40:57.164, 295.50, 100, 74232, 73
2026/07/29 00:40:58.201, 292.57, 100, 74232, 73
2026/07/29 00:40:59.240, 296.76, 100, 74232, 73
2026/07/29 00:41:00.277, 294.91, 100, 74232, 73
2026/07/29 00:41:01.316, 293.54, 100, 74232, 73
2026/07/29 00:41:02.355, 295.01, 100, 74232, 73
2026/07/29 00:41:03.393, 301.06, 100, 74232, 73
2026/07/29 00:41:04.430, 303.18, 100, 74232, 73
2026/07/29 00:41:05.466, 296.77, 100, 74232, 73
2026/07/29 00:41:06.502, 295.81, 100, 74232, 73
2026/07/29 00:41:07.538, 293.27, 100, 74232, 73
2026/07/29 00:41:08.575, 292.30, 100, 74232, 73
2026/07/29 00:41:09.613, 295.51, 100, 74232, 73
2026/07/29 00:41:10.650, 296.39, 100, 74232, 73
2026/07/29 00:41:11.686, 293.84, 100, 74232, 73
2026/07/29 00:41:12.724, 295.50, 100, 74232, 73
2026/07/29 00:41:13.760, 295.49, 100, 74232, 73
2026/07/29 00:41:14.798, 300.44, 100, 74232, 73
2026/07/29 00:41:15.839, 296.59, 100, 74232, 73
2026/07/29 00:41:16.875, 298.72, 100, 74232, 73
2026/07/29 00:41:17.912, 304.17, 100, 74232, 73
2026/07/29 00:41:18.948, 303.00, 100, 74232, 73
2026/07/29 00:41:19.985, 305.78, 100, 74232, 73
2026/07/29 00:41:21.026, 298.61, 100, 74232, 73
2026/07/29 00:41:22.067, 303.30, 100, 74232, 73
2026/07/29 00:41:23.103, 303.00, 100, 74232, 73
2026/07/29 00:41:24.142, 303.00, 100, 74232, 73
2026/07/29 00:41:25.178, 302.81, 100, 74232, 73
2026/07/29 00:41:26.215, 303.00, 100, 74232, 73
2026/07/29 00:41:27.251, 303.15, 100, 74232, 73
2026/07/29 00:41:28.288, 303.29, 100, 74232, 73
2026/07/29 00:41:29.325, 302.62, 100, 74232, 73
2026/07/29 00:41:30.361, 300.07, 100, 74232, 73
2026/07/29 00:41:31.397, 302.70, 100, 74232, 73
2026/07/29 00:41:32.438, 300.18, 100, 74232, 73
2026/07/29 00:41:33.475, 291.21, 100, 74232, 73
2026/07/29 00:41:34.512, 295.90, 100, 74232, 73
2026/07/29 00:41:35.551, 295.22, 100, 74232, 73
2026/07/29 00:41:36.587, 296.46, 100, 74232, 73
2026/07/29 00:41:37.623, 295.03, 100, 74232, 73
2026/07/29 00:41:38.658, 295.31, 100, 74232, 73
2026/07/29 00:41:39.695, 293.45, 100, 74232, 73
2026/07/29 00:41:40.731, 294.42, 100, 74232, 73
2026/07/29 00:41:41.767, 294.83, 100, 74232, 73
2026/07/29 00:41:42.804, 295.61, 100, 74232, 73
2026/07/29 00:41:43.841, 294.83, 100, 74232, 73
2026/07/29 00:41:44.878, 295.20, 100, 74232, 73
2026/07/29 00:41:45.915, 300.17, 100, 74232, 73
2026/07/29 00:41:46.953, 296.18, 100, 74232, 73
2026/07/29 00:41:47.989, 294.24, 100, 74232, 73
2026/07/29 00:41:49.026, 295.58, 100, 74232, 73
2026/07/29 00:41:50.063, 302.60, 100, 74232, 73
2026/07/29 00:41:51.099, 303.18, 100, 74232, 73
2026/07/29 00:41:52.135, 303.39, 100, 74232, 73
2026/07/29 00:41:53.171, 298.74, 100, 74232, 73
2026/07/29 00:41:54.208, 302.91, 100, 74232, 73
2026/07/29 00:41:55.244, 302.90, 100, 74232, 73
2026/07/29 00:41:56.281, 302.81, 100, 74232, 73
2026/07/29 00:41:57.318, 295.51, 100, 74232, 73
2026/07/29 00:41:58.355, 294.63, 100, 74232, 73
2026/07/29 00:41:59.392, 295.01, 100, 74232, 73
2026/07/29 00:42:00.430, 295.12, 100, 74232, 72
2026/07/29 00:42:01.466, 295.33, 100, 74232, 72
2026/07/29 00:42:02.506, 295.22, 100, 74232, 72
2026/07/29 00:42:03.542, 295.69, 100, 74232, 72
2026/07/29 00:42:04.579, 295.51, 100, 74232, 72
2026/07/29 00:42:05.617, 295.40, 100, 74232, 72
2026/07/29 00:42:06.654, 296.67, 100, 74232, 72
2026/07/29 00:42:07.695, 294.44, 100, 74232, 72
2026/07/29 00:42:08.732, 294.53, 100, 74232, 72
2026/07/29 00:42:09.769, 294.43, 100, 74232, 73
2026/07/29 00:42:10.806, 303.09, 100, 74232, 73
2026/07/29 00:42:11.843, 298.90, 100, 74232, 73
2026/07/29 00:42:12.882, 302.59, 100, 74232, 73
2026/07/29 00:42:13.918, 302.51, 100, 74232, 73
2026/07/29 00:42:14.954, 302.49, 100, 74232, 73
2026/07/29 00:42:15.991, 302.92, 100, 74232, 73
2026/07/29 00:42:17.026, 302.32, 100, 74232, 73
2026/07/29 00:42:18.063, 303.12, 100, 74232, 73
2026/07/29 00:42:19.099, 302.21, 100, 74232, 73
2026/07/29 00:42:20.135, 302.33, 100, 74232, 73
2026/07/29 00:42:21.172, 302.90, 100, 74232, 72
2026/07/29 00:42:22.210, 302.12, 100, 74232, 72
2026/07/29 00:42:23.246, 293.09, 100, 74232, 72
2026/07/29 00:42:24.285, 290.92, 100, 74232, 72
2026/07/29 00:42:25.321, 291.92, 100, 74232, 72
2026/07/29 00:42:26.360, 294.72, 100, 74232, 72
2026/07/29 00:42:27.396, 303.59, 100, 74232, 72
2026/07/29 00:42:28.432, 298.60, 100, 74232, 72
2026/07/29 00:42:29.468, 297.26, 100, 74232, 72
2026/07/29 00:42:30.506, 294.84, 100, 74232, 72
2026/07/29 00:42:31.543, 298.44, 100, 74232, 72
2026/07/29 00:42:32.582, 299.01, 100, 74232, 72
2026/07/29 00:42:33.619, 302.89, 100, 74232, 72
2026/07/29 00:42:34.655, 304.37, 100, 74232, 72
2026/07/29 00:42:35.692, 302.41, 100, 74232, 72
2026/07/29 00:42:36.728, 302.71, 100, 74232, 72
2026/07/29 00:42:37.767, 296.46, 100, 74232, 72
2026/07/29 00:42:38.803, 294.82, 100, 74232, 72
2026/07/29 00:42:39.842, 294.45, 100, 74232, 72
2026/07/29 00:42:40.879, 294.33, 100, 74232, 72
2026/07/29 00:42:41.915, 297.94, 100, 74232, 72
2026/07/29 00:42:42.952, 294.93, 100, 74232, 72
2026/07/29 00:42:43.988, 302.69, 100, 74232, 72
2026/07/29 00:42:45.024, 299.96, 100, 74232, 72
2026/07/29 00:42:46.063, 294.13, 100, 74232, 72
2026/07/29 00:42:47.099, 294.53, 100, 74232, 72
2026/07/29 00:42:48.136, 296.11, 100, 74232, 72
2026/07/29 00:42:49.173, 293.56, 100, 74232, 72
2026/07/29 00:42:50.210, 297.73, 100, 74232, 72
2026/07/29 00:42:51.247, 301.91, 100, 74232, 72
2026/07/29 00:42:52.284, 302.00, 100, 74232, 72
2026/07/29 00:42:53.320, 297.15, 100, 74232, 72
2026/07/29 00:42:54.357, 290.94, 100, 74232, 72
2026/07/29 00:42:55.394, 294.75, 100, 74232, 72
2026/07/29 00:42:56.432, 294.92, 100, 74232, 72
2026/07/29 00:42:57.469, 302.68, 100, 74232, 72
2026/07/29 00:42:58.506, 301.34, 100, 74232, 72
2026/07/29 00:42:59.543, 302.60, 100, 74232, 72
2026/07/29 00:43:00.582, 294.73, 100, 74232, 72
2026/07/29 00:43:01.618, 290.93, 100, 74232, 72
2026/07/29 00:43:02.658, 291.62, 100, 74232, 72
2026/07/29 00:43:03.695, 295.49, 100, 74232, 72
2026/07/29 00:43:04.734, 302.15, 100, 74232, 72
2026/07/29 00:43:05.771, 301.35, 100, 74232, 72
2026/07/29 00:43:06.808, 301.73, 100, 74232, 72
2026/07/29 00:43:07.844, 298.51, 100, 74232, 72
2026/07/29 00:43:08.881, 301.65, 100, 74232, 72
2026/07/29 00:43:09.919, 297.84, 100, 74232, 72
2026/07/29 00:43:10.955, 302.11, 100, 74232, 72
2026/07/29 00:43:11.990, 302.22, 100, 74232, 72
2026/07/29 00:43:13.027, 301.84, 100, 74232, 72
2026/07/29 00:43:14.064, 302.04, 100, 74232, 72
2026/07/29 00:43:15.101, 302.62, 100, 74232, 72
2026/07/29 00:43:16.142, 302.33, 100, 74232, 72
2026/07/29 00:43:17.179, 303.50, 100, 74232, 72
2026/07/29 00:43:18.215, 301.35, 100, 74232, 72
2026/07/29 00:43:19.252, 302.68, 100, 74232, 72
2026/07/29 00:43:20.289, 297.24, 100, 74232, 72
2026/07/29 00:43:21.325, 297.96, 100, 74232, 72
2026/07/29 00:43:22.362, 295.90, 100, 74232, 72
2026/07/29 00:43:23.399, 291.51, 100, 74232, 72
2026/07/29 00:43:24.437, 299.40, 100, 74232, 72
2026/07/29 00:43:25.475, 302.51, 100, 74232, 73
2026/07/29 00:43:26.511, 302.64, 100, 74232, 73
2026/07/29 00:43:27.549, 303.60, 100, 74232, 73
2026/07/29 00:43:28.585, 302.41, 100, 74232, 73
2026/07/29 00:43:29.621, 301.63, 100, 74232, 73
2026/07/29 00:43:30.658, 295.01, 100, 74232, 72
2026/07/29 00:43:31.694, 295.60, 100, 74232, 72
2026/07/29 00:43:32.731, 295.31, 100, 74232, 72
2026/07/29 00:43:33.768, 296.08, 100, 74232, 72
2026/07/29 00:43:34.804, 296.66, 100, 74232, 72
2026/07/29 00:43:35.841, 294.52, 100, 74232, 72
2026/07/29 00:43:36.877, 295.43, 100, 74232, 72
2026/07/29 00:43:37.913, 302.00, 100, 74232, 72
2026/07/29 00:43:38.949, 301.84, 100, 74232, 72
2026/07/29 00:43:39.987, 303.40, 100, 74232, 72
2026/07/29 00:43:41.024, 294.90, 100, 74232, 72
2026/07/29 00:43:42.061, 298.04, 100, 74232, 72
2026/07/29 00:43:43.098, 294.83, 100, 74232, 72
2026/07/29 00:43:44.134, 298.82, 100, 74232, 72
2026/07/29 00:43:45.169, 299.49, 100, 74232, 72
2026/07/29 00:43:46.205, 297.73, 100, 74232, 72
2026/07/29 00:43:47.242, 301.35, 100, 74232, 72
2026/07/29 00:43:48.278, 303.26, 100, 74232, 72
2026/07/29 00:43:49.316, 294.63, 100, 74232, 72
2026/07/29 00:43:50.355, 303.09, 100, 74232, 72
2026/07/29 00:43:51.392, 302.61, 100, 74232, 72
2026/07/29 00:43:52.428, 304.37, 100, 74232, 72
2026/07/29 00:43:53.466, 302.70, 100, 74232, 72
2026/07/29 00:43:54.503, 295.12, 100, 74232, 72
2026/07/29 00:43:55.542, 295.41, 100, 74232, 72
2026/07/29 00:43:56.578, 295.61, 100, 74232, 72
2026/07/29 00:43:57.613, 294.23, 100, 74232, 72
2026/07/29 00:43:58.650, 294.72, 100, 74232, 72
2026/07/29 00:43:59.686, 294.14, 100, 74232, 72
2026/07/29 00:44:00.722, 97.65, 0, 74232, 69
2026/07/29 00:44:01.753, 96.58, 0, 74232, 68
2026/07/29 00:44:02.785, 96.68, 0, 74232, 68
2026/07/29 00:44:03.815, 95.70, 0, 74232, 67
2026/07/29 00:44:04.849, 95.45, 0, 74232, 66
2026/07/29 00:44:05.879, 94.29, 0, 74232, 66
2026/07/29 00:44:06.910, 94.21, 0, 74232, 65
2026/07/29 00:44:07.943, 92.46, 0, 74232, 65
2026/07/29 00:44:08.974, 91.91, 0, 74232, 65
2026/07/29 00:44:10.007, 92.16, 0, 74232, 64
2026/07/29 00:44:11.039, 91.82, 0, 74232, 64
2026/07/29 00:44:12.070, 91.58, 0, 74232, 63
2026/07/29 00:44:13.101, 90.00, 0, 74232, 63
2026/07/29 00:44:14.134, 90.58, 0, 74232, 63
2026/07/29 00:44:15.164, 90.09, 0, 74232, 63
2026/07/29 00:44:16.195, 90.09, 0, 74232, 62
2026/07/29 00:44:17.228, 89.61, 0, 74232, 62
2026/07/29 00:44:18.259, 88.42, 0, 74232, 62
2026/07/29 00:44:19.291, 88.23, 0, 74232, 61
2026/07/29 00:44:20.340, 88.72, 0, 74232, 61
2026/07/29 00:44:21.372, 88.43, 0, 74232, 61
2026/07/29 00:44:22.404, 88.14, 0, 74232, 61
2026/07/29 00:44:23.438, 88.00, 0, 74232, 60
2026/07/29 00:44:24.469, 87.54, 0, 74232, 60
2026/07/29 00:44:25.502, 87.25, 0, 74232, 60
2026/07/29 00:44:26.533, 86.05, 0, 74232, 60
2026/07/29 00:44:27.565, 85.90, 0, 74232, 59
2026/07/29 00:44:28.596, 85.07, 0, 74232, 59
2026/07/29 00:44:29.628, 84.75, 0, 74232, 59
2026/07/29 00:44:30.659, 84.66, 0, 74232, 59
2026/07/29 00:44:31.689, 84.29, 0, 74232, 58
2026/07/29 00:44:32.722, 300.44, 100, 74232, 64
2026/07/29 00:44:33.756, 305.50, 100, 74232, 64
2026/07/29 00:44:34.790, 295.17, 100, 74232, 64
2026/07/29 00:44:35.828, 307.98, 100, 74232, 65
2026/07/29 00:44:36.863, 282.63, 100, 74232, 65
2026/07/29 00:44:37.896, 307.67, 100, 74232, 65
2026/07/29 00:44:38.930, 303.07, 100, 74232, 64
2026/07/29 00:44:39.967, 303.57, 100, 74232, 64
2026/07/29 00:44:41.003, 305.52, 100, 74232, 65
2026/07/29 00:44:42.040, 293.38, 100, 74232, 65
2026/07/29 00:44:43.077, 297.04, 100, 74232, 65
2026/07/29 00:44:44.115, 305.32, 100, 74232, 65
2026/07/29 00:44:45.151, 297.33, 100, 74232, 66
2026/07/29 00:44:46.189, 298.42, 100, 74232, 66
2026/07/29 00:44:47.225, 298.61, 100, 74232, 66
2026/07/29 00:44:48.264, 300.55, 100, 74232, 66
2026/07/29 00:44:49.300, 295.69, 100, 74232, 66
2026/07/29 00:44:50.336, 289.74, 100, 74232, 67
2026/07/29 00:44:51.371, 293.81, 100, 74232, 67
2026/07/29 00:44:52.408, 300.26, 100, 74232, 67
2026/07/29 00:44:53.444, 302.21, 100, 74232, 67
2026/07/29 00:44:54.480, 300.74, 100, 74232, 68
2026/07/29 00:44:55.518, 301.05, 100, 74232, 68
2026/07/29 00:44:56.554, 302.00, 100, 74232, 68
2026/07/29 00:44:57.591, 291.88, 100, 74232, 68
2026/07/29 00:44:58.631, 298.21, 100, 74232, 68
2026/07/29 00:44:59.668, 303.86, 100, 74232, 68
2026/07/29 00:45:00.705, 298.81, 100, 74232, 68
2026/07/29 00:45:01.745, 303.18, 100, 74232, 69
2026/07/29 00:45:02.782, 302.87, 100, 74232, 69
2026/07/29 00:45:03.818, 303.26, 100, 74232, 69
2026/07/29 00:45:04.855, 303.67, 100, 74232, 69
2026/07/29 00:45:05.891, 304.16, 100, 74232, 69
2026/07/29 00:45:06.928, 304.45, 100, 74232, 69
2026/07/29 00:45:07.964, 303.27, 100, 74232, 69
2026/07/29 00:45:09.001, 303.19, 100, 74232, 70
2026/07/29 00:45:10.037, 296.76, 100, 74232, 70
2026/07/29 00:45:11.074, 297.06, 100, 74232, 70
2026/07/29 00:45:12.110, 298.80, 100, 74232, 70
2026/07/29 00:45:13.148, 298.51, 100, 74232, 70
2026/07/29 00:45:14.186, 298.32, 100, 74232, 70
2026/07/29 00:45:15.224, 297.45, 100, 74232, 70
2026/07/29 00:45:16.261, 299.28, 100, 74232, 70
2026/07/29 00:45:17.299, 298.52, 100, 74232, 70
2026/07/29 00:45:18.336, 298.39, 100, 74232, 70
2026/07/29 00:45:19.374, 301.35, 100, 74232, 70
2026/07/29 00:45:20.412, 298.33, 100, 74232, 70
2026/07/29 00:45:21.449, 299.40, 100, 74232, 71
2026/07/29 00:45:22.486, 298.72, 100, 74232, 71
2026/07/29 00:45:23.523, 298.90, 100, 74232, 71
2026/07/29 00:45:24.563, 299.01, 100, 74232, 71
2026/07/29 00:45:25.601, 299.29, 100, 74232, 71
2026/07/29 00:45:26.637, 299.31, 100, 74232, 71
2026/07/29 00:45:27.674, 301.31, 100, 74232, 71
2026/07/29 00:45:28.710, 299.39, 100, 74232, 71
2026/07/29 00:45:29.747, 305.43, 100, 74232, 71
2026/07/29 00:45:30.783, 299.50, 100, 74232, 71
2026/07/29 00:45:31.820, 299.70, 100, 74232, 71
2026/07/29 00:45:32.857, 300.18, 100, 74232, 71
2026/07/29 00:45:33.893, 296.56, 100, 74232, 71
2026/07/29 00:45:34.930, 299.59, 100, 74232, 71
2026/07/29 00:45:35.966, 299.69, 100, 74232, 71
2026/07/29 00:45:37.005, 299.94, 100, 74232, 71
2026/07/29 00:45:38.042, 302.11, 100, 74232, 71
2026/07/29 00:45:39.078, 299.40, 100, 74232, 71
2026/07/29 00:45:40.115, 295.80, 100, 74232, 71
2026/07/29 00:45:41.152, 292.30, 100, 74232, 71
2026/07/29 00:45:42.190, 293.36, 100, 74232, 71
2026/07/29 00:45:43.227, 288.49, 100, 74232, 71
2026/07/29 00:45:44.269, 292.97, 100, 74232, 71
2026/07/29 00:45:45.308, 295.90, 100, 74232, 71
2026/07/29 00:45:46.345, 300.45, 100, 74232, 71
2026/07/29 00:45:47.382, 300.66, 100, 74232, 72
2026/07/29 00:45:48.420, 289.46, 100, 74232, 71
2026/07/29 00:45:49.456, 300.38, 100, 74232, 72
2026/07/29 00:45:50.494, 293.64, 100, 74232, 72
2026/07/29 00:45:51.534, 296.87, 100, 74232, 72
2026/07/29 00:45:52.572, 293.17, 100, 74232, 72
2026/07/29 00:45:53.608, 293.67, 100, 74232, 72
2026/07/29 00:45:54.645, 293.64, 100, 74232, 72
2026/07/29 00:45:55.682, 301.29, 100, 74232, 72
2026/07/29 00:45:56.718, 300.28, 100, 74232, 72
2026/07/29 00:45:57.754, 300.88, 100, 74232, 72
2026/07/29 00:45:58.790, 300.17, 100, 74232, 72
2026/07/29 00:45:59.826, 301.24, 100, 74232, 72
2026/07/29 00:46:00.862, 300.47, 100, 74232, 72
2026/07/29 00:46:01.899, 300.44, 100, 74232, 72
2026/07/29 00:46:02.935, 301.25, 100, 74232, 72
2026/07/29 00:46:03.972, 301.14, 100, 74232, 72
2026/07/29 00:46:05.009, 299.88, 100, 74232, 72
2026/07/29 00:46:06.046, 301.36, 100, 74232, 72
2026/07/29 00:46:07.082, 304.13, 100, 74232, 72
2026/07/29 00:46:08.121, 293.26, 100, 74232, 72
2026/07/29 00:46:09.158, 294.56, 100, 74232, 72
2026/07/29 00:46:10.197, 293.36, 100, 74232, 72
2026/07/29 00:46:11.234, 294.05, 100, 74232, 72
2026/07/29 00:46:12.274, 295.21, 100, 74232, 72
2026/07/29 00:46:13.314, 300.55, 100, 74232, 72
2026/07/29 00:46:14.351, 301.35, 100, 74232, 72
2026/07/29 00:46:15.387, 301.65, 100, 74232, 72
2026/07/29 00:46:16.424, 298.32, 100, 74232, 72
2026/07/29 00:46:17.461, 301.72, 100, 74232, 72
2026/07/29 00:46:18.497, 301.29, 100, 74232, 72
2026/07/29 00:46:19.534, 300.96, 100, 74232, 72
2026/07/29 00:46:20.570, 300.85, 100, 74232, 72
2026/07/29 00:46:21.607, 301.05, 100, 74232, 72
2026/07/29 00:46:22.644, 301.71, 100, 74232, 72
2026/07/29 00:46:23.681, 302.43, 100, 74232, 72
2026/07/29 00:46:24.719, 303.87, 100, 74232, 72
2026/07/29 00:46:25.756, 300.93, 100, 74232, 72
2026/07/29 00:46:26.792, 302.03, 100, 74232, 72
2026/07/29 00:46:27.829, 301.04, 100, 74232, 72
2026/07/29 00:46:28.866, 301.75, 100, 74232, 72
2026/07/29 00:46:29.903, 302.40, 100, 74232, 72
2026/07/29 00:46:30.939, 303.70, 100, 74232, 72
2026/07/29 00:46:31.976, 296.09, 100, 74232, 72
2026/07/29 00:46:33.013, 296.10, 100, 74232, 72
2026/07/29 00:46:34.052, 294.72, 100, 74232, 72
2026/07/29 00:46:35.089, 294.84, 100, 74232, 72
2026/07/29 00:46:36.125, 293.56, 100, 74232, 72
2026/07/29 00:46:37.162, 294.35, 100, 74232, 72
2026/07/29 00:46:38.199, 299.80, 100, 74232, 72
2026/07/29 00:46:39.237, 294.14, 100, 74232, 72
2026/07/29 00:46:40.274, 294.61, 100, 74232, 72
2026/07/29 00:46:41.312, 294.74, 100, 74232, 72
2026/07/29 00:46:42.349, 301.72, 100, 74232, 72
2026/07/29 00:46:43.387, 304.84, 100, 74232, 73
2026/07/29 00:46:44.426, 298.42, 100, 74232, 73
2026/07/29 00:46:45.464, 299.10, 100, 74232, 72
2026/07/29 00:46:46.503, 302.23, 100, 74232, 73
2026/07/29 00:46:47.541, 304.27, 100, 74232, 73
2026/07/29 00:46:48.578, 295.23, 100, 74232, 73
2026/07/29 00:46:49.616, 302.41, 100, 74232, 72
2026/07/29 00:46:50.655, 297.83, 100, 74232, 72
2026/07/29 00:46:51.696, 302.03, 100, 74232, 73
2026/07/29 00:46:52.732, 301.93, 100, 74232, 73
2026/07/29 00:46:53.769, 305.33, 100, 74232, 73
2026/07/29 00:46:54.807, 302.14, 100, 74232, 73
2026/07/29 00:46:55.845, 302.91, 100, 74232, 73
2026/07/29 00:46:56.881, 301.82, 100, 74232, 73
2026/07/29 00:46:57.918, 302.98, 100, 74232, 73
2026/07/29 00:46:58.954, 303.88, 100, 74232, 73
2026/07/29 00:46:59.991, 302.62, 100, 74232, 73
2026/07/29 00:47:01.027, 302.51, 100, 74232, 73
2026/07/29 00:47:02.065, 302.57, 100, 74232, 73
2026/07/29 00:47:03.102, 303.86, 100, 74232, 73
2026/07/29 00:47:04.144, 291.98, 100, 74232, 73
2026/07/29 00:47:05.181, 296.75, 100, 74232, 73
2026/07/29 00:47:06.217, 295.71, 100, 74232, 73
2026/07/29 00:47:07.254, 299.69, 100, 74232, 73
2026/07/29 00:47:08.290, 294.82, 100, 74232, 72
2026/07/29 00:47:09.328, 295.12, 100, 74232, 73
2026/07/29 00:47:10.368, 294.64, 100, 74232, 73
2026/07/29 00:47:11.406, 294.84, 100, 74232, 72
2026/07/29 00:47:12.443, 294.34, 100, 74232, 72
2026/07/29 00:47:13.480, 293.46, 100, 74232, 72
2026/07/29 00:47:14.517, 300.39, 100, 74232, 72
2026/07/29 00:47:15.555, 295.40, 100, 74232, 72
2026/07/29 00:47:16.595, 301.65, 100, 74232, 73
2026/07/29 00:47:17.633, 302.73, 100, 74232, 73
2026/07/29 00:47:18.671, 301.64, 100, 74232, 73
2026/07/29 00:47:19.709, 301.75, 100, 74232, 73
2026/07/29 00:47:20.746, 301.44, 100, 74232, 73
2026/07/29 00:47:21.783, 301.94, 100, 74232, 73
2026/07/29 00:47:22.820, 302.28, 100, 74232, 73
2026/07/29 00:47:23.856, 302.81, 100, 74232, 73
2026/07/29 00:47:24.892, 302.43, 100, 74232, 72
2026/07/29 00:47:25.928, 301.82, 100, 74232, 72
2026/07/29 00:47:26.970, 294.54, 100, 74232, 72
2026/07/29 00:47:28.008, 295.51, 100, 74232, 72
2026/07/29 00:47:29.046, 290.44, 100, 74232, 72
2026/07/29 00:47:30.087, 294.92, 100, 74232, 72
2026/07/29 00:47:31.124, 294.05, 100, 74232, 72
2026/07/29 00:47:32.162, 295.30, 100, 74232, 72
2026/07/29 00:47:33.198, 297.94, 100, 74232, 72
2026/07/29 00:47:34.235, 295.53, 100, 74232, 72
2026/07/29 00:47:35.271, 290.83, 100, 74232, 72
2026/07/29 00:47:36.308, 301.76, 100, 74232, 72
2026/07/29 00:47:37.344, 302.62, 100, 74232, 72
2026/07/29 00:47:38.381, 295.13, 100, 74232, 72
2026/07/29 00:47:39.416, 290.90, 100, 74232, 72
2026/07/29 00:47:40.456, 295.22, 100, 74232, 72
2026/07/29 00:47:41.493, 294.74, 100, 74232, 72
2026/07/29 00:47:42.530, 300.09, 100, 74232, 72
2026/07/29 00:47:43.567, 299.21, 100, 74232, 72
2026/07/29 00:47:44.605, 298.63, 100, 74232, 72
2026/07/29 00:47:45.642, 302.81, 100, 74232, 72
2026/07/29 00:47:46.678, 301.81, 100, 74232, 72
2026/07/29 00:47:47.716, 304.21, 100, 74232, 72
2026/07/29 00:47:48.753, 301.75, 100, 74232, 72
2026/07/29 00:47:49.790, 302.23, 100, 74232, 72
2026/07/29 00:47:50.826, 303.36, 100, 74232, 72
2026/07/29 00:47:51.865, 302.24, 100, 74232, 72
2026/07/29 00:47:52.902, 302.91, 100, 74232, 72
2026/07/29 00:47:53.939, 301.55, 100, 74232, 72
2026/07/29 00:47:54.975, 295.98, 100, 74232, 72
2026/07/29 00:47:56.011, 293.74, 100, 74232, 72
2026/07/29 00:47:57.048, 290.74, 100, 74232, 72
2026/07/29 00:47:58.086, 298.34, 100, 74232, 72
2026/07/29 00:47:59.123, 300.18, 100, 74232, 72
2026/07/29 00:48:00.164, 301.70, 100, 74232, 72
2026/07/29 00:48:01.202, 294.71, 100, 74232, 72
2026/07/29 00:48:02.239, 294.04, 100, 74232, 72
2026/07/29 00:48:03.277, 301.92, 100, 74232, 72
2026/07/29 00:48:04.316, 290.43, 100, 74232, 72
2026/07/29 00:48:05.353, 294.52, 100, 74232, 72
2026/07/29 00:48:06.389, 296.38, 100, 74232, 72
2026/07/29 00:48:07.427, 302.52, 100, 74232, 72
2026/07/29 00:48:08.465, 302.52, 100, 74232, 72
2026/07/29 00:48:09.501, 302.00, 100, 74232, 72
2026/07/29 00:48:10.538, 302.90, 100, 74232, 73
2026/07/29 00:48:11.575, 303.36, 100, 74232, 73
2026/07/29 00:48:12.612, 302.14, 100, 74232, 73
2026/07/29 00:48:13.650, 302.51, 100, 74232, 73
2026/07/29 00:48:14.687, 298.43, 100, 74232, 73
2026/07/29 00:48:15.725, 296.11, 100, 74232, 72
2026/07/29 00:48:16.766, 295.50, 100, 74232, 72
2026/07/29 00:48:17.807, 294.93, 100, 74232, 73
2026/07/29 00:48:18.843, 291.03, 100, 74232, 72
2026/07/29 00:48:19.890, 294.73, 100, 74232, 73
2026/07/29 00:48:20.929, 301.34, 100, 74232, 73
2026/07/29 00:48:21.965, 303.00, 100, 74232, 73
2026/07/29 00:48:23.003, 302.03, 100, 74232, 73
2026/07/29 00:48:24.040, 294.34, 100, 74232, 73
2026/07/29 00:48:25.076, 297.05, 100, 74232, 73
2026/07/29 00:48:26.113, 294.63, 100, 74232, 73
2026/07/29 00:48:27.149, 296.39, 100, 74232, 73
2026/07/29 00:48:28.185, 295.03, 100, 74232, 73
2026/07/29 00:48:29.223, 294.53, 100, 74232, 73
2026/07/29 00:48:30.259, 294.93, 100, 74232, 73
2026/07/29 00:48:31.302, 301.52, 100, 74232, 73
2026/07/29 00:48:32.341, 298.32, 100, 74232, 73
2026/07/29 00:48:33.376, 296.08, 100, 74232, 73
2026/07/29 00:48:34.415, 299.10, 100, 74232, 73
2026/07/29 00:48:35.452, 303.31, 100, 74232, 73
2026/07/29 00:48:36.488, 302.24, 100, 74232, 73
2026/07/29 00:48:37.525, 303.11, 100, 74232, 73
2026/07/29 00:48:38.562, 303.75, 100, 74232, 73
2026/07/29 00:48:39.599, 304.54, 100, 74232, 73
2026/07/29 00:48:40.636, 304.64, 100, 74232, 73
2026/07/29 00:48:41.674, 297.45, 100, 74232, 73
2026/07/29 00:48:42.712, 294.81, 100, 74232, 73
2026/07/29 00:48:43.751, 301.84, 100, 74232, 73
2026/07/29 00:48:44.788, 303.10, 100, 74232, 73
2026/07/29 00:48:45.825, 303.37, 100, 74232, 73
2026/07/29 00:48:46.863, 294.53, 100, 74232, 73
2026/07/29 00:48:47.900, 294.82, 100, 74232, 73
2026/07/29 00:48:48.937, 295.31, 100, 74232, 73
2026/07/29 00:48:49.974, 295.72, 100, 74232, 73
2026/07/29 00:48:51.012, 295.60, 100, 74232, 73
2026/07/29 00:48:52.048, 295.51, 100, 74232, 73
2026/07/29 00:48:53.085, 300.93, 100, 74232, 73
2026/07/29 00:48:54.122, 303.48, 100, 74232, 73
2026/07/29 00:48:55.160, 302.52, 100, 74232, 73
2026/07/29 00:48:56.196, 302.77, 100, 74232, 73
2026/07/29 00:48:57.233, 303.02, 100, 74232, 73
2026/07/29 00:48:58.270, 304.65, 100, 74232, 73
2026/07/29 00:48:59.307, 302.72, 100, 74232, 73
2026/07/29 00:49:00.345, 303.59, 100, 74232, 73
2026/07/29 00:49:01.381, 303.51, 100, 74232, 73
2026/07/29 00:49:02.419, 303.96, 100, 74232, 73
2026/07/29 00:49:03.456, 297.75, 100, 74232, 73
2026/07/29 00:49:04.493, 299.00, 100, 74232, 73
2026/07/29 00:49:05.530, 297.65, 100, 74232, 73
2026/07/29 00:49:06.568, 297.63, 100, 74232, 73
2026/07/29 00:49:07.605, 295.02, 100, 74232, 73
2026/07/29 00:49:08.642, 295.99, 100, 74232, 73
2026/07/29 00:49:09.679, 291.99, 100, 74232, 73
2026/07/29 00:49:10.717, 295.22, 100, 74232, 73
2026/07/29 00:49:11.756, 302.92, 100, 74232, 73
2026/07/29 00:49:12.794, 303.00, 100, 74232, 73
2026/07/29 00:49:13.831, 295.20, 100, 74232, 73
2026/07/29 00:49:14.868, 294.82, 100, 74232, 73
2026/07/29 00:49:15.906, 295.01, 100, 74232, 73
2026/07/29 00:49:16.945, 294.92, 100, 74232, 73
2026/07/29 00:49:17.983, 295.20, 100, 74232, 73
2026/07/29 00:49:19.021, 294.52, 100, 74232, 73
2026/07/29 00:49:20.059, 305.43, 100, 74232, 73
2026/07/29 00:49:21.096, 303.30, 100, 74232, 73
2026/07/29 00:49:22.134, 303.10, 100, 74232, 73
2026/07/29 00:49:23.171, 300.65, 100, 74232, 73
2026/07/29 00:49:24.208, 296.57, 100, 74232, 73
2026/07/29 00:49:25.245, 295.59, 100, 74232, 73
2026/07/29 00:49:26.283, 299.10, 100, 74232, 73
2026/07/29 00:49:27.321, 302.04, 100, 74232, 73
2026/07/29 00:49:28.358, 298.61, 100, 74232, 73
2026/07/29 00:49:29.398, 295.20, 100, 74232, 73
2026/07/29 00:49:30.438, 299.42, 100, 74232, 73
2026/07/29 00:49:31.475, 300.29, 100, 74232, 73
2026/07/29 00:49:32.517, 98.75, 5, 74232, 70
2026/07/29 00:49:33.551, 297.91, 100, 74232, 74
2026/07/29 00:49:34.587, 286.08, 100, 74232, 74
2026/07/29 00:49:35.624, 282.64, 100, 74232, 74
2026/07/29 00:49:36.658, 276.61, 100, 74232, 74
2026/07/29 00:49:37.694, 299.67, 100, 74232, 74
2026/07/29 00:49:38.735, 289.35, 100, 74232, 74
2026/07/29 00:49:39.771, 301.25, 100, 74232, 72
2026/07/29 00:49:40.808, 300.94, 100, 74232, 72
2026/07/29 00:49:41.844, 301.73, 100, 74232, 72
2026/07/29 00:49:42.883, 301.54, 100, 74232, 73
2026/07/29 00:49:43.920, 301.15, 100, 74232, 73
2026/07/29 00:49:44.956, 302.24, 100, 74232, 73
2026/07/29 00:49:45.993, 304.28, 100, 74232, 73
2026/07/29 00:49:47.030, 302.51, 100, 74232, 73
2026/07/29 00:49:48.066, 301.83, 100, 74232, 73
2026/07/29 00:49:49.102, 303.16, 100, 74232, 73
2026/07/29 00:49:50.139, 302.81, 100, 74232, 73
2026/07/29 00:49:51.175, 303.98, 100, 74232, 73
2026/07/29 00:49:52.211, 302.62, 100, 74232, 73
2026/07/29 00:49:53.248, 302.61, 100, 74232, 73
2026/07/29 00:49:54.285, 294.65, 100, 74232, 73
2026/07/29 00:49:55.321, 295.71, 100, 74232, 73
2026/07/29 00:49:56.360, 293.65, 100, 74232, 73
2026/07/29 00:49:57.396, 295.23, 100, 74232, 73
2026/07/29 00:49:58.436, 291.52, 100, 74232, 73
2026/07/29 00:49:59.473, 295.70, 100, 74232, 73
2026/07/29 00:50:00.510, 294.92, 100, 74232, 73
2026/07/29 00:50:01.547, 301.63, 100, 74232, 73
2026/07/29 00:50:02.584, 295.60, 100, 74232, 73
2026/07/29 00:50:03.620, 300.58, 100, 74232, 73
2026/07/29 00:50:04.658, 302.43, 100, 74232, 73
2026/07/29 00:50:05.694, 297.46, 100, 74232, 73
2026/07/29 00:50:06.732, 295.40, 100, 74232, 73
2026/07/29 00:50:07.769, 294.61, 100, 74232, 73
2026/07/29 00:50:08.806, 291.51, 100, 74232, 73
2026/07/29 00:50:09.847, 292.88, 100, 74232, 73
2026/07/29 00:50:10.884, 298.73, 100, 74232, 73
2026/07/29 00:50:11.919, 294.82, 100, 74232, 73
2026/07/29 00:50:12.955, 294.53, 100, 74232, 73
2026/07/29 00:50:13.993, 295.58, 100, 74232, 73
2026/07/29 00:50:15.030, 301.84, 100, 74232, 73
2026/07/29 00:50:16.065, 298.61, 100, 74232, 73
2026/07/29 00:50:17.102, 301.83, 100, 74232, 73
2026/07/29 00:50:18.138, 302.24, 100, 74232, 73
2026/07/29 00:50:19.173, 298.22, 100, 74232, 73
2026/07/29 00:50:20.214, 297.64, 100, 74232, 73
2026/07/29 00:50:21.251, 302.92, 100, 74232, 73
2026/07/29 00:50:22.287, 303.67, 100, 74232, 73
2026/07/29 00:50:23.325, 298.52, 100, 74232, 73
2026/07/29 00:50:24.362, 303.02, 100, 74232, 73
2026/07/29 00:50:25.399, 301.93, 100, 74232, 73
2026/07/29 00:50:26.438, 302.42, 100, 74232, 73
2026/07/29 00:50:27.474, 295.30, 100, 74232, 73
2026/07/29 00:50:28.513, 298.81, 100, 74232, 73
2026/07/29 00:50:29.550, 296.08, 100, 74232, 72
2026/07/29 00:50:30.589, 295.11, 100, 74232, 72
2026/07/29 00:50:31.627, 295.51, 100, 74232, 72
2026/07/29 00:50:32.663, 290.53, 100, 74232, 72
2026/07/29 00:50:33.700, 295.11, 100, 74232, 72
2026/07/29 00:50:34.739, 296.11, 100, 74232, 72
2026/07/29 00:50:35.775, 294.04, 100, 74232, 72
2026/07/29 00:50:36.818, 294.44, 100, 74232, 72
2026/07/29 00:50:37.854, 297.07, 100, 74232, 72
2026/07/29 00:50:38.893, 293.26, 100, 74232, 72
2026/07/29 00:50:39.935, 302.77, 100, 74232, 73
2026/07/29 00:50:40.973, 302.13, 100, 74232, 73
2026/07/29 00:50:42.010, 303.20, 100, 74232, 73
2026/07/29 00:50:43.048, 301.93, 100, 74232, 73
2026/07/29 00:50:44.086, 303.98, 100, 74232, 73
2026/07/29 00:50:45.125, 301.84, 100, 74232, 73
2026/07/29 00:50:46.163, 302.70, 100, 74232, 73
2026/07/29 00:50:47.202, 301.83, 100, 74232, 73
2026/07/29 00:50:48.240, 302.79, 100, 74232, 73
2026/07/29 00:50:49.277, 302.70, 100, 74232, 73
2026/07/29 00:50:50.314, 303.35, 100, 74232, 73
2026/07/29 00:50:51.351, 301.65, 100, 74232, 73
2026/07/29 00:50:52.388, 302.32, 100, 74232, 73
2026/07/29 00:50:53.426, 302.22, 100, 74232, 73
2026/07/29 00:50:54.464, 301.45, 100, 74232, 73
2026/07/29 00:50:55.508, 303.29, 100, 74232, 73
2026/07/29 00:50:56.546, 301.34, 100, 74232, 73
2026/07/29 00:50:57.583, 296.48, 100, 74232, 72
2026/07/29 00:50:58.621, 302.33, 100, 74232, 72
2026/07/29 00:50:59.659, 301.35, 100, 74232, 72
2026/07/29 00:51:00.699, 291.00, 100, 74232, 72
2026/07/29 00:51:01.739, 292.78, 100, 74232, 72
2026/07/29 00:51:02.776, 295.01, 100, 74232, 72
2026/07/29 00:51:03.814, 295.03, 100, 74232, 72
2026/07/29 00:51:04.852, 294.42, 100, 74232, 72
2026/07/29 00:51:05.889, 295.62, 100, 74232, 72
2026/07/29 00:51:06.930, 294.24, 100, 74232, 72
2026/07/29 00:51:07.969, 295.70, 100, 74232, 72
2026/07/29 00:51:09.007, 302.40, 100, 74232, 72
2026/07/29 00:51:10.048, 302.42, 100, 74232, 72
2026/07/29 00:51:11.086, 299.69, 100, 74232, 72
2026/07/29 00:51:12.124, 299.88, 100, 74232, 72
2026/07/29 00:51:13.161, 295.29, 100, 74232, 72
2026/07/29 00:51:14.199, 298.02, 100, 74232, 72
2026/07/29 00:51:15.240, 304.24, 100, 74232, 72
2026/07/29 00:51:16.277, 302.52, 100, 74232, 72
2026/07/29 00:51:17.314, 298.23, 100, 74232, 72
2026/07/29 00:51:18.352, 301.25, 100, 74232, 72
2026/07/29 00:51:19.389, 302.29, 100, 74232, 72
2026/07/29 00:51:20.427, 301.64, 100, 74232, 72
2026/07/29 00:51:21.465, 304.93, 100, 74232, 72
2026/07/29 00:51:22.501, 302.21, 100, 74232, 72
2026/07/29 00:51:23.538, 304.23, 100, 74232, 72
2026/07/29 00:51:24.576, 302.41, 100, 74232, 72
2026/07/29 00:51:25.613, 294.82, 100, 74232, 72
2026/07/29 00:51:26.649, 294.73, 100, 74232, 72
2026/07/29 00:51:27.686, 298.59, 100, 74232, 72
2026/07/29 00:51:28.722, 291.49, 100, 74232, 72
2026/07/29 00:51:29.759, 296.57, 100, 74232, 72
2026/07/29 00:51:30.795, 294.80, 100, 74232, 72
2026/07/29 00:51:31.832, 297.87, 100, 74232, 72
2026/07/29 00:51:32.869, 301.04, 100, 74232, 73
2026/07/29 00:51:33.911, 303.26, 100, 74232, 73
2026/07/29 00:51:34.949, 302.32, 100, 74232, 73
2026/07/29 00:51:35.986, 303.38, 100, 74232, 73
2026/07/29 00:51:37.023, 302.30, 100, 74232, 72
2026/07/29 00:51:38.060, 300.27, 100, 74232, 72
2026/07/29 00:51:39.099, 294.52, 100, 74232, 72
2026/07/29 00:51:40.136, 295.32, 100, 74232, 72
2026/07/29 00:51:41.184, 295.88, 100, 74232, 72
2026/07/29 00:51:42.224, 295.98, 100, 74232, 72
2026/07/29 00:51:43.261, 296.29, 100, 74232, 72
2026/07/29 00:51:44.301, 302.52, 100, 74232, 73
2026/07/29 00:51:45.337, 292.79, 100, 74232, 72
2026/07/29 00:51:46.375, 291.02, 100, 74232, 72
2026/07/29 00:51:47.413, 294.81, 100, 74232, 72
2026/07/29 00:51:48.455, 296.40, 100, 74232, 72
2026/07/29 00:51:49.491, 299.40, 100, 74232, 72
2026/07/29 00:51:50.527, 294.24, 100, 74232, 72
2026/07/29 00:51:51.564, 295.42, 100, 74232, 72
2026/07/29 00:51:52.601, 302.51, 100, 74232, 72
2026/07/29 00:51:53.638, 302.33, 100, 74232, 72
2026/07/29 00:51:54.675, 302.13, 100, 74232, 72
2026/07/29 00:51:55.713, 301.74, 100, 74232, 72
2026/07/29 00:51:56.749, 302.32, 100, 74232, 72
2026/07/29 00:51:57.787, 300.77, 100, 74232, 72
2026/07/29 00:51:58.823, 302.43, 100, 74232, 72
2026/07/29 00:51:59.860, 303.10, 100, 74232, 72
2026/07/29 00:52:00.898, 302.17, 100, 74232, 72
2026/07/29 00:52:01.935, 304.17, 100, 74232, 72
2026/07/29 00:52:02.973, 302.13, 100, 74232, 72
2026/07/29 00:52:04.009, 301.13, 100, 74232, 72
2026/07/29 00:52:05.047, 295.51, 100, 74232, 72
2026/07/29 00:52:06.083, 303.77, 100, 74232, 72
2026/07/29 00:52:07.119, 301.83, 100, 74232, 72
2026/07/29 00:52:08.155, 294.33, 100, 74232, 72
2026/07/29 00:52:09.191, 290.72, 100, 74232, 72
2026/07/29 00:52:10.229, 292.78, 100, 74232, 72
2026/07/29 00:52:11.266, 295.02, 100, 74232, 72
2026/07/29 00:52:12.305, 296.40, 100, 74232, 72
2026/07/29 00:52:13.342, 294.33, 100, 74232, 72
2026/07/29 00:52:14.381, 295.21, 100, 74232, 72
2026/07/29 00:52:15.418, 296.08, 100, 74232, 72
2026/07/29 00:52:16.454, 295.33, 100, 74232, 72
2026/07/29 00:52:17.491, 295.11, 100, 74232, 72
2026/07/29 00:52:18.527, 303.07, 100, 74232, 72
2026/07/29 00:52:19.565, 302.81, 100, 74232, 72
2026/07/29 00:52:20.602, 302.33, 100, 74232, 72
2026/07/29 00:52:21.642, 302.63, 100, 74232, 72
2026/07/29 00:52:22.678, 297.45, 100, 74232, 72
2026/07/29 00:52:23.718, 295.70, 100, 74232, 72
2026/07/29 00:52:24.756, 294.71, 100, 74232, 72
2026/07/29 00:52:25.793, 296.75, 100, 74232, 72
2026/07/29 00:52:26.830, 291.03, 100, 74232, 72
2026/07/29 00:52:27.866, 300.87, 100, 74232, 72
2026/07/29 00:52:28.901, 301.53, 100, 74232, 72
2026/07/29 00:52:29.938, 294.45, 100, 74232, 72
2026/07/29 00:52:30.975, 301.53, 100, 74232, 72
2026/07/29 00:52:32.012, 303.22, 100, 74232, 72
2026/07/29 00:52:33.048, 301.54, 100, 74232, 72
2026/07/29 00:52:34.085, 303.19, 100, 74232, 72
2026/07/29 00:52:35.121, 295.68, 100, 74232, 72
2026/07/29 00:52:36.158, 297.94, 100, 74232, 72
2026/07/29 00:52:37.194, 301.43, 100, 74232, 72
2026/07/29 00:52:38.232, 301.84, 100, 74232, 72
2026/07/29 00:52:39.270, 301.64, 100, 74232, 72
2026/07/29 00:52:40.312, 298.31, 100, 74232, 72
2026/07/29 00:52:41.349, 291.02, 100, 74232, 72
2026/07/29 00:52:42.387, 294.73, 100, 74232, 72
2026/07/29 00:52:43.424, 294.04, 100, 74232, 72
2026/07/29 00:52:44.461, 299.98, 100, 74232, 72
2026/07/29 00:52:45.497, 301.86, 100, 74232, 72
2026/07/29 00:52:46.533, 301.45, 100, 74232, 72
2026/07/29 00:52:47.572, 298.01, 100, 74232, 72
2026/07/29 00:52:48.609, 302.24, 100, 74232, 72
2026/07/29 00:52:49.645, 301.14, 100, 74232, 72
2026/07/29 00:52:50.682, 302.22, 100, 74232, 72
2026/07/29 00:52:51.717, 295.58, 100, 74232, 72
2026/07/29 00:52:52.754, 290.63, 100, 74232, 72
2026/07/29 00:52:53.793, 294.92, 100, 74232, 72
2026/07/29 00:52:54.830, 294.04, 100, 74232, 72
2026/07/29 00:52:55.866, 302.40, 100, 74232, 72
2026/07/29 00:52:56.903, 291.89, 100, 74232, 72
2026/07/29 00:52:57.948, 295.02, 100, 74232, 72
2026/07/29 00:52:58.984, 302.42, 100, 74232, 72
2026/07/29 00:53:00.020, 301.04, 100, 74232, 72
2026/07/29 00:53:01.058, 301.82, 100, 74232, 72
2026/07/29 00:53:02.094, 301.84, 100, 74232, 72
2026/07/29 00:53:03.132, 302.41, 100, 74232, 72
2026/07/29 00:53:04.169, 301.91, 100, 74232, 72
2026/07/29 00:53:05.207, 297.83, 100, 74232, 72
2026/07/29 00:53:06.244, 302.03, 100, 74232, 72
2026/07/29 00:53:07.280, 302.43, 100, 74232, 72
2026/07/29 00:53:08.317, 298.04, 100, 74232, 72
2026/07/29 00:53:09.354, 304.46, 100, 74232, 72
2026/07/29 00:53:10.390, 301.93, 100, 74232, 72
2026/07/29 00:53:11.426, 298.91, 100, 74232, 72
2026/07/29 00:53:12.463, 303.19, 100, 74232, 72
2026/07/29 00:53:13.501, 302.52, 100, 74232, 72
2026/07/29 00:53:14.544, 295.59, 100, 74232, 72
2026/07/29 00:53:15.582, 294.71, 100, 74232, 72
2026/07/29 00:53:16.620, 295.99, 100, 74232, 72
2026/07/29 00:53:17.661, 294.73, 100, 74232, 72
2026/07/29 00:53:18.698, 301.89, 100, 74232, 72
2026/07/29 00:53:19.735, 301.75, 100, 74232, 72
2026/07/29 00:53:20.773, 303.96, 100, 74232, 73
2026/07/29 00:53:21.810, 301.74, 100, 74232, 72
2026/07/29 00:53:22.848, 296.28, 100, 74232, 72
2026/07/29 00:53:23.887, 302.34, 100, 74232, 72
2026/07/29 00:53:24.924, 296.56, 100, 74232, 72
2026/07/29 00:53:25.961, 301.15, 100, 74232, 72
2026/07/29 00:53:26.998, 301.94, 100, 74232, 72
2026/07/29 00:53:28.034, 302.79, 100, 74232, 72
2026/07/29 00:53:29.070, 303.30, 100, 74232, 72
2026/07/29 00:53:30.108, 302.69, 100, 74232, 72
2026/07/29 00:53:31.145, 301.74, 100, 74232, 72
2026/07/29 00:53:32.181, 301.75, 100, 74232, 72
2026/07/29 00:53:33.217, 303.64, 100, 74232, 72
2026/07/29 00:53:34.252, 302.43, 100, 74232, 72
2026/07/29 00:53:35.288, 291.13, 100, 74232, 72
2026/07/29 00:53:36.324, 295.22, 100, 74232, 72
2026/07/29 00:53:37.361, 302.52, 100, 74232, 72
2026/07/29 00:53:38.397, 297.15, 100, 74232, 72
2026/07/29 00:53:39.435, 295.10, 100, 74232, 72
2026/07/29 00:53:40.472, 295.53, 100, 74232, 72
2026/07/29 00:53:41.509, 301.93, 100, 74232, 72
2026/07/29 00:53:42.546, 291.70, 100, 74232, 72
2026/07/29 00:53:43.586, 295.22, 100, 74232, 72
2026/07/29 00:53:44.623, 294.61, 100, 74232, 72
2026/07/29 00:53:45.659, 299.50, 100, 74232, 72
2026/07/29 00:53:46.696, 300.84, 100, 74232, 72
2026/07/29 00:53:47.734, 303.19, 100, 74232, 72
2026/07/29 00:53:48.770, 302.15, 100, 74232, 72
2026/07/29 00:53:49.806, 302.33, 100, 74232, 72
2026/07/29 00:53:50.843, 298.63, 100, 74232, 72
2026/07/29 00:53:51.882, 295.10, 100, 74232, 72
2026/07/29 00:53:52.918, 293.84, 100, 74232, 72
2026/07/29 00:53:53.955, 291.03, 100, 74232, 72
2026/07/29 00:53:54.992, 291.90, 100, 74232, 72
2026/07/29 00:53:56.032, 294.63, 100, 74232, 72
2026/07/29 00:53:57.069, 299.61, 100, 74232, 72
2026/07/29 00:53:58.112, 302.21, 100, 74232, 72
2026/07/29 00:53:59.149, 304.17, 100, 74232, 72
2026/07/29 00:54:00.185, 301.06, 100, 74232, 72
2026/07/29 00:54:01.222, 301.70, 100, 74232, 72
2026/07/29 00:54:02.260, 302.32, 100, 74232, 72
2026/07/29 00:54:03.296, 302.31, 100, 74232, 72
2026/07/29 00:54:04.331, 301.65, 100, 74232, 72
2026/07/29 00:54:05.368, 295.71, 100, 74232, 72
2026/07/29 00:54:06.405, 296.07, 100, 74232, 72
2026/07/29 00:54:07.443, 301.52, 100, 74232, 72
2026/07/29 00:54:08.479, 302.24, 100, 74232, 72
2026/07/29 00:54:09.516, 303.02, 100, 74232, 72
2026/07/29 00:54:10.552, 299.11, 100, 74232, 72
2026/07/29 00:54:11.591, 302.92, 100, 74232, 72
2026/07/29 00:54:12.627, 302.73, 100, 74232, 72
2026/07/29 00:54:13.664, 302.52, 100, 74232, 72
2026/07/29 00:54:14.701, 302.30, 100, 74232, 72
2026/07/29 00:54:15.742, 301.79, 100, 74232, 72
2026/07/29 00:54:16.780, 303.86, 100, 74232, 72
2026/07/29 00:54:17.818, 302.24, 100, 74232, 72
2026/07/29 00:54:18.855, 296.67, 100, 74232, 72
2026/07/29 00:54:19.891, 292.57, 100, 74232, 72
2026/07/29 00:54:20.928, 294.92, 100, 74232, 72
2026/07/29 00:54:21.963, 290.83, 100, 74232, 72
2026/07/29 00:54:23.001, 302.15, 100, 74232, 72
2026/07/29 00:54:24.037, 294.64, 100, 74232, 72
2026/07/29 00:54:25.075, 293.26, 100, 74232, 72
2026/07/29 00:54:26.111, 294.72, 100, 74232, 72
2026/07/29 00:54:27.148, 292.77, 100, 74232, 72
2026/07/29 00:54:28.186, 295.49, 100, 74232, 72
2026/07/29 00:54:29.222, 294.34, 100, 74232, 72
2026/07/29 00:54:30.257, 295.39, 100, 74232, 72
2026/07/29 00:54:31.298, 294.61, 100, 74232, 72
2026/07/29 00:54:32.334, 299.22, 100, 74232, 72
2026/07/29 00:54:33.370, 98.15, 0, 74232, 69
2026/07/29 00:54:34.403, 301.10, 100, 74232, 74
2026/07/29 00:54:35.440, 287.21, 100, 74232, 73
2026/07/29 00:54:36.473, 303.98, 100, 74232, 74
2026/07/29 00:54:37.511, 315.18, 100, 74232, 74
2026/07/29 00:54:38.550, 309.63, 100, 74232, 74
2026/07/29 00:54:39.584, 284.57, 100, 74232, 73
2026/07/29 00:54:40.626, 301.24, 100, 74232, 72
2026/07/29 00:54:41.662, 302.99, 100, 74232, 72
2026/07/29 00:54:42.699, 301.42, 100, 74232, 72
2026/07/29 00:54:43.736, 303.02, 100, 74232, 72
2026/07/29 00:54:44.774, 301.16, 100, 74232, 72
2026/07/29 00:54:45.811, 300.26, 100, 74232, 72
2026/07/29 00:54:46.849, 294.63, 100, 74232, 72
2026/07/29 00:54:47.887, 297.73, 100, 74232, 72
2026/07/29 00:54:48.924, 297.84, 100, 74232, 72
2026/07/29 00:54:49.963, 294.34, 100, 74232, 72
2026/07/29 00:54:51.001, 301.64, 100, 74232, 72
2026/07/29 00:54:52.038, 302.02, 100, 74232, 73
2026/07/29 00:54:53.074, 301.64, 100, 74232, 73
2026/07/29 00:54:54.111, 302.32, 100, 74232, 73
2026/07/29 00:54:55.148, 302.87, 100, 74232, 73
2026/07/29 00:54:56.184, 302.99, 100, 74232, 73
2026/07/29 00:54:57.222, 303.08, 100, 74232, 73
2026/07/29 00:54:58.259, 302.43, 100, 74232, 73
2026/07/29 00:54:59.296, 300.83, 100, 74232, 73
2026/07/29 00:55:00.332, 291.41, 100, 74232, 72
2026/07/29 00:55:01.370, 290.91, 100, 74232, 72
2026/07/29 00:55:02.411, 295.39, 100, 74232, 73
2026/07/29 00:55:03.450, 294.72, 100, 74232, 73
2026/07/29 00:55:04.487, 294.42, 100, 74232, 73
2026/07/29 00:55:05.526, 295.77, 100, 74232, 73
2026/07/29 00:55:06.563, 294.99, 100, 74232, 73
2026/07/29 00:55:07.601, 301.53, 100, 74232, 73
2026/07/29 00:55:08.637, 298.82, 100, 74232, 73
2026/07/29 00:55:09.675, 295.98, 100, 74232, 73
2026/07/29 00:55:10.712, 295.39, 100, 74232, 73
2026/07/29 00:55:11.749, 298.32, 100, 74232, 73
2026/07/29 00:55:12.786, 294.54, 100, 74232, 73
2026/07/29 00:55:13.821, 294.34, 100, 74232, 73
2026/07/29 00:55:14.860, 295.61, 100, 74232, 73
2026/07/29 00:55:15.900, 295.89, 100, 74232, 73
2026/07/29 00:55:16.936, 301.84, 100, 74232, 73
2026/07/29 00:55:17.972, 301.45, 100, 74232, 73
2026/07/29 00:55:19.010, 301.93, 100, 74232, 73
2026/07/29 00:55:20.046, 302.24, 100, 74232, 73
2026/07/29 00:55:21.084, 303.06, 100, 74232, 73
2026/07/29 00:55:22.122, 303.99, 100, 74232, 73
2026/07/29 00:55:23.160, 301.54, 100, 74232, 73
2026/07/29 00:55:24.197, 301.75, 100, 74232, 73
2026/07/29 00:55:25.237, 302.71, 100, 74232, 73
2026/07/29 00:55:26.274, 296.57, 100, 74232, 73
2026/07/29 00:55:27.311, 294.73, 100, 74232, 72
2026/07/29 00:55:28.349, 294.82, 100, 74232, 73
2026/07/29 00:55:29.385, 297.05, 100, 74232, 72
2026/07/29 00:55:30.422, 291.00, 100, 74232, 72
2026/07/29 00:55:31.460, 295.32, 100, 74232, 72
2026/07/29 00:55:32.498, 294.43, 100, 74232, 72
2026/07/29 00:55:33.534, 301.36, 100, 74232, 72
2026/07/29 00:55:34.572, 301.43, 100, 74232, 73
2026/07/29 00:55:35.609, 299.89, 100, 74232, 73
2026/07/29 00:55:36.648, 304.26, 100, 74232, 73
2026/07/29 00:55:37.685, 302.32, 100, 74232, 73
2026/07/29 00:55:38.721, 298.72, 100, 74232, 72
2026/07/29 00:55:39.757, 301.44, 100, 74232, 73
2026/07/29 00:55:40.795, 302.62, 100, 74232, 73
2026/07/29 00:55:41.831, 301.33, 100, 74232, 73
2026/07/29 00:55:42.867, 301.13, 100, 74232, 72
2026/07/29 00:55:43.903, 296.67, 100, 74232, 72
2026/07/29 00:55:44.939, 295.40, 100, 74232, 72
2026/07/29 00:55:45.975, 297.55, 100, 74232, 72
2026/07/29 00:55:47.012, 290.33, 100, 74232, 72
2026/07/29 00:55:48.049, 294.61, 100, 74232, 72
2026/07/29 00:55:49.086, 297.64, 100, 74232, 72
2026/07/29 00:55:50.123, 299.08, 100, 74232, 72
2026/07/29 00:55:51.159, 301.90, 100, 74232, 72
2026/07/29 00:55:52.195, 298.14, 100, 74232, 72
2026/07/29 00:55:53.231, 304.07, 100, 74232, 73
2026/07/29 00:55:54.268, 302.70, 100, 74232, 73
2026/07/29 00:55:55.305, 303.85, 100, 74232, 72
2026/07/29 00:55:56.342, 302.33, 100, 74232, 72
2026/07/29 00:55:57.379, 296.78, 100, 74232, 72
2026/07/29 00:55:58.415, 298.13, 100, 74232, 73
2026/07/29 00:55:59.454, 302.03, 100, 74232, 73
2026/07/29 00:56:00.491, 302.52, 100, 74232, 73
2026/07/29 00:56:01.527, 303.11, 100, 74232, 73
2026/07/29 00:56:02.566, 302.52, 100, 74232, 73
2026/07/29 00:56:03.603, 295.43, 100, 74232, 73
2026/07/29 00:56:04.640, 295.79, 100, 74232, 73
2026/07/29 00:56:05.678, 295.20, 100, 74232, 73
2026/07/29 00:56:06.715, 294.63, 100, 74232, 73
2026/07/29 00:56:07.752, 294.25, 100, 74232, 73
2026/07/29 00:56:08.791, 293.66, 100, 74232, 73
2026/07/29 00:56:09.828, 295.21, 100, 74232, 73
2026/07/29 00:56:10.864, 305.90, 100, 74232, 73
2026/07/29 00:56:11.901, 306.57, 100, 74232, 73
2026/07/29 00:56:12.938, 302.22, 100, 74232, 73
2026/07/29 00:56:13.974, 304.35, 100, 74232, 73
2026/07/29 00:56:15.011, 301.93, 100, 74232, 73
2026/07/29 00:56:16.048, 302.32, 100, 74232, 73
2026/07/29 00:56:17.083, 296.77, 100, 74232, 73
2026/07/29 00:56:18.120, 294.63, 100, 74232, 73
2026/07/29 00:56:19.157, 295.11, 100, 74232, 73
2026/07/29 00:56:20.198, 294.45, 100, 74232, 73
2026/07/29 00:56:21.236, 302.33, 100, 74232, 73
2026/07/29 00:56:22.272, 302.61, 100, 74232, 73
2026/07/29 00:56:23.311, 304.14, 100, 74232, 73
2026/07/29 00:56:24.349, 304.08, 100, 74232, 73
2026/07/29 00:56:25.386, 304.52, 100, 74232, 73
2026/07/29 00:56:26.423, 303.08, 100, 74232, 73
2026/07/29 00:56:27.460, 302.42, 100, 74232, 73
2026/07/29 00:56:28.497, 303.46, 100, 74232, 73
2026/07/29 00:56:29.534, 303.23, 100, 74232, 73
2026/07/29 00:56:30.571, 295.12, 100, 74232, 73
2026/07/29 00:56:31.610, 302.78, 100, 74232, 73
2026/07/29 00:56:32.648, 300.58, 100, 74232, 73
2026/07/29 00:56:33.684, 295.02, 100, 74232, 73
2026/07/29 00:56:34.721, 302.42, 100, 74232, 73
2026/07/29 00:56:35.757, 303.29, 100, 74232, 73
2026/07/29 00:56:36.793, 304.25, 100, 74232, 73
2026/07/29 00:56:37.832, 303.02, 100, 74232, 73
2026/07/29 00:56:38.871, 302.24, 100, 74232, 73
2026/07/29 00:56:39.909, 301.74, 100, 74232, 73
2026/07/29 00:56:40.946, 295.03, 100, 74232, 73
2026/07/29 00:56:41.983, 302.68, 100, 74232, 73
2026/07/29 00:56:43.021, 303.46, 100, 74232, 73
2026/07/29 00:56:44.059, 303.15, 100, 74232, 73
2026/07/29 00:56:45.095, 303.04, 100, 74232, 73
2026/07/29 00:56:46.131, 302.18, 100, 74232, 73
2026/07/29 00:56:47.168, 302.34, 100, 74232, 73
2026/07/29 00:56:48.204, 302.60, 100, 74232, 73
2026/07/29 00:56:49.243, 303.90, 100, 74232, 73
2026/07/29 00:56:50.281, 301.84, 100, 74232, 73
2026/07/29 00:56:51.318, 300.65, 100, 74232, 73
2026/07/29 00:56:52.355, 290.44, 100, 74232, 72
2026/07/29 00:56:53.392, 296.08, 100, 74232, 72
2026/07/29 00:56:54.431, 294.92, 100, 74232, 72
2026/07/29 00:56:55.470, 294.04, 100, 74232, 73
2026/07/29 00:56:56.510, 294.42, 100, 74232, 73
2026/07/29 00:56:57.549, 302.32, 100, 74232, 73
2026/07/29 00:56:58.585, 301.84, 100, 74232, 73
2026/07/29 00:56:59.621, 301.93, 100, 74232, 73
2026/07/29 00:57:00.657, 302.90, 100, 74232, 73
2026/07/29 00:57:01.694, 304.94, 100, 74232, 73
2026/07/29 00:57:02.730, 302.22, 100, 74232, 73
2026/07/29 00:57:03.767, 303.15, 100, 74232, 73
2026/07/29 00:57:04.804, 302.72, 100, 74232, 73
2026/07/29 00:57:05.844, 302.21, 100, 74232, 72
2026/07/29 00:57:06.881, 301.94, 100, 74232, 73
2026/07/29 00:57:07.918, 303.10, 100, 74232, 72
2026/07/29 00:57:08.956, 301.13, 100, 74232, 73
2026/07/29 00:57:09.994, 299.42, 100, 74232, 72
2026/07/29 00:57:11.032, 302.19, 100, 74232, 72
2026/07/29 00:57:12.068, 303.86, 100, 74232, 73
2026/07/29 00:57:13.105, 302.71, 100, 74232, 72
2026/07/29 00:57:14.142, 297.73, 100, 74232, 72
2026/07/29 00:57:15.179, 290.55, 100, 74232, 72
2026/07/29 00:57:16.216, 290.72, 100, 74232, 72
2026/07/29 00:57:17.252, 296.36, 100, 74232, 72
2026/07/29 00:57:18.290, 297.07, 100, 74232, 72
2026/07/29 00:57:19.327, 303.58, 100, 74232, 72
2026/07/29 00:57:20.372, 298.80, 100, 74232, 72
2026/07/29 00:57:21.408, 301.12, 100, 74232, 72
2026/07/29 00:57:22.445, 302.12, 100, 74232, 72
2026/07/29 00:57:23.484, 302.80, 100, 74232, 72
2026/07/29 00:57:24.522, 299.90, 100, 74232, 72
2026/07/29 00:57:25.560, 301.32, 100, 74232, 72
2026/07/29 00:57:26.597, 295.70, 100, 74232, 72
2026/07/29 00:57:27.635, 293.45, 100, 74232, 72
2026/07/29 00:57:28.672, 290.93, 100, 74232, 72
2026/07/29 00:57:29.712, 291.42, 100, 74232, 72
2026/07/29 00:57:30.749, 294.32, 100, 74232, 72
2026/07/29 00:57:31.786, 301.44, 100, 74232, 72
2026/07/29 00:57:32.823, 298.53, 100, 74232, 72
2026/07/29 00:57:33.860, 297.94, 100, 74232, 72
2026/07/29 00:57:34.898, 302.70, 100, 74232, 72
2026/07/29 00:57:35.934, 304.62, 100, 74232, 72
2026/07/29 00:57:36.972, 302.29, 100, 74232, 72
2026/07/29 00:57:38.010, 294.63, 100, 74232, 72
2026/07/29 00:57:39.050, 301.55, 100, 74232, 72
2026/07/29 00:57:40.090, 304.07, 100, 74232, 72
2026/07/29 00:57:41.127, 300.75, 100, 74232, 72
2026/07/29 00:57:42.165, 302.60, 100, 74232, 72
2026/07/29 00:57:43.202, 301.74, 100, 74232, 72
2026/07/29 00:57:44.240, 301.06, 100, 74232, 72
2026/07/29 00:57:45.277, 291.32, 100, 74232, 72
2026/07/29 00:57:46.316, 291.22, 100, 74232, 72
2026/07/29 00:57:47.353, 302.53, 100, 74232, 72
2026/07/29 00:57:48.393, 301.23, 100, 74232, 72
2026/07/29 00:57:49.430, 294.73, 100, 74232, 72
2026/07/29 00:57:50.470, 300.09, 100, 74232, 72
2026/07/29 00:57:51.509, 295.21, 100, 74232, 72
2026/07/29 00:57:52.547, 294.14, 100, 74232, 72
2026/07/29 00:57:53.584, 301.54, 100, 74232, 72
2026/07/29 00:57:54.621, 294.14, 100, 74232, 72
2026/07/29 00:57:55.658, 294.23, 100, 74232, 72
2026/07/29 00:57:56.697, 293.76, 100, 74232, 72
2026/07/29 00:57:57.735, 301.64, 100, 74232, 72
2026/07/29 00:57:58.773, 298.15, 100, 74232, 72
2026/07/29 00:57:59.810, 301.46, 100, 74232, 72
2026/07/29 00:58:00.847, 302.23, 100, 74232, 72
2026/07/29 00:58:01.884, 302.70, 100, 74232, 72
2026/07/29 00:58:02.921, 302.33, 100, 74232, 72
2026/07/29 00:58:03.958, 304.55, 100, 74232, 72
2026/07/29 00:58:04.995, 97.96, 0, 74232, 69
2026/07/29 00:58:06.028, 97.17, 0, 74232, 68
2026/07/29 00:58:07.059, 95.08, 0, 74232, 67
2026/07/29 00:58:08.091, 95.00, 0, 74232, 67
2026/07/29 00:58:09.123, 94.71, 0, 74232, 66
2026/07/29 00:58:10.155, 94.28, 0, 74232, 66
2026/07/29 00:58:11.186, 92.96, 0, 74232, 65
2026/07/29 00:58:12.219, 93.04, 0, 74232, 65
2026/07/29 00:58:13.250, 91.58, 0, 74232, 65
2026/07/29 00:58:14.280, 91.87, 0, 74232, 64
2026/07/29 00:58:15.313, 91.48, 0, 74232, 64
2026/07/29 00:58:16.343, 91.15, 0, 74232, 63
2026/07/29 00:58:17.373, 90.68, 0, 74232, 63
2026/07/29 00:58:18.404, 90.28, 0, 74232, 63
2026/07/29 00:58:19.435, 89.88, 0, 74232, 63
2026/07/29 00:58:20.466, 89.39, 0, 74232, 62
2026/07/29 00:58:21.496, 88.50, 0, 74232, 62
2026/07/29 00:58:22.528, 88.22, 0, 74232, 62
2026/07/29 00:58:23.557, 87.64, 0, 74232, 61
2026/07/29 00:58:24.586, 88.41, 0, 74232, 61
2026/07/29 00:58:25.616, 87.83, 0, 74232, 61
2026/07/29 00:58:26.645, 87.93, 0, 74232, 61
2026/07/29 00:58:27.674, 87.58, 0, 74232, 60
2026/07/29 00:58:28.704, 86.94, 0, 74232, 60
2026/07/29 00:58:29.734, 86.15, 0, 74232, 60
2026/07/29 00:58:30.767, 85.07, 0, 74232, 60
2026/07/29 00:58:31.797, 85.01, 0, 74232, 59
2026/07/29 00:58:32.827, 294.35, 100, 74232, 65
2026/07/29 00:58:33.862, 292.08, 100, 74232, 65
2026/07/29 00:58:34.899, 301.98, 100, 74232, 65
2026/07/29 00:58:35.934, 286.97, 100, 74232, 66
2026/07/29 00:58:36.969, 305.61, 100, 74232, 64
2026/07/29 00:58:38.007, 305.91, 100, 74232, 65
2026/07/29 00:58:39.043, 302.41, 100, 74232, 65
2026/07/29 00:58:40.079, 305.94, 100, 74232, 65
2026/07/29 00:58:41.115, 307.34, 100, 74232, 65
2026/07/29 00:58:42.152, 297.83, 100, 74232, 66
2026/07/29 00:58:43.187, 298.41, 100, 74232, 66
2026/07/29 00:58:44.226, 298.03, 100, 74232, 66
2026/07/29 00:58:45.263, 307.06, 100, 74232, 68
2026/07/29 00:58:46.302, 300.74, 100, 74232, 68
2026/07/29 00:58:47.337, 291.59, 100, 74232, 68
2026/07/29 00:58:48.371, 292.56, 100, 74232, 69
2026/07/29 00:58:49.411, 301.62, 100, 74232, 67
2026/07/29 00:58:50.449, 300.76, 100, 74232, 67
2026/07/29 00:58:51.487, 301.55, 100, 74232, 67
2026/07/29 00:58:52.523, 302.40, 100, 74232, 68
2026/07/29 00:58:53.560, 303.19, 100, 74232, 68
2026/07/29 00:58:54.596, 302.24, 100, 74232, 70
2026/07/29 00:58:55.655, 292.85, 100, 74232, 70
2026/07/29 00:58:56.691, 297.95, 100, 74232, 70
2026/07/29 00:58:57.727, 310.53, 100, 74232, 71
2026/07/29 00:58:58.766, 244.27, 100, 74232, 69
2026/07/29 00:58:59.802, 288.98, 100, 74232, 69
2026/07/29 00:59:00.844, 290.12, 100, 74232, 69
2026/07/29 00:59:01.881, 288.98, 100, 74232, 70
2026/07/29 00:59:02.917, 294.50, 100, 74232, 71
2026/07/29 00:59:03.954, 293.55, 100, 74232, 71
2026/07/29 00:59:04.989, 304.84, 100, 74232, 72
2026/07/29 00:59:06.025, 284.38, 100, 74232, 72
2026/07/29 00:59:07.062, 306.20, 100, 74232, 70
2026/07/29 00:59:08.100, 306.02, 100, 74232, 70
2026/07/29 00:59:09.137, 306.61, 100, 74232, 70
2026/07/29 00:59:10.175, 306.89, 100, 74232, 70
2026/07/29 00:59:11.216, 302.04, 100, 74232, 70
2026/07/29 00:59:12.255, 300.27, 100, 74232, 71
2026/07/29 00:59:13.291, 295.70, 100, 74232, 72
2026/07/29 00:59:14.327, 305.39, 100, 74232, 73
2026/07/29 00:59:15.365, 295.89, 100, 74232, 73
2026/07/29 00:59:16.400, 284.36, 100, 74232, 73
2026/07/29 00:59:17.435, 265.45, 100, 74232, 71
2026/07/29 00:59:18.479, 284.97, 100, 74232, 71
2026/07/29 00:59:19.517, 289.97, 100, 74232, 71
2026/07/29 00:59:20.554, 296.69, 100, 74232, 71
2026/07/29 00:59:21.594, 292.68, 100, 74232, 71
2026/07/29 00:59:22.630, 293.47, 100, 74232, 71
2026/07/29 00:59:23.667, 297.16, 100, 74232, 71
2026/07/29 00:59:24.704, 305.33, 100, 74232, 73
2026/07/29 00:59:25.740, 296.36, 100, 74232, 74
2026/07/29 00:59:26.775, 286.93, 100, 74232, 73
2026/07/29 00:59:27.810, 310.30, 100, 74232, 73
2026/07/29 00:59:28.846, 285.47, 100, 74232, 73
2026/07/29 00:59:29.882, 298.91, 100, 74232, 72
2026/07/29 00:59:30.919, 301.90, 100, 74232, 72
2026/07/29 00:59:31.957, 294.82, 100, 74232, 72
2026/07/29 00:59:32.994, 299.29, 100, 74232, 74
2026/07/29 00:59:34.030, 294.91, 100, 74232, 74
2026/07/29 00:59:35.066, 291.02, 100, 74232, 74
2026/07/29 00:59:36.102, 299.00, 100, 74232, 74
2026/07/29 00:59:37.137, 302.37, 100, 74232, 74
2026/07/29 00:59:38.172, 278.97, 100, 74232, 72
2026/07/29 00:59:39.209, 287.03, 100, 74232, 72
2026/07/29 00:59:40.246, 293.83, 100, 74232, 72
2026/07/29 00:59:41.284, 296.10, 100, 74232, 72
2026/07/29 00:59:42.322, 295.99, 100, 74232, 72
2026/07/29 00:59:43.362, 302.24, 100, 74232, 72
2026/07/29 00:59:44.400, 299.31, 100, 74232, 72
2026/07/29 00:59:45.438, 297.06, 100, 74232, 73
2026/07/29 00:59:46.475, 293.36, 100, 74232, 74
2026/07/29 00:59:47.510, 282.32, 100, 74232, 74
2026/07/29 00:59:48.548, 305.38, 100, 74232, 75
2026/07/29 00:59:49.582, 292.48, 100, 74232, 74
2026/07/29 00:59:50.617, 301.65, 100, 74232, 74
2026/07/29 00:59:51.652, 298.82, 100, 74232, 75
2026/07/29 00:59:52.688, 304.07, 100, 74232, 73
2026/07/29 00:59:53.724, 303.38, 100, 74232, 73
2026/07/29 00:59:54.762, 304.07, 100, 74232, 73
2026/07/29 00:59:55.799, 291.52, 100, 74232, 74
2026/07/29 00:59:56.833, 299.11, 100, 74232, 75
2026/07/29 00:59:57.869, 314.67, 100, 74232, 75
2026/07/29 00:59:58.951, 324.21, 100, 74232, 75
2026/07/29 00:59:59.986, 288.59, 100, 74232, 75
2026/07/29 01:00:01.021, 317.66, 100, 74232, 75
2026/07/29 01:00:02.061, 304.00, 100, 74232, 73
2026/07/29 01:00:03.098, 303.49, 100, 74232, 73
2026/07/29 01:00:04.137, 302.30, 100, 74232, 73
2026/07/29 01:00:05.175, 305.03, 100, 74232, 74
2026/07/29 01:00:06.212, 303.29, 100, 74232, 74
2026/07/29 01:00:07.249, 296.78, 100, 74232, 75
2026/07/29 01:00:08.284, 299.66, 100, 74232, 75
2026/07/29 01:00:09.319, 294.12, 100, 74232, 75
2026/07/29 01:00:10.355, 293.38, 100, 74232, 75
2026/07/29 01:00:11.389, 305.34, 100, 74232, 75
2026/07/29 01:00:12.425, 299.58, 100, 74232, 75
2026/07/29 01:00:13.468, 306.09, 100, 74232, 74
2026/07/29 01:00:14.506, 305.49, 100, 74232, 74
2026/07/29 01:00:15.544, 305.71, 100, 74232, 74
2026/07/29 01:00:16.582, 305.42, 100, 74232, 74
2026/07/29 01:00:17.619, 305.43, 100, 74232, 74
2026/07/29 01:00:18.658, 306.40, 100, 74232, 74
2026/07/29 01:00:19.695, 363.55, 17, 74232, 75
2026/07/29 01:00:20.736, 291.79, 100, 74232, 75
2026/07/29 01:00:21.772, 296.95, 100, 74232, 75
2026/07/29 01:00:22.807, 291.90, 100, 74232, 75
2026/07/29 01:00:23.844, 303.74, 100, 74232, 75
2026/07/29 01:00:24.880, 295.98, 100, 74232, 75
2026/07/29 01:00:25.924, 291.30, 100, 74232, 75
2026/07/29 01:00:26.963, 285.19, 100, 74232, 74
2026/07/29 01:00:28.005, 293.93, 100, 74232, 74
2026/07/29 01:00:29.044, 288.78, 100, 74232, 74
2026/07/29 01:00:30.083, 295.99, 100, 74232, 74
2026/07/29 01:00:31.121, 297.76, 100, 74232, 74
2026/07/29 01:00:32.159, 102.17, 0, 74232, 71
2026/07/29 01:00:33.192, 302.87, 100, 74232, 75
2026/07/29 01:00:34.228, 297.37, 100, 74232, 75
2026/07/29 01:00:35.263, 278.57, 100, 74232, 76
2026/07/29 01:00:36.303, 310.91, 100, 74232, 75
2026/07/29 01:00:37.344, 303.78, 100, 74232, 75
2026/07/29 01:00:38.378, 277.03, 100, 74232, 75
2026/07/29 01:00:39.414, 304.64, 100, 74232, 74
2026/07/29 01:00:40.454, 304.06, 100, 74232, 74
2026/07/29 01:00:41.492, 303.77, 100, 74232, 74
2026/07/29 01:00:42.529, 297.93, 100, 74232, 74
2026/07/29 01:00:43.566, 100.09, 0, 74232, 72
2026/07/29 01:00:44.602, 292.88, 100, 74232, 75
2026/07/29 01:00:45.638, 291.34, 100, 74232, 75
2026/07/29 01:00:46.672, 310.13, 100, 74232, 75
2026/07/29 01:00:47.708, 286.73, 100, 74232, 75
2026/07/29 01:00:48.747, 263.31, 100, 74232, 75
2026/07/29 01:00:49.782, 300.95, 100, 74232, 75
2026/07/29 01:00:50.819, 303.87, 100, 74232, 74
2026/07/29 01:00:51.856, 306.72, 100, 74232, 74
2026/07/29 01:00:52.894, 298.41, 100, 74232, 74
2026/07/29 01:00:53.932, 299.39, 100, 74232, 74
2026/07/29 01:00:54.971, 100.51, 77, 74232, 71
2026/07/29 01:00:56.004, 301.21, 100, 74232, 75
2026/07/29 01:00:57.039, 301.69, 100, 74232, 75
2026/07/29 01:00:58.072, 299.48, 100, 74232, 75
2026/07/29 01:00:59.107, 316.87, 100, 74232, 75
2026/07/29 01:01:00.142, 274.95, 100, 74232, 75
2026/07/29 01:01:01.177, 302.83, 100, 74232, 75
2026/07/29 01:01:02.216, 295.89, 100, 74232, 74
2026/07/29 01:01:03.254, 288.33, 100, 74232, 73
2026/07/29 01:01:04.291, 296.28, 100, 74232, 74
2026/07/29 01:01:05.328, 293.56, 100, 74232, 74
2026/07/29 01:01:06.366, 297.54, 100, 74232, 74
2026/07/29 01:01:07.403, 141.57, 38, 74232, 74
2026/07/29 01:01:08.442, 301.59, 100, 74232, 75
2026/07/29 01:01:09.476, 297.88, 100, 74232, 75
2026/07/29 01:01:10.509, 304.96, 100, 74232, 75
2026/07/29 01:01:11.546, 268.66, 100, 74232, 75
2026/07/29 01:01:12.582, 310.84, 100, 74232, 75
2026/07/29 01:01:13.616, 311.40, 100, 74232, 75
2026/07/29 01:01:14.652, 303.27, 100, 74232, 74
2026/07/29 01:01:15.689, 303.48, 100, 74232, 74
2026/07/29 01:01:16.727, 304.01, 100, 74232, 74
2026/07/29 01:01:17.763, 100.00, 0, 74232, 70
2026/07/29 01:01:18.797, 283.14, 100, 74232, 75
2026/07/29 01:01:19.835, 286.98, 100, 74232, 75
2026/07/29 01:01:20.870, 289.07, 100, 74232, 75
2026/07/29 01:01:21.906, 305.79, 100, 74232, 75
2026/07/29 01:01:22.943, 298.93, 100, 74232, 75
2026/07/29 01:01:23.978, 312.92, 100, 74232, 76
2026/07/29 01:01:25.014, 302.65, 100, 74232, 74
2026/07/29 01:01:26.053, 302.79, 100, 74232, 74
2026/07/29 01:01:27.090, 304.63, 100, 74232, 74
2026/07/29 01:01:28.128, 304.36, 100, 74232, 74
2026/07/29 01:01:29.166, 296.57, 100, 74232, 74
2026/07/29 01:01:30.201, 296.96, 100, 74232, 75
2026/07/29 01:01:31.273, 298.40, 100, 74232, 75
2026/07/29 01:01:32.309, 299.07, 100, 74232, 75
2026/07/29 01:01:33.345, 293.74, 100, 74232, 76
2026/07/29 01:01:34.380, 279.93, 100, 74232, 75
2026/07/29 01:01:35.416, 302.18, 100, 74232, 75
2026/07/29 01:01:36.452, 309.38, 100, 74232, 75
2026/07/29 01:01:37.492, 304.95, 100, 74232, 74
2026/07/29 01:01:38.528, 304.45, 100, 74232, 74
2026/07/29 01:01:39.567, 302.08, 100, 74232, 74
2026/07/29 01:01:40.606, 300.96, 100, 74232, 74
2026/07/29 01:01:41.644, 293.64, 100, 74232, 74
2026/07/29 01:01:42.683, 300.47, 100, 74232, 74
2026/07/29 01:01:43.722, 297.26, 100, 74232, 74
2026/07/29 01:01:44.762, 301.73, 73, 74232, 75
2026/07/29 01:01:45.796, 300.37, 100, 74232, 76
2026/07/29 01:01:46.832, 293.33, 100, 74232, 76
2026/07/29 01:01:47.867, 311.55, 100, 74232, 76
2026/07/29 01:01:48.907, 293.47, 100, 74232, 76
2026/07/29 01:01:49.948, 316.12, 100, 74232, 76
2026/07/29 01:01:50.983, 263.05, 100, 74232, 76
2026/07/29 01:01:52.025, 304.68, 100, 74232, 74
2026/07/29 01:01:53.061, 304.27, 100, 74232, 74
2026/07/29 01:01:54.098, 305.45, 100, 74232, 74
2026/07/29 01:01:55.134, 304.46, 100, 74232, 74
2026/07/29 01:01:56.171, 305.53, 100, 74232, 74
2026/07/29 01:01:57.207, 303.45, 100, 74232, 74
2026/07/29 01:01:58.245, 293.34, 31, 74232, 75
2026/07/29 01:01:59.280, 294.42, 100, 74232, 75
2026/07/29 01:02:00.315, 285.48, 100, 74232, 75
2026/07/29 01:02:01.350, 290.74, 100, 74232, 75
2026/07/29 01:02:02.384, 333.64, 100, 74232, 76
2026/07/29 01:02:03.419, 288.09, 100, 74232, 75
2026/07/29 01:02:04.460, 285.74, 100, 74232, 75
2026/07/29 01:02:05.496, 300.38, 100, 74232, 74
2026/07/29 01:02:06.533, 303.49, 100, 74232, 74
2026/07/29 01:02:07.570, 299.40, 100, 74232, 74
2026/07/29 01:02:08.608, 304.18, 100, 74232, 74
2026/07/29 01:02:09.646, 304.37, 100, 74232, 74
2026/07/29 01:02:10.686, 300.46, 100, 74232, 74
2026/07/29 01:02:11.722, 102.00, 0, 74232, 71
2026/07/29 01:02:12.756, 288.48, 100, 74232, 75
2026/07/29 01:02:13.793, 302.42, 100, 74232, 75
2026/07/29 01:02:14.828, 314.87, 100, 74232, 76
2026/07/29 01:02:15.869, 299.38, 100, 74232, 76
2026/07/29 01:02:16.904, 293.86, 100, 74232, 75
2026/07/29 01:02:17.938, 321.09, 100, 74232, 75
2026/07/29 01:02:18.974, 283.80, 100, 74232, 74
2026/07/29 01:02:20.014, 286.90, 100, 74232, 73
2026/07/29 01:02:21.052, 285.26, 100, 74232, 73
2026/07/29 01:02:22.089, 284.89, 100, 74232, 73
2026/07/29 01:02:23.128, 296.28, 100, 74232, 74
2026/07/29 01:02:24.166, 294.91, 100, 74232, 74
2026/07/29 01:02:25.204, 295.70, 100, 74232, 74
2026/07/29 01:02:26.242, 296.38, 100, 74232, 74
2026/07/29 01:02:27.282, 296.10, 100, 74232, 74
2026/07/29 01:02:28.319, 296.97, 100, 74232, 74
2026/07/29 01:02:29.356, 304.18, 100, 74232, 74
2026/07/29 01:02:30.394, 302.66, 100, 74232, 74
2026/07/29 01:02:31.431, 304.57, 100, 74232, 74
2026/07/29 01:02:32.469, 304.07, 100, 74232, 74
2026/07/29 01:02:33.508, 292.00, 100, 74232, 75
2026/07/29 01:02:34.542, 302.81, 100, 74232, 74
2026/07/29 01:02:35.580, 304.39, 100, 74232, 74
2026/07/29 01:02:36.617, 304.17, 100, 74232, 74
2026/07/29 01:02:37.657, 302.72, 100, 74232, 73
2026/07/29 01:02:38.695, 303.56, 100, 74232, 74
2026/07/29 01:02:39.734, 296.19, 100, 74232, 73
2026/07/29 01:02:40.772, 301.06, 100, 74232, 73
2026/07/29 01:02:41.810, 296.40, 100, 74232, 73
2026/07/29 01:02:42.847, 296.20, 100, 74232, 73
2026/07/29 01:02:43.885, 292.09, 100, 74232, 73
2026/07/29 01:02:44.924, 296.97, 100, 74232, 73
2026/07/29 01:02:45.962, 296.57, 100, 74232, 73
2026/07/29 01:02:46.999, 295.10, 100, 74232, 73
2026/07/29 01:02:48.040, 291.99, 100, 74232, 73
2026/07/29 01:02:49.077, 295.11, 100, 74232, 73
2026/07/29 01:02:50.120, 296.68, 100, 74232, 73
2026/07/29 01:02:51.158, 297.84, 100, 74232, 73
2026/07/29 01:02:52.195, 304.85, 100, 74232, 73
2026/07/29 01:02:53.233, 301.34, 100, 74232, 73
2026/07/29 01:02:54.271, 301.70, 100, 74232, 73
2026/07/29 01:02:55.310, 302.70, 100, 74232, 73
2026/07/29 01:02:56.349, 301.52, 100, 74232, 73
2026/07/29 01:02:57.388, 304.16, 100, 74232, 73
2026/07/29 01:02:58.433, 289.67, 100, 74232, 73
2026/07/29 01:02:59.477, 294.14, 100, 74232, 73
2026/07/29 01:03:00.515, 292.68, 100, 74232, 73
2026/07/29 01:03:01.552, 296.38, 100, 74232, 73
2026/07/29 01:03:02.591, 296.17, 100, 74232, 73
2026/07/29 01:03:03.629, 304.37, 100, 74232, 73
2026/07/29 01:03:04.672, 296.85, 100, 74232, 73
2026/07/29 01:03:05.709, 296.27, 100, 74232, 73
2026/07/29 01:03:06.747, 264.65, 85, 74232, 74
2026/07/29 01:03:07.782, 298.98, 100, 74232, 75
2026/07/29 01:03:08.816, 301.70, 100, 74232, 75
2026/07/29 01:03:09.852, 281.18, 100, 74232, 74
2026/07/29 01:03:10.889, 296.29, 100, 74232, 75
2026/07/29 01:03:11.927, 311.40, 100, 74232, 75
2026/07/29 01:03:12.962, 303.38, 100, 74232, 73
2026/07/29 01:03:13.999, 302.33, 100, 74232, 73
2026/07/29 01:03:15.037, 302.62, 100, 74232, 73
2026/07/29 01:03:16.076, 303.19, 100, 74232, 73
2026/07/29 01:03:17.114, 297.26, 100, 74232, 73
2026/07/29 01:03:18.150, 295.88, 100, 74232, 73
2026/07/29 01:03:19.188, 292.19, 100, 74232, 73
2026/07/29 01:03:20.224, 295.31, 100, 74232, 73
2026/07/29 01:03:21.263, 295.61, 100, 74232, 73
2026/07/29 01:03:22.300, 296.18, 100, 74232, 73
2026/07/29 01:03:23.345, 295.50, 100, 74232, 73
2026/07/29 01:03:24.382, 295.31, 100, 74232, 73
2026/07/29 01:03:25.419, 296.67, 100, 74232, 73
2026/07/29 01:03:26.461, 295.30, 100, 74232, 73
2026/07/29 01:03:27.498, 294.46, 85, 74232, 75
2026/07/29 01:03:28.534, 295.22, 100, 74232, 75
2026/07/29 01:03:29.569, 276.85, 100, 74232, 75
2026/07/29 01:03:30.604, 295.61, 100, 74232, 75
2026/07/29 01:03:31.639, 317.71, 100, 74232, 75
2026/07/29 01:03:32.675, 298.11, 100, 74232, 75
2026/07/29 01:03:33.713, 307.43, 100, 74232, 73
2026/07/29 01:03:34.751, 303.19, 100, 74232, 73
2026/07/29 01:03:35.789, 303.48, 100, 74232, 73
2026/07/29 01:03:36.827, 302.90, 100, 74232, 73
2026/07/29 01:03:37.864, 300.77, 100, 74232, 75
2026/07/29 01:03:38.899, 305.33, 100, 74232, 75
2026/07/29 01:03:39.932, 291.13, 100, 74232, 75
2026/07/29 01:03:40.966, 300.48, 100, 74232, 75
2026/07/29 01:03:42.008, 302.13, 100, 74232, 75
2026/07/29 01:03:43.042, 301.50, 100, 74232, 76
2026/07/29 01:03:44.078, 302.90, 100, 74232, 74
2026/07/29 01:03:45.114, 303.78, 100, 74232, 74
2026/07/29 01:03:46.150, 303.97, 100, 74232, 74
2026/07/29 01:03:47.186, 303.87, 100, 74232, 74
2026/07/29 01:03:48.223, 362.21, 79, 74232, 75
2026/07/29 01:03:49.260, 303.18, 100, 74232, 76
2026/07/29 01:03:50.295, 290.91, 100, 74232, 76
2026/07/29 01:03:51.331, 286.56, 100, 74232, 76
2026/07/29 01:03:52.366, 302.58, 100, 74232, 75
2026/07/29 01:03:53.402, 286.40, 100, 74232, 76
2026/07/29 01:03:54.440, 296.61, 100, 74232, 75
2026/07/29 01:03:55.481, 282.65, 100, 74232, 73
2026/07/29 01:03:56.522, 291.20, 100, 74232, 74
2026/07/29 01:03:57.559, 288.39, 100, 74232, 74
2026/07/29 01:03:58.596, 288.96, 100, 74232, 74
2026/07/29 01:03:59.633, 151.06, 67, 74232, 72
2026/07/29 01:04:00.667, 301.65, 100, 74232, 75
2026/07/29 01:04:01.738, 299.77, 100, 74232, 75
2026/07/29 01:04:02.775, 285.17, 100, 74232, 75
2026/07/29 01:04:03.810, 300.68, 100, 74232, 75
2026/07/29 01:04:04.846, 276.07, 100, 74232, 75
2026/07/29 01:04:05.882, 298.63, 100, 74232, 75
2026/07/29 01:04:06.920, 306.19, 100, 74232, 74
2026/07/29 01:04:07.957, 303.58, 100, 74232, 74
2026/07/29 01:04:08.995, 301.30, 100, 74232, 74
2026/07/29 01:04:10.033, 298.93, 100, 74232, 75
2026/07/29 01:04:11.068, 298.10, 100, 74232, 75
2026/07/29 01:04:12.104, 302.12, 100, 74232, 76
2026/07/29 01:04:13.139, 294.92, 100, 74232, 75
2026/07/29 01:04:14.175, 291.77, 100, 74232, 75
2026/07/29 01:04:15.216, 307.50, 100, 74232, 76
2026/07/29 01:04:16.252, 296.48, 100, 74232, 74
2026/07/29 01:04:17.290, 298.92, 100, 74232, 74
2026/07/29 01:04:18.327, 295.32, 100, 74232, 74
2026/07/29 01:04:19.365, 304.17, 100, 74232, 74
2026/07/29 01:04:20.401, 296.87, 100, 74232, 74
2026/07/29 01:04:21.442, 296.96, 100, 74232, 74
2026/07/29 01:04:22.482, 304.36, 100, 74232, 74
2026/07/29 01:04:23.519, 304.54, 100, 74232, 74
2026/07/29 01:04:24.556, 301.25, 100, 74232, 74
2026/07/29 01:04:25.593, 305.49, 100, 74232, 74
2026/07/29 01:04:26.629, 305.15, 100, 74232, 74
2026/07/29 01:04:27.666, 304.94, 100, 74232, 74
2026/07/29 01:04:28.702, 304.37, 100, 74232, 74
2026/07/29 01:04:29.739, 305.20, 100, 74232, 74
2026/07/29 01:04:30.778, 297.26, 100, 74232, 74
2026/07/29 01:04:31.815, 302.41, 100, 74232, 74
2026/07/29 01:04:32.855, 301.83, 100, 74232, 74
2026/07/29 01:04:33.892, 301.03, 100, 74232, 74
2026/07/29 01:04:34.930, 304.65, 100, 74232, 74
2026/07/29 01:04:35.968, 298.91, 100, 74232, 74
2026/07/29 01:04:37.006, 296.68, 100, 74232, 74
2026/07/29 01:04:38.045, 292.09, 100, 74232, 74
2026/07/29 01:04:39.083, 296.09, 100, 74232, 74
2026/07/29 01:04:40.120, 296.58, 100, 74232, 74
2026/07/29 01:04:41.159, 294.24, 100, 74232, 74
2026/07/29 01:04:42.195, 296.69, 100, 74232, 74
2026/07/29 01:04:43.233, 299.12, 100, 74232, 74
2026/07/29 01:04:44.270, 296.37, 100, 74232, 74
2026/07/29 01:04:45.310, 296.97, 100, 74232, 74
2026/07/29 01:04:46.346, 296.27, 100, 74232, 74
2026/07/29 01:04:47.383, 296.59, 100, 74232, 74
2026/07/29 01:04:48.421, 296.00, 100, 74232, 73
2026/07/29 01:04:49.458, 296.38, 100, 74232, 73
2026/07/29 01:04:50.499, 296.94, 100, 74232, 73
2026/07/29 01:04:51.537, 302.89, 100, 74232, 73
2026/07/29 01:04:52.574, 303.40, 100, 74232, 73
2026/07/29 01:04:53.612, 296.38, 100, 74232, 73
2026/07/29 01:04:54.650, 303.37, 100, 74232, 73
2026/07/29 01:04:55.687, 303.40, 100, 74232, 73
2026/07/29 01:04:56.724, 301.61, 100, 74232, 73
2026/07/29 01:04:57.762, 302.52, 100, 74232, 73
2026/07/29 01:04:58.803, 303.29, 100, 74232, 73
2026/07/29 01:04:59.840, 303.38, 100, 74232, 73
2026/07/29 01:05:00.877, 303.37, 100, 74232, 73
2026/07/29 01:05:01.916, 303.19, 100, 74232, 73
2026/07/29 01:05:02.952, 306.12, 100, 74232, 73
2026/07/29 01:05:03.990, 295.40, 100, 74232, 73
2026/07/29 01:05:05.028, 290.94, 100, 74232, 73
2026/07/29 01:05:06.068, 296.08, 100, 74232, 73
2026/07/29 01:05:07.105, 292.66, 100, 74232, 73
2026/07/29 01:05:08.144, 302.51, 100, 74232, 73
2026/07/29 01:05:09.182, 298.74, 100, 74232, 73
2026/07/29 01:05:10.226, 295.61, 100, 74232, 73
2026/07/29 01:05:11.263, 297.85, 100, 74232, 73
2026/07/29 01:05:12.301, 301.51, 100, 74232, 73
2026/07/29 01:05:13.341, 295.02, 100, 74232, 73
2026/07/29 01:05:14.378, 304.47, 100, 74232, 73
2026/07/29 01:05:15.418, 113.65, 100, 74232, 71
2026/07/29 01:05:16.451, 301.93, 100, 74232, 73
2026/07/29 01:05:17.490, 302.91, 100, 74232, 73
2026/07/29 01:05:18.528, 303.45, 100, 74232, 73
2026/07/29 01:05:19.565, 299.97, 100, 74232, 73
2026/07/29 01:05:20.601, 303.22, 100, 74232, 73
2026/07/29 01:05:21.639, 303.01, 100, 74232, 73
2026/07/29 01:05:22.679, 301.05, 100, 74232, 73
2026/07/29 01:05:23.716, 302.51, 100, 74232, 73
2026/07/29 01:05:24.754, 304.55, 100, 74232, 73
2026/07/29 01:05:25.793, 302.78, 100, 74232, 73
2026/07/29 01:05:26.831, 303.78, 100, 74232, 73
2026/07/29 01:05:27.870, 301.54, 100, 74232, 73
2026/07/29 01:05:28.907, 301.84, 100, 74232, 73
2026/07/29 01:05:29.947, 300.48, 100, 74232, 73
2026/07/29 01:05:30.983, 290.92, 100, 74232, 73
2026/07/29 01:05:32.021, 295.20, 100, 74232, 73
2026/07/29 01:05:33.058, 295.19, 100, 74232, 73
2026/07/29 01:05:34.097, 300.85, 100, 74232, 73
2026/07/29 01:05:35.133, 299.78, 100, 74232, 73
2026/07/29 01:05:36.172, 298.03, 100, 74232, 73
2026/07/29 01:05:37.209, 302.67, 100, 74232, 73
2026/07/29 01:05:38.246, 304.56, 100, 74232, 73
2026/07/29 01:05:39.283, 302.59, 100, 74232, 73
2026/07/29 01:05:40.319, 302.63, 100, 74232, 73
2026/07/29 01:05:41.355, 303.88, 100, 74232, 73
2026/07/29 01:05:42.391, 295.50, 100, 74232, 73
2026/07/29 01:05:43.428, 292.00, 100, 74232, 73
2026/07/29 01:05:44.464, 294.15, 100, 74232, 73
2026/07/29 01:05:45.501, 295.10, 100, 74232, 73
2026/07/29 01:05:46.538, 293.07, 100, 74232, 73
2026/07/29 01:05:47.578, 294.24, 100, 74232, 73
2026/07/29 01:05:48.616, 301.92, 100, 74232, 73
2026/07/29 01:05:49.654, 302.58, 100, 74232, 73
2026/07/29 01:05:50.692, 295.12, 100, 74232, 73
2026/07/29 01:05:51.728, 301.25, 100, 74232, 73
2026/07/29 01:05:52.764, 298.83, 100, 74232, 73
2026/07/29 01:05:53.800, 300.44, 100, 74232, 73
2026/07/29 01:05:54.838, 301.44, 100, 74232, 73
2026/07/29 01:05:55.874, 302.39, 100, 74232, 73
2026/07/29 01:05:56.910, 304.07, 100, 74232, 73
2026/07/29 01:05:57.946, 301.57, 100, 74232, 73
2026/07/29 01:05:58.984, 301.25, 100, 74232, 73
2026/07/29 01:06:00.022, 301.94, 100, 74232, 73
2026/07/29 01:06:01.059, 302.20, 100, 74232, 73
2026/07/29 01:06:02.096, 301.64, 100, 74232, 73
2026/07/29 01:06:03.131, 300.75, 100, 74232, 73
2026/07/29 01:06:04.167, 302.22, 100, 74232, 73
2026/07/29 01:06:05.203, 303.78, 100, 74232, 73
2026/07/29 01:06:06.241, 301.64, 100, 74232, 73
2026/07/29 01:06:07.276, 301.93, 100, 74232, 73
2026/07/29 01:06:08.313, 300.73, 100, 74232, 73
2026/07/29 01:06:09.349, 300.34, 100, 74232, 73
2026/07/29 01:06:10.387, 301.82, 100, 74232, 73
2026/07/29 01:06:11.424, 301.63, 100, 74232, 73
2026/07/29 01:06:12.461, 302.98, 100, 74232, 73
2026/07/29 01:06:13.499, 300.86, 100, 74232, 73
2026/07/29 01:06:14.535, 304.18, 100, 74232, 73
2026/07/29 01:06:15.576, 300.06, 100, 74232, 73
2026/07/29 01:06:16.613, 301.44, 100, 74232, 73
2026/07/29 01:06:17.652, 302.75, 100, 74232, 73
2026/07/29 01:06:18.690, 301.65, 100, 74232, 73
2026/07/29 01:06:19.726, 300.44, 100, 74232, 73
2026/07/29 01:06:20.763, 302.70, 100, 74232, 73
2026/07/29 01:06:21.800, 300.69, 100, 74232, 73
2026/07/29 01:06:22.837, 302.03, 100, 74232, 73
2026/07/29 01:06:23.876, 303.21, 100, 74232, 73
2026/07/29 01:06:24.916, 302.71, 100, 74232, 73
2026/07/29 01:06:25.953, 301.05, 100, 74232, 73
2026/07/29 01:06:26.990, 301.80, 100, 74232, 72
2026/07/29 01:06:28.028, 293.26, 100, 74232, 72
2026/07/29 01:06:29.066, 297.25, 100, 74232, 72
2026/07/29 01:06:30.103, 290.54, 100, 74232, 72
2026/07/29 01:06:31.140, 294.33, 100, 74232, 72
2026/07/29 01:06:32.176, 293.07, 100, 74232, 72
2026/07/29 01:06:33.214, 293.46, 100, 74232, 72
2026/07/29 01:06:34.250, 292.89, 100, 74232, 72
2026/07/29 01:06:35.287, 293.27, 100, 74232, 72
2026/07/29 01:06:36.324, 305.50, 100, 74232, 73
2026/07/29 01:06:37.362, 302.42, 100, 74232, 72
2026/07/29 01:06:38.398, 300.35, 100, 74232, 72
2026/07/29 01:06:39.438, 303.96, 100, 74232, 72
2026/07/29 01:06:40.477, 299.03, 100, 74232, 72
2026/07/29 01:06:41.514, 290.82, 100, 74232, 72
2026/07/29 01:06:42.551, 297.57, 100, 74232, 72
2026/07/29 01:06:43.588, 295.75, 63, 74232, 74
2026/07/29 01:06:44.624, 291.05, 100, 74232, 74
2026/07/29 01:06:45.659, 307.44, 100, 74232, 74
2026/07/29 01:06:46.694, 293.06, 100, 74232, 74
2026/07/29 01:06:47.732, 298.28, 100, 74232, 74
2026/07/29 01:06:48.768, 306.10, 100, 74232, 74
2026/07/29 01:06:49.802, 316.79, 100, 74232, 74
2026/07/29 01:06:50.836, 301.82, 100, 74232, 73
2026/07/29 01:06:51.875, 301.93, 100, 74232, 72
2026/07/29 01:06:52.912, 301.93, 100, 74232, 73
2026/07/29 01:06:53.948, 302.52, 100, 74232, 73
2026/07/29 01:06:54.985, 100.03, 16, 74232, 70
2026/07/29 01:06:56.018, 293.64, 100, 74232, 74
2026/07/29 01:06:57.053, 280.31, 100, 74232, 74
2026/07/29 01:06:58.087, 294.34, 100, 74232, 74
2026/07/29 01:06:59.122, 293.86, 100, 74232, 74
2026/07/29 01:07:00.160, 276.07, 100, 74232, 74
2026/07/29 01:07:01.195, 283.37, 100, 74232, 74
2026/07/29 01:07:02.230, 294.72, 100, 74232, 75
2026/07/29 01:07:03.267, 303.86, 100, 74232, 73
2026/07/29 01:07:04.304, 298.33, 100, 74232, 73
2026/07/29 01:07:05.343, 295.29, 100, 74232, 73
2026/07/29 01:07:06.379, 287.71, 100, 74232, 73
2026/07/29 01:07:07.418, 287.53, 100, 74232, 73
2026/07/29 01:07:08.456, 294.45, 100, 74232, 73
2026/07/29 01:07:09.494, 292.28, 100, 74232, 73
2026/07/29 01:07:10.535, 100.13, 0, 74232, 70
2026/07/29 01:07:11.567, 299.48, 100, 74232, 75
2026/07/29 01:07:12.603, 305.36, 100, 74232, 75
2026/07/29 01:07:13.637, 296.58, 100, 74232, 75
2026/07/29 01:07:14.671, 299.90, 100, 74232, 75
2026/07/29 01:07:15.705, 299.58, 100, 74232, 75
2026/07/29 01:07:16.740, 300.25, 100, 74232, 75
2026/07/29 01:07:17.776, 290.22, 100, 74232, 75
2026/07/29 01:07:18.812, 303.26, 100, 74232, 73
2026/07/29 01:07:19.849, 303.77, 100, 74232, 73
2026/07/29 01:07:20.887, 304.75, 100, 74232, 73
2026/07/29 01:07:21.923, 168.96, 84, 74232, 72
2026/07/29 01:07:22.955, 296.98, 100, 74232, 74
2026/07/29 01:07:24.037, 293.87, 100, 74232, 75
2026/07/29 01:07:25.070, 298.18, 100, 74232, 75
2026/07/29 01:07:26.103, 287.04, 100, 74232, 75
2026/07/29 01:07:27.137, 292.37, 100, 74232, 75
2026/07/29 01:07:28.171, 269.56, 100, 74232, 75
2026/07/29 01:07:29.210, 319.44, 100, 74232, 75
2026/07/29 01:07:30.250, 302.51, 100, 74232, 73
2026/07/29 01:07:31.289, 303.26, 100, 74232, 73
2026/07/29 01:07:32.326, 302.82, 100, 74232, 73
2026/07/29 01:07:33.363, 305.04, 100, 74232, 73
2026/07/29 01:07:34.400, 303.85, 100, 74232, 73
2026/07/29 01:07:35.438, 303.87, 100, 74232, 74
2026/07/29 01:07:36.473, 102.31, 0, 74232, 71
2026/07/29 01:07:37.507, 301.74, 100, 74232, 74
2026/07/29 01:07:38.546, 287.72, 100, 74232, 73
2026/07/29 01:07:39.584, 295.23, 100, 74232, 73
2026/07/29 01:07:40.622, 294.81, 100, 74232, 73
2026/07/29 01:07:41.663, 295.03, 100, 74232, 73
2026/07/29 01:07:42.701, 295.32, 100, 74232, 73
2026/07/29 01:07:43.738, 295.49, 100, 74232, 73
2026/07/29 01:07:44.775, 294.62, 100, 74232, 73
2026/07/29 01:07:45.811, 300.67, 100, 74232, 73
2026/07/29 01:07:46.850, 304.96, 100, 74232, 73
2026/07/29 01:07:47.887, 301.21, 100, 74232, 73
2026/07/29 01:07:48.924, 303.59, 100, 74232, 73
2026/07/29 01:07:49.962, 303.50, 100, 74232, 73
2026/07/29 01:07:51.000, 302.81, 100, 74232, 73
2026/07/29 01:07:52.038, 302.19, 100, 74232, 73
2026/07/29 01:07:53.076, 304.26, 100, 74232, 73
2026/07/29 01:07:54.116, 301.64, 100, 74232, 73
2026/07/29 01:07:55.153, 302.72, 100, 74232, 73
2026/07/29 01:07:56.189, 302.19, 100, 74232, 73
2026/07/29 01:07:57.227, 303.59, 100, 74232, 73
2026/07/29 01:07:58.264, 302.67, 100, 74232, 73
2026/07/29 01:07:59.302, 301.21, 100, 74232, 73
2026/07/29 01:08:00.342, 296.77, 100, 74232, 73
2026/07/29 01:08:01.379, 293.36, 100, 74232, 73
2026/07/29 01:08:02.417, 291.61, 100, 74232, 73
2026/07/29 01:08:03.455, 294.04, 100, 74232, 73
2026/07/29 01:08:04.493, 293.95, 100, 74232, 73
2026/07/29 01:08:05.530, 294.14, 100, 74232, 73
2026/07/29 01:08:06.569, 291.30, 100, 74232, 73
2026/07/29 01:08:07.605, 304.64, 100, 74232, 73
2026/07/29 01:08:08.642, 300.95, 100, 74232, 73
2026/07/29 01:08:09.679, 301.06, 100, 74232, 73
2026/07/29 01:08:10.715, 302.52, 100, 74232, 73
2026/07/29 01:08:11.751, 302.39, 100, 74232, 73
2026/07/29 01:08:12.787, 304.66, 100, 74232, 73
2026/07/29 01:08:13.824, 302.58, 100, 74232, 73
2026/07/29 01:08:14.864, 294.92, 100, 74232, 73
2026/07/29 01:08:15.902, 293.75, 100, 74232, 73
2026/07/29 01:08:16.940, 290.84, 100, 74232, 73
2026/07/29 01:08:17.979, 302.03, 100, 74232, 73
2026/07/29 01:08:19.016, 300.97, 100, 74232, 73
2026/07/29 01:08:20.057, 291.80, 100, 74232, 73
2026/07/29 01:08:21.095, 297.83, 100, 74232, 73
2026/07/29 01:08:22.131, 296.68, 100, 74232, 73
2026/07/29 01:08:23.170, 296.58, 100, 74232, 73
2026/07/29 01:08:24.207, 302.34, 100, 74232, 73
2026/07/29 01:08:25.246, 302.32, 100, 74232, 73
2026/07/29 01:08:26.282, 302.13, 100, 74232, 73
2026/07/29 01:08:27.319, 300.85, 100, 74232, 73
2026/07/29 01:08:28.355, 301.93, 100, 74232, 73
2026/07/29 01:08:29.391, 301.91, 100, 74232, 73
2026/07/29 01:08:30.429, 302.22, 100, 74232, 73
2026/07/29 01:08:31.466, 301.74, 100, 74232, 73
2026/07/29 01:08:32.505, 300.95, 100, 74232, 73
2026/07/29 01:08:33.541, 302.03, 100, 74232, 73
2026/07/29 01:08:34.576, 301.54, 100, 74232, 73
2026/07/29 01:08:35.614, 302.70, 100, 74232, 73
2026/07/29 01:08:36.652, 302.10, 100, 74232, 73
2026/07/29 01:08:37.688, 302.02, 100, 74232, 73
2026/07/29 01:08:38.726, 302.61, 100, 74232, 73
2026/07/29 01:08:39.763, 301.35, 100, 74232, 73
2026/07/29 01:08:40.799, 300.75, 100, 74232, 73
2026/07/29 01:08:41.836, 301.12, 100, 74232, 73
2026/07/29 01:08:42.872, 300.76, 100, 74232, 73
2026/07/29 01:08:43.909, 302.03, 100, 74232, 73
2026/07/29 01:08:44.946, 295.03, 100, 74232, 73
2026/07/29 01:08:45.984, 303.10, 100, 74232, 73
2026/07/29 01:08:47.020, 300.36, 100, 74232, 73
2026/07/29 01:08:48.059, 293.74, 100, 74232, 73
2026/07/29 01:08:49.096, 301.46, 100, 74232, 73
2026/07/29 01:08:50.134, 301.44, 100, 74232, 73
2026/07/29 01:08:51.172, 302.03, 100, 74232, 73
2026/07/29 01:08:52.209, 301.36, 100, 74232, 73
2026/07/29 01:08:53.246, 300.68, 100, 74232, 73
2026/07/29 01:08:54.282, 301.98, 100, 74232, 73
2026/07/29 01:08:55.320, 301.74, 100, 74232, 73
2026/07/29 01:08:56.357, 302.05, 100, 74232, 73
2026/07/29 01:08:57.395, 300.65, 100, 74232, 73
2026/07/29 01:08:58.432, 295.51, 100, 74232, 73
2026/07/29 01:08:59.469, 296.09, 100, 74232, 72
2026/07/29 01:09:00.506, 294.91, 100, 74232, 72
2026/07/29 01:09:01.544, 291.91, 100, 74232, 72
2026/07/29 01:09:02.581, 293.94, 100, 74232, 72
2026/07/29 01:09:03.617, 294.34, 100, 74232, 72
2026/07/29 01:09:04.654, 293.46, 100, 74232, 72
2026/07/29 01:09:05.691, 301.45, 100, 74232, 73
2026/07/29 01:09:06.730, 301.55, 100, 74232, 73
2026/07/29 01:09:07.767, 302.71, 100, 74232, 73
2026/07/29 01:09:08.804, 303.83, 100, 74232, 73
2026/07/29 01:09:09.841, 295.69, 100, 74232, 72
2026/07/29 01:09:10.877, 292.58, 100, 74232, 72
2026/07/29 01:09:11.914, 289.95, 100, 74232, 72
2026/07/29 01:09:12.952, 293.17, 100, 74232, 72
2026/07/29 01:09:13.989, 293.25, 100, 74232, 72
2026/07/29 01:09:15.026, 294.55, 100, 74232, 72
2026/07/29 01:09:16.064, 297.64, 100, 74232, 74
2026/07/29 01:09:17.097, 290.77, 100, 74232, 74
2026/07/29 01:09:18.131, 279.33, 100, 74232, 74
2026/07/29 01:09:19.166, 277.79, 100, 74232, 74
2026/07/29 01:09:20.200, 264.93, 100, 74232, 74
2026/07/29 01:09:21.234, 302.41, 100, 74232, 72
2026/07/29 01:09:22.271, 300.76, 100, 74232, 72
2026/07/29 01:09:23.309, 303.08, 100, 74232, 72
2026/07/29 01:09:24.346, 302.81, 100, 74232, 72
2026/07/29 01:09:25.382, 301.93, 100, 74232, 73
2026/07/29 01:09:26.419, 302.22, 100, 74232, 73
2026/07/29 01:09:27.456, 304.46, 100, 74232, 73
2026/07/29 01:09:28.492, 301.73, 100, 74232, 73
2026/07/29 01:09:29.529, 302.02, 100, 74232, 73
2026/07/29 01:09:30.566, 301.35, 100, 74232, 73
2026/07/29 01:09:31.603, 100.42, 0, 74232, 70
2026/07/29 01:09:32.635, 295.23, 100, 74232, 74
2026/07/29 01:09:33.670, 302.13, 100, 74232, 74
2026/07/29 01:09:34.703, 296.58, 100, 74232, 74
2026/07/29 01:09:35.737, 302.01, 100, 74232, 74
2026/07/29 01:09:36.770, 283.72, 100, 74232, 74
2026/07/29 01:09:37.805, 296.09, 100, 74232, 72
2026/07/29 01:09:38.841, 294.16, 100, 74232, 72
2026/07/29 01:09:39.884, 298.13, 100, 74232, 72
2026/07/29 01:09:40.921, 301.62, 100, 74232, 73
2026/07/29 01:09:41.958, 302.03, 100, 74232, 73
2026/07/29 01:09:42.997, 300.85, 100, 74232, 73
2026/07/29 01:09:44.033, 301.71, 100, 74232, 73
2026/07/29 01:09:45.068, 302.70, 100, 74232, 73
2026/07/29 01:09:46.101, 298.23, 100, 74232, 74
2026/07/29 01:09:47.136, 294.14, 100, 74232, 74
2026/07/29 01:09:48.171, 298.73, 100, 74232, 74
2026/07/29 01:09:49.210, 323.45, 100, 74232, 75
2026/07/29 01:09:50.246, 296.28, 100, 74232, 75
2026/07/29 01:09:51.282, 264.46, 100, 74232, 75
2026/07/29 01:09:52.326, 303.11, 100, 74232, 73
2026/07/29 01:09:53.364, 304.65, 100, 74232, 73
2026/07/29 01:09:54.401, 302.91, 100, 74232, 73
2026/07/29 01:09:55.439, 303.27, 100, 74232, 73
2026/07/29 01:09:56.476, 99.96, 0, 74232, 70
2026/07/29 01:09:57.510, 292.60, 100, 74232, 74
2026/07/29 01:09:58.546, 304.63, 100, 74232, 75
2026/07/29 01:09:59.581, 293.82, 100, 74232, 75
2026/07/29 01:10:00.616, 293.13, 100, 74232, 75
2026/07/29 01:10:01.653, 274.91, 100, 74232, 75
2026/07/29 01:10:02.694, 285.95, 100, 74232, 73
2026/07/29 01:10:03.732, 286.45, 100, 74232, 73
2026/07/29 01:10:04.770, 293.55, 100, 74232, 73
2026/07/29 01:10:05.807, 294.44, 100, 74232, 73
2026/07/29 01:10:06.843, 302.01, 100, 74232, 73
2026/07/29 01:10:07.880, 298.44, 100, 74232, 73
2026/07/29 01:10:08.916, 296.17, 100, 74232, 73
2026/07/29 01:10:09.953, 302.70, 100, 74232, 73
2026/07/29 01:10:10.990, 300.57, 100, 74232, 73
2026/07/29 01:10:12.028, 303.28, 100, 74232, 73
2026/07/29 01:10:13.065, 100.39, 75, 74232, 72
2026/07/29 01:10:14.099, 99.14, 0, 74232, 70
2026/07/29 01:10:15.131, 292.98, 100, 74232, 74
2026/07/29 01:10:16.168, 299.75, 100, 74232, 74
2026/07/29 01:10:17.208, 310.77, 100, 74232, 74
2026/07/29 01:10:18.244, 309.74, 100, 74232, 74
2026/07/29 01:10:19.282, 273.92, 100, 74232, 74
2026/07/29 01:10:20.317, 304.54, 100, 74232, 74
2026/07/29 01:10:21.353, 302.62, 100, 74232, 73
2026/07/29 01:10:22.392, 301.51, 100, 74232, 73
2026/07/29 01:10:23.428, 304.63, 100, 74232, 73
2026/07/29 01:10:24.464, 302.31, 100, 74232, 73
2026/07/29 01:10:25.505, 301.32, 100, 74232, 73
2026/07/29 01:10:26.541, 302.33, 100, 74232, 73
2026/07/29 01:10:27.579, 302.52, 100, 74232, 73
2026/07/29 01:10:28.617, 303.78, 100, 74232, 73
2026/07/29 01:10:29.656, 295.10, 100, 74232, 73
2026/07/29 01:10:30.694, 292.37, 100, 74232, 73
2026/07/29 01:10:31.731, 99.93, 0, 74232, 70
2026/07/29 01:10:32.764, 289.65, 100, 74232, 74
2026/07/29 01:10:33.804, 293.57, 100, 74232, 74
2026/07/29 01:10:34.838, 295.71, 100, 74232, 74
2026/07/29 01:10:35.873, 287.65, 100, 74232, 74
2026/07/29 01:10:36.913, 286.83, 100, 74232, 74
2026/07/29 01:10:37.948, 292.89, 100, 74232, 74
2026/07/29 01:10:38.982, 301.81, 100, 74232, 73
2026/07/29 01:10:40.019, 302.41, 100, 74232, 73
2026/07/29 01:10:41.055, 301.66, 100, 74232, 73
2026/07/29 01:10:42.092, 303.00, 100, 74232, 73
2026/07/29 01:10:43.129, 302.90, 100, 74232, 73
2026/07/29 01:10:44.165, 303.58, 100, 74232, 73
2026/07/29 01:10:45.201, 295.70, 100, 74232, 73
2026/07/29 01:10:46.237, 302.03, 100, 74232, 73
2026/07/29 01:10:47.279, 297.56, 100, 74232, 73
2026/07/29 01:10:48.316, 296.46, 100, 74232, 73
2026/07/29 01:10:49.353, 296.88, 100, 74232, 73
2026/07/29 01:10:50.390, 295.51, 100, 74232, 73
2026/07/29 01:10:51.427, 295.99, 100, 74232, 73
2026/07/29 01:10:52.464, 295.42, 100, 74232, 72
2026/07/29 01:10:53.497, 303.21, 96, 74232, 75
2026/07/29 01:10:54.532, 292.78, 100, 74232, 75
2026/07/29 01:10:55.565, 296.86, 100, 74232, 74
2026/07/29 01:10:56.599, 277.40, 100, 74232, 75
2026/07/29 01:10:57.634, 294.50, 100, 74232, 75
2026/07/29 01:10:58.668, 311.05, 100, 74232, 74
2026/07/29 01:10:59.709, 266.11, 100, 74232, 73
2026/07/29 01:11:00.749, 287.50, 100, 74232, 73
2026/07/29 01:11:01.787, 284.89, 100, 74232, 73
2026/07/29 01:11:02.822, 300.48, 100, 74232, 73
2026/07/29 01:11:03.858, 295.22, 100, 74232, 73
2026/07/29 01:11:04.898, 302.62, 100, 74232, 73
2026/07/29 01:11:05.934, 302.96, 100, 74232, 73
2026/07/29 01:11:06.972, 303.97, 100, 74232, 73
2026/07/29 01:11:08.008, 100.29, 0, 74232, 70
2026/07/29 01:11:09.041, 299.75, 100, 74232, 74
2026/07/29 01:11:10.075, 288.67, 100, 74232, 75
2026/07/29 01:11:11.109, 284.76, 100, 74232, 75
2026/07/29 01:11:12.143, 316.58, 100, 74232, 75
2026/07/29 01:11:13.178, 324.62, 100, 74232, 75
2026/07/29 01:11:14.219, 275.28, 100, 74232, 75
2026/07/29 01:11:15.255, 303.40, 100, 74232, 73
2026/07/29 01:11:16.292, 302.31, 100, 74232, 73
2026/07/29 01:11:17.330, 306.99, 100, 74232, 73
2026/07/29 01:11:18.368, 302.97, 100, 74232, 72
2026/07/29 01:11:19.402, 302.37, 100, 74232, 74
2026/07/29 01:11:20.437, 304.76, 100, 74232, 75
2026/07/29 01:11:21.474, 297.33, 100, 74232, 75
2026/07/29 01:11:22.511, 300.09, 100, 74232, 75
2026/07/29 01:11:23.547, 298.47, 100, 74232, 75
2026/07/29 01:11:24.585, 307.58, 100, 74232, 75
2026/07/29 01:11:25.618, 279.47, 100, 74232, 75
2026/07/29 01:11:26.653, 295.41, 100, 74232, 73
2026/07/29 01:11:27.692, 295.80, 100, 74232, 73
2026/07/29 01:11:28.728, 292.11, 100, 74232, 73
2026/07/29 01:11:29.765, 295.69, 100, 74232, 73
2026/07/29 01:11:30.803, 102.01, 0, 74232, 71
2026/07/29 01:11:31.835, 305.52, 100, 74232, 75
2026/07/29 01:11:32.870, 288.04, 100, 74232, 75
2026/07/29 01:11:33.905, 294.44, 100, 74232, 75
2026/07/29 01:11:34.941, 283.28, 100, 74232, 75
2026/07/29 01:11:35.974, 299.00, 100, 74232, 75
2026/07/29 01:11:37.008, 279.02, 100, 74232, 75
2026/07/29 01:11:38.041, 289.93, 100, 74232, 75
2026/07/29 01:11:39.075, 299.70, 100, 74232, 73
2026/07/29 01:11:40.112, 288.87, 100, 74232, 73
2026/07/29 01:11:41.149, 289.07, 100, 74232, 73
2026/07/29 01:11:42.187, 294.80, 100, 74232, 73
2026/07/29 01:11:43.223, 100.52, 21, 74232, 71
2026/07/29 01:11:44.256, 309.53, 0, 74232, 74
2026/07/29 01:11:45.291, 299.30, 100, 74232, 75
2026/07/29 01:11:46.325, 297.82, 100, 74232, 75
2026/07/29 01:11:47.362, 290.57, 100, 74232, 75
2026/07/29 01:11:48.397, 297.05, 100, 74232, 75
2026/07/29 01:11:49.431, 295.81, 100, 74232, 75
2026/07/29 01:11:50.465, 288.43, 100, 74232, 75
2026/07/29 01:11:51.499, 303.29, 100, 74232, 73
2026/07/29 01:11:52.536, 301.43, 100, 74232, 73
2026/07/29 01:11:53.576, 298.32, 100, 74232, 73
2026/07/29 01:11:54.612, 296.77, 100, 74232, 73
2026/07/29 01:11:55.649, 298.13, 100, 74232, 74
2026/07/29 01:11:56.685, 296.78, 100, 74232, 74
2026/07/29 01:11:57.723, 97.58, 55, 74232, 71
2026/07/29 01:11:58.755, 99.57, 0, 74232, 70
2026/07/29 01:11:59.786, 303.98, 100, 74232, 73
2026/07/29 01:12:00.825, 303.38, 100, 74232, 73
2026/07/29 01:12:01.861, 303.08, 100, 74232, 73
2026/07/29 01:12:02.897, 303.88, 100, 74232, 73
2026/07/29 01:12:03.933, 298.78, 100, 74232, 73
2026/07/29 01:12:04.970, 299.69, 100, 74232, 73
2026/07/29 01:12:06.007, 305.18, 100, 74232, 73
2026/07/29 01:12:07.043, 302.03, 100, 74232, 74
2026/07/29 01:12:08.080, 302.31, 100, 74232, 74
2026/07/29 01:12:09.116, 304.18, 100, 74232, 74
2026/07/29 01:12:10.153, 302.91, 100, 74232, 74
2026/07/29 01:12:11.189, 301.89, 100, 74232, 74
2026/07/29 01:12:12.227, 303.93, 100, 74232, 74
2026/07/29 01:12:13.263, 302.51, 100, 74232, 74
2026/07/29 01:12:14.302, 302.11, 100, 74232, 74
2026/07/29 01:12:15.340, 297.53, 100, 74232, 74
2026/07/29 01:12:16.377, 294.43, 100, 74232, 73
2026/07/29 01:12:17.414, 299.67, 100, 74232, 73
2026/07/29 01:12:18.451, 297.75, 100, 74232, 73
2026/07/29 01:12:19.487, 294.63, 100, 74232, 73
2026/07/29 01:12:20.523, 293.47, 100, 74232, 73
2026/07/29 01:12:21.561, 294.14, 100, 74232, 73
2026/07/29 01:12:22.597, 296.86, 100, 74232, 73
2026/07/29 01:12:23.634, 295.70, 100, 74232, 73
2026/07/29 01:12:24.672, 295.20, 100, 74232, 73
2026/07/29 01:12:25.709, 294.06, 100, 74232, 73
2026/07/29 01:12:26.745, 294.82, 100, 74232, 73
2026/07/29 01:12:27.782, 295.79, 100, 74232, 73
2026/07/29 01:12:28.818, 295.69, 100, 74232, 73
2026/07/29 01:12:29.855, 295.79, 100, 74232, 73
2026/07/29 01:12:30.894, 294.61, 100, 74232, 73
2026/07/29 01:12:31.932, 295.10, 100, 74232, 73
2026/07/29 01:12:32.971, 295.41, 100, 74232, 73
2026/07/29 01:12:34.010, 293.26, 100, 74232, 73
2026/07/29 01:12:35.046, 302.03, 100, 74232, 73
2026/07/29 01:12:36.084, 298.13, 100, 74232, 73
2026/07/29 01:12:37.121, 298.43, 100, 74232, 73
2026/07/29 01:12:38.161, 302.99, 100, 74232, 73
2026/07/29 01:12:39.199, 303.87, 100, 74232, 73
2026/07/29 01:12:40.237, 300.57, 100, 74232, 73
2026/07/29 01:12:41.277, 301.13, 100, 74232, 73
2026/07/29 01:12:42.315, 305.64, 100, 74232, 73
2026/07/29 01:12:43.353, 302.39, 100, 74232, 73
2026/07/29 01:12:44.391, 302.22, 100, 74232, 73
2026/07/29 01:12:45.429, 302.01, 100, 74232, 73
2026/07/29 01:12:46.466, 302.04, 100, 74232, 73
2026/07/29 01:12:47.506, 301.22, 100, 74232, 73
2026/07/29 01:12:48.544, 300.83, 100, 74232, 73
2026/07/29 01:12:49.584, 302.59, 100, 74232, 73
2026/07/29 01:12:50.623, 302.91, 100, 74232, 73
2026/07/29 01:12:51.660, 301.83, 100, 74232, 73
2026/07/29 01:12:52.704, 298.13, 100, 74232, 73
2026/07/29 01:12:53.742, 302.03, 100, 74232, 73
2026/07/29 01:12:54.780, 290.23, 100, 74232, 73
2026/07/29 01:12:55.817, 291.02, 100, 74232, 73
2026/07/29 01:12:56.863, 294.83, 100, 74232, 73
2026/07/29 01:12:57.905, 300.96, 100, 74232, 73
2026/07/29 01:12:58.943, 300.08, 100, 74232, 73
2026/07/29 01:12:59.986, 299.81, 100, 74232, 73
2026/07/29 01:13:01.024, 300.96, 100, 74232, 73
2026/07/29 01:13:02.061, 300.85, 100, 74232, 73
2026/07/29 01:13:03.098, 302.51, 100, 74232, 73
2026/07/29 01:13:04.135, 301.54, 100, 74232, 73
2026/07/29 01:13:05.173, 301.94, 100, 74232, 73
2026/07/29 01:13:06.211, 303.30, 100, 74232, 73
2026/07/29 01:13:07.251, 296.57, 100, 74232, 73
2026/07/29 01:13:08.287, 296.58, 100, 74232, 73
2026/07/29 01:13:09.323, 295.24, 100, 74232, 73
2026/07/29 01:13:10.359, 301.54, 100, 74232, 73
2026/07/29 01:13:11.399, 292.86, 100, 74232, 73
2026/07/29 01:13:12.436, 293.73, 100, 74232, 73
2026/07/29 01:13:13.474, 300.85, 100, 74232, 73
2026/07/29 01:13:14.512, 301.91, 100, 74232, 73
2026/07/29 01:13:15.549, 300.38, 100, 74232, 73
2026/07/29 01:13:16.588, 299.00, 100, 74232, 73
2026/07/29 01:13:17.624, 302.78, 100, 74232, 73
2026/07/29 01:13:18.661, 301.06, 100, 74232, 73
2026/07/29 01:13:19.697, 301.70, 100, 74232, 73
2026/07/29 01:13:20.739, 297.27, 100, 74232, 73
2026/07/29 01:13:21.777, 293.66, 100, 74232, 73
2026/07/29 01:13:22.814, 294.14, 100, 74232, 73
2026/07/29 01:13:23.853, 294.04, 100, 74232, 73
2026/07/29 01:13:24.889, 294.62, 100, 74232, 73
2026/07/29 01:13:25.925, 293.18, 100, 74232, 73
2026/07/29 01:13:26.962, 300.54, 100, 74232, 73
2026/07/29 01:13:27.999, 304.43, 100, 74232, 73
2026/07/29 01:13:29.037, 302.04, 92, 74232, 74
2026/07/29 01:13:30.070, 290.52, 100, 74232, 74
2026/07/29 01:13:31.103, 295.40, 100, 74232, 74
2026/07/29 01:13:32.138, 300.94, 100, 74232, 74
2026/07/29 01:13:33.177, 296.05, 100, 74232, 75
2026/07/29 01:13:34.211, 317.44, 100, 74232, 74
2026/07/29 01:13:35.245, 287.33, 100, 74232, 73
2026/07/29 01:13:36.283, 287.02, 100, 74232, 72
2026/07/29 01:13:37.321, 291.69, 100, 74232, 73
2026/07/29 01:13:38.363, 291.02, 100, 74232, 73
2026/07/29 01:13:39.401, 286.93, 100, 74232, 73
2026/07/29 01:13:40.441, 296.46, 100, 74232, 73
2026/07/29 01:13:41.476, 99.25, 0, 74232, 70
2026/07/29 01:13:42.510, 288.78, 100, 74232, 74
2026/07/29 01:13:43.549, 297.55, 100, 74232, 74
2026/07/29 01:13:44.585, 303.80, 100, 74232, 74
2026/07/29 01:13:45.619, 309.49, 100, 74232, 74
2026/07/29 01:13:46.656, 283.50, 100, 74232, 74
2026/07/29 01:13:47.694, 312.02, 100, 74232, 75
2026/07/29 01:13:48.728, 272.51, 100, 74232, 73
2026/07/29 01:13:49.765, 283.42, 100, 74232, 72
2026/07/29 01:13:50.803, 287.23, 100, 74232, 72
2026/07/29 01:13:51.845, 295.22, 100, 74232, 73
2026/07/29 01:13:52.883, 296.59, 100, 74232, 73
2026/07/29 01:13:53.922, 294.33, 100, 74232, 73
2026/07/29 01:13:54.960, 97.60, 0, 74232, 69
2026/07/29 01:13:55.997, 293.05, 100, 74232, 74
2026/07/29 01:13:57.033, 294.32, 100, 74232, 74
2026/07/29 01:13:58.068, 301.90, 100, 74232, 74
2026/07/29 01:13:59.102, 302.12, 100, 74232, 74
2026/07/29 01:14:00.137, 315.57, 100, 74232, 74
2026/07/29 01:14:01.178, 269.66, 100, 74232, 74
2026/07/29 01:14:02.222, 269.15, 100, 74232, 72
2026/07/29 01:14:03.259, 291.22, 100, 74232, 72
2026/07/29 01:14:04.296, 296.46, 100, 74232, 73
2026/07/29 01:14:05.334, 294.43, 100, 74232, 73
2026/07/29 01:14:06.372, 296.18, 100, 74232, 73
2026/07/29 01:14:07.409, 296.37, 69, 74232, 74
2026/07/29 01:14:08.445, 295.89, 100, 74232, 75
2026/07/29 01:14:09.480, 286.76, 100, 74232, 75
2026/07/29 01:14:10.516, 289.98, 100, 74232, 75
2026/07/29 01:14:11.549, 292.49, 100, 74232, 75
2026/07/29 01:14:12.583, 273.08, 100, 74232, 75
2026/07/29 01:14:13.617, 310.47, 100, 74232, 75
2026/07/29 01:14:14.652, 304.84, 100, 74232, 73
2026/07/29 01:14:15.689, 302.92, 100, 74232, 73
2026/07/29 01:14:16.726, 302.87, 100, 74232, 73
2026/07/29 01:14:17.764, 303.16, 100, 74232, 73
2026/07/29 01:14:18.800, 296.98, 100, 74232, 73
2026/07/29 01:14:19.837, 304.46, 100, 74232, 73
2026/07/29 01:14:20.873, 296.48, 100, 74232, 74
2026/07/29 01:14:21.909, 297.07, 100, 74232, 74
2026/07/29 01:14:22.947, 303.88, 100, 74232, 74
2026/07/29 01:14:23.983, 304.17, 100, 74232, 74
2026/07/29 01:14:25.020, 296.58, 100, 74232, 74
2026/07/29 01:14:26.056, 296.30, 100, 74232, 74
2026/07/29 01:14:27.095, 293.27, 100, 74232, 74
2026/07/29 01:14:28.131, 101.60, 51, 74232, 71
2026/07/29 01:14:29.164, 99.83, 0, 74232, 70
2026/07/29 01:14:30.195, 98.85, 0, 74232, 69
2026/07/29 01:14:31.227, 98.09, 0, 74232, 69
2026/07/29 01:14:32.259, 97.21, 0, 74232, 68
2026/07/29 01:14:33.291, 96.57, 0, 74232, 67
2026/07/29 01:14:34.322, 95.92, 0, 74232, 67
2026/07/29 01:14:35.354, 95.40, 0, 74232, 66
2026/07/29 01:14:36.386, 94.64, 0, 74232, 66
2026/07/29 01:14:37.416, 94.05, 0, 74232, 66
2026/07/29 01:14:38.448, 92.86, 0, 74232, 65
2026/07/29 01:14:39.507, 93.00, 0, 74232, 65
2026/07/29 01:14:40.539, 93.25, 0, 74232, 64
2026/07/29 01:14:41.570, 90.94, 0, 74232, 64
2026/07/29 01:14:42.600, 91.17, 0, 74232, 64
2026/07/29 01:14:43.630, 90.97, 0, 74232, 63
2026/07/29 01:14:44.661, 90.26, 0, 74232, 63
2026/07/29 01:14:45.693, 90.19, 0, 74232, 63
2026/07/29 01:14:46.726, 90.07, 0, 74232, 63
2026/07/29 01:14:47.757, 88.72, 0, 74232, 62
2026/07/29 01:14:48.787, 89.04, 0, 74232, 62
2026/07/29 01:14:49.817, 89.18, 0, 74232, 62
2026/07/29 01:14:50.846, 88.79, 0, 74232, 61
2026/07/29 01:14:51.877, 88.34, 0, 74232, 61
2026/07/29 01:14:52.907, 88.14, 0, 74232, 61
2026/07/29 01:14:53.937, 87.74, 0, 74232, 61
2026/07/29 01:14:54.968, 87.45, 0, 74232, 60
2026/07/29 01:14:55.998, 87.21, 0, 74232, 60
2026/07/29 01:14:57.030, 331.52, 80, 74232, 65
2026/07/29 01:14:58.065, 297.79, 100, 74232, 66
2026/07/29 01:14:59.098, 308.28, 100, 74232, 66
2026/07/29 01:15:00.131, 284.53, 100, 74232, 66
2026/07/29 01:15:01.168, 303.40, 100, 74232, 67
2026/07/29 01:15:02.204, 293.08, 100, 74232, 65
2026/07/29 01:15:03.240, 292.38, 100, 74232, 65
2026/07/29 01:15:04.283, 289.45, 100, 74232, 66
2026/07/29 01:15:05.321, 299.22, 100, 74232, 66
2026/07/29 01:15:06.359, 299.20, 100, 74232, 66
2026/07/29 01:15:07.398, 299.40, 100, 74232, 66
2026/07/29 01:15:08.434, 308.84, 100, 74232, 69
2026/07/29 01:15:09.489, 290.20, 100, 74232, 69
2026/07/29 01:15:10.524, 290.23, 100, 74232, 69
2026/07/29 01:15:11.558, 303.78, 100, 74232, 69
2026/07/29 01:15:12.592, 301.73, 100, 74232, 68
2026/07/29 01:15:13.630, 302.43, 100, 74232, 68
2026/07/29 01:15:14.667, 302.80, 100, 74232, 68
2026/07/29 01:15:15.704, 304.27, 100, 74232, 68
2026/07/29 01:15:16.743, 311.82, 100, 74232, 70
2026/07/29 01:15:17.779, 290.41, 100, 74232, 70
2026/07/29 01:15:18.813, 288.77, 100, 74232, 70
2026/07/29 01:15:19.847, 298.43, 100, 74232, 71
2026/07/29 01:15:20.883, 293.46, 100, 74232, 71
2026/07/29 01:15:21.918, 304.43, 100, 74232, 69
2026/07/29 01:15:22.956, 305.63, 100, 74232, 69
2026/07/29 01:15:23.994, 274.62, 100, 74232, 71
2026/07/29 01:15:25.031, 286.34, 100, 74232, 71
2026/07/29 01:15:26.066, 296.90, 100, 74232, 72
2026/07/29 01:15:27.099, 298.96, 100, 74232, 72
2026/07/29 01:15:28.134, 274.71, 100, 74232, 72
2026/07/29 01:15:29.168, 305.74, 100, 74232, 70
2026/07/29 01:15:30.205, 295.59, 100, 74232, 70
2026/07/29 01:15:31.242, 299.29, 100, 74232, 70
2026/07/29 01:15:32.278, 290.62, 100, 74232, 72
2026/07/29 01:15:33.313, 300.91, 100, 74232, 73
2026/07/29 01:15:34.352, 306.33, 100, 74232, 73
2026/07/29 01:15:35.386, 278.40, 100, 74232, 73
2026/07/29 01:15:36.421, 307.08, 100, 74232, 73
2026/07/29 01:15:37.456, 300.77, 100, 74232, 71
2026/07/29 01:15:38.493, 300.29, 100, 74232, 71
2026/07/29 01:15:39.530, 300.96, 100, 74232, 72
2026/07/29 01:15:40.566, 302.90, 100, 74232, 72
2026/07/29 01:15:41.603, 301.26, 100, 74232, 72
2026/07/29 01:15:42.638, 300.91, 100, 74232, 74
2026/07/29 01:15:43.671, 296.18, 100, 74232, 74
2026/07/29 01:15:44.705, 285.21, 100, 74232, 74
2026/07/29 01:15:45.744, 306.28, 100, 74232, 74
2026/07/29 01:15:46.779, 288.25, 100, 74232, 74
2026/07/29 01:15:47.813, 303.78, 100, 74232, 73
2026/07/29 01:15:48.850, 301.92, 100, 74232, 72
2026/07/29 01:15:49.887, 303.68, 100, 74232, 73
2026/07/29 01:15:50.923, 298.73, 100, 74232, 74
2026/07/29 01:15:51.958, 295.29, 100, 74232, 75
2026/07/29 01:15:52.992, 296.38, 100, 74232, 75
2026/07/29 01:15:54.028, 297.09, 100, 74232, 75
2026/07/29 01:15:55.062, 293.86, 100, 74232, 75
2026/07/29 01:15:56.096, 273.64, 100, 74232, 73
2026/07/29 01:15:57.132, 292.49, 100, 74232, 73
2026/07/29 01:15:58.168, 295.80, 100, 74232, 73
2026/07/29 01:15:59.204, 296.18, 100, 74232, 73
2026/07/29 01:16:00.241, 297.15, 100, 74232, 73
2026/07/29 01:16:01.279, 295.24, 100, 74232, 73
2026/07/29 01:16:02.315, 296.88, 100, 74232, 73
2026/07/29 01:16:03.352, 291.40, 100, 74232, 73
2026/07/29 01:16:04.387, 299.02, 100, 74232, 73
2026/07/29 01:16:05.423, 294.42, 100, 74232, 73
2026/07/29 01:16:06.461, 298.13, 100, 74232, 73
2026/07/29 01:16:07.498, 300.06, 67, 74232, 74
2026/07/29 01:16:08.534, 294.03, 100, 74232, 75
2026/07/29 01:16:09.573, 299.11, 100, 74232, 75
2026/07/29 01:16:10.608, 284.37, 100, 74232, 75
2026/07/29 01:16:11.643, 286.51, 100, 74232, 75
2026/07/29 01:16:12.678, 303.26, 100, 74232, 75
2026/07/29 01:16:13.718, 302.51, 100, 74232, 73
2026/07/29 01:16:14.756, 299.01, 100, 74232, 73
2026/07/29 01:16:15.793, 294.93, 100, 74232, 73
2026/07/29 01:16:16.832, 298.83, 33, 74232, 74
2026/07/29 01:16:17.869, 294.77, 100, 74232, 75
2026/07/29 01:16:18.904, 307.01, 100, 74232, 75
2026/07/29 01:16:19.939, 302.37, 100, 74232, 75
2026/07/29 01:16:20.977, 275.44, 100, 74232, 75
2026/07/29 01:16:22.013, 298.33, 100, 74232, 75
2026/07/29 01:16:23.049, 303.19, 100, 74232, 73
2026/07/29 01:16:24.087, 305.20, 100, 74232, 73
2026/07/29 01:16:25.123, 334.60, 94, 74232, 75
2026/07/29 01:16:26.164, 304.28, 100, 74232, 75
2026/07/29 01:16:27.199, 301.63, 100, 74232, 75
2026/07/29 01:16:28.232, 279.42, 100, 74232, 75
2026/07/29 01:16:29.267, 309.18, 100, 74232, 76
2026/07/29 01:16:30.303, 288.67, 100, 74232, 75
2026/07/29 01:16:31.341, 304.17, 100, 74232, 74
2026/07/29 01:16:32.378, 304.36, 100, 74232, 74
2026/07/29 01:16:33.415, 303.64, 100, 74232, 74
2026/07/29 01:16:34.453, 304.55, 100, 74232, 74
2026/07/29 01:16:35.489, 305.05, 100, 74232, 74
2026/07/29 01:16:36.527, 298.40, 100, 74232, 74
2026/07/29 01:16:37.563, 297.16, 100, 74232, 74
2026/07/29 01:16:38.599, 296.97, 100, 74232, 74
2026/07/29 01:16:39.635, 301.28, 100, 74232, 74
2026/07/29 01:16:40.672, 296.59, 100, 74232, 74
2026/07/29 01:16:41.708, 294.32, 100, 74232, 74
2026/07/29 01:16:42.749, 297.56, 100, 74232, 74
2026/07/29 01:16:43.785, 295.80, 100, 74232, 74
2026/07/29 01:16:44.822, 295.98, 100, 74232, 74
2026/07/29 01:16:45.858, 296.30, 100, 74232, 74
2026/07/29 01:16:46.897, 296.49, 100, 74232, 74
2026/07/29 01:16:47.933, 298.02, 100, 74232, 74
2026/07/29 01:16:48.970, 297.14, 100, 74232, 75
2026/07/29 01:16:50.004, 299.45, 100, 74232, 76
2026/07/29 01:16:51.041, 312.24, 100, 74232, 75
2026/07/29 01:16:52.075, 297.51, 100, 74232, 75
2026/07/29 01:16:53.110, 299.27, 100, 74232, 76
2026/07/29 01:16:54.144, 303.16, 100, 74232, 75
2026/07/29 01:16:55.186, 304.77, 100, 74232, 74
2026/07/29 01:16:56.223, 304.45, 100, 74232, 74
2026/07/29 01:16:57.259, 303.58, 100, 74232, 74
2026/07/29 01:16:58.296, 304.20, 100, 74232, 74
2026/07/29 01:16:59.332, 299.21, 100, 74232, 74
2026/07/29 01:17:00.369, 296.75, 100, 74232, 74
2026/07/29 01:17:01.405, 299.00, 100, 74232, 74
2026/07/29 01:17:02.442, 299.11, 100, 74232, 74
2026/07/29 01:17:03.482, 296.95, 100, 74232, 74
2026/07/29 01:17:04.522, 292.01, 100, 74232, 74
2026/07/29 01:17:05.558, 101.12, 0, 74232, 71
2026/07/29 01:17:06.591, 301.88, 100, 74232, 75
2026/07/29 01:17:07.627, 301.23, 100, 74232, 75
2026/07/29 01:17:08.665, 298.56, 100, 74232, 75
2026/07/29 01:17:09.699, 307.88, 100, 74232, 76
2026/07/29 01:17:10.734, 300.92, 100, 74232, 76
2026/07/29 01:17:11.769, 275.10, 100, 74232, 75
2026/07/29 01:17:12.807, 303.37, 100, 74232, 74
2026/07/29 01:17:13.844, 304.08, 100, 74232, 74
2026/07/29 01:17:14.881, 303.89, 100, 74232, 74
2026/07/29 01:17:15.918, 304.38, 100, 74232, 74
2026/07/29 01:17:16.955, 305.34, 100, 74232, 74
2026/07/29 01:17:17.992, 374.85, 38, 74232, 74
2026/07/29 01:17:19.026, 312.39, 100, 74232, 75
2026/07/29 01:17:20.060, 310.53, 100, 74232, 75
2026/07/29 01:17:21.096, 296.99, 100, 74232, 75
2026/07/29 01:17:22.131, 301.15, 100, 74232, 75
2026/07/29 01:17:23.166, 304.38, 100, 74232, 75
2026/07/29 01:17:24.200, 274.43, 100, 74232, 74
2026/07/29 01:17:25.238, 288.40, 100, 74232, 73
2026/07/29 01:17:26.279, 288.50, 100, 74232, 73
2026/07/29 01:17:27.316, 290.23, 100, 74232, 73
2026/07/29 01:17:28.354, 296.09, 100, 74232, 74
2026/07/29 01:17:29.392, 297.72, 77, 74232, 75
2026/07/29 01:17:30.429, 290.29, 100, 74232, 75
2026/07/29 01:17:31.463, 296.09, 100, 74232, 75
2026/07/29 01:17:32.498, 282.54, 100, 74232, 75
2026/07/29 01:17:33.535, 298.48, 100, 74232, 75
2026/07/29 01:17:34.569, 292.54, 100, 74232, 75
2026/07/29 01:17:35.604, 273.16, 100, 74232, 74
2026/07/29 01:17:36.640, 284.87, 100, 74232, 73
2026/07/29 01:17:37.679, 296.71, 100, 74232, 74
2026/07/29 01:17:38.716, 290.64, 100, 74232, 74
2026/07/29 01:17:39.752, 289.17, 100, 74232, 74
2026/07/29 01:17:40.789, 297.06, 100, 74232, 74
2026/07/29 01:17:41.826, 292.60, 100, 74232, 74
2026/07/29 01:17:42.864, 296.89, 100, 74232, 74
2026/07/29 01:17:43.900, 296.38, 100, 74232, 74
2026/07/29 01:17:44.937, 101.03, 0, 74232, 71
2026/07/29 01:17:45.969, 98.85, 0, 74232, 70
2026/07/29 01:17:47.014, 296.49, 100, 74232, 74
2026/07/29 01:17:48.049, 302.11, 100, 74232, 75
2026/07/29 01:17:49.082, 300.36, 100, 74232, 75
2026/07/29 01:17:50.116, 318.33, 100, 74232, 74
2026/07/29 01:17:51.149, 276.01, 100, 74232, 74
2026/07/29 01:17:52.183, 301.36, 100, 74232, 75
2026/07/29 01:17:53.217, 301.24, 100, 74232, 73
2026/07/29 01:17:54.255, 297.85, 100, 74232, 73
2026/07/29 01:17:55.290, 298.91, 100, 74232, 73
2026/07/29 01:17:56.329, 303.49, 100, 74232, 73
2026/07/29 01:17:57.366, 302.91, 100, 74232, 73
2026/07/29 01:17:58.402, 302.92, 100, 74232, 73
2026/07/29 01:17:59.437, 303.18, 100, 74232, 73
2026/07/29 01:18:00.475, 303.08, 100, 74232, 73
2026/07/29 01:18:01.511, 304.28, 100, 74232, 73
2026/07/29 01:18:02.547, 303.36, 100, 74232, 73
2026/07/29 01:18:03.584, 296.49, 100, 74232, 75
2026/07/29 01:18:04.619, 299.99, 100, 74232, 75
2026/07/29 01:18:05.652, 306.41, 100, 74232, 75
2026/07/29 01:18:06.687, 287.72, 100, 74232, 75
2026/07/29 01:18:07.723, 289.45, 100, 74232, 75
2026/07/29 01:18:08.760, 308.60, 100, 74232, 75
2026/07/29 01:18:09.796, 303.40, 100, 74232, 74
2026/07/29 01:18:10.836, 304.07, 100, 74232, 73
2026/07/29 01:18:11.874, 299.98, 100, 74232, 73
2026/07/29 01:18:12.910, 303.38, 100, 74232, 74
2026/07/29 01:18:13.947, 300.45, 100, 74232, 74
2026/07/29 01:18:14.984, 97.66, 42, 74232, 71
2026/07/29 01:18:16.017, 304.40, 100, 74232, 75
2026/07/29 01:18:17.056, 301.45, 100, 74232, 75
2026/07/29 01:18:18.090, 287.38, 100, 74232, 75
2026/07/29 01:18:19.125, 271.80, 100, 74232, 75
2026/07/29 01:18:20.160, 278.74, 100, 74232, 75
2026/07/29 01:18:21.195, 264.45, 100, 74232, 75
2026/07/29 01:18:22.230, 259.92, 100, 74232, 73
2026/07/29 01:18:23.270, 284.39, 100, 74232, 73
2026/07/29 01:18:24.305, 295.41, 100, 74232, 73
2026/07/29 01:18:25.342, 295.11, 100, 74232, 73
2026/07/29 01:18:26.378, 294.25, 100, 74232, 73
2026/07/29 01:18:27.414, 294.23, 100, 74232, 74
2026/07/29 01:18:28.450, 304.07, 100, 74232, 74
2026/07/29 01:18:29.488, 304.23, 100, 74232, 74
2026/07/29 01:18:30.526, 303.84, 100, 74232, 74
2026/07/29 01:18:31.563, 100.76, 0, 74232, 70
2026/07/29 01:18:32.597, 287.40, 100, 74232, 75
2026/07/29 01:18:33.633, 294.15, 100, 74232, 75
2026/07/29 01:18:34.672, 297.53, 100, 74232, 75
2026/07/29 01:18:35.708, 320.44, 100, 74232, 75
2026/07/29 01:18:36.743, 295.72, 100, 74232, 75
2026/07/29 01:18:37.778, 298.83, 100, 74232, 75
2026/07/29 01:18:38.812, 302.49, 100, 74232, 73
2026/07/29 01:18:39.849, 303.46, 100, 74232, 73
2026/07/29 01:18:40.885, 303.84, 100, 74232, 73
2026/07/29 01:18:41.924, 304.64, 100, 74232, 74
2026/07/29 01:18:42.961, 304.08, 100, 74232, 74
2026/07/29 01:18:43.999, 303.58, 100, 74232, 74
2026/07/29 01:18:45.035, 306.31, 100, 74232, 74
2026/07/29 01:18:46.075, 304.06, 100, 74232, 74
2026/07/29 01:18:47.113, 305.83, 100, 74232, 74
2026/07/29 01:18:48.151, 297.54, 100, 74232, 74
2026/07/29 01:18:49.187, 297.68, 100, 74232, 74
2026/07/29 01:18:50.225, 298.52, 100, 74232, 74
2026/07/29 01:18:51.265, 303.97, 100, 74232, 74
2026/07/29 01:18:52.302, 296.66, 100, 74232, 74
2026/07/29 01:18:53.340, 296.67, 100, 74232, 74
2026/07/29 01:18:54.376, 293.56, 100, 74232, 73
2026/07/29 01:18:55.413, 292.86, 100, 74232, 73
2026/07/29 01:18:56.451, 296.39, 100, 74232, 73
2026/07/29 01:18:57.488, 296.48, 100, 74232, 73
2026/07/29 01:18:58.528, 297.15, 100, 74232, 73
2026/07/29 01:18:59.565, 296.17, 100, 74232, 73
2026/07/29 01:19:00.601, 98.35, 77, 74232, 71
2026/07/29 01:19:01.635, 98.56, 0, 74232, 70
2026/07/29 01:19:02.669, 97.65, 0, 74232, 69
2026/07/29 01:19:03.700, 96.81, 0, 74232, 68
2026/07/29 01:19:04.731, 97.07, 0, 74232, 68
2026/07/29 01:19:05.763, 96.26, 0, 74232, 67
2026/07/29 01:19:06.795, 95.35, 0, 74232, 67
2026/07/29 01:19:07.826, 94.73, 0, 74232, 66
2026/07/29 01:19:08.858, 94.25, 0, 74232, 66
2026/07/29 01:19:09.890, 93.71, 0, 74232, 65
2026/07/29 01:19:10.922, 92.71, 0, 74232, 65
2026/07/29 01:19:11.953, 92.12, 0, 74232, 64
2026/07/29 01:19:12.987, 90.48, 0, 74232, 64
2026/07/29 01:19:14.019, 91.30, 0, 74232, 64
2026/07/29 01:19:15.050, 90.77, 0, 74232, 63
2026/07/29 01:19:16.081, 89.39, 0, 74232, 63
2026/07/29 01:19:17.111, 89.89, 0, 74232, 63
2026/07/29 01:19:18.142, 88.60, 0, 74232, 62
2026/07/29 01:19:19.172, 88.33, 0, 74232, 62
2026/07/29 01:19:20.203, 88.98, 0, 74232, 62
2026/07/29 01:19:21.236, 88.60, 0, 74232, 61
2026/07/29 01:19:22.267, 88.22, 0, 74232, 61
2026/07/29 01:19:23.297, 88.16, 0, 74232, 61
2026/07/29 01:19:24.329, 87.71, 0, 74232, 61
2026/07/29 01:19:25.359, 87.55, 0, 74232, 60
2026/07/29 01:19:26.389, 86.26, 0, 74232, 60
2026/07/29 01:19:27.421, 85.96, 0, 74232, 60
2026/07/29 01:19:28.454, 297.56, 100, 74232, 65
2026/07/29 01:19:29.488, 314.40, 100, 74232, 66
2026/07/29 01:19:30.522, 305.27, 100, 74232, 66
2026/07/29 01:19:31.555, 313.78, 100, 74232, 66
2026/07/29 01:19:32.597, 297.34, 100, 74232, 65
2026/07/29 01:19:33.632, 305.24, 100, 74232, 65
2026/07/29 01:19:34.670, 299.39, 100, 74232, 65
2026/07/29 01:19:35.705, 298.51, 100, 74232, 66
2026/07/29 01:19:36.745, 299.75, 100, 74232, 66
2026/07/29 01:19:37.784, 297.45, 100, 74232, 66
2026/07/29 01:19:38.821, 287.12, 100, 74232, 68
2026/07/29 01:19:39.856, 300.57, 100, 74232, 68
2026/07/29 01:19:40.890, 306.55, 100, 74232, 69
2026/07/29 01:19:41.924, 300.55, 100, 74232, 69
2026/07/29 01:19:42.958, 288.02, 100, 74232, 69
2026/07/29 01:19:44.008, 301.28, 100, 74232, 67
2026/07/29 01:19:45.046, 302.10, 100, 74232, 68
2026/07/29 01:19:46.082, 302.77, 100, 74232, 68
2026/07/29 01:19:47.122, 299.02, 100, 74232, 70
2026/07/29 01:19:48.155, 295.48, 100, 74232, 70
2026/07/29 01:19:49.191, 300.60, 100, 74232, 70
2026/07/29 01:19:50.226, 292.42, 100, 74232, 70
2026/07/29 01:19:51.260, 301.84, 100, 74232, 69
2026/07/29 01:19:52.298, 288.67, 100, 74232, 69
2026/07/29 01:19:53.336, 289.86, 100, 74232, 69
2026/07/29 01:19:54.374, 289.46, 100, 74232, 69
2026/07/29 01:19:55.412, 293.18, 100, 74232, 69
2026/07/29 01:19:56.452, 291.91, 100, 74232, 69
2026/07/29 01:19:57.491, 298.92, 100, 74232, 70
2026/07/29 01:19:58.530, 302.62, 100, 74232, 70
2026/07/29 01:19:59.570, 305.82, 100, 74232, 70
2026/07/29 01:20:00.603, 292.49, 100, 74232, 72
2026/07/29 01:20:01.638, 294.06, 100, 74232, 72
2026/07/29 01:20:02.676, 280.31, 100, 74232, 72
2026/07/29 01:20:03.711, 313.00, 100, 74232, 72
2026/07/29 01:20:04.749, 286.05, 100, 74232, 72
2026/07/29 01:20:05.785, 253.75, 100, 74232, 71
2026/07/29 01:20:06.824, 293.26, 100, 74232, 70
2026/07/29 01:20:07.862, 293.37, 100, 74232, 71
2026/07/29 01:20:08.900, 293.45, 100, 74232, 71
2026/07/29 01:20:09.940, 297.35, 100, 74232, 71
2026/07/29 01:20:10.977, 297.25, 100, 74232, 71
2026/07/29 01:20:12.017, 301.36, 100, 74232, 71
2026/07/29 01:20:13.054, 301.81, 100, 74232, 71
2026/07/29 01:20:14.090, 300.54, 100, 74232, 71
2026/07/29 01:20:15.127, 301.62, 100, 74232, 72
2026/07/29 01:20:16.163, 300.39, 100, 74232, 72
2026/07/29 01:20:17.201, 302.30, 100, 74232, 72
2026/07/29 01:20:18.238, 305.07, 100, 74232, 73
2026/07/29 01:20:19.274, 299.20, 100, 74232, 73
2026/07/29 01:20:20.308, 292.45, 100, 74232, 73
2026/07/29 01:20:21.342, 297.70, 100, 74232, 74
2026/07/29 01:20:22.382, 304.17, 100, 74232, 73
2026/07/29 01:20:23.417, 321.87, 100, 74232, 74
2026/07/29 01:20:24.451, 300.65, 100, 74232, 72
2026/07/29 01:20:25.488, 301.14, 100, 74232, 72
2026/07/29 01:20:26.524, 300.54, 100, 74232, 72
2026/07/29 01:20:27.562, 299.79, 100, 74232, 72
2026/07/29 01:20:28.599, 302.11, 100, 74232, 72
2026/07/29 01:20:29.635, 294.53, 100, 74232, 72
2026/07/29 01:20:30.672, 300.54, 100, 74232, 72
2026/07/29 01:20:31.712, 296.10, 100, 74232, 72
2026/07/29 01:20:32.749, 293.37, 100, 74232, 72
2026/07/29 01:20:33.786, 294.06, 100, 74232, 72
2026/07/29 01:20:34.824, 294.53, 100, 74232, 72
2026/07/29 01:20:35.862, 298.23, 100, 74232, 73
2026/07/29 01:20:36.899, 306.39, 100, 74232, 73
2026/07/29 01:20:37.935, 302.51, 100, 74232, 73
2026/07/29 01:20:38.972, 302.12, 100, 74232, 73
2026/07/29 01:20:40.009, 302.02, 100, 74232, 73
2026/07/29 01:20:41.045, 298.21, 100, 74232, 73
2026/07/29 01:20:42.081, 298.61, 100, 74232, 73
2026/07/29 01:20:43.121, 299.58, 100, 74232, 73
2026/07/29 01:20:44.157, 302.23, 100, 74232, 73
2026/07/29 01:20:45.196, 301.55, 100, 74232, 73
2026/07/29 01:20:46.233, 299.87, 100, 74232, 73
2026/07/29 01:20:47.271, 290.55, 100, 74232, 72
2026/07/29 01:20:48.309, 293.94, 100, 74232, 73
2026/07/29 01:20:49.348, 293.45, 100, 74232, 73
2026/07/29 01:20:50.385, 298.60, 100, 74232, 73
2026/07/29 01:20:51.423, 299.88, 100, 74232, 73
2026/07/29 01:20:52.459, 298.90, 100, 74232, 73
2026/07/29 01:20:53.496, 302.40, 100, 74232, 73
2026/07/29 01:20:54.535, 308.44, 90, 74232, 74
2026/07/29 01:20:55.569, 299.21, 100, 74232, 74
2026/07/29 01:20:56.604, 297.96, 100, 74232, 74
2026/07/29 01:20:57.638, 297.83, 100, 74232, 74
2026/07/29 01:20:58.673, 311.91, 100, 74232, 74
2026/07/29 01:20:59.709, 292.39, 100, 74232, 74
2026/07/29 01:21:00.742, 289.25, 100, 74232, 74
2026/07/29 01:21:01.778, 295.88, 100, 74232, 73
2026/07/29 01:21:02.815, 297.15, 100, 74232, 72
2026/07/29 01:21:03.854, 289.38, 100, 74232, 72
2026/07/29 01:21:04.892, 293.26, 100, 74232, 73
2026/07/29 01:21:05.930, 297.15, 100, 74232, 74
2026/07/29 01:21:06.965, 304.42, 100, 74232, 75
2026/07/29 01:21:07.998, 285.27, 100, 74232, 75
2026/07/29 01:21:09.033, 301.59, 100, 74232, 75
2026/07/29 01:21:10.070, 270.33, 100, 74232, 75
2026/07/29 01:21:11.103, 289.76, 100, 74232, 75
2026/07/29 01:21:12.138, 256.13, 100, 74232, 73
2026/07/29 01:21:13.175, 288.40, 100, 74232, 73
2026/07/29 01:21:14.218, 287.80, 100, 74232, 73
2026/07/29 01:21:15.254, 295.51, 100, 74232, 73
2026/07/29 01:21:16.292, 296.00, 100, 74232, 73
2026/07/29 01:21:17.329, 98.05, 100, 74232, 71
2026/07/29 01:21:18.363, 304.68, 100, 74232, 75
2026/07/29 01:21:19.397, 301.81, 100, 74232, 75
2026/07/29 01:21:20.436, 307.03, 100, 74232, 75
2026/07/29 01:21:21.471, 269.81, 100, 74232, 75
2026/07/29 01:21:22.508, 285.07, 100, 74232, 75
2026/07/29 01:21:23.546, 300.40, 100, 74232, 75
2026/07/29 01:21:24.580, 274.35, 100, 74232, 75
2026/07/29 01:21:25.615, 302.80, 100, 74232, 74
2026/07/29 01:21:26.655, 295.91, 100, 74232, 74
2026/07/29 01:21:27.691, 303.87, 100, 74232, 74
2026/07/29 01:21:28.731, 304.14, 100, 74232, 74
2026/07/29 01:21:29.769, 303.97, 100, 74232, 74
2026/07/29 01:21:30.806, 105.12, 100, 74232, 72
2026/07/29 01:21:31.840, 305.59, 100, 74232, 75
2026/07/29 01:21:32.878, 299.89, 100, 74232, 75
2026/07/29 01:21:33.911, 303.54, 100, 74232, 75
2026/07/29 01:21:34.947, 279.72, 100, 74232, 75
2026/07/29 01:21:35.981, 274.62, 100, 74232, 75
2026/07/29 01:21:37.017, 310.45, 100, 74232, 75
2026/07/29 01:21:38.052, 299.51, 100, 74232, 76
2026/07/29 01:21:39.093, 303.49, 100, 74232, 74
2026/07/29 01:21:40.129, 305.56, 100, 74232, 74
2026/07/29 01:21:41.167, 304.76, 100, 74232, 74
2026/07/29 01:21:42.204, 304.37, 100, 74232, 74
2026/07/29 01:21:43.241, 304.47, 100, 74232, 74
2026/07/29 01:21:44.277, 304.84, 100, 74232, 74
2026/07/29 01:21:45.313, 304.75, 100, 74232, 74
2026/07/29 01:21:46.349, 305.34, 100, 74232, 74
2026/07/29 01:21:47.386, 304.86, 100, 74232, 74
2026/07/29 01:21:48.422, 303.79, 100, 74232, 74
2026/07/29 01:21:49.459, 305.24, 100, 74232, 74
2026/07/29 01:21:50.495, 304.84, 100, 74232, 74
2026/07/29 01:21:51.533, 286.73, 100, 74232, 72
2026/07/29 01:21:52.564, 99.12, 0, 74232, 70
2026/07/29 01:21:53.596, 98.28, 0, 74232, 70
2026/07/29 01:21:54.627, 98.56, 0, 74232, 69
2026/07/29 01:21:55.659, 97.56, 0, 74232, 68
2026/07/29 01:21:56.693, 96.85, 0, 74232, 68
2026/07/29 01:21:57.725, 95.42, 0, 74232, 67
2026/07/29 01:21:58.756, 95.51, 0, 74232, 67
2026/07/29 01:21:59.787, 94.83, 0, 74232, 66
2026/07/29 01:22:00.819, 94.15, 0, 74232, 66
2026/07/29 01:22:01.850, 93.64, 0, 74232, 65
2026/07/29 01:22:02.881, 92.26, 0, 74232, 65
2026/07/29 01:22:03.913, 91.72, 0, 74232, 65
2026/07/29 01:22:04.945, 91.21, 0, 74232, 64
2026/07/29 01:22:05.977, 91.87, 0, 74232, 64
2026/07/29 01:22:07.010, 90.48, 0, 74232, 64
2026/07/29 01:22:08.040, 90.38, 0, 74232, 63
2026/07/29 01:22:09.071, 89.36, 0, 74232, 63
2026/07/29 01:22:10.102, 90.03, 0, 74232, 63
2026/07/29 01:22:11.133, 90.14, 0, 74232, 62
2026/07/29 01:22:12.164, 89.55, 0, 74232, 62
2026/07/29 01:22:13.193, 89.39, 0, 74232, 62
2026/07/29 01:22:14.225, 88.97, 0, 74232, 61
2026/07/29 01:22:15.257, 87.25, 0, 74232, 61
2026/07/29 01:22:16.287, 86.65, 0, 74232, 61
2026/07/29 01:22:17.319, 86.48, 0, 74232, 61
2026/07/29 01:22:18.351, 85.67, 0, 74232, 60
2026/07/29 01:22:19.382, 85.98, 0, 74232, 60
2026/07/29 01:22:20.413, 85.76, 0, 74232, 60
2026/07/29 01:22:21.445, 85.46, 0, 74232, 60
2026/07/29 01:22:22.476, 85.27, 0, 74232, 59
2026/07/29 01:22:23.507, 84.97, 0, 74232, 59
2026/07/29 01:22:24.542, 299.74, 100, 74232, 64
2026/07/29 01:22:25.576, 313.88, 100, 74232, 65
2026/07/29 01:22:26.614, 287.72, 100, 74232, 65
2026/07/29 01:22:27.653, 303.28, 100, 74232, 66
2026/07/29 01:22:28.687, 300.76, 100, 74232, 64
2026/07/29 01:22:29.724, 298.31, 100, 74232, 64
2026/07/29 01:22:30.762, 294.12, 100, 74232, 65
2026/07/29 01:22:31.799, 302.31, 100, 74232, 65
2026/07/29 01:22:32.835, 299.68, 100, 74232, 67
2026/07/29 01:22:33.870, 282.62, 100, 74232, 67
2026/07/29 01:22:34.905, 313.06, 100, 74232, 68
2026/07/29 01:22:35.940, 284.47, 100, 74232, 68
2026/07/29 01:22:36.977, 299.18, 100, 74232, 66
2026/07/29 01:22:38.014, 289.45, 100, 74232, 66
2026/07/29 01:22:39.051, 296.37, 100, 74232, 67
2026/07/29 01:22:40.088, 287.83, 100, 74232, 69
2026/07/29 01:22:41.123, 287.89, 100, 74232, 69
2026/07/29 01:22:42.161, 302.50, 100, 74232, 69
2026/07/29 01:22:43.195, 311.61, 100, 74232, 69
2026/07/29 01:22:44.229, 316.71, 100, 74232, 70
2026/07/29 01:22:45.262, 286.13, 100, 74232, 70
2026/07/29 01:22:46.296, 285.17, 100, 74232, 68
2026/07/29 01:22:47.333, 289.08, 100, 74232, 68
2026/07/29 01:22:48.372, 288.60, 100, 74232, 68
2026/07/29 01:22:49.408, 289.55, 100, 74232, 69
2026/07/29 01:22:50.446, 294.04, 100, 74232, 69
2026/07/29 01:22:51.483, 291.12, 100, 74232, 69
2026/07/29 01:22:52.523, 298.04, 100, 74232, 69
2026/07/29 01:22:53.559, 301.55, 100, 74232, 69
2026/07/29 01:22:54.597, 297.94, 100, 74232, 70
2026/07/29 01:22:55.634, 294.53, 100, 74232, 70
2026/07/29 01:22:56.671, 299.70, 100, 74232, 70
2026/07/29 01:22:57.709, 298.98, 100, 74232, 70
2026/07/29 01:22:58.746, 300.28, 100, 74232, 70
2026/07/29 01:22:59.783, 307.28, 100, 74232, 70
2026/07/29 01:23:00.819, 307.96, 100, 74232, 70
2026/07/29 01:23:01.856, 307.48, 100, 74232, 70
2026/07/29 01:23:02.893, 300.75, 100, 74232, 70
2026/07/29 01:23:03.929, 299.21, 100, 74232, 70
2026/07/29 01:23:04.968, 300.45, 100, 74232, 71
2026/07/29 01:23:06.004, 301.54, 100, 74232, 71
2026/07/29 01:23:07.043, 300.18, 100, 74232, 71
2026/07/29 01:23:08.080, 300.58, 100, 74232, 71
2026/07/29 01:23:09.116, 294.79, 100, 74232, 72
2026/07/29 01:23:10.151, 306.67, 100, 74232, 73
2026/07/29 01:23:11.187, 282.16, 100, 74232, 73
2026/07/29 01:23:12.222, 270.11, 100, 74232, 73
2026/07/29 01:23:13.256, 266.71, 100, 74232, 73
2026/07/29 01:23:14.291, 301.86, 100, 74232, 73
2026/07/29 01:23:15.326, 301.93, 100, 74232, 71
2026/07/29 01:23:16.363, 301.25, 100, 74232, 71
2026/07/29 01:23:17.400, 301.14, 100, 74232, 71
2026/07/29 01:23:18.436, 302.42, 100, 74232, 72
2026/07/29 01:23:19.474, 277.95, 100, 74232, 73
2026/07/29 01:23:20.508, 289.31, 100, 74232, 73
2026/07/29 01:23:21.543, 314.03, 100, 74232, 74
2026/07/29 01:23:22.579, 291.00, 100, 74232, 74
2026/07/29 01:23:23.614, 301.64, 100, 74232, 74
2026/07/29 01:23:24.647, 284.89, 100, 74232, 74
2026/07/29 01:23:25.680, 283.30, 100, 74232, 74
2026/07/29 01:23:26.715, 302.34, 100, 74232, 72
2026/07/29 01:23:27.756, 297.94, 100, 74232, 72
2026/07/29 01:23:28.793, 295.97, 100, 74232, 72
2026/07/29 01:23:29.830, 295.71, 100, 74232, 72
2026/07/29 01:23:30.867, 294.82, 100, 74232, 73
2026/07/29 01:23:31.905, 295.42, 100, 74232, 74
2026/07/29 01:23:32.942, 296.16, 100, 74232, 75
2026/07/29 01:23:33.978, 307.11, 100, 74232, 75
2026/07/29 01:23:35.016, 320.81, 100, 74232, 75
2026/07/29 01:23:36.052, 288.02, 100, 74232, 74
2026/07/29 01:23:37.089, 288.10, 100, 74232, 74
2026/07/29 01:23:38.125, 296.02, 100, 74232, 73
2026/07/29 01:23:39.162, 289.64, 100, 74232, 73
2026/07/29 01:23:40.199, 296.67, 100, 74232, 73
2026/07/29 01:23:41.242, 296.58, 100, 74232, 73
2026/07/29 01:23:42.281, 296.96, 100, 74232, 73
2026/07/29 01:23:43.319, 297.06, 100, 74232, 73
2026/07/29 01:23:44.359, 297.17, 100, 74232, 73
2026/07/29 01:23:45.399, 297.54, 100, 74232, 73
2026/07/29 01:23:46.437, 297.08, 100, 74232, 73
2026/07/29 01:23:47.474, 297.35, 100, 74232, 73
2026/07/29 01:23:48.512, 307.09, 100, 74232, 73
2026/07/29 01:23:49.551, 302.36, 100, 74232, 75
2026/07/29 01:23:50.586, 303.75, 100, 74232, 75
2026/07/29 01:23:51.624, 296.40, 100, 74232, 75
2026/07/29 01:23:52.659, 277.26, 100, 74232, 75
2026/07/29 01:23:53.695, 306.40, 100, 74232, 75
2026/07/29 01:23:54.729, 317.27, 100, 74232, 75
2026/07/29 01:23:55.765, 304.77, 100, 74232, 73
2026/07/29 01:23:56.802, 303.30, 100, 74232, 73
2026/07/29 01:23:57.838, 303.73, 100, 74232, 73
2026/07/29 01:23:58.875, 304.96, 100, 74232, 73
2026/07/29 01:23:59.912, 305.30, 100, 74232, 73
2026/07/29 01:24:00.948, 300.76, 100, 74232, 73
2026/07/29 01:24:01.985, 311.27, 100, 74232, 75
2026/07/29 01:24:03.020, 301.14, 100, 74232, 75
2026/07/29 01:24:04.053, 297.67, 100, 74232, 75
2026/07/29 01:24:05.087, 297.94, 100, 74232, 75
2026/07/29 01:24:06.120, 300.38, 100, 74232, 75
2026/07/29 01:24:07.160, 267.82, 100, 74232, 75
2026/07/29 01:24:08.194, 303.38, 100, 74232, 75
2026/07/29 01:24:09.227, 304.75, 100, 74232, 73
2026/07/29 01:24:10.264, 298.40, 100, 74232, 73
2026/07/29 01:24:11.306, 293.28, 100, 74232, 73
2026/07/29 01:24:12.342, 295.71, 100, 74232, 73
2026/07/29 01:24:13.379, 302.51, 100, 74232, 75
2026/07/29 01:24:14.414, 305.81, 100, 74232, 75
2026/07/29 01:24:15.447, 294.22, 100, 74232, 75
2026/07/29 01:24:16.481, 268.30, 100, 74232, 75
2026/07/29 01:24:17.515, 324.25, 100, 74232, 75
2026/07/29 01:24:18.552, 319.52, 100, 74232, 75
2026/07/29 01:24:19.592, 264.92, 100, 74232, 74
2026/07/29 01:24:20.629, 288.20, 100, 74232, 73
2026/07/29 01:24:21.666, 290.44, 100, 74232, 73
2026/07/29 01:24:22.703, 290.45, 100, 74232, 73
2026/07/29 01:24:23.745, 291.52, 100, 74232, 74
2026/07/29 01:24:24.782, 297.16, 100, 74232, 74
2026/07/29 01:24:25.818, 297.93, 100, 74232, 74
2026/07/29 01:24:26.858, 298.62, 100, 74232, 74
2026/07/29 01:24:27.894, 298.42, 100, 74232, 74
2026/07/29 01:24:28.933, 295.12, 100, 74232, 74
2026/07/29 01:24:29.970, 302.30, 100, 74232, 74
2026/07/29 01:24:31.006, 303.20, 100, 74232, 74
2026/07/29 01:24:32.044, 302.43, 100, 74232, 74
2026/07/29 01:24:33.081, 300.57, 100, 74232, 74
2026/07/29 01:24:34.118, 302.67, 100, 74232, 74
2026/07/29 01:24:35.156, 303.21, 100, 74232, 74
2026/07/29 01:24:36.195, 302.81, 100, 74232, 74
2026/07/29 01:24:37.231, 302.12, 100, 74232, 74
2026/07/29 01:24:38.267, 295.50, 100, 74232, 74
2026/07/29 01:24:39.303, 299.20, 100, 74232, 73
2026/07/29 01:24:40.339, 301.73, 100, 74232, 73
2026/07/29 01:24:41.376, 303.97, 100, 74232, 73
2026/07/29 01:24:42.413, 102.00, 0, 74232, 71
2026/07/29 01:24:43.492, 99.34, 0, 74232, 69
2026/07/29 01:24:44.525, 98.48, 0, 74232, 69
2026/07/29 01:24:45.557, 97.52, 0, 74232, 68
2026/07/29 01:24:46.589, 96.38, 0, 74232, 68
2026/07/29 01:24:47.621, 94.63, 0, 74232, 67
2026/07/29 01:24:48.652, 95.04, 0, 74232, 67
2026/07/29 01:24:49.685, 94.25, 0, 74232, 66
2026/07/29 01:24:50.716, 93.72, 0, 74232, 66
2026/07/29 01:24:51.748, 92.26, 0, 74232, 65
2026/07/29 01:24:52.779, 92.66, 0, 74232, 65
2026/07/29 01:24:53.810, 91.17, 0, 74232, 64
2026/07/29 01:24:54.841, 91.48, 0, 74232, 64
2026/07/29 01:24:55.873, 90.29, 0, 74232, 64
2026/07/29 01:24:56.904, 91.04, 0, 74232, 63
2026/07/29 01:24:57.935, 89.78, 0, 74232, 63
2026/07/29 01:24:58.966, 89.39, 0, 74232, 63
2026/07/29 01:24:59.997, 90.97, 0, 74232, 62
2026/07/29 01:25:01.030, 88.49, 0, 74232, 62
2026/07/29 01:25:02.061, 88.30, 0, 74232, 62
2026/07/29 01:25:03.092, 87.81, 0, 74232, 62
2026/07/29 01:25:04.122, 87.91, 0, 74232, 61
2026/07/29 01:25:05.154, 87.35, 0, 74232, 61
2026/07/29 01:25:06.185, 87.15, 0, 74232, 61
2026/07/29 01:25:07.217, 86.75, 0, 74232, 61
2026/07/29 01:25:08.250, 86.54, 0, 74232, 60
2026/07/29 01:25:09.282, 86.25, 0, 74232, 60
2026/07/29 01:25:10.315, 86.12, 0, 74232, 60
2026/07/29 01:25:11.347, 86.85, 0, 74232, 60
2026/07/29 01:25:12.378, 85.36, 0, 74232, 59
2026/07/29 01:25:13.409, 85.21, 0, 74232, 59
2026/07/29 01:25:14.440, 85.19, 0, 74232, 59
2026/07/29 01:25:15.470, 85.26, 0, 74232, 59
2026/07/29 01:25:17.263, 84.58, 0, 74232, 58
2026/07/29 01:25:18.296, 84.35, 0, 74232, 58
2026/07/29 01:25:19.327, 83.48, 0, 74232, 58
2026/07/29 01:25:20.358, 83.09, 0, 74232, 58
2026/07/29 01:25:21.390, 83.97, 0, 74232, 57
2026/07/29 01:25:22.423, 82.59, 0, 74232, 57
2026/07/29 01:25:23.456, 82.52, 0, 74232, 57
2026/07/29 01:25:24.486, 82.39, 0, 74232, 57
2026/07/29 01:25:25.517, 82.04, 0, 74232, 57
2026/07/29 01:25:26.550, 82.00, 0, 74232, 57
2026/07/29 01:25:27.580, 81.78, 0, 74232, 56
2026/07/29 01:25:28.611, 81.54, 0, 74232, 56
2026/07/29 01:25:29.788, 81.43, 0, 74232, 56
2026/07/29 01:25:30.820, 81.38, 0, 74232, 56
2026/07/29 01:25:31.850, 81.07, 0, 74232, 56
2026/07/29 01:25:32.882, 81.09, 0, 74232, 55
2026/07/29 01:25:33.913, 80.95, 0, 74232, 55
2026/07/29 01:25:34.943, 81.33, 0, 74232, 55
2026/07/29 01:25:35.973, 81.32, 0, 74232, 55
2026/07/29 01:25:37.003, 80.94, 0, 74232, 55
2026/07/29 01:25:38.033, 80.81, 0, 74232, 54
2026/07/29 01:25:39.063, 80.95, 0, 74232, 54
2026/07/29 01:25:40.096, 80.64, 0, 74232, 54
2026/07/29 01:25:41.126, 80.64, 0, 74232, 54
2026/07/29 01:25:42.157, 80.46, 0, 74232, 54
2026/07/29 01:25:43.188, 80.34, 0, 74232, 54
2026/07/29 01:25:44.218, 79.97, 0, 74232, 53
2026/07/29 01:25:45.248, 79.94, 0, 74232, 53
2026/07/29 01:25:46.278, 79.78, 0, 74232, 53
2026/07/29 01:25:47.308, 79.57, 0, 74232, 53
2026/07/29 01:25:50.009, 79.37, 0, 74232, 53
2026/07/29 01:25:51.039, 79.17, 0, 74232, 52
2026/07/29 01:25:52.069, 79.19, 0, 74232, 52
2026/07/29 01:25:53.100, 78.29, 0, 74232, 52
2026/07/29 01:25:54.130, 77.09, 0, 74232, 52
2026/07/29 01:25:55.163, 76.64, 0, 74232, 52
2026/07/29 01:25:56.194, 76.60, 0, 74232, 52
2026/07/29 01:25:57.226, 76.50, 0, 74232, 52
2026/07/29 01:25:58.258, 76.21, 0, 74232, 51
2026/07/29 01:25:59.290, 76.31, 0, 74232, 51
2026/07/29 01:26:00.322, 76.21, 0, 74232, 51
2026/07/29 01:26:01.354, 76.11, 0, 74232, 51
2026/07/29 01:26:02.386, 75.66, 0, 74232, 51
2026/07/29 01:26:03.416, 75.91, 0, 74232, 51
2026/07/29 01:26:04.447, 75.80, 0, 74232, 51
2026/07/29 01:26:05.479, 75.80, 0, 74232, 51
2026/07/29 01:26:06.509, 75.61, 0, 74232, 50
2026/07/29 01:26:07.751, 299.47, 100, 74232, 56
2026/07/29 01:26:08.786, 307.16, 100, 74232, 57
2026/07/29 01:26:09.821, 298.33, 100, 74232, 57
2026/07/29 01:26:10.856, 282.53, 100, 74232, 58
2026/07/29 01:26:11.897, 287.21, 100, 74232, 56
2026/07/29 01:26:12.935, 298.91, 100, 74232, 57
2026/07/29 01:26:13.971, 300.07, 100, 74232, 57
2026/07/29 01:26:15.011, 299.96, 100, 74232, 58
2026/07/29 01:26:16.049, 298.72, 100, 74232, 58
2026/07/29 01:26:17.086, 300.95, 100, 74232, 58
2026/07/29 01:26:18.124, 299.10, 100, 74232, 59
2026/07/29 01:26:19.161, 298.26, 100, 74232, 61
2026/07/29 01:26:20.197, 302.19, 100, 74232, 61
2026/07/29 01:26:21.231, 300.31, 100, 74232, 61
2026/07/29 01:26:22.270, 296.87, 100, 74232, 62
2026/07/29 01:26:23.304, 272.39, 100, 74232, 60
2026/07/29 01:26:24.342, 281.45, 100, 74232, 60
2026/07/29 01:26:25.380, 282.13, 100, 74232, 61
2026/07/29 01:26:26.422, 292.77, 100, 74232, 61
2026/07/29 01:26:27.462, 292.78, 100, 74232, 61
2026/07/29 01:26:28.498, 288.69, 100, 74232, 63
2026/07/29 01:26:29.535, 305.30, 100, 74232, 64
2026/07/29 01:26:30.570, 284.25, 100, 74232, 64
2026/07/29 01:26:31.604, 297.96, 100, 74232, 64
2026/07/29 01:26:32.639, 301.54, 100, 74232, 63
2026/07/29 01:26:33.678, 302.30, 100, 74232, 63
2026/07/29 01:26:34.714, 303.84, 100, 74232, 63
2026/07/29 01:26:35.751, 304.26, 100, 74232, 64
2026/07/29 01:26:36.787, 296.30, 100, 74232, 66
2026/07/29 01:26:37.822, 295.93, 100, 74232, 66
2026/07/29 01:26:38.857, 307.11, 100, 74232, 66
2026/07/29 01:26:39.892, 297.62, 100, 74232, 66
2026/07/29 01:26:40.927, 313.59, 100, 74232, 66
2026/07/29 01:26:41.961, 286.13, 100, 74232, 65
2026/07/29 01:26:42.998, 291.31, 100, 74232, 65
2026/07/29 01:26:44.035, 293.06, 100, 74232, 65
2026/07/29 01:26:45.072, 299.20, 100, 74232, 66
2026/07/29 01:26:46.110, 299.50, 100, 74232, 66
2026/07/29 01:26:47.146, 299.79, 100, 74232, 66
2026/07/29 01:26:48.183, 300.27, 100, 74232, 66
2026/07/29 01:26:49.219, 300.74, 100, 74232, 66
2026/07/29 01:26:50.256, 293.34, 100, 74232, 67
2026/07/29 01:26:51.292, 294.22, 100, 74232, 67
2026/07/29 01:26:52.329, 298.41, 100, 74232, 67
2026/07/29 01:26:53.367, 294.34, 100, 74232, 67
2026/07/29 01:26:54.406, 294.80, 100, 74232, 67
2026/07/29 01:26:55.445, 294.62, 100, 74232, 68
2026/07/29 01:26:56.483, 300.85, 100, 74232, 68
2026/07/29 01:26:57.521, 302.81, 100, 74232, 68
2026/07/29 01:26:58.560, 133.96, 100, 74232, 68
2026/07/29 01:26:59.592, 299.67, 100, 74232, 69
2026/07/29 01:27:00.628, 302.30, 100, 74232, 70
2026/07/29 01:27:01.664, 292.55, 100, 74232, 70
2026/07/29 01:27:02.699, 313.82, 100, 74232, 70
2026/07/29 01:27:03.734, 288.29, 100, 74232, 70
2026/07/29 01:27:04.778, 302.44, 100, 74232, 69
2026/07/29 01:27:05.816, 302.22, 100, 74232, 69
2026/07/29 01:27:06.853, 302.10, 100, 74232, 69
2026/07/29 01:27:07.890, 303.48, 100, 74232, 69
2026/07/29 01:27:08.926, 302.80, 100, 74232, 69
2026/07/29 01:27:09.966, 303.20, 100, 74232, 69
2026/07/29 01:27:11.006, 298.80, 100, 74232, 69
2026/07/29 01:27:12.044, 296.37, 100, 74232, 69
2026/07/29 01:27:13.082, 296.47, 100, 74232, 70
2026/07/29 01:27:14.119, 296.85, 100, 74232, 70
2026/07/29 01:27:15.156, 305.67, 100, 74232, 71
2026/07/29 01:27:16.192, 295.49, 100, 74232, 72
2026/07/29 01:27:17.227, 316.50, 100, 74232, 72
2026/07/29 01:27:18.263, 310.16, 100, 74232, 72
2026/07/29 01:27:19.298, 290.16, 100, 74232, 72
2026/07/29 01:27:20.335, 304.48, 100, 74232, 70
2026/07/29 01:27:21.373, 304.75, 100, 74232, 70
2026/07/29 01:27:22.414, 304.95, 100, 74232, 70
2026/07/29 01:27:23.452, 305.04, 100, 74232, 71
2026/07/29 01:27:24.490, 303.83, 100, 74232, 71
2026/07/29 01:27:25.529, 307.20, 100, 74232, 71
2026/07/29 01:27:26.569, 304.94, 100, 74232, 71
2026/07/29 01:27:27.607, 305.05, 100, 74232, 71
2026/07/29 01:27:28.650, 306.21, 100, 74232, 71
2026/07/29 01:27:29.688, 298.43, 100, 74232, 71
2026/07/29 01:27:30.725, 300.45, 100, 74232, 71
2026/07/29 01:27:31.761, 299.88, 100, 74232, 71
2026/07/29 01:27:32.806, 292.78, 100, 74232, 71
2026/07/29 01:27:33.844, 294.70, 95, 74232, 73
2026/07/29 01:27:34.884, 304.33, 100, 74232, 73
2026/07/29 01:27:35.920, 288.00, 100, 74232, 73
2026/07/29 01:27:36.955, 296.59, 100, 74232, 73
2026/07/29 01:27:37.990, 289.55, 100, 74232, 73
2026/07/29 01:27:39.025, 292.03, 100, 74232, 73
2026/07/29 01:27:40.061, 300.09, 100, 74232, 71
2026/07/29 01:27:41.099, 288.86, 100, 74232, 71
2026/07/29 01:27:42.137, 293.55, 100, 74232, 72
2026/07/29 01:27:43.175, 294.41, 100, 74232, 72
2026/07/29 01:27:44.213, 300.55, 100, 74232, 72
2026/07/29 01:27:45.250, 300.07, 100, 74232, 72
2026/07/29 01:27:46.290, 296.96, 100, 74232, 72
2026/07/29 01:27:47.331, 300.58, 100, 74232, 72
2026/07/29 01:27:48.368, 300.36, 100, 74232, 72
2026/07/29 01:27:49.407, 301.43, 100, 74232, 72
2026/07/29 01:27:50.445, 300.85, 100, 74232, 72
2026/07/29 01:27:51.483, 300.38, 100, 74232, 72
2026/07/29 01:27:52.521, 98.49, 2, 74232, 73
2026/07/29 01:27:53.558, 308.53, 100, 74232, 74
2026/07/29 01:27:54.594, 300.50, 100, 74232, 74
2026/07/29 01:27:55.630, 285.18, 100, 74232, 73
2026/07/29 01:27:56.665, 282.28, 100, 74232, 74
2026/07/29 01:27:57.701, 272.10, 100, 74232, 73
2026/07/29 01:27:58.743, 301.93, 100, 74232, 72
2026/07/29 01:27:59.780, 296.96, 100, 74232, 72
2026/07/29 01:28:00.817, 301.16, 100, 74232, 72
2026/07/29 01:28:01.855, 294.34, 100, 74232, 72
2026/07/29 01:28:02.894, 293.86, 100, 74232, 72
2026/07/29 01:28:03.931, 294.70, 100, 74232, 72
2026/07/29 01:28:04.969, 294.42, 100, 74232, 72
2026/07/29 01:28:06.008, 295.41, 100, 74232, 72
2026/07/29 01:28:07.048, 293.54, 100, 74232, 72
2026/07/29 01:28:08.086, 300.18, 100, 74232, 72
2026/07/29 01:28:09.126, 297.73, 100, 74232, 72
2026/07/29 01:28:10.168, 294.14, 100, 74232, 72
2026/07/29 01:28:11.205, 293.74, 100, 74232, 72
2026/07/29 01:28:12.243, 295.42, 100, 74232, 72
2026/07/29 01:28:13.282, 298.42, 100, 74232, 72
2026/07/29 01:28:14.318, 298.02, 100, 74232, 72
2026/07/29 01:28:15.358, 298.21, 100, 74232, 72
2026/07/29 01:28:16.396, 301.74, 100, 74232, 73
2026/07/29 01:28:17.431, 297.23, 100, 74232, 74
2026/07/29 01:28:18.466, 303.75, 100, 74232, 74
2026/07/29 01:28:19.501, 285.85, 100, 74232, 74
2026/07/29 01:28:20.536, 304.43, 100, 74232, 74
2026/07/29 01:28:21.571, 296.53, 100, 74232, 74
2026/07/29 01:28:22.607, 301.62, 100, 74232, 73
2026/07/29 01:28:23.644, 302.41, 100, 74232, 73
2026/07/29 01:28:24.681, 302.30, 100, 74232, 73
2026/07/29 01:28:25.719, 299.88, 100, 74232, 73
2026/07/29 01:28:26.760, 294.91, 100, 74232, 73
2026/07/29 01:28:27.798, 310.42, 93, 74232, 74
2026/07/29 01:28:28.834, 285.22, 100, 74232, 74
2026/07/29 01:28:29.868, 316.51, 100, 74232, 74
2026/07/29 01:28:30.906, 309.82, 100, 74232, 74
2026/07/29 01:28:31.941, 285.39, 100, 74232, 74
2026/07/29 01:28:32.976, 278.83, 100, 74232, 74
2026/07/29 01:28:34.013, 302.03, 100, 74232, 73
2026/07/29 01:28:35.050, 303.54, 100, 74232, 73
2026/07/29 01:28:36.088, 302.12, 100, 74232, 73
2026/07/29 01:28:37.126, 302.90, 100, 74232, 73
2026/07/29 01:28:38.164, 302.32, 100, 74232, 73
2026/07/29 01:28:39.202, 302.28, 100, 74232, 73
2026/07/29 01:28:40.239, 303.28, 100, 74232, 73
2026/07/29 01:28:41.276, 293.05, 100, 74232, 73
2026/07/29 01:28:42.314, 302.41, 100, 74232, 73
2026/07/29 01:28:43.351, 301.64, 100, 74232, 73
2026/07/29 01:28:44.387, 298.03, 100, 74232, 73
2026/07/29 01:28:45.424, 303.26, 100, 74232, 73
2026/07/29 01:28:46.462, 299.80, 100, 74232, 73
2026/07/29 01:28:47.500, 292.86, 100, 74232, 73
2026/07/29 01:28:48.537, 301.54, 100, 74232, 73
2026/07/29 01:28:49.573, 100.72, 62, 74232, 70
2026/07/29 01:28:50.610, 297.54, 100, 74232, 74
2026/07/29 01:28:51.644, 301.62, 100, 74232, 74
2026/07/29 01:28:52.679, 302.11, 100, 74232, 74
2026/07/29 01:28:53.713, 307.84, 100, 74232, 74
2026/07/29 01:28:54.747, 269.62, 100, 74232, 75
2026/07/29 01:28:55.782, 300.73, 100, 74232, 74
2026/07/29 01:28:56.817, 302.70, 100, 74232, 73
2026/07/29 01:28:57.853, 302.61, 100, 74232, 73
2026/07/29 01:28:58.890, 302.33, 100, 74232, 73
2026/07/29 01:28:59.927, 302.92, 100, 74232, 73
2026/07/29 01:29:00.963, 300.11, 100, 74232, 73
2026/07/29 01:29:02.000, 302.54, 100, 74232, 74
2026/07/29 01:29:03.034, 292.19, 100, 74232, 74
2026/07/29 01:29:04.069, 305.19, 100, 74232, 75
2026/07/29 01:29:05.104, 285.34, 100, 74232, 74
2026/07/29 01:29:06.137, 295.31, 100, 74232, 75
2026/07/29 01:29:07.171, 285.95, 100, 74232, 74
2026/07/29 01:29:08.206, 301.44, 100, 74232, 73
2026/07/29 01:29:09.243, 298.43, 100, 74232, 73
2026/07/29 01:29:10.281, 302.24, 100, 74232, 73
2026/07/29 01:29:11.318, 100.16, 0, 74232, 70
2026/07/29 01:29:12.351, 296.27, 100, 74232, 74
2026/07/29 01:29:13.385, 290.52, 100, 74232, 74
2026/07/29 01:29:14.419, 279.99, 100, 74232, 74
2026/07/29 01:29:15.453, 288.12, 100, 74232, 75
2026/07/29 01:29:16.487, 311.02, 100, 74232, 75
2026/07/29 01:29:17.521, 260.66, 100, 74232, 74
2026/07/29 01:29:18.555, 305.60, 100, 74232, 73
2026/07/29 01:29:19.591, 302.81, 100, 74232, 73
2026/07/29 01:29:20.627, 302.03, 100, 74232, 73
2026/07/29 01:29:21.664, 101.78, 97, 74232, 71
2026/07/29 01:29:22.696, 292.50, 100, 74232, 75
2026/07/29 01:29:23.732, 303.63, 100, 74232, 75
2026/07/29 01:29:24.769, 297.48, 100, 74232, 75
2026/07/29 01:29:25.804, 291.62, 100, 74232, 75
2026/07/29 01:29:26.840, 299.10, 100, 74232, 75
2026/07/29 01:29:27.877, 271.87, 100, 74232, 75
2026/07/29 01:29:28.916, 302.23, 100, 74232, 73
2026/07/29 01:29:29.955, 302.50, 100, 74232, 73
2026/07/29 01:29:30.992, 304.46, 100, 74232, 73
2026/07/29 01:29:32.032, 303.10, 100, 74232, 73
2026/07/29 01:29:33.070, 303.46, 100, 74232, 73
2026/07/29 01:29:34.108, 307.29, 100, 74232, 74
2026/07/29 01:29:35.145, 303.29, 100, 74232, 74
2026/07/29 01:29:36.182, 306.68, 100, 74232, 74
2026/07/29 01:29:37.219, 302.87, 100, 74232, 74
2026/07/29 01:29:38.255, 303.68, 100, 74232, 74
2026/07/29 01:29:39.293, 303.78, 100, 74232, 74
2026/07/29 01:29:40.329, 101.58, 0, 74232, 71
2026/07/29 01:29:41.367, 299.21, 100, 74232, 75
2026/07/29 01:29:42.402, 300.88, 100, 74232, 75
2026/07/29 01:29:43.442, 292.00, 100, 74232, 75
2026/07/29 01:29:44.478, 301.73, 100, 74232, 75
2026/07/29 01:29:45.514, 299.98, 100, 74232, 75
2026/07/29 01:29:46.548, 296.36, 100, 74232, 75
2026/07/29 01:29:47.583, 302.90, 100, 74232, 73
2026/07/29 01:29:48.622, 303.67, 100, 74232, 73
2026/07/29 01:29:49.660, 303.81, 100, 74232, 73
2026/07/29 01:29:50.699, 303.89, 100, 74232, 73
2026/07/29 01:29:51.737, 297.13, 91, 74232, 75
2026/07/29 01:29:52.778, 295.42, 100, 74232, 75
2026/07/29 01:29:53.812, 294.99, 100, 74232, 75
2026/07/29 01:29:54.852, 294.03, 100, 74232, 75
2026/07/29 01:29:55.885, 299.29, 100, 74232, 75
2026/07/29 01:29:56.921, 266.31, 100, 74232, 75
2026/07/29 01:29:57.961, 289.85, 100, 74232, 75
2026/07/29 01:29:58.996, 302.10, 100, 74232, 73
2026/07/29 01:30:00.038, 292.19, 100, 74232, 73
2026/07/29 01:30:01.075, 295.98, 100, 74232, 73
2026/07/29 01:30:02.112, 295.90, 100, 74232, 73
2026/07/29 01:30:03.149, 296.69, 100, 74232, 74
2026/07/29 01:30:04.185, 296.18, 100, 74232, 74
2026/07/29 01:30:05.222, 295.98, 100, 74232, 74
2026/07/29 01:30:06.258, 296.67, 100, 74232, 74
2026/07/29 01:30:07.296, 295.69, 100, 74232, 74
2026/07/29 01:30:08.334, 296.48, 100, 74232, 74
2026/07/29 01:30:09.372, 296.08, 100, 74232, 74
2026/07/29 01:30:10.409, 103.53, 0, 74232, 71
2026/07/29 01:30:11.444, 295.19, 100, 74232, 75
2026/07/29 01:30:12.480, 292.28, 100, 74232, 75
2026/07/29 01:30:13.519, 272.55, 100, 74232, 75
2026/07/29 01:30:14.555, 320.92, 100, 74232, 75
2026/07/29 01:30:15.590, 296.86, 100, 74232, 75
2026/07/29 01:30:16.628, 337.09, 100, 74232, 75
2026/07/29 01:30:17.664, 300.76, 100, 74232, 74
2026/07/29 01:30:18.701, 303.74, 100, 74232, 74
2026/07/29 01:30:19.738, 303.97, 100, 74232, 74
2026/07/29 01:30:20.775, 302.02, 100, 74232, 74
2026/07/29 01:30:21.812, 303.56, 100, 74232, 74
2026/07/29 01:30:22.850, 306.12, 100, 74232, 74
2026/07/29 01:30:23.887, 304.18, 100, 74232, 74
2026/07/29 01:30:24.925, 305.74, 100, 74232, 74
2026/07/29 01:30:25.962, 305.05, 100, 74232, 74
2026/07/29 01:30:27.000, 304.75, 100, 74232, 74
2026/07/29 01:30:28.038, 304.32, 100, 74232, 74
2026/07/29 01:30:29.075, 305.02, 100, 74232, 74
2026/07/29 01:30:30.114, 304.65, 100, 74232, 74
2026/07/29 01:30:31.147, 100.09, 0, 74232, 70
2026/07/29 01:30:32.179, 98.85, 0, 74232, 70
2026/07/29 01:30:33.211, 97.95, 0, 74232, 69
2026/07/29 01:30:34.243, 97.23, 0, 74232, 68
2026/07/29 01:30:35.276, 96.96, 0, 74232, 68
2026/07/29 01:30:36.309, 95.88, 0, 74232, 67
2026/07/29 01:30:37.341, 95.08, 0, 74232, 67
2026/07/29 01:30:38.374, 94.76, 0, 74232, 66
2026/07/29 01:30:39.405, 93.78, 0, 74232, 66
2026/07/29 01:30:40.436, 93.39, 0, 74232, 66
2026/07/29 01:30:41.466, 92.95, 0, 74232, 65
2026/07/29 01:30:42.497, 92.56, 0, 74232, 65
2026/07/29 01:30:43.528, 92.45, 0, 74232, 64
2026/07/29 01:30:44.559, 91.87, 0, 74232, 64
2026/07/29 01:30:45.593, 91.48, 0, 74232, 64
2026/07/29 01:30:46.623, 91.40, 0, 74232, 63
2026/07/29 01:30:47.655, 88.71, 0, 74232, 63
2026/07/29 01:30:48.688, 89.11, 0, 74232, 63
2026/07/29 01:30:49.719, 89.10, 0, 74232, 63
2026/07/29 01:30:50.751, 88.80, 0, 74232, 62
2026/07/29 01:30:51.785, 88.67, 0, 74232, 62
2026/07/29 01:30:52.816, 88.11, 0, 74232, 62
2026/07/29 01:30:53.847, 87.81, 0, 74232, 61
2026/07/29 01:30:54.878, 87.71, 0, 74232, 61
2026/07/29 01:30:55.908, 87.25, 0, 74232, 61
2026/07/29 01:30:56.940, 86.94, 0, 74232, 61
2026/07/29 01:30:57.973, 86.75, 0, 74232, 60
2026/07/29 01:30:59.004, 86.45, 0, 74232, 60
2026/07/29 01:31:00.036, 86.18, 0, 74232, 60
2026/07/29 01:31:01.070, 85.93, 0, 74232, 60
2026/07/29 01:31:02.102, 85.76, 0, 74232, 59
2026/07/29 01:31:03.134, 85.46, 0, 74232, 59
2026/07/29 01:31:04.165, 85.16, 0, 74232, 59
2026/07/29 01:31:05.196, 85.07, 0, 74232, 59
2026/07/29 01:31:06.227, 84.71, 0, 74232, 58
2026/07/29 01:31:07.258, 84.58, 0, 74232, 58
2026/07/29 01:31:08.288, 84.38, 0, 74232, 58
2026/07/29 01:31:09.320, 83.71, 0, 74232, 58
2026/07/29 01:31:10.351, 83.97, 0, 74232, 58
2026/07/29 01:31:11.381, 83.80, 0, 74232, 57
2026/07/29 01:31:12.412, 83.56, 0, 74232, 57
2026/07/29 01:31:13.713, 82.61, 0, 74232, 57
2026/07/29 01:31:14.744, 82.57, 0, 74232, 57
2026/07/29 01:31:15.777, 82.22, 0, 74232, 57
2026/07/29 01:31:16.806, 82.08, 0, 74232, 56
2026/07/29 01:31:17.838, 81.82, 0, 74232, 56
2026/07/29 01:31:18.869, 81.99, 0, 74232, 56
2026/07/29 01:31:19.900, 81.78, 0, 74232, 56
2026/07/29 01:31:20.930, 81.96, 0, 74232, 56
2026/07/29 01:31:21.961, 81.19, 0, 74232, 55
2026/07/29 01:31:22.992, 81.35, 0, 74232, 55
2026/07/29 01:31:24.022, 80.91, 0, 74232, 55
2026/07/29 01:31:25.052, 80.76, 0, 74232, 55
2026/07/29 01:31:26.083, 80.57, 0, 74232, 55
2026/07/29 01:31:27.114, 80.46, 0, 74232, 55
2026/07/29 01:31:28.144, 80.35, 0, 74232, 54
2026/07/29 01:31:29.175, 79.67, 0, 74232, 54
2026/07/29 01:31:30.205, 79.48, 0, 74232, 54
2026/07/29 01:31:31.235, 78.43, 0, 74232, 54
2026/07/29 01:31:32.265, 79.18, 0, 74232, 54
2026/07/29 01:31:33.297, 78.69, 0, 74232, 54
2026/07/29 01:31:34.328, 78.87, 0, 74232, 53
2026/07/29 01:31:35.685, 296.70, 100, 74232, 59
2026/07/29 01:31:36.720, 309.01, 100, 74232, 59
2026/07/29 01:31:37.753, 300.71, 100, 74232, 60
2026/07/29 01:31:38.787, 310.58, 100, 74232, 60
2026/07/29 01:31:39.821, 292.99, 100, 74232, 60
2026/07/29 01:31:40.860, 302.31, 100, 74232, 59
2026/07/29 01:31:41.896, 289.66, 100, 74232, 60
2026/07/29 01:31:42.933, 289.15, 100, 74232, 60
2026/07/29 01:31:43.970, 285.94, 100, 74232, 60
2026/07/29 01:31:45.007, 299.88, 100, 74232, 61
2026/07/29 01:31:46.044, 297.06, 100, 74232, 61
2026/07/29 01:31:47.081, 296.09, 100, 74232, 61
2026/07/29 01:31:48.119, 297.71, 100, 74232, 62
2026/07/29 01:31:49.155, 297.63, 100, 74232, 62
2026/07/29 01:31:50.195, 295.01, 100, 74232, 62
2026/07/29 01:31:51.232, 308.62, 100, 74232, 64
2026/07/29 01:31:52.268, 317.87, 100, 74232, 65
2026/07/29 01:31:53.303, 304.91, 100, 74232, 65
2026/07/29 01:31:54.337, 285.12, 100, 74232, 65
2026/07/29 01:31:55.372, 255.97, 100, 74232, 63
2026/07/29 01:31:56.411, 288.97, 100, 74232, 64
2026/07/29 01:31:57.447, 288.40, 100, 74232, 64
2026/07/29 01:31:58.485, 289.75, 100, 74232, 64
2026/07/29 01:31:59.521, 294.35, 100, 74232, 64
2026/07/29 01:32:00.556, 294.13, 100, 74232, 66
2026/07/29 01:32:01.592, 304.40, 100, 74232, 67
2026/07/29 01:32:02.630, 297.43, 100, 74232, 67
2026/07/29 01:32:03.664, 294.06, 100, 74232, 67
2026/07/29 01:32:04.698, 299.72, 100, 74232, 67
2026/07/29 01:32:05.733, 297.83, 100, 74232, 66
2026/07/29 01:32:06.772, 299.01, 100, 74232, 66
2026/07/29 01:32:07.809, 300.26, 100, 74232, 66
2026/07/29 01:32:08.845, 300.39, 100, 74232, 67
2026/07/29 01:32:09.885, 292.30, 100, 74232, 68
2026/07/29 01:32:10.921, 295.51, 100, 74232, 69
2026/07/29 01:32:11.956, 286.74, 100, 74232, 69
2026/07/29 01:32:12.992, 297.93, 100, 74232, 69
2026/07/29 01:32:14.026, 293.70, 100, 74232, 70
2026/07/29 01:32:15.061, 302.52, 100, 74232, 68
2026/07/29 01:32:16.098, 302.71, 100, 74232, 68
2026/07/29 01:32:17.137, 302.51, 100, 74232, 68
2026/07/29 01:32:18.174, 302.96, 100, 74232, 68
2026/07/29 01:32:19.211, 296.09, 100, 74232, 68
2026/07/29 01:32:20.254, 287.13, 100, 74232, 70
2026/07/29 01:32:21.293, 300.17, 100, 74232, 70
2026/07/29 01:32:22.328, 309.45, 100, 74232, 71
2026/07/29 01:32:23.363, 302.85, 100, 74232, 71
2026/07/29 01:32:24.398, 316.36, 100, 74232, 71
2026/07/29 01:32:25.432, 305.23, 100, 74232, 69
2026/07/29 01:32:26.469, 305.63, 100, 74232, 69
2026/07/29 01:32:27.507, 304.45, 100, 74232, 70
2026/07/29 01:32:28.544, 306.12, 100, 74232, 71
2026/07/29 01:32:29.586, 293.67, 100, 74232, 71
2026/07/29 01:32:30.620, 294.73, 100, 74232, 72
2026/07/29 01:32:31.660, 302.29, 100, 74232, 72
2026/07/29 01:32:32.694, 309.39, 100, 74232, 72
2026/07/29 01:32:33.728, 288.66, 100, 74232, 72
2026/07/29 01:32:34.765, 299.39, 100, 74232, 70
2026/07/29 01:32:35.802, 307.68, 100, 74232, 71
2026/07/29 01:32:36.839, 299.40, 100, 74232, 71
2026/07/29 01:32:37.875, 300.18, 100, 74232, 71
2026/07/29 01:32:38.912, 301.36, 100, 74232, 71
2026/07/29 01:32:39.949, 296.88, 100, 74232, 71
2026/07/29 01:32:40.986, 304.23, 100, 74232, 73
2026/07/29 01:32:42.021, 299.22, 100, 74232, 73
2026/07/29 01:32:43.054, 279.55, 100, 74232, 73
2026/07/29 01:32:44.090, 293.17, 100, 74232, 73
2026/07/29 01:32:45.127, 300.08, 100, 74232, 73
2026/07/29 01:32:46.163, 297.53, 100, 74232, 71
2026/07/29 01:32:47.200, 294.15, 100, 74232, 71
2026/07/29 01:32:48.237, 293.58, 100, 74232, 71
2026/07/29 01:32:49.275, 285.20, 100, 74232, 73
2026/07/29 01:32:50.309, 301.44, 100, 74232, 74
2026/07/29 01:32:51.347, 291.43, 100, 74232, 74
2026/07/29 01:32:52.383, 314.57, 100, 74232, 74
2026/07/29 01:32:53.418, 278.32, 100, 74232, 74
2026/07/29 01:32:54.453, 264.77, 100, 74232, 74
2026/07/29 01:32:55.489, 303.21, 100, 74232, 72
2026/07/29 01:32:56.529, 303.10, 100, 74232, 72
2026/07/29 01:32:57.568, 302.92, 100, 74232, 72
2026/07/29 01:32:58.606, 302.71, 100, 74232, 72
2026/07/29 01:32:59.644, 304.57, 100, 74232, 73
2026/07/29 01:33:00.682, 303.48, 100, 74232, 73
2026/07/29 01:33:01.720, 301.93, 100, 74232, 73
2026/07/29 01:33:02.758, 295.00, 100, 74232, 74
2026/07/29 01:33:03.792, 306.78, 100, 74232, 75
2026/07/29 01:33:04.827, 289.37, 100, 74232, 74
2026/07/29 01:33:05.863, 303.37, 100, 74232, 75
2026/07/29 01:33:06.897, 278.94, 100, 74232, 75
2026/07/29 01:33:07.933, 299.30, 100, 74232, 75
2026/07/29 01:33:08.970, 295.21, 100, 74232, 73
2026/07/29 01:33:10.007, 285.07, 100, 74232, 73
2026/07/29 01:33:11.046, 288.90, 100, 74232, 73
2026/07/29 01:33:12.085, 295.01, 100, 74232, 75
2026/07/29 01:33:13.120, 279.83, 100, 74232, 75
2026/07/29 01:33:14.155, 287.24, 100, 74232, 75
2026/07/29 01:33:15.190, 298.32, 100, 74232, 75
2026/07/29 01:33:16.229, 297.54, 100, 74232, 75
2026/07/29 01:33:17.264, 297.59, 100, 74232, 75
2026/07/29 01:33:18.299, 297.17, 100, 74232, 73
2026/07/29 01:33:19.340, 295.81, 100, 74232, 73
2026/07/29 01:33:20.378, 296.29, 100, 74232, 73
2026/07/29 01:33:21.416, 297.27, 100, 74232, 73
2026/07/29 01:33:22.455, 296.97, 100, 74232, 73
2026/07/29 01:33:23.493, 302.62, 100, 74232, 73
2026/07/29 01:33:24.531, 296.38, 100, 74232, 73
2026/07/29 01:33:25.572, 298.15, 100, 74232, 74
2026/07/29 01:33:26.610, 304.83, 100, 74232, 74
2026/07/29 01:33:27.648, 298.14, 100, 74232, 74
2026/07/29 01:33:28.686, 297.77, 100, 74232, 73
2026/07/29 01:33:29.728, 303.59, 100, 74232, 74
2026/07/29 01:33:30.766, 303.88, 100, 74232, 74
2026/07/29 01:33:31.805, 304.08, 100, 74232, 74
2026/07/29 01:33:32.844, 297.75, 100, 74232, 73
2026/07/29 01:33:33.881, 296.67, 100, 74232, 73
2026/07/29 01:33:34.918, 297.35, 100, 74232, 73
2026/07/29 01:33:35.956, 297.56, 100, 74232, 73
2026/07/29 01:33:36.994, 298.15, 100, 74232, 73
2026/07/29 01:33:38.033, 297.85, 100, 74232, 73
2026/07/29 01:33:39.070, 298.04, 100, 74232, 73
2026/07/29 01:33:40.108, 297.85, 100, 74232, 73
2026/07/29 01:33:41.146, 297.75, 100, 74232, 73
2026/07/29 01:33:42.183, 297.44, 100, 74232, 73
2026/07/29 01:33:43.227, 298.42, 100, 74232, 73
2026/07/29 01:33:44.265, 302.03, 100, 74232, 73
2026/07/29 01:33:45.304, 304.00, 100, 74232, 73
2026/07/29 01:33:46.341, 305.92, 100, 74232, 73
2026/07/29 01:33:47.380, 305.33, 100, 74232, 73
2026/07/29 01:33:48.417, 297.74, 100, 74232, 73
2026/07/29 01:33:49.456, 297.66, 100, 74232, 73
2026/07/29 01:33:50.494, 297.46, 100, 74232, 73
2026/07/29 01:33:51.531, 297.94, 100, 74232, 73
2026/07/29 01:33:52.568, 297.27, 100, 74232, 73
2026/07/29 01:33:53.605, 297.16, 100, 74232, 73
2026/07/29 01:33:54.644, 298.24, 100, 74232, 73
2026/07/29 01:33:55.681, 304.77, 100, 74232, 73
2026/07/29 01:33:56.718, 304.07, 100, 74232, 73
2026/07/29 01:33:57.756, 304.27, 100, 74232, 73
2026/07/29 01:33:58.793, 296.87, 100, 74232, 73
2026/07/29 01:33:59.830, 296.66, 100, 74232, 73
2026/07/29 01:34:00.868, 296.68, 100, 74232, 73
2026/07/29 01:34:01.909, 297.46, 100, 74232, 73
2026/07/29 01:34:02.946, 296.19, 100, 74232, 73
2026/07/29 01:34:03.983, 296.88, 100, 74232, 73
2026/07/29 01:34:05.021, 304.43, 100, 74232, 73
2026/07/29 01:34:06.058, 301.25, 100, 74232, 73
2026/07/29 01:34:07.099, 304.76, 100, 74232, 73
2026/07/29 01:34:08.137, 304.08, 100, 74232, 73
2026/07/29 01:34:09.174, 304.08, 100, 74232, 73
2026/07/29 01:34:10.212, 304.85, 100, 74232, 73
2026/07/29 01:34:11.248, 297.24, 100, 74232, 73
2026/07/29 01:34:12.286, 296.68, 100, 74232, 73
2026/07/29 01:34:13.324, 297.55, 100, 74232, 73
2026/07/29 01:34:14.364, 296.86, 100, 74232, 73
2026/07/29 01:34:15.403, 296.29, 100, 74232, 73
2026/07/29 01:34:16.441, 302.44, 100, 74232, 75
2026/07/29 01:34:17.476, 298.70, 100, 74232, 74
2026/07/29 01:34:18.512, 289.56, 100, 74232, 74
2026/07/29 01:34:19.547, 306.76, 100, 74232, 74
2026/07/29 01:34:20.582, 299.66, 100, 74232, 75
2026/07/29 01:34:21.617, 260.76, 100, 74232, 74
2026/07/29 01:34:22.658, 293.64, 100, 74232, 74
2026/07/29 01:34:23.693, 303.78, 100, 74232, 73
2026/07/29 01:34:24.731, 303.69, 100, 74232, 73
2026/07/29 01:34:25.769, 296.47, 100, 74232, 73
2026/07/29 01:34:26.806, 293.64, 100, 74232, 73
2026/07/29 01:34:27.845, 296.97, 100, 74232, 73
2026/07/29 01:34:28.882, 291.31, 100, 74232, 73
2026/07/29 01:34:29.919, 296.67, 100, 74232, 73
2026/07/29 01:34:30.957, 282.55, 100, 74232, 74
2026/07/29 01:34:31.993, 299.27, 100, 74232, 75
2026/07/29 01:34:33.027, 303.97, 100, 74232, 75
2026/07/29 01:34:34.063, 300.20, 100, 74232, 75
2026/07/29 01:34:35.099, 286.65, 100, 74232, 75
2026/07/29 01:34:36.222, 296.94, 100, 74232, 75
2026/07/29 01:34:37.257, 301.63, 100, 74232, 75
2026/07/29 01:34:38.291, 305.29, 100, 74232, 73
2026/07/29 01:34:39.329, 305.43, 100, 74232, 73
2026/07/29 01:34:40.367, 303.80, 100, 74232, 73
2026/07/29 01:34:41.406, 301.73, 100, 74232, 73
2026/07/29 01:34:42.443, 306.42, 100, 74232, 73
2026/07/29 01:34:43.481, 305.63, 100, 74232, 73
2026/07/29 01:34:44.519, 305.39, 100, 74232, 74
2026/07/29 01:34:45.555, 306.03, 100, 74232, 74
2026/07/29 01:34:46.593, 305.92, 100, 74232, 74
2026/07/29 01:34:47.631, 293.94, 100, 74232, 73
2026/07/29 01:34:48.670, 294.14, 100, 74232, 73
2026/07/29 01:34:49.708, 298.31, 100, 74232, 73
2026/07/29 01:34:50.747, 299.78, 100, 74232, 74
2026/07/29 01:34:51.786, 298.13, 100, 74232, 73
2026/07/29 01:34:52.823, 298.24, 100, 74232, 73
2026/07/29 01:34:53.863, 295.89, 100, 74232, 73
2026/07/29 01:34:54.901, 298.52, 100, 74232, 73
2026/07/29 01:34:55.938, 296.58, 100, 74232, 73
2026/07/29 01:34:56.977, 301.15, 100, 74232, 73
2026/07/29 01:34:58.015, 305.14, 100, 74232, 73
2026/07/29 01:34:59.053, 305.63, 100, 74232, 73
2026/07/29 01:35:00.091, 305.04, 100, 74232, 73
2026/07/29 01:35:01.128, 303.73, 100, 74232, 73
2026/07/29 01:35:02.166, 304.81, 100, 74232, 73
2026/07/29 01:35:03.203, 305.14, 100, 74232, 73
2026/07/29 01:35:04.241, 303.36, 100, 74232, 73
2026/07/29 01:35:05.278, 303.69, 100, 74232, 73
2026/07/29 01:35:06.315, 303.78, 100, 74232, 73
2026/07/29 01:35:07.352, 305.13, 100, 74232, 73
2026/07/29 01:35:08.389, 304.95, 100, 74232, 73
2026/07/29 01:35:09.427, 304.34, 100, 74232, 73
2026/07/29 01:35:10.465, 295.20, 100, 74232, 73
2026/07/29 01:35:11.506, 295.49, 100, 74232, 73
2026/07/29 01:35:12.544, 293.16, 100, 74232, 73
2026/07/29 01:35:13.583, 296.29, 100, 74232, 73
2026/07/29 01:35:14.625, 295.40, 100, 74232, 73
2026/07/29 01:35:15.663, 296.19, 100, 74232, 73
2026/07/29 01:35:16.700, 301.84, 100, 74232, 73
2026/07/29 01:35:17.738, 303.30, 100, 74232, 73
2026/07/29 01:35:18.776, 305.15, 100, 74232, 73
2026/07/29 01:35:19.814, 296.67, 100, 74232, 73
2026/07/29 01:35:20.852, 292.10, 100, 74232, 73
2026/07/29 01:35:21.890, 292.94, 100, 74232, 73
2026/07/29 01:35:22.929, 294.04, 100, 74232, 73
2026/07/29 01:35:23.967, 296.48, 100, 74232, 73
2026/07/29 01:35:25.004, 295.88, 100, 74232, 73
2026/07/29 01:35:26.041, 301.84, 100, 74232, 73
2026/07/29 01:35:27.086, 305.25, 100, 74232, 73
2026/07/29 01:35:28.123, 300.39, 100, 74232, 73
2026/07/29 01:35:29.162, 302.42, 100, 74232, 73
2026/07/29 01:35:30.201, 301.71, 100, 74232, 73
2026/07/29 01:35:31.240, 300.17, 100, 74232, 73
2026/07/29 01:35:32.278, 301.35, 100, 74232, 73
2026/07/29 01:35:33.316, 291.22, 100, 74232, 73
2026/07/29 01:35:34.354, 294.23, 100, 74232, 73
2026/07/29 01:35:35.394, 294.73, 100, 74232, 73
2026/07/29 01:35:36.431, 296.59, 100, 74232, 73
2026/07/29 01:35:37.470, 297.16, 100, 74232, 73
2026/07/29 01:35:38.510, 300.76, 100, 74232, 73
2026/07/29 01:35:39.547, 300.95, 100, 74232, 73
2026/07/29 01:35:40.587, 302.67, 100, 74232, 73
2026/07/29 01:35:41.624, 302.62, 100, 74232, 73
2026/07/29 01:35:42.662, 302.88, 100, 74232, 73
2026/07/29 01:35:43.700, 296.97, 100, 74232, 73
2026/07/29 01:35:44.738, 294.82, 100, 74232, 73
2026/07/29 01:35:45.776, 294.72, 100, 74232, 73
2026/07/29 01:35:46.813, 295.70, 100, 74232, 73
2026/07/29 01:35:47.853, 293.95, 100, 74232, 73
2026/07/29 01:35:48.891, 295.60, 100, 74232, 73
2026/07/29 01:35:49.930, 302.32, 100, 74232, 73
2026/07/29 01:35:50.969, 294.56, 100, 74232, 73
2026/07/29 01:35:52.008, 296.79, 100, 74232, 73
2026/07/29 01:35:53.047, 294.82, 100, 74232, 73
2026/07/29 01:35:54.085, 296.39, 100, 74232, 73
2026/07/29 01:35:55.122, 294.33, 100, 74232, 73
2026/07/29 01:35:56.160, 294.93, 100, 74232, 73
2026/07/29 01:35:57.197, 296.19, 100, 74232, 73
2026/07/29 01:35:58.236, 297.74, 100, 74232, 73
2026/07/29 01:35:59.273, 297.16, 100, 74232, 73
2026/07/29 01:36:00.310, 292.38, 100, 74232, 73
2026/07/29 01:36:01.348, 295.80, 100, 74232, 73
2026/07/29 01:36:02.386, 298.82, 100, 74232, 73
2026/07/29 01:36:03.424, 304.66, 100, 74232, 73
2026/07/29 01:36:04.462, 299.02, 100, 74232, 73
2026/07/29 01:36:05.500, 302.61, 100, 74232, 73
2026/07/29 01:36:06.537, 302.33, 100, 74232, 73
2026/07/29 01:36:07.576, 303.49, 100, 74232, 73
2026/07/29 01:36:08.617, 299.87, 100, 74232, 73
2026/07/29 01:36:09.656, 295.98, 100, 74232, 73
2026/07/29 01:36:10.694, 292.09, 100, 74232, 73
2026/07/29 01:36:11.736, 295.60, 100, 74232, 73
2026/07/29 01:36:12.774, 301.95, 100, 74232, 73
2026/07/29 01:36:13.812, 295.29, 100, 74232, 73
2026/07/29 01:36:14.852, 295.22, 100, 74232, 73
2026/07/29 01:36:15.890, 288.31, 100, 74232, 74
2026/07/29 01:36:16.931, 286.83, 100, 74232, 74
2026/07/29 01:36:17.971, 308.03, 100, 74232, 75
2026/07/29 01:36:19.005, 275.40, 100, 74232, 74
2026/07/29 01:36:20.040, 281.64, 100, 74232, 74
2026/07/29 01:36:21.076, 290.60, 100, 74232, 74
2026/07/29 01:36:22.117, 303.98, 100, 74232, 73
2026/07/29 01:36:23.154, 304.67, 100, 74232, 73
2026/07/29 01:36:24.194, 304.36, 100, 74232, 73
2026/07/29 01:36:25.232, 304.43, 100, 74232, 73
2026/07/29 01:36:26.269, 301.64, 100, 74232, 73
2026/07/29 01:36:27.306, 299.97, 100, 74232, 75
2026/07/29 01:36:28.343, 295.99, 100, 74232, 75
2026/07/29 01:36:29.378, 289.85, 100, 74232, 75
2026/07/29 01:36:30.413, 301.14, 100, 74232, 75
2026/07/29 01:36:31.449, 262.02, 100, 74232, 75
2026/07/29 01:36:32.486, 278.24, 100, 74232, 75
2026/07/29 01:36:33.521, 305.55, 100, 74232, 73
2026/07/29 01:36:34.558, 301.35, 100, 74232, 73
2026/07/29 01:36:35.599, 295.59, 100, 74232, 73
2026/07/29 01:36:36.638, 305.83, 100, 74232, 73
2026/07/29 01:36:37.675, 301.44, 100, 74232, 74
2026/07/29 01:36:38.716, 304.34, 100, 74232, 75
2026/07/29 01:36:39.751, 299.60, 100, 74232, 75
2026/07/29 01:36:40.786, 304.16, 100, 74232, 75
2026/07/29 01:36:41.822, 311.42, 100, 74232, 75
2026/07/29 01:36:42.856, 289.48, 100, 74232, 75
2026/07/29 01:36:43.892, 289.03, 100, 74232, 75
2026/07/29 01:36:44.929, 282.38, 100, 74232, 75
2026/07/29 01:36:45.967, 297.56, 100, 74232, 74
2026/07/29 01:36:47.008, 291.33, 100, 74232, 74
2026/07/29 01:36:48.045, 298.71, 100, 74232, 74
2026/07/29 01:36:49.091, 294.24, 100, 74232, 74
2026/07/29 01:36:50.130, 292.69, 100, 74232, 75
2026/07/29 01:36:51.165, 298.53, 100, 74232, 76
2026/07/29 01:36:52.200, 290.05, 100, 74232, 76
2026/07/29 01:36:53.239, 308.08, 100, 74232, 76
2026/07/29 01:36:54.274, 312.29, 100, 74232, 76
2026/07/29 01:36:55.309, 315.45, 100, 74232, 76
2026/07/29 01:36:56.346, 298.63, 100, 74232, 74
2026/07/29 01:36:57.384, 297.56, 100, 74232, 74
2026/07/29 01:36:58.423, 298.53, 100, 74232, 74
2026/07/29 01:36:59.461, 297.44, 100, 74232, 74
2026/07/29 01:37:00.500, 267.60, 100, 74232, 75
2026/07/29 01:37:01.536, 300.85, 100, 74232, 76
2026/07/29 01:37:02.570, 288.57, 100, 74232, 76
2026/07/29 01:37:03.607, 321.91, 100, 74232, 76
2026/07/29 01:37:04.644, 316.99, 100, 74232, 76
2026/07/29 01:37:05.682, 312.80, 100, 74232, 76
2026/07/29 01:37:06.717, 309.03, 100, 74232, 76
2026/07/29 01:37:07.752, 305.56, 100, 74232, 74
2026/07/29 01:37:08.789, 297.94, 100, 74232, 74
2026/07/29 01:37:09.829, 297.65, 100, 74232, 74
2026/07/29 01:37:10.871, 305.03, 100, 74232, 74
2026/07/29 01:37:11.908, 295.04, 100, 74232, 75
2026/07/29 01:37:12.943, 300.75, 100, 74232, 76
2026/07/29 01:37:13.979, 301.43, 100, 74232, 76
2026/07/29 01:37:15.014, 302.22, 100, 74232, 76
2026/07/29 01:37:16.049, 314.54, 100, 74232, 76
2026/07/29 01:37:17.092, 304.15, 100, 74232, 76
2026/07/29 01:37:18.126, 308.09, 100, 74232, 76
2026/07/29 01:37:19.162, 298.61, 100, 74232, 74
2026/07/29 01:37:20.200, 298.42, 100, 74232, 74
2026/07/29 01:37:21.238, 304.65, 100, 74232, 74
2026/07/29 01:37:22.275, 304.75, 100, 74232, 74
2026/07/29 01:37:23.315, 303.77, 100, 74232, 74
2026/07/29 01:37:24.352, 299.57, 100, 74232, 74
2026/07/29 01:37:25.393, 296.31, 100, 74232, 74
2026/07/29 01:37:26.430, 297.08, 100, 74232, 74
2026/07/29 01:37:27.466, 295.13, 100, 74232, 74
2026/07/29 01:37:28.506, 297.75, 100, 74232, 74
2026/07/29 01:37:29.543, 298.82, 100, 74232, 74
2026/07/29 01:37:30.587, 296.78, 100, 74232, 74
2026/07/29 01:37:31.624, 295.80, 100, 74232, 74
2026/07/29 01:37:32.660, 297.46, 100, 74232, 74
2026/07/29 01:37:33.696, 294.62, 100, 74232, 74
2026/07/29 01:37:34.736, 296.57, 100, 74232, 74
2026/07/29 01:37:35.773, 99.96, 0, 74232, 70
2026/07/29 01:37:36.805, 99.25, 0, 74232, 70
2026/07/29 01:37:37.837, 98.38, 0, 74232, 69
2026/07/29 01:37:38.868, 96.58, 0, 74232, 68
2026/07/29 01:37:39.902, 95.91, 0, 74232, 68
2026/07/29 01:37:40.935, 96.07, 0, 74232, 67
2026/07/29 01:37:41.967, 94.42, 0, 74232, 67
2026/07/29 01:37:43.001, 93.84, 0, 74232, 66
2026/07/29 01:37:44.034, 94.21, 0, 74232, 66
2026/07/29 01:37:45.065, 93.54, 0, 74232, 65
2026/07/29 01:37:46.098, 93.12, 0, 74232, 65
2026/07/29 01:37:47.129, 92.96, 0, 74232, 65
2026/07/29 01:37:48.161, 92.26, 0, 74232, 64
2026/07/29 01:37:49.194, 91.97, 0, 74232, 64
2026/07/29 01:37:50.224, 91.48, 0, 74232, 64
2026/07/29 01:37:51.255, 90.09, 0, 74232, 63
2026/07/29 01:37:52.288, 89.89, 0, 74232, 63
2026/07/29 01:37:53.318, 90.28, 0, 74232, 63
2026/07/29 01:37:54.349, 90.06, 0, 74232, 62
2026/07/29 01:37:55.383, 88.92, 0, 74232, 62
2026/07/29 01:37:56.414, 89.41, 0, 74232, 62
2026/07/29 01:37:57.446, 88.22, 0, 74232, 61
2026/07/29 01:37:58.480, 88.99, 0, 74232, 61
2026/07/29 01:37:59.510, 88.50, 0, 74232, 61
2026/07/29 01:38:00.541, 88.32, 0, 74232, 61
2026/07/29 01:38:01.574, 87.17, 0, 74232, 60
2026/07/29 01:38:02.606, 87.84, 0, 74232, 60
2026/07/29 01:38:03.636, 87.54, 0, 74232, 60
2026/07/29 01:38:04.668, 86.40, 0, 74232, 60
2026/07/29 01:38:05.790, 87.02, 0, 74232, 60
2026/07/29 01:38:06.822, 86.05, 0, 74232, 59
2026/07/29 01:38:07.851, 86.45, 0, 74232, 59
2026/07/29 01:38:08.881, 86.42, 0, 74232, 59
2026/07/29 01:38:09.965, 85.29, 0, 74232, 59
2026/07/29 01:38:10.997, 84.92, 0, 74232, 58
2026/07/29 01:38:12.029, 83.50, 0, 74232, 58
2026/07/29 01:38:13.060, 83.19, 0, 74232, 58
2026/07/29 01:38:14.091, 83.05, 0, 74232, 58
2026/07/29 01:38:15.125, 82.68, 0, 74232, 58
2026/07/29 01:38:16.157, 82.71, 0, 74232, 57
2026/07/29 01:38:17.192, 82.40, 0, 74232, 57
2026/07/29 01:38:18.223, 82.20, 0, 74232, 57
2026/07/29 01:38:19.253, 81.83, 0, 74232, 57
2026/07/29 01:38:20.284, 82.13, 0, 74232, 57
2026/07/29 01:38:21.314, 81.62, 0, 74232, 56
2026/07/29 01:38:22.344, 81.39, 0, 74232, 56
2026/07/29 01:38:23.374, 81.24, 0, 74232, 56
2026/07/29 01:38:24.404, 81.04, 0, 74232, 56
2026/07/29 01:38:25.436, 80.86, 0, 74232, 56
2026/07/29 01:38:26.466, 80.85, 0, 74232, 55
2026/07/29 01:38:27.497, 80.57, 0, 74232, 55
2026/07/29 01:38:28.527, 80.36, 0, 74232, 55
2026/07/29 01:38:29.556, 80.26, 0, 74232, 55
2026/07/29 01:38:30.586, 79.84, 0, 74232, 55
2026/07/29 01:38:31.617, 80.02, 0, 74232, 55
2026/07/29 01:38:32.647, 79.85, 0, 74232, 54
2026/07/29 01:38:33.678, 79.58, 0, 74232, 54
2026/07/29 01:38:34.708, 79.84, 0, 74232, 54
2026/07/29 01:38:35.738, 79.39, 0, 74232, 57
2026/07/29 01:38:36.772, 299.20, 100, 74232, 60
2026/07/29 01:38:37.804, 294.62, 100, 74232, 60
2026/07/29 01:38:38.838, 307.63, 100, 74232, 61
2026/07/29 01:38:39.871, 298.33, 100, 74232, 61
2026/07/29 01:38:40.904, 301.62, 100, 74232, 60
2026/07/29 01:38:41.940, 295.01, 100, 74232, 60
2026/07/29 01:38:42.976, 295.29, 100, 74232, 60
2026/07/29 01:38:44.011, 302.13, 100, 74232, 61
2026/07/29 01:38:45.055, 297.36, 100, 74232, 61
2026/07/29 01:38:46.094, 295.80, 100, 74232, 61
2026/07/29 01:38:47.129, 295.79, 100, 74232, 62
2026/07/29 01:38:48.166, 309.68, 100, 74232, 64
2026/07/29 01:38:49.200, 307.72, 100, 74232, 64
2026/07/29 01:38:50.233, 298.14, 100, 74232, 64
2026/07/29 01:38:51.267, 286.36, 100, 74232, 65
2026/07/29 01:38:52.301, 258.24, 100, 74232, 65
2026/07/29 01:38:53.338, 277.45, 100, 74232, 63
2026/07/29 01:38:54.374, 286.42, 100, 74232, 63
2026/07/29 01:38:55.410, 289.93, 100, 74232, 64
2026/07/29 01:38:56.445, 290.14, 100, 74232, 64
2026/07/29 01:38:57.482, 297.74, 100, 74232, 66
2026/07/29 01:38:58.516, 286.36, 100, 74232, 66
2026/07/29 01:38:59.548, 306.30, 100, 74232, 67
2026/07/29 01:39:00.581, 276.47, 100, 74232, 67
2026/07/29 01:39:01.615, 262.58, 100, 74232, 67
2026/07/29 01:39:02.651, 292.68, 100, 74232, 65
2026/07/29 01:39:03.687, 292.11, 100, 74232, 66
2026/07/29 01:39:04.723, 300.25, 100, 74232, 66
2026/07/29 01:39:05.758, 299.77, 100, 74232, 66
2026/07/29 01:39:06.795, 300.65, 100, 74232, 66
2026/07/29 01:39:07.832, 294.67, 100, 74232, 68
2026/07/29 01:39:08.866, 303.69, 100, 74232, 69
2026/07/29 01:39:09.903, 291.08, 100, 74232, 69
2026/07/29 01:39:10.936, 294.22, 100, 74232, 69
2026/07/29 01:39:11.969, 288.27, 100, 74232, 69
2026/07/29 01:39:13.003, 302.50, 100, 74232, 68
2026/07/29 01:39:14.039, 300.77, 100, 74232, 68
2026/07/29 01:39:15.074, 301.16, 100, 74232, 68
2026/07/29 01:39:16.110, 301.53, 100, 74232, 68
2026/07/29 01:39:17.144, 295.32, 100, 74232, 70
2026/07/29 01:39:18.177, 308.27, 100, 74232, 70
2026/07/29 01:39:19.211, 302.79, 100, 74232, 70
2026/07/29 01:39:20.249, 302.85, 100, 74232, 70
2026/07/29 01:39:21.285, 301.21, 100, 74232, 71
2026/07/29 01:39:22.322, 288.97, 100, 74232, 69
2026/07/29 01:39:23.358, 286.44, 100, 74232, 69
2026/07/29 01:39:24.394, 289.54, 100, 74232, 69
2026/07/29 01:39:25.430, 287.13, 100, 74232, 69
2026/07/29 01:39:26.468, 285.55, 100, 74232, 69
2026/07/29 01:39:27.504, 288.89, 100, 74232, 70
2026/07/29 01:39:28.543, 289.45, 100, 74232, 70
2026/07/29 01:39:29.579, 297.06, 100, 74232, 70
2026/07/29 01:39:30.616, 306.16, 100, 74232, 71
2026/07/29 01:39:31.649, 306.18, 100, 74232, 72
2026/07/29 01:39:32.683, 309.29, 100, 74232, 72
2026/07/29 01:39:33.716, 289.43, 100, 74232, 72
2026/07/29 01:39:34.749, 313.76, 100, 74232, 72
2026/07/29 01:39:35.785, 307.09, 100, 74232, 70
2026/07/29 01:39:36.823, 304.75, 100, 74232, 70
2026/07/29 01:39:37.860, 304.72, 100, 74232, 70
2026/07/29 01:39:38.898, 298.04, 100, 74232, 71
2026/07/29 01:39:39.935, 298.14, 90, 74232, 72
2026/07/29 01:39:40.973, 298.91, 100, 74232, 72
2026/07/29 01:39:42.007, 309.61, 100, 74232, 72
2026/07/29 01:39:43.043, 283.50, 100, 74232, 72
2026/07/29 01:39:44.081, 292.31, 100, 74232, 72
2026/07/29 01:39:45.116, 307.76, 100, 74232, 71
2026/07/29 01:39:46.153, 305.01, 100, 74232, 71
2026/07/29 01:39:47.190, 294.63, 100, 74232, 71
2026/07/29 01:39:48.226, 299.08, 100, 74232, 71
2026/07/29 01:39:49.263, 353.77, 0, 74232, 72
2026/07/29 01:39:50.298, 300.92, 100, 74232, 73
2026/07/29 01:39:51.335, 309.12, 100, 74232, 73
2026/07/29 01:39:52.369, 297.75, 100, 74232, 73
2026/07/29 01:39:53.404, 277.91, 100, 74232, 73
2026/07/29 01:39:54.441, 313.35, 100, 74232, 72
2026/07/29 01:39:55.485, 294.82, 100, 74232, 72
2026/07/29 01:39:56.526, 292.87, 100, 74232, 72
2026/07/29 01:39:57.564, 293.34, 100, 74232, 72
2026/07/29 01:39:58.604, 293.65, 100, 74232, 72
2026/07/29 01:39:59.644, 295.20, 100, 74232, 72
2026/07/29 01:40:00.681, 293.74, 100, 74232, 72
2026/07/29 01:40:01.719, 301.33, 100, 74232, 72
2026/07/29 01:40:02.757, 297.85, 100, 74232, 72
2026/07/29 01:40:03.794, 298.83, 100, 74232, 74
2026/07/29 01:40:04.829, 300.29, 100, 74232, 74
2026/07/29 01:40:05.866, 299.30, 100, 74232, 74
2026/07/29 01:40:06.901, 294.56, 100, 74232, 74
2026/07/29 01:40:07.939, 285.52, 100, 74232, 74
2026/07/29 01:40:08.979, 301.36, 100, 74232, 73
2026/07/29 01:40:10.016, 303.67, 100, 74232, 73
2026/07/29 01:40:11.054, 302.33, 100, 74232, 73
2026/07/29 01:40:12.093, 302.03, 100, 74232, 73
2026/07/29 01:40:13.129, 302.60, 100, 74232, 73
2026/07/29 01:40:14.168, 302.12, 100, 74232, 73
2026/07/29 01:40:15.207, 302.60, 100, 74232, 73
2026/07/29 01:40:16.245, 303.74, 100, 74232, 73
2026/07/29 01:40:17.285, 303.16, 100, 74232, 73
2026/07/29 01:40:18.322, 303.88, 100, 74232, 73
2026/07/29 01:40:19.361, 304.17, 100, 74232, 73
2026/07/29 01:40:20.399, 297.15, 100, 74232, 73
2026/07/29 01:40:21.436, 296.10, 100, 74232, 73
2026/07/29 01:40:22.473, 294.84, 100, 74232, 73
2026/07/29 01:40:23.511, 295.41, 100, 74232, 73
2026/07/29 01:40:24.549, 310.88, 92, 74232, 75
2026/07/29 01:40:25.584, 296.67, 100, 74232, 75
2026/07/29 01:40:26.620, 296.12, 100, 74232, 75
2026/07/29 01:40:27.662, 287.50, 100, 74232, 74
2026/07/29 01:40:28.697, 283.02, 100, 74232, 75
2026/07/29 01:40:29.738, 325.12, 100, 74232, 75
2026/07/29 01:40:30.774, 302.37, 100, 74232, 73
2026/07/29 01:40:31.812, 302.60, 100, 74232, 73
2026/07/29 01:40:32.849, 302.96, 100, 74232, 73
2026/07/29 01:40:33.889, 302.70, 100, 74232, 73
2026/07/29 01:40:34.927, 303.38, 100, 74232, 73
2026/07/29 01:40:35.964, 99.14, 0, 74232, 70
2026/07/29 01:40:36.997, 283.33, 100, 74232, 74
2026/07/29 01:40:38.033, 316.15, 100, 74232, 75
2026/07/29 01:40:39.068, 295.71, 100, 74232, 75
2026/07/29 01:40:40.103, 303.96, 100, 74232, 75
2026/07/29 01:40:41.140, 289.17, 100, 74232, 74
2026/07/29 01:40:42.176, 293.93, 100, 74232, 74
2026/07/29 01:40:43.212, 298.30, 100, 74232, 73
2026/07/29 01:40:44.251, 294.73, 100, 74232, 73
2026/07/29 01:40:45.289, 298.42, 100, 74232, 73
2026/07/29 01:40:46.327, 284.85, 100, 74232, 73
2026/07/29 01:40:47.364, 282.30, 100, 74232, 74
2026/07/29 01:40:48.400, 314.74, 100, 74232, 75
2026/07/29 01:40:49.436, 291.71, 100, 74232, 75
2026/07/29 01:40:50.470, 320.28, 100, 74232, 75
2026/07/29 01:40:51.505, 300.91, 100, 74232, 75
2026/07/29 01:40:52.539, 299.42, 100, 74232, 75
2026/07/29 01:40:53.577, 303.39, 100, 74232, 73
2026/07/29 01:40:54.617, 303.19, 100, 74232, 73
2026/07/29 01:40:55.654, 303.29, 100, 74232, 73
2026/07/29 01:40:56.692, 303.00, 100, 74232, 73
2026/07/29 01:40:57.730, 303.39, 100, 74232, 73
2026/07/29 01:40:58.768, 304.26, 100, 74232, 74
2026/07/29 01:40:59.805, 305.70, 100, 74232, 74
2026/07/29 01:41:00.842, 303.49, 100, 74232, 74
2026/07/29 01:41:01.880, 304.75, 100, 74232, 74
2026/07/29 01:41:02.920, 307.58, 100, 74232, 74
2026/07/29 01:41:03.957, 297.25, 100, 74232, 75
2026/07/29 01:41:04.993, 311.95, 100, 74232, 75
2026/07/29 01:41:06.028, 299.89, 100, 74232, 75
2026/07/29 01:41:07.065, 327.56, 100, 74232, 75
2026/07/29 01:41:08.099, 292.86, 100, 74232, 75
2026/07/29 01:41:09.137, 288.87, 100, 74232, 75
2026/07/29 01:41:10.173, 259.30, 100, 74232, 73
2026/07/29 01:41:11.212, 286.25, 100, 74232, 73
2026/07/29 01:41:12.249, 289.47, 100, 74232, 73
2026/07/29 01:41:13.286, 294.53, 100, 74232, 73
2026/07/29 01:41:14.325, 295.79, 100, 74232, 73
2026/07/29 01:41:15.361, 295.59, 100, 74232, 73
2026/07/29 01:41:16.400, 296.09, 100, 74232, 74
2026/07/29 01:41:17.438, 296.57, 100, 74232, 74
2026/07/29 01:41:18.476, 303.97, 100, 74232, 74
2026/07/29 01:41:19.513, 304.07, 100, 74232, 74
2026/07/29 01:41:20.551, 303.59, 100, 74232, 74
2026/07/29 01:41:21.588, 303.68, 100, 74232, 74
2026/07/29 01:41:22.626, 303.88, 100, 74232, 74
2026/07/29 01:41:23.664, 303.78, 100, 74232, 74
2026/07/29 01:41:24.700, 302.69, 100, 74232, 74
2026/07/29 01:41:25.737, 303.97, 100, 74232, 73
2026/07/29 01:41:26.775, 303.56, 100, 74232, 73
2026/07/29 01:41:27.813, 305.32, 100, 74232, 73
2026/07/29 01:41:28.850, 303.21, 100, 74232, 73
2026/07/29 01:41:29.888, 304.46, 100, 74232, 73
2026/07/29 01:41:30.925, 305.53, 100, 74232, 73
2026/07/29 01:41:31.963, 303.30, 100, 74232, 73
2026/07/29 01:41:33.000, 303.00, 100, 74232, 73
2026/07/29 01:41:34.038, 300.42, 100, 74232, 73
2026/07/29 01:41:35.076, 303.10, 100, 74232, 73
2026/07/29 01:41:36.115, 292.10, 100, 74232, 73
2026/07/29 01:41:37.153, 292.00, 100, 74232, 73
2026/07/29 01:41:38.191, 295.60, 100, 74232, 73
2026/07/29 01:41:39.231, 300.67, 100, 74232, 73
2026/07/29 01:41:40.269, 302.51, 100, 74232, 73
2026/07/29 01:41:41.306, 302.71, 100, 74232, 73
2026/07/29 01:41:42.345, 303.67, 100, 74232, 73
2026/07/29 01:41:43.382, 304.96, 100, 74232, 73
2026/07/29 01:41:44.423, 295.41, 100, 74232, 73
2026/07/29 01:41:45.461, 296.61, 100, 74232, 73
2026/07/29 01:41:46.498, 296.27, 100, 74232, 73
2026/07/29 01:41:47.536, 291.91, 100, 74232, 73
2026/07/29 01:41:48.574, 295.49, 100, 74232, 73
2026/07/29 01:41:49.614, 301.83, 100, 74232, 73
2026/07/29 01:41:50.652, 295.12, 100, 74232, 73
2026/07/29 01:41:51.690, 304.13, 100, 74232, 73
2026/07/29 01:41:52.728, 292.00, 100, 74232, 73
2026/07/29 01:41:53.765, 295.60, 100, 74232, 73
2026/07/29 01:41:54.804, 298.74, 100, 74232, 73
2026/07/29 01:41:55.842, 299.01, 100, 74232, 73
2026/07/29 01:41:56.883, 296.39, 100, 74232, 73
2026/07/29 01:41:57.922, 301.64, 100, 74232, 73
2026/07/29 01:41:58.960, 300.04, 100, 74232, 73
2026/07/29 01:42:00.005, 298.14, 100, 74232, 73
2026/07/29 01:42:01.044, 296.09, 100, 74232, 73
2026/07/29 01:42:02.082, 295.31, 100, 74232, 73
2026/07/29 01:42:03.121, 295.61, 100, 74232, 73
2026/07/29 01:42:04.158, 303.17, 100, 74232, 75
2026/07/29 01:42:05.193, 307.26, 100, 74232, 75
2026/07/29 01:42:06.230, 300.53, 100, 74232, 75
2026/07/29 01:42:07.265, 308.71, 100, 74232, 75
2026/07/29 01:42:08.301, 299.39, 100, 74232, 75
2026/07/29 01:42:09.345, 289.27, 100, 74232, 74
2026/07/29 01:42:10.381, 300.69, 100, 74232, 75
2026/07/29 01:42:11.418, 303.19, 100, 74232, 73
2026/07/29 01:42:12.457, 303.00, 100, 74232, 73
2026/07/29 01:42:13.496, 303.59, 100, 74232, 73
2026/07/29 01:42:14.534, 305.30, 100, 74232, 73
2026/07/29 01:42:15.571, 301.83, 100, 74232, 73
2026/07/29 01:42:16.611, 99.54, 0, 74232, 70
2026/07/29 01:42:17.644, 293.30, 100, 74232, 74
2026/07/29 01:42:18.679, 292.75, 100, 74232, 74
2026/07/29 01:42:19.714, 280.55, 100, 74232, 74
2026/07/29 01:42:20.749, 292.32, 100, 74232, 75
2026/07/29 01:42:21.784, 314.73, 100, 74232, 75
2026/07/29 01:42:22.820, 278.43, 100, 74232, 75
2026/07/29 01:42:23.857, 300.58, 100, 74232, 74
2026/07/29 01:42:24.900, 289.75, 100, 74232, 73
2026/07/29 01:42:25.938, 287.72, 100, 74232, 73
2026/07/29 01:42:26.976, 287.42, 100, 74232, 73
2026/07/29 01:42:28.016, 99.70, 0, 74232, 70
2026/07/29 01:42:29.049, 297.32, 100, 74232, 74
2026/07/29 01:42:30.089, 300.08, 100, 74232, 75
2026/07/29 01:42:31.124, 307.75, 100, 74232, 75
2026/07/29 01:42:32.161, 294.45, 100, 74232, 74
2026/07/29 01:42:33.202, 313.18, 100, 74232, 75
2026/07/29 01:42:34.237, 322.40, 100, 74232, 75
2026/07/29 01:42:35.274, 280.68, 100, 74232, 73
2026/07/29 01:42:36.313, 289.25, 100, 74232, 73
2026/07/29 01:42:37.351, 284.86, 100, 74232, 73
2026/07/29 01:42:38.390, 287.81, 100, 74232, 73
2026/07/29 01:42:39.427, 100.13, 0, 74232, 70
2026/07/29 01:42:40.463, 292.09, 100, 74232, 73
2026/07/29 01:42:41.504, 294.52, 100, 74232, 73
2026/07/29 01:42:42.544, 294.13, 100, 74232, 73
2026/07/29 01:42:43.581, 295.89, 100, 74232, 73
2026/07/29 01:42:44.620, 295.21, 100, 74232, 73
2026/07/29 01:42:45.658, 297.07, 100, 74232, 73
2026/07/29 01:42:46.696, 301.43, 100, 74232, 74
2026/07/29 01:42:47.734, 303.19, 100, 74232, 74
2026/07/29 01:42:48.771, 304.00, 100, 74232, 74
2026/07/29 01:42:49.809, 305.15, 100, 74232, 74
2026/07/29 01:42:50.847, 303.39, 100, 74232, 74
2026/07/29 01:42:51.884, 303.70, 100, 74232, 74
2026/07/29 01:42:52.923, 302.24, 100, 74232, 74
2026/07/29 01:42:53.960, 303.78, 100, 74232, 74
2026/07/29 01:42:54.996, 301.63, 100, 74232, 74
2026/07/29 01:42:56.033, 293.94, 100, 74232, 73
2026/07/29 01:42:57.070, 295.89, 100, 74232, 73
2026/07/29 01:42:58.106, 296.85, 100, 74232, 73
2026/07/29 01:42:59.143, 295.40, 100, 74232, 73
2026/07/29 01:43:00.180, 296.48, 100, 74232, 73
2026/07/29 01:43:01.217, 295.20, 100, 74232, 73
2026/07/29 01:43:02.257, 295.20, 100, 74232, 73
2026/07/29 01:43:03.295, 294.13, 100, 74232, 73
2026/07/29 01:43:04.331, 294.92, 100, 74232, 73
2026/07/29 01:43:05.368, 295.89, 100, 74232, 73
2026/07/29 01:43:06.405, 306.20, 100, 74232, 73
2026/07/29 01:43:07.443, 301.63, 100, 74232, 73
2026/07/29 01:43:08.479, 305.02, 100, 74232, 73
2026/07/29 01:43:09.516, 299.69, 100, 74232, 73
2026/07/29 01:43:10.554, 303.97, 100, 74232, 73
2026/07/29 01:43:11.593, 301.02, 100, 74232, 73
2026/07/29 01:43:12.630, 303.39, 100, 74232, 73
2026/07/29 01:43:13.667, 301.51, 100, 74232, 73
2026/07/29 01:43:14.705, 302.46, 100, 74232, 73
2026/07/29 01:43:15.743, 301.33, 100, 74232, 73
2026/07/29 01:43:16.781, 297.28, 100, 74232, 73
2026/07/29 01:43:17.818, 291.81, 100, 74232, 73
2026/07/29 01:43:18.854, 293.66, 100, 74232, 73
2026/07/29 01:43:19.892, 294.94, 100, 74232, 73
2026/07/29 01:43:20.929, 295.11, 100, 74232, 73
2026/07/29 01:43:21.967, 293.57, 100, 74232, 73
2026/07/29 01:43:23.005, 295.52, 100, 74232, 73
2026/07/29 01:43:24.043, 298.82, 100, 74232, 73
2026/07/29 01:43:25.081, 296.00, 100, 74232, 73
2026/07/29 01:43:26.117, 293.84, 100, 74232, 73
2026/07/29 01:43:27.155, 295.71, 100, 74232, 73
2026/07/29 01:43:28.192, 294.14, 100, 74232, 73
2026/07/29 01:43:29.232, 294.72, 100, 74232, 73
2026/07/29 01:43:30.270, 302.91, 100, 74232, 73
2026/07/29 01:43:31.307, 302.41, 100, 74232, 73
2026/07/29 01:43:32.344, 300.74, 100, 74232, 73
2026/07/29 01:43:33.380, 302.22, 100, 74232, 73
2026/07/29 01:43:34.416, 303.19, 100, 74232, 73
2026/07/29 01:43:35.453, 302.33, 100, 74232, 73
2026/07/29 01:43:36.490, 302.32, 100, 74232, 73
2026/07/29 01:43:37.525, 303.03, 100, 74232, 73
2026/07/29 01:43:38.562, 301.35, 100, 74232, 73
2026/07/29 01:43:39.599, 302.72, 100, 74232, 73
2026/07/29 01:43:40.637, 301.94, 100, 74232, 73
2026/07/29 01:43:41.675, 302.62, 100, 74232, 73
2026/07/29 01:43:42.711, 302.29, 100, 74232, 73
2026/07/29 01:43:43.748, 302.58, 100, 74232, 73
2026/07/29 01:43:44.785, 303.87, 100, 74232, 73
2026/07/29 01:43:45.822, 301.93, 100, 74232, 73
2026/07/29 01:43:46.858, 293.07, 100, 74232, 73
2026/07/29 01:43:47.896, 289.76, 100, 74232, 73
2026/07/29 01:43:48.935, 294.61, 100, 74232, 73
2026/07/29 01:43:49.972, 292.99, 100, 74232, 73
2026/07/29 01:43:51.009, 292.40, 100, 74232, 73
2026/07/29 01:43:52.047, 293.64, 100, 74232, 73
2026/07/29 01:43:53.083, 306.31, 100, 74232, 73
2026/07/29 01:43:54.120, 298.63, 100, 74232, 73
2026/07/29 01:43:55.159, 298.41, 100, 74232, 73
2026/07/29 01:43:56.196, 297.06, 100, 74232, 73
2026/07/29 01:43:57.235, 303.36, 100, 74232, 73
2026/07/29 01:43:58.274, 303.09, 100, 74232, 73
2026/07/29 01:43:59.311, 301.82, 100, 74232, 73
2026/07/29 01:44:00.350, 301.44, 100, 74232, 73
2026/07/29 01:44:01.389, 302.51, 100, 74232, 73
2026/07/29 01:44:02.426, 301.74, 100, 74232, 73
2026/07/29 01:44:03.466, 302.61, 100, 74232, 73
2026/07/29 01:44:04.504, 303.18, 100, 74232, 73
2026/07/29 01:44:05.542, 302.20, 100, 74232, 73
2026/07/29 01:44:06.580, 302.03, 100, 74232, 73
2026/07/29 01:44:07.618, 301.84, 100, 74232, 73
2026/07/29 01:44:08.657, 303.58, 100, 74232, 73
2026/07/29 01:44:09.694, 303.11, 100, 74232, 73
2026/07/29 01:44:10.730, 302.51, 100, 74232, 73
2026/07/29 01:44:11.769, 303.19, 100, 74232, 73
2026/07/29 01:44:12.807, 301.73, 100, 74232, 73
2026/07/29 01:44:13.846, 302.01, 100, 74232, 73
2026/07/29 01:44:14.883, 301.43, 100, 74232, 73
2026/07/29 01:44:15.920, 300.37, 100, 74232, 73
2026/07/29 01:44:16.959, 299.70, 100, 74232, 73
2026/07/29 01:44:17.998, 295.82, 100, 74232, 73
2026/07/29 01:44:19.035, 299.40, 100, 74232, 73
2026/07/29 01:44:20.072, 301.04, 100, 74232, 73
2026/07/29 01:44:21.110, 298.33, 100, 74232, 73
2026/07/29 01:44:22.148, 302.01, 100, 74232, 73
2026/07/29 01:44:23.186, 302.33, 100, 74232, 73
2026/07/29 01:44:24.224, 301.93, 100, 74232, 73
2026/07/29 01:44:25.262, 303.08, 100, 74232, 73
2026/07/29 01:44:26.300, 302.71, 100, 74232, 73
2026/07/29 01:44:27.338, 301.65, 100, 74232, 73
2026/07/29 01:44:28.376, 300.85, 100, 74232, 73
2026/07/29 01:44:29.413, 297.57, 100, 74232, 73
2026/07/29 01:44:30.450, 295.01, 100, 74232, 73
2026/07/29 01:44:31.492, 289.66, 100, 74232, 72
2026/07/29 01:44:32.529, 293.76, 100, 74232, 73
2026/07/29 01:44:33.567, 293.95, 100, 74232, 72
2026/07/29 01:44:34.606, 294.14, 100, 74232, 72
2026/07/29 01:44:35.643, 300.36, 100, 74232, 73
2026/07/29 01:44:36.682, 301.45, 100, 74232, 73
2026/07/29 01:44:37.722, 301.56, 100, 74232, 72
2026/07/29 01:44:38.760, 289.39, 100, 74232, 72
2026/07/29 01:44:39.797, 293.83, 100, 74232, 73
2026/07/29 01:44:40.836, 301.50, 100, 74232, 73
2026/07/29 01:44:41.876, 303.59, 100, 74232, 73
2026/07/29 01:44:42.913, 300.87, 100, 74232, 73
2026/07/29 01:44:43.949, 297.85, 100, 74232, 73
2026/07/29 01:44:44.988, 302.43, 100, 74232, 73
2026/07/29 01:44:46.026, 302.13, 100, 74232, 73
2026/07/29 01:44:47.063, 301.14, 100, 74232, 73
2026/07/29 01:44:48.101, 303.78, 100, 74232, 73
2026/07/29 01:44:49.139, 302.02, 100, 74232, 73
2026/07/29 01:44:50.175, 301.53, 100, 74232, 73
2026/07/29 01:44:51.214, 300.18, 100, 74232, 73
2026/07/29 01:44:52.252, 301.54, 100, 74232, 73
2026/07/29 01:44:53.289, 302.12, 100, 74232, 73
2026/07/29 01:44:54.327, 300.67, 100, 74232, 73
2026/07/29 01:44:55.365, 302.24, 100, 74232, 73
2026/07/29 01:44:56.403, 300.28, 100, 74232, 73
2026/07/29 01:44:57.442, 301.02, 100, 74232, 73
2026/07/29 01:44:58.479, 292.99, 100, 74232, 72
2026/07/29 01:44:59.518, 292.69, 100, 74232, 72
2026/07/29 01:45:00.556, 289.39, 100, 74232, 72
2026/07/29 01:45:01.596, 302.68, 100, 74232, 74
2026/07/29 01:45:02.633, 290.90, 100, 74232, 74
2026/07/29 01:45:03.668, 291.68, 100, 74232, 74
2026/07/29 01:45:04.702, 298.10, 100, 74232, 74
2026/07/29 01:45:05.737, 317.06, 100, 74232, 74
2026/07/29 01:45:06.777, 279.88, 100, 74232, 74
2026/07/29 01:45:07.812, 305.73, 100, 74232, 73
2026/07/29 01:45:08.850, 283.32, 100, 74232, 72
2026/07/29 01:45:09.886, 290.62, 100, 74232, 72
2026/07/29 01:45:10.923, 296.27, 100, 74232, 72
2026/07/29 01:45:11.961, 294.42, 100, 74232, 72
2026/07/29 01:45:12.998, 299.48, 100, 74232, 74
2026/07/29 01:45:14.034, 298.68, 100, 74232, 74
2026/07/29 01:45:15.069, 282.53, 100, 74232, 74
2026/07/29 01:45:16.103, 269.65, 100, 74232, 75
2026/07/29 01:45:17.138, 273.59, 100, 74232, 75
2026/07/29 01:45:18.172, 296.48, 100, 74232, 74
2026/07/29 01:45:19.206, 299.21, 100, 74232, 75
2026/07/29 01:45:20.241, 303.02, 100, 74232, 73
2026/07/29 01:45:21.277, 302.91, 100, 74232, 73
2026/07/29 01:45:22.314, 302.90, 100, 74232, 73
2026/07/29 01:45:23.351, 302.90, 100, 74232, 73
2026/07/29 01:45:24.388, 304.08, 100, 74232, 73
2026/07/29 01:45:25.426, 304.78, 100, 74232, 73
2026/07/29 01:45:26.462, 303.66, 100, 74232, 74
2026/07/29 01:45:27.501, 301.56, 100, 74232, 74
2026/07/29 01:45:28.540, 293.08, 100, 74232, 73
2026/07/29 01:45:29.581, 296.76, 100, 74232, 74
2026/07/29 01:45:30.620, 297.53, 100, 74232, 75
2026/07/29 01:45:31.655, 302.02, 100, 74232, 74
2026/07/29 01:45:32.691, 297.15, 100, 74232, 73
2026/07/29 01:45:33.732, 284.14, 100, 74232, 73
2026/07/29 01:45:34.771, 283.62, 100, 74232, 73
2026/07/29 01:45:35.809, 287.80, 100, 74232, 73
2026/07/29 01:45:36.847, 295.00, 100, 74232, 73
2026/07/29 01:45:37.883, 294.44, 100, 74232, 73
2026/07/29 01:45:38.919, 294.73, 100, 74232, 73
2026/07/29 01:45:39.957, 295.31, 100, 74232, 73
2026/07/29 01:45:40.993, 294.42, 100, 74232, 73
2026/07/29 01:45:42.033, 295.20, 100, 74232, 73
2026/07/29 01:45:43.072, 294.52, 100, 74232, 73
2026/07/29 01:45:44.109, 302.32, 100, 74232, 73
2026/07/29 01:45:45.146, 300.77, 100, 74232, 73
2026/07/29 01:45:46.184, 299.80, 100, 74232, 73
2026/07/29 01:45:47.222, 303.88, 100, 74232, 73
2026/07/29 01:45:48.258, 302.22, 100, 74232, 73
2026/07/29 01:45:49.296, 304.10, 100, 74232, 73
2026/07/29 01:45:50.332, 300.85, 100, 74232, 73
2026/07/29 01:45:51.368, 301.25, 100, 74232, 73
2026/07/29 01:45:52.405, 303.40, 100, 74232, 73
2026/07/29 01:45:53.444, 304.42, 100, 74232, 73
2026/07/29 01:45:54.481, 301.55, 100, 74232, 73
2026/07/29 01:45:55.519, 303.84, 100, 74232, 73
2026/07/29 01:45:56.556, 301.73, 100, 74232, 73
2026/07/29 01:45:57.595, 302.81, 100, 74232, 73
2026/07/29 01:45:58.634, 303.65, 100, 74232, 73
2026/07/29 01:45:59.672, 293.95, 100, 74232, 73
2026/07/29 01:46:00.715, 294.32, 100, 74232, 73
2026/07/29 01:46:01.754, 296.60, 100, 74232, 73
2026/07/29 01:46:02.792, 294.44, 100, 74232, 73
2026/07/29 01:46:03.833, 293.56, 100, 74232, 73
2026/07/29 01:46:04.871, 300.47, 100, 74232, 73
2026/07/29 01:46:05.909, 296.87, 100, 74232, 73
2026/07/29 01:46:06.951, 296.86, 100, 74232, 73
2026/07/29 01:46:07.989, 298.53, 100, 74232, 73
2026/07/29 01:46:09.027, 294.24, 100, 74232, 73
2026/07/29 01:46:10.067, 293.65, 100, 74232, 73
2026/07/29 01:46:11.105, 294.53, 100, 74232, 73
2026/07/29 01:46:12.143, 294.23, 100, 74232, 73
2026/07/29 01:46:13.180, 301.18, 100, 74232, 73
2026/07/29 01:46:14.219, 298.33, 100, 74232, 73
2026/07/29 01:46:15.257, 302.63, 100, 74232, 73
2026/07/29 01:46:16.294, 303.39, 100, 74232, 73
2026/07/29 01:46:17.332, 302.21, 100, 74232, 73
2026/07/29 01:46:18.370, 301.05, 100, 74232, 73
2026/07/29 01:46:19.407, 301.64, 100, 74232, 73
2026/07/29 01:46:20.445, 304.82, 100, 74232, 73
2026/07/29 01:46:21.482, 302.41, 100, 74232, 73
2026/07/29 01:46:22.520, 298.42, 100, 74232, 73
2026/07/29 01:46:23.557, 297.45, 100, 74232, 73
2026/07/29 01:46:24.595, 298.02, 100, 74232, 73
2026/07/29 01:46:25.632, 290.82, 100, 74232, 73
2026/07/29 01:46:26.675, 296.29, 100, 74232, 73
2026/07/29 01:46:27.714, 294.73, 100, 74232, 73
2026/07/29 01:46:28.751, 298.04, 100, 74232, 73
2026/07/29 01:46:29.788, 300.68, 100, 74232, 73
2026/07/29 01:46:30.825, 301.56, 100, 74232, 73
2026/07/29 01:46:31.862, 302.12, 100, 74232, 73
2026/07/29 01:46:32.902, 301.89, 100, 74232, 73
2026/07/29 01:46:33.939, 303.48, 100, 74232, 73
2026/07/29 01:46:34.979, 302.03, 100, 74232, 73
2026/07/29 01:46:36.017, 302.50, 100, 74232, 73
2026/07/29 01:46:37.055, 301.85, 100, 74232, 73
2026/07/29 01:46:38.093, 301.44, 100, 74232, 73
2026/07/29 01:46:39.132, 301.21, 100, 74232, 73
2026/07/29 01:46:40.169, 297.27, 100, 74232, 73
2026/07/29 01:46:41.206, 295.29, 100, 74232, 73
2026/07/29 01:46:42.242, 297.45, 100, 74232, 73
2026/07/29 01:46:43.279, 293.75, 100, 74232, 73
2026/07/29 01:46:44.316, 294.64, 100, 74232, 73
2026/07/29 01:46:45.353, 297.25, 100, 74232, 73
2026/07/29 01:46:46.391, 293.85, 100, 74232, 73
2026/07/29 01:46:47.432, 293.26, 100, 74232, 73
2026/07/29 01:46:48.469, 301.83, 100, 74232, 73
2026/07/29 01:46:49.507, 301.73, 100, 74232, 73
2026/07/29 01:46:50.544, 298.82, 100, 74232, 73
2026/07/29 01:46:51.580, 301.94, 100, 74232, 73
2026/07/29 01:46:52.621, 302.64, 100, 74232, 73
2026/07/29 01:46:53.658, 301.15, 100, 74232, 73
2026/07/29 01:46:54.694, 302.13, 100, 74232, 73
2026/07/29 01:46:55.731, 300.65, 100, 74232, 73
2026/07/29 01:46:56.768, 300.98, 100, 74232, 73
2026/07/29 01:46:57.805, 302.13, 100, 74232, 73
2026/07/29 01:46:58.842, 302.03, 100, 74232, 73
2026/07/29 01:46:59.881, 302.42, 100, 74232, 73
2026/07/29 01:47:00.917, 299.10, 100, 74232, 73
2026/07/29 01:47:01.954, 300.07, 100, 74232, 73
2026/07/29 01:47:02.991, 301.74, 100, 74232, 73
2026/07/29 01:47:04.028, 302.19, 100, 74232, 73
2026/07/29 01:47:05.064, 301.44, 100, 74232, 73
2026/07/29 01:47:06.101, 301.45, 100, 74232, 73
2026/07/29 01:47:07.138, 303.02, 100, 74232, 73
2026/07/29 01:47:08.175, 301.74, 100, 74232, 73
2026/07/29 01:47:09.212, 301.25, 100, 74232, 73
2026/07/29 01:47:10.249, 298.42, 100, 74232, 73
2026/07/29 01:47:11.289, 302.51, 100, 74232, 73
2026/07/29 01:47:12.328, 291.30, 100, 74232, 72
2026/07/29 01:47:13.366, 294.54, 100, 74232, 72
2026/07/29 01:47:14.407, 297.62, 100, 74232, 72
2026/07/29 01:47:15.443, 295.49, 100, 74232, 73
2026/07/29 01:47:16.480, 301.15, 100, 74232, 73
2026/07/29 01:47:17.516, 297.75, 100, 74232, 73
2026/07/29 01:47:18.553, 109.69, 100, 74232, 71
2026/07/29 01:47:19.586, 296.09, 100, 74232, 74
2026/07/29 01:47:20.631, 302.52, 100, 74232, 74
2026/07/29 01:47:21.666, 279.23, 100, 74232, 74
2026/07/29 01:47:22.703, 297.74, 100, 74232, 74
2026/07/29 01:47:23.738, 305.86, 100, 74232, 74
2026/07/29 01:47:24.774, 291.70, 100, 74232, 73
2026/07/29 01:47:25.812, 298.22, 100, 74232, 72
2026/07/29 01:47:26.848, 302.03, 100, 74232, 73
2026/07/29 01:47:27.887, 293.26, 100, 74232, 73
2026/07/29 01:47:28.923, 302.71, 100, 74232, 73
2026/07/29 01:47:29.960, 290.45, 100, 74232, 74
2026/07/29 01:47:30.998, 302.62, 100, 74232, 74
2026/07/29 01:47:32.034, 296.99, 100, 74232, 75
2026/07/29 01:47:33.071, 275.52, 100, 74232, 74
2026/07/29 01:47:34.109, 259.72, 100, 74232, 74
2026/07/29 01:47:35.156, 304.88, 100, 74232, 75
2026/07/29 01:47:36.192, 302.70, 100, 74232, 73
2026/07/29 01:47:37.232, 295.41, 100, 74232, 73
2026/07/29 01:47:38.272, 298.11, 100, 74232, 73
2026/07/29 01:47:39.309, 99.57, 0, 74232, 70
2026/07/29 01:47:40.342, 296.69, 100, 74232, 74
2026/07/29 01:47:41.379, 293.29, 100, 74232, 75
2026/07/29 01:47:42.414, 291.18, 100, 74232, 75
2026/07/29 01:47:43.450, 296.70, 100, 74232, 75
2026/07/29 01:47:44.485, 296.65, 100, 74232, 75
2026/07/29 01:47:45.528, 310.48, 100, 74232, 75
2026/07/29 01:47:46.563, 304.56, 100, 74232, 73
2026/07/29 01:47:47.601, 289.83, 100, 74232, 73
2026/07/29 01:47:48.639, 295.32, 100, 74232, 73
2026/07/29 01:47:49.683, 271.30, 83, 74232, 75
2026/07/29 01:47:50.718, 302.06, 100, 74232, 75
2026/07/29 01:47:51.751, 301.07, 100, 74232, 75
2026/07/29 01:47:52.786, 292.55, 100, 74232, 75
2026/07/29 01:47:53.819, 295.02, 100, 74232, 75
2026/07/29 01:47:54.854, 321.02, 100, 74232, 76
2026/07/29 01:47:55.893, 308.41, 100, 74232, 76
2026/07/29 01:47:56.927, 304.04, 100, 74232, 74
2026/07/29 01:47:57.964, 304.64, 100, 74232, 74
2026/07/29 01:47:59.003, 304.46, 100, 74232, 74
2026/07/29 01:48:00.042, 304.65, 100, 74232, 74
2026/07/29 01:48:01.080, 298.15, 100, 74232, 74
2026/07/29 01:48:02.120, 293.92, 100, 74232, 74
2026/07/29 01:48:03.158, 292.77, 100, 74232, 74
2026/07/29 01:48:04.196, 297.15, 100, 74232, 74
2026/07/29 01:48:05.235, 293.17, 100, 74232, 74
2026/07/29 01:48:06.273, 296.67, 100, 74232, 74
2026/07/29 01:48:07.313, 297.36, 100, 74232, 74
2026/07/29 01:48:08.353, 300.18, 100, 74232, 74
2026/07/29 01:48:09.391, 297.16, 100, 74232, 74
2026/07/29 01:48:10.430, 304.23, 100, 74232, 74
2026/07/29 01:48:11.467, 302.52, 100, 74232, 76
2026/07/29 01:48:12.504, 297.95, 100, 74232, 76
2026/07/29 01:48:13.539, 309.21, 100, 74232, 76
2026/07/29 01:48:14.575, 291.50, 100, 74232, 76
2026/07/29 01:48:15.612, 305.80, 100, 74232, 76
2026/07/29 01:48:16.647, 308.89, 100, 74232, 75
2026/07/29 01:48:17.683, 299.72, 100, 74232, 75
2026/07/29 01:48:18.718, 288.59, 100, 74232, 73
2026/07/29 01:48:19.755, 288.79, 100, 74232, 73
2026/07/29 01:48:20.793, 285.68, 100, 74232, 73
2026/07/29 01:48:21.831, 288.59, 100, 74232, 73
2026/07/29 01:48:22.870, 227.09, 0, 74232, 74
2026/07/29 01:48:23.906, 295.11, 100, 74232, 75
2026/07/29 01:48:24.945, 307.52, 100, 74232, 75
2026/07/29 01:48:25.981, 284.44, 100, 74232, 75
2026/07/29 01:48:27.022, 301.97, 100, 74232, 75
2026/07/29 01:48:28.057, 282.32, 100, 74232, 75
2026/07/29 01:48:29.093, 312.69, 100, 74232, 75
2026/07/29 01:48:30.135, 303.18, 100, 74232, 74
2026/07/29 01:48:31.173, 304.14, 100, 74232, 74
2026/07/29 01:48:32.211, 303.77, 100, 74232, 74
2026/07/29 01:48:33.250, 304.26, 100, 74232, 74
2026/07/29 01:48:34.287, 100.42, 0, 74232, 70
2026/07/29 01:48:35.322, 267.78, 100, 74232, 75
2026/07/29 01:48:36.359, 298.63, 100, 74232, 75
2026/07/29 01:48:37.395, 275.88, 100, 74232, 75
2026/07/29 01:48:38.435, 302.11, 100, 74232, 75
2026/07/29 01:48:39.470, 266.36, 100, 74232, 75
2026/07/29 01:48:40.508, 317.55, 100, 74232, 76
2026/07/29 01:48:41.548, 304.09, 100, 74232, 74
2026/07/29 01:48:42.587, 298.42, 100, 74232, 74
2026/07/29 01:48:43.627, 300.39, 100, 74232, 74
2026/07/29 01:48:44.665, 297.67, 100, 74232, 74
2026/07/29 01:48:45.710, 303.99, 100, 74232, 74
2026/07/29 01:48:46.750, 300.28, 14, 74232, 75
2026/07/29 01:48:47.785, 304.55, 100, 74232, 75
2026/07/29 01:48:48.821, 312.62, 100, 74232, 76
2026/07/29 01:48:49.856, 306.98, 100, 74232, 75
2026/07/29 01:48:50.891, 292.48, 100, 74232, 76
2026/07/29 01:48:51.925, 288.19, 100, 74232, 76
2026/07/29 01:48:52.961, 326.64, 100, 74232, 76
2026/07/29 01:48:53.997, 298.33, 100, 74232, 74
2026/07/29 01:48:55.035, 304.81, 100, 74232, 74
2026/07/29 01:48:56.074, 300.28, 100, 74232, 74
2026/07/29 01:48:57.112, 297.65, 100, 74232, 74
2026/07/29 01:48:58.153, 300.68, 100, 74232, 74
2026/07/29 01:48:59.190, 305.62, 100, 74232, 74
2026/07/29 01:49:00.227, 303.30, 100, 74232, 74
2026/07/29 01:49:01.265, 297.45, 100, 74232, 74
2026/07/29 01:49:02.302, 297.94, 100, 74232, 74
2026/07/29 01:49:03.342, 297.36, 100, 74232, 74
2026/07/29 01:49:04.379, 305.15, 100, 74232, 74
2026/07/29 01:49:05.416, 297.84, 100, 74232, 74
2026/07/29 01:49:06.457, 297.75, 100, 74232, 74
2026/07/29 01:49:07.494, 306.59, 100, 74232, 74
2026/07/29 01:49:08.533, 299.11, 100, 74232, 74
2026/07/29 01:49:09.574, 297.46, 100, 74232, 74
2026/07/29 01:49:10.612, 292.86, 100, 74232, 74
2026/07/29 01:49:11.650, 297.62, 100, 74232, 74
2026/07/29 01:49:12.688, 294.73, 100, 74232, 74
2026/07/29 01:49:13.728, 297.35, 100, 74232, 74
2026/07/29 01:49:14.766, 304.46, 100, 74232, 74
2026/07/29 01:49:15.808, 292.60, 19, 74232, 75
2026/07/29 01:49:16.843, 297.52, 100, 74232, 75
2026/07/29 01:49:17.880, 295.86, 100, 74232, 75
2026/07/29 01:49:18.915, 291.40, 100, 74232, 75
2026/07/29 01:49:19.952, 282.15, 100, 74232, 75
2026/07/29 01:49:20.986, 281.05, 100, 74232, 75
2026/07/29 01:49:22.021, 326.58, 100, 74232, 75
2026/07/29 01:49:23.056, 303.18, 100, 74232, 74
2026/07/29 01:49:24.094, 294.64, 100, 74232, 74
2026/07/29 01:49:25.132, 303.88, 100, 74232, 74
2026/07/29 01:49:26.170, 303.00, 100, 74232, 74
2026/07/29 01:49:27.211, 301.73, 100, 74232, 74
2026/07/29 01:49:28.248, 304.37, 100, 74232, 74
2026/07/29 01:49:29.286, 306.27, 100, 74232, 74
2026/07/29 01:49:30.324, 303.69, 100, 74232, 74
2026/07/29 01:49:31.362, 304.93, 100, 74232, 74
2026/07/29 01:49:32.399, 304.86, 100, 74232, 74
2026/07/29 01:49:33.439, 303.00, 100, 74232, 74
2026/07/29 01:49:34.478, 304.85, 100, 74232, 74
2026/07/29 01:49:35.515, 300.98, 84, 74232, 75
2026/07/29 01:49:36.552, 303.66, 100, 74232, 74
2026/07/29 01:49:37.589, 302.22, 100, 74232, 74
2026/07/29 01:49:38.627, 303.59, 100, 74232, 74
2026/07/29 01:49:39.664, 302.14, 100, 74232, 74
2026/07/29 01:49:40.703, 303.88, 100, 74232, 74
2026/07/29 01:49:41.742, 293.45, 100, 74232, 73
2026/07/29 01:49:42.780, 294.73, 100, 74232, 73
2026/07/29 01:49:43.821, 301.83, 100, 74232, 74
2026/07/29 01:49:44.859, 297.36, 100, 74232, 73
2026/07/29 01:49:45.898, 293.66, 100, 74232, 73
2026/07/29 01:49:46.938, 294.63, 100, 74232, 73
2026/07/29 01:49:47.976, 296.58, 100, 74232, 73
2026/07/29 01:49:49.013, 294.05, 100, 74232, 73
2026/07/29 01:49:50.051, 300.48, 100, 74232, 73
2026/07/29 01:49:51.088, 296.68, 100, 74232, 73
2026/07/29 01:49:52.126, 294.62, 100, 74232, 73
2026/07/29 01:49:53.165, 295.50, 100, 74232, 73
2026/07/29 01:49:54.202, 295.03, 100, 74232, 73
2026/07/29 01:49:55.243, 295.88, 100, 74232, 73
2026/07/29 01:49:56.282, 294.23, 100, 74232, 73
2026/07/29 01:49:57.320, 299.20, 100, 74232, 73
2026/07/29 01:49:58.361, 300.66, 100, 74232, 73
2026/07/29 01:49:59.399, 303.02, 100, 74232, 73
2026/07/29 01:50:00.437, 304.24, 100, 74232, 73
2026/07/29 01:50:01.476, 303.94, 100, 74232, 73
2026/07/29 01:50:02.514, 302.81, 100, 74232, 73
2026/07/29 01:50:03.551, 302.21, 100, 74232, 73
2026/07/29 01:50:04.589, 299.99, 100, 74232, 73
2026/07/29 01:50:05.627, 303.79, 100, 74232, 73
2026/07/29 01:50:06.665, 302.70, 100, 74232, 73
2026/07/29 01:50:07.704, 291.00, 100, 74232, 73
2026/07/29 01:50:08.742, 293.75, 100, 74232, 73
2026/07/29 01:50:09.781, 295.70, 100, 74232, 73
2026/07/29 01:50:10.818, 302.29, 100, 74232, 73
2026/07/29 01:50:11.856, 300.96, 100, 74232, 73
2026/07/29 01:50:12.895, 301.55, 100, 74232, 73
2026/07/29 01:50:13.933, 299.58, 100, 74232, 73
2026/07/29 01:50:14.973, 295.88, 100, 74232, 73
2026/07/29 01:50:16.014, 303.98, 100, 74232, 73
2026/07/29 01:50:17.052, 295.40, 100, 74232, 73
2026/07/29 01:50:18.093, 289.38, 100, 74232, 73
2026/07/29 01:50:19.134, 299.67, 100, 74232, 73
2026/07/29 01:50:20.172, 290.36, 100, 74232, 73
2026/07/29 01:50:21.211, 295.11, 100, 74232, 73
2026/07/29 01:50:22.250, 295.03, 100, 74232, 73
2026/07/29 01:50:23.287, 295.78, 100, 74232, 73
2026/07/29 01:50:24.326, 294.61, 100, 74232, 73
2026/07/29 01:50:25.364, 293.26, 100, 74232, 73
2026/07/29 01:50:26.402, 302.12, 100, 74232, 73
2026/07/29 01:50:27.440, 298.32, 100, 74232, 73
2026/07/29 01:50:28.479, 301.34, 100, 74232, 73
2026/07/29 01:50:29.517, 301.83, 100, 74232, 73
2026/07/29 01:50:30.554, 304.37, 100, 74232, 73
2026/07/29 01:50:31.592, 302.89, 100, 74232, 73
2026/07/29 01:50:32.629, 301.70, 100, 74232, 73
2026/07/29 01:50:33.668, 300.84, 100, 74232, 73
2026/07/29 01:50:34.707, 302.83, 100, 74232, 73
2026/07/29 01:50:35.745, 303.38, 100, 74232, 73
2026/07/29 01:50:36.783, 300.84, 100, 74232, 73
2026/07/29 01:50:37.820, 302.80, 100, 74232, 73
2026/07/29 01:50:38.858, 302.41, 100, 74232, 73
2026/07/29 01:50:39.896, 300.86, 100, 74232, 73
2026/07/29 01:50:40.934, 302.91, 100, 74232, 73
2026/07/29 01:50:41.972, 302.00, 100, 74232, 73
2026/07/29 01:50:43.011, 300.97, 100, 74232, 73
2026/07/29 01:50:44.048, 302.31, 100, 74232, 73
2026/07/29 01:50:45.086, 297.82, 100, 74232, 73
2026/07/29 01:50:46.125, 294.27, 100, 74232, 73
2026/07/29 01:50:47.164, 290.64, 100, 74232, 73
2026/07/29 01:50:48.206, 293.55, 100, 74232, 73
2026/07/29 01:50:49.243, 296.57, 100, 74232, 73
2026/07/29 01:50:50.281, 294.05, 100, 74232, 73
2026/07/29 01:50:51.320, 294.71, 100, 74232, 73
2026/07/29 01:50:52.358, 300.28, 100, 74232, 73
2026/07/29 01:50:53.397, 302.20, 100, 74232, 73
2026/07/29 01:50:54.435, 301.83, 100, 74232, 73
2026/07/29 01:50:55.473, 301.54, 100, 74232, 73
2026/07/29 01:50:56.511, 302.71, 100, 74232, 73
2026/07/29 01:50:57.549, 301.24, 100, 74232, 73
2026/07/29 01:50:58.588, 302.50, 100, 74232, 73
2026/07/29 01:50:59.625, 303.16, 100, 74232, 73
2026/07/29 01:51:00.664, 294.64, 66, 74232, 74
2026/07/29 01:51:01.699, 297.77, 100, 74232, 74
2026/07/29 01:51:02.735, 301.43, 100, 74232, 74
2026/07/29 01:51:03.771, 306.01, 100, 74232, 74
2026/07/29 01:51:04.814, 264.73, 100, 74232, 74
2026/07/29 01:51:05.849, 296.88, 100, 74232, 74
2026/07/29 01:51:06.885, 302.42, 100, 74232, 73
2026/07/29 01:51:07.923, 302.10, 100, 74232, 73
2026/07/29 01:51:08.961, 295.60, 100, 74232, 73
2026/07/29 01:51:09.999, 297.25, 100, 74232, 73
2026/07/29 01:51:11.038, 296.29, 100, 74232, 73
2026/07/29 01:51:12.077, 291.82, 100, 74232, 73
2026/07/29 01:51:13.116, 293.84, 100, 74232, 73
2026/07/29 01:51:14.155, 294.62, 100, 74232, 73
2026/07/29 01:51:15.193, 295.22, 100, 74232, 73
2026/07/29 01:51:16.230, 302.29, 100, 74232, 73
2026/07/29 01:51:17.268, 296.59, 100, 74232, 73
2026/07/29 01:51:18.305, 295.89, 100, 74232, 73
2026/07/29 01:51:19.343, 297.04, 100, 74232, 73
2026/07/29 01:51:20.381, 296.57, 100, 74232, 73
2026/07/29 01:51:21.421, 294.72, 100, 74232, 73
2026/07/29 01:51:22.459, 301.74, 100, 74232, 73
2026/07/29 01:51:23.497, 302.49, 100, 74232, 73
2026/07/29 01:51:24.535, 302.81, 100, 74232, 73
2026/07/29 01:51:25.572, 302.31, 100, 74232, 73
2026/07/29 01:51:26.609, 99.48, 0, 74232, 70
2026/07/29 01:51:27.642, 97.62, 0, 74232, 69
2026/07/29 01:51:28.674, 96.57, 0, 74232, 68
2026/07/29 01:51:29.705, 96.01, 0, 74232, 68
2026/07/29 01:51:30.737, 96.17, 0, 74232, 67
2026/07/29 01:51:31.768, 94.54, 0, 74232, 67
2026/07/29 01:51:32.800, 95.18, 0, 74232, 66
2026/07/29 01:51:33.831, 94.75, 0, 74232, 66
2026/07/29 01:51:34.861, 92.96, 0, 74232, 65
2026/07/29 01:51:35.891, 93.44, 0, 74232, 65
2026/07/29 01:51:36.922, 92.60, 0, 74232, 65
2026/07/29 01:51:37.953, 91.77, 0, 74232, 64
2026/07/29 01:51:38.984, 91.42, 0, 74232, 64
2026/07/29 01:51:40.015, 91.00, 0, 74232, 63
2026/07/29 01:51:41.044, 90.48, 0, 74232, 63
2026/07/29 01:51:42.074, 90.22, 0, 74232, 63
2026/07/29 01:51:43.104, 89.89, 0, 74232, 63
2026/07/29 01:51:44.135, 88.53, 0, 74232, 62
2026/07/29 01:51:45.165, 89.20, 0, 74232, 62
2026/07/29 01:51:46.196, 88.73, 0, 74232, 62
2026/07/29 01:51:47.226, 87.57, 0, 74232, 61
2026/07/29 01:51:48.257, 88.31, 0, 74232, 61
2026/07/29 01:51:49.288, 87.93, 0, 74232, 61
2026/07/29 01:51:50.319, 87.65, 0, 74232, 61
2026/07/29 01:51:51.351, 86.66, 0, 74232, 60
2026/07/29 01:51:52.381, 86.76, 0, 74232, 60
2026/07/29 01:51:53.413, 86.76, 0, 74232, 60
2026/07/29 01:51:54.445, 85.44, 0, 74232, 60
2026/07/29 01:51:55.478, 290.51, 100, 74232, 64
2026/07/29 01:51:56.513, 315.63, 100, 74232, 65
2026/07/29 01:51:57.550, 310.57, 100, 74232, 66
2026/07/29 01:51:58.585, 302.57, 100, 74232, 66
2026/07/29 01:51:59.620, 304.29, 100, 74232, 64
2026/07/29 01:52:00.663, 284.96, 100, 74232, 64
2026/07/29 01:52:01.701, 281.36, 100, 74232, 65
2026/07/29 01:52:02.738, 282.41, 100, 74232, 65
2026/07/29 01:52:03.776, 290.23, 100, 74232, 67
2026/07/29 01:52:04.811, 300.52, 100, 74232, 68
2026/07/29 01:52:05.845, 294.81, 100, 74232, 68
2026/07/29 01:52:06.881, 302.33, 100, 74232, 68
2026/07/29 01:52:07.923, 259.18, 100, 74232, 66
2026/07/29 01:52:08.962, 294.32, 100, 74232, 67
2026/07/29 01:52:10.006, 292.75, 100, 74232, 69
2026/07/29 01:52:11.043, 274.73, 100, 74232, 69
2026/07/29 01:52:12.079, 295.05, 100, 74232, 69
2026/07/29 01:52:13.113, 290.27, 100, 74232, 69
2026/07/29 01:52:14.148, 292.82, 100, 74232, 70
2026/07/29 01:52:15.183, 295.31, 100, 74232, 68
2026/07/29 01:52:16.222, 295.42, 100, 74232, 68
2026/07/29 01:52:17.259, 289.88, 100, 74232, 68
2026/07/29 01:52:18.301, 304.65, 100, 74232, 69
2026/07/29 01:52:19.338, 303.02, 100, 74232, 69
2026/07/29 01:52:20.376, 303.80, 100, 74232, 69
2026/07/29 01:52:21.415, 302.09, 100, 74232, 69
2026/07/29 01:52:22.453, 303.99, 100, 74232, 69
2026/07/29 01:52:23.490, 305.24, 100, 74232, 70
2026/07/29 01:52:24.529, 305.63, 100, 74232, 70
2026/07/29 01:52:25.567, 306.70, 100, 74232, 70
2026/07/29 01:52:26.606, 281.66, 100, 74232, 71
2026/07/29 01:52:27.642, 305.43, 100, 74232, 72
2026/07/29 01:52:28.678, 305.46, 100, 74232, 72
2026/07/29 01:52:29.715, 285.93, 100, 74232, 72
2026/07/29 01:52:30.751, 295.42, 100, 74232, 72
2026/07/29 01:52:31.787, 295.04, 100, 74232, 70
2026/07/29 01:52:32.826, 298.42, 100, 74232, 70
2026/07/29 01:52:33.863, 288.78, 100, 74232, 70
2026/07/29 01:52:34.900, 289.67, 100, 74232, 71
2026/07/29 01:52:35.937, 290.73, 100, 74232, 72
2026/07/29 01:52:36.972, 307.71, 100, 74232, 73
2026/07/29 01:52:38.011, 297.44, 100, 74232, 73
2026/07/29 01:52:39.049, 274.67, 100, 74232, 73
2026/07/29 01:52:40.085, 286.52, 100, 74232, 73
2026/07/29 01:52:41.121, 302.50, 100, 74232, 71
2026/07/29 01:52:42.161, 300.63, 100, 74232, 71
2026/07/29 01:52:43.199, 300.37, 100, 74232, 72
2026/07/29 01:52:44.236, 300.84, 100, 74232, 72
2026/07/29 01:52:45.274, 301.99, 100, 74232, 72
2026/07/29 01:52:46.311, 301.85, 100, 74232, 74
2026/07/29 01:52:47.347, 288.02, 100, 74232, 74
2026/07/29 01:52:48.383, 292.11, 100, 74232, 74
2026/07/29 01:52:49.418, 286.81, 100, 74232, 74
2026/07/29 01:52:50.456, 260.64, 100, 74232, 74
2026/07/29 01:52:51.491, 303.19, 100, 74232, 72
2026/07/29 01:52:52.528, 302.20, 100, 74232, 72
2026/07/29 01:52:53.566, 302.02, 100, 74232, 72
2026/07/29 01:52:54.604, 303.77, 100, 74232, 72
2026/07/29 01:52:55.643, 296.08, 100, 74232, 74
2026/07/29 01:52:56.680, 295.18, 100, 74232, 74
2026/07/29 01:52:57.715, 288.18, 100, 74232, 74
2026/07/29 01:52:58.749, 296.91, 100, 74232, 75
2026/07/29 01:52:59.786, 298.24, 100, 74232, 74
2026/07/29 01:53:00.825, 304.17, 100, 74232, 73
2026/07/29 01:53:01.863, 300.08, 100, 74232, 73
2026/07/29 01:53:02.901, 298.46, 100, 74232, 73
2026/07/29 01:53:03.938, 300.45, 100, 74232, 73
2026/07/29 01:53:04.976, 303.26, 100, 74232, 73
2026/07/29 01:53:06.013, 297.05, 100, 74232, 73
2026/07/29 01:53:07.051, 299.61, 100, 74232, 73
2026/07/29 01:53:08.089, 302.61, 100, 74232, 75
2026/07/29 01:53:09.124, 300.93, 100, 74232, 75
2026/07/29 01:53:10.164, 288.69, 100, 74232, 75
2026/07/29 01:53:11.199, 316.47, 100, 74232, 75
2026/07/29 01:53:12.234, 288.01, 100, 74232, 75
2026/07/29 01:53:13.268, 306.31, 100, 74232, 73
2026/07/29 01:53:14.304, 303.87, 100, 74232, 73
2026/07/29 01:53:15.343, 304.27, 100, 74232, 73
2026/07/29 01:53:16.381, 297.18, 100, 74232, 73
2026/07/29 01:53:17.422, 297.55, 100, 74232, 73
2026/07/29 01:53:18.459, 304.37, 100, 74232, 73
2026/07/29 01:53:19.497, 302.03, 100, 74232, 73
2026/07/29 01:53:20.536, 291.40, 100, 74232, 75
2026/07/29 01:53:21.571, 309.20, 100, 74232, 75
2026/07/29 01:53:22.606, 296.86, 100, 74232, 75
2026/07/29 01:53:23.643, 313.91, 100, 74232, 75
2026/07/29 01:53:24.678, 314.52, 100, 74232, 75
2026/07/29 01:53:25.713, 300.47, 100, 74232, 73
2026/07/29 01:53:26.751, 301.75, 100, 74232, 73
2026/07/29 01:53:27.788, 303.76, 100, 74232, 73
2026/07/29 01:53:28.827, 305.06, 100, 74232, 73
2026/07/29 01:53:29.864, 303.49, 100, 74232, 74
2026/07/29 01:53:30.901, 303.88, 100, 74232, 74
2026/07/29 01:53:31.940, 301.45, 100, 74232, 74
2026/07/29 01:53:32.978, 302.52, 100, 74232, 75
2026/07/29 01:53:34.014, 292.20, 100, 74232, 75
2026/07/29 01:53:35.049, 294.22, 100, 74232, 75
2026/07/29 01:53:36.084, 294.23, 100, 74232, 75
2026/07/29 01:53:37.121, 307.09, 100, 74232, 75
2026/07/29 01:53:38.160, 296.58, 100, 74232, 73
2026/07/29 01:53:39.197, 297.84, 100, 74232, 73
2026/07/29 01:53:40.236, 304.65, 100, 74232, 73
2026/07/29 01:53:41.273, 304.46, 100, 74232, 73
2026/07/29 01:53:42.311, 304.75, 100, 74232, 74
2026/07/29 01:53:43.349, 306.22, 100, 74232, 74
2026/07/29 01:53:44.386, 303.59, 100, 74232, 74
2026/07/29 01:53:45.424, 303.68, 100, 74232, 74
2026/07/29 01:53:46.462, 301.83, 100, 74232, 74
2026/07/29 01:53:47.500, 300.86, 100, 74232, 74
2026/07/29 01:53:48.538, 303.39, 100, 74232, 74
2026/07/29 01:53:49.575, 302.12, 100, 74232, 74
2026/07/29 01:53:50.612, 302.24, 100, 74232, 74
2026/07/29 01:53:51.651, 303.18, 100, 74232, 74
2026/07/29 01:53:52.688, 297.27, 100, 74232, 74
2026/07/29 01:53:53.724, 304.18, 100, 74232, 74
2026/07/29 01:53:54.761, 297.85, 100, 74232, 74
2026/07/29 01:53:55.800, 295.32, 100, 74232, 74
2026/07/29 01:53:56.836, 295.14, 100, 74232, 73
2026/07/29 01:53:57.874, 100.78, 0, 74232, 70
2026/07/29 01:53:58.906, 98.65, 0, 74232, 69
2026/07/29 01:53:59.937, 97.56, 0, 74232, 69
2026/07/29 01:54:00.970, 95.71, 0, 74232, 68
2026/07/29 01:54:02.005, 95.74, 0, 74232, 67
2026/07/29 01:54:03.036, 95.28, 0, 74232, 67
2026/07/29 01:54:04.067, 94.74, 0, 74232, 66
2026/07/29 01:54:05.098, 93.85, 0, 74232, 66
2026/07/29 01:54:06.128, 93.54, 0, 74232, 65
2026/07/29 01:54:07.161, 92.86, 0, 74232, 65
2026/07/29 01:54:08.191, 91.92, 0, 74232, 65
2026/07/29 01:54:09.221, 91.97, 0, 74232, 64
2026/07/29 01:54:10.253, 91.48, 0, 74232, 64
2026/07/29 01:54:11.283, 91.27, 0, 74232, 64
2026/07/29 01:54:12.314, 90.77, 0, 74232, 63
2026/07/29 01:54:13.346, 89.33, 0, 74232, 63
2026/07/29 01:54:14.376, 90.09, 0, 74232, 63
2026/07/29 01:54:15.408, 89.80, 0, 74232, 62
2026/07/29 01:54:16.439, 88.36, 0, 74232, 62
2026/07/29 01:54:17.472, 89.04, 0, 74232, 62
2026/07/29 01:54:18.503, 88.14, 0, 74232, 61
2026/07/29 01:54:19.578, 87.55, 0, 74232, 61
2026/07/29 01:54:20.610, 88.06, 0, 74232, 61
2026/07/29 01:54:21.701, 87.94, 0, 74232, 61
2026/07/29 01:54:22.732, 294.29, 100, 74232, 66
2026/07/29 01:54:23.767, 298.60, 100, 74232, 66
2026/07/29 01:54:24.802, 301.24, 100, 74232, 67
2026/07/29 01:54:25.839, 298.24, 100, 74232, 67
2026/07/29 01:54:26.878, 305.44, 100, 74232, 66
2026/07/29 01:54:27.916, 299.55, 100, 74232, 66
2026/07/29 01:54:28.955, 299.28, 100, 74232, 66
2026/07/29 01:54:29.993, 300.00, 100, 74232, 66
2026/07/29 01:54:31.030, 299.50, 100, 74232, 67
2026/07/29 01:54:32.069, 302.38, 100, 74232, 69
2026/07/29 01:54:33.104, 288.55, 100, 74232, 69
2026/07/29 01:54:34.139, 292.25, 100, 74232, 69
2026/07/29 01:54:35.181, 295.76, 100, 74232, 69
2026/07/29 01:54:36.218, 302.33, 100, 74232, 68
2026/07/29 01:54:37.255, 302.51, 100, 74232, 68
2026/07/29 01:54:38.292, 297.93, 100, 74232, 70
2026/07/29 01:54:39.330, 304.99, 100, 74232, 70
2026/07/29 01:54:40.366, 293.54, 100, 74232, 70
2026/07/29 01:54:41.490, 299.07, 100, 74232, 71
2026/07/29 01:54:42.525, 323.99, 100, 74232, 71
2026/07/29 01:54:43.560, 304.43, 100, 74232, 69
2026/07/29 01:54:44.599, 304.18, 100, 74232, 69
2026/07/29 01:54:45.638, 302.14, 100, 74232, 69
2026/07/29 01:54:46.677, 297.96, 100, 74232, 69
2026/07/29 01:54:47.718, 295.31, 100, 74232, 70
2026/07/29 01:54:48.756, 304.56, 100, 74232, 70
2026/07/29 01:54:49.795, 306.28, 100, 74232, 70
2026/07/29 01:54:50.834, 300.17, 100, 74232, 70
2026/07/29 01:54:51.873, 295.03, 100, 74232, 70
2026/07/29 01:54:52.910, 306.07, 100, 74232, 70
2026/07/29 01:54:53.948, 299.69, 100, 74232, 70
2026/07/29 01:54:54.987, 295.00, 100, 74232, 70
2026/07/29 01:54:56.023, 303.46, 100, 74232, 72
2026/07/29 01:54:57.060, 299.88, 100, 74232, 72
2026/07/29 01:54:58.099, 297.64, 100, 74232, 72
2026/07/29 01:54:59.136, 302.53, 100, 74232, 72
2026/07/29 01:55:00.177, 287.81, 100, 74232, 72
2026/07/29 01:55:01.213, 298.91, 100, 74232, 71
2026/07/29 01:55:02.254, 300.36, 100, 74232, 71
2026/07/29 01:55:03.291, 298.53, 100, 74232, 71
2026/07/29 01:55:04.329, 314.01, 100, 74232, 73
2026/07/29 01:55:05.365, 302.68, 100, 74232, 73
2026/07/29 01:55:06.401, 301.00, 100, 74232, 73
2026/07/29 01:55:07.437, 294.71, 100, 74232, 73
2026/07/29 01:55:08.472, 293.61, 100, 74232, 73
2026/07/29 01:55:09.508, 304.37, 100, 74232, 72
2026/07/29 01:55:10.545, 290.44, 100, 74232, 72
2026/07/29 01:55:11.586, 294.24, 100, 74232, 72
2026/07/29 01:55:12.622, 295.22, 100, 74232, 72
2026/07/29 01:55:13.660, 295.31, 100, 74232, 72
2026/07/29 01:55:14.698, 295.03, 100, 74232, 72
2026/07/29 01:55:15.735, 297.17, 100, 74232, 72
2026/07/29 01:55:16.772, 300.77, 100, 74232, 72
2026/07/29 01:55:17.808, 302.30, 100, 74232, 72
2026/07/29 01:55:18.847, 299.99, 100, 74232, 73
2026/07/29 01:55:19.885, 299.40, 100, 74232, 73
2026/07/29 01:55:20.922, 303.84, 100, 74232, 73
2026/07/29 01:55:21.959, 303.44, 100, 74232, 73
2026/07/29 01:55:22.996, 304.37, 100, 74232, 73
2026/07/29 01:55:24.035, 302.13, 100, 74232, 73
2026/07/29 01:55:25.071, 305.19, 100, 74232, 73
2026/07/29 01:55:26.110, 304.03, 100, 74232, 73
2026/07/29 01:55:27.147, 303.68, 100, 74232, 73
2026/07/29 01:55:28.188, 302.41, 100, 74232, 73
2026/07/29 01:55:29.225, 295.63, 100, 74232, 73
2026/07/29 01:55:30.261, 295.20, 100, 74232, 73
2026/07/29 01:55:31.298, 294.03, 100, 74232, 73
2026/07/29 01:55:32.334, 305.50, 100, 74232, 75
2026/07/29 01:55:33.371, 310.76, 100, 74232, 75
2026/07/29 01:55:34.408, 306.57, 100, 74232, 74
2026/07/29 01:55:35.451, 295.11, 100, 74232, 74
2026/07/29 01:55:36.486, 264.62, 100, 74232, 74
2026/07/29 01:55:37.522, 281.76, 100, 74232, 73
2026/07/29 01:55:38.558, 292.79, 100, 74232, 73
2026/07/29 01:55:39.596, 294.82, 100, 74232, 73
2026/07/29 01:55:40.632, 295.20, 100, 74232, 73
2026/07/29 01:55:41.669, 295.11, 100, 74232, 73
2026/07/29 01:55:42.706, 377.56, 4, 74232, 74
2026/07/29 01:55:43.746, 303.08, 100, 74232, 74
2026/07/29 01:55:44.781, 297.18, 100, 74232, 74
2026/07/29 01:55:45.819, 295.61, 100, 74232, 75
2026/07/29 01:55:46.854, 310.38, 100, 74232, 74
2026/07/29 01:55:47.890, 276.01, 100, 74232, 74
2026/07/29 01:55:48.927, 302.22, 100, 74232, 73
2026/07/29 01:55:49.964, 303.27, 100, 74232, 73
2026/07/29 01:55:51.001, 304.26, 100, 74232, 73
2026/07/29 01:55:52.037, 302.81, 100, 74232, 73
2026/07/29 01:55:53.075, 292.70, 100, 74232, 74
2026/07/29 01:55:54.110, 285.92, 100, 74232, 75
2026/07/29 01:55:55.144, 298.15, 100, 74232, 75
2026/07/29 01:55:56.181, 282.62, 100, 74232, 75
2026/07/29 01:55:57.215, 298.93, 100, 74232, 75
2026/07/29 01:55:58.250, 303.39, 100, 74232, 75
2026/07/29 01:55:59.286, 303.11, 100, 74232, 73
2026/07/29 01:56:00.324, 304.47, 100, 74232, 73
2026/07/29 01:56:01.363, 302.41, 100, 74232, 73
2026/07/29 01:56:02.400, 303.97, 100, 74232, 73
2026/07/29 01:56:03.437, 299.32, 100, 74232, 73
2026/07/29 01:56:04.474, 303.39, 100, 74232, 74
2026/07/29 01:56:05.513, 305.34, 100, 74232, 74
2026/07/29 01:56:06.552, 303.10, 100, 74232, 74
2026/07/29 01:56:07.589, 100.32, 0, 74232, 70
2026/07/29 01:56:08.623, 298.81, 100, 74232, 75
2026/07/29 01:56:09.659, 297.83, 100, 74232, 75
2026/07/29 01:56:10.694, 307.36, 100, 74232, 75
2026/07/29 01:56:11.731, 283.12, 100, 74232, 75
2026/07/29 01:56:12.766, 312.89, 100, 74232, 75
2026/07/29 01:56:13.801, 289.89, 100, 74232, 75
2026/07/29 01:56:14.838, 303.35, 100, 74232, 73
2026/07/29 01:56:15.875, 288.17, 100, 74232, 73
2026/07/29 01:56:16.914, 290.90, 100, 74232, 73
2026/07/29 01:56:17.952, 272.06, 92, 74232, 75
2026/07/29 01:56:18.989, 299.39, 100, 74232, 75
2026/07/29 01:56:20.024, 299.98, 100, 74232, 75
2026/07/29 01:56:21.066, 301.57, 100, 74232, 75
2026/07/29 01:56:22.100, 318.36, 100, 74232, 75
2026/07/29 01:56:23.135, 311.12, 100, 74232, 75
2026/07/29 01:56:24.174, 280.88, 100, 74232, 74
2026/07/29 01:56:25.210, 288.68, 100, 74232, 74
2026/07/29 01:56:26.252, 296.86, 100, 74232, 74
2026/07/29 01:56:27.289, 292.08, 100, 74232, 74
2026/07/29 01:56:28.326, 295.41, 100, 74232, 74
2026/07/29 01:56:29.364, 305.90, 100, 74232, 74
2026/07/29 01:56:30.401, 303.78, 100, 74232, 74
2026/07/29 01:56:31.444, 296.29, 100, 74232, 74
2026/07/29 01:56:32.483, 296.86, 100, 74232, 74
2026/07/29 01:56:33.521, 297.36, 100, 74232, 74
2026/07/29 01:56:34.557, 101.78, 0, 74232, 71
2026/07/29 01:56:35.667, 100.16, 0, 74232, 70
2026/07/29 01:56:36.698, 100.16, 0, 74232, 70
2026/07/29 01:56:37.729, 97.26, 0, 74232, 69
2026/07/29 01:56:38.761, 96.68, 0, 74232, 68
2026/07/29 01:56:39.795, 95.80, 0, 74232, 68
2026/07/29 01:56:40.826, 96.17, 0, 74232, 67
2026/07/29 01:56:41.857, 95.43, 0, 74232, 67
2026/07/29 01:56:42.889, 94.73, 0, 74232, 66
2026/07/29 01:56:43.922, 93.15, 0, 74232, 66
2026/07/29 01:56:44.953, 94.03, 0, 74232, 66
2026/07/29 01:56:45.984, 93.17, 0, 74232, 65
2026/07/29 01:56:47.017, 92.75, 0, 74232, 65
2026/07/29 01:56:48.049, 91.69, 0, 74232, 65
2026/07/29 01:56:49.152, 91.97, 0, 74232, 64
2026/07/29 01:56:50.182, 91.67, 0, 74232, 64
2026/07/29 01:56:51.212, 90.29, 0, 74232, 63
2026/07/29 01:56:52.243, 90.67, 0, 74232, 63
2026/07/29 01:56:53.273, 89.55, 0, 74232, 63
2026/07/29 01:56:54.303, 89.93, 0, 74232, 62
2026/07/29 01:56:55.334, 88.24, 0, 74232, 62
2026/07/29 01:56:56.366, 88.57, 0, 74232, 62
2026/07/29 01:56:57.395, 88.32, 0, 74232, 62
2026/07/29 01:56:58.425, 89.04, 0, 74232, 61
2026/07/29 01:56:59.454, 87.83, 0, 74232, 61
2026/07/29 01:57:00.485, 87.54, 0, 74232, 61
2026/07/29 01:57:01.516, 98.71, 38, 74232, 65
2026/07/29 01:57:02.551, 304.20, 100, 74232, 66
2026/07/29 01:57:03.586, 294.00, 100, 74232, 66
2026/07/29 01:57:04.625, 293.80, 100, 74232, 67
2026/07/29 01:57:05.660, 300.89, 100, 74232, 67
2026/07/29 01:57:06.696, 307.46, 100, 74232, 66
2026/07/29 01:57:07.733, 300.46, 100, 74232, 66
2026/07/29 01:57:08.769, 299.77, 100, 74232, 66
2026/07/29 01:57:09.806, 300.94, 100, 74232, 66
2026/07/29 01:57:10.842, 301.03, 100, 74232, 67
2026/07/29 01:57:11.880, 302.11, 100, 74232, 67
2026/07/29 01:57:12.918, 300.36, 100, 74232, 67
2026/07/29 01:57:13.955, 301.88, 100, 74232, 69
2026/07/29 01:57:14.991, 299.89, 100, 74232, 69
2026/07/29 01:57:16.026, 302.88, 100, 74232, 69
2026/07/29 01:57:17.060, 297.22, 100, 74232, 70
2026/07/29 01:57:18.094, 303.18, 100, 74232, 68
2026/07/29 01:57:19.133, 302.88, 100, 74232, 68
2026/07/29 01:57:20.169, 304.05, 100, 74232, 69
2026/07/29 01:57:21.206, 304.43, 100, 74232, 69
2026/07/29 01:57:22.242, 302.58, 100, 74232, 69
2026/07/29 01:57:23.278, 297.73, 100, 74232, 71
2026/07/29 01:57:24.312, 295.83, 100, 74232, 71
2026/07/29 01:57:25.346, 295.03, 100, 74232, 71
2026/07/29 01:57:26.384, 311.03, 100, 74232, 71
2026/07/29 01:57:27.418, 300.16, 100, 74232, 71
2026/07/29 01:57:28.451, 307.27, 100, 74232, 71
2026/07/29 01:57:29.486, 306.21, 100, 74232, 70
2026/07/29 01:57:30.523, 306.21, 100, 74232, 70
2026/07/29 01:57:31.559, 306.30, 100, 74232, 70
2026/07/29 01:57:32.597, 303.97, 100, 74232, 70
2026/07/29 01:57:33.632, 307.01, 100, 74232, 71
2026/07/29 01:57:34.673, 300.87, 100, 74232, 71
2026/07/29 01:57:35.710, 304.96, 100, 74232, 71
2026/07/29 01:57:36.747, 300.30, 100, 74232, 73
2026/07/29 01:57:37.780, 298.49, 100, 74232, 73
2026/07/29 01:57:38.814, 306.99, 100, 74232, 73
2026/07/29 01:57:39.855, 308.36, 100, 74232, 73
2026/07/29 01:57:40.890, 299.42, 100, 74232, 73
2026/07/29 01:57:41.929, 304.64, 100, 74232, 73
2026/07/29 01:57:42.963, 302.08, 100, 74232, 71
2026/07/29 01:57:44.000, 302.42, 100, 74232, 71
2026/07/29 01:57:45.037, 301.93, 100, 74232, 72
2026/07/29 01:57:46.073, 297.54, 100, 74232, 72
2026/07/29 01:57:47.110, 302.05, 100, 74232, 72
2026/07/29 01:57:48.146, 302.33, 100, 74232, 72
2026/07/29 01:57:49.184, 296.96, 100, 74232, 74
2026/07/29 01:57:50.217, 290.35, 100, 74232, 74
2026/07/29 01:57:51.251, 317.54, 100, 74232, 74
2026/07/29 01:57:52.286, 287.57, 100, 74232, 74
2026/07/29 01:57:53.320, 304.16, 100, 74232, 74
2026/07/29 01:57:54.354, 290.35, 100, 74232, 74
2026/07/29 01:57:55.421, 283.72, 100, 74232, 74
2026/07/29 01:57:56.455, 304.47, 100, 74232, 73
2026/07/29 01:57:57.492, 304.07, 100, 74232, 73
2026/07/29 01:57:58.529, 303.79, 100, 74232, 73
2026/07/29 01:57:59.567, 296.28, 100, 74232, 74
2026/07/29 01:58:00.602, 295.79, 100, 74232, 73
2026/07/29 01:58:01.638, 289.07, 100, 74232, 73
2026/07/29 01:58:02.678, 295.31, 100, 74232, 73
2026/07/29 01:58:03.713, 294.55, 100, 74232, 73
2026/07/29 01:58:04.751, 296.38, 100, 74232, 73
2026/07/29 01:58:05.788, 294.82, 100, 74232, 73
2026/07/29 01:58:06.824, 292.11, 100, 74232, 73
2026/07/29 01:58:07.861, 301.83, 100, 74232, 73
2026/07/29 01:58:08.898, 301.44, 100, 74232, 73
2026/07/29 01:58:09.935, 304.37, 100, 74232, 73
2026/07/29 01:58:10.972, 303.48, 100, 74232, 73
2026/07/29 01:58:12.009, 301.16, 100, 74232, 73
2026/07/29 01:58:13.045, 301.91, 100, 74232, 73
2026/07/29 01:58:14.083, 301.25, 100, 74232, 73
2026/07/29 01:58:15.119, 302.03, 100, 74232, 73
2026/07/29 01:58:16.157, 302.67, 100, 74232, 73
2026/07/29 01:58:17.194, 302.84, 100, 74232, 73
2026/07/29 01:58:18.233, 303.69, 100, 74232, 73
2026/07/29 01:58:19.270, 301.06, 100, 74232, 73
2026/07/29 01:58:20.307, 299.03, 100, 74232, 73
2026/07/29 01:58:21.344, 295.40, 100, 74232, 73
2026/07/29 01:58:22.380, 301.91, 100, 74232, 73
2026/07/29 01:58:23.417, 304.71, 100, 74232, 73
2026/07/29 01:58:24.453, 298.43, 100, 74232, 73
2026/07/29 01:58:25.491, 293.66, 100, 74232, 73
2026/07/29 01:58:26.528, 295.71, 100, 74232, 73
2026/07/29 01:58:27.572, 302.03, 100, 74232, 73
2026/07/29 01:58:28.609, 301.83, 100, 74232, 73
2026/07/29 01:58:29.646, 300.28, 100, 74232, 73
2026/07/29 01:58:30.683, 297.37, 100, 74232, 73
2026/07/29 01:58:31.719, 301.55, 100, 74232, 73
2026/07/29 01:58:32.755, 293.85, 100, 74232, 73
2026/07/29 01:58:33.792, 300.76, 100, 74232, 73
2026/07/29 01:58:34.831, 303.98, 100, 74232, 73
2026/07/29 01:58:35.869, 301.63, 100, 74232, 73
2026/07/29 01:58:36.908, 294.33, 100, 74232, 72
2026/07/29 01:58:37.945, 293.09, 100, 74232, 72
2026/07/29 01:58:38.981, 293.15, 100, 74232, 72
2026/07/29 01:58:40.017, 295.79, 100, 74232, 72
2026/07/29 01:58:41.053, 294.63, 100, 74232, 72
2026/07/29 01:58:42.091, 296.86, 100, 74232, 72
2026/07/29 01:58:43.128, 295.03, 100, 74232, 72
2026/07/29 01:58:44.167, 296.50, 100, 74232, 73
2026/07/29 01:58:45.205, 297.65, 100, 74232, 73
2026/07/29 01:58:46.242, 295.20, 100, 74232, 73
2026/07/29 01:58:47.278, 302.43, 100, 74232, 73
2026/07/29 01:58:48.314, 301.44, 100, 74232, 73
2026/07/29 01:58:49.349, 302.48, 100, 74232, 73
2026/07/29 01:58:50.385, 302.58, 100, 74232, 73
2026/07/29 01:58:51.421, 300.19, 100, 74232, 73
2026/07/29 01:58:52.458, 301.13, 100, 74232, 73
2026/07/29 01:58:53.495, 300.96, 100, 74232, 73
2026/07/29 01:58:54.532, 300.39, 100, 74232, 73
2026/07/29 01:58:55.568, 303.39, 100, 74232, 73
2026/07/29 01:58:56.604, 302.62, 100, 74232, 73
2026/07/29 01:58:57.640, 303.86, 100, 74232, 73
2026/07/29 01:58:58.678, 301.25, 100, 74232, 73
2026/07/29 01:58:59.716, 304.28, 100, 74232, 73
2026/07/29 01:59:00.753, 303.37, 100, 74232, 73
2026/07/29 01:59:01.792, 302.33, 100, 74232, 73
2026/07/29 01:59:02.829, 300.56, 100, 74232, 73
2026/07/29 01:59:03.865, 303.49, 100, 74232, 73
2026/07/29 01:59:04.901, 302.13, 100, 74232, 73
2026/07/29 01:59:05.937, 300.55, 100, 74232, 73
2026/07/29 01:59:06.974, 291.89, 100, 74232, 72
2026/07/29 01:59:08.010, 294.23, 100, 74232, 72
2026/07/29 01:59:09.047, 293.94, 100, 74232, 72
2026/07/29 01:59:10.084, 294.05, 100, 74232, 72
2026/07/29 01:59:11.121, 296.96, 100, 74232, 73
2026/07/29 01:59:12.157, 301.55, 100, 74232, 73
2026/07/29 01:59:13.194, 300.65, 100, 74232, 72
2026/07/29 01:59:14.231, 293.37, 100, 74232, 72
2026/07/29 01:59:15.268, 293.07, 100, 74232, 72
2026/07/29 01:59:16.304, 292.67, 100, 74232, 72
2026/07/29 01:59:17.342, 299.65, 100, 74232, 72
2026/07/29 01:59:18.381, 299.68, 100, 74232, 73
2026/07/29 01:59:19.418, 300.28, 100, 74232, 73
2026/07/29 01:59:20.455, 295.99, 100, 74232, 72
2026/07/29 01:59:21.491, 301.06, 100, 74232, 72
2026/07/29 01:59:22.530, 299.87, 100, 74232, 73
2026/07/29 01:59:23.564, 300.72, 100, 74232, 73
2026/07/29 01:59:24.602, 302.09, 100, 74232, 73
2026/07/29 01:59:25.638, 302.99, 100, 74232, 73
2026/07/29 01:59:26.675, 300.47, 100, 74232, 73
2026/07/29 01:59:27.712, 300.64, 100, 74232, 73
2026/07/29 01:59:28.748, 301.63, 100, 74232, 73
2026/07/29 01:59:29.785, 301.64, 100, 74232, 72
2026/07/29 01:59:30.823, 302.67, 93, 74232, 74
2026/07/29 01:59:31.857, 296.24, 100, 74232, 74
2026/07/29 01:59:32.891, 295.59, 100, 74232, 74
2026/07/29 01:59:33.925, 306.82, 100, 74232, 74
2026/07/29 01:59:34.960, 269.54, 100, 74232, 74
2026/07/29 01:59:35.999, 297.84, 100, 74232, 74
2026/07/29 01:59:37.035, 301.74, 100, 74232, 72
2026/07/29 01:59:38.073, 301.65, 100, 74232, 72
2026/07/29 01:59:39.110, 302.22, 100, 74232, 73
2026/07/29 01:59:40.148, 301.93, 100, 74232, 73
2026/07/29 01:59:41.185, 301.94, 100, 74232, 73
2026/07/29 01:59:42.222, 302.11, 100, 74232, 73
2026/07/29 01:59:43.260, 302.69, 100, 74232, 73
2026/07/29 01:59:44.298, 298.03, 100, 74232, 73
2026/07/29 01:59:45.336, 299.02, 100, 74232, 75
2026/07/29 01:59:46.371, 302.70, 100, 74232, 75
2026/07/29 01:59:47.405, 279.89, 100, 74232, 75
2026/07/29 01:59:48.439, 296.61, 100, 74232, 75
2026/07/29 01:59:49.473, 306.21, 100, 74232, 75
2026/07/29 01:59:50.506, 277.74, 100, 74232, 75
2026/07/29 01:59:51.542, 302.41, 100, 74232, 73
2026/07/29 01:59:52.581, 303.79, 100, 74232, 73
2026/07/29 01:59:53.619, 303.58, 100, 74232, 73
2026/07/29 01:59:54.656, 303.27, 100, 74232, 73
2026/07/29 01:59:55.695, 304.35, 100, 74232, 73
2026/07/29 01:59:56.732, 302.71, 100, 74232, 73
2026/07/29 01:59:57.769, 303.49, 100, 74232, 73
2026/07/29 01:59:58.806, 304.56, 100, 74232, 73
2026/07/29 01:59:59.844, 303.68, 100, 74232, 73
2026/07/29 02:00:00.880, 303.02, 100, 74232, 73
2026/07/29 02:00:01.917, 100.93, 0, 74232, 70
2026/07/29 02:00:02.953, 295.44, 100, 74232, 75
2026/07/29 02:00:03.986, 314.18, 100, 74232, 75
2026/07/29 02:00:05.023, 300.78, 100, 74232, 75
2026/07/29 02:00:06.063, 282.36, 100, 74232, 75
2026/07/29 02:00:07.098, 296.57, 100, 74232, 74
2026/07/29 02:00:08.132, 274.41, 100, 74232, 75
2026/07/29 02:00:09.173, 302.40, 100, 74232, 73
2026/07/29 02:00:10.211, 304.81, 100, 74232, 73
2026/07/29 02:00:11.248, 302.19, 100, 74232, 73
2026/07/29 02:00:12.286, 302.12, 100, 74232, 73
2026/07/29 02:00:13.322, 291.99, 100, 74232, 73
2026/07/29 02:00:14.360, 282.63, 100, 74232, 75
2026/07/29 02:00:15.395, 299.86, 100, 74232, 75
2026/07/29 02:00:16.431, 292.12, 100, 74232, 75
2026/07/29 02:00:17.466, 325.54, 100, 74232, 75
2026/07/29 02:00:18.500, 286.44, 100, 74232, 75
2026/07/29 02:00:19.534, 287.18, 100, 74232, 75
2026/07/29 02:00:20.568, 294.63, 100, 74232, 73
2026/07/29 02:00:21.605, 291.59, 100, 74232, 73
2026/07/29 02:00:22.641, 296.20, 100, 74232, 73
2026/07/29 02:00:23.679, 296.70, 100, 74232, 73
2026/07/29 02:00:24.717, 301.80, 100, 74232, 73
2026/07/29 02:00:25.754, 301.74, 100, 74232, 73
2026/07/29 02:00:26.793, 303.00, 100, 74232, 73
2026/07/29 02:00:27.831, 302.91, 100, 74232, 73
2026/07/29 02:00:28.868, 304.45, 100, 74232, 73
2026/07/29 02:00:29.904, 302.91, 100, 74232, 73
2026/07/29 02:00:30.941, 302.92, 100, 74232, 73
2026/07/29 02:00:31.977, 304.56, 100, 74232, 73
2026/07/29 02:00:33.014, 300.09, 100, 74232, 73
2026/07/29 02:00:34.050, 302.51, 100, 74232, 73
2026/07/29 02:00:35.087, 304.46, 100, 74232, 73
2026/07/29 02:00:36.123, 302.81, 100, 74232, 73
2026/07/29 02:00:37.160, 302.11, 100, 74232, 73
2026/07/29 02:00:38.195, 301.75, 100, 74232, 73
2026/07/29 02:00:39.231, 301.06, 100, 74232, 73
2026/07/29 02:00:40.267, 301.72, 100, 74232, 73
2026/07/29 02:00:41.304, 303.30, 100, 74232, 73
2026/07/29 02:00:42.340, 302.51, 100, 74232, 73
2026/07/29 02:00:43.381, 302.67, 100, 74232, 73
2026/07/29 02:00:44.419, 303.02, 100, 74232, 73
2026/07/29 02:00:45.456, 305.23, 100, 74232, 73
2026/07/29 02:00:46.495, 303.00, 100, 74232, 73
2026/07/29 02:00:47.533, 302.12, 100, 74232, 73
2026/07/29 02:00:48.571, 303.21, 100, 74232, 73
2026/07/29 02:00:49.610, 303.29, 100, 74232, 73
2026/07/29 02:00:50.647, 293.56, 100, 74232, 73
2026/07/29 02:00:51.689, 301.74, 100, 74232, 73
2026/07/29 02:00:52.726, 298.72, 100, 74232, 73
2026/07/29 02:00:53.764, 290.54, 100, 74232, 73
2026/07/29 02:00:54.802, 295.98, 100, 74232, 73
2026/07/29 02:00:55.839, 293.27, 100, 74232, 73
2026/07/29 02:00:56.880, 294.63, 100, 74232, 73
2026/07/29 02:00:57.918, 302.34, 100, 74232, 73
2026/07/29 02:00:58.954, 300.68, 100, 74232, 73
2026/07/29 02:00:59.991, 301.05, 100, 74232, 73
2026/07/29 02:01:01.028, 290.24, 100, 74232, 73
2026/07/29 02:01:02.065, 289.94, 100, 74232, 73
2026/07/29 02:01:03.111, 293.86, 100, 74232, 73
2026/07/29 02:01:04.153, 301.93, 100, 74232, 73
2026/07/29 02:01:05.191, 302.32, 100, 74232, 73
2026/07/29 02:01:06.233, 297.14, 100, 74232, 73
2026/07/29 02:01:07.272, 302.41, 100, 74232, 73
2026/07/29 02:01:08.309, 303.10, 100, 74232, 73
2026/07/29 02:01:09.347, 302.39, 100, 74232, 73
2026/07/29 02:01:10.383, 303.18, 100, 74232, 73
2026/07/29 02:01:11.420, 301.95, 100, 74232, 73
2026/07/29 02:01:12.456, 306.76, 100, 74232, 73
2026/07/29 02:01:13.493, 301.64, 100, 74232, 73
2026/07/29 02:01:14.530, 300.84, 100, 74232, 73
2026/07/29 02:01:15.567, 303.50, 100, 74232, 73
2026/07/29 02:01:16.604, 300.26, 100, 74232, 73
2026/07/29 02:01:17.640, 293.56, 100, 74232, 73
2026/07/29 02:01:18.677, 296.19, 100, 74232, 73
2026/07/29 02:01:19.714, 296.10, 100, 74232, 73
2026/07/29 02:01:20.751, 295.13, 100, 74232, 73
2026/07/29 02:01:21.789, 290.63, 100, 74232, 73
2026/07/29 02:01:22.827, 290.82, 100, 74232, 73
2026/07/29 02:01:23.865, 295.61, 100, 74232, 73
2026/07/29 02:01:24.903, 294.05, 100, 74232, 73
2026/07/29 02:01:25.940, 297.44, 100, 74232, 73
2026/07/29 02:01:26.978, 296.57, 100, 74232, 73
2026/07/29 02:01:28.015, 294.63, 100, 74232, 73
2026/07/29 02:01:29.057, 295.41, 100, 74232, 73
2026/07/29 02:01:30.095, 298.61, 100, 74232, 73
2026/07/29 02:01:31.131, 301.74, 100, 74232, 73
2026/07/29 02:01:32.168, 302.34, 100, 74232, 73
2026/07/29 02:01:33.204, 301.73, 100, 74232, 73
2026/07/29 02:01:34.241, 300.95, 100, 74232, 73
2026/07/29 02:01:35.278, 303.28, 100, 74232, 73
2026/07/29 02:01:36.316, 301.25, 100, 74232, 73
2026/07/29 02:01:37.353, 300.66, 100, 74232, 73
2026/07/29 02:01:38.389, 300.09, 100, 74232, 73
2026/07/29 02:01:39.425, 301.05, 100, 74232, 73
2026/07/29 02:01:40.460, 297.04, 100, 74232, 73
2026/07/29 02:01:41.496, 294.92, 100, 74232, 73
2026/07/29 02:01:42.532, 304.56, 100, 74232, 73
2026/07/29 02:01:43.570, 291.42, 100, 74232, 72
2026/07/29 02:01:44.606, 293.07, 100, 74232, 73
2026/07/29 02:01:45.643, 294.06, 100, 74232, 73
2026/07/29 02:01:46.681, 298.23, 100, 74232, 73
2026/07/29 02:01:47.719, 302.11, 100, 74232, 73
2026/07/29 02:01:48.756, 300.57, 100, 74232, 73
2026/07/29 02:01:49.793, 299.21, 100, 74232, 73
2026/07/29 02:01:50.830, 303.19, 100, 74232, 73
2026/07/29 02:01:51.867, 301.05, 100, 74232, 73
2026/07/29 02:01:52.905, 301.33, 100, 74232, 73
2026/07/29 02:01:53.942, 300.15, 100, 74232, 73
2026/07/29 02:01:54.980, 301.73, 100, 74232, 73
2026/07/29 02:01:56.016, 301.15, 100, 74232, 73
2026/07/29 02:01:57.055, 302.12, 100, 74232, 73
2026/07/29 02:01:58.092, 301.26, 100, 74232, 73
2026/07/29 02:01:59.128, 301.15, 100, 74232, 73
2026/07/29 02:02:00.164, 301.93, 100, 74232, 73
2026/07/29 02:02:01.200, 302.60, 100, 74232, 73
2026/07/29 02:02:02.236, 302.80, 100, 74232, 73
2026/07/29 02:02:03.273, 301.53, 100, 74232, 73
2026/07/29 02:02:04.309, 297.16, 100, 74232, 73
2026/07/29 02:02:05.346, 303.00, 100, 74232, 73
2026/07/29 02:02:06.383, 297.95, 100, 74232, 72
2026/07/29 02:02:07.420, 293.36, 100, 74232, 72
2026/07/29 02:02:08.460, 293.08, 100, 74232, 72
2026/07/29 02:02:09.497, 294.03, 100, 74232, 72
2026/07/29 02:02:10.535, 290.82, 100, 74232, 72
2026/07/29 02:02:11.572, 290.55, 100, 74232, 72
2026/07/29 02:02:12.619, 289.85, 100, 74232, 72
2026/07/29 02:02:13.662, 296.58, 100, 74232, 72
2026/07/29 02:02:14.703, 300.04, 100, 74232, 74
2026/07/29 02:02:15.738, 300.37, 100, 74232, 74
2026/07/29 02:02:16.773, 285.36, 100, 74232, 74
2026/07/29 02:02:17.809, 284.87, 100, 74232, 74
2026/07/29 02:02:18.848, 279.85, 100, 74232, 74
2026/07/29 02:02:19.883, 302.38, 100, 74232, 73
2026/07/29 02:02:20.920, 301.26, 100, 74232, 72
2026/07/29 02:02:21.957, 299.95, 100, 74232, 72
2026/07/29 02:02:22.997, 305.05, 100, 74232, 73
2026/07/29 02:02:24.035, 302.52, 100, 74232, 73
2026/07/29 02:02:25.072, 303.06, 100, 74232, 73
2026/07/29 02:02:26.110, 302.32, 100, 74232, 73
2026/07/29 02:02:27.146, 302.60, 100, 74232, 73
2026/07/29 02:02:28.183, 303.11, 100, 74232, 73
2026/07/29 02:02:29.219, 304.25, 100, 74232, 73
2026/07/29 02:02:30.256, 302.70, 100, 74232, 73
2026/07/29 02:02:31.293, 302.91, 100, 74232, 73
2026/07/29 02:02:32.331, 302.82, 100, 74232, 73
2026/07/29 02:02:33.368, 302.62, 100, 74232, 73
2026/07/29 02:02:34.406, 297.92, 100, 74232, 75
2026/07/29 02:02:35.441, 296.09, 100, 74232, 75
2026/07/29 02:02:36.477, 307.79, 100, 74232, 75
2026/07/29 02:02:37.511, 294.02, 100, 74232, 75
2026/07/29 02:02:38.545, 289.36, 100, 74232, 74
2026/07/29 02:02:39.581, 322.43, 100, 74232, 75
2026/07/29 02:02:40.621, 304.35, 100, 74232, 73
2026/07/29 02:02:41.657, 301.95, 100, 74232, 73
2026/07/29 02:02:42.696, 302.32, 100, 74232, 73
2026/07/29 02:02:43.734, 302.91, 100, 74232, 73
2026/07/29 02:02:44.771, 295.02, 100, 74232, 73
2026/07/29 02:02:45.810, 295.43, 100, 74232, 73
2026/07/29 02:02:46.847, 303.29, 100, 74232, 73
2026/07/29 02:02:47.885, 299.77, 100, 74232, 73
2026/07/29 02:02:48.922, 295.30, 100, 74232, 73
2026/07/29 02:02:49.960, 295.61, 100, 74232, 73
2026/07/29 02:02:50.997, 297.64, 100, 74232, 73
2026/07/29 02:02:52.034, 286.47, 90, 74232, 75
2026/07/29 02:02:53.072, 296.35, 100, 74232, 75
2026/07/29 02:02:54.107, 305.71, 100, 74232, 75
2026/07/29 02:02:55.143, 289.56, 100, 74232, 75
2026/07/29 02:02:56.178, 283.40, 100, 74232, 75
2026/07/29 02:02:57.213, 310.19, 100, 74232, 75
2026/07/29 02:02:58.249, 258.26, 100, 74232, 74
2026/07/29 02:02:59.291, 285.46, 100, 74232, 73
2026/07/29 02:03:00.329, 287.89, 100, 74232, 73
2026/07/29 02:03:01.366, 289.38, 100, 74232, 73
2026/07/29 02:03:02.408, 295.42, 100, 74232, 73
2026/07/29 02:03:03.445, 295.87, 100, 74232, 73
2026/07/29 02:03:04.482, 296.28, 100, 74232, 74
2026/07/29 02:03:05.520, 295.20, 100, 74232, 74
2026/07/29 02:03:06.556, 295.81, 100, 74232, 74
2026/07/29 02:03:07.595, 308.92, 42, 74232, 75
2026/07/29 02:03:08.630, 294.71, 100, 74232, 75
2026/07/29 02:03:09.666, 299.27, 100, 74232, 75
2026/07/29 02:03:10.702, 303.27, 100, 74232, 75
2026/07/29 02:03:11.736, 287.40, 100, 74232, 75
2026/07/29 02:03:12.772, 306.21, 100, 74232, 75
2026/07/29 02:03:13.809, 285.77, 100, 74232, 73
2026/07/29 02:03:14.850, 283.52, 100, 74232, 73
2026/07/29 02:03:15.891, 284.98, 100, 74232, 73
2026/07/29 02:03:16.930, 275.52, 87, 74232, 75
2026/07/29 02:03:17.971, 287.97, 100, 74232, 75
2026/07/29 02:03:19.006, 297.46, 100, 74232, 75
2026/07/29 02:03:20.041, 290.05, 100, 74232, 75
2026/07/29 02:03:21.082, 324.52, 100, 74232, 75
2026/07/29 02:03:22.121, 304.25, 100, 74232, 75
2026/07/29 02:03:23.155, 325.30, 100, 74232, 76
2026/07/29 02:03:24.189, 303.48, 100, 74232, 74
2026/07/29 02:03:25.226, 304.56, 100, 74232, 74
2026/07/29 02:03:26.262, 304.56, 100, 74232, 74
2026/07/29 02:03:27.299, 303.74, 100, 74232, 74
2026/07/29 02:03:28.336, 302.32, 100, 74232, 74
2026/07/29 02:03:29.379, 303.39, 100, 74232, 74
2026/07/29 02:03:30.415, 293.65, 100, 74232, 74
2026/07/29 02:03:31.453, 301.72, 100, 74232, 76
2026/07/29 02:03:32.488, 298.79, 100, 74232, 76
2026/07/29 02:03:33.525, 292.67, 100, 74232, 76
2026/07/29 02:03:34.560, 286.91, 100, 74232, 76
2026/07/29 02:03:35.596, 302.25, 100, 74232, 75
2026/07/29 02:03:36.637, 314.07, 100, 74232, 75
2026/07/29 02:03:37.673, 302.86, 100, 74232, 76
2026/07/29 02:03:38.711, 285.56, 100, 74232, 74
2026/07/29 02:03:39.748, 289.16, 100, 74232, 74
2026/07/29 02:03:40.785, 289.28, 100, 74232, 74
2026/07/29 02:03:41.823, 289.26, 100, 74232, 74
2026/07/29 02:03:42.862, 285.37, 100, 74232, 74
2026/07/29 02:03:43.899, 289.07, 100, 74232, 74
2026/07/29 02:03:44.938, 297.73, 100, 74232, 74
2026/07/29 02:03:45.975, 292.97, 100, 74232, 74
2026/07/29 02:03:47.014, 296.68, 100, 74232, 74
2026/07/29 02:03:48.050, 303.88, 100, 74232, 74
2026/07/29 02:03:49.087, 299.42, 100, 74232, 74
2026/07/29 02:03:50.126, 298.32, 100, 74232, 74
2026/07/29 02:03:51.162, 303.89, 100, 74232, 74
2026/07/29 02:03:52.199, 304.47, 100, 74232, 74
2026/07/29 02:03:53.236, 300.83, 100, 74232, 74
2026/07/29 02:03:54.275, 304.17, 100, 74232, 74
2026/07/29 02:03:55.312, 303.58, 100, 74232, 74
2026/07/29 02:03:56.348, 303.69, 100, 74232, 74
2026/07/29 02:03:57.384, 297.86, 100, 74232, 74
2026/07/29 02:03:58.421, 293.26, 100, 74232, 74
2026/07/29 02:03:59.458, 296.67, 100, 74232, 74
2026/07/29 02:04:00.495, 295.71, 100, 74232, 74
2026/07/29 02:04:01.533, 296.68, 100, 74232, 74
2026/07/29 02:04:02.570, 296.39, 100, 74232, 74
2026/07/29 02:04:03.607, 296.36, 100, 74232, 74
2026/07/29 02:04:04.645, 301.25, 100, 74232, 74
2026/07/29 02:04:05.681, 296.20, 100, 74232, 73
2026/07/29 02:04:06.718, 296.08, 100, 74232, 73
2026/07/29 02:04:07.754, 297.17, 100, 74232, 73
2026/07/29 02:04:08.791, 303.86, 100, 74232, 73
2026/07/29 02:04:09.829, 295.81, 100, 74232, 73
2026/07/29 02:04:10.866, 296.09, 100, 74232, 73
2026/07/29 02:04:11.903, 296.95, 100, 74232, 73
2026/07/29 02:04:12.945, 305.47, 100, 74232, 73
2026/07/29 02:04:13.982, 300.85, 100, 74232, 73
2026/07/29 02:04:15.018, 296.27, 100, 74232, 73
2026/07/29 02:04:16.056, 299.78, 100, 74232, 73
2026/07/29 02:04:17.093, 292.78, 100, 74232, 73
2026/07/29 02:04:18.131, 292.27, 100, 74232, 73
2026/07/29 02:04:19.169, 295.20, 100, 74232, 73
2026/07/29 02:04:20.209, 292.77, 100, 74232, 73
2026/07/29 02:04:21.247, 297.74, 100, 74232, 73
2026/07/29 02:04:22.284, 100.72, 0, 74232, 70
2026/07/29 02:04:23.317, 301.74, 100, 74232, 73
2026/07/29 02:04:24.354, 300.29, 100, 74232, 73
2026/07/29 02:04:25.391, 301.80, 100, 74232, 73
2026/07/29 02:04:26.429, 302.12, 100, 74232, 73
2026/07/29 02:04:27.466, 301.05, 100, 74232, 73
2026/07/29 02:04:28.503, 301.81, 100, 74232, 73
2026/07/29 02:04:29.539, 302.88, 100, 74232, 73
2026/07/29 02:04:30.576, 301.73, 100, 74232, 73
2026/07/29 02:04:31.613, 302.60, 100, 74232, 73
2026/07/29 02:04:32.651, 300.38, 100, 74232, 73
2026/07/29 02:04:33.689, 295.69, 100, 74232, 73
2026/07/29 02:04:34.726, 299.79, 100, 74232, 73
2026/07/29 02:04:35.762, 300.76, 100, 74232, 73
2026/07/29 02:04:36.800, 303.39, 100, 74232, 73
2026/07/29 02:04:37.837, 303.21, 100, 74232, 73
2026/07/29 02:04:38.874, 301.35, 100, 74232, 73
2026/07/29 02:04:39.911, 301.83, 100, 74232, 73
2026/07/29 02:04:40.948, 301.65, 100, 74232, 73
2026/07/29 02:04:41.984, 300.93, 100, 74232, 73
2026/07/29 02:04:43.022, 302.62, 100, 74232, 73
2026/07/29 02:04:44.060, 300.95, 100, 74232, 73
2026/07/29 02:04:45.098, 303.26, 100, 74232, 73
2026/07/29 02:04:46.136, 301.15, 100, 74232, 73
2026/07/29 02:04:47.174, 302.40, 100, 74232, 73
2026/07/29 02:04:48.212, 301.53, 100, 74232, 73
2026/07/29 02:04:49.249, 301.35, 100, 74232, 73
2026/07/29 02:04:50.286, 301.25, 100, 74232, 73
2026/07/29 02:04:51.323, 301.25, 100, 74232, 73
2026/07/29 02:04:52.359, 295.31, 100, 74232, 73
2026/07/29 02:04:53.396, 302.25, 100, 74232, 73
2026/07/29 02:04:54.432, 293.84, 100, 74232, 73
2026/07/29 02:04:55.470, 295.12, 100, 74232, 73
2026/07/29 02:04:56.509, 297.64, 100, 74232, 73
2026/07/29 02:04:57.547, 294.34, 100, 74232, 73
2026/07/29 02:04:58.584, 290.53, 100, 74232, 73
2026/07/29 02:04:59.623, 290.15, 100, 74232, 73
2026/07/29 02:05:00.661, 302.03, 100, 74232, 73
2026/07/29 02:05:01.699, 301.24, 100, 74232, 73
2026/07/29 02:05:02.737, 301.92, 100, 74232, 73
2026/07/29 02:05:03.774, 302.62, 100, 74232, 73
2026/07/29 02:05:04.816, 304.51, 100, 74232, 73
2026/07/29 02:05:05.854, 300.86, 100, 74232, 73
2026/07/29 02:05:06.890, 302.72, 100, 74232, 73
2026/07/29 02:05:07.927, 304.23, 100, 74232, 73
2026/07/29 02:05:08.965, 297.83, 100, 74232, 73
2026/07/29 02:05:10.003, 302.70, 100, 74232, 73
2026/07/29 02:05:11.040, 302.50, 100, 74232, 73
2026/07/29 02:05:12.077, 300.67, 100, 74232, 73
2026/07/29 02:05:13.113, 300.38, 100, 74232, 73
2026/07/29 02:05:14.149, 303.78, 100, 74232, 73
2026/07/29 02:05:15.186, 302.81, 100, 74232, 73
2026/07/29 02:05:16.223, 300.58, 100, 74232, 73
2026/07/29 02:05:17.260, 301.71, 100, 74232, 73
2026/07/29 02:05:18.298, 300.44, 100, 74232, 73
2026/07/29 02:05:19.337, 301.51, 100, 74232, 73
2026/07/29 02:05:20.374, 300.76, 100, 74232, 73
2026/07/29 02:05:21.411, 301.73, 100, 74232, 73
2026/07/29 02:05:22.448, 300.10, 100, 74232, 73
2026/07/29 02:05:23.484, 301.74, 100, 74232, 73
2026/07/29 02:05:24.522, 301.34, 100, 74232, 73
2026/07/29 02:05:25.559, 300.88, 100, 74232, 73
2026/07/29 02:05:26.597, 301.54, 100, 74232, 73
2026/07/29 02:05:27.634, 299.80, 100, 74232, 73
2026/07/29 02:05:28.671, 292.98, 100, 74232, 72
2026/07/29 02:05:29.711, 293.65, 100, 74232, 72
2026/07/29 02:05:30.747, 294.43, 100, 74232, 72
2026/07/29 02:05:31.784, 293.66, 100, 74232, 72
2026/07/29 02:05:32.821, 293.35, 100, 74232, 72
2026/07/29 02:05:33.858, 300.96, 100, 74232, 73
2026/07/29 02:05:34.897, 299.90, 100, 74232, 73
2026/07/29 02:05:35.934, 298.53, 100, 74232, 73
2026/07/29 02:05:36.971, 300.86, 100, 74232, 73
2026/07/29 02:05:38.008, 298.15, 100, 74232, 73
2026/07/29 02:05:39.045, 296.57, 100, 74232, 73
2026/07/29 02:05:40.082, 300.37, 100, 74232, 73
2026/07/29 02:05:41.120, 300.26, 100, 74232, 73
2026/07/29 02:05:42.157, 303.19, 100, 74232, 73
2026/07/29 02:05:43.193, 301.54, 100, 74232, 73
2026/07/29 02:05:44.230, 301.64, 100, 74232, 73
2026/07/29 02:05:45.266, 300.97, 100, 74232, 73
2026/07/29 02:05:46.305, 303.67, 100, 74232, 73
2026/07/29 02:05:47.343, 301.55, 100, 74232, 73
2026/07/29 02:05:48.381, 301.14, 100, 74232, 73
2026/07/29 02:05:49.420, 303.02, 100, 74232, 73
2026/07/29 02:05:50.457, 300.28, 100, 74232, 73
2026/07/29 02:05:51.496, 301.94, 100, 74232, 73
2026/07/29 02:05:52.533, 297.75, 100, 74232, 72
2026/07/29 02:05:53.576, 296.38, 100, 74232, 72
2026/07/29 02:05:54.614, 292.68, 100, 74232, 72
2026/07/29 02:05:55.651, 292.67, 100, 74232, 72
2026/07/29 02:05:56.691, 301.14, 100, 74232, 72
2026/07/29 02:05:57.730, 301.74, 100, 74232, 72
2026/07/29 02:05:58.766, 292.19, 100, 74232, 74
2026/07/29 02:05:59.802, 300.69, 100, 74232, 74
2026/07/29 02:06:00.839, 307.51, 100, 74232, 74
2026/07/29 02:06:01.874, 305.35, 100, 74232, 74
2026/07/29 02:06:02.910, 260.99, 100, 74232, 74
2026/07/29 02:06:03.946, 312.17, 100, 74232, 74
2026/07/29 02:06:04.983, 302.42, 100, 74232, 72
2026/07/29 02:06:06.021, 303.47, 100, 74232, 72
2026/07/29 02:06:07.057, 294.62, 100, 74232, 72
2026/07/29 02:06:08.094, 300.75, 100, 74232, 74
2026/07/29 02:06:09.129, 308.61, 100, 74232, 74
2026/07/29 02:06:10.164, 311.79, 100, 74232, 74
2026/07/29 02:06:11.201, 293.10, 100, 74232, 75
2026/07/29 02:06:12.234, 300.56, 100, 74232, 74
2026/07/29 02:06:13.269, 298.40, 100, 74232, 74
2026/07/29 02:06:14.304, 301.64, 100, 74232, 73
2026/07/29 02:06:15.342, 289.17, 100, 74232, 73
2026/07/29 02:06:16.380, 287.64, 100, 74232, 73
2026/07/29 02:06:17.418, 283.40, 100, 74232, 73
2026/07/29 02:06:18.458, 292.30, 100, 74232, 73
2026/07/29 02:06:19.495, 294.52, 100, 74232, 73
2026/07/29 02:06:20.538, 295.69, 100, 74232, 73
2026/07/29 02:06:21.577, 294.83, 100, 74232, 73
2026/07/29 02:06:22.614, 295.70, 100, 74232, 73
2026/07/29 02:06:23.652, 295.31, 100, 74232, 73
2026/07/29 02:06:24.688, 302.52, 100, 74232, 73
2026/07/29 02:06:25.725, 299.79, 100, 74232, 73
2026/07/29 02:06:26.762, 301.06, 100, 74232, 73
2026/07/29 02:06:27.799, 303.37, 100, 74232, 73
2026/07/29 02:06:28.837, 304.27, 100, 74232, 73
2026/07/29 02:06:29.873, 303.20, 100, 74232, 73
2026/07/29 02:06:30.912, 296.49, 100, 74232, 73
2026/07/29 02:06:31.950, 295.23, 100, 74232, 73
2026/07/29 02:06:32.987, 295.23, 100, 74232, 73
2026/07/29 02:06:34.025, 295.79, 100, 74232, 73
2026/07/29 02:06:35.063, 295.21, 100, 74232, 73
2026/07/29 02:06:36.101, 295.99, 100, 74232, 73
2026/07/29 02:06:37.138, 294.82, 100, 74232, 73
2026/07/29 02:06:38.175, 294.93, 100, 74232, 73
2026/07/29 02:06:39.211, 296.46, 100, 74232, 73
2026/07/29 02:06:40.249, 296.69, 100, 74232, 73
2026/07/29 02:06:41.286, 295.98, 100, 74232, 73
2026/07/29 02:06:42.324, 295.52, 100, 74232, 73
2026/07/29 02:06:43.361, 294.84, 100, 74232, 73
2026/07/29 02:06:44.399, 299.21, 100, 74232, 73
2026/07/29 02:06:45.436, 298.42, 100, 74232, 73
2026/07/29 02:06:46.473, 298.63, 100, 74232, 73
2026/07/29 02:06:47.511, 304.56, 100, 74232, 73
2026/07/29 02:06:48.547, 302.61, 100, 74232, 73
2026/07/29 02:06:49.586, 302.04, 100, 74232, 73
2026/07/29 02:06:50.623, 303.27, 100, 74232, 73
2026/07/29 02:06:51.660, 301.62, 100, 74232, 73
2026/07/29 02:06:52.696, 302.13, 100, 74232, 73
2026/07/29 02:06:53.733, 305.73, 100, 74232, 73
2026/07/29 02:06:54.769, 301.75, 100, 74232, 73
2026/07/29 02:06:55.805, 304.48, 100, 74232, 73
2026/07/29 02:06:56.843, 302.33, 100, 74232, 73
2026/07/29 02:06:57.880, 296.20, 100, 74232, 73
2026/07/29 02:06:58.918, 297.84, 100, 74232, 73
2026/07/29 02:06:59.956, 301.91, 100, 74232, 73
2026/07/29 02:07:00.994, 296.57, 100, 74232, 73
2026/07/29 02:07:02.033, 295.80, 100, 74232, 73
2026/07/29 02:07:03.071, 303.40, 100, 74232, 73
2026/07/29 02:07:04.109, 295.12, 100, 74232, 73
2026/07/29 02:07:05.146, 295.52, 100, 74232, 73
2026/07/29 02:07:06.184, 297.05, 100, 74232, 73
2026/07/29 02:07:07.221, 295.02, 100, 74232, 73
2026/07/29 02:07:08.260, 295.51, 100, 74232, 73
2026/07/29 02:07:09.297, 300.94, 100, 74232, 73
2026/07/29 02:07:10.334, 295.12, 100, 74232, 73
2026/07/29 02:07:11.373, 303.20, 100, 74232, 73
2026/07/29 02:07:12.410, 298.62, 100, 74232, 73
2026/07/29 02:07:13.450, 302.63, 100, 74232, 73
2026/07/29 02:07:14.487, 302.53, 100, 74232, 73
2026/07/29 02:07:15.524, 302.41, 100, 74232, 73
2026/07/29 02:07:16.562, 302.32, 100, 74232, 73
2026/07/29 02:07:17.600, 294.94, 100, 74232, 73
2026/07/29 02:07:18.637, 294.06, 100, 74232, 73
2026/07/29 02:07:19.677, 300.40, 100, 74232, 73
2026/07/29 02:07:20.716, 294.45, 100, 74232, 73
2026/07/29 02:07:21.754, 303.39, 100, 74232, 73
2026/07/29 02:07:22.793, 299.67, 100, 74232, 73
2026/07/29 02:07:23.832, 303.48, 100, 74232, 73
2026/07/29 02:07:24.869, 303.09, 100, 74232, 73
2026/07/29 02:07:25.908, 302.22, 100, 74232, 73
2026/07/29 02:07:26.945, 297.36, 100, 74232, 73
2026/07/29 02:07:27.982, 298.33, 100, 74232, 73
2026/07/29 02:07:29.019, 301.94, 100, 74232, 73
2026/07/29 02:07:30.057, 294.52, 100, 74232, 73
2026/07/29 02:07:31.094, 291.01, 100, 74232, 73
2026/07/29 02:07:32.131, 292.98, 100, 74232, 73
2026/07/29 02:07:33.170, 294.24, 100, 74232, 73
2026/07/29 02:07:34.209, 294.62, 100, 74232, 73
2026/07/29 02:07:35.246, 294.14, 100, 74232, 73
2026/07/29 02:07:36.285, 296.19, 100, 74232, 73
2026/07/29 02:07:37.323, 294.54, 100, 74232, 73
2026/07/29 02:07:38.360, 295.00, 100, 74232, 72
2026/07/29 02:07:39.399, 293.73, 100, 74232, 73
2026/07/29 02:07:40.437, 303.18, 100, 74232, 73
2026/07/29 02:07:41.475, 303.21, 100, 74232, 73
2026/07/29 02:07:42.513, 301.73, 100, 74232, 73
2026/07/29 02:07:43.549, 301.84, 100, 74232, 73
2026/07/29 02:07:44.586, 304.36, 100, 74232, 73
2026/07/29 02:07:45.623, 302.22, 100, 74232, 73
2026/07/29 02:07:46.661, 303.83, 100, 74232, 73
2026/07/29 02:07:47.698, 301.94, 100, 74232, 73
2026/07/29 02:07:48.736, 302.03, 100, 74232, 73
2026/07/29 02:07:49.773, 296.00, 100, 74232, 73
2026/07/29 02:07:50.811, 294.44, 100, 74232, 72
2026/07/29 02:07:51.848, 291.02, 100, 74232, 72
2026/07/29 02:07:52.886, 291.22, 100, 74232, 72
2026/07/29 02:07:53.924, 295.40, 100, 74232, 72
2026/07/29 02:07:54.962, 294.83, 100, 74232, 72
2026/07/29 02:07:55.999, 294.53, 100, 74232, 72
2026/07/29 02:07:57.037, 294.05, 100, 74232, 72
2026/07/29 02:07:58.074, 293.85, 100, 74232, 72
2026/07/29 02:07:59.112, 295.69, 100, 74232, 72
2026/07/29 02:08:00.151, 294.12, 100, 74232, 72
2026/07/29 02:08:01.188, 295.70, 100, 74232, 73
2026/07/29 02:08:02.225, 294.52, 100, 74232, 73
2026/07/29 02:08:03.263, 293.06, 100, 74232, 73
2026/07/29 02:08:04.300, 294.43, 100, 74232, 73
2026/07/29 02:08:05.339, 294.22, 100, 74232, 73
2026/07/29 02:08:06.378, 302.62, 100, 74232, 73
2026/07/29 02:08:07.415, 298.29, 100, 74232, 73
2026/07/29 02:08:08.455, 302.62, 100, 74232, 73
2026/07/29 02:08:09.491, 301.95, 100, 74232, 73
2026/07/29 02:08:10.529, 304.07, 100, 74232, 73
2026/07/29 02:08:11.566, 301.92, 100, 74232, 73
2026/07/29 02:08:12.604, 304.18, 100, 74232, 73
2026/07/29 02:08:13.642, 301.91, 100, 74232, 73
2026/07/29 02:08:14.679, 301.85, 100, 74232, 73
2026/07/29 02:08:15.717, 295.50, 100, 74232, 73
2026/07/29 02:08:16.753, 296.36, 100, 74232, 73
2026/07/29 02:08:17.791, 295.42, 100, 74232, 73
2026/07/29 02:08:18.828, 296.02, 100, 74232, 73
2026/07/29 02:08:19.866, 294.62, 100, 74232, 73
2026/07/29 02:08:20.903, 291.61, 100, 74232, 73
2026/07/29 02:08:21.942, 294.64, 100, 74232, 73
2026/07/29 02:08:22.980, 296.80, 100, 74232, 74
2026/07/29 02:08:24.015, 301.52, 100, 74232, 74
2026/07/29 02:08:25.050, 292.16, 100, 74232, 74
2026/07/29 02:08:26.083, 286.61, 100, 74232, 74
2026/07/29 02:08:27.117, 300.69, 100, 74232, 75
2026/07/29 02:08:28.150, 301.18, 100, 74232, 74
2026/07/29 02:08:29.185, 302.41, 100, 74232, 73
2026/07/29 02:08:30.224, 302.03, 100, 74232, 73
2026/07/29 02:08:31.261, 306.84, 100, 74232, 73
2026/07/29 02:08:32.299, 302.13, 100, 74232, 73
2026/07/29 02:08:33.338, 302.32, 100, 74232, 73
2026/07/29 02:08:34.375, 282.64, 100, 74232, 75
2026/07/29 02:08:35.413, 301.15, 100, 74232, 75
2026/07/29 02:08:36.448, 281.73, 100, 74232, 75
2026/07/29 02:08:37.485, 291.98, 100, 74232, 75
2026/07/29 02:08:38.523, 297.36, 100, 74232, 75
2026/07/29 02:08:39.558, 301.64, 100, 74232, 75
2026/07/29 02:08:40.594, 303.15, 100, 74232, 73
2026/07/29 02:08:41.632, 303.55, 100, 74232, 73
2026/07/29 02:08:42.670, 302.71, 100, 74232, 74
2026/07/29 02:08:43.708, 303.35, 100, 74232, 74
2026/07/29 02:08:44.747, 304.17, 100, 74232, 74
2026/07/29 02:08:45.784, 304.17, 100, 74232, 74
2026/07/29 02:08:46.821, 304.37, 100, 74232, 74
2026/07/29 02:08:47.858, 304.65, 100, 74232, 74
2026/07/29 02:08:48.895, 304.05, 100, 74232, 74
2026/07/29 02:08:49.933, 305.10, 100, 74232, 74
2026/07/29 02:08:50.970, 304.32, 100, 74232, 74
2026/07/29 02:08:52.008, 304.61, 100, 74232, 74
2026/07/29 02:08:53.045, 304.28, 100, 74232, 74
2026/07/29 02:08:54.082, 296.17, 100, 74232, 73
2026/07/29 02:08:55.118, 297.24, 100, 74232, 73
2026/07/29 02:08:56.154, 293.68, 100, 74232, 73
2026/07/29 02:08:57.195, 302.41, 100, 74232, 73
2026/07/29 02:08:58.231, 303.68, 100, 74232, 73
2026/07/29 02:08:59.268, 302.51, 100, 74232, 73
2026/07/29 02:09:00.305, 298.11, 100, 74232, 73
2026/07/29 02:09:01.344, 297.62, 100, 74232, 73
2026/07/29 02:09:02.381, 295.79, 100, 74232, 73
2026/07/29 02:09:03.417, 295.68, 100, 74232, 73
2026/07/29 02:09:04.454, 295.50, 100, 74232, 73
2026/07/29 02:09:05.490, 292.18, 100, 74232, 73
2026/07/29 02:09:06.528, 296.96, 100, 74232, 73
2026/07/29 02:09:07.565, 295.22, 100, 74232, 73
2026/07/29 02:09:08.608, 299.97, 100, 74232, 73
2026/07/29 02:09:09.650, 301.32, 100, 74232, 73
2026/07/29 02:09:10.686, 299.81, 100, 74232, 73
2026/07/29 02:09:11.723, 301.45, 100, 74232, 73
2026/07/29 02:09:12.759, 299.21, 100, 74232, 73
2026/07/29 02:09:13.796, 295.13, 100, 74232, 73
2026/07/29 02:09:14.833, 295.69, 100, 74232, 73
2026/07/29 02:09:15.869, 297.26, 100, 74232, 73
2026/07/29 02:09:16.906, 292.00, 100, 74232, 73
2026/07/29 02:09:17.943, 295.20, 100, 74232, 73
2026/07/29 02:09:18.981, 291.79, 100, 74232, 73
2026/07/29 02:09:20.017, 296.07, 100, 74232, 73
2026/07/29 02:09:21.054, 294.83, 100, 74232, 73
2026/07/29 02:09:22.090, 294.62, 100, 74232, 73
2026/07/29 02:09:23.127, 295.97, 100, 74232, 73
2026/07/29 02:09:24.164, 297.06, 100, 74232, 73
2026/07/29 02:09:25.204, 295.91, 100, 74232, 73
2026/07/29 02:09:26.243, 298.73, 100, 74232, 73
2026/07/29 02:09:27.280, 295.61, 100, 74232, 73
2026/07/29 02:09:28.317, 303.19, 100, 74232, 73
2026/07/29 02:09:29.355, 299.20, 100, 74232, 73
2026/07/29 02:09:30.392, 304.42, 100, 74232, 73
2026/07/29 02:09:31.430, 303.21, 100, 74232, 73
2026/07/29 02:09:32.469, 302.62, 100, 74232, 73
2026/07/29 02:09:33.507, 294.90, 100, 74232, 73
2026/07/29 02:09:34.543, 296.55, 100, 74232, 73
2026/07/29 02:09:35.581, 295.42, 100, 74232, 73
2026/07/29 02:09:36.618, 295.04, 100, 74232, 73
2026/07/29 02:09:37.656, 303.06, 100, 74232, 73
2026/07/29 02:09:38.694, 298.99, 100, 74232, 73
2026/07/29 02:09:39.734, 292.29, 100, 74232, 73
2026/07/29 02:09:40.772, 302.34, 100, 74232, 73
2026/07/29 02:09:41.809, 303.60, 100, 74232, 73
2026/07/29 02:09:42.847, 302.21, 100, 74232, 73
2026/07/29 02:09:43.884, 298.32, 100, 74232, 73
2026/07/29 02:09:44.922, 295.13, 100, 74232, 73
2026/07/29 02:09:45.959, 295.03, 100, 74232, 73
2026/07/29 02:09:46.996, 295.42, 100, 74232, 73
2026/07/29 02:09:48.033, 294.84, 100, 74232, 73
2026/07/29 02:09:49.070, 294.73, 100, 74232, 73
2026/07/29 02:09:50.108, 300.93, 100, 74232, 73
2026/07/29 02:09:51.145, 298.24, 100, 74232, 73
2026/07/29 02:09:52.187, 303.39, 100, 74232, 73
2026/07/29 02:09:53.224, 302.59, 100, 74232, 73
2026/07/29 02:09:54.260, 303.19, 100, 74232, 73
2026/07/29 02:09:55.298, 295.02, 100, 74232, 73
2026/07/29 02:09:56.335, 295.40, 100, 74232, 73
2026/07/29 02:09:57.372, 295.29, 100, 74232, 73
2026/07/29 02:09:58.409, 290.72, 100, 74232, 73
2026/07/29 02:09:59.446, 291.91, 100, 74232, 73
2026/07/29 02:10:00.484, 297.85, 100, 74232, 73
2026/07/29 02:10:01.521, 302.52, 100, 74232, 73
2026/07/29 02:10:02.557, 308.75, 100, 74232, 73
2026/07/29 02:10:03.593, 302.70, 100, 74232, 73
2026/07/29 02:10:04.630, 302.63, 100, 74232, 73
2026/07/29 02:10:05.666, 296.09, 100, 74232, 73
2026/07/29 02:10:06.702, 295.30, 100, 74232, 73
2026/07/29 02:10:07.738, 291.81, 100, 74232, 73
2026/07/29 02:10:08.774, 295.01, 100, 74232, 73
2026/07/29 02:10:09.812, 295.71, 100, 74232, 73
2026/07/29 02:10:10.849, 303.17, 100, 74232, 73
2026/07/29 02:10:11.886, 304.87, 100, 74232, 73
2026/07/29 02:10:12.924, 302.61, 100, 74232, 73
2026/07/29 02:10:13.962, 304.46, 100, 74232, 73
2026/07/29 02:10:14.999, 302.91, 100, 74232, 73
2026/07/29 02:10:16.037, 302.30, 100, 74232, 73
2026/07/29 02:10:17.073, 302.22, 100, 74232, 73
2026/07/29 02:10:18.108, 302.12, 100, 74232, 73
2026/07/29 02:10:19.144, 294.82, 100, 74232, 72
2026/07/29 02:10:20.182, 294.52, 100, 74232, 73
2026/07/29 02:10:21.219, 301.64, 100, 74232, 73
2026/07/29 02:10:22.255, 302.22, 100, 74232, 73
2026/07/29 02:10:23.292, 303.52, 100, 74232, 73
2026/07/29 02:10:24.328, 290.24, 100, 74232, 72
2026/07/29 02:10:25.367, 291.22, 100, 74232, 72
2026/07/29 02:10:26.404, 291.21, 100, 74232, 72
2026/07/29 02:10:27.442, 294.55, 100, 74232, 72
2026/07/29 02:10:28.479, 294.14, 100, 74232, 72
2026/07/29 02:10:29.517, 294.53, 100, 74232, 72
2026/07/29 02:10:30.553, 294.03, 100, 74232, 72
2026/07/29 02:10:31.591, 304.75, 100, 74232, 73
2026/07/29 02:10:32.627, 298.25, 100, 74232, 72
2026/07/29 02:10:33.662, 301.34, 100, 74232, 73
2026/07/29 02:10:34.700, 302.72, 100, 74232, 73
2026/07/29 02:10:35.736, 303.84, 100, 74232, 73
2026/07/29 02:10:36.773, 302.59, 100, 74232, 73
2026/07/29 02:10:37.809, 303.88, 100, 74232, 72
2026/07/29 02:10:38.844, 302.62, 100, 74232, 72
2026/07/29 02:10:39.881, 302.99, 100, 74232, 73
2026/07/29 02:10:40.919, 302.40, 100, 74232, 73
2026/07/29 02:10:41.955, 302.80, 100, 74232, 73
2026/07/29 02:10:42.993, 302.43, 100, 74232, 73
2026/07/29 02:10:44.029, 302.22, 100, 74232, 73
2026/07/29 02:10:45.067, 302.13, 100, 74232, 72
2026/07/29 02:10:46.104, 305.13, 100, 74232, 72
2026/07/29 02:10:47.141, 295.52, 100, 74232, 72
2026/07/29 02:10:48.179, 301.99, 100, 74232, 72
2026/07/29 02:10:49.217, 298.12, 100, 74232, 72
2026/07/29 02:10:50.256, 298.40, 100, 74232, 74
2026/07/29 02:10:51.291, 286.14, 100, 74232, 74
2026/07/29 02:10:52.327, 290.79, 100, 74232, 74
2026/07/29 02:10:53.362, 299.97, 100, 74232, 74
2026/07/29 02:10:54.395, 294.06, 100, 74232, 74
2026/07/29 02:10:55.431, 276.46, 100, 74232, 74
2026/07/29 02:10:56.471, 301.43, 100, 74232, 72
2026/07/29 02:10:57.509, 302.34, 100, 74232, 72
2026/07/29 02:10:58.546, 301.74, 100, 74232, 72
2026/07/29 02:10:59.582, 303.84, 100, 74232, 73
2026/07/29 02:11:00.619, 302.40, 100, 74232, 73
2026/07/29 02:11:01.658, 290.34, 0, 74232, 73
2026/07/29 02:11:02.694, 305.14, 100, 74232, 74
2026/07/29 02:11:03.727, 293.44, 100, 74232, 74
2026/07/29 02:11:04.762, 308.35, 100, 74232, 74
2026/07/29 02:11:05.796, 300.83, 100, 74232, 74
2026/07/29 02:11:06.830, 308.09, 100, 74232, 74
2026/07/29 02:11:07.864, 301.84, 100, 74232, 74
2026/07/29 02:11:08.899, 302.70, 100, 74232, 73
2026/07/29 02:11:09.936, 302.23, 100, 74232, 73
2026/07/29 02:11:10.973, 304.42, 100, 74232, 73
2026/07/29 02:11:12.012, 302.52, 100, 74232, 73
2026/07/29 02:11:13.049, 97.95, 13, 74232, 73
2026/07/29 02:11:14.084, 286.25, 100, 74232, 74
2026/07/29 02:11:15.122, 309.14, 100, 74232, 74
2026/07/29 02:11:16.156, 286.82, 100, 74232, 74
2026/07/29 02:11:17.188, 322.18, 100, 74232, 74
2026/07/29 02:11:18.222, 260.43, 100, 74232, 74
2026/07/29 02:11:19.256, 318.51, 100, 74232, 75
2026/07/29 02:11:20.297, 296.19, 100, 74232, 73
2026/07/29 02:11:21.333, 295.22, 100, 74232, 73
2026/07/29 02:11:22.370, 302.91, 100, 74232, 73
2026/07/29 02:11:23.406, 303.28, 100, 74232, 73
2026/07/29 02:11:24.442, 304.58, 100, 74232, 73
2026/07/29 02:11:25.477, 303.88, 100, 74232, 73
2026/07/29 02:11:26.514, 100.33, 21, 74232, 74
2026/07/29 02:11:27.548, 294.14, 100, 74232, 75
2026/07/29 02:11:28.583, 284.99, 100, 74232, 75
2026/07/29 02:11:29.622, 308.92, 100, 74232, 75
2026/07/29 02:11:30.656, 294.04, 100, 74232, 75
2026/07/29 02:11:31.693, 271.85, 100, 74232, 75
2026/07/29 02:11:32.729, 258.29, 100, 74232, 75
2026/07/29 02:11:33.770, 288.60, 100, 74232, 73
2026/07/29 02:11:34.806, 287.72, 100, 74232, 73
2026/07/29 02:11:35.846, 288.00, 100, 74232, 73
2026/07/29 02:11:36.882, 296.31, 100, 74232, 73
2026/07/29 02:11:37.917, 111.91, 100, 74232, 71
2026/07/29 02:11:38.953, 297.18, 100, 74232, 75
2026/07/29 02:11:39.990, 302.51, 100, 74232, 73
2026/07/29 02:11:41.026, 300.66, 100, 74232, 73
2026/07/29 02:11:42.063, 302.33, 100, 74232, 74
2026/07/29 02:11:43.099, 302.82, 100, 74232, 74
2026/07/29 02:11:44.135, 295.50, 100, 74232, 74
2026/07/29 02:11:45.172, 295.03, 100, 74232, 74
2026/07/29 02:11:46.208, 295.61, 100, 74232, 74
2026/07/29 02:11:47.245, 295.92, 100, 74232, 74
2026/07/29 02:11:48.282, 294.44, 100, 74232, 74
2026/07/29 02:11:49.319, 297.16, 100, 74232, 74
2026/07/29 02:11:50.355, 295.89, 100, 74232, 74
2026/07/29 02:11:51.392, 295.80, 100, 74232, 74
2026/07/29 02:11:52.428, 294.32, 100, 74232, 74
2026/07/29 02:11:53.464, 298.91, 100, 74232, 74
2026/07/29 02:11:54.501, 303.39, 100, 74232, 74
2026/07/29 02:11:55.539, 303.98, 100, 74232, 74
2026/07/29 02:11:56.577, 302.77, 100, 74232, 74
2026/07/29 02:11:57.615, 303.85, 100, 74232, 74
2026/07/29 02:11:58.652, 303.49, 100, 74232, 73
2026/07/29 02:11:59.691, 295.80, 100, 74232, 73
2026/07/29 02:12:00.728, 295.12, 100, 74232, 73
2026/07/29 02:12:01.766, 294.84, 100, 74232, 73
2026/07/29 02:12:02.803, 298.82, 100, 74232, 73
2026/07/29 02:12:03.839, 298.97, 100, 74232, 73
2026/07/29 02:12:04.878, 299.29, 100, 74232, 73
2026/07/29 02:12:05.916, 295.69, 100, 74232, 73
2026/07/29 02:12:06.954, 297.27, 100, 74232, 73
2026/07/29 02:12:07.991, 293.45, 100, 74232, 73
2026/07/29 02:12:09.035, 294.53, 100, 74232, 73
2026/07/29 02:12:10.072, 291.03, 100, 74232, 73
2026/07/29 02:12:11.109, 294.62, 100, 74232, 73
2026/07/29 02:12:12.149, 304.18, 100, 74232, 73
2026/07/29 02:12:13.185, 302.48, 100, 74232, 73
2026/07/29 02:12:14.222, 302.41, 100, 74232, 73
2026/07/29 02:12:15.258, 303.59, 100, 74232, 73
2026/07/29 02:12:16.295, 303.50, 100, 74232, 73
2026/07/29 02:12:17.334, 301.73, 100, 74232, 73
2026/07/29 02:12:18.370, 303.77, 100, 74232, 73
2026/07/29 02:12:19.406, 302.90, 100, 74232, 73
2026/07/29 02:12:20.442, 296.17, 100, 74232, 73
2026/07/29 02:12:21.480, 296.36, 100, 74232, 73
2026/07/29 02:12:22.519, 302.91, 100, 74232, 73
2026/07/29 02:12:23.556, 301.82, 100, 74232, 73
2026/07/29 02:12:24.592, 297.18, 100, 74232, 73
2026/07/29 02:12:25.629, 300.76, 100, 74232, 73
2026/07/29 02:12:26.666, 302.51, 100, 74232, 73
2026/07/29 02:12:27.703, 295.79, 100, 74232, 73
2026/07/29 02:12:28.739, 290.74, 100, 74232, 73
2026/07/29 02:12:29.781, 293.74, 100, 74232, 73
2026/07/29 02:12:30.817, 297.75, 100, 74232, 73
2026/07/29 02:12:31.854, 301.06, 100, 74232, 73
2026/07/29 02:12:32.890, 302.62, 100, 74232, 73
2026/07/29 02:12:33.929, 296.29, 100, 74232, 73
2026/07/29 02:12:34.967, 295.58, 100, 74232, 73
2026/07/29 02:12:36.004, 301.26, 100, 74232, 73
2026/07/29 02:12:37.041, 305.63, 100, 74232, 73
2026/07/29 02:12:38.078, 297.25, 100, 74232, 73
2026/07/29 02:12:39.115, 293.55, 100, 74232, 73
2026/07/29 02:12:40.152, 293.16, 100, 74232, 73
2026/07/29 02:12:41.189, 301.93, 100, 74232, 73
2026/07/29 02:12:42.225, 294.53, 100, 74232, 73
2026/07/29 02:12:43.264, 290.05, 100, 74232, 73
2026/07/29 02:12:44.301, 298.90, 100, 74232, 73
2026/07/29 02:12:45.339, 302.60, 100, 74232, 73
2026/07/29 02:12:46.375, 302.60, 100, 74232, 73
2026/07/29 02:12:47.411, 302.03, 100, 74232, 73
2026/07/29 02:12:48.448, 305.04, 100, 74232, 73
2026/07/29 02:12:49.485, 302.42, 100, 74232, 73
2026/07/29 02:12:50.521, 301.44, 100, 74232, 73
2026/07/29 02:12:51.560, 301.94, 100, 74232, 73
2026/07/29 02:12:52.598, 296.20, 100, 74232, 73
2026/07/29 02:12:53.635, 297.55, 100, 74232, 73
2026/07/29 02:12:54.672, 293.86, 100, 74232, 73
2026/07/29 02:12:55.710, 299.40, 100, 74232, 75
2026/07/29 02:12:56.744, 296.09, 100, 74232, 75
2026/07/29 02:12:57.778, 296.01, 100, 74232, 75
2026/07/29 02:12:58.811, 300.69, 100, 74232, 75
2026/07/29 02:12:59.845, 303.17, 100, 74232, 75
2026/07/29 02:13:00.882, 284.19, 100, 74232, 73
2026/07/29 02:13:01.923, 294.24, 100, 74232, 73
2026/07/29 02:13:02.961, 294.25, 100, 74232, 73
2026/07/29 02:13:03.996, 296.48, 100, 74232, 73
2026/07/29 02:13:05.035, 295.22, 100, 74232, 73
2026/07/29 02:13:06.072, 295.91, 100, 74232, 73
2026/07/29 02:13:07.108, 296.88, 100, 74232, 73
2026/07/29 02:13:08.146, 295.58, 100, 74232, 73
2026/07/29 02:13:09.183, 303.19, 100, 74232, 73
2026/07/29 02:13:10.221, 303.95, 100, 74232, 73
2026/07/29 02:13:11.258, 303.97, 100, 74232, 74
2026/07/29 02:13:12.297, 303.87, 100, 74232, 74
2026/07/29 02:13:13.335, 303.89, 100, 74232, 74
2026/07/29 02:13:14.371, 299.98, 100, 74232, 74
2026/07/29 02:13:15.408, 292.28, 100, 74232, 73
2026/07/29 02:13:16.445, 292.38, 100, 74232, 73
2026/07/29 02:13:17.484, 296.54, 100, 74232, 73
2026/07/29 02:13:18.521, 294.84, 100, 74232, 73
2026/07/29 02:13:19.559, 294.73, 100, 74232, 73
2026/07/29 02:13:20.596, 296.37, 100, 74232, 73
2026/07/29 02:13:21.633, 303.59, 100, 74232, 73
2026/07/29 02:13:22.671, 297.43, 60, 74232, 75
2026/07/29 02:13:23.706, 289.58, 100, 74232, 75
2026/07/29 02:13:24.740, 287.63, 100, 74232, 75
2026/07/29 02:13:25.781, 297.45, 100, 74232, 75
2026/07/29 02:13:26.816, 275.68, 100, 74232, 75
2026/07/29 02:13:27.851, 292.47, 100, 74232, 75
2026/07/29 02:13:28.886, 303.93, 100, 74232, 73
2026/07/29 02:13:29.924, 303.10, 100, 74232, 73
2026/07/29 02:13:30.961, 303.19, 100, 74232, 73
2026/07/29 02:13:31.998, 303.77, 100, 74232, 73
2026/07/29 02:13:33.036, 303.48, 100, 74232, 73
2026/07/29 02:13:34.074, 101.73, 0, 74232, 70
2026/07/29 02:13:35.107, 300.32, 100, 74232, 75
2026/07/29 02:13:36.143, 298.77, 100, 74232, 75
2026/07/29 02:13:37.177, 288.02, 100, 74232, 75
2026/07/29 02:13:38.213, 274.49, 100, 74232, 75
2026/07/29 02:13:39.250, 279.88, 100, 74232, 75
2026/07/29 02:13:40.285, 293.86, 100, 74232, 73
2026/07/29 02:13:41.322, 288.69, 100, 74232, 73
2026/07/29 02:13:42.360, 298.15, 100, 74232, 73
2026/07/29 02:13:43.398, 294.81, 100, 74232, 73
2026/07/29 02:13:44.435, 290.81, 100, 74232, 73
2026/07/29 02:13:45.473, 101.22, 0, 74232, 70
2026/07/29 02:13:46.506, 276.68, 100, 74232, 75
2026/07/29 02:13:47.541, 298.43, 100, 74232, 75
2026/07/29 02:13:48.579, 281.01, 100, 74232, 75
2026/07/29 02:13:49.615, 315.75, 100, 74232, 75
2026/07/29 02:13:50.650, 300.31, 100, 74232, 75
2026/07/29 02:13:51.685, 299.39, 100, 74232, 73
2026/07/29 02:13:52.726, 303.20, 100, 74232, 73
2026/07/29 02:13:53.764, 303.11, 100, 74232, 74
2026/07/29 02:13:54.801, 304.27, 100, 74232, 74
2026/07/29 02:13:55.840, 304.08, 100, 74232, 74
2026/07/29 02:13:56.878, 293.05, 100, 74232, 75
2026/07/29 02:13:57.915, 298.05, 100, 74232, 75
2026/07/29 02:13:58.950, 303.97, 100, 74232, 75
2026/07/29 02:13:59.986, 280.87, 100, 74232, 76
2026/07/29 02:14:01.024, 283.00, 100, 74232, 76
2026/07/29 02:14:02.059, 283.20, 100, 74232, 76
2026/07/29 02:14:03.094, 304.18, 100, 74232, 74
2026/07/29 02:14:04.132, 304.37, 100, 74232, 74
2026/07/29 02:14:05.169, 303.83, 100, 74232, 74
2026/07/29 02:14:06.206, 306.98, 100, 74232, 74
2026/07/29 02:14:07.243, 304.75, 100, 74232, 74
2026/07/29 02:14:08.280, 304.23, 100, 74232, 74
2026/07/29 02:14:09.316, 299.85, 100, 74232, 76
2026/07/29 02:14:10.351, 299.89, 100, 74232, 76
2026/07/29 02:14:11.385, 293.58, 100, 74232, 76
2026/07/29 02:14:12.421, 289.57, 100, 74232, 76
2026/07/29 02:14:13.455, 297.92, 100, 74232, 76
2026/07/29 02:14:14.490, 317.59, 100, 74232, 76
2026/07/29 02:14:15.526, 308.58, 100, 74232, 74
2026/07/29 02:14:16.567, 290.16, 100, 74232, 74
2026/07/29 02:14:17.605, 285.07, 100, 74232, 74
2026/07/29 02:14:18.642, 289.37, 100, 74232, 74
2026/07/29 02:14:19.684, 296.88, 100, 74232, 74
2026/07/29 02:14:20.726, 296.10, 100, 74232, 74
2026/07/29 02:14:21.763, 298.53, 100, 74232, 74
2026/07/29 02:14:22.804, 296.94, 100, 74232, 74
2026/07/29 02:14:23.842, 298.77, 100, 74232, 74
2026/07/29 02:14:24.878, 296.68, 100, 74232, 74
2026/07/29 02:14:25.914, 297.92, 100, 74232, 74
2026/07/29 02:14:26.951, 101.32, 0, 74232, 71
2026/07/29 02:14:27.984, 298.29, 100, 74232, 76
2026/07/29 02:14:29.020, 309.34, 100, 74232, 76
2026/07/29 02:14:30.055, 299.01, 100, 74232, 76
2026/07/29 02:14:31.090, 311.43, 100, 74232, 76
2026/07/29 02:14:32.125, 289.75, 100, 74232, 76
2026/07/29 02:14:33.161, 290.91, 100, 74232, 75
2026/07/29 02:14:34.196, 303.94, 100, 74232, 74
2026/07/29 02:14:35.236, 304.17, 100, 74232, 74
2026/07/29 02:14:36.271, 303.00, 100, 74232, 74
2026/07/29 02:14:37.308, 304.07, 100, 74232, 74
2026/07/29 02:14:38.345, 101.52, 23, 74232, 71
2026/07/29 02:14:39.378, 298.80, 100, 74232, 75
2026/07/29 02:14:40.413, 303.48, 100, 74232, 75
2026/07/29 02:14:41.448, 304.67, 100, 74232, 75
2026/07/29 02:14:42.483, 296.09, 100, 74232, 75
2026/07/29 02:14:43.521, 300.26, 100, 74232, 75
2026/07/29 02:14:44.556, 329.20, 100, 74232, 76
2026/07/29 02:14:45.591, 314.27, 100, 74232, 75
2026/07/29 02:14:46.627, 288.74, 100, 74232, 74
2026/07/29 02:14:47.665, 289.15, 100, 74232, 74
2026/07/29 02:14:48.704, 296.11, 100, 74232, 74
2026/07/29 02:14:49.744, 295.02, 100, 74232, 74
2026/07/29 02:14:50.781, 295.22, 100, 74232, 74
2026/07/29 02:14:51.818, 293.26, 100, 74232, 74
2026/07/29 02:14:52.855, 101.32, 0, 74232, 71
2026/07/29 02:14:53.887, 299.20, 100, 74232, 75
2026/07/29 02:14:54.924, 293.86, 100, 74232, 75
2026/07/29 02:14:55.959, 295.86, 100, 74232, 75
2026/07/29 02:14:56.994, 306.31, 100, 74232, 75
2026/07/29 02:14:58.029, 293.21, 100, 74232, 75
2026/07/29 02:14:59.064, 286.65, 100, 74232, 75
2026/07/29 02:15:00.103, 303.29, 100, 74232, 74
2026/07/29 02:15:01.140, 292.78, 100, 74232, 74
2026/07/29 02:15:02.178, 297.92, 100, 74232, 74
2026/07/29 02:15:03.215, 300.55, 100, 74232, 74
2026/07/29 02:15:04.251, 102.02, 0, 74232, 70
2026/07/29 02:15:05.284, 274.70, 100, 74232, 75
2026/07/29 02:15:06.319, 301.85, 100, 74232, 75
2026/07/29 02:15:07.355, 296.18, 100, 74232, 75
2026/07/29 02:15:08.390, 288.23, 100, 74232, 76
2026/07/29 02:15:09.426, 304.26, 100, 74232, 75
2026/07/29 02:15:10.465, 314.60, 100, 74232, 76
2026/07/29 02:15:11.499, 302.72, 100, 74232, 74
2026/07/29 02:15:12.537, 293.98, 100, 74232, 74
2026/07/29 02:15:13.575, 293.48, 100, 74232, 74
2026/07/29 02:15:14.612, 305.60, 100, 74232, 74
2026/07/29 02:15:15.648, 311.99, 55, 74232, 75
2026/07/29 02:15:16.683, 289.18, 100, 74232, 75
2026/07/29 02:15:17.718, 289.94, 100, 74232, 75
2026/07/29 02:15:18.752, 276.95, 100, 74232, 76
2026/07/29 02:15:19.786, 296.46, 100, 74232, 76
2026/07/29 02:15:20.829, 305.86, 100, 74232, 76
2026/07/29 02:15:21.863, 311.78, 100, 74232, 76
2026/07/29 02:15:22.898, 305.15, 100, 74232, 74
2026/07/29 02:15:23.936, 304.96, 100, 74232, 74
2026/07/29 02:15:24.973, 305.83, 100, 74232, 74
2026/07/29 02:15:26.014, 306.10, 100, 74232, 74
2026/07/29 02:15:27.052, 304.94, 100, 74232, 74
2026/07/29 02:15:28.089, 297.36, 100, 74232, 74
2026/07/29 02:15:29.126, 297.54, 100, 74232, 74
2026/07/29 02:15:30.163, 293.56, 100, 74232, 74
2026/07/29 02:15:31.202, 294.93, 100, 74232, 74
2026/07/29 02:15:32.239, 297.85, 100, 74232, 74
2026/07/29 02:15:33.282, 101.22, 0, 74232, 74
2026/07/29 02:15:34.317, 291.00, 100, 74232, 76
2026/07/29 02:15:35.353, 291.46, 100, 74232, 76
2026/07/29 02:15:36.389, 293.75, 100, 74232, 76
2026/07/29 02:15:37.423, 273.36, 100, 74232, 76
2026/07/29 02:15:38.459, 286.04, 100, 74232, 76
2026/07/29 02:15:39.497, 323.55, 100, 74232, 76
2026/07/29 02:15:40.532, 276.17, 100, 74232, 74
2026/07/29 02:15:41.571, 284.29, 100, 74232, 74
2026/07/29 02:15:42.609, 290.08, 100, 74232, 74
2026/07/29 02:15:43.647, 296.58, 100, 74232, 74
2026/07/29 02:15:44.684, 296.96, 100, 74232, 74
2026/07/29 02:15:45.721, 296.37, 100, 74232, 74
2026/07/29 02:15:46.759, 101.48, 0, 74232, 71
2026/07/29 02:15:47.791, 252.20, 100, 74232, 74
2026/07/29 02:15:48.836, 288.77, 100, 74232, 73
2026/07/29 02:15:49.876, 293.55, 100, 74232, 74
2026/07/29 02:15:50.913, 287.71, 100, 74232, 74
2026/07/29 02:15:51.954, 295.69, 100, 74232, 74
2026/07/29 02:15:52.992, 295.61, 100, 74232, 74
2026/07/29 02:15:54.030, 295.02, 100, 74232, 74
2026/07/29 02:15:55.069, 295.23, 100, 74232, 74
2026/07/29 02:15:56.107, 296.88, 100, 74232, 74
2026/07/29 02:15:57.145, 296.39, 100, 74232, 74
2026/07/29 02:15:58.183, 306.21, 100, 74232, 74
2026/07/29 02:15:59.222, 298.91, 100, 74232, 74
2026/07/29 02:16:00.259, 302.32, 100, 74232, 74
2026/07/29 02:16:01.298, 300.25, 100, 74232, 74
2026/07/29 02:16:02.336, 302.70, 100, 74232, 74
2026/07/29 02:16:03.374, 302.99, 100, 74232, 74
2026/07/29 02:16:04.411, 305.40, 100, 74232, 74
2026/07/29 02:16:05.448, 303.78, 100, 74232, 74
2026/07/29 02:16:06.485, 304.35, 100, 74232, 74
2026/07/29 02:16:07.521, 303.39, 100, 74232, 74
2026/07/29 02:16:08.559, 302.24, 100, 74232, 73
2026/07/29 02:16:09.595, 303.86, 100, 74232, 73
2026/07/29 02:16:10.633, 293.76, 100, 74232, 73
2026/07/29 02:16:11.670, 294.44, 100, 74232, 73
2026/07/29 02:16:12.709, 296.76, 100, 74232, 73
2026/07/29 02:16:13.749, 297.06, 100, 74232, 73
2026/07/29 02:16:14.786, 294.24, 100, 74232, 73
2026/07/29 02:16:15.823, 294.52, 100, 74232, 73
2026/07/29 02:16:16.859, 295.50, 100, 74232, 73
2026/07/29 02:16:17.896, 293.74, 100, 74232, 73
2026/07/29 02:16:18.934, 294.43, 100, 74232, 73
2026/07/29 02:16:19.971, 290.63, 100, 74232, 73
2026/07/29 02:16:21.008, 291.41, 100, 74232, 73
2026/07/29 02:16:22.048, 294.72, 100, 74232, 73
2026/07/29 02:16:23.086, 302.41, 100, 74232, 73
2026/07/29 02:16:24.123, 299.38, 100, 74232, 73
2026/07/29 02:16:25.162, 301.25, 100, 74232, 73
2026/07/29 02:16:26.200, 303.57, 100, 74232, 73
2026/07/29 02:16:27.237, 301.64, 100, 74232, 73
2026/07/29 02:16:28.275, 301.72, 100, 74232, 73
2026/07/29 02:16:29.311, 301.73, 100, 74232, 73
2026/07/29 02:16:30.348, 302.31, 100, 74232, 73
2026/07/29 02:16:31.385, 301.84, 100, 74232, 73
2026/07/29 02:16:32.422, 301.84, 100, 74232, 73
2026/07/29 02:16:33.459, 302.39, 100, 74232, 73
2026/07/29 02:16:34.496, 303.88, 100, 74232, 73
2026/07/29 02:16:35.534, 300.53, 100, 74232, 73
2026/07/29 02:16:36.571, 300.75, 100, 74232, 73
2026/07/29 02:16:37.608, 302.31, 100, 74232, 73
2026/07/29 02:16:38.647, 302.87, 100, 74232, 73
2026/07/29 02:16:39.684, 295.31, 100, 74232, 73
2026/07/29 02:16:40.722, 303.77, 100, 74232, 73
2026/07/29 02:16:41.768, 299.99, 100, 74232, 73
2026/07/29 02:16:42.808, 294.83, 100, 74232, 73
2026/07/29 02:16:43.844, 290.54, 100, 74232, 73
2026/07/29 02:16:44.891, 295.10, 100, 74232, 73
2026/07/29 02:16:45.930, 299.41, 100, 74232, 73
2026/07/29 02:16:46.966, 296.28, 100, 74232, 73
2026/07/29 02:16:48.004, 293.94, 100, 74232, 73
2026/07/29 02:16:49.041, 301.44, 100, 74232, 73
2026/07/29 02:16:50.079, 298.42, 100, 74232, 73
2026/07/29 02:16:51.117, 290.92, 100, 74232, 73
2026/07/29 02:16:52.155, 295.80, 100, 74232, 73
2026/07/29 02:16:53.192, 300.28, 100, 74232, 73
2026/07/29 02:16:54.231, 301.35, 100, 74232, 73
2026/07/29 02:16:55.272, 290.34, 100, 74232, 73
2026/07/29 02:16:56.311, 295.11, 100, 74232, 73
2026/07/29 02:16:57.352, 294.33, 100, 74232, 73
2026/07/29 02:16:58.390, 290.15, 100, 74232, 73
2026/07/29 02:16:59.427, 301.54, 100, 74232, 75
2026/07/29 02:17:00.463, 287.28, 100, 74232, 74
2026/07/29 02:17:01.500, 286.91, 100, 74232, 75
2026/07/29 02:17:02.535, 288.39, 100, 74232, 75
2026/07/29 02:17:03.570, 296.86, 100, 74232, 75
2026/07/29 02:17:04.612, 283.79, 100, 74232, 73
2026/07/29 02:17:05.650, 284.02, 100, 74232, 73
2026/07/29 02:17:06.691, 289.07, 100, 74232, 73
2026/07/29 02:17:07.729, 294.63, 100, 74232, 73
2026/07/29 02:17:08.767, 294.41, 100, 74232, 73
2026/07/29 02:17:09.805, 99.54, 0, 74232, 70
2026/07/29 02:17:10.838, 286.23, 100, 74232, 74
2026/07/29 02:17:11.874, 302.91, 100, 74232, 74
2026/07/29 02:17:12.909, 306.58, 100, 74232, 75
2026/07/29 02:17:13.947, 294.92, 100, 74232, 75
2026/07/29 02:17:14.982, 270.48, 100, 74232, 74
2026/07/29 02:17:16.019, 269.52, 100, 74232, 73
2026/07/29 02:17:17.057, 293.36, 100, 74232, 73
2026/07/29 02:17:18.094, 294.62, 100, 74232, 73
2026/07/29 02:17:19.136, 291.41, 100, 74232, 73
2026/07/29 02:17:20.175, 295.12, 100, 74232, 73
2026/07/29 02:17:21.212, 294.92, 100, 74232, 73
2026/07/29 02:17:22.251, 296.08, 100, 74232, 73
2026/07/29 02:17:23.288, 295.41, 100, 74232, 73
2026/07/29 02:17:24.325, 295.70, 100, 74232, 73
2026/07/29 02:17:25.363, 303.61, 100, 74232, 73
2026/07/29 02:17:26.401, 302.87, 100, 74232, 73
2026/07/29 02:17:27.438, 302.46, 100, 74232, 73
2026/07/29 02:17:28.476, 303.40, 100, 74232, 73
2026/07/29 02:17:29.513, 303.11, 100, 74232, 73
2026/07/29 02:17:30.551, 302.96, 100, 74232, 73
2026/07/29 02:17:31.588, 303.00, 100, 74232, 73
2026/07/29 02:17:32.625, 303.48, 100, 74232, 73
2026/07/29 02:17:33.662, 303.46, 100, 74232, 73
2026/07/29 02:17:34.700, 303.21, 100, 74232, 73
2026/07/29 02:17:35.741, 303.78, 100, 74232, 73
2026/07/29 02:17:36.779, 299.12, 100, 74232, 73
2026/07/29 02:17:37.816, 302.41, 100, 74232, 73
2026/07/29 02:17:38.854, 299.12, 100, 74232, 73
2026/07/29 02:17:39.893, 292.87, 100, 74232, 73
2026/07/29 02:17:40.932, 297.33, 100, 74232, 73
2026/07/29 02:17:41.969, 294.93, 100, 74232, 73
2026/07/29 02:17:43.006, 296.56, 100, 74232, 73
2026/07/29 02:17:44.044, 294.82, 100, 74232, 73
2026/07/29 02:17:45.080, 295.51, 100, 74232, 73
2026/07/29 02:17:46.119, 295.37, 100, 74232, 73
2026/07/29 02:17:47.156, 295.32, 100, 74232, 73
2026/07/29 02:17:48.198, 295.22, 100, 74232, 73
2026/07/29 02:17:49.236, 297.91, 100, 74232, 73
2026/07/29 02:17:50.273, 297.35, 100, 74232, 73
2026/07/29 02:17:51.312, 303.29, 100, 74232, 73
2026/07/29 02:17:52.349, 303.10, 100, 74232, 73
2026/07/29 02:17:53.387, 302.89, 100, 74232, 73
2026/07/29 02:17:54.425, 302.81, 100, 74232, 73
2026/07/29 02:17:55.463, 302.59, 100, 74232, 73
2026/07/29 02:17:56.502, 303.19, 100, 74232, 73
2026/07/29 02:17:57.540, 304.28, 100, 74232, 73
2026/07/29 02:17:58.579, 303.76, 100, 74232, 73
2026/07/29 02:17:59.618, 302.45, 100, 74232, 73
2026/07/29 02:18:00.655, 99.93, 0, 74232, 70
2026/07/29 02:18:01.688, 298.48, 100, 74232, 74
2026/07/29 02:18:02.724, 315.81, 100, 74232, 74
2026/07/29 02:18:03.760, 321.36, 100, 74232, 74
2026/07/29 02:18:04.795, 312.75, 100, 74232, 74
2026/07/29 02:18:05.830, 308.95, 100, 74232, 74
2026/07/29 02:18:06.865, 307.51, 100, 74232, 74
2026/07/29 02:18:07.903, 300.94, 100, 74232, 72
2026/07/29 02:18:08.941, 302.59, 100, 74232, 72
2026/07/29 02:18:09.978, 301.81, 100, 74232, 72
2026/07/29 02:18:11.015, 301.63, 100, 74232, 72
2026/07/29 02:18:12.054, 301.13, 100, 74232, 73
2026/07/29 02:18:13.091, 294.83, 100, 74232, 73
2026/07/29 02:18:14.129, 291.51, 100, 74232, 72
2026/07/29 02:18:15.167, 294.23, 100, 74232, 73
2026/07/29 02:18:16.205, 294.42, 100, 74232, 73
2026/07/29 02:18:17.242, 294.73, 100, 74232, 73
2026/07/29 02:18:18.280, 294.05, 100, 74232, 73
2026/07/29 02:18:19.317, 294.82, 100, 74232, 73
2026/07/29 02:18:20.355, 295.34, 100, 74232, 73
2026/07/29 02:18:21.393, 290.83, 100, 74232, 73
2026/07/29 02:18:22.430, 294.53, 100, 74232, 73
2026/07/29 02:18:23.468, 297.14, 100, 74232, 73
2026/07/29 02:18:24.505, 293.55, 100, 74232, 73
2026/07/29 02:18:25.543, 294.84, 100, 74232, 73
2026/07/29 02:18:26.580, 301.54, 100, 74232, 73
2026/07/29 02:18:27.619, 302.52, 100, 74232, 73
2026/07/29 02:18:28.657, 299.01, 100, 74232, 73
2026/07/29 02:18:29.693, 302.71, 100, 74232, 73
2026/07/29 02:18:30.731, 303.30, 100, 74232, 73
2026/07/29 02:18:31.768, 305.53, 100, 74232, 73
2026/07/29 02:18:32.806, 301.93, 100, 74232, 73
2026/07/29 02:18:33.843, 303.31, 100, 74232, 73
2026/07/29 02:18:34.882, 302.42, 100, 74232, 73
2026/07/29 02:18:35.919, 294.04, 100, 74232, 73
2026/07/29 02:18:36.956, 294.34, 100, 74232, 73
2026/07/29 02:18:37.993, 291.11, 100, 74232, 72
2026/07/29 02:18:39.032, 296.38, 100, 74232, 73
2026/07/29 02:18:40.071, 295.10, 100, 74232, 73
2026/07/29 02:18:41.109, 293.95, 100, 74232, 73
2026/07/29 02:18:42.148, 294.83, 100, 74232, 73
2026/07/29 02:18:43.186, 294.33, 100, 74232, 73
2026/07/29 02:18:44.223, 294.82, 100, 74232, 73
2026/07/29 02:18:45.265, 298.31, 100, 74232, 73
2026/07/29 02:18:46.302, 299.77, 100, 74232, 73
2026/07/29 02:18:47.339, 299.99, 100, 74232, 73
2026/07/29 02:18:48.376, 301.13, 100, 74232, 73
2026/07/29 02:18:49.413, 302.12, 100, 74232, 73
2026/07/29 02:18:50.451, 301.85, 100, 74232, 73
2026/07/29 02:18:51.488, 302.48, 100, 74232, 73
2026/07/29 02:18:52.525, 301.93, 100, 74232, 73
2026/07/29 02:18:53.562, 300.95, 100, 74232, 73
2026/07/29 02:18:54.599, 301.34, 100, 74232, 73
2026/07/29 02:18:55.636, 301.73, 100, 74232, 73
2026/07/29 02:18:56.673, 301.94, 100, 74232, 73
2026/07/29 02:18:57.714, 301.34, 100, 74232, 73
2026/07/29 02:18:58.754, 299.66, 100, 74232, 73
2026/07/29 02:18:59.791, 301.44, 100, 74232, 73
2026/07/29 02:19:00.828, 306.70, 100, 74232, 73
2026/07/29 02:19:01.866, 300.18, 100, 74232, 72
2026/07/29 02:19:02.905, 296.86, 100, 74232, 72
2026/07/29 02:19:03.942, 299.88, 100, 74232, 73
2026/07/29 02:19:04.983, 294.35, 100, 74232, 72
2026/07/29 02:19:06.021, 299.69, 100, 74232, 72
2026/07/29 02:19:07.058, 304.27, 100, 74232, 72
2026/07/29 02:19:08.099, 300.67, 100, 74232, 72
2026/07/29 02:19:09.135, 293.85, 100, 74232, 72
2026/07/29 02:19:10.172, 294.24, 100, 74232, 72
2026/07/29 02:19:11.209, 294.03, 100, 74232, 72
2026/07/29 02:19:12.251, 295.01, 100, 74232, 72
2026/07/29 02:19:13.291, 293.64, 100, 74232, 72
2026/07/29 02:19:14.328, 294.73, 100, 74232, 72
2026/07/29 02:19:15.364, 294.04, 100, 74232, 72
2026/07/29 02:19:16.402, 295.21, 100, 74232, 72
2026/07/29 02:19:17.440, 294.04, 100, 74232, 72
2026/07/29 02:19:18.483, 301.65, 100, 74232, 72
2026/07/29 02:19:19.522, 300.66, 100, 74232, 72
2026/07/29 02:19:20.558, 294.23, 100, 74232, 72
2026/07/29 02:19:21.596, 301.94, 100, 74232, 72
2026/07/29 02:19:22.632, 299.31, 100, 74232, 72
2026/07/29 02:19:23.671, 298.73, 100, 74232, 74
2026/07/29 02:19:24.707, 293.22, 100, 74232, 74
2026/07/29 02:19:25.744, 308.53, 100, 74232, 74
2026/07/29 02:19:26.782, 316.21, 100, 74232, 74
2026/07/29 02:19:27.819, 332.20, 100, 74232, 74
2026/07/29 02:19:28.855, 301.64, 100, 74232, 74
2026/07/29 02:19:29.895, 302.12, 100, 74232, 72
2026/07/29 02:19:30.932, 302.52, 100, 74232, 73
2026/07/29 02:19:31.969, 302.32, 100, 74232, 73
2026/07/29 02:19:33.005, 302.40, 100, 74232, 73
2026/07/29 02:19:34.042, 304.44, 100, 74232, 73
2026/07/29 02:19:35.080, 302.38, 100, 74232, 73
2026/07/29 02:19:36.116, 304.67, 100, 74232, 73
2026/07/29 02:19:37.155, 303.20, 100, 74232, 73
2026/07/29 02:19:38.192, 302.68, 100, 74232, 73
2026/07/29 02:19:39.229, 302.86, 100, 74232, 73
2026/07/29 02:19:40.267, 302.39, 100, 74232, 73
2026/07/29 02:19:41.304, 303.40, 100, 74232, 73
2026/07/29 02:19:42.342, 294.61, 100, 74232, 73
2026/07/29 02:19:43.379, 302.51, 100, 74232, 73
2026/07/29 02:19:44.416, 304.15, 100, 74232, 73
2026/07/29 02:19:45.453, 303.21, 100, 74232, 73
2026/07/29 02:19:46.492, 296.88, 100, 74232, 73
2026/07/29 02:19:47.529, 291.91, 100, 74232, 73
2026/07/29 02:19:48.570, 291.21, 100, 74232, 73
2026/07/29 02:19:49.607, 298.42, 100, 74232, 73
2026/07/29 02:19:50.644, 294.61, 100, 74232, 73
2026/07/29 02:19:51.682, 299.09, 100, 74232, 75
2026/07/29 02:19:52.717, 301.36, 100, 74232, 75
2026/07/29 02:19:53.754, 300.75, 100, 74232, 75
2026/07/29 02:19:54.794, 288.89, 100, 74232, 74
2026/07/29 02:19:55.829, 265.72, 100, 74232, 74
2026/07/29 02:19:56.864, 259.15, 100, 74232, 74
2026/07/29 02:19:57.901, 303.59, 100, 74232, 73
2026/07/29 02:19:58.938, 301.93, 100, 74232, 73
2026/07/29 02:19:59.975, 303.07, 100, 74232, 73
2026/07/29 02:20:01.010, 303.75, 100, 74232, 73
2026/07/29 02:20:02.048, 298.79, 100, 74232, 73
2026/07/29 02:20:03.085, 298.99, 100, 74232, 73
2026/07/29 02:20:04.123, 299.31, 100, 74232, 73
2026/07/29 02:20:05.159, 295.91, 100, 74232, 73
2026/07/29 02:20:06.196, 303.88, 100, 74232, 73
2026/07/29 02:20:07.234, 303.00, 100, 74232, 73
2026/07/29 02:20:08.272, 304.27, 100, 74232, 73
2026/07/29 02:20:09.309, 305.24, 100, 74232, 73
2026/07/29 02:20:10.346, 302.87, 100, 74232, 73
2026/07/29 02:20:11.383, 304.46, 100, 74232, 73
2026/07/29 02:20:12.420, 303.59, 100, 74232, 73
2026/07/29 02:20:13.457, 302.82, 100, 74232, 73
2026/07/29 02:20:14.494, 303.19, 100, 74232, 73
2026/07/29 02:20:15.532, 303.18, 100, 74232, 73
2026/07/29 02:20:16.571, 303.19, 100, 74232, 73
2026/07/29 02:20:17.609, 296.36, 100, 74232, 73
2026/07/29 02:20:18.646, 301.93, 100, 74232, 73
2026/07/29 02:20:19.684, 297.55, 100, 74232, 73
2026/07/29 02:20:20.720, 296.76, 100, 74232, 73
2026/07/29 02:20:21.757, 299.98, 100, 74232, 73
2026/07/29 02:20:22.794, 295.68, 100, 74232, 73
2026/07/29 02:20:23.832, 296.87, 100, 74232, 73
2026/07/29 02:20:24.869, 295.42, 100, 74232, 73
2026/07/29 02:20:25.906, 291.32, 100, 74232, 73
2026/07/29 02:20:26.943, 295.50, 100, 74232, 73
2026/07/29 02:20:27.980, 295.69, 100, 74232, 73
2026/07/29 02:20:29.017, 295.89, 100, 74232, 73
2026/07/29 02:20:30.054, 295.89, 100, 74232, 73
2026/07/29 02:20:31.094, 297.16, 100, 74232, 73
2026/07/29 02:20:32.133, 295.52, 100, 74232, 73
2026/07/29 02:20:33.170, 297.14, 100, 74232, 73
2026/07/29 02:20:34.207, 295.70, 100, 74232, 73
2026/07/29 02:20:35.245, 303.48, 100, 74232, 73
2026/07/29 02:20:36.283, 296.96, 100, 74232, 73
2026/07/29 02:20:37.320, 295.70, 100, 74232, 73
2026/07/29 02:20:38.359, 303.58, 100, 74232, 73
2026/07/29 02:20:39.396, 295.59, 100, 74232, 73
2026/07/29 02:20:40.432, 294.73, 100, 74232, 73
2026/07/29 02:20:41.469, 296.76, 100, 74232, 73
2026/07/29 02:20:42.505, 294.64, 100, 74232, 73
2026/07/29 02:20:43.542, 304.46, 100, 74232, 73
2026/07/29 02:20:44.579, 302.34, 100, 74232, 73
2026/07/29 02:20:45.617, 303.49, 100, 74232, 73
2026/07/29 02:20:46.655, 302.30, 100, 74232, 73
2026/07/29 02:20:47.693, 303.48, 100, 74232, 73
2026/07/29 02:20:48.730, 305.53, 100, 74232, 73
2026/07/29 02:20:49.769, 303.30, 100, 74232, 73
2026/07/29 02:20:50.807, 302.62, 100, 74232, 73
2026/07/29 02:20:51.844, 298.44, 100, 74232, 73
2026/07/29 02:20:52.882, 290.64, 100, 74232, 73
2026/07/29 02:20:53.919, 294.24, 100, 74232, 73
2026/07/29 02:20:54.956, 295.22, 100, 74232, 73
2026/07/29 02:20:55.994, 295.21, 100, 74232, 73
2026/07/29 02:20:57.032, 294.93, 100, 74232, 73
2026/07/29 02:20:58.077, 295.21, 100, 74232, 73
2026/07/29 02:20:59.114, 305.20, 100, 74232, 73
2026/07/29 02:21:00.151, 302.52, 100, 74232, 73
2026/07/29 02:21:01.189, 299.21, 100, 74232, 73
2026/07/29 02:21:02.225, 301.91, 100, 74232, 73
2026/07/29 02:21:03.261, 303.42, 100, 74232, 73
2026/07/29 02:21:04.298, 302.03, 100, 74232, 73
2026/07/29 02:21:05.336, 301.54, 100, 74232, 73
2026/07/29 02:21:06.373, 302.19, 100, 74232, 73
2026/07/29 02:21:07.410, 299.39, 100, 74232, 73
2026/07/29 02:21:08.448, 302.00, 100, 74232, 73
2026/07/29 02:21:09.485, 302.42, 100, 74232, 73
2026/07/29 02:21:10.523, 304.56, 100, 74232, 73
2026/07/29 02:21:11.561, 297.83, 100, 74232, 73
2026/07/29 02:21:12.598, 305.14, 100, 74232, 73
2026/07/29 02:21:13.635, 298.43, 100, 74232, 73
2026/07/29 02:21:14.676, 302.92, 100, 74232, 73
2026/07/29 02:21:15.713, 301.84, 100, 74232, 73
2026/07/29 02:21:16.758, 301.84, 100, 74232, 73
2026/07/29 02:21:17.805, 297.81, 100, 74232, 73
2026/07/29 02:21:18.841, 299.31, 100, 74232, 73
2026/07/29 02:21:19.878, 303.65, 100, 74232, 73
2026/07/29 02:21:20.915, 302.15, 100, 74232, 73
2026/07/29 02:21:21.952, 304.73, 100, 74232, 73
2026/07/29 02:21:22.989, 301.63, 100, 74232, 73
2026/07/29 02:21:24.026, 302.24, 100, 74232, 73
2026/07/29 02:21:25.065, 301.74, 100, 74232, 73
2026/07/29 02:21:26.102, 303.97, 100, 74232, 73
2026/07/29 02:21:27.141, 302.13, 100, 74232, 73
2026/07/29 02:21:28.178, 301.75, 100, 74232, 73
2026/07/29 02:21:29.216, 302.22, 100, 74232, 73
2026/07/29 02:21:30.253, 302.29, 100, 74232, 72
2026/07/29 02:21:31.290, 305.72, 100, 74232, 72
2026/07/29 02:21:32.327, 301.65, 100, 74232, 72
2026/07/29 02:21:33.365, 296.67, 100, 74232, 72
2026/07/29 02:21:34.403, 294.33, 100, 74232, 72
2026/07/29 02:21:35.441, 294.23, 100, 74232, 72
2026/07/29 02:21:36.481, 294.43, 100, 74232, 72
2026/07/29 02:21:37.523, 302.20, 100, 74232, 72
2026/07/29 02:21:38.560, 298.43, 100, 74232, 72
2026/07/29 02:21:39.599, 301.54, 100, 74232, 72
2026/07/29 02:21:40.639, 294.54, 100, 74232, 72
2026/07/29 02:21:41.677, 305.54, 100, 74232, 72
2026/07/29 02:21:42.715, 296.09, 100, 74232, 72
2026/07/29 02:21:43.755, 295.68, 100, 74232, 72
2026/07/29 02:21:44.793, 290.73, 100, 74232, 72
2026/07/29 02:21:45.831, 298.82, 100, 74232, 72
2026/07/29 02:21:46.870, 298.02, 100, 74232, 72
2026/07/29 02:21:47.909, 304.08, 100, 74232, 72
2026/07/29 02:21:48.946, 301.94, 100, 74232, 72
2026/07/29 02:21:49.984, 302.60, 100, 74232, 72
2026/07/29 02:21:51.022, 301.02, 100, 74232, 72
2026/07/29 02:21:52.059, 300.25, 100, 74232, 72
2026/07/29 02:21:53.097, 294.44, 100, 74232, 72
2026/07/29 02:21:54.133, 291.73, 100, 74232, 72
2026/07/29 02:21:55.172, 293.56, 100, 74232, 72
2026/07/29 02:21:56.210, 294.46, 100, 74232, 72
2026/07/29 02:21:57.248, 302.50, 100, 74232, 72
2026/07/29 02:21:58.287, 298.73, 100, 74232, 72
2026/07/29 02:21:59.324, 298.73, 100, 74232, 72
2026/07/29 02:22:00.362, 301.15, 100, 74232, 72
2026/07/29 02:22:01.399, 302.14, 100, 74232, 72
2026/07/29 02:22:02.436, 302.72, 100, 74232, 72
2026/07/29 02:22:03.474, 302.04, 100, 74232, 72
2026/07/29 02:22:04.511, 290.06, 100, 74232, 72
2026/07/29 02:22:05.549, 295.51, 100, 74232, 72
2026/07/29 02:22:06.586, 295.13, 100, 74232, 72
2026/07/29 02:22:07.623, 298.02, 100, 74232, 72
2026/07/29 02:22:08.661, 295.40, 100, 74232, 72
2026/07/29 02:22:09.705, 290.33, 100, 74232, 72
2026/07/29 02:22:10.743, 301.45, 100, 74232, 72
2026/07/29 02:22:11.781, 301.02, 100, 74232, 72
2026/07/29 02:22:12.822, 301.06, 100, 74232, 72
2026/07/29 02:22:13.859, 301.93, 100, 74232, 72
2026/07/29 02:22:14.897, 299.12, 100, 74232, 72
2026/07/29 02:22:15.939, 297.76, 100, 74232, 72
2026/07/29 02:22:16.976, 302.71, 100, 74232, 72
2026/07/29 02:22:18.014, 302.32, 100, 74232, 72
2026/07/29 02:22:19.052, 301.82, 100, 74232, 72
2026/07/29 02:22:20.090, 302.78, 100, 74232, 72
2026/07/29 02:22:21.127, 301.91, 100, 74232, 72
2026/07/29 02:22:22.165, 303.31, 100, 74232, 72
2026/07/29 02:22:23.202, 301.64, 100, 74232, 72
2026/07/29 02:22:24.239, 303.19, 100, 74232, 72
2026/07/29 02:22:25.276, 301.94, 100, 74232, 72
2026/07/29 02:22:26.313, 303.00, 100, 74232, 72
2026/07/29 02:22:27.351, 302.12, 100, 74232, 72
2026/07/29 02:22:28.388, 302.63, 100, 74232, 72
2026/07/29 02:22:29.425, 302.90, 100, 74232, 72
2026/07/29 02:22:30.461, 302.70, 100, 74232, 72
2026/07/29 02:22:31.498, 295.90, 100, 74232, 72
2026/07/29 02:22:32.537, 300.87, 100, 74232, 72
2026/07/29 02:22:33.575, 303.69, 100, 74232, 72
2026/07/29 02:22:34.612, 290.64, 100, 74232, 72
2026/07/29 02:22:35.650, 290.84, 100, 74232, 72
2026/07/29 02:22:36.693, 291.71, 100, 74232, 72
2026/07/29 02:22:37.730, 301.16, 100, 74232, 72
2026/07/29 02:22:38.767, 302.52, 100, 74232, 72
2026/07/29 02:22:39.805, 294.34, 100, 74232, 72
2026/07/29 02:22:40.841, 293.58, 100, 74232, 72
2026/07/29 02:22:41.878, 294.45, 100, 74232, 72
2026/07/29 02:22:42.916, 294.83, 100, 74232, 72
2026/07/29 02:22:43.956, 298.63, 100, 74232, 72
2026/07/29 02:22:44.992, 297.66, 100, 74232, 72
2026/07/29 02:22:46.028, 298.11, 100, 74232, 72
2026/07/29 02:22:47.064, 302.03, 100, 74232, 72
2026/07/29 02:22:48.100, 301.81, 100, 74232, 72
2026/07/29 02:22:49.140, 302.03, 100, 74232, 72
2026/07/29 02:22:50.178, 302.15, 100, 74232, 72
2026/07/29 02:22:51.217, 302.23, 100, 74232, 72
2026/07/29 02:22:52.254, 302.21, 100, 74232, 72
2026/07/29 02:22:53.292, 301.44, 100, 74232, 72
2026/07/29 02:22:54.330, 302.29, 100, 74232, 72
2026/07/29 02:22:55.368, 301.83, 100, 74232, 72
2026/07/29 02:22:56.406, 301.05, 100, 74232, 72
2026/07/29 02:22:57.444, 291.60, 100, 74232, 72
2026/07/29 02:22:58.482, 293.76, 100, 74232, 72
2026/07/29 02:22:59.520, 294.23, 100, 74232, 72
2026/07/29 02:23:00.556, 294.04, 100, 74232, 72
2026/07/29 02:23:01.595, 294.15, 100, 74232, 72
2026/07/29 02:23:02.632, 297.06, 100, 74232, 72
2026/07/29 02:23:03.669, 301.13, 100, 74232, 72
2026/07/29 02:23:04.707, 302.03, 100, 74232, 72
2026/07/29 02:23:05.744, 301.53, 100, 74232, 72
2026/07/29 02:23:06.781, 303.06, 100, 74232, 72
2026/07/29 02:23:07.818, 302.41, 100, 74232, 72
2026/07/29 02:23:08.857, 303.48, 100, 74232, 72
2026/07/29 02:23:09.895, 302.79, 100, 74232, 72
2026/07/29 02:23:10.932, 304.00, 100, 74232, 72
2026/07/29 02:23:11.970, 302.53, 100, 74232, 72
2026/07/29 02:23:13.007, 302.33, 100, 74232, 72
2026/07/29 02:23:14.044, 301.14, 100, 74232, 72
2026/07/29 02:23:15.081, 302.41, 100, 74232, 72
2026/07/29 02:23:16.119, 292.98, 100, 74232, 72
2026/07/29 02:23:17.157, 291.11, 100, 74232, 72
2026/07/29 02:23:18.194, 297.04, 100, 74232, 72
2026/07/29 02:23:19.231, 295.21, 100, 74232, 72
2026/07/29 02:23:20.268, 302.12, 100, 74232, 72
2026/07/29 02:23:21.307, 302.67, 100, 74232, 72
2026/07/29 02:23:22.344, 302.47, 100, 74232, 72
2026/07/29 02:23:23.382, 296.37, 100, 74232, 72
2026/07/29 02:23:24.419, 294.33, 100, 74232, 72
2026/07/29 02:23:25.462, 295.78, 100, 74232, 72
2026/07/29 02:23:26.500, 293.75, 100, 74232, 72
2026/07/29 02:23:27.539, 297.37, 100, 74232, 72
2026/07/29 02:23:28.579, 294.72, 100, 74232, 72
2026/07/29 02:23:29.616, 302.89, 100, 74232, 72
2026/07/29 02:23:30.654, 298.23, 100, 74232, 72
2026/07/29 02:23:31.690, 298.14, 100, 74232, 72
2026/07/29 02:23:32.728, 302.02, 100, 74232, 72
2026/07/29 02:23:33.767, 301.91, 100, 74232, 72
2026/07/29 02:23:34.806, 300.64, 100, 74232, 72
2026/07/29 02:23:35.843, 305.44, 100, 74232, 72
2026/07/29 02:23:36.882, 291.12, 100, 74232, 72
2026/07/29 02:23:37.919, 294.42, 100, 74232, 72
2026/07/29 02:23:38.956, 292.28, 100, 74232, 72
2026/07/29 02:23:39.994, 300.75, 100, 74232, 72
2026/07/29 02:23:41.031, 297.85, 100, 74232, 72
2026/07/29 02:23:42.072, 294.71, 100, 74232, 72
2026/07/29 02:23:43.110, 301.72, 100, 74232, 72
2026/07/29 02:23:44.146, 302.99, 100, 74232, 72
2026/07/29 02:23:45.183, 302.20, 100, 74232, 72
2026/07/29 02:23:46.220, 303.50, 100, 74232, 72
2026/07/29 02:23:47.257, 301.94, 100, 74232, 72
2026/07/29 02:23:48.294, 304.16, 100, 74232, 72
2026/07/29 02:23:49.331, 301.54, 100, 74232, 72
2026/07/29 02:23:50.372, 302.33, 100, 74232, 72
2026/07/29 02:23:51.409, 302.03, 100, 74232, 72
2026/07/29 02:23:52.446, 302.71, 100, 74232, 72
2026/07/29 02:23:53.483, 302.45, 100, 74232, 72
2026/07/29 02:23:54.521, 296.18, 100, 74232, 72
2026/07/29 02:23:55.558, 295.29, 100, 74232, 72
2026/07/29 02:23:56.595, 294.43, 100, 74232, 72
2026/07/29 02:23:57.632, 291.21, 100, 74232, 72
2026/07/29 02:23:58.669, 294.73, 100, 74232, 72
2026/07/29 02:23:59.705, 301.74, 100, 74232, 72
2026/07/29 02:24:00.744, 302.19, 100, 74232, 72
2026/07/29 02:24:01.781, 296.78, 100, 74232, 72
2026/07/29 02:24:02.818, 294.92, 100, 74232, 72
2026/07/29 02:24:03.856, 296.87, 100, 74232, 72
2026/07/29 02:24:04.894, 294.44, 100, 74232, 72
2026/07/29 02:24:05.931, 296.48, 100, 74232, 72
2026/07/29 02:24:06.967, 295.30, 100, 74232, 72
2026/07/29 02:24:08.003, 292.79, 100, 74232, 72
2026/07/29 02:24:09.040, 291.69, 100, 74232, 72
2026/07/29 02:24:10.077, 295.02, 100, 74232, 72
2026/07/29 02:24:11.113, 296.08, 100, 74232, 72
2026/07/29 02:24:12.152, 294.94, 100, 74232, 73
2026/07/29 02:24:13.189, 302.22, 100, 74232, 73
2026/07/29 02:24:14.229, 300.07, 100, 74232, 73
2026/07/29 02:24:15.265, 303.39, 100, 74232, 73
2026/07/29 02:24:16.303, 302.61, 100, 74232, 73
2026/07/29 02:24:17.339, 302.52, 100, 74232, 73
2026/07/29 02:24:18.376, 304.64, 100, 74232, 73
2026/07/29 02:24:19.413, 304.07, 100, 74232, 73
2026/07/29 02:24:20.451, 303.11, 100, 74232, 73
2026/07/29 02:24:21.488, 292.18, 100, 74232, 73
2026/07/29 02:24:22.527, 295.21, 100, 74232, 73
2026/07/29 02:24:23.567, 296.49, 100, 74232, 73
2026/07/29 02:24:24.605, 295.01, 100, 74232, 73
2026/07/29 02:24:25.642, 302.88, 100, 74232, 73
2026/07/29 02:24:26.680, 299.82, 100, 74232, 73
2026/07/29 02:24:27.718, 302.59, 100, 74232, 73
2026/07/29 02:24:28.756, 296.66, 100, 74232, 73
2026/07/29 02:24:29.793, 304.07, 100, 74232, 73
2026/07/29 02:24:30.835, 299.89, 100, 74232, 73
2026/07/29 02:24:31.871, 298.82, 100, 74232, 73
2026/07/29 02:24:32.908, 291.89, 100, 74232, 73
2026/07/29 02:24:33.945, 292.01, 100, 74232, 73
2026/07/29 02:24:34.993, 292.29, 100, 74232, 73
2026/07/29 02:24:36.032, 297.73, 100, 74232, 73
2026/07/29 02:24:37.070, 297.06, 100, 74232, 73
2026/07/29 02:24:38.109, 296.19, 100, 74232, 73
2026/07/29 02:24:39.145, 297.44, 100, 74232, 73
2026/07/29 02:24:40.183, 293.55, 100, 74232, 73
2026/07/29 02:24:41.219, 291.21, 100, 74232, 73
2026/07/29 02:24:42.256, 297.45, 100, 74232, 73
2026/07/29 02:24:43.294, 302.22, 100, 74232, 73
2026/07/29 02:24:44.331, 297.35, 100, 74232, 73
2026/07/29 02:24:45.368, 303.27, 100, 74232, 73
2026/07/29 02:24:46.407, 303.76, 100, 74232, 73
2026/07/29 02:24:47.444, 303.85, 100, 74232, 73
2026/07/29 02:24:48.481, 303.20, 100, 74232, 73
2026/07/29 02:24:49.519, 303.28, 100, 74232, 73
2026/07/29 02:24:50.555, 302.99, 100, 74232, 73
2026/07/29 02:24:51.593, 291.40, 37, 74232, 74
2026/07/29 02:24:52.628, 296.28, 100, 74232, 74
2026/07/29 02:24:53.664, 296.01, 100, 74232, 74
2026/07/29 02:24:54.699, 309.34, 100, 74232, 75
2026/07/29 02:24:55.733, 298.04, 100, 74232, 74
2026/07/29 02:24:56.769, 287.99, 100, 74232, 74
2026/07/29 02:24:57.804, 276.03, 100, 74232, 75
2026/07/29 02:24:58.840, 303.01, 100, 74232, 73
2026/07/29 02:24:59.877, 297.54, 100, 74232, 73
2026/07/29 02:25:00.916, 296.26, 100, 74232, 73
2026/07/29 02:25:01.954, 294.62, 100, 74232, 73
2026/07/29 02:25:02.991, 295.51, 100, 74232, 73
2026/07/29 02:25:04.027, 294.54, 100, 74232, 73
2026/07/29 02:25:05.064, 295.40, 100, 74232, 73
2026/07/29 02:25:06.102, 295.29, 100, 74232, 73
2026/07/29 02:25:07.139, 296.87, 100, 74232, 73
2026/07/29 02:25:08.176, 295.23, 100, 74232, 73
2026/07/29 02:25:09.213, 295.80, 100, 74232, 73
2026/07/29 02:25:10.251, 296.27, 100, 74232, 73
2026/07/29 02:25:11.288, 296.09, 100, 74232, 73
2026/07/29 02:25:12.329, 301.57, 100, 74232, 73
2026/07/29 02:25:13.366, 300.47, 100, 74232, 73
2026/07/29 02:25:14.403, 299.58, 100, 74232, 73
2026/07/29 02:25:15.442, 300.68, 100, 74232, 73
2026/07/29 02:25:16.480, 305.71, 100, 74232, 73
2026/07/29 02:25:17.517, 297.15, 100, 74232, 73
2026/07/29 02:25:18.556, 296.38, 100, 74232, 73
2026/07/29 02:25:19.592, 295.71, 100, 74232, 73
2026/07/29 02:25:20.629, 296.36, 100, 74232, 73
2026/07/29 02:25:21.665, 296.10, 100, 74232, 73
2026/07/29 02:25:22.706, 295.50, 100, 74232, 73
2026/07/29 02:25:23.744, 302.61, 100, 74232, 73
2026/07/29 02:25:24.782, 303.40, 100, 74232, 73
2026/07/29 02:25:25.820, 303.96, 100, 74232, 73
2026/07/29 02:25:26.858, 292.88, 100, 74232, 73
2026/07/29 02:25:27.895, 296.08, 100, 74232, 73
2026/07/29 02:25:28.932, 295.02, 100, 74232, 73
2026/07/29 02:25:29.970, 295.21, 100, 74232, 73
2026/07/29 02:25:31.007, 296.28, 100, 74232, 73
2026/07/29 02:25:32.044, 295.41, 100, 74232, 73
2026/07/29 02:25:33.082, 296.46, 100, 74232, 73
2026/07/29 02:25:34.119, 295.22, 100, 74232, 73
2026/07/29 02:25:35.155, 295.80, 100, 74232, 73
2026/07/29 02:25:36.193, 295.11, 100, 74232, 73
2026/07/29 02:25:37.230, 295.98, 100, 74232, 73
2026/07/29 02:25:38.268, 294.64, 100, 74232, 73
2026/07/29 02:25:39.305, 298.14, 100, 74232, 73
2026/07/29 02:25:40.344, 298.24, 100, 74232, 73
2026/07/29 02:25:41.381, 297.76, 100, 74232, 73
2026/07/29 02:25:42.418, 299.76, 100, 74232, 73
2026/07/29 02:25:43.455, 304.70, 100, 74232, 73
2026/07/29 02:25:44.491, 302.42, 100, 74232, 73
2026/07/29 02:25:45.529, 300.09, 100, 74232, 73
2026/07/29 02:25:46.566, 301.93, 100, 74232, 73
2026/07/29 02:25:47.604, 302.90, 100, 74232, 73
2026/07/29 02:25:48.641, 303.53, 100, 74232, 73
2026/07/29 02:25:49.679, 295.12, 100, 74232, 73
2026/07/29 02:25:50.716, 304.19, 100, 74232, 73
2026/07/29 02:25:51.754, 303.19, 100, 74232, 73
2026/07/29 02:25:52.791, 306.42, 100, 74232, 73
2026/07/29 02:25:53.833, 295.21, 100, 74232, 73
2026/07/29 02:25:54.874, 302.43, 100, 74232, 73
2026/07/29 02:25:55.911, 295.01, 100, 74232, 73
2026/07/29 02:25:56.949, 295.11, 100, 74232, 73
2026/07/29 02:25:57.989, 291.70, 100, 74232, 73
2026/07/29 02:25:59.027, 304.77, 100, 74232, 73
2026/07/29 02:26:00.066, 301.93, 100, 74232, 73
2026/07/29 02:26:01.105, 291.89, 100, 74232, 73
2026/07/29 02:26:02.141, 294.43, 100, 74232, 73
2026/07/29 02:26:03.180, 294.82, 100, 74232, 73
2026/07/29 02:26:04.218, 294.61, 100, 74232, 73
2026/07/29 02:26:05.255, 302.03, 100, 74232, 73
2026/07/29 02:26:06.292, 305.82, 100, 74232, 73
2026/07/29 02:26:07.329, 294.94, 100, 74232, 73
2026/07/29 02:26:08.367, 291.41, 100, 74232, 73
2026/07/29 02:26:09.403, 291.88, 100, 74232, 73
2026/07/29 02:26:10.441, 291.12, 100, 74232, 72
2026/07/29 02:26:11.479, 294.45, 100, 74232, 73
2026/07/29 02:26:12.517, 294.64, 100, 74232, 73
2026/07/29 02:26:13.554, 294.15, 100, 74232, 73
2026/07/29 02:26:14.593, 301.05, 100, 74232, 73
2026/07/29 02:26:15.631, 301.45, 100, 74232, 73
2026/07/29 02:26:16.667, 299.00, 100, 74232, 73
2026/07/29 02:26:17.704, 303.58, 100, 74232, 73
2026/07/29 02:26:18.741, 302.39, 100, 74232, 73
2026/07/29 02:26:19.780, 302.23, 100, 74232, 73
2026/07/29 02:26:20.816, 301.94, 100, 74232, 73
2026/07/29 02:26:21.854, 294.23, 100, 74232, 72
2026/07/29 02:26:22.890, 297.07, 100, 74232, 73
2026/07/29 02:26:23.930, 301.42, 100, 74232, 73
2026/07/29 02:26:24.968, 295.11, 100, 74232, 72
2026/07/29 02:26:26.004, 299.10, 100, 74232, 72
2026/07/29 02:26:27.042, 294.54, 100, 74232, 72
2026/07/29 02:26:28.079, 299.42, 100, 74232, 72
2026/07/29 02:26:29.118, 299.12, 100, 74232, 72
2026/07/29 02:26:30.155, 294.82, 100, 74232, 73
2026/07/29 02:26:31.194, 294.44, 100, 74232, 72
2026/07/29 02:26:32.231, 301.45, 100, 74232, 73
2026/07/29 02:26:33.267, 302.03, 100, 74232, 73
2026/07/29 02:26:34.304, 301.17, 100, 74232, 72
2026/07/29 02:26:35.342, 294.34, 100, 74232, 72
2026/07/29 02:26:36.380, 294.65, 100, 74232, 72
2026/07/29 02:26:37.418, 294.43, 100, 74232, 72
2026/07/29 02:26:38.455, 297.55, 100, 74232, 72
2026/07/29 02:26:39.492, 294.44, 100, 74232, 72
2026/07/29 02:26:40.536, 294.82, 100, 74232, 72
2026/07/29 02:26:41.573, 302.02, 100, 74232, 72
2026/07/29 02:26:42.610, 303.19, 100, 74232, 72
2026/07/29 02:26:43.650, 305.89, 100, 74232, 72
2026/07/29 02:26:44.687, 302.12, 100, 74232, 72
2026/07/29 02:26:45.727, 304.84, 100, 74232, 72
2026/07/29 02:26:46.764, 302.24, 100, 74232, 72
2026/07/29 02:26:47.800, 302.41, 100, 74232, 72
2026/07/29 02:26:48.837, 302.41, 100, 74232, 72
2026/07/29 02:26:49.876, 302.51, 100, 74232, 72
2026/07/29 02:26:50.914, 303.50, 100, 74232, 72
2026/07/29 02:26:51.951, 302.60, 100, 74232, 72
2026/07/29 02:26:52.988, 304.35, 100, 74232, 72
2026/07/29 02:26:54.028, 302.70, 100, 74232, 72
2026/07/29 02:26:55.065, 295.42, 100, 74232, 72
2026/07/29 02:26:56.104, 302.22, 100, 74232, 72
2026/07/29 02:26:57.142, 304.82, 100, 74232, 72
2026/07/29 02:26:58.180, 291.00, 100, 74232, 72
2026/07/29 02:26:59.217, 297.14, 100, 74232, 72
2026/07/29 02:27:00.254, 291.21, 100, 74232, 72
2026/07/29 02:27:01.291, 294.44, 100, 74232, 72
2026/07/29 02:27:02.328, 294.91, 100, 74232, 72
2026/07/29 02:27:03.365, 293.06, 100, 74232, 73
2026/07/29 02:27:04.402, 294.82, 100, 74232, 73
2026/07/29 02:27:05.440, 306.01, 100, 74232, 73
2026/07/29 02:27:06.476, 303.19, 100, 74232, 73
2026/07/29 02:27:07.513, 300.77, 100, 74232, 73
2026/07/29 02:27:08.550, 298.02, 100, 74232, 73
2026/07/29 02:27:09.587, 304.71, 100, 74232, 73
2026/07/29 02:27:10.625, 303.00, 100, 74232, 73
2026/07/29 02:27:11.661, 304.30, 100, 74232, 73
2026/07/29 02:27:12.698, 303.27, 100, 74232, 73
2026/07/29 02:27:13.735, 299.88, 100, 74232, 73
2026/07/29 02:27:14.775, 303.74, 100, 74232, 73
2026/07/29 02:27:15.812, 304.18, 100, 74232, 73
2026/07/29 02:27:16.850, 302.43, 100, 74232, 73
2026/07/29 02:27:17.886, 302.81, 100, 74232, 73
2026/07/29 02:27:18.923, 302.43, 100, 74232, 73
2026/07/29 02:27:19.960, 305.44, 100, 74232, 73
2026/07/29 02:27:20.997, 302.09, 100, 74232, 73
2026/07/29 02:27:22.035, 295.32, 100, 74232, 73
2026/07/29 02:27:23.072, 303.19, 100, 74232, 73
2026/07/29 02:27:24.110, 303.80, 100, 74232, 73
2026/07/29 02:27:25.147, 302.70, 100, 74232, 73
2026/07/29 02:27:26.184, 295.12, 100, 74232, 73
2026/07/29 02:27:27.221, 291.32, 100, 74232, 73
2026/07/29 02:27:28.256, 294.81, 100, 74232, 73
2026/07/29 02:27:29.293, 296.07, 100, 74232, 73
2026/07/29 02:27:30.330, 294.63, 100, 74232, 73
2026/07/29 02:27:31.368, 298.21, 100, 74232, 73
2026/07/29 02:27:32.404, 295.20, 100, 74232, 73
2026/07/29 02:27:33.440, 296.19, 100, 74232, 73
2026/07/29 02:27:34.475, 295.31, 100, 74232, 73
2026/07/29 02:27:35.515, 293.17, 100, 74232, 72
2026/07/29 02:27:36.551, 291.58, 100, 74232, 72
2026/07/29 02:27:37.588, 299.61, 100, 74232, 72
2026/07/29 02:27:38.627, 299.81, 100, 74232, 73
2026/07/29 02:27:39.663, 303.19, 100, 74232, 73
2026/07/29 02:27:40.700, 302.63, 100, 74232, 73
2026/07/29 02:27:41.737, 302.10, 100, 74232, 73
2026/07/29 02:27:42.775, 302.62, 100, 74232, 73
2026/07/29 02:27:43.812, 302.53, 100, 74232, 73
2026/07/29 02:27:44.850, 304.54, 100, 74232, 73
2026/07/29 02:27:45.886, 302.42, 100, 74232, 73
2026/07/29 02:27:46.923, 301.44, 100, 74232, 73
2026/07/29 02:27:47.962, 299.31, 100, 74232, 73
2026/07/29 02:27:48.999, 303.84, 100, 74232, 73
2026/07/29 02:27:50.039, 294.92, 100, 74232, 73
2026/07/29 02:27:51.077, 295.21, 100, 74232, 73
2026/07/29 02:27:52.113, 294.34, 100, 74232, 73
2026/07/29 02:27:53.152, 291.24, 100, 74232, 73
2026/07/29 02:27:54.189, 295.69, 100, 74232, 73
2026/07/29 02:27:55.228, 300.49, 100, 74232, 73
2026/07/29 02:27:56.265, 295.03, 100, 74232, 73
2026/07/29 02:27:57.304, 292.18, 100, 74232, 73
2026/07/29 02:27:58.342, 296.17, 100, 74232, 73
2026/07/29 02:27:59.380, 295.59, 100, 74232, 73
2026/07/29 02:28:00.417, 295.12, 100, 74232, 73
2026/07/29 02:28:01.457, 301.03, 100, 74232, 73
2026/07/29 02:28:02.493, 298.81, 100, 74232, 73
2026/07/29 02:28:03.535, 302.59, 100, 74232, 73
2026/07/29 02:28:04.573, 302.90, 100, 74232, 73
2026/07/29 02:28:05.609, 302.51, 100, 74232, 73
2026/07/29 02:28:06.646, 306.90, 100, 74232, 73
2026/07/29 02:28:07.684, 304.36, 100, 74232, 73
2026/07/29 02:28:08.722, 296.68, 100, 74232, 73
2026/07/29 02:28:09.760, 297.05, 100, 74232, 73
2026/07/29 02:28:10.796, 295.70, 100, 74232, 73
2026/07/29 02:28:11.833, 296.67, 100, 74232, 73
2026/07/29 02:28:12.870, 295.10, 100, 74232, 73
2026/07/29 02:28:13.908, 302.60, 100, 74232, 73
2026/07/29 02:28:14.945, 294.74, 100, 74232, 73
2026/07/29 02:28:15.984, 295.22, 100, 74232, 73
2026/07/29 02:28:17.020, 291.32, 100, 74232, 73
2026/07/29 02:28:18.058, 295.50, 100, 74232, 73
2026/07/29 02:28:19.094, 296.01, 100, 74232, 73
2026/07/29 02:28:20.131, 295.51, 100, 74232, 73
2026/07/29 02:28:21.166, 295.02, 100, 74232, 73
2026/07/29 02:28:22.202, 294.74, 100, 74232, 73
2026/07/29 02:28:23.239, 297.26, 100, 74232, 73
2026/07/29 02:28:24.277, 303.80, 100, 74232, 73
2026/07/29 02:28:25.314, 295.41, 100, 74232, 73
2026/07/29 02:28:26.351, 296.67, 100, 74232, 73
2026/07/29 02:28:27.388, 302.90, 100, 74232, 73
2026/07/29 02:28:28.424, 306.75, 100, 74232, 73
2026/07/29 02:28:29.462, 299.60, 100, 74232, 73
2026/07/29 02:28:30.499, 304.02, 100, 74232, 73
2026/07/29 02:28:31.538, 303.61, 100, 74232, 73
2026/07/29 02:28:32.574, 303.89, 100, 74232, 73
2026/07/29 02:28:33.611, 303.30, 100, 74232, 73
2026/07/29 02:28:34.647, 304.56, 100, 74232, 73
2026/07/29 02:28:35.683, 303.56, 100, 74232, 73
2026/07/29 02:28:36.719, 304.56, 100, 74232, 73
2026/07/29 02:28:37.756, 303.30, 100, 74232, 73
2026/07/29 02:28:38.793, 304.18, 100, 74232, 73
2026/07/29 02:28:39.832, 299.00, 100, 74232, 73
2026/07/29 02:28:40.868, 295.58, 100, 74232, 73
2026/07/29 02:28:41.905, 299.81, 100, 74232, 73
2026/07/29 02:28:42.942, 299.98, 100, 74232, 73
2026/07/29 02:28:43.979, 295.81, 100, 74232, 73
2026/07/29 02:28:45.016, 294.93, 100, 74232, 73
2026/07/29 02:28:46.054, 295.89, 100, 74232, 73
2026/07/29 02:28:47.090, 295.92, 100, 74232, 73
2026/07/29 02:28:48.127, 301.43, 100, 74232, 73
2026/07/29 02:28:49.164, 296.86, 100, 74232, 73
2026/07/29 02:28:50.205, 296.18, 100, 74232, 73
2026/07/29 02:28:51.242, 295.98, 100, 74232, 73
2026/07/29 02:28:52.278, 298.62, 100, 74232, 73
2026/07/29 02:28:53.315, 292.87, 100, 74232, 73
2026/07/29 02:28:54.351, 296.67, 100, 74232, 73
2026/07/29 02:28:55.387, 298.22, 100, 74232, 73
2026/07/29 02:28:56.424, 302.60, 100, 74232, 73
2026/07/29 02:28:57.461, 303.78, 100, 74232, 73
2026/07/29 02:28:58.497, 303.47, 100, 74232, 73
2026/07/29 02:28:59.533, 303.00, 100, 74232, 73
2026/07/29 02:29:00.568, 304.77, 100, 74232, 73
2026/07/29 02:29:01.605, 302.72, 100, 74232, 73
2026/07/29 02:29:02.642, 302.82, 100, 74232, 73
2026/07/29 02:29:03.680, 302.42, 100, 74232, 73
2026/07/29 02:29:04.716, 295.70, 100, 74232, 73
2026/07/29 02:29:05.752, 302.70, 100, 74232, 73
2026/07/29 02:29:06.789, 295.50, 100, 74232, 73
2026/07/29 02:29:07.828, 295.29, 100, 74232, 73
2026/07/29 02:29:08.864, 295.31, 100, 74232, 73
2026/07/29 02:29:09.901, 296.48, 100, 74232, 73
2026/07/29 02:29:10.938, 294.43, 100, 74232, 73
2026/07/29 02:29:11.977, 294.82, 100, 74232, 73
2026/07/29 02:29:13.014, 296.17, 100, 74232, 72
2026/07/29 02:29:14.050, 295.32, 100, 74232, 72
2026/07/29 02:29:15.088, 294.43, 100, 74232, 72
2026/07/29 02:29:16.126, 295.77, 100, 74232, 72
2026/07/29 02:29:17.166, 294.83, 100, 74232, 72
2026/07/29 02:29:18.205, 303.90, 100, 74232, 73
2026/07/29 02:29:19.242, 302.51, 100, 74232, 73
2026/07/29 02:29:20.282, 305.21, 100, 74232, 73
2026/07/29 02:29:21.320, 302.22, 100, 74232, 73
2026/07/29 02:29:22.356, 302.53, 100, 74232, 73
2026/07/29 02:29:23.394, 302.12, 100, 74232, 73
2026/07/29 02:29:24.431, 302.70, 100, 74232, 73
2026/07/29 02:29:25.467, 302.70, 100, 74232, 73
2026/07/29 02:29:26.504, 302.38, 100, 74232, 73
2026/07/29 02:29:27.540, 303.36, 100, 74232, 73
2026/07/29 02:29:28.576, 302.89, 100, 74232, 73
2026/07/29 02:29:29.614, 301.82, 100, 74232, 72
2026/07/29 02:29:30.651, 299.79, 100, 74232, 72
2026/07/29 02:29:31.690, 296.08, 100, 74232, 72
2026/07/29 02:29:32.729, 298.62, 100, 74232, 72
2026/07/29 02:29:33.767, 296.00, 100, 74232, 72
2026/07/29 02:29:34.806, 295.61, 100, 74232, 72
2026/07/29 02:29:35.843, 294.83, 100, 74232, 72
2026/07/29 02:29:36.880, 295.22, 100, 74232, 72
2026/07/29 02:29:37.919, 293.95, 100, 74232, 72
2026/07/29 02:29:38.956, 295.22, 100, 74232, 72
2026/07/29 02:29:39.994, 294.83, 100, 74232, 72
2026/07/29 02:29:41.031, 297.34, 100, 74232, 72
2026/07/29 02:29:42.071, 297.09, 100, 74232, 72
2026/07/29 02:29:43.109, 297.25, 100, 74232, 72
2026/07/29 02:29:44.146, 291.21, 100, 74232, 72
2026/07/29 02:29:45.183, 296.55, 100, 74232, 72
2026/07/29 02:29:46.220, 294.23, 100, 74232, 72
2026/07/29 02:29:47.258, 299.21, 100, 74232, 72
2026/07/29 02:29:48.295, 303.08, 100, 74232, 72
2026/07/29 02:29:49.331, 298.81, 100, 74232, 72
2026/07/29 02:29:50.369, 299.01, 100, 74232, 72
2026/07/29 02:29:51.406, 301.02, 100, 74232, 72
2026/07/29 02:29:52.442, 322.79, 0, 74232, 73
2026/07/29 02:29:53.476, 303.45, 100, 74232, 73
2026/07/29 02:29:54.516, 293.05, 100, 74232, 73
2026/07/29 02:29:55.551, 280.69, 100, 74232, 74
2026/07/29 02:29:56.585, 309.98, 100, 74232, 74
2026/07/29 02:29:57.624, 286.54, 100, 74232, 74
2026/07/29 02:29:58.658, 305.22, 100, 74232, 74
2026/07/29 02:29:59.692, 300.74, 100, 74232, 72
2026/07/29 02:30:00.730, 302.11, 100, 74232, 72
2026/07/29 02:30:01.767, 301.05, 100, 74232, 72
2026/07/29 02:30:02.804, 301.69, 100, 74232, 72
2026/07/29 02:30:03.841, 301.36, 100, 74232, 72
2026/07/29 02:30:04.878, 298.81, 100, 74232, 72
2026/07/29 02:30:05.915, 294.35, 100, 74232, 72
2026/07/29 02:30:06.952, 291.00, 100, 74232, 72
2026/07/29 02:30:07.992, 295.40, 100, 74232, 73
2026/07/29 02:30:09.029, 295.01, 100, 74232, 73
2026/07/29 02:30:10.067, 300.18, 100, 74232, 73
2026/07/29 02:30:11.104, 295.80, 100, 74232, 73
2026/07/29 02:30:12.145, 294.93, 100, 74232, 73
2026/07/29 02:30:13.182, 294.45, 100, 74232, 73
2026/07/29 02:30:14.219, 294.12, 100, 74232, 73
2026/07/29 02:30:15.255, 302.43, 100, 74232, 73
2026/07/29 02:30:16.292, 302.72, 100, 74232, 73
2026/07/29 02:30:17.328, 299.02, 100, 74232, 73
2026/07/29 02:30:18.364, 301.64, 100, 74232, 73
2026/07/29 02:30:19.401, 304.26, 100, 74232, 73
2026/07/29 02:30:20.439, 302.37, 100, 74232, 73
2026/07/29 02:30:21.476, 304.48, 100, 74232, 73
2026/07/29 02:30:22.513, 302.13, 100, 74232, 73
2026/07/29 02:30:23.551, 303.01, 100, 74232, 73
2026/07/29 02:30:24.587, 303.02, 100, 74232, 73
2026/07/29 02:30:25.625, 302.81, 100, 74232, 73
2026/07/29 02:30:26.662, 304.26, 100, 74232, 73
2026/07/29 02:30:27.698, 302.52, 100, 74232, 73
2026/07/29 02:30:28.736, 294.42, 100, 74232, 73
2026/07/29 02:30:29.773, 296.17, 100, 74232, 73
2026/07/29 02:30:30.813, 294.63, 100, 74232, 73
2026/07/29 02:30:31.851, 294.54, 100, 74232, 73
2026/07/29 02:30:32.887, 290.83, 100, 74232, 73
2026/07/29 02:30:33.927, 295.51, 100, 74232, 73
2026/07/29 02:30:34.963, 295.11, 100, 74232, 73
2026/07/29 02:30:36.002, 295.11, 100, 74232, 73
2026/07/29 02:30:37.039, 291.02, 100, 74232, 72
2026/07/29 02:30:38.076, 294.93, 100, 74232, 73
2026/07/29 02:30:39.112, 294.32, 100, 74232, 73
2026/07/29 02:30:40.149, 294.43, 100, 74232, 73
2026/07/29 02:30:41.186, 297.35, 100, 74232, 73
2026/07/29 02:30:42.222, 294.34, 100, 74232, 72
2026/07/29 02:30:43.259, 294.45, 100, 74232, 72
2026/07/29 02:30:44.295, 294.54, 100, 74232, 72
2026/07/29 02:30:45.332, 302.30, 100, 74232, 73
2026/07/29 02:30:46.368, 296.29, 100, 74232, 72
2026/07/29 02:30:47.409, 294.82, 100, 74232, 72
2026/07/29 02:30:48.446, 293.84, 100, 74232, 72
2026/07/29 02:30:49.482, 294.64, 100, 74232, 72
2026/07/29 02:30:50.521, 293.65, 100, 74232, 73
2026/07/29 02:30:51.557, 298.62, 100, 74232, 72
2026/07/29 02:30:52.594, 303.26, 100, 74232, 73
2026/07/29 02:30:53.630, 304.64, 100, 74232, 73
2026/07/29 02:30:54.668, 303.00, 100, 74232, 73
2026/07/29 02:30:55.704, 301.54, 100, 74232, 73
2026/07/29 02:30:56.741, 301.73, 100, 74232, 73
2026/07/29 02:30:57.777, 301.90, 100, 74232, 73
2026/07/29 02:30:58.816, 301.65, 100, 74232, 72
2026/07/29 02:30:59.853, 296.94, 100, 74232, 72
2026/07/29 02:31:00.890, 294.53, 100, 74232, 72
2026/07/29 02:31:01.926, 294.34, 100, 74232, 72
2026/07/29 02:31:02.962, 294.23, 100, 74232, 72
2026/07/29 02:31:03.999, 294.15, 100, 74232, 72
2026/07/29 02:31:05.035, 294.64, 100, 74232, 72
2026/07/29 02:31:06.071, 303.16, 100, 74232, 72
2026/07/29 02:31:07.109, 294.26, 100, 74232, 72
2026/07/29 02:31:08.146, 294.25, 100, 74232, 72
2026/07/29 02:31:09.183, 298.62, 100, 74232, 72
2026/07/29 02:31:10.225, 302.39, 100, 74232, 72
2026/07/29 02:31:11.262, 302.21, 100, 74232, 72
2026/07/29 02:31:12.298, 298.90, 100, 74232, 72
2026/07/29 02:31:13.335, 297.66, 100, 74232, 72
2026/07/29 02:31:14.371, 295.87, 100, 74232, 72
2026/07/29 02:31:15.409, 293.69, 100, 74232, 72
2026/07/29 02:31:16.446, 293.76, 100, 74232, 72
2026/07/29 02:31:17.482, 293.57, 100, 74232, 72
2026/07/29 02:31:18.519, 301.35, 100, 74232, 72
2026/07/29 02:31:19.555, 301.32, 100, 74232, 72
2026/07/29 02:31:20.592, 303.87, 100, 74232, 72
2026/07/29 02:31:21.629, 302.41, 100, 74232, 72
2026/07/29 02:31:22.665, 296.01, 100, 74232, 72
2026/07/29 02:31:23.703, 301.44, 100, 74232, 72
2026/07/29 02:31:24.741, 301.35, 100, 74232, 72
2026/07/29 02:31:25.778, 293.85, 100, 74232, 72
2026/07/29 02:31:26.816, 294.73, 100, 74232, 72
2026/07/29 02:31:27.854, 295.22, 100, 74232, 72
2026/07/29 02:31:28.895, 295.30, 100, 74232, 72
2026/07/29 02:31:29.932, 291.13, 100, 74232, 72
2026/07/29 02:31:30.974, 293.75, 100, 74232, 72
2026/07/29 02:31:32.011, 300.09, 100, 74232, 72
2026/07/29 02:31:33.048, 295.02, 100, 74232, 72
2026/07/29 02:31:34.087, 303.35, 100, 74232, 72
2026/07/29 02:31:35.124, 295.51, 100, 74232, 72
2026/07/29 02:31:36.162, 298.11, 100, 74232, 72
2026/07/29 02:31:37.202, 290.36, 100, 74232, 72
2026/07/29 02:31:38.240, 293.86, 100, 74232, 72
2026/07/29 02:31:39.278, 294.42, 100, 74232, 72
2026/07/29 02:31:40.318, 295.79, 100, 74232, 72
2026/07/29 02:31:41.355, 301.82, 100, 74232, 72
2026/07/29 02:31:42.395, 303.00, 100, 74232, 72
2026/07/29 02:31:43.435, 293.86, 100, 74232, 72
2026/07/29 02:31:44.472, 304.27, 100, 74232, 72
2026/07/29 02:31:45.509, 298.32, 100, 74232, 72
2026/07/29 02:31:46.547, 302.11, 100, 74232, 72
2026/07/29 02:31:47.587, 302.00, 100, 74232, 72
2026/07/29 02:31:48.625, 302.24, 100, 74232, 72
2026/07/29 02:31:49.661, 302.04, 100, 74232, 72
2026/07/29 02:31:50.699, 305.15, 100, 74232, 72
2026/07/29 02:31:51.737, 302.23, 100, 74232, 72
2026/07/29 02:31:52.776, 302.72, 100, 74232, 72
2026/07/29 02:31:53.813, 302.90, 100, 74232, 72
2026/07/29 02:31:54.850, 301.53, 100, 74232, 72
2026/07/29 02:31:55.888, 301.36, 100, 74232, 72
2026/07/29 02:31:56.924, 294.54, 100, 74232, 72
2026/07/29 02:31:57.964, 294.63, 100, 74232, 72
2026/07/29 02:31:59.002, 295.20, 100, 74232, 72
2026/07/29 02:32:00.039, 295.59, 100, 74232, 72
2026/07/29 02:32:01.078, 294.94, 100, 74232, 72
2026/07/29 02:32:02.114, 293.74, 100, 74232, 72
2026/07/29 02:32:03.155, 294.45, 100, 74232, 72
2026/07/29 02:32:04.194, 294.82, 100, 74232, 72
2026/07/29 02:32:05.231, 294.34, 100, 74232, 72
2026/07/29 02:32:06.268, 294.44, 100, 74232, 72
2026/07/29 02:32:07.305, 298.81, 100, 74232, 72
2026/07/29 02:32:08.341, 302.60, 100, 74232, 73
2026/07/29 02:32:09.378, 296.97, 100, 74232, 73
2026/07/29 02:32:10.414, 303.28, 100, 74232, 73
2026/07/29 02:32:11.451, 303.01, 100, 74232, 73
2026/07/29 02:32:12.488, 302.48, 100, 74232, 73
2026/07/29 02:32:13.526, 302.33, 100, 74232, 73
2026/07/29 02:32:14.562, 303.35, 100, 74232, 73
2026/07/29 02:32:15.601, 303.10, 100, 74232, 73
2026/07/29 02:32:16.637, 303.86, 100, 74232, 73
2026/07/29 02:32:17.674, 302.33, 100, 74232, 73
2026/07/29 02:32:18.712, 302.32, 100, 74232, 73
2026/07/29 02:32:19.749, 302.43, 100, 74232, 73
2026/07/29 02:32:20.787, 301.82, 100, 74232, 73
2026/07/29 02:32:21.824, 305.53, 100, 74232, 73
2026/07/29 02:32:22.860, 301.81, 100, 74232, 73
2026/07/29 02:32:23.902, 306.31, 100, 74232, 73
2026/07/29 02:32:24.939, 302.23, 100, 74232, 73
2026/07/29 02:32:25.980, 302.82, 100, 74232, 73
2026/07/29 02:32:27.017, 302.48, 100, 74232, 72
2026/07/29 02:32:28.054, 301.26, 100, 74232, 72
2026/07/29 02:32:29.092, 302.70, 100, 74232, 72
2026/07/29 02:32:30.129, 305.50, 100, 74232, 72
2026/07/29 02:32:31.166, 302.33, 100, 74232, 72
2026/07/29 02:32:32.203, 303.45, 100, 74232, 72
2026/07/29 02:32:33.240, 301.89, 100, 74232, 72
2026/07/29 02:32:34.277, 303.87, 100, 74232, 72
2026/07/29 02:32:35.314, 301.56, 100, 74232, 72
2026/07/29 02:32:36.351, 302.11, 100, 74232, 72
2026/07/29 02:32:37.389, 294.34, 100, 74232, 72
2026/07/29 02:32:38.426, 302.41, 100, 74232, 72
2026/07/29 02:32:39.466, 302.34, 100, 74232, 72
2026/07/29 02:32:40.504, 293.36, 100, 74232, 72
2026/07/29 02:32:41.541, 294.33, 100, 74232, 72
2026/07/29 02:32:42.579, 290.83, 100, 74232, 72
2026/07/29 02:32:43.615, 294.85, 100, 74232, 72
2026/07/29 02:32:44.652, 298.36, 100, 74232, 72
2026/07/29 02:32:45.689, 294.53, 100, 74232, 72
2026/07/29 02:32:46.726, 293.55, 100, 74232, 72
2026/07/29 02:32:47.767, 299.97, 100, 74232, 72
2026/07/29 02:32:48.803, 294.46, 100, 74232, 72
2026/07/29 02:32:49.841, 302.33, 100, 74232, 72
2026/07/29 02:32:50.879, 293.07, 100, 74232, 72
2026/07/29 02:32:51.917, 294.72, 100, 74232, 72
2026/07/29 02:32:52.954, 303.46, 100, 74232, 72
2026/07/29 02:32:53.993, 297.37, 100, 74232, 72
2026/07/29 02:32:55.029, 291.51, 100, 74232, 72
2026/07/29 02:32:56.070, 293.46, 100, 74232, 72
2026/07/29 02:32:57.108, 294.23, 100, 74232, 72
2026/07/29 02:32:58.146, 299.50, 100, 74232, 72
2026/07/29 02:32:59.183, 294.14, 100, 74232, 72
2026/07/29 02:33:00.221, 300.00, 100, 74232, 72
2026/07/29 02:33:01.258, 301.55, 100, 74232, 72
2026/07/29 02:33:02.297, 302.13, 100, 74232, 72
2026/07/29 02:33:03.334, 303.16, 100, 74232, 72
2026/07/29 02:33:04.371, 301.83, 100, 74232, 72
2026/07/29 02:33:05.409, 301.42, 100, 74232, 72
2026/07/29 02:33:06.446, 302.06, 100, 74232, 72
2026/07/29 02:33:07.482, 302.32, 100, 74232, 72
2026/07/29 02:33:08.520, 302.60, 100, 74232, 72
2026/07/29 02:33:09.557, 302.02, 100, 74232, 72
2026/07/29 02:33:10.595, 301.44, 100, 74232, 72
2026/07/29 02:33:11.632, 302.11, 100, 74232, 72
2026/07/29 02:33:12.671, 301.94, 100, 74232, 72
2026/07/29 02:33:13.708, 301.92, 100, 74232, 72
2026/07/29 02:33:14.746, 302.44, 100, 74232, 72
2026/07/29 02:33:15.783, 295.87, 100, 74232, 72
2026/07/29 02:33:16.821, 293.65, 100, 74232, 72
2026/07/29 02:33:17.859, 291.80, 100, 74232, 72
2026/07/29 02:33:18.898, 293.94, 100, 74232, 72
2026/07/29 02:33:19.937, 293.85, 100, 74232, 72
2026/07/29 02:33:20.974, 293.65, 100, 74232, 72
2026/07/29 02:33:22.012, 295.70, 100, 74232, 72
2026/07/29 02:33:23.049, 302.60, 100, 74232, 72
2026/07/29 02:33:24.086, 302.68, 100, 74232, 72
2026/07/29 02:33:25.123, 299.20, 100, 74232, 72
2026/07/29 02:33:26.163, 294.83, 100, 74232, 72
2026/07/29 02:33:27.201, 294.52, 100, 74232, 72
2026/07/29 02:33:28.240, 293.74, 100, 74232, 72
2026/07/29 02:33:29.277, 300.20, 100, 74232, 72
2026/07/29 02:33:30.314, 296.20, 100, 74232, 72
2026/07/29 02:33:31.352, 296.66, 100, 74232, 72
2026/07/29 02:33:32.389, 294.54, 100, 74232, 72
2026/07/29 02:33:33.426, 304.07, 100, 74232, 72
2026/07/29 02:33:34.465, 301.23, 100, 74232, 72
2026/07/29 02:33:35.502, 302.12, 100, 74232, 72
2026/07/29 02:33:36.539, 299.70, 100, 74232, 72
2026/07/29 02:33:37.576, 301.73, 100, 74232, 72
2026/07/29 02:33:38.616, 295.20, 100, 74232, 72
2026/07/29 02:33:39.653, 294.14, 100, 74232, 72
2026/07/29 02:33:40.692, 295.88, 100, 74232, 72
2026/07/29 02:33:41.730, 295.02, 100, 74232, 72
2026/07/29 02:33:42.769, 296.59, 100, 74232, 72
2026/07/29 02:33:43.806, 294.72, 100, 74232, 72
2026/07/29 02:33:44.843, 293.95, 100, 74232, 72
2026/07/29 02:33:45.884, 294.82, 100, 74232, 72
2026/07/29 02:33:46.921, 294.43, 100, 74232, 72
2026/07/29 02:33:47.958, 295.30, 100, 74232, 72
2026/07/29 02:33:48.998, 301.36, 100, 74232, 72
2026/07/29 02:33:50.035, 301.55, 100, 74232, 72
2026/07/29 02:33:51.072, 301.55, 100, 74232, 72
2026/07/29 02:33:52.109, 302.33, 100, 74232, 72
2026/07/29 02:33:53.146, 303.20, 100, 74232, 72
2026/07/29 02:33:54.183, 301.64, 100, 74232, 72
2026/07/29 02:33:55.219, 301.76, 100, 74232, 72
2026/07/29 02:33:56.256, 301.55, 100, 74232, 72
2026/07/29 02:33:57.293, 304.66, 100, 74232, 72
2026/07/29 02:33:58.330, 301.33, 100, 74232, 72
2026/07/29 02:33:59.368, 302.03, 100, 74232, 72
2026/07/29 02:34:00.407, 301.53, 100, 74232, 72
2026/07/29 02:34:01.445, 301.81, 100, 74232, 72
2026/07/29 02:34:02.483, 294.05, 100, 74232, 72
2026/07/29 02:34:03.521, 294.14, 100, 74232, 72
2026/07/29 02:34:04.559, 298.40, 100, 74232, 72
2026/07/29 02:34:05.599, 294.52, 100, 74232, 72
2026/07/29 02:34:06.638, 294.24, 100, 74232, 72
2026/07/29 02:34:07.675, 295.71, 100, 74232, 72
2026/07/29 02:34:08.717, 299.90, 100, 74232, 72
2026/07/29 02:34:09.755, 301.64, 100, 74232, 72
2026/07/29 02:34:10.794, 298.82, 100, 74232, 72
2026/07/29 02:34:11.832, 301.63, 100, 74232, 72
2026/07/29 02:34:12.870, 302.89, 100, 74232, 72
2026/07/29 02:34:13.906, 300.83, 100, 74232, 72
2026/07/29 02:34:14.943, 301.71, 100, 74232, 72
2026/07/29 02:34:15.981, 302.61, 100, 74232, 72
2026/07/29 02:34:17.018, 301.95, 100, 74232, 72
2026/07/29 02:34:18.055, 302.21, 100, 74232, 72
2026/07/29 02:34:19.094, 302.51, 100, 74232, 72
2026/07/29 02:34:20.132, 302.22, 100, 74232, 72
2026/07/29 02:34:21.169, 300.65, 100, 74232, 72
2026/07/29 02:34:22.207, 301.83, 100, 74232, 72
2026/07/29 02:34:23.244, 297.72, 100, 74232, 72
2026/07/29 02:34:24.282, 298.91, 100, 74232, 72
2026/07/29 02:34:25.321, 297.55, 100, 74232, 72
2026/07/29 02:34:26.357, 295.97, 100, 74232, 72
2026/07/29 02:34:27.393, 297.28, 100, 74232, 72
2026/07/29 02:34:28.429, 294.44, 100, 74232, 72
2026/07/29 02:34:29.466, 294.52, 100, 74232, 72
2026/07/29 02:34:30.502, 294.82, 100, 74232, 72
2026/07/29 02:34:31.539, 294.54, 100, 74232, 72
2026/07/29 02:34:32.577, 294.63, 100, 74232, 72
2026/07/29 02:34:33.616, 294.33, 100, 74232, 72
2026/07/29 02:34:34.652, 296.76, 100, 74232, 72
2026/07/29 02:34:35.689, 294.52, 100, 74232, 72
2026/07/29 02:34:36.726, 296.39, 100, 74232, 72
2026/07/29 02:34:37.763, 294.45, 100, 74232, 72
2026/07/29 02:34:38.803, 294.63, 100, 74232, 72
2026/07/29 02:34:39.839, 294.54, 100, 74232, 72
2026/07/29 02:34:40.877, 294.73, 100, 74232, 72
2026/07/29 02:34:41.917, 295.22, 100, 74232, 72
2026/07/29 02:34:42.954, 294.53, 100, 74232, 72
2026/07/29 02:34:43.991, 294.05, 100, 74232, 72
2026/07/29 02:34:45.029, 294.71, 100, 74232, 72
2026/07/29 02:34:46.065, 296.08, 100, 74232, 72
2026/07/29 02:34:47.104, 295.41, 100, 74232, 72
2026/07/29 02:34:48.140, 295.78, 100, 74232, 72
2026/07/29 02:34:49.177, 294.43, 100, 74232, 72
2026/07/29 02:34:50.214, 297.04, 100, 74232, 72
2026/07/29 02:34:51.251, 295.39, 100, 74232, 72
2026/07/29 02:34:52.288, 302.12, 100, 74232, 72
2026/07/29 02:34:53.326, 98.45, 0, 74232, 69
2026/07/29 02:34:54.358, 97.63, 0, 74232, 68
2026/07/29 02:34:55.390, 96.40, 0, 74232, 68
2026/07/29 02:34:56.422, 94.54, 0, 74232, 67
2026/07/29 02:34:57.453, 94.99, 0, 74232, 66
2026/07/29 02:34:58.486, 94.64, 0, 74232, 66
2026/07/29 02:34:59.517, 92.89, 0, 74232, 65
2026/07/29 02:35:00.549, 357.44, 43, 74232, 69
2026/07/29 02:35:01.586, 302.57, 100, 74232, 70
2026/07/29 02:35:02.622, 283.70, 100, 74232, 71
2026/07/29 02:35:03.657, 308.30, 100, 74232, 71
2026/07/29 02:35:04.693, 284.98, 100, 74232, 71
2026/07/29 02:35:05.728, 283.55, 100, 74232, 71
2026/07/29 02:35:06.763, 319.37, 100, 74232, 71
2026/07/29 02:35:07.800, 304.27, 100, 74232, 70
2026/07/29 02:35:08.839, 304.75, 100, 74232, 70
2026/07/29 02:35:09.875, 302.78, 100, 74232, 70
2026/07/29 02:35:10.913, 295.12, 100, 74232, 70
2026/07/29 02:35:11.949, 298.22, 100, 74232, 70
2026/07/29 02:35:12.992, 299.29, 100, 74232, 71
2026/07/29 02:35:14.031, 292.79, 100, 74232, 71
2026/07/29 02:35:15.068, 298.63, 100, 74232, 71
2026/07/29 02:35:16.106, 295.98, 100, 74232, 71
2026/07/29 02:35:17.143, 297.65, 100, 74232, 71
2026/07/29 02:35:18.187, 300.75, 100, 74232, 71
2026/07/29 02:35:19.226, 299.51, 100, 74232, 71
2026/07/29 02:35:20.263, 299.49, 100, 74232, 71
2026/07/29 02:35:21.301, 300.97, 100, 74232, 71
2026/07/29 02:35:22.338, 300.07, 100, 74232, 71
2026/07/29 02:35:23.374, 301.93, 100, 74232, 72
2026/07/29 02:35:24.411, 300.38, 100, 74232, 72
2026/07/29 02:35:25.449, 300.77, 100, 74232, 72
2026/07/29 02:35:26.487, 300.66, 100, 74232, 72
2026/07/29 02:35:27.525, 300.65, 100, 74232, 72
2026/07/29 02:35:28.563, 301.15, 100, 74232, 72
2026/07/29 02:35:29.601, 300.56, 100, 74232, 72
2026/07/29 02:35:30.638, 301.06, 100, 74232, 72
2026/07/29 02:35:31.675, 300.95, 100, 74232, 72
2026/07/29 02:35:32.713, 302.13, 100, 74232, 72
2026/07/29 02:35:33.749, 300.73, 100, 74232, 72
2026/07/29 02:35:34.787, 300.83, 100, 74232, 72
2026/07/29 02:35:35.824, 304.99, 100, 74232, 72
2026/07/29 02:35:36.862, 290.05, 100, 74232, 72
2026/07/29 02:35:37.899, 294.62, 100, 74232, 72
2026/07/29 02:35:38.938, 293.75, 100, 74232, 72
2026/07/29 02:35:39.975, 294.42, 100, 74232, 72
2026/07/29 02:35:41.017, 294.83, 100, 74232, 72
2026/07/29 02:35:42.055, 297.94, 100, 74232, 72
2026/07/29 02:35:43.092, 299.00, 100, 74232, 72
2026/07/29 02:35:44.130, 294.05, 100, 74232, 72
2026/07/29 02:35:45.168, 301.36, 100, 74232, 72
2026/07/29 02:35:46.206, 301.07, 100, 74232, 72
2026/07/29 02:35:47.244, 301.63, 100, 74232, 72
2026/07/29 02:35:48.281, 297.76, 100, 74232, 72
2026/07/29 02:35:49.319, 301.14, 100, 74232, 72
2026/07/29 02:35:50.356, 300.47, 100, 74232, 72
2026/07/29 02:35:51.394, 302.15, 100, 74232, 72
2026/07/29 02:35:52.431, 301.25, 100, 74232, 72
2026/07/29 02:35:53.470, 302.24, 100, 74232, 72
2026/07/29 02:35:54.507, 301.42, 100, 74232, 72
2026/07/29 02:35:55.544, 301.83, 100, 74232, 72
2026/07/29 02:35:56.580, 301.45, 100, 74232, 72
2026/07/29 02:35:57.617, 296.18, 100, 74232, 72
2026/07/29 02:35:58.655, 294.44, 100, 74232, 72
2026/07/29 02:35:59.693, 291.39, 100, 74232, 72
2026/07/29 02:36:00.732, 295.05, 100, 74232, 72
2026/07/29 02:36:01.769, 290.45, 100, 74232, 72
2026/07/29 02:36:02.807, 296.07, 100, 74232, 72
2026/07/29 02:36:03.845, 299.79, 100, 74232, 72
2026/07/29 02:36:04.882, 294.14, 100, 74232, 72
2026/07/29 02:36:05.925, 293.15, 100, 74232, 72
2026/07/29 02:36:06.963, 294.53, 100, 74232, 72
2026/07/29 02:36:07.999, 293.95, 100, 74232, 72
2026/07/29 02:36:09.037, 297.83, 100, 74232, 72
2026/07/29 02:36:10.074, 294.05, 100, 74232, 72
2026/07/29 02:36:11.112, 294.71, 100, 74232, 72
2026/07/29 02:36:12.149, 296.10, 100, 74232, 72
2026/07/29 02:36:13.188, 299.68, 100, 74232, 73
2026/07/29 02:36:14.228, 293.94, 100, 74232, 72
2026/07/29 02:36:15.264, 301.62, 100, 74232, 73
2026/07/29 02:36:16.302, 302.34, 100, 74232, 73
2026/07/29 02:36:17.340, 302.77, 100, 74232, 73
2026/07/29 02:36:18.378, 295.02, 100, 74232, 73
2026/07/29 02:36:19.415, 294.54, 100, 74232, 72
2026/07/29 02:36:20.453, 302.33, 100, 74232, 73
2026/07/29 02:36:21.490, 291.13, 100, 74232, 73
2026/07/29 02:36:22.529, 294.44, 100, 74232, 72
2026/07/29 02:36:23.565, 290.73, 100, 74232, 72
2026/07/29 02:36:24.602, 293.85, 100, 74232, 72
2026/07/29 02:36:25.638, 294.83, 100, 74232, 73
2026/07/29 02:36:26.677, 293.75, 100, 74232, 73
2026/07/29 02:36:27.714, 291.90, 100, 74232, 72
2026/07/29 02:36:28.751, 294.83, 100, 74232, 73
2026/07/29 02:36:29.790, 293.65, 100, 74232, 73
2026/07/29 02:36:30.828, 294.62, 100, 74232, 73
2026/07/29 02:36:31.867, 304.96, 100, 74232, 73
2026/07/29 02:36:32.905, 298.92, 100, 74232, 73
2026/07/29 02:36:33.945, 302.89, 100, 74232, 73
2026/07/29 02:36:34.985, 294.54, 100, 74232, 73
2026/07/29 02:36:36.022, 302.89, 100, 74232, 73
2026/07/29 02:36:37.060, 295.02, 100, 74232, 72
2026/07/29 02:36:38.097, 291.61, 100, 74232, 72
2026/07/29 02:36:39.135, 290.75, 100, 74232, 72
2026/07/29 02:36:40.175, 295.01, 100, 74232, 72
2026/07/29 02:36:41.213, 294.62, 100, 74232, 72
2026/07/29 02:36:42.251, 294.63, 100, 74232, 72
2026/07/29 02:36:43.289, 294.53, 100, 74232, 72
2026/07/29 02:36:44.326, 301.94, 100, 74232, 72
2026/07/29 02:36:45.364, 297.74, 100, 74232, 72
2026/07/29 02:36:46.401, 294.33, 100, 74232, 72
2026/07/29 02:36:47.443, 295.12, 100, 74232, 72
2026/07/29 02:36:48.482, 295.51, 100, 74232, 72
2026/07/29 02:36:49.520, 295.42, 100, 74232, 72
2026/07/29 02:36:50.561, 298.81, 100, 74232, 72
2026/07/29 02:36:51.599, 303.59, 100, 74232, 72
2026/07/29 02:36:52.635, 301.93, 100, 74232, 72
2026/07/29 02:36:53.672, 299.12, 100, 74232, 72
2026/07/29 02:36:54.709, 302.52, 100, 74232, 72
2026/07/29 02:36:55.746, 302.32, 100, 74232, 72
2026/07/29 02:36:56.785, 303.59, 100, 74232, 72
2026/07/29 02:36:57.822, 295.10, 100, 74232, 72
2026/07/29 02:36:58.862, 296.31, 100, 74232, 72
2026/07/29 02:36:59.899, 299.47, 100, 74232, 72
2026/07/29 02:37:00.937, 292.30, 100, 74232, 72
2026/07/29 02:37:01.975, 291.03, 100, 74232, 72
2026/07/29 02:37:03.015, 295.87, 100, 74232, 72
2026/07/29 02:37:04.052, 294.35, 100, 74232, 72
2026/07/29 02:37:05.088, 302.24, 100, 74232, 72
2026/07/29 02:37:06.125, 301.65, 100, 74232, 72
2026/07/29 02:37:07.161, 302.43, 100, 74232, 72
2026/07/29 02:37:08.198, 301.74, 100, 74232, 72
2026/07/29 02:37:09.234, 301.95, 100, 74232, 72
2026/07/29 02:37:10.271, 302.01, 100, 74232, 72
2026/07/29 02:37:11.309, 298.51, 100, 74232, 72
2026/07/29 02:37:12.347, 302.81, 100, 74232, 72
2026/07/29 02:37:13.384, 302.04, 100, 74232, 72
2026/07/29 02:37:14.421, 290.90, 100, 74232, 72
2026/07/29 02:37:15.458, 295.23, 100, 74232, 72
2026/07/29 02:37:16.495, 293.85, 100, 74232, 72
2026/07/29 02:37:17.532, 300.27, 100, 74232, 72
2026/07/29 02:37:18.569, 295.98, 100, 74232, 72
2026/07/29 02:37:19.605, 295.03, 100, 74232, 72
2026/07/29 02:37:20.642, 294.54, 100, 74232, 72
2026/07/29 02:37:21.679, 295.98, 100, 74232, 72
2026/07/29 02:37:22.716, 294.34, 100, 74232, 72
2026/07/29 02:37:23.754, 294.35, 100, 74232, 72
2026/07/29 02:37:24.791, 293.35, 100, 74232, 72
2026/07/29 02:37:25.827, 301.13, 100, 74232, 72
2026/07/29 02:37:26.863, 299.29, 100, 74232, 72
2026/07/29 02:37:27.898, 303.59, 100, 74232, 72
2026/07/29 02:37:28.936, 301.73, 100, 74232, 72
2026/07/29 02:37:29.973, 304.08, 100, 74232, 72
2026/07/29 02:37:31.011, 302.52, 100, 74232, 72
2026/07/29 02:37:32.048, 301.54, 100, 74232, 72
2026/07/29 02:37:33.084, 301.55, 100, 74232, 72
2026/07/29 02:37:34.121, 302.24, 100, 74232, 72
2026/07/29 02:37:35.157, 303.00, 100, 74232, 72
2026/07/29 02:37:36.194, 302.04, 100, 74232, 72
2026/07/29 02:37:37.231, 302.12, 100, 74232, 72
2026/07/29 02:37:38.270, 297.46, 100, 74232, 72
2026/07/29 02:37:39.308, 295.71, 100, 74232, 72
2026/07/29 02:37:40.345, 293.86, 100, 74232, 72
2026/07/29 02:37:41.381, 294.84, 100, 74232, 72
2026/07/29 02:37:42.417, 294.33, 100, 74232, 72
2026/07/29 02:37:43.455, 291.13, 100, 74232, 72
2026/07/29 02:37:44.491, 293.56, 100, 74232, 72
2026/07/29 02:37:45.528, 295.88, 100, 74232, 72
2026/07/29 02:37:46.565, 294.25, 100, 74232, 72
2026/07/29 02:37:47.610, 302.99, 100, 74232, 72
2026/07/29 02:37:48.647, 301.92, 100, 74232, 72
2026/07/29 02:37:49.683, 301.94, 100, 74232, 72
2026/07/29 02:37:50.719, 302.04, 100, 74232, 72
2026/07/29 02:37:51.756, 301.14, 100, 74232, 72
2026/07/29 02:37:52.793, 301.73, 100, 74232, 72
2026/07/29 02:37:53.831, 301.84, 100, 74232, 72
2026/07/29 02:37:54.871, 302.52, 100, 74232, 72
2026/07/29 02:37:55.908, 303.30, 100, 74232, 72
2026/07/29 02:37:56.945, 301.85, 100, 74232, 72
2026/07/29 02:37:57.982, 304.62, 100, 74232, 72
2026/07/29 02:37:59.019, 294.23, 100, 74232, 72
2026/07/29 02:38:00.057, 301.80, 100, 74232, 72
2026/07/29 02:38:01.095, 301.35, 100, 74232, 72
2026/07/29 02:38:02.132, 301.92, 100, 74232, 72
2026/07/29 02:38:03.169, 302.24, 100, 74232, 72
2026/07/29 02:38:04.205, 301.93, 100, 74232, 72
2026/07/29 02:38:05.243, 301.25, 100, 74232, 72
2026/07/29 02:38:06.280, 302.51, 100, 74232, 72
2026/07/29 02:38:07.317, 296.58, 100, 74232, 72
2026/07/29 02:38:08.353, 300.10, 100, 74232, 72
2026/07/29 02:38:09.391, 294.55, 100, 74232, 72
2026/07/29 02:38:10.428, 295.70, 100, 74232, 72
2026/07/29 02:38:11.466, 303.58, 100, 74232, 72
2026/07/29 02:38:12.502, 300.19, 100, 74232, 72
2026/07/29 02:38:13.539, 301.54, 100, 74232, 72
2026/07/29 02:38:14.575, 291.60, 100, 74232, 72
2026/07/29 02:38:15.612, 294.25, 100, 74232, 72
2026/07/29 02:38:16.649, 294.35, 100, 74232, 72
2026/07/29 02:38:17.686, 300.19, 100, 74232, 72
2026/07/29 02:38:18.723, 300.55, 100, 74232, 72
2026/07/29 02:38:19.761, 294.13, 100, 74232, 72
2026/07/29 02:38:20.800, 302.24, 100, 74232, 72
2026/07/29 02:38:21.836, 301.14, 100, 74232, 72
2026/07/29 02:38:22.873, 300.95, 100, 74232, 72
2026/07/29 02:38:23.909, 299.21, 100, 74232, 72
2026/07/29 02:38:24.947, 302.33, 100, 74232, 72
2026/07/29 02:38:25.984, 301.75, 100, 74232, 72
2026/07/29 02:38:27.021, 301.65, 100, 74232, 72
2026/07/29 02:38:28.058, 304.16, 100, 74232, 72
2026/07/29 02:38:29.094, 302.32, 100, 74232, 72
2026/07/29 02:38:30.131, 304.26, 100, 74232, 72
2026/07/29 02:38:31.167, 302.70, 100, 74232, 72
2026/07/29 02:38:32.203, 302.13, 100, 74232, 72
2026/07/29 02:38:33.240, 302.42, 100, 74232, 72
2026/07/29 02:38:34.277, 296.48, 100, 74232, 72
2026/07/29 02:38:35.313, 295.50, 100, 74232, 72
2026/07/29 02:38:36.350, 296.48, 100, 74232, 72
2026/07/29 02:38:37.387, 301.81, 100, 74232, 72
2026/07/29 02:38:38.424, 294.43, 100, 74232, 72
2026/07/29 02:38:39.461, 293.22, 100, 74232, 72
2026/07/29 02:38:40.499, 294.62, 100, 74232, 72
2026/07/29 02:38:41.536, 294.14, 100, 74232, 72
2026/07/29 02:38:42.574, 294.63, 100, 74232, 72
2026/07/29 02:38:43.611, 294.24, 100, 74232, 72
2026/07/29 02:38:44.648, 293.67, 100, 74232, 72
2026/07/29 02:38:45.685, 294.33, 100, 74232, 72
2026/07/29 02:38:46.724, 299.31, 100, 74232, 72
2026/07/29 02:38:47.761, 303.10, 100, 74232, 72
2026/07/29 02:38:48.798, 298.52, 100, 74232, 72
2026/07/29 02:38:49.836, 295.22, 100, 74232, 72
2026/07/29 02:38:50.872, 301.14, 100, 74232, 72
2026/07/29 02:38:51.910, 296.95, 100, 74232, 72
2026/07/29 02:38:52.947, 293.75, 100, 74232, 72
2026/07/29 02:38:53.986, 302.30, 100, 74232, 72
2026/07/29 02:38:55.024, 301.44, 100, 74232, 72
2026/07/29 02:38:56.062, 304.05, 100, 74232, 72
2026/07/29 02:38:57.100, 301.64, 100, 74232, 72
2026/07/29 02:38:58.139, 302.03, 100, 74232, 72
2026/07/29 02:38:59.180, 302.89, 100, 74232, 72
2026/07/29 02:39:00.218, 302.32, 100, 74232, 72
2026/07/29 02:39:01.257, 298.30, 100, 74232, 72
2026/07/29 02:39:02.295, 301.81, 100, 74232, 72
2026/07/29 02:39:03.336, 295.02, 100, 74232, 72
2026/07/29 02:39:04.375, 294.53, 100, 74232, 72
2026/07/29 02:39:05.413, 294.24, 100, 74232, 72
2026/07/29 02:39:06.462, 294.13, 100, 74232, 72
2026/07/29 02:39:07.501, 301.22, 100, 74232, 72
2026/07/29 02:39:08.539, 301.35, 100, 74232, 72
2026/07/29 02:39:09.582, 300.68, 100, 74232, 72
2026/07/29 02:39:10.621, 299.11, 100, 74232, 72
2026/07/29 02:39:11.659, 302.03, 100, 74232, 72
2026/07/29 02:39:12.698, 301.85, 100, 74232, 72
2026/07/29 02:39:13.735, 299.31, 100, 74232, 72
2026/07/29 02:39:14.772, 289.75, 100, 74232, 72
2026/07/29 02:39:15.810, 294.72, 100, 74232, 72
2026/07/29 02:39:16.851, 295.01, 100, 74232, 72
2026/07/29 02:39:17.887, 294.14, 100, 74232, 72
2026/07/29 02:39:18.924, 294.33, 100, 74232, 72
2026/07/29 02:39:19.961, 302.57, 100, 74232, 72
2026/07/29 02:39:20.999, 300.08, 100, 74232, 72
2026/07/29 02:39:22.036, 303.26, 100, 74232, 72
2026/07/29 02:39:23.073, 300.78, 100, 74232, 72
2026/07/29 02:39:24.113, 301.92, 100, 74232, 72
2026/07/29 02:39:25.150, 302.90, 100, 74232, 72
2026/07/29 02:39:26.186, 301.62, 100, 74232, 72
2026/07/29 02:39:27.223, 302.52, 100, 74232, 72
2026/07/29 02:39:28.259, 303.29, 100, 74232, 72
2026/07/29 02:39:29.297, 302.51, 100, 74232, 72
2026/07/29 02:39:30.334, 303.99, 100, 74232, 72
2026/07/29 02:39:31.373, 302.53, 100, 74232, 72
2026/07/29 02:39:32.413, 295.80, 100, 74232, 72
2026/07/29 02:39:33.451, 292.67, 100, 74232, 72
2026/07/29 02:39:34.488, 295.12, 100, 74232, 72
2026/07/29 02:39:35.526, 295.52, 100, 74232, 72
2026/07/29 02:39:36.564, 300.58, 100, 74232, 72
2026/07/29 02:39:37.601, 298.14, 100, 74232, 72
2026/07/29 02:39:38.638, 294.62, 100, 74232, 72
2026/07/29 02:39:39.675, 294.14, 100, 74232, 72
2026/07/29 02:39:40.713, 295.31, 100, 74232, 72
2026/07/29 02:39:41.750, 294.63, 100, 74232, 72
2026/07/29 02:39:42.787, 301.82, 100, 74232, 72
2026/07/29 02:39:43.825, 294.63, 100, 74232, 72
2026/07/29 02:39:44.862, 291.80, 100, 74232, 72
2026/07/29 02:39:45.900, 292.67, 100, 74232, 72
2026/07/29 02:39:46.936, 301.37, 100, 74232, 72
2026/07/29 02:39:47.973, 299.02, 100, 74232, 72
2026/07/29 02:39:49.012, 303.00, 100, 74232, 72
2026/07/29 02:39:50.049, 294.63, 100, 74232, 72
2026/07/29 02:39:51.086, 296.96, 100, 74232, 72
2026/07/29 02:39:52.124, 295.11, 100, 74232, 72
2026/07/29 02:39:53.160, 294.05, 100, 74232, 72
2026/07/29 02:39:54.197, 296.10, 100, 74232, 72
2026/07/29 02:39:55.234, 294.42, 100, 74232, 72
2026/07/29 02:39:56.271, 298.44, 100, 74232, 72
2026/07/29 02:39:57.308, 302.87, 100, 74232, 72
2026/07/29 02:39:58.344, 299.03, 100, 74232, 72
2026/07/29 02:39:59.381, 294.63, 100, 74232, 72
2026/07/29 02:40:00.418, 299.77, 100, 74232, 72
2026/07/29 02:40:01.455, 297.64, 100, 74232, 74
2026/07/29 02:40:02.490, 304.58, 100, 74232, 74
2026/07/29 02:40:03.525, 303.95, 100, 74232, 74
2026/07/29 02:40:04.564, 307.02, 100, 74232, 74
2026/07/29 02:40:05.598, 309.80, 100, 74232, 74
2026/07/29 02:40:06.633, 260.55, 100, 74232, 74
2026/07/29 02:40:07.667, 293.36, 100, 74232, 72
2026/07/29 02:40:08.704, 292.87, 100, 74232, 72
2026/07/29 02:40:09.741, 292.89, 100, 74232, 72
2026/07/29 02:40:10.779, 296.77, 100, 74232, 72
2026/07/29 02:40:11.819, 295.13, 100, 74232, 72
2026/07/29 02:40:12.857, 293.36, 100, 74232, 72
2026/07/29 02:40:13.895, 296.27, 100, 74232, 72
2026/07/29 02:40:14.931, 298.42, 100, 74232, 72
2026/07/29 02:40:15.968, 301.94, 100, 74232, 72
2026/07/29 02:40:17.008, 298.91, 100, 74232, 72
2026/07/29 02:40:18.046, 301.32, 100, 74232, 72
2026/07/29 02:40:19.084, 301.94, 100, 74232, 72
2026/07/29 02:40:20.121, 302.81, 100, 74232, 72
2026/07/29 02:40:21.158, 301.83, 100, 74232, 72
2026/07/29 02:40:22.196, 301.64, 100, 74232, 72
2026/07/29 02:40:23.233, 303.19, 100, 74232, 72
2026/07/29 02:40:24.271, 301.34, 100, 74232, 72
2026/07/29 02:40:25.308, 301.08, 100, 74232, 72
2026/07/29 02:40:26.350, 293.55, 100, 74232, 72
2026/07/29 02:40:27.388, 293.66, 100, 74232, 72
2026/07/29 02:40:28.426, 294.73, 100, 74232, 72
2026/07/29 02:40:29.466, 302.42, 100, 74232, 72
2026/07/29 02:40:30.503, 294.54, 100, 74232, 72
2026/07/29 02:40:31.543, 294.52, 100, 74232, 72
2026/07/29 02:40:32.581, 294.82, 100, 74232, 72
2026/07/29 02:40:33.619, 295.14, 100, 74232, 73
2026/07/29 02:40:34.659, 294.35, 100, 74232, 72
2026/07/29 02:40:35.697, 296.36, 100, 74232, 73
2026/07/29 02:40:36.734, 294.63, 100, 74232, 72
2026/07/29 02:40:37.770, 295.12, 100, 74232, 72
2026/07/29 02:40:38.807, 293.96, 100, 74232, 72
2026/07/29 02:40:39.844, 297.45, 100, 74232, 73
2026/07/29 02:40:40.882, 291.04, 100, 74232, 72
2026/07/29 02:40:41.924, 294.13, 100, 74232, 73
2026/07/29 02:40:42.962, 294.82, 100, 74232, 73
2026/07/29 02:40:43.998, 298.61, 100, 74232, 73
2026/07/29 02:40:45.035, 301.91, 100, 74232, 73
2026/07/29 02:40:46.073, 297.93, 100, 74232, 73
2026/07/29 02:40:47.111, 302.80, 100, 74232, 73
2026/07/29 02:40:48.147, 303.19, 100, 74232, 73
2026/07/29 02:40:49.186, 302.43, 100, 74232, 73
2026/07/29 02:40:50.223, 296.65, 100, 74232, 73
2026/07/29 02:40:51.261, 297.36, 100, 74232, 73
2026/07/29 02:40:52.299, 294.44, 100, 74232, 73
2026/07/29 02:40:53.336, 296.86, 100, 74232, 73
2026/07/29 02:40:54.373, 302.78, 100, 74232, 73
2026/07/29 02:40:55.410, 302.78, 100, 74232, 73
2026/07/29 02:40:56.447, 302.03, 100, 74232, 73
2026/07/29 02:40:57.484, 299.61, 100, 74232, 73
2026/07/29 02:40:58.523, 298.83, 100, 74232, 73
2026/07/29 02:40:59.560, 302.23, 100, 74232, 73
2026/07/29 02:41:00.596, 302.22, 100, 74232, 73
2026/07/29 02:41:01.632, 295.21, 100, 74232, 73
2026/07/29 02:41:02.669, 294.94, 100, 74232, 73
2026/07/29 02:41:03.705, 294.82, 100, 74232, 73
2026/07/29 02:41:04.741, 296.36, 100, 74232, 73
2026/07/29 02:41:05.778, 294.93, 100, 74232, 73
2026/07/29 02:41:06.815, 295.49, 100, 74232, 73
2026/07/29 02:41:07.852, 291.61, 100, 74232, 73
2026/07/29 02:41:08.889, 294.05, 100, 74232, 73
2026/07/29 02:41:09.934, 299.99, 100, 74232, 73
2026/07/29 02:41:10.972, 301.14, 100, 74232, 73
2026/07/29 02:41:12.008, 294.74, 100, 74232, 73
2026/07/29 02:41:13.047, 293.36, 100, 74232, 73
2026/07/29 02:41:14.085, 294.72, 100, 74232, 73
2026/07/29 02:41:15.122, 301.83, 100, 74232, 73
2026/07/29 02:41:16.159, 303.67, 100, 74232, 73
2026/07/29 02:41:17.196, 302.80, 100, 74232, 73
2026/07/29 02:41:18.233, 301.04, 100, 74232, 73
2026/07/29 02:41:19.274, 299.11, 100, 74232, 73
2026/07/29 02:41:20.311, 303.69, 100, 74232, 73
2026/07/29 02:41:21.347, 302.32, 100, 74232, 73
2026/07/29 02:41:22.384, 301.81, 100, 74232, 73
2026/07/29 02:41:23.422, 292.21, 100, 74232, 73
2026/07/29 02:41:24.460, 295.12, 100, 74232, 73
2026/07/29 02:41:25.498, 295.43, 100, 74232, 73
2026/07/29 02:41:26.537, 294.92, 100, 74232, 73
2026/07/29 02:41:27.574, 297.93, 100, 74232, 73
2026/07/29 02:41:28.612, 302.04, 100, 74232, 73
2026/07/29 02:41:29.649, 297.36, 100, 74232, 73
2026/07/29 02:41:30.686, 303.30, 100, 74232, 73
2026/07/29 02:41:31.723, 299.99, 100, 74232, 73
2026/07/29 02:41:32.761, 302.62, 100, 74232, 73
2026/07/29 02:41:33.800, 294.52, 100, 74232, 73
2026/07/29 02:41:34.838, 295.32, 100, 74232, 73
2026/07/29 02:41:35.875, 297.26, 100, 74232, 73
2026/07/29 02:41:36.912, 296.58, 100, 74232, 73
2026/07/29 02:41:37.951, 295.31, 100, 74232, 73
2026/07/29 02:41:38.988, 293.37, 100, 74232, 73
2026/07/29 02:41:40.026, 295.71, 100, 74232, 73
2026/07/29 02:41:41.064, 298.44, 100, 74232, 73
2026/07/29 02:41:42.103, 295.42, 100, 74232, 73
2026/07/29 02:41:43.141, 296.75, 100, 74232, 73
2026/07/29 02:41:44.180, 295.60, 100, 74232, 73
2026/07/29 02:41:45.218, 297.25, 100, 74232, 73
2026/07/29 02:41:46.255, 292.18, 100, 74232, 73
2026/07/29 02:41:47.292, 305.42, 100, 74232, 73
2026/07/29 02:41:48.330, 299.30, 100, 74232, 73
2026/07/29 02:41:49.369, 300.34, 100, 74232, 73
2026/07/29 02:41:50.405, 296.08, 100, 74232, 73
2026/07/29 02:41:51.443, 303.00, 100, 74232, 73
2026/07/29 02:41:52.479, 303.49, 100, 74232, 73
2026/07/29 02:41:53.523, 297.35, 100, 74232, 73
2026/07/29 02:41:54.560, 297.75, 100, 74232, 73
2026/07/29 02:41:55.597, 303.39, 100, 74232, 73
2026/07/29 02:41:56.635, 302.62, 100, 74232, 73
2026/07/29 02:41:57.672, 302.91, 100, 74232, 73
2026/07/29 02:41:58.710, 302.11, 100, 74232, 73
2026/07/29 02:41:59.747, 303.21, 100, 74232, 73
2026/07/29 02:42:00.785, 302.51, 100, 74232, 73
2026/07/29 02:42:01.824, 295.58, 100, 74232, 73
2026/07/29 02:42:02.862, 291.72, 100, 74232, 73
2026/07/29 02:42:03.898, 301.64, 100, 74232, 73
2026/07/29 02:42:04.935, 297.05, 100, 74232, 73
2026/07/29 02:42:05.973, 294.83, 100, 74232, 73
2026/07/29 02:42:07.010, 305.82, 100, 74232, 73
2026/07/29 02:42:08.047, 299.59, 100, 74232, 73
2026/07/29 02:42:09.088, 298.73, 100, 74232, 73
2026/07/29 02:42:10.126, 299.20, 100, 74232, 73
2026/07/29 02:42:11.163, 300.57, 100, 74232, 73
2026/07/29 02:42:12.201, 303.01, 100, 74232, 73
2026/07/29 02:42:13.238, 294.43, 100, 74232, 73
2026/07/29 02:42:14.275, 294.99, 100, 74232, 73
2026/07/29 02:42:15.312, 296.28, 100, 74232, 73
2026/07/29 02:42:16.349, 292.20, 100, 74232, 73
2026/07/29 02:42:17.386, 296.86, 100, 74232, 73
2026/07/29 02:42:18.423, 295.60, 100, 74232, 73
2026/07/29 02:42:19.461, 296.28, 100, 74232, 73
2026/07/29 02:42:20.498, 298.92, 100, 74232, 73
2026/07/29 02:42:21.536, 304.80, 100, 74232, 73
2026/07/29 02:42:22.573, 303.29, 100, 74232, 73
2026/07/29 02:42:23.609, 293.95, 100, 74232, 73
2026/07/29 02:42:24.646, 295.40, 100, 74232, 73
2026/07/29 02:42:25.685, 295.30, 100, 74232, 73
2026/07/29 02:42:26.722, 299.11, 100, 74232, 73
2026/07/29 02:42:27.759, 295.51, 100, 74232, 73
2026/07/29 02:42:28.797, 303.98, 100, 74232, 73
2026/07/29 02:42:29.838, 302.78, 100, 74232, 73
2026/07/29 02:42:30.875, 303.58, 100, 74232, 73
2026/07/29 02:42:31.913, 303.02, 100, 74232, 73
2026/07/29 02:42:32.949, 303.60, 100, 74232, 73
2026/07/29 02:42:33.987, 302.42, 100, 74232, 73
2026/07/29 02:42:35.025, 303.10, 100, 74232, 73
2026/07/29 02:42:36.062, 302.97, 100, 74232, 73
2026/07/29 02:42:37.099, 302.50, 100, 74232, 73
2026/07/29 02:42:38.137, 303.88, 100, 74232, 73
2026/07/29 02:42:39.175, 304.49, 100, 74232, 73
2026/07/29 02:42:40.211, 296.88, 100, 74232, 73
2026/07/29 02:42:41.249, 298.80, 100, 74232, 73
2026/07/29 02:42:42.287, 295.72, 100, 74232, 73
2026/07/29 02:42:43.325, 296.20, 100, 74232, 73
2026/07/29 02:42:44.362, 296.75, 100, 74232, 73
2026/07/29 02:42:45.399, 296.48, 100, 74232, 73
2026/07/29 02:42:46.435, 299.88, 100, 74232, 73
2026/07/29 02:42:47.472, 297.35, 100, 74232, 73
2026/07/29 02:42:48.510, 294.80, 100, 74232, 73
2026/07/29 02:42:49.547, 296.08, 100, 74232, 73
2026/07/29 02:42:50.585, 298.82, 100, 74232, 73
2026/07/29 02:42:51.623, 294.92, 100, 74232, 73
2026/07/29 02:42:52.660, 294.42, 100, 74232, 73
2026/07/29 02:42:53.698, 295.62, 100, 74232, 73
2026/07/29 02:42:54.736, 297.08, 100, 74232, 73
2026/07/29 02:42:55.775, 296.00, 100, 74232, 73
2026/07/29 02:42:56.813, 303.32, 100, 74232, 73
2026/07/29 02:42:57.853, 303.41, 100, 74232, 73
2026/07/29 02:42:58.890, 304.17, 100, 74232, 73
2026/07/29 02:42:59.931, 292.96, 100, 74232, 73
2026/07/29 02:43:00.968, 291.99, 100, 74232, 73
2026/07/29 02:43:02.006, 295.40, 100, 74232, 73
2026/07/29 02:43:03.046, 295.23, 100, 74232, 73
2026/07/29 02:43:04.084, 295.89, 100, 74232, 73
2026/07/29 02:43:05.123, 295.69, 100, 74232, 73
2026/07/29 02:43:06.161, 303.07, 100, 74232, 73
2026/07/29 02:43:07.199, 303.50, 100, 74232, 73
2026/07/29 02:43:08.235, 303.56, 100, 74232, 73
2026/07/29 02:43:09.274, 294.22, 100, 74232, 73
2026/07/29 02:43:10.310, 296.58, 100, 74232, 73
2026/07/29 02:43:11.347, 296.20, 100, 74232, 73
2026/07/29 02:43:12.384, 291.32, 100, 74232, 73
2026/07/29 02:43:13.421, 296.18, 100, 74232, 73
2026/07/29 02:43:14.458, 303.48, 100, 74232, 73
2026/07/29 02:43:15.495, 304.04, 100, 74232, 73
2026/07/29 02:43:16.532, 306.89, 100, 74232, 73
2026/07/29 02:43:17.570, 302.81, 100, 74232, 73
2026/07/29 02:43:18.610, 298.92, 100, 74232, 73
2026/07/29 02:43:19.647, 295.11, 100, 74232, 73
2026/07/29 02:43:20.684, 295.91, 100, 74232, 73
2026/07/29 02:43:21.725, 295.60, 100, 74232, 73
2026/07/29 02:43:22.763, 301.95, 100, 74232, 73
2026/07/29 02:43:23.799, 301.46, 100, 74232, 73
2026/07/29 02:43:24.837, 301.64, 100, 74232, 73
2026/07/29 02:43:25.874, 298.91, 100, 74232, 73
2026/07/29 02:43:26.913, 302.82, 100, 74232, 73
2026/07/29 02:43:27.950, 301.50, 100, 74232, 73
2026/07/29 02:43:28.987, 295.32, 100, 74232, 73
2026/07/29 02:43:30.026, 291.43, 100, 74232, 73
2026/07/29 02:43:31.063, 294.63, 100, 74232, 73
2026/07/29 02:43:32.101, 296.01, 100, 74232, 73
2026/07/29 02:43:33.137, 296.08, 100, 74232, 73
2026/07/29 02:43:34.175, 296.18, 100, 74232, 73
2026/07/29 02:43:35.218, 303.15, 100, 74232, 73
2026/07/29 02:43:36.256, 303.10, 100, 74232, 73
2026/07/29 02:43:37.292, 302.22, 100, 74232, 73
2026/07/29 02:43:38.330, 305.05, 100, 74232, 73
2026/07/29 02:43:39.368, 295.81, 100, 74232, 73
2026/07/29 02:43:40.406, 296.67, 100, 74232, 73
2026/07/29 02:43:41.444, 302.71, 100, 74232, 73
2026/07/29 02:43:42.481, 291.51, 100, 74232, 72
2026/07/29 02:43:43.518, 292.48, 100, 74232, 73
2026/07/29 02:43:44.556, 295.02, 100, 74232, 73
2026/07/29 02:43:45.593, 295.53, 100, 74232, 73
2026/07/29 02:43:46.631, 295.89, 100, 74232, 73
2026/07/29 02:43:47.667, 294.35, 100, 74232, 73
2026/07/29 02:43:48.709, 295.43, 100, 74232, 73
2026/07/29 02:43:49.747, 301.16, 100, 74232, 73
2026/07/29 02:43:50.783, 295.80, 100, 74232, 73
2026/07/29 02:43:51.820, 295.31, 100, 74232, 73
2026/07/29 02:43:52.857, 301.18, 100, 74232, 73
2026/07/29 02:43:53.895, 301.84, 100, 74232, 73
2026/07/29 02:43:54.934, 294.54, 100, 74232, 73
2026/07/29 02:43:55.970, 305.92, 100, 74232, 73
2026/07/29 02:43:57.008, 302.13, 100, 74232, 73
2026/07/29 02:43:58.044, 304.96, 100, 74232, 73
2026/07/29 02:43:59.082, 303.00, 100, 74232, 73
2026/07/29 02:44:00.119, 302.41, 100, 74232, 73
2026/07/29 02:44:01.158, 303.30, 100, 74232, 73
2026/07/29 02:44:02.196, 302.52, 100, 74232, 73
2026/07/29 02:44:03.232, 306.70, 100, 74232, 73
2026/07/29 02:44:04.270, 302.42, 100, 74232, 73
2026/07/29 02:44:05.308, 304.26, 100, 74232, 73
2026/07/29 02:44:06.348, 292.79, 100, 74232, 73
2026/07/29 02:44:07.385, 294.64, 100, 74232, 73
2026/07/29 02:44:08.422, 292.96, 100, 74232, 72
2026/07/29 02:44:09.460, 295.03, 100, 74232, 72
2026/07/29 02:44:10.497, 294.92, 100, 74232, 72
2026/07/29 02:44:11.535, 295.70, 100, 74232, 72
2026/07/29 02:44:12.573, 295.40, 100, 74232, 72
2026/07/29 02:44:13.609, 295.81, 100, 74232, 72
2026/07/29 02:44:14.647, 295.90, 100, 74232, 72
2026/07/29 02:44:15.684, 294.91, 100, 74232, 72
2026/07/29 02:44:16.722, 292.20, 100, 74232, 72
2026/07/29 02:44:17.759, 294.93, 100, 74232, 72
2026/07/29 02:44:18.796, 301.26, 100, 74232, 72
2026/07/29 02:44:19.835, 299.12, 100, 74232, 73
2026/07/29 02:44:20.876, 306.51, 100, 74232, 72
2026/07/29 02:44:21.914, 290.24, 100, 74232, 72
2026/07/29 02:44:22.951, 298.61, 100, 74232, 72
2026/07/29 02:44:23.989, 303.31, 100, 74232, 73
2026/07/29 02:44:25.026, 303.00, 100, 74232, 73
2026/07/29 02:44:26.063, 302.62, 100, 74232, 73
2026/07/29 02:44:27.101, 301.93, 100, 74232, 73
2026/07/29 02:44:28.138, 303.02, 100, 74232, 73
2026/07/29 02:44:29.176, 303.61, 100, 74232, 72
2026/07/29 02:44:30.214, 303.00, 100, 74232, 72
2026/07/29 02:44:31.251, 301.93, 100, 74232, 72
2026/07/29 02:44:32.290, 297.15, 100, 74232, 72
2026/07/29 02:44:33.327, 298.61, 100, 74232, 72
2026/07/29 02:44:34.365, 296.26, 100, 74232, 72
2026/07/29 02:44:35.401, 295.58, 100, 74232, 72
2026/07/29 02:44:36.440, 294.92, 100, 74232, 72
2026/07/29 02:44:37.476, 294.64, 100, 74232, 72
2026/07/29 02:44:38.516, 294.35, 100, 74232, 72
2026/07/29 02:44:39.553, 294.53, 100, 74232, 72
2026/07/29 02:44:40.601, 294.52, 100, 74232, 72
2026/07/29 02:44:41.640, 295.01, 100, 74232, 72
2026/07/29 02:44:42.677, 294.82, 100, 74232, 72
2026/07/29 02:44:43.715, 293.95, 100, 74232, 72
2026/07/29 02:44:44.751, 303.61, 100, 74232, 72
2026/07/29 02:44:45.788, 302.11, 100, 74232, 72
2026/07/29 02:44:46.826, 303.69, 100, 74232, 72
2026/07/29 02:44:47.863, 303.01, 100, 74232, 72
2026/07/29 02:44:48.900, 302.11, 100, 74232, 72
2026/07/29 02:44:49.937, 302.80, 100, 74232, 72
2026/07/29 02:44:50.975, 302.41, 100, 74232, 72
2026/07/29 02:44:52.011, 302.13, 100, 74232, 72
2026/07/29 02:44:53.048, 302.48, 100, 74232, 72
2026/07/29 02:44:54.087, 301.93, 100, 74232, 72
2026/07/29 02:44:55.123, 302.00, 100, 74232, 72
2026/07/29 02:44:56.162, 302.91, 100, 74232, 72
2026/07/29 02:44:57.200, 301.74, 100, 74232, 72
2026/07/29 02:44:58.239, 295.61, 100, 74232, 72
2026/07/29 02:44:59.277, 303.19, 100, 74232, 72
2026/07/29 02:45:00.314, 295.90, 100, 74232, 72
2026/07/29 02:45:01.352, 97.99, 0, 74232, 69
2026/07/29 02:45:02.385, 301.83, 100, 74232, 73
2026/07/29 02:45:03.422, 294.79, 100, 74232, 74
2026/07/29 02:45:04.456, 280.04, 100, 74232, 74
2026/07/29 02:45:05.492, 281.87, 100, 74232, 74
2026/07/29 02:45:06.528, 274.58, 100, 74232, 74
2026/07/29 02:45:07.566, 293.15, 100, 74232, 74
2026/07/29 02:45:08.603, 300.47, 100, 74232, 72
2026/07/29 02:45:09.640, 296.27, 100, 74232, 72
2026/07/29 02:45:10.676, 301.15, 100, 74232, 72
2026/07/29 02:45:11.714, 301.55, 100, 74232, 72
2026/07/29 02:45:12.751, 300.77, 100, 74232, 72
2026/07/29 02:45:13.788, 303.19, 100, 74232, 72
2026/07/29 02:45:14.824, 301.64, 100, 74232, 72
2026/07/29 02:45:15.861, 302.30, 100, 74232, 72
2026/07/29 02:45:16.899, 301.25, 100, 74232, 72
2026/07/29 02:45:17.936, 301.65, 100, 74232, 72
2026/07/29 02:45:18.973, 305.80, 100, 74232, 72
2026/07/29 02:45:20.010, 302.03, 100, 74232, 73
2026/07/29 02:45:21.048, 303.08, 100, 74232, 73
2026/07/29 02:45:22.085, 302.62, 100, 74232, 73
2026/07/29 02:45:23.122, 303.29, 100, 74232, 73
2026/07/29 02:45:24.158, 306.20, 100, 74232, 73
2026/07/29 02:45:25.196, 301.64, 100, 74232, 73
2026/07/29 02:45:26.233, 303.73, 100, 74232, 73
2026/07/29 02:45:27.270, 302.23, 100, 74232, 73
2026/07/29 02:45:28.307, 299.20, 100, 74232, 73
2026/07/29 02:45:29.344, 302.67, 100, 74232, 73
2026/07/29 02:45:30.381, 302.68, 100, 74232, 73
2026/07/29 02:45:31.419, 295.02, 100, 74232, 73
2026/07/29 02:45:32.457, 291.23, 100, 74232, 72
2026/07/29 02:45:33.494, 294.54, 100, 74232, 73
2026/07/29 02:45:34.531, 293.86, 100, 74232, 73
2026/07/29 02:45:35.570, 293.76, 100, 74232, 73
2026/07/29 02:45:36.607, 294.16, 100, 74232, 73
2026/07/29 02:45:37.644, 295.30, 100, 74232, 73
2026/07/29 02:45:38.682, 294.73, 100, 74232, 73
2026/07/29 02:45:39.721, 294.54, 100, 74232, 73
2026/07/29 02:45:40.758, 295.50, 100, 74232, 73
2026/07/29 02:45:41.796, 298.80, 100, 74232, 73
2026/07/29 02:45:42.834, 301.94, 100, 74232, 73
2026/07/29 02:45:43.871, 295.42, 100, 74232, 73
2026/07/29 02:45:44.910, 302.54, 100, 74232, 73
2026/07/29 02:45:45.948, 302.25, 100, 74232, 73
2026/07/29 02:45:46.987, 302.49, 100, 74232, 73
2026/07/29 02:45:48.024, 304.56, 100, 74232, 73
2026/07/29 02:45:49.062, 302.89, 100, 74232, 73
2026/07/29 02:45:50.100, 302.83, 100, 74232, 73
2026/07/29 02:45:51.137, 302.62, 100, 74232, 73
2026/07/29 02:45:52.174, 302.22, 100, 74232, 73
2026/07/29 02:45:53.210, 304.03, 100, 74232, 73
2026/07/29 02:45:54.248, 295.90, 100, 74232, 73
2026/07/29 02:45:55.287, 301.69, 100, 74232, 73
2026/07/29 02:45:56.326, 302.40, 100, 74232, 73
2026/07/29 02:45:57.363, 302.81, 100, 74232, 73
2026/07/29 02:45:58.399, 295.52, 100, 74232, 73
2026/07/29 02:45:59.437, 292.47, 100, 74232, 73
2026/07/29 02:46:00.475, 296.86, 100, 74232, 73
2026/07/29 02:46:01.512, 295.04, 100, 74232, 73
2026/07/29 02:46:02.548, 295.72, 100, 74232, 73
2026/07/29 02:46:03.586, 291.90, 100, 74232, 73
2026/07/29 02:46:04.622, 307.28, 100, 74232, 73
2026/07/29 02:46:05.659, 301.94, 100, 74232, 73
2026/07/29 02:46:06.697, 301.81, 100, 74232, 73
2026/07/29 02:46:07.734, 291.31, 100, 74232, 73
2026/07/29 02:46:08.772, 295.42, 100, 74232, 73
2026/07/29 02:46:09.808, 299.48, 100, 74232, 73
2026/07/29 02:46:10.846, 295.42, 100, 74232, 73
2026/07/29 02:46:11.885, 300.66, 100, 74232, 73
2026/07/29 02:46:12.923, 294.93, 100, 74232, 73
2026/07/29 02:46:13.959, 295.91, 100, 74232, 73
2026/07/29 02:46:14.997, 303.11, 100, 74232, 73
2026/07/29 02:46:16.033, 304.76, 100, 74232, 73
2026/07/29 02:46:17.070, 303.00, 100, 74232, 73
2026/07/29 02:46:18.106, 304.73, 100, 74232, 73
2026/07/29 02:46:19.144, 302.91, 100, 74232, 73
2026/07/29 02:46:20.183, 303.59, 100, 74232, 73
2026/07/29 02:46:21.224, 303.49, 100, 74232, 73
2026/07/29 02:46:22.261, 302.68, 100, 74232, 73
2026/07/29 02:46:23.300, 299.49, 100, 74232, 73
2026/07/29 02:46:24.338, 295.61, 100, 74232, 73
2026/07/29 02:46:25.375, 295.82, 100, 74232, 73
2026/07/29 02:46:26.413, 295.49, 100, 74232, 73
2026/07/29 02:46:27.450, 295.60, 100, 74232, 73
2026/07/29 02:46:28.487, 300.84, 100, 74232, 73
2026/07/29 02:46:29.526, 301.24, 100, 74232, 73
2026/07/29 02:46:30.564, 295.98, 100, 74232, 73
2026/07/29 02:46:31.601, 295.12, 100, 74232, 73
2026/07/29 02:46:32.640, 290.62, 100, 74232, 73
2026/07/29 02:46:33.676, 295.29, 100, 74232, 73
2026/07/29 02:46:34.714, 295.70, 100, 74232, 73
2026/07/29 02:46:35.751, 294.92, 100, 74232, 73
2026/07/29 02:46:36.788, 295.60, 100, 74232, 73
2026/07/29 02:46:37.825, 300.17, 100, 74232, 73
2026/07/29 02:46:38.862, 302.51, 100, 74232, 73
2026/07/29 02:46:39.899, 297.15, 100, 74232, 73
2026/07/29 02:46:40.935, 303.27, 100, 74232, 73
2026/07/29 02:46:41.972, 303.29, 100, 74232, 73
2026/07/29 02:46:43.009, 299.20, 100, 74232, 73
2026/07/29 02:46:44.048, 302.52, 100, 74232, 73
2026/07/29 02:46:45.084, 298.00, 100, 74232, 73
2026/07/29 02:46:46.123, 304.24, 100, 74232, 73
2026/07/29 02:46:47.161, 303.30, 100, 74232, 73
2026/07/29 02:46:48.198, 301.93, 100, 74232, 73
2026/07/29 02:46:49.236, 303.30, 100, 74232, 73
2026/07/29 02:46:50.273, 303.00, 100, 74232, 73
2026/07/29 02:46:51.309, 302.72, 100, 74232, 73
2026/07/29 02:46:52.346, 305.23, 100, 74232, 73
2026/07/29 02:46:53.384, 300.47, 100, 74232, 73
2026/07/29 02:46:54.422, 296.89, 100, 74232, 73
2026/07/29 02:46:55.459, 296.10, 100, 74232, 73
2026/07/29 02:46:56.496, 296.19, 100, 74232, 73
2026/07/29 02:46:57.533, 294.45, 100, 74232, 73
2026/07/29 02:46:58.570, 294.52, 100, 74232, 73
2026/07/29 02:46:59.613, 298.92, 100, 74232, 73
2026/07/29 02:47:00.650, 299.30, 100, 74232, 73
2026/07/29 02:47:01.686, 305.14, 100, 74232, 73
2026/07/29 02:47:02.724, 302.51, 100, 74232, 73
2026/07/29 02:47:03.761, 291.42, 100, 74232, 73
2026/07/29 02:47:04.798, 294.82, 100, 74232, 73
2026/07/29 02:47:05.837, 295.60, 100, 74232, 73
2026/07/29 02:47:06.874, 302.90, 100, 74232, 73
2026/07/29 02:47:07.911, 306.41, 100, 74232, 73
2026/07/29 02:47:08.949, 301.73, 100, 74232, 73
2026/07/29 02:47:09.987, 301.99, 100, 74232, 73
2026/07/29 02:47:11.024, 302.70, 100, 74232, 73
2026/07/29 02:47:12.061, 303.80, 100, 74232, 73
2026/07/29 02:47:13.098, 302.21, 100, 74232, 73
2026/07/29 02:47:14.135, 302.72, 100, 74232, 73
2026/07/29 02:47:15.172, 302.33, 100, 74232, 73
2026/07/29 02:47:16.209, 304.67, 100, 74232, 73
2026/07/29 02:47:17.245, 302.41, 100, 74232, 73
2026/07/29 02:47:18.282, 304.65, 100, 74232, 73
2026/07/29 02:47:19.319, 301.84, 100, 74232, 73
2026/07/29 02:47:20.356, 296.48, 100, 74232, 73
2026/07/29 02:47:21.393, 295.18, 100, 74232, 72
2026/07/29 02:47:22.430, 303.30, 100, 74232, 72
2026/07/29 02:47:23.467, 295.11, 100, 74232, 72
2026/07/29 02:47:24.504, 295.53, 100, 74232, 72
2026/07/29 02:47:25.541, 296.77, 100, 74232, 72
2026/07/29 02:47:26.577, 302.97, 100, 74232, 72
2026/07/29 02:47:27.613, 294.33, 100, 74232, 72
2026/07/29 02:47:28.650, 303.51, 100, 74232, 73
2026/07/29 02:47:29.687, 294.84, 100, 74232, 72
2026/07/29 02:47:30.724, 303.33, 100, 74232, 73
2026/07/29 02:47:31.760, 297.26, 100, 74232, 73
2026/07/29 02:47:32.798, 302.92, 100, 74232, 73
2026/07/29 02:47:33.835, 294.73, 100, 74232, 73
2026/07/29 02:47:34.873, 297.83, 100, 74232, 73
2026/07/29 02:47:35.910, 290.63, 100, 74232, 73
2026/07/29 02:47:36.948, 299.80, 100, 74232, 73
2026/07/29 02:47:37.985, 301.26, 100, 74232, 73
2026/07/29 02:47:39.023, 297.56, 100, 74232, 73
2026/07/29 02:47:40.061, 302.52, 100, 74232, 73
2026/07/29 02:47:41.098, 298.24, 100, 74232, 73
2026/07/29 02:47:42.135, 298.42, 100, 74232, 73
2026/07/29 02:47:43.172, 296.46, 100, 74232, 73
2026/07/29 02:47:44.208, 299.89, 100, 74232, 73
2026/07/29 02:47:45.246, 297.08, 100, 74232, 73
2026/07/29 02:47:46.286, 302.29, 100, 74232, 73
2026/07/29 02:47:47.324, 302.72, 100, 74232, 73
2026/07/29 02:47:48.361, 302.72, 100, 74232, 73
2026/07/29 02:47:49.398, 304.39, 100, 74232, 73
2026/07/29 02:47:50.435, 303.30, 100, 74232, 73
2026/07/29 02:47:51.473, 302.31, 100, 74232, 73
2026/07/29 02:47:52.510, 302.43, 100, 74232, 73
2026/07/29 02:47:53.547, 303.00, 100, 74232, 73
2026/07/29 02:47:54.586, 302.69, 100, 74232, 73
2026/07/29 02:47:55.623, 295.51, 100, 74232, 72
2026/07/29 02:47:56.660, 295.23, 100, 74232, 72
2026/07/29 02:47:57.699, 294.22, 100, 74232, 72
2026/07/29 02:47:58.735, 290.93, 100, 74232, 72
2026/07/29 02:47:59.773, 294.54, 100, 74232, 72
2026/07/29 02:48:00.812, 296.20, 100, 74232, 73
2026/07/29 02:48:01.852, 300.97, 100, 74232, 73
2026/07/29 02:48:02.892, 300.25, 100, 74232, 73
2026/07/29 02:48:03.929, 302.51, 100, 74232, 73
2026/07/29 02:48:04.966, 302.54, 100, 74232, 73
2026/07/29 02:48:06.002, 298.71, 100, 74232, 72
2026/07/29 02:48:07.040, 302.41, 100, 74232, 73
2026/07/29 02:48:08.076, 295.01, 100, 74232, 72
2026/07/29 02:48:09.115, 301.72, 100, 74232, 72
2026/07/29 02:48:10.151, 291.63, 100, 74232, 72
2026/07/29 02:48:11.192, 294.75, 100, 74232, 72
2026/07/29 02:48:12.229, 293.95, 100, 74232, 72
2026/07/29 02:48:13.269, 294.24, 100, 74232, 72
2026/07/29 02:48:14.307, 296.75, 100, 74232, 72
2026/07/29 02:48:15.344, 305.39, 100, 74232, 73
2026/07/29 02:48:16.382, 302.32, 100, 74232, 72
2026/07/29 02:48:17.419, 302.81, 100, 74232, 72
2026/07/29 02:48:18.456, 303.40, 100, 74232, 72
2026/07/29 02:48:19.493, 302.73, 100, 74232, 72
2026/07/29 02:48:20.531, 304.74, 100, 74232, 72
2026/07/29 02:48:21.567, 302.10, 100, 74232, 72
2026/07/29 02:48:22.604, 302.81, 100, 74232, 72
2026/07/29 02:48:23.641, 302.33, 100, 74232, 72
2026/07/29 02:48:24.681, 302.89, 100, 74232, 72
2026/07/29 02:48:25.718, 301.91, 100, 74232, 72
2026/07/29 02:48:26.755, 305.14, 100, 74232, 72
2026/07/29 02:48:27.792, 294.84, 100, 74232, 72
2026/07/29 02:48:28.829, 294.73, 100, 74232, 72
2026/07/29 02:48:29.866, 293.26, 100, 74232, 72
2026/07/29 02:48:30.904, 294.25, 100, 74232, 72
2026/07/29 02:48:31.943, 294.24, 100, 74232, 72
2026/07/29 02:48:32.980, 294.52, 100, 74232, 72
2026/07/29 02:48:34.017, 294.63, 100, 74232, 72
2026/07/29 02:48:35.054, 300.48, 100, 74232, 72
2026/07/29 02:48:36.091, 301.25, 100, 74232, 72
2026/07/29 02:48:37.128, 294.62, 100, 74232, 72
2026/07/29 02:48:38.164, 293.94, 100, 74232, 72
2026/07/29 02:48:39.202, 291.42, 100, 74232, 72
2026/07/29 02:48:40.238, 301.65, 100, 74232, 72
2026/07/29 02:48:41.278, 298.15, 100, 74232, 72
2026/07/29 02:48:42.315, 300.97, 100, 74232, 72
2026/07/29 02:48:43.352, 301.94, 100, 74232, 72
2026/07/29 02:48:44.389, 300.76, 100, 74232, 72
2026/07/29 02:48:45.426, 302.40, 100, 74232, 72
2026/07/29 02:48:46.465, 301.73, 100, 74232, 72
2026/07/29 02:48:47.502, 301.43, 100, 74232, 72
2026/07/29 02:48:48.538, 302.42, 100, 74232, 72
2026/07/29 02:48:49.575, 303.00, 100, 74232, 72
2026/07/29 02:48:50.611, 295.02, 100, 74232, 72
2026/07/29 02:48:51.648, 304.03, 100, 74232, 72
2026/07/29 02:48:52.685, 301.72, 100, 74232, 72
2026/07/29 02:48:53.724, 302.24, 100, 74232, 72
2026/07/29 02:48:54.760, 302.83, 100, 74232, 72
2026/07/29 02:48:55.797, 302.13, 100, 74232, 72
2026/07/29 02:48:56.835, 294.62, 100, 74232, 72
2026/07/29 02:48:57.873, 295.11, 100, 74232, 72
2026/07/29 02:48:58.911, 292.47, 100, 74232, 72
2026/07/29 02:48:59.948, 294.92, 100, 74232, 72
2026/07/29 02:49:00.987, 294.34, 100, 74232, 72
2026/07/29 02:49:02.024, 295.03, 100, 74232, 72
2026/07/29 02:49:03.061, 293.85, 100, 74232, 72
2026/07/29 02:49:04.098, 294.92, 100, 74232, 72
2026/07/29 02:49:05.135, 294.44, 100, 74232, 72
2026/07/29 02:49:06.172, 294.45, 100, 74232, 72
2026/07/29 02:49:07.210, 301.67, 100, 74232, 72
2026/07/29 02:49:08.246, 302.32, 100, 74232, 72
2026/07/29 02:49:09.284, 302.00, 100, 74232, 72
2026/07/29 02:49:10.320, 302.43, 100, 74232, 72
2026/07/29 02:49:11.358, 302.24, 100, 74232, 72
2026/07/29 02:49:12.395, 302.14, 100, 74232, 72
2026/07/29 02:49:13.432, 302.14, 100, 74232, 72
2026/07/29 02:49:14.469, 304.16, 100, 74232, 72
2026/07/29 02:49:15.506, 302.62, 100, 74232, 72
2026/07/29 02:49:16.542, 302.51, 100, 74232, 72
2026/07/29 02:49:17.579, 301.80, 100, 74232, 72
2026/07/29 02:49:18.615, 294.73, 100, 74232, 72
2026/07/29 02:49:19.652, 300.84, 100, 74232, 72
2026/07/29 02:49:20.690, 294.83, 100, 74232, 72
2026/07/29 02:49:21.726, 298.65, 100, 74232, 72
2026/07/29 02:49:22.762, 291.14, 100, 74232, 72
2026/07/29 02:49:23.800, 294.54, 100, 74232, 72
2026/07/29 02:49:24.836, 294.73, 100, 74232, 72
2026/07/29 02:49:25.874, 291.03, 100, 74232, 72
2026/07/29 02:49:26.911, 297.33, 100, 74232, 72
2026/07/29 02:49:27.951, 305.04, 100, 74232, 72
2026/07/29 02:49:28.989, 302.81, 100, 74232, 72
2026/07/29 02:49:30.025, 295.49, 100, 74232, 72
2026/07/29 02:49:31.063, 296.18, 100, 74232, 72
2026/07/29 02:49:32.099, 301.07, 100, 74232, 72
2026/07/29 02:49:33.136, 291.79, 100, 74232, 72
2026/07/29 02:49:34.172, 297.45, 100, 74232, 72
2026/07/29 02:49:35.210, 293.85, 100, 74232, 72
2026/07/29 02:49:36.246, 302.32, 100, 74232, 72
2026/07/29 02:49:37.283, 302.25, 100, 74232, 72
2026/07/29 02:49:38.320, 302.14, 100, 74232, 72
2026/07/29 02:49:39.357, 302.99, 100, 74232, 72
2026/07/29 02:49:40.393, 302.00, 100, 74232, 72
2026/07/29 02:49:41.430, 301.74, 100, 74232, 72
2026/07/29 02:49:42.467, 302.39, 100, 74232, 72
2026/07/29 02:49:43.506, 294.83, 100, 74232, 72
2026/07/29 02:49:44.542, 291.43, 100, 74232, 72
2026/07/29 02:49:45.579, 294.05, 100, 74232, 72
2026/07/29 02:49:46.616, 294.65, 100, 74232, 72
2026/07/29 02:49:47.654, 297.94, 100, 74232, 72
2026/07/29 02:49:48.690, 302.13, 100, 74232, 72
2026/07/29 02:49:49.729, 302.23, 100, 74232, 72
2026/07/29 02:49:50.766, 300.93, 100, 74232, 72
2026/07/29 02:49:51.802, 298.04, 100, 74232, 72
2026/07/29 02:49:52.841, 294.34, 100, 74232, 72
2026/07/29 02:49:53.878, 294.54, 100, 74232, 72
2026/07/29 02:49:54.916, 294.12, 100, 74232, 72
2026/07/29 02:49:55.953, 297.16, 100, 74232, 72
2026/07/29 02:49:56.990, 298.83, 100, 74232, 72
2026/07/29 02:49:58.027, 292.69, 100, 74232, 72
2026/07/29 02:49:59.064, 294.13, 100, 74232, 72
2026/07/29 02:50:00.102, 301.94, 100, 74232, 72
2026/07/29 02:50:01.139, 300.47, 100, 74232, 72
2026/07/29 02:50:02.175, 97.86, 26, 74232, 69
2026/07/29 02:50:03.207, 97.12, 0, 74232, 68
2026/07/29 02:50:04.238, 95.24, 0, 74232, 68
2026/07/29 02:50:05.269, 95.16, 0, 74232, 67
2026/07/29 02:50:06.302, 94.69, 0, 74232, 66
2026/07/29 02:50:07.334, 94.03, 0, 74232, 66
2026/07/29 02:50:08.365, 92.61, 0, 74232, 65
2026/07/29 02:50:09.396, 92.86, 0, 74232, 65
2026/07/29 02:50:10.428, 92.39, 0, 74232, 64
2026/07/29 02:50:11.461, 91.88, 0, 74232, 64
2026/07/29 02:50:12.553, 91.23, 0, 74232, 64
2026/07/29 02:50:13.585, 90.48, 0, 74232, 63
2026/07/29 02:50:14.617, 90.63, 0, 74232, 63
2026/07/29 02:50:15.654, 89.99, 0, 74232, 63
2026/07/29 02:50:16.686, 88.83, 0, 74232, 62
2026/07/29 02:50:17.718, 89.33, 0, 74232, 62
2026/07/29 02:50:18.749, 303.50, 100, 74232, 67
2026/07/29 02:50:19.790, 308.73, 100, 74232, 68
2026/07/29 02:50:20.824, 302.47, 100, 74232, 68
2026/07/29 02:50:21.859, 310.28, 100, 74232, 68
2026/07/29 02:50:22.894, 270.51, 100, 74232, 68
2026/07/29 02:50:23.934, 309.12, 100, 74232, 69
2026/07/29 02:50:24.970, 300.76, 100, 74232, 67
2026/07/29 02:50:26.007, 301.13, 100, 74232, 67
2026/07/29 02:50:27.043, 301.80, 100, 74232, 68
2026/07/29 02:50:28.080, 301.73, 100, 74232, 68
2026/07/29 02:50:29.115, 295.21, 100, 74232, 68
2026/07/29 02:50:30.152, 303.86, 100, 74232, 68
2026/07/29 02:50:31.189, 294.72, 100, 74232, 69
2026/07/29 02:50:32.226, 293.06, 100, 74232, 69
2026/07/29 02:50:33.262, 297.82, 100, 74232, 69
2026/07/29 02:50:34.302, 295.70, 100, 74232, 69
2026/07/29 02:50:35.339, 298.23, 100, 74232, 69
2026/07/29 02:50:36.374, 298.78, 100, 74232, 69
2026/07/29 02:50:37.411, 296.68, 100, 74232, 69
2026/07/29 02:50:38.452, 298.11, 100, 74232, 70
2026/07/29 02:50:39.488, 297.16, 100, 74232, 70
2026/07/29 02:50:40.526, 297.72, 100, 74232, 70
2026/07/29 02:50:41.563, 299.86, 100, 74232, 70
2026/07/29 02:50:42.599, 297.93, 100, 74232, 70
2026/07/29 02:50:43.636, 296.94, 100, 74232, 70
2026/07/29 02:50:44.672, 299.79, 100, 74232, 70
2026/07/29 02:50:45.708, 305.48, 100, 74232, 70
2026/07/29 02:50:46.744, 298.91, 100, 74232, 70
2026/07/29 02:50:47.781, 298.44, 100, 74232, 71
2026/07/29 02:50:48.818, 299.48, 100, 74232, 71
2026/07/29 02:50:49.857, 300.46, 100, 74232, 71
2026/07/29 02:50:50.894, 298.70, 100, 74232, 71
2026/07/29 02:50:51.930, 301.35, 100, 74232, 71
2026/07/29 02:50:52.966, 304.45, 100, 74232, 71
2026/07/29 02:50:54.004, 299.86, 100, 74232, 71
2026/07/29 02:50:55.044, 299.50, 100, 74232, 71
2026/07/29 02:50:56.085, 301.63, 100, 74232, 71
2026/07/29 02:50:57.124, 306.81, 100, 74232, 71
2026/07/29 02:50:58.161, 299.88, 100, 74232, 71
2026/07/29 02:50:59.197, 301.03, 100, 74232, 71
2026/07/29 02:51:00.235, 302.22, 100, 74232, 71
2026/07/29 02:51:01.272, 300.28, 100, 74232, 71
2026/07/29 02:51:02.311, 302.29, 100, 74232, 71
2026/07/29 02:51:03.348, 300.39, 100, 74232, 71
2026/07/29 02:51:04.385, 300.70, 100, 74232, 71
2026/07/29 02:51:05.423, 300.19, 100, 74232, 71
2026/07/29 02:51:06.460, 300.07, 100, 74232, 72
2026/07/29 02:51:07.498, 299.78, 100, 74232, 72
2026/07/29 02:51:08.535, 300.76, 100, 74232, 72
2026/07/29 02:51:09.571, 300.87, 100, 74232, 72
2026/07/29 02:51:10.609, 300.45, 100, 74232, 72
2026/07/29 02:51:11.646, 293.48, 100, 74232, 72
2026/07/29 02:51:12.684, 294.25, 100, 74232, 72
2026/07/29 02:51:13.722, 296.19, 100, 74232, 72
2026/07/29 02:51:14.760, 289.74, 100, 74232, 72
2026/07/29 02:51:15.797, 293.27, 100, 74232, 72
2026/07/29 02:51:16.833, 294.13, 100, 74232, 72
2026/07/29 02:51:17.870, 295.70, 100, 74232, 72
2026/07/29 02:51:18.906, 297.26, 100, 74232, 72
2026/07/29 02:51:19.949, 293.27, 100, 74232, 72
2026/07/29 02:51:20.985, 297.08, 100, 74232, 72
2026/07/29 02:51:22.023, 300.96, 100, 74232, 72
2026/07/29 02:51:23.060, 301.14, 100, 74232, 72
2026/07/29 02:51:24.098, 301.56, 100, 74232, 72
2026/07/29 02:51:25.135, 301.33, 100, 74232, 72
2026/07/29 02:51:26.172, 302.29, 100, 74232, 72
2026/07/29 02:51:27.209, 301.06, 100, 74232, 72
2026/07/29 02:51:28.246, 300.95, 100, 74232, 72
2026/07/29 02:51:29.283, 301.85, 100, 74232, 72
2026/07/29 02:51:30.320, 300.88, 100, 74232, 72
2026/07/29 02:51:31.357, 297.76, 100, 74232, 72
2026/07/29 02:51:32.394, 302.32, 100, 74232, 72
2026/07/29 02:51:33.431, 301.64, 100, 74232, 72
2026/07/29 02:51:34.469, 299.79, 100, 74232, 72
2026/07/29 02:51:35.507, 293.96, 100, 74232, 72
2026/07/29 02:51:36.544, 294.34, 100, 74232, 72
2026/07/29 02:51:37.583, 296.19, 100, 74232, 72
2026/07/29 02:51:38.620, 294.04, 100, 74232, 72
2026/07/29 02:51:39.657, 295.58, 100, 74232, 72
2026/07/29 02:51:40.695, 294.94, 100, 74232, 72
2026/07/29 02:51:41.731, 294.64, 100, 74232, 72
2026/07/29 02:51:42.768, 294.15, 100, 74232, 72
2026/07/29 02:51:43.806, 299.21, 100, 74232, 73
2026/07/29 02:51:44.846, 298.05, 100, 74232, 73
2026/07/29 02:51:45.884, 298.80, 100, 74232, 73
2026/07/29 02:51:46.921, 301.54, 100, 74232, 73
2026/07/29 02:51:47.958, 303.67, 100, 74232, 73
2026/07/29 02:51:48.996, 301.64, 100, 74232, 73
2026/07/29 02:51:50.033, 301.62, 100, 74232, 72
2026/07/29 02:51:51.070, 301.65, 100, 74232, 72
2026/07/29 02:51:52.107, 302.60, 100, 74232, 72
2026/07/29 02:51:53.145, 304.38, 100, 74232, 72
2026/07/29 02:51:54.182, 302.82, 100, 74232, 73
2026/07/29 02:51:55.220, 301.84, 100, 74232, 73
2026/07/29 02:51:56.256, 301.99, 100, 74232, 73
2026/07/29 02:51:57.292, 301.74, 100, 74232, 73
2026/07/29 02:51:58.328, 301.84, 100, 74232, 73
2026/07/29 02:51:59.365, 303.59, 100, 74232, 73
2026/07/29 02:52:00.401, 302.22, 100, 74232, 73
2026/07/29 02:52:01.439, 302.83, 100, 74232, 73
2026/07/29 02:52:02.475, 302.62, 100, 74232, 73
2026/07/29 02:52:03.514, 302.42, 100, 74232, 73
2026/07/29 02:52:04.550, 301.84, 100, 74232, 73
2026/07/29 02:52:05.587, 297.46, 100, 74232, 73
2026/07/29 02:52:06.624, 294.24, 100, 74232, 73
2026/07/29 02:52:07.662, 294.42, 100, 74232, 72
2026/07/29 02:52:08.699, 294.54, 100, 74232, 73
2026/07/29 02:52:09.736, 295.32, 100, 74232, 73
2026/07/29 02:52:10.774, 302.91, 100, 74232, 73
2026/07/29 02:52:11.811, 299.01, 100, 74232, 73
2026/07/29 02:52:12.849, 303.29, 100, 74232, 73
2026/07/29 02:52:13.887, 302.13, 100, 74232, 73
2026/07/29 02:52:14.923, 301.63, 100, 74232, 73
2026/07/29 02:52:15.960, 302.60, 100, 74232, 73
2026/07/29 02:52:16.998, 304.91, 100, 74232, 73
2026/07/29 02:52:18.034, 302.81, 100, 74232, 73
2026/07/29 02:52:19.072, 304.37, 100, 74232, 73
2026/07/29 02:52:20.108, 302.14, 100, 74232, 73
2026/07/29 02:52:21.145, 303.19, 100, 74232, 73
2026/07/29 02:52:22.182, 302.81, 100, 74232, 73
2026/07/29 02:52:23.219, 303.02, 100, 74232, 73
2026/07/29 02:52:24.257, 303.00, 100, 74232, 73
2026/07/29 02:52:25.294, 304.62, 100, 74232, 73
2026/07/29 02:52:26.331, 302.52, 100, 74232, 73
2026/07/29 02:52:27.368, 295.22, 100, 74232, 73
2026/07/29 02:52:28.408, 294.35, 100, 74232, 73
2026/07/29 02:52:29.446, 295.11, 100, 74232, 73
2026/07/29 02:52:30.483, 295.42, 100, 74232, 72
2026/07/29 02:52:31.524, 294.35, 100, 74232, 72
2026/07/29 02:52:32.561, 293.85, 100, 74232, 72
2026/07/29 02:52:33.597, 295.23, 100, 74232, 72
2026/07/29 02:52:34.635, 294.33, 100, 74232, 72
2026/07/29 02:52:35.673, 296.19, 100, 74232, 72
2026/07/29 02:52:36.709, 295.90, 100, 74232, 72
2026/07/29 02:52:37.747, 291.42, 100, 74232, 72
2026/07/29 02:52:38.783, 294.53, 100, 74232, 72
2026/07/29 02:52:39.821, 294.24, 100, 74232, 72
2026/07/29 02:52:40.859, 305.71, 100, 74232, 73
2026/07/29 02:52:41.895, 298.89, 100, 74232, 72
2026/07/29 02:52:42.933, 302.62, 100, 74232, 73
2026/07/29 02:52:43.971, 304.53, 100, 74232, 72
2026/07/29 02:52:45.007, 301.99, 100, 74232, 73
2026/07/29 02:52:46.044, 302.56, 100, 74232, 72
2026/07/29 02:52:47.081, 301.84, 100, 74232, 72
2026/07/29 02:52:48.118, 302.05, 100, 74232, 72
2026/07/29 02:52:49.155, 302.33, 100, 74232, 72
2026/07/29 02:52:50.192, 302.24, 100, 74232, 72
2026/07/29 02:52:51.229, 296.18, 100, 74232, 72
2026/07/29 02:52:52.266, 296.39, 100, 74232, 72
2026/07/29 02:52:53.305, 294.32, 100, 74232, 72
2026/07/29 02:52:54.342, 295.91, 100, 74232, 72
2026/07/29 02:52:55.380, 295.00, 100, 74232, 72
2026/07/29 02:52:56.416, 289.94, 100, 74232, 72
2026/07/29 02:52:57.454, 294.61, 100, 74232, 72
2026/07/29 02:52:58.490, 295.49, 100, 74232, 72
2026/07/29 02:52:59.527, 294.54, 100, 74232, 72
2026/07/29 02:53:00.564, 297.23, 100, 74232, 72
2026/07/29 02:53:01.601, 294.32, 100, 74232, 72
2026/07/29 02:53:02.639, 299.51, 100, 74232, 72
2026/07/29 02:53:03.675, 301.84, 100, 74232, 72
2026/07/29 02:53:04.712, 302.15, 100, 74232, 72
2026/07/29 02:53:05.749, 302.32, 100, 74232, 72
2026/07/29 02:53:06.786, 303.17, 100, 74232, 72
2026/07/29 02:53:07.823, 302.41, 100, 74232, 72
2026/07/29 02:53:08.861, 303.65, 100, 74232, 72
2026/07/29 02:53:09.897, 301.05, 100, 74232, 72
2026/07/29 02:53:10.934, 302.23, 100, 74232, 72
2026/07/29 02:53:11.972, 302.86, 100, 74232, 72
2026/07/29 02:53:13.009, 302.80, 100, 74232, 72
2026/07/29 02:53:14.046, 297.05, 100, 74232, 72
2026/07/29 02:53:15.083, 294.03, 100, 74232, 72
2026/07/29 02:53:16.122, 291.89, 100, 74232, 72
2026/07/29 02:53:17.158, 294.92, 100, 74232, 72
2026/07/29 02:53:18.196, 295.80, 100, 74232, 72
2026/07/29 02:53:19.233, 294.52, 100, 74232, 72
2026/07/29 02:53:20.270, 294.44, 100, 74232, 72
2026/07/29 02:53:21.308, 302.72, 100, 74232, 72
2026/07/29 02:53:22.346, 302.19, 100, 74232, 72
2026/07/29 02:53:23.385, 301.73, 100, 74232, 72
2026/07/29 02:53:24.422, 302.22, 100, 74232, 72
2026/07/29 02:53:25.458, 301.16, 100, 74232, 72
2026/07/29 02:53:26.495, 301.73, 100, 74232, 72
2026/07/29 02:53:27.532, 302.04, 100, 74232, 72
2026/07/29 02:53:28.569, 302.13, 100, 74232, 72
2026/07/29 02:53:29.606, 302.49, 100, 74232, 72
2026/07/29 02:53:30.646, 300.44, 100, 74232, 72
2026/07/29 02:53:31.682, 302.52, 100, 74232, 72
2026/07/29 02:53:32.720, 302.82, 100, 74232, 72
2026/07/29 02:53:33.757, 294.82, 100, 74232, 72
2026/07/29 02:53:34.794, 296.10, 100, 74232, 72
2026/07/29 02:53:35.833, 291.21, 100, 74232, 72
2026/07/29 02:53:36.870, 300.28, 100, 74232, 72
2026/07/29 02:53:37.908, 298.06, 100, 74232, 72
2026/07/29 02:53:38.945, 297.55, 100, 74232, 72
2026/07/29 02:53:39.982, 296.57, 100, 74232, 72
2026/07/29 02:53:41.019, 297.94, 100, 74232, 72
2026/07/29 02:53:42.056, 302.32, 100, 74232, 72
2026/07/29 02:53:43.097, 301.14, 100, 74232, 72
2026/07/29 02:53:44.133, 302.04, 100, 74232, 72
2026/07/29 02:53:45.170, 302.03, 100, 74232, 72
2026/07/29 02:53:46.209, 301.65, 100, 74232, 72
2026/07/29 02:53:47.245, 294.92, 100, 74232, 72
2026/07/29 02:53:48.283, 297.34, 100, 74232, 72
2026/07/29 02:53:49.320, 294.92, 100, 74232, 72
2026/07/29 02:53:50.358, 294.63, 100, 74232, 72
2026/07/29 02:53:51.395, 295.11, 100, 74232, 72
2026/07/29 02:53:52.433, 301.25, 100, 74232, 73
2026/07/29 02:53:53.469, 302.12, 100, 74232, 73
2026/07/29 02:53:54.507, 302.53, 100, 74232, 73
2026/07/29 02:53:55.544, 302.41, 100, 74232, 73
2026/07/29 02:53:56.582, 302.72, 100, 74232, 73
2026/07/29 02:53:57.619, 304.43, 100, 74232, 73
2026/07/29 02:53:58.655, 302.20, 100, 74232, 73
2026/07/29 02:53:59.692, 302.32, 100, 74232, 73
2026/07/29 02:54:00.728, 302.00, 100, 74232, 73
2026/07/29 02:54:01.765, 295.99, 100, 74232, 73
2026/07/29 02:54:02.802, 302.81, 100, 74232, 73
2026/07/29 02:54:03.840, 295.00, 100, 74232, 73
2026/07/29 02:54:04.876, 294.83, 100, 74232, 73
2026/07/29 02:54:05.913, 291.30, 100, 74232, 73
2026/07/29 02:54:06.950, 291.41, 100, 74232, 73
2026/07/29 02:54:07.988, 295.61, 100, 74232, 73
2026/07/29 02:54:09.026, 300.47, 100, 74232, 73
2026/07/29 02:54:10.064, 302.81, 100, 74232, 73
2026/07/29 02:54:11.101, 294.54, 100, 74232, 73
2026/07/29 02:54:12.143, 296.56, 100, 74232, 73
2026/07/29 02:54:13.181, 301.74, 100, 74232, 73
2026/07/29 02:54:14.218, 302.63, 100, 74232, 73
2026/07/29 02:54:15.256, 302.67, 100, 74232, 73
2026/07/29 02:54:16.293, 302.23, 100, 74232, 73
2026/07/29 02:54:17.329, 304.18, 100, 74232, 73
2026/07/29 02:54:18.366, 302.60, 100, 74232, 73
2026/07/29 02:54:19.403, 304.64, 100, 74232, 73
2026/07/29 02:54:20.442, 304.26, 100, 74232, 73
2026/07/29 02:54:21.479, 302.81, 100, 74232, 73
2026/07/29 02:54:22.516, 302.54, 100, 74232, 73
2026/07/29 02:54:23.553, 302.90, 100, 74232, 73
2026/07/29 02:54:24.589, 297.45, 100, 74232, 73
2026/07/29 02:54:25.627, 292.18, 100, 74232, 72
2026/07/29 02:54:26.663, 294.83, 100, 74232, 72
2026/07/29 02:54:27.704, 292.39, 100, 74232, 72
2026/07/29 02:54:28.741, 295.13, 100, 74232, 72
2026/07/29 02:54:29.777, 294.35, 100, 74232, 72
2026/07/29 02:54:30.815, 295.72, 100, 74232, 73
2026/07/29 02:54:31.853, 302.90, 100, 74232, 73
2026/07/29 02:54:32.895, 291.11, 100, 74232, 72
2026/07/29 02:54:33.933, 290.64, 100, 74232, 72
2026/07/29 02:54:34.970, 295.13, 100, 74232, 72
2026/07/29 02:54:36.011, 296.96, 100, 74232, 72
2026/07/29 02:54:37.049, 295.40, 100, 74232, 72
2026/07/29 02:54:38.085, 294.14, 100, 74232, 72
2026/07/29 02:54:39.122, 297.85, 100, 74232, 73
2026/07/29 02:54:40.158, 302.33, 100, 74232, 73
2026/07/29 02:54:41.196, 303.58, 100, 74232, 73
2026/07/29 02:54:42.232, 298.52, 100, 74232, 73
2026/07/29 02:54:43.270, 302.42, 100, 74232, 73
2026/07/29 02:54:44.306, 302.41, 100, 74232, 73
2026/07/29 02:54:45.344, 303.80, 100, 74232, 73
2026/07/29 02:54:46.381, 300.89, 100, 74232, 73
2026/07/29 02:54:47.418, 302.13, 100, 74232, 72
2026/07/29 02:54:48.455, 300.47, 100, 74232, 72
2026/07/29 02:54:49.491, 295.12, 100, 74232, 72
2026/07/29 02:54:50.528, 295.13, 100, 74232, 72
2026/07/29 02:54:51.564, 291.51, 100, 74232, 72
2026/07/29 02:54:52.601, 296.87, 100, 74232, 72
2026/07/29 02:54:53.638, 305.91, 100, 74232, 72
2026/07/29 02:54:54.674, 300.64, 100, 74232, 72
2026/07/29 02:54:55.717, 301.99, 100, 74232, 72
2026/07/29 02:54:56.756, 294.45, 100, 74232, 72
2026/07/29 02:54:57.792, 294.34, 100, 74232, 72
2026/07/29 02:54:58.829, 293.93, 100, 74232, 72
2026/07/29 02:54:59.868, 300.96, 100, 74232, 72
2026/07/29 02:55:00.904, 302.11, 100, 74232, 72
2026/07/29 02:55:01.942, 302.79, 100, 74232, 72
2026/07/29 02:55:02.980, 296.95, 100, 74232, 72
2026/07/29 02:55:04.018, 301.53, 100, 74232, 72
2026/07/29 02:55:05.055, 296.86, 100, 74232, 72
2026/07/29 02:55:06.093, 294.44, 100, 74232, 72
2026/07/29 02:55:07.130, 294.44, 100, 74232, 72
2026/07/29 02:55:08.170, 294.44, 100, 74232, 72
2026/07/29 02:55:09.207, 301.54, 100, 74232, 72
2026/07/29 02:55:10.245, 302.03, 100, 74232, 72
2026/07/29 02:55:11.283, 299.98, 100, 74232, 72
2026/07/29 02:55:12.320, 295.29, 100, 74232, 72
2026/07/29 02:55:13.358, 302.62, 100, 74232, 72
2026/07/29 02:55:14.394, 302.03, 100, 74232, 72
2026/07/29 02:55:15.433, 302.60, 100, 74232, 72
2026/07/29 02:55:16.471, 302.80, 100, 74232, 72
2026/07/29 02:55:17.508, 304.09, 100, 74232, 72
2026/07/29 02:55:18.545, 401.83, 0, 74232, 73
2026/07/29 02:55:19.580, 299.41, 100, 74232, 74
2026/07/29 02:55:20.614, 295.47, 100, 74232, 74
2026/07/29 02:55:21.649, 311.16, 100, 74232, 74
2026/07/29 02:55:22.685, 297.08, 100, 74232, 74
2026/07/29 02:55:23.719, 321.47, 100, 74232, 74
2026/07/29 02:55:24.753, 318.41, 100, 74232, 74
2026/07/29 02:55:25.788, 300.95, 100, 74232, 72
2026/07/29 02:55:26.825, 301.64, 100, 74232, 72
2026/07/29 02:55:27.864, 293.65, 100, 74232, 72
2026/07/29 02:55:28.900, 289.84, 100, 74232, 72
2026/07/29 02:55:29.937, 294.15, 100, 74232, 72
2026/07/29 02:55:30.973, 294.71, 100, 74232, 72
2026/07/29 02:55:32.011, 294.33, 100, 74232, 73
2026/07/29 02:55:33.048, 294.83, 100, 74232, 73
2026/07/29 02:55:34.085, 298.42, 100, 74232, 73
2026/07/29 02:55:35.122, 301.89, 100, 74232, 73
2026/07/29 02:55:36.162, 305.43, 100, 74232, 73
2026/07/29 02:55:37.202, 302.68, 100, 74232, 73
2026/07/29 02:55:38.239, 303.46, 100, 74232, 73
2026/07/29 02:55:39.277, 303.19, 100, 74232, 73
2026/07/29 02:55:40.314, 298.99, 100, 74232, 73
2026/07/29 02:55:41.351, 302.92, 100, 74232, 73
2026/07/29 02:55:42.388, 297.15, 100, 74232, 73
2026/07/29 02:55:43.426, 295.42, 100, 74232, 73
2026/07/29 02:55:44.464, 296.02, 100, 74232, 73
2026/07/29 02:55:45.501, 295.10, 100, 74232, 73
2026/07/29 02:55:46.540, 293.75, 100, 74232, 73
2026/07/29 02:55:47.578, 291.51, 100, 74232, 73
2026/07/29 02:55:48.615, 295.51, 100, 74232, 73
2026/07/29 02:55:49.652, 295.71, 100, 74232, 73
2026/07/29 02:55:50.690, 301.85, 100, 74232, 73
2026/07/29 02:55:51.726, 301.76, 100, 74232, 73
2026/07/29 02:55:52.773, 303.38, 100, 74232, 73
2026/07/29 02:55:53.810, 302.97, 100, 74232, 73
2026/07/29 02:55:54.848, 302.91, 100, 74232, 73
2026/07/29 02:55:55.887, 303.81, 100, 74232, 73
2026/07/29 02:55:56.925, 302.04, 100, 74232, 73
2026/07/29 02:55:57.962, 303.49, 100, 74232, 73
2026/07/29 02:55:58.999, 302.33, 100, 74232, 73
2026/07/29 02:56:00.036, 302.71, 100, 74232, 73
2026/07/29 02:56:01.072, 302.90, 100, 74232, 73
2026/07/29 02:56:02.109, 302.89, 100, 74232, 73
2026/07/29 02:56:03.145, 303.28, 100, 74232, 73
2026/07/29 02:56:04.182, 302.99, 100, 74232, 73
2026/07/29 02:56:05.219, 302.81, 100, 74232, 73
2026/07/29 02:56:06.256, 304.86, 100, 74232, 73
2026/07/29 02:56:07.292, 302.81, 100, 74232, 73
2026/07/29 02:56:08.329, 301.74, 100, 74232, 73
2026/07/29 02:56:09.366, 302.82, 100, 74232, 73
2026/07/29 02:56:10.405, 303.99, 100, 74232, 73
2026/07/29 02:56:11.441, 301.35, 100, 74232, 73
2026/07/29 02:56:12.481, 302.32, 100, 74232, 73
2026/07/29 02:56:13.518, 291.22, 100, 74232, 73
2026/07/29 02:56:14.555, 294.62, 100, 74232, 73
2026/07/29 02:56:15.593, 294.90, 100, 74232, 73
2026/07/29 02:56:16.629, 291.12, 100, 74232, 73
2026/07/29 02:56:17.668, 300.97, 100, 74232, 73
2026/07/29 02:56:18.705, 294.83, 100, 74232, 73
2026/07/29 02:56:19.744, 300.54, 100, 74232, 73
2026/07/29 02:56:20.781, 301.93, 100, 74232, 73
2026/07/29 02:56:21.817, 301.62, 100, 74232, 73
2026/07/29 02:56:22.855, 302.33, 100, 74232, 73
2026/07/29 02:56:23.891, 296.96, 100, 74232, 73
2026/07/29 02:56:24.928, 295.11, 100, 74232, 73
2026/07/29 02:56:25.964, 295.11, 100, 74232, 72
2026/07/29 02:56:27.002, 292.97, 100, 74232, 72
2026/07/29 02:56:28.038, 294.92, 100, 74232, 72
2026/07/29 02:56:29.075, 297.83, 100, 74232, 73
2026/07/29 02:56:30.112, 298.32, 100, 74232, 72
2026/07/29 02:56:31.150, 294.92, 100, 74232, 72
2026/07/29 02:56:32.188, 294.43, 100, 74232, 72
2026/07/29 02:56:33.226, 294.71, 100, 74232, 72
2026/07/29 02:56:34.263, 295.60, 100, 74232, 72
2026/07/29 02:56:35.301, 294.04, 100, 74232, 72
2026/07/29 02:56:36.338, 295.12, 100, 74232, 72
2026/07/29 02:56:37.375, 302.11, 100, 74232, 72
2026/07/29 02:56:38.414, 302.99, 100, 74232, 72
2026/07/29 02:56:39.454, 299.12, 100, 74232, 72
2026/07/29 02:56:40.494, 293.08, 100, 74232, 72
2026/07/29 02:56:41.530, 290.83, 100, 74232, 72
2026/07/29 02:56:42.569, 292.18, 100, 74232, 72
2026/07/29 02:56:43.609, 294.45, 100, 74232, 72
2026/07/29 02:56:44.646, 294.52, 100, 74232, 73
2026/07/29 02:56:45.686, 298.51, 100, 74232, 73
2026/07/29 02:56:46.722, 301.74, 100, 74232, 73
2026/07/29 02:56:47.759, 301.73, 100, 74232, 73
2026/07/29 02:56:48.796, 301.66, 100, 74232, 73
2026/07/29 02:56:49.833, 302.32, 100, 74232, 73
2026/07/29 02:56:50.871, 302.72, 100, 74232, 73
2026/07/29 02:56:51.907, 302.23, 100, 74232, 73
2026/07/29 02:56:52.946, 303.28, 100, 74232, 73
2026/07/29 02:56:53.984, 298.92, 100, 74232, 73
2026/07/29 02:56:55.021, 303.46, 100, 74232, 73
2026/07/29 02:56:56.058, 303.60, 100, 74232, 73
2026/07/29 02:56:57.095, 302.81, 100, 74232, 73
2026/07/29 02:56:58.132, 304.09, 100, 74232, 73
2026/07/29 02:56:59.168, 302.81, 100, 74232, 73
2026/07/29 02:57:00.205, 301.82, 100, 74232, 73
2026/07/29 02:57:01.244, 296.87, 100, 74232, 73
2026/07/29 02:57:02.281, 302.04, 100, 74232, 73
2026/07/29 02:57:03.320, 302.63, 100, 74232, 73
2026/07/29 02:57:04.358, 302.61, 100, 74232, 73
2026/07/29 02:57:05.402, 303.29, 100, 74232, 73
2026/07/29 02:57:06.438, 303.12, 100, 74232, 73
2026/07/29 02:57:07.474, 295.80, 100, 74232, 73
2026/07/29 02:57:08.511, 295.12, 100, 74232, 73
2026/07/29 02:57:09.553, 295.13, 100, 74232, 73
2026/07/29 02:57:10.591, 303.01, 100, 74232, 73
2026/07/29 02:57:11.627, 302.72, 100, 74232, 73
2026/07/29 02:57:12.665, 303.20, 100, 74232, 73
2026/07/29 02:57:13.702, 302.62, 100, 74232, 73
2026/07/29 02:57:14.739, 295.31, 100, 74232, 73
2026/07/29 02:57:15.777, 295.69, 100, 74232, 73
2026/07/29 02:57:16.815, 295.02, 100, 74232, 73
2026/07/29 02:57:17.854, 295.40, 100, 74232, 73
2026/07/29 02:57:18.891, 298.72, 100, 74232, 73
2026/07/29 02:57:19.929, 295.81, 100, 74232, 73
2026/07/29 02:57:20.965, 295.23, 100, 74232, 73
2026/07/29 02:57:22.007, 295.90, 100, 74232, 73
2026/07/29 02:57:23.045, 299.48, 100, 74232, 73
2026/07/29 02:57:24.081, 292.88, 100, 74232, 73
2026/07/29 02:57:25.118, 299.90, 100, 74232, 73
2026/07/29 02:57:26.154, 298.04, 100, 74232, 73
2026/07/29 02:57:27.191, 291.62, 100, 74232, 73
2026/07/29 02:57:28.229, 292.66, 100, 74232, 73
2026/07/29 02:57:29.266, 295.92, 100, 74232, 73
2026/07/29 02:57:30.303, 295.11, 100, 74232, 73
2026/07/29 02:57:31.340, 295.82, 100, 74232, 73
2026/07/29 02:57:32.377, 295.42, 100, 74232, 73
2026/07/29 02:57:33.415, 302.53, 100, 74232, 73
2026/07/29 02:57:34.452, 303.12, 100, 74232, 73
2026/07/29 02:57:35.488, 304.67, 100, 74232, 73
2026/07/29 02:57:36.525, 303.70, 100, 74232, 73
2026/07/29 02:57:37.562, 302.81, 100, 74232, 73
2026/07/29 02:57:38.599, 303.40, 100, 74232, 73
2026/07/29 02:57:39.635, 305.44, 100, 74232, 73
2026/07/29 02:57:40.673, 302.61, 100, 74232, 73
2026/07/29 02:57:41.711, 297.17, 100, 74232, 73
2026/07/29 02:57:42.749, 295.42, 100, 74232, 73
2026/07/29 02:57:43.786, 295.31, 100, 74232, 73
2026/07/29 02:57:44.823, 295.42, 100, 74232, 73
2026/07/29 02:57:45.861, 292.19, 100, 74232, 73
2026/07/29 02:57:46.899, 297.54, 100, 74232, 73
2026/07/29 02:57:47.941, 295.51, 100, 74232, 73
2026/07/29 02:57:48.978, 296.21, 100, 74232, 73
2026/07/29 02:57:50.015, 295.42, 100, 74232, 73
2026/07/29 02:57:51.053, 304.83, 100, 74232, 73
2026/07/29 02:57:52.089, 300.19, 100, 74232, 73
2026/07/29 02:57:53.127, 302.22, 100, 74232, 73
2026/07/29 02:57:54.163, 303.19, 100, 74232, 73
2026/07/29 02:57:55.200, 304.37, 100, 74232, 73
2026/07/29 02:57:56.238, 296.18, 100, 74232, 73
2026/07/29 02:57:57.276, 298.05, 100, 74232, 73
2026/07/29 02:57:58.312, 296.38, 100, 74232, 73
2026/07/29 02:57:59.350, 303.55, 100, 74232, 73
2026/07/29 02:58:00.387, 296.08, 100, 74232, 73
2026/07/29 02:58:01.427, 297.94, 100, 74232, 73
2026/07/29 02:58:02.464, 292.98, 100, 74232, 73
2026/07/29 02:58:03.502, 297.46, 100, 74232, 73
2026/07/29 02:58:04.538, 295.79, 100, 74232, 73
2026/07/29 02:58:05.577, 295.50, 100, 74232, 73
2026/07/29 02:58:06.614, 303.30, 100, 74232, 73
2026/07/29 02:58:07.651, 299.89, 100, 74232, 73
2026/07/29 02:58:08.688, 301.93, 100, 74232, 73
2026/07/29 02:58:09.724, 302.73, 100, 74232, 73
2026/07/29 02:58:10.761, 302.88, 100, 74232, 73
2026/07/29 02:58:11.798, 303.12, 100, 74232, 73
2026/07/29 02:58:12.839, 303.22, 100, 74232, 73
2026/07/29 02:58:13.877, 295.68, 100, 74232, 73
2026/07/29 02:58:14.915, 295.61, 100, 74232, 73
2026/07/29 02:58:15.953, 295.23, 100, 74232, 73
2026/07/29 02:58:16.990, 295.31, 100, 74232, 73
2026/07/29 02:58:18.029, 296.28, 100, 74232, 73
2026/07/29 02:58:19.068, 295.40, 100, 74232, 73
2026/07/29 02:58:20.106, 295.61, 100, 74232, 73
2026/07/29 02:58:21.144, 294.91, 100, 74232, 73
2026/07/29 02:58:22.181, 295.31, 100, 74232, 73
2026/07/29 02:58:23.218, 296.10, 100, 74232, 73
2026/07/29 02:58:24.255, 295.02, 100, 74232, 73
2026/07/29 02:58:25.291, 296.27, 100, 74232, 73
2026/07/29 02:58:26.328, 296.76, 100, 74232, 73
2026/07/29 02:58:27.371, 305.53, 100, 74232, 73
2026/07/29 02:58:28.409, 302.59, 100, 74232, 73
2026/07/29 02:58:29.445, 302.93, 100, 74232, 73
2026/07/29 02:58:30.485, 299.31, 100, 74232, 73
2026/07/29 02:58:31.522, 299.50, 100, 74232, 73
2026/07/29 02:58:32.558, 302.41, 100, 74232, 73
2026/07/29 02:58:33.595, 297.07, 100, 74232, 73
2026/07/29 02:58:34.636, 295.89, 100, 74232, 73
2026/07/29 02:58:35.674, 302.81, 100, 74232, 73
2026/07/29 02:58:36.712, 295.33, 100, 74232, 73
2026/07/29 02:58:37.750, 303.10, 100, 74232, 73
2026/07/29 02:58:38.788, 302.53, 100, 74232, 73
2026/07/29 02:58:39.826, 291.61, 100, 74232, 73
2026/07/29 02:58:40.864, 296.21, 100, 74232, 73
2026/07/29 02:58:41.902, 295.31, 100, 74232, 73
2026/07/29 02:58:42.938, 295.03, 100, 74232, 73
2026/07/29 02:58:43.979, 295.69, 100, 74232, 73
2026/07/29 02:58:45.016, 294.92, 100, 74232, 73
2026/07/29 02:58:46.053, 302.68, 100, 74232, 73
2026/07/29 02:58:47.093, 295.01, 100, 74232, 73
2026/07/29 02:58:48.130, 295.70, 100, 74232, 73
2026/07/29 02:58:49.167, 290.81, 100, 74232, 72
2026/07/29 02:58:50.205, 294.63, 100, 74232, 73
2026/07/29 02:58:51.242, 294.64, 100, 74232, 73
2026/07/29 02:58:52.279, 295.10, 100, 74232, 73
2026/07/29 02:58:53.316, 299.98, 100, 74232, 73
2026/07/29 02:58:54.354, 302.42, 100, 74232, 73
2026/07/29 02:58:55.391, 305.93, 100, 74232, 73
2026/07/29 02:58:56.429, 303.29, 100, 74232, 73
2026/07/29 02:58:57.465, 302.62, 100, 74232, 73
2026/07/29 02:58:58.504, 302.03, 100, 74232, 73
2026/07/29 02:58:59.541, 302.40, 100, 74232, 73
2026/07/29 02:59:00.577, 303.69, 100, 74232, 73
2026/07/29 02:59:01.613, 301.94, 100, 74232, 73
2026/07/29 02:59:02.650, 302.41, 100, 74232, 73
2026/07/29 02:59:03.688, 302.72, 100, 74232, 73
2026/07/29 02:59:04.725, 302.62, 100, 74232, 73
2026/07/29 02:59:05.762, 301.26, 100, 74232, 73
2026/07/29 02:59:06.801, 302.98, 100, 74232, 73
2026/07/29 02:59:07.838, 302.61, 100, 74232, 73
2026/07/29 02:59:08.877, 302.48, 100, 74232, 73
2026/07/29 02:59:09.914, 302.22, 100, 74232, 73
2026/07/29 02:59:10.952, 303.00, 100, 74232, 73
2026/07/29 02:59:11.990, 295.03, 100, 74232, 72
2026/07/29 02:59:13.030, 294.81, 100, 74232, 72
2026/07/29 02:59:14.068, 295.10, 100, 74232, 72
2026/07/29 02:59:15.109, 302.72, 100, 74232, 72
2026/07/29 02:59:16.147, 291.61, 100, 74232, 72
2026/07/29 02:59:17.186, 297.83, 100, 74232, 72
2026/07/29 02:59:18.223, 291.99, 100, 74232, 72
2026/07/29 02:59:19.260, 296.30, 100, 74232, 72
2026/07/29 02:59:20.296, 294.43, 100, 74232, 72
2026/07/29 02:59:21.333, 295.02, 100, 74232, 72
2026/07/29 02:59:22.373, 300.80, 100, 74232, 72
2026/07/29 02:59:23.409, 294.92, 100, 74232, 72
2026/07/29 02:59:24.446, 294.04, 100, 74232, 72
2026/07/29 02:59:25.484, 301.64, 100, 74232, 72
2026/07/29 02:59:26.522, 295.32, 100, 74232, 72
2026/07/29 02:59:27.562, 292.27, 100, 74232, 72
2026/07/29 02:59:28.602, 295.09, 100, 74232, 72
2026/07/29 02:59:29.638, 296.48, 100, 74232, 72
2026/07/29 02:59:30.675, 295.21, 100, 74232, 72
2026/07/29 02:59:31.711, 297.04, 100, 74232, 72
2026/07/29 02:59:32.748, 303.27, 100, 74232, 72
2026/07/29 02:59:33.785, 298.33, 100, 74232, 72
2026/07/29 02:59:34.822, 299.32, 100, 74232, 72
2026/07/29 02:59:35.859, 298.83, 100, 74232, 72
2026/07/29 02:59:36.898, 302.72, 100, 74232, 72
2026/07/29 02:59:37.935, 303.06, 100, 74232, 73
2026/07/29 02:59:38.972, 302.67, 100, 74232, 73
2026/07/29 02:59:40.009, 302.12, 100, 74232, 73
2026/07/29 02:59:41.045, 302.32, 100, 74232, 73
2026/07/29 02:59:42.083, 303.00, 100, 74232, 73
2026/07/29 02:59:43.120, 303.29, 100, 74232, 73
2026/07/29 02:59:44.159, 295.23, 100, 74232, 73
2026/07/29 02:59:45.195, 296.29, 100, 74232, 73
2026/07/29 02:59:46.232, 294.83, 100, 74232, 73
2026/07/29 02:59:47.269, 298.52, 100, 74232, 73
2026/07/29 02:59:48.305, 295.40, 100, 74232, 73
2026/07/29 02:59:49.342, 295.03, 100, 74232, 73
2026/07/29 02:59:50.380, 296.16, 100, 74232, 73
2026/07/29 02:59:51.418, 298.32, 100, 74232, 73
2026/07/29 02:59:52.455, 303.30, 100, 74232, 73
2026/07/29 02:59:53.493, 303.30, 100, 74232, 73
2026/07/29 02:59:54.530, 299.21, 100, 74232, 73
2026/07/29 02:59:55.567, 300.29, 100, 74232, 73
2026/07/29 02:59:56.605, 298.82, 100, 74232, 73
2026/07/29 02:59:57.644, 303.58, 100, 74232, 73
2026/07/29 02:59:58.682, 296.70, 100, 74232, 73
2026/07/29 02:59:59.719, 292.00, 100, 74232, 73
2026/07/29 03:00:00.758, 295.12, 100, 74232, 73
2026/07/29 03:00:01.794, 300.09, 100, 74232, 73
2026/07/29 03:00:02.832, 302.33, 100, 74232, 73
2026/07/29 03:00:03.869, 296.19, 100, 74232, 73
2026/07/29 03:00:04.910, 295.60, 100, 74232, 73
2026/07/29 03:00:05.950, 297.38, 100, 74232, 73
2026/07/29 03:00:06.986, 300.27, 100, 74232, 73
2026/07/29 03:00:08.023, 304.37, 100, 74232, 73
2026/07/29 03:00:09.061, 305.43, 100, 74232, 73
2026/07/29 03:00:10.099, 303.59, 100, 74232, 73
2026/07/29 03:00:11.136, 305.86, 100, 74232, 73
2026/07/29 03:00:12.174, 295.60, 100, 74232, 73
2026/07/29 03:00:13.211, 295.48, 100, 74232, 73
2026/07/29 03:00:14.249, 297.85, 100, 74232, 73
2026/07/29 03:00:15.286, 296.38, 100, 74232, 73
2026/07/29 03:00:16.324, 295.81, 100, 74232, 73
2026/07/29 03:00:17.362, 297.05, 100, 74232, 73
2026/07/29 03:00:18.399, 303.49, 100, 74232, 73
2026/07/29 03:00:19.438, 305.68, 44, 74232, 73
2026/07/29 03:00:20.473, 299.56, 100, 74232, 74
2026/07/29 03:00:21.508, 299.20, 100, 74232, 74
2026/07/29 03:00:22.549, 293.06, 100, 74232, 74
2026/07/29 03:00:23.584, 297.49, 100, 74232, 74
2026/07/29 03:00:24.618, 306.66, 100, 74232, 74
2026/07/29 03:00:25.655, 311.32, 100, 74232, 74
2026/07/29 03:00:26.690, 301.36, 100, 74232, 72
2026/07/29 03:00:27.728, 302.63, 100, 74232, 72
2026/07/29 03:00:28.766, 302.32, 100, 74232, 73
2026/07/29 03:00:29.803, 299.21, 100, 74232, 73
2026/07/29 03:00:30.840, 302.20, 100, 74232, 73
2026/07/29 03:00:31.883, 300.38, 100, 74232, 73
2026/07/29 03:00:32.920, 295.72, 100, 74232, 73
2026/07/29 03:00:33.958, 294.81, 100, 74232, 73
2026/07/29 03:00:34.995, 300.67, 100, 74232, 73
2026/07/29 03:00:36.031, 300.36, 100, 74232, 73
2026/07/29 03:00:37.069, 302.41, 100, 74232, 73
2026/07/29 03:00:38.106, 301.72, 100, 74232, 73
2026/07/29 03:00:39.142, 301.06, 100, 74232, 73
2026/07/29 03:00:40.179, 304.17, 100, 74232, 73
2026/07/29 03:00:41.216, 303.85, 100, 74232, 73
2026/07/29 03:00:42.253, 302.03, 100, 74232, 73
2026/07/29 03:00:43.290, 301.73, 100, 74232, 73
2026/07/29 03:00:44.327, 302.61, 100, 74232, 73
2026/07/29 03:00:45.364, 302.13, 100, 74232, 73
2026/07/29 03:00:46.401, 295.88, 100, 74232, 73
2026/07/29 03:00:47.438, 291.60, 100, 74232, 73
2026/07/29 03:00:48.476, 294.82, 100, 74232, 73
2026/07/29 03:00:49.513, 297.25, 100, 74232, 73
2026/07/29 03:00:50.554, 296.17, 100, 74232, 73
2026/07/29 03:00:51.592, 298.80, 100, 74232, 73
2026/07/29 03:00:52.629, 295.22, 100, 74232, 73
2026/07/29 03:00:53.666, 302.93, 100, 74232, 73
2026/07/29 03:00:54.703, 302.80, 100, 74232, 73
2026/07/29 03:00:55.741, 303.10, 100, 74232, 73
2026/07/29 03:00:56.777, 303.00, 100, 74232, 73
2026/07/29 03:00:57.816, 302.79, 100, 74232, 73
2026/07/29 03:00:58.853, 302.52, 100, 74232, 73
2026/07/29 03:00:59.891, 302.51, 100, 74232, 73
2026/07/29 03:01:00.929, 303.29, 100, 74232, 73
2026/07/29 03:01:01.966, 303.79, 100, 74232, 73
2026/07/29 03:01:03.005, 303.86, 100, 74232, 73
2026/07/29 03:01:04.043, 303.17, 100, 74232, 73
2026/07/29 03:01:05.079, 303.67, 100, 74232, 73
2026/07/29 03:01:06.116, 297.83, 100, 74232, 73
2026/07/29 03:01:07.154, 298.52, 100, 74232, 73
2026/07/29 03:01:08.190, 299.51, 100, 74232, 73
2026/07/29 03:01:09.227, 295.12, 100, 74232, 73
2026/07/29 03:01:10.266, 302.90, 100, 74232, 73
2026/07/29 03:01:11.302, 302.13, 100, 74232, 73
2026/07/29 03:01:12.346, 299.96, 100, 74232, 73
2026/07/29 03:01:13.383, 303.39, 100, 74232, 73
2026/07/29 03:01:14.421, 302.97, 100, 74232, 73
2026/07/29 03:01:15.464, 302.52, 100, 74232, 73
2026/07/29 03:01:16.501, 298.72, 100, 74232, 73
2026/07/29 03:01:17.539, 299.99, 100, 74232, 73
2026/07/29 03:01:18.579, 295.98, 100, 74232, 73
2026/07/29 03:01:19.617, 285.38, 100, 74232, 73
2026/07/29 03:01:20.655, 285.56, 100, 74232, 73
2026/07/29 03:01:21.691, 294.81, 100, 74232, 73
2026/07/29 03:01:22.728, 294.94, 100, 74232, 73
2026/07/29 03:01:23.766, 295.21, 100, 74232, 73
2026/07/29 03:01:24.803, 295.81, 100, 74232, 73
2026/07/29 03:01:25.842, 295.01, 100, 74232, 73
2026/07/29 03:01:26.879, 296.86, 100, 74232, 73
2026/07/29 03:01:27.916, 294.82, 100, 74232, 73
2026/07/29 03:01:28.953, 296.78, 100, 74232, 73
2026/07/29 03:01:29.991, 295.30, 100, 74232, 73
2026/07/29 03:01:31.029, 295.40, 100, 74232, 73
2026/07/29 03:01:32.069, 296.48, 100, 74232, 73
2026/07/29 03:01:33.107, 302.41, 100, 74232, 73
2026/07/29 03:01:34.143, 300.38, 100, 74232, 73
2026/07/29 03:01:35.181, 303.67, 100, 74232, 73
2026/07/29 03:01:36.217, 302.38, 100, 74232, 73
2026/07/29 03:01:37.255, 302.90, 100, 74232, 73
2026/07/29 03:01:38.292, 302.42, 100, 74232, 73
2026/07/29 03:01:39.328, 302.70, 100, 74232, 73
2026/07/29 03:01:40.364, 304.28, 100, 74232, 73
2026/07/29 03:01:41.401, 302.72, 100, 74232, 73
2026/07/29 03:01:42.439, 302.48, 100, 74232, 73
2026/07/29 03:01:43.475, 302.20, 100, 74232, 73
2026/07/29 03:01:44.512, 302.71, 100, 74232, 73
2026/07/29 03:01:45.549, 302.22, 100, 74232, 73
2026/07/29 03:01:46.593, 303.77, 100, 74232, 73
2026/07/29 03:01:47.631, 295.80, 100, 74232, 73
2026/07/29 03:01:48.668, 297.62, 100, 74232, 73
2026/07/29 03:01:49.707, 294.73, 100, 74232, 73
2026/07/29 03:01:50.743, 291.42, 100, 74232, 73
2026/07/29 03:01:51.780, 294.33, 100, 74232, 73
2026/07/29 03:01:52.817, 295.28, 100, 74232, 73
2026/07/29 03:01:53.854, 295.02, 100, 74232, 73
2026/07/29 03:01:54.893, 297.06, 100, 74232, 73
2026/07/29 03:01:55.929, 291.13, 100, 74232, 73
2026/07/29 03:01:56.966, 292.11, 100, 74232, 73
2026/07/29 03:01:58.004, 296.57, 100, 74232, 73
2026/07/29 03:01:59.044, 295.01, 100, 74232, 73
2026/07/29 03:02:00.082, 294.54, 100, 74232, 73
2026/07/29 03:02:01.119, 294.54, 100, 74232, 73
2026/07/29 03:02:02.156, 303.19, 100, 74232, 73
2026/07/29 03:02:03.193, 294.91, 100, 74232, 73
2026/07/29 03:02:04.230, 302.84, 100, 74232, 73
2026/07/29 03:02:05.268, 290.74, 100, 74232, 73
2026/07/29 03:02:06.305, 296.02, 100, 74232, 73
2026/07/29 03:02:07.343, 294.92, 100, 74232, 73
2026/07/29 03:02:08.383, 301.92, 100, 74232, 73
2026/07/29 03:02:09.420, 302.05, 100, 74232, 73
2026/07/29 03:02:10.459, 301.16, 100, 74232, 73
2026/07/29 03:02:11.496, 291.22, 100, 74232, 73
2026/07/29 03:02:12.533, 296.48, 100, 74232, 73
2026/07/29 03:02:13.571, 294.43, 100, 74232, 73
2026/07/29 03:02:14.608, 305.33, 100, 74232, 73
2026/07/29 03:02:15.645, 302.70, 100, 74232, 73
2026/07/29 03:02:16.683, 297.73, 100, 74232, 73
2026/07/29 03:02:17.720, 299.12, 100, 74232, 73
2026/07/29 03:02:18.758, 302.13, 100, 74232, 73
2026/07/29 03:02:19.795, 302.70, 100, 74232, 73
2026/07/29 03:02:20.835, 303.10, 100, 74232, 73
2026/07/29 03:02:21.873, 302.53, 100, 74232, 73
2026/07/29 03:02:22.911, 303.96, 100, 74232, 73
2026/07/29 03:02:23.948, 301.54, 100, 74232, 73
2026/07/29 03:02:24.985, 305.82, 100, 74232, 73
2026/07/29 03:02:26.024, 302.71, 100, 74232, 73
2026/07/29 03:02:27.061, 303.38, 100, 74232, 73
2026/07/29 03:02:28.099, 302.21, 100, 74232, 73
2026/07/29 03:02:29.137, 302.70, 100, 74232, 73
2026/07/29 03:02:30.173, 302.22, 100, 74232, 72
2026/07/29 03:02:31.211, 301.63, 100, 74232, 73
2026/07/29 03:02:32.247, 301.84, 100, 74232, 73
2026/07/29 03:02:33.285, 300.57, 100, 74232, 72
2026/07/29 03:02:34.322, 294.62, 100, 74232, 72
2026/07/29 03:02:35.359, 294.91, 100, 74232, 72
2026/07/29 03:02:36.395, 300.69, 100, 74232, 72
2026/07/29 03:02:37.433, 294.82, 100, 74232, 72
2026/07/29 03:02:38.472, 302.89, 100, 74232, 72
2026/07/29 03:02:39.509, 302.62, 100, 74232, 73
2026/07/29 03:02:40.550, 297.54, 100, 74232, 72
2026/07/29 03:02:41.586, 291.59, 100, 74232, 72
2026/07/29 03:02:42.622, 300.15, 100, 74232, 72
2026/07/29 03:02:43.659, 294.92, 100, 74232, 72
2026/07/29 03:02:44.697, 292.77, 100, 74232, 72
2026/07/29 03:02:45.733, 291.02, 100, 74232, 72
2026/07/29 03:02:46.770, 294.92, 100, 74232, 72
2026/07/29 03:02:47.808, 295.03, 100, 74232, 72
2026/07/29 03:02:48.846, 296.16, 100, 74232, 72
2026/07/29 03:02:49.883, 294.23, 100, 74232, 72
2026/07/29 03:02:50.920, 295.13, 100, 74232, 72
2026/07/29 03:02:51.961, 300.67, 100, 74232, 72
2026/07/29 03:02:52.998, 301.45, 100, 74232, 72
2026/07/29 03:02:54.035, 294.73, 100, 74232, 72
2026/07/29 03:02:55.071, 296.37, 100, 74232, 72
2026/07/29 03:02:56.109, 294.22, 100, 74232, 72
2026/07/29 03:02:57.147, 294.14, 100, 74232, 72
2026/07/29 03:02:58.184, 302.62, 100, 74232, 72
2026/07/29 03:02:59.221, 301.22, 100, 74232, 72
2026/07/29 03:03:00.260, 302.03, 100, 74232, 72
2026/07/29 03:03:01.296, 302.12, 100, 74232, 72
2026/07/29 03:03:02.333, 302.60, 100, 74232, 72
2026/07/29 03:03:03.369, 301.62, 100, 74232, 72
2026/07/29 03:03:04.409, 302.42, 100, 74232, 72
2026/07/29 03:03:05.445, 304.65, 100, 74232, 72
2026/07/29 03:03:06.483, 302.21, 100, 74232, 72
2026/07/29 03:03:07.519, 302.24, 100, 74232, 73
2026/07/29 03:03:08.556, 302.22, 100, 74232, 73
2026/07/29 03:03:09.593, 303.96, 100, 74232, 73
2026/07/29 03:03:10.632, 302.63, 100, 74232, 72
2026/07/29 03:03:11.668, 294.84, 100, 74232, 72
2026/07/29 03:03:12.705, 291.02, 100, 74232, 72
2026/07/29 03:03:13.742, 299.70, 100, 74232, 73
2026/07/29 03:03:14.779, 297.85, 100, 74232, 73
2026/07/29 03:03:15.816, 295.32, 100, 74232, 72
2026/07/29 03:03:16.853, 294.34, 100, 74232, 73
2026/07/29 03:03:17.890, 294.64, 100, 74232, 73
2026/07/29 03:03:18.927, 295.04, 100, 74232, 73
2026/07/29 03:03:19.964, 294.73, 100, 74232, 73
2026/07/29 03:03:21.001, 296.37, 100, 74232, 73
2026/07/29 03:03:22.040, 294.81, 100, 74232, 73
2026/07/29 03:03:23.076, 293.74, 100, 74232, 73
2026/07/29 03:03:24.113, 295.40, 100, 74232, 73
2026/07/29 03:03:25.151, 302.03, 100, 74232, 73
2026/07/29 03:03:26.189, 301.81, 100, 74232, 73
2026/07/29 03:03:27.226, 302.62, 100, 74232, 73
2026/07/29 03:03:28.262, 302.74, 100, 74232, 73
2026/07/29 03:03:29.299, 302.89, 100, 74232, 73
2026/07/29 03:03:30.336, 302.88, 100, 74232, 73
2026/07/29 03:03:31.374, 302.68, 100, 74232, 73
2026/07/29 03:03:32.410, 302.43, 100, 74232, 73
2026/07/29 03:03:33.448, 298.34, 100, 74232, 73
2026/07/29 03:03:34.486, 295.03, 100, 74232, 73
2026/07/29 03:03:35.525, 295.00, 100, 74232, 73
2026/07/29 03:03:36.563, 299.01, 100, 74232, 73
2026/07/29 03:03:37.600, 297.76, 100, 74232, 73
2026/07/29 03:03:38.637, 295.32, 100, 74232, 73
2026/07/29 03:03:39.675, 296.09, 100, 74232, 72
2026/07/29 03:03:40.714, 294.15, 100, 74232, 72
2026/07/29 03:03:41.752, 291.22, 100, 74232, 73
2026/07/29 03:03:42.792, 294.62, 100, 74232, 73
2026/07/29 03:03:43.832, 294.33, 100, 74232, 73
2026/07/29 03:03:44.870, 293.36, 100, 74232, 73
2026/07/29 03:03:45.907, 294.14, 100, 74232, 72
2026/07/29 03:03:46.945, 290.92, 100, 74232, 72
2026/07/29 03:03:47.982, 301.27, 100, 74232, 72
2026/07/29 03:03:49.020, 301.05, 100, 74232, 73
2026/07/29 03:03:50.056, 296.57, 100, 74232, 73
2026/07/29 03:03:51.096, 303.16, 100, 74232, 73
2026/07/29 03:03:52.133, 302.43, 100, 74232, 73
2026/07/29 03:03:53.172, 301.92, 100, 74232, 73
2026/07/29 03:03:54.210, 302.79, 100, 74232, 73
2026/07/29 03:03:55.247, 304.17, 100, 74232, 73
2026/07/29 03:03:56.284, 302.42, 100, 74232, 73
2026/07/29 03:03:57.321, 303.13, 100, 74232, 73
2026/07/29 03:03:58.359, 296.58, 100, 74232, 72
2026/07/29 03:03:59.397, 294.72, 100, 74232, 72
2026/07/29 03:04:00.439, 294.84, 100, 74232, 72
2026/07/29 03:04:01.476, 301.47, 100, 74232, 72
2026/07/29 03:04:02.511, 304.24, 100, 74232, 72
2026/07/29 03:04:03.551, 301.85, 100, 74232, 72
2026/07/29 03:04:04.589, 295.40, 100, 74232, 72
2026/07/29 03:04:05.625, 295.21, 100, 74232, 72
2026/07/29 03:04:06.663, 296.77, 100, 74232, 72
2026/07/29 03:04:07.700, 291.73, 100, 74232, 72
2026/07/29 03:04:08.737, 294.32, 100, 74232, 72
2026/07/29 03:04:09.778, 295.23, 100, 74232, 72
2026/07/29 03:04:10.817, 303.10, 100, 74232, 72
2026/07/29 03:04:11.854, 302.14, 100, 74232, 72
2026/07/29 03:04:12.892, 302.32, 100, 74232, 72
2026/07/29 03:04:13.929, 305.05, 100, 74232, 72
2026/07/29 03:04:14.968, 300.17, 100, 74232, 72
2026/07/29 03:04:16.005, 301.65, 100, 74232, 72
2026/07/29 03:04:17.041, 295.32, 100, 74232, 72
2026/07/29 03:04:18.078, 302.22, 100, 74232, 72
2026/07/29 03:04:19.116, 303.40, 100, 74232, 72
2026/07/29 03:04:20.153, 302.81, 100, 74232, 72
2026/07/29 03:04:21.190, 302.04, 100, 74232, 72
2026/07/29 03:04:22.227, 302.89, 100, 74232, 72
2026/07/29 03:04:23.263, 302.70, 100, 74232, 72
2026/07/29 03:04:24.302, 290.35, 100, 74232, 72
2026/07/29 03:04:25.339, 291.13, 100, 74232, 72
2026/07/29 03:04:26.377, 294.13, 100, 74232, 72
2026/07/29 03:04:27.414, 295.82, 100, 74232, 72
2026/07/29 03:04:28.451, 294.54, 100, 74232, 72
2026/07/29 03:04:29.489, 296.40, 100, 74232, 72
2026/07/29 03:04:30.525, 296.46, 100, 74232, 72
2026/07/29 03:04:31.564, 294.62, 100, 74232, 72
2026/07/29 03:04:32.600, 295.79, 100, 74232, 72
2026/07/29 03:04:33.637, 298.24, 100, 74232, 72
2026/07/29 03:04:34.675, 302.72, 100, 74232, 72
2026/07/29 03:04:35.711, 303.00, 100, 74232, 72
2026/07/29 03:04:36.748, 303.00, 100, 74232, 72
2026/07/29 03:04:37.785, 301.60, 100, 74232, 72
2026/07/29 03:04:38.821, 302.04, 100, 74232, 72
2026/07/29 03:04:39.857, 304.46, 100, 74232, 72
2026/07/29 03:04:40.903, 295.59, 100, 74232, 72
2026/07/29 03:04:41.940, 294.73, 100, 74232, 72
2026/07/29 03:04:42.978, 295.22, 100, 74232, 72
2026/07/29 03:04:44.015, 290.72, 100, 74232, 72
2026/07/29 03:04:45.053, 296.58, 100, 74232, 72
2026/07/29 03:04:46.092, 294.14, 100, 74232, 72
2026/07/29 03:04:47.130, 295.10, 100, 74232, 72
2026/07/29 03:04:48.168, 294.54, 100, 74232, 72
2026/07/29 03:04:49.206, 302.01, 100, 74232, 72
2026/07/29 03:04:50.243, 304.47, 100, 74232, 72
2026/07/29 03:04:51.280, 301.55, 100, 74232, 72
2026/07/29 03:04:52.318, 302.89, 100, 74232, 72
2026/07/29 03:04:53.354, 301.63, 100, 74232, 72
2026/07/29 03:04:54.391, 302.43, 100, 74232, 72
2026/07/29 03:04:55.428, 301.55, 100, 74232, 72
2026/07/29 03:04:56.465, 301.79, 100, 74232, 72
2026/07/29 03:04:57.503, 305.45, 100, 74232, 72
2026/07/29 03:04:58.540, 301.84, 100, 74232, 72
2026/07/29 03:04:59.577, 304.01, 100, 74232, 72
2026/07/29 03:05:00.613, 304.17, 100, 74232, 72
2026/07/29 03:05:01.650, 301.45, 100, 74232, 72
2026/07/29 03:05:02.686, 300.77, 100, 74232, 72
2026/07/29 03:05:03.725, 291.49, 100, 74232, 72
2026/07/29 03:05:04.761, 294.64, 100, 74232, 72
2026/07/29 03:05:05.797, 291.99, 100, 74232, 72
2026/07/29 03:05:06.834, 294.73, 100, 74232, 72
2026/07/29 03:05:07.871, 294.44, 100, 74232, 72
2026/07/29 03:05:08.910, 294.92, 100, 74232, 72
2026/07/29 03:05:09.945, 294.92, 100, 74232, 72
2026/07/29 03:05:10.982, 303.21, 100, 74232, 72
2026/07/29 03:05:12.018, 298.12, 100, 74232, 72
2026/07/29 03:05:13.055, 302.14, 100, 74232, 72
2026/07/29 03:05:14.092, 295.69, 100, 74232, 72
2026/07/29 03:05:15.129, 290.73, 100, 74232, 72
2026/07/29 03:05:16.166, 297.22, 100, 74232, 72
2026/07/29 03:05:17.203, 302.60, 100, 74232, 72
2026/07/29 03:05:18.238, 296.55, 100, 74232, 72
2026/07/29 03:05:19.276, 295.33, 100, 74232, 72
2026/07/29 03:05:20.313, 98.40, 0, 74232, 69
2026/07/29 03:05:21.344, 97.22, 0, 74232, 68
2026/07/29 03:05:22.375, 96.44, 0, 74232, 67
2026/07/29 03:05:23.405, 94.83, 0, 74232, 67
2026/07/29 03:05:24.436, 96.99, 0, 74232, 66
2026/07/29 03:05:25.470, 93.45, 0, 74232, 66
2026/07/29 03:05:26.500, 92.86, 0, 74232, 65
2026/07/29 03:05:27.531, 92.77, 0, 74232, 65
2026/07/29 03:05:28.564, 92.27, 0, 74232, 65
2026/07/29 03:05:29.595, 91.90, 0, 74232, 64
2026/07/29 03:05:30.626, 91.34, 0, 74232, 64
2026/07/29 03:05:31.660, 90.90, 0, 74232, 63
2026/07/29 03:05:32.691, 89.55, 0, 74232, 63
2026/07/29 03:05:33.722, 89.16, 0, 74232, 63
2026/07/29 03:05:34.752, 89.72, 0, 74232, 62
2026/07/29 03:05:35.783, 89.36, 0, 74232, 62
2026/07/29 03:05:36.815, 88.09, 0, 74232, 62
2026/07/29 03:05:37.846, 87.87, 0, 74232, 62
2026/07/29 03:05:38.877, 87.57, 0, 74232, 61
2026/07/29 03:05:39.908, 87.45, 0, 74232, 61
2026/07/29 03:05:40.940, 87.84, 0, 74232, 61
2026/07/29 03:05:41.970, 87.48, 0, 74232, 61
2026/07/29 03:05:43.002, 87.07, 0, 74232, 60
2026/07/29 03:05:44.035, 86.98, 0, 74232, 60
2026/07/29 03:05:45.066, 85.73, 0, 74232, 60
2026/07/29 03:05:46.098, 86.48, 0, 74232, 60
2026/07/29 03:05:47.129, 86.09, 0, 74232, 59
2026/07/29 03:05:48.159, 85.22, 0, 74232, 59
2026/07/29 03:05:49.190, 84.93, 0, 74232, 59
2026/07/29 03:05:50.222, 84.63, 0, 74232, 59
2026/07/29 03:05:51.254, 85.10, 0, 74232, 58
2026/07/29 03:05:52.285, 299.94, 100, 74232, 64
2026/07/29 03:05:53.321, 292.76, 100, 74232, 64
2026/07/29 03:05:54.357, 318.75, 100, 74232, 65
2026/07/29 03:05:55.393, 274.15, 100, 74232, 65
2026/07/29 03:05:56.427, 280.20, 100, 74232, 65
2026/07/29 03:05:57.461, 299.95, 100, 74232, 66
2026/07/29 03:05:58.498, 304.95, 100, 74232, 64
2026/07/29 03:05:59.535, 305.89, 100, 74232, 64
2026/07/29 03:06:00.574, 304.07, 100, 74232, 65
2026/07/29 03:06:01.611, 305.04, 100, 74232, 65
2026/07/29 03:06:02.649, 306.65, 100, 74232, 65
2026/07/29 03:06:03.686, 305.92, 100, 74232, 66
2026/07/29 03:06:04.725, 305.30, 100, 74232, 66
2026/07/29 03:06:05.762, 307.07, 100, 74232, 66
2026/07/29 03:06:06.800, 299.29, 100, 74232, 66
2026/07/29 03:06:07.837, 298.91, 100, 74232, 66
2026/07/29 03:06:08.874, 299.59, 100, 74232, 67
2026/07/29 03:06:09.914, 300.07, 100, 74232, 67
2026/07/29 03:06:10.951, 301.04, 100, 74232, 67
2026/07/29 03:06:11.988, 302.30, 100, 74232, 67
2026/07/29 03:06:13.025, 301.02, 100, 74232, 67
2026/07/29 03:06:14.061, 290.32, 100, 74232, 67
2026/07/29 03:06:15.099, 294.32, 100, 74232, 68
2026/07/29 03:06:16.136, 294.42, 100, 74232, 68
2026/07/29 03:06:17.173, 302.34, 100, 74232, 68
2026/07/29 03:06:18.210, 295.21, 100, 74232, 68
2026/07/29 03:06:19.247, 296.75, 100, 74232, 68
2026/07/29 03:06:20.284, 296.86, 100, 74232, 68
2026/07/29 03:06:21.321, 295.99, 100, 74232, 69
2026/07/29 03:06:22.358, 295.60, 100, 74232, 69
2026/07/29 03:06:23.395, 297.46, 100, 74232, 69
2026/07/29 03:06:24.432, 301.34, 100, 74232, 69
2026/07/29 03:06:25.468, 302.51, 100, 74232, 69
2026/07/29 03:06:26.505, 303.38, 100, 74232, 69
2026/07/29 03:06:27.542, 300.06, 100, 74232, 70
2026/07/29 03:06:28.579, 305.50, 100, 74232, 70
2026/07/29 03:06:29.616, 304.90, 100, 74232, 70
2026/07/29 03:06:30.653, 297.92, 100, 74232, 70
2026/07/29 03:06:31.690, 297.55, 100, 74232, 70
2026/07/29 03:06:32.727, 300.97, 100, 74232, 70
2026/07/29 03:06:33.764, 295.31, 100, 74232, 70
2026/07/29 03:06:34.801, 298.22, 100, 74232, 70
2026/07/29 03:06:35.838, 297.92, 100, 74232, 70
2026/07/29 03:06:36.876, 297.74, 100, 74232, 70
2026/07/29 03:06:37.914, 299.49, 100, 74232, 70
2026/07/29 03:06:38.950, 298.62, 100, 74232, 71
2026/07/29 03:06:39.987, 299.10, 100, 74232, 71
2026/07/29 03:06:41.024, 299.96, 100, 74232, 71
2026/07/29 03:06:42.065, 299.51, 100, 74232, 71
2026/07/29 03:06:43.102, 299.87, 100, 74232, 71
2026/07/29 03:06:44.139, 298.72, 100, 74232, 71
2026/07/29 03:06:45.176, 299.59, 100, 74232, 71
2026/07/29 03:06:46.213, 299.38, 100, 74232, 71
2026/07/29 03:06:47.250, 299.01, 100, 74232, 71
2026/07/29 03:06:48.290, 298.24, 100, 74232, 71
2026/07/29 03:06:49.327, 300.38, 100, 74232, 71
2026/07/29 03:06:50.366, 308.35, 100, 74232, 71
2026/07/29 03:06:51.403, 297.14, 100, 74232, 71
2026/07/29 03:06:52.440, 299.18, 100, 74232, 71
2026/07/29 03:06:53.478, 299.50, 100, 74232, 71
2026/07/29 03:06:54.515, 299.88, 100, 74232, 71
2026/07/29 03:06:55.552, 299.50, 100, 74232, 71
2026/07/29 03:06:56.588, 300.17, 100, 74232, 71
2026/07/29 03:06:57.625, 300.67, 100, 74232, 71
2026/07/29 03:06:58.661, 300.19, 100, 74232, 72
2026/07/29 03:06:59.698, 300.29, 100, 74232, 72
2026/07/29 03:07:00.735, 300.28, 100, 74232, 72
2026/07/29 03:07:01.777, 299.78, 100, 74232, 72
2026/07/29 03:07:02.813, 300.59, 100, 74232, 72
2026/07/29 03:07:03.850, 300.28, 100, 74232, 72
2026/07/29 03:07:04.886, 301.35, 100, 74232, 72
2026/07/29 03:07:05.925, 300.95, 100, 74232, 72
2026/07/29 03:07:06.963, 300.68, 100, 74232, 72
2026/07/29 03:07:08.001, 292.79, 100, 74232, 72
2026/07/29 03:07:09.037, 300.66, 100, 74232, 72
2026/07/29 03:07:10.074, 301.06, 100, 74232, 72
2026/07/29 03:07:11.110, 301.33, 100, 74232, 72
2026/07/29 03:07:12.148, 301.53, 100, 74232, 72
2026/07/29 03:07:13.186, 300.37, 100, 74232, 72
2026/07/29 03:07:14.223, 299.89, 100, 74232, 72
2026/07/29 03:07:15.260, 301.05, 100, 74232, 72
2026/07/29 03:07:16.297, 294.66, 100, 74232, 72
2026/07/29 03:07:17.335, 301.06, 100, 74232, 72
2026/07/29 03:07:18.373, 301.37, 100, 74232, 72
2026/07/29 03:07:19.410, 294.12, 100, 74232, 72
2026/07/29 03:07:20.448, 295.23, 100, 74232, 72
2026/07/29 03:07:21.484, 289.66, 100, 74232, 72
2026/07/29 03:07:22.522, 295.23, 100, 74232, 72
2026/07/29 03:07:23.559, 295.69, 100, 74232, 72
2026/07/29 03:07:24.597, 301.82, 100, 74232, 72
2026/07/29 03:07:25.635, 301.25, 100, 74232, 72
2026/07/29 03:07:26.671, 301.34, 100, 74232, 72
2026/07/29 03:07:27.709, 298.04, 100, 74232, 72
2026/07/29 03:07:28.746, 300.86, 100, 74232, 72
2026/07/29 03:07:29.783, 301.24, 100, 74232, 72
2026/07/29 03:07:30.820, 301.62, 100, 74232, 72
2026/07/29 03:07:31.857, 299.39, 100, 74232, 72
2026/07/29 03:07:32.894, 301.16, 100, 74232, 72
2026/07/29 03:07:33.931, 301.85, 100, 74232, 72
2026/07/29 03:07:34.969, 299.59, 100, 74232, 72
2026/07/29 03:07:36.008, 303.84, 100, 74232, 72
2026/07/29 03:07:37.045, 302.52, 100, 74232, 72
2026/07/29 03:07:38.082, 302.20, 100, 74232, 72
2026/07/29 03:07:39.119, 289.76, 100, 74232, 72
2026/07/29 03:07:40.157, 294.62, 100, 74232, 72
2026/07/29 03:07:41.195, 294.05, 100, 74232, 72
2026/07/29 03:07:42.231, 301.93, 100, 74232, 72
2026/07/29 03:07:43.269, 290.65, 100, 74232, 72
2026/07/29 03:07:44.306, 294.24, 100, 74232, 72
2026/07/29 03:07:45.344, 297.74, 100, 74232, 72
2026/07/29 03:07:46.380, 302.14, 100, 74232, 72
2026/07/29 03:07:47.418, 302.13, 100, 74232, 72
2026/07/29 03:07:48.455, 305.24, 100, 74232, 72
2026/07/29 03:07:49.494, 301.84, 100, 74232, 72
2026/07/29 03:07:50.531, 297.57, 100, 74232, 72
2026/07/29 03:07:51.569, 304.05, 100, 74232, 72
2026/07/29 03:07:52.605, 301.54, 100, 74232, 72
2026/07/29 03:07:53.643, 301.84, 100, 74232, 72
2026/07/29 03:07:54.681, 302.11, 100, 74232, 72
2026/07/29 03:07:55.718, 301.44, 100, 74232, 72
2026/07/29 03:07:56.760, 298.30, 100, 74232, 72
2026/07/29 03:07:57.797, 302.13, 100, 74232, 72
2026/07/29 03:07:58.834, 293.94, 100, 74232, 72
2026/07/29 03:07:59.873, 290.63, 100, 74232, 72
2026/07/29 03:08:00.914, 294.14, 100, 74232, 72
2026/07/29 03:08:01.951, 293.95, 100, 74232, 72
2026/07/29 03:08:02.990, 294.82, 100, 74232, 72
2026/07/29 03:08:04.027, 293.65, 100, 74232, 72
2026/07/29 03:08:05.063, 298.73, 100, 74232, 72
2026/07/29 03:08:06.101, 301.35, 100, 74232, 72
2026/07/29 03:08:07.138, 300.28, 100, 74232, 72
2026/07/29 03:08:08.176, 298.04, 100, 74232, 72
2026/07/29 03:08:09.213, 301.94, 100, 74232, 72
2026/07/29 03:08:10.251, 301.53, 100, 74232, 72
2026/07/29 03:08:11.287, 301.05, 100, 74232, 72
2026/07/29 03:08:12.325, 301.42, 100, 74232, 72
2026/07/29 03:08:13.362, 302.03, 100, 74232, 72
2026/07/29 03:08:14.401, 304.27, 100, 74232, 72
2026/07/29 03:08:15.436, 302.23, 100, 74232, 72
2026/07/29 03:08:16.474, 302.52, 100, 74232, 72
2026/07/29 03:08:17.510, 297.85, 100, 74232, 72
2026/07/29 03:08:18.549, 303.98, 100, 74232, 72
2026/07/29 03:08:19.586, 302.03, 100, 74232, 72
2026/07/29 03:08:20.622, 301.16, 100, 74232, 72
2026/07/29 03:08:21.658, 294.93, 100, 74232, 72
2026/07/29 03:08:22.696, 296.00, 100, 74232, 72
2026/07/29 03:08:23.732, 294.32, 100, 74232, 72
2026/07/29 03:08:24.768, 292.18, 100, 74232, 72
2026/07/29 03:08:25.804, 295.12, 100, 74232, 72
2026/07/29 03:08:26.842, 295.24, 100, 74232, 72
2026/07/29 03:08:27.880, 295.12, 100, 74232, 72
2026/07/29 03:08:28.919, 294.63, 100, 74232, 72
2026/07/29 03:08:29.956, 294.36, 100, 74232, 72
2026/07/29 03:08:30.991, 302.04, 100, 74232, 72
2026/07/29 03:08:32.029, 302.32, 100, 74232, 72
2026/07/29 03:08:33.065, 303.68, 100, 74232, 73
2026/07/29 03:08:34.103, 298.34, 100, 74232, 72
2026/07/29 03:08:35.140, 294.55, 100, 74232, 72
2026/07/29 03:08:36.182, 294.14, 100, 74232, 72
2026/07/29 03:08:37.219, 295.12, 100, 74232, 73
2026/07/29 03:08:38.255, 294.32, 100, 74232, 73
2026/07/29 03:08:39.291, 302.52, 100, 74232, 73
2026/07/29 03:08:40.328, 299.58, 100, 74232, 73
2026/07/29 03:08:41.366, 303.58, 100, 74232, 73
2026/07/29 03:08:42.402, 302.81, 100, 74232, 73
2026/07/29 03:08:43.438, 301.95, 100, 74232, 73
2026/07/29 03:08:44.474, 302.19, 100, 74232, 73
2026/07/29 03:08:45.510, 303.30, 100, 74232, 73
2026/07/29 03:08:46.548, 302.91, 100, 74232, 73
2026/07/29 03:08:47.585, 302.14, 100, 74232, 73
2026/07/29 03:08:48.622, 304.56, 100, 74232, 73
2026/07/29 03:08:49.663, 302.14, 100, 74232, 73
2026/07/29 03:08:50.699, 303.68, 100, 74232, 73
2026/07/29 03:08:51.735, 302.81, 100, 74232, 73
2026/07/29 03:08:52.772, 302.63, 100, 74232, 73
2026/07/29 03:08:53.808, 297.43, 100, 74232, 73
2026/07/29 03:08:54.845, 304.18, 100, 74232, 73
2026/07/29 03:08:55.881, 294.93, 100, 74232, 73
2026/07/29 03:08:56.920, 294.15, 100, 74232, 73
2026/07/29 03:08:57.956, 295.69, 100, 74232, 73
2026/07/29 03:08:58.993, 294.64, 100, 74232, 73
2026/07/29 03:09:00.030, 296.77, 100, 74232, 73
2026/07/29 03:09:01.068, 295.21, 100, 74232, 73
2026/07/29 03:09:02.105, 298.81, 100, 74232, 73
2026/07/29 03:09:03.143, 303.20, 100, 74232, 73
2026/07/29 03:09:04.179, 302.62, 100, 74232, 73
2026/07/29 03:09:05.216, 299.30, 100, 74232, 73
2026/07/29 03:09:06.253, 291.70, 100, 74232, 73
2026/07/29 03:09:07.290, 296.09, 100, 74232, 73
2026/07/29 03:09:08.327, 295.04, 100, 74232, 73
2026/07/29 03:09:09.364, 295.12, 100, 74232, 73
2026/07/29 03:09:10.401, 295.80, 100, 74232, 73
2026/07/29 03:09:11.438, 296.98, 100, 74232, 73
2026/07/29 03:09:12.475, 299.33, 100, 74232, 73
2026/07/29 03:09:13.511, 302.82, 100, 74232, 73
2026/07/29 03:09:14.550, 298.63, 100, 74232, 73
2026/07/29 03:09:15.587, 302.81, 100, 74232, 73
2026/07/29 03:09:16.625, 303.12, 100, 74232, 73
2026/07/29 03:09:17.661, 302.49, 100, 74232, 73
2026/07/29 03:09:18.699, 302.03, 100, 74232, 73
2026/07/29 03:09:19.737, 303.10, 100, 74232, 73
2026/07/29 03:09:20.774, 304.16, 100, 74232, 73
2026/07/29 03:09:21.812, 296.48, 100, 74232, 72
2026/07/29 03:09:22.850, 297.05, 100, 74232, 73
2026/07/29 03:09:23.888, 302.42, 100, 74232, 73
2026/07/29 03:09:24.925, 303.10, 100, 74232, 73
2026/07/29 03:09:25.963, 300.87, 100, 74232, 73
2026/07/29 03:09:27.000, 301.26, 100, 74232, 72
2026/07/29 03:09:28.037, 295.50, 100, 74232, 72
2026/07/29 03:09:29.077, 293.55, 100, 74232, 72
2026/07/29 03:09:30.114, 296.29, 100, 74232, 72
2026/07/29 03:09:31.152, 305.32, 100, 74232, 72
2026/07/29 03:09:32.190, 296.08, 100, 74232, 72
2026/07/29 03:09:33.227, 294.64, 100, 74232, 72
2026/07/29 03:09:34.268, 294.62, 100, 74232, 72
2026/07/29 03:09:35.305, 294.91, 100, 74232, 72
2026/07/29 03:09:36.342, 302.41, 100, 74232, 72
2026/07/29 03:09:37.379, 303.00, 100, 74232, 72
2026/07/29 03:09:38.416, 299.01, 100, 74232, 72
2026/07/29 03:09:39.453, 302.52, 100, 74232, 72
2026/07/29 03:09:40.490, 302.53, 100, 74232, 72
2026/07/29 03:09:41.528, 297.85, 100, 74232, 72
2026/07/29 03:09:42.565, 295.30, 100, 74232, 72
2026/07/29 03:09:43.603, 294.53, 100, 74232, 72
2026/07/29 03:09:44.641, 295.13, 100, 74232, 72
2026/07/29 03:09:45.678, 294.94, 100, 74232, 72
2026/07/29 03:09:46.718, 294.62, 100, 74232, 72
2026/07/29 03:09:47.755, 294.92, 100, 74232, 72
2026/07/29 03:09:48.792, 293.67, 100, 74232, 72
2026/07/29 03:09:49.830, 293.86, 100, 74232, 72
2026/07/29 03:09:50.868, 294.93, 100, 74232, 72
2026/07/29 03:09:51.906, 298.53, 100, 74232, 72
2026/07/29 03:09:52.944, 302.63, 100, 74232, 72
2026/07/29 03:09:53.981, 304.96, 100, 74232, 72
2026/07/29 03:09:55.019, 303.02, 100, 74232, 72
2026/07/29 03:09:56.059, 301.84, 100, 74232, 72
2026/07/29 03:09:57.096, 302.74, 100, 74232, 72
2026/07/29 03:09:58.133, 302.91, 100, 74232, 72
2026/07/29 03:09:59.171, 302.81, 100, 74232, 72
2026/07/29 03:10:00.208, 302.88, 100, 74232, 72
2026/07/29 03:10:01.245, 298.13, 100, 74232, 72
2026/07/29 03:10:02.282, 291.60, 100, 74232, 72
2026/07/29 03:10:03.320, 291.21, 100, 74232, 72
2026/07/29 03:10:04.358, 295.60, 100, 74232, 72
2026/07/29 03:10:05.397, 302.32, 100, 74232, 72
2026/07/29 03:10:06.435, 301.74, 100, 74232, 72
2026/07/29 03:10:07.473, 302.43, 100, 74232, 72
2026/07/29 03:10:08.513, 294.24, 100, 74232, 72
2026/07/29 03:10:09.551, 296.65, 100, 74232, 72
2026/07/29 03:10:10.589, 294.61, 100, 74232, 72
2026/07/29 03:10:11.628, 301.73, 100, 74232, 72
2026/07/29 03:10:12.665, 298.85, 100, 74232, 72
2026/07/29 03:10:13.702, 298.35, 100, 74232, 72
2026/07/29 03:10:14.741, 298.52, 100, 74232, 72
2026/07/29 03:10:15.778, 302.03, 100, 74232, 72
2026/07/29 03:10:16.816, 303.19, 100, 74232, 72
2026/07/29 03:10:17.852, 302.60, 100, 74232, 72
2026/07/29 03:10:18.889, 301.62, 100, 74232, 72
2026/07/29 03:10:19.926, 302.49, 100, 74232, 72
2026/07/29 03:10:20.965, 300.18, 100, 74232, 72
2026/07/29 03:10:22.002, 302.48, 100, 74232, 72
2026/07/29 03:10:23.039, 302.43, 100, 74232, 72
2026/07/29 03:10:24.075, 302.03, 100, 74232, 72
2026/07/29 03:10:25.115, 293.14, 100, 74232, 72
2026/07/29 03:10:26.152, 302.32, 100, 74232, 72
2026/07/29 03:10:27.194, 302.83, 100, 74232, 72
2026/07/29 03:10:28.232, 300.07, 100, 74232, 72
2026/07/29 03:10:29.268, 291.89, 100, 74232, 72
2026/07/29 03:10:30.306, 295.12, 100, 74232, 72
2026/07/29 03:10:31.343, 300.94, 100, 74232, 72
2026/07/29 03:10:32.380, 297.17, 100, 74232, 72
2026/07/29 03:10:33.416, 294.73, 100, 74232, 72
2026/07/29 03:10:34.453, 295.10, 100, 74232, 72
2026/07/29 03:10:35.490, 294.03, 100, 74232, 72
2026/07/29 03:10:36.526, 294.26, 100, 74232, 72
2026/07/29 03:10:37.563, 294.64, 100, 74232, 72
2026/07/29 03:10:38.600, 297.85, 100, 74232, 72
2026/07/29 03:10:39.637, 302.80, 100, 74232, 72
2026/07/29 03:10:40.676, 301.52, 100, 74232, 72
2026/07/29 03:10:41.714, 301.92, 100, 74232, 72
2026/07/29 03:10:42.752, 300.54, 100, 74232, 72
2026/07/29 03:10:43.791, 302.48, 100, 74232, 72
2026/07/29 03:10:44.828, 302.62, 100, 74232, 72
2026/07/29 03:10:45.865, 303.36, 100, 74232, 72
2026/07/29 03:10:46.902, 302.30, 100, 74232, 72
2026/07/29 03:10:47.939, 302.03, 100, 74232, 72
2026/07/29 03:10:48.977, 301.43, 100, 74232, 72
2026/07/29 03:10:50.014, 302.13, 100, 74232, 72
2026/07/29 03:10:51.051, 302.71, 100, 74232, 72
2026/07/29 03:10:52.089, 309.67, 70, 74232, 73
2026/07/29 03:10:53.122, 307.47, 100, 74232, 74
2026/07/29 03:10:54.159, 311.41, 100, 74232, 74
2026/07/29 03:10:55.202, 287.31, 100, 74232, 74
2026/07/29 03:10:56.237, 320.77, 100, 74232, 74
2026/07/29 03:10:57.271, 285.85, 100, 74232, 74
2026/07/29 03:10:58.307, 275.55, 100, 74232, 74
2026/07/29 03:10:59.347, 300.73, 100, 74232, 72
2026/07/29 03:11:00.385, 301.35, 100, 74232, 72
2026/07/29 03:11:01.421, 302.72, 100, 74232, 72
2026/07/29 03:11:02.459, 300.85, 100, 74232, 72
2026/07/29 03:11:03.496, 303.07, 100, 74232, 72
2026/07/29 03:11:04.535, 302.32, 100, 74232, 72
2026/07/29 03:11:05.571, 291.21, 100, 74232, 72
2026/07/29 03:11:06.609, 295.73, 100, 74232, 72
2026/07/29 03:11:07.646, 294.81, 100, 74232, 73
2026/07/29 03:11:08.683, 297.36, 100, 74232, 73
2026/07/29 03:11:09.722, 294.35, 100, 74232, 73
2026/07/29 03:11:10.759, 293.74, 100, 74232, 73
2026/07/29 03:11:11.796, 298.03, 100, 74232, 73
2026/07/29 03:11:12.834, 294.35, 100, 74232, 73
2026/07/29 03:11:13.871, 295.43, 100, 74232, 73
2026/07/29 03:11:14.908, 295.11, 100, 74232, 73
2026/07/29 03:11:15.945, 302.22, 100, 74232, 73
2026/07/29 03:11:16.983, 301.44, 100, 74232, 73
2026/07/29 03:11:18.020, 298.12, 100, 74232, 73
2026/07/29 03:11:19.058, 302.90, 100, 74232, 73
2026/07/29 03:11:20.094, 302.44, 100, 74232, 73
2026/07/29 03:11:21.130, 301.81, 100, 74232, 73
2026/07/29 03:11:22.168, 302.03, 100, 74232, 73
2026/07/29 03:11:23.204, 303.60, 100, 74232, 73
2026/07/29 03:11:24.243, 302.68, 100, 74232, 73
2026/07/29 03:11:25.279, 303.10, 100, 74232, 73
2026/07/29 03:11:26.317, 304.08, 100, 74232, 73
2026/07/29 03:11:27.354, 302.12, 100, 74232, 73
2026/07/29 03:11:28.390, 304.20, 100, 74232, 73
2026/07/29 03:11:29.428, 302.22, 100, 74232, 73
2026/07/29 03:11:30.465, 302.70, 100, 74232, 73
2026/07/29 03:11:31.503, 305.34, 100, 74232, 73
2026/07/29 03:11:32.540, 296.39, 100, 74232, 73
2026/07/29 03:11:33.578, 292.79, 100, 74232, 73
2026/07/29 03:11:34.619, 296.88, 100, 74232, 73
2026/07/29 03:11:35.660, 295.12, 100, 74232, 73
2026/07/29 03:11:36.697, 294.72, 100, 74232, 73
2026/07/29 03:11:37.740, 294.82, 100, 74232, 73
2026/07/29 03:11:38.776, 304.05, 100, 74232, 73
2026/07/29 03:11:39.813, 302.90, 100, 74232, 73
2026/07/29 03:11:40.850, 302.22, 100, 74232, 73
2026/07/29 03:11:41.886, 293.26, 100, 74232, 73
2026/07/29 03:11:42.926, 295.59, 100, 74232, 73
2026/07/29 03:11:43.963, 295.41, 100, 74232, 73
2026/07/29 03:11:45.003, 297.17, 100, 74232, 73
2026/07/29 03:11:46.041, 295.52, 100, 74232, 73
2026/07/29 03:11:47.078, 296.50, 100, 74232, 73
2026/07/29 03:11:48.115, 303.05, 100, 74232, 73
2026/07/29 03:11:49.152, 303.48, 100, 74232, 73
2026/07/29 03:11:50.190, 303.16, 100, 74232, 73
2026/07/29 03:11:51.226, 303.19, 100, 74232, 73
2026/07/29 03:11:52.264, 303.00, 100, 74232, 73
2026/07/29 03:11:53.300, 301.55, 100, 74232, 73
2026/07/29 03:11:54.338, 303.81, 100, 74232, 73
2026/07/29 03:11:55.375, 291.52, 100, 74232, 73
2026/07/29 03:11:56.412, 295.50, 100, 74232, 73
2026/07/29 03:11:57.449, 291.10, 100, 74232, 73
2026/07/29 03:11:58.488, 296.65, 100, 74232, 73
2026/07/29 03:11:59.525, 294.04, 100, 74232, 73
2026/07/29 03:12:00.562, 291.87, 100, 74232, 72
2026/07/29 03:12:01.599, 300.34, 100, 74232, 73
2026/07/29 03:12:02.635, 291.23, 100, 74232, 72
2026/07/29 03:12:03.672, 294.43, 100, 74232, 72
2026/07/29 03:12:04.708, 294.52, 100, 74232, 72
2026/07/29 03:12:05.746, 294.82, 100, 74232, 72
2026/07/29 03:12:06.782, 294.24, 100, 74232, 72
2026/07/29 03:12:07.820, 298.12, 100, 74232, 72
2026/07/29 03:12:08.857, 300.84, 100, 74232, 72
2026/07/29 03:12:09.895, 302.14, 100, 74232, 73
2026/07/29 03:12:10.933, 301.75, 100, 74232, 73
2026/07/29 03:12:11.973, 301.42, 100, 74232, 73
2026/07/29 03:12:13.011, 301.33, 100, 74232, 73
2026/07/29 03:12:14.048, 302.92, 100, 74232, 73
2026/07/29 03:12:15.088, 302.52, 100, 74232, 73
2026/07/29 03:12:16.126, 302.92, 100, 74232, 73
2026/07/29 03:12:17.163, 302.32, 100, 74232, 73
2026/07/29 03:12:18.200, 296.20, 100, 74232, 73
2026/07/29 03:12:19.238, 291.11, 100, 74232, 73
2026/07/29 03:12:20.276, 295.52, 100, 74232, 73
2026/07/29 03:12:21.313, 294.04, 100, 74232, 73
2026/07/29 03:12:22.351, 294.73, 100, 74232, 73
2026/07/29 03:12:23.388, 294.54, 100, 74232, 73
2026/07/29 03:12:24.424, 294.62, 100, 74232, 73
2026/07/29 03:12:25.462, 294.44, 100, 74232, 73
2026/07/29 03:12:26.499, 303.29, 100, 74232, 73
2026/07/29 03:12:27.536, 299.98, 100, 74232, 73
2026/07/29 03:12:28.573, 295.03, 100, 74232, 73
2026/07/29 03:12:29.610, 294.34, 100, 74232, 73
2026/07/29 03:12:30.647, 294.92, 100, 74232, 73
2026/07/29 03:12:31.684, 302.13, 100, 74232, 73
2026/07/29 03:12:32.721, 302.03, 100, 74232, 73
2026/07/29 03:12:33.762, 301.83, 100, 74232, 73
2026/07/29 03:12:34.798, 306.42, 100, 74232, 73
2026/07/29 03:12:35.835, 303.39, 100, 74232, 73
2026/07/29 03:12:36.872, 298.90, 100, 74232, 73
2026/07/29 03:12:37.909, 303.30, 100, 74232, 73
2026/07/29 03:12:38.947, 303.30, 100, 74232, 73
2026/07/29 03:12:39.984, 304.08, 100, 74232, 73
2026/07/29 03:12:41.021, 304.36, 100, 74232, 73
2026/07/29 03:12:42.058, 295.60, 100, 74232, 73
2026/07/29 03:12:43.096, 298.90, 100, 74232, 73
2026/07/29 03:12:44.135, 295.30, 100, 74232, 73
2026/07/29 03:12:45.172, 297.18, 100, 74232, 73
2026/07/29 03:12:46.211, 294.84, 100, 74232, 73
2026/07/29 03:12:47.249, 294.93, 100, 74232, 73
2026/07/29 03:12:48.286, 294.91, 100, 74232, 73
2026/07/29 03:12:49.324, 295.24, 100, 74232, 73
2026/07/29 03:12:50.360, 295.72, 100, 74232, 73
2026/07/29 03:12:51.397, 295.51, 100, 74232, 73
2026/07/29 03:12:52.434, 294.52, 100, 74232, 73
2026/07/29 03:12:53.472, 295.52, 100, 74232, 73
2026/07/29 03:12:54.508, 300.94, 100, 74232, 73
2026/07/29 03:12:55.545, 303.10, 100, 74232, 73
2026/07/29 03:12:56.583, 302.62, 100, 74232, 73
2026/07/29 03:12:57.620, 301.53, 100, 74232, 73
2026/07/29 03:12:58.657, 302.61, 100, 74232, 73
2026/07/29 03:12:59.697, 301.55, 100, 74232, 73
2026/07/29 03:13:00.733, 304.86, 100, 74232, 73
2026/07/29 03:13:01.770, 303.01, 100, 74232, 73
2026/07/29 03:13:02.807, 302.43, 100, 74232, 73
2026/07/29 03:13:03.844, 302.43, 100, 74232, 73
2026/07/29 03:13:04.881, 302.71, 100, 74232, 73
2026/07/29 03:13:05.925, 302.41, 100, 74232, 73
2026/07/29 03:13:06.962, 304.96, 100, 74232, 73
2026/07/29 03:13:07.999, 291.72, 100, 74232, 72
2026/07/29 03:13:09.036, 294.92, 100, 74232, 72
2026/07/29 03:13:10.073, 291.13, 100, 74232, 72
2026/07/29 03:13:11.110, 294.73, 100, 74232, 73
2026/07/29 03:13:12.147, 302.71, 100, 74232, 73
2026/07/29 03:13:13.184, 304.84, 100, 74232, 73
2026/07/29 03:13:14.221, 301.83, 100, 74232, 72
2026/07/29 03:13:15.258, 291.13, 100, 74232, 72
2026/07/29 03:13:16.295, 291.12, 100, 74232, 72
2026/07/29 03:13:17.336, 296.00, 100, 74232, 72
2026/07/29 03:13:18.373, 302.97, 100, 74232, 72
2026/07/29 03:13:19.410, 302.43, 100, 74232, 72
2026/07/29 03:13:20.447, 302.22, 100, 74232, 72
2026/07/29 03:13:21.485, 302.42, 100, 74232, 72
2026/07/29 03:13:22.522, 302.50, 100, 74232, 72
2026/07/29 03:13:23.561, 305.43, 100, 74232, 72
2026/07/29 03:13:24.597, 301.53, 100, 74232, 72
2026/07/29 03:13:25.634, 302.20, 100, 74232, 72
2026/07/29 03:13:26.671, 298.60, 100, 74232, 72
2026/07/29 03:13:27.706, 303.40, 100, 74232, 72
2026/07/29 03:13:28.744, 290.74, 100, 74232, 72
2026/07/29 03:13:29.781, 295.22, 100, 74232, 72
2026/07/29 03:13:30.817, 298.04, 100, 74232, 72
2026/07/29 03:13:31.855, 302.33, 100, 74232, 72
2026/07/29 03:13:32.894, 302.24, 100, 74232, 72
2026/07/29 03:13:33.932, 303.19, 100, 74232, 72
2026/07/29 03:13:34.970, 296.49, 100, 74232, 72
2026/07/29 03:13:36.007, 97.85, 0, 74232, 69
2026/07/29 03:13:37.040, 95.83, 0, 74232, 68
2026/07/29 03:13:38.073, 96.86, 0, 74232, 67
2026/07/29 03:13:39.105, 94.15, 0, 74232, 67
2026/07/29 03:13:40.138, 93.71, 0, 74232, 66
2026/07/29 03:13:41.169, 94.06, 0, 74232, 66
2026/07/29 03:13:42.200, 93.15, 0, 74232, 65
2026/07/29 03:13:43.232, 92.62, 0, 74232, 65
2026/07/29 03:13:44.263, 92.27, 0, 74232, 64
2026/07/29 03:13:45.294, 91.87, 0, 74232, 64
2026/07/29 03:13:46.324, 91.37, 0, 74232, 64
2026/07/29 03:13:47.356, 91.00, 0, 74232, 63
2026/07/29 03:13:48.388, 90.32, 0, 74232, 63
2026/07/29 03:13:49.419, 89.93, 0, 74232, 63
2026/07/29 03:13:50.450, 89.93, 0, 74232, 62
2026/07/29 03:13:51.481, 89.52, 0, 74232, 62
2026/07/29 03:13:52.512, 89.03, 0, 74232, 62
2026/07/29 03:13:53.543, 88.82, 0, 74232, 61
2026/07/29 03:13:54.573, 88.73, 0, 74232, 61
2026/07/29 03:13:55.606, 87.04, 0, 74232, 61
2026/07/29 03:13:56.640, 88.08, 0, 74232, 61
2026/07/29 03:13:57.672, 87.45, 0, 74232, 60
2026/07/29 03:13:58.705, 86.44, 0, 74232, 60
2026/07/29 03:13:59.736, 86.28, 0, 74232, 60
2026/07/29 03:14:00.765, 86.85, 0, 74232, 60
2026/07/29 03:14:01.797, 86.59, 0, 74232, 59
2026/07/29 03:14:02.830, 85.49, 0, 74232, 59
2026/07/29 03:14:03.861, 85.16, 0, 74232, 59
2026/07/29 03:14:04.893, 84.99, 0, 74232, 59
2026/07/29 03:14:05.926, 85.10, 0, 74232, 58
2026/07/29 03:14:06.957, 84.50, 0, 74232, 58
2026/07/29 03:14:07.988, 84.21, 0, 74232, 58
2026/07/29 03:14:09.019, 83.93, 0, 74232, 58
2026/07/29 03:14:10.050, 83.90, 0, 74232, 57
2026/07/29 03:14:11.081, 83.63, 0, 74232, 57
2026/07/29 03:14:12.113, 83.41, 0, 74232, 57
2026/07/29 03:14:13.144, 83.12, 0, 74232, 57
2026/07/29 03:14:14.175, 83.14, 0, 74232, 57
2026/07/29 03:14:16.830, 82.27, 0, 74232, 56
2026/07/29 03:14:17.862, 82.52, 0, 74232, 56
2026/07/29 03:14:18.894, 82.38, 0, 74232, 56
2026/07/29 03:14:19.924, 82.06, 0, 74232, 56
2026/07/29 03:14:20.956, 81.88, 0, 74232, 55
2026/07/29 03:14:21.986, 81.86, 0, 74232, 55
2026/07/29 03:14:23.016, 81.29, 0, 74232, 55
2026/07/29 03:14:24.045, 80.86, 0, 74232, 55
2026/07/29 03:14:25.076, 80.76, 0, 74232, 55
2026/07/29 03:14:26.106, 80.67, 0, 74232, 55
2026/07/29 03:14:27.136, 80.36, 0, 74232, 54
2026/07/29 03:14:28.166, 80.26, 0, 74232, 54
2026/07/29 03:14:29.197, 80.26, 0, 74232, 54
2026/07/29 03:14:30.227, 78.58, 0, 74232, 54
2026/07/29 03:14:31.259, 78.18, 0, 74232, 54
2026/07/29 03:14:32.290, 77.27, 0, 74232, 54
2026/07/29 03:14:33.323, 78.20, 0, 74232, 53
2026/07/29 03:14:34.354, 78.13, 0, 74232, 53
2026/07/29 03:14:35.386, 77.90, 0, 74232, 53
2026/07/29 03:14:36.416, 77.80, 0, 74232, 53
2026/07/29 03:14:37.446, 77.64, 0, 74232, 53
2026/07/29 03:14:38.478, 305.29, 100, 74232, 59
2026/07/29 03:14:39.513, 294.43, 100, 74232, 59
2026/07/29 03:14:40.550, 295.84, 100, 74232, 59
2026/07/29 03:14:41.584, 291.20, 100, 74232, 60
2026/07/29 03:14:42.618, 300.38, 100, 74232, 59
2026/07/29 03:14:43.657, 301.82, 100, 74232, 59
2026/07/29 03:14:44.694, 301.83, 100, 74232, 59
2026/07/29 03:14:45.731, 302.12, 100, 74232, 60
2026/07/29 03:14:46.768, 303.28, 100, 74232, 60
2026/07/29 03:14:47.805, 301.24, 100, 74232, 60
2026/07/29 03:14:48.843, 279.52, 100, 74232, 62
2026/07/29 03:14:49.878, 302.98, 100, 74232, 63
2026/07/29 03:14:50.914, 309.94, 100, 74232, 63
2026/07/29 03:14:51.960, 298.30, 100, 74232, 63
2026/07/29 03:14:52.996, 248.92, 100, 74232, 62
2026/07/29 03:14:54.035, 280.16, 100, 74232, 62
2026/07/29 03:14:55.072, 284.77, 100, 74232, 62
2026/07/29 03:14:56.112, 290.42, 100, 74232, 62
2026/07/29 03:14:57.148, 297.35, 100, 74232, 63
2026/07/29 03:14:58.185, 297.35, 100, 74232, 65
2026/07/29 03:14:59.226, 306.39, 100, 74232, 65
2026/07/29 03:15:00.260, 287.42, 100, 74232, 65
2026/07/29 03:15:01.294, 288.38, 100, 74232, 66
2026/07/29 03:15:02.333, 256.84, 100, 74232, 64
2026/07/29 03:15:03.371, 283.31, 100, 74232, 64
2026/07/29 03:15:04.410, 289.57, 100, 74232, 65
2026/07/29 03:15:05.447, 290.90, 100, 74232, 65
2026/07/29 03:15:06.485, 291.41, 100, 74232, 65
2026/07/29 03:15:07.522, 297.35, 100, 74232, 65
2026/07/29 03:15:08.560, 283.04, 100, 74232, 67
2026/07/29 03:15:09.596, 291.09, 100, 74232, 67
2026/07/29 03:15:10.630, 291.01, 100, 74232, 68
2026/07/29 03:15:11.717, 318.12, 100, 74232, 68
2026/07/29 03:15:12.752, 298.35, 100, 74232, 68
2026/07/29 03:15:13.786, 300.00, 100, 74232, 67
2026/07/29 03:15:14.826, 301.55, 100, 74232, 67
2026/07/29 03:15:15.862, 295.02, 100, 74232, 67
2026/07/29 03:15:16.899, 291.22, 100, 74232, 67
2026/07/29 03:15:17.938, 289.74, 100, 74232, 69
2026/07/29 03:15:18.973, 298.51, 100, 74232, 69
2026/07/29 03:15:20.008, 283.18, 100, 74232, 69
2026/07/29 03:15:21.043, 289.34, 100, 74232, 70
2026/07/29 03:15:22.078, 321.57, 100, 74232, 70
2026/07/29 03:15:23.119, 303.10, 100, 74232, 68
2026/07/29 03:15:24.156, 303.10, 100, 74232, 68
2026/07/29 03:15:25.192, 304.18, 100, 74232, 69
2026/07/29 03:15:26.229, 304.99, 100, 74232, 69
2026/07/29 03:15:27.266, 303.30, 100, 74232, 69
2026/07/29 03:15:28.303, 299.01, 100, 74232, 69
2026/07/29 03:15:29.341, 303.17, 100, 74232, 69
2026/07/29 03:15:30.379, 299.78, 100, 74232, 71
2026/07/29 03:15:31.415, 299.23, 100, 74232, 71
2026/07/29 03:15:32.450, 311.01, 100, 74232, 71
2026/07/29 03:15:33.486, 301.13, 100, 74232, 71
2026/07/29 03:15:34.520, 311.27, 100, 74232, 72
2026/07/29 03:15:35.555, 306.16, 100, 74232, 70
2026/07/29 03:15:36.593, 306.79, 100, 74232, 70
2026/07/29 03:15:37.631, 303.10, 100, 74232, 70
2026/07/29 03:15:38.668, 299.50, 100, 74232, 70
2026/07/29 03:15:39.705, 96.50, 27, 74232, 67
2026/07/29 03:15:40.739, 299.64, 100, 74232, 72
2026/07/29 03:15:41.775, 304.48, 100, 74232, 72
2026/07/29 03:15:42.810, 292.59, 100, 74232, 72
2026/07/29 03:15:43.846, 289.86, 100, 74232, 73
2026/07/29 03:15:44.881, 284.39, 100, 74232, 72
2026/07/29 03:15:45.917, 305.61, 100, 74232, 71
2026/07/29 03:15:46.955, 302.70, 100, 74232, 71
2026/07/29 03:15:47.993, 306.80, 100, 74232, 71
2026/07/29 03:15:49.032, 286.73, 90, 74232, 73
2026/07/29 03:15:50.067, 290.54, 100, 74232, 73
2026/07/29 03:15:51.109, 289.47, 100, 74232, 73
2026/07/29 03:15:52.144, 283.13, 100, 74232, 73
2026/07/29 03:15:53.183, 306.31, 100, 74232, 73
2026/07/29 03:15:54.218, 305.85, 100, 74232, 73
2026/07/29 03:15:55.254, 300.57, 100, 74232, 72
2026/07/29 03:15:56.299, 299.78, 100, 74232, 72
2026/07/29 03:15:57.336, 300.85, 100, 74232, 72
2026/07/29 03:15:58.374, 297.05, 100, 74232, 72
2026/07/29 03:15:59.412, 302.89, 100, 74232, 72
2026/07/29 03:16:00.448, 294.92, 100, 74232, 72
2026/07/29 03:16:01.487, 293.64, 100, 74232, 72
2026/07/29 03:16:02.523, 99.05, 0, 74232, 69
2026/07/29 03:16:03.556, 288.18, 100, 74232, 73
2026/07/29 03:16:04.591, 301.78, 100, 74232, 74
2026/07/29 03:16:05.631, 314.10, 100, 74232, 74
2026/07/29 03:16:06.666, 300.40, 100, 74232, 74
2026/07/29 03:16:07.699, 296.86, 100, 74232, 74
2026/07/29 03:16:08.736, 300.65, 100, 74232, 72
2026/07/29 03:16:09.774, 294.22, 100, 74232, 72
2026/07/29 03:16:10.811, 297.17, 100, 74232, 72
2026/07/29 03:16:11.849, 300.55, 100, 74232, 72
2026/07/29 03:16:12.888, 295.50, 77, 74232, 70
2026/07/29 03:16:13.922, 292.78, 100, 74232, 73
2026/07/29 03:16:14.982, 295.29, 100, 74232, 74
2026/07/29 03:16:16.018, 295.97, 100, 74232, 74
2026/07/29 03:16:17.053, 294.37, 100, 74232, 74
2026/07/29 03:16:18.088, 306.02, 100, 74232, 74
2026/07/29 03:16:19.125, 282.15, 100, 74232, 74
2026/07/29 03:16:20.161, 302.12, 100, 74232, 72
2026/07/29 03:16:21.198, 302.32, 100, 74232, 72
2026/07/29 03:16:22.235, 301.73, 100, 74232, 73
2026/07/29 03:16:23.273, 99.74, 0, 74232, 70
2026/07/29 03:16:24.307, 294.34, 100, 74232, 74
2026/07/29 03:16:25.342, 306.71, 100, 74232, 74
2026/07/29 03:16:26.378, 300.47, 100, 74232, 74
2026/07/29 03:16:27.418, 320.18, 100, 74232, 74
2026/07/29 03:16:28.453, 304.68, 100, 74232, 75
2026/07/29 03:16:29.488, 253.15, 100, 74232, 73
2026/07/29 03:16:30.527, 285.08, 100, 74232, 73
2026/07/29 03:16:31.564, 287.23, 100, 74232, 73
2026/07/29 03:16:32.611, 295.21, 100, 74232, 73
2026/07/29 03:16:33.648, 296.76, 100, 74232, 73
2026/07/29 03:16:34.684, 298.01, 100, 74232, 74
2026/07/29 03:16:35.760, 297.63, 100, 74232, 75
2026/07/29 03:16:36.797, 283.43, 100, 74232, 74
2026/07/29 03:16:37.833, 279.90, 100, 74232, 75
2026/07/29 03:16:38.872, 278.72, 100, 74232, 75
2026/07/29 03:16:39.911, 296.83, 100, 74232, 75
2026/07/29 03:16:40.951, 302.61, 100, 74232, 73
2026/07/29 03:16:41.989, 302.71, 100, 74232, 73
2026/07/29 03:16:43.026, 302.21, 100, 74232, 73
2026/07/29 03:16:44.063, 302.79, 100, 74232, 73
2026/07/29 03:16:45.100, 100.63, 0, 74232, 70
2026/07/29 03:16:46.133, 296.49, 100, 74232, 75
2026/07/29 03:16:47.170, 306.55, 100, 74232, 75
2026/07/29 03:16:48.205, 288.15, 100, 74232, 75
2026/07/29 03:16:49.240, 304.65, 100, 74232, 75
2026/07/29 03:16:50.283, 298.89, 100, 74232, 75
2026/07/29 03:16:51.318, 275.40, 100, 74232, 75
2026/07/29 03:16:52.357, 287.62, 100, 74232, 73
2026/07/29 03:16:53.395, 291.61, 100, 74232, 73
2026/07/29 03:16:54.435, 295.22, 100, 74232, 73
2026/07/29 03:16:55.475, 98.04, 66, 74232, 71
2026/07/29 03:16:56.508, 301.91, 100, 74232, 75
2026/07/29 03:16:57.544, 296.08, 100, 74232, 75
2026/07/29 03:16:58.580, 304.04, 100, 74232, 75
2026/07/29 03:16:59.616, 287.39, 100, 74232, 75
2026/07/29 03:17:00.652, 280.59, 100, 74232, 75
2026/07/29 03:17:01.689, 299.10, 100, 74232, 75
2026/07/29 03:17:02.726, 302.48, 100, 74232, 73
2026/07/29 03:17:03.764, 304.58, 100, 74232, 73
2026/07/29 03:17:04.801, 303.17, 100, 74232, 74
2026/07/29 03:17:05.839, 304.65, 100, 74232, 74
2026/07/29 03:17:06.876, 280.23, 100, 74232, 75
2026/07/29 03:17:07.912, 289.46, 100, 74232, 75
2026/07/29 03:17:08.947, 304.07, 100, 74232, 76
2026/07/29 03:17:09.984, 276.08, 100, 74232, 75
2026/07/29 03:17:11.022, 260.36, 100, 74232, 75
2026/07/29 03:17:12.059, 303.21, 100, 74232, 75
2026/07/29 03:17:13.095, 304.44, 100, 74232, 74
2026/07/29 03:17:14.134, 296.47, 100, 74232, 74
2026/07/29 03:17:15.171, 298.62, 100, 74232, 74
2026/07/29 03:17:16.215, 298.51, 100, 74232, 74
2026/07/29 03:17:17.255, 294.03, 100, 74232, 74
2026/07/29 03:17:18.292, 103.03, 0, 74232, 71
2026/07/29 03:17:19.326, 303.58, 100, 74232, 75
2026/07/29 03:17:20.362, 303.80, 100, 74232, 75
2026/07/29 03:17:21.396, 314.06, 100, 74232, 76
2026/07/29 03:17:22.438, 303.85, 100, 74232, 76
2026/07/29 03:17:23.473, 292.87, 100, 74232, 75
2026/07/29 03:17:24.508, 308.29, 100, 74232, 75
2026/07/29 03:17:25.550, 304.37, 100, 74232, 74
2026/07/29 03:17:26.590, 306.02, 100, 74232, 74
2026/07/29 03:17:27.627, 304.65, 100, 74232, 74
2026/07/29 03:17:28.664, 308.16, 100, 74232, 76
2026/07/29 03:17:29.699, 293.87, 100, 74232, 76
2026/07/29 03:17:30.732, 289.06, 100, 74232, 76
2026/07/29 03:17:31.768, 315.30, 100, 74232, 76
2026/07/29 03:17:32.805, 292.90, 100, 74232, 76
2026/07/29 03:17:33.841, 291.03, 100, 74232, 76
2026/07/29 03:17:34.875, 317.09, 100, 74232, 76
2026/07/29 03:17:35.915, 285.26, 100, 74232, 74
2026/07/29 03:17:36.953, 289.38, 100, 74232, 74
2026/07/29 03:17:37.992, 289.98, 100, 74232, 74
2026/07/29 03:17:39.029, 289.55, 100, 74232, 74
2026/07/29 03:17:40.069, 289.16, 100, 74232, 74
2026/07/29 03:17:41.107, 291.30, 100, 74232, 74
2026/07/29 03:17:42.144, 296.97, 100, 74232, 74
2026/07/29 03:17:43.185, 286.39, 74, 74232, 73
2026/07/29 03:17:44.218, 304.06, 100, 74232, 76
2026/07/29 03:17:45.254, 294.42, 100, 74232, 76
2026/07/29 03:17:46.290, 290.16, 100, 74232, 76
2026/07/29 03:17:47.326, 308.52, 100, 74232, 76
2026/07/29 03:17:48.362, 311.06, 100, 74232, 75
2026/07/29 03:17:49.396, 313.67, 100, 74232, 76
2026/07/29 03:17:50.430, 299.77, 100, 74232, 75
2026/07/29 03:17:51.468, 304.86, 100, 74232, 74
2026/07/29 03:17:52.505, 304.17, 100, 74232, 74
2026/07/29 03:17:53.543, 304.37, 100, 74232, 74
2026/07/29 03:17:54.581, 301.55, 100, 74232, 74
2026/07/29 03:17:55.618, 300.95, 100, 74232, 74
2026/07/29 03:17:56.650, 296.65, 100, 74232, 75
2026/07/29 03:17:57.685, 311.99, 100, 74232, 76
2026/07/29 03:17:58.728, 285.55, 100, 74232, 75
2026/07/29 03:17:59.764, 282.13, 100, 74232, 75
2026/07/29 03:18:00.800, 303.38, 100, 74232, 75
2026/07/29 03:18:01.835, 302.14, 100, 74232, 75
2026/07/29 03:18:02.871, 301.53, 100, 74232, 75
2026/07/29 03:18:03.907, 305.34, 100, 74232, 74
2026/07/29 03:18:04.945, 305.43, 100, 74232, 74
2026/07/29 03:18:05.983, 303.79, 100, 74232, 74
2026/07/29 03:18:07.020, 304.82, 100, 74232, 74
2026/07/29 03:18:08.057, 304.18, 100, 74232, 74
2026/07/29 03:18:09.095, 303.91, 100, 74232, 76
2026/07/29 03:18:10.131, 299.63, 100, 74232, 76
2026/07/29 03:18:11.166, 296.79, 100, 74232, 76
2026/07/29 03:18:12.200, 307.39, 100, 74232, 76
2026/07/29 03:18:13.235, 298.04, 100, 74232, 76
2026/07/29 03:18:14.272, 291.43, 100, 74232, 75
2026/07/29 03:18:15.306, 290.05, 100, 74232, 76
2026/07/29 03:18:16.342, 288.99, 100, 74232, 74
2026/07/29 03:18:17.381, 289.36, 100, 74232, 74
2026/07/29 03:18:18.418, 297.76, 100, 74232, 74
2026/07/29 03:18:19.457, 298.33, 100, 74232, 74
2026/07/29 03:18:20.495, 287.15, 100, 74232, 74
2026/07/29 03:18:21.538, 292.48, 100, 74232, 74
2026/07/29 03:18:22.577, 296.77, 100, 74232, 74
2026/07/29 03:18:23.614, 304.81, 100, 74232, 74
2026/07/29 03:18:24.656, 298.93, 100, 74232, 74
2026/07/29 03:18:25.694, 303.55, 100, 74232, 74
2026/07/29 03:18:26.732, 300.27, 100, 74232, 74
2026/07/29 03:18:27.772, 304.53, 100, 74232, 74
2026/07/29 03:18:28.809, 303.57, 100, 74232, 74
2026/07/29 03:18:29.846, 302.66, 100, 74232, 74
2026/07/29 03:18:30.884, 297.75, 100, 74232, 74
2026/07/29 03:18:31.921, 303.39, 100, 74232, 74
2026/07/29 03:18:32.959, 302.86, 100, 74232, 74
2026/07/29 03:18:33.995, 303.19, 100, 74232, 74
2026/07/29 03:18:35.034, 295.20, 100, 74232, 74
2026/07/29 03:18:36.072, 298.25, 100, 74232, 74
2026/07/29 03:18:37.109, 295.69, 100, 74232, 74
2026/07/29 03:18:38.146, 297.14, 100, 74232, 74
2026/07/29 03:18:39.184, 297.35, 100, 74232, 74
2026/07/29 03:18:40.221, 295.59, 100, 74232, 74
2026/07/29 03:18:41.258, 293.74, 100, 74232, 74
2026/07/29 03:18:42.295, 292.98, 100, 74232, 74
2026/07/29 03:18:43.334, 296.27, 100, 74232, 74
2026/07/29 03:18:44.372, 296.27, 100, 74232, 74
2026/07/29 03:18:45.412, 296.66, 100, 74232, 74
2026/07/29 03:18:46.449, 295.80, 100, 74232, 74
2026/07/29 03:18:47.486, 295.58, 100, 74232, 74
2026/07/29 03:18:48.524, 295.81, 100, 74232, 73
2026/07/29 03:18:49.563, 294.54, 100, 74232, 73
2026/07/29 03:18:50.601, 293.95, 100, 74232, 73
2026/07/29 03:18:51.638, 296.07, 100, 74232, 73
2026/07/29 03:18:52.675, 302.12, 100, 74232, 73
2026/07/29 03:18:53.711, 301.93, 100, 74232, 73
2026/07/29 03:18:54.748, 298.43, 100, 74232, 73
2026/07/29 03:18:55.785, 303.10, 100, 74232, 73
2026/07/29 03:18:56.823, 302.51, 100, 74232, 73
2026/07/29 03:18:57.859, 302.90, 100, 74232, 73
2026/07/29 03:18:58.896, 303.69, 100, 74232, 73
2026/07/29 03:18:59.934, 301.34, 100, 74232, 73
2026/07/29 03:19:00.974, 304.84, 100, 74232, 73
2026/07/29 03:19:02.012, 292.27, 100, 74232, 73
2026/07/29 03:19:03.048, 295.41, 100, 74232, 73
2026/07/29 03:19:04.085, 301.14, 100, 74232, 73
2026/07/29 03:19:05.122, 295.90, 100, 74232, 73
2026/07/29 03:19:06.162, 297.94, 100, 74232, 73
2026/07/29 03:19:07.199, 298.62, 100, 74232, 73
2026/07/29 03:19:08.239, 296.08, 100, 74232, 73
2026/07/29 03:19:09.279, 295.11, 100, 74232, 73
2026/07/29 03:19:10.315, 302.90, 100, 74232, 73
2026/07/29 03:19:11.352, 302.08, 100, 74232, 73
2026/07/29 03:19:12.390, 296.41, 100, 74232, 73
2026/07/29 03:19:13.429, 293.56, 100, 74232, 73
2026/07/29 03:19:14.466, 294.54, 100, 74232, 73
2026/07/29 03:19:15.503, 295.12, 100, 74232, 73
2026/07/29 03:19:16.540, 296.18, 100, 74232, 73
2026/07/29 03:19:17.578, 293.65, 100, 74232, 73
2026/07/29 03:19:18.615, 294.82, 100, 74232, 73
2026/07/29 03:19:19.652, 296.97, 100, 74232, 73
2026/07/29 03:19:20.693, 293.96, 100, 74232, 73
2026/07/29 03:19:21.729, 301.35, 100, 74232, 73
2026/07/29 03:19:22.766, 301.83, 100, 74232, 73
2026/07/29 03:19:23.804, 304.92, 100, 74232, 73
2026/07/29 03:19:24.840, 301.55, 100, 74232, 73
2026/07/29 03:19:25.876, 297.84, 100, 74232, 73
2026/07/29 03:19:26.913, 302.15, 100, 74232, 73
2026/07/29 03:19:27.951, 302.13, 100, 74232, 73
2026/07/29 03:19:28.989, 300.77, 100, 74232, 73
2026/07/29 03:19:30.027, 301.91, 100, 74232, 73
2026/07/29 03:19:31.065, 297.73, 100, 74232, 73
2026/07/29 03:19:32.103, 288.79, 100, 74232, 74
2026/07/29 03:19:33.139, 302.38, 100, 74232, 75
2026/07/29 03:19:34.174, 296.48, 100, 74232, 75
2026/07/29 03:19:35.212, 287.91, 100, 74232, 75
2026/07/29 03:19:36.246, 290.27, 100, 74232, 75
2026/07/29 03:19:37.280, 302.40, 100, 74232, 75
2026/07/29 03:19:38.319, 301.99, 100, 74232, 73
2026/07/29 03:19:39.356, 288.19, 100, 74232, 73
2026/07/29 03:19:40.396, 296.68, 100, 74232, 73
2026/07/29 03:19:41.434, 295.13, 100, 74232, 73
2026/07/29 03:19:42.470, 298.13, 100, 74232, 73
2026/07/29 03:19:43.506, 295.60, 100, 74232, 73
2026/07/29 03:19:44.544, 302.91, 100, 74232, 73
2026/07/29 03:19:45.580, 303.95, 100, 74232, 73
2026/07/29 03:19:46.617, 290.14, 100, 74232, 75
2026/07/29 03:19:47.653, 299.00, 100, 74232, 75
2026/07/29 03:19:48.687, 306.12, 100, 74232, 75
2026/07/29 03:19:49.722, 305.89, 100, 74232, 75
2026/07/29 03:19:50.757, 306.15, 100, 74232, 75
2026/07/29 03:19:51.797, 289.05, 100, 74232, 75
2026/07/29 03:19:52.832, 285.95, 100, 74232, 73
2026/07/29 03:19:53.869, 295.12, 100, 74232, 73
2026/07/29 03:19:54.909, 292.29, 100, 74232, 73
2026/07/29 03:19:55.955, 296.11, 100, 74232, 74
2026/07/29 03:19:56.992, 301.71, 100, 74232, 74
2026/07/29 03:19:58.029, 296.17, 100, 74232, 74
2026/07/29 03:19:59.066, 296.70, 100, 74232, 74
2026/07/29 03:20:00.103, 300.77, 100, 74232, 74
2026/07/29 03:20:01.140, 305.89, 100, 74232, 73
2026/07/29 03:20:02.176, 299.95, 100, 74232, 75
2026/07/29 03:20:03.220, 298.79, 100, 74232, 75
2026/07/29 03:20:04.254, 302.53, 100, 74232, 75
2026/07/29 03:20:05.295, 308.72, 100, 74232, 75
2026/07/29 03:20:06.330, 305.11, 100, 74232, 75
2026/07/29 03:20:07.367, 263.44, 100, 74232, 75
2026/07/29 03:20:08.406, 243.60, 100, 74232, 74
2026/07/29 03:20:09.443, 288.60, 100, 74232, 73
2026/07/29 03:20:10.482, 293.06, 100, 74232, 73
2026/07/29 03:20:11.520, 295.80, 100, 74232, 73
2026/07/29 03:20:12.556, 289.57, 100, 74232, 73
2026/07/29 03:20:13.593, 288.70, 100, 74232, 73
2026/07/29 03:20:14.630, 297.64, 100, 74232, 74
2026/07/29 03:20:15.667, 296.38, 100, 74232, 74
2026/07/29 03:20:16.704, 297.06, 100, 74232, 74
2026/07/29 03:20:17.741, 298.03, 100, 74232, 74
2026/07/29 03:20:18.778, 304.68, 74, 74232, 75
2026/07/29 03:20:19.813, 303.88, 100, 74232, 75
2026/07/29 03:20:20.848, 287.71, 100, 74232, 75
2026/07/29 03:20:21.882, 305.73, 100, 74232, 75
2026/07/29 03:20:22.917, 267.77, 100, 74232, 75
2026/07/29 03:20:23.954, 303.32, 100, 74232, 75
2026/07/29 03:20:24.989, 329.10, 100, 74232, 75
2026/07/29 03:20:26.024, 303.82, 100, 74232, 73
2026/07/29 03:20:27.064, 304.92, 100, 74232, 73
2026/07/29 03:20:28.100, 296.56, 82, 74232, 75
2026/07/29 03:20:29.136, 299.83, 100, 74232, 75
2026/07/29 03:20:30.173, 290.06, 100, 74232, 75
2026/07/29 03:20:31.213, 299.17, 100, 74232, 75
2026/07/29 03:20:32.247, 295.91, 100, 74232, 75
2026/07/29 03:20:33.283, 291.62, 100, 74232, 75
2026/07/29 03:20:34.318, 289.15, 100, 74232, 76
2026/07/29 03:20:35.363, 303.37, 100, 74232, 74
2026/07/29 03:20:36.401, 304.32, 100, 74232, 74
2026/07/29 03:20:37.438, 305.11, 100, 74232, 74
2026/07/29 03:20:38.476, 304.92, 100, 74232, 74
2026/07/29 03:20:39.512, 304.03, 100, 74232, 74
2026/07/29 03:20:40.548, 303.86, 100, 74232, 74
2026/07/29 03:20:41.584, 304.54, 100, 74232, 74
2026/07/29 03:20:42.622, 304.25, 100, 74232, 74
2026/07/29 03:20:43.659, 305.95, 100, 74232, 74
2026/07/29 03:20:44.697, 102.56, 0, 74232, 71
2026/07/29 03:20:45.730, 288.05, 100, 74232, 75
2026/07/29 03:20:46.767, 300.27, 100, 74232, 75
2026/07/29 03:20:47.801, 296.66, 100, 74232, 75
2026/07/29 03:20:48.835, 299.16, 100, 74232, 76
2026/07/29 03:20:49.872, 285.05, 100, 74232, 75
2026/07/29 03:20:50.910, 285.60, 100, 74232, 75
2026/07/29 03:20:51.945, 308.13, 100, 74232, 75
2026/07/29 03:20:52.981, 305.60, 100, 74232, 74
2026/07/29 03:20:54.022, 284.50, 100, 74232, 74
2026/07/29 03:20:55.059, 290.55, 100, 74232, 74
2026/07/29 03:20:56.096, 296.17, 100, 74232, 74
2026/07/29 03:20:57.133, 297.26, 100, 74232, 74
2026/07/29 03:20:58.176, 296.56, 100, 74232, 74
2026/07/29 03:20:59.214, 301.31, 100, 74232, 75
2026/07/29 03:21:00.277, 300.32, 100, 74232, 75
2026/07/29 03:21:01.312, 290.84, 100, 74232, 76
2026/07/29 03:21:02.348, 291.03, 100, 74232, 75
2026/07/29 03:21:03.382, 321.97, 100, 74232, 76
2026/07/29 03:21:04.418, 315.56, 100, 74232, 75
2026/07/29 03:21:05.459, 309.47, 100, 74232, 76
2026/07/29 03:21:06.496, 305.21, 100, 74232, 74
2026/07/29 03:21:07.534, 304.34, 100, 74232, 74
2026/07/29 03:21:08.571, 305.79, 100, 74232, 74
2026/07/29 03:21:09.610, 301.24, 100, 74232, 74
2026/07/29 03:21:10.646, 304.06, 100, 74232, 74
2026/07/29 03:21:11.683, 296.96, 100, 74232, 74
2026/07/29 03:21:12.721, 305.69, 100, 74232, 74
2026/07/29 03:21:13.757, 100.63, 0, 74232, 71
2026/07/29 03:21:14.788, 294.44, 100, 74232, 74
2026/07/29 03:21:15.826, 295.12, 100, 74232, 74
2026/07/29 03:21:16.867, 302.21, 100, 74232, 74
2026/07/29 03:21:17.906, 303.67, 100, 74232, 74
2026/07/29 03:21:18.944, 302.68, 100, 74232, 74
2026/07/29 03:21:19.981, 302.78, 100, 74232, 74
2026/07/29 03:21:21.017, 305.79, 100, 74232, 74
2026/07/29 03:21:22.053, 302.49, 100, 74232, 74
2026/07/29 03:21:23.091, 304.40, 100, 74232, 74
2026/07/29 03:21:24.127, 302.57, 100, 74232, 74
2026/07/29 03:21:25.164, 302.80, 100, 74232, 74
2026/07/29 03:21:26.201, 304.34, 100, 74232, 74
2026/07/29 03:21:27.238, 301.93, 100, 74232, 74
2026/07/29 03:21:28.274, 303.84, 100, 74232, 74
2026/07/29 03:21:29.312, 302.74, 100, 74232, 74
2026/07/29 03:21:30.351, 301.52, 100, 74232, 73
2026/07/29 03:21:31.388, 296.66, 100, 74232, 73
2026/07/29 03:21:32.425, 296.93, 100, 74232, 73
2026/07/29 03:21:33.462, 291.40, 100, 74232, 73
2026/07/29 03:21:34.500, 295.40, 100, 74232, 73
2026/07/29 03:21:35.537, 294.33, 100, 74232, 73
2026/07/29 03:21:36.574, 294.91, 100, 74232, 73
2026/07/29 03:21:37.611, 294.04, 100, 74232, 73
2026/07/29 03:21:38.650, 295.59, 100, 74232, 73
2026/07/29 03:21:39.686, 299.28, 100, 74232, 73
2026/07/29 03:21:40.725, 303.83, 100, 74232, 73
2026/07/29 03:21:41.765, 299.97, 100, 74232, 73
2026/07/29 03:21:42.803, 298.53, 100, 74232, 73
2026/07/29 03:21:43.842, 301.43, 100, 74232, 73
2026/07/29 03:21:44.880, 297.83, 100, 74232, 73
2026/07/29 03:21:45.919, 302.27, 100, 74232, 73
2026/07/29 03:21:46.959, 301.61, 100, 74232, 73
2026/07/29 03:21:47.997, 300.64, 100, 74232, 73
2026/07/29 03:21:49.035, 300.75, 100, 74232, 73
2026/07/29 03:21:50.072, 301.03, 100, 74232, 73
2026/07/29 03:21:51.110, 300.93, 100, 74232, 73
2026/07/29 03:21:52.147, 302.87, 100, 74232, 73
2026/07/29 03:21:53.185, 301.24, 100, 74232, 73
2026/07/29 03:21:54.223, 301.62, 100, 74232, 73
2026/07/29 03:21:55.261, 302.29, 100, 74232, 73
2026/07/29 03:21:56.299, 301.72, 100, 74232, 73
2026/07/29 03:21:57.338, 302.27, 100, 74232, 73
2026/07/29 03:21:58.376, 300.63, 100, 74232, 73
2026/07/29 03:21:59.416, 302.40, 100, 74232, 73
2026/07/29 03:22:00.454, 300.52, 100, 74232, 73
2026/07/29 03:22:01.491, 301.71, 100, 74232, 73
2026/07/29 03:22:02.530, 296.27, 100, 74232, 73
2026/07/29 03:22:03.569, 296.47, 100, 74232, 73
2026/07/29 03:22:04.608, 289.67, 100, 74232, 73
2026/07/29 03:22:05.647, 294.05, 100, 74232, 73
2026/07/29 03:22:06.685, 293.55, 100, 74232, 73
2026/07/29 03:22:07.723, 293.08, 100, 74232, 73
2026/07/29 03:22:08.764, 293.92, 100, 74232, 73
2026/07/29 03:22:09.801, 301.82, 100, 74232, 73
2026/07/29 03:22:10.839, 302.40, 100, 74232, 73
2026/07/29 03:22:11.877, 302.30, 100, 74232, 73
2026/07/29 03:22:12.916, 300.75, 100, 74232, 73
2026/07/29 03:22:13.957, 302.10, 100, 74232, 73
2026/07/29 03:22:14.995, 303.38, 100, 74232, 73
2026/07/29 03:22:16.032, 302.99, 100, 74232, 73
2026/07/29 03:22:17.068, 301.90, 100, 74232, 73
2026/07/29 03:22:18.106, 303.09, 100, 74232, 73
2026/07/29 03:22:19.145, 304.44, 100, 74232, 73
2026/07/29 03:22:20.183, 301.58, 100, 74232, 73
2026/07/29 03:22:21.222, 301.71, 100, 74232, 73
2026/07/29 03:22:22.259, 298.03, 100, 74232, 73
2026/07/29 03:22:23.297, 294.81, 100, 74232, 73
2026/07/29 03:22:24.334, 294.53, 100, 74232, 73
2026/07/29 03:22:25.373, 301.72, 100, 74232, 73
2026/07/29 03:22:26.411, 295.68, 100, 74232, 73
2026/07/29 03:22:27.448, 293.64, 100, 74232, 73
2026/07/29 03:22:28.487, 300.27, 100, 74232, 73
2026/07/29 03:22:29.524, 302.59, 100, 74232, 73
2026/07/29 03:22:30.562, 299.27, 100, 74232, 73
2026/07/29 03:22:31.601, 293.56, 100, 74232, 73
2026/07/29 03:22:32.639, 289.58, 100, 74232, 73
2026/07/29 03:22:33.682, 292.28, 100, 74232, 73
2026/07/29 03:22:34.719, 289.08, 100, 74232, 73
2026/07/29 03:22:35.757, 302.01, 100, 74232, 73
2026/07/29 03:22:36.796, 294.44, 100, 74232, 73
2026/07/29 03:22:37.834, 293.27, 100, 74232, 73
2026/07/29 03:22:38.870, 298.97, 100, 74232, 73
2026/07/29 03:22:39.907, 300.84, 100, 74232, 73
2026/07/29 03:22:40.950, 299.01, 100, 74232, 73
2026/07/29 03:22:41.987, 297.66, 100, 74232, 73
2026/07/29 03:22:43.025, 301.22, 100, 74232, 73
2026/07/29 03:22:44.062, 300.34, 100, 74232, 73
2026/07/29 03:22:45.098, 301.62, 100, 74232, 73
2026/07/29 03:22:46.135, 297.41, 100, 74232, 73
2026/07/29 03:22:47.172, 297.90, 100, 74232, 73
2026/07/29 03:22:48.209, 301.44, 100, 74232, 73
2026/07/29 03:22:49.247, 303.07, 100, 74232, 74
2026/07/29 03:22:50.282, 289.80, 100, 74232, 74
2026/07/29 03:22:51.319, 297.83, 100, 74232, 74
2026/07/29 03:22:52.354, 298.78, 100, 74232, 74
2026/07/29 03:22:53.390, 310.52, 100, 74232, 74
2026/07/29 03:22:54.426, 295.52, 100, 74232, 75
2026/07/29 03:22:55.464, 301.92, 100, 74232, 73
2026/07/29 03:22:56.501, 302.11, 100, 74232, 73
2026/07/29 03:22:57.538, 304.05, 100, 74232, 73
2026/07/29 03:22:58.575, 301.81, 100, 74232, 73
2026/07/29 03:22:59.612, 302.90, 100, 74232, 73
2026/07/29 03:23:00.650, 306.33, 100, 74232, 73
2026/07/29 03:23:01.687, 302.56, 100, 74232, 73
2026/07/29 03:23:02.724, 304.82, 100, 74232, 73
2026/07/29 03:23:03.761, 303.07, 100, 74232, 73
2026/07/29 03:23:04.797, 301.71, 100, 74232, 73
2026/07/29 03:23:05.834, 100.85, 75, 74232, 70
2026/07/29 03:23:06.867, 296.85, 100, 74232, 74
2026/07/29 03:23:07.903, 300.07, 100, 74232, 74
2026/07/29 03:23:08.940, 301.11, 100, 74232, 74
2026/07/29 03:23:09.975, 296.85, 100, 74232, 74
2026/07/29 03:23:11.010, 312.79, 100, 74232, 75
2026/07/29 03:23:12.045, 292.27, 100, 74232, 75
2026/07/29 03:23:13.086, 301.99, 100, 74232, 73
2026/07/29 03:23:14.123, 302.12, 100, 74232, 73
2026/07/29 03:23:15.160, 302.87, 100, 74232, 73
2026/07/29 03:23:16.197, 303.48, 100, 74232, 73
2026/07/29 03:23:17.233, 302.39, 100, 74232, 73
2026/07/29 03:23:18.270, 304.16, 100, 74232, 73
2026/07/29 03:23:19.307, 305.98, 100, 74232, 73
2026/07/29 03:23:20.344, 427.60, 67, 74232, 75
2026/07/29 03:23:21.384, 299.95, 100, 74232, 75
2026/07/29 03:23:22.418, 295.00, 100, 74232, 75
2026/07/29 03:23:23.456, 296.02, 100, 74232, 75
2026/07/29 03:23:24.492, 276.03, 100, 74232, 75
2026/07/29 03:23:25.529, 307.18, 100, 74232, 75
2026/07/29 03:23:26.568, 317.64, 100, 74232, 75
2026/07/29 03:23:27.603, 295.20, 100, 74232, 73
2026/07/29 03:23:28.646, 296.86, 100, 74232, 73
2026/07/29 03:23:29.684, 294.52, 100, 74232, 73
2026/07/29 03:23:30.721, 295.67, 100, 74232, 73
2026/07/29 03:23:31.758, 294.64, 100, 74232, 73
2026/07/29 03:23:32.795, 295.50, 100, 74232, 73
2026/07/29 03:23:33.832, 100.19, 0, 74232, 70
2026/07/29 03:23:34.865, 294.71, 100, 74232, 75
2026/07/29 03:23:35.901, 302.21, 100, 74232, 75
2026/07/29 03:23:36.940, 305.17, 100, 74232, 75
2026/07/29 03:23:37.977, 308.75, 100, 74232, 75
2026/07/29 03:23:39.014, 310.69, 100, 74232, 75
2026/07/29 03:23:40.050, 302.71, 100, 74232, 75
2026/07/29 03:23:41.086, 302.58, 100, 74232, 73
2026/07/29 03:23:42.125, 302.79, 100, 74232, 73
2026/07/29 03:23:43.162, 302.40, 100, 74232, 73
2026/07/29 03:23:44.199, 302.99, 100, 74232, 73
2026/07/29 03:23:45.236, 303.04, 100, 74232, 73
2026/07/29 03:23:46.273, 368.42, 79, 74232, 75
2026/07/29 03:23:47.308, 303.67, 100, 74232, 75
2026/07/29 03:23:48.343, 279.00, 100, 74232, 75
2026/07/29 03:23:49.379, 299.41, 100, 74232, 75
2026/07/29 03:23:50.414, 266.87, 100, 74232, 75
2026/07/29 03:23:51.449, 315.05, 100, 74232, 75
2026/07/29 03:23:52.483, 304.80, 100, 74232, 75
2026/07/29 03:23:53.517, 303.76, 100, 74232, 74
2026/07/29 03:23:54.553, 305.02, 100, 74232, 74
2026/07/29 03:23:55.590, 303.47, 100, 74232, 73
2026/07/29 03:23:56.628, 301.14, 100, 74232, 74
2026/07/29 03:23:57.664, 293.44, 100, 74232, 73
2026/07/29 03:23:58.701, 296.48, 100, 74232, 74
2026/07/29 03:23:59.741, 296.49, 100, 74232, 74
2026/07/29 03:24:00.779, 382.17, 10, 74232, 73
2026/07/29 03:24:01.815, 287.22, 100, 74232, 75
2026/07/29 03:24:02.850, 294.52, 100, 74232, 75
2026/07/29 03:24:03.887, 291.90, 100, 74232, 75
2026/07/29 03:24:04.924, 283.92, 100, 74232, 75
2026/07/29 03:24:05.960, 309.42, 100, 74232, 75
2026/07/29 03:24:06.995, 288.68, 100, 74232, 75
2026/07/29 03:24:08.034, 305.50, 100, 74232, 73
2026/07/29 03:24:09.071, 303.21, 100, 74232, 73
2026/07/29 03:24:10.107, 303.77, 100, 74232, 73
2026/07/29 03:24:11.144, 304.17, 100, 74232, 73
2026/07/29 03:24:12.182, 303.30, 100, 74232, 73
2026/07/29 03:24:13.218, 304.92, 100, 74232, 74
2026/07/29 03:24:14.255, 303.97, 100, 74232, 74
2026/07/29 03:24:15.292, 101.71, 0, 74232, 70
2026/07/29 03:24:16.325, 296.49, 100, 74232, 75
2026/07/29 03:24:17.359, 286.23, 100, 74232, 75
2026/07/29 03:24:18.394, 288.78, 100, 74232, 75
2026/07/29 03:24:19.437, 302.64, 100, 74232, 75
2026/07/29 03:24:20.473, 287.61, 100, 74232, 75
2026/07/29 03:24:21.510, 278.07, 100, 74232, 75
2026/07/29 03:24:22.552, 302.97, 100, 74232, 73
2026/07/29 03:24:23.589, 302.99, 100, 74232, 73
2026/07/29 03:24:24.625, 293.25, 100, 74232, 73
2026/07/29 03:24:25.662, 304.04, 100, 74232, 73
2026/07/29 03:24:26.698, 303.27, 100, 74232, 74
2026/07/29 03:24:27.734, 299.61, 100, 74232, 74
2026/07/29 03:24:28.771, 306.00, 100, 74232, 75
2026/07/29 03:24:29.807, 314.01, 100, 74232, 76
2026/07/29 03:24:30.841, 289.17, 100, 74232, 75
2026/07/29 03:24:31.878, 292.39, 100, 74232, 75
2026/07/29 03:24:32.915, 288.39, 100, 74232, 75
2026/07/29 03:24:33.952, 284.36, 100, 74232, 75
2026/07/29 03:24:34.987, 297.23, 100, 74232, 75
2026/07/29 03:24:36.022, 304.37, 100, 74232, 74
2026/07/29 03:24:37.061, 304.44, 100, 74232, 74
2026/07/29 03:24:38.099, 304.77, 100, 74232, 74
2026/07/29 03:24:39.137, 304.05, 100, 74232, 74
2026/07/29 03:24:40.175, 297.46, 100, 74232, 74
2026/07/29 03:24:41.211, 299.11, 100, 74232, 74
2026/07/29 03:24:42.248, 305.05, 100, 74232, 74
2026/07/29 03:24:43.284, 294.92, 100, 74232, 74
2026/07/29 03:24:44.322, 296.57, 100, 74232, 74
2026/07/29 03:24:45.358, 297.23, 100, 74232, 74
2026/07/29 03:24:46.395, 296.58, 100, 74232, 74
2026/07/29 03:24:47.431, 297.63, 100, 74232, 74
2026/07/29 03:24:48.470, 300.66, 100, 74232, 74
2026/07/29 03:24:49.507, 293.07, 100, 74232, 74
2026/07/29 03:24:50.544, 296.09, 100, 74232, 74
2026/07/29 03:24:51.581, 101.05, 75, 74232, 75
2026/07/29 03:24:52.618, 292.11, 100, 74232, 75
2026/07/29 03:24:53.654, 291.97, 100, 74232, 75
2026/07/29 03:24:54.688, 298.97, 100, 74232, 75
2026/07/29 03:24:55.723, 288.32, 100, 74232, 75
2026/07/29 03:24:56.764, 267.27, 100, 74232, 75
2026/07/29 03:24:57.799, 295.26, 100, 74232, 75
2026/07/29 03:24:58.833, 293.67, 100, 74232, 73
2026/07/29 03:24:59.871, 288.00, 100, 74232, 73
2026/07/29 03:25:00.914, 289.95, 100, 74232, 73
2026/07/29 03:25:01.952, 292.88, 100, 74232, 73
2026/07/29 03:25:02.988, 295.90, 100, 74232, 73
2026/07/29 03:25:04.026, 309.16, 35, 74232, 75
2026/07/29 03:25:05.060, 297.54, 100, 74232, 75
2026/07/29 03:25:06.096, 297.45, 100, 74232, 75
2026/07/29 03:25:07.130, 304.93, 100, 74232, 75
2026/07/29 03:25:08.167, 257.02, 100, 74232, 75
2026/07/29 03:25:09.203, 282.48, 100, 74232, 75
2026/07/29 03:25:10.239, 322.93, 100, 74232, 75
2026/07/29 03:25:11.274, 303.49, 100, 74232, 74
2026/07/29 03:25:12.311, 301.53, 100, 74232, 74
2026/07/29 03:25:13.349, 296.74, 100, 74232, 74
2026/07/29 03:25:14.387, 297.57, 100, 74232, 74
2026/07/29 03:25:15.426, 99.43, 56, 74232, 71
2026/07/29 03:25:16.460, 303.74, 100, 74232, 75
2026/07/29 03:25:17.497, 302.71, 100, 74232, 74
2026/07/29 03:25:18.535, 302.69, 100, 74232, 74
2026/07/29 03:25:19.573, 303.27, 100, 74232, 74
2026/07/29 03:25:20.609, 303.49, 100, 74232, 74
2026/07/29 03:25:21.646, 303.15, 100, 74232, 74
2026/07/29 03:25:22.682, 304.95, 100, 74232, 74
2026/07/29 03:25:23.720, 302.40, 100, 74232, 74
2026/07/29 03:25:24.758, 305.79, 100, 74232, 74
2026/07/29 03:25:25.799, 304.72, 100, 74232, 74
2026/07/29 03:25:26.836, 296.97, 100, 74232, 74
2026/07/29 03:25:27.874, 294.13, 100, 74232, 74
2026/07/29 03:25:28.911, 294.62, 100, 74232, 74
2026/07/29 03:25:29.947, 294.24, 100, 74232, 74
2026/07/29 03:25:30.985, 296.11, 100, 74232, 74
2026/07/29 03:25:32.021, 294.13, 100, 74232, 74
2026/07/29 03:25:33.060, 295.31, 100, 74232, 73
2026/07/29 03:25:34.097, 291.02, 100, 74232, 73
2026/07/29 03:25:35.134, 286.94, 100, 74232, 73
2026/07/29 03:25:36.172, 296.11, 100, 74232, 73
2026/07/29 03:25:37.209, 295.11, 100, 74232, 73
2026/07/29 03:25:38.245, 301.74, 100, 74232, 73
2026/07/29 03:25:39.281, 298.74, 100, 74232, 73
2026/07/29 03:25:40.320, 302.32, 100, 74232, 73
2026/07/29 03:25:41.358, 302.79, 100, 74232, 73
2026/07/29 03:25:42.396, 303.59, 100, 74232, 73
2026/07/29 03:25:43.434, 302.33, 100, 74232, 73
2026/07/29 03:25:44.471, 301.99, 100, 74232, 73
2026/07/29 03:25:45.509, 304.34, 100, 74232, 73
2026/07/29 03:25:46.546, 294.33, 100, 74232, 73
2026/07/29 03:25:47.585, 293.76, 100, 74232, 73
2026/07/29 03:25:48.623, 295.02, 100, 74232, 73
2026/07/29 03:25:49.661, 293.75, 100, 74232, 73
2026/07/29 03:25:50.699, 295.40, 100, 74232, 73
2026/07/29 03:25:51.737, 295.31, 100, 74232, 73
2026/07/29 03:25:52.776, 302.60, 100, 74232, 73
2026/07/29 03:25:53.813, 301.45, 100, 74232, 73
2026/07/29 03:25:54.852, 293.85, 100, 74232, 73
2026/07/29 03:25:55.890, 295.10, 100, 74232, 73
2026/07/29 03:25:56.928, 294.91, 100, 74232, 73
2026/07/29 03:25:57.969, 290.91, 100, 74232, 73
2026/07/29 03:25:59.008, 293.28, 100, 74232, 73
2026/07/29 03:26:00.045, 292.69, 100, 74232, 73
2026/07/29 03:26:01.085, 295.68, 100, 74232, 73
2026/07/29 03:26:02.122, 294.64, 100, 74232, 73
2026/07/29 03:26:03.159, 294.13, 100, 74232, 73
2026/07/29 03:26:04.199, 296.56, 100, 74232, 73
2026/07/29 03:26:05.237, 302.60, 100, 74232, 73
2026/07/29 03:26:06.275, 301.91, 100, 74232, 73
2026/07/29 03:26:07.313, 293.74, 100, 74232, 73
2026/07/29 03:26:08.353, 303.09, 100, 74232, 73
2026/07/29 03:26:09.390, 300.76, 100, 74232, 73
2026/07/29 03:26:10.426, 300.85, 100, 74232, 73
2026/07/29 03:26:11.464, 302.40, 100, 74232, 73
2026/07/29 03:26:12.501, 301.44, 100, 74232, 73
2026/07/29 03:26:13.538, 301.74, 100, 74232, 73
2026/07/29 03:26:14.575, 302.13, 100, 74232, 73
2026/07/29 03:26:15.613, 301.85, 100, 74232, 73
2026/07/29 03:26:16.650, 301.46, 100, 74232, 73
2026/07/29 03:26:17.689, 300.26, 100, 74232, 73
2026/07/29 03:26:18.726, 301.05, 100, 74232, 73
2026/07/29 03:26:19.763, 301.71, 100, 74232, 73
2026/07/29 03:26:20.801, 301.97, 100, 74232, 73
2026/07/29 03:26:21.837, 300.57, 100, 74232, 73
2026/07/29 03:26:22.876, 302.34, 100, 74232, 73
2026/07/29 03:26:23.914, 299.80, 100, 74232, 73
2026/07/29 03:26:24.951, 289.18, 100, 74232, 72
2026/07/29 03:26:25.989, 294.43, 100, 74232, 72
2026/07/29 03:26:27.027, 292.67, 100, 74232, 73
2026/07/29 03:26:28.065, 290.05, 100, 74232, 73
2026/07/29 03:26:29.102, 294.44, 100, 74232, 73
2026/07/29 03:26:30.140, 302.70, 100, 74232, 73
2026/07/29 03:26:31.176, 293.94, 100, 74232, 73
2026/07/29 03:26:32.215, 297.47, 100, 74232, 73
2026/07/29 03:26:33.251, 300.86, 100, 74232, 73
2026/07/29 03:26:34.287, 296.57, 100, 74232, 73
2026/07/29 03:26:35.324, 300.87, 100, 74232, 73
2026/07/29 03:26:36.363, 302.11, 100, 74232, 73
2026/07/29 03:26:37.401, 300.72, 100, 74232, 73
2026/07/29 03:26:38.438, 301.54, 100, 74232, 73
2026/07/29 03:26:39.477, 302.22, 100, 74232, 73
2026/07/29 03:26:40.515, 301.54, 100, 74232, 73
2026/07/29 03:26:41.552, 303.05, 100, 74232, 73
2026/07/29 03:26:42.590, 302.14, 100, 74232, 73
2026/07/29 03:26:43.628, 301.53, 100, 74232, 73
2026/07/29 03:26:44.665, 302.72, 100, 74232, 73
2026/07/29 03:26:45.703, 302.14, 100, 74232, 73
2026/07/29 03:26:46.741, 291.40, 100, 74232, 73
2026/07/29 03:26:47.777, 295.20, 100, 74232, 73
2026/07/29 03:26:48.814, 301.32, 100, 74232, 73
2026/07/29 03:26:49.851, 302.53, 100, 74232, 73
2026/07/29 03:26:50.889, 294.63, 100, 74232, 73
2026/07/29 03:26:51.926, 294.05, 100, 74232, 73
2026/07/29 03:26:52.963, 293.15, 100, 74232, 73
2026/07/29 03:26:53.999, 294.22, 100, 74232, 73
2026/07/29 03:26:55.037, 301.12, 100, 74232, 73
2026/07/29 03:26:56.074, 297.55, 100, 74232, 73
2026/07/29 03:26:57.113, 294.62, 100, 74232, 73
2026/07/29 03:26:58.150, 298.81, 100, 74232, 73
2026/07/29 03:26:59.189, 296.58, 100, 74232, 74
2026/07/29 03:27:00.224, 299.12, 100, 74232, 74
2026/07/29 03:27:01.263, 300.94, 100, 74232, 74
2026/07/29 03:27:02.298, 301.56, 100, 74232, 75
2026/07/29 03:27:03.333, 276.90, 100, 74232, 74
2026/07/29 03:27:04.368, 297.91, 100, 74232, 74
2026/07/29 03:27:05.403, 295.89, 100, 74232, 73
2026/07/29 03:27:06.439, 292.78, 100, 74232, 72
2026/07/29 03:27:07.480, 294.02, 100, 74232, 73
2026/07/29 03:27:08.518, 296.09, 100, 74232, 73
2026/07/29 03:27:09.554, 294.05, 100, 74232, 73
2026/07/29 03:27:10.591, 293.76, 100, 74232, 73
2026/07/29 03:27:11.627, 295.30, 100, 74232, 73
2026/07/29 03:27:12.663, 294.92, 100, 74232, 73
2026/07/29 03:27:13.701, 294.24, 100, 74232, 73
2026/07/29 03:27:14.739, 294.53, 100, 74232, 73
2026/07/29 03:27:15.776, 301.55, 100, 74232, 73
2026/07/29 03:27:16.813, 96.57, 100, 74232, 70
2026/07/29 03:27:17.917, 298.82, 100, 74232, 74
2026/07/29 03:27:18.952, 301.78, 100, 74232, 74
2026/07/29 03:27:19.987, 298.02, 100, 74232, 74
2026/07/29 03:27:21.022, 298.49, 100, 74232, 74
2026/07/29 03:27:22.056, 300.70, 100, 74232, 74
2026/07/29 03:27:23.093, 304.39, 100, 74232, 74
2026/07/29 03:27:24.128, 301.34, 100, 74232, 73
2026/07/29 03:27:25.165, 303.39, 100, 74232, 73
2026/07/29 03:27:26.203, 302.33, 100, 74232, 73
2026/07/29 03:27:27.240, 302.77, 100, 74232, 73
2026/07/29 03:27:28.278, 302.42, 100, 74232, 73
2026/07/29 03:27:29.316, 302.03, 100, 74232, 73
2026/07/29 03:27:30.353, 291.02, 100, 74232, 73
2026/07/29 03:27:31.392, 294.44, 100, 74232, 73
2026/07/29 03:27:32.430, 295.51, 100, 74232, 73
2026/07/29 03:27:33.467, 296.10, 100, 74232, 73
2026/07/29 03:27:34.505, 295.01, 100, 74232, 73
2026/07/29 03:27:35.541, 295.90, 100, 74232, 73
2026/07/29 03:27:36.580, 296.99, 100, 74232, 73
2026/07/29 03:27:37.617, 294.72, 100, 74232, 73
2026/07/29 03:27:38.654, 99.64, 0, 74232, 70
2026/07/29 03:27:39.686, 98.67, 0, 74232, 69
2026/07/29 03:27:40.717, 97.99, 0, 74232, 68
2026/07/29 03:27:41.750, 97.17, 0, 74232, 68
2026/07/29 03:27:42.782, 96.24, 0, 74232, 67
2026/07/29 03:27:43.812, 95.63, 0, 74232, 67
2026/07/29 03:27:44.844, 95.17, 0, 74232, 66
2026/07/29 03:27:45.875, 93.49, 0, 74232, 66
2026/07/29 03:27:46.905, 92.76, 0, 74232, 65
2026/07/29 03:27:47.938, 93.64, 0, 74232, 65
2026/07/29 03:27:48.970, 93.15, 0, 74232, 65
2026/07/29 03:27:50.001, 90.97, 0, 74232, 64
2026/07/29 03:27:51.029, 90.67, 0, 74232, 64
2026/07/29 03:27:52.055, 90.80, 0, 74232, 64
2026/07/29 03:27:53.081, 90.77, 0, 74232, 63
2026/07/29 03:27:54.105, 90.27, 0, 74232, 63
2026/07/29 03:27:55.135, 89.98, 0, 74232, 63
2026/07/29 03:27:56.161, 88.63, 0, 74232, 62
2026/07/29 03:27:57.190, 89.72, 0, 74232, 62
2026/07/29 03:27:58.220, 87.94, 0, 74232, 62
2026/07/29 03:27:59.248, 88.41, 0, 74232, 61
2026/07/29 03:28:00.275, 88.33, 0, 74232, 61
2026/07/29 03:28:01.301, 88.02, 0, 74232, 61
2026/07/29 03:28:02.327, 87.82, 0, 74232, 61
2026/07/29 03:28:03.353, 86.36, 0, 74232, 60
2026/07/29 03:28:04.394, 87.55, 0, 74232, 60
2026/07/29 03:28:05.424, 86.71, 0, 74232, 60
2026/07/29 03:28:06.450, 86.60, 0, 74232, 60
2026/07/29 03:28:07.479, 85.53, 0, 74232, 59
2026/07/29 03:28:08.509, 84.58, 0, 74232, 59
2026/07/29 03:28:09.538, 84.22, 0, 74232, 59
2026/07/29 03:28:10.567, 83.85, 0, 74232, 59
2026/07/29 03:28:11.595, 83.80, 0, 74232, 58
2026/07/29 03:28:12.622, 278.04, 100, 74232, 64
2026/07/29 03:28:13.654, 305.18, 100, 74232, 64
2026/07/29 03:28:14.686, 314.85, 100, 74232, 65
2026/07/29 03:28:15.716, 294.99, 100, 74232, 65
2026/07/29 03:28:16.747, 303.57, 100, 74232, 64
2026/07/29 03:28:17.779, 303.58, 100, 74232, 64
2026/07/29 03:28:18.810, 305.01, 100, 74232, 64
2026/07/29 03:28:19.841, 301.71, 100, 74232, 65
2026/07/29 03:28:20.872, 299.37, 100, 74232, 65
2026/07/29 03:28:21.903, 298.11, 100, 74232, 65
2026/07/29 03:28:22.934, 298.91, 100, 74232, 65
2026/07/29 03:28:23.966, 299.87, 100, 74232, 66
2026/07/29 03:28:25.002, 295.01, 100, 74232, 66
2026/07/29 03:28:26.037, 277.24, 100, 74232, 67
2026/07/29 03:28:27.071, 306.49, 100, 74232, 68
2026/07/29 03:28:28.106, 302.74, 100, 74232, 68
2026/07/29 03:28:29.137, 285.89, 100, 74232, 68
2026/07/29 03:28:30.169, 308.77, 100, 74232, 69
2026/07/29 03:28:31.202, 303.48, 100, 74232, 67
2026/07/29 03:28:32.239, 301.15, 100, 74232, 67
2026/07/29 03:28:33.275, 302.41, 100, 74232, 67
2026/07/29 03:28:34.308, 305.72, 100, 74232, 69
2026/07/29 03:28:35.338, 295.49, 100, 74232, 69
2026/07/29 03:28:36.367, 306.89, 100, 74232, 70
2026/07/29 03:28:37.395, 270.12, 100, 74232, 70
2026/07/29 03:28:38.423, 300.05, 100, 74232, 70
2026/07/29 03:28:39.451, 320.18, 100, 74232, 70
2026/07/29 03:28:40.483, 303.55, 100, 74232, 69
2026/07/29 03:28:41.516, 303.98, 100, 74232, 69
2026/07/29 03:28:42.552, 304.59, 100, 74232, 69
2026/07/29 03:28:43.587, 305.76, 100, 74232, 69
2026/07/29 03:28:44.622, 305.62, 100, 74232, 69
2026/07/29 03:28:45.654, 306.10, 100, 74232, 70
2026/07/29 03:28:46.686, 305.34, 100, 74232, 70
2026/07/29 03:28:47.717, 306.61, 100, 74232, 70
2026/07/29 03:28:48.750, 301.52, 100, 74232, 70
2026/07/29 03:28:49.784, 300.47, 100, 74232, 70
2026/07/29 03:28:50.818, 304.11, 100, 74232, 70
2026/07/29 03:28:51.850, 308.43, 100, 74232, 70
2026/07/29 03:28:52.882, 299.18, 100, 74232, 70
2026/07/29 03:28:53.918, 303.48, 100, 74232, 70
2026/07/29 03:28:54.956, 305.61, 100, 74232, 71
2026/07/29 03:28:55.994, 298.42, 100, 74232, 71
2026/07/29 03:28:57.025, 298.40, 100, 74232, 71
2026/07/29 03:28:58.060, 299.31, 100, 74232, 71
2026/07/29 03:28:59.098, 298.03, 100, 74232, 71
2026/07/29 03:29:00.135, 299.17, 100, 74232, 71
2026/07/29 03:29:01.170, 300.19, 100, 74232, 71
2026/07/29 03:29:02.201, 299.12, 100, 74232, 71
2026/07/29 03:29:03.234, 301.12, 100, 74232, 71
2026/07/29 03:29:04.266, 306.79, 100, 74232, 71
2026/07/29 03:29:05.301, 305.32, 100, 74232, 71
2026/07/29 03:29:06.336, 299.46, 100, 74232, 71
2026/07/29 03:29:07.374, 299.50, 100, 74232, 71
2026/07/29 03:29:08.412, 300.55, 100, 74232, 71
2026/07/29 03:29:09.448, 309.43, 100, 74232, 71
2026/07/29 03:29:10.484, 299.10, 100, 74232, 71
2026/07/29 03:29:11.521, 300.07, 100, 74232, 71
2026/07/29 03:29:12.560, 300.18, 100, 74232, 72
2026/07/29 03:29:13.594, 300.36, 100, 74232, 72
2026/07/29 03:29:14.626, 289.77, 100, 74232, 71
2026/07/29 03:29:15.662, 294.52, 100, 74232, 73
2026/07/29 03:29:16.697, 293.36, 100, 74232, 73
2026/07/29 03:29:17.734, 315.80, 100, 74232, 74
2026/07/29 03:29:18.770, 310.93, 100, 74232, 74
2026/07/29 03:29:19.806, 277.67, 100, 74232, 73
2026/07/29 03:29:20.846, 265.30, 100, 74232, 73
2026/07/29 03:29:21.882, 290.73, 100, 74232, 72
2026/07/29 03:29:22.918, 293.75, 100, 74232, 72
2026/07/29 03:29:23.959, 293.07, 100, 74232, 72
2026/07/29 03:29:24.996, 301.22, 100, 74232, 72
2026/07/29 03:29:26.033, 296.09, 100, 74232, 72
2026/07/29 03:29:27.074, 302.22, 100, 74232, 72
2026/07/29 03:29:28.112, 302.29, 100, 74232, 72
2026/07/29 03:29:29.150, 301.93, 100, 74232, 72
2026/07/29 03:29:30.187, 302.63, 100, 74232, 73
2026/07/29 03:29:31.226, 301.89, 100, 74232, 73
2026/07/29 03:29:32.262, 301.54, 100, 74232, 73
2026/07/29 03:29:33.301, 302.76, 100, 74232, 73
2026/07/29 03:29:34.338, 299.11, 100, 74232, 73
2026/07/29 03:29:35.376, 302.14, 100, 74232, 73
2026/07/29 03:29:36.415, 302.62, 100, 74232, 73
2026/07/29 03:29:37.451, 223.32, 0, 74232, 73
2026/07/29 03:29:38.486, 302.51, 100, 74232, 74
2026/07/29 03:29:39.526, 301.92, 100, 74232, 74
2026/07/29 03:29:40.563, 314.68, 100, 74232, 74
2026/07/29 03:29:41.639, 284.78, 100, 74232, 74
2026/07/29 03:29:42.675, 307.56, 100, 74232, 74
2026/07/29 03:29:43.709, 324.43, 100, 74232, 74
2026/07/29 03:29:44.743, 301.06, 100, 74232, 72
2026/07/29 03:29:45.781, 302.12, 100, 74232, 72
2026/07/29 03:29:46.817, 304.66, 100, 74232, 73
2026/07/29 03:29:47.855, 302.40, 100, 74232, 73
2026/07/29 03:29:48.891, 304.22, 100, 74232, 73
2026/07/29 03:29:49.931, 302.43, 100, 74232, 73
2026/07/29 03:29:50.968, 301.93, 100, 74232, 73
2026/07/29 03:29:52.005, 302.91, 100, 74232, 73
2026/07/29 03:29:53.042, 302.71, 100, 74232, 73
2026/07/29 03:29:54.080, 302.61, 100, 74232, 73
2026/07/29 03:29:55.118, 302.39, 100, 74232, 73
2026/07/29 03:29:56.155, 302.05, 100, 74232, 73
2026/07/29 03:29:57.195, 301.80, 100, 74232, 73
2026/07/29 03:29:58.232, 302.20, 100, 74232, 73
2026/07/29 03:29:59.269, 302.57, 100, 74232, 73
2026/07/29 03:30:00.306, 297.24, 100, 74232, 73
2026/07/29 03:30:01.343, 294.33, 100, 74232, 73
2026/07/29 03:30:02.380, 99.67, 33, 74232, 70
2026/07/29 03:30:03.413, 260.49, 100, 74232, 72
2026/07/29 03:30:04.451, 294.53, 100, 74232, 72
2026/07/29 03:30:05.490, 293.45, 100, 74232, 72
2026/07/29 03:30:06.528, 295.68, 100, 74232, 72
2026/07/29 03:30:07.565, 293.35, 100, 74232, 72
2026/07/29 03:30:08.604, 294.82, 100, 74232, 72
2026/07/29 03:30:09.641, 302.39, 100, 74232, 73
2026/07/29 03:30:10.680, 302.03, 100, 74232, 73
2026/07/29 03:30:11.716, 295.90, 100, 74232, 73
2026/07/29 03:30:12.753, 294.24, 100, 74232, 73
2026/07/29 03:30:13.790, 297.35, 100, 74232, 73
2026/07/29 03:30:14.826, 302.99, 100, 74232, 73
2026/07/29 03:30:15.862, 301.05, 100, 74232, 73
2026/07/29 03:30:16.899, 305.05, 100, 74232, 73
2026/07/29 03:30:17.935, 300.65, 100, 74232, 73
2026/07/29 03:30:18.971, 301.04, 100, 74232, 73
2026/07/29 03:30:20.008, 303.83, 100, 74232, 73
2026/07/29 03:30:21.045, 302.62, 100, 74232, 73
2026/07/29 03:30:22.082, 302.50, 100, 74232, 73
2026/07/29 03:30:23.120, 298.91, 100, 74232, 73
2026/07/29 03:30:24.161, 300.96, 100, 74232, 73
2026/07/29 03:30:25.199, 301.54, 100, 74232, 73
2026/07/29 03:30:26.236, 301.54, 100, 74232, 73
2026/07/29 03:30:27.273, 300.36, 100, 74232, 73
2026/07/29 03:30:28.311, 300.57, 100, 74232, 73
2026/07/29 03:30:29.348, 299.08, 100, 74232, 73
2026/07/29 03:30:30.386, 300.27, 100, 74232, 73
2026/07/29 03:30:31.424, 295.63, 100, 74232, 73
2026/07/29 03:30:32.461, 293.56, 100, 74232, 73
2026/07/29 03:30:33.500, 295.21, 100, 74232, 73
2026/07/29 03:30:34.538, 295.12, 100, 74232, 73
2026/07/29 03:30:35.574, 292.96, 100, 74232, 73
2026/07/29 03:30:36.611, 295.80, 100, 74232, 73
2026/07/29 03:30:37.648, 303.06, 100, 74232, 73
2026/07/29 03:30:38.686, 302.04, 100, 74232, 73
2026/07/29 03:30:39.724, 297.26, 100, 74232, 73
2026/07/29 03:30:40.763, 301.15, 100, 74232, 73
2026/07/29 03:30:41.800, 302.44, 100, 74232, 73
2026/07/29 03:30:42.839, 297.94, 100, 74232, 73
2026/07/29 03:30:43.876, 301.15, 100, 74232, 73
2026/07/29 03:30:44.912, 304.26, 100, 74232, 73
2026/07/29 03:30:45.949, 297.37, 100, 74232, 73
2026/07/29 03:30:46.988, 294.82, 100, 74232, 73
2026/07/29 03:30:48.024, 300.66, 100, 74232, 73
2026/07/29 03:30:49.062, 302.51, 100, 74232, 73
2026/07/29 03:30:50.101, 303.34, 100, 74232, 73
2026/07/29 03:30:51.138, 303.79, 100, 74232, 73
2026/07/29 03:30:52.175, 302.47, 100, 74232, 73
2026/07/29 03:30:53.213, 301.52, 100, 74232, 73
2026/07/29 03:30:54.249, 300.28, 100, 74232, 73
2026/07/29 03:30:55.286, 302.71, 100, 74232, 73
2026/07/29 03:30:56.323, 301.63, 100, 74232, 73
2026/07/29 03:30:57.360, 301.02, 100, 74232, 73
2026/07/29 03:30:58.397, 301.41, 100, 74232, 73
2026/07/29 03:30:59.434, 302.22, 100, 74232, 73
2026/07/29 03:31:00.472, 302.22, 100, 74232, 73
2026/07/29 03:31:01.512, 302.50, 100, 74232, 73
2026/07/29 03:31:02.550, 301.65, 100, 74232, 73
2026/07/29 03:31:03.587, 303.03, 100, 74232, 73
2026/07/29 03:31:04.624, 293.55, 100, 74232, 73
2026/07/29 03:31:05.662, 299.86, 100, 74232, 73
2026/07/29 03:31:06.699, 303.51, 100, 74232, 73
2026/07/29 03:31:07.736, 301.14, 100, 74232, 73
2026/07/29 03:31:08.776, 301.63, 100, 74232, 73
2026/07/29 03:31:09.814, 302.22, 100, 74232, 73
2026/07/29 03:31:10.851, 298.53, 100, 74232, 73
2026/07/29 03:31:11.889, 295.02, 100, 74232, 73
2026/07/29 03:31:12.930, 302.96, 100, 74232, 73
2026/07/29 03:31:13.967, 301.81, 100, 74232, 73
2026/07/29 03:31:15.004, 300.19, 100, 74232, 73
2026/07/29 03:31:16.041, 287.89, 100, 74232, 74
2026/07/29 03:31:17.076, 302.62, 100, 74232, 75
2026/07/29 03:31:18.112, 291.41, 100, 74232, 74
2026/07/29 03:31:19.146, 296.80, 100, 74232, 74
2026/07/29 03:31:20.180, 288.31, 100, 74232, 74
2026/07/29 03:31:21.214, 301.71, 100, 74232, 73
2026/07/29 03:31:22.253, 301.55, 100, 74232, 73
2026/07/29 03:31:23.289, 295.09, 100, 74232, 73
2026/07/29 03:31:24.325, 296.96, 100, 74232, 73
2026/07/29 03:31:25.361, 301.73, 100, 74232, 73
2026/07/29 03:31:26.397, 299.12, 100, 74232, 73
2026/07/29 03:31:27.436, 303.01, 100, 74232, 73
2026/07/29 03:31:28.473, 298.43, 100, 74232, 73
2026/07/29 03:31:29.511, 301.83, 100, 74232, 73
2026/07/29 03:31:30.547, 302.33, 100, 74232, 73
2026/07/29 03:31:31.585, 302.72, 100, 74232, 73
2026/07/29 03:31:32.622, 298.34, 100, 74232, 73
2026/07/29 03:31:33.659, 302.02, 100, 74232, 73
2026/07/29 03:31:34.696, 302.13, 100, 74232, 73
2026/07/29 03:31:35.733, 302.43, 100, 74232, 73
2026/07/29 03:31:36.770, 99.74, 0, 74232, 70
2026/07/29 03:31:37.801, 98.38, 0, 74232, 69
2026/07/29 03:31:38.832, 97.58, 0, 74232, 68
2026/07/29 03:31:39.863, 95.62, 0, 74232, 68
2026/07/29 03:31:40.899, 95.07, 0, 74232, 67
2026/07/29 03:31:41.930, 95.12, 0, 74232, 67
2026/07/29 03:31:42.957, 94.49, 0, 74232, 66
2026/07/29 03:31:43.983, 93.06, 0, 74232, 66
2026/07/29 03:31:45.008, 93.51, 0, 74232, 65
2026/07/29 03:31:46.033, 92.27, 0, 74232, 65
2026/07/29 03:31:47.062, 92.66, 0, 74232, 65
2026/07/29 03:31:48.088, 91.95, 0, 74232, 64
2026/07/29 03:31:49.113, 90.87, 0, 74232, 64
2026/07/29 03:31:50.138, 90.11, 0, 74232, 64
2026/07/29 03:31:51.163, 90.28, 0, 74232, 63
2026/07/29 03:31:52.188, 89.69, 0, 74232, 63
2026/07/29 03:31:53.214, 89.49, 0, 74232, 63
2026/07/29 03:31:54.239, 90.08, 0, 74232, 62
2026/07/29 03:31:55.264, 88.61, 0, 74232, 62
2026/07/29 03:31:56.289, 88.54, 0, 74232, 62
2026/07/29 03:31:57.314, 89.91, 0, 74232, 62
2026/07/29 03:31:58.340, 88.73, 0, 74232, 61
2026/07/29 03:31:59.365, 88.53, 0, 74232, 61
2026/07/29 03:32:00.390, 88.14, 0, 74232, 61
2026/07/29 03:32:01.416, 87.84, 0, 74232, 61
2026/07/29 03:32:02.440, 87.84, 0, 74232, 60
2026/07/29 03:32:03.465, 87.44, 0, 74232, 60
2026/07/29 03:32:04.489, 86.15, 0, 74232, 60
2026/07/29 03:32:05.514, 86.05, 0, 74232, 59
2026/07/29 03:32:06.540, 85.73, 0, 74232, 59
2026/07/29 03:32:07.564, 84.97, 0, 74232, 59
2026/07/29 03:32:08.589, 84.58, 0, 74232, 59
2026/07/29 03:32:09.614, 84.79, 0, 74232, 58
2026/07/29 03:32:10.639, 84.19, 0, 74232, 58
2026/07/29 03:32:11.663, 83.87, 0, 74232, 58
2026/07/29 03:32:12.688, 83.67, 0, 74232, 58
2026/07/29 03:32:13.716, 83.31, 0, 74232, 58
2026/07/29 03:32:14.746, 83.22, 0, 74232, 57
2026/07/29 03:32:15.776, 82.89, 0, 74232, 57
2026/07/29 03:32:16.807, 83.01, 0, 74232, 57
2026/07/29 03:32:17.837, 82.67, 0, 74232, 57
2026/07/29 03:32:18.866, 81.82, 0, 74232, 57
2026/07/29 03:32:19.897, 81.74, 0, 74232, 56
2026/07/29 03:32:21.026, 81.72, 0, 74232, 56
2026/07/29 03:32:22.056, 81.33, 0, 74232, 56
2026/07/29 03:32:23.559, 81.03, 0, 74232, 56
2026/07/29 03:32:24.591, 80.76, 0, 74232, 56
2026/07/29 03:32:25.622, 80.64, 0, 74232, 55
2026/07/29 03:32:26.654, 80.85, 0, 74232, 55
2026/07/29 03:32:27.684, 80.34, 0, 74232, 55
2026/07/29 03:32:28.711, 80.02, 0, 74232, 55
2026/07/29 03:32:29.739, 79.94, 0, 74232, 55
2026/07/29 03:32:30.766, 78.97, 0, 74232, 54
2026/07/29 03:32:31.796, 78.75, 0, 74232, 54
2026/07/29 03:32:32.830, 78.52, 0, 74232, 54
2026/07/29 03:32:33.861, 78.68, 0, 74232, 54
2026/07/29 03:32:34.892, 78.78, 0, 74232, 54
2026/07/29 03:32:35.922, 78.29, 0, 74232, 54
2026/07/29 03:32:36.952, 77.85, 0, 74232, 53
2026/07/29 03:32:37.983, 78.00, 0, 74232, 53
2026/07/29 03:32:39.014, 77.80, 0, 74232, 53
2026/07/29 03:32:40.044, 77.59, 0, 74232, 53
2026/07/29 03:32:41.074, 77.60, 0, 74232, 53
2026/07/29 03:32:42.105, 77.60, 0, 74232, 53
2026/07/29 03:32:43.138, 77.30, 0, 74232, 53
2026/07/29 03:32:44.169, 77.39, 0, 74232, 52
2026/07/29 03:32:45.198, 77.30, 0, 74232, 52
2026/07/29 03:32:46.230, 76.99, 0, 74232, 52
2026/07/29 03:32:47.260, 76.99, 0, 74232, 52
2026/07/29 03:32:48.291, 76.60, 0, 74232, 52
2026/07/29 03:32:49.819, 299.55, 100, 74232, 57
2026/07/29 03:32:50.853, 285.10, 100, 74232, 58
2026/07/29 03:32:51.887, 297.30, 100, 74232, 58
2026/07/29 03:32:52.922, 300.21, 100, 74232, 59
2026/07/29 03:32:53.956, 226.69, 100, 74232, 57
2026/07/29 03:32:54.995, 301.05, 100, 74232, 58
2026/07/29 03:32:56.034, 291.61, 100, 74232, 58
2026/07/29 03:32:57.071, 291.90, 100, 74232, 58
2026/07/29 03:32:58.107, 293.26, 100, 74232, 59
2026/07/29 03:32:59.144, 302.60, 100, 74232, 59
2026/07/29 03:33:00.180, 304.94, 100, 74232, 60
2026/07/29 03:33:01.217, 305.34, 100, 74232, 60
2026/07/29 03:33:02.255, 294.60, 100, 74232, 62
2026/07/29 03:33:03.290, 303.20, 100, 74232, 62
2026/07/29 03:33:04.329, 288.94, 100, 74232, 63
2026/07/29 03:33:05.362, 280.26, 100, 74232, 63
2026/07/29 03:33:06.396, 297.05, 100, 74232, 61
2026/07/29 03:33:07.432, 298.60, 100, 74232, 62
2026/07/29 03:33:08.468, 298.52, 100, 74232, 62
2026/07/29 03:33:09.505, 298.33, 100, 74232, 62
2026/07/29 03:33:10.541, 298.33, 100, 74232, 63
2026/07/29 03:33:11.579, 289.26, 100, 74232, 64
2026/07/29 03:33:12.629, 302.08, 100, 74232, 65
2026/07/29 03:33:13.662, 290.00, 100, 74232, 65
2026/07/29 03:33:14.696, 274.96, 100, 74232, 65
2026/07/29 03:33:15.729, 310.27, 100, 74232, 65
2026/07/29 03:33:16.764, 298.33, 100, 74232, 64
2026/07/29 03:33:17.803, 290.02, 100, 74232, 64
2026/07/29 03:33:18.840, 300.05, 100, 74232, 64
2026/07/29 03:33:19.875, 292.67, 100, 74232, 65
2026/07/29 03:33:20.913, 270.10, 100, 74232, 66
2026/07/29 03:33:21.947, 301.76, 100, 74232, 67
2026/07/29 03:33:22.982, 300.61, 100, 74232, 67
2026/07/29 03:33:24.023, 285.26, 100, 74232, 67
2026/07/29 03:33:25.059, 323.07, 100, 74232, 68
2026/07/29 03:33:26.095, 299.78, 100, 74232, 66
2026/07/29 03:33:27.132, 300.65, 100, 74232, 66
2026/07/29 03:33:28.170, 299.65, 100, 74232, 66
2026/07/29 03:33:29.207, 300.74, 100, 74232, 67
2026/07/29 03:33:30.243, 300.55, 100, 74232, 67
2026/07/29 03:33:31.279, 301.72, 100, 74232, 67
2026/07/29 03:33:32.315, 300.85, 100, 74232, 67
2026/07/29 03:33:33.351, 301.07, 100, 74232, 67
2026/07/29 03:33:34.387, 300.38, 100, 74232, 68
2026/07/29 03:33:35.423, 300.07, 100, 74232, 68
2026/07/29 03:33:36.460, 300.17, 100, 74232, 68
2026/07/29 03:33:37.496, 92.33, 0, 74232, 65
2026/07/29 03:33:38.527, 298.97, 100, 74232, 69
2026/07/29 03:33:39.561, 288.83, 100, 74232, 70
2026/07/29 03:33:40.594, 286.82, 100, 74232, 70
2026/07/29 03:33:41.630, 309.21, 100, 74232, 70
2026/07/29 03:33:42.672, 302.70, 100, 74232, 68
2026/07/29 03:33:43.707, 301.96, 100, 74232, 69
2026/07/29 03:33:44.744, 300.76, 100, 74232, 69
2026/07/29 03:33:45.779, 302.22, 100, 74232, 69
2026/07/29 03:33:46.817, 303.10, 100, 74232, 69
2026/07/29 03:33:47.854, 303.19, 100, 74232, 69
2026/07/29 03:33:48.890, 302.00, 100, 74232, 69
2026/07/29 03:33:49.926, 304.42, 100, 74232, 69
2026/07/29 03:33:50.965, 304.96, 100, 74232, 70
2026/07/29 03:33:52.000, 296.09, 100, 74232, 70
2026/07/29 03:33:53.039, 293.55, 100, 74232, 70
2026/07/29 03:33:54.076, 294.13, 100, 74232, 70
2026/07/29 03:33:55.115, 297.72, 100, 74232, 70
2026/07/29 03:33:56.150, 298.60, 100, 74232, 70
2026/07/29 03:33:57.186, 299.28, 100, 74232, 70
2026/07/29 03:33:58.223, 299.37, 100, 74232, 70
2026/07/29 03:33:59.260, 298.23, 100, 74232, 70
2026/07/29 03:34:00.297, 297.84, 100, 74232, 70
2026/07/29 03:34:01.334, 298.03, 100, 74232, 70
2026/07/29 03:34:02.370, 300.15, 100, 74232, 70
2026/07/29 03:34:03.407, 297.83, 100, 74232, 71
2026/07/29 03:34:04.443, 297.94, 100, 74232, 71
2026/07/29 03:34:05.482, 295.21, 89, 74232, 72
2026/07/29 03:34:06.516, 290.42, 100, 74232, 72
2026/07/29 03:34:07.550, 293.36, 100, 74232, 72
2026/07/29 03:34:08.586, 295.39, 100, 74232, 72
2026/07/29 03:34:09.620, 312.41, 100, 74232, 73
2026/07/29 03:34:10.653, 302.50, 100, 74232, 71
2026/07/29 03:34:11.692, 301.21, 100, 74232, 71
2026/07/29 03:34:12.729, 298.62, 100, 74232, 71
2026/07/29 03:34:13.766, 305.14, 100, 74232, 71
2026/07/29 03:34:14.803, 295.99, 100, 74232, 71
2026/07/29 03:34:15.840, 298.12, 100, 74232, 71
2026/07/29 03:34:16.876, 299.12, 100, 74232, 71
2026/07/29 03:34:17.913, 299.01, 100, 74232, 71
2026/07/29 03:34:18.950, 297.13, 100, 74232, 71
2026/07/29 03:34:19.987, 300.39, 100, 74232, 71
2026/07/29 03:34:21.023, 302.02, 100, 74232, 71
2026/07/29 03:34:22.059, 97.96, 0, 74232, 68
2026/07/29 03:34:23.091, 300.78, 100, 74232, 73
2026/07/29 03:34:24.125, 309.24, 100, 74232, 73
2026/07/29 03:34:25.159, 304.65, 100, 74232, 73
2026/07/29 03:34:26.193, 299.60, 100, 74232, 73
2026/07/29 03:34:27.229, 288.80, 100, 74232, 73
2026/07/29 03:34:28.268, 297.92, 100, 74232, 71
2026/07/29 03:34:29.303, 299.79, 100, 74232, 71
2026/07/29 03:34:30.339, 299.00, 100, 74232, 72
2026/07/29 03:34:31.375, 299.79, 100, 74232, 72
2026/07/29 03:34:32.411, 300.09, 100, 74232, 72
2026/07/29 03:34:33.447, 97.56, 0, 74232, 68
2026/07/29 03:34:34.479, 288.87, 100, 74232, 73
2026/07/29 03:34:35.513, 290.04, 100, 74232, 73
2026/07/29 03:34:36.546, 305.45, 100, 74232, 73
2026/07/29 03:34:37.580, 297.23, 100, 74232, 73
2026/07/29 03:34:38.614, 311.88, 100, 74232, 73
2026/07/29 03:34:39.648, 300.64, 100, 74232, 72
2026/07/29 03:34:40.685, 299.40, 100, 74232, 72
2026/07/29 03:34:41.721, 300.85, 100, 74232, 72
2026/07/29 03:34:42.756, 301.17, 100, 74232, 72
2026/07/29 03:34:43.793, 293.45, 100, 74232, 72
2026/07/29 03:34:44.832, 379.79, 19, 74232, 73
2026/07/29 03:34:45.865, 303.36, 100, 74232, 74
2026/07/29 03:34:46.901, 295.59, 100, 74232, 74
2026/07/29 03:34:47.935, 298.52, 100, 74232, 74
2026/07/29 03:34:48.968, 288.98, 100, 74232, 74
2026/07/29 03:34:50.002, 276.85, 100, 74232, 73
2026/07/29 03:34:51.043, 301.14, 100, 74232, 72
2026/07/29 03:34:52.080, 301.33, 100, 74232, 72
2026/07/29 03:34:53.117, 301.15, 100, 74232, 72
2026/07/29 03:34:54.155, 293.65, 100, 74232, 72
2026/07/29 03:34:55.190, 294.43, 100, 74232, 72
2026/07/29 03:34:56.230, 291.64, 100, 74232, 74
2026/07/29 03:34:57.264, 287.80, 100, 74232, 74
2026/07/29 03:34:58.297, 308.50, 100, 74232, 74
2026/07/29 03:34:59.331, 291.20, 100, 74232, 74
2026/07/29 03:35:00.366, 299.27, 100, 74232, 74
2026/07/29 03:35:01.401, 301.15, 100, 74232, 73
2026/07/29 03:35:02.438, 301.74, 100, 74232, 73
2026/07/29 03:35:03.475, 300.96, 100, 74232, 73
2026/07/29 03:35:04.511, 301.59, 100, 74232, 73
2026/07/29 03:35:05.547, 301.82, 100, 74232, 73
2026/07/29 03:35:06.582, 301.51, 100, 74232, 73
2026/07/29 03:35:07.617, 302.11, 100, 74232, 73
2026/07/29 03:35:08.653, 302.52, 100, 74232, 73
2026/07/29 03:35:09.690, 291.41, 100, 74232, 73
2026/07/29 03:35:10.725, 294.31, 100, 74232, 73
2026/07/29 03:35:11.766, 294.63, 100, 74232, 73
2026/07/29 03:35:12.803, 305.12, 100, 74232, 73
2026/07/29 03:35:13.844, 296.57, 100, 74232, 73
2026/07/29 03:35:14.884, 294.41, 100, 74232, 73
2026/07/29 03:35:15.920, 98.55, 0, 74232, 70
2026/07/29 03:35:16.954, 98.25, 0, 74232, 69
2026/07/29 03:35:17.986, 97.33, 0, 74232, 68
2026/07/29 03:35:19.016, 95.88, 0, 74232, 68
2026/07/29 03:35:20.049, 94.80, 0, 74232, 67
2026/07/29 03:35:21.081, 95.47, 0, 74232, 67
2026/07/29 03:35:22.116, 94.00, 0, 74232, 66
2026/07/29 03:35:23.148, 93.51, 0, 74232, 66
2026/07/29 03:35:24.178, 93.95, 0, 74232, 65
2026/07/29 03:35:25.209, 92.23, 0, 74232, 65
2026/07/29 03:35:26.240, 91.87, 0, 74232, 65
2026/07/29 03:35:27.270, 92.45, 0, 74232, 64
2026/07/29 03:35:28.301, 91.19, 0, 74232, 64
2026/07/29 03:35:29.331, 90.77, 0, 74232, 64
2026/07/29 03:35:30.361, 89.67, 0, 74232, 63
2026/07/29 03:35:31.392, 90.88, 0, 74232, 63
2026/07/29 03:35:32.421, 89.61, 0, 74232, 63
2026/07/29 03:35:33.453, 89.30, 0, 74232, 62
2026/07/29 03:35:34.483, 89.92, 0, 74232, 62
2026/07/29 03:35:35.513, 89.52, 0, 74232, 62
2026/07/29 03:35:36.544, 89.20, 0, 74232, 62
2026/07/29 03:35:37.575, 88.93, 0, 74232, 61
2026/07/29 03:35:38.607, 88.50, 0, 74232, 61
2026/07/29 03:35:39.638, 86.69, 0, 74232, 61
2026/07/29 03:35:40.669, 87.25, 0, 74232, 60
2026/07/29 03:35:41.700, 87.22, 0, 74232, 60
2026/07/29 03:35:42.731, 88.03, 0, 74232, 60
2026/07/29 03:35:43.762, 86.64, 0, 74232, 60
2026/07/29 03:35:44.794, 85.53, 0, 74232, 59
2026/07/29 03:35:45.825, 85.09, 0, 74232, 59
2026/07/29 03:35:46.856, 300.86, 100, 74232, 64
2026/07/29 03:35:47.892, 309.37, 100, 74232, 65
2026/07/29 03:35:48.927, 308.21, 100, 74232, 65
2026/07/29 03:35:49.963, 288.84, 100, 74232, 65
2026/07/29 03:35:51.000, 302.81, 100, 74232, 64
2026/07/29 03:35:52.038, 297.65, 100, 74232, 64
2026/07/29 03:35:53.081, 291.48, 100, 74232, 64
2026/07/29 03:35:54.120, 298.12, 100, 74232, 65
2026/07/29 03:35:55.157, 293.26, 100, 74232, 65
2026/07/29 03:35:56.195, 289.55, 100, 74232, 65
2026/07/29 03:35:57.233, 295.41, 100, 74232, 66
2026/07/29 03:35:58.270, 285.10, 100, 74232, 67
2026/07/29 03:35:59.305, 305.42, 100, 74232, 68
2026/07/29 03:36:00.347, 304.51, 100, 74232, 68
2026/07/29 03:36:01.382, 279.60, 100, 74232, 68
2026/07/29 03:36:02.417, 294.82, 100, 74232, 67
2026/07/29 03:36:03.457, 294.22, 100, 74232, 67
2026/07/29 03:36:04.496, 301.80, 100, 74232, 67
2026/07/29 03:36:05.533, 300.83, 100, 74232, 67
2026/07/29 03:36:06.572, 301.23, 100, 74232, 69
2026/07/29 03:36:07.607, 296.54, 100, 74232, 69
2026/07/29 03:36:08.641, 287.51, 100, 74232, 70
2026/07/29 03:36:09.676, 294.80, 100, 74232, 70
2026/07/29 03:36:10.714, 293.94, 100, 74232, 70
2026/07/29 03:36:11.751, 304.25, 100, 74232, 69
2026/07/29 03:36:12.789, 303.49, 100, 74232, 69
2026/07/29 03:36:13.825, 303.78, 100, 74232, 69
2026/07/29 03:36:14.861, 303.78, 100, 74232, 69
2026/07/29 03:36:15.899, 304.45, 100, 74232, 71
2026/07/29 03:36:16.935, 300.09, 100, 74232, 71
2026/07/29 03:36:17.971, 298.89, 100, 74232, 71
2026/07/29 03:36:19.010, 273.73, 100, 74232, 71
2026/07/29 03:36:20.048, 300.36, 100, 74232, 72
2026/07/29 03:36:21.085, 293.37, 100, 74232, 70
2026/07/29 03:36:22.123, 291.61, 100, 74232, 70
2026/07/29 03:36:23.165, 291.52, 100, 74232, 70
2026/07/29 03:36:24.204, 291.39, 100, 74232, 70
2026/07/29 03:36:25.242, 288.48, 100, 74232, 70
2026/07/29 03:36:26.280, 292.78, 100, 74232, 70
2026/07/29 03:36:27.317, 292.77, 100, 74232, 71
2026/07/29 03:36:28.354, 295.70, 100, 74232, 71
2026/07/29 03:36:29.391, 289.09, 100, 74232, 71
2026/07/29 03:36:30.431, 291.70, 100, 74232, 71
2026/07/29 03:36:31.471, 307.56, 100, 74232, 73
2026/07/29 03:36:32.505, 303.32, 100, 74232, 73
2026/07/29 03:36:33.539, 285.20, 100, 74232, 73
2026/07/29 03:36:34.573, 308.45, 100, 74232, 73
2026/07/29 03:36:35.610, 296.36, 100, 74232, 73
2026/07/29 03:36:36.649, 284.38, 100, 74232, 71
2026/07/29 03:36:37.686, 288.28, 100, 74232, 71
2026/07/29 03:36:38.724, 295.11, 100, 74232, 71
2026/07/29 03:36:39.763, 295.12, 100, 74232, 72
2026/07/29 03:36:40.801, 299.88, 100, 74232, 72
2026/07/29 03:36:41.840, 299.68, 100, 74232, 74
2026/07/29 03:36:42.875, 309.60, 100, 74232, 74
2026/07/29 03:36:43.912, 303.19, 100, 74232, 74
2026/07/29 03:36:44.946, 289.26, 100, 74232, 74
2026/07/29 03:36:45.984, 303.87, 100, 74232, 74
2026/07/29 03:36:47.019, 302.31, 100, 74232, 72
2026/07/29 03:36:48.057, 302.10, 100, 74232, 72
2026/07/29 03:36:49.095, 298.32, 100, 74232, 72
2026/07/29 03:36:50.131, 298.13, 100, 74232, 72
2026/07/29 03:36:51.168, 287.34, 100, 74232, 72
2026/07/29 03:36:52.206, 289.19, 100, 74232, 72
2026/07/29 03:36:53.243, 290.53, 100, 74232, 72
2026/07/29 03:36:54.279, 289.75, 100, 74232, 72
2026/07/29 03:36:55.316, 284.77, 100, 74232, 72
2026/07/29 03:36:56.355, 287.61, 100, 74232, 72
2026/07/29 03:36:57.395, 294.54, 100, 74232, 72
2026/07/29 03:36:58.433, 288.39, 100, 74232, 72
2026/07/29 03:36:59.475, 289.28, 100, 74232, 72
2026/07/29 03:37:00.513, 291.41, 100, 74232, 72
2026/07/29 03:37:01.551, 295.11, 100, 74232, 72
2026/07/29 03:37:02.591, 295.04, 100, 74232, 72
2026/07/29 03:37:03.631, 294.34, 100, 74232, 74
2026/07/29 03:37:04.666, 307.27, 100, 74232, 74
2026/07/29 03:37:05.702, 283.63, 100, 74232, 74
2026/07/29 03:37:06.738, 297.05, 100, 74232, 74
2026/07/29 03:37:07.773, 292.96, 100, 74232, 74
2026/07/29 03:37:08.809, 299.58, 100, 74232, 73
2026/07/29 03:37:09.849, 300.18, 100, 74232, 73
2026/07/29 03:37:10.887, 303.19, 100, 74232, 73
2026/07/29 03:37:11.923, 303.29, 100, 74232, 73
2026/07/29 03:37:12.961, 303.00, 100, 74232, 73
2026/07/29 03:37:13.999, 303.47, 100, 74232, 73
2026/07/29 03:37:15.040, 304.46, 100, 74232, 73
2026/07/29 03:37:16.077, 304.37, 100, 74232, 73
2026/07/29 03:37:17.115, 304.05, 100, 74232, 73
2026/07/29 03:37:18.154, 304.56, 100, 74232, 73
2026/07/29 03:37:19.192, 304.13, 100, 74232, 73
2026/07/29 03:37:20.229, 304.56, 100, 74232, 73
2026/07/29 03:37:21.266, 304.45, 100, 74232, 73
2026/07/29 03:37:22.303, 304.56, 100, 74232, 73
2026/07/29 03:37:23.342, 303.69, 100, 74232, 73
2026/07/29 03:37:24.379, 304.80, 100, 74232, 73
2026/07/29 03:37:25.417, 304.46, 100, 74232, 73
2026/07/29 03:37:26.455, 305.62, 100, 74232, 73
2026/07/29 03:37:27.493, 296.86, 100, 74232, 73
2026/07/29 03:37:28.530, 296.68, 100, 74232, 73
2026/07/29 03:37:29.566, 292.67, 100, 74232, 73
2026/07/29 03:37:30.604, 295.91, 100, 74232, 73
2026/07/29 03:37:31.640, 296.00, 100, 74232, 73
2026/07/29 03:37:32.679, 294.23, 100, 74232, 73
2026/07/29 03:37:33.718, 296.17, 100, 74232, 73
2026/07/29 03:37:34.756, 297.37, 100, 74232, 73
2026/07/29 03:37:35.794, 306.31, 100, 74232, 74
2026/07/29 03:37:36.829, 308.15, 100, 74232, 74
2026/07/29 03:37:37.867, 303.53, 100, 74232, 74
2026/07/29 03:37:38.905, 304.26, 100, 74232, 75
2026/07/29 03:37:39.940, 301.02, 100, 74232, 74
2026/07/29 03:37:40.977, 289.63, 100, 74232, 73
2026/07/29 03:37:42.023, 285.49, 100, 74232, 72
2026/07/29 03:37:43.065, 284.89, 100, 74232, 72
2026/07/29 03:37:44.103, 295.70, 100, 74232, 72
2026/07/29 03:37:45.140, 294.93, 100, 74232, 73
2026/07/29 03:37:46.179, 296.48, 100, 74232, 73
2026/07/29 03:37:47.217, 302.53, 100, 74232, 74
2026/07/29 03:37:48.255, 281.94, 100, 74232, 74
2026/07/29 03:37:49.290, 289.17, 100, 74232, 75
2026/07/29 03:37:50.326, 285.35, 100, 74232, 75
2026/07/29 03:37:51.365, 315.63, 100, 74232, 75
2026/07/29 03:37:52.402, 320.40, 100, 74232, 75
2026/07/29 03:37:53.438, 297.35, 100, 74232, 73
2026/07/29 03:37:54.476, 288.19, 100, 74232, 73
2026/07/29 03:37:55.513, 285.38, 100, 74232, 73
2026/07/29 03:37:56.550, 286.05, 100, 74232, 73
2026/07/29 03:37:57.588, 288.98, 100, 74232, 73
2026/07/29 03:37:58.623, 306.87, 100, 74232, 75
2026/07/29 03:37:59.658, 293.08, 100, 74232, 75
2026/07/29 03:38:00.694, 288.98, 100, 74232, 75
2026/07/29 03:38:01.729, 293.94, 100, 74232, 75
2026/07/29 03:38:02.764, 308.90, 100, 74232, 75
2026/07/29 03:38:03.805, 301.42, 100, 74232, 73
2026/07/29 03:38:04.841, 296.18, 100, 74232, 73
2026/07/29 03:38:05.880, 303.68, 100, 74232, 73
2026/07/29 03:38:06.917, 296.67, 100, 74232, 73
2026/07/29 03:38:07.956, 299.86, 100, 74232, 73
2026/07/29 03:38:08.994, 308.06, 100, 74232, 75
2026/07/29 03:38:10.029, 303.73, 100, 74232, 75
2026/07/29 03:38:11.064, 296.89, 100, 74232, 75
2026/07/29 03:38:12.099, 290.06, 100, 74232, 75
2026/07/29 03:38:13.134, 284.11, 100, 74232, 75
2026/07/29 03:38:14.169, 322.90, 100, 74232, 75
2026/07/29 03:38:15.206, 304.65, 100, 74232, 73
2026/07/29 03:38:16.244, 294.82, 100, 74232, 73
2026/07/29 03:38:17.281, 297.46, 100, 74232, 73
2026/07/29 03:38:18.319, 298.32, 100, 74232, 73
2026/07/29 03:38:19.363, 293.17, 100, 74232, 75
2026/07/29 03:38:20.399, 293.55, 100, 74232, 75
2026/07/29 03:38:21.435, 290.32, 100, 74232, 75
2026/07/29 03:38:22.470, 300.64, 100, 74232, 75
2026/07/29 03:38:23.505, 296.98, 100, 74232, 75
2026/07/29 03:38:24.540, 315.32, 100, 74232, 75
2026/07/29 03:38:25.577, 308.20, 100, 74232, 74
2026/07/29 03:38:26.618, 304.35, 100, 74232, 74
2026/07/29 03:38:27.654, 302.33, 100, 74232, 74
2026/07/29 03:38:28.694, 305.59, 100, 74232, 74
2026/07/29 03:38:29.730, 305.24, 100, 74232, 74
2026/07/29 03:38:30.768, 305.42, 100, 74232, 74
2026/07/29 03:38:31.805, 303.86, 100, 74232, 74
2026/07/29 03:38:32.841, 300.22, 100, 74232, 76
2026/07/29 03:38:33.876, 282.69, 100, 74232, 76
2026/07/29 03:38:34.919, 294.80, 100, 74232, 76
2026/07/29 03:38:35.953, 266.72, 100, 74232, 75
2026/07/29 03:38:36.989, 314.28, 100, 74232, 76
2026/07/29 03:38:38.025, 292.89, 100, 74232, 76
2026/07/29 03:38:39.059, 298.93, 100, 74232, 74
2026/07/29 03:38:40.098, 298.14, 100, 74232, 74
2026/07/29 03:38:41.135, 296.97, 100, 74232, 74
2026/07/29 03:38:42.175, 290.75, 100, 74232, 74
2026/07/29 03:38:43.214, 291.90, 100, 74232, 74
2026/07/29 03:38:44.251, 295.34, 100, 74232, 75
2026/07/29 03:38:45.287, 303.08, 100, 74232, 76
2026/07/29 03:38:46.322, 290.17, 100, 74232, 76
2026/07/29 03:38:47.358, 293.86, 100, 74232, 76
2026/07/29 03:38:48.394, 265.20, 100, 74232, 76
2026/07/29 03:38:49.433, 290.91, 100, 74232, 75
2026/07/29 03:38:50.468, 297.75, 100, 74232, 74
2026/07/29 03:38:51.507, 291.12, 100, 74232, 74
2026/07/29 03:38:52.547, 294.72, 100, 74232, 74
2026/07/29 03:38:53.585, 296.79, 100, 74232, 74
2026/07/29 03:38:54.623, 298.34, 100, 74232, 74
2026/07/29 03:38:55.659, 298.79, 100, 74232, 74
2026/07/29 03:38:56.695, 298.63, 100, 74232, 74
2026/07/29 03:38:57.733, 298.44, 100, 74232, 74
2026/07/29 03:38:58.770, 303.94, 100, 74232, 74
2026/07/29 03:38:59.806, 305.79, 100, 74232, 74
2026/07/29 03:39:00.844, 297.24, 100, 74232, 74
2026/07/29 03:39:01.881, 301.24, 100, 74232, 74
2026/07/29 03:39:02.919, 303.69, 100, 74232, 74
2026/07/29 03:39:03.956, 300.09, 100, 74232, 74
2026/07/29 03:39:04.995, 299.51, 100, 74232, 74
2026/07/29 03:39:06.032, 294.72, 100, 74232, 74
2026/07/29 03:39:07.072, 296.09, 100, 74232, 74
2026/07/29 03:39:08.108, 294.71, 100, 74232, 74
2026/07/29 03:39:09.144, 302.91, 100, 74232, 74
2026/07/29 03:39:10.182, 304.16, 100, 74232, 74
2026/07/29 03:39:11.223, 301.84, 100, 74232, 74
2026/07/29 03:39:12.261, 298.13, 100, 74232, 74
2026/07/29 03:39:13.297, 303.68, 100, 74232, 74
2026/07/29 03:39:14.334, 295.40, 100, 74232, 73
2026/07/29 03:39:15.371, 99.93, 0, 74232, 70
2026/07/29 03:39:16.404, 98.33, 0, 74232, 69
2026/07/29 03:39:17.437, 97.56, 0, 74232, 69
2026/07/29 03:39:18.468, 96.07, 0, 74232, 68
2026/07/29 03:39:19.499, 96.15, 0, 74232, 67
2026/07/29 03:39:20.529, 95.43, 0, 74232, 67
2026/07/29 03:39:21.560, 94.68, 0, 74232, 66
2026/07/29 03:39:22.591, 94.22, 0, 74232, 66
2026/07/29 03:39:23.623, 93.54, 0, 74232, 66
2026/07/29 03:39:24.653, 92.26, 0, 74232, 65
2026/07/29 03:39:25.683, 91.98, 0, 74232, 65
2026/07/29 03:39:26.777, 92.15, 0, 74232, 64
2026/07/29 03:39:27.807, 91.08, 0, 74232, 64
2026/07/29 03:39:28.838, 91.63, 0, 74232, 64
2026/07/29 03:39:29.868, 90.18, 0, 74232, 63
2026/07/29 03:39:30.901, 90.58, 0, 74232, 63
2026/07/29 03:39:31.931, 90.31, 0, 74232, 63
2026/07/29 03:39:32.962, 89.31, 0, 74232, 62
2026/07/29 03:39:33.991, 89.61, 0, 74232, 62
2026/07/29 03:39:35.021, 88.33, 0, 74232, 62
2026/07/29 03:39:36.053, 88.30, 0, 74232, 62
2026/07/29 03:39:37.113, 87.81, 0, 74232, 61
2026/07/29 03:39:38.145, 88.41, 0, 74232, 61
2026/07/29 03:39:39.180, 87.29, 0, 74232, 61
2026/07/29 03:39:40.212, 86.92, 0, 74232, 61
2026/07/29 03:39:41.243, 86.68, 0, 74232, 60
2026/07/29 03:39:42.274, 297.22, 100, 74232, 66
2026/07/29 03:39:43.310, 300.93, 100, 74232, 66
2026/07/29 03:39:44.345, 315.54, 100, 74232, 66
2026/07/29 03:39:45.383, 272.07, 100, 74232, 67
2026/07/29 03:39:46.416, 284.01, 100, 74232, 65
2026/07/29 03:39:47.453, 285.63, 100, 74232, 65
2026/07/29 03:39:48.493, 300.75, 100, 74232, 66
2026/07/29 03:39:49.529, 301.05, 100, 74232, 66
2026/07/29 03:39:50.565, 300.67, 100, 74232, 66
2026/07/29 03:39:51.605, 295.40, 100, 74232, 66
2026/07/29 03:39:52.641, 291.01, 100, 74232, 67
2026/07/29 03:39:53.679, 296.27, 100, 74232, 67
2026/07/29 03:39:54.715, 295.01, 100, 74232, 67
2026/07/29 03:39:55.754, 295.60, 100, 74232, 67
2026/07/29 03:39:56.791, 294.63, 100, 74232, 68
2026/07/29 03:39:57.828, 271.71, 100, 74232, 69
2026/07/29 03:39:58.864, 284.68, 100, 74232, 70
2026/07/29 03:39:59.899, 287.61, 100, 74232, 70
2026/07/29 03:40:00.933, 320.50, 100, 74232, 70
2026/07/29 03:40:01.969, 284.95, 100, 74232, 70
2026/07/29 03:40:03.008, 304.44, 100, 74232, 69
2026/07/29 03:40:04.045, 307.62, 100, 74232, 69
2026/07/29 03:40:05.084, 317.15, 100, 74232, 71
2026/07/29 03:40:06.118, 294.15, 100, 74232, 71
2026/07/29 03:40:07.154, 309.12, 100, 74232, 71
2026/07/29 03:40:08.188, 282.34, 100, 74232, 71
2026/07/29 03:40:09.222, 327.27, 100, 74232, 72
2026/07/29 03:40:10.255, 291.42, 100, 74232, 71
2026/07/29 03:40:11.292, 311.06, 100, 74232, 72
2026/07/29 03:40:12.335, 290.43, 100, 74232, 70
2026/07/29 03:40:13.373, 293.45, 100, 74232, 70
2026/07/29 03:40:14.411, 290.34, 100, 74232, 70
2026/07/29 03:40:15.451, 299.88, 100, 74232, 71
2026/07/29 03:40:16.489, 293.75, 100, 74232, 71
2026/07/29 03:40:17.526, 297.06, 100, 74232, 71
2026/07/29 03:40:18.563, 293.95, 100, 74232, 71
2026/07/29 03:40:19.600, 296.18, 100, 74232, 71
2026/07/29 03:40:20.637, 293.75, 100, 74232, 71
2026/07/29 03:40:21.673, 297.56, 100, 74232, 71
2026/07/29 03:40:22.710, 300.95, 100, 74232, 71
2026/07/29 03:40:23.748, 297.94, 100, 74232, 71
2026/07/29 03:40:24.788, 298.25, 100, 74232, 72
2026/07/29 03:40:25.825, 300.57, 100, 74232, 72
2026/07/29 03:40:26.863, 296.76, 100, 74232, 72
2026/07/29 03:40:27.904, 300.82, 100, 74232, 72
2026/07/29 03:40:28.942, 299.59, 100, 74232, 72
2026/07/29 03:40:29.978, 300.67, 100, 74232, 72
2026/07/29 03:40:31.015, 303.59, 100, 74232, 72
2026/07/29 03:40:32.052, 300.18, 100, 74232, 72
2026/07/29 03:40:33.091, 301.38, 100, 74232, 72
2026/07/29 03:40:34.129, 300.76, 100, 74232, 72
2026/07/29 03:40:35.165, 301.82, 100, 74232, 72
2026/07/29 03:40:36.202, 302.61, 100, 74232, 72
2026/07/29 03:40:37.239, 301.25, 100, 74232, 72
2026/07/29 03:40:38.275, 301.24, 100, 74232, 72
2026/07/29 03:40:39.311, 301.35, 100, 74232, 72
2026/07/29 03:40:40.347, 97.96, 0, 74232, 69
2026/07/29 03:40:41.387, 295.61, 100, 74232, 74
2026/07/29 03:40:42.421, 305.42, 100, 74232, 74
2026/07/29 03:40:43.455, 300.55, 100, 74232, 74
2026/07/29 03:40:44.490, 293.72, 100, 74232, 74
2026/07/29 03:40:45.532, 296.13, 100, 74232, 74
2026/07/29 03:40:46.566, 284.60, 100, 74232, 74
2026/07/29 03:40:47.600, 302.68, 100, 74232, 72
2026/07/29 03:40:48.637, 301.23, 100, 74232, 72
2026/07/29 03:40:49.674, 301.34, 100, 74232, 72
2026/07/29 03:40:50.712, 288.11, 100, 74232, 74
2026/07/29 03:40:51.746, 275.31, 100, 74232, 74
2026/07/29 03:40:52.782, 293.19, 100, 74232, 74
2026/07/29 03:40:53.815, 283.91, 100, 74232, 74
2026/07/29 03:40:54.849, 267.57, 100, 74232, 74
2026/07/29 03:40:55.883, 293.82, 100, 74232, 74
2026/07/29 03:40:56.918, 300.87, 100, 74232, 73
2026/07/29 03:40:57.955, 301.15, 100, 74232, 73
2026/07/29 03:40:58.991, 295.03, 100, 74232, 73
2026/07/29 03:41:00.032, 294.73, 100, 74232, 73
2026/07/29 03:41:01.070, 299.99, 100, 74232, 73
2026/07/29 03:41:02.107, 301.53, 100, 74232, 73
2026/07/29 03:41:03.146, 302.89, 100, 74232, 73
2026/07/29 03:41:04.182, 296.10, 100, 74232, 73
2026/07/29 03:41:05.220, 300.28, 100, 74232, 73
2026/07/29 03:41:06.259, 301.05, 100, 74232, 73
2026/07/29 03:41:07.295, 302.31, 100, 74232, 73
2026/07/29 03:41:08.332, 303.26, 100, 74232, 74
2026/07/29 03:41:09.368, 302.61, 100, 74232, 74
2026/07/29 03:41:10.406, 303.40, 100, 74232, 73
2026/07/29 03:41:11.442, 303.80, 100, 74232, 74
2026/07/29 03:41:12.479, 303.59, 100, 74232, 74
2026/07/29 03:41:13.515, 303.89, 100, 74232, 73
2026/07/29 03:41:14.554, 295.31, 100, 74232, 73
2026/07/29 03:41:15.592, 296.39, 100, 74232, 73
2026/07/29 03:41:16.629, 296.38, 100, 74232, 73
2026/07/29 03:41:17.666, 295.41, 100, 74232, 73
2026/07/29 03:41:18.703, 100.32, 0, 74232, 70
2026/07/29 03:41:19.735, 289.38, 100, 74232, 75
2026/07/29 03:41:20.774, 306.16, 100, 74232, 75
2026/07/29 03:41:21.808, 286.45, 100, 74232, 75
2026/07/29 03:41:22.842, 287.61, 100, 74232, 75
2026/07/29 03:41:23.880, 272.96, 100, 74232, 75
2026/07/29 03:41:24.914, 265.36, 100, 74232, 75
2026/07/29 03:41:25.951, 301.25, 100, 74232, 73
2026/07/29 03:41:26.990, 303.30, 100, 74232, 73
2026/07/29 03:41:28.027, 302.03, 100, 74232, 73
2026/07/29 03:41:29.065, 303.21, 100, 74232, 73
2026/07/29 03:41:30.102, 295.77, 100, 74232, 74
2026/07/29 03:41:31.142, 301.31, 100, 74232, 74
2026/07/29 03:41:32.176, 307.25, 100, 74232, 75
2026/07/29 03:41:33.211, 315.73, 100, 74232, 75
2026/07/29 03:41:34.249, 276.44, 100, 74232, 74
2026/07/29 03:41:35.283, 300.62, 100, 74232, 75
2026/07/29 03:41:36.317, 275.15, 100, 74232, 75
2026/07/29 03:41:37.351, 300.47, 100, 74232, 73
2026/07/29 03:41:38.388, 299.20, 100, 74232, 73
2026/07/29 03:41:39.424, 296.48, 100, 74232, 73
2026/07/29 03:41:40.466, 99.78, 0, 74232, 73
2026/07/29 03:41:41.502, 287.99, 100, 74232, 75
2026/07/29 03:41:42.548, 288.34, 100, 74232, 75
2026/07/29 03:41:43.590, 314.25, 100, 74232, 75
2026/07/29 03:41:44.624, 304.06, 100, 74232, 75
2026/07/29 03:41:45.658, 271.89, 100, 74232, 75
2026/07/29 03:41:46.691, 304.58, 100, 74232, 75
2026/07/29 03:41:47.728, 304.85, 100, 74232, 74
2026/07/29 03:41:48.766, 304.27, 100, 74232, 74
2026/07/29 03:41:49.803, 304.17, 100, 74232, 74
2026/07/29 03:41:50.840, 303.19, 100, 74232, 74
2026/07/29 03:41:51.877, 304.08, 100, 74232, 74
2026/07/29 03:41:52.914, 303.87, 100, 74232, 74
2026/07/29 03:41:53.951, 306.39, 100, 74232, 74
2026/07/29 03:41:54.988, 304.96, 100, 74232, 74
2026/07/29 03:41:56.027, 304.77, 100, 74232, 74
2026/07/29 03:41:57.063, 305.14, 100, 74232, 74
2026/07/29 03:41:58.104, 304.17, 100, 74232, 74
2026/07/29 03:41:59.141, 306.59, 100, 74232, 74
2026/07/29 03:42:00.179, 298.13, 100, 74232, 74
2026/07/29 03:42:01.217, 295.79, 100, 74232, 74
2026/07/29 03:42:02.255, 296.47, 100, 74232, 74
2026/07/29 03:42:03.296, 297.17, 100, 74232, 74
2026/07/29 03:42:04.333, 294.13, 100, 74232, 74
2026/07/29 03:42:05.370, 296.67, 100, 74232, 74
2026/07/29 03:42:06.409, 294.15, 100, 74232, 74
2026/07/29 03:42:07.447, 296.29, 100, 74232, 74
2026/07/29 03:42:08.484, 296.58, 100, 74232, 74
2026/07/29 03:42:09.522, 296.28, 100, 74232, 74
2026/07/29 03:42:10.561, 298.43, 100, 74232, 74
2026/07/29 03:42:11.598, 296.28, 100, 74232, 74
2026/07/29 03:42:12.634, 308.74, 100, 74232, 75
2026/07/29 03:42:13.669, 304.81, 100, 74232, 75
2026/07/29 03:42:14.702, 299.30, 100, 74232, 75
2026/07/29 03:42:15.739, 307.75, 100, 74232, 75
2026/07/29 03:42:16.775, 302.00, 100, 74232, 75
2026/07/29 03:42:17.809, 311.59, 100, 74232, 75
2026/07/29 03:42:18.843, 329.47, 100, 74232, 75
2026/07/29 03:42:19.881, 303.83, 100, 74232, 73
2026/07/29 03:42:20.919, 305.91, 100, 74232, 73
2026/07/29 03:42:21.958, 303.10, 100, 74232, 73
2026/07/29 03:42:22.995, 291.03, 100, 74232, 73
2026/07/29 03:42:24.033, 293.16, 100, 74232, 73
2026/07/29 03:42:25.072, 294.93, 100, 74232, 73
2026/07/29 03:42:26.109, 295.71, 100, 74232, 73
2026/07/29 03:42:27.150, 293.74, 100, 74232, 73
2026/07/29 03:42:28.188, 297.45, 100, 74232, 73
2026/07/29 03:42:29.224, 297.54, 100, 74232, 73
2026/07/29 03:42:30.261, 294.54, 100, 74232, 73
2026/07/29 03:42:31.298, 296.78, 100, 74232, 73
2026/07/29 03:42:32.337, 296.58, 100, 74232, 73
2026/07/29 03:42:33.374, 295.71, 100, 74232, 73
2026/07/29 03:42:34.412, 302.12, 100, 74232, 73
2026/07/29 03:42:35.450, 301.85, 100, 74232, 74
2026/07/29 03:42:36.487, 301.81, 100, 74232, 74
2026/07/29 03:42:37.527, 304.46, 100, 74232, 74
2026/07/29 03:42:38.563, 302.71, 100, 74232, 74
2026/07/29 03:42:39.598, 303.78, 100, 74232, 73
2026/07/29 03:42:40.635, 304.47, 100, 74232, 73
2026/07/29 03:42:41.671, 302.81, 100, 74232, 73
2026/07/29 03:42:42.709, 301.84, 100, 74232, 73
2026/07/29 03:42:43.745, 301.82, 100, 74232, 73
2026/07/29 03:42:44.783, 301.63, 100, 74232, 73
2026/07/29 03:42:45.820, 295.70, 100, 74232, 73
2026/07/29 03:42:46.861, 291.63, 100, 74232, 73
2026/07/29 03:42:47.899, 295.21, 100, 74232, 73
2026/07/29 03:42:48.938, 296.58, 100, 74232, 73
2026/07/29 03:42:49.977, 293.55, 100, 74232, 73
2026/07/29 03:42:51.015, 293.66, 100, 74232, 73
2026/07/29 03:42:52.054, 299.58, 100, 74232, 73
2026/07/29 03:42:53.091, 305.44, 100, 74232, 73
2026/07/29 03:42:54.142, 304.08, 100, 74232, 73
2026/07/29 03:42:55.178, 294.82, 100, 74232, 73
2026/07/29 03:42:56.216, 291.40, 100, 74232, 73
2026/07/29 03:42:57.259, 294.43, 100, 74232, 73
2026/07/29 03:42:58.297, 300.76, 100, 74232, 73
2026/07/29 03:42:59.334, 303.36, 100, 74232, 73
2026/07/29 03:43:00.371, 301.73, 100, 74232, 73
2026/07/29 03:43:01.407, 301.99, 100, 74232, 73
2026/07/29 03:43:02.445, 301.96, 100, 74232, 73
2026/07/29 03:43:03.481, 299.77, 100, 74232, 73
2026/07/29 03:43:04.519, 301.94, 100, 74232, 73
2026/07/29 03:43:05.556, 302.22, 100, 74232, 73
2026/07/29 03:43:06.594, 301.61, 100, 74232, 73
2026/07/29 03:43:07.630, 297.84, 100, 74232, 73
2026/07/29 03:43:08.670, 301.21, 100, 74232, 73
2026/07/29 03:43:09.706, 303.00, 100, 74232, 73
2026/07/29 03:43:10.742, 301.23, 100, 74232, 73
2026/07/29 03:43:11.779, 302.31, 100, 74232, 73
2026/07/29 03:43:12.815, 304.85, 100, 74232, 73
2026/07/29 03:43:13.854, 302.52, 100, 74232, 73
2026/07/29 03:43:14.892, 301.15, 100, 74232, 73
2026/07/29 03:43:15.929, 302.60, 100, 74232, 73
2026/07/29 03:43:16.967, 296.58, 100, 74232, 73
2026/07/29 03:43:18.006, 291.03, 100, 74232, 73
2026/07/29 03:43:19.043, 294.23, 100, 74232, 73
2026/07/29 03:43:20.083, 293.45, 100, 74232, 73
2026/07/29 03:43:21.119, 303.38, 100, 74232, 73
2026/07/29 03:43:22.156, 301.64, 100, 74232, 73
2026/07/29 03:43:23.193, 301.55, 100, 74232, 73
2026/07/29 03:43:24.230, 301.75, 100, 74232, 73
2026/07/29 03:43:25.268, 303.59, 100, 74232, 73
2026/07/29 03:43:26.307, 301.35, 100, 74232, 73
2026/07/29 03:43:27.345, 303.59, 100, 74232, 73
2026/07/29 03:43:28.382, 295.79, 100, 74232, 73
2026/07/29 03:43:29.421, 294.84, 100, 74232, 73
2026/07/29 03:43:30.458, 294.03, 100, 74232, 73
2026/07/29 03:43:31.495, 296.94, 100, 74232, 73
2026/07/29 03:43:32.533, 296.19, 100, 74232, 73
2026/07/29 03:43:33.571, 294.83, 100, 74232, 73
2026/07/29 03:43:34.610, 301.82, 100, 74232, 73
2026/07/29 03:43:35.647, 301.72, 100, 74232, 73
2026/07/29 03:43:36.687, 300.77, 100, 74232, 73
2026/07/29 03:43:37.725, 301.93, 100, 74232, 73
2026/07/29 03:43:38.762, 303.16, 100, 74232, 73
2026/07/29 03:43:39.800, 302.41, 100, 74232, 73
2026/07/29 03:43:40.838, 298.42, 100, 74232, 73
2026/07/29 03:43:41.876, 301.92, 100, 74232, 73
2026/07/29 03:43:42.914, 301.24, 100, 74232, 73
2026/07/29 03:43:43.951, 302.33, 100, 74232, 73
2026/07/29 03:43:44.988, 301.45, 100, 74232, 73
2026/07/29 03:43:46.026, 303.20, 100, 74232, 73
2026/07/29 03:43:47.064, 302.70, 100, 74232, 73
2026/07/29 03:43:48.102, 294.22, 100, 74232, 73
2026/07/29 03:43:49.142, 295.83, 100, 74232, 73
2026/07/29 03:43:50.180, 293.85, 100, 74232, 73
2026/07/29 03:43:51.219, 294.34, 100, 74232, 73
2026/07/29 03:43:52.259, 298.50, 100, 74232, 73
2026/07/29 03:43:53.297, 292.86, 100, 74232, 73
2026/07/29 03:43:54.334, 300.85, 100, 74232, 73
2026/07/29 03:43:55.372, 301.84, 100, 74232, 73
2026/07/29 03:43:56.410, 299.88, 100, 74232, 73
2026/07/29 03:43:57.449, 301.84, 100, 74232, 73
2026/07/29 03:43:58.487, 303.88, 100, 74232, 73
2026/07/29 03:43:59.527, 301.53, 100, 74232, 73
2026/07/29 03:44:00.564, 295.89, 100, 74232, 73
2026/07/29 03:44:01.603, 294.13, 100, 74232, 73
2026/07/29 03:44:02.641, 302.89, 100, 74232, 73
2026/07/29 03:44:03.680, 300.42, 100, 74232, 75
2026/07/29 03:44:04.715, 292.86, 100, 74232, 75
2026/07/29 03:44:05.750, 304.46, 100, 74232, 75
2026/07/29 03:44:06.791, 317.69, 100, 74232, 75
2026/07/29 03:44:07.825, 316.75, 100, 74232, 75
2026/07/29 03:44:08.861, 270.05, 100, 74232, 74
2026/07/29 03:44:09.900, 301.83, 100, 74232, 73
2026/07/29 03:44:10.937, 301.75, 100, 74232, 73
2026/07/29 03:44:11.975, 303.37, 100, 74232, 73
2026/07/29 03:44:13.013, 302.43, 100, 74232, 73
2026/07/29 03:44:14.051, 302.89, 100, 74232, 73
2026/07/29 03:44:15.089, 302.13, 100, 74232, 73
2026/07/29 03:44:16.126, 304.66, 100, 74232, 75
2026/07/29 03:44:17.162, 292.39, 100, 74232, 75
2026/07/29 03:44:18.197, 283.21, 100, 74232, 75
2026/07/29 03:44:19.231, 311.28, 100, 74232, 75
2026/07/29 03:44:20.267, 311.23, 100, 74232, 75
2026/07/29 03:44:21.305, 309.83, 100, 74232, 75
2026/07/29 03:44:22.340, 301.92, 100, 74232, 73
2026/07/29 03:44:23.378, 303.40, 100, 74232, 73
2026/07/29 03:44:24.415, 303.49, 100, 74232, 73
2026/07/29 03:44:25.455, 303.68, 100, 74232, 73
2026/07/29 03:44:26.491, 302.79, 100, 74232, 73
2026/07/29 03:44:27.528, 304.67, 100, 74232, 73
2026/07/29 03:44:28.565, 303.89, 100, 74232, 74
2026/07/29 03:44:29.606, 303.27, 100, 74232, 74
2026/07/29 03:44:30.648, 298.42, 100, 74232, 74
2026/07/29 03:44:31.685, 295.52, 100, 74232, 74
2026/07/29 03:44:32.722, 295.81, 100, 74232, 74
2026/07/29 03:44:33.758, 298.03, 100, 74232, 74
2026/07/29 03:44:34.794, 296.29, 100, 74232, 74
2026/07/29 03:44:35.830, 297.37, 100, 74232, 74
2026/07/29 03:44:36.867, 295.31, 100, 74232, 74
2026/07/29 03:44:37.903, 295.60, 100, 74232, 74
2026/07/29 03:44:38.939, 296.47, 100, 74232, 74
2026/07/29 03:44:39.976, 296.66, 100, 74232, 74
2026/07/29 03:44:41.014, 296.11, 100, 74232, 74
2026/07/29 03:44:42.052, 302.80, 100, 74232, 74
2026/07/29 03:44:43.089, 304.66, 100, 74232, 75
2026/07/29 03:44:44.123, 306.28, 100, 74232, 75
2026/07/29 03:44:45.159, 304.06, 100, 74232, 75
2026/07/29 03:44:46.195, 291.97, 100, 74232, 75
2026/07/29 03:44:47.229, 281.85, 100, 74232, 75
2026/07/29 03:44:48.263, 257.40, 100, 74232, 75
2026/07/29 03:44:49.302, 304.27, 100, 74232, 74
2026/07/29 03:44:50.338, 303.48, 100, 74232, 73
2026/07/29 03:44:51.377, 302.89, 100, 74232, 73
2026/07/29 03:44:52.413, 305.30, 100, 74232, 74
2026/07/29 03:44:53.450, 304.18, 100, 74232, 74
2026/07/29 03:44:54.488, 304.64, 100, 74232, 75
2026/07/29 03:44:55.563, 300.44, 100, 74232, 75
2026/07/29 03:44:56.596, 292.01, 100, 74232, 75
2026/07/29 03:44:57.632, 281.19, 100, 74232, 75
2026/07/29 03:44:58.672, 306.56, 100, 74232, 75
2026/07/29 03:44:59.706, 298.73, 100, 74232, 75
2026/07/29 03:45:00.739, 281.11, 100, 74232, 75
2026/07/29 03:45:01.775, 296.09, 100, 74232, 73
2026/07/29 03:45:02.813, 284.99, 100, 74232, 73
2026/07/29 03:45:03.851, 361.52, 82, 74232, 75
2026/07/29 03:45:04.891, 303.29, 100, 74232, 74
2026/07/29 03:45:05.929, 301.81, 100, 74232, 74
2026/07/29 03:45:06.966, 304.30, 100, 74232, 74
2026/07/29 03:45:08.002, 302.30, 100, 74232, 74
2026/07/29 03:45:09.040, 302.10, 100, 74232, 74
2026/07/29 03:45:10.076, 302.98, 100, 74232, 74
2026/07/29 03:45:11.114, 305.70, 100, 74232, 74
2026/07/29 03:45:12.151, 302.97, 100, 74232, 74
2026/07/29 03:45:13.188, 304.33, 100, 74232, 74
2026/07/29 03:45:14.226, 299.27, 100, 74232, 74
2026/07/29 03:45:15.263, 295.88, 100, 74232, 74
2026/07/29 03:45:16.299, 299.01, 100, 74232, 74
2026/07/29 03:45:17.338, 292.08, 100, 74232, 74
2026/07/29 03:45:18.375, 294.44, 100, 74232, 74
2026/07/29 03:45:19.414, 296.28, 100, 74232, 74
2026/07/29 03:45:20.453, 294.42, 100, 74232, 74
2026/07/29 03:45:21.490, 294.43, 100, 74232, 74
2026/07/29 03:45:22.530, 296.96, 100, 74232, 74
2026/07/29 03:45:23.568, 296.08, 100, 74232, 74
2026/07/29 03:45:24.604, 294.73, 100, 74232, 73
2026/07/29 03:45:25.642, 294.94, 100, 74232, 73
2026/07/29 03:45:26.680, 296.18, 100, 74232, 73
2026/07/29 03:45:27.722, 294.34, 100, 74232, 73
2026/07/29 03:45:28.761, 296.08, 100, 74232, 73
2026/07/29 03:45:29.799, 295.78, 100, 74232, 73
2026/07/29 03:45:30.837, 299.97, 100, 74232, 73
2026/07/29 03:45:31.875, 301.60, 100, 74232, 73
2026/07/29 03:45:32.912, 303.17, 100, 74232, 73
2026/07/29 03:45:33.949, 304.04, 100, 74232, 73
2026/07/29 03:45:34.987, 298.61, 100, 74232, 73
2026/07/29 03:45:36.026, 297.05, 100, 74232, 73
2026/07/29 03:45:37.063, 294.91, 100, 74232, 73
2026/07/29 03:45:38.102, 302.52, 100, 74232, 73
2026/07/29 03:45:39.138, 301.05, 100, 74232, 73
2026/07/29 03:45:40.176, 304.16, 100, 74232, 73
2026/07/29 03:45:41.214, 303.40, 100, 74232, 73
2026/07/29 03:45:42.255, 303.44, 100, 74232, 73
2026/07/29 03:45:43.293, 300.96, 100, 74232, 73
2026/07/29 03:45:44.331, 302.29, 100, 74232, 73
2026/07/29 03:45:45.375, 304.18, 100, 74232, 73
2026/07/29 03:45:46.411, 303.39, 100, 74232, 73
2026/07/29 03:45:47.449, 294.61, 100, 74232, 73
2026/07/29 03:45:48.486, 291.62, 100, 74232, 73
2026/07/29 03:45:49.523, 296.38, 100, 74232, 73
2026/07/29 03:45:50.561, 295.50, 100, 74232, 73
2026/07/29 03:45:51.599, 295.79, 100, 74232, 73
2026/07/29 03:45:52.635, 295.12, 100, 74232, 73
2026/07/29 03:45:53.672, 295.81, 100, 74232, 73
2026/07/29 03:45:54.709, 296.49, 100, 74232, 73
2026/07/29 03:45:55.746, 294.73, 100, 74232, 73
2026/07/29 03:45:56.781, 291.61, 100, 74232, 73
2026/07/29 03:45:57.819, 294.61, 100, 74232, 73
2026/07/29 03:45:58.857, 294.24, 100, 74232, 73
2026/07/29 03:45:59.897, 295.42, 100, 74232, 73
2026/07/29 03:46:00.934, 291.60, 100, 74232, 73
2026/07/29 03:46:01.970, 298.62, 100, 74232, 73
2026/07/29 03:46:03.011, 297.15, 100, 74232, 73
2026/07/29 03:46:04.048, 291.52, 100, 74232, 73
2026/07/29 03:46:05.085, 290.16, 100, 74232, 73
2026/07/29 03:46:06.122, 301.44, 100, 74232, 73
2026/07/29 03:46:07.158, 302.11, 100, 74232, 73
2026/07/29 03:46:08.195, 302.33, 100, 74232, 73
2026/07/29 03:46:09.232, 302.00, 100, 74232, 73
2026/07/29 03:46:10.268, 302.41, 100, 74232, 73
2026/07/29 03:46:11.306, 300.84, 100, 74232, 73
2026/07/29 03:46:12.342, 300.96, 100, 74232, 73
2026/07/29 03:46:13.380, 302.32, 100, 74232, 73
2026/07/29 03:46:14.416, 300.66, 100, 74232, 73
2026/07/29 03:46:15.453, 301.47, 100, 74232, 73
2026/07/29 03:46:16.489, 301.82, 100, 74232, 73
2026/07/29 03:46:17.524, 302.12, 100, 74232, 73
2026/07/29 03:46:18.561, 301.82, 100, 74232, 73
2026/07/29 03:46:19.599, 295.69, 100, 74232, 73
2026/07/29 03:46:20.635, 294.72, 100, 74232, 73
2026/07/29 03:46:21.672, 290.81, 100, 74232, 73
2026/07/29 03:46:22.708, 302.78, 100, 74232, 73
2026/07/29 03:46:23.745, 295.90, 100, 74232, 73
2026/07/29 03:46:24.782, 299.38, 100, 74232, 73
2026/07/29 03:46:25.820, 300.87, 100, 74232, 73
2026/07/29 03:46:26.857, 299.95, 100, 74232, 73
2026/07/29 03:46:27.895, 300.96, 100, 74232, 73
2026/07/29 03:46:28.932, 300.48, 100, 74232, 73
2026/07/29 03:46:29.969, 303.78, 100, 74232, 73
2026/07/29 03:46:31.005, 301.22, 100, 74232, 73
2026/07/29 03:46:32.044, 295.02, 100, 74232, 73
2026/07/29 03:46:33.082, 295.11, 100, 74232, 73
2026/07/29 03:46:34.121, 303.59, 100, 74232, 73
2026/07/29 03:46:35.159, 302.43, 100, 74232, 73
2026/07/29 03:46:36.198, 300.75, 100, 74232, 73
2026/07/29 03:46:37.235, 301.31, 100, 74232, 73
2026/07/29 03:46:38.272, 302.03, 100, 74232, 73
2026/07/29 03:46:39.310, 301.24, 100, 74232, 73
2026/07/29 03:46:40.347, 301.52, 100, 74232, 73
2026/07/29 03:46:41.383, 302.60, 100, 74232, 73
2026/07/29 03:46:42.420, 301.41, 100, 74232, 73
2026/07/29 03:46:43.456, 300.95, 100, 74232, 73
2026/07/29 03:46:44.493, 304.26, 100, 74232, 73
2026/07/29 03:46:45.530, 300.95, 100, 74232, 73
2026/07/29 03:46:46.567, 299.99, 100, 74232, 73
2026/07/29 03:46:47.603, 301.74, 100, 74232, 73
2026/07/29 03:46:48.640, 302.32, 100, 74232, 73
2026/07/29 03:46:49.676, 301.55, 100, 74232, 73
2026/07/29 03:46:50.714, 301.90, 100, 74232, 73
2026/07/29 03:46:51.751, 302.80, 100, 74232, 73
2026/07/29 03:46:52.789, 303.94, 100, 74232, 73
2026/07/29 03:46:53.825, 300.39, 100, 74232, 74
2026/07/29 03:46:54.861, 294.75, 100, 74232, 74
2026/07/29 03:46:55.894, 303.97, 100, 74232, 74
2026/07/29 03:46:56.930, 289.94, 100, 74232, 74
2026/07/29 03:46:57.966, 277.44, 100, 74232, 74
2026/07/29 03:46:59.004, 282.35, 100, 74232, 74
2026/07/29 03:47:00.040, 302.21, 100, 74232, 73
2026/07/29 03:47:01.077, 302.81, 100, 74232, 73
2026/07/29 03:47:02.115, 303.01, 100, 74232, 73
2026/07/29 03:47:03.153, 302.81, 100, 74232, 73
2026/07/29 03:47:04.191, 290.92, 100, 74232, 73
2026/07/29 03:47:05.227, 295.20, 100, 74232, 73
2026/07/29 03:47:06.263, 297.94, 100, 74232, 75
2026/07/29 03:47:07.296, 303.39, 100, 74232, 75
2026/07/29 03:47:08.330, 289.27, 100, 74232, 75
2026/07/29 03:47:09.365, 285.66, 100, 74232, 75
2026/07/29 03:47:10.403, 294.73, 100, 74232, 75
2026/07/29 03:47:11.436, 307.05, 100, 74232, 75
2026/07/29 03:47:12.469, 304.07, 100, 74232, 74
2026/07/29 03:47:13.508, 304.57, 100, 74232, 74
2026/07/29 03:47:14.545, 303.29, 100, 74232, 74
2026/07/29 03:47:15.583, 305.03, 100, 74232, 74
2026/07/29 03:47:16.620, 305.74, 100, 74232, 74
2026/07/29 03:47:17.658, 304.75, 100, 74232, 74
2026/07/29 03:47:18.695, 101.11, 0, 74232, 71
2026/07/29 03:47:19.729, 289.07, 100, 74232, 75
2026/07/29 03:47:20.765, 300.07, 100, 74232, 75
2026/07/29 03:47:21.800, 289.75, 100, 74232, 75
2026/07/29 03:47:22.835, 285.49, 100, 74232, 75
2026/07/29 03:47:23.871, 282.02, 100, 74232, 75
2026/07/29 03:47:24.908, 305.72, 100, 74232, 75
2026/07/29 03:47:25.944, 298.44, 100, 74232, 74
2026/07/29 03:47:26.982, 303.84, 100, 74232, 74
2026/07/29 03:47:28.020, 299.68, 100, 74232, 74
2026/07/29 03:47:29.059, 298.23, 100, 74232, 74
2026/07/29 03:47:30.098, 288.78, 67, 74232, 75
2026/07/29 03:47:31.134, 301.04, 100, 74232, 75
2026/07/29 03:47:32.170, 299.21, 100, 74232, 75
2026/07/29 03:47:33.205, 308.26, 100, 74232, 75
2026/07/29 03:47:34.240, 271.17, 100, 74232, 75
2026/07/29 03:47:35.275, 313.21, 100, 74232, 75
2026/07/29 03:47:36.314, 282.51, 100, 74232, 75
2026/07/29 03:47:37.349, 304.46, 100, 74232, 74
2026/07/29 03:47:38.387, 303.99, 100, 74232, 74
2026/07/29 03:47:39.426, 305.82, 100, 74232, 74
2026/07/29 03:47:40.465, 305.04, 100, 74232, 74
2026/07/29 03:47:41.503, 303.75, 100, 74232, 74
2026/07/29 03:47:42.541, 304.64, 100, 74232, 74
2026/07/29 03:47:43.580, 298.70, 100, 74232, 74
2026/07/29 03:47:44.617, 297.06, 100, 74232, 74
2026/07/29 03:47:45.657, 299.11, 100, 74232, 74
2026/07/29 03:47:46.696, 101.03, 0, 74232, 74
2026/07/29 03:47:47.737, 291.05, 100, 74232, 75
2026/07/29 03:47:48.771, 302.70, 100, 74232, 75
2026/07/29 03:47:49.809, 286.05, 100, 74232, 75
2026/07/29 03:47:50.844, 315.84, 100, 74232, 75
2026/07/29 03:47:51.879, 296.94, 100, 74232, 75
2026/07/29 03:47:52.914, 283.89, 100, 74232, 76
2026/07/29 03:47:53.957, 300.47, 100, 74232, 74
2026/07/29 03:47:54.995, 303.26, 100, 74232, 74
2026/07/29 03:47:56.035, 303.58, 100, 74232, 74
2026/07/29 03:47:57.073, 303.87, 100, 74232, 74
2026/07/29 03:47:58.112, 299.30, 100, 74232, 75
2026/07/29 03:47:59.152, 304.28, 100, 74232, 74
2026/07/29 03:48:00.188, 297.55, 100, 74232, 74
2026/07/29 03:48:01.228, 290.93, 100, 74232, 74
2026/07/29 03:48:02.266, 295.31, 100, 74232, 74
2026/07/29 03:48:03.304, 297.35, 100, 74232, 74
2026/07/29 03:48:04.343, 297.54, 100, 74232, 74
2026/07/29 03:48:05.381, 295.89, 100, 74232, 74
2026/07/29 03:48:06.419, 296.88, 100, 74232, 74
2026/07/29 03:48:07.459, 297.62, 100, 74232, 74
2026/07/29 03:48:08.497, 296.39, 100, 74232, 74
2026/07/29 03:48:09.535, 296.31, 100, 74232, 74
2026/07/29 03:48:10.575, 295.30, 100, 74232, 74
2026/07/29 03:48:11.613, 296.86, 100, 74232, 74
2026/07/29 03:48:12.652, 297.66, 100, 74232, 74
2026/07/29 03:48:13.690, 298.21, 100, 74232, 74
2026/07/29 03:48:14.727, 304.18, 100, 74232, 74
2026/07/29 03:48:15.765, 302.23, 100, 74232, 74
2026/07/29 03:48:16.803, 303.49, 100, 74232, 74
2026/07/29 03:48:17.841, 302.39, 100, 74232, 74
2026/07/29 03:48:18.878, 302.58, 100, 74232, 74
2026/07/29 03:48:19.916, 294.35, 100, 74232, 74
2026/07/29 03:48:20.954, 303.89, 100, 74232, 74
2026/07/29 03:48:21.991, 302.66, 100, 74232, 74
2026/07/29 03:48:23.031, 303.17, 100, 74232, 73
2026/07/29 03:48:24.068, 296.39, 100, 74232, 73
2026/07/29 03:48:25.107, 296.57, 100, 74232, 73
2026/07/29 03:48:26.150, 302.51, 100, 74232, 73
2026/07/29 03:48:27.188, 296.28, 100, 74232, 73
2026/07/29 03:48:28.228, 291.51, 100, 74232, 73
2026/07/29 03:48:29.273, 291.12, 100, 74232, 73
2026/07/29 03:48:30.313, 299.59, 100, 74232, 73
2026/07/29 03:48:31.351, 296.29, 100, 74232, 73
2026/07/29 03:48:32.396, 294.24, 100, 74232, 73
2026/07/29 03:48:33.434, 301.43, 100, 74232, 73
2026/07/29 03:48:34.471, 298.52, 100, 74232, 73
2026/07/29 03:48:35.513, 301.91, 100, 74232, 73
2026/07/29 03:48:36.550, 301.22, 100, 74232, 73
2026/07/29 03:48:37.588, 301.83, 100, 74232, 73
2026/07/29 03:48:38.626, 303.40, 100, 74232, 73
2026/07/29 03:48:39.663, 303.39, 100, 74232, 73
2026/07/29 03:48:40.701, 303.50, 100, 74232, 73
2026/07/29 03:48:41.738, 303.27, 100, 74232, 73
2026/07/29 03:48:42.776, 300.47, 100, 74232, 73
2026/07/29 03:48:43.814, 303.19, 100, 74232, 73
2026/07/29 03:48:44.853, 305.32, 100, 74232, 73
2026/07/29 03:48:45.891, 296.88, 100, 74232, 73
2026/07/29 03:48:46.929, 292.38, 100, 74232, 73
2026/07/29 03:48:47.967, 296.68, 100, 74232, 73
2026/07/29 03:48:49.006, 294.62, 100, 74232, 73
2026/07/29 03:48:50.045, 294.83, 100, 74232, 73
2026/07/29 03:48:51.082, 298.33, 100, 74232, 73
2026/07/29 03:48:52.120, 301.74, 100, 74232, 73
2026/07/29 03:48:53.158, 298.13, 100, 74232, 73
2026/07/29 03:48:54.194, 294.14, 100, 74232, 73
2026/07/29 03:48:55.233, 294.23, 100, 74232, 73
2026/07/29 03:48:56.270, 292.08, 100, 74232, 73
2026/07/29 03:48:57.311, 298.71, 100, 74232, 73
2026/07/29 03:48:58.350, 300.94, 100, 74232, 73
2026/07/29 03:48:59.387, 293.95, 100, 74232, 73
2026/07/29 03:49:00.425, 297.26, 100, 74232, 73
2026/07/29 03:49:01.464, 295.41, 100, 74232, 73
2026/07/29 03:49:02.501, 293.37, 100, 74232, 73
2026/07/29 03:49:03.542, 294.24, 100, 74232, 73
2026/07/29 03:49:04.581, 293.25, 100, 74232, 73
2026/07/29 03:49:05.617, 293.57, 100, 74232, 73
2026/07/29 03:49:06.656, 295.79, 100, 74232, 73
2026/07/29 03:49:07.695, 293.26, 100, 74232, 73
2026/07/29 03:49:08.736, 302.12, 100, 74232, 73
2026/07/29 03:49:09.774, 299.20, 100, 74232, 73
2026/07/29 03:49:10.813, 301.55, 100, 74232, 73
2026/07/29 03:49:11.852, 302.03, 100, 74232, 73
2026/07/29 03:49:12.890, 301.57, 100, 74232, 73
2026/07/29 03:49:13.928, 301.05, 100, 74232, 73
2026/07/29 03:49:14.969, 301.15, 100, 74232, 73
2026/07/29 03:49:16.007, 302.13, 100, 74232, 73
2026/07/29 03:49:17.045, 302.52, 100, 74232, 73
2026/07/29 03:49:18.085, 301.59, 100, 74232, 73
2026/07/29 03:49:19.122, 302.03, 100, 74232, 73
2026/07/29 03:49:20.160, 303.30, 100, 74232, 73
2026/07/29 03:49:21.198, 295.99, 100, 74232, 73
2026/07/29 03:49:22.236, 297.94, 100, 74232, 73
2026/07/29 03:49:23.275, 294.82, 100, 74232, 72
2026/07/29 03:49:24.309, 306.42, 100, 74232, 75
2026/07/29 03:49:25.347, 306.13, 100, 74232, 75
2026/07/29 03:49:26.382, 288.12, 100, 74232, 75
2026/07/29 03:49:27.419, 328.35, 100, 74232, 75
2026/07/29 03:49:28.457, 277.77, 100, 74232, 74
2026/07/29 03:49:29.493, 297.17, 100, 74232, 73
2026/07/29 03:49:30.529, 297.84, 100, 74232, 73
2026/07/29 03:49:31.566, 299.88, 100, 74232, 73
2026/07/29 03:49:32.603, 302.42, 100, 74232, 73
2026/07/29 03:49:33.639, 303.07, 100, 74232, 73
2026/07/29 03:49:34.677, 295.02, 100, 74232, 73
2026/07/29 03:49:35.714, 295.21, 100, 74232, 73
2026/07/29 03:49:36.751, 297.94, 100, 74232, 73
2026/07/29 03:49:37.794, 303.08, 100, 74232, 73
2026/07/29 03:49:38.831, 303.38, 100, 74232, 73
2026/07/29 03:49:39.870, 303.34, 100, 74232, 73
2026/07/29 03:49:40.908, 303.59, 100, 74232, 73
2026/07/29 03:49:41.944, 305.13, 100, 74232, 73
2026/07/29 03:49:42.982, 302.59, 100, 74232, 73
2026/07/29 03:49:44.019, 302.60, 100, 74232, 73
2026/07/29 03:49:45.055, 295.70, 100, 74232, 73
2026/07/29 03:49:46.093, 294.71, 100, 74232, 73
2026/07/29 03:49:47.129, 296.77, 78, 74232, 72
2026/07/29 03:49:48.162, 98.85, 0, 74232, 69
2026/07/29 03:49:49.194, 97.95, 0, 74232, 69
2026/07/29 03:49:50.226, 97.36, 0, 74232, 68
2026/07/29 03:49:51.257, 95.62, 0, 74232, 68
2026/07/29 03:49:52.290, 96.79, 0, 74232, 67
2026/07/29 03:49:53.324, 95.18, 0, 74232, 66
2026/07/29 03:49:54.357, 94.81, 0, 74232, 66
2026/07/29 03:49:55.388, 93.94, 0, 74232, 66
2026/07/29 03:49:56.418, 92.76, 0, 74232, 65
2026/07/29 03:49:57.450, 91.97, 0, 74232, 65
2026/07/29 03:49:58.490, 92.66, 0, 74232, 64
2026/07/29 03:49:59.520, 92.20, 0, 74232, 64
2026/07/29 03:50:00.551, 90.81, 0, 74232, 64
2026/07/29 03:50:01.581, 91.28, 0, 74232, 63
2026/07/29 03:50:02.611, 90.00, 0, 74232, 63
2026/07/29 03:50:03.642, 90.58, 0, 74232, 63
2026/07/29 03:50:04.675, 90.28, 0, 74232, 62
2026/07/29 03:50:05.705, 89.10, 0, 74232, 62
2026/07/29 03:50:06.736, 89.49, 0, 74232, 62
2026/07/29 03:50:07.767, 89.78, 0, 74232, 62
2026/07/29 03:50:08.796, 88.13, 0, 74232, 61
2026/07/29 03:50:09.826, 87.81, 0, 74232, 61
2026/07/29 03:50:10.857, 88.40, 0, 74232, 61
2026/07/29 03:50:11.888, 88.20, 0, 74232, 61
2026/07/29 03:50:12.918, 87.25, 0, 74232, 60
2026/07/29 03:50:13.949, 86.96, 0, 74232, 60
2026/07/29 03:50:14.980, 85.02, 0, 74232, 60
2026/07/29 03:50:16.065, 85.77, 0, 74232, 60
2026/07/29 03:50:17.093, 85.36, 0, 74232, 59
2026/07/29 03:50:18.117, 85.26, 0, 74232, 59
2026/07/29 03:50:19.147, 84.87, 0, 74232, 59
2026/07/29 03:50:20.179, 84.06, 0, 74232, 59
2026/07/29 03:50:21.209, 84.25, 0, 74232, 58
2026/07/29 03:50:22.240, 84.25, 0, 74232, 58
2026/07/29 03:50:23.271, 84.00, 0, 74232, 58
2026/07/29 03:50:24.301, 83.78, 0, 74232, 58
2026/07/29 03:50:25.392, 84.50, 0, 74232, 58
2026/07/29 03:50:26.422, 83.29, 0, 74232, 57
2026/07/29 03:50:27.454, 83.12, 0, 74232, 57
2026/07/29 03:50:28.485, 82.89, 0, 74232, 57
2026/07/29 03:50:29.517, 82.59, 0, 74232, 57
2026/07/29 03:50:30.548, 82.22, 0, 74232, 57
2026/07/29 03:50:31.579, 82.25, 0, 74232, 56
2026/07/29 03:50:32.612, 82.16, 0, 74232, 56
2026/07/29 03:50:33.643, 82.12, 0, 74232, 56
2026/07/29 03:50:35.060, 81.84, 0, 74232, 56
2026/07/29 03:50:36.092, 81.70, 0, 74232, 56
2026/07/29 03:50:37.122, 81.52, 0, 74232, 55
2026/07/29 03:50:38.152, 81.25, 0, 74232, 55
2026/07/29 03:50:39.185, 81.15, 0, 74232, 55
2026/07/29 03:50:40.214, 80.96, 0, 74232, 55
2026/07/29 03:50:41.244, 80.96, 0, 74232, 55
2026/07/29 03:50:42.274, 79.22, 0, 74232, 55
2026/07/29 03:50:43.305, 79.18, 0, 74232, 54
2026/07/29 03:50:44.335, 79.06, 0, 74232, 54
2026/07/29 03:50:45.365, 78.78, 0, 74232, 54
2026/07/29 03:50:46.395, 78.48, 0, 74232, 54
2026/07/29 03:50:47.425, 78.68, 0, 74232, 54
2026/07/29 03:50:48.455, 78.38, 0, 74232, 54
2026/07/29 03:50:49.487, 78.39, 0, 74232, 53
2026/07/29 03:50:50.519, 78.28, 0, 74232, 53
2026/07/29 03:50:51.549, 78.43, 0, 74232, 53
2026/07/29 03:50:52.762, 309.27, 100, 74232, 59
2026/07/29 03:50:53.798, 305.20, 100, 74232, 59
2026/07/29 03:50:54.831, 280.38, 100, 74232, 60
2026/07/29 03:50:55.865, 270.97, 100, 74232, 60
2026/07/29 03:50:56.900, 292.74, 100, 74232, 59
2026/07/29 03:50:57.939, 287.89, 100, 74232, 59
2026/07/29 03:50:58.977, 289.26, 100, 74232, 59
2026/07/29 03:51:00.016, 291.50, 100, 74232, 60
2026/07/29 03:51:01.052, 289.44, 100, 74232, 60
2026/07/29 03:51:02.088, 293.76, 100, 74232, 60
2026/07/29 03:51:03.126, 294.98, 100, 74232, 61
2026/07/29 03:51:04.162, 292.68, 100, 74232, 63
2026/07/29 03:51:05.197, 295.67, 100, 74232, 63
2026/07/29 03:51:06.234, 286.04, 100, 74232, 63
2026/07/29 03:51:07.269, 316.10, 100, 74232, 64
2026/07/29 03:51:08.304, 270.23, 100, 74232, 63
2026/07/29 03:51:09.343, 297.66, 100, 74232, 63
2026/07/29 03:51:10.380, 297.37, 100, 74232, 63
2026/07/29 03:51:11.417, 299.49, 100, 74232, 63
2026/07/29 03:51:12.454, 286.33, 100, 74232, 65
2026/07/29 03:51:13.488, 301.93, 100, 74232, 65
2026/07/29 03:51:14.522, 302.17, 100, 74232, 66
2026/07/29 03:51:15.556, 276.49, 100, 74232, 66
2026/07/29 03:51:16.590, 301.83, 100, 74232, 66
2026/07/29 03:51:17.625, 306.12, 100, 74232, 64
2026/07/29 03:51:18.663, 284.76, 100, 74232, 65
2026/07/29 03:51:19.702, 292.29, 100, 74232, 65
2026/07/29 03:51:20.738, 287.82, 100, 74232, 65
2026/07/29 03:51:21.776, 285.17, 100, 74232, 65
2026/07/29 03:51:22.813, 292.27, 100, 74232, 66
2026/07/29 03:51:23.850, 300.48, 100, 74232, 66
2026/07/29 03:51:24.886, 299.98, 100, 74232, 66
2026/07/29 03:51:25.923, 300.66, 100, 74232, 66
2026/07/29 03:51:26.961, 305.62, 100, 74232, 67
2026/07/29 03:51:27.998, 298.44, 100, 74232, 69
2026/07/29 03:51:29.037, 308.26, 100, 74232, 69
2026/07/29 03:51:30.071, 279.02, 100, 74232, 69
2026/07/29 03:51:31.106, 285.65, 100, 74232, 69
2026/07/29 03:51:32.140, 293.93, 100, 74232, 69
2026/07/29 03:51:33.176, 284.56, 100, 74232, 67
2026/07/29 03:51:34.213, 288.19, 100, 74232, 68
2026/07/29 03:51:35.249, 295.89, 100, 74232, 68
2026/07/29 03:51:36.283, 307.98, 100, 74232, 70
2026/07/29 03:51:37.316, 280.59, 100, 74232, 70
2026/07/29 03:51:38.352, 307.93, 100, 74232, 70
2026/07/29 03:51:39.386, 310.56, 100, 74232, 70
2026/07/29 03:51:40.420, 272.99, 100, 74232, 70
2026/07/29 03:51:41.455, 303.88, 100, 74232, 69
2026/07/29 03:51:42.493, 304.17, 100, 74232, 69
2026/07/29 03:51:43.530, 302.13, 100, 74232, 69
2026/07/29 03:51:44.566, 297.25, 100, 74232, 69
2026/07/29 03:51:45.601, 300.94, 100, 74232, 69
2026/07/29 03:51:46.642, 295.90, 100, 74232, 70
2026/07/29 03:51:47.679, 296.77, 100, 74232, 70
2026/07/29 03:51:48.716, 298.32, 100, 74232, 70
2026/07/29 03:51:49.753, 298.82, 100, 74232, 70
2026/07/29 03:51:50.792, 296.28, 100, 74232, 70
2026/07/29 03:51:51.828, 295.88, 100, 74232, 70
2026/07/29 03:51:52.874, 296.97, 100, 74232, 70
2026/07/29 03:51:53.914, 292.08, 100, 74232, 70
2026/07/29 03:51:54.951, 292.59, 100, 74232, 70
2026/07/29 03:51:55.991, 291.72, 100, 74232, 70
2026/07/29 03:51:57.028, 298.50, 100, 74232, 72
2026/07/29 03:51:58.065, 300.00, 100, 74232, 72
2026/07/29 03:51:59.099, 269.92, 100, 74232, 72
2026/07/29 03:52:00.133, 299.53, 100, 74232, 72
2026/07/29 03:52:01.166, 299.39, 100, 74232, 73
2026/07/29 03:52:02.204, 303.67, 100, 74232, 72
2026/07/29 03:52:03.240, 301.22, 100, 74232, 71
2026/07/29 03:52:04.277, 300.97, 100, 74232, 71
2026/07/29 03:52:05.313, 301.83, 100, 74232, 71
2026/07/29 03:52:06.352, 300.58, 100, 74232, 71
2026/07/29 03:52:07.388, 301.54, 100, 74232, 71
2026/07/29 03:52:08.425, 294.44, 100, 74232, 71
2026/07/29 03:52:09.462, 294.24, 100, 74232, 71
2026/07/29 03:52:10.499, 294.92, 100, 74232, 71
2026/07/29 03:52:11.537, 294.35, 100, 74232, 71
2026/07/29 03:52:12.576, 293.37, 100, 74232, 72
2026/07/29 03:52:13.613, 300.09, 100, 74232, 72
2026/07/29 03:52:14.650, 298.71, 100, 74232, 72
2026/07/29 03:52:15.688, 301.24, 100, 74232, 72
2026/07/29 03:52:16.725, 302.80, 100, 74232, 72
2026/07/29 03:52:17.761, 302.70, 100, 74232, 72
2026/07/29 03:52:18.798, 302.58, 100, 74232, 72
2026/07/29 03:52:19.834, 302.33, 100, 74232, 72
2026/07/29 03:52:20.871, 303.11, 100, 74232, 72
2026/07/29 03:52:21.908, 304.18, 100, 74232, 72
2026/07/29 03:52:22.946, 302.13, 100, 74232, 72
2026/07/29 03:52:23.982, 302.62, 100, 74232, 72
2026/07/29 03:52:25.020, 303.08, 100, 74232, 73
2026/07/29 03:52:26.053, 308.82, 100, 74232, 74
2026/07/29 03:52:27.087, 286.93, 100, 74232, 74
2026/07/29 03:52:28.121, 308.36, 100, 74232, 74
2026/07/29 03:52:29.156, 308.71, 100, 74232, 73
2026/07/29 03:52:30.189, 256.71, 100, 74232, 74
2026/07/29 03:52:31.222, 301.83, 100, 74232, 72
2026/07/29 03:52:32.262, 301.27, 100, 74232, 72
2026/07/29 03:52:33.300, 301.79, 100, 74232, 72
2026/07/29 03:52:34.338, 303.10, 100, 74232, 72
2026/07/29 03:52:35.376, 300.38, 100, 74232, 73
2026/07/29 03:52:36.409, 283.79, 100, 74232, 74
2026/07/29 03:52:37.442, 301.63, 100, 74232, 74
2026/07/29 03:52:38.476, 300.46, 100, 74232, 74
2026/07/29 03:52:39.515, 298.62, 100, 74232, 74
2026/07/29 03:52:40.548, 275.34, 100, 74232, 74
2026/07/29 03:52:41.583, 276.33, 100, 74232, 72
2026/07/29 03:52:42.620, 287.92, 100, 74232, 72
2026/07/29 03:52:43.658, 292.10, 100, 74232, 72
2026/07/29 03:52:44.701, 296.09, 100, 74232, 72
2026/07/29 03:52:45.739, 293.36, 100, 74232, 73
2026/07/29 03:52:46.778, 297.09, 100, 74232, 75
2026/07/29 03:52:47.817, 286.24, 100, 74232, 75
2026/07/29 03:52:48.853, 293.17, 100, 74232, 75
2026/07/29 03:52:49.889, 310.09, 100, 74232, 75
2026/07/29 03:52:50.923, 287.99, 100, 74232, 74
2026/07/29 03:52:51.958, 291.03, 100, 74232, 75
2026/07/29 03:52:52.993, 305.23, 100, 74232, 73
2026/07/29 03:52:54.030, 300.48, 100, 74232, 73
2026/07/29 03:52:55.068, 301.64, 100, 74232, 73
2026/07/29 03:52:56.108, 297.93, 100, 74232, 73
2026/07/29 03:52:57.146, 291.50, 100, 74232, 73
2026/07/29 03:52:58.184, 290.63, 100, 74232, 73
2026/07/29 03:52:59.222, 294.82, 100, 74232, 73
2026/07/29 03:53:00.260, 289.07, 100, 74232, 73
2026/07/29 03:53:01.298, 303.33, 100, 74232, 75
2026/07/29 03:53:02.336, 298.86, 100, 74232, 75
2026/07/29 03:53:03.375, 308.25, 100, 74232, 75
2026/07/29 03:53:04.411, 265.91, 100, 74232, 75
2026/07/29 03:53:05.450, 310.43, 100, 74232, 75
2026/07/29 03:53:06.485, 313.11, 100, 74232, 75
2026/07/29 03:53:07.521, 297.85, 100, 74232, 73
2026/07/29 03:53:08.562, 292.28, 100, 74232, 73
2026/07/29 03:53:09.599, 291.03, 100, 74232, 73
2026/07/29 03:53:10.636, 298.89, 100, 74232, 73
2026/07/29 03:53:11.674, 290.64, 100, 74232, 73
2026/07/29 03:53:12.711, 286.63, 100, 74232, 73
2026/07/29 03:53:13.752, 282.72, 100, 74232, 75
2026/07/29 03:53:14.788, 296.76, 100, 74232, 75
2026/07/29 03:53:15.823, 299.20, 100, 74232, 76
2026/07/29 03:53:16.859, 301.33, 100, 74232, 75
2026/07/29 03:53:17.895, 271.60, 100, 74232, 76
2026/07/29 03:53:18.938, 287.22, 100, 74232, 76
2026/07/29 03:53:19.974, 273.32, 100, 74232, 74
2026/07/29 03:53:21.014, 282.94, 100, 74232, 74
2026/07/29 03:53:22.052, 296.97, 100, 74232, 74
2026/07/29 03:53:23.093, 287.02, 100, 74232, 74
2026/07/29 03:53:24.132, 291.01, 100, 74232, 74
2026/07/29 03:53:25.169, 301.53, 100, 74232, 76
2026/07/29 03:53:26.205, 300.42, 100, 74232, 76
2026/07/29 03:53:27.242, 281.11, 100, 74232, 76
2026/07/29 03:53:28.277, 271.85, 100, 74232, 76
2026/07/29 03:53:29.315, 308.86, 100, 74232, 76
2026/07/29 03:53:30.350, 329.89, 100, 74232, 76
2026/07/29 03:53:31.386, 304.28, 100, 74232, 74
2026/07/29 03:53:32.423, 303.48, 100, 74232, 74
2026/07/29 03:53:33.460, 302.39, 100, 74232, 74
2026/07/29 03:53:34.502, 301.43, 100, 74232, 74
2026/07/29 03:53:35.539, 298.81, 100, 74232, 74
2026/07/29 03:53:36.577, 296.29, 100, 74232, 74
2026/07/29 03:53:37.614, 296.28, 100, 74232, 74
2026/07/29 03:53:38.652, 297.54, 100, 74232, 74
2026/07/29 03:53:39.694, 299.41, 100, 74232, 74
2026/07/29 03:53:40.731, 300.19, 100, 74232, 74
2026/07/29 03:53:41.770, 301.35, 100, 74232, 74
2026/07/29 03:53:42.808, 299.69, 100, 74232, 74
2026/07/29 03:53:43.845, 298.79, 100, 74232, 74
2026/07/29 03:53:44.883, 298.13, 100, 74232, 74
2026/07/29 03:53:45.924, 298.34, 100, 74232, 74
2026/07/29 03:53:46.962, 295.70, 100, 74232, 74
2026/07/29 03:53:48.000, 303.48, 100, 74232, 74
2026/07/29 03:53:49.041, 306.30, 100, 74232, 74
2026/07/29 03:53:50.077, 303.29, 100, 74232, 74
2026/07/29 03:53:51.116, 303.39, 100, 74232, 74
2026/07/29 03:53:52.154, 296.87, 100, 74232, 74
2026/07/29 03:53:53.191, 293.85, 100, 74232, 74
2026/07/29 03:53:54.228, 295.90, 100, 74232, 74
2026/07/29 03:53:55.266, 294.91, 100, 74232, 74
2026/07/29 03:53:56.303, 301.80, 100, 74232, 74
2026/07/29 03:53:57.340, 100.50, 0, 74232, 71
2026/07/29 03:53:58.374, 99.26, 0, 74232, 70
2026/07/29 03:53:59.406, 97.36, 0, 74232, 69
2026/07/29 03:54:00.439, 97.56, 0, 74232, 68
2026/07/29 03:54:01.472, 96.25, 0, 74232, 68
2026/07/29 03:54:02.503, 95.86, 0, 74232, 67
2026/07/29 03:54:03.533, 94.27, 0, 74232, 67
2026/07/29 03:54:04.564, 94.58, 0, 74232, 66
2026/07/29 03:54:05.595, 93.56, 0, 74232, 66
2026/07/29 03:54:06.627, 93.66, 0, 74232, 65
2026/07/29 03:54:07.658, 92.26, 0, 74232, 65
2026/07/29 03:54:08.689, 92.66, 0, 74232, 65
2026/07/29 03:54:09.720, 91.38, 0, 74232, 64
2026/07/29 03:54:10.750, 90.97, 0, 74232, 64
2026/07/29 03:54:11.782, 91.49, 0, 74232, 64
2026/07/29 03:54:12.812, 90.89, 0, 74232, 63
2026/07/29 03:54:13.842, 90.77, 0, 74232, 63
2026/07/29 03:54:14.872, 90.48, 0, 74232, 63
2026/07/29 03:54:15.903, 89.36, 0, 74232, 62
2026/07/29 03:54:16.933, 89.69, 0, 74232, 62
2026/07/29 03:54:17.963, 88.50, 0, 74232, 62
2026/07/29 03:54:18.994, 89.30, 0, 74232, 62
2026/07/29 03:54:20.026, 88.04, 0, 74232, 61
2026/07/29 03:54:21.058, 87.64, 0, 74232, 61
2026/07/29 03:54:22.088, 87.48, 0, 74232, 61
2026/07/29 03:54:23.122, 88.11, 0, 74232, 61
2026/07/29 03:54:24.154, 87.71, 0, 74232, 60
2026/07/29 03:54:25.184, 87.71, 0, 74232, 60
2026/07/29 03:54:26.215, 87.04, 0, 74232, 60
2026/07/29 03:54:27.245, 86.05, 0, 74232, 60
2026/07/29 03:54:28.276, 85.86, 0, 74232, 59
2026/07/29 03:54:29.307, 85.57, 0, 74232, 59
2026/07/29 03:54:30.338, 85.42, 0, 74232, 59
2026/07/29 03:54:31.368, 85.19, 0, 74232, 59
2026/07/29 03:54:32.401, 84.91, 0, 74232, 58
2026/07/29 03:54:33.432, 84.77, 0, 74232, 58
2026/07/29 03:54:34.464, 84.38, 0, 74232, 58
2026/07/29 03:54:35.495, 84.31, 0, 74232, 58
2026/07/29 03:54:36.528, 84.00, 0, 74232, 58
2026/07/29 03:54:37.560, 83.90, 0, 74232, 57
2026/07/29 03:54:38.592, 83.61, 0, 74232, 57
2026/07/29 03:54:39.624, 83.31, 0, 74232, 57
2026/07/29 03:54:40.656, 83.19, 0, 74232, 57
2026/07/29 03:54:41.691, 82.61, 0, 74232, 57
2026/07/29 03:54:42.722, 82.30, 0, 74232, 56
2026/07/29 03:54:43.754, 82.16, 0, 74232, 56
2026/07/29 03:54:44.785, 81.81, 0, 74232, 56
2026/07/29 03:54:45.816, 81.16, 0, 74232, 56
2026/07/29 03:54:46.847, 81.18, 0, 74232, 56
2026/07/29 03:54:47.877, 80.83, 0, 74232, 55
2026/07/29 03:54:48.907, 80.64, 0, 74232, 55
2026/07/29 03:54:49.937, 80.47, 0, 74232, 55
2026/07/29 03:54:50.967, 79.48, 0, 74232, 55
2026/07/29 03:54:51.998, 79.25, 0, 74232, 55
2026/07/29 03:54:53.028, 79.28, 0, 74232, 55
2026/07/29 03:54:54.058, 79.04, 0, 74232, 54
2026/07/29 03:54:55.089, 78.87, 0, 74232, 54
2026/07/29 03:54:56.119, 78.68, 0, 74232, 54
2026/07/29 03:54:57.149, 78.58, 0, 74232, 54
2026/07/29 03:54:58.180, 78.48, 0, 74232, 54
2026/07/29 03:54:59.751, 305.24, 100, 74232, 59
2026/07/29 03:55:00.786, 302.54, 100, 74232, 60
2026/07/29 03:55:01.889, 308.01, 100, 74232, 60
2026/07/29 03:55:02.930, 306.53, 100, 74232, 61
2026/07/29 03:55:03.965, 301.05, 100, 74232, 59
2026/07/29 03:55:05.002, 293.74, 100, 74232, 60
2026/07/29 03:55:06.039, 295.48, 100, 74232, 60
2026/07/29 03:55:07.075, 295.70, 100, 74232, 60
2026/07/29 03:55:08.110, 296.17, 100, 74232, 61
2026/07/29 03:55:09.146, 295.70, 100, 74232, 61
2026/07/29 03:55:10.182, 380.99, 100, 74232, 63
2026/07/29 03:55:11.217, 296.34, 100, 74232, 63
2026/07/29 03:55:12.253, 299.75, 100, 74232, 64
2026/07/29 03:55:13.288, 318.57, 100, 74232, 64
2026/07/29 03:55:14.325, 302.99, 100, 74232, 64
2026/07/29 03:55:15.361, 298.68, 100, 74232, 63
2026/07/29 03:55:16.398, 298.71, 100, 74232, 63
2026/07/29 03:55:17.435, 300.85, 100, 74232, 63
2026/07/29 03:55:18.475, 296.56, 100, 74232, 65
2026/07/29 03:55:19.510, 298.78, 100, 74232, 66
2026/07/29 03:55:20.545, 306.48, 100, 74232, 66
2026/07/29 03:55:21.585, 297.72, 100, 74232, 66
2026/07/29 03:55:22.620, 295.39, 100, 74232, 66
2026/07/29 03:55:23.656, 305.42, 100, 74232, 65
2026/07/29 03:55:24.694, 299.39, 100, 74232, 65
2026/07/29 03:55:25.732, 295.69, 100, 74232, 65
2026/07/29 03:55:26.770, 292.77, 100, 74232, 67
2026/07/29 03:55:27.806, 296.18, 100, 74232, 68
2026/07/29 03:55:28.840, 315.35, 100, 74232, 68
2026/07/29 03:55:29.875, 300.38, 100, 74232, 68
2026/07/29 03:55:30.911, 284.38, 100, 74232, 68
2026/07/29 03:55:31.953, 300.95, 100, 74232, 67
2026/07/29 03:55:32.990, 302.97, 100, 74232, 67
2026/07/29 03:55:34.027, 301.52, 100, 74232, 67
2026/07/29 03:55:35.065, 298.24, 100, 74232, 67
2026/07/29 03:55:36.101, 292.37, 100, 74232, 67
2026/07/29 03:55:37.141, 295.19, 100, 74232, 68
2026/07/29 03:55:38.178, 294.62, 100, 74232, 68
2026/07/29 03:55:39.214, 302.23, 100, 74232, 68
2026/07/29 03:55:40.250, 303.18, 100, 74232, 68
2026/07/29 03:55:41.286, 302.30, 100, 74232, 68
2026/07/29 03:55:42.322, 301.52, 100, 74232, 69
2026/07/29 03:55:43.358, 302.58, 100, 74232, 69
2026/07/29 03:55:44.394, 302.28, 100, 74232, 69
2026/07/29 03:55:45.430, 303.10, 100, 74232, 69
2026/07/29 03:55:46.466, 304.26, 100, 74232, 69
2026/07/29 03:55:47.505, 304.03, 100, 74232, 69
2026/07/29 03:55:48.541, 295.42, 100, 74232, 71
2026/07/29 03:55:49.576, 294.55, 100, 74232, 71
2026/07/29 03:55:50.611, 306.21, 100, 74232, 71
2026/07/29 03:55:51.646, 295.00, 100, 74232, 71
2026/07/29 03:55:52.681, 290.08, 100, 74232, 71
2026/07/29 03:55:53.716, 303.74, 100, 74232, 70
2026/07/29 03:55:54.754, 304.42, 100, 74232, 70
2026/07/29 03:55:55.791, 304.53, 100, 74232, 70
2026/07/29 03:55:56.835, 303.75, 100, 74232, 70
2026/07/29 03:55:57.872, 298.81, 100, 74232, 70
2026/07/29 03:55:58.908, 297.93, 100, 74232, 70
2026/07/29 03:55:59.945, 298.13, 100, 74232, 70
2026/07/29 03:56:00.983, 298.02, 100, 74232, 71
2026/07/29 03:56:02.027, 298.21, 100, 74232, 71
2026/07/29 03:56:03.065, 298.92, 100, 74232, 71
2026/07/29 03:56:04.103, 291.60, 100, 74232, 71
2026/07/29 03:56:05.142, 96.38, 0, 74232, 68
2026/07/29 03:56:06.174, 297.86, 100, 74232, 72
2026/07/29 03:56:07.209, 298.90, 100, 74232, 72
2026/07/29 03:56:08.243, 303.94, 100, 74232, 72
2026/07/29 03:56:09.277, 277.60, 100, 74232, 72
2026/07/29 03:56:10.310, 302.47, 100, 74232, 73
2026/07/29 03:56:11.344, 298.61, 100, 74232, 71
2026/07/29 03:56:12.382, 300.65, 100, 74232, 71
2026/07/29 03:56:13.420, 301.04, 100, 74232, 71
2026/07/29 03:56:14.457, 300.82, 100, 74232, 71
2026/07/29 03:56:15.494, 301.15, 100, 74232, 71
2026/07/29 03:56:16.530, 299.79, 100, 74232, 71
2026/07/29 03:56:17.568, 295.98, 100, 74232, 71
2026/07/29 03:56:18.606, 299.95, 100, 74232, 72
2026/07/29 03:56:19.643, 303.19, 100, 74232, 72
2026/07/29 03:56:20.681, 298.04, 100, 74232, 72
2026/07/29 03:56:21.718, 300.97, 100, 74232, 72
2026/07/29 03:56:22.755, 98.25, 0, 74232, 69
2026/07/29 03:56:23.788, 296.00, 100, 74232, 73
2026/07/29 03:56:24.823, 296.30, 100, 74232, 74
2026/07/29 03:56:25.860, 292.27, 100, 74232, 74
2026/07/29 03:56:26.897, 310.44, 100, 74232, 74
2026/07/29 03:56:27.931, 296.56, 100, 74232, 73
2026/07/29 03:56:28.968, 300.08, 100, 74232, 72
2026/07/29 03:56:30.006, 300.64, 100, 74232, 72
2026/07/29 03:56:31.044, 300.83, 100, 74232, 72
2026/07/29 03:56:32.081, 300.49, 100, 74232, 72
2026/07/29 03:56:33.119, 299.99, 100, 74232, 72
2026/07/29 03:56:34.156, 294.31, 100, 74232, 72
2026/07/29 03:56:35.194, 292.96, 100, 74232, 72
2026/07/29 03:56:36.233, 293.76, 100, 74232, 72
2026/07/29 03:56:37.271, 293.74, 100, 74232, 72
2026/07/29 03:56:38.310, 293.37, 100, 74232, 72
2026/07/29 03:56:39.348, 295.28, 100, 74232, 72
2026/07/29 03:56:40.385, 300.74, 100, 74232, 72
2026/07/29 03:56:41.425, 301.62, 100, 74232, 72
2026/07/29 03:56:42.463, 296.95, 100, 74232, 72
2026/07/29 03:56:43.500, 301.65, 100, 74232, 72
2026/07/29 03:56:44.537, 301.24, 100, 74232, 72
2026/07/29 03:56:45.574, 297.85, 100, 74232, 72
2026/07/29 03:56:46.611, 301.61, 100, 74232, 73
2026/07/29 03:56:47.649, 301.73, 100, 74232, 73
2026/07/29 03:56:48.686, 301.34, 100, 74232, 73
2026/07/29 03:56:49.723, 304.13, 100, 74232, 73
2026/07/29 03:56:50.762, 300.76, 100, 74232, 73
2026/07/29 03:56:51.800, 301.32, 100, 74232, 73
2026/07/29 03:56:52.836, 302.53, 100, 74232, 73
2026/07/29 03:56:53.876, 301.62, 100, 74232, 74
2026/07/29 03:56:54.911, 293.62, 100, 74232, 74
2026/07/29 03:56:55.947, 304.83, 100, 74232, 74
2026/07/29 03:56:56.982, 285.37, 100, 74232, 74
2026/07/29 03:56:58.018, 282.08, 100, 74232, 74
2026/07/29 03:56:59.061, 301.74, 100, 74232, 73
2026/07/29 03:57:00.099, 301.54, 100, 74232, 73
2026/07/29 03:57:01.136, 301.14, 100, 74232, 73
2026/07/29 03:57:02.173, 299.39, 100, 74232, 73
2026/07/29 03:57:03.210, 298.43, 100, 74232, 73
2026/07/29 03:57:04.250, 302.70, 100, 74232, 73
2026/07/29 03:57:05.287, 303.15, 100, 74232, 73
2026/07/29 03:57:06.325, 302.23, 100, 74232, 73
2026/07/29 03:57:07.363, 302.71, 100, 74232, 73
2026/07/29 03:57:08.401, 302.49, 100, 74232, 73
2026/07/29 03:57:09.446, 303.67, 100, 74232, 73
2026/07/29 03:57:10.484, 302.30, 100, 74232, 73
2026/07/29 03:57:11.521, 295.59, 100, 74232, 73
2026/07/29 03:57:12.560, 295.68, 100, 74232, 73
2026/07/29 03:57:13.597, 294.33, 100, 74232, 73
2026/07/29 03:57:14.635, 295.42, 100, 74232, 73
2026/07/29 03:57:15.672, 291.68, 100, 74232, 73
2026/07/29 03:57:16.710, 296.95, 100, 74232, 73
2026/07/29 03:57:17.748, 298.52, 100, 74232, 73
2026/07/29 03:57:18.789, 302.96, 100, 74232, 73
2026/07/29 03:57:19.828, 305.73, 93, 74232, 74
2026/07/29 03:57:20.864, 300.08, 100, 74232, 74
2026/07/29 03:57:21.902, 303.09, 100, 74232, 74
2026/07/29 03:57:22.938, 295.90, 100, 74232, 75
2026/07/29 03:57:23.973, 288.28, 100, 74232, 75
2026/07/29 03:57:25.008, 293.75, 100, 74232, 75
2026/07/29 03:57:26.045, 302.23, 100, 74232, 73
2026/07/29 03:57:27.082, 296.09, 100, 74232, 73
2026/07/29 03:57:28.120, 292.08, 100, 74232, 73
2026/07/29 03:57:29.155, 292.48, 100, 74232, 73
2026/07/29 03:57:30.193, 295.30, 100, 74232, 73
2026/07/29 03:57:31.231, 295.51, 100, 74232, 73
2026/07/29 03:57:32.270, 295.70, 100, 74232, 73
2026/07/29 03:57:33.308, 295.13, 100, 74232, 72
2026/07/29 03:57:34.342, 301.40, 100, 74232, 75
2026/07/29 03:57:35.378, 300.36, 100, 74232, 75
2026/07/29 03:57:36.413, 296.58, 100, 74232, 75
2026/07/29 03:57:37.448, 306.69, 100, 74232, 75
2026/07/29 03:57:38.483, 296.46, 100, 74232, 75
2026/07/29 03:57:39.518, 305.17, 100, 74232, 75
2026/07/29 03:57:40.559, 303.97, 100, 74232, 73
2026/07/29 03:57:41.597, 295.12, 100, 74232, 73
2026/07/29 03:57:42.635, 295.89, 100, 74232, 73
2026/07/29 03:57:43.674, 297.17, 100, 74232, 73
2026/07/29 03:57:44.712, 100.13, 0, 74232, 70
2026/07/29 03:57:45.746, 288.85, 100, 74232, 74
2026/07/29 03:57:46.781, 290.73, 100, 74232, 75
2026/07/29 03:57:47.817, 287.81, 100, 74232, 75
2026/07/29 03:57:48.859, 306.05, 100, 74232, 75
2026/07/29 03:57:49.893, 290.35, 100, 74232, 75
2026/07/29 03:57:50.931, 302.52, 100, 74232, 73
2026/07/29 03:57:51.968, 305.05, 100, 74232, 73
2026/07/29 03:57:53.006, 302.41, 100, 74232, 74
2026/07/29 03:57:54.043, 302.98, 100, 74232, 74
2026/07/29 03:57:55.080, 278.86, 94, 74232, 75
2026/07/29 03:57:56.117, 298.55, 100, 74232, 75
2026/07/29 03:57:57.151, 285.98, 100, 74232, 75
2026/07/29 03:57:58.186, 284.89, 100, 74232, 76
2026/07/29 03:57:59.222, 310.83, 100, 74232, 76
2026/07/29 03:58:00.257, 288.18, 100, 74232, 75
2026/07/29 03:58:01.292, 305.97, 100, 74232, 74
2026/07/29 03:58:02.330, 304.18, 100, 74232, 74
2026/07/29 03:58:03.367, 305.11, 100, 74232, 74
2026/07/29 03:58:04.405, 304.67, 100, 74232, 74
2026/07/29 03:58:05.444, 293.17, 100, 74232, 74
2026/07/29 03:58:06.482, 305.86, 100, 74232, 74
2026/07/29 03:58:07.521, 303.78, 100, 74232, 74
2026/07/29 03:58:08.558, 293.82, 100, 74232, 74
2026/07/29 03:58:09.596, 298.71, 100, 74232, 74
2026/07/29 03:58:10.634, 304.86, 100, 74232, 74
2026/07/29 03:58:11.673, 304.94, 100, 74232, 74
2026/07/29 03:58:12.710, 298.03, 100, 74232, 74
2026/07/29 03:58:13.748, 296.97, 100, 74232, 74
2026/07/29 03:58:14.787, 296.68, 100, 74232, 74
2026/07/29 03:58:15.825, 101.19, 0, 74232, 71
2026/07/29 03:58:16.858, 99.44, 0, 74232, 70
2026/07/29 03:58:17.890, 98.33, 0, 74232, 69
2026/07/29 03:58:18.922, 97.69, 0, 74232, 69
2026/07/29 03:58:19.956, 95.97, 0, 74232, 68
2026/07/29 03:58:20.988, 96.06, 0, 74232, 67
2026/07/29 03:58:22.019, 95.46, 0, 74232, 67
2026/07/29 03:58:23.051, 93.79, 0, 74232, 66
2026/07/29 03:58:24.083, 94.28, 0, 74232, 66
2026/07/29 03:58:25.114, 93.79, 0, 74232, 66
2026/07/29 03:58:26.145, 93.19, 0, 74232, 65
2026/07/29 03:58:27.175, 91.87, 0, 74232, 65
2026/07/29 03:58:28.206, 92.07, 0, 74232, 64
2026/07/29 03:58:29.236, 92.19, 0, 74232, 64
2026/07/29 03:58:30.269, 90.68, 0, 74232, 64
2026/07/29 03:58:31.302, 90.97, 0, 74232, 63
2026/07/29 03:58:32.334, 91.00, 0, 74232, 63
2026/07/29 03:58:33.367, 89.52, 0, 74232, 63
2026/07/29 03:58:34.398, 88.86, 0, 74232, 63
2026/07/29 03:58:35.429, 89.03, 0, 74232, 62
2026/07/29 03:58:36.460, 88.60, 0, 74232, 62
2026/07/29 03:58:37.491, 87.84, 0, 74232, 62
2026/07/29 03:58:38.525, 87.94, 0, 74232, 61
2026/07/29 03:58:39.556, 89.75, 0, 74232, 61
2026/07/29 03:58:40.587, 88.30, 0, 74232, 61
2026/07/29 03:58:41.619, 87.11, 0, 74232, 61
2026/07/29 03:58:42.651, 86.85, 0, 74232, 60
2026/07/29 03:58:43.682, 86.92, 0, 74232, 60
2026/07/29 03:58:44.712, 86.08, 0, 74232, 60
2026/07/29 03:58:45.743, 85.96, 0, 74232, 60
2026/07/29 03:58:46.774, 85.76, 0, 74232, 59
2026/07/29 03:58:47.804, 85.36, 0, 74232, 59
2026/07/29 03:58:48.836, 85.28, 0, 74232, 59
2026/07/29 03:58:49.867, 85.11, 0, 74232, 59
2026/07/29 03:58:50.897, 85.11, 0, 74232, 59
2026/07/29 03:58:51.928, 84.68, 0, 74232, 58
2026/07/29 03:58:52.961, 84.49, 0, 74232, 58
2026/07/29 03:58:53.993, 84.29, 0, 74232, 58
2026/07/29 03:58:55.024, 83.87, 0, 74232, 58
2026/07/29 03:58:56.053, 83.92, 0, 74232, 57
2026/07/29 03:58:57.084, 83.60, 0, 74232, 57
2026/07/29 03:58:58.115, 83.46, 0, 74232, 57
2026/07/29 03:58:59.145, 83.38, 0, 74232, 57
2026/07/29 03:59:00.176, 83.10, 0, 74232, 57
2026/07/29 03:59:02.753, 82.72, 0, 74232, 56
2026/07/29 03:59:03.785, 82.39, 0, 74232, 56
2026/07/29 03:59:04.818, 82.46, 0, 74232, 56
2026/07/29 03:59:05.848, 81.63, 0, 74232, 56
2026/07/29 03:59:06.878, 80.61, 0, 74232, 55
2026/07/29 03:59:07.910, 80.10, 0, 74232, 55
2026/07/29 03:59:08.939, 79.93, 0, 74232, 55
2026/07/29 03:59:09.970, 79.37, 0, 74232, 55
2026/07/29 03:59:11.000, 79.44, 0, 74232, 55
2026/07/29 03:59:12.033, 79.18, 0, 74232, 55
2026/07/29 03:59:13.064, 78.87, 0, 74232, 54
2026/07/29 03:59:14.094, 78.86, 0, 74232, 54
2026/07/29 03:59:15.128, 78.58, 0, 74232, 54
2026/07/29 03:59:16.157, 78.42, 0, 74232, 54
2026/07/29 03:59:17.187, 78.58, 0, 74232, 54
2026/07/29 03:59:18.218, 77.79, 0, 74232, 54
2026/07/29 03:59:19.248, 77.91, 0, 74232, 54
2026/07/29 03:59:20.278, 77.99, 0, 74232, 53
2026/07/29 03:59:21.308, 77.90, 0, 74232, 53
2026/07/29 03:59:22.341, 305.31, 100, 74232, 59
2026/07/29 03:59:23.375, 296.73, 100, 74232, 59
2026/07/29 03:59:24.410, 291.56, 100, 74232, 60
2026/07/29 03:59:25.447, 288.48, 100, 74232, 60
2026/07/29 03:59:26.564, 295.68, 100, 74232, 59
2026/07/29 03:59:27.601, 297.14, 100, 74232, 59
2026/07/29 03:59:28.637, 294.62, 100, 74232, 60
2026/07/29 03:59:29.675, 295.10, 100, 74232, 60
2026/07/29 03:59:30.711, 300.53, 100, 74232, 60
2026/07/29 03:59:31.747, 295.08, 100, 74232, 61
2026/07/29 03:59:32.783, 265.20, 100, 74232, 62
2026/07/29 03:59:33.818, 294.12, 100, 74232, 63
2026/07/29 03:59:34.852, 306.13, 100, 74232, 63
2026/07/29 03:59:35.885, 298.04, 100, 74232, 64
2026/07/29 03:59:36.919, 309.18, 100, 74232, 64
2026/07/29 03:59:37.955, 298.99, 100, 74232, 62
2026/07/29 03:59:38.992, 298.21, 100, 74232, 63
2026/07/29 03:59:40.028, 298.70, 100, 74232, 63
2026/07/29 03:59:41.068, 296.55, 100, 74232, 65
2026/07/29 03:59:42.102, 286.08, 100, 74232, 65
2026/07/29 03:59:43.137, 298.40, 100, 74232, 66
2026/07/29 03:59:44.171, 297.45, 100, 74232, 65
2026/07/29 03:59:45.208, 305.35, 100, 74232, 66
2026/07/29 03:59:46.249, 298.28, 100, 74232, 66
2026/07/29 03:59:47.283, 298.40, 100, 74232, 65
2026/07/29 03:59:48.325, 297.73, 100, 74232, 65
2026/07/29 03:59:49.362, 293.16, 100, 74232, 65
2026/07/29 03:59:50.398, 291.69, 100, 74232, 65
2026/07/29 03:59:51.435, 299.29, 100, 74232, 66
2026/07/29 03:59:52.471, 300.33, 100, 74232, 66
2026/07/29 03:59:53.509, 301.04, 100, 74232, 66
2026/07/29 03:59:54.545, 302.02, 100, 74232, 66
2026/07/29 03:59:55.580, 302.59, 100, 74232, 67
2026/07/29 03:59:56.616, 304.95, 100, 74232, 69
2026/07/29 03:59:57.650, 285.75, 100, 74232, 69
2026/07/29 03:59:58.684, 282.97, 100, 74232, 69
2026/07/29 03:59:59.720, 295.00, 100, 74232, 69
2026/07/29 04:00:00.753, 319.74, 100, 74232, 69
2026/07/29 04:00:01.786, 281.45, 100, 74232, 69
2026/07/29 04:00:02.819, 303.58, 100, 74232, 68
2026/07/29 04:00:03.856, 303.48, 100, 74232, 68
2026/07/29 04:00:04.892, 304.15, 100, 74232, 68
2026/07/29 04:00:05.928, 272.28, 100, 74232, 70
2026/07/29 04:00:06.963, 307.30, 100, 74232, 70
2026/07/29 04:00:07.997, 298.60, 100, 74232, 70
2026/07/29 04:00:09.031, 290.15, 100, 74232, 71
2026/07/29 04:00:10.066, 310.37, 100, 74232, 71
2026/07/29 04:00:11.106, 303.07, 100, 74232, 71
2026/07/29 04:00:12.139, 289.57, 100, 74232, 71
2026/07/29 04:00:13.174, 306.99, 100, 74232, 70
2026/07/29 04:00:14.210, 297.46, 100, 74232, 70
2026/07/29 04:00:15.248, 302.43, 100, 74232, 71
2026/07/29 04:00:16.284, 286.15, 100, 74232, 72
2026/07/29 04:00:17.318, 289.37, 100, 74232, 72
2026/07/29 04:00:18.353, 297.73, 100, 74232, 72
2026/07/29 04:00:19.389, 279.25, 100, 74232, 72
2026/07/29 04:00:20.428, 301.11, 100, 74232, 72
2026/07/29 04:00:21.462, 265.87, 100, 74232, 72
2026/07/29 04:00:22.498, 307.67, 100, 74232, 71
2026/07/29 04:00:23.537, 300.64, 100, 74232, 71
2026/07/29 04:00:24.574, 300.76, 100, 74232, 71
2026/07/29 04:00:25.612, 300.30, 100, 74232, 71
2026/07/29 04:00:26.650, 302.43, 100, 74232, 71
2026/07/29 04:00:27.687, 301.33, 100, 74232, 71
2026/07/29 04:00:28.725, 301.92, 100, 74232, 71
2026/07/29 04:00:29.763, 294.65, 100, 74232, 73
2026/07/29 04:00:30.799, 303.77, 100, 74232, 73
2026/07/29 04:00:31.833, 301.62, 100, 74232, 74
2026/07/29 04:00:32.869, 288.85, 100, 74232, 73
2026/07/29 04:00:33.904, 301.19, 100, 74232, 73
2026/07/29 04:00:34.939, 303.56, 100, 74232, 74
2026/07/29 04:00:35.973, 284.39, 100, 74232, 74
2026/07/29 04:00:37.008, 302.52, 100, 74232, 72
2026/07/29 04:00:38.048, 302.58, 100, 74232, 72
2026/07/29 04:00:39.086, 303.66, 100, 74232, 72
2026/07/29 04:00:40.123, 300.37, 100, 74232, 72
2026/07/29 04:00:41.162, 300.76, 100, 74232, 72
2026/07/29 04:00:42.199, 301.82, 100, 74232, 74
2026/07/29 04:00:43.234, 288.28, 100, 74232, 74
2026/07/29 04:00:44.268, 292.39, 100, 74232, 74
2026/07/29 04:00:45.303, 304.17, 100, 74232, 74
2026/07/29 04:00:46.337, 308.23, 100, 74232, 74
2026/07/29 04:00:47.372, 317.92, 100, 74232, 75
2026/07/29 04:00:48.407, 307.17, 100, 74232, 74
2026/07/29 04:00:49.442, 303.98, 100, 74232, 73
2026/07/29 04:00:50.482, 297.16, 100, 74232, 73
2026/07/29 04:00:51.519, 296.67, 100, 74232, 73
2026/07/29 04:00:52.563, 304.07, 100, 74232, 73
2026/07/29 04:00:53.607, 290.94, 100, 74232, 73
2026/07/29 04:00:54.644, 296.00, 100, 74232, 73
2026/07/29 04:00:55.682, 296.96, 100, 74232, 73
2026/07/29 04:00:56.726, 285.57, 100, 74232, 73
2026/07/29 04:00:57.765, 289.85, 100, 74232, 73
2026/07/29 04:00:58.802, 288.19, 100, 74232, 73
2026/07/29 04:00:59.841, 297.07, 100, 74232, 73
2026/07/29 04:01:00.879, 293.65, 100, 74232, 73
2026/07/29 04:01:01.916, 294.05, 100, 74232, 73
2026/07/29 04:01:02.955, 295.59, 100, 74232, 73
2026/07/29 04:01:03.994, 294.93, 100, 74232, 73
2026/07/29 04:01:05.038, 293.07, 100, 74232, 73
2026/07/29 04:01:06.078, 301.65, 100, 74232, 73
2026/07/29 04:01:07.116, 298.63, 100, 74232, 73
2026/07/29 04:01:08.153, 303.00, 100, 74232, 73
2026/07/29 04:01:09.192, 302.70, 100, 74232, 73
2026/07/29 04:01:10.228, 303.21, 100, 74232, 73
2026/07/29 04:01:11.265, 302.22, 100, 74232, 73
2026/07/29 04:01:12.301, 302.92, 100, 74232, 73
2026/07/29 04:01:13.338, 303.48, 100, 74232, 73
2026/07/29 04:01:14.376, 98.78, 0, 74232, 70
2026/07/29 04:01:15.408, 98.71, 0, 74232, 69
2026/07/29 04:01:16.439, 97.89, 0, 74232, 68
2026/07/29 04:01:17.472, 96.85, 0, 74232, 68
2026/07/29 04:01:18.503, 96.26, 0, 74232, 67
2026/07/29 04:01:19.533, 95.42, 0, 74232, 67
2026/07/29 04:01:20.577, 94.02, 0, 74232, 66
2026/07/29 04:01:21.609, 94.42, 0, 74232, 66
2026/07/29 04:01:22.640, 92.83, 0, 74232, 65
2026/07/29 04:01:23.671, 93.16, 0, 74232, 65
2026/07/29 04:01:24.702, 92.29, 0, 74232, 64
2026/07/29 04:01:25.733, 90.81, 0, 74232, 64
2026/07/29 04:01:26.763, 91.17, 0, 74232, 64
2026/07/29 04:01:27.793, 89.99, 0, 74232, 63
2026/07/29 04:01:28.823, 89.39, 0, 74232, 63
2026/07/29 04:01:29.853, 90.09, 0, 74232, 63
2026/07/29 04:01:30.885, 89.59, 0, 74232, 62
2026/07/29 04:01:31.919, 89.24, 0, 74232, 62
2026/07/29 04:01:32.949, 89.10, 0, 74232, 62
2026/07/29 04:01:34.026, 87.43, 0, 74232, 62
2026/07/29 04:01:35.062, 88.46, 0, 74232, 61
2026/07/29 04:01:36.094, 88.03, 0, 74232, 61
2026/07/29 04:01:37.125, 86.78, 0, 74232, 61
2026/07/29 04:01:38.156, 86.67, 0, 74232, 61
2026/07/29 04:01:39.188, 299.58, 100, 74232, 66
2026/07/29 04:01:40.224, 300.43, 100, 74232, 66
2026/07/29 04:01:41.258, 307.29, 100, 74232, 67
2026/07/29 04:01:42.292, 283.70, 100, 74232, 67
2026/07/29 04:01:43.327, 301.93, 100, 74232, 65
2026/07/29 04:01:44.364, 300.96, 100, 74232, 66
2026/07/29 04:01:45.400, 303.00, 100, 74232, 66
2026/07/29 04:01:46.439, 299.10, 100, 74232, 66
2026/07/29 04:01:47.475, 300.48, 100, 74232, 66
2026/07/29 04:01:48.510, 301.73, 100, 74232, 67
2026/07/29 04:01:49.546, 295.61, 100, 74232, 67
2026/07/29 04:01:50.584, 300.66, 100, 74232, 69
2026/07/29 04:01:51.619, 289.33, 100, 74232, 69
2026/07/29 04:01:52.654, 290.12, 100, 74232, 69
2026/07/29 04:01:53.697, 295.70, 100, 74232, 69
2026/07/29 04:01:54.730, 302.96, 100, 74232, 68
2026/07/29 04:01:55.766, 304.26, 100, 74232, 68
2026/07/29 04:01:56.802, 303.49, 100, 74232, 68
2026/07/29 04:01:57.837, 303.97, 100, 74232, 70
2026/07/29 04:01:58.871, 293.15, 100, 74232, 70
2026/07/29 04:01:59.905, 302.91, 100, 74232, 71
2026/07/29 04:02:00.941, 283.68, 100, 74232, 71
2026/07/29 04:02:01.982, 301.66, 100, 74232, 71
2026/07/29 04:02:03.016, 302.69, 100, 74232, 69
2026/07/29 04:02:04.055, 302.90, 100, 74232, 70
2026/07/29 04:02:05.091, 305.31, 100, 74232, 70
2026/07/29 04:02:06.128, 304.26, 100, 74232, 70
2026/07/29 04:02:07.164, 304.05, 100, 74232, 70
2026/07/29 04:02:08.202, 303.97, 100, 74232, 70
2026/07/29 04:02:09.238, 304.14, 100, 74232, 70
2026/07/29 04:02:10.275, 302.83, 100, 74232, 70
2026/07/29 04:02:11.311, 294.62, 100, 74232, 71
2026/07/29 04:02:12.348, 301.25, 100, 74232, 71
2026/07/29 04:02:13.384, 292.08, 100, 74232, 71
2026/07/29 04:02:14.421, 291.70, 100, 74232, 71
2026/07/29 04:02:15.459, 300.15, 100, 74232, 71
2026/07/29 04:02:16.495, 288.00, 100, 74232, 71
2026/07/29 04:02:17.531, 290.63, 100, 74232, 71
2026/07/29 04:02:18.572, 291.51, 100, 74232, 71
2026/07/29 04:02:19.608, 299.00, 100, 74232, 71
2026/07/29 04:02:20.645, 311.39, 100, 74232, 73
2026/07/29 04:02:21.680, 298.56, 100, 74232, 73
2026/07/29 04:02:22.714, 293.84, 100, 74232, 73
2026/07/29 04:02:23.748, 286.36, 100, 74232, 73
2026/07/29 04:02:24.781, 306.18, 100, 74232, 73
2026/07/29 04:02:25.815, 305.93, 100, 74232, 72
2026/07/29 04:02:26.853, 304.64, 100, 74232, 72
2026/07/29 04:02:27.888, 302.80, 100, 74232, 72
2026/07/29 04:02:28.926, 300.77, 100, 74232, 72
2026/07/29 04:02:29.964, 300.35, 100, 74232, 72
2026/07/29 04:02:31.002, 98.55, 28, 74232, 69
2026/07/29 04:02:32.034, 300.26, 100, 74232, 73
2026/07/29 04:02:33.071, 302.45, 100, 74232, 73
2026/07/29 04:02:34.106, 316.49, 100, 74232, 73
2026/07/29 04:02:35.141, 316.94, 100, 74232, 74
2026/07/29 04:02:36.179, 308.73, 100, 74232, 74
2026/07/29 04:02:37.219, 307.18, 100, 74232, 72
2026/07/29 04:02:38.256, 301.04, 100, 74232, 72
2026/07/29 04:02:39.293, 299.99, 100, 74232, 72
2026/07/29 04:02:40.331, 302.39, 100, 74232, 72
2026/07/29 04:02:41.367, 301.16, 100, 74232, 72
2026/07/29 04:02:42.403, 301.52, 100, 74232, 72
2026/07/29 04:02:43.439, 301.84, 100, 74232, 72
2026/07/29 04:02:44.475, 301.15, 100, 74232, 72
2026/07/29 04:02:45.514, 302.32, 100, 74232, 73
2026/07/29 04:02:46.552, 302.31, 100, 74232, 73
2026/07/29 04:02:47.589, 98.73, 49, 74232, 70
2026/07/29 04:02:48.621, 306.39, 100, 74232, 74
2026/07/29 04:02:49.656, 282.93, 100, 74232, 74
2026/07/29 04:02:50.690, 305.55, 100, 74232, 74
2026/07/29 04:02:51.723, 292.00, 100, 74232, 74
2026/07/29 04:02:52.758, 286.23, 100, 74232, 74
2026/07/29 04:02:53.792, 301.04, 100, 74232, 72
2026/07/29 04:02:54.829, 297.17, 100, 74232, 72
2026/07/29 04:02:55.865, 301.65, 100, 74232, 73
2026/07/29 04:02:56.901, 302.33, 100, 74232, 73
2026/07/29 04:02:57.937, 298.04, 100, 74232, 73
2026/07/29 04:02:58.973, 299.39, 100, 74232, 73
2026/07/29 04:03:00.010, 302.15, 100, 74232, 73
2026/07/29 04:03:01.046, 99.64, 0, 74232, 70
2026/07/29 04:03:02.079, 292.86, 100, 74232, 74
2026/07/29 04:03:03.113, 300.94, 100, 74232, 74
2026/07/29 04:03:04.148, 307.01, 100, 74232, 75
2026/07/29 04:03:05.183, 299.78, 100, 74232, 74
2026/07/29 04:03:06.219, 301.33, 100, 74232, 74
2026/07/29 04:03:07.253, 302.49, 100, 74232, 73
2026/07/29 04:03:08.289, 303.35, 100, 74232, 73
2026/07/29 04:03:09.327, 315.60, 92, 74232, 74
2026/07/29 04:03:10.361, 294.12, 100, 74232, 75
2026/07/29 04:03:11.395, 294.92, 100, 74232, 74
2026/07/29 04:03:12.429, 290.73, 100, 74232, 74
2026/07/29 04:03:13.463, 283.32, 100, 74232, 74
2026/07/29 04:03:14.496, 301.56, 100, 74232, 74
2026/07/29 04:03:15.531, 301.55, 100, 74232, 73
2026/07/29 04:03:16.567, 302.86, 100, 74232, 73
2026/07/29 04:03:17.604, 303.19, 100, 74232, 73
2026/07/29 04:03:18.640, 302.58, 100, 74232, 73
2026/07/29 04:03:19.679, 303.00, 100, 74232, 73
2026/07/29 04:03:20.717, 302.58, 100, 74232, 73
2026/07/29 04:03:21.755, 292.76, 92, 74232, 75
2026/07/29 04:03:22.789, 294.45, 100, 74232, 75
2026/07/29 04:03:23.824, 303.78, 100, 74232, 75
2026/07/29 04:03:24.858, 296.45, 100, 74232, 75
2026/07/29 04:03:25.894, 310.14, 100, 74232, 75
2026/07/29 04:03:26.929, 291.51, 100, 74232, 75
2026/07/29 04:03:27.966, 302.70, 100, 74232, 73
2026/07/29 04:03:29.003, 302.89, 100, 74232, 73
2026/07/29 04:03:30.040, 302.70, 100, 74232, 73
2026/07/29 04:03:31.079, 302.80, 100, 74232, 73
2026/07/29 04:03:32.115, 303.29, 100, 74232, 73
2026/07/29 04:03:33.151, 304.36, 100, 74232, 73
2026/07/29 04:03:34.190, 303.08, 100, 74232, 73
2026/07/29 04:03:35.226, 303.35, 100, 74232, 74
2026/07/29 04:03:36.262, 304.48, 100, 74232, 74
2026/07/29 04:03:37.298, 100.63, 0, 74232, 70
2026/07/29 04:03:38.331, 98.65, 0, 74232, 69
2026/07/29 04:03:39.361, 97.96, 0, 74232, 69
2026/07/29 04:03:40.392, 95.97, 0, 74232, 68
2026/07/29 04:03:41.425, 96.17, 0, 74232, 68
2026/07/29 04:03:42.457, 95.76, 0, 74232, 67
2026/07/29 04:03:43.489, 95.81, 0, 74232, 67
2026/07/29 04:03:44.522, 94.51, 0, 74232, 66
2026/07/29 04:03:45.554, 93.90, 0, 74232, 66
2026/07/29 04:03:46.585, 93.54, 0, 74232, 65
2026/07/29 04:03:47.619, 92.07, 0, 74232, 65
2026/07/29 04:03:48.650, 92.52, 0, 74232, 65
2026/07/29 04:03:49.681, 92.25, 0, 74232, 64
2026/07/29 04:03:50.711, 90.97, 0, 74232, 64
2026/07/29 04:03:51.741, 90.48, 0, 74232, 64
2026/07/29 04:03:52.772, 90.97, 0, 74232, 63
2026/07/29 04:03:53.803, 89.69, 0, 74232, 63
2026/07/29 04:03:54.834, 90.29, 0, 74232, 63
2026/07/29 04:03:55.866, 89.88, 0, 74232, 63
2026/07/29 04:03:56.897, 89.59, 0, 74232, 62
2026/07/29 04:03:57.929, 89.30, 0, 74232, 62
2026/07/29 04:03:58.959, 89.20, 0, 74232, 62
2026/07/29 04:03:59.988, 88.72, 0, 74232, 61
2026/07/29 04:04:01.019, 88.38, 0, 74232, 61
2026/07/29 04:04:02.049, 87.93, 0, 74232, 61
2026/07/29 04:04:03.080, 87.25, 0, 74232, 61
2026/07/29 04:04:04.110, 86.52, 0, 74232, 60
2026/07/29 04:04:05.141, 86.19, 0, 74232, 60
2026/07/29 04:04:06.173, 86.22, 0, 74232, 60
2026/07/29 04:04:07.206, 297.98, 100, 74232, 65
2026/07/29 04:04:08.240, 303.95, 100, 74232, 65
2026/07/29 04:04:09.273, 297.74, 100, 74232, 66
2026/07/29 04:04:10.310, 322.14, 100, 74232, 66
2026/07/29 04:04:11.344, 292.38, 100, 74232, 65
2026/07/29 04:04:12.381, 290.62, 100, 74232, 65
2026/07/29 04:04:13.421, 291.30, 100, 74232, 65
2026/07/29 04:04:14.457, 291.88, 100, 74232, 66
2026/07/29 04:04:15.494, 300.18, 100, 74232, 66
2026/07/29 04:04:16.530, 301.54, 100, 74232, 66
2026/07/29 04:04:17.566, 299.37, 100, 74232, 66
2026/07/29 04:04:18.602, 287.98, 100, 74232, 68
2026/07/29 04:04:19.635, 290.84, 100, 74232, 68
2026/07/29 04:04:20.668, 291.17, 100, 74232, 69
2026/07/29 04:04:21.701, 322.43, 100, 74232, 69
2026/07/29 04:04:22.736, 304.15, 100, 74232, 69
2026/07/29 04:04:23.774, 302.52, 100, 74232, 68
2026/07/29 04:04:24.810, 302.21, 100, 74232, 68
2026/07/29 04:04:25.846, 297.15, 100, 74232, 68
2026/07/29 04:04:26.882, 295.00, 100, 74232, 68
2026/07/29 04:04:27.919, 307.18, 100, 74232, 70
2026/07/29 04:04:28.954, 291.22, 100, 74232, 70
2026/07/29 04:04:30.006, 290.33, 100, 74232, 71
2026/07/29 04:04:31.039, 294.98, 100, 74232, 71
2026/07/29 04:04:32.080, 302.97, 100, 74232, 69
2026/07/29 04:04:33.116, 305.11, 100, 74232, 69
2026/07/29 04:04:34.153, 305.05, 100, 74232, 69
2026/07/29 04:04:35.189, 305.24, 100, 74232, 70
2026/07/29 04:04:36.227, 305.33, 100, 74232, 70
2026/07/29 04:04:37.262, 297.83, 100, 74232, 72
2026/07/29 04:04:38.296, 285.35, 100, 74232, 72
2026/07/29 04:04:39.330, 313.30, 100, 74232, 72
2026/07/29 04:04:40.363, 273.59, 100, 74232, 72
2026/07/29 04:04:41.396, 305.05, 100, 74232, 70
2026/07/29 04:04:42.432, 297.65, 100, 74232, 70
2026/07/29 04:04:43.471, 294.34, 100, 74232, 71
2026/07/29 04:04:44.506, 296.66, 100, 74232, 71
2026/07/29 04:04:45.545, 293.54, 100, 74232, 71
2026/07/29 04:04:46.581, 292.68, 100, 74232, 71
2026/07/29 04:04:47.619, 301.06, 100, 74232, 71
2026/07/29 04:04:48.655, 297.15, 100, 74232, 71
2026/07/29 04:04:49.691, 301.74, 100, 74232, 71
2026/07/29 04:04:50.728, 301.86, 100, 74232, 71
2026/07/29 04:04:51.763, 296.58, 100, 74232, 71
2026/07/29 04:04:52.799, 301.07, 100, 74232, 72
2026/07/29 04:04:53.835, 301.71, 100, 74232, 72
2026/07/29 04:04:54.872, 301.84, 100, 74232, 72
2026/07/29 04:04:55.908, 297.37, 100, 74232, 72
2026/07/29 04:04:56.944, 302.22, 100, 74232, 72
2026/07/29 04:04:57.979, 302.13, 100, 74232, 72
2026/07/29 04:04:59.018, 301.25, 100, 74232, 72
2026/07/29 04:05:00.053, 302.03, 100, 74232, 72
2026/07/29 04:05:01.090, 302.03, 100, 74232, 72
2026/07/29 04:05:02.127, 301.74, 100, 74232, 72
2026/07/29 04:05:03.162, 301.56, 100, 74232, 72
2026/07/29 04:05:04.199, 303.15, 100, 74232, 72
2026/07/29 04:05:05.234, 302.49, 100, 74232, 72
2026/07/29 04:05:06.271, 300.26, 100, 74232, 72
2026/07/29 04:05:07.306, 295.32, 100, 74232, 72
2026/07/29 04:05:08.342, 295.03, 100, 74232, 72
2026/07/29 04:05:09.378, 294.84, 100, 74232, 72
2026/07/29 04:05:10.414, 295.41, 100, 74232, 72
2026/07/29 04:05:11.449, 294.33, 100, 74232, 72
2026/07/29 04:05:12.486, 295.13, 100, 74232, 72
2026/07/29 04:05:13.522, 295.41, 100, 74232, 72
2026/07/29 04:05:14.558, 295.48, 100, 74232, 72
2026/07/29 04:05:15.593, 296.95, 100, 74232, 72
2026/07/29 04:05:16.629, 295.10, 100, 74232, 72
2026/07/29 04:05:17.668, 295.31, 100, 74232, 72
2026/07/29 04:05:18.706, 295.22, 100, 74232, 72
2026/07/29 04:05:19.743, 296.77, 100, 74232, 72
2026/07/29 04:05:20.779, 291.91, 100, 74232, 72
2026/07/29 04:05:21.815, 301.16, 100, 74232, 72
2026/07/29 04:05:22.852, 295.41, 100, 74232, 72
2026/07/29 04:05:23.891, 295.12, 100, 74232, 72
2026/07/29 04:05:24.927, 297.16, 100, 74232, 72
2026/07/29 04:05:25.964, 303.29, 100, 74232, 72
2026/07/29 04:05:27.000, 301.56, 100, 74232, 72
2026/07/29 04:05:28.036, 303.88, 100, 74232, 72
2026/07/29 04:05:29.073, 303.40, 100, 74232, 72
2026/07/29 04:05:30.109, 302.33, 100, 74232, 73
2026/07/29 04:05:31.145, 303.09, 100, 74232, 73
2026/07/29 04:05:32.182, 294.52, 100, 74232, 72
2026/07/29 04:05:33.218, 302.90, 100, 74232, 72
2026/07/29 04:05:34.255, 295.80, 100, 74232, 72
2026/07/29 04:05:35.292, 292.48, 100, 74232, 72
2026/07/29 04:05:36.328, 296.46, 100, 74232, 72
2026/07/29 04:05:37.363, 294.73, 100, 74232, 73
2026/07/29 04:05:38.399, 301.74, 100, 74232, 73
2026/07/29 04:05:39.436, 303.69, 100, 74232, 73
2026/07/29 04:05:40.472, 295.79, 100, 74232, 73
2026/07/29 04:05:41.508, 296.47, 100, 74232, 73
2026/07/29 04:05:42.544, 295.90, 100, 74232, 73
2026/07/29 04:05:43.580, 295.41, 100, 74232, 73
2026/07/29 04:05:44.616, 296.75, 100, 74232, 73
2026/07/29 04:05:45.652, 303.49, 100, 74232, 73
2026/07/29 04:05:46.688, 304.24, 100, 74232, 73
2026/07/29 04:05:47.727, 307.38, 100, 74232, 73
2026/07/29 04:05:48.763, 303.98, 100, 74232, 73
2026/07/29 04:05:49.801, 303.88, 100, 74232, 73
2026/07/29 04:05:50.838, 304.14, 100, 74232, 73
2026/07/29 04:05:51.878, 303.59, 100, 74232, 73
2026/07/29 04:05:52.915, 303.86, 100, 74232, 73
2026/07/29 04:05:53.955, 303.26, 100, 74232, 73
2026/07/29 04:05:54.992, 296.86, 100, 74232, 73
2026/07/29 04:05:56.029, 292.60, 100, 74232, 73
2026/07/29 04:05:57.070, 296.87, 100, 74232, 73
2026/07/29 04:05:58.107, 296.49, 100, 74232, 73
2026/07/29 04:05:59.143, 295.59, 100, 74232, 73
2026/07/29 04:06:00.180, 293.85, 100, 74232, 73
2026/07/29 04:06:01.218, 295.12, 100, 74232, 73
2026/07/29 04:06:02.255, 295.80, 100, 74232, 73
2026/07/29 04:06:03.292, 296.48, 100, 74232, 73
2026/07/29 04:06:04.331, 295.69, 100, 74232, 73
2026/07/29 04:06:05.368, 301.83, 100, 74232, 73
2026/07/29 04:06:06.405, 302.13, 100, 74232, 73
2026/07/29 04:06:07.442, 304.57, 100, 74232, 73
2026/07/29 04:06:08.478, 302.31, 100, 74232, 73
2026/07/29 04:06:09.515, 301.74, 100, 74232, 73
2026/07/29 04:06:10.553, 301.74, 100, 74232, 73
2026/07/29 04:06:11.593, 304.61, 100, 74232, 73
2026/07/29 04:06:12.630, 302.42, 100, 74232, 73
2026/07/29 04:06:13.667, 302.03, 100, 74232, 73
2026/07/29 04:06:14.704, 301.33, 100, 74232, 73
2026/07/29 04:06:15.741, 302.41, 100, 74232, 73
2026/07/29 04:06:16.780, 298.24, 100, 74232, 73
2026/07/29 04:06:17.817, 295.31, 100, 74232, 73
2026/07/29 04:06:18.855, 290.84, 100, 74232, 73
2026/07/29 04:06:19.895, 295.12, 100, 74232, 73
2026/07/29 04:06:20.933, 298.13, 100, 74232, 73
2026/07/29 04:06:21.974, 301.23, 100, 74232, 73
2026/07/29 04:06:23.011, 297.16, 100, 74232, 73
2026/07/29 04:06:24.052, 302.22, 100, 74232, 73
2026/07/29 04:06:25.091, 295.11, 100, 74232, 73
2026/07/29 04:06:26.128, 294.74, 100, 74232, 73
2026/07/29 04:06:27.164, 296.20, 100, 74232, 73
2026/07/29 04:06:28.204, 294.44, 100, 74232, 73
2026/07/29 04:06:29.241, 294.91, 100, 74232, 73
2026/07/29 04:06:30.281, 300.87, 100, 74232, 73
2026/07/29 04:06:31.317, 298.70, 100, 74232, 73
2026/07/29 04:06:32.354, 296.37, 100, 74232, 73
2026/07/29 04:06:33.392, 301.93, 100, 74232, 73
2026/07/29 04:06:34.428, 301.63, 100, 74232, 73
2026/07/29 04:06:35.466, 301.84, 100, 74232, 73
2026/07/29 04:06:36.502, 302.58, 100, 74232, 73
2026/07/29 04:06:37.539, 302.49, 100, 74232, 73
2026/07/29 04:06:38.576, 302.22, 100, 74232, 73
2026/07/29 04:06:39.613, 301.82, 100, 74232, 73
2026/07/29 04:06:40.649, 301.34, 100, 74232, 73
2026/07/29 04:06:41.686, 301.05, 100, 74232, 73
2026/07/29 04:06:42.723, 302.31, 100, 74232, 73
2026/07/29 04:06:43.760, 295.81, 100, 74232, 73
2026/07/29 04:06:44.797, 294.23, 100, 74232, 73
2026/07/29 04:06:45.834, 294.23, 100, 74232, 73
2026/07/29 04:06:46.870, 295.12, 100, 74232, 73
2026/07/29 04:06:47.906, 302.52, 100, 74232, 73
2026/07/29 04:06:48.942, 298.52, 100, 74232, 73
2026/07/29 04:06:49.979, 301.54, 100, 74232, 73
2026/07/29 04:06:51.016, 303.68, 100, 74232, 73
2026/07/29 04:06:52.053, 301.93, 100, 74232, 73
2026/07/29 04:06:53.090, 302.40, 100, 74232, 73
2026/07/29 04:06:54.127, 303.59, 100, 74232, 73
2026/07/29 04:06:55.164, 294.82, 100, 74232, 73
2026/07/29 04:06:56.201, 302.99, 100, 74232, 73
2026/07/29 04:06:57.237, 303.76, 100, 74232, 73
2026/07/29 04:06:58.280, 294.05, 100, 74232, 73
2026/07/29 04:06:59.317, 294.73, 100, 74232, 73
2026/07/29 04:07:00.355, 295.97, 100, 74232, 73
2026/07/29 04:07:01.392, 294.42, 100, 74232, 73
2026/07/29 04:07:02.429, 294.73, 100, 74232, 73
2026/07/29 04:07:03.473, 291.22, 100, 74232, 73
2026/07/29 04:07:04.511, 302.13, 100, 74232, 73
2026/07/29 04:07:05.548, 298.80, 100, 74232, 73
2026/07/29 04:07:06.588, 295.01, 100, 74232, 73
2026/07/29 04:07:07.625, 299.01, 100, 74232, 73
2026/07/29 04:07:08.661, 301.27, 100, 74232, 73
2026/07/29 04:07:09.699, 293.46, 100, 74232, 73
2026/07/29 04:07:10.735, 298.62, 100, 74232, 73
2026/07/29 04:07:11.772, 296.68, 100, 74232, 73
2026/07/29 04:07:12.810, 294.84, 100, 74232, 73
2026/07/29 04:07:13.847, 299.99, 100, 74232, 73
2026/07/29 04:07:14.885, 295.22, 100, 74232, 73
2026/07/29 04:07:15.925, 290.62, 100, 74232, 72
2026/07/29 04:07:16.962, 294.12, 100, 74232, 73
2026/07/29 04:07:18.000, 295.68, 100, 74232, 73
2026/07/29 04:07:19.037, 294.25, 100, 74232, 73
2026/07/29 04:07:20.074, 299.68, 100, 74232, 73
2026/07/29 04:07:21.111, 301.44, 100, 74232, 73
2026/07/29 04:07:22.148, 301.64, 100, 74232, 73
2026/07/29 04:07:23.187, 302.10, 100, 74232, 73
2026/07/29 04:07:24.224, 302.32, 100, 74232, 73
2026/07/29 04:07:25.261, 302.32, 100, 74232, 73
2026/07/29 04:07:26.299, 303.74, 100, 74232, 73
2026/07/29 04:07:27.336, 298.03, 100, 74232, 73
2026/07/29 04:07:28.373, 299.29, 100, 74232, 73
2026/07/29 04:07:29.409, 302.79, 100, 74232, 73
2026/07/29 04:07:30.445, 305.13, 100, 74232, 73
2026/07/29 04:07:31.480, 291.31, 100, 74232, 73
2026/07/29 04:07:32.516, 296.85, 100, 74232, 73
2026/07/29 04:07:33.552, 294.72, 100, 74232, 73
2026/07/29 04:07:34.589, 293.77, 100, 74232, 73
2026/07/29 04:07:35.626, 295.30, 100, 74232, 73
2026/07/29 04:07:36.662, 294.83, 100, 74232, 73
2026/07/29 04:07:37.699, 293.75, 100, 74232, 73
2026/07/29 04:07:38.735, 300.09, 100, 74232, 73
2026/07/29 04:07:39.771, 295.30, 100, 74232, 73
2026/07/29 04:07:40.807, 300.87, 100, 74232, 73
2026/07/29 04:07:41.845, 301.61, 100, 74232, 73
2026/07/29 04:07:42.882, 302.81, 100, 74232, 73
2026/07/29 04:07:43.920, 300.35, 100, 74232, 73
2026/07/29 04:07:44.957, 302.71, 100, 74232, 73
2026/07/29 04:07:45.994, 303.78, 100, 74232, 73
2026/07/29 04:07:47.031, 302.14, 100, 74232, 73
2026/07/29 04:07:48.067, 302.10, 100, 74232, 73
2026/07/29 04:07:49.105, 305.69, 100, 74232, 73
2026/07/29 04:07:50.142, 302.19, 100, 74232, 73
2026/07/29 04:07:51.182, 304.13, 100, 74232, 73
2026/07/29 04:07:52.219, 301.73, 100, 74232, 73
2026/07/29 04:07:53.255, 302.21, 100, 74232, 73
2026/07/29 04:07:54.291, 294.52, 100, 74232, 73
2026/07/29 04:07:55.328, 290.84, 100, 74232, 72
2026/07/29 04:07:56.364, 291.50, 100, 74232, 72
2026/07/29 04:07:57.401, 291.32, 100, 74232, 72
2026/07/29 04:07:58.438, 295.10, 100, 74232, 73
2026/07/29 04:07:59.475, 295.03, 100, 74232, 73
2026/07/29 04:08:00.512, 294.04, 100, 74232, 73
2026/07/29 04:08:01.548, 295.01, 100, 74232, 73
2026/07/29 04:08:02.589, 299.80, 100, 74232, 73
2026/07/29 04:08:03.628, 300.09, 100, 74232, 73
2026/07/29 04:08:04.666, 295.88, 100, 74232, 73
2026/07/29 04:08:05.705, 295.20, 100, 74232, 73
2026/07/29 04:08:06.745, 295.30, 100, 74232, 73
2026/07/29 04:08:07.784, 298.91, 100, 74232, 73
2026/07/29 04:08:08.822, 301.82, 100, 74232, 73
2026/07/29 04:08:09.861, 297.71, 100, 74232, 73
2026/07/29 04:08:10.897, 302.41, 100, 74232, 73
2026/07/29 04:08:11.934, 301.65, 100, 74232, 73
2026/07/29 04:08:12.972, 302.32, 100, 74232, 73
2026/07/29 04:08:14.010, 302.81, 100, 74232, 73
2026/07/29 04:08:15.047, 302.22, 100, 74232, 73
2026/07/29 04:08:16.084, 302.80, 100, 74232, 73
2026/07/29 04:08:17.121, 295.01, 100, 74232, 73
2026/07/29 04:08:18.159, 291.41, 100, 74232, 73
2026/07/29 04:08:19.197, 291.22, 100, 74232, 73
2026/07/29 04:08:20.237, 294.63, 100, 74232, 73
2026/07/29 04:08:21.274, 298.70, 100, 74232, 73
2026/07/29 04:08:22.312, 295.90, 100, 74232, 73
2026/07/29 04:08:23.351, 294.52, 100, 74232, 73
2026/07/29 04:08:24.389, 302.62, 100, 74232, 73
2026/07/29 04:08:25.425, 303.84, 100, 74232, 73
2026/07/29 04:08:26.462, 302.70, 100, 74232, 73
2026/07/29 04:08:27.499, 297.23, 100, 74232, 73
2026/07/29 04:08:28.537, 296.38, 100, 74232, 73
2026/07/29 04:08:29.575, 294.93, 100, 74232, 73
2026/07/29 04:08:30.613, 294.64, 100, 74232, 73
2026/07/29 04:08:31.650, 294.72, 100, 74232, 73
2026/07/29 04:08:32.690, 297.83, 100, 74232, 73
2026/07/29 04:08:33.727, 303.00, 100, 74232, 73
2026/07/29 04:08:34.765, 302.33, 100, 74232, 73
2026/07/29 04:08:35.802, 303.87, 100, 74232, 73
2026/07/29 04:08:36.839, 303.38, 100, 74232, 73
2026/07/29 04:08:37.877, 303.00, 100, 74232, 73
2026/07/29 04:08:38.914, 303.90, 100, 74232, 73
2026/07/29 04:08:39.951, 303.00, 100, 74232, 73
2026/07/29 04:08:40.989, 303.12, 100, 74232, 73
2026/07/29 04:08:42.026, 303.46, 100, 74232, 73
2026/07/29 04:08:43.063, 303.02, 100, 74232, 73
2026/07/29 04:08:44.102, 302.60, 100, 74232, 73
2026/07/29 04:08:45.139, 302.52, 100, 74232, 73
2026/07/29 04:08:46.177, 301.42, 100, 74232, 73
2026/07/29 04:08:47.214, 295.61, 100, 74232, 73
2026/07/29 04:08:48.250, 295.29, 100, 74232, 73
2026/07/29 04:08:49.287, 303.86, 100, 74232, 73
2026/07/29 04:08:50.326, 303.40, 100, 74232, 73
2026/07/29 04:08:51.363, 304.56, 100, 74232, 73
2026/07/29 04:08:52.401, 302.62, 100, 74232, 73
2026/07/29 04:08:53.438, 292.19, 100, 74232, 73
2026/07/29 04:08:54.480, 295.71, 100, 74232, 73
2026/07/29 04:08:55.517, 294.91, 100, 74232, 73
2026/07/29 04:08:56.554, 303.26, 100, 74232, 73
2026/07/29 04:08:57.591, 302.71, 100, 74232, 73
2026/07/29 04:08:58.628, 299.99, 100, 74232, 73
2026/07/29 04:08:59.667, 302.62, 100, 74232, 73
2026/07/29 04:09:00.704, 305.00, 100, 74232, 73
2026/07/29 04:09:01.741, 302.33, 100, 74232, 73
2026/07/29 04:09:02.778, 303.00, 100, 74232, 73
2026/07/29 04:09:03.817, 302.81, 100, 74232, 73
2026/07/29 04:09:04.855, 302.71, 100, 74232, 73
2026/07/29 04:09:05.892, 302.63, 100, 74232, 73
2026/07/29 04:09:06.929, 297.15, 100, 74232, 73
2026/07/29 04:09:07.966, 296.66, 100, 74232, 73
2026/07/29 04:09:09.004, 291.62, 100, 74232, 73
2026/07/29 04:09:10.042, 303.41, 100, 74232, 73
2026/07/29 04:09:11.082, 302.43, 100, 74232, 73
2026/07/29 04:09:12.119, 302.81, 100, 74232, 73
2026/07/29 04:09:13.157, 302.32, 100, 74232, 73
2026/07/29 04:09:14.194, 304.05, 100, 74232, 73
2026/07/29 04:09:15.232, 302.71, 100, 74232, 73
2026/07/29 04:09:16.275, 303.08, 100, 74232, 73
2026/07/29 04:09:17.314, 298.24, 100, 74232, 73
2026/07/29 04:09:18.350, 302.04, 100, 74232, 73
2026/07/29 04:09:19.390, 299.69, 100, 74232, 73
2026/07/29 04:09:20.427, 295.53, 100, 74232, 73
2026/07/29 04:09:21.464, 298.12, 100, 74232, 73
2026/07/29 04:09:22.501, 294.92, 100, 74232, 73
2026/07/29 04:09:23.539, 294.53, 100, 74232, 73
2026/07/29 04:09:24.577, 295.50, 100, 74232, 73
2026/07/29 04:09:25.614, 296.01, 100, 74232, 73
2026/07/29 04:09:26.652, 298.23, 100, 74232, 73
2026/07/29 04:09:27.688, 300.47, 100, 74232, 73
2026/07/29 04:09:28.725, 302.62, 100, 74232, 73
2026/07/29 04:09:29.762, 304.06, 100, 74232, 73
2026/07/29 04:09:30.799, 298.72, 100, 74232, 73
2026/07/29 04:09:31.838, 298.91, 100, 74232, 73
2026/07/29 04:09:32.874, 302.54, 100, 74232, 73
2026/07/29 04:09:33.912, 302.43, 100, 74232, 73
2026/07/29 04:09:34.949, 302.24, 100, 74232, 73
2026/07/29 04:09:35.987, 303.85, 100, 74232, 73
2026/07/29 04:09:37.025, 304.96, 100, 74232, 74
2026/07/29 04:09:38.059, 293.15, 100, 74232, 74
2026/07/29 04:09:39.094, 293.08, 100, 74232, 74
2026/07/29 04:09:40.132, 297.47, 100, 74232, 74
2026/07/29 04:09:41.169, 283.61, 100, 74232, 74
2026/07/29 04:09:42.204, 302.20, 100, 74232, 73
2026/07/29 04:09:43.241, 303.01, 100, 74232, 73
2026/07/29 04:09:44.278, 302.32, 100, 74232, 73
2026/07/29 04:09:45.315, 302.30, 100, 74232, 73
2026/07/29 04:09:46.358, 301.74, 100, 74232, 73
2026/07/29 04:09:47.395, 304.07, 100, 74232, 73
2026/07/29 04:09:48.432, 297.25, 100, 74232, 73
2026/07/29 04:09:49.469, 294.62, 100, 74232, 73
2026/07/29 04:09:50.506, 295.31, 100, 74232, 73
2026/07/29 04:09:51.544, 293.93, 100, 74232, 73
2026/07/29 04:09:52.580, 298.35, 100, 74232, 73
2026/07/29 04:09:53.618, 294.53, 100, 74232, 73
2026/07/29 04:09:54.656, 294.82, 100, 74232, 73
2026/07/29 04:09:55.692, 294.54, 100, 74232, 73
2026/07/29 04:09:56.730, 294.92, 100, 74232, 73
2026/07/29 04:09:57.768, 296.31, 100, 74232, 73
2026/07/29 04:09:58.808, 294.92, 100, 74232, 73
2026/07/29 04:09:59.845, 294.62, 100, 74232, 73
2026/07/29 04:10:00.883, 303.49, 100, 74232, 73
2026/07/29 04:10:01.920, 302.60, 100, 74232, 73
2026/07/29 04:10:02.957, 303.61, 100, 74232, 73
2026/07/29 04:10:03.996, 303.10, 100, 74232, 73
2026/07/29 04:10:05.033, 302.31, 100, 74232, 73
2026/07/29 04:10:06.069, 304.04, 100, 74232, 73
2026/07/29 04:10:07.108, 296.68, 100, 74232, 73
2026/07/29 04:10:08.143, 301.92, 100, 74232, 73
2026/07/29 04:10:09.180, 295.69, 100, 74232, 73
2026/07/29 04:10:10.216, 296.86, 100, 74232, 73
2026/07/29 04:10:11.252, 294.03, 100, 74232, 73
2026/07/29 04:10:12.290, 294.24, 100, 74232, 73
2026/07/29 04:10:13.329, 301.84, 100, 74232, 73
2026/07/29 04:10:14.365, 294.63, 100, 74232, 73
2026/07/29 04:10:15.405, 296.56, 100, 74232, 73
2026/07/29 04:10:16.441, 295.01, 100, 74232, 73
2026/07/29 04:10:17.479, 295.40, 100, 74232, 73
2026/07/29 04:10:18.516, 294.72, 100, 74232, 73
2026/07/29 04:10:19.552, 295.02, 100, 74232, 73
2026/07/29 04:10:20.591, 294.83, 100, 74232, 73
2026/07/29 04:10:21.628, 294.24, 100, 74232, 73
2026/07/29 04:10:22.668, 294.42, 100, 74232, 73
2026/07/29 04:10:23.707, 298.23, 100, 74232, 73
2026/07/29 04:10:24.745, 299.21, 100, 74232, 73
2026/07/29 04:10:25.784, 299.20, 100, 74232, 73
2026/07/29 04:10:26.821, 303.76, 100, 74232, 73
2026/07/29 04:10:27.859, 305.25, 100, 74232, 73
2026/07/29 04:10:28.897, 302.32, 100, 74232, 73
2026/07/29 04:10:29.934, 302.78, 100, 74232, 73
2026/07/29 04:10:30.971, 300.16, 100, 74232, 73
2026/07/29 04:10:32.010, 295.40, 100, 74232, 73
2026/07/29 04:10:33.049, 301.84, 100, 74232, 73
2026/07/29 04:10:34.087, 302.52, 100, 74232, 73
2026/07/29 04:10:35.124, 301.56, 100, 74232, 73
2026/07/29 04:10:36.162, 302.58, 100, 74232, 73
2026/07/29 04:10:37.198, 302.39, 100, 74232, 73
2026/07/29 04:10:38.235, 302.50, 100, 74232, 73
2026/07/29 04:10:39.273, 304.44, 100, 74232, 73
2026/07/29 04:10:40.311, 298.32, 100, 74232, 73
2026/07/29 04:10:41.349, 294.42, 100, 74232, 73
2026/07/29 04:10:42.388, 295.23, 100, 74232, 73
2026/07/29 04:10:43.427, 295.42, 100, 74232, 73
2026/07/29 04:10:44.464, 293.95, 100, 74232, 73
2026/07/29 04:10:45.501, 301.89, 100, 74232, 73
2026/07/29 04:10:46.538, 303.66, 100, 74232, 73
2026/07/29 04:10:47.575, 304.46, 100, 74232, 73
2026/07/29 04:10:48.613, 302.40, 100, 74232, 73
2026/07/29 04:10:49.651, 301.91, 100, 74232, 73
2026/07/29 04:10:50.688, 301.60, 100, 74232, 73
2026/07/29 04:10:51.725, 302.99, 100, 74232, 73
2026/07/29 04:10:52.762, 302.41, 100, 74232, 73
2026/07/29 04:10:53.799, 302.39, 100, 74232, 73
2026/07/29 04:10:54.836, 302.40, 100, 74232, 73
2026/07/29 04:10:55.874, 303.39, 100, 74232, 73
2026/07/29 04:10:56.911, 302.10, 100, 74232, 73
2026/07/29 04:10:57.947, 301.64, 100, 74232, 73
2026/07/29 04:10:58.989, 300.36, 100, 74232, 73
2026/07/29 04:11:00.026, 293.66, 100, 74232, 73
2026/07/29 04:11:01.064, 290.42, 100, 74232, 73
2026/07/29 04:11:02.101, 294.80, 100, 74232, 73
2026/07/29 04:11:03.138, 294.72, 100, 74232, 73
2026/07/29 04:11:04.175, 294.33, 100, 74232, 73
2026/07/29 04:11:05.212, 294.53, 100, 74232, 73
2026/07/29 04:11:06.248, 294.90, 100, 74232, 73
2026/07/29 04:11:07.285, 294.83, 100, 74232, 73
2026/07/29 04:11:08.322, 293.84, 100, 74232, 73
2026/07/29 04:11:09.361, 303.38, 100, 74232, 73
2026/07/29 04:11:10.397, 296.77, 100, 74232, 73
2026/07/29 04:11:11.434, 294.53, 100, 74232, 73
2026/07/29 04:11:12.473, 294.64, 100, 74232, 73
2026/07/29 04:11:13.511, 294.04, 100, 74232, 73
2026/07/29 04:11:14.549, 294.72, 100, 74232, 73
2026/07/29 04:11:15.586, 294.71, 100, 74232, 73
2026/07/29 04:11:16.624, 304.75, 100, 74232, 73
2026/07/29 04:11:17.661, 303.85, 100, 74232, 73
2026/07/29 04:11:18.699, 298.69, 100, 74232, 73
2026/07/29 04:11:19.736, 299.41, 100, 74232, 73
2026/07/29 04:11:20.775, 301.73, 100, 74232, 73
2026/07/29 04:11:21.813, 302.42, 100, 74232, 73
2026/07/29 04:11:22.849, 302.90, 100, 74232, 73
2026/07/29 04:11:23.886, 302.41, 100, 74232, 73
2026/07/29 04:11:24.923, 304.48, 100, 74232, 73
2026/07/29 04:11:25.961, 303.87, 100, 74232, 73
2026/07/29 04:11:26.999, 304.08, 100, 74232, 73
2026/07/29 04:11:28.037, 303.09, 100, 74232, 73
2026/07/29 04:11:29.074, 303.01, 100, 74232, 73
2026/07/29 04:11:30.113, 300.18, 100, 74232, 73
2026/07/29 04:11:31.150, 301.82, 100, 74232, 73
2026/07/29 04:11:32.186, 302.29, 100, 74232, 73
2026/07/29 04:11:33.223, 299.00, 100, 74232, 73
2026/07/29 04:11:34.265, 296.28, 100, 74232, 73
2026/07/29 04:11:35.303, 296.85, 100, 74232, 73
2026/07/29 04:11:36.340, 305.24, 100, 74232, 73
2026/07/29 04:11:37.376, 303.36, 100, 74232, 73
2026/07/29 04:11:38.412, 300.66, 100, 74232, 73
2026/07/29 04:11:39.448, 302.33, 100, 74232, 73
2026/07/29 04:11:40.484, 360.29, 9, 74232, 74
2026/07/29 04:11:41.520, 298.50, 100, 74232, 74
2026/07/29 04:11:42.555, 304.84, 100, 74232, 74
2026/07/29 04:11:43.591, 285.17, 100, 74232, 75
2026/07/29 04:11:44.627, 303.06, 100, 74232, 74
2026/07/29 04:11:45.668, 297.82, 100, 74232, 73
2026/07/29 04:11:46.705, 304.27, 100, 74232, 73
2026/07/29 04:11:47.743, 298.53, 100, 74232, 73
2026/07/29 04:11:48.781, 300.77, 100, 74232, 73
2026/07/29 04:11:49.818, 302.52, 100, 74232, 73
2026/07/29 04:11:50.857, 299.40, 100, 74232, 73
2026/07/29 04:11:51.893, 302.51, 100, 74232, 73
2026/07/29 04:11:52.929, 302.30, 100, 74232, 73
2026/07/29 04:11:53.967, 302.87, 100, 74232, 73
2026/07/29 04:11:55.004, 302.91, 100, 74232, 73
2026/07/29 04:11:56.041, 98.76, 84, 74232, 71
2026/07/29 04:11:57.074, 289.28, 100, 74232, 74
2026/07/29 04:11:58.110, 299.47, 100, 74232, 75
2026/07/29 04:11:59.146, 283.27, 100, 74232, 75
2026/07/29 04:12:00.186, 302.72, 100, 74232, 75
2026/07/29 04:12:01.220, 306.60, 100, 74232, 75
2026/07/29 04:12:02.255, 302.02, 100, 74232, 73
2026/07/29 04:12:03.293, 302.93, 100, 74232, 73
2026/07/29 04:12:04.330, 303.00, 100, 74232, 73
2026/07/29 04:12:05.367, 210.65, 100, 74232, 75
2026/07/29 04:12:06.403, 299.66, 100, 74232, 75
2026/07/29 04:12:07.438, 307.71, 100, 74232, 75
2026/07/29 04:12:08.478, 311.44, 100, 74232, 75
2026/07/29 04:12:09.512, 296.43, 100, 74232, 75
2026/07/29 04:12:10.552, 254.37, 100, 74232, 75
2026/07/29 04:12:11.588, 303.21, 100, 74232, 74
2026/07/29 04:12:12.625, 303.09, 100, 74232, 74
2026/07/29 04:12:13.663, 303.41, 100, 74232, 74
2026/07/29 04:12:14.701, 296.86, 100, 74232, 74
2026/07/29 04:12:15.739, 298.63, 100, 74232, 75
2026/07/29 04:12:16.782, 294.24, 100, 74232, 76
2026/07/29 04:12:17.817, 296.58, 100, 74232, 76
2026/07/29 04:12:18.856, 306.57, 100, 74232, 76
2026/07/29 04:12:19.891, 325.16, 100, 74232, 76
2026/07/29 04:12:20.931, 279.76, 100, 74232, 75
2026/07/29 04:12:21.972, 304.65, 100, 74232, 74
2026/07/29 04:12:23.010, 304.47, 100, 74232, 74
2026/07/29 04:12:24.047, 304.27, 100, 74232, 74
2026/07/29 04:12:25.085, 297.66, 100, 74232, 74
2026/07/29 04:12:26.123, 296.76, 100, 74232, 74
2026/07/29 04:12:27.160, 297.45, 100, 74232, 74
2026/07/29 04:12:28.197, 100.32, 0, 74232, 71
2026/07/29 04:12:29.230, 281.37, 100, 74232, 75
2026/07/29 04:12:30.271, 294.90, 100, 74232, 75
2026/07/29 04:12:31.307, 282.46, 100, 74232, 76
2026/07/29 04:12:32.346, 296.46, 100, 74232, 75
2026/07/29 04:12:33.380, 282.97, 100, 74232, 75
2026/07/29 04:12:34.414, 289.87, 100, 74232, 74
2026/07/29 04:12:35.452, 288.97, 100, 74232, 73
2026/07/29 04:12:36.489, 295.79, 100, 74232, 74
2026/07/29 04:12:37.527, 292.76, 100, 74232, 74
2026/07/29 04:12:38.567, 296.09, 100, 74232, 73
2026/07/29 04:12:39.607, 288.56, 100, 74232, 75
2026/07/29 04:12:40.643, 301.81, 100, 74232, 75
2026/07/29 04:12:41.682, 301.75, 100, 74232, 76
2026/07/29 04:12:42.717, 306.76, 100, 74232, 76
2026/07/29 04:12:43.754, 282.09, 100, 74232, 75
2026/07/29 04:12:44.789, 309.77, 100, 74232, 76
2026/07/29 04:12:45.826, 299.21, 100, 74232, 74
2026/07/29 04:12:46.870, 289.74, 100, 74232, 74
2026/07/29 04:12:47.908, 294.04, 100, 74232, 74
2026/07/29 04:12:48.947, 289.65, 100, 74232, 74
2026/07/29 04:12:49.986, 290.26, 100, 74232, 74
2026/07/29 04:12:51.024, 285.75, 100, 74232, 74
2026/07/29 04:12:52.063, 140.50, 100, 74232, 72
2026/07/29 04:12:53.098, 292.19, 100, 74232, 75
2026/07/29 04:12:54.133, 296.03, 100, 74232, 75
2026/07/29 04:12:55.169, 289.46, 100, 74232, 75
2026/07/29 04:12:56.207, 315.56, 100, 74232, 75
2026/07/29 04:12:57.242, 280.24, 100, 74232, 75
2026/07/29 04:12:58.277, 300.31, 100, 74232, 75
2026/07/29 04:12:59.321, 299.29, 100, 74232, 74
2026/07/29 04:13:00.359, 299.80, 100, 74232, 74
2026/07/29 04:13:01.396, 303.40, 100, 74232, 74
2026/07/29 04:13:02.433, 299.60, 100, 74232, 74
2026/07/29 04:13:03.471, 110.67, 100, 74232, 73
2026/07/29 04:13:04.506, 297.83, 100, 74232, 75
2026/07/29 04:13:05.542, 298.12, 100, 74232, 75
2026/07/29 04:13:06.577, 306.53, 100, 74232, 75
2026/07/29 04:13:07.613, 295.31, 100, 74232, 75
2026/07/29 04:13:08.648, 289.38, 100, 74232, 75
2026/07/29 04:13:09.683, 298.63, 100, 74232, 75
2026/07/29 04:13:10.723, 297.72, 100, 74232, 74
2026/07/29 04:13:11.761, 297.95, 100, 74232, 74
2026/07/29 04:13:12.799, 302.23, 100, 74232, 74
2026/07/29 04:13:13.836, 296.38, 100, 74232, 74
2026/07/29 04:13:14.878, 298.91, 100, 74232, 74
2026/07/29 04:13:15.916, 301.14, 27, 74232, 75
2026/07/29 04:13:16.951, 296.67, 100, 74232, 75
2026/07/29 04:13:17.986, 305.72, 100, 74232, 75
2026/07/29 04:13:19.023, 288.29, 100, 74232, 75
2026/07/29 04:13:20.059, 289.29, 100, 74232, 75
2026/07/29 04:13:21.095, 278.71, 100, 74232, 75
2026/07/29 04:13:22.132, 280.39, 100, 74232, 74
2026/07/29 04:13:23.177, 285.00, 100, 74232, 73
2026/07/29 04:13:24.218, 289.97, 100, 74232, 73
2026/07/29 04:13:25.257, 288.66, 100, 74232, 74
2026/07/29 04:13:26.295, 287.60, 100, 74232, 74
2026/07/29 04:13:27.333, 289.08, 100, 74232, 74
2026/07/29 04:13:28.370, 302.02, 28, 74232, 75
2026/07/29 04:13:29.406, 302.89, 100, 74232, 75
2026/07/29 04:13:30.441, 283.28, 100, 74232, 75
2026/07/29 04:13:31.478, 319.93, 100, 74232, 76
2026/07/29 04:13:32.515, 319.79, 100, 74232, 76
2026/07/29 04:13:33.552, 301.33, 100, 74232, 76
2026/07/29 04:13:34.586, 308.50, 100, 74232, 75
2026/07/29 04:13:35.623, 304.77, 100, 74232, 74
2026/07/29 04:13:36.660, 289.46, 100, 74232, 74
2026/07/29 04:13:37.697, 289.17, 100, 74232, 74
2026/07/29 04:13:38.735, 298.22, 100, 74232, 74
2026/07/29 04:13:39.772, 101.90, 42, 74232, 71
2026/07/29 04:13:40.804, 304.93, 100, 74232, 75
2026/07/29 04:13:41.840, 298.92, 100, 74232, 76
2026/07/29 04:13:42.875, 295.70, 100, 74232, 75
2026/07/29 04:13:43.910, 294.42, 100, 74232, 76
2026/07/29 04:13:44.945, 269.90, 100, 74232, 76
2026/07/29 04:13:45.981, 279.45, 100, 74232, 75
2026/07/29 04:13:47.022, 271.39, 100, 74232, 74
2026/07/29 04:13:48.059, 294.23, 100, 74232, 74
2026/07/29 04:13:49.096, 296.67, 100, 74232, 74
2026/07/29 04:13:50.133, 298.61, 100, 74232, 74
2026/07/29 04:13:51.171, 304.75, 100, 74232, 74
2026/07/29 04:13:52.209, 299.31, 100, 74232, 74
2026/07/29 04:13:53.247, 301.95, 100, 74232, 75
2026/07/29 04:13:54.334, 294.14, 100, 74232, 76
2026/07/29 04:13:55.370, 305.84, 100, 74232, 76
2026/07/29 04:13:56.405, 298.79, 100, 74232, 76
2026/07/29 04:13:57.441, 303.16, 100, 74232, 76
2026/07/29 04:13:58.477, 276.46, 100, 74232, 76
2026/07/29 04:13:59.520, 307.67, 100, 74232, 75
2026/07/29 04:14:00.556, 290.24, 100, 74232, 74
2026/07/29 04:14:01.595, 286.15, 100, 74232, 74
2026/07/29 04:14:02.633, 291.20, 100, 74232, 74
2026/07/29 04:14:03.673, 297.65, 100, 74232, 74
2026/07/29 04:14:04.711, 299.31, 100, 74232, 74
2026/07/29 04:14:05.748, 290.73, 100, 74232, 74
2026/07/29 04:14:06.792, 317.90, 0, 74232, 74
2026/07/29 04:14:07.829, 293.57, 100, 74232, 75
2026/07/29 04:14:08.870, 297.65, 100, 74232, 76
2026/07/29 04:14:09.907, 287.70, 100, 74232, 76
2026/07/29 04:14:10.943, 305.42, 100, 74232, 75
2026/07/29 04:14:11.978, 312.12, 100, 74232, 76
2026/07/29 04:14:13.020, 297.60, 100, 74232, 76
2026/07/29 04:14:14.056, 306.35, 100, 74232, 74
2026/07/29 04:14:15.096, 304.37, 100, 74232, 74
2026/07/29 04:14:16.134, 304.48, 100, 74232, 74
2026/07/29 04:14:17.171, 304.17, 100, 74232, 74
2026/07/29 04:14:18.210, 305.06, 100, 74232, 74
2026/07/29 04:14:19.247, 299.41, 100, 74232, 74
2026/07/29 04:14:20.285, 307.28, 100, 74232, 74
2026/07/29 04:14:21.322, 305.12, 100, 74232, 74
2026/07/29 04:14:22.360, 303.68, 100, 74232, 74
2026/07/29 04:14:23.398, 304.66, 100, 74232, 74
2026/07/29 04:14:24.436, 297.17, 100, 74232, 74
2026/07/29 04:14:25.475, 297.37, 100, 74232, 74
2026/07/29 04:14:26.513, 304.43, 100, 74232, 74
2026/07/29 04:14:27.552, 296.97, 100, 74232, 74
2026/07/29 04:14:28.589, 304.72, 100, 74232, 74
2026/07/29 04:14:29.626, 304.57, 100, 74232, 74
2026/07/29 04:14:30.664, 298.71, 100, 74232, 74
2026/07/29 04:14:31.702, 297.92, 100, 74232, 74
2026/07/29 04:14:32.741, 297.24, 100, 74232, 74
2026/07/29 04:14:33.779, 297.36, 100, 74232, 74
2026/07/29 04:14:34.817, 296.97, 100, 74232, 74
2026/07/29 04:14:35.854, 293.56, 100, 74232, 74
2026/07/29 04:14:36.898, 296.76, 100, 74232, 74
2026/07/29 04:14:37.937, 297.07, 100, 74232, 74
2026/07/29 04:14:38.975, 298.91, 100, 74232, 74
2026/07/29 04:14:40.011, 297.16, 100, 74232, 74
2026/07/29 04:14:41.048, 297.77, 100, 74232, 74
2026/07/29 04:14:42.085, 297.64, 100, 74232, 74
2026/07/29 04:14:43.125, 297.07, 100, 74232, 74
2026/07/29 04:14:44.162, 296.68, 100, 74232, 74
2026/07/29 04:14:45.201, 303.49, 100, 74232, 74
2026/07/29 04:14:46.238, 296.77, 100, 74232, 74
2026/07/29 04:14:47.275, 296.77, 100, 74232, 74
2026/07/29 04:14:48.312, 293.36, 100, 74232, 74
2026/07/29 04:14:49.350, 295.90, 100, 74232, 74
2026/07/29 04:14:50.388, 296.87, 100, 74232, 74
2026/07/29 04:14:51.425, 296.97, 100, 74232, 74
2026/07/29 04:14:52.462, 301.94, 100, 74232, 74
2026/07/29 04:14:53.499, 306.41, 100, 74232, 75
2026/07/29 04:14:54.535, 297.79, 100, 74232, 75
2026/07/29 04:14:55.570, 315.05, 100, 74232, 75
2026/07/29 04:14:56.605, 303.74, 100, 74232, 75
2026/07/29 04:14:57.642, 301.86, 100, 74232, 75
2026/07/29 04:14:58.677, 302.45, 100, 74232, 76
2026/07/29 04:14:59.712, 311.26, 100, 74232, 75
2026/07/29 04:15:00.749, 304.16, 100, 74232, 74
2026/07/29 04:15:01.786, 303.88, 100, 74232, 74
2026/07/29 04:15:02.826, 304.37, 100, 74232, 74
2026/07/29 04:15:03.863, 303.98, 100, 74232, 74
2026/07/29 04:15:04.899, 100.93, 0, 74232, 71
2026/07/29 04:15:06.002, 302.45, 100, 74232, 75
2026/07/29 04:15:07.037, 305.92, 100, 74232, 75
2026/07/29 04:15:08.072, 305.38, 100, 74232, 75
2026/07/29 04:15:09.113, 299.11, 100, 74232, 75
2026/07/29 04:15:10.149, 303.38, 100, 74232, 75
2026/07/29 04:15:11.184, 299.19, 100, 74232, 75
2026/07/29 04:15:12.226, 292.08, 100, 74232, 75
2026/07/29 04:15:13.263, 304.37, 100, 74232, 74
2026/07/29 04:15:14.300, 304.46, 100, 74232, 74
2026/07/29 04:15:15.338, 306.21, 100, 74232, 74
2026/07/29 04:15:16.377, 294.42, 100, 74232, 74
2026/07/29 04:15:17.414, 293.35, 100, 74232, 74
2026/07/29 04:15:18.459, 289.45, 100, 74232, 74
2026/07/29 04:15:19.497, 289.05, 100, 74232, 74
2026/07/29 04:15:20.534, 285.55, 100, 74232, 73
2026/07/29 04:15:21.569, 249.21, 100, 74232, 74
2026/07/29 04:15:22.612, 287.72, 100, 74232, 74
2026/07/29 04:15:23.651, 288.09, 100, 74232, 74
2026/07/29 04:15:24.689, 290.23, 100, 74232, 74
2026/07/29 04:15:25.727, 290.72, 100, 74232, 74
2026/07/29 04:15:26.764, 295.90, 100, 74232, 74
2026/07/29 04:15:27.801, 295.89, 100, 74232, 74
2026/07/29 04:15:28.837, 296.10, 100, 74232, 74
2026/07/29 04:15:29.876, 295.89, 100, 74232, 74
2026/07/29 04:15:30.914, 295.81, 100, 74232, 74
2026/07/29 04:15:31.952, 296.77, 100, 74232, 74
2026/07/29 04:15:32.989, 304.37, 100, 74232, 74
2026/07/29 04:15:34.027, 299.98, 100, 74232, 74
2026/07/29 04:15:35.066, 303.98, 100, 74232, 74
2026/07/29 04:15:36.103, 303.87, 100, 74232, 74
2026/07/29 04:15:37.141, 304.65, 100, 74232, 74
2026/07/29 04:15:38.178, 304.27, 100, 74232, 74
2026/07/29 04:15:39.214, 291.80, 100, 74232, 74
2026/07/29 04:15:40.252, 297.64, 100, 74232, 74
2026/07/29 04:15:41.288, 291.91, 100, 74232, 74
2026/07/29 04:15:42.325, 297.04, 100, 74232, 74
2026/07/29 04:15:43.362, 296.49, 100, 74232, 74
2026/07/29 04:15:44.400, 292.08, 100, 74232, 74
2026/07/29 04:15:45.436, 291.82, 100, 74232, 74
2026/07/29 04:15:46.473, 295.40, 100, 74232, 74
2026/07/29 04:15:47.510, 295.31, 100, 74232, 73
2026/07/29 04:15:48.548, 295.20, 100, 74232, 73
2026/07/29 04:15:49.586, 294.34, 100, 74232, 73
2026/07/29 04:15:50.624, 295.09, 100, 74232, 73
2026/07/29 04:15:51.662, 301.74, 100, 74232, 73
2026/07/29 04:15:52.701, 300.09, 100, 74232, 73
2026/07/29 04:15:53.743, 295.21, 100, 74232, 73
2026/07/29 04:15:54.781, 283.90, 100, 74232, 73
2026/07/29 04:15:55.817, 300.86, 100, 74232, 73
2026/07/29 04:15:56.854, 294.24, 100, 74232, 73
2026/07/29 04:15:57.891, 297.34, 100, 74232, 73
2026/07/29 04:15:58.931, 303.31, 100, 74232, 73
2026/07/29 04:15:59.967, 301.02, 100, 74232, 73
2026/07/29 04:16:01.004, 303.29, 100, 74232, 73
2026/07/29 04:16:02.042, 303.10, 100, 74232, 73
2026/07/29 04:16:03.079, 303.27, 100, 74232, 73
2026/07/29 04:16:04.118, 302.14, 100, 74232, 73
2026/07/29 04:16:05.158, 303.19, 100, 74232, 73
2026/07/29 04:16:06.194, 302.91, 100, 74232, 73
2026/07/29 04:16:07.234, 302.12, 100, 74232, 73
2026/07/29 04:16:08.271, 294.25, 100, 74232, 73
2026/07/29 04:16:09.307, 291.50, 100, 74232, 73
2026/07/29 04:16:10.344, 294.35, 100, 74232, 73
2026/07/29 04:16:11.381, 294.63, 100, 74232, 73
2026/07/29 04:16:12.418, 301.55, 100, 74232, 73
2026/07/29 04:16:13.455, 302.52, 100, 74232, 73
2026/07/29 04:16:14.493, 303.00, 100, 74232, 73
2026/07/29 04:16:15.530, 294.04, 100, 74232, 73
2026/07/29 04:16:16.568, 302.70, 100, 74232, 73
2026/07/29 04:16:17.606, 301.65, 100, 74232, 73
2026/07/29 04:16:18.643, 302.79, 100, 74232, 73
2026/07/29 04:16:19.680, 298.53, 100, 74232, 73
2026/07/29 04:16:20.720, 296.17, 100, 74232, 73
2026/07/29 04:16:21.756, 295.22, 100, 74232, 73
2026/07/29 04:16:22.799, 294.25, 100, 74232, 73
2026/07/29 04:16:23.837, 293.65, 100, 74232, 73
2026/07/29 04:16:24.874, 304.35, 100, 74232, 73
2026/07/29 04:16:25.913, 298.02, 100, 74232, 73
2026/07/29 04:16:26.950, 298.82, 100, 74232, 73
2026/07/29 04:16:27.988, 297.35, 100, 74232, 73
2026/07/29 04:16:29.027, 301.15, 100, 74232, 73
2026/07/29 04:16:30.065, 298.63, 100, 74232, 73
2026/07/29 04:16:31.109, 302.22, 100, 74232, 73
2026/07/29 04:16:32.146, 302.03, 100, 74232, 73
2026/07/29 04:16:33.183, 306.21, 100, 74232, 73
2026/07/29 04:16:34.221, 302.40, 100, 74232, 73
2026/07/29 04:16:35.258, 302.92, 100, 74232, 73
2026/07/29 04:16:36.297, 303.10, 100, 74232, 73
2026/07/29 04:16:37.334, 304.18, 100, 74232, 73
2026/07/29 04:16:38.374, 294.81, 100, 74232, 73
2026/07/29 04:16:39.411, 295.40, 100, 74232, 73
2026/07/29 04:16:40.448, 270.08, 100, 74232, 74
2026/07/29 04:16:41.483, 296.20, 100, 74232, 75
2026/07/29 04:16:42.516, 299.67, 100, 74232, 75
2026/07/29 04:16:43.551, 285.06, 100, 74232, 75
2026/07/29 04:16:44.589, 300.16, 100, 74232, 75
2026/07/29 04:16:45.626, 321.83, 100, 74232, 75
2026/07/29 04:16:46.659, 301.83, 100, 74232, 73
2026/07/29 04:16:47.695, 302.23, 100, 74232, 73
2026/07/29 04:16:48.733, 302.53, 100, 74232, 73
2026/07/29 04:16:49.771, 302.23, 100, 74232, 73
2026/07/29 04:16:50.809, 303.17, 100, 74232, 73
2026/07/29 04:16:51.847, 297.44, 100, 74232, 74
2026/07/29 04:16:52.882, 297.14, 100, 74232, 74
2026/07/29 04:16:53.917, 296.19, 100, 74232, 75
2026/07/29 04:16:54.952, 289.76, 100, 74232, 74
2026/07/29 04:16:55.989, 311.82, 100, 74232, 75
2026/07/29 04:16:57.023, 306.64, 100, 74232, 75
2026/07/29 04:16:58.057, 302.22, 100, 74232, 73
2026/07/29 04:16:59.095, 302.70, 100, 74232, 73
2026/07/29 04:17:00.134, 304.65, 100, 74232, 73
2026/07/29 04:17:01.174, 302.70, 100, 74232, 73
2026/07/29 04:17:02.212, 303.29, 100, 74232, 73
2026/07/29 04:17:03.249, 302.72, 100, 74232, 73
2026/07/29 04:17:04.289, 297.36, 100, 74232, 74
2026/07/29 04:17:05.407, 288.37, 100, 74232, 75
2026/07/29 04:17:06.443, 290.93, 100, 74232, 75
2026/07/29 04:17:07.479, 305.94, 100, 74232, 75
2026/07/29 04:17:08.514, 306.17, 100, 74232, 75
2026/07/29 04:17:09.550, 281.35, 100, 74232, 75
2026/07/29 04:17:10.591, 303.49, 100, 74232, 73
2026/07/29 04:17:11.630, 303.00, 100, 74232, 73
2026/07/29 04:17:12.667, 303.87, 100, 74232, 73
2026/07/29 04:17:13.705, 306.40, 100, 74232, 74
2026/07/29 04:17:14.743, 302.62, 100, 74232, 74
2026/07/29 04:17:15.780, 305.53, 100, 74232, 74
2026/07/29 04:17:16.817, 304.26, 100, 74232, 74
2026/07/29 04:17:17.854, 304.26, 100, 74232, 74
2026/07/29 04:17:18.892, 297.73, 100, 74232, 74
2026/07/29 04:17:19.929, 299.88, 100, 74232, 74
2026/07/29 04:17:20.968, 297.44, 100, 74232, 74
2026/07/29 04:17:22.006, 289.74, 100, 74232, 74
2026/07/29 04:17:23.045, 293.95, 100, 74232, 73
2026/07/29 04:17:24.079, 293.64, 100, 74232, 76
2026/07/29 04:17:25.117, 301.52, 100, 74232, 76
2026/07/29 04:17:26.152, 273.73, 100, 74232, 75
2026/07/29 04:17:27.187, 295.87, 100, 74232, 76
2026/07/29 04:17:28.224, 307.56, 100, 74232, 75
2026/07/29 04:17:29.258, 296.30, 100, 74232, 75
2026/07/29 04:17:30.294, 299.19, 100, 74232, 74
2026/07/29 04:17:31.331, 290.15, 100, 74232, 74
2026/07/29 04:17:32.368, 289.35, 100, 74232, 74
2026/07/29 04:17:33.405, 291.89, 100, 74232, 74
2026/07/29 04:17:34.443, 290.45, 100, 74232, 74
2026/07/29 04:17:35.483, 296.00, 100, 74232, 74
2026/07/29 04:17:36.524, 299.19, 100, 74232, 74
2026/07/29 04:17:37.561, 296.67, 100, 74232, 74
2026/07/29 04:17:38.597, 296.29, 100, 74232, 74
2026/07/29 04:17:39.636, 296.19, 100, 74232, 74
2026/07/29 04:17:40.672, 296.18, 100, 74232, 74
2026/07/29 04:17:41.711, 296.29, 100, 74232, 74
2026/07/29 04:17:42.749, 296.46, 100, 74232, 74
2026/07/29 04:17:43.786, 295.92, 100, 74232, 74
2026/07/29 04:17:44.825, 304.95, 100, 74232, 74
2026/07/29 04:17:45.862, 296.28, 100, 74232, 74
2026/07/29 04:17:46.900, 296.39, 100, 74232, 74
2026/07/29 04:17:47.938, 295.79, 100, 74232, 74
2026/07/29 04:17:48.977, 100.20, 0, 74232, 71
2026/07/29 04:17:50.010, 98.56, 0, 74232, 70
2026/07/29 04:17:51.042, 97.73, 0, 74232, 69
2026/07/29 04:17:52.074, 96.88, 0, 74232, 68
2026/07/29 04:17:53.106, 95.54, 0, 74232, 68
2026/07/29 04:17:54.140, 96.28, 0, 74232, 67
2026/07/29 04:17:55.172, 95.67, 0, 74232, 67
2026/07/29 04:17:56.204, 95.14, 0, 74232, 66
2026/07/29 04:17:57.236, 93.54, 0, 74232, 66
2026/07/29 04:17:58.268, 93.16, 0, 74232, 66
2026/07/29 04:17:59.301, 92.70, 0, 74232, 65
2026/07/29 04:18:00.333, 92.26, 0, 74232, 65
2026/07/29 04:18:01.365, 91.78, 0, 74232, 64
2026/07/29 04:18:02.396, 91.38, 0, 74232, 64
2026/07/29 04:18:03.427, 90.94, 0, 74232, 64
2026/07/29 04:18:04.458, 90.58, 0, 74232, 63
2026/07/29 04:18:05.490, 90.05, 0, 74232, 63
2026/07/29 04:18:06.520, 89.74, 0, 74232, 63
2026/07/29 04:18:07.550, 90.51, 0, 74232, 63
2026/07/29 04:18:08.582, 88.53, 0, 74232, 62
2026/07/29 04:18:09.613, 88.99, 0, 74232, 62
2026/07/29 04:18:10.643, 88.35, 0, 74232, 62
2026/07/29 04:18:11.674, 88.41, 0, 74232, 62
2026/07/29 04:18:12.707, 87.29, 0, 74232, 61
2026/07/29 04:18:13.738, 86.48, 0, 74232, 61
2026/07/29 04:18:14.768, 86.15, 0, 74232, 61
2026/07/29 04:18:15.799, 86.05, 0, 74232, 60
2026/07/29 04:18:16.830, 85.29, 0, 74232, 60
2026/07/29 04:18:17.860, 85.54, 0, 74232, 60
2026/07/29 04:18:18.893, 85.20, 0, 74232, 60
2026/07/29 04:18:19.923, 84.72, 0, 74232, 59
2026/07/29 04:18:20.954, 84.60, 0, 74232, 59
2026/07/29 04:18:21.986, 84.31, 0, 74232, 59
2026/07/29 04:18:23.017, 305.03, 100, 74232, 64
2026/07/29 04:18:24.051, 295.68, 100, 74232, 65
2026/07/29 04:18:25.088, 294.69, 100, 74232, 65
2026/07/29 04:18:26.125, 295.30, 100, 74232, 65
2026/07/29 04:18:27.158, 258.11, 100, 74232, 64
2026/07/29 04:18:28.196, 294.33, 100, 74232, 64
2026/07/29 04:18:29.233, 293.95, 100, 74232, 64
2026/07/29 04:18:30.270, 294.64, 100, 74232, 65
2026/07/29 04:18:31.306, 296.47, 100, 74232, 65
2026/07/29 04:18:32.341, 295.11, 100, 74232, 65
2026/07/29 04:18:33.377, 296.08, 100, 74232, 66
2026/07/29 04:18:34.414, 300.97, 100, 74232, 66
2026/07/29 04:18:35.452, 312.77, 100, 74232, 68
2026/07/29 04:18:36.487, 304.51, 100, 74232, 68
2026/07/29 04:18:37.522, 292.59, 100, 74232, 68
2026/07/29 04:18:38.559, 302.14, 100, 74232, 68
2026/07/29 04:18:39.594, 301.91, 100, 74232, 67
2026/07/29 04:18:40.630, 300.37, 100, 74232, 67
2026/07/29 04:18:41.667, 291.63, 100, 74232, 69
2026/07/29 04:18:42.703, 292.88, 100, 74232, 69
2026/07/29 04:18:43.738, 289.52, 100, 74232, 70
2026/07/29 04:18:44.775, 296.87, 100, 74232, 70
2026/07/29 04:18:45.816, 283.72, 100, 74232, 70
2026/07/29 04:18:46.852, 286.31, 100, 74232, 70
2026/07/29 04:18:47.887, 301.32, 100, 74232, 69
2026/07/29 04:18:48.929, 304.46, 100, 74232, 69
2026/07/29 04:18:49.966, 305.15, 100, 74232, 69
2026/07/29 04:18:51.003, 305.44, 100, 74232, 69
2026/07/29 04:18:52.040, 306.02, 100, 74232, 69
2026/07/29 04:18:53.079, 305.62, 100, 74232, 70
2026/07/29 04:18:54.118, 306.30, 100, 74232, 70
2026/07/29 04:18:55.155, 305.24, 100, 74232, 70
2026/07/29 04:18:56.193, 299.50, 100, 74232, 70
2026/07/29 04:18:57.231, 306.02, 100, 74232, 70
2026/07/29 04:18:58.268, 299.50, 100, 74232, 70
2026/07/29 04:18:59.306, 299.90, 100, 74232, 70
2026/07/29 04:19:00.344, 300.48, 100, 74232, 70
2026/07/29 04:19:01.383, 300.66, 100, 74232, 70
2026/07/29 04:19:02.421, 300.87, 100, 74232, 70
2026/07/29 04:19:03.459, 300.28, 100, 74232, 71
2026/07/29 04:19:04.497, 300.57, 100, 74232, 71
2026/07/29 04:19:05.534, 300.83, 100, 74232, 71
2026/07/29 04:19:06.572, 300.59, 100, 74232, 71
2026/07/29 04:19:07.610, 299.10, 100, 74232, 71
2026/07/29 04:19:08.648, 298.31, 100, 74232, 71
2026/07/29 04:19:09.686, 290.15, 100, 74232, 71
2026/07/29 04:19:10.723, 288.68, 100, 74232, 71
2026/07/29 04:19:11.762, 292.39, 100, 74232, 71
2026/07/29 04:19:12.800, 299.40, 100, 74232, 71
2026/07/29 04:19:13.839, 295.99, 100, 74232, 71
2026/07/29 04:19:14.879, 298.33, 100, 74232, 71
2026/07/29 04:19:15.915, 299.10, 100, 74232, 71
2026/07/29 04:19:16.951, 299.31, 100, 74232, 71
2026/07/29 04:19:17.987, 299.69, 100, 74232, 71
2026/07/29 04:19:19.023, 299.97, 100, 74232, 72
2026/07/29 04:19:20.059, 300.56, 100, 74232, 71
2026/07/29 04:19:21.095, 300.80, 100, 74232, 72
2026/07/29 04:19:22.134, 300.05, 100, 74232, 72
2026/07/29 04:19:23.171, 301.92, 100, 74232, 72
2026/07/29 04:19:24.207, 300.47, 100, 74232, 72
2026/07/29 04:19:25.244, 301.04, 100, 74232, 72
2026/07/29 04:19:26.280, 299.70, 100, 74232, 72
2026/07/29 04:19:27.317, 300.76, 100, 74232, 72
2026/07/29 04:19:28.353, 297.83, 100, 74232, 72
2026/07/29 04:19:29.390, 300.17, 100, 74232, 72
2026/07/29 04:19:30.426, 300.97, 100, 74232, 72
2026/07/29 04:19:31.464, 300.49, 100, 74232, 72
2026/07/29 04:19:32.500, 300.45, 100, 74232, 72
2026/07/29 04:19:33.536, 300.89, 100, 74232, 72
2026/07/29 04:19:34.573, 98.35, 41, 74232, 69
2026/07/29 04:19:35.605, 301.55, 100, 74232, 73
2026/07/29 04:19:36.639, 293.35, 100, 74232, 73
2026/07/29 04:19:37.672, 282.83, 100, 74232, 73
2026/07/29 04:19:38.708, 281.74, 100, 74232, 73
2026/07/29 04:19:39.743, 275.06, 100, 74232, 73
2026/07/29 04:19:40.776, 282.42, 100, 74232, 74
2026/07/29 04:19:41.812, 300.17, 100, 74232, 72
2026/07/29 04:19:42.853, 297.16, 100, 74232, 72
2026/07/29 04:19:43.889, 304.37, 100, 74232, 72
2026/07/29 04:19:44.925, 303.74, 100, 74232, 72
2026/07/29 04:19:45.961, 98.54, 0, 74232, 69
2026/07/29 04:19:46.995, 301.35, 100, 74232, 74
2026/07/29 04:19:48.030, 296.17, 100, 74232, 74
2026/07/29 04:19:49.065, 302.19, 100, 74232, 74
2026/07/29 04:19:50.103, 303.85, 100, 74232, 74
2026/07/29 04:19:51.141, 298.47, 100, 74232, 74
2026/07/29 04:19:52.179, 297.05, 100, 74232, 74
2026/07/29 04:19:53.215, 289.65, 100, 74232, 72
2026/07/29 04:19:54.253, 293.54, 100, 74232, 72
2026/07/29 04:19:55.291, 301.83, 100, 74232, 72
2026/07/29 04:19:56.327, 100.12, 100, 74232, 70
2026/07/29 04:19:57.360, 298.22, 100, 74232, 74
2026/07/29 04:19:58.395, 295.01, 100, 74232, 74
2026/07/29 04:19:59.430, 300.83, 100, 74232, 74
2026/07/29 04:20:00.469, 284.00, 100, 74232, 74
2026/07/29 04:20:01.502, 304.93, 100, 74232, 74
2026/07/29 04:20:02.536, 288.31, 100, 74232, 74
2026/07/29 04:20:03.572, 295.81, 100, 74232, 75
2026/07/29 04:20:04.611, 304.54, 100, 74232, 73
2026/07/29 04:20:05.648, 302.88, 100, 74232, 73
2026/07/29 04:20:06.686, 304.46, 100, 74232, 73
2026/07/29 04:20:07.724, 101.02, 0, 74232, 71
2026/07/29 04:20:08.760, 289.05, 100, 74232, 73
2026/07/29 04:20:09.798, 302.99, 100, 74232, 73
2026/07/29 04:20:10.836, 306.01, 100, 74232, 73
2026/07/29 04:20:11.872, 303.15, 100, 74232, 73
2026/07/29 04:20:12.909, 296.47, 100, 74232, 73
2026/07/29 04:20:13.946, 291.81, 100, 74232, 73
2026/07/29 04:20:14.984, 295.30, 100, 74232, 73
2026/07/29 04:20:16.022, 291.59, 100, 74232, 73
2026/07/29 04:20:17.060, 293.75, 100, 74232, 73
2026/07/29 04:20:18.097, 295.99, 100, 74232, 73
2026/07/29 04:20:19.137, 294.43, 100, 74232, 73
2026/07/29 04:20:20.180, 295.51, 100, 74232, 73
2026/07/29 04:20:21.218, 295.98, 100, 74232, 73
2026/07/29 04:20:22.256, 295.89, 100, 74232, 73
2026/07/29 04:20:23.293, 295.79, 100, 74232, 73
2026/07/29 04:20:24.331, 293.76, 100, 74232, 73
2026/07/29 04:20:25.369, 293.46, 100, 74232, 73
2026/07/29 04:20:26.407, 295.01, 100, 74232, 73
2026/07/29 04:20:27.444, 294.44, 100, 74232, 73
2026/07/29 04:20:28.481, 295.69, 100, 74232, 73
2026/07/29 04:20:29.519, 293.64, 100, 74232, 73
2026/07/29 04:20:30.558, 300.17, 100, 74232, 73
2026/07/29 04:20:31.595, 298.14, 100, 74232, 73
2026/07/29 04:20:32.632, 303.39, 100, 74232, 73
2026/07/29 04:20:33.669, 301.54, 100, 74232, 73
2026/07/29 04:20:34.707, 301.45, 100, 74232, 73
2026/07/29 04:20:35.747, 303.88, 100, 74232, 73
2026/07/29 04:20:36.784, 302.89, 100, 74232, 73
2026/07/29 04:20:37.821, 303.21, 100, 74232, 73
2026/07/29 04:20:38.858, 297.64, 100, 74232, 73
2026/07/29 04:20:39.894, 294.64, 100, 74232, 73
2026/07/29 04:20:40.931, 292.97, 100, 74232, 73
2026/07/29 04:20:41.972, 294.82, 100, 74232, 73
2026/07/29 04:20:43.009, 300.48, 100, 74232, 73
2026/07/29 04:20:44.046, 295.78, 100, 74232, 73
2026/07/29 04:20:45.088, 295.90, 100, 74232, 73
2026/07/29 04:20:46.126, 302.22, 100, 74232, 73
2026/07/29 04:20:47.162, 303.78, 100, 74232, 73
2026/07/29 04:20:48.199, 296.97, 100, 74232, 73
2026/07/29 04:20:49.236, 293.75, 100, 74232, 73
2026/07/29 04:20:50.273, 291.40, 100, 74232, 73
2026/07/29 04:20:51.310, 294.04, 100, 74232, 73
2026/07/29 04:20:52.348, 294.34, 100, 74232, 73
2026/07/29 04:20:53.385, 290.16, 100, 74232, 73
2026/07/29 04:20:54.424, 295.03, 100, 74232, 73
2026/07/29 04:20:55.461, 289.57, 100, 74232, 73
2026/07/29 04:20:56.499, 298.10, 100, 74232, 73
2026/07/29 04:20:57.536, 298.42, 100, 74232, 73
2026/07/29 04:20:58.573, 301.44, 100, 74232, 73
2026/07/29 04:20:59.612, 304.37, 100, 74232, 73
2026/07/29 04:21:00.649, 302.11, 100, 74232, 73
2026/07/29 04:21:01.688, 302.91, 100, 74232, 73
2026/07/29 04:21:02.725, 302.70, 100, 74232, 73
2026/07/29 04:21:03.764, 303.98, 100, 74232, 73
2026/07/29 04:21:04.800, 300.87, 100, 74232, 73
2026/07/29 04:21:05.837, 297.46, 100, 74232, 73
2026/07/29 04:21:06.875, 299.95, 100, 74232, 73
2026/07/29 04:21:07.911, 304.32, 100, 74232, 73
2026/07/29 04:21:08.949, 297.65, 100, 74232, 73
2026/07/29 04:21:09.985, 302.67, 100, 74232, 73
2026/07/29 04:21:11.023, 301.72, 100, 74232, 73
2026/07/29 04:21:12.061, 306.20, 100, 74232, 73
2026/07/29 04:21:13.100, 304.56, 100, 74232, 73
2026/07/29 04:21:14.139, 301.25, 100, 74232, 73
2026/07/29 04:21:15.176, 303.56, 100, 74232, 73
2026/07/29 04:21:16.214, 294.04, 100, 74232, 73
2026/07/29 04:21:17.252, 290.72, 100, 74232, 73
2026/07/29 04:21:18.291, 292.77, 100, 74232, 73
2026/07/29 04:21:19.328, 293.94, 100, 74232, 73
2026/07/29 04:21:20.366, 294.53, 100, 74232, 73
2026/07/29 04:21:21.404, 302.23, 100, 74232, 73
2026/07/29 04:21:22.441, 302.32, 100, 74232, 73
2026/07/29 04:21:23.478, 290.73, 100, 74232, 73
2026/07/29 04:21:24.516, 296.09, 100, 74232, 73
2026/07/29 04:21:25.558, 290.14, 100, 74232, 73
2026/07/29 04:21:26.598, 301.14, 100, 74232, 73
2026/07/29 04:21:27.635, 302.00, 100, 74232, 73
2026/07/29 04:21:28.674, 294.51, 100, 74232, 73
2026/07/29 04:21:29.712, 298.33, 100, 74232, 73
2026/07/29 04:21:30.749, 302.43, 100, 74232, 73
2026/07/29 04:21:31.787, 301.93, 100, 74232, 73
2026/07/29 04:21:32.824, 301.83, 100, 74232, 73
2026/07/29 04:21:33.862, 302.03, 100, 74232, 73
2026/07/29 04:21:34.899, 304.94, 100, 74232, 73
2026/07/29 04:21:35.937, 303.30, 100, 74232, 73
2026/07/29 04:21:36.975, 302.04, 100, 74232, 73
2026/07/29 04:21:38.012, 302.32, 100, 74232, 73
2026/07/29 04:21:39.051, 302.18, 100, 74232, 73
2026/07/29 04:21:40.089, 301.06, 100, 74232, 73
2026/07/29 04:21:41.127, 302.22, 100, 74232, 73
2026/07/29 04:21:42.164, 294.54, 100, 74232, 73
2026/07/29 04:21:43.201, 296.11, 100, 74232, 73
2026/07/29 04:21:44.239, 292.98, 100, 74232, 73
2026/07/29 04:21:45.276, 301.45, 100, 74232, 73
2026/07/29 04:21:46.315, 301.54, 100, 74232, 73
2026/07/29 04:21:47.351, 299.69, 100, 74232, 73
2026/07/29 04:21:48.390, 298.31, 100, 74232, 73
2026/07/29 04:21:49.431, 294.23, 100, 74232, 73
2026/07/29 04:21:50.468, 292.09, 100, 74232, 73
2026/07/29 04:21:51.506, 294.83, 100, 74232, 73
2026/07/29 04:21:52.543, 301.06, 100, 74232, 73
2026/07/29 04:21:53.581, 300.58, 100, 74232, 73
2026/07/29 04:21:54.619, 301.25, 100, 74232, 73
2026/07/29 04:21:55.657, 288.98, 100, 74232, 75
2026/07/29 04:21:56.692, 295.39, 100, 74232, 75
2026/07/29 04:21:57.727, 288.79, 100, 74232, 74
2026/07/29 04:21:58.762, 314.71, 100, 74232, 75
2026/07/29 04:21:59.797, 287.47, 100, 74232, 75
2026/07/29 04:22:00.832, 279.03, 100, 74232, 74
2026/07/29 04:22:01.868, 301.64, 100, 74232, 73
2026/07/29 04:22:02.907, 292.95, 100, 74232, 73
2026/07/29 04:22:03.945, 295.81, 100, 74232, 73
2026/07/29 04:22:04.983, 291.41, 100, 74232, 73
2026/07/29 04:22:06.020, 291.61, 100, 74232, 73
2026/07/29 04:22:07.058, 294.92, 100, 74232, 73
2026/07/29 04:22:08.095, 298.03, 100, 74232, 73
2026/07/29 04:22:09.132, 292.97, 100, 74232, 71
2026/07/29 04:22:10.165, 304.48, 100, 74232, 74
2026/07/29 04:22:11.200, 304.36, 100, 74232, 75
2026/07/29 04:22:12.235, 309.23, 100, 74232, 75
2026/07/29 04:22:13.270, 272.76, 100, 74232, 75
2026/07/29 04:22:14.310, 287.99, 100, 74232, 75
2026/07/29 04:22:15.345, 285.84, 100, 74232, 75
2026/07/29 04:22:16.382, 302.50, 100, 74232, 73
2026/07/29 04:22:17.420, 302.72, 100, 74232, 73
2026/07/29 04:22:18.457, 304.56, 100, 74232, 73
2026/07/29 04:22:19.495, 302.70, 100, 74232, 73
2026/07/29 04:22:20.532, 99.36, 72, 74232, 71
2026/07/29 04:22:21.565, 298.90, 100, 74232, 75
2026/07/29 04:22:22.598, 299.75, 100, 74232, 75
2026/07/29 04:22:23.634, 294.04, 100, 74232, 75
2026/07/29 04:22:24.669, 295.14, 100, 74232, 75
2026/07/29 04:22:25.704, 312.36, 100, 74232, 75
2026/07/29 04:22:26.738, 281.58, 100, 74232, 75
2026/07/29 04:22:27.773, 303.10, 100, 74232, 73
2026/07/29 04:22:28.812, 302.89, 100, 74232, 73
2026/07/29 04:22:29.849, 303.17, 100, 74232, 74
2026/07/29 04:22:30.887, 303.31, 100, 74232, 74
2026/07/29 04:22:31.925, 303.78, 100, 74232, 74
2026/07/29 04:22:32.962, 303.30, 100, 74232, 74
2026/07/29 04:22:34.000, 304.36, 100, 74232, 74
2026/07/29 04:22:35.038, 304.17, 100, 74232, 74
2026/07/29 04:22:36.074, 305.39, 100, 74232, 74
2026/07/29 04:22:37.110, 304.08, 100, 74232, 74
2026/07/29 04:22:38.147, 304.77, 100, 74232, 74
2026/07/29 04:22:39.184, 100.94, 0, 74232, 71
2026/07/29 04:22:40.216, 293.55, 100, 74232, 75
2026/07/29 04:22:41.252, 297.06, 100, 74232, 75
2026/07/29 04:22:42.290, 276.00, 100, 74232, 75
2026/07/29 04:22:43.325, 307.48, 100, 74232, 75
2026/07/29 04:22:44.361, 315.92, 100, 74232, 75
2026/07/29 04:22:45.402, 284.79, 100, 74232, 75
2026/07/29 04:22:46.437, 303.88, 100, 74232, 74
2026/07/29 04:22:47.474, 304.05, 100, 74232, 74
2026/07/29 04:22:48.511, 303.29, 100, 74232, 74
2026/07/29 04:22:49.555, 297.16, 100, 74232, 74
2026/07/29 04:22:50.592, 298.33, 100, 74232, 74
2026/07/29 04:22:51.632, 296.97, 100, 74232, 74
2026/07/29 04:22:52.671, 292.37, 100, 74232, 74
2026/07/29 04:22:53.708, 292.96, 100, 74232, 74
2026/07/29 04:22:54.749, 296.37, 100, 74232, 74
2026/07/29 04:22:55.787, 300.55, 100, 74232, 74
2026/07/29 04:22:56.824, 296.27, 100, 74232, 74
2026/07/29 04:22:57.862, 296.88, 100, 74232, 74
2026/07/29 04:22:58.900, 296.38, 100, 74232, 74
2026/07/29 04:22:59.937, 295.89, 100, 74232, 74
2026/07/29 04:23:00.975, 297.83, 100, 74232, 74
2026/07/29 04:23:02.013, 297.16, 100, 74232, 74
2026/07/29 04:23:03.051, 297.37, 100, 74232, 74
2026/07/29 04:23:04.088, 296.19, 100, 74232, 74
2026/07/29 04:23:05.126, 299.97, 100, 74232, 74
2026/07/29 04:23:06.163, 303.29, 100, 74232, 74
2026/07/29 04:23:07.200, 297.85, 100, 74232, 74
2026/07/29 04:23:08.238, 300.54, 100, 74232, 74
2026/07/29 04:23:09.278, 294.63, 100, 74232, 74
2026/07/29 04:23:10.315, 296.29, 100, 74232, 74
2026/07/29 04:23:11.358, 295.59, 100, 74232, 74
2026/07/29 04:23:12.395, 302.88, 100, 74232, 74
2026/07/29 04:23:13.432, 302.32, 100, 74232, 74
2026/07/29 04:23:14.470, 299.20, 100, 74232, 74
2026/07/29 04:23:15.507, 303.68, 100, 74232, 74
2026/07/29 04:23:16.543, 296.19, 100, 74232, 73
2026/07/29 04:23:17.580, 297.63, 100, 74232, 73
2026/07/29 04:23:18.616, 295.99, 100, 74232, 73
2026/07/29 04:23:19.655, 296.47, 100, 74232, 73
2026/07/29 04:23:20.693, 297.53, 100, 74232, 73
2026/07/29 04:23:21.730, 295.70, 100, 74232, 73
2026/07/29 04:23:22.768, 295.11, 100, 74232, 73
2026/07/29 04:23:23.806, 295.03, 100, 74232, 73
2026/07/29 04:23:24.846, 294.82, 100, 74232, 73
2026/07/29 04:23:25.884, 295.50, 100, 74232, 73
2026/07/29 04:23:26.921, 302.62, 100, 74232, 73
2026/07/29 04:23:27.960, 297.86, 100, 74232, 73
2026/07/29 04:23:28.997, 295.50, 100, 74232, 73
2026/07/29 04:23:30.037, 296.58, 100, 74232, 73
2026/07/29 04:23:31.075, 295.98, 100, 74232, 73
2026/07/29 04:23:32.112, 303.64, 100, 74232, 73
2026/07/29 04:23:33.151, 302.51, 100, 74232, 73
2026/07/29 04:23:34.189, 302.40, 100, 74232, 73
2026/07/29 04:23:35.226, 299.98, 100, 74232, 73
2026/07/29 04:23:36.264, 302.68, 100, 74232, 73
2026/07/29 04:23:37.300, 303.20, 100, 74232, 73
2026/07/29 04:23:38.338, 303.10, 100, 74232, 73
2026/07/29 04:23:39.375, 302.41, 100, 74232, 73
2026/07/29 04:23:40.415, 302.13, 100, 74232, 73
2026/07/29 04:23:41.454, 303.39, 100, 74232, 73
2026/07/29 04:23:42.490, 302.22, 100, 74232, 73
2026/07/29 04:23:43.528, 299.21, 100, 74232, 73
2026/07/29 04:23:44.564, 302.62, 100, 74232, 73
2026/07/29 04:23:45.601, 303.36, 100, 74232, 73
2026/07/29 04:23:46.638, 303.09, 100, 74232, 73
2026/07/29 04:23:47.677, 304.14, 100, 74232, 73
2026/07/29 04:23:48.714, 302.31, 100, 74232, 73
2026/07/29 04:23:49.754, 302.89, 100, 74232, 73
2026/07/29 04:23:50.791, 302.50, 100, 74232, 73
2026/07/29 04:23:51.828, 297.05, 100, 74232, 73
2026/07/29 04:23:52.866, 294.92, 100, 74232, 73
2026/07/29 04:23:53.906, 291.03, 100, 74232, 73
2026/07/29 04:23:54.944, 299.59, 100, 74232, 73
2026/07/29 04:23:55.982, 302.01, 100, 74232, 73
2026/07/29 04:23:57.021, 304.54, 100, 74232, 73
2026/07/29 04:23:58.059, 295.58, 100, 74232, 73
2026/07/29 04:23:59.097, 290.83, 100, 74232, 73
2026/07/29 04:24:00.138, 291.12, 100, 74232, 73
2026/07/29 04:24:01.182, 295.19, 100, 74232, 73
2026/07/29 04:24:02.221, 294.46, 100, 74232, 73
2026/07/29 04:24:03.259, 301.75, 100, 74232, 73
2026/07/29 04:24:04.298, 304.34, 100, 74232, 75
2026/07/29 04:24:05.333, 298.42, 100, 74232, 75
2026/07/29 04:24:06.372, 307.50, 100, 74232, 75
2026/07/29 04:24:07.407, 308.67, 100, 74232, 75
2026/07/29 04:24:08.447, 306.17, 100, 74232, 75
2026/07/29 04:24:09.481, 269.70, 100, 74232, 75
2026/07/29 04:24:10.515, 304.20, 100, 74232, 75
2026/07/29 04:24:11.549, 303.21, 100, 74232, 73
2026/07/29 04:24:12.588, 303.58, 100, 74232, 73
2026/07/29 04:24:13.624, 303.46, 100, 74232, 73
2026/07/29 04:24:14.662, 303.19, 100, 74232, 73
2026/07/29 04:24:15.699, 101.52, 0, 74232, 70
2026/07/29 04:24:16.733, 300.94, 100, 74232, 75
2026/07/29 04:24:17.777, 298.81, 100, 74232, 75
2026/07/29 04:24:18.811, 288.87, 100, 74232, 75
2026/07/29 04:24:19.845, 274.63, 100, 74232, 75
2026/07/29 04:24:20.883, 281.07, 100, 74232, 75
2026/07/29 04:24:21.918, 293.55, 100, 74232, 75
2026/07/29 04:24:22.954, 263.62, 100, 74232, 73
2026/07/29 04:24:23.992, 288.20, 100, 74232, 73
2026/07/29 04:24:25.029, 287.89, 100, 74232, 73
2026/07/29 04:24:26.067, 288.01, 100, 74232, 73
2026/07/29 04:24:27.106, 291.70, 100, 74232, 73
2026/07/29 04:24:28.145, 100.16, 0, 74232, 70
2026/07/29 04:24:29.178, 264.58, 100, 74232, 75
2026/07/29 04:24:30.213, 315.34, 100, 74232, 75
2026/07/29 04:24:31.248, 295.69, 100, 74232, 75
2026/07/29 04:24:32.282, 286.47, 100, 74232, 75
2026/07/29 04:24:33.315, 278.43, 100, 74232, 75
2026/07/29 04:24:34.350, 276.89, 100, 74232, 75
2026/07/29 04:24:35.385, 299.31, 100, 74232, 73
2026/07/29 04:24:36.422, 295.53, 100, 74232, 73
2026/07/29 04:24:37.459, 295.61, 100, 74232, 73
2026/07/29 04:24:38.496, 303.59, 100, 74232, 73
2026/07/29 04:24:39.533, 303.51, 100, 74232, 74
2026/07/29 04:24:40.571, 304.17, 100, 74232, 74
2026/07/29 04:24:41.609, 305.42, 100, 74232, 75
2026/07/29 04:24:42.645, 295.41, 100, 74232, 75
2026/07/29 04:24:43.682, 313.65, 100, 74232, 76
2026/07/29 04:24:44.720, 288.89, 100, 74232, 75
2026/07/29 04:24:45.755, 293.49, 100, 74232, 76
2026/07/29 04:24:46.789, 269.36, 100, 74232, 75
2026/07/29 04:24:47.825, 309.48, 100, 74232, 76
2026/07/29 04:24:48.861, 304.17, 100, 74232, 74
2026/07/29 04:24:49.899, 299.30, 100, 74232, 74
2026/07/29 04:24:50.938, 296.58, 100, 74232, 74
2026/07/29 04:24:51.975, 290.44, 100, 74232, 74
2026/07/29 04:24:53.011, 289.86, 100, 74232, 74
2026/07/29 04:24:54.049, 289.38, 100, 74232, 74
2026/07/29 04:24:55.087, 287.69, 100, 74232, 74
2026/07/29 04:24:56.125, 297.46, 100, 74232, 74
2026/07/29 04:24:57.163, 297.07, 100, 74232, 74
2026/07/29 04:24:58.201, 296.68, 100, 74232, 74
2026/07/29 04:24:59.238, 298.51, 100, 74232, 74
2026/07/29 04:25:00.275, 296.96, 100, 74232, 74
2026/07/29 04:25:01.312, 298.21, 100, 74232, 74
2026/07/29 04:25:02.349, 297.24, 100, 74232, 74
2026/07/29 04:25:03.388, 296.97, 100, 74232, 74
2026/07/29 04:25:04.424, 297.16, 100, 74232, 74
2026/07/29 04:25:05.463, 101.91, 0, 74232, 71
2026/07/29 04:25:06.508, 99.14, 0, 74232, 70
2026/07/29 04:25:07.540, 98.44, 0, 74232, 69
2026/07/29 04:25:08.572, 97.57, 0, 74232, 69
2026/07/29 04:25:09.603, 96.97, 0, 74232, 68
2026/07/29 04:25:10.635, 94.99, 0, 74232, 67
2026/07/29 04:25:11.667, 95.40, 0, 74232, 67
2026/07/29 04:25:12.699, 94.74, 0, 74232, 66
2026/07/29 04:25:13.730, 94.34, 0, 74232, 66
2026/07/29 04:25:14.762, 93.74, 0, 74232, 66
2026/07/29 04:25:15.794, 92.44, 0, 74232, 65
2026/07/29 04:25:16.826, 92.76, 0, 74232, 65
2026/07/29 04:25:17.856, 92.26, 0, 74232, 64
2026/07/29 04:25:18.891, 91.08, 0, 74232, 64
2026/07/29 04:25:19.921, 92.36, 0, 74232, 64
2026/07/29 04:25:20.952, 90.29, 0, 74232, 64
2026/07/29 04:25:21.983, 90.80, 0, 74232, 63
2026/07/29 04:25:23.016, 89.62, 0, 74232, 63
2026/07/29 04:25:24.047, 89.93, 0, 74232, 63
2026/07/29 04:25:25.078, 88.86, 0, 74232, 62
2026/07/29 04:25:26.109, 87.88, 0, 74232, 62
2026/07/29 04:25:27.140, 87.14, 0, 74232, 62
2026/07/29 04:25:28.170, 87.42, 0, 74232, 61
2026/07/29 04:25:29.199, 86.85, 0, 74232, 61
2026/07/29 04:25:30.231, 86.68, 0, 74232, 61
2026/07/29 04:25:31.261, 86.44, 0, 74232, 61
2026/07/29 04:25:32.291, 86.06, 0, 74232, 60
2026/07/29 04:25:33.322, 85.93, 0, 74232, 60
2026/07/29 04:25:34.354, 85.64, 0, 74232, 60
2026/07/29 04:25:35.385, 305.40, 100, 74232, 65
2026/07/29 04:25:36.433, 311.93, 100, 74232, 66
2026/07/29 04:25:37.467, 282.43, 100, 74232, 66
2026/07/29 04:25:38.503, 295.66, 100, 74232, 66
2026/07/29 04:25:39.538, 302.02, 100, 74232, 65
2026/07/29 04:25:40.576, 294.41, 100, 74232, 65
2026/07/29 04:25:41.614, 291.40, 100, 74232, 65
2026/07/29 04:25:42.651, 293.17, 100, 74232, 66
2026/07/29 04:25:43.688, 295.79, 100, 74232, 66
2026/07/29 04:25:44.722, 305.40, 100, 74232, 68
2026/07/29 04:25:45.756, 314.74, 100, 74232, 69
2026/07/29 04:25:46.790, 302.14, 100, 74232, 69
2026/07/29 04:25:47.825, 285.53, 100, 74232, 69
2026/07/29 04:25:48.860, 302.21, 100, 74232, 67
2026/07/29 04:25:49.897, 301.65, 100, 74232, 68
2026/07/29 04:25:50.933, 300.84, 100, 74232, 68
2026/07/29 04:25:51.972, 294.07, 100, 74232, 70
2026/07/29 04:25:53.005, 295.38, 100, 74232, 70
2026/07/29 04:25:54.038, 292.38, 100, 74232, 70
2026/07/29 04:25:55.072, 292.68, 100, 74232, 70
2026/07/29 04:25:56.106, 300.50, 100, 74232, 71
2026/07/29 04:25:57.145, 304.25, 100, 74232, 69
2026/07/29 04:25:58.182, 305.35, 100, 74232, 69
2026/07/29 04:25:59.220, 305.15, 100, 74232, 69
2026/07/29 04:26:00.257, 305.32, 100, 74232, 69
2026/07/29 04:26:01.293, 305.71, 100, 74232, 70
2026/07/29 04:26:02.329, 299.28, 100, 74232, 70
2026/07/29 04:26:03.366, 300.64, 100, 74232, 70
2026/07/29 04:26:04.404, 306.90, 100, 74232, 70
2026/07/29 04:26:05.440, 291.22, 100, 74232, 70
2026/07/29 04:26:06.478, 289.36, 100, 74232, 70
2026/07/29 04:26:07.519, 299.40, 100, 74232, 70
2026/07/29 04:26:08.556, 298.02, 100, 74232, 72
2026/07/29 04:26:09.589, 295.13, 100, 74232, 72
2026/07/29 04:26:10.623, 307.46, 100, 74232, 72
2026/07/29 04:26:11.661, 310.74, 100, 74232, 72
2026/07/29 04:26:12.695, 267.76, 100, 74232, 72
2026/07/29 04:26:13.729, 300.00, 100, 74232, 71
2026/07/29 04:26:14.765, 300.09, 100, 74232, 71
2026/07/29 04:26:15.803, 301.73, 100, 74232, 71
2026/07/29 04:26:16.843, 312.63, 100, 74232, 71
2026/07/29 04:26:17.880, 301.10, 100, 74232, 73
2026/07/29 04:26:18.914, 300.67, 100, 74232, 73
2026/07/29 04:26:19.947, 303.37, 100, 74232, 73
2026/07/29 04:26:20.981, 292.58, 100, 74232, 73
2026/07/29 04:26:22.015, 301.64, 100, 74232, 73
2026/07/29 04:26:23.050, 303.85, 100, 74232, 73
2026/07/29 04:26:24.089, 286.07, 100, 74232, 72
2026/07/29 04:26:25.126, 287.81, 100, 74232, 72
2026/07/29 04:26:26.166, 292.01, 100, 74232, 72
2026/07/29 04:26:27.204, 284.39, 100, 74232, 74
2026/07/29 04:26:28.238, 292.79, 100, 74232, 74
2026/07/29 04:26:29.272, 298.32, 100, 74232, 74
2026/07/29 04:26:30.308, 306.85, 100, 74232, 74
2026/07/29 04:26:31.344, 310.57, 100, 74232, 74
2026/07/29 04:26:32.383, 313.14, 100, 74232, 74
2026/07/29 04:26:33.417, 302.91, 100, 74232, 73
2026/07/29 04:26:34.455, 303.28, 100, 74232, 73
2026/07/29 04:26:35.493, 304.12, 100, 74232, 73
2026/07/29 04:26:36.529, 304.16, 100, 74232, 73
2026/07/29 04:26:37.568, 304.35, 100, 74232, 73
2026/07/29 04:26:38.604, 293.28, 100, 74232, 73
2026/07/29 04:26:39.641, 299.98, 100, 74232, 73
2026/07/29 04:26:40.677, 296.75, 100, 74232, 75
2026/07/29 04:26:41.712, 302.28, 100, 74232, 75
2026/07/29 04:26:42.747, 298.33, 100, 74232, 75
2026/07/29 04:26:43.781, 300.94, 100, 74232, 75
2026/07/29 04:26:44.821, 290.17, 100, 74232, 75
2026/07/29 04:26:45.856, 316.50, 100, 74232, 75
2026/07/29 04:26:46.889, 304.75, 100, 74232, 73
2026/07/29 04:26:47.930, 304.25, 100, 74232, 73
2026/07/29 04:26:48.967, 303.29, 100, 74232, 73
2026/07/29 04:26:50.004, 293.37, 100, 74232, 73
2026/07/29 04:26:51.042, 298.21, 100, 74232, 73
2026/07/29 04:26:52.078, 298.42, 100, 74232, 73
2026/07/29 04:26:53.115, 290.05, 100, 74232, 73
2026/07/29 04:26:54.153, 287.04, 100, 74232, 73
2026/07/29 04:26:55.191, 288.70, 100, 74232, 74
2026/07/29 04:26:56.228, 290.25, 100, 74232, 74
2026/07/29 04:26:57.266, 287.02, 100, 74232, 75
2026/07/29 04:26:58.301, 302.41, 100, 74232, 75
2026/07/29 04:26:59.335, 295.77, 100, 74232, 76
2026/07/29 04:27:00.371, 310.32, 100, 74232, 76
2026/07/29 04:27:01.405, 290.23, 100, 74232, 75
2026/07/29 04:27:02.439, 287.46, 100, 74232, 75
2026/07/29 04:27:03.473, 293.08, 100, 74232, 74
2026/07/29 04:27:04.519, 284.78, 100, 74232, 73
2026/07/29 04:27:05.556, 289.69, 100, 74232, 73
2026/07/29 04:27:06.593, 289.10, 100, 74232, 74
2026/07/29 04:27:07.631, 294.82, 100, 74232, 74
2026/07/29 04:27:08.667, 293.85, 100, 74232, 74
2026/07/29 04:27:09.706, 297.75, 100, 74232, 74
2026/07/29 04:27:10.743, 297.47, 100, 74232, 74
2026/07/29 04:27:11.780, 299.21, 100, 74232, 74
2026/07/29 04:27:12.817, 301.14, 100, 74232, 76
2026/07/29 04:27:13.851, 305.59, 100, 74232, 76
2026/07/29 04:27:14.885, 309.72, 100, 74232, 76
2026/07/29 04:27:15.920, 298.69, 100, 74232, 75
2026/07/29 04:27:16.953, 309.79, 100, 74232, 76
2026/07/29 04:27:17.989, 298.40, 100, 74232, 76
2026/07/29 04:27:19.025, 305.72, 100, 74232, 74
2026/07/29 04:27:20.063, 305.24, 100, 74232, 74
2026/07/29 04:27:21.100, 304.49, 100, 74232, 74
2026/07/29 04:27:22.138, 305.69, 100, 74232, 74
2026/07/29 04:27:23.176, 303.59, 100, 74232, 74
2026/07/29 04:27:24.212, 304.71, 100, 74232, 74
2026/07/29 04:27:25.250, 304.37, 100, 74232, 74
2026/07/29 04:27:26.288, 304.17, 100, 74232, 74
2026/07/29 04:27:27.326, 304.17, 100, 74232, 74
2026/07/29 04:27:28.362, 304.18, 100, 74232, 74
2026/07/29 04:27:29.400, 300.55, 100, 74232, 75
2026/07/29 04:27:30.434, 298.50, 100, 74232, 76
2026/07/29 04:27:31.468, 304.64, 100, 74232, 76
2026/07/29 04:27:32.503, 305.33, 100, 74232, 75
2026/07/29 04:27:33.539, 301.81, 100, 74232, 75
2026/07/29 04:27:34.574, 298.54, 100, 74232, 75
2026/07/29 04:27:35.611, 303.79, 100, 74232, 74
2026/07/29 04:27:36.650, 304.25, 100, 74232, 74
2026/07/29 04:27:37.687, 304.75, 100, 74232, 74
2026/07/29 04:27:38.728, 293.15, 100, 74232, 75
2026/07/29 04:27:39.764, 297.39, 100, 74232, 75
2026/07/29 04:27:40.799, 291.14, 100, 74232, 76
2026/07/29 04:27:41.845, 296.87, 100, 74232, 76
2026/07/29 04:27:42.880, 279.87, 100, 74232, 76
2026/07/29 04:27:43.916, 263.55, 100, 74232, 75
2026/07/29 04:27:44.954, 304.27, 100, 74232, 74
2026/07/29 04:27:45.992, 303.67, 100, 74232, 74
2026/07/29 04:27:47.029, 304.27, 100, 74232, 74
2026/07/29 04:27:48.066, 297.36, 100, 74232, 76
2026/07/29 04:27:49.101, 301.33, 100, 74232, 76
2026/07/29 04:27:50.138, 307.75, 100, 74232, 76
2026/07/29 04:27:51.173, 297.74, 100, 74232, 76
2026/07/29 04:27:52.208, 292.00, 100, 74232, 76
2026/07/29 04:27:53.244, 298.02, 100, 74232, 76
2026/07/29 04:27:54.287, 263.31, 100, 74232, 75
2026/07/29 04:27:55.321, 289.95, 100, 74232, 74
2026/07/29 04:27:56.360, 295.91, 100, 74232, 74
2026/07/29 04:27:57.398, 287.23, 100, 74232, 74
2026/07/29 04:27:58.436, 290.06, 100, 74232, 74
2026/07/29 04:27:59.473, 298.71, 100, 74232, 74
2026/07/29 04:28:00.510, 289.67, 100, 74232, 74
2026/07/29 04:28:01.548, 103.83, 41, 74232, 72
2026/07/29 04:28:02.581, 295.47, 100, 74232, 76
2026/07/29 04:28:03.615, 294.36, 100, 74232, 76
2026/07/29 04:28:04.650, 274.56, 100, 74232, 76
2026/07/29 04:28:05.690, 271.68, 100, 74232, 76
2026/07/29 04:28:06.726, 281.42, 100, 74232, 76
2026/07/29 04:28:07.761, 281.78, 100, 74232, 76
2026/07/29 04:28:08.797, 291.75, 100, 74232, 75
2026/07/29 04:28:09.839, 278.30, 100, 74232, 74
2026/07/29 04:28:10.877, 286.26, 100, 74232, 74
2026/07/29 04:28:11.915, 289.96, 100, 74232, 74
2026/07/29 04:28:12.954, 291.13, 100, 74232, 74
2026/07/29 04:28:13.995, 297.16, 100, 74232, 74
2026/07/29 04:28:15.033, 293.47, 25, 74232, 75
2026/07/29 04:28:16.067, 298.36, 100, 74232, 76
2026/07/29 04:28:17.105, 303.85, 100, 74232, 76
2026/07/29 04:28:18.140, 299.38, 100, 74232, 76
2026/07/29 04:28:19.175, 298.41, 100, 74232, 76
2026/07/29 04:28:20.214, 274.64, 100, 74232, 76
2026/07/29 04:28:21.249, 306.77, 100, 74232, 76
2026/07/29 04:28:22.285, 304.35, 100, 74232, 74
2026/07/29 04:28:23.322, 305.14, 100, 74232, 74
2026/07/29 04:28:24.359, 304.96, 100, 74232, 74
2026/07/29 04:28:25.397, 304.94, 100, 74232, 74
2026/07/29 04:28:26.434, 102.08, 0, 74232, 71
2026/07/29 04:28:27.527, 302.88, 100, 74232, 76
2026/07/29 04:28:28.562, 297.74, 100, 74232, 76
2026/07/29 04:28:29.601, 302.18, 100, 74232, 76
2026/07/29 04:28:30.636, 303.28, 100, 74232, 76
2026/07/29 04:28:31.672, 308.14, 100, 74232, 76
2026/07/29 04:28:32.712, 301.67, 100, 74232, 76
2026/07/29 04:28:33.748, 267.04, 100, 74232, 74
2026/07/29 04:28:34.786, 289.28, 100, 74232, 74
2026/07/29 04:28:35.824, 290.03, 100, 74232, 74
2026/07/29 04:28:36.862, 290.25, 100, 74232, 74
2026/07/29 04:28:37.899, 297.26, 100, 74232, 74
2026/07/29 04:28:38.937, 303.99, 100, 74232, 74
2026/07/29 04:28:39.975, 297.85, 100, 74232, 74
2026/07/29 04:28:41.012, 304.49, 100, 74232, 74
2026/07/29 04:28:42.049, 297.25, 100, 74232, 74
2026/07/29 04:28:43.086, 297.56, 100, 74232, 74
2026/07/29 04:28:44.125, 304.37, 100, 74232, 74
2026/07/29 04:28:45.164, 102.76, 0, 74232, 71
2026/07/29 04:28:46.248, 100.22, 0, 74232, 70
2026/07/29 04:28:47.280, 99.35, 0, 74232, 70
2026/07/29 04:28:48.311, 98.44, 0, 74232, 69
2026/07/29 04:28:49.344, 97.69, 0, 74232, 68
2026/07/29 04:28:50.377, 97.17, 0, 74232, 68
2026/07/29 04:28:51.410, 95.19, 0, 74232, 67
2026/07/29 04:28:52.443, 95.66, 0, 74232, 67
2026/07/29 04:28:53.475, 94.08, 0, 74232, 67
2026/07/29 04:28:54.506, 94.68, 0, 74232, 66
2026/07/29 04:28:55.538, 93.93, 0, 74232, 66
2026/07/29 04:28:56.570, 92.54, 0, 74232, 65
2026/07/29 04:28:57.602, 92.89, 0, 74232, 65
2026/07/29 04:28:58.634, 92.55, 0, 74232, 65
2026/07/29 04:28:59.666, 91.27, 0, 74232, 64
2026/07/29 04:29:00.697, 90.87, 0, 74232, 64
2026/07/29 04:29:01.728, 91.27, 0, 74232, 64
2026/07/29 04:29:02.759, 90.19, 0, 74232, 63
2026/07/29 04:29:03.789, 89.39, 0, 74232, 63
2026/07/29 04:29:04.821, 89.73, 0, 74232, 63
2026/07/29 04:29:05.854, 89.30, 0, 74232, 62
2026/07/29 04:29:07.844, 88.58, 0, 74232, 62
2026/07/29 04:29:08.874, 88.50, 0, 74232, 62
2026/07/29 04:29:09.904, 87.97, 0, 74232, 61
2026/07/29 04:29:10.936, 87.73, 0, 74232, 61
2026/07/29 04:29:11.968, 87.42, 0, 74232, 61
2026/07/29 04:29:12.998, 87.14, 0, 74232, 61
2026/07/29 04:29:14.030, 86.86, 0, 74232, 60
2026/07/29 04:29:15.062, 86.30, 0, 74232, 60
2026/07/29 04:29:16.093, 86.44, 0, 74232, 60
2026/07/29 04:29:17.124, 86.13, 0, 74232, 60
2026/07/29 04:29:18.157, 85.81, 0, 74232, 59
2026/07/29 04:29:19.188, 85.66, 0, 74232, 59
2026/07/29 04:29:20.218, 86.94, 0, 74232, 59
2026/07/29 04:29:21.253, 85.32, 0, 74232, 59
2026/07/29 04:29:22.286, 84.97, 0, 74232, 58
2026/07/29 04:29:23.318, 84.15, 0, 74232, 58
2026/07/29 04:29:24.349, 83.92, 0, 74232, 58
2026/07/29 04:29:25.381, 83.77, 0, 74232, 58
2026/07/29 04:29:26.412, 83.46, 0, 74232, 58
2026/07/29 04:29:27.443, 83.36, 0, 74232, 57
2026/07/29 04:29:28.473, 83.31, 0, 74232, 57
2026/07/29 04:29:29.504, 83.02, 0, 74232, 57
2026/07/29 04:29:30.535, 82.87, 0, 74232, 57
2026/07/29 04:29:31.565, 82.39, 0, 74232, 57
2026/07/29 04:29:32.595, 82.33, 0, 74232, 56
2026/07/29 04:29:33.628, 82.39, 0, 74232, 56
2026/07/29 04:29:34.659, 82.12, 0, 74232, 56
2026/07/29 04:29:35.689, 82.12, 0, 74232, 56
2026/07/29 04:29:36.719, 81.72, 0, 74232, 56
2026/07/29 04:29:37.749, 81.55, 0, 74232, 56
2026/07/29 04:29:38.779, 81.45, 0, 74232, 55
2026/07/29 04:29:39.809, 81.43, 0, 74232, 55
2026/07/29 04:29:40.842, 81.18, 0, 74232, 55
2026/07/29 04:29:41.872, 80.80, 0, 74232, 55
2026/07/29 04:29:42.903, 81.04, 0, 74232, 55
2026/07/29 04:29:43.935, 80.46, 0, 74232, 55
2026/07/29 04:29:44.965, 80.43, 0, 74232, 54
2026/07/29 04:29:45.997, 80.31, 0, 74232, 54
2026/07/29 04:29:47.028, 80.32, 0, 74232, 54
2026/07/29 04:29:48.059, 80.14, 0, 74232, 54
2026/07/29 04:29:49.089, 79.83, 0, 74232, 54
2026/07/29 04:29:50.368, 79.78, 0, 74232, 53
2026/07/29 04:29:51.398, 79.57, 0, 74232, 53
2026/07/29 04:29:52.430, 79.48, 0, 74232, 53
2026/07/29 04:29:53.459, 79.57, 0, 74232, 53
2026/07/29 04:29:54.489, 77.63, 0, 74232, 53
2026/07/29 04:29:55.521, 78.29, 0, 74232, 53
2026/07/29 04:29:56.553, 77.44, 0, 74232, 53
2026/07/29 04:29:57.583, 78.28, 0, 74232, 52
2026/07/29 04:29:58.616, 77.44, 0, 74232, 52
2026/07/29 04:29:59.648, 77.19, 0, 74232, 52
2026/07/29 04:30:00.678, 76.89, 0, 74232, 52
2026/07/29 04:30:01.709, 76.79, 0, 74232, 52
2026/07/29 04:30:02.740, 76.90, 0, 74232, 52
2026/07/29 04:30:03.772, 76.91, 0, 74232, 52
2026/07/29 04:30:04.803, 76.70, 0, 74232, 51
2026/07/29 04:30:05.833, 76.79, 0, 74232, 51
2026/07/29 04:30:06.866, 76.41, 0, 74232, 51
2026/07/29 04:30:08.321, 291.63, 16, 74232, 56
2026/07/29 04:30:09.355, 294.41, 100, 74232, 57
2026/07/29 04:30:10.394, 306.77, 100, 74232, 58
2026/07/29 04:30:11.428, 282.51, 100, 74232, 58
2026/07/29 04:30:12.462, 285.38, 100, 74232, 59
2026/07/29 04:30:13.498, 299.27, 100, 74232, 57
2026/07/29 04:30:14.534, 299.31, 100, 74232, 58
2026/07/29 04:30:15.571, 292.28, 100, 74232, 58
2026/07/29 04:30:16.607, 296.17, 100, 74232, 58
2026/07/29 04:30:17.644, 301.81, 100, 74232, 59
2026/07/29 04:30:18.681, 298.11, 100, 74232, 59
2026/07/29 04:30:19.720, 293.27, 100, 74232, 61
2026/07/29 04:30:20.755, 310.86, 100, 74232, 62
2026/07/29 04:30:21.791, 285.77, 100, 74232, 62
2026/07/29 04:30:22.828, 299.45, 100, 74232, 62
2026/07/29 04:30:23.862, 265.42, 100, 74232, 62
2026/07/29 04:30:24.897, 288.18, 100, 74232, 61
2026/07/29 04:30:25.934, 286.64, 100, 74232, 61
2026/07/29 04:30:26.970, 290.52, 100, 74232, 62
2026/07/29 04:30:28.007, 287.63, 100, 74232, 62
2026/07/29 04:30:29.044, 290.33, 100, 74232, 64
2026/07/29 04:30:30.080, 303.02, 100, 74232, 64
2026/07/29 04:30:31.115, 297.38, 100, 74232, 65
2026/07/29 04:30:32.149, 301.29, 100, 74232, 65
2026/07/29 04:30:33.187, 286.04, 100, 74232, 65
2026/07/29 04:30:34.220, 298.89, 100, 74232, 63
2026/07/29 04:30:35.257, 289.74, 100, 74232, 64
2026/07/29 04:30:36.293, 290.73, 100, 74232, 64
2026/07/29 04:30:37.330, 287.81, 100, 74232, 66
2026/07/29 04:30:38.366, 300.26, 100, 74232, 66
2026/07/29 04:30:39.399, 292.39, 100, 74232, 67
2026/07/29 04:30:40.434, 296.25, 100, 74232, 67
2026/07/29 04:30:41.470, 252.69, 100, 74232, 65
2026/07/29 04:30:42.507, 290.24, 100, 74232, 65
2026/07/29 04:30:43.543, 289.45, 100, 74232, 65
2026/07/29 04:30:44.582, 289.76, 100, 74232, 66
2026/07/29 04:30:45.619, 299.61, 100, 74232, 66
2026/07/29 04:30:46.655, 300.76, 100, 74232, 66
2026/07/29 04:30:47.691, 301.31, 100, 74232, 66
2026/07/29 04:30:48.727, 300.66, 100, 74232, 67
2026/07/29 04:30:49.764, 301.23, 100, 74232, 67
2026/07/29 04:30:50.801, 294.82, 100, 74232, 67
2026/07/29 04:30:51.842, 294.33, 100, 74232, 67
2026/07/29 04:30:52.879, 300.66, 100, 74232, 67
2026/07/29 04:30:53.916, 300.84, 100, 74232, 69
2026/07/29 04:30:54.951, 300.74, 100, 74232, 70
2026/07/29 04:30:55.990, 295.01, 100, 74232, 70
2026/07/29 04:30:57.024, 298.58, 100, 74232, 70
2026/07/29 04:30:58.058, 283.88, 100, 74232, 70
2026/07/29 04:30:59.095, 260.79, 100, 74232, 68
2026/07/29 04:31:00.133, 292.19, 100, 74232, 68
2026/07/29 04:31:01.175, 294.82, 100, 74232, 68
2026/07/29 04:31:02.215, 268.23, 100, 74232, 70
2026/07/29 04:31:03.250, 307.41, 100, 74232, 71
2026/07/29 04:31:04.284, 291.23, 100, 74232, 71
2026/07/29 04:31:05.317, 299.58, 100, 74232, 71
2026/07/29 04:31:06.351, 300.70, 100, 74232, 71
2026/07/29 04:31:07.385, 268.23, 100, 74232, 71
2026/07/29 04:31:08.421, 279.91, 100, 74232, 69
2026/07/29 04:31:09.458, 283.93, 100, 74232, 69
2026/07/29 04:31:10.502, 290.84, 100, 74232, 70
2026/07/29 04:31:11.539, 290.63, 100, 74232, 70
2026/07/29 04:31:12.575, 291.90, 100, 74232, 70
2026/07/29 04:31:13.612, 291.90, 100, 74232, 70
2026/07/29 04:31:14.648, 298.90, 100, 74232, 70
2026/07/29 04:31:15.684, 295.91, 100, 74232, 70
2026/07/29 04:31:16.720, 296.78, 100, 74232, 71
2026/07/29 04:31:17.758, 295.70, 100, 74232, 72
2026/07/29 04:31:18.793, 308.17, 100, 74232, 73
2026/07/29 04:31:19.827, 310.18, 100, 74232, 72
2026/07/29 04:31:20.866, 272.00, 100, 74232, 73
2026/07/29 04:31:21.903, 283.26, 100, 74232, 73
2026/07/29 04:31:22.939, 297.43, 100, 74232, 71
2026/07/29 04:31:23.976, 293.26, 100, 74232, 71
2026/07/29 04:31:25.014, 292.60, 100, 74232, 71
2026/07/29 04:31:26.051, 299.40, 100, 74232, 71
2026/07/29 04:31:27.087, 296.97, 100, 74232, 71
2026/07/29 04:31:28.124, 301.26, 100, 74232, 71
2026/07/29 04:31:29.161, 300.55, 100, 74232, 71
2026/07/29 04:31:30.198, 300.10, 100, 74232, 71
2026/07/29 04:31:31.236, 294.25, 100, 74232, 73
2026/07/29 04:31:32.274, 297.07, 100, 74232, 73
2026/07/29 04:31:33.309, 303.06, 100, 74232, 74
2026/07/29 04:31:34.345, 300.27, 100, 74232, 74
2026/07/29 04:31:35.383, 290.16, 100, 74232, 73
2026/07/29 04:31:36.418, 301.42, 100, 74232, 72
2026/07/29 04:31:37.455, 299.31, 100, 74232, 72
2026/07/29 04:31:38.494, 294.62, 100, 74232, 72
2026/07/29 04:31:39.537, 277.89, 100, 74232, 73
2026/07/29 04:31:40.573, 308.82, 100, 74232, 74
2026/07/29 04:31:41.609, 305.72, 100, 74232, 74
2026/07/29 04:31:42.644, 302.40, 100, 74232, 74
2026/07/29 04:31:43.680, 297.98, 100, 74232, 74
2026/07/29 04:31:44.716, 305.08, 100, 74232, 74
2026/07/29 04:31:45.753, 303.14, 100, 74232, 72
2026/07/29 04:31:46.791, 302.85, 100, 74232, 72
2026/07/29 04:31:47.828, 303.47, 100, 74232, 73
2026/07/29 04:31:48.866, 304.63, 100, 74232, 73
2026/07/29 04:31:49.902, 303.87, 100, 74232, 73
2026/07/29 04:31:50.939, 303.44, 100, 74232, 73
2026/07/29 04:31:51.977, 305.00, 100, 74232, 73
2026/07/29 04:31:53.014, 296.38, 100, 74232, 73
2026/07/29 04:31:54.052, 295.40, 100, 74232, 73
2026/07/29 04:31:55.088, 296.48, 100, 74232, 73
2026/07/29 04:31:56.125, 296.49, 100, 74232, 73
2026/07/29 04:31:57.162, 296.47, 100, 74232, 73
2026/07/29 04:31:58.199, 296.74, 100, 74232, 73
2026/07/29 04:31:59.236, 296.38, 100, 74232, 73
2026/07/29 04:32:00.274, 296.76, 100, 74232, 73
2026/07/29 04:32:01.311, 296.66, 100, 74232, 73
2026/07/29 04:32:02.347, 294.71, 100, 74232, 73
2026/07/29 04:32:03.383, 294.43, 100, 74232, 73
2026/07/29 04:32:04.422, 299.26, 100, 74232, 75
2026/07/29 04:32:05.458, 286.70, 100, 74232, 75
2026/07/29 04:32:06.495, 269.31, 100, 74232, 75
2026/07/29 04:32:07.530, 289.67, 100, 74232, 74
2026/07/29 04:32:08.565, 299.18, 100, 74232, 75
2026/07/29 04:32:09.604, 297.56, 100, 74232, 73
2026/07/29 04:32:10.643, 288.31, 100, 74232, 73
2026/07/29 04:32:11.681, 296.08, 100, 74232, 73
2026/07/29 04:32:12.718, 299.09, 100, 74232, 73
2026/07/29 04:32:13.760, 298.11, 100, 74232, 73
2026/07/29 04:32:14.795, 304.97, 100, 74232, 73
2026/07/29 04:32:15.830, 301.42, 100, 74232, 73
2026/07/29 04:32:16.867, 304.82, 100, 74232, 73
2026/07/29 04:32:17.903, 303.85, 100, 74232, 73
2026/07/29 04:32:18.940, 304.27, 100, 74232, 73
2026/07/29 04:32:19.976, 304.39, 100, 74232, 73
2026/07/29 04:32:21.013, 304.91, 100, 74232, 73
2026/07/29 04:32:22.051, 303.66, 100, 74232, 73
2026/07/29 04:32:23.090, 293.95, 100, 74232, 75
2026/07/29 04:32:24.126, 293.01, 100, 74232, 75
2026/07/29 04:32:25.161, 295.61, 100, 74232, 75
2026/07/29 04:32:26.196, 309.21, 100, 74232, 75
2026/07/29 04:32:27.229, 265.59, 100, 74232, 75
2026/07/29 04:32:28.264, 296.36, 100, 74232, 75
2026/07/29 04:32:29.299, 303.62, 100, 74232, 73
2026/07/29 04:32:30.338, 304.91, 100, 74232, 73
2026/07/29 04:32:31.375, 304.14, 100, 74232, 73
2026/07/29 04:32:32.415, 298.18, 100, 74232, 75
2026/07/29 04:32:33.452, 292.87, 100, 74232, 75
2026/07/29 04:32:34.488, 297.07, 100, 74232, 75
2026/07/29 04:32:35.524, 301.71, 100, 74232, 75
2026/07/29 04:32:36.561, 313.22, 100, 74232, 75
2026/07/29 04:32:37.599, 306.35, 100, 74232, 75
2026/07/29 04:32:38.633, 299.96, 100, 74232, 73
2026/07/29 04:32:39.670, 305.20, 100, 74232, 73
2026/07/29 04:32:40.708, 306.27, 100, 74232, 74
2026/07/29 04:32:41.744, 305.40, 100, 74232, 74
2026/07/29 04:32:42.781, 305.20, 100, 74232, 74
2026/07/29 04:32:43.818, 304.63, 100, 74232, 74
2026/07/29 04:32:44.856, 305.59, 100, 74232, 74
2026/07/29 04:32:45.895, 306.76, 100, 74232, 74
2026/07/29 04:32:46.931, 305.31, 100, 74232, 74
2026/07/29 04:32:47.978, 304.42, 100, 74232, 74
2026/07/29 04:32:49.023, 306.65, 100, 74232, 74
2026/07/29 04:32:50.061, 297.83, 100, 74232, 74
2026/07/29 04:32:51.098, 297.33, 100, 74232, 74
2026/07/29 04:32:52.137, 299.96, 100, 74232, 74
2026/07/29 04:32:53.177, 298.32, 100, 74232, 74
2026/07/29 04:32:54.214, 303.56, 100, 74232, 74
2026/07/29 04:32:55.253, 293.45, 100, 74232, 75
2026/07/29 04:32:56.288, 296.85, 100, 74232, 75
2026/07/29 04:32:57.323, 297.99, 100, 74232, 75
2026/07/29 04:32:58.358, 321.20, 100, 74232, 75
2026/07/29 04:32:59.392, 296.38, 100, 74232, 75
2026/07/29 04:33:00.426, 314.55, 100, 74232, 76
2026/07/29 04:33:01.462, 305.01, 100, 74232, 74
2026/07/29 04:33:02.501, 304.92, 100, 74232, 74
2026/07/29 04:33:03.539, 305.77, 100, 74232, 74
2026/07/29 04:33:04.576, 305.74, 100, 74232, 74
2026/07/29 04:33:05.614, 305.93, 100, 74232, 74
2026/07/29 04:33:06.651, 306.37, 100, 74232, 74
2026/07/29 04:33:07.688, 305.89, 100, 74232, 74
2026/07/29 04:33:08.725, 305.69, 100, 74232, 74
2026/07/29 04:33:09.762, 301.89, 100, 74232, 74
2026/07/29 04:33:10.799, 304.61, 100, 74232, 74
2026/07/29 04:33:11.837, 312.55, 100, 74232, 75
2026/07/29 04:33:12.874, 296.21, 100, 74232, 76
2026/07/29 04:33:13.909, 298.78, 100, 74232, 75
2026/07/29 04:33:14.947, 300.07, 100, 74232, 75
2026/07/29 04:33:15.982, 316.98, 100, 74232, 75
2026/07/29 04:33:17.018, 264.88, 100, 74232, 75
2026/07/29 04:33:18.053, 301.12, 100, 74232, 73
2026/07/29 04:33:19.089, 303.94, 100, 74232, 73
2026/07/29 04:33:20.128, 300.45, 100, 74232, 73
2026/07/29 04:33:21.166, 304.00, 100, 74232, 73
2026/07/29 04:33:22.203, 306.56, 100, 74232, 74
2026/07/29 04:33:23.240, 306.31, 100, 74232, 74
2026/07/29 04:33:24.277, 304.34, 100, 74232, 74
2026/07/29 04:33:25.314, 304.59, 100, 74232, 74
2026/07/29 04:33:26.351, 304.73, 100, 74232, 74
2026/07/29 04:33:27.388, 298.70, 100, 74232, 74
2026/07/29 04:33:28.425, 305.98, 100, 74232, 74
2026/07/29 04:33:29.462, 305.59, 100, 74232, 74
2026/07/29 04:33:30.499, 301.11, 100, 74232, 74
2026/07/29 04:33:31.538, 305.86, 100, 74232, 74
2026/07/29 04:33:32.574, 306.48, 100, 74232, 74
2026/07/29 04:33:33.610, 302.87, 100, 74232, 74
2026/07/29 04:33:34.648, 285.36, 100, 74232, 75
2026/07/29 04:33:35.685, 300.91, 100, 74232, 75
2026/07/29 04:33:36.719, 311.07, 100, 74232, 75
2026/07/29 04:33:37.754, 284.12, 100, 74232, 75
2026/07/29 04:33:38.790, 293.15, 100, 74232, 75
2026/07/29 04:33:39.824, 313.15, 100, 74232, 75
2026/07/29 04:33:40.858, 280.77, 100, 74232, 75
2026/07/29 04:33:41.894, 302.19, 100, 74232, 73
2026/07/29 04:33:42.932, 299.74, 100, 74232, 73
2026/07/29 04:33:43.971, 297.24, 100, 74232, 73
2026/07/29 04:33:45.007, 292.30, 100, 74232, 73
2026/07/29 04:33:46.046, 291.02, 100, 74232, 73
2026/07/29 04:33:47.083, 302.47, 100, 74232, 75
2026/07/29 04:33:48.122, 300.74, 100, 74232, 75
2026/07/29 04:33:49.158, 293.95, 100, 74232, 75
2026/07/29 04:33:50.201, 274.56, 100, 74232, 75
2026/07/29 04:33:51.235, 308.40, 100, 74232, 75
2026/07/29 04:33:52.270, 308.33, 100, 74232, 75
2026/07/29 04:33:53.305, 305.20, 100, 74232, 74
2026/07/29 04:33:54.341, 304.01, 100, 74232, 73
2026/07/29 04:33:55.377, 302.31, 100, 74232, 73
2026/07/29 04:33:56.414, 302.61, 100, 74232, 74
2026/07/29 04:33:57.451, 302.77, 100, 74232, 74
2026/07/29 04:33:58.489, 293.64, 100, 74232, 75
2026/07/29 04:33:59.524, 295.78, 100, 74232, 75
2026/07/29 04:34:00.558, 303.54, 100, 74232, 75
2026/07/29 04:34:01.592, 302.50, 100, 74232, 75
2026/07/29 04:34:02.626, 276.44, 100, 74232, 75
2026/07/29 04:34:03.663, 263.16, 100, 74232, 75
2026/07/29 04:34:04.697, 301.69, 100, 74232, 74
2026/07/29 04:34:05.735, 293.37, 100, 74232, 73
2026/07/29 04:34:06.775, 296.37, 100, 74232, 73
2026/07/29 04:34:07.814, 304.35, 100, 74232, 73
2026/07/29 04:34:08.850, 301.91, 100, 74232, 74
2026/07/29 04:34:09.889, 303.92, 100, 74232, 74
2026/07/29 04:34:10.926, 303.64, 100, 74232, 74
2026/07/29 04:34:11.963, 302.81, 100, 74232, 75
2026/07/29 04:34:12.998, 287.72, 100, 74232, 75
2026/07/29 04:34:14.036, 302.89, 100, 74232, 75
2026/07/29 04:34:15.073, 310.97, 100, 74232, 75
2026/07/29 04:34:16.115, 307.75, 100, 74232, 75
2026/07/29 04:34:17.150, 289.33, 100, 74232, 75
2026/07/29 04:34:18.186, 271.55, 100, 74232, 75
2026/07/29 04:34:19.224, 286.38, 100, 74232, 73
2026/07/29 04:34:20.261, 291.42, 100, 74232, 73
2026/07/29 04:34:21.297, 291.51, 100, 74232, 73
2026/07/29 04:34:22.336, 361.88, 100, 74232, 75
2026/07/29 04:34:23.373, 299.49, 100, 74232, 75
2026/07/29 04:34:24.410, 300.85, 100, 74232, 75
2026/07/29 04:34:25.449, 309.01, 100, 74232, 75
2026/07/29 04:34:26.487, 295.66, 100, 74232, 75
2026/07/29 04:34:27.524, 281.58, 100, 74232, 75
2026/07/29 04:34:28.565, 314.87, 100, 74232, 76
2026/07/29 04:34:29.600, 308.81, 100, 74232, 74
2026/07/29 04:34:30.639, 302.40, 100, 74232, 74
2026/07/29 04:34:31.677, 300.03, 100, 74232, 74
2026/07/29 04:34:32.715, 302.67, 100, 74232, 74
2026/07/29 04:34:33.752, 304.05, 100, 74232, 74
2026/07/29 04:34:34.790, 301.57, 100, 74232, 76
2026/07/29 04:34:35.824, 285.25, 100, 74232, 76
2026/07/29 04:34:36.863, 301.79, 100, 74232, 76
2026/07/29 04:34:37.898, 301.77, 100, 74232, 76
2026/07/29 04:34:38.934, 274.68, 100, 74232, 76
2026/07/29 04:34:39.968, 318.54, 100, 74232, 76
2026/07/29 04:34:41.011, 296.47, 100, 74232, 74
2026/07/29 04:34:42.050, 289.87, 100, 74232, 74
2026/07/29 04:34:43.092, 291.03, 100, 74232, 74
2026/07/29 04:34:44.131, 291.70, 100, 74232, 74
2026/07/29 04:34:45.169, 298.41, 100, 74232, 74
2026/07/29 04:34:46.210, 299.33, 100, 74232, 76
2026/07/29 04:34:47.245, 295.27, 100, 74232, 76
2026/07/29 04:34:48.281, 300.44, 100, 74232, 76
2026/07/29 04:34:49.317, 310.73, 100, 74232, 76
2026/07/29 04:34:50.352, 272.50, 100, 74232, 76
2026/07/29 04:34:51.388, 308.08, 100, 74232, 76
2026/07/29 04:34:52.426, 286.94, 100, 74232, 76
2026/07/29 04:34:53.463, 306.25, 100, 74232, 74
2026/07/29 04:34:54.502, 306.26, 100, 74232, 74
2026/07/29 04:34:55.540, 298.91, 100, 74232, 74
2026/07/29 04:34:56.580, 299.27, 100, 74232, 74
2026/07/29 04:34:57.618, 298.51, 100, 74232, 74
2026/07/29 04:34:58.656, 299.28, 100, 74232, 74
2026/07/29 04:34:59.694, 298.91, 100, 74232, 74
2026/07/29 04:35:00.731, 299.29, 100, 74232, 74
2026/07/29 04:35:01.769, 292.48, 100, 74232, 76
2026/07/29 04:35:02.805, 294.91, 100, 74232, 76
2026/07/29 04:35:03.840, 288.20, 100, 74232, 76
2026/07/29 04:35:04.876, 283.05, 100, 74232, 76
2026/07/29 04:35:05.917, 282.59, 100, 74232, 76
2026/07/29 04:35:06.953, 310.84, 100, 74232, 76
2026/07/29 04:35:07.989, 312.79, 100, 74232, 76
2026/07/29 04:35:09.025, 265.83, 100, 74232, 74
2026/07/29 04:35:10.064, 291.60, 100, 74232, 74
2026/07/29 04:35:11.105, 291.61, 100, 74232, 74
2026/07/29 04:35:12.144, 295.20, 100, 74232, 74
2026/07/29 04:35:13.184, 287.06, 100, 74232, 75
2026/07/29 04:35:14.224, 302.50, 100, 74232, 74
2026/07/29 04:35:15.263, 301.61, 100, 74232, 74
2026/07/29 04:35:16.300, 305.01, 100, 74232, 74
2026/07/29 04:35:17.338, 300.61, 100, 74232, 74
2026/07/29 04:35:18.376, 306.55, 100, 74232, 74
2026/07/29 04:35:19.415, 301.52, 100, 74232, 74
2026/07/29 04:35:20.454, 303.79, 100, 74232, 74
2026/07/29 04:35:21.491, 307.15, 100, 74232, 74
2026/07/29 04:35:22.529, 306.16, 100, 74232, 74
2026/07/29 04:35:23.567, 304.90, 100, 74232, 74
2026/07/29 04:35:24.605, 302.34, 100, 74232, 74
2026/07/29 04:35:25.643, 298.90, 100, 74232, 74
2026/07/29 04:35:26.687, 305.27, 100, 74232, 74
2026/07/29 04:35:27.726, 293.83, 100, 74232, 74
2026/07/29 04:35:28.765, 298.02, 100, 74232, 74
2026/07/29 04:35:29.805, 297.53, 100, 74232, 74
2026/07/29 04:35:30.843, 296.74, 100, 74232, 74
2026/07/29 04:35:31.880, 297.34, 100, 74232, 74
2026/07/29 04:35:32.918, 301.29, 100, 74232, 74
2026/07/29 04:35:33.958, 304.62, 100, 74232, 74
2026/07/29 04:35:34.996, 305.01, 100, 74232, 74
2026/07/29 04:35:36.034, 303.45, 100, 74232, 74
2026/07/29 04:35:37.075, 297.24, 100, 74232, 74
2026/07/29 04:35:38.112, 294.50, 100, 74232, 74
2026/07/29 04:35:39.149, 297.04, 100, 74232, 73
2026/07/29 04:35:40.188, 299.59, 100, 74232, 73
2026/07/29 04:35:41.225, 297.91, 100, 74232, 73
2026/07/29 04:35:42.265, 297.33, 100, 74232, 73
2026/07/29 04:35:43.303, 299.29, 100, 74232, 73
2026/07/29 04:35:44.342, 296.57, 100, 74232, 73
2026/07/29 04:35:45.379, 296.37, 100, 74232, 73
2026/07/29 04:35:46.415, 304.05, 100, 74232, 73
2026/07/29 04:35:47.453, 296.08, 100, 74232, 73
2026/07/29 04:35:48.489, 294.82, 100, 74232, 73
2026/07/29 04:35:49.529, 295.02, 100, 74232, 73
2026/07/29 04:35:50.567, 299.18, 100, 74232, 73
2026/07/29 04:35:51.604, 296.27, 100, 74232, 73
2026/07/29 04:35:52.642, 295.10, 100, 74232, 73
2026/07/29 04:35:53.680, 302.70, 100, 74232, 73
2026/07/29 04:35:54.719, 302.87, 100, 74232, 73
2026/07/29 04:35:55.758, 304.30, 100, 74232, 73
2026/07/29 04:35:56.794, 304.01, 100, 74232, 73
2026/07/29 04:35:57.833, 302.49, 100, 74232, 73
2026/07/29 04:35:58.873, 303.18, 100, 74232, 73
2026/07/29 04:35:59.912, 298.42, 100, 74232, 73
2026/07/29 04:36:00.951, 296.38, 100, 74232, 73
2026/07/29 04:36:01.992, 297.35, 100, 74232, 73
2026/07/29 04:36:03.028, 295.05, 100, 74232, 73
2026/07/29 04:36:04.065, 297.34, 100, 74232, 73
2026/07/29 04:36:05.103, 297.12, 100, 74232, 73
2026/07/29 04:36:06.143, 296.86, 100, 74232, 73
2026/07/29 04:36:07.181, 296.67, 100, 74232, 73
2026/07/29 04:36:08.219, 298.31, 100, 74232, 73
2026/07/29 04:36:09.256, 296.63, 100, 74232, 73
2026/07/29 04:36:10.293, 291.42, 100, 74232, 73
2026/07/29 04:36:11.331, 295.10, 100, 74232, 73
2026/07/29 04:36:12.367, 296.36, 100, 74232, 73
2026/07/29 04:36:13.407, 295.10, 100, 74232, 73
2026/07/29 04:36:14.444, 300.55, 100, 74232, 73
2026/07/29 04:36:15.482, 304.61, 100, 74232, 73
2026/07/29 04:36:16.519, 305.21, 100, 74232, 73
2026/07/29 04:36:17.555, 304.32, 100, 74232, 73
2026/07/29 04:36:18.592, 305.79, 100, 74232, 73
2026/07/29 04:36:19.629, 300.05, 100, 74232, 73
2026/07/29 04:36:20.670, 303.27, 100, 74232, 73
2026/07/29 04:36:21.708, 304.42, 100, 74232, 73
2026/07/29 04:36:22.745, 296.28, 100, 74232, 73
2026/07/29 04:36:23.781, 300.05, 100, 74232, 73
2026/07/29 04:36:24.821, 296.18, 100, 74232, 73
2026/07/29 04:36:25.858, 297.62, 100, 74232, 73
2026/07/29 04:36:26.895, 293.36, 100, 74232, 73
2026/07/29 04:36:27.937, 294.81, 100, 74232, 73
2026/07/29 04:36:28.975, 294.92, 100, 74232, 73
2026/07/29 04:36:30.011, 295.30, 100, 74232, 73
2026/07/29 04:36:31.050, 301.60, 100, 74232, 73
2026/07/29 04:36:32.087, 296.86, 100, 74232, 73
2026/07/29 04:36:33.127, 296.76, 100, 74232, 73
2026/07/29 04:36:34.162, 296.36, 100, 74232, 73
2026/07/29 04:36:35.201, 292.19, 100, 74232, 73
2026/07/29 04:36:36.238, 294.04, 100, 74232, 73
2026/07/29 04:36:37.275, 294.32, 100, 74232, 73
2026/07/29 04:36:38.313, 295.69, 100, 74232, 73
2026/07/29 04:36:39.350, 294.15, 100, 74232, 74
2026/07/29 04:36:40.385, 296.48, 100, 74232, 75
2026/07/29 04:36:41.420, 299.59, 100, 74232, 75
2026/07/29 04:36:42.457, 286.16, 100, 74232, 75
2026/07/29 04:36:43.493, 279.48, 100, 74232, 75
2026/07/29 04:36:44.527, 304.09, 100, 74232, 75
2026/07/29 04:36:45.563, 278.97, 100, 74232, 73
2026/07/29 04:36:46.601, 294.43, 100, 74232, 73
2026/07/29 04:36:47.639, 296.38, 100, 74232, 73
2026/07/29 04:36:48.675, 295.50, 100, 74232, 73
2026/07/29 04:36:49.713, 296.86, 100, 74232, 73
2026/07/29 04:36:50.751, 293.84, 100, 74232, 73
2026/07/29 04:36:51.788, 296.55, 100, 74232, 73
2026/07/29 04:36:52.826, 299.01, 100, 74232, 73
2026/07/29 04:36:53.865, 304.98, 100, 74232, 73
2026/07/29 04:36:54.901, 298.59, 100, 74232, 73
2026/07/29 04:36:55.937, 305.36, 100, 74232, 73
2026/07/29 04:36:56.975, 305.22, 100, 74232, 73
2026/07/29 04:36:58.013, 297.40, 100, 74232, 75
2026/07/29 04:36:59.049, 297.98, 100, 74232, 75
2026/07/29 04:37:00.084, 303.32, 100, 74232, 75
2026/07/29 04:37:01.118, 314.73, 100, 74232, 75
2026/07/29 04:37:02.152, 287.53, 100, 74232, 75
2026/07/29 04:37:03.189, 289.38, 100, 74232, 75
2026/07/29 04:37:04.228, 305.10, 100, 74232, 73
2026/07/29 04:37:05.265, 304.81, 100, 74232, 73
2026/07/29 04:37:06.304, 305.78, 100, 74232, 73
2026/07/29 04:37:07.340, 298.14, 100, 74232, 73
2026/07/29 04:37:08.379, 297.52, 100, 74232, 73
2026/07/29 04:37:09.416, 283.16, 100, 74232, 75
2026/07/29 04:37:10.452, 300.27, 100, 74232, 75
2026/07/29 04:37:11.488, 307.20, 100, 74232, 75
2026/07/29 04:37:12.524, 307.38, 100, 74232, 75
2026/07/29 04:37:13.561, 274.28, 100, 74232, 75
2026/07/29 04:37:14.597, 287.65, 100, 74232, 75
2026/07/29 04:37:15.640, 280.05, 100, 74232, 75
2026/07/29 04:37:16.676, 305.49, 100, 74232, 73
2026/07/29 04:37:17.714, 304.61, 100, 74232, 73
2026/07/29 04:37:18.752, 298.00, 100, 74232, 73
2026/07/29 04:37:19.790, 294.62, 100, 74232, 74
2026/07/29 04:37:20.828, 294.70, 100, 74232, 73
2026/07/29 04:37:21.866, 289.78, 100, 74232, 73
2026/07/29 04:37:22.904, 290.74, 100, 74232, 74
2026/07/29 04:37:23.942, 286.76, 100, 74232, 74
2026/07/29 04:37:24.980, 297.06, 100, 74232, 74
2026/07/29 04:37:26.018, 294.53, 100, 74232, 74
2026/07/29 04:37:27.057, 295.01, 100, 74232, 74
2026/07/29 04:37:28.097, 297.92, 100, 74232, 74
2026/07/29 04:37:29.135, 302.29, 100, 74232, 74
2026/07/29 04:37:30.176, 297.83, 100, 74232, 74
2026/07/29 04:37:31.214, 302.02, 100, 74232, 73
2026/07/29 04:37:32.251, 306.14, 100, 74232, 74
2026/07/29 04:37:33.291, 304.83, 100, 74232, 74
2026/07/29 04:37:34.329, 304.74, 100, 74232, 73
2026/07/29 04:37:35.366, 307.40, 100, 74232, 74
2026/07/29 04:37:36.404, 302.46, 100, 74232, 74
2026/07/29 04:37:37.442, 295.02, 100, 74232, 73
2026/07/29 04:37:38.482, 296.93, 100, 74232, 73
2026/07/29 04:37:39.520, 290.93, 100, 74232, 73
2026/07/29 04:37:40.558, 295.40, 100, 74232, 73
2026/07/29 04:37:41.595, 295.10, 100, 74232, 73
2026/07/29 04:37:42.634, 291.80, 100, 74232, 73
2026/07/29 04:37:43.672, 294.51, 100, 74232, 73
2026/07/29 04:37:44.709, 293.53, 100, 74232, 73
2026/07/29 04:37:45.750, 295.48, 100, 74232, 73
2026/07/29 04:37:46.788, 294.53, 100, 74232, 73
2026/07/29 04:37:47.826, 99.81, 0, 74232, 70
2026/07/29 04:37:48.859, 99.67, 0, 74232, 69
2026/07/29 04:37:49.894, 97.90, 0, 74232, 69
2026/07/29 04:37:50.926, 97.05, 0, 74232, 68
2026/07/29 04:37:51.958, 95.42, 0, 74232, 67
2026/07/29 04:37:52.990, 94.54, 0, 74232, 67
2026/07/29 04:37:54.022, 95.15, 0, 74232, 66
2026/07/29 04:37:55.053, 94.57, 0, 74232, 66
2026/07/29 04:37:56.084, 94.00, 0, 74232, 65
2026/07/29 04:37:57.116, 93.45, 0, 74232, 65
2026/07/29 04:37:58.147, 92.58, 0, 74232, 65
2026/07/29 04:37:59.177, 92.61, 0, 74232, 64
2026/07/29 04:38:00.208, 91.79, 0, 74232, 64
2026/07/29 04:38:01.240, 90.54, 0, 74232, 63
2026/07/29 04:38:02.271, 91.03, 0, 74232, 63
2026/07/29 04:38:03.301, 90.44, 0, 74232, 63
2026/07/29 04:38:04.332, 89.45, 0, 74232, 63
2026/07/29 04:38:05.364, 88.97, 0, 74232, 62
2026/07/29 04:38:06.395, 88.57, 0, 74232, 62
2026/07/29 04:38:07.426, 88.56, 0, 74232, 62
2026/07/29 04:38:08.459, 88.70, 0, 74232, 61
2026/07/29 04:38:09.491, 88.62, 0, 74232, 61
2026/07/29 04:38:10.522, 88.36, 0, 74232, 61
2026/07/29 04:38:11.554, 88.21, 0, 74232, 61
2026/07/29 04:38:12.584, 87.90, 0, 74232, 60
2026/07/29 04:38:13.614, 87.69, 0, 74232, 60
2026/07/29 04:38:14.647, 87.51, 0, 74232, 60
2026/07/29 04:38:15.680, 87.05, 0, 74232, 60
2026/07/29 04:38:16.973, 86.82, 0, 74232, 59
2026/07/29 04:38:18.005, 85.89, 0, 74232, 59
2026/07/29 04:38:19.036, 86.27, 0, 74232, 59
2026/07/29 04:38:20.067, 84.66, 0, 74232, 59
2026/07/29 04:38:21.098, 84.26, 0, 74232, 58
2026/07/29 04:38:22.130, 84.15, 0, 74232, 58
2026/07/29 04:38:23.251, 83.75, 0, 74232, 58
2026/07/29 04:38:24.282, 84.35, 0, 74232, 58
2026/07/29 04:38:25.314, 83.25, 0, 74232, 57
2026/07/29 04:38:26.345, 83.10, 0, 74232, 57
2026/07/29 04:38:27.375, 82.72, 0, 74232, 57
2026/07/29 04:38:28.429, 82.41, 0, 74232, 57
2026/07/29 04:38:29.460, 82.39, 0, 74232, 57
2026/07/29 04:38:30.491, 82.31, 0, 74232, 56
2026/07/29 04:38:31.523, 81.71, 0, 74232, 56
2026/07/29 04:38:33.098, 81.84, 0, 74232, 56
2026/07/29 04:38:34.129, 81.51, 0, 74232, 56
2026/07/29 04:38:35.160, 81.43, 0, 74232, 55
2026/07/29 04:38:36.193, 81.22, 0, 74232, 55
2026/07/29 04:38:37.223, 80.88, 0, 74232, 55
2026/07/29 04:38:38.254, 80.70, 0, 74232, 55
2026/07/29 04:38:39.285, 80.43, 0, 74232, 55
2026/07/29 04:38:40.315, 80.52, 0, 74232, 54
2026/07/29 04:38:41.345, 80.34, 0, 74232, 54
2026/07/29 04:38:42.376, 80.03, 0, 74232, 54
2026/07/29 04:38:43.407, 80.05, 0, 74232, 54
2026/07/29 04:38:44.438, 79.76, 0, 74232, 54
2026/07/29 04:38:45.470, 78.28, 0, 74232, 53
2026/07/29 04:38:46.500, 77.84, 0, 74232, 53
2026/07/29 04:38:47.531, 77.77, 0, 74232, 53
2026/07/29 04:38:48.562, 77.84, 0, 74232, 53
2026/07/29 04:38:49.594, 77.29, 0, 74232, 53
2026/07/29 04:38:50.759, 304.62, 100, 74232, 58
2026/07/29 04:38:51.793, 300.02, 100, 74232, 59
2026/07/29 04:38:52.826, 309.56, 100, 74232, 59
2026/07/29 04:38:53.860, 298.65, 100, 74232, 59
2026/07/29 04:38:54.895, 281.70, 100, 74232, 58
2026/07/29 04:38:55.937, 291.81, 100, 74232, 58
2026/07/29 04:38:56.974, 299.57, 100, 74232, 59
2026/07/29 04:38:58.010, 301.49, 100, 74232, 59
2026/07/29 04:38:59.047, 302.08, 100, 74232, 59
2026/07/29 04:39:00.083, 301.09, 100, 74232, 60
2026/07/29 04:39:01.122, 289.36, 100, 74232, 62
2026/07/29 04:39:02.155, 320.76, 100, 74232, 62
2026/07/29 04:39:03.188, 291.29, 100, 74232, 62
2026/07/29 04:39:04.223, 301.42, 100, 74232, 63
2026/07/29 04:39:05.261, 303.93, 100, 74232, 61
2026/07/29 04:39:06.297, 305.72, 100, 74232, 62
2026/07/29 04:39:07.334, 304.91, 100, 74232, 62
2026/07/29 04:39:08.371, 292.27, 100, 74232, 64
2026/07/29 04:39:09.412, 297.88, 100, 74232, 64
2026/07/29 04:39:10.447, 305.63, 100, 74232, 65
2026/07/29 04:39:11.482, 292.50, 100, 74232, 64
2026/07/29 04:39:12.517, 315.32, 100, 74232, 65
2026/07/29 04:39:13.553, 310.40, 100, 74232, 65
2026/07/29 04:39:14.587, 304.03, 100, 74232, 64
2026/07/29 04:39:15.624, 290.34, 100, 74232, 64
2026/07/29 04:39:16.660, 297.81, 100, 74232, 64
2026/07/29 04:39:17.698, 297.42, 100, 74232, 64
2026/07/29 04:39:18.734, 291.10, 100, 74232, 64
2026/07/29 04:39:19.773, 292.26, 100, 74232, 65
2026/07/29 04:39:20.813, 298.99, 100, 74232, 65
2026/07/29 04:39:21.851, 289.05, 100, 74232, 65
2026/07/29 04:39:22.890, 296.56, 100, 74232, 65
2026/07/29 04:39:23.931, 298.60, 100, 74232, 66
2026/07/29 04:39:24.968, 299.85, 100, 74232, 66
2026/07/29 04:39:26.005, 300.06, 100, 74232, 66
2026/07/29 04:39:27.043, 299.77, 100, 74232, 66
2026/07/29 04:39:28.083, 289.74, 100, 74232, 68
2026/07/29 04:39:29.119, 286.47, 100, 74232, 69
2026/07/29 04:39:30.156, 310.32, 100, 74232, 69
2026/07/29 04:39:31.193, 272.58, 100, 74232, 69
2026/07/29 04:39:32.228, 284.99, 100, 74232, 69
2026/07/29 04:39:33.263, 316.75, 100, 74232, 69
2026/07/29 04:39:34.305, 294.63, 100, 74232, 68
2026/07/29 04:39:35.342, 296.65, 100, 74232, 68
2026/07/29 04:39:36.379, 297.73, 100, 74232, 68
2026/07/29 04:39:37.418, 297.36, 100, 74232, 68
2026/07/29 04:39:38.455, 296.57, 100, 74232, 68
2026/07/29 04:39:39.496, 296.26, 100, 74232, 68
2026/07/29 04:39:40.532, 303.37, 100, 74232, 68
2026/07/29 04:39:41.569, 300.05, 100, 74232, 69
2026/07/29 04:39:42.608, 304.14, 100, 74232, 69
2026/07/29 04:39:43.644, 304.33, 100, 74232, 69
2026/07/29 04:39:44.680, 301.42, 100, 74232, 69
2026/07/29 04:39:45.717, 294.93, 100, 74232, 69
2026/07/29 04:39:46.754, 296.87, 100, 74232, 69
2026/07/29 04:39:47.790, 300.33, 100, 74232, 71
2026/07/29 04:39:48.827, 300.32, 100, 74232, 71
2026/07/29 04:39:49.862, 293.35, 100, 74232, 71
2026/07/29 04:39:50.898, 304.99, 100, 74232, 71
2026/07/29 04:39:51.934, 310.67, 100, 74232, 72
2026/07/29 04:39:52.969, 277.14, 100, 74232, 72
2026/07/29 04:39:54.004, 252.48, 100, 74232, 70
2026/07/29 04:39:55.041, 287.53, 100, 74232, 70
2026/07/29 04:39:56.078, 292.86, 100, 74232, 70
2026/07/29 04:39:57.115, 292.19, 100, 74232, 70
2026/07/29 04:39:58.155, 289.18, 100, 74232, 70
2026/07/29 04:39:59.195, 292.70, 100, 74232, 71
2026/07/29 04:40:00.232, 293.85, 100, 74232, 71
2026/07/29 04:40:01.268, 293.43, 100, 74232, 71
2026/07/29 04:40:02.306, 293.37, 100, 74232, 71
2026/07/29 04:40:03.344, 300.96, 100, 74232, 71
2026/07/29 04:40:04.380, 302.28, 100, 74232, 71
2026/07/29 04:40:05.417, 299.18, 100, 74232, 71
2026/07/29 04:40:06.453, 299.17, 100, 74232, 71
2026/07/29 04:40:07.490, 296.65, 100, 74232, 71
2026/07/29 04:40:08.526, 301.70, 100, 74232, 71
2026/07/29 04:40:09.563, 297.25, 100, 74232, 71
2026/07/29 04:40:10.599, 301.71, 100, 74232, 72
2026/07/29 04:40:11.636, 299.48, 100, 74232, 71
2026/07/29 04:40:12.671, 293.24, 100, 74232, 73
2026/07/29 04:40:13.706, 305.13, 100, 74232, 73
2026/07/29 04:40:14.741, 316.58, 100, 74232, 74
2026/07/29 04:40:15.783, 293.93, 100, 74232, 73
2026/07/29 04:40:16.819, 294.92, 100, 74232, 73
2026/07/29 04:40:17.854, 314.39, 100, 74232, 73
2026/07/29 04:40:18.897, 322.87, 100, 74232, 74
2026/07/29 04:40:19.933, 298.61, 100, 74232, 72
2026/07/29 04:40:20.970, 289.78, 100, 74232, 72
2026/07/29 04:40:22.006, 289.77, 100, 74232, 72
2026/07/29 04:40:23.046, 294.71, 100, 74232, 72
2026/07/29 04:40:24.082, 294.13, 100, 74232, 72
2026/07/29 04:40:25.118, 293.94, 100, 74232, 72
2026/07/29 04:40:26.154, 294.03, 100, 74232, 72
2026/07/29 04:40:27.190, 282.95, 61, 74232, 74
2026/07/29 04:40:28.225, 299.58, 100, 74232, 72
2026/07/29 04:40:29.265, 300.11, 100, 74232, 72
2026/07/29 04:40:30.306, 289.86, 100, 74232, 72
2026/07/29 04:40:31.342, 300.06, 100, 74232, 72
2026/07/29 04:40:32.381, 296.36, 100, 74232, 72
2026/07/29 04:40:33.418, 294.72, 100, 74232, 72
2026/07/29 04:40:34.454, 294.13, 100, 74232, 72
2026/07/29 04:40:35.491, 300.91, 100, 74232, 72
2026/07/29 04:40:36.530, 296.86, 100, 74232, 72
2026/07/29 04:40:37.566, 295.21, 100, 74232, 72
2026/07/29 04:40:38.605, 293.08, 100, 74232, 72
2026/07/29 04:40:39.643, 293.07, 100, 74232, 72
2026/07/29 04:40:40.680, 301.83, 100, 74232, 72
2026/07/29 04:40:41.718, 299.85, 100, 74232, 72
2026/07/29 04:40:42.754, 296.37, 100, 74232, 72
2026/07/29 04:40:43.791, 301.43, 100, 74232, 72
2026/07/29 04:40:44.828, 298.96, 100, 74232, 72
2026/07/29 04:40:45.865, 302.68, 100, 74232, 73
2026/07/29 04:40:46.902, 300.23, 100, 74232, 73
2026/07/29 04:40:47.939, 300.25, 100, 74232, 73
2026/07/29 04:40:48.976, 302.29, 100, 74232, 73
2026/07/29 04:40:50.013, 301.22, 100, 74232, 73
2026/07/29 04:40:51.052, 300.75, 100, 74232, 73
2026/07/29 04:40:52.088, 301.03, 100, 74232, 73
2026/07/29 04:40:53.125, 300.65, 100, 74232, 73
2026/07/29 04:40:54.162, 302.40, 100, 74232, 73
2026/07/29 04:40:55.202, 301.33, 100, 74232, 73
2026/07/29 04:40:56.241, 300.23, 100, 74232, 73
2026/07/29 04:40:57.279, 292.27, 100, 74232, 72
2026/07/29 04:40:58.316, 290.44, 100, 74232, 72
2026/07/29 04:40:59.355, 293.75, 100, 74232, 72
2026/07/29 04:41:00.393, 293.45, 100, 74232, 72
2026/07/29 04:41:01.431, 294.05, 100, 74232, 72
2026/07/29 04:41:02.469, 294.92, 100, 74232, 72
2026/07/29 04:41:03.507, 293.54, 100, 74232, 72
2026/07/29 04:41:04.546, 293.17, 100, 74232, 73
2026/07/29 04:41:05.585, 294.14, 100, 74232, 73
2026/07/29 04:41:06.623, 294.42, 100, 74232, 73
2026/07/29 04:41:07.661, 296.26, 100, 74232, 73
2026/07/29 04:41:08.699, 292.19, 100, 74232, 73
2026/07/29 04:41:09.738, 296.65, 100, 74232, 72
2026/07/29 04:41:10.783, 290.25, 100, 74232, 72
2026/07/29 04:41:11.823, 292.88, 100, 74232, 72
2026/07/29 04:41:12.860, 294.51, 100, 74232, 72
2026/07/29 04:41:13.899, 299.25, 100, 74232, 72
2026/07/29 04:41:14.937, 299.20, 100, 74232, 72
2026/07/29 04:41:15.975, 301.13, 100, 74232, 72
2026/07/29 04:41:17.012, 301.60, 100, 74232, 73
2026/07/29 04:41:18.050, 296.96, 100, 74232, 72
2026/07/29 04:41:19.088, 301.13, 100, 74232, 72
2026/07/29 04:41:20.126, 301.13, 100, 74232, 72
2026/07/29 04:41:21.164, 301.31, 100, 74232, 72
2026/07/29 04:41:22.203, 300.07, 100, 74232, 72
2026/07/29 04:41:23.241, 297.45, 100, 74232, 72
2026/07/29 04:41:24.279, 301.12, 100, 74232, 72
2026/07/29 04:41:25.317, 300.07, 100, 74232, 72
2026/07/29 04:41:26.353, 298.34, 100, 74232, 72
2026/07/29 04:41:27.390, 300.85, 100, 74232, 72
2026/07/29 04:41:28.427, 301.60, 100, 74232, 72
2026/07/29 04:41:29.465, 300.73, 100, 74232, 72
2026/07/29 04:41:30.501, 302.95, 100, 74232, 72
2026/07/29 04:41:31.539, 301.19, 100, 74232, 72
2026/07/29 04:41:32.577, 299.38, 100, 74232, 72
2026/07/29 04:41:33.615, 301.97, 100, 74232, 72
2026/07/29 04:41:34.652, 303.76, 100, 74232, 72
2026/07/29 04:41:35.692, 301.04, 100, 74232, 72
2026/07/29 04:41:36.729, 302.64, 100, 74232, 72
2026/07/29 04:41:37.766, 301.99, 100, 74232, 72
2026/07/29 04:41:38.804, 301.22, 100, 74232, 72
2026/07/29 04:41:39.842, 301.77, 100, 74232, 72
2026/07/29 04:41:40.880, 302.60, 100, 74232, 72
2026/07/29 04:41:41.917, 300.24, 100, 74232, 72
2026/07/29 04:41:42.955, 294.71, 100, 74232, 72
2026/07/29 04:41:43.993, 300.73, 100, 74232, 72
2026/07/29 04:41:45.031, 300.17, 100, 74232, 72
2026/07/29 04:41:46.069, 293.46, 100, 74232, 72
2026/07/29 04:41:47.107, 294.72, 100, 74232, 72
2026/07/29 04:41:48.146, 293.86, 100, 74232, 72
2026/07/29 04:41:49.184, 292.48, 100, 74232, 72
2026/07/29 04:41:50.222, 292.68, 100, 74232, 72
2026/07/29 04:41:51.261, 298.66, 100, 74232, 72
2026/07/29 04:41:52.298, 301.14, 100, 74232, 72
2026/07/29 04:41:53.336, 300.95, 100, 74232, 72
2026/07/29 04:41:54.374, 300.24, 100, 74232, 72
2026/07/29 04:41:55.412, 301.13, 100, 74232, 72
2026/07/29 04:41:56.450, 300.73, 100, 74232, 72
2026/07/29 04:41:57.488, 302.27, 100, 74232, 74
2026/07/29 04:41:58.526, 294.55, 100, 74232, 74
2026/07/29 04:41:59.562, 290.54, 100, 74232, 74
2026/07/29 04:42:00.599, 278.07, 100, 74232, 74
2026/07/29 04:42:01.637, 272.27, 100, 74232, 74
2026/07/29 04:42:02.673, 302.28, 100, 74232, 72
2026/07/29 04:42:03.711, 301.03, 100, 74232, 72
2026/07/29 04:42:04.749, 301.18, 100, 74232, 72
2026/07/29 04:42:05.786, 301.41, 100, 74232, 72
2026/07/29 04:42:06.824, 304.23, 100, 74232, 72
2026/07/29 04:42:07.862, 301.33, 100, 74232, 72
2026/07/29 04:42:08.900, 301.99, 100, 74232, 73
2026/07/29 04:42:09.938, 100.71, 0, 74232, 70
2026/07/29 04:42:10.971, 297.76, 100, 74232, 74
2026/07/29 04:42:12.006, 293.95, 100, 74232, 74
2026/07/29 04:42:13.041, 295.90, 100, 74232, 74
2026/07/29 04:42:14.076, 297.22, 100, 74232, 74
2026/07/29 04:42:15.113, 299.16, 100, 74232, 74
2026/07/29 04:42:16.155, 301.02, 100, 74232, 73
2026/07/29 04:42:17.193, 301.75, 100, 74232, 73
2026/07/29 04:42:18.230, 302.47, 100, 74232, 73
2026/07/29 04:42:19.268, 296.17, 100, 74232, 73
2026/07/29 04:42:20.306, 302.64, 100, 74232, 73
2026/07/29 04:42:21.345, 301.68, 100, 74232, 73
2026/07/29 04:42:22.382, 298.12, 53, 74232, 74
2026/07/29 04:42:23.419, 296.06, 100, 74232, 74
2026/07/29 04:42:24.455, 277.13, 100, 74232, 74
2026/07/29 04:42:25.490, 296.36, 100, 74232, 74
2026/07/29 04:42:26.527, 299.74, 100, 74232, 74
2026/07/29 04:42:27.562, 296.09, 100, 74232, 74
2026/07/29 04:42:28.597, 302.86, 100, 74232, 73
2026/07/29 04:42:29.635, 302.27, 100, 74232, 73
2026/07/29 04:42:30.673, 307.03, 100, 74232, 73
2026/07/29 04:42:31.712, 302.88, 100, 74232, 73
2026/07/29 04:42:32.750, 302.73, 100, 74232, 73
2026/07/29 04:42:33.787, 300.88, 100, 74232, 75
2026/07/29 04:42:34.824, 296.64, 100, 74232, 75
2026/07/29 04:42:35.860, 299.70, 100, 74232, 75
2026/07/29 04:42:36.896, 315.71, 100, 74232, 75
2026/07/29 04:42:37.938, 286.23, 100, 74232, 75
2026/07/29 04:42:38.973, 288.60, 100, 74232, 75
2026/07/29 04:42:40.008, 303.53, 100, 74232, 73
2026/07/29 04:42:41.047, 303.80, 100, 74232, 73
2026/07/29 04:42:42.084, 302.93, 100, 74232, 73
2026/07/29 04:42:43.123, 303.64, 100, 74232, 74
2026/07/29 04:42:44.161, 303.95, 100, 74232, 74
2026/07/29 04:42:45.197, 303.26, 100, 74232, 74
2026/07/29 04:42:46.241, 304.67, 100, 74232, 74
2026/07/29 04:42:47.279, 304.68, 100, 74232, 74
2026/07/29 04:42:48.315, 295.02, 100, 74232, 74
2026/07/29 04:42:49.354, 296.35, 100, 74232, 74
2026/07/29 04:42:50.393, 300.04, 100, 74232, 74
2026/07/29 04:42:51.431, 100.59, 0, 74232, 71
2026/07/29 04:42:52.464, 100.06, 0, 74232, 70
2026/07/29 04:42:53.497, 99.07, 0, 74232, 69
2026/07/29 04:42:54.529, 97.86, 0, 74232, 68
2026/07/29 04:42:55.562, 96.71, 0, 74232, 68
2026/07/29 04:42:56.593, 95.89, 0, 74232, 67
2026/07/29 04:42:57.626, 94.98, 0, 74232, 67
2026/07/29 04:42:58.659, 94.69, 0, 74232, 66
2026/07/29 04:42:59.691, 94.07, 0, 74232, 66
2026/07/29 04:43:00.723, 93.80, 0, 74232, 66
2026/07/29 04:43:01.754, 93.10, 0, 74232, 65
2026/07/29 04:43:02.786, 92.53, 0, 74232, 65
2026/07/29 04:43:03.818, 92.21, 0, 74232, 64
2026/07/29 04:43:04.849, 91.83, 0, 74232, 64
2026/07/29 04:43:05.880, 91.82, 0, 74232, 64
2026/07/29 04:43:06.911, 90.86, 0, 74232, 63
2026/07/29 04:43:07.943, 90.64, 0, 74232, 63
2026/07/29 04:43:08.974, 90.15, 0, 74232, 63
2026/07/29 04:43:10.006, 90.15, 0, 74232, 63
2026/07/29 04:43:11.038, 89.82, 0, 74232, 62
2026/07/29 04:43:12.070, 89.29, 0, 74232, 62
2026/07/29 04:43:13.101, 88.25, 0, 74232, 62
2026/07/29 04:43:14.134, 88.49, 0, 74232, 61
2026/07/29 04:43:15.165, 88.27, 0, 74232, 61
2026/07/29 04:43:16.195, 87.81, 0, 74232, 61
2026/07/29 04:43:17.227, 87.05, 0, 74232, 61
2026/07/29 04:43:18.259, 86.86, 0, 74232, 60
2026/07/29 04:43:19.290, 87.31, 0, 74232, 60
2026/07/29 04:43:20.321, 86.79, 0, 74232, 60
2026/07/29 04:43:21.352, 86.68, 0, 74232, 59
2026/07/29 04:43:22.383, 86.15, 0, 74232, 59
2026/07/29 04:43:23.414, 86.09, 0, 74232, 59
2026/07/29 04:43:24.444, 84.82, 0, 74232, 59
2026/07/29 04:43:25.474, 84.71, 0, 74232, 58
2026/07/29 04:43:26.506, 84.26, 0, 74232, 58
2026/07/29 04:43:27.538, 84.32, 0, 74232, 58
2026/07/29 04:43:28.568, 83.93, 0, 74232, 58
2026/07/29 04:43:29.600, 83.89, 0, 74232, 58
2026/07/29 04:43:30.635, 83.29, 0, 74232, 57
2026/07/29 04:43:31.665, 81.88, 0, 74232, 57
2026/07/29 04:43:32.695, 82.26, 0, 74232, 57
2026/07/29 04:43:33.728, 82.74, 0, 74232, 57
2026/07/29 04:43:34.758, 82.61, 0, 74232, 56
2026/07/29 04:43:35.788, 82.40, 0, 74232, 56
2026/07/29 04:43:36.819, 82.32, 0, 74232, 56
2026/07/29 04:43:37.850, 82.38, 0, 74232, 56
2026/07/29 04:43:38.880, 81.68, 0, 74232, 56
2026/07/29 04:43:39.911, 81.82, 0, 74232, 55
2026/07/29 04:43:40.941, 81.21, 0, 74232, 55
2026/07/29 04:43:41.971, 81.21, 0, 74232, 55
2026/07/29 04:43:43.000, 81.33, 0, 74232, 55
2026/07/29 04:43:44.031, 80.82, 0, 74232, 54
2026/07/29 04:43:45.061, 80.74, 0, 74232, 54
2026/07/29 04:43:46.091, 80.35, 0, 74232, 54
2026/07/29 04:43:47.121, 80.42, 0, 74232, 54
2026/07/29 04:43:48.153, 78.66, 0, 74232, 54
2026/07/29 04:43:50.320, 78.13, 0, 74232, 53
2026/07/29 04:43:51.351, 78.23, 0, 74232, 53
2026/07/29 04:43:52.381, 77.93, 0, 74232, 53
2026/07/29 04:43:53.411, 78.08, 0, 74232, 53
2026/07/29 04:43:54.441, 77.96, 0, 74232, 53
2026/07/29 04:43:55.473, 77.10, 0, 74232, 52
2026/07/29 04:43:56.504, 76.97, 0, 74232, 52
2026/07/29 04:43:57.536, 77.31, 0, 74232, 52
2026/07/29 04:43:58.570, 76.52, 0, 74232, 52
2026/07/29 04:43:59.601, 76.79, 0, 74232, 52
2026/07/29 04:44:00.632, 76.35, 0, 74232, 51
2026/07/29 04:44:01.664, 76.26, 0, 74232, 51
2026/07/29 04:44:02.694, 76.11, 0, 74232, 51
2026/07/29 04:44:03.725, 75.90, 0, 74232, 51
2026/07/29 04:44:04.757, 75.98, 0, 74232, 51
2026/07/29 04:44:05.787, 75.81, 0, 74232, 51
2026/07/29 04:44:06.818, 75.81, 0, 74232, 50
2026/07/29 04:44:07.848, 75.52, 0, 74232, 50
2026/07/29 04:44:09.446, 303.79, 100, 74232, 56
2026/07/29 04:44:10.481, 297.30, 100, 74232, 57
2026/07/29 04:44:11.515, 299.05, 100, 74232, 57
2026/07/29 04:44:12.549, 303.87, 100, 74232, 57
2026/07/29 04:44:13.583, 255.52, 100, 74232, 56
2026/07/29 04:44:14.618, 280.54, 100, 74232, 56
2026/07/29 04:44:15.654, 294.52, 100, 74232, 57
2026/07/29 04:44:16.690, 291.79, 100, 74232, 57
2026/07/29 04:44:17.729, 290.17, 100, 74232, 57
2026/07/29 04:44:18.766, 293.66, 100, 74232, 58
2026/07/29 04:44:19.802, 298.61, 100, 74232, 58
2026/07/29 04:44:20.842, 349.75, 100, 74232, 60
2026/07/29 04:44:21.977, 284.00, 100, 74232, 60
2026/07/29 04:44:23.011, 286.24, 100, 74232, 61
2026/07/29 04:44:24.045, 306.35, 100, 74232, 61
2026/07/29 04:44:25.079, 307.39, 100, 74232, 61
2026/07/29 04:44:26.113, 306.57, 100, 74232, 60
2026/07/29 04:44:27.149, 288.50, 100, 74232, 60
2026/07/29 04:44:28.185, 295.77, 100, 74232, 61
2026/07/29 04:44:29.220, 304.23, 100, 74232, 61
2026/07/29 04:44:30.256, 305.64, 100, 74232, 61
2026/07/29 04:44:31.292, 295.50, 100, 74232, 62
2026/07/29 04:44:32.327, 294.56, 100, 74232, 64
2026/07/29 04:44:33.363, 312.54, 100, 74232, 64
2026/07/29 04:44:34.397, 298.53, 100, 74232, 64
2026/07/29 04:44:35.431, 309.18, 100, 74232, 64
2026/07/29 04:44:36.465, 298.99, 100, 74232, 63
2026/07/29 04:44:37.501, 297.46, 100, 74232, 63
2026/07/29 04:44:38.536, 299.84, 100, 74232, 63
2026/07/29 04:44:39.573, 299.77, 100, 74232, 63
2026/07/29 04:44:40.609, 299.95, 100, 74232, 65
2026/07/29 04:44:41.645, 312.17, 100, 74232, 66
2026/07/29 04:44:42.678, 288.90, 100, 74232, 66
2026/07/29 04:44:43.711, 278.26, 100, 74232, 66
2026/07/29 04:44:44.746, 304.24, 100, 74232, 65
2026/07/29 04:44:45.783, 305.30, 100, 74232, 65
2026/07/29 04:44:46.819, 304.46, 100, 74232, 65
2026/07/29 04:44:47.856, 295.97, 100, 74232, 67
2026/07/29 04:44:48.890, 295.79, 100, 74232, 67
2026/07/29 04:44:49.924, 305.03, 100, 74232, 67
2026/07/29 04:44:50.960, 312.83, 100, 74232, 68
2026/07/29 04:44:51.994, 289.74, 100, 74232, 68
2026/07/29 04:44:53.027, 299.47, 100, 74232, 68
2026/07/29 04:44:54.061, 300.15, 100, 74232, 66
2026/07/29 04:44:55.098, 298.80, 100, 74232, 66
2026/07/29 04:44:56.135, 300.64, 100, 74232, 67
2026/07/29 04:44:57.173, 299.46, 100, 74232, 67
2026/07/29 04:44:58.212, 92.23, 0, 74232, 64
2026/07/29 04:44:59.246, 302.65, 100, 74232, 69
2026/07/29 04:45:00.280, 292.06, 100, 74232, 69
2026/07/29 04:45:01.320, 306.52, 100, 74232, 69
2026/07/29 04:45:02.354, 299.00, 100, 74232, 69
2026/07/29 04:45:03.390, 291.52, 100, 74232, 69
2026/07/29 04:45:04.430, 296.52, 100, 74232, 69
2026/07/29 04:45:05.464, 300.72, 100, 74232, 68
2026/07/29 04:45:06.501, 301.01, 100, 74232, 68
2026/07/29 04:45:07.537, 300.99, 100, 74232, 68
2026/07/29 04:45:08.576, 301.50, 100, 74232, 68
2026/07/29 04:45:09.614, 302.12, 100, 74232, 70
2026/07/29 04:45:10.649, 297.62, 100, 74232, 70
2026/07/29 04:45:11.685, 278.51, 100, 74232, 70
2026/07/29 04:45:12.719, 299.83, 100, 74232, 70
2026/07/29 04:45:13.754, 311.03, 100, 74232, 70
2026/07/29 04:45:14.792, 258.79, 100, 74232, 71
2026/07/29 04:45:15.826, 297.91, 100, 74232, 69
2026/07/29 04:45:16.862, 295.70, 100, 74232, 69
2026/07/29 04:45:17.900, 296.07, 100, 74232, 69
2026/07/29 04:45:18.936, 287.62, 91, 74232, 71
2026/07/29 04:45:19.972, 294.42, 100, 74232, 71
2026/07/29 04:45:21.007, 296.72, 100, 74232, 71
2026/07/29 04:45:22.045, 304.51, 100, 74232, 72
2026/07/29 04:45:23.079, 288.84, 100, 74232, 72
2026/07/29 04:45:24.113, 288.19, 100, 74232, 72
2026/07/29 04:45:25.148, 307.40, 100, 74232, 72
2026/07/29 04:45:26.184, 304.72, 100, 74232, 70
2026/07/29 04:45:27.222, 306.29, 100, 74232, 70
2026/07/29 04:45:28.260, 305.02, 100, 74232, 70
2026/07/29 04:45:29.296, 304.99, 100, 74232, 71
2026/07/29 04:45:30.333, 307.62, 100, 74232, 71
2026/07/29 04:45:31.369, 305.69, 100, 74232, 71
2026/07/29 04:45:32.406, 306.74, 100, 74232, 71
2026/07/29 04:45:33.444, 300.08, 100, 74232, 71
2026/07/29 04:45:34.483, 298.89, 100, 74232, 71
2026/07/29 04:45:35.521, 299.18, 100, 74232, 71
2026/07/29 04:45:36.558, 300.34, 100, 74232, 71
2026/07/29 04:45:37.595, 299.30, 100, 74232, 71
2026/07/29 04:45:38.631, 299.97, 100, 74232, 71
2026/07/29 04:45:39.668, 300.17, 100, 74232, 71
2026/07/29 04:45:40.705, 298.16, 100, 74232, 71
2026/07/29 04:45:41.742, 298.22, 100, 74232, 71
2026/07/29 04:45:42.779, 300.06, 100, 74232, 71
2026/07/29 04:45:43.818, 293.14, 100, 74232, 71
2026/07/29 04:45:44.854, 292.76, 100, 74232, 71
2026/07/29 04:45:45.891, 288.79, 100, 74232, 71
2026/07/29 04:45:46.930, 298.21, 100, 74232, 71
2026/07/29 04:45:47.966, 299.49, 100, 74232, 71
2026/07/29 04:45:49.005, 293.18, 100, 74232, 71
2026/07/29 04:45:50.042, 292.58, 100, 74232, 71
2026/07/29 04:45:51.083, 294.21, 100, 74232, 72
2026/07/29 04:45:52.120, 299.93, 100, 74232, 72
2026/07/29 04:45:53.158, 297.80, 100, 74232, 72
2026/07/29 04:45:54.194, 300.54, 100, 74232, 72
2026/07/29 04:45:55.231, 301.71, 100, 74232, 72
2026/07/29 04:45:56.268, 300.24, 100, 74232, 72
2026/07/29 04:45:57.305, 301.80, 100, 74232, 72
2026/07/29 04:45:58.342, 301.10, 100, 74232, 70
2026/07/29 04:45:59.376, 287.82, 100, 74232, 73
2026/07/29 04:46:00.413, 301.82, 100, 74232, 73
2026/07/29 04:46:01.447, 311.76, 100, 74232, 73
2026/07/29 04:46:02.481, 273.72, 100, 74232, 73
2026/07/29 04:46:03.521, 294.81, 100, 74232, 73
2026/07/29 04:46:04.554, 302.66, 100, 74232, 73
2026/07/29 04:46:05.589, 295.89, 100, 74232, 74
2026/07/29 04:46:06.624, 299.76, 100, 74232, 72
2026/07/29 04:46:07.663, 302.58, 100, 74232, 72
2026/07/29 04:46:08.699, 301.28, 100, 74232, 72
2026/07/29 04:46:09.736, 295.39, 100, 74232, 73
2026/07/29 04:46:10.771, 297.92, 100, 74232, 72
2026/07/29 04:46:11.808, 293.25, 100, 74232, 72
2026/07/29 04:46:12.845, 296.65, 100, 74232, 72
2026/07/29 04:46:13.883, 290.72, 100, 74232, 72
2026/07/29 04:46:14.920, 291.12, 100, 74232, 72
2026/07/29 04:46:15.957, 299.54, 100, 74232, 73
2026/07/29 04:46:16.995, 301.42, 100, 74232, 73
2026/07/29 04:46:18.032, 301.24, 100, 74232, 73
2026/07/29 04:46:19.070, 303.71, 100, 74232, 73
2026/07/29 04:46:20.107, 299.66, 100, 74232, 73
2026/07/29 04:46:21.143, 302.60, 100, 74232, 73
2026/07/29 04:46:22.181, 301.51, 100, 74232, 73
2026/07/29 04:46:23.219, 300.84, 100, 74232, 73
2026/07/29 04:46:24.256, 301.25, 100, 74232, 73
2026/07/29 04:46:25.295, 302.63, 100, 74232, 73
2026/07/29 04:46:26.334, 301.32, 100, 74232, 73
2026/07/29 04:46:27.373, 303.40, 100, 74232, 73
2026/07/29 04:46:28.411, 302.27, 100, 74232, 73
2026/07/29 04:46:29.450, 300.82, 100, 74232, 73
2026/07/29 04:46:30.487, 303.09, 100, 74232, 73
2026/07/29 04:46:31.525, 298.69, 100, 74232, 73
2026/07/29 04:46:32.563, 294.33, 100, 74232, 72
2026/07/29 04:46:33.600, 294.81, 100, 74232, 72
2026/07/29 04:46:34.639, 294.92, 100, 74232, 72
2026/07/29 04:46:35.676, 295.40, 100, 74232, 72
2026/07/29 04:46:36.718, 290.74, 100, 74232, 72
2026/07/29 04:46:37.756, 292.29, 100, 74232, 72
2026/07/29 04:46:38.794, 295.32, 100, 74232, 72
2026/07/29 04:46:39.840, 293.27, 100, 74232, 72
2026/07/29 04:46:40.877, 301.30, 100, 74232, 72
2026/07/29 04:46:41.914, 300.54, 100, 74232, 72
2026/07/29 04:46:42.951, 300.61, 100, 74232, 72
2026/07/29 04:46:43.988, 301.42, 100, 74232, 72
2026/07/29 04:46:45.028, 299.78, 100, 74232, 72
2026/07/29 04:46:46.064, 299.74, 100, 74232, 72
2026/07/29 04:46:47.101, 300.92, 100, 74232, 72
2026/07/29 04:46:48.137, 300.07, 100, 74232, 72
2026/07/29 04:46:49.173, 300.44, 100, 74232, 72
2026/07/29 04:46:50.210, 302.10, 100, 74232, 72
2026/07/29 04:46:51.248, 300.52, 100, 74232, 72
2026/07/29 04:46:52.290, 303.89, 100, 74232, 72
2026/07/29 04:46:53.328, 301.73, 100, 74232, 72
2026/07/29 04:46:54.365, 296.93, 100, 74232, 72
2026/07/29 04:46:55.402, 298.81, 100, 74232, 72
2026/07/29 04:46:56.441, 293.16, 100, 74232, 72
2026/07/29 04:46:57.478, 299.78, 100, 74232, 72
2026/07/29 04:46:58.515, 298.59, 100, 74232, 72
2026/07/29 04:46:59.554, 297.82, 100, 74232, 72
2026/07/29 04:47:00.591, 301.99, 100, 74232, 72
2026/07/29 04:47:01.627, 300.24, 100, 74232, 72
2026/07/29 04:47:02.664, 301.24, 100, 74232, 72
2026/07/29 04:47:03.701, 300.92, 100, 74232, 72
2026/07/29 04:47:04.738, 301.62, 100, 74232, 72
2026/07/29 04:47:05.776, 301.83, 100, 74232, 72
2026/07/29 04:47:06.813, 302.30, 100, 74232, 72
2026/07/29 04:47:07.850, 300.84, 100, 74232, 72
2026/07/29 04:47:08.888, 302.19, 100, 74232, 72
2026/07/29 04:47:09.926, 292.89, 100, 74232, 72
2026/07/29 04:47:10.966, 292.59, 100, 74232, 72
2026/07/29 04:47:12.004, 293.95, 100, 74232, 72
2026/07/29 04:47:13.040, 293.75, 100, 74232, 72
2026/07/29 04:47:14.081, 294.55, 100, 74232, 72
2026/07/29 04:47:15.120, 288.32, 100, 74232, 72
2026/07/29 04:47:16.156, 292.48, 100, 74232, 72
2026/07/29 04:47:17.193, 302.12, 100, 74232, 72
2026/07/29 04:47:18.229, 300.53, 100, 74232, 72
2026/07/29 04:47:19.267, 300.15, 100, 74232, 72
2026/07/29 04:47:20.304, 300.54, 100, 74232, 72
2026/07/29 04:47:21.341, 299.58, 100, 74232, 72
2026/07/29 04:47:22.378, 301.54, 100, 74232, 72
2026/07/29 04:47:23.415, 301.22, 100, 74232, 73
2026/07/29 04:47:24.453, 301.92, 100, 74232, 73
2026/07/29 04:47:25.490, 300.07, 100, 74232, 73
2026/07/29 04:47:26.527, 300.75, 100, 74232, 73
2026/07/29 04:47:27.563, 301.98, 100, 74232, 73
2026/07/29 04:47:28.604, 302.16, 100, 74232, 73
2026/07/29 04:47:29.643, 294.35, 100, 74232, 73
2026/07/29 04:47:30.679, 297.43, 100, 74232, 73
2026/07/29 04:47:31.718, 303.84, 100, 74232, 72
2026/07/29 04:47:32.756, 294.90, 100, 74232, 72
2026/07/29 04:47:33.792, 294.32, 100, 74232, 72
2026/07/29 04:47:34.830, 290.32, 100, 74232, 72
2026/07/29 04:47:35.868, 294.91, 100, 74232, 73
2026/07/29 04:47:36.908, 301.04, 100, 74232, 73
2026/07/29 04:47:37.946, 300.12, 100, 74232, 73
2026/07/29 04:47:38.983, 301.13, 100, 74232, 73
2026/07/29 04:47:40.021, 303.80, 100, 74232, 73
2026/07/29 04:47:41.059, 301.41, 100, 74232, 73
2026/07/29 04:47:42.097, 300.25, 100, 74232, 73
2026/07/29 04:47:43.135, 304.03, 100, 74232, 73
2026/07/29 04:47:44.173, 300.45, 100, 74232, 73
2026/07/29 04:47:45.210, 286.16, 91, 74232, 74
2026/07/29 04:47:46.249, 297.80, 100, 74232, 74
2026/07/29 04:47:47.285, 282.78, 100, 74232, 74
2026/07/29 04:47:48.320, 303.80, 100, 74232, 74
2026/07/29 04:47:49.354, 321.42, 100, 74232, 74
2026/07/29 04:47:50.389, 288.52, 100, 74232, 74
2026/07/29 04:47:51.425, 300.70, 100, 74232, 73
2026/07/29 04:47:52.462, 302.37, 100, 74232, 73
2026/07/29 04:47:53.500, 301.92, 100, 74232, 73
2026/07/29 04:47:54.537, 301.89, 100, 74232, 73
2026/07/29 04:47:55.574, 298.21, 100, 74232, 73
2026/07/29 04:47:56.612, 304.04, 100, 74232, 73
2026/07/29 04:47:57.649, 291.49, 100, 74232, 73
2026/07/29 04:47:58.687, 295.39, 100, 74232, 73
2026/07/29 04:47:59.726, 297.24, 75, 74232, 74
2026/07/29 04:48:00.760, 301.53, 100, 74232, 74
2026/07/29 04:48:01.797, 293.67, 100, 74232, 74
2026/07/29 04:48:02.832, 285.09, 100, 74232, 74
2026/07/29 04:48:03.867, 273.08, 100, 74232, 74
2026/07/29 04:48:04.903, 262.56, 100, 74232, 74
2026/07/29 04:48:05.940, 301.90, 100, 74232, 73
2026/07/29 04:48:06.978, 303.17, 100, 74232, 73
2026/07/29 04:48:08.015, 302.69, 100, 74232, 73
2026/07/29 04:48:09.053, 302.19, 100, 74232, 73
2026/07/29 04:48:10.089, 420.45, 0, 74232, 74
2026/07/29 04:48:11.124, 292.85, 100, 74232, 74
2026/07/29 04:48:12.164, 285.44, 100, 74232, 74
2026/07/29 04:48:13.200, 285.97, 100, 74232, 74
2026/07/29 04:48:14.235, 277.70, 100, 74232, 75
2026/07/29 04:48:15.274, 296.87, 100, 74232, 75
2026/07/29 04:48:16.311, 302.10, 100, 74232, 73
2026/07/29 04:48:17.348, 302.65, 100, 74232, 73
2026/07/29 04:48:18.384, 302.65, 100, 74232, 73
2026/07/29 04:48:19.421, 303.27, 100, 74232, 73
2026/07/29 04:48:20.458, 303.32, 100, 74232, 75
2026/07/29 04:48:21.493, 294.78, 100, 74232, 75
2026/07/29 04:48:22.535, 291.89, 100, 74232, 75
2026/07/29 04:48:23.570, 299.90, 100, 74232, 75
2026/07/29 04:48:24.606, 310.75, 100, 74232, 75
2026/07/29 04:48:25.645, 260.42, 100, 74232, 75
2026/07/29 04:48:26.680, 303.24, 100, 74232, 74
2026/07/29 04:48:27.718, 304.39, 100, 74232, 74
2026/07/29 04:48:28.755, 304.33, 100, 74232, 74
2026/07/29 04:48:29.796, 296.38, 100, 74232, 74
2026/07/29 04:48:30.834, 297.64, 100, 74232, 74
2026/07/29 04:48:31.872, 296.76, 100, 74232, 74
2026/07/29 04:48:32.911, 289.33, 100, 74232, 74
2026/07/29 04:48:33.949, 285.60, 100, 74232, 74
2026/07/29 04:48:34.990, 285.12, 100, 74232, 74
2026/07/29 04:48:36.028, 296.83, 100, 74232, 74
2026/07/29 04:48:37.064, 288.51, 100, 74232, 76
2026/07/29 04:48:38.100, 295.61, 100, 74232, 76
2026/07/29 04:48:39.135, 280.02, 100, 74232, 76
2026/07/29 04:48:40.170, 304.72, 100, 74232, 76
2026/07/29 04:48:41.206, 277.77, 100, 74232, 76
2026/07/29 04:48:42.246, 299.68, 100, 74232, 76
2026/07/29 04:48:43.282, 304.35, 100, 74232, 74
2026/07/29 04:48:44.322, 304.54, 100, 74232, 74
2026/07/29 04:48:45.360, 305.12, 100, 74232, 74
2026/07/29 04:48:46.396, 304.41, 100, 74232, 74
2026/07/29 04:48:47.434, 305.40, 100, 74232, 74
2026/07/29 04:48:48.471, 297.35, 100, 74232, 74
2026/07/29 04:48:49.508, 293.26, 100, 74232, 74
2026/07/29 04:48:50.545, 299.07, 100, 74232, 74
2026/07/29 04:48:51.582, 287.54, 100, 74232, 74
2026/07/29 04:48:52.624, 297.63, 100, 74232, 74
2026/07/29 04:48:53.663, 298.53, 100, 74232, 74
2026/07/29 04:48:54.700, 294.03, 100, 74232, 74
2026/07/29 04:48:55.740, 293.65, 100, 74232, 74
2026/07/29 04:48:56.777, 294.52, 31, 74232, 75
2026/07/29 04:48:57.814, 297.60, 100, 74232, 75
2026/07/29 04:48:58.852, 284.42, 100, 74232, 75
2026/07/29 04:48:59.886, 304.45, 100, 74232, 75
2026/07/29 04:49:00.919, 307.13, 100, 74232, 75
2026/07/29 04:49:01.953, 286.70, 100, 74232, 75
2026/07/29 04:49:02.990, 272.22, 100, 74232, 75
2026/07/29 04:49:04.025, 306.72, 100, 74232, 74
2026/07/29 04:49:05.062, 303.18, 100, 74232, 74
2026/07/29 04:49:06.099, 298.12, 100, 74232, 74
2026/07/29 04:49:07.137, 298.03, 100, 74232, 74
2026/07/29 04:49:08.175, 291.41, 59, 74232, 75
2026/07/29 04:49:09.212, 297.42, 100, 74232, 75
2026/07/29 04:49:10.248, 289.27, 100, 74232, 75
2026/07/29 04:49:11.282, 317.88, 100, 74232, 75
2026/07/29 04:49:12.317, 314.65, 100, 74232, 76
2026/07/29 04:49:13.353, 273.72, 100, 74232, 75
2026/07/29 04:49:14.388, 316.87, 100, 74232, 76
2026/07/29 04:49:15.422, 299.07, 100, 74232, 74
2026/07/29 04:49:16.464, 290.17, 100, 74232, 74
2026/07/29 04:49:17.503, 286.16, 100, 74232, 74
2026/07/29 04:49:18.540, 292.19, 100, 74232, 74
2026/07/29 04:49:19.578, 292.17, 100, 74232, 75
2026/07/29 04:49:20.612, 289.67, 100, 74232, 75
2026/07/29 04:49:21.647, 293.45, 100, 74232, 76
2026/07/29 04:49:22.682, 301.10, 100, 74232, 76
2026/07/29 04:49:23.717, 313.87, 100, 74232, 76
2026/07/29 04:49:24.752, 288.50, 100, 74232, 76
2026/07/29 04:49:25.789, 313.36, 100, 74232, 76
2026/07/29 04:49:26.826, 296.06, 100, 74232, 74
2026/07/29 04:49:27.863, 297.62, 100, 74232, 74
2026/07/29 04:49:28.902, 297.45, 100, 74232, 74
2026/07/29 04:49:29.939, 295.57, 100, 74232, 76
2026/07/29 04:49:30.974, 295.04, 100, 74232, 76
2026/07/29 04:49:32.008, 286.65, 100, 74232, 76
2026/07/29 04:49:33.044, 313.63, 100, 74232, 76
2026/07/29 04:49:34.079, 285.17, 100, 74232, 76
2026/07/29 04:49:35.115, 260.48, 100, 74232, 76
2026/07/29 04:49:36.151, 271.58, 100, 74232, 75
2026/07/29 04:49:37.193, 286.74, 100, 74232, 74
2026/07/29 04:49:38.232, 290.94, 100, 74232, 74
2026/07/29 04:49:39.269, 293.18, 100, 74232, 74
2026/07/29 04:49:40.307, 289.77, 100, 74232, 74
2026/07/29 04:49:41.343, 290.73, 100, 74232, 74
2026/07/29 04:49:42.379, 297.06, 100, 74232, 74
2026/07/29 04:49:43.419, 299.67, 100, 74232, 74
2026/07/29 04:49:44.458, 298.80, 100, 74232, 74
2026/07/29 04:49:45.497, 298.33, 100, 74232, 74
2026/07/29 04:49:46.534, 297.81, 100, 74232, 74
2026/07/29 04:49:47.572, 293.65, 100, 74232, 74
2026/07/29 04:49:48.609, 297.43, 100, 74232, 74
2026/07/29 04:49:49.646, 294.34, 100, 74232, 74
2026/07/29 04:49:50.682, 297.73, 100, 74232, 74
2026/07/29 04:49:51.719, 101.61, 0, 74232, 71
2026/07/29 04:49:52.752, 301.18, 100, 74232, 76
2026/07/29 04:49:53.789, 288.42, 100, 74232, 76
2026/07/29 04:49:54.825, 284.24, 100, 74232, 76
2026/07/29 04:49:55.859, 282.54, 100, 74232, 76
2026/07/29 04:49:56.893, 291.19, 100, 74232, 75
2026/07/29 04:49:57.928, 273.99, 100, 74232, 75
2026/07/29 04:49:58.963, 291.99, 100, 74232, 75
2026/07/29 04:49:59.998, 291.31, 100, 74232, 74
2026/07/29 04:50:01.035, 290.04, 100, 74232, 74
2026/07/29 04:50:02.074, 98.88, 49, 74232, 75
2026/07/29 04:50:03.110, 299.75, 100, 74232, 74
2026/07/29 04:50:04.147, 296.64, 100, 74232, 74
2026/07/29 04:50:05.191, 302.40, 100, 74232, 74
2026/07/29 04:50:06.231, 306.45, 100, 74232, 74
2026/07/29 04:50:07.268, 300.35, 100, 74232, 74
2026/07/29 04:50:08.308, 304.22, 100, 74232, 74
2026/07/29 04:50:09.345, 304.86, 100, 74232, 74
2026/07/29 04:50:10.382, 303.30, 100, 74232, 74
2026/07/29 04:50:11.418, 304.11, 100, 74232, 74
2026/07/29 04:50:12.455, 304.80, 100, 74232, 74
2026/07/29 04:50:13.492, 304.22, 100, 74232, 74
2026/07/29 04:50:14.530, 304.36, 100, 74232, 74
2026/07/29 04:50:15.567, 303.36, 100, 74232, 74
2026/07/29 04:50:16.603, 303.26, 100, 74232, 74
2026/07/29 04:50:17.639, 304.85, 100, 74232, 74
2026/07/29 04:50:18.675, 303.06, 100, 74232, 74
2026/07/29 04:50:19.711, 303.45, 100, 74232, 74
2026/07/29 04:50:20.748, 303.56, 100, 74232, 74
2026/07/29 04:50:21.785, 303.03, 100, 74232, 74
2026/07/29 04:50:22.822, 295.89, 100, 74232, 74
2026/07/29 04:50:23.859, 294.90, 100, 74232, 74
2026/07/29 04:50:24.896, 295.20, 100, 74232, 74
2026/07/29 04:50:25.933, 294.79, 100, 74232, 74
2026/07/29 04:50:26.969, 292.87, 100, 74232, 73
2026/07/29 04:50:28.008, 296.16, 100, 74232, 73
2026/07/29 04:50:29.045, 297.13, 100, 74232, 73
2026/07/29 04:50:30.082, 295.49, 100, 74232, 73
2026/07/29 04:50:31.119, 296.40, 100, 74232, 73
2026/07/29 04:50:32.158, 294.72, 100, 74232, 73
2026/07/29 04:50:33.195, 302.68, 100, 74232, 73
2026/07/29 04:50:34.237, 304.04, 100, 74232, 73
2026/07/29 04:50:35.275, 303.45, 100, 74232, 73
2026/07/29 04:50:36.311, 303.65, 100, 74232, 73
2026/07/29 04:50:37.349, 303.43, 100, 74232, 73
2026/07/29 04:50:38.385, 302.28, 100, 74232, 73
2026/07/29 04:50:39.422, 302.69, 100, 74232, 73
2026/07/29 04:50:40.459, 303.07, 100, 74232, 73
2026/07/29 04:50:41.495, 304.90, 100, 74232, 73
2026/07/29 04:50:42.531, 303.65, 100, 74232, 73
2026/07/29 04:50:43.568, 302.96, 100, 74232, 73
2026/07/29 04:50:44.607, 303.18, 100, 74232, 73
2026/07/29 04:50:45.644, 294.62, 100, 74232, 73
2026/07/29 04:50:46.684, 297.74, 100, 74232, 73
2026/07/29 04:50:47.721, 291.51, 100, 74232, 73
2026/07/29 04:50:48.757, 290.24, 100, 74232, 73
2026/07/29 04:50:49.794, 294.31, 100, 74232, 73
2026/07/29 04:50:50.831, 294.83, 100, 74232, 73
2026/07/29 04:50:51.870, 295.72, 100, 74232, 73
2026/07/29 04:50:52.908, 303.74, 100, 74232, 73
2026/07/29 04:50:53.946, 299.05, 100, 74232, 73
2026/07/29 04:50:54.983, 302.75, 100, 74232, 73
2026/07/29 04:50:56.020, 299.08, 100, 74232, 73
2026/07/29 04:50:57.058, 301.78, 100, 74232, 73
2026/07/29 04:50:58.096, 297.91, 100, 74232, 73
2026/07/29 04:50:59.133, 294.92, 100, 74232, 73
2026/07/29 04:51:00.170, 300.06, 100, 74232, 73
2026/07/29 04:51:01.211, 294.13, 100, 74232, 73
2026/07/29 04:51:02.248, 295.88, 100, 74232, 73
2026/07/29 04:51:03.285, 293.07, 100, 74232, 73
2026/07/29 04:51:04.324, 292.20, 100, 74232, 73
2026/07/29 04:51:05.363, 299.25, 100, 74232, 73
2026/07/29 04:51:06.400, 301.00, 100, 74232, 73
2026/07/29 04:51:07.437, 300.84, 100, 74232, 73
2026/07/29 04:51:08.475, 305.11, 100, 74232, 73
2026/07/29 04:51:09.512, 302.78, 100, 74232, 73
2026/07/29 04:51:10.549, 302.08, 100, 74232, 73
2026/07/29 04:51:11.587, 300.36, 100, 74232, 73
2026/07/29 04:51:12.623, 303.46, 100, 74232, 73
2026/07/29 04:51:13.660, 302.10, 100, 74232, 73
2026/07/29 04:51:14.697, 301.23, 100, 74232, 73
2026/07/29 04:51:15.733, 302.77, 100, 74232, 73
2026/07/29 04:51:16.771, 301.62, 100, 74232, 73
2026/07/29 04:51:17.809, 301.62, 100, 74232, 73
2026/07/29 04:51:18.846, 301.81, 100, 74232, 73
2026/07/29 04:51:19.884, 301.89, 100, 74232, 73
2026/07/29 04:51:20.922, 301.68, 100, 74232, 73
2026/07/29 04:51:21.959, 302.18, 100, 74232, 73
2026/07/29 04:51:22.997, 296.65, 100, 74232, 73
2026/07/29 04:51:24.035, 303.95, 100, 74232, 73
2026/07/29 04:51:25.071, 301.61, 100, 74232, 73
2026/07/29 04:51:26.109, 297.26, 100, 74232, 73
2026/07/29 04:51:27.145, 294.62, 100, 74232, 73
2026/07/29 04:51:28.182, 294.53, 100, 74232, 73
2026/07/29 04:51:29.219, 295.39, 100, 74232, 73
2026/07/29 04:51:30.257, 290.35, 100, 74232, 73
2026/07/29 04:51:31.295, 293.06, 100, 74232, 73
2026/07/29 04:51:32.334, 294.52, 100, 74232, 73
2026/07/29 04:51:33.371, 293.93, 100, 74232, 73
2026/07/29 04:51:34.407, 291.90, 100, 74232, 73
2026/07/29 04:51:35.444, 296.27, 100, 74232, 73
2026/07/29 04:51:36.482, 295.42, 100, 74232, 73
2026/07/29 04:51:37.520, 300.14, 100, 74232, 73
2026/07/29 04:51:38.557, 296.00, 100, 74232, 73
2026/07/29 04:51:39.597, 293.07, 100, 74232, 73
2026/07/29 04:51:40.635, 295.76, 100, 74232, 73
2026/07/29 04:51:41.672, 297.25, 100, 74232, 73
2026/07/29 04:51:42.708, 292.59, 100, 74232, 73
2026/07/29 04:51:43.746, 290.53, 100, 74232, 73
2026/07/29 04:51:44.783, 296.00, 100, 74232, 73
2026/07/29 04:51:45.819, 303.30, 100, 74232, 73
2026/07/29 04:51:46.856, 303.36, 100, 74232, 73
2026/07/29 04:51:47.893, 297.15, 100, 74232, 73
2026/07/29 04:51:48.931, 299.01, 100, 74232, 73
2026/07/29 04:51:49.968, 299.89, 100, 74232, 73
2026/07/29 04:51:51.006, 299.95, 100, 74232, 73
2026/07/29 04:51:52.044, 302.34, 100, 74232, 73
2026/07/29 04:51:53.080, 301.61, 100, 74232, 73
2026/07/29 04:51:54.117, 303.46, 100, 74232, 73
2026/07/29 04:51:55.154, 303.54, 100, 74232, 73
2026/07/29 04:51:56.194, 294.14, 100, 74232, 75
2026/07/29 04:51:57.230, 303.55, 100, 74232, 75
2026/07/29 04:51:58.267, 303.42, 100, 74232, 75
2026/07/29 04:51:59.301, 278.60, 100, 74232, 75
2026/07/29 04:52:00.336, 275.54, 100, 74232, 75
2026/07/29 04:52:01.373, 268.83, 100, 74232, 74
2026/07/29 04:52:02.409, 302.20, 100, 74232, 73
2026/07/29 04:52:03.445, 302.76, 100, 74232, 73
2026/07/29 04:52:04.483, 302.79, 100, 74232, 73
2026/07/29 04:52:05.520, 302.28, 100, 74232, 73
2026/07/29 04:52:06.557, 302.68, 100, 74232, 73
2026/07/29 04:52:07.594, 303.17, 100, 74232, 73
2026/07/29 04:52:08.632, 305.19, 100, 74232, 73
2026/07/29 04:52:09.668, 290.23, 100, 74232, 74
2026/07/29 04:52:10.704, 290.83, 100, 74232, 75
2026/07/29 04:52:11.738, 314.50, 100, 74232, 75
2026/07/29 04:52:12.778, 312.85, 100, 74232, 75
2026/07/29 04:52:13.816, 299.10, 100, 74232, 75
2026/07/29 04:52:14.853, 300.80, 100, 74232, 75
2026/07/29 04:52:15.890, 281.18, 100, 74232, 73
2026/07/29 04:52:16.930, 285.09, 100, 74232, 73
2026/07/29 04:52:17.969, 294.30, 100, 74232, 73
2026/07/29 04:52:19.007, 293.25, 100, 74232, 75
2026/07/29 04:52:20.048, 292.11, 100, 74232, 75
2026/07/29 04:52:21.082, 299.86, 100, 74232, 75
2026/07/29 04:52:22.117, 286.60, 100, 74232, 75
2026/07/29 04:52:23.152, 302.08, 100, 74232, 75
2026/07/29 04:52:24.189, 327.10, 100, 74232, 75
2026/07/29 04:52:25.222, 272.18, 100, 74232, 75
2026/07/29 04:52:26.257, 296.27, 100, 74232, 74
2026/07/29 04:52:27.296, 294.71, 100, 74232, 74
2026/07/29 04:52:28.333, 293.35, 100, 74232, 74
2026/07/29 04:52:29.370, 295.98, 100, 74232, 74
2026/07/29 04:52:30.409, 291.02, 100, 74232, 74
2026/07/29 04:52:31.446, 286.05, 100, 74232, 74
2026/07/29 04:52:32.488, 289.28, 100, 74232, 74
2026/07/29 04:52:33.526, 290.54, 100, 74232, 74
2026/07/29 04:52:34.562, 290.45, 100, 74232, 74
2026/07/29 04:52:35.599, 297.25, 100, 74232, 74
2026/07/29 04:52:36.635, 298.58, 100, 74232, 74
2026/07/29 04:52:37.673, 297.44, 100, 74232, 74
2026/07/29 04:52:38.709, 297.55, 100, 74232, 74
2026/07/29 04:52:39.750, 296.37, 100, 74232, 74
2026/07/29 04:52:40.790, 298.02, 100, 74232, 74
2026/07/29 04:52:41.827, 299.77, 100, 74232, 74
2026/07/29 04:52:42.864, 297.55, 100, 74232, 74
2026/07/29 04:52:43.900, 296.87, 100, 74232, 74
2026/07/29 04:52:44.940, 296.67, 100, 74232, 74
2026/07/29 04:52:45.977, 304.24, 100, 74232, 74
2026/07/29 04:52:47.016, 305.43, 100, 74232, 74
2026/07/29 04:52:48.053, 298.09, 100, 74232, 74
2026/07/29 04:52:49.095, 296.49, 100, 74232, 74
2026/07/29 04:52:50.132, 295.97, 100, 74232, 74
2026/07/29 04:52:51.169, 296.67, 100, 74232, 74
2026/07/29 04:52:52.205, 297.35, 100, 74232, 74
2026/07/29 04:52:53.244, 303.66, 100, 74232, 74
2026/07/29 04:52:54.281, 304.19, 100, 74232, 74
2026/07/29 04:52:55.318, 304.33, 100, 74232, 74
2026/07/29 04:52:56.356, 304.50, 100, 74232, 74
2026/07/29 04:52:57.394, 304.83, 100, 74232, 73
2026/07/29 04:52:58.433, 299.38, 100, 74232, 73
2026/07/29 04:52:59.470, 298.20, 100, 74232, 73
2026/07/29 04:53:00.509, 299.29, 100, 74232, 73
2026/07/29 04:53:01.545, 296.56, 100, 74232, 73
2026/07/29 04:53:02.581, 296.56, 100, 74232, 73
2026/07/29 04:53:03.618, 295.50, 100, 74232, 73
2026/07/29 04:53:04.655, 295.98, 100, 74232, 73
2026/07/29 04:53:05.692, 296.37, 100, 74232, 73
2026/07/29 04:53:06.729, 297.92, 100, 74232, 73
2026/07/29 04:53:07.766, 299.66, 100, 74232, 73
2026/07/29 04:53:08.803, 296.05, 100, 74232, 73
2026/07/29 04:53:09.841, 295.58, 100, 74232, 73
2026/07/29 04:53:10.877, 296.19, 100, 74232, 73
2026/07/29 04:53:11.915, 295.42, 100, 74232, 73
2026/07/29 04:53:12.952, 295.43, 100, 74232, 73
2026/07/29 04:53:13.989, 294.82, 100, 74232, 73
2026/07/29 04:53:15.027, 301.52, 100, 74232, 73
2026/07/29 04:53:16.065, 298.99, 100, 74232, 73
2026/07/29 04:53:17.105, 295.41, 100, 74232, 73
2026/07/29 04:53:18.142, 303.08, 100, 74232, 73
2026/07/29 04:53:19.182, 302.68, 100, 74232, 73
2026/07/29 04:53:20.218, 299.87, 100, 74232, 73
2026/07/29 04:53:21.257, 302.48, 100, 74232, 73
2026/07/29 04:53:22.295, 295.10, 100, 74232, 73
2026/07/29 04:53:23.335, 291.70, 100, 74232, 73
2026/07/29 04:53:24.372, 291.91, 100, 74232, 73
2026/07/29 04:53:25.416, 294.62, 100, 74232, 73
2026/07/29 04:53:26.455, 290.63, 100, 74232, 73
2026/07/29 04:53:27.497, 294.53, 100, 74232, 73
2026/07/29 04:53:28.536, 298.78, 100, 74232, 73
2026/07/29 04:53:29.573, 295.59, 100, 74232, 73
2026/07/29 04:53:30.610, 296.78, 100, 74232, 73
2026/07/29 04:53:31.648, 299.27, 100, 74232, 73
2026/07/29 04:53:32.690, 295.39, 100, 74232, 73
2026/07/29 04:53:33.727, 294.80, 100, 74232, 73
2026/07/29 04:53:34.765, 294.44, 100, 74232, 73
2026/07/29 04:53:35.802, 295.12, 100, 74232, 73
2026/07/29 04:53:36.839, 296.37, 100, 74232, 73
2026/07/29 04:53:37.881, 301.33, 100, 74232, 73
2026/07/29 04:53:38.918, 297.24, 100, 74232, 73
2026/07/29 04:53:39.954, 302.46, 100, 74232, 73
2026/07/29 04:53:40.991, 302.70, 100, 74232, 73
2026/07/29 04:53:42.029, 302.75, 100, 74232, 73
2026/07/29 04:53:43.067, 300.12, 100, 74232, 73
2026/07/29 04:53:44.104, 303.45, 100, 74232, 73
2026/07/29 04:53:45.141, 303.28, 100, 74232, 73
2026/07/29 04:53:46.177, 297.55, 100, 74232, 73
2026/07/29 04:53:47.213, 291.70, 100, 74232, 73
2026/07/29 04:53:48.251, 294.92, 100, 74232, 73
2026/07/29 04:53:49.288, 295.90, 100, 74232, 73
2026/07/29 04:53:50.325, 294.89, 100, 74232, 73
2026/07/29 04:53:51.364, 303.27, 100, 74232, 73
2026/07/29 04:53:52.400, 302.58, 100, 74232, 73
2026/07/29 04:53:53.437, 299.73, 100, 74232, 73
2026/07/29 04:53:54.474, 299.68, 100, 74232, 73
2026/07/29 04:53:55.514, 303.36, 100, 74232, 73
2026/07/29 04:53:56.552, 303.55, 100, 74232, 73
2026/07/29 04:53:57.588, 302.96, 100, 74232, 73
2026/07/29 04:53:58.625, 296.76, 100, 74232, 73
2026/07/29 04:53:59.662, 303.03, 100, 74232, 73
2026/07/29 04:54:00.699, 302.78, 100, 74232, 73
2026/07/29 04:54:01.736, 303.47, 100, 74232, 73
2026/07/29 04:54:02.773, 303.84, 100, 74232, 73
2026/07/29 04:54:03.810, 303.47, 100, 74232, 73
2026/07/29 04:54:04.849, 306.17, 100, 74232, 73
2026/07/29 04:54:05.885, 298.98, 100, 74232, 73
2026/07/29 04:54:06.922, 295.52, 100, 74232, 73
2026/07/29 04:54:07.959, 295.00, 100, 74232, 73
2026/07/29 04:54:08.997, 296.09, 100, 74232, 73
2026/07/29 04:54:10.037, 291.51, 100, 74232, 73
2026/07/29 04:54:11.075, 298.90, 100, 74232, 73
2026/07/29 04:54:12.114, 309.66, 100, 74232, 75
2026/07/29 04:54:13.149, 305.68, 100, 74232, 75
2026/07/29 04:54:14.188, 303.97, 100, 74232, 75
2026/07/29 04:54:15.224, 305.05, 100, 74232, 74
2026/07/29 04:54:16.259, 312.09, 100, 74232, 75
2026/07/29 04:54:17.301, 302.64, 100, 74232, 74
2026/07/29 04:54:18.336, 311.82, 100, 74232, 75
2026/07/29 04:54:19.372, 296.26, 100, 74232, 73
2026/07/29 04:54:20.410, 288.78, 100, 74232, 73
2026/07/29 04:54:21.447, 295.70, 100, 74232, 73
2026/07/29 04:54:22.485, 292.56, 100, 74232, 73
2026/07/29 04:54:23.526, 289.19, 100, 74232, 73
2026/07/29 04:54:24.566, 288.40, 100, 74232, 73
2026/07/29 04:54:25.603, 288.12, 100, 74232, 73
2026/07/29 04:54:26.642, 284.79, 100, 74232, 73
2026/07/29 04:54:27.685, 284.88, 100, 74232, 73
2026/07/29 04:54:28.722, 294.13, 100, 74232, 73
2026/07/29 04:54:29.759, 295.12, 100, 74232, 73
2026/07/29 04:54:30.799, 292.28, 100, 74232, 73
2026/07/29 04:54:31.837, 295.89, 100, 74232, 73
2026/07/29 04:54:32.879, 295.29, 100, 74232, 73
2026/07/29 04:54:33.918, 294.63, 100, 74232, 73
2026/07/29 04:54:34.956, 295.51, 100, 74232, 73
2026/07/29 04:54:35.995, 295.32, 100, 74232, 73
2026/07/29 04:54:37.033, 295.78, 100, 74232, 73
2026/07/29 04:54:38.071, 299.01, 100, 74232, 73
2026/07/29 04:54:39.109, 299.09, 100, 74232, 73
2026/07/29 04:54:40.146, 308.22, 100, 74232, 73
2026/07/29 04:54:41.183, 303.07, 100, 74232, 73
2026/07/29 04:54:42.222, 304.03, 100, 74232, 73
2026/07/29 04:54:43.261, 303.56, 100, 74232, 73
2026/07/29 04:54:44.298, 303.08, 100, 74232, 73
2026/07/29 04:54:45.334, 304.43, 100, 74232, 73
2026/07/29 04:54:46.371, 302.70, 100, 74232, 73
2026/07/29 04:54:47.408, 303.78, 100, 74232, 73
2026/07/29 04:54:48.445, 296.45, 100, 74232, 73
2026/07/29 04:54:49.481, 296.96, 100, 74232, 73
2026/07/29 04:54:50.518, 297.13, 100, 74232, 73
2026/07/29 04:54:51.556, 300.54, 100, 74232, 73
2026/07/29 04:54:52.594, 297.34, 100, 74232, 73
2026/07/29 04:54:53.631, 296.38, 100, 74232, 73
2026/07/29 04:54:54.671, 296.16, 100, 74232, 73
2026/07/29 04:54:55.707, 295.88, 100, 74232, 73
2026/07/29 04:54:56.745, 296.08, 100, 74232, 73
2026/07/29 04:54:57.785, 295.90, 100, 74232, 73
2026/07/29 04:54:58.831, 306.91, 100, 74232, 73
2026/07/29 04:54:59.870, 299.21, 100, 74232, 73
2026/07/29 04:55:00.909, 297.82, 100, 74232, 73
2026/07/29 04:55:01.947, 294.81, 100, 74232, 73
2026/07/29 04:55:02.985, 291.92, 100, 74232, 73
2026/07/29 04:55:04.022, 296.17, 100, 74232, 73
2026/07/29 04:55:05.060, 294.52, 100, 74232, 73
2026/07/29 04:55:06.098, 295.31, 100, 74232, 73
2026/07/29 04:55:07.136, 295.30, 100, 74232, 73
2026/07/29 04:55:08.174, 302.65, 100, 74232, 73
2026/07/29 04:55:09.211, 302.25, 100, 74232, 73
2026/07/29 04:55:10.250, 303.73, 100, 74232, 73
2026/07/29 04:55:11.288, 295.01, 100, 74232, 73
2026/07/29 04:55:12.326, 295.11, 100, 74232, 73
2026/07/29 04:55:13.364, 294.55, 100, 74232, 73
2026/07/29 04:55:14.404, 302.20, 100, 74232, 73
2026/07/29 04:55:15.442, 306.49, 100, 74232, 73
2026/07/29 04:55:16.480, 303.95, 100, 74232, 73
2026/07/29 04:55:17.518, 302.59, 100, 74232, 73
2026/07/29 04:55:18.554, 303.78, 100, 74232, 73
2026/07/29 04:55:19.592, 299.19, 100, 74232, 73
2026/07/29 04:55:20.630, 304.70, 100, 74232, 73
2026/07/29 04:55:21.668, 302.86, 100, 74232, 73
2026/07/29 04:55:22.706, 303.27, 100, 74232, 73
2026/07/29 04:55:23.743, 302.45, 100, 74232, 73
2026/07/29 04:55:24.781, 302.57, 100, 74232, 73
2026/07/29 04:55:25.818, 302.60, 100, 74232, 73
2026/07/29 04:55:26.856, 302.65, 100, 74232, 73
2026/07/29 04:55:27.893, 295.30, 100, 74232, 73
2026/07/29 04:55:28.930, 292.50, 100, 74232, 73
2026/07/29 04:55:29.967, 291.52, 100, 74232, 73
2026/07/29 04:55:31.005, 295.42, 100, 74232, 73
2026/07/29 04:55:32.042, 298.21, 100, 74232, 73
2026/07/29 04:55:33.090, 298.51, 100, 74232, 73
2026/07/29 04:55:34.130, 299.78, 100, 74232, 73
2026/07/29 04:55:35.167, 302.59, 100, 74232, 73
2026/07/29 04:55:36.215, 295.89, 100, 74232, 73
2026/07/29 04:55:37.259, 296.18, 100, 74232, 73
2026/07/29 04:55:38.299, 295.40, 100, 74232, 73
2026/07/29 04:55:39.338, 296.26, 100, 74232, 73
2026/07/29 04:55:40.376, 298.61, 100, 74232, 73
2026/07/29 04:55:41.413, 302.39, 100, 74232, 73
2026/07/29 04:55:42.451, 303.42, 100, 74232, 73
2026/07/29 04:55:43.488, 295.58, 100, 74232, 73
2026/07/29 04:55:44.526, 295.30, 100, 74232, 73
2026/07/29 04:55:45.564, 296.24, 100, 74232, 73
2026/07/29 04:55:46.602, 295.78, 100, 74232, 73
2026/07/29 04:55:47.639, 297.05, 100, 74232, 73
2026/07/29 04:55:48.678, 297.63, 100, 74232, 73
2026/07/29 04:55:49.716, 301.04, 100, 74232, 73
2026/07/29 04:55:50.752, 299.97, 100, 74232, 73
2026/07/29 04:55:51.790, 306.95, 100, 74232, 73
2026/07/29 04:55:52.827, 303.53, 100, 74232, 73
2026/07/29 04:55:53.865, 302.29, 100, 74232, 73
2026/07/29 04:55:54.902, 303.05, 100, 74232, 73
2026/07/29 04:55:55.940, 305.31, 100, 74232, 73
2026/07/29 04:55:56.978, 292.88, 100, 74232, 73
2026/07/29 04:55:58.017, 292.10, 100, 74232, 73
2026/07/29 04:55:59.059, 295.69, 100, 74232, 73
2026/07/29 04:56:00.097, 296.18, 100, 74232, 73
2026/07/29 04:56:01.138, 294.92, 100, 74232, 73
2026/07/29 04:56:02.177, 298.32, 100, 74232, 73
2026/07/29 04:56:03.214, 296.26, 100, 74232, 73
2026/07/29 04:56:04.254, 295.80, 100, 74232, 73
2026/07/29 04:56:05.292, 295.00, 100, 74232, 73
2026/07/29 04:56:06.332, 295.88, 100, 74232, 73
2026/07/29 04:56:07.368, 303.08, 100, 74232, 73
2026/07/29 04:56:08.407, 305.38, 100, 74232, 73
2026/07/29 04:56:09.446, 296.97, 100, 74232, 73
2026/07/29 04:56:10.484, 295.80, 100, 74232, 73
2026/07/29 04:56:11.523, 296.07, 100, 74232, 73
2026/07/29 04:56:12.562, 296.37, 100, 74232, 73
2026/07/29 04:56:13.600, 297.05, 100, 74232, 73
2026/07/29 04:56:14.639, 295.31, 100, 74232, 73
2026/07/29 04:56:15.677, 296.09, 100, 74232, 73
2026/07/29 04:56:16.720, 302.40, 100, 74232, 73
2026/07/29 04:56:17.758, 303.56, 100, 74232, 73
2026/07/29 04:56:18.797, 295.02, 100, 74232, 73
2026/07/29 04:56:19.835, 294.73, 100, 74232, 73
2026/07/29 04:56:20.873, 294.94, 100, 74232, 73
2026/07/29 04:56:21.910, 299.35, 100, 74232, 73
2026/07/29 04:56:22.950, 302.99, 100, 74232, 73
2026/07/29 04:56:23.987, 303.01, 100, 74232, 73
2026/07/29 04:56:25.025, 299.58, 100, 74232, 73
2026/07/29 04:56:26.062, 303.44, 100, 74232, 73
2026/07/29 04:56:27.100, 303.13, 100, 74232, 73
2026/07/29 04:56:28.138, 304.92, 100, 74232, 73
2026/07/29 04:56:29.176, 295.90, 100, 74232, 73
2026/07/29 04:56:30.216, 295.90, 100, 74232, 73
2026/07/29 04:56:31.257, 297.52, 100, 74232, 73
2026/07/29 04:56:32.295, 295.79, 100, 74232, 73
2026/07/29 04:56:33.333, 296.96, 100, 74232, 73
2026/07/29 04:56:34.372, 295.50, 100, 74232, 73
2026/07/29 04:56:35.410, 295.42, 100, 74232, 73
2026/07/29 04:56:36.453, 294.43, 100, 74232, 73
2026/07/29 04:56:37.492, 295.58, 100, 74232, 73
2026/07/29 04:56:38.531, 296.76, 100, 74232, 73
2026/07/29 04:56:39.571, 295.99, 100, 74232, 73
2026/07/29 04:56:40.609, 299.17, 100, 74232, 73
2026/07/29 04:56:41.648, 302.64, 100, 74232, 73
2026/07/29 04:56:42.684, 304.15, 100, 74232, 73
2026/07/29 04:56:43.722, 302.97, 100, 74232, 73
2026/07/29 04:56:44.760, 297.42, 100, 74232, 73
2026/07/29 04:56:45.798, 291.71, 100, 74232, 73
2026/07/29 04:56:46.836, 296.35, 100, 74232, 73
2026/07/29 04:56:47.874, 295.10, 100, 74232, 73
2026/07/29 04:56:48.911, 301.72, 100, 74232, 73
2026/07/29 04:56:49.949, 302.65, 100, 74232, 73
2026/07/29 04:56:50.988, 303.73, 100, 74232, 73
2026/07/29 04:56:52.027, 296.16, 100, 74232, 73
2026/07/29 04:56:53.065, 302.00, 100, 74232, 73
2026/07/29 04:56:54.103, 302.00, 100, 74232, 73
2026/07/29 04:56:55.143, 302.71, 100, 74232, 73
2026/07/29 04:56:56.181, 302.95, 100, 74232, 73
2026/07/29 04:56:57.221, 303.08, 100, 74232, 73
2026/07/29 04:56:58.262, 302.51, 100, 74232, 73
2026/07/29 04:56:59.300, 303.55, 100, 74232, 73
2026/07/29 04:57:00.340, 302.19, 100, 74232, 73
2026/07/29 04:57:01.379, 303.48, 100, 74232, 73
2026/07/29 04:57:02.416, 302.68, 100, 74232, 73
2026/07/29 04:57:03.456, 297.93, 100, 74232, 73
2026/07/29 04:57:04.494, 294.92, 100, 74232, 73
2026/07/29 04:57:05.531, 294.81, 100, 74232, 73
2026/07/29 04:57:06.569, 295.21, 100, 74232, 73
2026/07/29 04:57:07.607, 295.02, 100, 74232, 73
2026/07/29 04:57:08.645, 294.32, 100, 74232, 73
2026/07/29 04:57:09.683, 99.67, 0, 74232, 70
2026/07/29 04:57:10.717, 297.11, 100, 74232, 74
2026/07/29 04:57:11.754, 303.73, 100, 74232, 74
2026/07/29 04:57:12.788, 290.45, 100, 74232, 74
2026/07/29 04:57:13.823, 301.59, 100, 74232, 74
2026/07/29 04:57:14.865, 314.87, 100, 74232, 74
2026/07/29 04:57:15.900, 323.08, 100, 74232, 74
2026/07/29 04:57:16.935, 301.53, 100, 74232, 73
2026/07/29 04:57:17.975, 289.65, 100, 74232, 72
2026/07/29 04:57:19.013, 293.66, 100, 74232, 72
2026/07/29 04:57:20.050, 296.47, 100, 74232, 73
2026/07/29 04:57:21.088, 294.91, 100, 74232, 73
2026/07/29 04:57:22.126, 294.91, 100, 74232, 73
2026/07/29 04:57:23.166, 295.02, 100, 74232, 73
2026/07/29 04:57:24.204, 296.01, 100, 74232, 73
2026/07/29 04:57:25.242, 303.46, 100, 74232, 73
2026/07/29 04:57:26.280, 301.93, 100, 74232, 73
2026/07/29 04:57:27.317, 295.30, 100, 74232, 73
2026/07/29 04:57:28.355, 303.56, 100, 74232, 73
2026/07/29 04:57:29.392, 302.11, 100, 74232, 73
2026/07/29 04:57:30.429, 303.26, 100, 74232, 73
2026/07/29 04:57:31.468, 303.90, 100, 74232, 73
2026/07/29 04:57:32.506, 305.47, 100, 74232, 73
2026/07/29 04:57:33.545, 303.46, 100, 74232, 73
2026/07/29 04:57:34.582, 303.42, 100, 74232, 73
2026/07/29 04:57:35.620, 299.19, 100, 74232, 73
2026/07/29 04:57:36.658, 296.65, 100, 74232, 73
2026/07/29 04:57:37.696, 295.50, 100, 74232, 73
2026/07/29 04:57:38.735, 296.11, 100, 74232, 73
2026/07/29 04:57:39.773, 295.49, 100, 74232, 73
2026/07/29 04:57:40.811, 295.39, 100, 74232, 73
2026/07/29 04:57:41.849, 295.62, 100, 74232, 73
2026/07/29 04:57:42.887, 296.86, 100, 74232, 73
2026/07/29 04:57:43.925, 291.80, 100, 74232, 73
2026/07/29 04:57:44.965, 299.07, 100, 74232, 73
2026/07/29 04:57:46.003, 294.71, 100, 74232, 73
2026/07/29 04:57:47.041, 302.68, 100, 74232, 73
2026/07/29 04:57:48.079, 303.12, 100, 74232, 73
2026/07/29 04:57:49.116, 300.13, 100, 74232, 73
2026/07/29 04:57:50.154, 291.62, 100, 74232, 73
2026/07/29 04:57:51.191, 299.58, 100, 74232, 73
2026/07/29 04:57:52.228, 295.40, 100, 74232, 73
2026/07/29 04:57:53.275, 295.21, 100, 74232, 73
2026/07/29 04:57:54.314, 302.11, 100, 74232, 73
2026/07/29 04:57:55.352, 298.22, 100, 74232, 73
2026/07/29 04:57:56.391, 299.68, 100, 74232, 73
2026/07/29 04:57:57.429, 303.75, 100, 74232, 73
2026/07/29 04:57:58.466, 303.98, 100, 74232, 73
2026/07/29 04:57:59.506, 302.80, 100, 74232, 73
2026/07/29 04:58:00.543, 303.02, 100, 74232, 73
2026/07/29 04:58:01.580, 302.50, 100, 74232, 73
2026/07/29 04:58:02.618, 303.82, 100, 74232, 73
2026/07/29 04:58:03.655, 296.06, 100, 74232, 73
2026/07/29 04:58:04.693, 297.83, 100, 74232, 73
2026/07/29 04:58:05.732, 302.89, 100, 74232, 73
2026/07/29 04:58:06.769, 295.88, 100, 74232, 73
2026/07/29 04:58:07.807, 295.61, 100, 74232, 73
2026/07/29 04:58:08.845, 295.31, 100, 74232, 73
2026/07/29 04:58:09.884, 295.69, 100, 74232, 73
2026/07/29 04:58:10.921, 295.09, 100, 74232, 73
2026/07/29 04:58:11.960, 295.59, 100, 74232, 73
2026/07/29 04:58:12.998, 295.58, 100, 74232, 73
2026/07/29 04:58:14.035, 294.45, 100, 74232, 73
2026/07/29 04:58:15.073, 296.20, 100, 74232, 73
2026/07/29 04:58:16.111, 295.00, 100, 74232, 73
2026/07/29 04:58:17.150, 298.32, 100, 74232, 73
2026/07/29 04:58:18.188, 295.03, 100, 74232, 73
2026/07/29 04:58:19.225, 303.74, 100, 74232, 73
2026/07/29 04:58:20.263, 303.08, 100, 74232, 73
2026/07/29 04:58:21.300, 303.26, 100, 74232, 73
2026/07/29 04:58:22.338, 303.26, 100, 74232, 73
2026/07/29 04:58:23.375, 304.61, 100, 74232, 73
2026/07/29 04:58:24.413, 302.55, 100, 74232, 73
2026/07/29 04:58:25.449, 303.91, 100, 74232, 73
2026/07/29 04:58:26.487, 302.80, 100, 74232, 73
2026/07/29 04:58:27.525, 287.91, 100, 74232, 74
2026/07/29 04:58:28.560, 294.54, 100, 74232, 75
2026/07/29 04:58:29.594, 287.33, 100, 74232, 74
2026/07/29 04:58:30.632, 293.74, 100, 74232, 75
2026/07/29 04:58:31.666, 281.19, 100, 74232, 74
2026/07/29 04:58:32.705, 308.74, 100, 74232, 74
2026/07/29 04:58:33.740, 312.06, 100, 74232, 74
2026/07/29 04:58:34.778, 303.29, 100, 74232, 73
2026/07/29 04:58:35.816, 302.40, 100, 74232, 73
2026/07/29 04:58:36.856, 303.51, 100, 74232, 73
2026/07/29 04:58:37.893, 303.05, 100, 74232, 73
2026/07/29 04:58:38.932, 303.96, 100, 74232, 73
2026/07/29 04:58:39.970, 298.53, 100, 74232, 73
2026/07/29 04:58:41.007, 297.92, 100, 74232, 73
2026/07/29 04:58:42.047, 295.41, 100, 74232, 73
2026/07/29 04:58:43.085, 292.40, 100, 74232, 73
2026/07/29 04:58:44.123, 295.87, 100, 74232, 73
2026/07/29 04:58:45.161, 299.18, 100, 74232, 73
2026/07/29 04:58:46.198, 294.54, 100, 74232, 73
2026/07/29 04:58:47.236, 302.80, 100, 74232, 73
2026/07/29 04:58:48.277, 296.47, 100, 74232, 73
2026/07/29 04:58:49.315, 296.17, 100, 74232, 73
2026/07/29 04:58:50.355, 295.39, 100, 74232, 73
2026/07/29 04:58:51.392, 296.00, 100, 74232, 73
2026/07/29 04:58:52.428, 295.98, 100, 74232, 73
2026/07/29 04:58:53.466, 296.19, 100, 74232, 73
2026/07/29 04:58:54.504, 296.47, 100, 74232, 73
2026/07/29 04:58:55.542, 296.00, 100, 74232, 73
2026/07/29 04:58:56.579, 304.38, 100, 74232, 73
2026/07/29 04:58:57.615, 301.81, 100, 74232, 73
2026/07/29 04:58:58.654, 298.82, 100, 74232, 73
2026/07/29 04:58:59.692, 302.17, 100, 74232, 73
2026/07/29 04:59:00.730, 304.09, 100, 74232, 73
2026/07/29 04:59:01.766, 304.80, 100, 74232, 73
2026/07/29 04:59:02.803, 303.38, 100, 74232, 73
2026/07/29 04:59:03.841, 293.84, 100, 74232, 73
2026/07/29 04:59:04.877, 291.91, 100, 74232, 73
2026/07/29 04:59:05.914, 295.30, 100, 74232, 73
2026/07/29 04:59:06.951, 297.54, 100, 74232, 73
2026/07/29 04:59:07.990, 303.08, 100, 74232, 73
2026/07/29 04:59:09.027, 303.16, 100, 74232, 73
2026/07/29 04:59:10.068, 299.49, 100, 74232, 73
2026/07/29 04:59:11.106, 297.63, 100, 74232, 73
2026/07/29 04:59:12.143, 292.29, 100, 74232, 73
2026/07/29 04:59:13.182, 297.65, 100, 74232, 73
2026/07/29 04:59:14.219, 296.67, 100, 74232, 73
2026/07/29 04:59:15.257, 303.18, 100, 74232, 73
2026/07/29 04:59:16.295, 297.55, 100, 74232, 73
2026/07/29 04:59:17.333, 303.75, 100, 74232, 73
2026/07/29 04:59:18.370, 297.84, 100, 74232, 73
2026/07/29 04:59:19.408, 296.64, 100, 74232, 73
2026/07/29 04:59:20.446, 296.54, 100, 74232, 73
2026/07/29 04:59:21.485, 304.16, 100, 74232, 73
2026/07/29 04:59:22.523, 303.56, 100, 74232, 73
2026/07/29 04:59:23.559, 292.20, 100, 74232, 73
2026/07/29 04:59:24.597, 295.88, 100, 74232, 73
2026/07/29 04:59:25.635, 294.91, 100, 74232, 73
2026/07/29 04:59:26.673, 295.89, 100, 74232, 73
2026/07/29 04:59:27.711, 295.01, 100, 74232, 73
2026/07/29 04:59:28.751, 294.92, 100, 74232, 73
2026/07/29 04:59:29.787, 296.56, 100, 74232, 73
2026/07/29 04:59:30.826, 295.19, 100, 74232, 73
2026/07/29 04:59:31.864, 297.25, 100, 74232, 73
2026/07/29 04:59:32.902, 302.69, 100, 74232, 73
2026/07/29 04:59:33.941, 296.54, 100, 74232, 73
2026/07/29 04:59:34.977, 291.70, 100, 74232, 73
2026/07/29 04:59:36.017, 296.66, 100, 74232, 73
2026/07/29 04:59:37.054, 303.56, 100, 74232, 73
2026/07/29 04:59:38.090, 302.97, 100, 74232, 73
2026/07/29 04:59:39.128, 303.70, 100, 74232, 73
2026/07/29 04:59:40.165, 299.48, 100, 74232, 73
2026/07/29 04:59:41.202, 302.68, 100, 74232, 73
2026/07/29 04:59:42.239, 304.23, 100, 74232, 73
2026/07/29 04:59:43.279, 303.36, 100, 74232, 73
2026/07/29 04:59:44.315, 306.70, 100, 74232, 73
2026/07/29 04:59:45.353, 303.45, 100, 74232, 73
2026/07/29 04:59:46.389, 305.69, 100, 74232, 73
2026/07/29 04:59:47.426, 295.39, 100, 74232, 73
2026/07/29 04:59:48.463, 306.46, 100, 74232, 73
2026/07/29 04:59:49.500, 302.78, 100, 74232, 73
2026/07/29 04:59:50.539, 302.40, 100, 74232, 73
2026/07/29 04:59:51.575, 295.40, 100, 74232, 73
2026/07/29 04:59:52.613, 296.28, 100, 74232, 73
2026/07/29 04:59:53.650, 297.32, 100, 74232, 73
2026/07/29 04:59:54.686, 291.91, 100, 74232, 73
2026/07/29 04:59:55.724, 295.86, 100, 74232, 73
2026/07/29 04:59:56.760, 294.35, 100, 74232, 73
2026/07/29 04:59:57.797, 295.01, 100, 74232, 73
2026/07/29 04:59:58.833, 295.70, 100, 74232, 73
2026/07/29 04:59:59.873, 295.97, 100, 74232, 73
2026/07/29 05:00:00.911, 291.61, 100, 74232, 73
2026/07/29 05:00:01.949, 296.29, 100, 74232, 73
2026/07/29 05:00:02.987, 303.07, 100, 74232, 73
2026/07/29 05:00:04.025, 293.35, 100, 74232, 73
2026/07/29 05:00:05.065, 292.40, 100, 74232, 73
2026/07/29 05:00:06.103, 296.36, 100, 74232, 73
2026/07/29 05:00:07.140, 298.13, 100, 74232, 73
2026/07/29 05:00:08.177, 304.62, 100, 74232, 73
2026/07/29 05:00:09.215, 303.17, 100, 74232, 73
2026/07/29 05:00:10.252, 306.54, 100, 74232, 73
2026/07/29 05:00:11.290, 300.11, 100, 74232, 73
2026/07/29 05:00:12.326, 304.42, 100, 74232, 73
2026/07/29 05:00:13.362, 302.59, 100, 74232, 73
2026/07/29 05:00:14.403, 299.45, 100, 74232, 73
2026/07/29 05:00:15.441, 301.91, 100, 74232, 73
2026/07/29 05:00:16.478, 99.93, 0, 74232, 70
2026/07/29 05:00:17.523, 300.93, 100, 74232, 73
2026/07/29 05:00:18.563, 304.81, 100, 74232, 73
2026/07/29 05:00:19.600, 297.54, 100, 74232, 73
2026/07/29 05:00:20.640, 296.78, 100, 74232, 73
2026/07/29 05:00:21.678, 299.84, 100, 74232, 73
2026/07/29 05:00:22.716, 300.23, 100, 74232, 73
2026/07/29 05:00:23.754, 302.59, 100, 74232, 73
2026/07/29 05:00:24.791, 302.00, 100, 74232, 73
2026/07/29 05:00:25.829, 300.75, 100, 74232, 73
2026/07/29 05:00:26.866, 301.32, 100, 74232, 73
2026/07/29 05:00:27.904, 302.86, 100, 74232, 73
2026/07/29 05:00:28.942, 299.85, 100, 74232, 73
2026/07/29 05:00:29.979, 302.09, 100, 74232, 73
2026/07/29 05:00:31.016, 300.95, 100, 74232, 73
2026/07/29 05:00:32.054, 300.84, 100, 74232, 73
2026/07/29 05:00:33.092, 291.80, 100, 74232, 73
2026/07/29 05:00:34.131, 292.97, 100, 74232, 73
2026/07/29 05:00:35.170, 294.23, 100, 74232, 73
2026/07/29 05:00:36.208, 293.76, 100, 74232, 73
2026/07/29 05:00:37.245, 294.23, 100, 74232, 73
2026/07/29 05:00:38.284, 296.57, 100, 74232, 73
2026/07/29 05:00:39.322, 295.22, 100, 74232, 73
2026/07/29 05:00:40.361, 293.94, 100, 74232, 73
2026/07/29 05:00:41.400, 294.32, 100, 74232, 73
2026/07/29 05:00:42.438, 299.16, 100, 74232, 73
2026/07/29 05:00:43.476, 297.53, 100, 74232, 73
2026/07/29 05:00:44.514, 296.95, 100, 74232, 73
2026/07/29 05:00:45.551, 298.80, 100, 74232, 73
2026/07/29 05:00:46.588, 297.16, 100, 74232, 73
2026/07/29 05:00:47.625, 303.52, 100, 74232, 73
2026/07/29 05:00:48.663, 301.70, 100, 74232, 73
2026/07/29 05:00:49.700, 303.46, 100, 74232, 73
2026/07/29 05:00:50.738, 301.30, 100, 74232, 73
2026/07/29 05:00:51.775, 303.07, 100, 74232, 73
2026/07/29 05:00:52.813, 301.51, 100, 74232, 73
2026/07/29 05:00:53.851, 302.30, 100, 74232, 73
2026/07/29 05:00:54.888, 300.94, 100, 74232, 73
2026/07/29 05:00:55.926, 296.36, 100, 74232, 73
2026/07/29 05:00:56.962, 293.76, 100, 74232, 73
2026/07/29 05:00:58.003, 294.92, 100, 74232, 73
2026/07/29 05:00:59.040, 296.82, 100, 74232, 73
2026/07/29 05:01:00.077, 294.24, 100, 74232, 73
2026/07/29 05:01:01.116, 296.56, 100, 74232, 73
2026/07/29 05:01:02.153, 296.48, 100, 74232, 73
2026/07/29 05:01:03.190, 295.40, 100, 74232, 73
2026/07/29 05:01:04.228, 295.59, 100, 74232, 73
2026/07/29 05:01:05.265, 294.21, 100, 74232, 73
2026/07/29 05:01:06.301, 290.15, 100, 74232, 73
2026/07/29 05:01:07.338, 296.09, 100, 74232, 73
2026/07/29 05:01:08.377, 294.62, 100, 74232, 73
2026/07/29 05:01:09.415, 294.52, 100, 74232, 73
2026/07/29 05:01:10.452, 293.84, 100, 74232, 73
2026/07/29 05:01:11.490, 293.07, 100, 74232, 73
2026/07/29 05:01:12.528, 300.16, 100, 74232, 73
2026/07/29 05:01:13.564, 302.69, 100, 74232, 73
2026/07/29 05:01:14.601, 301.87, 100, 74232, 73
2026/07/29 05:01:15.639, 301.23, 100, 74232, 73
2026/07/29 05:01:16.677, 302.09, 100, 74232, 73
2026/07/29 05:01:17.715, 300.45, 100, 74232, 73
2026/07/29 05:01:18.751, 295.68, 100, 74232, 73
2026/07/29 05:01:19.788, 300.93, 100, 74232, 73
2026/07/29 05:01:20.825, 298.29, 100, 74232, 73
2026/07/29 05:01:21.863, 294.52, 100, 74232, 73
2026/07/29 05:01:22.901, 290.42, 100, 74232, 73
2026/07/29 05:01:23.939, 291.88, 100, 74232, 73
2026/07/29 05:01:24.976, 293.74, 100, 74232, 73
2026/07/29 05:01:26.018, 293.35, 100, 74232, 73
2026/07/29 05:01:27.055, 293.15, 100, 74232, 73
2026/07/29 05:01:28.092, 294.04, 100, 74232, 73
2026/07/29 05:01:29.129, 294.92, 100, 74232, 73
2026/07/29 05:01:30.166, 300.07, 100, 74232, 73
2026/07/29 05:01:31.203, 302.31, 100, 74232, 73
2026/07/29 05:01:32.239, 301.51, 100, 74232, 73
2026/07/29 05:01:33.277, 300.94, 100, 74232, 73
2026/07/29 05:01:34.315, 300.72, 100, 74232, 73
2026/07/29 05:01:35.351, 303.30, 100, 74232, 73
2026/07/29 05:01:36.389, 300.33, 100, 74232, 73
2026/07/29 05:01:37.426, 302.64, 100, 74232, 73
2026/07/29 05:01:38.465, 300.91, 100, 74232, 73
2026/07/29 05:01:39.503, 294.45, 100, 74232, 73
2026/07/29 05:01:40.541, 293.74, 100, 74232, 73
2026/07/29 05:01:41.579, 293.46, 100, 74232, 73
2026/07/29 05:01:42.615, 295.41, 100, 74232, 73
2026/07/29 05:01:43.653, 290.27, 100, 74232, 73
2026/07/29 05:01:44.689, 294.03, 100, 74232, 73
2026/07/29 05:01:45.728, 293.54, 100, 74232, 73
2026/07/29 05:01:46.764, 294.93, 100, 74232, 73
2026/07/29 05:01:47.802, 95.36, 68, 74232, 74
2026/07/29 05:01:48.839, 297.53, 100, 74232, 74
2026/07/29 05:01:49.874, 305.34, 100, 74232, 75
2026/07/29 05:01:50.910, 289.48, 100, 74232, 74
2026/07/29 05:01:51.945, 307.82, 100, 74232, 75
2026/07/29 05:01:52.982, 271.85, 100, 74232, 74
2026/07/29 05:01:54.018, 302.10, 100, 74232, 73
2026/07/29 05:01:55.055, 302.68, 100, 74232, 73
2026/07/29 05:01:56.093, 302.29, 100, 74232, 73
2026/07/29 05:01:57.132, 302.36, 100, 74232, 73
2026/07/29 05:01:58.170, 356.80, 0, 74232, 74
2026/07/29 05:01:59.206, 316.44, 100, 74232, 74
2026/07/29 05:02:00.242, 303.46, 100, 74232, 74
2026/07/29 05:02:01.278, 287.74, 100, 74232, 74
2026/07/29 05:02:02.314, 306.74, 100, 74232, 74
2026/07/29 05:02:03.349, 319.74, 100, 74232, 74
2026/07/29 05:02:04.386, 301.80, 100, 74232, 73
2026/07/29 05:02:05.423, 301.59, 100, 74232, 73
2026/07/29 05:02:06.462, 302.18, 100, 74232, 73
2026/07/29 05:02:07.500, 302.79, 100, 74232, 73
2026/07/29 05:02:08.538, 302.51, 100, 74232, 73
2026/07/29 05:02:09.576, 302.27, 100, 74232, 73
2026/07/29 05:02:10.613, 99.38, 17, 74232, 70
2026/07/29 05:02:11.647, 295.61, 100, 74232, 74
2026/07/29 05:02:12.685, 292.96, 100, 74232, 75
2026/07/29 05:02:13.721, 307.33, 100, 74232, 75
2026/07/29 05:02:14.758, 302.51, 100, 74232, 75
2026/07/29 05:02:15.828, 300.60, 100, 74232, 75
2026/07/29 05:02:16.863, 272.59, 100, 74232, 75
2026/07/29 05:02:17.899, 302.97, 100, 74232, 73
2026/07/29 05:02:18.937, 296.09, 100, 74232, 73
2026/07/29 05:02:19.977, 297.14, 100, 74232, 73
2026/07/29 05:02:21.014, 295.69, 100, 74232, 73
2026/07/29 05:02:22.052, 302.11, 100, 74232, 75
2026/07/29 05:02:23.087, 295.50, 100, 74232, 75
2026/07/29 05:02:24.127, 289.19, 100, 74232, 75
2026/07/29 05:02:25.161, 293.44, 100, 74232, 75
2026/07/29 05:02:26.197, 291.01, 100, 74232, 75
2026/07/29 05:02:27.240, 269.88, 100, 74232, 75
2026/07/29 05:02:28.275, 303.94, 100, 74232, 73
2026/07/29 05:02:29.314, 302.68, 100, 74232, 73
2026/07/29 05:02:30.352, 305.68, 100, 74232, 74
2026/07/29 05:02:31.390, 304.01, 76, 74232, 75
2026/07/29 05:02:32.427, 299.62, 100, 74232, 75
2026/07/29 05:02:33.464, 291.39, 100, 74232, 75
2026/07/29 05:02:34.500, 304.02, 100, 74232, 75
2026/07/29 05:02:35.537, 317.26, 100, 74232, 76
2026/07/29 05:02:36.573, 285.07, 100, 74232, 75
2026/07/29 05:02:37.609, 290.55, 100, 74232, 74
2026/07/29 05:02:38.650, 289.18, 100, 74232, 74
2026/07/29 05:02:39.688, 288.61, 100, 74232, 74
2026/07/29 05:02:40.728, 297.55, 100, 74232, 74
2026/07/29 05:02:41.765, 293.17, 100, 74232, 74
2026/07/29 05:02:42.802, 290.83, 100, 74232, 74
2026/07/29 05:02:43.840, 296.70, 100, 74232, 74
2026/07/29 05:02:44.876, 295.30, 100, 74232, 74
2026/07/29 05:02:45.915, 296.48, 100, 74232, 74
2026/07/29 05:02:46.951, 298.40, 100, 74232, 74
2026/07/29 05:02:47.990, 297.62, 100, 74232, 74
2026/07/29 05:02:49.026, 100.83, 70, 74232, 72
2026/07/29 05:02:50.060, 299.27, 100, 74232, 75
2026/07/29 05:02:51.095, 298.69, 100, 74232, 75
2026/07/29 05:02:52.130, 303.91, 100, 74232, 75
2026/07/29 05:02:53.166, 311.42, 100, 74232, 75
2026/07/29 05:02:54.202, 284.52, 100, 74232, 75
2026/07/29 05:02:55.238, 306.75, 100, 74232, 75
2026/07/29 05:02:56.274, 294.82, 100, 74232, 73
2026/07/29 05:02:57.317, 287.93, 100, 74232, 73
2026/07/29 05:02:58.354, 296.38, 100, 74232, 73
2026/07/29 05:02:59.392, 299.46, 100, 74232, 75
2026/07/29 05:03:00.428, 299.54, 100, 74232, 75
2026/07/29 05:03:01.462, 309.58, 100, 74232, 76
2026/07/29 05:03:02.499, 311.42, 100, 74232, 76
2026/07/29 05:03:03.539, 307.89, 100, 74232, 76
2026/07/29 05:03:04.575, 306.81, 100, 74232, 75
2026/07/29 05:03:05.611, 303.65, 100, 74232, 74
2026/07/29 05:03:06.648, 301.54, 100, 74232, 74
2026/07/29 05:03:07.685, 305.48, 100, 74232, 74
2026/07/29 05:03:08.722, 304.42, 100, 74232, 74
2026/07/29 05:03:09.762, 304.40, 100, 74232, 74
2026/07/29 05:03:10.799, 301.05, 100, 74232, 74
2026/07/29 05:03:11.838, 304.87, 100, 74232, 74
2026/07/29 05:03:12.876, 304.38, 100, 74232, 74
2026/07/29 05:03:13.913, 304.52, 100, 74232, 74
2026/07/29 05:03:14.950, 306.27, 100, 74232, 74
2026/07/29 05:03:15.987, 304.69, 100, 74232, 74
2026/07/29 05:03:17.023, 305.97, 100, 74232, 74
2026/07/29 05:03:18.062, 308.40, 100, 74232, 74
2026/07/29 05:03:19.100, 305.70, 100, 74232, 74
2026/07/29 05:03:20.136, 306.81, 100, 74232, 74
2026/07/29 05:03:21.174, 304.24, 100, 74232, 74
2026/07/29 05:03:22.212, 293.55, 100, 74232, 74
2026/07/29 05:03:23.250, 296.63, 100, 74232, 74
2026/07/29 05:03:24.289, 299.77, 100, 74232, 74
2026/07/29 05:03:25.328, 301.32, 100, 74232, 74
2026/07/29 05:03:26.366, 296.76, 100, 74232, 74
2026/07/29 05:03:27.403, 296.76, 100, 74232, 74
2026/07/29 05:03:28.440, 297.93, 100, 74232, 74
2026/07/29 05:03:29.480, 296.85, 100, 74232, 74
2026/07/29 05:03:30.517, 296.75, 100, 74232, 74
2026/07/29 05:03:31.558, 297.92, 100, 74232, 74
2026/07/29 05:03:32.595, 296.96, 100, 74232, 74
2026/07/29 05:03:33.632, 297.72, 100, 74232, 74
2026/07/29 05:03:34.670, 297.07, 100, 74232, 74
2026/07/29 05:03:35.707, 215.66, 93, 74232, 74
2026/07/29 05:03:36.741, 295.58, 100, 74232, 75
2026/07/29 05:03:37.778, 298.32, 100, 74232, 75
2026/07/29 05:03:38.814, 287.24, 100, 74232, 75
2026/07/29 05:03:39.852, 300.92, 100, 74232, 75
2026/07/29 05:03:40.887, 310.82, 100, 74232, 75
2026/07/29 05:03:41.923, 287.93, 100, 74232, 75
2026/07/29 05:03:42.960, 313.60, 100, 74232, 75
2026/07/29 05:03:44.001, 303.37, 100, 74232, 73
2026/07/29 05:03:45.037, 304.81, 100, 74232, 74
2026/07/29 05:03:46.074, 304.62, 100, 74232, 74
2026/07/29 05:03:47.111, 304.83, 100, 74232, 74
2026/07/29 05:03:48.147, 304.80, 100, 74232, 74
2026/07/29 05:03:49.188, 297.49, 31, 74232, 75
2026/07/29 05:03:50.225, 284.89, 100, 74232, 75
2026/07/29 05:03:51.260, 310.65, 100, 74232, 75
2026/07/29 05:03:52.298, 282.74, 100, 74232, 75
2026/07/29 05:03:53.335, 300.54, 100, 74232, 75
2026/07/29 05:03:54.375, 318.64, 100, 74232, 76
2026/07/29 05:03:55.411, 282.97, 100, 74232, 75
2026/07/29 05:03:56.447, 300.23, 100, 74232, 74
2026/07/29 05:03:57.485, 300.46, 100, 74232, 74
2026/07/29 05:03:58.521, 304.14, 100, 74232, 74
2026/07/29 05:03:59.558, 304.59, 100, 74232, 74
2026/07/29 05:04:00.595, 301.03, 100, 74232, 74
2026/07/29 05:04:01.632, 305.66, 100, 74232, 74
2026/07/29 05:04:02.668, 300.41, 100, 74232, 74
2026/07/29 05:04:03.703, 103.36, 42, 74232, 71
2026/07/29 05:04:04.736, 302.38, 100, 74232, 76
2026/07/29 05:04:05.775, 300.92, 100, 74232, 76
2026/07/29 05:04:06.810, 308.61, 100, 74232, 76
2026/07/29 05:04:07.845, 288.18, 100, 74232, 76
2026/07/29 05:04:08.884, 283.79, 100, 74232, 76
2026/07/29 05:04:09.919, 282.13, 100, 74232, 75
2026/07/29 05:04:10.956, 263.38, 100, 74232, 76
2026/07/29 05:04:11.997, 303.94, 100, 74232, 74
2026/07/29 05:04:13.035, 306.32, 100, 74232, 74
2026/07/29 05:04:14.073, 307.12, 100, 74232, 74
2026/07/29 05:04:15.111, 300.57, 100, 74232, 74
2026/07/29 05:04:16.149, 100.86, 0, 74232, 71
2026/07/29 05:04:17.183, 299.60, 100, 74232, 74
2026/07/29 05:04:18.222, 286.84, 100, 74232, 74
2026/07/29 05:04:19.260, 288.79, 100, 74232, 74
2026/07/29 05:04:20.300, 284.21, 100, 74232, 74
2026/07/29 05:04:21.337, 296.55, 100, 74232, 74
2026/07/29 05:04:22.376, 296.17, 100, 74232, 74
2026/07/29 05:04:23.414, 291.61, 100, 74232, 74
2026/07/29 05:04:24.455, 295.49, 100, 74232, 74
2026/07/29 05:04:25.494, 295.42, 100, 74232, 74
2026/07/29 05:04:26.531, 295.40, 100, 74232, 74
2026/07/29 05:04:27.569, 296.46, 100, 74232, 74
2026/07/29 05:04:28.606, 296.15, 100, 74232, 74
2026/07/29 05:04:29.644, 295.59, 100, 74232, 74
2026/07/29 05:04:30.680, 298.62, 100, 74232, 74
2026/07/29 05:04:31.722, 295.19, 100, 74232, 74
2026/07/29 05:04:32.760, 296.08, 100, 74232, 74
2026/07/29 05:04:33.799, 295.78, 100, 74232, 74
2026/07/29 05:04:34.838, 302.64, 100, 74232, 74
2026/07/29 05:04:35.874, 304.05, 100, 74232, 74
2026/07/29 05:04:36.911, 302.78, 100, 74232, 74
2026/07/29 05:04:37.948, 304.13, 100, 74232, 74
2026/07/29 05:04:38.985, 304.79, 100, 74232, 74
2026/07/29 05:04:40.022, 300.06, 100, 74232, 74
2026/07/29 05:04:41.058, 302.18, 100, 74232, 74
2026/07/29 05:04:42.096, 303.28, 100, 74232, 74
2026/07/29 05:04:43.134, 303.30, 100, 74232, 74
2026/07/29 05:04:44.171, 304.47, 100, 74232, 74
2026/07/29 05:04:45.208, 300.92, 100, 74232, 74
2026/07/29 05:04:46.244, 304.51, 100, 74232, 74
2026/07/29 05:04:47.282, 300.62, 100, 74232, 74
2026/07/29 05:04:48.320, 296.55, 100, 74232, 74
2026/07/29 05:04:49.357, 295.38, 100, 74232, 74
2026/07/29 05:04:50.393, 298.02, 100, 74232, 74
2026/07/29 05:04:51.430, 295.59, 100, 74232, 74
2026/07/29 05:04:52.466, 291.31, 100, 74232, 73
2026/07/29 05:04:53.504, 291.31, 100, 74232, 73
2026/07/29 05:04:54.542, 293.15, 100, 74232, 73
2026/07/29 05:04:55.579, 304.38, 100, 74232, 74
2026/07/29 05:04:56.616, 299.86, 100, 74232, 74
2026/07/29 05:04:57.654, 301.23, 100, 74232, 74
2026/07/29 05:04:58.692, 304.19, 100, 74232, 74
2026/07/29 05:04:59.730, 303.08, 100, 74232, 74
2026/07/29 05:05:00.767, 298.32, 100, 74232, 74
2026/07/29 05:05:01.809, 296.76, 100, 74232, 73
2026/07/29 05:05:02.845, 302.35, 100, 74232, 73
2026/07/29 05:05:03.884, 294.62, 100, 74232, 73
2026/07/29 05:05:04.922, 295.29, 100, 74232, 73
2026/07/29 05:05:05.958, 296.27, 100, 74232, 73
2026/07/29 05:05:06.998, 301.70, 100, 74232, 73
2026/07/29 05:05:08.035, 301.10, 100, 74232, 73
2026/07/29 05:05:09.073, 304.18, 100, 74232, 73
2026/07/29 05:05:10.110, 297.91, 100, 74232, 73
2026/07/29 05:05:11.146, 302.78, 100, 74232, 73
2026/07/29 05:05:12.184, 304.42, 100, 74232, 73
2026/07/29 05:05:13.220, 302.16, 100, 74232, 73
2026/07/29 05:05:14.258, 302.34, 100, 74232, 73
2026/07/29 05:05:15.297, 294.23, 100, 74232, 73
2026/07/29 05:05:16.334, 293.74, 100, 74232, 73
2026/07/29 05:05:17.370, 291.50, 100, 74232, 73
2026/07/29 05:05:18.414, 294.33, 100, 74232, 73
2026/07/29 05:05:19.451, 295.59, 100, 74232, 73
2026/07/29 05:05:20.492, 298.03, 100, 74232, 73
2026/07/29 05:05:21.532, 303.02, 100, 74232, 73
2026/07/29 05:05:22.568, 304.24, 100, 74232, 73
2026/07/29 05:05:23.604, 301.97, 100, 74232, 73
2026/07/29 05:05:24.642, 300.63, 100, 74232, 73
2026/07/29 05:05:25.680, 297.47, 100, 74232, 73
2026/07/29 05:05:26.718, 300.26, 100, 74232, 73
2026/07/29 05:05:27.756, 303.47, 100, 74232, 73
2026/07/29 05:05:28.795, 302.19, 100, 74232, 73
2026/07/29 05:05:29.833, 303.74, 100, 74232, 73
2026/07/29 05:05:30.871, 297.16, 100, 74232, 73
2026/07/29 05:05:31.909, 299.49, 100, 74232, 73
2026/07/29 05:05:32.946, 299.10, 100, 74232, 73
2026/07/29 05:05:33.985, 290.64, 100, 74232, 73
2026/07/29 05:05:35.023, 292.95, 100, 74232, 73
2026/07/29 05:05:36.061, 294.53, 100, 74232, 73
2026/07/29 05:05:37.099, 293.46, 100, 74232, 73
2026/07/29 05:05:38.136, 296.16, 100, 74232, 73
2026/07/29 05:05:39.174, 296.48, 100, 74232, 73
2026/07/29 05:05:40.214, 293.73, 100, 74232, 73
2026/07/29 05:05:41.253, 296.57, 100, 74232, 73
2026/07/29 05:05:42.290, 295.48, 100, 74232, 73
2026/07/29 05:05:43.338, 292.58, 100, 74232, 73
2026/07/29 05:05:44.381, 294.25, 100, 74232, 73
2026/07/29 05:05:45.419, 295.79, 100, 74232, 73
2026/07/29 05:05:46.458, 295.00, 100, 74232, 73
2026/07/29 05:05:47.495, 300.85, 100, 74232, 73
2026/07/29 05:05:48.532, 302.86, 100, 74232, 73
2026/07/29 05:05:49.570, 302.19, 100, 74232, 73
2026/07/29 05:05:50.608, 302.09, 100, 74232, 73
2026/07/29 05:05:51.647, 302.20, 100, 74232, 73
2026/07/29 05:05:52.686, 303.98, 100, 74232, 73
2026/07/29 05:05:53.723, 302.38, 100, 74232, 73
2026/07/29 05:05:54.760, 302.78, 100, 74232, 73
2026/07/29 05:05:55.798, 302.48, 100, 74232, 73
2026/07/29 05:05:56.834, 303.96, 100, 74232, 73
2026/07/29 05:05:57.872, 303.20, 100, 74232, 73
2026/07/29 05:05:58.910, 301.98, 100, 74232, 73
2026/07/29 05:05:59.949, 296.65, 100, 74232, 73
2026/07/29 05:06:00.986, 294.33, 100, 74232, 73
2026/07/29 05:06:02.023, 297.21, 100, 74232, 73
2026/07/29 05:06:03.062, 295.98, 100, 74232, 73
2026/07/29 05:06:04.098, 304.85, 100, 74232, 73
2026/07/29 05:06:05.137, 292.02, 100, 74232, 73
2026/07/29 05:06:06.175, 290.73, 100, 74232, 73
2026/07/29 05:06:07.219, 295.40, 100, 74232, 73
2026/07/29 05:06:08.257, 292.57, 100, 74232, 73
2026/07/29 05:06:09.295, 293.94, 100, 74232, 73
2026/07/29 05:06:10.333, 295.50, 100, 74232, 73
2026/07/29 05:06:11.371, 301.90, 100, 74232, 73
2026/07/29 05:06:12.409, 295.40, 100, 74232, 73
2026/07/29 05:06:13.447, 294.92, 100, 74232, 73
2026/07/29 05:06:14.481, 282.27, 100, 74232, 75
2026/07/29 05:06:15.517, 298.00, 100, 74232, 75
2026/07/29 05:06:16.553, 283.92, 100, 74232, 75
2026/07/29 05:06:17.589, 324.86, 100, 74232, 75
2026/07/29 05:06:18.624, 283.10, 100, 74232, 75
2026/07/29 05:06:19.661, 300.35, 100, 74232, 75
2026/07/29 05:06:20.696, 304.41, 100, 74232, 73
2026/07/29 05:06:21.734, 303.32, 100, 74232, 73
2026/07/29 05:06:22.774, 296.96, 100, 74232, 73
2026/07/29 05:06:23.813, 292.00, 100, 74232, 73
2026/07/29 05:06:24.851, 294.50, 100, 74232, 73
2026/07/29 05:06:25.889, 295.11, 100, 74232, 73
2026/07/29 05:06:26.927, 99.90, 0, 74232, 70
2026/07/29 05:06:27.960, 295.37, 100, 74232, 75
2026/07/29 05:06:28.997, 286.51, 100, 74232, 75
2026/07/29 05:06:30.033, 278.96, 100, 74232, 75
2026/07/29 05:06:31.069, 298.52, 100, 74232, 75
2026/07/29 05:06:32.105, 303.38, 100, 74232, 75
2026/07/29 05:06:33.146, 300.81, 100, 74232, 74
2026/07/29 05:06:34.181, 302.58, 100, 74232, 73
2026/07/29 05:06:35.220, 303.55, 100, 74232, 73
2026/07/29 05:06:36.256, 302.58, 100, 74232, 73
2026/07/29 05:06:37.295, 279.26, 100, 74232, 75
2026/07/29 05:06:38.331, 296.23, 100, 74232, 75
2026/07/29 05:06:39.367, 296.33, 100, 74232, 75
2026/07/29 05:06:40.401, 283.94, 100, 74232, 75
2026/07/29 05:06:41.436, 310.71, 100, 74232, 75
2026/07/29 05:06:42.476, 298.73, 100, 74232, 75
2026/07/29 05:06:43.511, 303.35, 100, 74232, 74
2026/07/29 05:06:44.549, 304.01, 100, 74232, 74
2026/07/29 05:06:45.586, 304.96, 100, 74232, 74
2026/07/29 05:06:46.623, 303.71, 100, 74232, 74
2026/07/29 05:06:47.659, 303.90, 100, 74232, 74
2026/07/29 05:06:48.696, 305.68, 100, 74232, 74
2026/07/29 05:06:49.739, 297.92, 100, 74232, 74
2026/07/29 05:06:50.778, 303.75, 100, 74232, 74
2026/07/29 05:06:51.814, 101.54, 0, 74232, 71
2026/07/29 05:06:52.846, 284.21, 100, 74232, 75
2026/07/29 05:06:53.881, 298.87, 100, 74232, 75
2026/07/29 05:06:54.916, 302.37, 100, 74232, 75
2026/07/29 05:06:55.952, 286.65, 100, 74232, 75
2026/07/29 05:06:56.989, 269.31, 100, 74232, 75
2026/07/29 05:06:58.023, 286.74, 100, 74232, 75
2026/07/29 05:06:59.062, 297.24, 100, 74232, 74
2026/07/29 05:07:00.100, 296.20, 100, 74232, 74
2026/07/29 05:07:01.138, 297.13, 100, 74232, 74
2026/07/29 05:07:02.178, 294.32, 100, 74232, 74
2026/07/29 05:07:03.215, 296.18, 100, 74232, 74
2026/07/29 05:07:04.251, 100.74, 0, 74232, 71
2026/07/29 05:07:05.286, 291.34, 100, 74232, 75
2026/07/29 05:07:06.324, 311.88, 100, 74232, 76
2026/07/29 05:07:07.360, 297.16, 100, 74232, 75
2026/07/29 05:07:08.396, 287.74, 100, 74232, 76
2026/07/29 05:07:09.432, 279.26, 100, 74232, 76
2026/07/29 05:07:10.468, 279.74, 100, 74232, 76
2026/07/29 05:07:11.504, 304.24, 100, 74232, 74
2026/07/29 05:07:12.542, 304.44, 100, 74232, 74
2026/07/29 05:07:13.578, 304.70, 100, 74232, 74
2026/07/29 05:07:14.616, 299.18, 100, 74232, 74
2026/07/29 05:07:15.654, 297.24, 100, 74232, 74
2026/07/29 05:07:16.695, 296.55, 100, 74232, 76
2026/07/29 05:07:17.730, 293.82, 100, 74232, 76
2026/07/29 05:07:18.771, 289.47, 100, 74232, 76
2026/07/29 05:07:19.808, 288.29, 100, 74232, 76
2026/07/29 05:07:20.850, 303.65, 100, 74232, 76
2026/07/29 05:07:21.886, 299.05, 100, 74232, 76
2026/07/29 05:07:22.921, 307.83, 100, 74232, 76
2026/07/29 05:07:23.958, 307.10, 100, 74232, 74
2026/07/29 05:07:24.996, 294.90, 100, 74232, 74
2026/07/29 05:07:26.034, 290.55, 100, 74232, 74
2026/07/29 05:07:27.073, 295.21, 100, 74232, 76
2026/07/29 05:07:28.113, 297.73, 100, 74232, 74
2026/07/29 05:07:29.150, 298.10, 100, 74232, 74
2026/07/29 05:07:30.188, 290.24, 100, 74232, 74
2026/07/29 05:07:31.226, 286.00, 100, 74232, 74
2026/07/29 05:07:32.263, 291.51, 100, 74232, 74
2026/07/29 05:07:33.304, 294.53, 100, 74232, 74
2026/07/29 05:07:34.341, 295.77, 100, 74232, 74
2026/07/29 05:07:35.379, 297.79, 100, 74232, 74
2026/07/29 05:07:36.418, 297.14, 100, 74232, 74
2026/07/29 05:07:37.454, 297.63, 100, 74232, 74
2026/07/29 05:07:38.494, 297.86, 100, 74232, 74
2026/07/29 05:07:39.533, 297.24, 100, 74232, 74
2026/07/29 05:07:40.571, 303.08, 100, 74232, 74
2026/07/29 05:07:41.611, 305.21, 100, 74232, 74
2026/07/29 05:07:42.650, 304.52, 100, 74232, 74
2026/07/29 05:07:43.687, 302.27, 100, 74232, 74
2026/07/29 05:07:44.724, 306.83, 100, 74232, 74
2026/07/29 05:07:45.761, 304.00, 100, 74232, 74
2026/07/29 05:07:46.798, 302.19, 100, 74232, 74
2026/07/29 05:07:47.836, 304.98, 100, 74232, 74
2026/07/29 05:07:48.873, 303.93, 100, 74232, 74
2026/07/29 05:07:49.910, 302.84, 100, 74232, 74
2026/07/29 05:07:50.947, 294.02, 100, 74232, 74
2026/07/29 05:07:51.986, 295.39, 100, 74232, 74
2026/07/29 05:07:53.024, 294.81, 100, 74232, 74
2026/07/29 05:07:54.060, 293.04, 100, 74232, 74
2026/07/29 05:07:55.096, 295.58, 100, 74232, 74
2026/07/29 05:07:56.134, 297.82, 100, 74232, 74
2026/07/29 05:07:57.170, 296.48, 100, 74232, 74
2026/07/29 05:07:58.208, 295.86, 100, 74232, 74
2026/07/29 05:07:59.245, 295.01, 100, 74232, 74
2026/07/29 05:08:00.286, 294.61, 100, 74232, 74
2026/07/29 05:08:01.324, 296.46, 100, 74232, 73
2026/07/29 05:08:02.361, 295.59, 100, 74232, 73
2026/07/29 05:08:03.398, 295.99, 100, 74232, 73
2026/07/29 05:08:04.435, 298.14, 100, 74232, 73
2026/07/29 05:08:05.472, 302.40, 100, 74232, 74
2026/07/29 05:08:06.509, 304.05, 100, 74232, 74
2026/07/29 05:08:07.546, 300.92, 100, 74232, 74
2026/07/29 05:08:08.584, 301.89, 100, 74232, 73
2026/07/29 05:08:09.623, 304.39, 100, 74232, 73
2026/07/29 05:08:10.661, 297.92, 100, 74232, 73
2026/07/29 05:08:11.700, 297.12, 100, 74232, 73
2026/07/29 05:08:12.743, 296.48, 100, 74232, 73
2026/07/29 05:08:13.781, 294.44, 100, 74232, 73
2026/07/29 05:08:14.820, 294.14, 100, 74232, 73
2026/07/29 05:08:15.859, 291.42, 100, 74232, 73
2026/07/29 05:08:16.897, 300.02, 100, 74232, 73
2026/07/29 05:08:17.936, 295.12, 100, 74232, 73
2026/07/29 05:08:18.975, 303.51, 100, 74232, 73
2026/07/29 05:08:20.016, 292.76, 100, 74232, 73
2026/07/29 05:08:21.054, 294.74, 100, 74232, 73
2026/07/29 05:08:22.091, 294.32, 100, 74232, 73
2026/07/29 05:08:23.132, 296.57, 100, 74232, 73
2026/07/29 05:08:24.170, 293.64, 100, 74232, 73
2026/07/29 05:08:25.208, 295.87, 100, 74232, 73
2026/07/29 05:08:26.246, 293.94, 100, 74232, 73
2026/07/29 05:08:27.285, 296.47, 100, 74232, 73
2026/07/29 05:08:28.323, 295.39, 100, 74232, 73
2026/07/29 05:08:29.362, 294.24, 100, 74232, 73
2026/07/29 05:08:30.400, 296.38, 100, 74232, 73
2026/07/29 05:08:31.440, 295.38, 100, 74232, 73
2026/07/29 05:08:32.478, 298.61, 100, 74232, 73
2026/07/29 05:08:33.516, 302.35, 100, 74232, 73
2026/07/29 05:08:34.554, 299.87, 100, 74232, 73
2026/07/29 05:08:35.592, 298.12, 100, 74232, 73
2026/07/29 05:08:36.629, 303.27, 100, 74232, 73
2026/07/29 05:08:37.666, 299.65, 100, 74232, 73
2026/07/29 05:08:38.703, 300.75, 100, 74232, 73
2026/07/29 05:08:39.741, 301.81, 100, 74232, 73
2026/07/29 05:08:40.779, 301.39, 100, 74232, 73
2026/07/29 05:08:41.817, 304.89, 100, 74232, 73
2026/07/29 05:08:42.855, 304.15, 100, 74232, 73
2026/07/29 05:08:43.892, 301.63, 100, 74232, 73
2026/07/29 05:08:44.930, 301.92, 100, 74232, 73
2026/07/29 05:08:45.967, 302.58, 100, 74232, 73
2026/07/29 05:08:47.004, 304.68, 100, 74232, 73
2026/07/29 05:08:48.042, 303.07, 100, 74232, 73
2026/07/29 05:08:49.078, 294.23, 100, 74232, 73
2026/07/29 05:08:50.117, 290.83, 100, 74232, 73
2026/07/29 05:08:51.155, 292.37, 100, 74232, 73
2026/07/29 05:08:52.193, 300.25, 100, 74232, 73
2026/07/29 05:08:53.232, 294.30, 100, 74232, 73
2026/07/29 05:08:54.272, 294.92, 100, 74232, 73
2026/07/29 05:08:55.314, 293.34, 100, 74232, 73
2026/07/29 05:08:56.353, 290.44, 100, 74232, 73
2026/07/29 05:08:57.390, 294.91, 100, 74232, 73
2026/07/29 05:08:58.430, 297.05, 100, 74232, 73
2026/07/29 05:08:59.468, 298.70, 100, 74232, 75
2026/07/29 05:09:00.504, 302.59, 100, 74232, 75
2026/07/29 05:09:01.539, 311.69, 100, 74232, 75
2026/07/29 05:09:02.575, 313.20, 100, 74232, 75
2026/07/29 05:09:03.615, 295.55, 100, 74232, 75
2026/07/29 05:09:04.652, 297.63, 100, 74232, 75
2026/07/29 05:09:05.688, 304.33, 100, 74232, 73
2026/07/29 05:09:06.726, 302.97, 100, 74232, 73
2026/07/29 05:09:07.764, 302.19, 100, 74232, 73
2026/07/29 05:09:08.802, 303.14, 100, 74232, 73
2026/07/29 05:09:09.840, 303.66, 100, 74232, 73
2026/07/29 05:09:10.878, 303.27, 100, 74232, 73
2026/07/29 05:09:11.914, 303.32, 100, 74232, 73
2026/07/29 05:09:12.952, 302.84, 100, 74232, 73
2026/07/29 05:09:13.989, 304.50, 100, 74232, 74
2026/07/29 05:09:15.026, 303.96, 100, 74232, 74
2026/07/29 05:09:16.066, 302.39, 100, 74232, 74
2026/07/29 05:09:17.103, 296.95, 100, 74232, 73
2026/07/29 05:09:18.140, 293.76, 100, 74232, 73
2026/07/29 05:09:19.176, 295.88, 100, 74232, 73
2026/07/29 05:09:20.214, 297.65, 100, 74232, 73
2026/07/29 05:09:21.252, 295.30, 100, 74232, 73
2026/07/29 05:09:22.290, 295.98, 100, 74232, 73
2026/07/29 05:09:23.328, 295.31, 100, 74232, 73
2026/07/29 05:09:24.366, 294.13, 100, 74232, 73
2026/07/29 05:09:25.404, 296.45, 100, 74232, 73
2026/07/29 05:09:26.442, 295.28, 100, 74232, 73
2026/07/29 05:09:27.479, 295.88, 100, 74232, 73
2026/07/29 05:09:28.516, 295.10, 100, 74232, 73
2026/07/29 05:09:29.553, 295.30, 100, 74232, 73
2026/07/29 05:09:30.592, 297.04, 100, 74232, 73
2026/07/29 05:09:31.629, 302.11, 100, 74232, 73
2026/07/29 05:09:32.666, 303.34, 100, 74232, 73
2026/07/29 05:09:33.703, 302.17, 100, 74232, 73
2026/07/29 05:09:34.741, 303.27, 100, 74232, 73
2026/07/29 05:09:35.779, 304.99, 100, 74232, 73
2026/07/29 05:09:36.816, 303.90, 100, 74232, 73
2026/07/29 05:09:37.853, 303.08, 100, 74232, 73
2026/07/29 05:09:38.890, 297.72, 100, 74232, 73
2026/07/29 05:09:39.928, 295.50, 100, 74232, 73
2026/07/29 05:09:40.966, 295.02, 100, 74232, 73
2026/07/29 05:09:42.003, 296.27, 100, 74232, 73
2026/07/29 05:09:43.040, 293.64, 100, 74232, 73
2026/07/29 05:09:44.077, 295.60, 100, 74232, 73
2026/07/29 05:09:45.116, 297.53, 100, 74232, 73
2026/07/29 05:09:46.153, 296.46, 100, 74232, 73
2026/07/29 05:09:47.190, 296.25, 100, 74232, 73
2026/07/29 05:09:48.226, 295.70, 100, 74232, 73
2026/07/29 05:09:49.262, 296.16, 100, 74232, 73
2026/07/29 05:09:50.298, 296.19, 100, 74232, 73
2026/07/29 05:09:51.335, 296.47, 100, 74232, 73
2026/07/29 05:09:52.373, 295.18, 100, 74232, 73
2026/07/29 05:09:53.411, 295.31, 100, 74232, 73
2026/07/29 05:09:54.447, 303.25, 100, 74232, 73
2026/07/29 05:09:55.483, 306.85, 100, 74232, 73
2026/07/29 05:09:56.520, 299.25, 100, 74232, 73
2026/07/29 05:09:57.560, 296.17, 100, 74232, 73
2026/07/29 05:09:58.598, 295.60, 100, 74232, 73
2026/07/29 05:09:59.639, 295.70, 100, 74232, 73
2026/07/29 05:10:00.676, 300.14, 100, 74232, 73
2026/07/29 05:10:01.715, 299.76, 100, 74232, 73
2026/07/29 05:10:02.753, 304.11, 100, 74232, 73
2026/07/29 05:10:03.789, 297.06, 100, 74232, 73
2026/07/29 05:10:04.831, 298.83, 100, 74232, 75
2026/07/29 05:10:05.866, 303.40, 100, 74232, 75
2026/07/29 05:10:06.904, 294.16, 100, 74232, 75
2026/07/29 05:10:07.940, 285.90, 100, 74232, 75
2026/07/29 05:10:08.976, 279.22, 100, 74232, 75
2026/07/29 05:10:10.012, 293.74, 100, 74232, 74
2026/07/29 05:10:11.048, 303.55, 100, 74232, 73
2026/07/29 05:10:12.085, 302.80, 100, 74232, 73
2026/07/29 05:10:13.123, 302.35, 100, 74232, 73
2026/07/29 05:10:14.161, 302.67, 100, 74232, 73
2026/07/29 05:10:15.198, 303.20, 100, 74232, 73
2026/07/29 05:10:16.237, 302.59, 100, 74232, 73
2026/07/29 05:10:17.274, 299.96, 100, 74232, 73
2026/07/29 05:10:18.313, 303.45, 100, 74232, 73
2026/07/29 05:10:19.351, 305.15, 100, 74232, 73
2026/07/29 05:10:20.388, 303.02, 100, 74232, 73
2026/07/29 05:10:21.426, 303.38, 100, 74232, 73
2026/07/29 05:10:22.463, 303.28, 100, 74232, 74
2026/07/29 05:10:23.500, 303.37, 100, 74232, 74
2026/07/29 05:10:24.541, 296.93, 100, 74232, 73
2026/07/29 05:10:25.580, 295.79, 100, 74232, 73
2026/07/29 05:10:26.618, 296.56, 100, 74232, 73
2026/07/29 05:10:27.656, 295.59, 100, 74232, 73
2026/07/29 05:10:28.694, 297.22, 100, 74232, 73
2026/07/29 05:10:29.735, 296.55, 100, 74232, 73
2026/07/29 05:10:30.773, 295.60, 100, 74232, 73
2026/07/29 05:10:31.811, 297.14, 100, 74232, 73
2026/07/29 05:10:32.849, 295.49, 100, 74232, 73
2026/07/29 05:10:33.886, 295.52, 100, 74232, 73
2026/07/29 05:10:34.924, 307.54, 100, 74232, 74
2026/07/29 05:10:35.962, 304.62, 100, 74232, 74
2026/07/29 05:10:37.000, 302.68, 100, 74232, 73
2026/07/29 05:10:38.038, 303.86, 100, 74232, 73
2026/07/29 05:10:39.076, 303.24, 100, 74232, 73
2026/07/29 05:10:40.113, 295.99, 100, 74232, 73
2026/07/29 05:10:41.151, 299.47, 100, 74232, 73
2026/07/29 05:10:42.189, 293.16, 100, 74232, 73
2026/07/29 05:10:43.228, 293.76, 100, 74232, 73
2026/07/29 05:10:44.265, 296.37, 100, 74232, 73
2026/07/29 05:10:45.303, 293.46, 100, 74232, 73
2026/07/29 05:10:46.341, 296.09, 100, 74232, 73
2026/07/29 05:10:47.381, 297.81, 100, 74232, 73
2026/07/29 05:10:48.419, 292.19, 100, 74232, 73
2026/07/29 05:10:49.458, 291.71, 100, 74232, 73
2026/07/29 05:10:50.497, 296.54, 100, 74232, 73
2026/07/29 05:10:51.535, 295.70, 100, 74232, 73
2026/07/29 05:10:52.573, 295.88, 100, 74232, 73
2026/07/29 05:10:53.610, 294.99, 100, 74232, 73
2026/07/29 05:10:54.648, 296.08, 100, 74232, 73
2026/07/29 05:10:55.686, 297.12, 100, 74232, 73
2026/07/29 05:10:56.724, 295.69, 100, 74232, 73
2026/07/29 05:10:57.762, 295.97, 100, 74232, 73
2026/07/29 05:10:58.799, 295.59, 100, 74232, 73
2026/07/29 05:10:59.839, 295.61, 100, 74232, 73
2026/07/29 05:11:00.877, 301.14, 100, 74232, 73
2026/07/29 05:11:01.915, 295.10, 100, 74232, 73
2026/07/29 05:11:02.955, 299.27, 100, 74232, 73
2026/07/29 05:11:03.992, 302.93, 100, 74232, 73
2026/07/29 05:11:05.031, 303.95, 100, 74232, 73
2026/07/29 05:11:06.071, 304.23, 100, 74232, 73
2026/07/29 05:11:07.109, 292.86, 100, 74232, 73
2026/07/29 05:11:08.149, 296.27, 100, 74232, 73
2026/07/29 05:11:09.188, 291.62, 100, 74232, 73
2026/07/29 05:11:10.226, 295.20, 100, 74232, 73
2026/07/29 05:11:11.264, 298.80, 100, 74232, 73
2026/07/29 05:11:12.302, 295.11, 100, 74232, 73
2026/07/29 05:11:13.341, 302.19, 100, 74232, 73
2026/07/29 05:11:14.379, 303.05, 100, 74232, 73
2026/07/29 05:11:15.416, 303.53, 100, 74232, 73
2026/07/29 05:11:16.453, 303.78, 100, 74232, 73
2026/07/29 05:11:17.490, 303.40, 100, 74232, 73
2026/07/29 05:11:18.527, 304.73, 100, 74232, 73
2026/07/29 05:11:19.568, 305.38, 100, 74232, 73
2026/07/29 05:11:20.604, 295.77, 100, 74232, 73
2026/07/29 05:11:21.643, 302.57, 100, 74232, 73
2026/07/29 05:11:22.681, 100.35, 0, 74232, 70
2026/07/29 05:11:23.714, 292.19, 100, 74232, 74
2026/07/29 05:11:24.751, 305.81, 100, 74232, 75
2026/07/29 05:11:25.787, 294.24, 100, 74232, 75
2026/07/29 05:11:26.825, 306.29, 100, 74232, 75
2026/07/29 05:11:27.860, 287.25, 100, 74232, 74
2026/07/29 05:11:28.897, 295.72, 100, 74232, 74
2026/07/29 05:11:29.934, 303.03, 100, 74232, 73
2026/07/29 05:11:30.971, 302.32, 100, 74232, 73
2026/07/29 05:11:32.010, 302.16, 100, 74232, 73
2026/07/29 05:11:33.048, 293.65, 100, 74232, 75
2026/07/29 05:11:34.086, 293.22, 100, 74232, 75
2026/07/29 05:11:35.121, 289.95, 100, 74232, 75
2026/07/29 05:11:36.157, 269.19, 100, 74232, 75
2026/07/29 05:11:37.195, 278.68, 100, 74232, 75
2026/07/29 05:11:38.230, 282.84, 100, 74232, 75
2026/07/29 05:11:39.266, 297.05, 100, 74232, 73
2026/07/29 05:11:40.304, 295.58, 100, 74232, 73
2026/07/29 05:11:41.343, 296.98, 100, 74232, 73
2026/07/29 05:11:42.380, 303.83, 100, 74232, 74
2026/07/29 05:11:43.421, 296.37, 100, 74232, 74
2026/07/29 05:11:44.459, 296.57, 100, 74232, 74
2026/07/29 05:11:45.499, 297.16, 100, 74232, 74
2026/07/29 05:11:46.537, 296.94, 100, 74232, 74
2026/07/29 05:11:47.576, 295.79, 100, 74232, 74
2026/07/29 05:11:48.614, 301.89, 100, 74232, 74
2026/07/29 05:11:49.651, 302.64, 100, 74232, 74
2026/07/29 05:11:50.689, 302.19, 100, 74232, 74
2026/07/29 05:11:51.727, 304.24, 100, 74232, 74
2026/07/29 05:11:52.764, 305.36, 100, 74232, 74
2026/07/29 05:11:53.807, 298.51, 100, 74232, 74
2026/07/29 05:11:54.845, 296.73, 100, 74232, 74
2026/07/29 05:11:55.882, 292.89, 100, 74232, 74
2026/07/29 05:11:56.922, 296.08, 100, 74232, 74
2026/07/29 05:11:57.960, 296.46, 100, 74232, 74
2026/07/29 05:11:58.998, 296.28, 100, 74232, 74
2026/07/29 05:12:00.036, 296.75, 100, 74232, 74
2026/07/29 05:12:01.074, 298.62, 100, 74232, 74
2026/07/29 05:12:02.111, 305.06, 100, 74232, 74
2026/07/29 05:12:03.149, 304.96, 100, 74232, 74
2026/07/29 05:12:04.187, 296.07, 100, 74232, 74
2026/07/29 05:12:05.225, 298.01, 100, 74232, 74
2026/07/29 05:12:06.266, 303.80, 100, 74232, 74
2026/07/29 05:12:07.304, 296.77, 100, 74232, 74
2026/07/29 05:12:08.341, 293.17, 100, 74232, 73
2026/07/29 05:12:09.379, 292.08, 100, 74232, 73
2026/07/29 05:12:10.418, 295.70, 100, 74232, 73
2026/07/29 05:12:11.456, 296.88, 100, 74232, 73
2026/07/29 05:12:12.494, 296.56, 100, 74232, 73
2026/07/29 05:12:13.534, 296.10, 100, 74232, 73
2026/07/29 05:12:14.572, 296.76, 100, 74232, 73
2026/07/29 05:12:15.609, 289.39, 100, 74232, 73
2026/07/29 05:12:16.654, 296.29, 100, 74232, 73
2026/07/29 05:12:17.692, 296.27, 100, 74232, 73
2026/07/29 05:12:18.729, 295.44, 100, 74232, 73
2026/07/29 05:12:19.770, 295.90, 100, 74232, 73
2026/07/29 05:12:20.807, 302.10, 100, 74232, 73
2026/07/29 05:12:21.844, 303.27, 100, 74232, 73
2026/07/29 05:12:22.882, 305.69, 100, 74232, 73
2026/07/29 05:12:23.921, 304.50, 100, 74232, 73
2026/07/29 05:12:24.958, 305.10, 100, 74232, 73
2026/07/29 05:12:25.998, 303.95, 100, 74232, 73
2026/07/29 05:12:27.035, 302.88, 100, 74232, 73
2026/07/29 05:12:28.073, 303.76, 100, 74232, 73
2026/07/29 05:12:29.111, 298.41, 100, 74232, 73
2026/07/29 05:12:30.151, 297.34, 100, 74232, 73
2026/07/29 05:12:31.190, 294.74, 100, 74232, 73
2026/07/29 05:12:32.228, 292.02, 100, 74232, 73
2026/07/29 05:12:33.266, 291.88, 100, 74232, 73
2026/07/29 05:12:34.305, 296.28, 100, 74232, 73
2026/07/29 05:12:35.343, 296.96, 100, 74232, 73
2026/07/29 05:12:36.380, 296.64, 100, 74232, 73
2026/07/29 05:12:37.418, 297.04, 100, 74232, 73
2026/07/29 05:12:38.457, 302.56, 100, 74232, 73
2026/07/29 05:12:39.496, 303.36, 100, 74232, 73
2026/07/29 05:12:40.534, 303.36, 100, 74232, 73
2026/07/29 05:12:41.579, 303.63, 100, 74232, 73
2026/07/29 05:12:42.617, 303.38, 100, 74232, 73
2026/07/29 05:12:43.654, 303.24, 100, 74232, 73
2026/07/29 05:12:44.693, 304.62, 100, 74232, 73
2026/07/29 05:12:45.733, 99.93, 0, 74232, 70
2026/07/29 05:12:46.766, 293.15, 100, 74232, 74
2026/07/29 05:12:47.802, 304.16, 100, 74232, 75
2026/07/29 05:12:48.837, 295.72, 100, 74232, 75
2026/07/29 05:12:49.876, 278.25, 100, 74232, 75
2026/07/29 05:12:50.913, 293.85, 100, 74232, 75
2026/07/29 05:12:51.948, 286.76, 100, 74232, 75
2026/07/29 05:12:52.982, 302.66, 100, 74232, 73
2026/07/29 05:12:54.021, 302.93, 100, 74232, 73
2026/07/29 05:12:55.058, 302.29, 100, 74232, 73
2026/07/29 05:12:56.096, 302.30, 100, 74232, 73
2026/07/29 05:12:57.134, 98.94, 30, 74232, 70
2026/07/29 05:12:58.168, 291.81, 100, 74232, 74
2026/07/29 05:12:59.202, 294.51, 100, 74232, 74
2026/07/29 05:13:00.238, 295.81, 100, 74232, 75
2026/07/29 05:13:01.275, 290.95, 100, 74232, 74
2026/07/29 05:13:02.311, 273.24, 100, 74232, 75
2026/07/29 05:13:03.346, 285.06, 100, 74232, 75
2026/07/29 05:13:04.383, 288.59, 100, 74232, 75
2026/07/29 05:13:05.422, 303.71, 100, 74232, 73
2026/07/29 05:13:06.460, 296.08, 100, 74232, 73
2026/07/29 05:13:07.499, 296.48, 100, 74232, 73
2026/07/29 05:13:08.538, 298.18, 100, 74232, 73
2026/07/29 05:13:09.576, 290.74, 100, 74232, 73
2026/07/29 05:13:10.615, 283.93, 100, 74232, 73
2026/07/29 05:13:11.653, 288.60, 100, 74232, 73
2026/07/29 05:13:12.690, 288.99, 100, 74232, 73
2026/07/29 05:13:13.728, 288.79, 100, 74232, 73
2026/07/29 05:13:14.768, 292.48, 100, 74232, 73
2026/07/29 05:13:15.806, 289.30, 100, 74232, 73
2026/07/29 05:13:16.843, 290.24, 100, 74232, 74
2026/07/29 05:13:17.884, 292.07, 100, 74232, 73
2026/07/29 05:13:18.927, 285.95, 100, 74232, 73
2026/07/29 05:13:19.966, 297.57, 100, 74232, 74
2026/07/29 05:13:21.003, 296.87, 100, 74232, 74
2026/07/29 05:13:22.042, 297.93, 100, 74232, 73
2026/07/29 05:13:23.079, 296.66, 100, 74232, 73
2026/07/29 05:13:24.117, 295.40, 100, 74232, 73
2026/07/29 05:13:25.155, 295.89, 100, 74232, 73
2026/07/29 05:13:26.193, 296.95, 100, 74232, 73
2026/07/29 05:13:27.233, 297.92, 100, 74232, 73
2026/07/29 05:13:28.271, 303.61, 100, 74232, 73
2026/07/29 05:13:29.308, 302.46, 100, 74232, 73
2026/07/29 05:13:30.345, 303.17, 100, 74232, 73
2026/07/29 05:13:31.385, 302.84, 100, 74232, 73
2026/07/29 05:13:32.423, 299.67, 100, 74232, 73
2026/07/29 05:13:33.463, 302.78, 100, 74232, 73
2026/07/29 05:13:34.500, 303.36, 100, 74232, 73
2026/07/29 05:13:35.538, 296.83, 100, 74232, 73
2026/07/29 05:13:36.576, 303.22, 100, 74232, 73
2026/07/29 05:13:37.614, 305.47, 100, 74232, 73
2026/07/29 05:13:38.651, 297.15, 100, 74232, 73
2026/07/29 05:13:39.688, 299.09, 100, 74232, 73
2026/07/29 05:13:40.725, 296.96, 100, 74232, 73
2026/07/29 05:13:41.764, 291.80, 100, 74232, 73
2026/07/29 05:13:42.802, 291.41, 100, 74232, 73
2026/07/29 05:13:43.841, 293.15, 100, 74232, 73
2026/07/29 05:13:44.878, 295.42, 100, 74232, 73
2026/07/29 05:13:45.916, 295.20, 100, 74232, 73
2026/07/29 05:13:46.952, 299.77, 100, 74232, 73
2026/07/29 05:13:47.988, 301.91, 100, 74232, 73
2026/07/29 05:13:49.025, 302.67, 100, 74232, 73
2026/07/29 05:13:50.062, 303.15, 100, 74232, 73
2026/07/29 05:13:51.099, 301.86, 100, 74232, 73
2026/07/29 05:13:52.136, 303.08, 100, 74232, 73
2026/07/29 05:13:53.173, 304.81, 100, 74232, 73
2026/07/29 05:13:54.211, 303.35, 100, 74232, 73
2026/07/29 05:13:55.249, 295.49, 100, 74232, 73
2026/07/29 05:13:56.287, 297.23, 100, 74232, 73
2026/07/29 05:13:57.329, 295.30, 100, 74232, 73
2026/07/29 05:13:58.366, 295.21, 100, 74232, 73
2026/07/29 05:13:59.404, 301.12, 100, 74232, 73
2026/07/29 05:14:00.442, 291.52, 100, 74232, 73
2026/07/29 05:14:01.480, 295.79, 100, 74232, 73
2026/07/29 05:14:02.520, 302.70, 100, 74232, 73
2026/07/29 05:14:03.557, 295.80, 100, 74232, 73
2026/07/29 05:14:04.595, 304.72, 100, 74232, 73
2026/07/29 05:14:05.632, 303.85, 100, 74232, 73
2026/07/29 05:14:06.669, 303.02, 100, 74232, 73
2026/07/29 05:14:07.708, 297.72, 100, 74232, 73
2026/07/29 05:14:08.745, 292.19, 100, 74232, 73
2026/07/29 05:14:09.785, 292.88, 100, 74232, 73
2026/07/29 05:14:10.823, 297.73, 100, 74232, 73
2026/07/29 05:14:11.860, 301.96, 100, 74232, 73
2026/07/29 05:14:12.897, 306.27, 100, 74232, 73
2026/07/29 05:14:13.935, 299.10, 100, 74232, 73
2026/07/29 05:14:14.973, 304.64, 100, 74232, 73
2026/07/29 05:14:16.009, 303.75, 100, 74232, 73
2026/07/29 05:14:17.046, 306.93, 100, 74232, 73
2026/07/29 05:14:18.083, 303.82, 100, 74232, 73
2026/07/29 05:14:19.121, 298.60, 100, 74232, 73
2026/07/29 05:14:20.158, 303.27, 100, 74232, 73
2026/07/29 05:14:21.196, 292.81, 100, 74232, 73
2026/07/29 05:14:22.234, 295.20, 100, 74232, 73
2026/07/29 05:14:23.271, 299.19, 100, 74232, 73
2026/07/29 05:14:24.308, 295.69, 100, 74232, 73
2026/07/29 05:14:25.345, 303.17, 100, 74232, 73
2026/07/29 05:14:26.384, 302.98, 100, 74232, 73
2026/07/29 05:14:27.421, 305.05, 100, 74232, 73
2026/07/29 05:14:28.459, 296.45, 100, 74232, 73
2026/07/29 05:14:29.495, 297.34, 100, 74232, 73
2026/07/29 05:14:30.532, 292.59, 100, 74232, 73
2026/07/29 05:14:31.568, 295.88, 100, 74232, 73
2026/07/29 05:14:32.608, 299.30, 100, 74232, 73
2026/07/29 05:14:33.645, 298.43, 100, 74232, 73
2026/07/29 05:14:34.681, 299.93, 100, 74232, 73
2026/07/29 05:14:35.719, 304.91, 100, 74232, 73
2026/07/29 05:14:36.758, 303.15, 100, 74232, 73
2026/07/29 05:14:37.796, 303.67, 100, 74232, 73
2026/07/29 05:14:38.834, 296.58, 100, 74232, 73
2026/07/29 05:14:39.872, 291.52, 100, 74232, 73
2026/07/29 05:14:40.919, 296.48, 100, 74232, 73
2026/07/29 05:14:41.957, 302.83, 100, 74232, 73
2026/07/29 05:14:42.995, 299.21, 100, 74232, 73
2026/07/29 05:14:44.040, 303.28, 100, 74232, 73
2026/07/29 05:14:45.080, 296.54, 100, 74232, 73
2026/07/29 05:14:46.117, 297.91, 100, 74232, 73
2026/07/29 05:14:47.160, 296.36, 100, 74232, 73
2026/07/29 05:14:48.198, 295.59, 100, 74232, 73
2026/07/29 05:14:49.235, 295.50, 100, 74232, 73
2026/07/29 05:14:50.274, 295.02, 100, 74232, 73
2026/07/29 05:14:51.312, 302.70, 100, 74232, 73
2026/07/29 05:14:52.352, 303.07, 100, 74232, 73
2026/07/29 05:14:53.391, 304.38, 100, 74232, 73
2026/07/29 05:14:54.429, 303.50, 100, 74232, 73
2026/07/29 05:14:55.467, 303.52, 100, 74232, 73
2026/07/29 05:14:56.505, 303.03, 100, 74232, 73
2026/07/29 05:14:57.543, 304.39, 100, 74232, 73
2026/07/29 05:14:58.580, 302.89, 100, 74232, 73
2026/07/29 05:14:59.617, 298.09, 100, 74232, 73
2026/07/29 05:15:00.655, 295.58, 100, 74232, 73
2026/07/29 05:15:01.695, 296.84, 100, 74232, 73
2026/07/29 05:15:02.733, 295.11, 100, 74232, 73
2026/07/29 05:15:03.771, 295.69, 100, 74232, 73
2026/07/29 05:15:04.808, 295.87, 100, 74232, 73
2026/07/29 05:15:05.846, 298.61, 100, 74232, 73
2026/07/29 05:15:06.884, 295.81, 100, 74232, 73
2026/07/29 05:15:07.926, 295.60, 100, 74232, 73
2026/07/29 05:15:08.963, 294.62, 100, 74232, 73
2026/07/29 05:15:10.000, 296.01, 100, 74232, 73
2026/07/29 05:15:11.041, 295.02, 100, 74232, 73
2026/07/29 05:15:12.077, 300.84, 100, 74232, 73
2026/07/29 05:15:13.114, 295.30, 100, 74232, 73
2026/07/29 05:15:14.151, 303.44, 100, 74232, 73
2026/07/29 05:15:15.189, 304.12, 100, 74232, 73
2026/07/29 05:15:16.226, 302.41, 100, 74232, 73
2026/07/29 05:15:17.263, 306.22, 100, 74232, 73
2026/07/29 05:15:18.300, 303.15, 100, 74232, 73
2026/07/29 05:15:19.338, 302.76, 100, 74232, 73
2026/07/29 05:15:20.374, 303.61, 100, 74232, 73
2026/07/29 05:15:21.411, 303.37, 100, 74232, 73
2026/07/29 05:15:22.449, 302.98, 100, 74232, 73
2026/07/29 05:15:23.486, 292.30, 100, 74232, 73
2026/07/29 05:15:24.524, 296.16, 100, 74232, 73
2026/07/29 05:15:25.563, 299.49, 100, 74232, 73
2026/07/29 05:15:26.601, 299.58, 100, 74232, 73
2026/07/29 05:15:27.638, 295.11, 100, 74232, 73
2026/07/29 05:15:28.675, 296.36, 100, 74232, 73
2026/07/29 05:15:29.714, 297.31, 100, 74232, 73
2026/07/29 05:15:30.755, 294.90, 100, 74232, 73
2026/07/29 05:15:31.793, 307.15, 100, 74232, 73
2026/07/29 05:15:32.829, 299.38, 100, 74232, 73
2026/07/29 05:15:33.866, 292.77, 100, 74232, 73
2026/07/29 05:15:34.904, 295.69, 100, 74232, 73
2026/07/29 05:15:35.948, 302.78, 100, 74232, 73
2026/07/29 05:15:36.985, 302.65, 100, 74232, 73
2026/07/29 05:15:38.022, 303.24, 100, 74232, 73
2026/07/29 05:15:39.059, 303.81, 100, 74232, 73
2026/07/29 05:15:40.097, 302.29, 100, 74232, 73
2026/07/29 05:15:41.137, 302.91, 100, 74232, 73
2026/07/29 05:15:42.173, 302.65, 100, 74232, 73
2026/07/29 05:15:43.210, 299.89, 100, 74232, 73
2026/07/29 05:15:44.246, 302.59, 100, 74232, 73
2026/07/29 05:15:45.286, 291.23, 100, 74232, 73
2026/07/29 05:15:46.323, 293.86, 100, 74232, 73
2026/07/29 05:15:47.360, 295.10, 100, 74232, 73
2026/07/29 05:15:48.398, 294.61, 100, 74232, 73
2026/07/29 05:15:49.437, 297.72, 100, 74232, 73
2026/07/29 05:15:50.474, 302.39, 100, 74232, 73
2026/07/29 05:15:51.512, 303.26, 100, 74232, 73
2026/07/29 05:15:52.549, 302.47, 100, 74232, 73
2026/07/29 05:15:53.587, 302.66, 100, 74232, 73
2026/07/29 05:15:54.625, 295.59, 100, 74232, 73
2026/07/29 05:15:55.666, 301.80, 100, 74232, 73
2026/07/29 05:15:56.704, 295.47, 100, 74232, 73
2026/07/29 05:15:57.742, 295.11, 100, 74232, 73
2026/07/29 05:15:58.784, 297.04, 100, 74232, 73
2026/07/29 05:15:59.821, 303.57, 100, 74232, 73
2026/07/29 05:16:00.860, 302.38, 100, 74232, 73
2026/07/29 05:16:01.898, 299.46, 100, 74232, 73
2026/07/29 05:16:02.935, 302.37, 100, 74232, 73
2026/07/29 05:16:03.973, 301.72, 100, 74232, 73
2026/07/29 05:16:05.010, 295.40, 100, 74232, 73
2026/07/29 05:16:06.047, 297.41, 100, 74232, 73
2026/07/29 05:16:07.085, 295.51, 100, 74232, 73
2026/07/29 05:16:08.123, 292.22, 100, 74232, 73
2026/07/29 05:16:09.161, 295.29, 100, 74232, 73
2026/07/29 05:16:10.205, 295.22, 100, 74232, 73
2026/07/29 05:16:11.243, 296.08, 100, 74232, 73
2026/07/29 05:16:12.281, 300.64, 100, 74232, 73
2026/07/29 05:16:13.319, 300.73, 100, 74232, 73
2026/07/29 05:16:14.358, 301.72, 100, 74232, 73
2026/07/29 05:16:15.395, 302.57, 100, 74232, 73
2026/07/29 05:16:16.433, 303.64, 100, 74232, 73
2026/07/29 05:16:17.471, 303.41, 100, 74232, 73
2026/07/29 05:16:18.511, 299.74, 100, 74232, 73
2026/07/29 05:16:19.549, 290.83, 100, 74232, 73
2026/07/29 05:16:20.587, 291.42, 100, 74232, 73
2026/07/29 05:16:21.625, 295.18, 100, 74232, 73
2026/07/29 05:16:22.663, 302.29, 100, 74232, 73
2026/07/29 05:16:23.700, 302.49, 100, 74232, 73
2026/07/29 05:16:24.736, 298.41, 100, 74232, 73
2026/07/29 05:16:25.774, 304.04, 100, 74232, 73
2026/07/29 05:16:26.810, 303.27, 100, 74232, 73
2026/07/29 05:16:27.849, 303.42, 100, 74232, 73
2026/07/29 05:16:28.887, 302.38, 100, 74232, 73
2026/07/29 05:16:29.925, 302.86, 100, 74232, 73
2026/07/29 05:16:30.963, 302.85, 100, 74232, 73
2026/07/29 05:16:32.000, 295.88, 100, 74232, 73
2026/07/29 05:16:33.041, 298.89, 100, 74232, 73
2026/07/29 05:16:34.079, 302.98, 100, 74232, 73
2026/07/29 05:16:35.116, 295.40, 100, 74232, 73
2026/07/29 05:16:36.153, 293.16, 100, 74232, 73
2026/07/29 05:16:37.190, 295.00, 100, 74232, 73
2026/07/29 05:16:38.228, 295.77, 100, 74232, 73
2026/07/29 05:16:39.266, 294.73, 100, 74232, 73
2026/07/29 05:16:40.302, 294.83, 100, 74232, 73
2026/07/29 05:16:41.340, 295.30, 100, 74232, 73
2026/07/29 05:16:42.378, 294.92, 100, 74232, 72
2026/07/29 05:16:43.417, 295.46, 100, 74232, 73
2026/07/29 05:16:44.455, 294.93, 100, 74232, 73
2026/07/29 05:16:45.492, 302.00, 100, 74232, 73
2026/07/29 05:16:46.529, 299.78, 100, 74232, 73
2026/07/29 05:16:47.566, 302.19, 100, 74232, 73
2026/07/29 05:16:48.604, 302.60, 100, 74232, 73
2026/07/29 05:16:49.642, 302.86, 100, 74232, 73
2026/07/29 05:16:50.678, 302.59, 100, 74232, 73
2026/07/29 05:16:51.715, 300.14, 100, 74232, 73
2026/07/29 05:16:52.752, 291.13, 100, 74232, 72
2026/07/29 05:16:53.790, 291.23, 100, 74232, 72
2026/07/29 05:16:54.830, 295.21, 100, 74232, 73
2026/07/29 05:16:55.868, 304.05, 100, 74232, 73
2026/07/29 05:16:56.906, 298.99, 100, 74232, 73
2026/07/29 05:16:57.945, 304.52, 100, 74232, 73
2026/07/29 05:16:58.985, 303.05, 100, 74232, 73
2026/07/29 05:17:00.023, 302.88, 100, 74232, 73
2026/07/29 05:17:01.059, 302.30, 100, 74232, 73
2026/07/29 05:17:02.095, 302.60, 100, 74232, 73
2026/07/29 05:17:03.132, 303.30, 100, 74232, 73
2026/07/29 05:17:04.169, 302.39, 100, 74232, 73
2026/07/29 05:17:05.206, 302.31, 100, 74232, 73
2026/07/29 05:17:06.243, 301.43, 100, 74232, 73
2026/07/29 05:17:07.280, 302.95, 100, 74232, 73
2026/07/29 05:17:08.319, 295.31, 100, 74232, 72
2026/07/29 05:17:09.358, 296.17, 100, 74232, 72
2026/07/29 05:17:10.396, 294.14, 100, 74232, 73
2026/07/29 05:17:11.433, 294.80, 100, 74232, 73
2026/07/29 05:17:12.471, 298.90, 100, 74232, 73
2026/07/29 05:17:13.510, 298.48, 100, 74232, 73
2026/07/29 05:17:14.547, 303.56, 100, 74232, 73
2026/07/29 05:17:15.586, 302.49, 100, 74232, 73
2026/07/29 05:17:16.623, 307.15, 100, 74232, 73
2026/07/29 05:17:17.662, 298.70, 100, 74232, 73
2026/07/29 05:17:18.700, 302.49, 100, 74232, 73
2026/07/29 05:17:19.738, 304.40, 100, 74232, 73
2026/07/29 05:17:20.776, 302.77, 100, 74232, 73
2026/07/29 05:17:21.813, 302.47, 100, 74232, 73
2026/07/29 05:17:22.851, 302.58, 100, 74232, 73
2026/07/29 05:17:23.887, 302.49, 100, 74232, 73
2026/07/29 05:17:24.923, 302.48, 100, 74232, 73
2026/07/29 05:17:25.961, 303.73, 100, 74232, 73
2026/07/29 05:17:26.998, 301.70, 100, 74232, 73
2026/07/29 05:17:28.035, 302.74, 100, 74232, 73
2026/07/29 05:17:29.073, 304.24, 100, 74232, 73
2026/07/29 05:17:30.111, 296.26, 100, 74232, 72
2026/07/29 05:17:31.148, 292.51, 100, 74232, 73
2026/07/29 05:17:32.185, 302.09, 100, 74232, 73
2026/07/29 05:17:33.222, 302.77, 100, 74232, 73
2026/07/29 05:17:34.259, 302.09, 100, 74232, 73
2026/07/29 05:17:35.297, 297.92, 100, 74232, 73
2026/07/29 05:17:36.338, 297.73, 100, 74232, 72
2026/07/29 05:17:37.375, 298.32, 100, 74232, 72
2026/07/29 05:17:38.412, 294.35, 100, 74232, 72
2026/07/29 05:17:39.451, 295.01, 100, 74232, 72
2026/07/29 05:17:40.489, 296.83, 100, 74232, 72
2026/07/29 05:17:41.530, 294.53, 100, 74232, 72
2026/07/29 05:17:42.567, 299.10, 100, 74232, 73
2026/07/29 05:17:43.605, 300.65, 100, 74232, 73
2026/07/29 05:17:44.643, 298.99, 100, 74232, 73
2026/07/29 05:17:45.679, 302.66, 100, 74232, 73
2026/07/29 05:17:46.721, 304.16, 100, 74232, 72
2026/07/29 05:17:47.759, 298.32, 100, 74232, 73
2026/07/29 05:17:48.797, 291.80, 100, 74232, 72
2026/07/29 05:17:49.843, 296.64, 100, 74232, 72
2026/07/29 05:17:50.879, 294.62, 100, 74232, 72
2026/07/29 05:17:51.917, 295.49, 100, 74232, 72
2026/07/29 05:17:52.962, 295.70, 100, 74232, 73
2026/07/29 05:17:54.001, 302.89, 100, 74232, 73
2026/07/29 05:17:55.037, 302.96, 100, 74232, 72
2026/07/29 05:17:56.081, 299.16, 100, 74232, 72
2026/07/29 05:17:57.119, 295.41, 100, 74232, 72
2026/07/29 05:17:58.155, 100.13, 0, 74232, 69
2026/07/29 05:17:59.189, 288.69, 100, 74232, 74
2026/07/29 05:18:00.225, 291.60, 100, 74232, 74
2026/07/29 05:18:01.265, 295.50, 100, 74232, 74
2026/07/29 05:18:02.301, 293.80, 100, 74232, 74
2026/07/29 05:18:03.339, 270.03, 100, 74232, 74
2026/07/29 05:18:04.378, 288.19, 100, 74232, 74
2026/07/29 05:18:05.418, 303.55, 100, 74232, 72
2026/07/29 05:18:06.456, 298.21, 100, 74232, 72
2026/07/29 05:18:07.494, 301.61, 100, 74232, 72
2026/07/29 05:18:08.532, 302.17, 100, 74232, 73
2026/07/29 05:18:09.569, 301.92, 100, 74232, 73
2026/07/29 05:18:10.607, 300.71, 100, 74232, 73
2026/07/29 05:18:11.645, 302.68, 100, 74232, 73
2026/07/29 05:18:12.683, 303.35, 100, 74232, 73
2026/07/29 05:18:13.721, 303.03, 100, 74232, 73
2026/07/29 05:18:14.759, 304.28, 100, 74232, 73
2026/07/29 05:18:15.797, 303.46, 100, 74232, 73
2026/07/29 05:18:16.835, 303.37, 100, 74232, 73
2026/07/29 05:18:17.875, 302.88, 100, 74232, 73
2026/07/29 05:18:18.912, 302.59, 100, 74232, 73
2026/07/29 05:18:19.948, 303.95, 100, 74232, 73
2026/07/29 05:18:20.986, 295.90, 100, 74232, 73
2026/07/29 05:18:22.025, 295.50, 100, 74232, 73
2026/07/29 05:18:23.063, 297.05, 100, 74232, 73
2026/07/29 05:18:24.101, 295.31, 100, 74232, 73
2026/07/29 05:18:25.141, 296.18, 100, 74232, 73
2026/07/29 05:18:26.179, 294.81, 100, 74232, 73
2026/07/29 05:18:27.218, 294.72, 100, 74232, 73
2026/07/29 05:18:28.257, 295.39, 100, 74232, 73
2026/07/29 05:18:29.295, 295.62, 100, 74232, 73
2026/07/29 05:18:30.333, 295.58, 100, 74232, 73
2026/07/29 05:18:31.370, 298.82, 100, 74232, 73
2026/07/29 05:18:32.408, 301.28, 100, 74232, 73
2026/07/29 05:18:33.447, 294.90, 100, 74232, 73
2026/07/29 05:18:34.484, 292.88, 100, 74232, 73
2026/07/29 05:18:35.521, 291.82, 100, 74232, 73
2026/07/29 05:18:36.561, 296.35, 100, 74232, 73
2026/07/29 05:18:37.599, 295.01, 100, 74232, 73
2026/07/29 05:18:38.638, 304.02, 100, 74232, 73
2026/07/29 05:18:39.677, 303.09, 100, 74232, 73
2026/07/29 05:18:40.715, 303.08, 100, 74232, 73
2026/07/29 05:18:41.752, 303.16, 100, 74232, 73
2026/07/29 05:18:42.790, 303.61, 100, 74232, 73
2026/07/29 05:18:43.827, 291.74, 100, 74232, 73
2026/07/29 05:18:44.865, 302.78, 100, 74232, 73
2026/07/29 05:18:45.903, 302.55, 100, 74232, 73
2026/07/29 05:18:46.940, 302.67, 100, 74232, 73
2026/07/29 05:18:47.979, 297.45, 100, 74232, 73
2026/07/29 05:18:49.017, 299.20, 100, 74232, 73
2026/07/29 05:18:50.055, 294.45, 100, 74232, 73
2026/07/29 05:18:51.092, 303.07, 100, 74232, 73
2026/07/29 05:18:52.130, 306.58, 100, 74232, 73
2026/07/29 05:18:53.169, 303.32, 100, 74232, 73
2026/07/29 05:18:54.208, 295.89, 100, 74232, 73
2026/07/29 05:18:55.246, 301.92, 100, 74232, 73
2026/07/29 05:18:56.286, 303.25, 100, 74232, 73
2026/07/29 05:18:57.322, 302.70, 100, 74232, 73
2026/07/29 05:18:58.360, 302.85, 100, 74232, 73
2026/07/29 05:18:59.397, 303.66, 100, 74232, 73
2026/07/29 05:19:00.433, 299.44, 100, 74232, 73
2026/07/29 05:19:01.471, 298.41, 100, 74232, 73
2026/07/29 05:19:02.508, 294.92, 100, 74232, 73
2026/07/29 05:19:03.545, 295.60, 100, 74232, 73
2026/07/29 05:19:04.583, 291.71, 100, 74232, 73
2026/07/29 05:19:05.622, 294.42, 100, 74232, 73
2026/07/29 05:19:06.662, 298.01, 100, 74232, 73
2026/07/29 05:19:07.700, 298.81, 100, 74232, 73
2026/07/29 05:19:08.738, 302.57, 100, 74232, 73
2026/07/29 05:19:09.776, 298.40, 100, 74232, 73
2026/07/29 05:19:10.814, 303.09, 100, 74232, 73
2026/07/29 05:19:11.851, 302.02, 100, 74232, 73
2026/07/29 05:19:12.887, 302.37, 100, 74232, 73
2026/07/29 05:19:13.924, 304.74, 100, 74232, 73
2026/07/29 05:19:14.962, 291.70, 100, 74232, 73
2026/07/29 05:19:16.001, 297.51, 100, 74232, 73
2026/07/29 05:19:17.038, 295.31, 100, 74232, 73
2026/07/29 05:19:18.076, 291.90, 100, 74232, 73
2026/07/29 05:19:19.112, 291.14, 100, 74232, 73
2026/07/29 05:19:20.149, 290.73, 100, 74232, 73
2026/07/29 05:19:21.186, 302.67, 100, 74232, 73
2026/07/29 05:19:22.226, 301.58, 100, 74232, 73
2026/07/29 05:19:23.264, 302.25, 100, 74232, 73
2026/07/29 05:19:24.300, 302.18, 100, 74232, 73
2026/07/29 05:19:25.338, 296.75, 100, 74232, 73
2026/07/29 05:19:26.377, 292.19, 100, 74232, 73
2026/07/29 05:19:27.416, 301.72, 100, 74232, 73
2026/07/29 05:19:28.452, 302.68, 100, 74232, 73
2026/07/29 05:19:29.489, 299.00, 100, 74232, 73
2026/07/29 05:19:30.525, 302.38, 100, 74232, 73
2026/07/29 05:19:31.562, 302.03, 100, 74232, 73
2026/07/29 05:19:32.598, 298.71, 100, 74232, 73
2026/07/29 05:19:33.635, 303.68, 100, 74232, 73
2026/07/29 05:19:34.671, 303.65, 100, 74232, 73
2026/07/29 05:19:35.708, 302.98, 100, 74232, 73
2026/07/29 05:19:36.744, 302.09, 100, 74232, 73
2026/07/29 05:19:37.784, 302.78, 100, 74232, 73
2026/07/29 05:19:38.821, 302.84, 100, 74232, 73
2026/07/29 05:19:39.859, 303.67, 100, 74232, 73
2026/07/29 05:19:40.897, 295.99, 100, 74232, 73
2026/07/29 05:19:41.933, 297.05, 100, 74232, 73
2026/07/29 05:19:42.971, 291.72, 100, 74232, 72
2026/07/29 05:19:44.008, 294.63, 100, 74232, 73
2026/07/29 05:19:45.044, 294.73, 100, 74232, 72
2026/07/29 05:19:46.082, 294.93, 100, 74232, 72
2026/07/29 05:19:47.119, 302.02, 100, 74232, 73
2026/07/29 05:19:48.156, 294.33, 100, 74232, 72
2026/07/29 05:19:49.192, 294.03, 100, 74232, 72
2026/07/29 05:19:50.230, 294.43, 100, 74232, 72
2026/07/29 05:19:51.267, 299.87, 100, 74232, 73
2026/07/29 05:19:52.305, 301.81, 100, 74232, 73
2026/07/29 05:19:53.343, 302.56, 100, 74232, 73
2026/07/29 05:19:54.379, 302.61, 100, 74232, 73
2026/07/29 05:19:55.417, 300.74, 100, 74232, 73
2026/07/29 05:19:56.453, 302.39, 100, 74232, 73
2026/07/29 05:19:57.491, 303.70, 100, 74232, 73
2026/07/29 05:19:58.530, 302.08, 100, 74232, 73
2026/07/29 05:19:59.567, 303.09, 100, 74232, 73
2026/07/29 05:20:00.605, 301.83, 100, 74232, 73
2026/07/29 05:20:01.642, 302.39, 100, 74232, 73
2026/07/29 05:20:02.678, 302.86, 100, 74232, 73
2026/07/29 05:20:03.714, 303.07, 100, 74232, 73
2026/07/29 05:20:04.751, 298.40, 100, 74232, 73
2026/07/29 05:20:05.787, 297.24, 100, 74232, 72
2026/07/29 05:20:06.825, 296.94, 100, 74232, 73
2026/07/29 05:20:07.862, 295.89, 100, 74232, 72
2026/07/29 05:20:08.898, 294.72, 100, 74232, 72
2026/07/29 05:20:09.935, 295.32, 100, 74232, 72
2026/07/29 05:20:10.971, 296.26, 100, 74232, 72
2026/07/29 05:20:12.008, 301.14, 100, 74232, 73
2026/07/29 05:20:13.051, 294.34, 100, 74232, 72
2026/07/29 05:20:14.087, 294.05, 100, 74232, 72
2026/07/29 05:20:15.123, 295.79, 100, 74232, 72
2026/07/29 05:20:16.166, 296.29, 100, 74232, 72
2026/07/29 05:20:17.203, 300.54, 100, 74232, 72
2026/07/29 05:20:18.242, 302.96, 100, 74232, 73
2026/07/29 05:20:19.280, 297.93, 100, 74232, 72
2026/07/29 05:20:20.317, 302.38, 100, 74232, 73
2026/07/29 05:20:21.355, 303.29, 100, 74232, 73
2026/07/29 05:20:22.393, 302.70, 100, 74232, 73
2026/07/29 05:20:23.430, 301.85, 100, 74232, 73
2026/07/29 05:20:24.469, 302.36, 100, 74232, 73
2026/07/29 05:20:25.507, 305.86, 100, 74232, 73
2026/07/29 05:20:26.545, 303.22, 100, 74232, 73
2026/07/29 05:20:27.583, 296.65, 100, 74232, 72
2026/07/29 05:20:28.622, 295.30, 100, 74232, 72
2026/07/29 05:20:29.661, 294.62, 100, 74232, 72
2026/07/29 05:20:30.700, 297.03, 100, 74232, 72
2026/07/29 05:20:31.737, 290.75, 100, 74232, 72
2026/07/29 05:20:32.774, 300.25, 100, 74232, 72
2026/07/29 05:20:33.813, 296.15, 100, 74232, 72
2026/07/29 05:20:34.850, 295.69, 100, 74232, 72
2026/07/29 05:20:35.886, 294.82, 100, 74232, 72
2026/07/29 05:20:36.924, 301.82, 100, 74232, 72
2026/07/29 05:20:37.960, 302.06, 100, 74232, 72
2026/07/29 05:20:39.000, 295.20, 100, 74232, 72
2026/07/29 05:20:40.037, 297.41, 100, 74232, 72
2026/07/29 05:20:41.073, 294.34, 100, 74232, 72
2026/07/29 05:20:42.111, 295.76, 100, 74232, 72
2026/07/29 05:20:43.148, 302.96, 100, 74232, 72
2026/07/29 05:20:44.186, 302.09, 100, 74232, 72
2026/07/29 05:20:45.224, 300.05, 100, 74232, 72
2026/07/29 05:20:46.262, 301.98, 100, 74232, 72
2026/07/29 05:20:47.299, 302.93, 100, 74232, 72
2026/07/29 05:20:48.338, 302.07, 100, 74232, 72
2026/07/29 05:20:49.374, 301.02, 100, 74232, 72
2026/07/29 05:20:50.413, 296.17, 100, 74232, 72
2026/07/29 05:20:51.450, 296.27, 100, 74232, 72
2026/07/29 05:20:52.487, 297.34, 100, 74232, 72
2026/07/29 05:20:53.523, 294.62, 100, 74232, 72
2026/07/29 05:20:54.560, 293.65, 100, 74232, 72
2026/07/29 05:20:55.599, 294.44, 100, 74232, 72
2026/07/29 05:20:56.637, 304.58, 100, 74232, 72
2026/07/29 05:20:57.675, 301.59, 100, 74232, 72
2026/07/29 05:20:58.712, 301.81, 100, 74232, 72
2026/07/29 05:20:59.749, 301.30, 100, 74232, 72
2026/07/29 05:21:00.787, 302.93, 100, 74232, 72
2026/07/29 05:21:01.830, 302.49, 100, 74232, 72
2026/07/29 05:21:02.869, 295.29, 100, 74232, 72
2026/07/29 05:21:03.907, 296.45, 100, 74232, 72
2026/07/29 05:21:04.946, 295.11, 100, 74232, 72
2026/07/29 05:21:05.984, 296.76, 100, 74232, 72
2026/07/29 05:21:07.021, 294.42, 100, 74232, 72
2026/07/29 05:21:08.065, 294.65, 100, 74232, 72
2026/07/29 05:21:09.103, 299.24, 100, 74232, 72
2026/07/29 05:21:10.139, 298.99, 100, 74232, 72
2026/07/29 05:21:11.181, 302.00, 100, 74232, 72
2026/07/29 05:21:12.219, 302.61, 100, 74232, 72
2026/07/29 05:21:13.257, 302.84, 100, 74232, 72
2026/07/29 05:21:14.296, 298.98, 100, 74232, 72
2026/07/29 05:21:15.333, 298.40, 100, 74232, 72
2026/07/29 05:21:16.371, 295.40, 100, 74232, 72
2026/07/29 05:21:17.409, 302.09, 100, 74232, 72
2026/07/29 05:21:18.447, 294.62, 100, 74232, 72
2026/07/29 05:21:19.484, 302.47, 100, 74232, 72
2026/07/29 05:21:20.522, 302.51, 100, 74232, 72
2026/07/29 05:21:21.560, 304.14, 100, 74232, 72
2026/07/29 05:21:22.597, 301.78, 100, 74232, 72
2026/07/29 05:21:23.635, 302.48, 100, 74232, 72
2026/07/29 05:21:24.673, 301.98, 100, 74232, 72
2026/07/29 05:21:25.711, 294.80, 100, 74232, 72
2026/07/29 05:21:26.749, 301.42, 100, 74232, 72
2026/07/29 05:21:27.786, 301.51, 100, 74232, 72
2026/07/29 05:21:28.824, 300.65, 100, 74232, 72
2026/07/29 05:21:29.865, 295.30, 100, 74232, 72
2026/07/29 05:21:30.903, 294.73, 100, 74232, 72
2026/07/29 05:21:31.941, 294.13, 100, 74232, 72
2026/07/29 05:21:32.977, 295.20, 100, 74232, 72
2026/07/29 05:21:34.016, 296.08, 100, 74232, 72
2026/07/29 05:21:35.054, 301.39, 100, 74232, 72
2026/07/29 05:21:36.092, 299.56, 100, 74232, 72
2026/07/29 05:21:37.129, 295.30, 100, 74232, 72
2026/07/29 05:21:38.168, 302.43, 100, 74232, 72
2026/07/29 05:21:39.205, 295.29, 100, 74232, 72
2026/07/29 05:21:40.243, 291.80, 100, 74232, 72
2026/07/29 05:21:41.282, 295.68, 100, 74232, 72
2026/07/29 05:21:42.318, 294.80, 100, 74232, 72
2026/07/29 05:21:43.358, 294.43, 100, 74232, 72
2026/07/29 05:21:44.395, 295.20, 100, 74232, 72
2026/07/29 05:21:45.433, 295.48, 100, 74232, 72
2026/07/29 05:21:46.469, 296.07, 100, 74232, 72
2026/07/29 05:21:47.506, 294.61, 100, 74232, 72
2026/07/29 05:21:48.544, 295.30, 100, 74232, 72
2026/07/29 05:21:49.581, 295.76, 100, 74232, 72
2026/07/29 05:21:50.618, 294.99, 100, 74232, 72
2026/07/29 05:21:51.655, 300.65, 100, 74232, 72
2026/07/29 05:21:52.692, 302.49, 100, 74232, 72
2026/07/29 05:21:53.730, 302.58, 100, 74232, 72
2026/07/29 05:21:54.767, 298.62, 100, 74232, 72
2026/07/29 05:21:55.804, 296.65, 100, 74232, 72
2026/07/29 05:21:56.840, 297.53, 100, 74232, 72
2026/07/29 05:21:57.877, 297.52, 100, 74232, 72
2026/07/29 05:21:58.915, 302.86, 100, 74232, 72
2026/07/29 05:21:59.952, 301.57, 100, 74232, 72
2026/07/29 05:22:00.988, 297.63, 100, 74232, 72
2026/07/29 05:22:02.028, 302.58, 100, 74232, 72
2026/07/29 05:22:03.064, 302.62, 100, 74232, 72
2026/07/29 05:22:04.101, 295.20, 100, 74232, 72
2026/07/29 05:22:05.139, 292.76, 100, 74232, 72
2026/07/29 05:22:06.175, 295.30, 100, 74232, 72
2026/07/29 05:22:07.213, 295.22, 100, 74232, 72
2026/07/29 05:22:08.250, 302.41, 100, 74232, 72
2026/07/29 05:22:09.288, 302.20, 100, 74232, 72
2026/07/29 05:22:10.324, 302.28, 100, 74232, 72
2026/07/29 05:22:11.362, 299.48, 100, 74232, 72
2026/07/29 05:22:12.399, 302.65, 100, 74232, 72
2026/07/29 05:22:13.435, 299.05, 100, 74232, 72
2026/07/29 05:22:14.473, 294.63, 100, 74232, 72
2026/07/29 05:22:15.511, 296.43, 100, 74232, 72
2026/07/29 05:22:16.549, 298.58, 100, 74232, 72
2026/07/29 05:22:17.588, 295.00, 100, 74232, 72
2026/07/29 05:22:18.627, 303.28, 100, 74232, 72
2026/07/29 05:22:19.665, 303.13, 100, 74232, 72
2026/07/29 05:22:20.703, 299.76, 100, 74232, 72
2026/07/29 05:22:21.741, 306.64, 100, 74232, 72
2026/07/29 05:22:22.779, 298.60, 100, 74232, 72
2026/07/29 05:22:23.824, 304.23, 100, 74232, 72
2026/07/29 05:22:24.864, 302.79, 100, 74232, 72
2026/07/29 05:22:25.901, 302.68, 100, 74232, 72
2026/07/29 05:22:26.946, 295.41, 100, 74232, 72
2026/07/29 05:22:27.984, 294.91, 100, 74232, 72
2026/07/29 05:22:29.021, 295.30, 100, 74232, 72
2026/07/29 05:22:30.059, 294.21, 100, 74232, 72
2026/07/29 05:22:31.102, 296.84, 100, 74232, 72
2026/07/29 05:22:32.138, 301.81, 100, 74232, 72
2026/07/29 05:22:33.179, 301.68, 100, 74232, 72
2026/07/29 05:22:34.217, 303.06, 100, 74232, 72
2026/07/29 05:22:35.254, 299.88, 100, 74232, 72
2026/07/29 05:22:36.291, 290.83, 100, 74232, 72
2026/07/29 05:22:37.329, 296.46, 100, 74232, 72
2026/07/29 05:22:38.367, 294.42, 100, 74232, 72
2026/07/29 05:22:39.405, 295.21, 100, 74232, 72
2026/07/29 05:22:40.448, 295.21, 100, 74232, 72
2026/07/29 05:22:41.486, 301.82, 100, 74232, 72
2026/07/29 05:22:42.522, 302.20, 100, 74232, 72
2026/07/29 05:22:43.563, 303.46, 100, 74232, 72
2026/07/29 05:22:44.600, 301.23, 100, 74232, 72
2026/07/29 05:22:45.638, 302.85, 100, 74232, 72
2026/07/29 05:22:46.674, 302.20, 100, 74232, 72
2026/07/29 05:22:47.712, 295.49, 100, 74232, 72
2026/07/29 05:22:48.748, 300.64, 100, 74232, 72
2026/07/29 05:22:49.784, 297.52, 100, 74232, 72
2026/07/29 05:22:50.821, 290.54, 100, 74232, 72
2026/07/29 05:22:51.858, 291.23, 100, 74232, 72
2026/07/29 05:22:52.895, 294.63, 100, 74232, 72
2026/07/29 05:22:53.931, 304.66, 100, 74232, 72
2026/07/29 05:22:54.968, 303.76, 100, 74232, 72
2026/07/29 05:22:56.005, 299.00, 100, 74232, 72
2026/07/29 05:22:57.044, 305.47, 100, 74232, 72
2026/07/29 05:22:58.081, 304.87, 100, 74232, 72
2026/07/29 05:22:59.120, 98.36, 0, 74232, 69
2026/07/29 05:23:00.156, 280.60, 100, 74232, 73
2026/07/29 05:23:01.196, 307.94, 100, 74232, 74
2026/07/29 05:23:02.232, 301.41, 100, 74232, 74
2026/07/29 05:23:03.268, 281.81, 100, 74232, 74
2026/07/29 05:23:04.305, 281.48, 100, 74232, 73
2026/07/29 05:23:05.341, 253.70, 100, 74232, 74
2026/07/29 05:23:06.378, 300.34, 100, 74232, 72
2026/07/29 05:23:07.418, 300.81, 100, 74232, 72
2026/07/29 05:23:08.455, 301.60, 100, 74232, 72
2026/07/29 05:23:09.491, 301.92, 100, 74232, 72
2026/07/29 05:23:10.528, 303.15, 100, 74232, 72
2026/07/29 05:23:11.567, 301.78, 100, 74232, 72
2026/07/29 05:23:12.606, 303.20, 100, 74232, 73
2026/07/29 05:23:13.643, 302.10, 100, 74232, 73
2026/07/29 05:23:14.680, 301.63, 100, 74232, 73
2026/07/29 05:23:15.716, 302.48, 100, 74232, 73
2026/07/29 05:23:16.753, 302.38, 100, 74232, 73
2026/07/29 05:23:17.790, 302.98, 100, 74232, 73
2026/07/29 05:23:18.827, 291.51, 100, 74232, 73
2026/07/29 05:23:19.865, 293.06, 100, 74232, 73
2026/07/29 05:23:20.904, 294.74, 100, 74232, 73
2026/07/29 05:23:21.942, 295.40, 100, 74232, 73
2026/07/29 05:23:22.979, 294.91, 100, 74232, 73
2026/07/29 05:23:24.016, 293.75, 100, 74232, 73
2026/07/29 05:23:25.053, 295.38, 100, 74232, 73
2026/07/29 05:23:26.089, 298.58, 100, 74232, 73
2026/07/29 05:23:27.130, 303.46, 100, 74232, 73
2026/07/29 05:23:28.166, 299.38, 100, 74232, 73
2026/07/29 05:23:29.207, 294.92, 100, 74232, 73
2026/07/29 05:23:30.244, 291.40, 100, 74232, 73
2026/07/29 05:23:31.281, 303.05, 100, 74232, 73
2026/07/29 05:23:32.319, 302.58, 100, 74232, 73
2026/07/29 05:23:33.360, 303.07, 100, 74232, 73
2026/07/29 05:23:34.397, 301.20, 100, 74232, 73
2026/07/29 05:23:35.434, 303.36, 100, 74232, 73
2026/07/29 05:23:36.470, 303.31, 100, 74232, 73
2026/07/29 05:23:37.507, 304.25, 100, 74232, 73
2026/07/29 05:23:38.546, 296.46, 100, 74232, 73
2026/07/29 05:23:39.584, 304.57, 100, 74232, 73
2026/07/29 05:23:40.622, 300.42, 100, 74232, 73
2026/07/29 05:23:41.660, 294.03, 100, 74232, 73
2026/07/29 05:23:42.697, 294.92, 100, 74232, 73
2026/07/29 05:23:43.737, 295.30, 100, 74232, 73
2026/07/29 05:23:44.774, 298.01, 100, 74232, 73
2026/07/29 05:23:45.812, 295.01, 100, 74232, 73
2026/07/29 05:23:46.850, 304.93, 100, 74232, 73
2026/07/29 05:23:47.888, 301.96, 100, 74232, 73
2026/07/29 05:23:48.925, 295.10, 100, 74232, 73
2026/07/29 05:23:49.962, 294.93, 100, 74232, 73
2026/07/29 05:23:50.999, 296.24, 100, 74232, 73
2026/07/29 05:23:52.036, 295.67, 100, 74232, 73
2026/07/29 05:23:53.073, 298.22, 100, 74232, 73
2026/07/29 05:23:54.111, 296.35, 100, 74232, 73
2026/07/29 05:23:55.147, 302.69, 100, 74232, 73
2026/07/29 05:23:56.184, 295.20, 100, 74232, 73
2026/07/29 05:23:57.221, 296.45, 100, 74232, 73
2026/07/29 05:23:58.260, 302.00, 100, 74232, 73
2026/07/29 05:23:59.296, 303.12, 100, 74232, 73
2026/07/29 05:24:00.336, 302.95, 100, 74232, 73
2026/07/29 05:24:01.373, 303.28, 100, 74232, 73
2026/07/29 05:24:02.410, 303.13, 100, 74232, 73
2026/07/29 05:24:03.446, 303.36, 100, 74232, 73
2026/07/29 05:24:04.482, 306.14, 100, 74232, 73
2026/07/29 05:24:05.518, 303.70, 100, 74232, 73
2026/07/29 05:24:06.556, 301.23, 100, 74232, 73
2026/07/29 05:24:07.594, 303.23, 100, 74232, 73
2026/07/29 05:24:08.632, 293.75, 100, 74232, 73
2026/07/29 05:24:09.670, 295.39, 100, 74232, 73
2026/07/29 05:24:10.709, 296.28, 100, 74232, 73
2026/07/29 05:24:11.747, 295.77, 100, 74232, 73
2026/07/29 05:24:12.783, 298.60, 100, 74232, 73
2026/07/29 05:24:13.823, 292.30, 100, 74232, 73
2026/07/29 05:24:14.860, 292.30, 100, 74232, 73
2026/07/29 05:24:15.897, 295.80, 100, 74232, 73
2026/07/29 05:24:16.935, 296.00, 100, 74232, 73
2026/07/29 05:24:17.971, 303.65, 100, 74232, 73
2026/07/29 05:24:19.009, 304.46, 100, 74232, 73
2026/07/29 05:24:20.045, 303.13, 100, 74232, 73
2026/07/29 05:24:21.083, 305.01, 100, 74232, 73
2026/07/29 05:24:22.119, 303.54, 100, 74232, 73
2026/07/29 05:24:23.156, 305.03, 100, 74232, 73
2026/07/29 05:24:24.193, 303.40, 100, 74232, 73
2026/07/29 05:24:25.229, 297.82, 100, 74232, 73
2026/07/29 05:24:26.265, 292.56, 100, 74232, 73
2026/07/29 05:24:27.305, 296.27, 100, 74232, 73
2026/07/29 05:24:28.344, 296.58, 100, 74232, 73
2026/07/29 05:24:29.381, 296.18, 100, 74232, 73
2026/07/29 05:24:30.419, 295.59, 100, 74232, 73
2026/07/29 05:24:31.456, 295.68, 100, 74232, 73
2026/07/29 05:24:32.493, 295.31, 100, 74232, 73
2026/07/29 05:24:33.531, 295.09, 100, 74232, 73
2026/07/29 05:24:34.568, 296.38, 100, 74232, 73
2026/07/29 05:24:35.606, 295.90, 100, 74232, 73
2026/07/29 05:24:36.642, 292.76, 100, 74232, 73
2026/07/29 05:24:37.681, 295.98, 100, 74232, 73
2026/07/29 05:24:38.719, 295.90, 100, 74232, 73
2026/07/29 05:24:39.756, 296.55, 100, 74232, 73
2026/07/29 05:24:40.793, 295.95, 100, 74232, 73
2026/07/29 05:24:41.829, 303.91, 100, 74232, 73
2026/07/29 05:24:42.866, 302.57, 100, 74232, 73
2026/07/29 05:24:43.912, 302.31, 100, 74232, 73
2026/07/29 05:24:44.949, 299.28, 100, 74232, 73
2026/07/29 05:24:45.986, 303.07, 100, 74232, 73
2026/07/29 05:24:47.022, 301.99, 100, 74232, 73
2026/07/29 05:24:48.059, 300.10, 100, 74232, 73
2026/07/29 05:24:49.095, 300.45, 100, 74232, 73
2026/07/29 05:24:50.133, 297.44, 100, 74232, 73
2026/07/29 05:24:51.170, 304.33, 100, 74232, 73
2026/07/29 05:24:52.207, 303.80, 100, 74232, 73
2026/07/29 05:24:53.243, 299.18, 100, 74232, 73
2026/07/29 05:24:54.280, 303.27, 100, 74232, 73
2026/07/29 05:24:55.316, 295.39, 100, 74232, 73
2026/07/29 05:24:56.353, 292.10, 100, 74232, 73
2026/07/29 05:24:57.391, 296.56, 100, 74232, 73
2026/07/29 05:24:58.427, 292.11, 100, 74232, 73
2026/07/29 05:24:59.464, 299.38, 100, 74232, 73
2026/07/29 05:25:00.500, 294.62, 100, 74232, 73
2026/07/29 05:25:01.537, 293.25, 100, 74232, 73
2026/07/29 05:25:02.576, 295.12, 100, 74232, 73
2026/07/29 05:25:03.614, 295.10, 100, 74232, 73
2026/07/29 05:25:04.652, 295.79, 100, 74232, 73
2026/07/29 05:25:05.689, 294.24, 100, 74232, 73
2026/07/29 05:25:06.728, 295.60, 100, 74232, 73
2026/07/29 05:25:07.766, 295.38, 100, 74232, 73
2026/07/29 05:25:08.802, 302.87, 100, 74232, 73
2026/07/29 05:25:09.839, 305.51, 100, 74232, 73
2026/07/29 05:25:10.877, 296.96, 100, 74232, 73
2026/07/29 05:25:11.917, 297.31, 100, 74232, 73
2026/07/29 05:25:12.954, 296.16, 100, 74232, 73
2026/07/29 05:25:13.991, 296.27, 100, 74232, 73
2026/07/29 05:25:15.028, 292.56, 100, 74232, 73
2026/07/29 05:25:16.064, 293.54, 100, 74232, 73
2026/07/29 05:25:17.100, 291.90, 100, 74232, 73
2026/07/29 05:25:18.138, 295.71, 100, 74232, 73
2026/07/29 05:25:19.175, 300.54, 100, 74232, 73
2026/07/29 05:25:20.212, 297.23, 100, 74232, 73
2026/07/29 05:25:21.251, 295.49, 100, 74232, 73
2026/07/29 05:25:22.288, 302.69, 100, 74232, 73
2026/07/29 05:25:23.324, 299.38, 100, 74232, 73
2026/07/29 05:25:24.366, 293.20, 100, 74232, 73
2026/07/29 05:25:25.404, 293.84, 100, 74232, 73
2026/07/29 05:25:26.441, 295.00, 100, 74232, 73
2026/07/29 05:25:27.481, 295.41, 100, 74232, 73
2026/07/29 05:25:28.519, 302.58, 100, 74232, 73
2026/07/29 05:25:29.555, 304.22, 100, 74232, 73
2026/07/29 05:25:30.594, 299.65, 100, 74232, 73
2026/07/29 05:25:31.630, 302.57, 100, 74232, 73
2026/07/29 05:25:32.669, 303.17, 100, 74232, 73
2026/07/29 05:25:33.706, 295.89, 100, 74232, 73
2026/07/29 05:25:34.743, 302.01, 100, 74232, 73
2026/07/29 05:25:35.780, 295.31, 100, 74232, 73
2026/07/29 05:25:36.816, 296.16, 100, 74232, 73
2026/07/29 05:25:37.852, 299.00, 100, 74232, 73
2026/07/29 05:25:38.888, 296.85, 100, 74232, 73
2026/07/29 05:25:39.925, 291.52, 100, 74232, 73
2026/07/29 05:25:40.966, 296.74, 100, 74232, 73
2026/07/29 05:25:42.004, 302.10, 100, 74232, 73
2026/07/29 05:25:43.042, 295.18, 100, 74232, 73
2026/07/29 05:25:44.086, 297.81, 100, 74232, 73
2026/07/29 05:25:45.123, 302.97, 100, 74232, 73
2026/07/29 05:25:46.159, 302.63, 100, 74232, 73
2026/07/29 05:25:47.196, 298.98, 100, 74232, 73
2026/07/29 05:25:48.235, 295.19, 100, 74232, 73
2026/07/29 05:25:49.271, 302.91, 100, 74232, 73
2026/07/29 05:25:50.312, 299.48, 100, 74232, 73
2026/07/29 05:25:51.351, 299.77, 100, 74232, 73
2026/07/29 05:25:52.390, 303.71, 100, 74232, 73
2026/07/29 05:25:53.428, 296.55, 100, 74232, 73
2026/07/29 05:25:54.467, 295.78, 100, 74232, 72
2026/07/29 05:25:55.504, 291.52, 100, 74232, 72
2026/07/29 05:25:56.540, 291.42, 100, 74232, 72
2026/07/29 05:25:57.576, 291.23, 100, 74232, 72
2026/07/29 05:25:58.616, 300.37, 100, 74232, 73
2026/07/29 05:25:59.653, 296.86, 100, 74232, 73
2026/07/29 05:26:00.689, 300.57, 100, 74232, 73
2026/07/29 05:26:01.726, 299.25, 100, 74232, 72
2026/07/29 05:26:02.764, 295.67, 100, 74232, 72
2026/07/29 05:26:03.802, 302.98, 100, 74232, 73
2026/07/29 05:26:04.838, 302.35, 100, 74232, 73
2026/07/29 05:26:05.875, 302.87, 100, 74232, 73
2026/07/29 05:26:06.912, 302.73, 100, 74232, 73
2026/07/29 05:26:07.949, 302.36, 100, 74232, 73
2026/07/29 05:26:08.985, 292.00, 100, 74232, 72
2026/07/29 05:26:10.025, 294.82, 100, 74232, 72
2026/07/29 05:26:11.063, 295.88, 100, 74232, 72
2026/07/29 05:26:12.099, 295.21, 100, 74232, 72
2026/07/29 05:26:13.138, 291.52, 100, 74232, 72
2026/07/29 05:26:14.175, 294.42, 100, 74232, 72
2026/07/29 05:26:15.213, 295.66, 100, 74232, 72
2026/07/29 05:26:16.253, 302.65, 100, 74232, 73
2026/07/29 05:26:17.293, 301.68, 100, 74232, 73
2026/07/29 05:26:18.329, 303.33, 100, 74232, 73
2026/07/29 05:26:19.368, 302.28, 100, 74232, 73
2026/07/29 05:26:20.404, 303.89, 100, 74232, 73
2026/07/29 05:26:21.441, 302.67, 100, 74232, 73
2026/07/29 05:26:22.477, 304.92, 100, 74232, 73
2026/07/29 05:26:23.513, 302.30, 100, 74232, 73
2026/07/29 05:26:24.550, 302.58, 100, 74232, 73
2026/07/29 05:26:25.588, 302.78, 100, 74232, 73
2026/07/29 05:26:26.625, 302.56, 100, 74232, 73
2026/07/29 05:26:27.662, 302.97, 100, 74232, 72
2026/07/29 05:26:28.700, 295.88, 100, 74232, 72
2026/07/29 05:26:29.737, 297.83, 100, 74232, 72
2026/07/29 05:26:30.775, 297.04, 100, 74232, 72
2026/07/29 05:26:31.811, 294.25, 100, 74232, 72
2026/07/29 05:26:32.851, 299.56, 100, 74232, 72
2026/07/29 05:26:33.887, 298.78, 100, 74232, 72
2026/07/29 05:26:34.923, 298.89, 100, 74232, 72
2026/07/29 05:26:35.961, 295.70, 100, 74232, 72
2026/07/29 05:26:36.997, 302.67, 100, 74232, 72
2026/07/29 05:26:38.035, 295.11, 100, 74232, 72
2026/07/29 05:26:39.073, 294.92, 100, 74232, 72
2026/07/29 05:26:40.114, 294.40, 100, 74232, 72
2026/07/29 05:26:41.152, 294.81, 100, 74232, 72
2026/07/29 05:26:42.188, 305.92, 100, 74232, 73
2026/07/29 05:26:43.225, 300.01, 100, 74232, 72
2026/07/29 05:26:44.263, 298.99, 100, 74232, 72
2026/07/29 05:26:45.300, 303.68, 100, 74232, 72
2026/07/29 05:26:46.336, 302.78, 100, 74232, 73
2026/07/29 05:26:47.375, 304.81, 100, 74232, 73
2026/07/29 05:26:48.411, 303.43, 100, 74232, 73
2026/07/29 05:26:49.448, 299.07, 100, 74232, 72
2026/07/29 05:26:50.485, 302.80, 100, 74232, 72
2026/07/29 05:26:51.525, 295.99, 100, 74232, 72
2026/07/29 05:26:52.562, 303.95, 100, 74232, 72
2026/07/29 05:26:53.599, 301.99, 100, 74232, 73
2026/07/29 05:26:54.636, 296.51, 100, 74232, 72
2026/07/29 05:26:55.673, 291.82, 100, 74232, 72
2026/07/29 05:26:56.711, 295.09, 100, 74232, 72
2026/07/29 05:26:57.748, 294.92, 100, 74232, 72
2026/07/29 05:26:58.785, 294.83, 100, 74232, 72
2026/07/29 05:26:59.821, 295.11, 100, 74232, 72
2026/07/29 05:27:00.858, 294.25, 100, 74232, 72
2026/07/29 05:27:01.895, 294.40, 100, 74232, 72
2026/07/29 05:27:02.932, 294.23, 100, 74232, 72
2026/07/29 05:27:03.970, 294.60, 100, 74232, 72
2026/07/29 05:27:05.009, 295.10, 100, 74232, 72
2026/07/29 05:27:06.047, 295.38, 100, 74232, 72
2026/07/29 05:27:07.091, 295.38, 100, 74232, 72
2026/07/29 05:27:08.130, 304.05, 100, 74232, 72
2026/07/29 05:27:09.168, 301.99, 100, 74232, 72
2026/07/29 05:27:10.205, 301.32, 100, 74232, 72
2026/07/29 05:27:11.242, 302.01, 100, 74232, 72
2026/07/29 05:27:12.279, 302.20, 100, 74232, 72
2026/07/29 05:27:13.318, 303.70, 100, 74232, 72
2026/07/29 05:27:14.355, 296.17, 100, 74232, 72
2026/07/29 05:27:15.392, 290.83, 100, 74232, 72
2026/07/29 05:27:16.429, 294.03, 100, 74232, 72
2026/07/29 05:27:17.465, 294.62, 100, 74232, 72
2026/07/29 05:27:18.502, 304.83, 100, 74232, 72
2026/07/29 05:27:19.539, 302.38, 100, 74232, 72
2026/07/29 05:27:20.576, 303.30, 100, 74232, 72
2026/07/29 05:27:21.616, 302.80, 100, 74232, 72
2026/07/29 05:27:22.654, 295.49, 100, 74232, 72
2026/07/29 05:27:23.692, 298.21, 100, 74232, 72
2026/07/29 05:27:24.729, 296.43, 100, 74232, 72
2026/07/29 05:27:25.769, 290.82, 100, 74232, 72
2026/07/29 05:27:26.807, 295.21, 100, 74232, 72
2026/07/29 05:27:27.844, 292.07, 100, 74232, 72
2026/07/29 05:27:28.885, 300.61, 100, 74232, 72
2026/07/29 05:27:29.924, 303.13, 100, 74232, 72
2026/07/29 05:27:30.960, 301.39, 100, 74232, 72
2026/07/29 05:27:31.997, 302.49, 100, 74232, 72
2026/07/29 05:27:33.033, 302.61, 100, 74232, 72
2026/07/29 05:27:34.071, 302.70, 100, 74232, 72
2026/07/29 05:27:35.108, 301.59, 100, 74232, 72
2026/07/29 05:27:36.144, 302.55, 100, 74232, 72
2026/07/29 05:27:37.181, 302.64, 100, 74232, 72
2026/07/29 05:27:38.219, 302.66, 100, 74232, 72
2026/07/29 05:27:39.255, 296.36, 100, 74232, 72
2026/07/29 05:27:40.294, 291.69, 100, 74232, 72
2026/07/29 05:27:41.331, 294.60, 100, 74232, 72
2026/07/29 05:27:42.370, 294.72, 100, 74232, 72
2026/07/29 05:27:43.408, 299.11, 100, 74232, 72
2026/07/29 05:27:44.444, 302.59, 100, 74232, 72
2026/07/29 05:27:45.481, 303.04, 100, 74232, 72
2026/07/29 05:27:46.517, 302.87, 100, 74232, 72
2026/07/29 05:27:47.555, 299.16, 100, 74232, 72
2026/07/29 05:27:48.592, 302.39, 100, 74232, 72
2026/07/29 05:27:49.631, 299.10, 100, 74232, 72
2026/07/29 05:27:50.668, 304.70, 100, 74232, 72
2026/07/29 05:27:51.706, 301.90, 100, 74232, 72
2026/07/29 05:27:52.743, 302.38, 100, 74232, 72
2026/07/29 05:27:53.779, 303.53, 100, 74232, 72
2026/07/29 05:27:54.816, 303.64, 100, 74232, 72
2026/07/29 05:27:55.853, 302.20, 100, 74232, 72
2026/07/29 05:27:56.891, 301.99, 100, 74232, 72
2026/07/29 05:27:57.927, 302.39, 100, 74232, 72
2026/07/29 05:27:58.965, 302.48, 100, 74232, 72
2026/07/29 05:28:00.001, 96.89, 0, 74232, 69
2026/07/29 05:28:01.036, 96.22, 0, 74232, 68
2026/07/29 05:28:02.068, 95.28, 0, 74232, 68
2026/07/29 05:28:03.099, 95.08, 0, 74232, 67
2026/07/29 05:28:04.131, 93.72, 0, 74232, 66
2026/07/29 05:28:05.164, 93.36, 0, 74232, 66
2026/07/29 05:28:06.196, 92.61, 0, 74232, 65
2026/07/29 05:28:07.228, 91.69, 0, 74232, 66
2026/07/29 05:28:08.264, 289.08, 100, 74232, 70
2026/07/29 05:28:09.298, 302.60, 100, 74232, 70
2026/07/29 05:28:10.338, 304.92, 100, 74232, 71
2026/07/29 05:28:11.374, 266.83, 100, 74232, 71
2026/07/29 05:28:12.408, 264.70, 100, 74232, 70
2026/07/29 05:28:13.443, 301.59, 100, 74232, 71
2026/07/29 05:28:14.481, 304.54, 100, 74232, 70
2026/07/29 05:28:15.517, 306.99, 100, 74232, 70
2026/07/29 05:28:16.556, 304.86, 100, 74232, 70
2026/07/29 05:28:17.593, 305.78, 100, 74232, 70
2026/07/29 05:28:18.629, 305.70, 100, 74232, 70
2026/07/29 05:28:19.665, 305.05, 100, 74232, 70
2026/07/29 05:28:20.702, 308.38, 100, 74232, 71
2026/07/29 05:28:21.738, 302.78, 100, 74232, 71
2026/07/29 05:28:22.776, 299.75, 100, 74232, 71
2026/07/29 05:28:23.814, 298.80, 100, 74232, 71
2026/07/29 05:28:24.855, 297.34, 100, 74232, 71
2026/07/29 05:28:25.894, 300.54, 100, 74232, 71
2026/07/29 05:28:26.933, 299.67, 100, 74232, 71
2026/07/29 05:28:27.972, 300.16, 100, 74232, 71
2026/07/29 05:28:29.009, 302.15, 100, 74232, 71
2026/07/29 05:28:30.047, 300.90, 100, 74232, 71
2026/07/29 05:28:31.085, 301.16, 100, 74232, 71
2026/07/29 05:28:32.123, 300.07, 100, 74232, 71
2026/07/29 05:28:33.163, 300.61, 100, 74232, 72
2026/07/29 05:28:34.201, 300.16, 100, 74232, 72
2026/07/29 05:28:35.239, 300.53, 100, 74232, 72
2026/07/29 05:28:36.279, 300.51, 100, 74232, 72
2026/07/29 05:28:37.318, 301.51, 100, 74232, 72
2026/07/29 05:28:38.355, 294.36, 100, 74232, 72
2026/07/29 05:28:39.393, 293.27, 100, 74232, 72
2026/07/29 05:28:40.431, 294.25, 100, 74232, 72
2026/07/29 05:28:41.470, 292.89, 100, 74232, 72
2026/07/29 05:28:42.508, 293.26, 100, 74232, 72
2026/07/29 05:28:43.546, 293.19, 100, 74232, 72
2026/07/29 05:28:44.584, 294.33, 100, 74232, 72
2026/07/29 05:28:45.620, 298.12, 100, 74232, 72
2026/07/29 05:28:46.659, 302.20, 100, 74232, 72
2026/07/29 05:28:47.697, 297.54, 100, 74232, 72
2026/07/29 05:28:48.734, 296.46, 100, 74232, 72
2026/07/29 05:28:49.770, 290.55, 100, 74232, 72
2026/07/29 05:28:50.813, 290.26, 100, 74232, 72
2026/07/29 05:28:51.852, 294.63, 100, 74232, 72
2026/07/29 05:28:52.889, 299.83, 100, 74232, 72
2026/07/29 05:28:53.930, 291.83, 100, 74232, 72
2026/07/29 05:28:54.967, 290.24, 100, 74232, 72
2026/07/29 05:28:56.005, 301.90, 100, 74232, 72
2026/07/29 05:28:57.042, 301.09, 100, 74232, 72
2026/07/29 05:28:58.082, 298.61, 100, 74232, 72
2026/07/29 05:28:59.119, 297.92, 100, 74232, 72
2026/07/29 05:29:00.157, 300.75, 100, 74232, 72
2026/07/29 05:29:01.196, 301.51, 100, 74232, 72
2026/07/29 05:29:02.233, 302.18, 100, 74232, 72
2026/07/29 05:29:03.271, 301.30, 100, 74232, 72
2026/07/29 05:29:04.309, 301.88, 100, 74232, 72
2026/07/29 05:29:05.345, 301.83, 100, 74232, 72
2026/07/29 05:29:06.385, 301.04, 100, 74232, 72
2026/07/29 05:29:07.421, 303.34, 100, 74232, 72
2026/07/29 05:29:08.459, 301.05, 100, 74232, 72
2026/07/29 05:29:09.496, 295.10, 100, 74232, 72
2026/07/29 05:29:10.534, 293.84, 100, 74232, 72
2026/07/29 05:29:11.574, 298.52, 100, 74232, 72
2026/07/29 05:29:12.612, 290.64, 100, 74232, 72
2026/07/29 05:29:13.651, 290.15, 100, 74232, 72
2026/07/29 05:29:14.691, 293.84, 100, 74232, 72
2026/07/29 05:29:15.728, 301.43, 100, 74232, 72
2026/07/29 05:29:16.766, 301.51, 100, 74232, 72
2026/07/29 05:29:17.804, 301.73, 100, 74232, 72
2026/07/29 05:29:18.844, 303.14, 100, 74232, 72
2026/07/29 05:29:19.881, 301.80, 100, 74232, 72
2026/07/29 05:29:20.918, 302.58, 100, 74232, 72
2026/07/29 05:29:21.955, 302.90, 100, 74232, 72
2026/07/29 05:29:22.992, 301.11, 100, 74232, 72
2026/07/29 05:29:24.029, 303.75, 100, 74232, 73
2026/07/29 05:29:25.067, 302.95, 100, 74232, 73
2026/07/29 05:29:26.104, 306.38, 100, 74232, 73
2026/07/29 05:29:27.141, 301.99, 100, 74232, 72
2026/07/29 05:29:28.182, 303.74, 100, 74232, 72
2026/07/29 05:29:29.218, 291.32, 100, 74232, 72
2026/07/29 05:29:30.255, 290.63, 100, 74232, 72
2026/07/29 05:29:31.293, 294.53, 100, 74232, 73
2026/07/29 05:29:32.330, 295.22, 100, 74232, 73
2026/07/29 05:29:33.367, 294.54, 100, 74232, 73
2026/07/29 05:29:34.404, 290.26, 100, 74232, 73
2026/07/29 05:29:35.442, 294.44, 100, 74232, 73
2026/07/29 05:29:36.478, 295.41, 100, 74232, 73
2026/07/29 05:29:37.514, 295.00, 100, 74232, 73
2026/07/29 05:29:38.553, 294.24, 100, 74232, 73
2026/07/29 05:29:39.592, 293.95, 100, 74232, 73
2026/07/29 05:29:40.630, 295.01, 100, 74232, 73
2026/07/29 05:29:41.668, 299.58, 100, 74232, 73
2026/07/29 05:29:42.704, 301.93, 100, 74232, 73
2026/07/29 05:29:43.740, 305.65, 100, 74232, 73
2026/07/29 05:29:44.777, 302.57, 100, 74232, 73
2026/07/29 05:29:45.813, 302.96, 100, 74232, 73
2026/07/29 05:29:46.850, 302.97, 100, 74232, 73
2026/07/29 05:29:47.888, 302.27, 100, 74232, 73
2026/07/29 05:29:48.926, 292.41, 100, 74232, 73
2026/07/29 05:29:49.963, 298.51, 100, 74232, 73
2026/07/29 05:29:51.000, 291.63, 100, 74232, 73
2026/07/29 05:29:52.039, 295.42, 100, 74232, 73
2026/07/29 05:29:53.084, 300.56, 100, 74232, 73
2026/07/29 05:29:54.121, 296.94, 100, 74232, 73
2026/07/29 05:29:55.157, 302.99, 100, 74232, 73
2026/07/29 05:29:56.194, 304.01, 100, 74232, 73
2026/07/29 05:29:57.231, 303.27, 100, 74232, 73
2026/07/29 05:29:58.271, 302.67, 100, 74232, 73
2026/07/29 05:29:59.307, 296.20, 100, 74232, 73
2026/07/29 05:30:00.344, 297.72, 100, 74232, 73
2026/07/29 05:30:01.383, 295.30, 100, 74232, 73
2026/07/29 05:30:02.421, 295.39, 100, 74232, 73
2026/07/29 05:30:03.458, 295.30, 100, 74232, 73
2026/07/29 05:30:04.496, 294.60, 100, 74232, 73
2026/07/29 05:30:05.533, 295.41, 100, 74232, 73
2026/07/29 05:30:06.570, 295.51, 100, 74232, 73
2026/07/29 05:30:07.607, 295.68, 100, 74232, 73
2026/07/29 05:30:08.644, 295.87, 100, 74232, 73
2026/07/29 05:30:09.682, 296.57, 100, 74232, 73
2026/07/29 05:30:10.722, 295.50, 100, 74232, 73
2026/07/29 05:30:11.759, 295.77, 100, 74232, 73
2026/07/29 05:30:12.797, 296.06, 100, 74232, 73
2026/07/29 05:30:13.834, 294.81, 100, 74232, 73
2026/07/29 05:30:14.870, 295.79, 100, 74232, 73
2026/07/29 05:30:15.908, 295.50, 100, 74232, 73
2026/07/29 05:30:16.944, 295.09, 100, 74232, 73
2026/07/29 05:30:17.981, 295.98, 100, 74232, 73
2026/07/29 05:30:19.018, 302.40, 100, 74232, 73
2026/07/29 05:30:20.056, 302.67, 100, 74232, 73
2026/07/29 05:30:21.093, 302.98, 100, 74232, 73
2026/07/29 05:30:22.131, 304.66, 100, 74232, 73
2026/07/29 05:30:23.167, 302.98, 100, 74232, 73
2026/07/29 05:30:24.203, 304.14, 100, 74232, 73
2026/07/29 05:30:25.239, 303.04, 100, 74232, 73
2026/07/29 05:30:26.278, 303.28, 100, 74232, 73
2026/07/29 05:30:27.314, 303.54, 100, 74232, 73
2026/07/29 05:30:28.351, 302.78, 100, 74232, 73
2026/07/29 05:30:29.390, 302.69, 100, 74232, 73
2026/07/29 05:30:30.427, 303.31, 100, 74232, 73
2026/07/29 05:30:31.465, 295.61, 100, 74232, 73
2026/07/29 05:30:32.501, 294.70, 100, 74232, 73
2026/07/29 05:30:33.540, 291.61, 100, 74232, 73
2026/07/29 05:30:34.577, 291.39, 100, 74232, 73
2026/07/29 05:30:35.614, 302.75, 100, 74232, 73
2026/07/29 05:30:36.651, 294.34, 100, 74232, 73
2026/07/29 05:30:37.689, 301.22, 100, 74232, 73
2026/07/29 05:30:38.725, 295.68, 100, 74232, 73
2026/07/29 05:30:39.763, 295.19, 100, 74232, 73
2026/07/29 05:30:40.800, 300.55, 100, 74232, 73
2026/07/29 05:30:41.837, 294.45, 100, 74232, 73
2026/07/29 05:30:42.875, 295.40, 100, 74232, 73
2026/07/29 05:30:43.913, 294.73, 100, 74232, 73
2026/07/29 05:30:44.951, 303.96, 100, 74232, 73
2026/07/29 05:30:45.988, 301.90, 100, 74232, 73
2026/07/29 05:30:47.024, 300.94, 100, 74232, 73
2026/07/29 05:30:48.060, 295.49, 100, 74232, 73
2026/07/29 05:30:49.097, 291.41, 100, 74232, 72
2026/07/29 05:30:50.134, 295.10, 100, 74232, 73
2026/07/29 05:30:51.171, 302.87, 100, 74232, 73
2026/07/29 05:30:52.208, 302.59, 100, 74232, 73
2026/07/29 05:30:53.245, 302.75, 100, 74232, 73
2026/07/29 05:30:54.282, 302.49, 100, 74232, 73
2026/07/29 05:30:55.319, 302.97, 100, 74232, 73
2026/07/29 05:30:56.356, 305.27, 100, 74232, 73
2026/07/29 05:30:57.396, 302.64, 100, 74232, 73
2026/07/29 05:30:58.434, 294.91, 100, 74232, 73
2026/07/29 05:30:59.471, 295.10, 100, 74232, 73
2026/07/29 05:31:00.508, 303.62, 100, 74232, 73
2026/07/29 05:31:01.545, 292.01, 100, 74232, 72
2026/07/29 05:31:02.583, 295.18, 100, 74232, 72
2026/07/29 05:31:03.620, 294.23, 100, 74232, 73
2026/07/29 05:31:04.658, 301.73, 100, 74232, 73
2026/07/29 05:31:05.697, 302.02, 100, 74232, 73
2026/07/29 05:31:06.733, 298.20, 100, 74232, 73
2026/07/29 05:31:07.774, 295.39, 100, 74232, 72
2026/07/29 05:31:08.812, 295.48, 100, 74232, 72
2026/07/29 05:31:09.849, 294.41, 100, 74232, 73
2026/07/29 05:31:10.887, 301.69, 100, 74232, 73
2026/07/29 05:31:11.924, 302.68, 100, 74232, 73
2026/07/29 05:31:12.961, 299.93, 100, 74232, 73
2026/07/29 05:31:13.998, 295.38, 100, 74232, 72
2026/07/29 05:31:15.042, 301.39, 100, 74232, 73
2026/07/29 05:31:16.080, 299.05, 100, 74232, 72
2026/07/29 05:31:17.118, 295.69, 100, 74232, 72
2026/07/29 05:31:18.161, 297.70, 100, 74232, 72
2026/07/29 05:31:19.200, 295.76, 100, 74232, 73
2026/07/29 05:31:20.236, 295.40, 100, 74232, 72
2026/07/29 05:31:21.273, 293.47, 100, 74232, 72
2026/07/29 05:31:22.309, 295.34, 100, 74232, 73
2026/07/29 05:31:23.347, 295.49, 100, 74232, 72
2026/07/29 05:31:24.384, 302.36, 100, 74232, 73
2026/07/29 05:31:25.421, 298.30, 100, 74232, 73
2026/07/29 05:31:26.458, 301.33, 100, 74232, 73
2026/07/29 05:31:27.495, 302.70, 100, 74232, 73
2026/07/29 05:31:28.532, 299.00, 100, 74232, 72
2026/07/29 05:31:29.569, 302.69, 100, 74232, 73
2026/07/29 05:31:30.605, 303.36, 100, 74232, 73
2026/07/29 05:31:31.644, 303.02, 100, 74232, 73
2026/07/29 05:31:32.681, 303.17, 100, 74232, 73
2026/07/29 05:31:33.721, 302.37, 100, 74232, 73
2026/07/29 05:31:34.758, 304.62, 100, 74232, 73
2026/07/29 05:31:35.794, 302.57, 100, 74232, 73
2026/07/29 05:31:36.831, 303.12, 100, 74232, 73
2026/07/29 05:31:37.867, 302.57, 100, 74232, 73
2026/07/29 05:31:38.904, 296.27, 100, 74232, 72
2026/07/29 05:31:39.941, 295.99, 100, 74232, 72
2026/07/29 05:31:40.977, 303.60, 100, 74232, 72
2026/07/29 05:31:42.014, 295.01, 100, 74232, 72
2026/07/29 05:31:43.051, 295.01, 100, 74232, 72
2026/07/29 05:31:44.089, 294.43, 100, 74232, 73
2026/07/29 05:31:45.126, 299.29, 100, 74232, 72
2026/07/29 05:31:46.163, 302.01, 100, 74232, 72
2026/07/29 05:31:47.201, 298.58, 100, 74232, 72
2026/07/29 05:31:48.239, 298.88, 100, 74232, 72
2026/07/29 05:31:49.276, 298.12, 100, 74232, 72
2026/07/29 05:31:50.317, 302.37, 100, 74232, 73
2026/07/29 05:31:51.354, 302.36, 100, 74232, 73
2026/07/29 05:31:52.393, 301.81, 100, 74232, 73
2026/07/29 05:31:53.429, 302.58, 100, 74232, 73
2026/07/29 05:31:54.467, 303.40, 100, 74232, 73
2026/07/29 05:31:55.503, 303.18, 100, 74232, 73
2026/07/29 05:31:56.539, 302.62, 100, 74232, 73
2026/07/29 05:31:57.575, 303.18, 100, 74232, 73
2026/07/29 05:31:58.612, 302.46, 100, 74232, 73
2026/07/29 05:31:59.649, 302.19, 100, 74232, 73
2026/07/29 05:32:00.686, 303.14, 100, 74232, 73
2026/07/29 05:32:01.725, 302.39, 100, 74232, 72
2026/07/29 05:32:02.762, 302.27, 100, 74232, 73
2026/07/29 05:32:03.799, 301.69, 100, 74232, 73
2026/07/29 05:32:04.837, 302.54, 100, 74232, 73
2026/07/29 05:32:05.875, 291.61, 100, 74232, 72
2026/07/29 05:32:06.913, 294.72, 100, 74232, 72
2026/07/29 05:32:07.950, 296.49, 100, 74232, 72
2026/07/29 05:32:08.986, 291.43, 100, 74232, 72
2026/07/29 05:32:10.023, 297.33, 100, 74232, 72
2026/07/29 05:32:11.060, 300.34, 100, 74232, 72
2026/07/29 05:32:12.098, 295.10, 100, 74232, 72
2026/07/29 05:32:13.134, 298.81, 100, 74232, 72
2026/07/29 05:32:14.175, 292.28, 100, 74232, 72
2026/07/29 05:32:15.212, 294.91, 100, 74232, 72
2026/07/29 05:32:16.250, 295.99, 100, 74232, 72
2026/07/29 05:32:17.288, 295.38, 100, 74232, 72
2026/07/29 05:32:18.324, 295.48, 100, 74232, 72
2026/07/29 05:32:19.363, 295.60, 100, 74232, 72
2026/07/29 05:32:20.403, 295.49, 100, 74232, 72
2026/07/29 05:32:21.439, 295.77, 100, 74232, 72
2026/07/29 05:32:22.479, 294.13, 100, 74232, 72
2026/07/29 05:32:23.515, 302.83, 100, 74232, 72
2026/07/29 05:32:24.552, 299.77, 100, 74232, 72
2026/07/29 05:32:25.589, 299.75, 100, 74232, 72
2026/07/29 05:32:26.625, 302.29, 100, 74232, 72
2026/07/29 05:32:27.661, 301.56, 100, 74232, 73
2026/07/29 05:32:28.697, 301.82, 100, 74232, 73
2026/07/29 05:32:29.733, 302.44, 100, 74232, 73
2026/07/29 05:32:30.773, 301.89, 100, 74232, 73
2026/07/29 05:32:31.810, 302.92, 100, 74232, 72
2026/07/29 05:32:32.858, 302.53, 100, 74232, 72
2026/07/29 05:32:33.894, 295.02, 100, 74232, 72
2026/07/29 05:32:34.930, 298.24, 100, 74232, 72
2026/07/29 05:32:35.967, 296.57, 100, 74232, 73
2026/07/29 05:32:37.004, 299.86, 100, 74232, 72
2026/07/29 05:32:38.042, 302.01, 100, 74232, 72
2026/07/29 05:32:39.081, 298.90, 100, 74232, 72
2026/07/29 05:32:40.118, 301.73, 100, 74232, 72
2026/07/29 05:32:41.155, 296.46, 100, 74232, 72
2026/07/29 05:32:42.192, 296.55, 100, 74232, 72
2026/07/29 05:32:43.228, 294.42, 100, 74232, 72
2026/07/29 05:32:44.265, 292.89, 100, 74232, 72
2026/07/29 05:32:45.302, 291.88, 100, 74232, 72
2026/07/29 05:32:46.342, 291.32, 100, 74232, 72
2026/07/29 05:32:47.379, 300.74, 100, 74232, 72
2026/07/29 05:32:48.420, 300.64, 100, 74232, 72
2026/07/29 05:32:49.459, 294.99, 100, 74232, 72
2026/07/29 05:32:50.496, 302.26, 100, 74232, 72
2026/07/29 05:32:51.535, 295.31, 100, 74232, 72
2026/07/29 05:32:52.575, 294.70, 100, 74232, 72
2026/07/29 05:32:53.612, 300.25, 100, 74232, 72
2026/07/29 05:32:54.648, 302.84, 100, 74232, 72
2026/07/29 05:32:55.685, 298.80, 100, 74232, 72
2026/07/29 05:32:56.721, 298.86, 100, 74232, 72
2026/07/29 05:32:57.758, 304.22, 100, 74232, 73
2026/07/29 05:32:58.795, 301.41, 100, 74232, 72
2026/07/29 05:32:59.831, 302.10, 100, 74232, 72
2026/07/29 05:33:00.867, 303.44, 100, 74232, 72
2026/07/29 05:33:01.904, 302.49, 100, 74232, 73
2026/07/29 05:33:02.940, 302.47, 100, 74232, 73
2026/07/29 05:33:03.976, 304.04, 100, 74232, 72
2026/07/29 05:33:05.012, 303.24, 100, 74232, 73
2026/07/29 05:33:06.049, 302.57, 100, 74232, 73
2026/07/29 05:33:07.087, 293.24, 100, 74232, 72
2026/07/29 05:33:08.125, 293.06, 100, 74232, 74
2026/07/29 05:33:09.165, 287.15, 100, 74232, 74
2026/07/29 05:33:10.200, 306.42, 100, 74232, 74
2026/07/29 05:33:11.236, 286.36, 100, 74232, 74
2026/07/29 05:33:12.279, 326.38, 100, 74232, 74
2026/07/29 05:33:13.314, 311.67, 100, 74232, 74
2026/07/29 05:33:14.349, 296.54, 100, 74232, 74
2026/07/29 05:33:15.386, 302.10, 100, 74232, 72
2026/07/29 05:33:16.425, 302.08, 100, 74232, 73
2026/07/29 05:33:17.462, 302.63, 100, 74232, 73
2026/07/29 05:33:18.499, 295.18, 100, 74232, 73
2026/07/29 05:33:19.537, 295.60, 100, 74232, 73
2026/07/29 05:33:20.576, 298.51, 100, 74232, 73
2026/07/29 05:33:21.613, 291.41, 100, 74232, 73
2026/07/29 05:33:22.651, 295.10, 100, 74232, 73
2026/07/29 05:33:23.688, 300.26, 100, 74232, 73
2026/07/29 05:33:24.726, 295.12, 100, 74232, 73
2026/07/29 05:33:25.766, 294.79, 100, 74232, 73
2026/07/29 05:33:26.804, 295.59, 100, 74232, 73
2026/07/29 05:33:27.840, 295.30, 100, 74232, 73
2026/07/29 05:33:28.877, 295.40, 100, 74232, 73
2026/07/29 05:33:29.914, 296.00, 100, 74232, 73
2026/07/29 05:33:30.952, 295.21, 100, 74232, 73
2026/07/29 05:33:31.989, 295.70, 100, 74232, 73
2026/07/29 05:33:33.027, 297.73, 100, 74232, 73
2026/07/29 05:33:34.064, 301.43, 100, 74232, 73
2026/07/29 05:33:35.101, 302.95, 100, 74232, 73
2026/07/29 05:33:36.138, 299.28, 100, 74232, 73
2026/07/29 05:33:37.174, 303.91, 100, 74232, 73
2026/07/29 05:33:38.211, 303.07, 100, 74232, 73
2026/07/29 05:33:39.248, 303.45, 100, 74232, 73
2026/07/29 05:33:40.285, 303.24, 100, 74232, 73
2026/07/29 05:33:41.321, 303.43, 100, 74232, 73
2026/07/29 05:33:42.357, 305.36, 100, 74232, 73
2026/07/29 05:33:43.395, 303.46, 100, 74232, 73
2026/07/29 05:33:44.432, 303.18, 100, 74232, 73
2026/07/29 05:33:45.470, 303.14, 100, 74232, 73
2026/07/29 05:33:46.508, 303.52, 100, 74232, 73
2026/07/29 05:33:47.544, 296.26, 100, 74232, 73
2026/07/29 05:33:48.580, 297.44, 100, 74232, 73
2026/07/29 05:33:49.618, 293.18, 100, 74232, 73
2026/07/29 05:33:50.656, 295.51, 100, 74232, 73
2026/07/29 05:33:51.694, 298.99, 100, 74232, 73
2026/07/29 05:33:52.731, 302.58, 100, 74232, 73
2026/07/29 05:33:53.767, 300.25, 100, 74232, 73
2026/07/29 05:33:54.803, 303.86, 100, 74232, 73
2026/07/29 05:33:55.840, 303.06, 100, 74232, 73
2026/07/29 05:33:56.879, 302.57, 100, 74232, 73
2026/07/29 05:33:57.916, 303.88, 100, 74232, 73
2026/07/29 05:33:58.955, 302.99, 100, 74232, 73
2026/07/29 05:33:59.993, 303.45, 100, 74232, 73
2026/07/29 05:34:01.031, 292.09, 100, 74232, 73
2026/07/29 05:34:02.070, 295.02, 100, 74232, 73
2026/07/29 05:34:03.107, 294.04, 100, 74232, 73
2026/07/29 05:34:04.144, 296.57, 100, 74232, 73
2026/07/29 05:34:05.181, 295.31, 100, 74232, 73
2026/07/29 05:34:06.219, 295.79, 100, 74232, 73
2026/07/29 05:34:07.255, 296.95, 100, 74232, 73
2026/07/29 05:34:08.293, 295.01, 100, 74232, 73
2026/07/29 05:34:09.329, 297.14, 100, 74232, 73
2026/07/29 05:34:10.365, 295.11, 100, 74232, 73
2026/07/29 05:34:11.404, 295.98, 100, 74232, 73
2026/07/29 05:34:12.441, 296.15, 100, 74232, 73
2026/07/29 05:34:13.478, 294.63, 100, 74232, 73
2026/07/29 05:34:14.515, 298.91, 100, 74232, 73
2026/07/29 05:34:15.551, 303.64, 100, 74232, 73
2026/07/29 05:34:16.587, 303.51, 100, 74232, 73
2026/07/29 05:34:17.624, 304.60, 100, 74232, 73
2026/07/29 05:34:18.661, 302.79, 100, 74232, 73
2026/07/29 05:34:19.700, 304.05, 100, 74232, 73
2026/07/29 05:34:20.739, 296.54, 100, 74232, 73
2026/07/29 05:34:21.776, 303.18, 100, 74232, 73
2026/07/29 05:34:22.813, 303.01, 100, 74232, 73
2026/07/29 05:34:23.849, 297.06, 100, 74232, 73
2026/07/29 05:34:24.887, 295.40, 100, 74232, 73
2026/07/29 05:34:25.924, 294.91, 100, 74232, 73
2026/07/29 05:34:26.962, 295.39, 100, 74232, 73
2026/07/29 05:34:28.000, 297.43, 100, 74232, 73
2026/07/29 05:34:29.040, 294.53, 100, 74232, 73
2026/07/29 05:34:30.080, 294.53, 100, 74232, 73
2026/07/29 05:34:31.119, 295.31, 100, 74232, 73
2026/07/29 05:34:32.156, 294.42, 100, 74232, 73
2026/07/29 05:34:33.195, 299.37, 100, 74232, 73
2026/07/29 05:34:34.232, 294.21, 100, 74232, 73
2026/07/29 05:34:35.271, 295.59, 100, 74232, 73
2026/07/29 05:34:36.308, 295.22, 100, 74232, 73
2026/07/29 05:34:37.344, 302.98, 100, 74232, 73
2026/07/29 05:34:38.381, 303.45, 100, 74232, 73
2026/07/29 05:34:39.417, 303.50, 100, 74232, 73
2026/07/29 05:34:40.454, 304.03, 100, 74232, 73
2026/07/29 05:34:41.491, 302.78, 100, 74232, 73
2026/07/29 05:34:42.528, 302.07, 100, 74232, 73
2026/07/29 05:34:43.565, 295.60, 100, 74232, 73
2026/07/29 05:34:44.602, 296.85, 100, 74232, 73
2026/07/29 05:34:45.639, 295.79, 100, 74232, 73
2026/07/29 05:34:46.676, 295.67, 100, 74232, 73
2026/07/29 05:34:47.716, 296.19, 100, 74232, 73
2026/07/29 05:34:48.752, 295.09, 100, 74232, 73
2026/07/29 05:34:49.797, 295.09, 100, 74232, 73
2026/07/29 05:34:50.834, 295.87, 100, 74232, 73
2026/07/29 05:34:51.870, 295.99, 100, 74232, 73
2026/07/29 05:34:52.908, 295.00, 100, 74232, 73
2026/07/29 05:34:53.945, 295.50, 100, 74232, 73
2026/07/29 05:34:54.982, 295.20, 100, 74232, 73
2026/07/29 05:34:56.018, 295.50, 100, 74232, 73
2026/07/29 05:34:57.057, 295.18, 100, 74232, 73
2026/07/29 05:34:58.093, 295.42, 100, 74232, 73
2026/07/29 05:34:59.130, 295.02, 100, 74232, 73
2026/07/29 05:35:00.168, 295.60, 100, 74232, 73
2026/07/29 05:35:01.206, 301.98, 100, 74232, 73
2026/07/29 05:35:02.243, 298.40, 100, 74232, 73
2026/07/29 05:35:03.281, 303.18, 100, 74232, 73
2026/07/29 05:35:04.318, 304.71, 100, 74232, 73
2026/07/29 05:35:05.357, 298.98, 100, 74232, 73
2026/07/29 05:35:06.394, 303.13, 100, 74232, 73
2026/07/29 05:35:07.430, 303.53, 100, 74232, 73
2026/07/29 05:35:08.468, 302.62, 100, 74232, 73
2026/07/29 05:35:09.506, 300.94, 100, 74232, 73
2026/07/29 05:35:10.543, 301.87, 100, 74232, 73
2026/07/29 05:35:11.580, 296.64, 100, 74232, 73
2026/07/29 05:35:12.617, 297.44, 100, 74232, 73
2026/07/29 05:35:13.653, 294.85, 100, 74232, 73
2026/07/29 05:35:14.696, 296.09, 100, 74232, 73
2026/07/29 05:35:15.739, 295.01, 100, 74232, 73
2026/07/29 05:35:16.777, 300.61, 100, 74232, 73
2026/07/29 05:35:17.813, 295.18, 100, 74232, 73
2026/07/29 05:35:18.851, 296.08, 100, 74232, 73
2026/07/29 05:35:19.887, 294.54, 100, 74232, 73
2026/07/29 05:35:20.924, 302.68, 100, 74232, 73
2026/07/29 05:35:21.961, 298.92, 100, 74232, 73
2026/07/29 05:35:22.998, 295.39, 100, 74232, 73
2026/07/29 05:35:24.035, 295.01, 100, 74232, 73
2026/07/29 05:35:25.076, 295.59, 100, 74232, 73
2026/07/29 05:35:26.115, 294.04, 100, 74232, 73
2026/07/29 05:35:27.151, 298.81, 100, 74232, 73
2026/07/29 05:35:28.190, 302.77, 100, 74232, 73
2026/07/29 05:35:29.228, 300.23, 100, 74232, 73
2026/07/29 05:35:30.266, 303.57, 100, 74232, 73
2026/07/29 05:35:31.304, 303.27, 100, 74232, 73
2026/07/29 05:35:32.341, 302.09, 100, 74232, 73
2026/07/29 05:35:33.379, 301.82, 100, 74232, 73
2026/07/29 05:35:34.417, 302.97, 100, 74232, 73
2026/07/29 05:35:35.453, 302.08, 100, 74232, 73
2026/07/29 05:35:36.490, 299.56, 100, 74232, 73
2026/07/29 05:35:37.527, 302.37, 100, 74232, 73
2026/07/29 05:35:38.565, 302.53, 100, 74232, 73
2026/07/29 05:35:39.602, 291.22, 100, 74232, 72
2026/07/29 05:35:40.640, 294.91, 100, 74232, 73
2026/07/29 05:35:41.676, 295.66, 100, 74232, 73
2026/07/29 05:35:42.713, 294.42, 100, 74232, 73
2026/07/29 05:35:43.750, 294.44, 100, 74232, 73
2026/07/29 05:35:44.788, 294.81, 100, 74232, 73
2026/07/29 05:35:45.824, 296.65, 100, 74232, 73
2026/07/29 05:35:46.861, 294.52, 100, 74232, 73
2026/07/29 05:35:47.898, 295.08, 100, 74232, 72
2026/07/29 05:35:48.936, 295.50, 100, 74232, 72
2026/07/29 05:35:49.974, 294.83, 100, 74232, 72
2026/07/29 05:35:51.011, 295.56, 100, 74232, 73
2026/07/29 05:35:52.048, 294.52, 100, 74232, 73
2026/07/29 05:35:53.085, 301.80, 100, 74232, 73
2026/07/29 05:35:54.122, 302.38, 100, 74232, 73
2026/07/29 05:35:55.162, 302.64, 100, 74232, 73
2026/07/29 05:35:56.199, 302.87, 100, 74232, 73
2026/07/29 05:35:57.236, 304.90, 100, 74232, 73
2026/07/29 05:35:58.273, 303.41, 100, 74232, 73
2026/07/29 05:35:59.311, 303.71, 100, 74232, 73
2026/07/29 05:36:00.348, 294.81, 100, 74232, 72
2026/07/29 05:36:01.385, 297.99, 100, 74232, 72
2026/07/29 05:36:02.422, 291.59, 100, 74232, 72
2026/07/29 05:36:03.459, 295.57, 100, 74232, 72
2026/07/29 05:36:04.495, 293.83, 100, 74232, 73
2026/07/29 05:36:05.533, 302.29, 100, 74232, 73
2026/07/29 05:36:06.569, 302.48, 100, 74232, 73
2026/07/29 05:36:07.605, 302.10, 100, 74232, 73
2026/07/29 05:36:08.641, 302.36, 100, 74232, 73
2026/07/29 05:36:09.680, 296.74, 100, 74232, 72
2026/07/29 05:36:10.717, 294.99, 100, 74232, 73
2026/07/29 05:36:11.754, 295.12, 100, 74232, 73
2026/07/29 05:36:12.790, 297.62, 100, 74232, 73
2026/07/29 05:36:13.829, 302.44, 100, 74232, 73
2026/07/29 05:36:14.866, 302.03, 100, 74232, 73
2026/07/29 05:36:15.904, 302.88, 100, 74232, 73
2026/07/29 05:36:16.940, 302.96, 100, 74232, 73
2026/07/29 05:36:17.978, 301.80, 100, 74232, 73
2026/07/29 05:36:19.016, 302.40, 100, 74232, 73
2026/07/29 05:36:20.053, 304.58, 100, 74232, 73
2026/07/29 05:36:21.090, 294.80, 100, 74232, 72
2026/07/29 05:36:22.127, 292.28, 100, 74232, 72
2026/07/29 05:36:23.166, 295.68, 100, 74232, 72
2026/07/29 05:36:24.203, 294.33, 100, 74232, 72
2026/07/29 05:36:25.240, 295.70, 100, 74232, 72
2026/07/29 05:36:26.276, 295.00, 100, 74232, 72
2026/07/29 05:36:27.313, 294.73, 100, 74232, 72
2026/07/29 05:36:28.351, 294.62, 100, 74232, 73
2026/07/29 05:36:29.389, 295.48, 100, 74232, 73
2026/07/29 05:36:30.426, 302.96, 100, 74232, 73
2026/07/29 05:36:31.462, 299.20, 100, 74232, 73
2026/07/29 05:36:32.499, 304.51, 100, 74232, 73
2026/07/29 05:36:33.535, 301.57, 100, 74232, 73
2026/07/29 05:36:34.572, 302.97, 100, 74232, 73
2026/07/29 05:36:35.609, 302.00, 100, 74232, 73
2026/07/29 05:36:36.646, 302.37, 100, 74232, 73
2026/07/29 05:36:37.683, 302.94, 100, 74232, 73
2026/07/29 05:36:38.720, 303.44, 100, 74232, 73
2026/07/29 05:36:39.758, 303.51, 100, 74232, 73
2026/07/29 05:36:40.795, 302.48, 100, 74232, 73
2026/07/29 05:36:41.837, 303.08, 100, 74232, 73
2026/07/29 05:36:42.873, 304.81, 100, 74232, 73
2026/07/29 05:36:43.911, 291.71, 100, 74232, 72
2026/07/29 05:36:44.949, 290.83, 100, 74232, 72
2026/07/29 05:36:45.986, 295.20, 100, 74232, 72
2026/07/29 05:36:47.025, 295.56, 100, 74232, 72
2026/07/29 05:36:48.062, 295.98, 100, 74232, 72
2026/07/29 05:36:49.099, 295.11, 100, 74232, 72
2026/07/29 05:36:50.136, 294.79, 100, 74232, 72
2026/07/29 05:36:51.173, 296.45, 100, 74232, 73
2026/07/29 05:36:52.210, 298.42, 100, 74232, 73
2026/07/29 05:36:53.246, 302.51, 100, 74232, 73
2026/07/29 05:36:54.284, 302.87, 100, 74232, 73
2026/07/29 05:36:55.321, 302.89, 100, 74232, 73
2026/07/29 05:36:56.359, 302.68, 100, 74232, 73
2026/07/29 05:36:57.395, 301.90, 100, 74232, 73
2026/07/29 05:36:58.432, 301.39, 100, 74232, 73
2026/07/29 05:36:59.473, 302.18, 100, 74232, 73
2026/07/29 05:37:00.511, 304.83, 100, 74232, 73
2026/07/29 05:37:01.547, 302.27, 100, 74232, 73
2026/07/29 05:37:02.584, 303.08, 100, 74232, 73
2026/07/29 05:37:03.620, 295.79, 100, 74232, 73
2026/07/29 05:37:04.656, 302.69, 100, 74232, 73
2026/07/29 05:37:05.693, 295.02, 100, 74232, 72
2026/07/29 05:37:06.730, 303.57, 100, 74232, 72
2026/07/29 05:37:07.770, 299.94, 100, 74232, 73
2026/07/29 05:37:08.807, 294.92, 100, 74232, 72
2026/07/29 05:37:09.845, 296.84, 100, 74232, 72
2026/07/29 05:37:10.882, 292.56, 100, 74232, 72
2026/07/29 05:37:11.920, 295.22, 100, 74232, 72
2026/07/29 05:37:12.958, 292.48, 100, 74232, 72
2026/07/29 05:37:13.994, 294.63, 100, 74232, 72
2026/07/29 05:37:15.034, 296.96, 100, 74232, 73
2026/07/29 05:37:16.072, 295.61, 100, 74232, 73
2026/07/29 05:37:17.109, 302.03, 100, 74232, 73
2026/07/29 05:37:18.147, 303.08, 100, 74232, 73
2026/07/29 05:37:19.184, 303.23, 100, 74232, 73
2026/07/29 05:37:20.221, 295.67, 100, 74232, 72
2026/07/29 05:37:21.257, 292.09, 100, 74232, 72
2026/07/29 05:37:22.295, 294.63, 100, 74232, 72
2026/07/29 05:37:23.331, 294.65, 100, 74232, 73
2026/07/29 05:37:24.368, 302.29, 100, 74232, 73
2026/07/29 05:37:25.406, 302.75, 100, 74232, 73
2026/07/29 05:37:26.445, 302.40, 100, 74232, 73
2026/07/29 05:37:27.481, 302.45, 100, 74232, 73
2026/07/29 05:37:28.519, 302.71, 100, 74232, 73
2026/07/29 05:37:29.556, 301.96, 100, 74232, 73
2026/07/29 05:37:30.592, 302.58, 100, 74232, 73
2026/07/29 05:37:31.630, 302.09, 100, 74232, 73
2026/07/29 05:37:32.667, 302.96, 100, 74232, 73
2026/07/29 05:37:33.705, 302.75, 100, 74232, 73
2026/07/29 05:37:34.741, 302.98, 100, 74232, 73
2026/07/29 05:37:35.778, 302.49, 100, 74232, 73
2026/07/29 05:37:36.814, 303.23, 100, 74232, 73
2026/07/29 05:37:37.852, 304.72, 100, 74232, 73
2026/07/29 05:37:38.889, 302.48, 100, 74232, 73
2026/07/29 05:37:39.925, 303.24, 100, 74232, 73
2026/07/29 05:37:40.961, 295.29, 100, 74232, 72
2026/07/29 05:37:41.999, 295.49, 100, 74232, 72
2026/07/29 05:37:43.035, 297.05, 100, 74232, 72
2026/07/29 05:37:44.073, 294.72, 100, 74232, 72
2026/07/29 05:37:45.111, 294.50, 100, 74232, 72
2026/07/29 05:37:46.148, 295.98, 100, 74232, 73
2026/07/29 05:37:47.185, 294.41, 100, 74232, 72
2026/07/29 05:37:48.221, 294.93, 100, 74232, 72
2026/07/29 05:37:49.258, 294.62, 100, 74232, 72
2026/07/29 05:37:50.295, 295.51, 100, 74232, 72
2026/07/29 05:37:51.332, 294.91, 100, 74232, 72
2026/07/29 05:37:52.369, 295.09, 100, 74232, 72
2026/07/29 05:37:53.409, 297.05, 100, 74232, 72
2026/07/29 05:37:54.448, 295.68, 100, 74232, 72
2026/07/29 05:37:55.484, 297.73, 100, 74232, 72
2026/07/29 05:37:56.523, 294.62, 100, 74232, 72
2026/07/29 05:37:57.559, 295.09, 100, 74232, 72
2026/07/29 05:37:58.597, 297.53, 100, 74232, 72
2026/07/29 05:37:59.633, 295.50, 100, 74232, 72
2026/07/29 05:38:00.674, 294.24, 100, 74232, 72
2026/07/29 05:38:01.712, 296.97, 100, 74232, 73
2026/07/29 05:38:02.750, 295.39, 100, 74232, 73
2026/07/29 05:38:03.787, 301.81, 100, 74232, 73
2026/07/29 05:38:04.824, 298.97, 100, 74232, 73
2026/07/29 05:38:05.864, 295.47, 100, 74232, 73
2026/07/29 05:38:06.899, 303.05, 100, 74232, 73
2026/07/29 05:38:07.935, 99.93, 20, 74232, 70
2026/07/29 05:38:08.968, 290.14, 100, 74232, 74
2026/07/29 05:38:10.005, 290.64, 100, 74232, 74
2026/07/29 05:38:11.040, 277.92, 100, 74232, 74
2026/07/29 05:38:12.077, 302.85, 100, 74232, 74
2026/07/29 05:38:13.116, 297.90, 100, 74232, 74
2026/07/29 05:38:14.151, 288.36, 100, 74232, 74
2026/07/29 05:38:15.185, 296.94, 100, 74232, 74
2026/07/29 05:38:16.219, 302.20, 100, 74232, 72
2026/07/29 05:38:17.256, 301.62, 100, 74232, 72
2026/07/29 05:38:18.293, 300.93, 100, 74232, 72
2026/07/29 05:38:19.330, 296.38, 100, 74232, 73
2026/07/29 05:38:20.367, 291.32, 100, 74232, 73
2026/07/29 05:38:21.405, 295.22, 100, 74232, 73
2026/07/29 05:38:22.443, 295.69, 100, 74232, 73
2026/07/29 05:38:23.480, 295.52, 100, 74232, 73
2026/07/29 05:38:24.519, 291.42, 100, 74232, 73
2026/07/29 05:38:25.557, 295.21, 100, 74232, 73
2026/07/29 05:38:26.595, 291.91, 100, 74232, 73
2026/07/29 05:38:27.639, 295.59, 100, 74232, 73
2026/07/29 05:38:28.676, 295.18, 100, 74232, 73
2026/07/29 05:38:29.713, 301.91, 100, 74232, 73
2026/07/29 05:38:30.751, 295.49, 100, 74232, 73
2026/07/29 05:38:31.787, 302.84, 100, 74232, 73
2026/07/29 05:38:32.824, 303.46, 100, 74232, 73
2026/07/29 05:38:33.862, 305.66, 100, 74232, 73
2026/07/29 05:38:34.899, 303.26, 100, 74232, 73
2026/07/29 05:38:35.936, 302.71, 100, 74232, 73
2026/07/29 05:38:36.973, 295.00, 100, 74232, 73
2026/07/29 05:38:38.010, 303.16, 100, 74232, 73
2026/07/29 05:38:39.046, 296.46, 100, 74232, 73
2026/07/29 05:38:40.082, 302.00, 100, 74232, 73
2026/07/29 05:38:41.120, 304.35, 100, 74232, 73
2026/07/29 05:38:42.158, 299.08, 100, 74232, 73
2026/07/29 05:38:43.196, 301.89, 100, 74232, 73
2026/07/29 05:38:44.233, 303.74, 100, 74232, 73
2026/07/29 05:38:45.271, 298.31, 100, 74232, 73
2026/07/29 05:38:46.309, 295.49, 100, 74232, 73
2026/07/29 05:38:47.349, 294.93, 100, 74232, 73
2026/07/29 05:38:48.386, 302.78, 100, 74232, 73
2026/07/29 05:38:49.422, 297.14, 100, 74232, 73
2026/07/29 05:38:50.459, 292.29, 100, 74232, 73
2026/07/29 05:38:51.496, 299.63, 100, 74232, 73
2026/07/29 05:38:52.533, 295.39, 100, 74232, 73
2026/07/29 05:38:53.570, 295.31, 100, 74232, 73
2026/07/29 05:38:54.608, 295.50, 100, 74232, 73
2026/07/29 05:38:55.645, 295.51, 100, 74232, 73
2026/07/29 05:38:56.683, 300.05, 100, 74232, 73
2026/07/29 05:38:57.720, 295.47, 100, 74232, 73
2026/07/29 05:38:58.759, 303.02, 100, 74232, 73
2026/07/29 05:38:59.795, 305.65, 100, 74232, 73
2026/07/29 05:39:00.833, 302.49, 100, 74232, 73
2026/07/29 05:39:01.870, 303.07, 100, 74232, 73
2026/07/29 05:39:02.906, 304.05, 100, 74232, 73
2026/07/29 05:39:03.944, 303.52, 100, 74232, 73
2026/07/29 05:39:04.981, 304.19, 100, 74232, 73
2026/07/29 05:39:06.019, 302.88, 100, 74232, 73
2026/07/29 05:39:07.058, 303.84, 100, 74232, 73
2026/07/29 05:39:08.096, 305.16, 100, 74232, 73
2026/07/29 05:39:09.133, 296.85, 100, 74232, 73
2026/07/29 05:39:10.172, 297.89, 100, 74232, 73
2026/07/29 05:39:11.209, 296.46, 100, 74232, 73
2026/07/29 05:39:12.248, 292.11, 100, 74232, 73
2026/07/29 05:39:13.285, 295.39, 100, 74232, 73
2026/07/29 05:39:14.324, 295.77, 100, 74232, 73
2026/07/29 05:39:15.360, 303.35, 100, 74232, 73
2026/07/29 05:39:16.397, 299.96, 100, 74232, 73
2026/07/29 05:39:17.435, 303.37, 100, 74232, 73
2026/07/29 05:39:18.472, 303.13, 100, 74232, 73
2026/07/29 05:39:19.510, 304.12, 100, 74232, 73
2026/07/29 05:39:20.546, 302.48, 100, 74232, 73
2026/07/29 05:39:21.584, 302.85, 100, 74232, 73
2026/07/29 05:39:22.622, 295.59, 100, 74232, 73
2026/07/29 05:39:23.658, 296.44, 100, 74232, 73
2026/07/29 05:39:24.696, 304.20, 100, 74232, 73
2026/07/29 05:39:25.734, 295.89, 100, 74232, 73
2026/07/29 05:39:26.770, 295.00, 100, 74232, 73
2026/07/29 05:39:27.806, 295.78, 100, 74232, 73
2026/07/29 05:39:28.842, 304.60, 100, 74232, 73
2026/07/29 05:39:29.879, 294.34, 100, 74232, 73
2026/07/29 05:39:30.916, 295.99, 100, 74232, 73
2026/07/29 05:39:31.952, 293.65, 100, 74232, 73
2026/07/29 05:39:32.991, 295.30, 100, 74232, 73
2026/07/29 05:39:34.028, 295.30, 100, 74232, 73
2026/07/29 05:39:35.068, 296.56, 100, 74232, 73
2026/07/29 05:39:36.105, 299.06, 100, 74232, 73
2026/07/29 05:39:37.142, 304.68, 100, 74232, 73
2026/07/29 05:39:38.178, 302.19, 100, 74232, 73
2026/07/29 05:39:39.215, 298.70, 100, 74232, 73
2026/07/29 05:39:40.251, 302.89, 100, 74232, 73
2026/07/29 05:39:41.288, 302.29, 100, 74232, 73
2026/07/29 05:39:42.327, 303.11, 100, 74232, 73
2026/07/29 05:39:43.363, 303.93, 100, 74232, 73
2026/07/29 05:39:44.401, 302.95, 100, 74232, 73
2026/07/29 05:39:45.437, 303.14, 100, 74232, 73
2026/07/29 05:39:46.478, 297.34, 100, 74232, 73
2026/07/29 05:39:47.515, 303.45, 100, 74232, 73
2026/07/29 05:39:48.552, 302.48, 100, 74232, 73
2026/07/29 05:39:49.589, 301.81, 100, 74232, 73
2026/07/29 05:39:50.626, 297.12, 100, 74232, 73
2026/07/29 05:39:51.666, 293.16, 100, 74232, 73
2026/07/29 05:39:52.702, 295.40, 100, 74232, 73
2026/07/29 05:39:53.739, 295.29, 100, 74232, 73
2026/07/29 05:39:54.779, 297.44, 100, 74232, 73
2026/07/29 05:39:55.817, 296.93, 100, 74232, 73
2026/07/29 05:39:56.855, 295.58, 100, 74232, 73
2026/07/29 05:39:57.892, 295.98, 100, 74232, 73
2026/07/29 05:39:58.930, 295.21, 100, 74232, 73
2026/07/29 05:39:59.967, 296.07, 100, 74232, 73
2026/07/29 05:40:01.007, 294.93, 100, 74232, 73
2026/07/29 05:40:02.045, 299.68, 100, 74232, 73
2026/07/29 05:40:03.081, 303.58, 100, 74232, 73
2026/07/29 05:40:04.118, 302.71, 100, 74232, 73
2026/07/29 05:40:05.155, 294.22, 100, 74232, 73
2026/07/29 05:40:06.193, 297.94, 100, 74232, 73
2026/07/29 05:40:07.230, 295.69, 100, 74232, 73
2026/07/29 05:40:08.268, 295.59, 100, 74232, 73
2026/07/29 05:40:09.305, 295.38, 100, 74232, 73
2026/07/29 05:40:10.342, 296.86, 100, 74232, 73
2026/07/29 05:40:11.379, 299.30, 100, 74232, 73
2026/07/29 05:40:12.420, 295.12, 100, 74232, 73
2026/07/29 05:40:13.458, 296.85, 100, 74232, 73
2026/07/29 05:40:14.497, 294.82, 100, 74232, 73
2026/07/29 05:40:15.535, 296.39, 100, 74232, 73
2026/07/29 05:40:16.571, 294.82, 100, 74232, 73
2026/07/29 05:40:17.608, 295.97, 100, 74232, 73
2026/07/29 05:40:18.644, 302.08, 100, 74232, 73
2026/07/29 05:40:19.680, 303.04, 100, 74232, 73
2026/07/29 05:40:20.717, 303.18, 100, 74232, 73
2026/07/29 05:40:21.753, 301.58, 100, 74232, 73
2026/07/29 05:40:22.791, 303.37, 100, 74232, 73
2026/07/29 05:40:23.829, 302.26, 100, 74232, 73
2026/07/29 05:40:24.867, 302.40, 100, 74232, 73
2026/07/29 05:40:25.905, 302.92, 100, 74232, 73
2026/07/29 05:40:26.941, 302.97, 100, 74232, 73
2026/07/29 05:40:27.979, 302.68, 100, 74232, 73
2026/07/29 05:40:29.016, 295.77, 100, 74232, 73
2026/07/29 05:40:30.054, 295.99, 100, 74232, 73
2026/07/29 05:40:31.092, 294.91, 100, 74232, 73
2026/07/29 05:40:32.129, 294.70, 100, 74232, 73
2026/07/29 05:40:33.166, 292.11, 100, 74232, 73
2026/07/29 05:40:34.203, 292.19, 100, 74232, 73
2026/07/29 05:40:35.239, 294.44, 100, 74232, 73
2026/07/29 05:40:36.275, 294.52, 100, 74232, 73
2026/07/29 05:40:37.312, 294.73, 100, 74232, 73
2026/07/29 05:40:38.349, 293.44, 100, 74232, 73
2026/07/29 05:40:39.385, 295.78, 100, 74232, 73
2026/07/29 05:40:40.423, 295.22, 100, 74232, 73
2026/07/29 05:40:41.460, 299.29, 100, 74232, 73
2026/07/29 05:40:42.497, 295.60, 100, 74232, 73
2026/07/29 05:40:43.535, 295.22, 100, 74232, 73
2026/07/29 05:40:44.572, 295.18, 100, 74232, 73
2026/07/29 05:40:45.610, 294.82, 100, 74232, 73
2026/07/29 05:40:46.648, 295.69, 100, 74232, 73
2026/07/29 05:40:47.684, 302.36, 100, 74232, 73
2026/07/29 05:40:48.720, 304.40, 100, 74232, 73
2026/07/29 05:40:49.757, 296.88, 100, 74232, 73
2026/07/29 05:40:50.793, 303.02, 100, 74232, 73
2026/07/29 05:40:51.831, 294.91, 100, 74232, 73
2026/07/29 05:40:52.870, 291.81, 100, 74232, 72
2026/07/29 05:40:53.909, 294.54, 100, 74232, 73
2026/07/29 05:40:54.948, 292.01, 100, 74232, 72
2026/07/29 05:40:55.987, 295.20, 100, 74232, 73
2026/07/29 05:40:57.024, 294.81, 100, 74232, 73
2026/07/29 05:40:58.061, 301.95, 100, 74232, 73
2026/07/29 05:40:59.098, 299.05, 100, 74232, 73
2026/07/29 05:41:00.135, 305.25, 100, 74232, 73
2026/07/29 05:41:01.172, 301.52, 100, 74232, 73
2026/07/29 05:41:02.210, 302.69, 100, 74232, 73
2026/07/29 05:41:03.247, 303.34, 100, 74232, 73
2026/07/29 05:41:04.283, 302.49, 100, 74232, 73
2026/07/29 05:41:05.320, 303.84, 100, 74232, 73
2026/07/29 05:41:06.357, 297.65, 100, 74232, 73
2026/07/29 05:41:07.395, 297.50, 100, 74232, 73
2026/07/29 05:41:08.432, 294.53, 100, 74232, 73
2026/07/29 05:41:09.473, 294.42, 100, 74232, 73
2026/07/29 05:41:10.511, 297.53, 100, 74232, 73
2026/07/29 05:41:11.548, 294.61, 100, 74232, 73
2026/07/29 05:41:12.585, 295.42, 100, 74232, 73
2026/07/29 05:41:13.622, 295.48, 100, 74232, 73
2026/07/29 05:41:14.659, 295.21, 100, 74232, 73
2026/07/29 05:41:15.696, 295.98, 100, 74232, 73
2026/07/29 05:41:16.733, 294.83, 100, 74232, 72
2026/07/29 05:41:17.770, 294.62, 100, 74232, 72
2026/07/29 05:41:18.808, 295.30, 100, 74232, 72
2026/07/29 05:41:19.848, 296.27, 100, 74232, 72
2026/07/29 05:41:20.886, 294.81, 100, 74232, 72
2026/07/29 05:41:21.923, 291.32, 100, 74232, 72
2026/07/29 05:41:22.964, 294.92, 100, 74232, 72
2026/07/29 05:41:24.001, 302.89, 100, 74232, 73
2026/07/29 05:41:25.037, 305.83, 100, 74232, 73
2026/07/29 05:41:26.074, 301.78, 100, 74232, 73
2026/07/29 05:41:27.112, 303.38, 100, 74232, 73
2026/07/29 05:41:28.149, 302.45, 100, 74232, 73
2026/07/29 05:41:29.190, 303.03, 100, 74232, 73
2026/07/29 05:41:30.226, 301.59, 100, 74232, 73
2026/07/29 05:41:31.264, 300.07, 100, 74232, 73
2026/07/29 05:41:32.300, 295.11, 100, 74232, 73
2026/07/29 05:41:33.341, 296.05, 100, 74232, 72
2026/07/29 05:41:34.378, 293.94, 100, 74232, 72
2026/07/29 05:41:35.417, 295.01, 100, 74232, 73
2026/07/29 05:41:36.457, 296.28, 100, 74232, 73
2026/07/29 05:41:37.493, 294.82, 100, 74232, 73
2026/07/29 05:41:38.529, 295.18, 100, 74232, 72
2026/07/29 05:41:39.567, 294.80, 100, 74232, 72
2026/07/29 05:41:40.605, 297.35, 100, 74232, 72
2026/07/29 05:41:41.643, 302.95, 100, 74232, 73
2026/07/29 05:41:42.681, 300.51, 100, 74232, 73
2026/07/29 05:41:43.718, 304.96, 100, 74232, 73
2026/07/29 05:41:44.755, 299.29, 100, 74232, 73
2026/07/29 05:41:45.792, 296.47, 100, 74232, 73
2026/07/29 05:41:46.830, 295.21, 100, 74232, 73
2026/07/29 05:41:47.868, 295.98, 100, 74232, 73
2026/07/29 05:41:48.906, 303.81, 100, 74232, 73
2026/07/29 05:41:49.947, 302.15, 100, 74232, 73
2026/07/29 05:41:50.985, 299.58, 100, 74232, 73
2026/07/29 05:41:52.023, 295.68, 100, 74232, 73
2026/07/29 05:41:53.064, 302.67, 100, 74232, 73
2026/07/29 05:41:54.101, 303.20, 100, 74232, 73
2026/07/29 05:41:55.139, 302.45, 100, 74232, 73
2026/07/29 05:41:56.179, 303.81, 100, 74232, 73
2026/07/29 05:41:57.216, 296.16, 100, 74232, 73
2026/07/29 05:41:58.254, 302.39, 100, 74232, 73
2026/07/29 05:41:59.293, 292.31, 100, 74232, 72
2026/07/29 05:42:00.335, 302.27, 100, 74232, 73
2026/07/29 05:42:01.374, 303.66, 100, 74232, 73
2026/07/29 05:42:02.413, 302.88, 100, 74232, 73
2026/07/29 05:42:03.451, 299.45, 100, 74232, 73
2026/07/29 05:42:04.488, 303.16, 100, 74232, 73
2026/07/29 05:42:05.527, 297.64, 100, 74232, 72
2026/07/29 05:42:06.566, 294.91, 100, 74232, 73
2026/07/29 05:42:07.604, 295.58, 100, 74232, 73
2026/07/29 05:42:08.644, 291.80, 100, 74232, 72
2026/07/29 05:42:09.681, 295.20, 100, 74232, 72
2026/07/29 05:42:10.719, 302.18, 100, 74232, 73
2026/07/29 05:42:11.757, 302.28, 100, 74232, 73
2026/07/29 05:42:12.795, 294.52, 100, 74232, 73
2026/07/29 05:42:13.836, 299.01, 100, 74232, 73
2026/07/29 05:42:14.875, 302.47, 100, 74232, 73
2026/07/29 05:42:15.913, 295.01, 100, 74232, 73
2026/07/29 05:42:16.953, 298.28, 100, 74232, 73
2026/07/29 05:42:17.991, 294.82, 100, 74232, 72
2026/07/29 05:42:19.029, 291.49, 100, 74232, 72
2026/07/29 05:42:20.067, 296.94, 100, 74232, 72
2026/07/29 05:42:21.105, 295.28, 100, 74232, 72
2026/07/29 05:42:22.147, 301.70, 100, 74232, 73
2026/07/29 05:42:23.186, 303.15, 100, 74232, 73
2026/07/29 05:42:24.224, 302.28, 100, 74232, 73
2026/07/29 05:42:25.268, 291.42, 100, 74232, 72
2026/07/29 05:42:26.306, 295.12, 100, 74232, 72
2026/07/29 05:42:27.344, 294.42, 100, 74232, 72
2026/07/29 05:42:28.382, 295.01, 100, 74232, 72
2026/07/29 05:42:29.422, 302.06, 100, 74232, 73
2026/07/29 05:42:30.460, 302.26, 100, 74232, 73
2026/07/29 05:42:31.500, 302.78, 100, 74232, 73
2026/07/29 05:42:32.539, 299.56, 100, 74232, 73
2026/07/29 05:42:33.576, 299.08, 100, 74232, 73
2026/07/29 05:42:34.614, 302.37, 100, 74232, 73
2026/07/29 05:42:35.652, 302.88, 100, 74232, 73
2026/07/29 05:42:36.689, 303.28, 100, 74232, 73
2026/07/29 05:42:37.725, 303.07, 100, 74232, 73
2026/07/29 05:42:38.763, 303.31, 100, 74232, 73
2026/07/29 05:42:39.801, 304.08, 100, 74232, 73
2026/07/29 05:42:40.839, 303.17, 100, 74232, 73
2026/07/29 05:42:41.877, 302.84, 100, 74232, 73
2026/07/29 05:42:42.915, 300.89, 100, 74232, 73
2026/07/29 05:42:43.953, 301.23, 100, 74232, 73
2026/07/29 05:42:44.993, 291.92, 100, 74232, 73
2026/07/29 05:42:46.031, 294.62, 100, 74232, 73
2026/07/29 05:42:47.069, 295.39, 100, 74232, 73
2026/07/29 05:42:48.108, 292.18, 100, 74232, 72
2026/07/29 05:42:49.145, 295.31, 100, 74232, 73
2026/07/29 05:42:50.184, 295.40, 100, 74232, 73
2026/07/29 05:42:51.221, 293.44, 100, 74232, 72
2026/07/29 05:42:52.259, 295.20, 100, 74232, 73
2026/07/29 05:42:53.298, 295.01, 100, 74232, 73
2026/07/29 05:42:54.337, 296.56, 100, 74232, 72
2026/07/29 05:42:55.378, 294.71, 100, 74232, 72
2026/07/29 05:42:56.416, 294.70, 100, 74232, 72
2026/07/29 05:42:57.456, 296.67, 100, 74232, 72
2026/07/29 05:42:58.494, 295.00, 100, 74232, 72
2026/07/29 05:42:59.532, 295.30, 100, 74232, 72
2026/07/29 05:43:00.570, 296.87, 100, 74232, 72
2026/07/29 05:43:01.608, 302.89, 100, 74232, 73
2026/07/29 05:43:02.645, 302.00, 100, 74232, 73
2026/07/29 05:43:03.684, 294.02, 100, 74232, 73
2026/07/29 05:43:04.721, 303.61, 100, 74232, 73
2026/07/29 05:43:05.759, 302.57, 100, 74232, 73
2026/07/29 05:43:06.797, 304.87, 100, 74232, 73
2026/07/29 05:43:07.834, 302.88, 100, 74232, 73
2026/07/29 05:43:08.872, 98.49, 100, 74232, 70
2026/07/29 05:43:09.905, 98.52, 0, 74232, 69
2026/07/29 05:43:10.937, 97.14, 0, 74232, 68
2026/07/29 05:43:11.970, 96.37, 0, 74232, 67
2026/07/29 05:43:13.002, 95.33, 0, 74232, 67
2026/07/29 05:43:14.034, 94.82, 0, 74232, 66
2026/07/29 05:43:15.066, 92.97, 0, 74232, 66
2026/07/29 05:43:16.099, 93.56, 0, 74232, 65
2026/07/29 05:43:17.131, 92.88, 0, 74232, 65
2026/07/29 05:43:18.163, 92.96, 0, 74232, 65
2026/07/29 05:43:19.196, 91.66, 0, 74232, 64
2026/07/29 05:43:20.228, 91.41, 0, 74232, 64
2026/07/29 05:43:21.260, 89.59, 0, 74232, 64
2026/07/29 05:43:22.291, 90.54, 0, 74232, 63
2026/07/29 05:43:23.322, 89.72, 0, 74232, 63
2026/07/29 05:43:24.353, 90.05, 0, 74232, 63
2026/07/29 05:43:25.387, 307.49, 100, 74232, 68
2026/07/29 05:43:26.424, 305.65, 100, 74232, 68
2026/07/29 05:43:27.460, 305.57, 100, 74232, 68
2026/07/29 05:43:28.502, 302.02, 100, 74232, 69
2026/07/29 05:43:29.537, 310.78, 100, 74232, 69
2026/07/29 05:43:30.572, 307.49, 100, 74232, 69
2026/07/29 05:43:31.613, 262.55, 100, 74232, 68
2026/07/29 05:43:32.652, 284.04, 100, 74232, 68
2026/07/29 05:43:33.690, 293.82, 100, 74232, 68
2026/07/29 05:43:34.731, 295.39, 100, 74232, 68
2026/07/29 05:43:35.769, 296.54, 100, 74232, 69
2026/07/29 05:43:36.810, 295.49, 100, 74232, 69
2026/07/29 05:43:37.848, 296.56, 100, 74232, 69
2026/07/29 05:43:38.885, 297.16, 100, 74232, 69
2026/07/29 05:43:39.924, 303.91, 100, 74232, 69
2026/07/29 05:43:40.962, 298.47, 100, 74232, 70
2026/07/29 05:43:42.003, 298.67, 100, 74232, 70
2026/07/29 05:43:43.041, 298.12, 100, 74232, 70
2026/07/29 05:43:44.078, 298.62, 100, 74232, 70
2026/07/29 05:43:45.117, 300.94, 100, 74232, 70
2026/07/29 05:43:46.156, 294.62, 100, 74232, 70
2026/07/29 05:43:47.194, 297.84, 100, 74232, 70
2026/07/29 05:43:48.231, 298.89, 100, 74232, 70
2026/07/29 05:43:49.269, 300.89, 100, 74232, 71
2026/07/29 05:43:50.306, 291.33, 100, 74232, 70
2026/07/29 05:43:51.344, 298.88, 100, 74232, 71
2026/07/29 05:43:52.381, 299.68, 100, 74232, 71
2026/07/29 05:43:53.419, 298.58, 100, 74232, 71
2026/07/29 05:43:54.458, 308.11, 100, 74232, 71
2026/07/29 05:43:55.496, 299.29, 100, 74232, 71
2026/07/29 05:43:56.533, 301.62, 100, 74232, 71
2026/07/29 05:43:57.570, 299.94, 100, 74232, 71
2026/07/29 05:43:58.608, 299.67, 100, 74232, 71
2026/07/29 05:43:59.646, 300.23, 100, 74232, 71
2026/07/29 05:44:00.683, 299.87, 100, 74232, 71
2026/07/29 05:44:01.722, 302.02, 100, 74232, 72
2026/07/29 05:44:02.759, 300.36, 100, 74232, 72
2026/07/29 05:44:03.797, 301.77, 100, 74232, 72
2026/07/29 05:44:04.836, 300.85, 100, 74232, 72
2026/07/29 05:44:05.873, 300.55, 100, 74232, 72
2026/07/29 05:44:06.911, 299.85, 100, 74232, 72
2026/07/29 05:44:07.948, 302.26, 100, 74232, 72
2026/07/29 05:44:08.986, 301.22, 100, 74232, 72
2026/07/29 05:44:10.024, 293.76, 100, 74232, 72
2026/07/29 05:44:11.063, 293.75, 100, 74232, 72
2026/07/29 05:44:12.103, 291.23, 100, 74232, 72
2026/07/29 05:44:13.142, 294.15, 100, 74232, 72
2026/07/29 05:44:14.179, 293.06, 100, 74232, 72
2026/07/29 05:44:15.217, 293.45, 100, 74232, 72
2026/07/29 05:44:16.253, 291.71, 100, 74232, 72
2026/07/29 05:44:17.290, 295.00, 100, 74232, 72
2026/07/29 05:44:18.326, 301.24, 100, 74232, 72
2026/07/29 05:44:19.364, 297.89, 100, 74232, 72
2026/07/29 05:44:20.401, 301.49, 100, 74232, 72
2026/07/29 05:44:21.438, 303.04, 100, 74232, 70
2026/07/29 05:44:22.470, 97.25, 0, 74232, 68
2026/07/29 05:44:23.502, 96.45, 0, 74232, 68
2026/07/29 05:44:24.534, 95.50, 0, 74232, 67
2026/07/29 05:44:25.566, 95.13, 0, 74232, 67
2026/07/29 05:44:26.598, 93.20, 0, 74232, 66
2026/07/29 05:44:27.629, 93.91, 0, 74232, 66
2026/07/29 05:44:28.661, 93.00, 0, 74232, 65
2026/07/29 05:44:29.692, 92.13, 0, 74232, 65
2026/07/29 05:44:30.725, 91.29, 0, 74232, 64
2026/07/29 05:44:31.756, 90.54, 0, 74232, 64
2026/07/29 05:44:32.787, 91.23, 0, 74232, 63
2026/07/29 05:44:33.818, 89.09, 0, 74232, 63
2026/07/29 05:44:34.849, 89.29, 0, 74232, 63
2026/07/29 05:44:35.882, 89.81, 0, 74232, 63
2026/07/29 05:44:36.913, 88.71, 0, 74232, 62
2026/07/29 05:44:37.944, 89.31, 0, 74232, 62
2026/07/29 05:44:38.975, 88.73, 0, 74232, 62
2026/07/29 05:44:40.005, 88.82, 0, 74232, 61
2026/07/29 05:44:41.035, 88.70, 0, 74232, 61
2026/07/29 05:44:42.067, 87.12, 0, 74232, 61
2026/07/29 05:44:43.097, 86.76, 0, 74232, 61
2026/07/29 05:44:44.126, 87.30, 0, 74232, 60
2026/07/29 05:44:45.157, 86.12, 0, 74232, 60
2026/07/29 05:44:46.186, 86.31, 0, 74232, 60
2026/07/29 05:44:47.216, 86.47, 0, 74232, 60
2026/07/29 05:44:48.245, 85.39, 0, 74232, 59
2026/07/29 05:44:49.287, 88.79, 0, 74232, 59
2026/07/29 05:44:50.317, 85.07, 0, 74232, 62
2026/07/29 05:44:51.350, 297.22, 100, 74232, 64
2026/07/29 05:44:52.383, 306.30, 100, 74232, 65
2026/07/29 05:44:53.417, 309.26, 100, 74232, 65
2026/07/29 05:44:54.451, 283.83, 100, 74232, 65
2026/07/29 05:44:55.488, 304.67, 100, 74232, 64
2026/07/29 05:44:56.523, 305.00, 100, 74232, 64
2026/07/29 05:44:57.559, 304.61, 100, 74232, 65
2026/07/29 05:44:58.595, 307.00, 100, 74232, 65
2026/07/29 05:44:59.632, 303.15, 100, 74232, 65
2026/07/29 05:45:00.668, 265.68, 100, 74232, 66
2026/07/29 05:45:01.703, 297.66, 100, 74232, 67
2026/07/29 05:45:02.737, 298.52, 100, 74232, 67
2026/07/29 05:45:03.770, 280.08, 100, 74232, 68
2026/07/29 05:45:04.803, 303.75, 100, 74232, 68
2026/07/29 05:45:05.837, 301.99, 100, 74232, 66
2026/07/29 05:45:06.872, 302.20, 100, 74232, 67
2026/07/29 05:45:07.908, 301.71, 100, 74232, 67
2026/07/29 05:45:08.943, 300.52, 100, 74232, 69
2026/07/29 05:45:09.976, 304.10, 100, 74232, 69
2026/07/29 05:45:11.010, 295.59, 100, 74232, 69
2026/07/29 05:45:12.042, 287.14, 100, 74232, 70
2026/07/29 05:45:13.075, 289.93, 100, 74232, 70
2026/07/29 05:45:14.108, 303.34, 100, 74232, 68
2026/07/29 05:45:15.144, 303.71, 100, 74232, 68
2026/07/29 05:45:16.179, 304.78, 100, 74232, 68
2026/07/29 05:45:17.215, 300.24, 100, 74232, 69
2026/07/29 05:45:18.250, 302.76, 100, 74232, 69
2026/07/29 05:45:19.286, 303.27, 100, 74232, 69
2026/07/29 05:45:20.322, 305.10, 100, 74232, 69
2026/07/29 05:45:21.358, 305.37, 100, 74232, 69
2026/07/29 05:45:22.394, 295.76, 100, 74232, 69
2026/07/29 05:45:23.431, 306.09, 100, 74232, 70
2026/07/29 05:45:24.467, 300.15, 100, 74232, 70
2026/07/29 05:45:25.505, 299.58, 100, 74232, 70
2026/07/29 05:45:26.540, 295.60, 100, 74232, 70
2026/07/29 05:45:27.576, 291.33, 100, 74232, 72
2026/07/29 05:45:28.613, 298.90, 100, 74232, 72
2026/07/29 05:45:29.648, 303.84, 100, 74232, 72
2026/07/29 05:45:30.682, 320.48, 100, 74232, 72
2026/07/29 05:45:31.720, 312.26, 100, 74232, 72
2026/07/29 05:45:32.753, 267.67, 100, 74232, 72
2026/07/29 05:45:33.786, 306.39, 100, 74232, 71
2026/07/29 05:45:34.822, 293.26, 100, 74232, 71
2026/07/29 05:45:35.858, 298.77, 100, 74232, 73
2026/07/29 05:45:36.892, 292.70, 100, 74232, 73
2026/07/29 05:45:37.932, 293.84, 100, 74232, 73
2026/07/29 05:45:38.965, 277.68, 100, 74232, 73
2026/07/29 05:45:39.999, 276.24, 100, 74232, 73
2026/07/29 05:45:41.034, 277.46, 100, 74232, 73
2026/07/29 05:45:42.077, 285.80, 100, 74232, 71
2026/07/29 05:45:43.115, 288.99, 100, 74232, 71
2026/07/29 05:45:44.152, 306.31, 100, 74232, 73
2026/07/29 05:45:45.187, 294.13, 100, 74232, 74
2026/07/29 05:45:46.220, 306.80, 100, 74232, 74
2026/07/29 05:45:47.254, 306.32, 100, 74232, 74
2026/07/29 05:45:48.287, 317.32, 100, 74232, 74
2026/07/29 05:45:49.321, 304.45, 100, 74232, 74
2026/07/29 05:45:50.354, 301.10, 100, 74232, 72
2026/07/29 05:45:51.391, 301.88, 100, 74232, 72
2026/07/29 05:45:52.426, 302.41, 100, 74232, 72
2026/07/29 05:45:53.464, 301.20, 100, 74232, 72
2026/07/29 05:45:54.501, 302.25, 100, 74232, 73
2026/07/29 05:45:55.541, 305.62, 100, 74232, 73
2026/07/29 05:45:56.577, 301.68, 100, 74232, 73
2026/07/29 05:45:57.616, 304.33, 100, 74232, 73
2026/07/29 05:45:58.652, 302.67, 100, 74232, 73
2026/07/29 05:45:59.690, 302.58, 100, 74232, 73
2026/07/29 05:46:00.727, 297.03, 100, 74232, 73
2026/07/29 05:46:01.763, 300.24, 100, 74232, 73
2026/07/29 05:46:02.799, 302.66, 100, 74232, 73
2026/07/29 05:46:03.835, 296.18, 100, 74232, 73
2026/07/29 05:46:04.871, 302.93, 100, 74232, 73
2026/07/29 05:46:05.908, 302.09, 100, 74232, 73
2026/07/29 05:46:06.945, 302.39, 100, 74232, 73
2026/07/29 05:46:07.981, 291.14, 100, 74232, 73
2026/07/29 05:46:09.017, 294.81, 100, 74232, 73
2026/07/29 05:46:10.054, 301.30, 100, 74232, 73
2026/07/29 05:46:11.091, 294.33, 100, 74232, 73
2026/07/29 05:46:12.128, 294.90, 100, 74232, 73
2026/07/29 05:46:13.165, 295.37, 100, 74232, 73
2026/07/29 05:46:14.200, 296.66, 100, 74232, 73
2026/07/29 05:46:15.237, 296.25, 100, 74232, 73
2026/07/29 05:46:16.272, 301.27, 100, 74232, 73
2026/07/29 05:46:17.309, 300.45, 100, 74232, 73
2026/07/29 05:46:18.345, 294.43, 100, 74232, 73
2026/07/29 05:46:19.380, 295.39, 100, 74232, 73
2026/07/29 05:46:20.418, 294.71, 100, 74232, 73
2026/07/29 05:46:21.454, 304.44, 100, 74232, 73
2026/07/29 05:46:22.490, 282.55, 86, 74232, 74
2026/07/29 05:46:23.528, 297.73, 100, 74232, 75
2026/07/29 05:46:24.566, 288.80, 100, 74232, 75
2026/07/29 05:46:25.598, 308.32, 100, 74232, 75
2026/07/29 05:46:26.633, 286.97, 100, 74232, 75
2026/07/29 05:46:27.667, 301.25, 100, 74232, 75
2026/07/29 05:46:28.701, 321.55, 100, 74232, 75
2026/07/29 05:46:29.736, 301.70, 100, 74232, 73
2026/07/29 05:46:30.771, 306.81, 100, 74232, 73
2026/07/29 05:46:31.807, 302.79, 100, 74232, 73
2026/07/29 05:46:32.842, 302.78, 100, 74232, 73
2026/07/29 05:46:33.877, 302.40, 100, 74232, 73
2026/07/29 05:46:34.913, 302.83, 100, 74232, 73
2026/07/29 05:46:35.948, 296.15, 100, 74232, 73
2026/07/29 05:46:36.985, 295.87, 100, 74232, 73
2026/07/29 05:46:38.021, 297.72, 100, 74232, 73
2026/07/29 05:46:39.056, 295.69, 100, 74232, 73
2026/07/29 05:46:40.091, 292.51, 100, 74232, 73
2026/07/29 05:46:41.129, 295.89, 100, 74232, 73
2026/07/29 05:46:42.165, 295.39, 100, 74232, 73
2026/07/29 05:46:43.205, 355.96, 0, 74232, 74
2026/07/29 05:46:44.240, 301.32, 100, 74232, 75
2026/07/29 05:46:45.272, 295.58, 100, 74232, 75
2026/07/29 05:46:46.305, 290.62, 100, 74232, 75
2026/07/29 05:46:47.338, 305.36, 100, 74232, 75
2026/07/29 05:46:48.370, 277.24, 100, 74232, 74
2026/07/29 05:46:49.404, 299.64, 100, 74232, 75
2026/07/29 05:46:50.445, 302.45, 100, 74232, 73
2026/07/29 05:46:51.481, 302.84, 100, 74232, 73
2026/07/29 05:46:52.518, 303.53, 100, 74232, 73
2026/07/29 05:46:53.554, 301.73, 100, 74232, 73
2026/07/29 05:46:54.589, 303.46, 100, 74232, 73
2026/07/29 05:46:55.625, 305.15, 100, 74232, 73
2026/07/29 05:46:56.663, 303.13, 100, 74232, 73
2026/07/29 05:46:57.700, 303.03, 100, 74232, 74
2026/07/29 05:46:58.736, 300.13, 100, 74232, 74
2026/07/29 05:46:59.773, 299.77, 100, 74232, 74
2026/07/29 05:47:00.809, 304.13, 100, 74232, 74
2026/07/29 05:47:01.846, 303.87, 100, 74232, 74
2026/07/29 05:47:02.882, 305.86, 100, 74232, 74
2026/07/29 05:47:03.918, 294.13, 100, 74232, 73
2026/07/29 05:47:04.955, 100.19, 0, 74232, 70
2026/07/29 05:47:05.988, 300.74, 100, 74232, 73
2026/07/29 05:47:07.026, 302.48, 100, 74232, 73
2026/07/29 05:47:08.064, 301.76, 100, 74232, 73
2026/07/29 05:47:09.100, 302.11, 100, 74232, 73
2026/07/29 05:47:10.137, 302.97, 100, 74232, 73
2026/07/29 05:47:11.175, 301.08, 100, 74232, 73
2026/07/29 05:47:12.211, 302.38, 100, 74232, 73
2026/07/29 05:47:13.248, 304.53, 100, 74232, 73
2026/07/29 05:47:14.284, 302.95, 100, 74232, 73
2026/07/29 05:47:15.321, 303.84, 100, 74232, 73
2026/07/29 05:47:16.358, 302.59, 100, 74232, 73
2026/07/29 05:47:17.395, 300.51, 100, 74232, 73
2026/07/29 05:47:18.431, 302.98, 100, 74232, 73
2026/07/29 05:47:19.467, 302.45, 100, 74232, 73
2026/07/29 05:47:20.501, 304.09, 100, 74232, 73
2026/07/29 05:47:21.538, 297.13, 100, 74232, 73
2026/07/29 05:47:22.574, 295.59, 100, 74232, 73
2026/07/29 05:47:23.611, 304.28, 100, 74232, 73
2026/07/29 05:47:24.647, 302.01, 100, 74232, 73
2026/07/29 05:47:25.683, 294.32, 100, 74232, 73
2026/07/29 05:47:26.720, 294.72, 100, 74232, 73
2026/07/29 05:47:27.756, 293.17, 100, 74232, 73
2026/07/29 05:47:28.792, 303.97, 100, 74232, 73
2026/07/29 05:47:29.829, 302.40, 100, 74232, 73
2026/07/29 05:47:30.866, 302.39, 100, 74232, 73
2026/07/29 05:47:31.903, 301.79, 100, 74232, 73
2026/07/29 05:47:32.945, 300.61, 100, 74232, 73
2026/07/29 05:47:33.981, 303.68, 100, 74232, 73
2026/07/29 05:47:35.017, 291.11, 100, 74232, 73
2026/07/29 05:47:36.054, 301.32, 100, 74232, 73
2026/07/29 05:47:37.091, 302.38, 100, 74232, 73
2026/07/29 05:47:38.129, 298.22, 100, 74232, 73
2026/07/29 05:47:39.166, 300.65, 100, 74232, 73
2026/07/29 05:47:40.204, 302.09, 100, 74232, 73
2026/07/29 05:47:41.240, 302.58, 100, 74232, 73
2026/07/29 05:47:42.276, 304.00, 100, 74232, 73
2026/07/29 05:47:43.313, 303.33, 100, 74232, 73
2026/07/29 05:47:44.349, 303.36, 100, 74232, 73
2026/07/29 05:47:45.385, 304.37, 100, 74232, 73
2026/07/29 05:47:46.427, 302.35, 100, 74232, 73
2026/07/29 05:47:47.463, 302.21, 100, 74232, 73
2026/07/29 05:47:48.500, 295.79, 100, 74232, 73
2026/07/29 05:47:49.539, 297.42, 100, 74232, 73
2026/07/29 05:47:50.576, 303.29, 100, 74232, 73
2026/07/29 05:47:51.612, 301.99, 100, 74232, 73
2026/07/29 05:47:52.649, 300.72, 100, 74232, 73
2026/07/29 05:47:53.685, 303.93, 100, 74232, 73
2026/07/29 05:47:54.722, 303.06, 100, 74232, 73
2026/07/29 05:47:55.759, 304.62, 100, 74232, 73
2026/07/29 05:47:56.796, 305.59, 100, 74232, 73
2026/07/29 05:47:57.833, 302.49, 100, 74232, 73
2026/07/29 05:47:58.869, 301.32, 100, 74232, 73
2026/07/29 05:47:59.908, 301.32, 100, 74232, 73
2026/07/29 05:48:00.946, 298.51, 100, 74232, 73
2026/07/29 05:48:01.982, 293.64, 100, 74232, 73
2026/07/29 05:48:03.026, 296.96, 100, 74232, 73
2026/07/29 05:48:04.063, 296.48, 100, 74232, 73
2026/07/29 05:48:05.100, 295.57, 100, 74232, 73
2026/07/29 05:48:06.138, 295.39, 100, 74232, 73
2026/07/29 05:48:07.174, 294.71, 100, 74232, 73
2026/07/29 05:48:08.216, 303.67, 100, 74232, 73
2026/07/29 05:48:09.252, 294.90, 100, 74232, 73
2026/07/29 05:48:10.293, 296.56, 100, 74232, 73
2026/07/29 05:48:11.331, 302.78, 100, 74232, 74
2026/07/29 05:48:12.369, 302.29, 100, 74232, 74
2026/07/29 05:48:13.406, 304.51, 100, 74232, 74
2026/07/29 05:48:14.443, 303.27, 100, 74232, 74
2026/07/29 05:48:15.480, 303.35, 100, 74232, 74
2026/07/29 05:48:16.516, 303.03, 100, 74232, 74
2026/07/29 05:48:17.552, 303.12, 100, 74232, 73
2026/07/29 05:48:18.589, 304.77, 100, 74232, 73
2026/07/29 05:48:19.626, 304.04, 100, 74232, 73
2026/07/29 05:48:20.662, 302.19, 100, 74232, 73
2026/07/29 05:48:21.701, 299.17, 100, 74232, 73
2026/07/29 05:48:22.738, 291.99, 100, 74232, 73
2026/07/29 05:48:23.775, 293.47, 100, 74232, 73
2026/07/29 05:48:24.811, 291.03, 100, 74232, 73
2026/07/29 05:48:25.848, 290.54, 100, 74232, 73
2026/07/29 05:48:26.886, 301.43, 100, 74232, 75
2026/07/29 05:48:27.920, 300.23, 100, 74232, 75
2026/07/29 05:48:28.954, 309.79, 100, 74232, 75
2026/07/29 05:48:29.988, 270.71, 100, 74232, 75
2026/07/29 05:48:31.025, 290.67, 100, 74232, 75
2026/07/29 05:48:32.060, 279.72, 100, 74232, 75
2026/07/29 05:48:33.094, 303.02, 100, 74232, 73
2026/07/29 05:48:34.131, 304.64, 100, 74232, 73
2026/07/29 05:48:35.170, 297.70, 100, 74232, 73
2026/07/29 05:48:36.207, 296.58, 100, 74232, 73
2026/07/29 05:48:37.244, 295.96, 100, 74232, 73
2026/07/29 05:48:38.285, 296.18, 100, 74232, 73
2026/07/29 05:48:39.322, 285.40, 100, 74232, 73
2026/07/29 05:48:40.358, 288.98, 100, 74232, 73
2026/07/29 05:48:41.395, 288.89, 100, 74232, 73
2026/07/29 05:48:42.432, 289.07, 100, 74232, 73
2026/07/29 05:48:43.474, 286.75, 100, 74232, 73
2026/07/29 05:48:44.511, 285.40, 100, 74232, 73
2026/07/29 05:48:45.548, 285.67, 100, 74232, 73
2026/07/29 05:48:46.587, 294.64, 100, 74232, 73
2026/07/29 05:48:47.624, 295.68, 100, 74232, 73
2026/07/29 05:48:48.661, 288.78, 100, 74232, 73
2026/07/29 05:48:49.697, 293.28, 100, 74232, 73
2026/07/29 05:48:50.738, 296.27, 100, 74232, 73
2026/07/29 05:48:51.775, 295.49, 100, 74232, 73
2026/07/29 05:48:52.811, 297.14, 100, 74232, 73
2026/07/29 05:48:53.848, 99.15, 65, 74232, 71
2026/07/29 05:48:54.881, 305.77, 100, 74232, 75
2026/07/29 05:48:55.915, 298.64, 100, 74232, 75
2026/07/29 05:48:56.951, 309.78, 100, 74232, 75
2026/07/29 05:48:57.987, 305.72, 100, 74232, 75
2026/07/29 05:48:59.023, 269.90, 100, 74232, 75
2026/07/29 05:49:00.065, 298.81, 100, 74232, 75
2026/07/29 05:49:01.101, 302.77, 100, 74232, 73
2026/07/29 05:49:02.141, 302.08, 100, 74232, 73
2026/07/29 05:49:03.180, 303.90, 100, 74232, 73
2026/07/29 05:49:04.218, 302.64, 100, 74232, 73
2026/07/29 05:49:05.256, 303.29, 100, 74232, 73
2026/07/29 05:49:06.294, 100.12, 0, 74232, 70
2026/07/29 05:49:07.327, 303.70, 100, 74232, 75
2026/07/29 05:49:08.362, 285.71, 100, 74232, 75
2026/07/29 05:49:09.396, 288.30, 100, 74232, 75
2026/07/29 05:49:10.431, 287.33, 100, 74232, 75
2026/07/29 05:49:11.466, 299.08, 100, 74232, 75
2026/07/29 05:49:12.501, 295.90, 100, 74232, 75
2026/07/29 05:49:13.536, 302.58, 100, 74232, 73
2026/07/29 05:49:14.574, 303.37, 100, 74232, 73
2026/07/29 05:49:15.612, 304.84, 100, 74232, 73
2026/07/29 05:49:16.651, 302.55, 100, 74232, 73
2026/07/29 05:49:17.690, 313.81, 93, 74232, 75
2026/07/29 05:49:18.725, 299.45, 100, 74232, 75
2026/07/29 05:49:19.760, 297.81, 100, 74232, 75
2026/07/29 05:49:20.796, 278.21, 100, 74232, 75
2026/07/29 05:49:21.836, 269.69, 100, 74232, 75
2026/07/29 05:49:22.871, 291.61, 100, 74232, 75
2026/07/29 05:49:23.906, 296.75, 100, 74232, 73
2026/07/29 05:49:24.945, 297.04, 100, 74232, 73
2026/07/29 05:49:25.984, 297.47, 100, 74232, 73
2026/07/29 05:49:27.022, 303.84, 100, 74232, 74
2026/07/29 05:49:28.058, 296.55, 88, 74232, 75
2026/07/29 05:49:29.094, 287.77, 100, 74232, 75
2026/07/29 05:49:30.129, 301.80, 100, 74232, 75
2026/07/29 05:49:31.166, 280.08, 100, 74232, 76
2026/07/29 05:49:32.205, 290.32, 100, 74232, 76
2026/07/29 05:49:33.239, 286.07, 100, 74232, 75
2026/07/29 05:49:34.274, 289.56, 100, 74232, 74
2026/07/29 05:49:35.315, 285.59, 100, 74232, 74
2026/07/29 05:49:36.352, 289.09, 100, 74232, 74
2026/07/29 05:49:37.391, 295.88, 100, 74232, 74
2026/07/29 05:49:38.430, 297.82, 100, 74232, 74
2026/07/29 05:49:39.467, 296.63, 100, 74232, 74
2026/07/29 05:49:40.504, 296.48, 100, 74232, 74
2026/07/29 05:49:41.542, 291.02, 100, 74232, 74
2026/07/29 05:49:42.581, 294.02, 100, 74232, 74
2026/07/29 05:49:43.618, 297.82, 100, 74232, 74
2026/07/29 05:49:44.655, 297.23, 100, 74232, 74
2026/07/29 05:49:45.693, 294.45, 100, 74232, 74
2026/07/29 05:49:46.731, 303.92, 100, 74232, 74
2026/07/29 05:49:47.770, 293.35, 100, 74232, 74
2026/07/29 05:49:48.810, 286.44, 100, 74232, 74
2026/07/29 05:49:49.849, 302.55, 100, 74232, 74
2026/07/29 05:49:50.886, 304.11, 100, 74232, 74
2026/07/29 05:49:51.925, 303.77, 100, 74232, 74
2026/07/29 05:49:52.961, 304.43, 100, 74232, 74
2026/07/29 05:49:53.999, 305.55, 100, 74232, 74
2026/07/29 05:49:55.036, 307.54, 100, 74232, 74
2026/07/29 05:49:56.073, 297.45, 100, 74232, 74
2026/07/29 05:49:57.110, 299.85, 100, 74232, 74
2026/07/29 05:49:58.147, 100.71, 0, 74232, 71
2026/07/29 05:49:59.178, 99.93, 0, 74232, 70
2026/07/29 05:50:00.210, 99.15, 0, 74232, 69
2026/07/29 05:50:01.242, 97.15, 0, 74232, 69
2026/07/29 05:50:02.273, 96.91, 0, 74232, 68
2026/07/29 05:50:03.307, 94.84, 0, 74232, 68
2026/07/29 05:50:04.340, 95.41, 0, 74232, 67
2026/07/29 05:50:05.373, 94.15, 0, 74232, 67
2026/07/29 05:50:06.405, 94.22, 0, 74232, 66
2026/07/29 05:50:07.437, 93.98, 0, 74232, 66
2026/07/29 05:50:08.467, 93.78, 0, 74232, 65
2026/07/29 05:50:09.498, 92.95, 0, 74232, 65
2026/07/29 05:50:10.528, 92.53, 0, 74232, 64
2026/07/29 05:50:11.559, 91.31, 0, 74232, 64
2026/07/29 05:50:12.590, 90.24, 0, 74232, 64
2026/07/29 05:50:13.620, 91.24, 0, 74232, 64
2026/07/29 05:50:14.651, 90.14, 0, 74232, 63
2026/07/29 05:50:15.683, 90.55, 0, 74232, 63
2026/07/29 05:50:16.715, 89.12, 0, 74232, 63
2026/07/29 05:50:17.747, 89.63, 0, 74232, 62
2026/07/29 05:50:18.781, 88.43, 0, 74232, 62
2026/07/29 05:50:19.813, 89.15, 0, 74232, 62
2026/07/29 05:50:20.936, 87.84, 0, 74232, 61
2026/07/29 05:50:21.966, 87.42, 0, 74232, 61
2026/07/29 05:50:22.999, 87.25, 0, 74232, 61
2026/07/29 05:50:24.029, 88.24, 0, 74232, 61
2026/07/29 05:50:25.060, 87.58, 0, 74232, 60
2026/07/29 05:50:26.092, 86.51, 0, 74232, 60
2026/07/29 05:50:27.125, 86.75, 0, 74232, 60
2026/07/29 05:50:28.156, 85.83, 0, 74232, 60
2026/07/29 05:50:29.187, 85.05, 0, 74232, 59
2026/07/29 05:50:30.218, 84.82, 0, 74232, 59
2026/07/29 05:50:31.251, 84.19, 0, 74232, 59
2026/07/29 05:50:32.283, 84.24, 0, 74232, 59
2026/07/29 05:50:33.314, 84.04, 0, 74232, 58
2026/07/29 05:50:34.378, 84.13, 0, 74232, 58
2026/07/29 05:50:35.410, 83.57, 0, 74232, 58
2026/07/29 05:50:36.442, 83.14, 0, 74232, 58
2026/07/29 05:50:37.475, 82.94, 0, 74232, 57
2026/07/29 05:50:38.702, 82.96, 0, 74232, 57
2026/07/29 05:50:39.734, 82.38, 0, 74232, 57
2026/07/29 05:50:40.765, 82.45, 0, 74232, 57
2026/07/29 05:50:41.798, 82.11, 0, 74232, 57
2026/07/29 05:50:42.830, 81.83, 0, 74232, 56
2026/07/29 05:50:43.862, 81.67, 0, 74232, 56
2026/07/29 05:50:44.895, 81.77, 0, 74232, 56
2026/07/29 05:50:45.928, 81.35, 0, 74232, 56
2026/07/29 05:50:46.960, 81.02, 0, 74232, 56
2026/07/29 05:50:47.991, 80.76, 0, 74232, 55
2026/07/29 05:50:49.023, 80.73, 0, 74232, 55
2026/07/29 05:50:50.301, 80.51, 0, 74232, 55
2026/07/29 05:50:51.331, 80.56, 0, 74232, 55
2026/07/29 05:50:52.362, 79.89, 0, 74232, 54
2026/07/29 05:50:53.392, 79.40, 0, 74232, 54
2026/07/29 05:50:54.423, 78.81, 0, 74232, 54
2026/07/29 05:50:55.454, 79.11, 0, 74232, 54
2026/07/29 05:50:56.486, 78.51, 0, 74232, 54
2026/07/29 05:50:57.519, 78.62, 0, 74232, 53
2026/07/29 05:50:58.549, 78.57, 0, 74232, 53
2026/07/29 05:50:59.581, 78.24, 0, 74232, 53
2026/07/29 05:51:00.613, 78.27, 0, 74232, 53
2026/07/29 05:51:01.644, 78.00, 0, 74232, 53
2026/07/29 05:51:02.676, 78.07, 0, 74232, 53
2026/07/29 05:51:03.709, 76.84, 0, 74232, 52
2026/07/29 05:51:04.740, 76.87, 0, 74232, 52
2026/07/29 05:51:05.771, 76.87, 0, 74232, 52
2026/07/29 05:51:06.808, 303.80, 100, 74232, 58
2026/07/29 05:51:07.843, 301.63, 100, 74232, 58
2026/07/29 05:51:08.882, 288.40, 100, 74232, 59
2026/07/29 05:51:09.916, 273.95, 100, 74232, 59
2026/07/29 05:51:10.952, 295.77, 100, 74232, 58
2026/07/29 05:51:11.990, 299.85, 100, 74232, 58
2026/07/29 05:51:13.028, 302.06, 100, 74232, 58
2026/07/29 05:51:14.065, 301.71, 100, 74232, 59
2026/07/29 05:51:15.103, 302.37, 100, 74232, 59
2026/07/29 05:51:16.141, 302.57, 100, 74232, 59
2026/07/29 05:51:17.177, 291.41, 100, 74232, 60
2026/07/29 05:51:18.215, 299.29, 100, 74232, 62
2026/07/29 05:51:19.250, 308.91, 100, 74232, 62
2026/07/29 05:51:20.288, 285.99, 100, 74232, 62
2026/07/29 05:51:21.323, 303.37, 100, 74232, 63
2026/07/29 05:51:22.360, 295.58, 100, 74232, 61
2026/07/29 05:51:23.398, 298.00, 100, 74232, 61
2026/07/29 05:51:24.436, 296.92, 100, 74232, 62
2026/07/29 05:51:25.473, 298.49, 100, 74232, 62
2026/07/29 05:51:26.510, 298.51, 100, 74232, 62
2026/07/29 05:51:27.668, 290.65, 100, 74232, 64
2026/07/29 05:51:28.703, 297.11, 100, 74232, 64
2026/07/29 05:51:29.737, 302.01, 100, 74232, 65
2026/07/29 05:51:30.772, 306.28, 100, 74232, 65
2026/07/29 05:51:31.807, 278.33, 100, 74232, 64
2026/07/29 05:51:32.845, 284.63, 100, 74232, 64
2026/07/29 05:51:33.885, 290.03, 100, 74232, 64
2026/07/29 05:51:34.928, 375.17, 100, 74232, 66
2026/07/29 05:51:35.963, 303.71, 100, 74232, 66
2026/07/29 05:51:37.003, 295.49, 100, 74232, 67
2026/07/29 05:51:38.038, 290.31, 100, 74232, 67
2026/07/29 05:51:39.073, 292.58, 100, 74232, 67
2026/07/29 05:51:40.110, 308.16, 100, 74232, 66
2026/07/29 05:51:41.148, 307.90, 100, 74232, 66
2026/07/29 05:51:42.187, 299.36, 100, 74232, 66
2026/07/29 05:51:43.225, 299.61, 100, 74232, 66
2026/07/29 05:51:44.263, 301.05, 100, 74232, 66
2026/07/29 05:51:45.301, 297.05, 100, 74232, 67
2026/07/29 05:51:46.338, 295.19, 100, 74232, 68
2026/07/29 05:51:47.377, 299.16, 100, 74232, 69
2026/07/29 05:51:48.413, 277.87, 100, 74232, 69
2026/07/29 05:51:49.447, 307.31, 100, 74232, 69
2026/07/29 05:51:50.483, 302.15, 100, 74232, 69
2026/07/29 05:51:51.522, 302.07, 100, 74232, 68
2026/07/29 05:51:52.560, 301.69, 100, 74232, 68
2026/07/29 05:51:53.597, 303.35, 100, 74232, 68
2026/07/29 05:51:54.635, 290.02, 100, 74232, 70
2026/07/29 05:51:55.670, 302.33, 100, 74232, 70
2026/07/29 05:51:56.704, 294.13, 100, 74232, 70
2026/07/29 05:51:57.739, 295.37, 100, 74232, 70
2026/07/29 05:51:58.779, 288.52, 100, 74232, 70
2026/07/29 05:51:59.816, 304.59, 100, 74232, 69
2026/07/29 05:52:00.854, 304.43, 100, 74232, 69
2026/07/29 05:52:01.892, 304.81, 100, 74232, 69
2026/07/29 05:52:02.931, 297.64, 100, 74232, 69
2026/07/29 05:52:03.969, 299.92, 100, 74232, 69
2026/07/29 05:52:05.007, 297.79, 100, 74232, 69
2026/07/29 05:52:06.045, 299.76, 100, 74232, 71
2026/07/29 05:52:07.080, 296.58, 100, 74232, 71
2026/07/29 05:52:08.117, 307.33, 100, 74232, 72
2026/07/29 05:52:09.154, 303.62, 100, 74232, 72
2026/07/29 05:52:10.189, 289.34, 100, 74232, 72
2026/07/29 05:52:11.224, 306.36, 100, 74232, 70
2026/07/29 05:52:12.263, 307.86, 100, 74232, 70
2026/07/29 05:52:13.300, 307.44, 100, 74232, 71
2026/07/29 05:52:14.340, 306.74, 100, 74232, 72
2026/07/29 05:52:15.375, 294.21, 100, 74232, 72
2026/07/29 05:52:16.416, 288.21, 100, 74232, 72
2026/07/29 05:52:17.451, 310.73, 100, 74232, 73
2026/07/29 05:52:18.487, 314.72, 100, 74232, 73
2026/07/29 05:52:19.527, 293.58, 100, 74232, 71
2026/07/29 05:52:20.566, 298.79, 100, 74232, 71
2026/07/29 05:52:21.604, 300.22, 100, 74232, 71
2026/07/29 05:52:22.643, 301.88, 100, 74232, 71
2026/07/29 05:52:23.681, 300.72, 100, 74232, 71
2026/07/29 05:52:24.718, 301.22, 100, 74232, 71
2026/07/29 05:52:25.755, 298.43, 100, 74232, 72
2026/07/29 05:52:26.793, 302.09, 100, 74232, 72
2026/07/29 05:52:27.833, 300.46, 100, 74232, 72
2026/07/29 05:52:28.873, 300.15, 100, 74232, 72
2026/07/29 05:52:29.911, 304.14, 100, 74232, 72
2026/07/29 05:52:30.948, 300.90, 100, 74232, 72
2026/07/29 05:52:31.986, 300.41, 100, 74232, 72
2026/07/29 05:52:33.025, 302.94, 100, 74232, 72
2026/07/29 05:52:34.062, 296.94, 100, 74232, 72
2026/07/29 05:52:35.099, 300.53, 100, 74232, 72
2026/07/29 05:52:36.137, 295.11, 76, 74232, 73
2026/07/29 05:52:37.172, 303.98, 100, 74232, 73
2026/07/29 05:52:38.207, 287.63, 100, 74232, 73
2026/07/29 05:52:39.242, 294.41, 100, 74232, 73
2026/07/29 05:52:40.277, 296.48, 100, 74232, 74
2026/07/29 05:52:41.312, 303.62, 100, 74232, 74
2026/07/29 05:52:42.347, 300.75, 100, 74232, 72
2026/07/29 05:52:43.388, 301.50, 100, 74232, 72
2026/07/29 05:52:44.425, 301.02, 100, 74232, 72
2026/07/29 05:52:45.464, 302.48, 100, 74232, 72
2026/07/29 05:52:46.502, 290.32, 93, 74232, 74
2026/07/29 05:52:47.537, 303.22, 100, 74232, 74
2026/07/29 05:52:48.572, 296.43, 100, 74232, 74
2026/07/29 05:52:49.637, 285.58, 100, 74232, 74
2026/07/29 05:52:50.672, 314.75, 100, 74232, 74
2026/07/29 05:52:51.707, 282.13, 100, 74232, 74
2026/07/29 05:52:52.747, 301.58, 100, 74232, 73
2026/07/29 05:52:53.785, 301.95, 100, 74232, 73
2026/07/29 05:52:54.823, 301.90, 100, 74232, 73
2026/07/29 05:52:55.862, 301.42, 100, 74232, 73
2026/07/29 05:52:56.899, 303.90, 100, 74232, 73
2026/07/29 05:52:57.939, 302.30, 100, 74232, 73
2026/07/29 05:52:58.977, 303.91, 100, 74232, 73
2026/07/29 05:53:00.015, 302.67, 100, 74232, 73
2026/07/29 05:53:01.053, 304.52, 100, 74232, 73
2026/07/29 05:53:02.091, 303.14, 100, 74232, 73
2026/07/29 05:53:03.128, 302.77, 100, 74232, 73
2026/07/29 05:53:04.165, 301.97, 100, 74232, 73
2026/07/29 05:53:05.202, 303.07, 100, 74232, 73
2026/07/29 05:53:06.239, 302.27, 100, 74232, 73
2026/07/29 05:53:07.277, 303.22, 100, 74232, 73
2026/07/29 05:53:08.315, 295.59, 100, 74232, 73
2026/07/29 05:53:09.352, 296.18, 100, 74232, 73
2026/07/29 05:53:10.391, 296.77, 100, 74232, 73
2026/07/29 05:53:11.429, 295.30, 100, 74232, 73
2026/07/29 05:53:12.470, 296.92, 100, 74232, 73
2026/07/29 05:53:13.509, 294.91, 100, 74232, 73
2026/07/29 05:53:14.546, 295.97, 100, 74232, 73
2026/07/29 05:53:15.584, 296.19, 100, 74232, 73
2026/07/29 05:53:16.621, 295.20, 100, 74232, 73
2026/07/29 05:53:17.659, 299.47, 100, 74232, 73
2026/07/29 05:53:18.695, 294.42, 100, 74232, 73
2026/07/29 05:53:19.733, 298.91, 100, 74232, 73
2026/07/29 05:53:20.772, 290.84, 100, 74232, 73
2026/07/29 05:53:21.809, 294.14, 100, 74232, 73
2026/07/29 05:53:22.848, 295.80, 100, 74232, 73
2026/07/29 05:53:23.886, 298.10, 100, 74232, 73
2026/07/29 05:53:24.923, 292.97, 100, 74232, 73
2026/07/29 05:53:25.962, 290.92, 100, 74232, 73
2026/07/29 05:53:26.998, 295.31, 100, 74232, 73
2026/07/29 05:53:28.036, 299.57, 100, 74232, 73
2026/07/29 05:53:29.072, 301.91, 100, 74232, 73
2026/07/29 05:53:30.109, 301.41, 100, 74232, 73
2026/07/29 05:53:31.146, 302.27, 100, 74232, 73
2026/07/29 05:53:32.184, 295.01, 100, 74232, 74
2026/07/29 05:53:33.219, 303.22, 100, 74232, 74
2026/07/29 05:53:34.256, 298.75, 100, 74232, 75
2026/07/29 05:53:35.289, 324.05, 100, 74232, 75
2026/07/29 05:53:36.323, 301.28, 100, 74232, 75
2026/07/29 05:53:37.357, 279.31, 100, 74232, 74
2026/07/29 05:53:38.391, 298.30, 100, 74232, 73
2026/07/29 05:53:39.430, 301.10, 100, 74232, 73
2026/07/29 05:53:40.470, 302.37, 100, 74232, 73
2026/07/29 05:53:41.508, 304.00, 100, 74232, 73
2026/07/29 05:53:42.547, 302.77, 100, 74232, 73
2026/07/29 05:53:43.584, 302.39, 100, 74232, 73
2026/07/29 05:53:44.621, 303.13, 100, 74232, 73
2026/07/29 05:53:45.658, 309.33, 100, 74232, 75
2026/07/29 05:53:46.693, 299.86, 100, 74232, 75
2026/07/29 05:53:47.727, 294.78, 100, 74232, 75
2026/07/29 05:53:48.763, 288.52, 100, 74232, 75
2026/07/29 05:53:49.799, 301.57, 100, 74232, 75
2026/07/29 05:53:50.833, 291.53, 100, 74232, 75
2026/07/29 05:53:51.871, 294.44, 100, 74232, 73
2026/07/29 05:53:52.907, 302.39, 100, 74232, 73
2026/07/29 05:53:53.943, 302.45, 100, 74232, 73
2026/07/29 05:53:54.979, 301.43, 100, 74232, 73
2026/07/29 05:53:56.015, 295.49, 100, 74232, 73
2026/07/29 05:53:57.052, 295.39, 100, 74232, 73
2026/07/29 05:53:58.090, 302.15, 100, 74232, 73
2026/07/29 05:53:59.126, 295.88, 100, 74232, 73
2026/07/29 05:54:00.163, 300.32, 100, 74232, 73
2026/07/29 05:54:01.200, 294.92, 100, 74232, 73
2026/07/29 05:54:02.239, 297.22, 100, 74232, 73
2026/07/29 05:54:03.276, 100.43, 0, 74232, 70
2026/07/29 05:54:04.318, 301.67, 100, 74232, 75
2026/07/29 05:54:05.355, 290.87, 100, 74232, 75
2026/07/29 05:54:06.392, 314.03, 100, 74232, 75
2026/07/29 05:54:07.425, 307.11, 100, 74232, 75
2026/07/29 05:54:08.460, 282.97, 100, 74232, 74
2026/07/29 05:54:09.495, 322.52, 100, 74232, 75
2026/07/29 05:54:10.535, 304.46, 100, 74232, 73
2026/07/29 05:54:11.571, 303.12, 100, 74232, 73
2026/07/29 05:54:12.608, 299.29, 100, 74232, 73
2026/07/29 05:54:13.646, 303.51, 100, 74232, 73
2026/07/29 05:54:14.682, 302.93, 100, 74232, 73
2026/07/29 05:54:15.720, 302.39, 100, 74232, 73
2026/07/29 05:54:16.757, 303.55, 100, 74232, 73
2026/07/29 05:54:17.795, 304.16, 100, 74232, 73
2026/07/29 05:54:18.833, 303.32, 100, 74232, 74
2026/07/29 05:54:19.871, 102.40, 37, 74232, 71
2026/07/29 05:54:20.904, 303.92, 100, 74232, 75
2026/07/29 05:54:21.939, 292.47, 100, 74232, 75
2026/07/29 05:54:22.973, 291.92, 100, 74232, 75
2026/07/29 05:54:24.006, 305.80, 100, 74232, 75
2026/07/29 05:54:25.040, 272.27, 100, 74232, 75
2026/07/29 05:54:26.076, 276.70, 100, 74232, 75
2026/07/29 05:54:27.116, 308.41, 100, 74232, 75
2026/07/29 05:54:28.151, 282.00, 100, 74232, 73
2026/07/29 05:54:29.192, 288.21, 100, 74232, 73
2026/07/29 05:54:30.230, 288.21, 100, 74232, 73
2026/07/29 05:54:31.267, 288.41, 100, 74232, 73
2026/07/29 05:54:32.306, 285.12, 100, 74232, 73
2026/07/29 05:54:33.342, 292.50, 100, 74232, 73
2026/07/29 05:54:34.384, 296.84, 100, 74232, 73
2026/07/29 05:54:35.423, 290.07, 100, 74232, 74
2026/07/29 05:54:36.461, 285.58, 100, 74232, 74
2026/07/29 05:54:37.502, 288.99, 100, 74232, 74
2026/07/29 05:54:38.541, 100.65, 0, 74232, 70
2026/07/29 05:54:39.573, 279.33, 100, 74232, 75
2026/07/29 05:54:40.610, 294.22, 100, 74232, 75
2026/07/29 05:54:41.646, 299.27, 100, 74232, 75
2026/07/29 05:54:42.681, 310.91, 100, 74232, 75
2026/07/29 05:54:43.716, 279.52, 100, 74232, 75
2026/07/29 05:54:44.752, 295.97, 100, 74232, 75
2026/07/29 05:54:45.788, 320.89, 100, 74232, 75
2026/07/29 05:54:46.828, 282.73, 100, 74232, 73
2026/07/29 05:54:47.870, 284.82, 100, 74232, 73
2026/07/29 05:54:48.907, 291.11, 100, 74232, 73
2026/07/29 05:54:49.944, 111.90, 100, 74232, 71
2026/07/29 05:54:50.976, 302.38, 100, 74232, 74
2026/07/29 05:54:52.013, 300.64, 100, 74232, 74
2026/07/29 05:54:53.049, 305.21, 100, 74232, 74
2026/07/29 05:54:54.085, 304.00, 100, 74232, 74
2026/07/29 05:54:55.122, 304.49, 100, 74232, 74
2026/07/29 05:54:56.158, 302.65, 100, 74232, 74
2026/07/29 05:54:57.195, 302.56, 100, 74232, 74
2026/07/29 05:54:58.233, 303.26, 100, 74232, 74
2026/07/29 05:54:59.272, 303.40, 100, 74232, 74
2026/07/29 05:55:00.311, 302.99, 100, 74232, 74
2026/07/29 05:55:01.350, 293.55, 100, 74232, 74
2026/07/29 05:55:02.388, 294.03, 100, 74232, 74
2026/07/29 05:55:03.426, 300.83, 100, 74232, 73
2026/07/29 05:55:04.464, 302.73, 100, 74232, 74
2026/07/29 05:55:05.501, 300.42, 100, 74232, 73
2026/07/29 05:55:06.540, 302.17, 100, 74232, 73
2026/07/29 05:55:07.577, 302.94, 100, 74232, 73
2026/07/29 05:55:08.614, 305.11, 100, 74232, 73
2026/07/29 05:55:09.650, 304.66, 100, 74232, 73
2026/07/29 05:55:10.688, 301.18, 100, 74232, 73
2026/07/29 05:55:11.725, 301.38, 100, 74232, 73
2026/07/29 05:55:12.763, 297.33, 100, 74232, 73
2026/07/29 05:55:13.799, 296.58, 100, 74232, 73
2026/07/29 05:55:14.837, 296.15, 100, 74232, 73
2026/07/29 05:55:15.873, 292.00, 100, 74232, 73
2026/07/29 05:55:16.910, 294.12, 100, 74232, 73
2026/07/29 05:55:17.948, 289.88, 100, 74232, 73
2026/07/29 05:55:18.986, 294.53, 100, 74232, 73
2026/07/29 05:55:20.026, 305.17, 100, 74232, 73
2026/07/29 05:55:21.064, 298.71, 100, 74232, 73
2026/07/29 05:55:22.100, 294.44, 100, 74232, 73
2026/07/29 05:55:23.137, 290.46, 100, 74232, 73
2026/07/29 05:55:24.174, 289.67, 100, 74232, 73
2026/07/29 05:55:25.211, 294.23, 100, 74232, 73
2026/07/29 05:55:26.248, 301.22, 100, 74232, 73
2026/07/29 05:55:27.285, 301.69, 100, 74232, 73
2026/07/29 05:55:28.321, 304.00, 100, 74232, 73
2026/07/29 05:55:29.357, 301.03, 100, 74232, 73
2026/07/29 05:55:30.393, 301.51, 100, 74232, 73
2026/07/29 05:55:31.430, 301.76, 100, 74232, 73
2026/07/29 05:55:32.468, 303.23, 100, 74232, 73
2026/07/29 05:55:33.543, 300.94, 100, 74232, 73
2026/07/29 05:55:34.581, 300.30, 100, 74232, 73
2026/07/29 05:55:35.621, 300.93, 100, 74232, 72
2026/07/29 05:55:36.659, 300.69, 100, 74232, 72
2026/07/29 05:55:37.696, 301.22, 100, 74232, 72
2026/07/29 05:55:38.736, 300.55, 100, 74232, 72
2026/07/29 05:55:39.773, 302.25, 100, 74232, 72
2026/07/29 05:55:40.810, 300.84, 100, 74232, 72
2026/07/29 05:55:41.846, 293.76, 100, 74232, 72
2026/07/29 05:55:42.882, 296.65, 100, 74232, 72
2026/07/29 05:55:43.920, 293.45, 100, 74232, 72
2026/07/29 05:55:44.956, 297.92, 100, 74232, 72
2026/07/29 05:55:45.994, 299.28, 100, 74232, 72
2026/07/29 05:55:47.032, 298.60, 100, 74232, 72
2026/07/29 05:55:48.069, 301.13, 100, 74232, 72
2026/07/29 05:55:49.105, 300.90, 100, 74232, 72
2026/07/29 05:55:50.141, 305.16, 100, 74232, 72
2026/07/29 05:55:51.179, 302.38, 100, 74232, 72
2026/07/29 05:55:52.217, 300.06, 100, 74232, 72
2026/07/29 05:55:53.256, 301.22, 100, 74232, 72
2026/07/29 05:55:54.294, 299.66, 100, 74232, 72
2026/07/29 05:55:55.332, 300.22, 100, 74232, 72
2026/07/29 05:55:56.371, 301.32, 100, 74232, 72
2026/07/29 05:55:57.408, 300.42, 100, 74232, 72
2026/07/29 05:55:58.446, 302.49, 100, 74232, 72
2026/07/29 05:55:59.484, 300.03, 100, 74232, 72
2026/07/29 05:56:00.522, 301.68, 100, 74232, 72
2026/07/29 05:56:01.559, 302.58, 100, 74232, 72
2026/07/29 05:56:02.597, 301.23, 100, 74232, 72
2026/07/29 05:56:03.635, 301.05, 100, 74232, 72
2026/07/29 05:56:04.673, 290.42, 100, 74232, 72
2026/07/29 05:56:05.712, 290.83, 100, 74232, 72
2026/07/29 05:56:06.749, 292.98, 100, 74232, 72
2026/07/29 05:56:07.791, 294.04, 100, 74232, 72
2026/07/29 05:56:08.828, 300.48, 100, 74232, 72
2026/07/29 05:56:09.863, 301.62, 100, 74232, 72
2026/07/29 05:56:10.900, 296.00, 100, 74232, 72
2026/07/29 05:56:11.937, 301.80, 100, 74232, 72
2026/07/29 05:56:12.974, 298.00, 100, 74232, 72
2026/07/29 05:56:14.010, 297.54, 100, 74232, 72
2026/07/29 05:56:15.047, 296.37, 100, 74232, 72
2026/07/29 05:56:16.083, 297.14, 100, 74232, 72
2026/07/29 05:56:17.120, 300.64, 100, 74232, 72
2026/07/29 05:56:18.155, 300.74, 100, 74232, 72
2026/07/29 05:56:19.191, 302.90, 100, 74232, 72
2026/07/29 05:56:20.227, 301.42, 100, 74232, 72
2026/07/29 05:56:21.265, 301.49, 100, 74232, 72
2026/07/29 05:56:22.301, 302.18, 100, 74232, 72
2026/07/29 05:56:23.338, 300.25, 100, 74232, 72
2026/07/29 05:56:24.376, 299.86, 100, 74232, 72
2026/07/29 05:56:25.412, 301.86, 100, 74232, 72
2026/07/29 05:56:26.449, 300.35, 100, 74232, 72
2026/07/29 05:56:27.484, 301.92, 100, 74232, 72
2026/07/29 05:56:28.520, 300.81, 100, 74232, 72
2026/07/29 05:56:29.557, 300.15, 100, 74232, 72
2026/07/29 05:56:30.593, 299.87, 100, 74232, 72
2026/07/29 05:56:31.629, 301.56, 100, 74232, 72
2026/07/29 05:56:32.667, 299.65, 100, 74232, 72
2026/07/29 05:56:33.705, 301.28, 100, 74232, 72
2026/07/29 05:56:34.747, 300.37, 100, 74232, 72
2026/07/29 05:56:35.786, 302.88, 100, 74232, 72
2026/07/29 05:56:36.823, 299.99, 100, 74232, 72
2026/07/29 05:56:37.863, 293.85, 100, 74232, 72
2026/07/29 05:56:38.901, 282.45, 100, 74232, 74
2026/07/29 05:56:39.937, 291.74, 100, 74232, 74
2026/07/29 05:56:40.971, 280.76, 100, 74232, 74
2026/07/29 05:56:42.005, 313.14, 100, 74232, 74
2026/07/29 05:56:43.043, 310.21, 100, 74232, 74
2026/07/29 05:56:44.076, 304.88, 100, 74232, 74
2026/07/29 05:56:45.109, 301.23, 100, 74232, 72
2026/07/29 05:56:46.146, 300.80, 100, 74232, 72
2026/07/29 05:56:47.183, 301.42, 100, 74232, 72
2026/07/29 05:56:48.220, 300.65, 100, 74232, 72
2026/07/29 05:56:49.257, 297.41, 100, 74232, 72
2026/07/29 05:56:50.294, 294.32, 100, 74232, 72
2026/07/29 05:56:51.331, 289.96, 100, 74232, 72
2026/07/29 05:56:52.367, 293.92, 100, 74232, 72
2026/07/29 05:56:53.406, 294.05, 100, 74232, 72
2026/07/29 05:56:54.443, 293.26, 100, 74232, 72
2026/07/29 05:56:55.483, 100.42, 0, 74232, 70
2026/07/29 05:56:56.592, 96.42, 0, 74232, 69
2026/07/29 05:56:57.623, 95.46, 0, 74232, 68
2026/07/29 05:56:58.655, 95.00, 0, 74232, 67
2026/07/29 05:56:59.687, 94.79, 0, 74232, 67
2026/07/29 05:57:00.720, 94.56, 0, 74232, 66
2026/07/29 05:57:01.753, 93.75, 0, 74232, 66
2026/07/29 05:57:02.784, 92.87, 0, 74232, 65
2026/07/29 05:57:03.817, 92.60, 0, 74232, 65
2026/07/29 05:57:04.849, 91.83, 0, 74232, 64
2026/07/29 05:57:05.880, 90.61, 0, 74232, 64
2026/07/29 05:57:06.911, 91.48, 0, 74232, 64
2026/07/29 05:57:07.942, 90.44, 0, 74232, 63
2026/07/29 05:57:08.975, 89.58, 0, 74232, 63
2026/07/29 05:57:10.006, 89.84, 0, 74232, 63
2026/07/29 05:57:11.037, 88.72, 0, 74232, 62
2026/07/29 05:57:12.067, 89.31, 0, 74232, 62
2026/07/29 05:57:13.098, 87.94, 0, 74232, 62
2026/07/29 05:57:14.129, 88.03, 0, 74232, 61
2026/07/29 05:57:15.160, 87.44, 0, 74232, 61
2026/07/29 05:57:16.191, 87.03, 0, 74232, 61
2026/07/29 05:57:17.223, 86.47, 0, 74232, 60
2026/07/29 05:57:18.254, 86.42, 0, 74232, 60
2026/07/29 05:57:19.285, 86.03, 0, 74232, 60
2026/07/29 05:57:20.316, 85.60, 0, 74232, 60
2026/07/29 05:57:21.346, 84.68, 0, 74232, 59
2026/07/29 05:57:22.376, 84.61, 0, 74232, 59
2026/07/29 05:57:23.408, 83.47, 0, 74232, 59
2026/07/29 05:57:24.439, 83.81, 0, 74232, 58
2026/07/29 05:57:25.470, 83.94, 0, 74232, 58
2026/07/29 05:57:26.500, 83.59, 0, 74232, 58
2026/07/29 05:57:27.531, 83.07, 0, 74232, 58
2026/07/29 05:57:28.562, 82.99, 0, 74232, 57
2026/07/29 05:57:29.592, 82.64, 0, 74232, 57
2026/07/29 05:57:30.624, 82.94, 0, 74232, 57
2026/07/29 05:57:31.656, 82.44, 0, 74232, 57
2026/07/29 05:57:32.688, 82.08, 0, 74232, 56
2026/07/29 05:57:33.719, 81.93, 0, 74232, 56
2026/07/29 05:57:35.040, 81.93, 0, 74232, 56
2026/07/29 05:57:36.072, 81.65, 0, 74232, 56
2026/07/29 05:57:37.103, 81.04, 0, 74232, 55
2026/07/29 05:57:38.133, 80.52, 0, 74232, 55
2026/07/29 05:57:39.165, 81.74, 0, 74232, 55
2026/07/29 05:57:41.502, 80.05, 0, 74232, 55
2026/07/29 05:57:42.534, 79.37, 0, 74232, 54
2026/07/29 05:57:43.565, 79.16, 0, 74232, 54
2026/07/29 05:57:44.596, 79.06, 0, 74232, 54
2026/07/29 05:57:45.627, 77.90, 0, 74232, 54
2026/07/29 05:57:46.658, 78.25, 0, 74232, 53
2026/07/29 05:57:47.690, 77.86, 0, 74232, 53
2026/07/29 05:57:48.720, 77.57, 0, 74232, 53
2026/07/29 05:57:49.751, 77.07, 0, 74232, 53
2026/07/29 05:57:50.782, 77.05, 0, 74232, 53
2026/07/29 05:57:51.813, 77.17, 0, 74232, 52
2026/07/29 05:57:52.845, 77.07, 0, 74232, 52
2026/07/29 05:57:53.876, 76.69, 0, 74232, 52
2026/07/29 05:57:54.907, 76.27, 0, 74232, 52
2026/07/29 05:57:55.938, 76.79, 0, 74232, 52
2026/07/29 05:57:56.968, 76.23, 0, 74232, 51
2026/07/29 05:57:57.998, 76.21, 0, 74232, 51
2026/07/29 05:57:59.029, 75.91, 0, 74232, 51
2026/07/29 05:58:00.059, 75.60, 0, 74232, 51
2026/07/29 05:58:01.090, 75.46, 0, 74232, 51
2026/07/29 05:58:02.726, 75.66, 0, 74232, 50
2026/07/29 05:58:03.757, 75.20, 0, 74232, 50
2026/07/29 05:58:04.793, 280.94, 100, 74232, 56
2026/07/29 05:58:05.827, 301.06, 100, 74232, 57
2026/07/29 05:58:06.861, 303.30, 100, 74232, 57
2026/07/29 05:58:07.899, 277.18, 100, 74232, 57
2026/07/29 05:58:08.936, 305.18, 100, 74232, 56
2026/07/29 05:58:09.973, 306.91, 100, 74232, 56
2026/07/29 05:58:11.009, 307.17, 100, 74232, 57
2026/07/29 05:58:12.046, 302.44, 100, 74232, 57
2026/07/29 05:58:13.084, 305.82, 100, 74232, 59
2026/07/29 05:58:14.118, 293.11, 100, 74232, 59
2026/07/29 05:58:15.154, 310.08, 100, 74232, 60
2026/07/29 05:58:16.194, 319.22, 100, 74232, 60
2026/07/29 05:58:17.233, 304.23, 100, 74232, 59
2026/07/29 05:58:18.270, 303.65, 100, 74232, 59
2026/07/29 05:58:19.309, 306.45, 100, 74232, 59
2026/07/29 05:58:20.345, 305.76, 100, 74232, 59
2026/07/29 05:58:21.382, 303.02, 100, 74232, 61
2026/07/29 05:58:22.418, 304.25, 100, 74232, 62
2026/07/29 05:58:23.454, 312.79, 100, 74232, 62
2026/07/29 05:58:24.491, 297.85, 100, 74232, 62
2026/07/29 05:58:25.526, 248.23, 100, 74232, 61
2026/07/29 05:58:26.565, 290.04, 100, 74232, 61
2026/07/29 05:58:27.605, 296.26, 100, 74232, 61
2026/07/29 05:58:28.644, 302.34, 100, 74232, 63
2026/07/29 05:58:29.678, 299.41, 100, 74232, 64
2026/07/29 05:58:30.712, 282.41, 100, 74232, 64
2026/07/29 05:58:31.747, 292.28, 100, 74232, 64
2026/07/29 05:58:32.781, 256.24, 100, 74232, 62
2026/07/29 05:58:33.819, 299.64, 100, 74232, 63
2026/07/29 05:58:34.856, 299.47, 100, 74232, 63
2026/07/29 05:58:35.893, 299.64, 100, 74232, 63
2026/07/29 05:58:36.930, 298.38, 100, 74232, 63
2026/07/29 05:58:37.969, 299.78, 100, 74232, 63
2026/07/29 05:58:39.006, 300.65, 100, 74232, 64
2026/07/29 05:58:40.043, 299.94, 100, 74232, 64
2026/07/29 05:58:41.080, 300.75, 100, 74232, 64
2026/07/29 05:58:42.118, 301.77, 100, 74232, 64
2026/07/29 05:58:43.156, 301.47, 100, 74232, 65
2026/07/29 05:58:44.194, 297.30, 100, 74232, 65
2026/07/29 05:58:45.231, 304.70, 100, 74232, 67
2026/07/29 05:58:46.266, 291.98, 100, 74232, 67
2026/07/29 05:58:47.300, 290.87, 100, 74232, 67
2026/07/29 05:58:48.341, 306.02, 100, 74232, 67
2026/07/29 05:58:49.374, 275.48, 100, 74232, 65
2026/07/29 05:58:50.414, 279.94, 100, 74232, 66
2026/07/29 05:58:51.450, 301.03, 100, 74232, 66
2026/07/29 05:58:52.489, 299.19, 100, 74232, 66
2026/07/29 05:58:53.527, 301.02, 100, 74232, 66
2026/07/29 05:58:54.563, 296.05, 100, 74232, 68
2026/07/29 05:58:55.597, 311.11, 100, 74232, 68
2026/07/29 05:58:56.630, 287.42, 100, 74232, 69
2026/07/29 05:58:57.668, 306.88, 100, 74232, 69
2026/07/29 05:58:58.701, 306.73, 100, 74232, 69
2026/07/29 05:58:59.735, 300.64, 100, 74232, 67
2026/07/29 05:59:00.772, 301.81, 100, 74232, 67
2026/07/29 05:59:01.809, 302.17, 100, 74232, 67
2026/07/29 05:59:02.846, 301.88, 100, 74232, 68
2026/07/29 05:59:03.883, 301.86, 100, 74232, 68
2026/07/29 05:59:04.919, 301.96, 100, 74232, 68
2026/07/29 05:59:05.957, 299.17, 100, 74232, 68
2026/07/29 05:59:06.994, 295.78, 100, 74232, 68
2026/07/29 05:59:08.032, 292.57, 100, 74232, 68
2026/07/29 05:59:09.069, 296.35, 100, 74232, 68
2026/07/29 05:59:10.106, 296.45, 100, 74232, 68
2026/07/29 05:59:11.142, 295.87, 100, 74232, 68
2026/07/29 05:59:12.179, 296.47, 100, 74232, 69
2026/07/29 05:59:13.216, 296.84, 100, 74232, 69
2026/07/29 05:59:14.253, 297.15, 100, 74232, 69
2026/07/29 05:59:15.290, 297.61, 100, 74232, 69
2026/07/29 05:59:16.327, 296.86, 100, 74232, 69
2026/07/29 05:59:17.365, 297.13, 100, 74232, 69
2026/07/29 05:59:18.401, 303.95, 100, 74232, 69
2026/07/29 05:59:19.438, 303.25, 100, 74232, 69
2026/07/29 05:59:20.474, 299.95, 100, 74232, 69
2026/07/29 05:59:21.511, 299.26, 100, 74232, 69
2026/07/29 05:59:22.548, 301.12, 100, 74232, 69
2026/07/29 05:59:23.584, 302.08, 100, 74232, 69
2026/07/29 05:59:24.623, 305.78, 100, 74232, 69
2026/07/29 05:59:25.659, 300.54, 100, 74232, 69
2026/07/29 05:59:26.696, 303.02, 100, 74232, 69
2026/07/29 05:59:27.733, 301.99, 100, 74232, 70
2026/07/29 05:59:28.770, 304.09, 100, 74232, 70
2026/07/29 05:59:29.807, 303.16, 100, 74232, 70
2026/07/29 05:59:30.899, 301.92, 100, 74232, 70
2026/07/29 05:59:31.935, 303.43, 100, 74232, 70
2026/07/29 05:59:32.975, 296.65, 100, 74232, 70
2026/07/29 05:59:34.013, 295.97, 100, 74232, 70
2026/07/29 05:59:35.049, 303.36, 100, 74232, 70
2026/07/29 05:59:36.087, 288.79, 100, 74232, 71
2026/07/29 05:59:37.120, 298.39, 100, 74232, 72
2026/07/29 05:59:38.154, 298.66, 100, 74232, 72
2026/07/29 05:59:39.189, 305.63, 100, 74232, 72
2026/07/29 05:59:40.229, 264.39, 100, 74232, 70
2026/07/29 05:59:41.266, 284.10, 100, 74232, 70
2026/07/29 05:59:42.306, 289.95, 100, 74232, 70
2026/07/29 05:59:43.341, 285.61, 100, 74232, 70
2026/07/29 05:59:44.380, 292.88, 100, 74232, 72
2026/07/29 05:59:45.413, 291.78, 100, 74232, 72
2026/07/29 05:59:46.447, 312.24, 100, 74232, 72
2026/07/29 05:59:47.485, 290.93, 100, 74232, 72
2026/07/29 05:59:48.518, 309.18, 100, 74232, 72
2026/07/29 05:59:49.551, 304.87, 100, 74232, 71
2026/07/29 05:59:50.588, 306.62, 100, 74232, 71
2026/07/29 05:59:51.624, 307.92, 100, 74232, 71
2026/07/29 05:59:52.660, 305.37, 100, 74232, 71
2026/07/29 05:59:53.699, 306.04, 100, 74232, 71
2026/07/29 05:59:54.736, 302.49, 100, 74232, 71
2026/07/29 05:59:55.772, 302.97, 100, 74232, 71
2026/07/29 05:59:56.808, 306.53, 100, 74232, 71
2026/07/29 05:59:57.845, 306.62, 100, 74232, 71
2026/07/29 05:59:58.882, 299.67, 100, 74232, 71
2026/07/29 05:59:59.918, 298.61, 100, 74232, 71
2026/07/29 06:00:00.954, 300.07, 100, 74232, 71
2026/07/29 06:00:01.990, 305.38, 100, 74232, 71
2026/07/29 06:00:03.027, 301.08, 100, 74232, 71
2026/07/29 06:00:04.064, 306.95, 100, 74232, 71
2026/07/29 06:00:05.100, 299.43, 100, 74232, 71
2026/07/29 06:00:06.136, 299.28, 100, 74232, 71
2026/07/29 06:00:07.174, 301.50, 100, 74232, 71
2026/07/29 06:00:08.210, 299.56, 100, 74232, 71
2026/07/29 06:00:09.247, 295.68, 100, 74232, 71
2026/07/29 06:00:10.283, 297.13, 100, 74232, 71
2026/07/29 06:00:11.321, 300.10, 100, 74232, 71
2026/07/29 06:00:12.359, 299.58, 100, 74232, 71
2026/07/29 06:00:13.400, 299.54, 100, 74232, 71
2026/07/29 06:00:14.438, 296.93, 100, 74232, 71
2026/07/29 06:00:15.478, 298.88, 100, 74232, 71
2026/07/29 06:00:16.516, 299.74, 100, 74232, 71
2026/07/29 06:00:17.554, 298.20, 100, 74232, 71
2026/07/29 06:00:18.593, 291.90, 100, 74232, 71
2026/07/29 06:00:19.630, 296.15, 100, 74232, 73
2026/07/29 06:00:20.666, 298.58, 100, 74232, 73
2026/07/29 06:00:21.701, 284.29, 100, 74232, 73
2026/07/29 06:00:22.738, 316.07, 100, 74232, 73
2026/07/29 06:00:23.779, 292.17, 100, 74232, 73
2026/07/29 06:00:24.815, 261.89, 100, 74232, 71
2026/07/29 06:00:25.856, 281.11, 100, 74232, 71
2026/07/29 06:00:26.894, 291.80, 100, 74232, 71
2026/07/29 06:00:27.932, 293.95, 100, 74232, 71
2026/07/29 06:00:28.969, 297.72, 100, 74232, 71
2026/07/29 06:00:30.006, 295.20, 100, 74232, 71
2026/07/29 06:00:31.047, 300.23, 100, 74232, 71
2026/07/29 06:00:32.085, 297.82, 100, 74232, 71
2026/07/29 06:00:33.133, 292.39, 100, 74232, 70
2026/07/29 06:00:34.174, 289.76, 100, 74232, 72
2026/07/29 06:00:35.209, 302.80, 100, 74232, 73
2026/07/29 06:00:36.250, 289.50, 100, 74232, 73
2026/07/29 06:00:37.285, 277.44, 100, 74232, 73
2026/07/29 06:00:38.320, 286.27, 100, 74232, 73
2026/07/29 06:00:39.355, 296.46, 100, 74232, 73
2026/07/29 06:00:40.396, 299.94, 100, 74232, 71
2026/07/29 06:00:41.434, 293.83, 100, 74232, 71
2026/07/29 06:00:42.472, 288.79, 100, 74232, 71
2026/07/29 06:00:43.513, 300.60, 100, 74232, 71
2026/07/29 06:00:44.550, 298.80, 100, 74232, 71
2026/07/29 06:00:45.589, 296.86, 100, 74232, 71
2026/07/29 06:00:46.632, 301.10, 100, 74232, 71
2026/07/29 06:00:47.670, 292.29, 100, 74232, 71
2026/07/29 06:00:48.709, 300.62, 100, 74232, 71
2026/07/29 06:00:49.748, 95.48, 100, 74232, 69
2026/07/29 06:00:50.781, 300.15, 100, 74232, 73
2026/07/29 06:00:51.817, 282.91, 100, 74232, 73
2026/07/29 06:00:52.855, 299.09, 100, 74232, 73
2026/07/29 06:00:53.890, 305.32, 100, 74232, 73
2026/07/29 06:00:54.926, 295.16, 100, 74232, 73
2026/07/29 06:00:55.962, 303.61, 100, 74232, 73
2026/07/29 06:00:57.001, 299.55, 100, 74232, 71
2026/07/29 06:00:58.040, 301.51, 100, 74232, 71
2026/07/29 06:00:59.078, 300.62, 100, 74232, 71
2026/07/29 06:01:00.116, 300.83, 100, 74232, 71
2026/07/29 06:01:01.155, 293.16, 100, 74232, 71
2026/07/29 06:01:02.196, 293.66, 100, 74232, 72
2026/07/29 06:01:03.235, 295.38, 100, 74232, 72
2026/07/29 06:01:04.272, 292.76, 100, 74232, 72
2026/07/29 06:01:05.312, 294.09, 100, 74232, 72
2026/07/29 06:01:06.350, 98.01, 0, 74232, 69
2026/07/29 06:01:07.383, 295.77, 100, 74232, 73
2026/07/29 06:01:08.419, 269.15, 100, 74232, 73
2026/07/29 06:01:09.457, 288.42, 100, 74232, 73
2026/07/29 06:01:10.495, 285.21, 100, 74232, 73
2026/07/29 06:01:11.532, 316.53, 100, 74232, 73
2026/07/29 06:01:12.566, 278.76, 100, 74232, 73
2026/07/29 06:01:13.600, 299.58, 100, 74232, 72
2026/07/29 06:01:14.638, 300.13, 100, 74232, 72
2026/07/29 06:01:15.675, 300.75, 100, 74232, 72
2026/07/29 06:01:16.713, 299.93, 100, 74232, 72
2026/07/29 06:01:17.751, 300.14, 100, 74232, 72
2026/07/29 06:01:18.790, 294.98, 100, 74232, 72
2026/07/29 06:01:19.828, 292.69, 100, 74232, 72
2026/07/29 06:01:20.865, 289.19, 100, 74232, 72
2026/07/29 06:01:21.903, 295.19, 100, 74232, 72
2026/07/29 06:01:22.942, 293.64, 100, 74232, 72
2026/07/29 06:01:23.981, 289.96, 100, 74232, 72
2026/07/29 06:01:25.021, 299.69, 100, 74232, 72
2026/07/29 06:01:26.058, 299.55, 100, 74232, 72
2026/07/29 06:01:27.097, 292.88, 100, 74232, 72
2026/07/29 06:01:28.134, 307.20, 100, 74232, 74
2026/07/29 06:01:29.170, 308.74, 100, 74232, 74
2026/07/29 06:01:30.205, 300.62, 100, 74232, 74
2026/07/29 06:01:31.242, 279.44, 100, 74232, 73
2026/07/29 06:01:32.277, 280.92, 100, 74232, 73
2026/07/29 06:01:33.313, 302.02, 100, 74232, 73
2026/07/29 06:01:34.349, 300.80, 100, 74232, 72
2026/07/29 06:01:35.387, 298.12, 100, 74232, 72
2026/07/29 06:01:36.423, 297.33, 100, 74232, 72
2026/07/29 06:01:37.461, 300.65, 100, 74232, 72
2026/07/29 06:01:38.500, 301.31, 100, 74232, 72
2026/07/29 06:01:39.537, 300.30, 100, 74232, 72
2026/07/29 06:01:40.576, 301.80, 100, 74232, 72
2026/07/29 06:01:41.614, 302.02, 100, 74232, 72
2026/07/29 06:01:42.652, 301.03, 100, 74232, 72
2026/07/29 06:01:43.690, 98.32, 0, 74232, 69
2026/07/29 06:01:44.723, 300.91, 100, 74232, 73
2026/07/29 06:01:45.761, 288.99, 100, 74232, 73
2026/07/29 06:01:46.796, 299.85, 100, 74232, 73
2026/07/29 06:01:47.832, 279.26, 100, 74232, 73
2026/07/29 06:01:48.871, 283.55, 100, 74232, 73
2026/07/29 06:01:49.906, 298.00, 100, 74232, 73
2026/07/29 06:01:50.942, 299.67, 100, 74232, 72
2026/07/29 06:01:51.980, 300.15, 100, 74232, 72
2026/07/29 06:01:53.017, 300.03, 100, 74232, 72
2026/07/29 06:01:54.056, 300.27, 100, 74232, 72
2026/07/29 06:01:55.093, 299.25, 100, 74232, 73
2026/07/29 06:01:56.129, 310.67, 100, 74232, 74
2026/07/29 06:01:57.164, 303.73, 100, 74232, 74
2026/07/29 06:01:58.201, 312.18, 100, 74232, 74
2026/07/29 06:01:59.239, 314.70, 100, 74232, 74
2026/07/29 06:02:00.274, 298.05, 100, 74232, 74
2026/07/29 06:02:01.310, 300.92, 100, 74232, 72
2026/07/29 06:02:02.348, 301.52, 100, 74232, 72
2026/07/29 06:02:03.384, 301.70, 100, 74232, 72
2026/07/29 06:02:04.423, 302.47, 100, 74232, 72
2026/07/29 06:02:05.461, 97.33, 100, 74232, 70
2026/07/29 06:02:06.498, 286.68, 100, 74232, 73
2026/07/29 06:02:07.534, 285.03, 100, 74232, 74
2026/07/29 06:02:08.575, 303.07, 100, 74232, 74
2026/07/29 06:02:09.610, 312.97, 100, 74232, 74
2026/07/29 06:02:10.651, 270.87, 100, 74232, 74
2026/07/29 06:02:11.687, 298.21, 100, 74232, 74
2026/07/29 06:02:12.723, 307.55, 100, 74232, 73
2026/07/29 06:02:13.762, 286.86, 100, 74232, 72
2026/07/29 06:02:14.800, 294.62, 100, 74232, 72
2026/07/29 06:02:15.840, 293.95, 100, 74232, 72
2026/07/29 06:02:16.878, 98.69, 0, 74232, 69
2026/07/29 06:02:17.911, 299.56, 100, 74232, 74
2026/07/29 06:02:18.946, 310.07, 100, 74232, 74
2026/07/29 06:02:19.985, 311.88, 100, 74232, 74
2026/07/29 06:02:21.022, 302.09, 100, 74232, 74
2026/07/29 06:02:22.059, 303.94, 100, 74232, 74
2026/07/29 06:02:23.094, 299.15, 100, 74232, 74
2026/07/29 06:02:24.129, 301.61, 100, 74232, 72
2026/07/29 06:02:25.167, 298.28, 100, 74232, 72
2026/07/29 06:02:26.205, 301.90, 100, 74232, 73
2026/07/29 06:02:27.246, 302.30, 100, 74232, 73
2026/07/29 06:02:28.284, 301.31, 100, 74232, 73
2026/07/29 06:02:29.321, 302.59, 100, 74232, 73
2026/07/29 06:02:30.361, 301.40, 100, 74232, 73
2026/07/29 06:02:31.399, 302.29, 100, 74232, 73
2026/07/29 06:02:32.436, 303.62, 100, 74232, 73
2026/07/29 06:02:33.473, 302.54, 100, 74232, 73
2026/07/29 06:02:34.511, 302.97, 100, 74232, 73
2026/07/29 06:02:35.550, 299.58, 100, 74232, 73
2026/07/29 06:02:36.587, 298.80, 100, 74232, 73
2026/07/29 06:02:37.626, 301.80, 100, 74232, 73
2026/07/29 06:02:38.666, 97.60, 95, 74232, 70
2026/07/29 06:02:39.698, 97.83, 0, 74232, 69
2026/07/29 06:02:40.731, 96.04, 0, 74232, 68
2026/07/29 06:02:41.762, 99.09, 0, 74232, 68
2026/07/29 06:02:42.848, 95.39, 0, 74232, 67
2026/07/29 06:02:43.880, 94.56, 0, 74232, 66
2026/07/29 06:02:44.912, 93.00, 0, 74232, 66
2026/07/29 06:02:45.947, 93.57, 0, 74232, 65
2026/07/29 06:02:46.981, 91.92, 0, 74232, 65
2026/07/29 06:02:48.011, 91.40, 0, 74232, 64
2026/07/29 06:02:49.043, 90.71, 0, 74232, 64
2026/07/29 06:02:50.075, 90.95, 0, 74232, 64
2026/07/29 06:02:51.107, 91.36, 0, 74232, 63
2026/07/29 06:02:52.138, 89.40, 0, 74232, 63
2026/07/29 06:02:53.169, 89.20, 0, 74232, 62
2026/07/29 06:02:54.201, 88.77, 0, 74232, 62
2026/07/29 06:02:55.232, 88.99, 0, 74232, 62
2026/07/29 06:02:56.264, 87.36, 0, 74232, 62
2026/07/29 06:02:57.296, 88.57, 0, 74232, 61
2026/07/29 06:02:58.327, 88.51, 0, 74232, 61
2026/07/29 06:02:59.358, 88.30, 0, 74232, 61
2026/07/29 06:03:00.391, 87.39, 0, 74232, 60
2026/07/29 06:03:01.422, 87.18, 0, 74232, 60
2026/07/29 06:03:02.453, 86.90, 0, 74232, 60
2026/07/29 06:03:03.487, 86.03, 0, 74232, 59
2026/07/29 06:03:04.517, 85.59, 0, 74232, 59
2026/07/29 06:03:05.549, 84.90, 0, 74232, 59
2026/07/29 06:03:06.583, 84.36, 0, 74232, 59
2026/07/29 06:03:07.613, 83.56, 0, 74232, 58
2026/07/29 06:03:08.644, 83.78, 0, 74232, 58
2026/07/29 06:03:09.678, 83.74, 0, 74232, 58
2026/07/29 06:03:10.708, 82.80, 0, 74232, 58
2026/07/29 06:03:11.737, 82.91, 0, 74232, 57
2026/07/29 06:03:12.769, 82.72, 0, 74232, 57
2026/07/29 06:03:13.800, 82.33, 0, 74232, 57
2026/07/29 06:03:14.831, 82.29, 0, 74232, 57
2026/07/29 06:03:15.863, 82.02, 0, 74232, 56
2026/07/29 06:03:16.894, 81.58, 0, 74232, 56
2026/07/29 06:03:18.147, 81.43, 0, 74232, 56
2026/07/29 06:03:19.178, 81.27, 0, 74232, 55
2026/07/29 06:03:20.286, 80.96, 0, 74232, 55
2026/07/29 06:03:21.316, 80.08, 0, 74232, 55
2026/07/29 06:03:22.400, 80.19, 0, 74232, 55
2026/07/29 06:03:23.432, 79.90, 0, 74232, 55
2026/07/29 06:03:24.464, 78.89, 0, 74232, 54
2026/07/29 06:03:25.498, 78.38, 0, 74232, 54
2026/07/29 06:03:26.528, 77.57, 0, 74232, 54
2026/07/29 06:03:27.559, 78.46, 0, 74232, 54
2026/07/29 06:03:28.591, 78.59, 0, 74232, 53
2026/07/29 06:03:29.621, 77.93, 0, 74232, 53
2026/07/29 06:03:30.796, 77.68, 0, 74232, 53
2026/07/29 06:03:31.827, 77.44, 0, 74232, 53
2026/07/29 06:03:32.857, 77.29, 0, 74232, 53
2026/07/29 06:03:33.887, 76.99, 0, 74232, 52
2026/07/29 06:03:34.919, 77.29, 0, 74232, 52
2026/07/29 06:03:35.951, 76.85, 0, 74232, 52
2026/07/29 06:03:36.982, 76.72, 0, 74232, 52
2026/07/29 06:03:38.015, 76.22, 0, 74232, 51
2026/07/29 06:03:39.046, 76.65, 0, 74232, 51
2026/07/29 06:03:40.078, 76.22, 0, 74232, 51
2026/07/29 06:03:41.110, 75.98, 0, 74232, 51
2026/07/29 06:03:42.142, 75.82, 0, 74232, 51
2026/07/29 06:03:43.174, 75.59, 0, 74232, 50
2026/07/29 06:03:44.205, 75.78, 0, 74232, 50
2026/07/29 06:03:45.237, 75.90, 0, 74232, 50
2026/07/29 06:03:46.270, 75.02, 0, 74232, 50
2026/07/29 06:03:47.300, 75.15, 0, 74232, 50
2026/07/29 06:03:48.331, 74.78, 0, 74232, 50
2026/07/29 06:03:49.364, 74.95, 0, 74232, 49
2026/07/29 06:03:50.396, 75.31, 0, 74232, 49
2026/07/29 06:03:51.546, 300.69, 100, 74232, 55
2026/07/29 06:03:52.582, 302.49, 100, 74232, 55
2026/07/29 06:03:53.620, 289.94, 100, 74232, 56
2026/07/29 06:03:54.654, 276.14, 100, 74232, 56
2026/07/29 06:03:55.687, 291.89, 100, 74232, 56
2026/07/29 06:03:56.722, 305.88, 100, 74232, 55
2026/07/29 06:03:57.760, 303.25, 100, 74232, 55
2026/07/29 06:03:58.797, 294.03, 100, 74232, 56
2026/07/29 06:03:59.835, 290.82, 100, 74232, 56
2026/07/29 06:04:00.871, 293.92, 100, 74232, 56
2026/07/29 06:04:01.910, 290.04, 100, 74232, 57
2026/07/29 06:04:02.948, 294.61, 100, 74232, 57
2026/07/29 06:04:03.986, 301.63, 100, 74232, 59
2026/07/29 06:04:05.021, 287.22, 100, 74232, 59
2026/07/29 06:04:06.060, 300.25, 100, 74232, 60
2026/07/29 06:04:07.094, 317.86, 100, 74232, 60
2026/07/29 06:04:08.129, 304.68, 100, 74232, 59
2026/07/29 06:04:09.168, 304.09, 100, 74232, 59
2026/07/29 06:04:10.205, 305.24, 100, 74232, 59
2026/07/29 06:04:11.242, 306.17, 100, 74232, 60
2026/07/29 06:04:12.280, 313.00, 100, 74232, 62
2026/07/29 06:04:13.320, 303.80, 100, 74232, 62
2026/07/29 06:04:14.356, 285.38, 100, 74232, 62
2026/07/29 06:04:15.391, 319.08, 100, 74232, 62
2026/07/29 06:04:16.426, 287.60, 100, 74232, 62
2026/07/29 06:04:17.461, 308.63, 100, 74232, 61
2026/07/29 06:04:18.503, 308.78, 100, 74232, 61
2026/07/29 06:04:19.540, 299.83, 100, 74232, 61
2026/07/29 06:04:20.578, 296.95, 100, 74232, 63
2026/07/29 06:04:21.614, 300.91, 100, 74232, 64
2026/07/29 06:04:22.649, 290.07, 100, 74232, 64
2026/07/29 06:04:23.683, 291.93, 100, 74232, 64
2026/07/29 06:04:24.719, 281.87, 100, 74232, 64
2026/07/29 06:04:25.758, 299.08, 100, 74232, 63
2026/07/29 06:04:26.795, 299.24, 100, 74232, 63
2026/07/29 06:04:27.832, 297.94, 100, 74232, 63
2026/07/29 06:04:28.870, 297.24, 100, 74232, 63
2026/07/29 06:04:29.907, 296.66, 100, 74232, 63
2026/07/29 06:04:30.943, 299.74, 100, 74232, 64
2026/07/29 06:04:31.982, 299.37, 100, 74232, 64
2026/07/29 06:04:33.019, 299.85, 100, 74232, 64
2026/07/29 06:04:34.057, 298.96, 100, 74232, 64
2026/07/29 06:04:35.094, 300.41, 100, 74232, 65
2026/07/29 06:04:36.131, 303.67, 100, 74232, 65
2026/07/29 06:04:37.169, 304.71, 100, 74232, 65
2026/07/29 06:04:38.208, 298.37, 100, 74232, 65
2026/07/29 06:04:39.246, 296.94, 100, 74232, 65
2026/07/29 06:04:40.284, 296.54, 100, 74232, 65
2026/07/29 06:04:41.322, 297.11, 100, 74232, 66
2026/07/29 06:04:42.360, 299.55, 100, 74232, 66
2026/07/29 06:04:43.397, 296.75, 100, 74232, 68
2026/07/29 06:04:44.433, 298.95, 100, 74232, 68
2026/07/29 06:04:45.467, 297.37, 100, 74232, 68
2026/07/29 06:04:46.503, 285.88, 100, 74232, 68
2026/07/29 06:04:47.537, 306.16, 100, 74232, 68
2026/07/29 06:04:48.578, 298.79, 100, 74232, 67
2026/07/29 06:04:49.615, 299.55, 100, 74232, 67
2026/07/29 06:04:50.652, 301.51, 100, 74232, 67
2026/07/29 06:04:51.689, 303.05, 100, 74232, 67
2026/07/29 06:04:52.726, 289.55, 100, 74232, 67
2026/07/29 06:04:53.764, 290.72, 100, 74232, 67
2026/07/29 06:04:54.801, 292.75, 100, 74232, 67
2026/07/29 06:04:55.844, 301.80, 100, 74232, 68
2026/07/29 06:04:56.880, 300.82, 100, 74232, 68
2026/07/29 06:04:57.918, 301.04, 100, 74232, 68
2026/07/29 06:04:58.955, 93.10, 0, 74232, 65
2026/07/29 06:04:59.991, 316.30, 100, 74232, 70
2026/07/29 06:05:01.026, 302.31, 100, 74232, 70
2026/07/29 06:05:02.062, 312.09, 100, 74232, 70
2026/07/29 06:05:03.099, 284.78, 100, 74232, 70
2026/07/29 06:05:04.134, 307.23, 100, 74232, 70
2026/07/29 06:05:05.168, 301.71, 100, 74232, 68
2026/07/29 06:05:06.207, 302.54, 100, 74232, 69
2026/07/29 06:05:07.244, 304.39, 100, 74232, 69
2026/07/29 06:05:08.281, 295.29, 100, 74232, 69
2026/07/29 06:05:09.319, 297.04, 100, 74232, 69
2026/07/29 06:05:10.356, 92.68, 100, 74232, 66
2026/07/29 06:05:11.388, 306.52, 100, 74232, 70
2026/07/29 06:05:12.425, 301.20, 100, 74232, 71
2026/07/29 06:05:13.460, 290.60, 100, 74232, 71
2026/07/29 06:05:14.495, 297.02, 100, 74232, 71
2026/07/29 06:05:15.530, 306.53, 100, 74232, 71
2026/07/29 06:05:16.568, 302.24, 100, 74232, 69
2026/07/29 06:05:17.606, 299.66, 100, 74232, 69
2026/07/29 06:05:18.645, 305.00, 100, 74232, 69
2026/07/29 06:05:19.684, 304.39, 100, 74232, 69
2026/07/29 06:05:20.722, 312.69, 100, 74232, 71
2026/07/29 06:05:21.759, 304.51, 100, 74232, 71
2026/07/29 06:05:22.794, 296.92, 100, 74232, 71
2026/07/29 06:05:23.830, 291.82, 100, 74232, 71
2026/07/29 06:05:24.865, 296.27, 100, 74232, 71
2026/07/29 06:05:25.907, 289.86, 100, 74232, 71
2026/07/29 06:05:26.944, 284.34, 100, 74232, 69
2026/07/29 06:05:27.983, 289.67, 100, 74232, 70
2026/07/29 06:05:29.021, 290.14, 100, 74232, 70
2026/07/29 06:05:30.058, 290.65, 100, 74232, 70
2026/07/29 06:05:31.096, 295.39, 100, 74232, 70
2026/07/29 06:05:32.133, 297.24, 100, 74232, 70
2026/07/29 06:05:33.172, 296.94, 100, 74232, 70
2026/07/29 06:05:34.210, 297.81, 100, 74232, 70
2026/07/29 06:05:35.248, 302.94, 100, 74232, 70
2026/07/29 06:05:36.285, 298.40, 100, 74232, 70
2026/07/29 06:05:37.323, 294.72, 100, 74232, 70
2026/07/29 06:05:38.361, 304.78, 100, 74232, 70
2026/07/29 06:05:39.398, 301.13, 100, 74232, 70
2026/07/29 06:05:40.437, 302.38, 100, 74232, 71
2026/07/29 06:05:41.475, 298.88, 100, 74232, 71
2026/07/29 06:05:42.514, 302.38, 100, 74232, 71
2026/07/29 06:05:43.552, 302.85, 15, 74232, 71
2026/07/29 06:05:44.587, 287.88, 100, 74232, 72
2026/07/29 06:05:45.623, 292.20, 100, 74232, 72
2026/07/29 06:05:46.662, 303.51, 100, 74232, 72
2026/07/29 06:05:47.701, 275.82, 100, 74232, 72
2026/07/29 06:05:48.736, 298.60, 100, 74232, 72
2026/07/29 06:05:49.778, 305.01, 100, 74232, 71
2026/07/29 06:05:50.815, 305.63, 100, 74232, 71
2026/07/29 06:05:51.852, 306.46, 100, 74232, 71
2026/07/29 06:05:52.890, 307.69, 100, 74232, 71
2026/07/29 06:05:53.928, 305.39, 100, 74232, 71
2026/07/29 06:05:54.966, 298.88, 100, 74232, 71
2026/07/29 06:05:56.004, 306.67, 100, 74232, 71
2026/07/29 06:05:57.049, 304.71, 100, 74232, 71
2026/07/29 06:05:58.087, 96.76, 0, 74232, 68
2026/07/29 06:05:59.121, 298.98, 100, 74232, 73
2026/07/29 06:06:00.156, 307.63, 100, 74232, 72
2026/07/29 06:06:01.203, 294.42, 100, 74232, 73
2026/07/29 06:06:02.237, 287.35, 100, 74232, 73
2026/07/29 06:06:03.273, 284.63, 100, 74232, 73
2026/07/29 06:06:04.307, 298.31, 100, 74232, 71
2026/07/29 06:06:05.344, 291.47, 100, 74232, 71
2026/07/29 06:06:06.384, 296.41, 100, 74232, 71
2026/07/29 06:06:07.421, 291.90, 100, 74232, 71
2026/07/29 06:06:08.462, 111.56, 62, 74232, 69
2026/07/29 06:06:09.495, 306.41, 100, 74232, 72
2026/07/29 06:06:10.530, 298.68, 100, 74232, 73
2026/07/29 06:06:11.565, 306.80, 100, 74232, 73
2026/07/29 06:06:12.598, 294.90, 100, 74232, 73
2026/07/29 06:06:13.634, 301.89, 100, 74232, 73
2026/07/29 06:06:14.667, 300.04, 100, 74232, 73
2026/07/29 06:06:15.701, 306.63, 100, 74232, 72
2026/07/29 06:06:16.738, 301.59, 100, 74232, 71
2026/07/29 06:06:17.774, 296.17, 100, 74232, 71
2026/07/29 06:06:18.811, 301.02, 100, 74232, 72
2026/07/29 06:06:19.847, 300.80, 100, 74232, 72
2026/07/29 06:06:20.884, 299.74, 100, 74232, 72
2026/07/29 06:06:21.921, 300.23, 100, 74232, 72
2026/07/29 06:06:22.958, 289.67, 100, 74232, 72
2026/07/29 06:06:23.994, 293.06, 100, 74232, 72
2026/07/29 06:06:25.034, 294.52, 100, 74232, 72
2026/07/29 06:06:26.071, 296.09, 100, 74232, 72
2026/07/29 06:06:27.107, 293.25, 100, 74232, 72
2026/07/29 06:06:28.143, 299.94, 100, 74232, 72
2026/07/29 06:06:29.179, 97.27, 46, 74232, 69
2026/07/29 06:06:30.212, 96.89, 0, 74232, 68
2026/07/29 06:06:31.245, 94.87, 0, 74232, 67
2026/07/29 06:06:32.277, 95.51, 0, 74232, 67
2026/07/29 06:06:33.309, 94.58, 0, 74232, 66
2026/07/29 06:06:34.341, 93.20, 0, 74232, 66
2026/07/29 06:06:35.372, 92.39, 0, 74232, 65
2026/07/29 06:06:36.403, 92.53, 0, 74232, 65
2026/07/29 06:06:37.435, 91.40, 0, 74232, 64
2026/07/29 06:06:38.468, 91.82, 0, 74232, 64
2026/07/29 06:06:39.499, 90.25, 0, 74232, 63
2026/07/29 06:06:40.531, 90.96, 0, 74232, 63
2026/07/29 06:06:41.563, 89.12, 0, 74232, 63
2026/07/29 06:06:42.596, 89.98, 0, 74232, 62
2026/07/29 06:06:43.627, 88.67, 0, 74232, 62
2026/07/29 06:06:44.659, 88.57, 0, 74232, 61
2026/07/29 06:06:45.690, 88.40, 0, 74232, 61
2026/07/29 06:06:46.722, 86.79, 0, 74232, 61
2026/07/29 06:06:47.752, 86.61, 0, 74232, 60
2026/07/29 06:06:48.783, 87.58, 0, 74232, 60
2026/07/29 06:06:49.810, 85.93, 0, 74232, 60
2026/07/29 06:06:50.838, 85.52, 0, 74232, 60
2026/07/29 06:06:51.868, 85.45, 0, 74232, 59
2026/07/29 06:06:52.896, 84.48, 0, 74232, 59
2026/07/29 06:06:53.926, 84.10, 0, 74232, 59
2026/07/29 06:06:54.954, 83.57, 0, 74232, 58
2026/07/29 06:06:55.983, 83.81, 0, 74232, 58
2026/07/29 06:06:57.016, 83.31, 0, 74232, 58
2026/07/29 06:06:58.047, 300.32, 35, 74232, 62
2026/07/29 06:06:59.081, 306.58, 100, 74232, 63
2026/07/29 06:07:00.118, 303.69, 100, 74232, 64
2026/07/29 06:07:01.152, 300.79, 100, 74232, 64
2026/07/29 06:07:02.185, 297.73, 100, 74232, 64
2026/07/29 06:07:03.221, 298.97, 100, 74232, 63
2026/07/29 06:07:04.258, 298.21, 100, 74232, 63
2026/07/29 06:07:05.298, 299.00, 100, 74232, 63
2026/07/29 06:07:06.336, 297.01, 100, 74232, 63
2026/07/29 06:07:07.374, 299.14, 100, 74232, 65
2026/07/29 06:07:08.409, 287.71, 100, 74232, 65
2026/07/29 06:07:09.456, 294.22, 100, 74232, 66
2026/07/29 06:07:10.489, 314.05, 100, 74232, 66
2026/07/29 06:07:11.523, 304.17, 100, 74232, 66
2026/07/29 06:07:12.557, 305.60, 100, 74232, 65
2026/07/29 06:07:13.595, 296.46, 100, 74232, 65
2026/07/29 06:07:14.632, 298.88, 100, 74232, 65
2026/07/29 06:07:15.669, 298.20, 100, 74232, 65
2026/07/29 06:07:16.705, 300.16, 100, 74232, 65
2026/07/29 06:07:17.741, 299.64, 100, 74232, 66
2026/07/29 06:07:18.777, 297.60, 100, 74232, 66
2026/07/29 06:07:19.814, 299.05, 100, 74232, 66
2026/07/29 06:07:20.850, 300.60, 100, 74232, 66
2026/07/29 06:07:21.889, 300.64, 100, 74232, 66
2026/07/29 06:07:22.925, 302.07, 100, 74232, 66
2026/07/29 06:07:23.962, 293.93, 100, 74232, 68
2026/07/29 06:07:24.998, 304.06, 100, 74232, 69
2026/07/29 06:07:26.034, 304.86, 100, 74232, 69
2026/07/29 06:07:27.068, 323.75, 100, 74232, 69
2026/07/29 06:07:28.101, 302.93, 100, 74232, 69
2026/07/29 06:07:29.134, 264.56, 100, 74232, 69
2026/07/29 06:07:30.170, 302.76, 100, 74232, 68
2026/07/29 06:07:31.206, 303.13, 100, 74232, 68
2026/07/29 06:07:32.243, 301.88, 100, 74232, 68
2026/07/29 06:07:33.279, 301.10, 100, 74232, 68
2026/07/29 06:07:34.316, 301.10, 100, 74232, 68
2026/07/29 06:07:35.352, 296.26, 100, 74232, 68
2026/07/29 06:07:36.389, 92.52, 0, 74232, 65
2026/07/29 06:07:37.421, 293.07, 100, 74232, 70
2026/07/29 06:07:38.460, 283.54, 100, 74232, 70
2026/07/29 06:07:39.496, 280.23, 100, 74232, 70
2026/07/29 06:07:40.534, 278.38, 100, 74232, 70
2026/07/29 06:07:41.569, 288.63, 100, 74232, 70
2026/07/29 06:07:42.612, 295.55, 100, 74232, 70
2026/07/29 06:07:43.646, 288.00, 100, 74232, 69
2026/07/29 06:07:44.684, 287.83, 100, 74232, 69
2026/07/29 06:07:45.720, 286.06, 100, 74232, 69
2026/07/29 06:07:46.759, 291.63, 100, 74232, 69
2026/07/29 06:07:47.797, 285.78, 100, 74232, 69
2026/07/29 06:07:48.835, 289.75, 100, 74232, 69
2026/07/29 06:07:49.874, 293.73, 100, 74232, 69
2026/07/29 06:07:50.911, 288.79, 100, 74232, 69
2026/07/29 06:07:51.954, 295.99, 100, 74232, 70
2026/07/29 06:07:52.991, 92.57, 80, 74232, 67
2026/07/29 06:07:54.024, 93.99, 0, 74232, 66
2026/07/29 06:07:55.056, 92.31, 0, 74232, 65
2026/07/29 06:07:56.090, 91.63, 0, 74232, 65
2026/07/29 06:07:57.122, 91.99, 0, 74232, 64
2026/07/29 06:07:58.155, 90.20, 0, 74232, 64
2026/07/29 06:07:59.187, 90.74, 0, 74232, 63
2026/07/29 06:08:00.218, 90.40, 0, 74232, 63
2026/07/29 06:08:01.250, 89.85, 0, 74232, 63
2026/07/29 06:08:02.282, 89.09, 0, 74232, 62
2026/07/29 06:08:03.313, 89.07, 0, 74232, 62
2026/07/29 06:08:04.346, 87.87, 0, 74232, 61
2026/07/29 06:08:05.377, 88.12, 0, 74232, 61
2026/07/29 06:08:06.408, 87.87, 0, 74232, 61
2026/07/29 06:08:07.440, 87.23, 0, 74232, 60
2026/07/29 06:08:08.471, 86.02, 0, 74232, 60
2026/07/29 06:08:09.503, 86.08, 0, 74232, 60
2026/07/29 06:08:10.534, 84.92, 0, 74232, 59
2026/07/29 06:08:11.566, 84.40, 0, 74232, 59
2026/07/29 06:08:12.598, 83.87, 0, 74232, 59
2026/07/29 06:08:13.630, 83.71, 0, 74232, 58
2026/07/29 06:08:14.662, 84.15, 0, 74232, 58
2026/07/29 06:08:15.692, 84.24, 0, 74232, 58
2026/07/29 06:08:16.722, 83.44, 0, 74232, 58
2026/07/29 06:08:17.752, 83.03, 0, 74232, 57
2026/07/29 06:08:18.781, 83.21, 0, 74232, 57
2026/07/29 06:08:19.811, 82.56, 0, 74232, 57
2026/07/29 06:08:20.841, 81.70, 0, 74232, 56
2026/07/29 06:08:21.871, 81.91, 0, 74232, 56
2026/07/29 06:08:22.901, 81.38, 0, 74232, 56
2026/07/29 06:08:23.932, 81.49, 0, 74232, 56
2026/07/29 06:08:24.965, 303.82, 100, 74232, 61
2026/07/29 06:08:26.001, 303.37, 100, 74232, 61
2026/07/29 06:08:27.034, 293.24, 100, 74232, 62
2026/07/29 06:08:28.068, 316.03, 100, 74232, 62
2026/07/29 06:08:29.102, 263.07, 100, 74232, 60
2026/07/29 06:08:30.143, 288.98, 100, 74232, 61
2026/07/29 06:08:31.179, 297.81, 100, 74232, 61
2026/07/29 06:08:32.215, 298.01, 100, 74232, 61
2026/07/29 06:08:33.253, 295.29, 100, 74232, 62
2026/07/29 06:08:34.291, 298.25, 100, 74232, 64
2026/07/29 06:08:35.324, 321.93, 100, 74232, 64
2026/07/29 06:08:36.360, 295.60, 100, 74232, 64
2026/07/29 06:08:37.394, 308.83, 100, 74232, 64
2026/07/29 06:08:38.427, 299.11, 100, 74232, 63
2026/07/29 06:08:39.464, 300.11, 100, 74232, 63
2026/07/29 06:08:40.500, 299.79, 100, 74232, 63
2026/07/29 06:08:41.536, 293.63, 100, 74232, 63
2026/07/29 06:08:42.572, 292.30, 100, 74232, 65
2026/07/29 06:08:43.609, 307.02, 100, 74232, 66
2026/07/29 06:08:44.645, 298.02, 100, 74232, 66
2026/07/29 06:08:45.680, 293.17, 100, 74232, 66
2026/07/29 06:08:46.721, 313.46, 100, 74232, 66
2026/07/29 06:08:47.754, 287.01, 100, 74232, 64
2026/07/29 06:08:48.789, 291.03, 100, 74232, 65
2026/07/29 06:08:49.824, 291.30, 100, 74232, 65
2026/07/29 06:08:50.859, 283.43, 100, 74232, 67
2026/07/29 06:08:51.902, 296.92, 100, 74232, 67
2026/07/29 06:08:52.936, 293.82, 100, 74232, 67
2026/07/29 06:08:53.976, 305.95, 100, 74232, 67
2026/07/29 06:08:55.010, 284.80, 100, 74232, 66
2026/07/29 06:08:56.048, 294.78, 100, 74232, 66
2026/07/29 06:08:57.084, 293.16, 100, 74232, 66
2026/07/29 06:08:58.122, 293.36, 100, 74232, 66
2026/07/29 06:08:59.160, 295.58, 100, 74232, 67
2026/07/29 06:09:00.197, 300.92, 100, 74232, 67
2026/07/29 06:09:01.233, 301.88, 100, 74232, 67
2026/07/29 06:09:02.273, 302.28, 100, 74232, 67
2026/07/29 06:09:03.311, 302.57, 100, 74232, 67
2026/07/29 06:09:04.349, 318.15, 100, 74232, 69
2026/07/29 06:09:05.386, 298.70, 100, 74232, 69
2026/07/29 06:09:06.421, 300.84, 100, 74232, 69
2026/07/29 06:09:07.457, 302.97, 100, 74232, 70
2026/07/29 06:09:08.493, 316.86, 100, 74232, 70
2026/07/29 06:09:09.532, 303.70, 100, 74232, 68
2026/07/29 06:09:10.569, 301.92, 100, 74232, 68
2026/07/29 06:09:11.606, 304.24, 100, 74232, 68
2026/07/29 06:09:12.643, 304.48, 100, 74232, 68
2026/07/29 06:09:13.679, 303.51, 100, 74232, 68
2026/07/29 06:09:14.719, 303.66, 100, 74232, 69
2026/07/29 06:09:15.757, 304.93, 100, 74232, 71
2026/07/29 06:09:16.792, 291.28, 100, 74232, 70
2026/07/29 06:09:17.828, 303.93, 100, 74232, 71
2026/07/29 06:09:18.863, 298.96, 100, 74232, 71
2026/07/29 06:09:19.906, 303.84, 100, 74232, 69
2026/07/29 06:09:20.945, 303.61, 100, 74232, 69
2026/07/29 06:09:21.982, 305.98, 100, 74232, 69
2026/07/29 06:09:23.019, 303.84, 100, 74232, 69
2026/07/29 06:09:24.055, 305.35, 100, 74232, 69
2026/07/29 06:09:25.091, 302.98, 100, 74232, 70
2026/07/29 06:09:26.127, 305.27, 100, 74232, 70
2026/07/29 06:09:27.165, 304.81, 100, 74232, 70
2026/07/29 06:09:28.203, 304.14, 100, 74232, 70
2026/07/29 06:09:29.240, 295.01, 100, 74232, 71
2026/07/29 06:09:30.276, 296.32, 100, 74232, 72
2026/07/29 06:09:31.311, 310.12, 100, 74232, 72
2026/07/29 06:09:32.347, 297.55, 100, 74232, 72
2026/07/29 06:09:33.382, 287.41, 100, 74232, 71
2026/07/29 06:09:34.416, 292.11, 100, 74232, 70
2026/07/29 06:09:35.455, 287.72, 100, 74232, 70
2026/07/29 06:09:36.491, 290.54, 100, 74232, 70
2026/07/29 06:09:37.529, 287.92, 100, 74232, 70
2026/07/29 06:09:38.567, 282.95, 100, 74232, 72
2026/07/29 06:09:39.607, 300.58, 100, 74232, 72
2026/07/29 06:09:40.642, 292.48, 100, 74232, 72
2026/07/29 06:09:41.680, 289.76, 100, 74232, 72
2026/07/29 06:09:42.714, 301.28, 100, 74232, 72
2026/07/29 06:09:43.748, 302.78, 100, 74232, 70
2026/07/29 06:09:44.786, 296.08, 100, 74232, 70
2026/07/29 06:09:45.823, 295.87, 100, 74232, 71
2026/07/29 06:09:46.862, 300.05, 100, 74232, 71
2026/07/29 06:09:47.899, 299.96, 100, 74232, 71
2026/07/29 06:09:48.939, 300.31, 100, 74232, 71
2026/07/29 06:09:49.978, 295.75, 100, 74232, 71
2026/07/29 06:09:51.016, 295.86, 100, 74232, 71
2026/07/29 06:09:52.055, 287.80, 100, 74232, 72
2026/07/29 06:09:53.090, 300.82, 100, 74232, 73
2026/07/29 06:09:54.124, 316.82, 100, 74232, 73
2026/07/29 06:09:55.159, 291.44, 100, 74232, 72
2026/07/29 06:09:56.198, 281.30, 100, 74232, 71
2026/07/29 06:09:57.234, 293.16, 100, 74232, 71
2026/07/29 06:09:58.274, 289.67, 100, 74232, 71
2026/07/29 06:09:59.312, 289.37, 100, 74232, 71
2026/07/29 06:10:00.350, 390.88, 100, 74232, 72
2026/07/29 06:10:01.386, 295.97, 100, 74232, 73
2026/07/29 06:10:02.421, 290.06, 100, 74232, 73
2026/07/29 06:10:03.457, 303.96, 100, 74232, 73
2026/07/29 06:10:04.494, 296.15, 100, 74232, 73
2026/07/29 06:10:05.530, 248.22, 100, 74232, 71
2026/07/29 06:10:06.570, 289.58, 100, 74232, 71
2026/07/29 06:10:07.610, 293.34, 100, 74232, 71
2026/07/29 06:10:08.647, 291.71, 100, 74232, 71
2026/07/29 06:10:09.688, 299.46, 100, 74232, 71
2026/07/29 06:10:10.726, 299.44, 100, 74232, 73
2026/07/29 06:10:11.761, 284.59, 100, 74232, 73
2026/07/29 06:10:12.797, 289.66, 100, 74232, 73
2026/07/29 06:10:13.830, 300.43, 100, 74232, 73
2026/07/29 06:10:14.864, 280.75, 100, 74232, 73
2026/07/29 06:10:15.899, 301.80, 100, 74232, 71
2026/07/29 06:10:16.941, 299.76, 100, 74232, 71
2026/07/29 06:10:17.978, 292.20, 100, 74232, 71
2026/07/29 06:10:19.013, 299.35, 100, 74232, 71
2026/07/29 06:10:20.049, 96.01, 0, 74232, 68
2026/07/29 06:10:21.081, 288.62, 100, 74232, 73
2026/07/29 06:10:22.117, 294.41, 100, 74232, 73
2026/07/29 06:10:23.151, 298.86, 100, 74232, 73
2026/07/29 06:10:24.190, 318.64, 100, 74232, 73
2026/07/29 06:10:25.223, 313.62, 100, 74232, 73
2026/07/29 06:10:26.257, 300.88, 100, 74232, 71
2026/07/29 06:10:27.294, 304.05, 100, 74232, 71
2026/07/29 06:10:28.330, 303.27, 100, 74232, 71
2026/07/29 06:10:29.366, 299.76, 100, 74232, 71
2026/07/29 06:10:30.405, 300.31, 100, 74232, 71
2026/07/29 06:10:31.440, 300.50, 100, 74232, 71
2026/07/29 06:10:32.476, 296.38, 100, 74232, 71
2026/07/29 06:10:33.512, 299.86, 100, 74232, 72
2026/07/29 06:10:34.548, 300.25, 100, 74232, 72
2026/07/29 06:10:35.585, 299.85, 100, 74232, 72
2026/07/29 06:10:36.621, 300.56, 100, 74232, 72
2026/07/29 06:10:37.657, 299.38, 100, 74232, 72
2026/07/29 06:10:38.693, 301.03, 100, 74232, 72
2026/07/29 06:10:39.731, 299.77, 100, 74232, 72
2026/07/29 06:10:40.767, 300.16, 100, 74232, 72
2026/07/29 06:10:41.804, 300.03, 100, 74232, 72
2026/07/29 06:10:42.839, 300.03, 100, 74232, 72
2026/07/29 06:10:43.877, 295.27, 98, 74232, 73
2026/07/29 06:10:44.913, 287.31, 100, 74232, 73
2026/07/29 06:10:45.953, 308.95, 100, 74232, 73
2026/07/29 06:10:46.987, 270.96, 100, 74232, 73
2026/07/29 06:10:48.021, 291.30, 100, 74232, 73
2026/07/29 06:10:49.060, 299.06, 100, 74232, 73
2026/07/29 06:10:50.095, 301.50, 100, 74232, 72
2026/07/29 06:10:51.133, 299.93, 100, 74232, 72
2026/07/29 06:10:52.169, 300.44, 100, 74232, 72
2026/07/29 06:10:53.207, 300.52, 100, 74232, 72
2026/07/29 06:10:54.245, 293.07, 100, 74232, 72
2026/07/29 06:10:55.285, 300.74, 100, 74232, 72
2026/07/29 06:10:56.322, 287.91, 4, 74232, 73
2026/07/29 06:10:57.356, 296.66, 100, 74232, 73
2026/07/29 06:10:58.389, 307.11, 100, 74232, 73
2026/07/29 06:10:59.423, 280.78, 100, 74232, 73
2026/07/29 06:11:00.457, 287.15, 100, 74232, 73
2026/07/29 06:11:01.492, 301.18, 100, 74232, 73
2026/07/29 06:11:02.531, 299.47, 100, 74232, 71
2026/07/29 06:11:03.569, 301.23, 100, 74232, 71
2026/07/29 06:11:04.605, 303.00, 100, 74232, 72
2026/07/29 06:11:05.643, 307.17, 100, 74232, 72
2026/07/29 06:11:06.681, 301.38, 100, 74232, 71
2026/07/29 06:11:07.717, 301.68, 100, 74232, 73
2026/07/29 06:11:08.753, 300.88, 100, 74232, 73
2026/07/29 06:11:09.787, 286.35, 100, 74232, 73
2026/07/29 06:11:10.821, 315.88, 100, 74232, 73
2026/07/29 06:11:11.855, 293.10, 100, 74232, 73
2026/07/29 06:11:12.893, 305.85, 100, 74232, 73
2026/07/29 06:11:13.928, 297.04, 100, 74232, 72
2026/07/29 06:11:14.966, 300.06, 100, 74232, 72
2026/07/29 06:11:16.003, 300.52, 100, 74232, 72
2026/07/29 06:11:17.041, 300.70, 100, 74232, 72
2026/07/29 06:11:18.079, 300.15, 100, 74232, 72
2026/07/29 06:11:19.118, 282.68, 100, 74232, 74
2026/07/29 06:11:20.152, 289.98, 100, 74232, 74
2026/07/29 06:11:21.193, 307.25, 100, 74232, 73
2026/07/29 06:11:22.229, 300.78, 100, 74232, 74
2026/07/29 06:11:23.270, 307.67, 100, 74232, 73
2026/07/29 06:11:24.303, 297.64, 100, 74232, 72
2026/07/29 06:11:25.340, 295.68, 100, 74232, 72
2026/07/29 06:11:26.379, 296.96, 100, 74232, 72
2026/07/29 06:11:27.419, 296.74, 100, 74232, 72
2026/07/29 06:11:28.456, 298.09, 100, 74232, 72
2026/07/29 06:11:29.495, 300.71, 100, 74232, 72
2026/07/29 06:11:30.532, 300.70, 100, 74232, 72
2026/07/29 06:11:31.569, 301.88, 100, 74232, 72
2026/07/29 06:11:32.605, 301.23, 100, 74232, 72
2026/07/29 06:11:33.640, 301.79, 100, 74232, 72
2026/07/29 06:11:34.677, 303.60, 100, 74232, 72
2026/07/29 06:11:35.714, 300.75, 100, 74232, 72
2026/07/29 06:11:36.751, 98.60, 0, 74232, 69
2026/07/29 06:11:37.783, 96.13, 0, 74232, 68
2026/07/29 06:11:38.814, 96.21, 0, 74232, 67
2026/07/29 06:11:39.846, 94.10, 0, 74232, 67
2026/07/29 06:11:40.878, 94.33, 0, 74232, 66
2026/07/29 06:11:41.912, 94.13, 0, 74232, 66
2026/07/29 06:11:42.951, 92.50, 0, 74232, 65
2026/07/29 06:11:43.984, 92.19, 0, 74232, 65
2026/07/29 06:11:45.017, 92.09, 0, 74232, 64
2026/07/29 06:11:46.050, 90.62, 0, 74232, 64
2026/07/29 06:11:47.083, 91.01, 0, 74232, 63
2026/07/29 06:11:48.114, 90.01, 0, 74232, 63
2026/07/29 06:11:49.145, 90.26, 0, 74232, 63
2026/07/29 06:11:50.178, 90.04, 0, 74232, 62
2026/07/29 06:11:51.208, 88.57, 0, 74232, 62
2026/07/29 06:11:52.238, 88.28, 0, 74232, 62
2026/07/29 06:11:53.269, 87.87, 0, 74232, 61
2026/07/29 06:11:54.300, 88.20, 0, 74232, 61
2026/07/29 06:11:55.332, 87.84, 0, 74232, 61
2026/07/29 06:11:56.365, 87.02, 0, 74232, 60
2026/07/29 06:11:57.398, 86.62, 0, 74232, 60
2026/07/29 06:11:58.430, 85.37, 0, 74232, 60
2026/07/29 06:11:59.462, 85.29, 0, 74232, 60
2026/07/29 06:12:00.493, 85.10, 0, 74232, 59
2026/07/29 06:12:01.525, 84.61, 0, 74232, 59
2026/07/29 06:12:02.556, 84.22, 0, 74232, 59
2026/07/29 06:12:03.590, 84.59, 0, 74232, 58
2026/07/29 06:12:04.622, 83.53, 0, 74232, 58
2026/07/29 06:12:05.654, 83.46, 0, 74232, 58
2026/07/29 06:12:06.684, 83.13, 0, 74232, 58
2026/07/29 06:12:07.716, 83.01, 0, 74232, 57
2026/07/29 06:12:08.749, 82.72, 0, 74232, 57
2026/07/29 06:12:09.780, 82.80, 0, 74232, 57
2026/07/29 06:12:10.811, 82.31, 0, 74232, 57
2026/07/29 06:12:11.842, 82.01, 0, 74232, 56
2026/07/29 06:12:12.874, 81.63, 0, 74232, 56
2026/07/29 06:12:13.905, 81.64, 0, 74232, 56
2026/07/29 06:12:14.936, 81.96, 0, 74232, 56
2026/07/29 06:12:15.968, 80.19, 0, 74232, 55
2026/07/29 06:12:16.997, 80.01, 0, 74232, 55
2026/07/29 06:12:18.027, 79.74, 0, 74232, 55
2026/07/29 06:12:19.059, 79.42, 0, 74232, 55
2026/07/29 06:12:20.090, 79.06, 0, 74232, 54
2026/07/29 06:12:21.121, 78.59, 0, 74232, 54
2026/07/29 06:12:23.294, 77.91, 0, 74232, 54
2026/07/29 06:12:24.326, 77.87, 0, 74232, 53
2026/07/29 06:12:25.358, 77.68, 0, 74232, 53
2026/07/29 06:12:26.390, 77.78, 0, 74232, 53
2026/07/29 06:12:27.421, 77.67, 0, 74232, 53
2026/07/29 06:12:28.452, 77.39, 0, 74232, 52
2026/07/29 06:12:29.483, 77.13, 0, 74232, 52
2026/07/29 06:12:30.514, 76.75, 0, 74232, 52
2026/07/29 06:12:31.544, 76.46, 0, 74232, 52
2026/07/29 06:12:32.574, 76.50, 0, 74232, 52
2026/07/29 06:12:33.605, 76.45, 0, 74232, 51
2026/07/29 06:12:34.635, 76.21, 0, 74232, 51
2026/07/29 06:12:35.664, 76.00, 0, 74232, 51
2026/07/29 06:12:36.693, 75.86, 0, 74232, 51
2026/07/29 06:12:37.724, 75.77, 0, 74232, 51
2026/07/29 06:12:38.755, 75.66, 0, 74232, 50
2026/07/29 06:12:39.787, 75.52, 0, 74232, 50
2026/07/29 06:12:40.819, 75.50, 0, 74232, 50
2026/07/29 06:12:41.850, 75.08, 0, 74232, 50
2026/07/29 06:12:42.881, 74.62, 0, 74232, 50
2026/07/29 06:12:43.913, 75.02, 0, 74232, 49
2026/07/29 06:12:44.946, 298.95, 100, 74232, 55
2026/07/29 06:12:45.982, 304.60, 100, 74232, 56
2026/07/29 06:12:47.017, 297.54, 100, 74232, 56
2026/07/29 06:12:48.052, 284.43, 100, 74232, 57
2026/07/29 06:12:49.087, 304.00, 100, 74232, 55
2026/07/29 06:12:50.126, 304.89, 100, 74232, 56
2026/07/29 06:12:51.163, 302.76, 100, 74232, 56
2026/07/29 06:12:52.200, 305.35, 100, 74232, 56
2026/07/29 06:12:53.237, 305.98, 100, 74232, 57
2026/07/29 06:12:54.275, 302.53, 100, 74232, 57
2026/07/29 06:12:55.312, 302.43, 100, 74232, 57
2026/07/29 06:12:56.353, 302.82, 100, 74232, 59
2026/07/29 06:12:57.387, 292.10, 100, 74232, 60
2026/07/29 06:12:58.526, 300.69, 100, 74232, 60
2026/07/29 06:12:59.560, 305.54, 100, 74232, 60
2026/07/29 06:13:00.595, 300.81, 100, 74232, 59
2026/07/29 06:13:01.632, 300.46, 100, 74232, 59
2026/07/29 06:13:02.670, 302.74, 100, 74232, 61
2026/07/29 06:13:03.706, 285.02, 100, 74232, 61
2026/07/29 06:13:04.740, 290.52, 100, 74232, 62
2026/07/29 06:13:05.774, 320.82, 100, 74232, 62
2026/07/29 06:13:06.809, 288.61, 100, 74232, 62
2026/07/29 06:13:07.849, 295.37, 100, 74232, 61
2026/07/29 06:13:08.886, 300.65, 100, 74232, 61
2026/07/29 06:13:09.927, 296.67, 100, 74232, 61
2026/07/29 06:13:10.965, 297.81, 100, 74232, 61
2026/07/29 06:13:12.001, 297.04, 100, 74232, 61
2026/07/29 06:13:13.037, 298.11, 100, 74232, 62
2026/07/29 06:13:14.074, 298.20, 100, 74232, 62
2026/07/29 06:13:15.113, 297.62, 100, 74232, 62
2026/07/29 06:13:16.149, 298.58, 100, 74232, 62
2026/07/29 06:13:17.186, 299.24, 100, 74232, 63
2026/07/29 06:13:18.222, 299.62, 100, 74232, 63
2026/07/29 06:13:19.258, 298.69, 100, 74232, 63
2026/07/29 06:13:20.297, 299.19, 100, 74232, 63
2026/07/29 06:13:21.333, 299.67, 100, 74232, 63
2026/07/29 06:13:22.370, 302.25, 100, 74232, 64
2026/07/29 06:13:23.406, 300.62, 100, 74232, 64
2026/07/29 06:13:24.442, 298.58, 100, 74232, 64
2026/07/29 06:13:25.479, 297.72, 100, 74232, 64
2026/07/29 06:13:26.517, 299.16, 100, 74232, 64
2026/07/29 06:13:27.554, 299.63, 100, 74232, 64
2026/07/29 06:13:28.590, 302.83, 100, 74232, 65
2026/07/29 06:13:29.629, 299.00, 100, 74232, 65
2026/07/29 06:13:30.666, 302.25, 100, 74232, 65
2026/07/29 06:13:31.702, 302.56, 100, 74232, 65
2026/07/29 06:13:32.738, 292.48, 100, 74232, 65
2026/07/29 06:13:33.776, 295.02, 100, 74232, 65
2026/07/29 06:13:34.814, 301.62, 100, 74232, 66
2026/07/29 06:13:35.851, 296.39, 100, 74232, 66
2026/07/29 06:13:36.889, 299.55, 100, 74232, 66
2026/07/29 06:13:37.927, 294.99, 100, 74232, 68
2026/07/29 06:13:38.964, 312.11, 100, 74232, 68
2026/07/29 06:13:40.000, 304.37, 100, 74232, 68
2026/07/29 06:13:41.037, 291.02, 100, 74232, 68
2026/07/29 06:13:42.077, 308.09, 100, 74232, 69
2026/07/29 06:13:43.112, 310.75, 100, 74232, 69
2026/07/29 06:13:44.154, 301.81, 100, 74232, 67
2026/07/29 06:13:45.192, 300.63, 100, 74232, 67
2026/07/29 06:13:46.228, 303.36, 100, 74232, 67
2026/07/29 06:13:47.264, 301.86, 100, 74232, 68
2026/07/29 06:13:48.301, 295.39, 100, 74232, 68
2026/07/29 06:13:49.340, 301.27, 100, 74232, 68
2026/07/29 06:13:50.378, 302.28, 100, 74232, 68
2026/07/29 06:13:51.422, 297.33, 100, 74232, 68
2026/07/29 06:13:52.462, 295.18, 100, 74232, 68
2026/07/29 06:13:53.500, 301.65, 100, 74232, 68
2026/07/29 06:13:54.539, 290.64, 100, 74232, 68
2026/07/29 06:13:55.578, 294.71, 100, 74232, 68
2026/07/29 06:13:56.614, 92.39, 0, 74232, 65
2026/07/29 06:13:57.647, 265.98, 100, 74232, 70
2026/07/29 06:13:58.682, 303.55, 100, 74232, 70
2026/07/29 06:13:59.718, 311.37, 100, 74232, 70
2026/07/29 06:14:00.756, 326.66, 100, 74232, 70
2026/07/29 06:14:01.792, 295.40, 100, 74232, 70
2026/07/29 06:14:02.828, 296.76, 100, 74232, 69
2026/07/29 06:14:03.866, 294.61, 100, 74232, 69
2026/07/29 06:14:04.904, 296.94, 100, 74232, 69
2026/07/29 06:14:05.944, 298.98, 100, 74232, 69
2026/07/29 06:14:06.984, 303.16, 100, 74232, 69
2026/07/29 06:14:08.022, 303.33, 100, 74232, 69
2026/07/29 06:14:09.062, 297.78, 46, 74232, 70
2026/07/29 06:14:10.097, 298.85, 100, 74232, 71
2026/07/29 06:14:11.137, 307.45, 100, 74232, 71
2026/07/29 06:14:12.172, 292.39, 100, 74232, 71
2026/07/29 06:14:13.208, 321.72, 100, 74232, 71
2026/07/29 06:14:14.249, 284.04, 100, 74232, 71
2026/07/29 06:14:15.286, 304.03, 100, 74232, 70
2026/07/29 06:14:16.324, 304.10, 100, 74232, 70
2026/07/29 06:14:17.361, 301.02, 100, 74232, 70
2026/07/29 06:14:18.399, 378.97, 100, 74232, 71
2026/07/29 06:14:19.436, 293.84, 100, 74232, 71
2026/07/29 06:14:20.475, 292.01, 100, 74232, 72
2026/07/29 06:14:21.510, 294.21, 100, 74232, 72
2026/07/29 06:14:22.549, 283.62, 100, 74232, 72
2026/07/29 06:14:23.586, 293.46, 100, 74232, 72
2026/07/29 06:14:24.623, 297.27, 100, 74232, 70
2026/07/29 06:14:25.661, 290.74, 100, 74232, 70
2026/07/29 06:14:26.699, 290.72, 100, 74232, 70
2026/07/29 06:14:27.737, 298.13, 100, 74232, 70
2026/07/29 06:14:28.775, 295.11, 100, 74232, 71
2026/07/29 06:14:29.812, 298.39, 100, 74232, 71
2026/07/29 06:14:30.849, 301.42, 100, 74232, 71
2026/07/29 06:14:31.892, 298.89, 100, 74232, 71
2026/07/29 06:14:32.930, 299.39, 100, 74232, 71
2026/07/29 06:14:33.967, 306.60, 100, 74232, 71
2026/07/29 06:14:35.005, 298.70, 100, 74232, 71
2026/07/29 06:14:36.041, 298.10, 100, 74232, 71
2026/07/29 06:14:37.080, 108.46, 100, 74232, 70
2026/07/29 06:14:38.113, 95.93, 0, 74232, 67
2026/07/29 06:14:39.146, 95.14, 0, 74232, 67
2026/07/29 06:14:40.177, 93.51, 0, 74232, 66
2026/07/29 06:14:41.260, 93.14, 0, 74232, 65
2026/07/29 06:14:42.292, 92.20, 0, 74232, 65
2026/07/29 06:14:43.324, 92.54, 0, 74232, 65
2026/07/29 06:14:44.359, 90.60, 0, 74232, 64
2026/07/29 06:14:45.391, 90.20, 0, 74232, 64
2026/07/29 06:14:46.423, 89.86, 0, 74232, 63
2026/07/29 06:14:47.454, 89.89, 0, 74232, 63
2026/07/29 06:14:48.484, 89.87, 0, 74232, 62
2026/07/29 06:14:49.516, 89.46, 0, 74232, 62
2026/07/29 06:14:50.547, 88.94, 0, 74232, 62
2026/07/29 06:14:51.577, 87.44, 0, 74232, 61
2026/07/29 06:14:52.609, 87.16, 0, 74232, 61
2026/07/29 06:14:53.724, 86.85, 0, 74232, 61
2026/07/29 06:14:54.754, 85.74, 0, 74232, 60
2026/07/29 06:14:55.785, 85.14, 0, 74232, 60
2026/07/29 06:14:56.816, 85.10, 0, 74232, 60
2026/07/29 06:14:57.846, 84.99, 0, 74232, 59
2026/07/29 06:14:58.877, 84.36, 0, 74232, 59
2026/07/29 06:14:59.931, 83.94, 0, 74232, 59
2026/07/29 06:15:00.961, 84.53, 0, 74232, 58
2026/07/29 06:15:01.992, 83.91, 0, 74232, 58
2026/07/29 06:15:03.024, 83.84, 0, 74232, 58
2026/07/29 06:15:04.056, 83.65, 0, 74232, 58
2026/07/29 06:15:05.087, 83.29, 0, 74232, 57
2026/07/29 06:15:06.119, 82.95, 0, 74232, 57
2026/07/29 06:15:07.150, 82.85, 0, 74232, 57
2026/07/29 06:15:08.180, 82.57, 0, 74232, 56
2026/07/29 06:15:09.211, 82.24, 0, 74232, 56
2026/07/29 06:15:10.243, 81.83, 0, 74232, 56
2026/07/29 06:15:11.275, 81.79, 0, 74232, 56
2026/07/29 06:15:12.307, 81.73, 0, 74232, 55
2026/07/29 06:15:13.337, 81.74, 0, 74232, 55
2026/07/29 06:15:14.368, 81.36, 0, 74232, 55
2026/07/29 06:15:15.401, 80.75, 0, 74232, 55
2026/07/29 06:15:16.433, 80.50, 0, 74232, 54
2026/07/29 06:15:17.466, 79.95, 0, 74232, 54
2026/07/29 06:15:18.498, 80.42, 0, 74232, 54
2026/07/29 06:15:19.530, 79.99, 0, 74232, 54
2026/07/29 06:15:20.562, 79.90, 0, 74232, 53
2026/07/29 06:15:21.594, 79.76, 0, 74232, 53
2026/07/29 06:15:22.626, 79.29, 0, 74232, 53
2026/07/29 06:15:23.658, 78.59, 0, 74232, 53
2026/07/29 06:15:24.688, 78.71, 0, 74232, 52
2026/07/29 06:15:25.720, 78.71, 0, 74232, 52
2026/07/29 06:15:26.752, 78.10, 0, 74232, 52
2026/07/29 06:15:27.784, 77.39, 0, 74232, 52
2026/07/29 06:15:28.817, 77.46, 0, 74232, 52
2026/07/29 06:15:29.850, 77.69, 0, 74232, 51
2026/07/29 06:15:30.882, 77.45, 0, 74232, 51
2026/07/29 06:15:31.914, 77.43, 0, 74232, 51
2026/07/29 06:15:32.945, 76.26, 0, 74232, 51
2026/07/29 06:15:33.976, 76.29, 0, 74232, 50
2026/07/29 06:15:35.007, 75.86, 0, 74232, 50
2026/07/29 06:15:36.038, 75.87, 0, 74232, 50
2026/07/29 06:15:37.068, 75.41, 0, 74232, 50
2026/07/29 06:15:38.098, 75.46, 0, 74232, 50
2026/07/29 06:15:39.128, 75.46, 0, 74232, 50
2026/07/29 06:15:40.159, 74.53, 0, 74232, 49
2026/07/29 06:15:41.191, 74.09, 0, 74232, 49
2026/07/29 06:15:42.223, 74.52, 0, 74232, 49
2026/07/29 06:15:43.255, 74.27, 0, 74232, 49
2026/07/29 06:15:44.735, 294.46, 100, 74232, 54
2026/07/29 06:15:45.770, 303.58, 100, 74232, 55
2026/07/29 06:15:46.803, 309.38, 100, 74232, 56
2026/07/29 06:15:47.838, 305.72, 100, 74232, 56
2026/07/29 06:15:48.875, 275.95, 100, 74232, 54
2026/07/29 06:15:49.913, 295.58, 100, 74232, 55
2026/07/29 06:15:50.951, 295.98, 100, 74232, 55
2026/07/29 06:15:51.989, 296.25, 100, 74232, 55
2026/07/29 06:15:53.026, 297.11, 100, 74232, 56
2026/07/29 06:15:54.065, 298.20, 100, 74232, 56
2026/07/29 06:15:55.102, 298.49, 100, 74232, 56
2026/07/29 06:15:56.140, 329.55, 100, 74232, 58
2026/07/29 06:15:57.176, 290.81, 100, 74232, 59
2026/07/29 06:15:58.211, 293.51, 100, 74232, 59
2026/07/29 06:15:59.248, 285.54, 100, 74232, 59
2026/07/29 06:16:00.283, 296.35, 100, 74232, 59
2026/07/29 06:16:01.324, 300.63, 100, 74232, 58
2026/07/29 06:16:02.362, 301.70, 100, 74232, 58
2026/07/29 06:16:03.400, 301.28, 100, 74232, 59
2026/07/29 06:16:04.446, 342.17, 100, 74232, 61
2026/07/29 06:16:05.490, 310.46, 100, 74232, 61
2026/07/29 06:16:06.524, 297.47, 100, 74232, 61
2026/07/29 06:16:07.558, 298.67, 100, 74232, 61
2026/07/29 06:16:08.592, 321.35, 100, 74232, 62
2026/07/29 06:16:09.633, 307.52, 100, 74232, 60
2026/07/29 06:16:10.671, 307.79, 100, 74232, 61
2026/07/29 06:16:11.711, 298.67, 100, 74232, 61
2026/07/29 06:16:12.749, 312.59, 100, 74232, 61
2026/07/29 06:16:13.791, 294.91, 100, 74232, 61
2026/07/29 06:16:14.828, 295.02, 100, 74232, 63
2026/07/29 06:16:15.862, 283.39, 100, 74232, 63
2026/07/29 06:16:16.897, 303.33, 100, 74232, 64
2026/07/29 06:16:17.931, 284.98, 100, 74232, 64
2026/07/29 06:16:18.968, 294.05, 100, 74232, 64
2026/07/29 06:16:20.008, 298.49, 100, 74232, 62
2026/07/29 06:16:21.045, 299.17, 100, 74232, 63
2026/07/29 06:16:22.083, 297.02, 100, 74232, 63
2026/07/29 06:16:23.121, 298.01, 100, 74232, 63
2026/07/29 06:16:24.158, 298.38, 100, 74232, 63
2026/07/29 06:16:25.195, 300.60, 100, 74232, 63
2026/07/29 06:16:26.234, 299.26, 100, 74232, 64
2026/07/29 06:16:27.272, 300.50, 100, 74232, 64
2026/07/29 06:16:28.308, 299.74, 100, 74232, 64
2026/07/29 06:16:29.346, 296.85, 69, 74232, 66
2026/07/29 06:16:30.380, 299.84, 100, 74232, 64
2026/07/29 06:16:31.419, 298.68, 100, 74232, 65
2026/07/29 06:16:32.457, 300.99, 100, 74232, 65
2026/07/29 06:16:33.494, 298.97, 100, 74232, 65
2026/07/29 06:16:34.534, 301.39, 100, 74232, 65
2026/07/29 06:16:35.571, 301.18, 100, 74232, 65
2026/07/29 06:16:36.608, 299.16, 100, 74232, 65
2026/07/29 06:16:37.646, 300.83, 100, 74232, 66
2026/07/29 06:16:38.683, 301.69, 100, 74232, 66
2026/07/29 06:16:39.721, 301.37, 100, 74232, 66
2026/07/29 06:16:40.758, 302.56, 100, 74232, 66
2026/07/29 06:16:41.798, 297.32, 100, 74232, 66
2026/07/29 06:16:42.840, 297.71, 100, 74232, 66
2026/07/29 06:16:43.878, 305.73, 100, 74232, 67
2026/07/29 06:16:44.917, 299.57, 100, 74232, 67
2026/07/29 06:16:45.954, 299.67, 100, 74232, 67
2026/07/29 06:16:46.993, 298.18, 100, 74232, 67
2026/07/29 06:16:48.030, 298.32, 100, 74232, 67
2026/07/29 06:16:49.068, 299.29, 100, 74232, 67
2026/07/29 06:16:50.106, 300.84, 100, 74232, 67
2026/07/29 06:16:51.143, 298.01, 100, 74232, 67
2026/07/29 06:16:52.184, 297.92, 100, 74232, 68
2026/07/29 06:16:53.222, 306.48, 100, 74232, 68
2026/07/29 06:16:54.259, 299.68, 100, 74232, 68
2026/07/29 06:16:55.298, 301.69, 100, 74232, 68
2026/07/29 06:16:56.335, 302.96, 100, 74232, 68
2026/07/29 06:16:57.371, 301.08, 100, 74232, 68
2026/07/29 06:16:58.409, 300.16, 100, 74232, 68
2026/07/29 06:16:59.446, 301.62, 100, 74232, 68
2026/07/29 06:17:00.482, 302.92, 100, 74232, 68
2026/07/29 06:17:01.520, 300.80, 100, 74232, 68
2026/07/29 06:17:02.559, 302.57, 100, 74232, 69
2026/07/29 06:17:03.600, 302.35, 100, 74232, 69
2026/07/29 06:17:04.637, 301.29, 100, 74232, 69
2026/07/29 06:17:05.680, 291.51, 100, 74232, 69
2026/07/29 06:17:06.718, 295.10, 100, 74232, 69
2026/07/29 06:17:07.755, 291.89, 100, 74232, 69
2026/07/29 06:17:08.795, 294.45, 100, 74232, 69
2026/07/29 06:17:09.833, 293.83, 100, 74232, 69
2026/07/29 06:17:10.871, 294.82, 100, 74232, 69
2026/07/29 06:17:11.909, 294.91, 100, 74232, 69
2026/07/29 06:17:12.947, 292.87, 100, 74232, 69
2026/07/29 06:17:13.985, 295.38, 100, 74232, 69
2026/07/29 06:17:15.022, 295.89, 100, 74232, 69
2026/07/29 06:17:16.062, 302.38, 100, 74232, 69
2026/07/29 06:17:17.100, 304.18, 100, 74232, 70
2026/07/29 06:17:18.137, 304.37, 100, 74232, 70
2026/07/29 06:17:19.175, 302.73, 100, 74232, 70
2026/07/29 06:17:20.212, 301.92, 100, 74232, 70
2026/07/29 06:17:21.251, 302.19, 100, 74232, 70
2026/07/29 06:17:22.289, 302.77, 100, 74232, 70
2026/07/29 06:17:23.329, 303.31, 100, 74232, 70
2026/07/29 06:17:24.366, 304.04, 100, 74232, 70
2026/07/29 06:17:25.404, 303.66, 100, 74232, 70
2026/07/29 06:17:26.441, 303.64, 100, 74232, 70
2026/07/29 06:17:27.479, 297.61, 100, 74232, 70
2026/07/29 06:17:28.517, 296.08, 100, 74232, 70
2026/07/29 06:17:29.554, 298.60, 100, 74232, 70
2026/07/29 06:17:30.592, 297.53, 100, 74232, 70
2026/07/29 06:17:31.629, 296.86, 100, 74232, 70
2026/07/29 06:17:32.666, 298.04, 100, 74232, 70
2026/07/29 06:17:33.703, 304.98, 100, 74232, 70
2026/07/29 06:17:34.740, 305.09, 100, 74232, 70
2026/07/29 06:17:35.777, 294.71, 100, 74232, 70
2026/07/29 06:17:36.815, 294.30, 100, 74232, 70
2026/07/29 06:17:37.855, 296.36, 100, 74232, 70
2026/07/29 06:17:38.892, 304.91, 100, 74232, 70
2026/07/29 06:17:39.929, 305.15, 100, 74232, 70
2026/07/29 06:17:40.966, 306.95, 100, 74232, 70
2026/07/29 06:17:42.005, 303.59, 100, 74232, 70
2026/07/29 06:17:43.044, 303.63, 100, 74232, 70
2026/07/29 06:17:44.081, 300.80, 100, 74232, 70
2026/07/29 06:17:45.120, 298.39, 100, 74232, 70
2026/07/29 06:17:46.157, 305.08, 100, 74232, 70
2026/07/29 06:17:47.197, 305.37, 100, 74232, 70
2026/07/29 06:17:48.236, 298.23, 100, 74232, 70
2026/07/29 06:17:49.274, 298.88, 100, 74232, 70
2026/07/29 06:17:50.313, 299.05, 100, 74232, 70
2026/07/29 06:17:51.350, 298.39, 100, 74232, 70
2026/07/29 06:17:52.389, 296.14, 100, 74232, 70
2026/07/29 06:17:53.426, 292.87, 100, 74232, 70
2026/07/29 06:17:54.464, 296.49, 100, 74232, 70
2026/07/29 06:17:55.502, 300.72, 100, 74232, 70
2026/07/29 06:17:56.542, 303.51, 100, 74232, 70
2026/07/29 06:17:57.581, 302.91, 100, 74232, 70
2026/07/29 06:17:58.621, 298.18, 100, 74232, 70
2026/07/29 06:17:59.658, 297.43, 100, 74232, 71
2026/07/29 06:18:00.696, 301.37, 100, 74232, 70
2026/07/29 06:18:01.733, 293.74, 100, 74232, 70
2026/07/29 06:18:02.771, 296.06, 100, 74232, 70
2026/07/29 06:18:03.808, 299.92, 100, 74232, 70
2026/07/29 06:18:04.845, 298.38, 100, 74232, 70
2026/07/29 06:18:05.883, 297.55, 100, 74232, 72
2026/07/29 06:18:06.920, 291.80, 100, 74232, 72
2026/07/29 06:18:07.955, 285.77, 100, 74232, 72
2026/07/29 06:18:08.990, 282.97, 100, 74232, 72
2026/07/29 06:18:10.026, 283.80, 100, 74232, 72
2026/07/29 06:18:11.061, 299.50, 100, 74232, 72
2026/07/29 06:18:12.096, 298.48, 100, 74232, 70
2026/07/29 06:18:13.135, 301.72, 100, 74232, 70
2026/07/29 06:18:14.173, 292.30, 100, 74232, 70
2026/07/29 06:18:15.210, 295.19, 100, 74232, 71
2026/07/29 06:18:16.248, 297.14, 100, 74232, 71
2026/07/29 06:18:17.288, 298.67, 100, 74232, 71
2026/07/29 06:18:18.325, 299.35, 100, 74232, 71
2026/07/29 06:18:19.364, 297.81, 100, 74232, 71
2026/07/29 06:18:20.402, 299.65, 100, 74232, 71
2026/07/29 06:18:21.442, 298.98, 100, 74232, 71
2026/07/29 06:18:22.480, 299.20, 100, 74232, 71
2026/07/29 06:18:23.518, 299.27, 100, 74232, 71
2026/07/29 06:18:24.555, 299.07, 100, 74232, 71
2026/07/29 06:18:25.593, 299.96, 100, 74232, 71
2026/07/29 06:18:26.630, 296.85, 100, 74232, 71
2026/07/29 06:18:27.670, 299.46, 100, 74232, 71
2026/07/29 06:18:28.707, 300.51, 100, 74232, 71
2026/07/29 06:18:29.745, 297.22, 100, 74232, 71
2026/07/29 06:18:30.782, 298.11, 100, 74232, 71
2026/07/29 06:18:31.824, 299.86, 100, 74232, 71
2026/07/29 06:18:32.862, 298.02, 100, 74232, 71
2026/07/29 06:18:33.901, 293.08, 100, 74232, 72
2026/07/29 06:18:34.937, 289.75, 100, 74232, 73
2026/07/29 06:18:35.972, 295.37, 100, 74232, 72
2026/07/29 06:18:37.008, 308.19, 100, 74232, 73
2026/07/29 06:18:38.043, 263.62, 100, 74232, 73
2026/07/29 06:18:39.082, 301.79, 100, 74232, 72
2026/07/29 06:18:40.117, 304.43, 100, 74232, 73
2026/07/29 06:18:41.151, 295.49, 100, 74232, 71
2026/07/29 06:18:42.190, 304.51, 100, 74232, 71
2026/07/29 06:18:43.226, 299.74, 100, 74232, 71
2026/07/29 06:18:44.265, 301.48, 100, 74232, 71
2026/07/29 06:18:45.302, 300.16, 100, 74232, 70
2026/07/29 06:18:46.335, 298.75, 100, 74232, 73
2026/07/29 06:18:47.372, 295.57, 100, 74232, 73
2026/07/29 06:18:48.408, 293.84, 100, 74232, 73
2026/07/29 06:18:49.444, 302.26, 100, 74232, 73
2026/07/29 06:18:50.480, 308.16, 100, 74232, 73
2026/07/29 06:18:51.514, 312.60, 100, 74232, 73
2026/07/29 06:18:52.549, 282.93, 100, 74232, 73
2026/07/29 06:18:53.584, 307.29, 100, 74232, 71
2026/07/29 06:18:54.622, 304.24, 100, 74232, 71
2026/07/29 06:18:55.659, 300.36, 100, 74232, 71
2026/07/29 06:18:56.697, 299.92, 100, 74232, 71
2026/07/29 06:18:57.735, 321.73, 49, 74232, 73
2026/07/29 06:18:58.769, 291.52, 100, 74232, 73
2026/07/29 06:18:59.803, 285.69, 100, 74232, 73
2026/07/29 06:19:00.841, 301.88, 100, 74232, 73
2026/07/29 06:19:01.876, 286.26, 100, 74232, 73
2026/07/29 06:19:02.910, 314.01, 100, 74232, 74
2026/07/29 06:19:03.944, 305.16, 100, 74232, 74
2026/07/29 06:19:04.988, 300.26, 100, 74232, 72
2026/07/29 06:19:06.025, 296.57, 100, 74232, 72
2026/07/29 06:19:07.062, 303.23, 100, 74232, 72
2026/07/29 06:19:08.099, 301.01, 100, 74232, 72
2026/07/29 06:19:09.135, 301.50, 100, 74232, 72
2026/07/29 06:19:10.174, 300.23, 100, 74232, 72
2026/07/29 06:19:11.210, 298.04, 100, 74232, 72
2026/07/29 06:19:12.247, 298.02, 100, 74232, 72
2026/07/29 06:19:13.283, 300.79, 100, 74232, 72
2026/07/29 06:19:14.319, 301.77, 100, 74232, 72
2026/07/29 06:19:15.356, 301.00, 100, 74232, 72
2026/07/29 06:19:16.394, 300.94, 100, 74232, 72
2026/07/29 06:19:17.432, 301.49, 100, 74232, 72
2026/07/29 06:19:18.469, 301.86, 100, 74232, 72
2026/07/29 06:19:19.508, 303.20, 100, 74232, 72
2026/07/29 06:19:20.546, 301.31, 100, 74232, 72
2026/07/29 06:19:21.584, 301.20, 100, 74232, 72
2026/07/29 06:19:22.621, 300.91, 100, 74232, 72
2026/07/29 06:19:23.658, 301.09, 100, 74232, 72
2026/07/29 06:19:24.696, 304.13, 100, 74232, 72
2026/07/29 06:19:25.734, 97.09, 0, 74232, 68
2026/07/29 06:19:26.770, 286.36, 100, 74232, 71
2026/07/29 06:19:27.808, 300.06, 100, 74232, 71
2026/07/29 06:19:28.847, 300.01, 100, 74232, 71
2026/07/29 06:19:29.886, 299.18, 100, 74232, 71
2026/07/29 06:19:30.926, 299.55, 100, 74232, 71
2026/07/29 06:19:31.963, 299.86, 100, 74232, 71
2026/07/29 06:19:33.002, 290.73, 100, 74232, 71
2026/07/29 06:19:34.039, 291.60, 100, 74232, 71
2026/07/29 06:19:35.080, 293.75, 100, 74232, 71
2026/07/29 06:19:36.117, 289.58, 100, 74232, 71
2026/07/29 06:19:37.155, 292.87, 100, 74232, 71
2026/07/29 06:19:38.192, 288.49, 100, 74232, 71
2026/07/29 06:19:39.232, 290.45, 100, 74232, 71
2026/07/29 06:19:40.271, 290.87, 100, 74232, 71
2026/07/29 06:19:41.315, 292.20, 100, 74232, 71
2026/07/29 06:19:42.353, 299.06, 100, 74232, 71
2026/07/29 06:19:43.390, 297.05, 100, 74232, 71
2026/07/29 06:19:44.430, 297.54, 100, 74232, 71
2026/07/29 06:19:45.468, 295.12, 100, 74232, 71
2026/07/29 06:19:46.505, 299.62, 100, 74232, 71
2026/07/29 06:19:47.544, 298.88, 100, 74232, 71
2026/07/29 06:19:48.581, 299.05, 100, 74232, 71
2026/07/29 06:19:49.620, 298.89, 100, 74232, 71
2026/07/29 06:19:50.656, 297.34, 100, 74232, 71
2026/07/29 06:19:51.695, 299.66, 100, 74232, 71
2026/07/29 06:19:52.733, 299.09, 100, 74232, 71
2026/07/29 06:19:53.770, 299.75, 100, 74232, 71
2026/07/29 06:19:54.807, 298.12, 100, 74232, 71
2026/07/29 06:19:55.845, 301.80, 100, 74232, 71
2026/07/29 06:19:56.885, 299.45, 100, 74232, 71
2026/07/29 06:19:57.924, 295.99, 100, 74232, 71
2026/07/29 06:19:58.962, 290.94, 100, 74232, 71
2026/07/29 06:20:00.000, 294.42, 100, 74232, 71
2026/07/29 06:20:01.038, 291.71, 100, 74232, 71
2026/07/29 06:20:02.076, 292.68, 100, 74232, 71
2026/07/29 06:20:03.116, 298.31, 100, 74232, 71
2026/07/29 06:20:04.155, 299.27, 100, 74232, 71
2026/07/29 06:20:05.193, 298.57, 100, 74232, 71
2026/07/29 06:20:06.233, 301.21, 100, 74232, 71
2026/07/29 06:20:07.270, 299.94, 100, 74232, 71
2026/07/29 06:20:08.308, 299.02, 100, 74232, 71
2026/07/29 06:20:09.346, 300.02, 100, 74232, 71
2026/07/29 06:20:10.384, 300.68, 100, 74232, 71
2026/07/29 06:20:11.423, 300.54, 100, 74232, 71
2026/07/29 06:20:12.461, 299.40, 100, 74232, 71
2026/07/29 06:20:13.500, 295.50, 100, 74232, 71
2026/07/29 06:20:14.538, 299.65, 100, 74232, 71
2026/07/29 06:20:15.577, 288.21, 100, 74232, 71
2026/07/29 06:20:16.615, 292.86, 100, 74232, 71
2026/07/29 06:20:17.656, 295.02, 100, 74232, 71
2026/07/29 06:20:18.695, 287.34, 100, 74232, 71
2026/07/29 06:20:19.733, 289.16, 100, 74232, 71
2026/07/29 06:20:20.772, 291.52, 100, 74232, 71
2026/07/29 06:20:21.809, 300.35, 100, 74232, 71
2026/07/29 06:20:22.846, 298.49, 100, 74232, 71
2026/07/29 06:20:23.884, 298.03, 100, 74232, 71
2026/07/29 06:20:24.922, 302.01, 100, 74232, 71
2026/07/29 06:20:25.960, 302.20, 100, 74232, 71
2026/07/29 06:20:26.997, 306.51, 100, 74232, 71
2026/07/29 06:20:28.042, 298.58, 100, 74232, 71
2026/07/29 06:20:29.080, 299.77, 100, 74232, 71
2026/07/29 06:20:30.118, 301.01, 100, 74232, 71
2026/07/29 06:20:31.156, 300.91, 100, 74232, 71
2026/07/29 06:20:32.194, 298.69, 100, 74232, 71
2026/07/29 06:20:33.232, 297.99, 100, 74232, 71
2026/07/29 06:20:34.270, 301.02, 100, 74232, 71
2026/07/29 06:20:35.308, 298.97, 100, 74232, 71
2026/07/29 06:20:36.346, 298.40, 100, 74232, 71
2026/07/29 06:20:37.383, 298.98, 100, 74232, 71
2026/07/29 06:20:38.420, 298.60, 100, 74232, 71
2026/07/29 06:20:39.458, 298.46, 100, 74232, 71
2026/07/29 06:20:40.496, 299.18, 100, 74232, 71
2026/07/29 06:20:41.538, 299.64, 100, 74232, 71
2026/07/29 06:20:42.577, 301.08, 100, 74232, 71
2026/07/29 06:20:43.614, 297.64, 100, 74232, 71
2026/07/29 06:20:44.651, 298.87, 100, 74232, 71
2026/07/29 06:20:45.689, 298.30, 100, 74232, 71
2026/07/29 06:20:46.726, 299.40, 100, 74232, 71
2026/07/29 06:20:47.764, 299.63, 100, 74232, 71
2026/07/29 06:20:48.802, 297.71, 100, 74232, 71
2026/07/29 06:20:49.840, 297.50, 100, 74232, 71
2026/07/29 06:20:50.878, 300.05, 100, 74232, 71
2026/07/29 06:20:51.916, 298.20, 100, 74232, 71
2026/07/29 06:20:52.955, 299.95, 100, 74232, 71
2026/07/29 06:20:53.994, 284.05, 100, 74232, 73
2026/07/29 06:20:55.029, 280.55, 100, 74232, 73
2026/07/29 06:20:56.065, 301.66, 100, 74232, 73
2026/07/29 06:20:57.105, 292.45, 100, 74232, 73
2026/07/29 06:20:58.141, 305.69, 100, 74232, 73
2026/07/29 06:20:59.176, 308.41, 100, 74232, 71
2026/07/29 06:21:00.216, 299.48, 100, 74232, 71
2026/07/29 06:21:01.254, 299.74, 100, 74232, 71
2026/07/29 06:21:02.292, 302.30, 100, 74232, 71
2026/07/29 06:21:03.331, 296.55, 100, 74232, 71
2026/07/29 06:21:04.369, 299.75, 100, 74232, 71
2026/07/29 06:21:05.408, 299.47, 100, 74232, 71
2026/07/29 06:21:06.447, 299.66, 100, 74232, 71
2026/07/29 06:21:07.486, 97.91, 0, 74232, 68
2026/07/29 06:21:08.519, 300.23, 100, 74232, 73
2026/07/29 06:21:09.560, 301.92, 100, 74232, 73
2026/07/29 06:21:10.595, 314.22, 100, 74232, 73
2026/07/29 06:21:11.634, 293.72, 100, 74232, 73
2026/07/29 06:21:12.668, 294.55, 100, 74232, 73
2026/07/29 06:21:13.706, 307.18, 100, 74232, 71
2026/07/29 06:21:14.744, 298.70, 100, 74232, 71
2026/07/29 06:21:15.782, 300.15, 100, 74232, 71
2026/07/29 06:21:16.820, 306.37, 100, 74232, 71
2026/07/29 06:21:17.857, 304.61, 100, 74232, 71
2026/07/29 06:21:18.896, 97.39, 0, 74232, 68
2026/07/29 06:21:19.929, 301.57, 100, 74232, 73
2026/07/29 06:21:20.966, 301.28, 100, 74232, 73
2026/07/29 06:21:22.001, 293.54, 100, 74232, 73
2026/07/29 06:21:23.036, 298.89, 100, 74232, 73
2026/07/29 06:21:24.074, 284.49, 100, 74232, 73
2026/07/29 06:21:25.109, 300.01, 100, 74232, 71
2026/07/29 06:21:26.147, 300.40, 100, 74232, 71
2026/07/29 06:21:27.185, 300.45, 100, 74232, 72
2026/07/29 06:21:28.223, 300.02, 100, 74232, 72
2026/07/29 06:21:29.260, 300.04, 100, 74232, 72
2026/07/29 06:21:30.298, 301.28, 100, 74232, 72
2026/07/29 06:21:31.335, 302.35, 100, 74232, 72
2026/07/29 06:21:32.372, 300.94, 100, 74232, 72
2026/07/29 06:21:33.410, 300.42, 100, 74232, 72
2026/07/29 06:21:34.447, 302.67, 100, 74232, 72
2026/07/29 06:21:35.486, 300.22, 100, 74232, 72
2026/07/29 06:21:36.525, 292.19, 100, 74232, 72
2026/07/29 06:21:37.563, 298.32, 100, 74232, 72
2026/07/29 06:21:38.601, 97.10, 75, 74232, 69
2026/07/29 06:21:39.632, 96.13, 0, 74232, 68
2026/07/29 06:21:40.664, 95.53, 0, 74232, 68
2026/07/29 06:21:41.696, 95.65, 0, 74232, 67
2026/07/29 06:21:42.728, 93.99, 0, 74232, 66
2026/07/29 06:21:43.760, 93.99, 0, 74232, 66
2026/07/29 06:21:44.797, 92.52, 0, 74232, 65
2026/07/29 06:21:45.832, 92.08, 0, 74232, 65
2026/07/29 06:21:46.865, 91.67, 0, 74232, 64
2026/07/29 06:21:47.899, 91.85, 0, 74232, 64
2026/07/29 06:21:48.931, 91.08, 0, 74232, 64
2026/07/29 06:21:49.963, 90.97, 0, 74232, 63
2026/07/29 06:21:50.997, 89.26, 0, 74232, 63
2026/07/29 06:21:52.031, 89.69, 0, 74232, 63
2026/07/29 06:21:53.063, 89.58, 0, 74232, 62
2026/07/29 06:21:54.095, 89.36, 0, 74232, 62
2026/07/29 06:21:55.126, 87.93, 0, 74232, 62
2026/07/29 06:21:56.157, 87.82, 0, 74232, 61
2026/07/29 06:21:57.188, 87.32, 0, 74232, 61
2026/07/29 06:21:58.220, 87.25, 0, 74232, 61
2026/07/29 06:21:59.252, 86.74, 0, 74232, 60
2026/07/29 06:22:00.282, 86.32, 0, 74232, 60
2026/07/29 06:22:01.314, 86.27, 0, 74232, 60
2026/07/29 06:22:02.347, 85.68, 0, 74232, 59
2026/07/29 06:22:03.379, 85.75, 0, 74232, 59
2026/07/29 06:22:04.411, 85.25, 0, 74232, 59
2026/07/29 06:22:05.441, 84.86, 0, 74232, 59
2026/07/29 06:22:06.473, 84.90, 0, 74232, 58
2026/07/29 06:22:07.504, 83.69, 0, 74232, 58
2026/07/29 06:22:08.534, 83.52, 0, 74232, 58
2026/07/29 06:22:09.564, 82.99, 0, 74232, 57
2026/07/29 06:22:10.594, 83.06, 0, 74232, 57
2026/07/29 06:22:11.624, 82.86, 0, 74232, 57
2026/07/29 06:22:12.655, 82.40, 0, 74232, 57
2026/07/29 06:22:13.687, 82.11, 0, 74232, 56
2026/07/29 06:22:14.716, 81.85, 0, 74232, 56
2026/07/29 06:22:15.747, 82.01, 0, 74232, 56
2026/07/29 06:22:16.779, 82.25, 0, 74232, 56
2026/07/29 06:22:18.544, 80.94, 0, 74232, 55
2026/07/29 06:22:19.575, 81.31, 0, 74232, 55
2026/07/29 06:22:20.606, 80.69, 0, 74232, 55
2026/07/29 06:22:21.636, 80.74, 0, 74232, 55
2026/07/29 06:22:22.667, 80.04, 0, 74232, 54
2026/07/29 06:22:23.698, 79.41, 0, 74232, 54
2026/07/29 06:22:24.729, 79.06, 0, 74232, 54
2026/07/29 06:22:25.759, 79.29, 0, 74232, 54
2026/07/29 06:22:28.184, 78.81, 0, 74232, 53
2026/07/29 06:22:29.215, 77.65, 0, 74232, 53
2026/07/29 06:22:30.248, 78.25, 0, 74232, 53
2026/07/29 06:22:31.279, 77.95, 0, 74232, 53
2026/07/29 06:22:32.310, 77.47, 0, 74232, 52
2026/07/29 06:22:33.342, 78.39, 0, 74232, 52
2026/07/29 06:22:34.372, 77.69, 0, 74232, 52
2026/07/29 06:22:35.402, 77.28, 0, 74232, 52
2026/07/29 06:22:36.435, 77.39, 0, 74232, 52
2026/07/29 06:22:37.464, 76.40, 0, 74232, 51
2026/07/29 06:22:38.494, 76.21, 0, 74232, 51
2026/07/29 06:22:39.523, 75.86, 0, 74232, 51
2026/07/29 06:22:40.555, 75.84, 0, 74232, 51
2026/07/29 06:22:41.584, 75.71, 0, 74232, 51
2026/07/29 06:22:42.613, 75.61, 0, 74232, 50
2026/07/29 06:22:43.642, 74.99, 0, 74232, 50
2026/07/29 06:22:44.674, 75.08, 0, 74232, 50
2026/07/29 06:22:45.705, 300.00, 100, 74232, 56
2026/07/29 06:22:46.738, 290.62, 100, 74232, 56
2026/07/29 06:22:47.771, 295.90, 100, 74232, 57
2026/07/29 06:22:48.805, 299.70, 100, 74232, 57
2026/07/29 06:22:49.841, 296.84, 100, 74232, 56
2026/07/29 06:22:50.878, 298.22, 100, 74232, 56
2026/07/29 06:22:51.913, 298.18, 100, 74232, 56
2026/07/29 06:22:52.948, 298.89, 100, 74232, 57
2026/07/29 06:22:53.984, 299.05, 100, 74232, 57
2026/07/29 06:22:55.019, 299.26, 100, 74232, 57
2026/07/29 06:22:56.056, 300.58, 100, 74232, 59
2026/07/29 06:22:57.093, 302.47, 100, 74232, 60
2026/07/29 06:22:58.210, 305.55, 100, 74232, 60
2026/07/29 06:22:59.244, 304.67, 100, 74232, 60
2026/07/29 06:23:00.278, 300.52, 100, 74232, 59
2026/07/29 06:23:01.317, 301.88, 100, 74232, 59
2026/07/29 06:23:02.352, 293.94, 100, 74232, 59
2026/07/29 06:23:03.389, 293.17, 100, 74232, 60
2026/07/29 06:23:04.426, 291.59, 100, 74232, 60
2026/07/29 06:23:05.463, 299.05, 100, 74232, 62
2026/07/29 06:23:06.497, 309.67, 100, 74232, 62
2026/07/29 06:23:07.531, 306.42, 100, 74232, 62
2026/07/29 06:23:08.570, 292.07, 100, 74232, 62
2026/07/29 06:23:09.605, 299.27, 100, 74232, 61
2026/07/29 06:23:10.640, 300.43, 100, 74232, 61
2026/07/29 06:23:11.677, 301.69, 100, 74232, 62
2026/07/29 06:23:12.713, 298.77, 100, 74232, 62
2026/07/29 06:23:13.749, 303.30, 100, 74232, 62
2026/07/29 06:23:14.785, 288.72, 100, 74232, 64
2026/07/29 06:23:15.822, 287.01, 100, 74232, 64
2026/07/29 06:23:16.855, 311.48, 100, 74232, 65
2026/07/29 06:23:17.888, 291.96, 100, 74232, 65
2026/07/29 06:23:18.921, 267.47, 100, 74232, 63
2026/07/29 06:23:19.958, 292.68, 100, 74232, 63
2026/07/29 06:23:20.993, 292.37, 100, 74232, 63
2026/07/29 06:23:22.029, 292.15, 100, 74232, 63
2026/07/29 06:23:23.065, 289.17, 100, 74232, 64
2026/07/29 06:23:24.101, 295.62, 100, 74232, 66
2026/07/29 06:23:25.137, 292.41, 100, 74232, 66
2026/07/29 06:23:26.172, 302.72, 100, 74232, 66
2026/07/29 06:23:27.209, 305.30, 100, 74232, 66
2026/07/29 06:23:28.243, 255.23, 100, 74232, 65
2026/07/29 06:23:29.280, 283.97, 100, 74232, 65
2026/07/29 06:23:30.319, 290.65, 100, 74232, 65
2026/07/29 06:23:31.355, 295.88, 100, 74232, 65
2026/07/29 06:23:32.391, 295.40, 100, 74232, 65
2026/07/29 06:23:33.428, 292.67, 100, 74232, 65
2026/07/29 06:23:34.466, 299.10, 100, 74232, 67
2026/07/29 06:23:35.501, 304.95, 100, 74232, 68
2026/07/29 06:23:36.538, 289.08, 100, 74232, 68
2026/07/29 06:23:37.571, 312.86, 100, 74232, 68
2026/07/29 06:23:38.606, 302.21, 100, 74232, 68
2026/07/29 06:23:39.643, 300.64, 100, 74232, 66
2026/07/29 06:23:40.680, 299.83, 100, 74232, 67
2026/07/29 06:23:41.718, 301.12, 100, 74232, 67
2026/07/29 06:23:42.754, 301.50, 100, 74232, 67
2026/07/29 06:23:43.792, 300.91, 100, 74232, 67
2026/07/29 06:23:44.831, 301.59, 100, 74232, 67
2026/07/29 06:23:45.869, 295.19, 100, 74232, 67
2026/07/29 06:23:46.907, 294.61, 100, 74232, 67
2026/07/29 06:23:47.945, 271.86, 100, 74232, 69
2026/07/29 06:23:48.981, 299.28, 100, 74232, 69
2026/07/29 06:23:50.015, 303.31, 100, 74232, 69
2026/07/29 06:23:51.049, 288.32, 100, 74232, 70
2026/07/29 06:23:52.084, 303.30, 100, 74232, 70
2026/07/29 06:23:53.127, 283.76, 100, 74232, 68
2026/07/29 06:23:54.164, 288.89, 100, 74232, 68
2026/07/29 06:23:55.205, 288.42, 100, 74232, 68
2026/07/29 06:23:56.243, 295.49, 100, 74232, 68
2026/07/29 06:23:57.280, 296.66, 100, 74232, 68
2026/07/29 06:23:58.319, 294.04, 100, 74232, 69
2026/07/29 06:23:59.355, 303.07, 100, 74232, 69
2026/07/29 06:24:00.392, 297.90, 100, 74232, 69
2026/07/29 06:24:01.429, 297.34, 100, 74232, 69
2026/07/29 06:24:02.466, 297.06, 100, 74232, 69
2026/07/29 06:24:03.503, 300.95, 100, 74232, 69
2026/07/29 06:24:04.540, 303.66, 100, 74232, 69
2026/07/29 06:24:05.578, 296.65, 100, 74232, 69
2026/07/29 06:24:06.617, 423.31, 2, 74232, 72
2026/07/29 06:24:07.694, 295.81, 100, 74232, 71
2026/07/29 06:24:08.729, 303.71, 100, 74232, 71
2026/07/29 06:24:09.766, 299.20, 100, 74232, 71
2026/07/29 06:24:10.801, 298.06, 100, 74232, 71
2026/07/29 06:24:11.835, 270.63, 100, 74232, 71
2026/07/29 06:24:12.872, 295.47, 100, 74232, 69
2026/07/29 06:24:13.910, 296.54, 100, 74232, 69
2026/07/29 06:24:14.948, 296.75, 100, 74232, 69
2026/07/29 06:24:15.984, 290.25, 100, 74232, 69
2026/07/29 06:24:17.022, 301.37, 100, 74232, 71
2026/07/29 06:24:18.057, 308.87, 100, 74232, 71
2026/07/29 06:24:19.093, 290.01, 100, 74232, 71
2026/07/29 06:24:20.131, 301.61, 100, 74232, 71
2026/07/29 06:24:21.167, 282.59, 100, 74232, 72
2026/07/29 06:24:22.205, 300.07, 100, 74232, 70
2026/07/29 06:24:23.244, 288.72, 100, 74232, 70
2026/07/29 06:24:24.282, 289.75, 100, 74232, 70
2026/07/29 06:24:25.320, 286.09, 100, 74232, 70
2026/07/29 06:24:26.358, 297.71, 100, 74232, 70
2026/07/29 06:24:27.396, 296.64, 100, 74232, 70
2026/07/29 06:24:28.435, 95.72, 0, 74232, 67
2026/07/29 06:24:29.470, 279.29, 100, 74232, 72
2026/07/29 06:24:30.505, 292.96, 100, 74232, 72
2026/07/29 06:24:31.540, 294.22, 100, 74232, 72
2026/07/29 06:24:32.576, 273.79, 100, 74232, 72
2026/07/29 06:24:33.611, 287.02, 100, 74232, 72
2026/07/29 06:24:34.648, 306.23, 100, 74232, 71
2026/07/29 06:24:35.685, 295.69, 100, 74232, 70
2026/07/29 06:24:36.724, 300.74, 100, 74232, 71
2026/07/29 06:24:37.762, 309.11, 100, 74232, 71
2026/07/29 06:24:38.801, 304.40, 89, 74232, 72
2026/07/29 06:24:39.836, 286.20, 100, 74232, 72
2026/07/29 06:24:40.872, 287.93, 100, 74232, 72
2026/07/29 06:24:41.907, 292.88, 100, 74232, 72
2026/07/29 06:24:42.941, 291.77, 100, 74232, 72
2026/07/29 06:24:43.974, 274.70, 100, 74232, 73
2026/07/29 06:24:45.009, 299.54, 100, 74232, 71
2026/07/29 06:24:46.047, 307.41, 100, 74232, 71
2026/07/29 06:24:47.085, 306.79, 100, 74232, 71
2026/07/29 06:24:48.122, 306.56, 100, 74232, 71
2026/07/29 06:24:49.160, 306.86, 100, 74232, 71
2026/07/29 06:24:50.198, 299.75, 100, 74232, 71
2026/07/29 06:24:51.236, 300.23, 100, 74232, 71
2026/07/29 06:24:52.274, 293.25, 100, 74232, 73
2026/07/29 06:24:53.311, 302.86, 100, 74232, 73
2026/07/29 06:24:54.346, 302.95, 100, 74232, 73
2026/07/29 06:24:55.387, 303.80, 100, 74232, 73
2026/07/29 06:24:56.422, 284.60, 100, 74232, 73
2026/07/29 06:24:57.458, 301.43, 100, 74232, 73
2026/07/29 06:24:58.496, 306.66, 100, 74232, 72
2026/07/29 06:24:59.535, 300.13, 100, 74232, 71
2026/07/29 06:25:00.573, 299.63, 100, 74232, 72
2026/07/29 06:25:01.610, 306.38, 100, 74232, 72
2026/07/29 06:25:02.646, 301.23, 100, 74232, 72
2026/07/29 06:25:03.684, 300.14, 100, 74232, 72
2026/07/29 06:25:04.722, 300.14, 100, 74232, 72
2026/07/29 06:25:05.760, 301.27, 100, 74232, 72
2026/07/29 06:25:06.796, 300.26, 100, 74232, 72
2026/07/29 06:25:07.833, 300.89, 100, 74232, 72
2026/07/29 06:25:08.869, 301.26, 100, 74232, 72
2026/07/29 06:25:09.905, 299.68, 100, 74232, 72
2026/07/29 06:25:10.941, 300.22, 100, 74232, 72
2026/07/29 06:25:11.979, 300.99, 100, 74232, 72
2026/07/29 06:25:13.016, 300.33, 100, 74232, 72
2026/07/29 06:25:14.053, 300.81, 100, 74232, 72
2026/07/29 06:25:15.090, 299.62, 100, 74232, 72
2026/07/29 06:25:16.127, 298.02, 100, 74232, 72
2026/07/29 06:25:17.164, 300.19, 100, 74232, 72
2026/07/29 06:25:18.202, 300.84, 100, 74232, 71
2026/07/29 06:25:19.239, 297.13, 100, 74232, 73
2026/07/29 06:25:20.274, 296.68, 100, 74232, 73
2026/07/29 06:25:21.307, 303.63, 100, 74232, 73
2026/07/29 06:25:22.341, 285.65, 100, 74232, 73
2026/07/29 06:25:23.378, 325.49, 100, 74232, 73
2026/07/29 06:25:24.415, 290.83, 100, 74232, 73
2026/07/29 06:25:25.449, 298.89, 100, 74232, 71
2026/07/29 06:25:26.485, 299.48, 100, 74232, 71
2026/07/29 06:25:27.525, 300.92, 100, 74232, 71
2026/07/29 06:25:28.565, 299.66, 100, 74232, 71
2026/07/29 06:25:29.602, 299.06, 100, 74232, 71
2026/07/29 06:25:30.640, 308.92, 100, 74232, 71
2026/07/29 06:25:31.676, 299.65, 100, 74232, 71
2026/07/29 06:25:32.713, 130.78, 100, 74232, 73
2026/07/29 06:25:33.750, 291.80, 100, 74232, 73
2026/07/29 06:25:34.783, 279.38, 100, 74232, 73
2026/07/29 06:25:35.823, 323.42, 100, 74232, 73
2026/07/29 06:25:36.859, 288.71, 100, 74232, 73
2026/07/29 06:25:37.894, 319.84, 100, 74232, 73
2026/07/29 06:25:38.937, 319.30, 100, 74232, 73
2026/07/29 06:25:39.973, 299.96, 100, 74232, 71
2026/07/29 06:25:41.011, 300.85, 100, 74232, 71
2026/07/29 06:25:42.048, 303.75, 100, 74232, 71
2026/07/29 06:25:43.085, 299.93, 100, 74232, 72
2026/07/29 06:25:44.122, 302.86, 100, 74232, 72
2026/07/29 06:25:45.162, 300.16, 100, 74232, 72
2026/07/29 06:25:46.200, 300.69, 100, 74232, 72
2026/07/29 06:25:47.237, 299.15, 30, 74232, 73
2026/07/29 06:25:48.272, 287.18, 100, 74232, 73
2026/07/29 06:25:49.306, 303.68, 100, 74232, 73
2026/07/29 06:25:50.340, 292.30, 100, 74232, 73
2026/07/29 06:25:51.374, 311.26, 100, 74232, 73
2026/07/29 06:25:52.411, 262.06, 100, 74232, 73
2026/07/29 06:25:53.446, 287.30, 100, 74232, 73
2026/07/29 06:25:54.480, 302.65, 100, 74232, 71
2026/07/29 06:25:55.517, 307.19, 100, 74232, 72
2026/07/29 06:25:56.553, 300.35, 100, 74232, 71
2026/07/29 06:25:57.591, 300.65, 100, 74232, 72
2026/07/29 06:25:58.627, 98.69, 10, 74232, 69
2026/07/29 06:25:59.660, 299.36, 100, 74232, 73
2026/07/29 06:26:00.695, 298.65, 100, 74232, 73
2026/07/29 06:26:01.729, 293.56, 100, 74232, 73
2026/07/29 06:26:02.767, 312.23, 100, 74232, 73
2026/07/29 06:26:03.800, 304.11, 100, 74232, 73
2026/07/29 06:26:04.834, 282.48, 100, 74232, 73
2026/07/29 06:26:05.868, 315.29, 100, 74232, 74
2026/07/29 06:26:06.903, 301.64, 100, 74232, 72
2026/07/29 06:26:07.943, 301.10, 100, 74232, 72
2026/07/29 06:26:08.982, 300.14, 100, 74232, 72
2026/07/29 06:26:10.019, 98.19, 0, 74232, 69
2026/07/29 06:26:11.053, 289.12, 100, 74232, 73
2026/07/29 06:26:12.087, 297.88, 100, 74232, 73
2026/07/29 06:26:13.121, 304.95, 100, 74232, 73
2026/07/29 06:26:14.154, 278.70, 100, 74232, 73
2026/07/29 06:26:15.189, 278.13, 100, 74232, 73
2026/07/29 06:26:16.223, 304.24, 100, 74232, 74
2026/07/29 06:26:17.257, 253.54, 100, 74232, 72
2026/07/29 06:26:18.297, 292.29, 100, 74232, 72
2026/07/29 06:26:19.335, 292.76, 100, 74232, 72
2026/07/29 06:26:20.375, 292.87, 100, 74232, 72
2026/07/29 06:26:21.414, 98.69, 0, 74232, 69
2026/07/29 06:26:22.447, 297.13, 100, 74232, 73
2026/07/29 06:26:23.481, 298.04, 100, 74232, 73
2026/07/29 06:26:24.515, 313.01, 100, 74232, 74
2026/07/29 06:26:25.551, 308.58, 100, 74232, 74
2026/07/29 06:26:26.587, 293.24, 100, 74232, 74
2026/07/29 06:26:27.622, 301.53, 100, 74232, 74
2026/07/29 06:26:28.659, 290.14, 100, 74232, 74
2026/07/29 06:26:29.697, 301.58, 100, 74232, 72
2026/07/29 06:26:30.735, 301.13, 100, 74232, 72
2026/07/29 06:26:31.772, 302.00, 100, 74232, 72
2026/07/29 06:26:32.810, 297.51, 100, 74232, 72
2026/07/29 06:26:33.849, 290.52, 100, 74232, 72
2026/07/29 06:26:34.889, 290.65, 100, 74232, 72
2026/07/29 06:26:35.928, 294.31, 100, 74232, 72
2026/07/29 06:26:36.966, 294.41, 100, 74232, 72
2026/07/29 06:26:38.004, 97.56, 64, 74232, 70
2026/07/29 06:26:39.037, 300.23, 100, 74232, 74
2026/07/29 06:26:40.073, 290.83, 100, 74232, 74
2026/07/29 06:26:41.107, 289.26, 100, 74232, 74
2026/07/29 06:26:42.144, 298.94, 100, 74232, 74
2026/07/29 06:26:43.179, 299.05, 100, 74232, 74
2026/07/29 06:26:44.220, 326.65, 100, 74232, 74
2026/07/29 06:26:45.255, 326.67, 100, 74232, 74
2026/07/29 06:26:46.294, 301.21, 100, 74232, 72
2026/07/29 06:26:47.332, 302.65, 100, 74232, 72
2026/07/29 06:26:48.370, 301.13, 100, 74232, 72
2026/07/29 06:26:49.407, 300.81, 100, 74232, 72
2026/07/29 06:26:50.445, 295.76, 100, 74232, 72
2026/07/29 06:26:51.482, 290.64, 100, 74232, 72
2026/07/29 06:26:52.521, 293.76, 100, 74232, 72
2026/07/29 06:26:53.559, 294.90, 100, 74232, 72
2026/07/29 06:26:54.596, 298.40, 100, 74232, 72
2026/07/29 06:26:55.633, 294.06, 100, 74232, 72
2026/07/29 06:26:56.671, 301.92, 100, 74232, 72
2026/07/29 06:26:57.709, 297.80, 100, 74232, 72
2026/07/29 06:26:58.747, 351.45, 61, 74232, 74
2026/07/29 06:26:59.786, 297.05, 100, 74232, 72
2026/07/29 06:27:00.827, 303.58, 100, 74232, 72
2026/07/29 06:27:01.865, 300.63, 100, 74232, 72
2026/07/29 06:27:02.903, 301.67, 100, 74232, 72
2026/07/29 06:27:03.941, 302.18, 100, 74232, 72
2026/07/29 06:27:04.978, 300.83, 100, 74232, 72
2026/07/29 06:27:06.015, 302.27, 100, 74232, 72
2026/07/29 06:27:07.053, 302.39, 100, 74232, 72
2026/07/29 06:27:08.091, 301.47, 100, 74232, 72
2026/07/29 06:27:09.128, 299.55, 100, 74232, 72
2026/07/29 06:27:10.165, 301.12, 100, 74232, 72
2026/07/29 06:27:11.204, 306.36, 100, 74232, 72
2026/07/29 06:27:12.241, 301.63, 100, 74232, 72
2026/07/29 06:27:13.279, 299.92, 100, 74232, 72
2026/07/29 06:27:14.317, 302.11, 100, 74232, 72
2026/07/29 06:27:15.355, 300.06, 100, 74232, 72
2026/07/29 06:27:16.393, 301.19, 100, 74232, 72
2026/07/29 06:27:17.430, 302.34, 100, 74232, 72
2026/07/29 06:27:18.467, 299.67, 100, 74232, 72
2026/07/29 06:27:19.505, 298.79, 100, 74232, 72
2026/07/29 06:27:20.544, 299.68, 100, 74232, 72
2026/07/29 06:27:21.582, 298.99, 100, 74232, 72
2026/07/29 06:27:22.621, 302.44, 100, 74232, 72
2026/07/29 06:27:23.657, 299.28, 100, 74232, 72
2026/07/29 06:27:24.694, 297.72, 100, 74232, 72
2026/07/29 06:27:25.732, 306.10, 100, 74232, 72
2026/07/29 06:27:26.768, 305.45, 100, 74232, 72
2026/07/29 06:27:27.805, 299.67, 100, 74232, 72
2026/07/29 06:27:28.842, 304.13, 100, 74232, 72
2026/07/29 06:27:29.881, 299.94, 100, 74232, 72
2026/07/29 06:27:30.919, 300.32, 100, 74232, 72
2026/07/29 06:27:31.959, 307.46, 100, 74232, 72
2026/07/29 06:27:32.996, 298.40, 100, 74232, 72
2026/07/29 06:27:34.034, 300.99, 100, 74232, 71
2026/07/29 06:27:35.070, 306.37, 100, 74232, 72
2026/07/29 06:27:36.106, 305.09, 100, 74232, 71
2026/07/29 06:27:37.142, 304.41, 100, 74232, 72
2026/07/29 06:27:38.179, 299.95, 100, 74232, 71
2026/07/29 06:27:39.216, 301.32, 100, 74232, 71
2026/07/29 06:27:40.256, 301.09, 100, 74232, 71
2026/07/29 06:27:41.292, 299.25, 100, 74232, 71
2026/07/29 06:27:42.330, 300.11, 100, 74232, 71
2026/07/29 06:27:43.366, 296.54, 100, 74232, 71
2026/07/29 06:27:44.403, 299.35, 100, 74232, 71
2026/07/29 06:27:45.440, 297.98, 100, 74232, 71
2026/07/29 06:27:46.478, 297.99, 100, 74232, 71
2026/07/29 06:27:47.515, 299.58, 100, 74232, 71
2026/07/29 06:27:48.552, 299.35, 100, 74232, 71
2026/07/29 06:27:49.592, 300.33, 100, 74232, 71
2026/07/29 06:27:50.629, 305.95, 100, 74232, 71
2026/07/29 06:27:51.667, 308.14, 100, 74232, 71
2026/07/29 06:27:52.706, 298.38, 100, 74232, 71
2026/07/29 06:27:53.745, 299.55, 100, 74232, 71
2026/07/29 06:27:54.784, 301.20, 100, 74232, 71
2026/07/29 06:27:55.821, 305.89, 100, 74232, 71
2026/07/29 06:27:56.858, 298.62, 100, 74232, 71
2026/07/29 06:27:57.896, 300.73, 100, 74232, 71
2026/07/29 06:27:58.933, 299.67, 100, 74232, 71
2026/07/29 06:27:59.970, 300.24, 100, 74232, 71
2026/07/29 06:28:01.008, 298.39, 100, 74232, 71
2026/07/29 06:28:02.046, 301.20, 100, 74232, 71
2026/07/29 06:28:03.082, 299.64, 100, 74232, 71
2026/07/29 06:28:04.121, 299.26, 100, 74232, 71
2026/07/29 06:28:05.158, 297.99, 100, 74232, 71
2026/07/29 06:28:06.195, 297.62, 100, 74232, 71
2026/07/29 06:28:07.234, 298.02, 100, 74232, 71
2026/07/29 06:28:08.272, 299.75, 100, 74232, 71
2026/07/29 06:28:09.308, 298.60, 100, 74232, 71
2026/07/29 06:28:10.348, 299.98, 100, 74232, 71
2026/07/29 06:28:11.387, 300.24, 100, 74232, 71
2026/07/29 06:28:12.425, 297.52, 100, 74232, 71
2026/07/29 06:28:13.463, 297.42, 100, 74232, 71
2026/07/29 06:28:14.501, 300.20, 100, 74232, 71
2026/07/29 06:28:15.538, 301.18, 100, 74232, 71
2026/07/29 06:28:16.577, 298.86, 100, 74232, 71
2026/07/29 06:28:17.615, 298.42, 100, 74232, 71
2026/07/29 06:28:18.652, 299.26, 100, 74232, 71
2026/07/29 06:28:19.689, 298.01, 100, 74232, 71
2026/07/29 06:28:20.727, 298.20, 100, 74232, 71
2026/07/29 06:28:21.764, 299.25, 100, 74232, 71
2026/07/29 06:28:22.804, 299.18, 100, 74232, 71
2026/07/29 06:28:23.841, 298.88, 100, 74232, 71
2026/07/29 06:28:24.878, 300.16, 100, 74232, 71
2026/07/29 06:28:25.915, 298.02, 100, 74232, 71
2026/07/29 06:28:26.952, 300.99, 100, 74232, 71
2026/07/29 06:28:27.992, 296.19, 100, 74232, 73
2026/07/29 06:28:29.028, 300.11, 100, 74232, 73
2026/07/29 06:28:30.066, 296.29, 100, 74232, 73
2026/07/29 06:28:31.112, 297.13, 100, 74232, 73
2026/07/29 06:28:32.148, 300.81, 100, 74232, 73
2026/07/29 06:28:33.184, 280.33, 100, 74232, 72
2026/07/29 06:28:34.222, 307.69, 100, 74232, 71
2026/07/29 06:28:35.261, 302.10, 100, 74232, 71
2026/07/29 06:28:36.300, 293.84, 100, 74232, 71
2026/07/29 06:28:37.338, 299.86, 100, 74232, 71
2026/07/29 06:28:38.377, 306.46, 100, 74232, 71
2026/07/29 06:28:39.415, 300.51, 100, 74232, 71
2026/07/29 06:28:40.453, 311.36, 100, 74232, 72
2026/07/29 06:28:41.495, 300.12, 100, 74232, 71
2026/07/29 06:28:42.532, 299.25, 100, 74232, 72
2026/07/29 06:28:43.571, 294.70, 100, 74232, 71
2026/07/29 06:28:44.613, 292.41, 100, 74232, 71
2026/07/29 06:28:45.650, 293.00, 100, 74232, 72
2026/07/29 06:28:46.689, 288.89, 100, 74232, 71
2026/07/29 06:28:47.731, 289.55, 100, 74232, 71
2026/07/29 06:28:48.770, 302.84, 100, 74232, 72
2026/07/29 06:28:49.808, 98.20, 0, 74232, 68
2026/07/29 06:28:50.841, 96.98, 0, 74232, 68
2026/07/29 06:28:51.876, 96.46, 0, 74232, 67
2026/07/29 06:28:52.908, 93.90, 0, 74232, 66
2026/07/29 06:28:53.940, 94.07, 0, 74232, 66
2026/07/29 06:28:54.973, 93.07, 0, 74232, 65
2026/07/29 06:28:56.004, 91.79, 0, 74232, 64
2026/07/29 06:28:57.034, 92.03, 0, 74232, 64
2026/07/29 06:28:58.067, 91.53, 0, 74232, 64
2026/07/29 06:28:59.098, 90.20, 0, 74232, 63
2026/07/29 06:29:00.128, 89.24, 0, 74232, 63
2026/07/29 06:29:01.159, 89.34, 0, 74232, 62
2026/07/29 06:29:02.272, 88.68, 0, 74232, 62
2026/07/29 06:29:03.303, 88.27, 0, 74232, 61
2026/07/29 06:29:04.333, 88.23, 0, 74232, 61
2026/07/29 06:29:05.364, 87.12, 0, 74232, 61
2026/07/29 06:29:06.394, 86.78, 0, 74232, 60
2026/07/29 06:29:07.425, 86.10, 0, 74232, 60
2026/07/29 06:29:08.456, 86.03, 0, 74232, 60
2026/07/29 06:29:09.487, 85.70, 0, 74232, 60
2026/07/29 06:29:10.517, 85.36, 0, 74232, 59
2026/07/29 06:29:11.549, 85.07, 0, 74232, 59
2026/07/29 06:29:12.582, 84.77, 0, 74232, 59
2026/07/29 06:29:13.613, 84.36, 0, 74232, 58
2026/07/29 06:29:14.644, 83.29, 0, 74232, 58
2026/07/29 06:29:15.675, 83.56, 0, 74232, 58
2026/07/29 06:29:16.707, 83.01, 0, 74232, 58
2026/07/29 06:29:17.737, 82.40, 0, 74232, 57
2026/07/29 06:29:18.770, 301.49, 79, 74232, 62
2026/07/29 06:29:19.805, 293.25, 100, 74232, 63
2026/07/29 06:29:20.840, 317.33, 100, 74232, 63
2026/07/29 06:29:21.877, 307.40, 100, 74232, 64
2026/07/29 06:29:22.915, 290.74, 100, 74232, 63
2026/07/29 06:29:23.955, 287.73, 100, 74232, 62
2026/07/29 06:29:24.992, 291.31, 100, 74232, 62
2026/07/29 06:29:26.033, 295.12, 100, 74232, 63
2026/07/29 06:29:27.071, 294.83, 100, 74232, 63
2026/07/29 06:29:28.107, 295.48, 100, 74232, 63
2026/07/29 06:29:29.146, 295.76, 100, 74232, 64
2026/07/29 06:29:30.184, 294.32, 100, 74232, 64
2026/07/29 06:29:31.221, 299.76, 100, 74232, 66
2026/07/29 06:29:32.256, 286.93, 100, 74232, 66
2026/07/29 06:29:33.291, 301.34, 100, 74232, 66
2026/07/29 06:29:34.329, 303.53, 100, 74232, 66
2026/07/29 06:29:35.362, 281.00, 100, 74232, 66
2026/07/29 06:29:36.401, 284.74, 100, 74232, 65
2026/07/29 06:29:37.441, 302.08, 100, 74232, 65
2026/07/29 06:29:38.478, 300.22, 100, 74232, 65
2026/07/29 06:29:39.516, 306.82, 100, 74232, 66
2026/07/29 06:29:40.553, 286.17, 100, 74232, 68
2026/07/29 06:29:41.588, 283.74, 100, 74232, 68
2026/07/29 06:29:42.623, 288.82, 100, 74232, 68
2026/07/29 06:29:43.659, 300.02, 100, 74232, 68
2026/07/29 06:29:44.693, 296.45, 100, 74232, 67
2026/07/29 06:29:45.731, 298.57, 100, 74232, 67
2026/07/29 06:29:46.770, 298.39, 100, 74232, 67
2026/07/29 06:29:47.806, 295.00, 100, 74232, 69
2026/07/29 06:29:48.843, 302.82, 100, 74232, 69
2026/07/29 06:29:49.877, 303.15, 100, 74232, 69
2026/07/29 06:29:50.913, 321.19, 100, 74232, 69
2026/07/29 06:29:51.950, 305.98, 100, 74232, 69
2026/07/29 06:29:52.985, 303.61, 100, 74232, 68
2026/07/29 06:29:54.022, 301.60, 100, 74232, 68
2026/07/29 06:29:55.059, 301.52, 100, 74232, 68
2026/07/29 06:29:56.097, 294.89, 100, 74232, 68
2026/07/29 06:29:57.133, 295.29, 100, 74232, 68
2026/07/29 06:29:58.171, 294.61, 100, 74232, 68
2026/07/29 06:29:59.208, 92.80, 39, 74232, 66
2026/07/29 06:30:00.241, 299.49, 100, 74232, 70
2026/07/29 06:30:01.278, 309.95, 100, 74232, 70
2026/07/29 06:30:02.316, 291.68, 100, 74232, 70
2026/07/29 06:30:03.352, 304.94, 100, 74232, 71
2026/07/29 06:30:04.388, 301.42, 100, 74232, 71
2026/07/29 06:30:05.423, 302.16, 100, 74232, 69
2026/07/29 06:30:06.460, 302.96, 100, 74232, 69
2026/07/29 06:30:07.497, 283.35, 94, 74232, 71
2026/07/29 06:30:08.531, 305.13, 100, 74232, 71
2026/07/29 06:30:09.571, 294.05, 100, 74232, 71
2026/07/29 06:30:10.610, 277.08, 100, 74232, 71
2026/07/29 06:30:11.645, 306.85, 100, 74232, 71
2026/07/29 06:30:12.682, 268.11, 100, 74232, 70
2026/07/29 06:30:13.725, 281.76, 100, 74232, 70
2026/07/29 06:30:14.763, 291.48, 100, 74232, 70
2026/07/29 06:30:15.800, 292.95, 100, 74232, 70
2026/07/29 06:30:16.841, 294.13, 100, 74232, 70
2026/07/29 06:30:17.879, 297.35, 100, 74232, 70
2026/07/29 06:30:18.915, 295.78, 100, 74232, 70
2026/07/29 06:30:19.953, 299.13, 100, 74232, 70
2026/07/29 06:30:20.989, 304.20, 100, 74232, 70
2026/07/29 06:30:22.027, 306.08, 100, 74232, 71
2026/07/29 06:30:23.063, 302.00, 100, 74232, 71
2026/07/29 06:30:24.100, 306.79, 100, 74232, 71
2026/07/29 06:30:25.136, 305.77, 100, 74232, 71
2026/07/29 06:30:26.174, 298.70, 100, 74232, 71
2026/07/29 06:30:27.210, 305.32, 100, 74232, 71
2026/07/29 06:30:28.247, 300.88, 100, 74232, 71
2026/07/29 06:30:29.284, 297.93, 100, 74232, 71
2026/07/29 06:30:30.322, 298.53, 100, 74232, 71
2026/07/29 06:30:31.361, 299.38, 100, 74232, 71
2026/07/29 06:30:32.398, 299.54, 100, 74232, 71
2026/07/29 06:30:33.437, 297.04, 100, 74232, 71
2026/07/29 06:30:34.474, 299.49, 100, 74232, 71
2026/07/29 06:30:35.510, 301.29, 100, 74232, 71
2026/07/29 06:30:36.548, 297.71, 100, 74232, 71
2026/07/29 06:30:37.584, 299.08, 100, 74232, 71
2026/07/29 06:30:38.623, 299.85, 100, 74232, 71
2026/07/29 06:30:39.659, 298.90, 100, 74232, 71
2026/07/29 06:30:40.695, 299.83, 100, 74232, 71
2026/07/29 06:30:41.731, 297.83, 100, 74232, 71
2026/07/29 06:30:42.768, 302.15, 100, 74232, 71
2026/07/29 06:30:43.806, 297.81, 100, 74232, 71
2026/07/29 06:30:44.842, 299.35, 100, 74232, 71
2026/07/29 06:30:45.877, 300.14, 100, 74232, 71
2026/07/29 06:30:46.912, 298.20, 100, 74232, 71
2026/07/29 06:30:47.948, 299.30, 100, 74232, 71
2026/07/29 06:30:48.985, 298.80, 100, 74232, 71
2026/07/29 06:30:50.022, 298.98, 100, 74232, 71
2026/07/29 06:30:51.059, 299.18, 100, 74232, 71
2026/07/29 06:30:52.095, 299.36, 100, 74232, 71
2026/07/29 06:30:53.131, 298.79, 100, 74232, 71
2026/07/29 06:30:54.167, 298.69, 100, 74232, 71
2026/07/29 06:30:55.204, 298.20, 100, 74232, 71
2026/07/29 06:30:56.240, 298.42, 100, 74232, 71
2026/07/29 06:30:57.276, 297.79, 100, 74232, 71
2026/07/29 06:30:58.315, 299.06, 100, 74232, 71
2026/07/29 06:30:59.352, 299.76, 100, 74232, 71
2026/07/29 06:31:00.390, 298.99, 100, 74232, 71
2026/07/29 06:31:01.428, 298.01, 100, 74232, 71
2026/07/29 06:31:02.466, 298.51, 100, 74232, 71
2026/07/29 06:31:03.504, 298.67, 100, 74232, 71
2026/07/29 06:31:04.542, 299.89, 100, 74232, 71
2026/07/29 06:31:05.581, 300.11, 100, 74232, 71
2026/07/29 06:31:06.618, 97.30, 0, 74232, 68
2026/07/29 06:31:07.650, 301.09, 100, 74232, 72
2026/07/29 06:31:08.686, 313.44, 100, 74232, 72
2026/07/29 06:31:09.724, 298.16, 100, 74232, 72
2026/07/29 06:31:10.758, 300.02, 100, 74232, 72
2026/07/29 06:31:11.793, 278.40, 100, 74232, 72
2026/07/29 06:31:12.829, 306.28, 100, 74232, 71
2026/07/29 06:31:13.866, 298.88, 100, 74232, 71
2026/07/29 06:31:14.904, 298.29, 100, 74232, 71
2026/07/29 06:31:15.942, 306.51, 100, 74232, 71
2026/07/29 06:31:16.980, 299.48, 100, 74232, 71
2026/07/29 06:31:18.018, 304.33, 100, 74232, 71
2026/07/29 06:31:19.055, 299.74, 100, 74232, 71
2026/07/29 06:31:20.092, 301.13, 100, 74232, 71
2026/07/29 06:31:21.129, 310.43, 100, 74232, 71
2026/07/29 06:31:22.167, 299.38, 100, 74232, 71
2026/07/29 06:31:23.204, 300.73, 100, 74232, 71
2026/07/29 06:31:24.241, 301.40, 100, 74232, 71
2026/07/29 06:31:25.279, 299.97, 100, 74232, 71
2026/07/29 06:31:26.316, 299.30, 100, 74232, 71
2026/07/29 06:31:27.353, 301.42, 100, 74232, 71
2026/07/29 06:31:28.389, 301.42, 100, 74232, 71
2026/07/29 06:31:29.426, 299.22, 100, 74232, 71
2026/07/29 06:31:30.462, 292.39, 100, 74232, 71
2026/07/29 06:31:31.498, 293.26, 100, 74232, 71
2026/07/29 06:31:32.535, 301.70, 100, 74232, 71
2026/07/29 06:31:33.572, 294.33, 100, 74232, 71
2026/07/29 06:31:34.608, 292.18, 100, 74232, 71
2026/07/29 06:31:35.646, 289.47, 100, 74232, 71
2026/07/29 06:31:36.683, 292.38, 100, 74232, 71
2026/07/29 06:31:37.720, 300.35, 100, 74232, 71
2026/07/29 06:31:38.756, 300.05, 100, 74232, 71
2026/07/29 06:31:39.791, 306.76, 100, 74232, 71
2026/07/29 06:31:40.827, 302.38, 100, 74232, 71
2026/07/29 06:31:41.863, 303.39, 100, 74232, 71
2026/07/29 06:31:42.901, 300.74, 100, 74232, 71
2026/07/29 06:31:43.938, 300.35, 100, 74232, 71
2026/07/29 06:31:44.975, 299.85, 100, 74232, 71
2026/07/29 06:31:46.013, 310.02, 100, 74232, 71
2026/07/29 06:31:47.051, 300.22, 100, 74232, 71
2026/07/29 06:31:48.089, 299.53, 100, 74232, 71
2026/07/29 06:31:49.127, 299.67, 100, 74232, 71
2026/07/29 06:31:50.164, 299.67, 100, 74232, 71
2026/07/29 06:31:51.201, 299.38, 100, 74232, 71
2026/07/29 06:31:52.238, 296.65, 100, 74232, 71
2026/07/29 06:31:53.275, 305.17, 100, 74232, 71
2026/07/29 06:31:54.315, 300.46, 100, 74232, 71
2026/07/29 06:31:55.353, 301.32, 100, 74232, 71
2026/07/29 06:31:56.389, 301.11, 100, 74232, 71
2026/07/29 06:31:57.427, 299.46, 100, 74232, 71
2026/07/29 06:31:58.465, 300.16, 100, 74232, 71
2026/07/29 06:31:59.503, 299.08, 100, 74232, 71
2026/07/29 06:32:00.540, 300.32, 100, 74232, 71
2026/07/29 06:32:01.580, 299.96, 100, 74232, 71
2026/07/29 06:32:02.617, 304.47, 100, 74232, 71
2026/07/29 06:32:03.655, 299.35, 100, 74232, 71
2026/07/29 06:32:04.693, 299.54, 100, 74232, 71
2026/07/29 06:32:05.732, 300.40, 100, 74232, 71
2026/07/29 06:32:06.770, 298.39, 100, 74232, 71
2026/07/29 06:32:07.807, 298.87, 100, 74232, 71
2026/07/29 06:32:08.845, 300.23, 100, 74232, 71
2026/07/29 06:32:09.883, 300.36, 100, 74232, 71
2026/07/29 06:32:10.920, 293.65, 100, 74232, 71
2026/07/29 06:32:11.958, 292.38, 100, 74232, 71
2026/07/29 06:32:12.995, 292.70, 100, 74232, 71
2026/07/29 06:32:14.033, 299.58, 100, 74232, 71
2026/07/29 06:32:15.071, 299.77, 100, 74232, 71
2026/07/29 06:32:16.108, 300.46, 100, 74232, 71
2026/07/29 06:32:17.145, 301.62, 100, 74232, 71
2026/07/29 06:32:18.185, 299.48, 100, 74232, 71
2026/07/29 06:32:19.222, 296.86, 100, 74232, 71
2026/07/29 06:32:20.259, 301.38, 100, 74232, 71
2026/07/29 06:32:21.296, 299.17, 100, 74232, 71
2026/07/29 06:32:22.332, 300.06, 100, 74232, 71
2026/07/29 06:32:23.369, 301.86, 100, 74232, 71
2026/07/29 06:32:24.405, 299.17, 100, 74232, 71
2026/07/29 06:32:25.442, 97.70, 0, 74232, 68
2026/07/29 06:32:26.475, 294.03, 100, 74232, 73
2026/07/29 06:32:27.510, 277.82, 100, 74232, 73
2026/07/29 06:32:28.545, 280.78, 100, 74232, 72
2026/07/29 06:32:29.585, 287.50, 100, 74232, 73
2026/07/29 06:32:30.619, 266.44, 100, 74232, 73
2026/07/29 06:32:31.654, 307.14, 100, 74232, 71
2026/07/29 06:32:32.691, 298.61, 100, 74232, 71
2026/07/29 06:32:33.727, 298.97, 100, 74232, 71
2026/07/29 06:32:34.765, 299.35, 100, 74232, 71
2026/07/29 06:32:35.802, 301.00, 100, 74232, 71
2026/07/29 06:32:36.838, 295.69, 100, 74232, 71
2026/07/29 06:32:37.874, 299.26, 100, 74232, 71
2026/07/29 06:32:38.910, 300.90, 100, 74232, 71
2026/07/29 06:32:39.947, 302.67, 100, 74232, 71
2026/07/29 06:32:40.986, 299.08, 100, 74232, 71
2026/07/29 06:32:42.024, 301.57, 100, 74232, 71
2026/07/29 06:32:43.060, 301.58, 100, 74232, 71
2026/07/29 06:32:44.098, 299.46, 100, 74232, 71
2026/07/29 06:32:45.136, 300.13, 100, 74232, 71
2026/07/29 06:32:46.174, 296.16, 100, 74232, 71
2026/07/29 06:32:47.212, 300.77, 100, 74232, 71
2026/07/29 06:32:48.249, 299.94, 100, 74232, 71
2026/07/29 06:32:49.291, 307.10, 100, 74232, 72
2026/07/29 06:32:50.328, 298.28, 100, 74232, 71
2026/07/29 06:32:51.365, 299.26, 100, 74232, 71
2026/07/29 06:32:52.403, 296.07, 100, 74232, 71
2026/07/29 06:32:53.440, 298.19, 100, 74232, 71
2026/07/29 06:32:54.477, 300.85, 100, 74232, 71
2026/07/29 06:32:55.514, 299.92, 100, 74232, 71
2026/07/29 06:32:56.551, 300.61, 100, 74232, 71
2026/07/29 06:32:57.589, 300.51, 100, 74232, 71
2026/07/29 06:32:58.626, 299.74, 100, 74232, 71
2026/07/29 06:32:59.663, 299.78, 100, 74232, 71
2026/07/29 06:33:00.700, 299.67, 100, 74232, 71
2026/07/29 06:33:01.736, 301.19, 100, 74232, 71
2026/07/29 06:33:02.774, 292.67, 100, 74232, 71
2026/07/29 06:33:03.811, 292.59, 100, 74232, 71
2026/07/29 06:33:04.849, 298.01, 100, 74232, 71
2026/07/29 06:33:05.886, 293.73, 100, 74232, 71
2026/07/29 06:33:06.923, 288.22, 100, 74232, 71
2026/07/29 06:33:07.960, 291.88, 100, 74232, 71
2026/07/29 06:33:08.999, 299.83, 100, 74232, 71
2026/07/29 06:33:10.036, 299.57, 100, 74232, 71
2026/07/29 06:33:11.073, 300.04, 100, 74232, 71
2026/07/29 06:33:12.110, 296.57, 100, 74232, 71
2026/07/29 06:33:13.147, 296.99, 8, 74232, 72
2026/07/29 06:33:14.182, 292.55, 100, 74232, 73
2026/07/29 06:33:15.218, 305.82, 100, 74232, 73
2026/07/29 06:33:16.252, 294.94, 100, 74232, 73
2026/07/29 06:33:17.286, 290.31, 100, 74232, 73
2026/07/29 06:33:18.323, 275.12, 100, 74232, 73
2026/07/29 06:33:19.364, 306.17, 100, 74232, 71
2026/07/29 06:33:20.401, 303.42, 100, 74232, 71
2026/07/29 06:33:21.439, 307.45, 100, 74232, 71
2026/07/29 06:33:22.475, 97.11, 0, 74232, 68
2026/07/29 06:33:23.507, 297.05, 100, 74232, 72
2026/07/29 06:33:24.544, 301.86, 100, 74232, 73
2026/07/29 06:33:25.580, 310.85, 100, 74232, 73
2026/07/29 06:33:26.616, 321.58, 100, 74232, 73
2026/07/29 06:33:27.653, 296.17, 100, 74232, 73
2026/07/29 06:33:28.687, 304.83, 100, 74232, 71
2026/07/29 06:33:29.726, 293.93, 100, 74232, 71
2026/07/29 06:33:30.766, 299.96, 100, 74232, 71
2026/07/29 06:33:31.805, 297.82, 100, 74232, 73
2026/07/29 06:33:32.840, 283.94, 100, 74232, 73
2026/07/29 06:33:33.874, 292.98, 100, 74232, 73
2026/07/29 06:33:34.908, 288.77, 100, 74232, 74
2026/07/29 06:33:35.948, 271.70, 100, 74232, 73
2026/07/29 06:33:36.984, 286.90, 100, 74232, 74
2026/07/29 06:33:38.020, 301.32, 100, 74232, 72
2026/07/29 06:33:39.058, 302.35, 100, 74232, 72
2026/07/29 06:33:40.095, 300.92, 100, 74232, 72
2026/07/29 06:33:41.134, 294.15, 100, 74232, 72
2026/07/29 06:33:42.177, 293.95, 100, 74232, 72
2026/07/29 06:33:43.215, 293.57, 100, 74232, 72
2026/07/29 06:33:44.252, 294.82, 100, 74232, 72
2026/07/29 06:33:45.289, 297.05, 100, 74232, 72
2026/07/29 06:33:46.328, 292.78, 100, 74232, 72
2026/07/29 06:33:47.366, 294.42, 100, 74232, 72
2026/07/29 06:33:48.408, 293.36, 100, 74232, 72
2026/07/29 06:33:49.446, 293.83, 100, 74232, 72
2026/07/29 06:33:50.483, 302.56, 100, 74232, 72
2026/07/29 06:33:51.520, 301.02, 100, 74232, 72
2026/07/29 06:33:52.558, 300.62, 100, 74232, 72
2026/07/29 06:33:53.597, 300.92, 100, 74232, 72
2026/07/29 06:33:54.635, 301.80, 100, 74232, 72
2026/07/29 06:33:55.672, 301.43, 100, 74232, 72
2026/07/29 06:33:56.711, 302.79, 100, 74232, 72
2026/07/29 06:33:57.748, 301.78, 100, 74232, 72
2026/07/29 06:33:58.786, 302.91, 100, 74232, 72
2026/07/29 06:33:59.823, 300.04, 100, 74232, 72
2026/07/29 06:34:00.860, 293.82, 100, 74232, 72
2026/07/29 06:34:01.897, 292.20, 100, 74232, 72
2026/07/29 06:34:02.934, 300.05, 100, 74232, 72
2026/07/29 06:34:03.972, 292.97, 100, 74232, 72
2026/07/29 06:34:05.008, 294.51, 100, 74232, 72
2026/07/29 06:34:06.044, 293.15, 100, 74232, 72
2026/07/29 06:34:07.081, 296.84, 100, 74232, 72
2026/07/29 06:34:08.119, 292.86, 100, 74232, 72
2026/07/29 06:34:09.155, 293.06, 100, 74232, 72
2026/07/29 06:34:10.191, 98.73, 0, 74232, 72
2026/07/29 06:34:11.227, 288.70, 100, 74232, 73
2026/07/29 06:34:12.262, 283.13, 100, 74232, 73
2026/07/29 06:34:13.299, 312.06, 100, 74232, 73
2026/07/29 06:34:14.333, 268.00, 100, 74232, 73
2026/07/29 06:34:15.369, 314.55, 100, 74232, 73
2026/07/29 06:34:16.405, 299.17, 100, 74232, 72
2026/07/29 06:34:17.441, 300.33, 100, 74232, 71
2026/07/29 06:34:18.478, 300.14, 100, 74232, 72
2026/07/29 06:34:19.514, 298.60, 85, 74232, 73
2026/07/29 06:34:20.549, 298.59, 100, 74232, 73
2026/07/29 06:34:21.586, 281.20, 100, 74232, 73
2026/07/29 06:34:22.621, 296.05, 100, 74232, 73
2026/07/29 06:34:23.656, 281.18, 100, 74232, 73
2026/07/29 06:34:24.692, 286.77, 100, 74232, 73
2026/07/29 06:34:25.733, 252.38, 100, 74232, 72
2026/07/29 06:34:26.771, 290.05, 100, 74232, 72
2026/07/29 06:34:27.809, 292.76, 100, 74232, 72
2026/07/29 06:34:28.846, 289.57, 100, 74232, 72
2026/07/29 06:34:29.883, 99.64, 0, 74232, 69
2026/07/29 06:34:30.915, 297.99, 100, 74232, 73
2026/07/29 06:34:31.954, 287.24, 100, 74232, 73
2026/07/29 06:34:32.988, 297.19, 100, 74232, 74
2026/07/29 06:34:34.025, 311.05, 100, 74232, 74
2026/07/29 06:34:35.062, 292.09, 100, 74232, 74
2026/07/29 06:34:36.096, 305.87, 100, 74232, 74
2026/07/29 06:34:37.131, 300.83, 100, 74232, 72
2026/07/29 06:34:38.168, 302.44, 100, 74232, 72
2026/07/29 06:34:39.204, 302.75, 100, 74232, 72
2026/07/29 06:34:40.242, 300.54, 100, 74232, 74
2026/07/29 06:34:41.276, 299.07, 100, 74232, 74
2026/07/29 06:34:42.312, 289.65, 100, 74232, 74
2026/07/29 06:34:43.346, 310.81, 100, 74232, 74
2026/07/29 06:34:44.382, 289.55, 100, 74232, 74
2026/07/29 06:34:45.415, 309.24, 100, 74232, 74
2026/07/29 06:34:46.451, 324.84, 100, 74232, 74
2026/07/29 06:34:47.492, 291.81, 100, 74232, 72
2026/07/29 06:34:48.530, 287.45, 100, 74232, 72
2026/07/29 06:34:49.566, 294.83, 100, 74232, 72
2026/07/29 06:34:50.605, 294.93, 100, 74232, 72
2026/07/29 06:34:51.642, 295.01, 100, 74232, 72
2026/07/29 06:34:52.679, 294.61, 100, 74232, 73
2026/07/29 06:34:53.715, 294.14, 100, 74232, 73
2026/07/29 06:34:54.752, 295.22, 100, 74232, 73
2026/07/29 06:34:55.789, 301.59, 100, 74232, 73
2026/07/29 06:34:56.829, 299.92, 100, 74232, 73
2026/07/29 06:34:57.866, 302.67, 100, 74232, 73
2026/07/29 06:34:58.903, 302.11, 100, 74232, 73
2026/07/29 06:34:59.941, 302.08, 100, 74232, 73
2026/07/29 06:35:00.977, 301.39, 100, 74232, 73
2026/07/29 06:35:02.013, 303.13, 100, 74232, 73
2026/07/29 06:35:03.050, 301.39, 100, 74232, 73
2026/07/29 06:35:04.086, 302.84, 100, 74232, 72
2026/07/29 06:35:05.123, 301.99, 100, 74232, 72
2026/07/29 06:35:06.161, 306.14, 100, 74232, 74
2026/07/29 06:35:07.195, 300.38, 100, 74232, 74
2026/07/29 06:35:08.230, 300.88, 100, 74232, 74
2026/07/29 06:35:09.265, 297.61, 100, 74232, 74
2026/07/29 06:35:10.299, 310.92, 100, 74232, 74
2026/07/29 06:35:11.338, 274.43, 100, 74232, 73
2026/07/29 06:35:12.371, 295.41, 100, 74232, 74
2026/07/29 06:35:13.408, 300.35, 100, 74232, 72
2026/07/29 06:35:14.446, 301.51, 100, 74232, 72
2026/07/29 06:35:15.483, 302.09, 100, 74232, 71
2026/07/29 06:35:16.518, 297.71, 100, 74232, 72
2026/07/29 06:35:17.554, 292.30, 100, 74232, 72
2026/07/29 06:35:18.592, 288.03, 100, 74232, 72
2026/07/29 06:35:19.628, 299.58, 100, 74232, 72
2026/07/29 06:35:20.665, 298.00, 100, 74232, 72
2026/07/29 06:35:21.701, 296.57, 100, 74232, 72
2026/07/29 06:35:22.739, 301.32, 100, 74232, 72
2026/07/29 06:35:23.776, 294.42, 100, 74232, 72
2026/07/29 06:35:24.813, 293.94, 100, 74232, 72
2026/07/29 06:35:25.849, 301.69, 100, 74232, 72
2026/07/29 06:35:26.886, 295.87, 100, 74232, 72
2026/07/29 06:35:27.922, 300.16, 100, 74232, 72
2026/07/29 06:35:28.959, 302.05, 100, 74232, 72
2026/07/29 06:35:29.996, 293.35, 100, 74232, 72
2026/07/29 06:35:31.036, 302.17, 100, 74232, 72
2026/07/29 06:35:32.074, 290.03, 100, 74232, 72
2026/07/29 06:35:33.113, 293.93, 100, 74232, 72
2026/07/29 06:35:34.151, 299.09, 100, 74232, 72
2026/07/29 06:35:35.188, 300.42, 100, 74232, 72
2026/07/29 06:35:36.226, 301.79, 100, 74232, 72
2026/07/29 06:35:37.261, 301.60, 100, 74232, 72
2026/07/29 06:35:38.299, 300.63, 100, 74232, 72
2026/07/29 06:35:39.336, 301.20, 100, 74232, 72
2026/07/29 06:35:40.374, 301.12, 100, 74232, 72
2026/07/29 06:35:41.411, 301.28, 100, 74232, 72
2026/07/29 06:35:42.447, 301.32, 100, 74232, 72
2026/07/29 06:35:43.483, 300.23, 100, 74232, 72
2026/07/29 06:35:44.521, 301.29, 100, 74232, 72
2026/07/29 06:35:45.559, 295.69, 100, 74232, 72
2026/07/29 06:35:46.598, 300.12, 100, 74232, 72
2026/07/29 06:35:47.636, 298.79, 100, 74232, 72
2026/07/29 06:35:48.674, 301.10, 100, 74232, 72
2026/07/29 06:35:49.713, 300.92, 100, 74232, 72
2026/07/29 06:35:50.750, 306.90, 100, 74232, 72
2026/07/29 06:35:51.788, 300.03, 100, 74232, 72
2026/07/29 06:35:52.826, 304.48, 100, 74232, 72
2026/07/29 06:35:53.863, 298.48, 100, 74232, 72
2026/07/29 06:35:54.901, 299.55, 100, 74232, 72
2026/07/29 06:35:55.938, 299.06, 100, 74232, 72
2026/07/29 06:35:56.977, 300.61, 100, 74232, 72
2026/07/29 06:35:58.016, 298.69, 100, 74232, 72
2026/07/29 06:35:59.056, 300.95, 100, 74232, 72
2026/07/29 06:36:00.094, 299.29, 100, 74232, 72
2026/07/29 06:36:01.132, 298.41, 100, 74232, 72
2026/07/29 06:36:02.170, 300.03, 100, 74232, 72
2026/07/29 06:36:03.208, 300.83, 100, 74232, 72
2026/07/29 06:36:04.246, 299.87, 100, 74232, 72
2026/07/29 06:36:05.284, 301.41, 100, 74232, 72
2026/07/29 06:36:06.323, 301.47, 100, 74232, 72
2026/07/29 06:36:07.361, 298.95, 100, 74232, 72
2026/07/29 06:36:08.399, 299.66, 100, 74232, 72
2026/07/29 06:36:09.440, 300.65, 100, 74232, 72
2026/07/29 06:36:10.477, 298.42, 100, 74232, 72
2026/07/29 06:36:11.518, 307.51, 100, 74232, 72
2026/07/29 06:36:12.555, 302.64, 100, 74232, 71
2026/07/29 06:36:13.593, 300.23, 100, 74232, 71
2026/07/29 06:36:14.634, 299.28, 100, 74232, 71
2026/07/29 06:36:15.670, 302.27, 100, 74232, 71
2026/07/29 06:36:16.712, 299.68, 100, 74232, 71
2026/07/29 06:36:17.750, 298.99, 100, 74232, 71
2026/07/29 06:36:18.789, 301.47, 100, 74232, 71
2026/07/29 06:36:19.827, 301.19, 100, 74232, 71
2026/07/29 06:36:20.867, 300.93, 100, 74232, 71
2026/07/29 06:36:21.905, 294.92, 100, 74232, 71
2026/07/29 06:36:22.941, 298.77, 100, 74232, 71
2026/07/29 06:36:23.978, 300.32, 100, 74232, 71
2026/07/29 06:36:25.018, 299.44, 100, 74232, 71
2026/07/29 06:36:26.056, 298.88, 100, 74232, 71
2026/07/29 06:36:27.094, 299.97, 100, 74232, 71
2026/07/29 06:36:28.130, 298.95, 100, 74232, 71
2026/07/29 06:36:29.167, 299.55, 100, 74232, 71
2026/07/29 06:36:30.204, 300.63, 100, 74232, 71
2026/07/29 06:36:31.242, 300.24, 100, 74232, 71
2026/07/29 06:36:32.278, 299.98, 100, 74232, 71
2026/07/29 06:36:33.315, 300.02, 100, 74232, 71
2026/07/29 06:36:34.350, 299.64, 100, 74232, 71
2026/07/29 06:36:35.389, 299.45, 100, 74232, 71
2026/07/29 06:36:36.425, 299.38, 100, 74232, 71
2026/07/29 06:36:37.462, 299.47, 100, 74232, 71
2026/07/29 06:36:38.499, 304.88, 100, 74232, 71
2026/07/29 06:36:39.536, 303.99, 100, 74232, 71
2026/07/29 06:36:40.573, 307.00, 100, 74232, 71
2026/07/29 06:36:41.612, 305.56, 100, 74232, 71
2026/07/29 06:36:42.650, 298.02, 100, 74232, 71
2026/07/29 06:36:43.695, 301.48, 100, 74232, 71
2026/07/29 06:36:44.733, 298.68, 100, 74232, 71
2026/07/29 06:36:45.769, 300.15, 100, 74232, 71
2026/07/29 06:36:46.806, 303.35, 100, 74232, 71
2026/07/29 06:36:47.843, 299.06, 100, 74232, 71
2026/07/29 06:36:48.881, 299.35, 100, 74232, 71
2026/07/29 06:36:49.918, 293.26, 100, 74232, 71
2026/07/29 06:36:50.957, 291.51, 100, 74232, 71
2026/07/29 06:36:51.997, 291.01, 100, 74232, 71
2026/07/29 06:36:53.034, 295.88, 100, 74232, 71
2026/07/29 06:36:54.072, 290.56, 100, 74232, 71
2026/07/29 06:36:55.111, 292.01, 100, 74232, 71
2026/07/29 06:36:56.149, 295.49, 100, 74232, 71
2026/07/29 06:36:57.187, 296.08, 100, 74232, 71
2026/07/29 06:36:58.227, 298.50, 100, 74232, 71
2026/07/29 06:36:59.264, 294.61, 100, 74232, 71
2026/07/29 06:37:00.301, 299.39, 100, 74232, 71
2026/07/29 06:37:01.339, 298.59, 100, 74232, 71
2026/07/29 06:37:02.377, 294.43, 100, 74232, 71
2026/07/29 06:37:03.414, 300.33, 100, 74232, 71
2026/07/29 06:37:04.450, 300.43, 100, 74232, 71
2026/07/29 06:37:05.488, 298.19, 100, 74232, 71
2026/07/29 06:37:06.525, 300.03, 100, 74232, 71
2026/07/29 06:37:07.563, 299.66, 100, 74232, 71
2026/07/29 06:37:08.601, 298.87, 100, 74232, 73
2026/07/29 06:37:09.637, 283.08, 100, 74232, 73
2026/07/29 06:37:10.672, 283.92, 100, 74232, 73
2026/07/29 06:37:11.708, 293.76, 100, 74232, 73
2026/07/29 06:37:12.745, 277.82, 100, 74232, 73
2026/07/29 06:37:13.780, 289.32, 100, 74232, 73
2026/07/29 06:37:14.816, 299.24, 100, 74232, 73
2026/07/29 06:37:15.852, 302.64, 100, 74232, 71
2026/07/29 06:37:16.892, 299.86, 100, 74232, 71
2026/07/29 06:37:17.931, 299.68, 100, 74232, 71
2026/07/29 06:37:18.967, 300.90, 100, 74232, 71
2026/07/29 06:37:20.007, 292.26, 100, 74232, 71
2026/07/29 06:37:21.046, 293.05, 100, 74232, 71
2026/07/29 06:37:22.085, 289.29, 100, 74232, 71
2026/07/29 06:37:23.123, 292.60, 100, 74232, 71
2026/07/29 06:37:24.161, 292.37, 100, 74232, 71
2026/07/29 06:37:25.199, 298.61, 100, 74232, 72
2026/07/29 06:37:26.237, 300.29, 100, 74232, 72
2026/07/29 06:37:27.277, 296.37, 100, 74232, 72
2026/07/29 06:37:28.315, 295.59, 100, 74232, 72
2026/07/29 06:37:29.355, 297.03, 100, 74232, 72
2026/07/29 06:37:30.393, 301.70, 100, 74232, 72
2026/07/29 06:37:31.430, 299.76, 100, 74232, 72
2026/07/29 06:37:32.470, 296.85, 100, 74232, 72
2026/07/29 06:37:33.508, 299.86, 100, 74232, 72
2026/07/29 06:37:34.545, 293.38, 100, 74232, 72
2026/07/29 06:37:35.585, 295.39, 100, 74232, 71
2026/07/29 06:37:36.622, 300.46, 100, 74232, 72
2026/07/29 06:37:37.662, 300.35, 100, 74232, 72
2026/07/29 06:37:38.699, 296.73, 100, 74232, 72
2026/07/29 06:37:39.736, 300.46, 100, 74232, 71
2026/07/29 06:37:40.773, 300.70, 100, 74232, 71
2026/07/29 06:37:41.810, 301.13, 100, 74232, 72
2026/07/29 06:37:42.850, 301.00, 100, 74232, 71
2026/07/29 06:37:43.888, 301.29, 100, 74232, 71
2026/07/29 06:37:44.925, 300.92, 100, 74232, 71
2026/07/29 06:37:45.962, 300.14, 100, 74232, 71
2026/07/29 06:37:47.000, 300.53, 100, 74232, 71
2026/07/29 06:37:48.039, 300.73, 100, 74232, 71
2026/07/29 06:37:49.076, 300.23, 100, 74232, 71
2026/07/29 06:37:50.113, 300.83, 100, 74232, 71
2026/07/29 06:37:51.152, 299.38, 100, 74232, 71
2026/07/29 06:37:52.190, 300.74, 100, 74232, 71
2026/07/29 06:37:53.229, 300.02, 100, 74232, 71
2026/07/29 06:37:54.268, 295.21, 100, 74232, 71
2026/07/29 06:37:55.306, 302.07, 100, 74232, 71
2026/07/29 06:37:56.344, 293.93, 100, 74232, 71
2026/07/29 06:37:57.382, 292.98, 100, 74232, 71
2026/07/29 06:37:58.424, 294.62, 100, 74232, 71
2026/07/29 06:37:59.462, 289.00, 100, 74232, 71
2026/07/29 06:38:00.499, 289.20, 100, 74232, 71
2026/07/29 06:38:01.538, 290.06, 100, 74232, 71
2026/07/29 06:38:02.575, 292.86, 100, 74232, 71
2026/07/29 06:38:03.617, 293.09, 100, 74232, 71
2026/07/29 06:38:04.655, 296.86, 100, 74232, 71
2026/07/29 06:38:05.692, 300.07, 100, 74232, 71
2026/07/29 06:38:06.730, 300.74, 100, 74232, 71
2026/07/29 06:38:07.767, 301.41, 100, 74232, 71
2026/07/29 06:38:08.806, 299.65, 100, 74232, 71
2026/07/29 06:38:09.844, 300.52, 100, 74232, 71
2026/07/29 06:38:10.881, 304.25, 100, 74232, 71
2026/07/29 06:38:11.919, 301.35, 100, 74232, 71
2026/07/29 06:38:12.956, 299.97, 100, 74232, 71
2026/07/29 06:38:13.997, 301.31, 100, 74232, 71
2026/07/29 06:38:15.036, 299.97, 100, 74232, 71
2026/07/29 06:38:16.073, 299.36, 100, 74232, 71
2026/07/29 06:38:17.113, 300.14, 100, 74232, 71
2026/07/29 06:38:18.151, 299.06, 100, 74232, 71
2026/07/29 06:38:19.188, 298.98, 100, 74232, 71
2026/07/29 06:38:20.225, 299.57, 100, 74232, 71
2026/07/29 06:38:21.262, 299.86, 100, 74232, 71
2026/07/29 06:38:22.300, 300.17, 100, 74232, 71
2026/07/29 06:38:23.339, 299.89, 100, 74232, 71
2026/07/29 06:38:24.381, 300.58, 100, 74232, 71
2026/07/29 06:38:25.419, 299.95, 100, 74232, 71
2026/07/29 06:38:26.456, 296.95, 100, 74232, 71
2026/07/29 06:38:27.495, 292.18, 100, 74232, 71
2026/07/29 06:38:28.532, 292.70, 100, 74232, 71
2026/07/29 06:38:29.568, 299.55, 100, 74232, 71
2026/07/29 06:38:30.604, 297.46, 100, 74232, 71
2026/07/29 06:38:31.643, 291.82, 100, 74232, 71
2026/07/29 06:38:32.680, 288.29, 100, 74232, 71
2026/07/29 06:38:33.721, 289.36, 100, 74232, 71
2026/07/29 06:38:34.757, 298.89, 100, 74232, 71
2026/07/29 06:38:35.797, 298.96, 100, 74232, 71
2026/07/29 06:38:36.834, 299.19, 100, 74232, 71
2026/07/29 06:38:37.871, 296.92, 100, 74232, 71
2026/07/29 06:38:38.908, 300.34, 100, 74232, 71
2026/07/29 06:38:39.944, 299.85, 100, 74232, 71
2026/07/29 06:38:40.980, 301.48, 100, 74232, 71
2026/07/29 06:38:42.019, 299.66, 100, 74232, 71
2026/07/29 06:38:43.056, 301.30, 100, 74232, 71
2026/07/29 06:38:44.095, 299.38, 100, 74232, 71
2026/07/29 06:38:45.133, 300.23, 100, 74232, 71
2026/07/29 06:38:46.170, 299.87, 100, 74232, 71
2026/07/29 06:38:47.209, 300.12, 100, 74232, 71
2026/07/29 06:38:48.246, 299.85, 100, 74232, 71
2026/07/29 06:38:49.285, 301.80, 100, 74232, 71
2026/07/29 06:38:50.322, 299.77, 100, 74232, 71
2026/07/29 06:38:51.358, 300.57, 100, 74232, 71
2026/07/29 06:38:52.394, 299.65, 100, 74232, 71
2026/07/29 06:38:53.432, 301.32, 100, 74232, 71
2026/07/29 06:38:54.469, 299.77, 100, 74232, 71
2026/07/29 06:38:55.506, 301.48, 100, 74232, 71
2026/07/29 06:38:56.543, 293.16, 100, 74232, 71
2026/07/29 06:38:57.580, 291.03, 100, 74232, 71
2026/07/29 06:38:58.620, 291.60, 100, 74232, 71
2026/07/29 06:38:59.657, 289.67, 100, 74232, 71
2026/07/29 06:39:00.694, 292.87, 100, 74232, 71
2026/07/29 06:39:01.731, 301.20, 100, 74232, 71
2026/07/29 06:39:02.768, 291.99, 100, 74232, 71
2026/07/29 06:39:03.807, 288.11, 100, 74232, 71
2026/07/29 06:39:04.845, 299.54, 100, 74232, 71
2026/07/29 06:39:05.881, 301.60, 100, 74232, 71
2026/07/29 06:39:06.919, 299.95, 100, 74232, 71
2026/07/29 06:39:07.956, 305.26, 100, 74232, 71
2026/07/29 06:39:08.994, 299.67, 100, 74232, 71
2026/07/29 06:39:10.040, 299.88, 100, 74232, 71
2026/07/29 06:39:11.080, 301.51, 100, 74232, 71
2026/07/29 06:39:12.117, 300.12, 100, 74232, 71
2026/07/29 06:39:13.154, 301.68, 100, 74232, 71
2026/07/29 06:39:14.192, 256.08, 100, 74232, 72
2026/07/29 06:39:15.227, 298.00, 100, 74232, 71
2026/07/29 06:39:16.265, 305.15, 100, 74232, 71
2026/07/29 06:39:17.301, 294.75, 100, 74232, 71
2026/07/29 06:39:18.338, 302.88, 100, 74232, 71
2026/07/29 06:39:19.376, 301.02, 100, 74232, 71
2026/07/29 06:39:20.413, 298.00, 100, 74232, 71
2026/07/29 06:39:21.450, 294.92, 100, 74232, 71
2026/07/29 06:39:22.486, 297.13, 100, 74232, 71
2026/07/29 06:39:23.523, 299.48, 100, 74232, 71
2026/07/29 06:39:24.563, 297.16, 100, 74232, 71
2026/07/29 06:39:25.600, 298.02, 100, 74232, 71
2026/07/29 06:39:26.637, 303.25, 100, 74232, 71
2026/07/29 06:39:27.673, 298.72, 100, 74232, 71
2026/07/29 06:39:28.711, 299.11, 100, 74232, 71
2026/07/29 06:39:29.748, 300.90, 100, 74232, 71
2026/07/29 06:39:30.786, 298.91, 100, 74232, 71
2026/07/29 06:39:31.824, 292.39, 100, 74232, 71
2026/07/29 06:39:32.862, 302.74, 100, 74232, 71
2026/07/29 06:39:33.898, 305.51, 100, 74232, 71
2026/07/29 06:39:34.938, 300.33, 100, 74232, 71
2026/07/29 06:39:35.975, 298.51, 100, 74232, 71
2026/07/29 06:39:37.014, 299.36, 100, 74232, 71
2026/07/29 06:39:38.051, 300.79, 100, 74232, 71
2026/07/29 06:39:39.089, 297.35, 100, 74232, 71
2026/07/29 06:39:40.128, 299.08, 100, 74232, 71
2026/07/29 06:39:41.164, 299.28, 100, 74232, 71
2026/07/29 06:39:42.200, 300.12, 100, 74232, 71
2026/07/29 06:39:43.237, 298.97, 100, 74232, 71
2026/07/29 06:39:44.279, 299.16, 100, 74232, 71
2026/07/29 06:39:45.315, 298.08, 100, 74232, 71
2026/07/29 06:39:46.352, 298.69, 100, 74232, 71
2026/07/29 06:39:47.391, 301.23, 100, 74232, 71
2026/07/29 06:39:48.428, 299.04, 100, 74232, 71
2026/07/29 06:39:49.466, 299.17, 100, 74232, 71
2026/07/29 06:39:50.503, 300.43, 100, 74232, 71
2026/07/29 06:39:51.541, 299.07, 100, 74232, 71
2026/07/29 06:39:52.578, 299.47, 100, 74232, 71
2026/07/29 06:39:53.615, 298.09, 100, 74232, 71
2026/07/29 06:39:54.652, 298.58, 100, 74232, 71
2026/07/29 06:39:55.689, 298.02, 100, 74232, 71
2026/07/29 06:39:56.727, 297.52, 100, 74232, 71
2026/07/29 06:39:57.764, 297.73, 100, 74232, 71
2026/07/29 06:39:58.802, 300.80, 100, 74232, 71
2026/07/29 06:39:59.839, 300.23, 100, 74232, 71
2026/07/29 06:40:00.876, 299.17, 100, 74232, 71
2026/07/29 06:40:01.912, 299.93, 100, 74232, 71
2026/07/29 06:40:02.951, 298.39, 100, 74232, 71
2026/07/29 06:40:03.988, 300.26, 100, 74232, 71
2026/07/29 06:40:05.024, 298.67, 100, 74232, 71
2026/07/29 06:40:06.061, 296.83, 100, 74232, 71
2026/07/29 06:40:07.097, 300.05, 100, 74232, 71
2026/07/29 06:40:08.134, 299.29, 100, 74232, 71
2026/07/29 06:40:09.171, 298.59, 100, 74232, 71
2026/07/29 06:40:10.210, 300.74, 100, 74232, 71
2026/07/29 06:40:11.246, 299.68, 100, 74232, 71
2026/07/29 06:40:12.282, 307.64, 100, 74232, 71
2026/07/29 06:40:13.319, 294.80, 100, 74232, 71
2026/07/29 06:40:14.356, 296.47, 100, 74232, 71
2026/07/29 06:40:15.393, 299.97, 100, 74232, 71
2026/07/29 06:40:16.429, 299.97, 100, 74232, 71
2026/07/29 06:40:17.465, 299.36, 100, 74232, 71
2026/07/29 06:40:18.504, 299.35, 100, 74232, 71
2026/07/29 06:40:19.542, 298.87, 100, 74232, 71
2026/07/29 06:40:20.578, 300.36, 100, 74232, 71
2026/07/29 06:40:21.617, 298.20, 100, 74232, 71
2026/07/29 06:40:22.653, 297.74, 100, 74232, 71
2026/07/29 06:40:23.691, 300.79, 100, 74232, 71
2026/07/29 06:40:24.729, 296.96, 100, 74232, 71
2026/07/29 06:40:25.766, 298.89, 100, 74232, 71
2026/07/29 06:40:26.802, 297.80, 100, 74232, 71
2026/07/29 06:40:27.839, 297.91, 100, 74232, 71
2026/07/29 06:40:28.875, 299.37, 100, 74232, 71
2026/07/29 06:40:29.912, 299.77, 100, 74232, 71
2026/07/29 06:40:30.948, 299.16, 100, 74232, 71
2026/07/29 06:40:31.986, 300.16, 100, 74232, 71
2026/07/29 06:40:33.022, 298.47, 100, 74232, 71
2026/07/29 06:40:34.059, 298.80, 100, 74232, 71
2026/07/29 06:40:35.096, 299.34, 100, 74232, 71
2026/07/29 06:40:36.132, 297.23, 100, 74232, 71
2026/07/29 06:40:37.170, 298.88, 100, 74232, 71
2026/07/29 06:40:38.207, 298.00, 100, 74232, 71
2026/07/29 06:40:39.244, 300.76, 100, 74232, 71
2026/07/29 06:40:40.283, 297.92, 100, 74232, 71
2026/07/29 06:40:41.319, 299.11, 100, 74232, 71
2026/07/29 06:40:42.356, 298.32, 100, 74232, 71
2026/07/29 06:40:43.393, 298.32, 100, 74232, 71
2026/07/29 06:40:44.430, 298.23, 100, 74232, 71
2026/07/29 06:40:45.466, 298.00, 100, 74232, 71
2026/07/29 06:40:46.503, 298.67, 100, 74232, 71
2026/07/29 06:40:47.540, 300.51, 100, 74232, 71
2026/07/29 06:40:48.576, 299.14, 100, 74232, 71
2026/07/29 06:40:49.612, 298.80, 100, 74232, 71
2026/07/29 06:40:50.648, 298.01, 100, 74232, 71
2026/07/29 06:40:51.684, 301.58, 100, 74232, 71
2026/07/29 06:40:52.724, 299.69, 100, 74232, 71
2026/07/29 06:40:53.760, 298.22, 100, 74232, 71
2026/07/29 06:40:54.797, 299.26, 100, 74232, 71
2026/07/29 06:40:55.834, 300.23, 100, 74232, 71
2026/07/29 06:40:56.872, 298.88, 100, 74232, 71
2026/07/29 06:40:57.910, 297.90, 100, 74232, 71
2026/07/29 06:40:58.946, 297.71, 100, 74232, 71
2026/07/29 06:40:59.982, 298.80, 100, 74232, 71
2026/07/29 06:41:01.020, 297.69, 100, 74232, 71
2026/07/29 06:41:02.059, 300.06, 100, 74232, 71
2026/07/29 06:41:03.096, 292.09, 100, 74232, 71
2026/07/29 06:41:04.134, 293.15, 100, 74232, 71
2026/07/29 06:41:05.177, 105.21, 100, 74232, 73
2026/07/29 06:41:06.211, 290.26, 100, 74232, 73
2026/07/29 06:41:07.246, 298.12, 100, 74232, 73
2026/07/29 06:41:08.285, 291.49, 100, 74232, 73
2026/07/29 06:41:09.319, 279.76, 100, 74232, 73
2026/07/29 06:41:10.353, 286.57, 100, 74232, 73
2026/07/29 06:41:11.387, 269.94, 100, 74232, 71
2026/07/29 06:41:12.427, 284.08, 100, 74232, 71
2026/07/29 06:41:13.464, 291.80, 100, 74232, 71
2026/07/29 06:41:14.503, 299.66, 100, 74232, 71
2026/07/29 06:41:15.540, 298.70, 100, 74232, 71
2026/07/29 06:41:16.577, 295.78, 100, 74232, 71
2026/07/29 06:41:17.614, 299.45, 100, 74232, 71
2026/07/29 06:41:18.650, 299.45, 100, 74232, 71
2026/07/29 06:41:19.688, 337.30, 100, 74232, 73
2026/07/29 06:41:20.722, 297.24, 100, 74232, 73
2026/07/29 06:41:21.756, 305.27, 100, 74232, 73
2026/07/29 06:41:22.791, 295.08, 100, 74232, 73
2026/07/29 06:41:23.826, 266.86, 100, 74232, 73
2026/07/29 06:41:24.860, 290.33, 100, 74232, 73
2026/07/29 06:41:25.894, 305.20, 100, 74232, 72
2026/07/29 06:41:26.933, 292.86, 100, 74232, 71
2026/07/29 06:41:27.971, 292.68, 100, 74232, 71
2026/07/29 06:41:29.009, 302.86, 100, 74232, 73
2026/07/29 06:41:30.044, 306.45, 100, 74232, 73
2026/07/29 06:41:31.078, 307.85, 100, 74232, 73
2026/07/29 06:41:32.113, 299.98, 100, 74232, 73
2026/07/29 06:41:33.147, 264.50, 100, 74232, 73
2026/07/29 06:41:34.181, 286.15, 100, 74232, 73
2026/07/29 06:41:35.214, 299.29, 100, 74232, 72
2026/07/29 06:41:36.255, 301.03, 100, 74232, 72
2026/07/29 06:41:37.293, 301.39, 100, 74232, 72
2026/07/29 06:41:38.329, 301.29, 93, 74232, 70
2026/07/29 06:41:39.364, 301.31, 100, 74232, 73
2026/07/29 06:41:40.397, 300.71, 100, 74232, 73
2026/07/29 06:41:41.432, 287.24, 100, 74232, 73
2026/07/29 06:41:42.467, 305.12, 100, 74232, 73
2026/07/29 06:41:43.504, 299.40, 100, 74232, 73
2026/07/29 06:41:44.537, 308.65, 100, 74232, 74
2026/07/29 06:41:45.572, 276.25, 100, 74232, 72
2026/07/29 06:41:46.609, 293.37, 100, 74232, 72
2026/07/29 06:41:47.645, 300.05, 100, 74232, 72
2026/07/29 06:41:48.683, 295.88, 83, 74232, 73
2026/07/29 06:41:49.723, 299.35, 100, 74232, 74
2026/07/29 06:41:50.758, 309.17, 100, 74232, 74
2026/07/29 06:41:51.795, 283.16, 100, 74232, 74
2026/07/29 06:41:52.828, 306.75, 100, 74232, 74
2026/07/29 06:41:53.866, 296.94, 100, 74232, 74
2026/07/29 06:41:54.899, 312.53, 100, 74232, 74
2026/07/29 06:41:55.936, 301.39, 100, 74232, 72
2026/07/29 06:41:56.974, 303.09, 100, 74232, 72
2026/07/29 06:41:58.011, 301.39, 100, 74232, 72
2026/07/29 06:41:59.048, 301.50, 100, 74232, 72
2026/07/29 06:42:00.084, 301.45, 100, 74232, 72
2026/07/29 06:42:01.124, 295.01, 100, 74232, 72
2026/07/29 06:42:02.161, 297.90, 100, 74232, 72
2026/07/29 06:42:03.197, 294.74, 100, 74232, 72
2026/07/29 06:42:04.235, 293.65, 100, 74232, 72
2026/07/29 06:42:05.271, 294.73, 100, 74232, 72
2026/07/29 06:42:06.308, 294.52, 100, 74232, 72
2026/07/29 06:42:07.345, 296.35, 100, 74232, 72
2026/07/29 06:42:08.383, 301.30, 100, 74232, 73
2026/07/29 06:42:09.421, 296.65, 100, 74232, 74
2026/07/29 06:42:10.455, 304.88, 100, 74232, 74
2026/07/29 06:42:11.490, 287.92, 100, 74232, 74
2026/07/29 06:42:12.530, 272.96, 100, 74232, 74
2026/07/29 06:42:13.564, 290.21, 100, 74232, 74
2026/07/29 06:42:14.599, 290.73, 100, 74232, 74
2026/07/29 06:42:15.633, 299.06, 100, 74232, 74
2026/07/29 06:42:16.668, 288.89, 100, 74232, 72
2026/07/29 06:42:17.705, 293.64, 100, 74232, 72
2026/07/29 06:42:18.742, 295.30, 100, 74232, 72
2026/07/29 06:42:19.778, 293.75, 100, 74232, 72
2026/07/29 06:42:20.816, 296.94, 100, 74232, 72
2026/07/29 06:42:21.852, 294.52, 100, 74232, 72
2026/07/29 06:42:22.889, 295.30, 100, 74232, 72
2026/07/29 06:42:23.924, 293.06, 100, 74232, 72
2026/07/29 06:42:24.966, 294.83, 100, 74232, 72
2026/07/29 06:42:26.003, 293.73, 100, 74232, 72
2026/07/29 06:42:27.041, 290.54, 100, 74232, 72
2026/07/29 06:42:28.078, 294.43, 100, 74232, 72
2026/07/29 06:42:29.115, 300.02, 100, 74232, 72
2026/07/29 06:42:30.152, 298.79, 100, 74232, 72
2026/07/29 06:42:31.189, 302.36, 100, 74232, 72
2026/07/29 06:42:32.227, 301.63, 100, 74232, 72
2026/07/29 06:42:33.263, 301.97, 100, 74232, 72
2026/07/29 06:42:34.300, 301.53, 100, 74232, 72
2026/07/29 06:42:35.337, 97.04, 50, 74232, 70
2026/07/29 06:42:36.369, 295.22, 100, 74232, 73
2026/07/29 06:42:37.404, 291.22, 100, 74232, 73
2026/07/29 06:42:38.442, 294.16, 100, 74232, 73
2026/07/29 06:42:39.477, 303.26, 100, 74232, 74
2026/07/29 06:42:40.513, 304.18, 100, 74232, 73
2026/07/29 06:42:41.555, 305.24, 100, 74232, 73
2026/07/29 06:42:42.590, 273.39, 100, 74232, 73
2026/07/29 06:42:43.630, 300.36, 100, 74232, 72
2026/07/29 06:42:44.667, 300.25, 100, 74232, 72
2026/07/29 06:42:45.706, 301.32, 100, 74232, 72
2026/07/29 06:42:46.742, 296.34, 100, 74232, 74
2026/07/29 06:42:47.778, 287.44, 100, 74232, 73
2026/07/29 06:42:48.814, 297.70, 100, 74232, 73
2026/07/29 06:42:49.857, 310.83, 100, 74232, 74
2026/07/29 06:42:50.892, 271.35, 100, 74232, 74
2026/07/29 06:42:51.928, 283.01, 100, 74232, 74
2026/07/29 06:42:52.966, 310.04, 100, 74232, 74
2026/07/29 06:42:54.001, 300.34, 100, 74232, 72
2026/07/29 06:42:55.038, 300.81, 100, 74232, 72
2026/07/29 06:42:56.075, 304.28, 100, 74232, 72
2026/07/29 06:42:57.113, 299.95, 100, 74232, 72
2026/07/29 06:42:58.152, 306.27, 100, 74232, 72
2026/07/29 06:42:59.190, 294.61, 100, 74232, 72
2026/07/29 06:43:00.228, 299.19, 100, 74232, 72
2026/07/29 06:43:01.264, 293.56, 100, 74232, 72
2026/07/29 06:43:02.302, 299.93, 100, 74232, 72
2026/07/29 06:43:03.347, 300.62, 100, 74232, 72
2026/07/29 06:43:04.386, 291.14, 100, 74232, 72
2026/07/29 06:43:05.423, 294.91, 100, 74232, 72
2026/07/29 06:43:06.468, 301.91, 100, 74232, 72
2026/07/29 06:43:07.506, 292.20, 100, 74232, 72
2026/07/29 06:43:08.544, 294.14, 100, 74232, 72
2026/07/29 06:43:09.585, 294.89, 100, 74232, 72
2026/07/29 06:43:10.623, 294.54, 100, 74232, 72
2026/07/29 06:43:11.664, 289.87, 100, 74232, 72
2026/07/29 06:43:12.704, 293.73, 100, 74232, 72
2026/07/29 06:43:13.742, 300.56, 100, 74232, 72
2026/07/29 06:43:14.779, 300.64, 100, 74232, 72
2026/07/29 06:43:15.822, 301.43, 100, 74232, 72
2026/07/29 06:43:16.859, 301.28, 100, 74232, 72
2026/07/29 06:43:17.897, 301.70, 100, 74232, 72
2026/07/29 06:43:18.935, 301.23, 100, 74232, 72
2026/07/29 06:43:19.973, 301.42, 100, 74232, 72
2026/07/29 06:43:21.011, 295.79, 100, 74232, 72
2026/07/29 06:43:22.049, 293.93, 100, 74232, 72
2026/07/29 06:43:23.086, 301.42, 100, 74232, 72
2026/07/29 06:43:24.123, 297.15, 100, 74232, 72
2026/07/29 06:43:25.160, 298.08, 100, 74232, 72
2026/07/29 06:43:26.198, 297.52, 100, 74232, 72
2026/07/29 06:43:27.235, 301.45, 100, 74232, 72
2026/07/29 06:43:28.274, 300.51, 100, 74232, 72
2026/07/29 06:43:29.311, 300.72, 100, 74232, 72
2026/07/29 06:43:30.349, 301.23, 100, 74232, 72
2026/07/29 06:43:31.386, 301.59, 100, 74232, 72
2026/07/29 06:43:32.424, 301.72, 100, 74232, 72
2026/07/29 06:43:33.461, 300.22, 100, 74232, 72
2026/07/29 06:43:34.498, 300.67, 100, 74232, 72
2026/07/29 06:43:35.535, 302.27, 100, 74232, 72
2026/07/29 06:43:36.572, 301.22, 100, 74232, 72
2026/07/29 06:43:37.609, 301.04, 100, 74232, 72
2026/07/29 06:43:38.647, 300.62, 100, 74232, 72
2026/07/29 06:43:39.684, 303.11, 100, 74232, 72
2026/07/29 06:43:40.722, 292.88, 100, 74232, 71
2026/07/29 06:43:41.758, 291.43, 100, 74232, 71
2026/07/29 06:43:42.798, 293.19, 100, 74232, 71
2026/07/29 06:43:43.838, 295.48, 100, 74232, 71
2026/07/29 06:43:44.875, 289.08, 100, 74232, 71
2026/07/29 06:43:45.915, 299.69, 100, 74232, 71
2026/07/29 06:43:46.953, 292.60, 100, 74232, 71
2026/07/29 06:43:47.993, 294.90, 100, 74232, 71
2026/07/29 06:43:49.037, 293.16, 100, 74232, 71
2026/07/29 06:43:50.073, 299.57, 100, 74232, 71
2026/07/29 06:43:51.109, 299.89, 100, 74232, 71
2026/07/29 06:43:52.146, 300.36, 100, 74232, 71
2026/07/29 06:43:53.182, 300.52, 100, 74232, 71
2026/07/29 06:43:54.219, 300.62, 100, 74232, 71
2026/07/29 06:43:55.255, 300.04, 100, 74232, 71
2026/07/29 06:43:56.293, 300.58, 100, 74232, 71
2026/07/29 06:43:57.330, 299.97, 100, 74232, 71
2026/07/29 06:43:58.366, 300.45, 100, 74232, 71
2026/07/29 06:43:59.407, 297.13, 100, 74232, 71
2026/07/29 06:44:00.442, 295.69, 100, 74232, 71
2026/07/29 06:44:01.479, 301.13, 100, 74232, 71
2026/07/29 06:44:02.516, 300.55, 100, 74232, 71
2026/07/29 06:44:03.552, 300.44, 100, 74232, 71
2026/07/29 06:44:04.590, 300.07, 100, 74232, 71
2026/07/29 06:44:05.628, 303.12, 92, 74232, 73
2026/07/29 06:44:06.662, 304.53, 100, 74232, 71
2026/07/29 06:44:07.698, 307.12, 100, 74232, 71
2026/07/29 06:44:08.735, 307.17, 100, 74232, 71
2026/07/29 06:44:09.772, 307.68, 100, 74232, 71
2026/07/29 06:44:10.809, 300.93, 100, 74232, 71
2026/07/29 06:44:11.848, 301.49, 100, 74232, 71
2026/07/29 06:44:12.885, 299.87, 100, 74232, 71
2026/07/29 06:44:13.921, 300.73, 100, 74232, 71
2026/07/29 06:44:14.956, 298.95, 100, 74232, 71
2026/07/29 06:44:15.994, 307.11, 100, 74232, 71
2026/07/29 06:44:17.031, 300.23, 100, 74232, 71
2026/07/29 06:44:18.068, 305.41, 100, 74232, 71
2026/07/29 06:44:19.104, 306.06, 100, 74232, 71
2026/07/29 06:44:20.141, 302.47, 100, 74232, 71
2026/07/29 06:44:21.179, 308.00, 100, 74232, 71
2026/07/29 06:44:22.219, 304.42, 100, 74232, 71
2026/07/29 06:44:23.256, 297.90, 100, 74232, 71
2026/07/29 06:44:24.292, 297.26, 100, 74232, 71
2026/07/29 06:44:25.329, 299.86, 100, 74232, 71
2026/07/29 06:44:26.371, 299.96, 100, 74232, 71
2026/07/29 06:44:27.408, 299.76, 100, 74232, 71
2026/07/29 06:44:28.445, 300.72, 100, 74232, 71
2026/07/29 06:44:29.481, 299.25, 100, 74232, 71
2026/07/29 06:44:30.524, 296.36, 100, 74232, 71
2026/07/29 06:44:31.562, 305.29, 100, 74232, 71
2026/07/29 06:44:32.598, 299.01, 100, 74232, 71
2026/07/29 06:44:33.640, 297.12, 100, 74232, 71
2026/07/29 06:44:34.678, 298.41, 100, 74232, 71
2026/07/29 06:44:35.716, 299.75, 100, 74232, 71
2026/07/29 06:44:36.753, 301.24, 100, 74232, 71
2026/07/29 06:44:37.789, 299.85, 100, 74232, 71
2026/07/29 06:44:38.826, 299.28, 100, 74232, 71
2026/07/29 06:44:39.863, 300.15, 100, 74232, 71
2026/07/29 06:44:40.900, 299.58, 100, 74232, 71
2026/07/29 06:44:41.936, 298.49, 100, 74232, 71
2026/07/29 06:44:42.973, 305.15, 100, 74232, 71
2026/07/29 06:44:44.009, 300.17, 100, 74232, 71
2026/07/29 06:44:45.047, 299.10, 100, 74232, 71
2026/07/29 06:44:46.084, 299.23, 100, 74232, 71
2026/07/29 06:44:47.123, 301.24, 100, 74232, 71
2026/07/29 06:44:48.160, 299.37, 100, 74232, 71
2026/07/29 06:44:49.197, 295.49, 100, 74232, 71
2026/07/29 06:44:50.234, 299.02, 100, 74232, 71
2026/07/29 06:44:51.271, 292.08, 100, 74232, 71
2026/07/29 06:44:52.310, 299.66, 100, 74232, 71
2026/07/29 06:44:53.348, 288.89, 100, 74232, 71
2026/07/29 06:44:54.385, 290.73, 100, 74232, 71
2026/07/29 06:44:55.422, 289.93, 100, 74232, 71
2026/07/29 06:44:56.459, 298.50, 100, 74232, 71
2026/07/29 06:44:57.496, 294.03, 100, 74232, 71
2026/07/29 06:44:58.533, 295.66, 100, 74232, 71
2026/07/29 06:44:59.570, 298.99, 100, 74232, 71
2026/07/29 06:45:00.606, 297.92, 100, 74232, 71
2026/07/29 06:45:01.648, 298.79, 100, 74232, 71
2026/07/29 06:45:02.683, 303.03, 100, 74232, 71
2026/07/29 06:45:03.721, 298.29, 100, 74232, 71
2026/07/29 06:45:04.757, 298.23, 100, 74232, 71
2026/07/29 06:45:05.796, 298.97, 100, 74232, 71
2026/07/29 06:45:06.834, 298.21, 100, 74232, 71
2026/07/29 06:45:07.870, 297.90, 100, 74232, 71
2026/07/29 06:45:08.906, 297.92, 100, 74232, 71
2026/07/29 06:45:09.942, 299.00, 100, 74232, 71
2026/07/29 06:45:10.980, 299.93, 100, 74232, 71
2026/07/29 06:45:12.016, 299.29, 100, 74232, 71
2026/07/29 06:45:13.053, 298.01, 100, 74232, 71
2026/07/29 06:45:14.089, 303.08, 100, 74232, 71
2026/07/29 06:45:15.128, 300.45, 100, 74232, 71
2026/07/29 06:45:16.165, 299.77, 100, 74232, 71
2026/07/29 06:45:17.201, 299.30, 100, 74232, 71
2026/07/29 06:45:18.239, 298.49, 100, 74232, 71
2026/07/29 06:45:19.276, 298.87, 100, 74232, 71
2026/07/29 06:45:20.314, 298.20, 100, 74232, 71
2026/07/29 06:45:21.351, 299.37, 100, 74232, 71
2026/07/29 06:45:22.388, 299.30, 100, 74232, 71
2026/07/29 06:45:23.425, 298.42, 100, 74232, 71
2026/07/29 06:45:24.461, 299.85, 100, 74232, 71
2026/07/29 06:45:25.499, 298.13, 100, 74232, 71
2026/07/29 06:45:26.536, 298.20, 100, 74232, 71
2026/07/29 06:45:27.573, 299.17, 100, 74232, 71
2026/07/29 06:45:28.610, 297.92, 100, 74232, 71
2026/07/29 06:45:29.646, 299.51, 100, 74232, 71
2026/07/29 06:45:30.683, 299.08, 100, 74232, 71
2026/07/29 06:45:31.720, 299.96, 100, 74232, 71
2026/07/29 06:45:32.756, 299.64, 100, 74232, 71
2026/07/29 06:45:33.793, 299.82, 100, 74232, 71
2026/07/29 06:45:34.829, 298.79, 100, 74232, 71
2026/07/29 06:45:35.864, 298.70, 100, 74232, 71
2026/07/29 06:45:36.901, 300.15, 100, 74232, 71
2026/07/29 06:45:37.940, 299.95, 100, 74232, 71
2026/07/29 06:45:38.977, 299.94, 100, 74232, 71
2026/07/29 06:45:40.014, 298.70, 100, 74232, 71
2026/07/29 06:45:41.050, 299.94, 100, 74232, 71
2026/07/29 06:45:42.087, 301.58, 100, 74232, 71
2026/07/29 06:45:43.124, 299.56, 100, 74232, 71
2026/07/29 06:45:44.163, 297.32, 100, 74232, 71
2026/07/29 06:45:45.199, 300.03, 100, 74232, 71
2026/07/29 06:45:46.236, 294.30, 65, 74232, 73
2026/07/29 06:45:47.272, 292.71, 100, 74232, 73
2026/07/29 06:45:48.308, 310.09, 100, 74232, 73
2026/07/29 06:45:49.347, 288.80, 100, 74232, 73
2026/07/29 06:45:50.382, 279.08, 100, 74232, 73
2026/07/29 06:45:51.417, 314.43, 100, 74232, 73
2026/07/29 06:45:52.460, 305.84, 100, 74232, 71
2026/07/29 06:45:53.499, 299.54, 100, 74232, 71
2026/07/29 06:45:54.536, 299.88, 100, 74232, 71
2026/07/29 06:45:55.574, 302.55, 100, 74232, 71
2026/07/29 06:45:56.611, 97.03, 0, 74232, 68
2026/07/29 06:45:57.644, 297.45, 100, 74232, 73
2026/07/29 06:45:58.679, 292.59, 100, 74232, 73
2026/07/29 06:45:59.713, 309.78, 100, 74232, 73
2026/07/29 06:46:00.750, 308.98, 100, 74232, 73
2026/07/29 06:46:01.787, 313.85, 100, 74232, 73
2026/07/29 06:46:02.821, 249.96, 100, 74232, 72
2026/07/29 06:46:03.859, 286.48, 100, 74232, 71
2026/07/29 06:46:04.900, 293.16, 100, 74232, 71
2026/07/29 06:46:05.939, 296.54, 100, 74232, 72
2026/07/29 06:46:06.975, 443.36, 13, 74232, 75
2026/07/29 06:46:08.076, 302.73, 100, 74232, 73
2026/07/29 06:46:09.111, 291.80, 100, 74232, 73
2026/07/29 06:46:10.145, 298.58, 100, 74232, 73
2026/07/29 06:46:11.179, 305.38, 100, 74232, 74
2026/07/29 06:46:12.214, 293.16, 100, 74232, 73
2026/07/29 06:46:13.252, 301.70, 100, 74232, 72
2026/07/29 06:46:14.289, 301.70, 100, 74232, 72
2026/07/29 06:46:15.328, 302.29, 100, 74232, 72
2026/07/29 06:46:16.366, 302.58, 100, 74232, 72
2026/07/29 06:46:17.402, 303.22, 100, 74232, 72
2026/07/29 06:46:18.439, 301.78, 100, 74232, 72
2026/07/29 06:46:19.475, 303.04, 100, 74232, 72
2026/07/29 06:46:20.511, 301.41, 100, 74232, 72
2026/07/29 06:46:21.548, 302.07, 100, 74232, 72
2026/07/29 06:46:22.586, 303.48, 100, 74232, 72
2026/07/29 06:46:23.623, 301.97, 100, 74232, 72
2026/07/29 06:46:24.660, 301.20, 100, 74232, 72
2026/07/29 06:46:25.695, 302.79, 100, 74232, 72
2026/07/29 06:46:26.732, 301.20, 100, 74232, 72
2026/07/29 06:46:27.768, 301.22, 100, 74232, 72
2026/07/29 06:46:28.805, 301.90, 100, 74232, 72
2026/07/29 06:46:29.842, 301.13, 100, 74232, 72
2026/07/29 06:46:30.880, 301.23, 100, 74232, 72
2026/07/29 06:46:31.917, 301.83, 100, 74232, 72
2026/07/29 06:46:32.956, 300.51, 100, 74232, 72
2026/07/29 06:46:33.994, 301.79, 100, 74232, 72
2026/07/29 06:46:35.030, 300.70, 100, 74232, 72
2026/07/29 06:46:36.068, 294.03, 100, 74232, 72
2026/07/29 06:46:37.105, 295.79, 100, 74232, 72
2026/07/29 06:46:38.142, 295.69, 100, 74232, 72
2026/07/29 06:46:39.179, 293.85, 100, 74232, 72
2026/07/29 06:46:40.216, 293.27, 42, 74232, 73
2026/07/29 06:46:41.252, 293.36, 100, 74232, 73
2026/07/29 06:46:42.288, 291.85, 100, 74232, 73
2026/07/29 06:46:43.323, 318.92, 100, 74232, 73
2026/07/29 06:46:44.358, 291.60, 100, 74232, 73
2026/07/29 06:46:45.394, 274.84, 100, 74232, 73
2026/07/29 06:46:46.430, 305.18, 100, 74232, 73
2026/07/29 06:46:47.465, 298.89, 100, 74232, 72
2026/07/29 06:46:48.502, 301.13, 100, 74232, 72
2026/07/29 06:46:49.538, 301.29, 100, 74232, 72
2026/07/29 06:46:50.575, 293.93, 100, 74232, 72
2026/07/29 06:46:51.611, 288.99, 100, 74232, 72
2026/07/29 06:46:52.649, 290.05, 100, 74232, 72
2026/07/29 06:46:53.685, 292.78, 100, 74232, 72
2026/07/29 06:46:54.723, 293.65, 100, 74232, 72
2026/07/29 06:46:55.761, 295.10, 100, 74232, 72
2026/07/29 06:46:56.799, 301.20, 100, 74232, 72
2026/07/29 06:46:57.835, 300.91, 100, 74232, 72
2026/07/29 06:46:58.872, 98.84, 0, 74232, 69
2026/07/29 06:46:59.985, 96.57, 0, 74232, 68
2026/07/29 06:47:01.017, 95.38, 0, 74232, 67
2026/07/29 06:47:02.049, 94.18, 0, 74232, 67
2026/07/29 06:47:03.080, 92.97, 0, 74232, 66
2026/07/29 06:47:04.113, 92.21, 0, 74232, 66
2026/07/29 06:47:05.145, 92.18, 0, 74232, 65
2026/07/29 06:47:06.177, 91.47, 0, 74232, 65
2026/07/29 06:47:07.210, 92.08, 0, 74232, 64
2026/07/29 06:47:08.241, 90.41, 0, 74232, 64
2026/07/29 06:47:09.272, 90.86, 0, 74232, 63
2026/07/29 06:47:10.305, 90.87, 0, 74232, 63
2026/07/29 06:47:11.337, 90.01, 0, 74232, 63
2026/07/29 06:47:12.367, 93.32, 0, 74232, 62
2026/07/29 06:47:13.435, 88.34, 0, 74232, 62
2026/07/29 06:47:14.465, 87.24, 0, 74232, 62
2026/07/29 06:47:15.496, 86.82, 0, 74232, 61
2026/07/29 06:47:16.526, 86.49, 0, 74232, 61
2026/07/29 06:47:17.558, 86.64, 0, 74232, 61
2026/07/29 06:47:18.589, 85.98, 0, 74232, 60
2026/07/29 06:47:19.620, 85.48, 0, 74232, 60
2026/07/29 06:47:20.652, 85.49, 0, 74232, 60
2026/07/29 06:47:21.683, 85.02, 0, 74232, 60
2026/07/29 06:47:22.714, 84.83, 0, 74232, 59
2026/07/29 06:47:23.747, 84.19, 0, 74232, 59
2026/07/29 06:47:24.777, 84.31, 0, 74232, 59
2026/07/29 06:47:25.810, 83.59, 0, 74232, 58
2026/07/29 06:47:26.841, 83.57, 0, 74232, 58
2026/07/29 06:47:27.872, 83.70, 0, 74232, 58
2026/07/29 06:47:28.902, 83.53, 0, 74232, 58
2026/07/29 06:47:29.933, 82.81, 0, 74232, 57
2026/07/29 06:47:30.965, 82.30, 0, 74232, 57
2026/07/29 06:47:32.011, 82.20, 0, 74232, 57
2026/07/29 06:47:33.040, 81.94, 0, 74232, 57
2026/07/29 06:47:34.071, 81.65, 0, 74232, 56
2026/07/29 06:47:35.102, 81.62, 0, 74232, 56
2026/07/29 06:47:36.133, 81.64, 0, 74232, 56
2026/07/29 06:47:37.165, 81.09, 0, 74232, 56
2026/07/29 06:47:38.197, 81.09, 0, 74232, 55
2026/07/29 06:47:39.228, 80.69, 0, 74232, 55
2026/07/29 06:47:40.259, 80.69, 0, 74232, 55
2026/07/29 06:47:41.291, 79.63, 0, 74232, 55
2026/07/29 06:47:42.323, 80.13, 0, 74232, 54
2026/07/29 06:47:43.355, 79.93, 0, 74232, 54
2026/07/29 06:47:45.786, 79.62, 0, 74232, 54
2026/07/29 06:47:46.818, 79.42, 0, 74232, 54
2026/07/29 06:47:47.849, 79.38, 0, 74232, 53
2026/07/29 06:47:48.884, 79.00, 0, 74232, 53
2026/07/29 06:47:49.916, 78.45, 0, 74232, 53
2026/07/29 06:47:50.947, 78.99, 0, 74232, 53
2026/07/29 06:47:51.978, 78.25, 0, 74232, 52
2026/07/29 06:47:53.009, 78.61, 0, 74232, 52
2026/07/29 06:47:54.041, 77.47, 0, 74232, 52
2026/07/29 06:47:55.071, 77.19, 0, 74232, 52
2026/07/29 06:47:56.102, 76.55, 0, 74232, 52
2026/07/29 06:47:57.137, 76.28, 0, 74232, 51
2026/07/29 06:47:58.169, 76.96, 0, 74232, 51
2026/07/29 06:47:59.199, 76.59, 0, 74232, 51
2026/07/29 06:48:00.229, 76.45, 0, 74232, 51
2026/07/29 06:48:01.259, 76.30, 0, 74232, 51
2026/07/29 06:48:02.290, 76.20, 0, 74232, 51
2026/07/29 06:48:03.322, 75.60, 0, 74232, 50
2026/07/29 06:48:04.352, 75.62, 0, 74232, 50
2026/07/29 06:48:05.383, 75.70, 0, 74232, 50
2026/07/29 06:48:06.413, 76.36, 0, 74232, 50
2026/07/29 06:48:07.665, 293.78, 100, 74232, 55
2026/07/29 06:48:08.700, 279.77, 100, 74232, 56
2026/07/29 06:48:09.735, 290.83, 100, 74232, 57
2026/07/29 06:48:10.771, 282.56, 100, 74232, 57
2026/07/29 06:48:11.804, 287.30, 100, 74232, 57
2026/07/29 06:48:12.838, 305.02, 100, 74232, 56
2026/07/29 06:48:13.877, 306.01, 100, 74232, 56
2026/07/29 06:48:14.913, 307.24, 100, 74232, 57
2026/07/29 06:48:15.951, 298.38, 100, 74232, 57
2026/07/29 06:48:16.988, 298.97, 100, 74232, 57
2026/07/29 06:48:18.025, 300.61, 100, 74232, 58
2026/07/29 06:48:19.061, 298.11, 100, 74232, 58
2026/07/29 06:48:20.098, 302.54, 100, 74232, 60
2026/07/29 06:48:21.132, 304.88, 100, 74232, 60
2026/07/29 06:48:22.167, 302.19, 100, 74232, 60
2026/07/29 06:48:23.204, 285.46, 100, 74232, 60
2026/07/29 06:48:24.239, 252.04, 100, 74232, 60
2026/07/29 06:48:25.277, 286.04, 100, 74232, 59
2026/07/29 06:48:26.313, 287.82, 100, 74232, 60
2026/07/29 06:48:27.351, 287.03, 100, 74232, 60
2026/07/29 06:48:28.388, 299.27, 100, 74232, 62
2026/07/29 06:48:29.422, 295.61, 100, 74232, 63
2026/07/29 06:48:30.463, 306.05, 100, 74232, 63
2026/07/29 06:48:31.498, 285.97, 100, 74232, 63
2026/07/29 06:48:32.534, 309.64, 100, 74232, 63
2026/07/29 06:48:33.575, 298.96, 100, 74232, 63
2026/07/29 06:48:34.613, 300.16, 100, 74232, 62
2026/07/29 06:48:35.653, 294.81, 100, 74232, 62
2026/07/29 06:48:36.689, 295.07, 100, 74232, 62
2026/07/29 06:48:37.728, 295.00, 100, 74232, 63
2026/07/29 06:48:38.764, 295.86, 100, 74232, 63
2026/07/29 06:48:39.801, 295.30, 100, 74232, 63
2026/07/29 06:48:40.838, 295.49, 100, 74232, 63
2026/07/29 06:48:41.876, 297.89, 100, 74232, 63
2026/07/29 06:48:42.913, 296.65, 100, 74232, 64
2026/07/29 06:48:43.949, 297.43, 100, 74232, 64
2026/07/29 06:48:44.986, 296.89, 100, 74232, 64
2026/07/29 06:48:46.024, 297.42, 100, 74232, 64
2026/07/29 06:48:47.061, 298.47, 100, 74232, 64
2026/07/29 06:48:48.099, 298.87, 100, 74232, 65
2026/07/29 06:48:49.137, 298.30, 100, 74232, 65
2026/07/29 06:48:50.173, 367.65, 100, 74232, 66
2026/07/29 06:48:51.210, 295.71, 100, 74232, 67
2026/07/29 06:48:52.243, 301.57, 100, 74232, 67
2026/07/29 06:48:53.277, 314.99, 100, 74232, 67
2026/07/29 06:48:54.319, 298.86, 100, 74232, 67
2026/07/29 06:48:55.354, 306.10, 100, 74232, 68
2026/07/29 06:48:56.389, 300.22, 100, 74232, 68
2026/07/29 06:48:57.423, 300.33, 100, 74232, 66
2026/07/29 06:48:58.460, 299.67, 100, 74232, 66
2026/07/29 06:48:59.496, 292.08, 100, 74232, 67
2026/07/29 06:49:00.534, 300.06, 100, 74232, 67
2026/07/29 06:49:01.571, 300.64, 100, 74232, 67
2026/07/29 06:49:02.607, 300.14, 100, 74232, 67
2026/07/29 06:49:03.646, 300.83, 100, 74232, 67
2026/07/29 06:49:04.683, 300.53, 100, 74232, 67
2026/07/29 06:49:05.723, 301.39, 100, 74232, 67
2026/07/29 06:49:06.760, 302.76, 100, 74232, 68
2026/07/29 06:49:07.797, 300.83, 100, 74232, 68
2026/07/29 06:49:08.835, 300.74, 100, 74232, 68
2026/07/29 06:49:09.873, 302.10, 100, 74232, 68
2026/07/29 06:49:10.913, 294.51, 100, 74232, 68
2026/07/29 06:49:11.950, 305.60, 100, 74232, 68
2026/07/29 06:49:12.987, 299.04, 100, 74232, 68
2026/07/29 06:49:14.024, 91.94, 0, 74232, 65
2026/07/29 06:49:15.056, 298.81, 100, 74232, 70
2026/07/29 06:49:16.091, 303.66, 100, 74232, 70
2026/07/29 06:49:17.127, 292.07, 100, 74232, 70
2026/07/29 06:49:18.162, 290.40, 100, 74232, 70
2026/07/29 06:49:19.200, 301.26, 100, 74232, 70
2026/07/29 06:49:20.236, 258.79, 100, 74232, 70
2026/07/29 06:49:21.278, 300.75, 100, 74232, 69
2026/07/29 06:49:22.315, 302.97, 100, 74232, 69
2026/07/29 06:49:23.352, 302.46, 100, 74232, 69
2026/07/29 06:49:24.392, 302.94, 100, 74232, 69
2026/07/29 06:49:25.430, 302.74, 100, 74232, 69
2026/07/29 06:49:26.468, 303.93, 100, 74232, 69
2026/07/29 06:49:27.507, 300.93, 100, 74232, 69
2026/07/29 06:49:28.545, 297.22, 100, 74232, 70
2026/07/29 06:49:29.584, 297.43, 100, 74232, 70
2026/07/29 06:49:30.621, 304.50, 100, 74232, 70
2026/07/29 06:49:31.660, 303.84, 100, 74232, 71
2026/07/29 06:49:32.695, 291.76, 100, 74232, 71
2026/07/29 06:49:33.733, 301.55, 100, 74232, 71
2026/07/29 06:49:34.768, 280.66, 100, 74232, 71
2026/07/29 06:49:35.803, 295.13, 100, 74232, 71
2026/07/29 06:49:36.838, 267.01, 100, 74232, 71
2026/07/29 06:49:37.877, 278.18, 100, 74232, 71
2026/07/29 06:49:38.912, 304.57, 100, 74232, 70
2026/07/29 06:49:39.951, 304.80, 100, 74232, 70
2026/07/29 06:49:40.988, 305.20, 100, 74232, 70
2026/07/29 06:49:42.026, 305.32, 100, 74232, 70
2026/07/29 06:49:43.062, 302.16, 100, 74232, 70
2026/07/29 06:49:44.100, 306.41, 100, 74232, 70
2026/07/29 06:49:45.139, 94.73, 0, 74232, 67
2026/07/29 06:49:46.172, 301.80, 100, 74232, 72
2026/07/29 06:49:47.211, 280.32, 100, 74232, 72
2026/07/29 06:49:48.245, 284.52, 100, 74232, 72
2026/07/29 06:49:49.282, 273.89, 100, 74232, 72
2026/07/29 06:49:50.316, 263.75, 100, 74232, 72
2026/07/29 06:49:51.355, 289.62, 100, 74232, 72
2026/07/29 06:49:52.393, 296.95, 100, 74232, 70
2026/07/29 06:49:53.433, 291.51, 100, 74232, 70
2026/07/29 06:49:54.474, 290.72, 100, 74232, 70
2026/07/29 06:49:55.512, 292.16, 100, 74232, 71
2026/07/29 06:49:56.548, 300.28, 100, 74232, 71
2026/07/29 06:49:57.586, 291.99, 100, 74232, 71
2026/07/29 06:49:58.627, 299.18, 100, 74232, 71
2026/07/29 06:49:59.667, 298.98, 100, 74232, 71
2026/07/29 06:50:00.703, 299.57, 100, 74232, 71
2026/07/29 06:50:01.746, 300.82, 100, 74232, 71
2026/07/29 06:50:02.783, 300.43, 100, 74232, 71
2026/07/29 06:50:03.820, 299.64, 100, 74232, 71
2026/07/29 06:50:04.859, 304.02, 100, 74232, 71
2026/07/29 06:50:05.896, 96.99, 0, 74232, 68
2026/07/29 06:50:06.927, 94.99, 0, 74232, 67
2026/07/29 06:50:07.958, 93.90, 0, 74232, 66
2026/07/29 06:50:08.990, 93.06, 0, 74232, 66
2026/07/29 06:50:10.023, 92.78, 0, 74232, 65
2026/07/29 06:50:11.055, 92.32, 0, 74232, 65
2026/07/29 06:50:12.090, 91.40, 0, 74232, 64
2026/07/29 06:50:13.121, 91.02, 0, 74232, 64
2026/07/29 06:50:14.152, 89.70, 0, 74232, 63
2026/07/29 06:50:15.183, 90.04, 0, 74232, 63
2026/07/29 06:50:16.214, 89.10, 0, 74232, 63
2026/07/29 06:50:17.244, 88.23, 0, 74232, 62
2026/07/29 06:50:18.275, 88.14, 0, 74232, 62
2026/07/29 06:50:19.307, 87.35, 0, 74232, 61
2026/07/29 06:50:20.338, 87.28, 0, 74232, 61
2026/07/29 06:50:21.369, 85.97, 0, 74232, 61
2026/07/29 06:50:22.399, 85.79, 0, 74232, 60
2026/07/29 06:50:23.430, 85.10, 0, 74232, 60
2026/07/29 06:50:24.461, 85.36, 0, 74232, 60
2026/07/29 06:50:25.492, 85.02, 0, 74232, 60
2026/07/29 06:50:26.522, 84.37, 0, 74232, 59
2026/07/29 06:50:27.553, 84.36, 0, 74232, 59
2026/07/29 06:50:28.588, 84.06, 0, 74232, 59
2026/07/29 06:50:29.620, 83.00, 0, 74232, 58
2026/07/29 06:50:30.652, 83.29, 0, 74232, 58
2026/07/29 06:50:31.786, 83.12, 0, 74232, 58
2026/07/29 06:50:32.817, 83.00, 0, 74232, 58
2026/07/29 06:50:33.849, 83.15, 0, 74232, 57
2026/07/29 06:50:34.880, 82.20, 0, 74232, 57
2026/07/29 06:50:35.912, 81.91, 0, 74232, 57
2026/07/29 06:50:36.946, 302.22, 100, 74232, 62
2026/07/29 06:50:37.980, 287.94, 100, 74232, 62
2026/07/29 06:50:39.014, 305.47, 100, 74232, 63
2026/07/29 06:50:40.048, 297.13, 100, 74232, 63
2026/07/29 06:50:41.082, 277.82, 100, 74232, 61
2026/07/29 06:50:42.121, 294.49, 100, 74232, 62
2026/07/29 06:50:43.159, 294.13, 100, 74232, 62
2026/07/29 06:50:44.197, 294.80, 100, 74232, 62
2026/07/29 06:50:45.237, 295.21, 100, 74232, 63
2026/07/29 06:50:46.274, 294.34, 100, 74232, 63
2026/07/29 06:50:47.311, 298.60, 100, 74232, 63
2026/07/29 06:50:48.348, 299.94, 100, 74232, 63
2026/07/29 06:50:49.386, 303.20, 100, 74232, 65
2026/07/29 06:50:50.421, 311.49, 100, 74232, 66
2026/07/29 06:50:51.456, 293.96, 100, 74232, 66
2026/07/29 06:50:52.491, 276.17, 100, 74232, 66
2026/07/29 06:50:53.528, 304.21, 100, 74232, 65
2026/07/29 06:50:54.564, 307.49, 100, 74232, 65
2026/07/29 06:50:55.601, 305.46, 100, 74232, 65
2026/07/29 06:50:56.638, 306.70, 100, 74232, 65
2026/07/29 06:50:57.676, 303.72, 100, 74232, 67
2026/07/29 06:50:58.714, 298.29, 100, 74232, 67
2026/07/29 06:50:59.747, 308.36, 100, 74232, 67
2026/07/29 06:51:00.782, 297.89, 100, 74232, 67
2026/07/29 06:51:01.817, 303.52, 100, 74232, 67
2026/07/29 06:51:02.859, 299.68, 100, 74232, 66
2026/07/29 06:51:03.894, 300.43, 100, 74232, 66
2026/07/29 06:51:04.933, 299.45, 100, 74232, 66
2026/07/29 06:51:05.973, 296.66, 100, 74232, 68
2026/07/29 06:51:07.010, 301.22, 100, 74232, 69
2026/07/29 06:51:08.046, 293.55, 100, 74232, 69
2026/07/29 06:51:09.082, 303.76, 100, 74232, 69
2026/07/29 06:51:10.117, 276.78, 100, 74232, 69
2026/07/29 06:51:11.159, 301.10, 100, 74232, 68
2026/07/29 06:51:12.198, 302.79, 100, 74232, 68
2026/07/29 06:51:13.234, 304.32, 100, 74232, 68
2026/07/29 06:51:14.274, 299.31, 100, 74232, 70
2026/07/29 06:51:15.309, 297.14, 100, 74232, 70
2026/07/29 06:51:16.344, 308.70, 100, 74232, 70
2026/07/29 06:51:17.382, 273.67, 100, 74232, 70
2026/07/29 06:51:18.418, 301.48, 100, 74232, 70
2026/07/29 06:51:19.454, 301.46, 100, 74232, 69
2026/07/29 06:51:20.492, 304.24, 100, 74232, 69
2026/07/29 06:51:21.530, 304.57, 100, 74232, 69
2026/07/29 06:51:22.568, 304.92, 100, 74232, 69
2026/07/29 06:51:23.606, 298.11, 100, 74232, 69
2026/07/29 06:51:24.643, 298.21, 100, 74232, 69
2026/07/29 06:51:25.682, 298.42, 100, 74232, 69
2026/07/29 06:51:26.720, 298.67, 100, 74232, 69
2026/07/29 06:51:27.760, 297.92, 100, 74232, 70
2026/07/29 06:51:28.799, 295.92, 100, 74232, 71
2026/07/29 06:51:29.836, 292.73, 100, 74232, 72
2026/07/29 06:51:30.872, 292.80, 100, 74232, 72
2026/07/29 06:51:31.914, 299.39, 100, 74232, 72
2026/07/29 06:51:32.948, 297.60, 100, 74232, 72
2026/07/29 06:51:33.984, 306.75, 100, 74232, 70
2026/07/29 06:51:35.021, 303.62, 100, 74232, 70
2026/07/29 06:51:36.061, 304.00, 100, 74232, 70
2026/07/29 06:51:37.099, 303.13, 100, 74232, 70
2026/07/29 06:51:38.137, 306.35, 100, 74232, 70
2026/07/29 06:51:39.175, 311.04, 100, 74232, 72
2026/07/29 06:51:40.213, 302.49, 100, 74232, 72
2026/07/29 06:51:41.248, 283.54, 100, 74232, 72
2026/07/29 06:51:42.283, 303.45, 100, 74232, 72
2026/07/29 06:51:43.321, 286.26, 100, 74232, 72
2026/07/29 06:51:44.355, 292.20, 100, 74232, 72
2026/07/29 06:51:45.391, 302.65, 100, 74232, 71
2026/07/29 06:51:46.429, 293.64, 100, 74232, 71
2026/07/29 06:51:47.466, 290.91, 100, 74232, 71
2026/07/29 06:51:48.508, 291.98, 100, 74232, 71
2026/07/29 06:51:49.548, 294.15, 100, 74232, 72
2026/07/29 06:51:50.584, 290.04, 100, 74232, 72
2026/07/29 06:51:51.620, 299.43, 100, 74232, 72
2026/07/29 06:51:52.657, 274.61, 100, 74232, 72
2026/07/29 06:51:53.693, 298.92, 100, 74232, 72
2026/07/29 06:51:54.729, 310.57, 100, 74232, 73
2026/07/29 06:51:55.764, 299.77, 100, 74232, 72
2026/07/29 06:51:56.809, 288.32, 100, 74232, 71
2026/07/29 06:51:57.846, 281.33, 100, 74232, 71
2026/07/29 06:51:58.888, 285.10, 100, 74232, 71
2026/07/29 06:51:59.925, 284.26, 100, 74232, 71
2026/07/29 06:52:00.972, 293.73, 100, 74232, 71
2026/07/29 06:52:02.010, 294.05, 0, 74232, 72
2026/07/29 06:52:03.046, 296.54, 100, 74232, 73
2026/07/29 06:52:04.082, 306.75, 100, 74232, 73
2026/07/29 06:52:05.123, 280.16, 100, 74232, 73
2026/07/29 06:52:06.158, 294.42, 100, 74232, 73
2026/07/29 06:52:07.194, 273.37, 100, 74232, 73
2026/07/29 06:52:08.232, 322.41, 100, 74232, 73
2026/07/29 06:52:09.269, 306.79, 100, 74232, 71
2026/07/29 06:52:10.307, 301.20, 100, 74232, 71
2026/07/29 06:52:11.345, 300.04, 100, 74232, 71
2026/07/29 06:52:12.383, 300.53, 100, 74232, 71
2026/07/29 06:52:13.422, 301.37, 100, 74232, 72
2026/07/29 06:52:14.466, 308.11, 100, 74232, 73
2026/07/29 06:52:15.501, 300.34, 100, 74232, 73
2026/07/29 06:52:16.539, 286.47, 100, 74232, 73
2026/07/29 06:52:17.574, 317.83, 100, 74232, 73
2026/07/29 06:52:18.614, 278.09, 100, 74232, 73
2026/07/29 06:52:19.650, 270.73, 100, 74232, 73
2026/07/29 06:52:20.685, 295.60, 100, 74232, 73
2026/07/29 06:52:21.720, 306.66, 100, 74232, 72
2026/07/29 06:52:22.761, 300.50, 100, 74232, 72
2026/07/29 06:52:23.800, 300.06, 100, 74232, 72
2026/07/29 06:52:24.839, 300.13, 100, 74232, 72
2026/07/29 06:52:25.882, 301.23, 100, 74232, 72
2026/07/29 06:52:26.920, 98.24, 0, 74232, 69
2026/07/29 06:52:27.953, 300.89, 100, 74232, 73
2026/07/29 06:52:28.989, 295.28, 100, 74232, 74
2026/07/29 06:52:30.024, 303.21, 100, 74232, 74
2026/07/29 06:52:31.058, 296.26, 100, 74232, 74
2026/07/29 06:52:32.095, 281.98, 100, 74232, 73
2026/07/29 06:52:33.132, 289.66, 100, 74232, 74
2026/07/29 06:52:34.167, 305.56, 100, 74232, 72
2026/07/29 06:52:35.204, 296.86, 100, 74232, 72
2026/07/29 06:52:36.241, 294.43, 100, 74232, 72
2026/07/29 06:52:37.279, 301.99, 100, 74232, 72
2026/07/29 06:52:38.317, 300.92, 100, 74232, 72
2026/07/29 06:52:39.354, 303.11, 100, 74232, 72
2026/07/29 06:52:40.392, 97.87, 0, 74232, 69
2026/07/29 06:52:41.425, 298.77, 100, 74232, 74
2026/07/29 06:52:42.459, 290.95, 100, 74232, 74
2026/07/29 06:52:43.493, 292.14, 100, 74232, 74
2026/07/29 06:52:44.528, 307.00, 100, 74232, 74
2026/07/29 06:52:45.564, 297.67, 100, 74232, 73
2026/07/29 06:52:46.598, 302.60, 100, 74232, 74
2026/07/29 06:52:47.632, 303.64, 100, 74232, 72
2026/07/29 06:52:48.670, 290.05, 100, 74232, 72
2026/07/29 06:52:49.706, 294.60, 100, 74232, 72
2026/07/29 06:52:50.744, 295.76, 100, 74232, 72
2026/07/29 06:52:51.780, 293.54, 100, 74232, 72
2026/07/29 06:52:52.819, 300.76, 100, 74232, 72
2026/07/29 06:52:53.857, 98.20, 0, 74232, 69
2026/07/29 06:52:54.915, 287.43, 100, 74232, 73
2026/07/29 06:52:55.950, 291.20, 100, 74232, 74
2026/07/29 06:52:56.990, 293.14, 100, 74232, 74
2026/07/29 06:52:58.024, 299.85, 100, 74232, 74
2026/07/29 06:52:59.058, 280.33, 100, 74232, 73
2026/07/29 06:53:00.094, 288.88, 100, 74232, 74
2026/07/29 06:53:01.140, 265.26, 100, 74232, 72
2026/07/29 06:53:02.178, 297.22, 100, 74232, 72
2026/07/29 06:53:03.215, 296.75, 100, 74232, 72
2026/07/29 06:53:04.252, 295.21, 100, 74232, 72
2026/07/29 06:53:05.289, 303.03, 100, 74232, 72
2026/07/29 06:53:06.327, 296.75, 100, 74232, 73
2026/07/29 06:53:07.433, 297.51, 100, 74232, 73
2026/07/29 06:53:08.467, 271.66, 100, 74232, 74
2026/07/29 06:53:09.509, 285.21, 100, 74232, 74
2026/07/29 06:53:10.544, 304.51, 100, 74232, 74
2026/07/29 06:53:11.578, 327.54, 100, 74232, 74
2026/07/29 06:53:12.612, 301.60, 100, 74232, 73
2026/07/29 06:53:13.657, 300.74, 100, 74232, 72
2026/07/29 06:53:14.695, 301.80, 100, 74232, 72
2026/07/29 06:53:15.732, 302.05, 100, 74232, 72
2026/07/29 06:53:16.768, 301.60, 100, 74232, 72
2026/07/29 06:53:17.804, 303.52, 100, 74232, 72
2026/07/29 06:53:18.842, 302.84, 90, 74232, 71
2026/07/29 06:53:19.875, 293.06, 100, 74232, 73
2026/07/29 06:53:20.922, 300.64, 100, 74232, 72
2026/07/29 06:53:21.960, 300.90, 100, 74232, 72
2026/07/29 06:53:22.998, 300.13, 100, 74232, 72
2026/07/29 06:53:24.038, 300.14, 100, 74232, 72
2026/07/29 06:53:25.075, 301.00, 100, 74232, 72
2026/07/29 06:53:26.113, 300.03, 100, 74232, 72
2026/07/29 06:53:27.152, 301.20, 100, 74232, 72
2026/07/29 06:53:28.190, 299.43, 100, 74232, 72
2026/07/29 06:53:29.228, 300.33, 100, 74232, 72
2026/07/29 06:53:30.264, 301.42, 100, 74232, 72
2026/07/29 06:53:31.300, 299.43, 100, 74232, 72
2026/07/29 06:53:32.339, 300.43, 100, 74232, 72
2026/07/29 06:53:33.375, 300.80, 100, 74232, 72
2026/07/29 06:53:34.412, 290.43, 100, 74232, 72
2026/07/29 06:53:35.448, 301.09, 100, 74232, 72
2026/07/29 06:53:36.484, 301.49, 100, 74232, 72
2026/07/29 06:53:37.520, 300.83, 100, 74232, 72
2026/07/29 06:53:38.558, 301.33, 100, 74232, 72
2026/07/29 06:53:39.596, 299.96, 100, 74232, 72
2026/07/29 06:53:40.634, 299.83, 100, 74232, 72
2026/07/29 06:53:41.674, 302.05, 100, 74232, 72
2026/07/29 06:53:42.712, 300.52, 100, 74232, 72
2026/07/29 06:53:43.749, 299.44, 100, 74232, 72
2026/07/29 06:53:44.786, 300.64, 100, 74232, 72
2026/07/29 06:53:45.822, 301.77, 100, 74232, 72
2026/07/29 06:53:46.859, 302.08, 100, 74232, 72
2026/07/29 06:53:47.897, 298.39, 100, 74232, 72
2026/07/29 06:53:48.936, 301.02, 100, 74232, 72
2026/07/29 06:53:49.978, 299.11, 100, 74232, 72
2026/07/29 06:53:51.017, 295.70, 100, 74232, 72
2026/07/29 06:53:52.053, 300.40, 100, 74232, 72
2026/07/29 06:53:53.091, 300.04, 100, 74232, 72
2026/07/29 06:53:54.127, 299.96, 100, 74232, 72
2026/07/29 06:53:55.163, 296.96, 100, 74232, 72
2026/07/29 06:53:56.200, 299.66, 100, 74232, 72
2026/07/29 06:53:57.239, 300.22, 100, 74232, 72
2026/07/29 06:53:58.277, 300.98, 100, 74232, 72
2026/07/29 06:53:59.315, 301.18, 100, 74232, 71
2026/07/29 06:54:00.353, 288.88, 100, 74232, 71
2026/07/29 06:54:01.389, 292.27, 100, 74232, 71
2026/07/29 06:54:02.427, 292.38, 100, 74232, 71
2026/07/29 06:54:03.465, 295.95, 100, 74232, 71
2026/07/29 06:54:04.503, 294.81, 100, 74232, 71
2026/07/29 06:54:05.540, 287.23, 100, 74232, 71
2026/07/29 06:54:06.577, 298.87, 100, 74232, 71
2026/07/29 06:54:07.616, 298.61, 100, 74232, 71
2026/07/29 06:54:08.654, 295.60, 100, 74232, 71
2026/07/29 06:54:09.691, 297.32, 100, 74232, 71
2026/07/29 06:54:10.727, 299.25, 100, 74232, 71
2026/07/29 06:54:11.764, 299.76, 100, 74232, 71
2026/07/29 06:54:12.801, 297.61, 100, 74232, 71
2026/07/29 06:54:13.838, 300.04, 100, 74232, 71
2026/07/29 06:54:14.874, 298.78, 100, 74232, 71
2026/07/29 06:54:15.911, 298.67, 100, 74232, 71
2026/07/29 06:54:16.948, 301.86, 100, 74232, 71
2026/07/29 06:54:17.987, 300.35, 100, 74232, 71
2026/07/29 06:54:19.024, 299.84, 100, 74232, 71
2026/07/29 06:54:20.061, 293.34, 100, 74232, 71
2026/07/29 06:54:21.101, 297.83, 100, 74232, 71
2026/07/29 06:54:22.139, 298.68, 100, 74232, 71
2026/07/29 06:54:23.177, 298.01, 100, 74232, 71
2026/07/29 06:54:24.215, 300.81, 100, 74232, 71
2026/07/29 06:54:25.254, 298.80, 100, 74232, 71
2026/07/29 06:54:26.291, 299.84, 100, 74232, 71
2026/07/29 06:54:27.328, 298.18, 100, 74232, 71
2026/07/29 06:54:28.365, 298.11, 100, 74232, 71
2026/07/29 06:54:29.401, 301.29, 100, 74232, 72
2026/07/29 06:54:30.438, 307.35, 100, 74232, 72
2026/07/29 06:54:31.476, 301.20, 100, 74232, 71
2026/07/29 06:54:32.513, 299.67, 100, 74232, 71
2026/07/29 06:54:33.551, 300.84, 100, 74232, 71
2026/07/29 06:54:34.588, 299.05, 100, 74232, 71
2026/07/29 06:54:35.624, 299.59, 100, 74232, 72
2026/07/29 06:54:36.663, 300.51, 100, 74232, 72
2026/07/29 06:54:37.699, 299.27, 100, 74232, 71
2026/07/29 06:54:38.736, 299.79, 100, 74232, 72
2026/07/29 06:54:39.774, 299.95, 100, 74232, 72
2026/07/29 06:54:40.812, 299.57, 100, 74232, 72
2026/07/29 06:54:41.850, 302.15, 100, 74232, 72
2026/07/29 06:54:42.889, 300.64, 100, 74232, 72
2026/07/29 06:54:43.926, 297.52, 100, 74232, 73
2026/07/29 06:54:44.961, 303.12, 100, 74232, 73
2026/07/29 06:54:45.996, 294.16, 100, 74232, 73
2026/07/29 06:54:47.033, 283.84, 100, 74232, 73
2026/07/29 06:54:48.068, 268.28, 100, 74232, 73
2026/07/29 06:54:49.107, 297.25, 100, 74232, 72
2026/07/29 06:54:50.145, 295.59, 100, 74232, 71
2026/07/29 06:54:51.182, 296.18, 100, 74232, 72
2026/07/29 06:54:52.220, 300.74, 100, 74232, 72
2026/07/29 06:54:53.257, 300.12, 100, 74232, 72
2026/07/29 06:54:54.293, 96.40, 99, 74232, 69
2026/07/29 06:54:55.326, 302.55, 100, 74232, 73
2026/07/29 06:54:56.362, 294.42, 100, 74232, 73
2026/07/29 06:54:57.397, 308.64, 100, 74232, 73
2026/07/29 06:54:58.431, 303.92, 100, 74232, 73
2026/07/29 06:54:59.466, 281.81, 100, 74232, 73
2026/07/29 06:55:00.507, 310.42, 100, 74232, 73
2026/07/29 06:55:01.543, 302.74, 100, 74232, 72
2026/07/29 06:55:02.587, 302.27, 100, 74232, 72
2026/07/29 06:55:03.625, 301.02, 100, 74232, 72
2026/07/29 06:55:04.665, 289.75, 100, 74232, 72
2026/07/29 06:55:05.702, 294.99, 100, 74232, 72
2026/07/29 06:55:06.740, 97.61, 0, 74232, 73
2026/07/29 06:55:07.777, 296.36, 100, 74232, 73
2026/07/29 06:55:08.813, 301.49, 100, 74232, 73
2026/07/29 06:55:09.850, 294.20, 100, 74232, 74
2026/07/29 06:55:10.884, 300.86, 100, 74232, 73
2026/07/29 06:55:11.919, 275.83, 100, 74232, 73
2026/07/29 06:55:12.954, 300.99, 100, 74232, 72
2026/07/29 06:55:13.992, 300.31, 100, 74232, 72
2026/07/29 06:55:15.029, 300.61, 100, 74232, 72
2026/07/29 06:55:16.066, 301.42, 100, 74232, 72
2026/07/29 06:55:17.103, 150.37, 100, 74232, 74
2026/07/29 06:55:18.138, 291.74, 100, 74232, 74
2026/07/29 06:55:19.172, 298.40, 100, 74232, 74
2026/07/29 06:55:20.206, 302.27, 100, 74232, 74
2026/07/29 06:55:21.239, 304.42, 100, 74232, 74
2026/07/29 06:55:22.273, 292.97, 100, 74232, 74
2026/07/29 06:55:23.309, 299.48, 100, 74232, 72
2026/07/29 06:55:24.347, 293.74, 100, 74232, 72
2026/07/29 06:55:25.384, 295.29, 100, 74232, 72
2026/07/29 06:55:26.424, 300.22, 100, 74232, 72
2026/07/29 06:55:27.460, 324.07, 85, 74232, 74
2026/07/29 06:55:28.495, 296.75, 100, 74232, 74
2026/07/29 06:55:29.529, 292.96, 100, 74232, 74
2026/07/29 06:55:30.565, 294.32, 100, 74232, 74
2026/07/29 06:55:31.598, 301.20, 100, 74232, 74
2026/07/29 06:55:32.631, 293.95, 100, 74232, 74
2026/07/29 06:55:33.669, 257.66, 100, 74232, 74
2026/07/29 06:55:34.707, 301.42, 100, 74232, 73
2026/07/29 06:55:35.743, 303.07, 100, 74232, 73
2026/07/29 06:55:36.781, 302.00, 100, 74232, 73
2026/07/29 06:55:37.818, 296.14, 100, 74232, 73
2026/07/29 06:55:38.857, 302.59, 100, 74232, 74
2026/07/29 06:55:39.891, 290.50, 100, 74232, 74
2026/07/29 06:55:40.928, 287.34, 100, 74232, 74
2026/07/29 06:55:41.968, 280.82, 100, 74232, 74
2026/07/29 06:55:43.003, 295.78, 100, 74232, 74
2026/07/29 06:55:44.044, 292.81, 100, 74232, 75
2026/07/29 06:55:45.078, 250.87, 100, 74232, 73
2026/07/29 06:55:46.116, 287.73, 100, 74232, 72
2026/07/29 06:55:47.154, 292.39, 100, 74232, 72
2026/07/29 06:55:48.192, 295.55, 100, 74232, 72
2026/07/29 06:55:49.230, 296.08, 100, 74232, 72
2026/07/29 06:55:50.268, 300.23, 100, 74232, 73
2026/07/29 06:55:51.305, 299.86, 100, 74232, 73
2026/07/29 06:55:52.345, 302.87, 100, 74232, 73
2026/07/29 06:55:53.383, 301.86, 100, 74232, 73
2026/07/29 06:55:54.420, 301.97, 100, 74232, 73
2026/07/29 06:55:55.458, 301.01, 100, 74232, 73
2026/07/29 06:55:56.495, 302.79, 100, 74232, 73
2026/07/29 06:55:57.532, 299.26, 100, 74232, 73
2026/07/29 06:55:58.569, 301.24, 100, 74232, 73
2026/07/29 06:55:59.607, 301.98, 100, 74232, 73
2026/07/29 06:56:00.645, 301.12, 100, 74232, 73
2026/07/29 06:56:01.683, 300.98, 100, 74232, 73
2026/07/29 06:56:02.721, 300.06, 100, 74232, 73
2026/07/29 06:56:03.758, 301.28, 100, 74232, 73
2026/07/29 06:56:04.795, 301.72, 100, 74232, 73
2026/07/29 06:56:05.832, 303.91, 100, 74232, 73
2026/07/29 06:56:06.868, 297.43, 100, 74232, 72
2026/07/29 06:56:07.907, 300.15, 100, 74232, 72
2026/07/29 06:56:08.944, 295.11, 100, 74232, 72
2026/07/29 06:56:09.981, 300.05, 100, 74232, 72
2026/07/29 06:56:11.018, 294.62, 100, 74232, 72
2026/07/29 06:56:12.056, 293.35, 100, 74232, 72
2026/07/29 06:56:13.093, 294.42, 100, 74232, 72
2026/07/29 06:56:14.132, 298.12, 100, 74232, 72
2026/07/29 06:56:15.169, 294.04, 100, 74232, 72
2026/07/29 06:56:16.206, 298.01, 100, 74232, 72
2026/07/29 06:56:17.243, 297.22, 100, 74232, 72
2026/07/29 06:56:18.281, 297.23, 100, 74232, 72
2026/07/29 06:56:19.318, 301.19, 100, 74232, 72
2026/07/29 06:56:20.354, 298.58, 100, 74232, 72
2026/07/29 06:56:21.395, 296.37, 100, 74232, 72
2026/07/29 06:56:22.431, 300.42, 100, 74232, 72
2026/07/29 06:56:23.475, 296.96, 100, 74232, 72
2026/07/29 06:56:24.513, 297.32, 100, 74232, 72
2026/07/29 06:56:25.550, 299.39, 100, 74232, 72
2026/07/29 06:56:26.587, 299.69, 100, 74232, 72
2026/07/29 06:56:27.626, 300.86, 100, 74232, 72
2026/07/29 06:56:28.663, 299.35, 100, 74232, 72
2026/07/29 06:56:29.700, 300.22, 100, 74232, 72
2026/07/29 06:56:30.738, 295.78, 100, 74232, 72
2026/07/29 06:56:31.775, 298.87, 100, 74232, 72
2026/07/29 06:56:32.813, 300.06, 100, 74232, 72
2026/07/29 06:56:33.849, 300.71, 100, 74232, 72
2026/07/29 06:56:34.890, 303.11, 100, 74232, 72
2026/07/29 06:56:35.928, 300.53, 100, 74232, 72
2026/07/29 06:56:36.966, 299.66, 100, 74232, 72
2026/07/29 06:56:38.005, 301.76, 100, 74232, 72
2026/07/29 06:56:39.042, 300.15, 100, 74232, 72
2026/07/29 06:56:40.079, 301.12, 100, 74232, 72
2026/07/29 06:56:41.117, 302.02, 100, 74232, 72
2026/07/29 06:56:42.154, 298.90, 100, 74232, 72
2026/07/29 06:56:43.192, 301.14, 100, 74232, 72
2026/07/29 06:56:44.228, 300.41, 100, 74232, 72
2026/07/29 06:56:45.266, 298.86, 100, 74232, 72
2026/07/29 06:56:46.303, 300.05, 100, 74232, 72
2026/07/29 06:56:47.341, 291.81, 100, 74232, 72
2026/07/29 06:56:48.379, 292.01, 100, 74232, 72
2026/07/29 06:56:49.417, 291.41, 100, 74232, 72
2026/07/29 06:56:50.455, 300.44, 100, 74232, 72
2026/07/29 06:56:51.494, 289.08, 100, 74232, 71
2026/07/29 06:56:52.532, 292.67, 100, 74232, 72
2026/07/29 06:56:53.575, 292.30, 100, 74232, 72
2026/07/29 06:56:54.613, 296.16, 100, 74232, 72
2026/07/29 06:56:55.650, 288.88, 100, 74232, 72
2026/07/29 06:56:56.689, 288.00, 100, 74232, 72
2026/07/29 06:56:57.726, 302.58, 100, 74232, 72
2026/07/29 06:56:58.765, 297.12, 100, 74232, 72
2026/07/29 06:56:59.807, 299.76, 100, 74232, 72
2026/07/29 06:57:00.846, 300.23, 100, 74232, 72
2026/07/29 06:57:01.884, 295.22, 100, 74232, 72
2026/07/29 06:57:02.924, 295.30, 100, 74232, 72
2026/07/29 06:57:03.962, 292.19, 100, 74232, 71
2026/07/29 06:57:04.999, 290.64, 100, 74232, 71
2026/07/29 06:57:06.038, 291.23, 100, 74232, 71
2026/07/29 06:57:07.084, 291.04, 100, 74232, 71
2026/07/29 06:57:08.128, 298.86, 100, 74232, 71
2026/07/29 06:57:09.167, 300.05, 100, 74232, 71
2026/07/29 06:57:10.204, 296.06, 100, 74232, 71
2026/07/29 06:57:11.241, 299.65, 100, 74232, 72
2026/07/29 06:57:12.279, 306.17, 100, 74232, 72
2026/07/29 06:57:13.321, 299.57, 100, 74232, 72
2026/07/29 06:57:14.359, 298.40, 100, 74232, 72
2026/07/29 06:57:15.397, 299.07, 100, 74232, 72
2026/07/29 06:57:16.435, 298.78, 100, 74232, 72
2026/07/29 06:57:17.472, 300.53, 100, 74232, 72
2026/07/29 06:57:18.509, 301.82, 100, 74232, 72
2026/07/29 06:57:19.547, 299.38, 100, 74232, 71
2026/07/29 06:57:20.586, 298.50, 100, 74232, 72
2026/07/29 06:57:21.624, 299.07, 100, 74232, 71
2026/07/29 06:57:22.662, 292.00, 100, 74232, 71
2026/07/29 06:57:23.700, 292.55, 100, 74232, 71
2026/07/29 06:57:24.738, 299.97, 100, 74232, 71
2026/07/29 06:57:25.777, 299.15, 100, 74232, 71
2026/07/29 06:57:26.814, 300.79, 100, 74232, 71
2026/07/29 06:57:27.854, 302.11, 100, 74232, 71
2026/07/29 06:57:28.892, 300.03, 100, 74232, 71
2026/07/29 06:57:29.929, 288.78, 67, 74232, 73
2026/07/29 06:57:30.965, 312.11, 100, 74232, 73
2026/07/29 06:57:32.003, 297.31, 100, 74232, 73
2026/07/29 06:57:33.038, 279.47, 100, 74232, 73
2026/07/29 06:57:34.074, 298.09, 100, 74232, 73
2026/07/29 06:57:35.109, 278.04, 100, 74232, 73
2026/07/29 06:57:36.145, 305.82, 100, 74232, 73
2026/07/29 06:57:37.182, 300.03, 100, 74232, 71
2026/07/29 06:57:38.220, 300.94, 100, 74232, 71
2026/07/29 06:57:39.257, 300.32, 100, 74232, 71
2026/07/29 06:57:40.299, 300.51, 100, 74232, 72
2026/07/29 06:57:41.337, 301.60, 100, 74232, 72
2026/07/29 06:57:42.375, 300.06, 100, 74232, 72
2026/07/29 06:57:43.417, 304.15, 100, 74232, 72
2026/07/29 06:57:44.455, 298.37, 100, 74232, 72
2026/07/29 06:57:45.492, 298.79, 100, 74232, 72
2026/07/29 06:57:46.529, 298.48, 100, 74232, 72
2026/07/29 06:57:47.567, 299.96, 100, 74232, 72
2026/07/29 06:57:48.604, 300.33, 100, 74232, 72
2026/07/29 06:57:49.640, 301.99, 100, 74232, 72
2026/07/29 06:57:50.679, 291.32, 100, 74232, 72
2026/07/29 06:57:51.716, 291.52, 100, 74232, 72
2026/07/29 06:57:52.754, 293.17, 100, 74232, 72
2026/07/29 06:57:53.791, 301.11, 100, 74232, 72
2026/07/29 06:57:54.830, 290.35, 100, 74232, 72
2026/07/29 06:57:55.867, 292.96, 100, 74232, 72
2026/07/29 06:57:56.906, 299.05, 100, 74232, 72
2026/07/29 06:57:57.944, 296.84, 100, 74232, 72
2026/07/29 06:57:58.981, 298.01, 100, 74232, 72
2026/07/29 06:58:00.020, 301.39, 100, 74232, 72
2026/07/29 06:58:01.059, 299.64, 100, 74232, 72
2026/07/29 06:58:02.097, 301.20, 100, 74232, 72
2026/07/29 06:58:03.134, 300.04, 100, 74232, 72
2026/07/29 06:58:04.172, 300.90, 100, 74232, 72
2026/07/29 06:58:05.210, 301.71, 100, 74232, 72
2026/07/29 06:58:06.249, 300.31, 100, 74232, 72
2026/07/29 06:58:07.287, 299.88, 100, 74232, 72
2026/07/29 06:58:08.323, 305.95, 100, 74232, 72
2026/07/29 06:58:09.360, 298.86, 100, 74232, 72
2026/07/29 06:58:10.398, 299.79, 100, 74232, 72
2026/07/29 06:58:11.436, 301.02, 100, 74232, 72
2026/07/29 06:58:12.474, 300.83, 100, 74232, 72
2026/07/29 06:58:13.512, 299.94, 100, 74232, 72
2026/07/29 06:58:14.549, 300.23, 100, 74232, 72
2026/07/29 06:58:15.587, 301.93, 100, 74232, 72
2026/07/29 06:58:16.623, 300.44, 100, 74232, 72
2026/07/29 06:58:17.661, 298.77, 100, 74232, 72
2026/07/29 06:58:18.698, 300.54, 100, 74232, 72
2026/07/29 06:58:19.739, 299.67, 100, 74232, 72
2026/07/29 06:58:20.778, 309.70, 100, 74232, 72
2026/07/29 06:58:21.817, 307.39, 100, 74232, 72
2026/07/29 06:58:22.856, 298.89, 100, 74232, 72
2026/07/29 06:58:23.893, 300.17, 100, 74232, 72
2026/07/29 06:58:24.930, 299.74, 100, 74232, 72
2026/07/29 06:58:25.967, 300.31, 100, 74232, 72
2026/07/29 06:58:27.005, 296.08, 100, 74232, 72
2026/07/29 06:58:28.043, 299.45, 100, 74232, 72
2026/07/29 06:58:29.080, 300.68, 100, 74232, 72
2026/07/29 06:58:30.119, 298.60, 100, 74232, 72
2026/07/29 06:58:31.156, 303.72, 100, 74232, 72
2026/07/29 06:58:32.195, 307.69, 100, 74232, 72
2026/07/29 06:58:33.232, 305.15, 100, 74232, 72
2026/07/29 06:58:34.271, 302.77, 100, 74232, 72
2026/07/29 06:58:35.309, 300.45, 100, 74232, 72
2026/07/29 06:58:36.347, 302.08, 100, 74232, 72
2026/07/29 06:58:37.385, 300.51, 100, 74232, 72
2026/07/29 06:58:38.422, 301.02, 100, 74232, 72
2026/07/29 06:58:39.461, 298.41, 100, 74232, 72
2026/07/29 06:58:40.500, 300.84, 100, 74232, 72
2026/07/29 06:58:41.539, 305.06, 100, 74232, 72
2026/07/29 06:58:42.579, 300.53, 100, 74232, 72
2026/07/29 06:58:43.616, 301.20, 100, 74232, 72
2026/07/29 06:58:44.656, 298.31, 100, 74232, 71
2026/07/29 06:58:45.694, 300.94, 100, 74232, 72
2026/07/29 06:58:46.731, 299.06, 100, 74232, 72
2026/07/29 06:58:47.769, 300.52, 100, 74232, 72
2026/07/29 06:58:48.807, 298.11, 100, 74232, 71
2026/07/29 06:58:49.845, 300.22, 100, 74232, 72
2026/07/29 06:58:50.882, 298.68, 100, 74232, 71
2026/07/29 06:58:51.923, 300.47, 100, 74232, 72
2026/07/29 06:58:52.961, 293.26, 100, 74232, 71
2026/07/29 06:58:53.998, 291.89, 100, 74232, 71
2026/07/29 06:58:55.037, 291.04, 100, 74232, 71
2026/07/29 06:58:56.074, 293.83, 100, 74232, 71
2026/07/29 06:58:57.114, 290.26, 100, 74232, 71
2026/07/29 06:58:58.151, 295.89, 100, 74232, 71
2026/07/29 06:58:59.190, 298.00, 100, 74232, 71
2026/07/29 06:59:00.229, 291.51, 100, 74232, 71
2026/07/29 06:59:01.267, 290.93, 100, 74232, 71
2026/07/29 06:59:02.313, 299.16, 100, 74232, 71
2026/07/29 06:59:03.351, 298.77, 100, 74232, 71
2026/07/29 06:59:04.389, 299.08, 100, 74232, 71
2026/07/29 06:59:05.427, 300.61, 100, 74232, 71
2026/07/29 06:59:06.466, 299.16, 100, 74232, 71
2026/07/29 06:59:07.503, 299.82, 100, 74232, 71
2026/07/29 06:59:08.542, 306.36, 100, 74232, 72
2026/07/29 06:59:09.579, 306.53, 100, 74232, 71
2026/07/29 06:59:10.624, 306.15, 100, 74232, 71
2026/07/29 06:59:11.662, 295.98, 100, 74232, 71
2026/07/29 06:59:12.699, 305.46, 100, 74232, 71
2026/07/29 06:59:13.739, 307.05, 100, 74232, 71
2026/07/29 06:59:14.776, 300.23, 100, 74232, 71
2026/07/29 06:59:15.816, 299.06, 100, 74232, 71
2026/07/29 06:59:16.854, 301.28, 100, 74232, 71
2026/07/29 06:59:17.892, 298.39, 100, 74232, 71
2026/07/29 06:59:18.931, 299.83, 100, 74232, 71
2026/07/29 06:59:19.967, 298.00, 100, 74232, 71
2026/07/29 06:59:21.007, 298.60, 100, 74232, 71
2026/07/29 06:59:22.045, 132.37, 100, 74232, 73
2026/07/29 06:59:23.084, 282.98, 100, 74232, 73
2026/07/29 06:59:24.120, 289.92, 100, 74232, 73
2026/07/29 06:59:25.156, 311.42, 100, 74232, 73
2026/07/29 06:59:26.192, 285.87, 100, 74232, 73
2026/07/29 06:59:27.229, 304.86, 100, 74232, 73
2026/07/29 06:59:28.264, 321.65, 100, 74232, 73
2026/07/29 06:59:29.300, 292.96, 100, 74232, 71
2026/07/29 06:59:30.338, 292.37, 100, 74232, 71
2026/07/29 06:59:31.375, 300.58, 100, 74232, 71
2026/07/29 06:59:32.413, 296.18, 100, 74232, 71
2026/07/29 06:59:33.451, 302.49, 100, 74232, 73
2026/07/29 06:59:34.487, 295.72, 100, 74232, 73
2026/07/29 06:59:35.523, 307.76, 100, 74232, 74
2026/07/29 06:59:36.559, 311.26, 100, 74232, 73
2026/07/29 06:59:37.597, 314.33, 100, 74232, 74
2026/07/29 06:59:38.633, 301.80, 100, 74232, 73
2026/07/29 06:59:39.670, 324.63, 100, 74232, 74
2026/07/29 06:59:40.711, 293.16, 100, 74232, 72
2026/07/29 06:59:41.747, 289.96, 100, 74232, 72
2026/07/29 06:59:42.783, 295.21, 100, 74232, 72
2026/07/29 06:59:43.822, 293.66, 100, 74232, 72
2026/07/29 06:59:44.860, 296.26, 100, 74232, 72
2026/07/29 06:59:45.902, 301.95, 100, 74232, 72
2026/07/29 06:59:46.940, 301.78, 100, 74232, 72
2026/07/29 06:59:47.978, 302.72, 100, 74232, 72
2026/07/29 06:59:49.016, 301.49, 100, 74232, 72
2026/07/29 06:59:50.054, 302.83, 100, 74232, 72
2026/07/29 06:59:51.091, 301.62, 100, 74232, 72
2026/07/29 06:59:52.128, 301.09, 100, 74232, 72
2026/07/29 06:59:53.166, 300.03, 100, 74232, 74
2026/07/29 06:59:54.202, 297.70, 100, 74232, 74
2026/07/29 06:59:55.238, 290.62, 100, 74232, 74
2026/07/29 06:59:56.274, 285.61, 100, 74232, 74
2026/07/29 06:59:57.313, 305.09, 100, 74232, 74
2026/07/29 06:59:58.349, 283.64, 100, 74232, 73
2026/07/29 06:59:59.384, 282.25, 100, 74232, 74
2026/07/29 07:00:00.426, 300.91, 100, 74232, 72
2026/07/29 07:00:01.464, 301.10, 100, 74232, 72
2026/07/29 07:00:02.501, 301.24, 100, 74232, 72
2026/07/29 07:00:03.539, 301.53, 100, 74232, 72
2026/07/29 07:00:04.576, 303.63, 100, 74232, 72
2026/07/29 07:00:05.614, 302.83, 100, 74232, 72
2026/07/29 07:00:06.652, 300.64, 100, 74232, 72
2026/07/29 07:00:07.691, 301.39, 100, 74232, 72
2026/07/29 07:00:08.730, 295.61, 100, 74232, 72
2026/07/29 07:00:09.767, 294.54, 100, 74232, 72
2026/07/29 07:00:10.805, 302.45, 100, 74232, 72
2026/07/29 07:00:11.842, 290.36, 100, 74232, 72
2026/07/29 07:00:12.880, 293.16, 100, 74232, 72
2026/07/29 07:00:13.919, 290.93, 100, 74232, 72
2026/07/29 07:00:14.957, 297.33, 100, 74232, 72
2026/07/29 07:00:15.996, 293.57, 100, 74232, 72
2026/07/29 07:00:17.034, 300.15, 100, 74232, 72
2026/07/29 07:00:18.071, 298.87, 100, 74232, 72
2026/07/29 07:00:19.109, 298.97, 100, 74232, 72
2026/07/29 07:00:20.145, 299.38, 100, 74232, 72
2026/07/29 07:00:21.183, 300.43, 100, 74232, 72
2026/07/29 07:00:22.219, 301.11, 100, 74232, 72
2026/07/29 07:00:23.257, 300.35, 100, 74232, 72
2026/07/29 07:00:24.296, 301.59, 100, 74232, 72
2026/07/29 07:00:25.335, 302.04, 100, 74232, 72
2026/07/29 07:00:26.373, 299.55, 100, 74232, 72
2026/07/29 07:00:27.410, 300.43, 100, 74232, 72
2026/07/29 07:00:28.450, 298.77, 100, 74232, 72
2026/07/29 07:00:29.487, 302.55, 100, 74232, 72
2026/07/29 07:00:30.525, 301.01, 100, 74232, 72
2026/07/29 07:00:31.563, 299.20, 100, 74232, 72
2026/07/29 07:00:32.601, 300.81, 100, 74232, 72
2026/07/29 07:00:33.640, 299.94, 100, 74232, 72
2026/07/29 07:00:34.678, 299.64, 100, 74232, 72
2026/07/29 07:00:35.715, 301.81, 100, 74232, 72
2026/07/29 07:00:36.754, 299.25, 100, 74232, 72
2026/07/29 07:00:37.790, 298.88, 100, 74232, 72
2026/07/29 07:00:38.828, 299.93, 100, 74232, 72
2026/07/29 07:00:39.865, 299.16, 100, 74232, 72
2026/07/29 07:00:40.905, 301.76, 100, 74232, 72
2026/07/29 07:00:41.944, 303.55, 100, 74232, 72
2026/07/29 07:00:42.982, 301.28, 100, 74232, 72
2026/07/29 07:00:44.021, 300.93, 100, 74232, 72
2026/07/29 07:00:45.059, 299.19, 100, 74232, 72
2026/07/29 07:00:46.100, 301.98, 100, 74232, 72
2026/07/29 07:00:47.139, 287.93, 100, 74232, 72
2026/07/29 07:00:48.176, 288.70, 100, 74232, 72
2026/07/29 07:00:49.218, 289.76, 100, 74232, 72
2026/07/29 07:00:50.255, 294.71, 100, 74232, 72
2026/07/29 07:00:51.292, 298.58, 100, 74232, 72
2026/07/29 07:00:52.329, 289.96, 100, 74232, 72
2026/07/29 07:00:53.369, 298.77, 100, 74232, 72
2026/07/29 07:00:54.406, 299.37, 100, 74232, 72
2026/07/29 07:00:55.443, 299.94, 100, 74232, 72
2026/07/29 07:00:56.480, 296.57, 100, 74232, 72
2026/07/29 07:00:57.519, 299.17, 100, 74232, 72
2026/07/29 07:00:58.556, 301.52, 100, 74232, 72
2026/07/29 07:00:59.595, 299.57, 100, 74232, 71
2026/07/29 07:01:00.631, 299.58, 100, 74232, 71
2026/07/29 07:01:01.677, 298.32, 100, 74232, 71
2026/07/29 07:01:02.715, 292.38, 100, 74232, 71
2026/07/29 07:01:03.752, 294.42, 100, 74232, 71
2026/07/29 07:01:04.791, 292.00, 100, 74232, 71
2026/07/29 07:01:05.830, 289.60, 100, 74232, 71
2026/07/29 07:01:06.869, 298.61, 100, 74232, 71
2026/07/29 07:01:07.906, 298.99, 100, 74232, 71
2026/07/29 07:01:08.944, 297.63, 100, 74232, 71
2026/07/29 07:01:09.981, 291.71, 100, 74232, 71
2026/07/29 07:01:11.025, 296.41, 100, 74232, 71
2026/07/29 07:01:12.063, 293.66, 100, 74232, 71
2026/07/29 07:01:13.101, 296.26, 100, 74232, 71
2026/07/29 07:01:14.144, 299.96, 100, 74232, 71
2026/07/29 07:01:15.182, 297.23, 100, 74232, 71
2026/07/29 07:01:16.219, 292.29, 100, 74232, 71
2026/07/29 07:01:17.257, 295.21, 100, 74232, 71
2026/07/29 07:01:18.295, 297.99, 100, 74232, 71
2026/07/29 07:01:19.333, 299.64, 100, 74232, 71
2026/07/29 07:01:20.371, 299.82, 100, 74232, 71
2026/07/29 07:01:21.413, 295.58, 100, 74232, 71
2026/07/29 07:01:22.453, 297.32, 100, 74232, 71
2026/07/29 07:01:23.490, 299.84, 100, 74232, 71
2026/07/29 07:01:24.531, 297.03, 100, 74232, 71
2026/07/29 07:01:25.569, 299.07, 100, 74232, 71
2026/07/29 07:01:26.606, 298.20, 100, 74232, 71
2026/07/29 07:01:27.644, 300.81, 100, 74232, 71
2026/07/29 07:01:28.683, 299.88, 100, 74232, 71
2026/07/29 07:01:29.721, 287.71, 100, 74232, 71
2026/07/29 07:01:30.759, 289.28, 100, 74232, 71
2026/07/29 07:01:31.798, 290.93, 100, 74232, 71
2026/07/29 07:01:32.836, 299.64, 100, 74232, 71
2026/07/29 07:01:33.874, 301.11, 100, 74232, 71
2026/07/29 07:01:34.912, 294.91, 100, 74232, 71
2026/07/29 07:01:35.948, 295.88, 100, 74232, 71
2026/07/29 07:01:36.988, 293.86, 100, 74232, 71
2026/07/29 07:01:38.026, 292.58, 100, 74232, 71
2026/07/29 07:01:39.062, 291.50, 100, 74232, 71
2026/07/29 07:01:40.099, 299.35, 100, 74232, 71
2026/07/29 07:01:41.137, 298.42, 100, 74232, 71
2026/07/29 07:01:42.175, 294.42, 100, 74232, 71
2026/07/29 07:01:43.212, 303.32, 100, 74232, 71
2026/07/29 07:01:44.250, 298.99, 100, 74232, 71
2026/07/29 07:01:45.288, 298.89, 100, 74232, 71
2026/07/29 07:01:46.326, 305.94, 100, 74232, 72
2026/07/29 07:01:47.363, 306.55, 100, 74232, 72
2026/07/29 07:01:48.403, 307.49, 100, 74232, 71
2026/07/29 07:01:49.441, 298.48, 100, 74232, 71
2026/07/29 07:01:50.478, 299.38, 100, 74232, 71
2026/07/29 07:01:51.517, 306.52, 100, 74232, 71
2026/07/29 07:01:52.553, 305.74, 100, 74232, 71
2026/07/29 07:01:53.593, 300.42, 100, 74232, 71
2026/07/29 07:01:54.631, 299.08, 100, 74232, 71
2026/07/29 07:01:55.669, 297.91, 100, 74232, 71
2026/07/29 07:01:56.707, 297.92, 100, 74232, 71
2026/07/29 07:01:57.745, 298.22, 100, 74232, 71
2026/07/29 07:01:58.783, 298.36, 100, 74232, 71
2026/07/29 07:01:59.821, 296.95, 100, 74232, 71
2026/07/29 07:02:00.859, 300.14, 100, 74232, 71
2026/07/29 07:02:01.897, 300.03, 100, 74232, 71
2026/07/29 07:02:02.934, 328.04, 100, 74232, 73
2026/07/29 07:02:03.970, 297.63, 100, 74232, 73
2026/07/29 07:02:05.006, 300.63, 100, 74232, 73
2026/07/29 07:02:06.042, 291.05, 100, 74232, 73
2026/07/29 07:02:07.078, 305.99, 100, 74232, 73
2026/07/29 07:02:08.114, 303.76, 100, 74232, 73
2026/07/29 07:02:09.150, 299.86, 100, 74232, 71
2026/07/29 07:02:10.187, 302.87, 100, 74232, 71
2026/07/29 07:02:11.225, 300.38, 100, 74232, 71
2026/07/29 07:02:12.261, 299.55, 100, 74232, 71
2026/07/29 07:02:13.300, 300.14, 100, 74232, 71
2026/07/29 07:02:14.337, 293.07, 100, 74232, 71
2026/07/29 07:02:15.374, 300.25, 100, 74232, 72
2026/07/29 07:02:16.411, 301.62, 100, 74232, 73
2026/07/29 07:02:17.446, 293.59, 100, 74232, 73
2026/07/29 07:02:18.481, 289.17, 100, 74232, 73
2026/07/29 07:02:19.516, 331.17, 100, 74232, 74
2026/07/29 07:02:20.551, 286.15, 100, 74232, 73
2026/07/29 07:02:21.586, 278.81, 100, 74232, 73
2026/07/29 07:02:22.621, 299.61, 100, 74232, 72
2026/07/29 07:02:23.658, 300.04, 100, 74232, 72
2026/07/29 07:02:24.698, 299.86, 100, 74232, 72
2026/07/29 07:02:25.736, 301.89, 100, 74232, 72
2026/07/29 07:02:26.772, 303.84, 100, 74232, 72
2026/07/29 07:02:27.809, 300.70, 100, 74232, 72
2026/07/29 07:02:28.847, 293.56, 100, 74232, 72
2026/07/29 07:02:29.885, 296.36, 100, 74232, 72
2026/07/29 07:02:30.924, 292.67, 100, 74232, 72
2026/07/29 07:02:31.961, 292.78, 100, 74232, 72
2026/07/29 07:02:32.999, 302.77, 100, 74232, 72
2026/07/29 07:02:34.036, 300.75, 100, 74232, 72
2026/07/29 07:02:35.076, 290.25, 100, 74232, 72
2026/07/29 07:02:36.113, 289.00, 100, 74232, 72
2026/07/29 07:02:37.151, 293.65, 100, 74232, 72
2026/07/29 07:02:38.188, 293.73, 100, 74232, 72
2026/07/29 07:02:39.224, 293.67, 100, 74232, 72
2026/07/29 07:02:40.262, 298.79, 100, 74232, 73
2026/07/29 07:02:41.299, 300.14, 100, 74232, 73
2026/07/29 07:02:42.334, 304.15, 100, 74232, 73
2026/07/29 07:02:43.370, 297.94, 100, 74232, 73
2026/07/29 07:02:44.407, 308.57, 100, 74232, 73
2026/07/29 07:02:45.443, 306.45, 100, 74232, 74
2026/07/29 07:02:46.484, 300.98, 100, 74232, 72
2026/07/29 07:02:47.521, 299.65, 100, 74232, 72
2026/07/29 07:02:48.557, 301.33, 100, 74232, 72
2026/07/29 07:02:49.596, 300.24, 100, 74232, 72
2026/07/29 07:02:50.633, 98.80, 0, 74232, 69
2026/07/29 07:02:51.666, 301.50, 100, 74232, 73
2026/07/29 07:02:52.702, 287.91, 100, 74232, 74
2026/07/29 07:02:53.738, 291.70, 100, 74232, 73
2026/07/29 07:02:54.774, 278.34, 100, 74232, 73
2026/07/29 07:02:55.809, 291.97, 100, 74232, 73
2026/07/29 07:02:56.845, 279.73, 100, 74232, 74
2026/07/29 07:02:57.882, 301.22, 100, 74232, 72
2026/07/29 07:02:58.920, 298.20, 100, 74232, 72
2026/07/29 07:02:59.958, 301.89, 100, 74232, 72
2026/07/29 07:03:00.995, 301.61, 100, 74232, 72
2026/07/29 07:03:02.033, 98.47, 0, 74232, 69
2026/07/29 07:03:03.101, 289.74, 100, 74232, 74
2026/07/29 07:03:04.137, 292.50, 100, 74232, 74
2026/07/29 07:03:05.173, 275.03, 100, 74232, 74
2026/07/29 07:03:06.210, 285.22, 100, 74232, 73
2026/07/29 07:03:07.245, 298.29, 100, 74232, 74
2026/07/29 07:03:08.281, 298.63, 100, 74232, 74
2026/07/29 07:03:09.320, 302.75, 100, 74232, 72
2026/07/29 07:03:10.359, 301.38, 100, 74232, 72
2026/07/29 07:03:11.396, 300.91, 100, 74232, 72
2026/07/29 07:03:12.434, 302.21, 100, 74232, 72
2026/07/29 07:03:13.471, 300.83, 100, 74232, 72
2026/07/29 07:03:14.508, 299.91, 100, 74232, 73
2026/07/29 07:03:15.626, 312.00, 100, 74232, 74
2026/07/29 07:03:16.661, 308.70, 100, 74232, 74
2026/07/29 07:03:17.698, 295.28, 100, 74232, 74
2026/07/29 07:03:18.733, 292.66, 100, 74232, 74
2026/07/29 07:03:19.769, 290.17, 100, 74232, 74
2026/07/29 07:03:20.806, 288.61, 100, 74232, 74
2026/07/29 07:03:21.849, 292.78, 100, 74232, 72
2026/07/29 07:03:22.889, 295.20, 100, 74232, 72
2026/07/29 07:03:23.926, 295.89, 100, 74232, 72
2026/07/29 07:03:24.964, 296.23, 100, 74232, 72
2026/07/29 07:03:26.001, 98.87, 0, 74232, 69
2026/07/29 07:03:27.109, 298.07, 100, 74232, 74
2026/07/29 07:03:28.151, 309.88, 100, 74232, 74
2026/07/29 07:03:29.186, 322.25, 100, 74232, 74
2026/07/29 07:03:30.225, 285.48, 100, 74232, 74
2026/07/29 07:03:31.259, 266.90, 100, 74232, 74
2026/07/29 07:03:32.296, 288.36, 100, 74232, 74
2026/07/29 07:03:33.331, 301.33, 100, 74232, 72
2026/07/29 07:03:34.369, 303.81, 100, 74232, 72
2026/07/29 07:03:35.407, 301.61, 100, 74232, 73
2026/07/29 07:03:36.445, 302.19, 100, 74232, 73
2026/07/29 07:03:37.483, 302.97, 100, 74232, 73
2026/07/29 07:03:38.522, 302.97, 95, 74232, 74
2026/07/29 07:03:39.600, 294.68, 100, 74232, 74
2026/07/29 07:03:40.635, 312.53, 100, 74232, 74
2026/07/29 07:03:41.671, 289.78, 100, 74232, 74
2026/07/29 07:03:42.713, 293.84, 100, 74232, 74
2026/07/29 07:03:43.748, 292.08, 100, 74232, 74
2026/07/29 07:03:44.784, 323.93, 100, 74232, 74
2026/07/29 07:03:45.820, 303.43, 100, 74232, 73
2026/07/29 07:03:46.858, 301.99, 100, 74232, 73
2026/07/29 07:03:47.896, 304.72, 100, 74232, 73
2026/07/29 07:03:48.934, 302.54, 100, 74232, 73
2026/07/29 07:03:49.972, 304.21, 100, 74232, 73
2026/07/29 07:03:51.010, 302.01, 100, 74232, 73
2026/07/29 07:03:52.047, 146.02, 75, 74232, 71
2026/07/29 07:03:53.080, 298.60, 100, 74232, 74
2026/07/29 07:03:54.125, 288.49, 100, 74232, 74
2026/07/29 07:03:55.160, 296.17, 100, 74232, 74
2026/07/29 07:03:56.196, 303.64, 100, 74232, 74
2026/07/29 07:03:57.231, 298.29, 100, 74232, 74
2026/07/29 07:03:58.271, 290.71, 100, 74232, 74
2026/07/29 07:03:59.310, 288.20, 100, 74232, 74
2026/07/29 07:04:00.346, 301.87, 100, 74232, 73
2026/07/29 07:04:01.383, 304.57, 100, 74232, 73
2026/07/29 07:04:02.421, 302.45, 100, 74232, 73
2026/07/29 07:04:03.459, 303.95, 100, 74232, 73
2026/07/29 07:04:04.497, 303.32, 100, 74232, 73
2026/07/29 07:04:05.535, 298.89, 100, 74232, 73
2026/07/29 07:04:06.574, 291.42, 100, 74232, 73
2026/07/29 07:04:07.614, 295.96, 100, 74232, 73
2026/07/29 07:04:08.651, 294.43, 100, 74232, 73
2026/07/29 07:04:09.693, 294.81, 100, 74232, 73
2026/07/29 07:04:10.732, 294.23, 100, 74232, 73
2026/07/29 07:04:11.769, 99.46, 0, 74232, 69
2026/07/29 07:04:12.803, 284.72, 100, 74232, 74
2026/07/29 07:04:13.843, 300.20, 100, 74232, 74
2026/07/29 07:04:14.879, 279.67, 100, 74232, 74
2026/07/29 07:04:15.917, 285.27, 100, 74232, 74
2026/07/29 07:04:16.958, 286.52, 100, 74232, 74
2026/07/29 07:04:17.993, 300.93, 100, 74232, 74
2026/07/29 07:04:19.028, 284.42, 100, 74232, 72
2026/07/29 07:04:20.066, 290.46, 100, 74232, 72
2026/07/29 07:04:21.104, 294.33, 100, 74232, 72
2026/07/29 07:04:22.142, 295.70, 100, 74232, 72
2026/07/29 07:04:23.181, 294.52, 100, 74232, 72
2026/07/29 07:04:24.220, 295.11, 100, 74232, 72
2026/07/29 07:04:25.258, 294.73, 100, 74232, 73
2026/07/29 07:04:26.298, 98.89, 0, 74232, 69
2026/07/29 07:04:27.332, 300.07, 100, 74232, 72
2026/07/29 07:04:28.370, 300.16, 100, 74232, 72
2026/07/29 07:04:29.408, 301.57, 100, 74232, 72
2026/07/29 07:04:30.446, 302.55, 100, 74232, 72
2026/07/29 07:04:31.484, 302.68, 100, 74232, 72
2026/07/29 07:04:32.521, 299.76, 100, 74232, 72
2026/07/29 07:04:33.558, 301.48, 100, 74232, 72
2026/07/29 07:04:34.595, 300.64, 100, 74232, 72
2026/07/29 07:04:35.632, 303.62, 100, 74232, 72
2026/07/29 07:04:36.670, 300.71, 100, 74232, 72
2026/07/29 07:04:37.709, 302.15, 100, 74232, 72
2026/07/29 07:04:38.747, 301.88, 100, 74232, 72
2026/07/29 07:04:39.784, 300.35, 100, 74232, 72
2026/07/29 07:04:40.822, 301.67, 100, 74232, 72
2026/07/29 07:04:41.860, 299.92, 100, 74232, 72
2026/07/29 07:04:42.901, 301.02, 100, 74232, 72
2026/07/29 07:04:43.940, 301.58, 100, 74232, 72
2026/07/29 07:04:44.977, 302.65, 100, 74232, 72
2026/07/29 07:04:46.018, 301.61, 100, 74232, 72
2026/07/29 07:04:47.057, 300.14, 100, 74232, 72
2026/07/29 07:04:48.095, 300.73, 100, 74232, 72
2026/07/29 07:04:49.132, 300.70, 100, 74232, 72
2026/07/29 07:04:50.169, 307.94, 100, 74232, 72
2026/07/29 07:04:51.206, 301.42, 100, 74232, 72
2026/07/29 07:04:52.244, 295.67, 100, 74232, 72
2026/07/29 07:04:53.283, 299.18, 100, 74232, 72
2026/07/29 07:04:54.321, 293.26, 100, 74232, 72
2026/07/29 07:04:55.359, 293.35, 100, 74232, 72
2026/07/29 07:04:56.397, 293.27, 100, 74232, 72
2026/07/29 07:04:57.435, 299.36, 100, 74232, 72
2026/07/29 07:04:58.473, 301.87, 100, 74232, 72
2026/07/29 07:04:59.511, 298.00, 100, 74232, 72
2026/07/29 07:05:00.549, 299.55, 100, 74232, 72
2026/07/29 07:05:01.587, 298.30, 100, 74232, 72
2026/07/29 07:05:02.624, 301.29, 100, 74232, 72
2026/07/29 07:05:03.666, 301.29, 100, 74232, 72
2026/07/29 07:05:04.706, 301.37, 100, 74232, 72
2026/07/29 07:05:05.744, 301.58, 100, 74232, 72
2026/07/29 07:05:06.781, 301.08, 100, 74232, 72
2026/07/29 07:05:07.819, 299.96, 100, 74232, 72
2026/07/29 07:05:08.857, 301.03, 100, 74232, 72
2026/07/29 07:05:09.897, 300.37, 100, 74232, 72
2026/07/29 07:05:10.936, 301.13, 100, 74232, 72
2026/07/29 07:05:11.974, 302.47, 100, 74232, 72
2026/07/29 07:05:13.012, 300.23, 100, 74232, 72
2026/07/29 07:05:14.051, 301.10, 100, 74232, 72
2026/07/29 07:05:15.089, 299.38, 100, 74232, 72
2026/07/29 07:05:16.128, 306.55, 100, 74232, 72
2026/07/29 07:05:17.168, 306.61, 100, 74232, 72
2026/07/29 07:05:18.213, 301.28, 100, 74232, 72
2026/07/29 07:05:19.253, 298.89, 100, 74232, 72
2026/07/29 07:05:20.291, 299.35, 100, 74232, 72
2026/07/29 07:05:21.330, 302.77, 100, 74232, 72
2026/07/29 07:05:22.367, 299.47, 100, 74232, 72
2026/07/29 07:05:23.405, 307.46, 100, 74232, 72
2026/07/29 07:05:24.443, 299.55, 100, 74232, 72
2026/07/29 07:05:25.481, 299.74, 100, 74232, 72
2026/07/29 07:05:26.520, 298.60, 100, 74232, 72
2026/07/29 07:05:27.559, 301.33, 100, 74232, 72
2026/07/29 07:05:28.597, 298.28, 100, 74232, 72
2026/07/29 07:05:29.635, 300.06, 100, 74232, 72
2026/07/29 07:05:30.674, 300.11, 100, 74232, 72
2026/07/29 07:05:31.712, 298.62, 100, 74232, 72
2026/07/29 07:05:32.750, 300.24, 100, 74232, 72
2026/07/29 07:05:33.786, 302.20, 100, 74232, 72
2026/07/29 07:05:34.824, 295.87, 100, 74232, 72
2026/07/29 07:05:35.862, 299.27, 100, 74232, 72
2026/07/29 07:05:36.902, 299.95, 100, 74232, 72
2026/07/29 07:05:37.940, 298.69, 100, 74232, 72
2026/07/29 07:05:38.979, 299.46, 100, 74232, 72
2026/07/29 07:05:40.016, 299.09, 100, 74232, 72
2026/07/29 07:05:41.054, 299.45, 100, 74232, 72
2026/07/29 07:05:42.091, 299.95, 100, 74232, 72
2026/07/29 07:05:43.129, 301.24, 100, 74232, 72
2026/07/29 07:05:44.168, 301.18, 100, 74232, 72
2026/07/29 07:05:45.206, 299.74, 100, 74232, 72
2026/07/29 07:05:46.244, 301.37, 100, 74232, 72
2026/07/29 07:05:47.281, 299.45, 100, 74232, 72
2026/07/29 07:05:48.320, 299.18, 100, 74232, 72
2026/07/29 07:05:49.357, 297.04, 100, 74232, 72
2026/07/29 07:05:50.398, 299.65, 100, 74232, 72
2026/07/29 07:05:51.436, 299.64, 100, 74232, 72
2026/07/29 07:05:52.474, 299.64, 100, 74232, 72
2026/07/29 07:05:53.511, 299.43, 100, 74232, 72
2026/07/29 07:05:54.549, 299.34, 100, 74232, 72
2026/07/29 07:05:55.589, 298.88, 100, 74232, 72
2026/07/29 07:05:56.626, 301.11, 100, 74232, 72
2026/07/29 07:05:57.663, 306.14, 100, 74232, 72
2026/07/29 07:05:58.703, 299.67, 100, 74232, 72
2026/07/29 07:05:59.741, 295.19, 100, 74232, 72
2026/07/29 07:06:00.779, 300.15, 100, 74232, 72
2026/07/29 07:06:01.816, 300.61, 100, 74232, 72
2026/07/29 07:06:02.854, 300.66, 100, 74232, 72
2026/07/29 07:06:03.891, 297.34, 100, 74232, 71
2026/07/29 07:06:04.930, 287.91, 100, 74232, 71
2026/07/29 07:06:05.968, 298.02, 100, 74232, 72
2026/07/29 07:06:07.006, 296.28, 100, 74232, 71
2026/07/29 07:06:08.044, 299.44, 100, 74232, 72
2026/07/29 07:06:09.082, 299.55, 100, 74232, 72
2026/07/29 07:06:10.118, 300.42, 100, 74232, 72
2026/07/29 07:06:11.156, 299.28, 100, 74232, 72
2026/07/29 07:06:12.195, 299.44, 100, 74232, 72
2026/07/29 07:06:13.232, 302.37, 100, 74232, 72
2026/07/29 07:06:14.270, 300.17, 100, 74232, 71
2026/07/29 07:06:15.307, 300.45, 100, 74232, 72
2026/07/29 07:06:16.345, 300.13, 100, 74232, 72
2026/07/29 07:06:17.383, 308.08, 100, 74232, 72
2026/07/29 07:06:18.423, 299.65, 100, 74232, 71
2026/07/29 07:06:19.461, 298.95, 100, 74232, 71
2026/07/29 07:06:20.497, 298.69, 100, 74232, 72
2026/07/29 07:06:21.535, 299.24, 100, 74232, 72
2026/07/29 07:06:22.573, 299.36, 100, 74232, 71
2026/07/29 07:06:23.617, 301.21, 100, 74232, 71
2026/07/29 07:06:24.655, 294.79, 100, 74232, 73
2026/07/29 07:06:25.690, 304.12, 100, 74232, 73
2026/07/29 07:06:26.725, 285.36, 100, 74232, 73
2026/07/29 07:06:27.764, 315.96, 100, 74232, 73
2026/07/29 07:06:28.802, 311.42, 100, 74232, 73
2026/07/29 07:06:29.837, 305.15, 100, 74232, 73
2026/07/29 07:06:30.871, 297.94, 100, 74232, 71
2026/07/29 07:06:31.909, 297.70, 100, 74232, 71
2026/07/29 07:06:32.947, 292.49, 100, 74232, 71
2026/07/29 07:06:33.985, 300.35, 100, 74232, 72
2026/07/29 07:06:35.022, 301.39, 100, 74232, 72
2026/07/29 07:06:36.060, 301.21, 100, 74232, 72
2026/07/29 07:06:37.099, 299.85, 100, 74232, 72
2026/07/29 07:06:38.138, 300.82, 100, 74232, 72
2026/07/29 07:06:39.177, 300.64, 100, 74232, 72
2026/07/29 07:06:40.215, 300.33, 100, 74232, 72
2026/07/29 07:06:41.253, 300.40, 100, 74232, 72
2026/07/29 07:06:42.291, 302.08, 100, 74232, 72
2026/07/29 07:06:43.333, 97.90, 0, 74232, 69
2026/07/29 07:06:44.366, 302.08, 100, 74232, 73
2026/07/29 07:06:45.403, 298.48, 100, 74232, 73
2026/07/29 07:06:46.439, 288.78, 100, 74232, 73
2026/07/29 07:06:47.478, 268.92, 100, 74232, 73
2026/07/29 07:06:48.517, 270.73, 100, 74232, 73
2026/07/29 07:06:49.552, 279.88, 100, 74232, 71
2026/07/29 07:06:50.591, 297.81, 100, 74232, 71
2026/07/29 07:06:51.629, 298.30, 100, 74232, 72
2026/07/29 07:06:52.668, 300.31, 100, 74232, 72
2026/07/29 07:06:53.707, 300.16, 100, 74232, 72
2026/07/29 07:06:54.745, 300.60, 100, 74232, 72
2026/07/29 07:06:55.782, 98.56, 0, 74232, 69
2026/07/29 07:06:56.816, 294.18, 100, 74232, 73
2026/07/29 07:06:57.855, 298.54, 100, 74232, 74
2026/07/29 07:06:58.893, 266.86, 100, 74232, 74
2026/07/29 07:06:59.928, 281.98, 100, 74232, 73
2026/07/29 07:07:00.964, 288.51, 100, 74232, 73
2026/07/29 07:07:02.000, 286.54, 100, 74232, 72
2026/07/29 07:07:03.038, 289.28, 100, 74232, 72
2026/07/29 07:07:04.075, 300.33, 100, 74232, 72
2026/07/29 07:07:05.117, 301.27, 100, 74232, 72
2026/07/29 07:07:06.164, 97.49, 0, 74232, 69
2026/07/29 07:07:07.198, 297.26, 100, 74232, 73
2026/07/29 07:07:08.234, 297.63, 100, 74232, 73
2026/07/29 07:07:09.269, 289.57, 100, 74232, 74
2026/07/29 07:07:10.305, 302.96, 100, 74232, 74
2026/07/29 07:07:11.345, 307.89, 100, 74232, 74
2026/07/29 07:07:12.380, 269.45, 100, 74232, 72
2026/07/29 07:07:13.420, 295.29, 100, 74232, 72
2026/07/29 07:07:14.457, 297.91, 100, 74232, 72
2026/07/29 07:07:15.496, 301.63, 100, 74232, 72
2026/07/29 07:07:16.533, 299.75, 100, 74232, 72
2026/07/29 07:07:17.570, 301.22, 70, 74232, 71
2026/07/29 07:07:18.608, 298.97, 100, 74232, 74
2026/07/29 07:07:19.683, 295.32, 100, 74232, 74
2026/07/29 07:07:20.719, 296.55, 100, 74232, 74
2026/07/29 07:07:21.755, 271.02, 100, 74232, 74
2026/07/29 07:07:22.793, 290.14, 100, 74232, 74
2026/07/29 07:07:23.831, 273.04, 100, 74232, 74
2026/07/29 07:07:24.871, 300.82, 100, 74232, 72
2026/07/29 07:07:25.910, 301.20, 100, 74232, 72
2026/07/29 07:07:26.947, 290.86, 100, 74232, 72
2026/07/29 07:07:27.987, 300.64, 100, 74232, 72
2026/07/29 07:07:29.026, 301.77, 100, 74232, 72
2026/07/29 07:07:30.065, 293.34, 100, 74232, 72
2026/07/29 07:07:31.103, 294.40, 100, 74232, 72
2026/07/29 07:07:32.140, 298.59, 100, 74232, 72
2026/07/29 07:07:33.178, 99.01, 0, 74232, 69
2026/07/29 07:07:34.210, 299.37, 100, 74232, 74
2026/07/29 07:07:35.247, 297.23, 100, 74232, 74
2026/07/29 07:07:36.284, 309.37, 100, 74232, 74
2026/07/29 07:07:37.319, 295.40, 100, 74232, 74
2026/07/29 07:07:38.355, 285.08, 100, 74232, 74
2026/07/29 07:07:39.390, 281.60, 100, 74232, 74
2026/07/29 07:07:40.426, 299.84, 100, 74232, 72
2026/07/29 07:07:41.466, 301.02, 100, 74232, 72
2026/07/29 07:07:42.503, 301.17, 100, 74232, 72
2026/07/29 07:07:43.541, 301.34, 100, 74232, 72
2026/07/29 07:07:44.579, 301.88, 100, 74232, 72
2026/07/29 07:07:45.616, 302.46, 100, 74232, 73
2026/07/29 07:07:46.655, 303.15, 100, 74232, 73
2026/07/29 07:07:47.692, 305.00, 100, 74232, 74
2026/07/29 07:07:48.728, 296.93, 100, 74232, 74
2026/07/29 07:07:49.763, 313.95, 100, 74232, 74
2026/07/29 07:07:50.799, 268.31, 100, 74232, 74
2026/07/29 07:07:51.835, 310.45, 100, 74232, 74
2026/07/29 07:07:52.874, 296.12, 100, 74232, 75
2026/07/29 07:07:53.908, 301.24, 100, 74232, 73
2026/07/29 07:07:54.950, 291.43, 100, 74232, 73
2026/07/29 07:07:55.988, 295.49, 100, 74232, 73
2026/07/29 07:07:57.027, 296.45, 100, 74232, 73
2026/07/29 07:07:58.068, 295.41, 100, 74232, 73
2026/07/29 07:07:59.104, 302.86, 100, 74232, 73
2026/07/29 07:08:00.142, 299.38, 100, 74232, 73
2026/07/29 07:08:01.180, 296.82, 100, 74232, 75
2026/07/29 07:08:02.218, 314.42, 100, 74232, 75
2026/07/29 07:08:03.253, 290.91, 100, 74232, 75
2026/07/29 07:08:04.289, 278.62, 100, 74232, 74
2026/07/29 07:08:05.326, 264.83, 100, 74232, 75
2026/07/29 07:08:06.362, 315.18, 100, 74232, 74
2026/07/29 07:08:07.399, 292.68, 100, 74232, 73
2026/07/29 07:08:08.438, 294.14, 100, 74232, 73
2026/07/29 07:08:09.475, 302.24, 100, 74232, 73
2026/07/29 07:08:10.515, 294.72, 100, 74232, 73
2026/07/29 07:08:11.552, 294.52, 100, 74232, 73
2026/07/29 07:08:12.588, 291.44, 100, 74232, 73
2026/07/29 07:08:13.625, 302.48, 100, 74232, 73
2026/07/29 07:08:14.662, 303.51, 100, 74232, 73
2026/07/29 07:08:15.700, 301.46, 100, 74232, 73
2026/07/29 07:08:16.737, 303.13, 100, 74232, 73
2026/07/29 07:08:17.774, 302.55, 100, 74232, 73
2026/07/29 07:08:18.810, 302.64, 100, 74232, 75
2026/07/29 07:08:19.847, 301.78, 100, 74232, 75
2026/07/29 07:08:20.880, 310.90, 100, 74232, 75
2026/07/29 07:08:21.915, 305.33, 100, 74232, 74
2026/07/29 07:08:22.951, 315.08, 100, 74232, 74
2026/07/29 07:08:23.984, 272.55, 100, 74232, 74
2026/07/29 07:08:25.020, 299.53, 100, 74232, 74
2026/07/29 07:08:26.056, 295.01, 100, 74232, 73
2026/07/29 07:08:27.093, 295.21, 100, 74232, 73
2026/07/29 07:08:28.130, 284.52, 100, 74232, 73
2026/07/29 07:08:29.167, 288.42, 100, 74232, 73
2026/07/29 07:08:30.206, 288.79, 100, 74232, 73
2026/07/29 07:08:31.244, 300.23, 100, 74232, 73
2026/07/29 07:08:32.283, 299.53, 100, 74232, 73
2026/07/29 07:08:33.321, 295.88, 100, 74232, 73
2026/07/29 07:08:34.358, 299.15, 100, 74232, 73
2026/07/29 07:08:35.396, 295.99, 100, 74232, 73
2026/07/29 07:08:36.434, 292.10, 100, 74232, 73
2026/07/29 07:08:37.472, 299.64, 100, 74232, 73
2026/07/29 07:08:38.509, 297.89, 100, 74232, 73
2026/07/29 07:08:39.551, 301.50, 100, 74232, 73
2026/07/29 07:08:40.590, 296.94, 100, 74232, 73
2026/07/29 07:08:41.627, 298.20, 100, 74232, 73
2026/07/29 07:08:42.672, 302.73, 100, 74232, 73
2026/07/29 07:08:43.711, 302.46, 100, 74232, 73
2026/07/29 07:08:44.749, 301.78, 100, 74232, 73
2026/07/29 07:08:45.789, 301.88, 100, 74232, 73
2026/07/29 07:08:46.827, 301.80, 100, 74232, 73
2026/07/29 07:08:47.865, 303.45, 100, 74232, 72
2026/07/29 07:08:48.903, 301.48, 100, 74232, 72
2026/07/29 07:08:49.940, 295.89, 100, 74232, 72
2026/07/29 07:08:50.978, 301.88, 100, 74232, 72
2026/07/29 07:08:52.015, 301.50, 100, 74232, 72
2026/07/29 07:08:53.052, 290.26, 100, 74232, 72
2026/07/29 07:08:54.089, 294.04, 100, 74232, 72
2026/07/29 07:08:55.128, 294.62, 100, 74232, 72
2026/07/29 07:08:56.165, 294.53, 100, 74232, 72
2026/07/29 07:08:57.203, 305.79, 33, 74232, 74
2026/07/29 07:08:58.239, 296.85, 100, 74232, 72
2026/07/29 07:08:59.277, 301.49, 100, 74232, 72
2026/07/29 07:09:00.314, 302.25, 100, 74232, 72
2026/07/29 07:09:01.352, 301.21, 100, 74232, 72
2026/07/29 07:09:02.392, 302.12, 100, 74232, 72
2026/07/29 07:09:03.430, 300.24, 100, 74232, 72
2026/07/29 07:09:04.468, 300.65, 100, 74232, 72
2026/07/29 07:09:05.506, 299.27, 100, 74232, 72
2026/07/29 07:09:06.544, 292.87, 100, 74232, 72
2026/07/29 07:09:07.583, 302.87, 100, 74232, 72
2026/07/29 07:09:08.623, 300.80, 100, 74232, 72
2026/07/29 07:09:09.661, 292.86, 100, 74232, 72
2026/07/29 07:09:10.698, 301.89, 100, 74232, 72
2026/07/29 07:09:11.736, 299.67, 100, 74232, 72
2026/07/29 07:09:12.777, 300.83, 100, 74232, 72
2026/07/29 07:09:13.816, 301.23, 100, 74232, 72
2026/07/29 07:09:14.853, 300.03, 100, 74232, 72
2026/07/29 07:09:15.890, 293.36, 100, 74232, 72
2026/07/29 07:09:16.929, 293.94, 100, 74232, 72
2026/07/29 07:09:17.966, 299.96, 100, 74232, 72
2026/07/29 07:09:19.004, 301.31, 100, 74232, 72
2026/07/29 07:09:20.049, 293.57, 100, 74232, 72
2026/07/29 07:09:21.087, 300.93, 100, 74232, 72
2026/07/29 07:09:22.125, 299.75, 100, 74232, 72
2026/07/29 07:09:23.170, 293.54, 100, 74232, 72
2026/07/29 07:09:24.211, 297.41, 100, 74232, 72
2026/07/29 07:09:25.249, 292.10, 100, 74232, 72
2026/07/29 07:09:26.287, 291.22, 100, 74232, 72
2026/07/29 07:09:27.326, 292.01, 100, 74232, 72
2026/07/29 07:09:28.365, 296.36, 100, 74232, 72
2026/07/29 07:09:29.402, 296.27, 100, 74232, 72
2026/07/29 07:09:30.440, 293.07, 100, 74232, 72
2026/07/29 07:09:31.478, 300.90, 100, 74232, 72
2026/07/29 07:09:32.517, 299.82, 100, 74232, 72
2026/07/29 07:09:33.554, 296.07, 100, 74232, 72
2026/07/29 07:09:34.590, 296.48, 100, 74232, 72
2026/07/29 07:09:35.626, 296.42, 100, 74232, 72
2026/07/29 07:09:36.662, 295.20, 100, 74232, 72
2026/07/29 07:09:37.700, 297.36, 100, 74232, 72
2026/07/29 07:09:38.738, 302.28, 100, 74232, 72
2026/07/29 07:09:39.775, 299.95, 100, 74232, 72
2026/07/29 07:09:40.813, 298.13, 100, 74232, 72
2026/07/29 07:09:41.851, 299.76, 100, 74232, 72
2026/07/29 07:09:42.889, 299.16, 100, 74232, 72
2026/07/29 07:09:43.930, 300.42, 100, 74232, 72
2026/07/29 07:09:44.967, 300.24, 100, 74232, 72
2026/07/29 07:09:46.004, 300.82, 100, 74232, 72
2026/07/29 07:09:47.042, 300.45, 100, 74232, 72
2026/07/29 07:09:48.080, 299.83, 100, 74232, 72
2026/07/29 07:09:49.118, 303.70, 100, 74232, 72
2026/07/29 07:09:50.156, 304.01, 100, 74232, 72
2026/07/29 07:09:51.194, 306.12, 100, 74232, 72
2026/07/29 07:09:52.232, 297.89, 100, 74232, 72
2026/07/29 07:09:53.270, 300.23, 100, 74232, 72
2026/07/29 07:09:54.314, 297.82, 100, 74232, 72
2026/07/29 07:09:55.352, 299.05, 100, 74232, 72
2026/07/29 07:09:56.390, 297.12, 100, 74232, 71
2026/07/29 07:09:57.433, 300.20, 100, 74232, 72
2026/07/29 07:09:58.471, 298.99, 100, 74232, 72
2026/07/29 07:09:59.509, 300.72, 100, 74232, 72
2026/07/29 07:10:00.546, 295.76, 100, 74232, 71
2026/07/29 07:10:01.584, 300.55, 100, 74232, 71
2026/07/29 07:10:02.622, 298.87, 100, 74232, 71
2026/07/29 07:10:03.659, 301.17, 100, 74232, 71
2026/07/29 07:10:04.697, 292.86, 100, 74232, 71
2026/07/29 07:10:05.736, 297.34, 100, 74232, 71
2026/07/29 07:10:06.774, 301.30, 100, 74232, 71
2026/07/29 07:10:07.812, 300.71, 100, 74232, 71
2026/07/29 07:10:08.850, 288.59, 100, 74232, 71
2026/07/29 07:10:09.887, 290.23, 100, 74232, 71
2026/07/29 07:10:10.927, 288.42, 100, 74232, 71
2026/07/29 07:10:11.964, 298.89, 100, 74232, 71
2026/07/29 07:10:13.002, 297.06, 100, 74232, 71
2026/07/29 07:10:14.041, 298.58, 100, 74232, 71
2026/07/29 07:10:15.078, 299.37, 100, 74232, 71
2026/07/29 07:10:16.116, 299.78, 100, 74232, 71
2026/07/29 07:10:17.153, 299.10, 100, 74232, 71
2026/07/29 07:10:18.190, 298.48, 100, 74232, 71
2026/07/29 07:10:19.227, 295.58, 100, 74232, 73
2026/07/29 07:10:20.263, 294.53, 100, 74232, 73
2026/07/29 07:10:21.298, 277.81, 100, 74232, 73
2026/07/29 07:10:22.334, 302.40, 100, 74232, 73
2026/07/29 07:10:23.370, 256.22, 100, 74232, 73
2026/07/29 07:10:24.407, 287.82, 100, 74232, 73
2026/07/29 07:10:25.443, 299.36, 100, 74232, 71
2026/07/29 07:10:26.483, 299.56, 100, 74232, 71
2026/07/29 07:10:27.520, 300.12, 100, 74232, 71
2026/07/29 07:10:28.560, 299.56, 100, 74232, 71
2026/07/29 07:10:29.597, 96.67, 95, 74232, 69
2026/07/29 07:10:30.630, 302.38, 100, 74232, 73
2026/07/29 07:10:31.666, 285.03, 100, 74232, 73
2026/07/29 07:10:32.702, 296.72, 100, 74232, 73
2026/07/29 07:10:33.737, 301.18, 100, 74232, 73
2026/07/29 07:10:34.773, 305.25, 100, 74232, 73
2026/07/29 07:10:35.808, 278.98, 100, 74232, 73
2026/07/29 07:10:36.850, 300.15, 100, 74232, 72
2026/07/29 07:10:37.888, 297.45, 100, 74232, 72
2026/07/29 07:10:38.926, 300.35, 100, 74232, 72
2026/07/29 07:10:39.964, 300.52, 100, 74232, 72
2026/07/29 07:10:41.002, 288.99, 41, 74232, 73
2026/07/29 07:10:42.039, 301.97, 100, 74232, 73
2026/07/29 07:10:43.074, 298.89, 100, 74232, 73
2026/07/29 07:10:44.111, 287.92, 100, 74232, 74
2026/07/29 07:10:45.149, 304.37, 100, 74232, 73
2026/07/29 07:10:46.188, 274.62, 100, 74232, 74
2026/07/29 07:10:47.224, 275.50, 100, 74232, 74
2026/07/29 07:10:48.261, 300.61, 100, 74232, 72
2026/07/29 07:10:49.298, 302.97, 100, 74232, 72
2026/07/29 07:10:50.341, 294.52, 100, 74232, 72
2026/07/29 07:10:51.380, 291.90, 100, 74232, 72
2026/07/29 07:10:52.417, 294.52, 100, 74232, 72
2026/07/29 07:10:53.454, 300.27, 62, 74232, 73
2026/07/29 07:10:54.491, 299.93, 100, 74232, 74
2026/07/29 07:10:55.530, 285.18, 100, 74232, 74
2026/07/29 07:10:56.566, 295.03, 100, 74232, 74
2026/07/29 07:10:57.601, 322.17, 100, 74232, 74
2026/07/29 07:10:58.637, 297.34, 100, 74232, 74
2026/07/29 07:10:59.673, 306.28, 100, 74232, 74
2026/07/29 07:11:00.712, 301.41, 100, 74232, 72
2026/07/29 07:11:01.749, 301.48, 100, 74232, 72
2026/07/29 07:11:02.787, 295.38, 100, 74232, 72
2026/07/29 07:11:03.824, 300.61, 100, 74232, 72
2026/07/29 07:11:04.864, 294.04, 100, 74232, 72
2026/07/29 07:11:05.902, 294.52, 100, 74232, 72
2026/07/29 07:11:06.940, 292.87, 100, 74232, 72
2026/07/29 07:11:07.979, 294.24, 100, 74232, 72
2026/07/29 07:11:09.017, 295.20, 100, 74232, 72
2026/07/29 07:11:10.055, 294.60, 100, 74232, 72
2026/07/29 07:11:11.092, 295.77, 100, 74232, 72
2026/07/29 07:11:12.129, 294.49, 38, 74232, 73
2026/07/29 07:11:13.166, 302.56, 100, 74232, 74
2026/07/29 07:11:14.202, 293.06, 100, 74232, 74
2026/07/29 07:11:15.238, 297.11, 100, 74232, 74
2026/07/29 07:11:16.274, 268.12, 100, 74232, 74
2026/07/29 07:11:17.310, 315.57, 100, 74232, 74
2026/07/29 07:11:18.345, 321.35, 100, 74232, 74
2026/07/29 07:11:19.380, 301.88, 100, 74232, 72
2026/07/29 07:11:20.418, 302.47, 100, 74232, 72
2026/07/29 07:11:21.456, 300.79, 100, 74232, 72
2026/07/29 07:11:22.493, 303.41, 100, 74232, 72
2026/07/29 07:11:23.530, 301.29, 100, 74232, 72
2026/07/29 07:11:24.568, 301.96, 100, 74232, 72
2026/07/29 07:11:25.606, 302.35, 100, 74232, 72
2026/07/29 07:11:26.643, 291.17, 100, 74232, 74
2026/07/29 07:11:27.681, 298.12, 100, 74232, 74
2026/07/29 07:11:28.717, 291.23, 100, 74232, 74
2026/07/29 07:11:29.753, 290.41, 100, 74232, 74
2026/07/29 07:11:30.791, 284.98, 100, 74232, 74
2026/07/29 07:11:31.829, 283.72, 100, 74232, 74
2026/07/29 07:11:32.863, 300.51, 100, 74232, 74
2026/07/29 07:11:33.899, 301.29, 100, 74232, 72
2026/07/29 07:11:34.937, 297.60, 100, 74232, 72
2026/07/29 07:11:35.978, 295.00, 100, 74232, 72
2026/07/29 07:11:37.016, 295.97, 100, 74232, 72
2026/07/29 07:11:38.053, 290.73, 100, 74232, 72
2026/07/29 07:11:39.094, 292.18, 100, 74232, 72
2026/07/29 07:11:40.131, 295.29, 100, 74232, 72
2026/07/29 07:11:41.168, 301.58, 100, 74232, 73
2026/07/29 07:11:42.208, 294.14, 100, 74232, 73
2026/07/29 07:11:43.245, 296.46, 100, 74232, 73
2026/07/29 07:11:44.283, 294.14, 100, 74232, 73
2026/07/29 07:11:45.321, 98.09, 0, 74232, 69
2026/07/29 07:11:46.354, 97.15, 0, 74232, 68
2026/07/29 07:11:47.385, 96.04, 0, 74232, 68
2026/07/29 07:11:48.420, 94.44, 0, 74232, 67
2026/07/29 07:11:49.452, 93.87, 0, 74232, 66
2026/07/29 07:11:50.484, 92.99, 0, 74232, 66
2026/07/29 07:11:51.516, 92.36, 0, 74232, 65
2026/07/29 07:11:52.548, 91.63, 0, 74232, 65
2026/07/29 07:11:53.581, 90.93, 0, 74232, 64
2026/07/29 07:11:54.613, 91.90, 0, 74232, 64
2026/07/29 07:11:55.646, 89.28, 0, 74232, 63
2026/07/29 07:11:56.679, 89.74, 0, 74232, 63
2026/07/29 07:11:57.710, 90.19, 0, 74232, 63
2026/07/29 07:11:58.742, 89.01, 0, 74232, 62
2026/07/29 07:11:59.774, 87.52, 0, 74232, 62
2026/07/29 07:12:00.805, 87.84, 0, 74232, 62
2026/07/29 07:12:01.836, 86.96, 0, 74232, 61
2026/07/29 07:12:02.868, 86.80, 0, 74232, 61
2026/07/29 07:12:03.898, 86.39, 0, 74232, 61
2026/07/29 07:12:04.929, 86.03, 0, 74232, 61
2026/07/29 07:12:05.961, 86.02, 0, 74232, 60
2026/07/29 07:12:06.992, 85.74, 0, 74232, 60
2026/07/29 07:12:08.024, 85.31, 0, 74232, 60
2026/07/29 07:12:09.056, 84.78, 0, 74232, 59
2026/07/29 07:12:10.089, 84.52, 0, 74232, 59
2026/07/29 07:12:11.119, 84.29, 0, 74232, 59
2026/07/29 07:12:12.152, 84.01, 0, 74232, 59
2026/07/29 07:12:13.183, 83.85, 0, 74232, 58
2026/07/29 07:12:14.215, 83.68, 0, 74232, 58
2026/07/29 07:12:15.245, 82.90, 0, 74232, 58
2026/07/29 07:12:16.275, 83.41, 0, 74232, 58
2026/07/29 07:12:17.307, 82.71, 0, 74232, 57
2026/07/29 07:12:18.340, 82.25, 0, 74232, 57
2026/07/29 07:12:19.371, 82.48, 0, 74232, 57
2026/07/29 07:12:20.401, 82.05, 0, 74232, 57
2026/07/29 07:12:21.433, 81.80, 0, 74232, 56
2026/07/29 07:12:22.463, 81.56, 0, 74232, 56
2026/07/29 07:12:23.496, 81.46, 0, 74232, 56
2026/07/29 07:12:24.530, 81.53, 0, 74232, 56
2026/07/29 07:12:25.562, 80.88, 0, 74232, 55
2026/07/29 07:12:26.594, 80.75, 0, 74232, 55
2026/07/29 07:12:27.624, 80.79, 0, 74232, 55
2026/07/29 07:12:28.656, 80.39, 0, 74232, 55
2026/07/29 07:12:29.688, 80.24, 0, 74232, 54
2026/07/29 07:12:30.720, 80.10, 0, 74232, 54
2026/07/29 07:12:31.752, 79.93, 0, 74232, 54
2026/07/29 07:12:32.783, 79.60, 0, 74232, 54
2026/07/29 07:12:34.576, 79.12, 0, 74232, 53
2026/07/29 07:12:35.608, 79.36, 0, 74232, 53
2026/07/29 07:12:36.640, 78.79, 0, 74232, 53
2026/07/29 07:12:37.671, 79.07, 0, 74232, 53
2026/07/29 07:12:38.702, 78.34, 0, 74232, 53
2026/07/29 07:12:39.734, 78.29, 0, 74232, 52
2026/07/29 07:12:40.764, 78.59, 0, 74232, 52
2026/07/29 07:12:41.794, 77.54, 0, 74232, 52
2026/07/29 07:12:42.825, 77.04, 0, 74232, 52
2026/07/29 07:12:43.855, 76.84, 0, 74232, 52
2026/07/29 07:12:44.885, 76.30, 0, 74232, 51
2026/07/29 07:12:45.915, 76.30, 0, 74232, 51
2026/07/29 07:12:46.946, 76.22, 0, 74232, 51
2026/07/29 07:12:47.977, 75.83, 0, 74232, 51
2026/07/29 07:12:49.008, 75.90, 0, 74232, 51
2026/07/29 07:12:50.039, 75.73, 0, 74232, 51
2026/07/29 07:12:51.069, 75.58, 0, 74232, 50
2026/07/29 07:12:52.099, 75.50, 0, 74232, 50
2026/07/29 07:12:53.477, 302.27, 100, 74232, 56
2026/07/29 07:12:54.511, 294.88, 100, 74232, 56
2026/07/29 07:12:55.545, 309.02, 100, 74232, 57
2026/07/29 07:12:56.590, 302.15, 100, 74232, 57
2026/07/29 07:12:57.627, 294.31, 100, 74232, 56
2026/07/29 07:12:58.667, 296.61, 100, 74232, 56
2026/07/29 07:12:59.704, 299.72, 100, 74232, 56
2026/07/29 07:13:00.741, 297.81, 100, 74232, 57
2026/07/29 07:13:01.778, 298.40, 100, 74232, 57
2026/07/29 07:13:02.816, 299.27, 100, 74232, 57
2026/07/29 07:13:03.854, 301.08, 100, 74232, 58
2026/07/29 07:13:04.890, 293.92, 100, 74232, 60
2026/07/29 07:13:05.925, 303.27, 100, 74232, 60
2026/07/29 07:13:06.960, 296.32, 100, 74232, 60
2026/07/29 07:13:08.002, 275.53, 100, 74232, 61
2026/07/29 07:13:09.038, 293.36, 100, 74232, 59
2026/07/29 07:13:10.076, 293.82, 100, 74232, 59
2026/07/29 07:13:11.113, 291.59, 100, 74232, 60
2026/07/29 07:13:12.150, 295.08, 100, 74232, 60
2026/07/29 07:13:13.187, 306.78, 100, 74232, 62
2026/07/29 07:13:14.222, 310.13, 100, 74232, 62
2026/07/29 07:13:15.264, 305.73, 100, 74232, 63
2026/07/29 07:13:16.298, 302.82, 100, 74232, 63
2026/07/29 07:13:17.333, 286.40, 100, 74232, 63
2026/07/29 07:13:18.368, 301.28, 100, 74232, 62
2026/07/29 07:13:19.405, 300.64, 100, 74232, 62
2026/07/29 07:13:20.442, 301.49, 100, 74232, 62
2026/07/29 07:13:21.478, 301.41, 100, 74232, 62
2026/07/29 07:13:22.515, 302.15, 100, 74232, 62
2026/07/29 07:13:23.552, 301.95, 100, 74232, 63
2026/07/29 07:13:24.590, 302.63, 100, 74232, 63
2026/07/29 07:13:25.629, 299.43, 100, 74232, 63
2026/07/29 07:13:26.667, 295.50, 100, 74232, 63
2026/07/29 07:13:27.705, 295.97, 100, 74232, 63
2026/07/29 07:13:28.744, 295.38, 100, 74232, 64
2026/07/29 07:13:29.781, 297.22, 100, 74232, 64
2026/07/29 07:13:30.818, 297.23, 100, 74232, 64
2026/07/29 07:13:31.859, 297.32, 100, 74232, 64
2026/07/29 07:13:32.896, 298.21, 100, 74232, 65
2026/07/29 07:13:33.936, 305.24, 100, 74232, 65
2026/07/29 07:13:34.974, 298.53, 100, 74232, 67
2026/07/29 07:13:36.009, 291.89, 100, 74232, 67
2026/07/29 07:13:37.044, 305.26, 100, 74232, 67
2026/07/29 07:13:38.079, 276.94, 100, 74232, 67
2026/07/29 07:13:39.115, 285.11, 100, 74232, 67
2026/07/29 07:13:40.157, 300.94, 100, 74232, 66
2026/07/29 07:13:41.194, 299.94, 100, 74232, 66
2026/07/29 07:13:42.232, 300.41, 100, 74232, 66
2026/07/29 07:13:43.269, 300.72, 100, 74232, 66
2026/07/29 07:13:44.307, 291.99, 100, 74232, 68
2026/07/29 07:13:45.345, 311.03, 100, 74232, 68
2026/07/29 07:13:46.381, 293.06, 100, 74232, 69
2026/07/29 07:13:47.416, 317.99, 100, 74232, 69
2026/07/29 07:13:48.459, 300.73, 100, 74232, 69
2026/07/29 07:13:49.494, 287.29, 100, 74232, 69
2026/07/29 07:13:50.531, 301.57, 100, 74232, 67
2026/07/29 07:13:51.569, 301.87, 100, 74232, 68
2026/07/29 07:13:52.608, 301.78, 100, 74232, 68
2026/07/29 07:13:53.647, 302.55, 100, 74232, 68
2026/07/29 07:13:54.684, 301.01, 100, 74232, 68
2026/07/29 07:13:55.724, 311.69, 100, 74232, 70
2026/07/29 07:13:56.761, 290.73, 100, 74232, 70
2026/07/29 07:13:57.796, 292.28, 100, 74232, 70
2026/07/29 07:13:58.832, 282.42, 100, 74232, 70
2026/07/29 07:13:59.867, 285.67, 100, 74232, 70
2026/07/29 07:14:00.902, 302.65, 100, 74232, 69
2026/07/29 07:14:01.940, 304.29, 100, 74232, 69
2026/07/29 07:14:02.978, 303.93, 100, 74232, 69
2026/07/29 07:14:04.018, 304.48, 100, 74232, 69
2026/07/29 07:14:05.057, 302.35, 100, 74232, 69
2026/07/29 07:14:06.091, 301.83, 100, 74232, 71
2026/07/29 07:14:07.127, 297.31, 100, 74232, 71
2026/07/29 07:14:08.160, 302.71, 100, 74232, 71
2026/07/29 07:14:09.194, 305.68, 100, 74232, 71
2026/07/29 07:14:10.228, 307.72, 100, 74232, 71
2026/07/29 07:14:11.262, 303.03, 100, 74232, 70
2026/07/29 07:14:12.299, 296.45, 100, 74232, 70
2026/07/29 07:14:13.336, 304.03, 100, 74232, 70
2026/07/29 07:14:14.373, 300.71, 100, 74232, 70
2026/07/29 07:14:15.411, 304.84, 100, 74232, 70
2026/07/29 07:14:16.449, 305.16, 100, 74232, 70
2026/07/29 07:14:17.486, 305.14, 100, 74232, 70
2026/07/29 07:14:18.523, 306.22, 100, 74232, 70
2026/07/29 07:14:19.560, 304.57, 100, 74232, 71
2026/07/29 07:14:20.598, 95.02, 0, 74232, 67
2026/07/29 07:14:21.631, 254.10, 100, 74232, 71
2026/07/29 07:14:22.667, 301.12, 100, 74232, 72
2026/07/29 07:14:23.706, 284.80, 100, 74232, 72
2026/07/29 07:14:24.741, 279.66, 100, 74232, 72
2026/07/29 07:14:25.776, 287.64, 100, 74232, 72
2026/07/29 07:14:26.811, 278.44, 100, 74232, 70
2026/07/29 07:14:27.850, 297.82, 100, 74232, 70
2026/07/29 07:14:28.888, 297.91, 100, 74232, 70
2026/07/29 07:14:29.931, 292.98, 100, 74232, 70
2026/07/29 07:14:30.969, 305.70, 100, 74232, 71
2026/07/29 07:14:32.005, 93.67, 48, 74232, 68
2026/07/29 07:14:33.039, 296.03, 100, 74232, 72
2026/07/29 07:14:34.075, 298.29, 100, 74232, 72
2026/07/29 07:14:35.109, 295.52, 100, 74232, 72
2026/07/29 07:14:36.145, 297.11, 100, 74232, 72
2026/07/29 07:14:37.183, 319.63, 100, 74232, 73
2026/07/29 07:14:38.217, 289.10, 100, 74232, 72
2026/07/29 07:14:39.254, 298.65, 100, 74232, 71
2026/07/29 07:14:40.293, 303.13, 100, 74232, 71
2026/07/29 07:14:41.331, 300.22, 100, 74232, 71
2026/07/29 07:14:42.372, 299.36, 100, 74232, 71
2026/07/29 07:14:43.410, 299.85, 100, 74232, 71
2026/07/29 07:14:44.448, 300.04, 100, 74232, 71
2026/07/29 07:14:45.486, 299.75, 100, 74232, 71
2026/07/29 07:14:46.524, 299.37, 100, 74232, 71
2026/07/29 07:14:47.564, 305.98, 100, 74232, 71
2026/07/29 07:14:48.601, 299.55, 100, 74232, 71
2026/07/29 07:14:49.639, 300.73, 100, 74232, 71
2026/07/29 07:14:50.677, 301.19, 100, 74232, 71
2026/07/29 07:14:51.715, 300.41, 100, 74232, 71
2026/07/29 07:14:52.756, 300.80, 100, 74232, 71
2026/07/29 07:14:53.794, 299.45, 100, 74232, 71
2026/07/29 07:14:54.833, 292.19, 100, 74232, 71
2026/07/29 07:14:55.872, 299.93, 100, 74232, 71
2026/07/29 07:14:56.910, 300.09, 100, 74232, 71
2026/07/29 07:14:57.951, 300.79, 100, 74232, 71
2026/07/29 07:14:58.990, 300.98, 100, 74232, 71
2026/07/29 07:15:00.031, 97.09, 0, 74232, 68
2026/07/29 07:15:01.063, 96.60, 0, 74232, 67
2026/07/29 07:15:02.094, 94.25, 0, 74232, 67
2026/07/29 07:15:03.126, 93.53, 0, 74232, 66
2026/07/29 07:15:04.158, 92.37, 0, 74232, 66
2026/07/29 07:15:05.190, 92.84, 0, 74232, 65
2026/07/29 07:15:06.222, 91.84, 0, 74232, 65
2026/07/29 07:15:07.255, 90.91, 0, 74232, 64
2026/07/29 07:15:08.288, 90.78, 0, 74232, 64
2026/07/29 07:15:09.321, 90.76, 0, 74232, 63
2026/07/29 07:15:10.353, 90.40, 0, 74232, 63
2026/07/29 07:15:11.384, 89.07, 0, 74232, 63
2026/07/29 07:15:12.417, 87.62, 0, 74232, 62
2026/07/29 07:15:13.448, 87.31, 0, 74232, 62
2026/07/29 07:15:14.480, 86.59, 0, 74232, 61
2026/07/29 07:15:15.513, 86.92, 0, 74232, 61
2026/07/29 07:15:16.544, 86.37, 0, 74232, 61
2026/07/29 07:15:17.576, 86.82, 0, 74232, 60
2026/07/29 07:15:18.609, 85.94, 0, 74232, 60
2026/07/29 07:15:19.640, 85.67, 0, 74232, 60
2026/07/29 07:15:20.673, 84.54, 0, 74232, 60
2026/07/29 07:15:21.704, 84.74, 0, 74232, 59
2026/07/29 07:15:22.734, 84.30, 0, 74232, 59
2026/07/29 07:15:23.766, 83.85, 0, 74232, 59
2026/07/29 07:15:24.800, 83.62, 0, 74232, 58
2026/07/29 07:15:25.830, 83.24, 0, 74232, 58
2026/07/29 07:15:26.862, 82.44, 0, 74232, 58
2026/07/29 07:15:27.893, 83.17, 0, 74232, 58
2026/07/29 07:15:28.925, 83.07, 0, 74232, 57
2026/07/29 07:15:29.956, 82.40, 0, 74232, 57
2026/07/29 07:15:30.989, 82.26, 0, 74232, 57
2026/07/29 07:15:32.020, 82.13, 0, 74232, 57
2026/07/29 07:15:33.050, 81.72, 0, 74232, 56
2026/07/29 07:15:34.082, 81.34, 0, 74232, 56
2026/07/29 07:15:35.114, 82.00, 0, 74232, 56
2026/07/29 07:15:36.144, 80.79, 0, 74232, 56
2026/07/29 07:15:37.175, 80.71, 0, 74232, 55
2026/07/29 07:15:38.206, 80.98, 0, 74232, 55
2026/07/29 07:15:39.238, 80.25, 0, 74232, 55
2026/07/29 07:15:40.272, 79.72, 0, 74232, 55
2026/07/29 07:15:41.389, 79.90, 0, 74232, 54
2026/07/29 07:15:42.420, 80.20, 0, 74232, 54
2026/07/29 07:15:43.452, 79.40, 0, 74232, 54
2026/07/29 07:15:44.483, 79.36, 0, 74232, 54
2026/07/29 07:15:45.514, 79.00, 0, 74232, 53
2026/07/29 07:15:47.108, 79.27, 0, 74232, 53
2026/07/29 07:15:48.140, 78.81, 0, 74232, 53
2026/07/29 07:15:49.172, 79.16, 0, 74232, 53
2026/07/29 07:15:50.202, 78.31, 0, 74232, 52
2026/07/29 07:15:51.234, 77.26, 0, 74232, 52
2026/07/29 07:15:52.268, 77.31, 0, 74232, 52
2026/07/29 07:15:53.298, 77.42, 0, 74232, 52
2026/07/29 07:15:54.329, 76.94, 0, 74232, 52
2026/07/29 07:15:55.361, 76.85, 0, 74232, 51
2026/07/29 07:15:56.392, 76.54, 0, 74232, 51
2026/07/29 07:15:57.423, 76.96, 0, 74232, 51
2026/07/29 07:15:58.456, 76.35, 0, 74232, 51
2026/07/29 07:15:59.487, 76.16, 0, 74232, 51
2026/07/29 07:16:00.516, 75.93, 0, 74232, 50
2026/07/29 07:16:01.547, 75.95, 0, 74232, 50
2026/07/29 07:16:02.577, 75.75, 0, 74232, 50
2026/07/29 07:16:03.609, 75.48, 0, 74232, 50
2026/07/29 07:16:04.641, 76.28, 0, 74232, 50
2026/07/29 07:16:05.672, 74.93, 0, 74232, 50
2026/07/29 07:16:06.703, 74.60, 0, 74232, 49
2026/07/29 07:16:08.187, 301.18, 100, 74232, 55
2026/07/29 07:16:09.221, 306.43, 100, 74232, 56
2026/07/29 07:16:10.254, 294.50, 100, 74232, 56
2026/07/29 07:16:11.288, 303.01, 100, 74232, 56
2026/07/29 07:16:12.322, 300.23, 100, 74232, 55
2026/07/29 07:16:13.358, 296.07, 100, 74232, 55
2026/07/29 07:16:14.395, 293.72, 100, 74232, 56
2026/07/29 07:16:15.431, 296.52, 100, 74232, 56
2026/07/29 07:16:16.467, 297.92, 100, 74232, 56
2026/07/29 07:16:17.503, 294.61, 100, 74232, 57
2026/07/29 07:16:18.542, 296.07, 100, 74232, 57
2026/07/29 07:16:19.579, 296.06, 100, 74232, 59
2026/07/29 07:16:20.628, 302.95, 100, 74232, 59
2026/07/29 07:16:21.662, 302.62, 100, 74232, 60
2026/07/29 07:16:22.697, 296.45, 100, 74232, 60
2026/07/29 07:16:23.733, 292.88, 100, 74232, 60
2026/07/29 07:16:24.775, 300.87, 100, 74232, 59
2026/07/29 07:16:25.812, 301.81, 100, 74232, 59
2026/07/29 07:16:26.847, 301.47, 100, 74232, 60
2026/07/29 07:16:27.884, 301.77, 100, 74232, 60
2026/07/29 07:16:28.921, 303.60, 100, 74232, 62
2026/07/29 07:16:29.955, 279.67, 100, 74232, 62
2026/07/29 07:16:30.995, 272.41, 100, 74232, 62
2026/07/29 07:16:32.028, 289.45, 100, 74232, 62
2026/07/29 07:16:33.063, 299.74, 100, 74232, 61
2026/07/29 07:16:34.099, 296.73, 100, 74232, 61
2026/07/29 07:16:35.144, 304.16, 100, 74232, 61
2026/07/29 07:16:36.182, 300.12, 100, 74232, 62
2026/07/29 07:16:37.219, 296.05, 100, 74232, 64
2026/07/29 07:16:38.255, 307.04, 100, 74232, 64
2026/07/29 07:16:39.291, 311.93, 100, 74232, 64
2026/07/29 07:16:40.330, 311.32, 100, 74232, 64
2026/07/29 07:16:41.455, 273.12, 100, 74232, 63
2026/07/29 07:16:42.496, 287.70, 100, 74232, 63
2026/07/29 07:16:43.533, 289.37, 100, 74232, 63
2026/07/29 07:16:44.570, 296.05, 100, 74232, 63
2026/07/29 07:16:45.606, 296.94, 100, 74232, 64
2026/07/29 07:16:46.642, 303.88, 100, 74232, 64
2026/07/29 07:16:47.679, 308.44, 100, 74232, 64
2026/07/29 07:16:48.715, 305.79, 100, 74232, 64
2026/07/29 07:16:49.752, 305.28, 100, 74232, 65
2026/07/29 07:16:50.789, 305.76, 100, 74232, 65
2026/07/29 07:16:51.826, 304.53, 100, 74232, 65
2026/07/29 07:16:52.860, 306.43, 100, 74232, 65
2026/07/29 07:16:53.898, 305.06, 100, 74232, 65
2026/07/29 07:16:54.933, 305.74, 100, 74232, 66
2026/07/29 07:16:55.969, 89.12, 0, 74232, 62
2026/07/29 07:16:57.001, 298.61, 100, 74232, 67
2026/07/29 07:16:58.035, 299.52, 100, 74232, 67
2026/07/29 07:16:59.069, 282.78, 100, 74232, 68
2026/07/29 07:17:00.103, 293.32, 100, 74232, 68
2026/07/29 07:17:01.136, 301.47, 100, 74232, 68
2026/07/29 07:17:02.171, 299.25, 100, 74232, 66
2026/07/29 07:17:03.207, 292.57, 100, 74232, 66
2026/07/29 07:17:04.244, 306.42, 100, 74232, 67
2026/07/29 07:17:05.280, 303.62, 100, 74232, 67
2026/07/29 07:17:06.317, 298.78, 100, 74232, 69
2026/07/29 07:17:07.354, 286.30, 100, 74232, 69
2026/07/29 07:17:08.388, 288.79, 100, 74232, 69
2026/07/29 07:17:09.423, 292.45, 100, 74232, 69
2026/07/29 07:17:10.460, 291.10, 100, 74232, 69
2026/07/29 07:17:11.497, 300.12, 100, 74232, 68
2026/07/29 07:17:12.534, 300.60, 100, 74232, 68
2026/07/29 07:17:13.569, 300.89, 100, 74232, 68
2026/07/29 07:17:14.606, 301.70, 100, 74232, 68
2026/07/29 07:17:15.644, 91.61, 0, 74232, 69
2026/07/29 07:17:16.680, 301.23, 100, 74232, 70
2026/07/29 07:17:17.714, 309.50, 100, 74232, 70
2026/07/29 07:17:18.748, 310.14, 100, 74232, 70
2026/07/29 07:17:19.782, 306.51, 100, 74232, 70
2026/07/29 07:17:20.821, 293.47, 100, 74232, 70
2026/07/29 07:17:21.855, 301.77, 100, 74232, 69
2026/07/29 07:17:22.891, 301.85, 100, 74232, 69
2026/07/29 07:17:23.927, 303.45, 100, 74232, 69
2026/07/29 07:17:24.966, 305.47, 100, 74232, 69
2026/07/29 07:17:26.003, 295.14, 100, 74232, 71
2026/07/29 07:17:27.039, 308.52, 100, 74232, 71
2026/07/29 07:17:28.075, 301.22, 100, 74232, 71
2026/07/29 07:17:29.109, 307.51, 100, 74232, 71
2026/07/29 07:17:30.145, 308.35, 100, 74232, 72
2026/07/29 07:17:31.185, 268.65, 100, 74232, 69
2026/07/29 07:17:32.223, 287.95, 100, 74232, 70
2026/07/29 07:17:33.262, 290.14, 100, 74232, 70
2026/07/29 07:17:34.299, 290.14, 100, 74232, 70
2026/07/29 07:17:35.335, 297.33, 100, 74232, 70
2026/07/29 07:17:36.372, 298.30, 100, 74232, 70
2026/07/29 07:17:37.407, 300.79, 100, 74232, 70
2026/07/29 07:17:38.444, 304.96, 100, 74232, 70
2026/07/29 07:17:39.481, 305.63, 100, 74232, 70
2026/07/29 07:17:40.518, 305.45, 100, 74232, 70
2026/07/29 07:17:41.555, 303.41, 100, 74232, 71
2026/07/29 07:17:42.594, 302.58, 100, 74232, 71
2026/07/29 07:17:43.631, 295.58, 100, 74232, 71
2026/07/29 07:17:44.679, 295.88, 100, 74232, 71
2026/07/29 07:17:45.723, 298.57, 100, 74232, 71
2026/07/29 07:17:46.759, 298.97, 100, 74232, 71
2026/07/29 07:17:47.798, 299.69, 100, 74232, 71
2026/07/29 07:17:48.833, 300.64, 100, 74232, 71
2026/07/29 07:17:49.872, 304.98, 100, 74232, 71
2026/07/29 07:17:50.908, 305.05, 100, 74232, 71
2026/07/29 07:17:51.948, 301.79, 100, 74232, 71
2026/07/29 07:17:52.986, 306.42, 100, 74232, 71
2026/07/29 07:17:54.021, 306.22, 100, 74232, 71
2026/07/29 07:17:55.059, 307.57, 100, 74232, 71
2026/07/29 07:17:56.095, 296.94, 100, 74232, 71
2026/07/29 07:17:57.131, 297.52, 100, 74232, 71
2026/07/29 07:17:58.168, 305.94, 100, 74232, 71
2026/07/29 07:17:59.204, 297.91, 100, 74232, 71
2026/07/29 07:18:00.241, 298.69, 100, 74232, 71
2026/07/29 07:18:01.277, 298.18, 100, 74232, 71
2026/07/29 07:18:02.313, 299.07, 100, 74232, 71
2026/07/29 07:18:03.352, 299.39, 100, 74232, 71
2026/07/29 07:18:04.388, 299.52, 100, 74232, 71
2026/07/29 07:18:05.426, 299.15, 100, 74232, 71
2026/07/29 07:18:06.461, 298.72, 100, 74232, 71
2026/07/29 07:18:07.496, 298.32, 100, 74232, 71
2026/07/29 07:18:08.534, 298.57, 100, 74232, 71
2026/07/29 07:18:09.571, 298.70, 100, 74232, 71
2026/07/29 07:18:10.608, 299.26, 100, 74232, 71
2026/07/29 07:18:11.644, 299.26, 100, 74232, 71
2026/07/29 07:18:12.683, 298.68, 100, 74232, 71
2026/07/29 07:18:13.720, 298.90, 100, 74232, 71
2026/07/29 07:18:14.757, 295.59, 100, 74232, 71
2026/07/29 07:18:15.794, 295.39, 100, 74232, 71
2026/07/29 07:18:16.830, 287.51, 100, 74232, 71
2026/07/29 07:18:17.866, 288.71, 100, 74232, 71
2026/07/29 07:18:18.903, 296.67, 100, 74232, 71
2026/07/29 07:18:19.940, 298.86, 100, 74232, 71
2026/07/29 07:18:20.982, 297.81, 100, 74232, 71
2026/07/29 07:18:22.021, 304.96, 100, 74232, 71
2026/07/29 07:18:23.057, 306.42, 100, 74232, 71
2026/07/29 07:18:24.098, 298.31, 100, 74232, 71
2026/07/29 07:18:25.135, 298.90, 100, 74232, 71
2026/07/29 07:18:26.171, 299.85, 100, 74232, 71
2026/07/29 07:18:27.209, 300.02, 100, 74232, 73
2026/07/29 07:18:28.243, 289.80, 100, 74232, 73
2026/07/29 07:18:29.276, 294.11, 100, 74232, 73
2026/07/29 07:18:30.310, 306.38, 100, 74232, 73
2026/07/29 07:18:31.349, 312.50, 100, 74232, 73
2026/07/29 07:18:32.382, 275.10, 100, 74232, 73
2026/07/29 07:18:33.416, 306.83, 100, 74232, 71
2026/07/29 07:18:34.453, 309.20, 100, 74232, 71
2026/07/29 07:18:35.491, 306.19, 100, 74232, 71
2026/07/29 07:18:36.528, 299.26, 100, 74232, 71
2026/07/29 07:18:37.565, 289.30, 100, 74232, 73
2026/07/29 07:18:38.599, 291.12, 100, 74232, 73
2026/07/29 07:18:39.633, 300.14, 100, 74232, 73
2026/07/29 07:18:40.667, 275.35, 100, 74232, 73
2026/07/29 07:18:41.700, 266.31, 100, 74232, 73
2026/07/29 07:18:42.735, 264.25, 100, 74232, 73
2026/07/29 07:18:43.771, 300.63, 100, 74232, 72
2026/07/29 07:18:44.809, 300.03, 100, 74232, 72
2026/07/29 07:18:45.846, 299.06, 100, 74232, 72
2026/07/29 07:18:46.885, 299.46, 100, 74232, 72
2026/07/29 07:18:47.922, 299.93, 100, 74232, 72
2026/07/29 07:18:48.958, 301.29, 100, 74232, 72
2026/07/29 07:18:49.994, 301.05, 100, 74232, 72
2026/07/29 07:18:51.033, 300.51, 100, 74232, 72
2026/07/29 07:18:52.071, 301.10, 100, 74232, 72
2026/07/29 07:18:53.108, 302.19, 100, 74232, 72
2026/07/29 07:18:54.147, 286.86, 100, 74232, 74
2026/07/29 07:18:55.183, 297.14, 100, 74232, 74
2026/07/29 07:18:56.217, 295.95, 100, 74232, 74
2026/07/29 07:18:57.252, 288.77, 100, 74232, 74
2026/07/29 07:18:58.289, 323.87, 100, 74232, 74
2026/07/29 07:18:59.331, 317.40, 100, 74232, 74
2026/07/29 07:19:00.366, 303.45, 100, 74232, 72
2026/07/29 07:19:01.404, 301.41, 100, 74232, 72
2026/07/29 07:19:02.440, 300.99, 100, 74232, 72
2026/07/29 07:19:03.476, 300.84, 100, 74232, 72
2026/07/29 07:19:04.513, 301.66, 100, 74232, 72
2026/07/29 07:19:05.550, 291.11, 100, 74232, 72
2026/07/29 07:19:06.586, 293.95, 100, 74232, 72
2026/07/29 07:19:07.624, 293.75, 100, 74232, 72
2026/07/29 07:19:08.664, 294.69, 100, 74232, 72
2026/07/29 07:19:09.702, 301.72, 100, 74232, 72
2026/07/29 07:19:10.742, 301.00, 100, 74232, 72
2026/07/29 07:19:11.779, 301.76, 100, 74232, 72
2026/07/29 07:19:12.815, 300.49, 100, 74232, 72
2026/07/29 07:19:13.855, 301.95, 100, 74232, 72
2026/07/29 07:19:14.893, 301.97, 100, 74232, 72
2026/07/29 07:19:15.931, 304.65, 100, 74232, 72
2026/07/29 07:19:16.968, 301.70, 100, 74232, 72
2026/07/29 07:19:18.003, 298.50, 100, 74232, 72
2026/07/29 07:19:19.041, 298.01, 100, 74232, 74
2026/07/29 07:19:20.076, 279.95, 100, 74232, 74
2026/07/29 07:19:21.111, 288.10, 100, 74232, 74
2026/07/29 07:19:22.152, 298.19, 100, 74232, 74
2026/07/29 07:19:23.188, 313.58, 100, 74232, 74
2026/07/29 07:19:24.224, 289.69, 100, 74232, 74
2026/07/29 07:19:25.263, 280.92, 100, 74232, 72
2026/07/29 07:19:26.299, 293.16, 100, 74232, 72
2026/07/29 07:19:27.335, 295.81, 100, 74232, 72
2026/07/29 07:19:28.372, 294.05, 100, 74232, 72
2026/07/29 07:19:29.410, 303.51, 100, 74232, 72
2026/07/29 07:19:30.448, 294.04, 100, 74232, 74
2026/07/29 07:19:31.483, 301.52, 100, 74232, 74
2026/07/29 07:19:32.517, 294.89, 100, 74232, 74
2026/07/29 07:19:33.553, 301.00, 100, 74232, 74
2026/07/29 07:19:34.588, 298.09, 100, 74232, 74
2026/07/29 07:19:35.622, 257.73, 100, 74232, 74
2026/07/29 07:19:36.655, 303.98, 100, 74232, 74
2026/07/29 07:19:37.692, 301.13, 100, 74232, 72
2026/07/29 07:19:38.728, 301.30, 100, 74232, 73
2026/07/29 07:19:39.765, 302.27, 100, 74232, 73
2026/07/29 07:19:40.802, 298.70, 100, 74232, 73
2026/07/29 07:19:41.839, 294.51, 100, 74232, 73
2026/07/29 07:19:42.875, 291.44, 100, 74232, 73
2026/07/29 07:19:43.914, 296.35, 100, 74232, 73
2026/07/29 07:19:44.952, 294.92, 100, 74232, 73
2026/07/29 07:19:45.990, 294.42, 100, 74232, 73
2026/07/29 07:19:47.028, 98.96, 0, 74232, 69
2026/07/29 07:19:48.062, 299.47, 100, 74232, 72
2026/07/29 07:19:49.099, 301.86, 100, 74232, 72
2026/07/29 07:19:50.136, 300.71, 100, 74232, 72
2026/07/29 07:19:51.174, 300.61, 100, 74232, 72
2026/07/29 07:19:52.211, 300.90, 100, 74232, 72
2026/07/29 07:19:53.248, 301.60, 100, 74232, 72
2026/07/29 07:19:54.284, 301.81, 100, 74232, 72
2026/07/29 07:19:55.321, 301.96, 100, 74232, 72
2026/07/29 07:19:56.357, 300.91, 100, 74232, 72
2026/07/29 07:19:57.393, 299.54, 100, 74232, 72
2026/07/29 07:19:58.431, 302.45, 100, 74232, 72
2026/07/29 07:19:59.468, 301.39, 100, 74232, 72
2026/07/29 07:20:00.505, 300.13, 100, 74232, 72
2026/07/29 07:20:01.542, 299.96, 100, 74232, 72
2026/07/29 07:20:02.580, 299.77, 100, 74232, 72
2026/07/29 07:20:03.617, 301.81, 100, 74232, 72
2026/07/29 07:20:04.654, 301.66, 100, 74232, 72
2026/07/29 07:20:05.690, 302.58, 100, 74232, 72
2026/07/29 07:20:06.729, 294.90, 100, 74232, 72
2026/07/29 07:20:07.767, 292.60, 100, 74232, 72
2026/07/29 07:20:08.803, 294.50, 100, 74232, 72
2026/07/29 07:20:09.839, 290.05, 100, 74232, 72
2026/07/29 07:20:10.876, 299.93, 100, 74232, 72
2026/07/29 07:20:11.912, 301.03, 100, 74232, 72
2026/07/29 07:20:12.950, 293.55, 100, 74232, 72
2026/07/29 07:20:13.990, 299.27, 100, 74232, 72
2026/07/29 07:20:15.028, 298.29, 100, 74232, 72
2026/07/29 07:20:16.064, 299.05, 100, 74232, 72
2026/07/29 07:20:17.101, 302.39, 100, 74232, 72
2026/07/29 07:20:18.138, 300.42, 100, 74232, 72
2026/07/29 07:20:19.175, 305.90, 100, 74232, 72
2026/07/29 07:20:20.212, 299.27, 100, 74232, 72
2026/07/29 07:20:21.250, 300.62, 100, 74232, 72
2026/07/29 07:20:22.287, 301.20, 100, 74232, 72
2026/07/29 07:20:23.323, 300.12, 100, 74232, 72
2026/07/29 07:20:24.360, 300.31, 100, 74232, 72
2026/07/29 07:20:25.397, 299.53, 100, 74232, 72
2026/07/29 07:20:26.433, 300.52, 100, 74232, 72
2026/07/29 07:20:27.471, 299.96, 100, 74232, 72
2026/07/29 07:20:28.508, 301.95, 100, 74232, 72
2026/07/29 07:20:29.546, 300.91, 100, 74232, 72
2026/07/29 07:20:30.582, 292.57, 100, 74232, 72
2026/07/29 07:20:31.619, 292.94, 100, 74232, 72
2026/07/29 07:20:32.655, 294.62, 100, 74232, 72
2026/07/29 07:20:33.693, 299.65, 100, 74232, 72
2026/07/29 07:20:34.730, 292.32, 100, 74232, 72
2026/07/29 07:20:35.767, 291.70, 100, 74232, 72
2026/07/29 07:20:36.804, 294.31, 100, 74232, 72
2026/07/29 07:20:37.840, 299.74, 100, 74232, 72
2026/07/29 07:20:38.878, 291.30, 100, 74232, 72
2026/07/29 07:20:39.918, 291.69, 100, 74232, 72
2026/07/29 07:20:40.957, 300.90, 100, 74232, 72
2026/07/29 07:20:41.994, 300.21, 100, 74232, 72
2026/07/29 07:20:43.032, 298.88, 100, 74232, 72
2026/07/29 07:20:44.068, 298.97, 100, 74232, 72
2026/07/29 07:20:45.110, 300.41, 100, 74232, 72
2026/07/29 07:20:46.150, 299.64, 100, 74232, 72
2026/07/29 07:20:47.188, 301.48, 100, 74232, 72
2026/07/29 07:20:48.224, 299.35, 100, 74232, 72
2026/07/29 07:20:49.260, 301.96, 100, 74232, 72
2026/07/29 07:20:50.298, 294.90, 100, 74232, 72
2026/07/29 07:20:51.336, 292.01, 100, 74232, 72
2026/07/29 07:20:52.372, 294.12, 100, 74232, 72
2026/07/29 07:20:53.410, 292.30, 100, 74232, 72
2026/07/29 07:20:54.446, 293.33, 100, 74232, 72
2026/07/29 07:20:55.483, 288.22, 100, 74232, 72
2026/07/29 07:20:56.522, 292.78, 100, 74232, 72
2026/07/29 07:20:57.559, 298.67, 100, 74232, 72
2026/07/29 07:20:58.595, 294.89, 100, 74232, 72
2026/07/29 07:20:59.634, 291.71, 100, 74232, 72
2026/07/29 07:21:00.672, 291.32, 100, 74232, 72
2026/07/29 07:21:01.712, 292.02, 100, 74232, 72
2026/07/29 07:21:02.750, 300.89, 100, 74232, 72
2026/07/29 07:21:03.789, 287.93, 100, 74232, 72
2026/07/29 07:21:04.826, 287.91, 100, 74232, 72
2026/07/29 07:21:05.867, 293.66, 100, 74232, 72
2026/07/29 07:21:06.904, 289.86, 100, 74232, 72
2026/07/29 07:21:07.946, 302.44, 100, 74232, 72
2026/07/29 07:21:08.982, 296.45, 100, 74232, 72
2026/07/29 07:21:10.023, 293.46, 100, 74232, 72
2026/07/29 07:21:11.062, 299.84, 100, 74232, 72
2026/07/29 07:21:12.099, 300.41, 100, 74232, 72
2026/07/29 07:21:13.139, 306.50, 100, 74232, 72
2026/07/29 07:21:14.179, 300.16, 100, 74232, 72
2026/07/29 07:21:15.216, 301.01, 100, 74232, 72
2026/07/29 07:21:16.255, 299.63, 100, 74232, 72
2026/07/29 07:21:17.293, 298.78, 100, 74232, 72
2026/07/29 07:21:18.336, 299.65, 100, 74232, 72
2026/07/29 07:21:19.375, 301.47, 100, 74232, 72
2026/07/29 07:21:20.412, 299.64, 100, 74232, 72
2026/07/29 07:21:21.450, 301.03, 100, 74232, 72
2026/07/29 07:21:22.488, 301.52, 100, 74232, 72
2026/07/29 07:21:23.526, 300.90, 100, 74232, 72
2026/07/29 07:21:24.563, 300.03, 100, 74232, 72
2026/07/29 07:21:25.601, 295.89, 100, 74232, 72
2026/07/29 07:21:26.639, 299.75, 100, 74232, 72
2026/07/29 07:21:27.677, 300.51, 100, 74232, 72
2026/07/29 07:21:28.715, 301.50, 100, 74232, 72
2026/07/29 07:21:29.754, 297.93, 100, 74232, 72
2026/07/29 07:21:30.794, 299.19, 100, 74232, 72
2026/07/29 07:21:31.833, 297.01, 100, 74232, 73
2026/07/29 07:21:32.869, 295.97, 100, 74232, 73
2026/07/29 07:21:33.905, 272.04, 100, 74232, 73
2026/07/29 07:21:34.942, 303.96, 100, 74232, 73
2026/07/29 07:21:35.980, 306.37, 100, 74232, 73
2026/07/29 07:21:37.015, 279.62, 100, 74232, 73
2026/07/29 07:21:38.060, 300.90, 100, 74232, 72
2026/07/29 07:21:39.097, 301.19, 100, 74232, 72
2026/07/29 07:21:40.135, 300.14, 100, 74232, 72
2026/07/29 07:21:41.174, 300.53, 100, 74232, 72
2026/07/29 07:21:42.211, 98.65, 31, 74232, 69
2026/07/29 07:21:43.247, 301.71, 100, 74232, 73
2026/07/29 07:21:44.282, 289.98, 100, 74232, 73
2026/07/29 07:21:45.317, 290.85, 100, 74232, 73
2026/07/29 07:21:46.354, 278.30, 100, 74232, 73
2026/07/29 07:21:47.390, 309.23, 100, 74232, 74
2026/07/29 07:21:48.427, 267.32, 100, 74232, 73
2026/07/29 07:21:49.467, 300.90, 100, 74232, 72
2026/07/29 07:21:50.505, 300.86, 100, 74232, 72
2026/07/29 07:21:51.543, 297.21, 100, 74232, 72
2026/07/29 07:21:52.581, 221.50, 100, 74232, 70
2026/07/29 07:21:53.614, 298.27, 100, 74232, 73
2026/07/29 07:21:54.650, 298.99, 100, 74232, 74
2026/07/29 07:21:55.685, 304.23, 100, 74232, 74
2026/07/29 07:21:56.720, 290.43, 100, 74232, 74
2026/07/29 07:21:57.760, 302.69, 100, 74232, 74
2026/07/29 07:21:58.796, 288.58, 100, 74232, 74
2026/07/29 07:21:59.832, 297.23, 100, 74232, 72
2026/07/29 07:22:00.874, 295.03, 100, 74232, 72
2026/07/29 07:22:01.913, 304.47, 100, 74232, 72
2026/07/29 07:22:02.951, 300.10, 100, 74232, 72
2026/07/29 07:22:03.992, 297.24, 100, 74232, 73
2026/07/29 07:22:05.031, 301.39, 100, 74232, 73
2026/07/29 07:22:06.069, 298.31, 100, 74232, 73
2026/07/29 07:22:07.113, 302.15, 100, 74232, 73
2026/07/29 07:22:08.152, 304.68, 100, 74232, 73
2026/07/29 07:22:09.190, 301.38, 100, 74232, 73
2026/07/29 07:22:10.228, 301.79, 100, 74232, 73
2026/07/29 07:22:11.266, 305.30, 100, 74232, 73
2026/07/29 07:22:12.305, 296.92, 100, 74232, 73
2026/07/29 07:22:13.344, 295.38, 100, 74232, 73
2026/07/29 07:22:14.382, 294.82, 100, 74232, 73
2026/07/29 07:22:15.420, 293.85, 100, 74232, 73
2026/07/29 07:22:16.458, 295.12, 100, 74232, 73
2026/07/29 07:22:17.497, 296.44, 100, 74232, 73
2026/07/29 07:22:18.533, 296.65, 100, 74232, 73
2026/07/29 07:22:19.571, 302.65, 100, 74232, 73
2026/07/29 07:22:20.610, 301.61, 100, 74232, 73
2026/07/29 07:22:21.648, 301.49, 100, 74232, 73
2026/07/29 07:22:22.685, 98.94, 0, 74232, 69
2026/07/29 07:22:23.718, 295.57, 100, 74232, 73
2026/07/29 07:22:24.753, 286.61, 100, 74232, 74
2026/07/29 07:22:25.791, 301.77, 100, 74232, 74
2026/07/29 07:22:26.827, 311.99, 100, 74232, 74
2026/07/29 07:22:27.863, 298.96, 100, 74232, 74
2026/07/29 07:22:28.903, 269.54, 100, 74232, 74
2026/07/29 07:22:29.941, 301.19, 100, 74232, 72
2026/07/29 07:22:30.979, 298.67, 100, 74232, 72
2026/07/29 07:22:32.015, 301.60, 100, 74232, 72
2026/07/29 07:22:33.053, 297.03, 100, 74232, 72
2026/07/29 07:22:34.090, 302.41, 100, 74232, 72
2026/07/29 07:22:35.127, 301.14, 100, 74232, 72
2026/07/29 07:22:36.164, 301.09, 100, 74232, 72
2026/07/29 07:22:37.200, 301.66, 100, 74232, 72
2026/07/29 07:22:38.235, 301.48, 100, 74232, 72
2026/07/29 07:22:39.271, 302.18, 100, 74232, 72
2026/07/29 07:22:40.309, 301.22, 100, 74232, 72
2026/07/29 07:22:41.345, 302.97, 100, 74232, 72
2026/07/29 07:22:42.383, 300.89, 100, 74232, 72
2026/07/29 07:22:43.419, 301.70, 100, 74232, 72
2026/07/29 07:22:44.457, 99.48, 0, 74232, 69
2026/07/29 07:22:45.488, 97.65, 0, 74232, 68
2026/07/29 07:22:46.518, 96.79, 0, 74232, 68
2026/07/29 07:22:47.550, 94.98, 0, 74232, 67
2026/07/29 07:22:48.583, 95.01, 0, 74232, 66
2026/07/29 07:22:49.617, 92.76, 0, 74232, 66
2026/07/29 07:22:50.649, 92.44, 0, 74232, 65
2026/07/29 07:22:51.682, 91.61, 0, 74232, 65
2026/07/29 07:22:52.715, 91.52, 0, 74232, 64
2026/07/29 07:22:53.747, 90.42, 0, 74232, 64
2026/07/29 07:22:54.780, 90.28, 0, 74232, 64
2026/07/29 07:22:55.812, 89.89, 0, 74232, 63
2026/07/29 07:22:56.844, 89.40, 0, 74232, 63
2026/07/29 07:22:57.875, 88.26, 0, 74232, 63
2026/07/29 07:22:58.906, 87.79, 0, 74232, 62
2026/07/29 07:22:59.937, 87.88, 0, 74232, 62
2026/07/29 07:23:00.971, 86.71, 0, 74232, 62
2026/07/29 07:23:02.003, 86.93, 0, 74232, 61
2026/07/29 07:23:03.034, 86.63, 0, 74232, 61
2026/07/29 07:23:04.065, 86.10, 0, 74232, 61
2026/07/29 07:23:05.096, 85.80, 0, 74232, 60
2026/07/29 07:23:06.127, 85.51, 0, 74232, 60
2026/07/29 07:23:07.158, 85.36, 0, 74232, 60
2026/07/29 07:23:08.190, 84.71, 0, 74232, 60
2026/07/29 07:23:09.222, 84.53, 0, 74232, 59
2026/07/29 07:23:10.254, 84.40, 0, 74232, 59
2026/07/29 07:23:11.286, 84.33, 0, 74232, 59
2026/07/29 07:23:12.317, 83.58, 0, 74232, 58
2026/07/29 07:23:13.347, 83.65, 0, 74232, 58
2026/07/29 07:23:14.377, 83.69, 0, 74232, 58
2026/07/29 07:23:15.409, 82.87, 0, 74232, 58
2026/07/29 07:23:16.440, 82.73, 0, 74232, 57
2026/07/29 07:23:17.472, 82.24, 0, 74232, 57
2026/07/29 07:23:18.503, 82.19, 0, 74232, 57
2026/07/29 07:23:19.534, 81.66, 0, 74232, 57
2026/07/29 07:23:20.565, 81.92, 0, 74232, 56
2026/07/29 07:23:21.597, 81.97, 0, 74232, 56
2026/07/29 07:23:22.878, 81.30, 0, 74232, 56
2026/07/29 07:23:23.911, 81.23, 0, 74232, 56
2026/07/29 07:23:24.942, 81.24, 0, 74232, 55
2026/07/29 07:23:25.972, 80.98, 0, 74232, 55
2026/07/29 07:23:27.005, 80.64, 0, 74232, 55
2026/07/29 07:23:29.031, 79.98, 0, 74232, 55
2026/07/29 07:23:30.062, 80.75, 0, 74232, 54
2026/07/29 07:23:31.093, 80.00, 0, 74232, 54
2026/07/29 07:23:32.123, 79.50, 0, 74232, 54
2026/07/29 07:23:33.157, 79.25, 0, 74232, 54
2026/07/29 07:23:34.188, 79.50, 0, 74232, 54
2026/07/29 07:23:35.219, 79.28, 0, 74232, 53
2026/07/29 07:23:36.250, 78.81, 0, 74232, 53
2026/07/29 07:23:37.280, 78.61, 0, 74232, 53
2026/07/29 07:23:38.310, 78.50, 0, 74232, 53
2026/07/29 07:23:39.340, 78.62, 0, 74232, 53
2026/07/29 07:23:40.371, 77.52, 0, 74232, 52
2026/07/29 07:23:41.401, 77.40, 0, 74232, 52
2026/07/29 07:23:42.430, 77.80, 0, 74232, 52
2026/07/29 07:23:43.460, 76.92, 0, 74232, 52
2026/07/29 07:23:44.490, 76.67, 0, 74232, 52
2026/07/29 07:23:45.519, 77.52, 0, 74232, 51
2026/07/29 07:23:46.549, 77.70, 0, 74232, 51
2026/07/29 07:23:47.581, 76.58, 0, 74232, 51
2026/07/29 07:23:48.615, 76.84, 0, 74232, 51
2026/07/29 07:23:49.646, 76.74, 0, 74232, 51
2026/07/29 07:23:50.681, 299.81, 100, 74232, 56
2026/07/29 07:23:51.715, 299.12, 100, 74232, 57
2026/07/29 07:23:52.752, 307.98, 100, 74232, 57
2026/07/29 07:23:53.787, 301.80, 100, 74232, 58
2026/07/29 07:23:54.822, 293.93, 100, 74232, 56
2026/07/29 07:23:55.860, 298.96, 100, 74232, 57
2026/07/29 07:23:56.897, 299.44, 100, 74232, 57
2026/07/29 07:23:57.938, 299.67, 100, 74232, 57
2026/07/29 07:23:58.976, 291.89, 100, 74232, 58
2026/07/29 07:24:00.013, 295.70, 100, 74232, 58
2026/07/29 07:24:01.051, 282.84, 100, 74232, 60
2026/07/29 07:24:02.086, 295.93, 100, 74232, 60
2026/07/29 07:24:03.126, 296.51, 100, 74232, 61
2026/07/29 07:24:04.162, 287.76, 100, 74232, 61
2026/07/29 07:24:05.198, 286.29, 100, 74232, 61
2026/07/29 07:24:06.236, 304.60, 100, 74232, 60
2026/07/29 07:24:07.273, 296.35, 100, 74232, 60
2026/07/29 07:24:08.310, 296.66, 100, 74232, 60
2026/07/29 07:24:09.347, 296.18, 100, 74232, 61
2026/07/29 07:24:10.385, 298.27, 100, 74232, 63
2026/07/29 07:24:11.421, 305.79, 100, 74232, 63
2026/07/29 07:24:12.458, 297.44, 100, 74232, 63
2026/07/29 07:24:13.493, 306.51, 100, 74232, 63
2026/07/29 07:24:14.528, 290.52, 100, 74232, 62
2026/07/29 07:24:15.570, 292.67, 100, 74232, 62
2026/07/29 07:24:16.611, 294.79, 100, 74232, 62
2026/07/29 07:24:17.649, 295.19, 100, 74232, 62
2026/07/29 07:24:18.687, 294.61, 100, 74232, 63
2026/07/29 07:24:19.725, 295.76, 100, 74232, 63
2026/07/29 07:24:20.765, 296.18, 100, 74232, 63
2026/07/29 07:24:21.802, 296.54, 100, 74232, 63
2026/07/29 07:24:22.840, 296.86, 100, 74232, 64
2026/07/29 07:24:23.877, 306.70, 100, 74232, 64
2026/07/29 07:24:24.914, 300.80, 100, 74232, 65
2026/07/29 07:24:25.951, 299.28, 100, 74232, 66
2026/07/29 07:24:26.986, 296.56, 100, 74232, 66
2026/07/29 07:24:28.021, 301.57, 100, 74232, 66
2026/07/29 07:24:29.056, 291.22, 100, 74232, 66
2026/07/29 07:24:30.093, 305.52, 100, 74232, 65
2026/07/29 07:24:31.133, 298.29, 100, 74232, 65
2026/07/29 07:24:32.172, 297.11, 100, 74232, 65
2026/07/29 07:24:33.208, 292.68, 100, 74232, 65
2026/07/29 07:24:34.252, 299.66, 100, 74232, 66
2026/07/29 07:24:35.290, 298.00, 100, 74232, 68
2026/07/29 07:24:36.328, 288.90, 100, 74232, 68
2026/07/29 07:24:37.366, 294.12, 100, 74232, 68
2026/07/29 07:24:38.406, 306.91, 100, 74232, 68
2026/07/29 07:24:39.442, 265.01, 100, 74232, 66
2026/07/29 07:24:40.481, 291.21, 100, 74232, 67
2026/07/29 07:24:41.518, 291.12, 100, 74232, 67
2026/07/29 07:24:42.560, 298.89, 100, 74232, 67
2026/07/29 07:24:43.598, 300.30, 100, 74232, 67
2026/07/29 07:24:44.636, 301.69, 100, 74232, 69
2026/07/29 07:24:45.673, 296.78, 100, 74232, 69
2026/07/29 07:24:46.709, 293.05, 100, 74232, 69
2026/07/29 07:24:47.747, 316.23, 100, 74232, 70
2026/07/29 07:24:48.785, 299.48, 100, 74232, 70
2026/07/29 07:24:49.822, 303.97, 100, 74232, 68
2026/07/29 07:24:50.861, 302.64, 100, 74232, 68
2026/07/29 07:24:51.899, 305.73, 100, 74232, 68
2026/07/29 07:24:52.937, 303.95, 100, 74232, 69
2026/07/29 07:24:53.974, 303.02, 100, 74232, 69
2026/07/29 07:24:55.012, 302.16, 100, 74232, 69
2026/07/29 07:24:56.049, 303.31, 100, 74232, 71
2026/07/29 07:24:57.087, 301.17, 100, 74232, 71
2026/07/29 07:24:58.125, 306.94, 100, 74232, 71
2026/07/29 07:24:59.166, 297.23, 100, 74232, 71
2026/07/29 07:25:00.202, 295.27, 100, 74232, 71
2026/07/29 07:25:01.238, 305.36, 100, 74232, 69
2026/07/29 07:25:02.276, 304.71, 100, 74232, 69
2026/07/29 07:25:03.314, 299.16, 100, 74232, 69
2026/07/29 07:25:04.351, 294.03, 100, 74232, 69
2026/07/29 07:25:05.390, 298.78, 100, 74232, 69
2026/07/29 07:25:06.427, 287.54, 100, 74232, 69
2026/07/29 07:25:07.466, 291.51, 100, 74232, 70
2026/07/29 07:25:08.504, 291.21, 100, 74232, 70
2026/07/29 07:25:09.543, 300.23, 100, 74232, 70
2026/07/29 07:25:10.582, 299.23, 100, 74232, 70
2026/07/29 07:25:11.620, 295.19, 100, 74232, 70
2026/07/29 07:25:12.660, 293.05, 100, 74232, 70
2026/07/29 07:25:13.697, 94.94, 0, 74232, 67
2026/07/29 07:25:14.730, 93.50, 0, 74232, 66
2026/07/29 07:25:15.762, 93.28, 0, 74232, 66
2026/07/29 07:25:16.795, 91.78, 0, 74232, 65
2026/07/29 07:25:17.827, 91.45, 0, 74232, 65
2026/07/29 07:25:18.859, 90.81, 0, 74232, 64
2026/07/29 07:25:19.892, 90.48, 0, 74232, 64
2026/07/29 07:25:20.923, 89.92, 0, 74232, 63
2026/07/29 07:25:21.955, 89.43, 0, 74232, 63
2026/07/29 07:25:22.986, 87.81, 0, 74232, 62
2026/07/29 07:25:24.017, 87.99, 0, 74232, 62
2026/07/29 07:25:25.048, 87.62, 0, 74232, 62
2026/07/29 07:25:26.079, 87.32, 0, 74232, 61
2026/07/29 07:25:27.110, 87.00, 0, 74232, 61
2026/07/29 07:25:28.141, 86.07, 0, 74232, 61
2026/07/29 07:25:29.172, 85.72, 0, 74232, 60
2026/07/29 07:25:30.203, 85.65, 0, 74232, 60
2026/07/29 07:25:31.234, 85.25, 0, 74232, 60
2026/07/29 07:25:32.266, 84.92, 0, 74232, 59
2026/07/29 07:25:33.297, 84.42, 0, 74232, 59
2026/07/29 07:25:34.328, 84.33, 0, 74232, 59
2026/07/29 07:25:35.360, 84.18, 0, 74232, 59
2026/07/29 07:25:36.391, 83.81, 0, 74232, 58
2026/07/29 07:25:37.422, 83.35, 0, 74232, 58
2026/07/29 07:25:38.454, 82.90, 0, 74232, 58
2026/07/29 07:25:39.485, 82.72, 0, 74232, 57
2026/07/29 07:25:40.516, 82.52, 0, 74232, 57
2026/07/29 07:25:41.616, 82.33, 0, 74232, 57
2026/07/29 07:25:42.647, 81.97, 0, 74232, 57
2026/07/29 07:25:43.678, 81.77, 0, 74232, 56
2026/07/29 07:25:44.709, 81.61, 0, 74232, 56
2026/07/29 07:25:45.739, 80.55, 0, 74232, 56
2026/07/29 07:25:46.772, 80.99, 0, 74232, 56
2026/07/29 07:25:47.805, 81.44, 0, 74232, 55
2026/07/29 07:25:48.837, 80.51, 0, 74232, 55
2026/07/29 07:25:49.868, 80.50, 0, 74232, 55
2026/07/29 07:25:50.898, 79.68, 0, 74232, 55
2026/07/29 07:25:51.929, 80.31, 0, 74232, 54
2026/07/29 07:25:52.959, 79.87, 0, 74232, 54
2026/07/29 07:25:53.991, 79.61, 0, 74232, 54
2026/07/29 07:25:55.023, 79.67, 0, 74232, 54
2026/07/29 07:25:56.054, 79.44, 0, 74232, 53
2026/07/29 07:25:57.086, 79.30, 0, 74232, 53
2026/07/29 07:25:58.119, 78.31, 0, 74232, 53
2026/07/29 07:26:00.197, 77.61, 0, 74232, 53
2026/07/29 07:26:01.230, 76.94, 0, 74232, 52
2026/07/29 07:26:02.265, 77.73, 0, 74232, 52
2026/07/29 07:26:03.298, 77.11, 0, 74232, 52
2026/07/29 07:26:04.330, 77.22, 0, 74232, 52
2026/07/29 07:26:05.361, 77.39, 0, 74232, 51
2026/07/29 07:26:06.394, 76.89, 0, 74232, 51
2026/07/29 07:26:07.426, 76.54, 0, 74232, 51
2026/07/29 07:26:08.458, 76.11, 0, 74232, 51
2026/07/29 07:26:09.490, 76.23, 0, 74232, 51
2026/07/29 07:26:10.522, 75.67, 0, 74232, 51
2026/07/29 07:26:11.554, 75.46, 0, 74232, 50
2026/07/29 07:26:12.586, 75.03, 0, 74232, 50
2026/07/29 07:26:13.618, 75.51, 0, 74232, 50
2026/07/29 07:26:14.652, 74.71, 0, 74232, 50
2026/07/29 07:26:15.683, 74.65, 0, 74232, 50
2026/07/29 07:26:16.713, 74.42, 0, 74232, 49
2026/07/29 07:26:17.744, 74.31, 0, 74232, 49
2026/07/29 07:26:18.774, 74.46, 0, 74232, 49
2026/07/29 07:26:19.804, 74.45, 0, 74232, 49
2026/07/29 07:26:20.835, 74.27, 0, 74232, 49
2026/07/29 07:26:21.866, 74.15, 0, 74232, 49
2026/07/29 07:26:22.898, 74.43, 0, 74232, 48
2026/07/29 07:26:24.315, 294.59, 100, 74232, 54
2026/07/29 07:26:25.349, 292.66, 100, 74232, 55
2026/07/29 07:26:26.383, 294.98, 100, 74232, 55
2026/07/29 07:26:27.417, 311.96, 100, 74232, 55
2026/07/29 07:26:28.452, 287.34, 100, 74232, 54
2026/07/29 07:26:29.491, 289.06, 100, 74232, 54
2026/07/29 07:26:30.529, 294.41, 100, 74232, 55
2026/07/29 07:26:31.567, 293.72, 100, 74232, 55
2026/07/29 07:26:32.605, 293.37, 100, 74232, 55
2026/07/29 07:26:33.646, 299.64, 100, 74232, 56
2026/07/29 07:26:34.684, 297.93, 100, 74232, 56
2026/07/29 07:26:35.722, 297.81, 100, 74232, 57
2026/07/29 07:26:36.761, 303.52, 100, 74232, 59
2026/07/29 07:26:37.794, 286.32, 100, 74232, 59
2026/07/29 07:26:38.828, 294.26, 100, 74232, 59
2026/07/29 07:26:39.870, 285.20, 100, 74232, 60
2026/07/29 07:26:40.904, 300.12, 100, 74232, 58
2026/07/29 07:26:41.942, 300.51, 100, 74232, 58
2026/07/29 07:26:42.978, 300.24, 100, 74232, 59
2026/07/29 07:26:44.016, 301.95, 100, 74232, 59
2026/07/29 07:26:45.054, 300.49, 100, 74232, 61
2026/07/29 07:26:46.089, 299.18, 100, 74232, 61
2026/07/29 07:26:47.123, 296.27, 100, 74232, 62
2026/07/29 07:26:48.156, 300.76, 100, 74232, 62
2026/07/29 07:26:49.192, 305.14, 100, 74232, 60
2026/07/29 07:26:50.229, 304.47, 100, 74232, 61
2026/07/29 07:26:51.267, 304.55, 100, 74232, 61
2026/07/29 07:26:52.305, 314.35, 100, 74232, 63
2026/07/29 07:26:53.340, 291.83, 100, 74232, 63
2026/07/29 07:26:54.378, 301.83, 100, 74232, 63
2026/07/29 07:26:55.415, 301.53, 100, 74232, 64
2026/07/29 07:26:56.453, 300.65, 100, 74232, 64
2026/07/29 07:26:57.489, 300.80, 100, 74232, 62
2026/07/29 07:26:58.528, 301.16, 100, 74232, 62
2026/07/29 07:26:59.565, 301.86, 100, 74232, 63
2026/07/29 07:27:00.603, 301.86, 100, 74232, 63
2026/07/29 07:27:01.640, 291.91, 100, 74232, 63
2026/07/29 07:27:02.677, 292.08, 100, 74232, 63
2026/07/29 07:27:03.713, 295.30, 100, 74232, 63
2026/07/29 07:27:04.750, 296.27, 100, 74232, 64
2026/07/29 07:27:05.788, 296.34, 100, 74232, 64
2026/07/29 07:27:06.825, 297.64, 100, 74232, 64
2026/07/29 07:27:07.863, 295.20, 100, 74232, 64
2026/07/29 07:27:08.900, 295.86, 100, 74232, 64
2026/07/29 07:27:09.938, 296.55, 100, 74232, 65
2026/07/29 07:27:10.976, 297.12, 100, 74232, 65
2026/07/29 07:27:12.013, 297.81, 100, 74232, 65
2026/07/29 07:27:13.052, 297.03, 100, 74232, 65
2026/07/29 07:27:14.089, 296.77, 100, 74232, 65
2026/07/29 07:27:15.127, 297.10, 100, 74232, 66
2026/07/29 07:27:16.165, 298.00, 100, 74232, 66
2026/07/29 07:27:17.202, 296.72, 100, 74232, 68
2026/07/29 07:27:18.237, 287.04, 100, 74232, 68
2026/07/29 07:27:19.277, 312.82, 100, 74232, 68
2026/07/29 07:27:20.313, 303.14, 100, 74232, 68
2026/07/29 07:27:21.350, 298.69, 100, 74232, 67
2026/07/29 07:27:22.388, 305.45, 100, 74232, 67
2026/07/29 07:27:23.426, 298.88, 100, 74232, 67
2026/07/29 07:27:24.463, 300.41, 100, 74232, 67
2026/07/29 07:27:25.500, 300.02, 100, 74232, 67
2026/07/29 07:27:26.538, 299.24, 100, 74232, 67
2026/07/29 07:27:27.576, 301.56, 100, 74232, 67
2026/07/29 07:27:28.614, 301.03, 100, 74232, 68
2026/07/29 07:27:29.652, 300.15, 100, 74232, 68
2026/07/29 07:27:30.690, 300.31, 3, 74232, 69
2026/07/29 07:27:31.726, 286.00, 100, 74232, 69
2026/07/29 07:27:32.761, 282.58, 100, 74232, 69
2026/07/29 07:27:33.797, 294.80, 100, 74232, 70
2026/07/29 07:27:34.834, 310.45, 100, 74232, 70
2026/07/29 07:27:35.873, 301.38, 100, 74232, 68
2026/07/29 07:27:36.910, 293.36, 100, 74232, 68
2026/07/29 07:27:37.948, 297.53, 100, 74232, 68
2026/07/29 07:27:38.986, 299.08, 100, 74232, 68
2026/07/29 07:27:40.023, 301.42, 100, 74232, 68
2026/07/29 07:27:41.064, 301.77, 100, 74232, 69
2026/07/29 07:27:42.102, 301.69, 100, 74232, 69
2026/07/29 07:27:43.141, 302.45, 100, 74232, 69
2026/07/29 07:27:44.179, 303.69, 100, 74232, 69
2026/07/29 07:27:45.217, 302.72, 100, 74232, 69
2026/07/29 07:27:46.255, 302.92, 100, 74232, 69
2026/07/29 07:27:47.294, 303.53, 100, 74232, 69
2026/07/29 07:27:48.332, 302.94, 100, 74232, 69
2026/07/29 07:27:49.371, 93.85, 81, 74232, 67
2026/07/29 07:27:50.404, 303.35, 100, 74232, 71
2026/07/29 07:27:51.440, 294.60, 100, 74232, 71
2026/07/29 07:27:52.475, 309.21, 100, 74232, 71
2026/07/29 07:27:53.510, 272.83, 100, 74232, 71
2026/07/29 07:27:54.545, 297.97, 100, 74232, 71
2026/07/29 07:27:55.581, 303.14, 100, 74232, 69
2026/07/29 07:27:56.619, 303.98, 100, 74232, 70
2026/07/29 07:27:57.657, 307.08, 100, 74232, 70
2026/07/29 07:27:58.695, 304.09, 100, 74232, 70
2026/07/29 07:27:59.732, 94.22, 47, 74232, 67
2026/07/29 07:28:00.767, 300.31, 100, 74232, 71
2026/07/29 07:28:01.803, 305.04, 100, 74232, 71
2026/07/29 07:28:02.839, 323.27, 100, 74232, 72
2026/07/29 07:28:03.874, 272.48, 100, 74232, 72
2026/07/29 07:28:04.909, 291.80, 100, 74232, 72
2026/07/29 07:28:05.946, 303.71, 100, 74232, 70
2026/07/29 07:28:06.983, 301.57, 100, 74232, 70
2026/07/29 07:28:08.022, 305.12, 100, 74232, 70
2026/07/29 07:28:09.060, 306.71, 100, 74232, 70
2026/07/29 07:28:10.098, 301.88, 92, 74232, 72
2026/07/29 07:28:11.132, 303.24, 100, 74232, 72
2026/07/29 07:28:12.166, 286.25, 100, 74232, 72
2026/07/29 07:28:13.202, 295.50, 100, 74232, 72
2026/07/29 07:28:14.237, 310.98, 100, 74232, 72
2026/07/29 07:28:15.272, 283.00, 100, 74232, 72
2026/07/29 07:28:16.311, 279.39, 100, 74232, 71
2026/07/29 07:28:17.349, 285.13, 100, 74232, 71
2026/07/29 07:28:18.386, 291.48, 100, 74232, 71
2026/07/29 07:28:19.424, 288.68, 100, 74232, 71
2026/07/29 07:28:20.462, 299.94, 100, 74232, 71
2026/07/29 07:28:21.499, 301.60, 100, 74232, 71
2026/07/29 07:28:22.538, 302.14, 100, 74232, 71
2026/07/29 07:28:23.577, 294.51, 100, 74232, 71
2026/07/29 07:28:24.616, 294.40, 100, 74232, 72
2026/07/29 07:28:25.654, 290.96, 100, 74232, 71
2026/07/29 07:28:26.692, 96.20, 0, 74232, 68
2026/07/29 07:28:27.723, 94.67, 0, 74232, 67
2026/07/29 07:28:28.757, 93.81, 0, 74232, 67
2026/07/29 07:28:29.789, 93.21, 0, 74232, 66
2026/07/29 07:28:30.821, 92.32, 0, 74232, 66
2026/07/29 07:28:31.854, 91.97, 0, 74232, 65
2026/07/29 07:28:32.886, 91.61, 0, 74232, 65
2026/07/29 07:28:33.920, 91.00, 0, 74232, 64
2026/07/29 07:28:34.951, 90.32, 0, 74232, 64
2026/07/29 07:28:35.983, 89.97, 0, 74232, 63
2026/07/29 07:28:37.016, 89.21, 0, 74232, 63
2026/07/29 07:28:38.048, 89.02, 0, 74232, 62
2026/07/29 07:28:39.080, 89.26, 0, 74232, 62
2026/07/29 07:28:40.111, 87.92, 0, 74232, 62
2026/07/29 07:28:41.143, 88.33, 0, 74232, 61
2026/07/29 07:28:42.176, 86.71, 0, 74232, 61
2026/07/29 07:28:43.207, 87.65, 0, 74232, 61
2026/07/29 07:28:44.239, 87.68, 0, 74232, 60
2026/07/29 07:28:45.270, 86.04, 0, 74232, 60
2026/07/29 07:28:46.302, 86.06, 0, 74232, 60
2026/07/29 07:28:47.333, 85.44, 0, 74232, 59
2026/07/29 07:28:48.364, 85.21, 0, 74232, 59
2026/07/29 07:28:49.394, 85.11, 0, 74232, 59
2026/07/29 07:28:50.423, 83.97, 0, 74232, 59
2026/07/29 07:28:51.455, 83.50, 0, 74232, 58
2026/07/29 07:28:52.484, 83.22, 0, 74232, 58
2026/07/29 07:28:53.514, 82.77, 0, 74232, 58
2026/07/29 07:28:54.544, 83.43, 0, 74232, 57
2026/07/29 07:28:55.573, 81.97, 0, 74232, 57
2026/07/29 07:28:56.603, 82.18, 0, 74232, 57
2026/07/29 07:28:57.634, 81.66, 0, 74232, 57
2026/07/29 07:28:58.665, 82.29, 0, 74232, 56
2026/07/29 07:28:59.698, 296.82, 100, 74232, 62
2026/07/29 07:29:00.737, 296.59, 100, 74232, 62
2026/07/29 07:29:01.790, 295.67, 100, 74232, 63
2026/07/29 07:29:02.823, 304.83, 100, 74232, 63
2026/07/29 07:29:03.856, 295.86, 100, 74232, 63
2026/07/29 07:29:04.898, 305.64, 100, 74232, 62
2026/07/29 07:29:05.935, 296.18, 100, 74232, 62
2026/07/29 07:29:06.971, 299.84, 100, 74232, 62
2026/07/29 07:29:08.008, 298.20, 100, 74232, 62
2026/07/29 07:29:09.044, 291.62, 100, 74232, 63
2026/07/29 07:29:10.079, 292.18, 100, 74232, 63
2026/07/29 07:29:11.116, 292.46, 100, 74232, 63
2026/07/29 07:29:12.153, 299.18, 100, 74232, 63
2026/07/29 07:29:13.190, 300.12, 100, 74232, 64
2026/07/29 07:29:14.226, 300.70, 100, 74232, 64
2026/07/29 07:29:15.264, 302.31, 100, 74232, 66
2026/07/29 07:29:16.298, 303.56, 100, 74232, 66
2026/07/29 07:29:17.332, 294.21, 100, 74232, 66
2026/07/29 07:29:18.367, 293.14, 100, 74232, 66
2026/07/29 07:29:19.407, 294.91, 100, 74232, 65
2026/07/29 07:29:20.444, 297.61, 100, 74232, 65
2026/07/29 07:29:21.481, 298.68, 100, 74232, 65
2026/07/29 07:29:22.529, 294.79, 100, 74232, 67
2026/07/29 07:29:23.564, 308.31, 100, 74232, 67
2026/07/29 07:29:24.597, 293.12, 100, 74232, 68
2026/07/29 07:29:25.632, 320.60, 100, 74232, 68
2026/07/29 07:29:26.672, 288.20, 100, 74232, 68
2026/07/29 07:29:27.707, 289.53, 100, 74232, 68
2026/07/29 07:29:28.742, 299.77, 100, 74232, 67
2026/07/29 07:29:29.780, 301.19, 100, 74232, 67
2026/07/29 07:29:30.817, 301.28, 100, 74232, 67
2026/07/29 07:29:31.855, 300.34, 100, 74232, 67
2026/07/29 07:29:32.893, 303.10, 100, 74232, 67
2026/07/29 07:29:33.931, 302.67, 100, 74232, 67
2026/07/29 07:29:34.969, 301.01, 100, 74232, 68
2026/07/29 07:29:36.006, 296.41, 100, 74232, 70
2026/07/29 07:29:37.040, 299.58, 100, 74232, 70
2026/07/29 07:29:38.079, 307.17, 100, 74232, 70
2026/07/29 07:29:39.114, 300.63, 100, 74232, 70
2026/07/29 07:29:40.148, 311.20, 100, 74232, 70
2026/07/29 07:29:41.189, 311.04, 100, 74232, 70
2026/07/29 07:29:42.225, 304.19, 100, 74232, 69
2026/07/29 07:29:43.262, 301.30, 100, 74232, 69
2026/07/29 07:29:44.301, 304.98, 100, 74232, 69
2026/07/29 07:29:45.341, 306.31, 100, 74232, 69
2026/07/29 07:29:46.377, 304.87, 100, 74232, 69
2026/07/29 07:29:47.414, 279.57, 100, 74232, 71
2026/07/29 07:29:48.448, 304.29, 100, 74232, 69
2026/07/29 07:29:49.486, 302.88, 100, 74232, 69
2026/07/29 07:29:50.522, 300.85, 100, 74232, 69
2026/07/29 07:29:51.558, 301.90, 100, 74232, 69
2026/07/29 07:29:52.594, 286.37, 100, 74232, 69
2026/07/29 07:29:53.633, 290.23, 100, 74232, 70
2026/07/29 07:29:54.668, 295.39, 100, 74232, 70
2026/07/29 07:29:55.706, 285.88, 100, 74232, 70
2026/07/29 07:29:56.742, 290.17, 100, 74232, 70
2026/07/29 07:29:57.783, 289.79, 100, 74232, 70
2026/07/29 07:29:58.820, 291.69, 100, 74232, 70
2026/07/29 07:29:59.857, 290.06, 100, 74232, 70
2026/07/29 07:30:00.897, 286.26, 100, 74232, 70
2026/07/29 07:30:01.935, 290.44, 100, 74232, 70
2026/07/29 07:30:02.972, 288.42, 100, 74232, 70
2026/07/29 07:30:04.013, 293.84, 100, 74232, 70
2026/07/29 07:30:05.052, 286.97, 100, 74232, 70
2026/07/29 07:30:06.090, 292.59, 100, 74232, 70
2026/07/29 07:30:07.126, 292.86, 100, 74232, 70
2026/07/29 07:30:08.166, 294.51, 100, 74232, 71
2026/07/29 07:30:09.201, 305.96, 100, 74232, 71
2026/07/29 07:30:10.236, 306.15, 100, 74232, 71
2026/07/29 07:30:11.273, 307.18, 100, 74232, 71
2026/07/29 07:30:12.311, 305.48, 100, 74232, 71
2026/07/29 07:30:13.348, 306.90, 100, 74232, 71
2026/07/29 07:30:14.386, 305.00, 100, 74232, 71
2026/07/29 07:30:15.423, 307.23, 100, 74232, 71
2026/07/29 07:30:16.460, 306.04, 100, 74232, 71
2026/07/29 07:30:17.498, 305.85, 100, 74232, 71
2026/07/29 07:30:18.536, 298.96, 100, 74232, 71
2026/07/29 07:30:19.574, 297.71, 100, 74232, 71
2026/07/29 07:30:20.610, 301.18, 100, 74232, 71
2026/07/29 07:30:21.649, 305.54, 100, 74232, 71
2026/07/29 07:30:22.685, 304.59, 100, 74232, 71
2026/07/29 07:30:23.723, 307.62, 100, 74232, 71
2026/07/29 07:30:24.763, 304.95, 100, 74232, 71
2026/07/29 07:30:25.800, 302.54, 100, 74232, 71
2026/07/29 07:30:26.835, 306.71, 100, 74232, 71
2026/07/29 07:30:27.872, 299.93, 100, 74232, 71
2026/07/29 07:30:28.908, 307.21, 100, 74232, 71
2026/07/29 07:30:29.951, 298.42, 100, 74232, 71
2026/07/29 07:30:30.988, 300.34, 100, 74232, 71
2026/07/29 07:30:32.025, 300.84, 100, 74232, 71
2026/07/29 07:30:33.062, 298.31, 100, 74232, 71
2026/07/29 07:30:34.098, 298.48, 100, 74232, 71
2026/07/29 07:30:35.134, 295.49, 100, 74232, 71
2026/07/29 07:30:36.171, 299.36, 100, 74232, 71
2026/07/29 07:30:37.208, 298.22, 100, 74232, 71
2026/07/29 07:30:38.245, 300.23, 100, 74232, 71
2026/07/29 07:30:39.282, 298.75, 100, 74232, 71
2026/07/29 07:30:40.320, 297.74, 100, 74232, 71
2026/07/29 07:30:41.356, 305.28, 100, 74232, 72
2026/07/29 07:30:42.393, 298.57, 100, 74232, 71
2026/07/29 07:30:43.430, 298.61, 100, 74232, 71
2026/07/29 07:30:44.467, 300.02, 100, 74232, 71
2026/07/29 07:30:45.503, 303.50, 100, 74232, 72
2026/07/29 07:30:46.539, 299.08, 100, 74232, 71
2026/07/29 07:30:47.579, 300.23, 100, 74232, 71
2026/07/29 07:30:48.615, 298.19, 100, 74232, 71
2026/07/29 07:30:49.651, 297.73, 100, 74232, 71
2026/07/29 07:30:50.686, 294.90, 100, 74232, 71
2026/07/29 07:30:51.727, 299.34, 100, 74232, 71
2026/07/29 07:30:52.764, 300.45, 100, 74232, 71
2026/07/29 07:30:53.800, 299.37, 100, 74232, 71
2026/07/29 07:30:54.838, 301.21, 100, 74232, 71
2026/07/29 07:30:55.874, 301.94, 100, 74232, 71
2026/07/29 07:30:56.912, 294.62, 100, 74232, 71
2026/07/29 07:30:57.950, 301.24, 100, 74232, 71
2026/07/29 07:30:58.989, 299.65, 100, 74232, 71
2026/07/29 07:31:00.026, 300.99, 100, 74232, 71
2026/07/29 07:31:01.063, 294.61, 100, 74232, 71
2026/07/29 07:31:02.099, 302.93, 100, 74232, 71
2026/07/29 07:31:03.138, 300.93, 100, 74232, 71
2026/07/29 07:31:04.173, 299.94, 100, 74232, 71
2026/07/29 07:31:05.215, 300.99, 100, 74232, 71
2026/07/29 07:31:06.252, 300.04, 100, 74232, 71
2026/07/29 07:31:07.290, 300.53, 100, 74232, 71
2026/07/29 07:31:08.327, 300.84, 100, 74232, 71
2026/07/29 07:31:09.365, 307.96, 100, 74232, 71
2026/07/29 07:31:10.402, 310.79, 100, 74232, 71
2026/07/29 07:31:11.439, 305.27, 100, 74232, 71
2026/07/29 07:31:12.476, 301.66, 100, 74232, 71
2026/07/29 07:31:13.513, 294.23, 100, 74232, 71
2026/07/29 07:31:14.549, 300.22, 100, 74232, 71
2026/07/29 07:31:15.586, 298.28, 100, 74232, 71
2026/07/29 07:31:16.625, 300.63, 100, 74232, 71
2026/07/29 07:31:17.663, 308.53, 100, 74232, 71
2026/07/29 07:31:18.700, 301.67, 100, 74232, 71
2026/07/29 07:31:19.736, 299.24, 100, 74232, 71
2026/07/29 07:31:20.774, 303.12, 100, 74232, 71
2026/07/29 07:31:21.812, 305.10, 100, 74232, 71
2026/07/29 07:31:22.848, 298.99, 100, 74232, 71
2026/07/29 07:31:23.889, 299.27, 100, 74232, 71
2026/07/29 07:31:24.927, 299.91, 100, 74232, 71
2026/07/29 07:31:25.969, 297.81, 100, 74232, 71
2026/07/29 07:31:27.007, 298.11, 100, 74232, 71
2026/07/29 07:31:28.043, 300.64, 100, 74232, 71
2026/07/29 07:31:29.081, 299.00, 100, 74232, 71
2026/07/29 07:31:30.116, 299.70, 100, 74232, 71
2026/07/29 07:31:31.154, 301.76, 100, 74232, 71
2026/07/29 07:31:32.190, 298.60, 100, 74232, 71
2026/07/29 07:31:33.230, 298.48, 100, 74232, 72
2026/07/29 07:31:34.266, 301.28, 100, 74232, 72
2026/07/29 07:31:35.304, 303.35, 100, 74232, 72
2026/07/29 07:31:36.340, 301.57, 100, 74232, 72
2026/07/29 07:31:37.378, 294.13, 100, 74232, 71
2026/07/29 07:31:38.416, 299.85, 100, 74232, 71
2026/07/29 07:31:39.453, 302.91, 100, 74232, 71
2026/07/29 07:31:40.491, 299.09, 100, 74232, 72
2026/07/29 07:31:41.528, 299.82, 100, 74232, 72
2026/07/29 07:31:42.565, 301.17, 100, 74232, 71
2026/07/29 07:31:43.601, 298.68, 100, 74232, 72
2026/07/29 07:31:44.639, 299.83, 100, 74232, 73
2026/07/29 07:31:45.677, 297.90, 100, 74232, 73
2026/07/29 07:31:46.710, 307.57, 100, 74232, 73
2026/07/29 07:31:47.745, 304.13, 100, 74232, 74
2026/07/29 07:31:48.785, 293.46, 100, 74232, 73
2026/07/29 07:31:49.819, 291.78, 100, 74232, 73
2026/07/29 07:31:50.853, 280.78, 100, 74232, 73
2026/07/29 07:31:51.887, 292.78, 100, 74232, 72
2026/07/29 07:31:52.923, 294.14, 100, 74232, 72
2026/07/29 07:31:53.960, 293.36, 100, 74232, 72
2026/07/29 07:31:54.995, 294.34, 100, 74232, 74
2026/07/29 07:31:56.030, 308.72, 100, 74232, 74
2026/07/29 07:31:57.066, 295.09, 100, 74232, 74
2026/07/29 07:31:58.101, 308.33, 100, 74232, 74
2026/07/29 07:31:59.136, 269.38, 100, 74232, 74
2026/07/29 07:32:00.172, 276.15, 100, 74232, 74
2026/07/29 07:32:01.211, 313.75, 100, 74232, 74
2026/07/29 07:32:02.246, 301.56, 100, 74232, 72
2026/07/29 07:32:03.285, 300.71, 100, 74232, 72
2026/07/29 07:32:04.321, 301.38, 100, 74232, 72
2026/07/29 07:32:05.359, 295.19, 100, 74232, 72
2026/07/29 07:32:06.397, 298.63, 100, 74232, 72
2026/07/29 07:32:07.433, 295.38, 100, 74232, 72
2026/07/29 07:32:08.470, 294.62, 100, 74232, 72
2026/07/29 07:32:09.507, 293.46, 100, 74232, 72
2026/07/29 07:32:10.543, 294.54, 100, 74232, 72
2026/07/29 07:32:11.586, 294.33, 100, 74232, 72
2026/07/29 07:32:12.624, 294.42, 100, 74232, 72
2026/07/29 07:32:13.660, 294.78, 100, 74232, 72
2026/07/29 07:32:14.697, 296.17, 90, 74232, 74
2026/07/29 07:32:15.733, 300.53, 100, 74232, 72
2026/07/29 07:32:16.769, 298.59, 100, 74232, 72
2026/07/29 07:32:17.805, 301.12, 100, 74232, 72
2026/07/29 07:32:18.851, 300.51, 100, 74232, 72
2026/07/29 07:32:19.889, 294.13, 100, 74232, 72
2026/07/29 07:32:20.926, 301.77, 100, 74232, 72
2026/07/29 07:32:21.965, 301.21, 100, 74232, 72
2026/07/29 07:32:23.002, 289.96, 100, 74232, 72
2026/07/29 07:32:24.039, 294.13, 100, 74232, 72
2026/07/29 07:32:25.076, 288.61, 100, 74232, 72
2026/07/29 07:32:26.112, 301.51, 100, 74232, 72
2026/07/29 07:32:27.149, 302.28, 100, 74232, 72
2026/07/29 07:32:28.185, 300.03, 100, 74232, 72
2026/07/29 07:32:29.226, 298.87, 100, 74232, 72
2026/07/29 07:32:30.263, 299.90, 100, 74232, 72
2026/07/29 07:32:31.299, 299.54, 100, 74232, 72
2026/07/29 07:32:32.337, 301.76, 100, 74232, 72
2026/07/29 07:32:33.373, 298.74, 100, 74232, 72
2026/07/29 07:32:34.410, 300.71, 100, 74232, 72
2026/07/29 07:32:35.446, 300.03, 100, 74232, 72
2026/07/29 07:32:36.483, 299.55, 100, 74232, 72
2026/07/29 07:32:37.520, 301.18, 100, 74232, 72
2026/07/29 07:32:38.557, 300.30, 100, 74232, 72
2026/07/29 07:32:39.594, 300.44, 100, 74232, 72
2026/07/29 07:32:40.630, 299.84, 100, 74232, 72
2026/07/29 07:32:41.667, 298.50, 100, 74232, 72
2026/07/29 07:32:42.704, 302.36, 100, 74232, 72
2026/07/29 07:32:43.740, 300.42, 100, 74232, 72
2026/07/29 07:32:44.779, 302.19, 100, 74232, 72
2026/07/29 07:32:45.817, 300.84, 100, 74232, 72
2026/07/29 07:32:46.856, 301.67, 100, 74232, 72
2026/07/29 07:32:47.893, 301.58, 100, 74232, 72
2026/07/29 07:32:48.930, 300.54, 100, 74232, 72
2026/07/29 07:32:49.967, 300.92, 100, 74232, 72
2026/07/29 07:32:51.004, 299.38, 100, 74232, 72
2026/07/29 07:32:52.041, 300.35, 100, 74232, 72
2026/07/29 07:32:53.078, 300.32, 100, 74232, 72
2026/07/29 07:32:54.117, 299.34, 100, 74232, 72
2026/07/29 07:32:55.153, 299.36, 100, 74232, 72
2026/07/29 07:32:56.192, 302.72, 100, 74232, 72
2026/07/29 07:32:57.228, 299.76, 100, 74232, 72
2026/07/29 07:32:58.264, 300.01, 100, 74232, 72
2026/07/29 07:32:59.300, 299.57, 100, 74232, 72
2026/07/29 07:33:00.336, 298.86, 100, 74232, 72
2026/07/29 07:33:01.372, 301.77, 100, 74232, 72
2026/07/29 07:33:02.409, 300.54, 100, 74232, 72
2026/07/29 07:33:03.446, 300.81, 100, 74232, 72
2026/07/29 07:33:04.482, 302.44, 100, 74232, 72
2026/07/29 07:33:05.518, 300.04, 100, 74232, 72
2026/07/29 07:33:06.556, 299.34, 100, 74232, 72
2026/07/29 07:33:07.593, 301.71, 100, 74232, 72
2026/07/29 07:33:08.631, 301.43, 100, 74232, 72
2026/07/29 07:33:09.672, 289.49, 100, 74232, 72
2026/07/29 07:33:10.708, 294.25, 100, 74232, 72
2026/07/29 07:33:11.744, 292.68, 100, 74232, 72
2026/07/29 07:33:12.780, 299.35, 100, 74232, 72
2026/07/29 07:33:13.817, 296.56, 100, 74232, 72
2026/07/29 07:33:14.854, 299.77, 100, 74232, 72
2026/07/29 07:33:15.891, 301.42, 100, 74232, 72
2026/07/29 07:33:16.929, 297.61, 100, 74232, 72
2026/07/29 07:33:17.968, 303.99, 100, 74232, 72
2026/07/29 07:33:19.006, 300.30, 100, 74232, 72
2026/07/29 07:33:20.043, 300.04, 100, 74232, 72
2026/07/29 07:33:21.082, 301.50, 100, 74232, 72
2026/07/29 07:33:22.119, 299.28, 100, 74232, 72
2026/07/29 07:33:23.155, 299.68, 100, 74232, 72
2026/07/29 07:33:24.192, 301.00, 100, 74232, 72
2026/07/29 07:33:25.229, 301.12, 100, 74232, 72
2026/07/29 07:33:26.266, 300.80, 100, 74232, 72
2026/07/29 07:33:27.302, 300.84, 100, 74232, 72
2026/07/29 07:33:28.339, 299.52, 100, 74232, 72
2026/07/29 07:33:29.378, 301.20, 100, 74232, 72
2026/07/29 07:33:30.415, 298.89, 100, 74232, 72
2026/07/29 07:33:31.451, 301.19, 100, 74232, 72
2026/07/29 07:33:32.489, 299.62, 100, 74232, 72
2026/07/29 07:33:33.526, 300.32, 100, 74232, 72
2026/07/29 07:33:34.565, 299.76, 100, 74232, 72
2026/07/29 07:33:35.602, 291.71, 100, 74232, 72
2026/07/29 07:33:36.640, 290.33, 100, 74232, 72
2026/07/29 07:33:37.677, 292.19, 100, 74232, 72
2026/07/29 07:33:38.716, 292.87, 100, 74232, 72
2026/07/29 07:33:39.753, 299.86, 100, 74232, 72
2026/07/29 07:33:40.791, 300.31, 100, 74232, 72
2026/07/29 07:33:41.828, 298.20, 100, 74232, 72
2026/07/29 07:33:42.865, 299.07, 100, 74232, 72
2026/07/29 07:33:43.905, 300.21, 100, 74232, 72
2026/07/29 07:33:44.943, 301.03, 100, 74232, 72
2026/07/29 07:33:45.979, 298.96, 100, 74232, 72
2026/07/29 07:33:47.015, 299.15, 100, 74232, 72
2026/07/29 07:33:48.052, 299.83, 100, 74232, 72
2026/07/29 07:33:49.090, 301.92, 100, 74232, 72
2026/07/29 07:33:50.135, 299.75, 100, 74232, 72
2026/07/29 07:33:51.172, 302.30, 100, 74232, 72
2026/07/29 07:33:52.209, 290.53, 100, 74232, 72
2026/07/29 07:33:53.247, 291.79, 100, 74232, 72
2026/07/29 07:33:54.285, 293.63, 100, 74232, 72
2026/07/29 07:33:55.320, 298.58, 100, 74232, 72
2026/07/29 07:33:56.358, 300.89, 100, 74232, 72
2026/07/29 07:33:57.396, 299.19, 100, 74232, 72
2026/07/29 07:33:58.434, 300.50, 100, 74232, 74
2026/07/29 07:33:59.469, 295.00, 100, 74232, 74
2026/07/29 07:34:00.505, 282.48, 100, 74232, 74
2026/07/29 07:34:01.541, 291.71, 100, 74232, 74
2026/07/29 07:34:02.577, 283.26, 100, 74232, 74
2026/07/29 07:34:03.613, 315.66, 100, 74232, 74
2026/07/29 07:34:04.654, 293.63, 100, 74232, 72
2026/07/29 07:34:05.691, 290.34, 100, 74232, 72
2026/07/29 07:34:06.728, 292.40, 100, 74232, 72
2026/07/29 07:34:07.766, 299.43, 100, 74232, 72
2026/07/29 07:34:08.803, 301.69, 100, 74232, 72
2026/07/29 07:34:09.840, 299.74, 100, 74232, 72
2026/07/29 07:34:10.877, 301.66, 100, 74232, 72
2026/07/29 07:34:11.914, 301.03, 100, 74232, 72
2026/07/29 07:34:12.954, 301.31, 100, 74232, 72
2026/07/29 07:34:13.990, 301.21, 100, 74232, 72
2026/07/29 07:34:15.029, 301.77, 100, 74232, 72
2026/07/29 07:34:16.067, 301.48, 100, 74232, 72
2026/07/29 07:34:17.104, 301.20, 100, 74232, 72
2026/07/29 07:34:18.142, 302.48, 100, 74232, 72
2026/07/29 07:34:19.178, 301.19, 100, 74232, 72
2026/07/29 07:34:20.217, 300.50, 100, 74232, 72
2026/07/29 07:34:21.255, 298.28, 100, 74232, 72
2026/07/29 07:34:22.292, 301.47, 100, 74232, 72
2026/07/29 07:34:23.330, 301.31, 100, 74232, 72
2026/07/29 07:34:24.367, 302.24, 100, 74232, 72
2026/07/29 07:34:25.404, 312.13, 100, 74232, 72
2026/07/29 07:34:26.440, 300.60, 100, 74232, 72
2026/07/29 07:34:27.477, 301.77, 100, 74232, 72
2026/07/29 07:34:28.513, 300.92, 100, 74232, 72
2026/07/29 07:34:29.547, 301.28, 100, 74232, 72
2026/07/29 07:34:30.584, 302.42, 100, 74232, 72
2026/07/29 07:34:31.621, 300.80, 100, 74232, 72
2026/07/29 07:34:32.660, 301.37, 100, 74232, 72
2026/07/29 07:34:33.695, 300.51, 100, 74232, 72
2026/07/29 07:34:34.731, 301.10, 100, 74232, 72
2026/07/29 07:34:35.767, 301.57, 100, 74232, 72
2026/07/29 07:34:36.804, 301.10, 100, 74232, 72
2026/07/29 07:34:37.840, 300.70, 100, 74232, 72
2026/07/29 07:34:38.878, 301.50, 100, 74232, 72
2026/07/29 07:34:39.915, 290.43, 100, 74232, 72
2026/07/29 07:34:40.951, 293.33, 100, 74232, 72
2026/07/29 07:34:41.988, 298.18, 78, 74232, 74
2026/07/29 07:34:43.023, 296.24, 100, 74232, 74
2026/07/29 07:34:44.058, 286.66, 100, 74232, 73
2026/07/29 07:34:45.094, 288.38, 100, 74232, 73
2026/07/29 07:34:46.130, 295.30, 100, 74232, 73
2026/07/29 07:34:47.164, 290.27, 100, 74232, 74
2026/07/29 07:34:48.199, 301.69, 100, 74232, 72
2026/07/29 07:34:49.236, 301.47, 100, 74232, 72
2026/07/29 07:34:50.273, 301.88, 100, 74232, 72
2026/07/29 07:34:51.310, 300.54, 100, 74232, 72
2026/07/29 07:34:52.346, 302.14, 100, 74232, 72
2026/07/29 07:34:53.383, 302.85, 100, 74232, 72
2026/07/29 07:34:54.422, 302.33, 92, 74232, 74
2026/07/29 07:34:55.456, 290.64, 100, 74232, 74
2026/07/29 07:34:56.493, 301.09, 100, 74232, 74
2026/07/29 07:34:57.530, 310.19, 100, 74232, 74
2026/07/29 07:34:58.565, 300.48, 100, 74232, 74
2026/07/29 07:34:59.601, 280.50, 100, 74232, 74
2026/07/29 07:35:00.642, 274.24, 100, 74232, 72
2026/07/29 07:35:01.679, 292.97, 100, 74232, 72
2026/07/29 07:35:02.716, 294.33, 100, 74232, 72
2026/07/29 07:35:03.753, 293.74, 100, 74232, 72
2026/07/29 07:35:04.789, 99.15, 0, 74232, 69
2026/07/29 07:35:05.821, 297.25, 100, 74232, 73
2026/07/29 07:35:06.857, 306.05, 100, 74232, 74
2026/07/29 07:35:07.893, 305.15, 100, 74232, 74
2026/07/29 07:35:08.929, 296.33, 100, 74232, 74
2026/07/29 07:35:09.964, 285.26, 100, 74232, 74
2026/07/29 07:35:10.999, 287.93, 100, 74232, 74
2026/07/29 07:35:12.038, 301.32, 100, 74232, 72
2026/07/29 07:35:13.075, 301.58, 100, 74232, 72
2026/07/29 07:35:14.112, 300.73, 100, 74232, 72
2026/07/29 07:35:15.149, 301.72, 100, 74232, 72
2026/07/29 07:35:16.185, 98.20, 0, 74232, 69
2026/07/29 07:35:17.230, 304.96, 100, 74232, 74
2026/07/29 07:35:18.265, 290.37, 100, 74232, 74
2026/07/29 07:35:19.300, 307.21, 100, 74232, 74
2026/07/29 07:35:20.337, 293.15, 100, 74232, 74
2026/07/29 07:35:21.372, 315.39, 100, 74232, 74
2026/07/29 07:35:22.407, 262.09, 100, 74232, 74
2026/07/29 07:35:23.444, 301.01, 100, 74232, 73
2026/07/29 07:35:24.481, 303.02, 100, 74232, 73
2026/07/29 07:35:25.519, 303.90, 100, 74232, 73
2026/07/29 07:35:26.556, 302.44, 100, 74232, 73
2026/07/29 07:35:27.594, 304.30, 100, 74232, 73
2026/07/29 07:35:28.630, 99.06, 0, 74232, 69
2026/07/29 07:35:29.663, 295.69, 100, 74232, 74
2026/07/29 07:35:30.698, 306.75, 100, 74232, 74
2026/07/29 07:35:31.733, 290.52, 100, 74232, 74
2026/07/29 07:35:32.771, 274.62, 100, 74232, 74
2026/07/29 07:35:33.809, 295.10, 100, 74232, 74
2026/07/29 07:35:34.844, 277.61, 100, 74232, 74
2026/07/29 07:35:35.880, 302.52, 100, 74232, 73
2026/07/29 07:35:36.920, 301.97, 100, 74232, 73
2026/07/29 07:35:37.957, 302.74, 100, 74232, 73
2026/07/29 07:35:38.995, 302.43, 100, 74232, 73
2026/07/29 07:35:40.032, 101.32, 0, 74232, 70
2026/07/29 07:35:41.066, 294.11, 100, 74232, 74
2026/07/29 07:35:42.100, 285.25, 100, 74232, 74
2026/07/29 07:35:43.133, 283.26, 100, 74232, 74
2026/07/29 07:35:44.167, 279.38, 100, 74232, 74
2026/07/29 07:35:45.200, 293.10, 100, 74232, 74
2026/07/29 07:35:46.237, 294.91, 100, 74232, 74
2026/07/29 07:35:47.277, 301.77, 100, 74232, 73
2026/07/29 07:35:48.314, 302.44, 100, 74232, 73
2026/07/29 07:35:49.351, 302.05, 100, 74232, 73
2026/07/29 07:35:50.389, 302.18, 100, 74232, 73
2026/07/29 07:35:51.427, 302.56, 100, 74232, 73
2026/07/29 07:35:52.465, 291.01, 86, 74232, 75
2026/07/29 07:35:53.499, 299.71, 100, 74232, 75
2026/07/29 07:35:54.532, 298.25, 100, 74232, 75
2026/07/29 07:35:55.569, 298.58, 100, 74232, 75
2026/07/29 07:35:56.604, 269.60, 100, 74232, 75
2026/07/29 07:35:57.639, 315.84, 100, 74232, 75
2026/07/29 07:35:58.674, 316.45, 100, 74232, 75
2026/07/29 07:35:59.708, 295.33, 100, 74232, 73
2026/07/29 07:36:00.746, 295.57, 100, 74232, 73
2026/07/29 07:36:01.785, 300.73, 100, 74232, 73
2026/07/29 07:36:02.823, 301.49, 100, 74232, 73
2026/07/29 07:36:03.860, 417.22, 100, 74232, 73
2026/07/29 07:36:04.900, 302.43, 100, 74232, 73
2026/07/29 07:36:05.937, 302.83, 100, 74232, 73
2026/07/29 07:36:06.973, 304.50, 100, 74232, 73
2026/07/29 07:36:08.010, 301.39, 100, 74232, 73
2026/07/29 07:36:09.046, 303.78, 100, 74232, 73
2026/07/29 07:36:10.083, 301.43, 100, 74232, 73
2026/07/29 07:36:11.121, 303.03, 100, 74232, 73
2026/07/29 07:36:12.160, 302.28, 100, 74232, 73
2026/07/29 07:36:13.197, 301.30, 100, 74232, 73
2026/07/29 07:36:14.234, 302.74, 100, 74232, 73
2026/07/29 07:36:15.272, 304.38, 100, 74232, 73
2026/07/29 07:36:16.310, 301.10, 100, 74232, 73
2026/07/29 07:36:17.349, 295.97, 100, 74232, 73
2026/07/29 07:36:18.386, 295.27, 100, 74232, 73
2026/07/29 07:36:19.423, 296.26, 100, 74232, 73
2026/07/29 07:36:20.460, 295.69, 100, 74232, 73
2026/07/29 07:36:21.496, 295.09, 100, 74232, 73
2026/07/29 07:36:22.533, 295.09, 100, 74232, 73
2026/07/29 07:36:23.569, 294.82, 100, 74232, 73
2026/07/29 07:36:24.607, 293.65, 100, 74232, 73
2026/07/29 07:36:25.645, 289.09, 100, 74232, 73
2026/07/29 07:36:26.684, 294.11, 100, 74232, 73
2026/07/29 07:36:27.722, 301.50, 100, 74232, 73
2026/07/29 07:36:28.758, 301.86, 100, 74232, 73
2026/07/29 07:36:29.798, 302.18, 100, 74232, 73
2026/07/29 07:36:30.835, 301.82, 100, 74232, 73
2026/07/29 07:36:31.873, 303.64, 100, 74232, 73
2026/07/29 07:36:32.912, 301.47, 100, 74232, 73
2026/07/29 07:36:33.950, 301.67, 100, 74232, 73
2026/07/29 07:36:34.986, 300.40, 100, 74232, 73
2026/07/29 07:36:36.022, 302.36, 100, 74232, 72
2026/07/29 07:36:37.059, 293.13, 100, 74232, 72
2026/07/29 07:36:38.095, 293.26, 100, 74232, 72
2026/07/29 07:36:39.131, 290.07, 100, 74232, 72
2026/07/29 07:36:40.168, 294.42, 100, 74232, 72
2026/07/29 07:36:41.205, 293.64, 100, 74232, 72
2026/07/29 07:36:42.243, 300.64, 100, 74232, 72
2026/07/29 07:36:43.279, 301.86, 100, 74232, 72
2026/07/29 07:36:44.320, 300.05, 100, 74232, 72
2026/07/29 07:36:45.357, 300.72, 100, 74232, 72
2026/07/29 07:36:46.393, 299.84, 100, 74232, 72
2026/07/29 07:36:47.429, 300.73, 100, 74232, 72
2026/07/29 07:36:48.466, 300.63, 100, 74232, 72
2026/07/29 07:36:49.502, 300.04, 100, 74232, 72
2026/07/29 07:36:50.540, 301.77, 100, 74232, 72
2026/07/29 07:36:51.577, 299.35, 100, 74232, 72
2026/07/29 07:36:52.618, 300.91, 100, 74232, 72
2026/07/29 07:36:53.654, 299.55, 100, 74232, 72
2026/07/29 07:36:54.691, 299.19, 100, 74232, 72
2026/07/29 07:36:55.728, 299.46, 100, 74232, 72
2026/07/29 07:36:56.765, 301.01, 100, 74232, 72
2026/07/29 07:36:57.808, 293.07, 100, 74232, 72
2026/07/29 07:36:58.846, 293.34, 100, 74232, 72
2026/07/29 07:36:59.884, 291.99, 100, 74232, 72
2026/07/29 07:37:00.921, 292.97, 100, 74232, 72
2026/07/29 07:37:01.957, 291.03, 100, 74232, 72
2026/07/29 07:37:02.997, 289.66, 100, 74232, 72
2026/07/29 07:37:04.033, 298.99, 100, 74232, 72
2026/07/29 07:37:05.070, 298.68, 100, 74232, 72
2026/07/29 07:37:06.111, 300.34, 100, 74232, 72
2026/07/29 07:37:07.148, 301.60, 100, 74232, 72
2026/07/29 07:37:08.189, 300.75, 100, 74232, 72
2026/07/29 07:37:09.225, 299.27, 100, 74232, 72
2026/07/29 07:37:10.263, 299.57, 100, 74232, 72
2026/07/29 07:37:11.300, 303.51, 100, 74232, 72
2026/07/29 07:37:12.337, 299.38, 100, 74232, 72
2026/07/29 07:37:13.375, 299.17, 100, 74232, 72
2026/07/29 07:37:14.410, 296.16, 100, 74232, 72
2026/07/29 07:37:15.447, 293.28, 100, 74232, 72
2026/07/29 07:37:16.485, 299.83, 100, 74232, 72
2026/07/29 07:37:17.525, 291.89, 100, 74232, 72
2026/07/29 07:37:18.562, 291.40, 100, 74232, 72
2026/07/29 07:37:19.601, 292.39, 100, 74232, 72
2026/07/29 07:37:20.639, 294.61, 100, 74232, 72
2026/07/29 07:37:21.676, 300.92, 100, 74232, 72
2026/07/29 07:37:22.717, 292.76, 100, 74232, 72
2026/07/29 07:37:23.754, 292.58, 100, 74232, 72
2026/07/29 07:37:24.793, 300.33, 100, 74232, 72
2026/07/29 07:37:25.829, 300.78, 100, 74232, 72
2026/07/29 07:37:26.866, 295.48, 100, 74232, 72
2026/07/29 07:37:27.904, 302.45, 100, 74232, 72
2026/07/29 07:37:28.942, 297.42, 100, 74232, 72
2026/07/29 07:37:29.979, 299.16, 100, 74232, 72
2026/07/29 07:37:31.017, 300.40, 100, 74232, 72
2026/07/29 07:37:32.057, 300.12, 100, 74232, 72
2026/07/29 07:37:33.096, 300.51, 100, 74232, 72
2026/07/29 07:37:34.134, 300.03, 100, 74232, 72
2026/07/29 07:37:35.176, 301.89, 100, 74232, 72
2026/07/29 07:37:36.214, 298.70, 100, 74232, 72
2026/07/29 07:37:37.251, 298.31, 100, 74232, 72
2026/07/29 07:37:38.293, 300.75, 100, 74232, 72
2026/07/29 07:37:39.332, 302.08, 100, 74232, 72
2026/07/29 07:37:40.369, 300.73, 100, 74232, 72
2026/07/29 07:37:41.408, 300.92, 100, 74232, 72
2026/07/29 07:37:42.446, 302.17, 100, 74232, 72
2026/07/29 07:37:43.485, 301.11, 100, 74232, 72
2026/07/29 07:37:44.524, 300.04, 100, 74232, 72
2026/07/29 07:37:45.562, 299.44, 100, 74232, 72
2026/07/29 07:37:46.603, 299.84, 100, 74232, 72
2026/07/29 07:37:47.641, 301.28, 100, 74232, 72
2026/07/29 07:37:48.678, 300.45, 100, 74232, 72
2026/07/29 07:37:49.716, 301.58, 100, 74232, 72
2026/07/29 07:37:50.755, 296.64, 100, 74232, 74
2026/07/29 07:37:51.791, 296.44, 100, 74232, 73
2026/07/29 07:37:52.827, 295.11, 100, 74232, 73
2026/07/29 07:37:53.863, 290.63, 100, 74232, 74
2026/07/29 07:37:54.899, 302.53, 100, 74232, 74
2026/07/29 07:37:55.934, 285.89, 100, 74232, 74
2026/07/29 07:37:56.969, 298.47, 100, 74232, 72
2026/07/29 07:37:58.007, 293.54, 100, 74232, 72
2026/07/29 07:37:59.045, 292.09, 100, 74232, 72
2026/07/29 07:38:00.084, 301.49, 100, 74232, 72
2026/07/29 07:38:01.122, 296.55, 100, 74232, 72
2026/07/29 07:38:02.159, 301.10, 100, 74232, 72
2026/07/29 07:38:03.201, 301.11, 100, 74232, 72
2026/07/29 07:38:04.239, 303.07, 100, 74232, 72
2026/07/29 07:38:05.277, 302.73, 100, 74232, 72
2026/07/29 07:38:06.317, 301.87, 100, 74232, 72
2026/07/29 07:38:07.354, 98.07, 0, 74232, 69
2026/07/29 07:38:08.388, 270.06, 100, 74232, 73
2026/07/29 07:38:09.427, 296.54, 100, 74232, 74
2026/07/29 07:38:10.462, 286.65, 100, 74232, 74
2026/07/29 07:38:11.502, 317.56, 100, 74232, 74
2026/07/29 07:38:12.537, 301.44, 100, 74232, 74
2026/07/29 07:38:13.572, 320.40, 100, 74232, 74
2026/07/29 07:38:14.608, 301.57, 100, 74232, 72
2026/07/29 07:38:15.649, 302.72, 100, 74232, 72
2026/07/29 07:38:16.688, 301.19, 100, 74232, 72
2026/07/29 07:38:17.725, 301.88, 100, 74232, 72
2026/07/29 07:38:18.763, 288.18, 100, 74232, 72
2026/07/29 07:38:19.805, 287.05, 100, 74232, 72
2026/07/29 07:38:20.844, 293.16, 100, 74232, 72
2026/07/29 07:38:21.883, 293.43, 100, 74232, 72
2026/07/29 07:38:22.922, 292.97, 100, 74232, 72
2026/07/29 07:38:23.960, 301.08, 100, 74232, 72
2026/07/29 07:38:24.998, 301.69, 100, 74232, 72
2026/07/29 07:38:26.035, 303.23, 100, 74232, 73
2026/07/29 07:38:27.071, 299.83, 100, 74232, 73
2026/07/29 07:38:28.107, 301.17, 100, 74232, 73
2026/07/29 07:38:29.144, 301.55, 100, 74232, 73
2026/07/29 07:38:30.183, 300.99, 100, 74232, 72
2026/07/29 07:38:31.224, 301.48, 100, 74232, 72
2026/07/29 07:38:32.263, 296.46, 100, 74232, 72
2026/07/29 07:38:33.300, 299.54, 100, 74232, 72
2026/07/29 07:38:34.338, 298.86, 100, 74232, 72
2026/07/29 07:38:35.376, 301.47, 100, 74232, 72
2026/07/29 07:38:36.416, 302.92, 100, 74232, 72
2026/07/29 07:38:37.454, 302.32, 100, 74232, 72
2026/07/29 07:38:38.492, 297.31, 100, 74232, 72
2026/07/29 07:38:39.533, 289.93, 100, 74232, 72
2026/07/29 07:38:40.573, 301.13, 100, 74232, 72
2026/07/29 07:38:41.611, 301.67, 100, 74232, 72
2026/07/29 07:38:42.649, 301.39, 100, 74232, 72
2026/07/29 07:38:43.686, 301.23, 100, 74232, 72
2026/07/29 07:38:44.724, 302.76, 100, 74232, 72
2026/07/29 07:38:45.762, 299.26, 100, 74232, 72
2026/07/29 07:38:46.799, 288.32, 100, 74232, 72
2026/07/29 07:38:47.839, 293.09, 100, 74232, 72
2026/07/29 07:38:48.877, 293.36, 100, 74232, 72
2026/07/29 07:38:49.915, 290.54, 100, 74232, 72
2026/07/29 07:38:50.954, 291.30, 100, 74232, 72
2026/07/29 07:38:51.991, 294.41, 100, 74232, 72
2026/07/29 07:38:53.033, 300.16, 100, 74232, 72
2026/07/29 07:38:54.070, 298.48, 100, 74232, 72
2026/07/29 07:38:55.108, 297.23, 100, 74232, 72
2026/07/29 07:38:56.150, 299.54, 100, 74232, 72
2026/07/29 07:38:57.187, 299.77, 100, 74232, 72
2026/07/29 07:38:58.226, 299.72, 100, 74232, 72
2026/07/29 07:38:59.263, 302.45, 100, 74232, 72
2026/07/29 07:39:00.302, 299.64, 100, 74232, 72
2026/07/29 07:39:01.342, 301.22, 100, 74232, 72
2026/07/29 07:39:02.380, 299.07, 100, 74232, 72
2026/07/29 07:39:03.418, 301.67, 100, 74232, 72
2026/07/29 07:39:04.455, 299.19, 100, 74232, 72
2026/07/29 07:39:05.494, 300.54, 100, 74232, 72
2026/07/29 07:39:06.532, 299.94, 100, 74232, 72
2026/07/29 07:39:07.569, 300.21, 100, 74232, 72
2026/07/29 07:39:08.607, 300.36, 100, 74232, 72
2026/07/29 07:39:09.645, 301.86, 100, 74232, 72
2026/07/29 07:39:10.684, 300.04, 100, 74232, 72
2026/07/29 07:39:11.722, 300.12, 100, 74232, 72
2026/07/29 07:39:12.760, 300.11, 100, 74232, 72
2026/07/29 07:39:13.798, 301.27, 100, 74232, 72
2026/07/29 07:39:14.835, 300.30, 100, 74232, 72
2026/07/29 07:39:15.872, 302.62, 100, 74232, 72
2026/07/29 07:39:16.910, 299.68, 100, 74232, 72
2026/07/29 07:39:17.954, 302.74, 100, 74232, 72
2026/07/29 07:39:18.992, 295.96, 100, 74232, 72
2026/07/29 07:39:20.029, 299.82, 100, 74232, 72
2026/07/29 07:39:21.066, 293.35, 100, 74232, 72
2026/07/29 07:39:22.104, 290.64, 100, 74232, 72
2026/07/29 07:39:23.144, 291.10, 100, 74232, 72
2026/07/29 07:39:24.185, 292.97, 100, 74232, 72
2026/07/29 07:39:25.225, 292.18, 100, 74232, 72
2026/07/29 07:39:26.267, 293.71, 100, 74232, 72
2026/07/29 07:39:27.305, 293.75, 100, 74232, 72
2026/07/29 07:39:28.343, 294.21, 100, 74232, 72
2026/07/29 07:39:29.381, 299.64, 100, 74232, 72
2026/07/29 07:39:30.420, 299.09, 100, 74232, 72
2026/07/29 07:39:31.459, 299.93, 100, 74232, 72
2026/07/29 07:39:32.496, 299.05, 100, 74232, 72
2026/07/29 07:39:33.534, 297.59, 100, 74232, 72
2026/07/29 07:39:34.572, 299.38, 100, 74232, 72
2026/07/29 07:39:35.610, 299.84, 100, 74232, 72
2026/07/29 07:39:36.649, 302.36, 100, 74232, 72
2026/07/29 07:39:37.687, 301.79, 100, 74232, 72
2026/07/29 07:39:38.729, 299.55, 100, 74232, 72
2026/07/29 07:39:39.768, 299.85, 100, 74232, 72
2026/07/29 07:39:40.805, 301.41, 100, 74232, 72
2026/07/29 07:39:41.844, 300.23, 100, 74232, 72
2026/07/29 07:39:42.881, 298.55, 100, 74232, 72
2026/07/29 07:39:43.919, 300.42, 100, 74232, 72
2026/07/29 07:39:44.957, 300.98, 100, 74232, 72
2026/07/29 07:39:45.995, 298.67, 100, 74232, 72
2026/07/29 07:39:47.033, 300.99, 100, 74232, 72
2026/07/29 07:39:48.071, 300.61, 100, 74232, 72
2026/07/29 07:39:49.112, 299.06, 100, 74232, 72
2026/07/29 07:39:50.150, 297.40, 100, 74232, 73
2026/07/29 07:39:51.188, 283.32, 100, 74232, 73
2026/07/29 07:39:52.224, 305.67, 100, 74232, 73
2026/07/29 07:39:53.266, 298.27, 100, 74232, 73
2026/07/29 07:39:54.302, 279.77, 100, 74232, 73
2026/07/29 07:39:55.339, 284.71, 100, 74232, 72
2026/07/29 07:39:56.377, 292.96, 100, 74232, 71
2026/07/29 07:39:57.415, 294.23, 100, 74232, 72
2026/07/29 07:39:58.452, 299.86, 100, 74232, 72
2026/07/29 07:39:59.489, 301.42, 100, 74232, 72
2026/07/29 07:40:00.526, 98.16, 12, 74232, 69
2026/07/29 07:40:01.559, 294.70, 100, 74232, 73
2026/07/29 07:40:02.596, 288.91, 100, 74232, 73
2026/07/29 07:40:03.632, 296.55, 100, 74232, 74
2026/07/29 07:40:04.669, 286.64, 100, 74232, 73
2026/07/29 07:40:05.705, 283.38, 100, 74232, 73
2026/07/29 07:40:06.739, 271.79, 100, 74232, 73
2026/07/29 07:40:07.775, 301.47, 100, 74232, 72
2026/07/29 07:40:08.814, 299.67, 100, 74232, 72
2026/07/29 07:40:09.851, 302.71, 100, 74232, 72
2026/07/29 07:40:10.888, 295.66, 100, 74232, 72
2026/07/29 07:40:11.923, 290.24, 100, 74232, 74
2026/07/29 07:40:12.963, 281.46, 100, 74232, 74
2026/07/29 07:40:13.997, 316.27, 100, 74232, 74
2026/07/29 07:40:15.033, 286.94, 100, 74232, 74
2026/07/29 07:40:16.073, 294.06, 100, 74232, 74
2026/07/29 07:40:17.109, 306.02, 100, 74232, 74
2026/07/29 07:40:18.147, 301.02, 100, 74232, 72
2026/07/29 07:40:19.184, 292.47, 100, 74232, 72
2026/07/29 07:40:20.222, 291.90, 100, 74232, 72
2026/07/29 07:40:21.258, 293.65, 100, 74232, 72
2026/07/29 07:40:22.296, 295.09, 100, 74232, 72
2026/07/29 07:40:23.333, 294.70, 100, 74232, 72
2026/07/29 07:40:24.371, 98.86, 0, 74232, 69
2026/07/29 07:40:25.438, 299.27, 100, 74232, 74
2026/07/29 07:40:26.472, 305.44, 100, 74232, 74
2026/07/29 07:40:27.508, 318.66, 100, 74232, 74
2026/07/29 07:40:28.544, 287.53, 100, 74232, 74
2026/07/29 07:40:29.578, 279.58, 100, 74232, 74
2026/07/29 07:40:30.612, 251.99, 100, 74232, 74
2026/07/29 07:40:31.649, 301.71, 100, 74232, 72
2026/07/29 07:40:32.686, 301.61, 100, 74232, 72
2026/07/29 07:40:33.723, 301.96, 100, 74232, 73
2026/07/29 07:40:34.760, 304.01, 100, 74232, 73
2026/07/29 07:40:35.798, 302.38, 100, 74232, 73
2026/07/29 07:40:36.836, 302.88, 100, 74232, 73
2026/07/29 07:40:37.877, 295.10, 100, 74232, 73
2026/07/29 07:40:38.915, 296.24, 100, 74232, 73
2026/07/29 07:40:39.953, 294.72, 100, 74232, 73
2026/07/29 07:40:40.993, 294.92, 100, 74232, 73
2026/07/29 07:40:42.030, 101.12, 68, 74232, 70
2026/07/29 07:40:43.063, 302.76, 100, 74232, 74
2026/07/29 07:40:44.098, 302.96, 100, 74232, 74
2026/07/29 07:40:45.134, 302.63, 100, 74232, 74
2026/07/29 07:40:46.172, 290.71, 100, 74232, 74
2026/07/29 07:40:47.207, 308.02, 100, 74232, 74
2026/07/29 07:40:48.244, 302.47, 100, 74232, 74
2026/07/29 07:40:49.282, 297.53, 100, 74232, 73
2026/07/29 07:40:50.320, 301.29, 100, 74232, 72
2026/07/29 07:40:51.357, 301.77, 100, 74232, 73
2026/07/29 07:40:52.394, 301.10, 100, 74232, 73
2026/07/29 07:40:53.432, 304.20, 100, 74232, 74
2026/07/29 07:40:54.468, 300.38, 100, 74232, 74
2026/07/29 07:40:55.503, 301.39, 100, 74232, 74
2026/07/29 07:40:56.538, 276.06, 100, 74232, 74
2026/07/29 07:40:57.578, 310.02, 100, 74232, 74
2026/07/29 07:40:58.614, 300.21, 100, 74232, 75
2026/07/29 07:40:59.650, 285.73, 100, 74232, 74
2026/07/29 07:41:00.692, 302.43, 100, 74232, 73
2026/07/29 07:41:01.730, 302.43, 100, 74232, 73
2026/07/29 07:41:02.768, 302.86, 100, 74232, 73
2026/07/29 07:41:03.806, 302.38, 100, 74232, 73
2026/07/29 07:41:04.844, 304.41, 100, 74232, 73
2026/07/29 07:41:05.881, 303.29, 100, 74232, 73
2026/07/29 07:41:06.919, 303.53, 100, 74232, 73
2026/07/29 07:41:07.955, 299.06, 92, 74232, 74
2026/07/29 07:41:08.990, 304.70, 100, 74232, 74
2026/07/29 07:41:10.027, 294.13, 100, 74232, 74
2026/07/29 07:41:11.067, 284.02, 100, 74232, 74
2026/07/29 07:41:12.101, 279.64, 100, 74232, 74
2026/07/29 07:41:13.135, 301.46, 100, 74232, 74
2026/07/29 07:41:14.170, 309.76, 100, 74232, 75
2026/07/29 07:41:15.205, 298.61, 100, 74232, 73
2026/07/29 07:41:16.243, 301.79, 100, 74232, 73
2026/07/29 07:41:17.279, 301.17, 100, 74232, 73
2026/07/29 07:41:18.316, 297.24, 100, 74232, 73
2026/07/29 07:41:19.358, 99.53, 100, 74232, 74
2026/07/29 07:41:20.393, 300.71, 100, 74232, 73
2026/07/29 07:41:21.431, 301.21, 100, 74232, 73
2026/07/29 07:41:22.470, 300.45, 100, 74232, 73
2026/07/29 07:41:23.508, 303.80, 100, 74232, 73
2026/07/29 07:41:24.547, 301.08, 100, 74232, 73
2026/07/29 07:41:25.585, 302.59, 100, 74232, 73
2026/07/29 07:41:26.623, 303.80, 100, 74232, 73
2026/07/29 07:41:27.660, 302.00, 100, 74232, 73
2026/07/29 07:41:28.698, 305.76, 100, 74232, 73
2026/07/29 07:41:29.736, 302.94, 100, 74232, 73
2026/07/29 07:41:30.774, 300.15, 100, 74232, 73
2026/07/29 07:41:31.813, 296.00, 100, 74232, 73
2026/07/29 07:41:32.853, 294.81, 100, 74232, 73
2026/07/29 07:41:33.891, 295.59, 100, 74232, 73
2026/07/29 07:41:34.929, 300.84, 100, 74232, 73
2026/07/29 07:41:35.968, 290.43, 100, 74232, 73
2026/07/29 07:41:37.006, 291.52, 100, 74232, 73
2026/07/29 07:41:38.043, 291.70, 100, 74232, 73
2026/07/29 07:41:39.081, 294.04, 100, 74232, 73
2026/07/29 07:41:40.119, 294.12, 100, 74232, 73
2026/07/29 07:41:41.160, 293.65, 100, 74232, 73
2026/07/29 07:41:42.198, 299.53, 100, 74232, 73
2026/07/29 07:41:43.236, 300.89, 100, 74232, 73
2026/07/29 07:41:44.274, 300.92, 100, 74232, 73
2026/07/29 07:41:45.312, 294.11, 100, 74232, 73
2026/07/29 07:41:46.352, 290.36, 100, 74232, 72
2026/07/29 07:41:47.389, 290.26, 100, 74232, 72
2026/07/29 07:41:48.426, 289.56, 100, 74232, 72
2026/07/29 07:41:49.464, 295.42, 100, 74232, 72
2026/07/29 07:41:50.502, 293.26, 100, 74232, 72
2026/07/29 07:41:51.539, 292.90, 100, 74232, 72
2026/07/29 07:41:52.577, 301.10, 100, 74232, 72
2026/07/29 07:41:53.614, 299.87, 100, 74232, 72
2026/07/29 07:41:54.651, 307.20, 100, 74232, 72
2026/07/29 07:41:55.689, 301.16, 100, 74232, 72
2026/07/29 07:41:56.729, 300.99, 100, 74232, 72
2026/07/29 07:41:57.765, 303.03, 100, 74232, 72
2026/07/29 07:41:58.803, 300.50, 100, 74232, 72
2026/07/29 07:41:59.841, 301.00, 100, 74232, 72
2026/07/29 07:42:00.880, 302.83, 100, 74232, 72
2026/07/29 07:42:01.918, 299.74, 100, 74232, 72
2026/07/29 07:42:02.955, 299.64, 100, 74232, 72
2026/07/29 07:42:03.997, 301.08, 100, 74232, 72
2026/07/29 07:42:05.036, 299.65, 100, 74232, 72
2026/07/29 07:42:06.073, 299.27, 100, 74232, 72
2026/07/29 07:42:07.111, 301.00, 100, 74232, 72
2026/07/29 07:42:08.149, 300.90, 100, 74232, 72
2026/07/29 07:42:09.187, 301.58, 100, 74232, 72
2026/07/29 07:42:10.225, 300.23, 100, 74232, 72
2026/07/29 07:42:11.262, 296.55, 100, 74232, 72
2026/07/29 07:42:12.300, 292.48, 100, 74232, 72
2026/07/29 07:42:13.337, 292.87, 100, 74232, 72
2026/07/29 07:42:14.376, 296.29, 100, 74232, 72
2026/07/29 07:42:15.414, 295.87, 100, 74232, 72
2026/07/29 07:42:16.451, 296.18, 100, 74232, 72
2026/07/29 07:42:17.490, 297.32, 100, 74232, 72
2026/07/29 07:42:18.529, 300.32, 100, 74232, 72
2026/07/29 07:42:19.568, 299.27, 100, 74232, 72
2026/07/29 07:42:20.605, 300.30, 100, 74232, 72
2026/07/29 07:42:21.643, 300.13, 100, 74232, 72
2026/07/29 07:42:22.682, 299.76, 100, 74232, 72
2026/07/29 07:42:23.720, 299.35, 100, 74232, 72
2026/07/29 07:42:24.758, 302.17, 100, 74232, 72
2026/07/29 07:42:25.798, 306.30, 100, 74232, 72
2026/07/29 07:42:26.835, 305.86, 100, 74232, 72
2026/07/29 07:42:27.873, 298.69, 100, 74232, 72
2026/07/29 07:42:28.910, 299.84, 100, 74232, 72
2026/07/29 07:42:29.947, 300.14, 100, 74232, 72
2026/07/29 07:42:30.986, 300.23, 100, 74232, 72
2026/07/29 07:42:32.025, 298.40, 100, 74232, 72
2026/07/29 07:42:33.067, 300.52, 100, 74232, 72
2026/07/29 07:42:34.105, 297.42, 100, 74232, 72
2026/07/29 07:42:35.144, 300.92, 100, 74232, 72
2026/07/29 07:42:36.184, 299.83, 100, 74232, 72
2026/07/29 07:42:37.222, 299.35, 100, 74232, 72
2026/07/29 07:42:38.259, 300.62, 100, 74232, 72
2026/07/29 07:42:39.297, 299.18, 100, 74232, 72
2026/07/29 07:42:40.335, 298.37, 100, 74232, 72
2026/07/29 07:42:41.374, 291.91, 100, 74232, 72
2026/07/29 07:42:42.411, 293.65, 100, 74232, 72
2026/07/29 07:42:43.448, 299.55, 100, 74232, 72
2026/07/29 07:42:44.487, 287.83, 100, 74232, 72
2026/07/29 07:42:45.524, 292.29, 100, 74232, 72
2026/07/29 07:42:46.563, 299.45, 100, 74232, 72
2026/07/29 07:42:47.600, 293.95, 100, 74232, 72
2026/07/29 07:42:48.639, 293.06, 100, 74232, 72
2026/07/29 07:42:49.678, 296.75, 100, 74232, 72
2026/07/29 07:42:50.717, 293.33, 100, 74232, 72
2026/07/29 07:42:51.755, 289.96, 100, 74232, 72
2026/07/29 07:42:52.794, 288.39, 100, 74232, 72
2026/07/29 07:42:53.832, 299.85, 100, 74232, 72
2026/07/29 07:42:54.870, 298.71, 100, 74232, 72
2026/07/29 07:42:55.911, 288.40, 100, 74232, 72
2026/07/29 07:42:56.949, 300.90, 100, 74232, 73
2026/07/29 07:42:57.984, 295.18, 100, 74232, 73
2026/07/29 07:42:59.019, 289.18, 100, 74232, 73
2026/07/29 07:43:00.060, 304.73, 100, 74232, 73
2026/07/29 07:43:01.095, 307.06, 100, 74232, 73
2026/07/29 07:43:02.130, 277.03, 100, 74232, 73
2026/07/29 07:43:03.173, 284.68, 100, 74232, 73
2026/07/29 07:43:04.208, 302.31, 100, 74232, 72
2026/07/29 07:43:05.249, 300.34, 100, 74232, 72
2026/07/29 07:43:06.286, 294.44, 100, 74232, 72
2026/07/29 07:43:07.324, 294.12, 100, 74232, 72
2026/07/29 07:43:08.361, 293.64, 100, 74232, 72
2026/07/29 07:43:09.399, 295.56, 100, 74232, 72
2026/07/29 07:43:10.436, 97.70, 8, 74232, 69
2026/07/29 07:43:11.515, 292.10, 100, 74232, 73
2026/07/29 07:43:12.550, 297.53, 100, 74232, 73
2026/07/29 07:43:13.585, 296.22, 100, 74232, 74
2026/07/29 07:43:14.620, 274.23, 100, 74232, 73
2026/07/29 07:43:15.663, 280.83, 100, 74232, 74
2026/07/29 07:43:16.698, 268.21, 100, 74232, 74
2026/07/29 07:43:17.734, 307.72, 100, 74232, 73
2026/07/29 07:43:18.772, 286.95, 100, 74232, 72
2026/07/29 07:43:19.810, 293.84, 100, 74232, 72
2026/07/29 07:43:20.847, 295.98, 100, 74232, 72
2026/07/29 07:43:21.885, 294.33, 100, 74232, 72
2026/07/29 07:43:22.923, 294.11, 100, 74232, 72
2026/07/29 07:43:23.962, 299.86, 100, 74232, 72
2026/07/29 07:43:24.998, 294.92, 100, 74232, 72
2026/07/29 07:43:26.036, 293.06, 100, 74232, 72
2026/07/29 07:43:27.073, 301.09, 100, 74232, 72
2026/07/29 07:43:28.111, 300.69, 100, 74232, 72
2026/07/29 07:43:29.149, 299.25, 100, 74232, 72
2026/07/29 07:43:30.186, 301.61, 100, 74232, 72
2026/07/29 07:43:31.224, 301.59, 100, 74232, 72
2026/07/29 07:43:32.264, 302.65, 100, 74232, 72
2026/07/29 07:43:33.302, 300.03, 100, 74232, 72
2026/07/29 07:43:34.342, 301.61, 100, 74232, 72
2026/07/29 07:43:35.379, 301.95, 100, 74232, 72
2026/07/29 07:43:36.416, 299.43, 100, 74232, 72
2026/07/29 07:43:37.454, 299.96, 100, 74232, 72
2026/07/29 07:43:38.491, 301.99, 100, 74232, 72
2026/07/29 07:43:39.529, 300.45, 100, 74232, 72
2026/07/29 07:43:40.565, 303.54, 100, 74232, 72
2026/07/29 07:43:41.605, 300.07, 100, 74232, 72
2026/07/29 07:43:42.643, 300.21, 100, 74232, 72
2026/07/29 07:43:43.681, 302.17, 100, 74232, 72
2026/07/29 07:43:44.718, 300.33, 100, 74232, 72
2026/07/29 07:43:45.756, 301.49, 100, 74232, 72
2026/07/29 07:43:46.795, 302.07, 100, 74232, 72
2026/07/29 07:43:47.833, 300.80, 100, 74232, 72
2026/07/29 07:43:48.870, 301.79, 100, 74232, 72
2026/07/29 07:43:49.908, 298.86, 100, 74232, 72
2026/07/29 07:43:50.944, 300.71, 100, 74232, 72
2026/07/29 07:43:51.982, 301.20, 100, 74232, 72
2026/07/29 07:43:53.020, 301.23, 100, 74232, 72
2026/07/29 07:43:54.057, 300.90, 100, 74232, 72
2026/07/29 07:43:55.094, 301.24, 100, 74232, 72
2026/07/29 07:43:56.131, 301.09, 100, 74232, 72
2026/07/29 07:43:57.169, 302.00, 100, 74232, 72
2026/07/29 07:43:58.206, 301.24, 100, 74232, 72
2026/07/29 07:43:59.243, 302.45, 100, 74232, 72
2026/07/29 07:44:00.280, 302.54, 100, 74232, 72
2026/07/29 07:44:01.317, 300.34, 100, 74232, 72
2026/07/29 07:44:02.356, 297.15, 100, 74232, 72
2026/07/29 07:44:03.394, 293.35, 100, 74232, 72
2026/07/29 07:44:04.431, 292.78, 100, 74232, 72
2026/07/29 07:44:05.470, 295.67, 100, 74232, 72
2026/07/29 07:44:06.509, 300.07, 100, 74232, 72
2026/07/29 07:44:07.547, 298.20, 100, 74232, 72
2026/07/29 07:44:08.584, 293.64, 100, 74232, 72
2026/07/29 07:44:09.621, 300.11, 100, 74232, 72
2026/07/29 07:44:10.658, 295.96, 100, 74232, 72
2026/07/29 07:44:11.695, 299.07, 100, 74232, 72
2026/07/29 07:44:12.731, 300.30, 100, 74232, 72
2026/07/29 07:44:13.769, 299.07, 100, 74232, 72
2026/07/29 07:44:14.805, 300.31, 100, 74232, 72
2026/07/29 07:44:15.844, 298.71, 100, 74232, 72
2026/07/29 07:44:16.881, 302.30, 100, 74232, 72
2026/07/29 07:44:17.917, 299.09, 100, 74232, 72
2026/07/29 07:44:18.954, 300.12, 100, 74232, 72
2026/07/29 07:44:19.993, 301.79, 100, 74232, 72
2026/07/29 07:44:21.031, 299.54, 100, 74232, 72
2026/07/29 07:44:22.068, 299.18, 100, 74232, 72
2026/07/29 07:44:23.105, 300.12, 100, 74232, 72
2026/07/29 07:44:24.142, 306.99, 100, 74232, 72
2026/07/29 07:44:25.181, 300.16, 100, 74232, 72
2026/07/29 07:44:26.218, 301.20, 100, 74232, 72
2026/07/29 07:44:27.259, 300.69, 100, 74232, 72
2026/07/29 07:44:28.295, 300.22, 100, 74232, 72
2026/07/29 07:44:29.332, 299.17, 100, 74232, 72
2026/07/29 07:44:30.368, 300.40, 100, 74232, 72
2026/07/29 07:44:31.405, 300.60, 100, 74232, 72
2026/07/29 07:44:32.441, 302.11, 100, 74232, 72
2026/07/29 07:44:33.478, 299.16, 100, 74232, 72
2026/07/29 07:44:34.514, 300.35, 100, 74232, 72
2026/07/29 07:44:35.555, 301.62, 100, 74232, 72
2026/07/29 07:44:36.591, 298.98, 100, 74232, 72
2026/07/29 07:44:37.628, 298.76, 100, 74232, 72
2026/07/29 07:44:38.665, 294.90, 100, 74232, 72
2026/07/29 07:44:39.703, 298.80, 100, 74232, 72
2026/07/29 07:44:40.740, 300.33, 100, 74232, 72
2026/07/29 07:44:41.776, 299.25, 100, 74232, 72
2026/07/29 07:44:42.814, 300.93, 100, 74232, 72
2026/07/29 07:44:43.851, 299.07, 100, 74232, 72
2026/07/29 07:44:44.888, 301.89, 100, 74232, 72
2026/07/29 07:44:45.925, 299.58, 100, 74232, 72
2026/07/29 07:44:46.962, 298.50, 100, 74232, 72
2026/07/29 07:44:48.000, 301.17, 100, 74232, 72
2026/07/29 07:44:49.036, 299.55, 100, 74232, 72
2026/07/29 07:44:50.075, 299.44, 100, 74232, 72
2026/07/29 07:44:51.111, 301.67, 100, 74232, 72
2026/07/29 07:44:52.149, 299.54, 100, 74232, 72
2026/07/29 07:44:53.187, 299.57, 100, 74232, 72
2026/07/29 07:44:54.225, 301.29, 100, 74232, 72
2026/07/29 07:44:55.262, 300.43, 100, 74232, 72
2026/07/29 07:44:56.299, 299.65, 100, 74232, 72
2026/07/29 07:44:57.339, 299.24, 100, 74232, 72
2026/07/29 07:44:58.376, 299.04, 100, 74232, 72
2026/07/29 07:44:59.417, 299.57, 100, 74232, 72
2026/07/29 07:45:00.453, 299.84, 100, 74232, 72
2026/07/29 07:45:01.495, 300.16, 100, 74232, 72
2026/07/29 07:45:02.534, 301.02, 100, 74232, 72
2026/07/29 07:45:03.571, 287.21, 100, 74232, 73
2026/07/29 07:45:04.606, 302.73, 100, 74232, 73
2026/07/29 07:45:05.640, 294.71, 100, 74232, 74
2026/07/29 07:45:06.677, 318.83, 100, 74232, 74
2026/07/29 07:45:07.712, 295.47, 100, 74232, 73
2026/07/29 07:45:08.746, 313.82, 100, 74232, 74
2026/07/29 07:45:09.786, 301.32, 100, 74232, 72
2026/07/29 07:45:10.824, 301.03, 100, 74232, 72
2026/07/29 07:45:11.861, 301.05, 100, 74232, 72
2026/07/29 07:45:12.898, 303.71, 100, 74232, 72
2026/07/29 07:45:13.935, 298.58, 100, 74232, 74
2026/07/29 07:45:14.970, 314.36, 100, 74232, 74
2026/07/29 07:45:16.004, 281.26, 100, 74232, 74
2026/07/29 07:45:17.044, 280.82, 100, 74232, 74
2026/07/29 07:45:18.079, 309.49, 100, 74232, 74
2026/07/29 07:45:19.115, 269.27, 100, 74232, 74
2026/07/29 07:45:20.148, 296.26, 100, 74232, 74
2026/07/29 07:45:21.183, 302.34, 100, 74232, 72
2026/07/29 07:45:22.222, 301.32, 100, 74232, 72
2026/07/29 07:45:23.258, 302.48, 100, 74232, 72
2026/07/29 07:45:24.295, 300.91, 100, 74232, 72
2026/07/29 07:45:25.332, 294.43, 100, 74232, 72
2026/07/29 07:45:26.369, 296.74, 100, 74232, 72
2026/07/29 07:45:27.406, 293.85, 100, 74232, 72
2026/07/29 07:45:28.443, 295.61, 100, 74232, 72
2026/07/29 07:45:29.480, 297.42, 58, 74232, 74
2026/07/29 07:45:30.514, 299.53, 100, 74232, 72
2026/07/29 07:45:31.550, 301.46, 100, 74232, 72
2026/07/29 07:45:32.588, 299.74, 100, 74232, 72
2026/07/29 07:45:33.627, 301.67, 100, 74232, 72
2026/07/29 07:45:34.664, 302.79, 100, 74232, 72
2026/07/29 07:45:35.700, 296.73, 100, 74232, 72
2026/07/29 07:45:36.738, 295.88, 100, 74232, 72
2026/07/29 07:45:37.781, 296.74, 100, 74232, 72
2026/07/29 07:45:38.820, 288.69, 100, 74232, 72
2026/07/29 07:45:39.857, 288.70, 100, 74232, 72
2026/07/29 07:45:40.903, 294.41, 100, 74232, 72
2026/07/29 07:45:41.941, 293.83, 100, 74232, 72
2026/07/29 07:45:42.977, 293.66, 100, 74232, 72
2026/07/29 07:45:44.017, 291.61, 100, 74232, 72
2026/07/29 07:45:45.055, 296.08, 100, 74232, 72
2026/07/29 07:45:46.094, 293.53, 100, 74232, 72
2026/07/29 07:45:47.132, 293.06, 100, 74232, 72
2026/07/29 07:45:48.169, 300.73, 100, 74232, 72
2026/07/29 07:45:49.205, 292.09, 100, 74232, 72
2026/07/29 07:45:50.243, 298.38, 100, 74232, 72
2026/07/29 07:45:51.281, 292.57, 100, 74232, 72
2026/07/29 07:45:52.321, 292.38, 100, 74232, 72
2026/07/29 07:45:53.359, 299.51, 100, 74232, 72
2026/07/29 07:45:54.395, 300.25, 100, 74232, 72
2026/07/29 07:45:55.434, 300.32, 100, 74232, 72
2026/07/29 07:45:56.471, 300.82, 100, 74232, 72
2026/07/29 07:45:57.507, 298.90, 100, 74232, 72
2026/07/29 07:45:58.544, 298.61, 100, 74232, 72
2026/07/29 07:45:59.580, 301.27, 100, 74232, 72
2026/07/29 07:46:00.618, 299.83, 100, 74232, 72
2026/07/29 07:46:01.655, 298.49, 100, 74232, 72
2026/07/29 07:46:02.693, 298.78, 100, 74232, 72
2026/07/29 07:46:03.729, 298.30, 100, 74232, 72
2026/07/29 07:46:04.768, 301.80, 100, 74232, 72
2026/07/29 07:46:05.806, 300.22, 100, 74232, 72
2026/07/29 07:46:06.842, 296.26, 100, 74232, 72
2026/07/29 07:46:07.879, 299.57, 100, 74232, 72
2026/07/29 07:46:08.917, 300.35, 100, 74232, 72
2026/07/29 07:46:09.954, 307.35, 100, 74232, 72
2026/07/29 07:46:10.991, 295.87, 100, 74232, 72
2026/07/29 07:46:12.030, 299.68, 100, 74232, 72
2026/07/29 07:46:13.068, 307.01, 100, 74232, 72
2026/07/29 07:46:14.107, 298.97, 100, 74232, 71
2026/07/29 07:46:15.144, 305.34, 100, 74232, 72
2026/07/29 07:46:16.180, 299.38, 100, 74232, 72
2026/07/29 07:46:17.218, 301.38, 100, 74232, 71
2026/07/29 07:46:18.255, 301.32, 100, 74232, 71
2026/07/29 07:46:19.292, 299.95, 100, 74232, 71
2026/07/29 07:46:20.331, 301.10, 100, 74232, 71
2026/07/29 07:46:21.369, 298.87, 100, 74232, 71
2026/07/29 07:46:22.407, 300.45, 100, 74232, 71
2026/07/29 07:46:23.444, 299.47, 100, 74232, 72
2026/07/29 07:46:24.481, 299.14, 100, 74232, 71
2026/07/29 07:46:25.519, 300.52, 100, 74232, 72
2026/07/29 07:46:26.555, 297.51, 100, 74232, 72
2026/07/29 07:46:27.593, 298.38, 100, 74232, 72
2026/07/29 07:46:28.630, 300.52, 100, 74232, 72
2026/07/29 07:46:29.666, 299.57, 100, 74232, 72
2026/07/29 07:46:30.703, 300.81, 100, 74232, 72
2026/07/29 07:46:31.740, 298.08, 100, 74232, 72
2026/07/29 07:46:32.776, 302.87, 100, 74232, 72
2026/07/29 07:46:33.814, 299.74, 100, 74232, 72
2026/07/29 07:46:34.850, 300.34, 100, 74232, 72
2026/07/29 07:46:35.887, 304.10, 100, 74232, 72
2026/07/29 07:46:36.925, 300.32, 100, 74232, 72
2026/07/29 07:46:37.962, 301.59, 100, 74232, 72
2026/07/29 07:46:38.998, 300.90, 100, 74232, 72
2026/07/29 07:46:40.040, 299.35, 100, 74232, 72
2026/07/29 07:46:41.078, 300.15, 100, 74232, 72
2026/07/29 07:46:42.117, 299.95, 100, 74232, 72
2026/07/29 07:46:43.155, 304.74, 100, 74232, 72
2026/07/29 07:46:44.201, 300.24, 100, 74232, 72
2026/07/29 07:46:45.241, 304.41, 100, 74232, 72
2026/07/29 07:46:46.280, 299.85, 100, 74232, 72
2026/07/29 07:46:47.318, 300.94, 100, 74232, 72
2026/07/29 07:46:48.357, 299.75, 100, 74232, 72
2026/07/29 07:46:49.395, 301.22, 100, 74232, 72
2026/07/29 07:46:50.432, 300.74, 100, 74232, 72
2026/07/29 07:46:51.471, 304.19, 100, 74232, 72
2026/07/29 07:46:52.509, 301.08, 100, 74232, 72
2026/07/29 07:46:53.546, 301.39, 100, 74232, 72
2026/07/29 07:46:54.583, 295.86, 100, 74232, 72
2026/07/29 07:46:55.624, 299.27, 100, 74232, 72
2026/07/29 07:46:56.662, 299.18, 100, 74232, 72
2026/07/29 07:46:57.699, 304.28, 100, 74232, 72
2026/07/29 07:46:58.737, 306.03, 100, 74232, 72
2026/07/29 07:46:59.775, 299.84, 100, 74232, 72
2026/07/29 07:47:00.814, 298.28, 100, 74232, 72
2026/07/29 07:47:01.852, 298.59, 100, 74232, 72
2026/07/29 07:47:02.890, 295.58, 100, 74232, 71
2026/07/29 07:47:03.931, 286.95, 100, 74232, 71
2026/07/29 07:47:04.968, 297.89, 100, 74232, 71
2026/07/29 07:47:06.006, 299.13, 100, 74232, 72
2026/07/29 07:47:07.045, 298.49, 100, 74232, 72
2026/07/29 07:47:08.081, 295.19, 100, 74232, 71
2026/07/29 07:47:09.118, 299.65, 100, 74232, 72
2026/07/29 07:47:10.158, 295.20, 100, 74232, 73
2026/07/29 07:47:11.193, 284.87, 100, 74232, 73
2026/07/29 07:47:12.230, 276.44, 100, 74232, 73
2026/07/29 07:47:13.264, 271.03, 100, 74232, 73
2026/07/29 07:47:14.303, 294.97, 100, 74232, 73
2026/07/29 07:47:15.338, 297.75, 100, 74232, 71
2026/07/29 07:47:16.380, 303.49, 100, 74232, 71
2026/07/29 07:47:17.418, 296.55, 100, 74232, 71
2026/07/29 07:47:18.456, 300.33, 100, 74232, 72
2026/07/29 07:47:19.494, 301.75, 100, 74232, 72
2026/07/29 07:47:20.532, 304.61, 100, 74232, 72
2026/07/29 07:47:21.573, 301.38, 100, 74232, 72
2026/07/29 07:47:22.611, 301.39, 100, 74232, 72
2026/07/29 07:47:23.650, 303.60, 100, 74232, 72
2026/07/29 07:47:24.689, 99.22, 0, 74232, 69
2026/07/29 07:47:25.741, 291.39, 100, 74232, 73
2026/07/29 07:47:26.776, 290.45, 100, 74232, 73
2026/07/29 07:47:27.813, 302.78, 100, 74232, 73
2026/07/29 07:47:28.849, 275.76, 100, 74232, 73
2026/07/29 07:47:29.885, 274.32, 100, 74232, 74
2026/07/29 07:47:30.927, 252.78, 100, 74232, 72
2026/07/29 07:47:31.965, 292.08, 100, 74232, 72
2026/07/29 07:47:33.002, 292.98, 100, 74232, 72
2026/07/29 07:47:34.040, 293.65, 100, 74232, 72
2026/07/29 07:47:35.077, 295.29, 100, 74232, 72
2026/07/29 07:47:36.115, 302.11, 100, 74232, 72
2026/07/29 07:47:37.153, 297.42, 100, 74232, 72
2026/07/29 07:47:38.192, 299.75, 100, 74232, 72
2026/07/29 07:47:39.229, 300.49, 100, 74232, 72
2026/07/29 07:47:40.267, 292.37, 100, 74232, 72
2026/07/29 07:47:41.305, 302.37, 100, 74232, 72
2026/07/29 07:47:42.342, 300.83, 100, 74232, 72
2026/07/29 07:47:43.381, 299.67, 100, 74232, 72
2026/07/29 07:47:44.419, 310.24, 100, 74232, 72
2026/07/29 07:47:45.456, 300.72, 100, 74232, 72
2026/07/29 07:47:46.494, 297.86, 100, 74232, 72
2026/07/29 07:47:47.534, 300.61, 100, 74232, 72
2026/07/29 07:47:48.573, 297.53, 100, 74232, 72
2026/07/29 07:47:49.610, 300.61, 100, 74232, 72
2026/07/29 07:47:50.653, 302.11, 100, 74232, 72
2026/07/29 07:47:51.690, 296.37, 100, 74232, 72
2026/07/29 07:47:52.728, 293.44, 100, 74232, 72
2026/07/29 07:47:53.767, 292.57, 100, 74232, 72
2026/07/29 07:47:54.806, 294.30, 100, 74232, 72
2026/07/29 07:47:55.845, 292.47, 100, 74232, 72
2026/07/29 07:47:56.883, 293.86, 100, 74232, 72
2026/07/29 07:47:57.921, 293.65, 100, 74232, 72
2026/07/29 07:47:58.959, 296.93, 100, 74232, 72
2026/07/29 07:47:59.998, 300.46, 100, 74232, 72
2026/07/29 07:48:01.036, 299.17, 100, 74232, 72
2026/07/29 07:48:02.074, 301.68, 100, 74232, 72
2026/07/29 07:48:03.110, 300.59, 100, 74232, 72
2026/07/29 07:48:04.154, 296.64, 100, 74232, 72
2026/07/29 07:48:05.192, 300.90, 100, 74232, 72
2026/07/29 07:48:06.230, 298.87, 100, 74232, 72
2026/07/29 07:48:07.270, 303.23, 100, 74232, 72
2026/07/29 07:48:08.307, 300.22, 100, 74232, 72
2026/07/29 07:48:09.345, 300.33, 100, 74232, 72
2026/07/29 07:48:10.384, 299.74, 100, 74232, 72
2026/07/29 07:48:11.421, 299.87, 100, 74232, 72
2026/07/29 07:48:12.459, 301.30, 100, 74232, 72
2026/07/29 07:48:13.497, 298.70, 100, 74232, 72
2026/07/29 07:48:14.535, 300.34, 100, 74232, 72
2026/07/29 07:48:15.574, 299.73, 100, 74232, 72
2026/07/29 07:48:16.612, 299.08, 100, 74232, 72
2026/07/29 07:48:17.650, 300.20, 100, 74232, 72
2026/07/29 07:48:18.687, 299.48, 100, 74232, 72
2026/07/29 07:48:19.726, 302.57, 100, 74232, 72
2026/07/29 07:48:20.763, 299.45, 100, 74232, 72
2026/07/29 07:48:21.801, 300.71, 100, 74232, 72
2026/07/29 07:48:22.841, 301.50, 100, 74232, 72
2026/07/29 07:48:23.879, 298.98, 100, 74232, 72
2026/07/29 07:48:24.916, 300.53, 100, 74232, 72
2026/07/29 07:48:25.954, 302.84, 100, 74232, 72
2026/07/29 07:48:26.992, 298.26, 100, 74232, 72
2026/07/29 07:48:28.030, 298.19, 100, 74232, 72
2026/07/29 07:48:29.070, 292.20, 100, 74232, 72
2026/07/29 07:48:30.108, 301.67, 100, 74232, 72
2026/07/29 07:48:31.147, 290.22, 100, 74232, 72
2026/07/29 07:48:32.189, 291.12, 100, 74232, 72
2026/07/29 07:48:33.228, 295.77, 100, 74232, 72
2026/07/29 07:48:34.265, 287.14, 100, 74232, 72
2026/07/29 07:48:35.304, 292.19, 100, 74232, 72
2026/07/29 07:48:36.343, 289.76, 100, 74232, 72
2026/07/29 07:48:37.381, 298.01, 100, 74232, 72
2026/07/29 07:48:38.419, 300.52, 100, 74232, 72
2026/07/29 07:48:39.457, 301.38, 100, 74232, 72
2026/07/29 07:48:40.495, 295.88, 100, 74232, 72
2026/07/29 07:48:41.533, 294.79, 100, 74232, 72
2026/07/29 07:48:42.572, 291.42, 100, 74232, 72
2026/07/29 07:48:43.610, 301.09, 100, 74232, 72
2026/07/29 07:48:44.648, 300.53, 100, 74232, 72
2026/07/29 07:48:45.690, 300.90, 100, 74232, 72
2026/07/29 07:48:46.728, 299.91, 100, 74232, 72
2026/07/29 07:48:47.767, 296.47, 100, 74232, 72
2026/07/29 07:48:48.811, 299.14, 100, 74232, 72
2026/07/29 07:48:49.848, 299.38, 100, 74232, 72
2026/07/29 07:48:50.886, 302.17, 100, 74232, 72
2026/07/29 07:48:51.924, 298.58, 100, 74232, 72
2026/07/29 07:48:52.962, 304.96, 100, 74232, 72
2026/07/29 07:48:54.004, 300.17, 100, 74232, 72
2026/07/29 07:48:55.042, 299.17, 100, 74232, 72
2026/07/29 07:48:56.079, 299.45, 100, 74232, 72
2026/07/29 07:48:57.121, 299.94, 100, 74232, 72
2026/07/29 07:48:58.159, 300.54, 100, 74232, 72
2026/07/29 07:48:59.198, 299.33, 100, 74232, 72
2026/07/29 07:49:00.237, 300.72, 100, 74232, 72
2026/07/29 07:49:01.274, 300.73, 100, 74232, 72
2026/07/29 07:49:02.312, 299.17, 100, 74232, 72
2026/07/29 07:49:03.349, 301.57, 100, 74232, 72
2026/07/29 07:49:04.388, 300.22, 100, 74232, 72
2026/07/29 07:49:05.425, 299.94, 100, 74232, 72
2026/07/29 07:49:06.462, 302.33, 100, 74232, 72
2026/07/29 07:49:07.499, 300.62, 100, 74232, 72
2026/07/29 07:49:08.536, 301.08, 100, 74232, 72
2026/07/29 07:49:09.574, 308.54, 100, 74232, 73
2026/07/29 07:49:10.609, 294.31, 100, 74232, 73
2026/07/29 07:49:11.647, 299.84, 100, 74232, 73
2026/07/29 07:49:12.683, 287.01, 100, 74232, 73
2026/07/29 07:49:13.718, 278.12, 100, 74232, 73
2026/07/29 07:49:14.753, 314.78, 100, 74232, 73
2026/07/29 07:49:15.790, 299.64, 100, 74232, 72
2026/07/29 07:49:16.828, 294.82, 100, 74232, 72
2026/07/29 07:49:17.866, 300.89, 100, 74232, 72
2026/07/29 07:49:18.904, 294.21, 100, 74232, 72
2026/07/29 07:49:19.941, 293.26, 100, 74232, 72
2026/07/29 07:49:20.979, 295.28, 100, 74232, 72
2026/07/29 07:49:22.018, 289.27, 100, 74232, 72
2026/07/29 07:49:23.057, 293.08, 100, 74232, 72
2026/07/29 07:49:24.096, 295.25, 100, 74232, 72
2026/07/29 07:49:25.136, 297.42, 100, 74232, 72
2026/07/29 07:49:26.174, 293.93, 100, 74232, 72
2026/07/29 07:49:27.217, 293.28, 100, 74232, 72
2026/07/29 07:49:28.255, 299.67, 100, 74232, 72
2026/07/29 07:49:29.293, 296.94, 100, 74232, 72
2026/07/29 07:49:30.331, 300.73, 100, 74232, 72
2026/07/29 07:49:31.368, 300.80, 100, 74232, 72
2026/07/29 07:49:32.405, 300.62, 100, 74232, 72
2026/07/29 07:49:33.443, 300.80, 100, 74232, 72
2026/07/29 07:49:34.481, 300.80, 100, 74232, 72
2026/07/29 07:49:35.521, 300.43, 100, 74232, 72
2026/07/29 07:49:36.559, 297.51, 100, 74232, 72
2026/07/29 07:49:37.596, 290.54, 100, 74232, 72
2026/07/29 07:49:38.635, 302.85, 100, 74232, 72
2026/07/29 07:49:39.673, 301.61, 100, 74232, 72
2026/07/29 07:49:40.712, 299.64, 100, 74232, 72
2026/07/29 07:49:41.749, 301.29, 100, 74232, 72
2026/07/29 07:49:42.787, 301.38, 100, 74232, 72
2026/07/29 07:49:43.825, 301.11, 100, 74232, 72
2026/07/29 07:49:44.862, 303.04, 100, 74232, 72
2026/07/29 07:49:45.901, 299.97, 100, 74232, 72
2026/07/29 07:49:46.939, 295.42, 100, 74232, 73
2026/07/29 07:49:47.980, 281.08, 100, 74232, 73
2026/07/29 07:49:49.017, 303.04, 100, 74232, 73
2026/07/29 07:49:50.053, 307.22, 100, 74232, 73
2026/07/29 07:49:51.088, 278.76, 100, 74232, 73
2026/07/29 07:49:52.124, 288.14, 100, 74232, 72
2026/07/29 07:49:53.165, 302.97, 100, 74232, 72
2026/07/29 07:49:54.204, 300.70, 100, 74232, 72
2026/07/29 07:49:55.242, 299.84, 100, 74232, 72
2026/07/29 07:49:56.281, 302.95, 100, 74232, 72
2026/07/29 07:49:57.319, 299.74, 100, 74232, 72
2026/07/29 07:49:58.356, 300.38, 100, 74232, 72
2026/07/29 07:49:59.393, 304.61, 100, 74232, 72
2026/07/29 07:50:00.429, 300.42, 100, 74232, 72
2026/07/29 07:50:01.467, 295.76, 100, 74232, 73
2026/07/29 07:50:02.503, 306.14, 100, 74232, 73
2026/07/29 07:50:03.540, 305.04, 100, 74232, 73
2026/07/29 07:50:04.577, 286.86, 100, 74232, 73
2026/07/29 07:50:05.610, 299.84, 100, 74232, 73
2026/07/29 07:50:06.645, 270.06, 100, 74232, 73
2026/07/29 07:50:07.680, 300.03, 100, 74232, 72
2026/07/29 07:50:08.716, 300.16, 100, 74232, 72
2026/07/29 07:50:09.753, 300.23, 100, 74232, 72
2026/07/29 07:50:10.790, 309.05, 100, 74232, 72
2026/07/29 07:50:11.835, 302.75, 100, 74232, 72
2026/07/29 07:50:12.872, 297.52, 100, 74232, 72
2026/07/29 07:50:13.910, 298.88, 100, 74232, 72
2026/07/29 07:50:14.947, 301.87, 100, 74232, 72
2026/07/29 07:50:15.988, 297.63, 100, 74232, 72
2026/07/29 07:50:17.024, 300.24, 100, 74232, 72
2026/07/29 07:50:18.062, 296.57, 100, 74232, 72
2026/07/29 07:50:19.101, 300.53, 100, 74232, 72
2026/07/29 07:50:20.137, 300.36, 100, 74232, 72
2026/07/29 07:50:21.174, 299.65, 100, 74232, 72
2026/07/29 07:50:22.210, 301.47, 100, 74232, 72
2026/07/29 07:50:23.247, 301.04, 100, 74232, 72
2026/07/29 07:50:24.285, 300.63, 100, 74232, 72
2026/07/29 07:50:25.324, 300.99, 100, 74232, 72
2026/07/29 07:50:26.362, 300.90, 100, 74232, 72
2026/07/29 07:50:27.399, 299.55, 100, 74232, 72
2026/07/29 07:50:28.435, 298.32, 100, 74232, 72
2026/07/29 07:50:29.473, 300.99, 100, 74232, 72
2026/07/29 07:50:30.511, 300.33, 100, 74232, 72
2026/07/29 07:50:31.548, 308.57, 100, 74232, 72
2026/07/29 07:50:32.586, 299.36, 100, 74232, 72
2026/07/29 07:50:33.623, 299.01, 100, 74232, 72
2026/07/29 07:50:34.664, 300.61, 100, 74232, 72
2026/07/29 07:50:35.702, 298.67, 100, 74232, 72
2026/07/29 07:50:36.738, 301.88, 100, 74232, 72
2026/07/29 07:50:37.775, 301.02, 100, 74232, 72
2026/07/29 07:50:38.811, 299.75, 100, 74232, 72
2026/07/29 07:50:39.849, 298.94, 100, 74232, 72
2026/07/29 07:50:40.887, 301.03, 100, 74232, 72
2026/07/29 07:50:41.926, 303.43, 100, 74232, 72
2026/07/29 07:50:42.963, 300.14, 100, 74232, 72
2026/07/29 07:50:44.001, 300.05, 100, 74232, 72
2026/07/29 07:50:45.038, 299.54, 100, 74232, 72
2026/07/29 07:50:46.075, 300.63, 100, 74232, 72
2026/07/29 07:50:47.112, 300.71, 100, 74232, 72
2026/07/29 07:50:48.149, 301.32, 100, 74232, 72
2026/07/29 07:50:49.187, 299.64, 100, 74232, 72
2026/07/29 07:50:50.224, 301.31, 100, 74232, 72
2026/07/29 07:50:51.261, 301.29, 100, 74232, 72
2026/07/29 07:50:52.298, 300.23, 100, 74232, 72
2026/07/29 07:50:53.337, 300.61, 100, 74232, 72
2026/07/29 07:50:54.375, 296.14, 100, 74232, 72
2026/07/29 07:50:55.413, 296.25, 100, 74232, 72
2026/07/29 07:50:56.451, 299.76, 100, 74232, 72
2026/07/29 07:50:57.489, 300.24, 100, 74232, 72
2026/07/29 07:50:58.529, 298.18, 100, 74232, 72
2026/07/29 07:50:59.566, 300.41, 100, 74232, 72
2026/07/29 07:51:00.605, 301.57, 100, 74232, 72
2026/07/29 07:51:01.643, 299.26, 100, 74232, 72
2026/07/29 07:51:02.683, 292.29, 100, 74232, 72
2026/07/29 07:51:03.721, 291.42, 100, 74232, 72
2026/07/29 07:51:04.758, 298.96, 100, 74232, 72
2026/07/29 07:51:05.797, 299.67, 100, 74232, 72
2026/07/29 07:51:06.837, 300.44, 100, 74232, 72
2026/07/29 07:51:07.875, 299.76, 100, 74232, 72
2026/07/29 07:51:08.916, 300.04, 100, 74232, 72
2026/07/29 07:51:09.955, 302.16, 100, 74232, 72
2026/07/29 07:51:10.992, 300.51, 100, 74232, 72
2026/07/29 07:51:12.030, 302.00, 100, 74232, 72
2026/07/29 07:51:13.067, 301.67, 100, 74232, 72
2026/07/29 07:51:14.107, 299.56, 100, 74232, 72
2026/07/29 07:51:15.144, 297.68, 100, 74232, 72
2026/07/29 07:51:16.181, 299.06, 100, 74232, 72
2026/07/29 07:51:17.219, 301.59, 100, 74232, 72
2026/07/29 07:51:18.257, 292.08, 100, 74232, 72
2026/07/29 07:51:19.295, 299.96, 100, 74232, 72
2026/07/29 07:51:20.333, 289.09, 100, 74232, 72
2026/07/29 07:51:21.371, 291.43, 100, 74232, 72
2026/07/29 07:51:22.409, 292.38, 100, 74232, 72
2026/07/29 07:51:23.448, 297.22, 100, 74232, 72
2026/07/29 07:51:24.489, 300.62, 100, 74232, 72
2026/07/29 07:51:25.527, 295.88, 100, 74232, 72
2026/07/29 07:51:26.564, 295.59, 100, 74232, 72
2026/07/29 07:51:27.602, 300.07, 100, 74232, 72
2026/07/29 07:51:28.638, 299.74, 100, 74232, 72
2026/07/29 07:51:29.677, 300.91, 100, 74232, 72
2026/07/29 07:51:30.713, 300.12, 100, 74232, 72
2026/07/29 07:51:31.751, 300.32, 100, 74232, 72
2026/07/29 07:51:32.787, 304.39, 100, 74232, 72
2026/07/29 07:51:33.825, 305.91, 100, 74232, 72
2026/07/29 07:51:34.863, 299.76, 100, 74232, 72
2026/07/29 07:51:35.899, 300.41, 100, 74232, 72
2026/07/29 07:51:36.937, 300.83, 100, 74232, 72
2026/07/29 07:51:37.976, 299.64, 100, 74232, 72
2026/07/29 07:51:39.015, 300.14, 100, 74232, 72
2026/07/29 07:51:40.053, 300.29, 100, 74232, 72
2026/07/29 07:51:41.090, 300.16, 100, 74232, 72
2026/07/29 07:51:42.126, 299.17, 100, 74232, 72
2026/07/29 07:51:43.163, 299.86, 100, 74232, 72
2026/07/29 07:51:44.200, 299.16, 100, 74232, 72
2026/07/29 07:51:45.243, 299.48, 100, 74232, 72
2026/07/29 07:51:46.281, 299.16, 100, 74232, 72
2026/07/29 07:51:47.319, 299.35, 100, 74232, 72
2026/07/29 07:51:48.357, 299.07, 100, 74232, 72
2026/07/29 07:51:49.395, 299.98, 100, 74232, 71
2026/07/29 07:51:50.432, 299.45, 100, 74232, 72
2026/07/29 07:51:51.470, 298.67, 100, 74232, 72
2026/07/29 07:51:52.509, 297.85, 100, 74232, 72
2026/07/29 07:51:53.547, 299.85, 100, 74232, 72
2026/07/29 07:51:54.588, 295.97, 100, 74232, 72
2026/07/29 07:51:55.626, 301.67, 100, 74232, 72
2026/07/29 07:51:56.662, 313.53, 100, 74232, 74
2026/07/29 07:51:57.698, 297.62, 100, 74232, 73
2026/07/29 07:51:58.732, 295.55, 100, 74232, 73
2026/07/29 07:51:59.766, 294.33, 100, 74232, 73
2026/07/29 07:52:00.801, 314.09, 100, 74232, 73
2026/07/29 07:52:01.840, 247.03, 100, 74232, 72
2026/07/29 07:52:02.880, 289.37, 100, 74232, 72
2026/07/29 07:52:03.920, 292.85, 100, 74232, 72
2026/07/29 07:52:04.957, 292.77, 100, 74232, 72
2026/07/29 07:52:05.997, 292.18, 100, 74232, 72
2026/07/29 07:52:07.035, 297.52, 100, 74232, 72
2026/07/29 07:52:08.073, 302.77, 100, 74232, 74
2026/07/29 07:52:09.113, 303.70, 100, 74232, 74
2026/07/29 07:52:10.148, 290.33, 100, 74232, 74
2026/07/29 07:52:11.183, 279.85, 100, 74232, 74
2026/07/29 07:52:12.221, 313.69, 100, 74232, 74
2026/07/29 07:52:13.257, 280.08, 100, 74232, 74
2026/07/29 07:52:14.291, 301.47, 100, 74232, 72
2026/07/29 07:52:15.328, 301.29, 100, 74232, 72
2026/07/29 07:52:16.366, 301.21, 100, 74232, 72
2026/07/29 07:52:17.403, 301.10, 100, 74232, 72
2026/07/29 07:52:18.440, 289.85, 74, 74232, 74
2026/07/29 07:52:19.476, 302.18, 100, 74232, 74
2026/07/29 07:52:20.511, 296.95, 100, 74232, 74
2026/07/29 07:52:21.546, 274.34, 100, 74232, 74
2026/07/29 07:52:22.586, 302.32, 100, 74232, 74
2026/07/29 07:52:23.621, 293.70, 100, 74232, 74
2026/07/29 07:52:24.662, 294.07, 100, 74232, 74
2026/07/29 07:52:25.697, 297.72, 100, 74232, 73
2026/07/29 07:52:26.733, 294.41, 100, 74232, 73
2026/07/29 07:52:27.771, 294.59, 100, 74232, 73
2026/07/29 07:52:28.810, 298.80, 100, 74232, 73
2026/07/29 07:52:29.851, 297.53, 100, 74232, 73
2026/07/29 07:52:30.889, 301.22, 100, 74232, 73
2026/07/29 07:52:31.927, 301.31, 100, 74232, 73
2026/07/29 07:52:32.964, 303.30, 100, 74232, 73
2026/07/29 07:52:34.001, 302.49, 100, 74232, 73
2026/07/29 07:52:35.037, 301.58, 100, 74232, 73
2026/07/29 07:52:36.077, 302.56, 100, 74232, 73
2026/07/29 07:52:37.113, 295.88, 100, 74232, 73
2026/07/29 07:52:38.149, 99.25, 0, 74232, 69
2026/07/29 07:52:39.181, 303.24, 100, 74232, 72
2026/07/29 07:52:40.217, 301.09, 100, 74232, 72
2026/07/29 07:52:41.255, 302.57, 100, 74232, 72
2026/07/29 07:52:42.291, 294.81, 100, 74232, 72
2026/07/29 07:52:43.330, 293.36, 100, 74232, 72
2026/07/29 07:52:44.367, 300.59, 100, 74232, 72
2026/07/29 07:52:45.403, 302.72, 100, 74232, 72
2026/07/29 07:52:46.441, 294.52, 100, 74232, 72
2026/07/29 07:52:47.478, 293.35, 100, 74232, 72
2026/07/29 07:52:48.515, 293.18, 100, 74232, 72
2026/07/29 07:52:49.552, 300.74, 100, 74232, 72
2026/07/29 07:52:50.591, 302.71, 100, 74232, 72
2026/07/29 07:52:51.632, 301.20, 100, 74232, 72
2026/07/29 07:52:52.669, 299.86, 100, 74232, 72
2026/07/29 07:52:53.707, 295.20, 100, 74232, 72
2026/07/29 07:52:54.745, 300.41, 100, 74232, 72
2026/07/29 07:52:55.782, 301.98, 100, 74232, 72
2026/07/29 07:52:56.819, 299.28, 100, 74232, 72
2026/07/29 07:52:57.859, 301.29, 100, 74232, 72
2026/07/29 07:52:58.896, 300.04, 100, 74232, 72
2026/07/29 07:52:59.933, 300.66, 100, 74232, 72
2026/07/29 07:53:00.970, 301.44, 100, 74232, 72
2026/07/29 07:53:02.007, 302.73, 100, 74232, 72
2026/07/29 07:53:03.047, 298.02, 100, 74232, 72
2026/07/29 07:53:04.084, 301.21, 100, 74232, 72
2026/07/29 07:53:05.121, 300.42, 100, 74232, 72
2026/07/29 07:53:06.158, 292.20, 100, 74232, 72
2026/07/29 07:53:07.195, 292.69, 100, 74232, 72
2026/07/29 07:53:08.236, 292.96, 100, 74232, 72
2026/07/29 07:53:09.274, 292.39, 100, 74232, 72
2026/07/29 07:53:10.312, 296.55, 100, 74232, 72
2026/07/29 07:53:11.350, 301.22, 100, 74232, 72
2026/07/29 07:53:12.387, 301.40, 100, 74232, 72
2026/07/29 07:53:13.425, 300.61, 100, 74232, 72
2026/07/29 07:53:14.462, 294.71, 100, 74232, 72
2026/07/29 07:53:15.499, 291.21, 100, 74232, 72
2026/07/29 07:53:16.536, 289.18, 100, 74232, 72
2026/07/29 07:53:17.577, 294.50, 100, 74232, 72
2026/07/29 07:53:18.615, 295.20, 100, 74232, 72
2026/07/29 07:53:19.652, 297.24, 100, 74232, 72
2026/07/29 07:53:20.693, 294.71, 100, 74232, 72
2026/07/29 07:53:21.731, 300.13, 100, 74232, 72
2026/07/29 07:53:22.769, 298.76, 100, 74232, 72
2026/07/29 07:53:23.808, 296.26, 100, 74232, 72
2026/07/29 07:53:24.846, 300.16, 100, 74232, 72
2026/07/29 07:53:25.884, 302.16, 100, 74232, 72
2026/07/29 07:53:26.920, 301.58, 100, 74232, 72
2026/07/29 07:53:27.958, 299.36, 100, 74232, 72
2026/07/29 07:53:28.995, 301.58, 100, 74232, 72
2026/07/29 07:53:30.032, 298.79, 100, 74232, 72
2026/07/29 07:53:31.070, 301.47, 100, 74232, 72
2026/07/29 07:53:32.107, 299.46, 100, 74232, 72
2026/07/29 07:53:33.145, 300.03, 100, 74232, 72
2026/07/29 07:53:34.183, 299.85, 100, 74232, 72
2026/07/29 07:53:35.219, 295.39, 100, 74232, 72
2026/07/29 07:53:36.257, 291.41, 100, 74232, 72
2026/07/29 07:53:37.294, 293.06, 100, 74232, 72
2026/07/29 07:53:38.330, 295.60, 100, 74232, 72
2026/07/29 07:53:39.368, 299.36, 100, 74232, 72
2026/07/29 07:53:40.405, 300.99, 100, 74232, 72
2026/07/29 07:53:41.443, 295.89, 100, 74232, 72
2026/07/29 07:53:42.481, 299.43, 100, 74232, 72
2026/07/29 07:53:43.521, 299.64, 100, 74232, 72
2026/07/29 07:53:44.558, 302.25, 100, 74232, 72
2026/07/29 07:53:45.596, 301.38, 100, 74232, 72
2026/07/29 07:53:46.633, 300.92, 100, 74232, 72
2026/07/29 07:53:47.670, 299.63, 100, 74232, 72
2026/07/29 07:53:48.711, 297.92, 100, 74232, 72
2026/07/29 07:53:49.749, 302.09, 100, 74232, 72
2026/07/29 07:53:50.787, 298.99, 100, 74232, 72
2026/07/29 07:53:51.824, 291.31, 100, 74232, 72
2026/07/29 07:53:52.861, 298.89, 100, 74232, 72
2026/07/29 07:53:53.900, 299.54, 100, 74232, 72
2026/07/29 07:53:54.938, 294.71, 100, 74232, 72
2026/07/29 07:53:55.977, 292.10, 100, 74232, 72
2026/07/29 07:53:57.016, 292.17, 100, 74232, 72
2026/07/29 07:53:58.054, 287.54, 100, 74232, 72
2026/07/29 07:53:59.092, 290.96, 100, 74232, 72
2026/07/29 07:54:00.133, 287.43, 100, 74232, 72
2026/07/29 07:54:01.170, 298.72, 100, 74232, 72
2026/07/29 07:54:02.207, 300.42, 100, 74232, 72
2026/07/29 07:54:03.244, 306.93, 100, 74232, 72
2026/07/29 07:54:04.281, 299.94, 100, 74232, 72
2026/07/29 07:54:05.320, 299.74, 100, 74232, 72
2026/07/29 07:54:06.357, 300.43, 100, 74232, 72
2026/07/29 07:54:07.395, 300.12, 100, 74232, 72
2026/07/29 07:54:08.432, 305.55, 100, 74232, 72
2026/07/29 07:54:09.475, 303.18, 100, 74232, 72
2026/07/29 07:54:10.513, 298.58, 100, 74232, 72
2026/07/29 07:54:11.549, 305.98, 100, 74232, 72
2026/07/29 07:54:12.587, 299.34, 100, 74232, 72
2026/07/29 07:54:13.626, 298.01, 100, 74232, 72
2026/07/29 07:54:14.664, 299.46, 100, 74232, 72
2026/07/29 07:54:15.701, 298.09, 100, 74232, 72
2026/07/29 07:54:16.741, 299.82, 100, 74232, 72
2026/07/29 07:54:17.779, 307.74, 100, 74232, 72
2026/07/29 07:54:18.816, 302.95, 100, 74232, 72
2026/07/29 07:54:19.856, 299.99, 100, 74232, 72
2026/07/29 07:54:20.892, 306.13, 100, 74232, 72
2026/07/29 07:54:21.931, 297.33, 100, 74232, 72
2026/07/29 07:54:22.967, 300.36, 100, 74232, 72
2026/07/29 07:54:24.009, 291.33, 100, 74232, 72
2026/07/29 07:54:25.046, 291.71, 100, 74232, 72
2026/07/29 07:54:26.082, 295.45, 56, 74232, 73
2026/07/29 07:54:27.116, 306.75, 100, 74232, 73
2026/07/29 07:54:28.151, 302.28, 100, 74232, 73
2026/07/29 07:54:29.185, 297.14, 100, 74232, 74
2026/07/29 07:54:30.217, 286.77, 100, 74232, 73
2026/07/29 07:54:31.251, 282.15, 100, 74232, 73
2026/07/29 07:54:32.285, 300.16, 100, 74232, 72
2026/07/29 07:54:33.322, 300.23, 100, 74232, 72
2026/07/29 07:54:34.358, 301.28, 100, 74232, 72
2026/07/29 07:54:35.395, 298.87, 100, 74232, 72
2026/07/29 07:54:36.434, 301.10, 100, 74232, 72
2026/07/29 07:54:37.471, 300.65, 100, 74232, 72
2026/07/29 07:54:38.508, 302.27, 100, 74232, 72
2026/07/29 07:54:39.544, 300.70, 100, 74232, 72
2026/07/29 07:54:40.580, 301.20, 100, 74232, 72
2026/07/29 07:54:41.617, 99.18, 0, 74232, 69
2026/07/29 07:54:42.727, 304.96, 100, 74232, 74
2026/07/29 07:54:43.764, 297.44, 100, 74232, 74
2026/07/29 07:54:44.797, 282.75, 100, 74232, 73
2026/07/29 07:54:45.834, 269.86, 100, 74232, 73
2026/07/29 07:54:46.874, 268.88, 100, 74232, 74
2026/07/29 07:54:47.908, 257.83, 100, 74232, 72
2026/07/29 07:54:48.946, 292.79, 100, 74232, 72
2026/07/29 07:54:49.983, 293.16, 100, 74232, 72
2026/07/29 07:54:51.020, 294.14, 100, 74232, 72
2026/07/29 07:54:52.058, 262.38, 93, 74232, 72
2026/07/29 07:54:53.097, 290.35, 100, 74232, 72
2026/07/29 07:54:54.135, 290.35, 100, 74232, 72
2026/07/29 07:54:55.176, 299.94, 100, 74232, 72
2026/07/29 07:54:56.212, 299.93, 100, 74232, 72
2026/07/29 07:54:57.249, 299.55, 100, 74232, 72
2026/07/29 07:54:58.286, 301.39, 100, 74232, 72
2026/07/29 07:54:59.323, 299.83, 100, 74232, 72
2026/07/29 07:55:00.360, 299.46, 100, 74232, 72
2026/07/29 07:55:01.396, 302.19, 100, 74232, 72
2026/07/29 07:55:02.434, 302.72, 100, 74232, 72
2026/07/29 07:55:03.472, 301.99, 100, 74232, 72
2026/07/29 07:55:04.509, 300.06, 100, 74232, 72
2026/07/29 07:55:05.545, 299.72, 100, 74232, 72
2026/07/29 07:55:06.581, 300.14, 100, 74232, 72
2026/07/29 07:55:07.616, 301.40, 100, 74232, 72
2026/07/29 07:55:08.653, 302.07, 100, 74232, 72
2026/07/29 07:55:09.689, 302.09, 100, 74232, 72
2026/07/29 07:55:10.729, 299.65, 100, 74232, 72
2026/07/29 07:55:11.766, 301.71, 100, 74232, 72
2026/07/29 07:55:12.803, 301.96, 100, 74232, 72
2026/07/29 07:55:13.840, 302.39, 100, 74232, 72
2026/07/29 07:55:14.877, 289.18, 100, 74232, 72
2026/07/29 07:55:15.913, 293.66, 100, 74232, 72
2026/07/29 07:55:16.950, 300.89, 100, 74232, 72
2026/07/29 07:55:17.989, 292.67, 100, 74232, 72
2026/07/29 07:55:19.026, 292.20, 100, 74232, 72
2026/07/29 07:55:20.069, 292.96, 100, 74232, 72
2026/07/29 07:55:21.108, 300.73, 100, 74232, 72
2026/07/29 07:55:22.145, 301.25, 100, 74232, 72
2026/07/29 07:55:23.181, 296.73, 100, 74232, 72
2026/07/29 07:55:24.218, 299.93, 100, 74232, 72
2026/07/29 07:55:25.255, 300.34, 100, 74232, 72
2026/07/29 07:55:26.291, 301.21, 100, 74232, 72
2026/07/29 07:55:27.327, 300.92, 100, 74232, 72
2026/07/29 07:55:28.363, 298.76, 100, 74232, 72
2026/07/29 07:55:29.399, 299.56, 100, 74232, 72
2026/07/29 07:55:30.436, 302.35, 100, 74232, 72
2026/07/29 07:55:31.472, 300.90, 100, 74232, 72
2026/07/29 07:55:32.510, 300.08, 100, 74232, 72
2026/07/29 07:55:33.546, 299.73, 100, 74232, 72
2026/07/29 07:55:34.583, 301.38, 100, 74232, 72
2026/07/29 07:55:35.619, 301.48, 100, 74232, 72
2026/07/29 07:55:36.656, 300.74, 100, 74232, 72
2026/07/29 07:55:37.691, 300.03, 100, 74232, 72
2026/07/29 07:55:38.728, 300.44, 100, 74232, 72
2026/07/29 07:55:39.763, 299.54, 100, 74232, 72
2026/07/29 07:55:40.801, 300.43, 100, 74232, 72
2026/07/29 07:55:41.838, 298.80, 100, 74232, 72
2026/07/29 07:55:42.875, 294.22, 100, 74232, 72
2026/07/29 07:55:43.917, 296.96, 100, 74232, 72
2026/07/29 07:55:44.953, 289.96, 100, 74232, 72
2026/07/29 07:55:45.990, 291.42, 100, 74232, 72
2026/07/29 07:55:47.027, 289.27, 100, 74232, 72
2026/07/29 07:55:48.062, 298.01, 100, 74232, 72
2026/07/29 07:55:49.100, 299.93, 100, 74232, 72
2026/07/29 07:55:50.137, 303.85, 100, 74232, 72
2026/07/29 07:55:51.175, 300.61, 100, 74232, 72
2026/07/29 07:55:52.212, 299.16, 100, 74232, 72
2026/07/29 07:55:53.249, 302.30, 100, 74232, 72
2026/07/29 07:55:54.286, 300.23, 100, 74232, 72
2026/07/29 07:55:55.324, 299.05, 100, 74232, 72
2026/07/29 07:55:56.360, 301.22, 100, 74232, 72
2026/07/29 07:55:57.398, 299.37, 100, 74232, 72
2026/07/29 07:55:58.436, 300.42, 100, 74232, 72
2026/07/29 07:55:59.474, 302.45, 100, 74232, 72
2026/07/29 07:56:00.511, 300.02, 100, 74232, 72
2026/07/29 07:56:01.549, 299.54, 100, 74232, 72
2026/07/29 07:56:02.586, 302.17, 100, 74232, 72
2026/07/29 07:56:03.624, 300.81, 100, 74232, 72
2026/07/29 07:56:04.661, 300.73, 100, 74232, 72
2026/07/29 07:56:05.698, 299.95, 100, 74232, 72
2026/07/29 07:56:06.735, 299.19, 100, 74232, 72
2026/07/29 07:56:07.772, 301.87, 100, 74232, 72
2026/07/29 07:56:08.809, 300.79, 100, 74232, 72
2026/07/29 07:56:09.847, 306.62, 100, 74232, 72
2026/07/29 07:56:10.885, 299.09, 100, 74232, 72
2026/07/29 07:56:11.921, 299.74, 100, 74232, 72
2026/07/29 07:56:12.958, 299.36, 100, 74232, 72
2026/07/29 07:56:13.994, 300.61, 100, 74232, 72
2026/07/29 07:56:15.029, 300.72, 100, 74232, 72
2026/07/29 07:56:16.065, 301.08, 100, 74232, 72
2026/07/29 07:56:17.101, 301.23, 100, 74232, 72
2026/07/29 07:56:18.138, 282.11, 100, 74232, 73
2026/07/29 07:56:19.173, 284.44, 100, 74232, 74
2026/07/29 07:56:20.206, 293.34, 100, 74232, 74
2026/07/29 07:56:21.240, 276.11, 100, 74232, 74
2026/07/29 07:56:22.273, 270.94, 100, 74232, 74
2026/07/29 07:56:23.307, 300.95, 100, 74232, 72
2026/07/29 07:56:24.344, 296.76, 100, 74232, 72
2026/07/29 07:56:25.382, 298.96, 100, 74232, 72
2026/07/29 07:56:26.419, 300.23, 100, 74232, 72
2026/07/29 07:56:27.457, 300.52, 100, 74232, 72
2026/07/29 07:56:28.494, 301.29, 100, 74232, 72
2026/07/29 07:56:29.530, 300.91, 100, 74232, 72
2026/07/29 07:56:30.567, 301.66, 100, 74232, 72
2026/07/29 07:56:31.604, 301.74, 100, 74232, 72
2026/07/29 07:56:32.641, 300.72, 100, 74232, 72
2026/07/29 07:56:33.678, 290.43, 0, 74232, 73
2026/07/29 07:56:34.713, 300.13, 100, 74232, 73
2026/07/29 07:56:35.748, 304.08, 100, 74232, 73
2026/07/29 07:56:36.783, 286.37, 100, 74232, 73
2026/07/29 07:56:37.817, 320.44, 100, 74232, 74
2026/07/29 07:56:38.851, 305.38, 100, 74232, 73
2026/07/29 07:56:39.885, 299.92, 100, 74232, 72
2026/07/29 07:56:40.922, 300.26, 100, 74232, 72
2026/07/29 07:56:41.958, 302.92, 100, 74232, 72
2026/07/29 07:56:42.994, 300.07, 100, 74232, 72
2026/07/29 07:56:44.030, 301.30, 100, 74232, 74
2026/07/29 07:56:45.065, 304.97, 100, 74232, 74
2026/07/29 07:56:46.101, 307.86, 100, 74232, 74
2026/07/29 07:56:47.135, 302.54, 100, 74232, 74
2026/07/29 07:56:48.169, 292.88, 100, 74232, 74
2026/07/29 07:56:49.202, 314.98, 100, 74232, 74
2026/07/29 07:56:50.236, 321.44, 100, 74232, 74
2026/07/29 07:56:51.270, 301.86, 100, 74232, 72
2026/07/29 07:56:52.307, 303.50, 100, 74232, 72
2026/07/29 07:56:53.344, 295.10, 100, 74232, 72
2026/07/29 07:56:54.381, 294.25, 100, 74232, 72
2026/07/29 07:56:55.419, 294.34, 100, 74232, 72
2026/07/29 07:56:56.457, 294.23, 100, 74232, 73
2026/07/29 07:56:57.493, 294.91, 100, 74232, 73
2026/07/29 07:56:58.538, 297.44, 100, 74232, 73
2026/07/29 07:56:59.575, 308.07, 100, 74232, 73
2026/07/29 07:57:00.611, 303.21, 100, 74232, 73
2026/07/29 07:57:01.648, 302.88, 100, 74232, 73
2026/07/29 07:57:02.684, 310.99, 53, 74232, 74
2026/07/29 07:57:03.719, 295.48, 100, 74232, 74
2026/07/29 07:57:04.754, 296.27, 100, 74232, 74
2026/07/29 07:57:05.789, 317.35, 100, 74232, 74
2026/07/29 07:57:06.832, 305.99, 100, 74232, 74
2026/07/29 07:57:07.869, 294.25, 100, 74232, 74
2026/07/29 07:57:08.907, 279.80, 100, 74232, 74
2026/07/29 07:57:09.942, 302.83, 100, 74232, 72
2026/07/29 07:57:10.978, 303.15, 100, 74232, 72
2026/07/29 07:57:12.016, 302.29, 100, 74232, 72
2026/07/29 07:57:13.053, 302.62, 100, 74232, 72
2026/07/29 07:57:14.092, 301.57, 100, 74232, 72
2026/07/29 07:57:15.129, 302.55, 100, 74232, 72
2026/07/29 07:57:16.166, 309.65, 10, 74232, 73
2026/07/29 07:57:17.202, 292.31, 100, 74232, 74
2026/07/29 07:57:18.237, 287.71, 100, 74232, 74
2026/07/29 07:57:19.275, 302.34, 100, 74232, 74
2026/07/29 07:57:20.312, 269.98, 100, 74232, 74
2026/07/29 07:57:21.346, 297.73, 100, 74232, 74
2026/07/29 07:57:22.381, 290.31, 100, 74232, 74
2026/07/29 07:57:23.419, 302.56, 100, 74232, 72
2026/07/29 07:57:24.457, 301.40, 100, 74232, 72
2026/07/29 07:57:25.495, 300.60, 100, 74232, 72
2026/07/29 07:57:26.532, 301.24, 100, 74232, 72
2026/07/29 07:57:27.569, 295.95, 100, 74232, 74
2026/07/29 07:57:28.605, 302.56, 100, 74232, 72
2026/07/29 07:57:29.645, 295.67, 100, 74232, 72
2026/07/29 07:57:30.683, 293.36, 100, 74232, 72
2026/07/29 07:57:31.721, 294.61, 100, 74232, 72
2026/07/29 07:57:32.760, 297.92, 100, 74232, 73
2026/07/29 07:57:33.798, 293.45, 100, 74232, 73
2026/07/29 07:57:34.835, 293.54, 100, 74232, 72
2026/07/29 07:57:35.874, 294.51, 100, 74232, 72
2026/07/29 07:57:36.912, 296.07, 100, 74232, 72
2026/07/29 07:57:37.949, 293.38, 100, 74232, 72
2026/07/29 07:57:38.986, 293.45, 100, 74232, 72
2026/07/29 07:57:40.024, 294.14, 100, 74232, 73
2026/07/29 07:57:41.063, 299.84, 100, 74232, 73
2026/07/29 07:57:42.099, 302.38, 100, 74232, 73
2026/07/29 07:57:43.138, 301.57, 100, 74232, 73
2026/07/29 07:57:44.177, 300.41, 100, 74232, 73
2026/07/29 07:57:45.214, 302.24, 100, 74232, 72
2026/07/29 07:57:46.252, 302.64, 100, 74232, 72
2026/07/29 07:57:47.289, 299.25, 100, 74232, 72
2026/07/29 07:57:48.327, 300.03, 100, 74232, 72
2026/07/29 07:57:49.365, 300.62, 100, 74232, 72
2026/07/29 07:57:50.406, 300.90, 100, 74232, 72
2026/07/29 07:57:51.444, 302.24, 100, 74232, 72
2026/07/29 07:57:52.482, 300.90, 100, 74232, 72
2026/07/29 07:57:53.520, 302.45, 100, 74232, 72
2026/07/29 07:57:54.557, 301.59, 100, 74232, 72
2026/07/29 07:57:55.595, 302.17, 100, 74232, 72
2026/07/29 07:57:56.632, 302.35, 100, 74232, 72
2026/07/29 07:57:57.669, 301.10, 100, 74232, 72
2026/07/29 07:57:58.706, 300.34, 100, 74232, 72
2026/07/29 07:57:59.743, 300.71, 100, 74232, 72
2026/07/29 07:58:00.780, 302.09, 100, 74232, 72
2026/07/29 07:58:01.817, 300.31, 100, 74232, 72
2026/07/29 07:58:02.853, 300.44, 100, 74232, 72
2026/07/29 07:58:03.890, 302.64, 100, 74232, 72
2026/07/29 07:58:04.927, 299.66, 100, 74232, 72
2026/07/29 07:58:05.964, 302.69, 100, 74232, 72
2026/07/29 07:58:07.001, 298.96, 100, 74232, 72
2026/07/29 07:58:08.039, 300.12, 100, 74232, 72
2026/07/29 07:58:09.075, 300.00, 100, 74232, 72
2026/07/29 07:58:10.113, 300.50, 100, 74232, 72
2026/07/29 07:58:11.150, 299.00, 100, 74232, 72
2026/07/29 07:58:12.187, 301.89, 100, 74232, 72
2026/07/29 07:58:13.223, 299.92, 100, 74232, 72
2026/07/29 07:58:14.260, 298.47, 100, 74232, 72
2026/07/29 07:58:15.296, 301.13, 100, 74232, 72
2026/07/29 07:58:16.333, 298.95, 100, 74232, 72
2026/07/29 07:58:17.370, 293.06, 100, 74232, 72
2026/07/29 07:58:18.407, 300.62, 100, 74232, 72
2026/07/29 07:58:19.448, 294.70, 100, 74232, 72
2026/07/29 07:58:20.485, 292.58, 100, 74232, 72
2026/07/29 07:58:21.525, 291.30, 100, 74232, 72
2026/07/29 07:58:22.562, 293.83, 100, 74232, 72
2026/07/29 07:58:23.603, 299.45, 100, 74232, 72
2026/07/29 07:58:24.639, 297.90, 100, 74232, 72
2026/07/29 07:58:25.679, 301.05, 100, 74232, 72
2026/07/29 07:58:26.717, 299.92, 100, 74232, 72
2026/07/29 07:58:27.755, 302.85, 100, 74232, 72
2026/07/29 07:58:28.791, 301.52, 100, 74232, 72
2026/07/29 07:58:29.828, 299.20, 100, 74232, 72
2026/07/29 07:58:30.868, 297.65, 100, 74232, 72
2026/07/29 07:58:31.906, 296.17, 100, 74232, 72
2026/07/29 07:58:32.943, 297.34, 100, 74232, 72
2026/07/29 07:58:33.983, 288.49, 100, 74232, 72
2026/07/29 07:58:35.021, 291.69, 100, 74232, 72
2026/07/29 07:58:36.060, 293.95, 100, 74232, 72
2026/07/29 07:58:37.098, 291.99, 100, 74232, 72
2026/07/29 07:58:38.136, 288.69, 100, 74232, 72
2026/07/29 07:58:39.174, 288.42, 100, 74232, 72
2026/07/29 07:58:40.211, 299.54, 100, 74232, 72
2026/07/29 07:58:41.251, 296.54, 100, 74232, 72
2026/07/29 07:58:42.290, 299.00, 100, 74232, 72
2026/07/29 07:58:43.327, 299.66, 100, 74232, 72
2026/07/29 07:58:44.365, 299.46, 100, 74232, 72
2026/07/29 07:58:45.404, 298.59, 100, 74232, 72
2026/07/29 07:58:46.441, 301.10, 100, 74232, 72
2026/07/29 07:58:47.479, 300.92, 100, 74232, 72
2026/07/29 07:58:48.516, 298.29, 100, 74232, 72
2026/07/29 07:58:49.555, 298.49, 100, 74232, 72
2026/07/29 07:58:50.592, 301.10, 100, 74232, 72
2026/07/29 07:58:51.629, 300.51, 100, 74232, 72
2026/07/29 07:58:52.666, 300.23, 100, 74232, 72
2026/07/29 07:58:53.705, 299.39, 100, 74232, 72
2026/07/29 07:58:54.743, 300.90, 100, 74232, 72
2026/07/29 07:58:55.780, 300.34, 100, 74232, 72
2026/07/29 07:58:56.817, 299.84, 100, 74232, 72
2026/07/29 07:58:57.855, 297.62, 100, 74232, 72
2026/07/29 07:58:58.893, 295.77, 100, 74232, 72
2026/07/29 07:58:59.931, 300.32, 100, 74232, 72
2026/07/29 07:59:00.969, 301.42, 100, 74232, 72
2026/07/29 07:59:02.007, 299.08, 100, 74232, 72
2026/07/29 07:59:03.044, 299.94, 100, 74232, 72
2026/07/29 07:59:04.080, 301.80, 100, 74232, 72
2026/07/29 07:59:05.118, 301.16, 100, 74232, 72
2026/07/29 07:59:06.155, 301.39, 100, 74232, 72
2026/07/29 07:59:07.192, 300.45, 100, 74232, 72
2026/07/29 07:59:08.229, 299.73, 100, 74232, 72
2026/07/29 07:59:09.266, 300.81, 100, 74232, 72
2026/07/29 07:59:10.303, 300.85, 100, 74232, 72
2026/07/29 07:59:11.341, 300.41, 100, 74232, 72
2026/07/29 07:59:12.377, 300.24, 100, 74232, 72
2026/07/29 07:59:13.414, 300.81, 100, 74232, 72
2026/07/29 07:59:14.450, 302.30, 100, 74232, 72
2026/07/29 07:59:15.487, 301.29, 100, 74232, 72
2026/07/29 07:59:16.524, 301.18, 100, 74232, 72
2026/07/29 07:59:17.562, 301.67, 100, 74232, 72
2026/07/29 07:59:18.598, 300.25, 100, 74232, 72
2026/07/29 07:59:19.634, 298.10, 100, 74232, 72
2026/07/29 07:59:20.669, 300.02, 100, 74232, 72
2026/07/29 07:59:21.709, 301.11, 100, 74232, 72
2026/07/29 07:59:22.747, 289.28, 100, 74232, 72
2026/07/29 07:59:23.784, 288.87, 100, 74232, 72
2026/07/29 07:59:24.824, 288.52, 100, 74232, 72
2026/07/29 07:59:25.861, 294.29, 100, 74232, 72
2026/07/29 07:59:26.901, 293.27, 100, 74232, 72
2026/07/29 07:59:27.938, 292.06, 100, 74232, 72
2026/07/29 07:59:28.975, 292.87, 100, 74232, 72
2026/07/29 07:59:30.014, 300.11, 100, 74232, 72
2026/07/29 07:59:31.052, 299.15, 100, 74232, 72
2026/07/29 07:59:32.091, 302.18, 100, 74232, 72
2026/07/29 07:59:33.129, 307.34, 98, 74232, 74
2026/07/29 07:59:34.164, 299.50, 100, 74232, 74
2026/07/29 07:59:35.200, 296.86, 100, 74232, 74
2026/07/29 07:59:36.238, 267.52, 100, 74232, 73
2026/07/29 07:59:37.273, 290.25, 100, 74232, 74
2026/07/29 07:59:38.310, 282.28, 100, 74232, 73
2026/07/29 07:59:39.352, 283.48, 100, 74232, 72
2026/07/29 07:59:40.388, 301.29, 100, 74232, 72
2026/07/29 07:59:41.424, 292.67, 100, 74232, 72
2026/07/29 07:59:42.462, 300.80, 100, 74232, 72
2026/07/29 07:59:43.500, 98.70, 0, 74232, 69
2026/07/29 07:59:44.532, 306.65, 100, 74232, 74
2026/07/29 07:59:45.621, 288.98, 100, 74232, 73
2026/07/29 07:59:46.655, 289.59, 100, 74232, 73
2026/07/29 07:59:47.693, 275.61, 100, 74232, 74
2026/07/29 07:59:48.728, 248.62, 100, 74232, 73
2026/07/29 07:59:49.764, 309.91, 100, 74232, 74
2026/07/29 07:59:50.802, 301.61, 100, 74232, 72
2026/07/29 07:59:51.840, 300.51, 100, 74232, 72
2026/07/29 07:59:52.879, 301.77, 100, 74232, 72
2026/07/29 07:59:53.916, 100.10, 44, 74232, 70
2026/07/29 07:59:54.949, 294.92, 100, 74232, 74
2026/07/29 07:59:55.984, 287.20, 100, 74232, 74
2026/07/29 07:59:57.018, 293.56, 100, 74232, 74
2026/07/29 07:59:58.056, 288.58, 100, 74232, 74
2026/07/29 07:59:59.091, 303.72, 100, 74232, 74
2026/07/29 08:00:00.126, 269.92, 100, 74232, 74
2026/07/29 08:00:01.162, 301.03, 100, 74232, 72
2026/07/29 08:00:02.201, 305.36, 100, 74232, 72
2026/07/29 08:00:03.238, 300.82, 100, 74232, 72
2026/07/29 08:00:04.276, 301.71, 100, 74232, 72
2026/07/29 08:00:05.313, 289.36, 71, 74232, 74
2026/07/29 08:00:06.351, 307.27, 100, 74232, 74
2026/07/29 08:00:07.386, 297.59, 100, 74232, 74
2026/07/29 08:00:08.422, 309.61, 100, 74232, 75
2026/07/29 08:00:09.456, 309.52, 100, 74232, 75
2026/07/29 08:00:10.492, 261.75, 100, 74232, 74
2026/07/29 08:00:11.528, 301.88, 100, 74232, 75
2026/07/29 08:00:12.564, 303.54, 100, 74232, 73
2026/07/29 08:00:13.602, 303.06, 100, 74232, 73
2026/07/29 08:00:14.639, 303.49, 100, 74232, 73
2026/07/29 08:00:15.675, 302.92, 100, 74232, 73
2026/07/29 08:00:16.712, 302.56, 100, 74232, 73
2026/07/29 08:00:17.752, 303.22, 100, 74232, 73
2026/07/29 08:00:18.790, 295.50, 100, 74232, 73
2026/07/29 08:00:19.826, 292.78, 100, 74232, 73
2026/07/29 08:00:20.864, 291.80, 100, 74232, 73
2026/07/29 08:00:21.902, 295.38, 100, 74232, 73
2026/07/29 08:00:22.938, 97.05, 96, 74232, 71
2026/07/29 08:00:23.971, 305.23, 100, 74232, 75
2026/07/29 08:00:25.007, 299.26, 100, 74232, 75
2026/07/29 08:00:26.043, 290.50, 100, 74232, 75
2026/07/29 08:00:27.078, 306.78, 100, 74232, 75
2026/07/29 08:00:28.114, 316.81, 100, 74232, 75
2026/07/29 08:00:29.156, 294.21, 100, 74232, 74
2026/07/29 08:00:30.190, 316.01, 100, 74232, 75
2026/07/29 08:00:31.225, 302.26, 100, 74232, 73
2026/07/29 08:00:32.263, 302.87, 100, 74232, 73
2026/07/29 08:00:33.300, 291.04, 100, 74232, 73
2026/07/29 08:00:34.337, 295.40, 100, 74232, 73
2026/07/29 08:00:35.374, 295.48, 100, 74232, 74
2026/07/29 08:00:36.433, 303.30, 100, 74232, 74
2026/07/29 08:00:37.469, 291.48, 100, 74232, 74
2026/07/29 08:00:38.506, 315.73, 100, 74232, 74
2026/07/29 08:00:39.541, 322.51, 100, 74232, 75
2026/07/29 08:00:40.576, 292.58, 100, 74232, 75
2026/07/29 08:00:41.610, 292.09, 100, 74232, 74
2026/07/29 08:00:42.647, 304.31, 100, 74232, 73
2026/07/29 08:00:43.685, 302.88, 100, 74232, 73
2026/07/29 08:00:44.723, 304.32, 100, 74232, 73
2026/07/29 08:00:45.761, 302.35, 100, 74232, 73
2026/07/29 08:00:46.803, 99.28, 0, 74232, 69
2026/07/29 08:00:47.836, 277.28, 100, 74232, 74
2026/07/29 08:00:48.875, 277.29, 100, 74232, 74
2026/07/29 08:00:49.909, 303.63, 100, 74232, 74
2026/07/29 08:00:50.944, 278.16, 100, 74232, 74
2026/07/29 08:00:51.978, 306.59, 100, 74232, 74
2026/07/29 08:00:53.013, 301.22, 100, 74232, 74
2026/07/29 08:00:54.048, 299.35, 100, 74232, 73
2026/07/29 08:00:55.085, 300.04, 100, 74232, 73
2026/07/29 08:00:56.123, 299.87, 100, 74232, 73
2026/07/29 08:00:57.160, 294.91, 100, 74232, 73
2026/07/29 08:00:58.196, 97.74, 100, 74232, 71
2026/07/29 08:00:59.228, 291.92, 100, 74232, 75
2026/07/29 08:01:00.268, 290.06, 100, 74232, 75
2026/07/29 08:01:01.302, 301.61, 100, 74232, 75
2026/07/29 08:01:02.341, 286.48, 100, 74232, 75
2026/07/29 08:01:03.376, 274.99, 100, 74232, 75
2026/07/29 08:01:04.410, 285.65, 100, 74232, 75
2026/07/29 08:01:05.446, 262.84, 100, 74232, 73
2026/07/29 08:01:06.487, 284.63, 100, 74232, 73
2026/07/29 08:01:07.524, 284.62, 100, 74232, 73
2026/07/29 08:01:08.561, 289.59, 100, 74232, 73
2026/07/29 08:01:09.605, 288.49, 100, 74232, 73
2026/07/29 08:01:10.642, 296.06, 100, 74232, 73
2026/07/29 08:01:11.678, 295.50, 100, 74232, 73
2026/07/29 08:01:12.717, 295.86, 100, 74232, 73
2026/07/29 08:01:13.754, 101.10, 30, 74232, 74
2026/07/29 08:01:14.790, 297.42, 100, 74232, 73
2026/07/29 08:01:15.827, 302.43, 100, 74232, 73
2026/07/29 08:01:16.865, 302.84, 100, 74232, 73
2026/07/29 08:01:17.902, 301.46, 100, 74232, 73
2026/07/29 08:01:18.939, 302.38, 100, 74232, 73
2026/07/29 08:01:19.976, 300.52, 100, 74232, 73
2026/07/29 08:01:21.012, 302.76, 100, 74232, 73
2026/07/29 08:01:22.050, 301.92, 100, 74232, 73
2026/07/29 08:01:23.087, 300.60, 100, 74232, 73
2026/07/29 08:01:24.124, 300.60, 100, 74232, 73
2026/07/29 08:01:25.160, 300.60, 100, 74232, 73
2026/07/29 08:01:26.199, 302.83, 100, 74232, 73
2026/07/29 08:01:27.237, 302.24, 100, 74232, 73
2026/07/29 08:01:28.277, 293.83, 100, 74232, 73
2026/07/29 08:01:29.317, 300.68, 100, 74232, 73
2026/07/29 08:01:30.354, 296.07, 100, 74232, 73
2026/07/29 08:01:31.392, 294.72, 100, 74232, 73
2026/07/29 08:01:32.430, 292.96, 100, 74232, 73
2026/07/29 08:01:33.467, 293.65, 100, 74232, 73
2026/07/29 08:01:34.504, 295.30, 100, 74232, 73
2026/07/29 08:01:35.543, 293.25, 100, 74232, 73
2026/07/29 08:01:36.587, 293.64, 100, 74232, 73
2026/07/29 08:01:37.624, 301.40, 100, 74232, 73
2026/07/29 08:01:38.662, 302.27, 100, 74232, 73
2026/07/29 08:01:39.700, 300.75, 100, 74232, 73
2026/07/29 08:01:40.737, 301.48, 100, 74232, 73
2026/07/29 08:01:41.776, 301.38, 100, 74232, 73
2026/07/29 08:01:42.814, 300.98, 100, 74232, 73
2026/07/29 08:01:43.852, 302.64, 100, 74232, 73
2026/07/29 08:01:44.889, 301.76, 100, 74232, 73
2026/07/29 08:01:45.925, 299.94, 100, 74232, 73
2026/07/29 08:01:46.964, 303.01, 100, 74232, 73
2026/07/29 08:01:48.001, 301.79, 100, 74232, 73
2026/07/29 08:01:49.037, 300.60, 100, 74232, 73
2026/07/29 08:01:50.072, 302.24, 100, 74232, 73
2026/07/29 08:01:51.108, 302.66, 100, 74232, 73
2026/07/29 08:01:52.144, 304.67, 100, 74232, 73
2026/07/29 08:01:53.180, 301.03, 100, 74232, 73
2026/07/29 08:01:54.220, 301.87, 100, 74232, 73
2026/07/29 08:01:55.258, 301.48, 100, 74232, 72
2026/07/29 08:01:56.295, 302.15, 100, 74232, 72
2026/07/29 08:01:57.330, 292.67, 100, 74232, 72
2026/07/29 08:01:58.369, 291.91, 100, 74232, 72
2026/07/29 08:01:59.407, 289.58, 100, 74232, 72
2026/07/29 08:02:00.444, 295.77, 100, 74232, 72
2026/07/29 08:02:01.484, 300.17, 100, 74232, 72
2026/07/29 08:02:02.522, 292.67, 100, 74232, 72
2026/07/29 08:02:03.560, 294.62, 100, 74232, 72
2026/07/29 08:02:04.598, 301.72, 100, 74232, 72
2026/07/29 08:02:05.635, 297.23, 100, 74232, 72
2026/07/29 08:02:06.672, 299.08, 100, 74232, 72
2026/07/29 08:02:07.709, 301.39, 100, 74232, 72
2026/07/29 08:02:08.748, 301.41, 100, 74232, 72
2026/07/29 08:02:09.786, 301.01, 100, 74232, 72
2026/07/29 08:02:10.822, 300.51, 100, 74232, 72
2026/07/29 08:02:11.858, 302.00, 100, 74232, 72
2026/07/29 08:02:12.895, 302.49, 100, 74232, 72
2026/07/29 08:02:13.931, 302.53, 100, 74232, 72
2026/07/29 08:02:14.969, 303.70, 100, 74232, 72
2026/07/29 08:02:16.008, 301.68, 100, 74232, 72
2026/07/29 08:02:17.046, 301.98, 100, 74232, 72
2026/07/29 08:02:18.082, 294.13, 100, 74232, 72
2026/07/29 08:02:19.120, 293.16, 100, 74232, 72
2026/07/29 08:02:20.157, 293.17, 100, 74232, 72
2026/07/29 08:02:21.196, 296.04, 100, 74232, 72
2026/07/29 08:02:22.233, 291.92, 100, 74232, 72
2026/07/29 08:02:23.273, 296.14, 100, 74232, 72
2026/07/29 08:02:24.310, 301.12, 100, 74232, 72
2026/07/29 08:02:25.347, 301.00, 100, 74232, 72
2026/07/29 08:02:26.385, 298.78, 100, 74232, 72
2026/07/29 08:02:27.422, 300.83, 100, 74232, 72
2026/07/29 08:02:28.458, 300.91, 100, 74232, 72
2026/07/29 08:02:29.501, 292.98, 100, 74232, 72
2026/07/29 08:02:30.538, 295.78, 100, 74232, 72
2026/07/29 08:02:31.574, 292.57, 100, 74232, 72
2026/07/29 08:02:32.612, 296.30, 100, 74232, 72
2026/07/29 08:02:33.649, 300.11, 100, 74232, 72
2026/07/29 08:02:34.686, 299.63, 100, 74232, 72
2026/07/29 08:02:35.722, 300.70, 100, 74232, 72
2026/07/29 08:02:36.759, 301.49, 100, 74232, 72
2026/07/29 08:02:37.796, 299.64, 100, 74232, 72
2026/07/29 08:02:38.833, 301.53, 100, 74232, 74
2026/07/29 08:02:39.867, 300.17, 100, 74232, 74
2026/07/29 08:02:40.900, 286.65, 100, 74232, 74
2026/07/29 08:02:41.934, 289.47, 100, 74232, 74
2026/07/29 08:02:42.972, 296.42, 100, 74232, 74
2026/07/29 08:02:44.006, 311.35, 100, 74232, 74
2026/07/29 08:02:45.039, 296.21, 100, 74232, 73
2026/07/29 08:02:46.075, 302.08, 100, 74232, 72
2026/07/29 08:02:47.112, 302.16, 100, 74232, 72
2026/07/29 08:02:48.148, 302.28, 100, 74232, 72
2026/07/29 08:02:49.186, 290.06, 100, 74232, 72
2026/07/29 08:02:50.224, 291.88, 100, 74232, 72
2026/07/29 08:02:51.261, 295.98, 100, 74232, 72
2026/07/29 08:02:52.299, 294.61, 100, 74232, 72
2026/07/29 08:02:53.336, 294.59, 48, 74232, 74
2026/07/29 08:02:54.374, 304.27, 100, 74232, 74
2026/07/29 08:02:55.407, 302.14, 100, 74232, 74
2026/07/29 08:02:56.441, 300.71, 100, 74232, 74
2026/07/29 08:02:57.475, 320.56, 100, 74232, 74
2026/07/29 08:02:58.511, 286.62, 100, 74232, 74
2026/07/29 08:02:59.546, 316.68, 100, 74232, 74
2026/07/29 08:03:00.582, 302.65, 100, 74232, 72
2026/07/29 08:03:01.618, 301.48, 100, 74232, 72
2026/07/29 08:03:02.656, 301.68, 100, 74232, 72
2026/07/29 08:03:03.693, 302.35, 100, 74232, 73
2026/07/29 08:03:04.731, 97.33, 46, 74232, 70
2026/07/29 08:03:05.764, 294.61, 100, 74232, 72
2026/07/29 08:03:06.801, 301.66, 100, 74232, 73
2026/07/29 08:03:07.837, 303.31, 100, 74232, 73
2026/07/29 08:03:08.876, 300.26, 100, 74232, 73
2026/07/29 08:03:09.914, 300.93, 100, 74232, 73
2026/07/29 08:03:10.951, 300.05, 100, 74232, 73
2026/07/29 08:03:11.988, 301.38, 100, 74232, 73
2026/07/29 08:03:13.026, 292.76, 100, 74232, 73
2026/07/29 08:03:14.064, 299.54, 100, 74232, 73
2026/07/29 08:03:15.102, 295.78, 100, 74232, 73
2026/07/29 08:03:16.139, 291.03, 100, 74232, 73
2026/07/29 08:03:17.177, 290.28, 100, 74232, 73
2026/07/29 08:03:18.216, 290.52, 100, 74232, 73
2026/07/29 08:03:19.255, 295.79, 100, 74232, 73
2026/07/29 08:03:20.296, 292.29, 100, 74232, 73
2026/07/29 08:03:21.334, 294.22, 100, 74232, 73
2026/07/29 08:03:22.374, 303.01, 100, 74232, 73
2026/07/29 08:03:23.414, 300.90, 100, 74232, 73
2026/07/29 08:03:24.451, 303.45, 100, 74232, 73
2026/07/29 08:03:25.491, 298.11, 100, 74232, 72
2026/07/29 08:03:26.531, 296.94, 100, 74232, 72
2026/07/29 08:03:27.568, 300.22, 100, 74232, 73
2026/07/29 08:03:28.607, 295.50, 100, 74232, 73
2026/07/29 08:03:29.644, 305.36, 100, 74232, 73
2026/07/29 08:03:30.683, 301.28, 100, 74232, 73
2026/07/29 08:03:31.720, 301.76, 100, 74232, 73
2026/07/29 08:03:32.757, 297.14, 100, 74232, 72
2026/07/29 08:03:33.796, 300.82, 100, 74232, 73
2026/07/29 08:03:34.833, 302.34, 100, 74232, 72
2026/07/29 08:03:35.871, 301.09, 100, 74232, 73
2026/07/29 08:03:36.908, 301.96, 100, 74232, 73
2026/07/29 08:03:37.947, 299.64, 100, 74232, 72
2026/07/29 08:03:38.984, 300.03, 100, 74232, 72
2026/07/29 08:03:40.022, 301.17, 100, 74232, 72
2026/07/29 08:03:41.058, 300.64, 100, 74232, 72
2026/07/29 08:03:42.096, 300.89, 100, 74232, 72
2026/07/29 08:03:43.134, 291.61, 100, 74232, 72
2026/07/29 08:03:44.174, 288.49, 100, 74232, 72
2026/07/29 08:03:45.212, 293.25, 100, 74232, 72
2026/07/29 08:03:46.249, 297.79, 100, 74232, 72
2026/07/29 08:03:47.287, 298.29, 100, 74232, 72
2026/07/29 08:03:48.324, 302.45, 100, 74232, 72
2026/07/29 08:03:49.364, 301.01, 100, 74232, 72
2026/07/29 08:03:50.401, 301.76, 100, 74232, 72
2026/07/29 08:03:51.439, 303.52, 100, 74232, 72
2026/07/29 08:03:52.477, 302.72, 100, 74232, 72
2026/07/29 08:03:53.515, 299.65, 100, 74232, 72
2026/07/29 08:03:54.555, 301.46, 100, 74232, 72
2026/07/29 08:03:55.592, 301.86, 100, 74232, 72
2026/07/29 08:03:56.630, 300.60, 100, 74232, 72
2026/07/29 08:03:57.670, 300.72, 100, 74232, 72
2026/07/29 08:03:58.708, 300.43, 100, 74232, 72
2026/07/29 08:03:59.751, 302.83, 100, 74232, 72
2026/07/29 08:04:00.789, 301.59, 100, 74232, 72
2026/07/29 08:04:01.827, 300.41, 100, 74232, 72
2026/07/29 08:04:02.865, 303.97, 100, 74232, 72
2026/07/29 08:04:03.903, 302.65, 100, 74232, 72
2026/07/29 08:04:04.940, 301.00, 100, 74232, 72
2026/07/29 08:04:05.977, 301.09, 100, 74232, 72
2026/07/29 08:04:07.015, 300.33, 100, 74232, 72
2026/07/29 08:04:08.062, 294.98, 100, 74232, 72
2026/07/29 08:04:09.102, 300.12, 100, 74232, 72
2026/07/29 08:04:10.140, 301.36, 100, 74232, 72
2026/07/29 08:04:11.179, 302.78, 100, 74232, 72
2026/07/29 08:04:12.216, 300.93, 100, 74232, 72
2026/07/29 08:04:13.254, 301.40, 100, 74232, 72
2026/07/29 08:04:14.291, 301.97, 100, 74232, 72
2026/07/29 08:04:15.328, 300.43, 100, 74232, 72
2026/07/29 08:04:16.366, 303.21, 100, 74232, 72
2026/07/29 08:04:17.403, 295.50, 100, 74232, 72
2026/07/29 08:04:18.440, 293.54, 100, 74232, 72
2026/07/29 08:04:19.477, 300.05, 100, 74232, 72
2026/07/29 08:04:20.514, 295.67, 100, 74232, 72
2026/07/29 08:04:21.553, 293.16, 100, 74232, 72
2026/07/29 08:04:22.590, 291.90, 100, 74232, 72
2026/07/29 08:04:23.631, 292.77, 100, 74232, 72
2026/07/29 08:04:24.668, 301.31, 100, 74232, 72
2026/07/29 08:04:25.705, 300.93, 100, 74232, 72
2026/07/29 08:04:26.744, 300.91, 100, 74232, 72
2026/07/29 08:04:27.782, 302.07, 100, 74232, 72
2026/07/29 08:04:28.823, 300.80, 100, 74232, 72
2026/07/29 08:04:29.861, 300.22, 100, 74232, 72
2026/07/29 08:04:30.899, 299.95, 100, 74232, 72
2026/07/29 08:04:31.936, 300.04, 100, 74232, 72
2026/07/29 08:04:32.973, 299.73, 100, 74232, 72
2026/07/29 08:04:34.012, 299.05, 100, 74232, 72
2026/07/29 08:04:35.049, 300.52, 100, 74232, 72
2026/07/29 08:04:36.086, 299.66, 100, 74232, 72
2026/07/29 08:04:37.124, 301.57, 100, 74232, 72
2026/07/29 08:04:38.163, 299.48, 100, 74232, 72
2026/07/29 08:04:39.201, 301.31, 100, 74232, 72
2026/07/29 08:04:40.237, 292.56, 100, 74232, 72
2026/07/29 08:04:41.275, 303.20, 100, 74232, 74
2026/07/29 08:04:42.310, 303.51, 100, 74232, 74
2026/07/29 08:04:43.344, 299.46, 100, 74232, 74
2026/07/29 08:04:44.378, 299.86, 100, 74232, 74
2026/07/29 08:04:45.414, 260.75, 100, 74232, 74
2026/07/29 08:04:46.450, 307.75, 100, 74232, 74
2026/07/29 08:04:47.494, 301.18, 100, 74232, 72
2026/07/29 08:04:48.532, 301.03, 100, 74232, 72
2026/07/29 08:04:49.569, 300.81, 100, 74232, 72
2026/07/29 08:04:50.607, 300.73, 100, 74232, 72
2026/07/29 08:04:51.644, 301.51, 100, 74232, 72
2026/07/29 08:04:52.681, 298.31, 100, 74232, 74
2026/07/29 08:04:53.715, 299.14, 100, 74232, 74
2026/07/29 08:04:54.752, 306.89, 100, 74232, 74
2026/07/29 08:04:55.786, 324.79, 100, 74232, 74
2026/07/29 08:04:56.822, 317.90, 100, 74232, 74
2026/07/29 08:04:57.860, 304.82, 100, 74232, 74
2026/07/29 08:04:58.899, 303.07, 100, 74232, 72
2026/07/29 08:04:59.936, 301.20, 100, 74232, 73
2026/07/29 08:05:00.974, 302.18, 100, 74232, 73
2026/07/29 08:05:02.014, 302.92, 100, 74232, 73
2026/07/29 08:05:03.051, 297.34, 100, 74232, 74
2026/07/29 08:05:04.087, 304.39, 100, 74232, 74
2026/07/29 08:05:05.121, 300.11, 100, 74232, 74
2026/07/29 08:05:06.157, 275.97, 100, 74232, 74
2026/07/29 08:05:07.192, 284.05, 100, 74232, 75
2026/07/29 08:05:08.227, 302.01, 100, 74232, 75
2026/07/29 08:05:09.263, 302.58, 100, 74232, 73
2026/07/29 08:05:10.301, 301.68, 100, 74232, 73
2026/07/29 08:05:11.337, 302.55, 100, 74232, 73
2026/07/29 08:05:12.374, 299.77, 100, 74232, 73
2026/07/29 08:05:13.412, 316.21, 75, 74232, 74
2026/07/29 08:05:14.448, 294.42, 100, 74232, 75
2026/07/29 08:05:15.483, 292.28, 100, 74232, 75
2026/07/29 08:05:16.519, 302.75, 100, 74232, 75
2026/07/29 08:05:17.556, 297.85, 100, 74232, 75
2026/07/29 08:05:18.593, 304.30, 100, 74232, 75
2026/07/29 08:05:19.629, 321.29, 100, 74232, 75
2026/07/29 08:05:20.665, 303.25, 100, 74232, 73
2026/07/29 08:05:21.702, 303.99, 100, 74232, 73
2026/07/29 08:05:22.739, 304.82, 100, 74232, 73
2026/07/29 08:05:23.776, 299.36, 100, 74232, 73
2026/07/29 08:05:24.815, 302.95, 100, 74232, 73
2026/07/29 08:05:25.852, 298.41, 100, 74232, 73
2026/07/29 08:05:26.892, 298.98, 100, 74232, 73
2026/07/29 08:05:27.931, 295.69, 100, 74232, 73
2026/07/29 08:05:28.968, 296.45, 100, 74232, 73
2026/07/29 08:05:30.007, 297.92, 100, 74232, 73
2026/07/29 08:05:31.046, 295.87, 100, 74232, 73
2026/07/29 08:05:32.083, 299.82, 100, 74232, 75
2026/07/29 08:05:33.119, 289.99, 100, 74232, 75
2026/07/29 08:05:34.157, 292.46, 100, 74232, 75
2026/07/29 08:05:35.192, 295.77, 100, 74232, 75
2026/07/29 08:05:36.233, 277.38, 100, 74232, 75
2026/07/29 08:05:37.269, 304.14, 100, 74232, 75
2026/07/29 08:05:38.303, 287.45, 100, 74232, 73
2026/07/29 08:05:39.341, 288.62, 100, 74232, 73
2026/07/29 08:05:40.379, 284.23, 100, 74232, 73
2026/07/29 08:05:41.419, 292.09, 100, 74232, 73
2026/07/29 08:05:42.457, 292.50, 100, 74232, 73
2026/07/29 08:05:43.495, 295.98, 100, 74232, 73
2026/07/29 08:05:44.533, 297.60, 100, 74232, 73
2026/07/29 08:05:45.570, 295.29, 100, 74232, 73
2026/07/29 08:05:46.613, 297.02, 100, 74232, 73
2026/07/29 08:05:47.650, 296.47, 100, 74232, 73
2026/07/29 08:05:48.687, 296.94, 100, 74232, 73
2026/07/29 08:05:49.725, 302.66, 100, 74232, 73
2026/07/29 08:05:50.765, 297.02, 100, 74232, 73
2026/07/29 08:05:51.802, 293.36, 100, 74232, 73
2026/07/29 08:05:52.840, 292.49, 100, 74232, 73
2026/07/29 08:05:53.877, 292.87, 100, 74232, 73
2026/07/29 08:05:54.914, 295.76, 100, 74232, 73
2026/07/29 08:05:55.952, 295.59, 100, 74232, 73
2026/07/29 08:05:56.991, 296.74, 100, 74232, 73
2026/07/29 08:05:58.030, 303.73, 100, 74232, 73
2026/07/29 08:05:59.069, 299.15, 100, 74232, 73
2026/07/29 08:06:00.108, 99.70, 0, 74232, 70
2026/07/29 08:06:01.142, 301.60, 100, 74232, 74
2026/07/29 08:06:02.177, 300.07, 100, 74232, 74
2026/07/29 08:06:03.217, 301.84, 100, 74232, 74
2026/07/29 08:06:04.253, 297.68, 100, 74232, 74
2026/07/29 08:06:05.290, 306.82, 100, 74232, 74
2026/07/29 08:06:06.329, 323.44, 100, 74232, 74
2026/07/29 08:06:07.365, 291.62, 100, 74232, 73
2026/07/29 08:06:08.404, 301.58, 100, 74232, 72
2026/07/29 08:06:09.441, 302.44, 100, 74232, 72
2026/07/29 08:06:10.482, 291.21, 100, 74232, 72
2026/07/29 08:06:11.520, 303.06, 100, 74232, 73
2026/07/29 08:06:12.558, 294.53, 100, 74232, 73
2026/07/29 08:06:13.596, 295.38, 100, 74232, 73
2026/07/29 08:06:14.633, 295.00, 100, 74232, 73
2026/07/29 08:06:15.672, 301.01, 100, 74232, 73
2026/07/29 08:06:16.709, 302.57, 100, 74232, 73
2026/07/29 08:06:17.746, 302.03, 100, 74232, 73
2026/07/29 08:06:18.784, 304.08, 100, 74232, 73
2026/07/29 08:06:19.822, 302.26, 100, 74232, 73
2026/07/29 08:06:20.861, 298.70, 100, 74232, 73
2026/07/29 08:06:21.899, 302.86, 100, 74232, 73
2026/07/29 08:06:22.936, 257.43, 100, 74232, 72
2026/07/29 08:06:23.976, 296.37, 100, 74232, 73
2026/07/29 08:06:25.013, 293.94, 100, 74232, 73
2026/07/29 08:06:26.051, 289.75, 100, 74232, 72
2026/07/29 08:06:27.090, 292.66, 100, 74232, 73
2026/07/29 08:06:28.131, 292.65, 100, 74232, 72
2026/07/29 08:06:29.168, 294.22, 100, 74232, 72
2026/07/29 08:06:30.206, 293.55, 100, 74232, 73
2026/07/29 08:06:31.243, 297.32, 100, 74232, 73
2026/07/29 08:06:32.280, 298.03, 100, 74232, 73
2026/07/29 08:06:33.321, 301.91, 100, 74232, 73
2026/07/29 08:06:34.359, 301.87, 100, 74232, 73
2026/07/29 08:06:35.396, 301.68, 100, 74232, 73
2026/07/29 08:06:36.433, 300.42, 100, 74232, 73
2026/07/29 08:06:37.472, 301.57, 100, 74232, 73
2026/07/29 08:06:38.512, 301.33, 100, 74232, 73
2026/07/29 08:06:39.549, 300.02, 100, 74232, 73
2026/07/29 08:06:40.586, 301.08, 100, 74232, 73
2026/07/29 08:06:41.625, 301.12, 100, 74232, 73
2026/07/29 08:06:42.662, 299.63, 100, 74232, 73
2026/07/29 08:06:43.700, 300.53, 100, 74232, 73
2026/07/29 08:06:44.739, 304.01, 100, 74232, 73
2026/07/29 08:06:45.777, 302.92, 100, 74232, 73
2026/07/29 08:06:46.815, 293.17, 100, 74232, 72
2026/07/29 08:06:47.854, 299.64, 100, 74232, 72
2026/07/29 08:06:48.892, 298.01, 100, 74232, 72
2026/07/29 08:06:49.934, 294.21, 100, 74232, 72
2026/07/29 08:06:50.972, 292.96, 100, 74232, 72
2026/07/29 08:06:52.009, 293.16, 100, 74232, 72
2026/07/29 08:06:53.047, 301.76, 100, 74232, 72
2026/07/29 08:06:54.085, 300.99, 100, 74232, 73
2026/07/29 08:06:55.123, 294.81, 100, 74232, 72
2026/07/29 08:06:56.170, 293.82, 100, 74232, 72
2026/07/29 08:06:57.208, 302.73, 100, 74232, 73
2026/07/29 08:06:58.247, 303.54, 100, 74232, 73
2026/07/29 08:06:59.288, 302.14, 100, 74232, 72
2026/07/29 08:07:00.325, 293.05, 100, 74232, 72
2026/07/29 08:07:01.363, 294.10, 100, 74232, 72
2026/07/29 08:07:02.403, 290.45, 100, 74232, 72
2026/07/29 08:07:03.441, 293.06, 100, 74232, 72
2026/07/29 08:07:04.478, 293.56, 100, 74232, 72
2026/07/29 08:07:05.522, 293.05, 100, 74232, 72
2026/07/29 08:07:06.560, 299.63, 100, 74232, 72
2026/07/29 08:07:07.597, 294.50, 100, 74232, 72
2026/07/29 08:07:08.637, 299.54, 100, 74232, 72
2026/07/29 08:07:09.675, 300.64, 100, 74232, 72
2026/07/29 08:07:10.712, 301.73, 100, 74232, 72
2026/07/29 08:07:11.750, 300.82, 100, 74232, 72
2026/07/29 08:07:12.788, 300.80, 100, 74232, 72
2026/07/29 08:07:13.827, 300.31, 100, 74232, 72
2026/07/29 08:07:14.864, 301.51, 100, 74232, 72
2026/07/29 08:07:15.902, 294.11, 100, 74232, 72
2026/07/29 08:07:16.940, 293.96, 100, 74232, 72
2026/07/29 08:07:17.978, 294.30, 100, 74232, 72
2026/07/29 08:07:19.018, 292.67, 100, 74232, 72
2026/07/29 08:07:20.056, 294.98, 100, 74232, 72
2026/07/29 08:07:21.095, 292.86, 100, 74232, 72
2026/07/29 08:07:22.138, 300.23, 100, 74232, 72
2026/07/29 08:07:23.176, 298.84, 100, 74232, 72
2026/07/29 08:07:24.214, 300.61, 100, 74232, 72
2026/07/29 08:07:25.255, 300.34, 100, 74232, 72
2026/07/29 08:07:26.293, 300.79, 100, 74232, 72
2026/07/29 08:07:27.332, 300.82, 100, 74232, 72
2026/07/29 08:07:28.371, 295.58, 100, 74232, 72
2026/07/29 08:07:29.408, 293.55, 100, 74232, 72
2026/07/29 08:07:30.446, 290.83, 100, 74232, 72
2026/07/29 08:07:31.484, 294.32, 100, 74232, 72
2026/07/29 08:07:32.522, 292.02, 100, 74232, 72
2026/07/29 08:07:33.565, 294.22, 100, 74232, 72
2026/07/29 08:07:34.603, 298.82, 100, 74232, 72
2026/07/29 08:07:35.641, 300.72, 100, 74232, 72
2026/07/29 08:07:36.679, 301.18, 100, 74232, 72
2026/07/29 08:07:37.717, 299.08, 100, 74232, 72
2026/07/29 08:07:38.754, 301.96, 100, 74232, 72
2026/07/29 08:07:39.792, 301.62, 100, 74232, 72
2026/07/29 08:07:40.830, 300.61, 100, 74232, 72
2026/07/29 08:07:41.869, 301.19, 100, 74232, 72
2026/07/29 08:07:42.908, 300.68, 100, 74232, 72
2026/07/29 08:07:43.945, 300.12, 100, 74232, 72
2026/07/29 08:07:44.983, 301.81, 100, 74232, 72
2026/07/29 08:07:46.021, 300.80, 100, 74232, 72
2026/07/29 08:07:47.059, 300.89, 100, 74232, 72
2026/07/29 08:07:48.098, 299.94, 100, 74232, 72
2026/07/29 08:07:49.135, 300.23, 100, 74232, 72
2026/07/29 08:07:50.174, 299.87, 100, 74232, 72
2026/07/29 08:07:51.211, 301.67, 100, 74232, 72
2026/07/29 08:07:52.248, 301.84, 100, 74232, 72
2026/07/29 08:07:53.286, 300.83, 100, 74232, 72
2026/07/29 08:07:54.324, 300.25, 100, 74232, 72
2026/07/29 08:07:55.362, 301.39, 100, 74232, 72
2026/07/29 08:07:56.400, 301.97, 100, 74232, 72
2026/07/29 08:07:57.437, 301.11, 100, 74232, 72
2026/07/29 08:07:58.474, 302.19, 100, 74232, 72
2026/07/29 08:07:59.512, 302.27, 100, 74232, 72
2026/07/29 08:08:00.556, 301.40, 100, 74232, 72
2026/07/29 08:08:01.595, 290.16, 100, 74232, 72
2026/07/29 08:08:02.633, 300.97, 100, 74232, 74
2026/07/29 08:08:03.669, 294.15, 100, 74232, 74
2026/07/29 08:08:04.704, 291.99, 100, 74232, 74
2026/07/29 08:08:05.739, 295.70, 100, 74232, 74
2026/07/29 08:08:06.775, 289.46, 100, 74232, 74
2026/07/29 08:08:07.811, 319.17, 100, 74232, 74
2026/07/29 08:08:08.852, 300.80, 100, 74232, 72
2026/07/29 08:08:09.891, 303.24, 100, 74232, 72
2026/07/29 08:08:10.929, 301.49, 100, 74232, 72
2026/07/29 08:08:11.968, 302.85, 100, 74232, 72
2026/07/29 08:08:13.005, 301.51, 100, 74232, 72
2026/07/29 08:08:14.045, 302.51, 100, 74232, 72
2026/07/29 08:08:15.082, 302.63, 100, 74232, 72
2026/07/29 08:08:16.120, 301.86, 100, 74232, 72
2026/07/29 08:08:17.158, 301.88, 100, 74232, 73
2026/07/29 08:08:18.196, 301.87, 100, 74232, 73
2026/07/29 08:08:19.233, 302.64, 100, 74232, 73
2026/07/29 08:08:20.271, 301.37, 100, 74232, 73
2026/07/29 08:08:21.308, 301.67, 100, 74232, 72
2026/07/29 08:08:22.346, 303.89, 100, 74232, 73
2026/07/29 08:08:23.384, 301.77, 100, 74232, 72
2026/07/29 08:08:24.421, 294.70, 100, 74232, 72
2026/07/29 08:08:25.458, 293.56, 100, 74232, 72
2026/07/29 08:08:26.496, 294.23, 100, 74232, 72
2026/07/29 08:08:27.534, 292.49, 100, 74232, 72
2026/07/29 08:08:28.571, 290.54, 100, 74232, 72
2026/07/29 08:08:29.608, 295.67, 100, 74232, 72
2026/07/29 08:08:30.646, 296.44, 100, 74232, 72
2026/07/29 08:08:31.683, 294.42, 100, 74232, 72
2026/07/29 08:08:32.721, 296.36, 100, 74232, 72
2026/07/29 08:08:33.759, 294.42, 100, 74232, 72
2026/07/29 08:08:34.798, 297.03, 100, 74232, 72
2026/07/29 08:08:35.837, 294.81, 100, 74232, 72
2026/07/29 08:08:36.874, 294.99, 100, 74232, 72
2026/07/29 08:08:37.913, 294.81, 100, 74232, 72
2026/07/29 08:08:38.951, 294.34, 100, 74232, 72
2026/07/29 08:08:39.989, 299.47, 100, 74232, 72
2026/07/29 08:08:41.028, 300.41, 100, 74232, 72
2026/07/29 08:08:42.069, 301.20, 100, 74232, 72
2026/07/29 08:08:43.106, 301.98, 100, 74232, 72
2026/07/29 08:08:44.143, 302.10, 100, 74232, 72
2026/07/29 08:08:45.180, 303.64, 100, 74232, 72
2026/07/29 08:08:46.218, 301.10, 100, 74232, 72
2026/07/29 08:08:47.256, 298.69, 100, 74232, 72
2026/07/29 08:08:48.295, 297.03, 100, 74232, 72
2026/07/29 08:08:49.332, 303.12, 100, 74232, 72
2026/07/29 08:08:50.370, 303.81, 100, 74232, 72
2026/07/29 08:08:51.410, 298.67, 100, 74232, 72
2026/07/29 08:08:52.447, 301.81, 100, 74232, 72
2026/07/29 08:08:53.487, 301.85, 100, 74232, 72
2026/07/29 08:08:54.524, 301.23, 100, 74232, 72
2026/07/29 08:08:55.561, 301.31, 100, 74232, 72
2026/07/29 08:08:56.603, 297.71, 100, 74232, 72
2026/07/29 08:08:57.640, 297.43, 100, 74232, 72
2026/07/29 08:08:58.678, 290.06, 100, 74232, 72
2026/07/29 08:08:59.716, 297.53, 100, 74232, 72
2026/07/29 08:09:00.755, 98.45, 0, 74232, 69
2026/07/29 08:09:01.788, 289.49, 100, 74232, 74
2026/07/29 08:09:02.823, 291.02, 100, 74232, 74
2026/07/29 08:09:03.858, 293.56, 100, 74232, 74
2026/07/29 08:09:04.895, 288.01, 100, 74232, 74
2026/07/29 08:09:05.931, 268.15, 100, 74232, 73
2026/07/29 08:09:06.968, 309.97, 100, 74232, 74
2026/07/29 08:09:08.008, 301.90, 100, 74232, 72
2026/07/29 08:09:09.046, 302.45, 100, 74232, 72
2026/07/29 08:09:10.083, 301.29, 100, 74232, 72
2026/07/29 08:09:11.120, 301.46, 100, 74232, 72
2026/07/29 08:09:12.157, 301.48, 100, 74232, 72
2026/07/29 08:09:13.194, 295.37, 100, 74232, 74
2026/07/29 08:09:14.230, 298.00, 100, 74232, 74
2026/07/29 08:09:15.266, 294.31, 100, 74232, 74
2026/07/29 08:09:16.302, 294.88, 100, 74232, 74
2026/07/29 08:09:17.341, 294.10, 100, 74232, 74
2026/07/29 08:09:18.377, 280.71, 100, 74232, 74
2026/07/29 08:09:19.413, 302.16, 100, 74232, 73
2026/07/29 08:09:20.452, 305.16, 100, 74232, 72
2026/07/29 08:09:21.491, 302.07, 100, 74232, 73
2026/07/29 08:09:22.529, 302.18, 100, 74232, 73
2026/07/29 08:09:23.567, 305.83, 37, 74232, 74
2026/07/29 08:09:24.603, 288.15, 100, 74232, 74
2026/07/29 08:09:25.638, 313.91, 100, 74232, 75
2026/07/29 08:09:26.673, 287.54, 100, 74232, 74
2026/07/29 08:09:27.708, 316.58, 100, 74232, 75
2026/07/29 08:09:28.742, 290.43, 100, 74232, 74
2026/07/29 08:09:29.780, 321.12, 100, 74232, 74
2026/07/29 08:09:30.820, 302.00, 100, 74232, 73
2026/07/29 08:09:31.858, 304.10, 100, 74232, 73
2026/07/29 08:09:32.896, 302.83, 100, 74232, 73
2026/07/29 08:09:33.934, 303.46, 100, 74232, 73
2026/07/29 08:09:34.971, 306.42, 100, 74232, 73
2026/07/29 08:09:36.009, 303.36, 100, 74232, 73
2026/07/29 08:09:37.047, 302.56, 100, 74232, 73
2026/07/29 08:09:38.089, 304.11, 100, 74232, 73
2026/07/29 08:09:39.127, 297.52, 100, 74232, 73
2026/07/29 08:09:40.164, 295.60, 100, 74232, 73
2026/07/29 08:09:41.202, 297.04, 100, 74232, 73
2026/07/29 08:09:42.241, 295.50, 100, 74232, 73
2026/07/29 08:09:43.278, 295.77, 100, 74232, 73
2026/07/29 08:09:44.315, 298.88, 100, 74232, 73
2026/07/29 08:09:45.352, 296.85, 100, 74232, 73
2026/07/29 08:09:46.392, 298.10, 100, 74232, 73
2026/07/29 08:09:47.429, 297.40, 100, 74232, 73
2026/07/29 08:09:48.466, 291.89, 100, 74232, 73
2026/07/29 08:09:49.502, 295.67, 100, 74232, 73
2026/07/29 08:09:50.541, 296.84, 100, 74232, 73
2026/07/29 08:09:51.579, 295.00, 100, 74232, 73
2026/07/29 08:09:52.618, 294.12, 100, 74232, 73
2026/07/29 08:09:53.661, 295.21, 100, 74232, 73
2026/07/29 08:09:54.703, 304.26, 100, 74232, 73
2026/07/29 08:09:55.741, 298.96, 100, 74232, 73
2026/07/29 08:09:56.781, 298.00, 100, 74232, 73
2026/07/29 08:09:57.819, 301.96, 100, 74232, 73
2026/07/29 08:09:58.857, 303.32, 100, 74232, 73
2026/07/29 08:09:59.897, 305.88, 100, 74232, 73
2026/07/29 08:10:00.935, 302.06, 100, 74232, 73
2026/07/29 08:10:01.972, 302.26, 100, 74232, 73
2026/07/29 08:10:03.010, 302.64, 100, 74232, 73
2026/07/29 08:10:04.048, 301.77, 100, 74232, 73
2026/07/29 08:10:05.085, 99.04, 0, 74232, 69
2026/07/29 08:10:06.174, 294.91, 100, 74232, 74
2026/07/29 08:10:07.210, 296.23, 100, 74232, 74
2026/07/29 08:10:08.246, 297.11, 100, 74232, 74
2026/07/29 08:10:09.281, 310.53, 100, 74232, 74
2026/07/29 08:10:10.318, 297.49, 100, 74232, 74
2026/07/29 08:10:11.362, 299.55, 100, 74232, 74
2026/07/29 08:10:12.398, 303.96, 100, 74232, 74
2026/07/29 08:10:13.433, 300.75, 100, 74232, 72
2026/07/29 08:10:14.470, 300.81, 100, 74232, 72
2026/07/29 08:10:15.506, 302.20, 100, 74232, 72
2026/07/29 08:10:16.544, 294.90, 100, 74232, 72
2026/07/29 08:10:17.582, 299.83, 100, 74232, 72
2026/07/29 08:10:18.620, 294.99, 100, 74232, 72
2026/07/29 08:10:19.658, 295.96, 100, 74232, 72
2026/07/29 08:10:20.696, 294.14, 100, 74232, 72
2026/07/29 08:10:21.735, 291.23, 100, 74232, 72
2026/07/29 08:10:22.772, 303.38, 100, 74232, 74
2026/07/29 08:10:23.809, 299.72, 100, 74232, 72
2026/07/29 08:10:24.847, 302.36, 100, 74232, 72
2026/07/29 08:10:25.885, 292.09, 100, 74232, 72
2026/07/29 08:10:26.923, 295.97, 100, 74232, 72
2026/07/29 08:10:27.960, 299.74, 100, 74232, 72
2026/07/29 08:10:29.000, 302.38, 100, 74232, 72
2026/07/29 08:10:30.037, 298.21, 100, 74232, 72
2026/07/29 08:10:31.077, 292.18, 100, 74232, 72
2026/07/29 08:10:32.115, 294.30, 100, 74232, 72
2026/07/29 08:10:33.153, 289.87, 100, 74232, 72
2026/07/29 08:10:34.191, 289.29, 100, 74232, 72
2026/07/29 08:10:35.230, 290.84, 100, 74232, 72
2026/07/29 08:10:36.271, 295.51, 100, 74232, 72
2026/07/29 08:10:37.307, 300.15, 100, 74232, 72
2026/07/29 08:10:38.345, 293.36, 100, 74232, 72
2026/07/29 08:10:39.383, 293.37, 100, 74232, 72
2026/07/29 08:10:40.420, 299.12, 100, 74232, 72
2026/07/29 08:10:41.460, 293.47, 100, 74232, 72
2026/07/29 08:10:42.498, 300.34, 100, 74232, 72
2026/07/29 08:10:43.535, 302.43, 100, 74232, 72
2026/07/29 08:10:44.573, 300.64, 100, 74232, 72
2026/07/29 08:10:45.611, 300.32, 100, 74232, 72
2026/07/29 08:10:46.651, 302.14, 100, 74232, 72
2026/07/29 08:10:47.688, 300.14, 100, 74232, 72
2026/07/29 08:10:48.725, 303.51, 100, 74232, 72
2026/07/29 08:10:49.763, 294.33, 100, 74232, 72
2026/07/29 08:10:50.801, 301.75, 100, 74232, 72
2026/07/29 08:10:51.838, 299.95, 100, 74232, 72
2026/07/29 08:10:52.875, 302.15, 100, 74232, 72
2026/07/29 08:10:53.913, 301.49, 100, 74232, 72
2026/07/29 08:10:54.951, 302.65, 100, 74232, 72
2026/07/29 08:10:55.988, 293.55, 100, 74232, 72
2026/07/29 08:10:57.031, 301.47, 100, 74232, 72
2026/07/29 08:10:58.069, 299.53, 100, 74232, 72
2026/07/29 08:10:59.107, 295.39, 100, 74232, 72
2026/07/29 08:11:00.144, 289.40, 100, 74232, 72
2026/07/29 08:11:01.183, 294.41, 100, 74232, 72
2026/07/29 08:11:02.220, 293.73, 100, 74232, 72
2026/07/29 08:11:03.259, 292.87, 100, 74232, 72
2026/07/29 08:11:04.297, 300.06, 100, 74232, 72
2026/07/29 08:11:05.335, 297.99, 100, 74232, 72
2026/07/29 08:11:06.373, 305.72, 100, 74232, 72
2026/07/29 08:11:07.410, 300.41, 100, 74232, 72
2026/07/29 08:11:08.448, 302.35, 100, 74232, 72
2026/07/29 08:11:09.485, 303.34, 100, 74232, 72
2026/07/29 08:11:10.523, 300.34, 100, 74232, 72
2026/07/29 08:11:11.560, 301.09, 100, 74232, 72
2026/07/29 08:11:12.597, 300.02, 100, 74232, 72
2026/07/29 08:11:13.635, 299.93, 100, 74232, 72
2026/07/29 08:11:14.672, 300.99, 100, 74232, 72
2026/07/29 08:11:15.714, 293.36, 100, 74232, 72
2026/07/29 08:11:16.752, 300.71, 100, 74232, 72
2026/07/29 08:11:17.791, 299.64, 100, 74232, 72
2026/07/29 08:11:18.834, 297.99, 100, 74232, 72
2026/07/29 08:11:19.874, 300.42, 100, 74232, 72
2026/07/29 08:11:20.912, 292.39, 100, 74232, 72
2026/07/29 08:11:21.952, 295.11, 100, 74232, 72
2026/07/29 08:11:22.990, 288.81, 100, 74232, 72
2026/07/29 08:11:24.027, 295.48, 100, 74232, 72
2026/07/29 08:11:25.065, 300.71, 100, 74232, 72
2026/07/29 08:11:26.102, 298.11, 100, 74232, 72
2026/07/29 08:11:27.139, 301.66, 100, 74232, 72
2026/07/29 08:11:28.176, 298.77, 100, 74232, 72
2026/07/29 08:11:29.213, 301.52, 100, 74232, 72
2026/07/29 08:11:30.250, 289.39, 100, 74232, 72
2026/07/29 08:11:31.288, 296.98, 100, 74232, 72
2026/07/29 08:11:32.325, 293.54, 100, 74232, 72
2026/07/29 08:11:33.363, 292.66, 100, 74232, 72
2026/07/29 08:11:34.400, 299.64, 100, 74232, 72
2026/07/29 08:11:35.441, 296.95, 100, 74232, 72
2026/07/29 08:11:36.479, 301.31, 100, 74232, 72
2026/07/29 08:11:37.516, 300.22, 100, 74232, 72
2026/07/29 08:11:38.554, 301.68, 100, 74232, 72
2026/07/29 08:11:39.591, 301.12, 100, 74232, 72
2026/07/29 08:11:40.629, 300.89, 100, 74232, 72
2026/07/29 08:11:41.665, 300.24, 100, 74232, 72
2026/07/29 08:11:42.703, 302.48, 100, 74232, 72
2026/07/29 08:11:43.740, 301.49, 100, 74232, 72
2026/07/29 08:11:44.777, 300.54, 100, 74232, 72
2026/07/29 08:11:45.814, 301.67, 100, 74232, 72
2026/07/29 08:11:46.852, 301.68, 100, 74232, 72
2026/07/29 08:11:47.890, 302.14, 100, 74232, 72
2026/07/29 08:11:48.928, 302.61, 100, 74232, 72
2026/07/29 08:11:49.964, 299.64, 100, 74232, 72
2026/07/29 08:11:51.001, 296.56, 100, 74232, 72
2026/07/29 08:11:52.039, 299.65, 100, 74232, 72
2026/07/29 08:11:53.076, 301.12, 100, 74232, 72
2026/07/29 08:11:54.113, 300.69, 100, 74232, 72
2026/07/29 08:11:55.151, 313.45, 100, 74232, 74
2026/07/29 08:11:56.188, 299.07, 100, 74232, 74
2026/07/29 08:11:57.223, 287.62, 100, 74232, 74
2026/07/29 08:11:58.265, 296.09, 100, 74232, 74
2026/07/29 08:11:59.301, 312.11, 100, 74232, 74
2026/07/29 08:12:00.343, 294.31, 100, 74232, 74
2026/07/29 08:12:01.379, 283.24, 100, 74232, 74
2026/07/29 08:12:02.414, 300.32, 100, 74232, 72
2026/07/29 08:12:03.454, 300.89, 100, 74232, 72
2026/07/29 08:12:04.492, 291.19, 100, 74232, 72
2026/07/29 08:12:05.529, 299.86, 100, 74232, 72
2026/07/29 08:12:06.568, 300.08, 100, 74232, 72
2026/07/29 08:12:07.605, 300.91, 100, 74232, 72
2026/07/29 08:12:08.647, 293.75, 100, 74232, 72
2026/07/29 08:12:09.685, 311.20, 47, 74232, 74
2026/07/29 08:12:10.720, 296.54, 100, 74232, 74
2026/07/29 08:12:11.755, 285.50, 100, 74232, 74
2026/07/29 08:12:12.791, 310.71, 100, 74232, 74
2026/07/29 08:12:13.828, 275.10, 100, 74232, 74
2026/07/29 08:12:14.864, 320.73, 100, 74232, 75
2026/07/29 08:12:15.901, 292.04, 100, 74232, 74
2026/07/29 08:12:16.936, 301.42, 100, 74232, 73
2026/07/29 08:12:17.975, 302.17, 100, 74232, 72
2026/07/29 08:12:19.013, 300.51, 100, 74232, 72
2026/07/29 08:12:20.050, 302.29, 100, 74232, 73
2026/07/29 08:12:21.087, 302.91, 100, 74232, 73
2026/07/29 08:12:22.124, 302.65, 100, 74232, 73
2026/07/29 08:12:23.161, 302.45, 100, 74232, 73
2026/07/29 08:12:24.198, 301.50, 100, 74232, 73
2026/07/29 08:12:25.236, 98.68, 0, 74232, 69
2026/07/29 08:12:26.268, 296.81, 100, 74232, 74
2026/07/29 08:12:27.304, 294.75, 100, 74232, 74
2026/07/29 08:12:28.342, 283.00, 100, 74232, 74
2026/07/29 08:12:29.378, 296.16, 100, 74232, 74
2026/07/29 08:12:30.413, 295.61, 100, 74232, 74
2026/07/29 08:12:31.448, 309.04, 100, 74232, 74
2026/07/29 08:12:32.485, 293.65, 100, 74232, 74
2026/07/29 08:12:33.522, 297.70, 100, 74232, 72
2026/07/29 08:12:34.559, 290.85, 100, 74232, 72
2026/07/29 08:12:35.596, 295.67, 100, 74232, 72
2026/07/29 08:12:36.632, 294.43, 100, 74232, 72
2026/07/29 08:12:37.670, 259.72, 100, 74232, 72
2026/07/29 08:12:38.714, 294.99, 100, 74232, 72
2026/07/29 08:12:39.752, 297.20, 100, 74232, 72
2026/07/29 08:12:40.790, 292.00, 100, 74232, 72
2026/07/29 08:12:41.830, 294.22, 100, 74232, 72
2026/07/29 08:12:42.867, 294.22, 100, 74232, 73
2026/07/29 08:12:43.905, 299.78, 100, 74232, 73
2026/07/29 08:12:44.944, 298.58, 100, 74232, 73
2026/07/29 08:12:45.982, 300.52, 100, 74232, 73
2026/07/29 08:12:47.019, 301.86, 100, 74232, 73
2026/07/29 08:12:48.056, 300.34, 100, 74232, 73
2026/07/29 08:12:49.093, 300.44, 100, 74232, 73
2026/07/29 08:12:50.130, 301.29, 100, 74232, 73
2026/07/29 08:12:51.167, 301.86, 100, 74232, 73
2026/07/29 08:12:52.205, 304.23, 100, 74232, 73
2026/07/29 08:12:53.241, 303.51, 100, 74232, 73
2026/07/29 08:12:54.279, 299.28, 100, 74232, 73
2026/07/29 08:12:55.317, 302.96, 100, 74232, 73
2026/07/29 08:12:56.355, 302.94, 100, 74232, 73
2026/07/29 08:12:57.393, 300.60, 100, 74232, 73
2026/07/29 08:12:58.430, 299.73, 100, 74232, 73
2026/07/29 08:12:59.467, 300.65, 100, 74232, 73
2026/07/29 08:13:00.505, 301.86, 100, 74232, 73
2026/07/29 08:13:01.544, 301.17, 100, 74232, 73
2026/07/29 08:13:02.581, 301.19, 100, 74232, 73
2026/07/29 08:13:03.621, 300.99, 100, 74232, 73
2026/07/29 08:13:04.660, 303.04, 100, 74232, 73
2026/07/29 08:13:05.698, 300.35, 100, 74232, 73
2026/07/29 08:13:06.737, 296.66, 100, 74232, 73
2026/07/29 08:13:07.775, 301.62, 100, 74232, 73
2026/07/29 08:13:08.813, 301.76, 100, 74232, 73
2026/07/29 08:13:09.851, 294.64, 100, 74232, 73
2026/07/29 08:13:10.889, 293.33, 100, 74232, 73
2026/07/29 08:13:11.926, 294.43, 100, 74232, 73
2026/07/29 08:13:12.963, 301.54, 100, 74232, 73
2026/07/29 08:13:14.005, 301.48, 100, 74232, 73
2026/07/29 08:13:15.044, 300.98, 100, 74232, 72
2026/07/29 08:13:16.081, 289.38, 100, 74232, 72
2026/07/29 08:13:17.121, 294.21, 100, 74232, 72
2026/07/29 08:13:18.159, 295.21, 100, 74232, 72
2026/07/29 08:13:19.196, 290.07, 100, 74232, 72
2026/07/29 08:13:20.234, 289.01, 100, 74232, 72
2026/07/29 08:13:21.272, 296.46, 100, 74232, 72
2026/07/29 08:13:22.315, 302.65, 100, 74232, 73
2026/07/29 08:13:23.353, 300.70, 100, 74232, 73
2026/07/29 08:13:24.390, 301.11, 100, 74232, 73
2026/07/29 08:13:25.431, 301.13, 100, 74232, 73
2026/07/29 08:13:26.469, 296.84, 100, 74232, 72
2026/07/29 08:13:27.508, 298.28, 100, 74232, 72
2026/07/29 08:13:28.545, 300.12, 100, 74232, 73
2026/07/29 08:13:29.581, 301.85, 100, 74232, 73
2026/07/29 08:13:30.620, 302.36, 100, 74232, 73
2026/07/29 08:13:31.657, 300.53, 100, 74232, 73
2026/07/29 08:13:32.693, 302.27, 100, 74232, 73
2026/07/29 08:13:33.729, 302.53, 100, 74232, 73
2026/07/29 08:13:34.766, 301.03, 100, 74232, 73
2026/07/29 08:13:35.804, 300.13, 100, 74232, 73
2026/07/29 08:13:36.842, 302.82, 100, 74232, 73
2026/07/29 08:13:37.880, 302.33, 100, 74232, 72
2026/07/29 08:13:38.918, 301.48, 100, 74232, 73
2026/07/29 08:13:39.958, 299.96, 100, 74232, 73
2026/07/29 08:13:40.994, 297.82, 100, 74232, 72
2026/07/29 08:13:42.033, 294.11, 100, 74232, 72
2026/07/29 08:13:43.070, 296.06, 100, 74232, 72
2026/07/29 08:13:44.115, 294.91, 100, 74232, 72
2026/07/29 08:13:45.154, 293.54, 100, 74232, 72
2026/07/29 08:13:46.191, 293.25, 100, 74232, 72
2026/07/29 08:13:47.229, 292.96, 100, 74232, 72
2026/07/29 08:13:48.266, 298.58, 100, 74232, 72
2026/07/29 08:13:49.303, 301.47, 100, 74232, 72
2026/07/29 08:13:50.342, 300.03, 100, 74232, 72
2026/07/29 08:13:51.379, 304.28, 100, 74232, 72
2026/07/29 08:13:52.418, 300.83, 100, 74232, 72
2026/07/29 08:13:53.455, 301.49, 100, 74232, 72
2026/07/29 08:13:54.492, 300.13, 100, 74232, 72
2026/07/29 08:13:55.529, 301.19, 100, 74232, 72
2026/07/29 08:13:56.567, 299.86, 100, 74232, 72
2026/07/29 08:13:57.604, 301.57, 100, 74232, 72
2026/07/29 08:13:58.641, 302.17, 100, 74232, 72
2026/07/29 08:13:59.680, 300.89, 100, 74232, 72
2026/07/29 08:14:00.717, 300.64, 100, 74232, 72
2026/07/29 08:14:01.755, 300.63, 100, 74232, 72
2026/07/29 08:14:02.793, 302.02, 100, 74232, 72
2026/07/29 08:14:03.830, 301.14, 100, 74232, 72
2026/07/29 08:14:04.870, 301.48, 100, 74232, 72
2026/07/29 08:14:05.910, 300.93, 100, 74232, 72
2026/07/29 08:14:06.949, 300.22, 100, 74232, 72
2026/07/29 08:14:07.987, 288.61, 100, 74232, 72
2026/07/29 08:14:09.028, 289.37, 100, 74232, 72
2026/07/29 08:14:10.064, 290.43, 100, 74232, 72
2026/07/29 08:14:11.102, 294.22, 100, 74232, 72
2026/07/29 08:14:12.139, 293.55, 100, 74232, 72
2026/07/29 08:14:13.178, 300.58, 100, 74232, 72
2026/07/29 08:14:14.214, 293.65, 100, 74232, 72
2026/07/29 08:14:15.251, 290.93, 100, 74232, 72
2026/07/29 08:14:16.289, 302.79, 100, 74232, 72
2026/07/29 08:14:17.326, 301.27, 100, 74232, 72
2026/07/29 08:14:18.363, 296.94, 100, 74232, 72
2026/07/29 08:14:19.399, 300.83, 100, 74232, 72
2026/07/29 08:14:20.437, 300.12, 100, 74232, 72
2026/07/29 08:14:21.475, 300.70, 100, 74232, 72
2026/07/29 08:14:22.515, 293.93, 100, 74232, 72
2026/07/29 08:14:23.554, 299.19, 100, 74232, 72
2026/07/29 08:14:24.591, 294.81, 100, 74232, 72
2026/07/29 08:14:25.629, 300.82, 100, 74232, 72
2026/07/29 08:14:26.666, 289.95, 100, 74232, 72
2026/07/29 08:14:27.707, 300.89, 100, 74232, 74
2026/07/29 08:14:28.743, 298.40, 100, 74232, 74
2026/07/29 08:14:29.779, 284.43, 100, 74232, 74
2026/07/29 08:14:30.814, 286.28, 100, 74232, 74
2026/07/29 08:14:31.849, 314.48, 100, 74232, 74
2026/07/29 08:14:32.892, 282.37, 100, 74232, 74
2026/07/29 08:14:33.927, 302.21, 100, 74232, 72
2026/07/29 08:14:34.964, 301.28, 100, 74232, 72
2026/07/29 08:14:36.002, 298.02, 100, 74232, 72
2026/07/29 08:14:37.040, 299.10, 100, 74232, 72
2026/07/29 08:14:38.078, 300.56, 100, 74232, 72
2026/07/29 08:14:39.116, 302.45, 100, 74232, 73
2026/07/29 08:14:40.154, 382.61, 0, 74232, 73
2026/07/29 08:14:41.190, 291.80, 100, 74232, 74
2026/07/29 08:14:42.225, 290.06, 100, 74232, 74
2026/07/29 08:14:43.270, 307.93, 100, 74232, 74
2026/07/29 08:14:44.306, 277.34, 100, 74232, 74
2026/07/29 08:14:45.341, 324.17, 100, 74232, 74
2026/07/29 08:14:46.384, 273.38, 100, 74232, 72
2026/07/29 08:14:47.426, 283.36, 100, 74232, 72
2026/07/29 08:14:48.466, 293.85, 100, 74232, 72
2026/07/29 08:14:49.503, 293.83, 100, 74232, 72
2026/07/29 08:14:50.539, 98.96, 0, 74232, 69
2026/07/29 08:14:51.573, 309.79, 100, 74232, 74
2026/07/29 08:14:52.608, 312.36, 100, 74232, 74
2026/07/29 08:14:53.642, 292.87, 100, 74232, 74
2026/07/29 08:14:54.680, 295.85, 100, 74232, 74
2026/07/29 08:14:55.716, 313.98, 100, 74232, 74
2026/07/29 08:14:56.752, 299.72, 100, 74232, 74
2026/07/29 08:14:57.789, 302.05, 100, 74232, 73
2026/07/29 08:14:58.827, 301.78, 100, 74232, 73
2026/07/29 08:14:59.865, 291.05, 100, 74232, 73
2026/07/29 08:15:00.903, 294.72, 100, 74232, 73
2026/07/29 08:15:01.940, 295.30, 100, 74232, 75
2026/07/29 08:15:02.976, 295.58, 100, 74232, 75
2026/07/29 08:15:04.012, 307.01, 100, 74232, 75
2026/07/29 08:15:05.049, 317.77, 100, 74232, 75
2026/07/29 08:15:06.090, 291.13, 100, 74232, 75
2026/07/29 08:15:07.126, 323.48, 100, 74232, 75
2026/07/29 08:15:08.162, 302.48, 100, 74232, 73
2026/07/29 08:15:09.200, 293.15, 100, 74232, 73
2026/07/29 08:15:10.236, 291.52, 100, 74232, 73
2026/07/29 08:15:11.273, 296.36, 100, 74232, 73
2026/07/29 08:15:12.313, 299.16, 100, 74232, 73
2026/07/29 08:15:13.351, 295.88, 100, 74232, 73
2026/07/29 08:15:14.392, 297.33, 100, 74232, 73
2026/07/29 08:15:15.429, 295.19, 100, 74232, 73
2026/07/29 08:15:16.468, 295.95, 100, 74232, 73
2026/07/29 08:15:17.506, 297.52, 100, 74232, 73
2026/07/29 08:15:18.545, 295.68, 100, 74232, 73
2026/07/29 08:15:19.582, 300.13, 100, 74232, 73
2026/07/29 08:15:20.619, 302.35, 100, 74232, 73
2026/07/29 08:15:21.657, 295.97, 100, 74232, 73
2026/07/29 08:15:22.696, 293.95, 100, 74232, 73
2026/07/29 08:15:23.735, 294.23, 100, 74232, 73
2026/07/29 08:15:24.780, 295.28, 100, 74232, 73
2026/07/29 08:15:25.817, 295.88, 100, 74232, 73
2026/07/29 08:15:26.854, 294.79, 100, 74232, 73
2026/07/29 08:15:27.892, 298.30, 100, 74232, 73
2026/07/29 08:15:28.928, 297.60, 100, 74232, 73
2026/07/29 08:15:29.966, 301.48, 100, 74232, 73
2026/07/29 08:15:31.003, 290.93, 100, 74232, 73
2026/07/29 08:15:32.040, 304.96, 100, 74232, 73
2026/07/29 08:15:33.078, 300.45, 100, 74232, 73
2026/07/29 08:15:34.114, 304.94, 100, 74232, 73
2026/07/29 08:15:35.153, 301.47, 100, 74232, 73
2026/07/29 08:15:36.189, 300.90, 100, 74232, 73
2026/07/29 08:15:37.225, 301.40, 100, 74232, 73
2026/07/29 08:15:38.261, 301.33, 100, 74232, 73
2026/07/29 08:15:39.299, 300.03, 100, 74232, 73
2026/07/29 08:15:40.337, 303.26, 100, 74232, 73
2026/07/29 08:15:41.374, 302.64, 100, 74232, 73
2026/07/29 08:15:42.413, 300.33, 100, 74232, 73
2026/07/29 08:15:43.449, 302.14, 100, 74232, 73
2026/07/29 08:15:44.487, 301.47, 100, 74232, 73
2026/07/29 08:15:45.525, 304.18, 100, 74232, 73
2026/07/29 08:15:46.561, 301.90, 100, 74232, 73
2026/07/29 08:15:47.598, 300.25, 100, 74232, 73
2026/07/29 08:15:48.636, 300.92, 100, 74232, 73
2026/07/29 08:15:49.676, 300.94, 100, 74232, 73
2026/07/29 08:15:50.713, 301.50, 100, 74232, 73
2026/07/29 08:15:51.752, 300.13, 100, 74232, 73
2026/07/29 08:15:52.790, 301.00, 100, 74232, 72
2026/07/29 08:15:53.827, 299.05, 100, 74232, 72
2026/07/29 08:15:54.865, 294.04, 100, 74232, 72
2026/07/29 08:15:55.902, 295.59, 100, 74232, 72
2026/07/29 08:15:56.940, 300.80, 100, 74232, 72
2026/07/29 08:15:57.978, 301.42, 100, 74232, 72
2026/07/29 08:15:59.015, 300.44, 100, 74232, 72
2026/07/29 08:16:00.053, 301.76, 100, 74232, 72
2026/07/29 08:16:01.097, 304.18, 100, 74232, 72
2026/07/29 08:16:02.135, 288.02, 100, 74232, 72
2026/07/29 08:16:03.172, 291.90, 100, 74232, 72
2026/07/29 08:16:04.213, 294.22, 100, 74232, 72
2026/07/29 08:16:05.252, 292.48, 100, 74232, 72
2026/07/29 08:16:06.290, 292.48, 100, 74232, 72
2026/07/29 08:16:07.331, 291.32, 100, 74232, 72
2026/07/29 08:16:08.369, 293.43, 100, 74232, 72
2026/07/29 08:16:09.405, 301.67, 100, 74232, 72
2026/07/29 08:16:10.443, 298.77, 100, 74232, 72
2026/07/29 08:16:11.480, 300.25, 100, 74232, 72
2026/07/29 08:16:12.518, 298.20, 100, 74232, 72
2026/07/29 08:16:13.557, 295.87, 100, 74232, 72
2026/07/29 08:16:14.594, 299.76, 100, 74232, 72
2026/07/29 08:16:15.632, 301.13, 100, 74232, 72
2026/07/29 08:16:16.669, 300.80, 100, 74232, 72
2026/07/29 08:16:17.706, 301.38, 100, 74232, 72
2026/07/29 08:16:18.743, 301.80, 100, 74232, 72
2026/07/29 08:16:19.783, 300.42, 100, 74232, 72
2026/07/29 08:16:20.822, 299.68, 100, 74232, 72
2026/07/29 08:16:21.859, 301.20, 100, 74232, 72
2026/07/29 08:16:22.897, 299.66, 100, 74232, 72
2026/07/29 08:16:23.935, 302.00, 100, 74232, 72
2026/07/29 08:16:24.972, 302.07, 100, 74232, 72
2026/07/29 08:16:26.010, 300.13, 100, 74232, 72
2026/07/29 08:16:27.046, 300.11, 100, 74232, 72
2026/07/29 08:16:28.085, 300.60, 100, 74232, 72
2026/07/29 08:16:29.122, 300.81, 100, 74232, 72
2026/07/29 08:16:30.160, 299.45, 100, 74232, 72
2026/07/29 08:16:31.197, 299.93, 100, 74232, 72
2026/07/29 08:16:32.238, 301.56, 100, 74232, 72
2026/07/29 08:16:33.276, 300.90, 100, 74232, 72
2026/07/29 08:16:34.314, 293.55, 100, 74232, 72
2026/07/29 08:16:35.355, 294.81, 100, 74232, 72
2026/07/29 08:16:36.393, 291.68, 100, 74232, 72
2026/07/29 08:16:37.430, 300.30, 100, 74232, 72
2026/07/29 08:16:38.471, 294.71, 100, 74232, 72
2026/07/29 08:16:39.508, 297.15, 100, 74232, 72
2026/07/29 08:16:40.545, 296.16, 100, 74232, 72
2026/07/29 08:16:41.583, 299.44, 100, 74232, 72
2026/07/29 08:16:42.620, 300.40, 100, 74232, 72
2026/07/29 08:16:43.658, 301.58, 100, 74232, 72
2026/07/29 08:16:44.695, 299.27, 100, 74232, 72
2026/07/29 08:16:45.733, 301.08, 100, 74232, 72
2026/07/29 08:16:46.770, 300.13, 100, 74232, 72
2026/07/29 08:16:47.806, 300.61, 100, 74232, 72
2026/07/29 08:16:48.846, 306.93, 100, 74232, 74
2026/07/29 08:16:49.881, 298.18, 100, 74232, 74
2026/07/29 08:16:50.920, 299.15, 100, 74232, 74
2026/07/29 08:16:51.955, 275.38, 100, 74232, 74
2026/07/29 08:16:52.990, 293.55, 100, 74232, 74
2026/07/29 08:16:54.030, 251.74, 100, 74232, 73
2026/07/29 08:16:55.065, 302.96, 100, 74232, 72
2026/07/29 08:16:56.102, 301.52, 100, 74232, 72
2026/07/29 08:16:57.139, 301.10, 100, 74232, 72
2026/07/29 08:16:58.177, 301.23, 100, 74232, 72
2026/07/29 08:16:59.214, 302.05, 100, 74232, 72
2026/07/29 08:17:00.253, 301.59, 100, 74232, 72
2026/07/29 08:17:01.290, 301.49, 100, 74232, 72
2026/07/29 08:17:02.328, 299.20, 100, 74232, 72
2026/07/29 08:17:03.365, 98.68, 0, 74232, 69
2026/07/29 08:17:04.398, 302.05, 100, 74232, 74
2026/07/29 08:17:05.435, 290.32, 100, 74232, 74
2026/07/29 08:17:06.471, 292.09, 100, 74232, 74
2026/07/29 08:17:07.506, 290.66, 100, 74232, 74
2026/07/29 08:17:08.542, 251.97, 100, 74232, 74
2026/07/29 08:17:09.580, 289.18, 100, 74232, 74
2026/07/29 08:17:10.617, 293.85, 100, 74232, 72
2026/07/29 08:17:11.656, 293.64, 100, 74232, 72
2026/07/29 08:17:12.694, 300.54, 100, 74232, 72
2026/07/29 08:17:13.731, 303.53, 100, 74232, 72
2026/07/29 08:17:14.769, 301.49, 100, 74232, 72
2026/07/29 08:17:15.809, 301.40, 100, 74232, 73
2026/07/29 08:17:16.849, 303.72, 100, 74232, 73
2026/07/29 08:17:17.887, 301.47, 100, 74232, 73
2026/07/29 08:17:18.927, 294.86, 0, 74232, 73
2026/07/29 08:17:19.963, 284.54, 100, 74232, 74
2026/07/29 08:17:20.998, 281.55, 100, 74232, 74
2026/07/29 08:17:22.033, 290.83, 100, 74232, 74
2026/07/29 08:17:23.068, 305.23, 100, 74232, 74
2026/07/29 08:17:24.107, 288.31, 100, 74232, 74
2026/07/29 08:17:25.142, 275.01, 100, 74232, 74
2026/07/29 08:17:26.178, 302.05, 100, 74232, 72
2026/07/29 08:17:27.215, 302.67, 100, 74232, 72
2026/07/29 08:17:28.253, 301.66, 100, 74232, 72
2026/07/29 08:17:29.289, 305.43, 100, 74232, 73
2026/07/29 08:17:30.325, 302.35, 100, 74232, 73
2026/07/29 08:17:31.361, 303.06, 100, 74232, 73
2026/07/29 08:17:32.398, 302.26, 100, 74232, 73
2026/07/29 08:17:33.434, 302.45, 100, 74232, 73
2026/07/29 08:17:34.471, 300.80, 49, 74232, 74
2026/07/29 08:17:35.508, 292.76, 100, 74232, 75
2026/07/29 08:17:36.543, 293.84, 100, 74232, 75
2026/07/29 08:17:37.579, 289.56, 100, 74232, 75
2026/07/29 08:17:38.617, 297.43, 100, 74232, 75
2026/07/29 08:17:39.653, 312.71, 100, 74232, 75
2026/07/29 08:17:40.693, 308.73, 100, 74232, 75
2026/07/29 08:17:41.728, 301.96, 100, 74232, 73
2026/07/29 08:17:42.766, 298.47, 100, 74232, 73
2026/07/29 08:17:43.803, 301.98, 100, 74232, 73
2026/07/29 08:17:44.841, 303.35, 100, 74232, 73
2026/07/29 08:17:45.877, 302.64, 100, 74232, 71
2026/07/29 08:17:46.910, 301.67, 100, 74232, 73
2026/07/29 08:17:47.948, 301.46, 100, 74232, 73
2026/07/29 08:17:48.985, 299.54, 100, 74232, 73
2026/07/29 08:17:50.023, 301.71, 100, 74232, 73
2026/07/29 08:17:51.061, 303.71, 100, 74232, 73
2026/07/29 08:17:52.098, 302.62, 100, 74232, 73
2026/07/29 08:17:53.135, 300.21, 100, 74232, 73
2026/07/29 08:17:54.174, 302.66, 100, 74232, 73
2026/07/29 08:17:55.212, 301.10, 100, 74232, 73
2026/07/29 08:17:56.251, 305.24, 100, 74232, 73
2026/07/29 08:17:57.289, 303.11, 100, 74232, 73
2026/07/29 08:17:58.327, 301.70, 100, 74232, 73
2026/07/29 08:17:59.364, 303.02, 100, 74232, 73
2026/07/29 08:18:00.401, 303.24, 100, 74232, 73
2026/07/29 08:18:01.439, 300.70, 100, 74232, 73
2026/07/29 08:18:02.477, 303.33, 100, 74232, 73
2026/07/29 08:18:03.515, 301.75, 100, 74232, 73
2026/07/29 08:18:04.553, 301.50, 100, 74232, 73
2026/07/29 08:18:05.594, 295.09, 100, 74232, 73
2026/07/29 08:18:06.632, 292.10, 100, 74232, 72
2026/07/29 08:18:07.670, 290.75, 100, 74232, 72
2026/07/29 08:18:08.710, 292.39, 100, 74232, 72
2026/07/29 08:18:09.747, 301.80, 100, 74232, 72
2026/07/29 08:18:10.785, 297.05, 100, 74232, 72
2026/07/29 08:18:11.822, 293.14, 100, 74232, 72
2026/07/29 08:18:12.860, 304.00, 100, 74232, 72
2026/07/29 08:18:13.899, 292.57, 100, 74232, 72
2026/07/29 08:18:14.936, 292.67, 100, 74232, 72
2026/07/29 08:18:15.974, 301.69, 100, 74232, 72
2026/07/29 08:18:17.011, 300.44, 100, 74232, 72
2026/07/29 08:18:18.048, 303.32, 100, 74232, 72
2026/07/29 08:18:19.085, 301.08, 100, 74232, 72
2026/07/29 08:18:20.123, 300.04, 100, 74232, 72
2026/07/29 08:18:21.160, 303.80, 100, 74232, 72
2026/07/29 08:18:22.197, 300.04, 100, 74232, 72
2026/07/29 08:18:23.236, 301.59, 100, 74232, 72
2026/07/29 08:18:24.274, 301.96, 100, 74232, 72
2026/07/29 08:18:25.312, 299.56, 100, 74232, 72
2026/07/29 08:18:26.350, 299.44, 100, 74232, 72
2026/07/29 08:18:27.388, 301.67, 100, 74232, 72
2026/07/29 08:18:28.426, 301.23, 100, 74232, 72
2026/07/29 08:18:29.463, 299.92, 100, 74232, 72
2026/07/29 08:18:30.503, 300.92, 100, 74232, 72
2026/07/29 08:18:31.541, 301.09, 100, 74232, 72
2026/07/29 08:18:32.578, 294.61, 100, 74232, 72
2026/07/29 08:18:33.614, 299.54, 100, 74232, 72
2026/07/29 08:18:34.651, 294.98, 100, 74232, 72
2026/07/29 08:18:35.689, 302.63, 100, 74232, 72
2026/07/29 08:18:36.729, 295.09, 100, 74232, 72
2026/07/29 08:18:37.768, 303.61, 100, 74232, 72
2026/07/29 08:18:38.806, 301.77, 100, 74232, 72
2026/07/29 08:18:39.843, 299.18, 100, 74232, 72
2026/07/29 08:18:40.880, 302.32, 100, 74232, 72
2026/07/29 08:18:41.917, 301.38, 100, 74232, 72
2026/07/29 08:18:42.955, 289.09, 100, 74232, 72
2026/07/29 08:18:43.992, 293.36, 100, 74232, 72
2026/07/29 08:18:45.031, 291.60, 100, 74232, 72
2026/07/29 08:18:46.068, 300.45, 100, 74232, 72
2026/07/29 08:18:47.104, 300.17, 100, 74232, 72
2026/07/29 08:18:48.143, 297.24, 100, 74232, 72
2026/07/29 08:18:49.180, 297.34, 100, 74232, 72
2026/07/29 08:18:50.217, 297.13, 100, 74232, 72
2026/07/29 08:18:51.257, 293.25, 100, 74232, 72
2026/07/29 08:18:52.295, 299.16, 100, 74232, 72
2026/07/29 08:18:53.332, 299.04, 100, 74232, 72
2026/07/29 08:18:54.369, 299.84, 100, 74232, 72
2026/07/29 08:18:55.408, 300.27, 100, 74232, 72
2026/07/29 08:18:56.445, 298.87, 100, 74232, 72
2026/07/29 08:18:57.485, 299.84, 100, 74232, 72
2026/07/29 08:18:58.522, 299.16, 100, 74232, 72
2026/07/29 08:18:59.560, 299.47, 100, 74232, 72
2026/07/29 08:19:00.597, 298.88, 100, 74232, 72
2026/07/29 08:19:01.634, 301.18, 100, 74232, 72
2026/07/29 08:19:02.674, 300.52, 100, 74232, 72
2026/07/29 08:19:03.712, 300.68, 100, 74232, 72
2026/07/29 08:19:04.749, 300.60, 100, 74232, 72
2026/07/29 08:19:05.787, 299.25, 100, 74232, 72
2026/07/29 08:19:06.824, 300.12, 100, 74232, 72
2026/07/29 08:19:07.863, 299.50, 100, 74232, 72
2026/07/29 08:19:08.899, 299.55, 100, 74232, 72
2026/07/29 08:19:09.938, 301.01, 100, 74232, 72
2026/07/29 08:19:10.975, 300.80, 100, 74232, 72
2026/07/29 08:19:12.011, 300.63, 100, 74232, 72
2026/07/29 08:19:13.048, 300.74, 100, 74232, 72
2026/07/29 08:19:14.086, 300.34, 100, 74232, 72
2026/07/29 08:19:15.123, 292.97, 100, 74232, 72
2026/07/29 08:19:16.161, 294.70, 100, 74232, 72
2026/07/29 08:19:17.198, 296.54, 100, 74232, 72
2026/07/29 08:19:18.235, 384.95, 66, 74232, 73
2026/07/29 08:19:19.270, 293.16, 100, 74232, 73
2026/07/29 08:19:20.305, 291.13, 100, 74232, 73
2026/07/29 08:19:21.342, 273.39, 100, 74232, 73
2026/07/29 08:19:22.377, 295.26, 100, 74232, 73
2026/07/29 08:19:23.412, 289.18, 100, 74232, 74
2026/07/29 08:19:24.447, 300.01, 100, 74232, 72
2026/07/29 08:19:25.485, 300.15, 100, 74232, 72
2026/07/29 08:19:26.522, 300.24, 100, 74232, 72
2026/07/29 08:19:27.559, 302.63, 100, 74232, 72
2026/07/29 08:19:28.598, 305.02, 100, 74232, 73
2026/07/29 08:19:29.633, 293.27, 100, 74232, 73
2026/07/29 08:19:30.667, 296.74, 100, 74232, 73
2026/07/29 08:19:31.703, 297.25, 100, 74232, 74
2026/07/29 08:19:32.738, 289.84, 100, 74232, 74
2026/07/29 08:19:33.774, 289.62, 100, 74232, 74
2026/07/29 08:19:34.810, 302.34, 100, 74232, 72
2026/07/29 08:19:35.848, 301.59, 100, 74232, 72
2026/07/29 08:19:36.886, 301.88, 100, 74232, 72
2026/07/29 08:19:37.924, 303.41, 100, 74232, 72
2026/07/29 08:19:38.962, 302.36, 100, 74232, 73
2026/07/29 08:19:39.998, 301.37, 100, 74232, 73
2026/07/29 08:19:41.035, 301.77, 100, 74232, 73
2026/07/29 08:19:42.070, 99.80, 17, 74232, 72
2026/07/29 08:19:43.105, 300.80, 100, 74232, 73
2026/07/29 08:19:44.142, 301.56, 100, 74232, 73
2026/07/29 08:19:45.178, 302.73, 100, 74232, 73
2026/07/29 08:19:46.214, 302.81, 100, 74232, 73
2026/07/29 08:19:47.251, 301.95, 100, 74232, 73
2026/07/29 08:19:48.287, 297.70, 100, 74232, 73
2026/07/29 08:19:49.323, 301.89, 100, 74232, 73
2026/07/29 08:19:50.358, 300.31, 100, 74232, 73
2026/07/29 08:19:51.395, 300.44, 100, 74232, 73
2026/07/29 08:19:52.431, 301.86, 100, 74232, 73
2026/07/29 08:19:53.468, 302.15, 100, 74232, 73
2026/07/29 08:19:54.504, 297.12, 100, 74232, 73
2026/07/29 08:19:55.541, 293.35, 100, 74232, 72
2026/07/29 08:19:56.578, 295.11, 100, 74232, 72
2026/07/29 08:19:57.615, 298.90, 100, 74232, 73
2026/07/29 08:19:58.651, 300.92, 100, 74232, 72
2026/07/29 08:19:59.692, 299.53, 100, 74232, 72
2026/07/29 08:20:00.728, 301.79, 100, 74232, 72
2026/07/29 08:20:01.765, 300.24, 100, 74232, 72
2026/07/29 08:20:02.802, 300.11, 100, 74232, 72
2026/07/29 08:20:03.839, 302.86, 100, 74232, 72
2026/07/29 08:20:04.876, 297.80, 100, 74232, 72
2026/07/29 08:20:05.912, 301.18, 100, 74232, 72
2026/07/29 08:20:06.950, 301.59, 100, 74232, 72
2026/07/29 08:20:07.986, 300.41, 100, 74232, 72
2026/07/29 08:20:09.022, 299.81, 100, 74232, 72
2026/07/29 08:20:10.059, 301.29, 100, 74232, 72
2026/07/29 08:20:11.099, 297.42, 100, 74232, 72
2026/07/29 08:20:12.136, 294.02, 100, 74232, 72
2026/07/29 08:20:13.172, 287.82, 100, 74232, 72
2026/07/29 08:20:14.209, 293.26, 100, 74232, 72
2026/07/29 08:20:15.246, 297.81, 100, 74232, 72
2026/07/29 08:20:16.283, 297.53, 100, 74232, 72
2026/07/29 08:20:17.319, 301.66, 100, 74232, 72
2026/07/29 08:20:18.356, 296.45, 100, 74232, 72
2026/07/29 08:20:19.391, 303.50, 100, 74232, 72
2026/07/29 08:20:20.428, 299.86, 100, 74232, 72
2026/07/29 08:20:21.464, 301.51, 100, 74232, 72
2026/07/29 08:20:22.500, 301.88, 100, 74232, 72
2026/07/29 08:20:23.545, 300.12, 100, 74232, 72
2026/07/29 08:20:24.582, 301.70, 100, 74232, 72
2026/07/29 08:20:25.619, 300.16, 100, 74232, 72
2026/07/29 08:20:26.656, 300.45, 100, 74232, 72
2026/07/29 08:20:27.694, 299.89, 100, 74232, 72
2026/07/29 08:20:28.733, 300.60, 100, 74232, 72
2026/07/29 08:20:29.770, 300.45, 100, 74232, 72
2026/07/29 08:20:30.808, 299.59, 100, 74232, 72
2026/07/29 08:20:31.845, 300.93, 100, 74232, 72
2026/07/29 08:20:32.883, 302.39, 100, 74232, 72
2026/07/29 08:20:33.921, 300.42, 100, 74232, 72
2026/07/29 08:20:34.959, 301.21, 100, 74232, 72
2026/07/29 08:20:35.997, 300.22, 100, 74232, 72
2026/07/29 08:20:37.035, 301.10, 100, 74232, 72
2026/07/29 08:20:38.074, 301.19, 100, 74232, 72
2026/07/29 08:20:39.112, 300.62, 100, 74232, 72
2026/07/29 08:20:40.149, 295.09, 100, 74232, 72
2026/07/29 08:20:41.187, 295.11, 100, 74232, 72
2026/07/29 08:20:42.225, 290.15, 100, 74232, 72
2026/07/29 08:20:43.264, 288.90, 100, 74232, 72
2026/07/29 08:20:44.302, 295.97, 100, 74232, 72
2026/07/29 08:20:45.338, 293.25, 100, 74232, 72
2026/07/29 08:20:46.376, 295.21, 100, 74232, 72
2026/07/29 08:20:47.413, 296.06, 100, 74232, 72
2026/07/29 08:20:48.450, 298.12, 100, 74232, 72
2026/07/29 08:20:49.488, 301.88, 100, 74232, 72
2026/07/29 08:20:50.526, 300.13, 100, 74232, 72
2026/07/29 08:20:51.564, 301.09, 100, 74232, 72
2026/07/29 08:20:52.602, 302.17, 100, 74232, 72
2026/07/29 08:20:53.640, 300.40, 100, 74232, 72
2026/07/29 08:20:54.676, 302.25, 100, 74232, 72
2026/07/29 08:20:55.714, 301.66, 100, 74232, 72
2026/07/29 08:20:56.752, 301.20, 100, 74232, 72
2026/07/29 08:20:57.791, 301.17, 100, 74232, 72
2026/07/29 08:20:58.830, 301.08, 100, 74232, 72
2026/07/29 08:20:59.868, 301.38, 100, 74232, 72
2026/07/29 08:21:00.911, 298.58, 100, 74232, 72
2026/07/29 08:21:01.950, 299.27, 100, 74232, 72
2026/07/29 08:21:02.987, 300.90, 100, 74232, 72
2026/07/29 08:21:04.030, 300.53, 100, 74232, 72
2026/07/29 08:21:05.068, 300.02, 100, 74232, 72
2026/07/29 08:21:06.106, 294.61, 100, 74232, 72
2026/07/29 08:21:07.144, 294.83, 100, 74232, 72
2026/07/29 08:21:08.182, 300.31, 100, 74232, 72
2026/07/29 08:21:09.220, 288.20, 100, 74232, 72
2026/07/29 08:21:10.258, 292.38, 100, 74232, 72
2026/07/29 08:21:11.295, 297.52, 100, 74232, 72
2026/07/29 08:21:12.333, 297.41, 100, 74232, 72
2026/07/29 08:21:13.369, 300.95, 100, 74232, 72
2026/07/29 08:21:14.408, 301.28, 100, 74232, 72
2026/07/29 08:21:15.445, 298.67, 100, 74232, 72
2026/07/29 08:21:16.482, 300.13, 100, 74232, 72
2026/07/29 08:21:17.519, 289.27, 45, 74232, 73
2026/07/29 08:21:18.556, 299.16, 100, 74232, 74
2026/07/29 08:21:19.591, 297.61, 100, 74232, 74
2026/07/29 08:21:20.629, 285.39, 100, 74232, 74
2026/07/29 08:21:21.664, 315.98, 100, 74232, 74
2026/07/29 08:21:22.699, 287.92, 100, 74232, 74
2026/07/29 08:21:23.734, 301.37, 100, 74232, 72
2026/07/29 08:21:24.771, 300.61, 100, 74232, 72
2026/07/29 08:21:25.809, 300.50, 100, 74232, 72
2026/07/29 08:21:26.847, 301.86, 100, 74232, 72
2026/07/29 08:21:27.889, 298.47, 100, 74232, 72
2026/07/29 08:21:28.928, 299.53, 100, 74232, 72
2026/07/29 08:21:29.968, 296.05, 100, 74232, 72
2026/07/29 08:21:31.006, 291.14, 100, 74232, 72
2026/07/29 08:21:32.043, 98.25, 0, 74232, 69
2026/07/29 08:21:33.076, 296.92, 100, 74232, 74
2026/07/29 08:21:34.112, 293.06, 100, 74232, 74
2026/07/29 08:21:35.148, 291.79, 100, 74232, 74
2026/07/29 08:21:36.183, 292.20, 100, 74232, 74
2026/07/29 08:21:37.217, 287.39, 100, 74232, 74
2026/07/29 08:21:38.254, 300.96, 100, 74232, 72
2026/07/29 08:21:39.293, 289.77, 100, 74232, 72
2026/07/29 08:21:40.332, 294.24, 100, 74232, 72
2026/07/29 08:21:41.369, 295.57, 100, 74232, 72
2026/07/29 08:21:42.411, 299.38, 100, 74232, 72
2026/07/29 08:21:43.453, 300.33, 100, 74232, 72
2026/07/29 08:21:44.490, 303.36, 100, 74232, 73
2026/07/29 08:21:45.526, 302.65, 100, 74232, 74
2026/07/29 08:21:46.560, 289.28, 100, 74232, 74
2026/07/29 08:21:47.594, 300.14, 100, 74232, 74
2026/07/29 08:21:48.629, 322.53, 100, 74232, 74
2026/07/29 08:21:49.663, 289.88, 100, 74232, 74
2026/07/29 08:21:50.697, 286.16, 100, 74232, 75
2026/07/29 08:21:51.733, 302.26, 100, 74232, 73
2026/07/29 08:21:52.773, 301.89, 100, 74232, 73
2026/07/29 08:21:53.811, 303.24, 100, 74232, 73
2026/07/29 08:21:54.849, 304.16, 100, 74232, 73
2026/07/29 08:21:55.887, 301.88, 91, 74232, 74
2026/07/29 08:21:56.922, 299.56, 100, 74232, 75
2026/07/29 08:21:57.958, 289.08, 100, 74232, 75
2026/07/29 08:21:58.993, 285.52, 100, 74232, 75
2026/07/29 08:22:00.028, 293.45, 100, 74232, 74
2026/07/29 08:22:01.063, 295.75, 100, 74232, 75
2026/07/29 08:22:02.100, 327.21, 100, 74232, 74
2026/07/29 08:22:03.139, 302.83, 100, 74232, 73
2026/07/29 08:22:04.177, 303.93, 100, 74232, 73
2026/07/29 08:22:05.215, 307.07, 100, 74232, 73
2026/07/29 08:22:06.253, 291.92, 100, 74232, 73
2026/07/29 08:22:07.290, 296.16, 100, 74232, 73
2026/07/29 08:22:08.328, 295.58, 100, 74232, 73
2026/07/29 08:22:09.365, 297.50, 100, 74232, 73
2026/07/29 08:22:10.403, 296.17, 100, 74232, 73
2026/07/29 08:22:11.440, 100.29, 0, 74232, 70
2026/07/29 08:22:12.473, 310.92, 100, 74232, 75
2026/07/29 08:22:13.508, 306.59, 100, 74232, 75
2026/07/29 08:22:14.545, 301.10, 100, 74232, 75
2026/07/29 08:22:15.580, 308.61, 100, 74232, 75
2026/07/29 08:22:16.615, 283.32, 100, 74232, 75
2026/07/29 08:22:17.656, 281.03, 100, 74232, 75
2026/07/29 08:22:18.690, 298.25, 100, 74232, 75
2026/07/29 08:22:19.725, 297.43, 100, 74232, 73
2026/07/29 08:22:20.762, 289.60, 100, 74232, 73
2026/07/29 08:22:21.800, 288.42, 100, 74232, 73
2026/07/29 08:22:22.840, 284.54, 100, 74232, 73
2026/07/29 08:22:23.877, 294.81, 100, 74232, 75
2026/07/29 08:22:24.915, 297.02, 100, 74232, 73
2026/07/29 08:22:25.955, 290.36, 100, 74232, 73
2026/07/29 08:22:26.993, 293.54, 100, 74232, 73
2026/07/29 08:22:28.031, 295.89, 100, 74232, 73
2026/07/29 08:22:29.071, 295.28, 100, 74232, 73
2026/07/29 08:22:30.110, 297.51, 100, 74232, 73
2026/07/29 08:22:31.147, 295.76, 100, 74232, 73
2026/07/29 08:22:32.186, 295.20, 100, 74232, 73
2026/07/29 08:22:33.223, 295.10, 100, 74232, 73
2026/07/29 08:22:34.261, 299.76, 100, 74232, 73
2026/07/29 08:22:35.298, 296.56, 100, 74232, 73
2026/07/29 08:22:36.336, 302.73, 100, 74232, 73
2026/07/29 08:22:37.373, 303.30, 100, 74232, 73
2026/07/29 08:22:38.411, 302.74, 100, 74232, 73
2026/07/29 08:22:39.449, 302.75, 100, 74232, 73
2026/07/29 08:22:40.486, 301.49, 100, 74232, 73
2026/07/29 08:22:41.524, 301.88, 100, 74232, 73
2026/07/29 08:22:42.563, 304.91, 100, 74232, 73
2026/07/29 08:22:43.600, 303.84, 100, 74232, 73
2026/07/29 08:22:44.638, 301.79, 100, 74232, 73
2026/07/29 08:22:45.675, 300.12, 100, 74232, 73
2026/07/29 08:22:46.713, 300.81, 100, 74232, 73
2026/07/29 08:22:47.750, 300.54, 100, 74232, 73
2026/07/29 08:22:48.787, 302.24, 100, 74232, 73
2026/07/29 08:22:49.826, 295.39, 100, 74232, 73
2026/07/29 08:22:50.864, 294.91, 100, 74232, 73
2026/07/29 08:22:51.901, 302.24, 100, 74232, 73
2026/07/29 08:22:52.940, 291.30, 100, 74232, 73
2026/07/29 08:22:53.978, 293.35, 100, 74232, 73
2026/07/29 08:22:55.015, 293.77, 100, 74232, 73
2026/07/29 08:22:56.053, 301.11, 100, 74232, 73
2026/07/29 08:22:57.090, 299.94, 100, 74232, 73
2026/07/29 08:22:58.128, 294.24, 100, 74232, 73
2026/07/29 08:22:59.165, 301.19, 100, 74232, 73
2026/07/29 08:23:00.203, 301.95, 100, 74232, 73
2026/07/29 08:23:01.241, 301.39, 100, 74232, 73
2026/07/29 08:23:02.280, 300.89, 100, 74232, 73
2026/07/29 08:23:03.318, 303.99, 100, 74232, 73
2026/07/29 08:23:04.354, 301.76, 100, 74232, 73
2026/07/29 08:23:05.392, 301.64, 100, 74232, 73
2026/07/29 08:23:06.431, 299.07, 100, 74232, 73
2026/07/29 08:23:07.470, 300.83, 100, 74232, 73
2026/07/29 08:23:08.507, 302.54, 100, 74232, 73
2026/07/29 08:23:09.545, 300.60, 100, 74232, 73
2026/07/29 08:23:10.584, 300.89, 100, 74232, 73
2026/07/29 08:23:11.621, 302.46, 100, 74232, 73
2026/07/29 08:23:12.659, 301.80, 100, 74232, 73
2026/07/29 08:23:13.697, 300.99, 100, 74232, 73
2026/07/29 08:23:14.735, 301.96, 100, 74232, 73
2026/07/29 08:23:15.772, 301.10, 100, 74232, 73
2026/07/29 08:23:16.810, 303.13, 100, 74232, 73
2026/07/29 08:23:17.848, 301.51, 100, 74232, 72
2026/07/29 08:23:18.886, 302.42, 100, 74232, 72
2026/07/29 08:23:19.923, 300.83, 100, 74232, 72
2026/07/29 08:23:20.961, 296.62, 100, 74232, 72
2026/07/29 08:23:22.000, 299.43, 100, 74232, 72
2026/07/29 08:23:23.038, 299.87, 100, 74232, 72
2026/07/29 08:23:24.076, 300.71, 100, 74232, 72
2026/07/29 08:23:25.113, 300.81, 100, 74232, 72
2026/07/29 08:23:26.150, 296.45, 100, 74232, 72
2026/07/29 08:23:27.187, 289.66, 100, 74232, 72
2026/07/29 08:23:28.225, 293.25, 100, 74232, 72
2026/07/29 08:23:29.265, 299.88, 100, 74232, 72
2026/07/29 08:23:30.304, 296.16, 100, 74232, 72
2026/07/29 08:23:31.341, 291.71, 100, 74232, 72
2026/07/29 08:23:32.381, 295.76, 100, 74232, 72
2026/07/29 08:23:33.420, 297.13, 100, 74232, 72
2026/07/29 08:23:34.457, 301.63, 100, 74232, 72
2026/07/29 08:23:35.495, 298.87, 100, 74232, 72
2026/07/29 08:23:36.534, 299.64, 100, 74232, 72
2026/07/29 08:23:37.571, 300.69, 100, 74232, 72
2026/07/29 08:23:38.609, 302.07, 100, 74232, 72
2026/07/29 08:23:39.646, 307.28, 100, 74232, 72
2026/07/29 08:23:40.687, 301.01, 100, 74232, 72
2026/07/29 08:23:41.725, 299.56, 100, 74232, 72
2026/07/29 08:23:42.764, 299.54, 100, 74232, 72
2026/07/29 08:23:43.803, 300.32, 100, 74232, 72
2026/07/29 08:23:44.840, 299.16, 100, 74232, 72
2026/07/29 08:23:45.878, 300.71, 100, 74232, 72
2026/07/29 08:23:46.917, 301.66, 100, 74232, 72
2026/07/29 08:23:47.956, 301.01, 100, 74232, 72
2026/07/29 08:23:48.994, 298.58, 100, 74232, 72
2026/07/29 08:23:50.036, 292.07, 100, 74232, 72
2026/07/29 08:23:51.076, 298.48, 100, 74232, 72
2026/07/29 08:23:52.114, 299.36, 100, 74232, 72
2026/07/29 08:23:53.152, 300.70, 100, 74232, 72
2026/07/29 08:23:54.189, 298.77, 100, 74232, 72
2026/07/29 08:23:55.226, 300.91, 100, 74232, 72
2026/07/29 08:23:56.265, 300.05, 100, 74232, 72
2026/07/29 08:23:57.303, 299.93, 100, 74232, 72
2026/07/29 08:23:58.344, 303.13, 100, 74232, 72
2026/07/29 08:23:59.382, 300.16, 100, 74232, 72
2026/07/29 08:24:00.420, 299.56, 100, 74232, 72
2026/07/29 08:24:01.458, 299.35, 100, 74232, 72
2026/07/29 08:24:02.496, 319.67, 44, 74232, 73
2026/07/29 08:24:03.536, 299.47, 100, 74232, 74
2026/07/29 08:24:04.571, 301.72, 100, 74232, 73
2026/07/29 08:24:05.606, 282.12, 100, 74232, 73
2026/07/29 08:24:06.641, 278.20, 100, 74232, 73
2026/07/29 08:24:07.676, 292.63, 100, 74232, 74
2026/07/29 08:24:08.711, 300.71, 100, 74232, 72
2026/07/29 08:24:09.749, 298.58, 100, 74232, 72
2026/07/29 08:24:10.787, 300.51, 100, 74232, 72
2026/07/29 08:24:11.827, 301.89, 100, 74232, 72
2026/07/29 08:24:12.864, 301.33, 100, 74232, 72
2026/07/29 08:24:13.902, 302.65, 100, 74232, 74
2026/07/29 08:24:14.939, 299.11, 100, 74232, 74
2026/07/29 08:24:15.974, 314.79, 100, 74232, 74
2026/07/29 08:24:17.009, 272.26, 100, 74232, 74
2026/07/29 08:24:18.046, 296.75, 100, 74232, 74
2026/07/29 08:24:19.085, 284.68, 100, 74232, 74
2026/07/29 08:24:20.120, 321.16, 100, 74232, 74
2026/07/29 08:24:21.156, 302.35, 100, 74232, 73
2026/07/29 08:24:22.194, 302.74, 100, 74232, 73
2026/07/29 08:24:23.231, 302.66, 100, 74232, 73
2026/07/29 08:24:24.269, 302.67, 100, 74232, 73
2026/07/29 08:24:25.306, 302.94, 100, 74232, 73
2026/07/29 08:24:26.343, 304.28, 100, 74232, 73
2026/07/29 08:24:27.381, 298.20, 100, 74232, 73
2026/07/29 08:24:28.418, 302.75, 100, 74232, 73
2026/07/29 08:24:29.455, 236.51, 9, 74232, 72
2026/07/29 08:24:30.492, 297.79, 100, 74232, 72
2026/07/29 08:24:31.532, 301.61, 100, 74232, 72
2026/07/29 08:24:32.570, 300.24, 100, 74232, 72
2026/07/29 08:24:33.608, 302.83, 100, 74232, 72
2026/07/29 08:24:34.649, 297.31, 100, 74232, 72
2026/07/29 08:24:35.687, 297.70, 100, 74232, 72
2026/07/29 08:24:36.725, 301.50, 100, 74232, 73
2026/07/29 08:24:37.763, 299.53, 100, 74232, 73
2026/07/29 08:24:38.799, 293.83, 100, 74232, 73
2026/07/29 08:24:39.837, 302.73, 100, 74232, 73
2026/07/29 08:24:40.875, 296.83, 100, 74232, 73
2026/07/29 08:24:41.914, 292.20, 100, 74232, 72
2026/07/29 08:24:42.955, 294.32, 100, 74232, 72
2026/07/29 08:24:43.992, 294.23, 100, 74232, 73
2026/07/29 08:24:45.031, 300.89, 100, 74232, 73
2026/07/29 08:24:46.070, 296.56, 100, 74232, 73
2026/07/29 08:24:47.109, 299.77, 100, 74232, 73
2026/07/29 08:24:48.147, 300.90, 100, 74232, 73
2026/07/29 08:24:49.185, 300.51, 100, 74232, 73
2026/07/29 08:24:50.225, 304.12, 100, 74232, 73
2026/07/29 08:24:51.262, 300.54, 100, 74232, 73
2026/07/29 08:24:52.299, 301.38, 100, 74232, 73
2026/07/29 08:24:53.335, 299.73, 100, 74232, 73
2026/07/29 08:24:54.373, 299.83, 100, 74232, 73
2026/07/29 08:24:55.411, 301.28, 100, 74232, 73
2026/07/29 08:24:56.449, 301.18, 100, 74232, 73
2026/07/29 08:24:57.487, 302.18, 100, 74232, 73
2026/07/29 08:24:58.524, 302.05, 100, 74232, 73
2026/07/29 08:24:59.564, 290.45, 100, 74232, 73
2026/07/29 08:25:00.602, 293.55, 100, 74232, 73
2026/07/29 08:25:01.640, 293.79, 100, 74232, 73
2026/07/29 08:25:02.678, 294.70, 100, 74232, 73
2026/07/29 08:25:03.716, 295.67, 100, 74232, 72
2026/07/29 08:25:04.758, 301.70, 100, 74232, 73
2026/07/29 08:25:05.796, 294.24, 100, 74232, 72
2026/07/29 08:25:06.834, 301.49, 100, 74232, 72
2026/07/29 08:25:07.873, 292.95, 100, 74232, 72
2026/07/29 08:25:08.910, 290.24, 100, 74232, 72
2026/07/29 08:25:09.953, 293.54, 100, 74232, 72
2026/07/29 08:25:10.993, 300.71, 100, 74232, 72
2026/07/29 08:25:12.030, 301.52, 100, 74232, 72
2026/07/29 08:25:13.070, 300.81, 100, 74232, 72
2026/07/29 08:25:14.107, 293.84, 100, 74232, 72
2026/07/29 08:25:15.145, 293.46, 100, 74232, 72
2026/07/29 08:25:16.183, 295.02, 100, 74232, 72
2026/07/29 08:25:17.220, 292.95, 100, 74232, 72
2026/07/29 08:25:18.258, 287.82, 100, 74232, 72
2026/07/29 08:25:19.296, 292.10, 100, 74232, 72
2026/07/29 08:25:20.337, 292.57, 100, 74232, 72
2026/07/29 08:25:21.375, 294.52, 100, 74232, 72
2026/07/29 08:25:22.413, 292.39, 100, 74232, 72
2026/07/29 08:25:23.453, 291.89, 100, 74232, 72
2026/07/29 08:25:24.490, 298.69, 100, 74232, 72
2026/07/29 08:25:25.527, 299.95, 100, 74232, 72
2026/07/29 08:25:26.565, 296.26, 100, 74232, 72
2026/07/29 08:25:27.602, 299.38, 100, 74232, 72
2026/07/29 08:25:28.643, 294.23, 100, 74232, 72
2026/07/29 08:25:29.683, 291.24, 100, 74232, 72
2026/07/29 08:25:30.720, 297.41, 100, 74232, 72
2026/07/29 08:25:31.759, 300.70, 100, 74232, 72
2026/07/29 08:25:32.797, 302.82, 100, 74232, 72
2026/07/29 08:25:33.835, 301.37, 100, 74232, 72
2026/07/29 08:25:34.872, 296.06, 100, 74232, 72
2026/07/29 08:25:35.911, 297.83, 100, 74232, 72
2026/07/29 08:25:36.949, 300.49, 100, 74232, 72
2026/07/29 08:25:37.987, 301.47, 100, 74232, 72
2026/07/29 08:25:39.025, 298.09, 100, 74232, 72
2026/07/29 08:25:40.063, 300.51, 100, 74232, 72
2026/07/29 08:25:41.101, 300.36, 100, 74232, 72
2026/07/29 08:25:42.142, 299.75, 100, 74232, 72
2026/07/29 08:25:43.180, 304.00, 100, 74232, 72
2026/07/29 08:25:44.218, 300.52, 100, 74232, 72
2026/07/29 08:25:45.257, 300.26, 100, 74232, 72
2026/07/29 08:25:46.295, 299.08, 100, 74232, 72
2026/07/29 08:25:47.334, 298.90, 100, 74232, 72
2026/07/29 08:25:48.372, 303.11, 100, 74232, 72
2026/07/29 08:25:49.409, 301.92, 100, 74232, 72
2026/07/29 08:25:50.448, 295.67, 100, 74232, 74
2026/07/29 08:25:51.484, 294.98, 100, 74232, 74
2026/07/29 08:25:52.519, 280.74, 100, 74232, 74
2026/07/29 08:25:53.557, 284.52, 100, 74232, 74
2026/07/29 08:25:54.592, 297.79, 100, 74232, 74
2026/07/29 08:25:55.628, 307.15, 100, 74232, 72
2026/07/29 08:25:56.670, 296.25, 100, 74232, 72
2026/07/29 08:25:57.706, 292.75, 100, 74232, 72
2026/07/29 08:25:58.744, 289.11, 100, 74232, 72
2026/07/29 08:25:59.785, 292.76, 100, 74232, 72
2026/07/29 08:26:00.823, 297.78, 100, 74232, 74
2026/07/29 08:26:01.858, 301.95, 100, 74232, 74
2026/07/29 08:26:02.893, 287.02, 100, 74232, 74
2026/07/29 08:26:03.928, 305.75, 100, 74232, 74
2026/07/29 08:26:04.964, 320.75, 100, 74232, 74
2026/07/29 08:26:05.999, 295.83, 100, 74232, 74
2026/07/29 08:26:07.035, 287.03, 100, 74232, 74
2026/07/29 08:26:08.071, 302.11, 100, 74232, 72
2026/07/29 08:26:09.109, 303.89, 100, 74232, 73
2026/07/29 08:26:10.147, 302.21, 100, 74232, 73
2026/07/29 08:26:11.184, 303.21, 100, 74232, 73
2026/07/29 08:26:12.222, 301.98, 100, 74232, 73
2026/07/29 08:26:13.260, 303.50, 100, 74232, 73
2026/07/29 08:26:14.297, 304.05, 100, 74232, 73
2026/07/29 08:26:15.335, 302.74, 100, 74232, 73
2026/07/29 08:26:16.373, 101.31, 29, 74232, 70
2026/07/29 08:26:17.408, 290.62, 67, 74232, 74
2026/07/29 08:26:18.443, 300.98, 100, 74232, 72
2026/07/29 08:26:19.481, 302.98, 100, 74232, 72
2026/07/29 08:26:20.519, 290.64, 100, 74232, 72
2026/07/29 08:26:21.557, 292.08, 100, 74232, 72
2026/07/29 08:26:22.594, 294.03, 100, 74232, 72
2026/07/29 08:26:23.632, 292.27, 100, 74232, 72
2026/07/29 08:26:24.670, 292.86, 100, 74232, 73
2026/07/29 08:26:25.708, 299.09, 100, 74232, 73
2026/07/29 08:26:26.746, 303.05, 100, 74232, 72
2026/07/29 08:26:27.784, 290.84, 100, 74232, 72
2026/07/29 08:26:28.823, 304.00, 100, 74232, 73
2026/07/29 08:26:29.861, 301.76, 100, 74232, 73
2026/07/29 08:26:30.901, 301.38, 100, 74232, 73
2026/07/29 08:26:31.938, 300.53, 100, 74232, 73
2026/07/29 08:26:32.976, 303.00, 100, 74232, 73
2026/07/29 08:26:34.014, 301.47, 100, 74232, 73
2026/07/29 08:26:35.051, 302.46, 100, 74232, 73
2026/07/29 08:26:36.089, 303.20, 100, 74232, 73
2026/07/29 08:26:37.130, 297.61, 100, 74232, 73
2026/07/29 08:26:38.167, 300.35, 100, 74232, 73
2026/07/29 08:26:39.204, 301.30, 100, 74232, 73
2026/07/29 08:26:40.242, 299.73, 100, 74232, 73
2026/07/29 08:26:41.280, 295.58, 100, 74232, 73
2026/07/29 08:26:42.318, 290.05, 100, 74232, 72
2026/07/29 08:26:43.361, 293.35, 100, 74232, 73
2026/07/29 08:26:44.400, 291.62, 100, 74232, 73
2026/07/29 08:26:45.437, 292.08, 100, 74232, 73
2026/07/29 08:26:46.477, 295.01, 100, 74232, 73
2026/07/29 08:26:47.514, 301.67, 100, 74232, 73
2026/07/29 08:26:48.552, 302.00, 100, 74232, 73
2026/07/29 08:26:49.590, 301.68, 100, 74232, 73
2026/07/29 08:26:50.627, 301.96, 100, 74232, 73
2026/07/29 08:26:51.667, 301.28, 100, 74232, 73
2026/07/29 08:26:52.705, 301.36, 100, 74232, 73
2026/07/29 08:26:53.742, 301.77, 100, 74232, 73
2026/07/29 08:26:54.780, 301.20, 100, 74232, 73
2026/07/29 08:26:55.818, 300.29, 100, 74232, 73
2026/07/29 08:26:56.855, 300.52, 100, 74232, 73
2026/07/29 08:26:57.893, 302.18, 100, 74232, 73
2026/07/29 08:26:58.930, 300.82, 100, 74232, 73
2026/07/29 08:26:59.968, 302.95, 100, 74232, 73
2026/07/29 08:27:01.006, 303.03, 100, 74232, 73
2026/07/29 08:27:02.047, 302.09, 100, 74232, 73
2026/07/29 08:27:03.085, 303.70, 100, 74232, 73
2026/07/29 08:27:04.122, 302.05, 100, 74232, 73
2026/07/29 08:27:05.160, 300.42, 100, 74232, 73
2026/07/29 08:27:06.196, 302.91, 100, 74232, 73
2026/07/29 08:27:07.235, 293.06, 100, 74232, 73
2026/07/29 08:27:08.272, 299.73, 100, 74232, 73
2026/07/29 08:27:09.313, 300.60, 100, 74232, 73
2026/07/29 08:27:10.350, 289.37, 100, 74232, 73
2026/07/29 08:27:11.387, 295.80, 100, 74232, 73
2026/07/29 08:27:12.425, 290.34, 100, 74232, 73
2026/07/29 08:27:13.463, 292.76, 100, 74232, 73
2026/07/29 08:27:14.500, 292.38, 100, 74232, 73
2026/07/29 08:27:15.538, 292.78, 100, 74232, 73
2026/07/29 08:27:16.576, 294.40, 100, 74232, 73
2026/07/29 08:27:17.615, 293.15, 100, 74232, 73
2026/07/29 08:27:18.653, 292.97, 100, 74232, 73
2026/07/29 08:27:19.692, 293.57, 100, 74232, 73
2026/07/29 08:27:20.730, 294.61, 100, 74232, 73
2026/07/29 08:27:21.769, 292.67, 100, 74232, 73
2026/07/29 08:27:22.807, 300.06, 100, 74232, 73
2026/07/29 08:27:23.844, 300.85, 100, 74232, 73
2026/07/29 08:27:24.890, 297.43, 100, 74232, 73
2026/07/29 08:27:25.928, 303.07, 100, 74232, 73
2026/07/29 08:27:26.968, 303.49, 100, 74232, 73
2026/07/29 08:27:28.006, 302.55, 100, 74232, 73
2026/07/29 08:27:29.045, 303.94, 100, 74232, 73
2026/07/29 08:27:30.083, 301.31, 100, 74232, 73
2026/07/29 08:27:31.122, 301.11, 100, 74232, 73
2026/07/29 08:27:32.160, 302.92, 100, 74232, 73
2026/07/29 08:27:33.197, 302.05, 100, 74232, 73
2026/07/29 08:27:34.235, 304.57, 100, 74232, 73
2026/07/29 08:27:35.272, 301.11, 100, 74232, 73
2026/07/29 08:27:36.310, 300.52, 100, 74232, 73
2026/07/29 08:27:37.348, 304.86, 100, 74232, 73
2026/07/29 08:27:38.385, 302.78, 100, 74232, 73
2026/07/29 08:27:39.423, 301.46, 100, 74232, 73
2026/07/29 08:27:40.461, 300.33, 100, 74232, 73
2026/07/29 08:27:41.499, 302.04, 100, 74232, 73
2026/07/29 08:27:42.536, 301.09, 100, 74232, 73
2026/07/29 08:27:43.573, 299.68, 100, 74232, 73
2026/07/29 08:27:44.611, 297.33, 100, 74232, 72
2026/07/29 08:27:45.649, 294.81, 100, 74232, 72
2026/07/29 08:27:46.686, 294.71, 100, 74232, 72
2026/07/29 08:27:47.727, 294.99, 100, 74232, 72
2026/07/29 08:27:48.766, 369.67, 37, 74232, 74
2026/07/29 08:27:49.802, 302.27, 100, 74232, 74
2026/07/29 08:27:50.840, 300.82, 100, 74232, 74
2026/07/29 08:27:51.875, 287.24, 100, 74232, 74
2026/07/29 08:27:52.911, 308.15, 100, 74232, 74
2026/07/29 08:27:53.947, 313.59, 100, 74232, 74
2026/07/29 08:27:54.983, 301.53, 100, 74232, 72
2026/07/29 08:27:56.025, 301.58, 100, 74232, 72
2026/07/29 08:27:57.063, 301.31, 100, 74232, 72
2026/07/29 08:27:58.101, 302.64, 100, 74232, 72
2026/07/29 08:27:59.141, 301.35, 100, 74232, 72
2026/07/29 08:28:00.180, 301.77, 100, 74232, 73
2026/07/29 08:28:01.218, 294.99, 100, 74232, 73
2026/07/29 08:28:02.255, 294.82, 100, 74232, 73
2026/07/29 08:28:03.293, 294.52, 100, 74232, 73
2026/07/29 08:28:04.331, 294.52, 100, 74232, 73
2026/07/29 08:28:05.368, 98.58, 0, 74232, 69
2026/07/29 08:28:06.401, 282.97, 100, 74232, 74
2026/07/29 08:28:07.436, 297.45, 100, 74232, 74
2026/07/29 08:28:08.472, 297.79, 100, 74232, 74
2026/07/29 08:28:09.510, 291.22, 100, 74232, 74
2026/07/29 08:28:10.546, 303.21, 100, 74232, 74
2026/07/29 08:28:11.580, 300.92, 100, 74232, 72
2026/07/29 08:28:12.618, 302.55, 100, 74232, 72
2026/07/29 08:28:13.656, 302.27, 100, 74232, 73
2026/07/29 08:28:14.695, 300.58, 100, 74232, 72
2026/07/29 08:28:15.734, 289.77, 100, 74232, 72
2026/07/29 08:28:16.771, 300.12, 100, 74232, 73
2026/07/29 08:28:17.808, 300.83, 100, 74232, 73
2026/07/29 08:28:18.845, 303.40, 100, 74232, 73
2026/07/29 08:28:19.885, 299.24, 100, 74232, 73
2026/07/29 08:28:20.922, 301.67, 100, 74232, 73
2026/07/29 08:28:21.961, 297.73, 100, 74232, 73
2026/07/29 08:28:22.999, 302.23, 100, 74232, 73
2026/07/29 08:28:24.038, 304.67, 100, 74232, 73
2026/07/29 08:28:25.076, 303.25, 100, 74232, 73
2026/07/29 08:28:26.114, 301.31, 100, 74232, 73
2026/07/29 08:28:27.152, 299.74, 100, 74232, 73
2026/07/29 08:28:28.190, 300.84, 100, 74232, 73
2026/07/29 08:28:29.228, 302.16, 100, 74232, 73
2026/07/29 08:28:30.267, 300.92, 100, 74232, 73
2026/07/29 08:28:31.305, 302.72, 100, 74232, 73
2026/07/29 08:28:32.343, 302.86, 100, 74232, 73
2026/07/29 08:28:33.380, 304.04, 100, 74232, 73
2026/07/29 08:28:34.418, 302.26, 100, 74232, 73
2026/07/29 08:28:35.456, 301.67, 100, 74232, 73
2026/07/29 08:28:36.492, 300.04, 100, 74232, 73
2026/07/29 08:28:37.530, 300.13, 100, 74232, 73
2026/07/29 08:28:38.566, 299.71, 100, 74232, 73
2026/07/29 08:28:39.604, 301.99, 100, 74232, 73
2026/07/29 08:28:40.642, 302.54, 100, 74232, 73
2026/07/29 08:28:41.686, 300.24, 100, 74232, 73
2026/07/29 08:28:42.725, 295.98, 100, 74232, 73
2026/07/29 08:28:43.763, 292.30, 100, 74232, 73
2026/07/29 08:28:44.803, 293.05, 100, 74232, 72
2026/07/29 08:28:45.841, 300.41, 100, 74232, 73
2026/07/29 08:28:46.878, 302.72, 100, 74232, 73
2026/07/29 08:28:47.915, 298.02, 100, 74232, 73
2026/07/29 08:28:48.953, 301.77, 100, 74232, 73
2026/07/29 08:28:49.993, 302.83, 100, 74232, 73
2026/07/29 08:28:51.031, 301.02, 100, 74232, 73
2026/07/29 08:28:52.068, 302.06, 100, 74232, 73
2026/07/29 08:28:53.113, 301.13, 100, 74232, 72
2026/07/29 08:28:54.149, 300.23, 100, 74232, 72
2026/07/29 08:28:55.187, 303.83, 100, 74232, 72
2026/07/29 08:28:56.226, 300.12, 100, 74232, 72
2026/07/29 08:28:57.263, 302.09, 100, 74232, 72
2026/07/29 08:28:58.300, 300.61, 100, 74232, 72
2026/07/29 08:28:59.337, 300.42, 100, 74232, 72
2026/07/29 08:29:00.375, 301.16, 100, 74232, 72
2026/07/29 08:29:01.412, 300.73, 100, 74232, 72
2026/07/29 08:29:02.449, 293.17, 100, 74232, 72
2026/07/29 08:29:03.486, 295.21, 100, 74232, 72
2026/07/29 08:29:04.524, 292.46, 100, 74232, 72
2026/07/29 08:29:05.562, 299.64, 100, 74232, 72
2026/07/29 08:29:06.600, 295.77, 100, 74232, 72
2026/07/29 08:29:07.637, 296.45, 100, 74232, 72
2026/07/29 08:29:08.678, 299.58, 100, 74232, 72
2026/07/29 08:29:09.716, 300.51, 100, 74232, 72
2026/07/29 08:29:10.754, 297.54, 100, 74232, 72
2026/07/29 08:29:11.794, 301.19, 100, 74232, 73
2026/07/29 08:29:12.831, 302.86, 100, 74232, 73
2026/07/29 08:29:13.868, 302.42, 100, 74232, 72
2026/07/29 08:29:14.907, 301.68, 100, 74232, 73
2026/07/29 08:29:15.944, 293.76, 100, 74232, 72
2026/07/29 08:29:16.982, 293.56, 100, 74232, 72
2026/07/29 08:29:18.019, 298.03, 100, 74232, 72
2026/07/29 08:29:19.057, 292.30, 100, 74232, 72
2026/07/29 08:29:20.095, 303.22, 100, 74232, 72
2026/07/29 08:29:21.133, 298.30, 100, 74232, 72
2026/07/29 08:29:22.171, 293.44, 100, 74232, 72
2026/07/29 08:29:23.210, 295.18, 100, 74232, 72
2026/07/29 08:29:24.249, 302.59, 100, 74232, 72
2026/07/29 08:29:25.288, 289.19, 100, 74232, 72
2026/07/29 08:29:26.326, 295.20, 100, 74232, 72
2026/07/29 08:29:27.364, 294.60, 100, 74232, 72
2026/07/29 08:29:28.402, 292.38, 100, 74232, 72
2026/07/29 08:29:29.439, 293.07, 100, 74232, 72
2026/07/29 08:29:30.480, 294.81, 100, 74232, 73
2026/07/29 08:29:31.518, 300.03, 100, 74232, 73
2026/07/29 08:29:32.556, 301.38, 100, 74232, 73
2026/07/29 08:29:33.596, 299.53, 100, 74232, 73
2026/07/29 08:29:34.634, 302.72, 100, 74232, 73
2026/07/29 08:29:35.671, 299.84, 100, 74232, 73
2026/07/29 08:29:36.709, 302.82, 100, 74232, 73
2026/07/29 08:29:37.747, 301.99, 100, 74232, 72
2026/07/29 08:29:38.786, 300.32, 100, 74232, 72
2026/07/29 08:29:39.823, 302.55, 100, 74232, 72
2026/07/29 08:29:40.861, 301.09, 100, 74232, 72
2026/07/29 08:29:41.899, 300.74, 100, 74232, 72
2026/07/29 08:29:42.937, 301.01, 100, 74232, 72
2026/07/29 08:29:43.975, 299.86, 100, 74232, 74
2026/07/29 08:29:45.011, 307.19, 100, 74232, 74
2026/07/29 08:29:46.047, 302.13, 100, 74232, 74
2026/07/29 08:29:47.081, 305.52, 100, 74232, 74
2026/07/29 08:29:48.116, 290.71, 100, 74232, 74
2026/07/29 08:29:49.151, 300.91, 100, 74232, 72
2026/07/29 08:29:50.188, 299.55, 100, 74232, 72
2026/07/29 08:29:51.225, 300.90, 100, 74232, 72
2026/07/29 08:29:52.264, 300.81, 100, 74232, 72
2026/07/29 08:29:53.302, 300.61, 100, 74232, 72
2026/07/29 08:29:54.338, 302.05, 100, 74232, 72
2026/07/29 08:29:55.376, 301.09, 100, 74232, 72
2026/07/29 08:29:56.414, 301.79, 100, 74232, 72
2026/07/29 08:29:57.452, 303.11, 100, 74232, 73
2026/07/29 08:29:58.489, 301.41, 100, 74232, 73
2026/07/29 08:29:59.526, 302.71, 100, 74232, 73
2026/07/29 08:30:00.563, 303.29, 100, 74232, 73
2026/07/29 08:30:01.600, 301.18, 100, 74232, 73
2026/07/29 08:30:02.638, 302.47, 100, 74232, 73
2026/07/29 08:30:03.675, 97.90, 28, 74232, 70
2026/07/29 08:30:04.710, 291.32, 100, 74232, 74
2026/07/29 08:30:05.747, 302.85, 100, 74232, 74
2026/07/29 08:30:06.783, 292.48, 100, 74232, 74
2026/07/29 08:30:07.818, 264.52, 100, 74232, 74
2026/07/29 08:30:08.853, 284.93, 100, 74232, 74
2026/07/29 08:30:09.890, 311.99, 100, 74232, 73
2026/07/29 08:30:10.928, 293.26, 100, 74232, 72
2026/07/29 08:30:11.968, 293.94, 100, 74232, 72
2026/07/29 08:30:13.005, 296.34, 100, 74232, 72
2026/07/29 08:30:14.042, 294.23, 100, 74232, 72
2026/07/29 08:30:15.079, 304.31, 100, 74232, 74
2026/07/29 08:30:16.115, 299.92, 100, 74232, 74
2026/07/29 08:30:17.151, 302.45, 100, 74232, 74
2026/07/29 08:30:18.189, 301.00, 100, 74232, 74
2026/07/29 08:30:19.224, 308.77, 100, 74232, 75
2026/07/29 08:30:20.258, 303.35, 100, 74232, 74
2026/07/29 08:30:21.293, 321.33, 100, 74232, 75
2026/07/29 08:30:22.328, 302.11, 100, 74232, 73
2026/07/29 08:30:23.366, 296.45, 100, 74232, 73
2026/07/29 08:30:24.411, 297.59, 100, 74232, 73
2026/07/29 08:30:25.449, 295.57, 100, 74232, 73
2026/07/29 08:30:26.487, 292.27, 100, 74232, 73
2026/07/29 08:30:27.524, 295.60, 100, 74232, 73
2026/07/29 08:30:28.561, 292.28, 100, 74232, 73
2026/07/29 08:30:29.599, 294.93, 100, 74232, 73
2026/07/29 08:30:30.636, 296.45, 100, 74232, 73
2026/07/29 08:30:31.675, 297.61, 100, 74232, 73
2026/07/29 08:30:32.713, 295.40, 100, 74232, 73
2026/07/29 08:30:33.750, 100.20, 0, 74232, 70
2026/07/29 08:30:34.783, 301.97, 100, 74232, 74
2026/07/29 08:30:35.820, 297.02, 100, 74232, 75
2026/07/29 08:30:36.854, 300.09, 100, 74232, 74
2026/07/29 08:30:37.891, 315.08, 100, 74232, 74
2026/07/29 08:30:38.928, 288.44, 100, 74232, 75
2026/07/29 08:30:39.963, 329.88, 100, 74232, 75
2026/07/29 08:30:40.997, 293.75, 100, 74232, 75
2026/07/29 08:30:42.034, 303.00, 100, 74232, 73
2026/07/29 08:30:43.070, 303.03, 100, 74232, 73
2026/07/29 08:30:44.107, 306.03, 100, 74232, 73
2026/07/29 08:30:45.143, 302.75, 100, 74232, 73
2026/07/29 08:30:46.184, 287.85, 75, 74232, 74
2026/07/29 08:30:47.218, 288.62, 100, 74232, 74
2026/07/29 08:30:48.253, 298.56, 100, 74232, 74
2026/07/29 08:30:49.286, 291.63, 100, 74232, 74
2026/07/29 08:30:50.320, 286.76, 100, 74232, 74
2026/07/29 08:30:51.354, 289.86, 100, 74232, 75
2026/07/29 08:30:52.387, 326.76, 100, 74232, 75
2026/07/29 08:30:53.421, 303.21, 100, 74232, 73
2026/07/29 08:30:54.459, 302.87, 100, 74232, 73
2026/07/29 08:30:55.497, 303.23, 100, 74232, 73
2026/07/29 08:30:56.534, 303.45, 100, 74232, 73
2026/07/29 08:30:57.572, 99.79, 0, 74232, 74
2026/07/29 08:30:58.605, 290.39, 100, 74232, 74
2026/07/29 08:30:59.639, 282.55, 100, 74232, 75
2026/07/29 08:31:00.675, 307.03, 100, 74232, 75
2026/07/29 08:31:01.709, 292.01, 100, 74232, 75
2026/07/29 08:31:02.744, 299.23, 100, 74232, 75
2026/07/29 08:31:03.778, 271.01, 100, 74232, 75
2026/07/29 08:31:04.812, 261.84, 100, 74232, 73
2026/07/29 08:31:05.852, 285.01, 100, 74232, 73
2026/07/29 08:31:06.890, 295.01, 100, 74232, 73
2026/07/29 08:31:07.927, 289.67, 100, 74232, 73
2026/07/29 08:31:08.967, 292.57, 100, 74232, 73
2026/07/29 08:31:10.004, 306.61, 100, 74232, 74
2026/07/29 08:31:11.042, 303.47, 100, 74232, 73
2026/07/29 08:31:12.075, 99.54, 0, 74232, 70
2026/07/29 08:31:13.108, 301.67, 100, 74232, 73
2026/07/29 08:31:14.145, 301.42, 100, 74232, 73
2026/07/29 08:31:15.182, 303.02, 100, 74232, 73
2026/07/29 08:31:16.219, 301.38, 100, 74232, 73
2026/07/29 08:31:17.256, 302.92, 100, 74232, 73
2026/07/29 08:31:18.294, 303.08, 100, 74232, 73
2026/07/29 08:31:19.332, 301.57, 100, 74232, 73
2026/07/29 08:31:20.369, 305.70, 100, 74232, 73
2026/07/29 08:31:21.407, 302.11, 100, 74232, 73
2026/07/29 08:31:22.444, 301.29, 100, 74232, 73
2026/07/29 08:31:23.480, 303.60, 100, 74232, 73
2026/07/29 08:31:24.517, 302.55, 100, 74232, 73
2026/07/29 08:31:25.556, 302.33, 100, 74232, 73
2026/07/29 08:31:26.594, 288.61, 100, 74232, 73
2026/07/29 08:31:27.631, 293.94, 100, 74232, 73
2026/07/29 08:31:28.673, 295.09, 100, 74232, 73
2026/07/29 08:31:29.710, 294.04, 100, 74232, 73
2026/07/29 08:31:30.747, 294.01, 100, 74232, 73
2026/07/29 08:31:31.784, 295.28, 100, 74232, 73
2026/07/29 08:31:32.821, 293.47, 100, 74232, 73
2026/07/29 08:31:33.858, 294.62, 100, 74232, 73
2026/07/29 08:31:34.895, 294.12, 100, 74232, 73
2026/07/29 08:31:35.931, 295.68, 100, 74232, 73
2026/07/29 08:31:36.972, 299.85, 100, 74232, 73
2026/07/29 08:31:38.010, 298.28, 100, 74232, 73
2026/07/29 08:31:39.050, 302.20, 100, 74232, 73
2026/07/29 08:31:40.089, 302.04, 100, 74232, 73
2026/07/29 08:31:41.126, 303.38, 100, 74232, 73
2026/07/29 08:31:42.165, 301.90, 100, 74232, 73
2026/07/29 08:31:43.200, 302.00, 100, 74232, 73
2026/07/29 08:31:44.237, 303.79, 100, 74232, 73
2026/07/29 08:31:45.274, 302.53, 100, 74232, 73
2026/07/29 08:31:46.310, 302.57, 100, 74232, 73
2026/07/29 08:31:47.347, 303.90, 100, 74232, 73
2026/07/29 08:31:48.384, 302.54, 100, 74232, 73
2026/07/29 08:31:49.421, 302.73, 100, 74232, 73
2026/07/29 08:31:50.457, 302.85, 100, 74232, 73
2026/07/29 08:31:51.494, 302.00, 100, 74232, 73
2026/07/29 08:31:52.532, 303.11, 100, 74232, 73
2026/07/29 08:31:53.569, 295.10, 100, 74232, 73
2026/07/29 08:31:54.607, 295.28, 100, 74232, 73
2026/07/29 08:31:55.646, 301.29, 100, 74232, 73
2026/07/29 08:31:56.683, 290.75, 100, 74232, 73
2026/07/29 08:31:57.720, 294.72, 100, 74232, 73
2026/07/29 08:31:58.759, 295.31, 100, 74232, 73
2026/07/29 08:31:59.796, 294.72, 100, 74232, 73
2026/07/29 08:32:00.834, 290.43, 100, 74232, 73
2026/07/29 08:32:01.872, 290.66, 100, 74232, 73
2026/07/29 08:32:02.910, 293.45, 100, 74232, 73
2026/07/29 08:32:03.946, 302.23, 100, 74232, 73
2026/07/29 08:32:04.984, 291.61, 100, 74232, 73
2026/07/29 08:32:06.022, 301.01, 100, 74232, 73
2026/07/29 08:32:07.058, 304.33, 100, 74232, 73
2026/07/29 08:32:08.096, 301.99, 100, 74232, 73
2026/07/29 08:32:09.133, 303.80, 100, 74232, 73
2026/07/29 08:32:10.170, 292.18, 100, 74232, 73
2026/07/29 08:32:11.207, 294.61, 100, 74232, 73
2026/07/29 08:32:12.244, 295.29, 100, 74232, 73
2026/07/29 08:32:13.281, 290.46, 100, 74232, 73
2026/07/29 08:32:14.320, 294.12, 100, 74232, 73
2026/07/29 08:32:15.357, 295.97, 100, 74232, 73
2026/07/29 08:32:16.393, 293.62, 100, 74232, 73
2026/07/29 08:32:17.431, 296.34, 100, 74232, 73
2026/07/29 08:32:18.470, 294.42, 100, 74232, 73
2026/07/29 08:32:19.511, 302.13, 100, 74232, 73
2026/07/29 08:32:20.549, 301.86, 100, 74232, 73
2026/07/29 08:32:21.586, 304.18, 100, 74232, 73
2026/07/29 08:32:22.624, 301.48, 100, 74232, 73
2026/07/29 08:32:23.661, 301.86, 100, 74232, 73
2026/07/29 08:32:24.698, 300.89, 100, 74232, 73
2026/07/29 08:32:25.736, 302.49, 100, 74232, 73
2026/07/29 08:32:26.773, 301.50, 100, 74232, 73
2026/07/29 08:32:27.811, 299.16, 100, 74232, 73
2026/07/29 08:32:28.849, 300.62, 100, 74232, 73
2026/07/29 08:32:29.888, 300.81, 100, 74232, 73
2026/07/29 08:32:30.925, 302.45, 100, 74232, 73
2026/07/29 08:32:31.963, 303.52, 100, 74232, 73
2026/07/29 08:32:33.001, 302.26, 100, 74232, 73
2026/07/29 08:32:34.038, 300.99, 100, 74232, 73
2026/07/29 08:32:35.079, 295.11, 100, 74232, 73
2026/07/29 08:32:36.116, 293.55, 100, 74232, 73
2026/07/29 08:32:37.154, 290.54, 100, 74232, 73
2026/07/29 08:32:38.192, 292.99, 100, 74232, 73
2026/07/29 08:32:39.230, 294.23, 100, 74232, 73
2026/07/29 08:32:40.269, 293.26, 100, 74232, 73
2026/07/29 08:32:41.308, 302.82, 100, 74232, 73
2026/07/29 08:32:42.345, 300.83, 100, 74232, 73
2026/07/29 08:32:43.383, 300.89, 100, 74232, 73
2026/07/29 08:32:44.421, 301.41, 100, 74232, 73
2026/07/29 08:32:45.457, 302.40, 100, 74232, 73
2026/07/29 08:32:46.494, 301.80, 100, 74232, 73
2026/07/29 08:32:47.532, 299.58, 100, 74232, 73
2026/07/29 08:32:48.570, 300.24, 100, 74232, 74
2026/07/29 08:32:49.604, 296.73, 100, 74232, 74
2026/07/29 08:32:50.641, 281.40, 100, 74232, 74
2026/07/29 08:32:51.675, 291.63, 100, 74232, 74
2026/07/29 08:32:52.709, 305.86, 100, 74232, 74
2026/07/29 08:32:53.746, 321.16, 100, 74232, 74
2026/07/29 08:32:54.785, 302.45, 100, 74232, 72
2026/07/29 08:32:55.822, 301.29, 100, 74232, 72
2026/07/29 08:32:56.859, 302.25, 100, 74232, 72
2026/07/29 08:32:57.896, 303.70, 100, 74232, 73
2026/07/29 08:32:58.933, 302.43, 100, 74232, 74
2026/07/29 08:32:59.968, 303.05, 100, 74232, 74
2026/07/29 08:33:01.005, 271.94, 100, 74232, 74
2026/07/29 08:33:02.040, 280.54, 100, 74232, 74
2026/07/29 08:33:03.075, 274.20, 100, 74232, 74
2026/07/29 08:33:04.109, 321.79, 100, 74232, 75
2026/07/29 08:33:05.150, 299.05, 100, 74232, 73
2026/07/29 08:33:06.188, 294.23, 100, 74232, 73
2026/07/29 08:33:07.226, 302.39, 100, 74232, 73
2026/07/29 08:33:08.263, 304.57, 100, 74232, 73
2026/07/29 08:33:09.299, 306.89, 100, 74232, 73
2026/07/29 08:33:10.336, 304.40, 100, 74232, 73
2026/07/29 08:33:11.373, 303.30, 100, 74232, 73
2026/07/29 08:33:12.411, 303.88, 100, 74232, 73
2026/07/29 08:33:13.447, 100.30, 0, 74232, 70
2026/07/29 08:33:14.479, 98.64, 0, 74232, 69
2026/07/29 08:33:15.511, 98.03, 0, 74232, 69
2026/07/29 08:33:16.542, 97.56, 0, 74232, 68
2026/07/29 08:33:17.573, 96.30, 0, 74232, 68
2026/07/29 08:33:18.608, 95.20, 0, 74232, 67
2026/07/29 08:33:19.641, 94.98, 0, 74232, 66
2026/07/29 08:33:20.674, 93.19, 0, 74232, 66
2026/07/29 08:33:21.707, 93.85, 0, 74232, 66
2026/07/29 08:33:22.740, 92.47, 0, 74232, 65
2026/07/29 08:33:23.832, 91.38, 0, 74232, 65
2026/07/29 08:33:24.865, 90.82, 0, 74232, 64
2026/07/29 08:33:25.898, 90.76, 0, 74232, 64
2026/07/29 08:33:26.930, 90.89, 0, 74232, 64
2026/07/29 08:33:27.960, 90.94, 0, 74232, 63
2026/07/29 08:33:28.991, 89.61, 0, 74232, 63
2026/07/29 08:33:30.022, 90.30, 0, 74232, 63
2026/07/29 08:33:31.052, 89.09, 0, 74232, 62
2026/07/29 08:33:32.083, 89.48, 0, 74232, 62
2026/07/29 08:33:33.117, 88.14, 0, 74232, 62
2026/07/29 08:33:34.148, 89.48, 0, 74232, 61
2026/07/29 08:33:35.514, 88.29, 0, 74232, 61
2026/07/29 08:33:36.544, 87.25, 0, 74232, 61
2026/07/29 08:33:37.575, 86.50, 0, 74232, 61
2026/07/29 08:33:38.605, 87.26, 0, 74232, 60
2026/07/29 08:33:39.637, 86.41, 0, 74232, 60
2026/07/29 08:33:40.669, 86.02, 0, 74232, 60
2026/07/29 08:33:41.700, 85.30, 0, 74232, 59
2026/07/29 08:33:42.730, 85.42, 0, 74232, 59
2026/07/29 08:33:43.761, 85.68, 0, 74232, 59
2026/07/29 08:33:44.792, 85.77, 0, 74232, 59
2026/07/29 08:33:45.841, 84.36, 0, 74232, 58
2026/07/29 08:33:46.871, 83.46, 0, 74232, 58
2026/07/29 08:33:47.902, 83.40, 0, 74232, 58
2026/07/29 08:33:48.935, 82.81, 0, 74232, 58
2026/07/29 08:33:49.966, 82.85, 0, 74232, 57
2026/07/29 08:33:50.997, 82.87, 0, 74232, 57
2026/07/29 08:33:52.028, 82.55, 0, 74232, 57
2026/07/29 08:33:53.059, 82.88, 0, 74232, 57
2026/07/29 08:33:54.089, 82.11, 0, 74232, 57
2026/07/29 08:33:55.119, 82.30, 0, 74232, 56
2026/07/29 08:33:56.151, 82.53, 0, 74232, 56
2026/07/29 08:33:57.183, 81.28, 0, 74232, 56
2026/07/29 08:33:59.328, 80.52, 0, 74232, 55
2026/07/29 08:34:00.359, 80.70, 0, 74232, 55
2026/07/29 08:34:01.390, 80.25, 0, 74232, 55
2026/07/29 08:34:02.422, 80.55, 0, 74232, 55
2026/07/29 08:34:03.453, 80.36, 0, 74232, 55
2026/07/29 08:34:04.483, 80.07, 0, 74232, 54
2026/07/29 08:34:05.514, 80.00, 0, 74232, 54
2026/07/29 08:34:06.545, 79.73, 0, 74232, 54
2026/07/29 08:34:07.577, 79.42, 0, 74232, 54
2026/07/29 08:34:08.609, 78.74, 0, 74232, 53
2026/07/29 08:34:09.641, 78.12, 0, 74232, 53
2026/07/29 08:34:10.672, 78.01, 0, 74232, 53
2026/07/29 08:34:11.706, 78.09, 0, 74232, 53
2026/07/29 08:34:12.738, 78.03, 0, 74232, 53
2026/07/29 08:34:13.770, 77.93, 0, 74232, 52
2026/07/29 08:34:14.802, 77.54, 0, 74232, 52
2026/07/29 08:34:15.833, 77.47, 0, 74232, 52
2026/07/29 08:34:16.865, 77.37, 0, 74232, 52
2026/07/29 08:34:17.895, 76.96, 0, 74232, 52
2026/07/29 08:34:18.926, 77.58, 0, 74232, 52
2026/07/29 08:34:19.956, 76.94, 0, 74232, 51
2026/07/29 08:34:20.989, 76.55, 0, 74232, 51
2026/07/29 08:34:22.498, 302.55, 100, 74232, 57
2026/07/29 08:34:23.533, 298.22, 100, 74232, 57
2026/07/29 08:34:24.568, 289.22, 100, 74232, 58
2026/07/29 08:34:25.608, 305.05, 100, 74232, 58
2026/07/29 08:34:26.641, 295.20, 100, 74232, 57
2026/07/29 08:34:27.678, 291.31, 100, 74232, 57
2026/07/29 08:34:28.714, 291.41, 100, 74232, 57
2026/07/29 08:34:29.751, 297.90, 100, 74232, 58
2026/07/29 08:34:30.787, 293.04, 100, 74232, 58
2026/07/29 08:34:31.824, 297.97, 100, 74232, 58
2026/07/29 08:34:32.860, 296.65, 100, 74232, 59
2026/07/29 08:34:33.965, 292.37, 100, 74232, 61
2026/07/29 08:34:34.998, 299.84, 100, 74232, 61
2026/07/29 08:34:36.034, 305.01, 100, 74232, 62
2026/07/29 08:34:37.068, 275.67, 100, 74232, 62
2026/07/29 08:34:38.103, 304.71, 100, 74232, 60
2026/07/29 08:34:39.139, 303.70, 100, 74232, 61
2026/07/29 08:34:40.175, 302.62, 100, 74232, 61
2026/07/29 08:34:41.212, 303.32, 100, 74232, 61
2026/07/29 08:34:42.248, 302.35, 100, 74232, 61
2026/07/29 08:34:43.288, 299.50, 100, 74232, 63
2026/07/29 08:34:44.321, 300.31, 100, 74232, 64
2026/07/29 08:34:45.355, 301.74, 100, 74232, 64
2026/07/29 08:34:46.390, 294.71, 100, 74232, 64
2026/07/29 08:34:47.431, 301.31, 100, 74232, 63
2026/07/29 08:34:48.468, 300.53, 100, 74232, 63
2026/07/29 08:34:49.505, 378.92, 100, 74232, 65
2026/07/29 08:34:50.540, 294.14, 100, 74232, 65
2026/07/29 08:34:51.577, 291.36, 100, 74232, 65
2026/07/29 08:34:52.611, 289.08, 100, 74232, 66
2026/07/29 08:34:53.645, 290.46, 100, 74232, 66
2026/07/29 08:34:54.678, 305.55, 100, 74232, 64
2026/07/29 08:34:55.715, 304.57, 100, 74232, 64
2026/07/29 08:34:56.753, 305.03, 100, 74232, 65
2026/07/29 08:34:57.789, 296.05, 100, 74232, 67
2026/07/29 08:34:58.825, 306.81, 100, 74232, 67
2026/07/29 08:34:59.859, 302.55, 100, 74232, 67
2026/07/29 08:35:00.893, 316.20, 100, 74232, 67
2026/07/29 08:35:01.928, 291.21, 100, 74232, 67
2026/07/29 08:35:02.963, 298.67, 100, 74232, 66
2026/07/29 08:35:04.001, 299.96, 100, 74232, 66
2026/07/29 08:35:05.037, 300.40, 100, 74232, 66
2026/07/29 08:35:06.073, 300.73, 100, 74232, 66
2026/07/29 08:35:07.108, 300.73, 100, 74232, 66
2026/07/29 08:35:08.146, 301.08, 100, 74232, 67
2026/07/29 08:35:09.184, 300.46, 100, 74232, 67
2026/07/29 08:35:10.221, 300.68, 100, 74232, 67
2026/07/29 08:35:11.258, 301.59, 100, 74232, 67
2026/07/29 08:35:12.295, 301.87, 100, 74232, 67
2026/07/29 08:35:13.331, 300.23, 100, 74232, 67
2026/07/29 08:35:14.368, 407.59, 26, 74232, 68
2026/07/29 08:35:15.404, 293.92, 100, 74232, 69
2026/07/29 08:35:16.438, 292.16, 100, 74232, 69
2026/07/29 08:35:17.472, 276.00, 100, 74232, 69
2026/07/29 08:35:18.507, 294.58, 100, 74232, 69
2026/07/29 08:35:19.547, 266.98, 100, 74232, 69
2026/07/29 08:35:20.580, 300.53, 100, 74232, 68
2026/07/29 08:35:21.616, 301.29, 100, 74232, 68
2026/07/29 08:35:22.652, 295.68, 100, 74232, 68
2026/07/29 08:35:23.690, 355.47, 31, 74232, 69
2026/07/29 08:35:24.726, 298.90, 100, 74232, 70
2026/07/29 08:35:25.761, 280.82, 100, 74232, 70
2026/07/29 08:35:26.800, 306.95, 100, 74232, 70
2026/07/29 08:35:27.836, 303.81, 100, 74232, 71
2026/07/29 08:35:28.870, 280.85, 100, 74232, 70
2026/07/29 08:35:29.904, 304.49, 100, 74232, 69
2026/07/29 08:35:30.940, 303.49, 100, 74232, 69
2026/07/29 08:35:31.979, 302.63, 100, 74232, 69
2026/07/29 08:35:33.016, 93.82, 0, 74232, 66
2026/07/29 08:35:34.047, 296.09, 100, 74232, 71
2026/07/29 08:35:35.089, 302.49, 100, 74232, 71
2026/07/29 08:35:36.123, 284.52, 100, 74232, 71
2026/07/29 08:35:37.158, 288.31, 100, 74232, 71
2026/07/29 08:35:38.194, 307.43, 100, 74232, 71
2026/07/29 08:35:39.230, 304.96, 100, 74232, 70
2026/07/29 08:35:40.267, 304.77, 100, 74232, 70
2026/07/29 08:35:41.304, 304.98, 100, 74232, 70
2026/07/29 08:35:42.340, 305.38, 100, 74232, 70
2026/07/29 08:35:43.377, 304.89, 66, 74232, 71
2026/07/29 08:35:44.413, 302.43, 100, 74232, 72
2026/07/29 08:35:45.453, 306.64, 100, 74232, 72
2026/07/29 08:35:46.488, 285.86, 100, 74232, 72
2026/07/29 08:35:47.524, 291.70, 100, 74232, 72
2026/07/29 08:35:48.558, 294.94, 100, 74232, 72
2026/07/29 08:35:49.593, 294.91, 100, 74232, 71
2026/07/29 08:35:50.630, 302.35, 100, 74232, 71
2026/07/29 08:35:51.667, 302.93, 100, 74232, 71
2026/07/29 08:35:52.704, 304.48, 100, 74232, 71
2026/07/29 08:35:53.743, 97.38, 0, 74232, 68
2026/07/29 08:35:54.776, 299.28, 100, 74232, 73
2026/07/29 08:35:55.814, 294.16, 100, 74232, 73
2026/07/29 08:35:56.848, 290.73, 100, 74232, 73
2026/07/29 08:35:57.883, 292.63, 100, 74232, 73
2026/07/29 08:35:58.918, 276.52, 100, 74232, 73
2026/07/29 08:35:59.952, 298.00, 100, 74232, 71
2026/07/29 08:36:00.990, 292.48, 100, 74232, 71
2026/07/29 08:36:02.028, 292.27, 100, 74232, 71
2026/07/29 08:36:03.066, 97.95, 0, 74232, 68
2026/07/29 08:36:04.099, 293.43, 100, 74232, 73
2026/07/29 08:36:05.134, 295.95, 100, 74232, 73
2026/07/29 08:36:06.170, 298.28, 100, 74232, 73
2026/07/29 08:36:07.207, 307.84, 100, 74232, 73
2026/07/29 08:36:08.243, 300.90, 100, 74232, 73
2026/07/29 08:36:09.278, 301.04, 100, 74232, 72
2026/07/29 08:36:10.314, 295.27, 100, 74232, 72
2026/07/29 08:36:11.352, 290.34, 100, 74232, 72
2026/07/29 08:36:12.388, 289.95, 100, 74232, 72
2026/07/29 08:36:13.426, 304.97, 43, 74232, 73
2026/07/29 08:36:14.462, 303.90, 100, 74232, 74
2026/07/29 08:36:15.496, 280.99, 100, 74232, 74
2026/07/29 08:36:16.532, 310.25, 100, 74232, 74
2026/07/29 08:36:17.568, 269.01, 100, 74232, 74
2026/07/29 08:36:18.604, 262.36, 100, 74232, 74
2026/07/29 08:36:19.638, 301.77, 100, 74232, 72
2026/07/29 08:36:20.676, 300.14, 100, 74232, 72
2026/07/29 08:36:21.715, 301.75, 100, 74232, 72
2026/07/29 08:36:22.753, 302.11, 7, 74232, 75
2026/07/29 08:36:23.831, 303.90, 100, 74232, 74
2026/07/29 08:36:24.866, 298.65, 100, 74232, 74
2026/07/29 08:36:25.902, 294.88, 100, 74232, 74
2026/07/29 08:36:26.938, 299.49, 100, 74232, 74
2026/07/29 08:36:27.971, 298.66, 100, 74232, 74
2026/07/29 08:36:29.011, 301.19, 100, 74232, 72
2026/07/29 08:36:30.049, 290.73, 100, 74232, 72
2026/07/29 08:36:31.086, 294.35, 100, 74232, 72
2026/07/29 08:36:32.124, 294.32, 100, 74232, 72
2026/07/29 08:36:33.161, 291.60, 100, 74232, 72
2026/07/29 08:36:34.205, 291.80, 100, 74232, 73
2026/07/29 08:36:35.244, 301.28, 100, 74232, 73
2026/07/29 08:36:36.281, 302.05, 100, 74232, 73
2026/07/29 08:36:37.318, 301.59, 100, 74232, 73
2026/07/29 08:36:38.354, 302.35, 100, 74232, 73
2026/07/29 08:36:39.391, 102.31, 100, 74232, 71
2026/07/29 08:36:40.424, 301.13, 100, 74232, 74
2026/07/29 08:36:41.459, 301.78, 100, 74232, 74
2026/07/29 08:36:42.493, 291.41, 100, 74232, 74
2026/07/29 08:36:43.527, 285.17, 100, 74232, 74
2026/07/29 08:36:44.561, 312.39, 100, 74232, 74
2026/07/29 08:36:45.597, 290.20, 100, 74232, 74
2026/07/29 08:36:46.632, 301.70, 100, 74232, 73
2026/07/29 08:36:47.670, 302.09, 100, 74232, 73
2026/07/29 08:36:48.708, 301.52, 100, 74232, 73
2026/07/29 08:36:49.747, 294.69, 100, 74232, 74
2026/07/29 08:36:50.783, 292.42, 100, 74232, 74
2026/07/29 08:36:51.819, 275.02, 100, 74232, 74
2026/07/29 08:36:52.853, 304.78, 100, 74232, 75
2026/07/29 08:36:53.887, 317.79, 100, 74232, 75
2026/07/29 08:36:54.921, 274.83, 100, 74232, 75
2026/07/29 08:36:55.956, 304.28, 100, 74232, 73
2026/07/29 08:36:56.993, 303.07, 100, 74232, 73
2026/07/29 08:36:58.030, 303.22, 100, 74232, 73
2026/07/29 08:36:59.066, 300.98, 100, 74232, 73
2026/07/29 08:37:00.104, 99.86, 0, 74232, 70
2026/07/29 08:37:01.137, 296.44, 100, 74232, 75
2026/07/29 08:37:02.172, 310.75, 100, 74232, 75
2026/07/29 08:37:03.206, 304.61, 100, 74232, 75
2026/07/29 08:37:04.243, 303.48, 100, 74232, 75
2026/07/29 08:37:05.277, 278.21, 100, 74232, 75
2026/07/29 08:37:06.312, 291.79, 100, 74232, 74
2026/07/29 08:37:07.349, 303.18, 100, 74232, 73
2026/07/29 08:37:08.387, 305.15, 100, 74232, 73
2026/07/29 08:37:09.424, 303.57, 100, 74232, 73
2026/07/29 08:37:10.462, 300.69, 100, 74232, 75
2026/07/29 08:37:11.496, 312.01, 100, 74232, 75
2026/07/29 08:37:12.530, 299.55, 100, 74232, 75
2026/07/29 08:37:13.563, 301.78, 100, 74232, 75
2026/07/29 08:37:14.599, 302.52, 100, 74232, 75
2026/07/29 08:37:15.640, 297.40, 100, 74232, 75
2026/07/29 08:37:16.675, 304.32, 100, 74232, 74
2026/07/29 08:37:17.712, 303.40, 100, 74232, 74
2026/07/29 08:37:18.750, 303.61, 100, 74232, 74
2026/07/29 08:37:19.789, 305.33, 100, 74232, 74
2026/07/29 08:37:20.825, 303.89, 100, 74232, 74
2026/07/29 08:37:21.864, 304.17, 100, 74232, 74
2026/07/29 08:37:22.900, 303.59, 100, 74232, 74
2026/07/29 08:37:23.938, 303.68, 100, 74232, 74
2026/07/29 08:37:24.974, 304.51, 100, 74232, 74
2026/07/29 08:37:26.012, 303.05, 100, 74232, 74
2026/07/29 08:37:27.048, 303.83, 100, 74232, 74
2026/07/29 08:37:28.086, 307.65, 100, 74232, 74
2026/07/29 08:37:29.122, 303.42, 100, 74232, 74
2026/07/29 08:37:30.165, 305.08, 100, 74232, 74
2026/07/29 08:37:31.203, 303.22, 100, 74232, 73
2026/07/29 08:37:32.240, 302.93, 100, 74232, 73
2026/07/29 08:37:33.277, 296.45, 100, 74232, 73
2026/07/29 08:37:34.314, 296.05, 100, 74232, 73
2026/07/29 08:37:35.352, 296.93, 100, 74232, 73
2026/07/29 08:37:36.388, 295.87, 100, 74232, 73
2026/07/29 08:37:37.424, 291.73, 100, 74232, 73
2026/07/29 08:37:38.461, 291.70, 100, 74232, 73
2026/07/29 08:37:39.498, 296.07, 100, 74232, 73
2026/07/29 08:37:40.535, 298.18, 100, 74232, 73
2026/07/29 08:37:41.571, 398.32, 81, 74232, 74
2026/07/29 08:37:42.610, 298.28, 100, 74232, 75
2026/07/29 08:37:43.643, 299.84, 100, 74232, 75
2026/07/29 08:37:44.676, 289.87, 100, 74232, 75
2026/07/29 08:37:45.714, 275.62, 100, 74232, 75
2026/07/29 08:37:46.750, 282.43, 100, 74232, 75
2026/07/29 08:37:47.784, 272.29, 100, 74232, 75
2026/07/29 08:37:48.818, 302.86, 100, 74232, 73
2026/07/29 08:37:49.855, 299.10, 100, 74232, 73
2026/07/29 08:37:50.892, 303.23, 100, 74232, 73
2026/07/29 08:37:51.929, 303.42, 100, 74232, 73
2026/07/29 08:37:52.966, 304.19, 100, 74232, 73
2026/07/29 08:37:54.003, 302.45, 100, 74232, 73
2026/07/29 08:37:55.041, 303.20, 100, 74232, 73
2026/07/29 08:37:56.077, 303.11, 100, 74232, 73
2026/07/29 08:37:57.122, 305.18, 100, 74232, 73
2026/07/29 08:37:58.158, 303.46, 100, 74232, 73
2026/07/29 08:37:59.196, 303.29, 100, 74232, 73
2026/07/29 08:38:00.235, 292.65, 100, 74232, 73
2026/07/29 08:38:01.273, 295.69, 100, 74232, 73
2026/07/29 08:38:02.311, 298.58, 100, 74232, 73
2026/07/29 08:38:03.348, 294.24, 100, 74232, 73
2026/07/29 08:38:04.384, 297.03, 100, 74232, 73
2026/07/29 08:38:05.422, 295.00, 100, 74232, 73
2026/07/29 08:38:06.459, 295.99, 100, 74232, 73
2026/07/29 08:38:07.504, 295.49, 100, 74232, 73
2026/07/29 08:38:08.541, 294.54, 82, 74232, 75
2026/07/29 08:38:09.575, 289.63, 100, 74232, 75
2026/07/29 08:38:10.609, 308.48, 100, 74232, 75
2026/07/29 08:38:11.646, 288.39, 100, 74232, 75
2026/07/29 08:38:12.680, 296.72, 100, 74232, 75
2026/07/29 08:38:13.714, 288.46, 100, 74232, 75
2026/07/29 08:38:14.748, 292.02, 100, 74232, 75
2026/07/29 08:38:15.782, 303.45, 100, 74232, 73
2026/07/29 08:38:16.817, 299.08, 100, 74232, 73
2026/07/29 08:38:17.854, 302.45, 100, 74232, 73
2026/07/29 08:38:18.890, 299.77, 100, 74232, 73
2026/07/29 08:38:19.928, 291.54, 100, 74232, 73
2026/07/29 08:38:20.973, 295.59, 100, 74232, 73
2026/07/29 08:38:22.014, 301.88, 100, 74232, 73
2026/07/29 08:38:23.051, 298.75, 100, 74232, 73
2026/07/29 08:38:24.088, 297.36, 100, 74232, 73
2026/07/29 08:38:25.125, 304.39, 100, 74232, 73
2026/07/29 08:38:26.162, 303.60, 100, 74232, 73
2026/07/29 08:38:27.201, 303.40, 100, 74232, 73
2026/07/29 08:38:28.238, 303.76, 100, 74232, 73
2026/07/29 08:38:29.274, 304.10, 100, 74232, 73
2026/07/29 08:38:30.311, 302.34, 100, 74232, 73
2026/07/29 08:38:31.348, 303.83, 100, 74232, 73
2026/07/29 08:38:32.385, 304.48, 100, 74232, 75
2026/07/29 08:38:33.419, 303.05, 100, 74232, 73
2026/07/29 08:38:34.455, 304.36, 100, 74232, 73
2026/07/29 08:38:35.494, 301.77, 100, 74232, 73
2026/07/29 08:38:36.531, 304.01, 100, 74232, 73
2026/07/29 08:38:37.567, 302.30, 100, 74232, 73
2026/07/29 08:38:38.602, 300.81, 100, 74232, 73
2026/07/29 08:38:39.639, 303.61, 100, 74232, 73
2026/07/29 08:38:40.676, 301.67, 100, 74232, 73
2026/07/29 08:38:41.713, 301.21, 100, 74232, 73
2026/07/29 08:38:42.749, 302.62, 100, 74232, 73
2026/07/29 08:38:43.784, 302.08, 100, 74232, 73
2026/07/29 08:38:44.823, 295.68, 100, 74232, 73
2026/07/29 08:38:45.860, 291.88, 100, 74232, 73
2026/07/29 08:38:46.899, 292.48, 100, 74232, 73
2026/07/29 08:38:47.936, 296.55, 100, 74232, 73
2026/07/29 08:38:48.978, 294.91, 100, 74232, 73
2026/07/29 08:38:50.019, 294.90, 100, 74232, 73
2026/07/29 08:38:51.057, 303.17, 100, 74232, 73
2026/07/29 08:38:52.094, 298.39, 100, 74232, 73
2026/07/29 08:38:53.131, 295.66, 100, 74232, 73
2026/07/29 08:38:54.168, 294.73, 100, 74232, 73
2026/07/29 08:38:55.204, 297.71, 100, 74232, 73
2026/07/29 08:38:56.240, 298.20, 100, 74232, 73
2026/07/29 08:38:57.277, 302.26, 100, 74232, 73
2026/07/29 08:38:58.314, 302.81, 100, 74232, 73
2026/07/29 08:38:59.352, 300.87, 100, 74232, 73
2026/07/29 08:39:00.388, 302.76, 100, 74232, 73
2026/07/29 08:39:01.425, 300.60, 100, 74232, 73
2026/07/29 08:39:02.462, 302.49, 100, 74232, 73
2026/07/29 08:39:03.501, 301.42, 100, 74232, 73
2026/07/29 08:39:04.538, 302.05, 100, 74232, 73
2026/07/29 08:39:05.575, 301.77, 100, 74232, 73
2026/07/29 08:39:06.612, 296.77, 100, 74232, 73
2026/07/29 08:39:07.648, 297.60, 100, 74232, 73
2026/07/29 08:39:08.685, 302.72, 100, 74232, 73
2026/07/29 08:39:09.721, 301.57, 100, 74232, 73
2026/07/29 08:39:10.758, 301.37, 100, 74232, 73
2026/07/29 08:39:11.795, 302.54, 100, 74232, 73
2026/07/29 08:39:12.831, 301.80, 100, 74232, 73
2026/07/29 08:39:13.867, 300.71, 100, 74232, 73
2026/07/29 08:39:14.903, 300.11, 100, 74232, 72
2026/07/29 08:39:15.939, 302.15, 100, 74232, 72
2026/07/29 08:39:16.975, 299.34, 100, 74232, 72
2026/07/29 08:39:18.012, 301.21, 100, 74232, 72
2026/07/29 08:39:19.049, 300.34, 100, 74232, 72
2026/07/29 08:39:20.086, 300.99, 100, 74232, 73
2026/07/29 08:39:21.123, 303.94, 100, 74232, 73
2026/07/29 08:39:22.160, 302.67, 100, 74232, 72
2026/07/29 08:39:23.197, 300.64, 100, 74232, 72
2026/07/29 08:39:24.236, 304.00, 100, 74232, 72
2026/07/29 08:39:25.272, 299.32, 100, 74232, 72
2026/07/29 08:39:26.315, 299.28, 100, 74232, 72
2026/07/29 08:39:27.352, 302.25, 100, 74232, 72
2026/07/29 08:39:28.389, 302.83, 100, 74232, 72
2026/07/29 08:39:29.427, 301.43, 100, 74232, 72
2026/07/29 08:39:30.464, 301.66, 100, 74232, 72
2026/07/29 08:39:31.501, 294.89, 100, 74232, 72
2026/07/29 08:39:32.538, 301.09, 100, 74232, 73
2026/07/29 08:39:33.574, 301.13, 100, 74232, 73
2026/07/29 08:39:34.610, 301.12, 100, 74232, 73
2026/07/29 08:39:35.648, 302.72, 100, 74232, 73
2026/07/29 08:39:36.685, 301.08, 100, 74232, 73
2026/07/29 08:39:37.727, 301.40, 100, 74232, 73
2026/07/29 08:39:38.764, 303.30, 100, 74232, 73
2026/07/29 08:39:39.801, 300.02, 100, 74232, 72
2026/07/29 08:39:40.840, 300.89, 100, 74232, 72
2026/07/29 08:39:41.877, 294.80, 100, 74232, 72
2026/07/29 08:39:42.913, 294.69, 100, 74232, 72
2026/07/29 08:39:43.953, 294.89, 100, 74232, 72
2026/07/29 08:39:44.991, 293.94, 100, 74232, 72
2026/07/29 08:39:46.031, 295.42, 100, 74232, 72
2026/07/29 08:39:47.068, 292.68, 100, 74232, 72
2026/07/29 08:39:48.106, 292.77, 100, 74232, 72
2026/07/29 08:39:49.145, 293.74, 100, 74232, 72
2026/07/29 08:39:50.185, 296.16, 100, 74232, 72
2026/07/29 08:39:51.224, 298.98, 100, 74232, 72
2026/07/29 08:39:52.261, 299.63, 100, 74232, 72
2026/07/29 08:39:53.299, 300.93, 100, 74232, 72
2026/07/29 08:39:54.336, 299.92, 100, 74232, 72
2026/07/29 08:39:55.373, 296.55, 100, 74232, 72
2026/07/29 08:39:56.411, 300.12, 100, 74232, 72
2026/07/29 08:39:57.447, 297.54, 100, 74232, 72
2026/07/29 08:39:58.485, 302.35, 100, 74232, 72
2026/07/29 08:39:59.522, 297.24, 100, 74232, 72
2026/07/29 08:40:00.559, 301.29, 100, 74232, 72
2026/07/29 08:40:01.596, 303.71, 100, 74232, 72
2026/07/29 08:40:02.633, 301.32, 100, 74232, 72
2026/07/29 08:40:03.670, 300.03, 100, 74232, 72
2026/07/29 08:40:04.706, 301.09, 100, 74232, 72
2026/07/29 08:40:05.744, 302.31, 100, 74232, 72
2026/07/29 08:40:06.780, 300.68, 100, 74232, 72
2026/07/29 08:40:07.816, 301.49, 100, 74232, 72
2026/07/29 08:40:08.853, 301.46, 100, 74232, 72
2026/07/29 08:40:09.889, 302.83, 100, 74232, 72
2026/07/29 08:40:10.926, 301.68, 100, 74232, 72
2026/07/29 08:40:11.962, 300.69, 100, 74232, 72
2026/07/29 08:40:13.000, 308.11, 100, 74232, 74
2026/07/29 08:40:14.037, 297.50, 100, 74232, 74
2026/07/29 08:40:15.070, 287.92, 100, 74232, 74
2026/07/29 08:40:16.105, 281.42, 100, 74232, 74
2026/07/29 08:40:17.140, 312.02, 100, 74232, 74
2026/07/29 08:40:18.177, 311.81, 100, 74232, 74
2026/07/29 08:40:19.213, 300.41, 100, 74232, 74
2026/07/29 08:40:20.250, 290.64, 100, 74232, 72
2026/07/29 08:40:21.287, 290.45, 100, 74232, 72
2026/07/29 08:40:22.323, 293.64, 100, 74232, 72
2026/07/29 08:40:23.360, 293.56, 100, 74232, 72
2026/07/29 08:40:24.397, 293.34, 100, 74232, 72
2026/07/29 08:40:25.434, 98.78, 0, 74232, 69
2026/07/29 08:40:26.467, 301.32, 100, 74232, 74
2026/07/29 08:40:27.501, 292.46, 100, 74232, 74
2026/07/29 08:40:28.543, 298.07, 100, 74232, 74
2026/07/29 08:40:29.580, 299.18, 100, 74232, 74
2026/07/29 08:40:30.620, 304.72, 100, 74232, 74
2026/07/29 08:40:31.655, 294.11, 100, 74232, 74
2026/07/29 08:40:32.699, 301.11, 100, 74232, 72
2026/07/29 08:40:33.736, 300.91, 100, 74232, 72
2026/07/29 08:40:34.774, 302.01, 100, 74232, 72
2026/07/29 08:40:35.812, 301.08, 100, 74232, 72
2026/07/29 08:40:36.848, 98.36, 0, 74232, 69
2026/07/29 08:40:37.905, 265.83, 100, 74232, 74
2026/07/29 08:40:38.944, 296.17, 100, 74232, 74
2026/07/29 08:40:39.977, 278.05, 100, 74232, 74
2026/07/29 08:40:41.010, 314.17, 100, 74232, 74
2026/07/29 08:40:42.044, 293.17, 100, 74232, 74
2026/07/29 08:40:43.078, 306.48, 100, 74232, 74
2026/07/29 08:40:44.119, 301.96, 100, 74232, 72
2026/07/29 08:40:45.155, 301.58, 100, 74232, 72
2026/07/29 08:40:46.192, 302.26, 100, 74232, 73
2026/07/29 08:40:47.229, 302.64, 100, 74232, 73
2026/07/29 08:40:48.266, 302.78, 100, 74232, 73
2026/07/29 08:40:49.305, 304.34, 100, 74232, 74
2026/07/29 08:40:50.410, 287.28, 100, 74232, 74
2026/07/29 08:40:51.615, 286.98, 100, 74232, 74
2026/07/29 08:40:52.652, 301.97, 100, 74232, 74
2026/07/29 08:40:53.686, 317.70, 100, 74232, 74
2026/07/29 08:40:54.727, 288.02, 100, 74232, 74
2026/07/29 08:40:55.762, 297.66, 100, 74232, 74
2026/07/29 08:40:56.802, 302.53, 100, 74232, 73
2026/07/29 08:40:57.840, 286.95, 100, 74232, 73
2026/07/29 08:40:58.878, 283.87, 100, 74232, 73
2026/07/29 08:40:59.917, 283.76, 100, 74232, 73
2026/07/29 08:41:00.956, 297.14, 100, 74232, 73
2026/07/29 08:41:01.995, 295.68, 100, 74232, 73
2026/07/29 08:41:03.036, 293.85, 100, 74232, 73
2026/07/29 08:41:04.073, 303.42, 100, 74232, 73
2026/07/29 08:41:05.112, 302.84, 100, 74232, 73
2026/07/29 08:41:06.150, 298.01, 100, 74232, 73
2026/07/29 08:41:07.190, 303.12, 100, 74232, 73
2026/07/29 08:41:08.227, 303.55, 100, 74232, 73
2026/07/29 08:41:09.266, 299.67, 100, 74232, 73
2026/07/29 08:41:10.305, 299.55, 100, 74232, 73
2026/07/29 08:41:11.341, 295.99, 100, 74232, 73
2026/07/29 08:41:12.378, 302.15, 100, 74232, 73
2026/07/29 08:41:13.415, 303.43, 100, 74232, 73
2026/07/29 08:41:14.452, 304.46, 100, 74232, 73
2026/07/29 08:41:15.488, 303.46, 100, 74232, 73
2026/07/29 08:41:16.525, 297.71, 100, 74232, 73
2026/07/29 08:41:17.563, 295.69, 100, 74232, 73
2026/07/29 08:41:18.601, 296.24, 100, 74232, 73
2026/07/29 08:41:19.638, 295.30, 100, 74232, 73
2026/07/29 08:41:20.676, 294.90, 100, 74232, 73
2026/07/29 08:41:21.713, 298.09, 100, 74232, 73
2026/07/29 08:41:22.749, 294.63, 100, 74232, 73
2026/07/29 08:41:23.785, 295.50, 100, 74232, 73
2026/07/29 08:41:24.823, 295.20, 100, 74232, 73
2026/07/29 08:41:25.859, 296.44, 100, 74232, 73
2026/07/29 08:41:26.898, 295.01, 100, 74232, 73
2026/07/29 08:41:27.935, 296.74, 100, 74232, 73
2026/07/29 08:41:28.974, 294.62, 100, 74232, 73
2026/07/29 08:41:30.011, 296.86, 100, 74232, 73
2026/07/29 08:41:31.047, 301.47, 100, 74232, 73
2026/07/29 08:41:32.087, 298.98, 100, 74232, 73
2026/07/29 08:41:33.124, 99.51, 86, 74232, 70
2026/07/29 08:41:34.157, 296.86, 100, 74232, 74
2026/07/29 08:41:35.193, 290.35, 100, 74232, 74
2026/07/29 08:41:36.229, 303.52, 100, 74232, 74
2026/07/29 08:41:37.264, 301.82, 100, 74232, 74
2026/07/29 08:41:38.300, 297.53, 100, 74232, 74
2026/07/29 08:41:39.337, 298.33, 100, 74232, 74
2026/07/29 08:41:40.376, 302.11, 100, 74232, 74
2026/07/29 08:41:41.410, 303.53, 100, 74232, 72
2026/07/29 08:41:42.447, 301.61, 100, 74232, 72
2026/07/29 08:41:43.484, 301.08, 100, 74232, 72
2026/07/29 08:41:44.523, 296.24, 100, 74232, 73
2026/07/29 08:41:45.561, 356.88, 0, 74232, 73
2026/07/29 08:41:46.601, 286.87, 100, 74232, 74
2026/07/29 08:41:47.635, 283.56, 100, 74232, 74
2026/07/29 08:41:48.670, 296.23, 100, 74232, 74
2026/07/29 08:41:49.703, 282.47, 100, 74232, 74
2026/07/29 08:41:50.736, 302.11, 100, 74232, 74
2026/07/29 08:41:51.770, 320.31, 100, 74232, 74
2026/07/29 08:41:52.803, 302.97, 100, 74232, 73
2026/07/29 08:41:53.840, 303.84, 100, 74232, 72
2026/07/29 08:41:54.876, 297.61, 100, 74232, 72
2026/07/29 08:41:55.913, 300.51, 100, 74232, 73
2026/07/29 08:41:56.949, 295.58, 100, 74232, 73
2026/07/29 08:41:57.991, 295.21, 100, 74232, 73
2026/07/29 08:41:59.029, 101.78, 20, 74232, 70
2026/07/29 08:42:00.060, 398.24, 0, 74232, 73
2026/07/29 08:42:01.094, 296.44, 100, 74232, 74
2026/07/29 08:42:02.129, 288.56, 100, 74232, 74
2026/07/29 08:42:03.164, 312.84, 100, 74232, 74
2026/07/29 08:42:04.197, 291.61, 100, 74232, 74
2026/07/29 08:42:05.233, 271.96, 100, 74232, 74
2026/07/29 08:42:06.268, 328.05, 100, 74232, 74
2026/07/29 08:42:07.308, 294.80, 100, 74232, 72
2026/07/29 08:42:08.344, 293.94, 100, 74232, 72
2026/07/29 08:42:09.381, 291.59, 100, 74232, 72
2026/07/29 08:42:10.420, 294.51, 100, 74232, 73
2026/07/29 08:42:11.461, 294.04, 100, 74232, 73
2026/07/29 08:42:12.499, 296.68, 100, 74232, 73
2026/07/29 08:42:13.537, 303.45, 100, 74232, 73
2026/07/29 08:42:14.578, 304.73, 100, 74232, 73
2026/07/29 08:42:15.616, 303.22, 100, 74232, 73
2026/07/29 08:42:16.653, 305.64, 100, 74232, 73
2026/07/29 08:42:17.691, 297.71, 100, 74232, 73
2026/07/29 08:42:18.728, 291.80, 100, 74232, 73
2026/07/29 08:42:19.770, 294.82, 100, 74232, 73
2026/07/29 08:42:20.807, 298.30, 93, 74232, 75
2026/07/29 08:42:21.842, 301.48, 100, 74232, 73
2026/07/29 08:42:22.878, 302.35, 100, 74232, 73
2026/07/29 08:42:23.915, 302.47, 100, 74232, 73
2026/07/29 08:42:24.953, 301.87, 100, 74232, 73
2026/07/29 08:42:25.990, 300.40, 100, 74232, 73
2026/07/29 08:42:27.028, 301.21, 100, 74232, 73
2026/07/29 08:42:28.065, 301.81, 100, 74232, 73
2026/07/29 08:42:29.103, 303.01, 100, 74232, 73
2026/07/29 08:42:30.141, 302.44, 100, 74232, 73
2026/07/29 08:42:31.178, 302.09, 100, 74232, 73
2026/07/29 08:42:32.216, 301.14, 100, 74232, 73
2026/07/29 08:42:33.255, 300.99, 100, 74232, 73
2026/07/29 08:42:34.294, 301.89, 100, 74232, 73
2026/07/29 08:42:35.330, 299.25, 100, 74232, 73
2026/07/29 08:42:36.370, 293.46, 100, 74232, 73
2026/07/29 08:42:37.409, 295.27, 100, 74232, 73
2026/07/29 08:42:38.446, 293.65, 100, 74232, 73
2026/07/29 08:42:39.485, 294.90, 100, 74232, 73
2026/07/29 08:42:40.524, 294.13, 100, 74232, 73
2026/07/29 08:42:41.561, 292.87, 100, 74232, 73
2026/07/29 08:42:42.599, 293.14, 100, 74232, 73
2026/07/29 08:42:43.636, 293.87, 100, 74232, 73
2026/07/29 08:42:44.673, 293.27, 100, 74232, 73
2026/07/29 08:42:45.714, 294.05, 100, 74232, 73
2026/07/29 08:42:46.752, 303.05, 100, 74232, 73
2026/07/29 08:42:47.790, 300.24, 100, 74232, 73
2026/07/29 08:42:48.831, 297.14, 100, 74232, 73
2026/07/29 08:42:49.869, 296.44, 100, 74232, 73
2026/07/29 08:42:50.906, 299.09, 100, 74232, 72
2026/07/29 08:42:51.945, 296.94, 100, 74232, 73
2026/07/29 08:42:52.983, 302.62, 100, 74232, 73
2026/07/29 08:42:54.022, 301.30, 100, 74232, 73
2026/07/29 08:42:55.060, 302.34, 100, 74232, 73
2026/07/29 08:42:56.098, 304.57, 100, 74232, 72
2026/07/29 08:42:57.135, 300.83, 100, 74232, 72
2026/07/29 08:42:58.172, 299.74, 100, 74232, 72
2026/07/29 08:42:59.209, 301.58, 100, 74232, 72
2026/07/29 08:43:00.246, 299.63, 100, 74232, 72
2026/07/29 08:43:01.286, 300.21, 100, 74232, 72
2026/07/29 08:43:02.323, 300.80, 100, 74232, 72
2026/07/29 08:43:03.361, 302.62, 100, 74232, 72
2026/07/29 08:43:04.398, 300.60, 100, 74232, 72
2026/07/29 08:43:05.435, 299.97, 100, 74232, 72
2026/07/29 08:43:06.474, 293.75, 100, 74232, 72
2026/07/29 08:43:07.511, 300.33, 100, 74232, 72
2026/07/29 08:43:08.547, 299.96, 100, 74232, 72
2026/07/29 08:43:09.585, 301.20, 100, 74232, 72
2026/07/29 08:43:10.624, 295.19, 100, 74232, 72
2026/07/29 08:43:11.662, 292.88, 100, 74232, 72
2026/07/29 08:43:12.700, 293.36, 100, 74232, 72
2026/07/29 08:43:13.740, 292.18, 100, 74232, 72
2026/07/29 08:43:14.777, 293.93, 100, 74232, 72
2026/07/29 08:43:15.813, 301.58, 100, 74232, 72
2026/07/29 08:43:16.851, 296.63, 100, 74232, 72
2026/07/29 08:43:17.889, 300.93, 100, 74232, 72
2026/07/29 08:43:18.928, 301.33, 100, 74232, 72
2026/07/29 08:43:19.965, 301.11, 100, 74232, 72
2026/07/29 08:43:21.003, 302.46, 100, 74232, 72
2026/07/29 08:43:22.040, 302.38, 100, 74232, 72
2026/07/29 08:43:23.077, 299.26, 100, 74232, 72
2026/07/29 08:43:24.115, 297.00, 100, 74232, 74
2026/07/29 08:43:25.149, 294.01, 100, 74232, 74
2026/07/29 08:43:26.184, 300.14, 100, 74232, 74
2026/07/29 08:43:27.219, 307.92, 100, 74232, 74
2026/07/29 08:43:28.257, 298.89, 100, 74232, 74
2026/07/29 08:43:29.292, 301.15, 100, 74232, 72
2026/07/29 08:43:30.329, 301.46, 100, 74232, 72
2026/07/29 08:43:31.366, 301.28, 100, 74232, 72
2026/07/29 08:43:32.404, 300.69, 100, 74232, 72
2026/07/29 08:43:33.442, 300.79, 100, 74232, 72
2026/07/29 08:43:34.478, 304.06, 100, 74232, 74
2026/07/29 08:43:35.515, 291.50, 100, 74232, 74
2026/07/29 08:43:36.549, 306.09, 100, 74232, 74
2026/07/29 08:43:37.585, 293.53, 100, 74232, 74
2026/07/29 08:43:38.623, 272.11, 100, 74232, 74
2026/07/29 08:43:39.657, 298.69, 100, 74232, 74
2026/07/29 08:43:40.693, 301.11, 100, 74232, 73
2026/07/29 08:43:41.729, 298.47, 100, 74232, 72
2026/07/29 08:43:42.766, 295.10, 100, 74232, 72
2026/07/29 08:43:43.803, 292.19, 100, 74232, 73
2026/07/29 08:43:44.840, 294.11, 100, 74232, 73
2026/07/29 08:43:45.877, 296.34, 100, 74232, 73
2026/07/29 08:43:46.913, 295.29, 100, 74232, 73
2026/07/29 08:43:47.949, 295.10, 100, 74232, 73
2026/07/29 08:43:48.987, 290.28, 81, 74232, 75
2026/07/29 08:43:50.022, 291.13, 100, 74232, 75
2026/07/29 08:43:51.057, 299.09, 100, 74232, 75
2026/07/29 08:43:52.093, 298.29, 100, 74232, 75
2026/07/29 08:43:53.136, 323.90, 100, 74232, 75
2026/07/29 08:43:54.173, 288.01, 100, 74232, 75
2026/07/29 08:43:55.210, 304.18, 100, 74232, 73
2026/07/29 08:43:56.246, 303.99, 100, 74232, 73
2026/07/29 08:43:57.282, 303.41, 100, 74232, 73
2026/07/29 08:43:58.319, 303.70, 100, 74232, 73
2026/07/29 08:43:59.357, 305.44, 100, 74232, 73
2026/07/29 08:44:00.393, 303.11, 100, 74232, 73
2026/07/29 08:44:01.430, 303.63, 100, 74232, 73
2026/07/29 08:44:02.466, 302.75, 100, 74232, 73
2026/07/29 08:44:03.502, 100.63, 64, 74232, 70
2026/07/29 08:44:04.534, 300.63, 100, 74232, 75
2026/07/29 08:44:05.571, 302.43, 100, 74232, 75
2026/07/29 08:44:06.609, 277.17, 100, 74232, 75
2026/07/29 08:44:07.645, 286.03, 100, 74232, 75
2026/07/29 08:44:08.681, 294.46, 100, 74232, 75
2026/07/29 08:44:09.717, 279.18, 100, 74232, 75
2026/07/29 08:44:10.756, 302.16, 100, 74232, 73
2026/07/29 08:44:11.793, 302.91, 100, 74232, 73
2026/07/29 08:44:12.830, 302.49, 100, 74232, 73
2026/07/29 08:44:13.867, 99.55, 0, 74232, 70
2026/07/29 08:44:14.935, 294.82, 100, 74232, 74
2026/07/29 08:44:15.969, 293.16, 100, 74232, 74
2026/07/29 08:44:17.007, 273.36, 100, 74232, 75
2026/07/29 08:44:18.041, 280.64, 100, 74232, 75
2026/07/29 08:44:19.075, 289.95, 100, 74232, 75
2026/07/29 08:44:20.109, 308.11, 100, 74232, 75
2026/07/29 08:44:21.144, 303.20, 100, 74232, 73
2026/07/29 08:44:22.182, 301.67, 100, 74232, 73
2026/07/29 08:44:23.218, 299.47, 100, 74232, 73
2026/07/29 08:44:24.257, 295.09, 100, 74232, 73
2026/07/29 08:44:25.293, 159.34, 100, 74232, 71
2026/07/29 08:44:26.330, 303.33, 100, 74232, 75
2026/07/29 08:44:27.364, 295.73, 100, 74232, 75
2026/07/29 08:44:28.399, 290.16, 100, 74232, 75
2026/07/29 08:44:29.436, 278.43, 100, 74232, 75
2026/07/29 08:44:30.471, 306.18, 100, 74232, 75
2026/07/29 08:44:31.506, 305.21, 100, 74232, 75
2026/07/29 08:44:32.544, 266.32, 100, 74232, 73
2026/07/29 08:44:33.582, 288.31, 100, 74232, 73
2026/07/29 08:44:34.620, 294.51, 100, 74232, 73
2026/07/29 08:44:35.659, 296.36, 100, 74232, 73
2026/07/29 08:44:36.699, 299.15, 100, 74232, 74
2026/07/29 08:44:37.733, 299.73, 100, 74232, 75
2026/07/29 08:44:38.768, 285.74, 100, 74232, 75
2026/07/29 08:44:39.805, 296.95, 100, 74232, 75
2026/07/29 08:44:40.840, 295.38, 100, 74232, 75
2026/07/29 08:44:41.877, 298.88, 100, 74232, 75
2026/07/29 08:44:42.917, 308.03, 100, 74232, 75
2026/07/29 08:44:43.952, 291.99, 100, 74232, 73
2026/07/29 08:44:44.989, 293.45, 100, 74232, 73
2026/07/29 08:44:46.027, 292.11, 100, 74232, 73
2026/07/29 08:44:47.064, 288.59, 100, 74232, 73
2026/07/29 08:44:48.102, 288.30, 100, 74232, 73
2026/07/29 08:44:49.140, 284.27, 100, 74232, 73
2026/07/29 08:44:50.178, 285.12, 100, 74232, 73
2026/07/29 08:44:51.216, 295.02, 100, 74232, 73
2026/07/29 08:44:52.255, 295.11, 100, 74232, 73
2026/07/29 08:44:53.292, 103.86, 100, 74232, 75
2026/07/29 08:44:54.332, 291.67, 100, 74232, 75
2026/07/29 08:44:55.368, 299.28, 100, 74232, 75
2026/07/29 08:44:56.408, 299.27, 100, 74232, 75
2026/07/29 08:44:57.443, 309.12, 100, 74232, 75
2026/07/29 08:44:58.478, 296.53, 100, 74232, 75
2026/07/29 08:44:59.514, 290.92, 100, 74232, 75
2026/07/29 08:45:00.549, 285.93, 100, 74232, 73
2026/07/29 08:45:01.588, 288.44, 100, 74232, 73
2026/07/29 08:45:02.626, 291.98, 100, 74232, 73
2026/07/29 08:45:03.666, 297.05, 100, 74232, 73
2026/07/29 08:45:04.702, 99.90, 0, 74232, 70
2026/07/29 08:45:05.737, 299.36, 100, 74232, 73
2026/07/29 08:45:06.774, 291.80, 100, 74232, 73
2026/07/29 08:45:07.812, 295.00, 100, 74232, 73
2026/07/29 08:45:08.849, 301.89, 100, 74232, 73
2026/07/29 08:45:09.886, 302.42, 100, 74232, 73
2026/07/29 08:45:10.922, 298.58, 100, 74232, 73
2026/07/29 08:45:11.962, 301.38, 100, 74232, 73
2026/07/29 08:45:13.000, 303.19, 100, 74232, 73
2026/07/29 08:45:14.036, 301.01, 100, 74232, 73
2026/07/29 08:45:15.073, 302.33, 100, 74232, 73
2026/07/29 08:45:16.109, 300.19, 100, 74232, 73
2026/07/29 08:45:17.146, 303.04, 100, 74232, 73
2026/07/29 08:45:18.183, 301.66, 100, 74232, 73
2026/07/29 08:45:19.222, 295.87, 100, 74232, 73
2026/07/29 08:45:20.260, 302.54, 100, 74232, 73
2026/07/29 08:45:21.297, 298.26, 100, 74232, 73
2026/07/29 08:45:22.334, 291.40, 100, 74232, 73
2026/07/29 08:45:23.372, 294.30, 100, 74232, 73
2026/07/29 08:45:24.409, 295.27, 100, 74232, 73
2026/07/29 08:45:25.447, 303.09, 100, 74232, 73
2026/07/29 08:45:26.485, 300.78, 100, 74232, 73
2026/07/29 08:45:27.524, 299.15, 100, 74232, 73
2026/07/29 08:45:28.563, 303.70, 100, 74232, 73
2026/07/29 08:45:29.599, 303.02, 100, 74232, 73
2026/07/29 08:45:30.637, 300.99, 100, 74232, 73
2026/07/29 08:45:31.674, 303.30, 100, 74232, 73
2026/07/29 08:45:32.711, 302.45, 100, 74232, 73
2026/07/29 08:45:33.748, 301.68, 100, 74232, 73
2026/07/29 08:45:34.785, 304.47, 100, 74232, 73
2026/07/29 08:45:35.821, 302.83, 100, 74232, 73
2026/07/29 08:45:36.857, 302.18, 100, 74232, 73
2026/07/29 08:45:37.894, 303.35, 100, 74232, 73
2026/07/29 08:45:38.931, 303.46, 100, 74232, 73
2026/07/29 08:45:39.968, 302.35, 100, 74232, 73
2026/07/29 08:45:41.006, 302.63, 100, 74232, 73
2026/07/29 08:45:42.044, 303.34, 100, 74232, 73
2026/07/29 08:45:43.082, 301.56, 100, 74232, 73
2026/07/29 08:45:44.120, 301.57, 100, 74232, 73
2026/07/29 08:45:45.158, 302.43, 100, 74232, 73
2026/07/29 08:45:46.196, 302.92, 100, 74232, 73
2026/07/29 08:45:47.237, 301.57, 100, 74232, 73
2026/07/29 08:45:48.274, 297.03, 100, 74232, 73
2026/07/29 08:45:49.310, 299.59, 100, 74232, 73
2026/07/29 08:45:50.349, 302.54, 100, 74232, 73
2026/07/29 08:45:51.386, 301.99, 100, 74232, 73
2026/07/29 08:45:52.423, 301.46, 100, 74232, 73
2026/07/29 08:45:53.460, 301.50, 100, 74232, 73
2026/07/29 08:45:54.505, 289.84, 100, 74232, 73
2026/07/29 08:45:55.544, 290.44, 100, 74232, 72
2026/07/29 08:45:56.582, 292.38, 100, 74232, 72
2026/07/29 08:45:57.620, 293.74, 100, 74232, 73
2026/07/29 08:45:58.658, 293.44, 100, 74232, 73
2026/07/29 08:45:59.695, 293.07, 100, 74232, 72
2026/07/29 08:46:00.736, 300.62, 100, 74232, 73
2026/07/29 08:46:01.774, 301.11, 100, 74232, 73
2026/07/29 08:46:02.811, 301.86, 100, 74232, 73
2026/07/29 08:46:03.850, 300.61, 100, 74232, 73
2026/07/29 08:46:04.887, 301.49, 100, 74232, 73
2026/07/29 08:46:05.925, 301.76, 100, 74232, 73
2026/07/29 08:46:06.962, 299.84, 100, 74232, 73
2026/07/29 08:46:07.999, 300.81, 100, 74232, 73
2026/07/29 08:46:09.036, 301.10, 100, 74232, 73
2026/07/29 08:46:10.072, 301.18, 100, 74232, 73
2026/07/29 08:46:11.109, 300.61, 100, 74232, 73
2026/07/29 08:46:12.147, 300.70, 100, 74232, 73
2026/07/29 08:46:13.185, 298.47, 100, 74232, 72
2026/07/29 08:46:14.222, 294.04, 100, 74232, 72
2026/07/29 08:46:15.259, 290.65, 100, 74232, 72
2026/07/29 08:46:16.297, 294.72, 100, 74232, 73
2026/07/29 08:46:17.335, 294.03, 100, 74232, 73
2026/07/29 08:46:18.372, 300.91, 100, 74232, 73
2026/07/29 08:46:19.411, 296.64, 100, 74232, 73
2026/07/29 08:46:20.448, 302.44, 100, 74232, 73
2026/07/29 08:46:21.485, 300.06, 100, 74232, 73
2026/07/29 08:46:22.521, 298.20, 100, 74232, 73
2026/07/29 08:46:23.561, 296.76, 100, 74232, 73
2026/07/29 08:46:24.597, 302.05, 100, 74232, 73
2026/07/29 08:46:25.634, 300.41, 100, 74232, 73
2026/07/29 08:46:26.671, 289.49, 100, 74232, 73
2026/07/29 08:46:27.708, 298.88, 100, 74232, 73
2026/07/29 08:46:28.745, 301.47, 100, 74232, 73
2026/07/29 08:46:29.782, 301.28, 100, 74232, 73
2026/07/29 08:46:30.819, 295.49, 100, 74232, 74
2026/07/29 08:46:31.858, 298.80, 100, 74232, 74
2026/07/29 08:46:32.895, 297.33, 100, 74232, 74
2026/07/29 08:46:33.932, 294.71, 100, 74232, 74
2026/07/29 08:46:34.967, 298.42, 100, 74232, 74
2026/07/29 08:46:36.000, 282.38, 100, 74232, 74
2026/07/29 08:46:37.036, 302.37, 100, 74232, 73
2026/07/29 08:46:38.075, 304.75, 100, 74232, 73
2026/07/29 08:46:39.112, 303.23, 100, 74232, 73
2026/07/29 08:46:40.149, 303.70, 100, 74232, 73
2026/07/29 08:46:41.185, 302.48, 100, 74232, 73
2026/07/29 08:46:42.222, 303.73, 100, 74232, 73
2026/07/29 08:46:43.259, 303.49, 100, 74232, 73
2026/07/29 08:46:44.295, 303.51, 100, 74232, 73
2026/07/29 08:46:45.332, 291.81, 100, 74232, 73
2026/07/29 08:46:46.368, 99.70, 0, 74232, 70
2026/07/29 08:46:47.401, 301.06, 100, 74232, 75
2026/07/29 08:46:48.437, 298.13, 100, 74232, 74
2026/07/29 08:46:49.473, 302.36, 100, 74232, 75
2026/07/29 08:46:50.508, 293.03, 100, 74232, 75
2026/07/29 08:46:51.544, 302.84, 100, 74232, 75
2026/07/29 08:46:52.580, 279.78, 100, 74232, 74
2026/07/29 08:46:53.615, 302.93, 100, 74232, 73
2026/07/29 08:46:54.653, 303.35, 100, 74232, 73
2026/07/29 08:46:55.690, 303.46, 100, 74232, 73
2026/07/29 08:46:56.729, 302.09, 100, 74232, 73
2026/07/29 08:46:57.768, 302.43, 100, 74232, 73
2026/07/29 08:46:58.807, 303.31, 97, 74232, 74
2026/07/29 08:46:59.843, 302.37, 100, 74232, 74
2026/07/29 08:47:00.882, 297.41, 100, 74232, 74
2026/07/29 08:47:01.918, 312.28, 100, 74232, 74
2026/07/29 08:47:02.955, 278.99, 100, 74232, 75
2026/07/29 08:47:03.991, 282.27, 100, 74232, 74
2026/07/29 08:47:05.027, 295.62, 100, 74232, 75
2026/07/29 08:47:06.064, 300.43, 100, 74232, 73
2026/07/29 08:47:07.102, 289.08, 100, 74232, 73
2026/07/29 08:47:08.140, 284.62, 100, 74232, 73
2026/07/29 08:47:09.177, 291.60, 100, 74232, 73
2026/07/29 08:47:10.216, 293.45, 100, 74232, 73
2026/07/29 08:47:11.254, 293.15, 100, 74232, 73
2026/07/29 08:47:12.294, 291.42, 100, 74232, 73
2026/07/29 08:47:13.331, 99.63, 0, 74232, 74
2026/07/29 08:47:14.373, 295.70, 100, 74232, 74
2026/07/29 08:47:15.408, 305.08, 100, 74232, 75
2026/07/29 08:47:16.445, 304.02, 100, 74232, 75
2026/07/29 08:47:17.485, 296.64, 100, 74232, 75
2026/07/29 08:47:18.522, 304.54, 100, 74232, 75
2026/07/29 08:47:19.557, 297.53, 100, 74232, 75
2026/07/29 08:47:20.601, 302.73, 100, 74232, 73
2026/07/29 08:47:21.638, 302.95, 100, 74232, 73
2026/07/29 08:47:22.676, 303.37, 100, 74232, 73
2026/07/29 08:47:23.714, 305.10, 100, 74232, 73
2026/07/29 08:47:24.751, 297.21, 100, 74232, 73
2026/07/29 08:47:25.790, 297.99, 100, 74232, 73
2026/07/29 08:47:26.828, 296.08, 100, 74232, 73
2026/07/29 08:47:27.868, 296.05, 100, 74232, 73
2026/07/29 08:47:28.906, 296.63, 100, 74232, 73
2026/07/29 08:47:29.943, 295.79, 100, 74232, 73
2026/07/29 08:47:30.982, 296.08, 100, 74232, 74
2026/07/29 08:47:32.022, 295.78, 100, 74232, 73
2026/07/29 08:47:33.059, 297.68, 100, 74232, 74
2026/07/29 08:47:34.097, 297.32, 100, 74232, 73
2026/07/29 08:47:35.134, 297.63, 100, 74232, 73
2026/07/29 08:47:36.174, 295.49, 100, 74232, 73
2026/07/29 08:47:37.212, 295.88, 100, 74232, 73
2026/07/29 08:47:38.252, 283.01, 100, 74232, 75
2026/07/29 08:47:39.288, 280.67, 100, 74232, 75
2026/07/29 08:47:40.322, 295.47, 100, 74232, 75
2026/07/29 08:47:41.358, 285.19, 100, 74232, 75
2026/07/29 08:47:42.396, 275.12, 100, 74232, 75
2026/07/29 08:47:43.433, 285.30, 100, 74232, 75
2026/07/29 08:47:44.468, 301.90, 100, 74232, 73
2026/07/29 08:47:45.507, 303.93, 100, 74232, 73
2026/07/29 08:47:46.544, 305.04, 100, 74232, 73
2026/07/29 08:47:47.583, 342.94, 7, 74232, 74
2026/07/29 08:47:48.619, 311.34, 100, 74232, 75
2026/07/29 08:47:49.654, 309.04, 100, 74232, 75
2026/07/29 08:47:50.691, 297.81, 100, 74232, 75
2026/07/29 08:47:51.726, 309.23, 100, 74232, 75
2026/07/29 08:47:52.761, 306.59, 100, 74232, 75
2026/07/29 08:47:53.801, 322.15, 100, 74232, 75
2026/07/29 08:47:54.840, 302.96, 100, 74232, 74
2026/07/29 08:47:55.880, 303.98, 100, 74232, 73
2026/07/29 08:47:56.918, 303.79, 100, 74232, 74
2026/07/29 08:47:57.956, 303.79, 100, 74232, 74
2026/07/29 08:47:58.994, 304.98, 100, 74232, 74
2026/07/29 08:48:00.032, 304.32, 100, 74232, 74
2026/07/29 08:48:01.070, 304.41, 100, 74232, 74
2026/07/29 08:48:02.109, 297.43, 100, 74232, 74
2026/07/29 08:48:03.147, 294.03, 100, 74232, 74
2026/07/29 08:48:04.185, 296.85, 100, 74232, 74
2026/07/29 08:48:05.223, 296.87, 100, 74232, 74
2026/07/29 08:48:06.260, 100.30, 0, 74232, 71
2026/07/29 08:48:07.317, 98.42, 0, 74232, 70
2026/07/29 08:48:08.349, 98.33, 0, 74232, 69
2026/07/29 08:48:09.380, 97.32, 0, 74232, 68
2026/07/29 08:48:10.411, 95.81, 0, 74232, 68
2026/07/29 08:48:11.443, 95.12, 0, 74232, 67
2026/07/29 08:48:12.476, 94.11, 0, 74232, 67
2026/07/29 08:48:13.507, 93.72, 0, 74232, 66
2026/07/29 08:48:14.539, 93.24, 0, 74232, 66
2026/07/29 08:48:15.571, 91.86, 0, 74232, 65
2026/07/29 08:48:16.604, 92.27, 0, 74232, 65
2026/07/29 08:48:17.635, 91.63, 0, 74232, 65
2026/07/29 08:48:18.666, 91.41, 0, 74232, 64
2026/07/29 08:48:19.700, 91.67, 0, 74232, 64
2026/07/29 08:48:20.793, 91.39, 0, 74232, 64
2026/07/29 08:48:21.826, 90.05, 0, 74232, 63
2026/07/29 08:48:22.858, 90.74, 0, 74232, 63
2026/07/29 08:48:23.891, 89.02, 0, 74232, 63
2026/07/29 08:48:24.922, 88.66, 0, 74232, 62
2026/07/29 08:48:25.952, 88.97, 0, 74232, 62
2026/07/29 08:48:26.982, 88.26, 0, 74232, 62
2026/07/29 08:48:28.015, 88.13, 0, 74232, 61
2026/07/29 08:48:29.046, 87.79, 0, 74232, 61
2026/07/29 08:48:30.075, 87.41, 0, 74232, 61
2026/07/29 08:48:31.107, 86.73, 0, 74232, 61
2026/07/29 08:48:32.137, 86.25, 0, 74232, 60
2026/07/29 08:48:33.168, 86.80, 0, 74232, 60
2026/07/29 08:48:34.199, 85.84, 0, 74232, 60
2026/07/29 08:48:35.230, 85.81, 0, 74232, 60
2026/07/29 08:48:36.526, 306.11, 100, 74232, 64
2026/07/29 08:48:37.563, 317.30, 100, 74232, 65
2026/07/29 08:48:38.596, 295.24, 100, 74232, 65
2026/07/29 08:48:39.629, 283.96, 100, 74232, 66
2026/07/29 08:48:40.662, 262.95, 100, 74232, 64
2026/07/29 08:48:41.701, 279.28, 100, 74232, 64
2026/07/29 08:48:42.737, 289.30, 100, 74232, 64
2026/07/29 08:48:43.773, 291.54, 100, 74232, 65
2026/07/29 08:48:44.809, 292.39, 100, 74232, 65
2026/07/29 08:48:45.845, 290.38, 100, 74232, 65
2026/07/29 08:48:46.881, 409.08, 100, 74232, 67
2026/07/29 08:48:47.915, 294.14, 100, 74232, 67
2026/07/29 08:48:48.950, 296.26, 100, 74232, 68
2026/07/29 08:48:49.982, 288.40, 100, 74232, 68
2026/07/29 08:48:51.019, 286.75, 100, 74232, 68
2026/07/29 08:48:52.053, 300.82, 100, 74232, 67
2026/07/29 08:48:53.090, 302.06, 100, 74232, 67
2026/07/29 08:48:54.126, 295.58, 100, 74232, 67
2026/07/29 08:48:55.161, 298.66, 100, 74232, 67
2026/07/29 08:48:56.199, 289.87, 100, 74232, 69
2026/07/29 08:48:57.234, 291.62, 100, 74232, 69
2026/07/29 08:48:58.270, 305.16, 100, 74232, 70
2026/07/29 08:48:59.305, 315.56, 100, 74232, 70
2026/07/29 08:49:00.340, 288.33, 100, 74232, 68
2026/07/29 08:49:01.385, 293.05, 100, 74232, 68
2026/07/29 08:49:02.423, 295.39, 100, 74232, 68
2026/07/29 08:49:03.460, 288.11, 100, 74232, 70
2026/07/29 08:49:04.496, 292.37, 100, 74232, 71
2026/07/29 08:49:05.529, 307.88, 100, 74232, 71
2026/07/29 08:49:06.561, 292.55, 100, 74232, 71
2026/07/29 08:49:07.595, 314.03, 100, 74232, 71
2026/07/29 08:49:08.631, 298.97, 100, 74232, 69
2026/07/29 08:49:09.666, 297.82, 100, 74232, 70
2026/07/29 08:49:10.702, 298.22, 100, 74232, 70
2026/07/29 08:49:11.737, 291.91, 100, 74232, 70
2026/07/29 08:49:12.774, 292.96, 100, 74232, 70
2026/07/29 08:49:13.810, 292.01, 100, 74232, 70
2026/07/29 08:49:14.847, 287.96, 100, 74232, 72
2026/07/29 08:49:15.881, 287.55, 100, 74232, 72
2026/07/29 08:49:16.914, 305.17, 100, 74232, 72
2026/07/29 08:49:17.947, 298.78, 100, 74232, 72
2026/07/29 08:49:18.983, 288.42, 100, 74232, 71
2026/07/29 08:49:20.021, 299.42, 100, 74232, 71
2026/07/29 08:49:21.060, 299.54, 100, 74232, 71
2026/07/29 08:49:22.095, 302.84, 100, 74232, 71
2026/07/29 08:49:23.131, 299.74, 100, 74232, 71
2026/07/29 08:49:24.167, 300.60, 100, 74232, 71
2026/07/29 08:49:25.204, 299.25, 100, 74232, 71
2026/07/29 08:49:26.240, 302.54, 100, 74232, 71
2026/07/29 08:49:27.276, 293.83, 100, 74232, 71
2026/07/29 08:49:28.314, 290.07, 100, 74232, 71
2026/07/29 08:49:29.351, 293.44, 100, 74232, 72
2026/07/29 08:49:30.389, 294.14, 100, 74232, 72
2026/07/29 08:49:31.425, 297.53, 100, 74232, 72
2026/07/29 08:49:32.466, 304.59, 100, 74232, 74
2026/07/29 08:49:33.500, 307.86, 100, 74232, 74
2026/07/29 08:49:34.537, 296.95, 100, 74232, 74
2026/07/29 08:49:35.575, 293.42, 100, 74232, 74
2026/07/29 08:49:36.611, 290.83, 100, 74232, 72
2026/07/29 08:49:37.649, 293.36, 100, 74232, 72
2026/07/29 08:49:38.686, 293.86, 100, 74232, 72
2026/07/29 08:49:39.725, 295.67, 100, 74232, 72
2026/07/29 08:49:40.762, 300.52, 100, 74232, 72
2026/07/29 08:49:41.799, 300.52, 100, 74232, 72
2026/07/29 08:49:42.837, 301.04, 100, 74232, 72
2026/07/29 08:49:43.875, 301.67, 100, 74232, 72
2026/07/29 08:49:44.912, 293.65, 100, 74232, 72
2026/07/29 08:49:45.949, 301.37, 100, 74232, 72
2026/07/29 08:49:46.987, 301.49, 100, 74232, 72
2026/07/29 08:49:48.025, 303.73, 100, 74232, 72
2026/07/29 08:49:49.062, 301.47, 100, 74232, 72
2026/07/29 08:49:50.101, 298.38, 100, 74232, 74
2026/07/29 08:49:51.136, 306.36, 100, 74232, 74
2026/07/29 08:49:52.206, 279.09, 100, 74232, 74
2026/07/29 08:49:53.239, 310.93, 100, 74232, 74
2026/07/29 08:49:54.274, 250.26, 100, 74232, 72
2026/07/29 08:49:55.313, 295.29, 100, 74232, 72
2026/07/29 08:49:56.350, 290.82, 100, 74232, 72
2026/07/29 08:49:57.391, 291.51, 100, 74232, 72
2026/07/29 08:49:58.428, 292.49, 100, 74232, 72
2026/07/29 08:49:59.466, 293.83, 100, 74232, 72
2026/07/29 08:50:00.504, 294.42, 100, 74232, 72
2026/07/29 08:50:01.540, 301.67, 100, 74232, 73
2026/07/29 08:50:02.579, 101.29, 0, 74232, 70
2026/07/29 08:50:03.612, 294.74, 100, 74232, 74
2026/07/29 08:50:04.646, 300.11, 100, 74232, 74
2026/07/29 08:50:05.685, 312.05, 100, 74232, 74
2026/07/29 08:50:06.722, 291.33, 100, 74232, 74
2026/07/29 08:50:07.759, 315.64, 100, 74232, 74
2026/07/29 08:50:08.795, 301.40, 100, 74232, 72
2026/07/29 08:50:09.832, 302.35, 100, 74232, 72
2026/07/29 08:50:10.868, 301.95, 100, 74232, 72
2026/07/29 08:50:11.904, 301.19, 100, 74232, 73
2026/07/29 08:50:12.940, 302.05, 100, 74232, 73
2026/07/29 08:50:13.978, 380.72, 100, 74232, 75
2026/07/29 08:50:15.014, 295.46, 100, 74232, 74
2026/07/29 08:50:16.049, 286.54, 100, 74232, 74
2026/07/29 08:50:17.086, 297.80, 100, 74232, 74
2026/07/29 08:50:18.121, 284.11, 100, 74232, 74
2026/07/29 08:50:19.156, 320.08, 100, 74232, 74
2026/07/29 08:50:20.196, 301.48, 100, 74232, 73
2026/07/29 08:50:21.233, 296.06, 100, 74232, 73
2026/07/29 08:50:22.269, 294.62, 100, 74232, 73
2026/07/29 08:50:23.306, 294.81, 100, 74232, 73
2026/07/29 08:50:24.342, 293.55, 100, 74232, 73
2026/07/29 08:50:25.382, 293.75, 100, 74232, 73
2026/07/29 08:50:26.418, 296.74, 100, 74232, 73
2026/07/29 08:50:27.456, 290.83, 100, 74232, 73
2026/07/29 08:50:28.493, 295.08, 100, 74232, 73
2026/07/29 08:50:29.529, 296.38, 100, 74232, 73
2026/07/29 08:50:30.565, 295.58, 100, 74232, 73
2026/07/29 08:50:31.601, 294.40, 100, 74232, 73
2026/07/29 08:50:32.638, 299.53, 100, 74232, 73
2026/07/29 08:50:33.678, 99.40, 0, 74232, 69
2026/07/29 08:50:34.708, 97.52, 0, 74232, 69
2026/07/29 08:50:35.739, 95.31, 0, 74232, 68
2026/07/29 08:50:36.770, 95.77, 0, 74232, 67
2026/07/29 08:50:37.801, 95.72, 0, 74232, 67
2026/07/29 08:50:38.833, 94.01, 0, 74232, 66
2026/07/29 08:50:39.865, 94.36, 0, 74232, 66
2026/07/29 08:50:40.897, 92.78, 0, 74232, 65
2026/07/29 08:50:41.928, 93.44, 0, 74232, 65
2026/07/29 08:50:42.960, 92.01, 0, 74232, 65
2026/07/29 08:50:43.994, 91.53, 0, 74232, 64
2026/07/29 08:50:45.026, 90.49, 0, 74232, 64
2026/07/29 08:50:46.057, 91.27, 0, 74232, 63
2026/07/29 08:50:47.090, 91.15, 0, 74232, 63
2026/07/29 08:50:48.121, 90.01, 0, 74232, 63
2026/07/29 08:50:49.153, 89.25, 0, 74232, 63
2026/07/29 08:50:50.185, 88.94, 0, 74232, 62
2026/07/29 08:50:51.216, 89.64, 0, 74232, 62
2026/07/29 08:50:52.245, 89.19, 0, 74232, 62
2026/07/29 08:50:53.276, 87.95, 0, 74232, 61
2026/07/29 08:50:54.306, 86.66, 0, 74232, 61
2026/07/29 08:50:55.336, 87.77, 0, 74232, 61
2026/07/29 08:50:56.367, 87.20, 0, 74232, 60
2026/07/29 08:50:57.400, 86.88, 0, 74232, 60
2026/07/29 08:50:58.431, 86.47, 0, 74232, 60
2026/07/29 08:50:59.461, 86.02, 0, 74232, 60
2026/07/29 08:51:00.493, 86.03, 0, 74232, 59
2026/07/29 08:51:01.524, 85.54, 0, 74232, 59
2026/07/29 08:51:02.555, 84.31, 0, 74232, 59
2026/07/29 08:51:03.587, 84.54, 0, 74232, 59
2026/07/29 08:51:04.618, 84.35, 0, 74232, 58
2026/07/29 08:51:05.649, 83.91, 0, 74232, 58
2026/07/29 08:51:06.682, 298.98, 100, 74232, 63
2026/07/29 08:51:07.718, 301.43, 100, 74232, 64
2026/07/29 08:51:08.755, 301.92, 100, 74232, 64
2026/07/29 08:51:09.792, 290.23, 100, 74232, 64
2026/07/29 08:51:10.832, 294.31, 100, 74232, 63
2026/07/29 08:51:11.868, 293.84, 100, 74232, 63
2026/07/29 08:51:12.911, 294.41, 100, 74232, 63
2026/07/29 08:51:13.949, 296.93, 100, 74232, 64
2026/07/29 08:51:14.986, 297.52, 100, 74232, 64
2026/07/29 08:51:16.029, 296.08, 100, 74232, 64
2026/07/29 08:51:17.066, 302.94, 100, 74232, 65
2026/07/29 08:51:18.103, 302.85, 100, 74232, 67
2026/07/29 08:51:19.139, 304.52, 100, 74232, 67
2026/07/29 08:51:20.174, 301.39, 100, 74232, 67
2026/07/29 08:51:21.209, 298.48, 100, 74232, 67
2026/07/29 08:51:22.244, 306.78, 100, 74232, 66
2026/07/29 08:51:23.281, 299.30, 100, 74232, 66
2026/07/29 08:51:24.320, 289.56, 100, 74232, 68
2026/07/29 08:51:25.358, 281.97, 100, 74232, 68
2026/07/29 08:51:26.392, 289.95, 100, 74232, 69
2026/07/29 08:51:27.431, 285.79, 100, 74232, 69
2026/07/29 08:51:28.467, 294.81, 100, 74232, 69
2026/07/29 08:51:29.503, 298.37, 100, 74232, 69
2026/07/29 08:51:30.547, 302.65, 100, 74232, 67
2026/07/29 08:51:31.584, 302.83, 100, 74232, 68
2026/07/29 08:51:32.620, 303.11, 100, 74232, 68
2026/07/29 08:51:33.657, 303.70, 100, 74232, 68
2026/07/29 08:51:34.694, 297.61, 100, 74232, 68
2026/07/29 08:51:35.733, 304.00, 100, 74232, 68
2026/07/29 08:51:36.769, 301.46, 100, 74232, 68
2026/07/29 08:51:37.806, 298.39, 100, 74232, 69
2026/07/29 08:51:38.843, 298.10, 100, 74232, 69
2026/07/29 08:51:39.881, 294.51, 100, 74232, 69
2026/07/29 08:51:40.919, 297.32, 100, 74232, 69
2026/07/29 08:51:41.957, 297.62, 100, 74232, 69
2026/07/29 08:51:42.994, 297.90, 100, 74232, 69
2026/07/29 08:51:44.034, 299.78, 100, 74232, 69
2026/07/29 08:51:45.071, 299.26, 100, 74232, 70
2026/07/29 08:51:46.110, 299.16, 100, 74232, 70
2026/07/29 08:51:47.152, 300.12, 100, 74232, 70
2026/07/29 08:51:48.190, 298.87, 100, 74232, 70
2026/07/29 08:51:49.228, 297.42, 100, 74232, 70
2026/07/29 08:51:50.264, 299.64, 100, 74232, 70
2026/07/29 08:51:51.302, 299.64, 100, 74232, 70
2026/07/29 08:51:52.340, 299.34, 100, 74232, 70
2026/07/29 08:51:53.379, 300.03, 100, 74232, 70
2026/07/29 08:51:54.416, 300.72, 100, 74232, 70
2026/07/29 08:51:55.454, 300.06, 100, 74232, 70
2026/07/29 08:51:56.491, 299.85, 100, 74232, 70
2026/07/29 08:51:57.528, 300.83, 100, 74232, 71
2026/07/29 08:51:58.566, 302.25, 100, 74232, 71
2026/07/29 08:51:59.603, 300.42, 100, 74232, 71
2026/07/29 08:52:00.641, 300.92, 100, 74232, 71
2026/07/29 08:52:01.679, 301.30, 100, 74232, 71
2026/07/29 08:52:02.716, 299.36, 100, 74232, 71
2026/07/29 08:52:03.754, 301.09, 100, 74232, 71
2026/07/29 08:52:04.791, 301.01, 100, 74232, 71
2026/07/29 08:52:05.828, 301.01, 100, 74232, 71
2026/07/29 08:52:06.864, 290.33, 100, 74232, 71
2026/07/29 08:52:07.901, 292.68, 100, 74232, 71
2026/07/29 08:52:08.937, 292.67, 100, 74232, 71
2026/07/29 08:52:09.976, 288.51, 100, 74232, 71
2026/07/29 08:52:11.012, 293.26, 100, 74232, 71
2026/07/29 08:52:12.050, 292.59, 100, 74232, 71
2026/07/29 08:52:13.087, 292.95, 100, 74232, 71
2026/07/29 08:52:14.125, 300.40, 100, 74232, 71
2026/07/29 08:52:15.161, 300.78, 100, 74232, 71
2026/07/29 08:52:16.199, 300.41, 100, 74232, 71
2026/07/29 08:52:17.235, 299.17, 100, 74232, 71
2026/07/29 08:52:18.275, 299.26, 100, 74232, 71
2026/07/29 08:52:19.312, 300.04, 100, 74232, 71
2026/07/29 08:52:20.351, 299.34, 100, 74232, 71
2026/07/29 08:52:21.388, 299.96, 100, 74232, 71
2026/07/29 08:52:22.426, 300.83, 100, 74232, 72
2026/07/29 08:52:23.466, 300.42, 100, 74232, 72
2026/07/29 08:52:24.502, 300.83, 100, 74232, 72
2026/07/29 08:52:25.538, 304.68, 100, 74232, 72
2026/07/29 08:52:26.576, 300.14, 100, 74232, 73
2026/07/29 08:52:27.611, 286.16, 100, 74232, 73
2026/07/29 08:52:28.646, 305.06, 100, 74232, 73
2026/07/29 08:52:29.683, 316.26, 100, 74232, 73
2026/07/29 08:52:30.717, 304.35, 100, 74232, 73
2026/07/29 08:52:31.752, 276.25, 100, 74232, 74
2026/07/29 08:52:32.788, 308.39, 100, 74232, 74
2026/07/29 08:52:33.827, 301.12, 100, 74232, 72
2026/07/29 08:52:34.863, 301.51, 100, 74232, 72
2026/07/29 08:52:35.904, 302.05, 100, 74232, 72
2026/07/29 08:52:36.941, 302.16, 100, 74232, 72
2026/07/29 08:52:37.977, 290.16, 100, 74232, 72
2026/07/29 08:52:39.016, 293.65, 100, 74232, 72
2026/07/29 08:52:40.052, 294.01, 100, 74232, 72
2026/07/29 08:52:41.089, 305.75, 16, 74232, 73
2026/07/29 08:52:42.125, 298.38, 100, 74232, 74
2026/07/29 08:52:43.168, 296.84, 100, 74232, 74
2026/07/29 08:52:44.204, 293.63, 100, 74232, 74
2026/07/29 08:52:45.243, 297.78, 100, 74232, 74
2026/07/29 08:52:46.278, 302.73, 100, 74232, 74
2026/07/29 08:52:47.323, 293.41, 100, 74232, 74
2026/07/29 08:52:48.358, 302.07, 100, 74232, 72
2026/07/29 08:52:49.395, 301.29, 100, 74232, 72
2026/07/29 08:52:50.431, 303.90, 100, 74232, 72
2026/07/29 08:52:51.467, 302.88, 100, 74232, 72
2026/07/29 08:52:52.504, 303.23, 100, 74232, 73
2026/07/29 08:52:53.540, 301.91, 100, 74232, 73
2026/07/29 08:52:54.576, 301.50, 100, 74232, 73
2026/07/29 08:52:55.612, 301.68, 100, 74232, 73
2026/07/29 08:52:56.648, 99.22, 0, 74232, 70
2026/07/29 08:52:57.681, 301.79, 100, 74232, 74
2026/07/29 08:52:58.717, 281.99, 100, 74232, 74
2026/07/29 08:52:59.753, 292.76, 100, 74232, 74
2026/07/29 08:53:00.789, 303.34, 100, 74232, 74
2026/07/29 08:53:01.824, 282.35, 100, 74232, 74
2026/07/29 08:53:02.859, 302.42, 100, 74232, 74
2026/07/29 08:53:03.895, 269.27, 100, 74232, 74
2026/07/29 08:53:04.934, 302.07, 100, 74232, 73
2026/07/29 08:53:05.973, 302.83, 100, 74232, 73
2026/07/29 08:53:07.010, 295.76, 100, 74232, 73
2026/07/29 08:53:08.047, 295.20, 100, 74232, 73
2026/07/29 08:53:09.084, 295.97, 100, 74232, 73
2026/07/29 08:53:10.121, 100.76, 0, 74232, 70
2026/07/29 08:53:11.153, 300.49, 100, 74232, 73
2026/07/29 08:53:12.191, 304.58, 100, 74232, 73
2026/07/29 08:53:13.230, 300.58, 100, 74232, 73
2026/07/29 08:53:14.267, 303.70, 100, 74232, 73
2026/07/29 08:53:15.305, 300.99, 100, 74232, 73
2026/07/29 08:53:16.344, 304.38, 100, 74232, 73
2026/07/29 08:53:17.382, 302.07, 100, 74232, 73
2026/07/29 08:53:18.420, 302.20, 100, 74232, 73
2026/07/29 08:53:19.458, 304.77, 100, 74232, 73
2026/07/29 08:53:20.496, 301.66, 100, 74232, 73
2026/07/29 08:53:21.534, 301.69, 100, 74232, 73
2026/07/29 08:53:22.572, 301.69, 100, 74232, 73
2026/07/29 08:53:23.610, 301.38, 100, 74232, 73
2026/07/29 08:53:24.648, 303.74, 100, 74232, 73
2026/07/29 08:53:25.690, 300.94, 100, 74232, 73
2026/07/29 08:53:26.729, 297.32, 100, 74232, 73
2026/07/29 08:53:27.770, 301.79, 100, 74232, 73
2026/07/29 08:53:28.807, 302.27, 100, 74232, 73
2026/07/29 08:53:29.845, 302.48, 100, 74232, 73
2026/07/29 08:53:30.884, 303.79, 100, 74232, 73
2026/07/29 08:53:31.921, 297.04, 100, 74232, 73
2026/07/29 08:53:32.958, 290.45, 100, 74232, 73
2026/07/29 08:53:33.997, 294.80, 100, 74232, 73
2026/07/29 08:53:35.035, 293.75, 100, 74232, 73
2026/07/29 08:53:36.074, 293.16, 100, 74232, 73
2026/07/29 08:53:37.112, 293.83, 100, 74232, 73
2026/07/29 08:53:38.151, 294.31, 100, 74232, 73
2026/07/29 08:53:39.190, 302.26, 100, 74232, 73
2026/07/29 08:53:40.228, 300.52, 100, 74232, 73
2026/07/29 08:53:41.267, 302.92, 100, 74232, 73
2026/07/29 08:53:42.305, 303.32, 100, 74232, 73
2026/07/29 08:53:43.341, 299.84, 100, 74232, 73
2026/07/29 08:53:44.378, 303.78, 100, 74232, 73
2026/07/29 08:53:45.416, 303.30, 100, 74232, 73
2026/07/29 08:53:46.454, 301.86, 100, 74232, 73
2026/07/29 08:53:47.491, 301.67, 100, 74232, 73
2026/07/29 08:53:48.531, 297.84, 100, 74232, 73
2026/07/29 08:53:49.569, 297.43, 100, 74232, 73
2026/07/29 08:53:50.608, 296.84, 100, 74232, 73
2026/07/29 08:53:51.648, 293.45, 100, 74232, 73
2026/07/29 08:53:52.687, 294.33, 100, 74232, 73
2026/07/29 08:53:53.724, 296.36, 100, 74232, 73
2026/07/29 08:53:54.761, 294.21, 100, 74232, 73
2026/07/29 08:53:55.798, 299.45, 100, 74232, 73
2026/07/29 08:53:56.836, 300.14, 100, 74232, 73
2026/07/29 08:53:57.878, 302.77, 100, 74232, 73
2026/07/29 08:53:58.915, 303.04, 100, 74232, 73
2026/07/29 08:53:59.953, 300.33, 100, 74232, 73
2026/07/29 08:54:00.991, 302.91, 100, 74232, 73
2026/07/29 08:54:02.028, 302.55, 100, 74232, 73
2026/07/29 08:54:03.066, 301.56, 100, 74232, 73
2026/07/29 08:54:04.103, 300.14, 100, 74232, 73
2026/07/29 08:54:05.141, 302.18, 100, 74232, 73
2026/07/29 08:54:06.179, 301.27, 100, 74232, 73
2026/07/29 08:54:07.216, 300.51, 100, 74232, 73
2026/07/29 08:54:08.254, 301.57, 100, 74232, 73
2026/07/29 08:54:09.291, 300.63, 100, 74232, 73
2026/07/29 08:54:10.329, 302.73, 100, 74232, 73
2026/07/29 08:54:11.367, 300.58, 100, 74232, 72
2026/07/29 08:54:12.404, 300.70, 100, 74232, 73
2026/07/29 08:54:13.442, 294.12, 100, 74232, 72
2026/07/29 08:54:14.479, 290.54, 100, 74232, 72
2026/07/29 08:54:15.517, 292.39, 100, 74232, 72
2026/07/29 08:54:16.556, 294.52, 100, 74232, 72
2026/07/29 08:54:17.594, 294.98, 100, 74232, 72
2026/07/29 08:54:18.638, 294.92, 100, 74232, 72
2026/07/29 08:54:19.675, 293.19, 100, 74232, 72
2026/07/29 08:54:20.713, 293.65, 100, 74232, 72
2026/07/29 08:54:21.753, 293.16, 100, 74232, 72
2026/07/29 08:54:22.791, 297.65, 100, 74232, 72
2026/07/29 08:54:23.828, 301.79, 100, 74232, 72
2026/07/29 08:54:24.867, 301.60, 100, 74232, 72
2026/07/29 08:54:25.904, 297.03, 100, 74232, 72
2026/07/29 08:54:26.944, 297.52, 100, 74232, 72
2026/07/29 08:54:27.981, 300.68, 100, 74232, 72
2026/07/29 08:54:29.018, 303.13, 100, 74232, 72
2026/07/29 08:54:30.056, 299.92, 100, 74232, 72
2026/07/29 08:54:31.093, 300.74, 100, 74232, 72
2026/07/29 08:54:32.129, 300.45, 100, 74232, 72
2026/07/29 08:54:33.166, 301.48, 100, 74232, 72
2026/07/29 08:54:34.204, 300.91, 100, 74232, 72
2026/07/29 08:54:35.241, 301.67, 100, 74232, 72
2026/07/29 08:54:36.282, 300.44, 100, 74232, 72
2026/07/29 08:54:37.320, 303.53, 100, 74232, 72
2026/07/29 08:54:38.358, 301.87, 100, 74232, 72
2026/07/29 08:54:39.398, 299.73, 100, 74232, 72
2026/07/29 08:54:40.436, 301.40, 100, 74232, 72
2026/07/29 08:54:41.473, 301.58, 100, 74232, 72
2026/07/29 08:54:42.510, 301.01, 100, 74232, 72
2026/07/29 08:54:43.547, 299.35, 100, 74232, 72
2026/07/29 08:54:44.585, 291.32, 100, 74232, 72
2026/07/29 08:54:45.622, 289.48, 100, 74232, 72
2026/07/29 08:54:46.662, 289.56, 100, 74232, 72
2026/07/29 08:54:47.700, 299.16, 78, 74232, 74
2026/07/29 08:54:48.736, 296.83, 100, 74232, 74
2026/07/29 08:54:49.773, 305.62, 100, 74232, 74
2026/07/29 08:54:50.808, 302.88, 100, 74232, 74
2026/07/29 08:54:51.843, 311.62, 100, 74232, 74
2026/07/29 08:54:52.880, 281.35, 100, 74232, 72
2026/07/29 08:54:53.919, 291.42, 100, 74232, 72
2026/07/29 08:54:54.958, 293.07, 100, 74232, 72
2026/07/29 08:54:55.995, 301.77, 100, 74232, 72
2026/07/29 08:54:57.039, 290.24, 100, 74232, 72
2026/07/29 08:54:58.079, 290.54, 100, 74232, 72
2026/07/29 08:54:59.117, 290.54, 100, 74232, 72
2026/07/29 08:55:00.156, 293.85, 100, 74232, 72
2026/07/29 08:55:01.194, 293.54, 100, 74232, 72
2026/07/29 08:55:02.231, 290.94, 100, 74232, 72
2026/07/29 08:55:03.269, 292.59, 100, 74232, 73
2026/07/29 08:55:04.307, 301.79, 100, 74232, 73
2026/07/29 08:55:05.346, 297.26, 100, 74232, 74
2026/07/29 08:55:06.382, 292.87, 100, 74232, 74
2026/07/29 08:55:07.417, 298.03, 100, 74232, 74
2026/07/29 08:55:08.454, 292.77, 100, 74232, 74
2026/07/29 08:55:09.495, 288.09, 100, 74232, 74
2026/07/29 08:55:10.530, 296.17, 100, 74232, 73
2026/07/29 08:55:11.567, 298.75, 100, 74232, 73
2026/07/29 08:55:12.604, 302.72, 100, 74232, 73
2026/07/29 08:55:13.645, 294.51, 100, 74232, 73
2026/07/29 08:55:14.682, 303.00, 100, 74232, 73
2026/07/29 08:55:15.719, 304.42, 100, 74232, 73
2026/07/29 08:55:16.760, 301.29, 100, 74232, 73
2026/07/29 08:55:17.797, 292.75, 100, 74232, 73
2026/07/29 08:55:18.834, 301.86, 100, 74232, 73
2026/07/29 08:55:19.871, 301.77, 100, 74232, 73
2026/07/29 08:55:20.908, 301.98, 100, 74232, 73
2026/07/29 08:55:21.946, 222.44, 79, 74232, 72
2026/07/29 08:55:22.982, 99.18, 0, 74232, 69
2026/07/29 08:55:24.044, 96.89, 0, 74232, 69
2026/07/29 08:55:25.075, 96.10, 0, 74232, 68
2026/07/29 08:55:26.107, 95.47, 0, 74232, 67
2026/07/29 08:55:27.140, 96.27, 0, 74232, 67
2026/07/29 08:55:28.172, 94.53, 0, 74232, 66
2026/07/29 08:55:29.205, 94.61, 0, 74232, 66
2026/07/29 08:55:30.237, 93.15, 0, 74232, 66
2026/07/29 08:55:31.268, 93.55, 0, 74232, 65
2026/07/29 08:55:32.300, 92.17, 0, 74232, 65
2026/07/29 08:55:33.330, 91.75, 0, 74232, 64
2026/07/29 08:55:34.362, 92.16, 0, 74232, 64
2026/07/29 08:55:35.394, 90.83, 0, 74232, 64
2026/07/29 08:55:36.424, 91.58, 0, 74232, 63
2026/07/29 08:55:37.457, 91.19, 0, 74232, 63
2026/07/29 08:55:38.488, 90.76, 0, 74232, 63
2026/07/29 08:55:39.519, 89.18, 0, 74232, 63
2026/07/29 08:55:40.549, 88.52, 0, 74232, 62
2026/07/29 08:55:41.579, 88.43, 0, 74232, 62
2026/07/29 08:55:42.612, 88.09, 0, 74232, 62
2026/07/29 08:55:43.643, 87.66, 0, 74232, 61
2026/07/29 08:55:44.672, 87.09, 0, 74232, 61
2026/07/29 08:55:45.703, 88.40, 0, 74232, 61
2026/07/29 08:55:46.734, 86.47, 0, 74232, 61
2026/07/29 08:55:47.765, 86.32, 0, 74232, 60
2026/07/29 08:55:48.797, 85.64, 0, 74232, 60
2026/07/29 08:55:49.828, 85.88, 0, 74232, 60
2026/07/29 08:55:50.859, 86.47, 0, 74232, 59
2026/07/29 08:55:51.891, 85.18, 0, 74232, 59
2026/07/29 08:55:52.924, 84.28, 0, 74232, 59
2026/07/29 08:55:53.985, 299.06, 100, 74232, 64
2026/07/29 08:55:55.022, 298.32, 100, 74232, 64
2026/07/29 08:55:56.056, 300.65, 100, 74232, 65
2026/07/29 08:55:57.091, 289.30, 100, 74232, 65
2026/07/29 08:55:58.128, 299.23, 100, 74232, 65
2026/07/29 08:55:59.162, 304.98, 100, 74232, 64
2026/07/29 08:56:00.200, 304.63, 100, 74232, 64
2026/07/29 08:56:01.239, 307.77, 100, 74232, 65
2026/07/29 08:56:02.277, 305.26, 100, 74232, 65
2026/07/29 08:56:03.314, 306.69, 100, 74232, 65
2026/07/29 08:56:04.354, 298.30, 100, 74232, 65
2026/07/29 08:56:05.393, 298.77, 100, 74232, 66
2026/07/29 08:56:06.431, 295.88, 100, 74232, 66
2026/07/29 08:56:07.468, 284.08, 100, 74232, 68
2026/07/29 08:56:08.505, 293.44, 100, 74232, 68
2026/07/29 08:56:09.542, 280.67, 100, 74232, 68
2026/07/29 08:56:10.578, 290.74, 100, 74232, 69
2026/07/29 08:56:11.612, 303.56, 100, 74232, 69
2026/07/29 08:56:12.647, 284.89, 100, 74232, 67
2026/07/29 08:56:13.687, 293.84, 100, 74232, 67
2026/07/29 08:56:14.725, 296.16, 100, 74232, 67
2026/07/29 08:56:15.776, 296.06, 100, 74232, 68
2026/07/29 08:56:16.815, 302.76, 100, 74232, 68
2026/07/29 08:56:17.855, 302.18, 100, 74232, 68
2026/07/29 08:56:18.893, 300.73, 100, 74232, 70
2026/07/29 08:56:19.932, 285.08, 100, 74232, 70
2026/07/29 08:56:20.966, 313.41, 100, 74232, 70
2026/07/29 08:56:22.002, 293.73, 100, 74232, 71
2026/07/29 08:56:23.043, 282.20, 100, 74232, 71
2026/07/29 08:56:24.080, 303.07, 100, 74232, 69
2026/07/29 08:56:25.118, 289.87, 100, 74232, 69
2026/07/29 08:56:26.156, 292.39, 100, 74232, 69
2026/07/29 08:56:27.194, 290.36, 100, 74232, 69
2026/07/29 08:56:28.232, 290.45, 100, 74232, 70
2026/07/29 08:56:29.270, 288.02, 100, 74232, 70
2026/07/29 08:56:30.310, 290.45, 100, 74232, 70
2026/07/29 08:56:31.348, 292.96, 100, 74232, 70
2026/07/29 08:56:32.385, 291.50, 100, 74232, 70
2026/07/29 08:56:33.424, 294.02, 100, 74232, 72
2026/07/29 08:56:34.459, 295.18, 100, 74232, 72
2026/07/29 08:56:35.494, 299.25, 100, 74232, 72
2026/07/29 08:56:36.532, 318.87, 100, 74232, 73
2026/07/29 08:56:37.567, 270.48, 100, 74232, 72
2026/07/29 08:56:38.601, 284.91, 100, 74232, 72
2026/07/29 08:56:39.637, 301.55, 100, 74232, 71
2026/07/29 08:56:40.682, 301.39, 100, 74232, 71
2026/07/29 08:56:41.721, 301.37, 100, 74232, 71
2026/07/29 08:56:42.758, 290.24, 100, 74232, 73
2026/07/29 08:56:43.795, 302.64, 100, 74232, 73
2026/07/29 08:56:44.830, 303.11, 100, 74232, 73
2026/07/29 08:56:45.866, 289.14, 100, 74232, 73
2026/07/29 08:56:46.902, 309.23, 100, 74232, 73
2026/07/29 08:56:47.937, 310.52, 100, 74232, 73
2026/07/29 08:56:48.975, 301.47, 100, 74232, 72
2026/07/29 08:56:50.013, 302.83, 100, 74232, 72
2026/07/29 08:56:51.053, 297.89, 100, 74232, 72
2026/07/29 08:56:52.092, 280.68, 100, 74232, 73
2026/07/29 08:56:53.127, 277.12, 100, 74232, 74
2026/07/29 08:56:54.162, 300.02, 100, 74232, 74
2026/07/29 08:56:55.197, 299.43, 100, 74232, 74
2026/07/29 08:56:56.235, 269.04, 100, 74232, 74
2026/07/29 08:56:57.269, 272.07, 100, 74232, 74
2026/07/29 08:56:58.305, 300.03, 100, 74232, 73
2026/07/29 08:56:59.344, 293.74, 100, 74232, 73
2026/07/29 08:57:00.382, 294.61, 100, 74232, 73
2026/07/29 08:57:01.422, 293.66, 100, 74232, 73
2026/07/29 08:57:02.460, 294.24, 100, 74232, 73
2026/07/29 08:57:03.498, 303.25, 100, 74232, 73
2026/07/29 08:57:04.538, 302.35, 100, 74232, 73
2026/07/29 08:57:05.574, 297.22, 14, 74232, 74
2026/07/29 08:57:06.609, 300.56, 100, 74232, 74
2026/07/29 08:57:07.644, 292.10, 100, 74232, 75
2026/07/29 08:57:08.678, 297.34, 100, 74232, 75
2026/07/29 08:57:09.723, 289.56, 100, 74232, 74
2026/07/29 08:57:10.758, 283.35, 100, 74232, 75
2026/07/29 08:57:11.795, 301.08, 100, 74232, 73
2026/07/29 08:57:12.833, 295.17, 100, 74232, 73
2026/07/29 08:57:13.873, 294.80, 100, 74232, 73
2026/07/29 08:57:14.911, 294.62, 100, 74232, 73
2026/07/29 08:57:15.953, 297.11, 100, 74232, 75
2026/07/29 08:57:16.987, 302.71, 100, 74232, 75
2026/07/29 08:57:18.025, 293.54, 100, 74232, 75
2026/07/29 08:57:19.059, 295.17, 100, 74232, 75
2026/07/29 08:57:20.092, 298.66, 100, 74232, 75
2026/07/29 08:57:21.131, 259.55, 100, 74232, 75
2026/07/29 08:57:22.167, 301.38, 100, 74232, 73
2026/07/29 08:57:23.205, 302.48, 100, 74232, 73
2026/07/29 08:57:24.243, 302.06, 100, 74232, 73
2026/07/29 08:57:25.283, 303.94, 100, 74232, 73
2026/07/29 08:57:26.320, 300.03, 100, 74232, 73
2026/07/29 08:57:27.355, 312.56, 100, 74232, 75
2026/07/29 08:57:28.391, 302.84, 100, 74232, 73
2026/07/29 08:57:29.428, 295.41, 100, 74232, 73
2026/07/29 08:57:30.465, 301.40, 100, 74232, 74
2026/07/29 08:57:31.502, 296.35, 100, 74232, 74
2026/07/29 08:57:32.539, 294.04, 100, 74232, 74
2026/07/29 08:57:33.577, 295.48, 100, 74232, 74
2026/07/29 08:57:34.614, 290.25, 100, 74232, 74
2026/07/29 08:57:35.651, 301.29, 100, 74232, 74
2026/07/29 08:57:36.688, 303.93, 100, 74232, 74
2026/07/29 08:57:37.725, 303.40, 100, 74232, 74
2026/07/29 08:57:38.761, 297.30, 100, 74232, 74
2026/07/29 08:57:39.798, 302.73, 100, 74232, 74
2026/07/29 08:57:40.834, 303.51, 100, 74232, 73
2026/07/29 08:57:41.871, 303.64, 100, 74232, 73
2026/07/29 08:57:42.907, 302.68, 100, 74232, 73
2026/07/29 08:57:43.943, 302.75, 100, 74232, 73
2026/07/29 08:57:44.981, 303.60, 100, 74232, 73
2026/07/29 08:57:46.018, 297.32, 100, 74232, 73
2026/07/29 08:57:47.056, 297.42, 100, 74232, 73
2026/07/29 08:57:48.093, 290.64, 100, 74232, 73
2026/07/29 08:57:49.131, 293.83, 100, 74232, 73
2026/07/29 08:57:50.166, 296.46, 100, 74232, 73
2026/07/29 08:57:51.203, 295.97, 100, 74232, 73
2026/07/29 08:57:52.240, 293.16, 100, 74232, 73
2026/07/29 08:57:53.283, 301.38, 100, 74232, 73
2026/07/29 08:57:54.320, 302.78, 100, 74232, 73
2026/07/29 08:57:55.357, 300.04, 100, 74232, 73
2026/07/29 08:57:56.394, 301.87, 100, 74232, 73
2026/07/29 08:57:57.431, 297.90, 100, 74232, 73
2026/07/29 08:57:58.468, 304.19, 100, 74232, 73
2026/07/29 08:57:59.504, 290.13, 100, 74232, 73
2026/07/29 08:58:00.543, 293.27, 100, 74232, 73
2026/07/29 08:58:01.580, 294.53, 100, 74232, 73
2026/07/29 08:58:02.618, 294.43, 100, 74232, 73
2026/07/29 08:58:03.655, 297.32, 100, 74232, 73
2026/07/29 08:58:04.692, 296.55, 100, 74232, 73
2026/07/29 08:58:05.729, 290.83, 100, 74232, 73
2026/07/29 08:58:06.766, 292.10, 100, 74232, 73
2026/07/29 08:58:07.803, 294.90, 100, 74232, 73
2026/07/29 08:58:08.840, 295.01, 100, 74232, 73
2026/07/29 08:58:09.877, 295.50, 100, 74232, 73
2026/07/29 08:58:10.913, 294.25, 100, 74232, 73
2026/07/29 08:58:11.951, 295.50, 100, 74232, 73
2026/07/29 08:58:12.987, 292.76, 100, 74232, 73
2026/07/29 08:58:14.027, 294.04, 100, 74232, 73
2026/07/29 08:58:15.065, 293.15, 100, 74232, 73
2026/07/29 08:58:16.101, 302.97, 100, 74232, 73
2026/07/29 08:58:17.139, 300.66, 100, 74232, 73
2026/07/29 08:58:18.178, 297.73, 100, 74232, 73
2026/07/29 08:58:19.215, 301.90, 100, 74232, 73
2026/07/29 08:58:20.252, 306.83, 100, 74232, 73
2026/07/29 08:58:21.289, 303.07, 100, 74232, 73
2026/07/29 08:58:22.326, 301.58, 100, 74232, 73
2026/07/29 08:58:23.362, 302.26, 100, 74232, 73
2026/07/29 08:58:24.398, 300.61, 100, 74232, 73
2026/07/29 08:58:25.434, 301.77, 100, 74232, 73
2026/07/29 08:58:26.469, 302.56, 100, 74232, 73
2026/07/29 08:58:27.506, 300.40, 100, 74232, 73
2026/07/29 08:58:28.544, 300.90, 100, 74232, 73
2026/07/29 08:58:29.579, 295.00, 100, 74232, 73
2026/07/29 08:58:30.615, 294.30, 100, 74232, 73
2026/07/29 08:58:31.654, 300.51, 100, 74232, 73
2026/07/29 08:58:32.690, 299.95, 100, 74232, 73
2026/07/29 08:58:33.731, 294.14, 100, 74232, 73
2026/07/29 08:58:34.767, 296.27, 100, 74232, 73
2026/07/29 08:58:35.806, 294.00, 100, 74232, 73
2026/07/29 08:58:36.844, 301.59, 100, 74232, 73
2026/07/29 08:58:37.880, 293.17, 100, 74232, 73
2026/07/29 08:58:38.919, 294.60, 100, 74232, 73
2026/07/29 08:58:39.956, 294.24, 100, 74232, 73
2026/07/29 08:58:40.994, 290.55, 100, 74232, 73
2026/07/29 08:58:42.034, 295.77, 100, 74232, 73
2026/07/29 08:58:43.070, 292.86, 100, 74232, 73
2026/07/29 08:58:44.106, 292.76, 100, 74232, 73
2026/07/29 08:58:45.142, 296.44, 100, 74232, 73
2026/07/29 08:58:46.180, 302.54, 100, 74232, 73
2026/07/29 08:58:47.216, 302.06, 100, 74232, 73
2026/07/29 08:58:48.254, 301.97, 100, 74232, 73
2026/07/29 08:58:49.290, 301.55, 100, 74232, 73
2026/07/29 08:58:50.327, 303.03, 100, 74232, 73
2026/07/29 08:58:51.364, 303.21, 100, 74232, 73
2026/07/29 08:58:52.401, 302.84, 100, 74232, 73
2026/07/29 08:58:53.438, 303.25, 100, 74232, 73
2026/07/29 08:58:54.475, 301.40, 100, 74232, 73
2026/07/29 08:58:55.512, 301.52, 100, 74232, 73
2026/07/29 08:58:56.547, 300.88, 100, 74232, 73
2026/07/29 08:58:57.585, 301.57, 100, 74232, 73
2026/07/29 08:58:58.622, 301.69, 100, 74232, 73
2026/07/29 08:58:59.663, 296.63, 100, 74232, 73
2026/07/29 08:59:00.701, 295.11, 100, 74232, 73
2026/07/29 08:59:01.739, 294.41, 100, 74232, 73
2026/07/29 08:59:02.776, 288.89, 100, 74232, 72
2026/07/29 08:59:03.814, 286.28, 100, 74232, 72
2026/07/29 08:59:04.853, 293.94, 100, 74232, 72
2026/07/29 08:59:05.890, 292.41, 100, 74232, 73
2026/07/29 08:59:06.926, 292.97, 100, 74232, 73
2026/07/29 08:59:07.962, 299.65, 100, 74232, 73
2026/07/29 08:59:08.997, 293.45, 100, 74232, 73
2026/07/29 08:59:10.035, 302.49, 100, 74232, 73
2026/07/29 08:59:11.072, 301.69, 100, 74232, 73
2026/07/29 08:59:12.109, 304.68, 100, 74232, 73
2026/07/29 08:59:13.145, 301.98, 100, 74232, 73
2026/07/29 08:59:14.182, 300.01, 100, 74232, 73
2026/07/29 08:59:15.219, 301.21, 100, 74232, 73
2026/07/29 08:59:16.258, 301.51, 100, 74232, 73
2026/07/29 08:59:17.294, 301.48, 100, 74232, 73
2026/07/29 08:59:18.331, 301.59, 100, 74232, 73
2026/07/29 08:59:19.368, 294.89, 100, 74232, 72
2026/07/29 08:59:20.404, 290.73, 100, 74232, 73
2026/07/29 08:59:21.441, 289.96, 100, 74232, 72
2026/07/29 08:59:22.478, 293.17, 100, 74232, 72
2026/07/29 08:59:23.516, 294.74, 100, 74232, 72
2026/07/29 08:59:24.553, 292.48, 100, 74232, 73
2026/07/29 08:59:25.591, 299.54, 100, 74232, 73
2026/07/29 08:59:26.628, 300.53, 100, 74232, 73
2026/07/29 08:59:27.665, 300.81, 100, 74232, 73
2026/07/29 08:59:28.702, 299.94, 100, 74232, 73
2026/07/29 08:59:29.743, 301.20, 100, 74232, 73
2026/07/29 08:59:30.780, 303.90, 100, 74232, 73
2026/07/29 08:59:31.817, 300.52, 100, 74232, 73
2026/07/29 08:59:32.855, 301.48, 100, 74232, 73
2026/07/29 08:59:33.892, 300.13, 100, 74232, 73
2026/07/29 08:59:34.930, 301.31, 100, 74232, 73
2026/07/29 08:59:35.968, 300.92, 100, 74232, 73
2026/07/29 08:59:37.005, 296.96, 100, 74232, 73
2026/07/29 08:59:38.042, 294.26, 100, 74232, 73
2026/07/29 08:59:39.079, 292.02, 100, 74232, 73
2026/07/29 08:59:40.116, 296.44, 100, 74232, 73
2026/07/29 08:59:41.153, 304.07, 100, 74232, 73
2026/07/29 08:59:42.194, 295.28, 100, 74232, 73
2026/07/29 08:59:43.234, 298.42, 100, 74232, 73
2026/07/29 08:59:44.271, 303.25, 100, 74232, 73
2026/07/29 08:59:45.311, 300.12, 100, 74232, 73
2026/07/29 08:59:46.349, 303.31, 100, 74232, 73
2026/07/29 08:59:47.386, 300.42, 100, 74232, 73
2026/07/29 08:59:48.425, 302.35, 100, 74232, 73
2026/07/29 08:59:49.464, 303.89, 100, 74232, 73
2026/07/29 08:59:50.502, 302.06, 100, 74232, 73
2026/07/29 08:59:51.541, 301.86, 100, 74232, 73
2026/07/29 08:59:52.578, 303.20, 100, 74232, 73
2026/07/29 08:59:53.615, 297.72, 100, 74232, 73
2026/07/29 08:59:54.653, 301.85, 100, 74232, 73
2026/07/29 08:59:55.694, 294.15, 100, 74232, 73
2026/07/29 08:59:56.732, 295.90, 100, 74232, 73
2026/07/29 08:59:57.770, 293.16, 100, 74232, 73
2026/07/29 08:59:58.807, 293.66, 100, 74232, 73
2026/07/29 08:59:59.846, 294.32, 100, 74232, 73
2026/07/29 09:00:00.884, 302.19, 100, 74232, 73
2026/07/29 09:00:01.921, 302.97, 100, 74232, 73
2026/07/29 09:00:02.960, 297.31, 100, 74232, 73
2026/07/29 09:00:03.997, 301.96, 100, 74232, 73
2026/07/29 09:00:05.034, 302.44, 100, 74232, 73
2026/07/29 09:00:06.072, 304.71, 100, 74232, 73
2026/07/29 09:00:07.109, 302.26, 100, 74232, 73
2026/07/29 09:00:08.147, 303.30, 100, 74232, 73
2026/07/29 09:00:09.184, 302.64, 100, 74232, 73
2026/07/29 09:00:10.221, 291.68, 100, 74232, 73
2026/07/29 09:00:11.261, 293.27, 100, 74232, 73
2026/07/29 09:00:12.300, 294.41, 100, 74232, 73
2026/07/29 09:00:13.338, 302.08, 100, 74232, 73
2026/07/29 09:00:14.376, 303.51, 100, 74232, 73
2026/07/29 09:00:15.415, 300.99, 100, 74232, 73
2026/07/29 09:00:16.452, 303.88, 100, 74232, 73
2026/07/29 09:00:17.489, 302.92, 100, 74232, 73
2026/07/29 09:00:18.527, 303.42, 100, 74232, 73
2026/07/29 09:00:19.563, 305.86, 100, 74232, 73
2026/07/29 09:00:20.601, 302.63, 100, 74232, 73
2026/07/29 09:00:21.639, 297.93, 100, 74232, 73
2026/07/29 09:00:22.677, 294.61, 100, 74232, 73
2026/07/29 09:00:23.715, 291.04, 100, 74232, 73
2026/07/29 09:00:24.756, 299.35, 100, 74232, 73
2026/07/29 09:00:25.796, 295.46, 100, 74232, 73
2026/07/29 09:00:26.834, 301.21, 100, 74232, 73
2026/07/29 09:00:27.875, 295.49, 100, 74232, 73
2026/07/29 09:00:28.914, 302.13, 100, 74232, 73
2026/07/29 09:00:29.952, 298.10, 100, 74232, 73
2026/07/29 09:00:30.990, 299.57, 100, 74232, 73
2026/07/29 09:00:32.027, 290.25, 100, 74232, 73
2026/07/29 09:00:33.071, 295.58, 100, 74232, 73
2026/07/29 09:00:34.108, 291.43, 100, 74232, 73
2026/07/29 09:00:35.146, 301.88, 100, 74232, 73
2026/07/29 09:00:36.184, 299.74, 100, 74232, 73
2026/07/29 09:00:37.228, 295.96, 100, 74232, 73
2026/07/29 09:00:38.265, 295.10, 100, 74232, 73
2026/07/29 09:00:39.303, 295.10, 100, 74232, 73
2026/07/29 09:00:40.342, 294.61, 100, 74232, 73
2026/07/29 09:00:41.382, 302.91, 100, 74232, 75
2026/07/29 09:00:42.416, 302.16, 100, 74232, 75
2026/07/29 09:00:43.451, 298.87, 100, 74232, 75
2026/07/29 09:00:44.491, 292.08, 100, 74232, 75
2026/07/29 09:00:45.526, 288.11, 100, 74232, 75
2026/07/29 09:00:46.562, 247.81, 100, 74232, 73
2026/07/29 09:00:47.602, 288.49, 100, 74232, 73
2026/07/29 09:00:48.639, 294.31, 100, 74232, 73
2026/07/29 09:00:49.677, 288.79, 100, 74232, 73
2026/07/29 09:00:50.715, 294.02, 100, 74232, 73
2026/07/29 09:00:51.753, 289.66, 100, 74232, 73
2026/07/29 09:00:52.790, 101.64, 69, 74232, 71
2026/07/29 09:00:53.822, 296.93, 100, 74232, 75
2026/07/29 09:00:54.857, 294.13, 100, 74232, 75
2026/07/29 09:00:55.895, 290.39, 100, 74232, 75
2026/07/29 09:00:56.929, 256.30, 100, 74232, 75
2026/07/29 09:00:57.965, 269.24, 100, 74232, 75
2026/07/29 09:00:59.008, 318.35, 100, 74232, 75
2026/07/29 09:01:00.043, 302.20, 100, 74232, 73
2026/07/29 09:01:01.081, 295.78, 100, 74232, 73
2026/07/29 09:01:02.119, 297.32, 100, 74232, 73
2026/07/29 09:01:03.157, 285.21, 100, 74232, 73
2026/07/29 09:01:04.194, 295.38, 100, 74232, 73
2026/07/29 09:01:05.231, 291.79, 100, 74232, 75
2026/07/29 09:01:06.267, 299.30, 100, 74232, 75
2026/07/29 09:01:07.302, 307.23, 100, 74232, 75
2026/07/29 09:01:08.337, 291.39, 100, 74232, 75
2026/07/29 09:01:09.373, 279.76, 100, 74232, 75
2026/07/29 09:01:10.407, 324.61, 100, 74232, 76
2026/07/29 09:01:11.443, 303.97, 100, 74232, 74
2026/07/29 09:01:12.480, 304.67, 100, 74232, 74
2026/07/29 09:01:13.519, 304.32, 100, 74232, 74
2026/07/29 09:01:14.556, 304.60, 100, 74232, 74
2026/07/29 09:01:15.594, 304.48, 100, 74232, 74
2026/07/29 09:01:16.631, 304.86, 100, 74232, 74
2026/07/29 09:01:17.672, 306.01, 100, 74232, 74
2026/07/29 09:01:18.709, 299.55, 100, 74232, 74
2026/07/29 09:01:19.745, 300.59, 100, 74232, 74
2026/07/29 09:01:20.781, 299.84, 100, 74232, 74
2026/07/29 09:01:21.817, 297.61, 100, 74232, 74
2026/07/29 09:01:22.855, 294.54, 100, 74232, 74
2026/07/29 09:01:23.892, 297.90, 100, 74232, 74
2026/07/29 09:01:24.929, 297.52, 100, 74232, 74
2026/07/29 09:01:25.966, 296.87, 100, 74232, 74
2026/07/29 09:01:27.003, 298.97, 100, 74232, 74
2026/07/29 09:01:28.039, 297.23, 100, 74232, 74
2026/07/29 09:01:29.079, 101.28, 17, 74232, 71
2026/07/29 09:01:30.112, 309.03, 100, 74232, 75
2026/07/29 09:01:31.148, 303.00, 100, 74232, 75
2026/07/29 09:01:32.183, 295.66, 100, 74232, 75
2026/07/29 09:01:33.219, 304.50, 100, 74232, 75
2026/07/29 09:01:34.255, 283.47, 100, 74232, 76
2026/07/29 09:01:35.291, 257.54, 100, 74232, 75
2026/07/29 09:01:36.325, 295.18, 100, 74232, 74
2026/07/29 09:01:37.363, 295.01, 100, 74232, 74
2026/07/29 09:01:38.400, 303.26, 100, 74232, 74
2026/07/29 09:01:39.436, 305.14, 100, 74232, 74
2026/07/29 09:01:40.475, 291.42, 100, 74232, 75
2026/07/29 09:01:41.511, 295.70, 100, 74232, 76
2026/07/29 09:01:42.547, 308.65, 100, 74232, 76
2026/07/29 09:01:43.582, 300.80, 100, 74232, 76
2026/07/29 09:01:44.618, 282.11, 100, 74232, 76
2026/07/29 09:01:45.652, 264.03, 100, 74232, 76
2026/07/29 09:01:46.685, 307.99, 100, 74232, 76
2026/07/29 09:01:47.720, 307.73, 100, 74232, 74
2026/07/29 09:01:48.758, 305.29, 100, 74232, 74
2026/07/29 09:01:49.795, 304.90, 100, 74232, 74
2026/07/29 09:01:50.831, 305.06, 100, 74232, 74
2026/07/29 09:01:51.870, 304.98, 100, 74232, 74
2026/07/29 09:01:52.906, 304.02, 100, 74232, 74
2026/07/29 09:01:53.943, 297.91, 100, 74232, 74
2026/07/29 09:01:54.979, 298.47, 100, 74232, 74
2026/07/29 09:01:56.016, 297.33, 100, 74232, 74
2026/07/29 09:01:57.054, 299.30, 100, 74232, 74
2026/07/29 09:01:58.092, 297.13, 100, 74232, 74
2026/07/29 09:01:59.131, 299.64, 100, 74232, 74
2026/07/29 09:02:00.168, 293.64, 100, 74232, 74
2026/07/29 09:02:01.204, 297.82, 100, 74232, 74
2026/07/29 09:02:02.243, 301.08, 100, 74232, 74
2026/07/29 09:02:03.281, 293.68, 100, 74232, 74
2026/07/29 09:02:04.319, 258.91, 100, 74232, 76
2026/07/29 09:02:05.357, 304.26, 100, 74232, 76
2026/07/29 09:02:06.392, 299.84, 100, 74232, 76
2026/07/29 09:02:07.427, 309.62, 100, 74232, 76
2026/07/29 09:02:08.467, 290.25, 100, 74232, 76
2026/07/29 09:02:09.503, 261.63, 100, 74232, 76
2026/07/29 09:02:10.538, 282.68, 100, 74232, 76
2026/07/29 09:02:11.574, 278.95, 100, 74232, 74
2026/07/29 09:02:12.616, 288.70, 100, 74232, 74
2026/07/29 09:02:13.656, 295.49, 100, 74232, 74
2026/07/29 09:02:14.693, 297.53, 100, 74232, 74
2026/07/29 09:02:15.730, 298.12, 100, 74232, 74
2026/07/29 09:02:16.767, 297.24, 100, 74232, 74
2026/07/29 09:02:17.803, 298.98, 100, 74232, 74
2026/07/29 09:02:18.839, 297.12, 100, 74232, 74
2026/07/29 09:02:19.877, 296.78, 100, 74232, 74
2026/07/29 09:02:20.915, 297.46, 100, 74232, 74
2026/07/29 09:02:21.955, 294.51, 100, 74232, 74
2026/07/29 09:02:22.992, 294.69, 100, 74232, 74
2026/07/29 09:02:24.031, 293.45, 100, 74232, 74
2026/07/29 09:02:25.071, 295.58, 100, 74232, 74
2026/07/29 09:02:26.107, 304.99, 100, 74232, 74
2026/07/29 09:02:27.144, 301.11, 100, 74232, 74
2026/07/29 09:02:28.180, 301.61, 100, 74232, 74
2026/07/29 09:02:29.219, 304.48, 100, 74232, 74
2026/07/29 09:02:30.257, 296.86, 100, 74232, 74
2026/07/29 09:02:31.293, 304.48, 100, 74232, 74
2026/07/29 09:02:32.329, 304.19, 100, 74232, 74
2026/07/29 09:02:33.366, 305.06, 100, 74232, 74
2026/07/29 09:02:34.402, 304.13, 100, 74232, 74
2026/07/29 09:02:35.439, 297.06, 100, 74232, 74
2026/07/29 09:02:36.477, 297.03, 100, 74232, 73
2026/07/29 09:02:37.512, 295.99, 100, 74232, 73
2026/07/29 09:02:38.550, 293.07, 100, 74232, 73
2026/07/29 09:02:39.587, 297.14, 100, 74232, 73
2026/07/29 09:02:40.625, 296.83, 100, 74232, 75
2026/07/29 09:02:41.661, 303.60, 100, 74232, 73
2026/07/29 09:02:42.699, 303.25, 100, 74232, 73
2026/07/29 09:02:43.736, 303.62, 100, 74232, 73
2026/07/29 09:02:44.774, 300.85, 100, 74232, 73
2026/07/29 09:02:45.812, 301.58, 100, 74232, 73
2026/07/29 09:02:46.849, 296.72, 100, 74232, 73
2026/07/29 09:02:47.887, 290.85, 100, 74232, 73
2026/07/29 09:02:48.925, 298.32, 100, 74232, 73
2026/07/29 09:02:49.965, 289.97, 100, 74232, 73
2026/07/29 09:02:51.002, 297.29, 100, 74232, 73
2026/07/29 09:02:52.039, 292.30, 100, 74232, 73
2026/07/29 09:02:53.077, 290.16, 100, 74232, 73
2026/07/29 09:02:54.115, 294.05, 100, 74232, 73
2026/07/29 09:02:55.152, 300.32, 100, 74232, 73
2026/07/29 09:02:56.191, 299.84, 100, 74232, 73
2026/07/29 09:02:57.233, 293.74, 100, 74232, 73
2026/07/29 09:02:58.271, 294.90, 100, 74232, 73
2026/07/29 09:02:59.307, 295.19, 100, 74232, 73
2026/07/29 09:03:00.346, 294.90, 100, 74232, 73
2026/07/29 09:03:01.382, 295.47, 100, 74232, 73
2026/07/29 09:03:02.418, 293.92, 100, 74232, 73
2026/07/29 09:03:03.456, 294.79, 100, 74232, 73
2026/07/29 09:03:04.492, 303.15, 100, 74232, 73
2026/07/29 09:03:05.529, 298.58, 100, 74232, 73
2026/07/29 09:03:06.565, 301.67, 100, 74232, 73
2026/07/29 09:03:07.603, 303.71, 100, 74232, 73
2026/07/29 09:03:08.639, 301.88, 100, 74232, 73
2026/07/29 09:03:09.677, 302.64, 100, 74232, 73
2026/07/29 09:03:10.713, 300.82, 100, 74232, 73
2026/07/29 09:03:11.749, 303.32, 100, 74232, 73
2026/07/29 09:03:12.787, 303.07, 100, 74232, 73
2026/07/29 09:03:13.824, 301.95, 100, 74232, 73
2026/07/29 09:03:14.862, 300.90, 100, 74232, 73
2026/07/29 09:03:15.899, 296.24, 100, 74232, 73
2026/07/29 09:03:16.940, 302.83, 100, 74232, 73
2026/07/29 09:03:17.978, 295.87, 100, 74232, 73
2026/07/29 09:03:19.016, 290.64, 100, 74232, 73
2026/07/29 09:03:20.056, 293.84, 100, 74232, 73
2026/07/29 09:03:21.093, 293.95, 100, 74232, 73
2026/07/29 09:03:22.131, 293.25, 100, 74232, 73
2026/07/29 09:03:23.169, 293.93, 100, 74232, 73
2026/07/29 09:03:24.208, 301.39, 100, 74232, 73
2026/07/29 09:03:25.246, 301.57, 100, 74232, 73
2026/07/29 09:03:26.284, 301.20, 100, 74232, 73
2026/07/29 09:03:27.320, 296.82, 100, 74232, 73
2026/07/29 09:03:28.356, 292.09, 100, 74232, 73
2026/07/29 09:03:29.393, 289.85, 100, 74232, 73
2026/07/29 09:03:30.430, 299.47, 100, 74232, 73
2026/07/29 09:03:31.467, 299.53, 100, 74232, 73
2026/07/29 09:03:32.505, 300.94, 100, 74232, 73
2026/07/29 09:03:33.543, 302.84, 100, 74232, 73
2026/07/29 09:03:34.580, 302.83, 100, 74232, 73
2026/07/29 09:03:35.616, 300.79, 100, 74232, 73
2026/07/29 09:03:36.654, 304.19, 100, 74232, 73
2026/07/29 09:03:37.691, 301.58, 100, 74232, 73
2026/07/29 09:03:38.728, 302.98, 100, 74232, 73
2026/07/29 09:03:39.765, 302.83, 100, 74232, 73
2026/07/29 09:03:40.801, 301.19, 100, 74232, 73
2026/07/29 09:03:41.839, 304.24, 100, 74232, 73
2026/07/29 09:03:42.876, 300.70, 100, 74232, 73
2026/07/29 09:03:43.915, 292.48, 100, 74232, 73
2026/07/29 09:03:44.951, 292.18, 100, 74232, 73
2026/07/29 09:03:45.987, 294.05, 100, 74232, 73
2026/07/29 09:03:47.022, 294.61, 100, 74232, 73
2026/07/29 09:03:48.060, 295.59, 100, 74232, 73
2026/07/29 09:03:49.097, 292.38, 100, 74232, 73
2026/07/29 09:03:50.134, 298.49, 100, 74232, 73
2026/07/29 09:03:51.173, 300.31, 100, 74232, 73
2026/07/29 09:03:52.209, 296.10, 100, 74232, 73
2026/07/29 09:03:53.247, 296.34, 100, 74232, 73
2026/07/29 09:03:54.284, 301.97, 100, 74232, 73
2026/07/29 09:03:55.320, 301.29, 100, 74232, 73
2026/07/29 09:03:56.356, 301.51, 100, 74232, 73
2026/07/29 09:03:57.392, 301.57, 100, 74232, 73
2026/07/29 09:03:58.428, 302.93, 100, 74232, 73
2026/07/29 09:03:59.466, 299.58, 100, 74232, 73
2026/07/29 09:04:00.502, 301.39, 100, 74232, 73
2026/07/29 09:04:01.538, 302.92, 100, 74232, 73
2026/07/29 09:04:02.574, 301.33, 100, 74232, 73
2026/07/29 09:04:03.613, 300.41, 100, 74232, 73
2026/07/29 09:04:04.649, 303.11, 100, 74232, 73
2026/07/29 09:04:05.687, 301.78, 100, 74232, 73
2026/07/29 09:04:06.723, 302.14, 100, 74232, 73
2026/07/29 09:04:07.760, 300.00, 100, 74232, 73
2026/07/29 09:04:08.797, 301.09, 100, 74232, 73
2026/07/29 09:04:09.834, 294.33, 100, 74232, 72
2026/07/29 09:04:10.873, 293.93, 100, 74232, 72
2026/07/29 09:04:11.910, 294.62, 100, 74232, 72
2026/07/29 09:04:12.951, 293.73, 100, 74232, 72
2026/07/29 09:04:13.988, 294.03, 100, 74232, 72
2026/07/29 09:04:15.029, 301.11, 100, 74232, 72
2026/07/29 09:04:16.067, 300.51, 100, 74232, 73
2026/07/29 09:04:17.104, 301.37, 100, 74232, 73
2026/07/29 09:04:18.144, 302.09, 100, 74232, 73
2026/07/29 09:04:19.181, 297.81, 100, 74232, 72
2026/07/29 09:04:20.218, 300.82, 100, 74232, 72
2026/07/29 09:04:21.255, 300.50, 100, 74232, 73
2026/07/29 09:04:22.293, 301.55, 100, 74232, 73
2026/07/29 09:04:23.330, 301.47, 100, 74232, 73
2026/07/29 09:04:24.366, 300.59, 100, 74232, 72
2026/07/29 09:04:25.402, 301.92, 100, 74232, 72
2026/07/29 09:04:26.438, 300.13, 100, 74232, 72
2026/07/29 09:04:27.476, 300.61, 100, 74232, 73
2026/07/29 09:04:28.513, 301.49, 100, 74232, 72
2026/07/29 09:04:29.550, 301.49, 100, 74232, 72
2026/07/29 09:04:30.586, 299.54, 100, 74232, 72
2026/07/29 09:04:31.626, 299.74, 100, 74232, 72
2026/07/29 09:04:32.664, 299.65, 100, 74232, 72
2026/07/29 09:04:33.702, 301.14, 100, 74232, 72
2026/07/29 09:04:34.742, 300.71, 100, 74232, 72
2026/07/29 09:04:35.779, 303.05, 100, 74232, 72
2026/07/29 09:04:36.816, 303.04, 100, 74232, 72
2026/07/29 09:04:37.854, 300.91, 100, 74232, 72
2026/07/29 09:04:38.892, 300.59, 100, 74232, 73
2026/07/29 09:04:39.930, 300.13, 100, 74232, 73
2026/07/29 09:04:40.968, 294.51, 100, 74232, 72
2026/07/29 09:04:42.005, 288.91, 100, 74232, 72
2026/07/29 09:04:43.041, 298.41, 100, 74232, 72
2026/07/29 09:04:44.080, 301.39, 100, 74232, 73
2026/07/29 09:04:45.123, 303.92, 100, 74232, 74
2026/07/29 09:04:46.157, 284.26, 100, 74232, 74
2026/07/29 09:04:47.195, 289.23, 100, 74232, 74
2026/07/29 09:04:48.229, 295.19, 100, 74232, 74
2026/07/29 09:04:49.263, 280.91, 100, 74232, 74
2026/07/29 09:04:50.297, 271.00, 100, 74232, 74
2026/07/29 09:04:51.336, 302.50, 100, 74232, 73
2026/07/29 09:04:52.373, 306.11, 100, 74232, 73
2026/07/29 09:04:53.409, 301.48, 100, 74232, 73
2026/07/29 09:04:54.447, 303.11, 100, 74232, 73
2026/07/29 09:04:55.485, 297.02, 87, 74232, 74
2026/07/29 09:04:56.520, 295.76, 100, 74232, 75
2026/07/29 09:04:57.553, 299.68, 100, 74232, 75
2026/07/29 09:04:58.589, 300.61, 100, 74232, 75
2026/07/29 09:04:59.625, 283.94, 100, 74232, 75
2026/07/29 09:05:00.661, 310.06, 100, 74232, 75
2026/07/29 09:05:01.695, 296.84, 100, 74232, 74
2026/07/29 09:05:02.730, 297.26, 100, 74232, 73
2026/07/29 09:05:03.775, 296.73, 100, 74232, 73
2026/07/29 09:05:04.812, 294.82, 100, 74232, 73
2026/07/29 09:05:05.848, 295.98, 100, 74232, 73
2026/07/29 09:05:06.884, 295.68, 100, 74232, 73
2026/07/29 09:05:07.920, 297.82, 100, 74232, 73
2026/07/29 09:05:08.961, 296.28, 100, 74232, 73
2026/07/29 09:05:09.997, 296.45, 100, 74232, 73
2026/07/29 09:05:11.034, 297.35, 100, 74232, 73
2026/07/29 09:05:12.070, 296.25, 100, 74232, 73
2026/07/29 09:05:13.108, 297.41, 100, 74232, 73
2026/07/29 09:05:14.145, 297.07, 100, 74232, 73
2026/07/29 09:05:15.186, 297.14, 100, 74232, 73
2026/07/29 09:05:16.223, 303.74, 100, 74232, 75
2026/07/29 09:05:17.258, 302.44, 100, 74232, 75
2026/07/29 09:05:18.293, 301.10, 100, 74232, 75
2026/07/29 09:05:19.328, 297.93, 100, 74232, 75
2026/07/29 09:05:20.362, 303.45, 100, 74232, 75
2026/07/29 09:05:21.395, 300.61, 100, 74232, 75
2026/07/29 09:05:22.430, 319.19, 100, 74232, 75
2026/07/29 09:05:23.465, 302.65, 100, 74232, 73
2026/07/29 09:05:24.503, 302.66, 100, 74232, 73
2026/07/29 09:05:25.541, 304.94, 100, 74232, 73
2026/07/29 09:05:26.579, 303.49, 100, 74232, 73
2026/07/29 09:05:27.618, 303.60, 100, 74232, 73
2026/07/29 09:05:28.655, 306.12, 100, 74232, 73
2026/07/29 09:05:29.692, 304.72, 100, 74232, 74
2026/07/29 09:05:30.728, 304.21, 100, 74232, 74
2026/07/29 09:05:31.766, 303.71, 100, 74232, 74
2026/07/29 09:05:32.802, 305.33, 100, 74232, 74
2026/07/29 09:05:33.837, 303.33, 100, 74232, 74
2026/07/29 09:05:34.874, 304.10, 100, 74232, 74
2026/07/29 09:05:35.910, 304.00, 100, 74232, 74
2026/07/29 09:05:36.946, 304.49, 100, 74232, 74
2026/07/29 09:05:37.983, 305.43, 100, 74232, 73
2026/07/29 09:05:39.020, 292.77, 100, 74232, 73
2026/07/29 09:05:40.057, 296.66, 100, 74232, 73
2026/07/29 09:05:41.095, 295.50, 100, 74232, 73
2026/07/29 09:05:42.133, 300.30, 100, 74232, 73
2026/07/29 09:05:43.174, 296.05, 100, 74232, 73
2026/07/29 09:05:44.210, 297.20, 100, 74232, 73
2026/07/29 09:05:45.248, 295.67, 100, 74232, 73
2026/07/29 09:05:46.285, 301.77, 100, 74232, 73
2026/07/29 09:05:47.322, 300.23, 100, 74232, 73
2026/07/29 09:05:48.359, 295.89, 100, 74232, 73
2026/07/29 09:05:49.396, 295.30, 100, 74232, 73
2026/07/29 09:05:50.437, 300.33, 100, 74232, 73
2026/07/29 09:05:51.476, 297.13, 100, 74232, 73
2026/07/29 09:05:52.512, 303.65, 100, 74232, 73
2026/07/29 09:05:53.549, 302.35, 100, 74232, 73
2026/07/29 09:05:54.586, 302.95, 100, 74232, 73
2026/07/29 09:05:55.622, 302.51, 100, 74232, 73
2026/07/29 09:05:56.659, 302.73, 100, 74232, 73
2026/07/29 09:05:57.696, 304.43, 100, 74232, 73
2026/07/29 09:05:58.734, 294.30, 100, 74232, 73
2026/07/29 09:05:59.773, 295.40, 100, 74232, 73
2026/07/29 09:06:00.810, 294.93, 100, 74232, 73
2026/07/29 09:06:01.846, 296.16, 100, 74232, 73
2026/07/29 09:06:02.884, 294.53, 100, 74232, 73
2026/07/29 09:06:03.921, 295.69, 100, 74232, 73
2026/07/29 09:06:04.958, 294.43, 100, 74232, 73
2026/07/29 09:06:05.996, 304.60, 100, 74232, 73
2026/07/29 09:06:07.036, 302.40, 100, 74232, 73
2026/07/29 09:06:08.072, 292.17, 100, 74232, 73
2026/07/29 09:06:09.110, 294.13, 100, 74232, 73
2026/07/29 09:06:10.147, 295.00, 100, 74232, 73
2026/07/29 09:06:11.189, 294.32, 100, 74232, 73
2026/07/29 09:06:12.226, 298.59, 100, 74232, 73
2026/07/29 09:06:13.262, 303.39, 100, 74232, 73
2026/07/29 09:06:14.299, 303.12, 100, 74232, 73
2026/07/29 09:06:15.335, 300.04, 100, 74232, 73
2026/07/29 09:06:16.372, 301.90, 100, 74232, 73
2026/07/29 09:06:17.409, 301.96, 100, 74232, 73
2026/07/29 09:06:18.449, 295.30, 100, 74232, 73
2026/07/29 09:06:19.486, 296.94, 100, 74232, 73
2026/07/29 09:06:20.522, 292.10, 100, 74232, 73
2026/07/29 09:06:21.565, 291.03, 100, 74232, 73
2026/07/29 09:06:22.602, 303.61, 100, 74232, 73
2026/07/29 09:06:23.640, 302.54, 100, 74232, 73
2026/07/29 09:06:24.676, 301.96, 100, 74232, 73
2026/07/29 09:06:25.713, 301.71, 100, 74232, 73
2026/07/29 09:06:26.749, 301.96, 100, 74232, 73
2026/07/29 09:06:27.788, 303.15, 100, 74232, 73
2026/07/29 09:06:28.826, 302.14, 100, 74232, 73
2026/07/29 09:06:29.863, 302.57, 100, 74232, 73
2026/07/29 09:06:30.900, 301.31, 100, 74232, 73
2026/07/29 09:06:31.938, 304.67, 100, 74232, 73
2026/07/29 09:06:32.978, 294.73, 100, 74232, 73
2026/07/29 09:06:34.015, 296.84, 100, 74232, 72
2026/07/29 09:06:35.053, 294.61, 100, 74232, 72
2026/07/29 09:06:36.091, 292.57, 100, 74232, 72
2026/07/29 09:06:37.129, 294.62, 100, 74232, 72
2026/07/29 09:06:38.169, 294.63, 100, 74232, 72
2026/07/29 09:06:39.207, 295.20, 100, 74232, 72
2026/07/29 09:06:40.243, 296.75, 100, 74232, 72
2026/07/29 09:06:41.280, 294.04, 100, 74232, 72
2026/07/29 09:06:42.317, 294.32, 100, 74232, 72
2026/07/29 09:06:43.355, 294.82, 100, 74232, 72
2026/07/29 09:06:44.392, 299.35, 100, 74232, 72
2026/07/29 09:06:45.429, 301.39, 100, 74232, 72
2026/07/29 09:06:46.466, 300.05, 100, 74232, 72
2026/07/29 09:06:47.504, 293.95, 100, 74232, 72
2026/07/29 09:06:48.540, 301.67, 100, 74232, 72
2026/07/29 09:06:49.576, 302.06, 100, 74232, 72
2026/07/29 09:06:50.613, 303.75, 100, 74232, 72
2026/07/29 09:06:51.650, 302.26, 100, 74232, 72
2026/07/29 09:06:52.687, 303.04, 100, 74232, 72
2026/07/29 09:06:53.724, 302.38, 100, 74232, 72
2026/07/29 09:06:54.762, 303.26, 100, 74232, 72
2026/07/29 09:06:55.797, 301.87, 100, 74232, 72
2026/07/29 09:06:56.836, 306.12, 100, 74232, 72
2026/07/29 09:06:57.872, 302.67, 100, 74232, 72
2026/07/29 09:06:58.909, 302.83, 100, 74232, 72
2026/07/29 09:06:59.946, 301.57, 100, 74232, 72
2026/07/29 09:07:00.982, 302.33, 100, 74232, 72
2026/07/29 09:07:02.018, 303.51, 100, 74232, 72
2026/07/29 09:07:03.055, 301.52, 100, 74232, 72
2026/07/29 09:07:04.095, 301.98, 100, 74232, 72
2026/07/29 09:07:05.132, 295.19, 100, 74232, 72
2026/07/29 09:07:06.169, 298.01, 100, 74232, 72
2026/07/29 09:07:07.206, 301.37, 100, 74232, 72
2026/07/29 09:07:08.244, 302.18, 100, 74232, 72
2026/07/29 09:07:09.281, 297.81, 100, 74232, 72
2026/07/29 09:07:10.320, 299.23, 100, 74232, 72
2026/07/29 09:07:11.359, 300.41, 100, 74232, 72
2026/07/29 09:07:12.397, 302.15, 100, 74232, 73
2026/07/29 09:07:13.434, 304.33, 100, 74232, 73
2026/07/29 09:07:14.471, 302.55, 100, 74232, 73
2026/07/29 09:07:15.508, 302.46, 100, 74232, 73
2026/07/29 09:07:16.545, 302.36, 100, 74232, 73
2026/07/29 09:07:17.581, 306.80, 100, 74232, 73
2026/07/29 09:07:18.618, 302.56, 100, 74232, 73
2026/07/29 09:07:19.655, 295.50, 100, 74232, 72
2026/07/29 09:07:20.693, 298.97, 100, 74232, 72
2026/07/29 09:07:21.729, 291.71, 100, 74232, 72
2026/07/29 09:07:22.765, 291.13, 100, 74232, 72
2026/07/29 09:07:23.805, 294.81, 100, 74232, 72
2026/07/29 09:07:24.843, 294.90, 100, 74232, 72
2026/07/29 09:07:25.883, 296.74, 100, 74232, 72
2026/07/29 09:07:26.919, 294.53, 100, 74232, 72
2026/07/29 09:07:27.957, 295.97, 100, 74232, 72
2026/07/29 09:07:28.993, 296.00, 100, 74232, 72
2026/07/29 09:07:30.031, 296.93, 100, 74232, 72
2026/07/29 09:07:31.070, 302.34, 100, 74232, 72
2026/07/29 09:07:32.108, 291.23, 100, 74232, 72
2026/07/29 09:07:33.147, 291.42, 100, 74232, 72
2026/07/29 09:07:34.183, 291.63, 100, 74232, 72
2026/07/29 09:07:35.220, 294.13, 100, 74232, 72
2026/07/29 09:07:36.259, 294.80, 100, 74232, 72
2026/07/29 09:07:37.295, 305.11, 100, 74232, 72
2026/07/29 09:07:38.331, 294.34, 100, 74232, 72
2026/07/29 09:07:39.368, 303.05, 100, 74232, 73
2026/07/29 09:07:40.406, 294.80, 100, 74232, 72
2026/07/29 09:07:41.443, 291.14, 100, 74232, 72
2026/07/29 09:07:42.481, 293.54, 100, 74232, 72
2026/07/29 09:07:43.518, 296.55, 100, 74232, 72
2026/07/29 09:07:44.558, 291.52, 100, 74232, 72
2026/07/29 09:07:45.594, 299.84, 100, 74232, 72
2026/07/29 09:07:46.632, 298.51, 100, 74232, 72
2026/07/29 09:07:47.672, 302.38, 100, 74232, 72
2026/07/29 09:07:48.710, 302.32, 100, 74232, 72
2026/07/29 09:07:49.748, 298.88, 100, 74232, 72
2026/07/29 09:07:50.789, 294.42, 100, 74232, 72
2026/07/29 09:07:51.825, 302.54, 100, 74232, 72
2026/07/29 09:07:52.863, 303.98, 100, 74232, 72
2026/07/29 09:07:53.900, 301.62, 100, 74232, 72
2026/07/29 09:07:54.937, 302.10, 100, 74232, 72
2026/07/29 09:07:55.973, 295.58, 100, 74232, 72
2026/07/29 09:07:57.012, 296.45, 100, 74232, 72
2026/07/29 09:07:58.049, 295.77, 100, 74232, 72
2026/07/29 09:07:59.085, 295.39, 100, 74232, 72
2026/07/29 09:08:00.122, 297.42, 100, 74232, 72
2026/07/29 09:08:01.159, 301.96, 100, 74232, 72
2026/07/29 09:08:02.197, 291.72, 100, 74232, 72
2026/07/29 09:08:03.234, 299.57, 100, 74232, 72
2026/07/29 09:08:04.271, 295.02, 100, 74232, 72
2026/07/29 09:08:05.307, 296.44, 100, 74232, 72
2026/07/29 09:08:06.346, 294.42, 100, 74232, 72
2026/07/29 09:08:07.387, 97.70, 48, 74232, 70
2026/07/29 09:08:08.421, 297.98, 100, 74232, 74
2026/07/29 09:08:09.455, 298.23, 100, 74232, 74
2026/07/29 09:08:10.497, 301.48, 100, 74232, 74
2026/07/29 09:08:11.531, 299.73, 100, 74232, 74
2026/07/29 09:08:12.567, 312.72, 100, 74232, 74
2026/07/29 09:08:13.604, 324.54, 100, 74232, 74
2026/07/29 09:08:14.639, 294.88, 100, 74232, 74
2026/07/29 09:08:15.674, 301.85, 100, 74232, 72
2026/07/29 09:08:16.711, 302.45, 100, 74232, 72
2026/07/29 09:08:17.748, 304.17, 100, 74232, 72
2026/07/29 09:08:18.785, 291.32, 100, 74232, 72
2026/07/29 09:08:19.823, 295.23, 100, 74232, 72
2026/07/29 09:08:20.861, 294.53, 100, 74232, 73
2026/07/29 09:08:21.899, 295.50, 100, 74232, 73
2026/07/29 09:08:22.937, 294.51, 100, 74232, 73
2026/07/29 09:08:23.973, 295.68, 100, 74232, 73
2026/07/29 09:08:25.010, 297.02, 100, 74232, 73
2026/07/29 09:08:26.046, 295.76, 100, 74232, 73
2026/07/29 09:08:27.084, 295.47, 100, 74232, 73
2026/07/29 09:08:28.130, 295.20, 100, 74232, 73
2026/07/29 09:08:29.171, 295.10, 100, 74232, 73
2026/07/29 09:08:30.208, 295.78, 100, 74232, 73
2026/07/29 09:08:31.251, 291.62, 100, 74232, 73
2026/07/29 09:08:32.287, 295.42, 100, 74232, 73
2026/07/29 09:08:33.328, 303.03, 100, 74232, 73
2026/07/29 09:08:34.365, 302.56, 100, 74232, 73
2026/07/29 09:08:35.401, 302.56, 100, 74232, 73
2026/07/29 09:08:36.439, 302.76, 100, 74232, 73
2026/07/29 09:08:37.476, 303.34, 100, 74232, 73
2026/07/29 09:08:38.514, 302.83, 100, 74232, 73
2026/07/29 09:08:39.550, 304.92, 100, 74232, 73
2026/07/29 09:08:40.589, 302.17, 100, 74232, 73
2026/07/29 09:08:41.627, 301.53, 100, 74232, 74
2026/07/29 09:08:42.665, 295.08, 100, 74232, 74
2026/07/29 09:08:43.699, 304.05, 100, 74232, 74
2026/07/29 09:08:44.735, 299.81, 100, 74232, 74
2026/07/29 09:08:45.769, 316.97, 100, 74232, 74
2026/07/29 09:08:46.805, 292.88, 100, 74232, 74
2026/07/29 09:08:47.839, 286.63, 100, 74232, 74
2026/07/29 09:08:48.874, 302.25, 100, 74232, 72
2026/07/29 09:08:49.912, 301.41, 100, 74232, 72
2026/07/29 09:08:50.949, 302.45, 100, 74232, 73
2026/07/29 09:08:51.986, 303.40, 100, 74232, 73
2026/07/29 09:08:53.023, 303.81, 100, 74232, 73
2026/07/29 09:08:54.061, 302.46, 100, 74232, 73
2026/07/29 09:08:55.100, 301.79, 100, 74232, 73
2026/07/29 09:08:56.136, 298.60, 100, 74232, 73
2026/07/29 09:08:57.174, 302.64, 100, 74232, 73
2026/07/29 09:08:58.210, 303.36, 100, 74232, 73
2026/07/29 09:08:59.247, 302.07, 100, 74232, 73
2026/07/29 09:09:00.283, 295.70, 100, 74232, 73
2026/07/29 09:09:01.319, 296.46, 100, 74232, 73
2026/07/29 09:09:02.355, 292.18, 100, 74232, 73
2026/07/29 09:09:03.392, 295.69, 100, 74232, 73
2026/07/29 09:09:04.433, 302.63, 100, 74232, 72
2026/07/29 09:09:05.466, 297.80, 76, 74232, 74
2026/07/29 09:09:06.501, 300.31, 100, 74232, 72
2026/07/29 09:09:07.538, 300.93, 100, 74232, 72
2026/07/29 09:09:08.575, 298.77, 100, 74232, 72
2026/07/29 09:09:09.611, 300.04, 100, 74232, 72
2026/07/29 09:09:10.648, 289.57, 100, 74232, 72
2026/07/29 09:09:11.685, 293.16, 100, 74232, 72
2026/07/29 09:09:12.724, 288.50, 100, 74232, 72
2026/07/29 09:09:13.761, 292.87, 100, 74232, 72
2026/07/29 09:09:14.798, 294.71, 100, 74232, 72
2026/07/29 09:09:15.837, 298.55, 100, 74232, 72
2026/07/29 09:09:16.874, 301.61, 100, 74232, 73
2026/07/29 09:09:17.912, 301.49, 100, 74232, 73
2026/07/29 09:09:18.950, 300.81, 100, 74232, 73
2026/07/29 09:09:19.987, 302.14, 100, 74232, 73
2026/07/29 09:09:21.026, 300.97, 100, 74232, 73
2026/07/29 09:09:22.064, 297.42, 100, 74232, 73
2026/07/29 09:09:23.103, 301.94, 100, 74232, 73
2026/07/29 09:09:24.141, 301.37, 100, 74232, 73
2026/07/29 09:09:25.179, 304.13, 100, 74232, 73
2026/07/29 09:09:26.215, 302.34, 100, 74232, 73
2026/07/29 09:09:27.252, 301.20, 100, 74232, 73
2026/07/29 09:09:28.289, 301.79, 100, 74232, 73
2026/07/29 09:09:29.328, 300.97, 100, 74232, 73
2026/07/29 09:09:30.364, 300.24, 100, 74232, 73
2026/07/29 09:09:31.402, 299.67, 100, 74232, 72
2026/07/29 09:09:32.440, 300.90, 100, 74232, 72
2026/07/29 09:09:33.480, 300.90, 100, 74232, 72
2026/07/29 09:09:34.518, 301.49, 100, 74232, 72
2026/07/29 09:09:35.556, 301.31, 100, 74232, 72
2026/07/29 09:09:36.594, 301.46, 100, 74232, 72
2026/07/29 09:09:37.633, 302.26, 100, 74232, 72
2026/07/29 09:09:38.670, 304.38, 100, 74232, 72
2026/07/29 09:09:39.707, 302.82, 100, 74232, 72
2026/07/29 09:09:40.745, 299.92, 100, 74232, 72
2026/07/29 09:09:41.782, 303.02, 100, 74232, 72
2026/07/29 09:09:42.821, 301.68, 100, 74232, 72
2026/07/29 09:09:43.859, 300.60, 100, 74232, 72
2026/07/29 09:09:44.898, 300.84, 100, 74232, 72
2026/07/29 09:09:45.936, 301.19, 100, 74232, 72
2026/07/29 09:09:46.973, 301.90, 100, 74232, 72
2026/07/29 09:09:48.010, 301.47, 100, 74232, 72
2026/07/29 09:09:49.049, 303.34, 100, 74232, 72
2026/07/29 09:09:50.087, 292.30, 100, 74232, 72
2026/07/29 09:09:51.125, 301.89, 100, 74232, 72
2026/07/29 09:09:52.164, 301.47, 100, 74232, 72
2026/07/29 09:09:53.200, 302.62, 100, 74232, 72
2026/07/29 09:09:54.237, 301.86, 100, 74232, 72
2026/07/29 09:09:55.274, 302.20, 100, 74232, 72
2026/07/29 09:09:56.310, 300.13, 100, 74232, 72
2026/07/29 09:09:57.347, 300.53, 100, 74232, 72
2026/07/29 09:09:58.384, 298.88, 100, 74232, 72
2026/07/29 09:09:59.421, 300.11, 100, 74232, 72
2026/07/29 09:10:00.457, 299.74, 100, 74232, 72
2026/07/29 09:10:01.494, 298.02, 100, 74232, 72
2026/07/29 09:10:02.530, 301.42, 100, 74232, 72
2026/07/29 09:10:03.571, 294.70, 100, 74232, 72
2026/07/29 09:10:04.608, 302.27, 100, 74232, 72
2026/07/29 09:10:05.644, 293.85, 100, 74232, 72
2026/07/29 09:10:06.681, 292.97, 100, 74232, 72
2026/07/29 09:10:07.717, 296.17, 100, 74232, 72
2026/07/29 09:10:08.755, 301.29, 100, 74232, 72
2026/07/29 09:10:09.791, 300.71, 100, 74232, 72
2026/07/29 09:10:10.829, 300.33, 100, 74232, 72
2026/07/29 09:10:11.865, 300.23, 100, 74232, 72
2026/07/29 09:10:12.902, 299.95, 100, 74232, 72
2026/07/29 09:10:13.938, 299.45, 100, 74232, 72
2026/07/29 09:10:14.975, 301.89, 100, 74232, 72
2026/07/29 09:10:16.013, 300.34, 100, 74232, 72
2026/07/29 09:10:17.051, 298.68, 100, 74232, 72
2026/07/29 09:10:18.088, 301.12, 100, 74232, 72
2026/07/29 09:10:19.132, 299.25, 100, 74232, 72
2026/07/29 09:10:20.169, 295.67, 100, 74232, 72
2026/07/29 09:10:21.206, 299.83, 100, 74232, 72
2026/07/29 09:10:22.243, 295.79, 100, 74232, 72
2026/07/29 09:10:23.280, 296.66, 100, 74232, 72
2026/07/29 09:10:24.317, 299.44, 100, 74232, 72
2026/07/29 09:10:25.353, 300.22, 100, 74232, 72
2026/07/29 09:10:26.393, 300.06, 100, 74232, 72
2026/07/29 09:10:27.430, 301.00, 100, 74232, 72
2026/07/29 09:10:28.468, 298.97, 100, 74232, 72
2026/07/29 09:10:29.504, 302.16, 100, 74232, 72
2026/07/29 09:10:30.540, 301.47, 100, 74232, 72
2026/07/29 09:10:31.576, 299.16, 100, 74232, 72
2026/07/29 09:10:32.612, 303.30, 100, 74232, 72
2026/07/29 09:10:33.649, 301.05, 100, 74232, 72
2026/07/29 09:10:34.686, 301.52, 100, 74232, 72
2026/07/29 09:10:35.725, 298.67, 100, 74232, 72
2026/07/29 09:10:36.763, 302.40, 100, 74232, 72
2026/07/29 09:10:37.802, 299.76, 100, 74232, 72
2026/07/29 09:10:38.840, 300.50, 100, 74232, 72
2026/07/29 09:10:39.878, 301.60, 100, 74232, 72
2026/07/29 09:10:40.917, 300.84, 100, 74232, 72
2026/07/29 09:10:41.956, 300.13, 100, 74232, 72
2026/07/29 09:10:42.996, 302.94, 100, 74232, 72
2026/07/29 09:10:44.033, 293.55, 100, 74232, 72
2026/07/29 09:10:45.076, 295.78, 100, 74232, 72
2026/07/29 09:10:46.115, 292.78, 100, 74232, 72
2026/07/29 09:10:47.153, 294.13, 100, 74232, 72
2026/07/29 09:10:48.190, 292.27, 100, 74232, 72
2026/07/29 09:10:49.226, 300.80, 100, 74232, 72
2026/07/29 09:10:50.265, 302.18, 100, 74232, 72
2026/07/29 09:10:51.301, 300.90, 100, 74232, 72
2026/07/29 09:10:52.339, 300.13, 100, 74232, 72
2026/07/29 09:10:53.375, 300.42, 100, 74232, 72
2026/07/29 09:10:54.412, 300.25, 100, 74232, 72
2026/07/29 09:10:55.448, 300.13, 100, 74232, 72
2026/07/29 09:10:56.485, 300.04, 100, 74232, 72
2026/07/29 09:10:57.522, 300.24, 100, 74232, 72
2026/07/29 09:10:58.559, 300.44, 100, 74232, 72
2026/07/29 09:10:59.596, 119.55, 91, 74232, 71
2026/07/29 09:11:00.628, 291.60, 100, 74232, 74
2026/07/29 09:11:01.662, 294.97, 100, 74232, 74
2026/07/29 09:11:02.697, 284.40, 100, 74232, 74
2026/07/29 09:11:03.734, 291.99, 100, 74232, 74
2026/07/29 09:11:04.769, 296.76, 100, 74232, 74
2026/07/29 09:11:05.804, 306.33, 100, 74232, 74
2026/07/29 09:11:06.839, 302.35, 100, 74232, 72
2026/07/29 09:11:07.878, 301.68, 100, 74232, 72
2026/07/29 09:11:08.914, 301.47, 100, 74232, 72
2026/07/29 09:11:09.950, 302.43, 100, 74232, 72
2026/07/29 09:11:10.986, 301.01, 100, 74232, 72
2026/07/29 09:11:12.023, 304.19, 68, 74232, 74
2026/07/29 09:11:13.062, 296.16, 100, 74232, 74
2026/07/29 09:11:14.097, 303.89, 100, 74232, 74
2026/07/29 09:11:15.132, 285.71, 100, 74232, 74
2026/07/29 09:11:16.167, 318.60, 100, 74232, 74
2026/07/29 09:11:17.203, 281.40, 100, 74232, 74
2026/07/29 09:11:18.239, 331.89, 100, 74232, 74
2026/07/29 09:11:19.281, 290.27, 100, 74232, 72
2026/07/29 09:11:20.319, 291.11, 100, 74232, 72
2026/07/29 09:11:21.356, 294.25, 100, 74232, 73
2026/07/29 09:11:22.398, 396.88, 82, 74232, 74
2026/07/29 09:11:23.434, 302.14, 100, 74232, 74
2026/07/29 09:11:24.470, 298.09, 100, 74232, 75
2026/07/29 09:11:25.505, 298.96, 100, 74232, 75
2026/07/29 09:11:26.547, 275.17, 100, 74232, 75
2026/07/29 09:11:27.582, 305.32, 100, 74232, 75
2026/07/29 09:11:28.618, 288.39, 100, 74232, 75
2026/07/29 09:11:29.658, 303.34, 100, 74232, 73
2026/07/29 09:11:30.696, 303.14, 100, 74232, 73
2026/07/29 09:11:31.734, 304.10, 100, 74232, 73
2026/07/29 09:11:32.773, 303.37, 100, 74232, 74
2026/07/29 09:11:33.809, 303.90, 100, 74232, 74
2026/07/29 09:11:34.845, 300.60, 100, 74232, 75
2026/07/29 09:11:35.879, 293.58, 100, 74232, 75
2026/07/29 09:11:36.914, 299.25, 100, 74232, 76
2026/07/29 09:11:37.954, 287.05, 100, 74232, 75
2026/07/29 09:11:38.989, 318.97, 100, 74232, 76
2026/07/29 09:11:40.023, 272.42, 100, 74232, 75
2026/07/29 09:11:41.064, 323.52, 100, 74232, 76
2026/07/29 09:11:42.102, 304.49, 100, 74232, 74
2026/07/29 09:11:43.141, 305.01, 100, 74232, 74
2026/07/29 09:11:44.177, 304.37, 100, 74232, 74
2026/07/29 09:11:45.214, 305.34, 100, 74232, 74
2026/07/29 09:11:46.250, 297.90, 100, 74232, 74
2026/07/29 09:11:47.288, 298.19, 100, 74232, 74
2026/07/29 09:11:48.324, 298.01, 100, 74232, 74
2026/07/29 09:11:49.368, 294.52, 100, 74232, 74
2026/07/29 09:11:50.408, 291.80, 100, 74232, 74
2026/07/29 09:11:51.445, 296.95, 100, 74232, 74
2026/07/29 09:11:52.481, 296.17, 100, 74232, 74
2026/07/29 09:11:53.519, 289.46, 100, 74232, 74
2026/07/29 09:11:54.558, 295.67, 100, 74232, 74
2026/07/29 09:11:55.599, 297.03, 100, 74232, 74
2026/07/29 09:11:56.637, 288.02, 100, 74232, 74
2026/07/29 09:11:57.675, 289.20, 100, 74232, 74
2026/07/29 09:11:58.712, 290.35, 100, 74232, 74
2026/07/29 09:11:59.753, 295.89, 100, 74232, 74
2026/07/29 09:12:00.791, 296.27, 100, 74232, 74
2026/07/29 09:12:01.829, 99.98, 0, 74232, 70
2026/07/29 09:12:02.863, 98.84, 0, 74232, 69
2026/07/29 09:12:03.895, 96.75, 0, 74232, 69
2026/07/29 09:12:04.926, 96.44, 0, 74232, 68
2026/07/29 09:12:05.959, 96.53, 0, 74232, 68
2026/07/29 09:12:06.992, 94.88, 0, 74232, 67
2026/07/29 09:12:08.024, 93.70, 0, 74232, 66
2026/07/29 09:12:09.057, 93.51, 0, 74232, 66
2026/07/29 09:12:10.089, 93.13, 0, 74232, 66
2026/07/29 09:12:11.122, 92.65, 0, 74232, 65
2026/07/29 09:12:12.154, 91.88, 0, 74232, 65
2026/07/29 09:12:13.185, 91.24, 0, 74232, 64
2026/07/29 09:12:14.217, 91.85, 0, 74232, 64
2026/07/29 09:12:15.249, 90.65, 0, 74232, 64
2026/07/29 09:12:16.280, 90.37, 0, 74232, 63
2026/07/29 09:12:17.313, 90.34, 0, 74232, 63
2026/07/29 09:12:18.344, 90.50, 0, 74232, 63
2026/07/29 09:12:19.374, 89.11, 0, 74232, 62
2026/07/29 09:12:20.404, 88.31, 0, 74232, 62
2026/07/29 09:12:21.435, 88.37, 0, 74232, 62
2026/07/29 09:12:22.465, 88.25, 0, 74232, 61
2026/07/29 09:12:23.496, 88.11, 0, 74232, 61
2026/07/29 09:12:24.528, 87.75, 0, 74232, 61
2026/07/29 09:12:25.558, 86.99, 0, 74232, 61
2026/07/29 09:12:26.589, 86.82, 0, 74232, 60
2026/07/29 09:12:27.621, 85.80, 0, 74232, 60
2026/07/29 09:12:28.652, 85.64, 0, 74232, 60
2026/07/29 09:12:29.682, 86.70, 0, 74232, 59
2026/07/29 09:12:30.714, 85.18, 0, 74232, 59
2026/07/29 09:12:31.746, 84.79, 0, 74232, 59
2026/07/29 09:12:32.951, 83.97, 0, 74232, 59
2026/07/29 09:12:33.981, 83.45, 0, 74232, 58
2026/07/29 09:12:35.013, 83.57, 0, 74232, 58
2026/07/29 09:12:36.047, 83.37, 0, 74232, 58
2026/07/29 09:12:37.120, 83.12, 0, 74232, 58
2026/07/29 09:12:38.151, 82.99, 0, 74232, 57
2026/07/29 09:12:39.181, 82.79, 0, 74232, 57
2026/07/29 09:12:40.211, 82.68, 0, 74232, 57
2026/07/29 09:12:41.242, 82.23, 0, 74232, 57
2026/07/29 09:12:42.273, 81.50, 0, 74232, 56
2026/07/29 09:12:43.305, 81.50, 0, 74232, 56
2026/07/29 09:12:44.337, 81.32, 0, 74232, 56
2026/07/29 09:12:46.787, 80.78, 0, 74232, 55
2026/07/29 09:12:47.817, 80.35, 0, 74232, 55
2026/07/29 09:12:48.848, 80.38, 0, 74232, 55
2026/07/29 09:12:49.879, 81.01, 0, 74232, 55
2026/07/29 09:12:50.910, 80.08, 0, 74232, 55
2026/07/29 09:12:51.942, 79.86, 0, 74232, 54
2026/07/29 09:12:52.974, 79.73, 0, 74232, 54
2026/07/29 09:12:54.004, 79.34, 0, 74232, 54
2026/07/29 09:12:55.035, 78.29, 0, 74232, 54
2026/07/29 09:12:56.065, 78.16, 0, 74232, 54
2026/07/29 09:12:57.094, 78.59, 0, 74232, 53
2026/07/29 09:12:58.125, 78.09, 0, 74232, 53
2026/07/29 09:12:59.155, 78.10, 0, 74232, 53
2026/07/29 09:13:00.184, 77.44, 0, 74232, 53
2026/07/29 09:13:01.214, 77.87, 0, 74232, 53
2026/07/29 09:13:02.245, 77.38, 0, 74232, 52
2026/07/29 09:13:03.275, 77.47, 0, 74232, 52
2026/07/29 09:13:04.306, 77.07, 0, 74232, 52
2026/07/29 09:13:05.337, 76.81, 0, 74232, 52
2026/07/29 09:13:06.367, 76.69, 0, 74232, 52
2026/07/29 09:13:07.398, 76.45, 0, 74232, 51
2026/07/29 09:13:08.556, 305.85, 100, 74232, 57
2026/07/29 09:13:09.592, 292.27, 100, 74232, 57
2026/07/29 09:13:10.627, 288.07, 100, 74232, 58
2026/07/29 09:13:11.662, 292.82, 100, 74232, 58
2026/07/29 09:13:12.699, 273.69, 100, 74232, 57
2026/07/29 09:13:13.737, 293.72, 100, 74232, 57
2026/07/29 09:13:14.774, 293.35, 100, 74232, 58
2026/07/29 09:13:15.811, 294.50, 100, 74232, 58
2026/07/29 09:13:16.849, 300.78, 100, 74232, 58
2026/07/29 09:13:17.886, 297.68, 100, 74232, 59
2026/07/29 09:13:18.926, 293.15, 100, 74232, 60
2026/07/29 09:13:19.961, 319.18, 100, 74232, 61
2026/07/29 09:13:20.996, 290.09, 100, 74232, 61
2026/07/29 09:13:22.031, 292.09, 100, 74232, 61
2026/07/29 09:13:23.065, 282.86, 100, 74232, 62
2026/07/29 09:13:24.099, 294.71, 100, 74232, 60
2026/07/29 09:13:25.138, 295.55, 100, 74232, 61
2026/07/29 09:13:26.174, 304.37, 100, 74232, 63
2026/07/29 09:13:27.208, 304.00, 100, 74232, 63
2026/07/29 09:13:28.244, 298.64, 100, 74232, 63
2026/07/29 09:13:29.277, 295.36, 100, 74232, 64
2026/07/29 09:13:30.312, 287.35, 100, 74232, 64
2026/07/29 09:13:31.346, 299.26, 100, 74232, 62
2026/07/29 09:13:32.384, 299.15, 100, 74232, 63
2026/07/29 09:13:33.421, 300.22, 100, 74232, 63
2026/07/29 09:13:34.457, 298.48, 100, 74232, 63
2026/07/29 09:13:35.493, 300.71, 100, 74232, 63
2026/07/29 09:13:36.528, 292.56, 100, 74232, 63
2026/07/29 09:13:37.566, 289.38, 100, 74232, 64
2026/07/29 09:13:38.602, 304.58, 100, 74232, 66
2026/07/29 09:13:39.655, 296.59, 100, 74232, 66
2026/07/29 09:13:40.688, 281.94, 100, 74232, 66
2026/07/29 09:13:41.721, 300.47, 100, 74232, 66
2026/07/29 09:13:42.754, 318.33, 100, 74232, 66
2026/07/29 09:13:43.787, 301.36, 100, 74232, 65
2026/07/29 09:13:44.824, 298.12, 100, 74232, 65
2026/07/29 09:13:45.860, 295.20, 100, 74232, 65
2026/07/29 09:13:46.898, 292.66, 100, 74232, 65
2026/07/29 09:13:47.935, 290.13, 100, 74232, 67
2026/07/29 09:13:48.969, 300.41, 100, 74232, 68
2026/07/29 09:13:50.002, 285.42, 100, 74232, 68
2026/07/29 09:13:51.035, 285.26, 100, 74232, 68
2026/07/29 09:13:52.069, 307.47, 100, 74232, 68
2026/07/29 09:13:53.104, 301.47, 100, 74232, 67
2026/07/29 09:13:54.140, 299.55, 100, 74232, 67
2026/07/29 09:13:55.180, 299.66, 100, 74232, 67
2026/07/29 09:13:56.219, 291.49, 100, 74232, 69
2026/07/29 09:13:57.254, 300.60, 100, 74232, 69
2026/07/29 09:13:58.286, 295.84, 100, 74232, 69
2026/07/29 09:13:59.320, 287.04, 100, 74232, 69
2026/07/29 09:14:00.352, 278.11, 100, 74232, 69
2026/07/29 09:14:01.384, 301.07, 100, 74232, 68
2026/07/29 09:14:02.420, 300.93, 100, 74232, 68
2026/07/29 09:14:03.454, 301.32, 100, 74232, 68
2026/07/29 09:14:04.489, 92.92, 47, 74232, 65
2026/07/29 09:14:05.521, 297.40, 100, 74232, 70
2026/07/29 09:14:06.556, 296.05, 100, 74232, 70
2026/07/29 09:14:07.606, 311.47, 100, 74232, 70
2026/07/29 09:14:08.640, 314.78, 100, 74232, 70
2026/07/29 09:14:09.680, 276.39, 100, 74232, 70
2026/07/29 09:14:10.714, 300.61, 100, 74232, 69
2026/07/29 09:14:11.749, 302.36, 100, 74232, 69
2026/07/29 09:14:12.786, 302.93, 100, 74232, 69
2026/07/29 09:14:13.823, 291.20, 100, 74232, 71
2026/07/29 09:14:14.857, 303.77, 100, 74232, 71
2026/07/29 09:14:15.895, 289.94, 100, 74232, 71
2026/07/29 09:14:16.931, 276.07, 100, 74232, 71
2026/07/29 09:14:17.964, 265.19, 100, 74232, 71
2026/07/29 09:14:19.004, 303.41, 100, 74232, 70
2026/07/29 09:14:20.039, 304.78, 100, 74232, 70
2026/07/29 09:14:21.076, 304.68, 100, 74232, 70
2026/07/29 09:14:22.115, 306.11, 100, 74232, 70
2026/07/29 09:14:23.160, 304.56, 100, 74232, 70
2026/07/29 09:14:24.199, 305.07, 100, 74232, 70
2026/07/29 09:14:25.237, 299.35, 100, 74232, 70
2026/07/29 09:14:26.273, 300.03, 100, 74232, 70
2026/07/29 09:14:27.310, 118.37, 100, 74232, 69
2026/07/29 09:14:28.345, 294.04, 100, 74232, 72
2026/07/29 09:14:29.380, 289.99, 100, 74232, 72
2026/07/29 09:14:30.419, 303.89, 100, 74232, 72
2026/07/29 09:14:31.453, 297.39, 100, 74232, 72
2026/07/29 09:14:32.487, 315.11, 100, 74232, 72
2026/07/29 09:14:33.521, 318.16, 100, 74232, 71
2026/07/29 09:14:34.559, 288.21, 100, 74232, 70
2026/07/29 09:14:35.594, 287.33, 100, 74232, 70
2026/07/29 09:14:36.633, 285.19, 100, 74232, 72
2026/07/29 09:14:37.668, 285.60, 100, 74232, 72
2026/07/29 09:14:38.702, 300.33, 100, 74232, 73
2026/07/29 09:14:39.737, 314.46, 100, 74232, 73
2026/07/29 09:14:40.771, 288.86, 100, 74232, 73
2026/07/29 09:14:41.806, 289.46, 100, 74232, 73
2026/07/29 09:14:42.841, 306.60, 100, 74232, 71
2026/07/29 09:14:43.878, 299.54, 100, 74232, 71
2026/07/29 09:14:44.914, 291.69, 100, 74232, 71
2026/07/29 09:14:45.952, 295.29, 92, 74232, 73
2026/07/29 09:14:46.987, 297.61, 100, 74232, 73
2026/07/29 09:14:48.021, 297.35, 100, 74232, 74
2026/07/29 09:14:49.061, 291.80, 100, 74232, 73
2026/07/29 09:14:50.096, 289.64, 100, 74232, 74
2026/07/29 09:14:51.131, 313.53, 100, 74232, 73
2026/07/29 09:14:52.169, 300.61, 100, 74232, 72
2026/07/29 09:14:53.205, 301.31, 100, 74232, 72
2026/07/29 09:14:54.243, 301.76, 100, 74232, 72
2026/07/29 09:14:55.281, 300.42, 100, 74232, 72
2026/07/29 09:14:56.319, 302.56, 100, 74232, 72
2026/07/29 09:14:57.359, 301.36, 100, 74232, 72
2026/07/29 09:14:58.395, 301.48, 100, 74232, 72
2026/07/29 09:14:59.431, 301.19, 100, 74232, 72
2026/07/29 09:15:00.467, 300.72, 100, 74232, 72
2026/07/29 09:15:01.505, 301.70, 100, 74232, 72
2026/07/29 09:15:02.542, 293.84, 100, 74232, 72
2026/07/29 09:15:03.578, 293.65, 100, 74232, 72
2026/07/29 09:15:04.617, 293.76, 100, 74232, 72
2026/07/29 09:15:05.653, 294.31, 100, 74232, 72
2026/07/29 09:15:06.690, 293.73, 100, 74232, 72
2026/07/29 09:15:07.727, 295.97, 100, 74232, 72
2026/07/29 09:15:08.765, 290.26, 100, 74232, 72
2026/07/29 09:15:09.803, 301.00, 100, 74232, 72
2026/07/29 09:15:10.841, 299.38, 100, 74232, 72
2026/07/29 09:15:11.878, 296.73, 100, 74232, 72
2026/07/29 09:15:12.917, 302.07, 100, 74232, 72
2026/07/29 09:15:13.954, 302.35, 100, 74232, 72
2026/07/29 09:15:14.997, 294.23, 100, 74232, 72
2026/07/29 09:15:16.036, 379.14, 100, 74232, 74
2026/07/29 09:15:17.072, 298.90, 100, 74232, 74
2026/07/29 09:15:18.108, 296.26, 100, 74232, 74
2026/07/29 09:15:19.142, 292.33, 100, 74232, 74
2026/07/29 09:15:20.217, 304.50, 100, 74232, 74
2026/07/29 09:15:21.250, 283.42, 100, 74232, 74
2026/07/29 09:15:22.285, 275.95, 100, 74232, 72
2026/07/29 09:15:23.324, 292.66, 100, 74232, 72
2026/07/29 09:15:24.362, 293.85, 100, 74232, 72
2026/07/29 09:15:25.401, 293.27, 100, 74232, 72
2026/07/29 09:15:26.438, 293.47, 100, 74232, 72
2026/07/29 09:15:27.474, 295.76, 100, 74232, 72
2026/07/29 09:15:28.510, 298.59, 100, 74232, 72
2026/07/29 09:15:29.546, 302.56, 100, 74232, 73
2026/07/29 09:15:30.584, 301.47, 100, 74232, 73
2026/07/29 09:15:31.620, 302.38, 100, 74232, 73
2026/07/29 09:15:32.656, 303.70, 100, 74232, 73
2026/07/29 09:15:33.693, 301.19, 100, 74232, 73
2026/07/29 09:15:34.729, 302.25, 100, 74232, 73
2026/07/29 09:15:35.767, 301.88, 100, 74232, 73
2026/07/29 09:15:36.805, 301.47, 100, 74232, 73
2026/07/29 09:15:37.843, 302.43, 100, 74232, 73
2026/07/29 09:15:38.880, 301.95, 100, 74232, 73
2026/07/29 09:15:39.917, 301.71, 100, 74232, 73
2026/07/29 09:15:40.955, 301.89, 100, 74232, 73
2026/07/29 09:15:41.993, 301.68, 100, 74232, 73
2026/07/29 09:15:43.031, 303.14, 100, 74232, 73
2026/07/29 09:15:44.067, 303.90, 100, 74232, 73
2026/07/29 09:15:45.104, 294.99, 100, 74232, 72
2026/07/29 09:15:46.142, 295.99, 100, 74232, 72
2026/07/29 09:15:47.180, 296.07, 100, 74232, 72
2026/07/29 09:15:48.217, 294.24, 100, 74232, 72
2026/07/29 09:15:49.255, 291.12, 100, 74232, 72
2026/07/29 09:15:50.293, 294.60, 100, 74232, 72
2026/07/29 09:15:51.329, 294.81, 100, 74232, 72
2026/07/29 09:15:52.365, 294.72, 100, 74232, 72
2026/07/29 09:15:53.402, 294.33, 100, 74232, 72
2026/07/29 09:15:54.439, 305.24, 100, 74232, 72
2026/07/29 09:15:55.475, 297.82, 100, 74232, 72
2026/07/29 09:15:56.514, 290.65, 100, 74232, 72
2026/07/29 09:15:57.555, 291.40, 100, 74232, 72
2026/07/29 09:15:58.594, 302.84, 100, 74232, 72
2026/07/29 09:15:59.630, 301.66, 100, 74232, 72
2026/07/29 09:16:00.668, 300.92, 100, 74232, 72
2026/07/29 09:16:01.705, 303.24, 100, 74232, 72
2026/07/29 09:16:02.741, 294.62, 100, 74232, 72
2026/07/29 09:16:03.780, 293.43, 100, 74232, 72
2026/07/29 09:16:04.816, 302.45, 100, 74232, 72
2026/07/29 09:16:05.853, 298.68, 100, 74232, 72
2026/07/29 09:16:06.890, 299.38, 100, 74232, 72
2026/07/29 09:16:07.928, 301.39, 100, 74232, 72
2026/07/29 09:16:08.965, 302.14, 100, 74232, 72
2026/07/29 09:16:10.001, 304.70, 100, 74232, 72
2026/07/29 09:16:11.038, 301.97, 100, 74232, 72
2026/07/29 09:16:12.075, 303.92, 100, 74232, 72
2026/07/29 09:16:13.112, 300.74, 100, 74232, 72
2026/07/29 09:16:14.150, 301.68, 100, 74232, 72
2026/07/29 09:16:15.187, 290.16, 100, 74232, 72
2026/07/29 09:16:16.223, 294.62, 100, 74232, 72
2026/07/29 09:16:17.261, 302.65, 100, 74232, 72
2026/07/29 09:16:18.299, 290.82, 100, 74232, 72
2026/07/29 09:16:19.335, 294.69, 100, 74232, 72
2026/07/29 09:16:20.375, 301.58, 100, 74232, 72
2026/07/29 09:16:21.412, 303.88, 100, 74232, 72
2026/07/29 09:16:22.452, 302.07, 100, 74232, 72
2026/07/29 09:16:23.489, 301.02, 100, 74232, 72
2026/07/29 09:16:24.525, 301.20, 100, 74232, 72
2026/07/29 09:16:25.561, 299.45, 100, 74232, 72
2026/07/29 09:16:26.598, 301.72, 100, 74232, 72
2026/07/29 09:16:27.638, 301.58, 100, 74232, 72
2026/07/29 09:16:28.675, 294.98, 100, 74232, 72
2026/07/29 09:16:29.714, 293.38, 100, 74232, 72
2026/07/29 09:16:30.752, 295.39, 100, 74232, 72
2026/07/29 09:16:31.788, 293.85, 100, 74232, 72
2026/07/29 09:16:32.826, 289.77, 100, 74232, 72
2026/07/29 09:16:33.863, 300.22, 100, 74232, 72
2026/07/29 09:16:34.900, 300.24, 100, 74232, 72
2026/07/29 09:16:35.937, 302.65, 100, 74232, 72
2026/07/29 09:16:36.973, 299.74, 100, 74232, 72
2026/07/29 09:16:38.010, 302.60, 100, 74232, 72
2026/07/29 09:16:39.047, 302.36, 100, 74232, 72
2026/07/29 09:16:40.084, 300.42, 100, 74232, 72
2026/07/29 09:16:41.123, 301.68, 100, 74232, 72
2026/07/29 09:16:42.161, 300.13, 100, 74232, 72
2026/07/29 09:16:43.199, 300.30, 100, 74232, 72
2026/07/29 09:16:44.239, 290.16, 100, 74232, 72
2026/07/29 09:16:45.275, 293.82, 100, 74232, 72
2026/07/29 09:16:46.313, 300.11, 100, 74232, 72
2026/07/29 09:16:47.350, 301.08, 100, 74232, 72
2026/07/29 09:16:48.387, 300.89, 100, 74232, 72
2026/07/29 09:16:49.423, 302.78, 100, 74232, 72
2026/07/29 09:16:50.463, 299.46, 100, 74232, 72
2026/07/29 09:16:51.501, 300.15, 100, 74232, 72
2026/07/29 09:16:52.538, 301.32, 100, 74232, 72
2026/07/29 09:16:53.576, 296.85, 100, 74232, 72
2026/07/29 09:16:54.614, 300.34, 100, 74232, 72
2026/07/29 09:16:55.651, 290.92, 100, 74232, 72
2026/07/29 09:16:56.688, 293.93, 100, 74232, 72
2026/07/29 09:16:57.728, 302.14, 100, 74232, 72
2026/07/29 09:16:58.763, 299.54, 100, 74232, 72
2026/07/29 09:16:59.800, 299.36, 100, 74232, 72
2026/07/29 09:17:00.838, 301.89, 100, 74232, 72
2026/07/29 09:17:01.875, 300.45, 100, 74232, 72
2026/07/29 09:17:02.912, 302.22, 100, 74232, 72
2026/07/29 09:17:03.948, 301.64, 100, 74232, 72
2026/07/29 09:17:04.984, 300.65, 100, 74232, 72
2026/07/29 09:17:06.022, 302.68, 100, 74232, 72
2026/07/29 09:17:07.058, 299.42, 100, 74232, 72
2026/07/29 09:17:08.095, 301.03, 100, 74232, 72
2026/07/29 09:17:09.133, 301.87, 100, 74232, 72
2026/07/29 09:17:10.170, 302.62, 100, 74232, 72
2026/07/29 09:17:11.207, 296.55, 100, 74232, 72
2026/07/29 09:17:12.244, 291.42, 100, 74232, 72
2026/07/29 09:17:13.281, 293.91, 100, 74232, 72
2026/07/29 09:17:14.317, 297.54, 100, 74232, 72
2026/07/29 09:17:15.353, 293.84, 100, 74232, 72
2026/07/29 09:17:16.390, 294.40, 100, 74232, 72
2026/07/29 09:17:17.427, 293.06, 100, 74232, 72
2026/07/29 09:17:18.464, 299.08, 100, 74232, 72
2026/07/29 09:17:19.502, 292.59, 100, 74232, 72
2026/07/29 09:17:20.539, 296.55, 100, 74232, 72
2026/07/29 09:17:21.576, 301.80, 100, 74232, 72
2026/07/29 09:17:22.612, 300.89, 100, 74232, 73
2026/07/29 09:17:23.651, 301.02, 100, 74232, 73
2026/07/29 09:17:24.687, 301.19, 100, 74232, 73
2026/07/29 09:17:25.725, 300.12, 100, 74232, 73
2026/07/29 09:17:26.761, 300.89, 100, 74232, 72
2026/07/29 09:17:27.801, 299.93, 100, 74232, 73
2026/07/29 09:17:28.837, 302.93, 100, 74232, 72
2026/07/29 09:17:29.876, 300.99, 100, 74232, 72
2026/07/29 09:17:30.913, 301.10, 100, 74232, 72
2026/07/29 09:17:31.950, 300.99, 100, 74232, 72
2026/07/29 09:17:32.986, 300.52, 100, 74232, 72
2026/07/29 09:17:34.022, 301.37, 100, 74232, 72
2026/07/29 09:17:35.059, 303.21, 100, 74232, 72
2026/07/29 09:17:36.095, 301.00, 100, 74232, 72
2026/07/29 09:17:37.133, 300.80, 100, 74232, 72
2026/07/29 09:17:38.170, 300.49, 100, 74232, 72
2026/07/29 09:17:39.209, 303.03, 100, 74232, 72
2026/07/29 09:17:40.246, 299.66, 100, 74232, 72
2026/07/29 09:17:41.282, 300.44, 100, 74232, 72
2026/07/29 09:17:42.319, 294.61, 100, 74232, 72
2026/07/29 09:17:43.356, 295.59, 100, 74232, 72
2026/07/29 09:17:44.393, 291.99, 100, 74232, 72
2026/07/29 09:17:45.430, 301.60, 100, 74232, 72
2026/07/29 09:17:46.466, 301.57, 100, 74232, 72
2026/07/29 09:17:47.502, 299.94, 100, 74232, 72
2026/07/29 09:17:48.539, 299.84, 100, 74232, 72
2026/07/29 09:17:49.575, 301.48, 100, 74232, 72
2026/07/29 09:17:50.611, 300.15, 100, 74232, 72
2026/07/29 09:17:51.648, 300.42, 100, 74232, 72
2026/07/29 09:17:52.685, 301.96, 100, 74232, 72
2026/07/29 09:17:53.721, 299.35, 100, 74232, 72
2026/07/29 09:17:54.757, 299.46, 100, 74232, 72
2026/07/29 09:17:55.794, 303.76, 100, 74232, 72
2026/07/29 09:17:56.831, 300.52, 100, 74232, 72
2026/07/29 09:17:57.869, 299.75, 100, 74232, 72
2026/07/29 09:17:58.909, 292.87, 100, 74232, 72
2026/07/29 09:17:59.946, 292.97, 100, 74232, 72
2026/07/29 09:18:00.982, 289.85, 100, 74232, 72
2026/07/29 09:18:02.018, 299.83, 100, 74232, 72
2026/07/29 09:18:03.055, 298.02, 100, 74232, 72
2026/07/29 09:18:04.091, 292.29, 100, 74232, 72
2026/07/29 09:18:05.129, 296.54, 100, 74232, 72
2026/07/29 09:18:06.166, 297.35, 100, 74232, 72
2026/07/29 09:18:07.206, 299.10, 100, 74232, 72
2026/07/29 09:18:08.247, 300.99, 100, 74232, 72
2026/07/29 09:18:09.285, 300.14, 100, 74232, 72
2026/07/29 09:18:10.321, 301.20, 100, 74232, 72
2026/07/29 09:18:11.360, 301.87, 100, 74232, 72
2026/07/29 09:18:12.397, 298.99, 100, 74232, 72
2026/07/29 09:18:13.435, 300.90, 100, 74232, 72
2026/07/29 09:18:14.472, 295.89, 100, 74232, 72
2026/07/29 09:18:15.508, 300.05, 100, 74232, 72
2026/07/29 09:18:16.547, 288.68, 100, 74232, 72
2026/07/29 09:18:17.585, 300.72, 100, 74232, 72
2026/07/29 09:18:18.623, 298.29, 100, 74232, 72
2026/07/29 09:18:19.660, 289.48, 100, 74232, 72
2026/07/29 09:18:20.700, 294.04, 100, 74232, 72
2026/07/29 09:18:21.737, 294.32, 100, 74232, 72
2026/07/29 09:18:22.776, 299.92, 100, 74232, 72
2026/07/29 09:18:23.813, 299.85, 100, 74232, 72
2026/07/29 09:18:24.849, 301.49, 100, 74232, 72
2026/07/29 09:18:25.888, 301.19, 100, 74232, 72
2026/07/29 09:18:26.926, 301.21, 100, 74232, 72
2026/07/29 09:18:27.963, 300.42, 100, 74232, 72
2026/07/29 09:18:29.001, 301.03, 100, 74232, 72
2026/07/29 09:18:30.038, 300.14, 100, 74232, 72
2026/07/29 09:18:31.076, 299.27, 100, 74232, 72
2026/07/29 09:18:32.113, 300.71, 100, 74232, 72
2026/07/29 09:18:33.153, 302.55, 100, 74232, 72
2026/07/29 09:18:34.189, 299.74, 100, 74232, 72
2026/07/29 09:18:35.228, 299.64, 70, 74232, 74
2026/07/29 09:18:36.262, 304.49, 100, 74232, 74
2026/07/29 09:18:37.297, 299.54, 100, 74232, 74
2026/07/29 09:18:38.333, 287.07, 100, 74232, 74
2026/07/29 09:18:39.368, 300.50, 100, 74232, 74
2026/07/29 09:18:40.404, 269.65, 100, 74232, 74
2026/07/29 09:18:41.445, 330.30, 100, 74232, 74
2026/07/29 09:18:42.479, 297.73, 100, 74232, 72
2026/07/29 09:18:43.517, 301.89, 100, 74232, 72
2026/07/29 09:18:44.554, 300.01, 100, 74232, 72
2026/07/29 09:18:45.591, 294.25, 100, 74232, 72
2026/07/29 09:18:46.628, 294.31, 100, 74232, 73
2026/07/29 09:18:47.667, 99.63, 34, 74232, 70
2026/07/29 09:18:48.700, 300.02, 100, 74232, 72
2026/07/29 09:18:49.738, 297.80, 100, 74232, 72
2026/07/29 09:18:50.775, 295.86, 100, 74232, 72
2026/07/29 09:18:51.813, 300.40, 100, 74232, 72
2026/07/29 09:18:52.851, 301.82, 100, 74232, 72
2026/07/29 09:18:53.891, 303.04, 100, 74232, 72
2026/07/29 09:18:54.928, 308.17, 100, 74232, 72
2026/07/29 09:18:55.965, 300.14, 100, 74232, 72
2026/07/29 09:18:57.003, 301.47, 100, 74232, 73
2026/07/29 09:18:58.040, 301.12, 100, 74232, 73
2026/07/29 09:18:59.078, 302.63, 100, 74232, 73
2026/07/29 09:19:00.116, 300.23, 100, 74232, 72
2026/07/29 09:19:01.155, 301.70, 100, 74232, 72
2026/07/29 09:19:02.192, 302.55, 100, 74232, 72
2026/07/29 09:19:03.230, 300.79, 100, 74232, 72
2026/07/29 09:19:04.267, 303.46, 100, 74232, 72
2026/07/29 09:19:05.305, 301.47, 100, 74232, 72
2026/07/29 09:19:06.344, 300.99, 100, 74232, 72
2026/07/29 09:19:07.382, 301.95, 100, 74232, 72
2026/07/29 09:19:08.420, 290.45, 100, 74232, 72
2026/07/29 09:19:09.457, 295.75, 100, 74232, 72
2026/07/29 09:19:10.497, 299.29, 100, 74232, 72
2026/07/29 09:19:11.535, 297.84, 100, 74232, 72
2026/07/29 09:19:12.573, 300.42, 100, 74232, 72
2026/07/29 09:19:13.612, 300.22, 100, 74232, 72
2026/07/29 09:19:14.650, 299.07, 100, 74232, 72
2026/07/29 09:19:15.689, 301.51, 100, 74232, 72
2026/07/29 09:19:16.726, 301.29, 100, 74232, 72
2026/07/29 09:19:17.764, 301.52, 100, 74232, 72
2026/07/29 09:19:18.802, 299.26, 100, 74232, 72
2026/07/29 09:19:19.840, 300.06, 100, 74232, 72
2026/07/29 09:19:20.879, 301.08, 100, 74232, 72
2026/07/29 09:19:21.917, 300.04, 100, 74232, 72
2026/07/29 09:19:22.955, 300.91, 100, 74232, 72
2026/07/29 09:19:23.993, 300.87, 100, 74232, 72
2026/07/29 09:19:25.030, 300.71, 100, 74232, 72
2026/07/29 09:19:26.069, 301.48, 100, 74232, 72
2026/07/29 09:19:27.107, 300.25, 100, 74232, 72
2026/07/29 09:19:28.144, 288.50, 100, 74232, 72
2026/07/29 09:19:29.182, 291.50, 100, 74232, 72
2026/07/29 09:19:30.220, 301.09, 100, 74232, 72
2026/07/29 09:19:31.260, 300.60, 100, 74232, 72
2026/07/29 09:19:32.298, 298.67, 100, 74232, 72
2026/07/29 09:19:33.335, 301.04, 100, 74232, 72
2026/07/29 09:19:34.373, 301.09, 100, 74232, 72
2026/07/29 09:19:35.410, 299.45, 100, 74232, 72
2026/07/29 09:19:36.450, 300.61, 100, 74232, 72
2026/07/29 09:19:37.488, 301.18, 100, 74232, 72
2026/07/29 09:19:38.527, 301.48, 100, 74232, 72
2026/07/29 09:19:39.567, 301.47, 100, 74232, 72
2026/07/29 09:19:40.606, 294.04, 100, 74232, 72
2026/07/29 09:19:41.646, 289.66, 100, 74232, 72
2026/07/29 09:19:42.684, 293.25, 100, 74232, 72
2026/07/29 09:19:43.720, 295.58, 100, 74232, 72
2026/07/29 09:19:44.758, 298.96, 100, 74232, 72
2026/07/29 09:19:45.795, 299.18, 100, 74232, 72
2026/07/29 09:19:46.833, 301.29, 100, 74232, 72
2026/07/29 09:19:47.872, 300.31, 100, 74232, 72
2026/07/29 09:19:48.911, 297.95, 100, 74232, 72
2026/07/29 09:19:49.948, 296.85, 100, 74232, 72
2026/07/29 09:19:50.985, 300.72, 100, 74232, 72
2026/07/29 09:19:52.024, 300.92, 100, 74232, 73
2026/07/29 09:19:53.062, 301.48, 100, 74232, 73
2026/07/29 09:19:54.100, 300.99, 100, 74232, 73
2026/07/29 09:19:55.139, 301.67, 100, 74232, 73
2026/07/29 09:19:56.176, 303.05, 100, 74232, 73
2026/07/29 09:19:57.213, 302.94, 100, 74232, 73
2026/07/29 09:19:58.251, 302.49, 100, 74232, 73
2026/07/29 09:19:59.289, 303.60, 100, 74232, 73
2026/07/29 09:20:00.327, 300.52, 100, 74232, 73
2026/07/29 09:20:01.364, 299.46, 100, 74232, 72
2026/07/29 09:20:02.402, 301.71, 100, 74232, 72
2026/07/29 09:20:03.440, 293.93, 100, 74232, 72
2026/07/29 09:20:04.478, 294.99, 100, 74232, 72
2026/07/29 09:20:05.519, 294.33, 100, 74232, 72
2026/07/29 09:20:06.556, 293.82, 100, 74232, 72
2026/07/29 09:20:07.594, 300.24, 100, 74232, 74
2026/07/29 09:20:08.629, 309.77, 100, 74232, 74
2026/07/29 09:20:09.665, 299.38, 100, 74232, 74
2026/07/29 09:20:10.703, 298.00, 100, 74232, 74
2026/07/29 09:20:11.738, 293.08, 100, 74232, 74
2026/07/29 09:20:12.774, 297.63, 100, 74232, 74
2026/07/29 09:20:13.809, 301.10, 100, 74232, 73
2026/07/29 09:20:14.847, 301.86, 100, 74232, 73
2026/07/29 09:20:15.886, 302.06, 100, 74232, 73
2026/07/29 09:20:16.923, 109.38, 100, 74232, 72
2026/07/29 09:20:17.966, 299.72, 100, 74232, 74
2026/07/29 09:20:19.001, 299.57, 100, 74232, 74
2026/07/29 09:20:20.036, 291.81, 100, 74232, 74
2026/07/29 09:20:21.071, 300.02, 100, 74232, 74
2026/07/29 09:20:22.106, 270.35, 100, 74232, 74
2026/07/29 09:20:23.147, 266.58, 100, 74232, 74
2026/07/29 09:20:24.183, 301.29, 100, 74232, 73
2026/07/29 09:20:25.223, 302.82, 100, 74232, 73
2026/07/29 09:20:26.260, 303.75, 100, 74232, 73
2026/07/29 09:20:27.297, 302.44, 100, 74232, 73
2026/07/29 09:20:28.336, 303.55, 100, 74232, 73
2026/07/29 09:20:29.373, 296.24, 50, 74232, 74
2026/07/29 09:20:30.413, 304.66, 100, 74232, 75
2026/07/29 09:20:31.448, 303.61, 100, 74232, 74
2026/07/29 09:20:32.483, 292.64, 100, 74232, 75
2026/07/29 09:20:33.518, 294.70, 100, 74232, 74
2026/07/29 09:20:34.552, 307.74, 100, 74232, 75
2026/07/29 09:20:35.589, 275.83, 100, 74232, 75
2026/07/29 09:20:36.625, 288.01, 100, 74232, 73
2026/07/29 09:20:37.663, 287.65, 100, 74232, 73
2026/07/29 09:20:38.701, 287.13, 100, 74232, 73
2026/07/29 09:20:39.739, 291.80, 100, 74232, 73
2026/07/29 09:20:40.776, 297.32, 2, 74232, 74
2026/07/29 09:20:41.812, 295.48, 100, 74232, 75
2026/07/29 09:20:42.846, 314.46, 100, 74232, 75
2026/07/29 09:20:43.882, 285.77, 100, 74232, 75
2026/07/29 09:20:44.919, 277.17, 100, 74232, 75
2026/07/29 09:20:45.955, 289.61, 100, 74232, 75
2026/07/29 09:20:46.990, 312.01, 100, 74232, 75
2026/07/29 09:20:48.026, 289.48, 100, 74232, 73
2026/07/29 09:20:49.064, 296.64, 100, 74232, 73
2026/07/29 09:20:50.102, 284.71, 100, 74232, 73
2026/07/29 09:20:51.141, 100.09, 0, 74232, 70
2026/07/29 09:20:52.180, 296.65, 100, 74232, 75
2026/07/29 09:20:53.216, 285.22, 100, 74232, 75
2026/07/29 09:20:54.253, 274.25, 100, 74232, 75
2026/07/29 09:20:55.288, 300.50, 100, 74232, 75
2026/07/29 09:20:56.323, 311.47, 100, 74232, 75
2026/07/29 09:20:57.358, 296.65, 100, 74232, 75
2026/07/29 09:20:58.396, 303.28, 100, 74232, 73
2026/07/29 09:20:59.435, 303.32, 100, 74232, 73
2026/07/29 09:21:00.471, 302.67, 100, 74232, 73
2026/07/29 09:21:01.508, 303.51, 100, 74232, 73
2026/07/29 09:21:02.545, 99.31, 0, 74232, 70
2026/07/29 09:21:03.578, 297.45, 100, 74232, 75
2026/07/29 09:21:04.614, 303.44, 100, 74232, 75
2026/07/29 09:21:05.650, 310.15, 100, 74232, 75
2026/07/29 09:21:06.692, 327.22, 100, 74232, 75
2026/07/29 09:21:07.728, 294.48, 100, 74232, 75
2026/07/29 09:21:08.765, 290.67, 100, 74232, 75
2026/07/29 09:21:09.809, 302.75, 100, 74232, 73
2026/07/29 09:21:10.847, 302.89, 100, 74232, 73
2026/07/29 09:21:11.885, 306.50, 100, 74232, 73
2026/07/29 09:21:12.922, 304.07, 100, 74232, 74
2026/07/29 09:21:13.959, 303.51, 100, 74232, 74
2026/07/29 09:21:14.997, 100.68, 0, 74232, 71
2026/07/29 09:21:16.031, 302.16, 100, 74232, 75
2026/07/29 09:21:17.067, 299.85, 100, 74232, 75
2026/07/29 09:21:18.104, 308.98, 100, 74232, 75
2026/07/29 09:21:19.140, 306.20, 100, 74232, 75
2026/07/29 09:21:20.177, 293.15, 100, 74232, 75
2026/07/29 09:21:21.214, 311.54, 100, 74232, 75
2026/07/29 09:21:22.250, 299.76, 100, 74232, 73
2026/07/29 09:21:23.288, 303.77, 100, 74232, 73
2026/07/29 09:21:24.326, 303.96, 100, 74232, 73
2026/07/29 09:21:25.364, 297.41, 100, 74232, 73
2026/07/29 09:21:26.401, 303.05, 100, 74232, 75
2026/07/29 09:21:27.437, 294.06, 100, 74232, 75
2026/07/29 09:21:28.474, 292.49, 100, 74232, 75
2026/07/29 09:21:29.510, 296.45, 100, 74232, 75
2026/07/29 09:21:30.550, 302.07, 100, 74232, 76
2026/07/29 09:21:31.586, 309.94, 100, 74232, 76
2026/07/29 09:21:32.624, 276.11, 100, 74232, 76
2026/07/29 09:21:33.661, 299.46, 100, 74232, 74
2026/07/29 09:21:34.699, 297.15, 100, 74232, 73
2026/07/29 09:21:35.737, 285.67, 100, 74232, 73
2026/07/29 09:21:36.775, 287.04, 100, 74232, 73
2026/07/29 09:21:37.813, 285.02, 100, 74232, 73
2026/07/29 09:21:38.855, 292.19, 100, 74232, 74
2026/07/29 09:21:39.893, 292.57, 100, 74232, 74
2026/07/29 09:21:40.930, 296.18, 100, 74232, 74
2026/07/29 09:21:41.972, 292.78, 100, 74232, 74
2026/07/29 09:21:43.011, 292.43, 100, 74232, 74
2026/07/29 09:21:44.049, 292.77, 100, 74232, 74
2026/07/29 09:21:45.091, 297.21, 100, 74232, 74
2026/07/29 09:21:46.129, 292.30, 100, 74232, 74
2026/07/29 09:21:47.167, 287.14, 100, 74232, 73
2026/07/29 09:21:48.208, 296.54, 100, 74232, 74
2026/07/29 09:21:49.244, 294.71, 100, 74232, 73
2026/07/29 09:21:50.284, 292.79, 100, 74232, 73
2026/07/29 09:21:51.322, 288.60, 100, 74232, 73
2026/07/29 09:21:52.359, 295.69, 100, 74232, 73
2026/07/29 09:21:53.397, 99.46, 0, 74232, 70
2026/07/29 09:21:54.431, 97.64, 0, 74232, 69
2026/07/29 09:21:55.462, 96.68, 0, 74232, 69
2026/07/29 09:21:56.495, 97.43, 0, 74232, 68
2026/07/29 09:21:57.528, 96.97, 0, 74232, 67
2026/07/29 09:21:58.560, 94.51, 0, 74232, 67
2026/07/29 09:21:59.591, 94.32, 0, 74232, 66
2026/07/29 09:22:00.624, 93.16, 0, 74232, 66
2026/07/29 09:22:01.655, 92.34, 0, 74232, 65
2026/07/29 09:22:02.686, 92.11, 0, 74232, 65
2026/07/29 09:22:03.717, 91.79, 0, 74232, 65
2026/07/29 09:22:04.749, 91.20, 0, 74232, 64
2026/07/29 09:22:05.780, 92.86, 0, 74232, 64
2026/07/29 09:22:06.811, 90.14, 0, 74232, 64
2026/07/29 09:22:07.843, 89.74, 0, 74232, 63
2026/07/29 09:22:08.874, 90.84, 0, 74232, 63
2026/07/29 09:22:09.903, 89.99, 0, 74232, 63
2026/07/29 09:22:10.934, 90.20, 0, 74232, 62
2026/07/29 09:22:11.965, 88.64, 0, 74232, 62
2026/07/29 09:22:12.995, 88.73, 0, 74232, 62
2026/07/29 09:22:14.025, 88.04, 0, 74232, 61
2026/07/29 09:22:15.055, 87.95, 0, 74232, 61
2026/07/29 09:22:16.086, 87.57, 0, 74232, 61
2026/07/29 09:22:17.117, 86.44, 0, 74232, 61
2026/07/29 09:22:18.148, 85.91, 0, 74232, 60
2026/07/29 09:22:19.178, 86.37, 0, 74232, 60
2026/07/29 09:22:20.209, 85.73, 0, 74232, 60
2026/07/29 09:22:21.239, 85.46, 0, 74232, 60
2026/07/29 09:22:22.268, 84.48, 0, 74232, 59
2026/07/29 09:22:23.298, 84.91, 0, 74232, 59
2026/07/29 09:22:24.332, 295.58, 68, 74232, 63
2026/07/29 09:22:25.366, 297.17, 100, 74232, 64
2026/07/29 09:22:26.400, 301.72, 100, 74232, 65
2026/07/29 09:22:27.435, 293.32, 100, 74232, 65
2026/07/29 09:22:28.471, 302.74, 100, 74232, 65
2026/07/29 09:22:29.505, 301.58, 100, 74232, 64
2026/07/29 09:22:30.542, 299.85, 100, 74232, 64
2026/07/29 09:22:31.577, 300.15, 100, 74232, 64
2026/07/29 09:22:32.615, 302.85, 100, 74232, 65
2026/07/29 09:22:33.655, 300.72, 100, 74232, 65
2026/07/29 09:22:34.693, 298.32, 100, 74232, 67
2026/07/29 09:22:35.727, 306.86, 100, 74232, 67
2026/07/29 09:22:36.763, 272.47, 100, 74232, 67
2026/07/29 09:22:37.799, 305.22, 100, 74232, 68
2026/07/29 09:22:38.834, 299.09, 100, 74232, 66
2026/07/29 09:22:39.872, 300.43, 100, 74232, 66
2026/07/29 09:22:40.909, 298.56, 100, 74232, 67
2026/07/29 09:22:41.947, 302.73, 100, 74232, 67
2026/07/29 09:22:42.984, 298.09, 100, 74232, 67
2026/07/29 09:22:44.023, 292.68, 100, 74232, 69
2026/07/29 09:22:45.059, 304.92, 100, 74232, 69
2026/07/29 09:22:46.265, 286.56, 100, 74232, 69
2026/07/29 09:22:47.298, 300.34, 100, 74232, 69
2026/07/29 09:22:48.333, 303.21, 100, 74232, 68
2026/07/29 09:22:49.370, 302.18, 100, 74232, 68
2026/07/29 09:22:50.406, 291.02, 100, 74232, 68
2026/07/29 09:22:51.442, 298.36, 100, 74232, 70
2026/07/29 09:22:52.477, 308.05, 100, 74232, 71
2026/07/29 09:22:53.511, 311.32, 100, 74232, 71
2026/07/29 09:22:54.551, 301.98, 100, 74232, 71
2026/07/29 09:22:55.584, 294.96, 100, 74232, 71
2026/07/29 09:22:56.618, 302.84, 100, 74232, 69
2026/07/29 09:22:57.655, 303.33, 100, 74232, 69
2026/07/29 09:22:58.692, 296.75, 100, 74232, 69
2026/07/29 09:22:59.732, 293.55, 100, 74232, 69
2026/07/29 09:23:00.770, 296.37, 100, 74232, 69
2026/07/29 09:23:01.808, 286.33, 100, 74232, 70
2026/07/29 09:23:02.846, 285.79, 100, 74232, 70
2026/07/29 09:23:03.894, 290.05, 100, 74232, 70
2026/07/29 09:23:04.931, 292.09, 100, 74232, 70
2026/07/29 09:23:05.968, 296.96, 100, 74232, 70
2026/07/29 09:23:07.005, 299.05, 100, 74232, 70
2026/07/29 09:23:08.041, 299.32, 100, 74232, 70
2026/07/29 09:23:09.078, 300.33, 100, 74232, 70
2026/07/29 09:23:10.119, 294.04, 100, 74232, 70
2026/07/29 09:23:11.158, 297.31, 100, 74232, 70
2026/07/29 09:23:12.195, 94.31, 100, 74232, 68
2026/07/29 09:23:13.230, 296.65, 100, 74232, 72
2026/07/29 09:23:14.265, 292.95, 100, 74232, 72
2026/07/29 09:23:15.300, 300.33, 100, 74232, 72
2026/07/29 09:23:16.335, 315.63, 100, 74232, 72
2026/07/29 09:23:17.372, 276.96, 100, 74232, 72
2026/07/29 09:23:18.407, 305.84, 100, 74232, 71
2026/07/29 09:23:19.445, 307.47, 100, 74232, 71
2026/07/29 09:23:20.482, 305.68, 100, 74232, 71
2026/07/29 09:23:21.519, 301.88, 100, 74232, 71
2026/07/29 09:23:22.558, 294.00, 100, 74232, 73
2026/07/29 09:23:23.593, 300.25, 100, 74232, 73
2026/07/29 09:23:24.627, 295.12, 100, 74232, 73
2026/07/29 09:23:25.662, 294.82, 100, 74232, 73
2026/07/29 09:23:26.697, 288.73, 100, 74232, 73
2026/07/29 09:23:27.733, 307.27, 100, 74232, 71
2026/07/29 09:23:28.772, 300.07, 100, 74232, 71
2026/07/29 09:23:29.809, 291.98, 100, 74232, 71
2026/07/29 09:23:30.847, 299.73, 100, 74232, 71
2026/07/29 09:23:31.884, 300.80, 100, 74232, 72
2026/07/29 09:23:32.921, 301.47, 100, 74232, 72
2026/07/29 09:23:33.958, 292.79, 100, 74232, 72
2026/07/29 09:23:34.994, 292.57, 100, 74232, 72
2026/07/29 09:23:36.032, 300.13, 100, 74232, 72
2026/07/29 09:23:37.070, 295.67, 100, 74232, 72
2026/07/29 09:23:38.108, 293.07, 100, 74232, 72
2026/07/29 09:23:39.147, 294.04, 100, 74232, 72
2026/07/29 09:23:40.183, 298.48, 100, 74232, 72
2026/07/29 09:23:41.220, 296.25, 100, 74232, 72
2026/07/29 09:23:42.259, 300.22, 100, 74232, 72
2026/07/29 09:23:43.296, 300.71, 100, 74232, 72
2026/07/29 09:23:44.332, 299.00, 100, 74232, 72
2026/07/29 09:23:45.369, 299.77, 89, 74232, 74
2026/07/29 09:23:46.404, 301.97, 100, 74232, 74
2026/07/29 09:23:47.438, 300.92, 100, 74232, 74
2026/07/29 09:23:48.473, 295.37, 100, 74232, 74
2026/07/29 09:23:49.510, 307.42, 100, 74232, 74
2026/07/29 09:23:50.546, 280.07, 100, 74232, 72
2026/07/29 09:23:51.590, 295.39, 100, 74232, 72
2026/07/29 09:23:52.628, 293.25, 100, 74232, 72
2026/07/29 09:23:53.665, 304.98, 100, 74232, 72
2026/07/29 09:23:54.702, 303.74, 100, 74232, 72
2026/07/29 09:23:55.738, 301.88, 100, 74232, 72
2026/07/29 09:23:56.775, 301.97, 100, 74232, 73
2026/07/29 09:23:57.813, 99.28, 0, 74232, 69
2026/07/29 09:23:58.852, 299.06, 100, 74232, 74
2026/07/29 09:23:59.887, 297.23, 100, 74232, 74
2026/07/29 09:24:00.922, 304.40, 100, 74232, 74
2026/07/29 09:24:01.957, 303.50, 100, 74232, 74
2026/07/29 09:24:02.994, 304.86, 100, 74232, 74
2026/07/29 09:24:04.032, 302.95, 100, 74232, 72
2026/07/29 09:24:05.069, 302.07, 100, 74232, 72
2026/07/29 09:24:06.106, 302.74, 100, 74232, 72
2026/07/29 09:24:07.141, 301.97, 100, 74232, 73
2026/07/29 09:24:08.179, 301.61, 100, 74232, 73
2026/07/29 09:24:09.216, 300.15, 100, 74232, 74
2026/07/29 09:24:10.252, 301.08, 100, 74232, 75
2026/07/29 09:24:11.287, 307.63, 100, 74232, 75
2026/07/29 09:24:12.323, 274.79, 100, 74232, 75
2026/07/29 09:24:13.357, 283.27, 100, 74232, 74
2026/07/29 09:24:14.394, 262.01, 100, 74232, 73
2026/07/29 09:24:15.432, 294.61, 100, 74232, 73
2026/07/29 09:24:16.469, 294.70, 100, 74232, 73
2026/07/29 09:24:17.506, 294.05, 100, 74232, 73
2026/07/29 09:24:18.543, 295.86, 100, 74232, 73
2026/07/29 09:24:19.581, 304.95, 66, 74232, 74
2026/07/29 09:24:20.644, 296.75, 100, 74232, 75
2026/07/29 09:24:21.678, 298.90, 100, 74232, 75
2026/07/29 09:24:22.712, 273.26, 100, 74232, 75
2026/07/29 09:24:23.746, 299.12, 100, 74232, 75
2026/07/29 09:24:24.781, 296.35, 100, 74232, 75
2026/07/29 09:24:25.816, 302.54, 100, 74232, 73
2026/07/29 09:24:26.854, 302.77, 100, 74232, 73
2026/07/29 09:24:27.892, 303.41, 100, 74232, 73
2026/07/29 09:24:28.934, 99.67, 0, 74232, 70
2026/07/29 09:24:29.965, 297.70, 100, 74232, 75
2026/07/29 09:24:31.002, 309.72, 100, 74232, 74
2026/07/29 09:24:32.036, 291.59, 100, 74232, 75
2026/07/29 09:24:33.070, 297.78, 100, 74232, 75
2026/07/29 09:24:34.105, 304.61, 100, 74232, 75
2026/07/29 09:24:35.141, 302.83, 100, 74232, 73
2026/07/29 09:24:36.177, 302.20, 100, 74232, 73
2026/07/29 09:24:37.214, 304.60, 100, 74232, 73
2026/07/29 09:24:38.251, 303.14, 100, 74232, 73
2026/07/29 09:24:39.289, 303.11, 100, 74232, 73
2026/07/29 09:24:40.327, 305.44, 100, 74232, 73
2026/07/29 09:24:41.364, 303.04, 100, 74232, 74
2026/07/29 09:24:42.400, 303.80, 100, 74232, 74
2026/07/29 09:24:43.439, 304.92, 100, 74232, 74
2026/07/29 09:24:44.477, 306.65, 100, 74232, 74
2026/07/29 09:24:45.514, 303.33, 100, 74232, 74
2026/07/29 09:24:46.551, 297.72, 100, 74232, 73
2026/07/29 09:24:47.587, 295.96, 100, 74232, 73
2026/07/29 09:24:48.625, 295.69, 100, 74232, 73
2026/07/29 09:24:49.661, 297.59, 100, 74232, 73
2026/07/29 09:24:50.700, 296.07, 100, 74232, 73
2026/07/29 09:24:51.737, 295.41, 100, 74232, 73
2026/07/29 09:24:52.773, 296.53, 100, 74232, 73
2026/07/29 09:24:53.811, 295.76, 100, 74232, 73
2026/07/29 09:24:54.847, 290.04, 100, 74232, 75
2026/07/29 09:24:55.883, 295.27, 100, 74232, 75
2026/07/29 09:24:56.916, 297.64, 100, 74232, 75
2026/07/29 09:24:57.951, 297.32, 100, 74232, 75
2026/07/29 09:24:58.986, 306.67, 100, 74232, 75
2026/07/29 09:25:00.026, 284.23, 100, 74232, 75
2026/07/29 09:25:01.062, 291.43, 100, 74232, 73
2026/07/29 09:25:02.106, 295.56, 100, 74232, 73
2026/07/29 09:25:03.143, 296.64, 100, 74232, 73
2026/07/29 09:25:04.181, 295.75, 100, 74232, 73
2026/07/29 09:25:05.219, 295.88, 100, 74232, 73
2026/07/29 09:25:06.257, 297.90, 100, 74232, 73
2026/07/29 09:25:07.294, 295.70, 100, 74232, 73
2026/07/29 09:25:08.330, 295.01, 100, 74232, 73
2026/07/29 09:25:09.367, 294.51, 100, 74232, 73
2026/07/29 09:25:10.405, 295.77, 100, 74232, 73
2026/07/29 09:25:11.442, 294.70, 100, 74232, 73
2026/07/29 09:25:12.481, 99.48, 0, 74232, 70
2026/07/29 09:25:13.512, 97.52, 0, 74232, 69
2026/07/29 09:25:14.543, 97.24, 0, 74232, 68
2026/07/29 09:25:15.576, 95.50, 0, 74232, 68
2026/07/29 09:25:16.610, 95.90, 0, 74232, 67
2026/07/29 09:25:17.642, 93.48, 0, 74232, 67
2026/07/29 09:25:18.674, 94.71, 0, 74232, 66
2026/07/29 09:25:19.706, 94.01, 0, 74232, 66
2026/07/29 09:25:20.737, 93.54, 0, 74232, 65
2026/07/29 09:25:21.768, 92.75, 0, 74232, 65
2026/07/29 09:25:22.801, 91.32, 0, 74232, 64
2026/07/29 09:25:23.832, 91.92, 0, 74232, 64
2026/07/29 09:25:24.863, 92.62, 0, 74232, 64
2026/07/29 09:25:25.894, 90.80, 0, 74232, 63
2026/07/29 09:25:26.926, 90.38, 0, 74232, 63
2026/07/29 09:25:27.956, 90.51, 0, 74232, 63
2026/07/29 09:25:28.988, 90.04, 0, 74232, 62
2026/07/29 09:25:30.021, 88.87, 0, 74232, 62
2026/07/29 09:25:31.053, 89.46, 0, 74232, 62
2026/07/29 09:25:32.084, 87.69, 0, 74232, 61
2026/07/29 09:25:33.115, 87.17, 0, 74232, 61
2026/07/29 09:25:34.145, 86.69, 0, 74232, 61
2026/07/29 09:25:35.177, 86.34, 0, 74232, 61
2026/07/29 09:25:36.209, 86.29, 0, 74232, 60
2026/07/29 09:25:37.241, 86.62, 0, 74232, 60
2026/07/29 09:25:38.272, 86.11, 0, 74232, 60
2026/07/29 09:25:39.304, 85.90, 0, 74232, 60
2026/07/29 09:25:40.335, 85.72, 0, 74232, 59
2026/07/29 09:25:41.365, 85.61, 0, 74232, 59
2026/07/29 09:25:42.395, 85.21, 0, 74232, 59
2026/07/29 09:25:43.426, 85.22, 0, 74232, 58
2026/07/29 09:25:44.457, 84.69, 0, 74232, 58
2026/07/29 09:25:45.489, 212.87, 0, 74232, 61
2026/07/29 09:25:46.527, 298.90, 100, 74232, 63
2026/07/29 09:25:47.564, 306.13, 100, 74232, 64
2026/07/29 09:25:48.600, 313.29, 100, 74232, 64
2026/07/29 09:25:49.639, 310.39, 100, 74232, 65
2026/07/29 09:25:50.673, 299.61, 100, 74232, 63
2026/07/29 09:25:51.710, 300.83, 100, 74232, 63
2026/07/29 09:25:52.747, 301.59, 100, 74232, 64
2026/07/29 09:25:53.784, 300.12, 100, 74232, 64
2026/07/29 09:25:54.820, 302.73, 100, 74232, 66
2026/07/29 09:25:55.854, 300.83, 100, 74232, 66
2026/07/29 09:25:56.888, 289.44, 100, 74232, 66
2026/07/29 09:25:57.921, 319.24, 100, 74232, 67
2026/07/29 09:25:59.032, 305.82, 100, 74232, 65
2026/07/29 09:26:00.069, 305.98, 100, 74232, 65
2026/07/29 09:26:01.105, 299.64, 100, 74232, 66
2026/07/29 09:26:02.143, 299.52, 100, 74232, 68
2026/07/29 09:26:03.177, 305.54, 100, 74232, 68
2026/07/29 09:26:04.210, 286.57, 100, 74232, 68
2026/07/29 09:26:05.245, 292.70, 100, 74232, 68
2026/07/29 09:26:06.281, 304.08, 100, 74232, 68
2026/07/29 09:26:07.316, 302.27, 100, 74232, 67
2026/07/29 09:26:08.354, 302.36, 100, 74232, 67
2026/07/29 09:26:09.391, 302.75, 100, 74232, 67
2026/07/29 09:26:10.430, 303.32, 100, 74232, 67
2026/07/29 09:26:11.466, 302.74, 100, 74232, 68
2026/07/29 09:26:12.506, 302.96, 100, 74232, 68
2026/07/29 09:26:13.543, 298.29, 100, 74232, 68
2026/07/29 09:26:14.580, 295.19, 100, 74232, 68
2026/07/29 09:26:15.617, 303.66, 100, 74232, 68
2026/07/29 09:26:16.654, 305.07, 100, 74232, 68
2026/07/29 09:26:17.691, 295.09, 100, 74232, 69
2026/07/29 09:26:18.729, 295.29, 100, 74232, 69
2026/07/29 09:26:19.765, 296.94, 100, 74232, 69
2026/07/29 09:26:20.802, 297.23, 100, 74232, 69
2026/07/29 09:26:21.838, 295.77, 100, 74232, 69
2026/07/29 09:26:22.875, 292.68, 100, 74232, 71
2026/07/29 09:26:23.909, 314.68, 100, 74232, 71
2026/07/29 09:26:24.942, 304.14, 100, 74232, 71
2026/07/29 09:26:25.975, 304.99, 100, 74232, 71
2026/07/29 09:26:27.008, 277.32, 100, 74232, 71
2026/07/29 09:26:28.042, 300.31, 100, 74232, 70
2026/07/29 09:26:29.078, 301.04, 100, 74232, 70
2026/07/29 09:26:30.114, 300.43, 100, 74232, 70
2026/07/29 09:26:31.152, 299.46, 100, 74232, 70
2026/07/29 09:26:32.191, 297.62, 100, 74232, 70
2026/07/29 09:26:33.228, 305.91, 100, 74232, 70
2026/07/29 09:26:34.263, 304.37, 100, 74232, 70
2026/07/29 09:26:35.299, 298.30, 100, 74232, 71
2026/07/29 09:26:36.336, 298.77, 100, 74232, 71
2026/07/29 09:26:37.372, 313.26, 37, 74232, 72
2026/07/29 09:26:38.407, 285.49, 100, 74232, 72
2026/07/29 09:26:39.440, 306.19, 100, 74232, 72
2026/07/29 09:26:40.476, 263.06, 100, 74232, 72
2026/07/29 09:26:41.511, 296.27, 100, 74232, 72
2026/07/29 09:26:42.547, 298.27, 100, 74232, 72
2026/07/29 09:26:43.583, 300.22, 100, 74232, 71
2026/07/29 09:26:44.620, 287.64, 100, 74232, 71
2026/07/29 09:26:45.658, 288.10, 100, 74232, 71
2026/07/29 09:26:46.698, 291.89, 100, 74232, 71
2026/07/29 09:26:47.735, 291.20, 100, 74232, 71
2026/07/29 09:26:48.773, 291.62, 100, 74232, 71
2026/07/29 09:26:49.810, 291.52, 100, 74232, 71
2026/07/29 09:26:50.848, 97.70, 0, 74232, 68
2026/07/29 09:26:51.880, 292.27, 100, 74232, 73
2026/07/29 09:26:52.917, 292.78, 100, 74232, 73
2026/07/29 09:26:53.952, 289.30, 100, 74232, 73
2026/07/29 09:26:54.988, 304.97, 100, 74232, 73
2026/07/29 09:26:56.023, 316.64, 100, 74232, 73
2026/07/29 09:26:57.064, 308.82, 100, 74232, 71
2026/07/29 09:26:58.102, 306.02, 100, 74232, 71
2026/07/29 09:26:59.141, 299.59, 100, 74232, 71
2026/07/29 09:27:00.178, 299.06, 100, 74232, 71
2026/07/29 09:27:01.217, 304.05, 100, 74232, 71
2026/07/29 09:27:02.255, 296.64, 15, 74232, 72
2026/07/29 09:27:03.289, 315.62, 100, 74232, 73
2026/07/29 09:27:04.323, 296.15, 100, 74232, 73
2026/07/29 09:27:05.362, 283.27, 100, 74232, 73
2026/07/29 09:27:06.395, 309.23, 100, 74232, 73
2026/07/29 09:27:07.430, 284.17, 100, 74232, 73
2026/07/29 09:27:08.466, 300.99, 100, 74232, 71
2026/07/29 09:27:09.503, 296.73, 100, 74232, 71
2026/07/29 09:27:10.541, 299.85, 100, 74232, 72
2026/07/29 09:27:11.577, 300.25, 100, 74232, 72
2026/07/29 09:27:12.613, 97.42, 0, 74232, 68
2026/07/29 09:27:13.645, 281.43, 100, 74232, 73
2026/07/29 09:27:14.680, 296.44, 100, 74232, 73
2026/07/29 09:27:15.721, 284.90, 100, 74232, 73
2026/07/29 09:27:16.756, 277.23, 100, 74232, 73
2026/07/29 09:27:17.790, 274.97, 100, 74232, 73
2026/07/29 09:27:18.832, 297.52, 100, 74232, 72
2026/07/29 09:27:19.868, 302.36, 100, 74232, 72
2026/07/29 09:27:20.907, 300.12, 100, 74232, 72
2026/07/29 09:27:21.945, 301.17, 100, 74232, 72
2026/07/29 09:27:22.981, 299.73, 100, 74232, 72
2026/07/29 09:27:24.018, 300.79, 100, 74232, 72
2026/07/29 09:27:25.056, 301.38, 100, 74232, 72
2026/07/29 09:27:26.093, 300.84, 100, 74232, 72
2026/07/29 09:27:27.130, 305.45, 100, 74232, 72
2026/07/29 09:27:28.166, 301.09, 100, 74232, 72
2026/07/29 09:27:29.202, 302.07, 100, 74232, 72
2026/07/29 09:27:30.239, 300.72, 100, 74232, 72
2026/07/29 09:27:31.276, 98.40, 0, 74232, 69
2026/07/29 09:27:32.309, 96.73, 0, 74232, 68
2026/07/29 09:27:33.339, 97.35, 0, 74232, 67
2026/07/29 09:27:34.371, 94.40, 0, 74232, 67
2026/07/29 09:27:35.404, 93.60, 0, 74232, 66
2026/07/29 09:27:36.440, 94.32, 0, 74232, 66
2026/07/29 09:27:37.472, 93.49, 0, 74232, 65
2026/07/29 09:27:38.504, 92.94, 0, 74232, 65
2026/07/29 09:27:39.537, 91.73, 0, 74232, 65
2026/07/29 09:27:40.568, 91.90, 0, 74232, 64
2026/07/29 09:27:41.600, 91.48, 0, 74232, 64
2026/07/29 09:27:42.632, 91.91, 0, 74232, 63
2026/07/29 09:27:43.664, 90.67, 0, 74232, 63
2026/07/29 09:27:44.694, 90.32, 0, 74232, 63
2026/07/29 09:27:45.727, 90.98, 0, 74232, 62
2026/07/29 09:27:46.757, 89.05, 0, 74232, 62
2026/07/29 09:27:47.790, 87.95, 0, 74232, 62
2026/07/29 09:27:48.821, 88.47, 0, 74232, 61
2026/07/29 09:27:49.854, 87.14, 0, 74232, 61
2026/07/29 09:27:50.885, 87.37, 0, 74232, 61
2026/07/29 09:27:51.916, 86.29, 0, 74232, 60
2026/07/29 09:27:52.947, 86.20, 0, 74232, 60
2026/07/29 09:27:53.978, 85.77, 0, 74232, 60
2026/07/29 09:27:55.008, 85.55, 0, 74232, 60
2026/07/29 09:27:56.039, 85.21, 0, 74232, 59
2026/07/29 09:27:57.070, 84.93, 0, 74232, 59
2026/07/29 09:27:58.100, 84.25, 0, 74232, 59
2026/07/29 09:27:59.129, 84.21, 0, 74232, 58
2026/07/29 09:28:00.159, 83.56, 0, 74232, 58
2026/07/29 09:28:01.189, 84.36, 0, 74232, 58
2026/07/29 09:28:02.218, 83.50, 0, 74232, 58
2026/07/29 09:28:03.247, 83.30, 0, 74232, 57
2026/07/29 09:28:04.277, 82.93, 0, 74232, 57
2026/07/29 09:28:05.307, 83.17, 0, 74232, 57
2026/07/29 09:28:06.336, 82.44, 0, 74232, 57
2026/07/29 09:28:07.367, 289.35, 100, 74232, 62
2026/07/29 09:28:08.402, 290.51, 100, 74232, 62
2026/07/29 09:28:09.436, 296.85, 100, 74232, 63
2026/07/29 09:28:10.470, 304.25, 100, 74232, 63
2026/07/29 09:28:11.505, 300.82, 100, 74232, 62
2026/07/29 09:28:12.542, 297.32, 100, 74232, 62
2026/07/29 09:28:13.578, 299.55, 100, 74232, 62
2026/07/29 09:28:14.616, 301.27, 100, 74232, 63
2026/07/29 09:28:15.651, 301.71, 100, 74232, 63
2026/07/29 09:28:16.687, 298.95, 100, 74232, 63
2026/07/29 09:28:17.723, 303.96, 100, 74232, 65
2026/07/29 09:28:18.760, 304.02, 100, 74232, 65
2026/07/29 09:28:19.792, 304.70, 100, 74232, 66
2026/07/29 09:28:20.824, 306.89, 100, 74232, 66
2026/07/29 09:28:21.858, 293.24, 100, 74232, 64
2026/07/29 09:28:22.898, 289.15, 100, 74232, 64
2026/07/29 09:28:23.934, 290.90, 100, 74232, 64
2026/07/29 09:28:24.971, 297.72, 100, 74232, 65
2026/07/29 09:28:26.006, 297.72, 100, 74232, 65
2026/07/29 09:28:27.043, 297.44, 100, 74232, 65
2026/07/29 09:28:28.079, 298.38, 100, 74232, 65
2026/07/29 09:28:29.115, 298.77, 100, 74232, 66
2026/07/29 09:28:30.151, 291.89, 100, 74232, 67
2026/07/29 09:28:31.189, 293.72, 100, 74232, 68
2026/07/29 09:28:32.222, 298.95, 100, 74232, 68
2026/07/29 09:28:33.254, 289.25, 100, 74232, 68
2026/07/29 09:28:34.288, 275.38, 100, 74232, 68
2026/07/29 09:28:35.325, 293.43, 100, 74232, 67
2026/07/29 09:28:36.360, 294.02, 100, 74232, 67
2026/07/29 09:28:37.395, 295.98, 100, 74232, 67
2026/07/29 09:28:38.430, 294.52, 100, 74232, 67
2026/07/29 09:28:39.466, 300.99, 100, 74232, 68
2026/07/29 09:28:40.502, 302.84, 100, 74232, 68
2026/07/29 09:28:41.538, 292.77, 100, 74232, 70
2026/07/29 09:28:42.572, 291.90, 100, 74232, 70
2026/07/29 09:28:43.606, 295.20, 100, 74232, 70
2026/07/29 09:28:44.639, 303.19, 100, 74232, 70
2026/07/29 09:28:45.672, 295.48, 100, 74232, 69
2026/07/29 09:28:46.710, 289.95, 100, 74232, 68
2026/07/29 09:28:47.746, 286.44, 100, 74232, 69
2026/07/29 09:28:48.782, 289.86, 100, 74232, 69
2026/07/29 09:28:49.818, 294.81, 100, 74232, 71
2026/07/29 09:28:50.852, 299.24, 100, 74232, 71
2026/07/29 09:28:51.890, 316.63, 100, 74232, 71
2026/07/29 09:28:52.925, 296.85, 100, 74232, 71
2026/07/29 09:28:53.960, 303.68, 100, 74232, 70
2026/07/29 09:28:55.000, 306.45, 100, 74232, 70
2026/07/29 09:28:56.037, 306.14, 100, 74232, 70
2026/07/29 09:28:57.075, 306.50, 100, 74232, 70
2026/07/29 09:28:58.112, 305.75, 100, 74232, 70
2026/07/29 09:28:59.149, 303.78, 100, 74232, 70
2026/07/29 09:29:00.187, 306.88, 100, 74232, 70
2026/07/29 09:29:01.224, 307.57, 100, 74232, 70
2026/07/29 09:29:02.261, 308.61, 100, 74232, 70
2026/07/29 09:29:03.297, 302.29, 100, 74232, 72
2026/07/29 09:29:04.331, 289.25, 100, 74232, 72
2026/07/29 09:29:05.371, 295.54, 100, 74232, 72
2026/07/29 09:29:06.404, 291.62, 100, 74232, 72
2026/07/29 09:29:07.439, 290.65, 100, 74232, 72
2026/07/29 09:29:08.480, 299.71, 100, 74232, 72
2026/07/29 09:29:09.515, 285.17, 100, 74232, 73
2026/07/29 09:29:10.548, 300.33, 100, 74232, 71
2026/07/29 09:29:11.585, 301.30, 100, 74232, 71
2026/07/29 09:29:12.622, 301.96, 100, 74232, 71
2026/07/29 09:29:13.661, 301.38, 100, 74232, 71
2026/07/29 09:29:14.698, 299.94, 100, 74232, 73
2026/07/29 09:29:15.735, 297.35, 100, 74232, 73
2026/07/29 09:29:16.771, 304.55, 100, 74232, 73
2026/07/29 09:29:17.805, 285.14, 100, 74232, 73
2026/07/29 09:29:18.838, 307.43, 100, 74232, 73
2026/07/29 09:29:19.873, 303.49, 100, 74232, 73
2026/07/29 09:29:20.906, 309.39, 100, 74232, 73
2026/07/29 09:29:21.941, 301.73, 100, 74232, 72
2026/07/29 09:29:22.979, 302.07, 100, 74232, 72
2026/07/29 09:29:24.017, 302.62, 100, 74232, 72
2026/07/29 09:29:25.054, 301.50, 100, 74232, 72
2026/07/29 09:29:26.091, 302.08, 100, 74232, 74
2026/07/29 09:29:27.125, 301.85, 100, 74232, 74
2026/07/29 09:29:28.161, 300.96, 100, 74232, 74
2026/07/29 09:29:29.202, 294.49, 100, 74232, 74
2026/07/29 09:29:30.236, 262.46, 100, 74232, 74
2026/07/29 09:29:31.270, 307.52, 100, 74232, 74
2026/07/29 09:29:32.304, 308.38, 100, 74232, 74
2026/07/29 09:29:33.340, 300.11, 100, 74232, 72
2026/07/29 09:29:34.377, 291.81, 100, 74232, 72
2026/07/29 09:29:35.415, 288.41, 100, 74232, 72
2026/07/29 09:29:36.452, 282.70, 100, 74232, 74
2026/07/29 09:29:37.492, 301.85, 100, 74232, 73
2026/07/29 09:29:38.530, 300.89, 100, 74232, 73
2026/07/29 09:29:39.566, 302.00, 100, 74232, 72
2026/07/29 09:29:40.602, 298.42, 100, 74232, 73
2026/07/29 09:29:41.639, 289.78, 100, 74232, 72
2026/07/29 09:29:42.676, 294.02, 100, 74232, 73
2026/07/29 09:29:43.713, 295.10, 100, 74232, 72
2026/07/29 09:29:44.749, 293.16, 100, 74232, 72
2026/07/29 09:29:45.789, 288.69, 100, 74232, 72
2026/07/29 09:29:46.826, 294.51, 100, 74232, 73
2026/07/29 09:29:47.862, 300.62, 100, 74232, 73
2026/07/29 09:29:48.899, 303.07, 100, 74232, 73
2026/07/29 09:29:49.939, 302.83, 100, 74232, 73
2026/07/29 09:29:50.977, 303.32, 100, 74232, 72
2026/07/29 09:29:52.014, 294.13, 100, 74232, 72
2026/07/29 09:29:53.051, 294.90, 100, 74232, 72
2026/07/29 09:29:54.088, 295.20, 100, 74232, 72
2026/07/29 09:29:55.125, 295.46, 100, 74232, 72
2026/07/29 09:29:56.164, 294.52, 100, 74232, 72
2026/07/29 09:29:57.204, 304.47, 100, 74232, 72
2026/07/29 09:29:58.241, 294.52, 100, 74232, 72
2026/07/29 09:29:59.280, 303.32, 100, 74232, 72
2026/07/29 09:30:00.317, 300.59, 100, 74232, 72
2026/07/29 09:30:01.354, 302.47, 100, 74232, 72
2026/07/29 09:30:02.391, 298.37, 100, 74232, 72
2026/07/29 09:30:03.427, 300.99, 100, 74232, 72
2026/07/29 09:30:04.463, 301.87, 100, 74232, 72
2026/07/29 09:30:05.502, 302.55, 100, 74232, 72
2026/07/29 09:30:06.539, 298.01, 100, 74232, 72
2026/07/29 09:30:07.576, 296.16, 100, 74232, 72
2026/07/29 09:30:08.614, 295.29, 100, 74232, 72
2026/07/29 09:30:09.653, 291.99, 100, 74232, 72
2026/07/29 09:30:10.695, 294.73, 100, 74232, 72
2026/07/29 09:30:11.732, 303.42, 100, 74232, 72
2026/07/29 09:30:12.768, 297.88, 100, 74232, 72
2026/07/29 09:30:13.806, 300.81, 100, 74232, 72
2026/07/29 09:30:14.843, 300.70, 100, 74232, 72
2026/07/29 09:30:15.881, 302.26, 100, 74232, 72
2026/07/29 09:30:16.917, 299.28, 100, 74232, 72
2026/07/29 09:30:17.954, 301.77, 100, 74232, 72
2026/07/29 09:30:18.992, 293.56, 100, 74232, 72
2026/07/29 09:30:20.031, 300.13, 100, 74232, 72
2026/07/29 09:30:21.067, 294.61, 100, 74232, 72
2026/07/29 09:30:22.107, 298.99, 100, 74232, 72
2026/07/29 09:30:23.145, 301.30, 100, 74232, 72
2026/07/29 09:30:24.182, 299.15, 100, 74232, 72
2026/07/29 09:30:25.220, 292.58, 100, 74232, 72
2026/07/29 09:30:26.257, 292.57, 100, 74232, 72
2026/07/29 09:30:27.297, 293.45, 100, 74232, 72
2026/07/29 09:30:28.336, 292.68, 100, 74232, 72
2026/07/29 09:30:29.375, 299.06, 100, 74232, 72
2026/07/29 09:30:30.413, 302.36, 100, 74232, 72
2026/07/29 09:30:31.453, 299.37, 100, 74232, 72
2026/07/29 09:30:32.491, 300.23, 100, 74232, 72
2026/07/29 09:30:33.529, 302.85, 100, 74232, 72
2026/07/29 09:30:34.567, 303.57, 100, 74232, 72
2026/07/29 09:30:35.604, 301.19, 100, 74232, 72
2026/07/29 09:30:36.641, 303.83, 100, 74232, 72
2026/07/29 09:30:37.680, 296.56, 100, 74232, 72
2026/07/29 09:30:38.717, 302.64, 100, 74232, 72
2026/07/29 09:30:39.757, 294.03, 100, 74232, 72
2026/07/29 09:30:40.796, 295.10, 100, 74232, 72
2026/07/29 09:30:41.833, 294.51, 100, 74232, 72
2026/07/29 09:30:42.870, 291.60, 100, 74232, 72
2026/07/29 09:30:43.907, 303.52, 100, 74232, 72
2026/07/29 09:30:44.943, 300.98, 100, 74232, 72
2026/07/29 09:30:45.981, 295.37, 100, 74232, 72
2026/07/29 09:30:47.017, 302.65, 100, 74232, 72
2026/07/29 09:30:48.057, 299.84, 100, 74232, 72
2026/07/29 09:30:49.094, 300.23, 100, 74232, 72
2026/07/29 09:30:50.134, 300.81, 100, 74232, 72
2026/07/29 09:30:51.173, 301.77, 100, 74232, 72
2026/07/29 09:30:52.209, 302.94, 100, 74232, 72
2026/07/29 09:30:53.246, 301.39, 100, 74232, 72
2026/07/29 09:30:54.284, 300.91, 100, 74232, 72
2026/07/29 09:30:55.321, 295.38, 100, 74232, 72
2026/07/29 09:30:56.362, 289.95, 100, 74232, 72
2026/07/29 09:30:57.399, 295.21, 100, 74232, 72
2026/07/29 09:30:58.436, 300.53, 100, 74232, 72
2026/07/29 09:30:59.477, 294.62, 100, 74232, 72
2026/07/29 09:31:00.514, 292.38, 100, 74232, 72
2026/07/29 09:31:01.551, 292.77, 100, 74232, 72
2026/07/29 09:31:02.588, 293.06, 100, 74232, 72
2026/07/29 09:31:03.626, 293.56, 100, 74232, 72
2026/07/29 09:31:04.663, 300.40, 100, 74232, 72
2026/07/29 09:31:05.700, 298.78, 100, 74232, 72
2026/07/29 09:31:06.738, 302.35, 100, 74232, 72
2026/07/29 09:31:07.774, 301.38, 100, 74232, 72
2026/07/29 09:31:08.811, 298.30, 100, 74232, 72
2026/07/29 09:31:09.848, 299.35, 100, 74232, 74
2026/07/29 09:31:10.881, 297.52, 100, 74232, 74
2026/07/29 09:31:11.914, 298.94, 100, 74232, 74
2026/07/29 09:31:12.950, 293.64, 100, 74232, 74
2026/07/29 09:31:13.984, 275.55, 100, 74232, 74
2026/07/29 09:31:15.018, 289.39, 100, 74232, 74
2026/07/29 09:31:16.057, 294.03, 100, 74232, 72
2026/07/29 09:31:17.094, 288.69, 100, 74232, 72
2026/07/29 09:31:18.133, 296.17, 100, 74232, 72
2026/07/29 09:31:19.172, 295.79, 100, 74232, 72
2026/07/29 09:31:20.209, 295.58, 100, 74232, 72
2026/07/29 09:31:21.247, 302.58, 100, 74232, 72
2026/07/29 09:31:22.284, 302.65, 100, 74232, 74
2026/07/29 09:31:23.318, 282.51, 100, 74232, 74
2026/07/29 09:31:24.354, 303.39, 100, 74232, 74
2026/07/29 09:31:25.387, 287.94, 100, 74232, 74
2026/07/29 09:31:26.420, 318.10, 100, 74232, 75
2026/07/29 09:31:27.456, 305.28, 100, 74232, 74
2026/07/29 09:31:28.497, 302.58, 100, 74232, 73
2026/07/29 09:31:29.534, 304.49, 100, 74232, 73
2026/07/29 09:31:30.570, 303.34, 100, 74232, 73
2026/07/29 09:31:31.606, 295.59, 100, 74232, 73
2026/07/29 09:31:32.643, 305.21, 100, 74232, 73
2026/07/29 09:31:33.680, 304.67, 100, 74232, 73
2026/07/29 09:31:34.717, 300.52, 100, 74232, 73
2026/07/29 09:31:35.753, 304.96, 100, 74232, 73
2026/07/29 09:31:36.789, 300.45, 100, 74232, 75
2026/07/29 09:31:37.823, 296.06, 100, 74232, 75
2026/07/29 09:31:38.858, 280.45, 100, 74232, 75
2026/07/29 09:31:39.891, 308.34, 100, 74232, 75
2026/07/29 09:31:40.924, 274.36, 100, 74232, 75
2026/07/29 09:31:41.957, 270.32, 100, 74232, 75
2026/07/29 09:31:42.992, 305.52, 100, 74232, 73
2026/07/29 09:31:44.029, 305.33, 100, 74232, 73
2026/07/29 09:31:45.066, 305.62, 100, 74232, 73
2026/07/29 09:31:46.105, 305.55, 100, 74232, 73
2026/07/29 09:31:47.142, 306.96, 100, 74232, 73
2026/07/29 09:31:48.184, 305.07, 100, 74232, 73
2026/07/29 09:31:49.224, 299.64, 100, 74232, 73
2026/07/29 09:31:50.260, 290.28, 100, 74232, 73
2026/07/29 09:31:51.297, 297.79, 100, 74232, 73
2026/07/29 09:31:52.334, 291.03, 100, 74232, 73
2026/07/29 09:31:53.373, 292.58, 100, 74232, 73
2026/07/29 09:31:54.410, 298.38, 100, 74232, 74
2026/07/29 09:31:55.447, 298.01, 100, 74232, 74
2026/07/29 09:31:56.484, 298.21, 100, 74232, 73
2026/07/29 09:31:57.522, 298.09, 100, 74232, 73
2026/07/29 09:31:58.560, 297.51, 100, 74232, 73
2026/07/29 09:31:59.597, 296.75, 100, 74232, 73
2026/07/29 09:32:00.633, 298.20, 100, 74232, 73
2026/07/29 09:32:01.671, 298.11, 100, 74232, 73
2026/07/29 09:32:02.706, 297.82, 100, 74232, 73
2026/07/29 09:32:03.743, 298.01, 100, 74232, 73
2026/07/29 09:32:04.779, 297.44, 100, 74232, 73
2026/07/29 09:32:05.817, 296.48, 100, 74232, 73
2026/07/29 09:32:06.855, 297.81, 100, 74232, 73
2026/07/29 09:32:07.893, 296.14, 100, 74232, 73
2026/07/29 09:32:08.930, 297.22, 100, 74232, 73
2026/07/29 09:32:09.967, 297.63, 100, 74232, 73
2026/07/29 09:32:11.005, 303.10, 100, 74232, 73
2026/07/29 09:32:12.044, 305.17, 100, 74232, 73
2026/07/29 09:32:13.081, 305.35, 100, 74232, 73
2026/07/29 09:32:14.117, 305.25, 100, 74232, 73
2026/07/29 09:32:15.154, 298.31, 100, 74232, 73
2026/07/29 09:32:16.194, 297.44, 100, 74232, 73
2026/07/29 09:32:17.231, 296.93, 100, 74232, 73
2026/07/29 09:32:18.270, 296.92, 100, 74232, 73
2026/07/29 09:32:19.306, 293.64, 100, 74232, 73
2026/07/29 09:32:20.344, 296.64, 100, 74232, 73
2026/07/29 09:32:21.381, 297.62, 100, 74232, 73
2026/07/29 09:32:22.417, 297.80, 100, 74232, 73
2026/07/29 09:32:23.453, 297.22, 100, 74232, 73
2026/07/29 09:32:24.492, 299.18, 100, 74232, 73
2026/07/29 09:32:25.530, 297.32, 100, 74232, 73
2026/07/29 09:32:26.567, 297.91, 100, 74232, 73
2026/07/29 09:32:27.606, 297.13, 100, 74232, 73
2026/07/29 09:32:28.642, 296.57, 100, 74232, 73
2026/07/29 09:32:29.679, 295.51, 100, 74232, 73
2026/07/29 09:32:30.716, 295.68, 100, 74232, 73
2026/07/29 09:32:31.752, 293.92, 100, 74232, 73
2026/07/29 09:32:32.790, 295.87, 100, 74232, 73
2026/07/29 09:32:33.826, 303.60, 100, 74232, 73
2026/07/29 09:32:34.862, 304.61, 100, 74232, 73
2026/07/29 09:32:35.899, 303.93, 100, 74232, 73
2026/07/29 09:32:36.935, 305.27, 100, 74232, 73
2026/07/29 09:32:37.973, 304.79, 100, 74232, 73
2026/07/29 09:32:39.011, 303.38, 100, 74232, 73
2026/07/29 09:32:40.047, 304.20, 100, 74232, 73
2026/07/29 09:32:41.084, 300.18, 100, 74232, 72
2026/07/29 09:32:42.121, 304.32, 100, 74232, 72
2026/07/29 09:32:43.162, 296.75, 100, 74232, 72
2026/07/29 09:32:44.198, 293.26, 100, 74232, 72
2026/07/29 09:32:45.235, 292.97, 100, 74232, 72
2026/07/29 09:32:46.275, 293.66, 100, 74232, 72
2026/07/29 09:32:47.312, 297.23, 100, 74232, 72
2026/07/29 09:32:48.351, 299.73, 100, 74232, 72
2026/07/29 09:32:49.388, 297.25, 100, 74232, 72
2026/07/29 09:32:50.431, 298.32, 100, 74232, 72
2026/07/29 09:32:51.468, 297.52, 100, 74232, 72
2026/07/29 09:32:52.508, 296.86, 100, 74232, 72
2026/07/29 09:32:53.546, 297.60, 100, 74232, 72
2026/07/29 09:32:54.581, 303.53, 100, 74232, 72
2026/07/29 09:32:55.623, 295.98, 100, 74232, 72
2026/07/29 09:32:56.661, 296.56, 100, 74232, 72
2026/07/29 09:32:57.698, 300.45, 100, 74232, 72
2026/07/29 09:32:58.736, 303.36, 100, 74232, 72
2026/07/29 09:32:59.772, 304.94, 100, 74232, 72
2026/07/29 09:33:00.809, 303.79, 100, 74232, 72
2026/07/29 09:33:01.847, 304.57, 100, 74232, 72
2026/07/29 09:33:02.884, 303.92, 100, 74232, 72
2026/07/29 09:33:03.922, 301.58, 100, 74232, 72
2026/07/29 09:33:04.959, 295.81, 100, 74232, 72
2026/07/29 09:33:05.995, 304.61, 100, 74232, 72
2026/07/29 09:33:07.031, 296.63, 100, 74232, 72
2026/07/29 09:33:08.067, 304.49, 100, 74232, 72
2026/07/29 09:33:09.105, 303.43, 100, 74232, 72
2026/07/29 09:33:10.143, 304.32, 100, 74232, 72
2026/07/29 09:33:11.181, 305.06, 100, 74232, 72
2026/07/29 09:33:12.216, 304.65, 100, 74232, 72
2026/07/29 09:33:13.253, 303.43, 100, 74232, 72
2026/07/29 09:33:14.291, 306.51, 100, 74232, 72
2026/07/29 09:33:15.329, 303.80, 100, 74232, 72
2026/07/29 09:33:16.367, 303.03, 100, 74232, 72
2026/07/29 09:33:17.406, 294.99, 100, 74232, 72
2026/07/29 09:33:18.443, 295.21, 100, 74232, 72
2026/07/29 09:33:19.480, 293.27, 100, 74232, 72
2026/07/29 09:33:20.518, 295.97, 100, 74232, 72
2026/07/29 09:33:21.554, 296.35, 100, 74232, 72
2026/07/29 09:33:22.590, 302.29, 100, 74232, 72
2026/07/29 09:33:23.627, 296.47, 100, 74232, 72
2026/07/29 09:33:24.664, 296.54, 100, 74232, 72
2026/07/29 09:33:25.701, 296.19, 100, 74232, 72
2026/07/29 09:33:26.739, 295.87, 100, 74232, 72
2026/07/29 09:33:27.776, 296.08, 100, 74232, 72
2026/07/29 09:33:28.813, 296.16, 100, 74232, 72
2026/07/29 09:33:29.849, 302.99, 100, 74232, 72
2026/07/29 09:33:30.886, 292.49, 100, 74232, 72
2026/07/29 09:33:31.923, 296.16, 100, 74232, 72
2026/07/29 09:33:32.961, 296.27, 100, 74232, 72
2026/07/29 09:33:33.999, 306.23, 100, 74232, 72
2026/07/29 09:33:35.038, 303.75, 100, 74232, 72
2026/07/29 09:33:36.075, 303.90, 100, 74232, 72
2026/07/29 09:33:37.112, 294.91, 100, 74232, 72
2026/07/29 09:33:38.149, 296.85, 100, 74232, 72
2026/07/29 09:33:39.188, 296.73, 100, 74232, 72
2026/07/29 09:33:40.224, 298.46, 100, 74232, 72
2026/07/29 09:33:41.260, 297.70, 100, 74232, 72
2026/07/29 09:33:42.298, 297.42, 100, 74232, 72
2026/07/29 09:33:43.336, 292.78, 100, 74232, 72
2026/07/29 09:33:44.376, 296.64, 100, 74232, 72
2026/07/29 09:33:45.413, 296.86, 100, 74232, 72
2026/07/29 09:33:46.453, 296.16, 100, 74232, 72
2026/07/29 09:33:47.491, 300.42, 100, 74232, 72
2026/07/29 09:33:48.528, 302.93, 100, 74232, 72
2026/07/29 09:33:49.565, 302.84, 100, 74232, 72
2026/07/29 09:33:50.602, 300.00, 100, 74232, 72
2026/07/29 09:33:51.640, 303.75, 100, 74232, 72
2026/07/29 09:33:52.676, 301.97, 100, 74232, 72
2026/07/29 09:33:53.712, 301.39, 100, 74232, 72
2026/07/29 09:33:54.748, 301.37, 100, 74232, 72
2026/07/29 09:33:55.786, 303.50, 100, 74232, 72
2026/07/29 09:33:56.822, 301.29, 100, 74232, 72
2026/07/29 09:33:57.858, 303.34, 100, 74232, 72
2026/07/29 09:33:58.894, 301.85, 100, 74232, 72
2026/07/29 09:33:59.931, 302.35, 100, 74232, 72
2026/07/29 09:34:00.970, 301.98, 100, 74232, 72
2026/07/29 09:34:02.006, 303.24, 100, 74232, 72
2026/07/29 09:34:03.043, 302.56, 100, 74232, 72
2026/07/29 09:34:04.080, 303.41, 100, 74232, 72
2026/07/29 09:34:05.116, 302.36, 100, 74232, 72
2026/07/29 09:34:06.152, 302.65, 100, 74232, 72
2026/07/29 09:34:07.190, 302.07, 100, 74232, 72
2026/07/29 09:34:08.226, 301.89, 100, 74232, 72
2026/07/29 09:34:09.264, 302.08, 100, 74232, 72
2026/07/29 09:34:10.301, 301.45, 100, 74232, 72
2026/07/29 09:34:11.338, 301.58, 100, 74232, 72
2026/07/29 09:34:12.375, 302.29, 100, 74232, 72
2026/07/29 09:34:13.414, 303.33, 100, 74232, 72
2026/07/29 09:34:14.451, 301.87, 100, 74232, 72
2026/07/29 09:34:15.490, 303.60, 100, 74232, 72
2026/07/29 09:34:16.526, 301.68, 100, 74232, 72
2026/07/29 09:34:17.562, 303.81, 100, 74232, 72
2026/07/29 09:34:18.600, 301.76, 100, 74232, 72
2026/07/29 09:34:19.637, 303.31, 100, 74232, 72
2026/07/29 09:34:20.674, 300.14, 100, 74232, 72
2026/07/29 09:34:21.710, 296.07, 100, 74232, 72
2026/07/29 09:34:22.747, 293.47, 100, 74232, 72
2026/07/29 09:34:23.783, 293.64, 100, 74232, 72
2026/07/29 09:34:24.820, 294.70, 100, 74232, 72
2026/07/29 09:34:25.857, 294.69, 100, 74232, 72
2026/07/29 09:34:26.894, 294.33, 100, 74232, 72
2026/07/29 09:34:27.933, 294.43, 100, 74232, 72
2026/07/29 09:34:28.971, 293.84, 100, 74232, 72
2026/07/29 09:34:30.009, 297.62, 100, 74232, 72
2026/07/29 09:34:31.046, 299.96, 100, 74232, 72
2026/07/29 09:34:32.083, 298.10, 100, 74232, 72
2026/07/29 09:34:33.122, 298.18, 100, 74232, 72
2026/07/29 09:34:34.161, 301.84, 100, 74232, 72
2026/07/29 09:34:35.199, 302.04, 100, 74232, 72
2026/07/29 09:34:36.237, 294.79, 100, 74232, 72
2026/07/29 09:34:37.279, 303.53, 100, 74232, 72
2026/07/29 09:34:38.317, 302.52, 100, 74232, 72
2026/07/29 09:34:39.355, 295.36, 100, 74232, 72
2026/07/29 09:34:40.398, 294.32, 100, 74232, 72
2026/07/29 09:34:41.436, 294.51, 100, 74232, 72
2026/07/29 09:34:42.473, 295.28, 100, 74232, 72
2026/07/29 09:34:43.509, 294.60, 100, 74232, 72
2026/07/29 09:34:44.546, 294.92, 100, 74232, 72
2026/07/29 09:34:45.581, 294.62, 100, 74232, 72
2026/07/29 09:34:46.618, 296.34, 100, 74232, 72
2026/07/29 09:34:47.655, 293.93, 100, 74232, 72
2026/07/29 09:34:48.693, 294.54, 100, 74232, 72
2026/07/29 09:34:49.730, 290.94, 100, 74232, 72
2026/07/29 09:34:50.768, 294.50, 100, 74232, 72
2026/07/29 09:34:51.804, 298.77, 100, 74232, 72
2026/07/29 09:34:52.841, 300.18, 100, 74232, 72
2026/07/29 09:34:53.877, 303.34, 100, 74232, 72
2026/07/29 09:34:54.915, 302.75, 100, 74232, 72
2026/07/29 09:34:55.952, 302.83, 100, 74232, 72
2026/07/29 09:34:56.992, 294.63, 100, 74232, 72
2026/07/29 09:34:58.029, 297.72, 100, 74232, 72
2026/07/29 09:34:59.067, 293.93, 100, 74232, 72
2026/07/29 09:35:00.104, 294.80, 100, 74232, 72
2026/07/29 09:35:01.140, 296.05, 100, 74232, 72
2026/07/29 09:35:02.178, 295.29, 100, 74232, 72
2026/07/29 09:35:03.214, 293.26, 100, 74232, 72
2026/07/29 09:35:04.251, 293.77, 100, 74232, 72
2026/07/29 09:35:05.288, 293.08, 100, 74232, 72
2026/07/29 09:35:06.324, 298.70, 100, 74232, 72
2026/07/29 09:35:07.361, 301.18, 100, 74232, 72
2026/07/29 09:35:08.399, 302.36, 100, 74232, 72
2026/07/29 09:35:09.438, 301.50, 100, 74232, 72
2026/07/29 09:35:10.474, 303.13, 100, 74232, 72
2026/07/29 09:35:11.510, 298.96, 100, 74232, 72
2026/07/29 09:35:12.546, 296.15, 100, 74232, 72
2026/07/29 09:35:13.582, 303.40, 100, 74232, 72
2026/07/29 09:35:14.618, 302.47, 100, 74232, 72
2026/07/29 09:35:15.661, 301.06, 100, 74232, 72
2026/07/29 09:35:16.699, 303.23, 100, 74232, 72
2026/07/29 09:35:17.736, 303.03, 100, 74232, 72
2026/07/29 09:35:18.774, 301.59, 100, 74232, 72
2026/07/29 09:35:19.812, 297.31, 100, 74232, 72
2026/07/29 09:35:20.849, 300.58, 100, 74232, 72
2026/07/29 09:35:21.886, 300.90, 100, 74232, 72
2026/07/29 09:35:22.925, 302.45, 100, 74232, 72
2026/07/29 09:35:23.962, 302.14, 100, 74232, 72
2026/07/29 09:35:24.999, 301.40, 100, 74232, 72
2026/07/29 09:35:26.035, 304.40, 100, 74232, 72
2026/07/29 09:35:27.074, 294.71, 100, 74232, 72
2026/07/29 09:35:28.112, 294.33, 100, 74232, 72
2026/07/29 09:35:29.151, 294.40, 100, 74232, 72
2026/07/29 09:35:30.190, 294.32, 100, 74232, 72
2026/07/29 09:35:31.230, 297.15, 100, 74232, 72
2026/07/29 09:35:32.271, 294.40, 100, 74232, 72
2026/07/29 09:35:33.307, 294.12, 100, 74232, 72
2026/07/29 09:35:34.344, 294.43, 100, 74232, 72
2026/07/29 09:35:35.386, 294.70, 100, 74232, 72
2026/07/29 09:35:36.424, 301.78, 100, 74232, 72
2026/07/29 09:35:37.462, 302.01, 100, 74232, 72
2026/07/29 09:35:38.499, 299.07, 100, 74232, 72
2026/07/29 09:35:39.536, 302.84, 100, 74232, 72
2026/07/29 09:35:40.574, 302.36, 100, 74232, 72
2026/07/29 09:35:41.611, 302.71, 100, 74232, 72
2026/07/29 09:35:42.649, 301.98, 100, 74232, 72
2026/07/29 09:35:43.686, 305.06, 100, 74232, 72
2026/07/29 09:35:44.724, 301.90, 100, 74232, 72
2026/07/29 09:35:45.761, 303.30, 100, 74232, 72
2026/07/29 09:35:46.800, 294.71, 100, 74232, 72
2026/07/29 09:35:47.839, 292.49, 100, 74232, 72
2026/07/29 09:35:48.878, 298.01, 100, 74232, 72
2026/07/29 09:35:49.917, 302.46, 100, 74232, 72
2026/07/29 09:35:50.954, 302.29, 100, 74232, 72
2026/07/29 09:35:51.992, 302.79, 100, 74232, 72
2026/07/29 09:35:53.030, 301.76, 100, 74232, 72
2026/07/29 09:35:54.067, 302.05, 100, 74232, 72
2026/07/29 09:35:55.106, 304.97, 100, 74232, 72
2026/07/29 09:35:56.143, 292.01, 100, 74232, 72
2026/07/29 09:35:57.181, 294.92, 100, 74232, 72
2026/07/29 09:35:58.218, 292.19, 100, 74232, 72
2026/07/29 09:35:59.261, 295.31, 100, 74232, 72
2026/07/29 09:36:00.301, 294.13, 100, 74232, 72
2026/07/29 09:36:01.339, 301.77, 100, 74232, 72
2026/07/29 09:36:02.376, 296.85, 100, 74232, 72
2026/07/29 09:36:03.413, 304.72, 100, 74232, 72
2026/07/29 09:36:04.452, 295.00, 100, 74232, 72
2026/07/29 09:36:05.490, 302.73, 100, 74232, 72
2026/07/29 09:36:06.527, 296.38, 100, 74232, 72
2026/07/29 09:36:07.565, 301.99, 100, 74232, 72
2026/07/29 09:36:08.602, 296.07, 100, 74232, 72
2026/07/29 09:36:09.643, 291.43, 100, 74232, 72
2026/07/29 09:36:10.680, 296.66, 100, 74232, 72
2026/07/29 09:36:11.718, 293.74, 100, 74232, 72
2026/07/29 09:36:12.757, 294.23, 100, 74232, 72
2026/07/29 09:36:13.795, 297.52, 100, 74232, 72
2026/07/29 09:36:14.833, 294.91, 100, 74232, 72
2026/07/29 09:36:15.871, 294.82, 100, 74232, 72
2026/07/29 09:36:16.907, 295.49, 100, 74232, 72
2026/07/29 09:36:17.945, 294.63, 100, 74232, 72
2026/07/29 09:36:18.983, 294.71, 100, 74232, 72
2026/07/29 09:36:20.022, 294.90, 100, 74232, 72
2026/07/29 09:36:21.060, 294.80, 100, 74232, 72
2026/07/29 09:36:22.098, 297.99, 100, 74232, 72
2026/07/29 09:36:23.140, 298.60, 100, 74232, 72
2026/07/29 09:36:24.178, 298.23, 100, 74232, 72
2026/07/29 09:36:25.215, 299.17, 100, 74232, 72
2026/07/29 09:36:26.254, 296.07, 100, 74232, 72
2026/07/29 09:36:27.294, 299.94, 100, 74232, 72
2026/07/29 09:36:28.332, 296.65, 100, 74232, 72
2026/07/29 09:36:29.369, 294.21, 100, 74232, 72
2026/07/29 09:36:30.408, 301.61, 100, 74232, 72
2026/07/29 09:36:31.445, 298.87, 100, 74232, 72
2026/07/29 09:36:32.485, 301.67, 100, 74232, 73
2026/07/29 09:36:33.522, 302.84, 100, 74232, 73
2026/07/29 09:36:34.559, 302.76, 100, 74232, 72
2026/07/29 09:36:35.595, 302.94, 100, 74232, 72
2026/07/29 09:36:36.633, 289.26, 100, 74232, 74
2026/07/29 09:36:37.668, 295.30, 100, 74232, 74
2026/07/29 09:36:38.706, 296.94, 100, 74232, 74
2026/07/29 09:36:39.741, 287.14, 100, 74232, 74
2026/07/29 09:36:40.779, 293.23, 100, 74232, 74
2026/07/29 09:36:41.818, 291.63, 100, 74232, 74
2026/07/29 09:36:42.855, 256.73, 100, 74232, 72
2026/07/29 09:36:43.895, 293.73, 100, 74232, 72
2026/07/29 09:36:44.933, 290.24, 100, 74232, 72
2026/07/29 09:36:45.971, 296.15, 100, 74232, 72
2026/07/29 09:36:47.010, 293.27, 100, 74232, 72
2026/07/29 09:36:48.047, 294.41, 100, 74232, 73
2026/07/29 09:36:49.085, 293.54, 100, 74232, 73
2026/07/29 09:36:50.123, 294.79, 100, 74232, 73
2026/07/29 09:36:51.163, 295.41, 100, 74232, 73
2026/07/29 09:36:52.203, 302.30, 100, 74232, 73
2026/07/29 09:36:53.240, 303.40, 100, 74232, 73
2026/07/29 09:36:54.279, 303.23, 100, 74232, 73
2026/07/29 09:36:55.316, 303.22, 100, 74232, 73
2026/07/29 09:36:56.353, 304.20, 100, 74232, 73
2026/07/29 09:36:57.391, 302.45, 100, 74232, 73
2026/07/29 09:36:58.429, 296.45, 100, 74232, 73
2026/07/29 09:36:59.467, 294.31, 100, 74232, 73
2026/07/29 09:37:00.504, 295.12, 100, 74232, 73
2026/07/29 09:37:01.541, 301.47, 100, 74232, 73
2026/07/29 09:37:02.579, 295.47, 100, 74232, 73
2026/07/29 09:37:03.616, 294.80, 100, 74232, 73
2026/07/29 09:37:04.654, 300.84, 100, 74232, 73
2026/07/29 09:37:05.695, 302.55, 100, 74232, 73
2026/07/29 09:37:06.733, 302.27, 100, 74232, 73
2026/07/29 09:37:07.770, 302.55, 100, 74232, 73
2026/07/29 09:37:08.807, 301.69, 100, 74232, 73
2026/07/29 09:37:09.844, 301.02, 100, 74232, 73
2026/07/29 09:37:10.883, 303.07, 100, 74232, 73
2026/07/29 09:37:11.921, 302.58, 100, 74232, 73
2026/07/29 09:37:12.958, 297.32, 100, 74232, 72
2026/07/29 09:37:13.996, 303.40, 100, 74232, 73
2026/07/29 09:37:15.034, 301.88, 100, 74232, 72
2026/07/29 09:37:16.072, 302.55, 100, 74232, 72
2026/07/29 09:37:17.110, 301.47, 100, 74232, 72
2026/07/29 09:37:18.147, 302.89, 100, 74232, 72
2026/07/29 09:37:19.188, 301.78, 100, 74232, 72
2026/07/29 09:37:20.226, 301.68, 100, 74232, 72
2026/07/29 09:37:21.264, 302.06, 100, 74232, 72
2026/07/29 09:37:22.302, 298.56, 100, 74232, 72
2026/07/29 09:37:23.340, 295.01, 100, 74232, 72
2026/07/29 09:37:24.378, 290.74, 100, 74232, 72
2026/07/29 09:37:25.416, 295.02, 100, 74232, 72
2026/07/29 09:37:26.453, 295.68, 100, 74232, 72
2026/07/29 09:37:27.493, 294.15, 100, 74232, 72
2026/07/29 09:37:28.531, 291.93, 100, 74232, 72
2026/07/29 09:37:29.569, 294.93, 100, 74232, 72
2026/07/29 09:37:30.608, 291.25, 100, 74232, 72
2026/07/29 09:37:31.646, 291.21, 100, 74232, 72
2026/07/29 09:37:32.690, 293.64, 100, 74232, 72
2026/07/29 09:37:33.727, 298.19, 100, 74232, 72
2026/07/29 09:37:34.770, 297.89, 100, 74232, 72
2026/07/29 09:37:35.810, 294.23, 100, 74232, 72
2026/07/29 09:37:36.847, 302.08, 100, 74232, 72
2026/07/29 09:37:37.885, 296.77, 100, 74232, 72
2026/07/29 09:37:38.923, 295.11, 100, 74232, 72
2026/07/29 09:37:39.962, 302.34, 100, 74232, 72
2026/07/29 09:37:40.999, 303.99, 100, 74232, 72
2026/07/29 09:37:42.037, 302.26, 100, 74232, 72
2026/07/29 09:37:43.075, 301.73, 100, 74232, 72
2026/07/29 09:37:44.112, 302.00, 100, 74232, 72
2026/07/29 09:37:45.148, 301.77, 100, 74232, 73
2026/07/29 09:37:46.184, 302.30, 100, 74232, 72
2026/07/29 09:37:47.222, 300.71, 100, 74232, 72
2026/07/29 09:37:48.258, 303.89, 100, 74232, 72
2026/07/29 09:37:49.296, 301.99, 100, 74232, 72
2026/07/29 09:37:50.335, 303.60, 100, 74232, 73
2026/07/29 09:37:51.377, 300.91, 100, 74232, 72
2026/07/29 09:37:52.415, 300.72, 100, 74232, 72
2026/07/29 09:37:53.452, 295.50, 100, 74232, 72
2026/07/29 09:37:54.493, 290.92, 100, 74232, 72
2026/07/29 09:37:55.532, 298.79, 100, 74232, 72
2026/07/29 09:37:56.567, 295.16, 100, 74232, 72
2026/07/29 09:37:57.605, 289.58, 100, 74232, 72
2026/07/29 09:37:58.642, 290.25, 100, 74232, 72
2026/07/29 09:37:59.679, 299.26, 100, 74232, 72
2026/07/29 09:38:00.716, 301.02, 100, 74232, 72
2026/07/29 09:38:01.754, 303.64, 100, 74232, 72
2026/07/29 09:38:02.790, 301.78, 100, 74232, 72
2026/07/29 09:38:03.832, 302.86, 100, 74232, 72
2026/07/29 09:38:04.869, 302.36, 100, 74232, 72
2026/07/29 09:38:05.906, 293.46, 100, 74232, 72
2026/07/29 09:38:06.945, 301.59, 100, 74232, 72
2026/07/29 09:38:07.982, 301.31, 100, 74232, 72
2026/07/29 09:38:09.019, 302.07, 100, 74232, 72
2026/07/29 09:38:10.058, 302.66, 100, 74232, 72
2026/07/29 09:38:11.095, 302.36, 100, 74232, 72
2026/07/29 09:38:12.134, 301.77, 100, 74232, 72
2026/07/29 09:38:13.172, 301.67, 100, 74232, 72
2026/07/29 09:38:14.209, 301.18, 100, 74232, 72
2026/07/29 09:38:15.247, 301.10, 100, 74232, 72
2026/07/29 09:38:16.284, 302.79, 100, 74232, 72
2026/07/29 09:38:17.321, 301.58, 100, 74232, 72
2026/07/29 09:38:18.360, 290.17, 100, 74232, 72
2026/07/29 09:38:19.397, 294.77, 100, 74232, 72
2026/07/29 09:38:20.435, 294.14, 100, 74232, 72
2026/07/29 09:38:21.472, 290.83, 100, 74232, 72
2026/07/29 09:38:22.511, 283.89, 100, 74232, 72
2026/07/29 09:38:23.550, 286.27, 100, 74232, 72
2026/07/29 09:38:24.588, 294.13, 100, 74232, 72
2026/07/29 09:38:25.627, 294.04, 100, 74232, 72
2026/07/29 09:38:26.665, 294.25, 100, 74232, 72
2026/07/29 09:38:27.703, 294.03, 100, 74232, 72
2026/07/29 09:38:28.742, 302.73, 100, 74232, 72
2026/07/29 09:38:29.779, 301.39, 100, 74232, 72
2026/07/29 09:38:30.819, 302.20, 100, 74232, 72
2026/07/29 09:38:31.856, 297.84, 100, 74232, 72
2026/07/29 09:38:32.893, 298.42, 100, 74232, 72
2026/07/29 09:38:33.931, 302.00, 100, 74232, 72
2026/07/29 09:38:34.968, 302.17, 100, 74232, 72
2026/07/29 09:38:36.006, 301.88, 100, 74232, 72
2026/07/29 09:38:37.044, 301.48, 100, 74232, 72
2026/07/29 09:38:38.083, 302.14, 100, 74232, 72
2026/07/29 09:38:39.120, 302.24, 100, 74232, 72
2026/07/29 09:38:40.158, 303.33, 100, 74232, 72
2026/07/29 09:38:41.196, 301.77, 100, 74232, 72
2026/07/29 09:38:42.234, 304.86, 100, 74232, 72
2026/07/29 09:38:43.271, 301.60, 100, 74232, 72
2026/07/29 09:38:44.314, 295.10, 100, 74232, 72
2026/07/29 09:38:45.354, 294.42, 100, 74232, 72
2026/07/29 09:38:46.391, 294.01, 100, 74232, 72
2026/07/29 09:38:47.428, 294.82, 100, 74232, 72
2026/07/29 09:38:48.466, 296.55, 100, 74232, 72
2026/07/29 09:38:49.503, 293.83, 100, 74232, 72
2026/07/29 09:38:50.542, 294.82, 100, 74232, 72
2026/07/29 09:38:51.579, 294.59, 100, 74232, 72
2026/07/29 09:38:52.617, 290.84, 100, 74232, 72
2026/07/29 09:38:53.655, 293.65, 100, 74232, 72
2026/07/29 09:38:54.693, 302.95, 100, 74232, 72
2026/07/29 09:38:55.731, 298.11, 100, 74232, 72
2026/07/29 09:38:56.768, 302.09, 100, 74232, 72
2026/07/29 09:38:57.808, 302.16, 100, 74232, 72
2026/07/29 09:38:58.845, 302.70, 100, 74232, 72
2026/07/29 09:38:59.883, 302.17, 100, 74232, 72
2026/07/29 09:39:00.921, 300.98, 100, 74232, 72
2026/07/29 09:39:01.959, 301.75, 100, 74232, 72
2026/07/29 09:39:02.997, 302.93, 100, 74232, 72
2026/07/29 09:39:04.035, 302.57, 100, 74232, 72
2026/07/29 09:39:05.072, 302.06, 100, 74232, 72
2026/07/29 09:39:06.111, 301.41, 100, 74232, 72
2026/07/29 09:39:07.148, 301.77, 100, 74232, 72
2026/07/29 09:39:08.186, 296.25, 100, 74232, 72
2026/07/29 09:39:09.224, 296.66, 100, 74232, 72
2026/07/29 09:39:10.262, 302.25, 100, 74232, 72
2026/07/29 09:39:11.300, 294.50, 100, 74232, 72
2026/07/29 09:39:12.338, 294.51, 100, 74232, 72
2026/07/29 09:39:13.375, 302.73, 100, 74232, 72
2026/07/29 09:39:14.413, 294.51, 100, 74232, 72
2026/07/29 09:39:15.451, 295.78, 100, 74232, 72
2026/07/29 09:39:16.489, 293.55, 100, 74232, 72
2026/07/29 09:39:17.527, 294.05, 100, 74232, 72
2026/07/29 09:39:18.565, 293.35, 100, 74232, 72
2026/07/29 09:39:19.603, 297.43, 100, 74232, 72
2026/07/29 09:39:20.641, 299.15, 100, 74232, 72
2026/07/29 09:39:21.679, 301.97, 100, 74232, 72
2026/07/29 09:39:22.716, 302.06, 100, 74232, 72
2026/07/29 09:39:23.754, 301.38, 100, 74232, 72
2026/07/29 09:39:24.791, 301.97, 100, 74232, 72
2026/07/29 09:39:25.829, 304.49, 100, 74232, 72
2026/07/29 09:39:26.867, 296.35, 100, 74232, 72
2026/07/29 09:39:27.904, 295.02, 100, 74232, 72
2026/07/29 09:39:28.942, 293.93, 100, 74232, 72
2026/07/29 09:39:29.980, 294.34, 100, 74232, 72
2026/07/29 09:39:31.021, 294.41, 100, 74232, 72
2026/07/29 09:39:32.059, 293.74, 100, 74232, 72
2026/07/29 09:39:33.096, 304.86, 100, 74232, 72
2026/07/29 09:39:34.134, 301.95, 100, 74232, 72
2026/07/29 09:39:35.172, 302.36, 100, 74232, 72
2026/07/29 09:39:36.212, 294.60, 100, 74232, 72
2026/07/29 09:39:37.252, 290.85, 100, 74232, 72
2026/07/29 09:39:38.290, 295.09, 100, 74232, 72
2026/07/29 09:39:39.328, 295.75, 100, 74232, 72
2026/07/29 09:39:40.366, 99.05, 100, 74232, 70
2026/07/29 09:39:41.464, 295.56, 100, 74232, 74
2026/07/29 09:39:42.499, 292.22, 100, 74232, 73
2026/07/29 09:39:43.536, 292.98, 100, 74232, 74
2026/07/29 09:39:44.571, 294.51, 100, 74232, 73
2026/07/29 09:39:45.606, 304.14, 100, 74232, 73
2026/07/29 09:39:46.641, 282.58, 100, 74232, 74
2026/07/29 09:39:47.677, 297.43, 100, 74232, 72
2026/07/29 09:39:48.716, 297.61, 100, 74232, 72
2026/07/29 09:39:49.754, 302.67, 100, 74232, 72
2026/07/29 09:39:50.791, 297.73, 100, 74232, 72
2026/07/29 09:39:51.834, 296.73, 100, 74232, 74
2026/07/29 09:39:52.870, 293.23, 100, 74232, 74
2026/07/29 09:39:53.906, 280.03, 100, 74232, 74
2026/07/29 09:39:54.942, 297.02, 100, 74232, 74
2026/07/29 09:39:55.978, 331.62, 100, 74232, 74
2026/07/29 09:39:57.020, 295.34, 100, 74232, 74
2026/07/29 09:39:58.054, 293.08, 100, 74232, 72
2026/07/29 09:39:59.094, 293.58, 100, 74232, 72
2026/07/29 09:40:00.131, 294.02, 100, 74232, 72
2026/07/29 09:40:01.171, 294.93, 100, 74232, 72
2026/07/29 09:40:02.211, 290.64, 100, 74232, 74
2026/07/29 09:40:03.247, 294.99, 100, 74232, 74
2026/07/29 09:40:04.282, 290.84, 100, 74232, 74
2026/07/29 09:40:05.318, 280.86, 100, 74232, 74
2026/07/29 09:40:06.352, 267.31, 100, 74232, 74
2026/07/29 09:40:07.387, 319.63, 100, 74232, 75
2026/07/29 09:40:08.423, 311.45, 100, 74232, 75
2026/07/29 09:40:09.466, 294.82, 100, 74232, 73
2026/07/29 09:40:10.506, 287.53, 100, 74232, 73
2026/07/29 09:40:11.544, 296.29, 100, 74232, 73
2026/07/29 09:40:12.582, 295.30, 100, 74232, 73
2026/07/29 09:40:13.619, 298.48, 100, 74232, 73
2026/07/29 09:40:14.657, 295.38, 100, 74232, 73
2026/07/29 09:40:15.695, 291.89, 100, 74232, 73
2026/07/29 09:40:16.733, 295.77, 100, 74232, 73
2026/07/29 09:40:17.772, 298.98, 100, 74232, 73
2026/07/29 09:40:18.811, 299.83, 100, 74232, 73
2026/07/29 09:40:19.849, 302.66, 100, 74232, 73
2026/07/29 09:40:20.889, 302.43, 100, 74232, 73
2026/07/29 09:40:21.927, 303.11, 100, 74232, 73
2026/07/29 09:40:22.965, 302.75, 100, 74232, 73
2026/07/29 09:40:24.003, 292.01, 100, 74232, 73
2026/07/29 09:40:25.040, 297.02, 100, 74232, 73
2026/07/29 09:40:26.079, 302.07, 100, 74232, 73
2026/07/29 09:40:27.118, 291.33, 100, 74232, 73
2026/07/29 09:40:28.155, 295.86, 100, 74232, 73
2026/07/29 09:40:29.193, 295.57, 100, 74232, 73
2026/07/29 09:40:30.231, 295.30, 100, 74232, 73
2026/07/29 09:40:31.271, 295.12, 100, 74232, 73
2026/07/29 09:40:32.309, 301.81, 100, 74232, 73
2026/07/29 09:40:33.347, 294.81, 100, 74232, 73
2026/07/29 09:40:34.387, 295.37, 100, 74232, 73
2026/07/29 09:40:35.425, 295.83, 100, 74232, 73
2026/07/29 09:40:36.462, 302.16, 100, 74232, 73
2026/07/29 09:40:37.500, 303.21, 100, 74232, 73
2026/07/29 09:40:38.538, 300.11, 100, 74232, 73
2026/07/29 09:40:39.576, 302.73, 100, 74232, 73
2026/07/29 09:40:40.614, 303.07, 100, 74232, 73
2026/07/29 09:40:41.652, 304.00, 100, 74232, 73
2026/07/29 09:40:42.690, 294.34, 100, 74232, 73
2026/07/29 09:40:43.727, 294.59, 100, 74232, 73
2026/07/29 09:40:44.765, 298.39, 100, 74232, 73
2026/07/29 09:40:45.802, 99.90, 0, 74232, 70
2026/07/29 09:40:46.835, 274.98, 100, 74232, 72
2026/07/29 09:40:47.880, 294.03, 100, 74232, 72
2026/07/29 09:40:48.920, 288.31, 100, 74232, 72
2026/07/29 09:40:49.958, 295.47, 100, 74232, 72
2026/07/29 09:40:50.997, 294.91, 100, 74232, 72
2026/07/29 09:40:52.035, 301.00, 100, 74232, 72
2026/07/29 09:40:53.072, 300.78, 100, 74232, 72
2026/07/29 09:40:54.110, 301.56, 100, 74232, 72
2026/07/29 09:40:55.148, 299.53, 100, 74232, 72
2026/07/29 09:40:56.186, 298.88, 100, 74232, 72
2026/07/29 09:40:57.225, 299.56, 100, 74232, 72
2026/07/29 09:40:58.263, 297.16, 100, 74232, 72
2026/07/29 09:40:59.299, 300.52, 100, 74232, 72
2026/07/29 09:41:00.339, 300.11, 100, 74232, 72
2026/07/29 09:41:01.378, 302.35, 100, 74232, 72
2026/07/29 09:41:02.416, 300.70, 100, 74232, 72
2026/07/29 09:41:03.453, 300.33, 100, 74232, 72
2026/07/29 09:41:04.491, 302.05, 100, 74232, 72
2026/07/29 09:41:05.531, 298.38, 100, 74232, 72
2026/07/29 09:41:06.569, 302.72, 100, 74232, 72
2026/07/29 09:41:07.606, 301.69, 100, 74232, 72
2026/07/29 09:41:08.646, 300.89, 100, 74232, 72
2026/07/29 09:41:09.684, 302.38, 100, 74232, 72
2026/07/29 09:41:10.722, 300.41, 100, 74232, 72
2026/07/29 09:41:11.762, 295.27, 100, 74232, 72
2026/07/29 09:41:12.799, 299.86, 100, 74232, 72
2026/07/29 09:41:13.838, 288.21, 100, 74232, 72
2026/07/29 09:41:14.875, 292.15, 100, 74232, 72
2026/07/29 09:41:15.914, 290.55, 100, 74232, 72
2026/07/29 09:41:16.952, 291.99, 100, 74232, 72
2026/07/29 09:41:17.990, 292.97, 100, 74232, 72
2026/07/29 09:41:19.029, 299.83, 100, 74232, 72
2026/07/29 09:41:20.065, 300.69, 100, 74232, 72
2026/07/29 09:41:21.103, 299.10, 100, 74232, 72
2026/07/29 09:41:22.140, 299.73, 100, 74232, 72
2026/07/29 09:41:23.178, 301.68, 100, 74232, 72
2026/07/29 09:41:24.216, 299.35, 100, 74232, 72
2026/07/29 09:41:25.254, 301.28, 100, 74232, 72
2026/07/29 09:41:26.295, 299.34, 100, 74232, 72
2026/07/29 09:41:27.333, 300.25, 100, 74232, 72
2026/07/29 09:41:28.371, 300.41, 100, 74232, 72
2026/07/29 09:41:29.409, 300.51, 100, 74232, 72
2026/07/29 09:41:30.446, 299.56, 100, 74232, 72
2026/07/29 09:41:31.484, 302.44, 100, 74232, 72
2026/07/29 09:41:32.522, 300.05, 100, 74232, 72
2026/07/29 09:41:33.559, 301.00, 100, 74232, 72
2026/07/29 09:41:34.597, 300.20, 100, 74232, 72
2026/07/29 09:41:35.635, 299.46, 100, 74232, 72
2026/07/29 09:41:36.674, 301.00, 100, 74232, 72
2026/07/29 09:41:37.711, 306.81, 100, 74232, 72
2026/07/29 09:41:38.752, 301.67, 100, 74232, 72
2026/07/29 09:41:39.790, 300.61, 100, 74232, 72
2026/07/29 09:41:40.827, 301.53, 100, 74232, 72
2026/07/29 09:41:41.864, 302.23, 100, 74232, 72
2026/07/29 09:41:42.902, 299.97, 100, 74232, 72
2026/07/29 09:41:43.940, 298.96, 100, 74232, 72
2026/07/29 09:41:44.978, 301.48, 100, 74232, 72
2026/07/29 09:41:46.017, 300.45, 100, 74232, 72
2026/07/29 09:41:47.055, 300.72, 100, 74232, 72
2026/07/29 09:41:48.093, 299.14, 100, 74232, 72
2026/07/29 09:41:49.131, 296.46, 100, 74232, 72
2026/07/29 09:41:50.170, 292.37, 100, 74232, 72
2026/07/29 09:41:51.210, 296.45, 100, 74232, 72
2026/07/29 09:41:52.248, 291.41, 100, 74232, 72
2026/07/29 09:41:53.285, 292.48, 100, 74232, 72
2026/07/29 09:41:54.326, 298.73, 100, 74232, 72
2026/07/29 09:41:55.364, 300.74, 100, 74232, 72
2026/07/29 09:41:56.400, 299.45, 100, 74232, 72
2026/07/29 09:41:57.438, 300.03, 100, 74232, 72
2026/07/29 09:41:58.474, 300.82, 100, 74232, 72
2026/07/29 09:41:59.513, 301.66, 100, 74232, 72
2026/07/29 09:42:00.550, 300.46, 100, 74232, 72
2026/07/29 09:42:01.587, 300.83, 100, 74232, 72
2026/07/29 09:42:02.625, 301.39, 100, 74232, 72
2026/07/29 09:42:03.663, 301.01, 100, 74232, 72
2026/07/29 09:42:04.701, 300.14, 100, 74232, 72
2026/07/29 09:42:05.740, 301.69, 100, 74232, 72
2026/07/29 09:42:06.777, 300.03, 100, 74232, 72
2026/07/29 09:42:07.816, 296.05, 100, 74232, 72
2026/07/29 09:42:08.854, 302.55, 100, 74232, 74
2026/07/29 09:42:09.890, 292.29, 100, 74232, 74
2026/07/29 09:42:10.925, 293.34, 100, 74232, 74
2026/07/29 09:42:11.963, 294.73, 100, 74232, 74
2026/07/29 09:42:13.001, 304.27, 100, 74232, 74
2026/07/29 09:42:14.036, 292.98, 100, 74232, 72
2026/07/29 09:42:15.075, 294.61, 100, 74232, 72
2026/07/29 09:42:16.114, 293.74, 100, 74232, 72
2026/07/29 09:42:17.151, 291.97, 100, 74232, 74
2026/07/29 09:42:18.188, 291.95, 100, 74232, 74
2026/07/29 09:42:19.227, 299.87, 100, 74232, 74
2026/07/29 09:42:20.263, 292.08, 100, 74232, 74
2026/07/29 09:42:21.299, 312.48, 100, 74232, 74
2026/07/29 09:42:22.339, 287.62, 100, 74232, 74
2026/07/29 09:42:23.375, 302.24, 100, 74232, 73
2026/07/29 09:42:24.413, 301.57, 100, 74232, 73
2026/07/29 09:42:25.451, 301.86, 100, 74232, 73
2026/07/29 09:42:26.490, 302.75, 100, 74232, 73
2026/07/29 09:42:27.528, 303.33, 100, 74232, 73
2026/07/29 09:42:28.565, 300.89, 100, 74232, 73
2026/07/29 09:42:29.604, 302.24, 100, 74232, 73
2026/07/29 09:42:30.642, 305.55, 100, 74232, 73
2026/07/29 09:42:31.679, 294.11, 100, 74232, 73
2026/07/29 09:42:32.716, 291.62, 100, 74232, 73
2026/07/29 09:42:33.753, 295.39, 100, 74232, 73
2026/07/29 09:42:34.791, 300.90, 100, 74232, 73
2026/07/29 09:42:35.827, 302.43, 100, 74232, 73
2026/07/29 09:42:36.865, 300.16, 100, 74232, 73
2026/07/29 09:42:37.902, 295.01, 100, 74232, 73
2026/07/29 09:42:38.940, 295.59, 100, 74232, 73
2026/07/29 09:42:39.978, 294.61, 100, 74232, 73
2026/07/29 09:42:41.017, 294.41, 100, 74232, 73
2026/07/29 09:42:42.055, 293.93, 100, 74232, 73
2026/07/29 09:42:43.092, 295.00, 100, 74232, 73
2026/07/29 09:42:44.132, 294.91, 100, 74232, 73
2026/07/29 09:42:45.170, 302.16, 100, 74232, 73
2026/07/29 09:42:46.210, 298.59, 100, 74232, 73
2026/07/29 09:42:47.248, 300.21, 100, 74232, 73
2026/07/29 09:42:48.285, 302.01, 100, 74232, 73
2026/07/29 09:42:49.323, 302.87, 100, 74232, 72
2026/07/29 09:42:50.360, 301.88, 100, 74232, 72
2026/07/29 09:42:51.398, 300.78, 100, 74232, 72
2026/07/29 09:42:52.436, 302.25, 100, 74232, 72
2026/07/29 09:42:53.474, 301.70, 100, 74232, 72
2026/07/29 09:42:54.511, 295.31, 100, 74232, 72
2026/07/29 09:42:55.550, 296.00, 100, 74232, 72
2026/07/29 09:42:56.588, 301.99, 100, 74232, 72
2026/07/29 09:42:57.626, 297.43, 100, 74232, 72
2026/07/29 09:42:58.664, 302.34, 100, 74232, 72
2026/07/29 09:42:59.702, 301.43, 100, 74232, 72
2026/07/29 09:43:00.739, 294.51, 100, 74232, 72
2026/07/29 09:43:01.777, 294.51, 100, 74232, 72
2026/07/29 09:43:02.815, 303.62, 100, 74232, 72
2026/07/29 09:43:03.857, 289.95, 100, 74232, 72
2026/07/29 09:43:04.895, 290.27, 100, 74232, 72
2026/07/29 09:43:05.932, 291.92, 100, 74232, 72
2026/07/29 09:43:06.970, 293.44, 100, 74232, 72
2026/07/29 09:43:08.009, 301.90, 100, 74232, 72
2026/07/29 09:43:09.047, 299.65, 100, 74232, 72
2026/07/29 09:43:10.089, 299.93, 100, 74232, 72
2026/07/29 09:43:11.127, 301.39, 100, 74232, 72
2026/07/29 09:43:12.164, 301.08, 100, 74232, 72
2026/07/29 09:43:13.203, 301.49, 100, 74232, 72
2026/07/29 09:43:14.241, 294.89, 100, 74232, 72
2026/07/29 09:43:15.279, 296.34, 100, 74232, 72
2026/07/29 09:43:16.316, 302.16, 100, 74232, 72
2026/07/29 09:43:17.357, 301.76, 100, 74232, 72
2026/07/29 09:43:18.395, 301.76, 100, 74232, 72
2026/07/29 09:43:19.433, 302.18, 100, 74232, 72
2026/07/29 09:43:20.472, 293.17, 100, 74232, 72
2026/07/29 09:43:21.509, 293.65, 100, 74232, 72
2026/07/29 09:43:22.546, 295.39, 100, 74232, 72
2026/07/29 09:43:23.584, 293.55, 100, 74232, 72
2026/07/29 09:43:24.621, 291.04, 100, 74232, 72
2026/07/29 09:43:25.658, 297.61, 100, 74232, 72
2026/07/29 09:43:26.694, 295.49, 100, 74232, 72
2026/07/29 09:43:27.732, 302.92, 100, 74232, 72
2026/07/29 09:43:28.770, 301.46, 100, 74232, 72
2026/07/29 09:43:29.814, 302.86, 100, 74232, 72
2026/07/29 09:43:30.854, 296.07, 100, 74232, 72
2026/07/29 09:43:31.891, 300.71, 100, 74232, 72
2026/07/29 09:43:32.930, 302.19, 100, 74232, 72
2026/07/29 09:43:33.968, 301.09, 100, 74232, 72
2026/07/29 09:43:35.006, 301.28, 100, 74232, 72
2026/07/29 09:43:36.046, 301.18, 100, 74232, 72
2026/07/29 09:43:37.083, 294.70, 100, 74232, 72
2026/07/29 09:43:38.121, 302.18, 100, 74232, 72
2026/07/29 09:43:39.160, 301.02, 100, 74232, 72
2026/07/29 09:43:40.197, 293.36, 100, 74232, 72
2026/07/29 09:43:41.235, 293.46, 100, 74232, 72
2026/07/29 09:43:42.275, 301.58, 100, 74232, 72
2026/07/29 09:43:43.312, 298.59, 100, 74232, 72
2026/07/29 09:43:44.349, 304.19, 100, 74232, 72
2026/07/29 09:43:45.388, 300.24, 100, 74232, 72
2026/07/29 09:43:46.425, 293.45, 100, 74232, 72
2026/07/29 09:43:47.462, 292.87, 100, 74232, 72
2026/07/29 09:43:48.503, 295.68, 100, 74232, 72
2026/07/29 09:43:49.541, 292.99, 100, 74232, 72
2026/07/29 09:43:50.581, 292.00, 100, 74232, 72
2026/07/29 09:43:51.623, 292.87, 100, 74232, 72
2026/07/29 09:43:52.661, 301.89, 100, 74232, 72
2026/07/29 09:43:53.698, 300.91, 100, 74232, 72
2026/07/29 09:43:54.736, 301.19, 100, 74232, 72
2026/07/29 09:43:55.773, 301.58, 100, 74232, 72
2026/07/29 09:43:56.811, 301.86, 100, 74232, 72
2026/07/29 09:43:57.848, 301.95, 100, 74232, 72
2026/07/29 09:43:58.885, 301.02, 100, 74232, 72
2026/07/29 09:43:59.923, 302.11, 100, 74232, 72
2026/07/29 09:44:00.961, 301.68, 100, 74232, 72
2026/07/29 09:44:01.999, 301.59, 100, 74232, 72
2026/07/29 09:44:03.036, 303.32, 100, 74232, 72
2026/07/29 09:44:04.074, 301.19, 100, 74232, 72
2026/07/29 09:44:05.112, 301.02, 100, 74232, 72
2026/07/29 09:44:06.149, 292.87, 100, 74232, 72
2026/07/29 09:44:07.187, 290.34, 100, 74232, 72
2026/07/29 09:44:08.224, 296.16, 100, 74232, 72
2026/07/29 09:44:09.262, 293.05, 100, 74232, 72
2026/07/29 09:44:10.299, 295.09, 100, 74232, 72
2026/07/29 09:44:11.337, 292.96, 100, 74232, 72
2026/07/29 09:44:12.375, 301.58, 100, 74232, 72
2026/07/29 09:44:13.413, 301.09, 100, 74232, 72
2026/07/29 09:44:14.454, 300.62, 100, 74232, 72
2026/07/29 09:44:15.492, 301.12, 100, 74232, 72
2026/07/29 09:44:16.528, 301.67, 100, 74232, 72
2026/07/29 09:44:17.566, 300.55, 100, 74232, 72
2026/07/29 09:44:18.604, 301.49, 100, 74232, 72
2026/07/29 09:44:19.641, 301.70, 100, 74232, 72
2026/07/29 09:44:20.678, 301.87, 100, 74232, 72
2026/07/29 09:44:21.716, 301.51, 100, 74232, 72
2026/07/29 09:44:22.752, 300.44, 100, 74232, 72
2026/07/29 09:44:23.790, 301.89, 100, 74232, 72
2026/07/29 09:44:24.827, 301.30, 100, 74232, 72
2026/07/29 09:44:25.864, 301.71, 100, 74232, 72
2026/07/29 09:44:26.902, 301.33, 100, 74232, 72
2026/07/29 09:44:27.940, 300.52, 100, 74232, 72
2026/07/29 09:44:28.977, 301.49, 100, 74232, 72
2026/07/29 09:44:30.017, 302.15, 100, 74232, 72
2026/07/29 09:44:31.055, 304.68, 100, 74232, 72
2026/07/29 09:44:32.092, 290.14, 100, 74232, 72
2026/07/29 09:44:33.129, 293.65, 100, 74232, 72
2026/07/29 09:44:34.166, 290.26, 100, 74232, 72
2026/07/29 09:44:35.203, 297.05, 100, 74232, 72
2026/07/29 09:44:36.241, 298.51, 100, 74232, 72
2026/07/29 09:44:37.279, 294.40, 100, 74232, 72
2026/07/29 09:44:38.317, 293.65, 100, 74232, 72
2026/07/29 09:44:39.358, 303.27, 100, 74232, 72
2026/07/29 09:44:40.396, 297.71, 100, 74232, 72
2026/07/29 09:44:41.434, 301.68, 100, 74232, 72
2026/07/29 09:44:42.473, 300.89, 100, 74232, 72
2026/07/29 09:44:43.511, 302.58, 100, 74232, 72
2026/07/29 09:44:44.548, 300.85, 100, 74232, 72
2026/07/29 09:44:45.587, 302.18, 100, 74232, 72
2026/07/29 09:44:46.624, 300.93, 100, 74232, 72
2026/07/29 09:44:47.661, 300.81, 100, 74232, 72
2026/07/29 09:44:48.699, 301.39, 100, 74232, 72
2026/07/29 09:44:49.736, 300.96, 100, 74232, 72
2026/07/29 09:44:50.774, 302.30, 100, 74232, 72
2026/07/29 09:44:51.810, 302.38, 100, 74232, 72
2026/07/29 09:44:52.851, 301.01, 100, 74232, 72
2026/07/29 09:44:53.888, 301.10, 100, 74232, 72
2026/07/29 09:44:54.926, 293.85, 100, 74232, 72
2026/07/29 09:44:55.963, 302.64, 100, 74232, 72
2026/07/29 09:44:57.003, 296.83, 100, 74232, 72
2026/07/29 09:44:58.040, 292.46, 100, 74232, 72
2026/07/29 09:44:59.078, 293.94, 100, 74232, 72
2026/07/29 09:45:00.117, 290.73, 100, 74232, 72
2026/07/29 09:45:01.160, 298.60, 100, 74232, 72
2026/07/29 09:45:02.198, 293.54, 100, 74232, 72
2026/07/29 09:45:03.238, 293.74, 100, 74232, 72
2026/07/29 09:45:04.280, 294.33, 100, 74232, 72
2026/07/29 09:45:05.318, 298.76, 100, 74232, 72
2026/07/29 09:45:06.356, 294.62, 100, 74232, 72
2026/07/29 09:45:07.396, 301.19, 100, 74232, 72
2026/07/29 09:45:08.433, 300.84, 100, 74232, 72
2026/07/29 09:45:09.471, 303.90, 100, 74232, 72
2026/07/29 09:45:10.508, 302.55, 100, 74232, 72
2026/07/29 09:45:11.546, 301.11, 100, 74232, 72
2026/07/29 09:45:12.584, 294.83, 100, 74232, 72
2026/07/29 09:45:13.622, 294.04, 100, 74232, 72
2026/07/29 09:45:14.659, 294.33, 100, 74232, 72
2026/07/29 09:45:15.696, 301.20, 100, 74232, 72
2026/07/29 09:45:16.733, 297.64, 100, 74232, 72
2026/07/29 09:45:17.771, 294.82, 100, 74232, 72
2026/07/29 09:45:18.808, 297.52, 100, 74232, 72
2026/07/29 09:45:19.847, 302.07, 100, 74232, 72
2026/07/29 09:45:20.884, 293.74, 100, 74232, 72
2026/07/29 09:45:21.921, 292.96, 100, 74232, 72
2026/07/29 09:45:22.958, 293.64, 100, 74232, 72
2026/07/29 09:45:23.996, 295.11, 100, 74232, 72
2026/07/29 09:45:25.033, 292.80, 100, 74232, 72
2026/07/29 09:45:26.070, 294.51, 100, 74232, 72
2026/07/29 09:45:27.108, 300.42, 100, 74232, 72
2026/07/29 09:45:28.145, 300.62, 100, 74232, 72
2026/07/29 09:45:29.184, 300.73, 100, 74232, 72
2026/07/29 09:45:30.223, 304.08, 100, 74232, 72
2026/07/29 09:45:31.260, 300.80, 100, 74232, 72
2026/07/29 09:45:32.299, 302.79, 100, 74232, 72
2026/07/29 09:45:33.336, 300.92, 100, 74232, 72
2026/07/29 09:45:34.373, 300.31, 100, 74232, 72
2026/07/29 09:45:35.410, 300.62, 100, 74232, 72
2026/07/29 09:45:36.449, 301.23, 100, 74232, 72
2026/07/29 09:45:37.486, 299.57, 100, 74232, 72
2026/07/29 09:45:38.523, 300.64, 100, 74232, 72
2026/07/29 09:45:39.561, 301.50, 100, 74232, 72
2026/07/29 09:45:40.598, 301.47, 100, 74232, 72
2026/07/29 09:45:41.636, 300.56, 100, 74232, 72
2026/07/29 09:45:42.674, 301.39, 100, 74232, 72
2026/07/29 09:45:43.713, 301.11, 100, 74232, 72
2026/07/29 09:45:44.751, 303.53, 100, 74232, 72
2026/07/29 09:45:45.788, 301.10, 100, 74232, 72
2026/07/29 09:45:46.831, 300.03, 100, 74232, 72
2026/07/29 09:45:47.869, 301.11, 100, 74232, 72
2026/07/29 09:45:48.907, 301.21, 100, 74232, 72
2026/07/29 09:45:49.945, 301.97, 100, 74232, 72
2026/07/29 09:45:50.983, 301.67, 100, 74232, 72
2026/07/29 09:45:52.020, 293.25, 100, 74232, 72
2026/07/29 09:45:53.058, 293.93, 100, 74232, 72
2026/07/29 09:45:54.095, 293.83, 100, 74232, 72
2026/07/29 09:45:55.135, 293.36, 100, 74232, 72
2026/07/29 09:45:56.173, 301.49, 100, 74232, 72
2026/07/29 09:45:57.210, 300.03, 100, 74232, 72
2026/07/29 09:45:58.248, 301.32, 100, 74232, 72
2026/07/29 09:45:59.285, 301.25, 100, 74232, 72
2026/07/29 09:46:00.323, 302.26, 100, 74232, 72
2026/07/29 09:46:01.360, 301.10, 100, 74232, 72
2026/07/29 09:46:02.397, 301.48, 100, 74232, 72
2026/07/29 09:46:03.435, 301.48, 100, 74232, 72
2026/07/29 09:46:04.473, 301.80, 100, 74232, 72
2026/07/29 09:46:05.514, 302.16, 100, 74232, 72
2026/07/29 09:46:06.551, 301.48, 100, 74232, 72
2026/07/29 09:46:07.588, 301.80, 100, 74232, 72
2026/07/29 09:46:08.626, 302.07, 100, 74232, 72
2026/07/29 09:46:09.664, 301.70, 100, 74232, 72
2026/07/29 09:46:10.702, 301.43, 100, 74232, 72
2026/07/29 09:46:11.738, 301.21, 100, 74232, 72
2026/07/29 09:46:12.774, 301.66, 100, 74232, 72
2026/07/29 09:46:13.812, 301.39, 100, 74232, 72
2026/07/29 09:46:14.849, 296.91, 100, 74232, 72
2026/07/29 09:46:15.889, 300.72, 100, 74232, 72
2026/07/29 09:46:16.926, 302.72, 100, 74232, 72
2026/07/29 09:46:17.964, 293.08, 100, 74232, 72
2026/07/29 09:46:19.000, 293.66, 100, 74232, 72
2026/07/29 09:46:20.038, 293.95, 100, 74232, 72
2026/07/29 09:46:21.076, 290.44, 100, 74232, 72
2026/07/29 09:46:22.113, 299.21, 100, 74232, 72
2026/07/29 09:46:23.151, 300.03, 100, 74232, 72
2026/07/29 09:46:24.189, 294.12, 100, 74232, 72
2026/07/29 09:46:25.228, 297.35, 100, 74232, 72
2026/07/29 09:46:26.266, 296.82, 100, 74232, 72
2026/07/29 09:46:27.304, 293.34, 100, 74232, 72
2026/07/29 09:46:28.342, 301.08, 100, 74232, 72
2026/07/29 09:46:29.379, 301.68, 100, 74232, 72
2026/07/29 09:46:30.421, 293.17, 100, 74232, 72
2026/07/29 09:46:31.459, 301.94, 100, 74232, 72
2026/07/29 09:46:32.496, 301.61, 100, 74232, 72
2026/07/29 09:46:33.534, 301.88, 100, 74232, 72
2026/07/29 09:46:34.571, 301.02, 100, 74232, 72
2026/07/29 09:46:35.609, 301.99, 100, 74232, 72
2026/07/29 09:46:36.647, 300.82, 100, 74232, 72
2026/07/29 09:46:37.684, 300.62, 100, 74232, 72
2026/07/29 09:46:38.722, 301.89, 100, 74232, 72
2026/07/29 09:46:39.760, 300.07, 100, 74232, 72
2026/07/29 09:46:40.798, 301.24, 100, 74232, 72
2026/07/29 09:46:41.834, 301.09, 100, 74232, 72
2026/07/29 09:46:42.871, 301.50, 100, 74232, 72
2026/07/29 09:46:43.909, 301.10, 100, 74232, 71
2026/07/29 09:46:44.947, 293.26, 100, 74232, 72
2026/07/29 09:46:45.985, 301.87, 100, 74232, 72
2026/07/29 09:46:47.023, 300.53, 100, 74232, 72
2026/07/29 09:46:48.062, 300.44, 100, 74232, 72
2026/07/29 09:46:49.100, 294.91, 100, 74232, 71
2026/07/29 09:46:50.138, 294.71, 100, 74232, 71
2026/07/29 09:46:51.174, 293.84, 100, 74232, 71
2026/07/29 09:46:52.210, 294.12, 100, 74232, 71
2026/07/29 09:46:53.248, 293.75, 100, 74232, 71
2026/07/29 09:46:54.284, 292.87, 100, 74232, 71
2026/07/29 09:46:55.322, 291.11, 100, 74232, 71
2026/07/29 09:46:56.360, 292.67, 100, 74232, 71
2026/07/29 09:46:57.402, 299.19, 100, 74232, 71
2026/07/29 09:46:58.440, 300.14, 100, 74232, 71
2026/07/29 09:46:59.478, 298.67, 100, 74232, 71
2026/07/29 09:47:00.515, 300.96, 100, 74232, 71
2026/07/29 09:47:01.552, 301.14, 100, 74232, 71
2026/07/29 09:47:02.590, 300.44, 100, 74232, 71
2026/07/29 09:47:03.627, 301.27, 100, 74232, 71
2026/07/29 09:47:04.664, 299.86, 100, 74232, 71
2026/07/29 09:47:05.702, 300.34, 100, 74232, 71
2026/07/29 09:47:06.739, 301.97, 100, 74232, 71
2026/07/29 09:47:07.780, 300.74, 100, 74232, 72
2026/07/29 09:47:08.817, 299.86, 100, 74232, 72
2026/07/29 09:47:09.855, 301.01, 100, 74232, 72
2026/07/29 09:47:10.896, 301.40, 100, 74232, 72
2026/07/29 09:47:11.933, 297.78, 100, 74232, 72
2026/07/29 09:47:12.971, 301.49, 100, 74232, 72
2026/07/29 09:47:14.010, 300.80, 100, 74232, 72
2026/07/29 09:47:15.046, 301.71, 100, 74232, 72
2026/07/29 09:47:16.085, 301.14, 100, 74232, 72
2026/07/29 09:47:17.122, 97.74, 0, 74232, 68
2026/07/29 09:47:18.156, 304.46, 100, 74232, 73
2026/07/29 09:47:19.194, 297.82, 100, 74232, 73
2026/07/29 09:47:20.231, 287.65, 100, 74232, 73
2026/07/29 09:47:21.266, 270.14, 100, 74232, 73
2026/07/29 09:47:22.301, 306.60, 100, 74232, 73
2026/07/29 09:47:23.338, 310.78, 100, 74232, 71
2026/07/29 09:47:24.382, 292.48, 100, 74232, 71
2026/07/29 09:47:25.420, 299.01, 100, 74232, 71
2026/07/29 09:47:26.458, 299.97, 100, 74232, 72
2026/07/29 09:47:27.495, 299.58, 100, 74232, 72
2026/07/29 09:47:28.533, 296.27, 100, 74232, 72
2026/07/29 09:47:29.573, 301.38, 100, 74232, 72
2026/07/29 09:47:30.610, 300.90, 100, 74232, 72
2026/07/29 09:47:31.646, 301.59, 100, 74232, 72
2026/07/29 09:47:32.685, 300.79, 100, 74232, 72
2026/07/29 09:47:33.722, 300.03, 100, 74232, 72
2026/07/29 09:47:34.759, 302.44, 100, 74232, 72
2026/07/29 09:47:35.797, 301.88, 100, 74232, 72
2026/07/29 09:47:36.834, 292.30, 100, 74232, 72
2026/07/29 09:47:37.872, 292.88, 100, 74232, 72
2026/07/29 09:47:38.909, 289.20, 100, 74232, 72
2026/07/29 09:47:39.946, 290.08, 100, 74232, 72
2026/07/29 09:47:40.983, 293.76, 100, 74232, 72
2026/07/29 09:47:42.022, 293.26, 100, 74232, 72
2026/07/29 09:47:43.059, 293.94, 100, 74232, 72
2026/07/29 09:47:44.103, 300.04, 100, 74232, 72
2026/07/29 09:47:45.141, 295.30, 100, 74232, 72
2026/07/29 09:47:46.178, 301.98, 100, 74232, 72
2026/07/29 09:47:47.217, 300.33, 100, 74232, 72
2026/07/29 09:47:48.255, 301.03, 100, 74232, 72
2026/07/29 09:47:49.293, 303.70, 100, 74232, 72
2026/07/29 09:47:50.330, 301.04, 100, 74232, 72
2026/07/29 09:47:51.368, 302.35, 100, 74232, 72
2026/07/29 09:47:52.405, 301.38, 100, 74232, 72
2026/07/29 09:47:53.442, 302.56, 100, 74232, 72
2026/07/29 09:47:54.479, 300.82, 100, 74232, 72
2026/07/29 09:47:55.517, 300.81, 100, 74232, 72
2026/07/29 09:47:56.554, 303.52, 100, 74232, 72
2026/07/29 09:47:57.591, 301.01, 100, 74232, 72
2026/07/29 09:47:58.629, 300.06, 100, 74232, 72
2026/07/29 09:47:59.666, 301.68, 100, 74232, 72
2026/07/29 09:48:00.705, 300.12, 100, 74232, 72
2026/07/29 09:48:01.742, 301.61, 100, 74232, 72
2026/07/29 09:48:02.779, 300.60, 100, 74232, 72
2026/07/29 09:48:03.817, 300.98, 100, 74232, 72
2026/07/29 09:48:04.857, 302.29, 100, 74232, 72
2026/07/29 09:48:05.894, 300.62, 100, 74232, 72
2026/07/29 09:48:06.931, 302.07, 100, 74232, 72
2026/07/29 09:48:07.969, 301.28, 100, 74232, 72
2026/07/29 09:48:09.007, 299.85, 100, 74232, 72
2026/07/29 09:48:10.046, 301.55, 100, 74232, 72
2026/07/29 09:48:11.084, 301.42, 100, 74232, 72
2026/07/29 09:48:12.120, 300.89, 100, 74232, 72
2026/07/29 09:48:13.157, 301.68, 100, 74232, 72
2026/07/29 09:48:14.193, 295.48, 100, 74232, 72
2026/07/29 09:48:15.233, 296.55, 100, 74232, 72
2026/07/29 09:48:16.271, 292.30, 100, 74232, 72
2026/07/29 09:48:17.308, 292.09, 100, 74232, 72
2026/07/29 09:48:18.346, 296.38, 100, 74232, 72
2026/07/29 09:48:19.383, 301.03, 100, 74232, 72
2026/07/29 09:48:20.420, 301.68, 100, 74232, 72
2026/07/29 09:48:21.459, 300.72, 100, 74232, 72
2026/07/29 09:48:22.498, 290.93, 100, 74232, 71
2026/07/29 09:48:23.536, 293.15, 100, 74232, 71
2026/07/29 09:48:24.573, 292.88, 100, 74232, 71
2026/07/29 09:48:25.611, 300.91, 100, 74232, 72
2026/07/29 09:48:26.648, 301.01, 100, 74232, 72
2026/07/29 09:48:27.686, 302.08, 100, 74232, 72
2026/07/29 09:48:28.723, 300.98, 100, 74232, 72
2026/07/29 09:48:29.760, 301.58, 100, 74232, 72
2026/07/29 09:48:30.797, 303.42, 100, 74232, 72
2026/07/29 09:48:31.835, 301.38, 100, 74232, 72
2026/07/29 09:48:32.873, 300.14, 100, 74232, 72
2026/07/29 09:48:33.910, 300.03, 100, 74232, 72
2026/07/29 09:48:34.947, 300.54, 100, 74232, 72
2026/07/29 09:48:35.984, 301.39, 100, 74232, 72
2026/07/29 09:48:37.022, 301.32, 100, 74232, 72
2026/07/29 09:48:38.061, 300.07, 100, 74232, 72
2026/07/29 09:48:39.098, 292.88, 100, 74232, 71
2026/07/29 09:48:40.136, 293.07, 100, 74232, 71
2026/07/29 09:48:41.174, 292.76, 100, 74232, 71
2026/07/29 09:48:42.212, 292.87, 100, 74232, 71
2026/07/29 09:48:43.251, 292.39, 100, 74232, 71
2026/07/29 09:48:44.289, 293.27, 100, 74232, 72
2026/07/29 09:48:45.327, 300.43, 100, 74232, 72
2026/07/29 09:48:46.367, 296.95, 100, 74232, 72
2026/07/29 09:48:47.405, 294.81, 100, 74232, 72
2026/07/29 09:48:48.444, 297.32, 100, 74232, 72
2026/07/29 09:48:49.481, 296.85, 100, 74232, 72
2026/07/29 09:48:50.526, 300.82, 100, 74232, 72
2026/07/29 09:48:51.564, 299.77, 100, 74232, 72
2026/07/29 09:48:52.601, 300.89, 100, 74232, 72
2026/07/29 09:48:53.639, 302.74, 100, 74232, 72
2026/07/29 09:48:54.676, 299.83, 100, 74232, 72
2026/07/29 09:48:55.712, 299.54, 100, 74232, 72
2026/07/29 09:48:56.749, 300.52, 100, 74232, 72
2026/07/29 09:48:57.786, 300.56, 100, 74232, 72
2026/07/29 09:48:58.825, 300.73, 100, 74232, 72
2026/07/29 09:48:59.863, 301.18, 100, 74232, 72
2026/07/29 09:49:00.900, 300.22, 100, 74232, 72
2026/07/29 09:49:01.937, 300.43, 100, 74232, 72
2026/07/29 09:49:02.974, 302.39, 100, 74232, 72
2026/07/29 09:49:04.011, 299.39, 100, 74232, 72
2026/07/29 09:49:05.048, 302.84, 100, 74232, 72
2026/07/29 09:49:06.091, 300.52, 100, 74232, 72
2026/07/29 09:49:07.129, 301.88, 100, 74232, 72
2026/07/29 09:49:08.166, 293.06, 100, 74232, 71
2026/07/29 09:49:09.205, 300.43, 100, 74232, 72
2026/07/29 09:49:10.244, 300.90, 100, 74232, 72
2026/07/29 09:49:11.281, 300.92, 100, 74232, 72
2026/07/29 09:49:12.318, 300.24, 100, 74232, 72
2026/07/29 09:49:13.355, 300.32, 100, 74232, 72
2026/07/29 09:49:14.394, 299.74, 100, 74232, 72
2026/07/29 09:49:15.432, 300.23, 100, 74232, 72
2026/07/29 09:49:16.469, 300.90, 100, 74232, 72
2026/07/29 09:49:17.506, 298.69, 100, 74232, 71
2026/07/29 09:49:18.544, 298.28, 100, 74232, 71
2026/07/29 09:49:19.583, 299.10, 100, 74232, 71
2026/07/29 09:49:20.620, 297.80, 100, 74232, 71
2026/07/29 09:49:21.657, 302.06, 100, 74232, 72
2026/07/29 09:49:22.694, 296.28, 100, 74232, 71
2026/07/29 09:49:23.732, 300.12, 100, 74232, 71
2026/07/29 09:49:24.770, 300.12, 100, 74232, 72
2026/07/29 09:49:25.808, 301.86, 100, 74232, 72
2026/07/29 09:49:26.846, 300.85, 100, 74232, 72
2026/07/29 09:49:27.883, 300.74, 100, 74232, 72
2026/07/29 09:49:28.919, 301.00, 100, 74232, 72
2026/07/29 09:49:29.956, 300.22, 100, 74232, 72
2026/07/29 09:49:30.993, 299.56, 100, 74232, 72
2026/07/29 09:49:32.031, 301.38, 100, 74232, 72
2026/07/29 09:49:33.068, 300.43, 100, 74232, 72
2026/07/29 09:49:34.104, 300.71, 100, 74232, 72
2026/07/29 09:49:35.141, 300.92, 100, 74232, 72
2026/07/29 09:49:36.179, 299.91, 100, 74232, 72
2026/07/29 09:49:37.217, 300.54, 100, 74232, 72
2026/07/29 09:49:38.255, 300.52, 100, 74232, 71
2026/07/29 09:49:39.295, 289.66, 100, 74232, 71
2026/07/29 09:49:40.334, 288.89, 100, 74232, 71
2026/07/29 09:49:41.372, 292.29, 100, 74232, 71
2026/07/29 09:49:42.414, 296.95, 100, 74232, 71
2026/07/29 09:49:43.453, 292.38, 100, 74232, 71
2026/07/29 09:49:44.491, 298.87, 100, 74232, 71
2026/07/29 09:49:45.529, 300.54, 100, 74232, 71
2026/07/29 09:49:46.567, 298.00, 100, 74232, 71
2026/07/29 09:49:47.604, 301.96, 100, 74232, 72
2026/07/29 09:49:48.642, 297.24, 100, 74232, 71
2026/07/29 09:49:49.679, 301.14, 100, 74232, 72
2026/07/29 09:49:50.717, 300.23, 100, 74232, 72
2026/07/29 09:49:51.754, 300.64, 100, 74232, 72
2026/07/29 09:49:52.791, 296.54, 100, 74232, 71
2026/07/29 09:49:53.828, 300.23, 100, 74232, 72
2026/07/29 09:49:54.865, 302.15, 100, 74232, 72
2026/07/29 09:49:55.902, 299.93, 100, 74232, 72
2026/07/29 09:49:56.938, 299.84, 100, 74232, 72
2026/07/29 09:49:57.976, 300.22, 100, 74232, 72
2026/07/29 09:49:59.014, 301.81, 100, 74232, 72
2026/07/29 09:50:00.052, 300.33, 100, 74232, 72
2026/07/29 09:50:01.090, 302.63, 100, 74232, 72
2026/07/29 09:50:02.127, 300.52, 100, 74232, 72
2026/07/29 09:50:03.165, 302.07, 100, 74232, 72
2026/07/29 09:50:04.202, 300.82, 100, 74232, 72
2026/07/29 09:50:05.242, 300.06, 100, 74232, 72
2026/07/29 09:50:06.281, 300.71, 100, 74232, 72
2026/07/29 09:50:07.318, 296.46, 100, 74232, 71
2026/07/29 09:50:08.356, 300.61, 100, 74232, 71
2026/07/29 09:50:09.392, 294.24, 100, 74232, 71
2026/07/29 09:50:10.428, 293.27, 100, 74232, 71
2026/07/29 09:50:11.465, 293.45, 100, 74232, 71
2026/07/29 09:50:12.503, 292.30, 100, 74232, 71
2026/07/29 09:50:13.544, 293.55, 100, 74232, 71
2026/07/29 09:50:14.582, 292.95, 100, 74232, 71
2026/07/29 09:50:15.619, 301.22, 100, 74232, 72
2026/07/29 09:50:16.656, 300.43, 100, 74232, 72
2026/07/29 09:50:17.693, 298.59, 100, 74232, 72
2026/07/29 09:50:18.734, 293.46, 100, 74232, 72
2026/07/29 09:50:19.771, 301.97, 100, 74232, 72
2026/07/29 09:50:20.809, 301.19, 100, 74232, 72
2026/07/29 09:50:21.847, 293.35, 100, 74232, 72
2026/07/29 09:50:22.884, 292.58, 100, 74232, 72
2026/07/29 09:50:23.922, 289.00, 100, 74232, 72
2026/07/29 09:50:24.959, 293.27, 100, 74232, 72
2026/07/29 09:50:25.999, 294.14, 100, 74232, 72
2026/07/29 09:50:27.038, 301.80, 100, 74232, 72
2026/07/29 09:50:28.076, 301.20, 100, 74232, 72
2026/07/29 09:50:29.114, 293.07, 100, 74232, 72
2026/07/29 09:50:30.152, 301.39, 100, 74232, 72
2026/07/29 09:50:31.190, 294.32, 100, 74232, 72
2026/07/29 09:50:32.228, 293.07, 100, 74232, 72
2026/07/29 09:50:33.265, 295.40, 100, 74232, 72
2026/07/29 09:50:34.302, 293.95, 100, 74232, 72
2026/07/29 09:50:35.339, 301.59, 100, 74232, 72
2026/07/29 09:50:36.377, 293.17, 100, 74232, 72
2026/07/29 09:50:37.415, 302.08, 100, 74232, 72
2026/07/29 09:50:38.455, 294.41, 100, 74232, 72
2026/07/29 09:50:39.494, 301.40, 100, 74232, 72
2026/07/29 09:50:40.531, 301.10, 100, 74232, 72
2026/07/29 09:50:41.570, 301.20, 100, 74232, 72
2026/07/29 09:50:42.608, 302.36, 100, 74232, 72
2026/07/29 09:50:43.644, 302.84, 100, 74232, 72
2026/07/29 09:50:44.682, 302.18, 100, 74232, 72
2026/07/29 09:50:45.720, 302.01, 100, 74232, 72
2026/07/29 09:50:46.758, 301.39, 100, 74232, 72
2026/07/29 09:50:47.796, 290.14, 100, 74232, 72
2026/07/29 09:50:48.834, 294.99, 100, 74232, 72
2026/07/29 09:50:49.872, 293.64, 100, 74232, 72
2026/07/29 09:50:50.909, 293.25, 100, 74232, 72
2026/07/29 09:50:51.952, 293.86, 100, 74232, 72
2026/07/29 09:50:52.997, 292.96, 100, 74232, 72
2026/07/29 09:50:54.034, 301.09, 100, 74232, 72
2026/07/29 09:50:55.072, 302.55, 100, 74232, 72
2026/07/29 09:50:56.113, 300.62, 100, 74232, 72
2026/07/29 09:50:57.150, 302.17, 100, 74232, 72
2026/07/29 09:50:58.188, 301.58, 100, 74232, 72
2026/07/29 09:50:59.225, 301.48, 100, 74232, 72
2026/07/29 09:51:00.263, 302.55, 100, 74232, 72
2026/07/29 09:51:01.301, 294.24, 100, 74232, 72
2026/07/29 09:51:02.342, 293.75, 100, 74232, 72
2026/07/29 09:51:03.379, 293.81, 100, 74232, 72
2026/07/29 09:51:04.417, 293.66, 100, 74232, 72
2026/07/29 09:51:05.454, 292.88, 100, 74232, 72
2026/07/29 09:51:06.493, 293.75, 100, 74232, 72
2026/07/29 09:51:07.532, 299.56, 100, 74232, 72
2026/07/29 09:51:08.568, 301.59, 100, 74232, 72
2026/07/29 09:51:09.607, 300.99, 100, 74232, 72
2026/07/29 09:51:10.643, 301.58, 100, 74232, 72
2026/07/29 09:51:11.682, 303.98, 100, 74232, 72
2026/07/29 09:51:12.719, 301.21, 100, 74232, 72
2026/07/29 09:51:13.756, 301.02, 100, 74232, 72
2026/07/29 09:51:14.794, 291.41, 100, 74232, 72
2026/07/29 09:51:15.832, 290.14, 100, 74232, 72
2026/07/29 09:51:16.870, 298.10, 100, 74232, 72
2026/07/29 09:51:17.907, 300.73, 100, 74232, 72
2026/07/29 09:51:18.948, 301.37, 100, 74232, 72
2026/07/29 09:51:19.986, 301.32, 100, 74232, 72
2026/07/29 09:51:21.025, 298.22, 100, 74232, 72
2026/07/29 09:51:22.063, 301.40, 100, 74232, 72
2026/07/29 09:51:23.100, 302.87, 100, 74232, 72
2026/07/29 09:51:24.141, 302.34, 100, 74232, 72
2026/07/29 09:51:25.180, 301.43, 100, 74232, 72
2026/07/29 09:51:26.218, 301.96, 100, 74232, 72
2026/07/29 09:51:27.256, 294.03, 100, 74232, 72
2026/07/29 09:51:28.295, 290.56, 100, 74232, 72
2026/07/29 09:51:29.333, 290.25, 100, 74232, 72
2026/07/29 09:51:30.372, 295.40, 100, 74232, 72
2026/07/29 09:51:31.409, 299.96, 100, 74232, 72
2026/07/29 09:51:32.447, 294.72, 100, 74232, 72
2026/07/29 09:51:33.484, 298.53, 100, 74232, 72
2026/07/29 09:51:34.523, 298.10, 100, 74232, 72
2026/07/29 09:51:35.561, 301.60, 100, 74232, 72
2026/07/29 09:51:36.599, 301.96, 100, 74232, 72
2026/07/29 09:51:37.639, 304.96, 100, 74232, 72
2026/07/29 09:51:38.677, 302.29, 100, 74232, 72
2026/07/29 09:51:39.715, 302.16, 100, 74232, 72
2026/07/29 09:51:40.753, 303.42, 100, 74232, 72
2026/07/29 09:51:41.792, 300.92, 100, 74232, 72
2026/07/29 09:51:42.829, 304.67, 100, 74232, 72
2026/07/29 09:51:43.867, 302.36, 100, 74232, 72
2026/07/29 09:51:44.905, 303.51, 100, 74232, 72
2026/07/29 09:51:45.943, 296.37, 100, 74232, 72
2026/07/29 09:51:46.980, 302.47, 100, 74232, 72
2026/07/29 09:51:48.019, 294.55, 100, 74232, 72
2026/07/29 09:51:49.057, 294.22, 100, 74232, 72
2026/07/29 09:51:50.095, 289.86, 100, 74232, 72
2026/07/29 09:51:51.133, 294.14, 100, 74232, 72
2026/07/29 09:51:52.171, 294.12, 100, 74232, 72
2026/07/29 09:51:53.210, 293.64, 100, 74232, 72
2026/07/29 09:51:54.249, 294.13, 100, 74232, 72
2026/07/29 09:51:55.286, 301.63, 100, 74232, 72
2026/07/29 09:51:56.324, 297.70, 100, 74232, 72
2026/07/29 09:51:57.361, 302.38, 100, 74232, 72
2026/07/29 09:51:58.400, 302.26, 100, 74232, 72
2026/07/29 09:51:59.438, 302.44, 100, 74232, 72
2026/07/29 09:52:00.476, 301.62, 100, 74232, 72
2026/07/29 09:52:01.514, 301.88, 100, 74232, 72
2026/07/29 09:52:02.553, 297.50, 100, 74232, 72
2026/07/29 09:52:03.591, 297.82, 100, 74232, 72
2026/07/29 09:52:04.629, 302.96, 100, 74232, 72
2026/07/29 09:52:05.668, 297.13, 100, 74232, 72
2026/07/29 09:52:06.706, 299.86, 100, 74232, 72
2026/07/29 09:52:07.754, 300.22, 100, 74232, 72
2026/07/29 09:52:08.793, 293.16, 100, 74232, 72
2026/07/29 09:52:09.830, 296.54, 100, 74232, 72
2026/07/29 09:52:10.876, 302.11, 100, 74232, 72
2026/07/29 09:52:11.913, 301.67, 100, 74232, 72
2026/07/29 09:52:12.951, 301.62, 100, 74232, 72
2026/07/29 09:52:13.989, 302.26, 100, 74232, 72
2026/07/29 09:52:15.026, 302.07, 100, 74232, 72
2026/07/29 09:52:16.065, 302.08, 100, 74232, 72
2026/07/29 09:52:17.103, 301.11, 100, 74232, 72
2026/07/29 09:52:18.140, 294.77, 0, 74232, 73
2026/07/29 09:52:19.175, 295.08, 100, 74232, 73
2026/07/29 09:52:20.212, 284.62, 100, 74232, 73
2026/07/29 09:52:21.248, 317.31, 100, 74232, 73
2026/07/29 09:52:22.285, 268.31, 100, 74232, 73
2026/07/29 09:52:23.320, 315.10, 100, 74232, 73
2026/07/29 09:52:24.355, 298.36, 100, 74232, 71
2026/07/29 09:52:25.393, 301.96, 100, 74232, 72
2026/07/29 09:52:26.431, 299.83, 100, 74232, 72
2026/07/29 09:52:27.468, 300.62, 100, 74232, 72
2026/07/29 09:52:28.505, 302.93, 100, 74232, 72
2026/07/29 09:52:29.542, 300.32, 100, 74232, 72
2026/07/29 09:52:30.580, 300.73, 100, 74232, 72
2026/07/29 09:52:31.619, 300.41, 100, 74232, 72
2026/07/29 09:52:32.656, 301.95, 100, 74232, 72
2026/07/29 09:52:33.693, 301.98, 100, 74232, 72
2026/07/29 09:52:34.730, 300.51, 100, 74232, 72
2026/07/29 09:52:35.767, 301.51, 100, 74232, 72
2026/07/29 09:52:36.806, 301.20, 100, 74232, 72
2026/07/29 09:52:37.842, 301.00, 100, 74232, 72
2026/07/29 09:52:38.882, 301.11, 100, 74232, 72
2026/07/29 09:52:39.920, 300.52, 100, 74232, 72
2026/07/29 09:52:40.958, 300.91, 100, 74232, 72
2026/07/29 09:52:41.997, 301.21, 100, 74232, 72
2026/07/29 09:52:43.034, 300.62, 100, 74232, 72
2026/07/29 09:52:44.071, 302.45, 100, 74232, 72
2026/07/29 09:52:45.109, 293.74, 100, 74232, 72
2026/07/29 09:52:46.147, 294.12, 100, 74232, 72
2026/07/29 09:52:47.185, 301.78, 100, 74232, 72
2026/07/29 09:52:48.223, 293.66, 100, 74232, 72
2026/07/29 09:52:49.262, 293.72, 100, 74232, 72
2026/07/29 09:52:50.299, 293.06, 100, 74232, 72
2026/07/29 09:52:51.336, 293.18, 100, 74232, 72
2026/07/29 09:52:52.375, 291.03, 100, 74232, 72
2026/07/29 09:52:53.412, 293.65, 100, 74232, 72
2026/07/29 09:52:54.454, 301.79, 100, 74232, 72
2026/07/29 09:52:55.492, 300.69, 100, 74232, 72
2026/07/29 09:52:56.529, 301.30, 100, 74232, 72
2026/07/29 09:52:57.567, 300.92, 100, 74232, 72
2026/07/29 09:52:58.607, 300.91, 100, 74232, 72
2026/07/29 09:52:59.645, 302.25, 100, 74232, 72
2026/07/29 09:53:00.683, 301.58, 100, 74232, 72
2026/07/29 09:53:01.722, 301.60, 100, 74232, 72
2026/07/29 09:53:02.759, 301.51, 100, 74232, 72
2026/07/29 09:53:03.797, 300.71, 100, 74232, 72
2026/07/29 09:53:04.835, 300.54, 100, 74232, 72
2026/07/29 09:53:05.874, 300.41, 100, 74232, 72
2026/07/29 09:53:06.912, 300.44, 100, 74232, 72
2026/07/29 09:53:07.950, 300.83, 100, 74232, 72
2026/07/29 09:53:08.987, 301.29, 100, 74232, 72
2026/07/29 09:53:10.025, 300.54, 100, 74232, 72
2026/07/29 09:53:11.063, 300.05, 100, 74232, 72
2026/07/29 09:53:12.101, 300.89, 100, 74232, 72
2026/07/29 09:53:13.138, 302.49, 100, 74232, 72
2026/07/29 09:53:14.176, 301.86, 100, 74232, 72
2026/07/29 09:53:15.214, 298.11, 100, 74232, 72
2026/07/29 09:53:16.262, 297.81, 100, 74232, 72
2026/07/29 09:53:17.300, 294.49, 100, 74232, 72
2026/07/29 09:53:18.337, 301.29, 100, 74232, 72
2026/07/29 09:53:19.379, 293.55, 100, 74232, 72
2026/07/29 09:53:20.419, 300.12, 100, 74232, 72
2026/07/29 09:53:21.457, 296.25, 100, 74232, 72
2026/07/29 09:53:22.496, 290.44, 100, 74232, 72
2026/07/29 09:53:23.534, 302.63, 100, 74232, 72
2026/07/29 09:53:24.572, 297.12, 100, 74232, 72
2026/07/29 09:53:25.612, 294.81, 100, 74232, 72
2026/07/29 09:53:26.650, 300.14, 100, 74232, 72
2026/07/29 09:53:27.688, 299.76, 100, 74232, 72
2026/07/29 09:53:28.726, 299.75, 100, 74232, 72
2026/07/29 09:53:29.763, 300.23, 100, 74232, 72
2026/07/29 09:53:30.803, 301.00, 100, 74232, 72
2026/07/29 09:53:31.841, 303.70, 100, 74232, 72
2026/07/29 09:53:32.879, 301.04, 100, 74232, 72
2026/07/29 09:53:33.919, 302.34, 100, 74232, 72
2026/07/29 09:53:34.957, 300.52, 100, 74232, 72
2026/07/29 09:53:35.995, 300.34, 100, 74232, 72
2026/07/29 09:53:37.033, 301.43, 100, 74232, 72
2026/07/29 09:53:38.071, 300.14, 100, 74232, 72
2026/07/29 09:53:39.110, 301.00, 100, 74232, 72
2026/07/29 09:53:40.148, 300.06, 100, 74232, 72
2026/07/29 09:53:41.186, 301.09, 100, 74232, 72
2026/07/29 09:53:42.223, 300.42, 100, 74232, 72
2026/07/29 09:53:43.263, 300.61, 100, 74232, 72
2026/07/29 09:53:44.300, 301.87, 100, 74232, 72
2026/07/29 09:53:45.337, 294.11, 100, 74232, 72
2026/07/29 09:53:46.374, 290.55, 100, 74232, 72
2026/07/29 09:53:47.411, 289.37, 100, 74232, 72
2026/07/29 09:53:48.448, 293.16, 100, 74232, 72
2026/07/29 09:53:49.487, 300.82, 100, 74232, 72
2026/07/29 09:53:50.524, 300.94, 100, 74232, 72
2026/07/29 09:53:51.561, 302.19, 100, 74232, 72
2026/07/29 09:53:52.598, 300.62, 100, 74232, 72
2026/07/29 09:53:53.636, 301.49, 100, 74232, 72
2026/07/29 09:53:54.674, 298.19, 100, 74232, 72
2026/07/29 09:53:55.711, 303.26, 100, 74232, 72
2026/07/29 09:53:56.748, 300.90, 100, 74232, 72
2026/07/29 09:53:57.787, 301.30, 100, 74232, 72
2026/07/29 09:53:58.825, 300.82, 100, 74232, 72
2026/07/29 09:53:59.865, 300.91, 100, 74232, 72
2026/07/29 09:54:00.903, 301.89, 100, 74232, 72
2026/07/29 09:54:01.941, 300.93, 100, 74232, 72
2026/07/29 09:54:02.979, 301.48, 100, 74232, 72
2026/07/29 09:54:04.016, 301.22, 100, 74232, 72
2026/07/29 09:54:05.054, 302.36, 100, 74232, 72
2026/07/29 09:54:06.091, 301.85, 100, 74232, 72
2026/07/29 09:54:07.128, 300.62, 100, 74232, 72
2026/07/29 09:54:08.166, 301.09, 100, 74232, 72
2026/07/29 09:54:09.203, 300.83, 100, 74232, 72
2026/07/29 09:54:10.242, 301.48, 100, 74232, 72
2026/07/29 09:54:11.279, 300.99, 100, 74232, 72
2026/07/29 09:54:12.317, 298.30, 100, 74232, 72
2026/07/29 09:54:13.357, 294.43, 100, 74232, 72
2026/07/29 09:54:14.395, 292.09, 100, 74232, 72
2026/07/29 09:54:15.433, 293.35, 100, 74232, 72
2026/07/29 09:54:16.471, 293.74, 100, 74232, 72
2026/07/29 09:54:17.509, 300.72, 100, 74232, 72
2026/07/29 09:54:18.546, 300.33, 100, 74232, 72
2026/07/29 09:54:19.584, 301.92, 100, 74232, 72
2026/07/29 09:54:20.622, 296.84, 100, 74232, 72
2026/07/29 09:54:21.660, 301.31, 100, 74232, 72
2026/07/29 09:54:22.699, 301.11, 100, 74232, 72
2026/07/29 09:54:23.735, 302.19, 100, 74232, 72
2026/07/29 09:54:24.773, 300.93, 100, 74232, 72
2026/07/29 09:54:25.809, 299.94, 100, 74232, 72
2026/07/29 09:54:26.846, 301.48, 100, 74232, 72
2026/07/29 09:54:27.884, 302.84, 100, 74232, 72
2026/07/29 09:54:28.922, 300.51, 100, 74232, 72
2026/07/29 09:54:29.961, 301.29, 100, 74232, 72
2026/07/29 09:54:30.998, 301.32, 100, 74232, 72
2026/07/29 09:54:32.035, 301.59, 100, 74232, 72
2026/07/29 09:54:33.074, 301.61, 100, 74232, 72
2026/07/29 09:54:34.110, 301.02, 100, 74232, 72
2026/07/29 09:54:35.148, 293.34, 100, 74232, 72
2026/07/29 09:54:36.187, 295.31, 100, 74232, 72
2026/07/29 09:54:37.224, 293.15, 100, 74232, 72
2026/07/29 09:54:38.263, 290.74, 100, 74232, 72
2026/07/29 09:54:39.303, 295.58, 100, 74232, 72
2026/07/29 09:54:40.341, 294.70, 100, 74232, 72
2026/07/29 09:54:41.380, 293.16, 100, 74232, 72
2026/07/29 09:54:42.419, 298.68, 100, 74232, 72
2026/07/29 09:54:43.456, 297.64, 100, 74232, 72
2026/07/29 09:54:44.494, 297.45, 100, 74232, 72
2026/07/29 09:54:45.531, 301.87, 100, 74232, 72
2026/07/29 09:54:46.570, 294.42, 100, 74232, 72
2026/07/29 09:54:47.607, 300.89, 100, 74232, 72
2026/07/29 09:54:48.645, 300.53, 100, 74232, 72
2026/07/29 09:54:49.684, 295.02, 100, 74232, 72
2026/07/29 09:54:50.724, 293.85, 100, 74232, 72
2026/07/29 09:54:51.761, 293.24, 100, 74232, 72
2026/07/29 09:54:52.799, 292.77, 100, 74232, 72
2026/07/29 09:54:53.839, 300.82, 100, 74232, 72
2026/07/29 09:54:54.876, 297.31, 100, 74232, 72
2026/07/29 09:54:55.914, 294.62, 100, 74232, 72
2026/07/29 09:54:56.951, 290.06, 100, 74232, 72
2026/07/29 09:54:57.989, 294.03, 100, 74232, 72
2026/07/29 09:54:59.027, 295.56, 100, 74232, 72
2026/07/29 09:55:00.064, 293.27, 100, 74232, 72
2026/07/29 09:55:01.103, 293.25, 100, 74232, 72
2026/07/29 09:55:02.141, 293.27, 100, 74232, 72
2026/07/29 09:55:03.178, 293.26, 100, 74232, 72
2026/07/29 09:55:04.217, 294.78, 100, 74232, 72
2026/07/29 09:55:05.253, 293.36, 100, 74232, 72
2026/07/29 09:55:06.291, 300.13, 100, 74232, 72
2026/07/29 09:55:07.327, 300.92, 100, 74232, 72
2026/07/29 09:55:08.365, 301.09, 100, 74232, 72
2026/07/29 09:55:09.403, 301.09, 100, 74232, 72
2026/07/29 09:55:10.441, 301.31, 100, 74232, 72
2026/07/29 09:55:11.481, 299.16, 100, 74232, 72
2026/07/29 09:55:12.519, 299.96, 100, 74232, 72
2026/07/29 09:55:13.557, 300.91, 100, 74232, 72
2026/07/29 09:55:14.596, 297.16, 100, 74232, 72
2026/07/29 09:55:15.634, 300.74, 100, 74232, 72
2026/07/29 09:55:16.674, 296.87, 100, 74232, 72
2026/07/29 09:55:17.712, 302.65, 100, 74232, 72
2026/07/29 09:55:18.750, 300.76, 100, 74232, 72
2026/07/29 09:55:19.789, 300.84, 100, 74232, 72
2026/07/29 09:55:20.826, 301.18, 100, 74232, 72
2026/07/29 09:55:21.864, 300.63, 100, 74232, 72
2026/07/29 09:55:22.902, 300.33, 100, 74232, 72
2026/07/29 09:55:23.939, 301.02, 100, 74232, 72
2026/07/29 09:55:24.978, 293.45, 100, 74232, 72
2026/07/29 09:55:26.015, 292.95, 100, 74232, 72
2026/07/29 09:55:27.052, 293.16, 100, 74232, 72
2026/07/29 09:55:28.089, 296.75, 100, 74232, 72
2026/07/29 09:55:29.127, 301.50, 100, 74232, 72
2026/07/29 09:55:30.164, 301.04, 100, 74232, 72
2026/07/29 09:55:31.202, 300.74, 100, 74232, 72
2026/07/29 09:55:32.239, 302.54, 100, 74232, 72
2026/07/29 09:55:33.278, 301.30, 100, 74232, 72
2026/07/29 09:55:34.315, 300.12, 100, 74232, 72
2026/07/29 09:55:35.352, 301.32, 100, 74232, 72
2026/07/29 09:55:36.390, 300.24, 100, 74232, 72
2026/07/29 09:55:37.427, 300.91, 100, 74232, 72
2026/07/29 09:55:38.465, 303.72, 100, 74232, 72
2026/07/29 09:55:39.502, 300.61, 100, 74232, 72
2026/07/29 09:55:40.542, 300.71, 100, 74232, 72
2026/07/29 09:55:41.580, 294.98, 100, 74232, 71
2026/07/29 09:55:42.619, 293.18, 100, 74232, 72
2026/07/29 09:55:43.657, 301.29, 100, 74232, 72
2026/07/29 09:55:44.695, 301.49, 100, 74232, 72
2026/07/29 09:55:45.736, 300.83, 100, 74232, 72
2026/07/29 09:55:46.775, 300.81, 100, 74232, 72
2026/07/29 09:55:47.812, 294.90, 100, 74232, 71
2026/07/29 09:55:48.852, 294.34, 100, 74232, 71
2026/07/29 09:55:49.890, 293.65, 100, 74232, 71
2026/07/29 09:55:50.928, 293.93, 100, 74232, 71
2026/07/29 09:55:51.967, 301.59, 100, 74232, 72
2026/07/29 09:55:53.004, 300.70, 100, 74232, 72
2026/07/29 09:55:54.041, 296.27, 100, 74232, 72
2026/07/29 09:55:55.079, 301.19, 100, 74232, 72
2026/07/29 09:55:56.117, 300.42, 100, 74232, 72
2026/07/29 09:55:57.156, 301.05, 100, 74232, 72
2026/07/29 09:55:58.194, 301.21, 100, 74232, 72
2026/07/29 09:55:59.232, 302.15, 100, 74232, 72
2026/07/29 09:56:00.271, 300.43, 100, 74232, 72
2026/07/29 09:56:01.309, 301.19, 100, 74232, 72
2026/07/29 09:56:02.348, 300.92, 100, 74232, 72
2026/07/29 09:56:03.386, 301.66, 100, 74232, 72
2026/07/29 09:56:04.425, 302.46, 100, 74232, 72
2026/07/29 09:56:05.465, 300.72, 100, 74232, 72
2026/07/29 09:56:06.503, 300.74, 100, 74232, 72
2026/07/29 09:56:07.540, 292.38, 100, 74232, 72
2026/07/29 09:56:08.577, 294.72, 100, 74232, 72
2026/07/29 09:56:09.618, 292.67, 100, 74232, 72
2026/07/29 09:56:10.655, 289.37, 100, 74232, 71
2026/07/29 09:56:11.692, 293.15, 100, 74232, 72
2026/07/29 09:56:12.731, 293.16, 100, 74232, 72
2026/07/29 09:56:13.773, 299.82, 100, 74232, 72
2026/07/29 09:56:14.811, 300.71, 100, 74232, 72
2026/07/29 09:56:15.848, 302.53, 100, 74232, 72
2026/07/29 09:56:16.887, 299.64, 100, 74232, 72
2026/07/29 09:56:17.926, 301.60, 100, 74232, 72
2026/07/29 09:56:18.964, 301.62, 100, 74232, 72
2026/07/29 09:56:20.002, 300.73, 100, 74232, 72
2026/07/29 09:56:21.040, 301.58, 100, 74232, 72
2026/07/29 09:56:22.077, 301.12, 100, 74232, 72
2026/07/29 09:56:23.115, 301.40, 100, 74232, 72
2026/07/29 09:56:24.153, 301.38, 100, 74232, 72
2026/07/29 09:56:25.190, 303.62, 100, 74232, 72
2026/07/29 09:56:26.227, 301.79, 100, 74232, 72
2026/07/29 09:56:27.272, 301.02, 100, 74232, 72
2026/07/29 09:56:28.313, 293.93, 100, 74232, 72
2026/07/29 09:56:29.351, 289.76, 100, 74232, 72
2026/07/29 09:56:30.389, 293.28, 100, 74232, 72
2026/07/29 09:56:31.427, 292.67, 100, 74232, 72
2026/07/29 09:56:32.464, 300.90, 100, 74232, 72
2026/07/29 09:56:33.501, 300.72, 100, 74232, 72
2026/07/29 09:56:34.539, 296.87, 100, 74232, 72
2026/07/29 09:56:35.580, 300.44, 100, 74232, 72
2026/07/29 09:56:36.617, 301.48, 100, 74232, 72
2026/07/29 09:56:37.655, 302.75, 100, 74232, 72
2026/07/29 09:56:38.695, 301.52, 100, 74232, 72
2026/07/29 09:56:39.734, 304.42, 100, 74232, 72
2026/07/29 09:56:40.772, 301.71, 100, 74232, 72
2026/07/29 09:56:41.810, 302.36, 100, 74232, 72
2026/07/29 09:56:42.847, 301.31, 100, 74232, 72
2026/07/29 09:56:43.885, 301.47, 100, 74232, 72
2026/07/29 09:56:44.922, 302.73, 100, 74232, 72
2026/07/29 09:56:45.959, 301.68, 100, 74232, 72
2026/07/29 09:56:46.997, 305.54, 100, 74232, 72
2026/07/29 09:56:48.035, 301.15, 100, 74232, 72
2026/07/29 09:56:49.073, 294.22, 100, 74232, 72
2026/07/29 09:56:50.111, 290.42, 100, 74232, 72
2026/07/29 09:56:51.152, 294.12, 100, 74232, 72
2026/07/29 09:56:52.190, 300.52, 100, 74232, 72
2026/07/29 09:56:53.227, 300.89, 100, 74232, 72
2026/07/29 09:56:54.267, 302.28, 100, 74232, 72
2026/07/29 09:56:55.305, 293.37, 100, 74232, 72
2026/07/29 09:56:56.342, 294.33, 100, 74232, 72
2026/07/29 09:56:57.380, 294.81, 100, 74232, 72
2026/07/29 09:56:58.416, 301.29, 100, 74232, 72
2026/07/29 09:56:59.454, 302.18, 100, 74232, 72
2026/07/29 09:57:00.491, 292.68, 100, 74232, 72
2026/07/29 09:57:01.530, 301.11, 100, 74232, 72
2026/07/29 09:57:02.567, 301.58, 100, 74232, 72
2026/07/29 09:57:03.607, 301.88, 100, 74232, 72
2026/07/29 09:57:04.644, 294.93, 100, 74232, 72
2026/07/29 09:57:05.683, 302.16, 100, 74232, 72
2026/07/29 09:57:06.721, 302.96, 100, 74232, 72
2026/07/29 09:57:07.758, 301.57, 100, 74232, 72
2026/07/29 09:57:08.799, 301.97, 100, 74232, 72
2026/07/29 09:57:09.837, 298.30, 100, 74232, 72
2026/07/29 09:57:10.873, 301.10, 100, 74232, 72
2026/07/29 09:57:11.912, 294.98, 100, 74232, 72
2026/07/29 09:57:12.950, 302.26, 100, 74232, 72
2026/07/29 09:57:13.989, 302.85, 100, 74232, 72
2026/07/29 09:57:15.028, 297.40, 100, 74232, 72
2026/07/29 09:57:16.066, 301.02, 100, 74232, 72
2026/07/29 09:57:17.110, 302.39, 100, 74232, 72
2026/07/29 09:57:18.148, 97.94, 100, 74232, 70
2026/07/29 09:57:19.179, 97.66, 0, 74232, 68
2026/07/29 09:57:20.210, 96.36, 0, 74232, 68
2026/07/29 09:57:21.243, 96.03, 0, 74232, 67
2026/07/29 09:57:22.275, 95.11, 0, 74232, 67
2026/07/29 09:57:23.307, 93.75, 0, 74232, 66
2026/07/29 09:57:24.339, 93.23, 0, 74232, 66
2026/07/29 09:57:25.369, 93.20, 0, 74232, 65
2026/07/29 09:57:26.402, 300.18, 71, 74232, 70
2026/07/29 09:57:27.440, 299.26, 100, 74232, 70
2026/07/29 09:57:28.475, 293.67, 100, 74232, 70
2026/07/29 09:57:29.510, 307.12, 100, 74232, 71
2026/07/29 09:57:30.551, 277.23, 100, 74232, 71
2026/07/29 09:57:31.586, 306.23, 100, 74232, 71
2026/07/29 09:57:32.621, 306.02, 100, 74232, 70
2026/07/29 09:57:33.660, 304.38, 100, 74232, 70
2026/07/29 09:57:34.699, 301.58, 100, 74232, 70
2026/07/29 09:57:35.737, 306.13, 100, 74232, 70
2026/07/29 09:57:36.776, 304.61, 100, 74232, 70
2026/07/29 09:57:37.813, 305.07, 100, 74232, 70
2026/07/29 09:57:38.852, 301.74, 100, 74232, 71
2026/07/29 09:57:39.889, 301.90, 100, 74232, 71
2026/07/29 09:57:40.928, 305.86, 100, 74232, 71
2026/07/29 09:57:41.969, 301.67, 100, 74232, 71
2026/07/29 09:57:43.008, 299.08, 100, 74232, 71
2026/07/29 09:57:44.046, 301.30, 100, 74232, 71
2026/07/29 09:57:45.084, 296.55, 100, 74232, 71
2026/07/29 09:57:46.122, 306.39, 100, 74232, 71
2026/07/29 09:57:47.159, 301.58, 100, 74232, 71
2026/07/29 09:57:48.197, 300.03, 100, 74232, 71
2026/07/29 09:57:49.235, 299.75, 100, 74232, 72
2026/07/29 09:57:50.273, 309.52, 100, 74232, 72
2026/07/29 09:57:51.311, 299.73, 100, 74232, 72
2026/07/29 09:57:52.350, 300.41, 100, 74232, 72
2026/07/29 09:57:53.395, 292.67, 100, 74232, 72
2026/07/29 09:57:54.435, 289.28, 100, 74232, 72
2026/07/29 09:57:55.473, 293.64, 100, 74232, 72
2026/07/29 09:57:56.512, 299.94, 100, 74232, 72
2026/07/29 09:57:57.551, 300.54, 100, 74232, 72
2026/07/29 09:57:58.588, 301.18, 100, 74232, 72
2026/07/29 09:57:59.626, 300.23, 100, 74232, 72
2026/07/29 09:58:00.665, 300.74, 100, 74232, 72
2026/07/29 09:58:01.703, 299.07, 100, 74232, 72
2026/07/29 09:58:02.741, 301.71, 100, 74232, 72
2026/07/29 09:58:03.779, 301.09, 100, 74232, 72
2026/07/29 09:58:04.816, 301.20, 100, 74232, 72
2026/07/29 09:58:05.853, 300.30, 100, 74232, 72
2026/07/29 09:58:06.891, 300.91, 100, 74232, 72
2026/07/29 09:58:07.931, 300.51, 100, 74232, 72
2026/07/29 09:58:08.967, 303.12, 100, 74232, 72
2026/07/29 09:58:10.005, 301.14, 100, 74232, 72
2026/07/29 09:58:11.045, 294.81, 100, 74232, 72
2026/07/29 09:58:12.082, 293.85, 100, 74232, 72
2026/07/29 09:58:13.121, 294.32, 100, 74232, 72
2026/07/29 09:58:14.159, 294.89, 100, 74232, 72
2026/07/29 09:58:15.197, 293.73, 100, 74232, 72
2026/07/29 09:58:16.235, 294.51, 100, 74232, 72
2026/07/29 09:58:17.272, 294.23, 100, 74232, 72
2026/07/29 09:58:18.310, 293.93, 100, 74232, 72
2026/07/29 09:58:19.346, 294.61, 100, 74232, 72
2026/07/29 09:58:20.386, 300.81, 100, 74232, 72
2026/07/29 09:58:21.424, 297.24, 100, 74232, 72
2026/07/29 09:58:22.461, 301.31, 100, 74232, 72
2026/07/29 09:58:23.499, 297.80, 100, 74232, 72
2026/07/29 09:58:24.536, 302.74, 100, 74232, 72
2026/07/29 09:58:25.573, 301.62, 100, 74232, 72
2026/07/29 09:58:26.612, 302.92, 100, 74232, 72
2026/07/29 09:58:27.649, 301.38, 100, 74232, 72
2026/07/29 09:58:28.688, 301.02, 100, 74232, 72
2026/07/29 09:58:29.725, 301.80, 100, 74232, 72
2026/07/29 09:58:30.763, 301.76, 100, 74232, 72
2026/07/29 09:58:31.800, 301.03, 100, 74232, 72
2026/07/29 09:58:32.837, 303.14, 100, 74232, 72
2026/07/29 09:58:33.876, 301.39, 100, 74232, 72
2026/07/29 09:58:34.914, 292.48, 100, 74232, 72
2026/07/29 09:58:35.952, 294.03, 100, 74232, 72
2026/07/29 09:58:36.991, 293.86, 100, 74232, 72
2026/07/29 09:58:38.027, 294.51, 100, 74232, 72
2026/07/29 09:58:39.065, 294.13, 100, 74232, 72
2026/07/29 09:58:40.102, 297.02, 100, 74232, 72
2026/07/29 09:58:41.141, 294.15, 100, 74232, 72
2026/07/29 09:58:42.179, 293.76, 100, 74232, 72
2026/07/29 09:58:43.217, 294.24, 100, 74232, 72
2026/07/29 09:58:44.255, 292.66, 100, 74232, 72
2026/07/29 09:58:45.293, 294.24, 100, 74232, 72
2026/07/29 09:58:46.331, 293.36, 100, 74232, 72
2026/07/29 09:58:47.369, 294.13, 100, 74232, 72
2026/07/29 09:58:48.406, 293.54, 100, 74232, 72
2026/07/29 09:58:49.446, 294.71, 100, 74232, 72
2026/07/29 09:58:50.484, 300.80, 100, 74232, 72
2026/07/29 09:58:51.523, 301.81, 100, 74232, 72
2026/07/29 09:58:52.562, 303.66, 100, 74232, 72
2026/07/29 09:58:53.599, 303.21, 100, 74232, 72
2026/07/29 09:58:54.637, 302.48, 100, 74232, 72
2026/07/29 09:58:55.674, 300.05, 100, 74232, 72
2026/07/29 09:58:56.711, 302.16, 100, 74232, 72
2026/07/29 09:58:57.749, 302.18, 100, 74232, 72
2026/07/29 09:58:58.786, 302.14, 100, 74232, 72
2026/07/29 09:58:59.824, 300.52, 100, 74232, 72
2026/07/29 09:59:00.861, 301.31, 100, 74232, 72
2026/07/29 09:59:01.898, 302.35, 100, 74232, 72
2026/07/29 09:59:02.936, 303.33, 100, 74232, 72
2026/07/29 09:59:03.976, 301.39, 100, 74232, 72
2026/07/29 09:59:05.014, 303.89, 100, 74232, 72
2026/07/29 09:59:06.051, 302.26, 100, 74232, 72
2026/07/29 09:59:07.089, 296.35, 100, 74232, 72
2026/07/29 09:59:08.126, 295.86, 100, 74232, 72
2026/07/29 09:59:09.164, 301.49, 100, 74232, 72
2026/07/29 09:59:10.201, 293.55, 100, 74232, 72
2026/07/29 09:59:11.241, 289.96, 100, 74232, 72
2026/07/29 09:59:12.284, 296.05, 100, 74232, 72
2026/07/29 09:59:13.323, 301.10, 100, 74232, 72
2026/07/29 09:59:14.362, 302.56, 100, 74232, 72
2026/07/29 09:59:15.401, 301.48, 100, 74232, 72
2026/07/29 09:59:16.439, 302.15, 100, 74232, 72
2026/07/29 09:59:17.477, 301.10, 100, 74232, 72
2026/07/29 09:59:18.516, 301.59, 100, 74232, 72
2026/07/29 09:59:19.553, 302.06, 100, 74232, 72
2026/07/29 09:59:20.590, 302.55, 100, 74232, 72
2026/07/29 09:59:21.628, 302.16, 100, 74232, 72
2026/07/29 09:59:22.666, 301.40, 100, 74232, 72
2026/07/29 09:59:23.703, 301.27, 100, 74232, 72
2026/07/29 09:59:24.743, 304.68, 100, 74232, 72
2026/07/29 09:59:25.781, 302.08, 100, 74232, 72
2026/07/29 09:59:26.819, 296.85, 100, 74232, 72
2026/07/29 09:59:27.856, 296.64, 100, 74232, 72
2026/07/29 09:59:28.894, 294.11, 100, 74232, 72
2026/07/29 09:59:29.933, 294.61, 100, 74232, 72
2026/07/29 09:59:30.972, 293.66, 100, 74232, 72
2026/07/29 09:59:32.009, 299.77, 100, 74232, 72
2026/07/29 09:59:33.050, 298.70, 100, 74232, 72
2026/07/29 09:59:34.088, 303.03, 100, 74232, 72
2026/07/29 09:59:35.126, 301.50, 100, 74232, 72
2026/07/29 09:59:36.163, 302.29, 100, 74232, 72
2026/07/29 09:59:37.201, 301.58, 100, 74232, 72
2026/07/29 09:59:38.242, 299.83, 100, 74232, 72
2026/07/29 09:59:39.281, 301.79, 100, 74232, 72
2026/07/29 09:59:40.318, 301.31, 100, 74232, 72
2026/07/29 09:59:41.359, 291.21, 100, 74232, 72
2026/07/29 09:59:42.399, 294.06, 100, 74232, 72
2026/07/29 09:59:43.437, 295.37, 100, 74232, 72
2026/07/29 09:59:44.475, 293.25, 100, 74232, 72
2026/07/29 09:59:45.513, 302.35, 100, 74232, 72
2026/07/29 09:59:46.550, 301.02, 100, 74232, 72
2026/07/29 09:59:47.587, 300.54, 100, 74232, 72
2026/07/29 09:59:48.625, 300.80, 100, 74232, 72
2026/07/29 09:59:49.662, 302.28, 100, 74232, 72
2026/07/29 09:59:50.698, 301.39, 100, 74232, 72
2026/07/29 09:59:51.736, 295.38, 100, 74232, 72
2026/07/29 09:59:52.775, 293.56, 100, 74232, 72
2026/07/29 09:59:53.813, 300.52, 100, 74232, 72
2026/07/29 09:59:54.851, 301.14, 100, 74232, 72
2026/07/29 09:59:55.888, 300.72, 100, 74232, 72
2026/07/29 09:59:56.926, 302.27, 100, 74232, 72
2026/07/29 09:59:57.963, 294.13, 100, 74232, 72
2026/07/29 09:59:59.001, 291.33, 100, 74232, 72
2026/07/29 10:00:00.039, 293.15, 100, 74232, 72
2026/07/29 10:00:01.077, 298.57, 100, 74232, 72
2026/07/29 10:00:02.115, 295.00, 100, 74232, 72
2026/07/29 10:00:03.154, 293.17, 100, 74232, 72
2026/07/29 10:00:04.192, 303.13, 100, 74232, 72
2026/07/29 10:00:05.234, 293.84, 100, 74232, 72
2026/07/29 10:00:06.271, 294.02, 100, 74232, 72
2026/07/29 10:00:07.308, 299.67, 100, 74232, 72
2026/07/29 10:00:08.346, 293.83, 100, 74232, 72
2026/07/29 10:00:09.383, 296.94, 100, 74232, 72
2026/07/29 10:00:10.423, 295.58, 100, 74232, 72
2026/07/29 10:00:11.459, 293.45, 100, 74232, 72
2026/07/29 10:00:12.497, 295.42, 100, 74232, 72
2026/07/29 10:00:13.535, 293.16, 100, 74232, 72
2026/07/29 10:00:14.573, 289.89, 100, 74232, 71
2026/07/29 10:00:15.611, 292.98, 100, 74232, 72
2026/07/29 10:00:16.649, 293.19, 100, 74232, 72
2026/07/29 10:00:17.687, 293.36, 100, 74232, 71
2026/07/29 10:00:18.725, 293.65, 100, 74232, 71
2026/07/29 10:00:19.763, 293.06, 100, 74232, 71
2026/07/29 10:00:20.802, 304.28, 100, 74232, 72
2026/07/29 10:00:21.839, 300.92, 100, 74232, 71
2026/07/29 10:00:22.877, 301.87, 100, 74232, 72
2026/07/29 10:00:23.915, 301.70, 100, 74232, 72
2026/07/29 10:00:24.951, 301.51, 100, 74232, 72
2026/07/29 10:00:25.989, 301.01, 100, 74232, 72
2026/07/29 10:00:27.027, 303.98, 100, 74232, 72
2026/07/29 10:00:28.065, 301.29, 100, 74232, 72
2026/07/29 10:00:29.104, 301.02, 100, 74232, 72
2026/07/29 10:00:30.142, 301.29, 100, 74232, 72
2026/07/29 10:00:31.179, 299.57, 100, 74232, 72
2026/07/29 10:00:32.218, 290.15, 100, 74232, 72
2026/07/29 10:00:33.256, 301.78, 100, 74232, 72
2026/07/29 10:00:34.298, 293.17, 100, 74232, 72
2026/07/29 10:00:35.336, 295.58, 100, 74232, 72
2026/07/29 10:00:36.374, 293.95, 100, 74232, 72
2026/07/29 10:00:37.417, 297.23, 100, 74232, 72
2026/07/29 10:00:38.456, 296.64, 100, 74232, 72
2026/07/29 10:00:39.493, 294.03, 100, 74232, 72
2026/07/29 10:00:40.531, 292.89, 100, 74232, 72
2026/07/29 10:00:41.568, 294.42, 100, 74232, 72
2026/07/29 10:00:42.606, 293.57, 100, 74232, 72
2026/07/29 10:00:43.643, 293.06, 100, 74232, 72
2026/07/29 10:00:44.681, 293.25, 100, 74232, 72
2026/07/29 10:00:45.719, 295.75, 100, 74232, 72
2026/07/29 10:00:46.756, 304.44, 100, 74232, 72
2026/07/29 10:00:47.793, 299.54, 100, 74232, 72
2026/07/29 10:00:48.830, 300.64, 100, 74232, 72
2026/07/29 10:00:49.868, 301.00, 100, 74232, 72
2026/07/29 10:00:50.906, 301.20, 100, 74232, 72
2026/07/29 10:00:51.943, 300.50, 100, 74232, 72
2026/07/29 10:00:52.980, 302.18, 100, 74232, 72
2026/07/29 10:00:54.018, 301.96, 100, 74232, 72
2026/07/29 10:00:55.054, 301.04, 100, 74232, 72
2026/07/29 10:00:56.094, 301.18, 100, 74232, 72
2026/07/29 10:00:57.130, 301.08, 100, 74232, 72
2026/07/29 10:00:58.168, 301.13, 100, 74232, 72
2026/07/29 10:00:59.205, 302.27, 100, 74232, 72
2026/07/29 10:01:00.242, 300.92, 100, 74232, 72
2026/07/29 10:01:01.279, 300.43, 100, 74232, 72
2026/07/29 10:01:02.316, 301.67, 100, 74232, 72
2026/07/29 10:01:03.353, 301.97, 100, 74232, 72
2026/07/29 10:01:04.390, 303.32, 100, 74232, 72
2026/07/29 10:01:05.427, 301.20, 100, 74232, 72
2026/07/29 10:01:06.466, 303.51, 100, 74232, 72
2026/07/29 10:01:07.503, 301.59, 100, 74232, 72
2026/07/29 10:01:08.541, 302.26, 100, 74232, 72
2026/07/29 10:01:09.579, 301.20, 100, 74232, 72
2026/07/29 10:01:10.617, 300.80, 100, 74232, 72
2026/07/29 10:01:11.655, 301.77, 100, 74232, 72
2026/07/29 10:01:12.692, 300.22, 100, 74232, 72
2026/07/29 10:01:13.731, 300.82, 100, 74232, 72
2026/07/29 10:01:14.775, 300.15, 100, 74232, 72
2026/07/29 10:01:15.813, 294.62, 100, 74232, 72
2026/07/29 10:01:16.850, 292.67, 100, 74232, 72
2026/07/29 10:01:17.888, 292.89, 100, 74232, 72
2026/07/29 10:01:18.927, 292.85, 100, 74232, 72
2026/07/29 10:01:19.969, 295.67, 100, 74232, 72
2026/07/29 10:01:21.011, 300.32, 100, 74232, 72
2026/07/29 10:01:22.049, 300.71, 100, 74232, 72
2026/07/29 10:01:23.086, 301.11, 100, 74232, 72
2026/07/29 10:01:24.124, 300.13, 100, 74232, 72
2026/07/29 10:01:25.161, 301.39, 100, 74232, 72
2026/07/29 10:01:26.198, 299.16, 100, 74232, 72
2026/07/29 10:01:27.235, 302.18, 100, 74232, 72
2026/07/29 10:01:28.273, 300.43, 100, 74232, 72
2026/07/29 10:01:29.310, 301.21, 100, 74232, 72
2026/07/29 10:01:30.346, 301.23, 100, 74232, 72
2026/07/29 10:01:31.384, 300.32, 100, 74232, 72
2026/07/29 10:01:32.422, 300.44, 100, 74232, 72
2026/07/29 10:01:33.460, 300.23, 100, 74232, 72
2026/07/29 10:01:34.497, 302.75, 100, 74232, 72
2026/07/29 10:01:35.536, 300.52, 100, 74232, 72
2026/07/29 10:01:36.574, 300.96, 100, 74232, 72
2026/07/29 10:01:37.611, 301.48, 100, 74232, 72
2026/07/29 10:01:38.649, 300.52, 100, 74232, 72
2026/07/29 10:01:39.687, 293.55, 100, 74232, 71
2026/07/29 10:01:40.725, 295.69, 100, 74232, 71
2026/07/29 10:01:41.763, 295.39, 100, 74232, 71
2026/07/29 10:01:42.801, 300.26, 100, 74232, 71
2026/07/29 10:01:43.839, 290.65, 100, 74232, 71
2026/07/29 10:01:44.877, 293.70, 100, 74232, 71
2026/07/29 10:01:45.916, 298.67, 100, 74232, 71
2026/07/29 10:01:46.954, 296.56, 100, 74232, 71
2026/07/29 10:01:47.991, 292.78, 100, 74232, 71
2026/07/29 10:01:49.029, 301.77, 100, 74232, 71
2026/07/29 10:01:50.067, 296.63, 100, 74232, 71
2026/07/29 10:01:51.107, 292.77, 100, 74232, 71
2026/07/29 10:01:52.147, 293.06, 100, 74232, 71
2026/07/29 10:01:53.184, 292.30, 100, 74232, 71
2026/07/29 10:01:54.222, 295.87, 100, 74232, 71
2026/07/29 10:01:55.259, 299.50, 100, 74232, 71
2026/07/29 10:01:56.299, 298.66, 100, 74232, 71
2026/07/29 10:01:57.339, 293.36, 100, 74232, 71
2026/07/29 10:01:58.376, 294.79, 100, 74232, 71
2026/07/29 10:01:59.416, 296.55, 100, 74232, 71
2026/07/29 10:02:00.455, 296.48, 100, 74232, 71
2026/07/29 10:02:01.493, 295.39, 100, 74232, 71
2026/07/29 10:02:02.534, 300.33, 100, 74232, 71
2026/07/29 10:02:03.572, 300.61, 100, 74232, 71
2026/07/29 10:02:04.609, 301.28, 100, 74232, 71
2026/07/29 10:02:05.647, 300.00, 100, 74232, 71
2026/07/29 10:02:06.686, 300.79, 100, 74232, 71
2026/07/29 10:02:07.723, 300.99, 100, 74232, 71
2026/07/29 10:02:08.761, 301.28, 100, 74232, 71
2026/07/29 10:02:09.798, 301.48, 100, 74232, 72
2026/07/29 10:02:10.835, 300.13, 100, 74232, 71
2026/07/29 10:02:11.873, 300.65, 100, 74232, 71
2026/07/29 10:02:12.914, 301.33, 100, 74232, 72
2026/07/29 10:02:13.952, 298.32, 100, 74232, 71
2026/07/29 10:02:14.990, 300.34, 100, 74232, 71
2026/07/29 10:02:16.028, 300.80, 100, 74232, 71
2026/07/29 10:02:17.065, 300.61, 100, 74232, 71
2026/07/29 10:02:18.107, 299.37, 100, 74232, 71
2026/07/29 10:02:19.145, 301.01, 100, 74232, 71
2026/07/29 10:02:20.182, 289.76, 100, 74232, 71
2026/07/29 10:02:21.225, 293.06, 100, 74232, 71
2026/07/29 10:02:22.262, 293.85, 100, 74232, 71
2026/07/29 10:02:23.301, 295.46, 100, 74232, 71
2026/07/29 10:02:24.346, 294.70, 100, 74232, 71
2026/07/29 10:02:25.386, 297.32, 100, 74232, 71
2026/07/29 10:02:26.424, 99.31, 32, 74232, 69
2026/07/29 10:02:27.457, 300.73, 100, 74232, 73
2026/07/29 10:02:28.493, 285.30, 100, 74232, 73
2026/07/29 10:02:29.531, 286.64, 100, 74232, 73
2026/07/29 10:02:30.566, 271.78, 100, 74232, 73
2026/07/29 10:02:31.601, 254.87, 100, 74232, 73
2026/07/29 10:02:32.636, 286.35, 100, 74232, 73
2026/07/29 10:02:33.670, 304.07, 100, 74232, 71
2026/07/29 10:02:34.711, 306.82, 100, 74232, 71
2026/07/29 10:02:35.750, 300.45, 100, 74232, 71
2026/07/29 10:02:36.787, 300.80, 100, 74232, 71
2026/07/29 10:02:37.826, 299.45, 100, 74232, 71
2026/07/29 10:02:38.862, 300.97, 100, 74232, 72
2026/07/29 10:02:39.900, 300.79, 100, 74232, 72
2026/07/29 10:02:40.938, 293.47, 100, 74232, 71
2026/07/29 10:02:41.975, 293.54, 100, 74232, 72
2026/07/29 10:02:43.013, 293.64, 100, 74232, 72
2026/07/29 10:02:44.051, 294.05, 100, 74232, 72
2026/07/29 10:02:45.090, 292.96, 100, 74232, 72
2026/07/29 10:02:46.128, 293.27, 100, 74232, 72
2026/07/29 10:02:47.171, 300.11, 100, 74232, 72
2026/07/29 10:02:48.212, 292.47, 100, 74232, 72
2026/07/29 10:02:49.250, 296.26, 100, 74232, 72
2026/07/29 10:02:50.287, 300.33, 100, 74232, 72
2026/07/29 10:02:51.325, 296.74, 100, 74232, 72
2026/07/29 10:02:52.362, 300.43, 100, 74232, 72
2026/07/29 10:02:53.399, 301.10, 100, 74232, 72
2026/07/29 10:02:54.436, 302.11, 100, 74232, 72
2026/07/29 10:02:55.474, 300.71, 100, 74232, 72
2026/07/29 10:02:56.513, 302.44, 100, 74232, 72
2026/07/29 10:02:57.550, 300.21, 100, 74232, 72
2026/07/29 10:02:58.588, 301.87, 100, 74232, 72
2026/07/29 10:02:59.629, 301.51, 100, 74232, 72
2026/07/29 10:03:00.666, 302.25, 100, 74232, 72
2026/07/29 10:03:01.704, 300.99, 100, 74232, 72
2026/07/29 10:03:02.741, 299.62, 100, 74232, 72
2026/07/29 10:03:03.778, 300.53, 100, 74232, 72
2026/07/29 10:03:04.816, 300.69, 100, 74232, 72
2026/07/29 10:03:05.852, 300.51, 100, 74232, 72
2026/07/29 10:03:06.890, 300.75, 100, 74232, 72
2026/07/29 10:03:07.930, 301.67, 100, 74232, 72
2026/07/29 10:03:08.969, 300.92, 100, 74232, 72
2026/07/29 10:03:10.008, 301.47, 100, 74232, 72
2026/07/29 10:03:11.045, 300.80, 100, 74232, 72
2026/07/29 10:03:12.083, 294.21, 100, 74232, 72
2026/07/29 10:03:13.120, 290.08, 100, 74232, 72
2026/07/29 10:03:14.169, 294.81, 100, 74232, 72
2026/07/29 10:03:15.207, 293.75, 100, 74232, 72
2026/07/29 10:03:16.246, 295.31, 100, 74232, 72
2026/07/29 10:03:17.284, 292.96, 100, 74232, 72
2026/07/29 10:03:18.323, 300.61, 100, 74232, 72
2026/07/29 10:03:19.361, 299.47, 100, 74232, 72
2026/07/29 10:03:20.406, 296.75, 100, 74232, 72
2026/07/29 10:03:21.444, 301.11, 100, 74232, 72
2026/07/29 10:03:22.481, 301.39, 100, 74232, 72
2026/07/29 10:03:23.518, 300.53, 100, 74232, 72
2026/07/29 10:03:24.555, 300.91, 100, 74232, 72
2026/07/29 10:03:25.592, 301.48, 100, 74232, 72
2026/07/29 10:03:26.630, 302.39, 100, 74232, 72
2026/07/29 10:03:27.666, 301.18, 100, 74232, 72
2026/07/29 10:03:28.706, 301.20, 100, 74232, 72
2026/07/29 10:03:29.743, 303.11, 100, 74232, 72
2026/07/29 10:03:30.780, 294.04, 100, 74232, 72
2026/07/29 10:03:31.818, 295.14, 100, 74232, 72
2026/07/29 10:03:32.855, 300.83, 100, 74232, 72
2026/07/29 10:03:33.894, 293.27, 100, 74232, 72
2026/07/29 10:03:34.931, 290.33, 100, 74232, 72
2026/07/29 10:03:35.968, 294.14, 100, 74232, 72
2026/07/29 10:03:37.005, 297.33, 100, 74232, 72
2026/07/29 10:03:38.044, 293.63, 100, 74232, 72
2026/07/29 10:03:39.082, 294.04, 100, 74232, 72
2026/07/29 10:03:40.120, 297.60, 100, 74232, 72
2026/07/29 10:03:41.157, 300.33, 100, 74232, 72
2026/07/29 10:03:42.195, 302.62, 100, 74232, 72
2026/07/29 10:03:43.232, 301.82, 100, 74232, 72
2026/07/29 10:03:44.269, 302.54, 100, 74232, 72
2026/07/29 10:03:45.307, 301.20, 100, 74232, 72
2026/07/29 10:03:46.345, 300.89, 100, 74232, 72
2026/07/29 10:03:47.383, 304.75, 100, 74232, 72
2026/07/29 10:03:48.425, 300.92, 100, 74232, 72
2026/07/29 10:03:49.463, 302.05, 100, 74232, 72
2026/07/29 10:03:50.501, 301.81, 100, 74232, 72
2026/07/29 10:03:51.541, 301.40, 100, 74232, 72
2026/07/29 10:03:52.578, 303.90, 100, 74232, 72
2026/07/29 10:03:53.615, 301.18, 100, 74232, 72
2026/07/29 10:03:54.654, 299.35, 100, 74232, 72
2026/07/29 10:03:55.691, 302.11, 100, 74232, 72
2026/07/29 10:03:56.728, 301.41, 100, 74232, 72
2026/07/29 10:03:57.765, 301.60, 100, 74232, 72
2026/07/29 10:03:58.803, 302.25, 100, 74232, 72
2026/07/29 10:03:59.841, 301.77, 100, 74232, 72
2026/07/29 10:04:00.879, 302.55, 100, 74232, 72
2026/07/29 10:04:01.916, 303.43, 100, 74232, 72
2026/07/29 10:04:02.954, 294.61, 100, 74232, 72
2026/07/29 10:04:03.991, 290.94, 100, 74232, 72
2026/07/29 10:04:05.028, 290.82, 100, 74232, 72
2026/07/29 10:04:06.065, 299.99, 100, 74232, 72
2026/07/29 10:04:07.103, 294.50, 100, 74232, 72
2026/07/29 10:04:08.142, 295.20, 100, 74232, 72
2026/07/29 10:04:09.183, 302.27, 100, 74232, 72
2026/07/29 10:04:10.221, 301.48, 100, 74232, 72
2026/07/29 10:04:11.258, 302.36, 100, 74232, 72
2026/07/29 10:04:12.298, 301.77, 100, 74232, 72
2026/07/29 10:04:13.336, 303.43, 100, 74232, 72
2026/07/29 10:04:14.374, 302.35, 100, 74232, 72
2026/07/29 10:04:15.413, 301.89, 100, 74232, 72
2026/07/29 10:04:16.451, 301.77, 100, 74232, 73
2026/07/29 10:04:17.488, 302.74, 100, 74232, 73
2026/07/29 10:04:18.525, 304.57, 100, 74232, 73
2026/07/29 10:04:19.562, 294.52, 100, 74232, 72
2026/07/29 10:04:20.601, 299.45, 100, 74232, 72
2026/07/29 10:04:21.639, 294.59, 100, 74232, 72
2026/07/29 10:04:22.678, 297.01, 100, 74232, 72
2026/07/29 10:04:23.715, 294.22, 100, 74232, 72
2026/07/29 10:04:24.752, 293.97, 100, 74232, 72
2026/07/29 10:04:25.791, 299.07, 100, 74232, 73
2026/07/29 10:04:26.830, 300.51, 100, 74232, 72
2026/07/29 10:04:27.870, 295.70, 100, 74232, 73
2026/07/29 10:04:28.907, 302.65, 100, 74232, 73
2026/07/29 10:04:29.947, 297.34, 100, 74232, 73
2026/07/29 10:04:30.984, 295.48, 100, 74232, 72
2026/07/29 10:04:32.024, 304.00, 100, 74232, 73
2026/07/29 10:04:33.062, 302.35, 100, 74232, 73
2026/07/29 10:04:34.099, 301.17, 100, 74232, 73
2026/07/29 10:04:35.136, 304.50, 100, 74232, 73
2026/07/29 10:04:36.173, 301.39, 100, 74232, 73
2026/07/29 10:04:37.211, 299.35, 100, 74232, 72
2026/07/29 10:04:38.248, 301.98, 100, 74232, 72
2026/07/29 10:04:39.286, 296.26, 100, 74232, 72
2026/07/29 10:04:40.323, 290.34, 100, 74232, 72
2026/07/29 10:04:41.363, 292.30, 100, 74232, 72
2026/07/29 10:04:42.401, 300.12, 100, 74232, 72
2026/07/29 10:04:43.440, 298.09, 100, 74232, 72
2026/07/29 10:04:44.479, 296.62, 100, 74232, 72
2026/07/29 10:04:45.517, 301.23, 100, 74232, 72
2026/07/29 10:04:46.555, 299.49, 100, 74232, 72
2026/07/29 10:04:47.593, 300.73, 100, 74232, 72
2026/07/29 10:04:48.630, 301.78, 100, 74232, 72
2026/07/29 10:04:49.667, 302.45, 100, 74232, 72
2026/07/29 10:04:50.704, 305.05, 100, 74232, 72
2026/07/29 10:04:51.742, 301.62, 100, 74232, 72
2026/07/29 10:04:52.780, 302.00, 100, 74232, 72
2026/07/29 10:04:53.817, 301.57, 100, 74232, 72
2026/07/29 10:04:54.854, 301.28, 100, 74232, 72
2026/07/29 10:04:55.892, 301.47, 100, 74232, 72
2026/07/29 10:04:56.930, 301.88, 100, 74232, 72
2026/07/29 10:04:57.967, 298.11, 100, 74232, 72
2026/07/29 10:04:59.004, 303.46, 100, 74232, 72
2026/07/29 10:05:00.042, 301.89, 100, 74232, 72
2026/07/29 10:05:01.081, 301.98, 100, 74232, 72
2026/07/29 10:05:02.118, 296.86, 100, 74232, 72
2026/07/29 10:05:03.159, 303.49, 100, 74232, 72
2026/07/29 10:05:04.197, 294.53, 100, 74232, 72
2026/07/29 10:05:05.236, 298.16, 100, 74232, 72
2026/07/29 10:05:06.275, 295.18, 100, 74232, 72
2026/07/29 10:05:07.314, 293.65, 100, 74232, 72
2026/07/29 10:05:08.352, 300.53, 100, 74232, 72
2026/07/29 10:05:09.391, 295.21, 100, 74232, 72
2026/07/29 10:05:10.429, 293.64, 100, 74232, 72
2026/07/29 10:05:11.466, 300.98, 100, 74232, 72
2026/07/29 10:05:12.503, 298.96, 100, 74232, 72
2026/07/29 10:05:13.541, 294.35, 100, 74232, 72
2026/07/29 10:05:14.579, 301.34, 100, 74232, 72
2026/07/29 10:05:15.617, 302.40, 100, 74232, 72
2026/07/29 10:05:16.657, 298.68, 100, 74232, 72
2026/07/29 10:05:17.695, 303.21, 100, 74232, 72
2026/07/29 10:05:18.732, 301.52, 100, 74232, 72
2026/07/29 10:05:19.771, 303.46, 100, 74232, 72
2026/07/29 10:05:20.808, 301.89, 100, 74232, 72
2026/07/29 10:05:21.845, 302.76, 100, 74232, 72
2026/07/29 10:05:22.884, 301.72, 100, 74232, 72
2026/07/29 10:05:23.922, 302.10, 100, 74232, 72
2026/07/29 10:05:24.960, 302.46, 100, 74232, 72
2026/07/29 10:05:25.998, 302.64, 100, 74232, 72
2026/07/29 10:05:27.041, 294.04, 100, 74232, 72
2026/07/29 10:05:28.078, 296.26, 100, 74232, 72
2026/07/29 10:05:29.116, 294.50, 100, 74232, 72
2026/07/29 10:05:30.155, 299.07, 100, 74232, 72
2026/07/29 10:05:31.193, 294.52, 100, 74232, 72
2026/07/29 10:05:32.231, 291.61, 100, 74232, 72
2026/07/29 10:05:33.273, 294.92, 100, 74232, 72
2026/07/29 10:05:34.311, 296.18, 100, 74232, 72
2026/07/29 10:05:35.347, 297.70, 100, 74232, 72
2026/07/29 10:05:36.387, 294.62, 100, 74232, 72
2026/07/29 10:05:37.424, 301.39, 100, 74232, 72
2026/07/29 10:05:38.461, 301.78, 100, 74232, 72
2026/07/29 10:05:39.498, 302.09, 100, 74232, 72
2026/07/29 10:05:40.536, 302.27, 100, 74232, 72
2026/07/29 10:05:41.573, 302.47, 100, 74232, 72
2026/07/29 10:05:42.611, 301.88, 100, 74232, 72
2026/07/29 10:05:43.650, 302.59, 100, 74232, 72
2026/07/29 10:05:44.687, 301.96, 100, 74232, 72
2026/07/29 10:05:45.726, 301.22, 100, 74232, 72
2026/07/29 10:05:46.764, 290.63, 100, 74232, 72
2026/07/29 10:05:47.802, 294.53, 100, 74232, 72
2026/07/29 10:05:48.840, 290.43, 100, 74232, 72
2026/07/29 10:05:49.878, 290.15, 100, 74232, 72
2026/07/29 10:05:50.919, 300.40, 100, 74232, 72
2026/07/29 10:05:51.957, 299.80, 100, 74232, 72
2026/07/29 10:05:52.996, 294.05, 100, 74232, 72
2026/07/29 10:05:54.038, 296.09, 100, 74232, 72
2026/07/29 10:05:55.076, 294.54, 100, 74232, 72
2026/07/29 10:05:56.114, 295.11, 100, 74232, 72
2026/07/29 10:05:57.153, 294.04, 100, 74232, 72
2026/07/29 10:05:58.192, 301.51, 100, 74232, 72
2026/07/29 10:05:59.229, 302.27, 100, 74232, 72
2026/07/29 10:06:00.266, 301.96, 100, 74232, 72
2026/07/29 10:06:01.305, 302.37, 100, 74232, 72
2026/07/29 10:06:02.343, 303.81, 100, 74232, 72
2026/07/29 10:06:03.381, 301.97, 100, 74232, 72
2026/07/29 10:06:04.418, 295.49, 100, 74232, 72
2026/07/29 10:06:05.456, 290.36, 100, 74232, 72
2026/07/29 10:06:06.494, 301.21, 100, 74232, 72
2026/07/29 10:06:07.533, 300.84, 100, 74232, 72
2026/07/29 10:06:08.573, 304.58, 100, 74232, 72
2026/07/29 10:06:09.610, 296.96, 100, 74232, 72
2026/07/29 10:06:10.647, 301.68, 100, 74232, 72
2026/07/29 10:06:11.685, 301.79, 100, 74232, 72
2026/07/29 10:06:12.723, 294.33, 100, 74232, 72
2026/07/29 10:06:13.761, 290.36, 100, 74232, 72
2026/07/29 10:06:14.800, 290.34, 100, 74232, 72
2026/07/29 10:06:15.837, 296.15, 100, 74232, 72
2026/07/29 10:06:16.875, 294.05, 100, 74232, 72
2026/07/29 10:06:17.913, 295.49, 100, 74232, 72
2026/07/29 10:06:18.951, 295.21, 100, 74232, 72
2026/07/29 10:06:19.989, 301.58, 100, 74232, 72
2026/07/29 10:06:21.025, 297.73, 100, 74232, 72
2026/07/29 10:06:22.067, 297.13, 100, 74232, 72
2026/07/29 10:06:23.106, 294.51, 100, 74232, 72
2026/07/29 10:06:24.143, 301.22, 100, 74232, 72
2026/07/29 10:06:25.181, 302.20, 100, 74232, 72
2026/07/29 10:06:26.220, 301.27, 100, 74232, 72
2026/07/29 10:06:27.258, 303.75, 100, 74232, 72
2026/07/29 10:06:28.295, 301.98, 100, 74232, 72
2026/07/29 10:06:29.332, 301.33, 100, 74232, 72
2026/07/29 10:06:30.370, 298.91, 100, 74232, 72
2026/07/29 10:06:31.408, 293.45, 100, 74232, 72
2026/07/29 10:06:32.445, 301.99, 100, 74232, 72
2026/07/29 10:06:33.483, 294.80, 100, 74232, 72
2026/07/29 10:06:34.521, 295.98, 100, 74232, 72
2026/07/29 10:06:35.559, 294.71, 100, 74232, 72
2026/07/29 10:06:36.597, 293.35, 100, 74232, 72
2026/07/29 10:06:37.642, 293.75, 100, 74232, 72
2026/07/29 10:06:38.679, 301.96, 100, 74232, 72
2026/07/29 10:06:39.717, 297.52, 100, 74232, 72
2026/07/29 10:06:40.756, 298.20, 100, 74232, 72
2026/07/29 10:06:41.793, 302.00, 100, 74232, 72
2026/07/29 10:06:42.833, 300.51, 100, 74232, 72
2026/07/29 10:06:43.869, 301.87, 100, 74232, 72
2026/07/29 10:06:44.907, 301.48, 100, 74232, 72
2026/07/29 10:06:45.944, 301.87, 100, 74232, 72
2026/07/29 10:06:46.982, 301.42, 100, 74232, 72
2026/07/29 10:06:48.020, 301.52, 100, 74232, 72
2026/07/29 10:06:49.058, 302.08, 100, 74232, 72
2026/07/29 10:06:50.097, 301.61, 100, 74232, 72
2026/07/29 10:06:51.135, 302.57, 100, 74232, 72
2026/07/29 10:06:52.173, 300.36, 100, 74232, 72
2026/07/29 10:06:53.210, 305.89, 100, 74232, 72
2026/07/29 10:06:54.248, 301.50, 100, 74232, 72
2026/07/29 10:06:55.288, 300.71, 100, 74232, 72
2026/07/29 10:06:56.326, 302.07, 100, 74232, 72
2026/07/29 10:06:57.364, 301.47, 100, 74232, 72
2026/07/29 10:06:58.401, 296.94, 100, 74232, 72
2026/07/29 10:06:59.439, 295.69, 100, 74232, 72
2026/07/29 10:07:00.478, 295.69, 100, 74232, 72
2026/07/29 10:07:01.517, 293.64, 100, 74232, 72
2026/07/29 10:07:02.555, 293.36, 100, 74232, 72
2026/07/29 10:07:03.597, 292.97, 100, 74232, 72
2026/07/29 10:07:04.635, 299.95, 100, 74232, 72
2026/07/29 10:07:05.672, 297.99, 100, 74232, 72
2026/07/29 10:07:06.712, 300.30, 100, 74232, 72
2026/07/29 10:07:07.750, 300.64, 100, 74232, 72
2026/07/29 10:07:08.787, 301.32, 100, 74232, 72
2026/07/29 10:07:09.824, 297.99, 100, 74232, 71
2026/07/29 10:07:10.863, 302.48, 100, 74232, 72
2026/07/29 10:07:11.900, 300.32, 100, 74232, 71
2026/07/29 10:07:12.939, 302.15, 100, 74232, 71
2026/07/29 10:07:13.977, 300.07, 100, 74232, 71
2026/07/29 10:07:15.017, 300.25, 100, 74232, 71
2026/07/29 10:07:16.055, 301.49, 100, 74232, 72
2026/07/29 10:07:17.092, 300.79, 100, 74232, 72
2026/07/29 10:07:18.130, 301.10, 100, 74232, 72
2026/07/29 10:07:19.168, 301.19, 100, 74232, 72
2026/07/29 10:07:20.206, 296.07, 100, 74232, 72
2026/07/29 10:07:21.244, 296.37, 100, 74232, 71
2026/07/29 10:07:22.284, 296.63, 100, 74232, 72
2026/07/29 10:07:23.322, 293.74, 100, 74232, 71
2026/07/29 10:07:24.359, 293.54, 100, 74232, 71
2026/07/29 10:07:25.397, 294.14, 100, 74232, 72
2026/07/29 10:07:26.437, 301.61, 100, 74232, 72
2026/07/29 10:07:27.474, 97.40, 0, 74232, 68
2026/07/29 10:07:28.507, 300.49, 100, 74232, 73
2026/07/29 10:07:29.545, 287.90, 100, 74232, 73
2026/07/29 10:07:30.582, 308.72, 100, 74232, 73
2026/07/29 10:07:31.622, 290.18, 100, 74232, 73
2026/07/29 10:07:32.657, 295.72, 100, 74232, 73
2026/07/29 10:07:33.691, 305.37, 100, 74232, 73
2026/07/29 10:07:34.732, 290.06, 100, 74232, 71
2026/07/29 10:07:35.770, 297.13, 100, 74232, 71
2026/07/29 10:07:36.807, 300.62, 100, 74232, 71
2026/07/29 10:07:37.846, 300.31, 100, 74232, 72
2026/07/29 10:07:38.884, 300.43, 100, 74232, 72
2026/07/29 10:07:39.922, 299.85, 100, 74232, 72
2026/07/29 10:07:40.961, 300.23, 100, 74232, 72
2026/07/29 10:07:41.999, 301.17, 100, 74232, 72
2026/07/29 10:07:43.037, 297.26, 100, 74232, 72
2026/07/29 10:07:44.075, 301.48, 100, 74232, 72
2026/07/29 10:07:45.113, 300.30, 100, 74232, 72
2026/07/29 10:07:46.151, 297.43, 100, 74232, 72
2026/07/29 10:07:47.190, 294.72, 100, 74232, 72
2026/07/29 10:07:48.227, 301.38, 100, 74232, 72
2026/07/29 10:07:49.271, 300.11, 100, 74232, 72
2026/07/29 10:07:50.311, 293.36, 100, 74232, 72
2026/07/29 10:07:51.348, 289.57, 100, 74232, 72
2026/07/29 10:07:52.392, 289.95, 100, 74232, 72
2026/07/29 10:07:53.430, 293.55, 100, 74232, 72
2026/07/29 10:07:54.468, 293.93, 100, 74232, 72
2026/07/29 10:07:55.510, 294.11, 100, 74232, 72
2026/07/29 10:07:56.547, 301.37, 100, 74232, 72
2026/07/29 10:07:57.584, 296.07, 100, 74232, 72
2026/07/29 10:07:58.622, 302.35, 100, 74232, 72
2026/07/29 10:07:59.658, 297.02, 100, 74232, 72
2026/07/29 10:08:00.697, 301.49, 100, 74232, 72
2026/07/29 10:08:01.734, 297.32, 100, 74232, 72
2026/07/29 10:08:02.770, 301.59, 100, 74232, 72
2026/07/29 10:08:03.807, 297.30, 100, 74232, 72
2026/07/29 10:08:04.844, 300.43, 100, 74232, 72
2026/07/29 10:08:05.882, 301.22, 100, 74232, 72
2026/07/29 10:08:06.918, 300.90, 100, 74232, 72
2026/07/29 10:08:07.956, 301.01, 100, 74232, 72
2026/07/29 10:08:08.994, 300.71, 100, 74232, 72
2026/07/29 10:08:10.032, 300.33, 100, 74232, 72
2026/07/29 10:08:11.069, 301.00, 100, 74232, 72
2026/07/29 10:08:12.106, 302.18, 100, 74232, 72
2026/07/29 10:08:13.143, 301.58, 100, 74232, 72
2026/07/29 10:08:14.181, 302.74, 100, 74232, 72
2026/07/29 10:08:15.220, 301.87, 100, 74232, 72
2026/07/29 10:08:16.258, 300.80, 100, 74232, 72
2026/07/29 10:08:17.295, 303.11, 100, 74232, 72
2026/07/29 10:08:18.333, 299.85, 100, 74232, 72
2026/07/29 10:08:19.373, 295.21, 100, 74232, 72
2026/07/29 10:08:20.411, 293.56, 100, 74232, 72
2026/07/29 10:08:21.448, 295.12, 100, 74232, 72
2026/07/29 10:08:22.485, 292.01, 100, 74232, 72
2026/07/29 10:08:23.522, 291.71, 100, 74232, 72
2026/07/29 10:08:24.561, 293.08, 100, 74232, 72
2026/07/29 10:08:25.599, 297.06, 100, 74232, 72
2026/07/29 10:08:26.636, 300.54, 100, 74232, 72
2026/07/29 10:08:27.673, 301.88, 100, 74232, 72
2026/07/29 10:08:28.709, 300.51, 100, 74232, 72
2026/07/29 10:08:29.746, 299.56, 100, 74232, 72
2026/07/29 10:08:30.783, 300.14, 100, 74232, 72
2026/07/29 10:08:31.819, 297.42, 100, 74232, 72
2026/07/29 10:08:32.856, 300.80, 100, 74232, 72
2026/07/29 10:08:33.892, 300.90, 100, 74232, 72
2026/07/29 10:08:34.929, 301.09, 100, 74232, 72
2026/07/29 10:08:35.965, 300.43, 100, 74232, 72
2026/07/29 10:08:37.003, 299.95, 100, 74232, 72
2026/07/29 10:08:38.040, 302.08, 100, 74232, 72
2026/07/29 10:08:39.078, 301.29, 100, 74232, 72
2026/07/29 10:08:40.115, 302.44, 100, 74232, 72
2026/07/29 10:08:41.152, 300.62, 100, 74232, 72
2026/07/29 10:08:42.191, 302.35, 100, 74232, 72
2026/07/29 10:08:43.227, 300.13, 100, 74232, 72
2026/07/29 10:08:44.264, 301.76, 100, 74232, 72
2026/07/29 10:08:45.301, 300.65, 100, 74232, 72
2026/07/29 10:08:46.337, 299.83, 100, 74232, 72
2026/07/29 10:08:47.374, 301.59, 100, 74232, 72
2026/07/29 10:08:48.411, 293.06, 100, 74232, 72
2026/07/29 10:08:49.449, 294.14, 100, 74232, 72
2026/07/29 10:08:50.486, 293.62, 100, 74232, 72
2026/07/29 10:08:51.527, 292.49, 100, 74232, 71
2026/07/29 10:08:52.562, 301.10, 100, 74232, 72
2026/07/29 10:08:53.600, 293.36, 100, 74232, 71
2026/07/29 10:08:54.637, 293.64, 100, 74232, 72
2026/07/29 10:08:55.673, 299.24, 100, 74232, 71
2026/07/29 10:08:56.710, 300.81, 100, 74232, 71
2026/07/29 10:08:57.748, 291.79, 100, 74232, 71
2026/07/29 10:08:58.785, 296.08, 100, 74232, 71
2026/07/29 10:08:59.822, 300.55, 100, 74232, 71
2026/07/29 10:09:00.858, 301.50, 100, 74232, 71
2026/07/29 10:09:01.895, 300.41, 100, 74232, 71
2026/07/29 10:09:02.933, 299.65, 100, 74232, 71
2026/07/29 10:09:03.971, 299.74, 100, 74232, 71
2026/07/29 10:09:05.008, 299.84, 100, 74232, 71
2026/07/29 10:09:06.044, 300.83, 100, 74232, 71
2026/07/29 10:09:07.082, 300.04, 100, 74232, 71
2026/07/29 10:09:08.119, 300.13, 100, 74232, 71
2026/07/29 10:09:09.157, 300.44, 100, 74232, 71
2026/07/29 10:09:10.194, 300.63, 100, 74232, 71
2026/07/29 10:09:11.232, 301.70, 100, 74232, 71
2026/07/29 10:09:12.268, 300.83, 100, 74232, 71
2026/07/29 10:09:13.305, 300.72, 100, 74232, 72
2026/07/29 10:09:14.343, 300.71, 100, 74232, 72
2026/07/29 10:09:15.380, 300.25, 100, 74232, 72
2026/07/29 10:09:16.417, 300.98, 100, 74232, 72
2026/07/29 10:09:17.456, 307.54, 100, 74232, 72
2026/07/29 10:09:18.495, 301.32, 100, 74232, 72
2026/07/29 10:09:19.531, 300.33, 100, 74232, 72
2026/07/29 10:09:20.566, 301.45, 100, 74232, 72
2026/07/29 10:09:21.603, 300.73, 100, 74232, 72
2026/07/29 10:09:22.639, 301.00, 100, 74232, 72
2026/07/29 10:09:23.676, 300.35, 100, 74232, 72
2026/07/29 10:09:24.713, 300.41, 100, 74232, 71
2026/07/29 10:09:25.751, 292.67, 100, 74232, 71
2026/07/29 10:09:26.787, 300.54, 100, 74232, 71
2026/07/29 10:09:27.824, 300.50, 100, 74232, 71
2026/07/29 10:09:28.860, 288.62, 100, 74232, 71
2026/07/29 10:09:29.897, 292.02, 100, 74232, 71
2026/07/29 10:09:30.934, 293.16, 100, 74232, 71
2026/07/29 10:09:31.973, 304.02, 100, 74232, 71
2026/07/29 10:09:33.010, 299.63, 100, 74232, 71
2026/07/29 10:09:34.047, 300.61, 100, 74232, 71
2026/07/29 10:09:35.084, 300.03, 100, 74232, 71
2026/07/29 10:09:36.121, 301.22, 100, 74232, 72
2026/07/29 10:09:37.161, 300.44, 100, 74232, 71
2026/07/29 10:09:38.198, 301.59, 100, 74232, 72
2026/07/29 10:09:39.234, 299.93, 100, 74232, 71
2026/07/29 10:09:40.271, 301.31, 100, 74232, 71
2026/07/29 10:09:41.310, 300.03, 100, 74232, 71
2026/07/29 10:09:42.347, 300.23, 100, 74232, 71
2026/07/29 10:09:43.384, 303.20, 100, 74232, 71
2026/07/29 10:09:44.422, 297.43, 100, 74232, 71
2026/07/29 10:09:45.458, 300.44, 100, 74232, 71
2026/07/29 10:09:46.496, 300.02, 100, 74232, 71
2026/07/29 10:09:47.533, 300.82, 100, 74232, 71
2026/07/29 10:09:48.569, 300.03, 100, 74232, 71
2026/07/29 10:09:49.607, 302.36, 100, 74232, 71
2026/07/29 10:09:50.644, 299.37, 100, 74232, 71
2026/07/29 10:09:51.682, 304.10, 100, 74232, 71
2026/07/29 10:09:52.719, 299.54, 100, 74232, 71
2026/07/29 10:09:53.756, 301.97, 100, 74232, 71
2026/07/29 10:09:54.794, 297.32, 100, 74232, 71
2026/07/29 10:09:55.831, 293.06, 100, 74232, 71
2026/07/29 10:09:56.870, 294.04, 100, 74232, 71
2026/07/29 10:09:57.906, 289.21, 100, 74232, 71
2026/07/29 10:09:58.944, 289.37, 100, 74232, 71
2026/07/29 10:09:59.980, 293.36, 100, 74232, 71
2026/07/29 10:10:01.018, 293.27, 100, 74232, 71
2026/07/29 10:10:02.054, 295.20, 100, 74232, 71
2026/07/29 10:10:03.095, 300.05, 100, 74232, 71
2026/07/29 10:10:04.132, 297.70, 100, 74232, 71
2026/07/29 10:10:05.168, 300.50, 100, 74232, 71
2026/07/29 10:10:06.205, 300.14, 100, 74232, 71
2026/07/29 10:10:07.242, 300.79, 100, 74232, 71
2026/07/29 10:10:08.280, 300.22, 100, 74232, 71
2026/07/29 10:10:09.318, 300.26, 100, 74232, 71
2026/07/29 10:10:10.354, 300.41, 100, 74232, 71
2026/07/29 10:10:11.390, 303.21, 100, 74232, 71
2026/07/29 10:10:12.426, 300.93, 100, 74232, 71
2026/07/29 10:10:13.463, 300.06, 100, 74232, 71
2026/07/29 10:10:14.501, 301.10, 100, 74232, 71
2026/07/29 10:10:15.539, 301.02, 100, 74232, 72
2026/07/29 10:10:16.577, 300.63, 100, 74232, 71
2026/07/29 10:10:17.617, 302.29, 100, 74232, 71
2026/07/29 10:10:18.656, 301.13, 100, 74232, 71
2026/07/29 10:10:19.693, 300.35, 100, 74232, 71
2026/07/29 10:10:20.731, 300.92, 100, 74232, 71
2026/07/29 10:10:21.769, 301.14, 100, 74232, 71
2026/07/29 10:10:22.811, 294.91, 100, 74232, 71
2026/07/29 10:10:23.849, 294.71, 100, 74232, 71
2026/07/29 10:10:24.886, 293.56, 100, 74232, 71
2026/07/29 10:10:25.925, 293.45, 100, 74232, 71
2026/07/29 10:10:26.962, 292.88, 100, 74232, 71
2026/07/29 10:10:28.000, 293.17, 100, 74232, 71
2026/07/29 10:10:29.039, 295.26, 100, 74232, 71
2026/07/29 10:10:30.077, 301.96, 100, 74232, 71
2026/07/29 10:10:31.115, 300.72, 100, 74232, 71
2026/07/29 10:10:32.153, 296.96, 100, 74232, 71
2026/07/29 10:10:33.191, 300.03, 100, 74232, 71
2026/07/29 10:10:34.229, 301.00, 100, 74232, 72
2026/07/29 10:10:35.266, 300.81, 100, 74232, 72
2026/07/29 10:10:36.303, 300.45, 100, 74232, 72
2026/07/29 10:10:37.341, 301.28, 100, 74232, 72
2026/07/29 10:10:38.378, 300.06, 100, 74232, 72
2026/07/29 10:10:39.417, 301.18, 100, 74232, 72
2026/07/29 10:10:40.454, 302.26, 100, 74232, 72
2026/07/29 10:10:41.491, 300.73, 100, 74232, 72
2026/07/29 10:10:42.530, 301.30, 100, 74232, 72
2026/07/29 10:10:43.567, 300.24, 100, 74232, 72
2026/07/29 10:10:44.604, 300.53, 100, 74232, 72
2026/07/29 10:10:45.643, 301.01, 100, 74232, 71
2026/07/29 10:10:46.681, 294.05, 100, 74232, 71
2026/07/29 10:10:47.719, 292.88, 100, 74232, 71
2026/07/29 10:10:48.758, 292.77, 100, 74232, 72
2026/07/29 10:10:49.795, 297.05, 100, 74232, 71
2026/07/29 10:10:50.833, 300.62, 100, 74232, 72
2026/07/29 10:10:51.871, 297.52, 100, 74232, 72
2026/07/29 10:10:52.913, 301.29, 100, 74232, 72
2026/07/29 10:10:53.951, 300.73, 100, 74232, 72
2026/07/29 10:10:54.988, 299.26, 100, 74232, 72
2026/07/29 10:10:56.027, 301.76, 100, 74232, 72
2026/07/29 10:10:57.063, 303.80, 100, 74232, 72
2026/07/29 10:10:58.100, 301.30, 100, 74232, 72
2026/07/29 10:10:59.137, 300.71, 100, 74232, 72
2026/07/29 10:11:00.175, 300.81, 100, 74232, 72
2026/07/29 10:11:01.217, 300.76, 100, 74232, 72
2026/07/29 10:11:02.254, 302.06, 100, 74232, 72
2026/07/29 10:11:03.290, 300.51, 100, 74232, 72
2026/07/29 10:11:04.329, 299.73, 100, 74232, 72
2026/07/29 10:11:05.367, 300.61, 100, 74232, 72
2026/07/29 10:11:06.405, 301.49, 100, 74232, 72
2026/07/29 10:11:07.441, 302.45, 100, 74232, 72
2026/07/29 10:11:08.479, 302.47, 100, 74232, 72
2026/07/29 10:11:09.516, 300.43, 100, 74232, 72
2026/07/29 10:11:10.552, 301.19, 100, 74232, 72
2026/07/29 10:11:11.589, 302.74, 100, 74232, 72
2026/07/29 10:11:12.627, 300.03, 100, 74232, 72
2026/07/29 10:11:13.665, 301.01, 100, 74232, 72
2026/07/29 10:11:14.703, 300.73, 100, 74232, 72
2026/07/29 10:11:15.742, 300.35, 100, 74232, 72
2026/07/29 10:11:16.782, 302.53, 100, 74232, 72
2026/07/29 10:11:17.820, 294.89, 100, 74232, 72
2026/07/29 10:11:18.858, 292.86, 100, 74232, 72
2026/07/29 10:11:19.895, 289.78, 100, 74232, 72
2026/07/29 10:11:20.933, 295.20, 100, 74232, 72
2026/07/29 10:11:21.971, 293.46, 100, 74232, 72
2026/07/29 10:11:23.007, 293.37, 100, 74232, 72
2026/07/29 10:11:24.049, 293.67, 100, 74232, 72
2026/07/29 10:11:25.086, 293.75, 100, 74232, 72
2026/07/29 10:11:26.123, 293.14, 100, 74232, 72
2026/07/29 10:11:27.160, 300.92, 100, 74232, 72
2026/07/29 10:11:28.197, 301.00, 100, 74232, 72
2026/07/29 10:11:29.238, 302.09, 100, 74232, 72
2026/07/29 10:11:30.275, 300.62, 100, 74232, 72
2026/07/29 10:11:31.312, 300.66, 100, 74232, 72
2026/07/29 10:11:32.352, 301.40, 100, 74232, 72
2026/07/29 10:11:33.390, 300.90, 100, 74232, 72
2026/07/29 10:11:34.426, 301.57, 100, 74232, 72
2026/07/29 10:11:35.464, 300.90, 100, 74232, 72
2026/07/29 10:11:36.501, 300.41, 100, 74232, 72
2026/07/29 10:11:37.540, 301.58, 100, 74232, 72
2026/07/29 10:11:38.577, 301.98, 100, 74232, 72
2026/07/29 10:11:39.614, 300.34, 100, 74232, 72
2026/07/29 10:11:40.651, 300.90, 100, 74232, 72
2026/07/29 10:11:41.688, 302.07, 100, 74232, 72
2026/07/29 10:11:42.728, 300.72, 100, 74232, 72
2026/07/29 10:11:43.764, 302.93, 100, 74232, 72
2026/07/29 10:11:44.801, 300.51, 100, 74232, 72
2026/07/29 10:11:45.839, 301.60, 100, 74232, 72
2026/07/29 10:11:46.875, 301.92, 100, 74232, 72
2026/07/29 10:11:47.915, 301.23, 100, 74232, 72
2026/07/29 10:11:48.952, 293.84, 100, 74232, 72
2026/07/29 10:11:49.989, 289.38, 100, 74232, 71
2026/07/29 10:11:51.028, 292.26, 100, 74232, 71
2026/07/29 10:11:52.065, 292.87, 100, 74232, 71
2026/07/29 10:11:53.101, 295.40, 100, 74232, 71
2026/07/29 10:11:54.138, 294.42, 100, 74232, 71
2026/07/29 10:11:55.173, 293.06, 100, 74232, 71
2026/07/29 10:11:56.209, 293.34, 100, 74232, 72
2026/07/29 10:11:57.245, 301.02, 100, 74232, 72
2026/07/29 10:11:58.282, 303.22, 100, 74232, 72
2026/07/29 10:11:59.320, 300.90, 100, 74232, 72
2026/07/29 10:12:00.359, 301.31, 100, 74232, 72
2026/07/29 10:12:01.396, 302.36, 100, 74232, 72
2026/07/29 10:12:02.433, 300.61, 100, 74232, 72
2026/07/29 10:12:03.469, 301.22, 100, 74232, 72
2026/07/29 10:12:04.505, 301.04, 100, 74232, 72
2026/07/29 10:12:05.543, 304.42, 100, 74232, 72
2026/07/29 10:12:06.580, 300.50, 100, 74232, 72
2026/07/29 10:12:07.618, 300.89, 100, 74232, 72
2026/07/29 10:12:08.655, 300.62, 100, 74232, 72
2026/07/29 10:12:09.691, 301.19, 100, 74232, 72
2026/07/29 10:12:10.727, 301.00, 100, 74232, 72
2026/07/29 10:12:11.766, 301.51, 100, 74232, 72
2026/07/29 10:12:12.802, 299.63, 100, 74232, 72
2026/07/29 10:12:13.841, 294.42, 100, 74232, 72
2026/07/29 10:12:14.880, 301.13, 100, 74232, 72
2026/07/29 10:12:15.927, 300.79, 100, 74232, 72
2026/07/29 10:12:16.965, 301.97, 100, 74232, 72
2026/07/29 10:12:18.003, 300.89, 100, 74232, 72
2026/07/29 10:12:19.040, 301.67, 100, 74232, 72
2026/07/29 10:12:20.077, 302.94, 100, 74232, 72
2026/07/29 10:12:21.114, 301.48, 100, 74232, 72
2026/07/29 10:12:22.151, 300.52, 100, 74232, 72
2026/07/29 10:12:23.189, 295.48, 100, 74232, 72
2026/07/29 10:12:24.226, 301.40, 100, 74232, 72
2026/07/29 10:12:25.264, 301.28, 100, 74232, 72
2026/07/29 10:12:26.303, 290.15, 100, 74232, 72
2026/07/29 10:12:27.342, 295.03, 100, 74232, 72
2026/07/29 10:12:28.379, 98.94, 0, 74232, 69
2026/07/29 10:12:29.411, 96.91, 0, 74232, 68
2026/07/29 10:12:30.441, 95.15, 0, 74232, 67
2026/07/29 10:12:31.471, 95.04, 0, 74232, 67
2026/07/29 10:12:32.503, 94.76, 0, 74232, 66
2026/07/29 10:12:33.535, 93.82, 0, 74232, 66
2026/07/29 10:12:34.568, 93.24, 0, 74232, 65
2026/07/29 10:12:35.599, 92.91, 0, 74232, 65
2026/07/29 10:12:36.632, 92.29, 0, 74232, 64
2026/07/29 10:12:37.664, 91.53, 0, 74232, 64
2026/07/29 10:12:38.696, 91.03, 0, 74232, 63
2026/07/29 10:12:39.730, 91.09, 0, 74232, 63
2026/07/29 10:12:40.762, 90.87, 0, 74232, 63
2026/07/29 10:12:41.793, 89.01, 0, 74232, 62
2026/07/29 10:12:42.826, 87.43, 0, 74232, 62
2026/07/29 10:12:43.857, 371.89, 0, 74232, 66
2026/07/29 10:12:44.893, 294.58, 100, 74232, 67
2026/07/29 10:12:45.930, 286.84, 100, 74232, 67
2026/07/29 10:12:46.963, 300.57, 100, 74232, 68
2026/07/29 10:12:47.999, 264.92, 100, 74232, 68
2026/07/29 10:12:49.034, 306.20, 100, 74232, 68
2026/07/29 10:12:50.073, 299.83, 100, 74232, 67
2026/07/29 10:12:51.110, 300.63, 100, 74232, 67
2026/07/29 10:12:52.146, 296.36, 100, 74232, 67
2026/07/29 10:12:53.183, 300.72, 100, 74232, 67
2026/07/29 10:12:54.221, 301.58, 100, 74232, 68
2026/07/29 10:12:55.258, 297.13, 100, 74232, 68
2026/07/29 10:12:56.295, 300.61, 100, 74232, 68
2026/07/29 10:12:57.334, 302.07, 100, 74232, 68
2026/07/29 10:12:58.374, 301.85, 100, 74232, 68
2026/07/29 10:12:59.411, 291.20, 100, 74232, 68
2026/07/29 10:13:00.449, 292.40, 100, 74232, 68
2026/07/29 10:13:01.490, 295.02, 100, 74232, 69
2026/07/29 10:13:02.528, 302.91, 100, 74232, 69
2026/07/29 10:13:03.565, 303.31, 100, 74232, 69
2026/07/29 10:13:04.603, 303.41, 100, 74232, 69
2026/07/29 10:13:05.641, 307.00, 100, 74232, 69
2026/07/29 10:13:06.678, 304.68, 100, 74232, 69
2026/07/29 10:13:07.716, 304.41, 100, 74232, 69
2026/07/29 10:13:08.753, 295.07, 100, 74232, 69
2026/07/29 10:13:09.793, 298.49, 100, 74232, 70
2026/07/29 10:13:10.831, 300.24, 100, 74232, 70
2026/07/29 10:13:11.869, 297.82, 100, 74232, 70
2026/07/29 10:13:12.907, 298.87, 100, 74232, 70
2026/07/29 10:13:13.945, 300.90, 100, 74232, 70
2026/07/29 10:13:14.982, 297.79, 100, 74232, 70
2026/07/29 10:13:16.020, 297.42, 100, 74232, 70
2026/07/29 10:13:17.058, 297.13, 100, 74232, 70
2026/07/29 10:13:18.095, 298.13, 100, 74232, 70
2026/07/29 10:13:19.133, 297.73, 100, 74232, 70
2026/07/29 10:13:20.170, 298.48, 100, 74232, 70
2026/07/29 10:13:21.211, 297.73, 100, 74232, 70
2026/07/29 10:13:22.249, 298.01, 100, 74232, 70
2026/07/29 10:13:23.286, 298.67, 100, 74232, 70
2026/07/29 10:13:24.326, 300.05, 100, 74232, 71
2026/07/29 10:13:25.363, 298.12, 100, 74232, 71
2026/07/29 10:13:26.401, 298.88, 100, 74232, 71
2026/07/29 10:13:27.439, 301.70, 100, 74232, 71
2026/07/29 10:13:28.476, 299.09, 100, 74232, 71
2026/07/29 10:13:29.514, 301.40, 100, 74232, 71
2026/07/29 10:13:30.552, 298.57, 100, 74232, 71
2026/07/29 10:13:31.590, 301.12, 100, 74232, 71
2026/07/29 10:13:32.628, 299.64, 100, 74232, 71
2026/07/29 10:13:33.667, 299.34, 100, 74232, 71
2026/07/29 10:13:34.704, 298.60, 100, 74232, 71
2026/07/29 10:13:35.742, 298.49, 100, 74232, 71
2026/07/29 10:13:36.780, 299.86, 100, 74232, 71
2026/07/29 10:13:37.817, 299.25, 100, 74232, 71
2026/07/29 10:13:38.855, 295.87, 100, 74232, 71
2026/07/29 10:13:39.892, 298.58, 100, 74232, 71
2026/07/29 10:13:40.931, 298.97, 100, 74232, 71
2026/07/29 10:13:41.968, 299.27, 100, 74232, 71
2026/07/29 10:13:43.005, 298.99, 100, 74232, 71
2026/07/29 10:13:44.044, 300.02, 100, 74232, 71
2026/07/29 10:13:45.082, 299.77, 100, 74232, 71
2026/07/29 10:13:46.120, 298.78, 100, 74232, 71
2026/07/29 10:13:47.157, 299.08, 100, 74232, 71
2026/07/29 10:13:48.199, 299.36, 100, 74232, 71
2026/07/29 10:13:49.237, 299.65, 100, 74232, 71
2026/07/29 10:13:50.275, 299.16, 100, 74232, 71
2026/07/29 10:13:51.313, 299.66, 100, 74232, 71
2026/07/29 10:13:52.351, 299.74, 100, 74232, 71
2026/07/29 10:13:53.392, 299.44, 100, 74232, 71
2026/07/29 10:13:54.430, 295.97, 100, 74232, 71
2026/07/29 10:13:55.468, 299.48, 100, 74232, 71
2026/07/29 10:13:56.505, 300.06, 100, 74232, 71
2026/07/29 10:13:57.543, 299.65, 100, 74232, 71
2026/07/29 10:13:58.584, 300.32, 100, 74232, 71
2026/07/29 10:13:59.621, 299.24, 100, 74232, 71
2026/07/29 10:14:00.658, 299.38, 100, 74232, 71
2026/07/29 10:14:01.698, 299.29, 100, 74232, 71
2026/07/29 10:14:02.735, 298.70, 100, 74232, 71
2026/07/29 10:14:03.777, 301.18, 100, 74232, 71
2026/07/29 10:14:04.816, 295.86, 100, 74232, 71
2026/07/29 10:14:05.855, 299.84, 100, 74232, 71
2026/07/29 10:14:06.892, 306.16, 100, 74232, 71
2026/07/29 10:14:07.928, 300.22, 100, 74232, 71
2026/07/29 10:14:08.965, 299.27, 100, 74232, 71
2026/07/29 10:14:10.002, 300.41, 100, 74232, 71
2026/07/29 10:14:11.040, 299.19, 100, 74232, 71
2026/07/29 10:14:12.076, 301.87, 100, 74232, 71
2026/07/29 10:14:13.114, 300.05, 100, 74232, 71
2026/07/29 10:14:14.151, 300.93, 100, 74232, 71
2026/07/29 10:14:15.189, 302.85, 100, 74232, 71
2026/07/29 10:14:16.228, 299.74, 100, 74232, 71
2026/07/29 10:14:17.265, 299.09, 100, 74232, 71
2026/07/29 10:14:18.303, 299.54, 100, 74232, 71
2026/07/29 10:14:19.339, 295.68, 100, 74232, 71
2026/07/29 10:14:20.377, 300.44, 100, 74232, 71
2026/07/29 10:14:21.414, 299.54, 100, 74232, 71
2026/07/29 10:14:22.451, 299.87, 100, 74232, 71
2026/07/29 10:14:23.488, 300.45, 100, 74232, 71
2026/07/29 10:14:24.526, 300.27, 100, 74232, 71
2026/07/29 10:14:25.563, 298.89, 100, 74232, 71
2026/07/29 10:14:26.600, 304.09, 100, 74232, 71
2026/07/29 10:14:27.637, 296.44, 100, 74232, 71
2026/07/29 10:14:28.674, 300.83, 100, 74232, 71
2026/07/29 10:14:29.712, 299.78, 100, 74232, 71
2026/07/29 10:14:30.750, 300.47, 100, 74232, 71
2026/07/29 10:14:31.788, 297.33, 100, 74232, 71
2026/07/29 10:14:32.826, 299.74, 100, 74232, 71
2026/07/29 10:14:33.863, 291.12, 100, 74232, 71
2026/07/29 10:14:34.900, 289.06, 100, 74232, 71
2026/07/29 10:14:35.937, 292.58, 100, 74232, 71
2026/07/29 10:14:36.975, 298.60, 100, 74232, 71
2026/07/29 10:14:38.014, 298.39, 100, 74232, 71
2026/07/29 10:14:39.054, 301.58, 100, 74232, 71
2026/07/29 10:14:40.091, 299.66, 100, 74232, 71
2026/07/29 10:14:41.128, 297.43, 100, 74232, 71
2026/07/29 10:14:42.167, 299.27, 100, 74232, 71
2026/07/29 10:14:43.204, 300.24, 100, 74232, 71
2026/07/29 10:14:44.242, 299.73, 100, 74232, 71
2026/07/29 10:14:45.279, 296.28, 100, 74232, 71
2026/07/29 10:14:46.316, 296.93, 100, 74232, 71
2026/07/29 10:14:47.354, 300.92, 100, 74232, 71
2026/07/29 10:14:48.393, 300.13, 100, 74232, 71
2026/07/29 10:14:49.430, 306.92, 100, 74232, 71
2026/07/29 10:14:50.467, 295.67, 100, 74232, 71
2026/07/29 10:14:51.507, 299.66, 100, 74232, 71
2026/07/29 10:14:52.545, 299.93, 100, 74232, 71
2026/07/29 10:14:53.588, 300.10, 100, 74232, 71
2026/07/29 10:14:54.626, 299.36, 100, 74232, 71
2026/07/29 10:14:55.663, 301.09, 100, 74232, 71
2026/07/29 10:14:56.701, 301.08, 100, 74232, 71
2026/07/29 10:14:57.738, 300.15, 100, 74232, 71
2026/07/29 10:14:58.777, 300.06, 100, 74232, 71
2026/07/29 10:14:59.814, 300.42, 100, 74232, 71
2026/07/29 10:15:00.851, 299.56, 100, 74232, 71
2026/07/29 10:15:01.888, 301.23, 100, 74232, 71
2026/07/29 10:15:02.927, 300.45, 100, 74232, 71
2026/07/29 10:15:03.965, 289.88, 100, 74232, 71
2026/07/29 10:15:05.002, 292.48, 100, 74232, 71
2026/07/29 10:15:06.044, 293.16, 100, 74232, 71
2026/07/29 10:15:07.081, 300.04, 100, 74232, 71
2026/07/29 10:15:08.118, 300.15, 100, 74232, 71
2026/07/29 10:15:09.155, 300.07, 100, 74232, 71
2026/07/29 10:15:10.192, 300.43, 100, 74232, 71
2026/07/29 10:15:11.229, 299.95, 100, 74232, 71
2026/07/29 10:15:12.266, 299.15, 100, 74232, 71
2026/07/29 10:15:13.306, 300.72, 100, 74232, 71
2026/07/29 10:15:14.342, 300.52, 100, 74232, 71
2026/07/29 10:15:15.378, 301.39, 100, 74232, 71
2026/07/29 10:15:16.414, 296.18, 100, 74232, 71
2026/07/29 10:15:17.450, 295.28, 100, 74232, 71
2026/07/29 10:15:18.486, 295.97, 100, 74232, 71
2026/07/29 10:15:19.522, 292.95, 100, 74232, 71
2026/07/29 10:15:20.559, 289.74, 100, 74232, 71
2026/07/29 10:15:21.595, 293.18, 100, 74232, 71
2026/07/29 10:15:22.632, 288.68, 100, 74232, 71
2026/07/29 10:15:23.669, 299.20, 100, 74232, 71
2026/07/29 10:15:24.707, 300.63, 100, 74232, 71
2026/07/29 10:15:25.745, 299.85, 100, 74232, 71
2026/07/29 10:15:26.782, 300.15, 100, 74232, 71
2026/07/29 10:15:27.819, 299.95, 100, 74232, 71
2026/07/29 10:15:28.856, 300.65, 100, 74232, 71
2026/07/29 10:15:29.893, 299.87, 100, 74232, 71
2026/07/29 10:15:30.929, 300.23, 100, 74232, 71
2026/07/29 10:15:31.966, 300.99, 100, 74232, 71
2026/07/29 10:15:33.003, 293.06, 100, 74232, 71
2026/07/29 10:15:34.040, 292.47, 100, 74232, 71
2026/07/29 10:15:35.076, 292.57, 100, 74232, 71
2026/07/29 10:15:36.113, 293.25, 100, 74232, 71
2026/07/29 10:15:37.149, 295.70, 100, 74232, 71
2026/07/29 10:15:38.185, 299.07, 100, 74232, 71
2026/07/29 10:15:39.226, 299.93, 100, 74232, 71
2026/07/29 10:15:40.263, 300.83, 100, 74232, 71
2026/07/29 10:15:41.301, 296.66, 100, 74232, 71
2026/07/29 10:15:42.344, 292.89, 100, 74232, 71
2026/07/29 10:15:43.381, 301.02, 100, 74232, 71
2026/07/29 10:15:44.419, 297.42, 100, 74232, 71
2026/07/29 10:15:45.458, 297.04, 100, 74232, 71
2026/07/29 10:15:46.495, 300.76, 100, 74232, 71
2026/07/29 10:15:47.534, 299.64, 100, 74232, 71
2026/07/29 10:15:48.571, 298.58, 100, 74232, 71
2026/07/29 10:15:49.609, 299.26, 100, 74232, 71
2026/07/29 10:15:50.647, 300.61, 100, 74232, 71
2026/07/29 10:15:51.685, 300.53, 100, 74232, 71
2026/07/29 10:15:52.724, 301.39, 100, 74232, 71
2026/07/29 10:15:53.761, 301.08, 100, 74232, 71
2026/07/29 10:15:54.799, 300.23, 100, 74232, 71
2026/07/29 10:15:55.835, 296.46, 100, 74232, 71
2026/07/29 10:15:56.874, 296.74, 100, 74232, 71
2026/07/29 10:15:57.911, 297.34, 100, 74232, 71
2026/07/29 10:15:58.947, 301.32, 100, 74232, 71
2026/07/29 10:15:59.983, 300.98, 100, 74232, 71
2026/07/29 10:16:01.019, 301.58, 100, 74232, 71
2026/07/29 10:16:02.055, 299.47, 100, 74232, 71
2026/07/29 10:16:03.091, 300.41, 100, 74232, 71
2026/07/29 10:16:04.128, 301.52, 100, 74232, 71
2026/07/29 10:16:05.165, 301.60, 100, 74232, 71
2026/07/29 10:16:06.202, 300.13, 100, 74232, 71
2026/07/29 10:16:07.238, 300.80, 100, 74232, 71
2026/07/29 10:16:08.276, 300.79, 100, 74232, 71
2026/07/29 10:16:09.313, 301.20, 100, 74232, 71
2026/07/29 10:16:10.353, 301.59, 100, 74232, 71
2026/07/29 10:16:11.390, 302.29, 100, 74232, 71
2026/07/29 10:16:12.426, 300.06, 100, 74232, 71
2026/07/29 10:16:13.463, 300.32, 100, 74232, 71
2026/07/29 10:16:14.499, 299.83, 100, 74232, 71
2026/07/29 10:16:15.539, 300.15, 100, 74232, 71
2026/07/29 10:16:16.575, 301.80, 100, 74232, 71
2026/07/29 10:16:17.612, 296.74, 100, 74232, 71
2026/07/29 10:16:18.649, 300.91, 100, 74232, 71
2026/07/29 10:16:19.685, 293.16, 100, 74232, 71
2026/07/29 10:16:20.722, 292.40, 100, 74232, 71
2026/07/29 10:16:21.759, 300.81, 100, 74232, 71
2026/07/29 10:16:22.798, 295.38, 100, 74232, 71
2026/07/29 10:16:23.835, 292.28, 100, 74232, 71
2026/07/29 10:16:24.878, 292.70, 100, 74232, 71
2026/07/29 10:16:25.916, 300.53, 100, 74232, 71
2026/07/29 10:16:26.953, 302.16, 100, 74232, 71
2026/07/29 10:16:27.990, 300.26, 100, 74232, 71
2026/07/29 10:16:29.026, 300.33, 100, 74232, 71
2026/07/29 10:16:30.062, 300.65, 100, 74232, 72
2026/07/29 10:16:31.098, 300.71, 100, 74232, 71
2026/07/29 10:16:32.134, 301.63, 100, 74232, 72
2026/07/29 10:16:33.171, 300.93, 100, 74232, 72
2026/07/29 10:16:34.207, 301.80, 100, 74232, 72
2026/07/29 10:16:35.243, 300.76, 100, 74232, 72
2026/07/29 10:16:36.279, 302.35, 100, 74232, 72
2026/07/29 10:16:37.314, 300.42, 100, 74232, 72
2026/07/29 10:16:38.350, 300.34, 100, 74232, 71
2026/07/29 10:16:39.386, 290.25, 100, 74232, 71
2026/07/29 10:16:40.426, 292.68, 100, 74232, 71
2026/07/29 10:16:41.463, 293.27, 100, 74232, 71
2026/07/29 10:16:42.501, 296.45, 100, 74232, 72
2026/07/29 10:16:43.538, 298.99, 100, 74232, 72
2026/07/29 10:16:44.576, 300.25, 100, 74232, 72
2026/07/29 10:16:45.613, 299.45, 100, 74232, 72
2026/07/29 10:16:46.650, 300.91, 100, 74232, 72
2026/07/29 10:16:47.688, 300.82, 100, 74232, 72
2026/07/29 10:16:48.725, 304.30, 100, 74232, 72
2026/07/29 10:16:49.765, 299.94, 100, 74232, 72
2026/07/29 10:16:50.802, 301.10, 100, 74232, 72
2026/07/29 10:16:51.846, 301.20, 100, 74232, 72
2026/07/29 10:16:52.882, 301.08, 100, 74232, 72
2026/07/29 10:16:53.919, 303.60, 100, 74232, 72
2026/07/29 10:16:54.957, 301.39, 100, 74232, 72
2026/07/29 10:16:55.994, 300.99, 100, 74232, 72
2026/07/29 10:16:57.031, 301.49, 100, 74232, 72
2026/07/29 10:16:58.069, 301.48, 100, 74232, 72
2026/07/29 10:16:59.107, 300.12, 100, 74232, 72
2026/07/29 10:17:00.145, 300.74, 100, 74232, 72
2026/07/29 10:17:01.183, 301.60, 100, 74232, 72
2026/07/29 10:17:02.222, 301.58, 100, 74232, 72
2026/07/29 10:17:03.259, 302.83, 100, 74232, 72
2026/07/29 10:17:04.300, 301.19, 100, 74232, 72
2026/07/29 10:17:05.338, 301.20, 100, 74232, 72
2026/07/29 10:17:06.376, 301.29, 100, 74232, 72
2026/07/29 10:17:07.414, 300.82, 100, 74232, 72
2026/07/29 10:17:08.450, 303.41, 100, 74232, 72
2026/07/29 10:17:09.487, 301.47, 100, 74232, 72
2026/07/29 10:17:10.524, 297.81, 100, 74232, 72
2026/07/29 10:17:11.560, 295.48, 100, 74232, 72
2026/07/29 10:17:12.597, 289.86, 100, 74232, 72
2026/07/29 10:17:13.634, 294.03, 100, 74232, 72
2026/07/29 10:17:14.673, 290.34, 100, 74232, 72
2026/07/29 10:17:15.710, 294.33, 100, 74232, 72
2026/07/29 10:17:16.747, 299.47, 100, 74232, 72
2026/07/29 10:17:17.784, 292.98, 100, 74232, 72
2026/07/29 10:17:18.820, 300.73, 100, 74232, 72
2026/07/29 10:17:19.857, 300.62, 100, 74232, 72
2026/07/29 10:17:20.894, 297.13, 100, 74232, 72
2026/07/29 10:17:21.931, 301.03, 100, 74232, 72
2026/07/29 10:17:22.968, 301.30, 100, 74232, 72
2026/07/29 10:17:24.006, 298.70, 100, 74232, 72
2026/07/29 10:17:25.044, 300.79, 100, 74232, 72
2026/07/29 10:17:26.084, 297.61, 100, 74232, 72
2026/07/29 10:17:27.120, 300.24, 100, 74232, 72
2026/07/29 10:17:28.155, 301.95, 100, 74232, 72
2026/07/29 10:17:29.193, 300.22, 100, 74232, 72
2026/07/29 10:17:30.232, 300.23, 100, 74232, 72
2026/07/29 10:17:31.273, 300.71, 100, 74232, 71
2026/07/29 10:17:32.311, 300.60, 100, 74232, 71
2026/07/29 10:17:33.349, 300.37, 100, 74232, 71
2026/07/29 10:17:34.388, 300.73, 100, 74232, 71
2026/07/29 10:17:35.425, 302.46, 100, 74232, 71
2026/07/29 10:17:36.462, 299.85, 100, 74232, 71
2026/07/29 10:17:37.499, 301.49, 100, 74232, 71
2026/07/29 10:17:38.536, 300.55, 100, 74232, 71
2026/07/29 10:17:39.575, 300.72, 100, 74232, 71
2026/07/29 10:17:40.612, 294.89, 100, 74232, 71
2026/07/29 10:17:41.652, 292.69, 100, 74232, 71
2026/07/29 10:17:42.690, 295.39, 100, 74232, 71
2026/07/29 10:17:43.727, 292.58, 100, 74232, 71
2026/07/29 10:17:44.764, 298.81, 100, 74232, 73
2026/07/29 10:17:45.798, 293.54, 100, 74232, 73
2026/07/29 10:17:46.832, 294.63, 100, 74232, 73
2026/07/29 10:17:47.869, 299.17, 100, 74232, 73
2026/07/29 10:17:48.907, 303.53, 100, 74232, 73
2026/07/29 10:17:49.947, 276.70, 100, 74232, 73
2026/07/29 10:17:50.983, 305.83, 100, 74232, 71
2026/07/29 10:17:52.021, 298.87, 100, 74232, 71
2026/07/29 10:17:53.061, 299.17, 100, 74232, 72
2026/07/29 10:17:54.099, 299.94, 100, 74232, 72
2026/07/29 10:17:55.136, 301.76, 100, 74232, 72
2026/07/29 10:17:56.174, 300.45, 100, 74232, 72
2026/07/29 10:17:57.211, 299.82, 100, 74232, 72
2026/07/29 10:17:58.247, 300.45, 100, 74232, 72
2026/07/29 10:17:59.284, 300.68, 100, 74232, 72
2026/07/29 10:18:00.323, 303.03, 100, 74232, 72
2026/07/29 10:18:01.361, 295.58, 100, 74232, 72
2026/07/29 10:18:02.398, 298.41, 100, 74232, 72
2026/07/29 10:18:03.435, 299.56, 100, 74232, 72
2026/07/29 10:18:04.471, 293.54, 100, 74232, 72
2026/07/29 10:18:05.510, 301.68, 100, 74232, 72
2026/07/29 10:18:06.547, 300.15, 100, 74232, 72
2026/07/29 10:18:07.586, 299.59, 100, 74232, 72
2026/07/29 10:18:08.623, 300.74, 100, 74232, 72
2026/07/29 10:18:09.660, 301.09, 100, 74232, 72
2026/07/29 10:18:10.698, 301.32, 100, 74232, 72
2026/07/29 10:18:11.736, 301.12, 100, 74232, 72
2026/07/29 10:18:12.775, 301.18, 100, 74232, 72
2026/07/29 10:18:13.811, 299.67, 100, 74232, 72
2026/07/29 10:18:14.848, 301.39, 100, 74232, 72
2026/07/29 10:18:15.886, 301.50, 100, 74232, 72
2026/07/29 10:18:16.924, 301.96, 100, 74232, 72
2026/07/29 10:18:17.962, 300.85, 100, 74232, 72
2026/07/29 10:18:19.000, 303.17, 100, 74232, 72
2026/07/29 10:18:20.037, 300.12, 100, 74232, 72
2026/07/29 10:18:21.073, 301.19, 100, 74232, 72
2026/07/29 10:18:22.111, 300.90, 100, 74232, 72
2026/07/29 10:18:23.148, 300.32, 100, 74232, 72
2026/07/29 10:18:24.184, 299.93, 100, 74232, 72
2026/07/29 10:18:25.223, 295.10, 100, 74232, 72
2026/07/29 10:18:26.262, 300.89, 100, 74232, 72
2026/07/29 10:18:27.300, 302.12, 100, 74232, 72
2026/07/29 10:18:28.340, 293.34, 100, 74232, 72
2026/07/29 10:18:29.377, 300.67, 100, 74232, 72
2026/07/29 10:18:30.414, 300.25, 100, 74232, 72
2026/07/29 10:18:31.451, 289.88, 100, 74232, 71
2026/07/29 10:18:32.487, 293.54, 100, 74232, 71
2026/07/29 10:18:33.525, 296.34, 100, 74232, 71
2026/07/29 10:18:34.562, 289.30, 100, 74232, 71
2026/07/29 10:18:35.605, 292.38, 100, 74232, 71
2026/07/29 10:18:36.643, 292.95, 100, 74232, 71
2026/07/29 10:18:37.679, 299.97, 100, 74232, 71
2026/07/29 10:18:38.717, 297.23, 100, 74232, 71
2026/07/29 10:18:39.753, 300.32, 100, 74232, 72
2026/07/29 10:18:40.790, 301.10, 100, 74232, 72
2026/07/29 10:18:41.826, 300.14, 100, 74232, 72
2026/07/29 10:18:42.863, 300.63, 100, 74232, 72
2026/07/29 10:18:43.901, 300.25, 100, 74232, 72
2026/07/29 10:18:44.937, 300.24, 100, 74232, 72
2026/07/29 10:18:45.973, 300.98, 100, 74232, 72
2026/07/29 10:18:47.011, 299.92, 100, 74232, 72
2026/07/29 10:18:48.049, 301.18, 100, 74232, 72
2026/07/29 10:18:49.085, 299.86, 100, 74232, 72
2026/07/29 10:18:50.122, 299.56, 100, 74232, 72
2026/07/29 10:18:51.159, 300.55, 100, 74232, 72
2026/07/29 10:18:52.196, 300.90, 100, 74232, 72
2026/07/29 10:18:53.233, 300.91, 100, 74232, 72
2026/07/29 10:18:54.269, 297.55, 100, 74232, 72
2026/07/29 10:18:55.307, 300.31, 100, 74232, 72
2026/07/29 10:18:56.345, 300.91, 100, 74232, 72
2026/07/29 10:18:57.382, 301.80, 100, 74232, 72
2026/07/29 10:18:58.419, 308.89, 100, 74232, 72
2026/07/29 10:18:59.455, 301.60, 100, 74232, 72
2026/07/29 10:19:00.494, 300.80, 100, 74232, 72
2026/07/29 10:19:01.532, 301.52, 100, 74232, 72
2026/07/29 10:19:02.570, 302.67, 100, 74232, 72
2026/07/29 10:19:03.608, 299.45, 100, 74232, 72
2026/07/29 10:19:04.649, 302.44, 100, 74232, 72
2026/07/29 10:19:05.686, 299.85, 100, 74232, 72
2026/07/29 10:19:06.723, 299.93, 100, 74232, 72
2026/07/29 10:19:07.761, 301.88, 100, 74232, 72
2026/07/29 10:19:08.797, 299.17, 100, 74232, 72
2026/07/29 10:19:09.834, 302.50, 100, 74232, 72
2026/07/29 10:19:10.871, 300.52, 100, 74232, 72
2026/07/29 10:19:11.911, 295.97, 100, 74232, 72
2026/07/29 10:19:12.948, 293.06, 100, 74232, 72
2026/07/29 10:19:13.986, 289.77, 100, 74232, 72
2026/07/29 10:19:15.026, 293.64, 100, 74232, 72
2026/07/29 10:19:16.063, 292.48, 100, 74232, 72
2026/07/29 10:19:17.100, 294.53, 100, 74232, 72
2026/07/29 10:19:18.139, 300.42, 100, 74232, 72
2026/07/29 10:19:19.176, 292.48, 100, 74232, 72
2026/07/29 10:19:20.213, 301.66, 100, 74232, 72
2026/07/29 10:19:21.250, 301.20, 100, 74232, 72
2026/07/29 10:19:22.286, 302.57, 100, 74232, 72
2026/07/29 10:19:23.323, 301.01, 100, 74232, 72
2026/07/29 10:19:24.360, 301.11, 100, 74232, 72
2026/07/29 10:19:25.397, 300.91, 100, 74232, 72
2026/07/29 10:19:26.433, 300.92, 100, 74232, 72
2026/07/29 10:19:27.470, 300.23, 100, 74232, 72
2026/07/29 10:19:28.507, 300.80, 100, 74232, 72
2026/07/29 10:19:29.548, 301.49, 100, 74232, 72
2026/07/29 10:19:30.585, 301.10, 100, 74232, 72
2026/07/29 10:19:31.621, 301.30, 100, 74232, 72
2026/07/29 10:19:32.657, 300.92, 100, 74232, 72
2026/07/29 10:19:33.694, 300.82, 100, 74232, 72
2026/07/29 10:19:34.732, 300.76, 100, 74232, 72
2026/07/29 10:19:35.768, 300.52, 100, 74232, 72
2026/07/29 10:19:36.808, 301.90, 100, 74232, 72
2026/07/29 10:19:37.844, 300.32, 100, 74232, 72
2026/07/29 10:19:38.880, 300.79, 100, 74232, 72
2026/07/29 10:19:39.916, 300.34, 100, 74232, 72
2026/07/29 10:19:40.952, 295.11, 100, 74232, 72
2026/07/29 10:19:41.989, 292.86, 100, 74232, 72
2026/07/29 10:19:43.026, 293.84, 100, 74232, 72
2026/07/29 10:19:44.064, 300.63, 100, 74232, 72
2026/07/29 10:19:45.101, 301.88, 100, 74232, 72
2026/07/29 10:19:46.141, 300.62, 100, 74232, 72
2026/07/29 10:19:47.178, 302.35, 100, 74232, 72
2026/07/29 10:19:48.214, 301.09, 100, 74232, 72
2026/07/29 10:19:49.252, 300.03, 100, 74232, 72
2026/07/29 10:19:50.288, 292.70, 100, 74232, 72
2026/07/29 10:19:51.328, 290.25, 100, 74232, 71
2026/07/29 10:19:52.365, 293.54, 100, 74232, 71
2026/07/29 10:19:53.403, 292.59, 100, 74232, 72
2026/07/29 10:19:54.439, 292.09, 100, 74232, 72
2026/07/29 10:19:55.475, 292.38, 100, 74232, 72
2026/07/29 10:19:56.511, 296.93, 100, 74232, 72
2026/07/29 10:19:57.549, 295.77, 100, 74232, 72
2026/07/29 10:19:58.589, 301.41, 100, 74232, 72
2026/07/29 10:19:59.625, 300.43, 100, 74232, 72
2026/07/29 10:20:00.662, 303.65, 100, 74232, 72
2026/07/29 10:20:01.698, 300.42, 100, 74232, 72
2026/07/29 10:20:02.734, 300.72, 100, 74232, 72
2026/07/29 10:20:03.771, 300.05, 100, 74232, 72
2026/07/29 10:20:04.807, 301.12, 100, 74232, 72
2026/07/29 10:20:05.844, 304.92, 100, 74232, 72
2026/07/29 10:20:06.881, 301.01, 100, 74232, 72
2026/07/29 10:20:07.919, 300.43, 100, 74232, 72
2026/07/29 10:20:08.956, 300.74, 100, 74232, 72
2026/07/29 10:20:09.994, 301.71, 100, 74232, 72
2026/07/29 10:20:11.032, 300.41, 100, 74232, 72
2026/07/29 10:20:12.072, 300.23, 100, 74232, 72
2026/07/29 10:20:13.109, 301.01, 100, 74232, 72
2026/07/29 10:20:14.145, 300.53, 100, 74232, 72
2026/07/29 10:20:15.182, 300.14, 100, 74232, 72
2026/07/29 10:20:16.219, 295.68, 100, 74232, 71
2026/07/29 10:20:17.261, 293.74, 100, 74232, 71
2026/07/29 10:20:18.298, 293.85, 100, 74232, 71
2026/07/29 10:20:19.337, 289.57, 100, 74232, 71
2026/07/29 10:20:20.375, 293.47, 100, 74232, 71
2026/07/29 10:20:21.413, 292.29, 100, 74232, 71
2026/07/29 10:20:22.454, 293.57, 100, 74232, 72
2026/07/29 10:20:23.492, 297.42, 100, 74232, 72
2026/07/29 10:20:24.531, 301.13, 100, 74232, 72
2026/07/29 10:20:25.569, 302.37, 100, 74232, 72
2026/07/29 10:20:26.607, 300.43, 100, 74232, 72
2026/07/29 10:20:27.645, 300.65, 100, 74232, 72
2026/07/29 10:20:28.683, 300.99, 100, 74232, 72
2026/07/29 10:20:29.722, 300.43, 100, 74232, 72
2026/07/29 10:20:30.760, 299.77, 100, 74232, 72
2026/07/29 10:20:31.799, 301.19, 100, 74232, 72
2026/07/29 10:20:32.836, 301.02, 100, 74232, 72
2026/07/29 10:20:33.874, 300.79, 100, 74232, 72
2026/07/29 10:20:34.911, 300.68, 100, 74232, 72
2026/07/29 10:20:35.947, 300.82, 100, 74232, 72
2026/07/29 10:20:36.984, 301.30, 100, 74232, 72
2026/07/29 10:20:38.021, 302.11, 100, 74232, 72
2026/07/29 10:20:39.058, 301.29, 100, 74232, 72
2026/07/29 10:20:40.095, 300.83, 100, 74232, 72
2026/07/29 10:20:41.134, 302.15, 100, 74232, 72
2026/07/29 10:20:42.170, 300.06, 100, 74232, 72
2026/07/29 10:20:43.207, 300.63, 100, 74232, 72
2026/07/29 10:20:44.243, 301.77, 100, 74232, 72
2026/07/29 10:20:45.278, 300.51, 100, 74232, 72
2026/07/29 10:20:46.315, 300.61, 100, 74232, 72
2026/07/29 10:20:47.354, 300.99, 100, 74232, 72
2026/07/29 10:20:48.391, 301.29, 100, 74232, 72
2026/07/29 10:20:49.428, 295.58, 100, 74232, 72
2026/07/29 10:20:50.467, 302.57, 100, 74232, 72
2026/07/29 10:20:51.505, 296.06, 100, 74232, 71
2026/07/29 10:20:52.541, 293.06, 100, 74232, 71
2026/07/29 10:20:53.579, 293.17, 100, 74232, 72
2026/07/29 10:20:54.616, 295.87, 100, 74232, 72
2026/07/29 10:20:55.654, 301.21, 100, 74232, 72
2026/07/29 10:20:56.691, 297.45, 100, 74232, 72
2026/07/29 10:20:57.729, 303.99, 100, 74232, 72
2026/07/29 10:20:58.767, 300.13, 100, 74232, 72
2026/07/29 10:20:59.805, 301.11, 100, 74232, 72
2026/07/29 10:21:00.843, 302.66, 100, 74232, 72
2026/07/29 10:21:01.881, 302.35, 100, 74232, 72
2026/07/29 10:21:02.917, 301.11, 100, 74232, 72
2026/07/29 10:21:03.954, 300.23, 100, 74232, 72
2026/07/29 10:21:04.991, 299.95, 100, 74232, 72
2026/07/29 10:21:06.029, 301.89, 100, 74232, 72
2026/07/29 10:21:07.066, 299.75, 100, 74232, 72
2026/07/29 10:21:08.105, 302.54, 100, 74232, 72
2026/07/29 10:21:09.142, 300.81, 100, 74232, 72
2026/07/29 10:21:10.179, 301.23, 100, 74232, 72
2026/07/29 10:21:11.218, 302.08, 100, 74232, 72
2026/07/29 10:21:12.256, 300.71, 100, 74232, 72
2026/07/29 10:21:13.294, 300.52, 100, 74232, 72
2026/07/29 10:21:14.330, 299.93, 100, 74232, 72
2026/07/29 10:21:15.369, 294.32, 100, 74232, 71
2026/07/29 10:21:16.406, 295.29, 100, 74232, 71
2026/07/29 10:21:17.446, 294.42, 100, 74232, 71
2026/07/29 10:21:18.484, 292.40, 100, 74232, 71
2026/07/29 10:21:19.521, 293.56, 100, 74232, 71
2026/07/29 10:21:20.559, 293.74, 100, 74232, 71
2026/07/29 10:21:21.596, 292.68, 100, 74232, 71
2026/07/29 10:21:22.635, 292.86, 100, 74232, 71
2026/07/29 10:21:23.674, 292.67, 100, 74232, 71
2026/07/29 10:21:24.711, 291.61, 100, 74232, 71
2026/07/29 10:21:25.749, 293.25, 100, 74232, 71
2026/07/29 10:21:26.787, 293.16, 100, 74232, 71
2026/07/29 10:21:27.823, 294.80, 100, 74232, 71
2026/07/29 10:21:28.860, 299.47, 100, 74232, 71
2026/07/29 10:21:29.896, 300.93, 100, 74232, 72
2026/07/29 10:21:30.934, 302.85, 100, 74232, 72
2026/07/29 10:21:31.970, 300.06, 100, 74232, 72
2026/07/29 10:21:33.007, 303.12, 100, 74232, 72
2026/07/29 10:21:34.046, 301.28, 100, 74232, 72
2026/07/29 10:21:35.085, 300.53, 100, 74232, 71
2026/07/29 10:21:36.122, 297.25, 100, 74232, 71
2026/07/29 10:21:37.159, 299.45, 100, 74232, 71
2026/07/29 10:21:38.196, 301.68, 100, 74232, 72
2026/07/29 10:21:39.234, 300.03, 100, 74232, 72
2026/07/29 10:21:40.271, 300.84, 100, 74232, 72
2026/07/29 10:21:41.307, 300.54, 100, 74232, 72
2026/07/29 10:21:42.348, 302.26, 100, 74232, 72
2026/07/29 10:21:43.386, 297.02, 100, 74232, 71
2026/07/29 10:21:44.422, 300.82, 100, 74232, 71
2026/07/29 10:21:45.459, 300.23, 100, 74232, 72
2026/07/29 10:21:46.495, 302.18, 100, 74232, 71
2026/07/29 10:21:47.533, 292.09, 100, 74232, 71
2026/07/29 10:21:48.570, 289.39, 100, 74232, 71
2026/07/29 10:21:49.612, 294.12, 100, 74232, 71
2026/07/29 10:21:50.648, 300.03, 100, 74232, 71
2026/07/29 10:21:51.685, 301.11, 100, 74232, 71
2026/07/29 10:21:52.723, 296.64, 100, 74232, 71
2026/07/29 10:21:53.759, 301.09, 100, 74232, 71
2026/07/29 10:21:54.798, 301.96, 100, 74232, 71
2026/07/29 10:21:55.834, 300.81, 100, 74232, 72
2026/07/29 10:21:56.871, 302.07, 100, 74232, 72
2026/07/29 10:21:57.908, 301.39, 100, 74232, 71
2026/07/29 10:21:58.945, 302.88, 100, 74232, 71
2026/07/29 10:21:59.982, 300.43, 100, 74232, 72
2026/07/29 10:22:01.019, 301.40, 100, 74232, 71
2026/07/29 10:22:02.056, 300.54, 100, 74232, 72
2026/07/29 10:22:03.093, 300.82, 100, 74232, 72
2026/07/29 10:22:04.129, 302.57, 100, 74232, 71
2026/07/29 10:22:05.166, 300.43, 100, 74232, 71
2026/07/29 10:22:06.203, 299.92, 100, 74232, 71
2026/07/29 10:22:07.240, 302.00, 100, 74232, 71
2026/07/29 10:22:08.277, 300.73, 100, 74232, 71
2026/07/29 10:22:09.315, 301.72, 100, 74232, 72
2026/07/29 10:22:10.353, 300.23, 100, 74232, 72
2026/07/29 10:22:11.389, 302.45, 100, 74232, 71
2026/07/29 10:22:12.426, 300.72, 100, 74232, 72
2026/07/29 10:22:13.462, 300.80, 100, 74232, 72
2026/07/29 10:22:14.500, 301.76, 100, 74232, 71
2026/07/29 10:22:15.537, 300.72, 100, 74232, 71
2026/07/29 10:22:16.574, 297.52, 100, 74232, 71
2026/07/29 10:22:17.611, 292.59, 100, 74232, 71
2026/07/29 10:22:18.649, 293.26, 100, 74232, 71
2026/07/29 10:22:19.685, 292.96, 100, 74232, 71
2026/07/29 10:22:20.728, 301.99, 100, 74232, 71
2026/07/29 10:22:21.764, 294.61, 100, 74232, 71
2026/07/29 10:22:22.802, 300.42, 100, 74232, 71
2026/07/29 10:22:23.840, 299.83, 100, 74232, 71
2026/07/29 10:22:24.877, 300.83, 100, 74232, 71
2026/07/29 10:22:25.915, 300.81, 100, 74232, 72
2026/07/29 10:22:26.951, 300.23, 100, 74232, 72
2026/07/29 10:22:27.989, 304.02, 100, 74232, 72
2026/07/29 10:22:29.027, 301.71, 100, 74232, 72
2026/07/29 10:22:30.063, 301.36, 100, 74232, 71
2026/07/29 10:22:31.106, 302.00, 100, 74232, 72
2026/07/29 10:22:32.144, 301.38, 100, 74232, 72
2026/07/29 10:22:33.180, 301.48, 100, 74232, 72
2026/07/29 10:22:34.218, 300.32, 100, 74232, 71
2026/07/29 10:22:35.255, 301.32, 100, 74232, 72
2026/07/29 10:22:36.298, 294.13, 100, 74232, 71
2026/07/29 10:22:37.336, 294.32, 100, 74232, 71
2026/07/29 10:22:38.372, 290.83, 100, 74232, 71
2026/07/29 10:22:39.412, 293.16, 100, 74232, 71
2026/07/29 10:22:40.449, 293.16, 100, 74232, 71
2026/07/29 10:22:41.485, 293.54, 100, 74232, 71
2026/07/29 10:22:42.522, 301.19, 100, 74232, 71
2026/07/29 10:22:43.558, 297.51, 100, 74232, 71
2026/07/29 10:22:44.594, 96.45, 73, 74232, 69
2026/07/29 10:22:45.626, 296.54, 62, 74232, 72
2026/07/29 10:22:46.661, 294.87, 100, 74232, 73
2026/07/29 10:22:47.701, 284.23, 100, 74232, 73
2026/07/29 10:22:48.738, 301.68, 100, 74232, 72
2026/07/29 10:22:49.773, 296.02, 100, 74232, 73
2026/07/29 10:22:50.810, 284.92, 100, 74232, 73
2026/07/29 10:22:51.847, 306.94, 100, 74232, 71
2026/07/29 10:22:52.884, 295.87, 100, 74232, 71
2026/07/29 10:22:53.923, 303.84, 100, 74232, 71
2026/07/29 10:22:54.961, 299.44, 100, 74232, 71
2026/07/29 10:22:55.999, 299.67, 100, 74232, 71
2026/07/29 10:22:57.037, 299.34, 100, 74232, 71
2026/07/29 10:22:58.074, 305.25, 100, 74232, 72
2026/07/29 10:22:59.111, 302.93, 100, 74232, 72
2026/07/29 10:23:00.148, 302.07, 100, 74232, 72
2026/07/29 10:23:01.186, 303.25, 100, 74232, 72
2026/07/29 10:23:02.223, 296.36, 100, 74232, 72
2026/07/29 10:23:03.263, 299.96, 100, 74232, 72
2026/07/29 10:23:04.300, 299.46, 100, 74232, 72
2026/07/29 10:23:05.336, 300.73, 100, 74232, 72
2026/07/29 10:23:06.373, 301.23, 100, 74232, 72
2026/07/29 10:23:07.410, 300.04, 100, 74232, 72
2026/07/29 10:23:08.449, 301.04, 100, 74232, 72
2026/07/29 10:23:09.486, 303.62, 100, 74232, 72
2026/07/29 10:23:10.523, 301.42, 100, 74232, 72
2026/07/29 10:23:11.560, 302.86, 100, 74232, 72
2026/07/29 10:23:12.598, 300.60, 100, 74232, 72
2026/07/29 10:23:13.634, 301.87, 100, 74232, 72
2026/07/29 10:23:14.670, 300.52, 100, 74232, 72
2026/07/29 10:23:15.708, 300.33, 100, 74232, 72
2026/07/29 10:23:16.745, 303.20, 100, 74232, 72
2026/07/29 10:23:17.782, 301.40, 100, 74232, 72
2026/07/29 10:23:18.819, 299.83, 100, 74232, 72
2026/07/29 10:23:19.859, 295.67, 100, 74232, 72
2026/07/29 10:23:20.897, 292.38, 100, 74232, 72
2026/07/29 10:23:21.934, 289.39, 100, 74232, 72
2026/07/29 10:23:22.971, 295.08, 100, 74232, 72
2026/07/29 10:23:24.009, 293.15, 100, 74232, 72
2026/07/29 10:23:25.047, 298.77, 100, 74232, 72
2026/07/29 10:23:26.088, 297.73, 100, 74232, 72
2026/07/29 10:23:27.127, 296.67, 100, 74232, 72
2026/07/29 10:23:28.163, 298.30, 100, 74232, 72
2026/07/29 10:23:29.207, 302.42, 100, 74232, 72
2026/07/29 10:23:30.247, 301.00, 100, 74232, 72
2026/07/29 10:23:31.284, 300.13, 100, 74232, 72
2026/07/29 10:23:32.321, 299.93, 100, 74232, 72
2026/07/29 10:23:33.359, 299.56, 100, 74232, 72
2026/07/29 10:23:34.397, 302.23, 100, 74232, 72
2026/07/29 10:23:35.435, 301.12, 100, 74232, 72
2026/07/29 10:23:36.471, 302.85, 100, 74232, 72
2026/07/29 10:23:37.510, 300.61, 100, 74232, 72
2026/07/29 10:23:38.548, 300.99, 100, 74232, 72
2026/07/29 10:23:39.585, 292.98, 100, 74232, 72
2026/07/29 10:23:40.623, 292.38, 100, 74232, 72
2026/07/29 10:23:41.660, 289.49, 100, 74232, 71
2026/07/29 10:23:42.702, 299.78, 100, 74232, 72
2026/07/29 10:23:43.739, 301.18, 100, 74232, 72
2026/07/29 10:23:44.776, 301.20, 100, 74232, 72
2026/07/29 10:23:45.813, 300.71, 100, 74232, 72
2026/07/29 10:23:46.849, 301.48, 100, 74232, 72
2026/07/29 10:23:47.888, 297.04, 100, 74232, 72
2026/07/29 10:23:48.925, 301.36, 100, 74232, 72
2026/07/29 10:23:49.962, 300.41, 100, 74232, 72
2026/07/29 10:23:50.997, 300.22, 100, 74232, 72
2026/07/29 10:23:52.033, 301.18, 100, 74232, 72
2026/07/29 10:23:53.068, 298.57, 100, 74232, 72
2026/07/29 10:23:54.105, 300.98, 100, 74232, 72
2026/07/29 10:23:55.144, 300.31, 100, 74232, 72
2026/07/29 10:23:56.180, 301.20, 100, 74232, 72
2026/07/29 10:23:57.217, 297.23, 100, 74232, 72
2026/07/29 10:23:58.254, 299.27, 100, 74232, 72
2026/07/29 10:23:59.292, 292.96, 100, 74232, 71
2026/07/29 10:24:00.329, 292.67, 100, 74232, 71
2026/07/29 10:24:01.371, 300.13, 100, 74232, 71
2026/07/29 10:24:02.408, 291.79, 100, 74232, 71
2026/07/29 10:24:03.449, 292.66, 100, 74232, 71
2026/07/29 10:24:04.488, 293.36, 100, 74232, 71
2026/07/29 10:24:05.525, 298.71, 100, 74232, 71
2026/07/29 10:24:06.564, 297.42, 100, 74232, 71
2026/07/29 10:24:07.601, 299.28, 100, 74232, 71
2026/07/29 10:24:08.638, 302.37, 100, 74232, 71
2026/07/29 10:24:09.674, 300.14, 100, 74232, 71
2026/07/29 10:24:10.710, 300.02, 100, 74232, 71
2026/07/29 10:24:11.750, 300.24, 100, 74232, 71
2026/07/29 10:24:12.788, 300.05, 100, 74232, 71
2026/07/29 10:24:13.827, 300.23, 100, 74232, 71
2026/07/29 10:24:14.866, 296.46, 100, 74232, 71
2026/07/29 10:24:15.902, 295.58, 100, 74232, 71
2026/07/29 10:24:16.940, 300.13, 100, 74232, 71
2026/07/29 10:24:17.977, 288.99, 100, 74232, 71
2026/07/29 10:24:19.017, 297.91, 100, 74232, 71
2026/07/29 10:24:20.054, 298.88, 100, 74232, 71
2026/07/29 10:24:21.091, 301.67, 100, 74232, 71
2026/07/29 10:24:22.128, 300.61, 100, 74232, 71
2026/07/29 10:24:23.165, 300.00, 100, 74232, 71
2026/07/29 10:24:24.203, 300.42, 100, 74232, 72
2026/07/29 10:24:25.239, 301.14, 100, 74232, 72
2026/07/29 10:24:26.277, 300.33, 100, 74232, 72
2026/07/29 10:24:27.314, 298.60, 100, 74232, 72
2026/07/29 10:24:28.350, 300.81, 100, 74232, 72
2026/07/29 10:24:29.387, 300.03, 100, 74232, 72
2026/07/29 10:24:30.425, 301.36, 100, 74232, 72
2026/07/29 10:24:31.463, 302.38, 100, 74232, 72
2026/07/29 10:24:32.500, 300.90, 100, 74232, 72
2026/07/29 10:24:33.537, 302.36, 100, 74232, 72
2026/07/29 10:24:34.575, 300.64, 100, 74232, 72
2026/07/29 10:24:35.613, 302.35, 100, 74232, 72
2026/07/29 10:24:36.651, 300.90, 100, 74232, 72
2026/07/29 10:24:37.689, 300.43, 100, 74232, 72
2026/07/29 10:24:38.725, 300.62, 100, 74232, 72
2026/07/29 10:24:39.762, 299.47, 100, 74232, 72
2026/07/29 10:24:40.798, 301.67, 100, 74232, 72
2026/07/29 10:24:41.835, 300.83, 100, 74232, 72
2026/07/29 10:24:42.872, 299.97, 100, 74232, 72
2026/07/29 10:24:43.911, 300.03, 100, 74232, 72
2026/07/29 10:24:44.947, 299.95, 100, 74232, 72
2026/07/29 10:24:45.983, 300.33, 100, 74232, 72
2026/07/29 10:24:47.022, 300.61, 100, 74232, 72
2026/07/29 10:24:48.060, 303.40, 100, 74232, 72
2026/07/29 10:24:49.098, 294.61, 100, 74232, 71
2026/07/29 10:24:50.135, 299.37, 100, 74232, 71
2026/07/29 10:24:51.173, 299.56, 100, 74232, 71
2026/07/29 10:24:52.211, 289.11, 100, 74232, 71
2026/07/29 10:24:53.247, 289.18, 100, 74232, 71
2026/07/29 10:24:54.287, 289.28, 100, 74232, 71
2026/07/29 10:24:55.324, 300.22, 100, 74232, 71
2026/07/29 10:24:56.364, 300.71, 100, 74232, 72
2026/07/29 10:24:57.404, 299.82, 100, 74232, 72
2026/07/29 10:24:58.441, 304.19, 100, 74232, 72
2026/07/29 10:24:59.480, 300.03, 100, 74232, 72
2026/07/29 10:25:00.519, 301.20, 100, 74232, 72
2026/07/29 10:25:01.555, 300.45, 100, 74232, 72
2026/07/29 10:25:02.593, 300.99, 100, 74232, 72
2026/07/29 10:25:03.630, 300.13, 100, 74232, 72
2026/07/29 10:25:04.667, 300.41, 100, 74232, 72
2026/07/29 10:25:05.704, 300.04, 100, 74232, 72
2026/07/29 10:25:06.744, 300.45, 100, 74232, 72
2026/07/29 10:25:07.781, 298.79, 100, 74232, 71
2026/07/29 10:25:08.819, 301.57, 100, 74232, 72
2026/07/29 10:25:09.856, 299.76, 100, 74232, 72
2026/07/29 10:25:10.894, 301.58, 100, 74232, 72
2026/07/29 10:25:11.935, 301.01, 100, 74232, 72
2026/07/29 10:25:12.972, 300.24, 100, 74232, 72
2026/07/29 10:25:14.009, 301.67, 100, 74232, 72
2026/07/29 10:25:15.047, 300.95, 100, 74232, 72
2026/07/29 10:25:16.085, 302.73, 100, 74232, 72
2026/07/29 10:25:17.122, 293.16, 100, 74232, 71
2026/07/29 10:25:18.158, 292.61, 100, 74232, 71
2026/07/29 10:25:19.197, 292.50, 100, 74232, 71
2026/07/29 10:25:20.233, 292.48, 100, 74232, 71
2026/07/29 10:25:21.270, 297.30, 100, 74232, 71
2026/07/29 10:25:22.307, 301.30, 100, 74232, 72
2026/07/29 10:25:23.344, 300.14, 100, 74232, 72
2026/07/29 10:25:24.383, 302.94, 100, 74232, 72
2026/07/29 10:25:25.419, 300.90, 100, 74232, 72
2026/07/29 10:25:26.456, 301.40, 100, 74232, 72
2026/07/29 10:25:27.494, 301.38, 100, 74232, 72
2026/07/29 10:25:28.530, 301.63, 100, 74232, 72
2026/07/29 10:25:29.567, 300.25, 100, 74232, 72
2026/07/29 10:25:30.604, 301.09, 100, 74232, 72
2026/07/29 10:25:31.642, 301.09, 100, 74232, 72
2026/07/29 10:25:32.679, 300.23, 100, 74232, 72
2026/07/29 10:25:33.715, 300.94, 100, 74232, 72
2026/07/29 10:25:34.753, 300.66, 100, 74232, 72
2026/07/29 10:25:35.791, 301.38, 100, 74232, 72
2026/07/29 10:25:36.829, 300.71, 100, 74232, 72
2026/07/29 10:25:37.867, 301.23, 100, 74232, 72
2026/07/29 10:25:38.905, 290.17, 100, 74232, 71
2026/07/29 10:25:39.942, 296.83, 100, 74232, 71
2026/07/29 10:25:40.982, 293.92, 100, 74232, 71
2026/07/29 10:25:42.019, 293.85, 100, 74232, 71
2026/07/29 10:25:43.062, 293.55, 100, 74232, 71
2026/07/29 10:25:44.099, 289.88, 100, 74232, 71
2026/07/29 10:25:45.137, 292.98, 100, 74232, 71
2026/07/29 10:25:46.176, 294.02, 100, 74232, 71
2026/07/29 10:25:47.214, 296.18, 100, 74232, 71
2026/07/29 10:25:48.252, 299.07, 100, 74232, 71
2026/07/29 10:25:49.292, 301.10, 100, 74232, 72
2026/07/29 10:25:50.329, 302.33, 100, 74232, 72
2026/07/29 10:25:51.370, 300.72, 100, 74232, 72
2026/07/29 10:25:52.409, 299.93, 100, 74232, 72
2026/07/29 10:25:53.447, 300.42, 100, 74232, 72
2026/07/29 10:25:54.488, 302.36, 100, 74232, 72
2026/07/29 10:25:55.527, 300.32, 100, 74232, 72
2026/07/29 10:25:56.564, 300.81, 100, 74232, 72
2026/07/29 10:25:57.604, 300.43, 100, 74232, 72
2026/07/29 10:25:58.642, 301.89, 100, 74232, 72
2026/07/29 10:25:59.680, 301.39, 100, 74232, 72
2026/07/29 10:26:00.718, 303.72, 100, 74232, 72
2026/07/29 10:26:01.756, 300.61, 100, 74232, 72
2026/07/29 10:26:02.793, 300.11, 100, 74232, 72
2026/07/29 10:26:03.831, 301.38, 100, 74232, 72
2026/07/29 10:26:04.869, 300.95, 100, 74232, 72
2026/07/29 10:26:05.907, 300.13, 100, 74232, 72
2026/07/29 10:26:06.946, 301.04, 100, 74232, 72
2026/07/29 10:26:07.985, 300.32, 100, 74232, 72
2026/07/29 10:26:09.023, 301.12, 100, 74232, 72
2026/07/29 10:26:10.061, 300.53, 100, 74232, 72
2026/07/29 10:26:11.101, 300.41, 100, 74232, 72
2026/07/29 10:26:12.138, 301.33, 100, 74232, 72
2026/07/29 10:26:13.176, 301.38, 100, 74232, 72
2026/07/29 10:26:14.214, 300.41, 100, 74232, 72
2026/07/29 10:26:15.251, 301.86, 100, 74232, 72
2026/07/29 10:26:16.291, 300.74, 100, 74232, 72
2026/07/29 10:26:17.329, 301.02, 100, 74232, 72
2026/07/29 10:26:18.369, 300.73, 100, 74232, 72
2026/07/29 10:26:19.408, 300.62, 100, 74232, 72
2026/07/29 10:26:20.445, 300.79, 100, 74232, 72
2026/07/29 10:26:21.485, 300.37, 100, 74232, 72
2026/07/29 10:26:22.524, 300.25, 100, 74232, 72
2026/07/29 10:26:23.562, 300.05, 100, 74232, 71
2026/07/29 10:26:24.601, 293.85, 100, 74232, 71
2026/07/29 10:26:25.639, 300.51, 100, 74232, 72
2026/07/29 10:26:26.677, 299.68, 100, 74232, 71
2026/07/29 10:26:27.715, 299.85, 100, 74232, 71
2026/07/29 10:26:28.753, 301.26, 100, 74232, 72
2026/07/29 10:26:29.791, 301.39, 100, 74232, 72
2026/07/29 10:26:30.829, 302.26, 100, 74232, 72
2026/07/29 10:26:31.866, 300.80, 100, 74232, 72
2026/07/29 10:26:32.906, 300.44, 100, 74232, 72
2026/07/29 10:26:33.945, 300.71, 100, 74232, 72
2026/07/29 10:26:34.983, 301.48, 100, 74232, 72
2026/07/29 10:26:36.021, 301.31, 100, 74232, 72
2026/07/29 10:26:37.059, 300.24, 100, 74232, 72
2026/07/29 10:26:38.096, 302.02, 100, 74232, 72
2026/07/29 10:26:39.134, 300.71, 100, 74232, 72
2026/07/29 10:26:40.171, 301.41, 100, 74232, 72
2026/07/29 10:26:41.209, 301.24, 100, 74232, 72
2026/07/29 10:26:42.247, 294.51, 100, 74232, 71
2026/07/29 10:26:43.291, 298.22, 100, 74232, 71
2026/07/29 10:26:44.332, 289.78, 100, 74232, 71
2026/07/29 10:26:45.372, 293.57, 100, 74232, 71
2026/07/29 10:26:46.409, 293.16, 100, 74232, 71
2026/07/29 10:26:47.446, 294.54, 100, 74232, 71
2026/07/29 10:26:48.483, 299.65, 100, 74232, 72
2026/07/29 10:26:49.522, 299.56, 100, 74232, 72
2026/07/29 10:26:50.559, 297.34, 100, 74232, 71
2026/07/29 10:26:51.597, 301.18, 100, 74232, 72
2026/07/29 10:26:52.634, 299.46, 100, 74232, 72
2026/07/29 10:26:53.672, 300.72, 100, 74232, 72
2026/07/29 10:26:54.709, 300.34, 100, 74232, 72
2026/07/29 10:26:55.748, 300.23, 100, 74232, 72
2026/07/29 10:26:56.785, 300.61, 100, 74232, 72
2026/07/29 10:26:57.822, 300.94, 100, 74232, 72
2026/07/29 10:26:58.860, 294.90, 100, 74232, 71
2026/07/29 10:26:59.897, 293.45, 100, 74232, 71
2026/07/29 10:27:00.937, 295.11, 100, 74232, 71
2026/07/29 10:27:01.975, 293.07, 100, 74232, 71
2026/07/29 10:27:03.012, 293.78, 100, 74232, 72
2026/07/29 10:27:04.051, 296.84, 100, 74232, 71
2026/07/29 10:27:05.088, 298.97, 100, 74232, 72
2026/07/29 10:27:06.126, 301.12, 100, 74232, 72
2026/07/29 10:27:07.163, 301.18, 100, 74232, 72
2026/07/29 10:27:08.202, 301.20, 100, 74232, 72
2026/07/29 10:27:09.239, 300.70, 100, 74232, 72
2026/07/29 10:27:10.277, 301.68, 100, 74232, 72
2026/07/29 10:27:11.315, 300.90, 100, 74232, 72
2026/07/29 10:27:12.352, 300.84, 100, 74232, 72
2026/07/29 10:27:13.390, 302.36, 100, 74232, 72
2026/07/29 10:27:14.427, 300.92, 100, 74232, 72
2026/07/29 10:27:15.463, 301.78, 100, 74232, 72
2026/07/29 10:27:16.501, 301.00, 100, 74232, 72
2026/07/29 10:27:17.538, 300.82, 100, 74232, 72
2026/07/29 10:27:18.578, 300.32, 100, 74232, 72
2026/07/29 10:27:19.616, 289.49, 100, 74232, 71
2026/07/29 10:27:20.654, 291.01, 100, 74232, 71
2026/07/29 10:27:21.692, 293.35, 100, 74232, 71
2026/07/29 10:27:22.729, 292.77, 100, 74232, 71
2026/07/29 10:27:23.769, 298.50, 100, 74232, 71
2026/07/29 10:27:24.808, 301.39, 100, 74232, 72
2026/07/29 10:27:25.845, 300.55, 100, 74232, 71
2026/07/29 10:27:26.885, 300.75, 100, 74232, 72
2026/07/29 10:27:27.923, 303.05, 100, 74232, 72
2026/07/29 10:27:28.961, 301.38, 100, 74232, 72
2026/07/29 10:27:29.999, 301.49, 100, 74232, 72
2026/07/29 10:27:31.037, 302.08, 100, 74232, 72
2026/07/29 10:27:32.074, 308.07, 100, 74232, 72
2026/07/29 10:27:33.115, 301.71, 100, 74232, 72
2026/07/29 10:27:34.153, 300.80, 100, 74232, 72
2026/07/29 10:27:35.191, 299.83, 100, 74232, 72
2026/07/29 10:27:36.228, 300.45, 100, 74232, 72
2026/07/29 10:27:37.265, 300.42, 100, 74232, 72
2026/07/29 10:27:38.302, 301.00, 100, 74232, 72
2026/07/29 10:27:39.339, 301.38, 100, 74232, 72
2026/07/29 10:27:40.379, 303.40, 100, 74232, 72
2026/07/29 10:27:41.416, 301.50, 100, 74232, 72
2026/07/29 10:27:42.453, 300.25, 100, 74232, 72
2026/07/29 10:27:43.492, 302.57, 100, 74232, 72
2026/07/29 10:27:44.530, 300.98, 100, 74232, 72
2026/07/29 10:27:45.573, 96.03, 41, 74232, 69
2026/07/29 10:27:46.606, 96.50, 0, 74232, 68
2026/07/29 10:27:47.638, 95.78, 0, 74232, 67
2026/07/29 10:27:48.669, 94.36, 0, 74232, 66
2026/07/29 10:27:49.700, 92.83, 0, 74232, 66
2026/07/29 10:27:50.734, 94.04, 0, 74232, 65
2026/07/29 10:27:51.765, 91.78, 0, 74232, 65
2026/07/29 10:27:52.796, 90.98, 0, 74232, 64
2026/07/29 10:27:53.830, 92.29, 0, 74232, 64
2026/07/29 10:27:54.862, 90.16, 0, 74232, 63
2026/07/29 10:27:55.895, 89.39, 0, 74232, 63
2026/07/29 10:27:56.928, 89.39, 0, 74232, 63
2026/07/29 10:27:57.959, 88.31, 0, 74232, 62
2026/07/29 10:27:58.990, 87.80, 0, 74232, 62
2026/07/29 10:28:00.023, 87.45, 0, 74232, 62
2026/07/29 10:28:01.056, 86.76, 0, 74232, 61
2026/07/29 10:28:02.089, 86.48, 0, 74232, 61
2026/07/29 10:28:03.120, 86.60, 0, 74232, 61
2026/07/29 10:28:04.151, 85.95, 0, 74232, 60
2026/07/29 10:28:05.183, 85.91, 0, 74232, 60
2026/07/29 10:28:06.216, 85.33, 0, 74232, 60
2026/07/29 10:28:07.248, 85.21, 0, 74232, 60
2026/07/29 10:28:08.279, 85.02, 0, 74232, 59
2026/07/29 10:28:09.312, 84.62, 0, 74232, 59
2026/07/29 10:28:10.344, 84.40, 0, 74232, 59
2026/07/29 10:28:11.377, 83.86, 0, 74232, 58
2026/07/29 10:28:12.409, 83.86, 0, 74232, 58
2026/07/29 10:28:13.441, 83.68, 0, 74232, 58
2026/07/29 10:28:14.473, 83.75, 0, 74232, 58
2026/07/29 10:28:15.504, 83.21, 0, 74232, 57
2026/07/29 10:28:16.593, 83.20, 0, 74232, 57
2026/07/29 10:28:17.625, 298.09, 28, 74232, 61
2026/07/29 10:28:18.663, 301.72, 100, 74232, 63
2026/07/29 10:28:19.699, 83.46, 0, 74232, 57
2026/07/29 10:28:20.731, 82.54, 0, 74232, 57
2026/07/29 10:28:21.762, 82.42, 0, 74232, 57
2026/07/29 10:28:22.792, 82.27, 0, 74232, 56
2026/07/29 10:28:23.823, 81.85, 0, 74232, 56
2026/07/29 10:28:24.855, 82.45, 0, 74232, 56
2026/07/29 10:28:25.887, 81.46, 0, 74232, 56
2026/07/29 10:28:26.918, 80.85, 0, 74232, 55
2026/07/29 10:28:27.950, 81.29, 0, 74232, 55
2026/07/29 10:28:28.981, 80.72, 0, 74232, 55
2026/07/29 10:28:30.012, 80.50, 0, 74232, 55
2026/07/29 10:28:31.044, 79.75, 0, 74232, 55
2026/07/29 10:28:32.075, 79.33, 0, 74232, 54
2026/07/29 10:28:33.106, 79.43, 0, 74232, 54
2026/07/29 10:28:34.139, 79.38, 0, 74232, 54
2026/07/29 10:28:35.169, 78.91, 0, 74232, 54
2026/07/29 10:28:36.200, 78.41, 0, 74232, 53
2026/07/29 10:28:37.231, 78.27, 0, 74232, 53
2026/07/29 10:28:38.263, 77.88, 0, 74232, 53
2026/07/29 10:28:39.292, 78.31, 0, 74232, 53
2026/07/29 10:28:40.322, 79.14, 0, 74232, 53
2026/07/29 10:28:41.354, 77.01, 0, 74232, 52
2026/07/29 10:28:42.384, 77.08, 0, 74232, 52
2026/07/29 10:28:43.415, 77.15, 0, 74232, 52
2026/07/29 10:28:44.444, 76.83, 0, 74232, 52
2026/07/29 10:28:45.474, 76.71, 0, 74232, 52
2026/07/29 10:28:46.510, 290.70, 100, 74232, 57
2026/07/29 10:28:47.543, 295.98, 100, 74232, 58
2026/07/29 10:28:48.578, 303.37, 100, 74232, 58
2026/07/29 10:28:49.613, 303.30, 100, 74232, 59
2026/07/29 10:28:50.651, 299.06, 100, 74232, 57
2026/07/29 10:28:51.683, 299.83, 100, 74232, 58
2026/07/29 10:28:52.714, 300.89, 100, 74232, 58
2026/07/29 10:28:53.744, 299.26, 100, 74232, 58
2026/07/29 10:28:54.776, 371.96, 100, 74232, 60
2026/07/29 10:28:55.808, 315.58, 100, 74232, 61
2026/07/29 10:28:56.843, 285.08, 100, 74232, 61
2026/07/29 10:28:57.877, 314.68, 100, 74232, 61
2026/07/29 10:28:58.909, 285.51, 100, 74232, 61
2026/07/29 10:28:59.946, 304.58, 100, 74232, 60
2026/07/29 10:29:00.979, 299.36, 100, 74232, 60
2026/07/29 10:29:02.015, 287.28, 100, 74232, 62
2026/07/29 10:29:03.048, 305.20, 100, 74232, 63
2026/07/29 10:29:04.086, 289.63, 100, 74232, 63
2026/07/29 10:29:05.121, 306.00, 100, 74232, 63
2026/07/29 10:29:06.156, 305.01, 100, 74232, 63
2026/07/29 10:29:07.191, 309.95, 100, 74232, 64
2026/07/29 10:29:08.229, 302.76, 100, 74232, 62
2026/07/29 10:29:09.266, 301.88, 100, 74232, 62
2026/07/29 10:29:10.303, 295.30, 100, 74232, 62
2026/07/29 10:29:11.339, 295.29, 100, 74232, 63
2026/07/29 10:29:12.380, 306.26, 100, 74232, 63
2026/07/29 10:29:13.416, 303.39, 100, 74232, 63
2026/07/29 10:29:14.453, 303.72, 100, 74232, 63
2026/07/29 10:29:15.491, 307.00, 100, 74232, 64
2026/07/29 10:29:16.529, 304.69, 100, 74232, 64
2026/07/29 10:29:17.567, 305.37, 100, 74232, 64
2026/07/29 10:29:18.604, 304.97, 100, 74232, 64
2026/07/29 10:29:19.643, 290.25, 100, 74232, 66
2026/07/29 10:29:20.677, 292.83, 100, 74232, 66
2026/07/29 10:29:21.714, 299.52, 100, 74232, 67
2026/07/29 10:29:22.749, 291.55, 100, 74232, 67
2026/07/29 10:29:23.784, 305.02, 100, 74232, 67
2026/07/29 10:29:24.819, 292.95, 100, 74232, 67
2026/07/29 10:29:25.855, 296.08, 100, 74232, 66
2026/07/29 10:29:26.893, 300.11, 100, 74232, 66
2026/07/29 10:29:27.930, 299.86, 100, 74232, 66
2026/07/29 10:29:28.967, 300.12, 100, 74232, 66
2026/07/29 10:29:30.005, 301.50, 100, 74232, 66
2026/07/29 10:29:31.044, 296.85, 100, 74232, 66
2026/07/29 10:29:32.081, 300.14, 100, 74232, 67
2026/07/29 10:29:33.119, 296.56, 100, 74232, 67
2026/07/29 10:29:34.161, 300.51, 100, 74232, 67
2026/07/29 10:29:35.199, 299.83, 100, 74232, 67
2026/07/29 10:29:36.236, 301.88, 100, 74232, 67
2026/07/29 10:29:37.273, 301.02, 100, 74232, 67
2026/07/29 10:29:38.311, 301.66, 100, 74232, 68
2026/07/29 10:29:39.350, 302.47, 100, 74232, 68
2026/07/29 10:29:40.389, 302.17, 100, 74232, 68
2026/07/29 10:29:41.427, 304.39, 100, 74232, 68
2026/07/29 10:29:42.467, 296.88, 100, 74232, 68
2026/07/29 10:29:43.506, 293.74, 100, 74232, 68
2026/07/29 10:29:44.543, 297.92, 100, 74232, 68
2026/07/29 10:29:45.581, 294.59, 100, 74232, 68
2026/07/29 10:29:46.617, 298.22, 100, 74232, 68
2026/07/29 10:29:47.654, 295.77, 100, 74232, 68
2026/07/29 10:29:48.693, 296.67, 100, 74232, 69
2026/07/29 10:29:49.731, 302.62, 100, 74232, 69
2026/07/29 10:29:50.768, 299.58, 100, 74232, 69
2026/07/29 10:29:51.809, 296.46, 100, 74232, 69
2026/07/29 10:29:52.848, 305.01, 100, 74232, 69
2026/07/29 10:29:53.884, 297.13, 100, 74232, 69
2026/07/29 10:29:54.920, 293.15, 100, 74232, 69
2026/07/29 10:29:55.956, 298.21, 100, 74232, 69
2026/07/29 10:29:56.993, 302.27, 100, 74232, 69
2026/07/29 10:29:58.030, 303.41, 100, 74232, 69
2026/07/29 10:29:59.066, 300.80, 100, 74232, 69
2026/07/29 10:30:00.102, 303.52, 100, 74232, 69
2026/07/29 10:30:01.140, 300.13, 100, 74232, 69
2026/07/29 10:30:02.177, 297.52, 100, 74232, 69
2026/07/29 10:30:03.212, 304.20, 100, 74232, 69
2026/07/29 10:30:04.248, 304.59, 100, 74232, 69
2026/07/29 10:30:05.284, 303.22, 100, 74232, 70
2026/07/29 10:30:06.320, 301.10, 100, 74232, 70
2026/07/29 10:30:07.356, 304.58, 100, 74232, 70
2026/07/29 10:30:08.394, 303.64, 100, 74232, 70
2026/07/29 10:30:09.431, 304.39, 100, 74232, 70
2026/07/29 10:30:10.469, 299.45, 100, 74232, 70
2026/07/29 10:30:11.505, 303.92, 100, 74232, 70
2026/07/29 10:30:12.544, 303.02, 100, 74232, 70
2026/07/29 10:30:13.581, 297.13, 100, 74232, 70
2026/07/29 10:30:14.618, 304.09, 100, 74232, 70
2026/07/29 10:30:15.657, 298.29, 100, 74232, 70
2026/07/29 10:30:16.693, 294.61, 100, 74232, 70
2026/07/29 10:30:17.732, 295.39, 100, 74232, 70
2026/07/29 10:30:18.769, 297.05, 100, 74232, 70
2026/07/29 10:30:19.809, 298.42, 100, 74232, 70
2026/07/29 10:30:20.847, 297.13, 100, 74232, 70
2026/07/29 10:30:21.884, 296.37, 100, 74232, 70
2026/07/29 10:30:22.922, 295.29, 100, 74232, 70
2026/07/29 10:30:23.960, 297.21, 100, 74232, 70
2026/07/29 10:30:24.998, 300.83, 100, 74232, 70
2026/07/29 10:30:26.035, 297.81, 100, 74232, 70
2026/07/29 10:30:27.075, 298.57, 100, 74232, 70
2026/07/29 10:30:28.112, 298.58, 100, 74232, 70
2026/07/29 10:30:29.150, 299.46, 100, 74232, 71
2026/07/29 10:30:30.188, 297.62, 100, 74232, 71
2026/07/29 10:30:31.225, 297.52, 100, 74232, 71
2026/07/29 10:30:32.263, 298.01, 100, 74232, 71
2026/07/29 10:30:33.303, 299.18, 100, 74232, 71
2026/07/29 10:30:34.342, 297.42, 100, 74232, 71
2026/07/29 10:30:35.379, 300.03, 100, 74232, 71
2026/07/29 10:30:36.415, 297.35, 100, 74232, 71
2026/07/29 10:30:37.451, 299.28, 100, 74232, 71
2026/07/29 10:30:38.489, 299.08, 100, 74232, 71
2026/07/29 10:30:39.526, 300.10, 100, 74232, 71
2026/07/29 10:30:40.563, 298.96, 100, 74232, 71
2026/07/29 10:30:41.601, 298.11, 100, 74232, 71
2026/07/29 10:30:42.637, 298.96, 100, 74232, 71
2026/07/29 10:30:43.674, 300.29, 100, 74232, 71
2026/07/29 10:30:44.712, 299.55, 100, 74232, 71
2026/07/29 10:30:45.748, 298.00, 100, 74232, 71
2026/07/29 10:30:46.790, 292.38, 100, 74232, 71
2026/07/29 10:30:47.827, 297.81, 100, 74232, 71
2026/07/29 10:30:48.863, 300.39, 100, 74232, 71
2026/07/29 10:30:49.901, 290.35, 100, 74232, 71
2026/07/29 10:30:50.938, 291.51, 100, 74232, 71
2026/07/29 10:30:51.977, 290.05, 100, 74232, 71
2026/07/29 10:30:53.015, 297.43, 100, 74232, 71
2026/07/29 10:30:54.052, 299.37, 100, 74232, 71
2026/07/29 10:30:55.090, 296.37, 100, 74232, 71
2026/07/29 10:30:56.127, 305.97, 100, 74232, 71
2026/07/29 10:30:57.167, 299.57, 100, 74232, 71
2026/07/29 10:30:58.204, 299.96, 100, 74232, 71
2026/07/29 10:30:59.241, 298.18, 100, 74232, 71
2026/07/29 10:31:00.279, 300.14, 100, 74232, 73
2026/07/29 10:31:01.315, 297.72, 100, 74232, 73
2026/07/29 10:31:02.351, 299.26, 100, 74232, 73
2026/07/29 10:31:03.387, 296.15, 100, 74232, 73
2026/07/29 10:31:04.421, 308.18, 100, 74232, 73
2026/07/29 10:31:05.456, 286.93, 100, 74232, 73
2026/07/29 10:31:06.489, 276.27, 100, 74232, 73
2026/07/29 10:31:07.525, 308.05, 100, 74232, 72
2026/07/29 10:31:08.564, 301.02, 100, 74232, 71
2026/07/29 10:31:09.600, 302.54, 100, 74232, 71
2026/07/29 10:31:10.637, 294.22, 100, 74232, 71
2026/07/29 10:31:11.673, 302.74, 100, 74232, 72
2026/07/29 10:31:12.719, 295.29, 69, 74232, 73
2026/07/29 10:31:13.755, 297.81, 100, 74232, 72
2026/07/29 10:31:14.792, 298.41, 100, 74232, 72
2026/07/29 10:31:15.830, 294.91, 100, 74232, 72
2026/07/29 10:31:16.870, 294.04, 100, 74232, 72
2026/07/29 10:31:17.908, 292.67, 100, 74232, 72
2026/07/29 10:31:18.945, 288.80, 100, 74232, 72
2026/07/29 10:31:19.982, 292.95, 100, 74232, 72
2026/07/29 10:31:21.021, 300.37, 100, 74232, 72
2026/07/29 10:31:22.058, 300.03, 100, 74232, 72
2026/07/29 10:31:23.095, 297.42, 100, 74232, 72
2026/07/29 10:31:24.133, 298.87, 100, 74232, 72
2026/07/29 10:31:25.169, 301.31, 100, 74232, 72
2026/07/29 10:31:26.206, 302.72, 100, 74232, 72
2026/07/29 10:31:27.244, 301.58, 100, 74232, 72
2026/07/29 10:31:28.282, 301.29, 100, 74232, 72
2026/07/29 10:31:29.319, 308.34, 100, 74232, 72
2026/07/29 10:31:30.358, 297.33, 100, 74232, 72
2026/07/29 10:31:31.397, 299.47, 100, 74232, 72
2026/07/29 10:31:32.435, 301.09, 100, 74232, 72
2026/07/29 10:31:33.472, 301.66, 100, 74232, 72
2026/07/29 10:31:34.509, 302.15, 100, 74232, 72
2026/07/29 10:31:35.546, 299.05, 100, 74232, 72
2026/07/29 10:31:36.587, 299.36, 100, 74232, 72
2026/07/29 10:31:37.626, 300.27, 100, 74232, 72
2026/07/29 10:31:38.663, 300.51, 100, 74232, 72
2026/07/29 10:31:39.702, 299.57, 100, 74232, 72
2026/07/29 10:31:40.741, 300.22, 100, 74232, 72
2026/07/29 10:31:41.779, 305.86, 100, 74232, 72
2026/07/29 10:31:42.816, 301.10, 100, 74232, 72
2026/07/29 10:31:43.854, 300.22, 100, 74232, 72
2026/07/29 10:31:44.893, 298.98, 100, 74232, 72
2026/07/29 10:31:45.930, 299.36, 100, 74232, 72
2026/07/29 10:31:46.968, 302.86, 100, 74232, 72
2026/07/29 10:31:48.006, 299.66, 100, 74232, 72
2026/07/29 10:31:49.044, 299.08, 100, 74232, 72
2026/07/29 10:31:50.082, 301.82, 100, 74232, 72
2026/07/29 10:31:51.119, 299.86, 100, 74232, 72
2026/07/29 10:31:52.157, 302.75, 100, 74232, 72
2026/07/29 10:31:53.194, 301.10, 100, 74232, 72
2026/07/29 10:31:54.230, 299.28, 100, 74232, 72
2026/07/29 10:31:55.266, 301.21, 100, 74232, 72
2026/07/29 10:31:56.303, 300.04, 100, 74232, 72
2026/07/29 10:31:57.339, 295.87, 100, 74232, 72
2026/07/29 10:31:58.375, 290.84, 100, 74232, 72
2026/07/29 10:31:59.414, 292.09, 100, 74232, 72
2026/07/29 10:32:00.451, 292.09, 100, 74232, 72
2026/07/29 10:32:01.487, 298.96, 100, 74232, 72
2026/07/29 10:32:02.526, 299.94, 100, 74232, 72
2026/07/29 10:32:03.563, 293.26, 100, 74232, 72
2026/07/29 10:32:04.600, 292.30, 100, 74232, 72
2026/07/29 10:32:05.637, 290.73, 100, 74232, 72
2026/07/29 10:32:06.674, 295.38, 100, 74232, 72
2026/07/29 10:32:07.714, 300.33, 100, 74232, 72
2026/07/29 10:32:08.751, 300.92, 100, 74232, 72
2026/07/29 10:32:09.788, 299.23, 100, 74232, 72
2026/07/29 10:32:10.825, 298.08, 100, 74232, 72
2026/07/29 10:32:11.862, 299.47, 100, 74232, 72
2026/07/29 10:32:12.901, 299.55, 100, 74232, 72
2026/07/29 10:32:13.938, 298.48, 100, 74232, 72
2026/07/29 10:32:14.977, 301.20, 100, 74232, 72
2026/07/29 10:32:16.014, 298.96, 100, 74232, 72
2026/07/29 10:32:17.052, 300.03, 100, 74232, 72
2026/07/29 10:32:18.091, 300.41, 100, 74232, 72
2026/07/29 10:32:19.129, 299.07, 100, 74232, 72
2026/07/29 10:32:20.168, 302.05, 100, 74232, 72
2026/07/29 10:32:21.205, 300.04, 100, 74232, 72
2026/07/29 10:32:22.243, 301.22, 100, 74232, 72
2026/07/29 10:32:23.279, 302.73, 100, 74232, 72
2026/07/29 10:32:24.317, 300.43, 100, 74232, 72
2026/07/29 10:32:25.354, 302.17, 100, 74232, 72
2026/07/29 10:32:26.392, 301.38, 100, 74232, 72
2026/07/29 10:32:27.429, 305.24, 100, 74232, 72
2026/07/29 10:32:28.466, 300.23, 100, 74232, 72
2026/07/29 10:32:29.506, 288.32, 100, 74232, 72
2026/07/29 10:32:30.545, 291.43, 100, 74232, 72
2026/07/29 10:32:31.585, 286.87, 100, 74232, 72
2026/07/29 10:32:32.622, 291.51, 100, 74232, 72
2026/07/29 10:32:33.660, 301.57, 100, 74232, 72
2026/07/29 10:32:34.698, 299.93, 100, 74232, 72
2026/07/29 10:32:35.735, 300.52, 100, 74232, 72
2026/07/29 10:32:36.773, 300.71, 100, 74232, 72
2026/07/29 10:32:37.810, 300.99, 100, 74232, 72
2026/07/29 10:32:38.848, 301.38, 100, 74232, 72
2026/07/29 10:32:39.885, 299.47, 100, 74232, 72
2026/07/29 10:32:40.924, 299.85, 100, 74232, 72
2026/07/29 10:32:41.962, 301.19, 100, 74232, 72
2026/07/29 10:32:42.999, 288.79, 100, 74232, 72
2026/07/29 10:32:44.036, 299.55, 100, 74232, 72
2026/07/29 10:32:45.074, 301.86, 100, 74232, 72
2026/07/29 10:32:46.113, 299.93, 100, 74232, 72
2026/07/29 10:32:47.151, 299.35, 100, 74232, 72
2026/07/29 10:32:48.188, 302.48, 100, 74232, 72
2026/07/29 10:32:49.225, 300.80, 100, 74232, 72
2026/07/29 10:32:50.263, 299.46, 100, 74232, 72
2026/07/29 10:32:51.301, 293.14, 100, 74232, 73
2026/07/29 10:32:52.337, 298.58, 100, 74232, 73
2026/07/29 10:32:53.377, 308.45, 100, 74232, 73
2026/07/29 10:32:54.413, 292.02, 100, 74232, 73
2026/07/29 10:32:55.449, 290.06, 100, 74232, 73
2026/07/29 10:32:56.490, 307.88, 100, 74232, 72
2026/07/29 10:32:57.528, 301.08, 100, 74232, 72
2026/07/29 10:32:58.566, 301.67, 100, 74232, 72
2026/07/29 10:32:59.604, 300.12, 100, 74232, 72
2026/07/29 10:33:00.641, 299.75, 100, 74232, 72
2026/07/29 10:33:01.678, 299.15, 100, 74232, 72
2026/07/29 10:33:02.714, 301.01, 100, 74232, 72
2026/07/29 10:33:03.751, 300.71, 100, 74232, 72
2026/07/29 10:33:04.788, 301.48, 100, 74232, 72
2026/07/29 10:33:05.828, 301.13, 100, 74232, 72
2026/07/29 10:33:06.865, 301.22, 100, 74232, 72
2026/07/29 10:33:07.903, 301.67, 100, 74232, 72
2026/07/29 10:33:08.941, 300.90, 100, 74232, 72
2026/07/29 10:33:09.978, 295.29, 100, 74232, 72
2026/07/29 10:33:11.017, 294.31, 100, 74232, 72
2026/07/29 10:33:12.054, 296.76, 100, 74232, 72
2026/07/29 10:33:13.091, 306.96, 54, 74232, 74
2026/07/29 10:33:14.126, 297.61, 100, 74232, 74
2026/07/29 10:33:15.162, 292.88, 100, 74232, 74
2026/07/29 10:33:16.197, 301.57, 100, 74232, 74
2026/07/29 10:33:17.233, 299.93, 100, 74232, 74
2026/07/29 10:33:18.272, 289.66, 100, 74232, 72
2026/07/29 10:33:19.309, 292.56, 100, 74232, 72
2026/07/29 10:33:20.349, 296.54, 100, 74232, 72
2026/07/29 10:33:21.386, 297.32, 100, 74232, 72
2026/07/29 10:33:22.425, 301.20, 100, 74232, 72
2026/07/29 10:33:23.462, 297.02, 100, 74232, 72
2026/07/29 10:33:24.500, 302.48, 100, 74232, 73
2026/07/29 10:33:25.537, 301.09, 100, 74232, 73
2026/07/29 10:33:26.572, 294.53, 100, 74232, 73
2026/07/29 10:33:27.607, 300.06, 100, 74232, 73
2026/07/29 10:33:28.642, 298.87, 100, 74232, 73
2026/07/29 10:33:29.676, 304.55, 100, 74232, 72
2026/07/29 10:33:30.715, 292.98, 100, 74232, 72
2026/07/29 10:33:31.752, 293.93, 100, 74232, 72
2026/07/29 10:33:32.790, 293.25, 100, 74232, 72
2026/07/29 10:33:33.827, 294.33, 100, 74232, 72
2026/07/29 10:33:34.864, 300.90, 100, 74232, 72
2026/07/29 10:33:35.901, 301.27, 100, 74232, 72
2026/07/29 10:33:36.940, 301.73, 100, 74232, 72
2026/07/29 10:33:37.977, 292.88, 100, 74232, 72
2026/07/29 10:33:39.017, 296.62, 100, 74232, 74
2026/07/29 10:33:40.054, 296.95, 100, 74232, 74
2026/07/29 10:33:41.090, 280.35, 100, 74232, 74
2026/07/29 10:33:42.124, 264.72, 100, 74232, 74
2026/07/29 10:33:43.159, 286.45, 100, 74232, 74
2026/07/29 10:33:44.198, 300.72, 100, 74232, 72
2026/07/29 10:33:45.234, 300.61, 100, 74232, 72
2026/07/29 10:33:46.270, 301.43, 100, 74232, 72
2026/07/29 10:33:47.306, 301.10, 100, 74232, 72
2026/07/29 10:33:48.343, 301.38, 100, 74232, 72
2026/07/29 10:33:49.381, 302.55, 100, 74232, 72
2026/07/29 10:33:50.420, 301.40, 100, 74232, 72
2026/07/29 10:33:51.457, 300.92, 100, 74232, 74
2026/07/29 10:33:52.493, 299.58, 100, 74232, 74
2026/07/29 10:33:53.529, 316.88, 100, 74232, 74
2026/07/29 10:33:54.569, 328.25, 100, 74232, 74
2026/07/29 10:33:55.603, 291.28, 100, 74232, 74
2026/07/29 10:33:56.640, 298.70, 100, 74232, 73
2026/07/29 10:33:57.678, 293.83, 100, 74232, 72
2026/07/29 10:33:58.714, 295.02, 100, 74232, 72
2026/07/29 10:33:59.754, 301.11, 100, 74232, 73
2026/07/29 10:34:00.791, 294.51, 100, 74232, 73
2026/07/29 10:34:01.828, 293.45, 100, 74232, 73
2026/07/29 10:34:02.864, 302.06, 100, 74232, 73
2026/07/29 10:34:03.901, 299.93, 100, 74232, 73
2026/07/29 10:34:04.940, 303.14, 100, 74232, 73
2026/07/29 10:34:05.977, 301.96, 100, 74232, 73
2026/07/29 10:34:07.014, 303.51, 100, 74232, 73
2026/07/29 10:34:08.050, 302.15, 100, 74232, 73
2026/07/29 10:34:09.086, 301.75, 100, 74232, 73
2026/07/29 10:34:10.124, 296.57, 100, 74232, 73
2026/07/29 10:34:11.164, 297.12, 100, 74232, 73
2026/07/29 10:34:12.201, 302.00, 100, 74232, 73
2026/07/29 10:34:13.237, 304.10, 100, 74232, 73
2026/07/29 10:34:14.275, 301.96, 100, 74232, 73
2026/07/29 10:34:15.313, 294.50, 100, 74232, 73
2026/07/29 10:34:16.350, 297.81, 100, 74232, 73
2026/07/29 10:34:17.389, 293.94, 100, 74232, 72
2026/07/29 10:34:18.428, 288.04, 100, 74232, 72
2026/07/29 10:34:19.466, 293.93, 100, 74232, 72
2026/07/29 10:34:20.504, 293.93, 100, 74232, 72
2026/07/29 10:34:21.540, 295.88, 100, 74232, 72
2026/07/29 10:34:22.579, 293.76, 100, 74232, 72
2026/07/29 10:34:23.616, 295.29, 100, 74232, 72
2026/07/29 10:34:24.652, 297.13, 100, 74232, 72
2026/07/29 10:34:25.689, 293.37, 100, 74232, 72
2026/07/29 10:34:26.726, 293.46, 100, 74232, 72
2026/07/29 10:34:27.765, 293.08, 100, 74232, 72
2026/07/29 10:34:28.803, 300.45, 100, 74232, 72
2026/07/29 10:34:29.841, 298.11, 100, 74232, 72
2026/07/29 10:34:30.879, 300.65, 100, 74232, 72
2026/07/29 10:34:31.915, 301.51, 100, 74232, 72
2026/07/29 10:34:32.951, 301.88, 100, 74232, 72
2026/07/29 10:34:33.989, 303.62, 100, 74232, 72
2026/07/29 10:34:35.026, 301.39, 100, 74232, 72
2026/07/29 10:34:36.063, 301.81, 100, 74232, 72
2026/07/29 10:34:37.099, 300.52, 100, 74232, 72
2026/07/29 10:34:38.136, 301.61, 100, 74232, 72
2026/07/29 10:34:39.173, 302.77, 100, 74232, 72
2026/07/29 10:34:40.210, 302.94, 100, 74232, 72
2026/07/29 10:34:41.246, 301.20, 100, 74232, 72
2026/07/29 10:34:42.282, 302.18, 100, 74232, 72
2026/07/29 10:34:43.318, 300.56, 100, 74232, 72
2026/07/29 10:34:44.356, 293.45, 100, 74232, 72
2026/07/29 10:34:45.392, 293.97, 100, 74232, 72
2026/07/29 10:34:46.429, 293.16, 100, 74232, 72
2026/07/29 10:34:47.465, 294.91, 100, 74232, 72
2026/07/29 10:34:48.501, 293.55, 100, 74232, 72
2026/07/29 10:34:49.537, 298.11, 100, 74232, 72
2026/07/29 10:34:50.573, 301.10, 100, 74232, 72
2026/07/29 10:34:51.609, 294.61, 100, 74232, 72
2026/07/29 10:34:52.645, 300.22, 100, 74232, 72
2026/07/29 10:34:53.681, 301.42, 100, 74232, 72
2026/07/29 10:34:54.718, 301.04, 100, 74232, 72
2026/07/29 10:34:55.754, 301.30, 100, 74232, 72
2026/07/29 10:34:56.792, 301.86, 100, 74232, 72
2026/07/29 10:34:57.829, 302.08, 100, 74232, 72
2026/07/29 10:34:58.869, 172.87, 100, 74232, 71
2026/07/29 10:34:59.906, 306.01, 100, 74232, 74
2026/07/29 10:35:00.942, 296.33, 100, 74232, 74
2026/07/29 10:35:01.977, 306.68, 100, 74232, 74
2026/07/29 10:35:03.011, 323.08, 100, 74232, 74
2026/07/29 10:35:04.046, 270.62, 100, 74232, 74
2026/07/29 10:35:05.080, 291.48, 100, 74232, 74
2026/07/29 10:35:06.120, 300.04, 100, 74232, 72
2026/07/29 10:35:07.156, 300.30, 100, 74232, 72
2026/07/29 10:35:08.194, 300.23, 100, 74232, 72
2026/07/29 10:35:09.230, 301.79, 100, 74232, 72
2026/07/29 10:35:10.268, 301.02, 100, 74232, 72
2026/07/29 10:35:11.305, 99.64, 2, 74232, 69
2026/07/29 10:35:12.340, 283.08, 100, 74232, 73
2026/07/29 10:35:13.375, 295.67, 100, 74232, 74
2026/07/29 10:35:14.411, 280.09, 100, 74232, 74
2026/07/29 10:35:15.449, 304.49, 100, 74232, 74
2026/07/29 10:35:16.486, 305.26, 100, 74232, 74
2026/07/29 10:35:17.522, 299.77, 100, 74232, 72
2026/07/29 10:35:18.560, 300.99, 100, 74232, 72
2026/07/29 10:35:19.597, 300.99, 100, 74232, 72
2026/07/29 10:35:20.636, 302.76, 100, 74232, 72
2026/07/29 10:35:21.676, 301.00, 100, 74232, 72
2026/07/29 10:35:22.714, 301.58, 100, 74232, 72
2026/07/29 10:35:23.751, 301.18, 100, 74232, 72
2026/07/29 10:35:24.789, 301.68, 100, 74232, 72
2026/07/29 10:35:25.826, 300.04, 100, 74232, 72
2026/07/29 10:35:26.864, 301.27, 100, 74232, 72
2026/07/29 10:35:27.901, 301.70, 100, 74232, 72
2026/07/29 10:35:28.938, 302.15, 100, 74232, 72
2026/07/29 10:35:29.976, 301.30, 100, 74232, 72
2026/07/29 10:35:31.014, 301.57, 100, 74232, 72
2026/07/29 10:35:32.055, 301.48, 100, 74232, 72
2026/07/29 10:35:33.093, 304.29, 100, 74232, 72
2026/07/29 10:35:34.131, 294.13, 100, 74232, 72
2026/07/29 10:35:35.168, 294.90, 100, 74232, 72
2026/07/29 10:35:36.205, 295.20, 100, 74232, 72
2026/07/29 10:35:37.241, 293.37, 100, 74232, 72
2026/07/29 10:35:38.278, 292.85, 100, 74232, 72
2026/07/29 10:35:39.315, 297.33, 100, 74232, 72
2026/07/29 10:35:40.352, 301.96, 100, 74232, 72
2026/07/29 10:35:41.388, 302.30, 100, 74232, 72
2026/07/29 10:35:42.425, 301.48, 100, 74232, 72
2026/07/29 10:35:43.462, 300.90, 100, 74232, 72
2026/07/29 10:35:44.498, 303.22, 100, 74232, 72
2026/07/29 10:35:45.536, 301.20, 100, 74232, 72
2026/07/29 10:35:46.574, 301.22, 100, 74232, 72
2026/07/29 10:35:47.611, 301.20, 100, 74232, 72
2026/07/29 10:35:48.648, 301.09, 100, 74232, 72
2026/07/29 10:35:49.685, 300.90, 100, 74232, 72
2026/07/29 10:35:50.723, 300.78, 100, 74232, 72
2026/07/29 10:35:51.759, 301.57, 100, 74232, 72
2026/07/29 10:35:52.797, 300.61, 100, 74232, 72
2026/07/29 10:35:53.834, 290.06, 100, 74232, 72
2026/07/29 10:35:54.871, 293.85, 100, 74232, 72
2026/07/29 10:35:55.908, 300.06, 100, 74232, 72
2026/07/29 10:35:56.945, 297.31, 100, 74232, 72
2026/07/29 10:35:57.981, 301.97, 100, 74232, 72
2026/07/29 10:35:59.018, 302.84, 100, 74232, 72
2026/07/29 10:36:00.055, 301.71, 100, 74232, 72
2026/07/29 10:36:01.092, 302.45, 100, 74232, 72
2026/07/29 10:36:02.128, 300.60, 100, 74232, 72
2026/07/29 10:36:03.164, 300.62, 100, 74232, 72
2026/07/29 10:36:04.201, 301.67, 100, 74232, 72
2026/07/29 10:36:05.237, 301.85, 100, 74232, 72
2026/07/29 10:36:06.276, 301.44, 100, 74232, 72
2026/07/29 10:36:07.314, 300.87, 100, 74232, 72
2026/07/29 10:36:08.354, 302.14, 100, 74232, 72
2026/07/29 10:36:09.394, 295.76, 100, 74232, 72
2026/07/29 10:36:10.431, 293.16, 100, 74232, 72
2026/07/29 10:36:11.468, 294.32, 100, 74232, 72
2026/07/29 10:36:12.506, 294.90, 100, 74232, 72
2026/07/29 10:36:13.544, 293.37, 100, 74232, 72
2026/07/29 10:36:14.582, 294.41, 100, 74232, 72
2026/07/29 10:36:15.620, 289.57, 100, 74232, 72
2026/07/29 10:36:16.657, 294.52, 100, 74232, 72
2026/07/29 10:36:17.695, 293.06, 100, 74232, 72
2026/07/29 10:36:18.735, 300.36, 100, 74232, 72
2026/07/29 10:36:19.771, 302.55, 100, 74232, 72
2026/07/29 10:36:20.809, 299.85, 100, 74232, 72
2026/07/29 10:36:21.846, 302.20, 100, 74232, 72
2026/07/29 10:36:22.884, 301.23, 100, 74232, 72
2026/07/29 10:36:23.921, 300.50, 100, 74232, 72
2026/07/29 10:36:24.959, 301.58, 100, 74232, 72
2026/07/29 10:36:25.997, 300.98, 100, 74232, 72
2026/07/29 10:36:27.034, 299.91, 100, 74232, 72
2026/07/29 10:36:28.072, 300.72, 100, 74232, 72
2026/07/29 10:36:29.109, 301.08, 100, 74232, 72
2026/07/29 10:36:30.148, 304.59, 100, 74232, 72
2026/07/29 10:36:31.185, 301.00, 100, 74232, 72
2026/07/29 10:36:32.223, 302.74, 100, 74232, 72
2026/07/29 10:36:33.261, 301.17, 100, 74232, 72
2026/07/29 10:36:34.300, 300.82, 100, 74232, 72
2026/07/29 10:36:35.338, 300.71, 100, 74232, 72
2026/07/29 10:36:36.376, 295.76, 100, 74232, 71
2026/07/29 10:36:37.415, 301.41, 100, 74232, 72
2026/07/29 10:36:38.453, 302.25, 100, 74232, 72
2026/07/29 10:36:39.491, 300.33, 100, 74232, 72
2026/07/29 10:36:40.529, 300.54, 100, 74232, 71
2026/07/29 10:36:41.568, 299.85, 100, 74232, 71
2026/07/29 10:36:42.606, 297.23, 100, 74232, 71
2026/07/29 10:36:43.647, 294.44, 100, 74232, 71
2026/07/29 10:36:44.686, 300.61, 100, 74232, 71
2026/07/29 10:36:45.723, 291.42, 100, 74232, 71
2026/07/29 10:36:46.761, 293.24, 100, 74232, 71
2026/07/29 10:36:47.799, 293.55, 100, 74232, 71
2026/07/29 10:36:48.838, 299.95, 100, 74232, 72
2026/07/29 10:36:49.875, 299.76, 100, 74232, 72
2026/07/29 10:36:50.918, 297.52, 100, 74232, 72
2026/07/29 10:36:51.956, 300.03, 100, 74232, 72
2026/07/29 10:36:52.994, 301.39, 100, 74232, 72
2026/07/29 10:36:54.034, 302.33, 100, 74232, 72
2026/07/29 10:36:55.072, 300.13, 100, 74232, 72
2026/07/29 10:36:56.109, 301.69, 100, 74232, 72
2026/07/29 10:36:57.148, 300.81, 100, 74232, 72
2026/07/29 10:36:58.185, 301.52, 100, 74232, 72
2026/07/29 10:36:59.223, 299.05, 100, 74232, 73
2026/07/29 10:37:00.258, 303.32, 100, 74232, 74
2026/07/29 10:37:01.298, 301.65, 100, 74232, 74
2026/07/29 10:37:02.332, 292.66, 100, 74232, 74
2026/07/29 10:37:03.367, 301.08, 100, 74232, 74
2026/07/29 10:37:04.409, 299.08, 100, 74232, 74
2026/07/29 10:37:05.445, 300.42, 100, 74232, 72
2026/07/29 10:37:06.483, 299.87, 100, 74232, 72
2026/07/29 10:37:07.520, 301.58, 100, 74232, 72
2026/07/29 10:37:08.557, 299.72, 100, 74232, 72
2026/07/29 10:37:09.595, 301.09, 100, 74232, 72
2026/07/29 10:37:10.633, 302.83, 100, 74232, 72
2026/07/29 10:37:11.671, 302.15, 100, 74232, 72
2026/07/29 10:37:12.709, 301.51, 100, 74232, 72
2026/07/29 10:37:13.749, 301.97, 100, 74232, 72
2026/07/29 10:37:14.787, 294.62, 100, 74232, 72
2026/07/29 10:37:15.824, 290.65, 100, 74232, 72
2026/07/29 10:37:16.863, 294.70, 100, 74232, 72
2026/07/29 10:37:17.901, 294.92, 100, 74232, 72
2026/07/29 10:37:18.937, 294.33, 100, 74232, 72
2026/07/29 10:37:19.975, 293.45, 100, 74232, 72
2026/07/29 10:37:21.011, 294.91, 100, 74232, 72
2026/07/29 10:37:22.056, 301.28, 100, 74232, 72
2026/07/29 10:37:23.094, 302.17, 100, 74232, 72
2026/07/29 10:37:24.132, 299.93, 100, 74232, 72
2026/07/29 10:37:25.169, 302.17, 100, 74232, 72
2026/07/29 10:37:26.207, 300.42, 100, 74232, 72
2026/07/29 10:37:27.244, 300.51, 100, 74232, 72
2026/07/29 10:37:28.282, 300.61, 100, 74232, 72
2026/07/29 10:37:29.318, 300.89, 100, 74232, 72
2026/07/29 10:37:30.357, 301.57, 100, 74232, 72
2026/07/29 10:37:31.395, 305.83, 100, 74232, 72
2026/07/29 10:37:32.432, 118.89, 100, 74232, 74
2026/07/29 10:37:33.469, 291.41, 100, 74232, 74
2026/07/29 10:37:34.505, 296.64, 100, 74232, 74
2026/07/29 10:37:35.541, 294.72, 100, 74232, 74
2026/07/29 10:37:36.576, 285.02, 100, 74232, 74
2026/07/29 10:37:37.612, 282.56, 100, 74232, 74
2026/07/29 10:37:38.647, 301.12, 100, 74232, 74
2026/07/29 10:37:39.684, 300.71, 100, 74232, 72
2026/07/29 10:37:40.722, 303.25, 100, 74232, 72
2026/07/29 10:37:41.760, 301.08, 100, 74232, 72
2026/07/29 10:37:42.798, 302.98, 100, 74232, 72
2026/07/29 10:37:43.837, 297.22, 100, 74232, 72
2026/07/29 10:37:44.875, 291.71, 100, 74232, 72
2026/07/29 10:37:45.912, 296.44, 100, 74232, 72
2026/07/29 10:37:46.949, 293.64, 100, 74232, 72
2026/07/29 10:37:47.988, 294.75, 100, 74232, 72
2026/07/29 10:37:49.025, 293.74, 100, 74232, 72
2026/07/29 10:37:50.064, 293.97, 100, 74232, 72
2026/07/29 10:37:51.101, 294.80, 100, 74232, 72
2026/07/29 10:37:52.138, 99.29, 0, 74232, 69
2026/07/29 10:37:53.172, 283.96, 100, 74232, 74
2026/07/29 10:37:54.207, 291.67, 100, 74232, 74
2026/07/29 10:37:55.242, 303.98, 100, 74232, 74
2026/07/29 10:37:56.280, 300.32, 100, 74232, 74
2026/07/29 10:37:57.316, 292.28, 100, 74232, 74
2026/07/29 10:37:58.352, 305.21, 100, 74232, 74
2026/07/29 10:37:59.389, 301.28, 100, 74232, 72
2026/07/29 10:38:00.428, 301.10, 100, 74232, 72
2026/07/29 10:38:01.467, 301.10, 100, 74232, 72
2026/07/29 10:38:02.504, 301.20, 100, 74232, 72
2026/07/29 10:38:03.542, 301.36, 100, 74232, 72
2026/07/29 10:38:04.579, 294.43, 100, 74232, 73
2026/07/29 10:38:05.615, 295.30, 100, 74232, 74
2026/07/29 10:38:06.650, 285.36, 100, 74232, 74
2026/07/29 10:38:07.685, 299.35, 100, 74232, 74
2026/07/29 10:38:08.721, 278.05, 100, 74232, 74
2026/07/29 10:38:09.758, 288.56, 100, 74232, 74
2026/07/29 10:38:10.793, 304.92, 100, 74232, 74
2026/07/29 10:38:11.829, 303.73, 100, 74232, 72
2026/07/29 10:38:12.869, 301.75, 100, 74232, 72
2026/07/29 10:38:13.908, 294.53, 100, 74232, 72
2026/07/29 10:38:14.946, 294.11, 100, 74232, 72
2026/07/29 10:38:15.985, 294.13, 100, 74232, 72
2026/07/29 10:38:17.024, 293.85, 100, 74232, 72
2026/07/29 10:38:18.061, 295.01, 100, 74232, 72
2026/07/29 10:38:19.101, 295.39, 100, 74232, 72
2026/07/29 10:38:20.139, 294.15, 100, 74232, 73
2026/07/29 10:38:21.177, 294.54, 100, 74232, 73
2026/07/29 10:38:22.215, 303.99, 100, 74232, 73
2026/07/29 10:38:23.252, 289.39, 100, 74232, 72
2026/07/29 10:38:24.289, 98.92, 0, 74232, 69
2026/07/29 10:38:25.321, 97.99, 0, 74232, 68
2026/07/29 10:38:26.352, 96.39, 0, 74232, 68
2026/07/29 10:38:27.383, 95.08, 0, 74232, 67
2026/07/29 10:38:28.415, 94.36, 0, 74232, 67
2026/07/29 10:38:29.447, 93.15, 0, 74232, 66
2026/07/29 10:38:30.480, 94.07, 0, 74232, 65
2026/07/29 10:38:31.512, 93.28, 0, 74232, 65
2026/07/29 10:38:32.543, 92.32, 0, 74232, 64
2026/07/29 10:38:33.574, 92.46, 0, 74232, 64
2026/07/29 10:38:34.605, 90.92, 0, 74232, 64
2026/07/29 10:38:35.637, 89.94, 0, 74232, 63
2026/07/29 10:38:36.669, 88.86, 0, 74232, 63
2026/07/29 10:38:37.701, 89.32, 0, 74232, 62
2026/07/29 10:38:38.733, 87.89, 0, 74232, 62
2026/07/29 10:38:39.765, 87.88, 0, 74232, 62
2026/07/29 10:38:40.796, 87.91, 0, 74232, 61
2026/07/29 10:38:41.827, 87.54, 0, 74232, 61
2026/07/29 10:38:42.859, 87.03, 0, 74232, 61
2026/07/29 10:38:43.891, 86.76, 0, 74232, 61
2026/07/29 10:38:44.921, 85.96, 0, 74232, 60
2026/07/29 10:38:45.951, 85.90, 0, 74232, 60
2026/07/29 10:38:46.982, 85.77, 0, 74232, 60
2026/07/29 10:38:48.056, 84.94, 0, 74232, 59
2026/07/29 10:38:49.088, 85.00, 0, 74232, 59
2026/07/29 10:38:50.117, 85.03, 0, 74232, 59
2026/07/29 10:38:51.147, 85.00, 0, 74232, 59
2026/07/29 10:38:52.179, 83.86, 0, 74232, 58
2026/07/29 10:38:53.210, 84.35, 0, 74232, 58
2026/07/29 10:38:54.241, 288.66, 100, 74232, 64
2026/07/29 10:38:55.274, 300.67, 100, 74232, 64
2026/07/29 10:38:56.310, 296.55, 100, 74232, 64
2026/07/29 10:38:57.344, 284.63, 100, 74232, 64
2026/07/29 10:38:58.378, 302.74, 100, 74232, 63
2026/07/29 10:38:59.416, 303.78, 100, 74232, 64
2026/07/29 10:39:00.452, 304.96, 100, 74232, 64
2026/07/29 10:39:01.489, 302.38, 100, 74232, 64
2026/07/29 10:39:02.526, 299.54, 100, 74232, 66
2026/07/29 10:39:03.562, 303.62, 100, 74232, 66
2026/07/29 10:39:04.598, 287.13, 100, 74232, 66
2026/07/29 10:39:05.637, 299.77, 100, 74232, 67
2026/07/29 10:39:06.680, 293.37, 100, 74232, 65
2026/07/29 10:39:07.717, 286.95, 100, 74232, 65
2026/07/29 10:39:08.754, 291.61, 100, 74232, 65
2026/07/29 10:39:09.790, 300.93, 100, 74232, 66
2026/07/29 10:39:10.828, 294.24, 100, 74232, 66
2026/07/29 10:39:11.866, 296.74, 100, 74232, 66
2026/07/29 10:39:12.903, 290.69, 100, 74232, 68
2026/07/29 10:39:13.938, 297.36, 100, 74232, 68
2026/07/29 10:39:14.982, 312.32, 100, 74232, 69
2026/07/29 10:39:16.018, 296.46, 100, 74232, 69
2026/07/29 10:39:17.060, 302.33, 100, 74232, 67
2026/07/29 10:39:18.099, 302.35, 100, 74232, 67
2026/07/29 10:39:19.137, 302.45, 100, 74232, 67
2026/07/29 10:39:20.174, 301.68, 100, 74232, 68
2026/07/29 10:39:21.212, 302.90, 100, 74232, 69
2026/07/29 10:39:22.248, 289.49, 100, 74232, 70
2026/07/29 10:39:23.283, 294.31, 100, 74232, 70
2026/07/29 10:39:24.319, 280.66, 100, 74232, 70
2026/07/29 10:39:25.355, 297.85, 100, 74232, 70
2026/07/29 10:39:26.391, 303.90, 100, 74232, 68
2026/07/29 10:39:27.429, 302.54, 100, 74232, 69
2026/07/29 10:39:28.467, 296.15, 100, 74232, 69
2026/07/29 10:39:29.505, 297.43, 100, 74232, 69
2026/07/29 10:39:30.541, 297.72, 100, 74232, 69
2026/07/29 10:39:31.579, 299.51, 100, 74232, 70
2026/07/29 10:39:32.614, 306.22, 100, 74232, 71
2026/07/29 10:39:33.649, 296.42, 100, 74232, 71
2026/07/29 10:39:34.688, 303.93, 100, 74232, 71
2026/07/29 10:39:35.723, 285.93, 100, 74232, 71
2026/07/29 10:39:36.757, 299.37, 100, 74232, 69
2026/07/29 10:39:37.796, 302.96, 100, 74232, 70
2026/07/29 10:39:38.832, 293.54, 100, 74232, 70
2026/07/29 10:39:39.871, 95.55, 26, 74232, 67
2026/07/29 10:39:40.903, 304.64, 100, 74232, 71
2026/07/29 10:39:41.942, 305.67, 100, 74232, 71
2026/07/29 10:39:42.976, 288.18, 100, 74232, 72
2026/07/29 10:39:44.011, 283.05, 100, 74232, 72
2026/07/29 10:39:45.046, 292.86, 100, 74232, 70
2026/07/29 10:39:46.084, 282.30, 100, 74232, 70
2026/07/29 10:39:47.121, 290.36, 100, 74232, 70
2026/07/29 10:39:48.158, 290.46, 100, 74232, 70
2026/07/29 10:39:49.195, 290.75, 100, 74232, 70
2026/07/29 10:39:50.232, 305.16, 100, 74232, 72
2026/07/29 10:39:51.267, 295.01, 100, 74232, 72
2026/07/29 10:39:52.304, 290.54, 100, 74232, 72
2026/07/29 10:39:53.339, 276.99, 100, 74232, 73
2026/07/29 10:39:54.377, 306.33, 100, 74232, 72
2026/07/29 10:39:55.417, 279.68, 100, 74232, 71
2026/07/29 10:39:56.455, 289.48, 100, 74232, 71
2026/07/29 10:39:57.491, 293.15, 100, 74232, 71
2026/07/29 10:39:58.529, 293.63, 100, 74232, 71
2026/07/29 10:39:59.565, 300.49, 65, 74232, 72
2026/07/29 10:40:00.600, 290.36, 100, 74232, 73
2026/07/29 10:40:01.634, 312.62, 100, 74232, 73
2026/07/29 10:40:02.668, 305.53, 100, 74232, 73
2026/07/29 10:40:03.703, 273.55, 100, 74232, 73
2026/07/29 10:40:04.738, 300.23, 100, 74232, 71
2026/07/29 10:40:05.779, 299.36, 100, 74232, 71
2026/07/29 10:40:06.817, 294.31, 100, 74232, 71
2026/07/29 10:40:07.858, 301.51, 100, 74232, 72
2026/07/29 10:40:08.896, 303.61, 100, 74232, 73
2026/07/29 10:40:09.930, 297.60, 100, 74232, 73
2026/07/29 10:40:10.966, 300.22, 100, 74232, 73
2026/07/29 10:40:12.002, 296.05, 100, 74232, 73
2026/07/29 10:40:13.038, 284.04, 100, 74232, 73
2026/07/29 10:40:14.075, 299.93, 100, 74232, 72
2026/07/29 10:40:15.115, 295.99, 100, 74232, 72
2026/07/29 10:40:16.152, 302.29, 100, 74232, 72
2026/07/29 10:40:17.190, 302.43, 100, 74232, 72
2026/07/29 10:40:18.228, 300.70, 100, 74232, 72
2026/07/29 10:40:19.267, 301.79, 100, 74232, 72
2026/07/29 10:40:20.307, 300.83, 100, 74232, 72
2026/07/29 10:40:21.345, 303.10, 100, 74232, 72
2026/07/29 10:40:22.382, 301.97, 100, 74232, 72
2026/07/29 10:40:23.424, 300.33, 100, 74232, 72
2026/07/29 10:40:24.463, 301.08, 100, 74232, 72
2026/07/29 10:40:25.499, 293.64, 100, 74232, 72
2026/07/29 10:40:26.537, 293.45, 41, 74232, 73
2026/07/29 10:40:27.572, 293.33, 100, 74232, 74
2026/07/29 10:40:28.607, 279.85, 100, 74232, 74
2026/07/29 10:40:29.642, 292.77, 100, 74232, 74
2026/07/29 10:40:30.680, 280.16, 100, 74232, 74
2026/07/29 10:40:31.715, 270.17, 100, 74232, 73
2026/07/29 10:40:32.750, 294.42, 100, 74232, 72
2026/07/29 10:40:33.790, 294.32, 100, 74232, 72
2026/07/29 10:40:34.829, 302.95, 100, 74232, 72
2026/07/29 10:40:35.867, 301.02, 100, 74232, 70
2026/07/29 10:40:36.899, 300.30, 100, 74232, 73
2026/07/29 10:40:37.937, 300.31, 100, 74232, 73
2026/07/29 10:40:38.972, 282.50, 100, 74232, 74
2026/07/29 10:40:40.006, 296.17, 100, 74232, 74
2026/07/29 10:40:41.044, 276.01, 100, 74232, 73
2026/07/29 10:40:42.079, 293.07, 100, 74232, 72
2026/07/29 10:40:43.119, 294.04, 100, 74232, 72
2026/07/29 10:40:44.156, 300.52, 100, 74232, 72
2026/07/29 10:40:45.193, 304.08, 100, 74232, 72
2026/07/29 10:40:46.230, 302.01, 100, 74232, 72
2026/07/29 10:40:47.269, 300.70, 100, 74232, 72
2026/07/29 10:40:48.306, 301.84, 100, 74232, 72
2026/07/29 10:40:49.342, 99.14, 0, 74232, 69
2026/07/29 10:40:50.375, 302.83, 100, 74232, 73
2026/07/29 10:40:51.411, 302.35, 100, 74232, 74
2026/07/29 10:40:52.444, 304.10, 100, 74232, 73
2026/07/29 10:40:53.478, 295.12, 100, 74232, 74
2026/07/29 10:40:54.511, 279.56, 100, 74232, 74
2026/07/29 10:40:55.546, 306.80, 100, 74232, 72
2026/07/29 10:40:56.582, 300.13, 100, 74232, 72
2026/07/29 10:40:57.617, 301.80, 100, 74232, 72
2026/07/29 10:40:58.655, 300.80, 100, 74232, 72
2026/07/29 10:40:59.692, 294.25, 100, 74232, 74
2026/07/29 10:41:00.726, 295.96, 100, 74232, 74
2026/07/29 10:41:01.759, 284.39, 100, 74232, 74
2026/07/29 10:41:02.793, 294.60, 100, 74232, 74
2026/07/29 10:41:03.827, 300.13, 100, 74232, 74
2026/07/29 10:41:04.868, 292.02, 100, 74232, 72
2026/07/29 10:41:05.904, 293.95, 100, 74232, 72
2026/07/29 10:41:06.941, 294.04, 100, 74232, 72
2026/07/29 10:41:07.977, 293.94, 100, 74232, 72
2026/07/29 10:41:09.016, 297.42, 100, 74232, 72
2026/07/29 10:41:10.054, 302.06, 100, 74232, 73
2026/07/29 10:41:11.091, 296.45, 100, 74232, 73
2026/07/29 10:41:12.128, 297.91, 100, 74232, 73
2026/07/29 10:41:13.164, 302.27, 100, 74232, 73
2026/07/29 10:41:14.200, 301.66, 100, 74232, 73
2026/07/29 10:41:15.236, 98.53, 0, 74232, 69
2026/07/29 10:41:16.269, 300.63, 100, 74232, 74
2026/07/29 10:41:17.304, 289.06, 100, 74232, 74
2026/07/29 10:41:18.338, 322.98, 100, 74232, 74
2026/07/29 10:41:19.383, 302.09, 100, 74232, 74
2026/07/29 10:41:20.418, 262.47, 100, 74232, 74
2026/07/29 10:41:21.454, 301.59, 100, 74232, 72
2026/07/29 10:41:22.492, 305.28, 100, 74232, 72
2026/07/29 10:41:23.530, 299.16, 100, 74232, 72
2026/07/29 10:41:24.571, 302.10, 100, 74232, 72
2026/07/29 10:41:25.607, 302.16, 100, 74232, 72
2026/07/29 10:41:26.645, 302.65, 100, 74232, 73
2026/07/29 10:41:27.682, 301.39, 100, 74232, 73
2026/07/29 10:41:28.720, 303.02, 100, 74232, 73
2026/07/29 10:41:29.758, 304.36, 100, 74232, 73
2026/07/29 10:41:30.795, 295.00, 100, 74232, 73
2026/07/29 10:41:31.834, 301.38, 100, 74232, 73
2026/07/29 10:41:32.873, 293.92, 100, 74232, 73
2026/07/29 10:41:33.910, 294.52, 100, 74232, 73
2026/07/29 10:41:34.949, 295.21, 100, 74232, 73
2026/07/29 10:41:35.986, 296.64, 100, 74232, 72
2026/07/29 10:41:37.025, 295.19, 100, 74232, 73
2026/07/29 10:41:38.063, 293.93, 100, 74232, 72
2026/07/29 10:41:39.100, 301.79, 100, 74232, 73
2026/07/29 10:41:40.137, 301.72, 100, 74232, 73
2026/07/29 10:41:41.175, 298.79, 100, 74232, 73
2026/07/29 10:41:42.213, 293.36, 100, 74232, 72
2026/07/29 10:41:43.249, 309.90, 100, 74232, 74
2026/07/29 10:41:44.284, 301.10, 100, 74232, 74
2026/07/29 10:41:45.320, 302.00, 100, 74232, 74
2026/07/29 10:41:46.355, 264.06, 100, 74232, 74
2026/07/29 10:41:47.388, 282.68, 100, 74232, 74
2026/07/29 10:41:48.427, 275.72, 100, 74232, 74
2026/07/29 10:41:49.465, 301.48, 100, 74232, 73
2026/07/29 10:41:50.502, 301.88, 100, 74232, 73
2026/07/29 10:41:51.540, 302.08, 100, 74232, 73
2026/07/29 10:41:52.578, 300.99, 100, 74232, 73
2026/07/29 10:41:53.615, 302.35, 100, 74232, 73
2026/07/29 10:41:54.653, 301.97, 100, 74232, 73
2026/07/29 10:41:55.689, 301.97, 100, 74232, 73
2026/07/29 10:41:56.725, 302.73, 100, 74232, 73
2026/07/29 10:41:57.763, 289.27, 80, 74232, 74
2026/07/29 10:41:58.800, 304.96, 100, 74232, 74
2026/07/29 10:41:59.834, 301.97, 100, 74232, 74
2026/07/29 10:42:00.869, 302.67, 100, 74232, 74
2026/07/29 10:42:01.902, 305.76, 100, 74232, 74
2026/07/29 10:42:02.936, 268.76, 100, 74232, 74
2026/07/29 10:42:03.971, 250.69, 100, 74232, 72
2026/07/29 10:42:05.008, 282.77, 100, 74232, 72
2026/07/29 10:42:06.044, 289.58, 100, 74232, 72
2026/07/29 10:42:07.084, 293.37, 100, 74232, 72
2026/07/29 10:42:08.123, 295.67, 100, 74232, 72
2026/07/29 10:42:09.160, 291.11, 0, 74232, 73
2026/07/29 10:42:10.196, 295.77, 100, 74232, 74
2026/07/29 10:42:11.235, 297.62, 100, 74232, 74
2026/07/29 10:42:12.270, 300.40, 100, 74232, 74
2026/07/29 10:42:13.309, 278.73, 100, 74232, 74
2026/07/29 10:42:14.343, 305.57, 100, 74232, 74
2026/07/29 10:42:15.377, 302.86, 100, 74232, 72
2026/07/29 10:42:16.415, 290.55, 100, 74232, 72
2026/07/29 10:42:17.452, 294.14, 100, 74232, 72
2026/07/29 10:42:18.491, 290.64, 100, 74232, 72
2026/07/29 10:42:19.528, 317.68, 24, 74232, 73
2026/07/29 10:42:20.564, 309.59, 100, 74232, 74
2026/07/29 10:42:21.599, 298.48, 100, 74232, 74
2026/07/29 10:42:22.634, 282.67, 100, 74232, 74
2026/07/29 10:42:23.669, 305.13, 100, 74232, 74
2026/07/29 10:42:24.704, 290.77, 100, 74232, 74
2026/07/29 10:42:25.744, 287.74, 100, 74232, 74
2026/07/29 10:42:26.787, 303.58, 100, 74232, 73
2026/07/29 10:42:27.825, 294.43, 100, 74232, 73
2026/07/29 10:42:28.862, 295.77, 100, 74232, 73
2026/07/29 10:42:29.902, 296.29, 100, 74232, 73
2026/07/29 10:42:30.938, 294.92, 100, 74232, 73
2026/07/29 10:42:31.977, 295.50, 100, 74232, 73
2026/07/29 10:42:33.015, 299.73, 100, 74232, 73
2026/07/29 10:42:34.053, 295.30, 100, 74232, 73
2026/07/29 10:42:35.092, 293.36, 100, 74232, 73
2026/07/29 10:42:36.130, 294.50, 100, 74232, 73
2026/07/29 10:42:37.169, 296.56, 100, 74232, 73
2026/07/29 10:42:38.207, 295.20, 100, 74232, 73
2026/07/29 10:42:39.245, 295.89, 100, 74232, 73
2026/07/29 10:42:40.284, 99.67, 0, 74232, 70
2026/07/29 10:42:41.352, 293.84, 100, 74232, 74
2026/07/29 10:42:42.387, 284.86, 100, 74232, 74
2026/07/29 10:42:43.424, 308.11, 100, 74232, 74
2026/07/29 10:42:44.459, 311.17, 100, 74232, 74
2026/07/29 10:42:45.494, 290.25, 100, 74232, 74
2026/07/29 10:42:46.528, 298.02, 100, 74232, 74
2026/07/29 10:42:47.571, 301.30, 100, 74232, 72
2026/07/29 10:42:48.609, 301.67, 100, 74232, 72
2026/07/29 10:42:49.646, 302.64, 100, 74232, 72
2026/07/29 10:42:50.683, 301.68, 100, 74232, 72
2026/07/29 10:42:51.719, 302.94, 100, 74232, 72
2026/07/29 10:42:52.755, 100.15, 0, 74232, 69
2026/07/29 10:42:53.786, 281.98, 100, 74232, 74
2026/07/29 10:42:54.822, 293.92, 100, 74232, 74
2026/07/29 10:42:55.855, 280.78, 100, 74232, 74
2026/07/29 10:42:56.896, 266.95, 100, 74232, 74
2026/07/29 10:42:57.931, 288.41, 100, 74232, 74
2026/07/29 10:42:58.965, 279.25, 100, 74232, 74
2026/07/29 10:43:00.000, 301.47, 100, 74232, 72
2026/07/29 10:43:01.039, 301.86, 100, 74232, 72
2026/07/29 10:43:02.077, 303.41, 100, 74232, 73
2026/07/29 10:43:03.113, 301.67, 100, 74232, 73
2026/07/29 10:43:04.151, 302.95, 100, 74232, 73
2026/07/29 10:43:05.189, 302.48, 100, 74232, 73
2026/07/29 10:43:06.228, 302.36, 100, 74232, 73
2026/07/29 10:43:07.265, 289.75, 100, 74232, 75
2026/07/29 10:43:08.300, 279.92, 100, 74232, 75
2026/07/29 10:43:09.334, 292.76, 100, 74232, 75
2026/07/29 10:43:10.368, 291.52, 100, 74232, 74
2026/07/29 10:43:11.405, 304.29, 100, 74232, 75
2026/07/29 10:43:12.441, 253.83, 100, 74232, 75
2026/07/29 10:43:13.475, 302.45, 100, 74232, 73
2026/07/29 10:43:14.513, 300.61, 100, 74232, 73
2026/07/29 10:43:15.552, 302.46, 100, 74232, 73
2026/07/29 10:43:16.593, 302.58, 100, 74232, 73
2026/07/29 10:43:17.630, 302.18, 100, 74232, 73
2026/07/29 10:43:18.666, 303.52, 100, 74232, 73
2026/07/29 10:43:19.702, 305.36, 100, 74232, 73
2026/07/29 10:43:20.739, 303.21, 100, 74232, 73
2026/07/29 10:43:21.776, 304.02, 100, 74232, 73
2026/07/29 10:43:22.812, 303.99, 100, 74232, 73
2026/07/29 10:43:23.849, 304.27, 100, 74232, 73
2026/07/29 10:43:24.887, 300.73, 100, 74232, 73
2026/07/29 10:43:25.927, 303.41, 100, 74232, 73
2026/07/29 10:43:26.963, 304.87, 100, 74232, 73
2026/07/29 10:43:28.001, 302.54, 100, 74232, 73
2026/07/29 10:43:29.038, 100.45, 39, 74232, 71
2026/07/29 10:43:30.071, 300.41, 100, 74232, 75
2026/07/29 10:43:31.105, 296.26, 100, 74232, 75
2026/07/29 10:43:32.142, 301.28, 100, 74232, 75
2026/07/29 10:43:33.175, 292.58, 100, 74232, 74
2026/07/29 10:43:34.210, 270.18, 100, 74232, 74
2026/07/29 10:43:35.245, 308.34, 100, 74232, 75
2026/07/29 10:43:36.289, 289.18, 100, 74232, 75
2026/07/29 10:43:37.323, 304.77, 100, 74232, 73
2026/07/29 10:43:38.362, 302.38, 100, 74232, 73
2026/07/29 10:43:39.398, 302.64, 100, 74232, 73
2026/07/29 10:43:40.435, 301.77, 100, 74232, 73
2026/07/29 10:43:41.471, 301.60, 100, 74232, 75
2026/07/29 10:43:42.505, 301.95, 100, 74232, 74
2026/07/29 10:43:43.538, 273.04, 100, 74232, 74
2026/07/29 10:43:44.571, 281.46, 100, 74232, 75
2026/07/29 10:43:45.604, 303.15, 100, 74232, 75
2026/07/29 10:43:46.640, 292.20, 100, 74232, 75
2026/07/29 10:43:47.679, 290.74, 100, 74232, 75
2026/07/29 10:43:48.713, 303.02, 100, 74232, 73
2026/07/29 10:43:49.749, 302.45, 100, 74232, 73
2026/07/29 10:43:50.787, 305.55, 100, 74232, 73
2026/07/29 10:43:51.826, 303.44, 100, 74232, 73
2026/07/29 10:43:52.863, 303.43, 100, 74232, 73
2026/07/29 10:43:53.904, 301.90, 100, 74232, 73
2026/07/29 10:43:54.941, 303.25, 100, 74232, 73
2026/07/29 10:43:55.979, 304.48, 100, 74232, 73
2026/07/29 10:43:57.017, 305.04, 100, 74232, 73
2026/07/29 10:43:58.053, 303.43, 100, 74232, 73
2026/07/29 10:43:59.098, 100.07, 0, 74232, 70
2026/07/29 10:44:00.131, 98.62, 0, 74232, 69
2026/07/29 10:44:01.163, 97.93, 0, 74232, 68
2026/07/29 10:44:02.194, 97.37, 0, 74232, 68
2026/07/29 10:44:03.226, 95.50, 0, 74232, 67
2026/07/29 10:44:04.257, 95.76, 0, 74232, 67
2026/07/29 10:44:05.288, 95.11, 0, 74232, 66
2026/07/29 10:44:06.320, 93.02, 0, 74232, 66
2026/07/29 10:44:07.350, 92.85, 0, 74232, 65
2026/07/29 10:44:08.385, 93.32, 0, 74232, 65
2026/07/29 10:44:09.416, 93.23, 0, 74232, 64
2026/07/29 10:44:10.448, 91.04, 0, 74232, 64
2026/07/29 10:44:11.480, 91.80, 0, 74232, 64
2026/07/29 10:44:12.514, 90.86, 0, 74232, 63
2026/07/29 10:44:13.546, 89.94, 0, 74232, 63
2026/07/29 10:44:14.586, 88.44, 0, 74232, 63
2026/07/29 10:44:15.617, 88.01, 0, 74232, 62
2026/07/29 10:44:16.649, 88.49, 0, 74232, 62
2026/07/29 10:44:17.680, 87.39, 0, 74232, 62
2026/07/29 10:44:18.711, 87.20, 0, 74232, 62
2026/07/29 10:44:19.743, 86.59, 0, 74232, 61
2026/07/29 10:44:20.775, 86.22, 0, 74232, 61
2026/07/29 10:44:21.806, 86.15, 0, 74232, 61
2026/07/29 10:44:22.840, 85.74, 0, 74232, 60
2026/07/29 10:44:23.871, 86.75, 0, 74232, 60
2026/07/29 10:44:24.903, 85.72, 0, 74232, 60
2026/07/29 10:44:25.934, 84.72, 0, 74232, 60
2026/07/29 10:44:27.124, 294.92, 56, 74232, 64
2026/07/29 10:44:28.159, 305.42, 100, 74232, 65
2026/07/29 10:44:29.195, 300.90, 100, 74232, 65
2026/07/29 10:44:30.233, 291.78, 100, 74232, 66
2026/07/29 10:44:31.267, 294.31, 100, 74232, 66
2026/07/29 10:44:32.301, 307.19, 100, 74232, 64
2026/07/29 10:44:33.342, 286.85, 100, 74232, 64
2026/07/29 10:44:34.379, 292.37, 100, 74232, 65
2026/07/29 10:44:35.415, 291.99, 100, 74232, 65
2026/07/29 10:44:36.454, 299.47, 100, 74232, 65
2026/07/29 10:44:37.490, 295.00, 100, 74232, 65
2026/07/29 10:44:38.527, 306.27, 100, 74232, 68
2026/07/29 10:44:39.573, 301.80, 100, 74232, 68
2026/07/29 10:44:40.608, 279.60, 100, 74232, 68
2026/07/29 10:44:41.642, 313.94, 100, 74232, 68
2026/07/29 10:44:42.680, 300.72, 100, 74232, 67
2026/07/29 10:44:43.718, 300.27, 100, 74232, 67
2026/07/29 10:44:44.755, 301.98, 100, 74232, 67
2026/07/29 10:44:45.792, 302.73, 100, 74232, 67
2026/07/29 10:44:46.829, 306.10, 100, 74232, 69
2026/07/29 10:44:47.864, 296.36, 100, 74232, 69
2026/07/29 10:44:48.898, 288.95, 100, 74232, 69
2026/07/29 10:44:49.931, 281.02, 100, 74232, 70
2026/07/29 10:44:50.966, 302.07, 100, 74232, 68
2026/07/29 10:44:52.004, 302.34, 100, 74232, 68
2026/07/29 10:44:53.041, 303.89, 100, 74232, 68
2026/07/29 10:44:54.078, 298.31, 100, 74232, 70
2026/07/29 10:44:55.112, 301.17, 100, 74232, 70
2026/07/29 10:44:56.148, 299.17, 100, 74232, 71
2026/07/29 10:44:57.182, 313.65, 100, 74232, 70
2026/07/29 10:44:58.217, 298.55, 100, 74232, 71
2026/07/29 10:44:59.251, 304.48, 100, 74232, 69
2026/07/29 10:45:00.291, 305.53, 100, 74232, 69
2026/07/29 10:45:01.328, 305.26, 100, 74232, 69
2026/07/29 10:45:02.366, 287.93, 100, 74232, 71
2026/07/29 10:45:03.403, 294.30, 100, 74232, 71
2026/07/29 10:45:04.440, 305.61, 100, 74232, 72
2026/07/29 10:45:05.476, 288.04, 100, 74232, 71
2026/07/29 10:45:06.510, 294.01, 100, 74232, 72
2026/07/29 10:45:07.547, 298.48, 100, 74232, 70
2026/07/29 10:45:08.583, 287.56, 100, 74232, 70
2026/07/29 10:45:09.622, 290.82, 100, 74232, 70
2026/07/29 10:45:10.660, 291.78, 100, 74232, 70
2026/07/29 10:45:11.699, 295.48, 100, 74232, 70
2026/07/29 10:45:12.738, 298.00, 100, 74232, 70
2026/07/29 10:45:13.778, 298.96, 100, 74232, 70
2026/07/29 10:45:14.815, 305.40, 100, 74232, 71
2026/07/29 10:45:15.853, 306.32, 100, 74232, 71
2026/07/29 10:45:16.889, 308.83, 100, 74232, 71
2026/07/29 10:45:17.925, 306.21, 100, 74232, 71
2026/07/29 10:45:18.962, 298.29, 100, 74232, 71
2026/07/29 10:45:19.998, 298.48, 100, 74232, 71
2026/07/29 10:45:21.035, 300.53, 100, 74232, 71
2026/07/29 10:45:22.071, 295.20, 100, 74232, 71
2026/07/29 10:45:23.108, 298.48, 100, 74232, 71
2026/07/29 10:45:24.145, 302.38, 100, 74232, 71
2026/07/29 10:45:25.181, 300.80, 100, 74232, 71
2026/07/29 10:45:26.223, 300.55, 100, 74232, 71
2026/07/29 10:45:27.261, 299.57, 100, 74232, 71
2026/07/29 10:45:28.299, 302.82, 100, 74232, 71
2026/07/29 10:45:29.337, 306.46, 100, 74232, 71
2026/07/29 10:45:30.374, 299.76, 100, 74232, 71
2026/07/29 10:45:31.410, 302.39, 100, 74232, 71
2026/07/29 10:45:32.447, 299.81, 100, 74232, 71
2026/07/29 10:45:33.482, 298.67, 100, 74232, 71
2026/07/29 10:45:34.520, 302.84, 100, 74232, 71
2026/07/29 10:45:35.558, 305.98, 100, 74232, 71
2026/07/29 10:45:36.596, 299.01, 100, 74232, 71
2026/07/29 10:45:37.632, 299.98, 100, 74232, 71
2026/07/29 10:45:38.669, 303.41, 100, 74232, 71
2026/07/29 10:45:39.706, 299.74, 100, 74232, 71
2026/07/29 10:45:40.749, 299.19, 100, 74232, 71
2026/07/29 10:45:41.787, 301.95, 100, 74232, 71
2026/07/29 10:45:42.823, 301.10, 100, 74232, 71
2026/07/29 10:45:43.859, 299.57, 100, 74232, 71
2026/07/29 10:45:44.896, 298.58, 38, 74232, 72
2026/07/29 10:45:45.932, 299.05, 100, 74232, 73
2026/07/29 10:45:46.968, 296.90, 100, 74232, 73
2026/07/29 10:45:48.002, 286.93, 100, 74232, 72
2026/07/29 10:45:49.044, 321.05, 100, 74232, 73
2026/07/29 10:45:50.078, 295.18, 100, 74232, 71
2026/07/29 10:45:51.115, 287.44, 100, 74232, 71
2026/07/29 10:45:52.152, 299.84, 100, 74232, 71
2026/07/29 10:45:53.188, 294.33, 100, 74232, 71
2026/07/29 10:45:54.224, 310.67, 100, 74232, 73
2026/07/29 10:45:55.259, 307.77, 100, 74232, 73
2026/07/29 10:45:56.293, 293.05, 100, 74232, 73
2026/07/29 10:45:57.326, 307.15, 100, 74232, 73
2026/07/29 10:45:58.359, 275.97, 100, 74232, 73
2026/07/29 10:45:59.394, 294.53, 100, 74232, 73
2026/07/29 10:46:00.429, 298.59, 100, 74232, 72
2026/07/29 10:46:01.464, 301.41, 100, 74232, 72
2026/07/29 10:46:02.500, 292.96, 100, 74232, 72
2026/07/29 10:46:03.537, 290.63, 100, 74232, 72
2026/07/29 10:46:04.573, 291.41, 100, 74232, 72
2026/07/29 10:46:05.610, 293.17, 100, 74232, 72
2026/07/29 10:46:06.647, 294.34, 100, 74232, 72
2026/07/29 10:46:07.684, 303.31, 100, 74232, 72
2026/07/29 10:46:08.723, 301.36, 100, 74232, 72
2026/07/29 10:46:09.759, 298.33, 100, 74232, 72
2026/07/29 10:46:10.796, 300.52, 100, 74232, 72
2026/07/29 10:46:11.833, 302.49, 100, 74232, 72
2026/07/29 10:46:12.869, 300.71, 100, 74232, 72
2026/07/29 10:46:13.905, 301.48, 100, 74232, 72
2026/07/29 10:46:14.942, 299.74, 100, 74232, 72
2026/07/29 10:46:15.978, 300.92, 100, 74232, 72
2026/07/29 10:46:17.016, 301.67, 100, 74232, 72
2026/07/29 10:46:18.052, 301.87, 100, 74232, 72
2026/07/29 10:46:19.089, 303.73, 100, 74232, 72
2026/07/29 10:46:20.127, 300.50, 100, 74232, 72
2026/07/29 10:46:21.163, 301.48, 100, 74232, 72
2026/07/29 10:46:22.201, 303.14, 100, 74232, 72
2026/07/29 10:46:23.237, 301.48, 100, 74232, 72
2026/07/29 10:46:24.276, 301.39, 100, 74232, 72
2026/07/29 10:46:25.314, 304.85, 100, 74232, 74
2026/07/29 10:46:26.350, 305.04, 100, 74232, 74
2026/07/29 10:46:27.386, 300.99, 100, 74232, 74
2026/07/29 10:46:28.424, 320.38, 100, 74232, 74
2026/07/29 10:46:29.460, 297.51, 100, 74232, 74
2026/07/29 10:46:30.493, 317.53, 100, 74232, 74
2026/07/29 10:46:31.529, 296.55, 100, 74232, 72
2026/07/29 10:46:32.565, 293.25, 100, 74232, 72
2026/07/29 10:46:33.601, 292.48, 100, 74232, 72
2026/07/29 10:46:34.638, 295.77, 100, 74232, 72
2026/07/29 10:46:35.675, 293.52, 100, 74232, 72
2026/07/29 10:46:36.711, 293.36, 100, 74232, 72
2026/07/29 10:46:37.749, 294.21, 100, 74232, 72
2026/07/29 10:46:38.787, 292.38, 100, 74232, 72
2026/07/29 10:46:39.828, 292.68, 100, 74232, 72
2026/07/29 10:46:40.868, 301.33, 100, 74232, 72
2026/07/29 10:46:41.905, 300.89, 100, 74232, 72
2026/07/29 10:46:42.941, 301.87, 100, 74232, 72
2026/07/29 10:46:43.978, 301.39, 100, 74232, 72
2026/07/29 10:46:45.014, 300.71, 100, 74232, 72
2026/07/29 10:46:46.052, 301.04, 100, 74232, 72
2026/07/29 10:46:47.089, 301.56, 100, 74232, 72
2026/07/29 10:46:48.127, 301.59, 100, 74232, 72
2026/07/29 10:46:49.164, 301.43, 100, 74232, 72
2026/07/29 10:46:50.200, 301.52, 100, 74232, 72
2026/07/29 10:46:51.237, 300.80, 100, 74232, 72
2026/07/29 10:46:52.275, 300.53, 100, 74232, 72
2026/07/29 10:46:53.311, 300.03, 100, 74232, 72
2026/07/29 10:46:54.347, 293.54, 100, 74232, 72
2026/07/29 10:46:55.384, 298.58, 100, 74232, 72
2026/07/29 10:46:56.430, 298.39, 100, 74232, 72
2026/07/29 10:46:57.470, 293.37, 100, 74232, 72
2026/07/29 10:46:58.506, 296.26, 100, 74232, 72
2026/07/29 10:46:59.550, 294.14, 100, 74232, 72
2026/07/29 10:47:00.587, 296.95, 100, 74232, 72
2026/07/29 10:47:01.623, 296.25, 100, 74232, 72
2026/07/29 10:47:02.664, 293.65, 100, 74232, 72
2026/07/29 10:47:03.701, 296.47, 100, 74232, 72
2026/07/29 10:47:04.739, 295.09, 100, 74232, 72
2026/07/29 10:47:05.777, 294.53, 100, 74232, 72
2026/07/29 10:47:06.815, 305.45, 100, 74232, 74
2026/07/29 10:47:07.851, 296.27, 100, 74232, 74
2026/07/29 10:47:08.885, 304.40, 100, 74232, 74
2026/07/29 10:47:09.919, 283.74, 100, 74232, 74
2026/07/29 10:47:10.955, 293.35, 100, 74232, 74
2026/07/29 10:47:11.993, 258.73, 100, 74232, 73
2026/07/29 10:47:13.030, 259.24, 100, 74232, 72
2026/07/29 10:47:14.067, 292.38, 100, 74232, 72
2026/07/29 10:47:15.103, 293.74, 100, 74232, 72
2026/07/29 10:47:16.139, 293.66, 100, 74232, 72
2026/07/29 10:47:17.176, 295.11, 100, 74232, 72
2026/07/29 10:47:18.213, 97.97, 0, 74232, 69
2026/07/29 10:47:19.245, 291.23, 100, 74232, 74
2026/07/29 10:47:20.279, 307.17, 100, 74232, 74
2026/07/29 10:47:21.313, 297.90, 100, 74232, 74
2026/07/29 10:47:22.354, 310.04, 100, 74232, 74
2026/07/29 10:47:23.389, 287.93, 100, 74232, 74
2026/07/29 10:47:24.424, 303.98, 100, 74232, 74
2026/07/29 10:47:25.460, 286.56, 100, 74232, 72
2026/07/29 10:47:26.497, 293.75, 100, 74232, 72
2026/07/29 10:47:27.535, 295.87, 100, 74232, 72
2026/07/29 10:47:28.573, 100.70, 39, 74232, 70
2026/07/29 10:47:29.606, 297.41, 100, 74232, 74
2026/07/29 10:47:30.641, 290.82, 100, 74232, 74
2026/07/29 10:47:31.674, 289.68, 100, 74232, 74
2026/07/29 10:47:32.710, 293.56, 100, 74232, 74
2026/07/29 10:47:33.743, 309.98, 100, 74232, 74
2026/07/29 10:47:34.776, 263.07, 100, 74232, 74
2026/07/29 10:47:35.810, 301.51, 100, 74232, 73
2026/07/29 10:47:36.846, 302.28, 100, 74232, 73
2026/07/29 10:47:37.883, 303.65, 100, 74232, 73
2026/07/29 10:47:38.922, 302.84, 100, 74232, 73
2026/07/29 10:47:39.959, 303.82, 100, 74232, 73
2026/07/29 10:47:40.995, 302.64, 100, 74232, 73
2026/07/29 10:47:42.032, 302.82, 100, 74232, 73
2026/07/29 10:47:43.069, 308.39, 89, 74232, 74
2026/07/29 10:47:44.105, 294.60, 100, 74232, 74
2026/07/29 10:47:45.140, 302.97, 100, 74232, 75
2026/07/29 10:47:46.177, 291.79, 100, 74232, 74
2026/07/29 10:47:47.213, 311.73, 100, 74232, 75
2026/07/29 10:47:48.249, 297.87, 100, 74232, 74
2026/07/29 10:47:49.287, 249.65, 100, 74232, 73
2026/07/29 10:47:50.325, 286.95, 100, 74232, 73
2026/07/29 10:47:51.362, 293.93, 100, 74232, 73
2026/07/29 10:47:52.401, 296.44, 100, 74232, 73
2026/07/29 10:47:53.439, 293.23, 100, 74232, 73
2026/07/29 10:47:54.476, 99.54, 0, 74232, 70
2026/07/29 10:47:55.509, 298.89, 100, 74232, 74
2026/07/29 10:47:56.545, 299.93, 100, 74232, 75
2026/07/29 10:47:57.580, 284.66, 100, 74232, 74
2026/07/29 10:47:58.616, 303.20, 100, 74232, 74
2026/07/29 10:47:59.652, 297.54, 100, 74232, 74
2026/07/29 10:48:00.687, 289.49, 100, 74232, 74
2026/07/29 10:48:01.728, 298.88, 100, 74232, 73
2026/07/29 10:48:02.766, 302.93, 100, 74232, 73
2026/07/29 10:48:03.804, 302.98, 100, 74232, 73
2026/07/29 10:48:04.842, 303.25, 100, 74232, 73
2026/07/29 10:48:05.878, 303.71, 100, 74232, 73
2026/07/29 10:48:06.914, 303.06, 100, 74232, 73
2026/07/29 10:48:07.949, 302.98, 100, 74232, 73
2026/07/29 10:48:08.986, 303.12, 100, 74232, 73
2026/07/29 10:48:10.023, 303.98, 100, 74232, 73
2026/07/29 10:48:11.060, 303.16, 100, 74232, 73
2026/07/29 10:48:12.097, 304.39, 100, 74232, 73
2026/07/29 10:48:13.135, 297.99, 100, 74232, 73
2026/07/29 10:48:14.172, 295.69, 100, 74232, 73
2026/07/29 10:48:15.209, 296.64, 100, 74232, 73
2026/07/29 10:48:16.246, 295.09, 100, 74232, 73
2026/07/29 10:48:17.283, 295.39, 100, 74232, 73
2026/07/29 10:48:18.319, 295.30, 100, 74232, 73
2026/07/29 10:48:19.356, 294.70, 100, 74232, 75
2026/07/29 10:48:20.392, 293.65, 100, 74232, 75
2026/07/29 10:48:21.427, 290.33, 100, 74232, 75
2026/07/29 10:48:22.460, 287.97, 100, 74232, 75
2026/07/29 10:48:23.493, 300.10, 100, 74232, 75
2026/07/29 10:48:24.526, 286.23, 100, 74232, 75
2026/07/29 10:48:25.560, 303.21, 100, 74232, 73
2026/07/29 10:48:26.597, 303.05, 100, 74232, 73
2026/07/29 10:48:27.634, 303.40, 100, 74232, 73
2026/07/29 10:48:28.671, 304.29, 100, 74232, 73
2026/07/29 10:48:29.708, 293.50, 100, 74232, 75
2026/07/29 10:48:30.742, 297.33, 100, 74232, 75
2026/07/29 10:48:31.777, 308.70, 100, 74232, 75
2026/07/29 10:48:32.810, 298.12, 100, 74232, 75
2026/07/29 10:48:33.846, 303.42, 100, 74232, 75
2026/07/29 10:48:34.881, 290.65, 100, 74232, 75
2026/07/29 10:48:35.918, 292.67, 100, 74232, 75
2026/07/29 10:48:36.960, 303.53, 100, 74232, 73
2026/07/29 10:48:37.997, 303.17, 100, 74232, 73
2026/07/29 10:48:39.034, 303.91, 100, 74232, 73
2026/07/29 10:48:40.073, 303.23, 100, 74232, 73
2026/07/29 10:48:41.112, 303.71, 100, 74232, 73
2026/07/29 10:48:42.150, 303.44, 100, 74232, 73
2026/07/29 10:48:43.187, 298.61, 100, 74232, 73
2026/07/29 10:48:44.224, 292.39, 100, 74232, 73
2026/07/29 10:48:45.260, 294.61, 100, 74232, 73
2026/07/29 10:48:46.297, 296.17, 100, 74232, 73
2026/07/29 10:48:47.333, 296.47, 100, 74232, 73
2026/07/29 10:48:48.369, 97.94, 75, 74232, 71
2026/07/29 10:48:49.400, 98.63, 0, 74232, 69
2026/07/29 10:48:50.434, 97.99, 0, 74232, 69
2026/07/29 10:48:51.465, 97.47, 0, 74232, 68
2026/07/29 10:48:52.497, 95.56, 0, 74232, 68
2026/07/29 10:48:53.530, 95.31, 0, 74232, 67
2026/07/29 10:48:54.561, 95.08, 0, 74232, 67
2026/07/29 10:48:55.593, 94.29, 0, 74232, 66
2026/07/29 10:48:56.625, 92.37, 0, 74232, 65
2026/07/29 10:48:57.657, 91.96, 0, 74232, 65
2026/07/29 10:48:58.689, 92.73, 0, 74232, 65
2026/07/29 10:48:59.720, 92.46, 0, 74232, 64
2026/07/29 10:49:00.752, 90.36, 0, 74232, 64
2026/07/29 10:49:01.784, 90.65, 0, 74232, 63
2026/07/29 10:49:02.815, 90.04, 0, 74232, 63
2026/07/29 10:49:03.846, 88.80, 0, 74232, 63
2026/07/29 10:49:04.877, 88.48, 0, 74232, 62
2026/07/29 10:49:05.907, 87.63, 0, 74232, 62
2026/07/29 10:49:06.938, 87.42, 0, 74232, 62
2026/07/29 10:49:07.968, 87.17, 0, 74232, 61
2026/07/29 10:49:09.001, 87.76, 0, 74232, 61
2026/07/29 10:49:10.031, 87.09, 0, 74232, 61
2026/07/29 10:49:11.061, 86.96, 0, 74232, 61
2026/07/29 10:49:12.093, 86.21, 0, 74232, 60
2026/07/29 10:49:13.122, 85.95, 0, 74232, 60
2026/07/29 10:49:14.153, 86.03, 0, 74232, 60
2026/07/29 10:49:15.184, 85.05, 0, 74232, 59
2026/07/29 10:49:16.215, 85.22, 0, 74232, 59
2026/07/29 10:49:17.245, 84.43, 0, 74232, 59
2026/07/29 10:49:18.275, 84.36, 0, 74232, 59
2026/07/29 10:49:19.305, 296.68, 100, 74232, 64
2026/07/29 10:49:20.341, 289.23, 100, 74232, 64
2026/07/29 10:49:21.375, 283.01, 100, 74232, 65
2026/07/29 10:49:22.409, 292.57, 100, 74232, 65
2026/07/29 10:49:23.443, 302.37, 100, 74232, 64
2026/07/29 10:49:24.480, 300.63, 100, 74232, 64
2026/07/29 10:49:25.516, 297.85, 100, 74232, 64
2026/07/29 10:49:26.553, 293.64, 100, 74232, 64
2026/07/29 10:49:27.588, 306.13, 100, 74232, 65
2026/07/29 10:49:28.627, 303.38, 100, 74232, 65
2026/07/29 10:49:29.664, 298.30, 100, 74232, 65
2026/07/29 10:49:30.700, 307.68, 100, 74232, 65
2026/07/29 10:49:31.736, 306.62, 100, 74232, 66
2026/07/29 10:49:32.773, 306.43, 100, 74232, 66
2026/07/29 10:49:33.809, 310.00, 100, 74232, 68
2026/07/29 10:49:34.844, 297.54, 100, 74232, 68
2026/07/29 10:49:35.881, 291.26, 100, 74232, 68
2026/07/29 10:49:36.914, 311.71, 100, 74232, 68
2026/07/29 10:49:37.948, 300.79, 100, 74232, 67
2026/07/29 10:49:38.984, 300.71, 100, 74232, 67
2026/07/29 10:49:40.020, 301.67, 100, 74232, 67
2026/07/29 10:49:41.056, 301.67, 100, 74232, 67
2026/07/29 10:49:42.093, 295.72, 100, 74232, 69
2026/07/29 10:49:43.128, 295.91, 100, 74232, 69
2026/07/29 10:49:44.165, 315.19, 100, 74232, 70
2026/07/29 10:49:45.200, 291.98, 100, 74232, 70
2026/07/29 10:49:46.234, 310.38, 100, 74232, 70
2026/07/29 10:49:47.269, 303.42, 100, 74232, 68
2026/07/29 10:49:48.307, 303.62, 100, 74232, 68
2026/07/29 10:49:49.345, 298.38, 100, 74232, 69
2026/07/29 10:49:50.383, 309.99, 100, 74232, 71
2026/07/29 10:49:51.423, 296.89, 100, 74232, 70
2026/07/29 10:49:52.458, 294.25, 100, 74232, 71
2026/07/29 10:49:53.494, 288.71, 100, 74232, 71
2026/07/29 10:49:54.527, 304.31, 100, 74232, 71
2026/07/29 10:49:55.562, 304.19, 100, 74232, 69
2026/07/29 10:49:56.601, 290.63, 100, 74232, 69
2026/07/29 10:49:57.639, 291.13, 100, 74232, 70
2026/07/29 10:49:58.678, 291.40, 100, 74232, 70
2026/07/29 10:49:59.715, 287.73, 100, 74232, 70
2026/07/29 10:50:00.752, 291.23, 100, 74232, 70
2026/07/29 10:50:01.790, 290.35, 100, 74232, 70
2026/07/29 10:50:02.826, 296.75, 100, 74232, 70
2026/07/29 10:50:03.863, 301.29, 100, 74232, 70
2026/07/29 10:50:04.900, 295.96, 100, 74232, 70
2026/07/29 10:50:05.939, 289.37, 100, 74232, 72
2026/07/29 10:50:06.975, 293.18, 100, 74232, 72
2026/07/29 10:50:08.011, 299.65, 100, 74232, 72
2026/07/29 10:50:09.052, 292.64, 100, 74232, 72
2026/07/29 10:50:10.085, 309.55, 100, 74232, 73
2026/07/29 10:50:11.119, 308.34, 100, 74232, 71
2026/07/29 10:50:12.158, 307.36, 100, 74232, 71
2026/07/29 10:50:13.195, 300.27, 100, 74232, 71
2026/07/29 10:50:14.235, 294.30, 100, 74232, 72
2026/07/29 10:50:15.270, 297.49, 100, 74232, 73
2026/07/29 10:50:16.305, 300.45, 100, 74232, 73
2026/07/29 10:50:17.340, 302.32, 100, 74232, 73
2026/07/29 10:50:18.376, 277.97, 100, 74232, 73
2026/07/29 10:50:19.412, 301.29, 100, 74232, 71
2026/07/29 10:50:20.449, 301.28, 100, 74232, 71
2026/07/29 10:50:21.487, 301.00, 100, 74232, 71
2026/07/29 10:50:22.524, 300.84, 100, 74232, 71
2026/07/29 10:50:23.563, 300.15, 100, 74232, 71
2026/07/29 10:50:24.600, 304.00, 100, 74232, 72
2026/07/29 10:50:25.637, 301.70, 100, 74232, 72
2026/07/29 10:50:26.672, 301.48, 100, 74232, 72
2026/07/29 10:50:27.709, 302.08, 100, 74232, 72
2026/07/29 10:50:28.746, 294.99, 100, 74232, 72
2026/07/29 10:50:29.784, 295.96, 100, 74232, 72
2026/07/29 10:50:30.821, 291.82, 100, 74232, 72
2026/07/29 10:50:31.858, 294.23, 100, 74232, 72
2026/07/29 10:50:32.894, 295.08, 100, 74232, 72
2026/07/29 10:50:33.932, 294.23, 100, 74232, 72
2026/07/29 10:50:34.969, 303.22, 100, 74232, 72
2026/07/29 10:50:36.007, 293.23, 100, 74232, 73
2026/07/29 10:50:37.042, 295.40, 100, 74232, 74
2026/07/29 10:50:38.076, 315.49, 100, 74232, 74
2026/07/29 10:50:39.112, 268.99, 100, 74232, 74
2026/07/29 10:50:40.145, 298.29, 100, 74232, 73
2026/07/29 10:50:41.178, 279.55, 100, 74232, 73
2026/07/29 10:50:42.212, 302.58, 100, 74232, 72
2026/07/29 10:50:43.249, 295.88, 100, 74232, 72
2026/07/29 10:50:44.287, 295.67, 100, 74232, 72
2026/07/29 10:50:45.325, 301.92, 100, 74232, 74
2026/07/29 10:50:46.360, 293.17, 100, 74232, 74
2026/07/29 10:50:47.393, 280.85, 100, 74232, 74
2026/07/29 10:50:48.428, 308.63, 100, 74232, 74
2026/07/29 10:50:49.470, 296.18, 100, 74232, 74
2026/07/29 10:50:50.505, 301.88, 100, 74232, 72
2026/07/29 10:50:51.542, 302.09, 100, 74232, 72
2026/07/29 10:50:52.578, 302.14, 100, 74232, 72
2026/07/29 10:50:53.615, 302.67, 100, 74232, 72
2026/07/29 10:50:54.652, 303.24, 100, 74232, 72
2026/07/29 10:50:55.690, 303.42, 100, 74232, 73
2026/07/29 10:50:56.727, 303.32, 100, 74232, 73
2026/07/29 10:50:57.765, 303.23, 100, 74232, 73
2026/07/29 10:50:58.801, 303.31, 100, 74232, 73
2026/07/29 10:50:59.838, 296.53, 100, 74232, 73
2026/07/29 10:51:00.875, 293.26, 100, 74232, 73
2026/07/29 10:51:01.911, 292.67, 100, 74232, 72
2026/07/29 10:51:02.946, 296.35, 100, 74232, 73
2026/07/29 10:51:03.983, 297.21, 100, 74232, 73
2026/07/29 10:51:05.020, 295.70, 100, 74232, 72
2026/07/29 10:51:06.056, 295.66, 100, 74232, 73
2026/07/29 10:51:07.093, 295.78, 100, 74232, 73
2026/07/29 10:51:08.131, 295.58, 100, 74232, 72
2026/07/29 10:51:09.175, 294.89, 100, 74232, 72
2026/07/29 10:51:10.213, 295.49, 100, 74232, 72
2026/07/29 10:51:11.250, 295.20, 100, 74232, 72
2026/07/29 10:51:12.289, 294.80, 100, 74232, 72
2026/07/29 10:51:13.328, 302.55, 100, 74232, 73
2026/07/29 10:51:14.365, 298.87, 100, 74232, 73
2026/07/29 10:51:15.402, 298.11, 100, 74232, 72
2026/07/29 10:51:16.439, 298.11, 100, 74232, 72
2026/07/29 10:51:17.479, 302.08, 100, 74232, 72
2026/07/29 10:51:18.516, 300.31, 100, 74232, 72
2026/07/29 10:51:19.554, 294.04, 100, 74232, 72
2026/07/29 10:51:20.592, 300.99, 100, 74232, 72
2026/07/29 10:51:21.633, 301.76, 100, 74232, 72
2026/07/29 10:51:22.669, 303.32, 100, 74232, 72
2026/07/29 10:51:23.705, 299.83, 100, 74232, 72
2026/07/29 10:51:24.743, 304.95, 100, 74232, 72
2026/07/29 10:51:25.787, 301.09, 100, 74232, 72
2026/07/29 10:51:26.826, 296.14, 100, 74232, 72
2026/07/29 10:51:27.862, 301.10, 100, 74232, 72
2026/07/29 10:51:28.900, 303.43, 100, 74232, 72
2026/07/29 10:51:29.935, 303.33, 100, 74232, 72
2026/07/29 10:51:30.972, 301.56, 100, 74232, 72
2026/07/29 10:51:32.011, 289.87, 100, 74232, 72
2026/07/29 10:51:33.047, 295.13, 100, 74232, 72
2026/07/29 10:51:34.085, 300.74, 100, 74232, 72
2026/07/29 10:51:35.122, 300.99, 100, 74232, 72
2026/07/29 10:51:36.159, 298.19, 100, 74232, 72
2026/07/29 10:51:37.196, 298.76, 100, 74232, 72
2026/07/29 10:51:38.232, 299.94, 100, 74232, 72
2026/07/29 10:51:39.270, 300.75, 100, 74232, 72
2026/07/29 10:51:40.306, 300.62, 100, 74232, 72
2026/07/29 10:51:41.343, 301.20, 100, 74232, 72
2026/07/29 10:51:42.379, 299.92, 100, 74232, 72
2026/07/29 10:51:43.416, 301.28, 100, 74232, 72
2026/07/29 10:51:44.455, 301.86, 100, 74232, 72
2026/07/29 10:51:45.493, 301.08, 100, 74232, 72
2026/07/29 10:51:46.530, 300.64, 100, 74232, 72
2026/07/29 10:51:47.567, 302.08, 100, 74232, 72
2026/07/29 10:51:48.605, 299.27, 100, 74232, 72
2026/07/29 10:51:49.643, 302.65, 100, 74232, 72
2026/07/29 10:51:50.680, 301.96, 100, 74232, 72
2026/07/29 10:51:51.717, 300.90, 100, 74232, 72
2026/07/29 10:51:52.759, 301.09, 100, 74232, 72
2026/07/29 10:51:53.796, 292.28, 100, 74232, 72
2026/07/29 10:51:54.833, 288.69, 100, 74232, 72
2026/07/29 10:51:55.871, 292.01, 100, 74232, 72
2026/07/29 10:51:56.908, 300.54, 100, 74232, 72
2026/07/29 10:51:57.946, 294.22, 100, 74232, 72
2026/07/29 10:51:58.983, 293.06, 100, 74232, 72
2026/07/29 10:52:00.019, 293.92, 100, 74232, 72
2026/07/29 10:52:01.055, 294.89, 100, 74232, 72
2026/07/29 10:52:02.093, 293.74, 100, 74232, 72
2026/07/29 10:52:03.131, 300.43, 100, 74232, 72
2026/07/29 10:52:04.168, 301.03, 100, 74232, 72
2026/07/29 10:52:05.205, 299.55, 100, 74232, 72
2026/07/29 10:52:06.242, 297.23, 100, 74232, 72
2026/07/29 10:52:07.280, 299.18, 100, 74232, 72
2026/07/29 10:52:08.316, 298.20, 100, 74232, 72
2026/07/29 10:52:09.357, 300.99, 100, 74232, 72
2026/07/29 10:52:10.393, 296.08, 100, 74232, 72
2026/07/29 10:52:11.430, 300.13, 100, 74232, 72
2026/07/29 10:52:12.467, 298.67, 100, 74232, 72
2026/07/29 10:52:13.504, 294.99, 100, 74232, 72
2026/07/29 10:52:14.542, 290.90, 100, 74232, 72
2026/07/29 10:52:15.580, 300.05, 100, 74232, 72
2026/07/29 10:52:16.619, 300.22, 100, 74232, 72
2026/07/29 10:52:17.656, 301.68, 100, 74232, 72
2026/07/29 10:52:18.692, 298.60, 100, 74232, 72
2026/07/29 10:52:19.730, 298.47, 100, 74232, 72
2026/07/29 10:52:20.767, 298.31, 100, 74232, 72
2026/07/29 10:52:21.804, 298.61, 100, 74232, 72
2026/07/29 10:52:22.842, 298.89, 100, 74232, 72
2026/07/29 10:52:23.880, 302.37, 100, 74232, 72
2026/07/29 10:52:24.918, 299.17, 100, 74232, 72
2026/07/29 10:52:25.956, 299.64, 100, 74232, 72
2026/07/29 10:52:26.995, 299.75, 100, 74232, 72
2026/07/29 10:52:28.035, 298.40, 100, 74232, 72
2026/07/29 10:52:29.072, 302.85, 100, 74232, 72
2026/07/29 10:52:30.108, 300.82, 100, 74232, 72
2026/07/29 10:52:31.145, 300.02, 100, 74232, 72
2026/07/29 10:52:32.182, 300.52, 100, 74232, 72
2026/07/29 10:52:33.220, 300.52, 100, 74232, 72
2026/07/29 10:52:34.257, 300.08, 100, 74232, 72
2026/07/29 10:52:35.295, 300.42, 100, 74232, 72
2026/07/29 10:52:36.333, 299.74, 100, 74232, 72
2026/07/29 10:52:37.372, 300.52, 100, 74232, 72
2026/07/29 10:52:38.408, 300.14, 100, 74232, 72
2026/07/29 10:52:39.447, 292.88, 100, 74232, 72
2026/07/29 10:52:40.487, 294.33, 100, 74232, 72
2026/07/29 10:52:41.524, 293.64, 100, 74232, 72
2026/07/29 10:52:42.561, 291.92, 100, 74232, 72
2026/07/29 10:52:43.598, 288.60, 100, 74232, 72
2026/07/29 10:52:44.637, 289.57, 100, 74232, 72
2026/07/29 10:52:45.675, 292.88, 100, 74232, 72
2026/07/29 10:52:46.712, 297.44, 100, 74232, 72
2026/07/29 10:52:47.752, 295.02, 100, 74232, 72
2026/07/29 10:52:48.789, 299.93, 100, 74232, 72
2026/07/29 10:52:49.826, 299.37, 100, 74232, 72
2026/07/29 10:52:50.864, 296.44, 100, 74232, 72
2026/07/29 10:52:51.905, 292.20, 100, 74232, 72
2026/07/29 10:52:52.942, 301.54, 100, 74232, 72
2026/07/29 10:52:53.978, 299.06, 100, 74232, 72
2026/07/29 10:52:55.016, 300.80, 100, 74232, 72
2026/07/29 10:52:56.053, 302.04, 100, 74232, 72
2026/07/29 10:52:57.090, 300.69, 100, 74232, 72
2026/07/29 10:52:58.128, 302.17, 100, 74232, 72
2026/07/29 10:52:59.166, 301.31, 100, 74232, 72
2026/07/29 10:53:00.202, 302.28, 100, 74232, 72
2026/07/29 10:53:01.241, 302.05, 100, 74232, 72
2026/07/29 10:53:02.278, 300.53, 100, 74232, 72
2026/07/29 10:53:03.316, 301.59, 100, 74232, 72
2026/07/29 10:53:04.353, 299.94, 100, 74232, 72
2026/07/29 10:53:05.391, 300.12, 100, 74232, 72
2026/07/29 10:53:06.430, 302.26, 100, 74232, 72
2026/07/29 10:53:07.468, 300.99, 100, 74232, 72
2026/07/29 10:53:08.507, 302.58, 100, 74232, 72
2026/07/29 10:53:09.544, 301.30, 100, 74232, 72
2026/07/29 10:53:10.582, 299.73, 100, 74232, 72
2026/07/29 10:53:11.619, 300.99, 100, 74232, 72
2026/07/29 10:53:12.656, 299.56, 100, 74232, 72
2026/07/29 10:53:13.697, 300.34, 100, 74232, 72
2026/07/29 10:53:14.734, 301.66, 100, 74232, 72
2026/07/29 10:53:15.771, 300.23, 100, 74232, 72
2026/07/29 10:53:16.808, 300.04, 100, 74232, 72
2026/07/29 10:53:17.845, 300.73, 100, 74232, 72
2026/07/29 10:53:18.884, 298.89, 100, 74232, 72
2026/07/29 10:53:19.920, 309.13, 100, 74232, 72
2026/07/29 10:53:20.958, 298.97, 100, 74232, 72
2026/07/29 10:53:21.995, 295.58, 100, 74232, 72
2026/07/29 10:53:23.032, 301.87, 100, 74232, 72
2026/07/29 10:53:24.068, 300.23, 100, 74232, 72
2026/07/29 10:53:25.105, 300.10, 100, 74232, 72
2026/07/29 10:53:26.143, 298.32, 100, 74232, 72
2026/07/29 10:53:27.179, 300.05, 100, 74232, 72
2026/07/29 10:53:28.216, 297.99, 100, 74232, 72
2026/07/29 10:53:29.254, 300.02, 100, 74232, 72
2026/07/29 10:53:30.291, 299.36, 100, 74232, 72
2026/07/29 10:53:31.327, 298.29, 100, 74232, 72
2026/07/29 10:53:32.368, 299.54, 100, 74232, 72
2026/07/29 10:53:33.405, 302.04, 100, 74232, 72
2026/07/29 10:53:34.443, 301.47, 100, 74232, 72
2026/07/29 10:53:35.481, 299.65, 100, 74232, 72
2026/07/29 10:53:36.518, 302.64, 100, 74232, 72
2026/07/29 10:53:37.557, 301.48, 100, 74232, 72
2026/07/29 10:53:38.594, 300.24, 100, 74232, 72
2026/07/29 10:53:39.632, 300.62, 100, 74232, 72
2026/07/29 10:53:40.671, 294.21, 100, 74232, 72
2026/07/29 10:53:41.709, 290.53, 100, 74232, 72
2026/07/29 10:53:42.747, 289.27, 100, 74232, 72
2026/07/29 10:53:43.787, 292.49, 100, 74232, 72
2026/07/29 10:53:44.824, 289.57, 100, 74232, 72
2026/07/29 10:53:45.863, 301.38, 100, 74232, 72
2026/07/29 10:53:46.901, 297.31, 100, 74232, 72
2026/07/29 10:53:47.938, 300.43, 100, 74232, 72
2026/07/29 10:53:48.975, 301.91, 100, 74232, 72
2026/07/29 10:53:50.013, 298.40, 100, 74232, 72
2026/07/29 10:53:51.050, 301.11, 100, 74232, 72
2026/07/29 10:53:52.088, 300.70, 100, 74232, 72
2026/07/29 10:53:53.125, 300.55, 100, 74232, 72
2026/07/29 10:53:54.163, 301.24, 100, 74232, 72
2026/07/29 10:53:55.200, 300.53, 100, 74232, 72
2026/07/29 10:53:56.238, 300.61, 100, 74232, 72
2026/07/29 10:53:57.274, 302.07, 100, 74232, 72
2026/07/29 10:53:58.316, 299.29, 100, 74232, 72
2026/07/29 10:53:59.353, 301.76, 100, 74232, 72
2026/07/29 10:54:00.390, 300.03, 100, 74232, 72
2026/07/29 10:54:01.428, 301.58, 100, 74232, 72
2026/07/29 10:54:02.464, 300.32, 100, 74232, 72
2026/07/29 10:54:03.502, 301.67, 100, 74232, 72
2026/07/29 10:54:04.538, 300.70, 100, 74232, 72
2026/07/29 10:54:05.575, 292.00, 100, 74232, 72
2026/07/29 10:54:06.610, 297.82, 100, 74232, 72
2026/07/29 10:54:07.647, 293.56, 100, 74232, 72
2026/07/29 10:54:08.683, 292.67, 100, 74232, 72
2026/07/29 10:54:09.720, 301.99, 100, 74232, 72
2026/07/29 10:54:10.759, 298.97, 100, 74232, 72
2026/07/29 10:54:11.795, 295.01, 100, 74232, 72
2026/07/29 10:54:12.832, 296.21, 100, 74232, 72
2026/07/29 10:54:13.869, 294.73, 100, 74232, 72
2026/07/29 10:54:14.906, 291.78, 100, 74232, 72
2026/07/29 10:54:15.944, 296.66, 100, 74232, 72
2026/07/29 10:54:16.982, 294.33, 100, 74232, 72
2026/07/29 10:54:18.019, 295.20, 100, 74232, 72
2026/07/29 10:54:19.058, 297.92, 100, 74232, 72
2026/07/29 10:54:20.094, 296.86, 100, 74232, 72
2026/07/29 10:54:21.131, 300.14, 100, 74232, 72
2026/07/29 10:54:22.170, 275.13, 100, 74232, 74
2026/07/29 10:54:23.208, 290.05, 100, 74232, 74
2026/07/29 10:54:24.243, 298.91, 100, 74232, 74
2026/07/29 10:54:25.284, 301.26, 100, 74232, 74
2026/07/29 10:54:26.319, 279.09, 100, 74232, 74
2026/07/29 10:54:27.356, 300.82, 100, 74232, 72
2026/07/29 10:54:28.392, 294.21, 100, 74232, 72
2026/07/29 10:54:29.429, 293.46, 100, 74232, 72
2026/07/29 10:54:30.466, 293.27, 100, 74232, 72
2026/07/29 10:54:31.505, 293.18, 100, 74232, 72
2026/07/29 10:54:32.543, 292.49, 100, 74232, 72
2026/07/29 10:54:33.580, 301.67, 100, 74232, 73
2026/07/29 10:54:34.617, 300.72, 100, 74232, 73
2026/07/29 10:54:35.653, 102.43, 100, 74232, 71
2026/07/29 10:54:36.685, 296.92, 100, 74232, 74
2026/07/29 10:54:37.721, 308.33, 100, 74232, 74
2026/07/29 10:54:38.756, 305.89, 100, 74232, 74
2026/07/29 10:54:39.790, 299.89, 100, 74232, 74
2026/07/29 10:54:40.828, 281.30, 100, 74232, 74
2026/07/29 10:54:41.875, 300.53, 100, 74232, 72
2026/07/29 10:54:42.910, 301.28, 100, 74232, 72
2026/07/29 10:54:43.948, 301.70, 100, 74232, 72
2026/07/29 10:54:44.986, 302.54, 100, 74232, 73
2026/07/29 10:54:46.025, 301.38, 100, 74232, 73
2026/07/29 10:54:47.061, 301.39, 100, 74232, 73
2026/07/29 10:54:48.098, 301.98, 100, 74232, 73
2026/07/29 10:54:49.133, 100.36, 17, 74232, 70
2026/07/29 10:54:50.167, 299.03, 100, 74232, 74
2026/07/29 10:54:51.204, 297.73, 100, 74232, 74
2026/07/29 10:54:52.239, 299.93, 100, 74232, 74
2026/07/29 10:54:53.274, 305.08, 100, 74232, 74
2026/07/29 10:54:54.316, 292.95, 100, 74232, 74
2026/07/29 10:54:55.352, 298.58, 100, 74232, 72
2026/07/29 10:54:56.392, 300.80, 100, 74232, 72
2026/07/29 10:54:57.428, 302.90, 100, 74232, 72
2026/07/29 10:54:58.465, 301.18, 100, 74232, 73
2026/07/29 10:54:59.502, 342.64, 58, 74232, 73
2026/07/29 10:55:00.540, 289.58, 100, 74232, 74
2026/07/29 10:55:01.576, 300.46, 100, 74232, 74
2026/07/29 10:55:02.612, 302.71, 100, 74232, 74
2026/07/29 10:55:03.648, 287.44, 100, 74232, 74
2026/07/29 10:55:04.684, 303.52, 100, 74232, 74
2026/07/29 10:55:05.720, 301.92, 100, 74232, 73
2026/07/29 10:55:06.756, 301.48, 100, 74232, 73
2026/07/29 10:55:07.793, 303.33, 100, 74232, 73
2026/07/29 10:55:08.831, 302.18, 100, 74232, 73
2026/07/29 10:55:09.869, 305.93, 100, 74232, 73
2026/07/29 10:55:10.908, 302.44, 100, 74232, 74
2026/07/29 10:55:11.945, 302.34, 100, 74232, 74
2026/07/29 10:55:12.981, 279.96, 100, 74232, 74
2026/07/29 10:55:14.018, 295.27, 100, 74232, 74
2026/07/29 10:55:15.054, 296.83, 100, 74232, 74
2026/07/29 10:55:16.092, 296.35, 100, 74232, 75
2026/07/29 10:55:17.127, 302.34, 100, 74232, 73
2026/07/29 10:55:18.164, 303.15, 100, 74232, 73
2026/07/29 10:55:19.202, 297.71, 100, 74232, 73
2026/07/29 10:55:20.242, 288.80, 100, 74232, 73
2026/07/29 10:55:21.282, 286.08, 100, 74232, 73
2026/07/29 10:55:22.319, 283.08, 100, 74232, 73
2026/07/29 10:55:23.357, 287.65, 100, 74232, 73
2026/07/29 10:55:24.395, 97.60, 94, 74232, 71
2026/07/29 10:55:25.431, 303.19, 100, 74232, 74
2026/07/29 10:55:26.467, 290.03, 100, 74232, 75
2026/07/29 10:55:27.504, 291.53, 100, 74232, 75
2026/07/29 10:55:28.539, 299.81, 100, 74232, 75
2026/07/29 10:55:29.574, 279.15, 100, 74232, 75
2026/07/29 10:55:30.613, 292.93, 100, 74232, 75
2026/07/29 10:55:31.648, 302.00, 100, 74232, 73
2026/07/29 10:55:32.687, 304.08, 100, 74232, 73
2026/07/29 10:55:33.724, 302.45, 100, 74232, 73
2026/07/29 10:55:34.764, 298.50, 100, 74232, 73
2026/07/29 10:55:35.801, 298.77, 100, 74232, 75
2026/07/29 10:55:36.837, 308.17, 100, 74232, 75
2026/07/29 10:55:37.871, 304.48, 100, 74232, 75
2026/07/29 10:55:38.908, 307.53, 100, 74232, 75
2026/07/29 10:55:39.942, 268.00, 100, 74232, 75
2026/07/29 10:55:40.977, 291.84, 100, 74232, 75
2026/07/29 10:55:42.012, 302.73, 100, 74232, 73
2026/07/29 10:55:43.048, 302.09, 100, 74232, 73
2026/07/29 10:55:44.085, 302.55, 100, 74232, 73
2026/07/29 10:55:45.127, 303.23, 100, 74232, 73
2026/07/29 10:55:46.164, 300.37, 100, 74232, 73
2026/07/29 10:55:47.201, 295.02, 100, 74232, 73
2026/07/29 10:55:48.238, 295.22, 100, 74232, 73
2026/07/29 10:55:49.275, 292.58, 100, 74232, 75
2026/07/29 10:55:50.310, 300.03, 100, 74232, 75
2026/07/29 10:55:51.345, 297.79, 100, 74232, 75
2026/07/29 10:55:52.379, 285.10, 100, 74232, 75
2026/07/29 10:55:53.413, 294.80, 100, 74232, 75
2026/07/29 10:55:54.447, 330.87, 100, 74232, 75
2026/07/29 10:55:55.482, 286.09, 100, 74232, 73
2026/07/29 10:55:56.520, 290.55, 100, 74232, 73
2026/07/29 10:55:57.559, 294.42, 100, 74232, 73
2026/07/29 10:55:58.599, 303.43, 100, 74232, 73
2026/07/29 10:55:59.637, 302.92, 100, 74232, 73
2026/07/29 10:56:00.674, 301.79, 100, 74232, 75
2026/07/29 10:56:01.710, 293.20, 100, 74232, 75
2026/07/29 10:56:02.746, 293.65, 100, 74232, 75
2026/07/29 10:56:03.782, 321.83, 100, 74232, 75
2026/07/29 10:56:04.818, 290.22, 100, 74232, 75
2026/07/29 10:56:05.858, 272.19, 100, 74232, 75
2026/07/29 10:56:06.893, 268.21, 100, 74232, 75
2026/07/29 10:56:07.933, 295.68, 100, 74232, 73
2026/07/29 10:56:08.970, 289.29, 100, 74232, 73
2026/07/29 10:56:10.010, 288.34, 100, 74232, 73
2026/07/29 10:56:11.051, 287.45, 100, 74232, 73
2026/07/29 10:56:12.089, 291.41, 100, 74232, 73
2026/07/29 10:56:13.128, 298.59, 100, 74232, 73
2026/07/29 10:56:14.167, 287.84, 100, 74232, 73
2026/07/29 10:56:15.205, 298.08, 100, 74232, 73
2026/07/29 10:56:16.243, 294.71, 100, 74232, 73
2026/07/29 10:56:17.281, 296.62, 100, 74232, 73
2026/07/29 10:56:18.321, 295.78, 100, 74232, 73
2026/07/29 10:56:19.358, 288.48, 100, 74232, 75
2026/07/29 10:56:20.394, 302.26, 100, 74232, 75
2026/07/29 10:56:21.430, 307.19, 100, 74232, 75
2026/07/29 10:56:22.469, 291.24, 100, 74232, 75
2026/07/29 10:56:23.505, 312.94, 100, 74232, 75
2026/07/29 10:56:24.541, 311.67, 100, 74232, 75
2026/07/29 10:56:25.577, 302.48, 100, 74232, 75
2026/07/29 10:56:26.616, 302.92, 100, 74232, 73
2026/07/29 10:56:27.653, 298.39, 100, 74232, 73
2026/07/29 10:56:28.690, 297.25, 100, 74232, 73
2026/07/29 10:56:29.727, 304.27, 0, 74232, 73
2026/07/29 10:56:30.762, 300.42, 100, 74232, 74
2026/07/29 10:56:31.798, 296.17, 100, 74232, 75
2026/07/29 10:56:32.836, 285.07, 100, 74232, 75
2026/07/29 10:56:33.871, 315.29, 100, 74232, 75
2026/07/29 10:56:34.907, 289.75, 100, 74232, 75
2026/07/29 10:56:35.946, 285.01, 100, 74232, 75
2026/07/29 10:56:36.982, 303.13, 100, 74232, 73
2026/07/29 10:56:38.019, 298.98, 100, 74232, 73
2026/07/29 10:56:39.061, 291.33, 100, 74232, 73
2026/07/29 10:56:40.098, 304.06, 100, 74232, 73
2026/07/29 10:56:41.135, 99.20, 81, 74232, 75
2026/07/29 10:56:42.175, 304.98, 100, 74232, 73
2026/07/29 10:56:43.213, 302.21, 100, 74232, 73
2026/07/29 10:56:44.250, 302.36, 100, 74232, 73
2026/07/29 10:56:45.287, 304.00, 100, 74232, 73
2026/07/29 10:56:46.324, 303.13, 100, 74232, 73
2026/07/29 10:56:47.361, 301.97, 100, 74232, 73
2026/07/29 10:56:48.397, 304.47, 100, 74232, 73
2026/07/29 10:56:49.436, 302.16, 100, 74232, 73
2026/07/29 10:56:50.474, 303.02, 100, 74232, 73
2026/07/29 10:56:51.511, 302.59, 100, 74232, 73
2026/07/29 10:56:52.549, 303.46, 100, 74232, 73
2026/07/29 10:56:53.587, 302.98, 100, 74232, 73
2026/07/29 10:56:54.626, 298.29, 100, 74232, 73
2026/07/29 10:56:55.664, 290.35, 100, 74232, 73
2026/07/29 10:56:56.701, 295.67, 100, 74232, 73
2026/07/29 10:56:57.737, 295.69, 100, 74232, 73
2026/07/29 10:56:58.776, 293.54, 100, 74232, 73
2026/07/29 10:56:59.813, 300.88, 100, 74232, 73
2026/07/29 10:57:00.851, 301.10, 100, 74232, 73
2026/07/29 10:57:01.889, 303.69, 100, 74232, 73
2026/07/29 10:57:02.928, 294.69, 100, 74232, 73
2026/07/29 10:57:03.967, 294.72, 100, 74232, 73
2026/07/29 10:57:05.005, 293.64, 100, 74232, 73
2026/07/29 10:57:06.043, 301.04, 100, 74232, 73
2026/07/29 10:57:07.081, 292.69, 100, 74232, 73
2026/07/29 10:57:08.118, 290.93, 100, 74232, 73
2026/07/29 10:57:09.154, 291.10, 100, 74232, 73
2026/07/29 10:57:10.194, 297.72, 100, 74232, 73
2026/07/29 10:57:11.231, 293.26, 100, 74232, 73
2026/07/29 10:57:12.268, 290.26, 100, 74232, 73
2026/07/29 10:57:13.305, 292.66, 100, 74232, 72
2026/07/29 10:57:14.342, 294.42, 100, 74232, 72
2026/07/29 10:57:15.380, 294.63, 100, 74232, 72
2026/07/29 10:57:16.416, 295.67, 100, 74232, 72
2026/07/29 10:57:17.459, 301.89, 100, 74232, 73
2026/07/29 10:57:18.501, 301.50, 100, 74232, 73
2026/07/29 10:57:19.538, 300.63, 100, 74232, 73
2026/07/29 10:57:20.576, 294.99, 100, 74232, 72
2026/07/29 10:57:21.617, 303.18, 100, 74232, 72
2026/07/29 10:57:22.654, 300.42, 100, 74232, 72
2026/07/29 10:57:23.693, 300.51, 100, 74232, 72
2026/07/29 10:57:24.731, 300.53, 100, 74232, 72
2026/07/29 10:57:25.768, 300.61, 100, 74232, 72
2026/07/29 10:57:26.805, 299.56, 100, 74232, 72
2026/07/29 10:57:27.843, 302.87, 100, 74232, 72
2026/07/29 10:57:28.882, 300.82, 100, 74232, 72
2026/07/29 10:57:29.919, 300.03, 100, 74232, 72
2026/07/29 10:57:30.957, 294.71, 100, 74232, 72
2026/07/29 10:57:31.995, 299.65, 100, 74232, 72
2026/07/29 10:57:33.031, 292.38, 100, 74232, 72
2026/07/29 10:57:34.068, 292.56, 100, 74232, 72
2026/07/29 10:57:35.104, 294.22, 100, 74232, 72
2026/07/29 10:57:36.142, 293.42, 100, 74232, 72
2026/07/29 10:57:37.179, 299.37, 100, 74232, 72
2026/07/29 10:57:38.221, 293.85, 100, 74232, 72
2026/07/29 10:57:39.257, 298.50, 100, 74232, 72
2026/07/29 10:57:40.293, 296.25, 100, 74232, 72
2026/07/29 10:57:41.330, 299.35, 100, 74232, 72
2026/07/29 10:57:42.366, 301.10, 100, 74232, 72
2026/07/29 10:57:43.402, 301.20, 100, 74232, 72
2026/07/29 10:57:44.439, 300.16, 100, 74232, 72
2026/07/29 10:57:45.478, 301.14, 100, 74232, 72
2026/07/29 10:57:46.514, 301.39, 100, 74232, 72
2026/07/29 10:57:47.554, 294.04, 100, 74232, 72
2026/07/29 10:57:48.591, 292.67, 100, 74232, 72
2026/07/29 10:57:49.628, 301.29, 100, 74232, 72
2026/07/29 10:57:50.665, 300.42, 100, 74232, 72
2026/07/29 10:57:51.700, 299.17, 100, 74232, 72
2026/07/29 10:57:52.737, 302.06, 100, 74232, 72
2026/07/29 10:57:53.774, 300.06, 100, 74232, 72
2026/07/29 10:57:54.812, 301.17, 100, 74232, 72
2026/07/29 10:57:55.850, 300.11, 100, 74232, 72
2026/07/29 10:57:56.889, 302.15, 100, 74232, 72
2026/07/29 10:57:57.927, 301.03, 100, 74232, 72
2026/07/29 10:57:58.964, 301.20, 100, 74232, 72
2026/07/29 10:58:00.003, 301.04, 100, 74232, 72
2026/07/29 10:58:01.040, 293.65, 100, 74232, 72
2026/07/29 10:58:02.079, 290.14, 100, 74232, 72
2026/07/29 10:58:03.116, 291.15, 100, 74232, 72
2026/07/29 10:58:04.161, 293.55, 100, 74232, 72
2026/07/29 10:58:05.200, 301.01, 100, 74232, 72
2026/07/29 10:58:06.236, 296.18, 100, 74232, 72
2026/07/29 10:58:07.283, 301.27, 100, 74232, 72
2026/07/29 10:58:08.320, 302.00, 100, 74232, 72
2026/07/29 10:58:09.357, 301.20, 100, 74232, 72
2026/07/29 10:58:10.397, 302.52, 100, 74232, 72
2026/07/29 10:58:11.434, 301.49, 100, 74232, 72
2026/07/29 10:58:12.470, 299.64, 100, 74232, 72
2026/07/29 10:58:13.508, 302.46, 100, 74232, 72
2026/07/29 10:58:14.544, 300.64, 100, 74232, 72
2026/07/29 10:58:15.582, 300.93, 100, 74232, 72
2026/07/29 10:58:16.618, 300.33, 100, 74232, 72
2026/07/29 10:58:17.654, 302.16, 100, 74232, 72
2026/07/29 10:58:18.690, 301.38, 100, 74232, 72
2026/07/29 10:58:19.728, 299.44, 100, 74232, 72
2026/07/29 10:58:20.765, 302.48, 100, 74232, 72
2026/07/29 10:58:21.804, 300.55, 100, 74232, 72
2026/07/29 10:58:22.843, 300.45, 100, 74232, 72
2026/07/29 10:58:23.880, 300.90, 100, 74232, 72
2026/07/29 10:58:24.917, 291.99, 100, 74232, 72
2026/07/29 10:58:25.954, 289.60, 100, 74232, 72
2026/07/29 10:58:26.991, 292.87, 100, 74232, 72
2026/07/29 10:58:28.028, 288.88, 79, 74232, 74
2026/07/29 10:58:29.063, 295.18, 100, 74232, 74
2026/07/29 10:58:30.098, 302.45, 100, 74232, 74
2026/07/29 10:58:31.133, 298.30, 100, 74232, 74
2026/07/29 10:58:32.175, 286.10, 100, 74232, 74
2026/07/29 10:58:33.210, 279.72, 100, 74232, 74
2026/07/29 10:58:34.246, 326.30, 100, 74232, 74
2026/07/29 10:58:35.285, 286.96, 100, 74232, 72
2026/07/29 10:58:36.322, 289.39, 100, 74232, 72
2026/07/29 10:58:37.359, 289.87, 100, 74232, 72
2026/07/29 10:58:38.399, 298.78, 100, 74232, 72
2026/07/29 10:58:39.437, 294.04, 100, 74232, 72
2026/07/29 10:58:40.476, 294.51, 100, 74232, 72
2026/07/29 10:58:41.514, 297.69, 100, 74232, 72
2026/07/29 10:58:42.552, 293.76, 100, 74232, 72
2026/07/29 10:58:43.590, 294.33, 100, 74232, 73
2026/07/29 10:58:44.627, 299.83, 100, 74232, 73
2026/07/29 10:58:45.665, 301.37, 100, 74232, 73
2026/07/29 10:58:46.702, 298.10, 100, 74232, 73
2026/07/29 10:58:47.739, 298.69, 100, 74232, 73
2026/07/29 10:58:48.778, 301.96, 100, 74232, 73
2026/07/29 10:58:49.816, 302.35, 100, 74232, 73
2026/07/29 10:58:50.853, 302.37, 100, 74232, 73
2026/07/29 10:58:51.891, 302.57, 100, 74232, 73
2026/07/29 10:58:52.928, 302.68, 100, 74232, 73
2026/07/29 10:58:53.966, 302.79, 100, 74232, 73
2026/07/29 10:58:55.003, 301.97, 100, 74232, 73
2026/07/29 10:58:56.041, 302.67, 100, 74232, 73
2026/07/29 10:58:57.079, 302.74, 100, 74232, 73
2026/07/29 10:58:58.116, 295.20, 100, 74232, 73
2026/07/29 10:58:59.153, 297.34, 100, 74232, 73
2026/07/29 10:59:00.190, 301.29, 100, 74232, 73
2026/07/29 10:59:01.227, 295.48, 100, 74232, 73
2026/07/29 10:59:02.264, 298.69, 100, 74232, 73
2026/07/29 10:59:03.309, 294.04, 100, 74232, 73
2026/07/29 10:59:04.347, 294.32, 100, 74232, 73
2026/07/29 10:59:05.385, 294.32, 100, 74232, 73
2026/07/29 10:59:06.423, 294.02, 100, 74232, 73
2026/07/29 10:59:07.459, 293.46, 100, 74232, 72
2026/07/29 10:59:08.497, 294.56, 100, 74232, 73
2026/07/29 10:59:09.538, 293.93, 100, 74232, 73
2026/07/29 10:59:10.575, 301.78, 100, 74232, 73
2026/07/29 10:59:11.614, 301.81, 100, 74232, 73
2026/07/29 10:59:12.650, 306.41, 100, 74232, 73
2026/07/29 10:59:13.689, 302.64, 100, 74232, 73
2026/07/29 10:59:14.727, 304.11, 100, 74232, 73
2026/07/29 10:59:15.764, 302.56, 100, 74232, 73
2026/07/29 10:59:16.801, 302.36, 100, 74232, 73
2026/07/29 10:59:17.839, 301.69, 100, 74232, 73
2026/07/29 10:59:18.877, 302.36, 100, 74232, 73
2026/07/29 10:59:19.914, 302.44, 100, 74232, 73
2026/07/29 10:59:20.953, 301.42, 100, 74232, 73
2026/07/29 10:59:21.990, 292.36, 100, 74232, 72
2026/07/29 10:59:23.029, 296.63, 100, 74232, 72
2026/07/29 10:59:24.068, 297.92, 100, 74232, 72
2026/07/29 10:59:25.105, 297.22, 100, 74232, 72
2026/07/29 10:59:26.145, 293.64, 100, 74232, 72
2026/07/29 10:59:27.183, 304.29, 100, 74232, 72
2026/07/29 10:59:28.220, 301.77, 100, 74232, 72
2026/07/29 10:59:29.257, 301.69, 100, 74232, 72
2026/07/29 10:59:30.295, 296.07, 100, 74232, 72
2026/07/29 10:59:31.334, 300.41, 100, 74232, 72
2026/07/29 10:59:32.372, 302.08, 100, 74232, 72
2026/07/29 10:59:33.408, 302.45, 100, 74232, 72
2026/07/29 10:59:34.447, 302.58, 100, 74232, 72
2026/07/29 10:59:35.484, 301.63, 100, 74232, 72
2026/07/29 10:59:36.522, 301.33, 100, 74232, 72
2026/07/29 10:59:37.558, 303.70, 100, 74232, 72
2026/07/29 10:59:38.597, 301.88, 100, 74232, 72
2026/07/29 10:59:39.633, 301.20, 100, 74232, 72
2026/07/29 10:59:40.671, 301.28, 100, 74232, 72
2026/07/29 10:59:41.708, 301.52, 100, 74232, 72
2026/07/29 10:59:42.748, 304.30, 100, 74232, 72
2026/07/29 10:59:43.786, 293.55, 100, 74232, 72
2026/07/29 10:59:44.823, 294.64, 100, 74232, 72
2026/07/29 10:59:45.861, 293.75, 100, 74232, 72
2026/07/29 10:59:46.898, 293.64, 100, 74232, 72
2026/07/29 10:59:47.939, 302.78, 100, 74232, 72
2026/07/29 10:59:48.976, 301.48, 100, 74232, 72
2026/07/29 10:59:50.013, 301.27, 100, 74232, 72
2026/07/29 10:59:51.050, 300.41, 100, 74232, 72
2026/07/29 10:59:52.087, 300.64, 100, 74232, 72
2026/07/29 10:59:53.124, 301.23, 100, 74232, 72
2026/07/29 10:59:54.160, 300.23, 100, 74232, 72
2026/07/29 10:59:55.198, 303.28, 100, 74232, 72
2026/07/29 10:59:56.235, 301.51, 100, 74232, 72
2026/07/29 10:59:57.273, 301.08, 100, 74232, 72
2026/07/29 10:59:58.310, 301.68, 100, 74232, 72
2026/07/29 10:59:59.347, 301.76, 100, 74232, 72
2026/07/29 11:00:00.385, 294.33, 100, 74232, 72
2026/07/29 11:00:01.422, 290.66, 100, 74232, 72
2026/07/29 11:00:02.463, 293.08, 100, 74232, 72
2026/07/29 11:00:03.502, 296.55, 100, 74232, 72
2026/07/29 11:00:04.538, 298.21, 100, 74232, 72
2026/07/29 11:00:05.575, 302.07, 100, 74232, 72
2026/07/29 11:00:06.611, 300.93, 100, 74232, 72
2026/07/29 11:00:07.649, 303.34, 100, 74232, 72
2026/07/29 11:00:08.687, 300.61, 100, 74232, 72
2026/07/29 11:00:09.724, 302.75, 100, 74232, 72
2026/07/29 11:00:10.760, 300.61, 100, 74232, 72
2026/07/29 11:00:11.796, 300.53, 100, 74232, 72
2026/07/29 11:00:12.833, 301.11, 100, 74232, 72
2026/07/29 11:00:13.869, 302.62, 100, 74232, 72
2026/07/29 11:00:14.908, 300.72, 100, 74232, 72
2026/07/29 11:00:15.944, 302.78, 100, 74232, 72
2026/07/29 11:00:16.981, 300.64, 100, 74232, 72
2026/07/29 11:00:18.018, 301.31, 100, 74232, 72
2026/07/29 11:00:19.054, 301.30, 100, 74232, 72
2026/07/29 11:00:20.091, 301.03, 100, 74232, 72
2026/07/29 11:00:21.128, 302.30, 100, 74232, 72
2026/07/29 11:00:22.168, 301.53, 100, 74232, 72
2026/07/29 11:00:23.205, 294.52, 100, 74232, 72
2026/07/29 11:00:24.241, 302.27, 100, 74232, 72
2026/07/29 11:00:25.278, 301.79, 100, 74232, 72
2026/07/29 11:00:26.313, 290.63, 100, 74232, 72
2026/07/29 11:00:27.351, 292.56, 100, 74232, 73
2026/07/29 11:00:28.387, 290.53, 100, 74232, 73
2026/07/29 11:00:29.421, 318.44, 100, 74232, 74
2026/07/29 11:00:30.454, 292.55, 100, 74232, 73
2026/07/29 11:00:31.488, 292.48, 100, 74232, 74
2026/07/29 11:00:32.527, 312.17, 100, 74232, 74
2026/07/29 11:00:33.561, 277.01, 100, 74232, 72
2026/07/29 11:00:34.598, 292.68, 100, 74232, 72
2026/07/29 11:00:35.635, 293.66, 100, 74232, 72
2026/07/29 11:00:36.672, 293.45, 100, 74232, 72
2026/07/29 11:00:37.708, 294.13, 100, 74232, 72
2026/07/29 11:00:38.743, 294.04, 100, 74232, 72
2026/07/29 11:00:39.780, 294.05, 100, 74232, 72
2026/07/29 11:00:40.817, 299.73, 100, 74232, 72
2026/07/29 11:00:41.854, 300.89, 100, 74232, 72
2026/07/29 11:00:42.889, 301.79, 100, 74232, 72
2026/07/29 11:00:43.926, 303.20, 100, 74232, 74
2026/07/29 11:00:44.962, 297.26, 100, 74232, 74
2026/07/29 11:00:45.995, 301.00, 100, 74232, 74
2026/07/29 11:00:47.030, 287.12, 100, 74232, 74
2026/07/29 11:00:48.064, 293.65, 100, 74232, 74
2026/07/29 11:00:49.098, 294.94, 100, 74232, 74
2026/07/29 11:00:50.132, 304.56, 100, 74232, 74
2026/07/29 11:00:51.166, 303.35, 100, 74232, 72
2026/07/29 11:00:52.201, 302.07, 100, 74232, 72
2026/07/29 11:00:53.240, 290.76, 100, 74232, 72
2026/07/29 11:00:54.277, 290.83, 100, 74232, 72
2026/07/29 11:00:55.316, 294.43, 100, 74232, 73
2026/07/29 11:00:56.352, 294.60, 100, 74232, 73
2026/07/29 11:00:57.388, 294.91, 100, 74232, 73
2026/07/29 11:00:58.425, 295.29, 100, 74232, 73
2026/07/29 11:00:59.463, 302.75, 100, 74232, 73
2026/07/29 11:01:00.501, 301.58, 100, 74232, 73
2026/07/29 11:01:01.540, 299.97, 100, 74232, 73
2026/07/29 11:01:02.577, 304.42, 100, 74232, 73
2026/07/29 11:01:03.614, 302.36, 100, 74232, 73
2026/07/29 11:01:04.650, 299.07, 100, 74232, 73
2026/07/29 11:01:05.686, 302.76, 100, 74232, 73
2026/07/29 11:01:06.722, 302.55, 100, 74232, 73
2026/07/29 11:01:07.759, 303.05, 100, 74232, 73
2026/07/29 11:01:08.796, 299.25, 100, 74232, 73
2026/07/29 11:01:09.837, 300.04, 100, 74232, 73
2026/07/29 11:01:10.874, 301.38, 100, 74232, 73
2026/07/29 11:01:11.911, 301.90, 100, 74232, 73
2026/07/29 11:01:12.949, 302.07, 100, 74232, 73
2026/07/29 11:01:13.986, 301.97, 100, 74232, 73
2026/07/29 11:01:15.023, 303.47, 100, 74232, 73
2026/07/29 11:01:16.060, 293.84, 100, 74232, 72
2026/07/29 11:01:17.097, 298.80, 100, 74232, 72
2026/07/29 11:01:18.137, 301.09, 100, 74232, 72
2026/07/29 11:01:19.173, 295.29, 100, 74232, 72
2026/07/29 11:01:20.210, 295.38, 100, 74232, 72
2026/07/29 11:01:21.247, 294.12, 100, 74232, 72
2026/07/29 11:01:22.283, 302.30, 100, 74232, 73
2026/07/29 11:01:23.320, 301.78, 100, 74232, 73
2026/07/29 11:01:24.356, 302.76, 100, 74232, 73
2026/07/29 11:01:25.393, 300.90, 100, 74232, 73
2026/07/29 11:01:26.435, 299.40, 100, 74232, 72
2026/07/29 11:01:27.471, 295.20, 100, 74232, 72
2026/07/29 11:01:28.516, 299.65, 100, 74232, 72
2026/07/29 11:01:29.553, 290.94, 100, 74232, 72
2026/07/29 11:01:30.589, 294.04, 100, 74232, 72
2026/07/29 11:01:31.626, 295.31, 100, 74232, 72
2026/07/29 11:01:32.662, 294.72, 100, 74232, 72
2026/07/29 11:01:33.700, 295.60, 100, 74232, 72
2026/07/29 11:01:34.737, 290.76, 100, 74232, 72
2026/07/29 11:01:35.773, 291.70, 100, 74232, 72
2026/07/29 11:01:36.812, 295.88, 100, 74232, 72
2026/07/29 11:01:37.849, 298.48, 100, 74232, 72
2026/07/29 11:01:38.885, 304.60, 100, 74232, 72
2026/07/29 11:01:39.922, 303.13, 100, 74232, 72
2026/07/29 11:01:40.958, 304.90, 100, 74232, 72
2026/07/29 11:01:41.995, 301.61, 100, 74232, 72
2026/07/29 11:01:43.031, 305.01, 100, 74232, 72
2026/07/29 11:01:44.068, 302.47, 100, 74232, 72
2026/07/29 11:01:45.103, 302.81, 100, 74232, 72
2026/07/29 11:01:46.139, 301.76, 100, 74232, 72
2026/07/29 11:01:47.175, 295.22, 100, 74232, 72
2026/07/29 11:01:48.211, 301.58, 100, 74232, 72
2026/07/29 11:01:49.247, 302.28, 100, 74232, 72
2026/07/29 11:01:50.284, 301.86, 100, 74232, 72
2026/07/29 11:01:51.320, 303.08, 100, 74232, 72
2026/07/29 11:01:52.357, 301.71, 100, 74232, 72
2026/07/29 11:01:53.393, 301.77, 100, 74232, 72
2026/07/29 11:01:54.430, 301.40, 100, 74232, 72
2026/07/29 11:01:55.466, 301.78, 100, 74232, 72
2026/07/29 11:01:56.503, 301.28, 100, 74232, 72
2026/07/29 11:01:57.539, 301.12, 100, 74232, 72
2026/07/29 11:01:58.577, 302.24, 100, 74232, 72
2026/07/29 11:01:59.614, 301.99, 100, 74232, 72
2026/07/29 11:02:00.653, 302.59, 100, 74232, 72
2026/07/29 11:02:01.691, 301.29, 100, 74232, 72
2026/07/29 11:02:02.728, 302.05, 100, 74232, 72
2026/07/29 11:02:03.766, 296.17, 100, 74232, 72
2026/07/29 11:02:04.804, 301.70, 100, 74232, 72
2026/07/29 11:02:05.842, 302.14, 100, 74232, 72
2026/07/29 11:02:06.879, 291.43, 100, 74232, 72
2026/07/29 11:02:07.921, 291.03, 100, 74232, 72
2026/07/29 11:02:08.959, 289.77, 100, 74232, 72
2026/07/29 11:02:09.996, 301.67, 100, 74232, 72
2026/07/29 11:02:11.033, 302.85, 100, 74232, 72
2026/07/29 11:02:12.069, 302.06, 100, 74232, 72
2026/07/29 11:02:13.107, 295.67, 100, 74232, 72
2026/07/29 11:02:14.144, 301.50, 100, 74232, 72
2026/07/29 11:02:15.182, 302.00, 100, 74232, 72
2026/07/29 11:02:16.219, 293.86, 100, 74232, 72
2026/07/29 11:02:17.256, 302.45, 100, 74232, 72
2026/07/29 11:02:18.293, 297.43, 100, 74232, 72
2026/07/29 11:02:19.329, 294.91, 100, 74232, 72
2026/07/29 11:02:20.366, 290.65, 100, 74232, 72
2026/07/29 11:02:21.402, 294.71, 100, 74232, 72
2026/07/29 11:02:22.440, 292.76, 100, 74232, 72
2026/07/29 11:02:23.477, 300.54, 100, 74232, 72
2026/07/29 11:02:24.518, 301.59, 100, 74232, 72
2026/07/29 11:02:25.555, 301.09, 100, 74232, 72
2026/07/29 11:02:26.593, 298.67, 100, 74232, 72
2026/07/29 11:02:27.630, 302.08, 100, 74232, 72
2026/07/29 11:02:28.669, 293.75, 100, 74232, 72
2026/07/29 11:02:29.706, 294.23, 100, 74232, 72
2026/07/29 11:02:30.743, 292.29, 100, 74232, 72
2026/07/29 11:02:31.781, 293.76, 100, 74232, 72
2026/07/29 11:02:32.818, 301.11, 100, 74232, 72
2026/07/29 11:02:33.855, 298.40, 100, 74232, 72
2026/07/29 11:02:34.892, 303.89, 100, 74232, 72
2026/07/29 11:02:35.929, 302.12, 100, 74232, 72
2026/07/29 11:02:36.966, 304.01, 100, 74232, 72
2026/07/29 11:02:38.004, 302.34, 100, 74232, 72
2026/07/29 11:02:39.040, 301.58, 100, 74232, 72
2026/07/29 11:02:40.079, 302.58, 100, 74232, 72
2026/07/29 11:02:41.116, 304.01, 100, 74232, 72
2026/07/29 11:02:42.153, 301.89, 100, 74232, 72
2026/07/29 11:02:43.190, 301.98, 100, 74232, 72
2026/07/29 11:02:44.226, 301.22, 100, 74232, 72
2026/07/29 11:02:45.264, 294.82, 100, 74232, 72
2026/07/29 11:02:46.301, 294.04, 100, 74232, 72
2026/07/29 11:02:47.338, 295.50, 100, 74232, 72
2026/07/29 11:02:48.375, 291.30, 100, 74232, 72
2026/07/29 11:02:49.411, 294.23, 100, 74232, 72
2026/07/29 11:02:50.447, 298.29, 100, 74232, 72
2026/07/29 11:02:51.485, 302.27, 100, 74232, 72
2026/07/29 11:02:52.523, 301.79, 100, 74232, 72
2026/07/29 11:02:53.561, 294.74, 100, 74232, 72
2026/07/29 11:02:54.597, 301.96, 100, 74232, 72
2026/07/29 11:02:55.635, 302.95, 100, 74232, 72
2026/07/29 11:02:56.671, 291.32, 100, 74232, 72
2026/07/29 11:02:57.709, 295.29, 100, 74232, 72
2026/07/29 11:02:58.746, 296.25, 100, 74232, 72
2026/07/29 11:02:59.784, 291.73, 100, 74232, 72
2026/07/29 11:03:00.821, 294.24, 100, 74232, 72
2026/07/29 11:03:01.857, 296.15, 100, 74232, 72
2026/07/29 11:03:02.893, 295.00, 100, 74232, 72
2026/07/29 11:03:03.930, 297.92, 100, 74232, 72
2026/07/29 11:03:04.968, 301.21, 100, 74232, 72
2026/07/29 11:03:06.006, 299.26, 100, 74232, 72
2026/07/29 11:03:07.043, 300.64, 100, 74232, 72
2026/07/29 11:03:08.079, 301.77, 100, 74232, 72
2026/07/29 11:03:09.115, 302.15, 100, 74232, 72
2026/07/29 11:03:10.152, 302.56, 100, 74232, 72
2026/07/29 11:03:11.190, 302.16, 100, 74232, 72
2026/07/29 11:03:12.228, 294.21, 100, 74232, 72
2026/07/29 11:03:13.265, 296.44, 100, 74232, 72
2026/07/29 11:03:14.303, 293.76, 100, 74232, 72
2026/07/29 11:03:15.341, 299.64, 100, 74232, 72
2026/07/29 11:03:16.376, 294.43, 100, 74232, 72
2026/07/29 11:03:17.413, 297.93, 100, 74232, 72
2026/07/29 11:03:18.449, 298.30, 100, 74232, 72
2026/07/29 11:03:19.485, 293.83, 100, 74232, 72
2026/07/29 11:03:20.524, 297.81, 100, 74232, 72
2026/07/29 11:03:21.561, 298.40, 100, 74232, 72
2026/07/29 11:03:22.597, 302.21, 100, 74232, 72
2026/07/29 11:03:23.633, 295.20, 100, 74232, 72
2026/07/29 11:03:24.670, 296.66, 100, 74232, 72
2026/07/29 11:03:25.707, 294.53, 100, 74232, 72
2026/07/29 11:03:26.745, 298.02, 100, 74232, 72
2026/07/29 11:03:27.781, 298.69, 100, 74232, 72
2026/07/29 11:03:28.818, 302.39, 100, 74232, 72
2026/07/29 11:03:29.857, 291.01, 100, 74232, 72
2026/07/29 11:03:30.897, 294.60, 100, 74232, 72
2026/07/29 11:03:31.934, 294.70, 100, 74232, 72
2026/07/29 11:03:32.970, 299.35, 100, 74232, 72
2026/07/29 11:03:34.007, 291.61, 100, 74232, 72
2026/07/29 11:03:35.045, 291.12, 100, 74232, 72
2026/07/29 11:03:36.084, 291.90, 100, 74232, 72
2026/07/29 11:03:37.121, 302.74, 100, 74232, 72
2026/07/29 11:03:38.158, 302.60, 100, 74232, 72
2026/07/29 11:03:39.196, 302.59, 100, 74232, 72
2026/07/29 11:03:40.233, 301.86, 100, 74232, 72
2026/07/29 11:03:41.271, 301.98, 100, 74232, 72
2026/07/29 11:03:42.308, 301.59, 100, 74232, 72
2026/07/29 11:03:43.346, 301.49, 100, 74232, 72
2026/07/29 11:03:44.383, 302.77, 100, 74232, 72
2026/07/29 11:03:45.420, 304.08, 100, 74232, 72
2026/07/29 11:03:46.457, 302.94, 100, 74232, 72
2026/07/29 11:03:47.493, 301.60, 100, 74232, 72
2026/07/29 11:03:48.531, 302.04, 100, 74232, 72
2026/07/29 11:03:49.569, 295.09, 100, 74232, 72
2026/07/29 11:03:50.606, 295.79, 100, 74232, 72
2026/07/29 11:03:51.645, 294.80, 100, 74232, 72
2026/07/29 11:03:52.681, 295.12, 100, 74232, 72
2026/07/29 11:03:53.718, 296.05, 100, 74232, 72
2026/07/29 11:03:54.755, 294.52, 100, 74232, 72
2026/07/29 11:03:55.791, 294.15, 100, 74232, 72
2026/07/29 11:03:56.829, 294.54, 100, 74232, 72
2026/07/29 11:03:57.866, 297.42, 100, 74232, 72
2026/07/29 11:03:58.907, 292.39, 100, 74232, 72
2026/07/29 11:03:59.944, 301.28, 100, 74232, 72
2026/07/29 11:04:00.980, 300.82, 100, 74232, 72
2026/07/29 11:04:02.017, 302.09, 100, 74232, 72
2026/07/29 11:04:03.054, 301.09, 100, 74232, 72
2026/07/29 11:04:04.093, 302.65, 100, 74232, 72
2026/07/29 11:04:05.129, 304.10, 100, 74232, 72
2026/07/29 11:04:06.166, 304.08, 100, 74232, 72
2026/07/29 11:04:07.202, 302.17, 100, 74232, 72
2026/07/29 11:04:08.238, 301.30, 100, 74232, 72
2026/07/29 11:04:09.275, 302.94, 100, 74232, 72
2026/07/29 11:04:10.310, 302.25, 100, 74232, 72
2026/07/29 11:04:11.346, 301.29, 100, 74232, 72
2026/07/29 11:04:12.382, 301.88, 100, 74232, 72
2026/07/29 11:04:13.417, 301.60, 100, 74232, 72
2026/07/29 11:04:14.455, 301.13, 100, 74232, 72
2026/07/29 11:04:15.492, 302.84, 100, 74232, 72
2026/07/29 11:04:16.530, 301.80, 100, 74232, 72
2026/07/29 11:04:17.566, 302.15, 100, 74232, 72
2026/07/29 11:04:18.603, 301.51, 100, 74232, 72
2026/07/29 11:04:19.640, 302.83, 100, 74232, 72
2026/07/29 11:04:20.676, 303.12, 100, 74232, 72
2026/07/29 11:04:21.713, 301.71, 100, 74232, 72
2026/07/29 11:04:22.751, 302.26, 100, 74232, 72
2026/07/29 11:04:23.790, 302.65, 100, 74232, 72
2026/07/29 11:04:24.826, 301.97, 100, 74232, 72
2026/07/29 11:04:25.863, 301.60, 100, 74232, 72
2026/07/29 11:04:26.900, 302.16, 100, 74232, 72
2026/07/29 11:04:27.941, 296.48, 100, 74232, 72
2026/07/29 11:04:28.978, 295.19, 100, 74232, 72
2026/07/29 11:04:30.014, 290.93, 100, 74232, 72
2026/07/29 11:04:31.052, 294.83, 100, 74232, 72
2026/07/29 11:04:32.089, 292.19, 100, 74232, 72
2026/07/29 11:04:33.130, 296.15, 100, 74232, 72
2026/07/29 11:04:34.167, 294.72, 100, 74232, 72
2026/07/29 11:04:35.204, 302.05, 100, 74232, 72
2026/07/29 11:04:36.241, 294.31, 100, 74232, 72
2026/07/29 11:04:37.277, 298.68, 100, 74232, 72
2026/07/29 11:04:38.315, 302.05, 100, 74232, 72
2026/07/29 11:04:39.351, 294.80, 100, 74232, 72
2026/07/29 11:04:40.390, 290.84, 100, 74232, 72
2026/07/29 11:04:41.428, 291.13, 100, 74232, 72
2026/07/29 11:04:42.466, 299.34, 100, 74232, 72
2026/07/29 11:04:43.503, 301.80, 100, 74232, 72
2026/07/29 11:04:44.542, 297.05, 100, 74232, 72
2026/07/29 11:04:45.579, 297.31, 100, 74232, 72
2026/07/29 11:04:46.617, 300.12, 100, 74232, 72
2026/07/29 11:04:47.657, 302.57, 100, 74232, 72
2026/07/29 11:04:48.693, 301.78, 100, 74232, 72
2026/07/29 11:04:49.732, 301.98, 100, 74232, 72
2026/07/29 11:04:50.770, 302.45, 100, 74232, 72
2026/07/29 11:04:51.806, 298.88, 100, 74232, 72
2026/07/29 11:04:52.841, 295.01, 100, 74232, 72
2026/07/29 11:04:53.878, 302.94, 100, 74232, 72
2026/07/29 11:04:54.915, 295.97, 100, 74232, 72
2026/07/29 11:04:55.954, 294.99, 100, 74232, 72
2026/07/29 11:04:56.992, 294.33, 100, 74232, 72
2026/07/29 11:04:58.029, 301.04, 100, 74232, 72
2026/07/29 11:04:59.065, 300.25, 100, 74232, 72
2026/07/29 11:05:00.101, 298.19, 100, 74232, 72
2026/07/29 11:05:01.137, 302.16, 100, 74232, 72
2026/07/29 11:05:02.174, 301.21, 100, 74232, 72
2026/07/29 11:05:03.210, 302.34, 100, 74232, 72
2026/07/29 11:05:04.247, 301.37, 100, 74232, 72
2026/07/29 11:05:05.283, 302.29, 100, 74232, 72
2026/07/29 11:05:06.319, 302.16, 100, 74232, 72
2026/07/29 11:05:07.355, 301.95, 100, 74232, 72
2026/07/29 11:05:08.391, 302.40, 100, 74232, 72
2026/07/29 11:05:09.430, 301.51, 100, 74232, 72
2026/07/29 11:05:10.466, 294.23, 100, 74232, 72
2026/07/29 11:05:11.502, 295.10, 100, 74232, 72
2026/07/29 11:05:12.543, 296.06, 100, 74232, 72
2026/07/29 11:05:13.580, 295.38, 100, 74232, 72
2026/07/29 11:05:14.617, 296.65, 100, 74232, 72
2026/07/29 11:05:15.653, 294.14, 100, 74232, 72
2026/07/29 11:05:16.689, 294.61, 100, 74232, 72
2026/07/29 11:05:17.728, 295.39, 100, 74232, 72
2026/07/29 11:05:18.766, 301.28, 100, 74232, 72
2026/07/29 11:05:19.802, 296.28, 100, 74232, 72
2026/07/29 11:05:20.840, 302.36, 100, 74232, 72
2026/07/29 11:05:21.876, 293.45, 100, 74232, 72
2026/07/29 11:05:22.915, 295.89, 100, 74232, 72
2026/07/29 11:05:23.952, 295.30, 100, 74232, 72
2026/07/29 11:05:24.989, 295.01, 100, 74232, 72
2026/07/29 11:05:26.028, 294.33, 100, 74232, 72
2026/07/29 11:05:27.065, 303.05, 100, 74232, 72
2026/07/29 11:05:28.102, 299.07, 100, 74232, 72
2026/07/29 11:05:29.140, 294.55, 100, 74232, 72
2026/07/29 11:05:30.177, 298.09, 100, 74232, 72
2026/07/29 11:05:31.214, 302.18, 100, 74232, 72
2026/07/29 11:05:32.251, 304.49, 100, 74232, 72
2026/07/29 11:05:33.288, 294.51, 100, 74232, 72
2026/07/29 11:05:34.324, 295.49, 100, 74232, 72
2026/07/29 11:05:35.360, 295.99, 100, 74232, 72
2026/07/29 11:05:36.398, 291.60, 100, 74232, 72
2026/07/29 11:05:37.436, 295.39, 100, 74232, 72
2026/07/29 11:05:38.474, 295.77, 100, 74232, 72
2026/07/29 11:05:39.511, 294.52, 100, 74232, 72
2026/07/29 11:05:40.550, 303.02, 100, 74232, 72
2026/07/29 11:05:41.588, 303.44, 100, 74232, 72
2026/07/29 11:05:42.624, 298.49, 100, 74232, 72
2026/07/29 11:05:43.662, 99.41, 26, 74232, 70
2026/07/29 11:05:44.695, 298.70, 100, 74232, 74
2026/07/29 11:05:45.729, 295.88, 100, 74232, 74
2026/07/29 11:05:46.767, 283.45, 100, 74232, 74
2026/07/29 11:05:47.801, 304.86, 100, 74232, 74
2026/07/29 11:05:48.835, 300.40, 100, 74232, 74
2026/07/29 11:05:49.869, 291.11, 100, 74232, 74
2026/07/29 11:05:50.905, 254.54, 100, 74232, 72
2026/07/29 11:05:51.946, 290.47, 100, 74232, 72
2026/07/29 11:05:52.983, 294.62, 100, 74232, 72
2026/07/29 11:05:54.021, 294.62, 100, 74232, 72
2026/07/29 11:05:55.058, 294.80, 100, 74232, 72
2026/07/29 11:05:56.096, 290.55, 100, 74232, 72
2026/07/29 11:05:57.135, 291.23, 100, 74232, 73
2026/07/29 11:05:58.172, 301.69, 100, 74232, 73
2026/07/29 11:05:59.208, 297.25, 100, 74232, 73
2026/07/29 11:06:00.246, 302.17, 100, 74232, 73
2026/07/29 11:06:01.285, 298.48, 100, 74232, 73
2026/07/29 11:06:02.322, 304.00, 100, 74232, 73
2026/07/29 11:06:03.359, 298.59, 100, 74232, 73
2026/07/29 11:06:04.397, 297.82, 100, 74232, 73
2026/07/29 11:06:05.433, 303.44, 100, 74232, 73
2026/07/29 11:06:06.470, 301.99, 100, 74232, 73
2026/07/29 11:06:07.507, 303.72, 100, 74232, 73
2026/07/29 11:06:08.801, 295.28, 100, 74232, 73
2026/07/29 11:06:09.838, 297.13, 100, 74232, 73
2026/07/29 11:06:10.875, 295.59, 100, 74232, 73
2026/07/29 11:06:11.913, 293.76, 100, 74232, 73
2026/07/29 11:06:12.951, 294.14, 100, 74232, 73
2026/07/29 11:06:13.987, 295.30, 100, 74232, 73
2026/07/29 11:06:15.025, 295.47, 100, 74232, 73
2026/07/29 11:06:16.061, 294.90, 100, 74232, 73
2026/07/29 11:06:17.098, 294.88, 100, 74232, 73
2026/07/29 11:06:18.135, 295.01, 100, 74232, 73
2026/07/29 11:06:19.171, 295.09, 100, 74232, 73
2026/07/29 11:06:20.208, 294.70, 100, 74232, 73
2026/07/29 11:06:21.244, 301.59, 100, 74232, 73
2026/07/29 11:06:22.281, 294.71, 100, 74232, 72
2026/07/29 11:06:23.319, 303.48, 100, 74232, 73
2026/07/29 11:06:24.356, 300.83, 100, 74232, 73
2026/07/29 11:06:25.395, 301.86, 100, 74232, 73
2026/07/29 11:06:26.432, 302.16, 100, 74232, 73
2026/07/29 11:06:27.468, 300.04, 100, 74232, 72
2026/07/29 11:06:28.504, 302.00, 100, 74232, 72
2026/07/29 11:06:29.544, 303.14, 100, 74232, 72
2026/07/29 11:06:30.580, 301.90, 100, 74232, 72
2026/07/29 11:06:31.619, 303.36, 100, 74232, 72
2026/07/29 11:06:32.655, 301.97, 100, 74232, 72
2026/07/29 11:06:33.691, 303.70, 100, 74232, 72
2026/07/29 11:06:34.727, 301.31, 100, 74232, 72
2026/07/29 11:06:35.763, 294.54, 100, 74232, 72
2026/07/29 11:06:36.800, 293.85, 100, 74232, 72
2026/07/29 11:06:37.837, 294.42, 100, 74232, 72
2026/07/29 11:06:38.874, 297.35, 100, 74232, 72
2026/07/29 11:06:39.911, 295.00, 100, 74232, 72
2026/07/29 11:06:40.948, 293.86, 100, 74232, 72
2026/07/29 11:06:41.984, 294.04, 100, 74232, 72
2026/07/29 11:06:43.024, 293.07, 100, 74232, 72
2026/07/29 11:06:44.060, 294.70, 100, 74232, 72
2026/07/29 11:06:45.097, 294.23, 100, 74232, 72
2026/07/29 11:06:46.136, 299.66, 100, 74232, 72
2026/07/29 11:06:47.172, 298.12, 100, 74232, 72
2026/07/29 11:06:48.213, 294.71, 100, 74232, 72
2026/07/29 11:06:49.249, 301.30, 100, 74232, 72
2026/07/29 11:06:50.285, 301.69, 100, 74232, 72
2026/07/29 11:06:51.322, 304.57, 100, 74232, 72
2026/07/29 11:06:52.360, 302.17, 100, 74232, 72
2026/07/29 11:06:53.398, 301.29, 100, 74232, 72
2026/07/29 11:06:54.434, 301.12, 100, 74232, 72
2026/07/29 11:06:55.472, 301.97, 100, 74232, 72
2026/07/29 11:06:56.509, 301.87, 100, 74232, 72
2026/07/29 11:06:57.548, 302.17, 100, 74232, 72
2026/07/29 11:06:58.583, 301.31, 100, 74232, 72
2026/07/29 11:06:59.619, 302.74, 100, 74232, 72
2026/07/29 11:07:00.655, 301.97, 100, 74232, 72
2026/07/29 11:07:01.695, 302.07, 100, 74232, 72
2026/07/29 11:07:02.731, 300.73, 100, 74232, 72
2026/07/29 11:07:03.767, 302.75, 100, 74232, 72
2026/07/29 11:07:04.803, 302.25, 100, 74232, 72
2026/07/29 11:07:05.840, 293.35, 100, 74232, 72
2026/07/29 11:07:06.876, 293.66, 100, 74232, 72
2026/07/29 11:07:07.914, 290.85, 100, 74232, 72
2026/07/29 11:07:08.952, 292.48, 100, 74232, 72
2026/07/29 11:07:09.988, 296.08, 100, 74232, 72
2026/07/29 11:07:11.025, 297.93, 100, 74232, 72
2026/07/29 11:07:12.062, 294.22, 100, 74232, 72
2026/07/29 11:07:13.100, 300.41, 100, 74232, 72
2026/07/29 11:07:14.137, 300.04, 100, 74232, 72
2026/07/29 11:07:15.180, 301.79, 100, 74232, 72
2026/07/29 11:07:16.217, 290.65, 100, 74232, 72
2026/07/29 11:07:17.253, 303.04, 100, 74232, 72
2026/07/29 11:07:18.292, 292.47, 100, 74232, 72
2026/07/29 11:07:19.328, 301.06, 100, 74232, 72
2026/07/29 11:07:20.366, 295.30, 100, 74232, 72
2026/07/29 11:07:21.404, 302.35, 100, 74232, 72
2026/07/29 11:07:22.441, 302.07, 100, 74232, 72
2026/07/29 11:07:23.477, 301.41, 100, 74232, 72
2026/07/29 11:07:24.516, 302.08, 100, 74232, 72
2026/07/29 11:07:25.555, 298.79, 100, 74232, 72
2026/07/29 11:07:26.592, 301.90, 100, 74232, 72
2026/07/29 11:07:27.630, 291.02, 100, 74232, 72
2026/07/29 11:07:28.667, 294.42, 100, 74232, 72
2026/07/29 11:07:29.704, 298.39, 100, 74232, 72
2026/07/29 11:07:30.741, 299.37, 100, 74232, 72
2026/07/29 11:07:31.779, 291.89, 100, 74232, 72
2026/07/29 11:07:32.817, 301.77, 100, 74232, 72
2026/07/29 11:07:33.856, 301.20, 100, 74232, 72
2026/07/29 11:07:34.897, 302.66, 100, 74232, 72
2026/07/29 11:07:35.934, 303.23, 100, 74232, 72
2026/07/29 11:07:36.973, 302.48, 100, 74232, 72
2026/07/29 11:07:38.010, 302.64, 100, 74232, 72
2026/07/29 11:07:39.048, 301.96, 100, 74232, 72
2026/07/29 11:07:40.085, 303.04, 100, 74232, 72
2026/07/29 11:07:41.130, 301.58, 100, 74232, 72
2026/07/29 11:07:42.168, 291.99, 100, 74232, 72
2026/07/29 11:07:43.205, 294.13, 100, 74232, 72
2026/07/29 11:07:44.242, 295.28, 100, 74232, 72
2026/07/29 11:07:45.279, 290.15, 100, 74232, 72
2026/07/29 11:07:46.316, 294.82, 100, 74232, 72
2026/07/29 11:07:47.353, 294.14, 100, 74232, 72
2026/07/29 11:07:48.389, 291.13, 100, 74232, 72
2026/07/29 11:07:49.426, 294.62, 100, 74232, 72
2026/07/29 11:07:50.462, 301.04, 100, 74232, 72
2026/07/29 11:07:51.498, 300.70, 100, 74232, 72
2026/07/29 11:07:52.534, 304.37, 100, 74232, 72
2026/07/29 11:07:53.570, 301.80, 100, 74232, 72
2026/07/29 11:07:54.606, 303.02, 100, 74232, 72
2026/07/29 11:07:55.643, 300.81, 100, 74232, 72
2026/07/29 11:07:56.679, 304.00, 100, 74232, 72
2026/07/29 11:07:57.716, 301.21, 100, 74232, 72
2026/07/29 11:07:58.752, 305.39, 100, 74232, 72
2026/07/29 11:07:59.791, 301.23, 100, 74232, 72
2026/07/29 11:08:00.829, 302.12, 100, 74232, 72
2026/07/29 11:08:01.869, 302.40, 100, 74232, 72
2026/07/29 11:08:02.906, 303.43, 100, 74232, 72
2026/07/29 11:08:03.942, 301.69, 100, 74232, 72
2026/07/29 11:08:04.978, 301.70, 100, 74232, 72
2026/07/29 11:08:06.017, 293.93, 100, 74232, 72
2026/07/29 11:08:07.055, 295.88, 100, 74232, 72
2026/07/29 11:08:08.093, 290.82, 100, 74232, 72
2026/07/29 11:08:09.130, 293.34, 100, 74232, 72
2026/07/29 11:08:10.171, 293.85, 100, 74232, 72
2026/07/29 11:08:11.209, 295.88, 100, 74232, 72
2026/07/29 11:08:12.246, 301.04, 100, 74232, 72
2026/07/29 11:08:13.283, 298.49, 100, 74232, 72
2026/07/29 11:08:14.320, 301.67, 100, 74232, 72
2026/07/29 11:08:15.359, 301.48, 100, 74232, 72
2026/07/29 11:08:16.395, 301.81, 100, 74232, 72
2026/07/29 11:08:17.431, 302.09, 100, 74232, 72
2026/07/29 11:08:18.467, 301.87, 100, 74232, 72
2026/07/29 11:08:19.503, 301.58, 100, 74232, 72
2026/07/29 11:08:20.539, 300.92, 100, 74232, 72
2026/07/29 11:08:21.576, 301.40, 100, 74232, 72
2026/07/29 11:08:22.614, 293.43, 100, 74232, 72
2026/07/29 11:08:23.650, 291.59, 100, 74232, 72
2026/07/29 11:08:24.689, 293.37, 100, 74232, 72
2026/07/29 11:08:25.726, 293.75, 100, 74232, 72
2026/07/29 11:08:26.764, 293.54, 100, 74232, 72
2026/07/29 11:08:27.802, 295.80, 100, 74232, 72
2026/07/29 11:08:28.839, 302.42, 100, 74232, 72
2026/07/29 11:08:29.876, 301.31, 100, 74232, 72
2026/07/29 11:08:30.913, 301.58, 100, 74232, 72
2026/07/29 11:08:31.951, 301.69, 100, 74232, 72
2026/07/29 11:08:32.988, 303.34, 100, 74232, 72
2026/07/29 11:08:34.026, 301.39, 100, 74232, 72
2026/07/29 11:08:35.062, 300.92, 100, 74232, 72
2026/07/29 11:08:36.099, 302.97, 100, 74232, 72
2026/07/29 11:08:37.136, 302.45, 100, 74232, 72
2026/07/29 11:08:38.173, 302.64, 100, 74232, 72
2026/07/29 11:08:39.210, 302.04, 100, 74232, 72
2026/07/29 11:08:40.247, 303.73, 100, 74232, 72
2026/07/29 11:08:41.285, 301.42, 100, 74232, 72
2026/07/29 11:08:42.323, 301.77, 100, 74232, 72
2026/07/29 11:08:43.359, 302.54, 100, 74232, 72
2026/07/29 11:08:44.396, 301.48, 100, 74232, 72
2026/07/29 11:08:45.435, 291.61, 100, 74232, 72
2026/07/29 11:08:46.472, 290.26, 100, 74232, 72
2026/07/29 11:08:47.510, 300.46, 100, 74232, 72
2026/07/29 11:08:48.546, 300.72, 100, 74232, 72
2026/07/29 11:08:49.583, 303.03, 100, 74232, 72
2026/07/29 11:08:50.620, 300.91, 100, 74232, 72
2026/07/29 11:08:51.657, 302.56, 100, 74232, 72
2026/07/29 11:08:52.694, 302.66, 100, 74232, 72
2026/07/29 11:08:53.730, 301.66, 100, 74232, 72
2026/07/29 11:08:54.766, 301.88, 100, 74232, 72
2026/07/29 11:08:55.801, 301.00, 100, 74232, 72
2026/07/29 11:08:56.838, 297.92, 100, 74232, 72
2026/07/29 11:08:57.876, 294.43, 100, 74232, 72
2026/07/29 11:08:58.914, 297.62, 100, 74232, 72
2026/07/29 11:08:59.950, 293.66, 100, 74232, 72
2026/07/29 11:09:00.987, 301.10, 100, 74232, 72
2026/07/29 11:09:02.023, 297.42, 100, 74232, 72
2026/07/29 11:09:03.060, 297.33, 100, 74232, 72
2026/07/29 11:09:04.097, 296.44, 100, 74232, 72
2026/07/29 11:09:05.134, 294.70, 100, 74232, 72
2026/07/29 11:09:06.171, 294.62, 100, 74232, 72
2026/07/29 11:09:07.208, 294.06, 100, 74232, 72
2026/07/29 11:09:08.246, 297.71, 100, 74232, 72
2026/07/29 11:09:09.282, 301.01, 100, 74232, 72
2026/07/29 11:09:10.321, 294.33, 100, 74232, 72
2026/07/29 11:09:11.357, 300.23, 100, 74232, 72
2026/07/29 11:09:12.393, 301.50, 100, 74232, 72
2026/07/29 11:09:13.429, 293.75, 100, 74232, 72
2026/07/29 11:09:14.473, 294.43, 100, 74232, 72
2026/07/29 11:09:15.509, 301.40, 100, 74232, 72
2026/07/29 11:09:16.545, 303.54, 100, 74232, 72
2026/07/29 11:09:17.581, 302.02, 100, 74232, 72
2026/07/29 11:09:18.618, 302.64, 100, 74232, 72
2026/07/29 11:09:19.654, 294.21, 100, 74232, 72
2026/07/29 11:09:20.693, 295.03, 100, 74232, 72
2026/07/29 11:09:21.729, 301.10, 100, 74232, 72
2026/07/29 11:09:22.766, 294.49, 100, 74232, 72
2026/07/29 11:09:23.803, 301.39, 100, 74232, 72
2026/07/29 11:09:24.840, 301.41, 100, 74232, 72
2026/07/29 11:09:25.878, 295.98, 100, 74232, 72
2026/07/29 11:09:26.917, 290.83, 100, 74232, 72
2026/07/29 11:09:27.955, 294.93, 100, 74232, 72
2026/07/29 11:09:28.992, 291.60, 100, 74232, 72
2026/07/29 11:09:30.029, 294.21, 100, 74232, 72
2026/07/29 11:09:31.064, 294.11, 100, 74232, 72
2026/07/29 11:09:32.102, 294.99, 100, 74232, 72
2026/07/29 11:09:33.138, 295.89, 100, 74232, 72
2026/07/29 11:09:34.177, 294.51, 100, 74232, 72
2026/07/29 11:09:35.214, 301.17, 100, 74232, 72
2026/07/29 11:09:36.253, 301.20, 100, 74232, 72
2026/07/29 11:09:37.289, 301.29, 100, 74232, 72
2026/07/29 11:09:38.326, 301.53, 100, 74232, 72
2026/07/29 11:09:39.363, 302.28, 100, 74232, 72
2026/07/29 11:09:40.399, 301.50, 100, 74232, 72
2026/07/29 11:09:41.437, 301.49, 100, 74232, 72
2026/07/29 11:09:42.473, 301.28, 100, 74232, 72
2026/07/29 11:09:43.511, 300.89, 100, 74232, 72
2026/07/29 11:09:44.548, 301.48, 100, 74232, 72
2026/07/29 11:09:45.585, 301.21, 100, 74232, 72
2026/07/29 11:09:46.621, 294.31, 100, 74232, 72
2026/07/29 11:09:47.658, 293.92, 100, 74232, 72
2026/07/29 11:09:48.694, 293.84, 100, 74232, 72
2026/07/29 11:09:49.730, 292.88, 100, 74232, 72
2026/07/29 11:09:50.767, 293.95, 100, 74232, 72
2026/07/29 11:09:51.802, 295.67, 100, 74232, 72
2026/07/29 11:09:52.841, 301.28, 100, 74232, 72
2026/07/29 11:09:53.877, 301.57, 100, 74232, 72
2026/07/29 11:09:54.915, 301.99, 100, 74232, 72
2026/07/29 11:09:55.952, 301.38, 100, 74232, 72
2026/07/29 11:09:56.988, 303.60, 100, 74232, 72
2026/07/29 11:09:58.025, 300.33, 100, 74232, 72
2026/07/29 11:09:59.062, 296.93, 100, 74232, 72
2026/07/29 11:10:00.101, 299.54, 100, 74232, 72
2026/07/29 11:10:01.139, 300.81, 100, 74232, 72
2026/07/29 11:10:02.176, 293.83, 100, 74232, 72
2026/07/29 11:10:03.212, 301.08, 100, 74232, 72
2026/07/29 11:10:04.250, 294.81, 100, 74232, 72
2026/07/29 11:10:05.288, 293.55, 100, 74232, 72
2026/07/29 11:10:06.324, 289.57, 100, 74232, 72
2026/07/29 11:10:07.362, 294.38, 100, 74232, 72
2026/07/29 11:10:08.398, 300.92, 100, 74232, 72
2026/07/29 11:10:09.435, 301.12, 100, 74232, 72
2026/07/29 11:10:10.472, 294.71, 100, 74232, 72
2026/07/29 11:10:11.511, 295.14, 100, 74232, 72
2026/07/29 11:10:12.548, 298.01, 100, 74232, 72
2026/07/29 11:10:13.586, 298.08, 100, 74232, 72
2026/07/29 11:10:14.624, 303.49, 100, 74232, 72
2026/07/29 11:10:15.660, 302.65, 100, 74232, 72
2026/07/29 11:10:16.697, 301.67, 100, 74232, 72
2026/07/29 11:10:17.733, 301.30, 100, 74232, 72
2026/07/29 11:10:18.770, 302.53, 100, 74232, 72
2026/07/29 11:10:19.807, 301.96, 100, 74232, 72
2026/07/29 11:10:20.845, 303.22, 100, 74232, 72
2026/07/29 11:10:21.881, 295.10, 100, 74232, 72
2026/07/29 11:10:22.920, 290.93, 100, 74232, 72
2026/07/29 11:10:23.957, 295.67, 100, 74232, 72
2026/07/29 11:10:24.994, 295.87, 100, 74232, 72
2026/07/29 11:10:26.032, 295.01, 100, 74232, 72
2026/07/29 11:10:27.071, 294.41, 100, 74232, 72
2026/07/29 11:10:28.110, 297.26, 100, 74232, 72
2026/07/29 11:10:29.146, 300.03, 100, 74232, 72
2026/07/29 11:10:30.183, 301.69, 100, 74232, 72
2026/07/29 11:10:31.219, 301.49, 100, 74232, 72
2026/07/29 11:10:32.254, 302.87, 100, 74232, 72
2026/07/29 11:10:33.290, 301.61, 100, 74232, 72
2026/07/29 11:10:34.327, 298.87, 100, 74232, 72
2026/07/29 11:10:35.364, 302.08, 100, 74232, 72
2026/07/29 11:10:36.401, 302.45, 100, 74232, 72
2026/07/29 11:10:37.437, 302.25, 100, 74232, 72
2026/07/29 11:10:38.473, 301.72, 100, 74232, 72
2026/07/29 11:10:39.509, 301.41, 100, 74232, 72
2026/07/29 11:10:40.546, 302.46, 100, 74232, 72
2026/07/29 11:10:41.582, 301.71, 100, 74232, 72
2026/07/29 11:10:42.623, 295.89, 100, 74232, 72
2026/07/29 11:10:43.660, 295.57, 100, 74232, 72
2026/07/29 11:10:44.696, 98.06, 0, 74232, 68
2026/07/29 11:10:45.728, 298.71, 100, 74232, 73
2026/07/29 11:10:46.763, 295.69, 100, 74232, 73
2026/07/29 11:10:47.798, 290.33, 100, 74232, 73
2026/07/29 11:10:48.834, 295.86, 100, 74232, 73
2026/07/29 11:10:49.868, 294.59, 100, 74232, 73
2026/07/29 11:10:50.901, 304.81, 100, 74232, 73
2026/07/29 11:10:51.937, 261.88, 100, 74232, 71
2026/07/29 11:10:52.979, 293.74, 100, 74232, 71
2026/07/29 11:10:54.015, 293.34, 100, 74232, 72
2026/07/29 11:10:55.050, 293.36, 100, 74232, 72
2026/07/29 11:10:56.087, 293.37, 100, 74232, 72
2026/07/29 11:10:57.123, 293.35, 100, 74232, 72
2026/07/29 11:10:58.160, 294.06, 100, 74232, 72
2026/07/29 11:10:59.198, 301.01, 100, 74232, 72
2026/07/29 11:11:00.234, 297.51, 100, 74232, 72
2026/07/29 11:11:01.271, 302.07, 100, 74232, 72
2026/07/29 11:11:02.308, 302.75, 100, 74232, 72
2026/07/29 11:11:03.346, 301.18, 100, 74232, 72
2026/07/29 11:11:04.384, 302.84, 100, 74232, 72
2026/07/29 11:11:05.421, 302.55, 100, 74232, 72
2026/07/29 11:11:06.458, 301.70, 100, 74232, 72
2026/07/29 11:11:07.496, 303.35, 100, 74232, 72
2026/07/29 11:11:08.532, 302.56, 100, 74232, 72
2026/07/29 11:11:09.571, 301.70, 100, 74232, 72
2026/07/29 11:11:10.607, 302.65, 100, 74232, 72
2026/07/29 11:11:11.644, 297.99, 100, 74232, 72
2026/07/29 11:11:12.683, 303.55, 100, 74232, 72
2026/07/29 11:11:13.720, 296.93, 100, 74232, 72
2026/07/29 11:11:14.757, 294.02, 100, 74232, 72
2026/07/29 11:11:15.795, 290.73, 100, 74232, 72
2026/07/29 11:11:16.834, 293.28, 100, 74232, 72
2026/07/29 11:11:17.871, 297.80, 100, 74232, 72
2026/07/29 11:11:18.907, 298.50, 100, 74232, 72
2026/07/29 11:11:19.944, 302.34, 100, 74232, 72
2026/07/29 11:11:20.985, 301.42, 100, 74232, 72
2026/07/29 11:11:22.021, 301.69, 100, 74232, 72
2026/07/29 11:11:23.058, 298.20, 100, 74232, 72
2026/07/29 11:11:24.095, 294.62, 100, 74232, 72
2026/07/29 11:11:25.131, 294.13, 100, 74232, 72
2026/07/29 11:11:26.175, 300.45, 100, 74232, 72
2026/07/29 11:11:27.212, 294.34, 100, 74232, 72
2026/07/29 11:11:28.248, 295.23, 100, 74232, 72
2026/07/29 11:11:29.286, 290.93, 100, 74232, 72
2026/07/29 11:11:30.325, 301.21, 100, 74232, 72
2026/07/29 11:11:31.362, 298.00, 100, 74232, 72
2026/07/29 11:11:32.398, 296.55, 100, 74232, 72
2026/07/29 11:11:33.435, 297.80, 100, 74232, 72
2026/07/29 11:11:34.471, 301.67, 100, 74232, 72
2026/07/29 11:11:35.507, 301.59, 100, 74232, 72
2026/07/29 11:11:36.544, 302.74, 100, 74232, 72
2026/07/29 11:11:37.580, 302.83, 100, 74232, 72
2026/07/29 11:11:38.615, 304.88, 100, 74232, 72
2026/07/29 11:11:39.652, 301.97, 100, 74232, 72
2026/07/29 11:11:40.688, 302.74, 100, 74232, 73
2026/07/29 11:11:41.727, 302.15, 100, 74232, 72
2026/07/29 11:11:42.763, 302.46, 100, 74232, 73
2026/07/29 11:11:43.800, 301.59, 100, 74232, 73
2026/07/29 11:11:44.837, 304.18, 100, 74232, 73
2026/07/29 11:11:45.874, 294.53, 100, 74232, 72
2026/07/29 11:11:46.910, 301.68, 100, 74232, 72
2026/07/29 11:11:47.946, 290.93, 100, 74232, 72
2026/07/29 11:11:48.983, 294.99, 100, 74232, 72
2026/07/29 11:11:50.019, 296.65, 100, 74232, 72
2026/07/29 11:11:51.056, 295.20, 100, 74232, 72
2026/07/29 11:11:52.092, 291.60, 100, 74232, 72
2026/07/29 11:11:53.128, 294.71, 100, 74232, 72
2026/07/29 11:11:54.166, 294.11, 100, 74232, 72
2026/07/29 11:11:55.203, 293.83, 100, 74232, 72
2026/07/29 11:11:56.240, 294.44, 100, 74232, 72
2026/07/29 11:11:57.276, 295.22, 100, 74232, 72
2026/07/29 11:11:58.311, 296.76, 100, 74232, 72
2026/07/29 11:11:59.348, 294.33, 100, 74232, 72
2026/07/29 11:12:00.385, 295.02, 100, 74232, 72
2026/07/29 11:12:01.421, 301.78, 100, 74232, 73
2026/07/29 11:12:02.459, 302.67, 100, 74232, 73
2026/07/29 11:12:03.497, 298.19, 100, 74232, 73
2026/07/29 11:12:04.533, 303.90, 100, 74232, 73
2026/07/29 11:12:05.574, 301.75, 100, 74232, 73
2026/07/29 11:12:06.611, 303.24, 100, 74232, 72
2026/07/29 11:12:07.647, 302.07, 100, 74232, 72
2026/07/29 11:12:08.685, 302.58, 100, 74232, 72
2026/07/29 11:12:09.723, 301.88, 100, 74232, 72
2026/07/29 11:12:10.760, 301.86, 100, 74232, 72
2026/07/29 11:12:11.797, 302.56, 100, 74232, 72
2026/07/29 11:12:12.836, 301.86, 100, 74232, 72
2026/07/29 11:12:13.873, 301.78, 100, 74232, 72
2026/07/29 11:12:14.911, 292.22, 100, 74232, 72
2026/07/29 11:12:15.948, 293.86, 100, 74232, 72
2026/07/29 11:12:16.986, 294.62, 100, 74232, 72
2026/07/29 11:12:18.025, 294.99, 100, 74232, 72
2026/07/29 11:12:19.062, 295.32, 100, 74232, 72
2026/07/29 11:12:20.098, 291.24, 100, 74232, 72
2026/07/29 11:12:21.136, 295.21, 100, 74232, 72
2026/07/29 11:12:22.173, 293.94, 100, 74232, 72
2026/07/29 11:12:23.214, 294.54, 100, 74232, 72
2026/07/29 11:12:24.252, 294.54, 100, 74232, 72
2026/07/29 11:12:25.288, 296.07, 100, 74232, 72
2026/07/29 11:12:26.327, 293.06, 100, 74232, 72
2026/07/29 11:12:27.363, 304.87, 100, 74232, 72
2026/07/29 11:12:28.404, 293.94, 100, 74232, 72
2026/07/29 11:12:29.440, 302.65, 100, 74232, 72
2026/07/29 11:12:30.478, 302.55, 100, 74232, 72
2026/07/29 11:12:31.515, 300.20, 100, 74232, 72
2026/07/29 11:12:32.551, 301.48, 100, 74232, 72
2026/07/29 11:12:33.587, 301.29, 100, 74232, 72
2026/07/29 11:12:34.624, 301.97, 100, 74232, 72
2026/07/29 11:12:35.660, 302.94, 100, 74232, 72
2026/07/29 11:12:36.698, 304.42, 100, 74232, 72
2026/07/29 11:12:37.734, 301.60, 100, 74232, 72
2026/07/29 11:12:38.770, 301.67, 100, 74232, 72
2026/07/29 11:12:39.806, 300.80, 100, 74232, 72
2026/07/29 11:12:40.842, 300.89, 100, 74232, 72
2026/07/29 11:12:41.878, 300.60, 100, 74232, 72
2026/07/29 11:12:42.915, 299.45, 100, 74232, 72
2026/07/29 11:12:43.951, 289.96, 100, 74232, 72
2026/07/29 11:12:44.988, 293.95, 100, 74232, 72
2026/07/29 11:12:46.024, 293.66, 100, 74232, 72
2026/07/29 11:12:47.061, 296.92, 100, 74232, 72
2026/07/29 11:12:48.098, 294.23, 100, 74232, 72
2026/07/29 11:12:49.133, 294.70, 100, 74232, 72
2026/07/29 11:12:50.171, 297.51, 100, 74232, 72
2026/07/29 11:12:51.208, 300.91, 100, 74232, 72
2026/07/29 11:12:52.245, 301.11, 100, 74232, 72
2026/07/29 11:12:53.281, 301.02, 100, 74232, 72
2026/07/29 11:12:54.317, 301.22, 100, 74232, 72
2026/07/29 11:12:55.353, 301.69, 100, 74232, 72
2026/07/29 11:12:56.389, 301.71, 100, 74232, 72
2026/07/29 11:12:57.425, 302.26, 100, 74232, 72
2026/07/29 11:12:58.461, 302.17, 100, 74232, 72
2026/07/29 11:12:59.497, 301.48, 100, 74232, 72
2026/07/29 11:13:00.533, 302.93, 100, 74232, 72
2026/07/29 11:13:01.572, 301.49, 100, 74232, 72
2026/07/29 11:13:02.609, 302.76, 100, 74232, 72
2026/07/29 11:13:03.646, 302.26, 100, 74232, 72
2026/07/29 11:13:04.685, 304.19, 100, 74232, 72
2026/07/29 11:13:05.720, 302.66, 100, 74232, 72
2026/07/29 11:13:06.757, 304.27, 100, 74232, 72
2026/07/29 11:13:07.794, 291.23, 100, 74232, 72
2026/07/29 11:13:08.830, 290.36, 100, 74232, 72
2026/07/29 11:13:09.866, 295.59, 100, 74232, 72
2026/07/29 11:13:10.902, 294.50, 100, 74232, 72
2026/07/29 11:13:11.939, 295.85, 100, 74232, 72
2026/07/29 11:13:12.975, 293.94, 100, 74232, 72
2026/07/29 11:13:14.012, 294.13, 100, 74232, 72
2026/07/29 11:13:15.048, 297.33, 100, 74232, 72
2026/07/29 11:13:16.086, 304.41, 100, 74232, 72
2026/07/29 11:13:17.123, 298.68, 100, 74232, 72
2026/07/29 11:13:18.161, 302.17, 100, 74232, 72
2026/07/29 11:13:19.197, 297.52, 100, 74232, 72
2026/07/29 11:13:20.234, 300.23, 100, 74232, 72
2026/07/29 11:13:21.271, 304.39, 100, 74232, 72
2026/07/29 11:13:22.307, 302.82, 100, 74232, 72
2026/07/29 11:13:23.345, 298.47, 100, 74232, 72
2026/07/29 11:13:24.382, 303.32, 100, 74232, 72
2026/07/29 11:13:25.419, 302.39, 100, 74232, 72
2026/07/29 11:13:26.456, 302.37, 100, 74232, 72
2026/07/29 11:13:27.494, 302.45, 100, 74232, 72
2026/07/29 11:13:28.531, 304.37, 100, 74232, 72
2026/07/29 11:13:29.569, 302.39, 100, 74232, 72
2026/07/29 11:13:30.606, 303.72, 100, 74232, 72
2026/07/29 11:13:31.643, 295.23, 100, 74232, 72
2026/07/29 11:13:32.680, 293.43, 100, 74232, 72
2026/07/29 11:13:33.719, 291.50, 100, 74232, 72
2026/07/29 11:13:34.755, 302.15, 100, 74232, 72
2026/07/29 11:13:35.791, 301.92, 100, 74232, 72
2026/07/29 11:13:36.828, 294.72, 100, 74232, 72
2026/07/29 11:13:37.864, 296.95, 100, 74232, 72
2026/07/29 11:13:38.901, 294.80, 100, 74232, 72
2026/07/29 11:13:39.938, 299.26, 100, 74232, 72
2026/07/29 11:13:40.975, 302.05, 100, 74232, 72
2026/07/29 11:13:42.011, 295.38, 100, 74232, 72
2026/07/29 11:13:43.048, 295.58, 100, 74232, 72
2026/07/29 11:13:44.088, 294.92, 100, 74232, 72
2026/07/29 11:13:45.127, 297.61, 100, 74232, 72
2026/07/29 11:13:46.164, 295.86, 100, 74232, 72
2026/07/29 11:13:47.210, 294.81, 100, 74232, 73
2026/07/29 11:13:48.247, 302.84, 100, 74232, 73
2026/07/29 11:13:49.283, 302.26, 100, 74232, 73
2026/07/29 11:13:50.320, 300.03, 100, 74232, 73
2026/07/29 11:13:51.360, 302.87, 100, 74232, 73
2026/07/29 11:13:52.397, 301.68, 100, 74232, 73
2026/07/29 11:13:53.434, 303.15, 100, 74232, 73
2026/07/29 11:13:54.470, 302.16, 100, 74232, 73
2026/07/29 11:13:55.513, 297.56, 100, 74232, 73
2026/07/29 11:13:56.550, 302.36, 100, 74232, 73
2026/07/29 11:13:57.586, 303.23, 100, 74232, 73
2026/07/29 11:13:58.622, 291.90, 100, 74232, 72
2026/07/29 11:13:59.659, 291.51, 100, 74232, 72
2026/07/29 11:14:00.698, 294.91, 100, 74232, 72
2026/07/29 11:14:01.736, 302.92, 100, 74232, 73
2026/07/29 11:14:02.775, 303.33, 100, 74232, 73
2026/07/29 11:14:03.811, 302.35, 100, 74232, 73
2026/07/29 11:14:04.847, 302.46, 100, 74232, 73
2026/07/29 11:14:05.884, 303.31, 100, 74232, 73
2026/07/29 11:14:06.921, 303.70, 100, 74232, 72
2026/07/29 11:14:07.956, 302.75, 100, 74232, 72
2026/07/29 11:14:08.995, 294.22, 100, 74232, 72
2026/07/29 11:14:10.033, 302.26, 100, 74232, 72
2026/07/29 11:14:11.070, 303.51, 100, 74232, 72
2026/07/29 11:14:12.107, 298.60, 100, 74232, 72
2026/07/29 11:14:13.144, 302.07, 100, 74232, 72
2026/07/29 11:14:14.181, 296.93, 100, 74232, 72
2026/07/29 11:14:15.220, 294.90, 100, 74232, 72
2026/07/29 11:14:16.257, 294.91, 100, 74232, 72
2026/07/29 11:14:17.295, 294.71, 100, 74232, 72
2026/07/29 11:14:18.332, 302.75, 100, 74232, 72
2026/07/29 11:14:19.369, 296.18, 100, 74232, 72
2026/07/29 11:14:20.406, 301.90, 100, 74232, 72
2026/07/29 11:14:21.444, 302.94, 100, 74232, 72
2026/07/29 11:14:22.482, 296.85, 100, 74232, 72
2026/07/29 11:14:23.519, 295.39, 100, 74232, 72
2026/07/29 11:14:24.557, 297.49, 100, 74232, 72
2026/07/29 11:14:25.595, 294.62, 100, 74232, 72
2026/07/29 11:14:26.632, 296.77, 100, 74232, 72
2026/07/29 11:14:27.669, 294.42, 100, 74232, 72
2026/07/29 11:14:28.705, 294.30, 100, 74232, 72
2026/07/29 11:14:29.744, 295.79, 100, 74232, 72
2026/07/29 11:14:30.780, 294.70, 100, 74232, 72
2026/07/29 11:14:31.817, 299.16, 100, 74232, 72
2026/07/29 11:14:32.853, 299.95, 100, 74232, 72
2026/07/29 11:14:33.891, 300.41, 100, 74232, 72
2026/07/29 11:14:34.927, 302.63, 100, 74232, 72
2026/07/29 11:14:35.968, 302.44, 100, 74232, 72
2026/07/29 11:14:37.006, 295.40, 100, 74232, 72
2026/07/29 11:14:38.043, 293.93, 100, 74232, 72
2026/07/29 11:14:39.080, 294.24, 100, 74232, 72
2026/07/29 11:14:40.118, 293.64, 100, 74232, 72
2026/07/29 11:14:41.158, 302.27, 100, 74232, 72
2026/07/29 11:14:42.197, 300.51, 100, 74232, 72
2026/07/29 11:14:43.234, 301.77, 100, 74232, 72
2026/07/29 11:14:44.271, 303.57, 100, 74232, 72
2026/07/29 11:14:45.308, 301.76, 100, 74232, 72
2026/07/29 11:14:46.344, 302.27, 100, 74232, 72
2026/07/29 11:14:47.381, 301.29, 100, 74232, 72
2026/07/29 11:14:48.418, 302.95, 100, 74232, 72
2026/07/29 11:14:49.455, 302.66, 100, 74232, 72
2026/07/29 11:14:50.493, 301.59, 100, 74232, 72
2026/07/29 11:14:51.530, 294.61, 100, 74232, 72
2026/07/29 11:14:52.568, 294.22, 100, 74232, 72
2026/07/29 11:14:53.605, 297.03, 100, 74232, 72
2026/07/29 11:14:54.642, 297.50, 100, 74232, 72
2026/07/29 11:14:55.679, 302.06, 100, 74232, 72
2026/07/29 11:14:56.715, 303.51, 100, 74232, 72
2026/07/29 11:14:57.754, 303.13, 100, 74232, 72
2026/07/29 11:14:58.791, 304.95, 100, 74232, 72
2026/07/29 11:14:59.829, 303.48, 100, 74232, 72
2026/07/29 11:15:00.865, 305.16, 100, 74232, 72
2026/07/29 11:15:01.905, 296.93, 100, 74232, 72
2026/07/29 11:15:02.941, 301.76, 100, 74232, 72
2026/07/29 11:15:03.978, 303.70, 100, 74232, 72
2026/07/29 11:15:05.014, 302.26, 100, 74232, 72
2026/07/29 11:15:06.051, 294.53, 100, 74232, 72
2026/07/29 11:15:07.088, 297.10, 100, 74232, 72
2026/07/29 11:15:08.124, 295.68, 100, 74232, 72
2026/07/29 11:15:09.162, 295.19, 100, 74232, 72
2026/07/29 11:15:10.198, 295.97, 100, 74232, 72
2026/07/29 11:15:11.238, 302.78, 100, 74232, 72
2026/07/29 11:15:12.274, 294.51, 100, 74232, 72
2026/07/29 11:15:13.312, 291.14, 100, 74232, 72
2026/07/29 11:15:14.350, 291.28, 100, 74232, 72
2026/07/29 11:15:15.387, 294.04, 100, 74232, 72
2026/07/29 11:15:16.423, 295.18, 100, 74232, 72
2026/07/29 11:15:17.460, 294.52, 100, 74232, 72
2026/07/29 11:15:18.497, 294.42, 100, 74232, 72
2026/07/29 11:15:19.533, 295.59, 100, 74232, 72
2026/07/29 11:15:20.574, 294.40, 100, 74232, 72
2026/07/29 11:15:21.611, 302.45, 100, 74232, 72
2026/07/29 11:15:22.649, 304.18, 100, 74232, 72
2026/07/29 11:15:23.686, 297.72, 100, 74232, 72
2026/07/29 11:15:24.723, 303.89, 100, 74232, 72
2026/07/29 11:15:25.760, 303.52, 100, 74232, 72
2026/07/29 11:15:26.797, 301.91, 100, 74232, 72
2026/07/29 11:15:27.835, 302.28, 100, 74232, 72
2026/07/29 11:15:28.871, 303.51, 100, 74232, 72
2026/07/29 11:15:29.908, 301.67, 100, 74232, 72
2026/07/29 11:15:30.945, 302.30, 100, 74232, 72
2026/07/29 11:15:31.981, 302.95, 100, 74232, 72
2026/07/29 11:15:33.017, 301.68, 100, 74232, 72
2026/07/29 11:15:34.055, 303.22, 100, 74232, 72
2026/07/29 11:15:35.092, 301.00, 100, 74232, 72
2026/07/29 11:15:36.128, 301.76, 100, 74232, 72
2026/07/29 11:15:37.165, 301.89, 100, 74232, 72
2026/07/29 11:15:38.202, 302.17, 100, 74232, 72
2026/07/29 11:15:39.239, 301.96, 100, 74232, 72
2026/07/29 11:15:40.279, 291.51, 100, 74232, 72
2026/07/29 11:15:41.318, 294.22, 100, 74232, 72
2026/07/29 11:15:42.355, 301.38, 100, 74232, 72
2026/07/29 11:15:43.398, 295.19, 100, 74232, 72
2026/07/29 11:15:44.436, 291.02, 100, 74232, 72
2026/07/29 11:15:45.472, 97.08, 0, 74232, 69
2026/07/29 11:15:46.504, 96.95, 0, 74232, 68
2026/07/29 11:15:47.537, 95.15, 0, 74232, 67
2026/07/29 11:15:48.569, 94.63, 0, 74232, 67
2026/07/29 11:15:49.601, 93.75, 0, 74232, 66
2026/07/29 11:15:50.632, 93.38, 0, 74232, 66
2026/07/29 11:15:51.662, 93.41, 0, 74232, 65
2026/07/29 11:15:52.694, 92.98, 0, 74232, 65
2026/07/29 11:15:53.727, 298.58, 100, 74232, 70
2026/07/29 11:15:54.761, 300.29, 100, 74232, 70
2026/07/29 11:15:55.795, 291.48, 100, 74232, 71
2026/07/29 11:15:56.830, 294.68, 100, 74232, 71
2026/07/29 11:15:57.868, 300.82, 100, 74232, 71
2026/07/29 11:15:58.904, 297.88, 100, 74232, 71
2026/07/29 11:15:59.946, 304.65, 100, 74232, 70
2026/07/29 11:16:00.985, 286.24, 100, 74232, 69
2026/07/29 11:16:02.023, 287.22, 100, 74232, 70
2026/07/29 11:16:03.061, 288.39, 100, 74232, 70
2026/07/29 11:16:04.100, 291.01, 100, 74232, 70
2026/07/29 11:16:05.139, 290.45, 100, 74232, 70
2026/07/29 11:16:06.175, 291.03, 100, 74232, 70
2026/07/29 11:16:07.212, 291.04, 100, 74232, 71
2026/07/29 11:16:08.250, 292.97, 100, 74232, 71
2026/07/29 11:16:09.287, 293.27, 100, 74232, 71
2026/07/29 11:16:10.326, 288.50, 100, 74232, 71
2026/07/29 11:16:11.363, 298.80, 100, 74232, 71
2026/07/29 11:16:12.400, 296.73, 100, 74232, 71
2026/07/29 11:16:13.442, 293.75, 100, 74232, 71
2026/07/29 11:16:14.479, 300.90, 100, 74232, 71
2026/07/29 11:16:15.514, 300.23, 100, 74232, 71
2026/07/29 11:16:16.549, 301.36, 100, 74232, 72
2026/07/29 11:16:17.586, 300.31, 100, 74232, 72
2026/07/29 11:16:18.623, 301.69, 100, 74232, 72
2026/07/29 11:16:19.659, 300.33, 100, 74232, 72
2026/07/29 11:16:20.695, 300.83, 100, 74232, 72
2026/07/29 11:16:21.733, 301.19, 100, 74232, 72
2026/07/29 11:16:22.772, 300.72, 100, 74232, 72
2026/07/29 11:16:23.810, 302.27, 100, 74232, 72
2026/07/29 11:16:24.850, 300.91, 100, 74232, 72
2026/07/29 11:16:25.886, 302.46, 100, 74232, 72
2026/07/29 11:16:26.922, 301.20, 100, 74232, 72
2026/07/29 11:16:27.960, 305.74, 100, 74232, 72
2026/07/29 11:16:28.996, 301.20, 100, 74232, 72
2026/07/29 11:16:30.033, 301.13, 100, 74232, 72
2026/07/29 11:16:31.070, 296.07, 100, 74232, 72
2026/07/29 11:16:32.109, 290.46, 100, 74232, 72
2026/07/29 11:16:33.146, 293.74, 100, 74232, 72
2026/07/29 11:16:34.183, 295.08, 100, 74232, 72
2026/07/29 11:16:35.220, 293.65, 100, 74232, 72
2026/07/29 11:16:36.258, 301.48, 100, 74232, 72
2026/07/29 11:16:37.296, 301.62, 100, 74232, 72
2026/07/29 11:16:38.332, 300.42, 100, 74232, 72
2026/07/29 11:16:39.370, 297.92, 100, 74232, 72
2026/07/29 11:16:40.406, 301.20, 100, 74232, 72
2026/07/29 11:16:41.444, 303.23, 100, 74232, 72
2026/07/29 11:16:42.481, 301.09, 100, 74232, 72
2026/07/29 11:16:43.518, 301.31, 100, 74232, 72
2026/07/29 11:16:44.555, 301.49, 100, 74232, 72
2026/07/29 11:16:45.592, 301.99, 100, 74232, 72
2026/07/29 11:16:46.628, 301.60, 100, 74232, 72
2026/07/29 11:16:47.664, 304.09, 100, 74232, 72
2026/07/29 11:16:48.700, 301.20, 100, 74232, 72
2026/07/29 11:16:49.736, 302.25, 100, 74232, 72
2026/07/29 11:16:50.773, 294.91, 100, 74232, 72
2026/07/29 11:16:51.810, 301.49, 100, 74232, 72
2026/07/29 11:16:52.847, 302.07, 100, 74232, 72
2026/07/29 11:16:53.883, 296.83, 100, 74232, 72
2026/07/29 11:16:54.923, 297.60, 100, 74232, 72
2026/07/29 11:16:55.959, 295.01, 100, 74232, 72
2026/07/29 11:16:56.997, 297.83, 100, 74232, 72
2026/07/29 11:16:58.035, 294.34, 100, 74232, 72
2026/07/29 11:16:59.072, 291.34, 100, 74232, 72
2026/07/29 11:17:00.108, 290.95, 100, 74232, 72
2026/07/29 11:17:01.144, 294.53, 100, 74232, 72
2026/07/29 11:17:02.181, 293.73, 100, 74232, 72
2026/07/29 11:17:03.219, 295.48, 100, 74232, 72
2026/07/29 11:17:04.256, 297.43, 100, 74232, 72
2026/07/29 11:17:05.292, 302.45, 100, 74232, 72
2026/07/29 11:17:06.331, 302.35, 100, 74232, 72
2026/07/29 11:17:07.368, 302.74, 100, 74232, 72
2026/07/29 11:17:08.409, 297.23, 100, 74232, 72
2026/07/29 11:17:09.446, 306.33, 100, 74232, 73
2026/07/29 11:17:10.484, 302.19, 100, 74232, 73
2026/07/29 11:17:11.521, 303.38, 100, 74232, 73
2026/07/29 11:17:12.561, 302.84, 100, 74232, 73
2026/07/29 11:17:13.598, 302.84, 100, 74232, 73
2026/07/29 11:17:14.635, 302.65, 100, 74232, 73
2026/07/29 11:17:15.672, 302.87, 100, 74232, 73
2026/07/29 11:17:16.708, 302.85, 100, 74232, 73
2026/07/29 11:17:17.745, 302.22, 100, 74232, 73
2026/07/29 11:17:18.783, 304.10, 100, 74232, 73
2026/07/29 11:17:19.822, 302.45, 100, 74232, 73
2026/07/29 11:17:20.859, 291.62, 100, 74232, 73
2026/07/29 11:17:21.896, 295.01, 100, 74232, 73
2026/07/29 11:17:22.934, 296.84, 100, 74232, 73
2026/07/29 11:17:23.971, 294.72, 100, 74232, 73
2026/07/29 11:17:25.008, 295.00, 100, 74232, 73
2026/07/29 11:17:26.046, 291.03, 100, 74232, 73
2026/07/29 11:17:27.087, 294.69, 100, 74232, 73
2026/07/29 11:17:28.125, 295.77, 100, 74232, 73
2026/07/29 11:17:29.163, 297.41, 100, 74232, 73
2026/07/29 11:17:30.200, 295.33, 100, 74232, 73
2026/07/29 11:17:31.238, 291.39, 100, 74232, 73
2026/07/29 11:17:32.279, 291.71, 100, 74232, 73
2026/07/29 11:17:33.317, 294.43, 100, 74232, 73
2026/07/29 11:17:34.359, 294.42, 100, 74232, 73
2026/07/29 11:17:35.405, 297.41, 100, 74232, 73
2026/07/29 11:17:36.443, 294.70, 100, 74232, 73
2026/07/29 11:17:37.481, 302.63, 100, 74232, 73
2026/07/29 11:17:38.518, 303.60, 100, 74232, 73
2026/07/29 11:17:39.557, 294.92, 100, 74232, 73
2026/07/29 11:17:40.594, 294.82, 100, 74232, 73
2026/07/29 11:17:41.630, 293.44, 100, 74232, 73
2026/07/29 11:17:42.667, 295.17, 100, 74232, 73
2026/07/29 11:17:43.704, 301.77, 100, 74232, 73
2026/07/29 11:17:44.740, 295.50, 100, 74232, 73
2026/07/29 11:17:45.777, 294.92, 100, 74232, 73
2026/07/29 11:17:46.813, 302.59, 100, 74232, 73
2026/07/29 11:17:47.850, 302.88, 100, 74232, 73
2026/07/29 11:17:48.887, 302.31, 100, 74232, 73
2026/07/29 11:17:49.927, 303.04, 100, 74232, 73
2026/07/29 11:17:50.964, 303.33, 100, 74232, 73
2026/07/29 11:17:52.000, 299.97, 100, 74232, 73
2026/07/29 11:17:53.037, 303.15, 100, 74232, 73
2026/07/29 11:17:54.075, 303.03, 100, 74232, 73
2026/07/29 11:17:55.113, 302.55, 100, 74232, 73
2026/07/29 11:17:56.151, 303.89, 100, 74232, 73
2026/07/29 11:17:57.193, 302.41, 100, 74232, 73
2026/07/29 11:17:58.231, 302.86, 100, 74232, 73
2026/07/29 11:17:59.269, 306.25, 100, 74232, 73
2026/07/29 11:18:00.310, 299.08, 100, 74232, 73
2026/07/29 11:18:01.347, 303.12, 100, 74232, 73
2026/07/29 11:18:02.384, 302.76, 100, 74232, 73
2026/07/29 11:18:03.422, 297.41, 100, 74232, 73
2026/07/29 11:18:04.460, 294.23, 100, 74232, 73
2026/07/29 11:18:05.499, 294.91, 100, 74232, 73
2026/07/29 11:18:06.537, 295.01, 100, 74232, 73
2026/07/29 11:18:07.575, 297.54, 100, 74232, 73
2026/07/29 11:18:08.615, 295.13, 100, 74232, 73
2026/07/29 11:18:09.653, 294.71, 100, 74232, 73
2026/07/29 11:18:10.690, 294.41, 100, 74232, 73
2026/07/29 11:18:11.729, 294.91, 100, 74232, 73
2026/07/29 11:18:12.766, 302.66, 100, 74232, 73
2026/07/29 11:18:13.804, 303.13, 100, 74232, 73
2026/07/29 11:18:14.841, 298.42, 100, 74232, 73
2026/07/29 11:18:15.881, 303.12, 100, 74232, 73
2026/07/29 11:18:16.920, 304.39, 100, 74232, 73
2026/07/29 11:18:17.958, 299.57, 100, 74232, 73
2026/07/29 11:18:18.998, 302.25, 100, 74232, 73
2026/07/29 11:18:20.035, 303.52, 100, 74232, 73
2026/07/29 11:18:21.072, 303.42, 100, 74232, 73
2026/07/29 11:18:22.109, 303.74, 100, 74232, 73
2026/07/29 11:18:23.146, 301.40, 100, 74232, 73
2026/07/29 11:18:24.186, 303.75, 100, 74232, 73
2026/07/29 11:18:25.223, 295.48, 100, 74232, 73
2026/07/29 11:18:26.261, 295.61, 100, 74232, 73
2026/07/29 11:18:27.300, 295.11, 100, 74232, 73
2026/07/29 11:18:28.338, 295.49, 100, 74232, 73
2026/07/29 11:18:29.376, 294.72, 100, 74232, 73
2026/07/29 11:18:30.414, 295.57, 100, 74232, 73
2026/07/29 11:18:31.450, 295.68, 100, 74232, 73
2026/07/29 11:18:32.487, 295.29, 100, 74232, 73
2026/07/29 11:18:33.523, 291.53, 100, 74232, 73
2026/07/29 11:18:34.561, 298.20, 100, 74232, 73
2026/07/29 11:18:35.597, 295.78, 100, 74232, 73
2026/07/29 11:18:36.634, 295.10, 100, 74232, 73
2026/07/29 11:18:37.671, 296.36, 100, 74232, 73
2026/07/29 11:18:38.709, 294.34, 100, 74232, 73
2026/07/29 11:18:39.746, 301.97, 100, 74232, 73
2026/07/29 11:18:40.783, 295.19, 100, 74232, 73
2026/07/29 11:18:41.823, 295.29, 100, 74232, 73
2026/07/29 11:18:42.862, 302.64, 100, 74232, 73
2026/07/29 11:18:43.900, 303.51, 100, 74232, 73
2026/07/29 11:18:44.940, 302.30, 100, 74232, 73
2026/07/29 11:18:45.978, 303.90, 100, 74232, 73
2026/07/29 11:18:47.016, 303.23, 100, 74232, 73
2026/07/29 11:18:48.056, 303.32, 100, 74232, 73
2026/07/29 11:18:49.094, 302.76, 100, 74232, 73
2026/07/29 11:18:50.131, 302.92, 100, 74232, 73
2026/07/29 11:18:51.170, 302.74, 100, 74232, 73
2026/07/29 11:18:52.206, 302.77, 100, 74232, 73
2026/07/29 11:18:53.247, 302.76, 100, 74232, 73
2026/07/29 11:18:54.285, 294.80, 100, 74232, 73
2026/07/29 11:18:55.323, 295.38, 100, 74232, 73
2026/07/29 11:18:56.360, 298.96, 100, 74232, 73
2026/07/29 11:18:57.399, 294.44, 100, 74232, 73
2026/07/29 11:18:58.436, 296.07, 100, 74232, 73
2026/07/29 11:18:59.474, 298.22, 100, 74232, 73
2026/07/29 11:19:00.510, 296.84, 100, 74232, 73
2026/07/29 11:19:01.547, 302.24, 100, 74232, 73
2026/07/29 11:19:02.586, 296.82, 100, 74232, 72
2026/07/29 11:19:03.623, 295.78, 100, 74232, 73
2026/07/29 11:19:04.660, 294.53, 100, 74232, 72
2026/07/29 11:19:05.697, 294.63, 100, 74232, 72
2026/07/29 11:19:06.738, 292.90, 100, 74232, 72
2026/07/29 11:19:07.776, 297.24, 100, 74232, 72
2026/07/29 11:19:08.814, 301.28, 100, 74232, 73
2026/07/29 11:19:09.852, 302.64, 100, 74232, 73
2026/07/29 11:19:10.889, 304.00, 100, 74232, 73
2026/07/29 11:19:11.928, 302.88, 100, 74232, 73
2026/07/29 11:19:12.966, 305.26, 100, 74232, 73
2026/07/29 11:19:14.003, 302.83, 100, 74232, 73
2026/07/29 11:19:15.041, 302.94, 100, 74232, 73
2026/07/29 11:19:16.079, 304.29, 100, 74232, 73
2026/07/29 11:19:17.118, 302.84, 100, 74232, 73
2026/07/29 11:19:18.158, 302.57, 100, 74232, 73
2026/07/29 11:19:19.195, 303.04, 100, 74232, 73
2026/07/29 11:19:20.233, 304.01, 100, 74232, 73
2026/07/29 11:19:21.271, 302.18, 100, 74232, 72
2026/07/29 11:19:22.309, 295.10, 100, 74232, 72
2026/07/29 11:19:23.347, 294.44, 100, 74232, 72
2026/07/29 11:19:24.387, 294.90, 100, 74232, 72
2026/07/29 11:19:25.426, 295.02, 100, 74232, 72
2026/07/29 11:19:26.464, 295.49, 100, 74232, 72
2026/07/29 11:19:27.501, 291.33, 100, 74232, 72
2026/07/29 11:19:28.540, 294.91, 100, 74232, 72
2026/07/29 11:19:29.577, 301.59, 100, 74232, 72
2026/07/29 11:19:30.613, 294.52, 100, 74232, 72
2026/07/29 11:19:31.651, 294.13, 100, 74232, 72
2026/07/29 11:19:32.687, 300.17, 100, 74232, 72
2026/07/29 11:19:33.725, 302.64, 100, 74232, 72
2026/07/29 11:19:34.762, 302.05, 100, 74232, 72
2026/07/29 11:19:35.800, 302.46, 100, 74232, 72
2026/07/29 11:19:36.836, 302.79, 100, 74232, 72
2026/07/29 11:19:37.873, 302.06, 100, 74232, 72
2026/07/29 11:19:38.909, 298.19, 100, 74232, 72
2026/07/29 11:19:39.946, 305.55, 100, 74232, 72
2026/07/29 11:19:40.984, 302.76, 100, 74232, 72
2026/07/29 11:19:42.023, 303.24, 100, 74232, 72
2026/07/29 11:19:43.059, 302.15, 100, 74232, 72
2026/07/29 11:19:44.098, 302.65, 100, 74232, 72
2026/07/29 11:19:45.136, 303.64, 100, 74232, 72
2026/07/29 11:19:46.172, 302.34, 100, 74232, 72
2026/07/29 11:19:47.210, 303.24, 100, 74232, 72
2026/07/29 11:19:48.248, 302.72, 100, 74232, 72
2026/07/29 11:19:49.285, 302.65, 100, 74232, 72
2026/07/29 11:19:50.322, 302.44, 100, 74232, 72
2026/07/29 11:19:51.359, 296.56, 100, 74232, 72
2026/07/29 11:19:52.397, 291.21, 100, 74232, 72
2026/07/29 11:19:53.434, 295.19, 100, 74232, 72
2026/07/29 11:19:54.471, 291.32, 100, 74232, 72
2026/07/29 11:19:55.507, 302.35, 100, 74232, 72
2026/07/29 11:19:56.544, 294.82, 100, 74232, 72
2026/07/29 11:19:57.582, 295.97, 100, 74232, 72
2026/07/29 11:19:58.619, 291.10, 100, 74232, 72
2026/07/29 11:19:59.655, 294.15, 100, 74232, 72
2026/07/29 11:20:00.693, 295.02, 100, 74232, 72
2026/07/29 11:20:01.732, 302.36, 100, 74232, 72
2026/07/29 11:20:02.769, 302.77, 100, 74232, 72
2026/07/29 11:20:03.807, 301.48, 100, 74232, 72
2026/07/29 11:20:04.844, 302.17, 100, 74232, 72
2026/07/29 11:20:05.883, 303.84, 100, 74232, 72
2026/07/29 11:20:06.919, 302.95, 100, 74232, 72
2026/07/29 11:20:07.956, 304.29, 100, 74232, 72
2026/07/29 11:20:08.993, 302.94, 100, 74232, 72
2026/07/29 11:20:10.031, 302.44, 100, 74232, 72
2026/07/29 11:20:11.068, 304.58, 100, 74232, 72
2026/07/29 11:20:12.107, 301.86, 100, 74232, 72
2026/07/29 11:20:13.144, 301.39, 100, 74232, 72
2026/07/29 11:20:14.181, 303.22, 100, 74232, 72
2026/07/29 11:20:15.218, 302.08, 100, 74232, 72
2026/07/29 11:20:16.255, 302.64, 100, 74232, 72
2026/07/29 11:20:17.293, 303.02, 100, 74232, 72
2026/07/29 11:20:18.329, 302.27, 100, 74232, 72
2026/07/29 11:20:19.367, 295.39, 100, 74232, 72
2026/07/29 11:20:20.403, 296.42, 100, 74232, 72
2026/07/29 11:20:21.441, 294.61, 100, 74232, 72
2026/07/29 11:20:22.478, 294.53, 100, 74232, 72
2026/07/29 11:20:23.515, 294.13, 100, 74232, 72
2026/07/29 11:20:24.554, 294.40, 100, 74232, 72
2026/07/29 11:20:25.593, 297.14, 100, 74232, 72
2026/07/29 11:20:26.633, 296.91, 100, 74232, 72
2026/07/29 11:20:27.670, 302.07, 100, 74232, 72
2026/07/29 11:20:28.709, 298.19, 100, 74232, 72
2026/07/29 11:20:29.746, 294.73, 100, 74232, 72
2026/07/29 11:20:30.785, 292.89, 100, 74232, 72
2026/07/29 11:20:31.828, 290.35, 100, 74232, 72
2026/07/29 11:20:32.866, 298.11, 100, 74232, 72
2026/07/29 11:20:33.903, 303.61, 100, 74232, 72
2026/07/29 11:20:34.944, 301.86, 100, 74232, 72
2026/07/29 11:20:35.982, 302.55, 100, 74232, 72
2026/07/29 11:20:37.019, 302.75, 100, 74232, 72
2026/07/29 11:20:38.057, 298.12, 100, 74232, 72
2026/07/29 11:20:39.095, 303.22, 100, 74232, 72
2026/07/29 11:20:40.133, 302.91, 100, 74232, 72
2026/07/29 11:20:41.170, 301.38, 100, 74232, 72
2026/07/29 11:20:42.207, 301.59, 100, 74232, 72
2026/07/29 11:20:43.245, 303.06, 100, 74232, 72
2026/07/29 11:20:44.282, 302.68, 100, 74232, 72
2026/07/29 11:20:45.320, 302.10, 100, 74232, 72
2026/07/29 11:20:46.358, 302.26, 100, 74232, 72
2026/07/29 11:20:47.397, 302.45, 100, 74232, 72
2026/07/29 11:20:48.436, 294.22, 100, 74232, 72
2026/07/29 11:20:49.473, 294.91, 100, 74232, 72
2026/07/29 11:20:50.511, 295.30, 100, 74232, 72
2026/07/29 11:20:51.548, 296.17, 100, 74232, 72
2026/07/29 11:20:52.589, 302.83, 100, 74232, 72
2026/07/29 11:20:53.627, 283.15, 0, 74232, 73
2026/07/29 11:20:54.664, 301.49, 100, 74232, 74
2026/07/29 11:20:55.699, 299.46, 100, 74232, 74
2026/07/29 11:20:56.739, 289.97, 100, 74232, 74
2026/07/29 11:20:57.775, 303.83, 100, 74232, 74
2026/07/29 11:20:58.811, 271.37, 100, 74232, 74
2026/07/29 11:20:59.846, 271.80, 100, 74232, 74
2026/07/29 11:21:00.881, 301.59, 100, 74232, 72
2026/07/29 11:21:01.917, 302.15, 100, 74232, 72
2026/07/29 11:21:02.954, 302.28, 100, 74232, 72
2026/07/29 11:21:03.991, 302.25, 100, 74232, 72
2026/07/29 11:21:05.027, 301.77, 100, 74232, 73
2026/07/29 11:21:06.064, 302.52, 100, 74232, 73
2026/07/29 11:21:07.101, 302.89, 100, 74232, 73
2026/07/29 11:21:08.138, 303.60, 100, 74232, 73
2026/07/29 11:21:09.174, 291.69, 100, 74232, 73
2026/07/29 11:21:10.212, 295.51, 100, 74232, 73
2026/07/29 11:21:11.249, 295.88, 100, 74232, 73
2026/07/29 11:21:12.285, 294.72, 100, 74232, 73
2026/07/29 11:21:13.322, 296.44, 100, 74232, 73
2026/07/29 11:21:14.358, 295.11, 100, 74232, 73
2026/07/29 11:21:15.395, 296.08, 100, 74232, 73
2026/07/29 11:21:16.432, 294.75, 100, 74232, 73
2026/07/29 11:21:17.469, 295.11, 100, 74232, 73
2026/07/29 11:21:18.506, 301.69, 100, 74232, 73
2026/07/29 11:21:19.544, 295.39, 100, 74232, 73
2026/07/29 11:21:20.581, 304.30, 100, 74232, 73
2026/07/29 11:21:21.620, 303.01, 100, 74232, 73
2026/07/29 11:21:22.657, 304.70, 100, 74232, 73
2026/07/29 11:21:23.693, 299.15, 100, 74232, 73
2026/07/29 11:21:24.731, 303.24, 100, 74232, 73
2026/07/29 11:21:25.768, 291.81, 100, 74232, 73
2026/07/29 11:21:26.806, 291.99, 100, 74232, 73
2026/07/29 11:21:27.842, 296.94, 100, 74232, 73
2026/07/29 11:21:28.879, 303.12, 100, 74232, 73
2026/07/29 11:21:29.915, 296.84, 100, 74232, 73
2026/07/29 11:21:30.954, 300.23, 100, 74232, 73
2026/07/29 11:21:31.990, 299.88, 100, 74232, 73
2026/07/29 11:21:33.028, 301.42, 100, 74232, 73
2026/07/29 11:21:34.064, 302.21, 100, 74232, 73
2026/07/29 11:21:35.100, 306.12, 100, 74232, 73
2026/07/29 11:21:36.137, 302.31, 100, 74232, 73
2026/07/29 11:21:37.175, 304.76, 100, 74232, 73
2026/07/29 11:21:38.212, 303.70, 100, 74232, 73
2026/07/29 11:21:39.248, 301.68, 100, 74232, 73
2026/07/29 11:21:40.285, 291.81, 100, 74232, 73
2026/07/29 11:21:41.321, 295.27, 100, 74232, 73
2026/07/29 11:21:42.357, 297.33, 100, 74232, 73
2026/07/29 11:21:43.395, 296.46, 100, 74232, 73
2026/07/29 11:21:44.431, 300.81, 100, 74232, 73
2026/07/29 11:21:45.468, 296.27, 100, 74232, 73
2026/07/29 11:21:46.505, 303.35, 100, 74232, 73
2026/07/29 11:21:47.543, 295.48, 100, 74232, 73
2026/07/29 11:21:48.580, 297.23, 100, 74232, 73
2026/07/29 11:21:49.617, 295.87, 100, 74232, 73
2026/07/29 11:21:50.654, 295.90, 100, 74232, 73
2026/07/29 11:21:51.690, 295.68, 100, 74232, 73
2026/07/29 11:21:52.728, 295.70, 100, 74232, 73
2026/07/29 11:21:53.765, 301.89, 100, 74232, 73
2026/07/29 11:21:54.804, 299.57, 100, 74232, 73
2026/07/29 11:21:55.841, 303.59, 100, 74232, 73
2026/07/29 11:21:56.878, 304.00, 100, 74232, 73
2026/07/29 11:21:57.914, 303.72, 100, 74232, 73
2026/07/29 11:21:58.951, 303.30, 100, 74232, 73
2026/07/29 11:21:59.989, 295.01, 100, 74232, 73
2026/07/29 11:22:01.025, 303.94, 100, 74232, 73
2026/07/29 11:22:02.064, 304.49, 100, 74232, 73
2026/07/29 11:22:03.102, 295.58, 100, 74232, 73
2026/07/29 11:22:04.142, 298.27, 100, 74232, 73
2026/07/29 11:22:05.181, 297.53, 100, 74232, 73
2026/07/29 11:22:06.219, 297.15, 100, 74232, 73
2026/07/29 11:22:07.257, 297.91, 100, 74232, 73
2026/07/29 11:22:08.294, 293.72, 100, 74232, 73
2026/07/29 11:22:09.334, 298.20, 100, 74232, 73
2026/07/29 11:22:10.372, 301.59, 100, 74232, 73
2026/07/29 11:22:11.409, 294.25, 100, 74232, 73
2026/07/29 11:22:12.448, 299.74, 100, 74232, 73
2026/07/29 11:22:13.485, 295.28, 100, 74232, 73
2026/07/29 11:22:14.523, 295.51, 100, 74232, 73
2026/07/29 11:22:15.560, 295.48, 100, 74232, 73
2026/07/29 11:22:16.599, 306.74, 100, 74232, 73
2026/07/29 11:22:17.639, 295.31, 100, 74232, 73
2026/07/29 11:22:18.677, 294.82, 100, 74232, 73
2026/07/29 11:22:19.713, 299.11, 100, 74232, 73
2026/07/29 11:22:20.752, 300.89, 100, 74232, 73
2026/07/29 11:22:21.792, 302.95, 100, 74232, 73
2026/07/29 11:22:22.831, 303.14, 100, 74232, 73
2026/07/29 11:22:23.869, 302.10, 100, 74232, 73
2026/07/29 11:22:24.907, 304.72, 100, 74232, 73
2026/07/29 11:22:25.947, 295.69, 100, 74232, 73
2026/07/29 11:22:26.985, 295.29, 100, 74232, 73
2026/07/29 11:22:28.024, 296.17, 100, 74232, 73
2026/07/29 11:22:29.065, 295.19, 100, 74232, 73
2026/07/29 11:22:30.103, 295.39, 100, 74232, 73
2026/07/29 11:22:31.140, 297.91, 100, 74232, 73
2026/07/29 11:22:32.178, 296.43, 100, 74232, 73
2026/07/29 11:22:33.216, 296.07, 100, 74232, 73
2026/07/29 11:22:34.256, 295.77, 100, 74232, 73
2026/07/29 11:22:35.294, 295.39, 100, 74232, 73
2026/07/29 11:22:36.331, 294.83, 100, 74232, 73
2026/07/29 11:22:37.371, 297.72, 100, 74232, 73
2026/07/29 11:22:38.408, 300.14, 100, 74232, 73
2026/07/29 11:22:39.446, 303.04, 100, 74232, 73
2026/07/29 11:22:40.483, 303.25, 100, 74232, 73
2026/07/29 11:22:41.521, 298.42, 100, 74232, 73
2026/07/29 11:22:42.560, 298.78, 100, 74232, 73
2026/07/29 11:22:43.604, 301.29, 100, 74232, 73
2026/07/29 11:22:44.641, 302.75, 100, 74232, 73
2026/07/29 11:22:45.679, 292.08, 100, 74232, 73
2026/07/29 11:22:46.717, 294.91, 100, 74232, 73
2026/07/29 11:22:47.754, 296.17, 100, 74232, 73
2026/07/29 11:22:48.792, 301.10, 100, 74232, 73
2026/07/29 11:22:49.831, 294.99, 100, 74232, 73
2026/07/29 11:22:50.869, 306.53, 100, 74232, 73
2026/07/29 11:22:51.906, 302.48, 100, 74232, 73
2026/07/29 11:22:52.942, 302.75, 100, 74232, 73
2026/07/29 11:22:53.978, 302.89, 100, 74232, 73
2026/07/29 11:22:55.014, 303.33, 100, 74232, 73
2026/07/29 11:22:56.050, 295.02, 100, 74232, 73
2026/07/29 11:22:57.086, 297.92, 100, 74232, 73
2026/07/29 11:22:58.123, 291.02, 100, 74232, 73
2026/07/29 11:22:59.160, 294.32, 100, 74232, 73
2026/07/29 11:23:00.198, 294.34, 100, 74232, 73
2026/07/29 11:23:01.236, 296.18, 100, 74232, 73
2026/07/29 11:23:02.273, 295.58, 100, 74232, 73
2026/07/29 11:23:03.312, 291.52, 100, 74232, 73
2026/07/29 11:23:04.350, 294.52, 100, 74232, 73
2026/07/29 11:23:05.387, 294.80, 100, 74232, 73
2026/07/29 11:23:06.425, 295.88, 100, 74232, 73
2026/07/29 11:23:07.463, 296.76, 100, 74232, 73
2026/07/29 11:23:08.502, 303.51, 100, 74232, 73
2026/07/29 11:23:09.539, 302.76, 100, 74232, 73
2026/07/29 11:23:10.580, 302.10, 100, 74232, 73
2026/07/29 11:23:11.618, 299.35, 100, 74232, 73
2026/07/29 11:23:12.655, 304.13, 100, 74232, 73
2026/07/29 11:23:13.693, 303.12, 100, 74232, 73
2026/07/29 11:23:14.730, 305.30, 100, 74232, 73
2026/07/29 11:23:15.771, 302.37, 100, 74232, 73
2026/07/29 11:23:16.809, 302.18, 100, 74232, 73
2026/07/29 11:23:17.846, 295.28, 100, 74232, 73
2026/07/29 11:23:18.884, 295.58, 100, 74232, 73
2026/07/29 11:23:19.921, 291.69, 100, 74232, 72
2026/07/29 11:23:20.961, 294.04, 100, 74232, 73
2026/07/29 11:23:22.000, 297.22, 100, 74232, 73
2026/07/29 11:23:23.037, 301.66, 100, 74232, 73
2026/07/29 11:23:24.076, 304.29, 100, 74232, 73
2026/07/29 11:23:25.114, 301.77, 100, 74232, 73
2026/07/29 11:23:26.154, 298.77, 100, 74232, 73
2026/07/29 11:23:27.192, 297.64, 100, 74232, 73
2026/07/29 11:23:28.229, 301.92, 100, 74232, 73
2026/07/29 11:23:29.269, 301.57, 100, 74232, 73
2026/07/29 11:23:30.308, 298.22, 100, 74232, 73
2026/07/29 11:23:31.344, 299.08, 100, 74232, 73
2026/07/29 11:23:32.381, 299.08, 100, 74232, 73
2026/07/29 11:23:33.419, 303.14, 100, 74232, 73
2026/07/29 11:23:34.456, 301.95, 100, 74232, 73
2026/07/29 11:23:35.492, 304.57, 100, 74232, 73
2026/07/29 11:23:36.530, 302.75, 100, 74232, 73
2026/07/29 11:23:37.567, 301.46, 100, 74232, 73
2026/07/29 11:23:38.607, 303.13, 100, 74232, 73
2026/07/29 11:23:39.644, 302.56, 100, 74232, 73
2026/07/29 11:23:40.688, 298.56, 100, 74232, 72
2026/07/29 11:23:41.725, 294.91, 100, 74232, 72
2026/07/29 11:23:42.762, 297.52, 100, 74232, 72
2026/07/29 11:23:43.800, 302.17, 100, 74232, 73
2026/07/29 11:23:44.838, 295.00, 100, 74232, 72
2026/07/29 11:23:45.877, 295.18, 100, 74232, 72
2026/07/29 11:23:46.914, 296.57, 100, 74232, 72
2026/07/29 11:23:47.956, 298.12, 100, 74232, 73
2026/07/29 11:23:48.994, 295.48, 100, 74232, 72
2026/07/29 11:23:50.030, 294.61, 100, 74232, 72
2026/07/29 11:23:51.068, 294.91, 100, 74232, 72
2026/07/29 11:23:52.105, 294.72, 100, 74232, 72
2026/07/29 11:23:53.143, 294.72, 100, 74232, 72
2026/07/29 11:23:54.180, 293.65, 100, 74232, 72
2026/07/29 11:23:55.218, 296.97, 100, 74232, 73
2026/07/29 11:23:56.256, 296.18, 100, 74232, 73
2026/07/29 11:23:57.294, 302.42, 100, 74232, 73
2026/07/29 11:23:58.331, 299.56, 100, 74232, 73
2026/07/29 11:23:59.368, 304.19, 100, 74232, 73
2026/07/29 11:24:00.406, 302.76, 100, 74232, 73
2026/07/29 11:24:01.444, 304.07, 100, 74232, 73
2026/07/29 11:24:02.484, 303.51, 100, 74232, 73
2026/07/29 11:24:03.521, 303.71, 100, 74232, 73
2026/07/29 11:24:04.558, 302.76, 100, 74232, 73
2026/07/29 11:24:05.596, 302.76, 100, 74232, 73
2026/07/29 11:24:06.633, 301.99, 100, 74232, 73
2026/07/29 11:24:07.673, 302.75, 100, 74232, 73
2026/07/29 11:24:08.711, 302.55, 100, 74232, 73
2026/07/29 11:24:09.751, 295.99, 100, 74232, 72
2026/07/29 11:24:10.788, 291.54, 100, 74232, 72
2026/07/29 11:24:11.825, 294.62, 100, 74232, 72
2026/07/29 11:24:12.862, 292.01, 100, 74232, 72
2026/07/29 11:24:13.899, 296.53, 100, 74232, 72
2026/07/29 11:24:14.937, 296.75, 100, 74232, 72
2026/07/29 11:24:15.974, 296.67, 100, 74232, 72
2026/07/29 11:24:17.014, 296.53, 100, 74232, 72
2026/07/29 11:24:18.052, 294.72, 100, 74232, 72
2026/07/29 11:24:19.090, 294.99, 100, 74232, 72
2026/07/29 11:24:20.128, 298.68, 100, 74232, 72
2026/07/29 11:24:21.166, 304.29, 100, 74232, 72
2026/07/29 11:24:22.206, 301.03, 100, 74232, 73
2026/07/29 11:24:23.243, 302.54, 100, 74232, 73
2026/07/29 11:24:24.280, 302.94, 100, 74232, 72
2026/07/29 11:24:25.320, 302.30, 100, 74232, 73
2026/07/29 11:24:26.357, 305.77, 100, 74232, 72
2026/07/29 11:24:27.397, 302.37, 100, 74232, 73
2026/07/29 11:24:28.435, 302.30, 100, 74232, 72
2026/07/29 11:24:29.473, 296.27, 100, 74232, 72
2026/07/29 11:24:30.512, 297.33, 100, 74232, 72
2026/07/29 11:24:31.550, 296.76, 100, 74232, 72
2026/07/29 11:24:32.586, 297.73, 100, 74232, 72
2026/07/29 11:24:33.625, 294.74, 100, 74232, 72
2026/07/29 11:24:34.662, 295.69, 100, 74232, 72
2026/07/29 11:24:35.700, 294.92, 100, 74232, 72
2026/07/29 11:24:36.737, 298.31, 100, 74232, 72
2026/07/29 11:24:37.775, 294.71, 100, 74232, 72
2026/07/29 11:24:38.813, 296.29, 100, 74232, 72
2026/07/29 11:24:39.851, 295.88, 100, 74232, 72
2026/07/29 11:24:40.890, 295.11, 100, 74232, 72
2026/07/29 11:24:41.927, 296.36, 100, 74232, 72
2026/07/29 11:24:42.965, 299.77, 100, 74232, 72
2026/07/29 11:24:44.002, 302.58, 100, 74232, 72
2026/07/29 11:24:45.039, 303.14, 100, 74232, 72
2026/07/29 11:24:46.076, 302.36, 100, 74232, 72
2026/07/29 11:24:47.112, 306.53, 100, 74232, 72
2026/07/29 11:24:48.150, 302.27, 100, 74232, 72
2026/07/29 11:24:49.187, 302.55, 100, 74232, 72
2026/07/29 11:24:50.223, 303.08, 100, 74232, 72
2026/07/29 11:24:51.261, 302.45, 100, 74232, 72
2026/07/29 11:24:52.299, 294.82, 100, 74232, 72
2026/07/29 11:24:53.336, 291.33, 100, 74232, 72
2026/07/29 11:24:54.376, 296.46, 100, 74232, 72
2026/07/29 11:24:55.413, 294.99, 100, 74232, 72
2026/07/29 11:24:56.450, 295.11, 100, 74232, 72
2026/07/29 11:24:57.487, 294.72, 100, 74232, 72
2026/07/29 11:24:58.524, 295.11, 100, 74232, 72
2026/07/29 11:24:59.561, 296.82, 100, 74232, 72
2026/07/29 11:25:00.598, 295.20, 100, 74232, 72
2026/07/29 11:25:01.635, 295.09, 100, 74232, 72
2026/07/29 11:25:02.673, 294.91, 100, 74232, 72
2026/07/29 11:25:03.709, 295.48, 100, 74232, 72
2026/07/29 11:25:04.749, 296.45, 100, 74232, 72
2026/07/29 11:25:05.787, 294.89, 100, 74232, 72
2026/07/29 11:25:06.827, 303.53, 100, 74232, 73
2026/07/29 11:25:07.866, 299.27, 100, 74232, 73
2026/07/29 11:25:08.903, 299.45, 100, 74232, 73
2026/07/29 11:25:09.940, 304.96, 100, 74232, 73
2026/07/29 11:25:10.975, 302.19, 100, 74232, 73
2026/07/29 11:25:12.012, 303.46, 100, 74232, 73
2026/07/29 11:25:13.048, 303.24, 100, 74232, 73
2026/07/29 11:25:14.085, 301.67, 100, 74232, 73
2026/07/29 11:25:15.121, 303.11, 100, 74232, 73
2026/07/29 11:25:16.158, 300.89, 100, 74232, 73
2026/07/29 11:25:17.196, 297.13, 100, 74232, 73
2026/07/29 11:25:18.233, 303.13, 100, 74232, 73
2026/07/29 11:25:19.274, 303.78, 100, 74232, 73
2026/07/29 11:25:20.310, 303.12, 100, 74232, 73
2026/07/29 11:25:21.346, 302.27, 100, 74232, 73
2026/07/29 11:25:22.385, 294.92, 100, 74232, 72
2026/07/29 11:25:23.422, 302.93, 100, 74232, 73
2026/07/29 11:25:24.462, 295.11, 100, 74232, 72
2026/07/29 11:25:25.499, 295.60, 100, 74232, 72
2026/07/29 11:25:26.537, 300.44, 100, 74232, 72
2026/07/29 11:25:27.574, 295.49, 100, 74232, 72
2026/07/29 11:25:28.611, 294.82, 100, 74232, 72
2026/07/29 11:25:29.650, 295.18, 100, 74232, 72
2026/07/29 11:25:30.686, 294.77, 100, 74232, 72
2026/07/29 11:25:31.723, 294.90, 100, 74232, 72
2026/07/29 11:25:32.760, 294.92, 100, 74232, 72
2026/07/29 11:25:33.798, 295.38, 100, 74232, 72
2026/07/29 11:25:34.836, 295.31, 100, 74232, 72
2026/07/29 11:25:35.872, 302.54, 100, 74232, 72
2026/07/29 11:25:36.909, 302.74, 100, 74232, 73
2026/07/29 11:25:37.945, 301.88, 100, 74232, 72
2026/07/29 11:25:38.982, 303.23, 100, 74232, 73
2026/07/29 11:25:40.019, 302.46, 100, 74232, 73
2026/07/29 11:25:41.055, 299.64, 100, 74232, 72
2026/07/29 11:25:42.093, 303.91, 100, 74232, 73
2026/07/29 11:25:43.130, 303.21, 100, 74232, 72
2026/07/29 11:25:44.167, 302.24, 100, 74232, 73
2026/07/29 11:25:45.203, 303.51, 100, 74232, 73
2026/07/29 11:25:46.242, 301.96, 100, 74232, 72
2026/07/29 11:25:47.278, 303.94, 100, 74232, 73
2026/07/29 11:25:48.315, 302.54, 100, 74232, 72
2026/07/29 11:25:49.352, 302.17, 100, 74232, 73
2026/07/29 11:25:50.388, 303.36, 100, 74232, 73
2026/07/29 11:25:51.425, 302.64, 100, 74232, 72
2026/07/29 11:25:52.462, 302.27, 100, 74232, 72
2026/07/29 11:25:53.500, 304.76, 100, 74232, 72
2026/07/29 11:25:54.538, 98.29, 0, 74232, 72
2026/07/29 11:25:55.574, 298.65, 100, 74232, 74
2026/07/29 11:25:56.612, 303.70, 100, 74232, 74
2026/07/29 11:25:57.648, 305.07, 100, 74232, 74
2026/07/29 11:25:58.684, 278.61, 100, 74232, 74
2026/07/29 11:25:59.720, 299.36, 100, 74232, 74
2026/07/29 11:26:00.756, 301.73, 100, 74232, 74
2026/07/29 11:26:01.792, 298.00, 100, 74232, 72
2026/07/29 11:26:02.828, 301.21, 100, 74232, 72
2026/07/29 11:26:03.864, 298.20, 100, 74232, 72
2026/07/29 11:26:04.901, 298.01, 100, 74232, 72
2026/07/29 11:26:05.943, 302.78, 100, 74232, 72
2026/07/29 11:26:06.981, 301.76, 100, 74232, 73
2026/07/29 11:26:08.017, 302.89, 100, 74232, 73
2026/07/29 11:26:09.055, 302.07, 100, 74232, 73
2026/07/29 11:26:10.091, 302.74, 100, 74232, 73
2026/07/29 11:26:11.129, 303.48, 100, 74232, 73
2026/07/29 11:26:12.165, 303.06, 100, 74232, 73
2026/07/29 11:26:13.202, 302.35, 100, 74232, 73
2026/07/29 11:26:14.240, 303.43, 100, 74232, 73
2026/07/29 11:26:15.279, 296.73, 100, 74232, 73
2026/07/29 11:26:16.317, 298.68, 100, 74232, 73
2026/07/29 11:26:17.356, 294.42, 100, 74232, 73
2026/07/29 11:26:18.395, 294.41, 100, 74232, 73
2026/07/29 11:26:19.433, 301.20, 100, 74232, 73
2026/07/29 11:26:20.472, 302.47, 100, 74232, 73
2026/07/29 11:26:21.510, 302.26, 100, 74232, 73
2026/07/29 11:26:22.550, 302.57, 100, 74232, 73
2026/07/29 11:26:23.589, 296.65, 100, 74232, 73
2026/07/29 11:26:24.627, 296.45, 100, 74232, 73
2026/07/29 11:26:25.665, 294.62, 100, 74232, 73
2026/07/29 11:26:26.703, 291.62, 100, 74232, 73
2026/07/29 11:26:27.741, 296.37, 100, 74232, 73
2026/07/29 11:26:28.779, 294.61, 100, 74232, 73
2026/07/29 11:26:29.816, 301.43, 100, 74232, 73
2026/07/29 11:26:30.854, 300.33, 100, 74232, 73
2026/07/29 11:26:31.892, 294.02, 100, 74232, 73
2026/07/29 11:26:32.937, 294.83, 100, 74232, 73
2026/07/29 11:26:33.975, 295.30, 100, 74232, 73
2026/07/29 11:26:35.013, 297.64, 100, 74232, 73
2026/07/29 11:26:36.051, 302.85, 100, 74232, 73
2026/07/29 11:26:37.088, 302.55, 100, 74232, 73
2026/07/29 11:26:38.126, 302.17, 100, 74232, 73
2026/07/29 11:26:39.163, 302.95, 100, 74232, 73
2026/07/29 11:26:40.199, 302.10, 100, 74232, 73
2026/07/29 11:26:41.237, 305.29, 100, 74232, 73
2026/07/29 11:26:42.274, 302.86, 100, 74232, 73
2026/07/29 11:26:43.315, 304.26, 100, 74232, 73
2026/07/29 11:26:44.352, 302.85, 100, 74232, 73
2026/07/29 11:26:45.389, 301.28, 100, 74232, 73
2026/07/29 11:26:46.427, 298.49, 100, 74232, 73
2026/07/29 11:26:47.464, 295.20, 100, 74232, 73
2026/07/29 11:26:48.501, 295.39, 100, 74232, 73
2026/07/29 11:26:49.538, 291.26, 100, 74232, 72
2026/07/29 11:26:50.577, 294.81, 100, 74232, 73
2026/07/29 11:26:51.616, 298.73, 100, 74232, 73
2026/07/29 11:26:52.654, 294.43, 100, 74232, 73
2026/07/29 11:26:53.693, 295.99, 100, 74232, 73
2026/07/29 11:26:54.731, 291.50, 100, 74232, 72
2026/07/29 11:26:55.768, 294.22, 100, 74232, 72
2026/07/29 11:26:56.806, 294.72, 100, 74232, 72
2026/07/29 11:26:57.843, 295.31, 100, 74232, 73
2026/07/29 11:26:58.880, 297.92, 100, 74232, 73
2026/07/29 11:26:59.919, 295.04, 100, 74232, 72
2026/07/29 11:27:00.959, 294.62, 100, 74232, 72
2026/07/29 11:27:01.997, 294.52, 100, 74232, 72
2026/07/29 11:27:03.034, 294.31, 100, 74232, 72
2026/07/29 11:27:04.072, 294.24, 100, 74232, 72
2026/07/29 11:27:05.109, 298.40, 100, 74232, 72
2026/07/29 11:27:06.147, 301.49, 100, 74232, 73
2026/07/29 11:27:07.184, 296.57, 100, 74232, 73
2026/07/29 11:27:08.223, 301.87, 100, 74232, 73
2026/07/29 11:27:09.260, 302.39, 100, 74232, 73
2026/07/29 11:27:10.297, 302.39, 100, 74232, 73
2026/07/29 11:27:11.334, 304.43, 100, 74232, 73
2026/07/29 11:27:12.370, 301.40, 100, 74232, 73
2026/07/29 11:27:13.408, 301.12, 100, 74232, 73
2026/07/29 11:27:14.446, 302.65, 100, 74232, 73
2026/07/29 11:27:15.484, 301.48, 100, 74232, 73
2026/07/29 11:27:16.521, 301.79, 100, 74232, 73
2026/07/29 11:27:17.558, 302.26, 100, 74232, 73
2026/07/29 11:27:18.596, 302.55, 100, 74232, 73
2026/07/29 11:27:19.633, 301.92, 100, 74232, 73
2026/07/29 11:27:20.669, 303.79, 100, 74232, 73
2026/07/29 11:27:21.707, 301.59, 100, 74232, 73
2026/07/29 11:27:22.745, 300.84, 100, 74232, 72
2026/07/29 11:27:23.782, 295.38, 100, 74232, 72
2026/07/29 11:27:24.820, 292.39, 100, 74232, 72
2026/07/29 11:27:25.859, 294.15, 100, 74232, 72
2026/07/29 11:27:26.895, 294.41, 100, 74232, 72
2026/07/29 11:27:27.931, 294.43, 100, 74232, 72
2026/07/29 11:27:28.968, 294.62, 100, 74232, 72
2026/07/29 11:27:30.005, 294.53, 100, 74232, 72
2026/07/29 11:27:31.043, 293.26, 100, 74232, 72
2026/07/29 11:27:32.080, 301.49, 100, 74232, 72
2026/07/29 11:27:33.120, 306.61, 100, 74232, 73
2026/07/29 11:27:34.158, 302.37, 100, 74232, 72
2026/07/29 11:27:35.194, 302.97, 100, 74232, 72
2026/07/29 11:27:36.231, 298.90, 100, 74232, 72
2026/07/29 11:27:37.269, 303.27, 100, 74232, 72
2026/07/29 11:27:38.306, 302.85, 100, 74232, 72
2026/07/29 11:27:39.343, 302.78, 100, 74232, 73
2026/07/29 11:27:40.382, 302.70, 100, 74232, 73
2026/07/29 11:27:41.420, 301.43, 100, 74232, 72
2026/07/29 11:27:42.457, 302.56, 100, 74232, 72
2026/07/29 11:27:43.494, 301.40, 100, 74232, 72
2026/07/29 11:27:44.530, 302.20, 100, 74232, 72
2026/07/29 11:27:45.567, 302.08, 100, 74232, 72
2026/07/29 11:27:46.604, 302.07, 100, 74232, 72
2026/07/29 11:27:47.641, 296.45, 100, 74232, 72
2026/07/29 11:27:48.678, 294.43, 100, 74232, 72
2026/07/29 11:27:49.717, 294.81, 100, 74232, 72
2026/07/29 11:27:50.753, 294.81, 100, 74232, 72
2026/07/29 11:27:51.789, 294.33, 100, 74232, 72
2026/07/29 11:27:52.828, 294.90, 100, 74232, 72
2026/07/29 11:27:53.865, 294.12, 100, 74232, 72
2026/07/29 11:27:54.905, 297.04, 100, 74232, 72
2026/07/29 11:27:55.942, 294.14, 100, 74232, 72
2026/07/29 11:27:56.979, 295.70, 100, 74232, 72
2026/07/29 11:27:58.016, 302.21, 100, 74232, 72
2026/07/29 11:27:59.052, 299.77, 100, 74232, 72
2026/07/29 11:28:00.090, 299.65, 100, 74232, 72
2026/07/29 11:28:01.127, 294.89, 100, 74232, 72
2026/07/29 11:28:02.166, 301.99, 100, 74232, 72
2026/07/29 11:28:03.203, 301.03, 100, 74232, 72
2026/07/29 11:28:04.242, 303.50, 100, 74232, 72
2026/07/29 11:28:05.278, 302.85, 100, 74232, 72
2026/07/29 11:28:06.315, 301.69, 100, 74232, 72
2026/07/29 11:28:07.352, 302.24, 100, 74232, 72
2026/07/29 11:28:08.388, 302.65, 100, 74232, 72
2026/07/29 11:28:09.428, 302.26, 100, 74232, 72
2026/07/29 11:28:10.466, 302.94, 100, 74232, 72
2026/07/29 11:28:11.502, 302.30, 100, 74232, 72
2026/07/29 11:28:12.540, 302.32, 100, 74232, 72
2026/07/29 11:28:13.576, 302.56, 100, 74232, 72
2026/07/29 11:28:14.614, 304.31, 100, 74232, 73
2026/07/29 11:28:15.651, 302.18, 100, 74232, 72
2026/07/29 11:28:16.691, 302.48, 100, 74232, 72
2026/07/29 11:28:17.728, 290.55, 100, 74232, 72
2026/07/29 11:28:18.769, 293.37, 100, 74232, 72
2026/07/29 11:28:19.807, 294.33, 100, 74232, 72
2026/07/29 11:28:20.846, 295.79, 100, 74232, 72
2026/07/29 11:28:21.883, 302.47, 100, 74232, 72
2026/07/29 11:28:22.920, 303.51, 100, 74232, 72
2026/07/29 11:28:23.957, 302.11, 100, 74232, 72
2026/07/29 11:28:25.001, 296.45, 100, 74232, 72
2026/07/29 11:28:26.040, 291.30, 100, 74232, 72
2026/07/29 11:28:27.076, 291.72, 100, 74232, 72
2026/07/29 11:28:28.117, 295.09, 100, 74232, 72
2026/07/29 11:28:29.155, 294.71, 100, 74232, 72
2026/07/29 11:28:30.192, 301.99, 100, 74232, 72
2026/07/29 11:28:31.230, 301.87, 100, 74232, 72
2026/07/29 11:28:32.267, 302.96, 100, 74232, 72
2026/07/29 11:28:33.305, 301.20, 100, 74232, 72
2026/07/29 11:28:34.341, 295.89, 100, 74232, 72
2026/07/29 11:28:35.380, 301.89, 100, 74232, 72
2026/07/29 11:28:36.419, 303.03, 100, 74232, 72
2026/07/29 11:28:37.457, 291.81, 100, 74232, 72
2026/07/29 11:28:38.493, 294.21, 100, 74232, 72
2026/07/29 11:28:39.531, 294.60, 100, 74232, 72
2026/07/29 11:28:40.568, 299.16, 100, 74232, 72
2026/07/29 11:28:41.605, 303.60, 100, 74232, 72
2026/07/29 11:28:42.642, 302.17, 100, 74232, 72
2026/07/29 11:28:43.681, 304.38, 100, 74232, 73
2026/07/29 11:28:44.720, 302.26, 100, 74232, 72
2026/07/29 11:28:45.756, 302.87, 100, 74232, 73
2026/07/29 11:28:46.798, 303.14, 100, 74232, 72
2026/07/29 11:28:47.837, 302.46, 100, 74232, 73
2026/07/29 11:28:48.875, 302.08, 100, 74232, 72
2026/07/29 11:28:49.912, 296.48, 100, 74232, 72
2026/07/29 11:28:50.950, 294.62, 100, 74232, 72
2026/07/29 11:28:51.987, 295.30, 100, 74232, 72
2026/07/29 11:28:53.025, 294.31, 100, 74232, 72
2026/07/29 11:28:54.062, 294.42, 100, 74232, 72
2026/07/29 11:28:55.100, 294.06, 100, 74232, 72
2026/07/29 11:28:56.139, 301.09, 100, 74232, 72
2026/07/29 11:28:57.175, 299.07, 100, 74232, 72
2026/07/29 11:28:58.212, 301.97, 100, 74232, 72
2026/07/29 11:28:59.249, 302.15, 100, 74232, 73
2026/07/29 11:29:00.288, 303.03, 100, 74232, 73
2026/07/29 11:29:01.325, 297.73, 100, 74232, 72
2026/07/29 11:29:02.363, 295.19, 100, 74232, 72
2026/07/29 11:29:03.400, 302.07, 100, 74232, 73
2026/07/29 11:29:04.437, 303.05, 100, 74232, 73
2026/07/29 11:29:05.474, 302.43, 100, 74232, 73
2026/07/29 11:29:06.511, 303.23, 100, 74232, 73
2026/07/29 11:29:07.548, 302.75, 100, 74232, 73
2026/07/29 11:29:08.585, 303.28, 100, 74232, 73
2026/07/29 11:29:09.627, 302.46, 100, 74232, 73
2026/07/29 11:29:10.664, 302.94, 100, 74232, 73
2026/07/29 11:29:11.700, 294.82, 100, 74232, 72
2026/07/29 11:29:12.737, 295.68, 100, 74232, 72
2026/07/29 11:29:13.773, 302.73, 100, 74232, 72
2026/07/29 11:29:14.810, 298.49, 100, 74232, 72
2026/07/29 11:29:15.849, 302.06, 100, 74232, 73
2026/07/29 11:29:16.886, 304.02, 100, 74232, 73
2026/07/29 11:29:17.923, 305.00, 100, 74232, 73
2026/07/29 11:29:18.961, 303.12, 100, 74232, 73
2026/07/29 11:29:19.998, 302.17, 100, 74232, 73
2026/07/29 11:29:21.036, 302.05, 100, 74232, 73
2026/07/29 11:29:22.072, 295.51, 100, 74232, 72
2026/07/29 11:29:23.111, 299.57, 100, 74232, 72
2026/07/29 11:29:24.149, 294.62, 100, 74232, 72
2026/07/29 11:29:25.191, 294.61, 100, 74232, 72
2026/07/29 11:29:26.229, 297.24, 100, 74232, 73
2026/07/29 11:29:27.266, 299.35, 100, 74232, 73
2026/07/29 11:29:28.302, 302.87, 100, 74232, 73
2026/07/29 11:29:29.339, 303.12, 100, 74232, 73
2026/07/29 11:29:30.376, 303.22, 100, 74232, 73
2026/07/29 11:29:31.414, 302.26, 100, 74232, 73
2026/07/29 11:29:32.452, 302.28, 100, 74232, 73
2026/07/29 11:29:33.489, 295.01, 100, 74232, 73
2026/07/29 11:29:34.527, 296.77, 100, 74232, 72
2026/07/29 11:29:35.564, 296.26, 100, 74232, 72
2026/07/29 11:29:36.601, 294.43, 100, 74232, 72
2026/07/29 11:29:37.639, 295.21, 100, 74232, 72
2026/07/29 11:29:38.677, 291.22, 100, 74232, 72
2026/07/29 11:29:39.715, 295.75, 100, 74232, 72
2026/07/29 11:29:40.754, 294.82, 100, 74232, 72
2026/07/29 11:29:41.791, 294.70, 100, 74232, 72
2026/07/29 11:29:42.828, 291.60, 100, 74232, 72
2026/07/29 11:29:43.867, 294.81, 100, 74232, 72
2026/07/29 11:29:44.905, 295.60, 100, 74232, 72
2026/07/29 11:29:45.943, 295.17, 100, 74232, 72
2026/07/29 11:29:46.980, 302.85, 100, 74232, 73
2026/07/29 11:29:48.018, 298.30, 100, 74232, 73
2026/07/29 11:29:49.056, 302.08, 100, 74232, 73
2026/07/29 11:29:50.093, 302.94, 100, 74232, 73
2026/07/29 11:29:51.131, 302.07, 100, 74232, 73
2026/07/29 11:29:52.168, 302.64, 100, 74232, 73
2026/07/29 11:29:53.206, 302.93, 100, 74232, 73
2026/07/29 11:29:54.244, 303.08, 100, 74232, 73
2026/07/29 11:29:55.281, 306.08, 100, 74232, 73
2026/07/29 11:29:56.321, 304.49, 100, 74232, 73
2026/07/29 11:29:57.358, 302.90, 100, 74232, 73
2026/07/29 11:29:58.395, 296.27, 100, 74232, 72
2026/07/29 11:29:59.433, 291.69, 100, 74232, 72
2026/07/29 11:30:00.469, 292.10, 100, 74232, 72
2026/07/29 11:30:01.508, 294.84, 100, 74232, 72
2026/07/29 11:30:02.546, 303.31, 100, 74232, 73
2026/07/29 11:30:03.585, 298.96, 100, 74232, 72
2026/07/29 11:30:04.625, 295.28, 100, 74232, 72
2026/07/29 11:30:05.662, 299.35, 100, 74232, 73
2026/07/29 11:30:06.702, 295.29, 100, 74232, 72
2026/07/29 11:30:07.739, 291.24, 100, 74232, 72
2026/07/29 11:30:08.776, 297.16, 100, 74232, 72
2026/07/29 11:30:09.814, 299.29, 100, 74232, 73
2026/07/29 11:30:10.851, 298.58, 100, 74232, 73
2026/07/29 11:30:11.888, 303.41, 100, 74232, 73
2026/07/29 11:30:12.925, 304.43, 100, 74232, 73
2026/07/29 11:30:13.963, 302.94, 100, 74232, 73
2026/07/29 11:30:15.000, 302.07, 100, 74232, 73
2026/07/29 11:30:16.037, 303.42, 100, 74232, 73
2026/07/29 11:30:17.073, 302.74, 100, 74232, 73
2026/07/29 11:30:18.110, 306.26, 100, 74232, 73
2026/07/29 11:30:19.147, 304.38, 100, 74232, 73
2026/07/29 11:30:20.185, 301.78, 100, 74232, 73
2026/07/29 11:30:21.224, 302.42, 100, 74232, 73
2026/07/29 11:30:22.261, 293.93, 100, 74232, 73
2026/07/29 11:30:23.298, 295.21, 100, 74232, 72
2026/07/29 11:30:24.335, 298.75, 100, 74232, 72
2026/07/29 11:30:25.372, 294.79, 100, 74232, 72
2026/07/29 11:30:26.409, 291.40, 100, 74232, 72
2026/07/29 11:30:27.446, 293.93, 100, 74232, 72
2026/07/29 11:30:28.483, 294.53, 100, 74232, 72
2026/07/29 11:30:29.520, 295.01, 100, 74232, 72
2026/07/29 11:30:30.557, 297.21, 100, 74232, 72
2026/07/29 11:30:31.594, 294.71, 100, 74232, 72
2026/07/29 11:30:32.632, 295.30, 100, 74232, 72
2026/07/29 11:30:33.670, 295.38, 100, 74232, 72
2026/07/29 11:30:34.708, 299.83, 100, 74232, 72
2026/07/29 11:30:35.746, 295.00, 100, 74232, 72
2026/07/29 11:30:36.783, 295.30, 100, 74232, 72
2026/07/29 11:30:37.821, 302.30, 100, 74232, 72
2026/07/29 11:30:38.858, 291.91, 100, 74232, 72
2026/07/29 11:30:39.896, 291.42, 100, 74232, 72
2026/07/29 11:30:40.934, 295.20, 100, 74232, 72
2026/07/29 11:30:41.972, 301.79, 100, 74232, 73
2026/07/29 11:30:43.009, 303.52, 100, 74232, 73
2026/07/29 11:30:44.048, 302.94, 100, 74232, 73
2026/07/29 11:30:45.085, 302.58, 100, 74232, 73
2026/07/29 11:30:46.123, 303.33, 100, 74232, 73
2026/07/29 11:30:47.161, 302.65, 100, 74232, 73
2026/07/29 11:30:48.197, 302.92, 100, 74232, 73
2026/07/29 11:30:49.234, 304.19, 100, 74232, 73
2026/07/29 11:30:50.270, 302.73, 100, 74232, 73
2026/07/29 11:30:51.309, 305.06, 100, 74232, 73
2026/07/29 11:30:52.345, 302.11, 100, 74232, 73
2026/07/29 11:30:53.381, 297.23, 100, 74232, 73
2026/07/29 11:30:54.420, 294.51, 100, 74232, 73
2026/07/29 11:30:55.457, 98.68, 0, 74232, 69
2026/07/29 11:30:56.488, 96.59, 0, 74232, 68
2026/07/29 11:30:57.521, 95.90, 0, 74232, 68
2026/07/29 11:30:58.552, 96.53, 0, 74232, 67
2026/07/29 11:30:59.584, 94.38, 0, 74232, 67
2026/07/29 11:31:00.617, 94.42, 0, 74232, 66
2026/07/29 11:31:01.649, 93.49, 0, 74232, 66
2026/07/29 11:31:02.680, 92.70, 0, 74232, 65
2026/07/29 11:31:03.711, 92.08, 0, 74232, 65
2026/07/29 11:31:04.743, 91.67, 0, 74232, 64
2026/07/29 11:31:05.774, 92.31, 0, 74232, 64
2026/07/29 11:31:06.806, 91.63, 0, 74232, 64
2026/07/29 11:31:07.838, 90.52, 0, 74232, 63
2026/07/29 11:31:08.869, 90.03, 0, 74232, 63
2026/07/29 11:31:09.900, 89.35, 0, 74232, 63
2026/07/29 11:31:10.934, 298.82, 100, 74232, 68
2026/07/29 11:31:11.969, 298.09, 100, 74232, 68
2026/07/29 11:31:13.004, 294.79, 100, 74232, 68
2026/07/29 11:31:14.042, 288.60, 100, 74232, 69
2026/07/29 11:31:15.076, 305.17, 100, 74232, 69
2026/07/29 11:31:16.112, 265.47, 100, 74232, 69
2026/07/29 11:31:17.148, 314.39, 100, 74232, 69
2026/07/29 11:31:18.185, 302.07, 100, 74232, 68
2026/07/29 11:31:19.221, 301.87, 100, 74232, 68
2026/07/29 11:31:20.257, 303.55, 100, 74232, 68
2026/07/29 11:31:21.294, 302.08, 100, 74232, 69
2026/07/29 11:31:22.333, 296.54, 100, 74232, 69
2026/07/29 11:31:23.371, 291.52, 100, 74232, 69
2026/07/29 11:31:24.408, 296.55, 100, 74232, 69
2026/07/29 11:31:25.446, 298.55, 100, 74232, 69
2026/07/29 11:31:26.482, 297.23, 100, 74232, 69
2026/07/29 11:31:27.519, 296.86, 100, 74232, 70
2026/07/29 11:31:28.555, 297.04, 100, 74232, 70
2026/07/29 11:31:29.593, 296.63, 100, 74232, 70
2026/07/29 11:31:30.632, 299.21, 100, 74232, 70
2026/07/29 11:31:31.669, 294.23, 100, 74232, 70
2026/07/29 11:31:32.708, 294.53, 100, 74232, 70
2026/07/29 11:31:33.744, 294.92, 100, 74232, 70
2026/07/29 11:31:34.782, 292.08, 100, 74232, 70
2026/07/29 11:31:35.819, 296.43, 100, 74232, 70
2026/07/29 11:31:36.855, 291.42, 100, 74232, 71
2026/07/29 11:31:37.894, 299.63, 100, 74232, 71
2026/07/29 11:31:38.934, 299.59, 100, 74232, 71
2026/07/29 11:31:39.970, 297.55, 100, 74232, 71
2026/07/29 11:31:41.010, 300.21, 100, 74232, 71
2026/07/29 11:31:42.046, 300.45, 100, 74232, 71
2026/07/29 11:31:43.083, 299.55, 100, 74232, 71
2026/07/29 11:31:44.120, 299.95, 100, 74232, 71
2026/07/29 11:31:45.156, 299.10, 100, 74232, 71
2026/07/29 11:31:46.193, 300.45, 100, 74232, 71
2026/07/29 11:31:47.229, 300.26, 100, 74232, 71
2026/07/29 11:31:48.265, 300.14, 100, 74232, 72
2026/07/29 11:31:49.300, 300.14, 100, 74232, 72
2026/07/29 11:31:50.338, 299.85, 100, 74232, 72
2026/07/29 11:31:51.376, 301.99, 100, 74232, 72
2026/07/29 11:31:52.412, 300.33, 100, 74232, 72
2026/07/29 11:31:53.448, 302.37, 100, 74232, 72
2026/07/29 11:31:54.484, 301.18, 100, 74232, 72
2026/07/29 11:31:55.520, 304.09, 100, 74232, 72
2026/07/29 11:31:56.556, 301.12, 100, 74232, 72
2026/07/29 11:31:57.593, 301.86, 100, 74232, 72
2026/07/29 11:31:58.631, 301.41, 100, 74232, 72
2026/07/29 11:31:59.668, 302.64, 100, 74232, 72
2026/07/29 11:32:00.704, 301.71, 100, 74232, 72
2026/07/29 11:32:01.740, 301.49, 100, 74232, 72
2026/07/29 11:32:02.776, 293.65, 100, 74232, 72
2026/07/29 11:32:03.812, 294.33, 100, 74232, 72
2026/07/29 11:32:04.851, 295.98, 100, 74232, 72
2026/07/29 11:32:05.889, 295.29, 100, 74232, 72
2026/07/29 11:32:06.929, 291.77, 100, 74232, 72
2026/07/29 11:32:07.967, 291.38, 100, 74232, 72
2026/07/29 11:32:09.004, 294.53, 100, 74232, 72
2026/07/29 11:32:10.042, 294.43, 100, 74232, 72
2026/07/29 11:32:11.078, 294.82, 100, 74232, 72
2026/07/29 11:32:12.118, 302.82, 100, 74232, 72
2026/07/29 11:32:13.155, 301.96, 100, 74232, 73
2026/07/29 11:32:14.194, 293.06, 100, 74232, 72
2026/07/29 11:32:15.231, 300.53, 100, 74232, 72
2026/07/29 11:32:16.268, 300.15, 100, 74232, 73
2026/07/29 11:32:17.307, 303.56, 100, 74232, 73
2026/07/29 11:32:18.343, 299.54, 100, 74232, 73
2026/07/29 11:32:19.381, 301.83, 100, 74232, 73
2026/07/29 11:32:20.419, 302.08, 100, 74232, 73
2026/07/29 11:32:21.456, 302.38, 100, 74232, 73
2026/07/29 11:32:22.494, 302.55, 100, 74232, 73
2026/07/29 11:32:23.531, 303.82, 100, 74232, 73
2026/07/29 11:32:24.567, 302.84, 100, 74232, 73
2026/07/29 11:32:25.604, 302.36, 100, 74232, 73
2026/07/29 11:32:26.643, 303.14, 100, 74232, 73
2026/07/29 11:32:27.680, 296.37, 100, 74232, 73
2026/07/29 11:32:28.718, 295.58, 100, 74232, 73
2026/07/29 11:32:29.756, 297.13, 100, 74232, 73
2026/07/29 11:32:30.793, 295.67, 100, 74232, 73
2026/07/29 11:32:31.829, 294.23, 100, 74232, 73
2026/07/29 11:32:32.865, 295.11, 100, 74232, 73
2026/07/29 11:32:33.903, 295.39, 100, 74232, 73
2026/07/29 11:32:34.941, 295.40, 100, 74232, 73
2026/07/29 11:32:35.977, 294.80, 100, 74232, 73
2026/07/29 11:32:37.015, 295.67, 100, 74232, 73
2026/07/29 11:32:38.051, 295.09, 100, 74232, 73
2026/07/29 11:32:39.089, 295.38, 100, 74232, 73
2026/07/29 11:32:40.125, 296.36, 100, 74232, 73
2026/07/29 11:32:41.162, 299.47, 100, 74232, 73
2026/07/29 11:32:42.200, 295.07, 100, 74232, 73
2026/07/29 11:32:43.238, 295.77, 100, 74232, 73
2026/07/29 11:32:44.275, 297.33, 100, 74232, 73
2026/07/29 11:32:45.311, 302.40, 100, 74232, 73
2026/07/29 11:32:46.349, 303.31, 100, 74232, 73
2026/07/29 11:32:47.385, 301.95, 100, 74232, 73
2026/07/29 11:32:48.421, 305.13, 100, 74232, 73
2026/07/29 11:32:49.458, 302.82, 100, 74232, 73
2026/07/29 11:32:50.495, 303.34, 100, 74232, 73
2026/07/29 11:32:51.532, 302.77, 100, 74232, 73
2026/07/29 11:32:52.569, 304.77, 100, 74232, 73
2026/07/29 11:32:53.605, 302.96, 100, 74232, 73
2026/07/29 11:32:54.644, 295.02, 100, 74232, 73
2026/07/29 11:32:55.682, 295.78, 100, 74232, 73
2026/07/29 11:32:56.720, 296.73, 100, 74232, 73
2026/07/29 11:32:57.757, 291.31, 100, 74232, 73
2026/07/29 11:32:58.795, 296.74, 100, 74232, 73
2026/07/29 11:32:59.834, 297.19, 100, 74232, 73
2026/07/29 11:33:00.871, 292.97, 100, 74232, 73
2026/07/29 11:33:01.912, 295.19, 100, 74232, 73
2026/07/29 11:33:02.948, 294.70, 100, 74232, 73
2026/07/29 11:33:03.985, 295.10, 100, 74232, 73
2026/07/29 11:33:05.022, 295.29, 100, 74232, 73
2026/07/29 11:33:06.058, 295.58, 100, 74232, 73
2026/07/29 11:33:07.095, 296.95, 100, 74232, 73
2026/07/29 11:33:08.131, 302.86, 100, 74232, 73
2026/07/29 11:33:09.168, 307.45, 100, 74232, 73
2026/07/29 11:33:10.206, 302.93, 100, 74232, 73
2026/07/29 11:33:11.243, 295.29, 100, 74232, 73
2026/07/29 11:33:12.280, 290.93, 100, 74232, 73
2026/07/29 11:33:13.317, 296.37, 100, 74232, 73
2026/07/29 11:33:14.355, 295.29, 100, 74232, 73
2026/07/29 11:33:15.396, 300.82, 100, 74232, 73
2026/07/29 11:33:16.434, 303.12, 100, 74232, 73
2026/07/29 11:33:17.471, 299.97, 100, 74232, 73
2026/07/29 11:33:18.507, 295.11, 100, 74232, 73
2026/07/29 11:33:19.544, 297.41, 100, 74232, 73
2026/07/29 11:33:20.582, 295.59, 100, 74232, 73
2026/07/29 11:33:21.618, 295.37, 100, 74232, 73
2026/07/29 11:33:22.658, 295.60, 100, 74232, 73
2026/07/29 11:33:23.696, 296.26, 100, 74232, 73
2026/07/29 11:33:24.732, 296.49, 100, 74232, 73
2026/07/29 11:33:25.770, 302.76, 100, 74232, 73
2026/07/29 11:33:26.808, 300.63, 100, 74232, 73
2026/07/29 11:33:27.845, 299.17, 100, 74232, 73
2026/07/29 11:33:28.882, 304.54, 100, 74232, 73
2026/07/29 11:33:29.920, 304.04, 100, 74232, 73
2026/07/29 11:33:30.958, 303.45, 100, 74232, 73
2026/07/29 11:33:31.996, 298.68, 100, 74232, 73
2026/07/29 11:33:33.033, 303.63, 100, 74232, 73
2026/07/29 11:33:34.071, 298.37, 100, 74232, 73
2026/07/29 11:33:35.110, 295.89, 100, 74232, 73
2026/07/29 11:33:36.147, 296.27, 100, 74232, 73
2026/07/29 11:33:37.185, 295.77, 100, 74232, 73
2026/07/29 11:33:38.222, 295.68, 100, 74232, 73
2026/07/29 11:33:39.259, 295.48, 100, 74232, 73
2026/07/29 11:33:40.297, 295.49, 100, 74232, 73
2026/07/29 11:33:41.334, 295.39, 100, 74232, 73
2026/07/29 11:33:42.374, 299.18, 100, 74232, 73
2026/07/29 11:33:43.412, 296.25, 100, 74232, 73
2026/07/29 11:33:44.449, 296.24, 100, 74232, 73
2026/07/29 11:33:45.488, 295.37, 100, 74232, 73
2026/07/29 11:33:46.525, 295.68, 100, 74232, 73
2026/07/29 11:33:47.563, 302.66, 100, 74232, 73
2026/07/29 11:33:48.601, 295.30, 100, 74232, 73
2026/07/29 11:33:49.640, 295.50, 100, 74232, 73
2026/07/29 11:33:50.678, 299.46, 100, 74232, 73
2026/07/29 11:33:51.714, 303.23, 100, 74232, 73
2026/07/29 11:33:52.753, 303.41, 100, 74232, 73
2026/07/29 11:33:53.790, 303.11, 100, 74232, 73
2026/07/29 11:33:54.829, 303.24, 100, 74232, 73
2026/07/29 11:33:55.867, 303.17, 100, 74232, 73
2026/07/29 11:33:56.904, 303.22, 100, 74232, 73
2026/07/29 11:33:57.942, 300.91, 100, 74232, 73
2026/07/29 11:33:58.979, 297.42, 100, 74232, 73
2026/07/29 11:34:00.016, 292.48, 100, 74232, 73
2026/07/29 11:34:01.057, 296.08, 100, 74232, 73
2026/07/29 11:34:02.094, 296.27, 100, 74232, 73
2026/07/29 11:34:03.132, 295.48, 100, 74232, 73
2026/07/29 11:34:04.170, 296.29, 100, 74232, 73
2026/07/29 11:34:05.208, 291.89, 100, 74232, 73
2026/07/29 11:34:06.247, 291.12, 100, 74232, 73
2026/07/29 11:34:07.285, 301.69, 100, 74232, 73
2026/07/29 11:34:08.322, 303.05, 100, 74232, 73
2026/07/29 11:34:09.359, 302.44, 100, 74232, 73
2026/07/29 11:34:10.396, 304.19, 100, 74232, 73
2026/07/29 11:34:11.433, 302.52, 100, 74232, 73
2026/07/29 11:34:12.470, 302.94, 100, 74232, 73
2026/07/29 11:34:13.507, 301.87, 100, 74232, 73
2026/07/29 11:34:14.544, 303.25, 100, 74232, 73
2026/07/29 11:34:15.582, 302.46, 100, 74232, 73
2026/07/29 11:34:16.620, 302.75, 100, 74232, 73
2026/07/29 11:34:17.657, 292.08, 100, 74232, 73
2026/07/29 11:34:18.694, 295.10, 100, 74232, 73
2026/07/29 11:34:19.730, 291.81, 100, 74232, 73
2026/07/29 11:34:20.766, 295.70, 100, 74232, 73
2026/07/29 11:34:21.802, 295.49, 100, 74232, 73
2026/07/29 11:34:22.841, 296.15, 100, 74232, 73
2026/07/29 11:34:23.877, 293.24, 100, 74232, 73
2026/07/29 11:34:24.914, 295.47, 100, 74232, 73
2026/07/29 11:34:25.951, 296.48, 100, 74232, 73
2026/07/29 11:34:26.989, 295.97, 100, 74232, 73
2026/07/29 11:34:28.029, 301.20, 100, 74232, 73
2026/07/29 11:34:29.066, 299.35, 100, 74232, 73
2026/07/29 11:34:30.102, 300.36, 100, 74232, 73
2026/07/29 11:34:31.140, 300.73, 100, 74232, 73
2026/07/29 11:34:32.178, 298.61, 100, 74232, 73
2026/07/29 11:34:33.216, 302.65, 100, 74232, 73
2026/07/29 11:34:34.257, 303.35, 100, 74232, 73
2026/07/29 11:34:35.295, 303.72, 100, 74232, 73
2026/07/29 11:34:36.333, 298.40, 100, 74232, 73
2026/07/29 11:34:37.372, 302.94, 100, 74232, 73
2026/07/29 11:34:38.409, 305.01, 100, 74232, 73
2026/07/29 11:34:39.445, 303.60, 100, 74232, 73
2026/07/29 11:34:40.484, 303.12, 100, 74232, 73
2026/07/29 11:34:41.521, 305.08, 100, 74232, 73
2026/07/29 11:34:42.560, 303.80, 100, 74232, 73
2026/07/29 11:34:43.596, 292.49, 100, 74232, 73
2026/07/29 11:34:44.635, 296.27, 100, 74232, 73
2026/07/29 11:34:45.673, 295.21, 100, 74232, 73
2026/07/29 11:34:46.712, 297.14, 100, 74232, 73
2026/07/29 11:34:47.749, 296.73, 100, 74232, 73
2026/07/29 11:34:48.787, 298.08, 100, 74232, 73
2026/07/29 11:34:49.825, 297.05, 100, 74232, 73
2026/07/29 11:34:50.862, 295.78, 100, 74232, 73
2026/07/29 11:34:51.901, 298.66, 100, 74232, 73
2026/07/29 11:34:52.939, 295.98, 100, 74232, 73
2026/07/29 11:34:53.975, 296.43, 100, 74232, 73
2026/07/29 11:34:55.014, 295.90, 100, 74232, 73
2026/07/29 11:34:56.052, 296.07, 100, 74232, 73
2026/07/29 11:34:57.089, 298.87, 100, 74232, 73
2026/07/29 11:34:58.128, 295.77, 100, 74232, 73
2026/07/29 11:34:59.166, 303.90, 100, 74232, 73
2026/07/29 11:35:00.203, 303.63, 100, 74232, 73
2026/07/29 11:35:01.241, 297.42, 100, 74232, 73
2026/07/29 11:35:02.279, 296.35, 100, 74232, 73
2026/07/29 11:35:03.316, 302.94, 100, 74232, 73
2026/07/29 11:35:04.353, 304.22, 100, 74232, 73
2026/07/29 11:35:05.392, 297.81, 100, 74232, 73
2026/07/29 11:35:06.429, 302.87, 100, 74232, 73
2026/07/29 11:35:07.466, 295.98, 100, 74232, 73
2026/07/29 11:35:08.508, 295.78, 100, 74232, 73
2026/07/29 11:35:09.545, 303.80, 100, 74232, 73
2026/07/29 11:35:10.582, 298.17, 100, 74232, 73
2026/07/29 11:35:11.622, 303.89, 100, 74232, 73
2026/07/29 11:35:12.659, 305.15, 100, 74232, 73
2026/07/29 11:35:13.697, 303.23, 100, 74232, 73
2026/07/29 11:35:14.734, 303.69, 100, 74232, 73
2026/07/29 11:35:15.772, 303.15, 100, 74232, 73
2026/07/29 11:35:16.809, 297.02, 100, 74232, 73
2026/07/29 11:35:17.846, 292.09, 100, 74232, 73
2026/07/29 11:35:18.884, 291.82, 100, 74232, 73
2026/07/29 11:35:19.922, 295.47, 100, 74232, 73
2026/07/29 11:35:20.961, 295.60, 100, 74232, 73
2026/07/29 11:35:22.000, 303.24, 100, 74232, 73
2026/07/29 11:35:23.039, 304.39, 100, 74232, 73
2026/07/29 11:35:24.077, 297.81, 100, 74232, 73
2026/07/29 11:35:25.114, 295.30, 100, 74232, 73
2026/07/29 11:35:26.152, 294.04, 100, 74232, 73
2026/07/29 11:35:27.189, 295.78, 100, 74232, 73
2026/07/29 11:35:28.226, 297.09, 100, 74232, 73
2026/07/29 11:35:29.262, 303.02, 100, 74232, 73
2026/07/29 11:35:30.299, 303.04, 100, 74232, 73
2026/07/29 11:35:31.336, 303.71, 100, 74232, 73
2026/07/29 11:35:32.373, 303.62, 100, 74232, 73
2026/07/29 11:35:33.410, 296.45, 100, 74232, 73
2026/07/29 11:35:34.446, 297.04, 100, 74232, 73
2026/07/29 11:35:35.482, 296.26, 100, 74232, 73
2026/07/29 11:35:36.519, 295.68, 100, 74232, 73
2026/07/29 11:35:37.555, 296.75, 100, 74232, 73
2026/07/29 11:35:38.592, 295.49, 100, 74232, 73
2026/07/29 11:35:39.629, 296.36, 100, 74232, 73
2026/07/29 11:35:40.665, 295.76, 100, 74232, 73
2026/07/29 11:35:41.702, 292.07, 100, 74232, 73
2026/07/29 11:35:42.740, 298.20, 100, 74232, 73
2026/07/29 11:35:43.776, 295.98, 100, 74232, 73
2026/07/29 11:35:44.814, 295.39, 100, 74232, 73
2026/07/29 11:35:45.851, 296.47, 100, 74232, 73
2026/07/29 11:35:46.892, 296.45, 100, 74232, 73
2026/07/29 11:35:47.930, 295.60, 100, 74232, 73
2026/07/29 11:35:48.968, 296.82, 100, 74232, 73
2026/07/29 11:35:50.009, 295.78, 100, 74232, 73
2026/07/29 11:35:51.047, 296.06, 100, 74232, 73
2026/07/29 11:35:52.083, 306.99, 100, 74232, 73
2026/07/29 11:35:53.120, 303.21, 100, 74232, 73
2026/07/29 11:35:54.158, 304.57, 100, 74232, 73
2026/07/29 11:35:55.195, 300.24, 100, 74232, 73
2026/07/29 11:35:56.233, 303.23, 100, 74232, 73
2026/07/29 11:35:57.270, 300.36, 100, 74232, 73
2026/07/29 11:35:58.308, 300.42, 100, 74232, 73
2026/07/29 11:35:59.345, 303.61, 100, 74232, 73
2026/07/29 11:36:00.384, 303.51, 100, 74232, 73
2026/07/29 11:36:01.422, 304.38, 100, 74232, 73
2026/07/29 11:36:02.461, 302.44, 100, 74232, 73
2026/07/29 11:36:03.499, 303.22, 100, 74232, 73
2026/07/29 11:36:04.536, 303.91, 100, 74232, 73
2026/07/29 11:36:05.575, 301.59, 100, 74232, 73
2026/07/29 11:36:06.613, 295.96, 100, 74232, 73
2026/07/29 11:36:07.656, 305.55, 100, 74232, 73
2026/07/29 11:36:08.693, 293.16, 100, 74232, 73
2026/07/29 11:36:09.731, 295.10, 100, 74232, 73
2026/07/29 11:36:10.768, 201.88, 100, 74232, 71
2026/07/29 11:36:11.801, 296.15, 100, 74232, 74
2026/07/29 11:36:12.836, 297.51, 100, 74232, 74
2026/07/29 11:36:13.872, 297.42, 100, 74232, 74
2026/07/29 11:36:14.908, 299.94, 100, 74232, 74
2026/07/29 11:36:15.943, 287.92, 100, 74232, 74
2026/07/29 11:36:16.979, 298.75, 100, 74232, 74
2026/07/29 11:36:18.019, 311.70, 100, 74232, 73
2026/07/29 11:36:19.057, 286.56, 100, 74232, 73
2026/07/29 11:36:20.096, 288.01, 100, 74232, 73
2026/07/29 11:36:21.134, 288.78, 100, 74232, 73
2026/07/29 11:36:22.172, 290.64, 100, 74232, 73
2026/07/29 11:36:23.210, 296.45, 100, 74232, 73
2026/07/29 11:36:24.248, 297.13, 100, 74232, 73
2026/07/29 11:36:25.287, 300.13, 100, 74232, 73
2026/07/29 11:36:26.326, 304.72, 100, 74232, 73
2026/07/29 11:36:27.363, 304.48, 100, 74232, 73
2026/07/29 11:36:28.401, 303.58, 100, 74232, 73
2026/07/29 11:36:29.438, 303.50, 100, 74232, 74
2026/07/29 11:36:30.478, 304.29, 100, 74232, 74
2026/07/29 11:36:31.515, 305.82, 100, 74232, 74
2026/07/29 11:36:32.552, 304.01, 100, 74232, 74
2026/07/29 11:36:33.588, 298.89, 100, 74232, 73
2026/07/29 11:36:34.626, 298.09, 100, 74232, 73
2026/07/29 11:36:35.665, 296.64, 100, 74232, 73
2026/07/29 11:36:36.702, 295.78, 100, 74232, 73
2026/07/29 11:36:37.739, 295.50, 100, 74232, 73
2026/07/29 11:36:38.777, 296.74, 100, 74232, 73
2026/07/29 11:36:39.814, 296.17, 100, 74232, 73
2026/07/29 11:36:40.852, 291.99, 100, 74232, 73
2026/07/29 11:36:41.889, 295.82, 100, 74232, 73
2026/07/29 11:36:42.930, 295.51, 100, 74232, 73
2026/07/29 11:36:43.968, 295.00, 100, 74232, 73
2026/07/29 11:36:45.006, 295.78, 100, 74232, 73
2026/07/29 11:36:46.046, 295.10, 100, 74232, 73
2026/07/29 11:36:47.084, 295.40, 100, 74232, 73
2026/07/29 11:36:48.121, 296.07, 100, 74232, 73
2026/07/29 11:36:49.159, 299.06, 100, 74232, 73
2026/07/29 11:36:50.196, 300.14, 100, 74232, 73
2026/07/29 11:36:51.234, 301.58, 100, 74232, 73
2026/07/29 11:36:52.271, 299.85, 100, 74232, 73
2026/07/29 11:36:53.307, 302.74, 100, 74232, 73
2026/07/29 11:36:54.345, 303.52, 100, 74232, 73
2026/07/29 11:36:55.382, 303.13, 100, 74232, 73
2026/07/29 11:36:56.419, 303.42, 100, 74232, 73
2026/07/29 11:36:57.457, 302.27, 100, 74232, 73
2026/07/29 11:36:58.502, 302.83, 100, 74232, 73
2026/07/29 11:36:59.540, 298.17, 100, 74232, 73
2026/07/29 11:37:00.577, 294.98, 100, 74232, 73
2026/07/29 11:37:01.615, 291.61, 100, 74232, 73
2026/07/29 11:37:02.654, 296.28, 100, 74232, 73
2026/07/29 11:37:03.692, 297.93, 100, 74232, 73
2026/07/29 11:37:04.730, 295.03, 100, 74232, 73
2026/07/29 11:37:05.767, 294.11, 100, 74232, 73
2026/07/29 11:37:06.805, 294.72, 100, 74232, 73
2026/07/29 11:37:07.842, 295.60, 100, 74232, 73
2026/07/29 11:37:08.879, 295.70, 100, 74232, 73
2026/07/29 11:37:09.916, 296.25, 100, 74232, 73
2026/07/29 11:37:10.954, 296.28, 100, 74232, 73
2026/07/29 11:37:11.994, 298.88, 100, 74232, 73
2026/07/29 11:37:13.032, 295.48, 100, 74232, 73
2026/07/29 11:37:14.071, 302.20, 100, 74232, 73
2026/07/29 11:37:15.109, 302.76, 100, 74232, 73
2026/07/29 11:37:16.146, 304.09, 100, 74232, 73
2026/07/29 11:37:17.183, 303.46, 100, 74232, 73
2026/07/29 11:37:18.221, 302.86, 100, 74232, 73
2026/07/29 11:37:19.259, 302.68, 100, 74232, 73
2026/07/29 11:37:20.299, 295.30, 100, 74232, 73
2026/07/29 11:37:21.338, 297.32, 100, 74232, 73
2026/07/29 11:37:22.376, 295.39, 100, 74232, 73
2026/07/29 11:37:23.414, 295.41, 100, 74232, 73
2026/07/29 11:37:24.452, 302.95, 100, 74232, 73
2026/07/29 11:37:25.490, 302.75, 100, 74232, 73
2026/07/29 11:37:26.527, 303.89, 100, 74232, 73
2026/07/29 11:37:27.564, 302.68, 100, 74232, 73
2026/07/29 11:37:28.601, 302.67, 100, 74232, 73
2026/07/29 11:37:29.640, 303.86, 100, 74232, 73
2026/07/29 11:37:30.677, 303.23, 100, 74232, 73
2026/07/29 11:37:31.716, 303.13, 100, 74232, 73
2026/07/29 11:37:32.754, 302.36, 100, 74232, 73
2026/07/29 11:37:33.790, 303.69, 100, 74232, 73
2026/07/29 11:37:34.829, 294.71, 100, 74232, 73
2026/07/29 11:37:35.866, 295.75, 100, 74232, 73
2026/07/29 11:37:36.903, 296.57, 100, 74232, 73
2026/07/29 11:37:37.941, 294.91, 100, 74232, 73
2026/07/29 11:37:38.978, 295.47, 100, 74232, 73
2026/07/29 11:37:40.015, 295.88, 100, 74232, 73
2026/07/29 11:37:41.051, 295.10, 100, 74232, 73
2026/07/29 11:37:42.090, 302.63, 100, 74232, 73
2026/07/29 11:37:43.128, 305.74, 100, 74232, 73
2026/07/29 11:37:44.166, 303.81, 100, 74232, 73
2026/07/29 11:37:45.202, 302.76, 100, 74232, 73
2026/07/29 11:37:46.243, 302.78, 100, 74232, 73
2026/07/29 11:37:47.280, 295.80, 100, 74232, 73
2026/07/29 11:37:48.318, 295.79, 100, 74232, 73
2026/07/29 11:37:49.355, 292.31, 100, 74232, 73
2026/07/29 11:37:50.393, 302.86, 100, 74232, 73
2026/07/29 11:37:51.431, 300.52, 100, 74232, 73
2026/07/29 11:37:52.467, 303.12, 100, 74232, 73
2026/07/29 11:37:53.505, 300.45, 100, 74232, 73
2026/07/29 11:37:54.543, 296.76, 100, 74232, 73
2026/07/29 11:37:55.580, 294.33, 100, 74232, 73
2026/07/29 11:37:56.617, 295.59, 100, 74232, 73
2026/07/29 11:37:57.656, 295.01, 100, 74232, 73
2026/07/29 11:37:58.695, 298.88, 100, 74232, 73
2026/07/29 11:37:59.734, 305.27, 100, 74232, 73
2026/07/29 11:38:00.772, 297.23, 100, 74232, 73
2026/07/29 11:38:01.812, 295.29, 100, 74232, 73
2026/07/29 11:38:02.850, 291.42, 100, 74232, 73
2026/07/29 11:38:03.888, 299.96, 100, 74232, 73
2026/07/29 11:38:04.925, 295.99, 100, 74232, 73
2026/07/29 11:38:05.962, 295.87, 100, 74232, 73
2026/07/29 11:38:07.000, 302.48, 100, 74232, 73
2026/07/29 11:38:08.037, 299.83, 100, 74232, 73
2026/07/29 11:38:09.076, 299.17, 100, 74232, 73
2026/07/29 11:38:10.113, 302.75, 100, 74232, 73
2026/07/29 11:38:11.150, 302.66, 100, 74232, 73
2026/07/29 11:38:12.187, 303.71, 100, 74232, 73
2026/07/29 11:38:13.225, 303.70, 100, 74232, 73
2026/07/29 11:38:14.262, 302.36, 100, 74232, 73
2026/07/29 11:38:15.301, 300.25, 100, 74232, 73
2026/07/29 11:38:16.338, 304.94, 100, 74232, 73
2026/07/29 11:38:17.375, 296.29, 100, 74232, 73
2026/07/29 11:38:18.412, 292.68, 100, 74232, 73
2026/07/29 11:38:19.452, 295.30, 100, 74232, 73
2026/07/29 11:38:20.489, 295.69, 100, 74232, 73
2026/07/29 11:38:21.526, 296.29, 100, 74232, 73
2026/07/29 11:38:22.564, 296.96, 100, 74232, 73
2026/07/29 11:38:23.601, 295.12, 100, 74232, 73
2026/07/29 11:38:24.640, 297.79, 100, 74232, 73
2026/07/29 11:38:25.678, 295.87, 100, 74232, 73
2026/07/29 11:38:26.716, 296.66, 100, 74232, 73
2026/07/29 11:38:27.755, 299.58, 100, 74232, 73
2026/07/29 11:38:28.793, 303.80, 100, 74232, 73
2026/07/29 11:38:29.830, 303.26, 100, 74232, 73
2026/07/29 11:38:30.867, 304.01, 100, 74232, 73
2026/07/29 11:38:31.904, 302.86, 100, 74232, 73
2026/07/29 11:38:32.942, 304.89, 100, 74232, 73
2026/07/29 11:38:33.979, 296.64, 100, 74232, 73
2026/07/29 11:38:35.017, 295.68, 100, 74232, 73
2026/07/29 11:38:36.054, 301.02, 100, 74232, 73
2026/07/29 11:38:37.091, 303.13, 100, 74232, 73
2026/07/29 11:38:38.129, 304.95, 100, 74232, 73
2026/07/29 11:38:39.167, 298.50, 100, 74232, 73
2026/07/29 11:38:40.207, 295.11, 100, 74232, 73
2026/07/29 11:38:41.245, 295.31, 100, 74232, 73
2026/07/29 11:38:42.287, 298.19, 100, 74232, 73
2026/07/29 11:38:43.327, 304.09, 100, 74232, 73
2026/07/29 11:38:44.364, 303.32, 100, 74232, 73
2026/07/29 11:38:45.401, 304.11, 100, 74232, 73
2026/07/29 11:38:46.439, 303.41, 100, 74232, 73
2026/07/29 11:38:47.475, 306.92, 100, 74232, 73
2026/07/29 11:38:48.513, 302.75, 100, 74232, 73
2026/07/29 11:38:49.549, 301.48, 100, 74232, 73
2026/07/29 11:38:50.588, 303.69, 100, 74232, 73
2026/07/29 11:38:51.625, 303.71, 100, 74232, 73
2026/07/29 11:38:52.666, 303.83, 100, 74232, 73
2026/07/29 11:38:53.703, 303.20, 100, 74232, 73
2026/07/29 11:38:54.741, 304.39, 100, 74232, 73
2026/07/29 11:38:55.781, 303.23, 100, 74232, 73
2026/07/29 11:38:56.818, 297.13, 100, 74232, 73
2026/07/29 11:38:57.856, 303.62, 100, 74232, 73
2026/07/29 11:38:58.893, 302.78, 100, 74232, 73
2026/07/29 11:38:59.930, 301.98, 100, 74232, 73
2026/07/29 11:39:00.968, 297.99, 100, 74232, 73
2026/07/29 11:39:02.008, 292.88, 100, 74232, 73
2026/07/29 11:39:03.047, 297.20, 100, 74232, 73
2026/07/29 11:39:04.086, 295.80, 100, 74232, 73
2026/07/29 11:39:05.125, 294.92, 100, 74232, 73
2026/07/29 11:39:06.163, 294.90, 100, 74232, 73
2026/07/29 11:39:07.200, 295.41, 100, 74232, 73
2026/07/29 11:39:08.241, 294.80, 100, 74232, 73
2026/07/29 11:39:09.280, 300.82, 100, 74232, 73
2026/07/29 11:39:10.316, 302.72, 100, 74232, 73
2026/07/29 11:39:11.355, 302.89, 100, 74232, 73
2026/07/29 11:39:12.392, 304.96, 100, 74232, 73
2026/07/29 11:39:13.429, 304.08, 100, 74232, 73
2026/07/29 11:39:14.469, 302.79, 100, 74232, 73
2026/07/29 11:39:15.506, 304.42, 100, 74232, 73
2026/07/29 11:39:16.543, 303.80, 100, 74232, 73
2026/07/29 11:39:17.580, 304.20, 100, 74232, 73
2026/07/29 11:39:18.617, 296.37, 100, 74232, 73
2026/07/29 11:39:19.656, 303.43, 100, 74232, 73
2026/07/29 11:39:20.694, 297.22, 100, 74232, 73
2026/07/29 11:39:21.731, 295.50, 100, 74232, 73
2026/07/29 11:39:22.768, 298.19, 100, 74232, 73
2026/07/29 11:39:23.805, 295.69, 100, 74232, 73
2026/07/29 11:39:24.843, 296.17, 100, 74232, 73
2026/07/29 11:39:25.882, 302.20, 100, 74232, 73
2026/07/29 11:39:26.922, 296.05, 100, 74232, 73
2026/07/29 11:39:27.959, 293.07, 100, 74232, 73
2026/07/29 11:39:28.996, 296.64, 100, 74232, 73
2026/07/29 11:39:30.034, 296.96, 100, 74232, 73
2026/07/29 11:39:31.079, 303.52, 100, 74232, 73
2026/07/29 11:39:32.117, 298.40, 100, 74232, 73
2026/07/29 11:39:33.154, 304.20, 100, 74232, 73
2026/07/29 11:39:34.192, 304.49, 100, 74232, 73
2026/07/29 11:39:35.230, 302.15, 100, 74232, 73
2026/07/29 11:39:36.267, 303.56, 100, 74232, 73
2026/07/29 11:39:37.305, 303.72, 100, 74232, 73
2026/07/29 11:39:38.344, 293.07, 100, 74232, 73
2026/07/29 11:39:39.381, 292.48, 100, 74232, 73
2026/07/29 11:39:40.420, 295.40, 100, 74232, 73
2026/07/29 11:39:41.459, 295.86, 100, 74232, 73
2026/07/29 11:39:42.498, 295.77, 100, 74232, 73
2026/07/29 11:39:43.534, 295.78, 100, 74232, 73
2026/07/29 11:39:44.571, 302.17, 100, 74232, 73
2026/07/29 11:39:45.607, 303.52, 100, 74232, 73
2026/07/29 11:39:46.646, 303.89, 100, 74232, 73
2026/07/29 11:39:47.685, 298.20, 100, 74232, 73
2026/07/29 11:39:48.722, 296.56, 100, 74232, 73
2026/07/29 11:39:49.759, 295.77, 100, 74232, 73
2026/07/29 11:39:50.797, 296.07, 100, 74232, 73
2026/07/29 11:39:51.833, 300.74, 100, 74232, 73
2026/07/29 11:39:52.869, 297.33, 100, 74232, 73
2026/07/29 11:39:53.907, 304.11, 100, 74232, 73
2026/07/29 11:39:54.945, 303.61, 100, 74232, 73
2026/07/29 11:39:55.982, 303.98, 100, 74232, 73
2026/07/29 11:39:57.018, 304.58, 100, 74232, 73
2026/07/29 11:39:58.054, 303.89, 100, 74232, 73
2026/07/29 11:39:59.090, 298.69, 100, 74232, 73
2026/07/29 11:40:00.127, 296.37, 100, 74232, 73
2026/07/29 11:40:01.167, 296.44, 100, 74232, 73
2026/07/29 11:40:02.203, 303.32, 100, 74232, 73
2026/07/29 11:40:03.240, 296.09, 100, 74232, 73
2026/07/29 11:40:04.276, 297.41, 100, 74232, 73
2026/07/29 11:40:05.313, 302.74, 100, 74232, 73
2026/07/29 11:40:06.349, 303.22, 100, 74232, 73
2026/07/29 11:40:07.388, 298.70, 100, 74232, 73
2026/07/29 11:40:08.425, 296.83, 100, 74232, 73
2026/07/29 11:40:09.463, 299.24, 100, 74232, 73
2026/07/29 11:40:10.500, 295.79, 100, 74232, 73
2026/07/29 11:40:11.539, 297.53, 100, 74232, 73
2026/07/29 11:40:12.576, 295.38, 100, 74232, 73
2026/07/29 11:40:13.611, 300.24, 100, 74232, 73
2026/07/29 11:40:14.648, 303.86, 100, 74232, 73
2026/07/29 11:40:15.685, 299.64, 100, 74232, 73
2026/07/29 11:40:16.723, 303.25, 100, 74232, 73
2026/07/29 11:40:17.760, 297.32, 100, 74232, 73
2026/07/29 11:40:18.798, 295.78, 100, 74232, 73
2026/07/29 11:40:19.836, 295.59, 100, 74232, 73
2026/07/29 11:40:20.874, 296.08, 100, 74232, 73
2026/07/29 11:40:21.913, 303.51, 100, 74232, 73
2026/07/29 11:40:22.950, 295.18, 100, 74232, 73
2026/07/29 11:40:23.991, 299.93, 100, 74232, 73
2026/07/29 11:40:25.028, 303.54, 100, 74232, 73
2026/07/29 11:40:26.064, 304.98, 100, 74232, 73
2026/07/29 11:40:27.103, 300.13, 100, 74232, 73
2026/07/29 11:40:28.141, 297.43, 100, 74232, 73
2026/07/29 11:40:29.179, 295.78, 100, 74232, 73
2026/07/29 11:40:30.216, 299.73, 100, 74232, 73
2026/07/29 11:40:31.255, 295.87, 100, 74232, 73
2026/07/29 11:40:32.294, 296.25, 100, 74232, 73
2026/07/29 11:40:33.330, 295.68, 100, 74232, 73
2026/07/29 11:40:34.367, 296.64, 100, 74232, 73
2026/07/29 11:40:35.404, 295.87, 100, 74232, 73
2026/07/29 11:40:36.441, 294.91, 100, 74232, 73
2026/07/29 11:40:37.478, 296.36, 100, 74232, 73
2026/07/29 11:40:38.517, 295.50, 100, 74232, 73
2026/07/29 11:40:39.554, 295.31, 100, 74232, 73
2026/07/29 11:40:40.594, 295.79, 100, 74232, 73
2026/07/29 11:40:41.631, 295.10, 100, 74232, 73
2026/07/29 11:40:42.670, 297.51, 100, 74232, 73
2026/07/29 11:40:43.710, 297.22, 100, 74232, 73
2026/07/29 11:40:44.747, 296.18, 100, 74232, 73
2026/07/29 11:40:45.789, 295.67, 100, 74232, 73
2026/07/29 11:40:46.827, 296.28, 100, 74232, 73
2026/07/29 11:40:47.865, 296.15, 100, 74232, 73
2026/07/29 11:40:48.906, 295.59, 100, 74232, 73
2026/07/29 11:40:49.948, 303.18, 100, 74232, 73
2026/07/29 11:40:50.985, 304.75, 100, 74232, 73
2026/07/29 11:40:52.023, 302.76, 100, 74232, 73
2026/07/29 11:40:53.061, 293.55, 100, 74232, 73
2026/07/29 11:40:54.097, 303.37, 100, 74232, 73
2026/07/29 11:40:55.135, 302.44, 100, 74232, 73
2026/07/29 11:40:56.173, 296.44, 100, 74232, 73
2026/07/29 11:40:57.211, 303.05, 100, 74232, 73
2026/07/29 11:40:58.248, 296.45, 100, 74232, 73
2026/07/29 11:40:59.286, 297.63, 100, 74232, 73
2026/07/29 11:41:00.324, 296.17, 100, 74232, 73
2026/07/29 11:41:01.361, 296.26, 100, 74232, 73
2026/07/29 11:41:02.399, 295.98, 100, 74232, 73
2026/07/29 11:41:03.436, 295.86, 100, 74232, 73
2026/07/29 11:41:04.475, 295.50, 100, 74232, 73
2026/07/29 11:41:05.512, 295.99, 100, 74232, 73
2026/07/29 11:41:06.549, 296.17, 100, 74232, 73
2026/07/29 11:41:07.587, 295.87, 100, 74232, 73
2026/07/29 11:41:08.624, 295.87, 100, 74232, 73
2026/07/29 11:41:09.661, 295.10, 100, 74232, 73
2026/07/29 11:41:10.696, 299.65, 100, 74232, 73
2026/07/29 11:41:11.734, 99.45, 0, 74232, 69
2026/07/29 11:41:12.768, 303.53, 100, 74232, 74
2026/07/29 11:41:13.803, 300.65, 100, 74232, 74
2026/07/29 11:41:14.840, 298.20, 100, 74232, 74
2026/07/29 11:41:15.875, 310.03, 100, 74232, 74
2026/07/29 11:41:16.912, 305.52, 100, 74232, 74
2026/07/29 11:41:17.949, 272.39, 100, 74232, 74
2026/07/29 11:41:18.984, 292.43, 100, 74232, 72
2026/07/29 11:41:20.022, 286.76, 100, 74232, 72
2026/07/29 11:41:21.059, 296.56, 100, 74232, 73
2026/07/29 11:41:22.099, 295.28, 100, 74232, 73
2026/07/29 11:41:23.136, 294.14, 100, 74232, 73
2026/07/29 11:41:24.173, 298.80, 100, 74232, 73
2026/07/29 11:41:25.211, 302.38, 100, 74232, 73
2026/07/29 11:41:26.248, 303.44, 100, 74232, 73
2026/07/29 11:41:27.286, 303.26, 100, 74232, 73
2026/07/29 11:41:28.322, 301.29, 100, 74232, 73
2026/07/29 11:41:29.364, 299.93, 100, 74232, 73
2026/07/29 11:41:30.401, 303.51, 100, 74232, 73
2026/07/29 11:41:31.438, 303.60, 100, 74232, 73
2026/07/29 11:41:32.476, 300.52, 100, 74232, 73
2026/07/29 11:41:33.512, 305.65, 100, 74232, 74
2026/07/29 11:41:34.552, 304.24, 100, 74232, 74
2026/07/29 11:41:35.589, 299.48, 100, 74232, 73
2026/07/29 11:41:36.629, 298.17, 100, 74232, 73
2026/07/29 11:41:37.668, 295.20, 100, 74232, 73
2026/07/29 11:41:38.705, 296.45, 100, 74232, 73
2026/07/29 11:41:39.742, 292.19, 100, 74232, 73
2026/07/29 11:41:40.782, 297.28, 100, 74232, 73
2026/07/29 11:41:41.820, 296.54, 100, 74232, 73
2026/07/29 11:41:42.859, 295.69, 100, 74232, 73
2026/07/29 11:41:43.896, 302.56, 100, 74232, 73
2026/07/29 11:41:44.933, 302.95, 100, 74232, 73
2026/07/29 11:41:45.971, 303.89, 100, 74232, 73
2026/07/29 11:41:47.007, 303.56, 100, 74232, 73
2026/07/29 11:41:48.045, 303.28, 100, 74232, 73
2026/07/29 11:41:49.081, 303.70, 100, 74232, 73
2026/07/29 11:41:50.120, 305.43, 100, 74232, 73
2026/07/29 11:41:51.157, 302.82, 100, 74232, 73
2026/07/29 11:41:52.193, 304.99, 100, 74232, 73
2026/07/29 11:41:53.230, 304.10, 100, 74232, 73
2026/07/29 11:41:54.267, 293.45, 100, 74232, 73
2026/07/29 11:41:55.305, 296.85, 100, 74232, 73
2026/07/29 11:41:56.342, 296.25, 100, 74232, 73
2026/07/29 11:41:57.380, 296.67, 100, 74232, 73
2026/07/29 11:41:58.420, 293.36, 100, 74232, 73
2026/07/29 11:41:59.459, 295.59, 100, 74232, 73
2026/07/29 11:42:00.497, 295.09, 100, 74232, 73
2026/07/29 11:42:01.535, 295.87, 100, 74232, 73
2026/07/29 11:42:02.571, 296.45, 100, 74232, 73
2026/07/29 11:42:03.611, 297.23, 100, 74232, 73
2026/07/29 11:42:04.650, 295.68, 100, 74232, 73
2026/07/29 11:42:05.687, 295.69, 100, 74232, 73
2026/07/29 11:42:06.725, 295.88, 100, 74232, 73
2026/07/29 11:42:07.763, 295.49, 100, 74232, 73
2026/07/29 11:42:08.801, 295.37, 100, 74232, 73
2026/07/29 11:42:09.840, 297.32, 100, 74232, 73
2026/07/29 11:42:10.877, 296.16, 100, 74232, 73
2026/07/29 11:42:11.917, 298.86, 100, 74232, 73
2026/07/29 11:42:12.955, 295.38, 100, 74232, 73
2026/07/29 11:42:13.993, 297.43, 100, 74232, 73
2026/07/29 11:42:15.030, 293.55, 100, 74232, 73
2026/07/29 11:42:16.069, 294.89, 100, 74232, 73
2026/07/29 11:42:17.107, 295.97, 100, 74232, 73
2026/07/29 11:42:18.143, 302.14, 100, 74232, 73
2026/07/29 11:42:19.182, 301.13, 100, 74232, 73
2026/07/29 11:42:20.219, 304.49, 100, 74232, 73
2026/07/29 11:42:21.257, 299.75, 100, 74232, 73
2026/07/29 11:42:22.295, 304.70, 100, 74232, 73
2026/07/29 11:42:23.333, 303.11, 100, 74232, 73
2026/07/29 11:42:24.374, 302.87, 100, 74232, 73
2026/07/29 11:42:25.411, 303.51, 100, 74232, 73
2026/07/29 11:42:26.449, 295.58, 100, 74232, 73
2026/07/29 11:42:27.489, 297.71, 100, 74232, 73
2026/07/29 11:42:28.527, 298.29, 100, 74232, 73
2026/07/29 11:42:29.564, 295.21, 100, 74232, 73
2026/07/29 11:42:30.601, 298.21, 100, 74232, 73
2026/07/29 11:42:31.639, 295.11, 100, 74232, 73
2026/07/29 11:42:32.681, 294.59, 100, 74232, 73
2026/07/29 11:42:33.719, 295.39, 100, 74232, 73
2026/07/29 11:42:34.756, 294.22, 100, 74232, 73
2026/07/29 11:42:35.794, 294.80, 100, 74232, 73
2026/07/29 11:42:36.834, 302.83, 100, 74232, 73
2026/07/29 11:42:37.872, 299.30, 100, 74232, 73
2026/07/29 11:42:38.910, 297.22, 100, 74232, 73
2026/07/29 11:42:39.948, 302.94, 100, 74232, 73
2026/07/29 11:42:40.985, 300.91, 100, 74232, 73
2026/07/29 11:42:42.022, 302.65, 100, 74232, 73
2026/07/29 11:42:43.059, 299.75, 100, 74232, 73
2026/07/29 11:42:44.097, 303.03, 100, 74232, 73
2026/07/29 11:42:45.134, 303.41, 100, 74232, 73
2026/07/29 11:42:46.173, 303.13, 100, 74232, 73
2026/07/29 11:42:47.210, 302.64, 100, 74232, 73
2026/07/29 11:42:48.248, 303.56, 100, 74232, 73
2026/07/29 11:42:49.286, 303.51, 100, 74232, 73
2026/07/29 11:42:50.324, 303.12, 100, 74232, 73
2026/07/29 11:42:51.362, 303.74, 100, 74232, 73
2026/07/29 11:42:52.400, 296.48, 100, 74232, 73
2026/07/29 11:42:53.438, 296.45, 100, 74232, 73
2026/07/29 11:42:54.475, 296.16, 100, 74232, 73
2026/07/29 11:42:55.513, 295.22, 100, 74232, 73
2026/07/29 11:42:56.550, 292.12, 100, 74232, 73
2026/07/29 11:42:57.588, 298.02, 100, 74232, 73
2026/07/29 11:42:58.627, 296.38, 100, 74232, 73
2026/07/29 11:42:59.665, 294.12, 100, 74232, 73
2026/07/29 11:43:00.704, 296.18, 100, 74232, 73
2026/07/29 11:43:01.742, 297.41, 100, 74232, 73
2026/07/29 11:43:02.779, 296.46, 100, 74232, 73
2026/07/29 11:43:03.818, 296.53, 100, 74232, 73
2026/07/29 11:43:04.855, 295.22, 100, 74232, 73
2026/07/29 11:43:05.892, 295.98, 100, 74232, 73
2026/07/29 11:43:06.929, 295.59, 100, 74232, 73
2026/07/29 11:43:07.967, 298.76, 100, 74232, 73
2026/07/29 11:43:09.004, 302.68, 100, 74232, 73
2026/07/29 11:43:10.041, 302.16, 100, 74232, 73
2026/07/29 11:43:11.078, 302.84, 100, 74232, 73
2026/07/29 11:43:12.115, 304.27, 100, 74232, 73
2026/07/29 11:43:13.152, 303.22, 100, 74232, 73
2026/07/29 11:43:14.189, 304.10, 100, 74232, 73
2026/07/29 11:43:15.226, 303.99, 100, 74232, 73
2026/07/29 11:43:16.265, 294.49, 100, 74232, 73
2026/07/29 11:43:17.302, 292.49, 100, 74232, 73
2026/07/29 11:43:18.338, 292.38, 100, 74232, 73
2026/07/29 11:43:19.378, 295.90, 100, 74232, 73
2026/07/29 11:43:20.415, 296.19, 100, 74232, 73
2026/07/29 11:43:21.451, 294.91, 100, 74232, 73
2026/07/29 11:43:22.488, 293.93, 100, 74232, 73
2026/07/29 11:43:23.525, 296.46, 100, 74232, 73
2026/07/29 11:43:24.562, 302.95, 100, 74232, 73
2026/07/29 11:43:25.605, 304.02, 100, 74232, 73
2026/07/29 11:43:26.640, 292.78, 100, 74232, 73
2026/07/29 11:43:27.679, 295.79, 100, 74232, 73
2026/07/29 11:43:28.717, 304.28, 100, 74232, 73
2026/07/29 11:43:29.756, 294.81, 100, 74232, 73
2026/07/29 11:43:30.794, 295.61, 100, 74232, 73
2026/07/29 11:43:31.830, 303.46, 100, 74232, 73
2026/07/29 11:43:32.866, 299.94, 100, 74232, 73
2026/07/29 11:43:33.902, 300.33, 100, 74232, 73
2026/07/29 11:43:34.940, 304.40, 100, 74232, 73
2026/07/29 11:43:35.979, 300.22, 100, 74232, 73
2026/07/29 11:43:37.015, 301.10, 100, 74232, 73
2026/07/29 11:43:38.050, 299.94, 100, 74232, 73
2026/07/29 11:43:39.086, 307.49, 100, 74232, 73
2026/07/29 11:43:40.125, 303.74, 100, 74232, 73
2026/07/29 11:43:41.161, 304.61, 100, 74232, 73
2026/07/29 11:43:42.202, 304.20, 100, 74232, 73
2026/07/29 11:43:43.240, 303.57, 100, 74232, 73
2026/07/29 11:43:44.277, 299.74, 100, 74232, 73
2026/07/29 11:43:45.314, 295.96, 100, 74232, 73
2026/07/29 11:43:46.351, 292.30, 100, 74232, 73
2026/07/29 11:43:47.388, 295.41, 100, 74232, 73
2026/07/29 11:43:48.424, 298.18, 100, 74232, 73
2026/07/29 11:43:49.460, 295.58, 100, 74232, 73
2026/07/29 11:43:50.496, 300.43, 100, 74232, 73
2026/07/29 11:43:51.533, 295.97, 100, 74232, 73
2026/07/29 11:43:52.570, 296.87, 100, 74232, 73
2026/07/29 11:43:53.607, 303.61, 100, 74232, 73
2026/07/29 11:43:54.644, 301.11, 100, 74232, 73
2026/07/29 11:43:55.683, 298.97, 100, 74232, 73
2026/07/29 11:43:56.719, 303.37, 100, 74232, 73
2026/07/29 11:43:57.755, 301.55, 100, 74232, 73
2026/07/29 11:43:58.790, 301.20, 100, 74232, 73
2026/07/29 11:43:59.827, 295.30, 100, 74232, 73
2026/07/29 11:44:00.864, 298.69, 100, 74232, 73
2026/07/29 11:44:01.906, 295.49, 100, 74232, 73
2026/07/29 11:44:02.944, 302.93, 100, 74232, 73
2026/07/29 11:44:03.982, 295.78, 100, 74232, 73
2026/07/29 11:44:05.019, 296.04, 100, 74232, 73
2026/07/29 11:44:06.057, 299.14, 100, 74232, 73
2026/07/29 11:44:07.097, 295.61, 100, 74232, 73
2026/07/29 11:44:08.141, 296.94, 100, 74232, 73
2026/07/29 11:44:09.178, 304.79, 100, 74232, 73
2026/07/29 11:44:10.214, 303.17, 100, 74232, 73
2026/07/29 11:44:11.251, 303.74, 100, 74232, 73
2026/07/29 11:44:12.288, 303.53, 100, 74232, 73
2026/07/29 11:44:13.327, 303.23, 100, 74232, 73
2026/07/29 11:44:14.364, 303.60, 100, 74232, 73
2026/07/29 11:44:15.401, 303.98, 100, 74232, 73
2026/07/29 11:44:16.438, 303.62, 100, 74232, 73
2026/07/29 11:44:17.473, 297.71, 100, 74232, 73
2026/07/29 11:44:18.510, 295.58, 100, 74232, 73
2026/07/29 11:44:19.547, 295.78, 100, 74232, 73
2026/07/29 11:44:20.584, 296.85, 100, 74232, 73
2026/07/29 11:44:21.621, 295.87, 100, 74232, 73
2026/07/29 11:44:22.660, 296.67, 100, 74232, 73
2026/07/29 11:44:23.698, 295.68, 100, 74232, 73
2026/07/29 11:44:24.735, 296.18, 100, 74232, 73
2026/07/29 11:44:25.771, 298.30, 100, 74232, 73
2026/07/29 11:44:26.808, 295.79, 100, 74232, 73
2026/07/29 11:44:27.846, 293.64, 100, 74232, 73
2026/07/29 11:44:28.885, 301.29, 100, 74232, 73
2026/07/29 11:44:29.922, 300.88, 100, 74232, 73
2026/07/29 11:44:30.961, 300.43, 100, 74232, 73
2026/07/29 11:44:31.997, 302.84, 100, 74232, 73
2026/07/29 11:44:33.034, 302.96, 100, 74232, 73
2026/07/29 11:44:34.072, 303.75, 100, 74232, 73
2026/07/29 11:44:35.108, 303.14, 100, 74232, 73
2026/07/29 11:44:36.145, 303.15, 100, 74232, 73
2026/07/29 11:44:37.186, 304.98, 100, 74232, 73
2026/07/29 11:44:38.223, 303.60, 100, 74232, 73
2026/07/29 11:44:39.260, 295.31, 100, 74232, 73
2026/07/29 11:44:40.297, 292.58, 100, 74232, 73
2026/07/29 11:44:41.336, 292.77, 100, 74232, 73
2026/07/29 11:44:42.378, 303.05, 100, 74232, 73
2026/07/29 11:44:43.415, 302.88, 100, 74232, 73
2026/07/29 11:44:44.455, 300.31, 100, 74232, 73
2026/07/29 11:44:45.494, 296.67, 100, 74232, 73
2026/07/29 11:44:46.531, 298.29, 100, 74232, 73
2026/07/29 11:44:47.568, 297.41, 100, 74232, 73
2026/07/29 11:44:48.604, 298.10, 100, 74232, 73
2026/07/29 11:44:49.642, 293.45, 100, 74232, 73
2026/07/29 11:44:50.678, 295.50, 100, 74232, 73
2026/07/29 11:44:51.714, 299.74, 100, 74232, 73
2026/07/29 11:44:52.753, 297.60, 100, 74232, 73
2026/07/29 11:44:53.789, 296.76, 100, 74232, 73
2026/07/29 11:44:54.828, 296.44, 100, 74232, 73
2026/07/29 11:44:55.866, 303.14, 100, 74232, 73
2026/07/29 11:44:56.904, 299.36, 100, 74232, 73
2026/07/29 11:44:57.940, 300.81, 100, 74232, 73
2026/07/29 11:44:58.978, 302.83, 100, 74232, 73
2026/07/29 11:45:00.014, 303.56, 100, 74232, 73
2026/07/29 11:45:01.052, 303.22, 100, 74232, 73
2026/07/29 11:45:02.089, 300.71, 100, 74232, 73
2026/07/29 11:45:03.127, 297.23, 100, 74232, 73
2026/07/29 11:45:04.165, 297.05, 100, 74232, 73
2026/07/29 11:45:05.202, 298.96, 100, 74232, 73
2026/07/29 11:45:06.240, 295.98, 100, 74232, 73
2026/07/29 11:45:07.277, 297.92, 100, 74232, 73
2026/07/29 11:45:08.315, 295.40, 100, 74232, 73
2026/07/29 11:45:09.352, 296.27, 100, 74232, 73
2026/07/29 11:45:10.389, 295.86, 100, 74232, 73
2026/07/29 11:45:11.425, 296.25, 100, 74232, 73
2026/07/29 11:45:12.462, 295.85, 100, 74232, 73
2026/07/29 11:45:13.499, 295.20, 100, 74232, 73
2026/07/29 11:45:14.539, 295.88, 100, 74232, 73
2026/07/29 11:45:15.576, 297.42, 100, 74232, 73
2026/07/29 11:45:16.612, 296.14, 100, 74232, 73
2026/07/29 11:45:17.649, 295.96, 100, 74232, 73
2026/07/29 11:45:18.688, 301.86, 100, 74232, 73
2026/07/29 11:45:19.725, 299.36, 100, 74232, 73
2026/07/29 11:45:20.761, 303.30, 100, 74232, 73
2026/07/29 11:45:21.798, 304.21, 100, 74232, 73
2026/07/29 11:45:22.835, 302.85, 100, 74232, 73
2026/07/29 11:45:23.874, 303.00, 100, 74232, 73
2026/07/29 11:45:24.911, 303.99, 100, 74232, 73
2026/07/29 11:45:25.948, 303.81, 100, 74232, 73
2026/07/29 11:45:26.984, 304.38, 100, 74232, 73
2026/07/29 11:45:28.021, 304.37, 100, 74232, 73
2026/07/29 11:45:29.058, 303.61, 100, 74232, 73
2026/07/29 11:45:30.095, 304.96, 100, 74232, 73
2026/07/29 11:45:31.132, 304.38, 100, 74232, 73
2026/07/29 11:45:32.168, 295.99, 100, 74232, 73
2026/07/29 11:45:33.204, 296.93, 100, 74232, 73
2026/07/29 11:45:34.243, 297.02, 100, 74232, 73
2026/07/29 11:45:35.280, 295.39, 100, 74232, 73
2026/07/29 11:45:36.317, 293.15, 100, 74232, 73
2026/07/29 11:45:37.356, 296.53, 100, 74232, 73
2026/07/29 11:45:38.393, 295.97, 100, 74232, 73
2026/07/29 11:45:39.430, 295.77, 100, 74232, 73
2026/07/29 11:45:40.467, 297.63, 100, 74232, 73
2026/07/29 11:45:41.504, 298.70, 100, 74232, 73
2026/07/29 11:45:42.543, 293.54, 100, 74232, 73
2026/07/29 11:45:43.580, 295.97, 100, 74232, 73
2026/07/29 11:45:44.616, 295.93, 100, 74232, 73
2026/07/29 11:45:45.653, 295.86, 100, 74232, 73
2026/07/29 11:45:46.690, 295.48, 100, 74232, 73
2026/07/29 11:45:47.727, 295.87, 100, 74232, 73
2026/07/29 11:45:48.763, 303.14, 100, 74232, 73
2026/07/29 11:45:49.803, 303.64, 100, 74232, 73
2026/07/29 11:45:50.842, 299.84, 100, 74232, 73
2026/07/29 11:45:51.879, 295.79, 100, 74232, 73
2026/07/29 11:45:52.916, 292.00, 100, 74232, 73
2026/07/29 11:45:53.955, 296.07, 100, 74232, 73
2026/07/29 11:45:54.992, 302.17, 100, 74232, 73
2026/07/29 11:45:56.027, 303.52, 100, 74232, 73
2026/07/29 11:45:57.065, 301.59, 100, 74232, 73
2026/07/29 11:45:58.102, 292.96, 100, 74232, 73
2026/07/29 11:45:59.139, 292.10, 100, 74232, 73
2026/07/29 11:46:00.177, 297.52, 100, 74232, 73
2026/07/29 11:46:01.214, 296.64, 100, 74232, 73
2026/07/29 11:46:02.252, 295.88, 100, 74232, 73
2026/07/29 11:46:03.288, 296.05, 100, 74232, 73
2026/07/29 11:46:04.325, 295.95, 100, 74232, 73
2026/07/29 11:46:05.362, 303.52, 100, 74232, 73
2026/07/29 11:46:06.400, 303.73, 100, 74232, 73
2026/07/29 11:46:07.438, 303.65, 100, 74232, 73
2026/07/29 11:46:08.477, 304.00, 100, 74232, 73
2026/07/29 11:46:09.514, 301.03, 100, 74232, 73
2026/07/29 11:46:10.559, 296.17, 100, 74232, 73
2026/07/29 11:46:11.596, 296.47, 100, 74232, 73
2026/07/29 11:46:12.631, 99.48, 0, 74232, 70
2026/07/29 11:46:13.663, 98.07, 0, 74232, 69
2026/07/29 11:46:14.695, 97.49, 0, 74232, 68
2026/07/29 11:46:15.727, 96.61, 0, 74232, 68
2026/07/29 11:46:16.759, 95.08, 0, 74232, 67
2026/07/29 11:46:17.790, 93.93, 0, 74232, 67
2026/07/29 11:46:18.821, 94.85, 0, 74232, 66
2026/07/29 11:46:19.852, 93.07, 0, 74232, 66
2026/07/29 11:46:20.882, 93.60, 0, 74232, 65
2026/07/29 11:46:21.915, 93.35, 0, 74232, 65
2026/07/29 11:46:22.948, 92.48, 0, 74232, 65
2026/07/29 11:46:23.979, 92.76, 0, 74232, 64
2026/07/29 11:46:25.012, 92.80, 0, 74232, 64
2026/07/29 11:46:26.042, 91.33, 0, 74232, 64
2026/07/29 11:46:27.073, 91.60, 0, 74232, 63
2026/07/29 11:46:28.105, 89.64, 0, 74232, 63
2026/07/29 11:46:29.138, 89.38, 0, 74232, 63
2026/07/29 11:46:30.169, 89.23, 0, 74232, 63
2026/07/29 11:46:31.200, 88.48, 0, 74232, 62
2026/07/29 11:46:32.231, 89.73, 0, 74232, 62
2026/07/29 11:46:33.263, 88.97, 0, 74232, 62
2026/07/29 11:46:34.296, 89.79, 0, 74232, 61
2026/07/29 11:46:35.328, 87.28, 0, 74232, 61
2026/07/29 11:46:36.360, 87.45, 0, 74232, 61
2026/07/29 11:46:37.393, 87.16, 0, 74232, 61
2026/07/29 11:46:38.425, 87.61, 0, 74232, 60
2026/07/29 11:46:39.456, 87.33, 0, 74232, 60
2026/07/29 11:46:40.527, 87.59, 0, 74232, 60
2026/07/29 11:46:41.558, 86.07, 0, 74232, 60
2026/07/29 11:46:42.589, 86.24, 0, 74232, 59
2026/07/29 11:46:43.620, 86.62, 0, 74232, 59
2026/07/29 11:46:44.651, 298.44, 100, 74232, 64
2026/07/29 11:46:45.688, 311.62, 100, 74232, 65
2026/07/29 11:46:46.723, 293.44, 100, 74232, 65
2026/07/29 11:46:47.762, 303.48, 100, 74232, 66
2026/07/29 11:46:48.797, 302.12, 100, 74232, 66
2026/07/29 11:46:49.830, 308.81, 100, 74232, 66
2026/07/29 11:46:50.864, 246.29, 100, 74232, 64
2026/07/29 11:46:51.908, 282.67, 100, 74232, 65
2026/07/29 11:46:52.946, 290.25, 100, 74232, 65
2026/07/29 11:46:53.982, 290.94, 100, 74232, 65
2026/07/29 11:46:55.020, 291.20, 100, 74232, 66
2026/07/29 11:46:56.058, 298.48, 100, 74232, 66
2026/07/29 11:46:57.097, 296.18, 100, 74232, 66
2026/07/29 11:46:58.135, 299.44, 100, 74232, 66
2026/07/29 11:46:59.172, 293.26, 100, 74232, 67
2026/07/29 11:47:00.210, 289.47, 100, 74232, 67
2026/07/29 11:47:01.248, 294.43, 100, 74232, 67
2026/07/29 11:47:02.290, 298.47, 100, 74232, 67
2026/07/29 11:47:03.327, 300.34, 100, 74232, 68
2026/07/29 11:47:04.365, 302.40, 100, 74232, 68
2026/07/29 11:47:05.404, 294.73, 100, 74232, 68
2026/07/29 11:47:06.443, 303.77, 100, 74232, 68
2026/07/29 11:47:07.481, 302.78, 100, 74232, 68
2026/07/29 11:47:08.520, 302.20, 100, 74232, 69
2026/07/29 11:47:09.557, 303.45, 100, 74232, 69
2026/07/29 11:47:10.594, 303.83, 100, 74232, 69
2026/07/29 11:47:11.631, 295.97, 100, 74232, 69
2026/07/29 11:47:12.670, 296.26, 100, 74232, 69
2026/07/29 11:47:13.706, 299.46, 100, 74232, 69
2026/07/29 11:47:14.742, 296.74, 100, 74232, 69
2026/07/29 11:47:15.778, 286.35, 100, 74232, 69
2026/07/29 11:47:16.815, 286.47, 100, 74232, 69
2026/07/29 11:47:17.860, 290.38, 100, 74232, 70
2026/07/29 11:47:18.900, 289.96, 100, 74232, 70
2026/07/29 11:47:19.936, 295.26, 100, 74232, 70
2026/07/29 11:47:20.977, 297.62, 100, 74232, 70
2026/07/29 11:47:22.013, 294.45, 100, 74232, 70
2026/07/29 11:47:23.050, 294.54, 100, 74232, 70
2026/07/29 11:47:24.086, 294.73, 100, 74232, 70
2026/07/29 11:47:25.123, 297.92, 100, 74232, 70
2026/07/29 11:47:26.163, 298.89, 100, 74232, 71
2026/07/29 11:47:27.199, 299.93, 100, 74232, 71
2026/07/29 11:47:28.238, 300.22, 100, 74232, 71
2026/07/29 11:47:29.274, 306.02, 100, 74232, 71
2026/07/29 11:47:30.316, 299.18, 100, 74232, 71
2026/07/29 11:47:31.357, 299.35, 100, 74232, 71
2026/07/29 11:47:32.393, 299.09, 100, 74232, 71
2026/07/29 11:47:33.430, 302.55, 100, 74232, 71
2026/07/29 11:47:34.467, 307.16, 100, 74232, 71
2026/07/29 11:47:35.503, 309.49, 100, 74232, 71
2026/07/29 11:47:36.540, 300.70, 100, 74232, 71
2026/07/29 11:47:37.578, 299.95, 100, 74232, 71
2026/07/29 11:47:38.614, 300.42, 100, 74232, 71
2026/07/29 11:47:39.651, 300.73, 100, 74232, 71
2026/07/29 11:47:40.690, 300.21, 100, 74232, 71
2026/07/29 11:47:41.727, 300.42, 100, 74232, 72
2026/07/29 11:47:42.763, 300.85, 100, 74232, 72
2026/07/29 11:47:43.799, 301.12, 100, 74232, 72
2026/07/29 11:47:44.836, 302.64, 100, 74232, 72
2026/07/29 11:47:45.874, 293.64, 100, 74232, 72
2026/07/29 11:47:46.911, 298.61, 100, 74232, 72
2026/07/29 11:47:47.948, 295.18, 100, 74232, 72
2026/07/29 11:47:48.988, 296.86, 100, 74232, 72
2026/07/29 11:47:50.025, 294.91, 100, 74232, 72
2026/07/29 11:47:51.061, 302.26, 100, 74232, 72
2026/07/29 11:47:52.098, 293.46, 100, 74232, 72
2026/07/29 11:47:53.139, 294.92, 100, 74232, 72
2026/07/29 11:47:54.177, 289.78, 100, 74232, 72
2026/07/29 11:47:55.214, 296.06, 100, 74232, 72
2026/07/29 11:47:56.252, 293.45, 100, 74232, 72
2026/07/29 11:47:57.289, 291.30, 100, 74232, 72
2026/07/29 11:47:58.325, 292.95, 100, 74232, 72
2026/07/29 11:47:59.362, 293.83, 100, 74232, 72
2026/07/29 11:48:00.399, 294.91, 100, 74232, 72
2026/07/29 11:48:01.440, 294.32, 100, 74232, 72
2026/07/29 11:48:02.478, 294.33, 100, 74232, 72
2026/07/29 11:48:03.516, 294.63, 100, 74232, 72
2026/07/29 11:48:04.555, 293.86, 100, 74232, 72
2026/07/29 11:48:05.591, 295.60, 100, 74232, 72
2026/07/29 11:48:06.627, 294.52, 100, 74232, 72
2026/07/29 11:48:07.664, 300.91, 100, 74232, 72
2026/07/29 11:48:08.702, 301.58, 100, 74232, 72
2026/07/29 11:48:09.739, 299.75, 100, 74232, 72
2026/07/29 11:48:10.778, 302.36, 100, 74232, 73
2026/07/29 11:48:11.817, 303.49, 100, 74232, 73
2026/07/29 11:48:12.856, 302.59, 100, 74232, 73
2026/07/29 11:48:13.893, 301.89, 100, 74232, 73
2026/07/29 11:48:14.930, 302.84, 100, 74232, 73
2026/07/29 11:48:15.968, 299.75, 100, 74232, 73
2026/07/29 11:48:17.006, 297.93, 100, 74232, 73
2026/07/29 11:48:18.044, 304.21, 100, 74232, 73
2026/07/29 11:48:19.084, 303.60, 100, 74232, 73
2026/07/29 11:48:20.122, 302.07, 100, 74232, 73
2026/07/29 11:48:21.160, 303.02, 100, 74232, 73
2026/07/29 11:48:22.198, 302.94, 100, 74232, 73
2026/07/29 11:48:23.235, 302.34, 100, 74232, 73
2026/07/29 11:48:24.273, 302.26, 100, 74232, 73
2026/07/29 11:48:25.311, 291.79, 100, 74232, 73
2026/07/29 11:48:26.350, 294.99, 100, 74232, 73
2026/07/29 11:48:27.388, 295.95, 100, 74232, 73
2026/07/29 11:48:28.428, 294.52, 100, 74232, 73
2026/07/29 11:48:29.465, 295.81, 100, 74232, 73
2026/07/29 11:48:30.504, 295.37, 100, 74232, 73
2026/07/29 11:48:31.543, 298.53, 100, 74232, 73
2026/07/29 11:48:32.582, 297.24, 100, 74232, 73
2026/07/29 11:48:33.621, 297.82, 100, 74232, 73
2026/07/29 11:48:34.660, 295.78, 100, 74232, 73
2026/07/29 11:48:35.699, 296.55, 100, 74232, 73
2026/07/29 11:48:36.736, 295.61, 100, 74232, 73
2026/07/29 11:48:37.773, 303.98, 100, 74232, 73
2026/07/29 11:48:38.810, 300.33, 100, 74232, 73
2026/07/29 11:48:39.847, 304.96, 100, 74232, 73
2026/07/29 11:48:40.885, 299.58, 100, 74232, 73
2026/07/29 11:48:41.923, 302.63, 100, 74232, 73
2026/07/29 11:48:42.962, 299.56, 100, 74232, 73
2026/07/29 11:48:44.000, 300.49, 100, 74232, 73
2026/07/29 11:48:45.037, 303.94, 100, 74232, 73
2026/07/29 11:48:46.074, 306.53, 100, 74232, 73
2026/07/29 11:48:47.111, 303.72, 100, 74232, 73
2026/07/29 11:48:48.150, 295.88, 100, 74232, 73
2026/07/29 11:48:49.187, 292.00, 100, 74232, 73
2026/07/29 11:48:50.228, 297.81, 100, 74232, 73
2026/07/29 11:48:51.266, 295.88, 100, 74232, 73
2026/07/29 11:48:52.303, 296.62, 100, 74232, 73
2026/07/29 11:48:53.342, 296.07, 100, 74232, 73
2026/07/29 11:48:54.380, 295.87, 100, 74232, 73
2026/07/29 11:48:55.419, 296.73, 100, 74232, 73
2026/07/29 11:48:56.457, 296.15, 100, 74232, 73
2026/07/29 11:48:57.493, 303.50, 100, 74232, 73
2026/07/29 11:48:58.530, 296.08, 100, 74232, 73
2026/07/29 11:48:59.568, 297.42, 100, 74232, 73
2026/07/29 11:49:00.606, 296.36, 100, 74232, 73
2026/07/29 11:49:01.643, 296.49, 100, 74232, 73
2026/07/29 11:49:02.682, 296.16, 100, 74232, 73
2026/07/29 11:49:03.724, 296.26, 100, 74232, 73
2026/07/29 11:49:04.761, 302.47, 100, 74232, 73
2026/07/29 11:49:05.800, 302.75, 100, 74232, 73
2026/07/29 11:49:06.837, 301.98, 100, 74232, 73
2026/07/29 11:49:07.874, 303.80, 100, 74232, 73
2026/07/29 11:49:08.912, 304.40, 100, 74232, 73
2026/07/29 11:49:09.951, 304.41, 100, 74232, 73
2026/07/29 11:49:10.989, 303.62, 100, 74232, 73
2026/07/29 11:49:12.026, 303.22, 100, 74232, 73
2026/07/29 11:49:13.064, 305.91, 100, 74232, 73
2026/07/29 11:49:14.101, 300.91, 100, 74232, 73
2026/07/29 11:49:15.139, 297.02, 100, 74232, 73
2026/07/29 11:49:16.176, 298.02, 100, 74232, 73
2026/07/29 11:49:17.212, 295.86, 100, 74232, 73
2026/07/29 11:49:18.249, 295.98, 100, 74232, 73
2026/07/29 11:49:19.286, 294.90, 100, 74232, 73
2026/07/29 11:49:20.325, 300.36, 100, 74232, 73
2026/07/29 11:49:21.363, 304.01, 100, 74232, 73
2026/07/29 11:49:22.402, 304.37, 100, 74232, 73
2026/07/29 11:49:23.439, 296.16, 100, 74232, 73
2026/07/29 11:49:24.477, 292.10, 100, 74232, 73
2026/07/29 11:49:25.519, 296.18, 100, 74232, 73
2026/07/29 11:49:26.558, 297.14, 100, 74232, 73
2026/07/29 11:49:27.594, 297.42, 100, 74232, 73
2026/07/29 11:49:28.632, 297.32, 100, 74232, 73
2026/07/29 11:49:29.668, 296.74, 100, 74232, 73
2026/07/29 11:49:30.707, 100.46, 0, 74232, 70
2026/07/29 11:49:31.740, 97.57, 0, 74232, 69
2026/07/29 11:49:32.773, 97.27, 0, 74232, 69
2026/07/29 11:49:33.806, 96.20, 0, 74232, 68
2026/07/29 11:49:34.838, 95.39, 0, 74232, 68
2026/07/29 11:49:35.870, 94.89, 0, 74232, 67
2026/07/29 11:49:36.904, 95.60, 0, 74232, 67
2026/07/29 11:49:37.937, 93.34, 0, 74232, 66
2026/07/29 11:49:38.969, 93.26, 0, 74232, 66
2026/07/29 11:49:40.001, 93.61, 0, 74232, 65
2026/07/29 11:49:41.033, 91.98, 0, 74232, 65
2026/07/29 11:49:42.066, 91.34, 0, 74232, 65
2026/07/29 11:49:43.097, 91.26, 0, 74232, 64
2026/07/29 11:49:44.129, 90.80, 0, 74232, 64
2026/07/29 11:49:45.161, 90.49, 0, 74232, 64
2026/07/29 11:49:46.193, 89.92, 0, 74232, 63
2026/07/29 11:49:47.224, 89.81, 0, 74232, 63
2026/07/29 11:49:48.254, 89.72, 0, 74232, 63
2026/07/29 11:49:49.287, 88.99, 0, 74232, 62
2026/07/29 11:49:50.317, 88.76, 0, 74232, 62
2026/07/29 11:49:51.347, 88.58, 0, 74232, 62
2026/07/29 11:49:52.377, 88.04, 0, 74232, 62
2026/07/29 11:49:53.408, 88.08, 0, 74232, 61
2026/07/29 11:49:54.439, 87.15, 0, 74232, 61
2026/07/29 11:49:55.470, 299.15, 37, 74232, 65
2026/07/29 11:49:56.505, 304.13, 100, 74232, 66
2026/07/29 11:49:57.539, 303.41, 100, 74232, 67
2026/07/29 11:49:58.573, 315.64, 100, 74232, 67
2026/07/29 11:49:59.606, 302.74, 100, 74232, 67
2026/07/29 11:50:00.640, 306.67, 100, 74232, 66
2026/07/29 11:50:01.677, 300.64, 100, 74232, 66
2026/07/29 11:50:02.714, 300.12, 100, 74232, 66
2026/07/29 11:50:03.750, 300.92, 100, 74232, 67
2026/07/29 11:50:04.786, 300.70, 100, 74232, 67
2026/07/29 11:50:05.821, 301.07, 100, 74232, 67
2026/07/29 11:50:06.857, 301.78, 100, 74232, 67
2026/07/29 11:50:07.892, 303.44, 100, 74232, 69
2026/07/29 11:50:08.945, 292.02, 100, 74232, 70
2026/07/29 11:50:09.978, 309.56, 100, 74232, 70
2026/07/29 11:50:11.012, 306.32, 100, 74232, 70
2026/07/29 11:50:12.047, 293.74, 100, 74232, 70
2026/07/29 11:50:13.080, 303.31, 100, 74232, 69
2026/07/29 11:50:14.119, 303.84, 100, 74232, 69
2026/07/29 11:50:15.155, 294.13, 100, 74232, 69
2026/07/29 11:50:16.198, 288.59, 100, 74232, 71
2026/07/29 11:50:17.232, 305.53, 100, 74232, 71
2026/07/29 11:50:18.268, 299.28, 100, 74232, 71
2026/07/29 11:50:19.303, 280.95, 100, 74232, 72
2026/07/29 11:50:20.336, 282.64, 100, 74232, 72
2026/07/29 11:50:21.370, 312.91, 100, 74232, 72
2026/07/29 11:50:22.404, 304.81, 100, 74232, 70
2026/07/29 11:50:23.440, 298.85, 100, 74232, 70
2026/07/29 11:50:24.476, 300.93, 100, 74232, 70
2026/07/29 11:50:25.513, 300.71, 100, 74232, 70
2026/07/29 11:50:26.549, 298.42, 100, 74232, 72
2026/07/29 11:50:27.587, 301.63, 100, 74232, 71
2026/07/29 11:50:28.623, 306.29, 100, 74232, 71
2026/07/29 11:50:29.662, 298.28, 100, 74232, 71
2026/07/29 11:50:30.700, 298.48, 100, 74232, 71
2026/07/29 11:50:31.736, 302.45, 100, 74232, 71
2026/07/29 11:50:32.772, 298.49, 100, 74232, 71
2026/07/29 11:50:33.810, 300.34, 100, 74232, 71
2026/07/29 11:50:34.846, 297.04, 100, 74232, 71
2026/07/29 11:50:35.887, 300.04, 100, 74232, 72
2026/07/29 11:50:36.923, 300.51, 100, 74232, 72
2026/07/29 11:50:37.962, 295.77, 100, 74232, 72
2026/07/29 11:50:38.999, 294.72, 100, 74232, 72
2026/07/29 11:50:40.037, 300.08, 100, 74232, 72
2026/07/29 11:50:41.074, 299.24, 100, 74232, 72
2026/07/29 11:50:42.119, 298.03, 100, 74232, 72
2026/07/29 11:50:43.156, 304.41, 100, 74232, 72
2026/07/29 11:50:44.192, 302.73, 100, 74232, 72
2026/07/29 11:50:45.228, 301.90, 100, 74232, 72
2026/07/29 11:50:46.265, 298.28, 100, 74232, 72
2026/07/29 11:50:47.302, 302.64, 100, 74232, 72
2026/07/29 11:50:48.338, 302.93, 100, 74232, 72
2026/07/29 11:50:49.375, 298.49, 100, 74232, 72
2026/07/29 11:50:50.411, 292.07, 100, 74232, 72
2026/07/29 11:50:51.446, 300.53, 100, 74232, 72
2026/07/29 11:50:52.481, 295.20, 100, 74232, 72
2026/07/29 11:50:53.518, 301.57, 100, 74232, 72
2026/07/29 11:50:54.554, 297.78, 100, 74232, 72
2026/07/29 11:50:55.596, 295.48, 100, 74232, 72
2026/07/29 11:50:56.632, 300.88, 100, 74232, 72
2026/07/29 11:50:57.668, 300.61, 100, 74232, 72
2026/07/29 11:50:58.705, 300.11, 100, 74232, 72
2026/07/29 11:50:59.741, 301.42, 100, 74232, 72
2026/07/29 11:51:00.779, 301.66, 100, 74232, 73
2026/07/29 11:51:01.815, 301.58, 100, 74232, 73
2026/07/29 11:51:02.851, 302.54, 100, 74232, 73
2026/07/29 11:51:03.888, 302.16, 100, 74232, 73
2026/07/29 11:51:04.926, 302.35, 100, 74232, 73
2026/07/29 11:51:05.963, 301.48, 100, 74232, 73
2026/07/29 11:51:07.001, 300.34, 100, 74232, 73
2026/07/29 11:51:08.038, 301.43, 100, 74232, 73
2026/07/29 11:51:09.074, 300.51, 100, 74232, 73
2026/07/29 11:51:10.110, 300.99, 100, 74232, 73
2026/07/29 11:51:11.149, 303.31, 100, 74232, 73
2026/07/29 11:51:12.186, 301.00, 100, 74232, 73
2026/07/29 11:51:13.222, 300.54, 100, 74232, 73
2026/07/29 11:51:14.258, 302.26, 100, 74232, 73
2026/07/29 11:51:15.295, 300.52, 100, 74232, 73
2026/07/29 11:51:16.333, 300.70, 100, 74232, 73
2026/07/29 11:51:17.369, 302.15, 100, 74232, 73
2026/07/29 11:51:18.408, 300.89, 100, 74232, 73
2026/07/29 11:51:19.443, 302.64, 100, 74232, 73
2026/07/29 11:51:20.484, 301.70, 100, 74232, 73
2026/07/29 11:51:21.521, 294.50, 100, 74232, 73
2026/07/29 11:51:22.557, 291.71, 100, 74232, 73
2026/07/29 11:51:23.595, 293.85, 100, 74232, 73
2026/07/29 11:51:24.632, 296.27, 100, 74232, 73
2026/07/29 11:51:25.670, 293.76, 100, 74232, 73
2026/07/29 11:51:26.709, 294.22, 100, 74232, 73
2026/07/29 11:51:27.745, 290.55, 100, 74232, 73
2026/07/29 11:51:28.781, 293.17, 100, 74232, 73
2026/07/29 11:51:29.817, 293.95, 100, 74232, 73
2026/07/29 11:51:30.853, 303.47, 100, 74232, 73
2026/07/29 11:51:31.889, 301.02, 100, 74232, 73
2026/07/29 11:51:32.926, 297.72, 100, 74232, 73
2026/07/29 11:51:33.963, 302.27, 100, 74232, 73
2026/07/29 11:51:35.002, 301.96, 100, 74232, 73
2026/07/29 11:51:36.039, 303.06, 100, 74232, 73
2026/07/29 11:51:37.077, 302.58, 100, 74232, 73
2026/07/29 11:51:38.113, 298.02, 100, 74232, 73
2026/07/29 11:51:39.149, 300.52, 100, 74232, 73
2026/07/29 11:51:40.190, 301.10, 100, 74232, 73
2026/07/29 11:51:41.227, 297.61, 100, 74232, 73
2026/07/29 11:51:42.263, 300.51, 100, 74232, 73
2026/07/29 11:51:43.299, 298.10, 100, 74232, 73
2026/07/29 11:51:44.335, 304.35, 100, 74232, 73
2026/07/29 11:51:45.374, 299.86, 100, 74232, 73
2026/07/29 11:51:46.410, 300.61, 100, 74232, 73
2026/07/29 11:51:47.451, 296.82, 100, 74232, 73
2026/07/29 11:51:48.492, 289.96, 100, 74232, 73
2026/07/29 11:51:49.529, 290.63, 100, 74232, 73
2026/07/29 11:51:50.568, 295.37, 100, 74232, 73
2026/07/29 11:51:51.605, 295.18, 100, 74232, 73
2026/07/29 11:51:52.642, 300.90, 100, 74232, 73
2026/07/29 11:51:53.678, 302.95, 100, 74232, 73
2026/07/29 11:51:54.716, 302.30, 100, 74232, 73
2026/07/29 11:51:55.753, 304.29, 100, 74232, 73
2026/07/29 11:51:56.792, 304.76, 100, 74232, 73
2026/07/29 11:51:57.828, 302.83, 100, 74232, 73
2026/07/29 11:51:58.864, 300.32, 100, 74232, 75
2026/07/29 11:51:59.899, 292.67, 100, 74232, 75
2026/07/29 11:52:00.932, 298.77, 100, 74232, 75
2026/07/29 11:52:01.966, 287.35, 100, 74232, 75
2026/07/29 11:52:03.000, 302.24, 100, 74232, 75
2026/07/29 11:52:04.035, 302.26, 100, 74232, 73
2026/07/29 11:52:05.072, 302.98, 100, 74232, 73
2026/07/29 11:52:06.109, 303.55, 100, 74232, 73
2026/07/29 11:52:07.149, 297.62, 100, 74232, 73
2026/07/29 11:52:08.186, 298.11, 100, 74232, 73
2026/07/29 11:52:09.221, 297.43, 100, 74232, 74
2026/07/29 11:52:10.259, 297.03, 100, 74232, 74
2026/07/29 11:52:11.296, 309.91, 10, 74232, 74
2026/07/29 11:52:12.331, 288.58, 100, 74232, 75
2026/07/29 11:52:13.365, 299.43, 100, 74232, 75
2026/07/29 11:52:14.399, 310.18, 100, 74232, 75
2026/07/29 11:52:15.432, 299.93, 100, 74232, 76
2026/07/29 11:52:16.467, 287.46, 100, 74232, 75
2026/07/29 11:52:17.506, 302.73, 100, 74232, 74
2026/07/29 11:52:18.541, 297.03, 100, 74232, 74
2026/07/29 11:52:19.577, 295.96, 100, 74232, 74
2026/07/29 11:52:20.616, 298.75, 100, 74232, 75
2026/07/29 11:52:21.654, 301.51, 100, 74232, 75
2026/07/29 11:52:22.690, 301.54, 100, 74232, 76
2026/07/29 11:52:23.726, 260.57, 100, 74232, 76
2026/07/29 11:52:24.761, 288.26, 100, 74232, 76
2026/07/29 11:52:25.795, 280.48, 100, 74232, 74
2026/07/29 11:52:26.831, 288.81, 100, 74232, 74
2026/07/29 11:52:27.868, 289.40, 100, 74232, 74
2026/07/29 11:52:28.907, 296.28, 100, 74232, 74
2026/07/29 11:52:29.944, 293.14, 98, 74232, 75
2026/07/29 11:52:30.983, 304.47, 100, 74232, 74
2026/07/29 11:52:32.021, 305.72, 100, 74232, 74
2026/07/29 11:52:33.060, 304.08, 100, 74232, 74
2026/07/29 11:52:34.097, 304.91, 100, 74232, 74
2026/07/29 11:52:35.134, 296.36, 100, 74232, 74
2026/07/29 11:52:36.173, 298.49, 100, 74232, 74
2026/07/29 11:52:37.211, 293.36, 100, 74232, 74
2026/07/29 11:52:38.249, 294.15, 100, 74232, 74
2026/07/29 11:52:39.287, 295.67, 100, 74232, 74
2026/07/29 11:52:40.325, 297.98, 100, 74232, 74
2026/07/29 11:52:41.362, 297.41, 100, 74232, 74
2026/07/29 11:52:42.400, 298.19, 100, 74232, 74
2026/07/29 11:52:43.438, 296.47, 100, 74232, 74
2026/07/29 11:52:44.476, 295.66, 100, 74232, 74
2026/07/29 11:52:45.514, 295.49, 100, 74232, 74
2026/07/29 11:52:46.552, 295.06, 100, 74232, 74
2026/07/29 11:52:47.592, 296.17, 100, 74232, 74
2026/07/29 11:52:48.630, 303.89, 100, 74232, 74
2026/07/29 11:52:49.667, 303.61, 100, 74232, 74
2026/07/29 11:52:50.707, 304.92, 100, 74232, 74
2026/07/29 11:52:51.744, 294.50, 100, 74232, 74
2026/07/29 11:52:52.781, 295.38, 100, 74232, 74
2026/07/29 11:52:53.818, 297.52, 100, 74232, 74
2026/07/29 11:52:54.855, 295.02, 100, 74232, 74
2026/07/29 11:52:55.893, 295.76, 100, 74232, 74
2026/07/29 11:52:56.930, 293.47, 100, 74232, 74
2026/07/29 11:52:57.968, 295.77, 100, 74232, 74
2026/07/29 11:52:59.010, 295.29, 100, 74232, 74
2026/07/29 11:53:00.047, 296.84, 100, 74232, 74
2026/07/29 11:53:01.084, 296.84, 100, 74232, 74
2026/07/29 11:53:02.123, 296.35, 100, 74232, 74
2026/07/29 11:53:03.160, 296.16, 100, 74232, 74
2026/07/29 11:53:04.199, 296.33, 100, 74232, 74
2026/07/29 11:53:05.236, 304.56, 100, 74232, 74
2026/07/29 11:53:06.273, 299.64, 100, 74232, 74
2026/07/29 11:53:07.316, 296.44, 100, 74232, 74
2026/07/29 11:53:08.353, 304.47, 100, 74232, 74
2026/07/29 11:53:09.390, 304.00, 100, 74232, 74
2026/07/29 11:53:10.427, 303.99, 100, 74232, 74
2026/07/29 11:53:11.463, 305.43, 100, 74232, 74
2026/07/29 11:53:12.500, 302.88, 100, 74232, 74
2026/07/29 11:53:13.538, 306.02, 100, 74232, 74
2026/07/29 11:53:14.576, 297.89, 100, 74232, 74
2026/07/29 11:53:15.613, 296.06, 100, 74232, 74
2026/07/29 11:53:16.652, 299.33, 100, 74232, 74
2026/07/29 11:53:17.690, 296.76, 100, 74232, 74
2026/07/29 11:53:18.728, 294.54, 100, 74232, 74
2026/07/29 11:53:19.765, 297.17, 100, 74232, 74
2026/07/29 11:53:20.803, 295.67, 100, 74232, 74
2026/07/29 11:53:21.841, 295.67, 100, 74232, 74
2026/07/29 11:53:22.877, 296.54, 100, 74232, 74
2026/07/29 11:53:23.915, 300.34, 100, 74232, 74
2026/07/29 11:53:24.951, 291.02, 100, 74232, 73
2026/07/29 11:53:25.987, 291.90, 100, 74232, 73
2026/07/29 11:53:27.025, 292.38, 100, 74232, 73
2026/07/29 11:53:28.063, 294.41, 100, 74232, 73
2026/07/29 11:53:29.100, 294.62, 100, 74232, 73
2026/07/29 11:53:30.138, 297.83, 100, 74232, 73
2026/07/29 11:53:31.175, 303.23, 100, 74232, 73
2026/07/29 11:53:32.215, 303.37, 100, 74232, 73
2026/07/29 11:53:33.251, 304.30, 100, 74232, 73
2026/07/29 11:53:34.287, 301.97, 100, 74232, 73
2026/07/29 11:53:35.323, 303.04, 100, 74232, 73
2026/07/29 11:53:36.364, 298.80, 100, 74232, 73
2026/07/29 11:53:37.400, 297.42, 100, 74232, 73
2026/07/29 11:53:38.437, 295.39, 100, 74232, 73
2026/07/29 11:53:39.474, 301.34, 100, 74232, 73
2026/07/29 11:53:40.512, 301.47, 100, 74232, 73
2026/07/29 11:53:41.551, 297.42, 100, 74232, 73
2026/07/29 11:53:42.590, 292.68, 100, 74232, 73
2026/07/29 11:53:43.628, 298.29, 100, 74232, 73
2026/07/29 11:53:44.664, 298.78, 100, 74232, 73
2026/07/29 11:53:45.701, 303.63, 100, 74232, 73
2026/07/29 11:53:46.739, 302.25, 100, 74232, 73
2026/07/29 11:53:47.776, 304.88, 100, 74232, 73
2026/07/29 11:53:48.813, 302.16, 100, 74232, 73
2026/07/29 11:53:49.849, 301.97, 100, 74232, 73
2026/07/29 11:53:50.886, 294.99, 100, 74232, 73
2026/07/29 11:53:51.923, 291.04, 100, 74232, 73
2026/07/29 11:53:52.960, 290.74, 100, 74232, 73
2026/07/29 11:53:53.997, 295.40, 100, 74232, 73
2026/07/29 11:53:55.033, 300.14, 100, 74232, 73
2026/07/29 11:53:56.072, 297.13, 100, 74232, 73
2026/07/29 11:53:57.110, 294.12, 100, 74232, 73
2026/07/29 11:53:58.147, 303.42, 100, 74232, 73
2026/07/29 11:53:59.184, 301.57, 100, 74232, 73
2026/07/29 11:54:00.221, 304.28, 100, 74232, 73
2026/07/29 11:54:01.257, 294.44, 100, 74232, 73
2026/07/29 11:54:02.293, 294.41, 100, 74232, 73
2026/07/29 11:54:03.328, 289.09, 100, 74232, 75
2026/07/29 11:54:04.365, 298.89, 100, 74232, 75
2026/07/29 11:54:05.399, 287.63, 100, 74232, 75
2026/07/29 11:54:06.433, 295.67, 100, 74232, 75
2026/07/29 11:54:07.473, 300.86, 100, 74232, 75
2026/07/29 11:54:08.509, 302.62, 100, 74232, 73
2026/07/29 11:54:09.546, 287.83, 100, 74232, 73
2026/07/29 11:54:10.583, 290.73, 100, 74232, 73
2026/07/29 11:54:11.622, 284.91, 100, 74232, 73
2026/07/29 11:54:12.659, 341.90, 97, 74232, 75
2026/07/29 11:54:13.694, 305.93, 100, 74232, 75
2026/07/29 11:54:14.728, 301.37, 100, 74232, 75
2026/07/29 11:54:15.763, 304.28, 100, 74232, 75
2026/07/29 11:54:16.799, 300.53, 100, 74232, 75
2026/07/29 11:54:17.834, 298.50, 100, 74232, 75
2026/07/29 11:54:18.870, 288.18, 100, 74232, 76
2026/07/29 11:54:19.904, 272.52, 100, 74232, 74
2026/07/29 11:54:20.942, 286.27, 100, 74232, 74
2026/07/29 11:54:21.978, 288.12, 100, 74232, 74
2026/07/29 11:54:23.014, 289.39, 100, 74232, 74
2026/07/29 11:54:24.050, 292.59, 100, 74232, 74
2026/07/29 11:54:25.088, 297.22, 100, 74232, 74
2026/07/29 11:54:26.126, 297.03, 100, 74232, 74
2026/07/29 11:54:27.164, 296.64, 100, 74232, 74
2026/07/29 11:54:28.202, 293.54, 100, 74232, 75
2026/07/29 11:54:29.239, 294.31, 100, 74232, 74
2026/07/29 11:54:30.276, 283.40, 100, 74232, 74
2026/07/29 11:54:31.320, 292.47, 100, 74232, 74
2026/07/29 11:54:32.357, 295.39, 100, 74232, 74
2026/07/29 11:54:33.394, 297.50, 100, 74232, 74
2026/07/29 11:54:34.430, 301.95, 100, 74232, 74
2026/07/29 11:54:35.466, 304.61, 100, 74232, 74
2026/07/29 11:54:36.503, 304.17, 100, 74232, 74
2026/07/29 11:54:37.538, 302.24, 100, 74232, 74
2026/07/29 11:54:38.576, 304.08, 100, 74232, 74
2026/07/29 11:54:39.613, 304.19, 100, 74232, 74
2026/07/29 11:54:40.651, 297.06, 100, 74232, 74
2026/07/29 11:54:41.688, 300.58, 100, 74232, 74
2026/07/29 11:54:42.726, 298.10, 100, 74232, 74
2026/07/29 11:54:43.762, 304.48, 100, 74232, 74
2026/07/29 11:54:44.798, 303.89, 100, 74232, 74
2026/07/29 11:54:45.835, 304.93, 100, 74232, 74
2026/07/29 11:54:46.874, 303.65, 100, 74232, 74
2026/07/29 11:54:47.912, 303.12, 100, 74232, 74
2026/07/29 11:54:48.949, 301.57, 100, 74232, 74
2026/07/29 11:54:49.985, 304.75, 100, 74232, 74
2026/07/29 11:54:51.023, 303.16, 100, 74232, 74
2026/07/29 11:54:52.061, 303.21, 100, 74232, 74
2026/07/29 11:54:53.099, 302.24, 100, 74232, 74
2026/07/29 11:54:54.136, 291.53, 100, 74232, 74
2026/07/29 11:54:55.173, 294.50, 100, 74232, 74
2026/07/29 11:54:56.214, 294.04, 100, 74232, 73
2026/07/29 11:54:57.251, 296.83, 100, 74232, 73
2026/07/29 11:54:58.288, 296.83, 100, 74232, 74
2026/07/29 11:54:59.326, 297.32, 100, 74232, 74
2026/07/29 11:55:00.362, 298.68, 100, 74232, 73
2026/07/29 11:55:01.399, 296.36, 100, 74232, 73
2026/07/29 11:55:02.436, 295.10, 100, 74232, 73
2026/07/29 11:55:03.474, 294.31, 100, 74232, 73
2026/07/29 11:55:04.510, 304.87, 100, 74232, 73
2026/07/29 11:55:05.547, 303.40, 100, 74232, 73
2026/07/29 11:55:06.587, 303.80, 100, 74232, 73
2026/07/29 11:55:07.625, 291.31, 100, 74232, 73
2026/07/29 11:55:08.661, 294.63, 100, 74232, 73
2026/07/29 11:55:09.698, 292.86, 100, 74232, 73
2026/07/29 11:55:10.738, 300.72, 100, 74232, 73
2026/07/29 11:55:11.774, 304.57, 100, 74232, 73
2026/07/29 11:55:12.811, 301.19, 100, 74232, 73
2026/07/29 11:55:13.848, 297.90, 100, 74232, 73
2026/07/29 11:55:14.885, 304.96, 100, 74232, 73
2026/07/29 11:55:15.923, 302.94, 100, 74232, 73
2026/07/29 11:55:16.959, 304.68, 100, 74232, 73
2026/07/29 11:55:17.997, 302.38, 100, 74232, 73
2026/07/29 11:55:19.034, 302.35, 100, 74232, 73
2026/07/29 11:55:20.071, 302.91, 100, 74232, 73
2026/07/29 11:55:21.108, 303.06, 100, 74232, 73
2026/07/29 11:55:22.149, 296.45, 100, 74232, 73
2026/07/29 11:55:23.186, 292.28, 100, 74232, 73
2026/07/29 11:55:24.223, 294.43, 100, 74232, 73
2026/07/29 11:55:25.261, 293.44, 100, 74232, 73
2026/07/29 11:55:26.297, 296.53, 100, 74232, 73
2026/07/29 11:55:27.334, 293.72, 100, 74232, 73
2026/07/29 11:55:28.370, 294.20, 100, 74232, 73
2026/07/29 11:55:29.406, 295.86, 100, 74232, 73
2026/07/29 11:55:30.442, 294.53, 100, 74232, 73
2026/07/29 11:55:31.479, 298.87, 100, 74232, 73
2026/07/29 11:55:32.515, 300.99, 100, 74232, 73
2026/07/29 11:55:33.553, 301.47, 100, 74232, 73
2026/07/29 11:55:34.590, 305.06, 100, 74232, 73
2026/07/29 11:55:35.626, 298.76, 100, 74232, 73
2026/07/29 11:55:36.662, 303.54, 100, 74232, 73
2026/07/29 11:55:37.699, 304.22, 100, 74232, 73
2026/07/29 11:55:38.735, 302.45, 100, 74232, 73
2026/07/29 11:55:39.772, 304.49, 100, 74232, 73
2026/07/29 11:55:40.809, 301.61, 100, 74232, 73
2026/07/29 11:55:41.848, 301.50, 100, 74232, 73
2026/07/29 11:55:42.886, 300.90, 100, 74232, 73
2026/07/29 11:55:43.924, 303.52, 100, 74232, 73
2026/07/29 11:55:44.961, 297.50, 100, 74232, 73
2026/07/29 11:55:45.998, 301.67, 100, 74232, 73
2026/07/29 11:55:47.035, 296.14, 100, 74232, 73
2026/07/29 11:55:48.073, 294.88, 100, 74232, 73
2026/07/29 11:55:49.109, 294.91, 100, 74232, 73
2026/07/29 11:55:50.146, 295.60, 100, 74232, 73
2026/07/29 11:55:51.185, 295.96, 100, 74232, 73
2026/07/29 11:55:52.223, 294.71, 100, 74232, 73
2026/07/29 11:55:53.260, 291.02, 100, 74232, 73
2026/07/29 11:55:54.299, 294.81, 100, 74232, 73
2026/07/29 11:55:55.337, 304.19, 100, 74232, 75
2026/07/29 11:55:56.371, 294.68, 100, 74232, 75
2026/07/29 11:55:57.405, 301.53, 100, 74232, 75
2026/07/29 11:55:58.439, 307.61, 100, 74232, 75
2026/07/29 11:55:59.473, 283.06, 100, 74232, 74
2026/07/29 11:56:00.516, 301.28, 100, 74232, 73
2026/07/29 11:56:01.553, 303.62, 100, 74232, 73
2026/07/29 11:56:02.590, 302.57, 100, 74232, 73
2026/07/29 11:56:03.626, 302.73, 100, 74232, 73
2026/07/29 11:56:04.662, 301.88, 100, 74232, 73
2026/07/29 11:56:05.700, 302.65, 100, 74232, 75
2026/07/29 11:56:06.735, 296.13, 100, 74232, 75
2026/07/29 11:56:07.769, 302.79, 100, 74232, 75
2026/07/29 11:56:08.803, 295.27, 100, 74232, 75
2026/07/29 11:56:09.839, 298.69, 100, 74232, 75
2026/07/29 11:56:10.874, 318.82, 100, 74232, 75
2026/07/29 11:56:11.908, 309.11, 100, 74232, 75
2026/07/29 11:56:12.942, 303.63, 100, 74232, 74
2026/07/29 11:56:13.978, 303.83, 100, 74232, 74
2026/07/29 11:56:15.016, 303.73, 100, 74232, 74
2026/07/29 11:56:16.053, 305.87, 100, 74232, 74
2026/07/29 11:56:17.092, 300.22, 51, 74232, 75
2026/07/29 11:56:18.127, 285.23, 100, 74232, 75
2026/07/29 11:56:19.161, 298.66, 100, 74232, 75
2026/07/29 11:56:20.200, 296.10, 100, 74232, 75
2026/07/29 11:56:21.233, 285.77, 100, 74232, 75
2026/07/29 11:56:22.267, 317.42, 100, 74232, 75
2026/07/29 11:56:23.302, 312.39, 100, 74232, 76
2026/07/29 11:56:24.339, 292.79, 100, 74232, 74
2026/07/29 11:56:25.377, 296.88, 100, 74232, 74
2026/07/29 11:56:26.414, 297.53, 100, 74232, 74
2026/07/29 11:56:27.450, 305.15, 100, 74232, 74
2026/07/29 11:56:28.488, 100.71, 64, 74232, 72
2026/07/29 11:56:29.524, 304.77, 100, 74232, 74
2026/07/29 11:56:30.561, 302.37, 100, 74232, 74
2026/07/29 11:56:31.597, 305.53, 100, 74232, 74
2026/07/29 11:56:32.634, 303.40, 100, 74232, 74
2026/07/29 11:56:33.671, 306.77, 100, 74232, 74
2026/07/29 11:56:34.708, 304.79, 100, 74232, 74
2026/07/29 11:56:35.745, 299.55, 100, 74232, 74
2026/07/29 11:56:36.782, 305.95, 100, 74232, 74
2026/07/29 11:56:37.819, 300.33, 100, 74232, 74
2026/07/29 11:56:38.856, 299.65, 100, 74232, 74
2026/07/29 11:56:39.892, 293.72, 100, 74232, 74
2026/07/29 11:56:40.928, 297.31, 100, 74232, 74
2026/07/29 11:56:41.965, 298.17, 100, 74232, 74
2026/07/29 11:56:43.005, 296.83, 100, 74232, 74
2026/07/29 11:56:44.043, 295.98, 100, 74232, 74
2026/07/29 11:56:45.082, 296.06, 100, 74232, 74
2026/07/29 11:56:46.118, 296.85, 100, 74232, 74
2026/07/29 11:56:47.155, 295.30, 100, 74232, 74
2026/07/29 11:56:48.192, 295.59, 100, 74232, 74
2026/07/29 11:56:49.234, 295.18, 100, 74232, 74
2026/07/29 11:56:50.272, 294.70, 100, 74232, 74
2026/07/29 11:56:51.307, 296.38, 100, 74232, 74
2026/07/29 11:56:52.343, 302.84, 100, 74232, 74
2026/07/29 11:56:53.379, 302.91, 100, 74232, 74
2026/07/29 11:56:54.417, 304.50, 100, 74232, 74
2026/07/29 11:56:55.455, 292.47, 100, 74232, 74
2026/07/29 11:56:56.495, 296.64, 100, 74232, 74
2026/07/29 11:56:57.532, 295.21, 100, 74232, 74
2026/07/29 11:56:58.567, 299.74, 100, 74232, 74
2026/07/29 11:56:59.604, 295.59, 100, 74232, 74
2026/07/29 11:57:00.641, 295.38, 100, 74232, 74
2026/07/29 11:57:01.676, 303.13, 100, 74232, 74
2026/07/29 11:57:02.713, 304.78, 100, 74232, 74
2026/07/29 11:57:03.750, 303.46, 100, 74232, 73
2026/07/29 11:57:04.787, 295.28, 100, 74232, 73
2026/07/29 11:57:05.823, 292.60, 100, 74232, 73
2026/07/29 11:57:06.860, 294.14, 100, 74232, 73
2026/07/29 11:57:07.897, 293.95, 100, 74232, 73
2026/07/29 11:57:08.934, 303.13, 100, 74232, 73
2026/07/29 11:57:09.971, 301.86, 100, 74232, 73
2026/07/29 11:57:11.007, 300.61, 100, 74232, 73
2026/07/29 11:57:12.043, 302.37, 100, 74232, 73
2026/07/29 11:57:13.080, 302.65, 100, 74232, 73
2026/07/29 11:57:14.119, 305.36, 100, 74232, 73
2026/07/29 11:57:15.156, 305.18, 100, 74232, 73
2026/07/29 11:57:16.193, 303.05, 100, 74232, 73
2026/07/29 11:57:17.229, 303.61, 100, 74232, 73
2026/07/29 11:57:18.270, 304.95, 100, 74232, 73
2026/07/29 11:57:19.308, 299.46, 100, 74232, 73
2026/07/29 11:57:20.345, 297.79, 100, 74232, 73
2026/07/29 11:57:21.384, 292.97, 100, 74232, 73
2026/07/29 11:57:22.421, 294.92, 100, 74232, 73
2026/07/29 11:57:23.459, 297.61, 100, 74232, 73
2026/07/29 11:57:24.496, 294.51, 100, 74232, 73
2026/07/29 11:57:25.533, 301.28, 100, 74232, 73
2026/07/29 11:57:26.570, 302.54, 100, 74232, 73
2026/07/29 11:57:27.607, 301.08, 100, 74232, 73
2026/07/29 11:57:28.645, 295.97, 100, 74232, 73
2026/07/29 11:57:29.682, 292.48, 100, 74232, 73
2026/07/29 11:57:30.720, 292.58, 100, 74232, 73
2026/07/29 11:57:31.759, 296.17, 100, 74232, 73
2026/07/29 11:57:32.796, 295.19, 100, 74232, 73
2026/07/29 11:57:33.832, 295.71, 100, 74232, 73
2026/07/29 11:57:34.869, 298.08, 100, 74232, 73
2026/07/29 11:57:35.908, 302.51, 100, 74232, 73
2026/07/29 11:57:36.944, 304.20, 100, 74232, 73
2026/07/29 11:57:37.981, 302.97, 100, 74232, 73
2026/07/29 11:57:39.019, 305.02, 100, 74232, 73
2026/07/29 11:57:40.055, 301.30, 100, 74232, 73
2026/07/29 11:57:41.092, 303.51, 100, 74232, 73
2026/07/29 11:57:42.129, 301.33, 100, 74232, 73
2026/07/29 11:57:43.165, 304.07, 100, 74232, 73
2026/07/29 11:57:44.201, 304.18, 100, 74232, 73
2026/07/29 11:57:45.238, 304.07, 100, 74232, 73
2026/07/29 11:57:46.275, 302.57, 100, 74232, 73
2026/07/29 11:57:47.312, 294.60, 100, 74232, 73
2026/07/29 11:57:48.349, 295.12, 100, 74232, 73
2026/07/29 11:57:49.389, 300.80, 100, 74232, 73
2026/07/29 11:57:50.431, 290.71, 100, 74232, 73
2026/07/29 11:57:51.469, 294.51, 100, 74232, 73
2026/07/29 11:57:52.506, 294.90, 100, 74232, 73
2026/07/29 11:57:53.546, 295.00, 100, 74232, 73
2026/07/29 11:57:54.583, 301.10, 100, 74232, 75
2026/07/29 11:57:55.619, 292.85, 100, 74232, 75
2026/07/29 11:57:56.653, 287.79, 100, 74232, 75
2026/07/29 11:57:57.687, 294.91, 100, 74232, 75
2026/07/29 11:57:58.724, 311.97, 100, 74232, 75
2026/07/29 11:57:59.763, 302.55, 100, 74232, 73
2026/07/29 11:58:00.800, 302.64, 100, 74232, 73
2026/07/29 11:58:01.837, 296.46, 100, 74232, 73
2026/07/29 11:58:02.877, 297.32, 100, 74232, 73
2026/07/29 11:58:03.915, 294.06, 100, 74232, 73
2026/07/29 11:58:04.951, 99.96, 0, 74232, 70
2026/07/29 11:58:05.984, 302.21, 100, 74232, 75
2026/07/29 11:58:07.018, 286.46, 100, 74232, 75
2026/07/29 11:58:08.052, 292.96, 100, 74232, 75
2026/07/29 11:58:09.086, 303.03, 100, 74232, 75
2026/07/29 11:58:10.120, 306.67, 100, 74232, 75
2026/07/29 11:58:11.158, 303.49, 100, 74232, 73
2026/07/29 11:58:12.195, 303.15, 100, 74232, 73
2026/07/29 11:58:13.234, 305.52, 100, 74232, 75
2026/07/29 11:58:14.269, 299.54, 100, 74232, 75
2026/07/29 11:58:15.304, 298.30, 100, 74232, 75
2026/07/29 11:58:16.338, 305.16, 100, 74232, 75
2026/07/29 11:58:17.373, 274.44, 100, 74232, 75
2026/07/29 11:58:18.408, 261.93, 100, 74232, 75
2026/07/29 11:58:19.443, 306.41, 100, 74232, 75
2026/07/29 11:58:20.478, 305.74, 100, 74232, 74
2026/07/29 11:58:21.516, 303.33, 100, 74232, 74
2026/07/29 11:58:22.553, 305.85, 100, 74232, 74
2026/07/29 11:58:23.591, 304.59, 100, 74232, 74
2026/07/29 11:58:24.631, 301.82, 100, 74232, 75
2026/07/29 11:58:25.706, 303.15, 100, 74232, 75
2026/07/29 11:58:26.739, 280.34, 100, 74232, 75
2026/07/29 11:58:27.774, 285.40, 100, 74232, 75
2026/07/29 11:58:28.809, 325.45, 100, 74232, 75
2026/07/29 11:58:29.854, 307.80, 100, 74232, 76
2026/07/29 11:58:30.890, 314.83, 100, 74232, 76
2026/07/29 11:58:31.927, 304.38, 100, 74232, 74
2026/07/29 11:58:32.968, 306.63, 100, 74232, 74
2026/07/29 11:58:34.005, 304.00, 100, 74232, 74
2026/07/29 11:58:35.042, 377.09, 96, 74232, 75
2026/07/29 11:58:36.078, 305.09, 100, 74232, 74
2026/07/29 11:58:37.119, 304.78, 100, 74232, 74
2026/07/29 11:58:38.156, 305.56, 100, 74232, 74
2026/07/29 11:58:39.196, 303.42, 100, 74232, 74
2026/07/29 11:58:40.239, 306.41, 100, 74232, 74
2026/07/29 11:58:41.277, 293.93, 100, 74232, 74
2026/07/29 11:58:42.313, 295.98, 100, 74232, 74
2026/07/29 11:58:43.351, 296.84, 100, 74232, 74
2026/07/29 11:58:44.388, 298.00, 100, 74232, 74
2026/07/29 11:58:45.425, 297.63, 100, 74232, 74
2026/07/29 11:58:46.462, 297.71, 100, 74232, 74
2026/07/29 11:58:47.500, 298.85, 100, 74232, 74
2026/07/29 11:58:48.537, 296.95, 100, 74232, 74
2026/07/29 11:58:49.574, 298.11, 100, 74232, 74
2026/07/29 11:58:50.611, 296.65, 100, 74232, 74
2026/07/29 11:58:51.651, 290.77, 100, 74232, 74
2026/07/29 11:58:52.688, 297.02, 100, 74232, 74
2026/07/29 11:58:53.726, 295.56, 100, 74232, 74
2026/07/29 11:58:54.763, 297.64, 100, 74232, 74
2026/07/29 11:58:55.801, 290.43, 100, 74232, 74
2026/07/29 11:58:56.839, 295.27, 100, 74232, 74
2026/07/29 11:58:57.876, 298.21, 100, 74232, 74
2026/07/29 11:58:58.914, 295.67, 100, 74232, 74
2026/07/29 11:58:59.952, 298.85, 100, 74232, 74
2026/07/29 11:59:00.988, 294.41, 100, 74232, 74
2026/07/29 11:59:02.025, 294.43, 100, 74232, 74
2026/07/29 11:59:03.061, 295.40, 100, 74232, 74
2026/07/29 11:59:04.101, 295.68, 100, 74232, 74
2026/07/29 11:59:05.139, 294.78, 100, 74232, 74
2026/07/29 11:59:06.176, 295.61, 100, 74232, 73
2026/07/29 11:59:07.213, 296.86, 100, 74232, 73
2026/07/29 11:59:08.249, 295.98, 100, 74232, 73
2026/07/29 11:59:09.287, 295.38, 100, 74232, 73
2026/07/29 11:59:10.323, 302.05, 100, 74232, 73
2026/07/29 11:59:11.360, 302.92, 100, 74232, 73
2026/07/29 11:59:12.396, 303.61, 100, 74232, 73
2026/07/29 11:59:13.434, 298.86, 100, 74232, 73
2026/07/29 11:59:14.471, 303.65, 100, 74232, 73
2026/07/29 11:59:15.508, 304.19, 100, 74232, 73
2026/07/29 11:59:16.545, 302.84, 100, 74232, 73
2026/07/29 11:59:17.581, 301.57, 100, 74232, 73
2026/07/29 11:59:18.618, 302.86, 100, 74232, 73
2026/07/29 11:59:19.654, 301.66, 100, 74232, 73
2026/07/29 11:59:20.692, 301.92, 100, 74232, 73
2026/07/29 11:59:21.730, 303.41, 100, 74232, 73
2026/07/29 11:59:22.768, 302.63, 100, 74232, 73
2026/07/29 11:59:23.807, 298.60, 100, 74232, 73
2026/07/29 11:59:24.844, 295.27, 100, 74232, 73
2026/07/29 11:59:25.882, 295.78, 100, 74232, 73
2026/07/29 11:59:26.920, 296.96, 100, 74232, 73
2026/07/29 11:59:27.962, 294.70, 100, 74232, 73
2026/07/29 11:59:29.000, 294.52, 100, 74232, 73
2026/07/29 11:59:30.037, 304.28, 100, 74232, 73
2026/07/29 11:59:31.073, 302.54, 100, 74232, 73
2026/07/29 11:59:32.109, 302.33, 100, 74232, 73
2026/07/29 11:59:33.145, 302.70, 100, 74232, 73
2026/07/29 11:59:34.183, 302.86, 100, 74232, 73
2026/07/29 11:59:35.221, 303.70, 100, 74232, 73
2026/07/29 11:59:36.267, 299.92, 100, 74232, 73
2026/07/29 11:59:37.306, 296.57, 100, 74232, 73
2026/07/29 11:59:38.343, 290.82, 100, 74232, 73
2026/07/29 11:59:39.382, 296.64, 100, 74232, 73
2026/07/29 11:59:40.419, 300.95, 100, 74232, 73
2026/07/29 11:59:41.456, 293.82, 100, 74232, 73
2026/07/29 11:59:42.494, 293.65, 100, 74232, 73
2026/07/29 11:59:43.532, 295.66, 100, 74232, 73
2026/07/29 11:59:44.570, 303.90, 100, 74232, 73
2026/07/29 11:59:45.608, 302.28, 100, 74232, 73
2026/07/29 11:59:46.645, 307.16, 100, 74232, 73
2026/07/29 11:59:47.683, 302.06, 100, 74232, 73
2026/07/29 11:59:48.721, 302.84, 100, 74232, 73
2026/07/29 11:59:49.761, 303.23, 100, 74232, 73
2026/07/29 11:59:50.798, 304.03, 100, 74232, 73
2026/07/29 11:59:51.836, 304.80, 100, 74232, 75
2026/07/29 11:59:52.873, 290.18, 100, 74232, 75
2026/07/29 11:59:53.911, 301.84, 100, 74232, 75
2026/07/29 11:59:54.946, 288.89, 100, 74232, 75
2026/07/29 11:59:55.982, 264.38, 100, 74232, 75
2026/07/29 11:59:57.019, 302.49, 100, 74232, 73
2026/07/29 11:59:58.058, 297.23, 100, 74232, 73
2026/07/29 11:59:59.098, 304.75, 100, 74232, 73
2026/07/29 12:00:00.137, 299.64, 100, 74232, 73
2026/07/29 12:00:01.174, 295.19, 100, 74232, 73
2026/07/29 12:00:02.211, 296.45, 100, 74232, 73
2026/07/29 12:00:03.249, 297.63, 100, 74232, 75
2026/07/29 12:00:04.371, 299.54, 100, 74232, 75
2026/07/29 12:00:05.405, 283.74, 100, 74232, 75
2026/07/29 12:00:06.443, 299.04, 100, 74232, 75
2026/07/29 12:00:07.478, 287.35, 100, 74232, 75
2026/07/29 12:00:08.514, 300.36, 100, 74232, 73
2026/07/29 12:00:09.552, 303.62, 100, 74232, 73
2026/07/29 12:00:10.590, 303.69, 100, 74232, 73
2026/07/29 12:00:11.627, 293.53, 89, 74232, 75
2026/07/29 12:00:12.662, 303.15, 100, 74232, 75
2026/07/29 12:00:13.700, 295.51, 100, 74232, 75
2026/07/29 12:00:14.736, 308.38, 100, 74232, 75
2026/07/29 12:00:15.772, 301.20, 100, 74232, 75
2026/07/29 12:00:16.809, 297.82, 100, 74232, 75
2026/07/29 12:00:17.845, 304.98, 100, 74232, 74
2026/07/29 12:00:18.882, 304.03, 100, 74232, 74
2026/07/29 12:00:19.921, 297.04, 100, 74232, 74
2026/07/29 12:00:20.960, 296.85, 100, 74232, 74
2026/07/29 12:00:21.999, 290.66, 100, 74232, 74
2026/07/29 12:00:23.036, 289.37, 100, 74232, 74
2026/07/29 12:00:24.075, 285.53, 100, 74232, 74
2026/07/29 12:00:25.112, 290.92, 100, 74232, 74
2026/07/29 12:00:26.154, 289.28, 100, 74232, 74
2026/07/29 12:00:27.193, 161.40, 100, 74232, 76
2026/07/29 12:00:28.229, 288.59, 100, 74232, 76
2026/07/29 12:00:29.266, 304.51, 100, 74232, 76
2026/07/29 12:00:30.302, 291.22, 100, 74232, 76
2026/07/29 12:00:31.340, 298.39, 100, 74232, 75
2026/07/29 12:00:32.376, 287.82, 100, 74232, 76
2026/07/29 12:00:33.413, 305.08, 100, 74232, 74
2026/07/29 12:00:34.451, 304.92, 100, 74232, 74
2026/07/29 12:00:35.488, 303.93, 100, 74232, 74
2026/07/29 12:00:36.527, 303.41, 100, 74232, 74
2026/07/29 12:00:37.564, 305.63, 100, 74232, 74
2026/07/29 12:00:38.602, 303.60, 100, 74232, 74
2026/07/29 12:00:39.640, 301.32, 100, 74232, 74
2026/07/29 12:00:40.677, 298.48, 100, 74232, 74
2026/07/29 12:00:41.717, 298.09, 100, 74232, 74
2026/07/29 12:00:42.755, 156.77, 100, 74232, 72
2026/07/29 12:00:43.792, 296.17, 100, 74232, 75
2026/07/29 12:00:44.827, 304.48, 100, 74232, 75
2026/07/29 12:00:45.863, 303.14, 100, 74232, 75
2026/07/29 12:00:46.899, 308.75, 100, 74232, 75
2026/07/29 12:00:47.935, 296.86, 100, 74232, 75
2026/07/29 12:00:48.971, 301.19, 100, 74232, 74
2026/07/29 12:00:50.008, 303.33, 100, 74232, 74
2026/07/29 12:00:51.046, 305.48, 100, 74232, 74
2026/07/29 12:00:52.084, 305.95, 100, 74232, 74
2026/07/29 12:00:53.122, 304.25, 100, 74232, 74
2026/07/29 12:00:54.159, 304.72, 100, 74232, 74
2026/07/29 12:00:55.197, 301.43, 100, 74232, 74
2026/07/29 12:00:56.237, 113.65, 79, 74232, 75
2026/07/29 12:00:57.272, 290.86, 100, 74232, 76
2026/07/29 12:00:58.307, 299.05, 100, 74232, 76
2026/07/29 12:00:59.342, 296.44, 100, 74232, 76
2026/07/29 12:01:00.377, 286.56, 100, 74232, 75
2026/07/29 12:01:01.415, 288.58, 100, 74232, 76
2026/07/29 12:01:02.450, 304.78, 100, 74232, 74
2026/07/29 12:01:03.488, 303.84, 100, 74232, 74
2026/07/29 12:01:04.526, 304.63, 100, 74232, 74
2026/07/29 12:01:05.563, 306.05, 100, 74232, 74
2026/07/29 12:01:06.601, 304.17, 100, 74232, 74
2026/07/29 12:01:07.638, 100.66, 100, 74232, 71
2026/07/29 12:01:08.670, 293.46, 100, 74232, 75
2026/07/29 12:01:09.706, 296.85, 100, 74232, 75
2026/07/29 12:01:10.742, 288.59, 100, 74232, 76
2026/07/29 12:01:11.776, 291.36, 100, 74232, 75
2026/07/29 12:01:12.815, 300.05, 100, 74232, 76
2026/07/29 12:01:13.856, 283.90, 100, 74232, 75
2026/07/29 12:01:14.891, 303.31, 100, 74232, 74
2026/07/29 12:01:15.929, 303.48, 100, 74232, 74
2026/07/29 12:01:16.966, 304.58, 100, 74232, 74
2026/07/29 12:01:18.010, 305.08, 100, 74232, 74
2026/07/29 12:01:19.048, 296.84, 100, 74232, 74
2026/07/29 12:01:20.084, 99.73, 65, 74232, 71
2026/07/29 12:01:21.117, 305.43, 100, 74232, 75
2026/07/29 12:01:22.156, 303.73, 100, 74232, 75
2026/07/29 12:01:23.190, 287.99, 100, 74232, 76
2026/07/29 12:01:24.225, 284.06, 100, 74232, 76
2026/07/29 12:01:25.261, 304.11, 100, 74232, 75
2026/07/29 12:01:26.296, 281.11, 100, 74232, 76
2026/07/29 12:01:27.332, 303.31, 100, 74232, 74
2026/07/29 12:01:28.370, 304.02, 100, 74232, 74
2026/07/29 12:01:29.409, 303.71, 100, 74232, 74
2026/07/29 12:01:30.447, 304.77, 100, 74232, 74
2026/07/29 12:01:31.484, 306.00, 100, 74232, 74
2026/07/29 12:01:32.521, 304.77, 100, 74232, 74
2026/07/29 12:01:33.558, 101.86, 34, 74232, 71
2026/07/29 12:01:34.590, 303.40, 100, 74232, 75
2026/07/29 12:01:35.625, 302.43, 100, 74232, 75
2026/07/29 12:01:36.661, 309.32, 100, 74232, 75
2026/07/29 12:01:37.696, 307.35, 100, 74232, 75
2026/07/29 12:01:38.733, 280.45, 100, 74232, 76
2026/07/29 12:01:39.776, 271.55, 100, 74232, 75
2026/07/29 12:01:40.811, 303.32, 100, 74232, 74
2026/07/29 12:01:41.849, 304.29, 100, 74232, 74
2026/07/29 12:01:42.887, 304.02, 100, 74232, 74
2026/07/29 12:01:43.925, 100.22, 99, 74232, 71
2026/07/29 12:01:44.958, 305.42, 100, 74232, 75
2026/07/29 12:01:45.993, 304.24, 100, 74232, 75
2026/07/29 12:01:47.028, 293.27, 100, 74232, 75
2026/07/29 12:01:48.064, 284.71, 100, 74232, 75
2026/07/29 12:01:49.099, 298.16, 100, 74232, 75
2026/07/29 12:01:50.134, 298.23, 100, 74232, 75
2026/07/29 12:01:51.172, 304.08, 100, 74232, 74
2026/07/29 12:01:52.210, 304.39, 100, 74232, 74
2026/07/29 12:01:53.246, 304.23, 100, 74232, 74
2026/07/29 12:01:54.292, 302.66, 100, 74232, 74
2026/07/29 12:01:55.329, 304.69, 100, 74232, 74
2026/07/29 12:01:56.367, 301.20, 100, 74232, 74
2026/07/29 12:01:57.406, 304.90, 100, 74232, 74
2026/07/29 12:01:58.443, 101.74, 0, 74232, 71
2026/07/29 12:01:59.477, 293.64, 100, 74232, 76
2026/07/29 12:02:00.511, 292.37, 100, 74232, 76
2026/07/29 12:02:01.545, 295.06, 100, 74232, 76
2026/07/29 12:02:02.580, 294.41, 100, 74232, 76
2026/07/29 12:02:03.615, 285.58, 100, 74232, 76
2026/07/29 12:02:04.654, 297.69, 100, 74232, 76
2026/07/29 12:02:05.687, 304.67, 100, 74232, 74
2026/07/29 12:02:06.725, 304.18, 100, 74232, 74
2026/07/29 12:02:07.763, 308.77, 100, 74232, 74
2026/07/29 12:02:08.802, 304.55, 100, 74232, 74
2026/07/29 12:02:09.839, 101.17, 0, 74232, 71
2026/07/29 12:02:10.874, 278.30, 100, 74232, 75
2026/07/29 12:02:11.911, 300.48, 100, 74232, 76
2026/07/29 12:02:12.944, 285.59, 100, 74232, 76
2026/07/29 12:02:13.979, 300.90, 100, 74232, 76
2026/07/29 12:02:15.017, 285.09, 100, 74232, 76
2026/07/29 12:02:16.054, 283.51, 100, 74232, 76
2026/07/29 12:02:17.089, 304.68, 100, 74232, 74
2026/07/29 12:02:18.128, 304.28, 100, 74232, 74
2026/07/29 12:02:19.165, 308.44, 100, 74232, 74
2026/07/29 12:02:20.204, 118.98, 100, 74232, 76
2026/07/29 12:02:21.240, 305.37, 100, 74232, 76
2026/07/29 12:02:22.278, 285.98, 100, 74232, 76
2026/07/29 12:02:23.316, 290.17, 100, 74232, 76
2026/07/29 12:02:24.356, 293.44, 100, 74232, 76
2026/07/29 12:02:25.391, 275.71, 100, 74232, 76
2026/07/29 12:02:26.426, 305.75, 100, 74232, 76
2026/07/29 12:02:27.462, 304.89, 100, 74232, 74
2026/07/29 12:02:28.500, 305.55, 100, 74232, 74
2026/07/29 12:02:29.537, 305.71, 100, 74232, 74
2026/07/29 12:02:30.575, 296.71, 100, 74232, 76
2026/07/29 12:02:31.611, 291.37, 100, 74232, 76
2026/07/29 12:02:32.649, 301.18, 100, 74232, 76
2026/07/29 12:02:33.684, 314.02, 100, 74232, 76
2026/07/29 12:02:34.725, 285.19, 100, 74232, 76
2026/07/29 12:02:35.761, 312.32, 100, 74232, 76
2026/07/29 12:02:36.799, 301.99, 100, 74232, 74
2026/07/29 12:02:37.840, 293.16, 100, 74232, 74
2026/07/29 12:02:38.880, 294.16, 100, 74232, 74
2026/07/29 12:02:39.918, 293.73, 100, 74232, 74
2026/07/29 12:02:40.959, 294.91, 100, 74232, 74
2026/07/29 12:02:41.999, 293.52, 100, 74232, 74
2026/07/29 12:02:43.037, 298.07, 100, 74232, 74
2026/07/29 12:02:44.075, 301.68, 89, 74232, 73
2026/07/29 12:02:45.108, 304.11, 100, 74232, 76
2026/07/29 12:02:46.152, 294.92, 100, 74232, 76
2026/07/29 12:02:47.187, 303.88, 100, 74232, 76
2026/07/29 12:02:48.223, 283.83, 100, 74232, 76
2026/07/29 12:02:49.257, 269.06, 100, 74232, 76
2026/07/29 12:02:50.293, 280.05, 100, 74232, 76
2026/07/29 12:02:51.337, 323.24, 100, 74232, 76
2026/07/29 12:02:52.373, 304.40, 100, 74232, 74
2026/07/29 12:02:53.411, 305.65, 100, 74232, 74
2026/07/29 12:02:54.449, 304.98, 100, 74232, 74
2026/07/29 12:02:55.487, 302.27, 100, 74232, 74
2026/07/29 12:02:56.524, 293.84, 100, 74232, 74
2026/07/29 12:02:57.561, 299.04, 100, 74232, 74
2026/07/29 12:02:58.599, 298.71, 100, 74232, 74
2026/07/29 12:02:59.636, 297.60, 100, 74232, 74
2026/07/29 12:03:00.673, 298.20, 100, 74232, 74
2026/07/29 12:03:01.716, 298.49, 100, 74232, 74
2026/07/29 12:03:02.754, 286.59, 100, 74232, 74
2026/07/29 12:03:03.791, 290.85, 100, 74232, 74
2026/07/29 12:03:04.829, 290.07, 100, 74232, 74
2026/07/29 12:03:05.867, 294.90, 100, 74232, 74
2026/07/29 12:03:06.905, 295.19, 100, 74232, 74
2026/07/29 12:03:07.943, 293.76, 100, 74232, 74
2026/07/29 12:03:08.980, 295.49, 100, 74232, 74
2026/07/29 12:03:10.016, 296.93, 100, 74232, 74
2026/07/29 12:03:11.055, 100.23, 0, 74232, 70
2026/07/29 12:03:12.086, 97.92, 0, 74232, 70
2026/07/29 12:03:13.115, 97.45, 0, 74232, 69
2026/07/29 12:03:14.149, 97.56, 0, 74232, 68
2026/07/29 12:03:15.181, 95.72, 0, 74232, 68
2026/07/29 12:03:16.213, 94.26, 0, 74232, 67
2026/07/29 12:03:17.245, 94.70, 0, 74232, 67
2026/07/29 12:03:18.276, 95.14, 0, 74232, 66
2026/07/29 12:03:19.308, 92.95, 0, 74232, 66
2026/07/29 12:03:20.340, 92.97, 0, 74232, 65
2026/07/29 12:03:21.372, 93.20, 0, 74232, 65
2026/07/29 12:03:22.404, 92.32, 0, 74232, 65
2026/07/29 12:03:23.435, 91.59, 0, 74232, 64
2026/07/29 12:03:24.465, 91.97, 0, 74232, 64
2026/07/29 12:03:25.497, 90.81, 0, 74232, 64
2026/07/29 12:03:26.527, 89.84, 0, 74232, 63
2026/07/29 12:03:27.557, 91.48, 0, 74232, 63
2026/07/29 12:03:28.587, 89.07, 0, 74232, 63
2026/07/29 12:03:29.619, 89.06, 0, 74232, 62
2026/07/29 12:03:30.651, 90.34, 0, 74232, 62
2026/07/29 12:03:31.683, 89.60, 0, 74232, 62
2026/07/29 12:03:32.713, 88.25, 0, 74232, 62
2026/07/29 12:03:33.745, 88.87, 0, 74232, 61
2026/07/29 12:03:34.777, 89.03, 0, 74232, 61
2026/07/29 12:03:35.808, 86.93, 0, 74232, 61
2026/07/29 12:03:36.840, 87.55, 0, 74232, 61
2026/07/29 12:03:37.945, 86.08, 0, 74232, 60
2026/07/29 12:03:38.977, 86.86, 0, 74232, 60
2026/07/29 12:03:40.007, 86.68, 0, 74232, 60
2026/07/29 12:03:41.038, 84.97, 0, 74232, 59
2026/07/29 12:03:42.071, 84.51, 0, 74232, 59
2026/07/29 12:03:43.102, 84.64, 0, 74232, 59
2026/07/29 12:03:44.131, 83.88, 0, 74232, 59
2026/07/29 12:03:45.163, 84.13, 0, 74232, 59
2026/07/29 12:03:46.195, 83.77, 0, 74232, 58
2026/07/29 12:03:47.228, 304.55, 100, 74232, 64
2026/07/29 12:03:48.264, 289.13, 100, 74232, 64
2026/07/29 12:03:49.299, 301.45, 100, 74232, 64
2026/07/29 12:03:50.335, 289.56, 100, 74232, 65
2026/07/29 12:03:51.374, 303.13, 100, 74232, 63
2026/07/29 12:03:52.411, 303.75, 100, 74232, 64
2026/07/29 12:03:53.450, 304.99, 100, 74232, 64
2026/07/29 12:03:54.487, 304.19, 100, 74232, 64
2026/07/29 12:03:55.523, 288.91, 100, 74232, 66
2026/07/29 12:03:56.558, 316.43, 100, 74232, 67
2026/07/29 12:03:57.596, 295.83, 100, 74232, 67
2026/07/29 12:03:58.631, 291.56, 100, 74232, 67
2026/07/29 12:03:59.666, 278.43, 100, 74232, 67
2026/07/29 12:04:00.701, 290.23, 100, 74232, 65
2026/07/29 12:04:01.754, 299.45, 100, 74232, 66
2026/07/29 12:04:02.791, 299.46, 100, 74232, 66
2026/07/29 12:04:03.828, 270.92, 100, 74232, 68
2026/07/29 12:04:04.871, 298.41, 100, 74232, 68
2026/07/29 12:04:05.906, 298.49, 100, 74232, 69
2026/07/29 12:04:06.943, 282.01, 100, 74232, 69
2026/07/29 12:04:07.978, 310.53, 100, 74232, 69
2026/07/29 12:04:09.014, 302.05, 100, 74232, 67
2026/07/29 12:04:10.051, 295.96, 100, 74232, 68
2026/07/29 12:04:11.089, 296.16, 100, 74232, 68
2026/07/29 12:04:12.130, 298.39, 100, 74232, 70
2026/07/29 12:04:13.165, 290.08, 100, 74232, 70
2026/07/29 12:04:14.200, 311.54, 100, 74232, 70
2026/07/29 12:04:15.234, 318.26, 100, 74232, 70
2026/07/29 12:04:16.274, 282.75, 100, 74232, 69
2026/07/29 12:04:17.312, 289.19, 100, 74232, 69
2026/07/29 12:04:18.349, 286.36, 100, 74232, 69
2026/07/29 12:04:19.393, 286.86, 100, 74232, 69
2026/07/29 12:04:20.430, 290.82, 100, 74232, 69
2026/07/29 12:04:21.468, 290.66, 100, 74232, 69
2026/07/29 12:04:22.507, 298.20, 100, 74232, 70
2026/07/29 12:04:23.544, 299.81, 100, 74232, 72
2026/07/29 12:04:24.579, 293.12, 100, 74232, 72
2026/07/29 12:04:25.614, 278.49, 100, 74232, 72
2026/07/29 12:04:26.649, 315.15, 100, 74232, 72
2026/07/29 12:04:27.684, 297.72, 100, 74232, 70
2026/07/29 12:04:28.722, 291.41, 100, 74232, 70
2026/07/29 12:04:29.761, 292.00, 100, 74232, 70
2026/07/29 12:04:30.803, 299.92, 100, 74232, 71
2026/07/29 12:04:31.841, 294.61, 100, 74232, 71
2026/07/29 12:04:32.878, 299.55, 100, 74232, 71
2026/07/29 12:04:33.918, 288.41, 100, 74232, 71
2026/07/29 12:04:34.954, 293.17, 100, 74232, 71
2026/07/29 12:04:35.992, 300.92, 100, 74232, 71
2026/07/29 12:04:37.029, 304.98, 100, 74232, 73
2026/07/29 12:04:38.066, 301.39, 100, 74232, 73
2026/07/29 12:04:39.101, 295.40, 100, 74232, 73
2026/07/29 12:04:40.136, 306.32, 100, 74232, 73
2026/07/29 12:04:41.172, 299.65, 100, 74232, 73
2026/07/29 12:04:42.210, 301.08, 100, 74232, 72
2026/07/29 12:04:43.247, 302.01, 100, 74232, 72
2026/07/29 12:04:44.288, 303.34, 100, 74232, 72
2026/07/29 12:04:45.325, 270.19, 0, 74232, 72
2026/07/29 12:04:46.360, 305.82, 100, 74232, 73
2026/07/29 12:04:47.397, 304.30, 100, 74232, 73
2026/07/29 12:04:48.437, 301.06, 100, 74232, 74
2026/07/29 12:04:49.472, 306.53, 100, 74232, 73
2026/07/29 12:04:50.509, 256.23, 100, 74232, 72
2026/07/29 12:04:51.548, 292.86, 100, 74232, 72
2026/07/29 12:04:52.586, 293.04, 100, 74232, 72
2026/07/29 12:04:53.623, 293.61, 100, 74232, 72
2026/07/29 12:04:54.661, 354.53, 100, 74232, 73
2026/07/29 12:04:55.696, 310.18, 100, 74232, 74
2026/07/29 12:04:56.730, 298.82, 100, 74232, 74
2026/07/29 12:04:57.764, 304.16, 100, 74232, 74
2026/07/29 12:04:58.799, 323.24, 100, 74232, 74
2026/07/29 12:04:59.835, 287.34, 100, 74232, 74
2026/07/29 12:05:00.872, 301.00, 100, 74232, 72
2026/07/29 12:05:01.910, 301.98, 100, 74232, 72
2026/07/29 12:05:02.947, 291.61, 100, 74232, 72
2026/07/29 12:05:03.984, 294.02, 100, 74232, 73
2026/07/29 12:05:05.022, 295.79, 100, 74232, 73
2026/07/29 12:05:06.061, 99.02, 0, 74232, 70
2026/07/29 12:05:07.093, 295.93, 100, 74232, 74
2026/07/29 12:05:08.138, 291.48, 100, 74232, 74
2026/07/29 12:05:09.172, 304.53, 100, 74232, 75
2026/07/29 12:05:10.206, 303.72, 100, 74232, 75
2026/07/29 12:05:11.241, 304.02, 100, 74232, 75
2026/07/29 12:05:12.277, 303.32, 100, 74232, 73
2026/07/29 12:05:13.315, 302.48, 100, 74232, 73
2026/07/29 12:05:14.353, 302.93, 100, 74232, 73
2026/07/29 12:05:15.389, 99.90, 0, 74232, 70
2026/07/29 12:05:16.423, 292.57, 100, 74232, 74
2026/07/29 12:05:17.458, 303.42, 100, 74232, 75
2026/07/29 12:05:18.495, 294.80, 100, 74232, 75
2026/07/29 12:05:19.529, 296.35, 100, 74232, 75
2026/07/29 12:05:20.565, 305.62, 100, 74232, 75
2026/07/29 12:05:21.599, 302.74, 100, 74232, 73
2026/07/29 12:05:22.637, 299.47, 100, 74232, 73
2026/07/29 12:05:23.673, 303.78, 100, 74232, 73
2026/07/29 12:05:24.710, 303.49, 100, 74232, 74
2026/07/29 12:05:25.750, 299.94, 100, 74232, 74
2026/07/29 12:05:26.787, 304.11, 100, 74232, 74
2026/07/29 12:05:27.824, 301.99, 100, 74232, 74
2026/07/29 12:05:28.861, 300.13, 100, 74232, 74
2026/07/29 12:05:29.898, 304.45, 100, 74232, 74
2026/07/29 12:05:30.935, 305.25, 100, 74232, 74
2026/07/29 12:05:31.974, 303.83, 100, 74232, 74
2026/07/29 12:05:33.011, 300.11, 100, 74232, 74
2026/07/29 12:05:34.351, 293.83, 100, 74232, 74
2026/07/29 12:05:35.389, 296.24, 100, 74232, 74
2026/07/29 12:05:36.429, 302.74, 100, 74232, 74
2026/07/29 12:05:37.469, 296.26, 100, 74232, 74
2026/07/29 12:05:38.507, 305.42, 100, 74232, 74
2026/07/29 12:05:39.545, 293.45, 100, 74232, 75
2026/07/29 12:05:40.581, 306.49, 100, 74232, 76
2026/07/29 12:05:41.616, 303.97, 100, 74232, 75
2026/07/29 12:05:42.651, 309.20, 100, 74232, 75
2026/07/29 12:05:43.686, 318.33, 100, 74232, 75
2026/07/29 12:05:44.728, 301.28, 100, 74232, 75
2026/07/29 12:05:45.766, 285.51, 100, 74232, 73
2026/07/29 12:05:46.805, 288.51, 100, 74232, 73
2026/07/29 12:05:47.843, 295.86, 100, 74232, 73
2026/07/29 12:05:48.881, 297.63, 100, 74232, 74
2026/07/29 12:05:49.919, 295.37, 100, 74232, 74
2026/07/29 12:05:50.956, 295.77, 100, 74232, 74
2026/07/29 12:05:51.992, 295.84, 100, 74232, 74
2026/07/29 12:05:53.030, 296.34, 100, 74232, 74
2026/07/29 12:05:54.067, 295.78, 100, 74232, 74
2026/07/29 12:05:55.105, 296.56, 11, 74232, 75
2026/07/29 12:05:56.140, 296.63, 100, 74232, 75
2026/07/29 12:05:57.174, 305.79, 100, 74232, 75
2026/07/29 12:05:58.213, 295.76, 100, 74232, 75
2026/07/29 12:05:59.248, 286.55, 100, 74232, 75
2026/07/29 12:06:00.282, 316.02, 100, 74232, 75
2026/07/29 12:06:01.326, 303.52, 100, 74232, 74
2026/07/29 12:06:02.365, 304.45, 100, 74232, 74
2026/07/29 12:06:03.403, 303.99, 100, 74232, 74
2026/07/29 12:06:04.441, 303.90, 100, 74232, 74
2026/07/29 12:06:05.478, 297.21, 100, 74232, 74
2026/07/29 12:06:06.519, 303.57, 100, 74232, 74
2026/07/29 12:06:07.557, 97.99, 89, 74232, 71
2026/07/29 12:06:08.590, 299.96, 100, 74232, 75
2026/07/29 12:06:09.624, 301.03, 100, 74232, 75
2026/07/29 12:06:10.661, 290.47, 100, 74232, 75
2026/07/29 12:06:11.698, 276.80, 100, 74232, 75
2026/07/29 12:06:12.732, 287.84, 100, 74232, 75
2026/07/29 12:06:13.771, 260.74, 100, 74232, 75
2026/07/29 12:06:14.810, 304.24, 100, 74232, 74
2026/07/29 12:06:15.848, 304.46, 100, 74232, 74
2026/07/29 12:06:16.885, 304.17, 100, 74232, 74
2026/07/29 12:06:17.922, 304.08, 100, 74232, 74
2026/07/29 12:06:18.960, 100.23, 0, 74232, 71
2026/07/29 12:06:19.993, 303.32, 100, 74232, 75
2026/07/29 12:06:21.027, 295.78, 100, 74232, 75
2026/07/29 12:06:22.062, 291.23, 100, 74232, 75
2026/07/29 12:06:23.109, 281.12, 100, 74232, 75
2026/07/29 12:06:24.144, 294.62, 100, 74232, 75
2026/07/29 12:06:25.181, 251.60, 100, 74232, 74
2026/07/29 12:06:26.222, 284.34, 100, 74232, 74
2026/07/29 12:06:27.260, 290.92, 100, 74232, 74
2026/07/29 12:06:28.298, 294.80, 100, 74232, 74
2026/07/29 12:06:29.335, 289.29, 100, 74232, 74
2026/07/29 12:06:30.373, 293.84, 100, 74232, 74
2026/07/29 12:06:31.414, 286.00, 100, 74232, 74
2026/07/29 12:06:32.452, 287.23, 100, 74232, 74
2026/07/29 12:06:33.490, 289.45, 100, 74232, 74
2026/07/29 12:06:34.529, 303.33, 100, 74232, 76
2026/07/29 12:06:35.564, 302.17, 100, 74232, 76
2026/07/29 12:06:36.603, 298.20, 100, 74232, 76
2026/07/29 12:06:37.638, 266.62, 100, 74232, 76
2026/07/29 12:06:38.674, 320.06, 100, 74232, 76
2026/07/29 12:06:39.709, 290.65, 100, 74232, 76
2026/07/29 12:06:40.747, 303.43, 100, 74232, 74
2026/07/29 12:06:41.784, 304.28, 100, 74232, 74
2026/07/29 12:06:42.820, 304.45, 100, 74232, 74
2026/07/29 12:06:43.858, 292.84, 100, 74232, 74
2026/07/29 12:06:44.895, 296.76, 100, 74232, 74
2026/07/29 12:06:45.933, 298.00, 100, 74232, 74
2026/07/29 12:06:46.970, 292.38, 100, 74232, 74
2026/07/29 12:06:48.009, 297.80, 100, 74232, 74
2026/07/29 12:06:49.048, 298.02, 100, 74232, 74
2026/07/29 12:06:50.086, 296.56, 100, 74232, 74
2026/07/29 12:06:51.124, 298.16, 100, 74232, 74
2026/07/29 12:06:52.162, 293.56, 100, 74232, 74
2026/07/29 12:06:53.200, 297.13, 100, 74232, 74
2026/07/29 12:06:54.237, 297.60, 100, 74232, 74
2026/07/29 12:06:55.275, 297.50, 100, 74232, 74
2026/07/29 12:06:56.312, 297.58, 100, 74232, 74
2026/07/29 12:06:57.351, 297.46, 100, 74232, 74
2026/07/29 12:06:58.388, 296.64, 100, 74232, 74
2026/07/29 12:06:59.425, 100.79, 0, 74232, 71
2026/07/29 12:07:00.457, 99.51, 0, 74232, 70
2026/07/29 12:07:01.489, 97.99, 0, 74232, 69
2026/07/29 12:07:02.519, 96.97, 0, 74232, 69
2026/07/29 12:07:03.551, 95.92, 0, 74232, 68
2026/07/29 12:07:04.583, 95.37, 0, 74232, 68
2026/07/29 12:07:05.615, 95.80, 0, 74232, 67
2026/07/29 12:07:06.647, 93.92, 0, 74232, 67
2026/07/29 12:07:07.679, 94.58, 0, 74232, 66
2026/07/29 12:07:08.720, 94.16, 0, 74232, 66
2026/07/29 12:07:09.754, 93.50, 0, 74232, 66
2026/07/29 12:07:10.786, 92.57, 0, 74232, 65
2026/07/29 12:07:11.818, 92.12, 0, 74232, 65
2026/07/29 12:07:12.850, 92.21, 0, 74232, 65
2026/07/29 12:07:13.881, 91.33, 0, 74232, 64
2026/07/29 12:07:14.912, 91.58, 0, 74232, 64
2026/07/29 12:07:15.944, 90.97, 0, 74232, 64
2026/07/29 12:07:16.975, 91.39, 0, 74232, 63
2026/07/29 12:07:18.005, 90.63, 0, 74232, 63
2026/07/29 12:07:19.038, 90.12, 0, 74232, 63
2026/07/29 12:07:20.068, 89.37, 0, 74232, 62
2026/07/29 12:07:21.099, 89.56, 0, 74232, 62
2026/07/29 12:07:22.132, 89.09, 0, 74232, 62
2026/07/29 12:07:23.164, 88.93, 0, 74232, 61
2026/07/29 12:07:24.195, 88.54, 0, 74232, 61
2026/07/29 12:07:25.226, 86.48, 0, 74232, 61
2026/07/29 12:07:26.258, 87.71, 0, 74232, 61
2026/07/29 12:07:27.289, 86.56, 0, 74232, 60
2026/07/29 12:07:28.320, 86.54, 0, 74232, 60
2026/07/29 12:07:29.353, 86.17, 0, 74232, 60
2026/07/29 12:07:30.384, 302.48, 100, 74232, 65
2026/07/29 12:07:31.418, 296.75, 100, 74232, 66
2026/07/29 12:07:32.450, 304.80, 100, 74232, 66
2026/07/29 12:07:33.483, 298.84, 100, 74232, 66
2026/07/29 12:07:34.517, 305.17, 100, 74232, 65
2026/07/29 12:07:35.555, 303.45, 100, 74232, 65
2026/07/29 12:07:36.592, 307.22, 100, 74232, 65
2026/07/29 12:07:37.629, 298.89, 100, 74232, 65
2026/07/29 12:07:38.665, 299.46, 100, 74232, 66
2026/07/29 12:07:39.703, 299.17, 100, 74232, 66
2026/07/29 12:07:40.740, 302.26, 100, 74232, 68
2026/07/29 12:07:41.778, 299.37, 100, 74232, 68
2026/07/29 12:07:42.813, 291.71, 100, 74232, 68
2026/07/29 12:07:43.849, 300.71, 100, 74232, 69
2026/07/29 12:07:44.890, 244.08, 100, 74232, 67
2026/07/29 12:07:45.933, 294.80, 100, 74232, 67
2026/07/29 12:07:46.970, 295.77, 100, 74232, 67
2026/07/29 12:07:48.007, 301.08, 100, 74232, 69
2026/07/29 12:07:49.042, 291.93, 100, 74232, 70
2026/07/29 12:07:50.077, 295.17, 100, 74232, 70
2026/07/29 12:07:51.114, 303.51, 100, 74232, 70
2026/07/29 12:07:52.149, 302.88, 100, 74232, 68
2026/07/29 12:07:53.186, 299.83, 100, 74232, 68
2026/07/29 12:07:54.223, 304.97, 100, 74232, 69
2026/07/29 12:07:55.260, 301.19, 100, 74232, 69
2026/07/29 12:07:56.298, 303.91, 100, 74232, 69
2026/07/29 12:07:57.337, 304.51, 100, 74232, 69
2026/07/29 12:07:58.373, 304.56, 100, 74232, 69
2026/07/29 12:07:59.410, 305.15, 100, 74232, 69
2026/07/29 12:08:00.447, 299.07, 100, 74232, 70
2026/07/29 12:08:01.485, 297.77, 100, 74232, 71
2026/07/29 12:08:02.520, 310.58, 100, 74232, 72
2026/07/29 12:08:03.554, 301.79, 100, 74232, 72
2026/07/29 12:08:04.589, 297.70, 100, 74232, 72
2026/07/29 12:08:05.625, 297.02, 100, 74232, 72
2026/07/29 12:08:06.661, 295.69, 100, 74232, 70
2026/07/29 12:08:07.700, 291.50, 100, 74232, 70
2026/07/29 12:08:08.737, 299.88, 100, 74232, 71
2026/07/29 12:08:09.775, 297.91, 100, 74232, 71
2026/07/29 12:08:10.813, 301.29, 100, 74232, 73
2026/07/29 12:08:11.849, 293.64, 100, 74232, 73
2026/07/29 12:08:12.884, 288.19, 100, 74232, 73
2026/07/29 12:08:13.919, 297.19, 100, 74232, 73
2026/07/29 12:08:14.959, 290.05, 100, 74232, 71
2026/07/29 12:08:15.996, 299.72, 100, 74232, 71
2026/07/29 12:08:17.034, 301.42, 100, 74232, 71
2026/07/29 12:08:18.072, 300.23, 100, 74232, 73
2026/07/29 12:08:19.107, 303.72, 100, 74232, 73
2026/07/29 12:08:20.142, 304.87, 100, 74232, 73
2026/07/29 12:08:21.185, 315.48, 100, 74232, 74
2026/07/29 12:08:22.219, 306.69, 100, 74232, 74
2026/07/29 12:08:23.256, 302.73, 100, 74232, 72
2026/07/29 12:08:24.294, 303.40, 100, 74232, 72
2026/07/29 12:08:25.331, 295.58, 100, 74232, 72
2026/07/29 12:08:26.370, 294.50, 100, 74232, 72
2026/07/29 12:08:27.409, 293.75, 100, 74232, 72
2026/07/29 12:08:28.448, 295.39, 100, 74232, 72
2026/07/29 12:08:29.485, 292.68, 100, 74232, 73
2026/07/29 12:08:30.524, 297.91, 100, 74232, 73
2026/07/29 12:08:31.562, 294.34, 100, 74232, 73
2026/07/29 12:08:32.602, 298.50, 100, 74232, 73
2026/07/29 12:08:33.639, 303.39, 100, 74232, 73
2026/07/29 12:08:34.680, 303.48, 100, 74232, 73
2026/07/29 12:08:35.717, 302.85, 100, 74232, 73
2026/07/29 12:08:36.758, 302.46, 100, 74232, 73
2026/07/29 12:08:37.797, 295.69, 100, 74232, 73
2026/07/29 12:08:38.834, 292.55, 100, 74232, 74
2026/07/29 12:08:39.871, 295.28, 100, 74232, 75
2026/07/29 12:08:40.910, 279.18, 100, 74232, 75
2026/07/29 12:08:41.945, 297.68, 100, 74232, 75
2026/07/29 12:08:42.980, 295.85, 100, 74232, 75
2026/07/29 12:08:44.020, 312.52, 100, 74232, 74
2026/07/29 12:08:45.056, 302.37, 100, 74232, 73
2026/07/29 12:08:46.095, 302.92, 100, 74232, 73
2026/07/29 12:08:47.133, 303.01, 100, 74232, 73
2026/07/29 12:08:48.169, 303.04, 100, 74232, 73
2026/07/29 12:08:49.206, 297.33, 100, 74232, 73
2026/07/29 12:08:50.242, 293.62, 100, 74232, 73
2026/07/29 12:08:51.280, 292.10, 100, 74232, 73
2026/07/29 12:08:52.318, 295.48, 100, 74232, 73
2026/07/29 12:08:53.359, 295.78, 100, 74232, 73
2026/07/29 12:08:54.398, 298.09, 100, 74232, 73
2026/07/29 12:08:55.435, 303.32, 100, 74232, 73
2026/07/29 12:08:56.474, 305.91, 100, 74232, 73
2026/07/29 12:08:57.511, 295.59, 100, 74232, 73
2026/07/29 12:08:58.550, 295.59, 100, 74232, 73
2026/07/29 12:08:59.588, 303.33, 100, 74232, 73
2026/07/29 12:09:00.627, 303.50, 100, 74232, 73
2026/07/29 12:09:01.665, 303.90, 100, 74232, 73
2026/07/29 12:09:02.702, 297.51, 100, 74232, 73
2026/07/29 12:09:03.739, 295.87, 100, 74232, 73
2026/07/29 12:09:04.777, 292.47, 100, 74232, 73
2026/07/29 12:09:05.814, 296.26, 100, 74232, 73
2026/07/29 12:09:06.851, 297.52, 100, 74232, 73
2026/07/29 12:09:07.888, 295.30, 100, 74232, 73
2026/07/29 12:09:08.925, 295.46, 100, 74232, 73
2026/07/29 12:09:09.963, 297.05, 100, 74232, 73
2026/07/29 12:09:10.999, 295.55, 100, 74232, 73
2026/07/29 12:09:12.038, 295.67, 100, 74232, 73
2026/07/29 12:09:13.076, 295.77, 100, 74232, 73
2026/07/29 12:09:14.113, 291.99, 100, 74232, 73
2026/07/29 12:09:15.152, 296.25, 100, 74232, 73
2026/07/29 12:09:16.190, 295.30, 100, 74232, 73
2026/07/29 12:09:17.232, 295.47, 100, 74232, 73
2026/07/29 12:09:18.270, 302.64, 100, 74232, 73
2026/07/29 12:09:19.307, 302.82, 100, 74232, 73
2026/07/29 12:09:20.345, 302.64, 100, 74232, 73
2026/07/29 12:09:21.383, 303.61, 100, 74232, 73
2026/07/29 12:09:22.420, 301.48, 100, 74232, 73
2026/07/29 12:09:23.458, 303.42, 100, 74232, 73
2026/07/29 12:09:24.495, 302.63, 100, 74232, 73
2026/07/29 12:09:25.535, 303.15, 100, 74232, 73
2026/07/29 12:09:26.572, 304.91, 100, 74232, 73
2026/07/29 12:09:27.610, 303.12, 100, 74232, 73
2026/07/29 12:09:28.647, 304.18, 100, 74232, 73
2026/07/29 12:09:29.684, 303.23, 100, 74232, 73
2026/07/29 12:09:30.722, 303.74, 100, 74232, 73
2026/07/29 12:09:31.761, 304.61, 100, 74232, 73
2026/07/29 12:09:32.799, 302.94, 100, 74232, 73
2026/07/29 12:09:33.837, 301.95, 100, 74232, 75
2026/07/29 12:09:34.875, 300.00, 100, 74232, 75
2026/07/29 12:09:35.912, 284.68, 100, 74232, 75
2026/07/29 12:09:36.948, 315.76, 100, 74232, 75
2026/07/29 12:09:37.986, 306.86, 100, 74232, 75
2026/07/29 12:09:39.021, 278.49, 100, 74232, 75
2026/07/29 12:09:40.057, 302.52, 100, 74232, 73
2026/07/29 12:09:41.096, 302.36, 100, 74232, 73
2026/07/29 12:09:42.133, 302.82, 100, 74232, 73
2026/07/29 12:09:43.171, 296.57, 100, 74232, 73
2026/07/29 12:09:44.208, 295.87, 100, 74232, 73
2026/07/29 12:09:45.259, 293.45, 100, 74232, 73
2026/07/29 12:09:46.298, 297.52, 100, 74232, 73
2026/07/29 12:09:47.335, 292.19, 100, 74232, 73
2026/07/29 12:09:48.374, 295.88, 100, 74232, 74
2026/07/29 12:09:49.412, 292.58, 100, 74232, 74
2026/07/29 12:09:50.449, 295.67, 100, 74232, 74
2026/07/29 12:09:51.489, 296.17, 100, 74232, 74
2026/07/29 12:09:52.528, 294.80, 88, 74232, 75
2026/07/29 12:09:53.564, 296.08, 100, 74232, 75
2026/07/29 12:09:54.601, 292.76, 100, 74232, 75
2026/07/29 12:09:55.636, 306.75, 100, 74232, 75
2026/07/29 12:09:56.670, 294.89, 100, 74232, 76
2026/07/29 12:09:57.705, 290.91, 100, 74232, 75
2026/07/29 12:09:58.742, 296.83, 100, 74232, 75
2026/07/29 12:09:59.782, 296.54, 100, 74232, 73
2026/07/29 12:10:00.819, 287.36, 100, 74232, 73
2026/07/29 12:10:01.857, 290.64, 100, 74232, 73
2026/07/29 12:10:02.895, 289.11, 100, 74232, 73
2026/07/29 12:10:03.932, 100.90, 0, 74232, 71
2026/07/29 12:10:04.966, 299.21, 100, 74232, 75
2026/07/29 12:10:06.002, 296.73, 100, 74232, 75
2026/07/29 12:10:07.037, 277.17, 100, 74232, 75
2026/07/29 12:10:08.076, 294.04, 100, 74232, 75
2026/07/29 12:10:09.111, 319.39, 100, 74232, 75
2026/07/29 12:10:10.146, 315.61, 100, 74232, 75
2026/07/29 12:10:11.182, 301.97, 100, 74232, 74
2026/07/29 12:10:12.221, 303.43, 100, 74232, 74
2026/07/29 12:10:13.258, 304.39, 100, 74232, 74
2026/07/29 12:10:14.295, 102.84, 29, 74232, 71
2026/07/29 12:10:15.328, 302.91, 100, 74232, 75
2026/07/29 12:10:16.365, 306.10, 100, 74232, 75
2026/07/29 12:10:17.399, 281.80, 100, 74232, 75
2026/07/29 12:10:18.434, 277.71, 100, 74232, 76
2026/07/29 12:10:19.470, 266.51, 100, 74232, 75
2026/07/29 12:10:20.505, 276.72, 100, 74232, 75
2026/07/29 12:10:21.540, 275.34, 100, 74232, 74
2026/07/29 12:10:22.579, 290.15, 100, 74232, 74
2026/07/29 12:10:23.617, 289.86, 100, 74232, 74
2026/07/29 12:10:24.656, 297.99, 100, 74232, 74
2026/07/29 12:10:25.694, 305.34, 100, 74232, 74
2026/07/29 12:10:26.730, 347.71, 0, 74232, 75
2026/07/29 12:10:27.767, 304.34, 100, 74232, 76
2026/07/29 12:10:28.804, 305.10, 100, 74232, 76
2026/07/29 12:10:29.839, 284.93, 100, 74232, 76
2026/07/29 12:10:30.874, 316.14, 100, 74232, 76
2026/07/29 12:10:31.913, 282.67, 100, 74232, 76
2026/07/29 12:10:32.948, 298.74, 100, 74232, 76
2026/07/29 12:10:33.983, 305.04, 100, 74232, 74
2026/07/29 12:10:35.022, 305.38, 100, 74232, 74
2026/07/29 12:10:36.058, 305.88, 100, 74232, 74
2026/07/29 12:10:37.095, 304.93, 100, 74232, 74
2026/07/29 12:10:38.131, 298.77, 100, 74232, 74
2026/07/29 12:10:39.169, 298.48, 100, 74232, 75
2026/07/29 12:10:40.206, 298.57, 100, 74232, 75
2026/07/29 12:10:41.244, 298.81, 100, 74232, 75
2026/07/29 12:10:42.281, 298.38, 100, 74232, 75
2026/07/29 12:10:43.318, 298.29, 100, 74232, 75
2026/07/29 12:10:44.354, 298.21, 100, 74232, 75
2026/07/29 12:10:45.392, 299.76, 100, 74232, 75
2026/07/29 12:10:46.428, 298.39, 100, 74232, 75
2026/07/29 12:10:47.465, 298.80, 100, 74232, 74
2026/07/29 12:10:48.502, 298.31, 100, 74232, 74
2026/07/29 12:10:49.538, 298.12, 100, 74232, 74
2026/07/29 12:10:50.575, 297.90, 100, 74232, 74
2026/07/29 12:10:51.612, 294.70, 45, 74232, 75
2026/07/29 12:10:52.647, 284.83, 100, 74232, 76
2026/07/29 12:10:53.682, 297.04, 100, 74232, 76
2026/07/29 12:10:54.717, 294.51, 100, 74232, 75
2026/07/29 12:10:55.753, 273.13, 100, 74232, 75
2026/07/29 12:10:56.788, 293.13, 100, 74232, 76
2026/07/29 12:10:57.833, 314.55, 100, 74232, 75
2026/07/29 12:10:58.869, 305.45, 100, 74232, 74
2026/07/29 12:10:59.907, 300.21, 100, 74232, 74
2026/07/29 12:11:00.944, 306.03, 100, 74232, 74
2026/07/29 12:11:01.980, 305.14, 100, 74232, 74
2026/07/29 12:11:03.017, 304.67, 100, 74232, 74
2026/07/29 12:11:04.053, 304.52, 100, 74232, 74
2026/07/29 12:11:05.089, 305.29, 100, 74232, 74
2026/07/29 12:11:06.126, 305.35, 100, 74232, 74
2026/07/29 12:11:07.163, 300.12, 100, 74232, 74
2026/07/29 12:11:08.201, 290.14, 100, 74232, 74
2026/07/29 12:11:09.240, 288.59, 100, 74232, 74
2026/07/29 12:11:10.278, 287.83, 100, 74232, 74
2026/07/29 12:11:11.316, 295.20, 100, 74232, 74
2026/07/29 12:11:12.353, 296.25, 100, 74232, 74
2026/07/29 12:11:13.392, 295.28, 100, 74232, 74
2026/07/29 12:11:14.430, 303.80, 100, 74232, 74
2026/07/29 12:11:15.467, 302.76, 100, 74232, 74
2026/07/29 12:11:16.508, 297.50, 100, 74232, 74
2026/07/29 12:11:17.545, 298.57, 100, 74232, 74
2026/07/29 12:11:18.583, 296.96, 100, 74232, 74
2026/07/29 12:11:19.621, 296.75, 100, 74232, 74
2026/07/29 12:11:20.661, 296.45, 100, 74232, 74
2026/07/29 12:11:21.698, 298.68, 100, 74232, 74
2026/07/29 12:11:22.737, 292.19, 100, 74232, 74
2026/07/29 12:11:23.781, 302.89, 100, 74232, 74
2026/07/29 12:11:24.818, 303.36, 100, 74232, 74
2026/07/29 12:11:25.857, 305.15, 100, 74232, 74
2026/07/29 12:11:26.896, 305.36, 100, 74232, 74
2026/07/29 12:11:27.934, 303.07, 100, 74232, 74
2026/07/29 12:11:28.971, 304.33, 100, 74232, 74
2026/07/29 12:11:30.010, 306.26, 100, 74232, 74
2026/07/29 12:11:31.047, 299.76, 100, 74232, 74
2026/07/29 12:11:32.087, 297.51, 100, 74232, 74
2026/07/29 12:11:33.124, 295.20, 100, 74232, 74
2026/07/29 12:11:34.161, 295.40, 100, 74232, 74
2026/07/29 12:11:35.199, 297.22, 100, 74232, 74
2026/07/29 12:11:36.237, 298.80, 100, 74232, 74
2026/07/29 12:11:37.276, 295.41, 100, 74232, 74
2026/07/29 12:11:38.313, 296.08, 100, 74232, 74
2026/07/29 12:11:39.351, 296.39, 100, 74232, 74
2026/07/29 12:11:40.389, 295.01, 100, 74232, 74
2026/07/29 12:11:41.427, 296.37, 100, 74232, 74
2026/07/29 12:11:42.465, 295.22, 100, 74232, 74
2026/07/29 12:11:43.504, 296.35, 100, 74232, 74
2026/07/29 12:11:44.542, 297.51, 100, 74232, 74
2026/07/29 12:11:45.579, 291.42, 100, 74232, 74
2026/07/29 12:11:46.618, 296.76, 100, 74232, 74
2026/07/29 12:11:47.658, 296.76, 100, 74232, 74
2026/07/29 12:11:48.696, 296.58, 100, 74232, 74
2026/07/29 12:11:49.734, 297.44, 100, 74232, 74
2026/07/29 12:11:50.773, 296.38, 100, 74232, 74
2026/07/29 12:11:51.810, 295.78, 100, 74232, 74
2026/07/29 12:11:52.850, 304.98, 100, 74232, 74
2026/07/29 12:11:53.889, 304.10, 100, 74232, 74
2026/07/29 12:11:54.927, 302.99, 100, 74232, 74
2026/07/29 12:11:55.965, 296.47, 100, 74232, 74
2026/07/29 12:11:57.003, 295.40, 100, 74232, 74
2026/07/29 12:11:58.041, 296.08, 100, 74232, 73
2026/07/29 12:11:59.078, 294.70, 100, 74232, 73
2026/07/29 12:12:00.116, 294.31, 100, 74232, 73
2026/07/29 12:12:01.155, 296.73, 100, 74232, 74
2026/07/29 12:12:02.193, 300.54, 100, 74232, 74
2026/07/29 12:12:03.231, 303.65, 100, 74232, 74
2026/07/29 12:12:04.269, 301.70, 100, 74232, 74
2026/07/29 12:12:05.308, 302.75, 100, 74232, 73
2026/07/29 12:12:06.346, 291.91, 100, 74232, 73
2026/07/29 12:12:07.384, 291.32, 100, 74232, 73
2026/07/29 12:12:08.423, 291.62, 100, 74232, 73
2026/07/29 12:12:09.461, 295.69, 100, 74232, 73
2026/07/29 12:12:10.499, 295.30, 100, 74232, 73
2026/07/29 12:12:11.540, 297.05, 100, 74232, 73
2026/07/29 12:12:12.578, 303.45, 100, 74232, 73
2026/07/29 12:12:13.618, 302.32, 100, 74232, 73
2026/07/29 12:12:14.656, 300.44, 100, 74232, 73
2026/07/29 12:12:15.693, 303.15, 100, 74232, 73
2026/07/29 12:12:16.731, 295.96, 100, 74232, 73
2026/07/29 12:12:17.770, 293.56, 100, 74232, 73
2026/07/29 12:12:18.809, 295.21, 100, 74232, 73
2026/07/29 12:12:19.846, 294.64, 100, 74232, 73
2026/07/29 12:12:20.883, 294.13, 100, 74232, 73
2026/07/29 12:12:21.921, 294.53, 100, 74232, 75
2026/07/29 12:12:22.962, 296.25, 100, 74232, 75
2026/07/29 12:12:23.997, 288.79, 100, 74232, 75
2026/07/29 12:12:25.031, 280.04, 100, 74232, 75
2026/07/29 12:12:26.066, 286.25, 100, 74232, 75
2026/07/29 12:12:27.102, 295.80, 100, 74232, 73
2026/07/29 12:12:28.141, 287.83, 100, 74232, 73
2026/07/29 12:12:29.178, 294.72, 100, 74232, 73
2026/07/29 12:12:30.217, 297.14, 100, 74232, 73
2026/07/29 12:12:31.255, 294.80, 100, 74232, 73
2026/07/29 12:12:32.294, 297.03, 100, 74232, 74
2026/07/29 12:12:33.333, 296.18, 100, 74232, 74
2026/07/29 12:12:34.371, 296.66, 100, 74232, 74
2026/07/29 12:12:35.410, 295.99, 100, 74232, 74
2026/07/29 12:12:36.449, 301.59, 100, 74232, 74
2026/07/29 12:12:37.486, 296.45, 100, 74232, 74
2026/07/29 12:12:38.527, 296.57, 100, 74232, 74
2026/07/29 12:12:39.565, 304.51, 100, 74232, 74
2026/07/29 12:12:40.602, 100.80, 23, 74232, 71
2026/07/29 12:12:41.634, 99.38, 0, 74232, 70
2026/07/29 12:12:42.724, 98.38, 0, 74232, 69
2026/07/29 12:12:43.755, 97.59, 0, 74232, 68
2026/07/29 12:12:44.787, 97.02, 0, 74232, 68
2026/07/29 12:12:45.820, 96.02, 0, 74232, 67
2026/07/29 12:12:46.853, 94.93, 0, 74232, 67
2026/07/29 12:12:47.886, 93.79, 0, 74232, 66
2026/07/29 12:12:48.920, 93.29, 0, 74232, 66
2026/07/29 12:12:49.952, 92.88, 0, 74232, 66
2026/07/29 12:12:50.984, 91.98, 0, 74232, 65
2026/07/29 12:12:52.016, 91.43, 0, 74232, 65
2026/07/29 12:12:53.047, 91.50, 0, 74232, 65
2026/07/29 12:12:54.079, 91.91, 0, 74232, 64
2026/07/29 12:12:55.110, 91.74, 0, 74232, 64
2026/07/29 12:12:56.141, 89.96, 0, 74232, 64
2026/07/29 12:12:57.172, 91.00, 0, 74232, 63
2026/07/29 12:12:58.203, 89.59, 0, 74232, 63
2026/07/29 12:12:59.234, 89.67, 0, 74232, 63
2026/07/29 12:13:00.265, 89.89, 0, 74232, 62
2026/07/29 12:13:01.296, 88.68, 0, 74232, 62
2026/07/29 12:13:02.328, 89.14, 0, 74232, 62
2026/07/29 12:13:03.359, 89.04, 0, 74232, 62
2026/07/29 12:13:04.389, 88.00, 0, 74232, 61
2026/07/29 12:13:05.420, 87.78, 0, 74232, 61
2026/07/29 12:13:06.459, 88.22, 0, 74232, 61
2026/07/29 12:13:07.489, 88.07, 0, 74232, 61
2026/07/29 12:13:08.520, 87.03, 0, 74232, 60
2026/07/29 12:13:09.552, 87.30, 0, 74232, 60
2026/07/29 12:13:10.583, 87.23, 0, 74232, 60
2026/07/29 12:13:11.613, 86.42, 0, 74232, 60
2026/07/29 12:13:12.644, 84.89, 0, 74232, 59
2026/07/29 12:13:13.676, 85.26, 0, 74232, 59
2026/07/29 12:13:14.708, 84.76, 0, 74232, 59
2026/07/29 12:13:15.738, 84.59, 0, 74232, 59
2026/07/29 12:13:16.771, 84.04, 0, 74232, 58
2026/07/29 12:13:17.801, 83.87, 0, 74232, 58
2026/07/29 12:13:18.834, 83.52, 0, 74232, 58
2026/07/29 12:13:19.866, 83.11, 0, 74232, 58
2026/07/29 12:13:20.898, 83.11, 0, 74232, 57
2026/07/29 12:13:21.931, 82.88, 0, 74232, 57
2026/07/29 12:13:22.963, 82.89, 0, 74232, 57
2026/07/29 12:13:23.994, 82.04, 0, 74232, 57
2026/07/29 12:13:26.322, 82.82, 0, 74232, 56
2026/07/29 12:13:27.352, 82.31, 0, 74232, 56
2026/07/29 12:13:28.385, 82.57, 0, 74232, 56
2026/07/29 12:13:29.416, 82.24, 0, 74232, 56
2026/07/29 12:13:30.447, 82.09, 0, 74232, 56
2026/07/29 12:13:31.479, 81.69, 0, 74232, 55
2026/07/29 12:13:32.511, 81.36, 0, 74232, 55
2026/07/29 12:13:33.545, 81.41, 0, 74232, 55
2026/07/29 12:13:34.576, 81.43, 0, 74232, 55
2026/07/29 12:13:35.607, 79.72, 0, 74232, 54
2026/07/29 12:13:36.638, 79.47, 0, 74232, 54
2026/07/29 12:13:37.668, 79.17, 0, 74232, 54
2026/07/29 12:13:38.699, 79.02, 0, 74232, 54
2026/07/29 12:13:39.729, 79.36, 0, 74232, 54
2026/07/29 12:13:40.760, 77.80, 0, 74232, 54
2026/07/29 12:13:41.790, 78.05, 0, 74232, 53
2026/07/29 12:13:42.820, 77.88, 0, 74232, 53
2026/07/29 12:13:43.851, 77.69, 0, 74232, 53
2026/07/29 12:13:44.882, 77.71, 0, 74232, 53
2026/07/29 12:13:45.914, 77.41, 0, 74232, 53
2026/07/29 12:13:46.945, 77.59, 0, 74232, 52
2026/07/29 12:13:48.589, 301.67, 100, 74232, 58
2026/07/29 12:13:49.624, 286.42, 100, 74232, 58
2026/07/29 12:13:50.659, 297.78, 100, 74232, 59
2026/07/29 12:13:51.696, 302.36, 100, 74232, 59
2026/07/29 12:13:52.731, 306.62, 100, 74232, 59
2026/07/29 12:13:53.767, 300.05, 100, 74232, 58
2026/07/29 12:13:54.804, 298.11, 100, 74232, 58
2026/07/29 12:13:55.842, 294.02, 100, 74232, 59
2026/07/29 12:13:56.880, 294.91, 100, 74232, 59
2026/07/29 12:13:57.917, 293.34, 100, 74232, 59
2026/07/29 12:13:58.955, 301.87, 100, 74232, 60
2026/07/29 12:13:59.992, 300.25, 100, 74232, 60
2026/07/29 12:14:01.029, 310.94, 100, 74232, 62
2026/07/29 12:14:02.067, 303.59, 100, 74232, 62
2026/07/29 12:14:03.102, 307.90, 100, 74232, 63
2026/07/29 12:14:04.137, 305.74, 100, 74232, 63
2026/07/29 12:14:05.175, 300.28, 100, 74232, 61
2026/07/29 12:14:06.213, 298.19, 100, 74232, 62
2026/07/29 12:14:07.250, 298.30, 100, 74232, 62
2026/07/29 12:14:08.286, 297.43, 100, 74232, 62
2026/07/29 12:14:09.323, 289.84, 100, 74232, 64
2026/07/29 12:14:10.358, 288.37, 100, 74232, 64
2026/07/29 12:14:11.403, 296.18, 100, 74232, 65
2026/07/29 12:14:12.437, 300.09, 100, 74232, 65
2026/07/29 12:14:13.471, 270.62, 100, 74232, 65
2026/07/29 12:14:14.506, 301.61, 100, 74232, 64
2026/07/29 12:14:15.543, 304.21, 100, 74232, 64
2026/07/29 12:14:16.579, 304.11, 100, 74232, 64
2026/07/29 12:14:17.617, 305.80, 100, 74232, 64
2026/07/29 12:14:18.653, 305.00, 100, 74232, 65
2026/07/29 12:14:19.690, 297.63, 100, 74232, 65
2026/07/29 12:14:20.727, 303.25, 100, 74232, 65
2026/07/29 12:14:21.766, 305.65, 100, 74232, 65
2026/07/29 12:14:22.804, 302.96, 100, 74232, 65
2026/07/29 12:14:23.842, 298.32, 100, 74232, 66
2026/07/29 12:14:24.879, 300.43, 100, 74232, 66
2026/07/29 12:14:25.916, 302.17, 100, 74232, 68
2026/07/29 12:14:26.952, 301.39, 100, 74232, 68
2026/07/29 12:14:27.990, 319.22, 100, 74232, 68
2026/07/29 12:14:29.026, 326.75, 100, 74232, 68
2026/07/29 12:14:30.062, 255.59, 100, 74232, 67
2026/07/29 12:14:31.104, 292.00, 100, 74232, 67
2026/07/29 12:14:32.148, 290.84, 100, 74232, 67
2026/07/29 12:14:33.185, 301.12, 100, 74232, 67
2026/07/29 12:14:34.221, 299.19, 100, 74232, 67
2026/07/29 12:14:35.259, 295.58, 100, 74232, 67
2026/07/29 12:14:36.296, 275.39, 100, 74232, 69
2026/07/29 12:14:37.337, 317.41, 100, 74232, 70
2026/07/29 12:14:38.372, 296.46, 100, 74232, 70
2026/07/29 12:14:39.410, 307.07, 100, 74232, 70
2026/07/29 12:14:40.446, 313.63, 100, 74232, 70
2026/07/29 12:14:41.482, 302.76, 100, 74232, 68
2026/07/29 12:14:42.520, 302.85, 100, 74232, 69
2026/07/29 12:14:43.558, 300.83, 100, 74232, 69
2026/07/29 12:14:44.595, 303.53, 100, 74232, 69
2026/07/29 12:14:45.633, 304.80, 100, 74232, 69
2026/07/29 12:14:46.669, 304.42, 100, 74232, 69
2026/07/29 12:14:47.707, 304.01, 100, 74232, 69
2026/07/29 12:14:48.744, 298.04, 100, 74232, 71
2026/07/29 12:14:49.783, 298.51, 100, 74232, 71
2026/07/29 12:14:50.817, 304.79, 100, 74232, 71
2026/07/29 12:14:51.853, 304.01, 100, 74232, 71
2026/07/29 12:14:52.890, 313.18, 100, 74232, 71
2026/07/29 12:14:53.926, 287.31, 100, 74232, 70
2026/07/29 12:14:54.966, 292.21, 100, 74232, 70
2026/07/29 12:14:56.005, 291.22, 100, 74232, 70
2026/07/29 12:14:57.041, 292.09, 100, 74232, 70
2026/07/29 12:14:58.079, 291.81, 100, 74232, 70
2026/07/29 12:14:59.117, 292.59, 100, 74232, 70
2026/07/29 12:15:00.155, 380.61, 72, 74232, 72
2026/07/29 12:15:01.191, 300.60, 100, 74232, 72
2026/07/29 12:15:02.226, 297.61, 100, 74232, 72
2026/07/29 12:15:03.263, 299.87, 100, 74232, 72
2026/07/29 12:15:04.299, 279.65, 100, 74232, 73
2026/07/29 12:15:05.335, 297.83, 100, 74232, 71
2026/07/29 12:15:06.374, 289.97, 100, 74232, 71
2026/07/29 12:15:07.413, 292.07, 100, 74232, 71
2026/07/29 12:15:08.453, 298.40, 100, 74232, 71
2026/07/29 12:15:09.491, 370.28, 34, 74232, 72
2026/07/29 12:15:10.531, 293.05, 100, 74232, 73
2026/07/29 12:15:11.565, 291.76, 100, 74232, 73
2026/07/29 12:15:12.602, 301.51, 100, 74232, 73
2026/07/29 12:15:13.637, 306.22, 100, 74232, 73
2026/07/29 12:15:14.680, 292.57, 100, 74232, 72
2026/07/29 12:15:15.715, 288.77, 100, 74232, 71
2026/07/29 12:15:16.753, 292.56, 100, 74232, 71
2026/07/29 12:15:17.792, 289.36, 100, 74232, 71
2026/07/29 12:15:18.829, 293.26, 100, 74232, 72
2026/07/29 12:15:19.868, 292.98, 100, 74232, 72
2026/07/29 12:15:20.906, 292.67, 100, 74232, 72
2026/07/29 12:15:21.944, 295.20, 100, 74232, 72
2026/07/29 12:15:22.982, 301.22, 100, 74232, 72
2026/07/29 12:15:24.019, 297.24, 100, 74232, 72
2026/07/29 12:15:25.060, 301.89, 100, 74232, 72
2026/07/29 12:15:26.097, 98.51, 29, 74232, 70
2026/07/29 12:15:27.130, 288.13, 100, 74232, 73
2026/07/29 12:15:28.166, 294.31, 100, 74232, 74
2026/07/29 12:15:29.205, 300.74, 100, 74232, 74
2026/07/29 12:15:30.239, 313.77, 100, 74232, 74
2026/07/29 12:15:31.274, 300.54, 100, 74232, 74
2026/07/29 12:15:32.312, 301.23, 100, 74232, 72
2026/07/29 12:15:33.350, 301.30, 100, 74232, 72
2026/07/29 12:15:34.388, 300.81, 100, 74232, 72
2026/07/29 12:15:35.426, 301.45, 100, 74232, 72
2026/07/29 12:15:36.464, 302.31, 100, 74232, 73
2026/07/29 12:15:37.502, 302.86, 100, 74232, 73
2026/07/29 12:15:38.538, 302.03, 100, 74232, 73
2026/07/29 12:15:39.576, 301.79, 100, 74232, 73
2026/07/29 12:15:40.613, 303.59, 100, 74232, 73
2026/07/29 12:15:41.652, 303.95, 100, 74232, 73
2026/07/29 12:15:42.689, 302.38, 100, 74232, 73
2026/07/29 12:15:43.727, 296.74, 100, 74232, 73
2026/07/29 12:15:44.764, 295.89, 100, 74232, 73
2026/07/29 12:15:45.801, 298.02, 100, 74232, 73
2026/07/29 12:15:46.840, 294.06, 100, 74232, 73
2026/07/29 12:15:47.878, 98.68, 0, 74232, 70
2026/07/29 12:15:48.910, 295.11, 100, 74232, 74
2026/07/29 12:15:49.945, 305.37, 100, 74232, 74
2026/07/29 12:15:50.980, 288.07, 100, 74232, 74
2026/07/29 12:15:52.025, 304.36, 100, 74232, 74
2026/07/29 12:15:53.061, 293.75, 100, 74232, 74
2026/07/29 12:15:54.098, 302.00, 100, 74232, 73
2026/07/29 12:15:55.135, 302.66, 100, 74232, 73
2026/07/29 12:15:56.173, 301.68, 100, 74232, 73
2026/07/29 12:15:57.211, 302.60, 100, 74232, 73
2026/07/29 12:15:58.248, 302.59, 100, 74232, 73
2026/07/29 12:15:59.285, 303.15, 100, 74232, 73
2026/07/29 12:16:00.323, 301.67, 100, 74232, 73
2026/07/29 12:16:01.360, 302.10, 100, 74232, 72
2026/07/29 12:16:02.397, 296.09, 100, 74232, 75
2026/07/29 12:16:03.435, 301.77, 100, 74232, 75
2026/07/29 12:16:04.470, 301.02, 100, 74232, 75
2026/07/29 12:16:05.505, 273.87, 100, 74232, 75
2026/07/29 12:16:06.546, 315.01, 100, 74232, 75
2026/07/29 12:16:07.581, 302.75, 100, 74232, 73
2026/07/29 12:16:08.619, 303.06, 100, 74232, 73
2026/07/29 12:16:09.657, 304.49, 100, 74232, 73
2026/07/29 12:16:10.695, 302.38, 100, 74232, 73
2026/07/29 12:16:11.732, 302.86, 100, 74232, 73
2026/07/29 12:16:12.770, 302.05, 100, 74232, 73
2026/07/29 12:16:13.808, 303.82, 100, 74232, 73
2026/07/29 12:16:14.846, 303.52, 100, 74232, 73
2026/07/29 12:16:15.884, 303.46, 100, 74232, 73
2026/07/29 12:16:16.920, 303.44, 100, 74232, 74
2026/07/29 12:16:17.958, 304.69, 100, 74232, 74
2026/07/29 12:16:18.996, 304.02, 100, 74232, 74
2026/07/29 12:16:20.032, 100.39, 0, 74232, 70
2026/07/29 12:16:21.064, 98.95, 0, 74232, 69
2026/07/29 12:16:22.098, 96.88, 0, 74232, 69
2026/07/29 12:16:23.130, 96.21, 0, 74232, 68
2026/07/29 12:16:24.162, 95.21, 0, 74232, 68
2026/07/29 12:16:25.195, 95.31, 0, 74232, 67
2026/07/29 12:16:26.229, 95.19, 0, 74232, 67
2026/07/29 12:16:27.261, 93.39, 0, 74232, 66
2026/07/29 12:16:28.292, 93.30, 0, 74232, 66
2026/07/29 12:16:29.323, 93.77, 0, 74232, 65
2026/07/29 12:16:30.355, 93.21, 0, 74232, 65
2026/07/29 12:16:31.386, 91.33, 0, 74232, 64
2026/07/29 12:16:32.418, 91.45, 0, 74232, 64
2026/07/29 12:16:33.449, 91.96, 0, 74232, 64
2026/07/29 12:16:34.480, 89.83, 0, 74232, 63
2026/07/29 12:16:35.511, 89.84, 0, 74232, 63
2026/07/29 12:16:36.542, 90.43, 0, 74232, 63
2026/07/29 12:16:37.574, 88.97, 0, 74232, 62
2026/07/29 12:16:38.606, 89.93, 0, 74232, 62
2026/07/29 12:16:39.638, 89.42, 0, 74232, 62
2026/07/29 12:16:40.669, 88.11, 0, 74232, 62
2026/07/29 12:16:41.702, 87.38, 0, 74232, 61
2026/07/29 12:16:42.732, 87.30, 0, 74232, 61
2026/07/29 12:16:43.761, 87.26, 0, 74232, 61
2026/07/29 12:16:44.792, 88.10, 0, 74232, 60
2026/07/29 12:16:45.823, 87.68, 0, 74232, 60
2026/07/29 12:16:47.043, 305.04, 100, 74232, 65
2026/07/29 12:16:48.077, 296.80, 100, 74232, 66
2026/07/29 12:16:49.111, 295.36, 100, 74232, 66
2026/07/29 12:16:50.148, 303.54, 100, 74232, 66
2026/07/29 12:16:51.184, 302.48, 100, 74232, 65
2026/07/29 12:16:52.220, 289.83, 100, 74232, 65
2026/07/29 12:16:53.257, 302.77, 100, 74232, 65
2026/07/29 12:16:54.296, 301.05, 100, 74232, 66
2026/07/29 12:16:55.336, 299.49, 100, 74232, 66
2026/07/29 12:16:56.372, 288.00, 100, 74232, 66
2026/07/29 12:16:57.410, 298.43, 100, 74232, 66
2026/07/29 12:16:58.448, 303.21, 100, 74232, 66
2026/07/29 12:16:59.486, 311.93, 100, 74232, 68
2026/07/29 12:17:00.523, 297.99, 100, 74232, 69
2026/07/29 12:17:01.558, 298.85, 100, 74232, 69
2026/07/29 12:17:02.593, 321.43, 100, 74232, 69
2026/07/29 12:17:03.627, 285.88, 100, 74232, 67
2026/07/29 12:17:04.664, 296.55, 100, 74232, 67
2026/07/29 12:17:05.701, 283.07, 100, 74232, 68
2026/07/29 12:17:06.738, 308.08, 100, 74232, 68
2026/07/29 12:17:07.775, 298.78, 100, 74232, 70
2026/07/29 12:17:08.812, 305.11, 100, 74232, 70
2026/07/29 12:17:09.848, 279.83, 100, 74232, 70
2026/07/29 12:17:10.884, 302.23, 100, 74232, 71
2026/07/29 12:17:11.919, 296.26, 100, 74232, 71
2026/07/29 12:17:12.955, 303.08, 100, 74232, 69
2026/07/29 12:17:13.993, 295.67, 100, 74232, 69
2026/07/29 12:17:15.031, 299.35, 100, 74232, 69
2026/07/29 12:17:16.067, 299.93, 100, 74232, 71
2026/07/29 12:17:17.101, 290.07, 100, 74232, 72
2026/07/29 12:17:18.135, 310.50, 100, 74232, 72
2026/07/29 12:17:19.170, 304.88, 100, 74232, 72
2026/07/29 12:17:20.211, 274.32, 100, 74232, 72
2026/07/29 12:17:21.246, 295.98, 100, 74232, 70
2026/07/29 12:17:22.283, 289.68, 100, 74232, 70
2026/07/29 12:17:23.320, 297.72, 100, 74232, 70
2026/07/29 12:17:24.358, 290.05, 100, 74232, 71
2026/07/29 12:17:25.396, 293.23, 100, 74232, 71
2026/07/29 12:17:26.434, 300.42, 100, 74232, 71
2026/07/29 12:17:27.471, 303.39, 100, 74232, 71
2026/07/29 12:17:28.508, 298.03, 100, 74232, 71
2026/07/29 12:17:29.548, 302.74, 100, 74232, 71
2026/07/29 12:17:30.584, 306.14, 100, 74232, 71
2026/07/29 12:17:31.624, 295.69, 100, 74232, 71
2026/07/29 12:17:32.661, 299.58, 100, 74232, 71
2026/07/29 12:17:33.698, 298.40, 100, 74232, 71
2026/07/29 12:17:34.737, 296.09, 100, 74232, 71
2026/07/29 12:17:35.774, 299.86, 100, 74232, 72
2026/07/29 12:17:36.815, 299.26, 100, 74232, 72
2026/07/29 12:17:37.852, 298.21, 100, 74232, 72
2026/07/29 12:17:38.890, 295.18, 100, 74232, 72
2026/07/29 12:17:39.927, 297.12, 100, 74232, 72
2026/07/29 12:17:40.964, 300.07, 100, 74232, 72
2026/07/29 12:17:42.001, 297.23, 100, 74232, 72
2026/07/29 12:17:43.038, 298.21, 100, 74232, 72
2026/07/29 12:17:44.075, 299.84, 100, 74232, 72
2026/07/29 12:17:45.112, 298.80, 100, 74232, 72
2026/07/29 12:17:46.150, 299.56, 100, 74232, 72
2026/07/29 12:17:47.189, 296.17, 100, 74232, 72
2026/07/29 12:17:48.226, 299.38, 100, 74232, 72
2026/07/29 12:17:49.263, 305.10, 100, 74232, 72
2026/07/29 12:17:50.303, 296.87, 100, 74232, 72
2026/07/29 12:17:51.341, 300.64, 100, 74232, 72
2026/07/29 12:17:52.379, 297.80, 100, 74232, 72
2026/07/29 12:17:53.418, 297.91, 100, 74232, 72
2026/07/29 12:17:54.455, 301.30, 100, 74232, 72
2026/07/29 12:17:55.494, 295.97, 100, 74232, 73
2026/07/29 12:17:56.532, 300.63, 100, 74232, 73
2026/07/29 12:17:57.569, 302.56, 100, 74232, 73
2026/07/29 12:17:58.607, 299.36, 100, 74232, 73
2026/07/29 12:17:59.645, 293.92, 100, 74232, 73
2026/07/29 12:18:00.683, 291.50, 100, 74232, 73
2026/07/29 12:18:01.723, 292.68, 100, 74232, 73
2026/07/29 12:18:02.760, 300.16, 100, 74232, 73
2026/07/29 12:18:03.798, 295.70, 100, 74232, 73
2026/07/29 12:18:04.834, 301.22, 100, 74232, 73
2026/07/29 12:18:05.872, 303.12, 100, 74232, 73
2026/07/29 12:18:06.910, 300.44, 100, 74232, 73
2026/07/29 12:18:07.947, 304.69, 100, 74232, 73
2026/07/29 12:18:08.984, 300.34, 100, 74232, 73
2026/07/29 12:18:10.020, 300.76, 100, 74232, 73
2026/07/29 12:18:11.057, 303.80, 100, 74232, 73
2026/07/29 12:18:12.095, 300.63, 100, 74232, 73
2026/07/29 12:18:13.132, 300.51, 100, 74232, 73
2026/07/29 12:18:14.169, 296.36, 100, 74232, 73
2026/07/29 12:18:15.207, 300.92, 100, 74232, 73
2026/07/29 12:18:16.247, 296.85, 100, 74232, 73
2026/07/29 12:18:17.285, 296.07, 100, 74232, 73
2026/07/29 12:18:18.322, 300.92, 100, 74232, 73
2026/07/29 12:18:19.362, 293.36, 100, 74232, 73
2026/07/29 12:18:20.400, 286.77, 100, 74232, 73
2026/07/29 12:18:21.441, 294.04, 100, 74232, 73
2026/07/29 12:18:22.477, 302.08, 100, 74232, 73
2026/07/29 12:18:23.514, 298.51, 100, 74232, 73
2026/07/29 12:18:24.552, 301.02, 100, 74232, 73
2026/07/29 12:18:25.589, 301.48, 100, 74232, 73
2026/07/29 12:18:26.627, 297.19, 91, 74232, 74
2026/07/29 12:18:27.706, 302.73, 100, 74232, 74
2026/07/29 12:18:28.741, 299.26, 100, 74232, 74
2026/07/29 12:18:29.775, 278.20, 100, 74232, 74
2026/07/29 12:18:30.811, 302.26, 100, 74232, 75
2026/07/29 12:18:31.846, 297.06, 100, 74232, 73
2026/07/29 12:18:32.884, 297.24, 100, 74232, 73
2026/07/29 12:18:33.920, 296.25, 100, 74232, 73
2026/07/29 12:18:34.957, 290.34, 100, 74232, 75
2026/07/29 12:18:35.992, 293.05, 100, 74232, 75
2026/07/29 12:18:37.027, 310.78, 100, 74232, 75
2026/07/29 12:18:38.062, 318.29, 100, 74232, 75
2026/07/29 12:18:39.100, 321.14, 100, 74232, 75
2026/07/29 12:18:40.133, 296.50, 100, 74232, 75
2026/07/29 12:18:41.167, 296.86, 100, 74232, 75
2026/07/29 12:18:42.201, 301.90, 100, 74232, 74
2026/07/29 12:18:43.238, 303.25, 100, 74232, 74
2026/07/29 12:18:44.274, 292.50, 100, 74232, 74
2026/07/29 12:18:45.311, 289.17, 100, 74232, 74
2026/07/29 12:18:46.348, 296.27, 100, 74232, 74
2026/07/29 12:18:47.385, 296.39, 100, 74232, 74
2026/07/29 12:18:48.422, 296.17, 100, 74232, 74
2026/07/29 12:18:49.459, 296.03, 100, 74232, 74
2026/07/29 12:18:50.496, 294.80, 100, 74232, 74
2026/07/29 12:18:51.533, 294.82, 100, 74232, 74
2026/07/29 12:18:52.569, 295.39, 100, 74232, 74
2026/07/29 12:18:53.610, 296.75, 100, 74232, 74
2026/07/29 12:18:54.646, 304.31, 100, 74232, 74
2026/07/29 12:18:55.687, 297.13, 100, 74232, 74
2026/07/29 12:18:56.725, 303.64, 100, 74232, 74
2026/07/29 12:18:57.763, 291.42, 100, 74232, 74
2026/07/29 12:18:58.803, 292.98, 100, 74232, 74
2026/07/29 12:18:59.840, 292.26, 100, 74232, 74
2026/07/29 12:19:00.878, 297.74, 100, 74232, 74
2026/07/29 12:19:01.914, 299.49, 100, 74232, 74
2026/07/29 12:19:02.950, 301.51, 100, 74232, 74
2026/07/29 12:19:03.989, 291.58, 100, 74232, 74
2026/07/29 12:19:05.028, 299.38, 100, 74232, 74
2026/07/29 12:19:06.066, 299.49, 100, 74232, 74
2026/07/29 12:19:07.106, 295.87, 100, 74232, 74
2026/07/29 12:19:08.144, 295.12, 100, 74232, 74
2026/07/29 12:19:09.180, 298.39, 100, 74232, 74
2026/07/29 12:19:10.221, 297.16, 100, 74232, 74
2026/07/29 12:19:11.257, 297.15, 100, 74232, 74
2026/07/29 12:19:12.295, 303.15, 100, 74232, 74
2026/07/29 12:19:13.331, 303.45, 100, 74232, 74
2026/07/29 12:19:14.368, 303.26, 100, 74232, 74
2026/07/29 12:19:15.406, 300.55, 100, 74232, 74
2026/07/29 12:19:16.444, 301.41, 100, 74232, 74
2026/07/29 12:19:17.481, 302.39, 100, 74232, 74
2026/07/29 12:19:18.518, 303.44, 100, 74232, 74
2026/07/29 12:19:19.555, 303.73, 100, 74232, 74
2026/07/29 12:19:20.591, 301.61, 100, 74232, 74
2026/07/29 12:19:21.629, 300.93, 100, 74232, 74
2026/07/29 12:19:22.668, 302.09, 100, 74232, 74
2026/07/29 12:19:23.705, 302.96, 100, 74232, 74
2026/07/29 12:19:24.744, 303.07, 100, 74232, 74
2026/07/29 12:19:25.781, 298.68, 100, 74232, 74
2026/07/29 12:19:26.822, 296.39, 100, 74232, 73
2026/07/29 12:19:27.859, 292.28, 100, 74232, 73
2026/07/29 12:19:28.895, 290.83, 100, 74232, 73
2026/07/29 12:19:29.934, 295.51, 100, 74232, 73
2026/07/29 12:19:30.970, 294.92, 100, 74232, 73
2026/07/29 12:19:32.006, 290.54, 100, 74232, 73
2026/07/29 12:19:33.044, 289.88, 100, 74232, 73
2026/07/29 12:19:34.082, 294.73, 100, 74232, 73
2026/07/29 12:19:35.119, 299.10, 100, 74232, 73
2026/07/29 12:19:36.158, 296.58, 100, 74232, 73
2026/07/29 12:19:37.196, 292.77, 100, 74232, 73
2026/07/29 12:19:38.235, 291.52, 100, 74232, 73
2026/07/29 12:19:39.272, 294.13, 100, 74232, 73
2026/07/29 12:19:40.311, 295.67, 100, 74232, 73
2026/07/29 12:19:41.348, 302.89, 100, 74232, 73
2026/07/29 12:19:42.385, 298.21, 100, 74232, 73
2026/07/29 12:19:43.421, 293.08, 100, 74232, 73
2026/07/29 12:19:44.460, 292.88, 100, 74232, 73
2026/07/29 12:19:45.497, 294.73, 100, 74232, 73
2026/07/29 12:19:46.536, 298.20, 100, 74232, 73
2026/07/29 12:19:47.573, 301.43, 100, 74232, 73
2026/07/29 12:19:48.612, 301.70, 100, 74232, 73
2026/07/29 12:19:49.649, 302.90, 100, 74232, 73
2026/07/29 12:19:50.686, 298.39, 100, 74232, 73
2026/07/29 12:19:51.722, 295.48, 100, 74232, 73
2026/07/29 12:19:52.758, 301.33, 100, 74232, 73
2026/07/29 12:19:53.794, 302.28, 100, 74232, 73
2026/07/29 12:19:54.831, 302.48, 100, 74232, 73
2026/07/29 12:19:55.869, 302.66, 100, 74232, 73
2026/07/29 12:19:56.906, 298.89, 100, 74232, 73
2026/07/29 12:19:57.942, 302.28, 100, 74232, 73
2026/07/29 12:19:58.979, 300.90, 100, 74232, 73
2026/07/29 12:20:00.015, 296.00, 100, 74232, 73
2026/07/29 12:20:01.052, 295.02, 100, 74232, 73
2026/07/29 12:20:02.089, 294.62, 100, 74232, 73
2026/07/29 12:20:03.127, 291.11, 100, 74232, 73
2026/07/29 12:20:04.163, 293.27, 100, 74232, 73
2026/07/29 12:20:05.200, 299.09, 100, 74232, 73
2026/07/29 12:20:06.237, 297.82, 100, 74232, 73
2026/07/29 12:20:07.275, 302.97, 100, 74232, 73
2026/07/29 12:20:08.311, 294.90, 100, 74232, 73
2026/07/29 12:20:09.352, 305.98, 100, 74232, 73
2026/07/29 12:20:10.390, 299.67, 100, 74232, 73
2026/07/29 12:20:11.430, 302.47, 100, 74232, 73
2026/07/29 12:20:12.468, 295.68, 100, 74232, 73
2026/07/29 12:20:13.505, 302.77, 100, 74232, 73
2026/07/29 12:20:14.542, 291.99, 100, 74232, 73
2026/07/29 12:20:15.578, 289.68, 100, 74232, 73
2026/07/29 12:20:16.615, 299.97, 100, 74232, 73
2026/07/29 12:20:17.651, 301.87, 100, 74232, 73
2026/07/29 12:20:18.689, 301.60, 100, 74232, 73
2026/07/29 12:20:19.726, 302.98, 100, 74232, 73
2026/07/29 12:20:20.763, 299.67, 100, 74232, 73
2026/07/29 12:20:21.802, 297.85, 100, 74232, 73
2026/07/29 12:20:22.845, 300.84, 100, 74232, 73
2026/07/29 12:20:23.883, 294.62, 100, 74232, 73
2026/07/29 12:20:24.923, 291.52, 100, 74232, 73
2026/07/29 12:20:25.961, 301.42, 100, 74232, 73
2026/07/29 12:20:26.998, 302.76, 100, 74232, 73
2026/07/29 12:20:28.037, 297.62, 100, 74232, 73
2026/07/29 12:20:29.075, 295.51, 100, 74232, 73
2026/07/29 12:20:30.113, 288.43, 100, 74232, 73
2026/07/29 12:20:31.152, 293.94, 100, 74232, 73
2026/07/29 12:20:32.190, 298.21, 100, 74232, 73
2026/07/29 12:20:33.227, 299.86, 100, 74232, 74
2026/07/29 12:20:34.265, 303.08, 100, 74232, 74
2026/07/29 12:20:35.303, 302.67, 100, 74232, 74
2026/07/29 12:20:36.340, 299.46, 100, 74232, 73
2026/07/29 12:20:37.380, 294.82, 100, 74232, 73
2026/07/29 12:20:38.417, 299.86, 100, 74232, 73
2026/07/29 12:20:39.453, 293.33, 100, 74232, 73
2026/07/29 12:20:40.490, 294.15, 100, 74232, 73
2026/07/29 12:20:41.528, 296.58, 100, 74232, 73
2026/07/29 12:20:42.568, 298.78, 100, 74232, 73
2026/07/29 12:20:43.606, 299.28, 100, 74232, 73
2026/07/29 12:20:44.644, 294.24, 100, 74232, 73
2026/07/29 12:20:45.682, 299.60, 100, 74232, 73
2026/07/29 12:20:46.719, 296.66, 100, 74232, 73
2026/07/29 12:20:47.757, 294.15, 100, 74232, 73
2026/07/29 12:20:48.795, 300.07, 100, 74232, 73
2026/07/29 12:20:49.831, 299.18, 100, 74232, 73
2026/07/29 12:20:50.872, 303.46, 100, 74232, 73
2026/07/29 12:20:51.910, 303.28, 100, 74232, 74
2026/07/29 12:20:52.948, 300.14, 100, 74232, 74
2026/07/29 12:20:53.985, 293.65, 100, 74232, 73
2026/07/29 12:20:55.022, 302.76, 100, 74232, 74
2026/07/29 12:20:56.061, 302.48, 100, 74232, 73
2026/07/29 12:20:57.097, 303.25, 100, 74232, 73
2026/07/29 12:20:58.136, 300.05, 100, 74232, 73
2026/07/29 12:20:59.173, 303.88, 100, 74232, 74
2026/07/29 12:21:00.210, 300.94, 100, 74232, 74
2026/07/29 12:21:01.246, 301.79, 100, 74232, 74
2026/07/29 12:21:02.283, 300.75, 100, 74232, 74
2026/07/29 12:21:03.319, 302.09, 100, 74232, 74
2026/07/29 12:21:04.357, 303.25, 100, 74232, 74
2026/07/29 12:21:05.394, 304.71, 100, 74232, 74
2026/07/29 12:21:06.430, 303.45, 100, 74232, 74
2026/07/29 12:21:07.468, 303.54, 100, 74232, 74
2026/07/29 12:21:08.506, 299.85, 100, 74232, 74
2026/07/29 12:21:09.543, 290.93, 100, 74232, 73
2026/07/29 12:21:10.581, 293.55, 100, 74232, 74
2026/07/29 12:21:11.619, 291.01, 100, 74232, 74
2026/07/29 12:21:12.656, 290.05, 100, 74232, 73
2026/07/29 12:21:13.693, 289.97, 100, 74232, 73
2026/07/29 12:21:14.731, 294.33, 100, 74232, 74
2026/07/29 12:21:15.772, 303.08, 100, 74232, 74
2026/07/29 12:21:16.811, 300.13, 100, 74232, 74
2026/07/29 12:21:17.847, 307.23, 100, 74232, 74
2026/07/29 12:21:18.883, 303.87, 100, 74232, 74
2026/07/29 12:21:19.920, 294.42, 100, 74232, 74
2026/07/29 12:21:20.956, 297.80, 100, 74232, 74
2026/07/29 12:21:21.992, 291.61, 100, 74232, 74
2026/07/29 12:21:23.029, 302.38, 100, 74232, 74
2026/07/29 12:21:24.065, 299.46, 100, 74232, 74
2026/07/29 12:21:25.103, 301.89, 100, 74232, 74
2026/07/29 12:21:26.140, 303.73, 100, 74232, 74
2026/07/29 12:21:27.178, 303.74, 100, 74232, 74
2026/07/29 12:21:28.215, 299.41, 100, 74232, 74
2026/07/29 12:21:29.251, 303.83, 100, 74232, 74
2026/07/29 12:21:30.287, 304.89, 100, 74232, 74
2026/07/29 12:21:31.324, 299.67, 100, 74232, 74
2026/07/29 12:21:32.361, 304.12, 100, 74232, 74
2026/07/29 12:21:33.401, 301.01, 100, 74232, 74
2026/07/29 12:21:34.438, 302.48, 100, 74232, 74
2026/07/29 12:21:35.477, 303.67, 100, 74232, 74
2026/07/29 12:21:36.514, 302.71, 100, 74232, 74
2026/07/29 12:21:37.551, 302.78, 100, 74232, 74
2026/07/29 12:21:38.589, 303.35, 100, 74232, 73
2026/07/29 12:21:39.626, 303.44, 100, 74232, 74
2026/07/29 12:21:40.666, 303.74, 100, 74232, 74
2026/07/29 12:21:41.702, 297.74, 100, 74232, 73
2026/07/29 12:21:42.739, 296.29, 100, 74232, 73
2026/07/29 12:21:43.776, 294.12, 100, 74232, 73
2026/07/29 12:21:44.816, 293.95, 100, 74232, 73
2026/07/29 12:21:45.852, 291.01, 100, 74232, 73
2026/07/29 12:21:46.889, 289.67, 100, 74232, 73
2026/07/29 12:21:47.926, 293.95, 100, 74232, 73
2026/07/29 12:21:48.963, 293.66, 100, 74232, 73
2026/07/29 12:21:50.001, 295.00, 100, 74232, 73
2026/07/29 12:21:51.038, 295.78, 100, 74232, 73
2026/07/29 12:21:52.075, 295.99, 100, 74232, 73
2026/07/29 12:21:53.111, 302.08, 100, 74232, 73
2026/07/29 12:21:54.148, 304.17, 100, 74232, 73
2026/07/29 12:21:55.185, 299.91, 100, 74232, 73
2026/07/29 12:21:56.223, 307.61, 100, 74232, 73
2026/07/29 12:21:57.260, 301.04, 100, 74232, 73
2026/07/29 12:21:58.301, 301.53, 100, 74232, 73
2026/07/29 12:21:59.338, 290.52, 100, 74232, 73
2026/07/29 12:22:00.376, 294.74, 100, 74232, 73
2026/07/29 12:22:01.412, 295.98, 100, 74232, 73
2026/07/29 12:22:02.448, 292.90, 100, 74232, 73
2026/07/29 12:22:03.485, 300.06, 100, 74232, 73
2026/07/29 12:22:04.523, 293.76, 100, 74232, 74
2026/07/29 12:22:05.566, 295.79, 100, 74232, 74
2026/07/29 12:22:06.604, 299.87, 100, 74232, 74
2026/07/29 12:22:07.643, 302.66, 100, 74232, 74
2026/07/29 12:22:08.682, 302.78, 100, 74232, 74
2026/07/29 12:22:09.719, 302.65, 100, 74232, 74
2026/07/29 12:22:10.762, 303.82, 100, 74232, 73
2026/07/29 12:22:11.803, 302.56, 100, 74232, 74
2026/07/29 12:22:12.840, 297.13, 100, 74232, 74
2026/07/29 12:22:13.879, 303.02, 100, 74232, 74
2026/07/29 12:22:14.917, 305.94, 100, 74232, 73
2026/07/29 12:22:15.953, 295.98, 100, 74232, 73
2026/07/29 12:22:16.990, 303.63, 100, 74232, 74
2026/07/29 12:22:18.029, 299.98, 100, 74232, 73
2026/07/29 12:22:19.066, 296.47, 100, 74232, 73
2026/07/29 12:22:20.103, 291.11, 100, 74232, 73
2026/07/29 12:22:21.139, 293.34, 100, 74232, 73
2026/07/29 12:22:22.176, 294.00, 100, 74232, 73
2026/07/29 12:22:23.212, 293.35, 100, 74232, 73
2026/07/29 12:22:24.249, 294.32, 100, 74232, 73
2026/07/29 12:22:25.286, 295.01, 100, 74232, 73
2026/07/29 12:22:26.322, 297.03, 100, 74232, 73
2026/07/29 12:22:27.358, 302.94, 100, 74232, 74
2026/07/29 12:22:28.395, 302.37, 100, 74232, 74
2026/07/29 12:22:29.431, 302.39, 100, 74232, 74
2026/07/29 12:22:30.471, 302.75, 100, 74232, 74
2026/07/29 12:22:31.507, 303.28, 100, 74232, 73
2026/07/29 12:22:32.544, 304.11, 100, 74232, 73
2026/07/29 12:22:33.580, 302.96, 100, 74232, 73
2026/07/29 12:22:34.616, 303.45, 100, 74232, 73
2026/07/29 12:22:35.653, 303.96, 100, 74232, 73
2026/07/29 12:22:36.692, 292.59, 100, 74232, 73
2026/07/29 12:22:37.729, 296.39, 100, 74232, 73
2026/07/29 12:22:38.770, 293.45, 100, 74232, 73
2026/07/29 12:22:39.807, 298.88, 100, 74232, 73
2026/07/29 12:22:40.843, 292.77, 100, 74232, 73
2026/07/29 12:22:41.879, 290.34, 100, 74232, 73
2026/07/29 12:22:42.916, 295.68, 100, 74232, 73
2026/07/29 12:22:43.956, 296.55, 100, 74232, 73
2026/07/29 12:22:44.993, 290.08, 100, 74232, 73
2026/07/29 12:22:46.036, 302.30, 100, 74232, 73
2026/07/29 12:22:47.074, 295.61, 100, 74232, 73
2026/07/29 12:22:48.110, 291.22, 100, 74232, 73
2026/07/29 12:22:49.149, 293.08, 100, 74232, 73
2026/07/29 12:22:50.187, 300.24, 100, 74232, 73
2026/07/29 12:22:51.225, 295.86, 100, 74232, 73
2026/07/29 12:22:52.263, 296.34, 100, 74232, 73
2026/07/29 12:22:53.301, 303.62, 100, 74232, 73
2026/07/29 12:22:54.340, 299.27, 100, 74232, 73
2026/07/29 12:22:55.377, 297.33, 100, 74232, 73
2026/07/29 12:22:56.414, 299.38, 100, 74232, 73
2026/07/29 12:22:57.451, 300.05, 100, 74232, 73
2026/07/29 12:22:58.487, 302.09, 100, 74232, 73
2026/07/29 12:22:59.524, 300.35, 100, 74232, 73
2026/07/29 12:23:00.561, 298.12, 100, 74232, 73
2026/07/29 12:23:01.598, 301.35, 100, 74232, 73
2026/07/29 12:23:02.635, 297.81, 100, 74232, 73
2026/07/29 12:23:03.673, 298.59, 100, 74232, 73
2026/07/29 12:23:04.710, 302.11, 100, 74232, 73
2026/07/29 12:23:05.746, 302.36, 100, 74232, 73
2026/07/29 12:23:06.785, 296.08, 100, 74232, 73
2026/07/29 12:23:07.824, 295.20, 100, 74232, 73
2026/07/29 12:23:08.866, 295.60, 100, 74232, 73
2026/07/29 12:23:09.904, 294.81, 100, 74232, 73
2026/07/29 12:23:10.942, 295.79, 100, 74232, 73
2026/07/29 12:23:11.979, 296.16, 100, 74232, 73
2026/07/29 12:23:13.017, 295.20, 100, 74232, 73
2026/07/29 12:23:14.055, 295.99, 100, 74232, 73
2026/07/29 12:23:15.091, 296.09, 100, 74232, 73
2026/07/29 12:23:16.128, 289.48, 100, 74232, 73
2026/07/29 12:23:17.165, 296.34, 100, 74232, 73
2026/07/29 12:23:18.202, 296.14, 100, 74232, 73
2026/07/29 12:23:19.239, 291.59, 100, 74232, 73
2026/07/29 12:23:20.278, 297.53, 100, 74232, 73
2026/07/29 12:23:21.315, 303.52, 100, 74232, 73
2026/07/29 12:23:22.351, 298.68, 100, 74232, 73
2026/07/29 12:23:23.388, 303.84, 100, 74232, 73
2026/07/29 12:23:24.425, 303.70, 100, 74232, 73
2026/07/29 12:23:25.461, 304.92, 100, 74232, 73
2026/07/29 12:23:26.497, 302.99, 100, 74232, 73
2026/07/29 12:23:27.534, 303.73, 100, 74232, 73
2026/07/29 12:23:28.571, 306.88, 100, 74232, 73
2026/07/29 12:23:29.606, 299.28, 100, 74232, 73
2026/07/29 12:23:30.642, 304.22, 100, 74232, 73
2026/07/29 12:23:31.677, 307.42, 100, 74232, 73
2026/07/29 12:23:32.714, 299.52, 100, 74232, 73
2026/07/29 12:23:33.751, 296.56, 100, 74232, 73
2026/07/29 12:23:34.789, 333.37, 0, 74232, 74
2026/07/29 12:23:35.824, 288.57, 100, 74232, 75
2026/07/29 12:23:36.858, 303.06, 100, 74232, 75
2026/07/29 12:23:37.892, 309.77, 100, 74232, 75
2026/07/29 12:23:38.925, 302.63, 100, 74232, 75
2026/07/29 12:23:39.962, 299.09, 100, 74232, 75
2026/07/29 12:23:40.996, 270.14, 100, 74232, 74
2026/07/29 12:23:42.032, 301.91, 100, 74232, 73
2026/07/29 12:23:43.070, 293.25, 100, 74232, 73
2026/07/29 12:23:44.107, 294.52, 100, 74232, 73
2026/07/29 12:23:45.145, 301.29, 100, 74232, 73
2026/07/29 12:23:46.181, 299.48, 100, 74232, 73
2026/07/29 12:23:47.219, 290.14, 100, 74232, 73
2026/07/29 12:23:48.256, 307.52, 100, 74232, 74
2026/07/29 12:23:49.292, 301.39, 100, 74232, 74
2026/07/29 12:23:50.329, 302.47, 100, 74232, 74
2026/07/29 12:23:51.365, 303.88, 100, 74232, 74
2026/07/29 12:23:52.402, 303.49, 100, 74232, 74
2026/07/29 12:23:53.439, 300.73, 100, 74232, 74
2026/07/29 12:23:54.475, 302.37, 100, 74232, 74
2026/07/29 12:23:55.511, 298.02, 100, 74232, 74
2026/07/29 12:23:56.548, 303.15, 100, 74232, 74
2026/07/29 12:23:57.585, 297.94, 100, 74232, 74
2026/07/29 12:23:58.621, 311.94, 100, 74232, 74
2026/07/29 12:23:59.658, 297.54, 100, 74232, 74
2026/07/29 12:24:00.696, 302.97, 100, 74232, 74
2026/07/29 12:24:01.734, 302.72, 100, 74232, 74
2026/07/29 12:24:02.772, 303.62, 100, 74232, 74
2026/07/29 12:24:03.809, 301.87, 100, 74232, 74
2026/07/29 12:24:04.846, 303.25, 100, 74232, 74
2026/07/29 12:24:05.882, 302.26, 100, 74232, 74
2026/07/29 12:24:06.919, 303.71, 100, 74232, 74
2026/07/29 12:24:07.957, 300.61, 100, 74232, 74
2026/07/29 12:24:08.993, 296.75, 100, 74232, 74
2026/07/29 12:24:10.030, 294.23, 100, 74232, 74
2026/07/29 12:24:11.068, 295.69, 100, 74232, 74
2026/07/29 12:24:12.105, 295.30, 100, 74232, 74
2026/07/29 12:24:13.142, 287.42, 100, 74232, 74
2026/07/29 12:24:14.183, 295.10, 100, 74232, 74
2026/07/29 12:24:15.221, 295.99, 100, 74232, 74
2026/07/29 12:24:16.260, 301.49, 100, 74232, 74
2026/07/29 12:24:17.296, 293.44, 100, 74232, 74
2026/07/29 12:24:18.338, 300.55, 100, 74232, 74
2026/07/29 12:24:19.376, 301.88, 100, 74232, 74
2026/07/29 12:24:20.413, 303.53, 100, 74232, 74
2026/07/29 12:24:21.451, 298.52, 100, 74232, 73
2026/07/29 12:24:22.487, 298.40, 100, 74232, 73
2026/07/29 12:24:23.526, 301.39, 100, 74232, 73
2026/07/29 12:24:24.563, 302.48, 100, 74232, 73
2026/07/29 12:24:25.600, 305.36, 100, 74232, 73
2026/07/29 12:24:26.639, 302.67, 100, 74232, 73
2026/07/29 12:24:27.677, 299.57, 100, 74232, 73
2026/07/29 12:24:28.715, 302.27, 100, 74232, 73
2026/07/29 12:24:29.755, 301.38, 100, 74232, 73
2026/07/29 12:24:30.793, 302.84, 100, 74232, 73
2026/07/29 12:24:31.831, 298.77, 100, 74232, 73
2026/07/29 12:24:32.869, 303.16, 100, 74232, 73
2026/07/29 12:24:33.907, 294.33, 100, 74232, 73
2026/07/29 12:24:34.949, 302.86, 100, 74232, 74
2026/07/29 12:24:35.987, 303.05, 100, 74232, 74
2026/07/29 12:24:37.023, 299.49, 100, 74232, 73
2026/07/29 12:24:38.067, 300.14, 100, 74232, 73
2026/07/29 12:24:39.104, 302.20, 100, 74232, 74
2026/07/29 12:24:40.142, 297.54, 100, 74232, 74
2026/07/29 12:24:41.183, 300.05, 100, 74232, 74
2026/07/29 12:24:42.221, 302.57, 100, 74232, 74
2026/07/29 12:24:43.259, 303.29, 100, 74232, 73
2026/07/29 12:24:44.299, 300.43, 100, 74232, 73
2026/07/29 12:24:45.336, 291.71, 100, 74232, 73
2026/07/29 12:24:46.373, 300.84, 100, 74232, 73
2026/07/29 12:24:47.413, 303.12, 100, 74232, 73
2026/07/29 12:24:48.450, 291.13, 100, 74232, 73
2026/07/29 12:24:49.488, 296.86, 100, 74232, 73
2026/07/29 12:24:50.526, 292.51, 100, 74232, 73
2026/07/29 12:24:51.564, 294.62, 100, 74232, 73
2026/07/29 12:24:52.602, 300.43, 100, 74232, 73
2026/07/29 12:24:53.639, 302.28, 100, 74232, 73
2026/07/29 12:24:54.677, 303.17, 100, 74232, 73
2026/07/29 12:24:55.715, 303.36, 100, 74232, 73
2026/07/29 12:24:56.753, 297.03, 100, 74232, 73
2026/07/29 12:24:57.791, 301.02, 100, 74232, 73
2026/07/29 12:24:58.829, 301.12, 100, 74232, 73
2026/07/29 12:24:59.874, 291.42, 100, 74232, 73
2026/07/29 12:25:00.911, 295.41, 100, 74232, 73
2026/07/29 12:25:01.949, 301.69, 100, 74232, 73
2026/07/29 12:25:02.988, 298.39, 100, 74232, 73
2026/07/29 12:25:04.025, 297.99, 100, 74232, 73
2026/07/29 12:25:05.063, 296.94, 100, 74232, 73
2026/07/29 12:25:06.099, 298.59, 100, 74232, 73
2026/07/29 12:25:07.138, 296.08, 100, 74232, 73
2026/07/29 12:25:08.174, 302.91, 100, 74232, 73
2026/07/29 12:25:09.211, 297.35, 100, 74232, 73
2026/07/29 12:25:10.248, 292.87, 100, 74232, 73
2026/07/29 12:25:11.288, 292.78, 100, 74232, 73
2026/07/29 12:25:12.325, 295.10, 100, 74232, 73
2026/07/29 12:25:13.363, 303.35, 100, 74232, 73
2026/07/29 12:25:14.403, 294.72, 100, 74232, 73
2026/07/29 12:25:15.441, 304.69, 100, 74232, 73
2026/07/29 12:25:16.481, 300.72, 100, 74232, 73
2026/07/29 12:25:17.520, 298.86, 100, 74232, 73
2026/07/29 12:25:18.557, 298.31, 100, 74232, 73
2026/07/29 12:25:19.595, 295.61, 100, 74232, 73
2026/07/29 12:25:20.637, 293.08, 100, 74232, 73
2026/07/29 12:25:21.675, 298.68, 100, 74232, 73
2026/07/29 12:25:22.712, 301.43, 100, 74232, 73
2026/07/29 12:25:23.753, 302.20, 100, 74232, 73
2026/07/29 12:25:24.790, 301.60, 100, 74232, 73
2026/07/29 12:25:25.831, 302.68, 100, 74232, 73
2026/07/29 12:25:26.868, 304.65, 100, 74232, 73
2026/07/29 12:25:27.905, 302.76, 100, 74232, 73
2026/07/29 12:25:28.941, 298.42, 100, 74232, 73
2026/07/29 12:25:29.978, 301.33, 100, 74232, 73
2026/07/29 12:25:31.015, 301.97, 100, 74232, 73
2026/07/29 12:25:32.057, 301.22, 100, 74232, 73
2026/07/29 12:25:33.095, 301.61, 100, 74232, 73
2026/07/29 12:25:34.131, 303.27, 100, 74232, 73
2026/07/29 12:25:35.170, 295.58, 100, 74232, 73
2026/07/29 12:25:36.207, 295.32, 100, 74232, 73
2026/07/29 12:25:37.245, 288.59, 100, 74232, 73
2026/07/29 12:25:38.282, 289.77, 100, 74232, 73
2026/07/29 12:25:39.319, 299.37, 100, 74232, 73
2026/07/29 12:25:40.358, 301.79, 100, 74232, 73
2026/07/29 12:25:41.394, 296.94, 100, 74232, 73
2026/07/29 12:25:42.431, 302.19, 100, 74232, 73
2026/07/29 12:25:43.468, 299.58, 100, 74232, 73
2026/07/29 12:25:44.505, 302.19, 100, 74232, 73
2026/07/29 12:25:45.541, 303.37, 100, 74232, 73
2026/07/29 12:25:46.580, 298.58, 100, 74232, 73
2026/07/29 12:25:47.617, 300.64, 100, 74232, 73
2026/07/29 12:25:48.656, 298.86, 100, 74232, 73
2026/07/29 12:25:49.694, 301.61, 100, 74232, 73
2026/07/29 12:25:50.730, 301.97, 100, 74232, 73
2026/07/29 12:25:51.767, 301.79, 100, 74232, 73
2026/07/29 12:25:52.803, 302.56, 100, 74232, 73
2026/07/29 12:25:53.840, 299.21, 100, 74232, 73
2026/07/29 12:25:54.877, 300.06, 100, 74232, 73
2026/07/29 12:25:55.914, 291.11, 100, 74232, 73
2026/07/29 12:25:56.951, 299.18, 100, 74232, 73
2026/07/29 12:25:57.989, 295.10, 100, 74232, 73
2026/07/29 12:25:59.025, 296.19, 100, 74232, 73
2026/07/29 12:26:00.062, 302.28, 100, 74232, 73
2026/07/29 12:26:01.099, 300.64, 100, 74232, 73
2026/07/29 12:26:02.138, 301.60, 100, 74232, 73
2026/07/29 12:26:03.175, 302.61, 100, 74232, 73
2026/07/29 12:26:04.212, 302.76, 100, 74232, 73
2026/07/29 12:26:05.250, 302.68, 100, 74232, 73
2026/07/29 12:26:06.287, 303.27, 100, 74232, 73
2026/07/29 12:26:07.324, 300.03, 100, 74232, 73
2026/07/29 12:26:08.361, 305.05, 100, 74232, 73
2026/07/29 12:26:09.404, 300.63, 100, 74232, 73
2026/07/29 12:26:10.440, 302.40, 100, 74232, 73
2026/07/29 12:26:11.477, 300.64, 100, 74232, 73
2026/07/29 12:26:12.514, 293.74, 100, 74232, 73
2026/07/29 12:26:13.553, 295.31, 100, 74232, 73
2026/07/29 12:26:14.591, 302.40, 100, 74232, 73
2026/07/29 12:26:15.628, 302.96, 100, 74232, 73
2026/07/29 12:26:16.671, 301.60, 100, 74232, 73
2026/07/29 12:26:17.707, 292.59, 100, 74232, 73
2026/07/29 12:26:18.743, 287.90, 100, 74232, 73
2026/07/29 12:26:19.780, 289.97, 100, 74232, 73
2026/07/29 12:26:20.824, 296.08, 100, 74232, 73
2026/07/29 12:26:21.861, 297.72, 100, 74232, 73
2026/07/29 12:26:22.898, 302.07, 100, 74232, 73
2026/07/29 12:26:23.934, 298.59, 100, 74232, 73
2026/07/29 12:26:24.971, 300.05, 100, 74232, 73
2026/07/29 12:26:26.008, 289.05, 100, 74232, 73
2026/07/29 12:26:27.048, 294.31, 100, 74232, 73
2026/07/29 12:26:28.084, 300.65, 100, 74232, 73
2026/07/29 12:26:29.121, 301.58, 100, 74232, 73
2026/07/29 12:26:30.158, 302.37, 100, 74232, 73
2026/07/29 12:26:31.196, 302.47, 100, 74232, 73
2026/07/29 12:26:32.233, 302.87, 100, 74232, 73
2026/07/29 12:26:33.271, 307.47, 100, 74232, 73
2026/07/29 12:26:34.308, 299.64, 100, 74232, 73
2026/07/29 12:26:35.345, 299.17, 100, 74232, 73
2026/07/29 12:26:36.382, 300.74, 100, 74232, 73
2026/07/29 12:26:37.421, 301.92, 100, 74232, 73
2026/07/29 12:26:38.457, 300.52, 100, 74232, 73
2026/07/29 12:26:39.498, 302.84, 100, 74232, 73
2026/07/29 12:26:40.536, 302.86, 100, 74232, 73
2026/07/29 12:26:41.573, 302.76, 100, 74232, 73
2026/07/29 12:26:42.609, 303.09, 100, 74232, 73
2026/07/29 12:26:43.645, 302.51, 100, 74232, 73
2026/07/29 12:26:44.682, 298.81, 100, 74232, 73
2026/07/29 12:26:45.719, 303.73, 100, 74232, 73
2026/07/29 12:26:46.756, 300.42, 100, 74232, 73
2026/07/29 12:26:47.794, 300.93, 100, 74232, 73
2026/07/29 12:26:48.833, 299.36, 100, 74232, 73
2026/07/29 12:26:49.869, 300.71, 100, 74232, 73
2026/07/29 12:26:50.906, 301.90, 100, 74232, 73
2026/07/29 12:26:51.942, 294.51, 100, 74232, 73
2026/07/29 12:26:52.980, 295.21, 100, 74232, 73
2026/07/29 12:26:54.016, 295.10, 100, 74232, 73
2026/07/29 12:26:55.062, 294.34, 100, 74232, 73
2026/07/29 12:26:56.100, 295.28, 100, 74232, 73
2026/07/29 12:26:57.139, 297.82, 100, 74232, 73
2026/07/29 12:26:58.178, 298.79, 100, 74232, 73
2026/07/29 12:26:59.215, 300.15, 100, 74232, 73
2026/07/29 12:27:00.252, 296.85, 100, 74232, 73
2026/07/29 12:27:01.289, 297.80, 100, 74232, 73
2026/07/29 12:27:02.326, 300.73, 100, 74232, 73
2026/07/29 12:27:03.365, 301.72, 100, 74232, 73
2026/07/29 12:27:04.402, 300.18, 100, 74232, 73
2026/07/29 12:27:05.442, 301.78, 100, 74232, 73
2026/07/29 12:27:06.479, 302.25, 100, 74232, 73
2026/07/29 12:27:07.516, 302.26, 100, 74232, 73
2026/07/29 12:27:08.553, 294.03, 100, 74232, 73
2026/07/29 12:27:09.591, 302.76, 100, 74232, 73
2026/07/29 12:27:10.628, 303.61, 100, 74232, 73
2026/07/29 12:27:11.665, 302.38, 100, 74232, 73
2026/07/29 12:27:12.702, 302.89, 100, 74232, 73
2026/07/29 12:27:13.740, 296.26, 100, 74232, 73
2026/07/29 12:27:14.782, 303.05, 100, 74232, 73
2026/07/29 12:27:15.820, 298.21, 100, 74232, 73
2026/07/29 12:27:16.858, 300.34, 100, 74232, 73
2026/07/29 12:27:17.896, 296.48, 100, 74232, 73
2026/07/29 12:27:18.933, 291.89, 100, 74232, 73
2026/07/29 12:27:19.970, 293.93, 100, 74232, 73
2026/07/29 12:27:21.006, 287.42, 100, 74232, 73
2026/07/29 12:27:22.043, 291.79, 100, 74232, 73
2026/07/29 12:27:23.080, 292.87, 100, 74232, 73
2026/07/29 12:27:24.116, 290.91, 100, 74232, 73
2026/07/29 12:27:25.153, 292.28, 100, 74232, 73
2026/07/29 12:27:26.190, 293.08, 100, 74232, 73
2026/07/29 12:27:27.228, 298.37, 100, 74232, 73
2026/07/29 12:27:28.265, 297.71, 100, 74232, 73
2026/07/29 12:27:29.302, 300.88, 100, 74232, 73
2026/07/29 12:27:30.339, 298.03, 100, 74232, 73
2026/07/29 12:27:31.379, 293.57, 100, 74232, 73
2026/07/29 12:27:32.415, 302.08, 100, 74232, 73
2026/07/29 12:27:33.454, 302.37, 100, 74232, 73
2026/07/29 12:27:34.491, 294.72, 100, 74232, 73
2026/07/29 12:27:35.528, 297.64, 100, 74232, 73
2026/07/29 12:27:36.564, 302.32, 100, 74232, 73
2026/07/29 12:27:37.603, 300.04, 100, 74232, 73
2026/07/29 12:27:38.641, 297.82, 100, 74232, 73
2026/07/29 12:27:39.679, 299.86, 100, 74232, 73
2026/07/29 12:27:40.719, 300.72, 100, 74232, 73
2026/07/29 12:27:41.757, 294.51, 100, 74232, 73
2026/07/29 12:27:42.793, 294.82, 100, 74232, 73
2026/07/29 12:27:43.833, 302.96, 100, 74232, 73
2026/07/29 12:27:44.871, 293.26, 100, 74232, 73
2026/07/29 12:27:45.909, 302.84, 100, 74232, 73
2026/07/29 12:27:46.945, 302.86, 100, 74232, 73
2026/07/29 12:27:47.983, 297.63, 100, 74232, 73
2026/07/29 12:27:49.019, 297.84, 100, 74232, 73
2026/07/29 12:27:50.058, 300.94, 100, 74232, 73
2026/07/29 12:27:51.096, 299.09, 100, 74232, 73
2026/07/29 12:27:52.135, 301.91, 100, 74232, 73
2026/07/29 12:27:53.171, 301.09, 100, 74232, 73
2026/07/29 12:27:54.210, 293.84, 100, 74232, 73
2026/07/29 12:27:55.248, 295.20, 100, 74232, 73
2026/07/29 12:27:56.288, 302.87, 100, 74232, 73
2026/07/29 12:27:57.325, 303.55, 100, 74232, 73
2026/07/29 12:27:58.362, 303.35, 100, 74232, 73
2026/07/29 12:27:59.399, 304.01, 100, 74232, 73
2026/07/29 12:28:00.436, 305.72, 100, 74232, 73
2026/07/29 12:28:01.473, 302.88, 100, 74232, 73
2026/07/29 12:28:02.511, 303.63, 100, 74232, 73
2026/07/29 12:28:03.549, 299.54, 100, 74232, 73
2026/07/29 12:28:04.586, 300.92, 100, 74232, 73
2026/07/29 12:28:05.625, 297.63, 100, 74232, 73
2026/07/29 12:28:06.663, 292.59, 100, 74232, 73
2026/07/29 12:28:07.700, 294.62, 100, 74232, 73
2026/07/29 12:28:08.738, 298.99, 100, 74232, 73
2026/07/29 12:28:09.776, 293.06, 100, 74232, 73
2026/07/29 12:28:10.815, 293.27, 100, 74232, 73
2026/07/29 12:28:11.852, 290.43, 100, 74232, 73
2026/07/29 12:28:12.893, 292.39, 100, 74232, 73
2026/07/29 12:28:13.931, 293.06, 100, 74232, 73
2026/07/29 12:28:14.968, 299.98, 100, 74232, 73
2026/07/29 12:28:16.006, 294.26, 100, 74232, 73
2026/07/29 12:28:17.046, 300.81, 100, 74232, 73
2026/07/29 12:28:18.084, 303.28, 100, 74232, 73
2026/07/29 12:28:19.122, 299.38, 100, 74232, 73
2026/07/29 12:28:20.159, 300.81, 100, 74232, 73
2026/07/29 12:28:21.197, 303.63, 100, 74232, 73
2026/07/29 12:28:22.235, 307.62, 100, 74232, 73
2026/07/29 12:28:23.274, 299.38, 100, 74232, 73
2026/07/29 12:28:24.312, 303.82, 100, 74232, 73
2026/07/29 12:28:25.350, 301.33, 100, 74232, 73
2026/07/29 12:28:26.388, 291.51, 100, 74232, 73
2026/07/29 12:28:27.425, 295.88, 100, 74232, 73
2026/07/29 12:28:28.463, 295.50, 100, 74232, 73
2026/07/29 12:28:29.500, 290.71, 100, 74232, 73
2026/07/29 12:28:30.540, 295.78, 100, 74232, 73
2026/07/29 12:28:31.578, 294.82, 100, 74232, 73
2026/07/29 12:28:32.614, 296.65, 100, 74232, 73
2026/07/29 12:28:33.653, 290.81, 100, 74232, 73
2026/07/29 12:28:34.691, 295.49, 100, 74232, 73
2026/07/29 12:28:35.733, 336.46, 41, 74232, 74
2026/07/29 12:28:36.768, 288.80, 100, 74232, 74
2026/07/29 12:28:37.807, 302.21, 100, 74232, 74
2026/07/29 12:28:38.843, 299.70, 100, 74232, 74
2026/07/29 12:28:39.878, 307.67, 100, 74232, 74
2026/07/29 12:28:40.915, 296.88, 100, 74232, 74
2026/07/29 12:28:41.956, 320.39, 100, 74232, 74
2026/07/29 12:28:42.991, 293.07, 100, 74232, 73
2026/07/29 12:28:44.029, 298.59, 100, 74232, 73
2026/07/29 12:28:45.068, 293.65, 100, 74232, 73
2026/07/29 12:28:46.106, 293.66, 100, 74232, 73
2026/07/29 12:28:47.145, 291.90, 100, 74232, 73
2026/07/29 12:28:48.181, 290.13, 100, 74232, 73
2026/07/29 12:28:49.220, 301.21, 100, 74232, 73
2026/07/29 12:28:50.259, 301.51, 100, 74232, 73
2026/07/29 12:28:51.302, 298.81, 100, 74232, 73
2026/07/29 12:28:52.340, 294.31, 100, 74232, 73
2026/07/29 12:28:53.378, 301.98, 100, 74232, 73
2026/07/29 12:28:54.417, 302.74, 100, 74232, 73
2026/07/29 12:28:55.454, 302.76, 100, 74232, 73
2026/07/29 12:28:56.491, 304.82, 100, 74232, 73
2026/07/29 12:28:57.529, 296.74, 100, 74232, 73
2026/07/29 12:28:58.567, 292.96, 100, 74232, 73
2026/07/29 12:28:59.604, 301.52, 100, 74232, 73
2026/07/29 12:29:00.642, 302.86, 100, 74232, 73
2026/07/29 12:29:01.682, 303.15, 100, 74232, 73
2026/07/29 12:29:02.719, 299.76, 100, 74232, 73
2026/07/29 12:29:03.756, 301.61, 100, 74232, 73
2026/07/29 12:29:04.794, 302.68, 100, 74232, 73
2026/07/29 12:29:05.833, 302.67, 100, 74232, 73
2026/07/29 12:29:06.870, 299.57, 100, 74232, 73
2026/07/29 12:29:07.908, 301.52, 100, 74232, 73
2026/07/29 12:29:08.945, 301.78, 100, 74232, 73
2026/07/29 12:29:09.982, 302.94, 100, 74232, 73
2026/07/29 12:29:11.019, 297.60, 100, 74232, 73
2026/07/29 12:29:12.056, 297.82, 100, 74232, 73
2026/07/29 12:29:13.094, 300.71, 100, 74232, 73
2026/07/29 12:29:14.132, 302.49, 100, 74232, 73
2026/07/29 12:29:15.169, 294.05, 100, 74232, 73
2026/07/29 12:29:16.206, 295.30, 100, 74232, 73
2026/07/29 12:29:17.245, 292.01, 100, 74232, 73
2026/07/29 12:29:18.282, 292.27, 100, 74232, 73
2026/07/29 12:29:19.329, 293.56, 100, 74232, 73
2026/07/29 12:29:20.369, 291.12, 100, 74232, 73
2026/07/29 12:29:21.407, 302.70, 100, 74232, 73
2026/07/29 12:29:22.446, 300.92, 100, 74232, 73
2026/07/29 12:29:23.485, 297.44, 100, 74232, 73
2026/07/29 12:29:24.522, 299.48, 100, 74232, 73
2026/07/29 12:29:25.560, 302.49, 100, 74232, 73
2026/07/29 12:29:26.596, 302.83, 100, 74232, 73
2026/07/29 12:29:27.632, 298.09, 100, 74232, 73
2026/07/29 12:29:28.670, 297.40, 100, 74232, 73
2026/07/29 12:29:29.708, 300.23, 100, 74232, 73
2026/07/29 12:29:30.745, 302.66, 100, 74232, 73
2026/07/29 12:29:31.783, 301.63, 100, 74232, 73
2026/07/29 12:29:32.821, 302.86, 100, 74232, 73
2026/07/29 12:29:33.860, 299.56, 100, 74232, 73
2026/07/29 12:29:34.901, 298.59, 100, 74232, 73
2026/07/29 12:29:35.940, 296.64, 100, 74232, 73
2026/07/29 12:29:36.978, 302.47, 100, 74232, 73
2026/07/29 12:29:38.016, 301.99, 100, 74232, 73
2026/07/29 12:29:39.054, 301.91, 100, 74232, 73
2026/07/29 12:29:40.094, 301.31, 100, 74232, 73
2026/07/29 12:29:41.132, 299.36, 100, 74232, 73
2026/07/29 12:29:42.170, 298.10, 100, 74232, 73
2026/07/29 12:29:43.210, 291.52, 100, 74232, 73
2026/07/29 12:29:44.248, 302.55, 100, 74232, 73
2026/07/29 12:29:45.285, 305.00, 100, 74232, 73
2026/07/29 12:29:46.322, 300.64, 100, 74232, 73
2026/07/29 12:29:47.361, 295.19, 100, 74232, 73
2026/07/29 12:29:48.398, 302.31, 100, 74232, 73
2026/07/29 12:29:49.438, 302.30, 100, 74232, 73
2026/07/29 12:29:50.476, 300.72, 100, 74232, 73
2026/07/29 12:29:51.518, 294.05, 100, 74232, 73
2026/07/29 12:29:52.555, 301.82, 100, 74232, 73
2026/07/29 12:29:53.599, 305.97, 100, 74232, 73
2026/07/29 12:29:54.638, 291.72, 100, 74232, 73
2026/07/29 12:29:55.676, 288.69, 100, 74232, 73
2026/07/29 12:29:56.718, 291.11, 100, 74232, 73
2026/07/29 12:29:57.757, 298.01, 100, 74232, 73
2026/07/29 12:29:58.794, 294.54, 100, 74232, 73
2026/07/29 12:29:59.836, 296.65, 100, 74232, 73
2026/07/29 12:30:00.873, 301.40, 100, 74232, 73
2026/07/29 12:30:01.912, 300.15, 100, 74232, 73
2026/07/29 12:30:02.948, 301.71, 100, 74232, 73
2026/07/29 12:30:03.985, 301.21, 100, 74232, 73
2026/07/29 12:30:05.022, 297.45, 100, 74232, 73
2026/07/29 12:30:06.060, 288.12, 100, 74232, 73
2026/07/29 12:30:07.098, 294.42, 100, 74232, 73
2026/07/29 12:30:08.138, 299.38, 100, 74232, 73
2026/07/29 12:30:09.176, 293.64, 100, 74232, 73
2026/07/29 12:30:10.214, 295.61, 100, 74232, 73
2026/07/29 12:30:11.257, 302.84, 100, 74232, 73
2026/07/29 12:30:12.295, 297.05, 100, 74232, 73
2026/07/29 12:30:13.333, 301.39, 100, 74232, 73
2026/07/29 12:30:14.371, 299.36, 100, 74232, 73
2026/07/29 12:30:15.409, 302.17, 100, 74232, 73
2026/07/29 12:30:16.448, 298.41, 100, 74232, 73
2026/07/29 12:30:17.485, 301.79, 100, 74232, 73
2026/07/29 12:30:18.524, 291.50, 100, 74232, 73
2026/07/29 12:30:19.566, 296.73, 100, 74232, 73
2026/07/29 12:30:20.603, 292.65, 100, 74232, 73
2026/07/29 12:30:21.640, 294.21, 100, 74232, 73
2026/07/29 12:30:22.677, 294.05, 100, 74232, 73
2026/07/29 12:30:23.714, 294.64, 100, 74232, 73
2026/07/29 12:30:24.750, 290.60, 100, 74232, 73
2026/07/29 12:30:25.788, 289.48, 100, 74232, 73
2026/07/29 12:30:26.827, 299.06, 100, 74232, 73
2026/07/29 12:30:27.869, 297.82, 100, 74232, 73
2026/07/29 12:30:28.906, 301.22, 100, 74232, 73
2026/07/29 12:30:29.943, 298.78, 100, 74232, 73
2026/07/29 12:30:30.982, 297.71, 100, 74232, 73
2026/07/29 12:30:32.019, 298.33, 100, 74232, 73
2026/07/29 12:30:33.057, 296.45, 100, 74232, 73
2026/07/29 12:30:34.095, 295.01, 100, 74232, 73
2026/07/29 12:30:35.133, 299.55, 100, 74232, 73
2026/07/29 12:30:36.172, 301.14, 100, 74232, 73
2026/07/29 12:30:37.209, 300.46, 100, 74232, 73
2026/07/29 12:30:38.247, 301.60, 100, 74232, 73
2026/07/29 12:30:39.284, 302.28, 100, 74232, 73
2026/07/29 12:30:40.324, 302.36, 100, 74232, 73
2026/07/29 12:30:41.362, 302.61, 100, 74232, 73
2026/07/29 12:30:42.400, 298.79, 100, 74232, 73
2026/07/29 12:30:43.437, 298.10, 100, 74232, 73
2026/07/29 12:30:44.474, 300.72, 100, 74232, 73
2026/07/29 12:30:45.513, 302.02, 100, 74232, 73
2026/07/29 12:30:46.550, 289.29, 100, 74232, 73
2026/07/29 12:30:47.589, 294.24, 100, 74232, 73
2026/07/29 12:30:48.627, 294.73, 100, 74232, 73
2026/07/29 12:30:49.666, 294.23, 100, 74232, 73
2026/07/29 12:30:50.705, 301.33, 100, 74232, 73
2026/07/29 12:30:51.742, 299.46, 100, 74232, 73
2026/07/29 12:30:52.781, 296.38, 100, 74232, 73
2026/07/29 12:30:53.822, 299.88, 100, 74232, 73
2026/07/29 12:30:54.859, 301.70, 100, 74232, 73
2026/07/29 12:30:55.896, 302.29, 100, 74232, 73
2026/07/29 12:30:56.934, 303.44, 100, 74232, 73
2026/07/29 12:30:57.971, 300.63, 100, 74232, 73
2026/07/29 12:30:59.015, 297.24, 100, 74232, 73
2026/07/29 12:31:00.053, 291.78, 100, 74232, 73
2026/07/29 12:31:01.090, 294.23, 100, 74232, 73
2026/07/29 12:31:02.130, 302.27, 100, 74232, 73
2026/07/29 12:31:03.167, 302.38, 100, 74232, 73
2026/07/29 12:31:04.204, 295.20, 100, 74232, 73
2026/07/29 12:31:05.242, 297.83, 100, 74232, 73
2026/07/29 12:31:06.281, 303.37, 100, 74232, 73
2026/07/29 12:31:07.318, 298.31, 100, 74232, 73
2026/07/29 12:31:08.361, 300.62, 100, 74232, 73
2026/07/29 12:31:09.399, 299.17, 100, 74232, 73
2026/07/29 12:31:10.437, 295.59, 100, 74232, 73
2026/07/29 12:31:11.477, 294.45, 100, 74232, 73
2026/07/29 12:31:12.516, 294.54, 100, 74232, 73
2026/07/29 12:31:13.554, 294.93, 100, 74232, 73
2026/07/29 12:31:14.593, 295.99, 100, 74232, 73
2026/07/29 12:31:15.630, 291.11, 100, 74232, 73
2026/07/29 12:31:16.670, 294.61, 100, 74232, 73
2026/07/29 12:31:17.709, 292.19, 100, 74232, 73
2026/07/29 12:31:18.747, 294.03, 100, 74232, 73
2026/07/29 12:31:19.787, 299.50, 100, 74232, 73
2026/07/29 12:31:20.824, 302.49, 100, 74232, 73
2026/07/29 12:31:21.862, 302.95, 100, 74232, 73
2026/07/29 12:31:22.900, 301.61, 100, 74232, 73
2026/07/29 12:31:23.937, 302.88, 100, 74232, 73
2026/07/29 12:31:24.974, 303.15, 100, 74232, 73
2026/07/29 12:31:26.011, 302.66, 100, 74232, 73
2026/07/29 12:31:27.049, 307.19, 100, 74232, 73
2026/07/29 12:31:28.086, 300.14, 100, 74232, 73
2026/07/29 12:31:29.124, 298.22, 100, 74232, 73
2026/07/29 12:31:30.162, 301.20, 100, 74232, 73
2026/07/29 12:31:31.200, 301.22, 100, 74232, 73
2026/07/29 12:31:32.237, 293.08, 100, 74232, 73
2026/07/29 12:31:33.276, 294.52, 100, 74232, 73
2026/07/29 12:31:34.316, 291.52, 100, 74232, 73
2026/07/29 12:31:35.353, 294.44, 100, 74232, 73
2026/07/29 12:31:36.395, 295.09, 100, 74232, 73
2026/07/29 12:31:37.433, 295.42, 100, 74232, 73
2026/07/29 12:31:38.470, 296.56, 100, 74232, 73
2026/07/29 12:31:39.508, 306.00, 100, 74232, 73
2026/07/29 12:31:40.545, 300.12, 100, 74232, 73
2026/07/29 12:31:41.583, 302.56, 100, 74232, 73
2026/07/29 12:31:42.622, 299.55, 100, 74232, 73
2026/07/29 12:31:43.661, 296.09, 100, 74232, 73
2026/07/29 12:31:44.699, 302.60, 100, 74232, 73
2026/07/29 12:31:45.737, 301.80, 100, 74232, 73
2026/07/29 12:31:46.775, 301.61, 100, 74232, 73
2026/07/29 12:31:47.813, 302.95, 100, 74232, 73
2026/07/29 12:31:48.854, 302.21, 100, 74232, 73
2026/07/29 12:31:49.892, 303.10, 100, 74232, 73
2026/07/29 12:31:50.930, 297.93, 100, 74232, 73
2026/07/29 12:31:51.970, 302.67, 100, 74232, 73
2026/07/29 12:31:53.008, 299.85, 100, 74232, 73
2026/07/29 12:31:54.046, 300.63, 100, 74232, 73
2026/07/29 12:31:55.085, 298.51, 100, 74232, 73
2026/07/29 12:31:56.123, 301.63, 100, 74232, 73
2026/07/29 12:31:57.162, 301.54, 100, 74232, 73
2026/07/29 12:31:58.200, 301.52, 100, 74232, 73
2026/07/29 12:31:59.239, 302.47, 100, 74232, 73
2026/07/29 12:32:00.277, 303.26, 100, 74232, 73
2026/07/29 12:32:01.314, 302.69, 100, 74232, 73
2026/07/29 12:32:02.350, 302.72, 100, 74232, 73
2026/07/29 12:32:03.390, 299.95, 100, 74232, 73
2026/07/29 12:32:04.427, 301.41, 100, 74232, 73
2026/07/29 12:32:05.466, 300.72, 100, 74232, 73
2026/07/29 12:32:06.504, 302.48, 100, 74232, 73
2026/07/29 12:32:07.541, 302.48, 100, 74232, 73
2026/07/29 12:32:08.579, 301.71, 100, 74232, 73
2026/07/29 12:32:09.617, 303.03, 100, 74232, 73
2026/07/29 12:32:10.654, 303.07, 100, 74232, 73
2026/07/29 12:32:11.692, 295.11, 100, 74232, 73
2026/07/29 12:32:12.729, 302.28, 100, 74232, 73
2026/07/29 12:32:13.767, 297.62, 100, 74232, 73
2026/07/29 12:32:14.804, 300.25, 100, 74232, 73
2026/07/29 12:32:15.843, 286.57, 100, 74232, 73
2026/07/29 12:32:16.885, 292.38, 100, 74232, 73
2026/07/29 12:32:17.923, 300.25, 100, 74232, 73
2026/07/29 12:32:18.960, 301.05, 100, 74232, 73
2026/07/29 12:32:19.997, 301.33, 100, 74232, 73
2026/07/29 12:32:21.034, 301.80, 100, 74232, 73
2026/07/29 12:32:22.071, 301.12, 100, 74232, 73
2026/07/29 12:32:23.109, 302.50, 100, 74232, 73
2026/07/29 12:32:24.147, 302.51, 100, 74232, 73
2026/07/29 12:32:25.184, 301.50, 100, 74232, 73
2026/07/29 12:32:26.224, 302.40, 100, 74232, 73
2026/07/29 12:32:27.261, 302.08, 100, 74232, 73
2026/07/29 12:32:28.298, 302.29, 100, 74232, 73
2026/07/29 12:32:29.336, 302.90, 100, 74232, 73
2026/07/29 12:32:30.374, 303.24, 100, 74232, 73
2026/07/29 12:32:31.412, 302.11, 100, 74232, 73
2026/07/29 12:32:32.451, 302.29, 100, 74232, 73
2026/07/29 12:32:33.490, 305.01, 100, 74232, 73
2026/07/29 12:32:34.528, 302.48, 100, 74232, 73
2026/07/29 12:32:35.569, 303.07, 100, 74232, 73
2026/07/29 12:32:36.613, 291.20, 100, 74232, 73
2026/07/29 12:32:37.651, 295.21, 100, 74232, 73
2026/07/29 12:32:38.687, 292.99, 100, 74232, 73
2026/07/29 12:32:39.727, 290.94, 100, 74232, 73
2026/07/29 12:32:40.764, 299.40, 100, 74232, 73
2026/07/29 12:32:41.803, 290.17, 100, 74232, 73
2026/07/29 12:32:42.842, 298.38, 100, 74232, 73
2026/07/29 12:32:43.878, 302.09, 100, 74232, 73
2026/07/29 12:32:44.917, 298.09, 100, 74232, 73
2026/07/29 12:32:45.955, 299.16, 100, 74232, 73
2026/07/29 12:32:46.992, 299.94, 100, 74232, 73
2026/07/29 12:32:48.030, 297.32, 100, 74232, 73
2026/07/29 12:32:49.067, 299.39, 100, 74232, 73
2026/07/29 12:32:50.105, 301.09, 100, 74232, 73
2026/07/29 12:32:51.143, 298.30, 100, 74232, 73
2026/07/29 12:32:52.179, 301.01, 100, 74232, 73
2026/07/29 12:32:53.217, 301.23, 100, 74232, 73
2026/07/29 12:32:54.257, 299.20, 100, 74232, 73
2026/07/29 12:32:55.294, 300.54, 100, 74232, 73
2026/07/29 12:32:56.332, 300.34, 100, 74232, 73
2026/07/29 12:32:57.371, 300.86, 100, 74232, 73
2026/07/29 12:32:58.408, 300.96, 100, 74232, 73
2026/07/29 12:32:59.449, 301.88, 100, 74232, 73
2026/07/29 12:33:00.487, 300.06, 100, 74232, 73
2026/07/29 12:33:01.523, 300.73, 100, 74232, 73
2026/07/29 12:33:02.561, 302.18, 100, 74232, 73
2026/07/29 12:33:03.597, 300.65, 100, 74232, 73
2026/07/29 12:33:04.635, 297.33, 100, 74232, 73
2026/07/29 12:33:05.672, 295.41, 100, 74232, 73
2026/07/29 12:33:06.710, 296.18, 100, 74232, 73
2026/07/29 12:33:07.746, 302.47, 100, 74232, 73
2026/07/29 12:33:08.784, 295.10, 100, 74232, 73
2026/07/29 12:33:09.824, 300.85, 100, 74232, 73
2026/07/29 12:33:10.861, 296.19, 100, 74232, 73
2026/07/29 12:33:11.900, 297.57, 100, 74232, 73
2026/07/29 12:33:12.937, 300.42, 100, 74232, 73
2026/07/29 12:33:13.975, 307.13, 100, 74232, 73
2026/07/29 12:33:15.012, 297.52, 100, 74232, 73
2026/07/29 12:33:16.050, 301.91, 100, 74232, 73
2026/07/29 12:33:17.087, 302.48, 100, 74232, 73
2026/07/29 12:33:18.125, 292.48, 100, 74232, 73
2026/07/29 12:33:19.163, 301.70, 100, 74232, 73
2026/07/29 12:33:20.205, 302.21, 100, 74232, 73
2026/07/29 12:33:21.242, 301.53, 100, 74232, 73
2026/07/29 12:33:22.279, 301.70, 100, 74232, 73
2026/07/29 12:33:23.317, 302.17, 100, 74232, 73
2026/07/29 12:33:24.354, 300.82, 100, 74232, 73
2026/07/29 12:33:25.391, 301.88, 100, 74232, 73
2026/07/29 12:33:26.428, 301.99, 100, 74232, 73
2026/07/29 12:33:27.466, 301.05, 100, 74232, 73
2026/07/29 12:33:28.503, 302.09, 100, 74232, 73
2026/07/29 12:33:29.540, 302.58, 100, 74232, 73
2026/07/29 12:33:30.577, 303.25, 100, 74232, 73
2026/07/29 12:33:31.615, 302.00, 100, 74232, 73
2026/07/29 12:33:32.651, 302.74, 100, 74232, 73
2026/07/29 12:33:33.688, 302.98, 100, 74232, 73
2026/07/29 12:33:34.725, 301.43, 100, 74232, 73
2026/07/29 12:33:35.761, 98.31, 100, 74232, 71
2026/07/29 12:33:36.795, 98.14, 0, 74232, 69
2026/07/29 12:33:37.828, 97.39, 0, 74232, 69
2026/07/29 12:33:38.859, 97.00, 0, 74232, 68
2026/07/29 12:33:39.890, 95.92, 0, 74232, 68
2026/07/29 12:33:40.922, 94.91, 0, 74232, 67
2026/07/29 12:33:41.954, 94.00, 0, 74232, 66
2026/07/29 12:33:42.985, 93.22, 0, 74232, 66
2026/07/29 12:33:44.017, 297.84, 92, 74232, 71
2026/07/29 12:33:45.052, 310.54, 100, 74232, 71
2026/07/29 12:33:46.088, 281.71, 100, 74232, 71
2026/07/29 12:33:47.123, 290.73, 100, 74232, 71
2026/07/29 12:33:48.159, 291.57, 100, 74232, 72
2026/07/29 12:33:49.194, 299.09, 100, 74232, 72
2026/07/29 12:33:50.229, 322.75, 100, 74232, 72
2026/07/29 12:33:51.266, 302.50, 100, 74232, 70
2026/07/29 12:33:52.304, 305.38, 100, 74232, 71
2026/07/29 12:33:53.341, 304.74, 100, 74232, 71
2026/07/29 12:33:54.378, 310.32, 100, 74232, 71
2026/07/29 12:33:55.414, 300.23, 100, 74232, 71
2026/07/29 12:33:56.450, 294.14, 100, 74232, 71
2026/07/29 12:33:57.489, 299.27, 100, 74232, 71
2026/07/29 12:33:58.525, 295.08, 100, 74232, 71
2026/07/29 12:33:59.563, 300.65, 100, 74232, 72
2026/07/29 12:34:00.600, 298.03, 100, 74232, 72
2026/07/29 12:34:01.636, 300.13, 100, 74232, 72
2026/07/29 12:34:02.672, 295.11, 100, 74232, 72
2026/07/29 12:34:03.707, 299.95, 100, 74232, 72
2026/07/29 12:34:04.744, 298.20, 100, 74232, 72
2026/07/29 12:34:05.780, 296.97, 100, 74232, 72
2026/07/29 12:34:06.817, 300.45, 100, 74232, 72
2026/07/29 12:34:07.856, 308.87, 100, 74232, 72
2026/07/29 12:34:08.892, 302.99, 100, 74232, 72
2026/07/29 12:34:09.929, 300.26, 100, 74232, 72
2026/07/29 12:34:10.966, 296.68, 100, 74232, 72
2026/07/29 12:34:12.004, 303.74, 100, 74232, 72
2026/07/29 12:34:13.042, 298.71, 100, 74232, 72
2026/07/29 12:34:14.079, 297.61, 100, 74232, 72
2026/07/29 12:34:15.115, 299.87, 100, 74232, 72
2026/07/29 12:34:16.155, 301.22, 100, 74232, 72
2026/07/29 12:34:17.193, 300.82, 100, 74232, 72
2026/07/29 12:34:18.229, 298.12, 100, 74232, 72
2026/07/29 12:34:19.266, 300.36, 100, 74232, 72
2026/07/29 12:34:20.305, 307.70, 100, 74232, 72
2026/07/29 12:34:21.342, 302.28, 100, 74232, 72
2026/07/29 12:34:22.379, 298.90, 100, 74232, 72
2026/07/29 12:34:23.415, 300.35, 100, 74232, 72
2026/07/29 12:34:24.451, 300.85, 100, 74232, 72
2026/07/29 12:34:25.487, 301.74, 100, 74232, 72
2026/07/29 12:34:26.524, 298.03, 100, 74232, 72
2026/07/29 12:34:27.565, 298.30, 100, 74232, 72
2026/07/29 12:34:28.601, 300.37, 100, 74232, 72
2026/07/29 12:34:29.638, 297.90, 100, 74232, 72
2026/07/29 12:34:30.675, 291.80, 100, 74232, 72
2026/07/29 12:34:31.711, 296.77, 100, 74232, 72
2026/07/29 12:34:32.748, 299.38, 100, 74232, 72
2026/07/29 12:34:33.784, 301.61, 100, 74232, 72
2026/07/29 12:34:34.820, 302.09, 100, 74232, 72
2026/07/29 12:34:35.858, 298.02, 100, 74232, 72
2026/07/29 12:34:36.894, 299.85, 100, 74232, 72
2026/07/29 12:34:37.931, 300.15, 100, 74232, 72
2026/07/29 12:34:38.969, 300.63, 100, 74232, 72
2026/07/29 12:34:40.007, 302.10, 100, 74232, 72
2026/07/29 12:34:41.044, 301.24, 100, 74232, 72
2026/07/29 12:34:42.082, 297.71, 100, 74232, 72
2026/07/29 12:34:43.118, 300.37, 100, 74232, 73
2026/07/29 12:34:44.155, 309.04, 100, 74232, 73
2026/07/29 12:34:45.194, 301.68, 100, 74232, 73
2026/07/29 12:34:46.231, 297.80, 100, 74232, 73
2026/07/29 12:34:47.268, 295.78, 100, 74232, 73
2026/07/29 12:34:48.305, 296.83, 100, 74232, 72
2026/07/29 12:34:49.345, 299.96, 100, 74232, 73
2026/07/29 12:34:50.381, 301.98, 100, 74232, 73
2026/07/29 12:34:51.417, 302.03, 100, 74232, 73
2026/07/29 12:34:52.453, 298.89, 100, 74232, 73
2026/07/29 12:34:53.493, 300.07, 100, 74232, 73
2026/07/29 12:34:54.531, 300.05, 100, 74232, 73
2026/07/29 12:34:55.567, 301.61, 100, 74232, 73
2026/07/29 12:34:56.605, 302.61, 100, 74232, 73
2026/07/29 12:34:57.641, 297.72, 100, 74232, 73
2026/07/29 12:34:58.677, 298.30, 100, 74232, 73
2026/07/29 12:34:59.712, 301.02, 100, 74232, 73
2026/07/29 12:35:00.748, 301.32, 100, 74232, 73
2026/07/29 12:35:01.789, 301.05, 100, 74232, 73
2026/07/29 12:35:02.829, 301.80, 100, 74232, 73
2026/07/29 12:35:03.866, 299.26, 100, 74232, 73
2026/07/29 12:35:04.903, 298.28, 100, 74232, 73
2026/07/29 12:35:05.940, 300.71, 100, 74232, 73
2026/07/29 12:35:06.980, 302.40, 100, 74232, 73
2026/07/29 12:35:08.017, 290.06, 100, 74232, 73
2026/07/29 12:35:09.055, 294.32, 100, 74232, 73
2026/07/29 12:35:10.092, 295.27, 100, 74232, 73
2026/07/29 12:35:11.130, 296.85, 100, 74232, 73
2026/07/29 12:35:12.170, 295.89, 100, 74232, 73
2026/07/29 12:35:13.207, 300.24, 100, 74232, 73
2026/07/29 12:35:14.245, 300.43, 100, 74232, 73
2026/07/29 12:35:15.283, 298.59, 100, 74232, 73
2026/07/29 12:35:16.320, 293.84, 100, 74232, 73
2026/07/29 12:35:17.358, 296.56, 100, 74232, 73
2026/07/29 12:35:18.396, 299.46, 100, 74232, 73
2026/07/29 12:35:19.435, 300.82, 100, 74232, 73
2026/07/29 12:35:20.473, 302.58, 100, 74232, 73
2026/07/29 12:35:21.509, 302.39, 100, 74232, 73
2026/07/29 12:35:22.545, 299.11, 100, 74232, 73
2026/07/29 12:35:23.583, 300.42, 100, 74232, 73
2026/07/29 12:35:24.621, 300.35, 100, 74232, 73
2026/07/29 12:35:25.660, 302.31, 100, 74232, 73
2026/07/29 12:35:26.696, 303.15, 100, 74232, 73
2026/07/29 12:35:27.734, 295.97, 100, 74232, 73
2026/07/29 12:35:28.771, 299.97, 100, 74232, 73
2026/07/29 12:35:29.809, 294.71, 100, 74232, 73
2026/07/29 12:35:30.851, 302.18, 100, 74232, 73
2026/07/29 12:35:31.890, 302.64, 100, 74232, 73
2026/07/29 12:35:32.928, 296.95, 100, 74232, 73
2026/07/29 12:35:33.965, 300.56, 100, 74232, 73
2026/07/29 12:35:35.001, 291.68, 100, 74232, 73
2026/07/29 12:35:36.038, 301.61, 100, 74232, 73
2026/07/29 12:35:37.075, 295.40, 100, 74232, 73
2026/07/29 12:35:38.112, 293.65, 100, 74232, 73
2026/07/29 12:35:39.148, 293.53, 100, 74232, 73
2026/07/29 12:35:40.189, 304.00, 100, 74232, 73
2026/07/29 12:35:41.225, 302.13, 100, 74232, 73
2026/07/29 12:35:42.262, 296.84, 100, 74232, 73
2026/07/29 12:35:43.301, 299.17, 100, 74232, 73
2026/07/29 12:35:44.338, 301.21, 100, 74232, 73
2026/07/29 12:35:45.374, 300.62, 100, 74232, 73
2026/07/29 12:35:46.410, 301.51, 100, 74232, 73
2026/07/29 12:35:47.449, 302.20, 100, 74232, 73
2026/07/29 12:35:48.486, 294.62, 100, 74232, 73
2026/07/29 12:35:49.526, 295.98, 100, 74232, 73
2026/07/29 12:35:50.563, 289.08, 100, 74232, 73
2026/07/29 12:35:51.601, 290.33, 100, 74232, 73
2026/07/29 12:35:52.638, 303.36, 100, 74232, 73
2026/07/29 12:35:53.675, 300.43, 100, 74232, 73
2026/07/29 12:35:54.711, 296.36, 100, 74232, 73
2026/07/29 12:35:55.747, 290.33, 100, 74232, 72
2026/07/29 12:35:56.784, 293.56, 100, 74232, 72
2026/07/29 12:35:57.820, 290.95, 100, 74232, 73
2026/07/29 12:35:58.861, 302.09, 100, 74232, 73
2026/07/29 12:35:59.897, 298.90, 100, 74232, 73
2026/07/29 12:36:00.938, 301.72, 100, 74232, 73
2026/07/29 12:36:01.975, 299.67, 100, 74232, 73
2026/07/29 12:36:03.013, 295.88, 100, 74232, 72
2026/07/29 12:36:04.051, 294.61, 100, 74232, 72
2026/07/29 12:36:05.088, 297.81, 100, 74232, 72
2026/07/29 12:36:06.125, 294.21, 100, 74232, 72
2026/07/29 12:36:07.166, 289.35, 100, 74232, 72
2026/07/29 12:36:08.203, 297.82, 100, 74232, 72
2026/07/29 12:36:09.240, 295.98, 100, 74232, 72
2026/07/29 12:36:10.277, 292.58, 100, 74232, 72
2026/07/29 12:36:11.317, 295.58, 100, 74232, 72
2026/07/29 12:36:12.353, 292.78, 100, 74232, 72
2026/07/29 12:36:13.390, 293.64, 100, 74232, 72
2026/07/29 12:36:14.426, 295.02, 100, 74232, 72
2026/07/29 12:36:15.463, 300.46, 100, 74232, 72
2026/07/29 12:36:16.501, 300.86, 100, 74232, 72
2026/07/29 12:36:17.539, 294.72, 100, 74232, 72
2026/07/29 12:36:18.577, 298.12, 100, 74232, 72
2026/07/29 12:36:19.615, 296.75, 100, 74232, 72
2026/07/29 12:36:20.654, 301.10, 100, 74232, 72
2026/07/29 12:36:21.691, 300.46, 100, 74232, 72
2026/07/29 12:36:22.729, 300.83, 100, 74232, 72
2026/07/29 12:36:23.766, 301.30, 100, 74232, 72
2026/07/29 12:36:24.804, 301.76, 100, 74232, 72
2026/07/29 12:36:25.841, 302.03, 100, 74232, 72
2026/07/29 12:36:26.885, 297.80, 100, 74232, 72
2026/07/29 12:36:27.923, 302.56, 100, 74232, 72
2026/07/29 12:36:28.960, 298.60, 100, 74232, 72
2026/07/29 12:36:29.999, 300.79, 100, 74232, 72
2026/07/29 12:36:31.036, 299.08, 100, 74232, 72
2026/07/29 12:36:32.074, 301.72, 100, 74232, 72
2026/07/29 12:36:33.111, 301.83, 100, 74232, 72
2026/07/29 12:36:34.154, 293.26, 100, 74232, 72
2026/07/29 12:36:35.192, 300.25, 100, 74232, 72
2026/07/29 12:36:36.228, 289.76, 100, 74232, 72
2026/07/29 12:36:37.264, 300.15, 100, 74232, 72
2026/07/29 12:36:38.302, 298.01, 100, 74232, 72
2026/07/29 12:36:39.340, 300.62, 100, 74232, 72
2026/07/29 12:36:40.378, 300.74, 100, 74232, 72
2026/07/29 12:36:41.416, 300.82, 100, 74232, 72
2026/07/29 12:36:42.453, 301.04, 100, 74232, 72
2026/07/29 12:36:43.494, 301.60, 100, 74232, 72
2026/07/29 12:36:44.532, 300.64, 100, 74232, 72
2026/07/29 12:36:45.568, 302.36, 100, 74232, 72
2026/07/29 12:36:46.605, 297.36, 100, 74232, 72
2026/07/29 12:36:47.642, 293.94, 100, 74232, 72
2026/07/29 12:36:48.680, 291.41, 100, 74232, 72
2026/07/29 12:36:49.719, 294.22, 100, 74232, 72
2026/07/29 12:36:50.756, 297.92, 100, 74232, 72
2026/07/29 12:36:51.793, 299.95, 100, 74232, 72
2026/07/29 12:36:52.831, 301.32, 100, 74232, 72
2026/07/29 12:36:53.869, 301.43, 100, 74232, 72
2026/07/29 12:36:54.910, 301.28, 100, 74232, 72
2026/07/29 12:36:55.948, 301.63, 100, 74232, 72
2026/07/29 12:36:56.985, 291.61, 100, 74232, 72
2026/07/29 12:36:58.024, 290.14, 100, 74232, 72
2026/07/29 12:36:59.062, 298.10, 100, 74232, 72
2026/07/29 12:37:00.102, 299.54, 100, 74232, 72
2026/07/29 12:37:01.140, 299.10, 100, 74232, 72
2026/07/29 12:37:02.177, 299.58, 100, 74232, 72
2026/07/29 12:37:03.214, 300.81, 100, 74232, 72
2026/07/29 12:37:04.251, 299.97, 100, 74232, 72
2026/07/29 12:37:05.289, 300.93, 100, 74232, 72
2026/07/29 12:37:06.326, 301.41, 100, 74232, 72
2026/07/29 12:37:07.364, 297.54, 100, 74232, 72
2026/07/29 12:37:08.400, 298.23, 100, 74232, 72
2026/07/29 12:37:09.438, 286.84, 100, 74232, 72
2026/07/29 12:37:10.474, 300.66, 100, 74232, 72
2026/07/29 12:37:11.517, 296.06, 100, 74232, 72
2026/07/29 12:37:12.554, 295.32, 100, 74232, 72
2026/07/29 12:37:13.591, 297.42, 100, 74232, 72
2026/07/29 12:37:14.628, 295.20, 100, 74232, 72
2026/07/29 12:37:15.665, 300.24, 100, 74232, 72
2026/07/29 12:37:16.702, 300.52, 100, 74232, 72
2026/07/29 12:37:17.738, 300.35, 100, 74232, 72
2026/07/29 12:37:18.777, 301.04, 100, 74232, 72
2026/07/29 12:37:19.813, 301.13, 100, 74232, 72
2026/07/29 12:37:20.851, 301.05, 100, 74232, 72
2026/07/29 12:37:21.887, 303.56, 100, 74232, 72
2026/07/29 12:37:22.925, 298.11, 100, 74232, 72
2026/07/29 12:37:23.963, 303.61, 100, 74232, 72
2026/07/29 12:37:25.001, 297.71, 100, 74232, 72
2026/07/29 12:37:26.038, 298.49, 100, 74232, 72
2026/07/29 12:37:27.076, 300.52, 100, 74232, 72
2026/07/29 12:37:28.114, 298.57, 100, 74232, 72
2026/07/29 12:37:29.150, 299.25, 100, 74232, 72
2026/07/29 12:37:30.188, 296.07, 100, 74232, 72
2026/07/29 12:37:31.225, 299.09, 100, 74232, 72
2026/07/29 12:37:32.262, 300.75, 100, 74232, 72
2026/07/29 12:37:33.298, 294.23, 100, 74232, 72
2026/07/29 12:37:34.335, 300.25, 100, 74232, 72
2026/07/29 12:37:35.371, 300.93, 100, 74232, 72
2026/07/29 12:37:36.408, 296.36, 100, 74232, 72
2026/07/29 12:37:37.447, 299.08, 100, 74232, 72
2026/07/29 12:37:38.484, 293.94, 100, 74232, 72
2026/07/29 12:37:39.521, 299.66, 100, 74232, 72
2026/07/29 12:37:40.558, 300.44, 100, 74232, 72
2026/07/29 12:37:41.594, 307.88, 100, 74232, 72
2026/07/29 12:37:42.633, 301.13, 100, 74232, 72
2026/07/29 12:37:43.669, 308.87, 100, 74232, 72
2026/07/29 12:37:44.704, 295.90, 100, 74232, 72
2026/07/29 12:37:45.741, 301.59, 100, 74232, 72
2026/07/29 12:37:46.778, 296.17, 100, 74232, 72
2026/07/29 12:37:47.814, 299.06, 100, 74232, 72
2026/07/29 12:37:48.849, 296.75, 100, 74232, 72
2026/07/29 12:37:49.889, 298.88, 100, 74232, 72
2026/07/29 12:37:50.926, 300.54, 100, 74232, 72
2026/07/29 12:37:51.963, 298.38, 100, 74232, 72
2026/07/29 12:37:52.999, 299.29, 100, 74232, 72
2026/07/29 12:37:54.036, 299.96, 100, 74232, 72
2026/07/29 12:37:55.072, 301.03, 100, 74232, 72
2026/07/29 12:37:56.112, 300.64, 100, 74232, 72
2026/07/29 12:37:57.149, 300.64, 100, 74232, 72
2026/07/29 12:37:58.185, 301.42, 100, 74232, 72
2026/07/29 12:37:59.222, 300.24, 100, 74232, 72
2026/07/29 12:38:00.261, 301.02, 100, 74232, 72
2026/07/29 12:38:01.298, 303.39, 100, 74232, 72
2026/07/29 12:38:02.334, 300.17, 100, 74232, 72
2026/07/29 12:38:03.370, 302.38, 100, 74232, 72
2026/07/29 12:38:04.408, 298.01, 100, 74232, 72
2026/07/29 12:38:05.445, 299.55, 100, 74232, 72
2026/07/29 12:38:06.484, 296.47, 100, 74232, 72
2026/07/29 12:38:07.522, 298.58, 100, 74232, 72
2026/07/29 12:38:08.559, 299.66, 100, 74232, 72
2026/07/29 12:38:09.595, 297.59, 100, 74232, 72
2026/07/29 12:38:10.631, 299.54, 100, 74232, 72
2026/07/29 12:38:11.668, 299.07, 100, 74232, 72
2026/07/29 12:38:12.704, 298.76, 100, 74232, 72
2026/07/29 12:38:13.740, 299.46, 100, 74232, 72
2026/07/29 12:38:14.779, 300.14, 100, 74232, 72
2026/07/29 12:38:15.816, 299.27, 100, 74232, 72
2026/07/29 12:38:16.854, 300.55, 100, 74232, 72
2026/07/29 12:38:17.891, 300.63, 100, 74232, 72
2026/07/29 12:38:18.928, 300.93, 100, 74232, 72
2026/07/29 12:38:19.966, 300.04, 100, 74232, 72
2026/07/29 12:38:21.003, 300.44, 100, 74232, 72
2026/07/29 12:38:22.043, 300.94, 100, 74232, 72
2026/07/29 12:38:23.108, 299.75, 100, 74232, 72
2026/07/29 12:38:24.145, 300.91, 100, 74232, 72
2026/07/29 12:38:25.182, 299.93, 100, 74232, 72
2026/07/29 12:38:26.219, 300.16, 100, 74232, 72
2026/07/29 12:38:27.256, 300.62, 100, 74232, 72
2026/07/29 12:38:28.293, 298.51, 100, 74232, 72
2026/07/29 12:38:29.330, 300.43, 100, 74232, 72
2026/07/29 12:38:30.366, 301.10, 100, 74232, 72
2026/07/29 12:38:31.403, 301.59, 100, 74232, 72
2026/07/29 12:38:32.440, 300.83, 100, 74232, 72
2026/07/29 12:38:33.476, 301.50, 100, 74232, 72
2026/07/29 12:38:34.513, 301.61, 100, 74232, 72
2026/07/29 12:38:35.550, 300.99, 100, 74232, 72
2026/07/29 12:38:36.588, 301.58, 100, 74232, 72
2026/07/29 12:38:37.625, 301.23, 100, 74232, 72
2026/07/29 12:38:38.664, 299.86, 100, 74232, 72
2026/07/29 12:38:39.700, 301.49, 100, 74232, 72
2026/07/29 12:38:40.736, 302.09, 100, 74232, 72
2026/07/29 12:38:41.774, 300.53, 100, 74232, 72
2026/07/29 12:38:42.812, 301.60, 100, 74232, 72
2026/07/29 12:38:43.849, 109.01, 100, 74232, 70
2026/07/29 12:38:44.882, 298.40, 100, 74232, 73
2026/07/29 12:38:45.922, 314.10, 100, 74232, 74
2026/07/29 12:38:46.956, 305.15, 100, 74232, 74
2026/07/29 12:38:47.991, 298.31, 100, 74232, 74
2026/07/29 12:38:49.030, 321.10, 100, 74232, 74
2026/07/29 12:38:50.066, 308.63, 100, 74232, 74
2026/07/29 12:38:51.101, 303.71, 100, 74232, 74
2026/07/29 12:38:52.138, 297.06, 100, 74232, 72
2026/07/29 12:38:53.178, 300.54, 100, 74232, 72
2026/07/29 12:38:54.215, 301.60, 100, 74232, 72
2026/07/29 12:38:55.252, 297.50, 100, 74232, 72
2026/07/29 12:38:56.292, 300.33, 100, 74232, 72
2026/07/29 12:38:57.328, 289.37, 100, 74232, 72
2026/07/29 12:38:58.368, 294.53, 100, 74232, 72
2026/07/29 12:38:59.406, 290.44, 100, 74232, 72
2026/07/29 12:39:00.443, 296.86, 100, 74232, 73
2026/07/29 12:39:01.478, 300.25, 100, 74232, 73
2026/07/29 12:39:02.515, 297.94, 100, 74232, 73
2026/07/29 12:39:03.553, 297.23, 100, 74232, 73
2026/07/29 12:39:04.592, 297.35, 100, 74232, 73
2026/07/29 12:39:05.629, 300.80, 100, 74232, 73
2026/07/29 12:39:06.666, 302.30, 100, 74232, 73
2026/07/29 12:39:07.702, 301.77, 100, 74232, 72
2026/07/29 12:39:08.738, 297.64, 100, 74232, 72
2026/07/29 12:39:09.775, 298.70, 100, 74232, 72
2026/07/29 12:39:10.812, 299.75, 100, 74232, 72
2026/07/29 12:39:11.849, 301.01, 100, 74232, 72
2026/07/29 12:39:12.887, 296.92, 100, 74232, 72
2026/07/29 12:39:13.925, 303.66, 100, 74232, 72
2026/07/29 12:39:14.962, 299.75, 100, 74232, 72
2026/07/29 12:39:15.999, 300.44, 100, 74232, 72
2026/07/29 12:39:17.035, 305.09, 100, 74232, 72
2026/07/29 12:39:18.072, 301.94, 100, 74232, 72
2026/07/29 12:39:19.110, 299.17, 100, 74232, 72
2026/07/29 12:39:20.147, 300.64, 100, 74232, 72
2026/07/29 12:39:21.185, 301.00, 100, 74232, 72
2026/07/29 12:39:22.222, 302.54, 100, 74232, 72
2026/07/29 12:39:23.259, 298.33, 100, 74232, 72
2026/07/29 12:39:24.297, 297.62, 100, 74232, 72
2026/07/29 12:39:25.333, 299.88, 100, 74232, 72
2026/07/29 12:39:26.370, 300.72, 100, 74232, 72
2026/07/29 12:39:27.407, 300.74, 100, 74232, 72
2026/07/29 12:39:28.445, 288.60, 100, 74232, 72
2026/07/29 12:39:29.482, 295.40, 100, 74232, 72
2026/07/29 12:39:30.521, 303.95, 100, 74232, 72
2026/07/29 12:39:31.559, 299.86, 100, 74232, 72
2026/07/29 12:39:32.595, 295.42, 100, 74232, 72
2026/07/29 12:39:33.633, 296.08, 100, 74232, 72
2026/07/29 12:39:34.672, 298.79, 100, 74232, 72
2026/07/29 12:39:35.709, 299.85, 100, 74232, 72
2026/07/29 12:39:36.747, 301.14, 100, 74232, 72
2026/07/29 12:39:37.785, 300.74, 100, 74232, 72
2026/07/29 12:39:38.823, 298.97, 100, 74232, 72
2026/07/29 12:39:39.861, 306.73, 100, 74232, 72
2026/07/29 12:39:40.898, 305.76, 100, 74232, 72
2026/07/29 12:39:41.936, 300.92, 100, 74232, 72
2026/07/29 12:39:42.972, 294.82, 100, 74232, 72
2026/07/29 12:39:44.009, 297.31, 100, 74232, 72
2026/07/29 12:39:45.047, 307.21, 100, 74232, 72
2026/07/29 12:39:46.083, 301.02, 100, 74232, 72
2026/07/29 12:39:47.121, 296.95, 100, 74232, 72
2026/07/29 12:39:48.158, 297.73, 100, 74232, 72
2026/07/29 12:39:49.194, 299.28, 100, 74232, 72
2026/07/29 12:39:50.230, 301.12, 100, 74232, 72
2026/07/29 12:39:51.269, 299.96, 100, 74232, 72
2026/07/29 12:39:52.308, 296.48, 100, 74232, 72
2026/07/29 12:39:53.346, 300.24, 100, 74232, 72
2026/07/29 12:39:54.383, 292.88, 100, 74232, 72
2026/07/29 12:39:55.423, 300.83, 100, 74232, 72
2026/07/29 12:39:56.462, 296.73, 100, 74232, 72
2026/07/29 12:39:57.498, 299.37, 100, 74232, 72
2026/07/29 12:39:58.539, 299.59, 100, 74232, 72
2026/07/29 12:39:59.577, 300.25, 100, 74232, 72
2026/07/29 12:40:00.615, 295.88, 100, 74232, 72
2026/07/29 12:40:01.651, 301.23, 100, 74232, 72
2026/07/29 12:40:02.687, 299.00, 100, 74232, 72
2026/07/29 12:40:03.723, 300.53, 100, 74232, 72
2026/07/29 12:40:04.761, 299.29, 100, 74232, 72
2026/07/29 12:40:05.798, 300.53, 100, 74232, 72
2026/07/29 12:40:06.836, 296.08, 100, 74232, 72
2026/07/29 12:40:07.875, 299.56, 100, 74232, 72
2026/07/29 12:40:08.912, 288.69, 100, 74232, 72
2026/07/29 12:40:09.949, 292.78, 100, 74232, 72
2026/07/29 12:40:10.988, 297.73, 100, 74232, 72
2026/07/29 12:40:12.025, 301.29, 100, 74232, 72
2026/07/29 12:40:13.061, 293.08, 100, 74232, 72
2026/07/29 12:40:14.099, 292.40, 100, 74232, 72
2026/07/29 12:40:15.137, 298.89, 100, 74232, 72
2026/07/29 12:40:16.176, 301.13, 100, 74232, 72
2026/07/29 12:40:17.213, 300.93, 100, 74232, 72
2026/07/29 12:40:18.254, 301.33, 100, 74232, 72
2026/07/29 12:40:19.290, 298.19, 100, 74232, 72
2026/07/29 12:40:20.327, 299.87, 100, 74232, 72
2026/07/29 12:40:21.364, 300.04, 100, 74232, 72
2026/07/29 12:40:22.404, 300.89, 100, 74232, 72
2026/07/29 12:40:23.440, 304.50, 100, 74232, 72
2026/07/29 12:40:24.477, 298.96, 100, 74232, 72
2026/07/29 12:40:25.515, 299.17, 100, 74232, 72
2026/07/29 12:40:26.552, 300.74, 100, 74232, 72
2026/07/29 12:40:27.590, 301.60, 100, 74232, 72
2026/07/29 12:40:28.627, 301.03, 100, 74232, 72
2026/07/29 12:40:29.669, 304.88, 100, 74232, 72
2026/07/29 12:40:30.706, 298.70, 100, 74232, 72
2026/07/29 12:40:31.746, 296.56, 100, 74232, 72
2026/07/29 12:40:32.784, 300.15, 100, 74232, 72
2026/07/29 12:40:33.823, 301.04, 100, 74232, 72
2026/07/29 12:40:34.860, 301.02, 100, 74232, 72
2026/07/29 12:40:35.898, 300.55, 100, 74232, 72
2026/07/29 12:40:36.935, 297.72, 100, 74232, 72
2026/07/29 12:40:37.973, 301.40, 100, 74232, 72
2026/07/29 12:40:39.011, 298.20, 100, 74232, 72
2026/07/29 12:40:40.049, 299.45, 100, 74232, 72
2026/07/29 12:40:41.087, 300.91, 100, 74232, 72
2026/07/29 12:40:42.125, 300.55, 100, 74232, 72
2026/07/29 12:40:43.162, 301.80, 100, 74232, 72
2026/07/29 12:40:44.199, 305.58, 100, 74232, 72
2026/07/29 12:40:45.237, 294.73, 100, 74232, 72
2026/07/29 12:40:46.276, 291.39, 100, 74232, 72
2026/07/29 12:40:47.314, 299.38, 100, 74232, 72
2026/07/29 12:40:48.356, 298.48, 100, 74232, 72
2026/07/29 12:40:49.394, 300.33, 100, 74232, 72
2026/07/29 12:40:50.432, 300.94, 100, 74232, 72
2026/07/29 12:40:51.471, 299.84, 100, 74232, 72
2026/07/29 12:40:52.509, 301.03, 100, 74232, 72
2026/07/29 12:40:53.548, 298.21, 100, 74232, 72
2026/07/29 12:40:54.585, 295.79, 100, 74232, 72
2026/07/29 12:40:55.623, 299.45, 100, 74232, 72
2026/07/29 12:40:56.661, 299.85, 100, 74232, 72
2026/07/29 12:40:57.699, 299.56, 100, 74232, 72
2026/07/29 12:40:58.738, 301.30, 100, 74232, 72
2026/07/29 12:40:59.775, 297.30, 100, 74232, 72
2026/07/29 12:41:00.812, 299.27, 100, 74232, 72
2026/07/29 12:41:01.850, 298.77, 100, 74232, 72
2026/07/29 12:41:02.887, 299.96, 100, 74232, 72
2026/07/29 12:41:03.925, 301.93, 100, 74232, 72
2026/07/29 12:41:04.962, 301.71, 100, 74232, 72
2026/07/29 12:41:06.002, 304.21, 100, 74232, 72
2026/07/29 12:41:07.038, 298.70, 100, 74232, 72
2026/07/29 12:41:08.079, 296.64, 100, 74232, 72
2026/07/29 12:41:09.116, 298.81, 100, 74232, 72
2026/07/29 12:41:10.154, 301.04, 100, 74232, 72
2026/07/29 12:41:11.192, 299.95, 100, 74232, 72
2026/07/29 12:41:12.230, 301.03, 100, 74232, 72
2026/07/29 12:41:13.268, 302.01, 100, 74232, 72
2026/07/29 12:41:14.306, 297.80, 100, 74232, 72
2026/07/29 12:41:15.346, 296.88, 100, 74232, 72
2026/07/29 12:41:16.383, 298.13, 100, 74232, 72
2026/07/29 12:41:17.420, 300.05, 100, 74232, 72
2026/07/29 12:41:18.457, 299.84, 100, 74232, 72
2026/07/29 12:41:19.498, 295.29, 100, 74232, 72
2026/07/29 12:41:20.537, 301.54, 100, 74232, 72
2026/07/29 12:41:21.575, 301.99, 100, 74232, 72
2026/07/29 12:41:22.617, 303.27, 100, 74232, 72
2026/07/29 12:41:23.656, 298.58, 100, 74232, 72
2026/07/29 12:41:24.694, 290.32, 100, 74232, 72
2026/07/29 12:41:25.732, 293.82, 100, 74232, 72
2026/07/29 12:41:26.769, 300.95, 100, 74232, 72
2026/07/29 12:41:27.807, 300.71, 100, 74232, 72
2026/07/29 12:41:28.844, 300.94, 100, 74232, 72
2026/07/29 12:41:29.886, 302.02, 100, 74232, 73
2026/07/29 12:41:30.923, 302.13, 100, 74232, 73
2026/07/29 12:41:31.961, 304.81, 100, 74232, 73
2026/07/29 12:41:32.999, 298.71, 100, 74232, 73
2026/07/29 12:41:34.036, 300.62, 100, 74232, 73
2026/07/29 12:41:35.075, 296.45, 100, 74232, 72
2026/07/29 12:41:36.112, 301.11, 100, 74232, 72
2026/07/29 12:41:37.157, 301.64, 100, 74232, 73
2026/07/29 12:41:38.195, 301.43, 100, 74232, 73
2026/07/29 12:41:39.233, 301.21, 100, 74232, 73
2026/07/29 12:41:40.272, 303.95, 100, 74232, 73
2026/07/29 12:41:41.309, 302.20, 100, 74232, 73
2026/07/29 12:41:42.347, 297.15, 100, 74232, 73
2026/07/29 12:41:43.384, 299.57, 100, 74232, 73
2026/07/29 12:41:44.421, 298.87, 100, 74232, 73
2026/07/29 12:41:45.459, 298.42, 100, 74232, 73
2026/07/29 12:41:46.497, 301.20, 100, 74232, 73
2026/07/29 12:41:47.534, 300.04, 100, 74232, 72
2026/07/29 12:41:48.571, 298.01, 100, 74232, 72
2026/07/29 12:41:49.610, 298.33, 100, 74232, 72
2026/07/29 12:41:50.648, 301.52, 100, 74232, 72
2026/07/29 12:41:51.687, 302.68, 100, 74232, 72
2026/07/29 12:41:52.724, 297.51, 100, 74232, 72
2026/07/29 12:41:53.762, 301.13, 100, 74232, 72
2026/07/29 12:41:54.802, 298.56, 100, 74232, 72
2026/07/29 12:41:55.839, 300.34, 100, 74232, 72
2026/07/29 12:41:56.881, 299.06, 100, 74232, 72
2026/07/29 12:41:57.920, 300.82, 100, 74232, 72
2026/07/29 12:41:58.956, 301.33, 100, 74232, 72
2026/07/29 12:41:59.994, 302.28, 100, 74232, 72
2026/07/29 12:42:01.033, 301.22, 100, 74232, 72
2026/07/29 12:42:02.072, 302.67, 100, 74232, 72
2026/07/29 12:42:03.110, 297.35, 100, 74232, 72
2026/07/29 12:42:04.146, 299.75, 100, 74232, 72
2026/07/29 12:42:05.184, 291.60, 100, 74232, 72
2026/07/29 12:42:06.225, 292.75, 100, 74232, 72
2026/07/29 12:42:07.264, 294.97, 100, 74232, 72
2026/07/29 12:42:08.301, 296.16, 100, 74232, 72
2026/07/29 12:42:09.341, 300.72, 100, 74232, 72
2026/07/29 12:42:10.379, 292.94, 100, 74232, 72
2026/07/29 12:42:11.418, 300.63, 100, 74232, 72
2026/07/29 12:42:12.455, 303.64, 100, 74232, 72
2026/07/29 12:42:13.495, 301.78, 100, 74232, 72
2026/07/29 12:42:14.533, 294.22, 100, 74232, 72
2026/07/29 12:42:15.570, 298.80, 100, 74232, 72
2026/07/29 12:42:16.608, 301.42, 100, 74232, 72
2026/07/29 12:42:17.644, 298.69, 100, 74232, 72
2026/07/29 12:42:18.682, 300.05, 100, 74232, 72
2026/07/29 12:42:19.718, 301.71, 100, 74232, 72
2026/07/29 12:42:20.757, 300.14, 100, 74232, 72
2026/07/29 12:42:21.794, 300.64, 100, 74232, 72
2026/07/29 12:42:22.835, 295.02, 100, 74232, 72
2026/07/29 12:42:23.876, 289.76, 100, 74232, 72
2026/07/29 12:42:24.913, 295.50, 100, 74232, 72
2026/07/29 12:42:25.955, 289.46, 100, 74232, 72
2026/07/29 12:42:26.995, 301.14, 100, 74232, 72
2026/07/29 12:42:28.032, 296.95, 100, 74232, 72
2026/07/29 12:42:29.071, 299.36, 100, 74232, 72
2026/07/29 12:42:30.108, 288.04, 100, 74232, 72
2026/07/29 12:42:31.146, 287.35, 100, 74232, 72
2026/07/29 12:42:32.184, 299.45, 100, 74232, 72
2026/07/29 12:42:33.221, 297.63, 100, 74232, 72
2026/07/29 12:42:34.258, 299.59, 100, 74232, 72
2026/07/29 12:42:35.297, 301.71, 100, 74232, 72
2026/07/29 12:42:36.335, 299.36, 100, 74232, 72
2026/07/29 12:42:37.372, 300.51, 100, 74232, 72
2026/07/29 12:42:38.410, 301.22, 100, 74232, 72
2026/07/29 12:42:39.448, 302.01, 100, 74232, 72
2026/07/29 12:42:40.488, 301.21, 100, 74232, 72
2026/07/29 12:42:41.525, 301.61, 100, 74232, 72
2026/07/29 12:42:42.563, 303.14, 100, 74232, 72
2026/07/29 12:42:43.600, 301.11, 100, 74232, 72
2026/07/29 12:42:44.637, 301.00, 100, 74232, 72
2026/07/29 12:42:45.675, 296.76, 100, 74232, 72
2026/07/29 12:42:46.713, 290.63, 100, 74232, 72
2026/07/29 12:42:47.751, 291.11, 100, 74232, 72
2026/07/29 12:42:48.790, 288.88, 100, 74232, 72
2026/07/29 12:42:49.834, 300.75, 100, 74232, 72
2026/07/29 12:42:50.874, 288.97, 100, 74232, 72
2026/07/29 12:42:51.912, 297.64, 100, 74232, 72
2026/07/29 12:42:52.950, 304.03, 100, 74232, 72
2026/07/29 12:42:53.986, 298.50, 100, 74232, 72
2026/07/29 12:42:55.025, 300.15, 100, 74232, 72
2026/07/29 12:42:56.062, 298.77, 100, 74232, 72
2026/07/29 12:42:57.099, 298.50, 100, 74232, 73
2026/07/29 12:42:58.136, 299.87, 100, 74232, 72
2026/07/29 12:42:59.174, 299.47, 100, 74232, 73
2026/07/29 12:43:00.212, 299.76, 100, 74232, 73
2026/07/29 12:43:01.249, 301.11, 100, 74232, 72
2026/07/29 12:43:02.288, 302.08, 100, 74232, 72
2026/07/29 12:43:03.326, 288.00, 100, 74232, 72
2026/07/29 12:43:04.364, 292.67, 100, 74232, 72
2026/07/29 12:43:05.402, 294.14, 100, 74232, 72
2026/07/29 12:43:06.439, 296.27, 100, 74232, 72
2026/07/29 12:43:07.476, 301.01, 100, 74232, 73
2026/07/29 12:43:08.513, 300.64, 100, 74232, 73
2026/07/29 12:43:09.552, 296.18, 100, 74232, 73
2026/07/29 12:43:10.589, 296.64, 100, 74232, 73
2026/07/29 12:43:11.631, 301.13, 100, 74232, 73
2026/07/29 12:43:12.671, 301.12, 100, 74232, 73
2026/07/29 12:43:13.708, 302.15, 100, 74232, 73
2026/07/29 12:43:14.746, 301.63, 100, 74232, 73
2026/07/29 12:43:15.782, 302.65, 100, 74232, 73
2026/07/29 12:43:16.820, 301.31, 100, 74232, 73
2026/07/29 12:43:17.857, 297.89, 100, 74232, 73
2026/07/29 12:43:18.895, 298.96, 100, 74232, 73
2026/07/29 12:43:19.932, 290.34, 100, 74232, 73
2026/07/29 12:43:20.969, 290.92, 100, 74232, 73
2026/07/29 12:43:22.007, 292.85, 100, 74232, 73
2026/07/29 12:43:23.045, 296.27, 100, 74232, 73
2026/07/29 12:43:24.082, 299.68, 100, 74232, 73
2026/07/29 12:43:25.120, 298.01, 100, 74232, 73
2026/07/29 12:43:26.158, 298.66, 100, 74232, 73
2026/07/29 12:43:27.195, 300.33, 100, 74232, 73
2026/07/29 12:43:28.232, 300.55, 100, 74232, 73
2026/07/29 12:43:29.269, 299.55, 100, 74232, 73
2026/07/29 12:43:30.308, 300.06, 100, 74232, 73
2026/07/29 12:43:31.346, 300.83, 100, 74232, 73
2026/07/29 12:43:32.384, 302.01, 100, 74232, 73
2026/07/29 12:43:33.424, 299.94, 100, 74232, 73
2026/07/29 12:43:34.461, 302.17, 100, 74232, 73
2026/07/29 12:43:35.498, 301.52, 100, 74232, 73
2026/07/29 12:43:36.535, 301.39, 100, 74232, 73
2026/07/29 12:43:37.572, 301.69, 100, 74232, 73
2026/07/29 12:43:38.610, 301.99, 100, 74232, 73
2026/07/29 12:43:39.649, 300.73, 100, 74232, 73
2026/07/29 12:43:40.692, 295.21, 100, 74232, 73
2026/07/29 12:43:41.730, 290.93, 100, 74232, 73
2026/07/29 12:43:42.767, 291.41, 100, 74232, 73
2026/07/29 12:43:43.805, 293.94, 100, 74232, 73
2026/07/29 12:43:44.843, 99.26, 0, 74232, 69
2026/07/29 12:43:45.877, 293.08, 100, 74232, 74
2026/07/29 12:43:46.914, 295.16, 100, 74232, 74
2026/07/29 12:43:47.949, 286.09, 100, 74232, 74
2026/07/29 12:43:48.986, 298.40, 100, 74232, 74
2026/07/29 12:43:50.024, 306.34, 100, 74232, 74
2026/07/29 12:43:51.059, 286.67, 100, 74232, 74
2026/07/29 12:43:52.095, 297.75, 100, 74232, 74
2026/07/29 12:43:53.131, 300.25, 100, 74232, 72
2026/07/29 12:43:54.168, 300.45, 100, 74232, 72
2026/07/29 12:43:55.205, 301.63, 100, 74232, 72
2026/07/29 12:43:56.246, 299.18, 100, 74232, 73
2026/07/29 12:43:57.289, 293.93, 100, 74232, 73
2026/07/29 12:43:58.327, 299.97, 100, 74232, 73
2026/07/29 12:43:59.363, 302.05, 100, 74232, 73
2026/07/29 12:44:00.403, 302.00, 100, 74232, 73
2026/07/29 12:44:01.439, 298.87, 100, 74232, 73
2026/07/29 12:44:02.480, 301.71, 100, 74232, 73
2026/07/29 12:44:03.517, 300.06, 100, 74232, 73
2026/07/29 12:44:04.555, 301.61, 100, 74232, 73
2026/07/29 12:44:05.592, 297.05, 100, 74232, 73
2026/07/29 12:44:06.628, 299.86, 100, 74232, 73
2026/07/29 12:44:07.666, 292.95, 100, 74232, 73
2026/07/29 12:44:08.704, 301.79, 100, 74232, 73
2026/07/29 12:44:09.743, 291.03, 100, 74232, 73
2026/07/29 12:44:10.783, 294.71, 100, 74232, 73
2026/07/29 12:44:11.823, 296.26, 100, 74232, 73
2026/07/29 12:44:12.861, 298.51, 100, 74232, 73
2026/07/29 12:44:13.898, 99.64, 0, 74232, 70
2026/07/29 12:44:14.963, 304.31, 100, 74232, 73
2026/07/29 12:44:16.000, 301.31, 100, 74232, 73
2026/07/29 12:44:17.038, 300.93, 100, 74232, 73
2026/07/29 12:44:18.075, 303.61, 100, 74232, 73
2026/07/29 12:44:19.113, 302.40, 100, 74232, 73
2026/07/29 12:44:20.150, 301.20, 100, 74232, 73
2026/07/29 12:44:21.188, 296.36, 100, 74232, 73
2026/07/29 12:44:22.226, 300.16, 100, 74232, 73
2026/07/29 12:44:23.265, 298.41, 100, 74232, 73
2026/07/29 12:44:24.303, 299.27, 100, 74232, 73
2026/07/29 12:44:25.343, 301.89, 100, 74232, 73
2026/07/29 12:44:26.380, 301.01, 100, 74232, 73
2026/07/29 12:44:27.419, 301.50, 100, 74232, 73
2026/07/29 12:44:28.456, 300.06, 100, 74232, 73
2026/07/29 12:44:29.497, 300.83, 100, 74232, 73
2026/07/29 12:44:30.535, 298.99, 100, 74232, 73
2026/07/29 12:44:31.572, 303.73, 100, 74232, 73
2026/07/29 12:44:32.609, 299.85, 100, 74232, 73
2026/07/29 12:44:33.646, 300.14, 100, 74232, 73
2026/07/29 12:44:34.684, 299.56, 100, 74232, 73
2026/07/29 12:44:35.722, 299.47, 100, 74232, 73
2026/07/29 12:44:36.761, 300.06, 100, 74232, 73
2026/07/29 12:44:37.798, 300.25, 100, 74232, 73
2026/07/29 12:44:38.839, 299.80, 100, 74232, 73
2026/07/29 12:44:39.876, 296.07, 100, 74232, 72
2026/07/29 12:44:40.914, 301.03, 100, 74232, 73
2026/07/29 12:44:41.952, 303.44, 100, 74232, 72
2026/07/29 12:44:42.989, 297.52, 100, 74232, 72
2026/07/29 12:44:44.027, 296.35, 100, 74232, 73
2026/07/29 12:44:45.064, 293.92, 100, 74232, 72
2026/07/29 12:44:46.102, 306.01, 100, 74232, 73
2026/07/29 12:44:47.146, 298.58, 100, 74232, 72
2026/07/29 12:44:48.184, 299.08, 100, 74232, 72
2026/07/29 12:44:49.222, 296.17, 100, 74232, 72
2026/07/29 12:44:50.261, 299.58, 100, 74232, 72
2026/07/29 12:44:51.299, 299.20, 100, 74232, 72
2026/07/29 12:44:52.336, 300.44, 100, 74232, 72
2026/07/29 12:44:53.376, 300.74, 100, 74232, 72
2026/07/29 12:44:54.413, 294.44, 100, 74232, 72
2026/07/29 12:44:55.451, 299.80, 100, 74232, 72
2026/07/29 12:44:56.489, 299.08, 100, 74232, 72
2026/07/29 12:44:57.528, 300.57, 100, 74232, 72
2026/07/29 12:44:58.565, 305.91, 100, 74232, 72
2026/07/29 12:44:59.602, 299.57, 100, 74232, 72
2026/07/29 12:45:00.638, 299.19, 100, 74232, 72
2026/07/29 12:45:01.676, 306.34, 100, 74232, 72
2026/07/29 12:45:02.714, 294.42, 100, 74232, 72
2026/07/29 12:45:03.752, 301.30, 100, 74232, 72
2026/07/29 12:45:04.791, 300.44, 100, 74232, 72
2026/07/29 12:45:05.829, 299.07, 100, 74232, 72
2026/07/29 12:45:06.866, 298.13, 100, 74232, 72
2026/07/29 12:45:07.902, 301.82, 100, 74232, 72
2026/07/29 12:45:08.940, 295.87, 100, 74232, 72
2026/07/29 12:45:09.978, 299.98, 100, 74232, 72
2026/07/29 12:45:11.014, 301.58, 100, 74232, 72
2026/07/29 12:45:12.051, 301.42, 100, 74232, 72
2026/07/29 12:45:13.089, 295.02, 100, 74232, 72
2026/07/29 12:45:14.127, 296.28, 100, 74232, 72
2026/07/29 12:45:15.165, 297.34, 100, 74232, 72
2026/07/29 12:45:16.207, 299.68, 100, 74232, 72
2026/07/29 12:45:17.245, 303.16, 100, 74232, 72
2026/07/29 12:45:18.285, 297.53, 100, 74232, 72
2026/07/29 12:45:19.322, 305.20, 100, 74232, 72
2026/07/29 12:45:20.360, 305.48, 100, 74232, 72
2026/07/29 12:45:21.400, 306.21, 100, 74232, 72
2026/07/29 12:45:22.437, 304.63, 100, 74232, 72
2026/07/29 12:45:23.474, 304.90, 100, 74232, 72
2026/07/29 12:45:24.513, 305.94, 100, 74232, 72
2026/07/29 12:45:25.551, 300.83, 100, 74232, 72
2026/07/29 12:45:26.589, 301.13, 100, 74232, 72
2026/07/29 12:45:27.626, 302.78, 100, 74232, 72
2026/07/29 12:45:28.663, 299.28, 100, 74232, 72
2026/07/29 12:45:29.701, 303.85, 100, 74232, 72
2026/07/29 12:45:30.738, 299.59, 100, 74232, 72
2026/07/29 12:45:31.776, 300.23, 100, 74232, 72
2026/07/29 12:45:32.814, 302.77, 100, 74232, 72
2026/07/29 12:45:33.851, 299.07, 100, 74232, 72
2026/07/29 12:45:34.890, 294.93, 100, 74232, 72
2026/07/29 12:45:35.927, 297.44, 100, 74232, 72
2026/07/29 12:45:36.965, 303.85, 100, 74232, 72
2026/07/29 12:45:38.004, 305.02, 100, 74232, 72
2026/07/29 12:45:39.043, 298.89, 100, 74232, 72
2026/07/29 12:45:40.080, 300.93, 100, 74232, 72
2026/07/29 12:45:41.117, 299.01, 100, 74232, 72
2026/07/29 12:45:42.154, 304.39, 100, 74232, 72
2026/07/29 12:45:43.191, 304.23, 100, 74232, 72
2026/07/29 12:45:44.229, 302.10, 100, 74232, 72
2026/07/29 12:45:45.267, 297.11, 100, 74232, 72
2026/07/29 12:45:46.305, 294.92, 100, 74232, 72
2026/07/29 12:45:47.343, 306.41, 100, 74232, 72
2026/07/29 12:45:48.381, 307.83, 100, 74232, 72
2026/07/29 12:45:49.420, 295.60, 100, 74232, 72
2026/07/29 12:45:50.457, 300.44, 100, 74232, 72
2026/07/29 12:45:51.494, 307.55, 100, 74232, 72
2026/07/29 12:45:52.533, 307.23, 100, 74232, 72
2026/07/29 12:45:53.570, 298.50, 100, 74232, 72
2026/07/29 12:45:54.608, 305.29, 100, 74232, 72
2026/07/29 12:45:55.646, 293.35, 100, 74232, 72
2026/07/29 12:45:56.684, 311.38, 100, 74232, 72
2026/07/29 12:45:57.722, 298.02, 100, 74232, 72
2026/07/29 12:45:58.761, 299.47, 100, 74232, 72
2026/07/29 12:45:59.798, 295.78, 100, 74232, 72
2026/07/29 12:46:00.837, 292.86, 100, 74232, 72
2026/07/29 12:46:01.875, 287.71, 100, 74232, 72
2026/07/29 12:46:02.917, 296.46, 100, 74232, 72
2026/07/29 12:46:03.955, 295.19, 100, 74232, 72
2026/07/29 12:46:04.993, 297.53, 100, 74232, 72
2026/07/29 12:46:06.030, 303.15, 100, 74232, 72
2026/07/29 12:46:07.067, 298.90, 100, 74232, 72
2026/07/29 12:46:08.106, 299.28, 100, 74232, 72
2026/07/29 12:46:09.144, 305.48, 100, 74232, 72
2026/07/29 12:46:10.182, 303.16, 100, 74232, 72
2026/07/29 12:46:11.220, 298.20, 100, 74232, 72
2026/07/29 12:46:12.265, 294.71, 100, 74232, 72
2026/07/29 12:46:13.303, 295.49, 100, 74232, 72
2026/07/29 12:46:14.340, 296.27, 100, 74232, 72
2026/07/29 12:46:15.380, 295.10, 100, 74232, 72
2026/07/29 12:46:16.417, 306.65, 100, 74232, 72
2026/07/29 12:46:17.456, 304.42, 100, 74232, 72
2026/07/29 12:46:18.494, 303.83, 100, 74232, 72
2026/07/29 12:46:19.531, 299.84, 100, 74232, 72
2026/07/29 12:46:20.569, 300.33, 100, 74232, 72
2026/07/29 12:46:21.606, 300.65, 100, 74232, 72
2026/07/29 12:46:22.647, 295.58, 100, 74232, 72
2026/07/29 12:46:23.685, 308.19, 100, 74232, 72
2026/07/29 12:46:24.723, 301.51, 100, 74232, 72
2026/07/29 12:46:25.760, 304.60, 100, 74232, 72
2026/07/29 12:46:26.796, 302.11, 100, 74232, 72
2026/07/29 12:46:27.834, 304.70, 100, 74232, 72
2026/07/29 12:46:28.875, 306.35, 100, 74232, 72
2026/07/29 12:46:29.915, 302.27, 100, 74232, 72
2026/07/29 12:46:30.953, 298.70, 100, 74232, 72
2026/07/29 12:46:31.992, 305.38, 100, 74232, 72
2026/07/29 12:46:33.029, 305.80, 100, 74232, 72
2026/07/29 12:46:34.068, 304.02, 100, 74232, 72
2026/07/29 12:46:35.107, 307.65, 100, 74232, 72
2026/07/29 12:46:36.150, 301.33, 100, 74232, 72
2026/07/29 12:46:37.189, 300.15, 100, 74232, 72
2026/07/29 12:46:38.231, 298.14, 100, 74232, 72
2026/07/29 12:46:39.269, 297.55, 100, 74232, 72
2026/07/29 12:46:40.307, 292.30, 100, 74232, 72
2026/07/29 12:46:41.345, 301.31, 100, 74232, 72
2026/07/29 12:46:42.389, 299.84, 100, 74232, 72
2026/07/29 12:46:43.428, 299.18, 100, 74232, 72
2026/07/29 12:46:44.465, 300.15, 100, 74232, 72
2026/07/29 12:46:45.509, 299.30, 100, 74232, 72
2026/07/29 12:46:46.547, 299.58, 100, 74232, 72
2026/07/29 12:46:47.584, 296.17, 100, 74232, 72
2026/07/29 12:46:48.623, 295.40, 100, 74232, 72
2026/07/29 12:46:49.661, 299.36, 100, 74232, 72
2026/07/29 12:46:50.701, 295.09, 100, 74232, 72
2026/07/29 12:46:51.738, 296.38, 100, 74232, 72
2026/07/29 12:46:52.779, 303.75, 100, 74232, 72
2026/07/29 12:46:53.817, 291.58, 100, 74232, 72
2026/07/29 12:46:54.855, 299.09, 100, 74232, 72
2026/07/29 12:46:55.895, 290.92, 100, 74232, 72
2026/07/29 12:46:56.933, 297.04, 100, 74232, 72
2026/07/29 12:46:57.970, 298.30, 100, 74232, 72
2026/07/29 12:46:59.008, 297.74, 100, 74232, 72
2026/07/29 12:47:00.050, 296.97, 100, 74232, 72
2026/07/29 12:47:01.088, 298.12, 100, 74232, 72
2026/07/29 12:47:02.126, 300.74, 100, 74232, 72
2026/07/29 12:47:03.164, 299.29, 100, 74232, 72
2026/07/29 12:47:04.202, 299.30, 100, 74232, 72
2026/07/29 12:47:05.240, 299.47, 100, 74232, 72
2026/07/29 12:47:06.276, 299.28, 100, 74232, 72
2026/07/29 12:47:07.315, 304.22, 100, 74232, 72
2026/07/29 12:47:08.355, 300.15, 100, 74232, 72
2026/07/29 12:47:09.393, 298.60, 100, 74232, 72
2026/07/29 12:47:10.430, 294.23, 100, 74232, 72
2026/07/29 12:47:11.472, 295.86, 100, 74232, 72
2026/07/29 12:47:12.510, 301.41, 100, 74232, 72
2026/07/29 12:47:13.548, 298.59, 100, 74232, 72
2026/07/29 12:47:14.589, 300.44, 100, 74232, 72
2026/07/29 12:47:15.627, 292.98, 100, 74232, 72
2026/07/29 12:47:16.665, 302.38, 100, 74232, 72
2026/07/29 12:47:17.703, 296.44, 100, 74232, 72
2026/07/29 12:47:18.743, 304.33, 100, 74232, 72
2026/07/29 12:47:19.783, 298.61, 100, 74232, 72
2026/07/29 12:47:20.822, 305.37, 100, 74232, 72
2026/07/29 12:47:21.860, 305.35, 100, 74232, 72
2026/07/29 12:47:22.901, 290.94, 100, 74232, 72
2026/07/29 12:47:23.939, 295.59, 100, 74232, 72
2026/07/29 12:47:24.977, 299.64, 100, 74232, 72
2026/07/29 12:47:26.014, 297.92, 100, 74232, 72
2026/07/29 12:47:27.053, 299.75, 100, 74232, 72
2026/07/29 12:47:28.091, 305.28, 100, 74232, 72
2026/07/29 12:47:29.130, 297.24, 100, 74232, 72
2026/07/29 12:47:30.168, 298.22, 100, 74232, 72
2026/07/29 12:47:31.213, 299.09, 100, 74232, 72
2026/07/29 12:47:32.254, 305.49, 100, 74232, 72
2026/07/29 12:47:33.291, 299.26, 100, 74232, 72
2026/07/29 12:47:34.331, 299.19, 100, 74232, 72
2026/07/29 12:47:35.369, 305.87, 100, 74232, 72
2026/07/29 12:47:36.406, 304.69, 100, 74232, 72
2026/07/29 12:47:37.445, 299.68, 100, 74232, 72
2026/07/29 12:47:38.482, 297.74, 100, 74232, 72
2026/07/29 12:47:39.520, 298.77, 99, 74232, 73
2026/07/29 12:47:40.555, 301.47, 100, 74232, 74
2026/07/29 12:47:41.590, 295.84, 100, 74232, 74
2026/07/29 12:47:42.625, 265.12, 100, 74232, 73
2026/07/29 12:47:43.664, 301.00, 100, 74232, 74
2026/07/29 12:47:44.699, 282.54, 100, 74232, 72
2026/07/29 12:47:45.737, 286.35, 100, 74232, 72
2026/07/29 12:47:46.778, 297.22, 100, 74232, 72
2026/07/29 12:47:47.815, 295.41, 100, 74232, 72
2026/07/29 12:47:48.859, 300.61, 100, 74232, 72
2026/07/29 12:47:49.898, 97.82, 99, 74232, 70
2026/07/29 12:47:50.931, 292.85, 100, 74232, 73
2026/07/29 12:47:51.968, 301.15, 100, 74232, 74
2026/07/29 12:47:53.005, 293.64, 100, 74232, 74
2026/07/29 12:47:54.044, 304.77, 100, 74232, 74
2026/07/29 12:47:55.079, 292.40, 100, 74232, 74
2026/07/29 12:47:56.118, 299.28, 100, 74232, 72
2026/07/29 12:47:57.156, 301.39, 100, 74232, 72
2026/07/29 12:47:58.195, 298.30, 100, 74232, 72
2026/07/29 12:47:59.233, 299.76, 100, 74232, 72
2026/07/29 12:48:00.273, 291.42, 100, 74232, 74
2026/07/29 12:48:01.308, 306.17, 100, 74232, 74
2026/07/29 12:48:02.344, 310.21, 100, 74232, 74
2026/07/29 12:48:03.378, 312.65, 100, 74232, 75
2026/07/29 12:48:04.413, 291.40, 100, 74232, 75
2026/07/29 12:48:05.449, 299.28, 100, 74232, 73
2026/07/29 12:48:06.489, 297.27, 100, 74232, 73
2026/07/29 12:48:07.527, 301.03, 100, 74232, 73
2026/07/29 12:48:08.564, 299.88, 100, 74232, 73
2026/07/29 12:48:09.602, 298.48, 100, 74232, 75
2026/07/29 12:48:10.638, 299.76, 100, 74232, 75
2026/07/29 12:48:11.674, 296.48, 100, 74232, 75
2026/07/29 12:48:12.715, 290.35, 100, 74232, 75
2026/07/29 12:48:13.751, 290.21, 100, 74232, 75
2026/07/29 12:48:14.786, 305.30, 100, 74232, 75
2026/07/29 12:48:15.824, 301.91, 100, 74232, 73
2026/07/29 12:48:16.861, 300.22, 100, 74232, 73
2026/07/29 12:48:17.902, 301.61, 100, 74232, 73
2026/07/29 12:48:18.940, 302.27, 100, 74232, 73
2026/07/29 12:48:19.977, 298.30, 100, 74232, 73
2026/07/29 12:48:21.017, 295.78, 100, 74232, 73
2026/07/29 12:48:22.055, 301.61, 100, 74232, 74
2026/07/29 12:48:23.092, 302.19, 100, 74232, 74
2026/07/29 12:48:24.131, 300.16, 100, 74232, 74
2026/07/29 12:48:25.169, 301.42, 100, 74232, 74
2026/07/29 12:48:26.207, 301.89, 100, 74232, 73
2026/07/29 12:48:27.245, 300.04, 100, 74232, 73
2026/07/29 12:48:28.284, 299.84, 100, 74232, 73
2026/07/29 12:48:29.321, 302.21, 100, 74232, 73
2026/07/29 12:48:30.361, 298.67, 100, 74232, 73
2026/07/29 12:48:31.399, 299.44, 100, 74232, 73
2026/07/29 12:48:32.436, 302.18, 100, 74232, 73
2026/07/29 12:48:33.474, 306.33, 100, 74232, 73
2026/07/29 12:48:34.511, 296.10, 100, 74232, 73
2026/07/29 12:48:35.549, 297.03, 100, 74232, 74
2026/07/29 12:48:36.583, 292.77, 100, 74232, 74
2026/07/29 12:48:37.619, 275.88, 100, 74232, 74
2026/07/29 12:48:38.656, 282.79, 100, 74232, 74
2026/07/29 12:48:39.691, 315.13, 100, 74232, 75
2026/07/29 12:48:40.728, 310.48, 100, 74232, 75
2026/07/29 12:48:41.766, 297.32, 100, 74232, 73
2026/07/29 12:48:42.804, 300.25, 100, 74232, 73
2026/07/29 12:48:43.844, 297.63, 100, 74232, 73
2026/07/29 12:48:44.882, 300.72, 100, 74232, 73
2026/07/29 12:48:45.920, 301.21, 100, 74232, 73
2026/07/29 12:48:46.958, 99.38, 0, 74232, 70
2026/07/29 12:48:48.057, 291.33, 100, 74232, 74
2026/07/29 12:48:49.093, 314.46, 100, 74232, 75
2026/07/29 12:48:50.130, 311.19, 100, 74232, 74
2026/07/29 12:48:51.169, 316.21, 100, 74232, 75
2026/07/29 12:48:52.204, 303.45, 100, 74232, 74
2026/07/29 12:48:53.239, 302.04, 100, 74232, 75
2026/07/29 12:48:54.279, 297.05, 100, 74232, 73
2026/07/29 12:48:55.317, 298.71, 100, 74232, 73
2026/07/29 12:48:56.354, 301.01, 100, 74232, 73
2026/07/29 12:48:57.393, 303.35, 100, 74232, 73
2026/07/29 12:48:58.431, 303.57, 100, 74232, 75
2026/07/29 12:48:59.468, 308.75, 100, 74232, 75
2026/07/29 12:49:00.504, 310.71, 100, 74232, 75
2026/07/29 12:49:01.539, 306.97, 100, 74232, 75
2026/07/29 12:49:02.578, 270.70, 100, 74232, 75
2026/07/29 12:49:03.614, 295.45, 100, 74232, 75
2026/07/29 12:49:04.651, 260.18, 100, 74232, 73
2026/07/29 12:49:05.693, 291.88, 100, 74232, 73
2026/07/29 12:49:06.732, 292.97, 100, 74232, 73
2026/07/29 12:49:07.768, 296.75, 100, 74232, 73
2026/07/29 12:49:08.808, 296.66, 100, 74232, 74
2026/07/29 12:49:09.845, 293.07, 100, 74232, 74
2026/07/29 12:49:10.884, 295.30, 100, 74232, 74
2026/07/29 12:49:11.922, 301.81, 100, 74232, 74
2026/07/29 12:49:12.960, 297.55, 100, 74232, 74
2026/07/29 12:49:13.999, 300.08, 100, 74232, 74
2026/07/29 12:49:15.038, 301.70, 100, 74232, 74
2026/07/29 12:49:16.075, 303.35, 100, 74232, 74
2026/07/29 12:49:17.112, 300.31, 100, 74232, 74
2026/07/29 12:49:18.149, 302.93, 100, 74232, 74
2026/07/29 12:49:19.188, 296.95, 100, 74232, 74
2026/07/29 12:49:20.221, 301.88, 100, 74232, 74
2026/07/29 12:49:21.259, 298.02, 100, 74232, 74
2026/07/29 12:49:22.301, 302.55, 100, 74232, 74
2026/07/29 12:49:23.338, 303.40, 100, 74232, 73
2026/07/29 12:49:24.376, 301.42, 100, 74232, 73
2026/07/29 12:49:25.414, 298.88, 100, 74232, 73
2026/07/29 12:49:26.451, 299.30, 100, 74232, 73
2026/07/29 12:49:27.489, 303.57, 100, 74232, 74
2026/07/29 12:49:28.526, 297.04, 100, 74232, 73
2026/07/29 12:49:29.570, 299.57, 100, 74232, 73
2026/07/29 12:49:30.608, 297.62, 100, 74232, 73
2026/07/29 12:49:31.646, 297.04, 100, 74232, 73
2026/07/29 12:49:32.688, 301.68, 100, 74232, 73
2026/07/29 12:49:33.727, 297.92, 100, 74232, 73
2026/07/29 12:49:34.764, 299.08, 100, 74232, 73
2026/07/29 12:49:35.803, 298.49, 100, 74232, 73
2026/07/29 12:49:36.840, 300.30, 100, 74232, 73
2026/07/29 12:49:37.880, 296.47, 100, 74232, 73
2026/07/29 12:49:38.919, 298.11, 100, 74232, 73
2026/07/29 12:49:39.958, 301.13, 100, 74232, 73
2026/07/29 12:49:40.996, 301.70, 100, 74232, 73
2026/07/29 12:49:42.034, 299.47, 100, 74232, 73
2026/07/29 12:49:43.072, 295.30, 100, 74232, 73
2026/07/29 12:49:44.110, 301.83, 100, 74232, 73
2026/07/29 12:49:45.147, 291.99, 100, 74232, 73
2026/07/29 12:49:46.186, 301.23, 100, 74232, 73
2026/07/29 12:49:47.224, 290.72, 100, 74232, 73
2026/07/29 12:49:48.266, 299.38, 100, 74232, 73
2026/07/29 12:49:49.304, 300.26, 100, 74232, 73
2026/07/29 12:49:50.342, 300.61, 100, 74232, 73
2026/07/29 12:49:51.380, 301.09, 100, 74232, 73
2026/07/29 12:49:52.417, 300.61, 100, 74232, 73
2026/07/29 12:49:53.456, 301.52, 100, 74232, 73
2026/07/29 12:49:54.494, 301.11, 100, 74232, 73
2026/07/29 12:49:55.532, 300.26, 100, 74232, 73
2026/07/29 12:49:56.571, 296.19, 100, 74232, 73
2026/07/29 12:49:57.611, 304.77, 100, 74232, 73
2026/07/29 12:49:58.649, 295.99, 100, 74232, 73
2026/07/29 12:49:59.692, 297.83, 100, 74232, 73
2026/07/29 12:50:00.729, 300.85, 100, 74232, 73
2026/07/29 12:50:01.766, 300.34, 100, 74232, 73
2026/07/29 12:50:02.804, 306.56, 100, 74232, 73
2026/07/29 12:50:03.845, 299.56, 100, 74232, 73
2026/07/29 12:50:04.884, 300.83, 100, 74232, 73
2026/07/29 12:50:05.921, 300.71, 100, 74232, 73
2026/07/29 12:50:06.959, 301.23, 100, 74232, 73
2026/07/29 12:50:07.996, 300.96, 100, 74232, 72
2026/07/29 12:50:09.033, 299.28, 100, 74232, 72
2026/07/29 12:50:10.071, 295.59, 100, 74232, 72
2026/07/29 12:50:11.108, 298.71, 100, 74232, 72
2026/07/29 12:50:12.147, 297.42, 100, 74232, 72
2026/07/29 12:50:13.185, 297.35, 100, 74232, 72
2026/07/29 12:50:14.223, 305.67, 100, 74232, 72
2026/07/29 12:50:15.260, 304.80, 100, 74232, 73
2026/07/29 12:50:16.301, 306.54, 100, 74232, 73
2026/07/29 12:50:17.341, 300.62, 100, 74232, 73
2026/07/29 12:50:18.378, 299.96, 100, 74232, 72
2026/07/29 12:50:19.416, 300.13, 100, 74232, 72
2026/07/29 12:50:20.456, 300.14, 100, 74232, 72
2026/07/29 12:50:21.499, 299.65, 100, 74232, 72
2026/07/29 12:50:22.538, 306.82, 100, 74232, 73
2026/07/29 12:50:23.576, 302.86, 100, 74232, 73
2026/07/29 12:50:24.617, 308.87, 100, 74232, 73
2026/07/29 12:50:25.656, 308.28, 100, 74232, 73
2026/07/29 12:50:26.696, 300.02, 100, 74232, 73
2026/07/29 12:50:27.733, 306.62, 100, 74232, 73
2026/07/29 12:50:28.770, 301.60, 100, 74232, 73
2026/07/29 12:50:29.808, 303.44, 100, 74232, 73
2026/07/29 12:50:30.845, 295.68, 100, 74232, 73
2026/07/29 12:50:31.884, 299.96, 100, 74232, 73
2026/07/29 12:50:32.920, 303.86, 100, 74232, 73
2026/07/29 12:50:33.958, 296.86, 100, 74232, 73
2026/07/29 12:50:34.994, 300.15, 100, 74232, 73
2026/07/29 12:50:36.033, 300.26, 100, 74232, 73
2026/07/29 12:50:37.070, 309.00, 100, 74232, 73
2026/07/29 12:50:38.108, 299.18, 100, 74232, 73
2026/07/29 12:50:39.145, 299.16, 100, 74232, 74
2026/07/29 12:50:40.184, 302.90, 100, 74232, 74
2026/07/29 12:50:41.219, 308.60, 100, 74232, 74
2026/07/29 12:50:42.256, 302.07, 100, 74232, 74
2026/07/29 12:50:43.291, 310.99, 100, 74232, 74
2026/07/29 12:50:44.327, 279.52, 100, 74232, 74
2026/07/29 12:50:45.363, 301.49, 100, 74232, 73
2026/07/29 12:50:46.402, 297.04, 100, 74232, 73
2026/07/29 12:50:47.440, 301.79, 100, 74232, 73
2026/07/29 12:50:48.477, 301.27, 100, 74232, 73
2026/07/29 12:50:49.517, 304.10, 100, 74232, 75
2026/07/29 12:50:50.553, 297.45, 100, 74232, 74
2026/07/29 12:50:51.589, 300.45, 100, 74232, 75
2026/07/29 12:50:52.625, 299.05, 100, 74232, 75
2026/07/29 12:50:53.660, 287.42, 100, 74232, 75
2026/07/29 12:50:54.695, 296.71, 100, 74232, 74
2026/07/29 12:50:55.737, 301.29, 100, 74232, 75
2026/07/29 12:50:56.773, 301.31, 100, 74232, 73
2026/07/29 12:50:57.810, 298.22, 100, 74232, 73
2026/07/29 12:50:58.848, 301.49, 100, 74232, 73
2026/07/29 12:50:59.885, 302.20, 100, 74232, 73
2026/07/29 12:51:00.923, 300.76, 100, 74232, 73
2026/07/29 12:51:01.962, 296.07, 100, 74232, 73
2026/07/29 12:51:03.000, 297.33, 100, 74232, 73
2026/07/29 12:51:04.038, 296.98, 100, 74232, 73
2026/07/29 12:51:05.076, 301.50, 100, 74232, 73
2026/07/29 12:51:06.114, 300.25, 100, 74232, 73
2026/07/29 12:51:07.152, 302.09, 100, 74232, 73
2026/07/29 12:51:08.191, 301.40, 100, 74232, 73
2026/07/29 12:51:09.229, 297.23, 100, 74232, 73
2026/07/29 12:51:10.269, 302.09, 100, 74232, 73
2026/07/29 12:51:11.307, 300.34, 100, 74232, 73
2026/07/29 12:51:12.345, 301.88, 100, 74232, 73
2026/07/29 12:51:13.383, 300.74, 100, 74232, 73
2026/07/29 12:51:14.420, 300.34, 100, 74232, 73
2026/07/29 12:51:15.458, 300.35, 100, 74232, 73
2026/07/29 12:51:16.497, 300.25, 100, 74232, 73
2026/07/29 12:51:17.535, 299.97, 100, 74232, 73
2026/07/29 12:51:18.572, 301.42, 100, 74232, 73
2026/07/29 12:51:19.610, 300.48, 100, 74232, 73
2026/07/29 12:51:20.646, 301.51, 100, 74232, 73
2026/07/29 12:51:21.686, 301.42, 100, 74232, 73
2026/07/29 12:51:22.723, 309.01, 100, 74232, 73
2026/07/29 12:51:23.760, 299.76, 100, 74232, 73
2026/07/29 12:51:24.798, 301.11, 100, 74232, 73
2026/07/29 12:51:25.837, 296.26, 100, 74232, 73
2026/07/29 12:51:26.877, 301.31, 100, 74232, 73
2026/07/29 12:51:27.916, 300.46, 100, 74232, 73
2026/07/29 12:51:28.954, 298.40, 100, 74232, 73
2026/07/29 12:51:29.992, 301.31, 100, 74232, 73
2026/07/29 12:51:31.028, 305.03, 100, 74232, 73
2026/07/29 12:51:32.069, 304.23, 100, 74232, 73
2026/07/29 12:51:33.106, 297.84, 100, 74232, 73
2026/07/29 12:51:34.143, 297.83, 100, 74232, 73
2026/07/29 12:51:35.180, 299.17, 100, 74232, 73
2026/07/29 12:51:36.218, 298.43, 100, 74232, 73
2026/07/29 12:51:37.255, 299.00, 100, 74232, 73
2026/07/29 12:51:38.292, 299.19, 100, 74232, 73
2026/07/29 12:51:39.329, 306.35, 100, 74232, 73
2026/07/29 12:51:40.369, 306.06, 100, 74232, 73
2026/07/29 12:51:41.406, 299.58, 100, 74232, 73
2026/07/29 12:51:42.448, 300.43, 100, 74232, 73
2026/07/29 12:51:43.485, 300.46, 100, 74232, 73
2026/07/29 12:51:44.523, 306.47, 100, 74232, 73
2026/07/29 12:51:45.560, 299.96, 100, 74232, 73
2026/07/29 12:51:46.597, 301.13, 100, 74232, 73
2026/07/29 12:51:47.635, 306.01, 100, 74232, 73
2026/07/29 12:51:48.674, 302.37, 100, 74232, 73
2026/07/29 12:51:49.714, 300.26, 100, 74232, 73
2026/07/29 12:51:50.751, 300.55, 100, 74232, 73
2026/07/29 12:51:51.788, 307.14, 100, 74232, 73
2026/07/29 12:51:52.825, 299.28, 100, 74232, 73
2026/07/29 12:51:53.862, 299.67, 100, 74232, 72
2026/07/29 12:51:54.900, 300.45, 100, 74232, 73
2026/07/29 12:51:55.937, 299.38, 100, 74232, 72
2026/07/29 12:51:56.976, 299.36, 100, 74232, 72
2026/07/29 12:51:58.014, 299.20, 100, 74232, 72
2026/07/29 12:51:59.052, 301.02, 100, 74232, 72
2026/07/29 12:52:00.090, 300.83, 100, 74232, 72
2026/07/29 12:52:01.127, 299.97, 100, 74232, 72
2026/07/29 12:52:02.167, 301.02, 100, 74232, 72
2026/07/29 12:52:03.204, 300.46, 100, 74232, 72
2026/07/29 12:52:04.242, 296.07, 100, 74232, 72
2026/07/29 12:52:05.280, 296.59, 100, 74232, 72
2026/07/29 12:52:06.317, 300.66, 100, 74232, 72
2026/07/29 12:52:07.354, 293.16, 100, 74232, 72
2026/07/29 12:52:08.391, 297.52, 100, 74232, 72
2026/07/29 12:52:09.430, 299.17, 100, 74232, 72
2026/07/29 12:52:10.467, 298.82, 100, 74232, 72
2026/07/29 12:52:11.508, 299.37, 100, 74232, 72
2026/07/29 12:52:12.545, 298.90, 100, 74232, 72
2026/07/29 12:52:13.586, 299.80, 100, 74232, 72
2026/07/29 12:52:14.624, 299.66, 100, 74232, 72
2026/07/29 12:52:15.662, 298.79, 100, 74232, 72
2026/07/29 12:52:16.699, 300.54, 100, 74232, 72
2026/07/29 12:52:17.737, 299.99, 100, 74232, 72
2026/07/29 12:52:18.775, 295.67, 100, 74232, 72
2026/07/29 12:52:19.813, 301.49, 100, 74232, 72
2026/07/29 12:52:20.851, 305.23, 100, 74232, 72
2026/07/29 12:52:21.889, 300.54, 100, 74232, 72
2026/07/29 12:52:22.929, 299.09, 100, 74232, 72
2026/07/29 12:52:23.966, 299.90, 100, 74232, 72
2026/07/29 12:52:25.003, 299.95, 100, 74232, 72
2026/07/29 12:52:26.041, 306.46, 100, 74232, 72
2026/07/29 12:52:27.083, 299.68, 100, 74232, 72
2026/07/29 12:52:28.121, 300.82, 100, 74232, 72
2026/07/29 12:52:29.159, 299.57, 100, 74232, 72
2026/07/29 12:52:30.202, 299.76, 100, 74232, 72
2026/07/29 12:52:31.240, 299.67, 100, 74232, 72
2026/07/29 12:52:32.277, 304.71, 100, 74232, 72
2026/07/29 12:52:33.315, 298.60, 100, 74232, 72
2026/07/29 12:52:34.352, 299.18, 100, 74232, 72
2026/07/29 12:52:35.391, 296.67, 100, 74232, 72
2026/07/29 12:52:36.429, 298.60, 100, 74232, 72
2026/07/29 12:52:37.467, 305.95, 100, 74232, 72
2026/07/29 12:52:38.504, 306.95, 100, 74232, 72
2026/07/29 12:52:39.541, 303.74, 100, 74232, 72
2026/07/29 12:52:40.579, 302.01, 100, 74232, 72
2026/07/29 12:52:41.617, 306.64, 100, 74232, 72
2026/07/29 12:52:42.655, 296.25, 100, 74232, 72
2026/07/29 12:52:43.692, 299.09, 100, 74232, 72
2026/07/29 12:52:44.731, 304.12, 100, 74232, 72
2026/07/29 12:52:45.767, 297.21, 100, 74232, 72
2026/07/29 12:52:46.806, 306.93, 100, 74232, 74
2026/07/29 12:52:47.842, 301.03, 100, 74232, 74
2026/07/29 12:52:48.878, 271.70, 100, 74232, 74
2026/07/29 12:52:49.915, 293.34, 100, 74232, 74
2026/07/29 12:52:50.950, 303.13, 100, 74232, 74
2026/07/29 12:52:51.987, 299.75, 100, 74232, 74
2026/07/29 12:52:53.023, 299.36, 100, 74232, 72
2026/07/29 12:52:54.060, 301.02, 100, 74232, 72
2026/07/29 12:52:55.102, 299.57, 100, 74232, 72
2026/07/29 12:52:56.141, 299.68, 100, 74232, 73
2026/07/29 12:52:57.177, 294.54, 100, 74232, 72
2026/07/29 12:52:58.212, 287.14, 100, 74232, 74
2026/07/29 12:52:59.247, 295.52, 100, 74232, 75
2026/07/29 12:53:00.282, 303.15, 100, 74232, 74
2026/07/29 12:53:01.318, 295.69, 100, 74232, 74
2026/07/29 12:53:02.355, 283.88, 100, 74232, 75
2026/07/29 12:53:03.391, 287.77, 100, 74232, 75
2026/07/29 12:53:04.427, 298.02, 100, 74232, 73
2026/07/29 12:53:05.466, 301.42, 100, 74232, 73
2026/07/29 12:53:06.504, 302.29, 100, 74232, 73
2026/07/29 12:53:07.541, 301.90, 100, 74232, 73
2026/07/29 12:53:08.578, 300.14, 100, 74232, 73
2026/07/29 12:53:09.617, 302.18, 100, 74232, 73
2026/07/29 12:53:10.655, 99.80, 0, 74232, 70
2026/07/29 12:53:11.689, 304.51, 100, 74232, 75
2026/07/29 12:53:12.724, 302.28, 100, 74232, 75
2026/07/29 12:53:13.759, 284.13, 100, 74232, 75
2026/07/29 12:53:14.795, 302.98, 100, 74232, 75
2026/07/29 12:53:15.830, 300.65, 100, 74232, 75
2026/07/29 12:53:16.866, 300.24, 100, 74232, 75
2026/07/29 12:53:17.902, 287.92, 100, 74232, 73
2026/07/29 12:53:18.942, 297.23, 100, 74232, 73
2026/07/29 12:53:19.980, 300.45, 100, 74232, 73
2026/07/29 12:53:21.024, 300.35, 100, 74232, 73
2026/07/29 12:53:22.062, 300.74, 100, 74232, 73
2026/07/29 12:53:23.098, 100.49, 0, 74232, 70
2026/07/29 12:53:24.131, 300.21, 100, 74232, 75
2026/07/29 12:53:25.172, 300.81, 100, 74232, 75
2026/07/29 12:53:26.207, 296.09, 100, 74232, 75
2026/07/29 12:53:27.242, 297.47, 100, 74232, 75
2026/07/29 12:53:28.283, 324.29, 100, 74232, 75
2026/07/29 12:53:29.318, 285.69, 100, 74232, 75
2026/07/29 12:53:30.352, 300.32, 100, 74232, 75
2026/07/29 12:53:31.395, 300.83, 100, 74232, 73
2026/07/29 12:53:32.433, 294.43, 100, 74232, 73
2026/07/29 12:53:33.472, 304.02, 100, 74232, 73
2026/07/29 12:53:34.510, 298.30, 100, 74232, 73
2026/07/29 12:53:35.548, 99.60, 100, 74232, 75
2026/07/29 12:53:36.586, 302.38, 100, 74232, 73
2026/07/29 12:53:37.624, 298.59, 100, 74232, 73
2026/07/29 12:53:38.664, 294.36, 100, 74232, 73
2026/07/29 12:53:39.702, 296.85, 100, 74232, 73
2026/07/29 12:53:40.740, 289.59, 100, 74232, 73
2026/07/29 12:53:41.779, 297.82, 100, 74232, 73
2026/07/29 12:53:42.816, 296.82, 100, 74232, 73
2026/07/29 12:53:43.853, 300.53, 100, 74232, 73
2026/07/29 12:53:44.891, 300.24, 100, 74232, 73
2026/07/29 12:53:45.930, 299.28, 100, 74232, 73
2026/07/29 12:53:46.969, 301.02, 100, 74232, 73
2026/07/29 12:53:48.007, 300.55, 100, 74232, 73
2026/07/29 12:53:49.046, 298.90, 100, 74232, 73
2026/07/29 12:53:50.084, 300.77, 100, 74232, 73
2026/07/29 12:53:51.123, 301.42, 100, 74232, 73
2026/07/29 12:53:52.161, 299.28, 100, 74232, 73
2026/07/29 12:53:53.199, 300.05, 100, 74232, 73
2026/07/29 12:53:54.237, 299.58, 100, 74232, 73
2026/07/29 12:53:55.274, 300.25, 100, 74232, 73
2026/07/29 12:53:56.311, 301.21, 100, 74232, 73
2026/07/29 12:53:57.348, 302.52, 100, 74232, 73
2026/07/29 12:53:58.385, 300.24, 100, 74232, 73
2026/07/29 12:53:59.423, 299.38, 100, 74232, 73
2026/07/29 12:54:00.464, 302.01, 100, 74232, 73
2026/07/29 12:54:01.502, 312.57, 100, 74232, 73
2026/07/29 12:54:02.539, 309.27, 100, 74232, 73
2026/07/29 12:54:03.577, 302.27, 100, 74232, 73
2026/07/29 12:54:04.615, 295.05, 100, 74232, 73
2026/07/29 12:54:05.653, 300.16, 100, 74232, 73
2026/07/29 12:54:06.691, 301.23, 100, 74232, 73
2026/07/29 12:54:07.730, 297.24, 100, 74232, 73
2026/07/29 12:54:08.768, 301.99, 100, 74232, 73
2026/07/29 12:54:09.808, 296.90, 100, 74232, 73
2026/07/29 12:54:10.846, 292.70, 100, 74232, 73
2026/07/29 12:54:11.884, 302.75, 100, 74232, 73
2026/07/29 12:54:12.925, 298.20, 100, 74232, 73
2026/07/29 12:54:13.962, 298.40, 100, 74232, 73
2026/07/29 12:54:15.001, 297.35, 100, 74232, 73
2026/07/29 12:54:16.039, 301.03, 100, 74232, 73
2026/07/29 12:54:17.076, 298.70, 100, 74232, 73
2026/07/29 12:54:18.115, 299.57, 100, 74232, 73
2026/07/29 12:54:19.152, 299.38, 100, 74232, 73
2026/07/29 12:54:20.189, 301.50, 100, 74232, 73
2026/07/29 12:54:21.225, 306.46, 100, 74232, 73
2026/07/29 12:54:22.263, 301.71, 100, 74232, 73
2026/07/29 12:54:23.300, 296.08, 100, 74232, 73
2026/07/29 12:54:24.349, 295.49, 100, 74232, 73
2026/07/29 12:54:25.389, 298.87, 100, 74232, 73
2026/07/29 12:54:26.426, 296.18, 100, 74232, 73
2026/07/29 12:54:27.472, 294.81, 100, 74232, 73
2026/07/29 12:54:28.513, 295.98, 100, 74232, 73
2026/07/29 12:54:29.551, 301.32, 100, 74232, 73
2026/07/29 12:54:30.590, 293.34, 100, 74232, 72
2026/07/29 12:54:31.627, 294.47, 100, 74232, 72
2026/07/29 12:54:32.665, 306.17, 100, 74232, 73
2026/07/29 12:54:33.703, 303.17, 100, 74232, 73
2026/07/29 12:54:34.740, 296.65, 100, 74232, 72
2026/07/29 12:54:35.778, 299.65, 100, 74232, 72
2026/07/29 12:54:36.816, 300.05, 100, 74232, 72
2026/07/29 12:54:37.854, 299.27, 100, 74232, 72
2026/07/29 12:54:38.893, 300.81, 100, 74232, 72
2026/07/29 12:54:39.930, 301.29, 100, 74232, 73
2026/07/29 12:54:40.971, 296.94, 100, 74232, 72
2026/07/29 12:54:42.010, 289.09, 100, 74232, 72
2026/07/29 12:54:43.051, 297.82, 100, 74232, 72
2026/07/29 12:54:44.092, 289.86, 100, 74232, 72
2026/07/29 12:54:45.129, 294.90, 100, 74232, 72
2026/07/29 12:54:46.166, 296.55, 100, 74232, 72
2026/07/29 12:54:47.204, 291.02, 100, 74232, 72
2026/07/29 12:54:48.246, 285.20, 100, 74232, 72
2026/07/29 12:54:49.284, 285.50, 100, 74232, 72
2026/07/29 12:54:50.322, 290.93, 100, 74232, 72
2026/07/29 12:54:51.358, 289.75, 100, 74232, 72
2026/07/29 12:54:52.401, 296.25, 100, 74232, 72
2026/07/29 12:54:53.440, 295.60, 100, 74232, 72
2026/07/29 12:54:54.477, 295.58, 100, 74232, 72
2026/07/29 12:54:55.522, 302.64, 100, 74232, 72
2026/07/29 12:54:56.559, 295.38, 100, 74232, 72
2026/07/29 12:54:57.596, 295.88, 100, 74232, 72
2026/07/29 12:54:58.635, 300.65, 100, 74232, 72
2026/07/29 12:54:59.671, 301.03, 100, 74232, 72
2026/07/29 12:55:00.714, 301.36, 100, 74232, 72
2026/07/29 12:55:01.752, 299.46, 100, 74232, 72
2026/07/29 12:55:02.789, 300.55, 100, 74232, 72
2026/07/29 12:55:03.830, 299.39, 100, 74232, 72
2026/07/29 12:55:04.866, 299.40, 100, 74232, 72
2026/07/29 12:55:05.903, 298.69, 100, 74232, 72
2026/07/29 12:55:06.940, 298.80, 100, 74232, 72
2026/07/29 12:55:07.975, 298.09, 100, 74232, 72
2026/07/29 12:55:09.011, 295.68, 100, 74232, 72
2026/07/29 12:55:10.048, 298.50, 100, 74232, 72
2026/07/29 12:55:11.084, 294.89, 100, 74232, 72
2026/07/29 12:55:12.121, 294.12, 100, 74232, 72
2026/07/29 12:55:13.160, 298.21, 100, 74232, 72
2026/07/29 12:55:14.198, 298.11, 100, 74232, 72
2026/07/29 12:55:15.234, 298.21, 100, 74232, 72
2026/07/29 12:55:16.271, 299.57, 100, 74232, 72
2026/07/29 12:55:17.309, 297.33, 100, 74232, 72
2026/07/29 12:55:18.346, 295.95, 100, 74232, 72
2026/07/29 12:55:19.384, 295.17, 100, 74232, 72
2026/07/29 12:55:20.421, 294.60, 100, 74232, 72
2026/07/29 12:55:21.460, 299.28, 100, 74232, 72
2026/07/29 12:55:22.498, 299.71, 100, 74232, 72
2026/07/29 12:55:23.536, 298.89, 100, 74232, 72
2026/07/29 12:55:24.572, 298.92, 100, 74232, 74
2026/07/29 12:55:25.610, 287.40, 100, 74232, 74
2026/07/29 12:55:26.646, 297.83, 100, 74232, 74
2026/07/29 12:55:27.681, 275.55, 100, 74232, 74
2026/07/29 12:55:28.718, 304.31, 100, 74232, 74
2026/07/29 12:55:29.754, 225.99, 100, 74232, 73
2026/07/29 12:55:30.791, 290.14, 100, 74232, 72
2026/07/29 12:55:31.830, 293.35, 100, 74232, 72
2026/07/29 12:55:32.869, 293.58, 100, 74232, 72
2026/07/29 12:55:33.907, 300.05, 100, 74232, 72
2026/07/29 12:55:34.945, 300.25, 100, 74232, 72
2026/07/29 12:55:35.983, 298.10, 100, 74232, 72
2026/07/29 12:55:37.021, 297.03, 100, 74232, 72
2026/07/29 12:55:38.064, 294.41, 100, 74232, 72
2026/07/29 12:55:39.102, 290.12, 100, 74232, 72
2026/07/29 12:55:40.139, 300.46, 100, 74232, 73
2026/07/29 12:55:41.177, 286.67, 100, 74232, 72
2026/07/29 12:55:42.215, 291.88, 100, 74232, 73
2026/07/29 12:55:43.253, 289.19, 100, 74232, 72
2026/07/29 12:55:44.291, 287.89, 100, 74232, 73
2026/07/29 12:55:45.330, 299.29, 100, 74232, 73
2026/07/29 12:55:46.368, 299.19, 100, 74232, 73
2026/07/29 12:55:47.409, 291.40, 100, 74232, 73
2026/07/29 12:55:48.447, 293.54, 100, 74232, 73
2026/07/29 12:55:49.485, 299.06, 100, 74232, 73
2026/07/29 12:55:50.524, 296.37, 100, 74232, 73
2026/07/29 12:55:51.560, 293.15, 100, 74232, 73
2026/07/29 12:55:52.598, 295.50, 100, 74232, 73
2026/07/29 12:55:53.636, 289.36, 100, 74232, 73
2026/07/29 12:55:54.674, 294.25, 100, 74232, 73
2026/07/29 12:55:55.711, 300.23, 100, 74232, 73
2026/07/29 12:55:56.749, 299.40, 100, 74232, 73
2026/07/29 12:55:57.787, 300.16, 100, 74232, 73
2026/07/29 12:55:58.824, 301.68, 100, 74232, 73
2026/07/29 12:55:59.861, 303.05, 100, 74232, 73
2026/07/29 12:56:00.899, 300.35, 100, 74232, 73
2026/07/29 12:56:01.936, 301.71, 100, 74232, 73
2026/07/29 12:56:02.976, 302.28, 100, 74232, 73
2026/07/29 12:56:04.015, 299.38, 100, 74232, 73
2026/07/29 12:56:05.052, 300.91, 100, 74232, 73
2026/07/29 12:56:06.091, 301.52, 100, 74232, 73
2026/07/29 12:56:07.129, 298.48, 100, 74232, 73
2026/07/29 12:56:08.168, 301.13, 100, 74232, 73
2026/07/29 12:56:09.205, 301.61, 100, 74232, 73
2026/07/29 12:56:10.243, 298.58, 100, 74232, 73
2026/07/29 12:56:11.280, 301.69, 100, 74232, 73
2026/07/29 12:56:12.317, 306.24, 100, 74232, 73
2026/07/29 12:56:13.355, 296.67, 100, 74232, 73
2026/07/29 12:56:14.391, 299.19, 100, 74232, 73
2026/07/29 12:56:15.431, 299.55, 100, 74232, 73
2026/07/29 12:56:16.469, 301.60, 100, 74232, 73
2026/07/29 12:56:17.506, 299.35, 100, 74232, 73
2026/07/29 12:56:18.543, 299.38, 100, 74232, 73
2026/07/29 12:56:19.584, 301.42, 100, 74232, 73
2026/07/29 12:56:20.621, 297.72, 100, 74232, 73
2026/07/29 12:56:21.658, 300.62, 100, 74232, 73
2026/07/29 12:56:22.696, 301.21, 100, 74232, 72
2026/07/29 12:56:23.734, 296.67, 100, 74232, 73
2026/07/29 12:56:24.773, 300.24, 100, 74232, 72
2026/07/29 12:56:25.813, 296.77, 100, 74232, 72
2026/07/29 12:56:26.852, 301.12, 100, 74232, 72
2026/07/29 12:56:27.890, 299.56, 100, 74232, 72
2026/07/29 12:56:28.928, 298.60, 100, 74232, 72
2026/07/29 12:56:29.966, 301.22, 100, 74232, 72
2026/07/29 12:56:31.004, 298.30, 100, 74232, 72
2026/07/29 12:56:32.041, 297.45, 100, 74232, 72
2026/07/29 12:56:33.078, 300.43, 100, 74232, 72
2026/07/29 12:56:34.115, 305.71, 100, 74232, 72
2026/07/29 12:56:35.153, 293.94, 100, 74232, 72
2026/07/29 12:56:36.190, 299.49, 100, 74232, 72
2026/07/29 12:56:37.228, 301.12, 100, 74232, 72
2026/07/29 12:56:38.264, 302.78, 100, 74232, 72
2026/07/29 12:56:39.303, 299.92, 100, 74232, 72
2026/07/29 12:56:40.342, 301.30, 100, 74232, 72
2026/07/29 12:56:41.379, 299.56, 100, 74232, 72
2026/07/29 12:56:42.418, 300.35, 100, 74232, 72
2026/07/29 12:56:43.456, 303.15, 100, 74232, 72
2026/07/29 12:56:44.495, 299.36, 100, 74232, 72
2026/07/29 12:56:45.532, 298.89, 100, 74232, 72
2026/07/29 12:56:46.574, 289.87, 100, 74232, 72
2026/07/29 12:56:47.612, 291.60, 100, 74232, 72
2026/07/29 12:56:48.650, 298.77, 100, 74232, 72
2026/07/29 12:56:49.688, 296.57, 100, 74232, 72
2026/07/29 12:56:50.726, 290.25, 100, 74232, 72
2026/07/29 12:56:51.764, 294.51, 100, 74232, 72
2026/07/29 12:56:52.802, 299.57, 100, 74232, 72
2026/07/29 12:56:53.842, 296.29, 100, 74232, 72
2026/07/29 12:56:54.879, 299.08, 100, 74232, 72
2026/07/29 12:56:55.919, 301.02, 100, 74232, 72
2026/07/29 12:56:56.956, 300.64, 100, 74232, 72
2026/07/29 12:56:57.993, 298.97, 100, 74232, 72
2026/07/29 12:56:59.029, 298.80, 100, 74232, 72
2026/07/29 12:57:00.068, 301.03, 100, 74232, 72
2026/07/29 12:57:01.106, 297.04, 100, 74232, 72
2026/07/29 12:57:02.143, 293.35, 100, 74232, 72
2026/07/29 12:57:03.180, 300.33, 100, 74232, 72
2026/07/29 12:57:04.216, 303.59, 100, 74232, 72
2026/07/29 12:57:05.253, 296.65, 100, 74232, 72
2026/07/29 12:57:06.290, 299.27, 100, 74232, 72
2026/07/29 12:57:07.326, 295.88, 100, 74232, 72
2026/07/29 12:57:08.365, 294.73, 100, 74232, 72
2026/07/29 12:57:09.403, 298.78, 100, 74232, 72
2026/07/29 12:57:10.441, 300.83, 100, 74232, 72
2026/07/29 12:57:11.477, 298.68, 100, 74232, 72
2026/07/29 12:57:12.514, 297.91, 100, 74232, 72
2026/07/29 12:57:13.551, 300.53, 100, 74232, 72
2026/07/29 12:57:14.589, 296.06, 100, 74232, 72
2026/07/29 12:57:15.627, 297.24, 100, 74232, 72
2026/07/29 12:57:16.665, 298.97, 100, 74232, 72
2026/07/29 12:57:17.703, 305.27, 100, 74232, 72
2026/07/29 12:57:18.740, 298.61, 100, 74232, 72
2026/07/29 12:57:19.777, 294.14, 100, 74232, 72
2026/07/29 12:57:20.815, 297.73, 100, 74232, 72
2026/07/29 12:57:21.853, 301.11, 100, 74232, 72
2026/07/29 12:57:22.889, 296.17, 100, 74232, 72
2026/07/29 12:57:23.928, 292.18, 100, 74232, 72
2026/07/29 12:57:24.964, 290.43, 100, 74232, 72
2026/07/29 12:57:26.001, 376.01, 100, 74232, 74
2026/07/29 12:57:27.037, 297.51, 100, 74232, 74
2026/07/29 12:57:28.074, 297.81, 100, 74232, 74
2026/07/29 12:57:29.111, 295.02, 100, 74232, 74
2026/07/29 12:57:30.146, 284.72, 100, 74232, 74
2026/07/29 12:57:31.182, 285.08, 100, 74232, 74
2026/07/29 12:57:32.223, 256.74, 100, 74232, 72
2026/07/29 12:57:33.261, 291.30, 100, 74232, 72
2026/07/29 12:57:34.300, 294.22, 100, 74232, 73
2026/07/29 12:57:35.339, 297.98, 100, 74232, 73
2026/07/29 12:57:36.376, 294.70, 100, 74232, 73
2026/07/29 12:57:37.414, 302.36, 100, 74232, 73
2026/07/29 12:57:38.452, 292.67, 100, 74232, 73
2026/07/29 12:57:39.491, 293.07, 100, 74232, 73
2026/07/29 12:57:40.529, 301.41, 100, 74232, 73
2026/07/29 12:57:41.567, 302.80, 100, 74232, 73
2026/07/29 12:57:42.606, 299.56, 100, 74232, 73
2026/07/29 12:57:43.644, 300.42, 100, 74232, 73
2026/07/29 12:57:44.683, 302.62, 100, 74232, 73
2026/07/29 12:57:45.720, 297.16, 100, 74232, 73
2026/07/29 12:57:46.758, 299.96, 100, 74232, 73
2026/07/29 12:57:47.795, 302.11, 100, 74232, 73
2026/07/29 12:57:48.834, 300.24, 100, 74232, 73
2026/07/29 12:57:49.871, 294.03, 100, 74232, 73
2026/07/29 12:57:50.909, 300.05, 100, 74232, 73
2026/07/29 12:57:51.946, 292.66, 100, 74232, 73
2026/07/29 12:57:52.985, 302.47, 100, 74232, 73
2026/07/29 12:57:54.026, 291.23, 100, 74232, 73
2026/07/29 12:57:55.064, 292.29, 100, 74232, 73
2026/07/29 12:57:56.101, 294.53, 100, 74232, 73
2026/07/29 12:57:57.140, 293.94, 100, 74232, 73
2026/07/29 12:57:58.177, 290.53, 100, 74232, 73
2026/07/29 12:57:59.216, 292.68, 100, 74232, 73
2026/07/29 12:58:00.253, 302.08, 100, 74232, 73
2026/07/29 12:58:01.291, 302.86, 100, 74232, 73
2026/07/29 12:58:02.329, 300.83, 100, 74232, 73
2026/07/29 12:58:03.366, 300.94, 100, 74232, 73
2026/07/29 12:58:04.403, 300.25, 100, 74232, 73
2026/07/29 12:58:05.442, 297.53, 100, 74232, 73
2026/07/29 12:58:06.480, 298.78, 100, 74232, 73
2026/07/29 12:58:07.517, 300.04, 100, 74232, 73
2026/07/29 12:58:08.555, 296.46, 100, 74232, 73
2026/07/29 12:58:09.593, 299.96, 100, 74232, 73
2026/07/29 12:58:10.631, 301.02, 100, 74232, 73
2026/07/29 12:58:11.669, 302.10, 100, 74232, 73
2026/07/29 12:58:12.708, 297.05, 100, 74232, 73
2026/07/29 12:58:13.746, 296.65, 100, 74232, 73
2026/07/29 12:58:14.784, 300.45, 100, 74232, 73
2026/07/29 12:58:15.823, 297.54, 100, 74232, 73
2026/07/29 12:58:16.860, 295.50, 100, 74232, 73
2026/07/29 12:58:17.898, 299.68, 100, 74232, 73
2026/07/29 12:58:18.938, 294.43, 100, 74232, 73
2026/07/29 12:58:19.976, 289.36, 100, 74232, 73
2026/07/29 12:58:21.014, 296.77, 100, 74232, 73
2026/07/29 12:58:22.052, 298.11, 100, 74232, 73
2026/07/29 12:58:23.090, 301.39, 100, 74232, 73
2026/07/29 12:58:24.129, 299.76, 100, 74232, 73
2026/07/29 12:58:25.168, 304.39, 100, 74232, 73
2026/07/29 12:58:26.211, 301.51, 100, 74232, 73
2026/07/29 12:58:27.248, 304.54, 100, 74232, 73
2026/07/29 12:58:28.287, 300.53, 100, 74232, 73
2026/07/29 12:58:29.324, 300.83, 100, 74232, 73
2026/07/29 12:58:30.362, 302.33, 100, 74232, 73
2026/07/29 12:58:31.399, 300.07, 100, 74232, 73
2026/07/29 12:58:32.436, 299.87, 100, 74232, 73
2026/07/29 12:58:33.474, 301.61, 100, 74232, 73
2026/07/29 12:58:34.512, 302.48, 100, 74232, 73
2026/07/29 12:58:35.549, 300.36, 100, 74232, 73
2026/07/29 12:58:36.586, 298.98, 100, 74232, 73
2026/07/29 12:58:37.625, 301.64, 100, 74232, 73
2026/07/29 12:58:38.662, 293.65, 100, 74232, 73
2026/07/29 12:58:39.704, 298.30, 100, 74232, 73
2026/07/29 12:58:40.742, 300.93, 100, 74232, 73
2026/07/29 12:58:41.783, 302.47, 100, 74232, 73
2026/07/29 12:58:42.824, 301.98, 100, 74232, 73
2026/07/29 12:58:43.862, 299.19, 100, 74232, 73
2026/07/29 12:58:44.899, 301.41, 100, 74232, 73
2026/07/29 12:58:45.935, 295.12, 100, 74232, 73
2026/07/29 12:58:46.973, 294.14, 100, 74232, 73
2026/07/29 12:58:48.012, 300.55, 100, 74232, 73
2026/07/29 12:58:49.049, 294.69, 100, 74232, 73
2026/07/29 12:58:50.090, 291.51, 100, 74232, 73
2026/07/29 12:58:51.128, 288.69, 100, 74232, 73
2026/07/29 12:58:52.168, 291.72, 100, 74232, 73
2026/07/29 12:58:53.207, 294.42, 100, 74232, 73
2026/07/29 12:58:54.244, 287.71, 100, 74232, 73
2026/07/29 12:58:55.282, 293.26, 100, 74232, 73
2026/07/29 12:58:56.321, 297.72, 100, 74232, 73
2026/07/29 12:58:57.360, 296.85, 100, 74232, 73
2026/07/29 12:58:58.398, 293.26, 100, 74232, 73
2026/07/29 12:58:59.435, 292.77, 100, 74232, 73
2026/07/29 12:59:00.473, 300.46, 100, 74232, 73
2026/07/29 12:59:01.516, 294.04, 100, 74232, 73
2026/07/29 12:59:02.554, 296.58, 100, 74232, 73
2026/07/29 12:59:03.592, 300.83, 100, 74232, 73
2026/07/29 12:59:04.630, 295.52, 100, 74232, 73
2026/07/29 12:59:05.667, 296.65, 100, 74232, 73
2026/07/29 12:59:06.704, 300.15, 100, 74232, 73
2026/07/29 12:59:07.741, 300.53, 100, 74232, 73
2026/07/29 12:59:08.778, 290.07, 100, 74232, 73
2026/07/29 12:59:09.815, 290.91, 100, 74232, 72
2026/07/29 12:59:10.855, 293.15, 100, 74232, 73
2026/07/29 12:59:11.893, 301.73, 100, 74232, 73
2026/07/29 12:59:12.932, 290.73, 100, 74232, 72
2026/07/29 12:59:13.969, 292.19, 100, 74232, 73
2026/07/29 12:59:15.012, 293.07, 100, 74232, 73
2026/07/29 12:59:16.050, 297.05, 100, 74232, 73
2026/07/29 12:59:17.089, 288.97, 100, 74232, 73
2026/07/29 12:59:18.129, 295.86, 100, 74232, 73
2026/07/29 12:59:19.166, 296.18, 100, 74232, 73
2026/07/29 12:59:20.204, 289.76, 100, 74232, 72
2026/07/29 12:59:21.245, 289.77, 100, 74232, 72
2026/07/29 12:59:22.282, 290.06, 100, 74232, 72
2026/07/29 12:59:23.320, 294.42, 100, 74232, 72
2026/07/29 12:59:24.358, 293.84, 100, 74232, 73
2026/07/29 12:59:25.400, 299.38, 100, 74232, 73
2026/07/29 12:59:26.438, 289.48, 100, 74232, 72
2026/07/29 12:59:27.477, 292.10, 100, 74232, 72
2026/07/29 12:59:28.515, 299.07, 100, 74232, 73
2026/07/29 12:59:29.552, 301.22, 100, 74232, 73
2026/07/29 12:59:30.592, 302.13, 100, 74232, 73
2026/07/29 12:59:31.629, 294.53, 100, 74232, 72
2026/07/29 12:59:32.668, 298.70, 100, 74232, 73
2026/07/29 12:59:33.705, 301.01, 100, 74232, 73
2026/07/29 12:59:34.743, 301.52, 100, 74232, 73
2026/07/29 12:59:35.782, 301.72, 100, 74232, 73
2026/07/29 12:59:36.819, 297.99, 100, 74232, 73
2026/07/29 12:59:37.860, 299.39, 100, 74232, 73
2026/07/29 12:59:38.897, 300.02, 100, 74232, 73
2026/07/29 12:59:39.937, 301.23, 100, 74232, 73
2026/07/29 12:59:40.976, 296.46, 100, 74232, 72
2026/07/29 12:59:42.014, 295.97, 100, 74232, 73
2026/07/29 12:59:43.058, 300.55, 100, 74232, 72
2026/07/29 12:59:44.096, 302.19, 100, 74232, 73
2026/07/29 12:59:45.134, 301.11, 100, 74232, 73
2026/07/29 12:59:46.172, 298.03, 100, 74232, 73
2026/07/29 12:59:47.209, 299.67, 100, 74232, 73
2026/07/29 12:59:48.251, 298.41, 100, 74232, 73
2026/07/29 12:59:49.289, 300.94, 100, 74232, 73
2026/07/29 12:59:50.326, 301.81, 100, 74232, 73
2026/07/29 12:59:51.363, 301.61, 100, 74232, 73
2026/07/29 12:59:52.400, 297.71, 100, 74232, 72
2026/07/29 12:59:53.439, 300.54, 100, 74232, 72
2026/07/29 12:59:54.476, 293.16, 100, 74232, 72
2026/07/29 12:59:55.516, 294.62, 100, 74232, 72
2026/07/29 12:59:56.554, 295.29, 100, 74232, 72
2026/07/29 12:59:57.592, 291.09, 100, 74232, 72
2026/07/29 12:59:58.630, 289.00, 100, 74232, 72
2026/07/29 12:59:59.667, 293.75, 100, 74232, 72
2026/07/29 13:00:00.706, 287.52, 100, 74232, 72
2026/07/29 13:00:01.743, 298.97, 100, 74232, 72
2026/07/29 13:00:02.780, 297.05, 100, 74232, 72
2026/07/29 13:00:03.826, 297.92, 100, 74232, 72
2026/07/29 13:00:04.865, 298.21, 100, 74232, 72
2026/07/29 13:00:05.902, 291.39, 100, 74232, 72
2026/07/29 13:00:06.944, 293.76, 100, 74232, 72
2026/07/29 13:00:07.981, 293.16, 100, 74232, 72
2026/07/29 13:00:09.024, 298.31, 100, 74232, 72
2026/07/29 13:00:10.065, 291.40, 100, 74232, 72
2026/07/29 13:00:11.103, 297.91, 100, 74232, 72
2026/07/29 13:00:12.142, 300.73, 100, 74232, 72
2026/07/29 13:00:13.180, 301.79, 100, 74232, 72
2026/07/29 13:00:14.218, 301.11, 100, 74232, 72
2026/07/29 13:00:15.256, 296.86, 100, 74232, 72
2026/07/29 13:00:16.293, 299.48, 100, 74232, 72
2026/07/29 13:00:17.332, 299.86, 100, 74232, 72
2026/07/29 13:00:18.370, 301.22, 100, 74232, 72
2026/07/29 13:00:19.413, 303.91, 100, 74232, 72
2026/07/29 13:00:20.450, 301.52, 100, 74232, 72
2026/07/29 13:00:21.488, 298.71, 100, 74232, 72
2026/07/29 13:00:22.527, 300.27, 100, 74232, 72
2026/07/29 13:00:23.564, 302.08, 100, 74232, 72
2026/07/29 13:00:24.604, 301.28, 100, 74232, 72
2026/07/29 13:00:25.641, 296.27, 100, 74232, 72
2026/07/29 13:00:26.679, 299.65, 100, 74232, 72
2026/07/29 13:00:27.716, 299.20, 100, 74232, 72
2026/07/29 13:00:28.754, 301.22, 100, 74232, 72
2026/07/29 13:00:29.792, 303.53, 100, 74232, 72
2026/07/29 13:00:30.829, 301.51, 100, 74232, 72
2026/07/29 13:00:31.868, 299.08, 100, 74232, 72
2026/07/29 13:00:32.906, 300.64, 100, 74232, 72
2026/07/29 13:00:33.946, 304.11, 100, 74232, 72
2026/07/29 13:00:34.983, 301.98, 100, 74232, 72
2026/07/29 13:00:36.022, 298.19, 100, 74232, 72
2026/07/29 13:00:37.060, 296.08, 100, 74232, 72
2026/07/29 13:00:38.100, 299.47, 100, 74232, 72
2026/07/29 13:00:39.141, 301.67, 100, 74232, 72
2026/07/29 13:00:40.178, 300.71, 100, 74232, 72
2026/07/29 13:00:41.217, 301.00, 100, 74232, 72
2026/07/29 13:00:42.254, 297.99, 100, 74232, 72
2026/07/29 13:00:43.291, 299.39, 100, 74232, 72
2026/07/29 13:00:44.329, 299.18, 100, 74232, 72
2026/07/29 13:00:45.367, 296.94, 100, 74232, 72
2026/07/29 13:00:46.405, 294.14, 100, 74232, 72
2026/07/29 13:00:47.442, 293.95, 100, 74232, 72
2026/07/29 13:00:48.482, 292.20, 100, 74232, 72
2026/07/29 13:00:49.519, 289.18, 100, 74232, 72
2026/07/29 13:00:50.557, 298.97, 100, 74232, 72
2026/07/29 13:00:51.594, 297.24, 100, 74232, 72
2026/07/29 13:00:52.634, 301.03, 100, 74232, 72
2026/07/29 13:00:53.674, 301.41, 100, 74232, 72
2026/07/29 13:00:54.712, 297.05, 100, 74232, 72
2026/07/29 13:00:55.751, 298.11, 100, 74232, 72
2026/07/29 13:00:56.790, 298.00, 100, 74232, 72
2026/07/29 13:00:57.828, 300.41, 100, 74232, 72
2026/07/29 13:00:58.870, 301.50, 100, 74232, 72
2026/07/29 13:00:59.911, 301.30, 100, 74232, 72
2026/07/29 13:01:00.950, 296.65, 100, 74232, 72
2026/07/29 13:01:01.989, 300.33, 100, 74232, 72
2026/07/29 13:01:03.027, 299.16, 100, 74232, 72
2026/07/29 13:01:04.065, 300.44, 100, 74232, 72
2026/07/29 13:01:05.103, 301.32, 100, 74232, 72
2026/07/29 13:01:06.142, 301.60, 100, 74232, 72
2026/07/29 13:01:07.182, 296.26, 100, 74232, 72
2026/07/29 13:01:08.220, 300.23, 100, 74232, 72
2026/07/29 13:01:09.260, 299.39, 100, 74232, 72
2026/07/29 13:01:10.298, 301.10, 100, 74232, 72
2026/07/29 13:01:11.339, 302.74, 100, 74232, 72
2026/07/29 13:01:12.377, 298.66, 100, 74232, 72
2026/07/29 13:01:13.414, 299.47, 100, 74232, 72
2026/07/29 13:01:14.451, 300.05, 100, 74232, 72
2026/07/29 13:01:15.491, 300.23, 100, 74232, 72
2026/07/29 13:01:16.528, 300.84, 100, 74232, 72
2026/07/29 13:01:17.566, 302.38, 100, 74232, 72
2026/07/29 13:01:18.603, 298.41, 100, 74232, 72
2026/07/29 13:01:19.640, 297.72, 100, 74232, 72
2026/07/29 13:01:20.678, 298.31, 100, 74232, 72
2026/07/29 13:01:21.715, 300.73, 100, 74232, 72
2026/07/29 13:01:22.753, 299.87, 100, 74232, 72
2026/07/29 13:01:23.792, 300.71, 100, 74232, 72
2026/07/29 13:01:24.830, 301.82, 100, 74232, 72
2026/07/29 13:01:25.868, 299.20, 100, 74232, 72
2026/07/29 13:01:26.909, 297.05, 100, 74232, 72
2026/07/29 13:01:27.948, 298.77, 100, 74232, 72
2026/07/29 13:01:28.984, 301.12, 100, 74232, 72
2026/07/29 13:01:30.021, 299.85, 100, 74232, 72
2026/07/29 13:01:31.059, 301.23, 100, 74232, 72
2026/07/29 13:01:32.097, 307.08, 100, 74232, 72
2026/07/29 13:01:33.134, 301.19, 100, 74232, 72
2026/07/29 13:01:34.171, 302.19, 100, 74232, 72
2026/07/29 13:01:35.209, 297.82, 100, 74232, 72
2026/07/29 13:01:36.248, 298.90, 100, 74232, 72
2026/07/29 13:01:37.288, 298.99, 100, 74232, 72
2026/07/29 13:01:38.326, 300.35, 100, 74232, 72
2026/07/29 13:01:39.364, 299.85, 100, 74232, 72
2026/07/29 13:01:40.401, 300.23, 100, 74232, 72
2026/07/29 13:01:41.441, 301.86, 100, 74232, 72
2026/07/29 13:01:42.478, 301.31, 100, 74232, 72
2026/07/29 13:01:43.516, 302.68, 100, 74232, 72
2026/07/29 13:01:44.554, 299.09, 100, 74232, 72
2026/07/29 13:01:45.592, 300.23, 100, 74232, 72
2026/07/29 13:01:46.631, 300.54, 100, 74232, 72
2026/07/29 13:01:47.668, 300.07, 100, 74232, 72
2026/07/29 13:01:48.709, 301.23, 100, 74232, 72
2026/07/29 13:01:49.746, 300.74, 100, 74232, 72
2026/07/29 13:01:50.783, 301.90, 100, 74232, 72
2026/07/29 13:01:51.821, 296.37, 100, 74232, 72
2026/07/29 13:01:52.858, 300.74, 100, 74232, 72
2026/07/29 13:01:53.896, 297.12, 100, 74232, 72
2026/07/29 13:01:54.933, 299.75, 100, 74232, 72
2026/07/29 13:01:55.971, 299.48, 100, 74232, 72
2026/07/29 13:01:57.009, 300.53, 100, 74232, 72
2026/07/29 13:01:58.047, 301.02, 100, 74232, 72
2026/07/29 13:01:59.085, 293.64, 100, 74232, 72
2026/07/29 13:02:00.122, 289.86, 100, 74232, 72
2026/07/29 13:02:01.161, 294.42, 100, 74232, 72
2026/07/29 13:02:02.198, 300.64, 100, 74232, 72
2026/07/29 13:02:03.238, 303.53, 100, 74232, 72
2026/07/29 13:02:04.276, 299.55, 100, 74232, 72
2026/07/29 13:02:05.313, 296.95, 100, 74232, 72
2026/07/29 13:02:06.351, 294.52, 100, 74232, 72
2026/07/29 13:02:07.388, 301.03, 100, 74232, 72
2026/07/29 13:02:08.430, 289.36, 100, 74232, 72
2026/07/29 13:02:09.469, 293.72, 100, 74232, 72
2026/07/29 13:02:10.506, 302.00, 100, 74232, 72
2026/07/29 13:02:11.544, 297.80, 100, 74232, 72
2026/07/29 13:02:12.582, 297.91, 100, 74232, 72
2026/07/29 13:02:13.620, 295.97, 100, 74232, 72
2026/07/29 13:02:14.660, 293.83, 100, 74232, 72
2026/07/29 13:02:15.702, 288.39, 100, 74232, 72
2026/07/29 13:02:16.741, 293.63, 100, 74232, 72
2026/07/29 13:02:17.782, 301.08, 100, 74232, 72
2026/07/29 13:02:18.820, 301.69, 100, 74232, 72
2026/07/29 13:02:19.859, 302.28, 100, 74232, 72
2026/07/29 13:02:20.897, 298.22, 100, 74232, 72
2026/07/29 13:02:21.934, 296.36, 100, 74232, 72
2026/07/29 13:02:22.972, 295.68, 100, 74232, 72
2026/07/29 13:02:24.009, 301.41, 100, 74232, 72
2026/07/29 13:02:25.048, 292.94, 100, 74232, 72
2026/07/29 13:02:26.085, 301.61, 100, 74232, 71
2026/07/29 13:02:27.119, 300.12, 100, 74232, 74
2026/07/29 13:02:28.154, 291.72, 100, 74232, 74
2026/07/29 13:02:29.189, 301.79, 100, 74232, 74
2026/07/29 13:02:30.226, 298.12, 100, 74232, 74
2026/07/29 13:02:31.261, 303.61, 100, 74232, 74
2026/07/29 13:02:32.297, 300.03, 100, 74232, 74
2026/07/29 13:02:33.333, 305.40, 100, 74232, 72
2026/07/29 13:02:34.371, 307.41, 100, 74232, 73
2026/07/29 13:02:35.411, 297.25, 100, 74232, 73
2026/07/29 13:02:36.448, 299.09, 100, 74232, 73
2026/07/29 13:02:37.485, 300.54, 100, 74232, 73
2026/07/29 13:02:38.523, 298.78, 100, 74232, 73
2026/07/29 13:02:39.561, 298.79, 100, 74232, 73
2026/07/29 13:02:40.598, 300.72, 100, 74232, 73
2026/07/29 13:02:41.636, 297.41, 100, 74232, 73
2026/07/29 13:02:42.672, 302.00, 100, 74232, 73
2026/07/29 13:02:43.710, 300.91, 100, 74232, 73
2026/07/29 13:02:44.747, 304.89, 100, 74232, 73
2026/07/29 13:02:45.784, 299.65, 100, 74232, 73
2026/07/29 13:02:46.822, 301.12, 100, 74232, 73
2026/07/29 13:02:47.862, 301.98, 100, 74232, 73
2026/07/29 13:02:48.899, 299.18, 100, 74232, 73
2026/07/29 13:02:49.936, 300.45, 100, 74232, 73
2026/07/29 13:02:50.974, 301.14, 100, 74232, 73
2026/07/29 13:02:52.011, 299.07, 100, 74232, 73
2026/07/29 13:02:53.048, 299.75, 100, 74232, 73
2026/07/29 13:02:54.087, 301.59, 100, 74232, 73
2026/07/29 13:02:55.126, 295.60, 100, 74232, 73
2026/07/29 13:02:56.164, 300.71, 100, 74232, 73
2026/07/29 13:02:57.203, 300.41, 100, 74232, 73
2026/07/29 13:02:58.241, 301.52, 100, 74232, 73
2026/07/29 13:02:59.279, 299.55, 100, 74232, 73
2026/07/29 13:03:00.317, 298.77, 100, 74232, 73
2026/07/29 13:03:01.355, 301.30, 100, 74232, 73
2026/07/29 13:03:02.395, 298.41, 100, 74232, 73
2026/07/29 13:03:03.433, 299.54, 100, 74232, 73
2026/07/29 13:03:04.473, 301.01, 100, 74232, 73
2026/07/29 13:03:05.512, 296.36, 100, 74232, 73
2026/07/29 13:03:06.550, 297.81, 100, 74232, 73
2026/07/29 13:03:07.588, 293.74, 100, 74232, 73
2026/07/29 13:03:08.627, 302.17, 100, 74232, 73
2026/07/29 13:03:09.665, 305.07, 100, 74232, 73
2026/07/29 13:03:10.702, 300.16, 100, 74232, 73
2026/07/29 13:03:11.744, 300.83, 100, 74232, 73
2026/07/29 13:03:12.781, 301.67, 100, 74232, 73
2026/07/29 13:03:13.818, 298.68, 100, 74232, 73
2026/07/29 13:03:14.856, 300.53, 100, 74232, 73
2026/07/29 13:03:15.893, 300.92, 100, 74232, 73
2026/07/29 13:03:16.932, 296.94, 100, 74232, 73
2026/07/29 13:03:17.968, 300.24, 100, 74232, 73
2026/07/29 13:03:19.010, 300.73, 100, 74232, 73
2026/07/29 13:03:20.048, 296.75, 100, 74232, 73
2026/07/29 13:03:21.086, 300.36, 100, 74232, 73
2026/07/29 13:03:22.123, 302.57, 100, 74232, 73
2026/07/29 13:03:23.162, 303.72, 100, 74232, 73
2026/07/29 13:03:24.199, 299.56, 100, 74232, 73
2026/07/29 13:03:25.241, 302.09, 100, 74232, 73
2026/07/29 13:03:26.279, 302.45, 100, 74232, 73
2026/07/29 13:03:27.316, 299.68, 100, 74232, 73
2026/07/29 13:03:28.354, 301.29, 100, 74232, 73
2026/07/29 13:03:29.391, 300.83, 100, 74232, 73
2026/07/29 13:03:30.428, 298.01, 100, 74232, 73
2026/07/29 13:03:31.466, 300.81, 100, 74232, 73
2026/07/29 13:03:32.503, 296.92, 100, 74232, 73
2026/07/29 13:03:33.542, 297.13, 100, 74232, 73
2026/07/29 13:03:34.581, 300.22, 100, 74232, 73
2026/07/29 13:03:35.619, 301.98, 100, 74232, 73
2026/07/29 13:03:36.657, 301.72, 100, 74232, 73
2026/07/29 13:03:37.695, 299.19, 100, 74232, 73
2026/07/29 13:03:38.735, 301.60, 100, 74232, 73
2026/07/29 13:03:39.772, 300.91, 100, 74232, 72
2026/07/29 13:03:40.809, 297.32, 100, 74232, 72
2026/07/29 13:03:41.849, 300.54, 100, 74232, 72
2026/07/29 13:03:42.887, 293.45, 100, 74232, 72
2026/07/29 13:03:43.925, 296.36, 100, 74232, 72
2026/07/29 13:03:44.964, 293.04, 100, 74232, 72
2026/07/29 13:03:46.002, 293.84, 100, 74232, 72
2026/07/29 13:03:47.039, 293.74, 100, 74232, 72
2026/07/29 13:03:48.077, 287.12, 100, 74232, 72
2026/07/29 13:03:49.115, 291.40, 100, 74232, 72
2026/07/29 13:03:50.158, 288.61, 100, 74232, 72
2026/07/29 13:03:51.200, 285.29, 100, 74232, 72
2026/07/29 13:03:52.237, 290.23, 100, 74232, 72
2026/07/29 13:03:53.283, 297.73, 100, 74232, 72
2026/07/29 13:03:54.320, 295.01, 100, 74232, 72
2026/07/29 13:03:55.357, 292.75, 100, 74232, 72
2026/07/29 13:03:56.399, 299.56, 100, 74232, 72
2026/07/29 13:03:57.438, 300.53, 100, 74232, 72
2026/07/29 13:03:58.475, 297.34, 100, 74232, 72
2026/07/29 13:03:59.514, 286.36, 100, 74232, 72
2026/07/29 13:04:00.551, 290.17, 100, 74232, 72
2026/07/29 13:04:01.593, 295.69, 100, 74232, 72
2026/07/29 13:04:02.629, 294.13, 100, 74232, 72
2026/07/29 13:04:03.667, 298.90, 100, 74232, 72
2026/07/29 13:04:04.704, 300.34, 100, 74232, 72
2026/07/29 13:04:05.741, 301.60, 100, 74232, 72
2026/07/29 13:04:06.778, 298.67, 100, 74232, 72
2026/07/29 13:04:07.816, 301.01, 100, 74232, 72
2026/07/29 13:04:08.853, 299.77, 100, 74232, 72
2026/07/29 13:04:09.890, 301.11, 100, 74232, 72
2026/07/29 13:04:10.928, 299.09, 100, 74232, 72
2026/07/29 13:04:11.966, 294.24, 100, 74232, 72
2026/07/29 13:04:13.008, 300.82, 100, 74232, 72
2026/07/29 13:04:14.046, 302.78, 100, 74232, 72
2026/07/29 13:04:15.085, 292.47, 100, 74232, 72
2026/07/29 13:04:16.125, 288.57, 100, 74232, 72
2026/07/29 13:04:17.162, 289.76, 100, 74232, 72
2026/07/29 13:04:18.206, 297.63, 100, 74232, 72
2026/07/29 13:04:19.244, 296.85, 100, 74232, 72
2026/07/29 13:04:20.280, 292.57, 100, 74232, 72
2026/07/29 13:04:21.319, 300.92, 100, 74232, 72
2026/07/29 13:04:22.359, 289.46, 100, 74232, 72
2026/07/29 13:04:23.398, 295.31, 100, 74232, 72
2026/07/29 13:04:24.436, 300.15, 100, 74232, 72
2026/07/29 13:04:25.475, 299.18, 100, 74232, 72
2026/07/29 13:04:26.513, 301.69, 100, 74232, 72
2026/07/29 13:04:27.551, 296.64, 100, 74232, 72
2026/07/29 13:04:28.590, 296.35, 100, 74232, 73
2026/07/29 13:04:29.628, 300.05, 100, 74232, 73
2026/07/29 13:04:30.666, 300.82, 100, 74232, 73
2026/07/29 13:04:31.705, 301.50, 100, 74232, 73
2026/07/29 13:04:32.743, 299.27, 100, 74232, 73
2026/07/29 13:04:33.781, 301.77, 100, 74232, 73
2026/07/29 13:04:34.818, 301.83, 100, 74232, 73
2026/07/29 13:04:35.857, 301.90, 100, 74232, 73
2026/07/29 13:04:36.895, 299.00, 100, 74232, 73
2026/07/29 13:04:37.933, 301.33, 100, 74232, 73
2026/07/29 13:04:38.971, 300.94, 100, 74232, 73
2026/07/29 13:04:40.008, 302.37, 100, 74232, 73
2026/07/29 13:04:41.046, 298.98, 100, 74232, 73
2026/07/29 13:04:42.083, 298.58, 100, 74232, 73
2026/07/29 13:04:43.123, 301.24, 100, 74232, 73
2026/07/29 13:04:44.159, 301.73, 100, 74232, 73
2026/07/29 13:04:45.197, 301.40, 100, 74232, 73
2026/07/29 13:04:46.233, 297.63, 100, 74232, 73
2026/07/29 13:04:47.271, 300.64, 100, 74232, 73
2026/07/29 13:04:48.309, 300.41, 100, 74232, 73
2026/07/29 13:04:49.348, 301.31, 100, 74232, 73
2026/07/29 13:04:50.386, 297.61, 100, 74232, 73
2026/07/29 13:04:51.424, 300.52, 100, 74232, 73
2026/07/29 13:04:52.463, 300.41, 100, 74232, 73
2026/07/29 13:04:53.502, 301.20, 100, 74232, 73
2026/07/29 13:04:54.540, 303.54, 100, 74232, 73
2026/07/29 13:04:55.578, 302.15, 100, 74232, 73
2026/07/29 13:04:56.616, 299.67, 100, 74232, 73
2026/07/29 13:04:57.655, 301.20, 100, 74232, 73
2026/07/29 13:04:58.691, 301.96, 100, 74232, 73
2026/07/29 13:04:59.729, 302.36, 100, 74232, 73
2026/07/29 13:05:00.767, 299.73, 100, 74232, 73
2026/07/29 13:05:01.806, 286.20, 100, 74232, 73
2026/07/29 13:05:02.843, 293.07, 100, 74232, 73
2026/07/29 13:05:03.880, 294.14, 100, 74232, 73
2026/07/29 13:05:04.916, 300.73, 100, 74232, 73
2026/07/29 13:05:05.957, 302.19, 100, 74232, 73
2026/07/29 13:05:06.996, 299.87, 100, 74232, 73
2026/07/29 13:05:08.033, 301.41, 100, 74232, 73
2026/07/29 13:05:09.076, 300.63, 100, 74232, 73
2026/07/29 13:05:10.114, 301.22, 100, 74232, 73
2026/07/29 13:05:11.151, 302.67, 100, 74232, 73
2026/07/29 13:05:12.192, 302.36, 100, 74232, 73
2026/07/29 13:05:13.229, 299.18, 100, 74232, 73
2026/07/29 13:05:14.267, 295.10, 100, 74232, 73
2026/07/29 13:05:15.306, 298.10, 100, 74232, 73
2026/07/29 13:05:16.344, 298.71, 100, 74232, 73
2026/07/29 13:05:17.382, 294.43, 100, 74232, 73
2026/07/29 13:05:18.419, 298.50, 100, 74232, 73
2026/07/29 13:05:19.459, 299.87, 100, 74232, 73
2026/07/29 13:05:20.497, 301.40, 100, 74232, 73
2026/07/29 13:05:21.534, 301.58, 100, 74232, 73
2026/07/29 13:05:22.572, 301.51, 100, 74232, 73
2026/07/29 13:05:23.609, 298.30, 100, 74232, 73
2026/07/29 13:05:24.647, 297.72, 100, 74232, 73
2026/07/29 13:05:25.684, 292.97, 100, 74232, 72
2026/07/29 13:05:26.726, 301.31, 100, 74232, 73
2026/07/29 13:05:27.764, 301.38, 100, 74232, 73
2026/07/29 13:05:28.802, 301.30, 100, 74232, 73
2026/07/29 13:05:29.841, 299.88, 100, 74232, 73
2026/07/29 13:05:30.879, 299.65, 100, 74232, 73
2026/07/29 13:05:31.917, 299.73, 100, 74232, 73
2026/07/29 13:05:32.956, 301.51, 100, 74232, 73
2026/07/29 13:05:33.994, 301.61, 100, 74232, 73
2026/07/29 13:05:35.032, 297.55, 100, 74232, 73
2026/07/29 13:05:36.068, 301.12, 100, 74232, 73
2026/07/29 13:05:37.107, 301.70, 100, 74232, 73
2026/07/29 13:05:38.144, 302.37, 100, 74232, 73
2026/07/29 13:05:39.182, 298.00, 100, 74232, 73
2026/07/29 13:05:40.221, 297.04, 100, 74232, 73
2026/07/29 13:05:41.258, 300.14, 100, 74232, 73
2026/07/29 13:05:42.297, 301.99, 100, 74232, 73
2026/07/29 13:05:43.334, 296.78, 100, 74232, 73
2026/07/29 13:05:44.372, 302.19, 100, 74232, 73
2026/07/29 13:05:45.410, 299.15, 100, 74232, 73
2026/07/29 13:05:46.449, 302.20, 100, 74232, 73
2026/07/29 13:05:47.486, 302.87, 100, 74232, 73
2026/07/29 13:05:48.524, 302.03, 100, 74232, 73
2026/07/29 13:05:49.561, 297.44, 100, 74232, 73
2026/07/29 13:05:50.599, 300.26, 100, 74232, 73
2026/07/29 13:05:51.638, 293.44, 100, 74232, 73
2026/07/29 13:05:52.676, 301.97, 100, 74232, 73
2026/07/29 13:05:53.716, 302.47, 100, 74232, 73
2026/07/29 13:05:54.754, 290.35, 100, 74232, 73
2026/07/29 13:05:55.792, 290.53, 100, 74232, 73
2026/07/29 13:05:56.831, 293.64, 100, 74232, 73
2026/07/29 13:05:57.868, 291.89, 100, 74232, 73
2026/07/29 13:05:58.908, 294.65, 100, 74232, 73
2026/07/29 13:05:59.947, 301.89, 100, 74232, 73
2026/07/29 13:06:00.986, 294.61, 100, 74232, 73
2026/07/29 13:06:02.025, 297.62, 100, 74232, 73
2026/07/29 13:06:03.062, 296.07, 100, 74232, 73
2026/07/29 13:06:04.102, 292.88, 100, 74232, 73
2026/07/29 13:06:05.141, 293.26, 100, 74232, 73
2026/07/29 13:06:06.178, 296.07, 100, 74232, 73
2026/07/29 13:06:07.218, 300.73, 100, 74232, 73
2026/07/29 13:06:08.254, 290.35, 100, 74232, 73
2026/07/29 13:06:09.293, 292.57, 100, 74232, 73
2026/07/29 13:06:10.331, 293.85, 100, 74232, 73
2026/07/29 13:06:11.373, 301.61, 100, 74232, 73
2026/07/29 13:06:12.410, 302.78, 100, 74232, 73
2026/07/29 13:06:13.447, 302.18, 100, 74232, 73
2026/07/29 13:06:14.486, 303.25, 100, 74232, 73
2026/07/29 13:06:15.523, 296.39, 100, 74232, 73
2026/07/29 13:06:16.561, 299.36, 100, 74232, 73
2026/07/29 13:06:17.598, 295.10, 100, 74232, 73
2026/07/29 13:06:18.635, 296.66, 100, 74232, 73
2026/07/29 13:06:19.675, 302.47, 100, 74232, 73
2026/07/29 13:06:20.716, 293.93, 100, 74232, 73
2026/07/29 13:06:21.756, 294.81, 100, 74232, 73
2026/07/29 13:06:22.793, 297.14, 100, 74232, 73
2026/07/29 13:06:23.831, 299.75, 100, 74232, 73
2026/07/29 13:06:24.868, 298.39, 100, 74232, 73
2026/07/29 13:06:25.909, 301.30, 100, 74232, 73
2026/07/29 13:06:26.947, 292.48, 100, 74232, 73
2026/07/29 13:06:27.985, 290.05, 100, 74232, 73
2026/07/29 13:06:29.024, 294.42, 100, 74232, 73
2026/07/29 13:06:30.061, 294.04, 100, 74232, 73
2026/07/29 13:06:31.099, 295.59, 100, 74232, 73
2026/07/29 13:06:32.136, 295.10, 100, 74232, 73
2026/07/29 13:06:33.178, 301.71, 100, 74232, 73
2026/07/29 13:06:34.216, 298.60, 100, 74232, 73
2026/07/29 13:06:35.254, 300.64, 100, 74232, 73
2026/07/29 13:06:36.292, 298.70, 100, 74232, 73
2026/07/29 13:06:37.329, 301.13, 100, 74232, 73
2026/07/29 13:06:38.368, 302.23, 100, 74232, 73
2026/07/29 13:06:39.406, 304.23, 100, 74232, 73
2026/07/29 13:06:40.446, 302.87, 100, 74232, 73
2026/07/29 13:06:41.484, 298.02, 100, 74232, 73
2026/07/29 13:06:42.521, 301.33, 100, 74232, 73
2026/07/29 13:06:43.559, 301.41, 100, 74232, 73
2026/07/29 13:06:44.597, 301.61, 100, 74232, 73
2026/07/29 13:06:45.635, 302.38, 100, 74232, 73
2026/07/29 13:06:46.674, 302.65, 100, 74232, 73
2026/07/29 13:06:47.711, 304.59, 100, 74232, 73
2026/07/29 13:06:48.750, 300.14, 100, 74232, 73
2026/07/29 13:06:49.788, 301.41, 100, 74232, 73
2026/07/29 13:06:50.828, 301.31, 100, 74232, 73
2026/07/29 13:06:51.866, 301.99, 100, 74232, 73
2026/07/29 13:06:52.905, 303.15, 100, 74232, 73
2026/07/29 13:06:53.943, 302.40, 100, 74232, 73
2026/07/29 13:06:54.980, 302.28, 100, 74232, 73
2026/07/29 13:06:56.019, 299.39, 100, 74232, 73
2026/07/29 13:06:57.057, 303.83, 100, 74232, 73
2026/07/29 13:06:58.094, 297.94, 100, 74232, 73
2026/07/29 13:06:59.134, 301.33, 100, 74232, 73
2026/07/29 13:07:00.172, 301.12, 100, 74232, 73
2026/07/29 13:07:01.216, 301.53, 100, 74232, 73
2026/07/29 13:07:02.256, 302.32, 100, 74232, 73
2026/07/29 13:07:03.293, 294.62, 100, 74232, 73
2026/07/29 13:07:04.334, 302.97, 100, 74232, 73
2026/07/29 13:07:05.373, 296.58, 100, 74232, 73
2026/07/29 13:07:06.413, 303.36, 100, 74232, 73
2026/07/29 13:07:07.453, 298.28, 100, 74232, 73
2026/07/29 13:07:08.492, 300.64, 100, 74232, 73
2026/07/29 13:07:09.529, 300.56, 100, 74232, 73
2026/07/29 13:07:10.567, 302.17, 100, 74232, 73
2026/07/29 13:07:11.604, 302.97, 100, 74232, 73
2026/07/29 13:07:12.642, 301.99, 100, 74232, 73
2026/07/29 13:07:13.680, 303.54, 100, 74232, 73
2026/07/29 13:07:14.718, 303.15, 100, 74232, 73
2026/07/29 13:07:15.755, 299.45, 100, 74232, 73
2026/07/29 13:07:16.798, 304.51, 100, 74232, 73
2026/07/29 13:07:17.836, 300.24, 100, 74232, 73
2026/07/29 13:07:18.873, 300.94, 100, 74232, 73
2026/07/29 13:07:19.912, 295.56, 100, 74232, 73
2026/07/29 13:07:20.950, 301.50, 100, 74232, 73
2026/07/29 13:07:21.988, 301.92, 100, 74232, 73
2026/07/29 13:07:23.025, 291.02, 100, 74232, 73
2026/07/29 13:07:24.062, 291.02, 100, 74232, 73
2026/07/29 13:07:25.099, 295.31, 100, 74232, 73
2026/07/29 13:07:26.140, 295.10, 100, 74232, 73
2026/07/29 13:07:27.179, 97.98, 0, 74232, 70
2026/07/29 13:07:28.215, 309.91, 100, 74232, 74
2026/07/29 13:07:29.250, 297.99, 100, 74232, 74
2026/07/29 13:07:30.290, 303.19, 100, 74232, 74
2026/07/29 13:07:31.325, 296.07, 100, 74232, 74
2026/07/29 13:07:32.360, 276.44, 100, 74232, 74
2026/07/29 13:07:33.402, 294.15, 100, 74232, 74
2026/07/29 13:07:34.437, 300.64, 100, 74232, 73
2026/07/29 13:07:35.475, 299.01, 100, 74232, 73
2026/07/29 13:07:36.513, 300.25, 100, 74232, 73
2026/07/29 13:07:37.553, 301.22, 100, 74232, 73
2026/07/29 13:07:38.591, 298.90, 100, 74232, 73
2026/07/29 13:07:39.628, 295.87, 100, 74232, 73
2026/07/29 13:07:40.667, 301.70, 100, 74232, 73
2026/07/29 13:07:41.704, 293.75, 100, 74232, 73
2026/07/29 13:07:42.744, 300.94, 100, 74232, 73
2026/07/29 13:07:43.782, 293.94, 100, 74232, 73
2026/07/29 13:07:44.820, 291.13, 100, 74232, 73
2026/07/29 13:07:45.859, 292.09, 100, 74232, 73
2026/07/29 13:07:46.896, 296.48, 100, 74232, 73
2026/07/29 13:07:47.937, 302.20, 100, 74232, 73
2026/07/29 13:07:48.975, 296.54, 100, 74232, 73
2026/07/29 13:07:50.013, 299.54, 100, 74232, 73
2026/07/29 13:07:51.051, 302.02, 100, 74232, 73
2026/07/29 13:07:52.088, 298.32, 100, 74232, 73
2026/07/29 13:07:53.125, 301.21, 100, 74232, 73
2026/07/29 13:07:54.163, 302.41, 100, 74232, 73
2026/07/29 13:07:55.200, 298.67, 100, 74232, 73
2026/07/29 13:07:56.239, 298.70, 100, 74232, 73
2026/07/29 13:07:57.277, 301.11, 100, 74232, 73
2026/07/29 13:07:58.315, 298.67, 100, 74232, 73
2026/07/29 13:07:59.351, 301.41, 100, 74232, 73
2026/07/29 13:08:00.389, 301.49, 100, 74232, 73
2026/07/29 13:08:01.427, 302.90, 100, 74232, 73
2026/07/29 13:08:02.464, 299.77, 100, 74232, 73
2026/07/29 13:08:03.502, 300.41, 100, 74232, 73
2026/07/29 13:08:04.540, 302.58, 100, 74232, 73
2026/07/29 13:08:05.578, 298.00, 100, 74232, 73
2026/07/29 13:08:06.617, 298.03, 100, 74232, 73
2026/07/29 13:08:07.658, 301.88, 100, 74232, 73
2026/07/29 13:08:08.696, 302.41, 100, 74232, 73
2026/07/29 13:08:09.734, 305.72, 100, 74232, 73
2026/07/29 13:08:10.772, 300.93, 100, 74232, 73
2026/07/29 13:08:11.810, 302.59, 100, 74232, 73
2026/07/29 13:08:12.849, 302.10, 100, 74232, 73
2026/07/29 13:08:13.888, 298.90, 100, 74232, 73
2026/07/29 13:08:14.926, 302.95, 100, 74232, 73
2026/07/29 13:08:15.965, 301.80, 100, 74232, 73
2026/07/29 13:08:17.003, 296.57, 100, 74232, 73
2026/07/29 13:08:18.047, 294.70, 100, 74232, 73
2026/07/29 13:08:19.086, 290.75, 100, 74232, 73
2026/07/29 13:08:20.124, 294.80, 100, 74232, 73
2026/07/29 13:08:21.162, 298.51, 100, 74232, 73
2026/07/29 13:08:22.200, 296.35, 100, 74232, 73
2026/07/29 13:08:23.236, 301.87, 100, 74232, 73
2026/07/29 13:08:24.274, 297.20, 100, 74232, 73
2026/07/29 13:08:25.313, 301.28, 100, 74232, 73
2026/07/29 13:08:26.352, 300.44, 100, 74232, 73
2026/07/29 13:08:27.389, 302.12, 100, 74232, 73
2026/07/29 13:08:28.427, 296.57, 100, 74232, 73
2026/07/29 13:08:29.465, 301.12, 100, 74232, 73
2026/07/29 13:08:30.502, 301.60, 100, 74232, 73
2026/07/29 13:08:31.539, 302.50, 100, 74232, 73
2026/07/29 13:08:32.577, 303.73, 100, 74232, 73
2026/07/29 13:08:33.615, 301.11, 100, 74232, 73
2026/07/29 13:08:34.652, 301.81, 100, 74232, 73
2026/07/29 13:08:35.691, 298.13, 100, 74232, 73
2026/07/29 13:08:36.728, 295.98, 100, 74232, 73
2026/07/29 13:08:37.767, 298.41, 100, 74232, 73
2026/07/29 13:08:38.804, 298.41, 100, 74232, 73
2026/07/29 13:08:39.842, 302.48, 100, 74232, 73
2026/07/29 13:08:40.880, 300.65, 100, 74232, 73
2026/07/29 13:08:41.917, 293.07, 100, 74232, 73
2026/07/29 13:08:42.954, 302.00, 100, 74232, 73
2026/07/29 13:08:43.992, 298.39, 100, 74232, 73
2026/07/29 13:08:45.034, 300.63, 100, 74232, 73
2026/07/29 13:08:46.073, 301.43, 100, 74232, 73
2026/07/29 13:08:47.111, 295.30, 100, 74232, 73
2026/07/29 13:08:48.149, 299.39, 100, 74232, 73
2026/07/29 13:08:49.186, 299.30, 100, 74232, 73
2026/07/29 13:08:50.225, 301.80, 100, 74232, 73
2026/07/29 13:08:51.263, 298.30, 100, 74232, 73
2026/07/29 13:08:52.301, 298.02, 100, 74232, 73
2026/07/29 13:08:53.339, 293.35, 100, 74232, 73
2026/07/29 13:08:54.376, 295.99, 100, 74232, 73
2026/07/29 13:08:55.415, 294.62, 100, 74232, 73
2026/07/29 13:08:56.453, 299.48, 100, 74232, 73
2026/07/29 13:08:57.492, 301.70, 100, 74232, 73
2026/07/29 13:08:58.530, 302.66, 100, 74232, 73
2026/07/29 13:08:59.569, 298.41, 100, 74232, 73
2026/07/29 13:09:00.606, 301.72, 100, 74232, 73
2026/07/29 13:09:01.644, 302.29, 100, 74232, 73
2026/07/29 13:09:02.682, 300.67, 100, 74232, 73
2026/07/29 13:09:03.720, 301.52, 100, 74232, 73
2026/07/29 13:09:04.758, 301.98, 100, 74232, 73
2026/07/29 13:09:05.796, 302.36, 100, 74232, 73
2026/07/29 13:09:06.833, 298.03, 100, 74232, 73
2026/07/29 13:09:07.879, 301.12, 100, 74232, 73
2026/07/29 13:09:08.916, 295.39, 100, 74232, 73
2026/07/29 13:09:09.953, 295.20, 100, 74232, 73
2026/07/29 13:09:10.995, 288.97, 100, 74232, 73
2026/07/29 13:09:12.032, 293.26, 100, 74232, 73
2026/07/29 13:09:13.069, 301.81, 100, 74232, 73
2026/07/29 13:09:14.106, 304.41, 100, 74232, 73
2026/07/29 13:09:15.142, 302.46, 100, 74232, 73
2026/07/29 13:09:16.178, 300.23, 100, 74232, 73
2026/07/29 13:09:17.214, 300.94, 100, 74232, 73
2026/07/29 13:09:18.251, 302.41, 100, 74232, 73
2026/07/29 13:09:19.287, 305.38, 100, 74232, 73
2026/07/29 13:09:20.324, 300.14, 100, 74232, 73
2026/07/29 13:09:21.361, 301.32, 100, 74232, 73
2026/07/29 13:09:22.399, 301.64, 100, 74232, 73
2026/07/29 13:09:23.436, 302.50, 100, 74232, 73
2026/07/29 13:09:24.473, 300.13, 100, 74232, 73
2026/07/29 13:09:25.510, 298.91, 100, 74232, 73
2026/07/29 13:09:26.549, 300.54, 100, 74232, 73
2026/07/29 13:09:27.586, 301.90, 100, 74232, 73
2026/07/29 13:09:28.626, 301.80, 100, 74232, 73
2026/07/29 13:09:29.664, 297.91, 100, 74232, 73
2026/07/29 13:09:30.702, 300.83, 100, 74232, 73
2026/07/29 13:09:31.739, 301.32, 100, 74232, 73
2026/07/29 13:09:32.778, 302.18, 100, 74232, 73
2026/07/29 13:09:33.816, 298.19, 100, 74232, 73
2026/07/29 13:09:34.852, 300.74, 100, 74232, 73
2026/07/29 13:09:35.891, 301.12, 100, 74232, 73
2026/07/29 13:09:36.928, 301.83, 100, 74232, 73
2026/07/29 13:09:37.969, 302.17, 100, 74232, 73
2026/07/29 13:09:39.007, 291.23, 100, 74232, 73
2026/07/29 13:09:40.043, 291.78, 100, 74232, 73
2026/07/29 13:09:41.080, 293.55, 100, 74232, 73
2026/07/29 13:09:42.118, 293.35, 100, 74232, 73
2026/07/29 13:09:43.156, 294.53, 100, 74232, 73
2026/07/29 13:09:44.194, 291.61, 100, 74232, 73
2026/07/29 13:09:45.231, 290.52, 100, 74232, 73
2026/07/29 13:09:46.268, 289.28, 100, 74232, 73
2026/07/29 13:09:47.306, 290.16, 100, 74232, 73
2026/07/29 13:09:48.342, 301.21, 100, 74232, 73
2026/07/29 13:09:49.379, 302.00, 100, 74232, 73
2026/07/29 13:09:50.418, 299.86, 100, 74232, 73
2026/07/29 13:09:51.455, 298.88, 100, 74232, 73
2026/07/29 13:09:52.493, 301.42, 100, 74232, 73
2026/07/29 13:09:53.531, 302.38, 100, 74232, 73
2026/07/29 13:09:54.569, 297.92, 100, 74232, 73
2026/07/29 13:09:55.605, 295.98, 100, 74232, 73
2026/07/29 13:09:56.643, 300.44, 100, 74232, 73
2026/07/29 13:09:57.681, 300.64, 100, 74232, 73
2026/07/29 13:09:58.719, 301.42, 100, 74232, 73
2026/07/29 13:09:59.756, 303.92, 100, 74232, 73
2026/07/29 13:10:00.793, 299.97, 100, 74232, 73
2026/07/29 13:10:01.829, 299.84, 100, 74232, 73
2026/07/29 13:10:02.865, 300.74, 100, 74232, 73
2026/07/29 13:10:03.902, 301.94, 100, 74232, 73
2026/07/29 13:10:04.938, 301.32, 100, 74232, 73
2026/07/29 13:10:05.976, 298.02, 100, 74232, 73
2026/07/29 13:10:07.012, 301.22, 100, 74232, 73
2026/07/29 13:10:08.049, 302.09, 100, 74232, 73
2026/07/29 13:10:09.087, 300.64, 100, 74232, 73
2026/07/29 13:10:10.124, 297.91, 100, 74232, 73
2026/07/29 13:10:11.160, 300.33, 100, 74232, 73
2026/07/29 13:10:12.196, 299.65, 100, 74232, 73
2026/07/29 13:10:13.237, 302.11, 100, 74232, 73
2026/07/29 13:10:14.275, 297.14, 100, 74232, 73
2026/07/29 13:10:15.312, 296.76, 100, 74232, 73
2026/07/29 13:10:16.349, 300.06, 100, 74232, 73
2026/07/29 13:10:17.385, 301.34, 100, 74232, 73
2026/07/29 13:10:18.421, 302.66, 100, 74232, 73
2026/07/29 13:10:19.458, 301.80, 100, 74232, 73
2026/07/29 13:10:20.495, 299.25, 100, 74232, 73
2026/07/29 13:10:21.531, 300.92, 100, 74232, 73
2026/07/29 13:10:22.568, 300.35, 100, 74232, 73
2026/07/29 13:10:23.606, 302.12, 100, 74232, 73
2026/07/29 13:10:24.643, 298.10, 100, 74232, 73
2026/07/29 13:10:25.681, 297.81, 100, 74232, 73
2026/07/29 13:10:26.717, 300.63, 100, 74232, 73
2026/07/29 13:10:27.755, 302.66, 100, 74232, 73
2026/07/29 13:10:28.791, 295.89, 100, 74232, 73
2026/07/29 13:10:29.829, 294.62, 100, 74232, 73
2026/07/29 13:10:30.867, 290.62, 100, 74232, 73
2026/07/29 13:10:31.904, 293.45, 100, 74232, 73
2026/07/29 13:10:32.943, 301.30, 100, 74232, 73
2026/07/29 13:10:33.982, 298.61, 100, 74232, 73
2026/07/29 13:10:35.022, 290.43, 100, 74232, 73
2026/07/29 13:10:36.059, 302.76, 100, 74232, 73
2026/07/29 13:10:37.096, 295.38, 100, 74232, 73
2026/07/29 13:10:38.132, 297.44, 100, 74232, 73
2026/07/29 13:10:39.169, 300.27, 100, 74232, 73
2026/07/29 13:10:40.205, 302.00, 100, 74232, 73
2026/07/29 13:10:41.244, 303.38, 100, 74232, 73
2026/07/29 13:10:42.284, 301.98, 100, 74232, 73
2026/07/29 13:10:43.322, 299.11, 100, 74232, 73
2026/07/29 13:10:44.359, 300.92, 100, 74232, 73
2026/07/29 13:10:45.396, 300.62, 100, 74232, 73
2026/07/29 13:10:46.433, 301.51, 100, 74232, 73
2026/07/29 13:10:47.471, 302.19, 100, 74232, 73
2026/07/29 13:10:48.507, 299.09, 100, 74232, 73
2026/07/29 13:10:49.544, 296.76, 100, 74232, 73
2026/07/29 13:10:50.581, 300.14, 100, 74232, 73
2026/07/29 13:10:51.619, 305.87, 100, 74232, 73
2026/07/29 13:10:52.656, 301.60, 100, 74232, 73
2026/07/29 13:10:53.693, 302.68, 100, 74232, 73
2026/07/29 13:10:54.730, 299.38, 100, 74232, 73
2026/07/29 13:10:55.767, 298.38, 100, 74232, 73
2026/07/29 13:10:56.804, 301.30, 100, 74232, 73
2026/07/29 13:10:57.843, 301.90, 100, 74232, 73
2026/07/29 13:10:58.879, 301.90, 100, 74232, 73
2026/07/29 13:10:59.918, 302.39, 100, 74232, 73
2026/07/29 13:11:00.955, 297.73, 100, 74232, 73
2026/07/29 13:11:01.991, 297.32, 100, 74232, 73
2026/07/29 13:11:03.027, 296.36, 100, 74232, 73
2026/07/29 13:11:04.065, 301.33, 100, 74232, 73
2026/07/29 13:11:05.102, 296.59, 100, 74232, 73
2026/07/29 13:11:06.139, 294.72, 100, 74232, 73
2026/07/29 13:11:07.176, 291.97, 100, 74232, 73
2026/07/29 13:11:08.217, 293.37, 100, 74232, 73
2026/07/29 13:11:09.254, 289.55, 100, 74232, 73
2026/07/29 13:11:10.291, 294.73, 100, 74232, 73
2026/07/29 13:11:11.329, 291.00, 100, 74232, 73
2026/07/29 13:11:12.373, 294.00, 100, 74232, 73
2026/07/29 13:11:13.410, 299.86, 100, 74232, 73
2026/07/29 13:11:14.448, 305.12, 100, 74232, 73
2026/07/29 13:11:15.485, 298.13, 100, 74232, 73
2026/07/29 13:11:16.523, 301.43, 100, 74232, 73
2026/07/29 13:11:17.559, 297.72, 100, 74232, 73
2026/07/29 13:11:18.600, 292.97, 100, 74232, 73
2026/07/29 13:11:19.643, 288.30, 100, 74232, 73
2026/07/29 13:11:20.680, 292.88, 100, 74232, 73
2026/07/29 13:11:21.722, 294.13, 100, 74232, 73
2026/07/29 13:11:22.759, 301.01, 100, 74232, 73
2026/07/29 13:11:23.795, 298.52, 100, 74232, 73
2026/07/29 13:11:24.834, 297.13, 100, 74232, 73
2026/07/29 13:11:25.870, 302.17, 100, 74232, 73
2026/07/29 13:11:26.910, 299.37, 100, 74232, 73
2026/07/29 13:11:27.947, 297.45, 100, 74232, 73
2026/07/29 13:11:28.989, 296.65, 100, 74232, 73
2026/07/29 13:11:30.026, 300.83, 100, 74232, 73
2026/07/29 13:11:31.062, 295.01, 100, 74232, 73
2026/07/29 13:11:32.099, 296.86, 100, 74232, 73
2026/07/29 13:11:33.138, 302.57, 100, 74232, 73
2026/07/29 13:11:34.174, 297.89, 100, 74232, 73
2026/07/29 13:11:35.213, 300.35, 100, 74232, 73
2026/07/29 13:11:36.249, 292.28, 100, 74232, 73
2026/07/29 13:11:37.285, 301.04, 100, 74232, 73
2026/07/29 13:11:38.323, 302.38, 100, 74232, 73
2026/07/29 13:11:39.358, 301.33, 100, 74232, 73
2026/07/29 13:11:40.394, 302.67, 100, 74232, 73
2026/07/29 13:11:41.430, 290.43, 100, 74232, 73
2026/07/29 13:11:42.465, 295.01, 100, 74232, 73
2026/07/29 13:11:43.510, 297.72, 100, 74232, 73
2026/07/29 13:11:44.547, 300.15, 100, 74232, 73
2026/07/29 13:11:45.583, 290.17, 100, 74232, 73
2026/07/29 13:11:46.620, 301.31, 100, 74232, 73
2026/07/29 13:11:47.657, 307.23, 100, 74232, 73
2026/07/29 13:11:48.694, 296.67, 100, 74232, 73
2026/07/29 13:11:49.731, 302.28, 100, 74232, 73
2026/07/29 13:11:50.770, 299.55, 100, 74232, 73
2026/07/29 13:11:51.807, 300.74, 100, 74232, 73
2026/07/29 13:11:52.844, 299.36, 100, 74232, 73
2026/07/29 13:11:53.881, 301.29, 100, 74232, 73
2026/07/29 13:11:54.919, 301.12, 100, 74232, 73
2026/07/29 13:11:55.956, 296.28, 100, 74232, 73
2026/07/29 13:11:56.997, 302.08, 100, 74232, 73
2026/07/29 13:11:58.034, 302.82, 100, 74232, 73
2026/07/29 13:11:59.073, 298.51, 100, 74232, 73
2026/07/29 13:12:00.110, 290.45, 100, 74232, 73
2026/07/29 13:12:01.146, 300.81, 100, 74232, 73
2026/07/29 13:12:02.183, 301.19, 100, 74232, 73
2026/07/29 13:12:03.218, 300.03, 100, 74232, 73
2026/07/29 13:12:04.256, 300.84, 100, 74232, 73
2026/07/29 13:12:05.294, 302.38, 100, 74232, 73
2026/07/29 13:12:06.333, 301.70, 100, 74232, 73
2026/07/29 13:12:07.369, 302.09, 100, 74232, 73
2026/07/29 13:12:08.407, 302.58, 100, 74232, 73
2026/07/29 13:12:09.444, 291.13, 100, 74232, 73
2026/07/29 13:12:10.480, 293.75, 100, 74232, 73
2026/07/29 13:12:11.517, 288.58, 100, 74232, 73
2026/07/29 13:12:12.554, 292.76, 100, 74232, 73
2026/07/29 13:12:13.591, 292.39, 100, 74232, 73
2026/07/29 13:12:14.628, 293.36, 100, 74232, 73
2026/07/29 13:12:15.666, 293.95, 100, 74232, 73
2026/07/29 13:12:16.703, 302.09, 100, 74232, 73
2026/07/29 13:12:17.741, 302.57, 100, 74232, 73
2026/07/29 13:12:18.779, 303.62, 100, 74232, 73
2026/07/29 13:12:19.819, 295.29, 100, 74232, 73
2026/07/29 13:12:20.856, 298.99, 100, 74232, 73
2026/07/29 13:12:21.893, 300.73, 100, 74232, 73
2026/07/29 13:12:22.931, 299.20, 100, 74232, 73
2026/07/29 13:12:23.969, 302.74, 100, 74232, 73
2026/07/29 13:12:25.007, 295.88, 100, 74232, 73
2026/07/29 13:12:26.044, 295.86, 100, 74232, 73
2026/07/29 13:12:27.081, 293.66, 100, 74232, 73
2026/07/29 13:12:28.119, 99.08, 0, 74232, 69
2026/07/29 13:12:29.151, 96.95, 0, 74232, 69
2026/07/29 13:12:30.183, 96.34, 0, 74232, 68
2026/07/29 13:12:31.214, 94.96, 0, 74232, 67
2026/07/29 13:12:32.247, 95.96, 0, 74232, 67
2026/07/29 13:12:33.279, 94.81, 0, 74232, 66
2026/07/29 13:12:34.310, 94.28, 0, 74232, 66
2026/07/29 13:12:35.342, 92.45, 0, 74232, 66
2026/07/29 13:12:36.375, 295.30, 100, 74232, 71
2026/07/29 13:12:37.409, 285.98, 100, 74232, 71
2026/07/29 13:12:38.443, 307.45, 100, 74232, 71
2026/07/29 13:12:39.480, 296.25, 100, 74232, 71
2026/07/29 13:12:40.514, 291.11, 100, 74232, 71
2026/07/29 13:12:41.548, 323.73, 100, 74232, 71
2026/07/29 13:12:42.583, 303.83, 100, 74232, 70
2026/07/29 13:12:43.620, 290.24, 100, 74232, 70
2026/07/29 13:12:44.660, 297.14, 100, 74232, 70
2026/07/29 13:12:45.698, 297.22, 100, 74232, 71
2026/07/29 13:12:46.739, 293.92, 100, 74232, 71
2026/07/29 13:12:47.781, 297.43, 100, 74232, 71
2026/07/29 13:12:48.817, 290.06, 100, 74232, 71
2026/07/29 13:12:49.855, 287.05, 100, 74232, 71
2026/07/29 13:12:50.894, 292.76, 100, 74232, 71
2026/07/29 13:12:51.936, 288.12, 100, 74232, 71
2026/07/29 13:12:52.973, 288.00, 100, 74232, 72
2026/07/29 13:12:54.015, 291.22, 100, 74232, 72
2026/07/29 13:12:55.053, 295.22, 100, 74232, 72
2026/07/29 13:12:56.091, 297.44, 100, 74232, 72
2026/07/29 13:12:57.133, 299.00, 100, 74232, 72
2026/07/29 13:12:58.171, 299.47, 100, 74232, 72
2026/07/29 13:12:59.209, 304.31, 100, 74232, 72
2026/07/29 13:13:00.245, 299.30, 100, 74232, 72
2026/07/29 13:13:01.282, 300.74, 100, 74232, 72
2026/07/29 13:13:02.321, 301.30, 100, 74232, 72
2026/07/29 13:13:03.359, 298.89, 100, 74232, 72
2026/07/29 13:13:04.399, 300.24, 100, 74232, 72
2026/07/29 13:13:05.436, 300.81, 100, 74232, 72
2026/07/29 13:13:06.477, 298.30, 100, 74232, 72
2026/07/29 13:13:07.514, 300.42, 100, 74232, 72
2026/07/29 13:13:08.551, 301.01, 100, 74232, 72
2026/07/29 13:13:09.589, 297.32, 100, 74232, 72
2026/07/29 13:13:10.629, 300.45, 100, 74232, 72
2026/07/29 13:13:11.668, 303.35, 100, 74232, 72
2026/07/29 13:13:12.705, 295.99, 100, 74232, 72
2026/07/29 13:13:13.742, 300.74, 100, 74232, 72
2026/07/29 13:13:14.780, 306.92, 100, 74232, 72
2026/07/29 13:13:15.824, 301.04, 100, 74232, 72
2026/07/29 13:13:16.862, 299.18, 100, 74232, 72
2026/07/29 13:13:17.900, 299.59, 100, 74232, 72
2026/07/29 13:13:18.939, 301.53, 100, 74232, 72
2026/07/29 13:13:19.979, 296.06, 100, 74232, 72
2026/07/29 13:13:21.021, 299.08, 100, 74232, 72
2026/07/29 13:13:22.059, 300.82, 100, 74232, 72
2026/07/29 13:13:23.096, 298.03, 100, 74232, 72
2026/07/29 13:13:24.134, 301.04, 100, 74232, 72
2026/07/29 13:13:25.171, 301.11, 100, 74232, 72
2026/07/29 13:13:26.209, 295.97, 100, 74232, 72
2026/07/29 13:13:27.256, 301.42, 100, 74232, 72
2026/07/29 13:13:28.296, 301.31, 100, 74232, 72
2026/07/29 13:13:29.333, 298.38, 100, 74232, 72
2026/07/29 13:13:30.372, 300.45, 100, 74232, 72
2026/07/29 13:13:31.410, 300.35, 100, 74232, 72
2026/07/29 13:13:32.447, 297.93, 100, 74232, 72
2026/07/29 13:13:33.484, 300.71, 100, 74232, 72
2026/07/29 13:13:34.523, 300.73, 100, 74232, 72
2026/07/29 13:13:35.560, 297.53, 100, 74232, 73
2026/07/29 13:13:36.599, 296.85, 100, 74232, 72
2026/07/29 13:13:37.636, 301.32, 100, 74232, 73
2026/07/29 13:13:38.673, 305.86, 100, 74232, 73
2026/07/29 13:13:39.711, 299.86, 100, 74232, 73
2026/07/29 13:13:40.750, 301.05, 100, 74232, 73
2026/07/29 13:13:41.788, 301.91, 100, 74232, 73
2026/07/29 13:13:42.825, 298.78, 100, 74232, 73
2026/07/29 13:13:43.864, 300.82, 100, 74232, 73
2026/07/29 13:13:44.901, 301.12, 100, 74232, 73
2026/07/29 13:13:45.940, 298.39, 100, 74232, 73
2026/07/29 13:13:46.977, 300.65, 100, 74232, 73
2026/07/29 13:13:48.015, 301.03, 100, 74232, 73
2026/07/29 13:13:49.052, 305.28, 100, 74232, 73
2026/07/29 13:13:50.089, 296.27, 100, 74232, 73
2026/07/29 13:13:51.126, 301.79, 100, 74232, 73
2026/07/29 13:13:52.165, 301.24, 100, 74232, 73
2026/07/29 13:13:53.202, 299.38, 100, 74232, 73
2026/07/29 13:13:54.243, 301.11, 100, 74232, 73
2026/07/29 13:13:55.281, 301.60, 100, 74232, 73
2026/07/29 13:13:56.318, 297.73, 100, 74232, 73
2026/07/29 13:13:57.355, 300.94, 100, 74232, 73
2026/07/29 13:13:58.391, 300.52, 100, 74232, 73
2026/07/29 13:13:59.429, 301.73, 100, 74232, 73
2026/07/29 13:14:00.467, 299.48, 100, 74232, 73
2026/07/29 13:14:01.505, 300.12, 100, 74232, 73
2026/07/29 13:14:02.542, 300.94, 100, 74232, 73
2026/07/29 13:14:03.581, 297.53, 100, 74232, 73
2026/07/29 13:14:04.619, 299.18, 100, 74232, 73
2026/07/29 13:14:05.661, 301.12, 100, 74232, 73
2026/07/29 13:14:06.698, 301.61, 100, 74232, 73
2026/07/29 13:14:07.735, 298.80, 100, 74232, 73
2026/07/29 13:14:08.773, 299.67, 100, 74232, 73
2026/07/29 13:14:09.810, 300.24, 100, 74232, 73
2026/07/29 13:14:10.848, 300.33, 100, 74232, 73
2026/07/29 13:14:11.884, 301.69, 100, 74232, 73
2026/07/29 13:14:12.923, 296.84, 100, 74232, 73
2026/07/29 13:14:13.962, 302.77, 100, 74232, 73
2026/07/29 13:14:15.000, 300.54, 100, 74232, 73
2026/07/29 13:14:16.037, 299.30, 100, 74232, 73
2026/07/29 13:14:17.075, 300.92, 100, 74232, 73
2026/07/29 13:14:18.112, 301.43, 100, 74232, 73
2026/07/29 13:14:19.149, 302.17, 100, 74232, 73
2026/07/29 13:14:20.187, 298.52, 100, 74232, 73
2026/07/29 13:14:21.223, 298.70, 100, 74232, 73
2026/07/29 13:14:22.262, 301.01, 100, 74232, 73
2026/07/29 13:14:23.300, 302.27, 100, 74232, 73
2026/07/29 13:14:24.339, 301.88, 100, 74232, 73
2026/07/29 13:14:25.378, 300.25, 100, 74232, 73
2026/07/29 13:14:26.415, 301.02, 100, 74232, 73
2026/07/29 13:14:27.452, 298.51, 100, 74232, 73
2026/07/29 13:14:28.490, 301.63, 100, 74232, 73
2026/07/29 13:14:29.528, 299.09, 100, 74232, 73
2026/07/29 13:14:30.565, 297.53, 100, 74232, 73
2026/07/29 13:14:31.603, 301.02, 100, 74232, 73
2026/07/29 13:14:32.642, 301.14, 100, 74232, 73
2026/07/29 13:14:33.692, 299.76, 100, 74232, 73
2026/07/29 13:14:34.730, 299.09, 100, 74232, 73
2026/07/29 13:14:35.767, 301.02, 100, 74232, 73
2026/07/29 13:14:36.807, 305.39, 100, 74232, 73
2026/07/29 13:14:37.845, 297.37, 100, 74232, 73
2026/07/29 13:14:38.885, 300.52, 100, 74232, 73
2026/07/29 13:14:39.923, 300.56, 100, 74232, 73
2026/07/29 13:14:40.962, 301.02, 100, 74232, 73
2026/07/29 13:14:42.001, 297.82, 100, 74232, 73
2026/07/29 13:14:43.039, 300.04, 100, 74232, 73
2026/07/29 13:14:44.077, 301.90, 100, 74232, 73
2026/07/29 13:14:45.115, 302.06, 100, 74232, 73
2026/07/29 13:14:46.157, 297.81, 100, 74232, 73
2026/07/29 13:14:47.195, 300.14, 100, 74232, 73
2026/07/29 13:14:48.233, 300.25, 100, 74232, 73
2026/07/29 13:14:49.271, 300.64, 100, 74232, 73
2026/07/29 13:14:50.309, 293.45, 100, 74232, 73
2026/07/29 13:14:51.347, 301.93, 100, 74232, 73
2026/07/29 13:14:52.384, 296.85, 100, 74232, 73
2026/07/29 13:14:53.424, 298.31, 100, 74232, 73
2026/07/29 13:14:54.462, 302.30, 100, 74232, 73
2026/07/29 13:14:55.506, 301.71, 100, 74232, 73
2026/07/29 13:14:56.544, 295.30, 100, 74232, 73
2026/07/29 13:14:57.582, 288.87, 100, 74232, 73
2026/07/29 13:14:58.623, 301.31, 100, 74232, 73
2026/07/29 13:14:59.660, 302.08, 100, 74232, 73
2026/07/29 13:15:00.698, 301.60, 100, 74232, 73
2026/07/29 13:15:01.736, 298.03, 100, 74232, 73
2026/07/29 13:15:02.774, 300.93, 100, 74232, 73
2026/07/29 13:15:03.812, 300.91, 100, 74232, 73
2026/07/29 13:15:04.849, 302.99, 100, 74232, 73
2026/07/29 13:15:05.891, 297.04, 100, 74232, 73
2026/07/29 13:15:06.930, 295.99, 100, 74232, 73
2026/07/29 13:15:07.967, 296.75, 100, 74232, 73
2026/07/29 13:15:09.004, 293.76, 100, 74232, 73
2026/07/29 13:15:10.042, 286.53, 100, 74232, 73
2026/07/29 13:15:11.081, 302.67, 100, 74232, 73
2026/07/29 13:15:12.118, 300.61, 100, 74232, 73
2026/07/29 13:15:13.156, 300.83, 100, 74232, 73
2026/07/29 13:15:14.193, 292.96, 100, 74232, 73
2026/07/29 13:15:15.237, 302.65, 100, 74232, 73
2026/07/29 13:15:16.276, 299.29, 100, 74232, 73
2026/07/29 13:15:17.314, 292.55, 100, 74232, 73
2026/07/29 13:15:18.356, 301.22, 100, 74232, 73
2026/07/29 13:15:19.394, 302.39, 100, 74232, 73
2026/07/29 13:15:20.432, 294.04, 100, 74232, 73
2026/07/29 13:15:21.468, 297.52, 100, 74232, 73
2026/07/29 13:15:22.505, 288.67, 100, 74232, 73
2026/07/29 13:15:23.542, 292.69, 100, 74232, 73
2026/07/29 13:15:24.578, 293.54, 100, 74232, 73
2026/07/29 13:15:25.616, 294.73, 100, 74232, 73
2026/07/29 13:15:26.654, 302.18, 100, 74232, 73
2026/07/29 13:15:27.691, 297.51, 100, 74232, 73
2026/07/29 13:15:28.727, 296.37, 100, 74232, 73
2026/07/29 13:15:29.766, 294.72, 100, 74232, 73
2026/07/29 13:15:30.803, 301.61, 100, 74232, 73
2026/07/29 13:15:31.844, 303.53, 100, 74232, 73
2026/07/29 13:15:32.882, 299.00, 100, 74232, 73
2026/07/29 13:15:33.920, 299.30, 100, 74232, 73
2026/07/29 13:15:34.958, 302.18, 100, 74232, 73
2026/07/29 13:15:35.999, 302.89, 100, 74232, 73
2026/07/29 13:15:37.039, 301.99, 100, 74232, 73
2026/07/29 13:15:38.077, 298.95, 100, 74232, 73
2026/07/29 13:15:39.116, 301.33, 100, 74232, 73
2026/07/29 13:15:40.154, 300.71, 100, 74232, 73
2026/07/29 13:15:41.192, 302.57, 100, 74232, 73
2026/07/29 13:15:42.230, 295.98, 100, 74232, 73
2026/07/29 13:15:43.268, 296.19, 100, 74232, 73
2026/07/29 13:15:44.306, 300.92, 100, 74232, 73
2026/07/29 13:15:45.343, 302.86, 100, 74232, 73
2026/07/29 13:15:46.381, 306.73, 100, 74232, 73
2026/07/29 13:15:47.419, 302.90, 100, 74232, 73
2026/07/29 13:15:48.457, 298.73, 100, 74232, 73
2026/07/29 13:15:49.496, 301.23, 100, 74232, 73
2026/07/29 13:15:50.533, 301.40, 100, 74232, 73
2026/07/29 13:15:51.570, 302.00, 100, 74232, 73
2026/07/29 13:15:52.610, 298.48, 100, 74232, 73
2026/07/29 13:15:53.646, 302.28, 100, 74232, 73
2026/07/29 13:15:54.683, 299.56, 100, 74232, 73
2026/07/29 13:15:55.721, 301.19, 100, 74232, 73
2026/07/29 13:15:56.758, 294.01, 100, 74232, 73
2026/07/29 13:15:57.795, 295.21, 100, 74232, 73
2026/07/29 13:15:58.831, 299.56, 100, 74232, 73
2026/07/29 13:15:59.867, 293.55, 100, 74232, 73
2026/07/29 13:16:00.904, 289.17, 100, 74232, 73
2026/07/29 13:16:01.942, 291.32, 100, 74232, 73
2026/07/29 13:16:02.979, 292.39, 100, 74232, 73
2026/07/29 13:16:04.016, 294.13, 100, 74232, 73
2026/07/29 13:16:05.053, 299.20, 100, 74232, 73
2026/07/29 13:16:06.092, 299.96, 100, 74232, 73
2026/07/29 13:16:07.128, 299.66, 100, 74232, 73
2026/07/29 13:16:08.167, 295.69, 100, 74232, 73
2026/07/29 13:16:09.206, 302.67, 100, 74232, 73
2026/07/29 13:16:10.248, 295.20, 100, 74232, 73
2026/07/29 13:16:11.286, 297.51, 100, 74232, 73
2026/07/29 13:16:12.325, 295.00, 100, 74232, 73
2026/07/29 13:16:13.362, 291.42, 100, 74232, 73
2026/07/29 13:16:14.400, 290.43, 100, 74232, 73
2026/07/29 13:16:15.441, 294.84, 100, 74232, 73
2026/07/29 13:16:16.479, 300.55, 100, 74232, 73
2026/07/29 13:16:17.517, 302.23, 100, 74232, 73
2026/07/29 13:16:18.555, 299.94, 100, 74232, 73
2026/07/29 13:16:19.592, 300.93, 100, 74232, 73
2026/07/29 13:16:20.631, 297.05, 100, 74232, 73
2026/07/29 13:16:21.667, 302.57, 100, 74232, 73
2026/07/29 13:16:22.706, 302.09, 100, 74232, 73
2026/07/29 13:16:23.744, 302.56, 100, 74232, 73
2026/07/29 13:16:24.782, 303.04, 100, 74232, 73
2026/07/29 13:16:25.818, 298.70, 100, 74232, 73
2026/07/29 13:16:26.856, 286.11, 100, 74232, 73
2026/07/29 13:16:27.893, 292.86, 100, 74232, 73
2026/07/29 13:16:28.930, 302.56, 100, 74232, 73
2026/07/29 13:16:29.967, 300.63, 100, 74232, 73
2026/07/29 13:16:31.002, 298.21, 100, 74232, 73
2026/07/29 13:16:32.039, 294.64, 100, 74232, 73
2026/07/29 13:16:33.076, 299.28, 100, 74232, 73
2026/07/29 13:16:34.113, 297.67, 100, 74232, 73
2026/07/29 13:16:35.151, 292.76, 100, 74232, 73
2026/07/29 13:16:36.189, 293.16, 100, 74232, 73
2026/07/29 13:16:37.227, 300.92, 100, 74232, 73
2026/07/29 13:16:38.263, 302.37, 100, 74232, 73
2026/07/29 13:16:39.299, 302.48, 100, 74232, 73
2026/07/29 13:16:40.336, 294.62, 100, 74232, 73
2026/07/29 13:16:41.373, 291.51, 100, 74232, 73
2026/07/29 13:16:42.415, 290.56, 100, 74232, 73
2026/07/29 13:16:43.451, 297.52, 100, 74232, 73
2026/07/29 13:16:44.490, 295.00, 100, 74232, 73
2026/07/29 13:16:45.527, 290.73, 100, 74232, 73
2026/07/29 13:16:46.567, 300.93, 100, 74232, 73
2026/07/29 13:16:47.604, 300.63, 100, 74232, 73
2026/07/29 13:16:48.641, 297.40, 100, 74232, 73
2026/07/29 13:16:49.679, 301.90, 100, 74232, 73
2026/07/29 13:16:50.718, 300.04, 100, 74232, 73
2026/07/29 13:16:51.755, 301.68, 100, 74232, 73
2026/07/29 13:16:52.793, 302.42, 100, 74232, 73
2026/07/29 13:16:53.831, 382.30, 100, 74232, 74
2026/07/29 13:16:54.867, 306.18, 100, 74232, 75
2026/07/29 13:16:55.906, 297.35, 100, 74232, 75
2026/07/29 13:16:56.941, 290.44, 100, 74232, 75
2026/07/29 13:16:57.978, 294.60, 100, 74232, 74
2026/07/29 13:16:59.013, 276.16, 100, 74232, 75
2026/07/29 13:17:00.050, 98.67, 0, 74232, 69
2026/07/29 13:17:01.082, 96.22, 0, 74232, 69
2026/07/29 13:17:02.116, 97.00, 0, 74232, 68
2026/07/29 13:17:03.147, 96.75, 0, 74232, 68
2026/07/29 13:17:04.179, 96.09, 0, 74232, 67
2026/07/29 13:17:05.209, 96.95, 0, 74232, 67
2026/07/29 13:17:06.241, 93.10, 0, 74232, 66
2026/07/29 13:17:07.271, 93.86, 0, 74232, 66
2026/07/29 13:17:08.303, 93.90, 0, 74232, 66
2026/07/29 13:17:09.335, 93.33, 0, 74232, 65
2026/07/29 13:17:10.366, 93.07, 0, 74232, 65
2026/07/29 13:17:11.398, 93.01, 0, 74232, 65
2026/07/29 13:17:12.430, 92.39, 0, 74232, 64
2026/07/29 13:17:13.462, 92.04, 0, 74232, 64
2026/07/29 13:17:14.494, 91.66, 0, 74232, 64
2026/07/29 13:17:15.525, 90.38, 0, 74232, 63
2026/07/29 13:17:16.557, 91.02, 0, 74232, 63
2026/07/29 13:17:17.588, 90.86, 0, 74232, 63
2026/07/29 13:17:18.620, 90.15, 0, 74232, 63
2026/07/29 13:17:19.655, 89.39, 0, 74232, 62
2026/07/29 13:17:20.687, 89.34, 0, 74232, 62
2026/07/29 13:17:21.718, 88.78, 0, 74232, 62
2026/07/29 13:17:22.748, 87.86, 0, 74232, 61
2026/07/29 13:17:23.780, 88.11, 0, 74232, 61
2026/07/29 13:17:24.810, 88.48, 0, 74232, 61
2026/07/29 13:17:25.841, 141.50, 0, 74232, 64
2026/07/29 13:17:26.881, 305.29, 100, 74232, 66
2026/07/29 13:17:27.915, 308.20, 100, 74232, 66
2026/07/29 13:17:28.950, 319.21, 100, 74232, 67
2026/07/29 13:17:29.989, 302.76, 100, 74232, 67
2026/07/29 13:17:31.025, 305.21, 100, 74232, 66
2026/07/29 13:17:32.064, 306.82, 100, 74232, 66
2026/07/29 13:17:33.100, 301.89, 100, 74232, 66
2026/07/29 13:17:34.138, 299.89, 100, 74232, 66
2026/07/29 13:17:35.174, 294.82, 100, 74232, 67
2026/07/29 13:17:36.212, 295.49, 100, 74232, 67
2026/07/29 13:17:37.250, 307.02, 100, 74232, 69
2026/07/29 13:17:38.285, 302.08, 100, 74232, 69
2026/07/29 13:17:39.323, 283.95, 100, 74232, 69
2026/07/29 13:17:40.356, 298.73, 100, 74232, 70
2026/07/29 13:17:41.391, 301.34, 100, 74232, 68
2026/07/29 13:17:42.429, 298.67, 100, 74232, 68
2026/07/29 13:17:43.465, 299.01, 100, 74232, 68
2026/07/29 13:17:44.503, 296.98, 100, 74232, 68
2026/07/29 13:17:45.540, 302.12, 100, 74232, 69
2026/07/29 13:17:46.574, 293.38, 100, 74232, 70
2026/07/29 13:17:47.608, 303.33, 100, 74232, 71
2026/07/29 13:17:48.641, 306.62, 100, 74232, 71
2026/07/29 13:17:49.675, 312.16, 100, 74232, 71
2026/07/29 13:17:50.711, 303.85, 100, 74232, 69
2026/07/29 13:17:51.750, 294.90, 100, 74232, 69
2026/07/29 13:17:52.787, 304.02, 100, 74232, 69
2026/07/29 13:17:53.829, 294.24, 100, 74232, 72
2026/07/29 13:17:54.863, 287.34, 100, 74232, 72
2026/07/29 13:17:55.897, 282.09, 100, 74232, 72
2026/07/29 13:17:56.934, 280.81, 100, 74232, 72
2026/07/29 13:17:57.976, 266.64, 100, 74232, 70
2026/07/29 13:17:59.013, 296.93, 100, 74232, 70
2026/07/29 13:18:00.050, 287.33, 100, 74232, 71
2026/07/29 13:18:01.087, 297.05, 100, 74232, 71
2026/07/29 13:18:02.124, 298.80, 100, 74232, 71
2026/07/29 13:18:03.161, 288.40, 100, 74232, 71
2026/07/29 13:18:04.200, 293.64, 100, 74232, 71
2026/07/29 13:18:05.239, 289.39, 100, 74232, 71
2026/07/29 13:18:06.277, 285.94, 100, 74232, 71
2026/07/29 13:18:07.313, 297.14, 100, 74232, 71
2026/07/29 13:18:08.349, 307.75, 100, 74232, 72
2026/07/29 13:18:09.387, 301.42, 100, 74232, 72
2026/07/29 13:18:10.425, 292.07, 100, 74232, 72
2026/07/29 13:18:11.462, 299.27, 100, 74232, 72
2026/07/29 13:18:12.501, 306.54, 100, 74232, 72
2026/07/29 13:18:13.537, 291.21, 100, 74232, 72
2026/07/29 13:18:14.581, 299.34, 100, 74232, 72
2026/07/29 13:18:15.617, 302.08, 100, 74232, 72
2026/07/29 13:18:16.655, 296.73, 100, 74232, 72
2026/07/29 13:18:17.692, 292.12, 100, 74232, 74
2026/07/29 13:18:18.729, 294.33, 100, 74232, 74
2026/07/29 13:18:19.762, 289.81, 100, 74232, 74
2026/07/29 13:18:20.795, 288.30, 100, 74232, 74
2026/07/29 13:18:21.830, 299.54, 100, 74232, 74
2026/07/29 13:18:22.866, 310.22, 100, 74232, 72
2026/07/29 13:18:23.904, 298.40, 100, 74232, 72
2026/07/29 13:18:24.940, 298.89, 100, 74232, 72
2026/07/29 13:18:25.979, 306.37, 100, 74232, 72
2026/07/29 13:18:27.016, 305.09, 100, 74232, 74
2026/07/29 13:18:28.051, 288.98, 100, 74232, 74
2026/07/29 13:18:29.085, 298.00, 100, 74232, 74
2026/07/29 13:18:30.120, 296.30, 100, 74232, 74
2026/07/29 13:18:31.157, 275.18, 100, 74232, 74
2026/07/29 13:18:32.193, 293.77, 100, 74232, 74
2026/07/29 13:18:33.227, 290.55, 100, 74232, 72
2026/07/29 13:18:34.266, 285.06, 100, 74232, 72
2026/07/29 13:18:35.307, 302.56, 100, 74232, 72
2026/07/29 13:18:36.343, 292.29, 100, 74232, 73
2026/07/29 13:18:37.384, 292.26, 100, 74232, 73
2026/07/29 13:18:38.420, 289.28, 100, 74232, 73
2026/07/29 13:18:39.460, 294.20, 100, 74232, 73
2026/07/29 13:18:40.497, 302.13, 100, 74232, 73
2026/07/29 13:18:41.534, 303.41, 100, 74232, 73
2026/07/29 13:18:42.571, 295.41, 100, 74232, 73
2026/07/29 13:18:43.609, 293.16, 100, 74232, 73
2026/07/29 13:18:44.646, 293.93, 100, 74232, 73
2026/07/29 13:18:45.683, 301.09, 100, 74232, 73
2026/07/29 13:18:46.719, 305.56, 100, 74232, 73
2026/07/29 13:18:47.758, 296.26, 100, 74232, 73
2026/07/29 13:18:48.795, 300.54, 100, 74232, 73
2026/07/29 13:18:49.831, 302.09, 100, 74232, 73
2026/07/29 13:18:50.867, 299.38, 100, 74232, 73
2026/07/29 13:18:51.903, 302.09, 100, 74232, 73
2026/07/29 13:18:52.941, 300.74, 100, 74232, 73
2026/07/29 13:18:53.977, 302.76, 100, 74232, 73
2026/07/29 13:18:55.015, 299.54, 100, 74232, 73
2026/07/29 13:18:56.052, 299.37, 100, 74232, 73
2026/07/29 13:18:57.090, 301.69, 100, 74232, 73
2026/07/29 13:18:58.126, 299.56, 100, 74232, 73
2026/07/29 13:18:59.165, 299.16, 100, 74232, 73
2026/07/29 13:19:00.202, 300.92, 100, 74232, 73
2026/07/29 13:19:01.241, 301.89, 100, 74232, 73
2026/07/29 13:19:02.280, 296.68, 100, 74232, 73
2026/07/29 13:19:03.318, 300.05, 100, 74232, 73
2026/07/29 13:19:04.355, 302.37, 100, 74232, 73
2026/07/29 13:19:05.392, 301.98, 100, 74232, 73
2026/07/29 13:19:06.428, 299.79, 100, 74232, 73
2026/07/29 13:19:07.466, 302.38, 100, 74232, 73
2026/07/29 13:19:08.502, 299.85, 100, 74232, 73
2026/07/29 13:19:09.543, 300.02, 100, 74232, 73
2026/07/29 13:19:10.579, 300.85, 100, 74232, 73
2026/07/29 13:19:11.615, 295.78, 100, 74232, 73
2026/07/29 13:19:12.651, 298.28, 100, 74232, 73
2026/07/29 13:19:13.689, 301.47, 100, 74232, 73
2026/07/29 13:19:14.726, 295.11, 100, 74232, 73
2026/07/29 13:19:15.765, 292.00, 100, 74232, 73
2026/07/29 13:19:16.803, 288.12, 100, 74232, 73
2026/07/29 13:19:17.841, 290.05, 100, 74232, 73
2026/07/29 13:19:18.878, 286.53, 100, 74232, 73
2026/07/29 13:19:19.916, 292.58, 100, 74232, 73
2026/07/29 13:19:20.953, 301.20, 100, 74232, 73
2026/07/29 13:19:21.989, 301.61, 100, 74232, 73
2026/07/29 13:19:23.024, 302.69, 100, 74232, 73
2026/07/29 13:19:24.061, 298.80, 100, 74232, 73
2026/07/29 13:19:25.100, 301.80, 100, 74232, 73
2026/07/29 13:19:26.136, 301.50, 100, 74232, 73
2026/07/29 13:19:27.174, 298.50, 100, 74232, 73
2026/07/29 13:19:28.212, 301.01, 100, 74232, 73
2026/07/29 13:19:29.250, 301.31, 100, 74232, 73
2026/07/29 13:19:30.287, 302.28, 100, 74232, 73
2026/07/29 13:19:31.327, 300.44, 100, 74232, 73
2026/07/29 13:19:32.365, 300.23, 100, 74232, 73
2026/07/29 13:19:33.402, 301.98, 100, 74232, 73
2026/07/29 13:19:34.439, 296.94, 100, 74232, 73
2026/07/29 13:19:35.476, 300.25, 100, 74232, 73
2026/07/29 13:19:36.513, 299.48, 100, 74232, 73
2026/07/29 13:19:37.549, 302.28, 100, 74232, 73
2026/07/29 13:19:38.586, 299.88, 100, 74232, 73
2026/07/29 13:19:39.622, 299.56, 100, 74232, 73
2026/07/29 13:19:40.659, 302.21, 100, 74232, 73
2026/07/29 13:19:41.696, 298.57, 100, 74232, 73
2026/07/29 13:19:42.733, 297.14, 100, 74232, 73
2026/07/29 13:19:43.771, 300.14, 100, 74232, 73
2026/07/29 13:19:44.808, 301.10, 100, 74232, 73
2026/07/29 13:19:45.845, 298.28, 100, 74232, 73
2026/07/29 13:19:46.881, 298.86, 100, 74232, 73
2026/07/29 13:19:47.917, 300.84, 100, 74232, 73
2026/07/29 13:19:48.954, 301.78, 100, 74232, 73
2026/07/29 13:19:49.992, 301.81, 100, 74232, 73
2026/07/29 13:19:51.028, 295.27, 100, 74232, 73
2026/07/29 13:19:52.066, 301.01, 100, 74232, 73
2026/07/29 13:19:53.103, 293.46, 100, 74232, 73
2026/07/29 13:19:54.139, 297.74, 100, 74232, 73
2026/07/29 13:19:55.177, 288.97, 100, 74232, 72
2026/07/29 13:19:56.214, 292.18, 100, 74232, 73
2026/07/29 13:19:57.251, 294.23, 100, 74232, 73
2026/07/29 13:19:58.288, 294.11, 100, 74232, 73
2026/07/29 13:19:59.331, 286.66, 100, 74232, 73
2026/07/29 13:20:00.369, 289.36, 100, 74232, 72
2026/07/29 13:20:01.405, 294.81, 100, 74232, 73
2026/07/29 13:20:02.442, 291.51, 100, 74232, 73
2026/07/29 13:20:03.479, 292.09, 100, 74232, 73
2026/07/29 13:20:04.517, 297.04, 100, 74232, 73
2026/07/29 13:20:05.554, 294.23, 100, 74232, 72
2026/07/29 13:20:06.593, 294.33, 100, 74232, 73
2026/07/29 13:20:07.629, 288.97, 100, 74232, 72
2026/07/29 13:20:08.665, 293.55, 100, 74232, 73
2026/07/29 13:20:09.702, 294.70, 100, 74232, 73
2026/07/29 13:20:10.738, 305.00, 100, 74232, 73
2026/07/29 13:20:11.780, 299.45, 100, 74232, 73
2026/07/29 13:20:12.817, 301.40, 100, 74232, 73
2026/07/29 13:20:13.856, 300.91, 100, 74232, 73
2026/07/29 13:20:14.894, 297.32, 100, 74232, 73
2026/07/29 13:20:15.931, 303.34, 100, 74232, 73
2026/07/29 13:20:16.968, 300.05, 100, 74232, 73
2026/07/29 13:20:18.007, 301.03, 100, 74232, 73
2026/07/29 13:20:19.044, 298.56, 100, 74232, 73
2026/07/29 13:20:20.081, 295.41, 100, 74232, 73
2026/07/29 13:20:21.117, 300.07, 100, 74232, 73
2026/07/29 13:20:22.153, 301.14, 100, 74232, 73
2026/07/29 13:20:23.191, 297.64, 100, 74232, 73
2026/07/29 13:20:24.228, 306.44, 100, 74232, 73
2026/07/29 13:20:25.265, 299.18, 100, 74232, 73
2026/07/29 13:20:26.301, 301.11, 100, 74232, 73
2026/07/29 13:20:27.340, 300.72, 100, 74232, 73
2026/07/29 13:20:28.377, 301.49, 100, 74232, 73
2026/07/29 13:20:29.416, 300.12, 100, 74232, 73
2026/07/29 13:20:30.454, 298.08, 100, 74232, 73
2026/07/29 13:20:31.493, 300.14, 100, 74232, 73
2026/07/29 13:20:32.531, 301.52, 100, 74232, 73
2026/07/29 13:20:33.569, 302.15, 100, 74232, 73
2026/07/29 13:20:34.606, 298.77, 100, 74232, 73
2026/07/29 13:20:35.644, 300.13, 100, 74232, 73
2026/07/29 13:20:36.680, 301.02, 100, 74232, 73
2026/07/29 13:20:37.717, 301.63, 100, 74232, 73
2026/07/29 13:20:38.754, 291.49, 100, 74232, 72
2026/07/29 13:20:39.790, 300.82, 100, 74232, 73
2026/07/29 13:20:40.826, 300.63, 100, 74232, 73
2026/07/29 13:20:41.864, 301.88, 100, 74232, 73
2026/07/29 13:20:42.900, 298.30, 100, 74232, 73
2026/07/29 13:20:43.939, 297.13, 100, 74232, 73
2026/07/29 13:20:44.975, 300.43, 100, 74232, 73
2026/07/29 13:20:46.012, 301.03, 100, 74232, 73
2026/07/29 13:20:47.048, 301.69, 100, 74232, 73
2026/07/29 13:20:48.088, 296.68, 100, 74232, 73
2026/07/29 13:20:49.124, 299.56, 100, 74232, 73
2026/07/29 13:20:50.160, 301.12, 100, 74232, 73
2026/07/29 13:20:51.197, 293.35, 100, 74232, 72
2026/07/29 13:20:52.237, 301.87, 100, 74232, 73
2026/07/29 13:20:53.274, 297.80, 100, 74232, 73
2026/07/29 13:20:54.310, 296.38, 100, 74232, 73
2026/07/29 13:20:55.348, 300.82, 100, 74232, 73
2026/07/29 13:20:56.387, 294.42, 100, 74232, 72
2026/07/29 13:20:57.424, 297.91, 100, 74232, 72
2026/07/29 13:20:58.462, 297.92, 100, 74232, 72
2026/07/29 13:20:59.501, 299.95, 100, 74232, 73
2026/07/29 13:21:00.539, 298.58, 100, 74232, 73
2026/07/29 13:21:01.577, 296.55, 100, 74232, 72
2026/07/29 13:21:02.622, 290.73, 100, 74232, 73
2026/07/29 13:21:03.659, 302.34, 100, 74232, 73
2026/07/29 13:21:04.697, 297.88, 100, 74232, 73
2026/07/29 13:21:05.737, 295.98, 100, 74232, 73
2026/07/29 13:21:06.774, 301.12, 100, 74232, 73
2026/07/29 13:21:07.812, 300.92, 100, 74232, 73
2026/07/29 13:21:08.850, 305.97, 100, 74232, 73
2026/07/29 13:21:09.888, 302.25, 100, 74232, 73
2026/07/29 13:21:10.925, 299.46, 100, 74232, 73
2026/07/29 13:21:11.962, 301.32, 100, 74232, 73
2026/07/29 13:21:13.003, 302.39, 100, 74232, 73
2026/07/29 13:21:14.040, 302.31, 100, 74232, 73
2026/07/29 13:21:15.076, 298.02, 100, 74232, 73
2026/07/29 13:21:16.112, 300.81, 100, 74232, 73
2026/07/29 13:21:17.149, 300.62, 100, 74232, 73
2026/07/29 13:21:18.185, 302.56, 100, 74232, 73
2026/07/29 13:21:19.222, 300.75, 100, 74232, 73
2026/07/29 13:21:20.258, 299.66, 100, 74232, 73
2026/07/29 13:21:21.296, 300.71, 100, 74232, 73
2026/07/29 13:21:22.336, 302.47, 100, 74232, 73
2026/07/29 13:21:23.373, 302.95, 100, 74232, 73
2026/07/29 13:21:24.411, 302.88, 100, 74232, 73
2026/07/29 13:21:25.449, 292.77, 100, 74232, 73
2026/07/29 13:21:26.486, 300.93, 100, 74232, 73
2026/07/29 13:21:27.524, 293.45, 100, 74232, 73
2026/07/29 13:21:28.562, 290.94, 100, 74232, 73
2026/07/29 13:21:29.604, 292.98, 100, 74232, 73
2026/07/29 13:21:30.642, 296.45, 100, 74232, 73
2026/07/29 13:21:31.679, 293.74, 100, 74232, 73
2026/07/29 13:21:32.717, 301.51, 100, 74232, 73
2026/07/29 13:21:33.754, 295.39, 100, 74232, 73
2026/07/29 13:21:34.791, 300.96, 100, 74232, 73
2026/07/29 13:21:35.827, 298.89, 100, 74232, 73
2026/07/29 13:21:36.864, 300.54, 100, 74232, 73
2026/07/29 13:21:37.903, 300.84, 100, 74232, 73
2026/07/29 13:21:38.941, 296.08, 100, 74232, 73
2026/07/29 13:21:39.978, 303.01, 100, 74232, 73
2026/07/29 13:21:41.015, 295.10, 100, 74232, 73
2026/07/29 13:21:42.052, 298.98, 100, 74232, 73
2026/07/29 13:21:43.090, 299.86, 100, 74232, 73
2026/07/29 13:21:44.127, 292.40, 100, 74232, 73
2026/07/29 13:21:45.167, 294.05, 100, 74232, 73
2026/07/29 13:21:46.203, 291.63, 100, 74232, 73
2026/07/29 13:21:47.242, 294.33, 100, 74232, 73
2026/07/29 13:21:48.281, 303.33, 100, 74232, 73
2026/07/29 13:21:49.321, 299.66, 100, 74232, 73
2026/07/29 13:21:50.358, 298.97, 100, 74232, 73
2026/07/29 13:21:51.397, 300.93, 100, 74232, 73
2026/07/29 13:21:52.434, 301.89, 100, 74232, 73
2026/07/29 13:21:53.472, 301.04, 100, 74232, 73
2026/07/29 13:21:54.508, 302.89, 100, 74232, 73
2026/07/29 13:21:55.546, 299.37, 100, 74232, 73
2026/07/29 13:21:56.582, 302.88, 100, 74232, 73
2026/07/29 13:21:57.621, 298.99, 100, 74232, 73
2026/07/29 13:21:58.658, 301.04, 100, 74232, 73
2026/07/29 13:21:59.695, 302.86, 100, 74232, 73
2026/07/29 13:22:00.731, 301.60, 100, 74232, 73
2026/07/29 13:22:01.768, 301.41, 100, 74232, 73
2026/07/29 13:22:02.805, 305.77, 100, 74232, 73
2026/07/29 13:22:03.842, 302.57, 100, 74232, 73
2026/07/29 13:22:04.880, 299.25, 100, 74232, 73
2026/07/29 13:22:05.921, 299.83, 100, 74232, 73
2026/07/29 13:22:06.960, 298.80, 100, 74232, 73
2026/07/29 13:22:07.997, 300.95, 100, 74232, 73
2026/07/29 13:22:09.036, 302.08, 100, 74232, 73
2026/07/29 13:22:10.073, 301.31, 100, 74232, 73
2026/07/29 13:22:11.110, 294.61, 100, 74232, 73
2026/07/29 13:22:12.147, 289.26, 100, 74232, 73
2026/07/29 13:22:13.185, 301.70, 100, 74232, 73
2026/07/29 13:22:14.222, 298.58, 100, 74232, 73
2026/07/29 13:22:15.258, 297.04, 100, 74232, 73
2026/07/29 13:22:16.296, 301.44, 100, 74232, 73
2026/07/29 13:22:17.333, 300.64, 100, 74232, 73
2026/07/29 13:22:18.370, 294.71, 100, 74232, 73
2026/07/29 13:22:19.407, 299.46, 100, 74232, 73
2026/07/29 13:22:20.445, 291.89, 100, 74232, 73
2026/07/29 13:22:21.481, 286.07, 100, 74232, 73
2026/07/29 13:22:22.520, 292.38, 100, 74232, 73
2026/07/29 13:22:23.559, 296.76, 100, 74232, 73
2026/07/29 13:22:24.597, 289.96, 100, 74232, 73
2026/07/29 13:22:25.634, 295.09, 100, 74232, 73
2026/07/29 13:22:26.671, 287.99, 100, 74232, 73
2026/07/29 13:22:27.708, 290.95, 100, 74232, 73
2026/07/29 13:22:28.744, 291.90, 100, 74232, 73
2026/07/29 13:22:29.788, 293.36, 100, 74232, 73
2026/07/29 13:22:30.825, 304.30, 100, 74232, 73
2026/07/29 13:22:31.862, 300.84, 100, 74232, 73
2026/07/29 13:22:32.899, 297.08, 100, 74232, 73
2026/07/29 13:22:33.936, 302.48, 100, 74232, 73
2026/07/29 13:22:34.973, 297.39, 100, 74232, 73
2026/07/29 13:22:36.012, 299.87, 100, 74232, 73
2026/07/29 13:22:37.049, 298.78, 100, 74232, 73
2026/07/29 13:22:38.087, 301.20, 100, 74232, 73
2026/07/29 13:22:39.127, 301.61, 100, 74232, 73
2026/07/29 13:22:40.163, 298.99, 100, 74232, 73
2026/07/29 13:22:41.201, 294.72, 100, 74232, 72
2026/07/29 13:22:42.238, 303.92, 100, 74232, 73
2026/07/29 13:22:43.276, 299.18, 100, 74232, 73
2026/07/29 13:22:44.314, 296.38, 100, 74232, 73
2026/07/29 13:22:45.350, 299.76, 100, 74232, 73
2026/07/29 13:22:46.387, 301.31, 100, 74232, 73
2026/07/29 13:22:47.423, 300.64, 100, 74232, 73
2026/07/29 13:22:48.460, 301.00, 100, 74232, 73
2026/07/29 13:22:49.499, 302.00, 100, 74232, 73
2026/07/29 13:22:50.536, 301.78, 100, 74232, 73
2026/07/29 13:22:51.573, 302.58, 100, 74232, 73
2026/07/29 13:22:52.610, 298.89, 100, 74232, 73
2026/07/29 13:22:53.648, 300.51, 100, 74232, 73
2026/07/29 13:22:54.687, 299.25, 100, 74232, 73
2026/07/29 13:22:55.723, 301.12, 100, 74232, 73
2026/07/29 13:22:56.760, 302.65, 100, 74232, 73
2026/07/29 13:22:57.797, 296.17, 100, 74232, 73
2026/07/29 13:22:58.833, 301.79, 100, 74232, 72
2026/07/29 13:22:59.871, 289.85, 100, 74232, 72
2026/07/29 13:23:00.909, 290.45, 100, 74232, 72
2026/07/29 13:23:01.946, 287.46, 100, 74232, 72
2026/07/29 13:23:02.984, 289.48, 100, 74232, 72
2026/07/29 13:23:04.021, 293.35, 100, 74232, 72
2026/07/29 13:23:05.059, 293.05, 100, 74232, 72
2026/07/29 13:23:06.096, 290.07, 100, 74232, 72
2026/07/29 13:23:07.133, 293.55, 100, 74232, 72
2026/07/29 13:23:08.170, 301.69, 100, 74232, 72
2026/07/29 13:23:09.207, 301.61, 100, 74232, 72
2026/07/29 13:23:10.245, 293.55, 100, 74232, 72
2026/07/29 13:23:11.281, 302.37, 100, 74232, 73
2026/07/29 13:23:12.318, 298.27, 100, 74232, 73
2026/07/29 13:23:13.354, 299.27, 100, 74232, 72
2026/07/29 13:23:14.391, 298.02, 100, 74232, 72
2026/07/29 13:23:15.426, 292.19, 100, 74232, 72
2026/07/29 13:23:16.464, 289.97, 100, 74232, 72
2026/07/29 13:23:17.504, 297.61, 100, 74232, 72
2026/07/29 13:23:18.540, 300.66, 100, 74232, 72
2026/07/29 13:23:19.578, 301.22, 100, 74232, 72
2026/07/29 13:23:20.615, 300.49, 100, 74232, 72
2026/07/29 13:23:21.654, 298.21, 100, 74232, 72
2026/07/29 13:23:22.692, 295.48, 100, 74232, 72
2026/07/29 13:23:23.730, 294.62, 100, 74232, 72
2026/07/29 13:23:24.766, 295.60, 100, 74232, 72
2026/07/29 13:23:25.803, 298.48, 100, 74232, 72
2026/07/29 13:23:26.840, 97.24, 85, 74232, 70
2026/07/29 13:23:27.873, 287.53, 100, 74232, 74
2026/07/29 13:23:28.907, 304.39, 100, 74232, 74
2026/07/29 13:23:29.943, 285.98, 100, 74232, 74
2026/07/29 13:23:30.988, 273.95, 100, 74232, 74
2026/07/29 13:23:32.024, 308.18, 100, 74232, 74
2026/07/29 13:23:33.061, 294.81, 100, 74232, 74
2026/07/29 13:23:34.099, 298.33, 100, 74232, 72
2026/07/29 13:23:35.141, 301.38, 100, 74232, 72
2026/07/29 13:23:36.183, 300.93, 100, 74232, 72
2026/07/29 13:23:37.222, 299.06, 100, 74232, 73
2026/07/29 13:23:38.259, 301.32, 100, 74232, 73
2026/07/29 13:23:39.297, 301.31, 100, 74232, 73
2026/07/29 13:23:40.335, 298.49, 100, 74232, 73
2026/07/29 13:23:41.374, 301.23, 100, 74232, 73
2026/07/29 13:23:42.412, 301.58, 100, 74232, 73
2026/07/29 13:23:43.455, 298.30, 100, 74232, 73
2026/07/29 13:23:44.493, 301.60, 100, 74232, 73
2026/07/29 13:23:45.531, 301.13, 100, 74232, 73
2026/07/29 13:23:46.570, 306.11, 100, 74232, 73
2026/07/29 13:23:47.607, 300.33, 100, 74232, 73
2026/07/29 13:23:48.647, 302.45, 100, 74232, 73
2026/07/29 13:23:49.685, 301.59, 100, 74232, 73
2026/07/29 13:23:50.725, 299.56, 100, 74232, 73
2026/07/29 13:23:51.764, 300.33, 100, 74232, 73
2026/07/29 13:23:52.801, 302.29, 100, 74232, 73
2026/07/29 13:23:53.843, 298.89, 100, 74232, 73
2026/07/29 13:23:54.880, 299.27, 100, 74232, 73
2026/07/29 13:23:55.917, 301.72, 100, 74232, 73
2026/07/29 13:23:56.956, 304.01, 100, 74232, 73
2026/07/29 13:23:57.992, 300.28, 100, 74232, 73
2026/07/29 13:23:59.030, 300.65, 100, 74232, 73
2026/07/29 13:24:00.069, 302.08, 100, 74232, 73
2026/07/29 13:24:01.109, 298.98, 100, 74232, 73
2026/07/29 13:24:02.146, 299.57, 100, 74232, 73
2026/07/29 13:24:03.185, 301.47, 100, 74232, 73
2026/07/29 13:24:04.223, 299.26, 100, 74232, 73
2026/07/29 13:24:05.259, 299.36, 100, 74232, 73
2026/07/29 13:24:06.296, 302.10, 100, 74232, 73
2026/07/29 13:24:07.334, 297.15, 100, 74232, 73
2026/07/29 13:24:08.372, 298.80, 100, 74232, 73
2026/07/29 13:24:09.410, 300.43, 100, 74232, 73
2026/07/29 13:24:10.448, 301.63, 100, 74232, 73
2026/07/29 13:24:11.485, 302.31, 100, 74232, 73
2026/07/29 13:24:12.524, 298.72, 100, 74232, 73
2026/07/29 13:24:13.562, 301.11, 100, 74232, 73
2026/07/29 13:24:14.599, 298.43, 100, 74232, 73
2026/07/29 13:24:15.636, 297.04, 100, 74232, 73
2026/07/29 13:24:16.673, 300.93, 100, 74232, 73
2026/07/29 13:24:17.711, 302.35, 100, 74232, 73
2026/07/29 13:24:18.748, 301.76, 100, 74232, 73
2026/07/29 13:24:19.786, 300.43, 100, 74232, 73
2026/07/29 13:24:20.823, 300.83, 100, 74232, 73
2026/07/29 13:24:21.860, 300.70, 100, 74232, 73
2026/07/29 13:24:22.897, 297.24, 100, 74232, 73
2026/07/29 13:24:23.936, 300.31, 100, 74232, 73
2026/07/29 13:24:24.974, 301.61, 100, 74232, 73
2026/07/29 13:24:26.014, 302.67, 100, 74232, 73
2026/07/29 13:24:27.051, 299.17, 100, 74232, 73
2026/07/29 13:24:28.088, 299.78, 100, 74232, 73
2026/07/29 13:24:29.126, 300.92, 100, 74232, 73
2026/07/29 13:24:30.163, 298.22, 100, 74232, 73
2026/07/29 13:24:31.200, 296.47, 100, 74232, 73
2026/07/29 13:24:32.237, 300.46, 100, 74232, 73
2026/07/29 13:24:33.279, 301.43, 100, 74232, 73
2026/07/29 13:24:34.317, 298.32, 100, 74232, 73
2026/07/29 13:24:35.355, 299.95, 100, 74232, 73
2026/07/29 13:24:36.392, 301.58, 100, 74232, 73
2026/07/29 13:24:37.429, 298.67, 100, 74232, 73
2026/07/29 13:24:38.465, 299.75, 100, 74232, 73
2026/07/29 13:24:39.504, 301.82, 100, 74232, 73
2026/07/29 13:24:40.541, 296.44, 100, 74232, 73
2026/07/29 13:24:41.581, 296.55, 100, 74232, 73
2026/07/29 13:24:42.618, 301.31, 100, 74232, 73
2026/07/29 13:24:43.656, 301.53, 100, 74232, 73
2026/07/29 13:24:44.692, 297.83, 100, 74232, 73
2026/07/29 13:24:45.729, 299.01, 100, 74232, 73
2026/07/29 13:24:46.766, 301.31, 100, 74232, 73
2026/07/29 13:24:47.803, 297.61, 100, 74232, 73
2026/07/29 13:24:48.841, 297.80, 100, 74232, 73
2026/07/29 13:24:49.879, 296.36, 100, 74232, 73
2026/07/29 13:24:50.918, 299.55, 100, 74232, 73
2026/07/29 13:24:51.956, 298.10, 100, 74232, 72
2026/07/29 13:24:52.994, 294.03, 100, 74232, 72
2026/07/29 13:24:54.031, 296.38, 100, 74232, 72
2026/07/29 13:24:55.068, 298.22, 100, 74232, 72
2026/07/29 13:24:56.106, 296.87, 100, 74232, 73
2026/07/29 13:24:57.144, 299.59, 100, 74232, 73
2026/07/29 13:24:58.182, 301.16, 100, 74232, 72
2026/07/29 13:24:59.221, 300.93, 100, 74232, 73
2026/07/29 13:25:00.258, 297.23, 100, 74232, 73
2026/07/29 13:25:01.296, 300.64, 100, 74232, 73
2026/07/29 13:25:02.333, 301.49, 100, 74232, 73
2026/07/29 13:25:03.370, 301.72, 100, 74232, 73
2026/07/29 13:25:04.408, 300.04, 100, 74232, 73
2026/07/29 13:25:05.445, 298.21, 100, 74232, 73
2026/07/29 13:25:06.482, 301.18, 100, 74232, 73
2026/07/29 13:25:07.520, 301.59, 100, 74232, 73
2026/07/29 13:25:08.557, 302.07, 100, 74232, 73
2026/07/29 13:25:09.594, 298.89, 100, 74232, 73
2026/07/29 13:25:10.632, 301.12, 100, 74232, 73
2026/07/29 13:25:11.668, 302.00, 100, 74232, 73
2026/07/29 13:25:12.707, 301.70, 100, 74232, 73
2026/07/29 13:25:13.744, 298.49, 100, 74232, 73
2026/07/29 13:25:14.784, 300.75, 100, 74232, 73
2026/07/29 13:25:15.822, 300.16, 100, 74232, 73
2026/07/29 13:25:16.862, 301.41, 100, 74232, 73
2026/07/29 13:25:17.900, 295.68, 100, 74232, 73
2026/07/29 13:25:18.938, 298.67, 100, 74232, 73
2026/07/29 13:25:19.976, 301.12, 100, 74232, 73
2026/07/29 13:25:21.015, 301.28, 100, 74232, 73
2026/07/29 13:25:22.053, 298.41, 100, 74232, 73
2026/07/29 13:25:23.091, 296.66, 100, 74232, 73
2026/07/29 13:25:24.128, 297.04, 100, 74232, 73
2026/07/29 13:25:25.166, 292.21, 100, 74232, 73
2026/07/29 13:25:26.203, 293.36, 100, 74232, 73
2026/07/29 13:25:27.242, 297.25, 100, 74232, 73
2026/07/29 13:25:28.279, 301.79, 100, 74232, 73
2026/07/29 13:25:29.320, 300.03, 100, 74232, 73
2026/07/29 13:25:30.357, 301.41, 100, 74232, 73
2026/07/29 13:25:31.395, 297.82, 100, 74232, 73
2026/07/29 13:25:32.435, 294.82, 100, 74232, 72
2026/07/29 13:25:33.473, 291.21, 100, 74232, 72
2026/07/29 13:25:34.514, 297.43, 100, 74232, 73
2026/07/29 13:25:35.551, 292.88, 100, 74232, 72
2026/07/29 13:25:36.588, 300.84, 100, 74232, 73
2026/07/29 13:25:37.627, 295.60, 100, 74232, 73
2026/07/29 13:25:38.664, 300.63, 100, 74232, 73
2026/07/29 13:25:39.701, 295.87, 100, 74232, 72
2026/07/29 13:25:40.738, 294.83, 100, 74232, 72
2026/07/29 13:25:41.782, 299.93, 100, 74232, 73
2026/07/29 13:25:42.820, 301.78, 100, 74232, 73
2026/07/29 13:25:43.860, 291.80, 100, 74232, 73
2026/07/29 13:25:44.900, 291.89, 100, 74232, 73
2026/07/29 13:25:45.936, 293.82, 100, 74232, 73
2026/07/29 13:25:46.975, 295.09, 100, 74232, 73
2026/07/29 13:25:48.014, 295.30, 100, 74232, 73
2026/07/29 13:25:49.054, 293.47, 100, 74232, 73
2026/07/29 13:25:50.093, 293.74, 100, 74232, 73
2026/07/29 13:25:51.133, 301.79, 100, 74232, 73
2026/07/29 13:25:52.170, 304.30, 100, 74232, 73
2026/07/29 13:25:53.207, 299.73, 100, 74232, 73
2026/07/29 13:25:54.245, 301.19, 100, 74232, 73
2026/07/29 13:25:55.282, 301.49, 100, 74232, 73
2026/07/29 13:25:56.322, 302.26, 100, 74232, 73
2026/07/29 13:25:57.359, 299.10, 100, 74232, 73
2026/07/29 13:25:58.399, 298.42, 100, 74232, 73
2026/07/29 13:25:59.437, 297.34, 100, 74232, 73
2026/07/29 13:26:00.475, 295.20, 100, 74232, 73
2026/07/29 13:26:01.515, 298.49, 100, 74232, 73
2026/07/29 13:26:02.552, 291.88, 100, 74232, 73
2026/07/29 13:26:03.593, 297.05, 100, 74232, 73
2026/07/29 13:26:04.630, 301.52, 100, 74232, 73
2026/07/29 13:26:05.667, 298.40, 100, 74232, 73
2026/07/29 13:26:06.705, 302.30, 100, 74232, 73
2026/07/29 13:26:07.744, 302.26, 100, 74232, 73
2026/07/29 13:26:08.780, 291.80, 100, 74232, 73
2026/07/29 13:26:09.821, 301.87, 100, 74232, 73
2026/07/29 13:26:10.858, 293.25, 100, 74232, 73
2026/07/29 13:26:11.895, 300.53, 100, 74232, 73
2026/07/29 13:26:12.934, 299.26, 100, 74232, 73
2026/07/29 13:26:13.972, 291.41, 100, 74232, 73
2026/07/29 13:26:15.011, 288.22, 100, 74232, 73
2026/07/29 13:26:16.049, 294.11, 100, 74232, 73
2026/07/29 13:26:17.087, 295.39, 100, 74232, 73
2026/07/29 13:26:18.125, 302.47, 100, 74232, 73
2026/07/29 13:26:19.162, 293.45, 100, 74232, 73
2026/07/29 13:26:20.200, 301.01, 100, 74232, 73
2026/07/29 13:26:21.236, 300.84, 100, 74232, 73
2026/07/29 13:26:22.274, 290.92, 100, 74232, 73
2026/07/29 13:26:23.313, 302.75, 100, 74232, 73
2026/07/29 13:26:24.357, 297.04, 100, 74232, 73
2026/07/29 13:26:25.394, 287.91, 100, 74232, 73
2026/07/29 13:26:26.434, 293.35, 100, 74232, 73
2026/07/29 13:26:27.473, 294.91, 100, 74232, 75
2026/07/29 13:26:28.508, 293.38, 100, 74232, 75
2026/07/29 13:26:29.544, 292.69, 100, 74232, 75
2026/07/29 13:26:30.579, 291.96, 100, 74232, 75
2026/07/29 13:26:31.613, 282.62, 100, 74232, 75
2026/07/29 13:26:32.650, 282.48, 100, 74232, 75
2026/07/29 13:26:33.690, 269.06, 100, 74232, 73
2026/07/29 13:26:34.727, 292.30, 100, 74232, 73
2026/07/29 13:26:35.764, 301.64, 100, 74232, 73
2026/07/29 13:26:36.800, 298.02, 100, 74232, 73
2026/07/29 13:26:37.836, 298.51, 100, 74232, 73
2026/07/29 13:26:38.874, 302.26, 100, 74232, 73
2026/07/29 13:26:39.910, 303.91, 100, 74232, 73
2026/07/29 13:26:40.947, 297.90, 100, 74232, 73
2026/07/29 13:26:41.983, 293.86, 100, 74232, 73
2026/07/29 13:26:43.023, 293.64, 89, 74232, 75
2026/07/29 13:26:44.058, 299.09, 100, 74232, 75
2026/07/29 13:26:45.092, 289.56, 100, 74232, 75
2026/07/29 13:26:46.130, 280.13, 100, 74232, 75
2026/07/29 13:26:47.165, 318.42, 100, 74232, 75
2026/07/29 13:26:48.200, 275.03, 100, 74232, 75
2026/07/29 13:26:49.235, 306.06, 100, 74232, 75
2026/07/29 13:26:50.273, 302.69, 100, 74232, 74
2026/07/29 13:26:51.310, 303.07, 100, 74232, 74
2026/07/29 13:26:52.348, 297.13, 100, 74232, 74
2026/07/29 13:26:53.385, 293.35, 100, 74232, 74
2026/07/29 13:26:54.422, 296.94, 100, 74232, 74
2026/07/29 13:26:55.459, 298.99, 100, 74232, 74
2026/07/29 13:26:56.495, 289.87, 100, 74232, 74
2026/07/29 13:26:57.533, 296.85, 100, 74232, 74
2026/07/29 13:26:58.569, 291.90, 100, 74232, 74
2026/07/29 13:26:59.607, 292.08, 100, 74232, 74
2026/07/29 13:27:00.645, 294.42, 100, 74232, 73
2026/07/29 13:27:01.686, 298.18, 100, 74232, 76
2026/07/29 13:27:02.721, 298.78, 100, 74232, 75
2026/07/29 13:27:03.758, 299.06, 100, 74232, 75
2026/07/29 13:27:04.792, 276.67, 100, 74232, 75
2026/07/29 13:27:05.827, 321.26, 100, 74232, 76
2026/07/29 13:27:06.864, 322.11, 100, 74232, 75
2026/07/29 13:27:07.903, 302.38, 100, 74232, 74
2026/07/29 13:27:08.940, 301.52, 100, 74232, 74
2026/07/29 13:27:09.976, 303.45, 100, 74232, 74
2026/07/29 13:27:11.013, 302.96, 100, 74232, 74
2026/07/29 13:27:12.050, 305.27, 100, 74232, 74
2026/07/29 13:27:13.087, 301.11, 100, 74232, 74
2026/07/29 13:27:14.124, 301.90, 100, 74232, 74
2026/07/29 13:27:15.160, 303.65, 100, 74232, 74
2026/07/29 13:27:16.196, 298.98, 100, 74232, 74
2026/07/29 13:27:17.234, 298.47, 100, 74232, 74
2026/07/29 13:27:18.270, 302.29, 100, 74232, 74
2026/07/29 13:27:19.307, 303.64, 100, 74232, 74
2026/07/29 13:27:20.344, 301.27, 100, 74232, 75
2026/07/29 13:27:21.379, 299.46, 100, 74232, 75
2026/07/29 13:27:22.412, 291.71, 100, 74232, 75
2026/07/29 13:27:23.445, 298.20, 100, 74232, 75
2026/07/29 13:27:24.481, 288.40, 100, 74232, 75
2026/07/29 13:27:25.517, 281.88, 100, 74232, 75
2026/07/29 13:27:26.559, 307.61, 100, 74232, 74
2026/07/29 13:27:27.597, 287.74, 100, 74232, 73
2026/07/29 13:27:28.633, 292.57, 100, 74232, 73
2026/07/29 13:27:29.671, 294.91, 100, 74232, 73
2026/07/29 13:27:30.709, 283.62, 100, 74232, 75
2026/07/29 13:27:31.744, 314.33, 100, 74232, 76
2026/07/29 13:27:32.784, 287.04, 100, 74232, 75
2026/07/29 13:27:33.817, 287.15, 100, 74232, 76
2026/07/29 13:27:34.851, 307.67, 100, 74232, 75
2026/07/29 13:27:35.891, 285.64, 100, 74232, 75
2026/07/29 13:27:36.926, 279.78, 100, 74232, 74
2026/07/29 13:27:37.963, 281.89, 100, 74232, 74
2026/07/29 13:27:39.001, 291.32, 100, 74232, 74
2026/07/29 13:27:40.039, 294.51, 100, 74232, 74
2026/07/29 13:27:41.076, 99.51, 66, 74232, 71
2026/07/29 13:27:42.109, 298.86, 100, 74232, 75
2026/07/29 13:27:43.144, 297.02, 100, 74232, 75
2026/07/29 13:27:44.178, 291.52, 100, 74232, 75
2026/07/29 13:27:45.213, 305.62, 100, 74232, 76
2026/07/29 13:27:46.247, 305.52, 100, 74232, 76
2026/07/29 13:27:47.280, 305.30, 100, 74232, 76
2026/07/29 13:27:48.314, 270.19, 100, 74232, 75
2026/07/29 13:27:49.350, 300.93, 100, 74232, 74
2026/07/29 13:27:50.387, 302.59, 100, 74232, 74
2026/07/29 13:27:51.425, 302.81, 100, 74232, 74
2026/07/29 13:27:52.461, 111.62, 100, 74232, 72
2026/07/29 13:27:53.494, 297.74, 100, 74232, 75
2026/07/29 13:27:54.529, 303.37, 100, 74232, 74
2026/07/29 13:27:55.566, 297.24, 100, 74232, 74
2026/07/29 13:27:56.605, 302.09, 100, 74232, 74
2026/07/29 13:27:57.642, 291.02, 100, 74232, 74
2026/07/29 13:27:58.680, 296.95, 100, 74232, 74
2026/07/29 13:27:59.717, 293.56, 100, 74232, 74
2026/07/29 13:28:00.754, 293.94, 100, 74232, 74
2026/07/29 13:28:01.791, 299.97, 100, 74232, 74
2026/07/29 13:28:02.828, 301.11, 100, 74232, 74
2026/07/29 13:28:03.865, 302.38, 100, 74232, 74
2026/07/29 13:28:04.903, 302.89, 100, 74232, 74
2026/07/29 13:28:05.939, 302.39, 100, 74232, 74
2026/07/29 13:28:06.976, 303.93, 100, 74232, 74
2026/07/29 13:28:08.013, 302.26, 100, 74232, 74
2026/07/29 13:28:09.049, 303.34, 100, 74232, 74
2026/07/29 13:28:10.088, 301.79, 100, 74232, 74
2026/07/29 13:28:11.126, 300.93, 100, 74232, 74
2026/07/29 13:28:12.164, 301.86, 100, 74232, 74
2026/07/29 13:28:13.203, 302.85, 100, 74232, 74
2026/07/29 13:28:14.239, 297.46, 100, 74232, 74
2026/07/29 13:28:15.276, 302.02, 100, 74232, 74
2026/07/29 13:28:16.313, 300.65, 100, 74232, 74
2026/07/29 13:28:17.350, 298.79, 100, 74232, 74
2026/07/29 13:28:18.387, 301.77, 100, 74232, 74
2026/07/29 13:28:19.424, 298.01, 100, 74232, 74
2026/07/29 13:28:20.460, 298.61, 100, 74232, 74
2026/07/29 13:28:21.496, 302.57, 100, 74232, 74
2026/07/29 13:28:22.534, 298.13, 100, 74232, 73
2026/07/29 13:28:23.571, 299.06, 100, 74232, 73
2026/07/29 13:28:24.608, 299.46, 100, 74232, 73
2026/07/29 13:28:25.645, 298.90, 100, 74232, 73
2026/07/29 13:28:26.682, 292.57, 100, 74232, 73
2026/07/29 13:28:27.721, 292.09, 100, 74232, 73
2026/07/29 13:28:28.758, 299.46, 100, 74232, 73
2026/07/29 13:28:29.795, 300.25, 100, 74232, 73
2026/07/29 13:28:30.831, 301.15, 100, 74232, 73
2026/07/29 13:28:31.867, 304.80, 100, 74232, 73
2026/07/29 13:28:32.905, 298.96, 100, 74232, 73
2026/07/29 13:28:33.942, 300.76, 100, 74232, 73
2026/07/29 13:28:34.978, 301.01, 100, 74232, 73
2026/07/29 13:28:36.023, 301.11, 100, 74232, 73
2026/07/29 13:28:37.068, 301.33, 100, 74232, 73
2026/07/29 13:28:38.106, 294.24, 100, 74232, 73
2026/07/29 13:28:39.141, 292.69, 100, 74232, 73
2026/07/29 13:28:40.178, 300.14, 100, 74232, 73
2026/07/29 13:28:41.215, 301.51, 100, 74232, 73
2026/07/29 13:28:42.252, 301.20, 100, 74232, 73
2026/07/29 13:28:43.289, 300.44, 100, 74232, 73
2026/07/29 13:28:44.326, 304.83, 100, 74232, 73
2026/07/29 13:28:45.363, 300.14, 100, 74232, 73
2026/07/29 13:28:46.400, 300.93, 100, 74232, 73
2026/07/29 13:28:47.437, 302.02, 100, 74232, 73
2026/07/29 13:28:48.477, 299.85, 100, 74232, 73
2026/07/29 13:28:49.514, 300.92, 100, 74232, 73
2026/07/29 13:28:50.550, 299.80, 100, 74232, 73
2026/07/29 13:28:51.588, 299.96, 100, 74232, 73
2026/07/29 13:28:52.626, 300.28, 100, 74232, 73
2026/07/29 13:28:53.662, 299.78, 100, 74232, 73
2026/07/29 13:28:54.700, 299.67, 100, 74232, 73
2026/07/29 13:28:55.738, 300.26, 100, 74232, 73
2026/07/29 13:28:56.775, 300.64, 100, 74232, 73
2026/07/29 13:28:57.813, 301.06, 100, 74232, 73
2026/07/29 13:28:58.851, 298.98, 100, 74232, 73
2026/07/29 13:28:59.893, 299.28, 100, 74232, 73
2026/07/29 13:29:00.931, 301.02, 100, 74232, 73
2026/07/29 13:29:01.968, 299.49, 100, 74232, 73
2026/07/29 13:29:03.006, 297.64, 100, 74232, 73
2026/07/29 13:29:04.043, 298.66, 100, 74232, 73
2026/07/29 13:29:05.080, 296.77, 100, 74232, 73
2026/07/29 13:29:06.117, 298.78, 100, 74232, 73
2026/07/29 13:29:07.154, 298.71, 100, 74232, 73
2026/07/29 13:29:08.191, 292.00, 100, 74232, 73
2026/07/29 13:29:09.227, 293.07, 100, 74232, 73
2026/07/29 13:29:10.263, 298.98, 100, 74232, 73
2026/07/29 13:29:11.299, 298.81, 100, 74232, 73
2026/07/29 13:29:12.339, 304.50, 100, 74232, 73
2026/07/29 13:29:13.375, 297.51, 100, 74232, 73
2026/07/29 13:29:14.417, 297.43, 100, 74232, 73
2026/07/29 13:29:15.454, 300.56, 100, 74232, 73
2026/07/29 13:29:16.491, 300.92, 100, 74232, 73
2026/07/29 13:29:17.528, 301.04, 100, 74232, 73
2026/07/29 13:29:18.565, 301.80, 100, 74232, 73
2026/07/29 13:29:19.602, 303.51, 100, 74232, 75
2026/07/29 13:29:20.637, 293.58, 100, 74232, 75
2026/07/29 13:29:21.670, 287.68, 100, 74232, 75
2026/07/29 13:29:22.707, 316.74, 100, 74232, 75
2026/07/29 13:29:23.740, 310.25, 100, 74232, 75
2026/07/29 13:29:24.776, 288.20, 100, 74232, 74
2026/07/29 13:29:25.813, 292.78, 100, 74232, 73
2026/07/29 13:29:26.851, 302.69, 100, 74232, 73
2026/07/29 13:29:27.888, 300.53, 100, 74232, 73
2026/07/29 13:29:28.925, 302.58, 100, 74232, 73
2026/07/29 13:29:29.963, 100.63, 0, 74232, 70
2026/07/29 13:29:30.996, 302.18, 100, 74232, 75
2026/07/29 13:29:32.031, 287.58, 100, 74232, 75
2026/07/29 13:29:33.065, 285.50, 100, 74232, 75
2026/07/29 13:29:34.101, 292.72, 100, 74232, 75
2026/07/29 13:29:35.134, 284.09, 100, 74232, 75
2026/07/29 13:29:36.171, 277.34, 100, 74232, 75
2026/07/29 13:29:37.204, 301.98, 100, 74232, 73
2026/07/29 13:29:38.244, 301.31, 100, 74232, 73
2026/07/29 13:29:39.280, 299.86, 100, 74232, 73
2026/07/29 13:29:40.318, 295.41, 100, 74232, 73
2026/07/29 13:29:41.354, 293.57, 100, 74232, 75
2026/07/29 13:29:42.395, 304.88, 100, 74232, 75
2026/07/29 13:29:43.430, 301.49, 100, 74232, 75
2026/07/29 13:29:44.466, 276.65, 100, 74232, 75
2026/07/29 13:29:45.499, 311.61, 100, 74232, 75
2026/07/29 13:29:46.535, 297.44, 100, 74232, 76
2026/07/29 13:29:47.570, 294.24, 100, 74232, 74
2026/07/29 13:29:48.610, 292.87, 100, 74232, 74
2026/07/29 13:29:49.646, 291.32, 100, 74232, 74
2026/07/29 13:29:50.686, 287.23, 100, 74232, 74
2026/07/29 13:29:51.722, 297.35, 100, 74232, 76
2026/07/29 13:29:52.755, 301.61, 100, 74232, 76
2026/07/29 13:29:53.790, 287.27, 100, 74232, 76
2026/07/29 13:29:54.826, 302.55, 100, 74232, 76
2026/07/29 13:29:55.862, 282.41, 100, 74232, 76
2026/07/29 13:29:56.896, 273.45, 100, 74232, 76
2026/07/29 13:29:57.930, 303.85, 100, 74232, 74
2026/07/29 13:29:58.968, 298.51, 100, 74232, 74
2026/07/29 13:30:00.007, 300.53, 100, 74232, 74
2026/07/29 13:30:01.042, 299.65, 100, 74232, 74
2026/07/29 13:30:02.078, 304.45, 100, 74232, 74
2026/07/29 13:30:03.115, 304.79, 100, 74232, 74
2026/07/29 13:30:04.151, 302.19, 100, 74232, 74
2026/07/29 13:30:05.188, 302.89, 100, 74232, 75
2026/07/29 13:30:06.225, 304.50, 100, 74232, 75
2026/07/29 13:30:07.261, 300.60, 100, 74232, 75
2026/07/29 13:30:08.298, 302.96, 100, 74232, 74
2026/07/29 13:30:09.334, 303.73, 100, 74232, 74
2026/07/29 13:30:10.371, 304.40, 100, 74232, 74
2026/07/29 13:30:11.409, 302.47, 100, 74232, 74
2026/07/29 13:30:12.447, 295.78, 100, 74232, 74
2026/07/29 13:30:13.485, 296.48, 100, 74232, 74
2026/07/29 13:30:14.523, 294.31, 100, 74232, 74
2026/07/29 13:30:15.565, 303.83, 100, 74232, 74
2026/07/29 13:30:16.601, 295.60, 100, 74232, 74
2026/07/29 13:30:17.638, 291.68, 100, 74232, 74
2026/07/29 13:30:18.676, 383.51, 86, 74232, 75
2026/07/29 13:30:19.712, 296.03, 100, 74232, 76
2026/07/29 13:30:20.747, 300.59, 100, 74232, 76
2026/07/29 13:30:21.784, 301.44, 100, 74232, 76
2026/07/29 13:30:22.819, 285.87, 100, 74232, 75
2026/07/29 13:30:23.855, 277.57, 100, 74232, 76
2026/07/29 13:30:24.891, 304.88, 100, 74232, 75
2026/07/29 13:30:25.932, 302.37, 100, 74232, 74
2026/07/29 13:30:26.970, 302.79, 100, 74232, 74
2026/07/29 13:30:28.009, 296.19, 100, 74232, 74
2026/07/29 13:30:29.047, 293.33, 100, 74232, 74
2026/07/29 13:30:30.085, 292.00, 100, 74232, 74
2026/07/29 13:30:31.123, 295.11, 100, 74232, 74
2026/07/29 13:30:32.160, 291.41, 100, 74232, 74
2026/07/29 13:30:33.197, 294.40, 100, 74232, 74
2026/07/29 13:30:34.234, 294.24, 100, 74232, 74
2026/07/29 13:30:35.270, 296.27, 100, 74232, 74
2026/07/29 13:30:36.307, 292.28, 100, 74232, 74
2026/07/29 13:30:37.344, 292.57, 100, 74232, 74
2026/07/29 13:30:38.382, 294.81, 100, 74232, 74
2026/07/29 13:30:39.418, 295.61, 100, 74232, 74
2026/07/29 13:30:40.457, 304.11, 100, 74232, 74
2026/07/29 13:30:41.494, 301.77, 100, 74232, 74
2026/07/29 13:30:42.531, 303.45, 100, 74232, 74
2026/07/29 13:30:43.568, 299.17, 100, 74232, 74
2026/07/29 13:30:44.608, 301.23, 100, 74232, 74
2026/07/29 13:30:45.645, 303.55, 100, 74232, 74
2026/07/29 13:30:46.682, 303.19, 100, 74232, 74
2026/07/29 13:30:47.723, 304.51, 100, 74232, 74
2026/07/29 13:30:48.759, 301.79, 100, 74232, 74
2026/07/29 13:30:49.796, 302.98, 100, 74232, 74
2026/07/29 13:30:50.832, 303.54, 100, 74232, 74
2026/07/29 13:30:51.870, 299.76, 100, 74232, 74
2026/07/29 13:30:52.906, 301.62, 100, 74232, 74
2026/07/29 13:30:53.944, 301.99, 100, 74232, 73
2026/07/29 13:30:54.982, 301.98, 100, 74232, 73
2026/07/29 13:30:56.020, 295.98, 100, 74232, 73
2026/07/29 13:30:57.056, 296.75, 100, 74232, 73
2026/07/29 13:30:58.094, 295.42, 100, 74232, 73
2026/07/29 13:30:59.131, 295.39, 100, 74232, 73
2026/07/29 13:31:00.169, 293.84, 100, 74232, 73
2026/07/29 13:31:01.206, 293.17, 100, 74232, 73
2026/07/29 13:31:02.243, 302.20, 100, 74232, 73
2026/07/29 13:31:03.279, 291.98, 100, 74232, 73
2026/07/29 13:31:04.316, 291.02, 100, 74232, 73
2026/07/29 13:31:05.352, 289.67, 100, 74232, 73
2026/07/29 13:31:06.391, 295.20, 100, 74232, 73
2026/07/29 13:31:07.427, 295.39, 100, 74232, 73
2026/07/29 13:31:08.463, 298.40, 100, 74232, 73
2026/07/29 13:31:09.500, 301.88, 100, 74232, 73
2026/07/29 13:31:10.538, 301.81, 100, 74232, 73
2026/07/29 13:31:11.576, 302.27, 100, 74232, 73
2026/07/29 13:31:12.613, 299.66, 100, 74232, 73
2026/07/29 13:31:13.652, 299.57, 100, 74232, 73
2026/07/29 13:31:14.691, 301.99, 100, 74232, 73
2026/07/29 13:31:15.728, 301.78, 100, 74232, 73
2026/07/29 13:31:16.765, 300.83, 100, 74232, 73
2026/07/29 13:31:17.802, 300.84, 100, 74232, 73
2026/07/29 13:31:18.839, 301.71, 100, 74232, 73
2026/07/29 13:31:19.876, 296.86, 100, 74232, 73
2026/07/29 13:31:20.913, 297.24, 100, 74232, 73
2026/07/29 13:31:21.949, 301.79, 100, 74232, 73
2026/07/29 13:31:22.986, 302.87, 100, 74232, 73
2026/07/29 13:31:24.024, 302.19, 100, 74232, 73
2026/07/29 13:31:25.061, 300.72, 100, 74232, 73
2026/07/29 13:31:26.099, 302.28, 100, 74232, 73
2026/07/29 13:31:27.136, 299.39, 100, 74232, 73
2026/07/29 13:31:28.175, 290.44, 100, 74232, 73
2026/07/29 13:31:29.212, 294.80, 100, 74232, 73
2026/07/29 13:31:30.251, 302.13, 100, 74232, 73
2026/07/29 13:31:31.288, 300.95, 100, 74232, 73
2026/07/29 13:31:32.325, 299.68, 100, 74232, 73
2026/07/29 13:31:33.361, 301.31, 100, 74232, 73
2026/07/29 13:31:34.396, 297.53, 100, 74232, 73
2026/07/29 13:31:35.432, 300.35, 100, 74232, 73
2026/07/29 13:31:36.469, 290.81, 100, 74232, 73
2026/07/29 13:31:37.505, 294.73, 100, 74232, 73
2026/07/29 13:31:38.541, 294.04, 100, 74232, 73
2026/07/29 13:31:39.576, 300.05, 100, 74232, 73
2026/07/29 13:31:40.613, 305.84, 100, 74232, 73
2026/07/29 13:31:41.650, 301.28, 100, 74232, 73
2026/07/29 13:31:42.687, 295.50, 100, 74232, 73
2026/07/29 13:31:43.727, 293.64, 100, 74232, 73
2026/07/29 13:31:44.763, 293.16, 100, 74232, 73
2026/07/29 13:31:45.800, 294.23, 100, 74232, 73
2026/07/29 13:31:46.837, 291.99, 100, 74232, 73
2026/07/29 13:31:47.874, 287.72, 100, 74232, 73
2026/07/29 13:31:48.912, 293.45, 100, 74232, 73
2026/07/29 13:31:49.948, 302.28, 100, 74232, 73
2026/07/29 13:31:50.984, 291.13, 100, 74232, 73
2026/07/29 13:31:52.021, 290.64, 100, 74232, 73
2026/07/29 13:31:53.058, 293.65, 100, 74232, 73
2026/07/29 13:31:54.096, 301.32, 100, 74232, 73
2026/07/29 13:31:55.134, 302.37, 100, 74232, 73
2026/07/29 13:31:56.172, 290.73, 100, 74232, 73
2026/07/29 13:31:57.210, 300.34, 100, 74232, 73
2026/07/29 13:31:58.247, 301.50, 100, 74232, 73
2026/07/29 13:31:59.282, 301.79, 100, 74232, 73
2026/07/29 13:32:00.319, 297.02, 100, 74232, 73
2026/07/29 13:32:01.355, 302.47, 100, 74232, 73
2026/07/29 13:32:02.393, 299.56, 100, 74232, 73
2026/07/29 13:32:03.431, 302.06, 100, 74232, 73
2026/07/29 13:32:04.469, 302.66, 100, 74232, 73
2026/07/29 13:32:05.506, 301.73, 100, 74232, 73
2026/07/29 13:32:06.543, 296.75, 100, 74232, 73
2026/07/29 13:32:07.580, 300.55, 100, 74232, 73
2026/07/29 13:32:08.616, 300.52, 100, 74232, 73
2026/07/29 13:32:09.653, 301.77, 100, 74232, 73
2026/07/29 13:32:10.691, 297.73, 100, 74232, 73
2026/07/29 13:32:11.731, 301.80, 100, 74232, 73
2026/07/29 13:32:12.769, 298.38, 100, 74232, 73
2026/07/29 13:32:13.808, 300.95, 100, 74232, 73
2026/07/29 13:32:14.845, 301.88, 100, 74232, 73
2026/07/29 13:32:15.882, 301.01, 100, 74232, 73
2026/07/29 13:32:16.920, 302.00, 100, 74232, 73
2026/07/29 13:32:17.957, 303.22, 100, 74232, 73
2026/07/29 13:32:18.997, 300.05, 100, 74232, 73
2026/07/29 13:32:20.035, 301.78, 100, 74232, 73
2026/07/29 13:32:21.073, 301.22, 100, 74232, 73
2026/07/29 13:32:22.110, 302.39, 100, 74232, 73
2026/07/29 13:32:23.146, 298.57, 100, 74232, 73
2026/07/29 13:32:24.185, 300.73, 100, 74232, 73
2026/07/29 13:32:25.222, 300.83, 100, 74232, 73
2026/07/29 13:32:26.260, 302.16, 100, 74232, 73
2026/07/29 13:32:27.297, 306.33, 100, 74232, 73
2026/07/29 13:32:28.334, 302.07, 100, 74232, 73
2026/07/29 13:32:29.371, 297.13, 100, 74232, 73
2026/07/29 13:32:30.418, 302.29, 100, 74232, 73
2026/07/29 13:32:31.455, 294.62, 100, 74232, 73
2026/07/29 13:32:32.491, 291.51, 100, 74232, 73
2026/07/29 13:32:33.531, 293.07, 100, 74232, 73
2026/07/29 13:32:34.568, 299.10, 100, 74232, 73
2026/07/29 13:32:35.604, 298.49, 100, 74232, 73
2026/07/29 13:32:36.641, 301.70, 100, 74232, 73
2026/07/29 13:32:37.678, 299.75, 100, 74232, 73
2026/07/29 13:32:38.714, 298.88, 100, 74232, 73
2026/07/29 13:32:39.751, 300.53, 100, 74232, 73
2026/07/29 13:32:40.787, 302.37, 100, 74232, 73
2026/07/29 13:32:41.824, 302.19, 100, 74232, 73
2026/07/29 13:32:42.861, 302.08, 100, 74232, 73
2026/07/29 13:32:43.898, 298.50, 100, 74232, 73
2026/07/29 13:32:44.936, 298.53, 100, 74232, 73
2026/07/29 13:32:45.975, 301.43, 100, 74232, 73
2026/07/29 13:32:47.013, 302.68, 100, 74232, 73
2026/07/29 13:32:48.049, 301.61, 100, 74232, 73
2026/07/29 13:32:49.085, 299.93, 100, 74232, 73
2026/07/29 13:32:50.121, 291.11, 100, 74232, 73
2026/07/29 13:32:51.158, 294.91, 100, 74232, 73
2026/07/29 13:32:52.197, 293.74, 100, 74232, 73
2026/07/29 13:32:53.234, 293.76, 100, 74232, 73
2026/07/29 13:32:54.271, 295.10, 100, 74232, 73
2026/07/29 13:32:55.309, 291.33, 100, 74232, 73
2026/07/29 13:32:56.346, 290.72, 100, 74232, 73
2026/07/29 13:32:57.384, 300.05, 100, 74232, 73
2026/07/29 13:32:58.421, 300.93, 100, 74232, 73
2026/07/29 13:32:59.460, 301.21, 100, 74232, 73
2026/07/29 13:33:00.496, 302.17, 100, 74232, 73
2026/07/29 13:33:01.534, 302.28, 100, 74232, 73
2026/07/29 13:33:02.570, 298.62, 100, 74232, 73
2026/07/29 13:33:03.608, 301.58, 100, 74232, 73
2026/07/29 13:33:04.646, 300.71, 100, 74232, 73
2026/07/29 13:33:05.683, 295.96, 100, 74232, 73
2026/07/29 13:33:06.721, 303.43, 100, 74232, 73
2026/07/29 13:33:07.757, 291.40, 100, 74232, 73
2026/07/29 13:33:08.795, 294.64, 100, 74232, 73
2026/07/29 13:33:09.833, 288.79, 100, 74232, 73
2026/07/29 13:33:10.870, 298.51, 100, 74232, 73
2026/07/29 13:33:11.907, 296.86, 100, 74232, 73
2026/07/29 13:33:12.944, 298.32, 100, 74232, 73
2026/07/29 13:33:13.981, 305.72, 100, 74232, 73
2026/07/29 13:33:15.020, 302.08, 100, 74232, 73
2026/07/29 13:33:16.056, 295.11, 100, 74232, 73
2026/07/29 13:33:17.095, 289.40, 100, 74232, 73
2026/07/29 13:33:18.131, 298.21, 100, 74232, 73
2026/07/29 13:33:19.166, 298.43, 100, 74232, 73
2026/07/29 13:33:20.203, 295.61, 100, 74232, 73
2026/07/29 13:33:21.242, 292.68, 100, 74232, 73
2026/07/29 13:33:22.279, 297.05, 100, 74232, 73
2026/07/29 13:33:23.317, 292.18, 100, 74232, 73
2026/07/29 13:33:24.355, 293.95, 100, 74232, 73
2026/07/29 13:33:25.392, 297.73, 100, 74232, 73
2026/07/29 13:33:26.429, 301.72, 100, 74232, 73
2026/07/29 13:33:27.466, 297.05, 100, 74232, 73
2026/07/29 13:33:28.503, 302.66, 100, 74232, 73
2026/07/29 13:33:29.540, 298.59, 100, 74232, 73
2026/07/29 13:33:30.578, 300.06, 100, 74232, 73
2026/07/29 13:33:31.615, 299.19, 100, 74232, 73
2026/07/29 13:33:32.652, 297.32, 100, 74232, 73
2026/07/29 13:33:33.689, 301.58, 100, 74232, 73
2026/07/29 13:33:34.725, 299.33, 100, 74232, 73
2026/07/29 13:33:35.762, 296.70, 100, 74232, 73
2026/07/29 13:33:36.798, 299.94, 100, 74232, 73
2026/07/29 13:33:37.836, 301.67, 100, 74232, 73
2026/07/29 13:33:38.872, 300.52, 100, 74232, 73
2026/07/29 13:33:39.910, 301.69, 100, 74232, 73
2026/07/29 13:33:40.948, 298.35, 100, 74232, 73
2026/07/29 13:33:41.988, 301.92, 100, 74232, 73
2026/07/29 13:33:43.024, 297.45, 100, 74232, 73
2026/07/29 13:33:44.060, 299.87, 100, 74232, 73
2026/07/29 13:33:45.097, 300.73, 100, 74232, 73
2026/07/29 13:33:46.136, 300.44, 100, 74232, 73
2026/07/29 13:33:47.174, 301.02, 100, 74232, 72
2026/07/29 13:33:48.211, 303.24, 100, 74232, 72
2026/07/29 13:33:49.247, 298.03, 100, 74232, 72
2026/07/29 13:33:50.283, 291.89, 100, 74232, 72
2026/07/29 13:33:51.321, 299.07, 100, 74232, 72
2026/07/29 13:33:52.357, 298.40, 100, 74232, 73
2026/07/29 13:33:53.392, 300.22, 100, 74232, 72
2026/07/29 13:33:54.430, 300.83, 100, 74232, 72
2026/07/29 13:33:55.466, 301.64, 100, 74232, 72
2026/07/29 13:33:56.501, 301.31, 100, 74232, 72
2026/07/29 13:33:57.537, 302.12, 100, 74232, 72
2026/07/29 13:33:58.574, 300.64, 100, 74232, 72
2026/07/29 13:33:59.611, 297.71, 100, 74232, 72
2026/07/29 13:34:00.648, 300.26, 100, 74232, 72
2026/07/29 13:34:01.685, 295.30, 100, 74232, 72
2026/07/29 13:34:02.721, 294.54, 100, 74232, 72
2026/07/29 13:34:03.758, 293.53, 100, 74232, 72
2026/07/29 13:34:04.797, 299.50, 100, 74232, 72
2026/07/29 13:34:05.834, 291.13, 100, 74232, 72
2026/07/29 13:34:06.871, 295.89, 100, 74232, 72
2026/07/29 13:34:07.906, 298.02, 100, 74232, 72
2026/07/29 13:34:08.950, 301.23, 100, 74232, 72
2026/07/29 13:34:09.989, 300.05, 100, 74232, 72
2026/07/29 13:34:11.024, 300.62, 100, 74232, 72
2026/07/29 13:34:12.061, 302.42, 100, 74232, 72
2026/07/29 13:34:13.097, 301.51, 100, 74232, 72
2026/07/29 13:34:14.133, 298.39, 100, 74232, 72
2026/07/29 13:34:15.173, 299.59, 100, 74232, 72
2026/07/29 13:34:16.210, 297.23, 100, 74232, 72
2026/07/29 13:34:17.246, 299.39, 100, 74232, 72
2026/07/29 13:34:18.282, 300.73, 100, 74232, 72
2026/07/29 13:34:19.318, 301.69, 100, 74232, 72
2026/07/29 13:34:20.355, 300.62, 100, 74232, 72
2026/07/29 13:34:21.391, 301.11, 100, 74232, 72
2026/07/29 13:34:22.426, 303.41, 100, 74232, 72
2026/07/29 13:34:23.463, 301.21, 100, 74232, 72
2026/07/29 13:34:24.501, 296.44, 100, 74232, 72
2026/07/29 13:34:25.537, 300.21, 100, 74232, 72
2026/07/29 13:34:26.574, 297.80, 100, 74232, 72
2026/07/29 13:34:27.611, 299.35, 100, 74232, 72
2026/07/29 13:34:28.648, 296.17, 100, 74232, 72
2026/07/29 13:34:29.686, 299.27, 100, 74232, 72
2026/07/29 13:34:30.724, 300.64, 100, 74232, 72
2026/07/29 13:34:31.761, 301.31, 100, 74232, 72
2026/07/29 13:34:32.798, 301.12, 100, 74232, 72
2026/07/29 13:34:33.837, 302.38, 100, 74232, 72
2026/07/29 13:34:34.873, 296.20, 100, 74232, 72
2026/07/29 13:34:35.910, 297.92, 100, 74232, 72
2026/07/29 13:34:36.946, 297.44, 100, 74232, 72
2026/07/29 13:34:37.982, 299.96, 100, 74232, 72
2026/07/29 13:34:39.019, 300.63, 100, 74232, 72
2026/07/29 13:34:40.057, 293.34, 100, 74232, 72
2026/07/29 13:34:41.095, 293.24, 100, 74232, 72
2026/07/29 13:34:42.134, 301.71, 100, 74232, 72
2026/07/29 13:34:43.172, 301.30, 100, 74232, 72
2026/07/29 13:34:44.209, 303.92, 100, 74232, 72
2026/07/29 13:34:45.247, 299.94, 100, 74232, 72
2026/07/29 13:34:46.286, 301.02, 100, 74232, 72
2026/07/29 13:34:47.323, 299.39, 100, 74232, 72
2026/07/29 13:34:48.360, 300.83, 100, 74232, 72
2026/07/29 13:34:49.396, 302.28, 100, 74232, 72
2026/07/29 13:34:50.432, 300.73, 100, 74232, 72
2026/07/29 13:34:51.470, 301.79, 100, 74232, 72
2026/07/29 13:34:52.506, 297.14, 100, 74232, 72
2026/07/29 13:34:53.542, 300.06, 100, 74232, 72
2026/07/29 13:34:54.579, 297.13, 100, 74232, 72
2026/07/29 13:34:55.620, 299.54, 100, 74232, 72
2026/07/29 13:34:56.657, 297.31, 100, 74232, 72
2026/07/29 13:34:57.694, 299.76, 100, 74232, 72
2026/07/29 13:34:58.735, 300.13, 100, 74232, 72
2026/07/29 13:34:59.773, 297.34, 100, 74232, 72
2026/07/29 13:35:00.810, 297.05, 100, 74232, 72
2026/07/29 13:35:01.846, 300.93, 100, 74232, 72
2026/07/29 13:35:02.885, 304.71, 100, 74232, 72
2026/07/29 13:35:03.922, 301.63, 100, 74232, 72
2026/07/29 13:35:04.959, 296.00, 100, 74232, 72
2026/07/29 13:35:05.997, 299.46, 100, 74232, 72
2026/07/29 13:35:07.033, 296.75, 100, 74232, 72
2026/07/29 13:35:08.070, 298.95, 100, 74232, 72
2026/07/29 13:35:09.106, 300.47, 100, 74232, 72
2026/07/29 13:35:10.144, 295.99, 100, 74232, 72
2026/07/29 13:35:11.180, 300.55, 100, 74232, 72
2026/07/29 13:35:12.218, 293.94, 100, 74232, 72
2026/07/29 13:35:13.254, 290.65, 100, 74232, 72
2026/07/29 13:35:14.291, 299.67, 100, 74232, 72
2026/07/29 13:35:15.327, 301.04, 100, 74232, 72
2026/07/29 13:35:16.364, 296.07, 100, 74232, 73
2026/07/29 13:35:17.400, 301.80, 100, 74232, 73
2026/07/29 13:35:18.437, 293.93, 100, 74232, 72
2026/07/29 13:35:19.476, 298.79, 100, 74232, 74
2026/07/29 13:35:20.510, 299.17, 100, 74232, 74
2026/07/29 13:35:21.551, 293.16, 100, 74232, 74
2026/07/29 13:35:22.586, 293.07, 100, 74232, 74
2026/07/29 13:35:23.619, 309.34, 100, 74232, 74
2026/07/29 13:35:24.659, 313.47, 100, 74232, 74
2026/07/29 13:35:25.695, 251.17, 100, 74232, 72
2026/07/29 13:35:26.733, 295.10, 100, 74232, 72
2026/07/29 13:35:27.773, 288.86, 100, 74232, 72
2026/07/29 13:35:28.811, 294.51, 100, 74232, 73
2026/07/29 13:35:29.847, 292.47, 100, 74232, 73
2026/07/29 13:35:30.883, 297.83, 100, 74232, 73
2026/07/29 13:35:31.919, 301.62, 100, 74232, 73
2026/07/29 13:35:32.956, 294.42, 100, 74232, 73
2026/07/29 13:35:33.993, 301.97, 100, 74232, 73
2026/07/29 13:35:35.030, 301.82, 100, 74232, 73
2026/07/29 13:35:36.067, 302.45, 100, 74232, 73
2026/07/29 13:35:37.107, 300.33, 100, 74232, 73
2026/07/29 13:35:38.144, 299.85, 100, 74232, 73
2026/07/29 13:35:39.179, 301.31, 100, 74232, 73
2026/07/29 13:35:40.217, 297.62, 100, 74232, 73
2026/07/29 13:35:41.254, 299.95, 100, 74232, 73
2026/07/29 13:35:42.291, 300.92, 100, 74232, 73
2026/07/29 13:35:43.328, 302.47, 100, 74232, 73
2026/07/29 13:35:44.365, 300.52, 100, 74232, 73
2026/07/29 13:35:45.401, 300.37, 100, 74232, 73
2026/07/29 13:35:46.438, 302.08, 100, 74232, 73
2026/07/29 13:35:47.474, 298.41, 100, 74232, 73
2026/07/29 13:35:48.512, 299.26, 100, 74232, 73
2026/07/29 13:35:49.550, 301.88, 100, 74232, 73
2026/07/29 13:35:50.589, 297.82, 100, 74232, 73
2026/07/29 13:35:51.626, 297.32, 100, 74232, 73
2026/07/29 13:35:52.663, 300.13, 100, 74232, 73
2026/07/29 13:35:53.701, 302.17, 100, 74232, 73
2026/07/29 13:35:54.738, 298.98, 100, 74232, 73
2026/07/29 13:35:55.774, 299.29, 100, 74232, 73
2026/07/29 13:35:56.811, 301.98, 100, 74232, 73
2026/07/29 13:35:57.849, 298.97, 100, 74232, 73
2026/07/29 13:35:58.885, 299.29, 100, 74232, 73
2026/07/29 13:35:59.923, 301.21, 100, 74232, 73
2026/07/29 13:36:00.960, 301.70, 100, 74232, 73
2026/07/29 13:36:01.999, 303.82, 100, 74232, 73
2026/07/29 13:36:03.037, 300.34, 100, 74232, 73
2026/07/29 13:36:04.075, 295.20, 100, 74232, 73
2026/07/29 13:36:05.114, 294.42, 100, 74232, 73
2026/07/29 13:36:06.151, 298.51, 100, 74232, 73
2026/07/29 13:36:07.188, 301.01, 100, 74232, 73
2026/07/29 13:36:08.225, 301.97, 100, 74232, 73
2026/07/29 13:36:09.264, 302.20, 100, 74232, 73
2026/07/29 13:36:10.301, 298.81, 100, 74232, 73
2026/07/29 13:36:11.340, 302.11, 100, 74232, 73
2026/07/29 13:36:12.378, 302.47, 100, 74232, 73
2026/07/29 13:36:13.415, 305.18, 100, 74232, 73
2026/07/29 13:36:14.452, 300.55, 100, 74232, 73
2026/07/29 13:36:15.490, 301.70, 100, 74232, 73
2026/07/29 13:36:16.527, 302.20, 100, 74232, 73
2026/07/29 13:36:17.562, 291.41, 100, 74232, 73
2026/07/29 13:36:18.599, 287.90, 100, 74232, 73
2026/07/29 13:36:19.636, 294.04, 100, 74232, 73
2026/07/29 13:36:20.674, 291.22, 100, 74232, 73
2026/07/29 13:36:21.711, 292.20, 100, 74232, 73
2026/07/29 13:36:22.746, 299.86, 100, 74232, 73
2026/07/29 13:36:23.783, 302.45, 100, 74232, 73
2026/07/29 13:36:24.821, 297.81, 100, 74232, 73
2026/07/29 13:36:25.857, 298.56, 100, 74232, 73
2026/07/29 13:36:26.896, 295.10, 100, 74232, 73
2026/07/29 13:36:27.934, 303.06, 100, 74232, 73
2026/07/29 13:36:28.971, 289.97, 100, 74232, 73
2026/07/29 13:36:30.007, 290.13, 100, 74232, 73
2026/07/29 13:36:31.046, 289.36, 100, 74232, 73
2026/07/29 13:36:32.082, 290.44, 100, 74232, 73
2026/07/29 13:36:33.120, 302.12, 100, 74232, 73
2026/07/29 13:36:34.156, 294.42, 100, 74232, 73
2026/07/29 13:36:35.198, 297.35, 100, 74232, 73
2026/07/29 13:36:36.236, 301.01, 100, 74232, 73
2026/07/29 13:36:37.272, 297.53, 100, 74232, 73
2026/07/29 13:36:38.310, 298.41, 100, 74232, 73
2026/07/29 13:36:39.346, 302.56, 100, 74232, 73
2026/07/29 13:36:40.382, 299.38, 100, 74232, 73
2026/07/29 13:36:41.419, 301.20, 100, 74232, 73
2026/07/29 13:36:42.456, 300.61, 100, 74232, 73
2026/07/29 13:36:43.492, 302.83, 100, 74232, 73
2026/07/29 13:36:44.529, 297.14, 100, 74232, 73
2026/07/29 13:36:45.565, 296.08, 100, 74232, 73
2026/07/29 13:36:46.602, 299.95, 100, 74232, 73
2026/07/29 13:36:47.638, 301.97, 100, 74232, 73
2026/07/29 13:36:48.675, 302.11, 100, 74232, 73
2026/07/29 13:36:49.713, 302.26, 100, 74232, 73
2026/07/29 13:36:50.751, 300.17, 100, 74232, 73
2026/07/29 13:36:51.788, 300.63, 100, 74232, 73
2026/07/29 13:36:52.824, 296.94, 100, 74232, 73
2026/07/29 13:36:53.861, 294.42, 100, 74232, 73
2026/07/29 13:36:54.903, 298.88, 100, 74232, 73
2026/07/29 13:36:55.941, 291.89, 100, 74232, 73
2026/07/29 13:36:56.977, 294.34, 100, 74232, 73
2026/07/29 13:36:58.015, 301.52, 100, 74232, 73
2026/07/29 13:36:59.055, 294.83, 100, 74232, 73
2026/07/29 13:37:00.091, 299.85, 100, 74232, 73
2026/07/29 13:37:01.130, 302.65, 100, 74232, 73
2026/07/29 13:37:02.167, 297.91, 100, 74232, 73
2026/07/29 13:37:03.205, 296.57, 100, 74232, 73
2026/07/29 13:37:04.241, 300.63, 100, 74232, 73
2026/07/29 13:37:05.281, 301.82, 100, 74232, 73
2026/07/29 13:37:06.318, 301.11, 100, 74232, 73
2026/07/29 13:37:07.356, 297.82, 100, 74232, 73
2026/07/29 13:37:08.393, 299.66, 100, 74232, 73
2026/07/29 13:37:09.431, 289.86, 100, 74232, 73
2026/07/29 13:37:10.468, 293.75, 100, 74232, 73
2026/07/29 13:37:11.507, 290.06, 100, 74232, 73
2026/07/29 13:37:12.544, 292.00, 100, 74232, 73
2026/07/29 13:37:13.581, 292.08, 100, 74232, 73
2026/07/29 13:37:14.617, 293.06, 100, 74232, 73
2026/07/29 13:37:15.654, 301.53, 100, 74232, 73
2026/07/29 13:37:16.690, 298.11, 100, 74232, 73
2026/07/29 13:37:17.728, 290.71, 100, 74232, 72
2026/07/29 13:37:18.766, 293.56, 100, 74232, 73
2026/07/29 13:37:19.805, 300.73, 100, 74232, 73
2026/07/29 13:37:20.844, 299.78, 100, 74232, 73
2026/07/29 13:37:21.881, 297.71, 100, 74232, 73
2026/07/29 13:37:22.920, 289.00, 100, 74232, 73
2026/07/29 13:37:23.957, 298.10, 100, 74232, 73
2026/07/29 13:37:24.994, 293.73, 100, 74232, 73
2026/07/29 13:37:26.031, 296.29, 100, 74232, 73
2026/07/29 13:37:27.069, 294.71, 100, 74232, 73
2026/07/29 13:37:28.106, 293.25, 100, 74232, 73
2026/07/29 13:37:29.145, 294.52, 100, 74232, 73
2026/07/29 13:37:30.181, 293.54, 100, 74232, 73
2026/07/29 13:37:31.219, 301.69, 100, 74232, 73
2026/07/29 13:37:32.254, 298.21, 100, 74232, 73
2026/07/29 13:37:33.294, 297.22, 100, 74232, 73
2026/07/29 13:37:34.332, 300.37, 100, 74232, 73
2026/07/29 13:37:35.368, 298.50, 100, 74232, 73
2026/07/29 13:37:36.406, 295.59, 100, 74232, 73
2026/07/29 13:37:37.443, 302.57, 100, 74232, 73
2026/07/29 13:37:38.479, 296.65, 100, 74232, 73
2026/07/29 13:37:39.516, 297.05, 100, 74232, 73
2026/07/29 13:37:40.554, 289.83, 100, 74232, 73
2026/07/29 13:37:41.591, 293.92, 100, 74232, 73
2026/07/29 13:37:42.628, 296.74, 100, 74232, 73
2026/07/29 13:37:43.664, 301.70, 100, 74232, 73
2026/07/29 13:37:44.702, 299.17, 100, 74232, 73
2026/07/29 13:37:45.739, 300.62, 100, 74232, 73
2026/07/29 13:37:46.777, 300.42, 100, 74232, 73
2026/07/29 13:37:47.813, 302.02, 100, 74232, 73
2026/07/29 13:37:48.852, 302.88, 100, 74232, 73
2026/07/29 13:37:49.889, 302.19, 100, 74232, 73
2026/07/29 13:37:50.925, 299.88, 100, 74232, 73
2026/07/29 13:37:51.961, 292.87, 100, 74232, 73
2026/07/29 13:37:53.002, 289.57, 100, 74232, 73
2026/07/29 13:37:54.041, 302.01, 100, 74232, 73
2026/07/29 13:37:55.078, 295.00, 100, 74232, 73
2026/07/29 13:37:56.116, 295.89, 100, 74232, 73
2026/07/29 13:37:57.154, 292.48, 100, 74232, 73
2026/07/29 13:37:58.192, 301.21, 100, 74232, 73
2026/07/29 13:37:59.229, 303.61, 100, 74232, 73
2026/07/29 13:38:00.266, 302.28, 100, 74232, 73
2026/07/29 13:38:01.303, 297.21, 100, 74232, 73
2026/07/29 13:38:02.340, 299.58, 100, 74232, 73
2026/07/29 13:38:03.378, 299.77, 100, 74232, 73
2026/07/29 13:38:04.415, 301.79, 100, 74232, 73
2026/07/29 13:38:05.451, 302.77, 100, 74232, 73
2026/07/29 13:38:06.488, 299.66, 100, 74232, 73
2026/07/29 13:38:07.525, 299.48, 100, 74232, 73
2026/07/29 13:38:08.561, 301.99, 100, 74232, 73
2026/07/29 13:38:09.599, 302.27, 100, 74232, 73
2026/07/29 13:38:10.635, 300.82, 100, 74232, 73
2026/07/29 13:38:11.673, 298.40, 100, 74232, 73
2026/07/29 13:38:12.711, 300.52, 100, 74232, 73
2026/07/29 13:38:13.748, 298.61, 100, 74232, 73
2026/07/29 13:38:14.784, 301.77, 100, 74232, 73
2026/07/29 13:38:15.821, 302.27, 100, 74232, 73
2026/07/29 13:38:16.858, 299.77, 100, 74232, 73
2026/07/29 13:38:17.897, 297.92, 100, 74232, 73
2026/07/29 13:38:18.934, 301.24, 100, 74232, 73
2026/07/29 13:38:19.975, 301.01, 100, 74232, 73
2026/07/29 13:38:21.011, 301.23, 100, 74232, 73
2026/07/29 13:38:22.051, 302.17, 100, 74232, 73
2026/07/29 13:38:23.090, 297.80, 100, 74232, 73
2026/07/29 13:38:24.126, 304.14, 100, 74232, 73
2026/07/29 13:38:25.162, 299.57, 100, 74232, 73
2026/07/29 13:38:26.198, 301.59, 100, 74232, 73
2026/07/29 13:38:27.234, 300.71, 100, 74232, 73
2026/07/29 13:38:28.271, 301.95, 100, 74232, 73
2026/07/29 13:38:29.308, 302.36, 100, 74232, 73
2026/07/29 13:38:30.345, 298.77, 100, 74232, 73
2026/07/29 13:38:31.383, 298.49, 100, 74232, 73
2026/07/29 13:38:32.421, 293.65, 100, 74232, 73
2026/07/29 13:38:33.462, 295.78, 100, 74232, 73
2026/07/29 13:38:34.500, 299.94, 100, 74232, 73
2026/07/29 13:38:35.536, 301.70, 100, 74232, 73
2026/07/29 13:38:36.573, 301.90, 100, 74232, 73
2026/07/29 13:38:37.610, 302.36, 100, 74232, 73
2026/07/29 13:38:38.646, 296.16, 100, 74232, 73
2026/07/29 13:38:39.682, 300.11, 100, 74232, 73
2026/07/29 13:38:40.719, 298.03, 100, 74232, 73
2026/07/29 13:38:41.761, 301.28, 100, 74232, 73
2026/07/29 13:38:42.799, 300.71, 100, 74232, 73
2026/07/29 13:38:43.836, 302.55, 100, 74232, 73
2026/07/29 13:38:44.872, 301.98, 100, 74232, 73
2026/07/29 13:38:45.909, 301.99, 100, 74232, 73
2026/07/29 13:38:46.948, 298.02, 100, 74232, 73
2026/07/29 13:38:47.986, 297.79, 100, 74232, 73
2026/07/29 13:38:49.027, 298.88, 100, 74232, 73
2026/07/29 13:38:50.063, 294.42, 100, 74232, 72
2026/07/29 13:38:51.099, 300.75, 100, 74232, 73
2026/07/29 13:38:52.135, 301.51, 100, 74232, 73
2026/07/29 13:38:53.174, 301.02, 100, 74232, 73
2026/07/29 13:38:54.211, 301.42, 100, 74232, 73
2026/07/29 13:38:55.247, 299.09, 100, 74232, 72
2026/07/29 13:38:56.284, 296.07, 100, 74232, 73
2026/07/29 13:38:57.320, 300.15, 100, 74232, 73
2026/07/29 13:38:58.357, 299.73, 100, 74232, 73
2026/07/29 13:38:59.394, 301.20, 100, 74232, 73
2026/07/29 13:39:00.430, 302.17, 100, 74232, 73
2026/07/29 13:39:01.467, 301.18, 100, 74232, 73
2026/07/29 13:39:02.503, 301.41, 100, 74232, 73
2026/07/29 13:39:03.539, 301.39, 100, 74232, 73
2026/07/29 13:39:04.576, 302.19, 100, 74232, 73
2026/07/29 13:39:05.614, 299.00, 100, 74232, 73
2026/07/29 13:39:06.651, 299.76, 100, 74232, 73
2026/07/29 13:39:07.687, 298.88, 100, 74232, 73
2026/07/29 13:39:08.724, 300.32, 100, 74232, 73
2026/07/29 13:39:09.763, 290.25, 100, 74232, 72
2026/07/29 13:39:10.801, 299.21, 100, 74232, 72
2026/07/29 13:39:11.839, 301.71, 100, 74232, 73
2026/07/29 13:39:12.875, 298.31, 100, 74232, 73
2026/07/29 13:39:13.911, 300.04, 100, 74232, 73
2026/07/29 13:39:14.949, 299.92, 100, 74232, 73
2026/07/29 13:39:15.990, 300.90, 100, 74232, 73
2026/07/29 13:39:17.027, 302.17, 100, 74232, 73
2026/07/29 13:39:18.063, 301.70, 100, 74232, 73
2026/07/29 13:39:19.100, 302.28, 100, 74232, 73
2026/07/29 13:39:20.140, 298.67, 100, 74232, 73
2026/07/29 13:39:21.178, 300.05, 100, 74232, 73
2026/07/29 13:39:22.214, 298.79, 100, 74232, 73
2026/07/29 13:39:23.251, 300.55, 100, 74232, 73
2026/07/29 13:39:24.288, 301.60, 100, 74232, 73
2026/07/29 13:39:25.326, 300.81, 100, 74232, 73
2026/07/29 13:39:26.364, 301.21, 100, 74232, 73
2026/07/29 13:39:27.401, 301.89, 100, 74232, 73
2026/07/29 13:39:28.438, 302.21, 100, 74232, 73
2026/07/29 13:39:29.476, 296.76, 100, 74232, 73
2026/07/29 13:39:30.513, 298.87, 100, 74232, 73
2026/07/29 13:39:31.550, 299.06, 100, 74232, 73
2026/07/29 13:39:32.586, 298.87, 100, 74232, 73
2026/07/29 13:39:33.623, 300.92, 100, 74232, 73
2026/07/29 13:39:34.659, 301.59, 100, 74232, 73
2026/07/29 13:39:35.697, 294.93, 100, 74232, 72
2026/07/29 13:39:36.734, 302.66, 100, 74232, 73
2026/07/29 13:39:37.771, 295.98, 100, 74232, 72
2026/07/29 13:39:38.806, 299.11, 100, 74232, 72
2026/07/29 13:39:39.844, 287.13, 100, 74232, 72
2026/07/29 13:39:40.882, 291.99, 100, 74232, 72
2026/07/29 13:39:41.920, 291.60, 100, 74232, 72
2026/07/29 13:39:42.957, 300.42, 100, 74232, 73
2026/07/29 13:39:43.994, 301.10, 100, 74232, 73
2026/07/29 13:39:45.032, 299.74, 100, 74232, 72
2026/07/29 13:39:46.070, 301.79, 100, 74232, 73
2026/07/29 13:39:47.106, 301.99, 100, 74232, 72
2026/07/29 13:39:48.142, 297.71, 100, 74232, 73
2026/07/29 13:39:49.179, 302.29, 100, 74232, 72
2026/07/29 13:39:50.216, 296.83, 100, 74232, 73
2026/07/29 13:39:51.253, 298.88, 100, 74232, 73
2026/07/29 13:39:52.291, 296.86, 100, 74232, 73
2026/07/29 13:39:53.329, 299.08, 100, 74232, 73
2026/07/29 13:39:54.367, 299.84, 100, 74232, 73
2026/07/29 13:39:55.409, 294.04, 100, 74232, 73
2026/07/29 13:39:56.446, 301.22, 100, 74232, 73
2026/07/29 13:39:57.484, 298.00, 100, 74232, 73
2026/07/29 13:39:58.522, 292.59, 100, 74232, 72
2026/07/29 13:39:59.558, 294.04, 100, 74232, 72
2026/07/29 13:40:00.596, 294.23, 100, 74232, 73
2026/07/29 13:40:01.633, 301.80, 100, 74232, 73
2026/07/29 13:40:02.670, 302.48, 100, 74232, 73
2026/07/29 13:40:03.706, 296.84, 100, 74232, 73
2026/07/29 13:40:04.744, 295.79, 100, 74232, 73
2026/07/29 13:40:05.782, 297.61, 100, 74232, 73
2026/07/29 13:40:06.818, 300.31, 100, 74232, 73
2026/07/29 13:40:07.855, 300.34, 100, 74232, 73
2026/07/29 13:40:08.891, 299.63, 100, 74232, 73
2026/07/29 13:40:09.927, 300.73, 100, 74232, 73
2026/07/29 13:40:10.966, 301.90, 100, 74232, 72
2026/07/29 13:40:12.003, 300.63, 100, 74232, 72
2026/07/29 13:40:13.040, 301.51, 100, 74232, 72
2026/07/29 13:40:14.077, 302.28, 100, 74232, 72
2026/07/29 13:40:15.116, 301.59, 100, 74232, 72
2026/07/29 13:40:16.154, 302.28, 100, 74232, 72
2026/07/29 13:40:17.191, 298.20, 100, 74232, 72
2026/07/29 13:40:18.227, 299.55, 100, 74232, 72
2026/07/29 13:40:19.266, 100.93, 83, 74232, 70
2026/07/29 13:40:20.298, 298.39, 63, 74232, 73
2026/07/29 13:40:21.332, 310.36, 100, 74232, 74
2026/07/29 13:40:22.368, 302.26, 100, 74232, 74
2026/07/29 13:40:23.408, 296.76, 100, 74232, 74
2026/07/29 13:40:24.442, 287.12, 100, 74232, 74
2026/07/29 13:40:25.477, 324.97, 100, 74232, 74
2026/07/29 13:40:26.513, 299.87, 100, 74232, 74
2026/07/29 13:40:27.549, 289.46, 100, 74232, 72
2026/07/29 13:40:28.585, 290.83, 100, 74232, 72
2026/07/29 13:40:29.623, 304.30, 100, 74232, 72
2026/07/29 13:40:30.663, 286.05, 100, 74232, 72
2026/07/29 13:40:31.700, 299.66, 100, 74232, 73
2026/07/29 13:40:32.737, 307.90, 100, 74232, 73
2026/07/29 13:40:33.772, 299.58, 100, 74232, 73
2026/07/29 13:40:34.811, 299.96, 100, 74232, 73
2026/07/29 13:40:35.847, 301.41, 100, 74232, 73
2026/07/29 13:40:36.883, 297.04, 100, 74232, 73
2026/07/29 13:40:37.920, 297.40, 100, 74232, 73
2026/07/29 13:40:38.959, 301.00, 100, 74232, 73
2026/07/29 13:40:40.000, 302.48, 100, 74232, 73
2026/07/29 13:40:41.039, 299.13, 100, 74232, 73
2026/07/29 13:40:42.078, 294.42, 100, 74232, 73
2026/07/29 13:40:43.116, 294.42, 100, 74232, 73
2026/07/29 13:40:44.153, 293.76, 100, 74232, 73
2026/07/29 13:40:45.188, 290.73, 100, 74232, 73
2026/07/29 13:40:46.227, 294.43, 100, 74232, 73
2026/07/29 13:40:47.264, 301.78, 100, 74232, 73
2026/07/29 13:40:48.302, 305.65, 100, 74232, 73
2026/07/29 13:40:49.340, 300.85, 100, 74232, 73
2026/07/29 13:40:50.377, 301.51, 100, 74232, 73
2026/07/29 13:40:51.417, 302.76, 100, 74232, 73
2026/07/29 13:40:52.455, 299.84, 100, 74232, 73
2026/07/29 13:40:53.495, 301.92, 100, 74232, 73
2026/07/29 13:40:54.532, 301.60, 100, 74232, 73
2026/07/29 13:40:55.569, 304.08, 100, 74232, 73
2026/07/29 13:40:56.606, 301.23, 100, 74232, 73
2026/07/29 13:40:57.644, 300.74, 100, 74232, 73
2026/07/29 13:40:58.681, 301.70, 100, 74232, 73
2026/07/29 13:40:59.718, 293.66, 100, 74232, 73
2026/07/29 13:41:00.755, 295.69, 100, 74232, 73
2026/07/29 13:41:01.793, 300.52, 100, 74232, 73
2026/07/29 13:41:02.830, 296.37, 100, 74232, 73
2026/07/29 13:41:03.867, 296.92, 100, 74232, 73
2026/07/29 13:41:04.905, 300.44, 100, 74232, 73
2026/07/29 13:41:05.941, 301.98, 100, 74232, 73
2026/07/29 13:41:06.978, 293.75, 100, 74232, 73
2026/07/29 13:41:08.016, 296.94, 100, 74232, 73
2026/07/29 13:41:09.056, 301.14, 100, 74232, 73
2026/07/29 13:41:10.093, 301.32, 100, 74232, 73
2026/07/29 13:41:11.131, 301.79, 100, 74232, 73
2026/07/29 13:41:12.167, 298.98, 100, 74232, 73
2026/07/29 13:41:13.204, 301.61, 100, 74232, 73
2026/07/29 13:41:14.242, 301.11, 100, 74232, 73
2026/07/29 13:41:15.278, 299.75, 100, 74232, 73
2026/07/29 13:41:16.316, 300.32, 100, 74232, 73
2026/07/29 13:41:17.352, 300.83, 100, 74232, 73
2026/07/29 13:41:18.389, 301.30, 100, 74232, 73
2026/07/29 13:41:19.426, 297.80, 100, 74232, 73
2026/07/29 13:41:20.462, 296.86, 100, 74232, 73
2026/07/29 13:41:21.498, 293.63, 100, 74232, 73
2026/07/29 13:41:22.534, 290.73, 100, 74232, 73
2026/07/29 13:41:23.579, 288.01, 100, 74232, 73
2026/07/29 13:41:24.619, 293.67, 100, 74232, 73
2026/07/29 13:41:25.657, 297.92, 100, 74232, 73
2026/07/29 13:41:26.702, 295.02, 100, 74232, 73
2026/07/29 13:41:27.739, 297.62, 100, 74232, 73
2026/07/29 13:41:28.776, 308.04, 100, 74232, 73
2026/07/29 13:41:29.814, 306.43, 100, 74232, 73
2026/07/29 13:41:30.850, 298.17, 100, 74232, 73
2026/07/29 13:41:31.887, 299.45, 100, 74232, 73
2026/07/29 13:41:32.927, 301.02, 100, 74232, 73
2026/07/29 13:41:33.965, 297.44, 100, 74232, 73
2026/07/29 13:41:35.002, 297.14, 100, 74232, 73
2026/07/29 13:41:36.038, 299.84, 100, 74232, 73
2026/07/29 13:41:37.077, 301.14, 100, 74232, 73
2026/07/29 13:41:38.113, 301.29, 100, 74232, 73
2026/07/29 13:41:39.152, 297.03, 100, 74232, 73
2026/07/29 13:41:40.190, 300.74, 100, 74232, 73
2026/07/29 13:41:41.228, 300.94, 100, 74232, 73
2026/07/29 13:41:42.268, 301.73, 100, 74232, 73
2026/07/29 13:41:43.305, 297.90, 100, 74232, 73
2026/07/29 13:41:44.342, 298.00, 100, 74232, 73
2026/07/29 13:41:45.378, 298.78, 100, 74232, 73
2026/07/29 13:41:46.416, 297.74, 100, 74232, 73
2026/07/29 13:41:47.453, 296.63, 100, 74232, 73
2026/07/29 13:41:48.494, 306.49, 100, 74232, 73
2026/07/29 13:41:49.530, 295.98, 100, 74232, 73
2026/07/29 13:41:50.569, 301.59, 100, 74232, 73
2026/07/29 13:41:51.606, 295.58, 100, 74232, 73
2026/07/29 13:41:52.643, 293.84, 100, 74232, 73
2026/07/29 13:41:53.682, 288.03, 100, 74232, 73
2026/07/29 13:41:54.719, 298.00, 100, 74232, 73
2026/07/29 13:41:55.760, 299.09, 100, 74232, 73
2026/07/29 13:41:56.800, 298.03, 100, 74232, 73
2026/07/29 13:41:57.838, 298.70, 100, 74232, 73
2026/07/29 13:41:58.874, 298.78, 100, 74232, 73
2026/07/29 13:41:59.911, 300.35, 100, 74232, 73
2026/07/29 13:42:00.950, 301.02, 100, 74232, 73
2026/07/29 13:42:01.987, 301.78, 100, 74232, 73
2026/07/29 13:42:03.024, 295.58, 100, 74232, 73
2026/07/29 13:42:04.062, 294.42, 100, 74232, 73
2026/07/29 13:42:05.105, 296.07, 100, 74232, 73
2026/07/29 13:42:06.141, 302.96, 100, 74232, 73
2026/07/29 13:42:07.178, 306.35, 100, 74232, 73
2026/07/29 13:42:08.215, 303.83, 100, 74232, 73
2026/07/29 13:42:09.252, 299.67, 100, 74232, 73
2026/07/29 13:42:10.289, 301.13, 100, 74232, 73
2026/07/29 13:42:11.326, 300.46, 100, 74232, 73
2026/07/29 13:42:12.364, 302.67, 100, 74232, 73
2026/07/29 13:42:13.403, 298.10, 100, 74232, 73
2026/07/29 13:42:14.442, 298.19, 100, 74232, 73
2026/07/29 13:42:15.480, 300.62, 100, 74232, 73
2026/07/29 13:42:16.517, 300.82, 100, 74232, 73
2026/07/29 13:42:17.554, 301.77, 100, 74232, 73
2026/07/29 13:42:18.591, 302.65, 100, 74232, 73
2026/07/29 13:42:19.629, 299.47, 100, 74232, 73
2026/07/29 13:42:20.665, 299.05, 100, 74232, 73
2026/07/29 13:42:21.702, 301.39, 100, 74232, 73
2026/07/29 13:42:22.739, 302.47, 100, 74232, 72
2026/07/29 13:42:23.772, 281.63, 100, 74232, 74
2026/07/29 13:42:24.807, 286.45, 100, 74232, 74
2026/07/29 13:42:25.841, 296.35, 100, 74232, 74
2026/07/29 13:42:26.875, 301.52, 100, 74232, 74
2026/07/29 13:42:27.911, 267.73, 100, 74232, 74
2026/07/29 13:42:28.952, 314.63, 100, 74232, 74
2026/07/29 13:42:29.988, 300.34, 100, 74232, 73
2026/07/29 13:42:31.024, 301.30, 100, 74232, 73
2026/07/29 13:42:32.063, 302.87, 100, 74232, 73
2026/07/29 13:42:33.100, 300.14, 100, 74232, 73
2026/07/29 13:42:34.137, 301.32, 100, 74232, 73
2026/07/29 13:42:35.173, 299.27, 100, 74232, 73
2026/07/29 13:42:36.213, 299.86, 100, 74232, 73
2026/07/29 13:42:37.251, 298.70, 100, 74232, 73
2026/07/29 13:42:38.297, 289.77, 100, 74232, 73
2026/07/29 13:42:39.334, 98.71, 100, 74232, 71
2026/07/29 13:42:40.366, 302.10, 100, 74232, 74
2026/07/29 13:42:41.400, 299.01, 100, 74232, 75
2026/07/29 13:42:42.434, 286.40, 100, 74232, 75
2026/07/29 13:42:43.471, 294.70, 100, 74232, 75
2026/07/29 13:42:44.505, 275.52, 100, 74232, 75
2026/07/29 13:42:45.538, 312.93, 100, 74232, 75
2026/07/29 13:42:46.575, 293.52, 100, 74232, 75
2026/07/29 13:42:47.609, 300.91, 100, 74232, 73
2026/07/29 13:42:48.646, 294.72, 100, 74232, 73
2026/07/29 13:42:49.684, 299.35, 100, 74232, 73
2026/07/29 13:42:50.721, 291.31, 100, 74232, 73
2026/07/29 13:42:51.758, 293.92, 100, 74232, 73
2026/07/29 13:42:52.795, 302.43, 100, 74232, 73
2026/07/29 13:42:53.833, 296.27, 100, 74232, 73
2026/07/29 13:42:54.869, 299.18, 100, 74232, 73
2026/07/29 13:42:55.906, 294.33, 100, 74232, 73
2026/07/29 13:42:56.942, 298.60, 100, 74232, 73
2026/07/29 13:42:57.980, 290.66, 100, 74232, 74
2026/07/29 13:42:59.018, 301.98, 100, 74232, 74
2026/07/29 13:43:00.055, 301.60, 94, 74232, 75
2026/07/29 13:43:01.089, 290.33, 100, 74232, 75
2026/07/29 13:43:02.124, 299.58, 100, 74232, 75
2026/07/29 13:43:03.160, 300.29, 100, 74232, 75
2026/07/29 13:43:04.194, 298.60, 100, 74232, 75
2026/07/29 13:43:05.236, 276.99, 100, 74232, 75
2026/07/29 13:43:06.269, 299.51, 100, 74232, 75
2026/07/29 13:43:07.305, 302.94, 100, 74232, 73
2026/07/29 13:43:08.344, 303.26, 100, 74232, 73
2026/07/29 13:43:09.380, 298.30, 100, 74232, 73
2026/07/29 13:43:10.417, 302.26, 100, 74232, 74
2026/07/29 13:43:11.454, 299.67, 100, 74232, 74
2026/07/29 13:43:12.491, 303.26, 100, 74232, 74
2026/07/29 13:43:13.527, 299.66, 100, 74232, 74
2026/07/29 13:43:14.564, 301.68, 100, 74232, 74
2026/07/29 13:43:15.600, 300.73, 100, 74232, 74
2026/07/29 13:43:16.641, 303.67, 100, 74232, 74
2026/07/29 13:43:17.678, 306.73, 100, 74232, 74
2026/07/29 13:43:18.716, 304.04, 100, 74232, 74
2026/07/29 13:43:19.756, 300.55, 100, 74232, 74
2026/07/29 13:43:20.793, 295.31, 100, 74232, 74
2026/07/29 13:43:21.831, 294.24, 100, 74232, 74
2026/07/29 13:43:22.869, 295.09, 100, 74232, 74
2026/07/29 13:43:23.906, 291.59, 100, 74232, 74
2026/07/29 13:43:24.944, 299.26, 100, 74232, 74
2026/07/29 13:43:25.982, 293.91, 100, 74232, 74
2026/07/29 13:43:27.020, 295.11, 100, 74232, 74
2026/07/29 13:43:28.058, 301.58, 100, 74232, 74
2026/07/29 13:43:29.094, 299.47, 100, 74232, 74
2026/07/29 13:43:30.130, 300.72, 100, 74232, 74
2026/07/29 13:43:31.168, 302.60, 100, 74232, 74
2026/07/29 13:43:32.205, 302.09, 100, 74232, 74
2026/07/29 13:43:33.242, 303.92, 100, 74232, 74
2026/07/29 13:43:34.279, 300.15, 100, 74232, 74
2026/07/29 13:43:35.316, 295.87, 100, 74232, 73
2026/07/29 13:43:36.353, 301.10, 100, 74232, 74
2026/07/29 13:43:37.392, 296.39, 100, 74232, 73
2026/07/29 13:43:38.428, 301.91, 100, 74232, 73
2026/07/29 13:43:39.465, 291.98, 100, 74232, 73
2026/07/29 13:43:40.503, 294.23, 100, 74232, 73
2026/07/29 13:43:41.540, 110.56, 100, 74232, 75
2026/07/29 13:43:42.576, 303.11, 100, 74232, 75
2026/07/29 13:43:43.611, 294.80, 100, 74232, 75
2026/07/29 13:43:44.655, 295.47, 100, 74232, 75
2026/07/29 13:43:45.689, 320.32, 100, 74232, 75
2026/07/29 13:43:46.722, 285.01, 100, 74232, 75
2026/07/29 13:43:47.757, 295.02, 100, 74232, 75
2026/07/29 13:43:48.794, 259.19, 100, 74232, 73
2026/07/29 13:43:49.837, 291.51, 100, 74232, 73
2026/07/29 13:43:50.874, 294.99, 100, 74232, 73
2026/07/29 13:43:51.911, 303.11, 100, 74232, 73
2026/07/29 13:43:52.948, 301.41, 100, 74232, 74
2026/07/29 13:43:53.986, 301.12, 100, 74232, 74
2026/07/29 13:43:55.025, 297.11, 100, 74232, 74
2026/07/29 13:43:56.064, 302.76, 100, 74232, 74
2026/07/29 13:43:57.102, 302.58, 100, 74232, 74
2026/07/29 13:43:58.140, 288.06, 100, 74232, 74
2026/07/29 13:43:59.179, 294.72, 100, 74232, 74
2026/07/29 13:44:00.216, 305.76, 100, 74232, 74
2026/07/29 13:44:01.254, 301.12, 100, 74232, 74
2026/07/29 13:44:02.296, 299.64, 100, 74232, 74
2026/07/29 13:44:03.332, 298.21, 100, 74232, 74
2026/07/29 13:44:04.370, 301.11, 100, 74232, 74
2026/07/29 13:44:05.407, 302.94, 100, 74232, 74
2026/07/29 13:44:06.444, 302.84, 100, 74232, 74
2026/07/29 13:44:07.482, 303.33, 100, 74232, 74
2026/07/29 13:44:08.520, 300.23, 100, 74232, 74
2026/07/29 13:44:09.558, 298.97, 100, 74232, 74
2026/07/29 13:44:10.597, 99.79, 0, 74232, 70
2026/07/29 13:44:11.630, 99.25, 0, 74232, 69
2026/07/29 13:44:12.663, 96.85, 0, 74232, 68
2026/07/29 13:44:13.695, 96.20, 0, 74232, 68
2026/07/29 13:44:14.728, 96.32, 0, 74232, 67
2026/07/29 13:44:15.760, 94.52, 0, 74232, 67
2026/07/29 13:44:16.791, 94.87, 0, 74232, 66
2026/07/29 13:44:17.825, 93.35, 0, 74232, 66
2026/07/29 13:44:18.856, 92.71, 0, 74232, 65
2026/07/29 13:44:19.889, 91.80, 0, 74232, 65
2026/07/29 13:44:20.920, 90.35, 0, 74232, 65
2026/07/29 13:44:21.951, 90.86, 0, 74232, 64
2026/07/29 13:44:22.984, 90.27, 0, 74232, 64
2026/07/29 13:44:24.016, 90.62, 0, 74232, 64
2026/07/29 13:44:25.048, 89.82, 0, 74232, 63
2026/07/29 13:44:26.080, 90.39, 0, 74232, 63
2026/07/29 13:44:27.115, 89.15, 0, 74232, 63
2026/07/29 13:44:28.145, 89.91, 0, 74232, 62
2026/07/29 13:44:29.177, 88.30, 0, 74232, 62
2026/07/29 13:44:30.207, 87.83, 0, 74232, 62
2026/07/29 13:44:31.240, 88.16, 0, 74232, 62
2026/07/29 13:44:32.273, 87.36, 0, 74232, 61
2026/07/29 13:44:33.304, 87.39, 0, 74232, 61
2026/07/29 13:44:34.337, 86.99, 0, 74232, 61
2026/07/29 13:44:35.368, 86.50, 0, 74232, 60
2026/07/29 13:44:36.400, 86.19, 0, 74232, 60
2026/07/29 13:44:37.432, 86.31, 0, 74232, 60
2026/07/29 13:44:38.629, 305.40, 100, 74232, 65
2026/07/29 13:44:39.663, 292.93, 100, 74232, 65
2026/07/29 13:44:40.698, 283.63, 100, 74232, 66
2026/07/29 13:44:41.736, 292.96, 100, 74232, 66
2026/07/29 13:44:42.770, 248.53, 100, 74232, 65
2026/07/29 13:44:43.807, 296.34, 100, 74232, 65
2026/07/29 13:44:44.844, 296.14, 100, 74232, 65
2026/07/29 13:44:45.881, 301.77, 100, 74232, 65
2026/07/29 13:44:46.919, 290.64, 100, 74232, 66
2026/07/29 13:44:47.957, 298.79, 100, 74232, 66
2026/07/29 13:44:48.994, 305.28, 100, 74232, 66
2026/07/29 13:44:50.034, 302.27, 100, 74232, 66
2026/07/29 13:44:51.072, 304.16, 100, 74232, 67
2026/07/29 13:44:52.109, 294.80, 100, 74232, 67
2026/07/29 13:44:53.147, 306.33, 100, 74232, 67
2026/07/29 13:44:54.183, 297.70, 100, 74232, 67
2026/07/29 13:44:55.221, 297.47, 100, 74232, 69
2026/07/29 13:44:56.259, 293.99, 100, 74232, 70
2026/07/29 13:44:57.295, 294.59, 100, 74232, 70
2026/07/29 13:44:58.331, 303.95, 100, 74232, 70
2026/07/29 13:44:59.369, 309.20, 100, 74232, 68
2026/07/29 13:45:00.405, 302.78, 100, 74232, 68
2026/07/29 13:45:01.445, 297.52, 100, 74232, 69
2026/07/29 13:45:02.482, 302.66, 100, 74232, 69
2026/07/29 13:45:03.519, 302.58, 100, 74232, 71
2026/07/29 13:45:04.554, 295.40, 100, 74232, 71
2026/07/29 13:45:05.589, 289.92, 100, 74232, 71
2026/07/29 13:45:06.625, 303.26, 100, 74232, 71
2026/07/29 13:45:07.661, 301.45, 100, 74232, 72
2026/07/29 13:45:08.696, 295.19, 100, 74232, 70
2026/07/29 13:45:09.733, 296.66, 100, 74232, 70
2026/07/29 13:45:10.770, 299.83, 100, 74232, 70
2026/07/29 13:45:11.807, 293.07, 100, 74232, 72
2026/07/29 13:45:12.843, 302.19, 100, 74232, 72
2026/07/29 13:45:13.885, 283.08, 100, 74232, 72
2026/07/29 13:45:14.919, 290.24, 100, 74232, 72
2026/07/29 13:45:15.955, 309.86, 100, 74232, 73
2026/07/29 13:45:16.993, 293.15, 100, 74232, 71
2026/07/29 13:45:18.028, 304.57, 100, 74232, 71
2026/07/29 13:45:19.070, 305.06, 100, 74232, 71
2026/07/29 13:45:20.107, 300.92, 100, 74232, 71
2026/07/29 13:45:21.143, 304.20, 100, 74232, 71
2026/07/29 13:45:22.181, 297.79, 100, 74232, 73
2026/07/29 13:45:23.219, 299.74, 100, 74232, 73
2026/07/29 13:45:24.254, 291.49, 100, 74232, 74
2026/07/29 13:45:25.288, 295.88, 100, 74232, 73
2026/07/29 13:45:26.331, 310.83, 100, 74232, 74
2026/07/29 13:45:27.365, 292.77, 100, 74232, 72
2026/07/29 13:45:28.402, 298.12, 100, 74232, 72
2026/07/29 13:45:29.437, 297.62, 100, 74232, 72
2026/07/29 13:45:30.474, 301.21, 100, 74232, 72
2026/07/29 13:45:31.510, 291.04, 100, 74232, 72
2026/07/29 13:45:32.548, 299.84, 100, 74232, 72
2026/07/29 13:45:33.584, 310.20, 100, 74232, 74
2026/07/29 13:45:34.619, 302.11, 100, 74232, 74
2026/07/29 13:45:35.654, 290.23, 100, 74232, 74
2026/07/29 13:45:36.693, 321.61, 100, 74232, 75
2026/07/29 13:45:37.727, 288.77, 100, 74232, 73
2026/07/29 13:45:38.764, 298.57, 100, 74232, 73
2026/07/29 13:45:39.802, 299.57, 100, 74232, 73
2026/07/29 13:45:40.842, 302.02, 100, 74232, 73
2026/07/29 13:45:41.879, 300.13, 100, 74232, 73
2026/07/29 13:45:42.917, 289.47, 100, 74232, 75
2026/07/29 13:45:43.951, 297.55, 100, 74232, 75
2026/07/29 13:45:44.985, 296.56, 100, 74232, 75
2026/07/29 13:45:46.025, 292.57, 100, 74232, 75
2026/07/29 13:45:47.058, 299.47, 100, 74232, 75
2026/07/29 13:45:48.093, 291.51, 100, 74232, 73
2026/07/29 13:45:49.130, 305.38, 100, 74232, 73
2026/07/29 13:45:50.167, 293.74, 100, 74232, 73
2026/07/29 13:45:51.206, 291.90, 100, 74232, 73
2026/07/29 13:45:52.243, 295.88, 100, 74232, 73
2026/07/29 13:45:53.280, 284.90, 100, 74232, 73
2026/07/29 13:45:54.317, 297.63, 100, 74232, 73
2026/07/29 13:45:55.355, 299.64, 100, 74232, 75
2026/07/29 13:45:56.389, 291.98, 100, 74232, 75
2026/07/29 13:45:57.426, 296.47, 100, 74232, 75
2026/07/29 13:45:58.463, 300.61, 100, 74232, 75
2026/07/29 13:45:59.497, 302.05, 100, 74232, 75
2026/07/29 13:46:00.531, 300.07, 100, 74232, 73
2026/07/29 13:46:01.566, 293.65, 100, 74232, 73
2026/07/29 13:46:02.603, 300.06, 100, 74232, 73
2026/07/29 13:46:03.642, 300.63, 100, 74232, 74
2026/07/29 13:46:04.680, 302.27, 100, 74232, 74
2026/07/29 13:46:05.716, 303.74, 100, 74232, 74
2026/07/29 13:46:06.753, 303.28, 100, 74232, 74
2026/07/29 13:46:07.794, 305.20, 100, 74232, 74
2026/07/29 13:46:08.831, 294.34, 100, 74232, 74
2026/07/29 13:46:09.869, 306.44, 100, 74232, 74
2026/07/29 13:46:10.905, 307.51, 100, 74232, 74
2026/07/29 13:46:11.947, 301.99, 100, 74232, 74
2026/07/29 13:46:12.985, 302.37, 100, 74232, 74
2026/07/29 13:46:14.022, 289.39, 100, 74232, 74
2026/07/29 13:46:15.059, 301.03, 100, 74232, 74
2026/07/29 13:46:16.098, 298.79, 100, 74232, 74
2026/07/29 13:46:17.135, 297.93, 100, 74232, 74
2026/07/29 13:46:18.172, 297.94, 100, 74232, 74
2026/07/29 13:46:19.212, 295.21, 100, 74232, 74
2026/07/29 13:46:20.249, 301.02, 100, 74232, 74
2026/07/29 13:46:21.286, 295.88, 100, 74232, 74
2026/07/29 13:46:22.323, 295.08, 100, 74232, 74
2026/07/29 13:46:23.360, 300.73, 100, 74232, 73
2026/07/29 13:46:24.397, 301.69, 100, 74232, 74
2026/07/29 13:46:25.433, 303.44, 100, 74232, 74
2026/07/29 13:46:26.470, 305.49, 100, 74232, 73
2026/07/29 13:46:27.509, 303.06, 100, 74232, 74
2026/07/29 13:46:28.546, 301.34, 100, 74232, 74
2026/07/29 13:46:29.585, 288.00, 100, 74232, 73
2026/07/29 13:46:30.622, 301.12, 100, 74232, 73
2026/07/29 13:46:31.659, 297.34, 100, 74232, 74
2026/07/29 13:46:32.696, 291.63, 100, 74232, 73
2026/07/29 13:46:33.733, 303.05, 100, 74232, 74
2026/07/29 13:46:34.770, 307.12, 100, 74232, 73
2026/07/29 13:46:35.806, 292.41, 100, 74232, 73
2026/07/29 13:46:36.842, 301.79, 100, 74232, 73
2026/07/29 13:46:37.880, 298.48, 100, 74232, 73
2026/07/29 13:46:38.917, 298.21, 100, 74232, 73
2026/07/29 13:46:39.954, 305.58, 100, 74232, 73
2026/07/29 13:46:40.991, 296.35, 100, 74232, 73
2026/07/29 13:46:42.027, 301.24, 100, 74232, 73
2026/07/29 13:46:43.065, 298.62, 100, 74232, 73
2026/07/29 13:46:44.102, 298.97, 100, 74232, 73
2026/07/29 13:46:45.142, 299.06, 100, 74232, 73
2026/07/29 13:46:46.178, 299.50, 100, 74232, 73
2026/07/29 13:46:47.215, 297.81, 100, 74232, 73
2026/07/29 13:46:48.252, 297.84, 100, 74232, 73
2026/07/29 13:46:49.289, 300.34, 100, 74232, 73
2026/07/29 13:46:50.325, 298.22, 100, 74232, 73
2026/07/29 13:46:51.362, 300.72, 100, 74232, 73
2026/07/29 13:46:52.399, 299.57, 100, 74232, 73
2026/07/29 13:46:53.435, 298.11, 100, 74232, 73
2026/07/29 13:46:54.474, 299.28, 100, 74232, 73
2026/07/29 13:46:55.511, 301.30, 100, 74232, 73
2026/07/29 13:46:56.549, 297.62, 100, 74232, 73
2026/07/29 13:46:57.586, 291.82, 100, 74232, 73
2026/07/29 13:46:58.625, 300.83, 100, 74232, 73
2026/07/29 13:46:59.664, 300.84, 100, 74232, 73
2026/07/29 13:47:00.706, 289.09, 100, 74232, 73
2026/07/29 13:47:01.744, 293.57, 100, 74232, 73
2026/07/29 13:47:02.783, 294.13, 100, 74232, 73
2026/07/29 13:47:03.820, 300.64, 100, 74232, 73
2026/07/29 13:47:04.857, 301.03, 100, 74232, 73
2026/07/29 13:47:05.894, 297.82, 100, 74232, 73
2026/07/29 13:47:06.930, 302.76, 100, 74232, 73
2026/07/29 13:47:07.966, 289.95, 100, 74232, 73
2026/07/29 13:47:09.002, 296.77, 100, 74232, 73
2026/07/29 13:47:10.039, 299.95, 100, 74232, 73
2026/07/29 13:47:11.077, 296.07, 100, 74232, 73
2026/07/29 13:47:12.113, 297.71, 100, 74232, 73
2026/07/29 13:47:13.151, 298.40, 100, 74232, 73
2026/07/29 13:47:14.190, 296.07, 100, 74232, 73
2026/07/29 13:47:15.227, 299.76, 100, 74232, 73
2026/07/29 13:47:16.264, 299.58, 100, 74232, 73
2026/07/29 13:47:17.300, 299.36, 100, 74232, 73
2026/07/29 13:47:18.338, 304.65, 100, 74232, 73
2026/07/29 13:47:19.375, 301.32, 100, 74232, 73
2026/07/29 13:47:20.413, 299.39, 100, 74232, 73
2026/07/29 13:47:21.449, 300.83, 100, 74232, 73
2026/07/29 13:47:22.488, 300.24, 100, 74232, 73
2026/07/29 13:47:23.524, 300.93, 100, 74232, 73
2026/07/29 13:47:24.561, 300.45, 100, 74232, 73
2026/07/29 13:47:25.597, 301.12, 100, 74232, 73
2026/07/29 13:47:26.638, 301.41, 100, 74232, 73
2026/07/29 13:47:27.673, 299.55, 100, 74232, 73
2026/07/29 13:47:28.711, 299.47, 100, 74232, 73
2026/07/29 13:47:29.748, 299.86, 100, 74232, 73
2026/07/29 13:47:30.785, 299.95, 100, 74232, 73
2026/07/29 13:47:31.821, 301.51, 100, 74232, 73
2026/07/29 13:47:32.857, 299.38, 100, 74232, 73
2026/07/29 13:47:33.893, 299.27, 100, 74232, 73
2026/07/29 13:47:34.932, 301.03, 100, 74232, 73
2026/07/29 13:47:35.969, 299.37, 100, 74232, 73
2026/07/29 13:47:37.004, 300.55, 100, 74232, 73
2026/07/29 13:47:38.041, 296.43, 100, 74232, 73
2026/07/29 13:47:39.081, 299.27, 100, 74232, 73
2026/07/29 13:47:40.118, 190.28, 87, 74232, 71
2026/07/29 13:47:41.153, 307.81, 100, 74232, 73
2026/07/29 13:47:42.190, 301.05, 100, 74232, 73
2026/07/29 13:47:43.228, 298.20, 100, 74232, 73
2026/07/29 13:47:44.264, 304.50, 100, 74232, 73
2026/07/29 13:47:45.305, 297.71, 100, 74232, 73
2026/07/29 13:47:46.342, 299.46, 100, 74232, 73
2026/07/29 13:47:47.378, 300.92, 100, 74232, 73
2026/07/29 13:47:48.414, 295.78, 100, 74232, 73
2026/07/29 13:47:49.453, 301.60, 100, 74232, 73
2026/07/29 13:47:50.492, 300.38, 100, 74232, 73
2026/07/29 13:47:51.529, 302.66, 100, 74232, 73
2026/07/29 13:47:52.567, 301.93, 100, 74232, 73
2026/07/29 13:47:53.603, 297.93, 100, 74232, 73
2026/07/29 13:47:54.640, 295.79, 100, 74232, 73
2026/07/29 13:47:55.677, 297.34, 100, 74232, 73
2026/07/29 13:47:56.714, 296.36, 100, 74232, 73
2026/07/29 13:47:57.751, 299.79, 100, 74232, 73
2026/07/29 13:47:58.789, 291.62, 100, 74232, 73
2026/07/29 13:47:59.825, 295.07, 100, 74232, 73
2026/07/29 13:48:00.865, 297.04, 100, 74232, 73
2026/07/29 13:48:01.903, 287.90, 100, 74232, 73
2026/07/29 13:48:02.944, 292.59, 100, 74232, 73
2026/07/29 13:48:03.983, 300.92, 100, 74232, 73
2026/07/29 13:48:05.021, 292.08, 100, 74232, 73
2026/07/29 13:48:06.062, 291.70, 100, 74232, 73
2026/07/29 13:48:07.101, 294.24, 100, 74232, 73
2026/07/29 13:48:08.139, 292.39, 100, 74232, 73
2026/07/29 13:48:09.177, 299.48, 100, 74232, 73
2026/07/29 13:48:10.220, 293.74, 100, 74232, 73
2026/07/29 13:48:11.258, 300.33, 100, 74232, 73
2026/07/29 13:48:12.296, 303.83, 100, 74232, 73
2026/07/29 13:48:13.336, 297.21, 100, 74232, 73
2026/07/29 13:48:14.373, 304.45, 100, 74232, 73
2026/07/29 13:48:15.410, 295.59, 100, 74232, 73
2026/07/29 13:48:16.446, 299.86, 100, 74232, 73
2026/07/29 13:48:17.483, 300.15, 100, 74232, 73
2026/07/29 13:48:18.519, 298.20, 100, 74232, 73
2026/07/29 13:48:19.555, 301.82, 100, 74232, 73
2026/07/29 13:48:20.597, 297.64, 100, 74232, 73
2026/07/29 13:48:21.635, 300.33, 100, 74232, 73
2026/07/29 13:48:22.672, 299.37, 100, 74232, 73
2026/07/29 13:48:23.708, 299.57, 100, 74232, 73
2026/07/29 13:48:24.744, 301.32, 100, 74232, 73
2026/07/29 13:48:25.782, 300.63, 100, 74232, 73
2026/07/29 13:48:26.818, 297.92, 100, 74232, 73
2026/07/29 13:48:27.856, 300.54, 100, 74232, 73
2026/07/29 13:48:28.894, 300.83, 100, 74232, 73
2026/07/29 13:48:29.932, 301.49, 100, 74232, 73
2026/07/29 13:48:30.969, 293.84, 100, 74232, 73
2026/07/29 13:48:32.006, 300.64, 100, 74232, 73
2026/07/29 13:48:33.044, 298.00, 100, 74232, 73
2026/07/29 13:48:34.087, 291.63, 100, 74232, 73
2026/07/29 13:48:35.125, 301.73, 100, 74232, 73
2026/07/29 13:48:36.162, 299.46, 100, 74232, 73
2026/07/29 13:48:37.201, 303.25, 100, 74232, 73
2026/07/29 13:48:38.238, 300.73, 100, 74232, 73
2026/07/29 13:48:39.275, 301.71, 100, 74232, 73
2026/07/29 13:48:40.314, 299.55, 100, 74232, 73
2026/07/29 13:48:41.355, 296.85, 100, 74232, 73
2026/07/29 13:48:42.392, 298.99, 100, 74232, 73
2026/07/29 13:48:43.430, 301.11, 100, 74232, 73
2026/07/29 13:48:44.469, 300.24, 100, 74232, 73
2026/07/29 13:48:45.506, 299.95, 100, 74232, 73
2026/07/29 13:48:46.543, 301.52, 100, 74232, 73
2026/07/29 13:48:47.581, 296.96, 100, 74232, 73
2026/07/29 13:48:48.623, 306.35, 100, 74232, 73
2026/07/29 13:48:49.660, 299.95, 100, 74232, 73
2026/07/29 13:48:50.698, 300.73, 100, 74232, 73
2026/07/29 13:48:51.738, 299.47, 100, 74232, 73
2026/07/29 13:48:52.775, 294.99, 100, 74232, 73
2026/07/29 13:48:53.814, 301.39, 100, 74232, 73
2026/07/29 13:48:54.852, 291.60, 100, 74232, 73
2026/07/29 13:48:55.890, 300.96, 100, 74232, 73
2026/07/29 13:48:56.927, 300.35, 100, 74232, 73
2026/07/29 13:48:57.964, 299.66, 100, 74232, 73
2026/07/29 13:48:59.001, 291.62, 100, 74232, 73
2026/07/29 13:49:00.039, 301.02, 100, 74232, 73
2026/07/29 13:49:01.079, 299.86, 100, 74232, 73
2026/07/29 13:49:02.117, 298.02, 100, 74232, 73
2026/07/29 13:49:03.155, 299.66, 100, 74232, 73
2026/07/29 13:49:04.193, 296.06, 100, 74232, 73
2026/07/29 13:49:05.230, 301.97, 100, 74232, 73
2026/07/29 13:49:06.270, 297.90, 100, 74232, 73
2026/07/29 13:49:07.307, 303.05, 100, 74232, 73
2026/07/29 13:49:08.346, 296.73, 100, 74232, 73
2026/07/29 13:49:09.383, 297.60, 100, 74232, 73
2026/07/29 13:49:10.421, 300.82, 100, 74232, 73
2026/07/29 13:49:11.458, 300.76, 100, 74232, 73
2026/07/29 13:49:12.495, 295.18, 100, 74232, 73
2026/07/29 13:49:13.532, 297.90, 100, 74232, 73
2026/07/29 13:49:14.569, 301.12, 100, 74232, 73
2026/07/29 13:49:15.607, 296.28, 100, 74232, 73
2026/07/29 13:49:16.647, 297.90, 100, 74232, 73
2026/07/29 13:49:17.683, 298.59, 100, 74232, 73
2026/07/29 13:49:18.723, 304.90, 100, 74232, 73
2026/07/29 13:49:19.760, 304.60, 79, 74232, 74
2026/07/29 13:49:20.797, 297.92, 100, 74232, 74
2026/07/29 13:49:21.832, 282.88, 100, 74232, 74
2026/07/29 13:49:22.867, 308.48, 100, 74232, 74
2026/07/29 13:49:23.904, 313.62, 100, 74232, 74
2026/07/29 13:49:24.944, 294.72, 100, 74232, 73
2026/07/29 13:49:25.981, 295.98, 100, 74232, 73
2026/07/29 13:49:27.021, 299.11, 100, 74232, 73
2026/07/29 13:49:28.059, 297.35, 100, 74232, 73
2026/07/29 13:49:29.097, 298.42, 100, 74232, 73
2026/07/29 13:49:30.135, 300.52, 100, 74232, 73
2026/07/29 13:49:31.172, 298.97, 100, 74232, 73
2026/07/29 13:49:32.212, 300.82, 100, 74232, 73
2026/07/29 13:49:33.249, 301.69, 100, 74232, 73
2026/07/29 13:49:34.287, 301.41, 100, 74232, 73
2026/07/29 13:49:35.324, 301.63, 100, 74232, 73
2026/07/29 13:49:36.362, 291.98, 100, 74232, 73
2026/07/29 13:49:37.402, 294.24, 100, 74232, 73
2026/07/29 13:49:38.439, 294.91, 100, 74232, 73
2026/07/29 13:49:39.476, 299.16, 100, 74232, 73
2026/07/29 13:49:40.514, 295.47, 100, 74232, 73
2026/07/29 13:49:41.552, 286.93, 100, 74232, 73
2026/07/29 13:49:42.590, 293.84, 100, 74232, 73
2026/07/29 13:49:43.630, 291.79, 100, 74232, 73
2026/07/29 13:49:44.666, 293.96, 100, 74232, 73
2026/07/29 13:49:45.706, 290.25, 100, 74232, 73
2026/07/29 13:49:46.744, 292.29, 100, 74232, 73
2026/07/29 13:49:47.780, 302.28, 100, 74232, 73
2026/07/29 13:49:48.817, 305.00, 100, 74232, 73
2026/07/29 13:49:49.853, 300.93, 100, 74232, 73
2026/07/29 13:49:50.891, 297.33, 100, 74232, 73
2026/07/29 13:49:51.929, 291.71, 100, 74232, 73
2026/07/29 13:49:52.966, 298.49, 100, 74232, 73
2026/07/29 13:49:54.004, 295.87, 100, 74232, 73
2026/07/29 13:49:55.043, 299.95, 100, 74232, 73
2026/07/29 13:49:56.080, 298.10, 100, 74232, 73
2026/07/29 13:49:57.117, 299.84, 100, 74232, 73
2026/07/29 13:49:58.155, 301.21, 100, 74232, 73
2026/07/29 13:49:59.196, 302.57, 100, 74232, 73
2026/07/29 13:50:00.233, 299.86, 100, 74232, 73
2026/07/29 13:50:01.271, 302.86, 100, 74232, 73
2026/07/29 13:50:02.309, 297.06, 100, 74232, 73
2026/07/29 13:50:03.345, 301.61, 100, 74232, 73
2026/07/29 13:50:04.382, 297.53, 100, 74232, 73
2026/07/29 13:50:05.419, 300.17, 100, 74232, 73
2026/07/29 13:50:06.456, 302.28, 100, 74232, 73
2026/07/29 13:50:07.493, 298.98, 100, 74232, 73
2026/07/29 13:50:08.531, 301.00, 100, 74232, 73
2026/07/29 13:50:09.568, 302.46, 100, 74232, 73
2026/07/29 13:50:10.607, 300.13, 100, 74232, 73
2026/07/29 13:50:11.644, 295.89, 100, 74232, 73
2026/07/29 13:50:12.681, 295.60, 100, 74232, 73
2026/07/29 13:50:13.719, 300.45, 100, 74232, 73
2026/07/29 13:50:14.756, 301.99, 100, 74232, 73
2026/07/29 13:50:15.794, 280.44, 100, 74232, 75
2026/07/29 13:50:16.834, 299.67, 100, 74232, 75
2026/07/29 13:50:17.871, 297.72, 100, 74232, 75
2026/07/29 13:50:18.906, 274.34, 100, 74232, 75
2026/07/29 13:50:19.941, 277.78, 100, 74232, 75
2026/07/29 13:50:20.977, 300.23, 100, 74232, 73
2026/07/29 13:50:22.015, 302.15, 100, 74232, 73
2026/07/29 13:50:23.052, 298.77, 100, 74232, 73
2026/07/29 13:50:24.090, 301.96, 100, 74232, 73
2026/07/29 13:50:25.128, 300.75, 100, 74232, 73
2026/07/29 13:50:26.167, 301.11, 100, 74232, 73
2026/07/29 13:50:27.205, 299.75, 100, 74232, 75
2026/07/29 13:50:28.242, 288.74, 100, 74232, 75
2026/07/29 13:50:29.278, 304.78, 100, 74232, 75
2026/07/29 13:50:30.315, 307.17, 100, 74232, 76
2026/07/29 13:50:31.349, 264.11, 100, 74232, 75
2026/07/29 13:50:32.386, 298.49, 100, 74232, 74
2026/07/29 13:50:33.424, 296.64, 100, 74232, 73
2026/07/29 13:50:34.461, 299.84, 100, 74232, 74
2026/07/29 13:50:35.497, 102.11, 11, 74232, 71
2026/07/29 13:50:36.530, 289.98, 100, 74232, 75
2026/07/29 13:50:37.565, 298.05, 100, 74232, 75
2026/07/29 13:50:38.598, 294.64, 100, 74232, 75
2026/07/29 13:50:39.634, 293.06, 100, 74232, 75
2026/07/29 13:50:40.669, 284.90, 100, 74232, 75
2026/07/29 13:50:41.708, 300.07, 100, 74232, 75
2026/07/29 13:50:42.744, 303.36, 100, 74232, 74
2026/07/29 13:50:43.782, 301.68, 100, 74232, 74
2026/07/29 13:50:44.819, 301.39, 100, 74232, 74
2026/07/29 13:50:45.858, 101.85, 44, 74232, 71
2026/07/29 13:50:46.891, 312.59, 100, 74232, 75
2026/07/29 13:50:47.927, 290.83, 100, 74232, 75
2026/07/29 13:50:48.965, 304.08, 100, 74232, 75
2026/07/29 13:50:49.999, 327.85, 100, 74232, 76
2026/07/29 13:50:51.034, 305.38, 100, 74232, 76
2026/07/29 13:50:52.070, 287.66, 100, 74232, 75
2026/07/29 13:50:53.111, 303.59, 100, 74232, 74
2026/07/29 13:50:54.149, 301.22, 100, 74232, 74
2026/07/29 13:50:55.187, 296.26, 100, 74232, 74
2026/07/29 13:50:56.225, 304.40, 100, 74232, 74
2026/07/29 13:50:57.262, 101.96, 0, 74232, 71
2026/07/29 13:50:58.295, 264.29, 100, 74232, 75
2026/07/29 13:50:59.329, 315.25, 100, 74232, 76
2026/07/29 13:51:00.365, 296.85, 100, 74232, 76
2026/07/29 13:51:01.401, 276.39, 100, 74232, 76
2026/07/29 13:51:02.437, 306.20, 100, 74232, 76
2026/07/29 13:51:03.472, 267.68, 100, 74232, 74
2026/07/29 13:51:04.510, 285.58, 100, 74232, 74
2026/07/29 13:51:05.549, 293.75, 100, 74232, 74
2026/07/29 13:51:06.589, 293.24, 100, 74232, 74
2026/07/29 13:51:07.626, 309.63, 100, 74232, 76
2026/07/29 13:51:08.662, 299.46, 100, 74232, 76
2026/07/29 13:51:09.696, 287.59, 100, 74232, 76
2026/07/29 13:51:10.736, 305.88, 100, 74232, 76
2026/07/29 13:51:11.770, 267.27, 100, 74232, 76
2026/07/29 13:51:12.806, 304.39, 100, 74232, 76
2026/07/29 13:51:13.847, 291.33, 100, 74232, 74
2026/07/29 13:51:14.884, 288.39, 100, 74232, 74
2026/07/29 13:51:15.927, 291.81, 100, 74232, 74
2026/07/29 13:51:16.964, 302.19, 100, 74232, 74
2026/07/29 13:51:18.001, 297.13, 100, 74232, 74
2026/07/29 13:51:19.039, 292.01, 100, 74232, 74
2026/07/29 13:51:20.077, 293.56, 100, 74232, 74
2026/07/29 13:51:21.114, 295.49, 100, 74232, 74
2026/07/29 13:51:22.151, 297.23, 100, 74232, 75
2026/07/29 13:51:23.189, 304.79, 100, 74232, 74
2026/07/29 13:51:24.225, 300.27, 100, 74232, 76
2026/07/29 13:51:25.289, 304.15, 100, 74232, 76
2026/07/29 13:51:26.322, 298.57, 100, 74232, 76
2026/07/29 13:51:27.356, 301.67, 100, 74232, 76
2026/07/29 13:51:28.393, 274.10, 100, 74232, 76
2026/07/29 13:51:29.436, 300.02, 100, 74232, 76
2026/07/29 13:51:30.472, 299.18, 100, 74232, 74
2026/07/29 13:51:31.511, 302.49, 100, 74232, 74
2026/07/29 13:51:32.547, 292.68, 100, 74232, 74
2026/07/29 13:51:33.585, 296.29, 100, 74232, 74
2026/07/29 13:51:34.622, 302.65, 100, 74232, 74
2026/07/29 13:51:35.661, 305.63, 100, 74232, 76
2026/07/29 13:51:36.696, 290.71, 100, 74232, 76
2026/07/29 13:51:37.729, 285.30, 100, 74232, 76
2026/07/29 13:51:38.764, 305.73, 100, 74232, 76
2026/07/29 13:51:39.802, 295.14, 100, 74232, 76
2026/07/29 13:51:40.837, 314.26, 100, 74232, 76
2026/07/29 13:51:41.871, 278.88, 100, 74232, 75
2026/07/29 13:51:42.910, 286.56, 100, 74232, 74
2026/07/29 13:51:43.946, 286.67, 100, 74232, 74
2026/07/29 13:51:44.991, 302.86, 100, 74232, 74
2026/07/29 13:51:46.028, 292.30, 100, 74232, 74
2026/07/29 13:51:47.064, 294.43, 100, 74232, 74
2026/07/29 13:51:48.103, 102.75, 0, 74232, 71
2026/07/29 13:51:49.136, 303.79, 100, 74232, 76
2026/07/29 13:51:50.170, 304.01, 100, 74232, 76
2026/07/29 13:51:51.205, 310.97, 100, 74232, 76
2026/07/29 13:51:52.243, 284.14, 100, 74232, 76
2026/07/29 13:51:53.278, 288.58, 100, 74232, 76
2026/07/29 13:51:54.318, 289.54, 100, 74232, 76
2026/07/29 13:51:55.355, 262.80, 100, 74232, 74
2026/07/29 13:51:56.391, 291.80, 100, 74232, 74
2026/07/29 13:51:57.428, 297.44, 100, 74232, 74
2026/07/29 13:51:58.465, 296.85, 100, 74232, 74
2026/07/29 13:51:59.503, 298.03, 100, 74232, 74
2026/07/29 13:52:00.541, 300.72, 100, 74232, 74
2026/07/29 13:52:01.578, 301.96, 100, 74232, 74
2026/07/29 13:52:02.614, 295.88, 100, 74232, 74
2026/07/29 13:52:03.652, 293.55, 100, 74232, 74
2026/07/29 13:52:04.689, 292.85, 100, 74232, 76
2026/07/29 13:52:05.728, 303.41, 100, 74232, 74
2026/07/29 13:52:06.766, 287.14, 100, 74232, 74
2026/07/29 13:52:07.811, 295.88, 100, 74232, 74
2026/07/29 13:52:08.850, 299.28, 100, 74232, 74
2026/07/29 13:52:09.888, 294.14, 100, 74232, 74
2026/07/29 13:52:10.928, 295.39, 100, 74232, 74
2026/07/29 13:52:11.966, 295.69, 100, 74232, 74
2026/07/29 13:52:13.004, 295.40, 100, 74232, 74
2026/07/29 13:52:14.043, 296.38, 100, 74232, 74
2026/07/29 13:52:15.079, 301.48, 100, 74232, 74
2026/07/29 13:52:16.119, 301.12, 100, 74232, 74
2026/07/29 13:52:17.156, 302.87, 100, 74232, 74
2026/07/29 13:52:18.195, 301.75, 100, 74232, 74
2026/07/29 13:52:19.232, 301.78, 100, 74232, 74
2026/07/29 13:52:20.268, 301.30, 100, 74232, 74
2026/07/29 13:52:21.305, 303.20, 100, 74232, 74
2026/07/29 13:52:22.341, 298.21, 100, 74232, 74
2026/07/29 13:52:23.377, 302.86, 100, 74232, 74
2026/07/29 13:52:24.414, 304.96, 100, 74232, 74
2026/07/29 13:52:25.451, 299.08, 100, 74232, 74
2026/07/29 13:52:26.487, 303.25, 100, 74232, 74
2026/07/29 13:52:27.523, 303.62, 100, 74232, 74
2026/07/29 13:52:28.560, 297.23, 100, 74232, 74
2026/07/29 13:52:29.597, 291.12, 100, 74232, 74
2026/07/29 13:52:30.633, 295.89, 100, 74232, 74
2026/07/29 13:52:31.670, 289.27, 100, 74232, 74
2026/07/29 13:52:32.706, 301.21, 100, 74232, 74
2026/07/29 13:52:33.743, 304.21, 100, 74232, 74
2026/07/29 13:52:34.779, 298.07, 100, 74232, 74
2026/07/29 13:52:35.815, 295.00, 100, 74232, 73
2026/07/29 13:52:36.854, 297.53, 100, 74232, 73
2026/07/29 13:52:37.890, 295.68, 100, 74232, 73
2026/07/29 13:52:38.929, 297.43, 100, 74232, 73
2026/07/29 13:52:39.965, 299.38, 100, 74232, 73
2026/07/29 13:52:41.003, 299.66, 100, 74232, 73
2026/07/29 13:52:42.040, 300.82, 100, 74232, 73
2026/07/29 13:52:43.077, 302.09, 100, 74232, 73
2026/07/29 13:52:44.113, 300.91, 100, 74232, 73
2026/07/29 13:52:45.150, 301.40, 100, 74232, 73
2026/07/29 13:52:46.186, 301.71, 100, 74232, 73
2026/07/29 13:52:47.222, 301.01, 100, 74232, 73
2026/07/29 13:52:48.258, 302.37, 100, 74232, 73
2026/07/29 13:52:49.296, 303.12, 100, 74232, 73
2026/07/29 13:52:50.335, 302.75, 100, 74232, 73
2026/07/29 13:52:51.371, 301.41, 100, 74232, 73
2026/07/29 13:52:52.410, 295.81, 100, 74232, 73
2026/07/29 13:52:53.449, 301.41, 100, 74232, 73
2026/07/29 13:52:54.487, 300.55, 100, 74232, 73
2026/07/29 13:52:55.527, 297.44, 100, 74232, 73
2026/07/29 13:52:56.565, 302.08, 100, 74232, 73
2026/07/29 13:52:57.605, 299.08, 100, 74232, 73
2026/07/29 13:52:58.643, 298.40, 100, 74232, 73
2026/07/29 13:52:59.682, 299.27, 100, 74232, 73
2026/07/29 13:53:00.724, 299.20, 100, 74232, 73
2026/07/29 13:53:01.762, 300.91, 100, 74232, 73
2026/07/29 13:53:02.799, 301.12, 100, 74232, 73
2026/07/29 13:53:03.838, 297.34, 100, 74232, 73
2026/07/29 13:53:04.876, 299.65, 100, 74232, 73
2026/07/29 13:53:05.914, 300.52, 100, 74232, 73
2026/07/29 13:53:06.951, 297.60, 100, 74232, 73
2026/07/29 13:53:07.990, 298.70, 100, 74232, 73
2026/07/29 13:53:09.027, 299.65, 100, 74232, 73
2026/07/29 13:53:10.065, 298.29, 100, 74232, 73
2026/07/29 13:53:11.105, 295.80, 100, 74232, 73
2026/07/29 13:53:12.143, 297.24, 100, 74232, 73
2026/07/29 13:53:13.181, 306.26, 100, 74232, 73
2026/07/29 13:53:14.218, 292.11, 100, 74232, 73
2026/07/29 13:53:15.256, 304.79, 100, 74232, 73
2026/07/29 13:53:16.293, 300.67, 100, 74232, 73
2026/07/29 13:53:17.335, 297.62, 100, 74232, 73
2026/07/29 13:53:18.373, 300.43, 100, 74232, 73
2026/07/29 13:53:19.411, 295.68, 100, 74232, 73
2026/07/29 13:53:20.450, 293.75, 100, 74232, 73
2026/07/29 13:53:21.487, 292.47, 100, 74232, 73
2026/07/29 13:53:22.527, 296.45, 100, 74232, 73
2026/07/29 13:53:23.564, 298.78, 100, 74232, 73
2026/07/29 13:53:24.602, 299.30, 100, 74232, 73
2026/07/29 13:53:25.640, 300.35, 100, 74232, 73
2026/07/29 13:53:26.678, 298.58, 100, 74232, 73
2026/07/29 13:53:27.718, 298.38, 100, 74232, 73
2026/07/29 13:53:28.755, 302.59, 100, 74232, 75
2026/07/29 13:53:29.791, 294.24, 100, 74232, 75
2026/07/29 13:53:30.827, 289.71, 100, 74232, 75
2026/07/29 13:53:31.864, 276.03, 100, 74232, 75
2026/07/29 13:53:32.901, 263.65, 100, 74232, 75
2026/07/29 13:53:33.937, 297.33, 100, 74232, 74
2026/07/29 13:53:34.972, 301.68, 100, 74232, 73
2026/07/29 13:53:36.012, 305.90, 100, 74232, 73
2026/07/29 13:53:37.050, 294.22, 100, 74232, 73
2026/07/29 13:53:38.088, 292.58, 100, 74232, 73
2026/07/29 13:53:39.125, 294.24, 100, 74232, 73
2026/07/29 13:53:40.162, 303.55, 100, 74232, 73
2026/07/29 13:53:41.200, 299.75, 100, 74232, 73
2026/07/29 13:53:42.237, 302.66, 100, 74232, 73
2026/07/29 13:53:43.275, 299.17, 100, 74232, 73
2026/07/29 13:53:44.312, 99.77, 0, 74232, 71
2026/07/29 13:53:45.348, 282.30, 100, 74232, 75
2026/07/29 13:53:46.386, 301.05, 100, 74232, 75
2026/07/29 13:53:47.422, 319.47, 100, 74232, 75
2026/07/29 13:53:48.458, 292.59, 100, 74232, 75
2026/07/29 13:53:49.493, 262.14, 100, 74232, 75
2026/07/29 13:53:50.528, 316.14, 100, 74232, 75
2026/07/29 13:53:51.563, 300.82, 100, 74232, 73
2026/07/29 13:53:52.602, 300.93, 100, 74232, 73
2026/07/29 13:53:53.641, 295.20, 100, 74232, 73
2026/07/29 13:53:54.686, 297.83, 100, 74232, 73
2026/07/29 13:53:55.723, 304.63, 100, 74232, 75
2026/07/29 13:53:56.759, 300.84, 100, 74232, 75
2026/07/29 13:53:57.800, 288.62, 100, 74232, 75
2026/07/29 13:53:58.835, 306.31, 100, 74232, 75
2026/07/29 13:53:59.870, 312.57, 100, 74232, 76
2026/07/29 13:54:00.909, 333.95, 100, 74232, 76
2026/07/29 13:54:01.943, 286.86, 100, 74232, 76
2026/07/29 13:54:02.978, 302.20, 100, 74232, 74
2026/07/29 13:54:04.017, 302.76, 100, 74232, 74
2026/07/29 13:54:05.055, 299.44, 100, 74232, 74
2026/07/29 13:54:06.093, 291.24, 100, 74232, 74
2026/07/29 13:54:07.130, 301.43, 100, 74232, 74
2026/07/29 13:54:08.168, 303.33, 100, 74232, 74
2026/07/29 13:54:09.204, 297.65, 100, 74232, 74
2026/07/29 13:54:10.242, 296.45, 100, 74232, 74
2026/07/29 13:54:11.280, 290.34, 100, 74232, 74
2026/07/29 13:54:12.320, 295.86, 100, 74232, 74
2026/07/29 13:54:13.365, 301.12, 100, 74232, 74
2026/07/29 13:54:14.403, 304.31, 100, 74232, 74
2026/07/29 13:54:15.440, 301.42, 100, 74232, 74
2026/07/29 13:54:16.479, 298.68, 100, 74232, 74
2026/07/29 13:54:17.517, 302.98, 100, 74232, 74
2026/07/29 13:54:18.554, 303.53, 100, 74232, 74
2026/07/29 13:54:19.591, 289.36, 0, 74232, 75
2026/07/29 13:54:20.630, 299.08, 100, 74232, 74
2026/07/29 13:54:21.669, 299.15, 100, 74232, 74
2026/07/29 13:54:22.709, 299.76, 100, 74232, 74
2026/07/29 13:54:23.746, 300.70, 100, 74232, 74
2026/07/29 13:54:24.784, 301.40, 100, 74232, 73
2026/07/29 13:54:25.822, 296.67, 100, 74232, 73
2026/07/29 13:54:26.858, 298.97, 100, 74232, 73
2026/07/29 13:54:27.896, 299.84, 100, 74232, 73
2026/07/29 13:54:28.933, 297.83, 100, 74232, 73
2026/07/29 13:54:29.975, 299.58, 100, 74232, 73
2026/07/29 13:54:31.013, 299.56, 100, 74232, 73
2026/07/29 13:54:32.051, 297.25, 100, 74232, 73
2026/07/29 13:54:33.092, 300.14, 100, 74232, 73
2026/07/29 13:54:34.130, 300.38, 100, 74232, 73
2026/07/29 13:54:35.167, 299.78, 100, 74232, 73
2026/07/29 13:54:36.206, 299.27, 100, 74232, 73
2026/07/29 13:54:37.243, 300.63, 100, 74232, 73
2026/07/29 13:54:38.280, 299.96, 100, 74232, 73
2026/07/29 13:54:39.317, 300.20, 100, 74232, 73
2026/07/29 13:54:40.357, 301.23, 100, 74232, 73
2026/07/29 13:54:41.395, 299.09, 100, 74232, 73
2026/07/29 13:54:42.432, 300.43, 100, 74232, 73
2026/07/29 13:54:43.470, 306.99, 100, 74232, 73
2026/07/29 13:54:44.512, 304.67, 100, 74232, 73
2026/07/29 13:54:45.553, 300.89, 100, 74232, 73
2026/07/29 13:54:46.591, 299.46, 100, 74232, 73
2026/07/29 13:54:47.628, 300.25, 100, 74232, 73
2026/07/29 13:54:48.665, 301.30, 100, 74232, 73
2026/07/29 13:54:49.703, 301.29, 100, 74232, 73
2026/07/29 13:54:50.742, 301.68, 100, 74232, 73
2026/07/29 13:54:51.778, 300.43, 100, 74232, 73
2026/07/29 13:54:52.815, 300.45, 100, 74232, 73
2026/07/29 13:54:53.851, 303.34, 100, 74232, 73
2026/07/29 13:54:54.889, 297.05, 100, 74232, 73
2026/07/29 13:54:55.927, 297.32, 100, 74232, 73
2026/07/29 13:54:56.965, 299.35, 100, 74232, 73
2026/07/29 13:54:58.003, 297.64, 100, 74232, 73
2026/07/29 13:54:59.042, 299.18, 100, 74232, 73
2026/07/29 13:55:00.079, 300.31, 100, 74232, 73
2026/07/29 13:55:01.118, 300.81, 100, 74232, 73
2026/07/29 13:55:02.156, 299.87, 100, 74232, 73
2026/07/29 13:55:03.194, 300.14, 100, 74232, 73
2026/07/29 13:55:04.231, 295.11, 100, 74232, 73
2026/07/29 13:55:05.273, 299.20, 100, 74232, 73
2026/07/29 13:55:06.310, 298.40, 100, 74232, 73
2026/07/29 13:55:07.347, 295.01, 100, 74232, 73
2026/07/29 13:55:08.384, 295.67, 100, 74232, 73
2026/07/29 13:55:09.421, 303.19, 100, 74232, 73
2026/07/29 13:55:10.459, 300.73, 100, 74232, 73
2026/07/29 13:55:11.496, 298.19, 100, 74232, 73
2026/07/29 13:55:12.534, 302.07, 100, 74232, 73
2026/07/29 13:55:13.572, 301.10, 100, 74232, 73
2026/07/29 13:55:14.611, 296.85, 100, 74232, 73
2026/07/29 13:55:15.649, 301.10, 100, 74232, 73
2026/07/29 13:55:16.690, 300.62, 100, 74232, 73
2026/07/29 13:55:17.729, 302.20, 100, 74232, 73
2026/07/29 13:55:18.766, 300.16, 100, 74232, 73
2026/07/29 13:55:19.804, 298.98, 100, 74232, 73
2026/07/29 13:55:20.841, 299.75, 100, 74232, 73
2026/07/29 13:55:21.880, 299.28, 100, 74232, 73
2026/07/29 13:55:22.917, 306.73, 100, 74232, 73
2026/07/29 13:55:23.955, 299.56, 100, 74232, 73
2026/07/29 13:55:24.993, 297.03, 100, 74232, 73
2026/07/29 13:55:26.032, 299.44, 100, 74232, 73
2026/07/29 13:55:27.070, 299.43, 100, 74232, 73
2026/07/29 13:55:28.108, 295.02, 100, 74232, 73
2026/07/29 13:55:29.148, 291.72, 100, 74232, 73
2026/07/29 13:55:30.187, 295.01, 100, 74232, 73
2026/07/29 13:55:31.226, 287.81, 100, 74232, 73
2026/07/29 13:55:32.264, 301.50, 100, 74232, 73
2026/07/29 13:55:33.301, 302.36, 100, 74232, 73
2026/07/29 13:55:34.344, 291.44, 100, 74232, 73
2026/07/29 13:55:35.382, 301.21, 100, 74232, 73
2026/07/29 13:55:36.419, 301.13, 100, 74232, 73
2026/07/29 13:55:37.457, 301.70, 100, 74232, 73
2026/07/29 13:55:38.494, 300.36, 100, 74232, 73
2026/07/29 13:55:39.532, 300.27, 100, 74232, 73
2026/07/29 13:55:40.572, 299.67, 100, 74232, 73
2026/07/29 13:55:41.616, 296.09, 100, 74232, 73
2026/07/29 13:55:42.654, 292.47, 100, 74232, 73
2026/07/29 13:55:43.693, 300.45, 100, 74232, 73
2026/07/29 13:55:44.731, 298.42, 100, 74232, 73
2026/07/29 13:55:45.768, 298.88, 100, 74232, 73
2026/07/29 13:55:46.807, 299.25, 100, 74232, 73
2026/07/29 13:55:47.845, 297.59, 100, 74232, 73
2026/07/29 13:55:48.883, 297.73, 100, 74232, 73
2026/07/29 13:55:49.922, 297.03, 100, 74232, 73
2026/07/29 13:55:50.959, 301.30, 100, 74232, 73
2026/07/29 13:55:51.999, 300.93, 100, 74232, 73
2026/07/29 13:55:53.036, 306.34, 100, 74232, 73
2026/07/29 13:55:54.074, 300.45, 100, 74232, 73
2026/07/29 13:55:55.115, 300.73, 100, 74232, 73
2026/07/29 13:55:56.153, 302.11, 100, 74232, 73
2026/07/29 13:55:57.192, 294.42, 100, 74232, 73
2026/07/29 13:55:58.229, 301.21, 100, 74232, 73
2026/07/29 13:55:59.267, 301.57, 100, 74232, 73
2026/07/29 13:56:00.305, 300.60, 100, 74232, 73
2026/07/29 13:56:01.344, 302.88, 100, 74232, 73
2026/07/29 13:56:02.381, 300.43, 100, 74232, 73
2026/07/29 13:56:03.419, 301.88, 100, 74232, 73
2026/07/29 13:56:04.456, 300.14, 100, 74232, 73
2026/07/29 13:56:05.494, 301.90, 100, 74232, 73
2026/07/29 13:56:06.532, 300.63, 100, 74232, 73
2026/07/29 13:56:07.571, 300.72, 100, 74232, 73
2026/07/29 13:56:08.610, 300.64, 100, 74232, 73
2026/07/29 13:56:09.648, 300.95, 100, 74232, 73
2026/07/29 13:56:10.684, 301.60, 100, 74232, 73
2026/07/29 13:56:11.723, 299.74, 100, 74232, 73
2026/07/29 13:56:12.759, 300.95, 100, 74232, 73
2026/07/29 13:56:13.799, 301.19, 100, 74232, 73
2026/07/29 13:56:14.836, 296.45, 100, 74232, 73
2026/07/29 13:56:15.873, 296.73, 100, 74232, 73
2026/07/29 13:56:16.911, 299.17, 100, 74232, 73
2026/07/29 13:56:17.948, 301.28, 100, 74232, 73
2026/07/29 13:56:18.986, 301.58, 100, 74232, 73
2026/07/29 13:56:20.024, 299.73, 100, 74232, 75
2026/07/29 13:56:21.060, 285.67, 100, 74232, 75
2026/07/29 13:56:22.096, 313.54, 100, 74232, 75
2026/07/29 13:56:23.130, 305.04, 100, 74232, 75
2026/07/29 13:56:24.166, 289.97, 100, 74232, 75
2026/07/29 13:56:25.204, 297.35, 100, 74232, 73
2026/07/29 13:56:26.241, 297.04, 100, 74232, 73
2026/07/29 13:56:27.279, 301.01, 100, 74232, 73
2026/07/29 13:56:28.316, 298.59, 100, 74232, 73
2026/07/29 13:56:29.356, 102.42, 36, 74232, 71
2026/07/29 13:56:30.389, 286.95, 100, 74232, 75
2026/07/29 13:56:31.425, 300.02, 100, 74232, 75
2026/07/29 13:56:32.458, 299.21, 100, 74232, 75
2026/07/29 13:56:33.494, 315.70, 100, 74232, 75
2026/07/29 13:56:34.530, 302.12, 100, 74232, 75
2026/07/29 13:56:35.572, 283.03, 100, 74232, 75
2026/07/29 13:56:36.606, 297.33, 100, 74232, 73
2026/07/29 13:56:37.645, 301.41, 100, 74232, 73
2026/07/29 13:56:38.681, 303.45, 100, 74232, 74
2026/07/29 13:56:39.718, 305.26, 100, 74232, 74
2026/07/29 13:56:40.755, 100.07, 0, 74232, 70
2026/07/29 13:56:41.789, 299.33, 100, 74232, 75
2026/07/29 13:56:42.824, 296.38, 100, 74232, 75
2026/07/29 13:56:43.858, 283.36, 100, 74232, 75
2026/07/29 13:56:44.892, 302.88, 100, 74232, 75
2026/07/29 13:56:45.932, 298.03, 100, 74232, 75
2026/07/29 13:56:46.967, 272.76, 100, 74232, 75
2026/07/29 13:56:48.003, 302.56, 100, 74232, 74
2026/07/29 13:56:49.041, 295.89, 100, 74232, 74
2026/07/29 13:56:50.080, 301.50, 100, 74232, 74
2026/07/29 13:56:51.119, 304.20, 100, 74232, 76
2026/07/29 13:56:52.155, 291.52, 100, 74232, 76
2026/07/29 13:56:53.190, 291.34, 100, 74232, 76
2026/07/29 13:56:54.225, 288.42, 100, 74232, 76
2026/07/29 13:56:55.264, 309.48, 100, 74232, 76
2026/07/29 13:56:56.300, 298.96, 100, 74232, 76
2026/07/29 13:56:57.335, 295.97, 100, 74232, 74
2026/07/29 13:56:58.372, 299.95, 100, 74232, 74
2026/07/29 13:56:59.410, 295.10, 100, 74232, 74
2026/07/29 13:57:00.450, 295.89, 100, 74232, 74
2026/07/29 13:57:01.486, 297.72, 100, 74232, 74
2026/07/29 13:57:02.523, 300.33, 100, 74232, 74
2026/07/29 13:57:03.559, 304.50, 100, 74232, 74
2026/07/29 13:57:04.595, 304.61, 100, 74232, 74
2026/07/29 13:57:05.632, 102.59, 0, 74232, 71
2026/07/29 13:57:06.666, 306.15, 100, 74232, 76
2026/07/29 13:57:07.707, 296.07, 100, 74232, 76
2026/07/29 13:57:08.743, 291.78, 100, 74232, 76
2026/07/29 13:57:09.780, 315.16, 100, 74232, 76
2026/07/29 13:57:10.820, 307.32, 100, 74232, 76
2026/07/29 13:57:11.856, 292.88, 100, 74232, 75
2026/07/29 13:57:12.892, 299.55, 100, 74232, 74
2026/07/29 13:57:13.929, 303.66, 100, 74232, 74
2026/07/29 13:57:14.966, 304.59, 100, 74232, 74
2026/07/29 13:57:16.005, 306.97, 100, 74232, 74
2026/07/29 13:57:17.043, 302.68, 100, 74232, 76
2026/07/29 13:57:18.078, 308.35, 100, 74232, 76
2026/07/29 13:57:19.118, 300.98, 100, 74232, 76
2026/07/29 13:57:20.156, 273.75, 100, 74232, 76
2026/07/29 13:57:21.191, 295.91, 100, 74232, 76
2026/07/29 13:57:22.226, 309.72, 100, 74232, 76
2026/07/29 13:57:23.262, 273.93, 100, 74232, 74
2026/07/29 13:57:24.300, 291.88, 100, 74232, 74
2026/07/29 13:57:25.338, 295.39, 100, 74232, 74
2026/07/29 13:57:26.379, 304.31, 100, 74232, 74
2026/07/29 13:57:27.416, 304.55, 100, 74232, 74
2026/07/29 13:57:28.455, 295.09, 100, 74232, 74
2026/07/29 13:57:29.494, 296.38, 100, 74232, 74
2026/07/29 13:57:30.532, 292.96, 100, 74232, 74
2026/07/29 13:57:31.572, 293.54, 100, 74232, 74
2026/07/29 13:57:32.612, 294.70, 100, 74232, 74
2026/07/29 13:57:33.648, 301.61, 100, 74232, 74
2026/07/29 13:57:34.685, 301.88, 100, 74232, 74
2026/07/29 13:57:35.721, 305.29, 100, 74232, 74
2026/07/29 13:57:36.759, 304.41, 100, 74232, 74
2026/07/29 13:57:37.797, 311.58, 100, 74232, 76
2026/07/29 13:57:38.903, 298.03, 100, 74232, 76
2026/07/29 13:57:39.938, 296.60, 100, 74232, 76
2026/07/29 13:57:40.972, 287.41, 100, 74232, 75
2026/07/29 13:57:42.006, 298.15, 100, 74232, 76
2026/07/29 13:57:43.040, 289.48, 100, 74232, 76
2026/07/29 13:57:44.075, 274.73, 100, 74232, 75
2026/07/29 13:57:45.109, 307.15, 100, 74232, 74
2026/07/29 13:57:46.145, 303.81, 100, 74232, 74
2026/07/29 13:57:47.183, 300.83, 100, 74232, 74
2026/07/29 13:57:48.222, 303.26, 100, 74232, 73
2026/07/29 13:57:49.255, 300.55, 100, 74232, 74
2026/07/29 13:57:50.293, 300.93, 100, 74232, 74
2026/07/29 13:57:51.331, 301.39, 100, 74232, 74
2026/07/29 13:57:52.371, 302.96, 100, 74232, 74
2026/07/29 13:57:53.408, 293.94, 100, 74232, 74
2026/07/29 13:57:54.449, 294.43, 100, 74232, 74
2026/07/29 13:57:55.487, 303.56, 100, 74232, 74
2026/07/29 13:57:56.525, 296.84, 100, 74232, 74
2026/07/29 13:57:57.565, 294.81, 100, 74232, 74
2026/07/29 13:57:58.603, 302.16, 100, 74232, 74
2026/07/29 13:57:59.639, 296.44, 100, 74232, 74
2026/07/29 13:58:00.677, 302.57, 100, 74232, 74
2026/07/29 13:58:01.714, 302.54, 100, 74232, 74
2026/07/29 13:58:02.753, 294.04, 100, 74232, 74
2026/07/29 13:58:03.790, 295.40, 100, 74232, 74
2026/07/29 13:58:04.830, 295.10, 100, 74232, 74
2026/07/29 13:58:05.867, 301.19, 100, 74232, 74
2026/07/29 13:58:06.906, 295.58, 100, 74232, 74
2026/07/29 13:58:07.942, 288.22, 100, 74232, 74
2026/07/29 13:58:08.979, 295.41, 100, 74232, 74
2026/07/29 13:58:10.015, 295.78, 100, 74232, 74
2026/07/29 13:58:11.056, 294.64, 100, 74232, 74
2026/07/29 13:58:12.094, 289.08, 100, 74232, 74
2026/07/29 13:58:13.132, 293.47, 100, 74232, 74
2026/07/29 13:58:14.170, 295.20, 100, 74232, 74
2026/07/29 13:58:15.212, 295.86, 100, 74232, 74
2026/07/29 13:58:16.250, 299.94, 100, 74232, 74
2026/07/29 13:58:17.288, 298.70, 100, 74232, 74
2026/07/29 13:58:18.330, 295.99, 100, 74232, 73
2026/07/29 13:58:19.368, 298.97, 100, 74232, 73
2026/07/29 13:58:20.405, 299.12, 100, 74232, 73
2026/07/29 13:58:21.443, 300.73, 100, 74232, 73
2026/07/29 13:58:22.481, 296.75, 100, 74232, 73
2026/07/29 13:58:23.519, 290.63, 100, 74232, 73
2026/07/29 13:58:24.557, 293.35, 100, 74232, 73
2026/07/29 13:58:25.597, 294.04, 100, 74232, 73
2026/07/29 13:58:26.635, 300.83, 100, 74232, 73
2026/07/29 13:58:27.673, 298.32, 100, 74232, 73
2026/07/29 13:58:28.711, 300.05, 100, 74232, 73
2026/07/29 13:58:29.749, 301.05, 100, 74232, 73
2026/07/29 13:58:30.787, 300.75, 100, 74232, 73
2026/07/29 13:58:31.825, 299.45, 100, 74232, 73
2026/07/29 13:58:32.867, 301.22, 100, 74232, 73
2026/07/29 13:58:33.906, 301.43, 100, 74232, 73
2026/07/29 13:58:34.943, 303.25, 100, 74232, 73
2026/07/29 13:58:35.981, 300.26, 100, 74232, 73
2026/07/29 13:58:37.019, 301.24, 100, 74232, 73
2026/07/29 13:58:38.058, 297.33, 100, 74232, 73
2026/07/29 13:58:39.095, 301.79, 100, 74232, 73
2026/07/29 13:58:40.133, 307.88, 100, 74232, 73
2026/07/29 13:58:41.170, 296.87, 100, 74232, 73
2026/07/29 13:58:42.208, 302.77, 100, 74232, 73
2026/07/29 13:58:43.246, 298.42, 100, 74232, 73
2026/07/29 13:58:44.284, 299.08, 100, 74232, 73
2026/07/29 13:58:45.323, 298.31, 100, 74232, 73
2026/07/29 13:58:46.360, 295.11, 100, 74232, 73
2026/07/29 13:58:47.400, 298.87, 100, 74232, 73
2026/07/29 13:58:48.437, 293.26, 100, 74232, 73
2026/07/29 13:58:49.474, 299.94, 100, 74232, 73
2026/07/29 13:58:50.511, 294.03, 100, 74232, 73
2026/07/29 13:58:51.549, 302.50, 100, 74232, 73
2026/07/29 13:58:52.587, 293.05, 100, 74232, 73
2026/07/29 13:58:53.624, 300.35, 100, 74232, 73
2026/07/29 13:58:54.662, 300.73, 100, 74232, 73
2026/07/29 13:58:55.699, 299.47, 100, 74232, 73
2026/07/29 13:58:56.739, 299.86, 100, 74232, 73
2026/07/29 13:58:57.778, 300.44, 100, 74232, 73
2026/07/29 13:58:58.815, 297.43, 100, 74232, 73
2026/07/29 13:58:59.853, 298.14, 100, 74232, 73
2026/07/29 13:59:00.891, 299.45, 100, 74232, 73
2026/07/29 13:59:01.929, 294.89, 100, 74232, 73
2026/07/29 13:59:02.966, 296.92, 100, 74232, 73
2026/07/29 13:59:04.005, 297.74, 100, 74232, 73
2026/07/29 13:59:05.045, 293.23, 100, 74232, 73
2026/07/29 13:59:06.084, 301.24, 100, 74232, 73
2026/07/29 13:59:07.123, 301.28, 100, 74232, 73
2026/07/29 13:59:08.161, 288.79, 100, 74232, 73
2026/07/29 13:59:09.198, 293.36, 100, 74232, 73
2026/07/29 13:59:10.236, 292.97, 100, 74232, 73
2026/07/29 13:59:11.273, 295.40, 100, 74232, 73
2026/07/29 13:59:12.314, 293.15, 100, 74232, 73
2026/07/29 13:59:13.351, 299.95, 100, 74232, 73
2026/07/29 13:59:14.388, 293.27, 100, 74232, 73
2026/07/29 13:59:15.426, 296.05, 100, 74232, 73
2026/07/29 13:59:16.463, 298.50, 100, 74232, 73
2026/07/29 13:59:17.501, 294.82, 100, 74232, 73
2026/07/29 13:59:18.538, 297.61, 100, 74232, 73
2026/07/29 13:59:19.576, 296.48, 100, 74232, 73
2026/07/29 13:59:20.614, 299.84, 100, 74232, 73
2026/07/29 13:59:21.652, 301.20, 100, 74232, 73
2026/07/29 13:59:22.689, 303.45, 100, 74232, 73
2026/07/29 13:59:23.730, 290.35, 100, 74232, 73
2026/07/29 13:59:24.768, 301.70, 100, 74232, 73
2026/07/29 13:59:25.806, 301.04, 100, 74232, 73
2026/07/29 13:59:26.843, 301.02, 100, 74232, 73
2026/07/29 13:59:27.880, 291.44, 100, 74232, 73
2026/07/29 13:59:28.917, 300.95, 100, 74232, 73
2026/07/29 13:59:29.955, 303.06, 100, 74232, 73
2026/07/29 13:59:30.993, 301.79, 100, 74232, 73
2026/07/29 13:59:32.032, 299.66, 100, 74232, 73
2026/07/29 13:59:33.070, 300.45, 100, 74232, 73
2026/07/29 13:59:34.108, 300.23, 100, 74232, 73
2026/07/29 13:59:35.146, 300.53, 100, 74232, 73
2026/07/29 13:59:36.184, 300.37, 100, 74232, 73
2026/07/29 13:59:37.222, 301.11, 100, 74232, 73
2026/07/29 13:59:38.259, 297.54, 100, 74232, 73
2026/07/29 13:59:39.296, 299.70, 100, 74232, 73
2026/07/29 13:59:40.329, 266.64, 100, 74232, 75
2026/07/29 13:59:41.365, 290.25, 100, 74232, 75
2026/07/29 13:59:42.402, 309.68, 100, 74232, 75
2026/07/29 13:59:43.437, 291.90, 100, 74232, 75
2026/07/29 13:59:44.476, 311.66, 100, 74232, 75
2026/07/29 13:59:45.512, 259.92, 100, 74232, 74
2026/07/29 13:59:46.556, 290.04, 100, 74232, 73
2026/07/29 13:59:47.596, 290.27, 100, 74232, 73
2026/07/29 13:59:48.633, 291.90, 100, 74232, 73
2026/07/29 13:59:49.673, 289.37, 100, 74232, 73
2026/07/29 13:59:50.711, 294.53, 100, 74232, 73
2026/07/29 13:59:51.750, 293.45, 100, 74232, 73
2026/07/29 13:59:52.792, 298.61, 100, 74232, 73
2026/07/29 13:59:53.830, 295.89, 100, 74232, 73
2026/07/29 13:59:54.867, 292.69, 100, 74232, 73
2026/07/29 13:59:55.908, 297.04, 100, 74232, 73
2026/07/29 13:59:56.945, 302.00, 100, 74232, 73
2026/07/29 13:59:57.983, 292.38, 100, 74232, 73
2026/07/29 13:59:59.021, 299.48, 100, 74232, 73
2026/07/29 14:00:00.060, 99.67, 0, 74232, 70
2026/07/29 14:00:01.093, 295.01, 100, 74232, 75
2026/07/29 14:00:02.130, 295.25, 100, 74232, 75
2026/07/29 14:00:03.165, 287.54, 100, 74232, 75
2026/07/29 14:00:04.202, 277.01, 100, 74232, 75
2026/07/29 14:00:05.237, 263.21, 100, 74232, 75
2026/07/29 14:00:06.273, 293.96, 100, 74232, 75
2026/07/29 14:00:07.308, 302.19, 100, 74232, 73
2026/07/29 14:00:08.347, 298.41, 100, 74232, 73
2026/07/29 14:00:09.385, 299.37, 100, 74232, 73
2026/07/29 14:00:10.423, 301.15, 100, 74232, 73
2026/07/29 14:00:11.459, 302.37, 100, 74232, 73
2026/07/29 14:00:12.497, 303.65, 100, 74232, 73
2026/07/29 14:00:13.536, 302.33, 100, 74232, 74
2026/07/29 14:00:14.573, 303.06, 100, 74232, 74
2026/07/29 14:00:15.611, 296.95, 100, 74232, 74
2026/07/29 14:00:16.649, 301.96, 100, 74232, 74
2026/07/29 14:00:17.691, 302.88, 100, 74232, 74
2026/07/29 14:00:18.728, 101.52, 1, 74232, 71
2026/07/29 14:00:19.761, 295.86, 100, 74232, 75
2026/07/29 14:00:20.797, 290.33, 100, 74232, 75
2026/07/29 14:00:21.835, 303.56, 100, 74232, 75
2026/07/29 14:00:22.870, 301.78, 100, 74232, 75
2026/07/29 14:00:23.907, 278.02, 100, 74232, 75
2026/07/29 14:00:24.942, 308.66, 100, 74232, 75
2026/07/29 14:00:25.991, 301.30, 100, 74232, 73
2026/07/29 14:00:27.029, 302.27, 100, 74232, 73
2026/07/29 14:00:28.066, 299.08, 100, 74232, 74
2026/07/29 14:00:29.105, 280.62, 79, 74232, 75
2026/07/29 14:00:30.141, 300.91, 100, 74232, 75
2026/07/29 14:00:31.177, 308.40, 100, 74232, 76
2026/07/29 14:00:32.214, 288.50, 100, 74232, 76
2026/07/29 14:00:33.255, 304.44, 100, 74232, 76
2026/07/29 14:00:34.290, 325.28, 100, 74232, 76
2026/07/29 14:00:35.326, 314.63, 100, 74232, 76
2026/07/29 14:00:36.364, 303.80, 100, 74232, 74
2026/07/29 14:00:37.403, 302.36, 100, 74232, 74
2026/07/29 14:00:38.441, 301.29, 100, 74232, 74
2026/07/29 14:00:39.479, 303.88, 100, 74232, 74
2026/07/29 14:00:40.517, 299.26, 100, 74232, 74
2026/07/29 14:00:41.555, 304.60, 100, 74232, 74
2026/07/29 14:00:42.592, 302.86, 100, 74232, 74
2026/07/29 14:00:43.635, 298.68, 100, 74232, 74
2026/07/29 14:00:44.675, 296.85, 100, 74232, 74
2026/07/29 14:00:45.713, 302.49, 100, 74232, 74
2026/07/29 14:00:46.752, 297.13, 100, 74232, 74
2026/07/29 14:00:47.790, 295.29, 100, 74232, 74
2026/07/29 14:00:48.828, 297.23, 100, 74232, 74
2026/07/29 14:00:49.866, 292.97, 100, 74232, 74
2026/07/29 14:00:50.904, 294.23, 100, 74232, 74
2026/07/29 14:00:51.944, 296.57, 100, 74232, 74
2026/07/29 14:00:52.982, 305.29, 100, 74232, 74
2026/07/29 14:00:54.019, 297.53, 100, 74232, 74
2026/07/29 14:00:55.057, 292.86, 100, 74232, 74
2026/07/29 14:00:56.094, 296.47, 100, 74232, 74
2026/07/29 14:00:57.134, 296.08, 100, 74232, 74
2026/07/29 14:00:58.178, 289.76, 100, 74232, 74
2026/07/29 14:00:59.218, 296.07, 100, 74232, 74
2026/07/29 14:01:00.256, 302.86, 100, 74232, 74
2026/07/29 14:01:01.293, 303.83, 100, 74232, 74
2026/07/29 14:01:02.330, 302.00, 100, 74232, 74
2026/07/29 14:01:03.368, 301.24, 100, 74232, 74
2026/07/29 14:01:04.405, 299.56, 100, 74232, 74
2026/07/29 14:01:05.443, 141.35, 0, 74232, 75
2026/07/29 14:01:06.478, 304.73, 100, 74232, 75
2026/07/29 14:01:07.514, 296.86, 100, 74232, 75
2026/07/29 14:01:08.548, 295.79, 100, 74232, 75
2026/07/29 14:01:09.584, 280.65, 100, 74232, 75
2026/07/29 14:01:10.620, 303.41, 100, 74232, 75
2026/07/29 14:01:11.659, 275.02, 100, 74232, 75
2026/07/29 14:01:12.694, 303.14, 100, 74232, 74
2026/07/29 14:01:13.732, 305.10, 100, 74232, 74
2026/07/29 14:01:14.770, 303.82, 100, 74232, 74
2026/07/29 14:01:15.811, 301.51, 100, 74232, 74
2026/07/29 14:01:16.848, 301.80, 100, 74232, 74
2026/07/29 14:01:17.885, 298.79, 100, 74232, 74
2026/07/29 14:01:18.924, 295.58, 100, 74232, 74
2026/07/29 14:01:19.962, 298.71, 100, 74232, 74
2026/07/29 14:01:21.003, 295.70, 100, 74232, 74
2026/07/29 14:01:22.042, 304.07, 100, 74232, 74
2026/07/29 14:01:23.078, 299.94, 100, 74232, 74
2026/07/29 14:01:24.117, 302.47, 100, 74232, 74
2026/07/29 14:01:25.154, 298.68, 100, 74232, 74
2026/07/29 14:01:26.192, 296.37, 100, 74232, 74
2026/07/29 14:01:27.229, 294.24, 57, 74232, 75
2026/07/29 14:01:28.266, 300.84, 100, 74232, 75
2026/07/29 14:01:29.299, 302.25, 100, 74232, 75
2026/07/29 14:01:30.333, 307.86, 100, 74232, 75
2026/07/29 14:01:31.369, 287.62, 100, 74232, 76
2026/07/29 14:01:32.408, 302.98, 100, 74232, 75
2026/07/29 14:01:33.442, 292.96, 100, 74232, 75
2026/07/29 14:01:34.475, 299.20, 100, 74232, 74
2026/07/29 14:01:35.511, 298.30, 100, 74232, 74
2026/07/29 14:01:36.549, 301.62, 100, 74232, 74
2026/07/29 14:01:37.585, 299.80, 100, 74232, 74
2026/07/29 14:01:38.623, 298.82, 100, 74232, 74
2026/07/29 14:01:39.660, 298.53, 100, 74232, 74
2026/07/29 14:01:40.698, 301.12, 100, 74232, 74
2026/07/29 14:01:41.737, 296.08, 100, 74232, 74
2026/07/29 14:01:42.774, 303.67, 100, 74232, 74
2026/07/29 14:01:43.818, 303.94, 100, 74232, 74
2026/07/29 14:01:44.855, 301.24, 100, 74232, 74
2026/07/29 14:01:45.892, 302.79, 100, 74232, 74
2026/07/29 14:01:46.928, 302.19, 100, 74232, 74
2026/07/29 14:01:47.966, 298.01, 100, 74232, 74
2026/07/29 14:01:49.005, 299.65, 100, 74232, 74
2026/07/29 14:01:50.042, 300.83, 100, 74232, 74
2026/07/29 14:01:51.081, 302.36, 100, 74232, 74
2026/07/29 14:01:52.118, 301.69, 100, 74232, 74
2026/07/29 14:01:53.159, 301.91, 100, 74232, 74
2026/07/29 14:01:54.196, 301.81, 100, 74232, 74
2026/07/29 14:01:55.233, 302.55, 100, 74232, 74
2026/07/29 14:01:56.272, 300.92, 100, 74232, 74
2026/07/29 14:01:57.309, 303.19, 100, 74232, 74
2026/07/29 14:01:58.347, 303.47, 100, 74232, 74
2026/07/29 14:01:59.383, 302.95, 100, 74232, 74
2026/07/29 14:02:00.422, 303.53, 100, 74232, 74
2026/07/29 14:02:01.458, 302.18, 100, 74232, 74
2026/07/29 14:02:02.496, 302.38, 100, 74232, 74
2026/07/29 14:02:03.534, 303.34, 100, 74232, 74
2026/07/29 14:02:04.572, 302.27, 100, 74232, 74
2026/07/29 14:02:05.610, 301.98, 100, 74232, 74
2026/07/29 14:02:06.647, 303.55, 100, 74232, 74
2026/07/29 14:02:07.685, 303.58, 100, 74232, 74
2026/07/29 14:02:08.724, 305.14, 100, 74232, 74
2026/07/29 14:02:09.762, 300.52, 100, 74232, 74
2026/07/29 14:02:10.799, 302.17, 100, 74232, 74
2026/07/29 14:02:11.836, 297.25, 100, 74232, 74
2026/07/29 14:02:12.873, 303.63, 100, 74232, 74
2026/07/29 14:02:13.911, 301.41, 100, 74232, 74
2026/07/29 14:02:14.949, 301.98, 100, 74232, 74
2026/07/29 14:02:15.987, 302.86, 100, 74232, 74
2026/07/29 14:02:17.029, 303.34, 100, 74232, 74
2026/07/29 14:02:18.067, 303.55, 100, 74232, 74
2026/07/29 14:02:19.104, 301.68, 100, 74232, 74
2026/07/29 14:02:20.145, 301.60, 100, 74232, 74
2026/07/29 14:02:21.183, 303.14, 100, 74232, 74
2026/07/29 14:02:22.221, 306.64, 100, 74232, 74
2026/07/29 14:02:23.259, 302.28, 100, 74232, 74
2026/07/29 14:02:24.297, 302.98, 100, 74232, 74
2026/07/29 14:02:25.335, 296.78, 100, 74232, 74
2026/07/29 14:02:26.372, 296.17, 100, 74232, 74
2026/07/29 14:02:27.412, 291.48, 100, 74232, 74
2026/07/29 14:02:28.449, 298.98, 100, 74232, 74
2026/07/29 14:02:29.487, 292.79, 100, 74232, 74
2026/07/29 14:02:30.525, 290.81, 100, 74232, 74
2026/07/29 14:02:31.562, 298.70, 100, 74232, 74
2026/07/29 14:02:32.601, 286.75, 100, 74232, 74
2026/07/29 14:02:33.639, 288.91, 100, 74232, 73
2026/07/29 14:02:34.682, 293.54, 100, 74232, 73
2026/07/29 14:02:35.720, 297.23, 100, 74232, 74
2026/07/29 14:02:36.757, 297.14, 100, 74232, 74
2026/07/29 14:02:37.797, 297.43, 100, 74232, 74
2026/07/29 14:02:38.835, 298.69, 100, 74232, 74
2026/07/29 14:02:39.873, 300.53, 100, 74232, 74
2026/07/29 14:02:40.910, 300.45, 100, 74232, 74
2026/07/29 14:02:41.948, 300.06, 100, 74232, 74
2026/07/29 14:02:42.987, 299.76, 100, 74232, 74
2026/07/29 14:02:44.026, 300.37, 100, 74232, 74
2026/07/29 14:02:45.064, 300.54, 100, 74232, 74
2026/07/29 14:02:46.102, 299.93, 100, 74232, 74
2026/07/29 14:02:47.143, 299.16, 100, 74232, 73
2026/07/29 14:02:48.181, 292.98, 100, 74232, 73
2026/07/29 14:02:49.219, 290.24, 100, 74232, 73
2026/07/29 14:02:50.258, 290.93, 100, 74232, 73
2026/07/29 14:02:51.301, 288.22, 100, 74232, 73
2026/07/29 14:02:52.339, 302.37, 100, 74232, 73
2026/07/29 14:02:53.377, 303.86, 100, 74232, 73
2026/07/29 14:02:54.418, 297.80, 100, 74232, 73
2026/07/29 14:02:55.456, 302.46, 100, 74232, 74
2026/07/29 14:02:56.494, 290.15, 100, 74232, 73
2026/07/29 14:02:57.535, 295.78, 100, 74232, 74
2026/07/29 14:02:58.572, 300.82, 100, 74232, 74
2026/07/29 14:02:59.609, 300.25, 100, 74232, 74
2026/07/29 14:03:00.646, 302.17, 100, 74232, 74
2026/07/29 14:03:01.685, 300.43, 100, 74232, 73
2026/07/29 14:03:02.723, 300.24, 100, 74232, 74
2026/07/29 14:03:03.760, 300.64, 100, 74232, 74
2026/07/29 14:03:04.799, 297.16, 100, 74232, 74
2026/07/29 14:03:05.836, 298.81, 100, 74232, 74
2026/07/29 14:03:06.875, 300.45, 100, 74232, 74
2026/07/29 14:03:07.912, 304.60, 100, 74232, 74
2026/07/29 14:03:08.950, 303.82, 100, 74232, 74
2026/07/29 14:03:09.988, 297.92, 100, 74232, 74
2026/07/29 14:03:11.026, 298.51, 100, 74232, 74
2026/07/29 14:03:12.065, 301.68, 100, 74232, 73
2026/07/29 14:03:13.102, 303.36, 100, 74232, 74
2026/07/29 14:03:14.140, 300.92, 100, 74232, 74
2026/07/29 14:03:15.177, 300.95, 100, 74232, 74
2026/07/29 14:03:16.215, 301.30, 100, 74232, 74
2026/07/29 14:03:17.254, 301.02, 100, 74232, 74
2026/07/29 14:03:18.291, 301.31, 100, 74232, 74
2026/07/29 14:03:19.329, 302.08, 100, 74232, 74
2026/07/29 14:03:20.366, 301.79, 100, 74232, 73
2026/07/29 14:03:21.404, 299.65, 100, 74232, 74
2026/07/29 14:03:22.441, 301.03, 100, 74232, 74
2026/07/29 14:03:23.482, 299.56, 100, 74232, 74
2026/07/29 14:03:24.521, 290.51, 100, 74232, 73
2026/07/29 14:03:25.559, 304.69, 100, 74232, 75
2026/07/29 14:03:26.594, 294.79, 100, 74232, 75
2026/07/29 14:03:27.628, 304.51, 100, 74232, 75
2026/07/29 14:03:28.664, 289.49, 100, 74232, 75
2026/07/29 14:03:29.703, 313.43, 100, 74232, 75
2026/07/29 14:03:30.738, 308.46, 100, 74232, 75
2026/07/29 14:03:31.776, 295.10, 100, 74232, 73
2026/07/29 14:03:32.813, 295.29, 100, 74232, 73
2026/07/29 14:03:33.851, 293.66, 100, 74232, 73
2026/07/29 14:03:34.889, 295.01, 100, 74232, 73
2026/07/29 14:03:35.927, 295.89, 100, 74232, 74
2026/07/29 14:03:36.965, 294.80, 100, 74232, 74
2026/07/29 14:03:38.003, 302.48, 100, 74232, 74
2026/07/29 14:03:39.043, 300.15, 100, 74232, 74
2026/07/29 14:03:40.080, 298.13, 100, 74232, 74
2026/07/29 14:03:41.118, 302.21, 100, 74232, 74
2026/07/29 14:03:42.156, 299.83, 100, 74232, 74
2026/07/29 14:03:43.195, 302.56, 100, 74232, 74
2026/07/29 14:03:44.232, 303.76, 100, 74232, 74
2026/07/29 14:03:45.270, 296.47, 100, 74232, 74
2026/07/29 14:03:46.307, 302.28, 100, 74232, 74
2026/07/29 14:03:47.349, 296.16, 100, 74232, 74
2026/07/29 14:03:48.386, 99.96, 0, 74232, 71
2026/07/29 14:03:49.419, 299.07, 100, 74232, 75
2026/07/29 14:03:50.454, 309.39, 100, 74232, 75
2026/07/29 14:03:51.489, 296.45, 100, 74232, 75
2026/07/29 14:03:52.523, 280.69, 100, 74232, 75
2026/07/29 14:03:53.559, 316.60, 100, 74232, 75
2026/07/29 14:03:54.594, 295.11, 100, 74232, 74
2026/07/29 14:03:55.634, 293.55, 100, 74232, 74
2026/07/29 14:03:56.671, 301.92, 100, 74232, 74
2026/07/29 14:03:57.709, 306.07, 100, 74232, 74
2026/07/29 14:03:58.746, 307.40, 100, 74232, 75
2026/07/29 14:03:59.789, 296.67, 100, 74232, 76
2026/07/29 14:04:00.824, 307.24, 100, 74232, 76
2026/07/29 14:04:01.862, 283.35, 100, 74232, 76
2026/07/29 14:04:02.898, 304.59, 100, 74232, 76
2026/07/29 14:04:03.934, 284.22, 100, 74232, 76
2026/07/29 14:04:04.976, 302.47, 100, 74232, 74
2026/07/29 14:04:06.015, 304.31, 100, 74232, 74
2026/07/29 14:04:07.052, 302.97, 100, 74232, 74
2026/07/29 14:04:08.090, 300.90, 100, 74232, 74
2026/07/29 14:04:09.128, 293.44, 100, 74232, 76
2026/07/29 14:04:10.164, 294.83, 100, 74232, 76
2026/07/29 14:04:11.203, 290.40, 100, 74232, 76
2026/07/29 14:04:12.239, 265.33, 100, 74232, 76
2026/07/29 14:04:13.277, 280.64, 100, 74232, 76
2026/07/29 14:04:14.312, 318.05, 100, 74232, 76
2026/07/29 14:04:15.347, 299.06, 100, 74232, 74
2026/07/29 14:04:16.385, 302.86, 100, 74232, 75
2026/07/29 14:04:17.422, 305.20, 100, 74232, 75
2026/07/29 14:04:18.461, 305.08, 100, 74232, 75
2026/07/29 14:04:19.498, 302.35, 100, 74232, 75
2026/07/29 14:04:20.535, 304.31, 100, 74232, 75
2026/07/29 14:04:21.571, 301.74, 100, 74232, 75
2026/07/29 14:04:22.608, 290.25, 100, 74232, 75
2026/07/29 14:04:23.647, 292.38, 100, 74232, 75
2026/07/29 14:04:24.683, 301.77, 100, 74232, 75
2026/07/29 14:04:25.721, 308.16, 100, 74232, 75
2026/07/29 14:04:26.758, 300.35, 100, 74232, 75
2026/07/29 14:04:27.796, 304.01, 100, 74232, 75
2026/07/29 14:04:28.832, 304.54, 100, 74232, 75
2026/07/29 14:04:29.869, 301.30, 100, 74232, 75
2026/07/29 14:04:30.907, 300.73, 100, 74232, 75
2026/07/29 14:04:31.948, 298.97, 100, 74232, 74
2026/07/29 14:04:32.987, 299.49, 100, 74232, 76
2026/07/29 14:04:34.024, 302.64, 100, 74232, 76
2026/07/29 14:04:35.060, 306.81, 100, 74232, 76
2026/07/29 14:04:36.095, 288.29, 100, 74232, 76
2026/07/29 14:04:37.130, 301.01, 100, 74232, 76
2026/07/29 14:04:38.165, 303.32, 100, 74232, 76
2026/07/29 14:04:39.204, 298.21, 100, 74232, 76
2026/07/29 14:04:40.240, 295.20, 100, 74232, 74
2026/07/29 14:04:41.278, 293.47, 100, 74232, 74
2026/07/29 14:04:42.315, 288.98, 100, 74232, 74
2026/07/29 14:04:43.356, 285.22, 100, 74232, 74
2026/07/29 14:04:44.393, 296.66, 100, 74232, 74
2026/07/29 14:04:45.432, 296.28, 100, 74232, 74
2026/07/29 14:04:46.471, 297.24, 100, 74232, 74
2026/07/29 14:04:47.509, 295.58, 100, 74232, 74
2026/07/29 14:04:48.546, 298.02, 93, 74232, 76
2026/07/29 14:04:49.581, 299.75, 100, 74232, 76
2026/07/29 14:04:50.621, 295.20, 100, 74232, 76
2026/07/29 14:04:51.656, 295.60, 100, 74232, 76
2026/07/29 14:04:52.692, 300.75, 100, 74232, 76
2026/07/29 14:04:53.729, 273.45, 100, 74232, 76
2026/07/29 14:04:54.771, 318.07, 100, 74232, 76
2026/07/29 14:04:55.806, 300.51, 100, 74232, 75
2026/07/29 14:04:56.844, 304.30, 100, 74232, 74
2026/07/29 14:04:57.882, 303.54, 100, 74232, 75
2026/07/29 14:04:58.919, 301.45, 100, 74232, 75
2026/07/29 14:04:59.957, 301.22, 100, 74232, 75
2026/07/29 14:05:00.995, 303.72, 100, 74232, 75
2026/07/29 14:05:02.034, 304.35, 100, 74232, 75
2026/07/29 14:05:03.073, 305.39, 100, 74232, 75
2026/07/29 14:05:04.111, 298.80, 100, 74232, 75
2026/07/29 14:05:05.151, 301.63, 100, 74232, 75
2026/07/29 14:05:06.189, 295.68, 100, 74232, 75
2026/07/29 14:05:07.226, 295.99, 100, 74232, 75
2026/07/29 14:05:08.264, 297.22, 100, 74232, 75
2026/07/29 14:05:09.301, 297.81, 100, 74232, 75
2026/07/29 14:05:10.338, 299.86, 100, 74232, 75
2026/07/29 14:05:11.376, 304.02, 100, 74232, 75
2026/07/29 14:05:12.413, 295.29, 100, 74232, 74
2026/07/29 14:05:13.450, 298.11, 100, 74232, 74
2026/07/29 14:05:14.489, 307.01, 100, 74232, 75
2026/07/29 14:05:15.526, 297.24, 100, 74232, 74
2026/07/29 14:05:16.563, 296.27, 100, 74232, 74
2026/07/29 14:05:17.601, 303.75, 100, 74232, 74
2026/07/29 14:05:18.638, 304.70, 100, 74232, 74
2026/07/29 14:05:19.676, 304.10, 100, 74232, 74
2026/07/29 14:05:20.713, 291.90, 100, 74232, 74
2026/07/29 14:05:21.752, 301.33, 100, 74232, 74
2026/07/29 14:05:22.788, 296.54, 100, 74232, 74
2026/07/29 14:05:23.830, 296.87, 100, 74232, 74
2026/07/29 14:05:24.871, 294.53, 100, 74232, 74
2026/07/29 14:05:25.907, 293.93, 100, 74232, 74
2026/07/29 14:05:26.945, 294.80, 100, 74232, 74
2026/07/29 14:05:27.984, 296.17, 100, 74232, 74
2026/07/29 14:05:29.025, 303.18, 100, 74232, 74
2026/07/29 14:05:30.063, 304.83, 100, 74232, 74
2026/07/29 14:05:31.100, 303.25, 100, 74232, 74
2026/07/29 14:05:32.137, 300.22, 100, 74232, 74
2026/07/29 14:05:33.175, 303.07, 100, 74232, 74
2026/07/29 14:05:34.214, 304.02, 100, 74232, 74
2026/07/29 14:05:35.252, 298.40, 100, 74232, 74
2026/07/29 14:05:36.293, 297.34, 100, 74232, 74
2026/07/29 14:05:37.331, 298.89, 100, 74232, 74
2026/07/29 14:05:38.367, 300.23, 100, 74232, 74
2026/07/29 14:05:39.407, 301.71, 100, 74232, 74
2026/07/29 14:05:40.444, 303.41, 100, 74232, 74
2026/07/29 14:05:41.482, 305.05, 100, 74232, 74
2026/07/29 14:05:42.520, 304.33, 100, 74232, 74
2026/07/29 14:05:43.557, 296.16, 100, 74232, 74
2026/07/29 14:05:44.595, 298.20, 100, 74232, 74
2026/07/29 14:05:45.633, 294.93, 100, 74232, 74
2026/07/29 14:05:46.670, 299.59, 100, 74232, 74
2026/07/29 14:05:47.709, 297.05, 100, 74232, 74
2026/07/29 14:05:48.750, 296.76, 100, 74232, 74
2026/07/29 14:05:49.788, 289.18, 100, 74232, 74
2026/07/29 14:05:50.827, 292.19, 100, 74232, 74
2026/07/29 14:05:51.865, 302.29, 100, 74232, 74
2026/07/29 14:05:52.903, 302.38, 100, 74232, 74
2026/07/29 14:05:53.941, 298.89, 100, 74232, 74
2026/07/29 14:05:54.978, 299.47, 100, 74232, 74
2026/07/29 14:05:56.019, 297.63, 100, 74232, 74
2026/07/29 14:05:57.056, 295.48, 100, 74232, 74
2026/07/29 14:05:58.096, 295.78, 100, 74232, 74
2026/07/29 14:05:59.134, 296.85, 100, 74232, 74
2026/07/29 14:06:00.171, 289.88, 100, 74232, 74
2026/07/29 14:06:01.210, 295.21, 100, 74232, 74
2026/07/29 14:06:02.248, 294.82, 100, 74232, 74
2026/07/29 14:06:03.286, 296.47, 100, 74232, 74
2026/07/29 14:06:04.328, 292.49, 100, 74232, 74
2026/07/29 14:06:05.371, 296.94, 100, 74232, 74
2026/07/29 14:06:06.409, 298.89, 100, 74232, 74
2026/07/29 14:06:07.454, 302.15, 100, 74232, 74
2026/07/29 14:06:08.494, 302.38, 100, 74232, 74
2026/07/29 14:06:09.531, 299.07, 100, 74232, 74
2026/07/29 14:06:10.569, 301.77, 100, 74232, 74
2026/07/29 14:06:11.606, 295.20, 100, 74232, 73
2026/07/29 14:06:12.644, 296.27, 100, 74232, 73
2026/07/29 14:06:13.684, 302.28, 100, 74232, 73
2026/07/29 14:06:14.721, 295.60, 100, 74232, 73
2026/07/29 14:06:15.764, 292.29, 100, 74232, 73
2026/07/29 14:06:16.804, 304.31, 100, 74232, 73
2026/07/29 14:06:17.841, 295.59, 100, 74232, 73
2026/07/29 14:06:18.879, 291.33, 100, 74232, 73
2026/07/29 14:06:19.916, 292.00, 100, 74232, 73
2026/07/29 14:06:20.955, 303.36, 100, 74232, 73
2026/07/29 14:06:21.991, 298.12, 100, 74232, 73
2026/07/29 14:06:23.033, 302.21, 100, 74232, 73
2026/07/29 14:06:24.072, 298.38, 100, 74232, 73
2026/07/29 14:06:25.109, 291.33, 100, 74232, 73
2026/07/29 14:06:26.147, 296.16, 100, 74232, 73
2026/07/29 14:06:27.183, 292.76, 100, 74232, 73
2026/07/29 14:06:28.225, 295.86, 100, 74232, 73
2026/07/29 14:06:29.264, 299.25, 100, 74232, 73
2026/07/29 14:06:30.302, 302.60, 100, 74232, 73
2026/07/29 14:06:31.339, 302.56, 100, 74232, 73
2026/07/29 14:06:32.376, 303.34, 100, 74232, 73
2026/07/29 14:06:33.414, 300.36, 100, 74232, 73
2026/07/29 14:06:34.452, 298.97, 100, 74232, 73
2026/07/29 14:06:35.489, 300.75, 100, 74232, 73
2026/07/29 14:06:36.527, 302.77, 100, 74232, 73
2026/07/29 14:06:37.565, 302.09, 100, 74232, 73
2026/07/29 14:06:38.603, 302.67, 100, 74232, 73
2026/07/29 14:06:39.641, 299.10, 100, 74232, 73
2026/07/29 14:06:40.679, 297.41, 100, 74232, 73
2026/07/29 14:06:41.715, 300.60, 100, 74232, 73
2026/07/29 14:06:42.754, 296.47, 100, 74232, 73
2026/07/29 14:06:43.793, 290.06, 100, 74232, 73
2026/07/29 14:06:44.834, 294.24, 100, 74232, 73
2026/07/29 14:06:45.872, 297.52, 100, 74232, 73
2026/07/29 14:06:46.909, 298.12, 100, 74232, 73
2026/07/29 14:06:47.948, 295.96, 100, 74232, 73
2026/07/29 14:06:48.986, 299.20, 100, 74232, 73
2026/07/29 14:06:50.026, 299.27, 100, 74232, 73
2026/07/29 14:06:51.064, 302.58, 100, 74232, 73
2026/07/29 14:06:52.101, 303.06, 100, 74232, 73
2026/07/29 14:06:53.139, 299.40, 100, 74232, 73
2026/07/29 14:06:54.176, 305.10, 100, 74232, 73
2026/07/29 14:06:55.213, 292.96, 100, 74232, 73
2026/07/29 14:06:56.251, 298.60, 100, 74232, 74
2026/07/29 14:06:57.288, 301.40, 100, 74232, 74
2026/07/29 14:06:58.325, 296.09, 100, 74232, 73
2026/07/29 14:06:59.368, 295.39, 100, 74232, 73
2026/07/29 14:07:00.407, 302.48, 100, 74232, 73
2026/07/29 14:07:01.444, 295.59, 100, 74232, 73
2026/07/29 14:07:02.482, 300.25, 100, 74232, 74
2026/07/29 14:07:03.520, 299.26, 100, 74232, 74
2026/07/29 14:07:04.559, 301.90, 100, 74232, 74
2026/07/29 14:07:05.598, 302.76, 100, 74232, 73
2026/07/29 14:07:06.637, 294.03, 100, 74232, 73
2026/07/29 14:07:07.675, 295.79, 100, 74232, 73
2026/07/29 14:07:08.713, 298.30, 100, 74232, 74
2026/07/29 14:07:09.751, 293.25, 100, 74232, 73
2026/07/29 14:07:10.790, 296.26, 100, 74232, 73
2026/07/29 14:07:11.827, 302.08, 100, 74232, 74
2026/07/29 14:07:12.867, 303.42, 100, 74232, 74
2026/07/29 14:07:13.904, 303.05, 100, 74232, 73
2026/07/29 14:07:14.942, 304.37, 100, 74232, 73
2026/07/29 14:07:15.980, 299.36, 100, 74232, 73
2026/07/29 14:07:17.021, 297.82, 100, 74232, 73
2026/07/29 14:07:18.058, 302.08, 100, 74232, 73
2026/07/29 14:07:19.095, 302.65, 100, 74232, 73
2026/07/29 14:07:20.135, 304.09, 100, 74232, 73
2026/07/29 14:07:21.174, 294.72, 100, 74232, 73
2026/07/29 14:07:22.212, 295.20, 100, 74232, 73
2026/07/29 14:07:23.251, 292.78, 100, 74232, 73
2026/07/29 14:07:24.293, 298.74, 100, 74232, 73
2026/07/29 14:07:25.330, 293.72, 100, 74232, 73
2026/07/29 14:07:26.367, 294.03, 100, 74232, 74
2026/07/29 14:07:27.405, 293.96, 100, 74232, 74
2026/07/29 14:07:28.443, 301.14, 100, 74232, 74
2026/07/29 14:07:29.481, 295.09, 100, 74232, 74
2026/07/29 14:07:30.518, 302.37, 100, 74232, 74
2026/07/29 14:07:31.557, 303.25, 100, 74232, 74
2026/07/29 14:07:32.595, 304.23, 100, 74232, 73
2026/07/29 14:07:33.632, 298.91, 100, 74232, 73
2026/07/29 14:07:34.670, 296.86, 100, 74232, 73
2026/07/29 14:07:35.707, 302.38, 100, 74232, 73
2026/07/29 14:07:36.745, 299.09, 100, 74232, 73
2026/07/29 14:07:37.782, 300.09, 100, 74232, 73
2026/07/29 14:07:38.820, 302.57, 100, 74232, 73
2026/07/29 14:07:39.858, 303.25, 100, 74232, 73
2026/07/29 14:07:40.896, 302.95, 100, 74232, 73
2026/07/29 14:07:41.935, 302.57, 100, 74232, 73
2026/07/29 14:07:42.972, 299.93, 100, 74232, 73
2026/07/29 14:07:44.010, 292.09, 100, 74232, 73
2026/07/29 14:07:45.047, 292.10, 100, 74232, 73
2026/07/29 14:07:46.085, 293.46, 100, 74232, 73
2026/07/29 14:07:47.123, 292.98, 100, 74232, 73
2026/07/29 14:07:48.163, 295.01, 100, 74232, 73
2026/07/29 14:07:49.201, 295.89, 100, 74232, 73
2026/07/29 14:07:50.241, 293.74, 100, 74232, 73
2026/07/29 14:07:51.278, 294.42, 100, 74232, 73
2026/07/29 14:07:52.318, 295.39, 100, 74232, 73
2026/07/29 14:07:53.355, 301.90, 100, 74232, 73
2026/07/29 14:07:54.392, 298.22, 100, 74232, 73
2026/07/29 14:07:55.429, 297.89, 100, 74232, 73
2026/07/29 14:07:56.467, 302.58, 100, 74232, 73
2026/07/29 14:07:57.505, 302.58, 100, 74232, 73
2026/07/29 14:07:58.543, 300.42, 100, 74232, 73
2026/07/29 14:07:59.579, 299.06, 100, 74232, 72
2026/07/29 14:08:00.618, 300.41, 100, 74232, 72
2026/07/29 14:08:01.657, 301.58, 100, 74232, 72
2026/07/29 14:08:02.695, 300.32, 100, 74232, 72
2026/07/29 14:08:03.736, 301.62, 100, 74232, 72
2026/07/29 14:08:04.772, 301.47, 100, 74232, 72
2026/07/29 14:08:05.813, 297.42, 100, 74232, 72
2026/07/29 14:08:06.851, 301.63, 100, 74232, 72
2026/07/29 14:08:07.888, 297.23, 100, 74232, 72
2026/07/29 14:08:08.926, 299.36, 100, 74232, 72
2026/07/29 14:08:09.963, 297.82, 100, 74232, 72
2026/07/29 14:08:11.001, 299.76, 100, 74232, 72
2026/07/29 14:08:12.038, 301.10, 100, 74232, 72
2026/07/29 14:08:13.076, 307.01, 100, 74232, 72
2026/07/29 14:08:14.113, 301.02, 100, 74232, 72
2026/07/29 14:08:15.153, 307.10, 100, 74232, 72
2026/07/29 14:08:16.191, 300.61, 100, 74232, 72
2026/07/29 14:08:17.228, 291.99, 100, 74232, 72
2026/07/29 14:08:18.266, 298.80, 100, 74232, 72
2026/07/29 14:08:19.304, 296.08, 100, 74232, 72
2026/07/29 14:08:20.342, 303.34, 100, 74232, 72
2026/07/29 14:08:21.378, 301.41, 100, 74232, 72
2026/07/29 14:08:22.415, 295.50, 100, 74232, 72
2026/07/29 14:08:23.452, 303.71, 100, 74232, 72
2026/07/29 14:08:24.493, 289.65, 100, 74232, 72
2026/07/29 14:08:25.531, 297.06, 100, 74232, 72
2026/07/29 14:08:26.569, 295.19, 100, 74232, 71
2026/07/29 14:08:27.607, 299.96, 100, 74232, 72
2026/07/29 14:08:28.643, 299.96, 100, 74232, 72
2026/07/29 14:08:29.681, 296.24, 100, 74232, 72
2026/07/29 14:08:30.718, 301.21, 100, 74232, 72
2026/07/29 14:08:31.756, 294.05, 100, 74232, 72
2026/07/29 14:08:32.795, 299.92, 100, 74232, 72
2026/07/29 14:08:33.833, 298.51, 100, 74232, 72
2026/07/29 14:08:34.869, 300.63, 100, 74232, 72
2026/07/29 14:08:35.908, 300.73, 100, 74232, 72
2026/07/29 14:08:36.948, 300.14, 100, 74232, 72
2026/07/29 14:08:37.986, 300.51, 100, 74232, 72
2026/07/29 14:08:39.023, 301.22, 100, 74232, 72
2026/07/29 14:08:40.062, 300.86, 100, 74232, 72
2026/07/29 14:08:41.099, 301.32, 100, 74232, 72
2026/07/29 14:08:42.139, 295.22, 100, 74232, 72
2026/07/29 14:08:43.178, 301.76, 100, 74232, 72
2026/07/29 14:08:44.215, 295.20, 100, 74232, 72
2026/07/29 14:08:45.254, 299.27, 100, 74232, 72
2026/07/29 14:08:46.290, 300.13, 100, 74232, 72
2026/07/29 14:08:47.331, 299.65, 100, 74232, 72
2026/07/29 14:08:48.369, 301.04, 100, 74232, 72
2026/07/29 14:08:49.406, 301.89, 100, 74232, 72
2026/07/29 14:08:50.443, 301.01, 100, 74232, 72
2026/07/29 14:08:51.481, 301.53, 100, 74232, 72
2026/07/29 14:08:52.519, 302.08, 100, 74232, 72
2026/07/29 14:08:53.556, 303.91, 100, 74232, 72
2026/07/29 14:08:54.593, 308.65, 100, 74232, 72
2026/07/29 14:08:55.634, 302.60, 100, 74232, 72
2026/07/29 14:08:56.672, 301.74, 100, 74232, 72
2026/07/29 14:08:57.711, 302.55, 100, 74232, 72
2026/07/29 14:08:58.749, 296.86, 100, 74232, 72
2026/07/29 14:08:59.787, 301.97, 100, 74232, 73
2026/07/29 14:09:00.824, 302.28, 100, 74232, 73
2026/07/29 14:09:01.861, 298.37, 100, 74232, 73
2026/07/29 14:09:02.899, 302.57, 100, 74232, 72
2026/07/29 14:09:03.937, 301.68, 100, 74232, 72
2026/07/29 14:09:04.977, 298.57, 100, 74232, 72
2026/07/29 14:09:06.015, 301.97, 100, 74232, 72
2026/07/29 14:09:07.054, 301.98, 100, 74232, 72
2026/07/29 14:09:08.091, 298.47, 100, 74232, 72
2026/07/29 14:09:09.128, 299.00, 100, 74232, 72
2026/07/29 14:09:10.167, 297.70, 100, 74232, 72
2026/07/29 14:09:11.203, 297.93, 100, 74232, 72
2026/07/29 14:09:12.243, 298.18, 100, 74232, 72
2026/07/29 14:09:13.280, 296.85, 100, 74232, 71
2026/07/29 14:09:14.317, 298.48, 100, 74232, 71
2026/07/29 14:09:15.355, 297.81, 100, 74232, 71
2026/07/29 14:09:16.392, 297.80, 100, 74232, 71
2026/07/29 14:09:17.429, 298.11, 100, 74232, 71
2026/07/29 14:09:18.467, 298.39, 100, 74232, 71
2026/07/29 14:09:19.505, 300.93, 100, 74232, 71
2026/07/29 14:09:20.542, 299.08, 100, 74232, 71
2026/07/29 14:09:21.583, 299.94, 100, 74232, 71
2026/07/29 14:09:22.621, 298.30, 100, 74232, 71
2026/07/29 14:09:23.660, 299.10, 100, 74232, 71
2026/07/29 14:09:24.697, 295.32, 100, 74232, 70
2026/07/29 14:09:25.735, 295.96, 100, 74232, 70
2026/07/29 14:09:26.773, 293.15, 100, 74232, 70
2026/07/29 14:09:27.813, 296.95, 100, 74232, 70
2026/07/29 14:09:28.850, 297.42, 100, 74232, 70
2026/07/29 14:09:29.888, 303.45, 100, 74232, 70
2026/07/29 14:09:30.928, 297.23, 100, 74232, 70
2026/07/29 14:09:31.967, 298.23, 100, 74232, 70
2026/07/29 14:09:33.005, 304.28, 100, 74232, 70
2026/07/29 14:09:34.042, 297.53, 100, 74232, 70
2026/07/29 14:09:35.080, 292.55, 100, 74232, 70
2026/07/29 14:09:36.117, 294.42, 100, 74232, 70
2026/07/29 14:09:37.153, 298.21, 100, 74232, 70
2026/07/29 14:09:38.191, 301.87, 100, 74232, 70
2026/07/29 14:09:39.228, 302.54, 100, 74232, 70
2026/07/29 14:09:40.266, 295.18, 100, 74232, 69
2026/07/29 14:09:41.303, 302.47, 100, 74232, 69
2026/07/29 14:09:42.344, 303.33, 100, 74232, 69
2026/07/29 14:09:43.382, 303.21, 100, 74232, 69
2026/07/29 14:09:44.421, 302.92, 100, 74232, 69
2026/07/29 14:09:45.458, 302.83, 100, 74232, 69
2026/07/29 14:09:46.495, 302.45, 100, 74232, 69
2026/07/29 14:09:47.532, 303.49, 100, 74232, 69
2026/07/29 14:09:48.569, 95.40, 47, 74232, 66
2026/07/29 14:09:49.602, 302.42, 100, 74232, 71
2026/07/29 14:09:50.638, 308.75, 100, 74232, 71
2026/07/29 14:09:51.680, 295.81, 100, 74232, 70
2026/07/29 14:09:52.714, 296.36, 100, 74232, 70
2026/07/29 14:09:53.749, 289.55, 100, 74232, 70
2026/07/29 14:09:54.789, 289.38, 100, 74232, 70
2026/07/29 14:09:55.823, 245.77, 100, 74232, 69
2026/07/29 14:09:56.862, 289.18, 100, 74232, 69
2026/07/29 14:09:57.899, 295.79, 100, 74232, 69
2026/07/29 14:09:58.938, 305.27, 100, 74232, 69
2026/07/29 14:09:59.975, 303.45, 100, 74232, 69
2026/07/29 14:10:01.012, 293.75, 100, 74232, 70
2026/07/29 14:10:02.048, 290.63, 100, 74232, 70
2026/07/29 14:10:03.087, 296.55, 100, 74232, 70
2026/07/29 14:10:04.124, 297.46, 100, 74232, 70
2026/07/29 14:10:05.162, 298.60, 100, 74232, 70
2026/07/29 14:10:06.199, 293.26, 100, 74232, 70
2026/07/29 14:10:07.236, 296.06, 100, 74232, 70
2026/07/29 14:10:08.274, 296.17, 100, 74232, 71
2026/07/29 14:10:09.311, 298.32, 100, 74232, 71
2026/07/29 14:10:10.348, 290.83, 100, 74232, 71
2026/07/29 14:10:11.384, 300.72, 100, 74232, 71
2026/07/29 14:10:12.421, 294.32, 100, 74232, 71
2026/07/29 14:10:13.459, 298.50, 100, 74232, 71
2026/07/29 14:10:14.497, 298.61, 100, 74232, 71
2026/07/29 14:10:15.533, 295.50, 100, 74232, 71
2026/07/29 14:10:16.570, 291.30, 100, 74232, 71
2026/07/29 14:10:17.607, 299.57, 100, 74232, 71
2026/07/29 14:10:18.644, 299.49, 100, 74232, 71
2026/07/29 14:10:19.680, 297.32, 100, 74232, 72
2026/07/29 14:10:20.718, 298.20, 100, 74232, 72
2026/07/29 14:10:21.754, 298.41, 100, 74232, 72
2026/07/29 14:10:22.792, 299.77, 100, 74232, 72
2026/07/29 14:10:23.830, 296.45, 100, 74232, 72
2026/07/29 14:10:24.871, 302.17, 100, 74232, 72
2026/07/29 14:10:25.910, 298.43, 100, 74232, 72
2026/07/29 14:10:26.948, 299.74, 100, 74232, 72
2026/07/29 14:10:27.991, 293.46, 100, 74232, 72
2026/07/29 14:10:29.029, 294.21, 100, 74232, 72
2026/07/29 14:10:30.066, 298.41, 100, 74232, 72
2026/07/29 14:10:31.104, 298.65, 100, 74232, 72
2026/07/29 14:10:32.142, 301.32, 100, 74232, 72
2026/07/29 14:10:33.181, 296.16, 100, 74232, 72
2026/07/29 14:10:34.219, 302.78, 100, 74232, 72
2026/07/29 14:10:35.258, 295.96, 100, 74232, 72
2026/07/29 14:10:36.295, 301.22, 100, 74232, 72
2026/07/29 14:10:37.333, 297.51, 100, 74232, 72
2026/07/29 14:10:38.370, 296.26, 100, 74232, 73
2026/07/29 14:10:39.407, 299.57, 100, 74232, 73
2026/07/29 14:10:40.445, 302.20, 100, 74232, 73
2026/07/29 14:10:41.482, 301.40, 100, 74232, 73
2026/07/29 14:10:42.520, 297.43, 100, 74232, 73
2026/07/29 14:10:43.558, 300.92, 100, 74232, 73
2026/07/29 14:10:44.596, 299.37, 100, 74232, 73
2026/07/29 14:10:45.635, 301.67, 100, 74232, 73
2026/07/29 14:10:46.672, 301.74, 100, 74232, 73
2026/07/29 14:10:47.710, 302.18, 100, 74232, 73
2026/07/29 14:10:48.747, 298.90, 100, 74232, 73
2026/07/29 14:10:49.787, 300.84, 100, 74232, 73
2026/07/29 14:10:50.824, 301.53, 100, 74232, 73
2026/07/29 14:10:51.863, 302.23, 100, 74232, 73
2026/07/29 14:10:52.901, 298.86, 100, 74232, 73
2026/07/29 14:10:53.940, 300.64, 100, 74232, 73
2026/07/29 14:10:54.977, 301.03, 100, 74232, 73
2026/07/29 14:10:56.015, 300.72, 100, 74232, 73
2026/07/29 14:10:57.052, 298.53, 100, 74232, 73
2026/07/29 14:10:58.089, 298.00, 100, 74232, 73
2026/07/29 14:10:59.127, 293.83, 100, 74232, 73
2026/07/29 14:11:00.164, 294.52, 100, 74232, 73
2026/07/29 14:11:01.202, 293.86, 100, 74232, 73
2026/07/29 14:11:02.238, 298.41, 100, 74232, 73
2026/07/29 14:11:03.276, 299.07, 100, 74232, 73
2026/07/29 14:11:04.313, 293.57, 100, 74232, 73
2026/07/29 14:11:05.355, 300.84, 100, 74232, 73
2026/07/29 14:11:06.392, 302.17, 100, 74232, 73
2026/07/29 14:11:07.429, 295.69, 100, 74232, 73
2026/07/29 14:11:08.466, 303.80, 100, 74232, 73
2026/07/29 14:11:09.502, 300.72, 100, 74232, 73
2026/07/29 14:11:10.538, 301.83, 100, 74232, 73
2026/07/29 14:11:11.573, 301.23, 100, 74232, 73
2026/07/29 14:11:12.609, 301.59, 100, 74232, 73
2026/07/29 14:11:13.648, 297.52, 100, 74232, 73
2026/07/29 14:11:14.685, 298.37, 100, 74232, 73
2026/07/29 14:11:15.722, 299.78, 100, 74232, 73
2026/07/29 14:11:16.759, 301.70, 100, 74232, 73
2026/07/29 14:11:17.796, 302.56, 100, 74232, 73
2026/07/29 14:11:18.836, 302.64, 100, 74232, 73
2026/07/29 14:11:19.872, 298.40, 100, 74232, 73
2026/07/29 14:11:20.911, 301.60, 100, 74232, 73
2026/07/29 14:11:21.949, 300.33, 100, 74232, 73
2026/07/29 14:11:22.987, 302.18, 100, 74232, 73
2026/07/29 14:11:24.025, 302.48, 100, 74232, 73
2026/07/29 14:11:25.065, 302.10, 100, 74232, 73
2026/07/29 14:11:26.103, 298.37, 100, 74232, 73
2026/07/29 14:11:27.141, 302.17, 100, 74232, 73
2026/07/29 14:11:28.180, 301.43, 100, 74232, 73
2026/07/29 14:11:29.218, 301.88, 100, 74232, 73
2026/07/29 14:11:30.255, 302.96, 100, 74232, 73
2026/07/29 14:11:31.293, 302.36, 100, 74232, 73
2026/07/29 14:11:32.330, 296.96, 100, 74232, 73
2026/07/29 14:11:33.370, 301.09, 100, 74232, 73
2026/07/29 14:11:34.408, 300.06, 100, 74232, 73
2026/07/29 14:11:35.446, 301.43, 100, 74232, 73
2026/07/29 14:11:36.483, 302.96, 100, 74232, 73
2026/07/29 14:11:37.522, 302.87, 100, 74232, 73
2026/07/29 14:11:38.560, 298.20, 100, 74232, 73
2026/07/29 14:11:39.597, 296.66, 100, 74232, 73
2026/07/29 14:11:40.634, 302.70, 100, 74232, 73
2026/07/29 14:11:41.677, 294.90, 100, 74232, 73
2026/07/29 14:11:42.714, 295.29, 100, 74232, 73
2026/07/29 14:11:43.755, 293.44, 100, 74232, 73
2026/07/29 14:11:44.793, 299.69, 100, 74232, 73
2026/07/29 14:11:45.829, 302.07, 100, 74232, 73
2026/07/29 14:11:46.868, 291.71, 100, 74232, 73
2026/07/29 14:11:47.906, 302.27, 100, 74232, 73
2026/07/29 14:11:48.944, 298.81, 100, 74232, 73
2026/07/29 14:11:49.981, 299.86, 100, 74232, 73
2026/07/29 14:11:51.020, 299.09, 100, 74232, 73
2026/07/29 14:11:52.058, 297.92, 100, 74232, 73
2026/07/29 14:11:53.095, 297.13, 100, 74232, 73
2026/07/29 14:11:54.133, 296.57, 100, 74232, 73
2026/07/29 14:11:55.170, 302.69, 100, 74232, 73
2026/07/29 14:11:56.209, 299.28, 100, 74232, 73
2026/07/29 14:11:57.246, 301.50, 100, 74232, 73
2026/07/29 14:11:58.284, 301.02, 100, 74232, 73
2026/07/29 14:11:59.322, 302.36, 100, 74232, 73
2026/07/29 14:12:00.361, 303.04, 100, 74232, 73
2026/07/29 14:12:01.400, 297.74, 100, 74232, 75
2026/07/29 14:12:02.436, 301.19, 100, 74232, 73
2026/07/29 14:12:03.472, 302.52, 100, 74232, 73
2026/07/29 14:12:04.509, 301.30, 100, 74232, 73
2026/07/29 14:12:05.546, 302.17, 100, 74232, 73
2026/07/29 14:12:06.585, 298.39, 100, 74232, 73
2026/07/29 14:12:07.623, 302.18, 100, 74232, 73
2026/07/29 14:12:08.661, 301.89, 100, 74232, 73
2026/07/29 14:12:09.698, 297.95, 100, 74232, 74
2026/07/29 14:12:10.736, 300.85, 100, 74232, 74
2026/07/29 14:12:11.775, 297.24, 100, 74232, 74
2026/07/29 14:12:12.813, 299.66, 100, 74232, 74
2026/07/29 14:12:13.851, 299.45, 100, 74232, 74
2026/07/29 14:12:14.888, 295.39, 100, 74232, 74
2026/07/29 14:12:15.925, 300.25, 100, 74232, 74
2026/07/29 14:12:16.963, 300.05, 100, 74232, 74
2026/07/29 14:12:18.001, 287.11, 100, 74232, 73
2026/07/29 14:12:19.039, 290.06, 100, 74232, 73
2026/07/29 14:12:20.077, 291.90, 100, 74232, 73
2026/07/29 14:12:21.118, 289.95, 100, 74232, 73
2026/07/29 14:12:22.158, 296.67, 100, 74232, 74
2026/07/29 14:12:23.198, 292.85, 100, 74232, 73
2026/07/29 14:12:24.237, 290.64, 100, 74232, 73
2026/07/29 14:12:25.275, 291.63, 100, 74232, 73
2026/07/29 14:12:26.313, 295.78, 100, 74232, 73
2026/07/29 14:12:27.350, 293.36, 100, 74232, 74
2026/07/29 14:12:28.387, 298.02, 100, 74232, 74
2026/07/29 14:12:29.425, 301.48, 100, 74232, 74
2026/07/29 14:12:30.461, 299.89, 100, 74232, 74
2026/07/29 14:12:31.499, 299.26, 100, 74232, 74
2026/07/29 14:12:32.537, 300.42, 100, 74232, 74
2026/07/29 14:12:33.576, 301.38, 100, 74232, 74
2026/07/29 14:12:34.614, 300.90, 100, 74232, 74
2026/07/29 14:12:35.651, 302.65, 100, 74232, 74
2026/07/29 14:12:36.689, 301.09, 100, 74232, 74
2026/07/29 14:12:37.727, 300.91, 100, 74232, 74
2026/07/29 14:12:38.765, 302.66, 100, 74232, 74
2026/07/29 14:12:39.802, 303.81, 100, 74232, 74
2026/07/29 14:12:40.844, 298.12, 100, 74232, 74
2026/07/29 14:12:41.883, 294.02, 100, 74232, 73
2026/07/29 14:12:42.921, 294.91, 100, 74232, 73
2026/07/29 14:12:43.964, 294.04, 100, 74232, 73
2026/07/29 14:12:45.002, 298.70, 100, 74232, 74
2026/07/29 14:12:46.047, 295.70, 100, 74232, 74
2026/07/29 14:12:47.086, 301.62, 100, 74232, 74
2026/07/29 14:12:48.124, 297.70, 100, 74232, 74
2026/07/29 14:12:49.170, 301.08, 100, 74232, 74
2026/07/29 14:12:50.209, 302.56, 100, 74232, 74
2026/07/29 14:12:51.246, 302.17, 100, 74232, 74
2026/07/29 14:12:52.285, 302.18, 100, 74232, 74
2026/07/29 14:12:53.323, 300.95, 100, 74232, 74
2026/07/29 14:12:54.359, 302.47, 100, 74232, 74
2026/07/29 14:12:55.396, 302.27, 100, 74232, 74
2026/07/29 14:12:56.434, 301.43, 100, 74232, 74
2026/07/29 14:12:57.471, 301.68, 100, 74232, 74
2026/07/29 14:12:58.508, 300.06, 100, 74232, 74
2026/07/29 14:12:59.544, 299.76, 100, 74232, 74
2026/07/29 14:13:00.581, 300.04, 100, 74232, 74
2026/07/29 14:13:01.619, 299.25, 100, 74232, 74
2026/07/29 14:13:02.657, 300.06, 100, 74232, 74
2026/07/29 14:13:03.696, 296.26, 100, 74232, 74
2026/07/29 14:13:04.734, 300.33, 100, 74232, 74
2026/07/29 14:13:05.772, 300.26, 100, 74232, 74
2026/07/29 14:13:06.810, 303.33, 100, 74232, 74
2026/07/29 14:13:07.848, 296.37, 100, 74232, 74
2026/07/29 14:13:08.887, 298.60, 100, 74232, 74
2026/07/29 14:13:09.925, 301.23, 100, 74232, 74
2026/07/29 14:13:10.963, 303.44, 100, 74232, 74
2026/07/29 14:13:12.001, 303.39, 100, 74232, 74
2026/07/29 14:13:13.039, 300.84, 100, 74232, 74
2026/07/29 14:13:14.077, 302.76, 100, 74232, 74
2026/07/29 14:13:15.115, 301.71, 100, 74232, 74
2026/07/29 14:13:16.154, 296.86, 100, 74232, 74
2026/07/29 14:13:17.193, 301.89, 100, 74232, 74
2026/07/29 14:13:18.231, 294.91, 100, 74232, 74
2026/07/29 14:13:19.269, 292.40, 100, 74232, 74
2026/07/29 14:13:20.311, 298.02, 100, 74232, 74
2026/07/29 14:13:21.349, 298.51, 100, 74232, 74
2026/07/29 14:13:22.387, 299.25, 100, 74232, 74
2026/07/29 14:13:23.426, 298.32, 100, 74232, 74
2026/07/29 14:13:24.464, 298.52, 100, 74232, 74
2026/07/29 14:13:25.502, 296.84, 100, 74232, 74
2026/07/29 14:13:26.540, 302.47, 100, 74232, 74
2026/07/29 14:13:27.577, 301.70, 100, 74232, 74
2026/07/29 14:13:28.615, 301.60, 100, 74232, 74
2026/07/29 14:13:29.653, 301.53, 100, 74232, 74
2026/07/29 14:13:30.693, 301.58, 100, 74232, 74
2026/07/29 14:13:31.732, 302.27, 100, 74232, 74
2026/07/29 14:13:32.771, 299.19, 100, 74232, 74
2026/07/29 14:13:33.810, 301.02, 100, 74232, 74
2026/07/29 14:13:34.848, 300.82, 100, 74232, 74
2026/07/29 14:13:35.885, 296.29, 100, 74232, 75
2026/07/29 14:13:36.922, 291.48, 100, 74232, 75
2026/07/29 14:13:37.958, 296.96, 100, 74232, 75
2026/07/29 14:13:38.992, 280.33, 100, 74232, 75
2026/07/29 14:13:40.029, 305.97, 100, 74232, 75
2026/07/29 14:13:41.071, 274.49, 100, 74232, 75
2026/07/29 14:13:42.106, 297.34, 100, 74232, 74
2026/07/29 14:13:43.145, 298.29, 100, 74232, 74
2026/07/29 14:13:44.183, 302.29, 100, 74232, 74
2026/07/29 14:13:45.224, 299.96, 100, 74232, 76
2026/07/29 14:13:46.259, 286.92, 100, 74232, 76
2026/07/29 14:13:47.295, 298.74, 100, 74232, 76
2026/07/29 14:13:48.328, 312.23, 100, 74232, 76
2026/07/29 14:13:49.362, 325.47, 100, 74232, 76
2026/07/29 14:13:50.398, 296.75, 100, 74232, 76
2026/07/29 14:13:51.435, 273.46, 100, 74232, 76
2026/07/29 14:13:52.469, 304.55, 100, 74232, 74
2026/07/29 14:13:53.507, 303.25, 100, 74232, 74
2026/07/29 14:13:54.552, 294.93, 100, 74232, 74
2026/07/29 14:13:55.591, 295.90, 100, 74232, 74
2026/07/29 14:13:56.631, 300.74, 100, 74232, 76
2026/07/29 14:13:57.667, 295.32, 100, 74232, 76
2026/07/29 14:13:58.705, 282.81, 100, 74232, 76
2026/07/29 14:13:59.739, 280.73, 100, 74232, 76
2026/07/29 14:14:00.774, 293.53, 100, 74232, 76
2026/07/29 14:14:01.808, 294.32, 100, 74232, 76
2026/07/29 14:14:02.843, 311.97, 100, 74232, 76
2026/07/29 14:14:03.884, 304.99, 100, 74232, 75
2026/07/29 14:14:04.922, 305.48, 100, 74232, 75
2026/07/29 14:14:05.961, 305.48, 100, 74232, 75
2026/07/29 14:14:06.999, 302.09, 100, 74232, 75
2026/07/29 14:14:08.036, 299.54, 100, 74232, 76
2026/07/29 14:14:09.073, 295.11, 100, 74232, 75
2026/07/29 14:14:10.110, 291.50, 100, 74232, 74
2026/07/29 14:14:11.151, 291.33, 100, 74232, 75
2026/07/29 14:14:12.190, 296.25, 100, 74232, 75
2026/07/29 14:14:13.227, 296.67, 100, 74232, 75
2026/07/29 14:14:14.265, 298.50, 100, 74232, 75
2026/07/29 14:14:15.302, 297.23, 100, 74232, 75
2026/07/29 14:14:16.343, 297.54, 100, 74232, 75
2026/07/29 14:14:17.383, 297.64, 100, 74232, 75
2026/07/29 14:14:18.420, 301.21, 100, 74232, 75
2026/07/29 14:14:19.458, 303.39, 100, 74232, 75
2026/07/29 14:14:20.495, 297.94, 100, 74232, 75
2026/07/29 14:14:21.535, 304.10, 100, 74232, 75
2026/07/29 14:14:22.572, 304.45, 100, 74232, 75
2026/07/29 14:14:23.609, 294.05, 100, 74232, 75
2026/07/29 14:14:24.648, 304.61, 100, 74232, 74
2026/07/29 14:14:25.686, 299.31, 100, 74232, 74
2026/07/29 14:14:26.725, 302.28, 100, 74232, 74
2026/07/29 14:14:27.761, 303.25, 100, 74232, 74
2026/07/29 14:14:28.801, 294.82, 100, 74232, 74
2026/07/29 14:14:29.839, 299.97, 100, 74232, 74
2026/07/29 14:14:30.876, 301.24, 100, 74232, 74
2026/07/29 14:14:31.914, 299.00, 100, 74232, 74
2026/07/29 14:14:32.951, 287.34, 100, 74232, 74
2026/07/29 14:14:33.992, 295.31, 100, 74232, 74
2026/07/29 14:14:35.029, 291.92, 100, 74232, 74
2026/07/29 14:14:36.070, 293.54, 100, 74232, 74
2026/07/29 14:14:37.108, 301.11, 100, 74232, 74
2026/07/29 14:14:38.146, 291.97, 100, 74232, 74
2026/07/29 14:14:39.186, 294.03, 100, 74232, 74
2026/07/29 14:14:40.225, 291.71, 100, 74232, 74
2026/07/29 14:14:41.263, 297.53, 100, 74232, 74
2026/07/29 14:14:42.300, 286.74, 100, 74232, 74
2026/07/29 14:14:43.338, 290.15, 100, 74232, 74
2026/07/29 14:14:44.377, 297.62, 100, 74232, 74
2026/07/29 14:14:45.415, 296.86, 100, 74232, 74
2026/07/29 14:14:46.453, 301.51, 100, 74232, 74
2026/07/29 14:14:47.490, 295.19, 100, 74232, 74
2026/07/29 14:14:48.529, 294.90, 100, 74232, 74
2026/07/29 14:14:49.568, 298.12, 100, 74232, 74
2026/07/29 14:14:50.606, 302.17, 100, 74232, 74
2026/07/29 14:14:51.644, 301.61, 100, 74232, 74
2026/07/29 14:14:52.683, 296.75, 100, 74232, 74
2026/07/29 14:14:53.720, 294.34, 100, 74232, 74
2026/07/29 14:14:54.758, 291.01, 100, 74232, 74
2026/07/29 14:14:55.794, 290.34, 100, 74232, 74
2026/07/29 14:14:56.833, 293.33, 100, 74232, 74
2026/07/29 14:14:57.872, 292.76, 100, 74232, 74
2026/07/29 14:14:58.911, 294.71, 100, 74232, 74
2026/07/29 14:14:59.949, 291.12, 100, 74232, 74
2026/07/29 14:15:00.987, 293.75, 100, 74232, 74
2026/07/29 14:15:02.025, 294.91, 100, 74232, 74
2026/07/29 14:15:03.062, 294.83, 100, 74232, 74
2026/07/29 14:15:04.102, 301.45, 100, 74232, 74
2026/07/29 14:15:05.140, 302.77, 100, 74232, 74
2026/07/29 14:15:06.179, 306.36, 100, 74232, 74
2026/07/29 14:15:07.216, 301.11, 100, 74232, 74
2026/07/29 14:15:08.254, 301.11, 100, 74232, 74
2026/07/29 14:15:09.291, 296.26, 100, 74232, 74
2026/07/29 14:15:10.329, 296.46, 100, 74232, 74
2026/07/29 14:15:11.367, 302.27, 100, 74232, 74
2026/07/29 14:15:12.405, 302.49, 100, 74232, 74
2026/07/29 14:15:13.443, 302.07, 100, 74232, 74
2026/07/29 14:15:14.484, 294.72, 100, 74232, 74
2026/07/29 14:15:15.521, 292.47, 100, 74232, 74
2026/07/29 14:15:16.558, 300.71, 100, 74232, 74
2026/07/29 14:15:17.597, 297.05, 100, 74232, 74
2026/07/29 14:15:18.635, 299.06, 100, 74232, 74
2026/07/29 14:15:19.676, 300.74, 100, 74232, 74
2026/07/29 14:15:20.715, 302.89, 100, 74232, 74
2026/07/29 14:15:21.752, 298.74, 100, 74232, 74
2026/07/29 14:15:22.790, 297.64, 100, 74232, 74
2026/07/29 14:15:23.828, 302.32, 100, 74232, 74
2026/07/29 14:15:24.866, 302.85, 100, 74232, 74
2026/07/29 14:15:25.904, 302.47, 100, 74232, 74
2026/07/29 14:15:26.940, 301.49, 100, 74232, 74
2026/07/29 14:15:27.978, 302.47, 100, 74232, 74
2026/07/29 14:15:29.015, 301.70, 100, 74232, 74
2026/07/29 14:15:30.052, 300.26, 100, 74232, 74
2026/07/29 14:15:31.090, 300.24, 100, 74232, 74
2026/07/29 14:15:32.128, 300.83, 100, 74232, 74
2026/07/29 14:15:33.165, 299.67, 100, 74232, 74
2026/07/29 14:15:34.207, 301.03, 100, 74232, 74
2026/07/29 14:15:35.243, 300.24, 100, 74232, 74
2026/07/29 14:15:36.281, 300.24, 100, 74232, 74
2026/07/29 14:15:37.319, 297.32, 100, 74232, 74
2026/07/29 14:15:38.356, 297.91, 100, 74232, 74
2026/07/29 14:15:39.397, 301.05, 98, 74232, 75
2026/07/29 14:15:40.431, 286.25, 100, 74232, 75
2026/07/29 14:15:41.467, 298.88, 100, 74232, 75
2026/07/29 14:15:42.505, 298.90, 100, 74232, 75
2026/07/29 14:15:43.540, 309.93, 100, 74232, 75
2026/07/29 14:15:44.582, 308.08, 100, 74232, 75
2026/07/29 14:15:45.617, 302.89, 100, 74232, 74
2026/07/29 14:15:46.655, 300.45, 100, 74232, 74
2026/07/29 14:15:47.692, 300.25, 100, 74232, 74
2026/07/29 14:15:48.730, 302.80, 100, 74232, 74
2026/07/29 14:15:49.768, 294.54, 100, 74232, 75
2026/07/29 14:15:50.874, 316.20, 100, 74232, 75
2026/07/29 14:15:51.908, 303.05, 100, 74232, 75
2026/07/29 14:15:52.945, 308.27, 100, 74232, 75
2026/07/29 14:15:53.981, 296.93, 100, 74232, 75
2026/07/29 14:15:55.015, 308.83, 100, 74232, 76
2026/07/29 14:15:56.053, 301.90, 100, 74232, 74
2026/07/29 14:15:57.090, 303.25, 100, 74232, 74
2026/07/29 14:15:58.127, 300.61, 100, 74232, 74
2026/07/29 14:15:59.164, 100.27, 0, 74232, 74
2026/07/29 14:16:00.199, 302.93, 100, 74232, 75
2026/07/29 14:16:01.235, 302.21, 100, 74232, 75
2026/07/29 14:16:02.270, 298.11, 100, 74232, 75
2026/07/29 14:16:03.305, 301.20, 100, 74232, 76
2026/07/29 14:16:04.341, 269.86, 100, 74232, 75
2026/07/29 14:16:05.380, 287.76, 100, 74232, 76
2026/07/29 14:16:06.421, 301.20, 100, 74232, 74
2026/07/29 14:16:07.461, 289.01, 100, 74232, 74
2026/07/29 14:16:08.499, 293.08, 100, 74232, 74
2026/07/29 14:16:09.537, 294.23, 100, 74232, 76
2026/07/29 14:16:10.572, 288.67, 100, 74232, 76
2026/07/29 14:16:11.608, 294.11, 100, 74232, 76
2026/07/29 14:16:12.643, 290.62, 100, 74232, 76
2026/07/29 14:16:13.687, 289.28, 100, 74232, 76
2026/07/29 14:16:14.723, 273.42, 100, 74232, 76
2026/07/29 14:16:15.759, 287.45, 100, 74232, 75
2026/07/29 14:16:16.799, 291.61, 100, 74232, 74
2026/07/29 14:16:17.837, 295.70, 100, 74232, 75
2026/07/29 14:16:18.875, 298.70, 100, 74232, 75
2026/07/29 14:16:19.912, 293.74, 100, 74232, 75
2026/07/29 14:16:20.950, 296.67, 100, 74232, 75
2026/07/29 14:16:21.988, 297.45, 100, 74232, 75
2026/07/29 14:16:23.025, 305.46, 100, 74232, 75
2026/07/29 14:16:24.066, 296.75, 100, 74232, 75
2026/07/29 14:16:25.104, 298.98, 100, 74232, 75
2026/07/29 14:16:26.140, 301.49, 100, 74232, 75
2026/07/29 14:16:27.180, 306.74, 100, 74232, 75
2026/07/29 14:16:28.217, 286.64, 100, 74232, 75
2026/07/29 14:16:29.250, 277.03, 100, 74232, 76
2026/07/29 14:16:30.287, 296.76, 100, 74232, 77
2026/07/29 14:16:31.322, 287.73, 100, 74232, 76
2026/07/29 14:16:32.358, 314.46, 100, 74232, 77
2026/07/29 14:16:33.395, 291.90, 100, 74232, 76
2026/07/29 14:16:34.432, 274.75, 100, 74232, 76
2026/07/29 14:16:35.468, 292.29, 100, 74232, 75
2026/07/29 14:16:36.506, 289.96, 100, 74232, 75
2026/07/29 14:16:37.544, 293.15, 100, 74232, 75
2026/07/29 14:16:38.582, 100.52, 17, 74232, 72
2026/07/29 14:16:39.615, 304.31, 100, 74232, 76
2026/07/29 14:16:40.651, 299.56, 100, 74232, 76
2026/07/29 14:16:41.687, 300.76, 100, 74232, 76
2026/07/29 14:16:42.722, 305.49, 100, 74232, 76
2026/07/29 14:16:43.758, 290.03, 100, 74232, 76
2026/07/29 14:16:44.797, 289.35, 100, 74232, 76
2026/07/29 14:16:45.834, 293.46, 100, 74232, 76
2026/07/29 14:16:46.871, 305.29, 100, 74232, 75
2026/07/29 14:16:47.908, 307.63, 100, 74232, 75
2026/07/29 14:16:48.946, 303.06, 100, 74232, 75
2026/07/29 14:16:49.984, 296.08, 100, 74232, 75
2026/07/29 14:16:51.025, 299.74, 100, 74232, 75
2026/07/29 14:16:52.063, 298.39, 100, 74232, 75
2026/07/29 14:16:53.100, 297.72, 100, 74232, 75
2026/07/29 14:16:54.139, 301.22, 100, 74232, 75
2026/07/29 14:16:55.176, 299.27, 100, 74232, 75
2026/07/29 14:16:56.215, 300.02, 100, 74232, 75
2026/07/29 14:16:57.253, 298.87, 100, 74232, 75
2026/07/29 14:16:58.292, 297.25, 100, 74232, 75
2026/07/29 14:16:59.330, 302.27, 100, 74232, 75
2026/07/29 14:17:00.367, 303.13, 100, 74232, 75
2026/07/29 14:17:01.405, 302.93, 100, 74232, 75
2026/07/29 14:17:02.443, 303.15, 100, 74232, 75
2026/07/29 14:17:03.481, 303.76, 100, 74232, 75
2026/07/29 14:17:04.520, 302.40, 100, 74232, 75
2026/07/29 14:17:05.558, 303.70, 100, 74232, 74
2026/07/29 14:17:06.595, 299.56, 100, 74232, 74
2026/07/29 14:17:07.633, 302.47, 100, 74232, 74
2026/07/29 14:17:08.671, 303.82, 100, 74232, 74
2026/07/29 14:17:09.709, 289.95, 100, 74232, 74
2026/07/29 14:17:10.748, 291.13, 100, 74232, 74
2026/07/29 14:17:11.786, 294.22, 100, 74232, 74
2026/07/29 14:17:12.825, 294.25, 100, 74232, 74
2026/07/29 14:17:13.862, 290.17, 100, 74232, 74
2026/07/29 14:17:14.899, 293.85, 100, 74232, 74
2026/07/29 14:17:15.937, 296.56, 100, 74232, 74
2026/07/29 14:17:16.974, 294.42, 100, 74232, 74
2026/07/29 14:17:18.013, 295.29, 100, 74232, 74
2026/07/29 14:17:19.053, 294.70, 100, 74232, 74
2026/07/29 14:17:20.092, 301.79, 100, 74232, 74
2026/07/29 14:17:21.131, 303.59, 100, 74232, 74
2026/07/29 14:17:22.172, 302.32, 100, 74232, 74
2026/07/29 14:17:23.210, 303.81, 100, 74232, 74
2026/07/29 14:17:24.248, 302.93, 100, 74232, 74
2026/07/29 14:17:25.287, 299.26, 100, 74232, 74
2026/07/29 14:17:26.325, 304.30, 100, 74232, 74
2026/07/29 14:17:27.363, 306.61, 100, 74232, 74
2026/07/29 14:17:28.400, 295.57, 100, 74232, 74
2026/07/29 14:17:29.438, 302.76, 100, 74232, 74
2026/07/29 14:17:30.476, 298.00, 100, 74232, 74
2026/07/29 14:17:31.515, 295.79, 100, 74232, 74
2026/07/29 14:17:32.552, 299.45, 100, 74232, 74
2026/07/29 14:17:33.591, 299.47, 100, 74232, 74
2026/07/29 14:17:34.629, 298.31, 100, 74232, 74
2026/07/29 14:17:35.666, 302.17, 100, 74232, 74
2026/07/29 14:17:36.705, 299.65, 100, 74232, 74
2026/07/29 14:17:37.743, 301.34, 100, 74232, 74
2026/07/29 14:17:38.782, 301.09, 100, 74232, 74
2026/07/29 14:17:39.820, 292.58, 100, 74232, 74
2026/07/29 14:17:40.859, 293.07, 100, 74232, 74
2026/07/29 14:17:41.900, 302.02, 100, 74232, 74
2026/07/29 14:17:42.938, 289.00, 100, 74232, 74
2026/07/29 14:17:43.979, 290.07, 100, 74232, 74
2026/07/29 14:17:45.018, 294.33, 100, 74232, 74
2026/07/29 14:17:46.056, 293.35, 100, 74232, 74
2026/07/29 14:17:47.094, 302.26, 100, 74232, 74
2026/07/29 14:17:48.132, 301.61, 100, 74232, 74
2026/07/29 14:17:49.173, 300.82, 100, 74232, 74
2026/07/29 14:17:50.211, 301.43, 100, 74232, 74
2026/07/29 14:17:51.248, 303.99, 100, 74232, 74
2026/07/29 14:17:52.286, 301.20, 100, 74232, 74
2026/07/29 14:17:53.324, 302.77, 100, 74232, 74
2026/07/29 14:17:54.364, 302.09, 100, 74232, 74
2026/07/29 14:17:55.402, 300.71, 100, 74232, 74
2026/07/29 14:17:56.440, 295.20, 100, 74232, 74
2026/07/29 14:17:57.481, 293.45, 100, 74232, 74
2026/07/29 14:17:58.519, 293.64, 100, 74232, 74
2026/07/29 14:17:59.558, 293.35, 100, 74232, 74
2026/07/29 14:18:00.596, 297.33, 100, 74232, 74
2026/07/29 14:18:01.634, 292.64, 100, 74232, 74
2026/07/29 14:18:02.673, 290.46, 100, 74232, 74
2026/07/29 14:18:03.711, 293.74, 100, 74232, 74
2026/07/29 14:18:04.750, 297.43, 100, 74232, 74
2026/07/29 14:18:05.789, 293.66, 100, 74232, 74
2026/07/29 14:18:06.826, 295.62, 100, 74232, 74
2026/07/29 14:18:07.864, 290.84, 100, 74232, 74
2026/07/29 14:18:08.902, 301.98, 100, 74232, 74
2026/07/29 14:18:09.942, 302.37, 100, 74232, 74
2026/07/29 14:18:10.980, 302.57, 100, 74232, 74
2026/07/29 14:18:12.016, 302.60, 100, 74232, 74
2026/07/29 14:18:13.054, 300.95, 100, 74232, 74
2026/07/29 14:18:14.091, 302.59, 100, 74232, 74
2026/07/29 14:18:15.130, 301.01, 100, 74232, 74
2026/07/29 14:18:16.167, 301.92, 100, 74232, 74
2026/07/29 14:18:17.207, 296.84, 100, 74232, 74
2026/07/29 14:18:18.245, 301.22, 100, 74232, 74
2026/07/29 14:18:19.283, 293.74, 100, 74232, 74
2026/07/29 14:18:20.321, 301.59, 100, 74232, 74
2026/07/29 14:18:21.359, 302.19, 100, 74232, 74
2026/07/29 14:18:22.397, 297.70, 100, 74232, 74
2026/07/29 14:18:23.435, 295.30, 100, 74232, 74
2026/07/29 14:18:24.478, 295.49, 100, 74232, 74
2026/07/29 14:18:25.525, 298.31, 100, 74232, 74
2026/07/29 14:18:26.564, 300.44, 100, 74232, 74
2026/07/29 14:18:27.601, 301.40, 100, 74232, 74
2026/07/29 14:18:28.639, 299.56, 100, 74232, 74
2026/07/29 14:18:29.676, 302.36, 100, 74232, 74
2026/07/29 14:18:30.714, 298.96, 100, 74232, 74
2026/07/29 14:18:31.752, 297.33, 100, 74232, 74
2026/07/29 14:18:32.789, 299.82, 100, 74232, 74
2026/07/29 14:18:33.827, 297.32, 100, 74232, 74
2026/07/29 14:18:34.865, 298.31, 100, 74232, 74
2026/07/29 14:18:35.902, 303.15, 100, 74232, 74
2026/07/29 14:18:36.940, 100.69, 40, 74232, 75
2026/07/29 14:18:37.974, 295.77, 100, 74232, 76
2026/07/29 14:18:39.009, 300.22, 100, 74232, 76
2026/07/29 14:18:40.044, 294.44, 100, 74232, 75
2026/07/29 14:18:41.079, 274.75, 100, 74232, 75
2026/07/29 14:18:42.114, 311.33, 100, 74232, 75
2026/07/29 14:18:43.149, 302.95, 100, 74232, 74
2026/07/29 14:18:44.187, 300.32, 100, 74232, 74
2026/07/29 14:18:45.225, 300.23, 100, 74232, 74
2026/07/29 14:18:46.265, 303.28, 100, 74232, 74
2026/07/29 14:18:47.303, 300.03, 100, 74232, 74
2026/07/29 14:18:48.340, 302.87, 100, 74232, 74
2026/07/29 14:18:49.380, 303.72, 100, 74232, 74
2026/07/29 14:18:50.417, 300.41, 100, 74232, 74
2026/07/29 14:18:51.455, 303.06, 100, 74232, 74
2026/07/29 14:18:52.492, 298.58, 100, 74232, 74
2026/07/29 14:18:53.532, 299.59, 100, 74232, 74
2026/07/29 14:18:54.570, 302.66, 100, 74232, 74
2026/07/29 14:18:55.609, 303.96, 100, 74232, 74
2026/07/29 14:18:56.647, 298.89, 100, 74232, 74
2026/07/29 14:18:57.684, 302.58, 100, 74232, 74
2026/07/29 14:18:58.721, 303.13, 100, 74232, 74
2026/07/29 14:18:59.758, 304.69, 100, 74232, 74
2026/07/29 14:19:00.795, 301.70, 100, 74232, 74
2026/07/29 14:19:01.833, 303.33, 100, 74232, 74
2026/07/29 14:19:02.870, 304.11, 100, 74232, 74
2026/07/29 14:19:03.909, 301.01, 100, 74232, 74
2026/07/29 14:19:04.948, 302.53, 100, 74232, 74
2026/07/29 14:19:05.986, 303.77, 100, 74232, 74
2026/07/29 14:19:07.028, 300.23, 100, 74232, 74
2026/07/29 14:19:08.067, 302.67, 100, 74232, 74
2026/07/29 14:19:09.105, 301.79, 100, 74232, 74
2026/07/29 14:19:10.147, 297.80, 100, 74232, 74
2026/07/29 14:19:11.187, 294.23, 100, 74232, 74
2026/07/29 14:19:12.224, 294.44, 100, 74232, 74
2026/07/29 14:19:13.262, 295.10, 100, 74232, 74
2026/07/29 14:19:14.299, 297.43, 100, 74232, 74
2026/07/29 14:19:15.337, 298.98, 100, 74232, 74
2026/07/29 14:19:16.375, 303.13, 100, 74232, 74
2026/07/29 14:19:17.413, 299.06, 100, 74232, 74
2026/07/29 14:19:18.451, 302.16, 100, 74232, 74
2026/07/29 14:19:19.488, 302.85, 100, 74232, 74
2026/07/29 14:19:20.527, 303.62, 100, 74232, 74
2026/07/29 14:19:21.564, 301.68, 100, 74232, 74
2026/07/29 14:19:22.604, 298.40, 100, 74232, 74
2026/07/29 14:19:23.641, 302.84, 100, 74232, 74
2026/07/29 14:19:24.683, 299.08, 100, 74232, 74
2026/07/29 14:19:25.721, 300.93, 100, 74232, 74
2026/07/29 14:19:26.759, 302.90, 100, 74232, 74
2026/07/29 14:19:27.798, 300.05, 100, 74232, 74
2026/07/29 14:19:28.835, 292.68, 100, 74232, 74
2026/07/29 14:19:29.873, 296.26, 100, 74232, 73
2026/07/29 14:19:30.910, 299.01, 100, 74232, 73
2026/07/29 14:19:31.948, 301.57, 100, 74232, 73
2026/07/29 14:19:32.986, 302.05, 100, 74232, 73
2026/07/29 14:19:34.023, 298.01, 100, 74232, 73
2026/07/29 14:19:35.061, 298.19, 100, 74232, 73
2026/07/29 14:19:36.099, 301.95, 100, 74232, 73
2026/07/29 14:19:37.137, 301.79, 100, 74232, 73
2026/07/29 14:19:38.175, 300.24, 100, 74232, 73
2026/07/29 14:19:39.212, 301.52, 100, 74232, 73
2026/07/29 14:19:40.250, 302.36, 100, 74232, 73
2026/07/29 14:19:41.287, 299.25, 100, 74232, 73
2026/07/29 14:19:42.325, 297.44, 100, 74232, 73
2026/07/29 14:19:43.363, 301.62, 100, 74232, 73
2026/07/29 14:19:44.403, 104.38, 63, 74232, 75
2026/07/29 14:19:45.483, 293.23, 100, 74232, 74
2026/07/29 14:19:46.525, 322.82, 100, 74232, 74
2026/07/29 14:19:47.560, 294.32, 100, 74232, 74
2026/07/29 14:19:48.601, 306.70, 100, 74232, 73
2026/07/29 14:19:49.637, 289.08, 100, 74232, 73
2026/07/29 14:19:50.677, 290.66, 100, 74232, 72
2026/07/29 14:19:51.716, 283.94, 100, 74232, 71
2026/07/29 14:19:52.754, 287.43, 100, 74232, 71
2026/07/29 14:19:53.792, 290.34, 100, 74232, 71
2026/07/29 14:19:54.829, 291.12, 100, 74232, 71
2026/07/29 14:19:55.867, 282.90, 100, 74232, 71
2026/07/29 14:19:56.910, 287.63, 100, 74232, 71
2026/07/29 14:19:57.948, 298.01, 100, 74232, 71
2026/07/29 14:19:58.986, 287.43, 100, 74232, 72
2026/07/29 14:20:00.025, 292.17, 100, 74232, 72
2026/07/29 14:20:01.062, 291.56, 100, 74232, 72
2026/07/29 14:20:02.100, 294.70, 100, 74232, 72
2026/07/29 14:20:03.138, 98.99, 0, 74232, 69
2026/07/29 14:20:04.206, 306.28, 100, 74232, 73
2026/07/29 14:20:05.242, 296.51, 100, 74232, 74
2026/07/29 14:20:06.278, 308.30, 100, 74232, 74
2026/07/29 14:20:07.314, 295.68, 100, 74232, 74
2026/07/29 14:20:08.351, 286.14, 100, 74232, 74
2026/07/29 14:20:09.386, 291.91, 100, 74232, 74
2026/07/29 14:20:10.425, 297.54, 100, 74232, 72
2026/07/29 14:20:11.464, 299.27, 100, 74232, 72
2026/07/29 14:20:12.502, 301.02, 100, 74232, 72
2026/07/29 14:20:13.542, 298.29, 100, 74232, 72
2026/07/29 14:20:14.580, 298.97, 100, 74232, 72
2026/07/29 14:20:15.617, 301.91, 100, 74232, 73
2026/07/29 14:20:16.655, 298.13, 100, 74232, 73
2026/07/29 14:20:17.693, 295.40, 70, 74232, 74
2026/07/29 14:20:18.731, 300.81, 100, 74232, 74
2026/07/29 14:20:19.766, 293.78, 100, 74232, 74
2026/07/29 14:20:20.800, 301.89, 100, 74232, 74
2026/07/29 14:20:21.834, 307.41, 100, 74232, 74
2026/07/29 14:20:22.879, 275.73, 100, 74232, 74
2026/07/29 14:20:23.915, 319.73, 100, 74232, 75
2026/07/29 14:20:24.950, 300.25, 100, 74232, 73
2026/07/29 14:20:25.987, 299.37, 100, 74232, 73
2026/07/29 14:20:27.024, 301.97, 100, 74232, 73
2026/07/29 14:20:28.060, 298.47, 100, 74232, 73
2026/07/29 14:20:29.097, 296.17, 100, 74232, 73
2026/07/29 14:20:30.134, 290.35, 100, 74232, 73
2026/07/29 14:20:31.170, 107.21, 68, 74232, 71
2026/07/29 14:20:32.205, 292.49, 100, 74232, 75
2026/07/29 14:20:33.240, 293.62, 100, 74232, 75
2026/07/29 14:20:34.276, 301.57, 100, 74232, 75
2026/07/29 14:20:35.322, 276.44, 100, 74232, 75
2026/07/29 14:20:36.358, 277.49, 100, 74232, 75
2026/07/29 14:20:37.397, 297.80, 100, 74232, 75
2026/07/29 14:20:38.435, 277.42, 100, 74232, 75
2026/07/29 14:20:39.474, 301.50, 100, 74232, 73
2026/07/29 14:20:40.515, 294.52, 100, 74232, 73
2026/07/29 14:20:41.552, 294.71, 100, 74232, 73
2026/07/29 14:20:42.596, 294.53, 100, 74232, 73
2026/07/29 14:20:43.634, 290.82, 100, 74232, 74
2026/07/29 14:20:44.672, 284.99, 100, 74232, 73
2026/07/29 14:20:45.715, 98.81, 65, 74232, 71
2026/07/29 14:20:46.748, 300.41, 100, 74232, 75
2026/07/29 14:20:47.786, 300.97, 100, 74232, 75
2026/07/29 14:20:48.821, 296.92, 100, 74232, 75
2026/07/29 14:20:49.858, 276.93, 100, 74232, 75
2026/07/29 14:20:50.894, 302.83, 100, 74232, 75
2026/07/29 14:20:51.930, 260.76, 100, 74232, 75
2026/07/29 14:20:52.966, 280.78, 100, 74232, 75
2026/07/29 14:20:54.001, 301.89, 100, 74232, 74
2026/07/29 14:20:55.037, 303.15, 100, 74232, 74
2026/07/29 14:20:56.074, 298.80, 100, 74232, 74
2026/07/29 14:20:57.111, 302.58, 100, 74232, 74
2026/07/29 14:20:58.150, 302.49, 100, 74232, 74
2026/07/29 14:20:59.188, 304.36, 100, 74232, 74
2026/07/29 14:21:00.227, 294.10, 100, 74232, 74
2026/07/29 14:21:01.265, 297.82, 100, 74232, 74
2026/07/29 14:21:02.303, 293.83, 100, 74232, 74
2026/07/29 14:21:03.344, 291.42, 100, 74232, 74
2026/07/29 14:21:04.381, 291.23, 100, 74232, 74
2026/07/29 14:21:05.420, 291.61, 100, 74232, 74
2026/07/29 14:21:06.459, 296.66, 100, 74232, 74
2026/07/29 14:21:07.500, 296.36, 100, 74232, 74
2026/07/29 14:21:08.539, 294.03, 100, 74232, 74
2026/07/29 14:21:09.577, 295.39, 100, 74232, 74
2026/07/29 14:21:10.615, 101.78, 0, 74232, 71
2026/07/29 14:21:11.648, 305.45, 100, 74232, 75
2026/07/29 14:21:12.684, 314.06, 100, 74232, 75
2026/07/29 14:21:13.722, 301.71, 100, 74232, 75
2026/07/29 14:21:14.758, 283.44, 100, 74232, 75
2026/07/29 14:21:15.793, 278.38, 100, 74232, 75
2026/07/29 14:21:16.837, 291.02, 100, 74232, 75
2026/07/29 14:21:17.873, 308.07, 100, 74232, 76
2026/07/29 14:21:18.912, 295.39, 100, 74232, 74
2026/07/29 14:21:19.950, 293.74, 100, 74232, 74
2026/07/29 14:21:20.987, 295.97, 100, 74232, 74
2026/07/29 14:21:22.024, 295.41, 100, 74232, 74
2026/07/29 14:21:23.063, 294.93, 100, 74232, 74
2026/07/29 14:21:24.102, 295.49, 100, 74232, 74
2026/07/29 14:21:25.140, 293.66, 100, 74232, 74
2026/07/29 14:21:26.180, 296.47, 100, 74232, 74
2026/07/29 14:21:27.218, 287.45, 100, 74232, 74
2026/07/29 14:21:28.256, 297.15, 100, 74232, 74
2026/07/29 14:21:29.293, 298.89, 100, 74232, 74
2026/07/29 14:21:30.331, 300.62, 100, 74232, 74
2026/07/29 14:21:31.369, 293.26, 100, 74232, 74
2026/07/29 14:21:32.406, 291.25, 100, 74232, 74
2026/07/29 14:21:33.445, 305.68, 100, 74232, 76
2026/07/29 14:21:34.481, 305.53, 100, 74232, 74
2026/07/29 14:21:35.524, 299.65, 100, 74232, 74
2026/07/29 14:21:36.562, 299.38, 100, 74232, 74
2026/07/29 14:21:37.599, 294.61, 100, 74232, 74
2026/07/29 14:21:38.638, 293.63, 100, 74232, 74
2026/07/29 14:21:39.676, 293.47, 100, 74232, 74
2026/07/29 14:21:40.714, 288.30, 100, 74232, 74
2026/07/29 14:21:41.752, 291.23, 100, 74232, 74
2026/07/29 14:21:42.792, 292.97, 100, 74232, 74
2026/07/29 14:21:43.829, 295.21, 100, 74232, 74
2026/07/29 14:21:44.874, 295.31, 100, 74232, 74
2026/07/29 14:21:45.912, 302.00, 100, 74232, 74
2026/07/29 14:21:46.953, 302.05, 100, 74232, 74
2026/07/29 14:21:47.991, 301.79, 100, 74232, 74
2026/07/29 14:21:49.028, 302.75, 100, 74232, 74
2026/07/29 14:21:50.071, 303.82, 100, 74232, 74
2026/07/29 14:21:51.108, 296.10, 100, 74232, 74
2026/07/29 14:21:52.145, 290.94, 100, 74232, 74
2026/07/29 14:21:53.188, 296.08, 100, 74232, 74
2026/07/29 14:21:54.226, 302.00, 100, 74232, 74
2026/07/29 14:21:55.263, 294.33, 100, 74232, 74
2026/07/29 14:21:56.300, 295.39, 100, 74232, 74
2026/07/29 14:21:57.337, 303.29, 100, 74232, 74
2026/07/29 14:21:58.374, 296.85, 100, 74232, 74
2026/07/29 14:21:59.412, 302.83, 100, 74232, 74
2026/07/29 14:22:00.449, 302.75, 100, 74232, 74
2026/07/29 14:22:01.487, 301.97, 100, 74232, 74
2026/07/29 14:22:02.525, 304.23, 100, 74232, 74
2026/07/29 14:22:03.562, 297.36, 100, 74232, 74
2026/07/29 14:22:04.601, 302.54, 100, 74232, 74
2026/07/29 14:22:05.639, 300.18, 100, 74232, 74
2026/07/29 14:22:06.676, 294.72, 100, 74232, 74
2026/07/29 14:22:07.713, 305.71, 100, 74232, 74
2026/07/29 14:22:08.750, 300.06, 100, 74232, 74
2026/07/29 14:22:09.788, 298.10, 100, 74232, 74
2026/07/29 14:22:10.827, 299.27, 100, 74232, 74
2026/07/29 14:22:11.864, 300.54, 100, 74232, 74
2026/07/29 14:22:12.903, 301.19, 100, 74232, 74
2026/07/29 14:22:13.941, 301.21, 100, 74232, 74
2026/07/29 14:22:14.978, 301.28, 100, 74232, 74
2026/07/29 14:22:16.016, 302.78, 100, 74232, 74
2026/07/29 14:22:17.056, 294.62, 100, 74232, 74
2026/07/29 14:22:18.096, 290.83, 100, 74232, 74
2026/07/29 14:22:19.133, 294.02, 100, 74232, 74
2026/07/29 14:22:20.171, 294.99, 100, 74232, 74
2026/07/29 14:22:21.211, 294.22, 100, 74232, 74
2026/07/29 14:22:22.249, 293.17, 100, 74232, 74
2026/07/29 14:22:23.289, 289.87, 100, 74232, 74
2026/07/29 14:22:24.327, 290.43, 100, 74232, 74
2026/07/29 14:22:25.365, 289.85, 100, 74232, 74
2026/07/29 14:22:26.404, 290.54, 100, 74232, 74
2026/07/29 14:22:27.442, 294.91, 100, 74232, 74
2026/07/29 14:22:28.480, 294.03, 100, 74232, 74
2026/07/29 14:22:29.518, 294.33, 100, 74232, 74
2026/07/29 14:22:30.556, 303.43, 100, 74232, 74
2026/07/29 14:22:31.594, 302.55, 100, 74232, 74
2026/07/29 14:22:32.631, 299.06, 100, 74232, 74
2026/07/29 14:22:33.669, 301.13, 100, 74232, 74
2026/07/29 14:22:34.706, 300.90, 100, 74232, 74
2026/07/29 14:22:35.746, 301.03, 100, 74232, 74
2026/07/29 14:22:36.784, 296.74, 100, 74232, 74
2026/07/29 14:22:37.822, 299.77, 100, 74232, 74
2026/07/29 14:22:38.861, 300.89, 100, 74232, 74
2026/07/29 14:22:39.900, 297.06, 100, 74232, 74
2026/07/29 14:22:40.939, 298.80, 100, 74232, 74
2026/07/29 14:22:41.976, 298.19, 100, 74232, 74
2026/07/29 14:22:43.013, 302.36, 100, 74232, 74
2026/07/29 14:22:44.053, 305.85, 100, 74232, 74
2026/07/29 14:22:45.090, 298.49, 100, 74232, 74
2026/07/29 14:22:46.128, 298.19, 100, 74232, 74
2026/07/29 14:22:47.166, 302.37, 100, 74232, 74
2026/07/29 14:22:48.203, 301.19, 100, 74232, 74
2026/07/29 14:22:49.241, 302.68, 100, 74232, 74
2026/07/29 14:22:50.278, 302.77, 100, 74232, 74
2026/07/29 14:22:51.315, 303.24, 100, 74232, 74
2026/07/29 14:22:52.353, 302.16, 100, 74232, 74
2026/07/29 14:22:53.391, 295.20, 100, 74232, 74
2026/07/29 14:22:54.429, 294.62, 100, 74232, 74
2026/07/29 14:22:55.467, 294.83, 100, 74232, 74
2026/07/29 14:22:56.505, 302.41, 100, 74232, 73
2026/07/29 14:22:57.544, 289.49, 100, 74232, 73
2026/07/29 14:22:58.586, 292.67, 100, 74232, 73
2026/07/29 14:22:59.624, 293.45, 100, 74232, 74
2026/07/29 14:23:00.662, 292.97, 100, 74232, 73
2026/07/29 14:23:01.700, 299.26, 100, 74232, 74
2026/07/29 14:23:02.738, 301.20, 100, 74232, 74
2026/07/29 14:23:03.778, 301.58, 100, 74232, 74
2026/07/29 14:23:04.815, 297.62, 100, 74232, 74
2026/07/29 14:23:05.853, 296.83, 100, 74232, 74
2026/07/29 14:23:06.891, 303.15, 100, 74232, 74
2026/07/29 14:23:07.929, 301.52, 100, 74232, 74
2026/07/29 14:23:08.967, 301.99, 100, 74232, 74
2026/07/29 14:23:10.004, 301.20, 100, 74232, 74
2026/07/29 14:23:11.045, 301.69, 100, 74232, 74
2026/07/29 14:23:12.082, 301.66, 100, 74232, 74
2026/07/29 14:23:13.119, 300.04, 100, 74232, 74
2026/07/29 14:23:14.156, 300.12, 100, 74232, 74
2026/07/29 14:23:15.193, 300.33, 100, 74232, 74
2026/07/29 14:23:16.232, 299.55, 100, 74232, 74
2026/07/29 14:23:17.270, 297.74, 100, 74232, 74
2026/07/29 14:23:18.308, 291.83, 100, 74232, 73
2026/07/29 14:23:19.345, 300.14, 100, 74232, 73
2026/07/29 14:23:20.383, 303.49, 100, 74232, 73
2026/07/29 14:23:21.420, 302.45, 100, 74232, 74
2026/07/29 14:23:22.459, 303.95, 100, 74232, 73
2026/07/29 14:23:23.496, 302.67, 100, 74232, 73
2026/07/29 14:23:24.535, 302.67, 100, 74232, 73
2026/07/29 14:23:25.573, 302.78, 100, 74232, 73
2026/07/29 14:23:26.611, 290.64, 100, 74232, 73
2026/07/29 14:23:27.649, 294.99, 100, 74232, 73
2026/07/29 14:23:28.687, 293.44, 99, 74232, 75
2026/07/29 14:23:29.723, 288.33, 100, 74232, 75
2026/07/29 14:23:30.759, 292.19, 100, 74232, 75
2026/07/29 14:23:31.796, 309.04, 100, 74232, 75
2026/07/29 14:23:32.834, 291.42, 100, 74232, 75
2026/07/29 14:23:33.869, 307.13, 100, 74232, 75
2026/07/29 14:23:34.904, 301.51, 100, 74232, 73
2026/07/29 14:23:35.944, 302.45, 100, 74232, 73
2026/07/29 14:23:36.982, 302.85, 100, 74232, 73
2026/07/29 14:23:38.019, 300.74, 100, 74232, 74
2026/07/29 14:23:39.057, 302.64, 100, 74232, 74
2026/07/29 14:23:40.094, 302.37, 100, 74232, 74
2026/07/29 14:23:41.132, 299.01, 100, 74232, 74
2026/07/29 14:23:42.169, 302.97, 100, 74232, 74
2026/07/29 14:23:43.207, 304.21, 100, 74232, 72
2026/07/29 14:23:44.239, 296.57, 100, 74232, 75
2026/07/29 14:23:45.275, 291.78, 100, 74232, 76
2026/07/29 14:23:46.312, 295.09, 100, 74232, 76
2026/07/29 14:23:47.347, 277.30, 100, 74232, 75
2026/07/29 14:23:48.383, 300.05, 100, 74232, 75
2026/07/29 14:23:49.420, 306.48, 100, 74232, 76
2026/07/29 14:23:50.458, 303.70, 100, 74232, 74
2026/07/29 14:23:51.496, 296.93, 100, 74232, 74
2026/07/29 14:23:52.533, 301.39, 100, 74232, 74
2026/07/29 14:23:53.571, 303.18, 100, 74232, 74
2026/07/29 14:23:54.610, 303.91, 100, 74232, 74
2026/07/29 14:23:55.649, 300.93, 100, 74232, 74
2026/07/29 14:23:56.686, 302.86, 100, 74232, 74
2026/07/29 14:23:57.725, 304.59, 100, 74232, 74
2026/07/29 14:23:58.762, 297.37, 100, 74232, 74
2026/07/29 14:23:59.800, 302.40, 100, 74232, 74
2026/07/29 14:24:00.840, 303.31, 100, 74232, 74
2026/07/29 14:24:01.878, 299.65, 100, 74232, 74
2026/07/29 14:24:02.916, 302.87, 100, 74232, 74
2026/07/29 14:24:03.954, 303.91, 100, 74232, 74
2026/07/29 14:24:04.992, 107.67, 0, 74232, 75
2026/07/29 14:24:06.107, 293.96, 100, 74232, 75
2026/07/29 14:24:07.143, 301.20, 100, 74232, 75
2026/07/29 14:24:08.179, 278.48, 100, 74232, 75
2026/07/29 14:24:09.215, 301.43, 100, 74232, 75
2026/07/29 14:24:10.251, 314.93, 100, 74232, 76
2026/07/29 14:24:11.291, 310.68, 100, 74232, 75
2026/07/29 14:24:12.327, 299.68, 100, 74232, 74
2026/07/29 14:24:13.365, 301.77, 100, 74232, 74
2026/07/29 14:24:14.403, 302.47, 100, 74232, 74
2026/07/29 14:24:15.442, 307.31, 100, 74232, 74
2026/07/29 14:24:16.479, 298.11, 100, 74232, 74
2026/07/29 14:24:17.520, 302.48, 100, 74232, 74
2026/07/29 14:24:18.557, 302.58, 100, 74232, 74
2026/07/29 14:24:19.595, 303.91, 100, 74232, 76
2026/07/29 14:24:20.630, 303.81, 100, 74232, 76
2026/07/29 14:24:21.666, 301.77, 100, 74232, 76
2026/07/29 14:24:22.703, 332.93, 100, 74232, 76
2026/07/29 14:24:23.745, 287.41, 100, 74232, 76
2026/07/29 14:24:24.780, 289.06, 100, 74232, 76
2026/07/29 14:24:25.814, 273.06, 100, 74232, 75
2026/07/29 14:24:26.852, 299.23, 100, 74232, 74
2026/07/29 14:24:27.889, 304.89, 100, 74232, 74
2026/07/29 14:24:28.926, 297.42, 100, 74232, 74
2026/07/29 14:24:29.962, 294.91, 100, 74232, 74
2026/07/29 14:24:31.001, 296.17, 100, 74232, 74
2026/07/29 14:24:32.037, 296.37, 100, 74232, 74
2026/07/29 14:24:33.076, 292.98, 100, 74232, 74
2026/07/29 14:24:34.114, 296.38, 100, 74232, 74
2026/07/29 14:24:35.153, 295.01, 100, 74232, 74
2026/07/29 14:24:36.191, 297.24, 100, 74232, 74
2026/07/29 14:24:37.231, 298.78, 100, 74232, 74
2026/07/29 14:24:38.269, 296.86, 100, 74232, 74
2026/07/29 14:24:39.307, 293.25, 100, 74232, 74
2026/07/29 14:24:40.345, 294.71, 100, 74232, 74
2026/07/29 14:24:41.382, 299.96, 100, 74232, 74
2026/07/29 14:24:42.421, 300.15, 100, 74232, 74
2026/07/29 14:24:43.458, 291.23, 100, 74232, 74
2026/07/29 14:24:44.496, 306.88, 100, 74232, 74
2026/07/29 14:24:45.534, 302.06, 100, 74232, 74
2026/07/29 14:24:46.572, 303.63, 100, 74232, 74
2026/07/29 14:24:47.610, 304.13, 100, 74232, 74
2026/07/29 14:24:48.647, 100.99, 0, 74232, 71
2026/07/29 14:24:49.680, 269.09, 100, 74232, 73
2026/07/29 14:24:50.722, 293.27, 100, 74232, 74
2026/07/29 14:24:51.760, 297.34, 100, 74232, 74
2026/07/29 14:24:52.797, 296.00, 100, 74232, 74
2026/07/29 14:24:53.837, 294.42, 100, 74232, 74
2026/07/29 14:24:54.875, 295.66, 100, 74232, 74
2026/07/29 14:24:55.916, 293.07, 100, 74232, 74
2026/07/29 14:24:56.954, 295.19, 100, 74232, 74
2026/07/29 14:24:57.992, 297.14, 100, 74232, 74
2026/07/29 14:24:59.032, 293.26, 100, 74232, 74
2026/07/29 14:25:00.070, 303.35, 100, 74232, 74
2026/07/29 14:25:01.110, 294.64, 100, 74232, 74
2026/07/29 14:25:02.148, 298.39, 100, 74232, 74
2026/07/29 14:25:03.194, 293.74, 100, 74232, 74
2026/07/29 14:25:04.233, 294.63, 100, 74232, 74
2026/07/29 14:25:05.270, 295.79, 100, 74232, 74
2026/07/29 14:25:06.312, 294.81, 100, 74232, 74
2026/07/29 14:25:07.350, 299.56, 100, 74232, 74
2026/07/29 14:25:08.388, 292.19, 100, 74232, 74
2026/07/29 14:25:09.426, 292.11, 100, 74232, 74
2026/07/29 14:25:10.464, 302.62, 100, 74232, 74
2026/07/29 14:25:11.503, 297.72, 100, 74232, 74
2026/07/29 14:25:12.540, 299.74, 100, 74232, 74
2026/07/29 14:25:13.578, 303.64, 100, 74232, 74
2026/07/29 14:25:14.616, 297.40, 100, 74232, 74
2026/07/29 14:25:15.656, 297.51, 100, 74232, 74
2026/07/29 14:25:16.695, 298.39, 100, 74232, 74
2026/07/29 14:25:17.732, 298.13, 100, 74232, 74
2026/07/29 14:25:18.771, 298.69, 100, 74232, 74
2026/07/29 14:25:19.808, 299.18, 100, 74232, 74
2026/07/29 14:25:20.850, 298.12, 100, 74232, 74
2026/07/29 14:25:21.889, 298.85, 100, 74232, 74
2026/07/29 14:25:22.926, 301.59, 100, 74232, 74
2026/07/29 14:25:23.965, 297.70, 100, 74232, 74
2026/07/29 14:25:25.003, 299.18, 100, 74232, 74
2026/07/29 14:25:26.044, 300.63, 100, 74232, 74
2026/07/29 14:25:27.082, 298.46, 100, 74232, 74
2026/07/29 14:25:28.121, 292.94, 100, 74232, 74
2026/07/29 14:25:29.160, 300.80, 100, 74232, 73
2026/07/29 14:25:30.199, 288.01, 100, 74232, 73
2026/07/29 14:25:31.240, 298.40, 100, 74232, 74
2026/07/29 14:25:32.281, 293.95, 100, 74232, 73
2026/07/29 14:25:33.318, 301.69, 100, 74232, 74
2026/07/29 14:25:34.355, 300.66, 100, 74232, 74
2026/07/29 14:25:35.393, 302.28, 100, 74232, 74
2026/07/29 14:25:36.431, 301.10, 100, 74232, 74
2026/07/29 14:25:37.468, 301.60, 100, 74232, 73
2026/07/29 14:25:38.506, 301.39, 100, 74232, 74
2026/07/29 14:25:39.544, 302.55, 100, 74232, 73
2026/07/29 14:25:40.582, 302.46, 100, 74232, 73
2026/07/29 14:25:41.620, 301.79, 100, 74232, 74
2026/07/29 14:25:42.657, 297.41, 100, 74232, 74
2026/07/29 14:25:43.697, 302.29, 100, 74232, 74
2026/07/29 14:25:44.734, 301.41, 100, 74232, 74
2026/07/29 14:25:45.775, 301.89, 100, 74232, 74
2026/07/29 14:25:46.812, 300.76, 100, 74232, 74
2026/07/29 14:25:47.849, 301.72, 100, 74232, 74
2026/07/29 14:25:48.887, 302.57, 100, 74232, 74
2026/07/29 14:25:49.924, 295.70, 100, 74232, 74
2026/07/29 14:25:50.963, 302.08, 100, 74232, 74
2026/07/29 14:25:52.000, 302.42, 100, 74232, 74
2026/07/29 14:25:53.038, 301.11, 100, 74232, 74
2026/07/29 14:25:54.075, 299.96, 100, 74232, 74
2026/07/29 14:25:55.113, 300.05, 100, 74232, 74
2026/07/29 14:25:56.151, 297.04, 100, 74232, 74
2026/07/29 14:25:57.189, 293.86, 100, 74232, 74
2026/07/29 14:25:58.229, 295.41, 100, 74232, 74
2026/07/29 14:25:59.267, 293.66, 100, 74232, 74
2026/07/29 14:26:00.306, 295.39, 100, 74232, 73
2026/07/29 14:26:01.344, 306.64, 100, 74232, 74
2026/07/29 14:26:02.382, 301.72, 100, 74232, 74
2026/07/29 14:26:03.420, 302.09, 100, 74232, 74
2026/07/29 14:26:04.459, 302.67, 100, 74232, 74
2026/07/29 14:26:05.497, 300.24, 100, 74232, 74
2026/07/29 14:26:06.535, 301.03, 100, 74232, 74
2026/07/29 14:26:07.572, 301.83, 100, 74232, 74
2026/07/29 14:26:08.609, 301.69, 100, 74232, 74
2026/07/29 14:26:09.646, 299.37, 100, 74232, 74
2026/07/29 14:26:10.685, 299.86, 100, 74232, 73
2026/07/29 14:26:11.722, 299.94, 100, 74232, 73
2026/07/29 14:26:12.760, 297.63, 100, 74232, 73
2026/07/29 14:26:13.797, 300.27, 100, 74232, 73
2026/07/29 14:26:14.834, 300.17, 100, 74232, 73
2026/07/29 14:26:15.872, 292.68, 100, 74232, 73
2026/07/29 14:26:16.910, 291.52, 100, 74232, 73
2026/07/29 14:26:17.949, 288.81, 100, 74232, 73
2026/07/29 14:26:18.988, 293.06, 100, 74232, 73
2026/07/29 14:26:20.026, 297.25, 100, 74232, 73
2026/07/29 14:26:21.066, 298.00, 100, 74232, 74
2026/07/29 14:26:22.103, 296.16, 100, 74232, 74
2026/07/29 14:26:23.140, 302.96, 100, 74232, 74
2026/07/29 14:26:24.178, 303.64, 100, 74232, 74
2026/07/29 14:26:25.216, 302.18, 100, 74232, 74
2026/07/29 14:26:26.254, 301.60, 100, 74232, 74
2026/07/29 14:26:27.291, 303.07, 100, 74232, 74
2026/07/29 14:26:28.332, 300.84, 100, 74232, 74
2026/07/29 14:26:29.369, 301.79, 100, 74232, 74
2026/07/29 14:26:30.406, 308.88, 100, 74232, 74
2026/07/29 14:26:31.444, 301.23, 100, 74232, 74
2026/07/29 14:26:32.481, 298.23, 100, 74232, 74
2026/07/29 14:26:33.519, 300.64, 100, 74232, 74
2026/07/29 14:26:34.555, 301.41, 100, 74232, 74
2026/07/29 14:26:35.593, 302.50, 100, 74232, 74
2026/07/29 14:26:36.630, 302.36, 100, 74232, 75
2026/07/29 14:26:37.665, 290.51, 100, 74232, 75
2026/07/29 14:26:38.700, 287.15, 100, 74232, 75
2026/07/29 14:26:39.735, 301.61, 100, 74232, 75
2026/07/29 14:26:40.771, 295.30, 100, 74232, 75
2026/07/29 14:26:41.808, 274.56, 100, 74232, 75
2026/07/29 14:26:42.845, 301.04, 100, 74232, 73
2026/07/29 14:26:43.885, 300.44, 100, 74232, 73
2026/07/29 14:26:44.923, 302.66, 100, 74232, 73
2026/07/29 14:26:45.961, 301.21, 100, 74232, 74
2026/07/29 14:26:46.998, 300.92, 100, 74232, 74
2026/07/29 14:26:48.035, 302.77, 100, 74232, 74
2026/07/29 14:26:49.072, 301.80, 100, 74232, 74
2026/07/29 14:26:50.109, 100.39, 0, 74232, 70
2026/07/29 14:26:51.142, 268.67, 100, 74232, 74
2026/07/29 14:26:52.180, 295.99, 100, 74232, 75
2026/07/29 14:26:53.215, 312.00, 100, 74232, 75
2026/07/29 14:26:54.251, 303.80, 100, 74232, 75
2026/07/29 14:26:55.290, 312.13, 100, 74232, 75
2026/07/29 14:26:56.328, 303.90, 100, 74232, 75
2026/07/29 14:26:57.364, 301.62, 100, 74232, 73
2026/07/29 14:26:58.402, 301.92, 100, 74232, 73
2026/07/29 14:26:59.439, 300.24, 100, 74232, 73
2026/07/29 14:27:00.477, 294.32, 100, 74232, 73
2026/07/29 14:27:01.515, 296.96, 100, 74232, 75
2026/07/29 14:27:02.549, 283.67, 100, 74232, 75
2026/07/29 14:27:03.587, 298.93, 100, 74232, 75
2026/07/29 14:27:04.622, 298.49, 100, 74232, 76
2026/07/29 14:27:05.657, 295.88, 100, 74232, 75
2026/07/29 14:27:06.694, 292.02, 100, 74232, 75
2026/07/29 14:27:07.734, 302.85, 100, 74232, 74
2026/07/29 14:27:08.771, 304.33, 100, 74232, 74
2026/07/29 14:27:09.808, 298.70, 100, 74232, 74
2026/07/29 14:27:10.845, 301.61, 100, 74232, 74
2026/07/29 14:27:11.882, 294.70, 100, 74232, 74
2026/07/29 14:27:12.920, 304.30, 100, 74232, 74
2026/07/29 14:27:13.957, 300.43, 100, 74232, 74
2026/07/29 14:27:14.995, 301.58, 100, 74232, 74
2026/07/29 14:27:16.031, 303.35, 100, 74232, 74
2026/07/29 14:27:17.071, 308.71, 100, 74232, 74
2026/07/29 14:27:18.108, 300.24, 100, 74232, 74
2026/07/29 14:27:19.145, 101.67, 0, 74232, 73
2026/07/29 14:27:20.179, 288.53, 100, 74232, 75
2026/07/29 14:27:21.215, 288.12, 100, 74232, 76
2026/07/29 14:27:22.253, 299.37, 100, 74232, 76
2026/07/29 14:27:23.291, 283.36, 100, 74232, 75
2026/07/29 14:27:24.325, 278.12, 100, 74232, 75
2026/07/29 14:27:25.370, 298.39, 100, 74232, 76
2026/07/29 14:27:26.407, 299.92, 100, 74232, 74
2026/07/29 14:27:27.444, 302.66, 100, 74232, 74
2026/07/29 14:27:28.482, 303.14, 100, 74232, 74
2026/07/29 14:27:29.520, 305.39, 58, 74232, 75
2026/07/29 14:27:30.555, 289.68, 100, 74232, 76
2026/07/29 14:27:31.591, 288.80, 100, 74232, 76
2026/07/29 14:27:32.628, 306.93, 100, 74232, 76
2026/07/29 14:27:33.664, 298.38, 100, 74232, 76
2026/07/29 14:27:34.698, 279.55, 100, 74232, 76
2026/07/29 14:27:35.735, 320.52, 100, 74232, 76
2026/07/29 14:27:36.772, 300.25, 100, 74232, 74
2026/07/29 14:27:37.810, 303.43, 100, 74232, 74
2026/07/29 14:27:38.847, 304.23, 100, 74232, 74
2026/07/29 14:27:39.885, 300.14, 100, 74232, 74
2026/07/29 14:27:40.927, 299.68, 100, 74232, 74
2026/07/29 14:27:41.965, 303.83, 100, 74232, 74
2026/07/29 14:27:43.003, 304.40, 100, 74232, 74
2026/07/29 14:27:44.041, 304.89, 100, 74232, 75
2026/07/29 14:27:45.077, 301.88, 100, 74232, 74
2026/07/29 14:27:46.114, 303.35, 100, 74232, 74
2026/07/29 14:27:47.150, 302.67, 100, 74232, 74
2026/07/29 14:27:48.189, 304.69, 100, 74232, 74
2026/07/29 14:27:49.227, 299.46, 100, 74232, 74
2026/07/29 14:27:50.265, 291.62, 100, 74232, 74
2026/07/29 14:27:51.301, 298.31, 100, 74232, 74
2026/07/29 14:27:52.337, 296.65, 100, 74232, 74
2026/07/29 14:27:53.375, 297.91, 100, 74232, 74
2026/07/29 14:27:54.411, 101.19, 0, 74232, 71
2026/07/29 14:27:55.444, 266.35, 100, 74232, 75
2026/07/29 14:27:56.479, 282.63, 100, 74232, 75
2026/07/29 14:27:57.514, 302.58, 100, 74232, 75
2026/07/29 14:27:58.549, 277.64, 100, 74232, 76
2026/07/29 14:27:59.583, 293.56, 100, 74232, 75
2026/07/29 14:28:00.618, 314.75, 100, 74232, 76
2026/07/29 14:28:01.659, 295.11, 100, 74232, 74
2026/07/29 14:28:02.696, 294.23, 100, 74232, 74
2026/07/29 14:28:03.734, 296.27, 100, 74232, 74
2026/07/29 14:28:04.771, 296.56, 100, 74232, 74
2026/07/29 14:28:05.808, 282.47, 100, 74232, 74
2026/07/29 14:28:06.846, 102.46, 0, 74232, 71
2026/07/29 14:28:07.941, 313.13, 100, 74232, 75
2026/07/29 14:28:08.977, 296.63, 100, 74232, 76
2026/07/29 14:28:10.012, 293.15, 100, 74232, 76
2026/07/29 14:28:11.047, 278.00, 100, 74232, 75
2026/07/29 14:28:12.081, 274.39, 100, 74232, 75
2026/07/29 14:28:13.115, 311.32, 100, 74232, 76
2026/07/29 14:28:14.153, 314.32, 100, 74232, 76
2026/07/29 14:28:15.187, 303.74, 100, 74232, 74
2026/07/29 14:28:16.226, 300.54, 100, 74232, 74
2026/07/29 14:28:17.264, 302.31, 100, 74232, 74
2026/07/29 14:28:18.304, 102.09, 0, 74232, 71
2026/07/29 14:28:19.336, 291.13, 100, 74232, 75
2026/07/29 14:28:20.371, 303.41, 100, 74232, 75
2026/07/29 14:28:21.406, 298.69, 100, 74232, 76
2026/07/29 14:28:22.440, 299.64, 100, 74232, 75
2026/07/29 14:28:23.474, 302.24, 100, 74232, 76
2026/07/29 14:28:24.510, 303.28, 100, 74232, 76
2026/07/29 14:28:25.546, 297.05, 100, 74232, 76
2026/07/29 14:28:26.589, 303.72, 100, 74232, 74
2026/07/29 14:28:27.628, 301.32, 100, 74232, 74
2026/07/29 14:28:28.664, 301.23, 100, 74232, 74
2026/07/29 14:28:29.701, 101.21, 0, 74232, 71
2026/07/29 14:28:30.736, 286.84, 100, 74232, 75
2026/07/29 14:28:31.778, 297.80, 100, 74232, 76
2026/07/29 14:28:32.813, 279.36, 100, 74232, 76
2026/07/29 14:28:33.851, 302.93, 100, 74232, 76
2026/07/29 14:28:34.886, 292.67, 100, 74232, 76
2026/07/29 14:28:35.923, 288.86, 100, 74232, 76
2026/07/29 14:28:36.959, 262.32, 100, 74232, 76
2026/07/29 14:28:37.996, 291.60, 100, 74232, 74
2026/07/29 14:28:39.033, 294.35, 100, 74232, 74
2026/07/29 14:28:40.074, 294.62, 100, 74232, 74
2026/07/29 14:28:41.112, 391.28, 0, 74232, 75
2026/07/29 14:28:42.146, 292.12, 100, 74232, 76
2026/07/29 14:28:43.182, 302.36, 100, 74232, 76
2026/07/29 14:28:44.216, 307.08, 100, 74232, 76
2026/07/29 14:28:45.256, 295.27, 100, 74232, 76
2026/07/29 14:28:46.292, 316.13, 100, 74232, 76
2026/07/29 14:28:47.328, 316.91, 100, 74232, 76
2026/07/29 14:28:48.365, 282.29, 100, 74232, 74
2026/07/29 14:28:49.403, 283.72, 100, 74232, 74
2026/07/29 14:28:50.447, 288.99, 100, 74232, 74
2026/07/29 14:28:51.485, 296.87, 100, 74232, 75
2026/07/29 14:28:52.523, 101.25, 0, 74232, 74
2026/07/29 14:28:53.561, 302.32, 100, 74232, 74
2026/07/29 14:28:54.599, 301.79, 100, 74232, 74
2026/07/29 14:28:55.636, 297.64, 100, 74232, 74
2026/07/29 14:28:56.674, 303.83, 100, 74232, 74
2026/07/29 14:28:57.713, 301.49, 100, 74232, 74
2026/07/29 14:28:58.749, 304.03, 100, 74232, 75
2026/07/29 14:28:59.786, 299.07, 100, 74232, 75
2026/07/29 14:29:00.823, 302.09, 100, 74232, 75
2026/07/29 14:29:01.862, 304.71, 100, 74232, 75
2026/07/29 14:29:02.901, 302.66, 100, 74232, 75
2026/07/29 14:29:03.938, 304.32, 100, 74232, 74
2026/07/29 14:29:04.975, 292.48, 100, 74232, 74
2026/07/29 14:29:06.013, 293.55, 100, 74232, 74
2026/07/29 14:29:07.050, 295.20, 100, 74232, 74
2026/07/29 14:29:08.087, 305.19, 100, 74232, 75
2026/07/29 14:29:09.124, 296.45, 100, 74232, 74
2026/07/29 14:29:10.166, 299.33, 100, 74232, 74
2026/07/29 14:29:11.205, 304.61, 100, 74232, 74
2026/07/29 14:29:12.242, 298.68, 100, 74232, 74
2026/07/29 14:29:13.279, 299.90, 100, 74232, 74
2026/07/29 14:29:14.317, 294.61, 100, 74232, 74
2026/07/29 14:29:15.354, 299.70, 100, 74232, 74
2026/07/29 14:29:16.391, 301.60, 100, 74232, 74
2026/07/29 14:29:17.430, 296.82, 100, 74232, 74
2026/07/29 14:29:18.470, 301.79, 100, 74232, 74
2026/07/29 14:29:19.507, 301.69, 100, 74232, 74
2026/07/29 14:29:20.546, 301.32, 100, 74232, 74
2026/07/29 14:29:21.583, 302.07, 100, 74232, 74
2026/07/29 14:29:22.620, 301.95, 100, 74232, 74
2026/07/29 14:29:23.656, 299.46, 100, 74232, 74
2026/07/29 14:29:24.694, 299.08, 100, 74232, 74
2026/07/29 14:29:25.731, 299.47, 100, 74232, 74
2026/07/29 14:29:26.768, 299.27, 100, 74232, 74
2026/07/29 14:29:27.806, 288.11, 100, 74232, 74
2026/07/29 14:29:28.842, 285.48, 100, 74232, 74
2026/07/29 14:29:29.878, 293.79, 100, 74232, 74
2026/07/29 14:29:30.915, 295.71, 100, 74232, 74
2026/07/29 14:29:31.955, 294.05, 100, 74232, 74
2026/07/29 14:29:32.992, 294.72, 100, 74232, 74
2026/07/29 14:29:34.030, 305.85, 100, 74232, 74
2026/07/29 14:29:35.067, 300.91, 100, 74232, 74
2026/07/29 14:29:36.104, 301.33, 100, 74232, 74
2026/07/29 14:29:37.141, 303.42, 100, 74232, 74
2026/07/29 14:29:38.178, 301.58, 100, 74232, 74
2026/07/29 14:29:39.216, 302.95, 100, 74232, 74
2026/07/29 14:29:40.253, 292.19, 100, 74232, 74
2026/07/29 14:29:41.291, 295.48, 100, 74232, 74
2026/07/29 14:29:42.330, 303.06, 100, 74232, 74
2026/07/29 14:29:43.368, 304.02, 100, 74232, 74
2026/07/29 14:29:44.405, 303.65, 100, 74232, 74
2026/07/29 14:29:45.443, 300.07, 100, 74232, 74
2026/07/29 14:29:46.481, 301.99, 100, 74232, 74
2026/07/29 14:29:47.522, 302.17, 100, 74232, 74
2026/07/29 14:29:48.560, 300.36, 100, 74232, 74
2026/07/29 14:29:49.596, 301.09, 100, 74232, 74
2026/07/29 14:29:50.635, 301.95, 100, 74232, 74
2026/07/29 14:29:51.672, 300.22, 100, 74232, 74
2026/07/29 14:29:52.710, 299.85, 100, 74232, 74
2026/07/29 14:29:53.747, 300.44, 100, 74232, 74
2026/07/29 14:29:54.788, 298.01, 100, 74232, 74
2026/07/29 14:29:55.825, 296.85, 100, 74232, 74
2026/07/29 14:29:56.863, 296.10, 100, 74232, 74
2026/07/29 14:29:57.900, 301.88, 100, 74232, 74
2026/07/29 14:29:58.939, 298.02, 100, 74232, 74
2026/07/29 14:29:59.978, 301.78, 100, 74232, 73
2026/07/29 14:30:01.014, 303.51, 100, 74232, 73
2026/07/29 14:30:02.053, 293.16, 100, 74232, 73
2026/07/29 14:30:03.090, 290.33, 100, 74232, 73
2026/07/29 14:30:04.133, 301.08, 100, 74232, 75
2026/07/29 14:30:05.168, 301.01, 100, 74232, 75
2026/07/29 14:30:06.203, 286.49, 100, 74232, 75
2026/07/29 14:30:07.238, 290.42, 100, 74232, 75
2026/07/29 14:30:08.272, 285.09, 100, 74232, 75
2026/07/29 14:30:09.315, 301.69, 100, 74232, 73
2026/07/29 14:30:10.352, 300.15, 100, 74232, 73
2026/07/29 14:30:11.389, 305.27, 100, 74232, 73
2026/07/29 14:30:12.427, 299.18, 100, 74232, 73
2026/07/29 14:30:13.464, 301.98, 100, 74232, 73
2026/07/29 14:30:14.502, 101.12, 0, 74232, 70
2026/07/29 14:30:15.535, 298.10, 100, 74232, 75
2026/07/29 14:30:16.569, 304.01, 100, 74232, 75
2026/07/29 14:30:17.604, 281.22, 100, 74232, 75
2026/07/29 14:30:18.640, 288.98, 100, 74232, 75
2026/07/29 14:30:19.673, 297.43, 100, 74232, 75
2026/07/29 14:30:20.710, 303.06, 100, 74232, 73
2026/07/29 14:30:21.747, 301.07, 100, 74232, 74
2026/07/29 14:30:22.784, 302.15, 100, 74232, 74
2026/07/29 14:30:23.821, 294.14, 100, 74232, 74
2026/07/29 14:30:24.858, 302.75, 100, 74232, 74
2026/07/29 14:30:25.894, 304.03, 100, 74232, 74
2026/07/29 14:30:26.931, 300.90, 100, 74232, 74
2026/07/29 14:30:27.968, 304.25, 100, 74232, 74
2026/07/29 14:30:29.007, 296.05, 100, 74232, 74
2026/07/29 14:30:30.046, 291.72, 100, 74232, 74
2026/07/29 14:30:31.090, 295.70, 100, 74232, 74
2026/07/29 14:30:32.127, 290.74, 100, 74232, 74
2026/07/29 14:30:33.163, 299.15, 100, 74232, 74
2026/07/29 14:30:34.202, 324.05, 3, 74232, 75
2026/07/29 14:30:35.238, 294.02, 100, 74232, 75
2026/07/29 14:30:36.275, 280.69, 100, 74232, 75
2026/07/29 14:30:37.313, 308.81, 100, 74232, 75
2026/07/29 14:30:38.348, 281.87, 100, 74232, 75
2026/07/29 14:30:39.382, 321.37, 100, 74232, 76
2026/07/29 14:30:40.416, 303.25, 100, 74232, 74
2026/07/29 14:30:41.454, 301.77, 100, 74232, 74
2026/07/29 14:30:42.491, 303.13, 100, 74232, 74
2026/07/29 14:30:43.529, 302.27, 100, 74232, 74
2026/07/29 14:30:44.565, 302.76, 100, 74232, 74
2026/07/29 14:30:45.602, 299.94, 100, 74232, 74
2026/07/29 14:30:46.642, 303.02, 100, 74232, 74
2026/07/29 14:30:47.678, 296.74, 100, 74232, 74
2026/07/29 14:30:48.714, 292.57, 100, 74232, 74
2026/07/29 14:30:49.752, 291.80, 100, 74232, 74
2026/07/29 14:30:50.789, 296.08, 100, 74232, 74
2026/07/29 14:30:51.825, 292.96, 100, 74232, 74
2026/07/29 14:30:52.862, 295.89, 100, 74232, 74
2026/07/29 14:30:53.898, 288.70, 100, 74232, 74
2026/07/29 14:30:54.935, 293.65, 100, 74232, 74
2026/07/29 14:30:55.971, 295.67, 100, 74232, 74
2026/07/29 14:30:57.007, 293.26, 100, 74232, 74
2026/07/29 14:30:58.044, 293.17, 100, 74232, 74
2026/07/29 14:30:59.082, 295.00, 100, 74232, 74
2026/07/29 14:31:00.119, 293.37, 100, 74232, 74
2026/07/29 14:31:01.156, 292.11, 22, 74232, 74
2026/07/29 14:31:02.192, 297.24, 100, 74232, 75
2026/07/29 14:31:03.226, 309.04, 100, 74232, 75
2026/07/29 14:31:04.260, 275.82, 100, 74232, 75
2026/07/29 14:31:05.293, 297.12, 100, 74232, 75
2026/07/29 14:31:06.327, 314.07, 100, 74232, 75
2026/07/29 14:31:07.367, 300.90, 100, 74232, 73
2026/07/29 14:31:08.405, 302.49, 100, 74232, 73
2026/07/29 14:31:09.445, 303.86, 100, 74232, 73
2026/07/29 14:31:10.482, 302.15, 100, 74232, 73
2026/07/29 14:31:11.520, 302.61, 100, 74232, 74
2026/07/29 14:31:12.558, 306.58, 100, 74232, 74
2026/07/29 14:31:13.596, 301.59, 100, 74232, 74
2026/07/29 14:31:14.634, 302.64, 100, 74232, 74
2026/07/29 14:31:15.671, 304.13, 100, 74232, 74
2026/07/29 14:31:16.711, 301.50, 100, 74232, 74
2026/07/29 14:31:17.748, 303.19, 100, 74232, 74
2026/07/29 14:31:18.785, 100.59, 0, 74232, 70
2026/07/29 14:31:19.818, 301.24, 100, 74232, 75
2026/07/29 14:31:20.853, 295.22, 100, 74232, 75
2026/07/29 14:31:21.889, 284.22, 100, 74232, 75
2026/07/29 14:31:22.925, 305.62, 100, 74232, 75
2026/07/29 14:31:23.967, 288.78, 100, 74232, 75
2026/07/29 14:31:25.002, 280.43, 100, 74232, 75
2026/07/29 14:31:26.039, 301.49, 100, 74232, 73
2026/07/29 14:31:27.077, 297.52, 100, 74232, 73
2026/07/29 14:31:28.115, 302.67, 100, 74232, 73
2026/07/29 14:31:29.151, 301.60, 100, 74232, 74
2026/07/29 14:31:30.189, 302.56, 100, 74232, 74
2026/07/29 14:31:31.225, 301.40, 100, 74232, 74
2026/07/29 14:31:32.265, 302.76, 100, 74232, 74
2026/07/29 14:31:33.303, 296.17, 100, 74232, 74
2026/07/29 14:31:34.340, 290.71, 100, 74232, 74
2026/07/29 14:31:35.376, 291.12, 100, 74232, 74
2026/07/29 14:31:36.413, 299.07, 100, 74232, 74
2026/07/29 14:31:37.450, 295.88, 100, 74232, 74
2026/07/29 14:31:38.487, 293.83, 100, 74232, 74
2026/07/29 14:31:39.526, 293.16, 100, 74232, 74
2026/07/29 14:31:40.563, 302.28, 100, 74232, 74
2026/07/29 14:31:41.603, 298.41, 100, 74232, 74
2026/07/29 14:31:42.641, 292.18, 100, 74232, 74
2026/07/29 14:31:43.678, 302.38, 100, 74232, 74
2026/07/29 14:31:44.716, 303.91, 100, 74232, 74
2026/07/29 14:31:45.754, 290.74, 100, 74232, 74
2026/07/29 14:31:46.791, 302.49, 100, 74232, 74
2026/07/29 14:31:47.829, 302.89, 100, 74232, 74
2026/07/29 14:31:48.866, 302.27, 100, 74232, 74
2026/07/29 14:31:49.908, 290.93, 100, 74232, 74
2026/07/29 14:31:50.946, 292.31, 100, 74232, 74
2026/07/29 14:31:51.993, 290.35, 100, 74232, 74
2026/07/29 14:31:53.030, 302.08, 100, 74232, 74
2026/07/29 14:31:54.068, 302.47, 100, 74232, 74
2026/07/29 14:31:55.110, 301.62, 100, 74232, 74
2026/07/29 14:31:56.147, 301.91, 100, 74232, 74
2026/07/29 14:31:57.187, 302.64, 100, 74232, 74
2026/07/29 14:31:58.224, 300.34, 100, 74232, 74
2026/07/29 14:31:59.261, 293.55, 100, 74232, 74
2026/07/29 14:32:00.298, 297.13, 100, 74232, 74
2026/07/29 14:32:01.335, 304.11, 100, 74232, 74
2026/07/29 14:32:02.371, 301.58, 100, 74232, 74
2026/07/29 14:32:03.410, 301.79, 100, 74232, 74
2026/07/29 14:32:04.448, 296.65, 100, 74232, 74
2026/07/29 14:32:05.486, 291.90, 100, 74232, 74
2026/07/29 14:32:06.525, 298.50, 100, 74232, 74
2026/07/29 14:32:07.564, 100.03, 0, 74232, 70
2026/07/29 14:32:08.596, 271.80, 100, 74232, 75
2026/07/29 14:32:09.636, 310.26, 100, 74232, 75
2026/07/29 14:32:10.671, 299.36, 100, 74232, 75
2026/07/29 14:32:11.712, 287.04, 100, 74232, 75
2026/07/29 14:32:12.745, 271.78, 100, 74232, 75
2026/07/29 14:32:13.779, 302.51, 100, 74232, 75
2026/07/29 14:32:14.815, 303.23, 100, 74232, 74
2026/07/29 14:32:15.853, 301.04, 100, 74232, 74
2026/07/29 14:32:16.892, 300.82, 100, 74232, 74
2026/07/29 14:32:17.930, 100.41, 100, 74232, 71
2026/07/29 14:32:18.963, 299.38, 100, 74232, 75
2026/07/29 14:32:19.999, 300.67, 100, 74232, 75
2026/07/29 14:32:21.035, 280.65, 100, 74232, 75
2026/07/29 14:32:22.072, 294.32, 100, 74232, 75
2026/07/29 14:32:23.108, 313.74, 100, 74232, 75
2026/07/29 14:32:24.145, 299.51, 100, 74232, 75
2026/07/29 14:32:25.180, 252.66, 100, 74232, 75
2026/07/29 14:32:26.217, 303.97, 100, 74232, 74
2026/07/29 14:32:27.261, 299.92, 100, 74232, 74
2026/07/29 14:32:28.298, 292.96, 100, 74232, 74
2026/07/29 14:32:29.337, 295.10, 100, 74232, 74
2026/07/29 14:32:30.374, 297.15, 100, 74232, 74
2026/07/29 14:32:31.414, 292.96, 100, 74232, 74
2026/07/29 14:32:32.451, 289.85, 100, 74232, 74
2026/07/29 14:32:33.489, 295.79, 100, 74232, 74
2026/07/29 14:32:34.528, 304.06, 100, 74232, 74
2026/07/29 14:32:35.566, 297.15, 100, 74232, 74
2026/07/29 14:32:36.607, 293.72, 100, 74232, 74
2026/07/29 14:32:37.645, 294.91, 100, 74232, 74
2026/07/29 14:32:38.683, 304.12, 100, 74232, 74
2026/07/29 14:32:39.721, 296.57, 100, 74232, 74
2026/07/29 14:32:40.758, 303.74, 100, 74232, 74
2026/07/29 14:32:41.799, 298.59, 100, 74232, 74
2026/07/29 14:32:42.838, 303.90, 100, 74232, 74
2026/07/29 14:32:43.877, 300.45, 100, 74232, 74
2026/07/29 14:32:44.914, 303.74, 100, 74232, 74
2026/07/29 14:32:45.952, 301.98, 100, 74232, 74
2026/07/29 14:32:46.989, 301.78, 100, 74232, 74
2026/07/29 14:32:48.028, 304.02, 100, 74232, 74
2026/07/29 14:32:49.065, 306.07, 100, 74232, 74
2026/07/29 14:32:50.104, 301.88, 100, 74232, 74
2026/07/29 14:32:51.143, 302.56, 100, 74232, 74
2026/07/29 14:32:52.181, 303.95, 100, 74232, 74
2026/07/29 14:32:53.219, 301.29, 100, 74232, 74
2026/07/29 14:32:54.256, 301.41, 100, 74232, 74
2026/07/29 14:32:55.293, 298.71, 100, 74232, 74
2026/07/29 14:32:56.341, 307.48, 100, 74232, 74
2026/07/29 14:32:57.379, 298.86, 100, 74232, 74
2026/07/29 14:32:58.417, 302.19, 100, 74232, 74
2026/07/29 14:32:59.455, 307.17, 100, 74232, 74
2026/07/29 14:33:00.492, 304.03, 100, 74232, 74
2026/07/29 14:33:01.530, 301.41, 100, 74232, 74
2026/07/29 14:33:02.567, 302.95, 100, 74232, 74
2026/07/29 14:33:03.605, 298.59, 100, 74232, 74
2026/07/29 14:33:04.642, 299.16, 100, 74232, 74
2026/07/29 14:33:05.678, 298.99, 100, 74232, 74
2026/07/29 14:33:06.719, 300.23, 100, 74232, 74
2026/07/29 14:33:07.756, 303.82, 100, 74232, 74
2026/07/29 14:33:08.794, 294.74, 100, 74232, 74
2026/07/29 14:33:09.832, 295.20, 100, 74232, 74
2026/07/29 14:33:10.869, 297.72, 100, 74232, 74
2026/07/29 14:33:11.906, 306.87, 100, 74232, 74
2026/07/29 14:33:12.943, 300.15, 100, 74232, 74
2026/07/29 14:33:13.980, 302.50, 100, 74232, 74
2026/07/29 14:33:15.018, 301.61, 100, 74232, 74
2026/07/29 14:33:16.056, 303.25, 100, 74232, 74
2026/07/29 14:33:17.093, 301.59, 100, 74232, 74
2026/07/29 14:33:18.131, 299.58, 100, 74232, 74
2026/07/29 14:33:19.169, 302.22, 100, 74232, 74
2026/07/29 14:33:20.208, 303.28, 100, 74232, 74
2026/07/29 14:33:21.247, 303.82, 100, 74232, 74
2026/07/29 14:33:22.285, 299.68, 100, 74232, 74
2026/07/29 14:33:23.322, 301.14, 100, 74232, 74
2026/07/29 14:33:24.360, 301.49, 100, 74232, 73
2026/07/29 14:33:25.398, 302.92, 100, 74232, 74
2026/07/29 14:33:26.435, 299.01, 100, 74232, 73
2026/07/29 14:33:27.473, 292.38, 100, 74232, 73
2026/07/29 14:33:28.511, 301.50, 100, 74232, 73
2026/07/29 14:33:29.549, 303.76, 100, 74232, 73
2026/07/29 14:33:30.587, 292.38, 100, 74232, 73
2026/07/29 14:33:31.626, 292.45, 100, 74232, 73
2026/07/29 14:33:32.664, 290.54, 100, 74232, 73
2026/07/29 14:33:33.704, 302.76, 100, 74232, 73
2026/07/29 14:33:34.742, 302.67, 100, 74232, 73
2026/07/29 14:33:35.779, 291.19, 100, 74232, 73
2026/07/29 14:33:36.817, 301.03, 100, 74232, 73
2026/07/29 14:33:37.854, 301.01, 100, 74232, 73
2026/07/29 14:33:38.892, 302.17, 100, 74232, 73
2026/07/29 14:33:39.930, 303.83, 100, 74232, 73
2026/07/29 14:33:40.968, 302.97, 100, 74232, 73
2026/07/29 14:33:42.005, 299.28, 100, 74232, 73
2026/07/29 14:33:43.044, 301.71, 100, 74232, 73
2026/07/29 14:33:44.081, 294.04, 100, 74232, 73
2026/07/29 14:33:45.118, 302.67, 100, 74232, 73
2026/07/29 14:33:46.156, 303.27, 100, 74232, 73
2026/07/29 14:33:47.194, 292.47, 100, 74232, 73
2026/07/29 14:33:48.236, 293.07, 100, 74232, 73
2026/07/29 14:33:49.275, 290.08, 100, 74232, 73
2026/07/29 14:33:50.313, 294.33, 100, 74232, 73
2026/07/29 14:33:51.350, 296.56, 100, 74232, 73
2026/07/29 14:33:52.388, 296.36, 100, 74232, 73
2026/07/29 14:33:53.425, 293.65, 100, 74232, 73
2026/07/29 14:33:54.463, 294.34, 100, 74232, 73
2026/07/29 14:33:55.502, 302.46, 100, 74232, 73
2026/07/29 14:33:56.539, 298.58, 100, 74232, 73
2026/07/29 14:33:57.580, 290.26, 100, 74232, 73
2026/07/29 14:33:58.617, 302.17, 100, 74232, 73
2026/07/29 14:33:59.660, 302.48, 100, 74232, 73
2026/07/29 14:34:00.698, 295.02, 100, 74232, 73
2026/07/29 14:34:01.734, 292.48, 100, 74232, 73
2026/07/29 14:34:02.771, 291.21, 100, 74232, 73
2026/07/29 14:34:03.808, 296.66, 100, 74232, 73
2026/07/29 14:34:04.846, 301.98, 100, 74232, 73
2026/07/29 14:34:05.884, 298.38, 100, 74232, 73
2026/07/29 14:34:06.921, 301.41, 100, 74232, 73
2026/07/29 14:34:07.960, 301.21, 100, 74232, 73
2026/07/29 14:34:08.998, 302.64, 100, 74232, 73
2026/07/29 14:34:10.038, 307.20, 100, 74232, 73
2026/07/29 14:34:11.077, 305.11, 100, 74232, 73
2026/07/29 14:34:12.116, 300.81, 100, 74232, 73
2026/07/29 14:34:13.155, 303.52, 100, 74232, 73
2026/07/29 14:34:14.192, 301.99, 100, 74232, 73
2026/07/29 14:34:15.230, 303.34, 100, 74232, 73
2026/07/29 14:34:16.267, 301.09, 100, 74232, 73
2026/07/29 14:34:17.306, 298.33, 100, 74232, 73
2026/07/29 14:34:18.344, 300.84, 100, 74232, 73
2026/07/29 14:34:19.381, 301.60, 100, 74232, 73
2026/07/29 14:34:20.418, 294.24, 100, 74232, 73
2026/07/29 14:34:21.455, 302.18, 100, 74232, 73
2026/07/29 14:34:22.493, 299.27, 100, 74232, 73
2026/07/29 14:34:23.530, 291.52, 100, 74232, 73
2026/07/29 14:34:24.569, 294.23, 100, 74232, 73
2026/07/29 14:34:25.608, 294.72, 100, 74232, 73
2026/07/29 14:34:26.646, 291.90, 100, 74232, 73
2026/07/29 14:34:27.688, 301.53, 100, 74232, 73
2026/07/29 14:34:28.726, 292.39, 100, 74232, 73
2026/07/29 14:34:29.766, 294.04, 100, 74232, 73
2026/07/29 14:34:30.803, 298.29, 100, 74232, 73
2026/07/29 14:34:31.841, 300.14, 100, 74232, 73
2026/07/29 14:34:32.879, 300.26, 100, 74232, 74
2026/07/29 14:34:33.916, 304.05, 100, 74232, 74
2026/07/29 14:34:34.956, 300.71, 100, 74232, 74
2026/07/29 14:34:35.994, 301.52, 100, 74232, 74
2026/07/29 14:34:37.032, 301.90, 100, 74232, 74
2026/07/29 14:34:38.069, 303.72, 100, 74232, 74
2026/07/29 14:34:39.107, 304.15, 100, 74232, 74
2026/07/29 14:34:40.145, 306.16, 100, 74232, 74
2026/07/29 14:34:41.184, 301.49, 100, 74232, 74
2026/07/29 14:34:42.222, 297.04, 100, 74232, 73
2026/07/29 14:34:43.263, 291.04, 100, 74232, 73
2026/07/29 14:34:44.303, 295.49, 100, 74232, 73
2026/07/29 14:34:45.342, 298.31, 100, 74232, 73
2026/07/29 14:34:46.379, 293.55, 100, 74232, 73
2026/07/29 14:34:47.417, 297.55, 100, 74232, 74
2026/07/29 14:34:48.454, 291.92, 100, 74232, 73
2026/07/29 14:34:49.493, 295.40, 100, 74232, 73
2026/07/29 14:34:50.531, 302.60, 100, 74232, 74
2026/07/29 14:34:51.571, 303.87, 100, 74232, 74
2026/07/29 14:34:52.608, 301.69, 100, 74232, 74
2026/07/29 14:34:53.646, 300.53, 100, 74232, 74
2026/07/29 14:34:54.685, 298.00, 100, 74232, 74
2026/07/29 14:34:55.725, 303.43, 100, 74232, 74
2026/07/29 14:34:56.763, 295.59, 100, 74232, 74
2026/07/29 14:34:57.800, 303.17, 100, 74232, 74
2026/07/29 14:34:58.841, 298.53, 100, 74232, 74
2026/07/29 14:34:59.879, 303.34, 100, 74232, 73
2026/07/29 14:35:00.916, 296.56, 100, 74232, 74
2026/07/29 14:35:01.955, 302.27, 100, 74232, 74
2026/07/29 14:35:02.993, 298.77, 100, 74232, 73
2026/07/29 14:35:04.031, 303.82, 100, 74232, 74
2026/07/29 14:35:05.068, 302.50, 100, 74232, 74
2026/07/29 14:35:06.107, 298.80, 100, 74232, 74
2026/07/29 14:35:07.144, 300.81, 100, 74232, 74
2026/07/29 14:35:08.184, 301.77, 100, 74232, 74
2026/07/29 14:35:09.222, 300.33, 100, 74232, 74
2026/07/29 14:35:10.261, 303.32, 100, 74232, 74
2026/07/29 14:35:11.298, 295.69, 100, 74232, 73
2026/07/29 14:35:12.339, 296.76, 100, 74232, 74
2026/07/29 14:35:13.376, 298.12, 100, 74232, 74
2026/07/29 14:35:14.415, 302.16, 100, 74232, 74
2026/07/29 14:35:15.452, 304.22, 100, 74232, 74
2026/07/29 14:35:16.490, 299.94, 100, 74232, 74
2026/07/29 14:35:17.527, 299.78, 100, 74232, 74
2026/07/29 14:35:18.567, 293.64, 100, 74232, 73
2026/07/29 14:35:19.605, 296.08, 100, 74232, 73
2026/07/29 14:35:20.643, 291.52, 100, 74232, 73
2026/07/29 14:35:21.681, 295.22, 100, 74232, 73
2026/07/29 14:35:22.719, 295.82, 100, 74232, 73
2026/07/29 14:35:23.757, 301.60, 100, 74232, 73
2026/07/29 14:35:24.797, 291.03, 100, 74232, 73
2026/07/29 14:35:25.836, 292.47, 100, 74232, 73
2026/07/29 14:35:26.873, 294.99, 100, 74232, 73
2026/07/29 14:35:27.911, 296.37, 100, 74232, 73
2026/07/29 14:35:28.949, 295.20, 100, 74232, 73
2026/07/29 14:35:29.987, 294.73, 100, 74232, 73
2026/07/29 14:35:31.025, 295.02, 100, 74232, 73
2026/07/29 14:35:32.065, 303.53, 100, 74232, 73
2026/07/29 14:35:33.104, 299.08, 100, 74232, 73
2026/07/29 14:35:34.141, 303.38, 100, 74232, 73
2026/07/29 14:35:35.179, 303.26, 100, 74232, 73
2026/07/29 14:35:36.215, 302.48, 100, 74232, 73
2026/07/29 14:35:37.256, 301.77, 100, 74232, 73
2026/07/29 14:35:38.292, 299.45, 100, 74232, 73
2026/07/29 14:35:39.334, 303.33, 100, 74232, 73
2026/07/29 14:35:40.370, 301.87, 100, 74232, 73
2026/07/29 14:35:41.407, 305.92, 100, 74232, 73
2026/07/29 14:35:42.445, 292.67, 100, 74232, 73
2026/07/29 14:35:43.482, 295.29, 100, 74232, 73
2026/07/29 14:35:44.519, 300.17, 100, 74232, 73
2026/07/29 14:35:45.556, 296.65, 100, 74232, 73
2026/07/29 14:35:46.592, 294.82, 100, 74232, 73
2026/07/29 14:35:47.633, 295.37, 100, 74232, 73
2026/07/29 14:35:48.673, 296.07, 100, 74232, 73
2026/07/29 14:35:49.710, 302.28, 100, 74232, 73
2026/07/29 14:35:50.753, 304.12, 100, 74232, 74
2026/07/29 14:35:51.791, 299.66, 100, 74232, 74
2026/07/29 14:35:52.828, 301.41, 100, 74232, 73
2026/07/29 14:35:53.866, 300.13, 100, 74232, 73
2026/07/29 14:35:54.903, 301.01, 100, 74232, 73
2026/07/29 14:35:55.941, 303.33, 100, 74232, 73
2026/07/29 14:35:56.978, 295.30, 100, 74232, 73
2026/07/29 14:35:58.019, 296.55, 100, 74232, 73
2026/07/29 14:35:59.057, 292.48, 100, 74232, 73
2026/07/29 14:36:00.095, 295.49, 100, 74232, 73
2026/07/29 14:36:01.132, 296.84, 100, 74232, 73
2026/07/29 14:36:02.171, 300.80, 100, 74232, 73
2026/07/29 14:36:03.208, 297.04, 100, 74232, 73
2026/07/29 14:36:04.244, 295.60, 100, 74232, 73
2026/07/29 14:36:05.284, 290.64, 100, 74232, 73
2026/07/29 14:36:06.322, 300.71, 100, 74232, 74
2026/07/29 14:36:07.359, 301.70, 100, 74232, 74
2026/07/29 14:36:08.397, 302.74, 100, 74232, 74
2026/07/29 14:36:09.435, 302.87, 100, 74232, 74
2026/07/29 14:36:10.472, 303.61, 100, 74232, 74
2026/07/29 14:36:11.509, 303.37, 100, 74232, 74
2026/07/29 14:36:12.545, 295.85, 100, 74232, 73
2026/07/29 14:36:13.583, 304.66, 100, 74232, 74
2026/07/29 14:36:14.620, 300.35, 100, 74232, 74
2026/07/29 14:36:15.656, 301.88, 100, 74232, 74
2026/07/29 14:36:16.693, 301.33, 100, 74232, 73
2026/07/29 14:36:17.730, 302.21, 100, 74232, 73
2026/07/29 14:36:18.768, 303.07, 100, 74232, 73
2026/07/29 14:36:19.806, 302.38, 100, 74232, 73
2026/07/29 14:36:20.842, 296.56, 100, 74232, 73
2026/07/29 14:36:21.878, 299.58, 100, 74232, 73
2026/07/29 14:36:22.916, 299.36, 100, 74232, 73
2026/07/29 14:36:23.956, 288.95, 100, 74232, 73
2026/07/29 14:36:24.993, 294.03, 100, 74232, 73
2026/07/29 14:36:26.032, 292.68, 100, 74232, 73
2026/07/29 14:36:27.069, 296.75, 100, 74232, 73
2026/07/29 14:36:28.106, 295.09, 100, 74232, 73
2026/07/29 14:36:29.145, 297.81, 100, 74232, 73
2026/07/29 14:36:30.183, 302.86, 100, 74232, 73
2026/07/29 14:36:31.221, 303.61, 100, 74232, 73
2026/07/29 14:36:32.260, 298.02, 100, 74232, 73
2026/07/29 14:36:33.298, 303.32, 100, 74232, 73
2026/07/29 14:36:34.335, 297.61, 100, 74232, 73
2026/07/29 14:36:35.373, 296.84, 100, 74232, 73
2026/07/29 14:36:36.411, 298.67, 100, 74232, 73
2026/07/29 14:36:37.449, 300.42, 100, 74232, 73
2026/07/29 14:36:38.487, 302.48, 100, 74232, 73
2026/07/29 14:36:39.523, 303.12, 100, 74232, 73
2026/07/29 14:36:40.562, 296.67, 100, 74232, 73
2026/07/29 14:36:41.600, 303.50, 100, 74232, 73
2026/07/29 14:36:42.641, 302.77, 100, 74232, 73
2026/07/29 14:36:43.679, 299.45, 100, 74232, 73
2026/07/29 14:36:44.716, 298.57, 100, 74232, 73
2026/07/29 14:36:45.755, 288.81, 100, 74232, 73
2026/07/29 14:36:46.792, 291.88, 100, 74232, 73
2026/07/29 14:36:47.830, 298.71, 100, 74232, 73
2026/07/29 14:36:48.868, 301.96, 100, 74232, 73
2026/07/29 14:36:49.907, 293.26, 100, 74232, 73
2026/07/29 14:36:50.945, 289.87, 100, 74232, 73
2026/07/29 14:36:51.984, 291.61, 100, 74232, 73
2026/07/29 14:36:53.021, 294.02, 100, 74232, 73
2026/07/29 14:36:54.058, 295.38, 100, 74232, 73
2026/07/29 14:36:55.096, 295.12, 100, 74232, 73
2026/07/29 14:36:56.133, 295.10, 100, 74232, 73
2026/07/29 14:36:57.171, 298.91, 100, 74232, 73
2026/07/29 14:36:58.207, 295.60, 100, 74232, 73
2026/07/29 14:36:59.244, 291.98, 100, 74232, 73
2026/07/29 14:37:00.280, 303.59, 100, 74232, 73
2026/07/29 14:37:01.317, 298.40, 100, 74232, 73
2026/07/29 14:37:02.354, 301.20, 100, 74232, 73
2026/07/29 14:37:03.392, 306.91, 100, 74232, 73
2026/07/29 14:37:04.430, 301.20, 100, 74232, 73
2026/07/29 14:37:05.468, 300.71, 100, 74232, 73
2026/07/29 14:37:06.505, 298.11, 100, 74232, 73
2026/07/29 14:37:07.543, 299.84, 100, 74232, 73
2026/07/29 14:37:08.582, 301.49, 100, 74232, 73
2026/07/29 14:37:09.620, 298.48, 100, 74232, 73
2026/07/29 14:37:10.657, 296.36, 100, 74232, 73
2026/07/29 14:37:11.695, 297.36, 100, 74232, 73
2026/07/29 14:37:12.732, 288.69, 100, 74232, 73
2026/07/29 14:37:13.771, 289.96, 100, 74232, 73
2026/07/29 14:37:14.809, 294.60, 100, 74232, 73
2026/07/29 14:37:15.849, 291.42, 100, 74232, 73
2026/07/29 14:37:16.888, 292.68, 100, 74232, 73
2026/07/29 14:37:17.925, 293.45, 100, 74232, 73
2026/07/29 14:37:18.963, 99.51, 0, 74232, 70
2026/07/29 14:37:20.051, 297.30, 100, 74232, 75
2026/07/29 14:37:21.087, 292.94, 100, 74232, 75
2026/07/29 14:37:22.123, 307.14, 100, 74232, 75
2026/07/29 14:37:23.166, 293.55, 100, 74232, 74
2026/07/29 14:37:24.203, 295.67, 100, 74232, 74
2026/07/29 14:37:25.239, 296.48, 100, 74232, 74
2026/07/29 14:37:26.274, 300.55, 100, 74232, 72
2026/07/29 14:37:27.313, 296.46, 100, 74232, 72
2026/07/29 14:37:28.351, 299.76, 100, 74232, 73
2026/07/29 14:37:29.389, 299.67, 100, 74232, 73
2026/07/29 14:37:30.426, 301.92, 100, 74232, 73
2026/07/29 14:37:31.464, 299.35, 100, 74232, 73
2026/07/29 14:37:32.503, 300.33, 100, 74232, 73
2026/07/29 14:37:33.543, 301.88, 100, 74232, 73
2026/07/29 14:37:34.581, 297.82, 100, 74232, 73
2026/07/29 14:37:35.618, 299.37, 100, 74232, 73
2026/07/29 14:37:36.657, 301.11, 100, 74232, 73
2026/07/29 14:37:37.696, 301.79, 100, 74232, 73
2026/07/29 14:37:38.737, 292.10, 100, 74232, 73
2026/07/29 14:37:39.775, 293.65, 100, 74232, 73
2026/07/29 14:37:40.814, 295.01, 100, 74232, 73
2026/07/29 14:37:41.852, 302.38, 100, 74232, 73
2026/07/29 14:37:42.888, 100.69, 10, 74232, 70
2026/07/29 14:37:43.921, 276.46, 100, 74232, 75
2026/07/29 14:37:44.957, 298.51, 100, 74232, 74
2026/07/29 14:37:45.992, 302.00, 100, 74232, 75
2026/07/29 14:37:47.028, 308.18, 100, 74232, 75
2026/07/29 14:37:48.067, 329.89, 100, 74232, 75
2026/07/29 14:37:49.103, 282.49, 100, 74232, 75
2026/07/29 14:37:50.139, 256.08, 100, 74232, 73
2026/07/29 14:37:51.183, 286.45, 100, 74232, 73
2026/07/29 14:37:52.223, 293.86, 100, 74232, 73
2026/07/29 14:37:53.262, 293.65, 100, 74232, 73
2026/07/29 14:37:54.300, 100.74, 0, 74232, 70
2026/07/29 14:37:55.333, 296.76, 100, 74232, 75
2026/07/29 14:37:56.370, 298.62, 100, 74232, 75
2026/07/29 14:37:57.405, 295.51, 100, 74232, 75
2026/07/29 14:37:58.440, 292.20, 100, 74232, 75
2026/07/29 14:37:59.476, 289.95, 100, 74232, 75
2026/07/29 14:38:00.514, 315.40, 100, 74232, 75
2026/07/29 14:38:01.549, 293.56, 100, 74232, 73
2026/07/29 14:38:02.586, 294.15, 100, 74232, 73
2026/07/29 14:38:03.625, 294.81, 100, 74232, 74
2026/07/29 14:38:04.664, 302.00, 100, 74232, 74
2026/07/29 14:38:05.701, 99.64, 0, 74232, 70
2026/07/29 14:38:06.735, 309.96, 100, 74232, 75
2026/07/29 14:38:07.771, 293.46, 100, 74232, 75
2026/07/29 14:38:08.805, 293.56, 100, 74232, 75
2026/07/29 14:38:09.840, 281.59, 100, 74232, 75
2026/07/29 14:38:10.874, 264.72, 100, 74232, 76
2026/07/29 14:38:11.908, 298.00, 100, 74232, 75
2026/07/29 14:38:12.942, 258.42, 100, 74232, 74
2026/07/29 14:38:13.983, 287.25, 100, 74232, 74
2026/07/29 14:38:15.019, 295.52, 100, 74232, 74
2026/07/29 14:38:16.056, 292.98, 100, 74232, 74
2026/07/29 14:38:17.093, 287.73, 100, 74232, 74
2026/07/29 14:38:18.133, 290.14, 100, 74232, 74
2026/07/29 14:38:19.170, 295.40, 100, 74232, 74
2026/07/29 14:38:20.207, 296.66, 100, 74232, 74
2026/07/29 14:38:21.244, 294.15, 100, 74232, 74
2026/07/29 14:38:22.280, 100.70, 54, 74232, 72
2026/07/29 14:38:23.313, 303.92, 100, 74232, 76
2026/07/29 14:38:24.351, 297.43, 100, 74232, 76
2026/07/29 14:38:25.385, 286.03, 100, 74232, 76
2026/07/29 14:38:26.421, 307.60, 100, 74232, 76
2026/07/29 14:38:27.458, 294.03, 100, 74232, 76
2026/07/29 14:38:28.493, 272.38, 100, 74232, 76
2026/07/29 14:38:29.526, 297.66, 100, 74232, 76
2026/07/29 14:38:30.561, 303.25, 100, 74232, 74
2026/07/29 14:38:31.597, 304.50, 100, 74232, 74
2026/07/29 14:38:32.634, 302.61, 100, 74232, 74
2026/07/29 14:38:33.671, 301.88, 100, 74232, 74
2026/07/29 14:38:34.708, 304.44, 100, 74232, 74
2026/07/29 14:38:35.746, 300.54, 100, 74232, 74
2026/07/29 14:38:36.786, 302.01, 100, 74232, 74
2026/07/29 14:38:37.823, 303.34, 100, 74232, 74
2026/07/29 14:38:38.861, 304.41, 100, 74232, 74
2026/07/29 14:38:39.898, 295.77, 100, 74232, 74
2026/07/29 14:38:40.934, 295.07, 100, 74232, 74
2026/07/29 14:38:41.971, 323.73, 0, 74232, 75
2026/07/29 14:38:43.010, 290.44, 100, 74232, 76
2026/07/29 14:38:44.044, 290.56, 100, 74232, 76
2026/07/29 14:38:45.078, 302.38, 100, 74232, 76
2026/07/29 14:38:46.114, 301.54, 100, 74232, 75
2026/07/29 14:38:47.147, 293.84, 100, 74232, 75
2026/07/29 14:38:48.181, 311.75, 100, 74232, 76
2026/07/29 14:38:49.216, 299.54, 100, 74232, 74
2026/07/29 14:38:50.252, 299.36, 100, 74232, 74
2026/07/29 14:38:51.289, 301.20, 100, 74232, 74
2026/07/29 14:38:52.326, 300.64, 100, 74232, 74
2026/07/29 14:38:53.363, 299.97, 100, 74232, 74
2026/07/29 14:38:54.400, 300.16, 100, 74232, 74
2026/07/29 14:38:55.438, 300.92, 100, 74232, 74
2026/07/29 14:38:56.477, 290.26, 100, 74232, 74
2026/07/29 14:38:57.516, 298.81, 100, 74232, 74
2026/07/29 14:38:58.552, 299.48, 100, 74232, 74
2026/07/29 14:38:59.591, 296.17, 100, 74232, 74
2026/07/29 14:39:00.628, 296.19, 100, 74232, 74
2026/07/29 14:39:01.665, 103.03, 0, 74232, 71
2026/07/29 14:39:02.698, 298.01, 100, 74232, 75
2026/07/29 14:39:03.732, 298.79, 100, 74232, 75
2026/07/29 14:39:04.767, 327.48, 100, 74232, 76
2026/07/29 14:39:05.800, 290.37, 100, 74232, 76
2026/07/29 14:39:06.837, 276.73, 100, 74232, 75
2026/07/29 14:39:07.872, 318.74, 100, 74232, 75
2026/07/29 14:39:08.908, 285.78, 100, 74232, 75
2026/07/29 14:39:09.946, 302.78, 100, 74232, 74
2026/07/29 14:39:10.983, 303.97, 100, 74232, 74
2026/07/29 14:39:12.020, 300.75, 100, 74232, 74
2026/07/29 14:39:13.058, 291.64, 100, 74232, 74
2026/07/29 14:39:14.097, 102.31, 0, 74232, 71
2026/07/29 14:39:15.130, 311.71, 100, 74232, 75
2026/07/29 14:39:16.165, 297.52, 100, 74232, 74
2026/07/29 14:39:17.202, 297.27, 100, 74232, 74
2026/07/29 14:39:18.238, 298.78, 100, 74232, 74
2026/07/29 14:39:19.274, 298.99, 100, 74232, 74
2026/07/29 14:39:20.311, 303.12, 100, 74232, 74
2026/07/29 14:39:21.347, 299.37, 100, 74232, 74
2026/07/29 14:39:22.384, 298.70, 100, 74232, 74
2026/07/29 14:39:23.426, 289.60, 100, 74232, 74
2026/07/29 14:39:24.464, 292.77, 100, 74232, 74
2026/07/29 14:39:25.501, 295.80, 100, 74232, 74
2026/07/29 14:39:26.539, 293.83, 100, 74232, 74
2026/07/29 14:39:27.577, 293.56, 100, 74232, 74
2026/07/29 14:39:28.617, 292.49, 100, 74232, 74
2026/07/29 14:39:29.655, 293.96, 100, 74232, 74
2026/07/29 14:39:30.692, 300.23, 100, 74232, 74
2026/07/29 14:39:31.730, 300.64, 100, 74232, 74
2026/07/29 14:39:32.768, 302.38, 100, 74232, 74
2026/07/29 14:39:33.806, 302.60, 100, 74232, 74
2026/07/29 14:39:34.843, 302.27, 100, 74232, 74
2026/07/29 14:39:35.883, 296.09, 100, 74232, 74
2026/07/29 14:39:36.920, 290.92, 100, 74232, 74
2026/07/29 14:39:37.960, 293.57, 100, 74232, 74
2026/07/29 14:39:38.998, 303.15, 100, 74232, 74
2026/07/29 14:39:40.038, 299.07, 100, 74232, 74
2026/07/29 14:39:41.075, 302.93, 100, 74232, 74
2026/07/29 14:39:42.113, 303.85, 100, 74232, 74
2026/07/29 14:39:43.150, 297.24, 100, 74232, 74
2026/07/29 14:39:44.188, 304.50, 100, 74232, 74
2026/07/29 14:39:45.225, 297.67, 100, 74232, 74
2026/07/29 14:39:46.264, 298.32, 100, 74232, 74
2026/07/29 14:39:47.302, 294.32, 100, 74232, 74
2026/07/29 14:39:48.340, 298.87, 100, 74232, 74
2026/07/29 14:39:49.378, 299.67, 100, 74232, 74
2026/07/29 14:39:50.415, 300.36, 100, 74232, 74
2026/07/29 14:39:51.456, 302.07, 100, 74232, 74
2026/07/29 14:39:52.495, 304.10, 100, 74232, 74
2026/07/29 14:39:53.533, 294.52, 100, 74232, 74
2026/07/29 14:39:54.571, 294.72, 100, 74232, 74
2026/07/29 14:39:55.609, 300.37, 100, 74232, 74
2026/07/29 14:39:56.647, 293.17, 100, 74232, 74
2026/07/29 14:39:57.684, 302.37, 100, 74232, 74
2026/07/29 14:39:58.725, 301.41, 100, 74232, 74
2026/07/29 14:39:59.763, 300.93, 100, 74232, 74
2026/07/29 14:40:00.800, 300.24, 100, 74232, 74
2026/07/29 14:40:01.838, 302.17, 100, 74232, 74
2026/07/29 14:40:02.876, 300.74, 100, 74232, 74
2026/07/29 14:40:03.916, 298.98, 100, 74232, 74
2026/07/29 14:40:04.954, 298.98, 100, 74232, 74
2026/07/29 14:40:05.991, 300.63, 100, 74232, 74
2026/07/29 14:40:07.030, 290.72, 100, 74232, 74
2026/07/29 14:40:08.067, 286.67, 100, 74232, 73
2026/07/29 14:40:09.108, 291.22, 100, 74232, 74
2026/07/29 14:40:10.145, 294.92, 100, 74232, 74
2026/07/29 14:40:11.182, 295.00, 100, 74232, 73
2026/07/29 14:40:12.218, 294.27, 100, 74232, 74
2026/07/29 14:40:13.257, 301.32, 100, 74232, 74
2026/07/29 14:40:14.295, 299.20, 100, 74232, 74
2026/07/29 14:40:15.333, 302.19, 100, 74232, 74
2026/07/29 14:40:16.378, 299.94, 100, 74232, 74
2026/07/29 14:40:17.415, 304.50, 100, 74232, 74
2026/07/29 14:40:18.455, 296.08, 100, 74232, 73
2026/07/29 14:40:19.496, 300.06, 100, 74232, 73
2026/07/29 14:40:20.534, 299.68, 100, 74232, 73
2026/07/29 14:40:21.572, 300.54, 100, 74232, 73
2026/07/29 14:40:22.614, 286.37, 100, 74232, 73
2026/07/29 14:40:23.652, 285.52, 100, 74232, 73
2026/07/29 14:40:24.694, 289.61, 100, 74232, 73
2026/07/29 14:40:25.732, 301.33, 100, 74232, 73
2026/07/29 14:40:26.769, 298.92, 100, 74232, 73
2026/07/29 14:40:27.808, 301.05, 100, 74232, 73
2026/07/29 14:40:28.846, 301.89, 100, 74232, 73
2026/07/29 14:40:29.884, 301.88, 100, 74232, 73
2026/07/29 14:40:30.923, 301.32, 100, 74232, 73
2026/07/29 14:40:31.960, 301.58, 100, 74232, 73
2026/07/29 14:40:33.000, 301.51, 100, 74232, 73
2026/07/29 14:40:34.038, 300.14, 100, 74232, 73
2026/07/29 14:40:35.074, 299.49, 100, 74232, 73
2026/07/29 14:40:36.114, 300.82, 100, 74232, 73
2026/07/29 14:40:37.151, 300.44, 100, 74232, 73
2026/07/29 14:40:38.189, 301.12, 100, 74232, 74
2026/07/29 14:40:39.226, 299.79, 100, 74232, 73
2026/07/29 14:40:40.272, 298.01, 100, 74232, 73
2026/07/29 14:40:41.310, 298.31, 100, 74232, 73
2026/07/29 14:40:42.348, 294.04, 100, 74232, 73
2026/07/29 14:40:43.387, 306.55, 100, 74232, 74
2026/07/29 14:40:44.426, 295.51, 100, 74232, 74
2026/07/29 14:40:45.465, 296.46, 100, 74232, 74
2026/07/29 14:40:46.503, 302.57, 100, 74232, 74
2026/07/29 14:40:47.551, 303.18, 100, 74232, 74
2026/07/29 14:40:48.592, 301.14, 100, 74232, 74
2026/07/29 14:40:49.630, 302.67, 100, 74232, 74
2026/07/29 14:40:50.668, 302.28, 100, 74232, 74
2026/07/29 14:40:51.706, 299.49, 95, 74232, 75
2026/07/29 14:40:52.741, 301.32, 100, 74232, 75
2026/07/29 14:40:53.775, 303.06, 100, 74232, 75
2026/07/29 14:40:54.808, 305.26, 100, 74232, 75
2026/07/29 14:40:55.845, 308.07, 100, 74232, 75
2026/07/29 14:40:56.886, 261.01, 100, 74232, 75
2026/07/29 14:40:57.924, 258.58, 100, 74232, 74
2026/07/29 14:40:58.964, 297.42, 100, 74232, 73
2026/07/29 14:41:00.001, 295.50, 100, 74232, 73
2026/07/29 14:41:01.040, 293.23, 100, 74232, 74
2026/07/29 14:41:02.080, 300.23, 100, 74232, 74
2026/07/29 14:41:03.118, 305.39, 100, 74232, 74
2026/07/29 14:41:04.155, 101.29, 0, 74232, 71
2026/07/29 14:41:05.188, 295.67, 100, 74232, 75
2026/07/29 14:41:06.222, 299.44, 100, 74232, 75
2026/07/29 14:41:07.256, 310.90, 100, 74232, 75
2026/07/29 14:41:08.291, 297.40, 100, 74232, 76
2026/07/29 14:41:09.326, 286.30, 100, 74232, 75
2026/07/29 14:41:10.361, 268.53, 100, 74232, 75
2026/07/29 14:41:11.398, 303.44, 100, 74232, 74
2026/07/29 14:41:12.436, 298.20, 100, 74232, 74
2026/07/29 14:41:13.474, 298.78, 100, 74232, 74
2026/07/29 14:41:14.510, 303.92, 100, 74232, 74
2026/07/29 14:41:15.547, 300.92, 100, 74232, 73
2026/07/29 14:41:16.581, 294.44, 52, 74232, 75
2026/07/29 14:41:17.617, 290.14, 100, 74232, 75
2026/07/29 14:41:18.654, 309.40, 100, 74232, 75
2026/07/29 14:41:19.690, 290.26, 100, 74232, 76
2026/07/29 14:41:20.726, 303.72, 100, 74232, 76
2026/07/29 14:41:21.763, 291.73, 100, 74232, 76
2026/07/29 14:41:22.799, 277.65, 100, 74232, 76
2026/07/29 14:41:23.835, 302.32, 100, 74232, 74
2026/07/29 14:41:24.872, 302.18, 100, 74232, 74
2026/07/29 14:41:25.908, 303.63, 100, 74232, 74
2026/07/29 14:41:26.947, 292.28, 100, 74232, 74
2026/07/29 14:41:27.985, 292.79, 100, 74232, 74
2026/07/29 14:41:29.027, 295.79, 100, 74232, 74
2026/07/29 14:41:30.065, 296.94, 100, 74232, 74
2026/07/29 14:41:31.102, 293.65, 100, 74232, 74
2026/07/29 14:41:32.141, 293.75, 100, 74232, 74
2026/07/29 14:41:33.179, 295.99, 100, 74232, 74
2026/07/29 14:41:34.217, 296.46, 100, 74232, 74
2026/07/29 14:41:35.255, 100.82, 0, 74232, 71
2026/07/29 14:41:36.288, 284.30, 100, 74232, 75
2026/07/29 14:41:37.322, 301.58, 100, 74232, 76
2026/07/29 14:41:38.356, 293.25, 100, 74232, 76
2026/07/29 14:41:39.390, 292.88, 100, 74232, 75
2026/07/29 14:41:40.425, 295.43, 100, 74232, 76
2026/07/29 14:41:41.459, 307.61, 100, 74232, 76
2026/07/29 14:41:42.494, 298.68, 100, 74232, 74
2026/07/29 14:41:43.532, 302.49, 100, 74232, 74
2026/07/29 14:41:44.568, 303.53, 100, 74232, 74
2026/07/29 14:41:45.605, 298.80, 100, 74232, 74
2026/07/29 14:41:46.641, 299.75, 100, 74232, 74
2026/07/29 14:41:47.680, 298.73, 100, 74232, 74
2026/07/29 14:41:48.716, 304.84, 100, 74232, 74
2026/07/29 14:41:49.753, 297.90, 100, 74232, 74
2026/07/29 14:41:50.789, 302.38, 100, 74232, 74
2026/07/29 14:41:51.829, 304.45, 100, 74232, 74
2026/07/29 14:41:52.867, 298.11, 100, 74232, 74
2026/07/29 14:41:53.906, 301.52, 100, 74232, 74
2026/07/29 14:41:54.945, 303.73, 100, 74232, 74
2026/07/29 14:41:55.983, 298.21, 100, 74232, 74
2026/07/29 14:41:57.019, 289.57, 100, 74232, 74
2026/07/29 14:41:58.058, 299.27, 100, 74232, 74
2026/07/29 14:41:59.104, 300.25, 100, 74232, 74
2026/07/29 14:42:00.142, 303.65, 100, 74232, 74
2026/07/29 14:42:01.180, 302.42, 100, 74232, 74
2026/07/29 14:42:02.221, 302.68, 100, 74232, 74
2026/07/29 14:42:03.260, 296.08, 100, 74232, 74
2026/07/29 14:42:04.303, 101.81, 54, 74232, 71
2026/07/29 14:42:05.337, 100.43, 0, 74232, 70
2026/07/29 14:42:06.369, 99.80, 0, 74232, 70
2026/07/29 14:42:07.401, 98.49, 0, 74232, 69
2026/07/29 14:42:08.433, 96.69, 0, 74232, 68
2026/07/29 14:42:09.467, 96.12, 0, 74232, 68
2026/07/29 14:42:10.499, 96.38, 0, 74232, 67
2026/07/29 14:42:11.531, 94.86, 0, 74232, 67
2026/07/29 14:42:12.563, 94.81, 0, 74232, 67
2026/07/29 14:42:13.595, 95.03, 0, 74232, 66
2026/07/29 14:42:14.627, 93.39, 0, 74232, 66
2026/07/29 14:42:15.659, 92.90, 0, 74232, 65
2026/07/29 14:42:16.692, 92.20, 0, 74232, 65
2026/07/29 14:42:17.726, 92.88, 0, 74232, 65
2026/07/29 14:42:18.757, 91.46, 0, 74232, 64
2026/07/29 14:42:19.789, 92.12, 0, 74232, 64
2026/07/29 14:42:20.821, 91.61, 0, 74232, 64
2026/07/29 14:42:21.853, 90.50, 0, 74232, 63
2026/07/29 14:42:22.885, 90.88, 0, 74232, 63
2026/07/29 14:42:23.916, 90.52, 0, 74232, 63
2026/07/29 14:42:24.946, 90.23, 0, 74232, 62
2026/07/29 14:42:25.978, 89.04, 0, 74232, 62
2026/07/29 14:42:27.008, 89.85, 0, 74232, 62
2026/07/29 14:42:28.040, 88.38, 0, 74232, 62
2026/07/29 14:42:29.071, 88.88, 0, 74232, 61
2026/07/29 14:42:30.104, 87.46, 0, 74232, 61
2026/07/29 14:42:31.135, 87.37, 0, 74232, 61
2026/07/29 14:42:32.166, 86.91, 0, 74232, 61
2026/07/29 14:42:33.198, 300.36, 100, 74232, 66
2026/07/29 14:42:34.233, 301.39, 100, 74232, 66
2026/07/29 14:42:35.270, 298.24, 100, 74232, 67
2026/07/29 14:42:36.305, 305.26, 100, 74232, 67
2026/07/29 14:42:37.340, 298.01, 100, 74232, 65
2026/07/29 14:42:38.379, 288.68, 100, 74232, 66
2026/07/29 14:42:39.417, 301.21, 100, 74232, 66
2026/07/29 14:42:40.454, 299.00, 100, 74232, 66
2026/07/29 14:42:41.491, 292.96, 100, 74232, 66
2026/07/29 14:42:42.529, 295.12, 100, 74232, 67
2026/07/29 14:42:43.566, 291.59, 100, 74232, 68
2026/07/29 14:42:44.602, 284.40, 100, 74232, 69
2026/07/29 14:42:45.637, 311.05, 100, 74232, 69
2026/07/29 14:42:46.730, 306.13, 100, 74232, 69
2026/07/29 14:42:47.765, 242.49, 100, 74232, 68
2026/07/29 14:42:48.802, 288.28, 100, 74232, 68
2026/07/29 14:42:49.838, 292.58, 100, 74232, 68
2026/07/29 14:42:50.874, 301.82, 100, 74232, 68
2026/07/29 14:42:51.910, 291.30, 100, 74232, 69
2026/07/29 14:42:52.947, 271.22, 100, 74232, 70
2026/07/29 14:42:53.982, 293.25, 100, 74232, 71
2026/07/29 14:42:55.015, 288.50, 100, 74232, 71
2026/07/29 14:42:56.048, 310.53, 100, 74232, 71
2026/07/29 14:42:57.081, 294.00, 100, 74232, 71
2026/07/29 14:42:58.114, 302.88, 100, 74232, 70
2026/07/29 14:42:59.151, 294.33, 100, 74232, 70
2026/07/29 14:43:00.188, 302.77, 100, 74232, 70
2026/07/29 14:43:01.225, 282.73, 100, 74232, 72
2026/07/29 14:43:02.262, 293.07, 100, 74232, 72
2026/07/29 14:43:03.295, 281.77, 100, 74232, 72
2026/07/29 14:43:04.330, 271.56, 100, 74232, 72
2026/07/29 14:43:05.364, 284.15, 100, 74232, 71
2026/07/29 14:43:06.400, 288.20, 100, 74232, 71
2026/07/29 14:43:07.438, 293.92, 100, 74232, 71
2026/07/29 14:43:08.476, 288.58, 100, 74232, 71
2026/07/29 14:43:09.516, 295.86, 100, 74232, 71
2026/07/29 14:43:10.552, 293.54, 100, 74232, 71
2026/07/29 14:43:11.591, 293.54, 100, 74232, 71
2026/07/29 14:43:12.628, 298.61, 100, 74232, 72
2026/07/29 14:43:13.664, 296.95, 100, 74232, 72
2026/07/29 14:43:14.701, 299.59, 100, 74232, 72
2026/07/29 14:43:15.737, 297.42, 100, 74232, 72
2026/07/29 14:43:16.771, 301.41, 100, 74232, 72
2026/07/29 14:43:17.808, 295.30, 100, 74232, 72
2026/07/29 14:43:18.843, 303.44, 100, 74232, 72
2026/07/29 14:43:19.880, 296.47, 100, 74232, 72
2026/07/29 14:43:20.917, 299.48, 92, 74232, 71
2026/07/29 14:43:21.951, 296.45, 100, 74232, 74
2026/07/29 14:43:22.989, 312.30, 100, 74232, 74
2026/07/29 14:43:24.025, 305.40, 100, 74232, 74
2026/07/29 14:43:25.060, 278.10, 100, 74232, 74
2026/07/29 14:43:26.101, 299.72, 100, 74232, 74
2026/07/29 14:43:27.137, 307.03, 100, 74232, 72
2026/07/29 14:43:28.176, 305.51, 100, 74232, 72
2026/07/29 14:43:29.214, 300.44, 100, 74232, 72
2026/07/29 14:43:30.255, 301.15, 100, 74232, 74
2026/07/29 14:43:31.288, 292.31, 100, 74232, 74
2026/07/29 14:43:32.325, 315.37, 100, 74232, 75
2026/07/29 14:43:33.360, 295.42, 100, 74232, 74
2026/07/29 14:43:34.395, 313.51, 100, 74232, 75
2026/07/29 14:43:35.430, 300.84, 100, 74232, 73
2026/07/29 14:43:36.470, 298.03, 100, 74232, 73
2026/07/29 14:43:37.508, 297.63, 100, 74232, 73
2026/07/29 14:43:38.547, 300.73, 100, 74232, 73
2026/07/29 14:43:39.583, 299.75, 100, 74232, 73
2026/07/29 14:43:40.619, 301.58, 100, 74232, 73
2026/07/29 14:43:41.656, 294.99, 100, 74232, 73
2026/07/29 14:43:42.694, 293.37, 100, 74232, 73
2026/07/29 14:43:43.731, 295.21, 100, 74232, 73
2026/07/29 14:43:44.767, 290.34, 100, 74232, 73
2026/07/29 14:43:45.804, 293.84, 100, 74232, 73
2026/07/29 14:43:46.840, 296.17, 100, 74232, 73
2026/07/29 14:43:47.875, 290.06, 100, 74232, 73
2026/07/29 14:43:48.913, 302.37, 100, 74232, 74
2026/07/29 14:43:49.951, 305.10, 100, 74232, 74
2026/07/29 14:43:50.989, 299.26, 100, 74232, 74
2026/07/29 14:43:52.025, 301.99, 100, 74232, 74
2026/07/29 14:43:53.061, 304.60, 100, 74232, 74
2026/07/29 14:43:54.096, 301.60, 100, 74232, 74
2026/07/29 14:43:55.133, 302.38, 100, 74232, 74
2026/07/29 14:43:56.170, 307.35, 100, 74232, 74
2026/07/29 14:43:57.207, 301.32, 100, 74232, 74
2026/07/29 14:43:58.243, 301.97, 100, 74232, 74
2026/07/29 14:43:59.281, 298.65, 100, 74232, 74
2026/07/29 14:44:00.317, 301.68, 100, 74232, 74
2026/07/29 14:44:01.353, 301.98, 100, 74232, 74
2026/07/29 14:44:02.390, 299.07, 100, 74232, 73
2026/07/29 14:44:03.428, 295.78, 100, 74232, 73
2026/07/29 14:44:04.464, 294.61, 100, 74232, 73
2026/07/29 14:44:05.502, 294.70, 100, 74232, 73
2026/07/29 14:44:06.538, 302.61, 100, 74232, 73
2026/07/29 14:44:07.574, 298.89, 100, 74232, 73
2026/07/29 14:44:08.611, 293.33, 100, 74232, 73
2026/07/29 14:44:09.647, 302.38, 100, 74232, 73
2026/07/29 14:44:10.686, 299.95, 100, 74232, 73
2026/07/29 14:44:11.721, 301.33, 100, 74232, 74
2026/07/29 14:44:12.758, 302.29, 100, 74232, 73
2026/07/29 14:44:13.793, 300.75, 100, 74232, 73
2026/07/29 14:44:14.830, 302.86, 100, 74232, 73
2026/07/29 14:44:15.866, 301.36, 100, 74232, 73
2026/07/29 14:44:16.902, 301.88, 100, 74232, 73
2026/07/29 14:44:17.938, 301.63, 100, 74232, 73
2026/07/29 14:44:18.975, 297.70, 100, 74232, 73
2026/07/29 14:44:20.010, 301.60, 100, 74232, 73
2026/07/29 14:44:21.050, 302.18, 100, 74232, 73
2026/07/29 14:44:22.086, 290.17, 100, 74232, 73
2026/07/29 14:44:23.124, 295.49, 100, 74232, 73
2026/07/29 14:44:24.160, 305.58, 100, 74232, 73
2026/07/29 14:44:25.195, 301.69, 100, 74232, 73
2026/07/29 14:44:26.232, 295.09, 100, 74232, 73
2026/07/29 14:44:27.269, 295.81, 100, 74232, 73
2026/07/29 14:44:28.306, 300.76, 100, 74232, 73
2026/07/29 14:44:29.343, 294.05, 100, 74232, 73
2026/07/29 14:44:30.380, 286.93, 100, 74232, 73
2026/07/29 14:44:31.419, 296.56, 100, 74232, 73
2026/07/29 14:44:32.455, 290.84, 100, 74232, 73
2026/07/29 14:44:33.493, 290.90, 100, 74232, 73
2026/07/29 14:44:34.530, 293.82, 100, 74232, 73
2026/07/29 14:44:35.567, 300.44, 100, 74232, 73
2026/07/29 14:44:36.603, 298.60, 100, 74232, 73
2026/07/29 14:44:37.641, 295.50, 100, 74232, 73
2026/07/29 14:44:38.677, 292.08, 100, 74232, 73
2026/07/29 14:44:39.716, 291.80, 100, 74232, 73
2026/07/29 14:44:40.752, 294.81, 100, 74232, 73
2026/07/29 14:44:41.789, 290.42, 100, 74232, 73
2026/07/29 14:44:42.826, 292.16, 100, 74232, 73
2026/07/29 14:44:43.864, 295.68, 100, 74232, 73
2026/07/29 14:44:44.902, 289.94, 100, 74232, 73
2026/07/29 14:44:45.943, 298.11, 100, 74232, 73
2026/07/29 14:44:46.980, 302.09, 100, 74232, 73
2026/07/29 14:44:48.016, 303.34, 100, 74232, 73
2026/07/29 14:44:49.052, 302.01, 100, 74232, 73
2026/07/29 14:44:50.090, 300.77, 100, 74232, 73
2026/07/29 14:44:51.128, 301.90, 100, 74232, 73
2026/07/29 14:44:52.166, 293.14, 100, 74232, 73
2026/07/29 14:44:53.203, 289.68, 100, 74232, 73
2026/07/29 14:44:54.240, 294.51, 100, 74232, 73
2026/07/29 14:44:55.278, 297.23, 100, 74232, 73
2026/07/29 14:44:56.315, 299.36, 100, 74232, 73
2026/07/29 14:44:57.352, 301.89, 100, 74232, 72
2026/07/29 14:44:58.389, 299.28, 100, 74232, 75
2026/07/29 14:44:59.424, 295.11, 100, 74232, 75
2026/07/29 14:45:00.457, 300.11, 100, 74232, 75
2026/07/29 14:45:01.492, 311.15, 100, 74232, 75
2026/07/29 14:45:02.529, 278.26, 100, 74232, 75
2026/07/29 14:45:03.566, 262.90, 100, 74232, 73
2026/07/29 14:45:04.604, 289.74, 100, 74232, 73
2026/07/29 14:45:05.645, 295.00, 100, 74232, 73
2026/07/29 14:45:06.682, 298.88, 100, 74232, 73
2026/07/29 14:45:07.719, 293.15, 100, 74232, 73
2026/07/29 14:45:08.757, 291.60, 99, 74232, 74
2026/07/29 14:45:09.791, 303.61, 100, 74232, 75
2026/07/29 14:45:10.827, 294.31, 100, 74232, 75
2026/07/29 14:45:11.869, 288.12, 100, 74232, 75
2026/07/29 14:45:12.903, 291.98, 100, 74232, 75
2026/07/29 14:45:13.937, 300.72, 100, 74232, 75
2026/07/29 14:45:14.973, 302.57, 100, 74232, 73
2026/07/29 14:45:16.012, 301.10, 100, 74232, 73
2026/07/29 14:45:17.051, 303.27, 100, 74232, 73
2026/07/29 14:45:18.090, 302.20, 100, 74232, 74
2026/07/29 14:45:19.126, 99.74, 0, 74232, 70
2026/07/29 14:45:20.160, 280.71, 100, 74232, 75
2026/07/29 14:45:21.195, 292.15, 100, 74232, 75
2026/07/29 14:45:22.230, 301.03, 100, 74232, 75
2026/07/29 14:45:23.266, 305.24, 100, 74232, 75
2026/07/29 14:45:24.308, 293.25, 100, 74232, 75
2026/07/29 14:45:25.344, 298.79, 100, 74232, 74
2026/07/29 14:45:26.382, 298.79, 100, 74232, 73
2026/07/29 14:45:27.419, 297.92, 100, 74232, 74
2026/07/29 14:45:28.458, 301.88, 85, 74232, 75
2026/07/29 14:45:29.493, 299.70, 100, 74232, 76
2026/07/29 14:45:30.529, 294.90, 100, 74232, 75
2026/07/29 14:45:31.563, 297.31, 100, 74232, 76
2026/07/29 14:45:32.596, 292.02, 100, 74232, 76
2026/07/29 14:45:33.630, 317.98, 100, 74232, 76
2026/07/29 14:45:34.665, 290.64, 100, 74232, 76
2026/07/29 14:45:35.703, 302.67, 100, 74232, 74
2026/07/29 14:45:36.741, 289.67, 100, 74232, 74
2026/07/29 14:45:37.778, 289.48, 100, 74232, 74
2026/07/29 14:45:38.819, 294.63, 100, 74232, 74
2026/07/29 14:45:39.856, 289.47, 100, 74232, 74
2026/07/29 14:45:40.894, 296.67, 100, 74232, 74
2026/07/29 14:45:41.931, 293.25, 100, 74232, 74
2026/07/29 14:45:42.974, 292.97, 100, 74232, 75
2026/07/29 14:45:44.010, 295.96, 100, 74232, 75
2026/07/29 14:45:45.045, 305.37, 100, 74232, 75
2026/07/29 14:45:46.083, 297.65, 100, 74232, 75
2026/07/29 14:45:47.120, 302.36, 100, 74232, 75
2026/07/29 14:45:48.159, 293.16, 100, 74232, 75
2026/07/29 14:45:49.198, 289.17, 100, 74232, 75
2026/07/29 14:45:50.238, 292.58, 100, 74232, 74
2026/07/29 14:45:51.275, 296.37, 100, 74232, 74
2026/07/29 14:45:52.313, 303.33, 100, 74232, 75
2026/07/29 14:45:53.350, 304.83, 100, 74232, 75
2026/07/29 14:45:54.389, 302.40, 100, 74232, 74
2026/07/29 14:45:55.428, 295.79, 100, 74232, 74
2026/07/29 14:45:56.466, 297.13, 100, 74232, 74
2026/07/29 14:45:57.504, 296.85, 100, 74232, 74
2026/07/29 14:45:58.542, 295.31, 100, 74232, 74
2026/07/29 14:45:59.581, 302.15, 100, 74232, 74
2026/07/29 14:46:00.621, 303.93, 100, 74232, 74
2026/07/29 14:46:01.659, 300.04, 100, 74232, 74
2026/07/29 14:46:02.697, 299.24, 100, 74232, 74
2026/07/29 14:46:03.734, 303.26, 100, 74232, 74
2026/07/29 14:46:04.775, 303.63, 100, 74232, 74
2026/07/29 14:46:05.812, 304.89, 100, 74232, 74
2026/07/29 14:46:06.849, 301.22, 100, 74232, 74
2026/07/29 14:46:07.886, 303.08, 100, 74232, 74
2026/07/29 14:46:08.924, 295.88, 100, 74232, 74
2026/07/29 14:46:09.962, 304.20, 100, 74232, 74
2026/07/29 14:46:10.998, 297.33, 100, 74232, 74
2026/07/29 14:46:12.036, 303.93, 100, 74232, 74
2026/07/29 14:46:13.074, 304.11, 100, 74232, 74
2026/07/29 14:46:14.112, 292.57, 100, 74232, 74
2026/07/29 14:46:15.149, 294.69, 100, 74232, 74
2026/07/29 14:46:16.190, 294.03, 100, 74232, 74
2026/07/29 14:46:17.228, 295.97, 100, 74232, 74
2026/07/29 14:46:18.267, 289.15, 100, 74232, 74
2026/07/29 14:46:19.306, 300.62, 100, 74232, 74
2026/07/29 14:46:20.342, 302.67, 100, 74232, 74
2026/07/29 14:46:21.380, 299.26, 100, 74232, 74
2026/07/29 14:46:22.419, 297.23, 100, 74232, 74
2026/07/29 14:46:23.455, 302.77, 100, 74232, 74
2026/07/29 14:46:24.493, 304.31, 100, 74232, 74
2026/07/29 14:46:25.532, 302.19, 100, 74232, 74
2026/07/29 14:46:26.570, 295.59, 100, 74232, 74
2026/07/29 14:46:27.608, 296.96, 100, 74232, 74
2026/07/29 14:46:28.650, 292.19, 100, 74232, 74
2026/07/29 14:46:29.688, 292.01, 100, 74232, 74
2026/07/29 14:46:30.725, 295.37, 100, 74232, 74
2026/07/29 14:46:31.764, 297.73, 100, 74232, 74
2026/07/29 14:46:32.801, 302.18, 100, 74232, 74
2026/07/29 14:46:33.843, 293.63, 100, 74232, 74
2026/07/29 14:46:34.879, 291.90, 100, 74232, 74
2026/07/29 14:46:35.916, 295.89, 100, 74232, 74
2026/07/29 14:46:36.954, 296.67, 100, 74232, 74
2026/07/29 14:46:37.991, 293.36, 100, 74232, 74
2026/07/29 14:46:39.028, 293.06, 100, 74232, 74
2026/07/29 14:46:40.066, 295.02, 100, 74232, 74
2026/07/29 14:46:41.104, 300.91, 100, 74232, 74
2026/07/29 14:46:42.141, 292.97, 100, 74232, 74
2026/07/29 14:46:43.182, 295.39, 100, 74232, 74
2026/07/29 14:46:44.220, 294.34, 100, 74232, 74
2026/07/29 14:46:45.257, 100.66, 0, 74232, 70
2026/07/29 14:46:46.290, 292.98, 100, 74232, 75
2026/07/29 14:46:47.325, 296.38, 100, 74232, 75
2026/07/29 14:46:48.359, 294.41, 100, 74232, 75
2026/07/29 14:46:49.394, 302.02, 100, 74232, 75
2026/07/29 14:46:50.429, 291.48, 100, 74232, 75
2026/07/29 14:46:51.468, 279.62, 100, 74232, 75
2026/07/29 14:46:52.504, 302.37, 100, 74232, 74
2026/07/29 14:46:53.541, 302.86, 100, 74232, 74
2026/07/29 14:46:54.578, 306.63, 100, 74232, 74
2026/07/29 14:46:55.616, 300.64, 100, 74232, 74
2026/07/29 14:46:56.654, 292.55, 59, 74232, 75
2026/07/29 14:46:57.689, 298.87, 100, 74232, 75
2026/07/29 14:46:58.724, 325.68, 100, 74232, 75
2026/07/29 14:46:59.761, 294.40, 100, 74232, 75
2026/07/29 14:47:00.798, 279.27, 100, 74232, 76
2026/07/29 14:47:01.835, 312.76, 100, 74232, 75
2026/07/29 14:47:02.870, 299.76, 100, 74232, 75
2026/07/29 14:47:03.906, 302.65, 100, 74232, 74
2026/07/29 14:47:04.943, 296.25, 100, 74232, 74
2026/07/29 14:47:05.981, 302.86, 100, 74232, 74
2026/07/29 14:47:07.022, 331.80, 75, 74232, 75
2026/07/29 14:47:08.129, 303.61, 100, 74232, 76
2026/07/29 14:47:09.165, 296.85, 100, 74232, 76
2026/07/29 14:47:10.202, 280.41, 100, 74232, 76
2026/07/29 14:47:11.239, 284.44, 100, 74232, 76
2026/07/29 14:47:12.278, 310.73, 100, 74232, 76
2026/07/29 14:47:13.314, 313.32, 100, 74232, 76
2026/07/29 14:47:14.350, 304.70, 100, 74232, 74
2026/07/29 14:47:15.387, 302.35, 100, 74232, 74
2026/07/29 14:47:16.425, 299.08, 100, 74232, 74
2026/07/29 14:47:17.462, 301.04, 100, 74232, 74
2026/07/29 14:47:18.499, 297.32, 100, 74232, 74
2026/07/29 14:47:19.537, 296.85, 100, 74232, 74
2026/07/29 14:47:20.575, 295.20, 100, 74232, 74
2026/07/29 14:47:21.612, 296.95, 100, 74232, 74
2026/07/29 14:47:22.653, 295.31, 100, 74232, 75
2026/07/29 14:47:23.691, 298.39, 100, 74232, 75
2026/07/29 14:47:24.728, 303.53, 100, 74232, 75
2026/07/29 14:47:25.765, 301.21, 100, 74232, 75
2026/07/29 14:47:26.802, 303.83, 100, 74232, 74
2026/07/29 14:47:27.839, 295.88, 100, 74232, 74
2026/07/29 14:47:28.880, 297.35, 100, 74232, 74
2026/07/29 14:47:29.918, 304.55, 100, 74232, 75
2026/07/29 14:47:30.955, 301.91, 100, 74232, 75
2026/07/29 14:47:31.993, 304.31, 100, 74232, 74
2026/07/29 14:47:33.031, 299.96, 100, 74232, 74
2026/07/29 14:47:34.068, 302.46, 100, 74232, 74
2026/07/29 14:47:35.104, 304.60, 100, 74232, 74
2026/07/29 14:47:36.149, 299.56, 100, 74232, 74
2026/07/29 14:47:37.187, 298.49, 100, 74232, 74
2026/07/29 14:47:38.224, 302.80, 100, 74232, 74
2026/07/29 14:47:39.266, 303.83, 100, 74232, 74
2026/07/29 14:47:40.303, 296.66, 100, 74232, 74
2026/07/29 14:47:41.342, 293.46, 100, 74232, 74
2026/07/29 14:47:42.380, 292.77, 100, 74232, 74
2026/07/29 14:47:43.419, 295.30, 100, 74232, 74
2026/07/29 14:47:44.457, 296.36, 100, 74232, 74
2026/07/29 14:47:45.495, 291.12, 100, 74232, 74
2026/07/29 14:47:46.531, 292.49, 100, 74232, 74
2026/07/29 14:47:47.569, 295.10, 100, 74232, 74
2026/07/29 14:47:48.606, 291.11, 100, 74232, 74
2026/07/29 14:47:49.645, 294.92, 100, 74232, 74
2026/07/29 14:47:50.683, 300.75, 100, 74232, 74
2026/07/29 14:47:51.721, 295.88, 100, 74232, 74
2026/07/29 14:47:52.759, 292.00, 100, 74232, 74
2026/07/29 14:47:53.796, 296.85, 100, 74232, 74
2026/07/29 14:47:54.835, 302.10, 100, 74232, 74
2026/07/29 14:47:55.873, 300.05, 100, 74232, 74
2026/07/29 14:47:56.911, 302.96, 100, 74232, 74
2026/07/29 14:47:57.950, 289.56, 100, 74232, 74
2026/07/29 14:47:58.990, 294.53, 100, 74232, 74
2026/07/29 14:48:00.029, 301.88, 100, 74232, 74
2026/07/29 14:48:01.067, 304.03, 100, 74232, 74
2026/07/29 14:48:02.105, 297.71, 100, 74232, 74
2026/07/29 14:48:03.143, 298.58, 100, 74232, 74
2026/07/29 14:48:04.180, 301.79, 100, 74232, 74
2026/07/29 14:48:05.217, 301.22, 100, 74232, 74
2026/07/29 14:48:06.253, 298.70, 100, 74232, 74
2026/07/29 14:48:07.293, 291.14, 100, 74232, 74
2026/07/29 14:48:08.330, 300.67, 100, 74232, 74
2026/07/29 14:48:09.367, 302.57, 100, 74232, 74
2026/07/29 14:48:10.406, 294.80, 100, 74232, 73
2026/07/29 14:48:11.445, 292.20, 100, 74232, 73
2026/07/29 14:48:12.485, 292.67, 100, 74232, 73
2026/07/29 14:48:13.524, 299.10, 100, 74232, 74
2026/07/29 14:48:14.562, 302.38, 100, 74232, 74
2026/07/29 14:48:15.599, 302.77, 100, 74232, 74
2026/07/29 14:48:16.637, 303.24, 100, 74232, 73
2026/07/29 14:48:17.675, 293.17, 100, 74232, 73
2026/07/29 14:48:18.714, 293.16, 100, 74232, 73
2026/07/29 14:48:19.751, 301.99, 100, 74232, 73
2026/07/29 14:48:20.790, 302.98, 100, 74232, 73
2026/07/29 14:48:21.828, 299.57, 100, 74232, 73
2026/07/29 14:48:22.867, 302.69, 100, 74232, 73
2026/07/29 14:48:23.906, 299.49, 100, 74232, 73
2026/07/29 14:48:24.944, 302.58, 100, 74232, 73
2026/07/29 14:48:25.984, 302.47, 100, 74232, 73
2026/07/29 14:48:27.022, 295.79, 100, 74232, 73
2026/07/29 14:48:28.060, 295.98, 100, 74232, 73
2026/07/29 14:48:29.101, 297.24, 100, 74232, 73
2026/07/29 14:48:30.140, 297.16, 100, 74232, 73
2026/07/29 14:48:31.179, 301.49, 100, 74232, 73
2026/07/29 14:48:32.217, 303.15, 100, 74232, 73
2026/07/29 14:48:33.254, 299.38, 100, 74232, 73
2026/07/29 14:48:34.293, 297.71, 100, 74232, 73
2026/07/29 14:48:35.336, 301.92, 100, 74232, 73
2026/07/29 14:48:36.376, 302.67, 100, 74232, 73
2026/07/29 14:48:37.414, 297.27, 100, 74232, 73
2026/07/29 14:48:38.453, 301.68, 100, 74232, 73
2026/07/29 14:48:39.492, 301.79, 100, 74232, 73
2026/07/29 14:48:40.531, 302.18, 100, 74232, 73
2026/07/29 14:48:41.568, 298.22, 100, 74232, 73
2026/07/29 14:48:42.606, 305.20, 100, 74232, 73
2026/07/29 14:48:43.643, 301.31, 100, 74232, 73
2026/07/29 14:48:44.680, 302.02, 100, 74232, 73
2026/07/29 14:48:45.717, 302.88, 100, 74232, 73
2026/07/29 14:48:46.755, 302.57, 100, 74232, 73
2026/07/29 14:48:47.793, 298.41, 100, 74232, 73
2026/07/29 14:48:48.831, 301.31, 100, 74232, 73
2026/07/29 14:48:49.868, 301.29, 100, 74232, 73
2026/07/29 14:48:50.906, 301.52, 100, 74232, 73
2026/07/29 14:48:51.947, 305.29, 100, 74232, 73
2026/07/29 14:48:52.984, 301.54, 100, 74232, 73
2026/07/29 14:48:54.022, 292.77, 100, 74232, 73
2026/07/29 14:48:55.066, 302.95, 100, 74232, 73
2026/07/29 14:48:56.104, 301.51, 100, 74232, 73
2026/07/29 14:48:57.142, 302.39, 100, 74232, 73
2026/07/29 14:48:58.183, 296.95, 100, 74232, 73
2026/07/29 14:48:59.220, 305.96, 100, 74232, 73
2026/07/29 14:49:00.258, 301.11, 100, 74232, 73
2026/07/29 14:49:01.297, 302.10, 100, 74232, 73
2026/07/29 14:49:02.335, 301.60, 100, 74232, 73
2026/07/29 14:49:03.372, 303.05, 100, 74232, 73
2026/07/29 14:49:04.410, 298.81, 100, 74232, 73
2026/07/29 14:49:05.447, 287.41, 100, 74232, 73
2026/07/29 14:49:06.485, 293.06, 100, 74232, 73
2026/07/29 14:49:07.524, 291.32, 100, 74232, 73
2026/07/29 14:49:08.563, 297.04, 100, 74232, 73
2026/07/29 14:49:09.603, 299.37, 100, 74232, 73
2026/07/29 14:49:10.641, 297.43, 100, 74232, 73
2026/07/29 14:49:11.679, 298.89, 100, 74232, 73
2026/07/29 14:49:12.717, 301.71, 100, 74232, 73
2026/07/29 14:49:13.754, 294.93, 100, 74232, 73
2026/07/29 14:49:14.793, 295.98, 100, 74232, 73
2026/07/29 14:49:15.830, 292.00, 100, 74232, 73
2026/07/29 14:49:16.872, 291.15, 100, 74232, 73
2026/07/29 14:49:17.910, 293.94, 100, 74232, 73
2026/07/29 14:49:18.947, 296.94, 100, 74232, 73
2026/07/29 14:49:19.986, 302.47, 100, 74232, 74
2026/07/29 14:49:21.027, 299.55, 100, 74232, 73
2026/07/29 14:49:22.069, 302.48, 100, 74232, 73
2026/07/29 14:49:23.107, 295.58, 100, 74232, 73
2026/07/29 14:49:24.144, 290.34, 100, 74232, 73
2026/07/29 14:49:25.185, 298.41, 100, 74232, 73
2026/07/29 14:49:26.221, 302.60, 100, 74232, 73
2026/07/29 14:49:27.258, 303.09, 100, 74232, 73
2026/07/29 14:49:28.297, 303.25, 100, 74232, 73
2026/07/29 14:49:29.335, 298.00, 100, 74232, 73
2026/07/29 14:49:30.373, 301.58, 100, 74232, 73
2026/07/29 14:49:31.411, 297.52, 100, 74232, 73
2026/07/29 14:49:32.449, 302.30, 100, 74232, 73
2026/07/29 14:49:33.486, 296.85, 100, 74232, 73
2026/07/29 14:49:34.526, 294.73, 100, 74232, 73
2026/07/29 14:49:35.564, 292.09, 100, 74232, 73
2026/07/29 14:49:36.605, 294.15, 100, 74232, 73
2026/07/29 14:49:37.643, 295.68, 100, 74232, 73
2026/07/29 14:49:38.681, 298.41, 100, 74232, 73
2026/07/29 14:49:39.719, 303.63, 100, 74232, 74
2026/07/29 14:49:40.757, 299.28, 100, 74232, 74
2026/07/29 14:49:41.796, 297.82, 100, 74232, 74
2026/07/29 14:49:42.834, 301.72, 100, 74232, 73
2026/07/29 14:49:43.873, 303.44, 100, 74232, 74
2026/07/29 14:49:44.911, 302.86, 100, 74232, 73
2026/07/29 14:49:45.950, 304.31, 100, 74232, 74
2026/07/29 14:49:46.989, 301.29, 100, 74232, 73
2026/07/29 14:49:48.027, 301.99, 100, 74232, 73
2026/07/29 14:49:49.065, 302.68, 100, 74232, 73
2026/07/29 14:49:50.107, 303.87, 100, 74232, 73
2026/07/29 14:49:51.146, 298.78, 100, 74232, 73
2026/07/29 14:49:52.183, 302.96, 100, 74232, 73
2026/07/29 14:49:53.221, 296.78, 100, 74232, 73
2026/07/29 14:49:54.259, 301.50, 100, 74232, 73
2026/07/29 14:49:55.298, 292.76, 100, 74232, 73
2026/07/29 14:49:56.335, 291.03, 100, 74232, 73
2026/07/29 14:49:57.377, 292.39, 100, 74232, 73
2026/07/29 14:49:58.415, 301.70, 100, 74232, 73
2026/07/29 14:49:59.453, 303.09, 100, 74232, 73
2026/07/29 14:50:00.491, 298.59, 100, 74232, 73
2026/07/29 14:50:01.528, 303.09, 100, 74232, 73
2026/07/29 14:50:02.567, 299.85, 100, 74232, 73
2026/07/29 14:50:03.605, 301.31, 100, 74232, 73
2026/07/29 14:50:04.643, 300.73, 100, 74232, 73
2026/07/29 14:50:05.681, 302.08, 100, 74232, 73
2026/07/29 14:50:06.718, 302.19, 100, 74232, 73
2026/07/29 14:50:07.755, 295.87, 100, 74232, 73
2026/07/29 14:50:08.792, 295.99, 100, 74232, 73
2026/07/29 14:50:09.831, 291.59, 100, 74232, 73
2026/07/29 14:50:10.868, 292.88, 100, 74232, 73
2026/07/29 14:50:11.906, 291.41, 100, 74232, 73
2026/07/29 14:50:12.944, 293.18, 100, 74232, 73
2026/07/29 14:50:13.983, 294.61, 100, 74232, 73
2026/07/29 14:50:15.021, 294.82, 100, 74232, 73
2026/07/29 14:50:16.058, 294.43, 100, 74232, 73
2026/07/29 14:50:17.096, 296.86, 100, 74232, 73
2026/07/29 14:50:18.133, 302.48, 100, 74232, 73
2026/07/29 14:50:19.171, 297.62, 100, 74232, 73
2026/07/29 14:50:20.208, 297.62, 100, 74232, 73
2026/07/29 14:50:21.245, 291.99, 100, 74232, 73
2026/07/29 14:50:22.283, 300.92, 100, 74232, 73
2026/07/29 14:50:23.324, 294.71, 100, 74232, 73
2026/07/29 14:50:24.362, 289.40, 100, 74232, 73
2026/07/29 14:50:25.400, 295.01, 100, 74232, 73
2026/07/29 14:50:26.439, 294.72, 100, 74232, 73
2026/07/29 14:50:27.476, 299.09, 100, 74232, 73
2026/07/29 14:50:28.514, 296.18, 100, 74232, 73
2026/07/29 14:50:29.551, 297.43, 100, 74232, 73
2026/07/29 14:50:30.589, 297.92, 100, 74232, 73
2026/07/29 14:50:31.627, 299.00, 100, 74232, 74
2026/07/29 14:50:32.665, 301.52, 100, 74232, 74
2026/07/29 14:50:33.702, 303.34, 100, 74232, 74
2026/07/29 14:50:34.739, 302.37, 100, 74232, 74
2026/07/29 14:50:35.776, 303.05, 100, 74232, 74
2026/07/29 14:50:36.814, 304.69, 100, 74232, 74
2026/07/29 14:50:37.852, 303.35, 100, 74232, 74
2026/07/29 14:50:38.889, 304.02, 100, 74232, 74
2026/07/29 14:50:39.927, 300.05, 100, 74232, 74
2026/07/29 14:50:40.965, 301.42, 100, 74232, 74
2026/07/29 14:50:42.005, 290.72, 100, 74232, 73
2026/07/29 14:50:43.043, 291.41, 100, 74232, 73
2026/07/29 14:50:44.081, 298.49, 100, 74232, 74
2026/07/29 14:50:45.119, 302.86, 100, 74232, 74
2026/07/29 14:50:46.156, 304.31, 100, 74232, 74
2026/07/29 14:50:47.194, 301.73, 100, 74232, 74
2026/07/29 14:50:48.232, 295.89, 100, 74232, 74
2026/07/29 14:50:49.270, 298.98, 100, 74232, 74
2026/07/29 14:50:50.309, 298.78, 100, 74232, 74
2026/07/29 14:50:51.347, 291.99, 100, 74232, 74
2026/07/29 14:50:52.384, 293.95, 100, 74232, 74
2026/07/29 14:50:53.425, 296.08, 100, 74232, 73
2026/07/29 14:50:54.462, 300.75, 100, 74232, 74
2026/07/29 14:50:55.499, 291.43, 100, 74232, 73
2026/07/29 14:50:56.536, 296.46, 100, 74232, 73
2026/07/29 14:50:57.574, 295.21, 100, 74232, 73
2026/07/29 14:50:58.612, 302.50, 100, 74232, 74
2026/07/29 14:50:59.652, 300.75, 100, 74232, 74
2026/07/29 14:51:00.689, 302.47, 100, 74232, 74
2026/07/29 14:51:01.726, 301.99, 100, 74232, 74
2026/07/29 14:51:02.764, 302.09, 100, 74232, 73
2026/07/29 14:51:03.803, 297.17, 100, 74232, 73
2026/07/29 14:51:04.841, 295.60, 100, 74232, 73
2026/07/29 14:51:05.880, 296.28, 100, 74232, 73
2026/07/29 14:51:06.919, 297.84, 100, 74232, 73
2026/07/29 14:51:07.956, 291.81, 100, 74232, 73
2026/07/29 14:51:08.997, 294.07, 100, 74232, 73
2026/07/29 14:51:10.036, 295.39, 100, 74232, 73
2026/07/29 14:51:11.074, 298.29, 100, 74232, 73
2026/07/29 14:51:12.112, 294.43, 100, 74232, 73
2026/07/29 14:51:13.151, 294.72, 100, 74232, 73
2026/07/29 14:51:14.190, 293.35, 100, 74232, 73
2026/07/29 14:51:15.227, 297.81, 100, 74232, 73
2026/07/29 14:51:16.267, 291.72, 100, 74232, 73
2026/07/29 14:51:17.306, 302.65, 100, 74232, 73
2026/07/29 14:51:18.343, 302.27, 100, 74232, 73
2026/07/29 14:51:19.381, 296.67, 100, 74232, 73
2026/07/29 14:51:20.418, 292.37, 100, 74232, 73
2026/07/29 14:51:21.459, 291.22, 100, 74232, 73
2026/07/29 14:51:22.496, 291.89, 100, 74232, 73
2026/07/29 14:51:23.533, 293.35, 100, 74232, 73
2026/07/29 14:51:24.572, 291.49, 100, 74232, 73
2026/07/29 14:51:25.611, 292.88, 100, 74232, 73
2026/07/29 14:51:26.656, 293.94, 100, 74232, 73
2026/07/29 14:51:27.694, 293.91, 100, 74232, 73
2026/07/29 14:51:28.732, 294.14, 100, 74232, 73
2026/07/29 14:51:29.772, 295.30, 100, 74232, 73
2026/07/29 14:51:30.810, 301.61, 100, 74232, 73
2026/07/29 14:51:31.847, 302.29, 100, 74232, 73
2026/07/29 14:51:32.884, 302.57, 100, 74232, 73
2026/07/29 14:51:33.923, 302.10, 100, 74232, 73
2026/07/29 14:51:34.965, 302.32, 100, 74232, 73
2026/07/29 14:51:36.002, 303.16, 100, 74232, 73
2026/07/29 14:51:37.040, 301.83, 100, 74232, 73
2026/07/29 14:51:38.077, 302.75, 100, 74232, 73
2026/07/29 14:51:39.114, 299.56, 100, 74232, 73
2026/07/29 14:51:40.152, 302.21, 100, 74232, 73
2026/07/29 14:51:41.189, 298.27, 100, 74232, 73
2026/07/29 14:51:42.232, 299.68, 100, 74232, 72
2026/07/29 14:51:43.269, 296.65, 100, 74232, 72
2026/07/29 14:51:44.309, 298.41, 100, 74232, 72
2026/07/29 14:51:45.349, 300.81, 100, 74232, 72
2026/07/29 14:51:46.387, 299.09, 100, 74232, 72
2026/07/29 14:51:47.425, 299.78, 100, 74232, 72
2026/07/29 14:51:48.463, 299.85, 100, 74232, 72
2026/07/29 14:51:49.500, 299.35, 100, 74232, 72
2026/07/29 14:51:50.539, 303.72, 100, 74232, 72
2026/07/29 14:51:51.577, 301.00, 100, 74232, 72
2026/07/29 14:51:52.615, 295.96, 100, 74232, 72
2026/07/29 14:51:53.652, 300.73, 100, 74232, 71
2026/07/29 14:51:54.689, 295.09, 100, 74232, 71
2026/07/29 14:51:55.726, 296.76, 100, 74232, 71
2026/07/29 14:51:56.764, 304.14, 100, 74232, 71
2026/07/29 14:51:57.801, 297.14, 100, 74232, 71
2026/07/29 14:51:58.837, 305.59, 100, 74232, 71
2026/07/29 14:51:59.875, 297.44, 100, 74232, 71
2026/07/29 14:52:00.913, 298.21, 100, 74232, 71
2026/07/29 14:52:01.953, 298.30, 100, 74232, 71
2026/07/29 14:52:02.990, 299.17, 100, 74232, 71
2026/07/29 14:52:04.029, 298.89, 100, 74232, 71
2026/07/29 14:52:05.067, 299.58, 100, 74232, 71
2026/07/29 14:52:06.107, 296.47, 100, 74232, 71
2026/07/29 14:52:07.145, 98.17, 100, 74232, 68
2026/07/29 14:52:08.178, 305.95, 100, 74232, 72
2026/07/29 14:52:09.212, 297.62, 100, 74232, 72
2026/07/29 14:52:10.247, 289.29, 100, 74232, 72
2026/07/29 14:52:11.283, 271.36, 100, 74232, 72
2026/07/29 14:52:12.322, 264.11, 100, 74232, 72
2026/07/29 14:52:13.358, 313.62, 100, 74232, 72
2026/07/29 14:52:14.393, 296.54, 100, 74232, 70
2026/07/29 14:52:15.434, 293.83, 100, 74232, 70
2026/07/29 14:52:16.471, 301.77, 100, 74232, 71
2026/07/29 14:52:17.508, 292.67, 100, 74232, 71
2026/07/29 14:52:18.544, 305.08, 100, 74232, 71
2026/07/29 14:52:19.581, 306.83, 100, 74232, 71
2026/07/29 14:52:20.619, 304.21, 100, 74232, 71
2026/07/29 14:52:21.656, 304.79, 100, 74232, 71
2026/07/29 14:52:22.693, 306.44, 100, 74232, 72
2026/07/29 14:52:23.729, 297.80, 100, 74232, 72
2026/07/29 14:52:24.765, 298.81, 100, 74232, 72
2026/07/29 14:52:25.804, 300.07, 100, 74232, 72
2026/07/29 14:52:26.841, 296.19, 100, 74232, 72
2026/07/29 14:52:27.882, 307.27, 100, 74232, 72
2026/07/29 14:52:28.918, 306.74, 100, 74232, 72
2026/07/29 14:52:29.958, 304.70, 100, 74232, 72
2026/07/29 14:52:30.996, 305.76, 100, 74232, 72
2026/07/29 14:52:32.033, 305.49, 100, 74232, 72
2026/07/29 14:52:33.072, 300.52, 100, 74232, 72
2026/07/29 14:52:34.110, 294.98, 100, 74232, 72
2026/07/29 14:52:35.151, 302.84, 100, 74232, 72
2026/07/29 14:52:36.189, 301.41, 100, 74232, 72
2026/07/29 14:52:37.228, 295.59, 100, 74232, 72
2026/07/29 14:52:38.265, 296.67, 100, 74232, 72
2026/07/29 14:52:39.304, 299.85, 100, 74232, 73
2026/07/29 14:52:40.342, 305.49, 100, 74232, 73
2026/07/29 14:52:41.379, 301.44, 100, 74232, 73
2026/07/29 14:52:42.418, 298.30, 100, 74232, 73
2026/07/29 14:52:43.455, 300.73, 100, 74232, 73
2026/07/29 14:52:44.494, 301.60, 100, 74232, 73
2026/07/29 14:52:45.532, 301.44, 100, 74232, 73
2026/07/29 14:52:46.569, 300.42, 100, 74232, 73
2026/07/29 14:52:47.607, 301.03, 100, 74232, 73
2026/07/29 14:52:48.644, 301.73, 100, 74232, 73
2026/07/29 14:52:49.682, 302.76, 100, 74232, 73
2026/07/29 14:52:50.718, 300.35, 100, 74232, 73
2026/07/29 14:52:51.758, 299.58, 100, 74232, 73
2026/07/29 14:52:52.796, 301.61, 100, 74232, 73
2026/07/29 14:52:53.832, 303.39, 100, 74232, 73
2026/07/29 14:52:54.870, 298.12, 100, 74232, 73
2026/07/29 14:52:55.907, 293.27, 100, 74232, 73
2026/07/29 14:52:56.945, 301.80, 100, 74232, 73
2026/07/29 14:52:57.983, 294.73, 100, 74232, 73
2026/07/29 14:52:59.021, 288.71, 100, 74232, 73
2026/07/29 14:53:00.058, 292.30, 100, 74232, 73
2026/07/29 14:53:01.100, 296.08, 100, 74232, 73
2026/07/29 14:53:02.137, 301.01, 100, 74232, 73
2026/07/29 14:53:03.175, 298.56, 100, 74232, 73
2026/07/29 14:53:04.212, 301.14, 100, 74232, 73
2026/07/29 14:53:05.253, 292.70, 100, 74232, 73
2026/07/29 14:53:06.291, 295.20, 100, 74232, 73
2026/07/29 14:53:07.329, 292.08, 100, 74232, 73
2026/07/29 14:53:08.366, 291.91, 100, 74232, 73
2026/07/29 14:53:09.406, 293.94, 100, 74232, 73
2026/07/29 14:53:10.444, 301.23, 100, 74232, 73
2026/07/29 14:53:11.481, 302.62, 100, 74232, 73
2026/07/29 14:53:12.519, 298.60, 100, 74232, 73
2026/07/29 14:53:13.557, 301.05, 100, 74232, 73
2026/07/29 14:53:14.595, 296.84, 100, 74232, 73
2026/07/29 14:53:15.633, 295.88, 100, 74232, 73
2026/07/29 14:53:16.675, 291.19, 100, 74232, 73
2026/07/29 14:53:17.712, 293.06, 100, 74232, 73
2026/07/29 14:53:18.751, 300.93, 100, 74232, 73
2026/07/29 14:53:19.789, 304.21, 100, 74232, 73
2026/07/29 14:53:20.826, 297.81, 100, 74232, 73
2026/07/29 14:53:21.865, 297.80, 100, 74232, 73
2026/07/29 14:53:22.901, 99.74, 0, 74232, 70
2026/07/29 14:53:23.935, 296.26, 100, 74232, 75
2026/07/29 14:53:24.969, 297.25, 100, 74232, 75
2026/07/29 14:53:26.004, 287.90, 100, 74232, 75
2026/07/29 14:53:27.042, 276.10, 100, 74232, 75
2026/07/29 14:53:28.077, 276.25, 100, 74232, 74
2026/07/29 14:53:29.112, 314.92, 100, 74232, 75
2026/07/29 14:53:30.147, 301.22, 100, 74232, 73
2026/07/29 14:53:31.187, 291.11, 100, 74232, 73
2026/07/29 14:53:32.225, 298.80, 100, 74232, 73
2026/07/29 14:53:33.263, 299.38, 100, 74232, 73
2026/07/29 14:53:34.301, 302.56, 100, 74232, 73
2026/07/29 14:53:35.338, 304.03, 100, 74232, 73
2026/07/29 14:53:36.375, 100.85, 100, 74232, 71
2026/07/29 14:53:37.409, 303.57, 100, 74232, 75
2026/07/29 14:53:38.444, 285.72, 100, 74232, 75
2026/07/29 14:53:39.483, 281.05, 100, 74232, 75
2026/07/29 14:53:40.518, 288.18, 100, 74232, 75
2026/07/29 14:53:41.553, 283.73, 100, 74232, 75
2026/07/29 14:53:42.594, 313.26, 100, 74232, 75
2026/07/29 14:53:43.629, 273.13, 100, 74232, 75
2026/07/29 14:53:44.664, 299.45, 100, 74232, 73
2026/07/29 14:53:45.706, 301.24, 100, 74232, 73
2026/07/29 14:53:46.744, 296.95, 100, 74232, 73
2026/07/29 14:53:47.782, 291.91, 100, 74232, 73
2026/07/29 14:53:48.820, 300.91, 90, 74232, 75
2026/07/29 14:53:49.856, 295.97, 100, 74232, 75
2026/07/29 14:53:50.892, 286.97, 100, 74232, 75
2026/07/29 14:53:51.927, 289.74, 100, 74232, 75
2026/07/29 14:53:52.962, 290.46, 100, 74232, 75
2026/07/29 14:53:53.997, 302.47, 100, 74232, 75
2026/07/29 14:53:55.036, 292.06, 100, 74232, 75
2026/07/29 14:53:56.072, 300.36, 100, 74232, 74
2026/07/29 14:53:57.108, 302.30, 100, 74232, 74
2026/07/29 14:53:58.144, 299.67, 100, 74232, 74
2026/07/29 14:53:59.181, 306.29, 100, 74232, 74
2026/07/29 14:54:00.220, 297.62, 100, 74232, 75
2026/07/29 14:54:01.256, 299.47, 100, 74232, 75
2026/07/29 14:54:02.292, 282.49, 100, 74232, 75
2026/07/29 14:54:03.328, 303.24, 100, 74232, 75
2026/07/29 14:54:04.368, 311.14, 100, 74232, 75
2026/07/29 14:54:05.404, 304.49, 100, 74232, 75
2026/07/29 14:54:06.440, 306.71, 100, 74232, 75
2026/07/29 14:54:07.483, 300.63, 100, 74232, 74
2026/07/29 14:54:08.521, 299.83, 100, 74232, 74
2026/07/29 14:54:09.558, 302.67, 100, 74232, 74
2026/07/29 14:54:10.595, 303.97, 100, 74232, 74
2026/07/29 14:54:11.633, 308.35, 0, 74232, 75
2026/07/29 14:54:12.668, 293.49, 100, 74232, 75
2026/07/29 14:54:13.704, 299.67, 100, 74232, 75
2026/07/29 14:54:14.744, 291.04, 100, 74232, 75
2026/07/29 14:54:15.780, 296.06, 100, 74232, 75
2026/07/29 14:54:16.815, 270.79, 100, 74232, 76
2026/07/29 14:54:17.850, 323.39, 100, 74232, 76
2026/07/29 14:54:18.896, 303.34, 100, 74232, 74
2026/07/29 14:54:19.934, 302.98, 100, 74232, 74
2026/07/29 14:54:20.971, 292.96, 100, 74232, 74
2026/07/29 14:54:22.011, 295.79, 100, 74232, 74
2026/07/29 14:54:23.049, 303.26, 100, 74232, 74
2026/07/29 14:54:24.088, 300.75, 100, 74232, 74
2026/07/29 14:54:25.127, 288.87, 100, 74232, 74
2026/07/29 14:54:26.165, 302.29, 100, 74232, 74
2026/07/29 14:54:27.203, 296.56, 100, 74232, 74
2026/07/29 14:54:28.240, 305.39, 100, 74232, 75
2026/07/29 14:54:29.281, 304.56, 100, 74232, 75
2026/07/29 14:54:30.321, 305.28, 100, 74232, 74
2026/07/29 14:54:31.359, 300.54, 100, 74232, 74
2026/07/29 14:54:32.397, 302.20, 100, 74232, 74
2026/07/29 14:54:33.434, 302.58, 100, 74232, 74
2026/07/29 14:54:34.474, 304.07, 100, 74232, 74
2026/07/29 14:54:35.512, 304.50, 100, 74232, 74
2026/07/29 14:54:36.550, 305.39, 100, 74232, 74
2026/07/29 14:54:37.587, 302.07, 100, 74232, 74
2026/07/29 14:54:38.624, 303.36, 100, 74232, 74
2026/07/29 14:54:39.663, 291.33, 100, 74232, 74
2026/07/29 14:54:40.701, 296.86, 100, 74232, 74
2026/07/29 14:54:41.744, 293.55, 100, 74232, 74
2026/07/29 14:54:42.782, 299.86, 100, 74232, 74
2026/07/29 14:54:43.820, 294.16, 100, 74232, 74
2026/07/29 14:54:44.861, 296.67, 100, 74232, 74
2026/07/29 14:54:45.899, 294.53, 100, 74232, 74
2026/07/29 14:54:46.937, 292.67, 100, 74232, 74
2026/07/29 14:54:47.976, 299.37, 100, 74232, 74
2026/07/29 14:54:49.013, 297.02, 100, 74232, 74
2026/07/29 14:54:50.054, 297.34, 100, 74232, 74
2026/07/29 14:54:51.092, 299.56, 100, 74232, 74
2026/07/29 14:54:52.130, 294.83, 100, 74232, 74
2026/07/29 14:54:53.168, 291.23, 100, 74232, 74
2026/07/29 14:54:54.207, 299.47, 100, 74232, 74
2026/07/29 14:54:55.245, 301.25, 100, 74232, 74
2026/07/29 14:54:56.282, 302.67, 100, 74232, 74
2026/07/29 14:54:57.322, 303.35, 100, 74232, 74
2026/07/29 14:54:58.360, 303.55, 100, 74232, 74
2026/07/29 14:54:59.397, 296.06, 100, 74232, 74
2026/07/29 14:55:00.435, 291.80, 100, 74232, 74
2026/07/29 14:55:01.474, 296.17, 100, 74232, 74
2026/07/29 14:55:02.512, 303.93, 100, 74232, 74
2026/07/29 14:55:03.549, 302.70, 100, 74232, 74
2026/07/29 14:55:04.588, 301.12, 100, 74232, 74
2026/07/29 14:55:05.626, 302.00, 100, 74232, 74
2026/07/29 14:55:06.670, 302.39, 100, 74232, 74
2026/07/29 14:55:07.709, 303.06, 100, 74232, 74
2026/07/29 14:55:08.747, 303.74, 100, 74232, 74
2026/07/29 14:55:09.785, 295.97, 100, 74232, 74
2026/07/29 14:55:10.823, 294.93, 100, 74232, 74
2026/07/29 14:55:11.865, 293.84, 100, 74232, 74
2026/07/29 14:55:12.903, 291.80, 100, 74232, 74
2026/07/29 14:55:13.941, 295.80, 100, 74232, 74
2026/07/29 14:55:14.979, 296.09, 100, 74232, 74
2026/07/29 14:55:16.017, 293.55, 100, 74232, 74
2026/07/29 14:55:17.058, 295.01, 100, 74232, 74
2026/07/29 14:55:18.095, 302.76, 100, 74232, 74
2026/07/29 14:55:19.132, 299.77, 100, 74232, 74
2026/07/29 14:55:20.170, 301.97, 100, 74232, 74
2026/07/29 14:55:21.212, 297.52, 100, 74232, 74
2026/07/29 14:55:22.250, 295.30, 100, 74232, 74
2026/07/29 14:55:23.288, 301.21, 100, 74232, 74
2026/07/29 14:55:24.328, 298.70, 100, 74232, 73
2026/07/29 14:55:25.368, 288.33, 100, 74232, 73
2026/07/29 14:55:26.406, 294.63, 100, 74232, 73
2026/07/29 14:55:27.446, 295.80, 100, 74232, 73
2026/07/29 14:55:28.484, 297.24, 100, 74232, 73
2026/07/29 14:55:29.520, 299.25, 100, 74232, 73
2026/07/29 14:55:30.558, 301.90, 100, 74232, 73
2026/07/29 14:55:31.596, 301.50, 100, 74232, 73
2026/07/29 14:55:32.635, 302.01, 100, 74232, 73
2026/07/29 14:55:33.672, 303.66, 100, 74232, 73
2026/07/29 14:55:34.710, 303.64, 100, 74232, 73
2026/07/29 14:55:35.747, 299.35, 100, 74232, 73
2026/07/29 14:55:36.785, 301.99, 100, 74232, 73
2026/07/29 14:55:37.823, 303.20, 100, 74232, 73
2026/07/29 14:55:38.863, 302.99, 100, 74232, 73
2026/07/29 14:55:39.901, 304.26, 100, 74232, 73
2026/07/29 14:55:40.939, 299.77, 100, 74232, 73
2026/07/29 14:55:41.978, 289.17, 100, 74232, 73
2026/07/29 14:55:43.017, 293.65, 100, 74232, 73
2026/07/29 14:55:44.059, 292.00, 100, 74232, 73
2026/07/29 14:55:45.096, 301.23, 100, 74232, 73
2026/07/29 14:55:46.132, 290.27, 100, 74232, 73
2026/07/29 14:55:47.172, 294.82, 100, 74232, 73
2026/07/29 14:55:48.210, 292.86, 100, 74232, 73
2026/07/29 14:55:49.247, 293.96, 100, 74232, 73
2026/07/29 14:55:50.285, 302.13, 100, 74232, 73
2026/07/29 14:55:51.328, 294.82, 100, 74232, 73
2026/07/29 14:55:52.365, 289.50, 100, 74232, 73
2026/07/29 14:55:53.402, 293.19, 100, 74232, 73
2026/07/29 14:55:54.440, 301.01, 100, 74232, 73
2026/07/29 14:55:55.478, 302.11, 100, 74232, 73
2026/07/29 14:55:56.516, 298.89, 100, 74232, 73
2026/07/29 14:55:57.554, 302.89, 100, 74232, 73
2026/07/29 14:55:58.598, 302.09, 100, 74232, 73
2026/07/29 14:55:59.637, 294.90, 100, 74232, 73
2026/07/29 14:56:00.674, 294.42, 100, 74232, 73
2026/07/29 14:56:01.713, 291.43, 100, 74232, 73
2026/07/29 14:56:02.751, 291.89, 100, 74232, 73
2026/07/29 14:56:03.789, 293.36, 100, 74232, 73
2026/07/29 14:56:04.828, 302.19, 100, 74232, 73
2026/07/29 14:56:05.866, 299.97, 100, 74232, 73
2026/07/29 14:56:06.904, 301.51, 100, 74232, 73
2026/07/29 14:56:07.942, 301.12, 100, 74232, 73
2026/07/29 14:56:08.981, 302.31, 100, 74232, 73
2026/07/29 14:56:10.018, 302.28, 100, 74232, 73
2026/07/29 14:56:11.057, 302.58, 100, 74232, 73
2026/07/29 14:56:12.094, 298.85, 100, 74232, 73
2026/07/29 14:56:13.132, 297.03, 100, 74232, 73
2026/07/29 14:56:14.170, 295.01, 100, 74232, 73
2026/07/29 14:56:15.208, 296.67, 100, 74232, 73
2026/07/29 14:56:16.247, 299.88, 100, 74232, 73
2026/07/29 14:56:17.285, 301.31, 100, 74232, 73
2026/07/29 14:56:18.327, 298.40, 100, 74232, 73
2026/07/29 14:56:19.365, 301.40, 100, 74232, 73
2026/07/29 14:56:20.402, 302.23, 100, 74232, 73
2026/07/29 14:56:21.440, 298.33, 100, 74232, 73
2026/07/29 14:56:22.477, 297.15, 100, 74232, 73
2026/07/29 14:56:23.515, 301.40, 100, 74232, 73
2026/07/29 14:56:24.552, 302.46, 100, 74232, 73
2026/07/29 14:56:25.588, 301.60, 100, 74232, 73
2026/07/29 14:56:26.627, 297.16, 100, 74232, 73
2026/07/29 14:56:27.665, 302.67, 100, 74232, 73
2026/07/29 14:56:28.703, 299.95, 100, 74232, 73
2026/07/29 14:56:29.741, 301.42, 100, 74232, 73
2026/07/29 14:56:30.778, 300.75, 100, 74232, 73
2026/07/29 14:56:31.816, 302.50, 100, 74232, 73
2026/07/29 14:56:32.854, 302.86, 100, 74232, 73
2026/07/29 14:56:33.893, 297.27, 100, 74232, 73
2026/07/29 14:56:34.931, 303.17, 100, 74232, 73
2026/07/29 14:56:35.969, 298.99, 100, 74232, 73
2026/07/29 14:56:37.005, 301.11, 100, 74232, 73
2026/07/29 14:56:38.046, 299.57, 100, 74232, 73
2026/07/29 14:56:39.084, 300.93, 100, 74232, 73
2026/07/29 14:56:40.122, 302.28, 100, 74232, 73
2026/07/29 14:56:41.160, 301.73, 100, 74232, 73
2026/07/29 14:56:42.198, 302.96, 100, 74232, 73
2026/07/29 14:56:43.238, 303.24, 100, 74232, 73
2026/07/29 14:56:44.276, 291.44, 100, 74232, 73
2026/07/29 14:56:45.313, 295.99, 100, 74232, 73
2026/07/29 14:56:46.351, 287.73, 100, 74232, 73
2026/07/29 14:56:47.388, 298.92, 100, 74232, 73
2026/07/29 14:56:48.425, 297.83, 100, 74232, 73
2026/07/29 14:56:49.464, 300.74, 100, 74232, 73
2026/07/29 14:56:50.503, 301.19, 100, 74232, 73
2026/07/29 14:56:51.541, 301.81, 100, 74232, 73
2026/07/29 14:56:52.578, 303.34, 100, 74232, 73
2026/07/29 14:56:53.616, 302.12, 100, 74232, 73
2026/07/29 14:56:54.653, 303.25, 100, 74232, 73
2026/07/29 14:56:55.691, 287.92, 100, 74232, 73
2026/07/29 14:56:56.728, 300.05, 100, 74232, 73
2026/07/29 14:56:57.768, 292.66, 100, 74232, 73
2026/07/29 14:56:58.805, 296.57, 100, 74232, 73
2026/07/29 14:56:59.845, 294.32, 100, 74232, 73
2026/07/29 14:57:00.884, 296.67, 100, 74232, 73
2026/07/29 14:57:01.922, 298.50, 100, 74232, 73
2026/07/29 14:57:02.959, 286.57, 100, 74232, 73
2026/07/29 14:57:03.995, 303.55, 100, 74232, 73
2026/07/29 14:57:05.033, 303.16, 100, 74232, 73
2026/07/29 14:57:06.071, 299.78, 100, 74232, 73
2026/07/29 14:57:07.109, 302.96, 100, 74232, 73
2026/07/29 14:57:08.147, 297.23, 100, 74232, 73
2026/07/29 14:57:09.186, 301.03, 100, 74232, 73
2026/07/29 14:57:10.225, 300.06, 100, 74232, 73
2026/07/29 14:57:11.262, 301.80, 100, 74232, 73
2026/07/29 14:57:12.300, 302.58, 100, 74232, 73
2026/07/29 14:57:13.339, 301.54, 100, 74232, 73
2026/07/29 14:57:14.377, 302.59, 100, 74232, 73
2026/07/29 14:57:15.416, 303.44, 100, 74232, 73
2026/07/29 14:57:16.453, 302.50, 100, 74232, 73
2026/07/29 14:57:17.493, 303.15, 100, 74232, 73
2026/07/29 14:57:18.528, 290.16, 100, 74232, 73
2026/07/29 14:57:19.567, 293.45, 100, 74232, 73
2026/07/29 14:57:20.603, 295.69, 100, 74232, 73
2026/07/29 14:57:21.641, 298.09, 100, 74232, 73
2026/07/29 14:57:22.678, 301.51, 100, 74232, 73
2026/07/29 14:57:23.715, 298.03, 100, 74232, 73
2026/07/29 14:57:24.752, 302.09, 100, 74232, 73
2026/07/29 14:57:25.790, 303.36, 100, 74232, 73
2026/07/29 14:57:26.828, 301.70, 100, 74232, 73
2026/07/29 14:57:27.867, 302.87, 100, 74232, 73
2026/07/29 14:57:28.908, 303.45, 100, 74232, 73
2026/07/29 14:57:29.944, 303.06, 100, 74232, 73
2026/07/29 14:57:30.980, 300.55, 100, 74232, 73
2026/07/29 14:57:32.017, 300.94, 100, 74232, 73
2026/07/29 14:57:33.056, 305.87, 100, 74232, 73
2026/07/29 14:57:34.092, 302.08, 100, 74232, 73
2026/07/29 14:57:35.129, 302.85, 100, 74232, 73
2026/07/29 14:57:36.166, 307.19, 100, 74232, 73
2026/07/29 14:57:37.204, 303.38, 100, 74232, 73
2026/07/29 14:57:38.243, 298.79, 100, 74232, 73
2026/07/29 14:57:39.280, 299.30, 100, 74232, 73
2026/07/29 14:57:40.317, 297.71, 100, 74232, 73
2026/07/29 14:57:41.354, 299.77, 100, 74232, 73
2026/07/29 14:57:42.391, 301.42, 100, 74232, 73
2026/07/29 14:57:43.427, 302.09, 100, 74232, 73
2026/07/29 14:57:44.464, 301.43, 100, 74232, 73
2026/07/29 14:57:45.502, 295.80, 100, 74232, 73
2026/07/29 14:57:46.539, 302.23, 100, 74232, 73
2026/07/29 14:57:47.577, 295.39, 100, 74232, 73
2026/07/29 14:57:48.614, 295.60, 100, 74232, 73
2026/07/29 14:57:49.654, 292.78, 100, 74232, 73
2026/07/29 14:57:50.691, 296.18, 100, 74232, 73
2026/07/29 14:57:51.728, 289.08, 100, 74232, 73
2026/07/29 14:57:52.764, 293.76, 100, 74232, 73
2026/07/29 14:57:53.801, 293.07, 100, 74232, 73
2026/07/29 14:57:54.839, 294.14, 100, 74232, 73
2026/07/29 14:57:55.877, 302.28, 100, 74232, 73
2026/07/29 14:57:56.915, 299.08, 100, 74232, 73
2026/07/29 14:57:57.953, 302.10, 100, 74232, 73
2026/07/29 14:57:58.989, 302.80, 100, 74232, 73
2026/07/29 14:58:00.026, 302.80, 100, 74232, 73
2026/07/29 14:58:01.063, 302.96, 100, 74232, 73
2026/07/29 14:58:02.102, 303.55, 100, 74232, 73
2026/07/29 14:58:03.139, 296.19, 100, 74232, 73
2026/07/29 14:58:04.178, 302.48, 100, 74232, 73
2026/07/29 14:58:05.216, 300.51, 100, 74232, 73
2026/07/29 14:58:06.253, 301.40, 100, 74232, 73
2026/07/29 14:58:07.290, 298.69, 100, 74232, 73
2026/07/29 14:58:08.326, 299.19, 100, 74232, 73
2026/07/29 14:58:09.364, 301.02, 100, 74232, 73
2026/07/29 14:58:10.401, 301.82, 100, 74232, 73
2026/07/29 14:58:11.441, 301.01, 100, 74232, 73
2026/07/29 14:58:12.477, 301.63, 100, 74232, 73
2026/07/29 14:58:13.515, 301.20, 100, 74232, 73
2026/07/29 14:58:14.553, 301.04, 100, 74232, 73
2026/07/29 14:58:15.590, 300.53, 100, 74232, 73
2026/07/29 14:58:16.627, 294.23, 100, 74232, 73
2026/07/29 14:58:17.664, 292.68, 100, 74232, 73
2026/07/29 14:58:18.700, 293.73, 100, 74232, 73
2026/07/29 14:58:19.740, 294.13, 100, 74232, 73
2026/07/29 14:58:20.782, 300.43, 100, 74232, 73
2026/07/29 14:58:21.819, 301.03, 100, 74232, 73
2026/07/29 14:58:22.855, 301.32, 100, 74232, 73
2026/07/29 14:58:23.892, 301.02, 100, 74232, 73
2026/07/29 14:58:24.929, 302.48, 100, 74232, 73
2026/07/29 14:58:25.967, 302.26, 100, 74232, 73
2026/07/29 14:58:27.004, 301.04, 100, 74232, 73
2026/07/29 14:58:28.042, 302.13, 100, 74232, 73
2026/07/29 14:58:29.079, 302.85, 100, 74232, 73
2026/07/29 14:58:30.115, 302.86, 100, 74232, 73
2026/07/29 14:58:31.152, 302.09, 100, 74232, 73
2026/07/29 14:58:32.189, 302.10, 100, 74232, 73
2026/07/29 14:58:33.226, 293.46, 100, 74232, 73
2026/07/29 14:58:34.264, 301.60, 100, 74232, 73
2026/07/29 14:58:35.302, 301.88, 100, 74232, 73
2026/07/29 14:58:36.344, 298.89, 100, 74232, 73
2026/07/29 14:58:37.382, 295.11, 100, 74232, 73
2026/07/29 14:58:38.419, 305.85, 100, 74232, 75
2026/07/29 14:58:39.455, 303.45, 100, 74232, 75
2026/07/29 14:58:40.488, 286.12, 100, 74232, 75
2026/07/29 14:58:41.523, 283.15, 100, 74232, 74
2026/07/29 14:58:42.557, 296.20, 100, 74232, 74
2026/07/29 14:58:43.591, 306.42, 100, 74232, 75
2026/07/29 14:58:44.626, 325.01, 100, 74232, 75
2026/07/29 14:58:45.660, 298.80, 100, 74232, 73
2026/07/29 14:58:46.698, 301.13, 100, 74232, 73
2026/07/29 14:58:47.735, 302.03, 100, 74232, 73
2026/07/29 14:58:48.773, 293.94, 100, 74232, 73
2026/07/29 14:58:49.809, 290.53, 100, 74232, 73
2026/07/29 14:58:50.846, 290.07, 100, 74232, 73
2026/07/29 14:58:51.886, 291.53, 100, 74232, 73
2026/07/29 14:58:52.923, 302.21, 100, 74232, 73
2026/07/29 14:58:53.962, 300.45, 100, 74232, 73
2026/07/29 14:58:55.002, 301.33, 100, 74232, 73
2026/07/29 14:58:56.040, 301.80, 100, 74232, 73
2026/07/29 14:58:57.076, 303.36, 100, 74232, 73
2026/07/29 14:58:58.115, 298.09, 100, 74232, 73
2026/07/29 14:58:59.154, 298.88, 100, 74232, 73
2026/07/29 14:59:00.193, 300.44, 100, 74232, 73
2026/07/29 14:59:01.232, 302.10, 100, 74232, 73
2026/07/29 14:59:02.269, 302.27, 100, 74232, 73
2026/07/29 14:59:03.307, 302.39, 100, 74232, 73
2026/07/29 14:59:04.346, 300.25, 100, 74232, 73
2026/07/29 14:59:05.388, 299.36, 100, 74232, 73
2026/07/29 14:59:06.424, 302.00, 83, 74232, 75
2026/07/29 14:59:07.459, 300.25, 100, 74232, 73
2026/07/29 14:59:08.496, 301.80, 100, 74232, 73
2026/07/29 14:59:09.537, 301.39, 100, 74232, 73
2026/07/29 14:59:10.574, 301.31, 100, 74232, 73
2026/07/29 14:59:11.612, 299.38, 100, 74232, 73
2026/07/29 14:59:12.651, 300.54, 100, 74232, 73
2026/07/29 14:59:13.687, 300.27, 100, 74232, 73
2026/07/29 14:59:14.728, 300.76, 100, 74232, 73
2026/07/29 14:59:15.766, 301.43, 100, 74232, 73
2026/07/29 14:59:16.803, 300.47, 100, 74232, 73
2026/07/29 14:59:17.840, 300.93, 100, 74232, 73
2026/07/29 14:59:18.878, 292.57, 100, 74232, 73
2026/07/29 14:59:19.916, 295.31, 100, 74232, 73
2026/07/29 14:59:20.955, 295.49, 100, 74232, 73
2026/07/29 14:59:21.994, 293.36, 100, 74232, 73
2026/07/29 14:59:23.031, 289.38, 100, 74232, 73
2026/07/29 14:59:24.070, 295.11, 100, 74232, 73
2026/07/29 14:59:25.109, 305.40, 100, 74232, 73
2026/07/29 14:59:26.147, 302.66, 100, 74232, 73
2026/07/29 14:59:27.185, 291.92, 100, 74232, 73
2026/07/29 14:59:28.223, 296.67, 100, 74232, 73
2026/07/29 14:59:29.262, 295.90, 100, 74232, 73
2026/07/29 14:59:30.300, 287.43, 100, 74232, 73
2026/07/29 14:59:31.337, 300.28, 100, 74232, 73
2026/07/29 14:59:32.374, 297.25, 100, 74232, 73
2026/07/29 14:59:33.411, 295.00, 100, 74232, 73
2026/07/29 14:59:34.450, 294.33, 100, 74232, 73
2026/07/29 14:59:35.488, 301.21, 100, 74232, 73
2026/07/29 14:59:36.524, 301.31, 100, 74232, 73
2026/07/29 14:59:37.563, 301.31, 100, 74232, 73
2026/07/29 14:59:38.603, 300.55, 100, 74232, 73
2026/07/29 14:59:39.641, 299.65, 100, 74232, 73
2026/07/29 14:59:40.679, 300.44, 100, 74232, 73
2026/07/29 14:59:41.718, 298.97, 100, 74232, 73
2026/07/29 14:59:42.755, 302.78, 100, 74232, 73
2026/07/29 14:59:43.795, 299.48, 100, 74232, 73
2026/07/29 14:59:44.832, 297.71, 100, 74232, 73
2026/07/29 14:59:45.870, 296.28, 100, 74232, 73
2026/07/29 14:59:46.910, 299.08, 100, 74232, 73
2026/07/29 14:59:47.947, 297.71, 100, 74232, 73
2026/07/29 14:59:48.984, 295.49, 100, 74232, 73
2026/07/29 14:59:50.022, 300.17, 100, 74232, 73
2026/07/29 14:59:51.060, 300.34, 100, 74232, 73
2026/07/29 14:59:52.097, 297.33, 100, 74232, 73
2026/07/29 14:59:53.138, 299.29, 100, 74232, 73
2026/07/29 14:59:54.175, 299.28, 100, 74232, 73
2026/07/29 14:59:55.212, 297.05, 100, 74232, 73
2026/07/29 14:59:56.249, 297.62, 100, 74232, 73
2026/07/29 14:59:57.288, 298.12, 100, 74232, 73
2026/07/29 14:59:58.326, 296.93, 100, 74232, 73
2026/07/29 14:59:59.363, 291.98, 100, 74232, 73
2026/07/29 15:00:00.400, 296.35, 100, 74232, 73
2026/07/29 15:00:01.439, 303.34, 100, 74232, 73
2026/07/29 15:00:02.477, 294.25, 100, 74232, 73
2026/07/29 15:00:03.515, 294.75, 100, 74232, 73
2026/07/29 15:00:04.552, 297.06, 100, 74232, 73
2026/07/29 15:00:05.590, 301.69, 100, 74232, 73
2026/07/29 15:00:06.627, 301.90, 100, 74232, 73
2026/07/29 15:00:07.664, 301.69, 100, 74232, 73
2026/07/29 15:00:08.702, 295.30, 100, 74232, 73
2026/07/29 15:00:09.739, 300.45, 100, 74232, 73
2026/07/29 15:00:10.780, 301.41, 100, 74232, 73
2026/07/29 15:00:11.817, 299.09, 100, 74232, 73
2026/07/29 15:00:12.855, 300.25, 100, 74232, 73
2026/07/29 15:00:13.891, 301.71, 100, 74232, 73
2026/07/29 15:00:14.929, 305.27, 100, 74232, 73
2026/07/29 15:00:15.967, 300.81, 100, 74232, 73
2026/07/29 15:00:17.007, 300.24, 100, 74232, 73
2026/07/29 15:00:18.044, 297.44, 100, 74232, 73
2026/07/29 15:00:19.085, 298.01, 100, 74232, 73
2026/07/29 15:00:20.123, 304.41, 100, 74232, 73
2026/07/29 15:00:21.160, 299.65, 100, 74232, 73
2026/07/29 15:00:22.199, 299.86, 100, 74232, 73
2026/07/29 15:00:23.237, 300.32, 100, 74232, 73
2026/07/29 15:00:24.276, 299.20, 100, 74232, 73
2026/07/29 15:00:25.314, 294.74, 100, 74232, 73
2026/07/29 15:00:26.355, 300.36, 100, 74232, 73
2026/07/29 15:00:27.393, 304.99, 100, 74232, 73
2026/07/29 15:00:28.431, 299.47, 100, 74232, 73
2026/07/29 15:00:29.468, 301.70, 100, 74232, 73
2026/07/29 15:00:30.505, 301.21, 100, 74232, 73
2026/07/29 15:00:31.544, 300.92, 100, 74232, 73
2026/07/29 15:00:32.581, 300.06, 100, 74232, 73
2026/07/29 15:00:33.618, 299.77, 100, 74232, 73
2026/07/29 15:00:34.655, 297.43, 100, 74232, 73
2026/07/29 15:00:35.693, 298.41, 100, 74232, 73
2026/07/29 15:00:36.731, 295.02, 100, 74232, 73
2026/07/29 15:00:37.769, 297.60, 100, 74232, 73
2026/07/29 15:00:38.808, 297.22, 100, 74232, 73
2026/07/29 15:00:39.846, 295.30, 100, 74232, 73
2026/07/29 15:00:40.885, 295.19, 100, 74232, 73
2026/07/29 15:00:41.923, 296.65, 100, 74232, 73
2026/07/29 15:00:42.961, 301.41, 100, 74232, 73
2026/07/29 15:00:44.000, 300.94, 100, 74232, 73
2026/07/29 15:00:45.038, 300.34, 100, 74232, 73
2026/07/29 15:00:46.077, 299.30, 100, 74232, 73
2026/07/29 15:00:47.114, 295.91, 100, 74232, 73
2026/07/29 15:00:48.152, 299.09, 100, 74232, 73
2026/07/29 15:00:49.190, 299.19, 100, 74232, 73
2026/07/29 15:00:50.228, 299.38, 100, 74232, 73
2026/07/29 15:00:51.266, 298.80, 100, 74232, 73
2026/07/29 15:00:52.303, 304.17, 100, 74232, 73
2026/07/29 15:00:53.343, 299.36, 100, 74232, 73
2026/07/29 15:00:54.381, 294.91, 100, 74232, 74
2026/07/29 15:00:55.416, 298.29, 100, 74232, 74
2026/07/29 15:00:56.473, 296.01, 100, 74232, 74
2026/07/29 15:00:57.509, 290.14, 100, 74232, 74
2026/07/29 15:00:58.544, 295.28, 100, 74232, 74
2026/07/29 15:00:59.578, 290.07, 100, 74232, 74
2026/07/29 15:01:00.613, 292.30, 100, 74232, 72
2026/07/29 15:01:01.651, 299.65, 100, 74232, 73
2026/07/29 15:01:02.689, 300.93, 100, 74232, 73
2026/07/29 15:01:03.728, 299.47, 100, 74232, 73
2026/07/29 15:01:04.765, 303.72, 100, 74232, 74
2026/07/29 15:01:05.804, 283.58, 100, 74232, 75
2026/07/29 15:01:06.839, 281.84, 100, 74232, 74
2026/07/29 15:01:07.876, 274.23, 100, 74232, 74
2026/07/29 15:01:08.913, 293.95, 100, 74232, 75
2026/07/29 15:01:09.947, 280.22, 100, 74232, 75
2026/07/29 15:01:10.984, 301.23, 100, 74232, 73
2026/07/29 15:01:12.022, 298.12, 100, 74232, 73
2026/07/29 15:01:13.061, 299.53, 100, 74232, 73
2026/07/29 15:01:14.098, 302.10, 100, 74232, 73
2026/07/29 15:01:15.136, 297.74, 100, 74232, 73
2026/07/29 15:01:16.174, 291.68, 100, 74232, 74
2026/07/29 15:01:17.214, 294.61, 100, 74232, 74
2026/07/29 15:01:18.251, 296.28, 100, 74232, 74
2026/07/29 15:01:19.289, 293.16, 100, 74232, 74
2026/07/29 15:01:20.327, 294.61, 100, 74232, 74
2026/07/29 15:01:21.365, 291.81, 100, 74232, 74
2026/07/29 15:01:22.405, 303.27, 100, 74232, 74
2026/07/29 15:01:23.442, 299.66, 100, 74232, 74
2026/07/29 15:01:24.481, 301.90, 100, 74232, 74
2026/07/29 15:01:25.519, 301.92, 100, 74232, 74
2026/07/29 15:01:26.557, 306.82, 100, 74232, 74
2026/07/29 15:01:27.595, 301.69, 100, 74232, 74
2026/07/29 15:01:28.632, 302.88, 100, 74232, 74
2026/07/29 15:01:29.671, 303.00, 100, 74232, 74
2026/07/29 15:01:30.708, 297.53, 100, 74232, 74
2026/07/29 15:01:31.747, 302.77, 100, 74232, 74
2026/07/29 15:01:32.784, 303.73, 100, 74232, 74
2026/07/29 15:01:33.823, 297.73, 100, 74232, 74
2026/07/29 15:01:34.860, 301.99, 100, 74232, 74
2026/07/29 15:01:35.899, 302.22, 100, 74232, 74
2026/07/29 15:01:36.938, 303.45, 100, 74232, 73
2026/07/29 15:01:37.974, 300.45, 100, 74232, 73
2026/07/29 15:01:39.011, 300.54, 100, 74232, 73
2026/07/29 15:01:40.048, 302.19, 100, 74232, 73
2026/07/29 15:01:41.085, 298.27, 100, 74232, 73
2026/07/29 15:01:42.122, 298.69, 100, 74232, 73
2026/07/29 15:01:43.161, 301.01, 100, 74232, 73
2026/07/29 15:01:44.199, 302.96, 100, 74232, 73
2026/07/29 15:01:45.236, 299.67, 100, 74232, 73
2026/07/29 15:01:46.274, 299.29, 100, 74232, 73
2026/07/29 15:01:47.310, 302.08, 100, 74232, 73
2026/07/29 15:01:48.347, 298.10, 100, 74232, 73
2026/07/29 15:01:49.384, 297.84, 100, 74232, 73
2026/07/29 15:01:50.421, 297.73, 100, 74232, 73
2026/07/29 15:01:51.462, 302.67, 100, 74232, 73
2026/07/29 15:01:52.500, 302.67, 100, 74232, 73
2026/07/29 15:01:53.537, 299.95, 100, 74232, 73
2026/07/29 15:01:54.575, 301.80, 100, 74232, 73
2026/07/29 15:01:55.612, 301.81, 100, 74232, 73
2026/07/29 15:01:56.649, 305.18, 100, 74232, 73
2026/07/29 15:01:57.686, 301.04, 100, 74232, 73
2026/07/29 15:01:58.722, 300.65, 100, 74232, 73
2026/07/29 15:01:59.758, 295.19, 100, 74232, 73
2026/07/29 15:02:00.796, 296.84, 100, 74232, 73
2026/07/29 15:02:01.834, 295.39, 100, 74232, 73
2026/07/29 15:02:02.872, 294.05, 100, 74232, 73
2026/07/29 15:02:03.909, 285.49, 100, 74232, 73
2026/07/29 15:02:04.953, 289.68, 100, 74232, 73
2026/07/29 15:02:05.997, 297.15, 100, 74232, 73
2026/07/29 15:02:07.035, 303.17, 100, 74232, 73
2026/07/29 15:02:08.074, 294.62, 100, 74232, 73
2026/07/29 15:02:09.111, 297.03, 100, 74232, 73
2026/07/29 15:02:10.148, 295.80, 100, 74232, 73
2026/07/29 15:02:11.193, 290.82, 100, 74232, 73
2026/07/29 15:02:12.230, 287.71, 100, 74232, 73
2026/07/29 15:02:13.267, 294.11, 100, 74232, 73
2026/07/29 15:02:14.305, 302.11, 100, 74232, 73
2026/07/29 15:02:15.343, 302.51, 100, 74232, 73
2026/07/29 15:02:16.381, 300.82, 100, 74232, 73
2026/07/29 15:02:17.419, 301.32, 100, 74232, 73
2026/07/29 15:02:18.456, 301.79, 100, 74232, 73
2026/07/29 15:02:19.493, 298.61, 100, 74232, 73
2026/07/29 15:02:20.531, 301.06, 100, 74232, 73
2026/07/29 15:02:21.568, 302.42, 100, 74232, 73
2026/07/29 15:02:22.607, 301.70, 100, 74232, 73
2026/07/29 15:02:23.644, 299.37, 100, 74232, 73
2026/07/29 15:02:24.682, 301.69, 100, 74232, 73
2026/07/29 15:02:25.719, 294.14, 100, 74232, 73
2026/07/29 15:02:26.758, 289.67, 100, 74232, 73
2026/07/29 15:02:27.797, 292.67, 100, 74232, 73
2026/07/29 15:02:28.833, 293.07, 100, 74232, 73
2026/07/29 15:02:29.870, 294.14, 100, 74232, 73
2026/07/29 15:02:30.908, 294.02, 100, 74232, 73
2026/07/29 15:02:31.947, 299.09, 100, 74232, 73
2026/07/29 15:02:32.983, 295.19, 100, 74232, 73
2026/07/29 15:02:34.021, 297.15, 100, 74232, 73
2026/07/29 15:02:35.059, 300.45, 100, 74232, 73
2026/07/29 15:02:36.097, 299.86, 100, 74232, 73
2026/07/29 15:02:37.135, 301.61, 100, 74232, 73
2026/07/29 15:02:38.175, 299.76, 100, 74232, 72
2026/07/29 15:02:39.213, 298.80, 100, 74232, 72
2026/07/29 15:02:40.250, 300.35, 100, 74232, 72
2026/07/29 15:02:41.287, 301.31, 100, 74232, 72
2026/07/29 15:02:42.324, 300.64, 100, 74232, 72
2026/07/29 15:02:43.362, 298.60, 100, 74232, 72
2026/07/29 15:02:44.400, 299.85, 100, 74232, 72
2026/07/29 15:02:45.439, 300.06, 100, 74232, 72
2026/07/29 15:02:46.476, 298.91, 100, 74232, 72
2026/07/29 15:02:47.516, 296.95, 100, 74232, 72
2026/07/29 15:02:48.553, 289.94, 100, 74232, 72
2026/07/29 15:02:49.591, 300.15, 100, 74232, 72
2026/07/29 15:02:50.630, 297.51, 100, 74232, 72
2026/07/29 15:02:51.666, 301.05, 100, 74232, 72
2026/07/29 15:02:52.706, 301.69, 100, 74232, 72
2026/07/29 15:02:53.743, 299.66, 100, 74232, 72
2026/07/29 15:02:54.779, 300.17, 100, 74232, 72
2026/07/29 15:02:55.817, 300.53, 100, 74232, 72
2026/07/29 15:02:56.856, 300.93, 100, 74232, 72
2026/07/29 15:02:57.894, 290.65, 100, 74232, 72
2026/07/29 15:02:58.932, 291.50, 100, 74232, 72
2026/07/29 15:02:59.970, 291.58, 100, 74232, 72
2026/07/29 15:03:01.006, 293.65, 100, 74232, 72
2026/07/29 15:03:02.045, 294.24, 100, 74232, 72
2026/07/29 15:03:03.082, 298.78, 100, 74232, 73
2026/07/29 15:03:04.123, 299.96, 100, 74232, 73
2026/07/29 15:03:05.160, 293.93, 100, 74232, 73
2026/07/29 15:03:06.196, 301.22, 100, 74232, 73
2026/07/29 15:03:07.232, 298.90, 100, 74232, 73
2026/07/29 15:03:08.270, 300.64, 100, 74232, 73
2026/07/29 15:03:09.308, 299.49, 100, 74232, 73
2026/07/29 15:03:10.346, 301.79, 100, 74232, 73
2026/07/29 15:03:11.383, 298.68, 100, 74232, 73
2026/07/29 15:03:12.424, 287.23, 100, 74232, 72
2026/07/29 15:03:13.460, 292.49, 100, 74232, 72
2026/07/29 15:03:14.501, 294.51, 100, 74232, 72
2026/07/29 15:03:15.537, 299.30, 100, 74232, 73
2026/07/29 15:03:16.574, 291.79, 100, 74232, 72
2026/07/29 15:03:17.610, 293.45, 100, 74232, 72
2026/07/29 15:03:18.649, 300.35, 100, 74232, 73
2026/07/29 15:03:19.685, 298.02, 100, 74232, 72
2026/07/29 15:03:20.723, 291.20, 100, 74232, 72
2026/07/29 15:03:21.759, 301.01, 100, 74232, 73
2026/07/29 15:03:22.796, 296.18, 100, 74232, 72
2026/07/29 15:03:23.833, 293.84, 100, 74232, 72
2026/07/29 15:03:24.870, 288.97, 100, 74232, 72
2026/07/29 15:03:25.907, 303.07, 100, 74232, 72
2026/07/29 15:03:26.944, 298.03, 100, 74232, 72
2026/07/29 15:03:27.984, 304.53, 100, 74232, 73
2026/07/29 15:03:29.020, 299.96, 100, 74232, 73
2026/07/29 15:03:30.057, 301.71, 100, 74232, 73
2026/07/29 15:03:31.093, 291.70, 100, 74232, 73
2026/07/29 15:03:32.131, 288.09, 100, 74232, 73
2026/07/29 15:03:33.169, 293.34, 100, 74232, 73
2026/07/29 15:03:34.208, 293.94, 100, 74232, 73
2026/07/29 15:03:35.245, 291.41, 100, 74232, 73
2026/07/29 15:03:36.284, 289.93, 100, 74232, 73
2026/07/29 15:03:37.321, 300.07, 100, 74232, 73
2026/07/29 15:03:38.361, 302.10, 100, 74232, 73
2026/07/29 15:03:39.396, 302.30, 100, 74232, 73
2026/07/29 15:03:40.435, 304.07, 100, 74232, 73
2026/07/29 15:03:41.472, 300.35, 100, 74232, 73
2026/07/29 15:03:42.509, 299.39, 100, 74232, 73
2026/07/29 15:03:43.547, 301.06, 100, 74232, 73
2026/07/29 15:03:44.583, 302.00, 100, 74232, 73
2026/07/29 15:03:45.620, 301.90, 100, 74232, 73
2026/07/29 15:03:46.659, 299.76, 100, 74232, 73
2026/07/29 15:03:47.697, 300.55, 100, 74232, 73
2026/07/29 15:03:48.733, 301.23, 100, 74232, 73
2026/07/29 15:03:49.771, 300.75, 100, 74232, 73
2026/07/29 15:03:50.808, 302.61, 100, 74232, 73
2026/07/29 15:03:51.846, 299.87, 100, 74232, 73
2026/07/29 15:03:52.882, 299.37, 100, 74232, 73
2026/07/29 15:03:53.919, 300.44, 100, 74232, 73
2026/07/29 15:03:54.954, 300.74, 100, 74232, 73
2026/07/29 15:03:55.992, 297.92, 100, 74232, 73
2026/07/29 15:03:57.030, 298.92, 100, 74232, 73
2026/07/29 15:03:58.068, 299.29, 100, 74232, 73
2026/07/29 15:03:59.106, 298.31, 100, 74232, 73
2026/07/29 15:04:00.143, 300.52, 100, 74232, 73
2026/07/29 15:04:01.180, 301.71, 100, 74232, 73
2026/07/29 15:04:02.216, 296.86, 100, 74232, 73
2026/07/29 15:04:03.254, 302.24, 100, 74232, 73
2026/07/29 15:04:04.292, 299.75, 100, 74232, 73
2026/07/29 15:04:05.331, 301.14, 100, 74232, 73
2026/07/29 15:04:06.371, 300.54, 100, 74232, 73
2026/07/29 15:04:07.410, 302.09, 100, 74232, 73
2026/07/29 15:04:08.446, 302.69, 100, 74232, 73
2026/07/29 15:04:09.483, 302.11, 100, 74232, 73
2026/07/29 15:04:10.519, 298.98, 100, 74232, 73
2026/07/29 15:04:11.555, 300.86, 100, 74232, 73
2026/07/29 15:04:12.592, 299.86, 100, 74232, 73
2026/07/29 15:04:13.629, 301.79, 100, 74232, 73
2026/07/29 15:04:14.668, 304.92, 100, 74232, 73
2026/07/29 15:04:15.705, 301.89, 100, 74232, 73
2026/07/29 15:04:16.742, 299.65, 100, 74232, 73
2026/07/29 15:04:17.779, 297.73, 100, 74232, 73
2026/07/29 15:04:18.816, 297.43, 100, 74232, 73
2026/07/29 15:04:19.854, 300.93, 100, 74232, 73
2026/07/29 15:04:20.892, 292.95, 100, 74232, 73
2026/07/29 15:04:21.936, 299.76, 100, 74232, 73
2026/07/29 15:04:22.974, 300.04, 100, 74232, 73
2026/07/29 15:04:24.011, 305.11, 100, 74232, 73
2026/07/29 15:04:25.049, 298.60, 100, 74232, 73
2026/07/29 15:04:26.084, 298.61, 100, 74232, 73
2026/07/29 15:04:27.120, 297.05, 100, 74232, 73
2026/07/29 15:04:28.157, 300.15, 100, 74232, 73
2026/07/29 15:04:29.194, 301.68, 100, 74232, 73
2026/07/29 15:04:30.232, 301.41, 100, 74232, 73
2026/07/29 15:04:31.269, 301.71, 100, 74232, 73
2026/07/29 15:04:32.305, 298.88, 100, 74232, 73
2026/07/29 15:04:33.342, 300.85, 100, 74232, 73
2026/07/29 15:04:34.379, 300.23, 100, 74232, 73
2026/07/29 15:04:35.418, 301.14, 100, 74232, 73
2026/07/29 15:04:36.455, 297.23, 100, 74232, 73
2026/07/29 15:04:37.493, 293.74, 100, 74232, 73
2026/07/29 15:04:38.531, 294.81, 100, 74232, 73
2026/07/29 15:04:39.569, 302.13, 100, 74232, 73
2026/07/29 15:04:40.607, 300.45, 100, 74232, 73
2026/07/29 15:04:41.644, 299.08, 100, 74232, 73
2026/07/29 15:04:42.681, 297.82, 100, 74232, 73
2026/07/29 15:04:43.716, 299.56, 100, 74232, 73
2026/07/29 15:04:44.754, 300.55, 100, 74232, 73
2026/07/29 15:04:45.790, 301.98, 100, 74232, 73
2026/07/29 15:04:46.830, 299.77, 100, 74232, 72
2026/07/29 15:04:47.867, 301.23, 100, 74232, 73
2026/07/29 15:04:48.904, 298.61, 100, 74232, 73
2026/07/29 15:04:49.941, 298.11, 100, 74232, 73
2026/07/29 15:04:50.977, 299.48, 100, 74232, 73
2026/07/29 15:04:52.014, 294.82, 100, 74232, 72
2026/07/29 15:04:53.052, 294.52, 100, 74232, 72
2026/07/29 15:04:54.088, 299.08, 100, 74232, 72
2026/07/29 15:04:55.124, 291.22, 100, 74232, 72
2026/07/29 15:04:56.160, 300.63, 100, 74232, 72
2026/07/29 15:04:57.200, 302.58, 100, 74232, 72
2026/07/29 15:04:58.237, 296.87, 100, 74232, 72
2026/07/29 15:04:59.274, 300.14, 100, 74232, 72
2026/07/29 15:05:00.310, 299.26, 100, 74232, 72
2026/07/29 15:05:01.347, 299.78, 100, 74232, 72
2026/07/29 15:05:02.385, 301.02, 100, 74232, 72
2026/07/29 15:05:03.421, 300.28, 100, 74232, 72
2026/07/29 15:05:04.462, 301.52, 100, 74232, 72
2026/07/29 15:05:05.499, 301.74, 100, 74232, 72
2026/07/29 15:05:06.536, 301.71, 100, 74232, 72
2026/07/29 15:05:07.573, 295.81, 100, 74232, 72
2026/07/29 15:05:08.611, 299.19, 100, 74232, 72
2026/07/29 15:05:09.648, 298.41, 100, 74232, 72
2026/07/29 15:05:10.684, 299.93, 100, 74232, 72
2026/07/29 15:05:11.721, 300.85, 100, 74232, 72
2026/07/29 15:05:12.758, 299.78, 100, 74232, 72
2026/07/29 15:05:13.797, 301.49, 100, 74232, 72
2026/07/29 15:05:14.835, 301.33, 100, 74232, 72
2026/07/29 15:05:15.873, 301.41, 100, 74232, 72
2026/07/29 15:05:16.911, 297.64, 100, 74232, 72
2026/07/29 15:05:17.948, 299.50, 100, 74232, 72
2026/07/29 15:05:18.985, 300.45, 100, 74232, 72
2026/07/29 15:05:20.021, 300.24, 100, 74232, 72
2026/07/29 15:05:21.057, 300.93, 100, 74232, 72
2026/07/29 15:05:22.094, 301.03, 100, 74232, 72
2026/07/29 15:05:23.132, 301.90, 100, 74232, 72
2026/07/29 15:05:24.171, 296.45, 100, 74232, 72
2026/07/29 15:05:25.208, 299.08, 100, 74232, 72
2026/07/29 15:05:26.248, 299.76, 100, 74232, 72
2026/07/29 15:05:27.286, 292.41, 100, 74232, 72
2026/07/29 15:05:28.325, 293.94, 100, 74232, 72
2026/07/29 15:05:29.363, 284.23, 100, 74232, 72
2026/07/29 15:05:30.405, 301.36, 100, 74232, 72
2026/07/29 15:05:31.444, 298.11, 100, 74232, 72
2026/07/29 15:05:32.482, 297.14, 100, 74232, 72
2026/07/29 15:05:33.521, 294.44, 100, 74232, 72
2026/07/29 15:05:34.557, 300.36, 100, 74232, 72
2026/07/29 15:05:35.596, 295.12, 100, 74232, 72
2026/07/29 15:05:36.634, 301.33, 100, 74232, 72
2026/07/29 15:05:37.671, 301.61, 100, 74232, 72
2026/07/29 15:05:38.709, 303.25, 100, 74232, 72
2026/07/29 15:05:39.747, 302.11, 100, 74232, 72
2026/07/29 15:05:40.785, 297.14, 100, 74232, 72
2026/07/29 15:05:41.823, 298.22, 100, 74232, 72
2026/07/29 15:05:42.861, 297.24, 100, 74232, 72
2026/07/29 15:05:43.899, 298.90, 100, 74232, 72
2026/07/29 15:05:44.938, 301.01, 100, 74232, 72
2026/07/29 15:05:45.976, 292.29, 100, 74232, 72
2026/07/29 15:05:47.014, 300.83, 100, 74232, 72
2026/07/29 15:05:48.052, 302.07, 100, 74232, 72
2026/07/29 15:05:49.089, 302.39, 100, 74232, 72
2026/07/29 15:05:50.129, 302.27, 100, 74232, 72
2026/07/29 15:05:51.166, 303.95, 100, 74232, 72
2026/07/29 15:05:52.203, 299.95, 100, 74232, 72
2026/07/29 15:05:53.240, 289.29, 100, 74232, 72
2026/07/29 15:05:54.277, 293.83, 100, 74232, 72
2026/07/29 15:05:55.315, 300.53, 100, 74232, 72
2026/07/29 15:05:56.354, 292.28, 100, 74232, 72
2026/07/29 15:05:57.395, 294.21, 100, 74232, 72
2026/07/29 15:05:58.433, 290.24, 100, 74232, 72
2026/07/29 15:05:59.472, 299.58, 100, 74232, 72
2026/07/29 15:06:00.509, 301.23, 100, 74232, 72
2026/07/29 15:06:01.547, 296.65, 100, 74232, 72
2026/07/29 15:06:02.585, 302.20, 100, 74232, 72
2026/07/29 15:06:03.623, 299.00, 100, 74232, 72
2026/07/29 15:06:04.664, 294.04, 85, 74232, 74
2026/07/29 15:06:05.699, 299.97, 100, 74232, 74
2026/07/29 15:06:06.735, 294.21, 100, 74232, 74
2026/07/29 15:06:07.771, 304.76, 100, 74232, 74
2026/07/29 15:06:08.808, 285.67, 100, 74232, 74
2026/07/29 15:06:09.843, 278.93, 100, 74232, 74
2026/07/29 15:06:10.878, 291.91, 100, 74232, 72
2026/07/29 15:06:11.918, 289.94, 100, 74232, 72
2026/07/29 15:06:12.954, 298.61, 100, 74232, 72
2026/07/29 15:06:13.992, 301.12, 100, 74232, 72
2026/07/29 15:06:15.030, 295.58, 100, 74232, 72
2026/07/29 15:06:16.070, 297.99, 100, 74232, 74
2026/07/29 15:06:17.106, 294.39, 100, 74232, 74
2026/07/29 15:06:18.143, 300.93, 100, 74232, 74
2026/07/29 15:06:19.179, 282.76, 100, 74232, 74
2026/07/29 15:06:20.214, 312.87, 100, 74232, 74
2026/07/29 15:06:21.249, 317.17, 100, 74232, 74
2026/07/29 15:06:22.289, 301.14, 100, 74232, 73
2026/07/29 15:06:23.326, 298.09, 100, 74232, 73
2026/07/29 15:06:24.364, 297.60, 100, 74232, 73
2026/07/29 15:06:25.402, 300.75, 100, 74232, 73
2026/07/29 15:06:26.440, 297.27, 100, 74232, 73
2026/07/29 15:06:27.478, 303.00, 100, 74232, 73
2026/07/29 15:06:28.515, 300.63, 100, 74232, 73
2026/07/29 15:06:29.553, 301.99, 100, 74232, 73
2026/07/29 15:06:30.588, 302.12, 100, 74232, 73
2026/07/29 15:06:31.625, 300.42, 100, 74232, 73
2026/07/29 15:06:32.664, 301.44, 100, 74232, 73
2026/07/29 15:06:33.702, 298.61, 100, 74232, 73
2026/07/29 15:06:34.739, 297.93, 100, 74232, 73
2026/07/29 15:06:35.776, 301.42, 100, 74232, 73
2026/07/29 15:06:36.816, 299.00, 100, 74232, 73
2026/07/29 15:06:37.852, 299.46, 100, 74232, 73
2026/07/29 15:06:38.891, 300.63, 100, 74232, 73
2026/07/29 15:06:39.928, 301.62, 100, 74232, 73
2026/07/29 15:06:40.965, 300.37, 100, 74232, 73
2026/07/29 15:06:42.002, 299.87, 100, 74232, 73
2026/07/29 15:06:43.039, 295.39, 100, 74232, 73
2026/07/29 15:06:44.077, 296.37, 100, 74232, 73
2026/07/29 15:06:45.113, 286.47, 100, 74232, 73
2026/07/29 15:06:46.150, 290.26, 100, 74232, 73
2026/07/29 15:06:47.186, 290.83, 100, 74232, 73
2026/07/29 15:06:48.223, 302.57, 100, 74232, 73
2026/07/29 15:06:49.259, 300.67, 100, 74232, 73
2026/07/29 15:06:50.304, 301.70, 100, 74232, 73
2026/07/29 15:06:51.342, 301.89, 100, 74232, 73
2026/07/29 15:06:52.381, 299.11, 100, 74232, 73
2026/07/29 15:06:53.420, 300.93, 100, 74232, 73
2026/07/29 15:06:54.458, 301.30, 100, 74232, 73
2026/07/29 15:06:55.496, 301.12, 100, 74232, 73
2026/07/29 15:06:56.534, 300.32, 100, 74232, 73
2026/07/29 15:06:57.572, 299.87, 100, 74232, 73
2026/07/29 15:06:58.609, 301.71, 100, 74232, 73
2026/07/29 15:06:59.648, 298.58, 100, 74232, 73
2026/07/29 15:07:00.685, 290.26, 100, 74232, 73
2026/07/29 15:07:01.724, 292.88, 100, 74232, 73
2026/07/29 15:07:02.762, 294.82, 100, 74232, 72
2026/07/29 15:07:03.800, 299.67, 100, 74232, 73
2026/07/29 15:07:04.839, 299.30, 100, 74232, 73
2026/07/29 15:07:05.877, 301.33, 100, 74232, 72
2026/07/29 15:07:06.917, 297.31, 100, 74232, 73
2026/07/29 15:07:07.954, 290.81, 100, 74232, 72
2026/07/29 15:07:08.991, 300.26, 100, 74232, 73
2026/07/29 15:07:10.030, 302.28, 100, 74232, 72
2026/07/29 15:07:11.067, 301.80, 100, 74232, 72
2026/07/29 15:07:12.105, 297.90, 100, 74232, 72
2026/07/29 15:07:13.143, 300.23, 100, 74232, 72
2026/07/29 15:07:14.182, 300.83, 100, 74232, 72
2026/07/29 15:07:15.220, 300.45, 100, 74232, 72
2026/07/29 15:07:16.258, 298.90, 100, 74232, 72
2026/07/29 15:07:17.296, 299.38, 100, 74232, 72
2026/07/29 15:07:18.333, 300.84, 100, 74232, 72
2026/07/29 15:07:19.371, 296.57, 100, 74232, 72
2026/07/29 15:07:20.409, 293.84, 100, 74232, 72
2026/07/29 15:07:21.455, 294.11, 100, 74232, 72
2026/07/29 15:07:22.493, 290.93, 28, 74232, 73
2026/07/29 15:07:23.529, 295.60, 100, 74232, 74
2026/07/29 15:07:24.566, 285.09, 100, 74232, 73
2026/07/29 15:07:25.601, 298.98, 100, 74232, 74
2026/07/29 15:07:26.637, 275.60, 100, 74232, 74
2026/07/29 15:07:27.673, 305.36, 100, 74232, 74
2026/07/29 15:07:28.712, 299.65, 100, 74232, 74
2026/07/29 15:07:29.747, 306.16, 100, 74232, 72
2026/07/29 15:07:30.785, 300.35, 100, 74232, 72
2026/07/29 15:07:31.822, 300.34, 100, 74232, 72
2026/07/29 15:07:32.860, 298.80, 100, 74232, 72
2026/07/29 15:07:33.899, 295.31, 100, 74232, 74
2026/07/29 15:07:34.935, 293.54, 100, 74232, 74
2026/07/29 15:07:35.971, 318.96, 100, 74232, 74
2026/07/29 15:07:37.005, 294.17, 100, 74232, 74
2026/07/29 15:07:38.041, 267.24, 100, 74232, 74
2026/07/29 15:07:39.077, 290.39, 100, 74232, 74
2026/07/29 15:07:40.112, 288.29, 100, 74232, 74
2026/07/29 15:07:41.148, 300.45, 100, 74232, 73
2026/07/29 15:07:42.195, 299.58, 100, 74232, 73
2026/07/29 15:07:43.233, 299.18, 100, 74232, 73
2026/07/29 15:07:44.270, 301.24, 100, 74232, 73
2026/07/29 15:07:45.309, 302.27, 100, 74232, 73
2026/07/29 15:07:46.347, 302.21, 100, 74232, 73
2026/07/29 15:07:47.389, 299.21, 100, 74232, 73
2026/07/29 15:07:48.427, 301.50, 100, 74232, 73
2026/07/29 15:07:49.464, 301.61, 100, 74232, 73
2026/07/29 15:07:50.502, 303.06, 100, 74232, 73
2026/07/29 15:07:51.539, 299.39, 100, 74232, 73
2026/07/29 15:07:52.578, 297.73, 100, 74232, 73
2026/07/29 15:07:53.617, 301.02, 100, 74232, 73
2026/07/29 15:07:54.654, 302.01, 100, 74232, 73
2026/07/29 15:07:55.691, 299.65, 100, 74232, 73
2026/07/29 15:07:56.729, 298.80, 100, 74232, 73
2026/07/29 15:07:57.766, 299.58, 100, 74232, 73
2026/07/29 15:07:58.804, 301.70, 100, 74232, 73
2026/07/29 15:07:59.842, 301.42, 100, 74232, 73
2026/07/29 15:08:00.878, 304.31, 100, 74232, 73
2026/07/29 15:08:01.916, 299.60, 100, 74232, 73
2026/07/29 15:08:02.953, 299.79, 100, 74232, 73
2026/07/29 15:08:03.991, 301.69, 100, 74232, 73
2026/07/29 15:08:05.027, 298.14, 100, 74232, 73
2026/07/29 15:08:06.064, 302.21, 100, 74232, 73
2026/07/29 15:08:07.102, 298.79, 100, 74232, 73
2026/07/29 15:08:08.145, 301.20, 100, 74232, 73
2026/07/29 15:08:09.184, 300.74, 100, 74232, 73
2026/07/29 15:08:10.222, 301.61, 100, 74232, 73
2026/07/29 15:08:11.260, 299.29, 100, 74232, 73
2026/07/29 15:08:12.297, 301.23, 100, 74232, 73
2026/07/29 15:08:13.337, 300.73, 100, 74232, 73
2026/07/29 15:08:14.376, 302.08, 100, 74232, 73
2026/07/29 15:08:15.414, 296.76, 100, 74232, 73
2026/07/29 15:08:16.451, 301.52, 100, 74232, 73
2026/07/29 15:08:17.488, 299.17, 100, 74232, 73
2026/07/29 15:08:18.526, 301.91, 100, 74232, 73
2026/07/29 15:08:19.563, 295.31, 100, 74232, 73
2026/07/29 15:08:20.601, 302.66, 100, 74232, 73
2026/07/29 15:08:21.638, 298.32, 100, 74232, 73
2026/07/29 15:08:22.678, 292.08, 100, 74232, 73
2026/07/29 15:08:23.716, 295.61, 100, 74232, 73
2026/07/29 15:08:24.755, 99.64, 0, 74232, 69
2026/07/29 15:08:25.789, 300.57, 100, 74232, 72
2026/07/29 15:08:26.827, 302.58, 100, 74232, 73
2026/07/29 15:08:27.864, 293.85, 100, 74232, 72
2026/07/29 15:08:28.901, 299.36, 100, 74232, 73
2026/07/29 15:08:29.938, 298.50, 100, 74232, 73
2026/07/29 15:08:30.979, 298.51, 100, 74232, 73
2026/07/29 15:08:32.017, 298.40, 100, 74232, 73
2026/07/29 15:08:33.055, 301.12, 100, 74232, 73
2026/07/29 15:08:34.093, 298.60, 100, 74232, 73
2026/07/29 15:08:35.131, 307.80, 100, 74232, 73
2026/07/29 15:08:36.169, 301.60, 100, 74232, 73
2026/07/29 15:08:37.207, 306.75, 100, 74232, 73
2026/07/29 15:08:38.251, 305.59, 100, 74232, 73
2026/07/29 15:08:39.290, 301.63, 100, 74232, 73
2026/07/29 15:08:40.327, 308.35, 100, 74232, 73
2026/07/29 15:08:41.370, 308.87, 100, 74232, 73
2026/07/29 15:08:42.408, 307.43, 100, 74232, 73
2026/07/29 15:08:43.445, 304.51, 100, 74232, 73
2026/07/29 15:08:44.482, 299.97, 100, 74232, 73
2026/07/29 15:08:45.521, 299.76, 100, 74232, 73
2026/07/29 15:08:46.559, 299.09, 100, 74232, 73
2026/07/29 15:08:47.601, 298.23, 100, 74232, 72
2026/07/29 15:08:48.639, 300.43, 100, 74232, 72
2026/07/29 15:08:49.677, 298.41, 100, 74232, 72
2026/07/29 15:08:50.715, 299.77, 100, 74232, 72
2026/07/29 15:08:51.753, 299.01, 100, 74232, 72
2026/07/29 15:08:52.792, 298.41, 100, 74232, 72
2026/07/29 15:08:53.830, 300.17, 100, 74232, 72
2026/07/29 15:08:54.870, 288.89, 100, 74232, 72
2026/07/29 15:08:55.908, 299.95, 100, 74232, 72
2026/07/29 15:08:56.946, 298.82, 100, 74232, 72
2026/07/29 15:08:57.983, 295.80, 100, 74232, 72
2026/07/29 15:08:59.020, 300.04, 100, 74232, 72
2026/07/29 15:09:00.058, 304.60, 100, 74232, 72
2026/07/29 15:09:01.096, 292.95, 100, 74232, 72
2026/07/29 15:09:02.133, 296.95, 100, 74232, 72
2026/07/29 15:09:03.170, 295.70, 100, 74232, 72
2026/07/29 15:09:04.208, 295.69, 100, 74232, 72
2026/07/29 15:09:05.245, 300.54, 100, 74232, 72
2026/07/29 15:09:06.282, 297.71, 100, 74232, 72
2026/07/29 15:09:07.320, 295.21, 100, 74232, 72
2026/07/29 15:09:08.361, 300.16, 100, 74232, 72
2026/07/29 15:09:09.398, 296.76, 100, 74232, 72
2026/07/29 15:09:10.436, 296.48, 100, 74232, 72
2026/07/29 15:09:11.473, 298.63, 100, 74232, 72
2026/07/29 15:09:12.511, 295.79, 100, 74232, 72
2026/07/29 15:09:13.552, 298.99, 100, 74232, 72
2026/07/29 15:09:14.593, 294.61, 100, 74232, 72
2026/07/29 15:09:15.631, 299.96, 100, 74232, 72
2026/07/29 15:09:16.669, 300.34, 100, 74232, 72
2026/07/29 15:09:17.707, 301.52, 100, 74232, 72
2026/07/29 15:09:18.745, 300.07, 100, 74232, 72
2026/07/29 15:09:19.783, 299.66, 100, 74232, 72
2026/07/29 15:09:20.821, 301.32, 100, 74232, 72
2026/07/29 15:09:21.859, 293.07, 100, 74232, 72
2026/07/29 15:09:22.897, 301.51, 100, 74232, 72
2026/07/29 15:09:23.935, 299.76, 100, 74232, 72
2026/07/29 15:09:24.972, 287.45, 100, 74232, 72
2026/07/29 15:09:26.010, 291.91, 100, 74232, 72
2026/07/29 15:09:27.048, 294.13, 100, 74232, 72
2026/07/29 15:09:28.089, 284.69, 100, 74232, 72
2026/07/29 15:09:29.128, 299.29, 100, 74232, 72
2026/07/29 15:09:30.165, 295.21, 100, 74232, 72
2026/07/29 15:09:31.203, 297.92, 100, 74232, 72
2026/07/29 15:09:32.240, 299.28, 100, 74232, 73
2026/07/29 15:09:33.278, 300.96, 100, 74232, 73
2026/07/29 15:09:34.314, 299.58, 100, 74232, 72
2026/07/29 15:09:35.352, 300.63, 100, 74232, 73
2026/07/29 15:09:36.389, 307.44, 100, 74232, 73
2026/07/29 15:09:37.427, 300.83, 100, 74232, 72
2026/07/29 15:09:38.464, 298.41, 100, 74232, 72
2026/07/29 15:09:39.502, 300.14, 100, 74232, 72
2026/07/29 15:09:40.540, 305.88, 100, 74232, 73
2026/07/29 15:09:41.577, 298.39, 100, 74232, 72
2026/07/29 15:09:42.614, 294.81, 100, 74232, 72
2026/07/29 15:09:43.652, 294.41, 100, 74232, 72
2026/07/29 15:09:44.690, 299.38, 100, 74232, 72
2026/07/29 15:09:45.727, 298.80, 100, 74232, 72
2026/07/29 15:09:46.765, 297.53, 100, 74232, 72
2026/07/29 15:09:47.802, 297.94, 100, 74232, 72
2026/07/29 15:09:48.839, 295.31, 100, 74232, 72
2026/07/29 15:09:49.876, 295.60, 100, 74232, 72
2026/07/29 15:09:50.923, 296.20, 100, 74232, 72
2026/07/29 15:09:51.961, 300.96, 100, 74232, 72
2026/07/29 15:09:52.998, 301.08, 100, 74232, 72
2026/07/29 15:09:54.044, 302.58, 100, 74232, 72
2026/07/29 15:09:55.081, 300.55, 100, 74232, 72
2026/07/29 15:09:56.118, 300.36, 100, 74232, 72
2026/07/29 15:09:57.158, 294.92, 100, 74232, 72
2026/07/29 15:09:58.194, 300.95, 100, 74232, 72
2026/07/29 15:09:59.233, 300.83, 100, 74232, 72
2026/07/29 15:10:00.271, 298.08, 100, 74232, 72
2026/07/29 15:10:01.308, 298.41, 100, 74232, 72
2026/07/29 15:10:02.346, 300.26, 100, 74232, 72
2026/07/29 15:10:03.389, 298.98, 100, 74232, 72
2026/07/29 15:10:04.426, 298.03, 100, 74232, 72
2026/07/29 15:10:05.464, 299.48, 100, 74232, 72
2026/07/29 15:10:06.504, 298.79, 100, 74232, 72
2026/07/29 15:10:07.542, 299.80, 100, 74232, 72
2026/07/29 15:10:08.580, 298.99, 100, 74232, 72
2026/07/29 15:10:09.618, 299.38, 100, 74232, 72
2026/07/29 15:10:10.654, 298.60, 100, 74232, 72
2026/07/29 15:10:11.691, 296.78, 100, 74232, 72
2026/07/29 15:10:12.729, 303.39, 100, 74232, 72
2026/07/29 15:10:13.767, 302.69, 100, 74232, 72
2026/07/29 15:10:14.804, 296.47, 100, 74232, 72
2026/07/29 15:10:15.841, 295.49, 100, 74232, 72
2026/07/29 15:10:16.879, 298.72, 100, 74232, 72
2026/07/29 15:10:17.918, 301.63, 100, 74232, 74
2026/07/29 15:10:18.953, 292.10, 100, 74232, 74
2026/07/29 15:10:19.989, 278.21, 100, 74232, 74
2026/07/29 15:10:21.028, 298.61, 100, 74232, 74
2026/07/29 15:10:22.063, 282.54, 100, 74232, 74
2026/07/29 15:10:23.098, 320.82, 100, 74232, 74
2026/07/29 15:10:24.134, 275.07, 100, 74232, 74
2026/07/29 15:10:25.171, 301.03, 100, 74232, 72
2026/07/29 15:10:26.208, 293.76, 100, 74232, 72
2026/07/29 15:10:27.247, 299.38, 100, 74232, 72
2026/07/29 15:10:28.285, 99.22, 0, 74232, 69
2026/07/29 15:10:29.319, 299.79, 100, 74232, 74
2026/07/29 15:10:30.353, 296.27, 100, 74232, 74
2026/07/29 15:10:31.390, 287.63, 100, 74232, 74
2026/07/29 15:10:32.432, 284.92, 100, 74232, 74
2026/07/29 15:10:33.466, 310.26, 100, 74232, 74
2026/07/29 15:10:34.502, 301.20, 100, 74232, 74
2026/07/29 15:10:35.543, 298.11, 100, 74232, 73
2026/07/29 15:10:36.581, 299.95, 100, 74232, 73
2026/07/29 15:10:37.619, 297.62, 100, 74232, 73
2026/07/29 15:10:38.657, 289.56, 100, 74232, 73
2026/07/29 15:10:39.694, 99.29, 0, 74232, 70
2026/07/29 15:10:40.727, 298.70, 100, 74232, 74
2026/07/29 15:10:41.761, 295.91, 100, 74232, 74
2026/07/29 15:10:42.796, 297.42, 100, 74232, 74
2026/07/29 15:10:43.832, 292.98, 100, 74232, 75
2026/07/29 15:10:44.867, 274.83, 100, 74232, 74
2026/07/29 15:10:45.903, 257.19, 100, 74232, 74
2026/07/29 15:10:46.938, 283.57, 100, 74232, 75
2026/07/29 15:10:47.976, 295.22, 100, 74232, 73
2026/07/29 15:10:49.014, 291.90, 100, 74232, 73
2026/07/29 15:10:50.052, 294.33, 100, 74232, 73
2026/07/29 15:10:51.090, 293.83, 100, 74232, 73
2026/07/29 15:10:52.128, 295.10, 100, 74232, 73
2026/07/29 15:10:53.166, 288.90, 100, 74232, 73
2026/07/29 15:10:54.202, 295.88, 100, 74232, 73
2026/07/29 15:10:55.240, 297.83, 100, 74232, 73
2026/07/29 15:10:56.277, 300.83, 100, 74232, 73
2026/07/29 15:10:57.314, 299.87, 100, 74232, 73
2026/07/29 15:10:58.352, 300.66, 100, 74232, 73
2026/07/29 15:10:59.391, 302.02, 100, 74232, 73
2026/07/29 15:11:00.429, 299.08, 100, 74232, 73
2026/07/29 15:11:01.465, 298.81, 100, 74232, 73
2026/07/29 15:11:02.502, 292.86, 100, 74232, 73
2026/07/29 15:11:03.540, 302.21, 100, 74232, 73
2026/07/29 15:11:04.577, 302.18, 100, 74232, 73
2026/07/29 15:11:05.614, 298.80, 100, 74232, 73
2026/07/29 15:11:06.652, 299.49, 100, 74232, 73
2026/07/29 15:11:07.689, 298.70, 100, 74232, 73
2026/07/29 15:11:08.726, 300.92, 100, 74232, 73
2026/07/29 15:11:09.762, 297.64, 100, 74232, 73
2026/07/29 15:11:10.799, 299.97, 100, 74232, 73
2026/07/29 15:11:11.837, 296.08, 100, 74232, 73
2026/07/29 15:11:12.873, 302.32, 100, 74232, 73
2026/07/29 15:11:13.911, 303.16, 100, 74232, 73
2026/07/29 15:11:14.951, 302.51, 100, 74232, 73
2026/07/29 15:11:15.989, 292.58, 100, 74232, 73
2026/07/29 15:11:17.027, 301.31, 100, 74232, 73
2026/07/29 15:11:18.065, 301.12, 100, 74232, 73
2026/07/29 15:11:19.102, 302.29, 100, 74232, 73
2026/07/29 15:11:20.139, 296.85, 100, 74232, 73
2026/07/29 15:11:21.177, 298.50, 100, 74232, 73
2026/07/29 15:11:22.213, 300.35, 100, 74232, 73
2026/07/29 15:11:23.251, 290.63, 100, 74232, 73
2026/07/29 15:11:24.288, 297.53, 100, 74232, 73
2026/07/29 15:11:25.325, 297.04, 0, 74232, 73
2026/07/29 15:11:26.360, 293.26, 100, 74232, 74
2026/07/29 15:11:27.396, 304.46, 100, 74232, 74
2026/07/29 15:11:28.432, 283.37, 100, 74232, 74
2026/07/29 15:11:29.468, 293.77, 100, 74232, 74
2026/07/29 15:11:30.503, 269.07, 100, 74232, 74
2026/07/29 15:11:31.538, 333.45, 100, 74232, 74
2026/07/29 15:11:32.572, 304.06, 100, 74232, 72
2026/07/29 15:11:33.609, 293.55, 100, 74232, 72
2026/07/29 15:11:34.650, 294.53, 100, 74232, 72
2026/07/29 15:11:35.687, 128.96, 100, 74232, 72
2026/07/29 15:11:36.726, 296.55, 100, 74232, 74
2026/07/29 15:11:37.762, 297.89, 100, 74232, 74
2026/07/29 15:11:38.797, 302.86, 100, 74232, 74
2026/07/29 15:11:39.832, 299.28, 100, 74232, 74
2026/07/29 15:11:40.868, 294.80, 100, 74232, 74
2026/07/29 15:11:41.904, 317.38, 100, 74232, 74
2026/07/29 15:11:42.939, 276.91, 100, 74232, 74
2026/07/29 15:11:43.974, 299.30, 100, 74232, 73
2026/07/29 15:11:45.015, 300.46, 100, 74232, 73
2026/07/29 15:11:46.055, 297.64, 100, 74232, 73
2026/07/29 15:11:47.093, 99.45, 33, 74232, 70
2026/07/29 15:11:48.128, 296.18, 100, 74232, 72
2026/07/29 15:11:49.166, 284.40, 100, 74232, 72
2026/07/29 15:11:50.205, 300.05, 100, 74232, 73
2026/07/29 15:11:51.243, 287.84, 100, 74232, 73
2026/07/29 15:11:52.282, 291.22, 100, 74232, 73
2026/07/29 15:11:53.321, 295.19, 100, 74232, 73
2026/07/29 15:11:54.359, 297.23, 100, 74232, 73
2026/07/29 15:11:55.399, 298.52, 100, 74232, 73
2026/07/29 15:11:56.436, 298.69, 100, 74232, 73
2026/07/29 15:11:57.473, 297.43, 100, 74232, 73
2026/07/29 15:11:58.511, 295.20, 100, 74232, 73
2026/07/29 15:11:59.549, 296.30, 100, 74232, 73
2026/07/29 15:12:00.587, 298.71, 100, 74232, 73
2026/07/29 15:12:01.625, 301.02, 100, 74232, 73
2026/07/29 15:12:02.665, 297.64, 100, 74232, 73
2026/07/29 15:12:03.705, 299.86, 100, 74232, 73
2026/07/29 15:12:04.742, 300.63, 100, 74232, 73
2026/07/29 15:12:05.780, 301.69, 100, 74232, 73
2026/07/29 15:12:06.817, 300.27, 100, 74232, 73
2026/07/29 15:12:07.855, 301.02, 100, 74232, 73
2026/07/29 15:12:08.892, 297.61, 100, 74232, 73
2026/07/29 15:12:09.931, 302.08, 100, 74232, 73
2026/07/29 15:12:10.969, 302.00, 100, 74232, 73
2026/07/29 15:12:12.007, 294.65, 100, 74232, 73
2026/07/29 15:12:13.044, 301.23, 100, 74232, 73
2026/07/29 15:12:14.082, 301.02, 100, 74232, 73
2026/07/29 15:12:15.119, 296.26, 100, 74232, 73
2026/07/29 15:12:16.157, 297.54, 100, 74232, 73
2026/07/29 15:12:17.195, 294.83, 100, 74232, 73
2026/07/29 15:12:18.233, 298.29, 100, 74232, 73
2026/07/29 15:12:19.271, 294.61, 100, 74232, 73
2026/07/29 15:12:20.309, 297.61, 100, 74232, 73
2026/07/29 15:12:21.346, 289.87, 100, 74232, 73
2026/07/29 15:12:22.386, 298.11, 100, 74232, 73
2026/07/29 15:12:23.423, 295.99, 100, 74232, 73
2026/07/29 15:12:24.460, 297.23, 100, 74232, 73
2026/07/29 15:12:25.501, 299.18, 100, 74232, 73
2026/07/29 15:12:26.538, 301.06, 100, 74232, 72
2026/07/29 15:12:27.576, 298.49, 100, 74232, 72
2026/07/29 15:12:28.613, 298.32, 100, 74232, 72
2026/07/29 15:12:29.653, 296.96, 100, 74232, 72
2026/07/29 15:12:30.691, 299.86, 100, 74232, 72
2026/07/29 15:12:31.728, 298.98, 100, 74232, 72
2026/07/29 15:12:32.766, 299.39, 100, 74232, 72
2026/07/29 15:12:33.803, 299.59, 100, 74232, 72
2026/07/29 15:12:34.842, 301.15, 100, 74232, 72
2026/07/29 15:12:35.880, 304.22, 100, 74232, 72
2026/07/29 15:12:36.918, 309.23, 100, 74232, 72
2026/07/29 15:12:37.955, 291.80, 100, 74232, 72
2026/07/29 15:12:38.995, 294.32, 100, 74232, 72
2026/07/29 15:12:40.032, 292.80, 100, 74232, 72
2026/07/29 15:12:41.072, 293.46, 100, 74232, 72
2026/07/29 15:12:42.111, 300.08, 100, 74232, 72
2026/07/29 15:12:43.148, 298.50, 100, 74232, 72
2026/07/29 15:12:44.186, 298.80, 100, 74232, 72
2026/07/29 15:12:45.224, 297.04, 100, 74232, 72
2026/07/29 15:12:46.262, 294.92, 100, 74232, 72
2026/07/29 15:12:47.299, 296.18, 100, 74232, 72
2026/07/29 15:12:48.339, 297.22, 100, 74232, 72
2026/07/29 15:12:49.379, 300.27, 100, 74232, 72
2026/07/29 15:12:50.417, 300.48, 100, 74232, 72
2026/07/29 15:12:51.458, 297.74, 100, 74232, 72
2026/07/29 15:12:52.496, 299.10, 100, 74232, 72
2026/07/29 15:12:53.533, 300.17, 100, 74232, 72
2026/07/29 15:12:54.570, 301.30, 100, 74232, 72
2026/07/29 15:12:55.608, 294.61, 100, 74232, 72
2026/07/29 15:12:56.646, 300.05, 100, 74232, 72
2026/07/29 15:12:57.683, 298.70, 100, 74232, 72
2026/07/29 15:12:58.725, 299.19, 100, 74232, 72
2026/07/29 15:12:59.763, 298.23, 100, 74232, 72
2026/07/29 15:13:00.801, 299.86, 100, 74232, 72
2026/07/29 15:13:01.839, 300.94, 100, 74232, 72
2026/07/29 15:13:02.876, 302.77, 100, 74232, 72
2026/07/29 15:13:03.914, 299.47, 100, 74232, 72
2026/07/29 15:13:04.951, 295.81, 100, 74232, 72
2026/07/29 15:13:05.989, 297.65, 100, 74232, 72
2026/07/29 15:13:07.027, 299.01, 100, 74232, 72
2026/07/29 15:13:08.070, 299.57, 100, 74232, 72
2026/07/29 15:13:09.107, 296.86, 100, 74232, 72
2026/07/29 15:13:10.144, 298.32, 100, 74232, 72
2026/07/29 15:13:11.181, 297.33, 100, 74232, 72
2026/07/29 15:13:12.218, 303.17, 100, 74232, 72
2026/07/29 15:13:13.256, 305.68, 100, 74232, 72
2026/07/29 15:13:14.295, 298.51, 100, 74232, 72
2026/07/29 15:13:15.332, 299.77, 100, 74232, 72
2026/07/29 15:13:16.370, 294.07, 100, 74232, 72
2026/07/29 15:13:17.409, 297.55, 100, 74232, 72
2026/07/29 15:13:18.447, 298.98, 100, 74232, 72
2026/07/29 15:13:19.483, 296.76, 100, 74232, 72
2026/07/29 15:13:20.520, 300.54, 100, 74232, 72
2026/07/29 15:13:21.557, 298.21, 100, 74232, 72
2026/07/29 15:13:22.596, 295.00, 100, 74232, 72
2026/07/29 15:13:23.633, 297.04, 100, 74232, 72
2026/07/29 15:13:24.671, 298.00, 100, 74232, 72
2026/07/29 15:13:25.708, 300.80, 82, 74232, 74
2026/07/29 15:13:26.744, 296.07, 100, 74232, 74
2026/07/29 15:13:27.779, 295.00, 100, 74232, 74
2026/07/29 15:13:28.821, 277.00, 100, 74232, 74
2026/07/29 15:13:29.856, 290.72, 100, 74232, 74
2026/07/29 15:13:30.894, 289.86, 100, 74232, 74
2026/07/29 15:13:31.930, 299.74, 100, 74232, 72
2026/07/29 15:13:32.967, 300.15, 100, 74232, 72
2026/07/29 15:13:34.007, 300.93, 100, 74232, 72
2026/07/29 15:13:35.045, 298.50, 100, 74232, 72
2026/07/29 15:13:36.083, 300.26, 100, 74232, 72
2026/07/29 15:13:37.120, 300.64, 100, 74232, 72
2026/07/29 15:13:38.157, 299.09, 100, 74232, 72
2026/07/29 15:13:39.194, 301.65, 100, 74232, 73
2026/07/29 15:13:40.231, 99.80, 43, 74232, 70
2026/07/29 15:13:41.264, 292.65, 100, 74232, 74
2026/07/29 15:13:42.300, 300.36, 100, 74232, 74
2026/07/29 15:13:43.335, 320.19, 100, 74232, 74
2026/07/29 15:13:44.372, 309.05, 100, 74232, 74
2026/07/29 15:13:45.410, 308.92, 100, 74232, 74
2026/07/29 15:13:46.446, 299.31, 100, 74232, 74
2026/07/29 15:13:47.481, 291.43, 100, 74232, 72
2026/07/29 15:13:48.521, 298.50, 100, 74232, 72
2026/07/29 15:13:49.558, 301.04, 100, 74232, 72
2026/07/29 15:13:50.597, 299.19, 100, 74232, 73
2026/07/29 15:13:51.635, 298.58, 100, 74232, 73
2026/07/29 15:13:52.673, 300.53, 100, 74232, 73
2026/07/29 15:13:53.710, 295.51, 100, 74232, 73
2026/07/29 15:13:54.747, 295.96, 42, 74232, 74
2026/07/29 15:13:55.782, 294.62, 100, 74232, 74
2026/07/29 15:13:56.821, 300.75, 100, 74232, 74
2026/07/29 15:13:57.855, 285.49, 100, 74232, 74
2026/07/29 15:13:58.892, 298.56, 100, 74232, 74
2026/07/29 15:13:59.931, 314.87, 100, 74232, 74
2026/07/29 15:14:00.966, 295.70, 100, 74232, 73
2026/07/29 15:14:02.003, 295.98, 100, 74232, 72
2026/07/29 15:14:03.040, 293.95, 100, 74232, 73
2026/07/29 15:14:04.079, 291.49, 100, 74232, 73
2026/07/29 15:14:05.117, 99.09, 0, 74232, 70
2026/07/29 15:14:06.150, 298.79, 100, 74232, 74
2026/07/29 15:14:07.184, 287.75, 100, 74232, 74
2026/07/29 15:14:08.217, 291.87, 100, 74232, 74
2026/07/29 15:14:09.251, 294.02, 100, 74232, 74
2026/07/29 15:14:10.286, 310.08, 100, 74232, 74
2026/07/29 15:14:11.322, 281.86, 100, 74232, 74
2026/07/29 15:14:12.359, 301.51, 100, 74232, 73
2026/07/29 15:14:13.397, 301.52, 100, 74232, 73
2026/07/29 15:14:14.434, 300.13, 100, 74232, 73
2026/07/29 15:14:15.471, 303.25, 100, 74232, 73
2026/07/29 15:14:16.507, 301.35, 100, 74232, 73
2026/07/29 15:14:17.544, 298.90, 100, 74232, 73
2026/07/29 15:14:18.580, 99.63, 0, 74232, 70
2026/07/29 15:14:19.613, 299.99, 100, 74232, 74
2026/07/29 15:14:20.649, 287.69, 100, 74232, 74
2026/07/29 15:14:21.683, 287.82, 100, 74232, 74
2026/07/29 15:14:22.719, 276.44, 100, 74232, 74
2026/07/29 15:14:23.753, 261.93, 100, 74232, 74
2026/07/29 15:14:24.787, 307.54, 100, 74232, 75
2026/07/29 15:14:25.823, 301.52, 100, 74232, 73
2026/07/29 15:14:26.861, 298.39, 100, 74232, 73
2026/07/29 15:14:27.899, 300.86, 100, 74232, 73
2026/07/29 15:14:28.936, 302.09, 100, 74232, 73
2026/07/29 15:14:29.973, 99.51, 0, 74232, 70
2026/07/29 15:14:31.007, 302.26, 100, 74232, 74
2026/07/29 15:14:32.042, 307.87, 100, 74232, 75
2026/07/29 15:14:33.075, 291.71, 100, 74232, 74
2026/07/29 15:14:34.110, 297.35, 100, 74232, 74
2026/07/29 15:14:35.150, 292.29, 100, 74232, 74
2026/07/29 15:14:36.184, 320.63, 100, 74232, 75
2026/07/29 15:14:37.217, 297.05, 100, 74232, 73
2026/07/29 15:14:38.254, 300.85, 100, 74232, 73
2026/07/29 15:14:39.290, 302.39, 100, 74232, 73
2026/07/29 15:14:40.326, 302.62, 100, 74232, 73
2026/07/29 15:14:41.363, 101.65, 0, 74232, 70
2026/07/29 15:14:42.395, 283.22, 100, 74232, 74
2026/07/29 15:14:43.431, 296.50, 100, 74232, 75
2026/07/29 15:14:44.466, 301.02, 100, 74232, 75
2026/07/29 15:14:45.501, 288.19, 100, 74232, 74
2026/07/29 15:14:46.536, 312.60, 100, 74232, 75
2026/07/29 15:14:47.575, 286.75, 100, 74232, 74
2026/07/29 15:14:48.610, 275.96, 100, 74232, 73
2026/07/29 15:14:49.646, 290.83, 100, 74232, 73
2026/07/29 15:14:50.684, 290.33, 100, 74232, 73
2026/07/29 15:14:51.720, 299.94, 100, 74232, 73
2026/07/29 15:14:52.755, 296.55, 100, 74232, 73
2026/07/29 15:14:53.792, 296.18, 100, 74232, 73
2026/07/29 15:14:54.831, 289.55, 100, 74232, 73
2026/07/29 15:14:55.868, 299.19, 100, 74232, 73
2026/07/29 15:14:56.910, 302.47, 100, 74232, 73
2026/07/29 15:14:57.949, 302.77, 100, 74232, 73
2026/07/29 15:14:58.985, 300.45, 100, 74232, 73
2026/07/29 15:15:00.022, 301.31, 100, 74232, 73
2026/07/29 15:15:01.059, 302.95, 100, 74232, 73
2026/07/29 15:15:02.096, 295.68, 100, 74232, 73
2026/07/29 15:15:03.132, 295.40, 100, 74232, 73
2026/07/29 15:15:04.168, 295.78, 100, 74232, 73
2026/07/29 15:15:05.206, 295.10, 100, 74232, 73
2026/07/29 15:15:06.246, 290.95, 100, 74232, 73
2026/07/29 15:15:07.285, 289.87, 100, 74232, 73
2026/07/29 15:15:08.324, 296.66, 100, 74232, 73
2026/07/29 15:15:09.359, 301.61, 100, 74232, 73
2026/07/29 15:15:10.397, 300.54, 100, 74232, 73
2026/07/29 15:15:11.434, 299.96, 100, 74232, 73
2026/07/29 15:15:12.471, 301.34, 100, 74232, 73
2026/07/29 15:15:13.508, 301.71, 100, 74232, 73
2026/07/29 15:15:14.543, 299.76, 100, 74232, 73
2026/07/29 15:15:15.580, 301.23, 100, 74232, 73
2026/07/29 15:15:16.618, 301.90, 100, 74232, 73
2026/07/29 15:15:17.655, 301.07, 100, 74232, 73
2026/07/29 15:15:18.692, 297.03, 100, 74232, 73
2026/07/29 15:15:19.729, 300.73, 100, 74232, 73
2026/07/29 15:15:20.766, 302.18, 100, 74232, 73
2026/07/29 15:15:21.804, 301.50, 100, 74232, 73
2026/07/29 15:15:22.841, 298.09, 100, 74232, 73
2026/07/29 15:15:23.879, 300.75, 100, 74232, 73
2026/07/29 15:15:24.915, 300.64, 100, 74232, 73
2026/07/29 15:15:25.952, 303.76, 100, 74232, 73
2026/07/29 15:15:26.991, 300.35, 100, 74232, 73
2026/07/29 15:15:28.029, 301.50, 100, 74232, 73
2026/07/29 15:15:29.067, 301.31, 100, 74232, 73
2026/07/29 15:15:30.106, 298.21, 100, 74232, 73
2026/07/29 15:15:31.142, 301.30, 100, 74232, 73
2026/07/29 15:15:32.179, 301.12, 100, 74232, 73
2026/07/29 15:15:33.215, 298.02, 100, 74232, 73
2026/07/29 15:15:34.252, 300.44, 100, 74232, 73
2026/07/29 15:15:35.291, 300.92, 100, 74232, 73
2026/07/29 15:15:36.329, 302.12, 100, 74232, 73
2026/07/29 15:15:37.367, 299.09, 100, 74232, 72
2026/07/29 15:15:38.407, 297.26, 100, 74232, 73
2026/07/29 15:15:39.445, 300.15, 100, 74232, 72
2026/07/29 15:15:40.482, 301.51, 100, 74232, 72
2026/07/29 15:15:41.519, 296.65, 100, 74232, 72
2026/07/29 15:15:42.560, 295.69, 100, 74232, 72
2026/07/29 15:15:43.597, 299.37, 100, 74232, 72
2026/07/29 15:15:44.632, 296.08, 100, 74232, 72
2026/07/29 15:15:45.668, 293.35, 100, 74232, 72
2026/07/29 15:15:46.711, 289.93, 100, 74232, 72
2026/07/29 15:15:47.750, 292.30, 100, 74232, 72
2026/07/29 15:15:48.786, 298.23, 100, 74232, 72
2026/07/29 15:15:49.827, 292.67, 100, 74232, 72
2026/07/29 15:15:50.865, 295.24, 100, 74232, 72
2026/07/29 15:15:51.904, 296.08, 100, 74232, 72
2026/07/29 15:15:52.943, 298.20, 100, 74232, 72
2026/07/29 15:15:53.980, 300.65, 100, 74232, 72
2026/07/29 15:15:55.018, 299.77, 100, 74232, 72
2026/07/29 15:15:56.055, 300.56, 100, 74232, 72
2026/07/29 15:15:57.093, 299.44, 100, 74232, 72
2026/07/29 15:15:58.129, 294.53, 100, 74232, 72
2026/07/29 15:15:59.170, 300.24, 100, 74232, 72
2026/07/29 15:16:00.212, 304.34, 100, 74232, 72
2026/07/29 15:16:01.250, 295.88, 100, 74232, 72
2026/07/29 15:16:02.290, 298.31, 100, 74232, 72
2026/07/29 15:16:03.326, 300.15, 100, 74232, 72
2026/07/29 15:16:04.365, 301.22, 100, 74232, 72
2026/07/29 15:16:05.402, 297.73, 100, 74232, 72
2026/07/29 15:16:06.439, 297.81, 100, 74232, 72
2026/07/29 15:16:07.476, 299.38, 100, 74232, 72
2026/07/29 15:16:08.513, 299.10, 100, 74232, 72
2026/07/29 15:16:09.549, 300.86, 100, 74232, 72
2026/07/29 15:16:10.585, 295.40, 100, 74232, 72
2026/07/29 15:16:11.623, 296.07, 100, 74232, 72
2026/07/29 15:16:12.659, 299.09, 100, 74232, 72
2026/07/29 15:16:13.696, 301.23, 100, 74232, 72
2026/07/29 15:16:14.733, 296.37, 100, 74232, 72
2026/07/29 15:16:15.769, 301.91, 100, 74232, 72
2026/07/29 15:16:16.806, 297.82, 100, 74232, 72
2026/07/29 15:16:17.844, 295.97, 100, 74232, 72
2026/07/29 15:16:18.881, 300.26, 100, 74232, 72
2026/07/29 15:16:19.918, 300.46, 100, 74232, 72
2026/07/29 15:16:20.956, 294.13, 100, 74232, 72
2026/07/29 15:16:21.993, 297.45, 100, 74232, 72
2026/07/29 15:16:23.030, 299.08, 100, 74232, 72
2026/07/29 15:16:24.401, 299.08, 100, 74232, 72
2026/07/29 15:16:25.439, 299.39, 100, 74232, 72
2026/07/29 15:16:26.475, 300.83, 100, 74232, 72
2026/07/29 15:16:27.512, 299.38, 100, 74232, 72
2026/07/29 15:16:28.548, 303.06, 100, 74232, 72
2026/07/29 15:16:29.589, 307.53, 100, 74232, 72
2026/07/29 15:16:30.627, 303.56, 100, 74232, 72
2026/07/29 15:16:31.665, 300.85, 100, 74232, 72
2026/07/29 15:16:32.702, 297.07, 100, 74232, 72
2026/07/29 15:16:33.739, 295.89, 100, 74232, 72
2026/07/29 15:16:34.775, 300.25, 100, 74232, 72
2026/07/29 15:16:35.812, 308.33, 100, 74232, 72
2026/07/29 15:16:36.850, 298.39, 100, 74232, 72
2026/07/29 15:16:37.886, 295.49, 100, 74232, 72
2026/07/29 15:16:38.925, 296.86, 100, 74232, 72
2026/07/29 15:16:39.962, 295.20, 100, 74232, 72
2026/07/29 15:16:41.001, 298.90, 100, 74232, 72
2026/07/29 15:16:42.038, 299.09, 100, 74232, 72
2026/07/29 15:16:43.078, 300.44, 100, 74232, 72
2026/07/29 15:16:44.117, 301.42, 100, 74232, 72
2026/07/29 15:16:45.154, 301.35, 100, 74232, 72
2026/07/29 15:16:46.192, 298.04, 100, 74232, 72
2026/07/29 15:16:47.228, 300.36, 100, 74232, 72
2026/07/29 15:16:48.265, 300.36, 100, 74232, 72
2026/07/29 15:16:49.303, 301.33, 100, 74232, 72
2026/07/29 15:16:50.340, 296.46, 100, 74232, 72
2026/07/29 15:16:51.375, 298.89, 100, 74232, 72
2026/07/29 15:16:52.414, 299.28, 100, 74232, 72
2026/07/29 15:16:53.451, 300.45, 100, 74232, 72
2026/07/29 15:16:54.488, 300.83, 100, 74232, 72
2026/07/29 15:16:55.525, 301.03, 100, 74232, 72
2026/07/29 15:16:56.563, 298.49, 100, 74232, 72
2026/07/29 15:16:57.599, 300.23, 100, 74232, 72
2026/07/29 15:16:58.638, 299.75, 100, 74232, 72
2026/07/29 15:16:59.674, 300.63, 100, 74232, 72
2026/07/29 15:17:00.712, 302.60, 100, 74232, 72
2026/07/29 15:17:01.753, 301.52, 100, 74232, 72
2026/07/29 15:17:02.789, 298.79, 100, 74232, 72
2026/07/29 15:17:03.828, 299.86, 100, 74232, 72
2026/07/29 15:17:04.865, 300.45, 100, 74232, 72
2026/07/29 15:17:05.906, 301.12, 100, 74232, 72
2026/07/29 15:17:06.942, 295.20, 100, 74232, 72
2026/07/29 15:17:07.978, 298.99, 100, 74232, 72
2026/07/29 15:17:09.015, 298.60, 100, 74232, 72
2026/07/29 15:17:10.053, 299.96, 100, 74232, 72
2026/07/29 15:17:11.090, 297.04, 100, 74232, 72
2026/07/29 15:17:12.129, 301.70, 100, 74232, 72
2026/07/29 15:17:13.166, 303.91, 100, 74232, 72
2026/07/29 15:17:14.202, 299.00, 100, 74232, 72
2026/07/29 15:17:15.239, 302.51, 100, 74232, 72
2026/07/29 15:17:16.282, 300.15, 100, 74232, 72
2026/07/29 15:17:17.320, 301.64, 100, 74232, 72
2026/07/29 15:17:18.356, 300.45, 100, 74232, 72
2026/07/29 15:17:19.394, 296.74, 100, 74232, 72
2026/07/29 15:17:20.430, 298.32, 100, 74232, 72
2026/07/29 15:17:21.469, 302.89, 100, 74232, 72
2026/07/29 15:17:22.506, 299.38, 100, 74232, 72
2026/07/29 15:17:23.542, 300.34, 100, 74232, 72
2026/07/29 15:17:24.579, 294.92, 100, 74232, 72
2026/07/29 15:17:25.616, 294.82, 100, 74232, 72
2026/07/29 15:17:26.653, 296.97, 100, 74232, 72
2026/07/29 15:17:27.690, 299.49, 100, 74232, 72
2026/07/29 15:17:28.727, 291.60, 100, 74232, 72
2026/07/29 15:17:29.763, 292.37, 100, 74232, 72
2026/07/29 15:17:30.800, 303.83, 100, 74232, 72
2026/07/29 15:17:31.836, 300.54, 100, 74232, 72
2026/07/29 15:17:32.873, 297.88, 100, 74232, 72
2026/07/29 15:17:33.910, 298.12, 100, 74232, 72
2026/07/29 15:17:34.950, 296.64, 100, 74232, 72
2026/07/29 15:17:35.987, 302.09, 100, 74232, 72
2026/07/29 15:17:37.024, 300.16, 100, 74232, 72
2026/07/29 15:17:38.061, 296.08, 100, 74232, 72
2026/07/29 15:17:39.097, 300.35, 100, 74232, 72
2026/07/29 15:17:40.134, 292.48, 100, 74232, 72
2026/07/29 15:17:41.180, 293.66, 100, 74232, 72
2026/07/29 15:17:42.216, 297.45, 100, 74232, 72
2026/07/29 15:17:43.253, 299.50, 100, 74232, 72
2026/07/29 15:17:44.291, 300.56, 100, 74232, 72
2026/07/29 15:17:45.327, 299.88, 100, 74232, 72
2026/07/29 15:17:46.363, 300.73, 100, 74232, 72
2026/07/29 15:17:47.400, 296.76, 100, 74232, 72
2026/07/29 15:17:48.437, 310.52, 100, 74232, 72
2026/07/29 15:17:49.474, 306.27, 100, 74232, 72
2026/07/29 15:17:50.512, 299.57, 100, 74232, 72
2026/07/29 15:17:51.549, 300.74, 100, 74232, 72
2026/07/29 15:17:52.587, 300.35, 100, 74232, 72
2026/07/29 15:17:53.624, 305.62, 100, 74232, 72
2026/07/29 15:17:54.666, 299.76, 100, 74232, 72
2026/07/29 15:17:55.702, 296.93, 100, 74232, 72
2026/07/29 15:17:56.741, 307.13, 100, 74232, 72
2026/07/29 15:17:57.778, 299.96, 100, 74232, 72
2026/07/29 15:17:58.814, 300.34, 100, 74232, 72
2026/07/29 15:17:59.851, 301.22, 100, 74232, 72
2026/07/29 15:18:00.889, 297.02, 100, 74232, 72
2026/07/29 15:18:01.926, 298.03, 100, 74232, 72
2026/07/29 15:18:02.965, 298.68, 100, 74232, 72
2026/07/29 15:18:04.001, 298.61, 100, 74232, 72
2026/07/29 15:18:05.040, 298.12, 100, 74232, 72
2026/07/29 15:18:06.076, 293.07, 100, 74232, 72
2026/07/29 15:18:07.117, 300.25, 100, 74232, 72
2026/07/29 15:18:08.155, 297.42, 100, 74232, 72
2026/07/29 15:18:09.191, 295.42, 100, 74232, 72
2026/07/29 15:18:10.227, 301.79, 100, 74232, 72
2026/07/29 15:18:11.264, 299.77, 100, 74232, 72
2026/07/29 15:18:12.300, 298.23, 100, 74232, 72
2026/07/29 15:18:13.337, 299.65, 100, 74232, 72
2026/07/29 15:18:14.375, 300.46, 100, 74232, 72
2026/07/29 15:18:15.415, 300.55, 100, 74232, 72
2026/07/29 15:18:16.451, 301.03, 100, 74232, 72
2026/07/29 15:18:17.488, 303.26, 100, 74232, 72
2026/07/29 15:18:18.525, 305.96, 100, 74232, 72
2026/07/29 15:18:19.562, 296.96, 100, 74232, 72
2026/07/29 15:18:20.598, 298.39, 100, 74232, 72
2026/07/29 15:18:21.634, 300.04, 100, 74232, 72
2026/07/29 15:18:22.669, 299.28, 100, 74232, 72
2026/07/29 15:18:23.706, 307.51, 100, 74232, 72
2026/07/29 15:18:24.743, 300.64, 100, 74232, 72
2026/07/29 15:18:25.781, 300.25, 100, 74232, 72
2026/07/29 15:18:26.818, 301.24, 100, 74232, 72
2026/07/29 15:18:27.855, 297.53, 100, 74232, 72
2026/07/29 15:18:28.892, 304.81, 100, 74232, 72
2026/07/29 15:18:29.931, 297.71, 100, 74232, 72
2026/07/29 15:18:30.968, 299.00, 100, 74232, 72
2026/07/29 15:18:32.005, 300.65, 100, 74232, 72
2026/07/29 15:18:33.042, 306.67, 100, 74232, 72
2026/07/29 15:18:34.079, 301.23, 100, 74232, 72
2026/07/29 15:18:35.115, 300.40, 100, 74232, 72
2026/07/29 15:18:36.156, 300.96, 100, 74232, 72
2026/07/29 15:18:37.193, 300.09, 100, 74232, 72
2026/07/29 15:18:38.233, 299.00, 100, 74232, 72
2026/07/29 15:18:39.271, 299.01, 100, 74232, 72
2026/07/29 15:18:40.309, 299.37, 100, 74232, 72
2026/07/29 15:18:41.347, 301.04, 100, 74232, 72
2026/07/29 15:18:42.384, 299.37, 100, 74232, 72
2026/07/29 15:18:43.423, 300.54, 100, 74232, 72
2026/07/29 15:18:44.460, 300.36, 100, 74232, 72
2026/07/29 15:18:45.497, 296.57, 100, 74232, 72
2026/07/29 15:18:46.534, 303.16, 100, 74232, 72
2026/07/29 15:18:47.573, 298.11, 100, 74232, 72
2026/07/29 15:18:48.610, 299.87, 100, 74232, 72
2026/07/29 15:18:49.648, 301.92, 100, 74232, 72
2026/07/29 15:18:50.684, 300.46, 100, 74232, 72
2026/07/29 15:18:51.721, 298.70, 100, 74232, 72
2026/07/29 15:18:52.759, 301.51, 100, 74232, 72
2026/07/29 15:18:53.796, 293.54, 100, 74232, 72
2026/07/29 15:18:54.834, 297.81, 100, 74232, 72
2026/07/29 15:18:55.871, 299.09, 100, 74232, 72
2026/07/29 15:18:56.914, 299.85, 100, 74232, 72
2026/07/29 15:18:57.951, 292.96, 100, 74232, 72
2026/07/29 15:18:58.991, 304.66, 100, 74232, 72
2026/07/29 15:19:00.028, 300.06, 100, 74232, 72
2026/07/29 15:19:01.065, 296.75, 100, 74232, 72
2026/07/29 15:19:02.102, 291.89, 100, 74232, 72
2026/07/29 15:19:03.139, 296.93, 100, 74232, 72
2026/07/29 15:19:04.177, 298.39, 100, 74232, 72
2026/07/29 15:19:05.215, 300.05, 100, 74232, 72
2026/07/29 15:19:06.252, 298.70, 100, 74232, 72
2026/07/29 15:19:07.289, 299.10, 100, 74232, 72
2026/07/29 15:19:08.327, 300.17, 100, 74232, 72
2026/07/29 15:19:09.365, 299.18, 100, 74232, 72
2026/07/29 15:19:10.402, 299.60, 100, 74232, 72
2026/07/29 15:19:11.443, 300.83, 100, 74232, 72
2026/07/29 15:19:12.482, 300.16, 100, 74232, 72
2026/07/29 15:19:13.520, 299.58, 100, 74232, 72
2026/07/29 15:19:14.558, 302.81, 100, 74232, 72
2026/07/29 15:19:15.596, 300.76, 100, 74232, 72
2026/07/29 15:19:16.632, 300.74, 100, 74232, 72
2026/07/29 15:19:17.669, 297.35, 100, 74232, 72
2026/07/29 15:19:18.705, 294.90, 100, 74232, 72
2026/07/29 15:19:19.743, 298.77, 100, 74232, 72
2026/07/29 15:19:20.780, 298.41, 100, 74232, 72
2026/07/29 15:19:21.817, 299.66, 100, 74232, 72
2026/07/29 15:19:22.854, 299.38, 100, 74232, 72
2026/07/29 15:19:23.892, 299.68, 100, 74232, 72
2026/07/29 15:19:24.931, 298.42, 100, 74232, 72
2026/07/29 15:19:25.969, 299.37, 100, 74232, 72
2026/07/29 15:19:27.006, 292.57, 100, 74232, 72
2026/07/29 15:19:28.045, 300.27, 100, 74232, 72
2026/07/29 15:19:29.082, 299.26, 100, 74232, 72
2026/07/29 15:19:30.120, 299.86, 100, 74232, 72
2026/07/29 15:19:31.157, 300.92, 100, 74232, 72
2026/07/29 15:19:32.194, 299.16, 100, 74232, 72
2026/07/29 15:19:33.231, 300.64, 100, 74232, 72
2026/07/29 15:19:34.268, 300.86, 100, 74232, 72
2026/07/29 15:19:35.306, 297.92, 100, 74232, 72
2026/07/29 15:19:36.344, 301.34, 100, 74232, 72
2026/07/29 15:19:37.382, 296.84, 100, 74232, 72
2026/07/29 15:19:38.425, 300.83, 100, 74232, 72
2026/07/29 15:19:39.463, 301.02, 100, 74232, 72
2026/07/29 15:19:40.499, 295.57, 100, 74232, 72
2026/07/29 15:19:41.536, 297.04, 100, 74232, 72
2026/07/29 15:19:42.574, 304.66, 32, 74232, 73
2026/07/29 15:19:43.608, 294.90, 100, 74232, 73
2026/07/29 15:19:44.643, 287.77, 100, 74232, 73
2026/07/29 15:19:45.680, 285.19, 100, 74232, 73
2026/07/29 15:19:46.714, 296.65, 100, 74232, 73
2026/07/29 15:19:47.748, 303.61, 100, 74232, 74
2026/07/29 15:19:48.782, 299.24, 100, 74232, 74
2026/07/29 15:19:49.816, 298.40, 100, 74232, 72
2026/07/29 15:19:50.853, 301.61, 100, 74232, 72
2026/07/29 15:19:51.890, 306.65, 100, 74232, 72
2026/07/29 15:19:52.930, 302.09, 100, 74232, 72
2026/07/29 15:19:53.968, 295.00, 100, 74232, 72
2026/07/29 15:19:55.007, 300.35, 100, 74232, 72
2026/07/29 15:19:56.043, 295.21, 100, 74232, 72
2026/07/29 15:19:57.080, 299.48, 100, 74232, 72
2026/07/29 15:19:58.116, 300.73, 100, 74232, 72
2026/07/29 15:19:59.154, 301.98, 100, 74232, 72
2026/07/29 15:20:00.192, 300.55, 100, 74232, 72
2026/07/29 15:20:01.229, 300.93, 100, 74232, 72
2026/07/29 15:20:02.266, 298.32, 100, 74232, 72
2026/07/29 15:20:03.303, 300.45, 100, 74232, 72
2026/07/29 15:20:04.341, 300.45, 100, 74232, 72
2026/07/29 15:20:05.377, 298.12, 100, 74232, 72
2026/07/29 15:20:06.414, 299.88, 100, 74232, 72
2026/07/29 15:20:07.451, 299.59, 100, 74232, 72
2026/07/29 15:20:08.487, 300.63, 100, 74232, 72
2026/07/29 15:20:09.524, 289.37, 100, 74232, 72
2026/07/29 15:20:10.562, 292.39, 100, 74232, 72
2026/07/29 15:20:11.600, 292.96, 100, 74232, 72
2026/07/29 15:20:12.638, 289.86, 100, 74232, 72
2026/07/29 15:20:13.674, 299.39, 100, 74232, 72
2026/07/29 15:20:14.712, 300.13, 100, 74232, 72
2026/07/29 15:20:15.748, 307.15, 100, 74232, 72
2026/07/29 15:20:16.788, 299.08, 100, 74232, 72
2026/07/29 15:20:17.824, 298.39, 100, 74232, 72
2026/07/29 15:20:18.861, 300.15, 100, 74232, 72
2026/07/29 15:20:19.898, 294.02, 100, 74232, 72
2026/07/29 15:20:20.936, 290.55, 100, 74232, 72
2026/07/29 15:20:21.975, 294.22, 100, 74232, 72
2026/07/29 15:20:23.017, 291.76, 100, 74232, 72
2026/07/29 15:20:24.053, 298.80, 100, 74232, 72
2026/07/29 15:20:25.091, 299.16, 100, 74232, 72
2026/07/29 15:20:26.128, 299.49, 100, 74232, 72
2026/07/29 15:20:27.165, 296.95, 100, 74232, 72
2026/07/29 15:20:28.202, 298.97, 100, 74232, 72
2026/07/29 15:20:29.238, 300.45, 100, 74232, 72
2026/07/29 15:20:30.647, 299.58, 100, 74232, 72
2026/07/29 15:20:31.685, 300.55, 100, 74232, 72
2026/07/29 15:20:32.723, 300.25, 100, 74232, 72
2026/07/29 15:20:33.760, 297.54, 100, 74232, 72
2026/07/29 15:20:34.796, 299.85, 100, 74232, 72
2026/07/29 15:20:35.833, 306.35, 100, 74232, 72
2026/07/29 15:20:36.874, 298.12, 100, 74232, 72
2026/07/29 15:20:37.912, 298.49, 100, 74232, 72
2026/07/29 15:20:38.949, 305.97, 100, 74232, 72
2026/07/29 15:20:39.986, 299.85, 100, 74232, 72
2026/07/29 15:20:41.023, 299.80, 100, 74232, 72
2026/07/29 15:20:42.060, 298.40, 100, 74232, 72
2026/07/29 15:20:43.096, 298.61, 100, 74232, 72
2026/07/29 15:20:44.133, 298.61, 100, 74232, 72
2026/07/29 15:20:45.170, 302.09, 100, 74232, 72
2026/07/29 15:20:46.211, 300.47, 100, 74232, 72
2026/07/29 15:20:47.250, 297.44, 100, 74232, 72
2026/07/29 15:20:48.287, 299.00, 100, 74232, 72
2026/07/29 15:20:49.324, 299.08, 100, 74232, 72
2026/07/29 15:20:50.361, 299.80, 100, 74232, 72
2026/07/29 15:20:51.401, 297.73, 100, 74232, 72
2026/07/29 15:20:52.438, 296.85, 100, 74232, 72
2026/07/29 15:20:53.475, 298.77, 100, 74232, 72
2026/07/29 15:20:54.512, 299.95, 100, 74232, 72
2026/07/29 15:20:55.549, 300.15, 100, 74232, 72
2026/07/29 15:20:56.587, 296.16, 100, 74232, 72
2026/07/29 15:20:57.624, 299.58, 100, 74232, 72
2026/07/29 15:20:58.661, 300.33, 100, 74232, 72
2026/07/29 15:20:59.697, 300.34, 100, 74232, 72
2026/07/29 15:21:00.733, 297.90, 100, 74232, 72
2026/07/29 15:21:01.773, 296.38, 100, 74232, 72
2026/07/29 15:21:02.811, 299.68, 100, 74232, 72
2026/07/29 15:21:03.849, 300.73, 100, 74232, 72
2026/07/29 15:21:04.886, 297.93, 100, 74232, 72
2026/07/29 15:21:05.928, 297.62, 100, 74232, 72
2026/07/29 15:21:06.965, 299.75, 100, 74232, 72
2026/07/29 15:21:08.001, 296.16, 100, 74232, 72
2026/07/29 15:21:09.037, 305.39, 100, 74232, 72
2026/07/29 15:21:10.083, 305.23, 100, 74232, 72
2026/07/29 15:21:11.120, 299.01, 100, 74232, 72
2026/07/29 15:21:12.157, 296.74, 100, 74232, 72
2026/07/29 15:21:13.194, 297.05, 100, 74232, 72
2026/07/29 15:21:14.232, 299.47, 100, 74232, 72
2026/07/29 15:21:15.268, 311.10, 100, 74232, 72
2026/07/29 15:21:16.305, 306.80, 100, 74232, 72
2026/07/29 15:21:17.341, 295.58, 100, 74232, 72
2026/07/29 15:21:18.383, 299.45, 100, 74232, 72
2026/07/29 15:21:19.423, 300.03, 100, 74232, 72
2026/07/29 15:21:20.460, 299.73, 100, 74232, 72
2026/07/29 15:21:21.499, 292.86, 100, 74232, 72
2026/07/29 15:21:22.536, 299.28, 100, 74232, 72
2026/07/29 15:21:23.572, 298.77, 100, 74232, 72
2026/07/29 15:21:24.609, 299.60, 100, 74232, 72
2026/07/29 15:21:25.649, 295.58, 100, 74232, 72
2026/07/29 15:21:26.687, 296.65, 100, 74232, 72
2026/07/29 15:21:27.723, 298.32, 100, 74232, 72
2026/07/29 15:21:28.759, 300.15, 100, 74232, 72
2026/07/29 15:21:29.797, 299.85, 100, 74232, 72
2026/07/29 15:21:30.833, 300.28, 100, 74232, 72
2026/07/29 15:21:31.871, 298.42, 100, 74232, 72
2026/07/29 15:21:32.909, 305.38, 100, 74232, 72
2026/07/29 15:21:33.954, 300.03, 100, 74232, 72
2026/07/29 15:21:34.992, 299.21, 100, 74232, 72
2026/07/29 15:21:36.027, 298.29, 100, 74232, 72
2026/07/29 15:21:37.065, 298.71, 100, 74232, 72
2026/07/29 15:21:38.103, 304.98, 100, 74232, 72
2026/07/29 15:21:39.140, 296.66, 100, 74232, 72
2026/07/29 15:21:40.178, 295.60, 100, 74232, 72
2026/07/29 15:21:41.216, 291.90, 100, 74232, 72
2026/07/29 15:21:42.254, 293.26, 100, 74232, 72
2026/07/29 15:21:43.293, 292.20, 100, 74232, 72
2026/07/29 15:21:44.330, 291.89, 60, 74232, 73
2026/07/29 15:21:45.365, 300.44, 100, 74232, 73
2026/07/29 15:21:46.399, 298.98, 100, 74232, 73
2026/07/29 15:21:47.434, 295.87, 100, 74232, 73
2026/07/29 15:21:48.472, 289.83, 100, 74232, 73
2026/07/29 15:21:49.507, 319.32, 100, 74232, 73
2026/07/29 15:21:50.541, 297.97, 100, 74232, 74
2026/07/29 15:21:51.576, 307.26, 100, 74232, 72
2026/07/29 15:21:52.612, 303.93, 100, 74232, 72
2026/07/29 15:21:53.649, 304.02, 100, 74232, 72
2026/07/29 15:21:54.686, 306.84, 100, 74232, 72
2026/07/29 15:21:55.723, 308.48, 100, 74232, 72
2026/07/29 15:21:56.759, 306.06, 100, 74232, 72
2026/07/29 15:21:57.796, 302.17, 100, 74232, 72
2026/07/29 15:21:58.832, 301.10, 100, 74232, 72
2026/07/29 15:21:59.868, 296.84, 100, 74232, 72
2026/07/29 15:22:00.905, 299.65, 100, 74232, 72
2026/07/29 15:22:01.942, 299.16, 100, 74232, 72
2026/07/29 15:22:02.982, 301.04, 100, 74232, 72
2026/07/29 15:22:04.019, 294.83, 100, 74232, 72
2026/07/29 15:22:05.055, 299.08, 100, 74232, 72
2026/07/29 15:22:06.092, 299.36, 100, 74232, 72
2026/07/29 15:22:07.133, 301.30, 100, 74232, 72
2026/07/29 15:22:08.170, 300.76, 100, 74232, 72
2026/07/29 15:22:09.206, 297.94, 100, 74232, 72
2026/07/29 15:22:10.242, 300.25, 100, 74232, 72
2026/07/29 15:22:11.280, 298.49, 100, 74232, 72
2026/07/29 15:22:12.317, 304.07, 100, 74232, 72
2026/07/29 15:22:13.355, 298.60, 100, 74232, 72
2026/07/29 15:22:14.396, 292.76, 100, 74232, 72
2026/07/29 15:22:15.435, 300.74, 100, 74232, 72
2026/07/29 15:22:16.471, 297.23, 100, 74232, 72
2026/07/29 15:22:17.513, 299.16, 100, 74232, 72
2026/07/29 15:22:18.549, 299.17, 100, 74232, 72
2026/07/29 15:22:19.586, 300.63, 100, 74232, 72
2026/07/29 15:22:20.623, 295.86, 100, 74232, 72
2026/07/29 15:22:21.663, 297.53, 100, 74232, 72
2026/07/29 15:22:22.699, 306.61, 100, 74232, 72
2026/07/29 15:22:23.736, 307.34, 100, 74232, 72
2026/07/29 15:22:24.772, 296.37, 100, 74232, 72
2026/07/29 15:22:25.810, 294.52, 100, 74232, 72
2026/07/29 15:22:26.846, 306.87, 100, 74232, 72
2026/07/29 15:22:27.885, 306.92, 100, 74232, 72
2026/07/29 15:22:28.923, 300.74, 100, 74232, 72
2026/07/29 15:22:29.963, 295.31, 100, 74232, 72
2026/07/29 15:22:31.001, 299.78, 100, 74232, 72
2026/07/29 15:22:32.039, 299.38, 100, 74232, 72
2026/07/29 15:22:33.076, 300.65, 100, 74232, 72
2026/07/29 15:22:34.113, 293.85, 100, 74232, 72
2026/07/29 15:22:35.150, 295.87, 100, 74232, 72
2026/07/29 15:22:36.188, 299.56, 100, 74232, 72
2026/07/29 15:22:37.226, 299.20, 100, 74232, 72
2026/07/29 15:22:38.265, 295.57, 100, 74232, 72
2026/07/29 15:22:39.303, 295.52, 100, 74232, 72
2026/07/29 15:22:40.339, 297.55, 100, 74232, 72
2026/07/29 15:22:41.377, 299.56, 100, 74232, 72
2026/07/29 15:22:42.414, 300.02, 100, 74232, 72
2026/07/29 15:22:43.451, 304.31, 100, 74232, 72
2026/07/29 15:22:44.487, 298.31, 100, 74232, 72
2026/07/29 15:22:45.527, 298.70, 100, 74232, 72
2026/07/29 15:22:46.564, 299.85, 100, 74232, 72
2026/07/29 15:22:47.601, 302.39, 100, 74232, 72
2026/07/29 15:22:48.639, 300.24, 100, 74232, 72
2026/07/29 15:22:49.676, 296.45, 100, 74232, 72
2026/07/29 15:22:50.714, 298.70, 100, 74232, 72
2026/07/29 15:22:51.751, 299.59, 100, 74232, 72
2026/07/29 15:22:52.793, 299.97, 100, 74232, 72
2026/07/29 15:22:53.830, 296.64, 100, 74232, 72
2026/07/29 15:22:54.867, 299.07, 100, 74232, 72
2026/07/29 15:22:55.905, 298.11, 100, 74232, 72
2026/07/29 15:22:56.941, 300.36, 100, 74232, 72
2026/07/29 15:22:57.980, 300.44, 100, 74232, 72
2026/07/29 15:22:59.018, 300.74, 100, 74232, 72
2026/07/29 15:23:00.056, 301.62, 100, 74232, 72
2026/07/29 15:23:01.093, 301.20, 100, 74232, 72
2026/07/29 15:23:02.129, 299.45, 100, 74232, 72
2026/07/29 15:23:03.165, 299.67, 100, 74232, 72
2026/07/29 15:23:04.202, 291.79, 100, 74232, 72
2026/07/29 15:23:05.239, 295.68, 100, 74232, 72
2026/07/29 15:23:06.277, 295.11, 100, 74232, 72
2026/07/29 15:23:07.314, 300.06, 100, 74232, 72
2026/07/29 15:23:08.354, 302.23, 100, 74232, 72
2026/07/29 15:23:09.390, 301.02, 100, 74232, 72
2026/07/29 15:23:10.427, 296.18, 100, 74232, 72
2026/07/29 15:23:11.464, 299.17, 100, 74232, 72
2026/07/29 15:23:12.501, 299.75, 100, 74232, 72
2026/07/29 15:23:13.538, 300.25, 100, 74232, 72
2026/07/29 15:23:14.578, 296.84, 100, 74232, 72
2026/07/29 15:23:15.616, 296.95, 100, 74232, 72
2026/07/29 15:23:16.653, 297.44, 100, 74232, 72
2026/07/29 15:23:17.691, 300.14, 100, 74232, 72
2026/07/29 15:23:18.728, 300.03, 100, 74232, 72
2026/07/29 15:23:19.766, 306.95, 100, 74232, 72
2026/07/29 15:23:20.803, 298.58, 100, 74232, 72
2026/07/29 15:23:21.842, 300.33, 100, 74232, 72
2026/07/29 15:23:22.880, 299.98, 100, 74232, 72
2026/07/29 15:23:23.919, 300.64, 100, 74232, 72
2026/07/29 15:23:24.957, 298.40, 100, 74232, 72
2026/07/29 15:23:25.996, 296.08, 100, 74232, 72
2026/07/29 15:23:27.033, 298.69, 100, 74232, 72
2026/07/29 15:23:28.071, 299.86, 100, 74232, 72
2026/07/29 15:23:29.109, 300.17, 100, 74232, 72
2026/07/29 15:23:30.146, 300.96, 100, 74232, 72
2026/07/29 15:23:31.187, 297.92, 100, 74232, 72
2026/07/29 15:23:32.224, 285.03, 100, 74232, 72
2026/07/29 15:23:33.260, 291.64, 100, 74232, 72
2026/07/29 15:23:34.296, 292.38, 100, 74232, 72
2026/07/29 15:23:35.334, 292.97, 100, 74232, 72
2026/07/29 15:23:36.370, 294.13, 100, 74232, 72
2026/07/29 15:23:37.409, 289.15, 100, 74232, 72
2026/07/29 15:23:38.446, 292.28, 100, 74232, 72
2026/07/29 15:23:39.485, 300.04, 100, 74232, 72
2026/07/29 15:23:40.522, 296.28, 100, 74232, 72
2026/07/29 15:23:41.559, 296.83, 100, 74232, 72
2026/07/29 15:23:42.596, 296.65, 100, 74232, 72
2026/07/29 15:23:43.632, 297.16, 100, 74232, 72
2026/07/29 15:23:44.669, 292.89, 100, 74232, 72
2026/07/29 15:23:45.709, 292.39, 100, 74232, 72
2026/07/29 15:23:46.748, 290.24, 100, 74232, 72
2026/07/29 15:23:47.786, 294.42, 100, 74232, 72
2026/07/29 15:23:48.823, 298.10, 100, 74232, 72
2026/07/29 15:23:49.860, 298.89, 100, 74232, 72
2026/07/29 15:23:50.896, 299.95, 100, 74232, 72
2026/07/29 15:23:51.932, 300.94, 100, 74232, 72
2026/07/29 15:23:52.974, 301.13, 100, 74232, 72
2026/07/29 15:23:54.010, 298.13, 100, 74232, 72
2026/07/29 15:23:55.049, 299.00, 100, 74232, 72
2026/07/29 15:23:56.086, 299.65, 100, 74232, 72
2026/07/29 15:23:57.123, 307.31, 100, 74232, 72
2026/07/29 15:23:58.160, 300.68, 100, 74232, 72
2026/07/29 15:23:59.197, 300.87, 100, 74232, 72
2026/07/29 15:24:00.235, 299.50, 100, 74232, 72
2026/07/29 15:24:01.271, 297.62, 100, 74232, 72
2026/07/29 15:24:02.308, 297.14, 100, 74232, 72
2026/07/29 15:24:03.348, 298.40, 100, 74232, 72
2026/07/29 15:24:04.385, 299.31, 100, 74232, 72
2026/07/29 15:24:05.422, 299.18, 100, 74232, 72
2026/07/29 15:24:06.459, 299.93, 100, 74232, 72
2026/07/29 15:24:07.496, 300.26, 100, 74232, 72
2026/07/29 15:24:08.533, 299.57, 100, 74232, 72
2026/07/29 15:24:09.571, 300.14, 100, 74232, 72
2026/07/29 15:24:10.609, 297.53, 100, 74232, 72
2026/07/29 15:24:11.646, 298.32, 100, 74232, 72
2026/07/29 15:24:12.683, 297.15, 100, 74232, 72
2026/07/29 15:24:13.720, 298.40, 100, 74232, 72
2026/07/29 15:24:14.757, 299.77, 100, 74232, 72
2026/07/29 15:24:15.794, 299.46, 100, 74232, 72
2026/07/29 15:24:16.833, 299.58, 100, 74232, 72
2026/07/29 15:24:17.870, 295.22, 100, 74232, 72
2026/07/29 15:24:18.911, 300.56, 100, 74232, 72
2026/07/29 15:24:19.948, 296.95, 100, 74232, 72
2026/07/29 15:24:20.984, 298.11, 100, 74232, 72
2026/07/29 15:24:22.021, 296.38, 100, 74232, 72
2026/07/29 15:24:23.057, 299.06, 100, 74232, 72
2026/07/29 15:24:24.093, 299.84, 100, 74232, 72
2026/07/29 15:24:25.130, 299.25, 100, 74232, 72
2026/07/29 15:24:26.166, 300.06, 100, 74232, 72
2026/07/29 15:24:27.202, 294.66, 100, 74232, 72
2026/07/29 15:24:28.238, 298.68, 100, 74232, 72
2026/07/29 15:24:29.276, 297.72, 100, 74232, 72
2026/07/29 15:24:30.311, 299.83, 100, 74232, 72
2026/07/29 15:24:31.349, 300.04, 100, 74232, 72
2026/07/29 15:24:32.385, 293.95, 100, 74232, 72
2026/07/29 15:24:33.422, 290.46, 100, 74232, 72
2026/07/29 15:24:34.459, 289.87, 100, 74232, 72
2026/07/29 15:24:35.497, 299.20, 100, 74232, 72
2026/07/29 15:24:36.542, 298.53, 100, 74232, 72
2026/07/29 15:24:37.581, 299.39, 100, 74232, 72
2026/07/29 15:24:38.618, 299.74, 100, 74232, 72
2026/07/29 15:24:39.656, 299.94, 100, 74232, 72
2026/07/29 15:24:40.693, 294.93, 100, 74232, 72
2026/07/29 15:24:41.730, 298.20, 100, 74232, 71
2026/07/29 15:24:42.767, 297.31, 100, 74232, 72
2026/07/29 15:24:43.804, 299.48, 100, 74232, 71
2026/07/29 15:24:44.841, 299.88, 100, 74232, 72
2026/07/29 15:24:45.877, 299.00, 100, 74232, 72
2026/07/29 15:24:46.913, 300.55, 100, 74232, 72
2026/07/29 15:24:47.949, 302.25, 100, 74232, 72
2026/07/29 15:24:48.985, 303.36, 100, 74232, 72
2026/07/29 15:24:50.027, 295.88, 100, 74232, 72
2026/07/29 15:24:51.064, 298.12, 100, 74232, 72
2026/07/29 15:24:52.100, 299.88, 100, 74232, 72
2026/07/29 15:24:53.140, 298.30, 100, 74232, 72
2026/07/29 15:24:54.177, 299.92, 100, 74232, 72
2026/07/29 15:24:55.215, 300.85, 100, 74232, 72
2026/07/29 15:24:56.252, 298.00, 100, 74232, 71
2026/07/29 15:24:57.289, 300.54, 100, 74232, 72
2026/07/29 15:24:58.327, 297.91, 100, 74232, 72
2026/07/29 15:24:59.363, 301.60, 100, 74232, 72
2026/07/29 15:25:00.400, 297.80, 100, 74232, 72
2026/07/29 15:25:01.440, 299.36, 100, 74232, 72
2026/07/29 15:25:02.479, 297.81, 100, 74232, 72
2026/07/29 15:25:03.515, 298.31, 100, 74232, 72
2026/07/29 15:25:04.552, 298.98, 100, 74232, 72
2026/07/29 15:25:05.588, 298.13, 100, 74232, 72
2026/07/29 15:25:06.625, 306.05, 100, 74232, 72
2026/07/29 15:25:07.663, 301.02, 100, 74232, 72
2026/07/29 15:25:08.700, 293.85, 100, 74232, 72
2026/07/29 15:25:09.741, 300.71, 100, 74232, 71
2026/07/29 15:25:10.778, 296.47, 100, 74232, 72
2026/07/29 15:25:11.815, 298.29, 100, 74232, 72
2026/07/29 15:25:12.855, 298.39, 100, 74232, 72
2026/07/29 15:25:13.892, 298.88, 100, 74232, 72
2026/07/29 15:25:14.929, 299.65, 100, 74232, 72
2026/07/29 15:25:15.966, 299.36, 100, 74232, 72
2026/07/29 15:25:17.007, 299.76, 100, 74232, 72
2026/07/29 15:25:18.045, 300.25, 100, 74232, 72
2026/07/29 15:25:19.082, 300.45, 100, 74232, 72
2026/07/29 15:25:20.119, 300.06, 100, 74232, 72
2026/07/29 15:25:21.157, 308.09, 30, 74232, 73
2026/07/29 15:25:22.194, 304.21, 100, 74232, 72
2026/07/29 15:25:23.230, 296.66, 100, 74232, 71
2026/07/29 15:25:24.278, 293.65, 100, 74232, 72
2026/07/29 15:25:25.314, 304.13, 100, 74232, 72
2026/07/29 15:25:26.349, 306.08, 100, 74232, 72
2026/07/29 15:25:27.385, 299.17, 100, 74232, 71
2026/07/29 15:25:28.425, 302.28, 100, 74232, 71
2026/07/29 15:25:29.462, 299.74, 100, 74232, 71
2026/07/29 15:25:30.502, 295.11, 100, 74232, 72
2026/07/29 15:25:31.539, 292.87, 100, 74232, 71
2026/07/29 15:25:32.578, 294.40, 100, 74232, 71
2026/07/29 15:25:33.614, 297.16, 100, 74232, 72
2026/07/29 15:25:34.653, 298.10, 100, 74232, 72
2026/07/29 15:25:35.690, 287.72, 100, 74232, 71
2026/07/29 15:25:36.726, 297.24, 100, 74232, 72
2026/07/29 15:25:37.764, 298.32, 100, 74232, 71
2026/07/29 15:25:38.801, 294.90, 100, 74232, 71
2026/07/29 15:25:39.840, 301.77, 100, 74232, 72
2026/07/29 15:25:40.877, 304.30, 100, 74232, 72
2026/07/29 15:25:41.915, 299.94, 100, 74232, 72
2026/07/29 15:25:42.952, 292.79, 100, 74232, 71
2026/07/29 15:25:43.989, 297.42, 100, 74232, 71
2026/07/29 15:25:45.026, 297.92, 100, 74232, 71
2026/07/29 15:25:46.063, 297.73, 100, 74232, 71
2026/07/29 15:25:47.100, 298.52, 100, 74232, 71
2026/07/29 15:25:48.136, 298.31, 100, 74232, 71
2026/07/29 15:25:49.174, 298.51, 100, 74232, 71
2026/07/29 15:25:50.210, 306.69, 100, 74232, 72
2026/07/29 15:25:51.248, 306.64, 100, 74232, 72
2026/07/29 15:25:52.285, 306.38, 100, 74232, 72
2026/07/29 15:25:53.322, 304.78, 100, 74232, 72
2026/07/29 15:25:54.359, 305.08, 100, 74232, 72
2026/07/29 15:25:55.396, 295.30, 100, 74232, 72
2026/07/29 15:25:56.433, 305.76, 100, 74232, 72
2026/07/29 15:25:57.470, 301.48, 100, 74232, 71
2026/07/29 15:25:58.508, 298.39, 100, 74232, 71
2026/07/29 15:25:59.544, 303.74, 100, 74232, 71
2026/07/29 15:26:00.585, 299.17, 100, 74232, 72
2026/07/29 15:26:01.622, 302.78, 100, 74232, 71
2026/07/29 15:26:02.662, 302.88, 100, 74232, 72
2026/07/29 15:26:03.700, 298.89, 100, 74232, 71
2026/07/29 15:26:04.737, 300.74, 100, 74232, 71
2026/07/29 15:26:05.774, 299.31, 100, 74232, 71
2026/07/29 15:26:06.811, 299.10, 100, 74232, 71
2026/07/29 15:26:07.849, 306.46, 100, 74232, 71
2026/07/29 15:26:08.887, 308.19, 100, 74232, 71
2026/07/29 15:26:09.924, 297.80, 100, 74232, 71
2026/07/29 15:26:10.961, 298.90, 100, 74232, 71
2026/07/29 15:26:12.001, 294.69, 100, 74232, 71
2026/07/29 15:26:13.038, 307.57, 100, 74232, 71
2026/07/29 15:26:14.077, 294.89, 100, 74232, 71
2026/07/29 15:26:15.114, 296.45, 100, 74232, 71
2026/07/29 15:26:16.151, 295.18, 100, 74232, 71
2026/07/29 15:26:17.188, 302.77, 100, 74232, 71
2026/07/29 15:26:18.225, 295.09, 100, 74232, 71
2026/07/29 15:26:19.262, 301.11, 100, 74232, 71
2026/07/29 15:26:20.300, 298.20, 100, 74232, 71
2026/07/29 15:26:21.338, 292.00, 100, 74232, 71
2026/07/29 15:26:22.376, 288.79, 100, 74232, 71
2026/07/29 15:26:23.412, 304.32, 100, 74232, 71
2026/07/29 15:26:24.451, 298.72, 100, 74232, 71
2026/07/29 15:26:25.488, 293.63, 100, 74232, 71
2026/07/29 15:26:26.524, 300.83, 100, 74232, 71
2026/07/29 15:26:27.562, 299.19, 100, 74232, 71
2026/07/29 15:26:28.598, 298.42, 100, 74232, 71
2026/07/29 15:26:29.635, 301.47, 100, 74232, 71
2026/07/29 15:26:30.672, 301.39, 100, 74232, 71
2026/07/29 15:26:31.711, 306.96, 100, 74232, 72
2026/07/29 15:26:32.747, 301.63, 100, 74232, 71
2026/07/29 15:26:33.785, 305.09, 100, 74232, 71
2026/07/29 15:26:34.822, 303.91, 100, 74232, 71
2026/07/29 15:26:35.861, 304.70, 100, 74232, 71
2026/07/29 15:26:36.897, 299.39, 100, 74232, 71
2026/07/29 15:26:37.934, 295.31, 100, 74232, 71
2026/07/29 15:26:38.971, 298.60, 100, 74232, 71
2026/07/29 15:26:40.009, 296.85, 100, 74232, 71
2026/07/29 15:26:41.046, 304.30, 100, 74232, 71
2026/07/29 15:26:42.084, 308.55, 100, 74232, 71
2026/07/29 15:26:43.128, 294.22, 100, 74232, 71
2026/07/29 15:26:44.167, 290.24, 100, 74232, 71
2026/07/29 15:26:45.204, 297.54, 100, 74232, 71
2026/07/29 15:26:46.246, 293.90, 100, 74232, 71
2026/07/29 15:26:47.283, 298.88, 100, 74232, 71
2026/07/29 15:26:48.320, 298.79, 100, 74232, 71
2026/07/29 15:26:49.356, 300.27, 100, 74232, 71
2026/07/29 15:26:50.394, 298.73, 100, 74232, 71
2026/07/29 15:26:51.430, 299.09, 100, 74232, 71
2026/07/29 15:26:52.471, 299.21, 100, 74232, 71
2026/07/29 15:26:53.509, 297.34, 100, 74232, 71
2026/07/29 15:26:54.547, 296.67, 100, 74232, 71
2026/07/29 15:26:55.584, 297.42, 100, 74232, 71
2026/07/29 15:26:56.622, 299.06, 100, 74232, 71
2026/07/29 15:26:57.661, 305.29, 100, 74232, 71
2026/07/29 15:26:58.698, 304.52, 100, 74232, 71
2026/07/29 15:26:59.734, 305.00, 100, 74232, 71
2026/07/29 15:27:00.770, 300.35, 100, 74232, 71
2026/07/29 15:27:01.807, 305.00, 100, 74232, 71
2026/07/29 15:27:02.844, 304.52, 100, 74232, 71
2026/07/29 15:27:03.882, 293.04, 100, 74232, 71
2026/07/29 15:27:04.920, 301.89, 100, 74232, 71
2026/07/29 15:27:05.958, 303.65, 100, 74232, 71
2026/07/29 15:27:06.996, 295.98, 100, 74232, 71
2026/07/29 15:27:08.034, 293.72, 100, 74232, 71
2026/07/29 15:27:09.071, 297.45, 100, 74232, 71
2026/07/29 15:27:10.108, 298.71, 100, 74232, 71
2026/07/29 15:27:11.147, 291.99, 100, 74232, 71
2026/07/29 15:27:12.184, 294.70, 100, 74232, 71
2026/07/29 15:27:13.224, 296.56, 100, 74232, 71
2026/07/29 15:27:14.262, 297.90, 100, 74232, 71
2026/07/29 15:27:15.299, 300.72, 100, 74232, 71
2026/07/29 15:27:16.337, 303.18, 100, 74232, 71
2026/07/29 15:27:17.375, 295.59, 100, 74232, 71
2026/07/29 15:27:18.418, 297.62, 100, 74232, 71
2026/07/29 15:27:19.455, 298.53, 100, 74232, 71
2026/07/29 15:27:20.492, 297.52, 100, 74232, 71
2026/07/29 15:27:21.529, 296.57, 100, 74232, 71
2026/07/29 15:27:22.566, 297.63, 100, 74232, 71
2026/07/29 15:27:23.603, 294.12, 100, 74232, 71
2026/07/29 15:27:24.640, 297.04, 100, 74232, 71
2026/07/29 15:27:25.677, 297.45, 100, 74232, 71
2026/07/29 15:27:26.715, 301.58, 100, 74232, 72
2026/07/29 15:27:27.753, 304.12, 100, 74232, 72
2026/07/29 15:27:28.790, 303.71, 100, 74232, 71
2026/07/29 15:27:29.830, 297.83, 100, 74232, 73
2026/07/29 15:27:30.865, 292.27, 100, 74232, 73
2026/07/29 15:27:31.906, 296.73, 100, 74232, 73
2026/07/29 15:27:32.942, 297.80, 100, 74232, 73
2026/07/29 15:27:33.979, 281.59, 100, 74232, 73
2026/07/29 15:27:35.016, 294.68, 100, 74232, 73
2026/07/29 15:27:36.052, 305.87, 100, 74232, 71
2026/07/29 15:27:37.090, 302.66, 100, 74232, 72
2026/07/29 15:27:38.127, 302.21, 100, 74232, 72
2026/07/29 15:27:39.164, 306.42, 100, 74232, 72
2026/07/29 15:27:40.200, 299.20, 100, 74232, 72
2026/07/29 15:27:41.237, 96.98, 0, 74232, 68
2026/07/29 15:27:42.271, 301.15, 100, 74232, 73
2026/07/29 15:27:43.305, 282.26, 100, 74232, 73
2026/07/29 15:27:44.341, 280.73, 100, 74232, 73
2026/07/29 15:27:45.376, 297.27, 100, 74232, 73
2026/07/29 15:27:46.417, 301.16, 100, 74232, 73
2026/07/29 15:27:47.452, 302.69, 100, 74232, 73
2026/07/29 15:27:48.490, 303.55, 100, 74232, 72
2026/07/29 15:27:49.527, 296.86, 100, 74232, 72
2026/07/29 15:27:50.567, 298.10, 100, 74232, 72
2026/07/29 15:27:51.604, 302.07, 100, 74232, 72
2026/07/29 15:27:52.645, 98.92, 0, 74232, 68
2026/07/29 15:27:53.677, 290.24, 100, 74232, 73
2026/07/29 15:27:54.711, 291.90, 100, 74232, 73
2026/07/29 15:27:55.748, 282.72, 100, 74232, 73
2026/07/29 15:27:56.783, 293.17, 100, 74232, 73
2026/07/29 15:27:57.816, 293.23, 100, 74232, 74
2026/07/29 15:27:58.851, 283.42, 100, 74232, 74
2026/07/29 15:27:59.893, 306.39, 100, 74232, 72
2026/07/29 15:28:00.930, 307.67, 100, 74232, 72
2026/07/29 15:28:01.968, 304.53, 100, 74232, 72
2026/07/29 15:28:03.006, 306.72, 100, 74232, 72
2026/07/29 15:28:04.041, 299.74, 100, 74232, 72
2026/07/29 15:28:05.079, 297.12, 100, 74232, 72
2026/07/29 15:28:06.115, 98.75, 0, 74232, 69
2026/07/29 15:28:07.147, 299.76, 100, 74232, 74
2026/07/29 15:28:08.183, 300.08, 100, 74232, 74
2026/07/29 15:28:09.218, 300.78, 100, 74232, 74
2026/07/29 15:28:10.254, 310.81, 100, 74232, 74
2026/07/29 15:28:11.289, 320.38, 100, 74232, 74
2026/07/29 15:28:12.328, 275.84, 100, 74232, 74
2026/07/29 15:28:13.362, 306.23, 100, 74232, 72
2026/07/29 15:28:14.399, 293.95, 100, 74232, 72
2026/07/29 15:28:15.436, 297.63, 100, 74232, 72
2026/07/29 15:28:16.473, 300.42, 100, 74232, 72
2026/07/29 15:28:17.510, 296.35, 100, 74232, 72
2026/07/29 15:28:18.546, 299.19, 100, 74232, 72
2026/07/29 15:28:19.583, 299.67, 100, 74232, 72
2026/07/29 15:28:20.621, 296.66, 100, 74232, 72
2026/07/29 15:28:21.658, 299.17, 100, 74232, 72
2026/07/29 15:28:22.696, 303.26, 100, 74232, 73
2026/07/29 15:28:23.733, 99.48, 0, 74232, 69
2026/07/29 15:28:24.766, 299.45, 100, 74232, 74
2026/07/29 15:28:25.801, 293.16, 100, 74232, 74
2026/07/29 15:28:26.835, 292.37, 100, 74232, 74
2026/07/29 15:28:27.870, 299.77, 100, 74232, 74
2026/07/29 15:28:28.907, 305.74, 100, 74232, 74
2026/07/29 15:28:29.942, 295.21, 100, 74232, 74
2026/07/29 15:28:30.977, 264.24, 100, 74232, 72
2026/07/29 15:28:32.013, 291.79, 100, 74232, 72
2026/07/29 15:28:33.051, 283.63, 100, 74232, 72
2026/07/29 15:28:34.088, 294.33, 100, 74232, 72
2026/07/29 15:28:35.126, 98.91, 56, 74232, 69
2026/07/29 15:28:36.161, 298.48, 100, 74232, 73
2026/07/29 15:28:37.196, 288.67, 100, 74232, 74
2026/07/29 15:28:38.230, 286.64, 100, 74232, 74
2026/07/29 15:28:39.265, 287.14, 100, 74232, 74
2026/07/29 15:28:40.299, 295.31, 100, 74232, 74
2026/07/29 15:28:41.337, 286.42, 100, 74232, 74
2026/07/29 15:28:42.372, 283.93, 100, 74232, 74
2026/07/29 15:28:43.406, 302.56, 100, 74232, 72
2026/07/29 15:28:44.444, 299.76, 100, 74232, 72
2026/07/29 15:28:45.482, 300.93, 100, 74232, 72
2026/07/29 15:28:46.521, 301.24, 100, 74232, 72
2026/07/29 15:28:47.558, 299.40, 100, 74232, 72
2026/07/29 15:28:48.599, 296.56, 100, 74232, 72
2026/07/29 15:28:49.636, 300.93, 100, 74232, 73
2026/07/29 15:28:50.677, 297.35, 100, 74232, 73
2026/07/29 15:28:51.714, 297.32, 100, 74232, 73
2026/07/29 15:28:52.752, 299.87, 100, 74232, 73
2026/07/29 15:28:53.788, 302.00, 100, 74232, 73
2026/07/29 15:28:54.824, 301.92, 100, 74232, 73
2026/07/29 15:28:55.861, 298.99, 100, 74232, 73
2026/07/29 15:28:56.897, 300.44, 100, 74232, 73
2026/07/29 15:28:57.934, 302.89, 100, 74232, 73
2026/07/29 15:28:58.976, 101.05, 0, 74232, 70
2026/07/29 15:29:00.007, 97.58, 0, 74232, 69
2026/07/29 15:29:01.038, 96.84, 0, 74232, 68
2026/07/29 15:29:02.076, 96.34, 0, 74232, 67
2026/07/29 15:29:03.108, 95.07, 0, 74232, 67
2026/07/29 15:29:04.141, 94.03, 0, 74232, 66
2026/07/29 15:29:05.174, 92.69, 0, 74232, 65
2026/07/29 15:29:06.205, 92.94, 0, 74232, 65
2026/07/29 15:29:07.237, 91.40, 0, 74232, 64
2026/07/29 15:29:08.268, 91.96, 0, 74232, 64
2026/07/29 15:29:09.300, 90.29, 0, 74232, 64
2026/07/29 15:29:10.331, 90.86, 0, 74232, 63
2026/07/29 15:29:11.363, 88.84, 0, 74232, 63
2026/07/29 15:29:12.395, 88.82, 0, 74232, 62
2026/07/29 15:29:13.428, 88.91, 0, 74232, 62
2026/07/29 15:29:14.460, 88.42, 0, 74232, 62
2026/07/29 15:29:15.492, 87.47, 0, 74232, 61
2026/07/29 15:29:16.523, 87.26, 0, 74232, 61
2026/07/29 15:29:17.555, 87.35, 0, 74232, 61
2026/07/29 15:29:18.586, 86.40, 0, 74232, 60
2026/07/29 15:29:19.617, 86.79, 0, 74232, 60
2026/07/29 15:29:20.650, 298.49, 100, 74232, 65
2026/07/29 15:29:21.686, 302.49, 100, 74232, 66
2026/07/29 15:29:22.721, 278.79, 100, 74232, 66
2026/07/29 15:29:23.758, 309.67, 100, 74232, 66
2026/07/29 15:29:24.794, 240.06, 100, 74232, 65
2026/07/29 15:29:25.836, 292.30, 100, 74232, 65
2026/07/29 15:29:26.875, 304.92, 100, 74232, 65
2026/07/29 15:29:27.911, 301.39, 100, 74232, 66
2026/07/29 15:29:28.948, 304.89, 100, 74232, 66
2026/07/29 15:29:29.983, 285.46, 100, 74232, 66
2026/07/29 15:29:31.020, 296.88, 100, 74232, 66
2026/07/29 15:29:32.058, 298.32, 100, 74232, 66
2026/07/29 15:29:33.095, 295.02, 100, 74232, 68
2026/07/29 15:29:34.133, 300.64, 100, 74232, 68
2026/07/29 15:29:35.167, 290.53, 100, 74232, 69
2026/07/29 15:29:36.202, 295.50, 100, 74232, 69
2026/07/29 15:29:37.236, 288.87, 100, 74232, 69
2026/07/29 15:29:38.274, 310.13, 100, 74232, 67
2026/07/29 15:29:39.313, 301.70, 100, 74232, 67
2026/07/29 15:29:40.350, 359.92, 100, 74232, 69
2026/07/29 15:29:41.386, 301.22, 100, 74232, 69
2026/07/29 15:29:42.423, 300.33, 100, 74232, 70
2026/07/29 15:29:43.458, 279.77, 100, 74232, 70
2026/07/29 15:29:44.494, 305.79, 100, 74232, 70
2026/07/29 15:29:45.531, 296.95, 100, 74232, 68
2026/07/29 15:29:46.569, 299.95, 100, 74232, 68
2026/07/29 15:29:47.608, 299.18, 100, 74232, 68
2026/07/29 15:29:48.646, 298.11, 100, 74232, 69
2026/07/29 15:29:49.686, 302.10, 100, 74232, 69
2026/07/29 15:29:50.724, 299.66, 100, 74232, 69
2026/07/29 15:29:51.764, 290.24, 100, 74232, 69
2026/07/29 15:29:52.801, 301.39, 100, 74232, 69
2026/07/29 15:29:53.838, 295.19, 100, 74232, 69
2026/07/29 15:29:54.875, 292.87, 100, 74232, 69
2026/07/29 15:29:55.914, 274.99, 100, 74232, 71
2026/07/29 15:29:56.949, 288.79, 100, 74232, 71
2026/07/29 15:29:57.985, 293.61, 100, 74232, 71
2026/07/29 15:29:59.020, 305.89, 100, 74232, 71
2026/07/29 15:30:00.062, 302.07, 100, 74232, 72
2026/07/29 15:30:01.098, 304.13, 100, 74232, 70
2026/07/29 15:30:02.136, 292.27, 100, 74232, 70
2026/07/29 15:30:03.174, 301.88, 100, 74232, 70
2026/07/29 15:30:04.212, 305.05, 100, 74232, 70
2026/07/29 15:30:05.251, 290.71, 100, 74232, 70
2026/07/29 15:30:06.289, 344.75, 100, 74232, 72
2026/07/29 15:30:07.323, 303.14, 100, 74232, 72
2026/07/29 15:30:08.359, 287.41, 100, 74232, 72
2026/07/29 15:30:09.394, 296.84, 100, 74232, 72
2026/07/29 15:30:10.431, 268.76, 100, 74232, 72
2026/07/29 15:30:11.467, 315.45, 100, 74232, 72
2026/07/29 15:30:12.503, 289.67, 100, 74232, 70
2026/07/29 15:30:13.542, 284.99, 100, 74232, 71
2026/07/29 15:30:14.581, 289.47, 100, 74232, 71
2026/07/29 15:30:15.619, 291.32, 100, 74232, 71
2026/07/29 15:30:16.657, 96.84, 0, 74232, 68
2026/07/29 15:30:17.690, 305.48, 100, 74232, 72
2026/07/29 15:30:18.726, 281.32, 100, 74232, 72
2026/07/29 15:30:19.766, 277.08, 100, 74232, 72
2026/07/29 15:30:20.801, 266.25, 100, 74232, 72
2026/07/29 15:30:21.838, 272.78, 100, 74232, 73
2026/07/29 15:30:22.874, 303.15, 100, 74232, 71
2026/07/29 15:30:23.912, 304.32, 100, 74232, 71
2026/07/29 15:30:24.951, 301.79, 100, 74232, 71
2026/07/29 15:30:25.988, 299.57, 100, 74232, 71
2026/07/29 15:30:27.026, 306.46, 100, 74232, 71
2026/07/29 15:30:28.063, 303.27, 100, 74232, 71
2026/07/29 15:30:29.101, 305.97, 100, 74232, 71
2026/07/29 15:30:30.138, 301.88, 83, 74232, 73
2026/07/29 15:30:31.174, 296.17, 100, 74232, 73
2026/07/29 15:30:32.211, 297.53, 100, 74232, 73
2026/07/29 15:30:33.245, 298.12, 100, 74232, 73
2026/07/29 15:30:34.279, 315.43, 100, 74232, 73
2026/07/29 15:30:35.314, 262.75, 100, 74232, 72
2026/07/29 15:30:36.353, 291.14, 100, 74232, 71
2026/07/29 15:30:37.391, 288.10, 100, 74232, 71
2026/07/29 15:30:38.432, 296.96, 100, 74232, 71
2026/07/29 15:30:39.470, 298.98, 100, 74232, 71
2026/07/29 15:30:40.508, 316.15, 100, 74232, 73
2026/07/29 15:30:41.632, 299.46, 100, 74232, 73
2026/07/29 15:30:42.667, 306.78, 100, 74232, 73
2026/07/29 15:30:43.701, 293.11, 100, 74232, 73
2026/07/29 15:30:44.737, 293.52, 100, 74232, 73
2026/07/29 15:30:45.778, 256.46, 100, 74232, 71
2026/07/29 15:30:46.817, 282.47, 100, 74232, 71
2026/07/29 15:30:47.858, 294.14, 100, 74232, 71
2026/07/29 15:30:48.897, 294.98, 100, 74232, 71
2026/07/29 15:30:49.935, 296.17, 100, 74232, 73
2026/07/29 15:30:50.970, 274.30, 100, 74232, 73
2026/07/29 15:30:52.005, 304.52, 100, 74232, 73
2026/07/29 15:30:53.041, 288.52, 100, 74232, 73
2026/07/29 15:30:54.076, 277.11, 100, 74232, 73
2026/07/29 15:30:55.116, 304.45, 100, 74232, 73
2026/07/29 15:30:56.155, 281.26, 100, 74232, 71
2026/07/29 15:30:57.193, 282.17, 100, 74232, 71
2026/07/29 15:30:58.231, 291.82, 100, 74232, 72
2026/07/29 15:30:59.268, 292.18, 100, 74232, 72
2026/07/29 15:31:00.306, 272.96, 92, 74232, 73
2026/07/29 15:31:01.341, 298.42, 100, 74232, 74
2026/07/29 15:31:02.376, 298.22, 100, 74232, 74
2026/07/29 15:31:03.418, 309.76, 100, 74232, 74
2026/07/29 15:31:04.455, 274.38, 100, 74232, 74
2026/07/29 15:31:05.490, 304.27, 100, 74232, 74
2026/07/29 15:31:06.527, 270.79, 100, 74232, 72
2026/07/29 15:31:07.565, 293.55, 100, 74232, 72
2026/07/29 15:31:08.602, 303.26, 100, 74232, 72
2026/07/29 15:31:09.642, 295.79, 100, 74232, 72
2026/07/29 15:31:10.680, 299.47, 100, 74232, 72
2026/07/29 15:31:11.717, 301.12, 100, 74232, 72
2026/07/29 15:31:12.754, 297.45, 100, 74232, 72
2026/07/29 15:31:13.794, 298.22, 100, 74232, 72
2026/07/29 15:31:14.831, 99.86, 0, 74232, 69
2026/07/29 15:31:15.865, 303.24, 100, 74232, 74
2026/07/29 15:31:16.902, 300.16, 100, 74232, 74
2026/07/29 15:31:17.938, 294.54, 100, 74232, 74
2026/07/29 15:31:18.974, 280.22, 100, 74232, 74
2026/07/29 15:31:20.010, 271.37, 100, 74232, 74
2026/07/29 15:31:21.045, 298.42, 100, 74232, 74
2026/07/29 15:31:22.082, 300.74, 100, 74232, 72
2026/07/29 15:31:23.119, 301.62, 100, 74232, 72
2026/07/29 15:31:24.159, 300.35, 100, 74232, 72
2026/07/29 15:31:25.197, 300.45, 100, 74232, 72
2026/07/29 15:31:26.236, 298.18, 100, 74232, 72
2026/07/29 15:31:27.273, 99.43, 0, 74232, 69
2026/07/29 15:31:28.306, 295.15, 100, 74232, 73
2026/07/29 15:31:29.343, 288.65, 100, 74232, 74
2026/07/29 15:31:30.378, 277.67, 100, 74232, 74
2026/07/29 15:31:31.418, 276.02, 100, 74232, 73
2026/07/29 15:31:32.453, 295.85, 100, 74232, 74
2026/07/29 15:31:33.488, 293.47, 100, 74232, 74
2026/07/29 15:31:34.523, 298.70, 100, 74232, 72
2026/07/29 15:31:35.560, 294.21, 100, 74232, 72
2026/07/29 15:31:36.597, 305.66, 100, 74232, 72
2026/07/29 15:31:37.639, 297.80, 100, 74232, 74
2026/07/29 15:31:38.674, 290.37, 100, 74232, 74
2026/07/29 15:31:39.710, 270.78, 100, 74232, 74
2026/07/29 15:31:40.744, 281.48, 100, 74232, 74
2026/07/29 15:31:41.780, 300.99, 100, 74232, 74
2026/07/29 15:31:42.816, 317.46, 100, 74232, 74
2026/07/29 15:31:43.853, 297.55, 100, 74232, 72
2026/07/29 15:31:44.892, 299.78, 100, 74232, 72
2026/07/29 15:31:45.930, 301.43, 100, 74232, 72
2026/07/29 15:31:46.967, 294.90, 100, 74232, 72
2026/07/29 15:31:48.005, 298.48, 100, 74232, 72
2026/07/29 15:31:49.042, 307.84, 100, 74232, 73
2026/07/29 15:31:50.080, 301.42, 100, 74232, 73
2026/07/29 15:31:51.117, 296.08, 100, 74232, 73
2026/07/29 15:31:52.156, 293.16, 100, 74232, 73
2026/07/29 15:31:53.194, 294.52, 100, 74232, 73
2026/07/29 15:31:54.232, 294.33, 100, 74232, 73
2026/07/29 15:31:55.271, 296.47, 100, 74232, 73
2026/07/29 15:31:56.309, 297.44, 100, 74232, 73
2026/07/29 15:31:57.349, 300.82, 100, 74232, 73
2026/07/29 15:31:58.386, 301.41, 100, 74232, 73
2026/07/29 15:31:59.423, 297.35, 100, 74232, 73
2026/07/29 15:32:00.462, 298.22, 100, 74232, 73
2026/07/29 15:32:01.498, 299.97, 100, 74232, 72
2026/07/29 15:32:02.537, 302.48, 100, 74232, 72
2026/07/29 15:32:03.574, 305.54, 100, 74232, 72
2026/07/29 15:32:04.613, 295.40, 100, 74232, 72
2026/07/29 15:32:05.650, 300.93, 100, 74232, 72
2026/07/29 15:32:06.687, 296.85, 100, 74232, 72
2026/07/29 15:32:07.725, 296.67, 100, 74232, 72
2026/07/29 15:32:08.763, 299.57, 100, 74232, 72
2026/07/29 15:32:09.801, 293.76, 100, 74232, 72
2026/07/29 15:32:10.838, 289.86, 100, 74232, 72
2026/07/29 15:32:11.875, 291.51, 100, 74232, 72
2026/07/29 15:32:12.917, 292.87, 100, 74232, 72
2026/07/29 15:32:13.959, 300.76, 100, 74232, 72
2026/07/29 15:32:14.997, 294.80, 100, 74232, 72
2026/07/29 15:32:16.041, 292.86, 100, 74232, 72
2026/07/29 15:32:17.083, 293.06, 100, 74232, 72
2026/07/29 15:32:18.120, 294.71, 100, 74232, 72
2026/07/29 15:32:19.166, 292.47, 100, 74232, 72
2026/07/29 15:32:20.203, 299.18, 100, 74232, 72
2026/07/29 15:32:21.240, 301.52, 100, 74232, 72
2026/07/29 15:32:22.277, 299.01, 100, 74232, 72
2026/07/29 15:32:23.315, 294.61, 100, 74232, 72
2026/07/29 15:32:24.353, 292.57, 100, 74232, 72
2026/07/29 15:32:25.391, 291.88, 100, 74232, 72
2026/07/29 15:32:26.428, 292.18, 100, 74232, 72
2026/07/29 15:32:27.470, 297.83, 100, 74232, 72
2026/07/29 15:32:28.512, 298.89, 100, 74232, 72
2026/07/29 15:32:29.549, 290.14, 100, 74232, 72
2026/07/29 15:32:30.586, 296.75, 100, 74232, 72
2026/07/29 15:32:31.624, 298.51, 100, 74232, 72
2026/07/29 15:32:32.661, 299.50, 100, 74232, 72
2026/07/29 15:32:33.700, 299.68, 100, 74232, 72
2026/07/29 15:32:34.736, 294.82, 100, 74232, 72
2026/07/29 15:32:35.777, 298.30, 100, 74232, 72
2026/07/29 15:32:36.815, 298.41, 100, 74232, 72
2026/07/29 15:32:37.853, 299.77, 100, 74232, 72
2026/07/29 15:32:38.892, 300.86, 100, 74232, 72
2026/07/29 15:32:39.930, 296.20, 100, 74232, 72
2026/07/29 15:32:40.968, 297.14, 100, 74232, 72
2026/07/29 15:32:42.005, 298.99, 100, 74232, 72
2026/07/29 15:32:43.043, 299.57, 100, 74232, 72
2026/07/29 15:32:44.080, 300.39, 100, 74232, 72
2026/07/29 15:32:45.117, 298.13, 100, 74232, 72
2026/07/29 15:32:46.154, 297.33, 100, 74232, 72
2026/07/29 15:32:47.191, 300.06, 100, 74232, 72
2026/07/29 15:32:48.230, 300.25, 100, 74232, 72
2026/07/29 15:32:49.267, 297.53, 100, 74232, 72
2026/07/29 15:32:50.304, 297.03, 100, 74232, 72
2026/07/29 15:32:51.342, 293.04, 100, 74232, 71
2026/07/29 15:32:52.380, 284.40, 100, 74232, 71
2026/07/29 15:32:53.417, 294.73, 100, 74232, 71
2026/07/29 15:32:54.455, 297.63, 100, 74232, 71
2026/07/29 15:32:55.493, 299.56, 100, 74232, 71
2026/07/29 15:32:56.531, 296.95, 100, 74232, 71
2026/07/29 15:32:57.569, 292.98, 100, 74232, 71
2026/07/29 15:32:58.613, 297.90, 100, 74232, 71
2026/07/29 15:32:59.651, 298.30, 100, 74232, 71
2026/07/29 15:33:00.689, 299.17, 100, 74232, 71
2026/07/29 15:33:01.729, 300.56, 100, 74232, 71
2026/07/29 15:33:02.767, 299.19, 100, 74232, 71
2026/07/29 15:33:03.803, 297.71, 100, 74232, 73
2026/07/29 15:33:04.838, 287.01, 100, 74232, 73
2026/07/29 15:33:05.873, 300.89, 100, 74232, 73
2026/07/29 15:33:06.910, 310.49, 100, 74232, 73
2026/07/29 15:33:07.946, 298.86, 100, 74232, 73
2026/07/29 15:33:08.983, 272.64, 100, 74232, 73
2026/07/29 15:33:10.017, 316.86, 100, 74232, 73
2026/07/29 15:33:11.053, 306.35, 100, 74232, 72
2026/07/29 15:33:12.090, 302.27, 100, 74232, 71
2026/07/29 15:33:13.126, 306.65, 100, 74232, 71
2026/07/29 15:33:14.165, 306.38, 100, 74232, 72
2026/07/29 15:33:15.203, 97.21, 0, 74232, 68
2026/07/29 15:33:16.236, 295.40, 100, 74232, 71
2026/07/29 15:33:17.279, 298.90, 100, 74232, 71
2026/07/29 15:33:18.318, 299.08, 100, 74232, 71
2026/07/29 15:33:19.354, 296.14, 100, 74232, 72
2026/07/29 15:33:20.393, 301.79, 100, 74232, 72
2026/07/29 15:33:21.431, 305.11, 100, 74232, 72
2026/07/29 15:33:22.470, 304.53, 100, 74232, 72
2026/07/29 15:33:23.507, 303.16, 100, 74232, 72
2026/07/29 15:33:24.544, 292.79, 100, 74232, 72
2026/07/29 15:33:25.586, 310.37, 100, 74232, 72
2026/07/29 15:33:26.623, 305.96, 100, 74232, 72
2026/07/29 15:33:27.660, 302.58, 100, 74232, 72
2026/07/29 15:33:28.698, 296.55, 100, 74232, 72
2026/07/29 15:33:29.735, 295.79, 100, 74232, 72
2026/07/29 15:33:30.774, 303.85, 100, 74232, 72
2026/07/29 15:33:31.812, 305.43, 100, 74232, 72
2026/07/29 15:33:32.848, 305.10, 100, 74232, 72
2026/07/29 15:33:33.886, 302.01, 100, 74232, 72
2026/07/29 15:33:34.923, 303.27, 100, 74232, 72
2026/07/29 15:33:35.969, 304.71, 100, 74232, 72
2026/07/29 15:33:37.006, 304.80, 100, 74232, 72
2026/07/29 15:33:38.044, 301.45, 100, 74232, 72
2026/07/29 15:33:39.081, 305.43, 100, 74232, 72
2026/07/29 15:33:40.118, 299.85, 100, 74232, 72
2026/07/29 15:33:41.156, 301.13, 100, 74232, 72
2026/07/29 15:33:42.193, 292.19, 100, 74232, 71
2026/07/29 15:33:43.235, 299.96, 100, 74232, 71
2026/07/29 15:33:44.273, 291.51, 100, 74232, 71
2026/07/29 15:33:45.310, 292.01, 100, 74232, 71
2026/07/29 15:33:46.347, 291.54, 100, 74232, 71
2026/07/29 15:33:47.384, 284.49, 100, 74232, 71
2026/07/29 15:33:48.423, 289.76, 100, 74232, 71
2026/07/29 15:33:49.460, 297.24, 100, 74232, 71
2026/07/29 15:33:50.497, 297.04, 100, 74232, 71
2026/07/29 15:33:51.534, 297.23, 100, 74232, 71
2026/07/29 15:33:52.572, 297.82, 100, 74232, 71
2026/07/29 15:33:53.610, 297.24, 100, 74232, 71
2026/07/29 15:33:54.648, 297.37, 100, 74232, 71
2026/07/29 15:33:55.686, 296.86, 100, 74232, 71
2026/07/29 15:33:56.726, 299.47, 100, 74232, 71
2026/07/29 15:33:57.763, 297.82, 100, 74232, 71
2026/07/29 15:33:58.802, 298.11, 100, 74232, 71
2026/07/29 15:33:59.840, 293.15, 100, 74232, 71
2026/07/29 15:34:00.878, 297.75, 100, 74232, 71
2026/07/29 15:34:01.915, 302.91, 100, 74232, 71
2026/07/29 15:34:02.953, 301.25, 100, 74232, 71
2026/07/29 15:34:03.991, 303.83, 100, 74232, 71
2026/07/29 15:34:05.028, 294.24, 100, 74232, 71
2026/07/29 15:34:06.067, 299.40, 100, 74232, 71
2026/07/29 15:34:07.104, 306.09, 100, 74232, 71
2026/07/29 15:34:08.141, 301.42, 100, 74232, 71
2026/07/29 15:34:09.178, 301.41, 100, 74232, 71
2026/07/29 15:34:10.217, 305.92, 100, 74232, 71
2026/07/29 15:34:11.255, 304.99, 100, 74232, 71
2026/07/29 15:34:12.292, 303.45, 100, 74232, 71
2026/07/29 15:34:13.330, 303.07, 100, 74232, 71
2026/07/29 15:34:14.366, 295.90, 100, 74232, 71
2026/07/29 15:34:15.404, 296.87, 100, 74232, 71
2026/07/29 15:34:16.442, 303.93, 100, 74232, 71
2026/07/29 15:34:17.483, 298.40, 100, 74232, 71
2026/07/29 15:34:18.520, 293.25, 100, 74232, 71
2026/07/29 15:34:19.557, 297.63, 100, 74232, 71
2026/07/29 15:34:20.594, 298.31, 100, 74232, 71
2026/07/29 15:34:21.632, 292.01, 100, 74232, 71
2026/07/29 15:34:22.670, 292.90, 100, 74232, 71
2026/07/29 15:34:23.709, 296.20, 100, 74232, 71
2026/07/29 15:34:24.747, 292.66, 100, 74232, 71
2026/07/29 15:34:25.785, 299.29, 100, 74232, 71
2026/07/29 15:34:26.825, 297.45, 100, 74232, 71
2026/07/29 15:34:27.862, 299.28, 100, 74232, 71
2026/07/29 15:34:28.899, 302.59, 100, 74232, 71
2026/07/29 15:34:29.936, 303.69, 100, 74232, 71
2026/07/29 15:34:30.974, 304.79, 100, 74232, 71
2026/07/29 15:34:32.011, 304.43, 100, 74232, 71
2026/07/29 15:34:33.048, 303.59, 100, 74232, 71
2026/07/29 15:34:34.086, 303.26, 100, 74232, 71
2026/07/29 15:34:35.125, 295.40, 100, 74232, 71
2026/07/29 15:34:36.161, 299.56, 100, 74232, 71
2026/07/29 15:34:37.204, 299.37, 100, 74232, 71
2026/07/29 15:34:38.240, 295.02, 100, 74232, 71
2026/07/29 15:34:39.279, 295.20, 100, 74232, 71
2026/07/29 15:34:40.317, 296.56, 100, 74232, 71
2026/07/29 15:34:41.355, 293.93, 100, 74232, 71
2026/07/29 15:34:42.393, 295.39, 100, 74232, 71
2026/07/29 15:34:43.430, 295.33, 100, 74232, 71
2026/07/29 15:34:44.471, 301.32, 100, 74232, 71
2026/07/29 15:34:45.508, 293.36, 100, 74232, 71
2026/07/29 15:34:46.546, 291.61, 100, 74232, 71
2026/07/29 15:34:47.585, 296.67, 100, 74232, 71
2026/07/29 15:34:48.622, 302.01, 70, 74232, 72
2026/07/29 15:34:49.661, 291.88, 100, 74232, 73
2026/07/29 15:34:50.696, 298.29, 100, 74232, 73
2026/07/29 15:34:51.734, 285.09, 100, 74232, 73
2026/07/29 15:34:52.770, 321.33, 100, 74232, 73
2026/07/29 15:34:53.805, 287.72, 100, 74232, 73
2026/07/29 15:34:54.841, 275.91, 100, 74232, 73
2026/07/29 15:34:55.879, 302.69, 100, 74232, 71
2026/07/29 15:34:56.916, 305.42, 100, 74232, 71
2026/07/29 15:34:57.954, 306.01, 100, 74232, 71
2026/07/29 15:34:58.991, 305.20, 100, 74232, 71
2026/07/29 15:35:00.029, 303.64, 100, 74232, 71
2026/07/29 15:35:01.066, 303.07, 100, 74232, 71
2026/07/29 15:35:02.104, 306.39, 100, 74232, 71
2026/07/29 15:35:03.141, 295.50, 100, 74232, 71
2026/07/29 15:35:04.181, 299.30, 100, 74232, 71
2026/07/29 15:35:05.218, 302.13, 100, 74232, 71
2026/07/29 15:35:06.259, 303.72, 100, 74232, 71
2026/07/29 15:35:07.297, 305.23, 100, 74232, 71
2026/07/29 15:35:08.337, 303.58, 100, 74232, 71
2026/07/29 15:35:09.375, 307.52, 100, 74232, 71
2026/07/29 15:35:10.412, 304.71, 100, 74232, 71
2026/07/29 15:35:11.454, 304.54, 100, 74232, 71
2026/07/29 15:35:12.492, 298.30, 100, 74232, 71
2026/07/29 15:35:13.530, 301.78, 100, 74232, 71
2026/07/29 15:35:14.568, 298.30, 100, 74232, 71
2026/07/29 15:35:15.604, 297.04, 100, 74232, 71
2026/07/29 15:35:16.641, 295.68, 100, 74232, 71
2026/07/29 15:35:17.681, 299.76, 100, 74232, 71
2026/07/29 15:35:18.719, 297.62, 100, 74232, 71
2026/07/29 15:35:19.757, 305.49, 100, 74232, 71
2026/07/29 15:35:20.796, 306.19, 100, 74232, 71
2026/07/29 15:35:21.834, 294.50, 100, 74232, 71
2026/07/29 15:35:22.872, 298.59, 100, 74232, 71
2026/07/29 15:35:23.910, 298.03, 100, 74232, 73
2026/07/29 15:35:24.946, 291.77, 100, 74232, 73
2026/07/29 15:35:25.981, 283.45, 100, 74232, 73
2026/07/29 15:35:27.017, 278.68, 100, 74232, 73
2026/07/29 15:35:28.055, 317.48, 100, 74232, 73
2026/07/29 15:35:29.091, 315.42, 100, 74232, 73
2026/07/29 15:35:30.127, 310.95, 100, 74232, 73
2026/07/29 15:35:31.170, 297.72, 100, 74232, 71
2026/07/29 15:35:32.207, 305.98, 100, 74232, 71
2026/07/29 15:35:33.244, 299.58, 100, 74232, 71
2026/07/29 15:35:34.281, 298.99, 100, 74232, 71
2026/07/29 15:35:35.326, 295.30, 100, 74232, 71
2026/07/29 15:35:36.364, 297.82, 100, 74232, 72
2026/07/29 15:35:37.401, 292.86, 100, 74232, 72
2026/07/29 15:35:38.441, 297.51, 100, 74232, 72
2026/07/29 15:35:39.480, 298.00, 100, 74232, 72
2026/07/29 15:35:40.517, 301.12, 100, 74232, 72
2026/07/29 15:35:41.555, 296.57, 100, 74232, 72
2026/07/29 15:35:42.592, 300.44, 100, 74232, 72
2026/07/29 15:35:43.629, 299.28, 100, 74232, 72
2026/07/29 15:35:44.666, 295.30, 100, 74232, 72
2026/07/29 15:35:45.708, 292.58, 100, 74232, 72
2026/07/29 15:35:46.745, 296.30, 100, 74232, 72
2026/07/29 15:35:47.782, 299.39, 100, 74232, 72
2026/07/29 15:35:48.820, 300.05, 100, 74232, 72
2026/07/29 15:35:49.857, 291.41, 100, 74232, 71
2026/07/29 15:35:50.894, 285.64, 100, 74232, 71
2026/07/29 15:35:51.936, 290.63, 100, 74232, 71
2026/07/29 15:35:52.976, 295.19, 100, 74232, 71
2026/07/29 15:35:54.014, 291.22, 100, 74232, 71
2026/07/29 15:35:55.053, 295.41, 100, 74232, 71
2026/07/29 15:35:56.090, 295.80, 100, 74232, 71
2026/07/29 15:35:57.128, 303.93, 100, 74232, 71
2026/07/29 15:35:58.166, 308.34, 100, 74232, 72
2026/07/29 15:35:59.203, 300.93, 100, 74232, 71
2026/07/29 15:36:00.241, 304.80, 100, 74232, 71
2026/07/29 15:36:01.277, 300.55, 100, 74232, 71
2026/07/29 15:36:02.320, 297.15, 100, 74232, 71
2026/07/29 15:36:03.357, 304.15, 100, 74232, 71
2026/07/29 15:36:04.394, 300.67, 100, 74232, 71
2026/07/29 15:36:05.432, 308.21, 100, 74232, 71
2026/07/29 15:36:06.469, 298.90, 100, 74232, 71
2026/07/29 15:36:07.507, 295.00, 100, 74232, 71
2026/07/29 15:36:08.546, 293.44, 100, 74232, 71
2026/07/29 15:36:09.586, 300.25, 100, 74232, 71
2026/07/29 15:36:10.623, 302.02, 100, 74232, 71
2026/07/29 15:36:11.661, 303.94, 100, 74232, 71
2026/07/29 15:36:12.699, 295.59, 100, 74232, 71
2026/07/29 15:36:13.735, 295.48, 100, 74232, 71
2026/07/29 15:36:14.772, 298.30, 100, 74232, 71
2026/07/29 15:36:15.809, 297.14, 100, 74232, 71
2026/07/29 15:36:16.848, 298.32, 100, 74232, 71
2026/07/29 15:36:17.885, 299.47, 100, 74232, 71
2026/07/29 15:36:18.924, 305.02, 100, 74232, 71
2026/07/29 15:36:19.962, 296.75, 100, 74232, 71
2026/07/29 15:36:20.999, 297.71, 100, 74232, 71
2026/07/29 15:36:22.037, 298.22, 100, 74232, 71
2026/07/29 15:36:23.075, 296.76, 100, 74232, 71
2026/07/29 15:36:24.112, 296.87, 100, 74232, 71
2026/07/29 15:36:25.151, 296.39, 100, 74232, 71
2026/07/29 15:36:26.188, 296.85, 100, 74232, 71
2026/07/29 15:36:27.224, 297.92, 100, 74232, 71
2026/07/29 15:36:28.262, 297.34, 100, 74232, 71
2026/07/29 15:36:29.299, 298.32, 100, 74232, 71
2026/07/29 15:36:30.339, 298.41, 100, 74232, 71
2026/07/29 15:36:31.377, 299.12, 100, 74232, 71
2026/07/29 15:36:32.419, 305.78, 100, 74232, 71
2026/07/29 15:36:33.457, 302.30, 100, 74232, 71
2026/07/29 15:36:34.494, 301.23, 100, 74232, 71
2026/07/29 15:36:35.532, 305.57, 100, 74232, 71
2026/07/29 15:36:36.569, 302.97, 100, 74232, 71
2026/07/29 15:36:37.607, 300.57, 100, 74232, 71
2026/07/29 15:36:38.644, 297.25, 100, 74232, 71
2026/07/29 15:36:39.682, 304.62, 100, 74232, 71
2026/07/29 15:36:40.720, 306.55, 100, 74232, 71
2026/07/29 15:36:41.757, 308.45, 100, 74232, 71
2026/07/29 15:36:42.795, 301.32, 100, 74232, 71
2026/07/29 15:36:43.833, 295.58, 100, 74232, 71
2026/07/29 15:36:44.871, 293.74, 100, 74232, 71
2026/07/29 15:36:45.909, 292.86, 100, 74232, 71
2026/07/29 15:36:46.947, 296.05, 100, 74232, 71
2026/07/29 15:36:47.985, 297.16, 100, 74232, 71
2026/07/29 15:36:49.022, 296.95, 100, 74232, 71
2026/07/29 15:36:50.059, 296.38, 100, 74232, 71
2026/07/29 15:36:51.099, 304.70, 100, 74232, 71
2026/07/29 15:36:52.136, 297.18, 100, 74232, 71
2026/07/29 15:36:53.177, 304.81, 100, 74232, 71
2026/07/29 15:36:54.214, 296.15, 100, 74232, 71
2026/07/29 15:36:55.252, 304.50, 100, 74232, 71
2026/07/29 15:36:56.288, 301.98, 100, 74232, 71
2026/07/29 15:36:57.325, 304.80, 100, 74232, 71
2026/07/29 15:36:58.363, 306.20, 100, 74232, 71
2026/07/29 15:36:59.401, 294.90, 100, 74232, 71
2026/07/29 15:37:00.440, 304.61, 100, 74232, 71
2026/07/29 15:37:01.478, 304.82, 100, 74232, 71
2026/07/29 15:37:02.515, 305.04, 100, 74232, 71
2026/07/29 15:37:03.552, 297.84, 100, 74232, 71
2026/07/29 15:37:04.590, 297.53, 100, 74232, 71
2026/07/29 15:37:05.629, 305.39, 100, 74232, 71
2026/07/29 15:37:06.665, 297.12, 100, 74232, 71
2026/07/29 15:37:07.703, 295.98, 100, 74232, 71
2026/07/29 15:37:08.740, 296.97, 100, 74232, 71
2026/07/29 15:37:09.778, 297.25, 100, 74232, 71
2026/07/29 15:37:10.817, 296.67, 100, 74232, 71
2026/07/29 15:37:11.858, 298.42, 100, 74232, 71
2026/07/29 15:37:12.896, 298.61, 100, 74232, 71
2026/07/29 15:37:13.935, 304.23, 100, 74232, 71
2026/07/29 15:37:14.972, 303.07, 100, 74232, 71
2026/07/29 15:37:16.009, 305.48, 100, 74232, 71
2026/07/29 15:37:17.046, 303.06, 100, 74232, 71
2026/07/29 15:37:18.084, 295.79, 100, 74232, 71
2026/07/29 15:37:19.122, 298.81, 100, 74232, 71
2026/07/29 15:37:20.159, 300.05, 100, 74232, 71
2026/07/29 15:37:21.197, 297.43, 100, 74232, 71
2026/07/29 15:37:22.234, 295.87, 100, 74232, 71
2026/07/29 15:37:23.272, 294.73, 100, 74232, 71
2026/07/29 15:37:24.310, 296.45, 100, 74232, 71
2026/07/29 15:37:25.348, 295.04, 100, 74232, 71
2026/07/29 15:37:26.385, 300.05, 100, 74232, 71
2026/07/29 15:37:27.423, 293.26, 100, 74232, 71
2026/07/29 15:37:28.461, 298.69, 100, 74232, 71
2026/07/29 15:37:29.500, 296.15, 100, 74232, 71
2026/07/29 15:37:30.538, 295.48, 70, 74232, 72
2026/07/29 15:37:31.573, 293.01, 100, 74232, 73
2026/07/29 15:37:32.609, 301.36, 100, 74232, 73
2026/07/29 15:37:33.646, 302.22, 100, 74232, 72
2026/07/29 15:37:34.682, 309.82, 100, 74232, 73
2026/07/29 15:37:35.717, 320.50, 100, 74232, 73
2026/07/29 15:37:36.759, 302.59, 100, 74232, 71
2026/07/29 15:37:37.796, 301.13, 100, 74232, 71
2026/07/29 15:37:38.833, 297.15, 100, 74232, 71
2026/07/29 15:37:39.869, 295.01, 100, 74232, 71
2026/07/29 15:37:40.906, 301.04, 100, 74232, 71
2026/07/29 15:37:41.943, 297.52, 100, 74232, 71
2026/07/29 15:37:42.981, 299.67, 100, 74232, 72
2026/07/29 15:37:44.019, 307.13, 100, 74232, 72
2026/07/29 15:37:45.057, 298.01, 100, 74232, 72
2026/07/29 15:37:46.095, 299.97, 100, 74232, 72
2026/07/29 15:37:47.132, 299.76, 100, 74232, 72
2026/07/29 15:37:48.170, 298.33, 100, 74232, 72
2026/07/29 15:37:49.207, 299.77, 100, 74232, 72
2026/07/29 15:37:50.244, 296.94, 100, 74232, 72
2026/07/29 15:37:51.282, 298.49, 100, 74232, 72
2026/07/29 15:37:52.323, 299.57, 100, 74232, 72
2026/07/29 15:37:53.360, 296.84, 100, 74232, 72
2026/07/29 15:37:54.398, 297.62, 100, 74232, 72
2026/07/29 15:37:55.434, 299.96, 100, 74232, 72
2026/07/29 15:37:56.472, 297.45, 100, 74232, 72
2026/07/29 15:37:57.509, 298.79, 100, 74232, 72
2026/07/29 15:37:58.546, 299.66, 100, 74232, 72
2026/07/29 15:37:59.584, 297.13, 100, 74232, 72
2026/07/29 15:38:00.621, 298.52, 100, 74232, 72
2026/07/29 15:38:01.659, 300.06, 100, 74232, 72
2026/07/29 15:38:02.697, 296.93, 100, 74232, 72
2026/07/29 15:38:03.734, 298.32, 100, 74232, 72
2026/07/29 15:38:04.772, 299.27, 100, 74232, 72
2026/07/29 15:38:05.809, 294.42, 100, 74232, 72
2026/07/29 15:38:06.847, 298.12, 100, 74232, 72
2026/07/29 15:38:07.884, 299.10, 100, 74232, 72
2026/07/29 15:38:08.921, 303.07, 100, 74232, 72
2026/07/29 15:38:09.958, 295.89, 100, 74232, 72
2026/07/29 15:38:10.996, 298.11, 100, 74232, 72
2026/07/29 15:38:12.033, 300.76, 100, 74232, 72
2026/07/29 15:38:13.075, 298.60, 100, 74232, 72
2026/07/29 15:38:14.112, 305.01, 100, 74232, 72
2026/07/29 15:38:15.151, 304.61, 100, 74232, 72
2026/07/29 15:38:16.189, 296.86, 100, 74232, 72
2026/07/29 15:38:17.226, 306.20, 100, 74232, 72
2026/07/29 15:38:18.265, 298.90, 100, 74232, 72
2026/07/29 15:38:19.303, 301.52, 100, 74232, 72
2026/07/29 15:38:20.340, 298.20, 100, 74232, 72
2026/07/29 15:38:21.377, 298.10, 100, 74232, 72
2026/07/29 15:38:22.414, 306.86, 100, 74232, 72
2026/07/29 15:38:23.452, 300.33, 100, 74232, 72
2026/07/29 15:38:24.491, 297.43, 100, 74232, 71
2026/07/29 15:38:25.529, 307.23, 100, 74232, 72
2026/07/29 15:38:26.568, 297.52, 100, 74232, 72
2026/07/29 15:38:27.607, 298.91, 100, 74232, 72
2026/07/29 15:38:28.645, 299.46, 100, 74232, 71
2026/07/29 15:38:29.687, 295.01, 100, 74232, 71
2026/07/29 15:38:30.725, 291.58, 100, 74232, 71
2026/07/29 15:38:31.764, 298.11, 100, 74232, 71
2026/07/29 15:38:32.804, 306.94, 100, 74232, 71
2026/07/29 15:38:33.841, 299.68, 100, 74232, 71
2026/07/29 15:38:34.879, 300.24, 100, 74232, 72
2026/07/29 15:38:35.917, 306.79, 100, 74232, 72
2026/07/29 15:38:36.955, 299.58, 100, 74232, 72
2026/07/29 15:38:37.994, 299.36, 100, 74232, 72
2026/07/29 15:38:39.032, 299.40, 100, 74232, 72
2026/07/29 15:38:40.072, 293.55, 100, 74232, 72
2026/07/29 15:38:41.110, 295.20, 100, 74232, 72
2026/07/29 15:38:42.149, 302.60, 100, 74232, 73
2026/07/29 15:38:43.185, 300.54, 100, 74232, 73
2026/07/29 15:38:44.220, 292.00, 100, 74232, 73
2026/07/29 15:38:45.255, 296.82, 100, 74232, 73
2026/07/29 15:38:46.291, 270.29, 100, 74232, 74
2026/07/29 15:38:47.332, 298.50, 100, 74232, 73
2026/07/29 15:38:48.368, 303.15, 100, 74232, 72
2026/07/29 15:38:49.406, 303.07, 100, 74232, 72
2026/07/29 15:38:50.443, 302.18, 100, 74232, 72
2026/07/29 15:38:51.482, 304.03, 100, 74232, 72
2026/07/29 15:38:52.519, 296.93, 100, 74232, 72
2026/07/29 15:38:53.563, 295.60, 100, 74232, 72
2026/07/29 15:38:54.601, 292.79, 100, 74232, 72
2026/07/29 15:38:55.638, 299.67, 100, 74232, 72
2026/07/29 15:38:56.675, 297.14, 100, 74232, 72
2026/07/29 15:38:57.715, 297.85, 100, 74232, 72
2026/07/29 15:38:58.753, 300.34, 100, 74232, 72
2026/07/29 15:38:59.791, 298.03, 100, 74232, 72
2026/07/29 15:39:00.829, 299.89, 100, 74232, 72
2026/07/29 15:39:01.867, 306.36, 100, 74232, 72
2026/07/29 15:39:02.905, 298.02, 100, 74232, 72
2026/07/29 15:39:03.944, 300.26, 100, 74232, 72
2026/07/29 15:39:04.981, 306.56, 100, 74232, 72
2026/07/29 15:39:06.017, 305.86, 100, 74232, 72
2026/07/29 15:39:07.055, 300.24, 100, 74232, 72
2026/07/29 15:39:08.093, 297.26, 100, 74232, 72
2026/07/29 15:39:09.131, 299.56, 100, 74232, 72
2026/07/29 15:39:10.170, 300.44, 100, 74232, 72
2026/07/29 15:39:11.207, 296.45, 100, 74232, 72
2026/07/29 15:39:12.249, 297.51, 100, 74232, 72
2026/07/29 15:39:13.286, 299.00, 100, 74232, 72
2026/07/29 15:39:14.324, 303.07, 100, 74232, 72
2026/07/29 15:39:15.361, 294.92, 100, 74232, 72
2026/07/29 15:39:16.399, 299.56, 100, 74232, 72
2026/07/29 15:39:17.437, 300.38, 100, 74232, 72
2026/07/29 15:39:18.474, 299.98, 100, 74232, 72
2026/07/29 15:39:19.513, 293.75, 100, 74232, 72
2026/07/29 15:39:20.552, 292.18, 100, 74232, 72
2026/07/29 15:39:21.589, 299.66, 100, 74232, 72
2026/07/29 15:39:22.627, 297.64, 100, 74232, 72
2026/07/29 15:39:23.665, 298.53, 100, 74232, 72
2026/07/29 15:39:24.702, 305.09, 100, 74232, 72
2026/07/29 15:39:25.739, 297.35, 100, 74232, 72
2026/07/29 15:39:26.777, 305.29, 100, 74232, 72
2026/07/29 15:39:27.815, 296.57, 100, 74232, 72
2026/07/29 15:39:28.856, 296.36, 100, 74232, 72
2026/07/29 15:39:29.893, 306.29, 100, 74232, 72
2026/07/29 15:39:30.931, 307.23, 100, 74232, 72
2026/07/29 15:39:31.968, 294.73, 100, 74232, 72
2026/07/29 15:39:33.007, 299.06, 100, 74232, 72
2026/07/29 15:39:34.044, 308.78, 100, 74232, 72
2026/07/29 15:39:35.082, 295.01, 100, 74232, 72
2026/07/29 15:39:36.119, 298.88, 100, 74232, 72
2026/07/29 15:39:37.157, 303.64, 100, 74232, 72
2026/07/29 15:39:38.194, 308.11, 100, 74232, 72
2026/07/29 15:39:39.235, 298.30, 100, 74232, 72
2026/07/29 15:39:40.273, 298.99, 100, 74232, 72
2026/07/29 15:39:41.310, 296.29, 100, 74232, 72
2026/07/29 15:39:42.347, 295.59, 100, 74232, 72
2026/07/29 15:39:43.385, 298.90, 100, 74232, 72
2026/07/29 15:39:44.425, 301.02, 100, 74232, 72
2026/07/29 15:39:45.465, 304.52, 100, 74232, 72
2026/07/29 15:39:46.502, 298.02, 100, 74232, 72
2026/07/29 15:39:47.540, 300.54, 100, 74232, 72
2026/07/29 15:39:48.578, 300.16, 100, 74232, 72
2026/07/29 15:39:49.617, 298.10, 100, 74232, 72
2026/07/29 15:39:50.655, 306.29, 100, 74232, 72
2026/07/29 15:39:51.692, 307.42, 100, 74232, 72
2026/07/29 15:39:52.730, 302.51, 100, 74232, 72
2026/07/29 15:39:53.771, 296.18, 100, 74232, 72
2026/07/29 15:39:54.810, 302.99, 100, 74232, 72
2026/07/29 15:39:55.847, 304.16, 100, 74232, 72
2026/07/29 15:39:56.888, 301.04, 100, 74232, 72
2026/07/29 15:39:57.925, 298.69, 100, 74232, 72
2026/07/29 15:39:58.963, 300.06, 100, 74232, 72
2026/07/29 15:40:00.000, 297.33, 100, 74232, 72
2026/07/29 15:40:01.037, 294.52, 100, 74232, 72
2026/07/29 15:40:02.076, 300.44, 100, 74232, 72
2026/07/29 15:40:03.113, 292.19, 100, 74232, 72
2026/07/29 15:40:04.150, 296.86, 100, 74232, 72
2026/07/29 15:40:05.193, 299.88, 100, 74232, 72
2026/07/29 15:40:06.230, 297.33, 100, 74232, 72
2026/07/29 15:40:07.269, 299.10, 100, 74232, 72
2026/07/29 15:40:08.306, 299.07, 100, 74232, 72
2026/07/29 15:40:09.344, 295.96, 100, 74232, 72
2026/07/29 15:40:10.382, 299.77, 100, 74232, 72
2026/07/29 15:40:11.419, 303.09, 100, 74232, 72
2026/07/29 15:40:12.458, 307.14, 100, 74232, 72
2026/07/29 15:40:13.498, 294.43, 100, 74232, 72
2026/07/29 15:40:14.536, 294.54, 100, 74232, 72
2026/07/29 15:40:15.574, 300.34, 100, 74232, 72
2026/07/29 15:40:16.613, 297.99, 100, 74232, 72
2026/07/29 15:40:17.650, 298.99, 100, 74232, 72
2026/07/29 15:40:18.688, 299.67, 100, 74232, 72
2026/07/29 15:40:19.725, 295.86, 100, 74232, 72
2026/07/29 15:40:20.763, 296.39, 100, 74232, 72
2026/07/29 15:40:21.800, 289.95, 100, 74232, 73
2026/07/29 15:40:22.836, 307.98, 100, 74232, 73
2026/07/29 15:40:23.870, 294.13, 100, 74232, 73
2026/07/29 15:40:24.905, 301.77, 100, 74232, 73
2026/07/29 15:40:25.941, 330.45, 100, 74232, 74
2026/07/29 15:40:26.977, 267.36, 100, 74232, 73
2026/07/29 15:40:28.015, 304.11, 100, 74232, 72
2026/07/29 15:40:29.054, 302.47, 100, 74232, 72
2026/07/29 15:40:30.092, 307.42, 100, 74232, 72
2026/07/29 15:40:31.131, 303.04, 100, 74232, 73
2026/07/29 15:40:32.166, 287.72, 100, 74232, 74
2026/07/29 15:40:33.201, 309.42, 100, 74232, 74
2026/07/29 15:40:34.238, 299.87, 100, 74232, 74
2026/07/29 15:40:35.274, 298.43, 100, 74232, 74
2026/07/29 15:40:36.309, 278.75, 100, 74232, 73
2026/07/29 15:40:37.346, 306.36, 100, 74232, 72
2026/07/29 15:40:38.383, 296.35, 100, 74232, 72
2026/07/29 15:40:39.423, 299.18, 100, 74232, 72
2026/07/29 15:40:40.461, 299.57, 100, 74232, 72
2026/07/29 15:40:41.499, 295.30, 100, 74232, 72
2026/07/29 15:40:42.540, 299.46, 100, 74232, 72
2026/07/29 15:40:43.578, 298.80, 100, 74232, 72
2026/07/29 15:40:44.617, 301.02, 100, 74232, 72
2026/07/29 15:40:45.654, 297.34, 100, 74232, 72
2026/07/29 15:40:46.692, 293.74, 100, 74232, 72
2026/07/29 15:40:47.733, 298.21, 100, 74232, 72
2026/07/29 15:40:48.771, 301.12, 100, 74232, 72
2026/07/29 15:40:49.809, 294.14, 100, 74232, 72
2026/07/29 15:40:50.846, 292.47, 100, 74232, 72
2026/07/29 15:40:51.883, 294.71, 100, 74232, 72
2026/07/29 15:40:52.923, 297.04, 100, 74232, 72
2026/07/29 15:40:53.960, 298.31, 100, 74232, 72
2026/07/29 15:40:54.999, 299.77, 100, 74232, 72
2026/07/29 15:40:56.036, 300.83, 100, 74232, 72
2026/07/29 15:40:57.076, 300.76, 100, 74232, 72
2026/07/29 15:40:58.114, 298.72, 100, 74232, 72
2026/07/29 15:40:59.152, 300.93, 100, 74232, 72
2026/07/29 15:41:00.191, 299.75, 100, 74232, 72
2026/07/29 15:41:01.229, 295.58, 100, 74232, 72
2026/07/29 15:41:02.271, 291.80, 100, 74232, 72
2026/07/29 15:41:03.308, 299.77, 100, 74232, 72
2026/07/29 15:41:04.346, 300.93, 100, 74232, 72
2026/07/29 15:41:05.385, 297.15, 100, 74232, 72
2026/07/29 15:41:06.422, 296.95, 100, 74232, 72
2026/07/29 15:41:07.464, 299.97, 100, 74232, 72
2026/07/29 15:41:08.502, 299.86, 100, 74232, 72
2026/07/29 15:41:09.540, 298.41, 100, 74232, 72
2026/07/29 15:41:10.577, 290.99, 100, 74232, 72
2026/07/29 15:41:11.615, 288.99, 100, 74232, 72
2026/07/29 15:41:12.654, 294.63, 100, 74232, 72
2026/07/29 15:41:13.693, 297.62, 100, 74232, 72
2026/07/29 15:41:14.731, 290.07, 100, 74232, 71
2026/07/29 15:41:15.779, 290.53, 100, 74232, 71
2026/07/29 15:41:16.821, 295.97, 100, 74232, 71
2026/07/29 15:41:17.859, 298.11, 100, 74232, 71
2026/07/29 15:41:18.903, 297.33, 100, 74232, 71
2026/07/29 15:41:19.943, 297.14, 100, 74232, 71
2026/07/29 15:41:20.980, 304.75, 100, 74232, 71
2026/07/29 15:41:22.019, 306.28, 100, 74232, 71
2026/07/29 15:41:23.056, 304.90, 100, 74232, 71
2026/07/29 15:41:24.094, 296.67, 100, 74232, 71
2026/07/29 15:41:25.132, 298.40, 100, 74232, 71
2026/07/29 15:41:26.171, 309.47, 100, 74232, 71
2026/07/29 15:41:27.208, 306.40, 100, 74232, 71
2026/07/29 15:41:28.246, 302.37, 100, 74232, 71
2026/07/29 15:41:29.284, 295.68, 100, 74232, 71
2026/07/29 15:41:30.321, 309.16, 100, 74232, 71
2026/07/29 15:41:31.359, 306.94, 100, 74232, 71
2026/07/29 15:41:32.396, 299.10, 100, 74232, 71
2026/07/29 15:41:33.437, 296.75, 100, 74232, 71
2026/07/29 15:41:34.475, 298.30, 100, 74232, 71
2026/07/29 15:41:35.517, 301.52, 100, 74232, 71
2026/07/29 15:41:36.556, 307.62, 100, 74232, 71
2026/07/29 15:41:37.593, 296.16, 100, 74232, 71
2026/07/29 15:41:38.630, 299.30, 100, 74232, 71
2026/07/29 15:41:39.667, 292.10, 100, 74232, 71
2026/07/29 15:41:40.704, 296.47, 100, 74232, 71
2026/07/29 15:41:41.741, 292.17, 100, 74232, 71
2026/07/29 15:41:42.778, 290.05, 100, 74232, 71
2026/07/29 15:41:43.816, 297.14, 100, 74232, 71
2026/07/29 15:41:44.854, 287.34, 100, 74232, 71
2026/07/29 15:41:45.893, 290.24, 100, 74232, 71
2026/07/29 15:41:46.931, 294.81, 100, 74232, 71
2026/07/29 15:41:47.970, 298.61, 100, 74232, 71
2026/07/29 15:41:49.010, 296.96, 100, 74232, 71
2026/07/29 15:41:50.048, 296.48, 100, 74232, 71
2026/07/29 15:41:51.088, 303.16, 100, 74232, 71
2026/07/29 15:41:52.126, 306.80, 100, 74232, 71
2026/07/29 15:41:53.165, 306.28, 100, 74232, 71
2026/07/29 15:41:54.202, 296.85, 100, 74232, 71
2026/07/29 15:41:55.240, 297.90, 100, 74232, 71
2026/07/29 15:41:56.277, 297.15, 100, 74232, 71
2026/07/29 15:41:57.314, 299.38, 100, 74232, 71
2026/07/29 15:41:58.352, 293.84, 100, 74232, 71
2026/07/29 15:41:59.389, 294.21, 100, 74232, 71
2026/07/29 15:42:00.426, 297.34, 100, 74232, 71
2026/07/29 15:42:01.463, 298.21, 100, 74232, 71
2026/07/29 15:42:02.503, 294.04, 100, 74232, 71
2026/07/29 15:42:03.541, 303.07, 100, 74232, 71
2026/07/29 15:42:04.578, 297.25, 100, 74232, 71
2026/07/29 15:42:05.616, 298.61, 100, 74232, 71
2026/07/29 15:42:06.653, 298.50, 100, 74232, 71
2026/07/29 15:42:07.691, 292.40, 100, 74232, 71
2026/07/29 15:42:08.728, 296.97, 100, 74232, 71
2026/07/29 15:42:09.765, 294.53, 100, 74232, 71
2026/07/29 15:42:10.801, 297.36, 100, 74232, 71
2026/07/29 15:42:11.841, 299.99, 100, 74232, 71
2026/07/29 15:42:12.877, 288.13, 100, 74232, 71
2026/07/29 15:42:13.922, 296.36, 100, 74232, 71
2026/07/29 15:42:14.960, 297.83, 100, 74232, 71
2026/07/29 15:42:15.997, 298.42, 100, 74232, 71
2026/07/29 15:42:17.035, 298.33, 100, 74232, 71
2026/07/29 15:42:18.072, 295.99, 100, 74232, 71
2026/07/29 15:42:19.109, 302.28, 100, 74232, 71
2026/07/29 15:42:20.147, 298.40, 100, 74232, 71
2026/07/29 15:42:21.184, 294.04, 100, 74232, 71
2026/07/29 15:42:22.224, 297.04, 100, 74232, 71
2026/07/29 15:42:23.262, 297.33, 100, 74232, 71
2026/07/29 15:42:24.303, 298.70, 100, 74232, 71
2026/07/29 15:42:25.341, 294.91, 100, 74232, 71
2026/07/29 15:42:26.378, 295.29, 100, 74232, 71
2026/07/29 15:42:27.415, 298.01, 100, 74232, 71
2026/07/29 15:42:28.453, 299.77, 100, 74232, 71
2026/07/29 15:42:29.491, 294.45, 100, 74232, 71
2026/07/29 15:42:30.533, 295.49, 100, 74232, 71
2026/07/29 15:42:31.571, 298.39, 100, 74232, 71
2026/07/29 15:42:32.608, 290.83, 100, 74232, 71
2026/07/29 15:42:33.646, 297.06, 100, 74232, 71
2026/07/29 15:42:34.683, 294.51, 100, 74232, 71
2026/07/29 15:42:35.726, 297.45, 100, 74232, 71
2026/07/29 15:42:36.763, 296.45, 100, 74232, 71
2026/07/29 15:42:37.803, 291.88, 100, 74232, 71
2026/07/29 15:42:38.841, 293.47, 100, 74232, 71
2026/07/29 15:42:39.879, 298.88, 100, 74232, 71
2026/07/29 15:42:40.917, 294.91, 100, 74232, 71
2026/07/29 15:42:41.955, 296.95, 100, 74232, 71
2026/07/29 15:42:42.997, 303.05, 100, 74232, 71
2026/07/29 15:42:44.035, 305.73, 100, 74232, 71
2026/07/29 15:42:45.073, 300.82, 100, 74232, 71
2026/07/29 15:42:46.112, 300.38, 100, 74232, 71
2026/07/29 15:42:47.150, 300.38, 100, 74232, 71
2026/07/29 15:42:48.188, 298.50, 100, 74232, 71
2026/07/29 15:42:49.226, 298.41, 100, 74232, 71
2026/07/29 15:42:50.265, 300.26, 100, 74232, 71
2026/07/29 15:42:51.302, 302.40, 100, 74232, 71
2026/07/29 15:42:52.338, 305.40, 100, 74232, 71
2026/07/29 15:42:53.376, 297.45, 100, 74232, 71
2026/07/29 15:42:54.413, 306.17, 100, 74232, 71
2026/07/29 15:42:55.452, 298.79, 100, 74232, 71
2026/07/29 15:42:56.489, 291.28, 100, 74232, 71
2026/07/29 15:42:57.529, 298.69, 100, 74232, 71
2026/07/29 15:42:58.566, 305.67, 100, 74232, 71
2026/07/29 15:42:59.604, 302.57, 100, 74232, 71
2026/07/29 15:43:00.641, 305.88, 100, 74232, 71
2026/07/29 15:43:01.680, 303.16, 100, 74232, 71
2026/07/29 15:43:02.717, 298.81, 100, 74232, 71
2026/07/29 15:43:03.755, 297.52, 100, 74232, 71
2026/07/29 15:43:04.793, 299.09, 100, 74232, 71
2026/07/29 15:43:05.829, 291.40, 100, 74232, 71
2026/07/29 15:43:06.866, 307.52, 100, 74232, 71
2026/07/29 15:43:07.903, 303.86, 100, 74232, 71
2026/07/29 15:43:08.940, 302.69, 100, 74232, 71
2026/07/29 15:43:09.978, 297.55, 100, 74232, 71
2026/07/29 15:43:11.016, 306.94, 100, 74232, 71
2026/07/29 15:43:12.055, 302.97, 100, 74232, 71
2026/07/29 15:43:13.097, 297.08, 100, 74232, 71
2026/07/29 15:43:14.134, 297.24, 100, 74232, 71
2026/07/29 15:43:15.173, 305.31, 100, 74232, 71
2026/07/29 15:43:16.210, 297.63, 100, 74232, 71
2026/07/29 15:43:17.247, 298.61, 100, 74232, 71
2026/07/29 15:43:18.285, 302.22, 100, 74232, 71
2026/07/29 15:43:19.325, 299.30, 100, 74232, 71
2026/07/29 15:43:20.364, 295.60, 100, 74232, 71
2026/07/29 15:43:21.401, 293.84, 100, 74232, 71
2026/07/29 15:43:22.439, 301.64, 100, 74232, 71
2026/07/29 15:43:23.476, 298.58, 100, 74232, 71
2026/07/29 15:43:24.515, 302.30, 100, 74232, 71
2026/07/29 15:43:25.553, 298.12, 100, 74232, 71
2026/07/29 15:43:26.591, 296.37, 100, 74232, 71
2026/07/29 15:43:27.628, 298.30, 100, 74232, 71
2026/07/29 15:43:28.666, 299.01, 100, 74232, 71
2026/07/29 15:43:29.704, 299.50, 100, 74232, 71
2026/07/29 15:43:30.741, 294.32, 100, 74232, 71
2026/07/29 15:43:31.779, 300.44, 100, 74232, 71
2026/07/29 15:43:32.817, 295.00, 100, 74232, 71
2026/07/29 15:43:33.855, 298.12, 100, 74232, 71
2026/07/29 15:43:34.893, 298.72, 100, 74232, 71
2026/07/29 15:43:35.931, 294.27, 100, 74232, 71
2026/07/29 15:43:36.969, 299.10, 100, 74232, 71
2026/07/29 15:43:38.007, 296.16, 100, 74232, 71
2026/07/29 15:43:39.044, 301.13, 100, 74232, 71
2026/07/29 15:43:40.081, 296.86, 100, 74232, 71
2026/07/29 15:43:41.119, 292.10, 100, 74232, 71
2026/07/29 15:43:42.157, 299.10, 100, 74232, 71
2026/07/29 15:43:43.197, 292.58, 100, 74232, 71
2026/07/29 15:43:44.233, 299.68, 100, 74232, 71
2026/07/29 15:43:45.269, 295.41, 100, 74232, 71
2026/07/29 15:43:46.306, 298.00, 100, 74232, 71
2026/07/29 15:43:47.344, 298.42, 100, 74232, 71
2026/07/29 15:43:48.382, 295.19, 100, 74232, 71
2026/07/29 15:43:49.420, 302.49, 100, 74232, 71
2026/07/29 15:43:50.457, 298.99, 100, 74232, 71
2026/07/29 15:43:51.496, 303.78, 100, 74232, 71
2026/07/29 15:43:52.534, 297.53, 100, 74232, 71
2026/07/29 15:43:53.571, 296.36, 100, 74232, 71
2026/07/29 15:43:54.609, 297.81, 100, 74232, 71
2026/07/29 15:43:55.646, 299.00, 100, 74232, 71
2026/07/29 15:43:56.683, 298.32, 100, 74232, 71
2026/07/29 15:43:57.721, 305.10, 100, 74232, 71
2026/07/29 15:43:58.761, 295.21, 100, 74232, 71
2026/07/29 15:43:59.798, 306.56, 100, 74232, 71
2026/07/29 15:44:00.835, 297.05, 100, 74232, 71
2026/07/29 15:44:01.873, 298.89, 100, 74232, 71
2026/07/29 15:44:02.911, 298.71, 100, 74232, 71
2026/07/29 15:44:03.949, 299.18, 100, 74232, 71
2026/07/29 15:44:04.986, 299.78, 100, 74232, 71
2026/07/29 15:44:06.024, 304.05, 100, 74232, 71
2026/07/29 15:44:07.061, 307.05, 100, 74232, 71
2026/07/29 15:44:08.098, 293.86, 100, 74232, 71
2026/07/29 15:44:09.138, 304.51, 100, 74232, 71
2026/07/29 15:44:10.175, 298.71, 100, 74232, 71
2026/07/29 15:44:11.211, 302.37, 100, 74232, 71
2026/07/29 15:44:12.249, 303.74, 100, 74232, 71
2026/07/29 15:44:13.286, 298.20, 100, 74232, 71
2026/07/29 15:44:14.322, 299.79, 100, 74232, 71
2026/07/29 15:44:15.359, 299.38, 100, 74232, 71
2026/07/29 15:44:16.397, 299.59, 100, 74232, 71
2026/07/29 15:44:17.434, 294.31, 100, 74232, 71
2026/07/29 15:44:18.472, 300.91, 100, 74232, 71
2026/07/29 15:44:19.511, 298.98, 100, 74232, 71
2026/07/29 15:44:20.549, 297.52, 100, 74232, 71
2026/07/29 15:44:21.587, 295.29, 100, 74232, 71
2026/07/29 15:44:22.625, 292.12, 100, 74232, 71
2026/07/29 15:44:23.666, 299.65, 100, 74232, 71
2026/07/29 15:44:24.705, 300.42, 100, 74232, 71
2026/07/29 15:44:25.742, 295.88, 100, 74232, 71
2026/07/29 15:44:26.779, 294.61, 100, 74232, 71
2026/07/29 15:44:27.817, 297.23, 100, 74232, 71
2026/07/29 15:44:28.856, 298.32, 100, 74232, 71
2026/07/29 15:44:29.893, 297.23, 100, 74232, 71
2026/07/29 15:44:30.931, 301.51, 100, 74232, 71
2026/07/29 15:44:31.968, 302.19, 100, 74232, 71
2026/07/29 15:44:33.007, 304.31, 100, 74232, 71
2026/07/29 15:44:34.044, 294.24, 100, 74232, 71
2026/07/29 15:44:35.083, 293.67, 100, 74232, 71
2026/07/29 15:44:36.121, 299.18, 100, 74232, 71
2026/07/29 15:44:37.158, 305.00, 100, 74232, 71
2026/07/29 15:44:38.196, 303.36, 100, 74232, 71
2026/07/29 15:44:39.242, 308.87, 100, 74232, 71
2026/07/29 15:44:40.280, 299.66, 100, 74232, 71
2026/07/29 15:44:41.317, 294.05, 100, 74232, 71
2026/07/29 15:44:42.357, 299.47, 100, 74232, 71
2026/07/29 15:44:43.395, 296.83, 100, 74232, 71
2026/07/29 15:44:44.433, 297.72, 100, 74232, 71
2026/07/29 15:44:45.471, 298.51, 100, 74232, 71
2026/07/29 15:44:46.509, 304.90, 100, 74232, 71
2026/07/29 15:44:47.546, 305.28, 100, 74232, 71
2026/07/29 15:44:48.583, 305.98, 100, 74232, 71
2026/07/29 15:44:49.621, 295.48, 100, 74232, 71
2026/07/29 15:44:50.658, 299.48, 100, 74232, 71
2026/07/29 15:44:51.696, 303.55, 100, 74232, 71
2026/07/29 15:44:52.733, 304.81, 100, 74232, 71
2026/07/29 15:44:53.771, 294.63, 100, 74232, 71
2026/07/29 15:44:54.808, 302.09, 100, 74232, 71
2026/07/29 15:44:55.845, 299.78, 100, 74232, 71
2026/07/29 15:44:56.883, 297.35, 100, 74232, 71
2026/07/29 15:44:57.920, 299.48, 100, 74232, 71
2026/07/29 15:44:58.958, 295.60, 100, 74232, 71
2026/07/29 15:44:59.995, 299.00, 100, 74232, 71
2026/07/29 15:45:01.034, 299.58, 100, 74232, 71
2026/07/29 15:45:02.071, 296.28, 100, 74232, 71
2026/07/29 15:45:03.108, 300.84, 100, 74232, 71
2026/07/29 15:45:04.145, 295.50, 100, 74232, 71
2026/07/29 15:45:05.182, 297.71, 100, 74232, 71
2026/07/29 15:45:06.219, 298.77, 100, 74232, 71
2026/07/29 15:45:07.258, 297.15, 100, 74232, 71
2026/07/29 15:45:08.297, 298.90, 100, 74232, 71
2026/07/29 15:45:09.333, 295.29, 100, 74232, 71
2026/07/29 15:45:10.370, 299.27, 100, 74232, 71
2026/07/29 15:45:11.407, 295.79, 100, 74232, 71
2026/07/29 15:45:12.445, 288.41, 100, 74232, 71
2026/07/29 15:45:13.485, 303.93, 100, 74232, 71
2026/07/29 15:45:14.522, 299.77, 100, 74232, 71
2026/07/29 15:45:15.559, 295.01, 100, 74232, 71
2026/07/29 15:45:16.598, 300.09, 100, 74232, 71
2026/07/29 15:45:17.636, 299.49, 100, 74232, 71
2026/07/29 15:45:18.676, 295.30, 100, 74232, 71
2026/07/29 15:45:19.714, 299.86, 100, 74232, 71
2026/07/29 15:45:20.751, 295.01, 100, 74232, 71
2026/07/29 15:45:21.789, 293.16, 100, 74232, 71
2026/07/29 15:45:22.825, 294.62, 100, 74232, 71
2026/07/29 15:45:23.864, 296.76, 100, 74232, 71
2026/07/29 15:45:24.901, 295.30, 100, 74232, 71
2026/07/29 15:45:25.940, 299.86, 100, 74232, 71
2026/07/29 15:45:26.977, 297.35, 100, 74232, 71
2026/07/29 15:45:28.016, 298.89, 100, 74232, 71
2026/07/29 15:45:29.053, 299.09, 100, 74232, 71
2026/07/29 15:45:30.091, 297.83, 100, 74232, 71
2026/07/29 15:45:31.131, 301.45, 76, 74232, 73
2026/07/29 15:45:32.166, 291.09, 100, 74232, 73
2026/07/29 15:45:33.203, 302.49, 100, 74232, 73
2026/07/29 15:45:34.243, 315.87, 100, 74232, 73
2026/07/29 15:45:35.278, 275.98, 100, 74232, 73
2026/07/29 15:45:36.314, 327.06, 100, 74232, 73
2026/07/29 15:45:37.349, 299.86, 100, 74232, 73
2026/07/29 15:45:38.386, 295.76, 100, 74232, 71
2026/07/29 15:45:39.424, 295.59, 100, 74232, 71
2026/07/29 15:45:40.464, 291.01, 100, 74232, 71
2026/07/29 15:45:41.506, 285.46, 100, 74232, 71
2026/07/29 15:45:42.546, 291.21, 100, 74232, 71
2026/07/29 15:45:43.584, 289.35, 100, 74232, 71
2026/07/29 15:45:44.621, 288.47, 100, 74232, 71
2026/07/29 15:45:45.658, 291.11, 100, 74232, 71
2026/07/29 15:45:46.703, 284.59, 100, 74232, 72
2026/07/29 15:45:47.740, 296.45, 100, 74232, 72
2026/07/29 15:45:48.779, 299.76, 100, 74232, 72
2026/07/29 15:45:49.817, 296.17, 100, 74232, 72
2026/07/29 15:45:50.856, 296.74, 100, 74232, 72
2026/07/29 15:45:51.893, 299.74, 100, 74232, 72
2026/07/29 15:45:52.931, 299.96, 100, 74232, 72
2026/07/29 15:45:53.969, 300.55, 100, 74232, 72
2026/07/29 15:45:55.006, 297.34, 100, 74232, 72
2026/07/29 15:45:56.043, 300.03, 100, 74232, 72
2026/07/29 15:45:57.080, 296.27, 100, 74232, 72
2026/07/29 15:45:58.118, 304.83, 82, 74232, 73
2026/07/29 15:45:59.154, 289.39, 100, 74232, 73
2026/07/29 15:46:00.190, 315.17, 100, 74232, 73
2026/07/29 15:46:01.226, 282.54, 100, 74232, 73
2026/07/29 15:46:02.261, 290.73, 100, 74232, 73
2026/07/29 15:46:03.302, 279.73, 100, 74232, 73
2026/07/29 15:46:04.337, 329.01, 100, 74232, 74
2026/07/29 15:46:05.372, 307.06, 100, 74232, 72
2026/07/29 15:46:06.412, 302.89, 100, 74232, 72
2026/07/29 15:46:07.450, 306.48, 100, 74232, 72
2026/07/29 15:46:08.486, 99.13, 91, 74232, 70
2026/07/29 15:46:09.526, 300.24, 100, 74232, 73
2026/07/29 15:46:10.563, 297.74, 100, 74232, 73
2026/07/29 15:46:11.598, 291.79, 100, 74232, 73
2026/07/29 15:46:12.635, 292.37, 100, 74232, 73
2026/07/29 15:46:13.673, 322.34, 100, 74232, 73
2026/07/29 15:46:14.712, 287.18, 100, 74232, 73
2026/07/29 15:46:15.749, 285.87, 100, 74232, 73
2026/07/29 15:46:16.792, 298.88, 100, 74232, 72
2026/07/29 15:46:17.830, 311.47, 100, 74232, 72
2026/07/29 15:46:18.867, 304.80, 100, 74232, 72
2026/07/29 15:46:19.903, 263.02, 100, 74232, 73
2026/07/29 15:46:20.947, 282.95, 100, 74232, 72
2026/07/29 15:46:21.986, 288.61, 100, 74232, 72
2026/07/29 15:46:23.025, 291.89, 100, 74232, 72
2026/07/29 15:46:24.068, 292.29, 100, 74232, 72
2026/07/29 15:46:25.105, 297.85, 100, 74232, 72
2026/07/29 15:46:26.143, 295.87, 100, 74232, 72
2026/07/29 15:46:27.181, 301.22, 100, 74232, 72
2026/07/29 15:46:28.218, 296.10, 100, 74232, 72
2026/07/29 15:46:29.259, 297.94, 100, 74232, 72
2026/07/29 15:46:30.297, 298.82, 100, 74232, 72
2026/07/29 15:46:31.335, 300.05, 100, 74232, 72
2026/07/29 15:46:32.373, 302.47, 100, 74232, 72
2026/07/29 15:46:33.411, 293.00, 100, 74232, 72
2026/07/29 15:46:34.449, 295.21, 100, 74232, 72
2026/07/29 15:46:35.487, 300.60, 100, 74232, 72
2026/07/29 15:46:36.526, 296.45, 100, 74232, 72
2026/07/29 15:46:37.564, 295.98, 100, 74232, 72
2026/07/29 15:46:38.600, 299.49, 100, 74232, 72
2026/07/29 15:46:39.639, 303.37, 100, 74232, 72
2026/07/29 15:46:40.675, 299.09, 100, 74232, 72
2026/07/29 15:46:41.713, 298.32, 100, 74232, 72
2026/07/29 15:46:42.750, 300.65, 100, 74232, 72
2026/07/29 15:46:43.791, 292.65, 100, 74232, 72
2026/07/29 15:46:44.829, 298.12, 100, 74232, 72
2026/07/29 15:46:45.866, 298.22, 100, 74232, 72
2026/07/29 15:46:46.903, 295.58, 100, 74232, 72
2026/07/29 15:46:47.946, 301.62, 100, 74232, 72
2026/07/29 15:46:48.984, 299.96, 100, 74232, 72
2026/07/29 15:46:50.021, 299.49, 100, 74232, 72
2026/07/29 15:46:51.059, 300.13, 100, 74232, 72
2026/07/29 15:46:52.097, 298.62, 100, 74232, 72
2026/07/29 15:46:53.134, 296.08, 100, 74232, 72
2026/07/29 15:46:54.175, 297.05, 100, 74232, 72
2026/07/29 15:46:55.212, 298.23, 100, 74232, 72
2026/07/29 15:46:56.251, 296.08, 100, 74232, 72
2026/07/29 15:46:57.288, 298.60, 100, 74232, 72
2026/07/29 15:46:58.325, 304.96, 100, 74232, 72
2026/07/29 15:46:59.364, 304.23, 100, 74232, 72
2026/07/29 15:47:00.401, 304.81, 100, 74232, 72
2026/07/29 15:47:01.442, 307.18, 100, 74232, 72
2026/07/29 15:47:02.479, 299.46, 100, 74232, 72
2026/07/29 15:47:03.516, 298.68, 100, 74232, 72
2026/07/29 15:47:04.553, 299.97, 100, 74232, 72
2026/07/29 15:47:05.593, 299.10, 100, 74232, 72
2026/07/29 15:47:06.630, 301.99, 100, 74232, 72
2026/07/29 15:47:07.667, 293.93, 100, 74232, 71
2026/07/29 15:47:08.706, 298.30, 100, 74232, 72
2026/07/29 15:47:09.744, 299.21, 100, 74232, 71
2026/07/29 15:47:10.783, 294.53, 100, 74232, 71
2026/07/29 15:47:11.819, 297.24, 100, 74232, 71
2026/07/29 15:47:12.858, 299.67, 100, 74232, 71
2026/07/29 15:47:13.896, 301.71, 100, 74232, 71
2026/07/29 15:47:14.934, 302.61, 100, 74232, 71
2026/07/29 15:47:15.973, 298.02, 100, 74232, 71
2026/07/29 15:47:17.011, 298.11, 100, 74232, 71
2026/07/29 15:47:18.049, 293.85, 100, 74232, 71
2026/07/29 15:47:19.087, 298.31, 100, 74232, 71
2026/07/29 15:47:20.127, 306.75, 100, 74232, 72
2026/07/29 15:47:21.165, 302.49, 100, 74232, 72
2026/07/29 15:47:22.203, 297.63, 100, 74232, 71
2026/07/29 15:47:23.240, 305.32, 100, 74232, 72
2026/07/29 15:47:24.279, 306.11, 100, 74232, 72
2026/07/29 15:47:25.317, 298.40, 100, 74232, 72
2026/07/29 15:47:26.354, 298.88, 100, 74232, 72
2026/07/29 15:47:27.393, 299.37, 100, 74232, 72
2026/07/29 15:47:28.430, 294.05, 100, 74232, 71
2026/07/29 15:47:29.470, 297.32, 100, 74232, 71
2026/07/29 15:47:30.509, 293.95, 100, 74232, 71
2026/07/29 15:47:31.546, 298.98, 100, 74232, 71
2026/07/29 15:47:32.584, 298.03, 100, 74232, 72
2026/07/29 15:47:33.622, 294.51, 100, 74232, 72
2026/07/29 15:47:34.661, 298.42, 100, 74232, 72
2026/07/29 15:47:35.698, 294.13, 100, 74232, 72
2026/07/29 15:47:36.735, 301.14, 100, 74232, 72
2026/07/29 15:47:37.773, 298.99, 100, 74232, 72
2026/07/29 15:47:38.811, 294.71, 100, 74232, 72
2026/07/29 15:47:39.849, 291.02, 100, 74232, 71
2026/07/29 15:47:40.888, 293.55, 100, 74232, 72
2026/07/29 15:47:41.926, 297.05, 100, 74232, 72
2026/07/29 15:47:42.964, 297.15, 100, 74232, 72
2026/07/29 15:47:44.002, 298.69, 100, 74232, 72
2026/07/29 15:47:45.040, 299.19, 100, 74232, 72
2026/07/29 15:47:46.078, 295.58, 100, 74232, 72
2026/07/29 15:47:47.119, 297.63, 100, 74232, 72
2026/07/29 15:47:48.157, 299.29, 100, 74232, 71
2026/07/29 15:47:49.194, 296.77, 100, 74232, 71
2026/07/29 15:47:50.231, 297.23, 100, 74232, 71
2026/07/29 15:47:51.271, 293.83, 100, 74232, 71
2026/07/29 15:47:52.309, 297.06, 100, 74232, 71
2026/07/29 15:47:53.346, 297.44, 100, 74232, 71
2026/07/29 15:47:54.384, 298.80, 100, 74232, 72
2026/07/29 15:47:55.423, 298.32, 100, 74232, 72
2026/07/29 15:47:56.460, 303.17, 100, 74232, 72
2026/07/29 15:47:57.498, 304.61, 100, 74232, 72
2026/07/29 15:47:58.535, 304.35, 100, 74232, 72
2026/07/29 15:47:59.573, 303.28, 100, 74232, 72
2026/07/29 15:48:00.610, 304.03, 100, 74232, 72
2026/07/29 15:48:01.649, 305.98, 100, 74232, 72
2026/07/29 15:48:02.686, 303.55, 100, 74232, 71
2026/07/29 15:48:03.724, 303.75, 100, 74232, 71
2026/07/29 15:48:04.761, 294.82, 100, 74232, 71
2026/07/29 15:48:05.798, 297.45, 100, 74232, 71
2026/07/29 15:48:06.835, 303.92, 100, 74232, 72
2026/07/29 15:48:07.873, 298.70, 100, 74232, 71
2026/07/29 15:48:08.910, 304.42, 100, 74232, 71
2026/07/29 15:48:09.950, 293.27, 100, 74232, 73
2026/07/29 15:48:10.986, 301.39, 100, 74232, 73
2026/07/29 15:48:12.025, 291.98, 100, 74232, 73
2026/07/29 15:48:13.060, 287.54, 100, 74232, 73
2026/07/29 15:48:14.096, 266.11, 100, 74232, 73
2026/07/29 15:48:15.131, 300.93, 100, 74232, 73
2026/07/29 15:48:16.167, 298.98, 100, 74232, 71
2026/07/29 15:48:17.206, 291.91, 100, 74232, 71
2026/07/29 15:48:18.247, 319.02, 100, 74232, 73
2026/07/29 15:48:19.284, 303.09, 100, 74232, 73
2026/07/29 15:48:20.319, 309.28, 100, 74232, 73
2026/07/29 15:48:21.353, 306.60, 100, 74232, 74
2026/07/29 15:48:22.389, 260.53, 100, 74232, 73
2026/07/29 15:48:23.428, 319.59, 100, 74232, 73
2026/07/29 15:48:24.462, 304.92, 100, 74232, 74
2026/07/29 15:48:25.499, 283.99, 100, 74232, 71
2026/07/29 15:48:26.538, 291.72, 100, 74232, 72
2026/07/29 15:48:27.575, 297.54, 100, 74232, 72
2026/07/29 15:48:28.613, 286.73, 100, 74232, 72
2026/07/29 15:48:29.649, 288.60, 100, 74232, 72
2026/07/29 15:48:30.690, 288.97, 100, 74232, 72
2026/07/29 15:48:31.727, 297.33, 100, 74232, 72
2026/07/29 15:48:32.765, 298.68, 100, 74232, 72
2026/07/29 15:48:33.803, 289.28, 100, 74232, 72
2026/07/29 15:48:34.840, 296.75, 100, 74232, 72
2026/07/29 15:48:35.878, 292.09, 100, 74232, 72
2026/07/29 15:48:36.917, 293.55, 100, 74232, 72
2026/07/29 15:48:37.955, 293.67, 100, 74232, 72
2026/07/29 15:48:38.992, 293.83, 100, 74232, 72
2026/07/29 15:48:40.030, 293.75, 100, 74232, 72
2026/07/29 15:48:41.067, 289.64, 100, 74232, 72
2026/07/29 15:48:42.109, 290.63, 100, 74232, 72
2026/07/29 15:48:43.146, 292.49, 100, 74232, 72
2026/07/29 15:48:44.184, 288.89, 100, 74232, 72
2026/07/29 15:48:45.221, 294.62, 100, 74232, 72
2026/07/29 15:48:46.259, 299.51, 100, 74232, 72
2026/07/29 15:48:47.298, 293.94, 100, 74232, 72
2026/07/29 15:48:48.336, 296.27, 100, 74232, 72
2026/07/29 15:48:49.375, 295.39, 100, 74232, 72
2026/07/29 15:48:50.413, 302.38, 100, 74232, 72
2026/07/29 15:48:51.451, 300.85, 100, 74232, 72
2026/07/29 15:48:52.488, 98.75, 0, 74232, 69
2026/07/29 15:48:53.522, 294.16, 100, 74232, 73
2026/07/29 15:48:54.558, 305.19, 100, 74232, 73
2026/07/29 15:48:55.594, 312.52, 100, 74232, 73
2026/07/29 15:48:56.634, 308.84, 100, 74232, 73
2026/07/29 15:48:57.670, 293.28, 100, 74232, 73
2026/07/29 15:48:58.705, 305.77, 100, 74232, 73
2026/07/29 15:48:59.743, 306.28, 100, 74232, 71
2026/07/29 15:49:00.779, 306.38, 100, 74232, 71
2026/07/29 15:49:01.815, 301.84, 100, 74232, 71
2026/07/29 15:49:02.857, 294.49, 100, 74232, 73
2026/07/29 15:49:03.893, 298.99, 100, 74232, 73
2026/07/29 15:49:04.938, 294.98, 100, 74232, 73
2026/07/29 15:49:05.974, 304.37, 100, 74232, 73
2026/07/29 15:49:07.010, 294.59, 100, 74232, 73
2026/07/29 15:49:08.047, 297.04, 100, 74232, 73
2026/07/29 15:49:09.094, 304.60, 100, 74232, 72
2026/07/29 15:49:10.131, 305.77, 100, 74232, 72
2026/07/29 15:49:11.168, 299.30, 100, 74232, 72
2026/07/29 15:49:12.206, 298.10, 100, 74232, 72
2026/07/29 15:49:13.246, 299.86, 100, 74232, 72
2026/07/29 15:49:14.284, 306.08, 100, 74232, 72
2026/07/29 15:49:15.323, 301.24, 100, 74232, 72
2026/07/29 15:49:16.362, 297.92, 100, 74232, 72
2026/07/29 15:49:17.400, 306.40, 100, 74232, 72
2026/07/29 15:49:18.442, 307.62, 100, 74232, 72
2026/07/29 15:49:19.481, 298.93, 100, 74232, 72
2026/07/29 15:49:20.522, 306.55, 100, 74232, 72
2026/07/29 15:49:21.559, 307.42, 100, 74232, 72
2026/07/29 15:49:22.597, 298.21, 100, 74232, 72
2026/07/29 15:49:23.638, 294.04, 100, 74232, 72
2026/07/29 15:49:24.676, 301.33, 100, 74232, 72
2026/07/29 15:49:25.715, 303.24, 100, 74232, 72
2026/07/29 15:49:26.755, 300.28, 100, 74232, 72
2026/07/29 15:49:27.792, 300.08, 87, 74232, 73
2026/07/29 15:49:28.828, 298.34, 100, 74232, 73
2026/07/29 15:49:29.864, 287.01, 100, 74232, 73
2026/07/29 15:49:30.900, 285.48, 100, 74232, 73
2026/07/29 15:49:31.940, 275.95, 100, 74232, 73
2026/07/29 15:49:32.976, 293.31, 100, 74232, 73
2026/07/29 15:49:34.011, 319.18, 100, 74232, 74
2026/07/29 15:49:35.047, 306.36, 100, 74232, 72
2026/07/29 15:49:36.086, 303.64, 100, 74232, 72
2026/07/29 15:49:37.123, 307.63, 100, 74232, 72
2026/07/29 15:49:38.162, 301.59, 100, 74232, 72
2026/07/29 15:49:39.201, 300.44, 100, 74232, 72
2026/07/29 15:49:40.237, 294.62, 100, 74232, 72
2026/07/29 15:49:41.275, 295.97, 100, 74232, 72
2026/07/29 15:49:42.312, 301.82, 100, 74232, 72
2026/07/29 15:49:43.350, 307.24, 100, 74232, 72
2026/07/29 15:49:44.388, 299.98, 100, 74232, 72
2026/07/29 15:49:45.427, 296.28, 100, 74232, 72
2026/07/29 15:49:46.466, 298.90, 100, 74232, 72
2026/07/29 15:49:47.506, 298.29, 100, 74232, 72
2026/07/29 15:49:48.543, 299.55, 100, 74232, 72
2026/07/29 15:49:49.581, 295.47, 100, 74232, 72
2026/07/29 15:49:50.618, 303.55, 100, 74232, 72
2026/07/29 15:49:51.655, 298.20, 100, 74232, 72
2026/07/29 15:49:52.693, 299.88, 100, 74232, 72
2026/07/29 15:49:53.730, 299.88, 100, 74232, 72
2026/07/29 15:49:54.768, 303.24, 100, 74232, 72
2026/07/29 15:49:55.806, 295.79, 100, 74232, 72
2026/07/29 15:49:56.843, 300.33, 100, 74232, 72
2026/07/29 15:49:57.880, 300.26, 100, 74232, 72
2026/07/29 15:49:58.919, 295.40, 100, 74232, 72
2026/07/29 15:49:59.956, 297.14, 100, 74232, 72
2026/07/29 15:50:00.995, 297.93, 100, 74232, 72
2026/07/29 15:50:02.033, 299.39, 100, 74232, 72
2026/07/29 15:50:03.077, 298.48, 100, 74232, 72
2026/07/29 15:50:04.115, 299.60, 100, 74232, 72
2026/07/29 15:50:05.153, 298.50, 100, 74232, 72
2026/07/29 15:50:06.193, 293.56, 100, 74232, 71
2026/07/29 15:50:07.230, 288.67, 100, 74232, 71
2026/07/29 15:50:08.268, 294.22, 100, 74232, 72
2026/07/29 15:50:09.308, 296.17, 100, 74232, 71
2026/07/29 15:50:10.346, 302.32, 100, 74232, 72
2026/07/29 15:50:11.384, 304.05, 100, 74232, 71
2026/07/29 15:50:12.424, 298.23, 100, 74232, 71
2026/07/29 15:50:13.461, 299.41, 100, 74232, 71
2026/07/29 15:50:14.499, 299.20, 100, 74232, 71
2026/07/29 15:50:15.538, 303.74, 100, 74232, 71
2026/07/29 15:50:16.578, 298.33, 100, 74232, 71
2026/07/29 15:50:17.615, 298.31, 100, 74232, 71
2026/07/29 15:50:18.654, 299.60, 100, 74232, 71
2026/07/29 15:50:19.691, 298.21, 100, 74232, 71
2026/07/29 15:50:20.729, 292.98, 100, 74232, 71
2026/07/29 15:50:21.767, 309.65, 100, 74232, 71
2026/07/29 15:50:22.805, 298.70, 100, 74232, 71
2026/07/29 15:50:23.843, 295.30, 100, 74232, 71
2026/07/29 15:50:24.881, 293.85, 100, 74232, 71
2026/07/29 15:50:25.918, 298.61, 100, 74232, 71
2026/07/29 15:50:26.955, 298.98, 100, 74232, 71
2026/07/29 15:50:27.994, 298.13, 100, 74232, 71
2026/07/29 15:50:29.032, 292.29, 100, 74232, 71
2026/07/29 15:50:30.070, 298.19, 100, 74232, 71
2026/07/29 15:50:31.107, 293.73, 100, 74232, 71
2026/07/29 15:50:32.145, 290.64, 100, 74232, 71
2026/07/29 15:50:33.183, 288.18, 100, 74232, 71
2026/07/29 15:50:34.222, 283.63, 100, 74232, 71
2026/07/29 15:50:35.259, 293.55, 100, 74232, 71
2026/07/29 15:50:36.298, 297.54, 100, 74232, 71
2026/07/29 15:50:37.336, 295.77, 100, 74232, 71
2026/07/29 15:50:38.375, 284.31, 100, 74232, 71
2026/07/29 15:50:39.413, 297.82, 100, 74232, 71
2026/07/29 15:50:40.451, 300.08, 100, 74232, 71
2026/07/29 15:50:41.488, 298.99, 100, 74232, 71
2026/07/29 15:50:42.526, 294.64, 100, 74232, 71
2026/07/29 15:50:43.564, 297.93, 100, 74232, 71
2026/07/29 15:50:44.601, 297.05, 100, 74232, 71
2026/07/29 15:50:45.639, 298.30, 100, 74232, 71
2026/07/29 15:50:46.677, 296.36, 100, 74232, 71
2026/07/29 15:50:47.717, 296.16, 100, 74232, 71
2026/07/29 15:50:48.756, 296.95, 100, 74232, 71
2026/07/29 15:50:49.794, 299.19, 100, 74232, 71
2026/07/29 15:50:50.831, 298.40, 100, 74232, 71
2026/07/29 15:50:51.876, 309.50, 100, 74232, 71
2026/07/29 15:50:52.913, 300.83, 100, 74232, 71
2026/07/29 15:50:53.950, 298.59, 100, 74232, 71
2026/07/29 15:50:54.990, 305.78, 100, 74232, 71
2026/07/29 15:50:56.027, 306.46, 100, 74232, 71
2026/07/29 15:50:57.066, 302.29, 100, 74232, 71
2026/07/29 15:50:58.105, 298.19, 100, 74232, 71
2026/07/29 15:50:59.142, 298.04, 100, 74232, 71
2026/07/29 15:51:00.180, 296.10, 100, 74232, 71
2026/07/29 15:51:01.217, 298.98, 100, 74232, 71
2026/07/29 15:51:02.256, 294.61, 100, 74232, 71
2026/07/29 15:51:03.294, 297.42, 100, 74232, 71
2026/07/29 15:51:04.334, 296.95, 100, 74232, 71
2026/07/29 15:51:05.371, 297.94, 100, 74232, 71
2026/07/29 15:51:06.408, 296.57, 100, 74232, 71
2026/07/29 15:51:07.445, 298.90, 100, 74232, 71
2026/07/29 15:51:08.482, 295.78, 100, 74232, 71
2026/07/29 15:51:09.521, 305.23, 100, 74232, 71
2026/07/29 15:51:10.558, 305.28, 100, 74232, 71
2026/07/29 15:51:11.596, 305.01, 100, 74232, 71
2026/07/29 15:51:12.634, 301.79, 100, 74232, 71
2026/07/29 15:51:13.674, 297.47, 100, 74232, 71
2026/07/29 15:51:14.713, 296.96, 100, 74232, 71
2026/07/29 15:51:15.754, 298.69, 100, 74232, 71
2026/07/29 15:51:16.791, 301.31, 100, 74232, 71
2026/07/29 15:51:17.829, 299.45, 100, 74232, 71
2026/07/29 15:51:18.866, 304.06, 100, 74232, 71
2026/07/29 15:51:19.918, 298.62, 100, 74232, 71
2026/07/29 15:51:20.957, 303.36, 100, 74232, 71
2026/07/29 15:51:21.996, 296.06, 100, 74232, 71
2026/07/29 15:51:23.039, 297.71, 100, 74232, 71
2026/07/29 15:51:24.077, 297.52, 100, 74232, 71
2026/07/29 15:51:25.117, 296.57, 100, 74232, 71
2026/07/29 15:51:26.158, 288.28, 100, 74232, 71
2026/07/29 15:51:27.196, 284.89, 100, 74232, 71
2026/07/29 15:51:28.237, 289.47, 100, 74232, 71
2026/07/29 15:51:29.275, 291.21, 100, 74232, 71
2026/07/29 15:51:30.312, 298.23, 100, 74232, 71
2026/07/29 15:51:31.350, 301.01, 100, 74232, 71
2026/07/29 15:51:32.387, 292.18, 100, 74232, 71
2026/07/29 15:51:33.425, 295.02, 100, 74232, 71
2026/07/29 15:51:34.462, 297.64, 100, 74232, 71
2026/07/29 15:51:35.501, 304.64, 100, 74232, 71
2026/07/29 15:51:36.539, 294.03, 100, 74232, 71
2026/07/29 15:51:37.576, 306.36, 100, 74232, 71
2026/07/29 15:51:38.612, 306.37, 100, 74232, 71
2026/07/29 15:51:39.649, 305.13, 100, 74232, 71
2026/07/29 15:51:40.686, 304.50, 100, 74232, 71
2026/07/29 15:51:41.724, 297.81, 100, 74232, 71
2026/07/29 15:51:42.762, 305.12, 100, 74232, 71
2026/07/29 15:51:43.800, 302.59, 100, 74232, 71
2026/07/29 15:51:44.837, 291.60, 100, 74232, 71
2026/07/29 15:51:45.879, 304.40, 100, 74232, 71
2026/07/29 15:51:46.917, 307.63, 100, 74232, 71
2026/07/29 15:51:47.955, 306.01, 100, 74232, 71
2026/07/29 15:51:48.993, 305.68, 100, 74232, 71
2026/07/29 15:51:50.030, 303.77, 100, 74232, 71
2026/07/29 15:51:51.071, 294.71, 100, 74232, 71
2026/07/29 15:51:52.109, 296.17, 100, 74232, 71
2026/07/29 15:51:53.148, 298.01, 100, 74232, 71
2026/07/29 15:51:54.186, 293.94, 100, 74232, 71
2026/07/29 15:51:55.223, 301.81, 100, 74232, 71
2026/07/29 15:51:56.261, 294.52, 100, 74232, 71
2026/07/29 15:51:57.298, 295.50, 100, 74232, 71
2026/07/29 15:51:58.336, 294.90, 100, 74232, 71
2026/07/29 15:51:59.373, 297.33, 100, 74232, 71
2026/07/29 15:52:00.415, 296.37, 100, 74232, 71
2026/07/29 15:52:01.453, 302.18, 100, 74232, 71
2026/07/29 15:52:02.492, 298.52, 100, 74232, 71
2026/07/29 15:52:03.530, 298.52, 100, 74232, 71
2026/07/29 15:52:04.567, 298.42, 100, 74232, 71
2026/07/29 15:52:05.608, 295.79, 100, 74232, 71
2026/07/29 15:52:06.645, 292.29, 100, 74232, 71
2026/07/29 15:52:07.682, 296.26, 100, 74232, 71
2026/07/29 15:52:08.719, 297.64, 100, 74232, 71
2026/07/29 15:52:09.756, 297.05, 100, 74232, 71
2026/07/29 15:52:10.795, 298.61, 100, 74232, 71
2026/07/29 15:52:11.832, 298.70, 100, 74232, 71
2026/07/29 15:52:12.871, 295.80, 100, 74232, 71
2026/07/29 15:52:13.908, 290.92, 100, 74232, 71
2026/07/29 15:52:14.947, 297.15, 100, 74232, 71
2026/07/29 15:52:15.986, 297.72, 100, 74232, 71
2026/07/29 15:52:17.025, 305.10, 100, 74232, 71
2026/07/29 15:52:18.063, 305.68, 100, 74232, 71
2026/07/29 15:52:19.100, 301.19, 100, 74232, 71
2026/07/29 15:52:20.141, 295.10, 100, 74232, 71
2026/07/29 15:52:21.179, 295.49, 100, 74232, 71
2026/07/29 15:52:22.221, 295.98, 100, 74232, 70
2026/07/29 15:52:23.260, 287.91, 100, 74232, 70
2026/07/29 15:52:24.298, 290.63, 100, 74232, 71
2026/07/29 15:52:25.343, 286.63, 100, 74232, 71
2026/07/29 15:52:26.381, 298.51, 100, 74232, 71
2026/07/29 15:52:27.418, 299.07, 100, 74232, 71
2026/07/29 15:52:28.456, 295.68, 100, 74232, 71
2026/07/29 15:52:29.493, 302.32, 100, 74232, 71
2026/07/29 15:52:30.531, 298.33, 100, 74232, 71
2026/07/29 15:52:31.569, 300.15, 100, 74232, 71
2026/07/29 15:52:32.609, 301.46, 100, 74232, 71
2026/07/29 15:52:33.647, 303.10, 100, 74232, 71
2026/07/29 15:52:34.685, 305.05, 100, 74232, 71
2026/07/29 15:52:35.722, 304.13, 100, 74232, 71
2026/07/29 15:52:36.761, 304.91, 100, 74232, 71
2026/07/29 15:52:37.797, 304.03, 100, 74232, 71
2026/07/29 15:52:38.836, 302.57, 100, 74232, 71
2026/07/29 15:52:39.873, 311.09, 100, 74232, 71
2026/07/29 15:52:40.911, 302.51, 100, 74232, 71
2026/07/29 15:52:41.949, 302.59, 100, 74232, 71
2026/07/29 15:52:42.987, 295.58, 100, 74232, 71
2026/07/29 15:52:44.024, 298.31, 100, 74232, 71
2026/07/29 15:52:45.062, 303.83, 100, 74232, 71
2026/07/29 15:52:46.100, 299.28, 100, 74232, 71
2026/07/29 15:52:47.138, 297.61, 100, 74232, 71
2026/07/29 15:52:48.176, 299.09, 100, 74232, 71
2026/07/29 15:52:49.214, 295.49, 100, 74232, 71
2026/07/29 15:52:50.253, 297.73, 100, 74232, 71
2026/07/29 15:52:51.290, 297.44, 100, 74232, 71
2026/07/29 15:52:52.327, 308.02, 100, 74232, 71
2026/07/29 15:52:53.364, 297.54, 100, 74232, 71
2026/07/29 15:52:54.402, 297.44, 100, 74232, 71
2026/07/29 15:52:55.442, 297.69, 100, 74232, 71
2026/07/29 15:52:56.480, 303.17, 100, 74232, 71
2026/07/29 15:52:57.521, 299.47, 100, 74232, 71
2026/07/29 15:52:58.559, 294.33, 100, 74232, 71
2026/07/29 15:52:59.597, 300.15, 100, 74232, 71
2026/07/29 15:53:00.635, 301.92, 100, 74232, 71
2026/07/29 15:53:01.673, 298.89, 100, 74232, 71
2026/07/29 15:53:02.711, 298.00, 100, 74232, 71
2026/07/29 15:53:03.749, 296.45, 100, 74232, 71
2026/07/29 15:53:04.787, 298.42, 100, 74232, 71
2026/07/29 15:53:05.824, 294.23, 100, 74232, 71
2026/07/29 15:53:06.862, 303.15, 100, 74232, 71
2026/07/29 15:53:07.899, 304.33, 100, 74232, 71
2026/07/29 15:53:08.938, 302.03, 100, 74232, 71
2026/07/29 15:53:09.976, 296.77, 100, 74232, 71
2026/07/29 15:53:11.014, 303.89, 100, 74232, 71
2026/07/29 15:53:12.052, 300.23, 100, 74232, 71
2026/07/29 15:53:13.089, 293.93, 100, 74232, 71
2026/07/29 15:53:14.127, 296.34, 100, 74232, 71
2026/07/29 15:53:15.167, 303.47, 100, 74232, 71
2026/07/29 15:53:16.205, 300.07, 100, 74232, 71
2026/07/29 15:53:17.242, 297.71, 100, 74232, 71
2026/07/29 15:53:18.285, 297.15, 100, 74232, 71
2026/07/29 15:53:19.323, 297.15, 100, 74232, 71
2026/07/29 15:53:20.360, 292.29, 100, 74232, 71
2026/07/29 15:53:21.398, 298.31, 100, 74232, 71
2026/07/29 15:53:22.435, 295.48, 100, 74232, 71
2026/07/29 15:53:23.474, 302.97, 100, 74232, 71
2026/07/29 15:53:24.511, 297.52, 100, 74232, 71
2026/07/29 15:53:25.550, 296.87, 100, 74232, 71
2026/07/29 15:53:26.588, 302.89, 100, 74232, 71
2026/07/29 15:53:27.628, 300.35, 100, 74232, 71
2026/07/29 15:53:28.665, 302.98, 100, 74232, 71
2026/07/29 15:53:29.703, 298.58, 100, 74232, 71
2026/07/29 15:53:30.740, 301.02, 100, 74232, 71
2026/07/29 15:53:31.790, 297.65, 100, 74232, 71
2026/07/29 15:53:32.829, 305.88, 100, 74232, 71
2026/07/29 15:53:33.866, 298.20, 100, 74232, 71
2026/07/29 15:53:34.914, 292.67, 100, 74232, 71
2026/07/29 15:53:35.954, 298.22, 100, 74232, 71
2026/07/29 15:53:36.992, 305.09, 100, 74232, 71
2026/07/29 15:53:38.033, 294.82, 100, 74232, 71
2026/07/29 15:53:39.072, 298.60, 100, 74232, 71
2026/07/29 15:53:40.109, 302.64, 100, 74232, 71
2026/07/29 15:53:41.148, 294.33, 100, 74232, 71
2026/07/29 15:53:42.186, 297.64, 100, 74232, 71
2026/07/29 15:53:43.224, 299.67, 100, 74232, 71
2026/07/29 15:53:44.263, 292.78, 100, 74232, 71
2026/07/29 15:53:45.304, 297.16, 100, 74232, 71
2026/07/29 15:53:46.342, 297.64, 100, 74232, 71
2026/07/29 15:53:47.382, 304.46, 100, 74232, 71
2026/07/29 15:53:48.420, 297.91, 100, 74232, 71
2026/07/29 15:53:49.457, 298.02, 100, 74232, 71
2026/07/29 15:53:50.496, 297.53, 100, 74232, 71
2026/07/29 15:53:51.533, 296.97, 100, 74232, 71
2026/07/29 15:53:52.573, 297.26, 100, 74232, 71
2026/07/29 15:53:53.612, 296.97, 100, 74232, 71
2026/07/29 15:53:54.649, 305.48, 100, 74232, 71
2026/07/29 15:53:55.686, 304.62, 100, 74232, 71
2026/07/29 15:53:56.723, 306.21, 100, 74232, 71
2026/07/29 15:53:57.764, 304.94, 100, 74232, 71
2026/07/29 15:53:58.802, 292.36, 100, 74232, 71
2026/07/29 15:53:59.840, 297.13, 100, 74232, 71
2026/07/29 15:54:00.877, 298.02, 100, 74232, 71
2026/07/29 15:54:01.915, 296.86, 100, 74232, 71
2026/07/29 15:54:02.952, 297.99, 100, 74232, 71
2026/07/29 15:54:03.989, 298.21, 100, 74232, 71
2026/07/29 15:54:05.026, 294.05, 100, 74232, 71
2026/07/29 15:54:06.063, 298.82, 68, 74232, 73
2026/07/29 15:54:07.100, 298.01, 100, 74232, 73
2026/07/29 15:54:08.137, 291.71, 100, 74232, 73
2026/07/29 15:54:09.181, 301.58, 100, 74232, 73
2026/07/29 15:54:10.216, 270.40, 100, 74232, 72
2026/07/29 15:54:11.258, 313.62, 100, 74232, 73
2026/07/29 15:54:12.295, 295.70, 100, 74232, 71
2026/07/29 15:54:13.338, 296.95, 100, 74232, 71
2026/07/29 15:54:14.375, 294.53, 100, 74232, 71
2026/07/29 15:54:15.413, 297.14, 100, 74232, 71
2026/07/29 15:54:16.451, 297.04, 100, 74232, 71
2026/07/29 15:54:17.489, 298.89, 100, 74232, 71
2026/07/29 15:54:18.528, 303.05, 100, 74232, 71
2026/07/29 15:54:19.565, 297.41, 100, 74232, 71
2026/07/29 15:54:20.603, 299.80, 100, 74232, 71
2026/07/29 15:54:21.640, 299.28, 100, 74232, 71
2026/07/29 15:54:22.680, 297.80, 100, 74232, 71
2026/07/29 15:54:23.717, 307.04, 100, 74232, 72
2026/07/29 15:54:24.754, 302.87, 100, 74232, 71
2026/07/29 15:54:25.791, 296.26, 100, 74232, 71
2026/07/29 15:54:26.828, 298.80, 100, 74232, 71
2026/07/29 15:54:27.866, 294.73, 100, 74232, 71
2026/07/29 15:54:28.903, 296.16, 100, 74232, 71
2026/07/29 15:54:29.941, 305.59, 100, 74232, 72
2026/07/29 15:54:30.978, 304.23, 100, 74232, 71
2026/07/29 15:54:32.016, 297.71, 100, 74232, 71
2026/07/29 15:54:33.053, 298.12, 100, 74232, 71
2026/07/29 15:54:34.091, 299.09, 100, 74232, 72
2026/07/29 15:54:35.128, 297.43, 100, 74232, 71
2026/07/29 15:54:36.165, 306.26, 100, 74232, 72
2026/07/29 15:54:37.204, 311.90, 100, 74232, 72
2026/07/29 15:54:38.241, 298.21, 100, 74232, 71
2026/07/29 15:54:39.278, 298.52, 100, 74232, 72
2026/07/29 15:54:40.315, 303.75, 100, 74232, 71
2026/07/29 15:54:41.356, 298.50, 100, 74232, 72
2026/07/29 15:54:42.393, 301.08, 100, 74232, 72
2026/07/29 15:54:43.431, 295.57, 100, 74232, 71
2026/07/29 15:54:44.469, 296.17, 100, 74232, 71
2026/07/29 15:54:45.511, 97.45, 0, 74232, 68
2026/07/29 15:54:46.544, 286.87, 100, 74232, 73
2026/07/29 15:54:47.580, 283.19, 100, 74232, 73
2026/07/29 15:54:48.615, 293.39, 100, 74232, 73
2026/07/29 15:54:49.651, 302.64, 100, 74232, 73
2026/07/29 15:54:50.686, 287.05, 100, 74232, 73
2026/07/29 15:54:51.727, 305.69, 100, 74232, 73
2026/07/29 15:54:52.764, 306.17, 100, 74232, 71
2026/07/29 15:54:53.802, 301.79, 100, 74232, 71
2026/07/29 15:54:54.838, 297.62, 100, 74232, 71
2026/07/29 15:54:55.876, 299.38, 100, 74232, 71
2026/07/29 15:54:56.913, 300.26, 100, 74232, 72
2026/07/29 15:54:57.958, 297.35, 100, 74232, 72
2026/07/29 15:54:58.996, 298.11, 100, 74232, 72
2026/07/29 15:55:00.033, 297.43, 100, 74232, 72
2026/07/29 15:55:01.071, 298.30, 100, 74232, 72
2026/07/29 15:55:02.108, 292.34, 100, 74232, 72
2026/07/29 15:55:03.146, 284.89, 100, 74232, 72
2026/07/29 15:55:04.184, 296.94, 100, 74232, 72
2026/07/29 15:55:05.222, 292.10, 100, 74232, 72
2026/07/29 15:55:06.260, 286.04, 100, 74232, 72
2026/07/29 15:55:07.298, 297.35, 100, 74232, 72
2026/07/29 15:55:08.336, 293.84, 100, 74232, 72
2026/07/29 15:55:09.377, 287.62, 100, 74232, 72
2026/07/29 15:55:10.414, 296.37, 100, 74232, 72
2026/07/29 15:55:11.453, 299.79, 100, 74232, 72
2026/07/29 15:55:12.490, 300.54, 100, 74232, 72
2026/07/29 15:55:13.530, 298.71, 100, 74232, 72
2026/07/29 15:55:14.568, 298.91, 100, 74232, 72
2026/07/29 15:55:15.605, 302.37, 100, 74232, 72
2026/07/29 15:55:16.643, 299.55, 100, 74232, 72
2026/07/29 15:55:17.681, 290.23, 100, 74232, 72
2026/07/29 15:55:18.718, 293.56, 100, 74232, 72
2026/07/29 15:55:19.758, 292.77, 100, 74232, 72
2026/07/29 15:55:20.797, 290.23, 100, 74232, 72
2026/07/29 15:55:21.835, 288.75, 100, 74232, 72
2026/07/29 15:55:22.874, 296.26, 100, 74232, 72
2026/07/29 15:55:23.912, 293.05, 100, 74232, 72
2026/07/29 15:55:24.950, 292.48, 100, 74232, 72
2026/07/29 15:55:25.988, 288.99, 100, 74232, 72
2026/07/29 15:55:27.025, 347.34, 100, 74232, 73
2026/07/29 15:55:28.062, 293.81, 100, 74232, 73
2026/07/29 15:55:29.098, 310.25, 100, 74232, 73
2026/07/29 15:55:30.134, 295.34, 100, 74232, 73
2026/07/29 15:55:31.169, 315.28, 100, 74232, 74
2026/07/29 15:55:32.205, 299.48, 100, 74232, 73
2026/07/29 15:55:33.240, 287.83, 100, 74232, 73
2026/07/29 15:55:34.275, 306.36, 100, 74232, 72
2026/07/29 15:55:35.316, 299.37, 100, 74232, 72
2026/07/29 15:55:36.355, 297.43, 100, 74232, 72
2026/07/29 15:55:37.393, 296.46, 100, 74232, 72
2026/07/29 15:55:38.434, 292.56, 100, 74232, 72
2026/07/29 15:55:39.472, 288.48, 100, 74232, 72
2026/07/29 15:55:40.510, 287.70, 83, 74232, 73
2026/07/29 15:55:41.545, 306.06, 100, 74232, 74
2026/07/29 15:55:42.581, 307.12, 100, 74232, 74
2026/07/29 15:55:43.615, 286.93, 100, 74232, 74
2026/07/29 15:55:44.652, 290.82, 100, 74232, 74
2026/07/29 15:55:45.688, 293.44, 100, 74232, 74
2026/07/29 15:55:46.724, 277.90, 100, 74232, 74
2026/07/29 15:55:47.762, 301.14, 100, 74232, 72
2026/07/29 15:55:48.805, 299.06, 100, 74232, 72
2026/07/29 15:55:49.846, 306.49, 100, 74232, 72
2026/07/29 15:55:50.884, 307.24, 100, 74232, 72
2026/07/29 15:55:51.928, 298.96, 100, 74232, 72
2026/07/29 15:55:52.967, 299.38, 100, 74232, 72
2026/07/29 15:55:54.004, 300.93, 100, 74232, 72
2026/07/29 15:55:55.042, 297.83, 100, 74232, 72
2026/07/29 15:55:56.080, 298.49, 100, 74232, 74
2026/07/29 15:55:57.117, 291.71, 100, 74232, 74
2026/07/29 15:55:58.152, 299.47, 100, 74232, 74
2026/07/29 15:55:59.188, 300.94, 100, 74232, 74
2026/07/29 15:56:00.226, 300.44, 100, 74232, 74
2026/07/29 15:56:01.261, 296.58, 100, 74232, 74
2026/07/29 15:56:02.296, 306.24, 100, 74232, 73
2026/07/29 15:56:03.335, 281.80, 100, 74232, 72
2026/07/29 15:56:04.373, 290.25, 100, 74232, 72
2026/07/29 15:56:05.410, 292.85, 100, 74232, 72
2026/07/29 15:56:06.447, 293.85, 100, 74232, 72
2026/07/29 15:56:07.485, 301.64, 100, 74232, 74
2026/07/29 15:56:08.520, 293.67, 100, 74232, 74
2026/07/29 15:56:09.558, 301.72, 100, 74232, 74
2026/07/29 15:56:10.595, 291.31, 100, 74232, 74
2026/07/29 15:56:11.630, 317.25, 100, 74232, 74
2026/07/29 15:56:12.669, 279.41, 100, 74232, 74
2026/07/29 15:56:13.709, 307.08, 100, 74232, 74
2026/07/29 15:56:14.745, 307.04, 100, 74232, 72
2026/07/29 15:56:15.784, 300.75, 100, 74232, 72
2026/07/29 15:56:16.820, 299.68, 100, 74232, 72
2026/07/29 15:56:17.858, 298.91, 100, 74232, 72
2026/07/29 15:56:18.896, 305.89, 100, 74232, 73
2026/07/29 15:56:19.938, 296.93, 100, 74232, 72
2026/07/29 15:56:20.976, 297.13, 100, 74232, 73
2026/07/29 15:56:22.013, 300.24, 100, 74232, 73
2026/07/29 15:56:23.053, 300.65, 100, 74232, 73
2026/07/29 15:56:24.090, 301.82, 100, 74232, 73
2026/07/29 15:56:25.127, 100.09, 86, 74232, 70
2026/07/29 15:56:26.161, 303.45, 100, 74232, 74
2026/07/29 15:56:27.196, 299.83, 100, 74232, 74
2026/07/29 15:56:28.232, 293.75, 100, 74232, 74
2026/07/29 15:56:29.269, 290.52, 100, 74232, 74
2026/07/29 15:56:30.305, 297.84, 100, 74232, 74
2026/07/29 15:56:31.341, 304.01, 100, 74232, 74
2026/07/29 15:56:32.377, 306.45, 100, 74232, 74
2026/07/29 15:56:33.414, 301.04, 100, 74232, 72
2026/07/29 15:56:34.452, 302.89, 100, 74232, 72
2026/07/29 15:56:35.489, 299.46, 100, 74232, 73
2026/07/29 15:56:36.526, 300.27, 100, 74232, 73
2026/07/29 15:56:37.567, 296.48, 100, 74232, 73
2026/07/29 15:56:38.605, 293.07, 100, 74232, 73
2026/07/29 15:56:39.642, 292.47, 100, 74232, 73
2026/07/29 15:56:40.683, 294.24, 100, 74232, 73
2026/07/29 15:56:41.720, 294.61, 100, 74232, 73
2026/07/29 15:56:42.757, 297.50, 100, 74232, 74
2026/07/29 15:56:43.795, 299.32, 100, 74232, 74
2026/07/29 15:56:44.830, 318.88, 100, 74232, 74
2026/07/29 15:56:45.865, 299.66, 100, 74232, 75
2026/07/29 15:56:46.901, 302.16, 100, 74232, 74
2026/07/29 15:56:47.944, 294.61, 100, 74232, 74
2026/07/29 15:56:48.978, 288.29, 100, 74232, 74
2026/07/29 15:56:50.016, 298.61, 100, 74232, 73
2026/07/29 15:56:51.054, 300.75, 100, 74232, 73
2026/07/29 15:56:52.093, 308.61, 100, 74232, 73
2026/07/29 15:56:53.131, 301.71, 100, 74232, 73
2026/07/29 15:56:54.168, 298.52, 100, 74232, 73
2026/07/29 15:56:55.209, 301.23, 100, 74232, 73
2026/07/29 15:56:56.247, 301.89, 100, 74232, 73
2026/07/29 15:56:57.285, 303.35, 100, 74232, 73
2026/07/29 15:56:58.324, 291.41, 100, 74232, 74
2026/07/29 15:56:59.359, 288.66, 100, 74232, 73
2026/07/29 15:57:00.396, 293.65, 100, 74232, 73
2026/07/29 15:57:01.436, 301.25, 100, 74232, 73
2026/07/29 15:57:02.474, 297.24, 100, 74232, 72
2026/07/29 15:57:03.513, 293.28, 100, 74232, 72
2026/07/29 15:57:04.552, 287.99, 100, 74232, 72
2026/07/29 15:57:05.590, 295.49, 100, 74232, 72
2026/07/29 15:57:06.629, 287.73, 100, 74232, 72
2026/07/29 15:57:07.666, 288.10, 100, 74232, 72
2026/07/29 15:57:08.706, 298.90, 100, 74232, 72
2026/07/29 15:57:09.745, 296.60, 100, 74232, 72
2026/07/29 15:57:10.784, 298.73, 100, 74232, 72
2026/07/29 15:57:11.821, 299.37, 100, 74232, 72
2026/07/29 15:57:12.858, 299.50, 100, 74232, 72
2026/07/29 15:57:13.896, 306.03, 100, 74232, 72
2026/07/29 15:57:14.934, 293.17, 100, 74232, 72
2026/07/29 15:57:15.972, 296.38, 100, 74232, 72
2026/07/29 15:57:17.011, 299.29, 100, 74232, 72
2026/07/29 15:57:18.050, 299.76, 100, 74232, 72
2026/07/29 15:57:19.088, 308.77, 100, 74232, 72
2026/07/29 15:57:20.129, 299.47, 100, 74232, 72
2026/07/29 15:57:21.167, 295.40, 100, 74232, 72
2026/07/29 15:57:22.205, 290.92, 100, 74232, 72
2026/07/29 15:57:23.243, 289.65, 100, 74232, 72
2026/07/29 15:57:24.280, 289.74, 100, 74232, 72
2026/07/29 15:57:25.318, 299.58, 100, 74232, 72
2026/07/29 15:57:26.356, 297.34, 100, 74232, 72
2026/07/29 15:57:27.393, 299.07, 100, 74232, 72
2026/07/29 15:57:28.430, 299.07, 100, 74232, 72
2026/07/29 15:57:29.472, 304.05, 100, 74232, 72
2026/07/29 15:57:30.512, 303.47, 100, 74232, 72
2026/07/29 15:57:31.551, 296.96, 100, 74232, 72
2026/07/29 15:57:32.589, 303.54, 100, 74232, 72
2026/07/29 15:57:33.627, 297.63, 100, 74232, 72
2026/07/29 15:57:34.666, 297.53, 100, 74232, 72
2026/07/29 15:57:35.703, 304.44, 100, 74232, 72
2026/07/29 15:57:36.742, 296.15, 100, 74232, 72
2026/07/29 15:57:37.780, 296.66, 100, 74232, 72
2026/07/29 15:57:38.817, 296.39, 100, 74232, 72
2026/07/29 15:57:39.855, 295.11, 100, 74232, 72
2026/07/29 15:57:40.895, 303.16, 100, 74232, 72
2026/07/29 15:57:41.933, 299.86, 100, 74232, 72
2026/07/29 15:57:42.970, 300.26, 100, 74232, 72
2026/07/29 15:57:44.008, 300.07, 100, 74232, 72
2026/07/29 15:57:45.047, 297.12, 100, 74232, 72
2026/07/29 15:57:46.085, 294.04, 100, 74232, 72
2026/07/29 15:57:47.122, 295.09, 100, 74232, 72
2026/07/29 15:57:48.161, 295.10, 100, 74232, 72
2026/07/29 15:57:49.198, 292.41, 100, 74232, 72
2026/07/29 15:57:50.237, 300.44, 100, 74232, 72
2026/07/29 15:57:51.274, 304.26, 100, 74232, 72
2026/07/29 15:57:52.313, 302.89, 100, 74232, 72
2026/07/29 15:57:53.351, 294.71, 100, 74232, 71
2026/07/29 15:57:54.390, 293.65, 100, 74232, 71
2026/07/29 15:57:55.428, 295.80, 100, 74232, 71
2026/07/29 15:57:56.466, 299.67, 100, 74232, 71
2026/07/29 15:57:57.504, 292.86, 100, 74232, 71
2026/07/29 15:57:58.543, 299.47, 100, 74232, 71
2026/07/29 15:57:59.582, 294.73, 100, 74232, 71
2026/07/29 15:58:00.620, 293.44, 100, 74232, 71
2026/07/29 15:58:01.662, 296.18, 100, 74232, 71
2026/07/29 15:58:02.698, 294.61, 100, 74232, 71
2026/07/29 15:58:03.736, 297.54, 100, 74232, 71
2026/07/29 15:58:04.773, 304.14, 100, 74232, 71
2026/07/29 15:58:05.810, 303.76, 100, 74232, 71
2026/07/29 15:58:06.849, 303.75, 100, 74232, 71
2026/07/29 15:58:07.887, 304.99, 100, 74232, 71
2026/07/29 15:58:08.925, 299.10, 100, 74232, 71
2026/07/29 15:58:09.962, 294.02, 100, 74232, 71
2026/07/29 15:58:11.000, 295.79, 100, 74232, 71
2026/07/29 15:58:12.038, 303.85, 100, 74232, 71
2026/07/29 15:58:13.076, 301.92, 100, 74232, 71
2026/07/29 15:58:14.115, 302.10, 100, 74232, 71
2026/07/29 15:58:15.152, 299.76, 100, 74232, 71
2026/07/29 15:58:16.190, 301.52, 100, 74232, 71
2026/07/29 15:58:17.227, 300.22, 100, 74232, 71
2026/07/29 15:58:18.267, 300.27, 100, 74232, 71
2026/07/29 15:58:19.305, 298.52, 100, 74232, 71
2026/07/29 15:58:20.344, 299.28, 100, 74232, 71
2026/07/29 15:58:21.383, 308.67, 100, 74232, 71
2026/07/29 15:58:22.420, 302.57, 100, 74232, 71
2026/07/29 15:58:23.459, 304.63, 100, 74232, 71
2026/07/29 15:58:24.496, 305.61, 100, 74232, 71
2026/07/29 15:58:25.538, 304.36, 100, 74232, 71
2026/07/29 15:58:26.575, 294.13, 100, 74232, 71
2026/07/29 15:58:27.612, 298.41, 100, 74232, 71
2026/07/29 15:58:28.650, 298.90, 100, 74232, 71
2026/07/29 15:58:29.687, 296.57, 100, 74232, 71
2026/07/29 15:58:30.724, 293.86, 100, 74232, 71
2026/07/29 15:58:31.761, 297.83, 100, 74232, 71
2026/07/29 15:58:32.799, 297.74, 100, 74232, 71
2026/07/29 15:58:33.837, 298.03, 100, 74232, 71
2026/07/29 15:58:34.875, 297.92, 100, 74232, 71
2026/07/29 15:58:35.913, 293.85, 100, 74232, 71
2026/07/29 15:58:36.951, 305.48, 100, 74232, 71
2026/07/29 15:58:37.990, 304.80, 100, 74232, 71
2026/07/29 15:58:39.028, 297.83, 100, 74232, 71
2026/07/29 15:58:40.066, 295.57, 100, 74232, 71
2026/07/29 15:58:41.104, 297.73, 100, 74232, 71
2026/07/29 15:58:42.142, 299.89, 100, 74232, 71
2026/07/29 15:58:43.180, 295.32, 100, 74232, 71
2026/07/29 15:58:44.217, 297.04, 100, 74232, 71
2026/07/29 15:58:45.256, 292.01, 100, 74232, 71
2026/07/29 15:58:46.294, 292.48, 100, 74232, 71
2026/07/29 15:58:47.332, 295.77, 100, 74232, 71
2026/07/29 15:58:48.369, 294.91, 100, 74232, 71
2026/07/29 15:58:49.406, 289.94, 100, 74232, 71
2026/07/29 15:58:50.444, 291.42, 100, 74232, 71
2026/07/29 15:58:51.482, 292.19, 100, 74232, 71
2026/07/29 15:58:52.520, 294.34, 100, 74232, 71
2026/07/29 15:58:53.558, 295.12, 100, 74232, 71
2026/07/29 15:58:54.597, 290.63, 100, 74232, 73
2026/07/29 15:58:55.633, 298.19, 100, 74232, 73
2026/07/29 15:58:56.670, 276.69, 100, 74232, 73
2026/07/29 15:58:57.706, 287.01, 100, 74232, 73
2026/07/29 15:58:58.741, 281.72, 100, 74232, 73
2026/07/29 15:58:59.779, 308.51, 100, 74232, 73
2026/07/29 15:59:00.820, 285.79, 100, 74232, 71
2026/07/29 15:59:01.858, 289.56, 100, 74232, 71
2026/07/29 15:59:02.899, 292.17, 100, 74232, 71
2026/07/29 15:59:03.940, 291.32, 100, 74232, 71
2026/07/29 15:59:04.978, 290.13, 100, 74232, 71
2026/07/29 15:59:06.018, 292.19, 100, 74232, 71
2026/07/29 15:59:07.055, 290.43, 100, 74232, 71
2026/07/29 15:59:08.092, 297.34, 100, 74232, 71
2026/07/29 15:59:09.129, 291.49, 100, 74232, 71
2026/07/29 15:59:10.166, 299.18, 100, 74232, 72
2026/07/29 15:59:11.204, 99.12, 55, 74232, 69
2026/07/29 15:59:12.237, 301.15, 100, 74232, 73
2026/07/29 15:59:13.274, 293.45, 100, 74232, 73
2026/07/29 15:59:14.310, 282.76, 100, 74232, 73
2026/07/29 15:59:15.345, 305.96, 100, 74232, 73
2026/07/29 15:59:16.381, 288.79, 100, 74232, 73
2026/07/29 15:59:17.421, 286.33, 100, 74232, 73
2026/07/29 15:59:18.456, 305.60, 100, 74232, 71
2026/07/29 15:59:19.493, 301.42, 100, 74232, 71
2026/07/29 15:59:20.532, 305.90, 100, 74232, 71
2026/07/29 15:59:21.571, 300.05, 100, 74232, 71
2026/07/29 15:59:22.609, 301.72, 100, 74232, 72
2026/07/29 15:59:23.648, 306.46, 100, 74232, 72
2026/07/29 15:59:24.685, 301.21, 100, 74232, 72
2026/07/29 15:59:25.724, 296.85, 100, 74232, 72
2026/07/29 15:59:26.761, 300.45, 100, 74232, 72
2026/07/29 15:59:27.799, 309.36, 100, 74232, 72
2026/07/29 15:59:28.836, 294.92, 100, 74232, 72
2026/07/29 15:59:29.874, 97.29, 7, 74232, 70
2026/07/29 15:59:30.908, 291.33, 100, 74232, 73
2026/07/29 15:59:31.942, 306.05, 100, 74232, 73
2026/07/29 15:59:32.982, 308.34, 100, 74232, 73
2026/07/29 15:59:34.018, 283.58, 100, 74232, 73
2026/07/29 15:59:35.057, 296.74, 100, 74232, 73
2026/07/29 15:59:36.099, 309.50, 100, 74232, 73
2026/07/29 15:59:37.135, 306.17, 100, 74232, 71
2026/07/29 15:59:38.171, 298.13, 100, 74232, 71
2026/07/29 15:59:39.209, 298.80, 100, 74232, 71
2026/07/29 15:59:40.247, 97.06, 0, 74232, 68
2026/07/29 15:59:41.279, 301.30, 100, 74232, 73
2026/07/29 15:59:42.318, 308.04, 100, 74232, 73
2026/07/29 15:59:43.356, 296.92, 100, 74232, 73
2026/07/29 15:59:44.390, 303.25, 100, 74232, 73
2026/07/29 15:59:45.426, 266.18, 100, 74232, 73
2026/07/29 15:59:46.461, 271.68, 100, 74232, 73
2026/07/29 15:59:47.498, 307.33, 100, 74232, 72
2026/07/29 15:59:48.536, 305.18, 100, 74232, 72
2026/07/29 15:59:49.574, 306.55, 100, 74232, 72
2026/07/29 15:59:50.611, 291.49, 100, 74232, 72
2026/07/29 15:59:51.649, 304.12, 100, 74232, 72
2026/07/29 15:59:52.686, 97.46, 0, 74232, 68
2026/07/29 15:59:53.719, 302.20, 100, 74232, 73
2026/07/29 15:59:54.755, 283.46, 100, 74232, 73
2026/07/29 15:59:55.790, 288.79, 100, 74232, 73
2026/07/29 15:59:56.828, 307.44, 100, 74232, 73
2026/07/29 15:59:57.863, 279.35, 100, 74232, 73
2026/07/29 15:59:58.902, 303.25, 100, 74232, 73
2026/07/29 15:59:59.942, 305.87, 100, 74232, 72
2026/07/29 16:00:00.980, 307.95, 100, 74232, 72
2026/07/29 16:00:02.017, 299.76, 100, 74232, 72
2026/07/29 16:00:03.055, 299.17, 100, 74232, 72
2026/07/29 16:00:04.092, 301.04, 100, 74232, 72
2026/07/29 16:00:05.130, 297.84, 100, 74232, 72
2026/07/29 16:00:06.167, 297.74, 100, 74232, 72
2026/07/29 16:00:07.205, 300.55, 100, 74232, 72
2026/07/29 16:00:08.243, 300.74, 100, 74232, 72
2026/07/29 16:00:09.286, 300.15, 100, 74232, 72
2026/07/29 16:00:10.328, 307.02, 100, 74232, 72
2026/07/29 16:00:11.366, 300.07, 100, 74232, 72
2026/07/29 16:00:12.406, 296.74, 100, 74232, 72
2026/07/29 16:00:13.443, 299.17, 100, 74232, 72
2026/07/29 16:00:14.482, 295.10, 100, 74232, 72
2026/07/29 16:00:15.521, 296.27, 100, 74232, 72
2026/07/29 16:00:16.560, 300.63, 100, 74232, 72
2026/07/29 16:00:17.597, 300.26, 100, 74232, 72
2026/07/29 16:00:18.634, 297.34, 100, 74232, 72
2026/07/29 16:00:19.671, 297.13, 100, 74232, 72
2026/07/29 16:00:20.709, 98.15, 0, 74232, 68
2026/07/29 16:00:21.742, 95.14, 0, 74232, 67
2026/07/29 16:00:22.775, 95.53, 0, 74232, 67
2026/07/29 16:00:23.807, 94.73, 0, 74232, 66
2026/07/29 16:00:24.842, 94.11, 0, 74232, 66
2026/07/29 16:00:25.875, 93.19, 0, 74232, 65
2026/07/29 16:00:26.907, 92.56, 0, 74232, 65
2026/07/29 16:00:27.940, 91.01, 0, 74232, 64
2026/07/29 16:00:28.972, 91.27, 0, 74232, 64
2026/07/29 16:00:30.004, 91.22, 0, 74232, 63
2026/07/29 16:00:31.036, 89.53, 0, 74232, 63
2026/07/29 16:00:32.068, 88.60, 0, 74232, 63
2026/07/29 16:00:33.100, 88.91, 0, 74232, 62
2026/07/29 16:00:34.132, 88.63, 0, 74232, 62
2026/07/29 16:00:35.163, 87.87, 0, 74232, 62
2026/07/29 16:00:36.196, 87.35, 0, 74232, 61
2026/07/29 16:00:37.227, 87.52, 0, 74232, 61
2026/07/29 16:00:38.260, 86.60, 0, 74232, 61
2026/07/29 16:00:39.292, 86.82, 0, 74232, 60
2026/07/29 16:00:40.324, 86.44, 0, 74232, 60
2026/07/29 16:00:41.354, 86.10, 0, 74232, 60
2026/07/29 16:00:42.388, 85.80, 0, 74232, 59
2026/07/29 16:00:43.417, 85.64, 0, 74232, 59
2026/07/29 16:00:44.448, 85.11, 0, 74232, 59
2026/07/29 16:00:45.863, 290.73, 100, 74232, 64
2026/07/29 16:00:46.899, 309.29, 100, 74232, 64
2026/07/29 16:00:47.933, 294.73, 100, 74232, 65
2026/07/29 16:00:48.968, 297.39, 100, 74232, 65
2026/07/29 16:00:50.004, 305.13, 100, 74232, 65
2026/07/29 16:00:51.041, 299.88, 100, 74232, 64
2026/07/29 16:00:52.078, 306.95, 100, 74232, 64
2026/07/29 16:00:53.116, 298.02, 100, 74232, 64
2026/07/29 16:00:54.152, 298.90, 100, 74232, 64
2026/07/29 16:00:55.188, 303.64, 100, 74232, 64
2026/07/29 16:00:56.225, 300.05, 100, 74232, 65
2026/07/29 16:00:57.266, 330.08, 100, 74232, 67
2026/07/29 16:00:58.300, 307.80, 100, 74232, 67
2026/07/29 16:00:59.342, 302.39, 100, 74232, 67
2026/07/29 16:01:00.375, 302.25, 100, 74232, 67
2026/07/29 16:01:01.411, 287.73, 100, 74232, 68
2026/07/29 16:01:02.447, 292.86, 100, 74232, 66
2026/07/29 16:01:03.483, 303.83, 100, 74232, 66
2026/07/29 16:01:04.524, 305.67, 100, 74232, 66
2026/07/29 16:01:05.561, 298.97, 100, 74232, 66
2026/07/29 16:01:06.601, 281.57, 100, 74232, 68
2026/07/29 16:01:07.663, 298.92, 100, 74232, 69
2026/07/29 16:01:08.696, 306.36, 100, 74232, 68
2026/07/29 16:01:09.732, 304.35, 100, 74232, 69
2026/07/29 16:01:10.767, 307.85, 100, 74232, 69
2026/07/29 16:01:11.805, 305.27, 100, 74232, 67
2026/07/29 16:01:12.841, 308.25, 100, 74232, 68
2026/07/29 16:01:13.878, 301.42, 100, 74232, 68
2026/07/29 16:01:14.916, 307.61, 100, 74232, 68
2026/07/29 16:01:15.953, 311.82, 100, 74232, 68
2026/07/29 16:01:16.990, 300.64, 100, 74232, 68
2026/07/29 16:01:18.028, 299.77, 100, 74232, 68
2026/07/29 16:01:19.063, 314.96, 100, 74232, 68
2026/07/29 16:01:20.099, 302.89, 100, 74232, 70
2026/07/29 16:01:21.134, 294.64, 100, 74232, 70
2026/07/29 16:01:22.171, 302.10, 100, 74232, 70
2026/07/29 16:01:23.206, 300.90, 100, 74232, 70
2026/07/29 16:01:24.240, 283.08, 100, 74232, 70
2026/07/29 16:01:25.280, 288.81, 100, 74232, 69
2026/07/29 16:01:26.315, 294.32, 100, 74232, 69
2026/07/29 16:01:27.353, 300.63, 100, 74232, 69
2026/07/29 16:01:28.388, 302.97, 100, 74232, 69
2026/07/29 16:01:29.425, 291.99, 100, 74232, 69
2026/07/29 16:01:30.461, 292.58, 100, 74232, 69
2026/07/29 16:01:31.497, 299.48, 100, 74232, 69
2026/07/29 16:01:32.538, 294.81, 100, 74232, 70
2026/07/29 16:01:33.575, 302.67, 100, 74232, 70
2026/07/29 16:01:34.615, 305.30, 100, 74232, 70
2026/07/29 16:01:35.653, 301.04, 100, 74232, 70
2026/07/29 16:01:36.690, 296.78, 100, 74232, 70
2026/07/29 16:01:37.727, 290.41, 100, 74232, 70
2026/07/29 16:01:38.764, 288.99, 100, 74232, 70
2026/07/29 16:01:39.801, 311.11, 100, 74232, 70
2026/07/29 16:01:40.839, 299.89, 100, 74232, 70
2026/07/29 16:01:41.875, 299.10, 100, 74232, 70
2026/07/29 16:01:42.912, 293.46, 100, 74232, 70
2026/07/29 16:01:43.949, 300.06, 100, 74232, 70
2026/07/29 16:01:44.986, 296.64, 100, 74232, 70
2026/07/29 16:01:46.026, 295.30, 100, 74232, 70
2026/07/29 16:01:47.062, 304.52, 100, 74232, 70
2026/07/29 16:01:48.099, 302.38, 100, 74232, 70
2026/07/29 16:01:49.136, 305.24, 100, 74232, 70
2026/07/29 16:01:50.172, 308.97, 100, 74232, 70
2026/07/29 16:01:51.210, 303.77, 100, 74232, 70
2026/07/29 16:01:52.247, 303.85, 100, 74232, 70
2026/07/29 16:01:53.286, 306.44, 100, 74232, 70
2026/07/29 16:01:54.323, 303.27, 100, 74232, 70
2026/07/29 16:01:55.360, 297.35, 100, 74232, 70
2026/07/29 16:01:56.396, 299.27, 100, 74232, 70
2026/07/29 16:01:57.432, 299.93, 100, 74232, 70
2026/07/29 16:01:58.469, 300.64, 100, 74232, 70
2026/07/29 16:01:59.505, 302.28, 100, 74232, 70
2026/07/29 16:02:00.544, 298.80, 100, 74232, 70
2026/07/29 16:02:01.580, 302.28, 100, 74232, 70
2026/07/29 16:02:02.617, 302.29, 100, 74232, 70
2026/07/29 16:02:03.654, 300.34, 100, 74232, 70
2026/07/29 16:02:04.691, 303.76, 100, 74232, 70
2026/07/29 16:02:05.726, 302.42, 100, 74232, 70
2026/07/29 16:02:06.763, 299.68, 100, 74232, 70
2026/07/29 16:02:07.799, 302.69, 100, 74232, 70
2026/07/29 16:02:08.836, 302.22, 100, 74232, 70
2026/07/29 16:02:09.874, 294.89, 100, 74232, 70
2026/07/29 16:02:10.911, 298.13, 100, 74232, 70
2026/07/29 16:02:11.948, 300.33, 100, 74232, 70
2026/07/29 16:02:12.984, 298.99, 100, 74232, 70
2026/07/29 16:02:14.020, 298.51, 100, 74232, 70
2026/07/29 16:02:15.056, 302.09, 100, 74232, 70
2026/07/29 16:02:16.094, 295.76, 100, 74232, 70
2026/07/29 16:02:17.131, 297.45, 100, 74232, 70
2026/07/29 16:02:18.168, 301.79, 100, 74232, 70
2026/07/29 16:02:19.206, 301.78, 100, 74232, 70
2026/07/29 16:02:20.245, 303.75, 100, 74232, 70
2026/07/29 16:02:21.281, 303.86, 100, 74232, 70
2026/07/29 16:02:22.318, 305.48, 100, 74232, 70
2026/07/29 16:02:23.355, 303.73, 100, 74232, 70
2026/07/29 16:02:24.391, 298.21, 100, 74232, 70
2026/07/29 16:02:25.427, 298.79, 100, 74232, 70
2026/07/29 16:02:26.464, 299.95, 100, 74232, 70
2026/07/29 16:02:27.501, 302.21, 100, 74232, 70
2026/07/29 16:02:28.539, 292.19, 100, 74232, 70
2026/07/29 16:02:29.576, 290.63, 100, 74232, 70
2026/07/29 16:02:30.619, 295.49, 100, 74232, 70
2026/07/29 16:02:31.656, 294.99, 100, 74232, 70
2026/07/29 16:02:32.694, 296.85, 100, 74232, 70
2026/07/29 16:02:33.731, 297.17, 100, 74232, 70
2026/07/29 16:02:34.769, 295.49, 100, 74232, 70
2026/07/29 16:02:35.805, 296.47, 100, 74232, 70
2026/07/29 16:02:36.842, 291.24, 100, 74232, 70
2026/07/29 16:02:37.879, 291.62, 100, 74232, 70
2026/07/29 16:02:38.917, 302.98, 100, 74232, 70
2026/07/29 16:02:39.954, 298.69, 100, 74232, 70
2026/07/29 16:02:40.991, 293.35, 100, 74232, 70
2026/07/29 16:02:42.027, 300.45, 100, 74232, 70
2026/07/29 16:02:43.063, 296.46, 100, 74232, 70
2026/07/29 16:02:44.100, 294.81, 100, 74232, 70
2026/07/29 16:02:45.137, 295.67, 100, 74232, 70
2026/07/29 16:02:46.173, 296.18, 100, 74232, 70
2026/07/29 16:02:47.209, 297.82, 100, 74232, 70
2026/07/29 16:02:48.245, 298.03, 100, 74232, 70
2026/07/29 16:02:49.283, 299.88, 100, 74232, 70
2026/07/29 16:02:50.320, 305.49, 100, 74232, 70
2026/07/29 16:02:51.356, 300.21, 100, 74232, 70
2026/07/29 16:02:52.392, 305.17, 100, 74232, 70
2026/07/29 16:02:53.428, 299.95, 100, 74232, 70
2026/07/29 16:02:54.464, 301.34, 100, 74232, 70
2026/07/29 16:02:55.505, 246.01, 100, 74232, 70
2026/07/29 16:02:56.544, 286.34, 100, 74232, 70
2026/07/29 16:02:57.582, 293.84, 100, 74232, 70
2026/07/29 16:02:58.620, 294.99, 100, 74232, 70
2026/07/29 16:02:59.657, 295.50, 100, 74232, 70
2026/07/29 16:03:00.694, 296.48, 100, 74232, 70
2026/07/29 16:03:01.730, 298.15, 100, 74232, 70
2026/07/29 16:03:02.769, 298.60, 100, 74232, 70
2026/07/29 16:03:03.805, 292.86, 100, 74232, 70
2026/07/29 16:03:04.848, 296.37, 100, 74232, 70
2026/07/29 16:03:05.886, 293.74, 100, 74232, 70
2026/07/29 16:03:06.924, 303.83, 100, 74232, 71
2026/07/29 16:03:07.961, 302.72, 100, 74232, 71
2026/07/29 16:03:08.998, 299.08, 100, 74232, 71
2026/07/29 16:03:10.035, 303.07, 100, 74232, 71
2026/07/29 16:03:11.073, 299.29, 100, 74232, 71
2026/07/29 16:03:12.110, 293.48, 100, 74232, 71
2026/07/29 16:03:13.146, 295.10, 100, 74232, 71
2026/07/29 16:03:14.182, 295.79, 100, 74232, 71
2026/07/29 16:03:15.219, 300.47, 100, 74232, 71
2026/07/29 16:03:16.257, 298.88, 100, 74232, 70
2026/07/29 16:03:17.294, 300.26, 100, 74232, 71
2026/07/29 16:03:18.330, 298.12, 100, 74232, 71
2026/07/29 16:03:19.368, 303.25, 100, 74232, 71
2026/07/29 16:03:20.406, 303.36, 100, 74232, 71
2026/07/29 16:03:21.442, 300.25, 100, 74232, 70
2026/07/29 16:03:22.480, 303.97, 100, 74232, 71
2026/07/29 16:03:23.518, 298.79, 100, 74232, 70
2026/07/29 16:03:24.558, 301.98, 100, 74232, 70
2026/07/29 16:03:25.594, 296.76, 100, 74232, 70
2026/07/29 16:03:26.631, 302.39, 100, 74232, 70
2026/07/29 16:03:27.668, 302.28, 100, 74232, 70
2026/07/29 16:03:28.705, 304.23, 100, 74232, 70
2026/07/29 16:03:29.742, 302.80, 100, 74232, 70
2026/07/29 16:03:30.778, 304.63, 100, 74232, 70
2026/07/29 16:03:31.815, 304.14, 100, 74232, 70
2026/07/29 16:03:32.854, 302.23, 100, 74232, 70
2026/07/29 16:03:33.892, 303.74, 100, 74232, 70
2026/07/29 16:03:34.938, 300.96, 100, 74232, 70
2026/07/29 16:03:35.976, 292.70, 100, 74232, 70
2026/07/29 16:03:37.013, 292.85, 100, 74232, 70
2026/07/29 16:03:38.052, 289.95, 100, 74232, 70
2026/07/29 16:03:39.090, 294.51, 100, 74232, 70
2026/07/29 16:03:40.130, 298.22, 100, 74232, 70
2026/07/29 16:03:41.169, 295.88, 100, 74232, 70
2026/07/29 16:03:42.206, 304.18, 100, 74232, 71
2026/07/29 16:03:43.242, 302.48, 100, 74232, 71
2026/07/29 16:03:44.279, 296.29, 100, 74232, 70
2026/07/29 16:03:45.316, 302.68, 100, 74232, 71
2026/07/29 16:03:46.355, 304.26, 100, 74232, 71
2026/07/29 16:03:47.392, 302.48, 100, 74232, 70
2026/07/29 16:03:48.432, 292.56, 100, 74232, 70
2026/07/29 16:03:49.468, 304.41, 100, 74232, 71
2026/07/29 16:03:50.504, 301.52, 100, 74232, 71
2026/07/29 16:03:51.541, 300.34, 100, 74232, 71
2026/07/29 16:03:52.577, 299.93, 100, 74232, 71
2026/07/29 16:03:53.613, 296.65, 100, 74232, 71
2026/07/29 16:03:54.649, 296.26, 100, 74232, 70
2026/07/29 16:03:55.685, 303.34, 100, 74232, 71
2026/07/29 16:03:56.723, 295.79, 100, 74232, 71
2026/07/29 16:03:57.759, 296.47, 100, 74232, 71
2026/07/29 16:03:58.798, 297.93, 100, 74232, 71
2026/07/29 16:03:59.834, 294.91, 100, 74232, 71
2026/07/29 16:04:00.875, 296.65, 100, 74232, 71
2026/07/29 16:04:01.912, 303.94, 100, 74232, 71
2026/07/29 16:04:02.950, 297.13, 100, 74232, 71
2026/07/29 16:04:03.987, 303.84, 100, 74232, 71
2026/07/29 16:04:05.028, 301.51, 100, 74232, 71
2026/07/29 16:04:06.066, 299.95, 100, 74232, 71
2026/07/29 16:04:07.103, 295.38, 100, 74232, 71
2026/07/29 16:04:08.140, 296.65, 100, 74232, 71
2026/07/29 16:04:09.177, 296.39, 100, 74232, 71
2026/07/29 16:04:10.215, 301.90, 100, 74232, 71
2026/07/29 16:04:11.251, 302.20, 100, 74232, 71
2026/07/29 16:04:12.287, 303.64, 100, 74232, 71
2026/07/29 16:04:13.321, 305.43, 100, 74232, 71
2026/07/29 16:04:14.359, 305.11, 100, 74232, 71
2026/07/29 16:04:15.396, 302.81, 100, 74232, 71
2026/07/29 16:04:16.433, 302.13, 100, 74232, 71
2026/07/29 16:04:17.469, 302.30, 100, 74232, 71
2026/07/29 16:04:18.505, 292.66, 100, 74232, 71
2026/07/29 16:04:19.543, 299.38, 100, 74232, 71
2026/07/29 16:04:20.579, 301.03, 100, 74232, 71
2026/07/29 16:04:21.618, 300.05, 100, 74232, 71
2026/07/29 16:04:22.654, 301.72, 100, 74232, 71
2026/07/29 16:04:23.690, 297.08, 100, 74232, 71
2026/07/29 16:04:24.727, 288.68, 100, 74232, 71
2026/07/29 16:04:25.764, 298.68, 100, 74232, 71
2026/07/29 16:04:26.800, 297.62, 100, 74232, 71
2026/07/29 16:04:27.838, 301.02, 100, 74232, 71
2026/07/29 16:04:28.875, 293.35, 100, 74232, 71
2026/07/29 16:04:29.913, 291.51, 96, 74232, 72
2026/07/29 16:04:30.950, 310.05, 100, 74232, 72
2026/07/29 16:04:31.985, 297.34, 100, 74232, 71
2026/07/29 16:04:33.022, 293.64, 100, 74232, 71
2026/07/29 16:04:34.059, 297.35, 100, 74232, 71
2026/07/29 16:04:35.095, 297.06, 100, 74232, 71
2026/07/29 16:04:36.133, 299.76, 100, 74232, 71
2026/07/29 16:04:37.169, 298.12, 100, 74232, 71
2026/07/29 16:04:38.206, 297.16, 100, 74232, 71
2026/07/29 16:04:39.243, 292.19, 100, 74232, 71
2026/07/29 16:04:40.282, 287.45, 100, 74232, 71
2026/07/29 16:04:41.318, 293.08, 100, 74232, 71
2026/07/29 16:04:42.357, 290.54, 100, 74232, 71
2026/07/29 16:04:43.398, 290.44, 100, 74232, 71
2026/07/29 16:04:44.436, 298.97, 100, 74232, 71
2026/07/29 16:04:45.473, 298.42, 100, 74232, 71
2026/07/29 16:04:46.515, 298.24, 100, 74232, 71
2026/07/29 16:04:47.553, 298.71, 100, 74232, 71
2026/07/29 16:04:48.591, 271.75, 100, 74232, 72
2026/07/29 16:04:49.628, 302.77, 100, 74232, 71
2026/07/29 16:04:50.667, 300.12, 100, 74232, 71
2026/07/29 16:04:51.705, 303.44, 100, 74232, 71
2026/07/29 16:04:52.742, 303.48, 100, 74232, 71
2026/07/29 16:04:53.779, 300.56, 100, 74232, 71
2026/07/29 16:04:54.816, 307.71, 100, 74232, 71
2026/07/29 16:04:55.853, 299.49, 100, 74232, 71
2026/07/29 16:04:56.890, 295.37, 100, 74232, 71
2026/07/29 16:04:57.928, 297.64, 100, 74232, 71
2026/07/29 16:04:58.965, 299.17, 100, 74232, 71
2026/07/29 16:05:00.003, 293.83, 100, 74232, 71
2026/07/29 16:05:01.041, 299.47, 100, 74232, 71
2026/07/29 16:05:02.077, 304.23, 100, 74232, 71
2026/07/29 16:05:03.115, 304.93, 100, 74232, 71
2026/07/29 16:05:04.151, 304.28, 100, 74232, 71
2026/07/29 16:05:05.188, 298.62, 100, 74232, 71
2026/07/29 16:05:06.224, 298.50, 100, 74232, 71
2026/07/29 16:05:07.263, 297.24, 100, 74232, 71
2026/07/29 16:05:08.300, 298.21, 100, 74232, 71
2026/07/29 16:05:09.335, 298.10, 100, 74232, 71
2026/07/29 16:05:10.374, 298.13, 100, 74232, 71
2026/07/29 16:05:11.415, 301.31, 100, 74232, 71
2026/07/29 16:05:12.451, 295.89, 100, 74232, 71
2026/07/29 16:05:13.486, 296.36, 100, 74232, 71
2026/07/29 16:05:14.522, 296.56, 100, 74232, 71
2026/07/29 16:05:15.564, 290.80, 100, 74232, 73
2026/07/29 16:05:16.601, 291.03, 100, 74232, 73
2026/07/29 16:05:17.640, 287.30, 100, 74232, 73
2026/07/29 16:05:18.674, 304.21, 100, 74232, 71
2026/07/29 16:05:19.711, 303.55, 100, 74232, 71
2026/07/29 16:05:20.748, 301.48, 100, 74232, 71
2026/07/29 16:05:21.785, 303.86, 100, 74232, 71
2026/07/29 16:05:22.821, 300.44, 100, 74232, 71
2026/07/29 16:05:23.859, 292.87, 100, 74232, 71
2026/07/29 16:05:24.896, 298.40, 100, 74232, 71
2026/07/29 16:05:25.936, 294.14, 100, 74232, 71
2026/07/29 16:05:26.972, 293.25, 100, 74232, 71
2026/07/29 16:05:28.009, 299.02, 100, 74232, 71
2026/07/29 16:05:29.045, 302.29, 100, 74232, 71
2026/07/29 16:05:30.088, 302.39, 100, 74232, 71
2026/07/29 16:05:31.124, 306.17, 100, 74232, 71
2026/07/29 16:05:32.161, 297.70, 100, 74232, 71
2026/07/29 16:05:33.198, 297.14, 100, 74232, 71
2026/07/29 16:05:34.236, 299.49, 100, 74232, 71
2026/07/29 16:05:35.273, 296.07, 100, 74232, 71
2026/07/29 16:05:36.309, 295.29, 100, 74232, 71
2026/07/29 16:05:37.346, 299.19, 100, 74232, 71
2026/07/29 16:05:38.383, 296.35, 100, 74232, 71
2026/07/29 16:05:39.420, 294.52, 100, 74232, 71
2026/07/29 16:05:40.457, 298.43, 100, 74232, 71
2026/07/29 16:05:41.495, 299.09, 100, 74232, 71
2026/07/29 16:05:42.532, 294.62, 100, 74232, 71
2026/07/29 16:05:43.571, 298.50, 100, 74232, 71
2026/07/29 16:05:44.608, 298.23, 100, 74232, 71
2026/07/29 16:05:45.645, 294.51, 100, 74232, 71
2026/07/29 16:05:46.682, 298.51, 100, 74232, 71
2026/07/29 16:05:47.722, 305.59, 100, 74232, 71
2026/07/29 16:05:48.758, 296.75, 100, 74232, 71
2026/07/29 16:05:49.797, 291.02, 100, 74232, 71
2026/07/29 16:05:50.834, 299.59, 100, 74232, 71
2026/07/29 16:05:51.871, 299.37, 100, 74232, 71
2026/07/29 16:05:52.910, 302.88, 100, 74232, 71
2026/07/29 16:05:53.946, 299.97, 68, 74232, 73
2026/07/29 16:05:54.984, 298.52, 100, 74232, 73
2026/07/29 16:05:56.019, 305.18, 100, 74232, 73
2026/07/29 16:05:57.054, 298.88, 100, 74232, 73
2026/07/29 16:05:58.087, 305.68, 100, 74232, 71
2026/07/29 16:05:59.124, 303.26, 100, 74232, 71
2026/07/29 16:06:00.161, 304.14, 100, 74232, 71
2026/07/29 16:06:01.199, 303.75, 100, 74232, 71
2026/07/29 16:06:02.235, 303.27, 100, 74232, 71
2026/07/29 16:06:03.273, 298.98, 100, 74232, 71
2026/07/29 16:06:04.309, 298.90, 100, 74232, 71
2026/07/29 16:06:05.346, 297.33, 100, 74232, 71
2026/07/29 16:06:06.383, 294.01, 100, 74232, 71
2026/07/29 16:06:07.423, 299.09, 100, 74232, 71
2026/07/29 16:06:08.458, 96.31, 66, 74232, 69
2026/07/29 16:06:09.493, 295.04, 100, 74232, 73
2026/07/29 16:06:10.529, 296.77, 100, 74232, 73
2026/07/29 16:06:11.564, 324.08, 100, 74232, 73
2026/07/29 16:06:12.600, 300.25, 100, 74232, 73
2026/07/29 16:06:13.634, 301.63, 100, 74232, 71
2026/07/29 16:06:14.672, 304.92, 100, 74232, 71
2026/07/29 16:06:15.709, 292.66, 100, 74232, 71
2026/07/29 16:06:16.747, 295.11, 100, 74232, 71
2026/07/29 16:06:17.783, 296.56, 100, 74232, 71
2026/07/29 16:06:18.820, 295.19, 100, 74232, 71
2026/07/29 16:06:19.859, 298.52, 100, 74232, 71
2026/07/29 16:06:20.896, 296.85, 100, 74232, 71
2026/07/29 16:06:21.933, 299.47, 100, 74232, 71
2026/07/29 16:06:22.970, 304.32, 100, 74232, 71
2026/07/29 16:06:24.007, 295.87, 100, 74232, 71
2026/07/29 16:06:25.048, 295.10, 100, 74232, 71
2026/07/29 16:06:26.084, 301.41, 100, 74232, 71
2026/07/29 16:06:27.121, 304.36, 92, 74232, 70
2026/07/29 16:06:28.153, 301.40, 100, 74232, 73
2026/07/29 16:06:29.188, 294.89, 100, 74232, 73
2026/07/29 16:06:30.222, 307.59, 100, 74232, 73
2026/07/29 16:06:31.258, 292.77, 100, 74232, 73
2026/07/29 16:06:32.294, 305.30, 100, 74232, 71
2026/07/29 16:06:33.330, 304.22, 100, 74232, 71
2026/07/29 16:06:34.367, 300.93, 100, 74232, 71
2026/07/29 16:06:35.402, 303.95, 100, 74232, 71
2026/07/29 16:06:36.439, 301.50, 100, 74232, 71
2026/07/29 16:06:37.474, 306.28, 100, 74232, 71
2026/07/29 16:06:38.512, 299.20, 100, 74232, 71
2026/07/29 16:06:39.549, 298.71, 100, 74232, 71
2026/07/29 16:06:40.587, 298.77, 100, 74232, 71
2026/07/29 16:06:41.623, 299.20, 100, 74232, 71
2026/07/29 16:06:42.660, 298.23, 100, 74232, 71
2026/07/29 16:06:43.696, 297.33, 100, 74232, 71
2026/07/29 16:06:44.734, 311.37, 99, 74232, 73
2026/07/29 16:06:45.767, 303.84, 100, 74232, 73
2026/07/29 16:06:46.802, 292.58, 100, 74232, 73
2026/07/29 16:06:47.838, 308.31, 100, 74232, 73
2026/07/29 16:06:48.872, 276.49, 100, 74232, 71
2026/07/29 16:06:49.910, 294.05, 100, 74232, 71
2026/07/29 16:06:50.953, 294.43, 100, 74232, 71
2026/07/29 16:06:51.990, 296.45, 100, 74232, 71
2026/07/29 16:06:53.027, 306.45, 100, 74232, 71
2026/07/29 16:06:54.063, 303.94, 100, 74232, 71
2026/07/29 16:06:55.100, 303.66, 100, 74232, 71
2026/07/29 16:06:56.137, 305.41, 100, 74232, 71
2026/07/29 16:06:57.174, 304.90, 100, 74232, 71
2026/07/29 16:06:58.211, 303.66, 100, 74232, 71
2026/07/29 16:06:59.250, 293.17, 100, 74232, 71
2026/07/29 16:07:00.289, 296.16, 100, 74232, 71
2026/07/29 16:07:01.329, 298.62, 100, 74232, 71
2026/07/29 16:07:02.365, 298.19, 100, 74232, 71
2026/07/29 16:07:03.402, 299.20, 100, 74232, 71
2026/07/29 16:07:04.439, 298.62, 100, 74232, 71
2026/07/29 16:07:05.476, 304.73, 100, 74232, 71
2026/07/29 16:07:06.512, 298.80, 100, 74232, 71
2026/07/29 16:07:07.549, 295.90, 100, 74232, 71
2026/07/29 16:07:08.585, 299.48, 100, 74232, 71
2026/07/29 16:07:09.622, 298.51, 100, 74232, 71
2026/07/29 16:07:10.659, 299.48, 100, 74232, 71
2026/07/29 16:07:11.695, 298.59, 100, 74232, 71
2026/07/29 16:07:12.730, 296.26, 100, 74232, 71
2026/07/29 16:07:13.767, 297.52, 100, 74232, 71
2026/07/29 16:07:14.804, 295.12, 100, 74232, 71
2026/07/29 16:07:15.841, 299.20, 100, 74232, 71
2026/07/29 16:07:16.878, 296.08, 100, 74232, 71
2026/07/29 16:07:17.916, 306.08, 100, 74232, 71
2026/07/29 16:07:18.955, 304.03, 100, 74232, 71
2026/07/29 16:07:19.992, 299.19, 100, 74232, 71
2026/07/29 16:07:21.029, 294.42, 100, 74232, 71
2026/07/29 16:07:22.067, 295.09, 100, 74232, 71
2026/07/29 16:07:23.104, 305.57, 100, 74232, 71
2026/07/29 16:07:24.142, 300.93, 100, 74232, 71
2026/07/29 16:07:25.179, 305.59, 100, 74232, 71
2026/07/29 16:07:26.215, 301.62, 100, 74232, 71
2026/07/29 16:07:27.252, 306.08, 100, 74232, 71
2026/07/29 16:07:28.290, 303.62, 100, 74232, 71
2026/07/29 16:07:29.328, 305.82, 100, 74232, 71
2026/07/29 16:07:30.368, 296.64, 100, 74232, 71
2026/07/29 16:07:31.405, 298.73, 100, 74232, 71
2026/07/29 16:07:32.443, 304.52, 100, 74232, 71
2026/07/29 16:07:33.479, 296.85, 100, 74232, 71
2026/07/29 16:07:34.519, 297.72, 100, 74232, 71
2026/07/29 16:07:35.556, 297.03, 100, 74232, 71
2026/07/29 16:07:36.602, 298.23, 100, 74232, 71
2026/07/29 16:07:37.639, 293.27, 100, 74232, 71
2026/07/29 16:07:38.676, 298.61, 100, 74232, 71
2026/07/29 16:07:39.713, 296.18, 100, 74232, 71
2026/07/29 16:07:40.750, 298.31, 100, 74232, 71
2026/07/29 16:07:41.789, 297.03, 100, 74232, 71
2026/07/29 16:07:42.826, 298.61, 100, 74232, 71
2026/07/29 16:07:43.866, 295.70, 100, 74232, 71
2026/07/29 16:07:44.904, 298.23, 100, 74232, 71
2026/07/29 16:07:45.944, 300.74, 100, 74232, 71
2026/07/29 16:07:46.981, 305.30, 100, 74232, 71
2026/07/29 16:07:48.018, 299.88, 100, 74232, 71
2026/07/29 16:07:49.056, 306.12, 100, 74232, 71
2026/07/29 16:07:50.092, 296.86, 100, 74232, 71
2026/07/29 16:07:51.129, 298.68, 100, 74232, 71
2026/07/29 16:07:52.166, 303.95, 100, 74232, 71
2026/07/29 16:07:53.204, 295.68, 100, 74232, 71
2026/07/29 16:07:54.241, 302.77, 100, 74232, 71
2026/07/29 16:07:55.286, 304.70, 100, 74232, 71
2026/07/29 16:07:56.325, 303.27, 100, 74232, 71
2026/07/29 16:07:57.363, 305.81, 100, 74232, 71
2026/07/29 16:07:58.400, 296.84, 100, 74232, 71
2026/07/29 16:07:59.437, 309.42, 100, 74232, 71
2026/07/29 16:08:00.475, 303.63, 100, 74232, 71
2026/07/29 16:08:01.512, 295.11, 100, 74232, 71
2026/07/29 16:08:02.550, 303.46, 100, 74232, 71
2026/07/29 16:08:03.587, 294.84, 100, 74232, 71
2026/07/29 16:08:04.624, 297.25, 100, 74232, 71
2026/07/29 16:08:05.663, 299.56, 100, 74232, 71
2026/07/29 16:08:06.699, 299.38, 100, 74232, 71
2026/07/29 16:08:07.739, 300.32, 100, 74232, 71
2026/07/29 16:08:08.776, 298.12, 100, 74232, 71
2026/07/29 16:08:09.813, 294.14, 100, 74232, 71
2026/07/29 16:08:10.850, 298.22, 100, 74232, 71
2026/07/29 16:08:11.887, 296.96, 100, 74232, 71
2026/07/29 16:08:12.924, 302.32, 100, 74232, 71
2026/07/29 16:08:13.961, 294.42, 100, 74232, 71
2026/07/29 16:08:15.000, 296.48, 100, 74232, 71
2026/07/29 16:08:16.036, 293.17, 100, 74232, 71
2026/07/29 16:08:17.076, 292.79, 100, 74232, 71
2026/07/29 16:08:18.113, 295.68, 100, 74232, 71
2026/07/29 16:08:19.153, 294.34, 100, 74232, 71
2026/07/29 16:08:20.194, 298.13, 100, 74232, 71
2026/07/29 16:08:21.231, 291.03, 100, 74232, 71
2026/07/29 16:08:22.269, 297.25, 100, 74232, 71
2026/07/29 16:08:23.306, 299.56, 100, 74232, 71
2026/07/29 16:08:24.347, 295.21, 100, 74232, 71
2026/07/29 16:08:25.383, 298.51, 100, 74232, 71
2026/07/29 16:08:26.423, 303.16, 100, 74232, 71
2026/07/29 16:08:27.461, 305.91, 100, 74232, 71
2026/07/29 16:08:28.498, 301.60, 100, 74232, 71
2026/07/29 16:08:29.536, 297.72, 100, 74232, 71
2026/07/29 16:08:30.576, 299.95, 100, 74232, 71
2026/07/29 16:08:31.619, 298.68, 100, 74232, 71
2026/07/29 16:08:32.657, 294.32, 100, 74232, 71
2026/07/29 16:08:33.694, 297.91, 100, 74232, 71
2026/07/29 16:08:34.731, 298.21, 100, 74232, 71
2026/07/29 16:08:35.768, 297.62, 100, 74232, 71
2026/07/29 16:08:36.806, 291.70, 100, 74232, 71
2026/07/29 16:08:37.845, 296.17, 100, 74232, 71
2026/07/29 16:08:38.883, 298.81, 100, 74232, 71
2026/07/29 16:08:39.922, 297.34, 100, 74232, 71
2026/07/29 16:08:40.960, 297.53, 100, 74232, 71
2026/07/29 16:08:41.999, 294.53, 100, 74232, 71
2026/07/29 16:08:43.037, 298.22, 100, 74232, 71
2026/07/29 16:08:44.074, 299.01, 100, 74232, 71
2026/07/29 16:08:45.110, 296.56, 100, 74232, 71
2026/07/29 16:08:46.147, 293.83, 100, 74232, 71
2026/07/29 16:08:47.183, 302.97, 100, 74232, 71
2026/07/29 16:08:48.219, 301.63, 100, 74232, 71
2026/07/29 16:08:49.256, 300.06, 100, 74232, 71
2026/07/29 16:08:50.293, 305.78, 100, 74232, 71
2026/07/29 16:08:51.329, 297.05, 100, 74232, 71
2026/07/29 16:08:52.367, 296.96, 100, 74232, 71
2026/07/29 16:08:53.408, 293.06, 100, 74232, 71
2026/07/29 16:08:54.446, 302.28, 100, 74232, 71
2026/07/29 16:08:55.482, 298.91, 100, 74232, 71
2026/07/29 16:08:56.524, 295.70, 100, 74232, 71
2026/07/29 16:08:57.562, 303.84, 100, 74232, 71
2026/07/29 16:08:58.599, 300.63, 100, 74232, 71
2026/07/29 16:08:59.636, 304.35, 100, 74232, 71
2026/07/29 16:09:00.674, 302.70, 100, 74232, 71
2026/07/29 16:09:01.712, 303.84, 100, 74232, 71
2026/07/29 16:09:02.749, 300.64, 100, 74232, 71
2026/07/29 16:09:03.786, 301.14, 100, 74232, 71
2026/07/29 16:09:04.823, 303.27, 100, 74232, 71
2026/07/29 16:09:05.859, 293.65, 100, 74232, 71
2026/07/29 16:09:06.903, 297.73, 100, 74232, 71
2026/07/29 16:09:07.939, 301.04, 100, 74232, 71
2026/07/29 16:09:08.975, 304.81, 100, 74232, 71
2026/07/29 16:09:10.013, 299.46, 100, 74232, 71
2026/07/29 16:09:11.050, 304.50, 100, 74232, 71
2026/07/29 16:09:12.088, 297.55, 100, 74232, 71
2026/07/29 16:09:13.126, 304.80, 100, 74232, 71
2026/07/29 16:09:14.163, 302.51, 100, 74232, 71
2026/07/29 16:09:15.202, 303.97, 100, 74232, 71
2026/07/29 16:09:16.239, 299.29, 100, 74232, 71
2026/07/29 16:09:17.280, 304.82, 100, 74232, 71
2026/07/29 16:09:18.316, 297.63, 100, 74232, 71
2026/07/29 16:09:19.353, 296.05, 100, 74232, 71
2026/07/29 16:09:20.389, 298.22, 100, 74232, 71
2026/07/29 16:09:21.425, 298.51, 100, 74232, 71
2026/07/29 16:09:22.461, 296.84, 100, 74232, 71
2026/07/29 16:09:23.499, 293.94, 100, 74232, 71
2026/07/29 16:09:24.540, 297.34, 100, 74232, 71
2026/07/29 16:09:25.579, 301.22, 100, 74232, 71
2026/07/29 16:09:26.616, 303.82, 100, 74232, 71
2026/07/29 16:09:27.655, 308.48, 100, 74232, 71
2026/07/29 16:09:28.692, 293.83, 100, 74232, 71
2026/07/29 16:09:29.733, 297.81, 100, 74232, 71
2026/07/29 16:09:30.772, 294.34, 100, 74232, 71
2026/07/29 16:09:31.808, 295.77, 100, 74232, 71
2026/07/29 16:09:32.846, 298.81, 100, 74232, 71
2026/07/29 16:09:33.883, 296.37, 100, 74232, 71
2026/07/29 16:09:34.920, 296.85, 100, 74232, 71
2026/07/29 16:09:35.957, 298.13, 100, 74232, 71
2026/07/29 16:09:36.997, 296.93, 100, 74232, 71
2026/07/29 16:09:38.034, 297.03, 100, 74232, 71
2026/07/29 16:09:39.073, 294.52, 100, 74232, 71
2026/07/29 16:09:40.111, 293.06, 100, 74232, 71
2026/07/29 16:09:41.149, 295.48, 100, 74232, 71
2026/07/29 16:09:42.186, 296.95, 100, 74232, 71
2026/07/29 16:09:43.225, 298.32, 100, 74232, 71
2026/07/29 16:09:44.264, 298.32, 100, 74232, 71
2026/07/29 16:09:45.302, 297.71, 100, 74232, 71
2026/07/29 16:09:46.492, 298.80, 100, 74232, 71
2026/07/29 16:09:47.533, 298.61, 100, 74232, 71
2026/07/29 16:09:48.571, 298.62, 100, 74232, 71
2026/07/29 16:09:49.610, 297.82, 100, 74232, 71
2026/07/29 16:09:50.654, 293.33, 100, 74232, 71
2026/07/29 16:09:51.692, 296.76, 100, 74232, 71
2026/07/29 16:09:52.730, 305.09, 100, 74232, 71
2026/07/29 16:09:53.769, 295.18, 100, 74232, 71
2026/07/29 16:09:54.806, 298.59, 100, 74232, 71
2026/07/29 16:09:55.845, 294.13, 100, 74232, 71
2026/07/29 16:09:56.882, 297.62, 100, 74232, 71
2026/07/29 16:09:57.923, 298.41, 100, 74232, 71
2026/07/29 16:09:58.963, 296.84, 100, 74232, 71
2026/07/29 16:10:00.001, 297.22, 100, 74232, 71
2026/07/29 16:10:01.045, 302.58, 100, 74232, 71
2026/07/29 16:10:02.083, 297.90, 100, 74232, 71
2026/07/29 16:10:03.121, 305.12, 100, 74232, 71
2026/07/29 16:10:04.158, 297.82, 100, 74232, 71
2026/07/29 16:10:05.195, 301.83, 100, 74232, 71
2026/07/29 16:10:06.233, 306.07, 100, 74232, 71
2026/07/29 16:10:07.270, 304.73, 100, 74232, 71
2026/07/29 16:10:08.315, 305.48, 100, 74232, 71
2026/07/29 16:10:09.354, 300.83, 100, 74232, 71
2026/07/29 16:10:10.391, 297.73, 100, 74232, 71
2026/07/29 16:10:11.433, 302.80, 100, 74232, 71
2026/07/29 16:10:12.470, 295.10, 100, 74232, 71
2026/07/29 16:10:13.509, 297.90, 100, 74232, 71
2026/07/29 16:10:14.545, 294.32, 100, 74232, 71
2026/07/29 16:10:15.584, 296.15, 100, 74232, 71
2026/07/29 16:10:16.623, 297.46, 100, 74232, 71
2026/07/29 16:10:17.661, 294.70, 100, 74232, 71
2026/07/29 16:10:18.702, 297.92, 100, 74232, 71
2026/07/29 16:10:19.739, 303.48, 100, 74232, 71
2026/07/29 16:10:20.777, 305.29, 100, 74232, 71
2026/07/29 16:10:21.817, 301.61, 100, 74232, 71
2026/07/29 16:10:22.855, 290.32, 100, 74232, 70
2026/07/29 16:10:23.893, 290.93, 100, 74232, 70
2026/07/29 16:10:24.930, 295.77, 100, 74232, 71
2026/07/29 16:10:25.968, 295.79, 100, 74232, 70
2026/07/29 16:10:27.006, 300.43, 100, 74232, 71
2026/07/29 16:10:28.042, 300.65, 100, 74232, 71
2026/07/29 16:10:29.079, 301.12, 100, 74232, 71
2026/07/29 16:10:30.115, 294.50, 100, 74232, 71
2026/07/29 16:10:31.151, 298.39, 100, 74232, 71
2026/07/29 16:10:32.189, 300.73, 100, 74232, 71
2026/07/29 16:10:33.226, 301.77, 100, 74232, 71
2026/07/29 16:10:34.263, 304.89, 100, 74232, 71
2026/07/29 16:10:35.300, 301.71, 100, 74232, 71
2026/07/29 16:10:36.337, 303.37, 100, 74232, 71
2026/07/29 16:10:37.375, 298.68, 100, 74232, 71
2026/07/29 16:10:38.412, 300.93, 100, 74232, 71
2026/07/29 16:10:39.448, 304.61, 100, 74232, 71
2026/07/29 16:10:40.485, 303.28, 100, 74232, 71
2026/07/29 16:10:41.521, 300.06, 100, 74232, 71
2026/07/29 16:10:42.559, 304.61, 100, 74232, 71
2026/07/29 16:10:43.595, 305.11, 100, 74232, 71
2026/07/29 16:10:44.631, 300.81, 100, 74232, 71
2026/07/29 16:10:45.669, 304.52, 100, 74232, 71
2026/07/29 16:10:46.706, 299.01, 100, 74232, 71
2026/07/29 16:10:47.744, 300.81, 100, 74232, 71
2026/07/29 16:10:48.783, 303.94, 100, 74232, 71
2026/07/29 16:10:49.821, 304.81, 100, 74232, 71
2026/07/29 16:10:50.860, 302.41, 100, 74232, 71
2026/07/29 16:10:51.896, 304.04, 100, 74232, 71
2026/07/29 16:10:52.941, 305.79, 100, 74232, 71
2026/07/29 16:10:53.979, 302.79, 100, 74232, 71
2026/07/29 16:10:55.016, 304.12, 100, 74232, 71
2026/07/29 16:10:56.054, 305.91, 100, 74232, 71
2026/07/29 16:10:57.092, 293.13, 100, 74232, 71
2026/07/29 16:10:58.131, 303.44, 100, 74232, 71
2026/07/29 16:10:59.167, 305.10, 100, 74232, 71
2026/07/29 16:11:00.206, 295.01, 100, 74232, 71
2026/07/29 16:11:01.242, 296.67, 100, 74232, 71
2026/07/29 16:11:02.279, 297.62, 100, 74232, 71
2026/07/29 16:11:03.318, 298.33, 100, 74232, 71
2026/07/29 16:11:04.354, 295.01, 100, 74232, 71
2026/07/29 16:11:05.393, 297.33, 100, 74232, 71
2026/07/29 16:11:06.429, 298.09, 100, 74232, 71
2026/07/29 16:11:07.465, 294.60, 100, 74232, 71
2026/07/29 16:11:08.501, 297.04, 100, 74232, 71
2026/07/29 16:11:09.538, 302.32, 100, 74232, 71
2026/07/29 16:11:10.575, 297.92, 100, 74232, 71
2026/07/29 16:11:11.612, 301.02, 100, 74232, 71
2026/07/29 16:11:12.652, 298.80, 100, 74232, 71
2026/07/29 16:11:13.690, 293.92, 100, 74232, 71
2026/07/29 16:11:14.727, 296.74, 100, 74232, 71
2026/07/29 16:11:15.767, 298.70, 100, 74232, 71
2026/07/29 16:11:16.804, 297.80, 100, 74232, 71
2026/07/29 16:11:17.841, 301.32, 100, 74232, 71
2026/07/29 16:11:18.878, 297.75, 100, 74232, 71
2026/07/29 16:11:19.916, 297.71, 100, 74232, 71
2026/07/29 16:11:20.954, 304.21, 100, 74232, 71
2026/07/29 16:11:21.992, 304.61, 100, 74232, 71
2026/07/29 16:11:23.029, 302.67, 100, 74232, 71
2026/07/29 16:11:24.067, 303.92, 100, 74232, 71
2026/07/29 16:11:25.106, 304.75, 100, 74232, 71
2026/07/29 16:11:26.143, 299.28, 100, 74232, 71
2026/07/29 16:11:27.180, 296.55, 100, 74232, 71
2026/07/29 16:11:28.217, 297.92, 100, 74232, 71
2026/07/29 16:11:29.254, 295.30, 100, 74232, 71
2026/07/29 16:11:30.294, 294.13, 100, 74232, 71
2026/07/29 16:11:31.331, 297.44, 100, 74232, 71
2026/07/29 16:11:32.375, 298.61, 100, 74232, 71
2026/07/29 16:11:33.411, 298.60, 100, 74232, 71
2026/07/29 16:11:34.448, 303.96, 100, 74232, 71
2026/07/29 16:11:35.485, 303.55, 100, 74232, 71
2026/07/29 16:11:36.523, 298.61, 100, 74232, 71
2026/07/29 16:11:37.559, 305.24, 100, 74232, 71
2026/07/29 16:11:38.599, 299.48, 100, 74232, 71
2026/07/29 16:11:39.636, 295.18, 100, 74232, 71
2026/07/29 16:11:40.677, 299.01, 100, 74232, 71
2026/07/29 16:11:41.715, 295.97, 100, 74232, 71
2026/07/29 16:11:42.751, 294.42, 100, 74232, 71
2026/07/29 16:11:43.789, 290.45, 100, 74232, 71
2026/07/29 16:11:44.826, 96.70, 49, 74232, 68
2026/07/29 16:11:45.859, 299.73, 100, 74232, 72
2026/07/29 16:11:46.901, 309.88, 100, 74232, 72
2026/07/29 16:11:47.937, 276.64, 100, 74232, 72
2026/07/29 16:11:48.974, 274.74, 100, 74232, 72
2026/07/29 16:11:50.011, 299.39, 100, 74232, 71
2026/07/29 16:11:51.050, 303.36, 100, 74232, 71
2026/07/29 16:11:52.089, 301.70, 100, 74232, 71
2026/07/29 16:11:53.127, 305.20, 100, 74232, 71
2026/07/29 16:11:54.165, 294.53, 100, 74232, 71
2026/07/29 16:11:55.203, 294.81, 100, 74232, 71
2026/07/29 16:11:56.241, 295.71, 100, 74232, 71
2026/07/29 16:11:57.277, 302.21, 100, 74232, 71
2026/07/29 16:11:58.318, 297.54, 100, 74232, 71
2026/07/29 16:11:59.356, 293.25, 100, 74232, 71
2026/07/29 16:12:00.393, 302.38, 100, 74232, 71
2026/07/29 16:12:01.432, 293.44, 100, 74232, 71
2026/07/29 16:12:02.468, 297.36, 100, 74232, 71
2026/07/29 16:12:03.505, 296.26, 100, 74232, 71
2026/07/29 16:12:04.541, 298.79, 100, 74232, 71
2026/07/29 16:12:05.578, 296.55, 100, 74232, 71
2026/07/29 16:12:06.615, 294.72, 100, 74232, 71
2026/07/29 16:12:07.653, 296.76, 100, 74232, 71
2026/07/29 16:12:08.691, 294.42, 100, 74232, 71
2026/07/29 16:12:09.733, 298.12, 100, 74232, 71
2026/07/29 16:12:10.770, 298.15, 100, 74232, 71
2026/07/29 16:12:11.807, 297.72, 100, 74232, 71
2026/07/29 16:12:12.843, 296.07, 100, 74232, 71
2026/07/29 16:12:13.880, 292.42, 100, 74232, 71
2026/07/29 16:12:14.917, 303.35, 100, 74232, 71
2026/07/29 16:12:15.954, 297.54, 100, 74232, 71
2026/07/29 16:12:16.992, 304.85, 100, 74232, 71
2026/07/29 16:12:18.028, 306.46, 100, 74232, 71
2026/07/29 16:12:19.065, 304.05, 100, 74232, 71
2026/07/29 16:12:20.107, 302.38, 100, 74232, 71
2026/07/29 16:12:21.147, 298.41, 100, 74232, 71
2026/07/29 16:12:22.183, 302.97, 100, 74232, 71
2026/07/29 16:12:23.227, 299.09, 100, 74232, 71
2026/07/29 16:12:24.265, 294.33, 100, 74232, 71
2026/07/29 16:12:25.302, 298.04, 100, 74232, 71
2026/07/29 16:12:26.340, 293.65, 100, 74232, 71
2026/07/29 16:12:27.377, 298.12, 100, 74232, 71
2026/07/29 16:12:28.418, 296.94, 100, 74232, 71
2026/07/29 16:12:29.455, 296.06, 100, 74232, 71
2026/07/29 16:12:30.496, 303.94, 100, 74232, 71
2026/07/29 16:12:31.534, 297.83, 100, 74232, 71
2026/07/29 16:12:32.570, 297.45, 100, 74232, 71
2026/07/29 16:12:33.607, 296.65, 100, 74232, 71
2026/07/29 16:12:34.648, 304.33, 100, 74232, 71
2026/07/29 16:12:35.686, 304.35, 100, 74232, 71
2026/07/29 16:12:36.726, 295.79, 100, 74232, 71
2026/07/29 16:12:37.764, 304.41, 100, 74232, 71
2026/07/29 16:12:38.801, 300.91, 100, 74232, 71
2026/07/29 16:12:39.838, 305.11, 100, 74232, 71
2026/07/29 16:12:40.876, 299.79, 100, 74232, 71
2026/07/29 16:12:41.914, 96.48, 50, 74232, 68
2026/07/29 16:12:42.947, 291.20, 100, 74232, 72
2026/07/29 16:12:43.981, 297.76, 100, 74232, 72
2026/07/29 16:12:45.022, 300.73, 100, 74232, 72
2026/07/29 16:12:46.056, 271.68, 100, 74232, 72
2026/07/29 16:12:47.091, 291.10, 100, 74232, 71
2026/07/29 16:12:48.135, 290.03, 100, 74232, 70
2026/07/29 16:12:49.173, 290.24, 100, 74232, 70
2026/07/29 16:12:50.210, 288.97, 100, 74232, 70
2026/07/29 16:12:51.248, 294.71, 100, 74232, 71
2026/07/29 16:12:52.286, 289.96, 100, 74232, 71
2026/07/29 16:12:53.326, 290.54, 100, 74232, 71
2026/07/29 16:12:54.364, 297.25, 100, 74232, 71
2026/07/29 16:12:55.401, 294.73, 100, 74232, 71
2026/07/29 16:12:56.438, 286.85, 100, 74232, 71
2026/07/29 16:12:57.476, 289.86, 100, 74232, 71
2026/07/29 16:12:58.515, 294.50, 100, 74232, 71
2026/07/29 16:12:59.553, 297.92, 100, 74232, 71
2026/07/29 16:13:00.595, 295.41, 100, 74232, 71
2026/07/29 16:13:01.632, 301.33, 100, 74232, 71
2026/07/29 16:13:02.668, 295.60, 100, 74232, 71
2026/07/29 16:13:03.707, 298.31, 100, 74232, 71
2026/07/29 16:13:04.744, 302.56, 100, 74232, 71
2026/07/29 16:13:05.783, 298.33, 100, 74232, 71
2026/07/29 16:13:06.823, 296.56, 100, 74232, 71
2026/07/29 16:13:07.861, 299.49, 100, 74232, 71
2026/07/29 16:13:08.898, 295.79, 100, 74232, 71
2026/07/29 16:13:09.935, 305.70, 100, 74232, 71
2026/07/29 16:13:10.973, 302.77, 100, 74232, 71
2026/07/29 16:13:12.012, 297.85, 100, 74232, 71
2026/07/29 16:13:13.049, 296.45, 100, 74232, 71
2026/07/29 16:13:14.093, 298.53, 100, 74232, 71
2026/07/29 16:13:15.131, 297.33, 100, 74232, 71
2026/07/29 16:13:16.168, 298.40, 100, 74232, 71
2026/07/29 16:13:17.206, 303.64, 100, 74232, 71
2026/07/29 16:13:18.244, 297.05, 100, 74232, 71
2026/07/29 16:13:19.288, 291.62, 100, 74232, 71
2026/07/29 16:13:20.325, 298.11, 100, 74232, 71
2026/07/29 16:13:21.362, 298.12, 100, 74232, 71
2026/07/29 16:13:22.399, 297.05, 100, 74232, 71
2026/07/29 16:13:23.437, 293.92, 100, 74232, 71
2026/07/29 16:13:24.479, 296.87, 100, 74232, 71
2026/07/29 16:13:25.516, 294.93, 100, 74232, 71
2026/07/29 16:13:26.555, 293.06, 100, 74232, 71
2026/07/29 16:13:27.595, 298.12, 100, 74232, 71
2026/07/29 16:13:28.632, 304.02, 100, 74232, 71
2026/07/29 16:13:29.676, 299.01, 100, 74232, 71
2026/07/29 16:13:30.715, 294.98, 100, 74232, 71
2026/07/29 16:13:31.753, 297.93, 100, 74232, 71
2026/07/29 16:13:32.794, 302.48, 100, 74232, 71
2026/07/29 16:13:33.832, 293.93, 100, 74232, 71
2026/07/29 16:13:34.871, 288.88, 100, 74232, 71
2026/07/29 16:13:35.910, 298.03, 100, 74232, 71
2026/07/29 16:13:36.947, 296.09, 100, 74232, 71
2026/07/29 16:13:37.983, 304.05, 100, 74232, 71
2026/07/29 16:13:39.021, 305.10, 100, 74232, 71
2026/07/29 16:13:40.059, 96.10, 0, 74232, 68
2026/07/29 16:13:41.092, 270.88, 100, 74232, 72
2026/07/29 16:13:42.133, 297.26, 100, 74232, 73
2026/07/29 16:13:43.168, 293.83, 100, 74232, 73
2026/07/29 16:13:44.207, 292.59, 100, 74232, 73
2026/07/29 16:13:45.243, 285.17, 100, 74232, 73
2026/07/29 16:13:46.280, 305.29, 100, 74232, 71
2026/07/29 16:13:47.321, 303.54, 100, 74232, 71
2026/07/29 16:13:48.359, 300.46, 100, 74232, 71
2026/07/29 16:13:49.396, 291.79, 100, 74232, 71
2026/07/29 16:13:50.433, 298.02, 100, 74232, 71
2026/07/29 16:13:51.470, 300.73, 100, 74232, 71
2026/07/29 16:13:52.510, 297.92, 100, 74232, 71
2026/07/29 16:13:53.546, 295.58, 100, 74232, 71
2026/07/29 16:13:54.584, 297.83, 100, 74232, 71
2026/07/29 16:13:55.623, 299.66, 100, 74232, 71
2026/07/29 16:13:56.661, 297.51, 100, 74232, 72
2026/07/29 16:13:57.698, 299.67, 100, 74232, 72
2026/07/29 16:13:58.736, 293.73, 100, 74232, 72
2026/07/29 16:13:59.773, 298.58, 100, 74232, 72
2026/07/29 16:14:00.812, 294.89, 100, 74232, 72
2026/07/29 16:14:01.850, 301.90, 100, 74232, 72
2026/07/29 16:14:02.888, 306.19, 100, 74232, 72
2026/07/29 16:14:03.926, 305.42, 100, 74232, 72
2026/07/29 16:14:04.964, 306.57, 100, 74232, 72
2026/07/29 16:14:06.001, 303.78, 100, 74232, 72
2026/07/29 16:14:07.038, 294.12, 100, 74232, 72
2026/07/29 16:14:08.076, 294.51, 100, 74232, 72
2026/07/29 16:14:09.114, 297.42, 100, 74232, 72
2026/07/29 16:14:10.151, 298.82, 100, 74232, 72
2026/07/29 16:14:11.188, 297.03, 100, 74232, 72
2026/07/29 16:14:12.225, 297.91, 100, 74232, 72
2026/07/29 16:14:13.262, 295.09, 100, 74232, 72
2026/07/29 16:14:14.300, 298.59, 100, 74232, 72
2026/07/29 16:14:15.337, 299.07, 100, 74232, 72
2026/07/29 16:14:16.376, 296.46, 100, 74232, 72
2026/07/29 16:14:17.414, 299.18, 100, 74232, 72
2026/07/29 16:14:18.452, 300.34, 100, 74232, 72
2026/07/29 16:14:19.494, 297.54, 100, 74232, 72
2026/07/29 16:14:20.532, 292.00, 100, 74232, 71
2026/07/29 16:14:21.571, 293.95, 100, 74232, 71
2026/07/29 16:14:22.611, 298.12, 100, 74232, 72
2026/07/29 16:14:23.649, 295.88, 100, 74232, 72
2026/07/29 16:14:24.687, 295.00, 100, 74232, 72
2026/07/29 16:14:25.725, 299.39, 100, 74232, 72
2026/07/29 16:14:26.762, 296.66, 100, 74232, 72
2026/07/29 16:14:27.799, 306.65, 100, 74232, 72
2026/07/29 16:14:28.837, 298.02, 100, 74232, 72
2026/07/29 16:14:29.876, 298.20, 100, 74232, 72
2026/07/29 16:14:30.915, 295.38, 100, 74232, 72
2026/07/29 16:14:31.955, 303.58, 100, 74232, 72
2026/07/29 16:14:32.992, 302.97, 100, 74232, 72
2026/07/29 16:14:34.032, 300.45, 100, 74232, 72
2026/07/29 16:14:35.070, 297.54, 100, 74232, 72
2026/07/29 16:14:36.107, 298.80, 100, 74232, 71
2026/07/29 16:14:37.144, 298.49, 100, 74232, 71
2026/07/29 16:14:38.182, 98.17, 71, 74232, 69
2026/07/29 16:14:39.216, 305.05, 100, 74232, 73
2026/07/29 16:14:40.254, 298.24, 100, 74232, 73
2026/07/29 16:14:41.288, 284.28, 100, 74232, 73
2026/07/29 16:14:42.323, 299.02, 100, 74232, 73
2026/07/29 16:14:43.358, 267.01, 100, 74232, 73
2026/07/29 16:14:44.398, 294.72, 100, 74232, 71
2026/07/29 16:14:45.436, 293.74, 100, 74232, 71
2026/07/29 16:14:46.476, 294.15, 100, 74232, 71
2026/07/29 16:14:47.512, 298.02, 100, 74232, 71
2026/07/29 16:14:48.560, 291.89, 100, 74232, 71
2026/07/29 16:14:49.600, 296.56, 100, 74232, 71
2026/07/29 16:14:50.637, 302.33, 100, 74232, 71
2026/07/29 16:14:51.683, 298.39, 100, 74232, 71
2026/07/29 16:14:52.719, 306.49, 100, 74232, 72
2026/07/29 16:14:53.757, 298.59, 100, 74232, 72
2026/07/29 16:14:54.797, 306.30, 100, 74232, 72
2026/07/29 16:14:55.835, 305.97, 100, 74232, 72
2026/07/29 16:14:56.873, 301.49, 100, 74232, 72
2026/07/29 16:14:57.911, 305.92, 100, 74232, 72
2026/07/29 16:14:58.949, 293.94, 100, 74232, 72
2026/07/29 16:14:59.988, 295.48, 100, 74232, 72
2026/07/29 16:15:01.027, 294.60, 100, 74232, 72
2026/07/29 16:15:02.064, 300.36, 100, 74232, 72
2026/07/29 16:15:03.106, 292.95, 100, 74232, 72
2026/07/29 16:15:04.145, 290.04, 100, 74232, 72
2026/07/29 16:15:05.182, 292.57, 100, 74232, 72
2026/07/29 16:15:06.219, 299.29, 100, 74232, 72
2026/07/29 16:15:07.256, 297.92, 100, 74232, 72
2026/07/29 16:15:08.294, 299.12, 100, 74232, 72
2026/07/29 16:15:09.332, 299.67, 100, 74232, 72
2026/07/29 16:15:10.370, 298.32, 100, 74232, 72
2026/07/29 16:15:11.408, 300.44, 100, 74232, 72
2026/07/29 16:15:12.445, 302.48, 100, 74232, 72
2026/07/29 16:15:13.482, 298.99, 100, 74232, 72
2026/07/29 16:15:14.520, 297.94, 100, 74232, 72
2026/07/29 16:15:15.560, 295.30, 100, 74232, 72
2026/07/29 16:15:16.599, 299.10, 100, 74232, 71
2026/07/29 16:15:17.637, 295.50, 100, 74232, 71
2026/07/29 16:15:18.674, 298.02, 100, 74232, 71
2026/07/29 16:15:19.716, 295.60, 100, 74232, 71
2026/07/29 16:15:20.753, 297.82, 100, 74232, 71
2026/07/29 16:15:21.791, 299.31, 100, 74232, 71
2026/07/29 16:15:22.829, 298.99, 100, 74232, 71
2026/07/29 16:15:23.867, 297.53, 100, 74232, 71
2026/07/29 16:15:24.905, 299.39, 100, 74232, 71
2026/07/29 16:15:25.943, 301.74, 100, 74232, 71
2026/07/29 16:15:26.980, 302.02, 100, 74232, 71
2026/07/29 16:15:28.021, 299.38, 100, 74232, 71
2026/07/29 16:15:29.057, 301.16, 100, 74232, 71
2026/07/29 16:15:30.095, 297.51, 100, 74232, 71
2026/07/29 16:15:31.131, 299.40, 100, 74232, 71
2026/07/29 16:15:32.169, 294.23, 100, 74232, 71
2026/07/29 16:15:33.209, 302.37, 100, 74232, 71
2026/07/29 16:15:34.247, 299.01, 100, 74232, 71
2026/07/29 16:15:35.284, 298.20, 100, 74232, 71
2026/07/29 16:15:36.321, 304.94, 100, 74232, 71
2026/07/29 16:15:37.357, 98.15, 0, 74232, 68
2026/07/29 16:15:38.391, 291.11, 100, 74232, 73
2026/07/29 16:15:39.427, 295.03, 100, 74232, 72
2026/07/29 16:15:40.461, 292.10, 100, 74232, 73
2026/07/29 16:15:41.503, 278.08, 100, 74232, 72
2026/07/29 16:15:42.538, 295.39, 100, 74232, 73
2026/07/29 16:15:43.573, 282.54, 100, 74232, 72
2026/07/29 16:15:44.613, 293.14, 100, 74232, 71
2026/07/29 16:15:45.651, 290.72, 100, 74232, 71
2026/07/29 16:15:46.688, 290.83, 100, 74232, 71
2026/07/29 16:15:47.726, 289.06, 100, 74232, 71
2026/07/29 16:15:48.764, 286.64, 100, 74232, 71
2026/07/29 16:15:49.802, 296.86, 100, 74232, 71
2026/07/29 16:15:50.840, 292.97, 100, 74232, 71
2026/07/29 16:15:51.880, 297.62, 100, 74232, 71
2026/07/29 16:15:52.917, 309.76, 100, 74232, 71
2026/07/29 16:15:53.954, 300.14, 100, 74232, 71
2026/07/29 16:15:54.992, 297.53, 100, 74232, 71
2026/07/29 16:15:56.031, 293.84, 100, 74232, 71
2026/07/29 16:15:57.070, 294.99, 100, 74232, 71
2026/07/29 16:15:58.108, 295.39, 100, 74232, 71
2026/07/29 16:15:59.149, 299.28, 100, 74232, 71
2026/07/29 16:16:00.186, 299.29, 100, 74232, 71
2026/07/29 16:16:01.224, 296.46, 100, 74232, 71
2026/07/29 16:16:02.262, 298.61, 100, 74232, 71
2026/07/29 16:16:03.303, 298.32, 100, 74232, 71
2026/07/29 16:16:04.340, 295.79, 100, 74232, 71
2026/07/29 16:16:05.377, 298.99, 100, 74232, 71
2026/07/29 16:16:06.415, 302.12, 100, 74232, 71
2026/07/29 16:16:07.452, 294.21, 100, 74232, 71
2026/07/29 16:16:08.491, 297.72, 100, 74232, 71
2026/07/29 16:16:09.528, 299.58, 100, 74232, 71
2026/07/29 16:16:10.570, 301.21, 100, 74232, 71
2026/07/29 16:16:11.610, 297.36, 100, 74232, 71
2026/07/29 16:16:12.647, 298.68, 100, 74232, 71
2026/07/29 16:16:13.685, 299.18, 100, 74232, 71
2026/07/29 16:16:14.723, 292.86, 100, 74232, 71
2026/07/29 16:16:15.762, 297.74, 100, 74232, 71
2026/07/29 16:16:16.800, 299.19, 100, 74232, 71
2026/07/29 16:16:17.840, 297.93, 100, 74232, 71
2026/07/29 16:16:18.879, 298.88, 100, 74232, 71
2026/07/29 16:16:19.918, 298.71, 100, 74232, 71
2026/07/29 16:16:20.959, 295.00, 100, 74232, 71
2026/07/29 16:16:21.996, 299.30, 100, 74232, 71
2026/07/29 16:16:23.034, 298.87, 100, 74232, 71
2026/07/29 16:16:24.072, 296.05, 100, 74232, 71
2026/07/29 16:16:25.109, 298.23, 100, 74232, 71
2026/07/29 16:16:26.146, 298.70, 100, 74232, 71
2026/07/29 16:16:27.183, 294.61, 100, 74232, 71
2026/07/29 16:16:28.221, 303.83, 100, 74232, 71
2026/07/29 16:16:29.258, 305.65, 100, 74232, 71
2026/07/29 16:16:30.295, 298.85, 100, 74232, 71
2026/07/29 16:16:31.332, 298.04, 100, 74232, 71
2026/07/29 16:16:32.370, 299.58, 100, 74232, 71
2026/07/29 16:16:33.407, 298.60, 100, 74232, 71
2026/07/29 16:16:34.446, 296.94, 100, 74232, 71
2026/07/29 16:16:35.483, 299.39, 100, 74232, 71
2026/07/29 16:16:36.527, 96.28, 100, 74232, 69
2026/07/29 16:16:37.560, 296.76, 100, 74232, 72
2026/07/29 16:16:38.604, 300.95, 100, 74232, 73
2026/07/29 16:16:39.641, 300.43, 100, 74232, 73
2026/07/29 16:16:40.676, 299.02, 100, 74232, 73
2026/07/29 16:16:41.711, 300.06, 100, 74232, 72
2026/07/29 16:16:42.747, 268.32, 100, 74232, 73
2026/07/29 16:16:43.787, 306.17, 100, 74232, 71
2026/07/29 16:16:44.825, 301.61, 100, 74232, 71
2026/07/29 16:16:45.865, 298.10, 100, 74232, 71
2026/07/29 16:16:46.905, 298.87, 100, 74232, 71
2026/07/29 16:16:47.942, 302.20, 100, 74232, 71
2026/07/29 16:16:48.979, 305.51, 100, 74232, 71
2026/07/29 16:16:50.016, 298.02, 100, 74232, 71
2026/07/29 16:16:51.054, 294.90, 100, 74232, 71
2026/07/29 16:16:52.091, 297.34, 100, 74232, 71
2026/07/29 16:16:53.130, 298.79, 100, 74232, 71
2026/07/29 16:16:54.168, 301.22, 100, 74232, 71
2026/07/29 16:16:55.209, 298.11, 100, 74232, 71
2026/07/29 16:16:56.247, 298.93, 100, 74232, 71
2026/07/29 16:16:57.285, 299.76, 100, 74232, 71
2026/07/29 16:16:58.323, 297.14, 100, 74232, 71
2026/07/29 16:16:59.365, 298.82, 100, 74232, 71
2026/07/29 16:17:00.402, 305.69, 100, 74232, 71
2026/07/29 16:17:01.440, 297.33, 100, 74232, 71
2026/07/29 16:17:02.477, 299.19, 100, 74232, 71
2026/07/29 16:17:03.521, 297.82, 100, 74232, 71
2026/07/29 16:17:04.559, 305.98, 100, 74232, 71
2026/07/29 16:17:05.598, 302.58, 100, 74232, 71
2026/07/29 16:17:06.635, 304.69, 100, 74232, 71
2026/07/29 16:17:07.677, 304.21, 100, 74232, 71
2026/07/29 16:17:08.716, 306.17, 100, 74232, 71
2026/07/29 16:17:09.755, 298.89, 100, 74232, 71
2026/07/29 16:17:10.792, 304.32, 100, 74232, 71
2026/07/29 16:17:11.830, 306.01, 100, 74232, 71
2026/07/29 16:17:12.871, 303.26, 100, 74232, 71
2026/07/29 16:17:13.909, 297.03, 100, 74232, 71
2026/07/29 16:17:14.948, 298.51, 100, 74232, 71
2026/07/29 16:17:15.986, 292.57, 100, 74232, 71
2026/07/29 16:17:17.024, 296.54, 100, 74232, 71
2026/07/29 16:17:18.062, 298.42, 100, 74232, 71
2026/07/29 16:17:19.099, 297.96, 100, 74232, 71
2026/07/29 16:17:20.138, 295.60, 100, 74232, 71
2026/07/29 16:17:21.175, 297.42, 100, 74232, 71
2026/07/29 16:17:22.214, 299.29, 100, 74232, 71
2026/07/29 16:17:23.252, 295.58, 100, 74232, 71
2026/07/29 16:17:24.296, 302.10, 100, 74232, 71
2026/07/29 16:17:25.335, 304.52, 100, 74232, 71
2026/07/29 16:17:26.372, 301.32, 100, 74232, 71
2026/07/29 16:17:27.414, 292.76, 100, 74232, 71
2026/07/29 16:17:28.451, 292.39, 100, 74232, 71
2026/07/29 16:17:29.492, 293.86, 100, 74232, 71
2026/07/29 16:17:30.530, 294.02, 100, 74232, 71
2026/07/29 16:17:31.568, 297.82, 100, 74232, 71
2026/07/29 16:17:32.608, 298.79, 100, 74232, 71
2026/07/29 16:17:33.645, 299.87, 100, 74232, 71
2026/07/29 16:17:34.687, 308.00, 100, 74232, 71
2026/07/29 16:17:35.726, 305.68, 100, 74232, 71
2026/07/29 16:17:36.763, 97.81, 32, 74232, 68
2026/07/29 16:17:37.796, 95.78, 0, 74232, 67
2026/07/29 16:17:38.828, 94.82, 0, 74232, 66
2026/07/29 16:17:39.859, 94.46, 0, 74232, 66
2026/07/29 16:17:40.891, 91.78, 0, 74232, 65
2026/07/29 16:17:41.922, 92.26, 0, 74232, 65
2026/07/29 16:17:42.954, 91.67, 0, 74232, 64
2026/07/29 16:17:43.986, 91.57, 0, 74232, 64
2026/07/29 16:17:45.017, 90.70, 0, 74232, 63
2026/07/29 16:17:46.048, 89.26, 0, 74232, 63
2026/07/29 16:17:47.079, 89.10, 0, 74232, 62
2026/07/29 16:17:48.113, 88.39, 0, 74232, 62
2026/07/29 16:17:49.144, 87.39, 0, 74232, 62
2026/07/29 16:17:50.174, 86.94, 0, 74232, 61
2026/07/29 16:17:51.207, 86.70, 0, 74232, 61
2026/07/29 16:17:52.237, 86.84, 0, 74232, 61
2026/07/29 16:17:53.269, 86.33, 0, 74232, 60
2026/07/29 16:17:54.301, 86.27, 0, 74232, 60
2026/07/29 16:17:55.333, 85.88, 0, 74232, 60
2026/07/29 16:17:56.365, 85.55, 0, 74232, 60
2026/07/29 16:17:57.397, 85.18, 0, 74232, 59
2026/07/29 16:17:58.446, 85.33, 0, 74232, 59
2026/07/29 16:17:59.478, 260.83, 100, 74232, 64
2026/07/29 16:18:00.512, 297.42, 100, 74232, 65
2026/07/29 16:18:01.554, 316.34, 100, 74232, 65
2026/07/29 16:18:02.589, 309.26, 100, 74232, 65
2026/07/29 16:18:03.626, 311.01, 100, 74232, 64
2026/07/29 16:18:04.665, 300.72, 100, 74232, 64
2026/07/29 16:18:05.703, 292.39, 100, 74232, 64
2026/07/29 16:18:06.740, 295.50, 100, 74232, 65
2026/07/29 16:18:07.777, 298.61, 100, 74232, 65
2026/07/29 16:18:08.825, 304.03, 100, 74232, 65
2026/07/29 16:18:09.862, 305.19, 100, 74232, 65
2026/07/29 16:18:10.900, 295.10, 100, 74232, 67
2026/07/29 16:18:11.935, 312.43, 100, 74232, 67
2026/07/29 16:18:12.972, 303.67, 100, 74232, 68
2026/07/29 16:18:14.013, 288.00, 100, 74232, 68
2026/07/29 16:18:15.049, 251.35, 100, 74232, 66
2026/07/29 16:18:16.087, 285.57, 100, 74232, 66
2026/07/29 16:18:17.128, 298.32, 100, 74232, 66
2026/07/29 16:18:18.166, 302.79, 100, 74232, 67
2026/07/29 16:18:19.206, 294.76, 100, 74232, 69
2026/07/29 16:18:20.241, 297.99, 100, 74232, 69
2026/07/29 16:18:21.277, 275.31, 100, 74232, 69
2026/07/29 16:18:22.311, 287.98, 100, 74232, 69
2026/07/29 16:18:23.345, 285.98, 100, 74232, 69
2026/07/29 16:18:24.379, 290.51, 100, 74232, 69
2026/07/29 16:18:25.415, 293.26, 100, 74232, 68
2026/07/29 16:18:26.454, 302.22, 100, 74232, 68
2026/07/29 16:18:27.493, 291.30, 100, 74232, 68
2026/07/29 16:18:28.530, 293.66, 100, 74232, 68
2026/07/29 16:18:29.568, 299.74, 100, 74232, 68
2026/07/29 16:18:30.607, 310.55, 100, 74232, 69
2026/07/29 16:18:31.644, 287.32, 100, 74232, 69
2026/07/29 16:18:32.682, 284.83, 100, 74232, 69
2026/07/29 16:18:33.720, 292.68, 100, 74232, 69
2026/07/29 16:18:34.757, 303.38, 100, 74232, 69
2026/07/29 16:18:35.794, 306.68, 100, 74232, 69
2026/07/29 16:18:36.832, 288.60, 100, 74232, 69
2026/07/29 16:18:37.872, 293.94, 100, 74232, 69
2026/07/29 16:18:38.908, 302.56, 100, 74232, 69
2026/07/29 16:18:39.946, 301.89, 100, 74232, 69
2026/07/29 16:18:40.986, 295.31, 100, 74232, 71
2026/07/29 16:18:42.021, 298.29, 100, 74232, 71
2026/07/29 16:18:43.057, 311.92, 100, 74232, 71
2026/07/29 16:18:44.092, 288.02, 100, 74232, 71
2026/07/29 16:18:45.128, 298.55, 100, 74232, 71
2026/07/29 16:18:46.163, 249.08, 100, 74232, 70
2026/07/29 16:18:47.202, 293.06, 100, 74232, 70
2026/07/29 16:18:48.239, 300.44, 100, 74232, 70
2026/07/29 16:18:49.277, 284.52, 91, 74232, 71
2026/07/29 16:18:50.313, 296.06, 100, 74232, 72
2026/07/29 16:18:51.348, 310.11, 100, 74232, 72
2026/07/29 16:18:52.386, 296.74, 100, 74232, 72
2026/07/29 16:18:53.421, 309.57, 100, 74232, 72
2026/07/29 16:18:54.456, 262.13, 100, 74232, 72
2026/07/29 16:18:55.494, 296.18, 100, 74232, 70
2026/07/29 16:18:56.530, 285.29, 100, 74232, 70
2026/07/29 16:18:57.573, 300.34, 100, 74232, 71
2026/07/29 16:18:58.613, 292.10, 95, 74232, 72
2026/07/29 16:18:59.648, 301.20, 100, 74232, 73
2026/07/29 16:19:00.683, 297.96, 100, 74232, 72
2026/07/29 16:19:01.724, 281.56, 100, 74232, 73
2026/07/29 16:19:02.759, 314.14, 100, 74232, 73
2026/07/29 16:19:03.794, 278.25, 100, 74232, 73
2026/07/29 16:19:04.830, 280.43, 100, 74232, 71
2026/07/29 16:19:05.871, 287.35, 100, 74232, 71
2026/07/29 16:19:06.910, 289.55, 100, 74232, 71
2026/07/29 16:19:07.948, 289.27, 100, 74232, 73
2026/07/29 16:19:08.986, 298.38, 100, 74232, 73
2026/07/29 16:19:10.021, 295.59, 100, 74232, 73
2026/07/29 16:19:11.057, 280.92, 100, 74232, 73
2026/07/29 16:19:12.096, 282.74, 100, 74232, 73
2026/07/29 16:19:13.131, 309.49, 100, 74232, 73
2026/07/29 16:19:14.165, 306.23, 100, 74232, 74
2026/07/29 16:19:15.201, 298.23, 100, 74232, 72
2026/07/29 16:19:16.238, 306.46, 100, 74232, 72
2026/07/29 16:19:17.275, 301.95, 100, 74232, 72
2026/07/29 16:19:18.314, 305.49, 100, 74232, 72
2026/07/29 16:19:19.352, 299.01, 100, 74232, 72
2026/07/29 16:19:20.390, 295.89, 100, 74232, 72
2026/07/29 16:19:21.427, 294.91, 100, 74232, 72
2026/07/29 16:19:22.464, 299.58, 100, 74232, 72
2026/07/29 16:19:23.503, 298.22, 100, 74232, 72
2026/07/29 16:19:24.541, 288.87, 100, 74232, 72
2026/07/29 16:19:25.580, 299.95, 100, 74232, 72
2026/07/29 16:19:26.620, 300.45, 100, 74232, 72
2026/07/29 16:19:27.657, 304.68, 100, 74232, 72
2026/07/29 16:19:28.699, 301.02, 100, 74232, 72
2026/07/29 16:19:29.737, 296.18, 100, 74232, 72
2026/07/29 16:19:30.774, 300.09, 100, 74232, 72
2026/07/29 16:19:31.811, 298.32, 100, 74232, 72
2026/07/29 16:19:32.848, 298.50, 100, 74232, 72
2026/07/29 16:19:33.886, 301.60, 100, 74232, 72
2026/07/29 16:19:34.923, 296.36, 100, 74232, 72
2026/07/29 16:19:35.962, 298.90, 100, 74232, 72
2026/07/29 16:19:37.000, 299.47, 100, 74232, 72
2026/07/29 16:19:38.038, 293.95, 100, 74232, 72
2026/07/29 16:19:39.075, 304.23, 100, 74232, 72
2026/07/29 16:19:40.111, 298.79, 100, 74232, 72
2026/07/29 16:19:41.149, 303.94, 100, 74232, 72
2026/07/29 16:19:42.188, 304.51, 100, 74232, 72
2026/07/29 16:19:43.224, 298.90, 100, 74232, 72
2026/07/29 16:19:44.264, 299.20, 100, 74232, 72
2026/07/29 16:19:45.303, 292.45, 100, 74232, 71
2026/07/29 16:19:46.341, 408.73, 100, 74232, 73
2026/07/29 16:19:47.376, 293.93, 100, 74232, 73
2026/07/29 16:19:48.412, 291.30, 100, 74232, 73
2026/07/29 16:19:49.447, 301.06, 100, 74232, 73
2026/07/29 16:19:50.483, 292.34, 100, 74232, 73
2026/07/29 16:19:51.524, 289.45, 100, 74232, 73
2026/07/29 16:19:52.560, 322.56, 100, 74232, 73
2026/07/29 16:19:53.596, 303.46, 100, 74232, 71
2026/07/29 16:19:54.633, 303.94, 100, 74232, 71
2026/07/29 16:19:55.669, 305.89, 100, 74232, 71
2026/07/29 16:19:56.708, 98.62, 0, 74232, 68
2026/07/29 16:19:57.741, 295.48, 100, 74232, 73
2026/07/29 16:19:58.776, 287.59, 100, 74232, 73
2026/07/29 16:19:59.814, 283.25, 100, 74232, 73
2026/07/29 16:20:00.849, 294.96, 100, 74232, 73
2026/07/29 16:20:01.887, 292.77, 100, 74232, 73
2026/07/29 16:20:02.923, 283.75, 100, 74232, 73
2026/07/29 16:20:03.960, 285.95, 100, 74232, 73
2026/07/29 16:20:04.998, 285.68, 100, 74232, 71
2026/07/29 16:20:06.035, 287.03, 100, 74232, 71
2026/07/29 16:20:07.073, 292.00, 100, 74232, 71
2026/07/29 16:20:08.111, 298.83, 0, 74232, 72
2026/07/29 16:20:09.151, 303.34, 100, 74232, 73
2026/07/29 16:20:10.186, 291.29, 100, 74232, 73
2026/07/29 16:20:11.222, 297.43, 100, 74232, 73
2026/07/29 16:20:12.259, 268.82, 100, 74232, 73
2026/07/29 16:20:13.294, 302.05, 100, 74232, 73
2026/07/29 16:20:14.329, 297.21, 100, 74232, 73
2026/07/29 16:20:15.364, 305.88, 100, 74232, 72
2026/07/29 16:20:16.401, 298.90, 100, 74232, 71
2026/07/29 16:20:17.439, 300.07, 100, 74232, 72
2026/07/29 16:20:18.479, 298.30, 100, 74232, 72
2026/07/29 16:20:19.516, 98.16, 1, 74232, 69
2026/07/29 16:20:20.549, 288.79, 100, 74232, 73
2026/07/29 16:20:21.584, 292.28, 100, 74232, 73
2026/07/29 16:20:22.622, 295.58, 100, 74232, 73
2026/07/29 16:20:23.657, 299.26, 100, 74232, 73
2026/07/29 16:20:24.691, 312.25, 100, 74232, 73
2026/07/29 16:20:25.725, 275.68, 100, 74232, 73
2026/07/29 16:20:26.766, 293.37, 100, 74232, 73
2026/07/29 16:20:27.802, 295.31, 100, 74232, 72
2026/07/29 16:20:28.842, 299.68, 100, 74232, 72
2026/07/29 16:20:29.880, 297.22, 100, 74232, 72
2026/07/29 16:20:30.921, 294.22, 100, 74232, 72
2026/07/29 16:20:31.958, 299.71, 27, 74232, 73
2026/07/29 16:20:32.993, 294.61, 100, 74232, 73
2026/07/29 16:20:34.028, 281.63, 100, 74232, 73
2026/07/29 16:20:35.063, 294.82, 100, 74232, 73
2026/07/29 16:20:36.102, 310.44, 100, 74232, 74
2026/07/29 16:20:37.137, 280.60, 100, 74232, 73
2026/07/29 16:20:38.171, 289.25, 100, 74232, 74
2026/07/29 16:20:39.206, 306.17, 100, 74232, 72
2026/07/29 16:20:40.244, 306.31, 100, 74232, 72
2026/07/29 16:20:41.282, 295.88, 100, 74232, 72
2026/07/29 16:20:42.320, 102.57, 0, 74232, 69
2026/07/29 16:20:43.361, 290.23, 100, 74232, 73
2026/07/29 16:20:44.396, 291.40, 100, 74232, 73
2026/07/29 16:20:45.430, 315.33, 100, 74232, 73
2026/07/29 16:20:46.464, 298.38, 100, 74232, 73
2026/07/29 16:20:47.498, 290.45, 100, 74232, 73
2026/07/29 16:20:48.533, 300.03, 100, 74232, 73
2026/07/29 16:20:49.569, 285.77, 100, 74232, 74
2026/07/29 16:20:50.603, 306.35, 100, 74232, 72
2026/07/29 16:20:51.640, 308.11, 100, 74232, 72
2026/07/29 16:20:52.678, 304.04, 100, 74232, 72
2026/07/29 16:20:53.715, 98.12, 0, 74232, 73
2026/07/29 16:20:54.756, 299.96, 100, 74232, 72
2026/07/29 16:20:55.793, 307.23, 100, 74232, 72
2026/07/29 16:20:56.829, 306.35, 100, 74232, 72
2026/07/29 16:20:57.864, 306.66, 100, 74232, 72
2026/07/29 16:20:58.900, 307.38, 100, 74232, 72
2026/07/29 16:20:59.937, 301.39, 100, 74232, 72
2026/07/29 16:21:00.975, 305.82, 100, 74232, 72
2026/07/29 16:21:02.013, 292.48, 100, 74232, 72
2026/07/29 16:21:03.051, 293.25, 100, 74232, 72
2026/07/29 16:21:04.087, 301.94, 100, 74232, 72
2026/07/29 16:21:05.125, 294.24, 100, 74232, 72
2026/07/29 16:21:06.162, 295.11, 100, 74232, 72
2026/07/29 16:21:07.199, 297.54, 100, 74232, 72
2026/07/29 16:21:08.235, 290.74, 100, 74232, 72
2026/07/29 16:21:09.272, 289.00, 100, 74232, 72
2026/07/29 16:21:10.308, 298.23, 100, 74232, 72
2026/07/29 16:21:11.347, 289.28, 100, 74232, 72
2026/07/29 16:21:12.384, 286.73, 100, 74232, 72
2026/07/29 16:21:13.422, 291.13, 100, 74232, 72
2026/07/29 16:21:14.459, 298.51, 100, 74232, 72
2026/07/29 16:21:15.496, 298.11, 100, 74232, 72
2026/07/29 16:21:16.533, 298.12, 100, 74232, 72
2026/07/29 16:21:17.570, 298.12, 100, 74232, 72
2026/07/29 16:21:18.606, 301.99, 100, 74232, 72
2026/07/29 16:21:19.642, 306.69, 100, 74232, 72
2026/07/29 16:21:20.679, 303.45, 100, 74232, 72
2026/07/29 16:21:21.717, 311.18, 100, 74232, 72
2026/07/29 16:21:22.753, 300.66, 100, 74232, 72
2026/07/29 16:21:23.796, 305.19, 100, 74232, 72
2026/07/29 16:21:24.834, 301.32, 100, 74232, 72
2026/07/29 16:21:25.870, 303.44, 100, 74232, 72
2026/07/29 16:21:26.908, 305.87, 100, 74232, 72
2026/07/29 16:21:27.944, 294.06, 100, 74232, 72
2026/07/29 16:21:28.981, 293.65, 100, 74232, 72
2026/07/29 16:21:30.018, 295.48, 100, 74232, 71
2026/07/29 16:21:31.055, 300.94, 100, 74232, 72
2026/07/29 16:21:32.093, 297.82, 100, 74232, 72
2026/07/29 16:21:33.129, 294.93, 100, 74232, 71
2026/07/29 16:21:34.166, 298.40, 100, 74232, 72
2026/07/29 16:21:35.204, 304.21, 100, 74232, 71
2026/07/29 16:21:36.241, 297.24, 100, 74232, 71
2026/07/29 16:21:37.278, 298.12, 100, 74232, 71
2026/07/29 16:21:38.315, 304.05, 100, 74232, 71
2026/07/29 16:21:39.351, 298.22, 100, 74232, 71
2026/07/29 16:21:40.389, 298.30, 100, 74232, 71
2026/07/29 16:21:41.426, 303.39, 100, 74232, 71
2026/07/29 16:21:42.465, 305.51, 100, 74232, 71
2026/07/29 16:21:43.501, 294.72, 100, 74232, 71
2026/07/29 16:21:44.541, 297.92, 100, 74232, 71
2026/07/29 16:21:45.577, 299.29, 100, 74232, 71
2026/07/29 16:21:46.613, 297.52, 100, 74232, 71
2026/07/29 16:21:47.649, 298.12, 100, 74232, 71
2026/07/29 16:21:48.690, 297.63, 100, 74232, 71
2026/07/29 16:21:49.726, 298.03, 100, 74232, 71
2026/07/29 16:21:50.765, 299.47, 100, 74232, 71
2026/07/29 16:21:51.801, 297.62, 100, 74232, 71
2026/07/29 16:21:52.840, 298.30, 100, 74232, 71
2026/07/29 16:21:53.877, 295.97, 100, 74232, 71
2026/07/29 16:21:54.913, 297.85, 100, 74232, 71
2026/07/29 16:21:55.950, 304.08, 100, 74232, 71
2026/07/29 16:21:56.988, 305.72, 100, 74232, 71
2026/07/29 16:21:58.025, 305.59, 100, 74232, 71
2026/07/29 16:21:59.063, 308.30, 100, 74232, 71
2026/07/29 16:22:00.099, 298.72, 100, 74232, 71
2026/07/29 16:22:01.140, 303.75, 100, 74232, 71
2026/07/29 16:22:02.179, 306.57, 100, 74232, 71
2026/07/29 16:22:03.216, 293.37, 100, 74232, 71
2026/07/29 16:22:04.254, 298.80, 100, 74232, 71
2026/07/29 16:22:05.292, 303.45, 100, 74232, 71
2026/07/29 16:22:06.330, 299.78, 100, 74232, 71
2026/07/29 16:22:07.367, 300.85, 100, 74232, 71
2026/07/29 16:22:08.404, 297.44, 100, 74232, 71
2026/07/29 16:22:09.440, 305.00, 100, 74232, 71
2026/07/29 16:22:10.476, 305.15, 100, 74232, 71
2026/07/29 16:22:11.515, 305.40, 100, 74232, 71
2026/07/29 16:22:12.553, 303.45, 100, 74232, 71
2026/07/29 16:22:13.590, 296.37, 100, 74232, 71
2026/07/29 16:22:14.629, 296.28, 100, 74232, 71
2026/07/29 16:22:15.665, 297.25, 100, 74232, 71
2026/07/29 16:22:16.705, 296.54, 100, 74232, 71
2026/07/29 16:22:17.742, 295.39, 100, 74232, 71
2026/07/29 16:22:18.779, 296.39, 100, 74232, 71
2026/07/29 16:22:19.816, 294.02, 100, 74232, 71
2026/07/29 16:22:20.851, 293.64, 100, 74232, 71
2026/07/29 16:22:21.888, 298.88, 100, 74232, 71
2026/07/29 16:22:22.924, 293.05, 100, 74232, 71
2026/07/29 16:22:23.961, 299.78, 100, 74232, 71
2026/07/29 16:22:24.997, 299.18, 100, 74232, 71
2026/07/29 16:22:26.033, 302.02, 100, 74232, 71
2026/07/29 16:22:27.072, 295.59, 100, 74232, 73
2026/07/29 16:22:28.107, 298.50, 100, 74232, 73
2026/07/29 16:22:29.147, 309.28, 100, 74232, 73
2026/07/29 16:22:30.182, 272.92, 100, 74232, 73
2026/07/29 16:22:31.217, 319.98, 100, 74232, 73
2026/07/29 16:22:32.256, 304.92, 100, 74232, 71
2026/07/29 16:22:33.292, 301.24, 100, 74232, 71
2026/07/29 16:22:34.328, 302.29, 100, 74232, 71
2026/07/29 16:22:35.366, 305.97, 100, 74232, 71
2026/07/29 16:22:36.404, 302.76, 99, 74232, 73
2026/07/29 16:22:37.439, 293.81, 100, 74232, 73
2026/07/29 16:22:38.475, 291.13, 100, 74232, 73
2026/07/29 16:22:39.514, 291.03, 100, 74232, 73
2026/07/29 16:22:40.560, 314.94, 100, 74232, 73
2026/07/29 16:22:41.594, 303.47, 100, 74232, 73
2026/07/29 16:22:42.632, 302.49, 100, 74232, 71
2026/07/29 16:22:43.676, 299.08, 100, 74232, 71
2026/07/29 16:22:44.714, 297.83, 100, 74232, 71
2026/07/29 16:22:45.751, 286.16, 100, 74232, 71
2026/07/29 16:22:46.790, 343.33, 25, 74232, 72
2026/07/29 16:22:47.824, 293.81, 100, 74232, 73
2026/07/29 16:22:48.859, 310.88, 100, 74232, 73
2026/07/29 16:22:49.895, 289.96, 100, 74232, 73
2026/07/29 16:22:50.932, 265.41, 100, 74232, 73
2026/07/29 16:22:51.968, 295.76, 100, 74232, 73
2026/07/29 16:22:53.004, 300.26, 100, 74232, 72
2026/07/29 16:22:54.043, 305.13, 100, 74232, 72
2026/07/29 16:22:55.080, 301.27, 100, 74232, 72
2026/07/29 16:22:56.116, 303.22, 100, 74232, 72
2026/07/29 16:22:57.152, 306.39, 100, 74232, 72
2026/07/29 16:22:58.190, 306.17, 100, 74232, 74
2026/07/29 16:22:59.225, 299.76, 100, 74232, 74
2026/07/29 16:23:00.266, 274.15, 100, 74232, 74
2026/07/29 16:23:01.302, 295.97, 100, 74232, 74
2026/07/29 16:23:02.338, 300.53, 100, 74232, 73
2026/07/29 16:23:03.375, 297.89, 100, 74232, 74
2026/07/29 16:23:04.409, 305.31, 100, 74232, 72
2026/07/29 16:23:05.446, 300.64, 100, 74232, 72
2026/07/29 16:23:06.483, 306.26, 100, 74232, 72
2026/07/29 16:23:07.521, 296.16, 100, 74232, 72
2026/07/29 16:23:08.558, 298.19, 100, 74232, 73
2026/07/29 16:23:09.592, 301.43, 100, 74232, 74
2026/07/29 16:23:10.632, 288.59, 100, 74232, 74
2026/07/29 16:23:11.668, 320.73, 100, 74232, 74
2026/07/29 16:23:12.703, 268.55, 100, 74232, 74
2026/07/29 16:23:13.742, 280.14, 100, 74232, 73
2026/07/29 16:23:14.775, 307.08, 100, 74232, 72
2026/07/29 16:23:15.813, 306.01, 100, 74232, 72
2026/07/29 16:23:16.852, 300.05, 100, 74232, 72
2026/07/29 16:23:17.889, 307.54, 100, 74232, 72
2026/07/29 16:23:18.927, 305.38, 100, 74232, 72
2026/07/29 16:23:19.963, 299.93, 100, 74232, 72
2026/07/29 16:23:21.000, 303.52, 100, 74232, 74
2026/07/29 16:23:22.035, 295.02, 100, 74232, 74
2026/07/29 16:23:23.073, 285.12, 100, 74232, 74
2026/07/29 16:23:24.108, 290.52, 100, 74232, 74
2026/07/29 16:23:25.142, 270.98, 100, 74232, 74
2026/07/29 16:23:26.179, 279.76, 100, 74232, 74
2026/07/29 16:23:27.214, 304.21, 100, 74232, 72
2026/07/29 16:23:28.251, 306.16, 100, 74232, 72
2026/07/29 16:23:29.289, 307.05, 100, 74232, 72
2026/07/29 16:23:30.326, 304.33, 100, 74232, 72
2026/07/29 16:23:31.365, 299.77, 100, 74232, 72
2026/07/29 16:23:32.401, 300.16, 100, 74232, 72
2026/07/29 16:23:33.439, 296.70, 86, 74232, 74
2026/07/29 16:23:34.473, 287.04, 100, 74232, 74
2026/07/29 16:23:35.508, 297.07, 100, 74232, 74
2026/07/29 16:23:36.541, 275.87, 100, 74232, 74
2026/07/29 16:23:37.575, 314.23, 100, 74232, 74
2026/07/29 16:23:38.609, 272.37, 100, 74232, 74
2026/07/29 16:23:39.643, 303.45, 100, 74232, 74
2026/07/29 16:23:40.679, 299.50, 100, 74232, 72
2026/07/29 16:23:41.715, 307.09, 100, 74232, 72
2026/07/29 16:23:42.753, 298.21, 100, 74232, 72
2026/07/29 16:23:43.788, 301.31, 100, 74232, 72
2026/07/29 16:23:44.825, 304.67, 100, 74232, 72
2026/07/29 16:23:45.863, 302.86, 100, 74232, 73
2026/07/29 16:23:46.906, 301.13, 100, 74232, 72
2026/07/29 16:23:47.945, 302.18, 100, 74232, 72
2026/07/29 16:23:48.982, 307.33, 100, 74232, 72
2026/07/29 16:23:50.025, 307.57, 100, 74232, 72
2026/07/29 16:23:51.062, 301.22, 100, 74232, 72
2026/07/29 16:23:52.099, 299.97, 100, 74232, 72
2026/07/29 16:23:53.135, 300.94, 100, 74232, 72
2026/07/29 16:23:54.173, 300.73, 100, 74232, 72
2026/07/29 16:23:55.209, 297.62, 100, 74232, 72
2026/07/29 16:23:56.247, 300.14, 100, 74232, 72
2026/07/29 16:23:57.282, 299.58, 100, 74232, 74
2026/07/29 16:23:58.316, 278.83, 100, 74232, 74
2026/07/29 16:23:59.350, 290.65, 100, 74232, 74
2026/07/29 16:24:00.384, 268.15, 100, 74232, 74
2026/07/29 16:24:01.419, 257.50, 100, 74232, 74
2026/07/29 16:24:02.458, 296.42, 100, 74232, 73
2026/07/29 16:24:03.493, 301.41, 100, 74232, 72
2026/07/29 16:24:04.533, 305.69, 100, 74232, 72
2026/07/29 16:24:05.570, 301.12, 100, 74232, 72
2026/07/29 16:24:06.609, 300.57, 100, 74232, 72
2026/07/29 16:24:07.647, 298.39, 100, 74232, 72
2026/07/29 16:24:08.685, 293.06, 16, 74232, 72
2026/07/29 16:24:09.721, 317.47, 100, 74232, 73
2026/07/29 16:24:10.756, 300.76, 100, 74232, 73
2026/07/29 16:24:11.794, 288.96, 100, 74232, 73
2026/07/29 16:24:12.829, 302.28, 100, 74232, 73
2026/07/29 16:24:13.862, 302.23, 100, 74232, 74
2026/07/29 16:24:14.898, 287.96, 100, 74232, 74
2026/07/29 16:24:15.936, 307.67, 100, 74232, 72
2026/07/29 16:24:16.974, 309.85, 100, 74232, 72
2026/07/29 16:24:18.011, 306.59, 100, 74232, 72
2026/07/29 16:24:19.048, 308.58, 100, 74232, 72
2026/07/29 16:24:20.085, 298.30, 82, 74232, 73
2026/07/29 16:24:21.120, 306.68, 100, 74232, 73
2026/07/29 16:24:22.154, 290.82, 100, 74232, 74
2026/07/29 16:24:23.188, 306.51, 100, 74232, 73
2026/07/29 16:24:24.224, 319.80, 100, 74232, 74
2026/07/29 16:24:25.265, 268.60, 100, 74232, 74
2026/07/29 16:24:26.299, 294.03, 100, 74232, 74
2026/07/29 16:24:27.335, 307.67, 100, 74232, 72
2026/07/29 16:24:28.373, 300.73, 100, 74232, 72
2026/07/29 16:24:29.411, 298.80, 100, 74232, 72
2026/07/29 16:24:30.448, 300.85, 100, 74232, 72
2026/07/29 16:24:31.485, 300.74, 100, 74232, 72
2026/07/29 16:24:32.522, 304.80, 100, 74232, 72
2026/07/29 16:24:33.559, 307.76, 100, 74232, 72
2026/07/29 16:24:34.595, 301.69, 100, 74232, 72
2026/07/29 16:24:35.635, 303.19, 100, 74232, 72
2026/07/29 16:24:36.672, 298.98, 100, 74232, 72
2026/07/29 16:24:37.709, 97.96, 0, 74232, 69
2026/07/29 16:24:38.743, 296.14, 100, 74232, 74
2026/07/29 16:24:39.777, 301.72, 100, 74232, 74
2026/07/29 16:24:40.817, 297.13, 100, 74232, 74
2026/07/29 16:24:41.852, 301.13, 100, 74232, 74
2026/07/29 16:24:42.887, 296.08, 100, 74232, 73
2026/07/29 16:24:43.923, 314.79, 100, 74232, 74
2026/07/29 16:24:44.962, 298.80, 100, 74232, 72
2026/07/29 16:24:46.000, 303.94, 100, 74232, 72
2026/07/29 16:24:47.042, 296.57, 100, 74232, 72
2026/07/29 16:24:48.091, 293.47, 100, 74232, 72
2026/07/29 16:24:49.129, 297.75, 100, 74232, 72
2026/07/29 16:24:50.167, 300.47, 100, 74232, 72
2026/07/29 16:24:51.204, 292.56, 100, 74232, 72
2026/07/29 16:24:52.241, 297.13, 100, 74232, 72
2026/07/29 16:24:53.279, 98.78, 0, 74232, 69
2026/07/29 16:24:54.312, 293.68, 100, 74232, 74
2026/07/29 16:24:55.346, 301.58, 100, 74232, 74
2026/07/29 16:24:56.380, 307.34, 100, 74232, 74
2026/07/29 16:24:57.413, 306.97, 100, 74232, 74
2026/07/29 16:24:58.447, 306.04, 100, 74232, 74
2026/07/29 16:24:59.484, 309.29, 100, 74232, 74
2026/07/29 16:25:00.523, 296.26, 100, 74232, 73
2026/07/29 16:25:01.558, 298.40, 100, 74232, 72
2026/07/29 16:25:02.595, 297.25, 100, 74232, 72
2026/07/29 16:25:03.636, 299.67, 100, 74232, 72
2026/07/29 16:25:04.674, 293.95, 100, 74232, 72
2026/07/29 16:25:05.711, 291.30, 100, 74232, 72
2026/07/29 16:25:06.751, 300.72, 100, 74232, 72
2026/07/29 16:25:07.786, 299.76, 100, 74232, 72
2026/07/29 16:25:08.823, 301.42, 100, 74232, 72
2026/07/29 16:25:09.860, 298.51, 100, 74232, 72
2026/07/29 16:25:10.897, 297.41, 100, 74232, 72
2026/07/29 16:25:11.936, 300.15, 100, 74232, 72
2026/07/29 16:25:12.974, 298.90, 100, 74232, 72
2026/07/29 16:25:14.011, 297.23, 100, 74232, 72
2026/07/29 16:25:15.048, 296.77, 100, 74232, 72
2026/07/29 16:25:16.085, 299.95, 100, 74232, 72
2026/07/29 16:25:17.122, 300.74, 100, 74232, 72
2026/07/29 16:25:18.159, 98.33, 0, 74232, 69
2026/07/29 16:25:19.255, 97.33, 0, 74232, 68
2026/07/29 16:25:20.288, 96.56, 0, 74232, 67
2026/07/29 16:25:21.321, 95.75, 0, 74232, 67
2026/07/29 16:25:22.353, 95.10, 0, 74232, 66
2026/07/29 16:25:23.386, 94.21, 0, 74232, 66
2026/07/29 16:25:24.418, 93.71, 0, 74232, 65
2026/07/29 16:25:25.449, 92.68, 0, 74232, 65
2026/07/29 16:25:26.481, 92.15, 0, 74232, 64
2026/07/29 16:25:27.512, 91.99, 0, 74232, 64
2026/07/29 16:25:28.544, 91.40, 0, 74232, 63
2026/07/29 16:25:29.576, 90.08, 0, 74232, 63
2026/07/29 16:25:30.607, 89.50, 0, 74232, 63
2026/07/29 16:25:31.639, 88.80, 0, 74232, 62
2026/07/29 16:25:32.670, 88.25, 0, 74232, 62
2026/07/29 16:25:33.701, 88.10, 0, 74232, 62
2026/07/29 16:25:34.732, 87.46, 0, 74232, 61
2026/07/29 16:25:35.765, 86.50, 0, 74232, 61
2026/07/29 16:25:36.797, 86.82, 0, 74232, 61
2026/07/29 16:25:37.829, 86.88, 0, 74232, 60
2026/07/29 16:25:38.861, 86.44, 0, 74232, 60
2026/07/29 16:25:39.891, 85.73, 0, 74232, 60
2026/07/29 16:25:40.921, 85.51, 0, 74232, 60
2026/07/29 16:25:41.952, 85.73, 0, 74232, 59
2026/07/29 16:25:42.983, 318.00, 0, 74232, 63
2026/07/29 16:25:44.017, 307.80, 100, 74232, 65
2026/07/29 16:25:45.051, 293.95, 100, 74232, 65
2026/07/29 16:25:46.085, 306.23, 100, 74232, 65
2026/07/29 16:25:47.119, 292.66, 100, 74232, 66
2026/07/29 16:25:48.154, 303.24, 100, 74232, 64
2026/07/29 16:25:49.192, 298.88, 100, 74232, 64
2026/07/29 16:25:50.229, 298.92, 100, 74232, 65
2026/07/29 16:25:51.267, 304.23, 100, 74232, 65
2026/07/29 16:25:52.304, 292.67, 100, 74232, 65
2026/07/29 16:25:53.347, 301.22, 100, 74232, 65
2026/07/29 16:25:54.384, 296.66, 100, 74232, 65
2026/07/29 16:25:55.421, 296.56, 100, 74232, 67
2026/07/29 16:25:56.455, 306.88, 100, 74232, 68
2026/07/29 16:25:57.489, 315.98, 100, 74232, 68
2026/07/29 16:25:58.523, 273.42, 100, 74232, 68
2026/07/29 16:25:59.567, 298.39, 100, 74232, 67
2026/07/29 16:26:00.606, 301.69, 100, 74232, 67
2026/07/29 16:26:01.648, 307.24, 100, 74232, 67
2026/07/29 16:26:02.686, 305.89, 100, 74232, 67
2026/07/29 16:26:03.726, 292.56, 100, 74232, 67
2026/07/29 16:26:04.762, 292.17, 100, 74232, 67
2026/07/29 16:26:05.798, 294.71, 100, 74232, 68
2026/07/29 16:26:06.834, 290.23, 100, 74232, 69
2026/07/29 16:26:07.868, 309.16, 100, 74232, 70
2026/07/29 16:26:08.901, 276.20, 100, 74232, 70
2026/07/29 16:26:09.934, 288.52, 100, 74232, 70
2026/07/29 16:26:10.972, 288.91, 100, 74232, 68
2026/07/29 16:26:12.008, 291.90, 100, 74232, 68
2026/07/29 16:26:13.045, 300.80, 100, 74232, 69
2026/07/29 16:26:14.081, 295.41, 100, 74232, 69
2026/07/29 16:26:15.118, 293.44, 100, 74232, 70
2026/07/29 16:26:16.153, 296.66, 100, 74232, 71
2026/07/29 16:26:17.187, 295.53, 100, 74232, 71
2026/07/29 16:26:18.224, 323.24, 100, 74232, 71
2026/07/29 16:26:19.260, 279.84, 100, 74232, 71
2026/07/29 16:26:20.296, 300.05, 100, 74232, 69
2026/07/29 16:26:21.334, 304.24, 100, 74232, 69
2026/07/29 16:26:22.373, 297.14, 100, 74232, 70
2026/07/29 16:26:23.418, 299.84, 100, 74232, 70
2026/07/29 16:26:24.456, 304.15, 100, 74232, 70
2026/07/29 16:26:25.493, 302.12, 100, 74232, 70
2026/07/29 16:26:26.530, 293.74, 100, 74232, 72
2026/07/29 16:26:27.567, 295.99, 100, 74232, 72
2026/07/29 16:26:28.602, 304.06, 100, 74232, 72
2026/07/29 16:26:29.639, 297.16, 100, 74232, 72
2026/07/29 16:26:30.681, 297.93, 100, 74232, 72
2026/07/29 16:26:31.716, 300.67, 100, 74232, 71
2026/07/29 16:26:32.752, 306.87, 100, 74232, 71
2026/07/29 16:26:33.790, 299.81, 100, 74232, 71
2026/07/29 16:26:34.828, 304.24, 100, 74232, 71
2026/07/29 16:26:35.865, 96.95, 0, 74232, 68
2026/07/29 16:26:36.898, 304.23, 100, 74232, 72
2026/07/29 16:26:37.937, 297.77, 100, 74232, 73
2026/07/29 16:26:38.973, 281.20, 100, 74232, 72
2026/07/29 16:26:40.011, 285.85, 100, 74232, 72
2026/07/29 16:26:41.051, 275.93, 100, 74232, 71
2026/07/29 16:26:42.090, 289.85, 100, 74232, 71
2026/07/29 16:26:43.128, 290.94, 100, 74232, 71
2026/07/29 16:26:44.166, 301.72, 100, 74232, 71
2026/07/29 16:26:45.203, 96.36, 0, 74232, 68
2026/07/29 16:26:46.236, 300.33, 100, 74232, 72
2026/07/29 16:26:47.278, 300.52, 100, 74232, 73
2026/07/29 16:26:48.314, 304.32, 100, 74232, 73
2026/07/29 16:26:49.352, 315.11, 100, 74232, 73
2026/07/29 16:26:50.388, 270.42, 100, 74232, 71
2026/07/29 16:26:51.425, 289.74, 100, 74232, 71
2026/07/29 16:26:52.463, 291.23, 100, 74232, 71
2026/07/29 16:26:53.501, 290.52, 100, 74232, 71
2026/07/29 16:26:54.537, 297.93, 100, 74232, 71
2026/07/29 16:26:55.575, 292.28, 100, 74232, 73
2026/07/29 16:26:56.609, 292.80, 100, 74232, 73
2026/07/29 16:26:57.645, 299.07, 100, 74232, 73
2026/07/29 16:26:58.681, 303.58, 100, 74232, 73
2026/07/29 16:26:59.716, 284.62, 100, 74232, 73
2026/07/29 16:27:00.750, 305.72, 100, 74232, 72
2026/07/29 16:27:01.787, 302.41, 100, 74232, 72
2026/07/29 16:27:02.823, 304.12, 100, 74232, 72
2026/07/29 16:27:03.860, 306.73, 100, 74232, 72
2026/07/29 16:27:04.899, 297.81, 100, 74232, 72
2026/07/29 16:27:05.936, 305.42, 100, 74232, 72
2026/07/29 16:27:06.972, 295.31, 100, 74232, 74
2026/07/29 16:27:08.006, 307.31, 100, 74232, 74
2026/07/29 16:27:09.044, 291.68, 100, 74232, 74
2026/07/29 16:27:10.078, 281.37, 100, 74232, 74
2026/07/29 16:27:11.113, 316.53, 100, 74232, 74
2026/07/29 16:27:12.149, 298.38, 100, 74232, 72
2026/07/29 16:27:13.187, 307.45, 100, 74232, 72
2026/07/29 16:27:14.224, 295.29, 100, 74232, 72
2026/07/29 16:27:15.263, 300.26, 100, 74232, 72
2026/07/29 16:27:16.300, 298.87, 100, 74232, 72
2026/07/29 16:27:17.340, 100.99, 69, 74232, 70
2026/07/29 16:27:18.373, 283.49, 100, 74232, 73
2026/07/29 16:27:19.414, 293.64, 100, 74232, 74
2026/07/29 16:27:20.449, 278.92, 100, 74232, 74
2026/07/29 16:27:21.485, 306.66, 100, 74232, 74
2026/07/29 16:27:22.523, 279.84, 100, 74232, 74
2026/07/29 16:27:23.559, 310.43, 100, 74232, 72
2026/07/29 16:27:24.597, 303.28, 100, 74232, 72
2026/07/29 16:27:25.634, 303.26, 100, 74232, 72
2026/07/29 16:27:26.674, 298.02, 100, 74232, 72
2026/07/29 16:27:27.711, 346.38, 71, 74232, 73
2026/07/29 16:27:28.748, 298.62, 100, 74232, 74
2026/07/29 16:27:29.783, 306.41, 100, 74232, 73
2026/07/29 16:27:30.822, 288.79, 100, 74232, 74
2026/07/29 16:27:31.857, 293.30, 100, 74232, 74
2026/07/29 16:27:32.892, 294.02, 100, 74232, 74
2026/07/29 16:27:33.928, 303.64, 100, 74232, 72
2026/07/29 16:27:34.966, 306.65, 100, 74232, 72
2026/07/29 16:27:36.004, 300.14, 100, 74232, 72
2026/07/29 16:27:37.042, 325.31, 89, 74232, 74
2026/07/29 16:27:38.078, 286.53, 100, 74232, 74
2026/07/29 16:27:39.113, 288.40, 100, 74232, 74
2026/07/29 16:27:40.149, 300.59, 100, 74232, 74
2026/07/29 16:27:41.192, 280.68, 100, 74232, 74
2026/07/29 16:27:42.227, 321.71, 100, 74232, 74
2026/07/29 16:27:43.262, 307.47, 100, 74232, 72
2026/07/29 16:27:44.300, 306.75, 100, 74232, 72
2026/07/29 16:27:45.337, 307.67, 100, 74232, 72
2026/07/29 16:27:46.376, 301.02, 100, 74232, 72
2026/07/29 16:27:47.413, 299.93, 100, 74232, 73
2026/07/29 16:27:48.450, 301.70, 100, 74232, 73
2026/07/29 16:27:49.488, 295.80, 100, 74232, 73
2026/07/29 16:27:50.525, 296.96, 100, 74232, 73
2026/07/29 16:27:51.563, 297.42, 100, 74232, 73
2026/07/29 16:27:52.600, 301.04, 55, 74232, 74
2026/07/29 16:27:53.636, 302.87, 100, 74232, 74
2026/07/29 16:27:54.671, 312.84, 100, 74232, 74
2026/07/29 16:27:55.706, 290.56, 100, 74232, 74
2026/07/29 16:27:56.743, 273.22, 100, 74232, 74
2026/07/29 16:27:57.778, 317.35, 100, 74232, 74
2026/07/29 16:27:58.812, 308.78, 100, 74232, 72
2026/07/29 16:27:59.851, 296.16, 100, 74232, 72
2026/07/29 16:28:00.889, 296.26, 100, 74232, 72
2026/07/29 16:28:01.928, 296.36, 100, 74232, 72
2026/07/29 16:28:02.967, 299.97, 100, 74232, 72
2026/07/29 16:28:04.005, 300.55, 100, 74232, 72
2026/07/29 16:28:05.042, 305.79, 100, 74232, 74
2026/07/29 16:28:06.080, 298.65, 100, 74232, 74
2026/07/29 16:28:07.115, 288.21, 100, 74232, 74
2026/07/29 16:28:08.152, 287.55, 100, 74232, 74
2026/07/29 16:28:09.188, 329.52, 100, 74232, 74
2026/07/29 16:28:10.223, 303.29, 100, 74232, 74
2026/07/29 16:28:11.260, 300.64, 100, 74232, 72
2026/07/29 16:28:12.300, 300.63, 100, 74232, 72
2026/07/29 16:28:13.338, 292.86, 100, 74232, 72
2026/07/29 16:28:14.380, 297.73, 100, 74232, 72
2026/07/29 16:28:15.418, 300.25, 100, 74232, 73
2026/07/29 16:28:16.454, 297.83, 100, 74232, 73
2026/07/29 16:28:17.492, 294.14, 100, 74232, 72
2026/07/29 16:28:18.534, 293.35, 100, 74232, 72
2026/07/29 16:28:19.573, 285.88, 100, 74232, 72
2026/07/29 16:28:20.611, 292.95, 100, 74232, 73
2026/07/29 16:28:21.651, 298.99, 100, 74232, 72
2026/07/29 16:28:22.689, 297.14, 100, 74232, 72
2026/07/29 16:28:23.730, 300.35, 100, 74232, 72
2026/07/29 16:28:24.768, 292.41, 100, 74232, 72
2026/07/29 16:28:25.806, 288.32, 100, 74232, 72
2026/07/29 16:28:26.844, 299.76, 100, 74232, 72
2026/07/29 16:28:27.883, 299.88, 100, 74232, 72
2026/07/29 16:28:28.920, 301.03, 100, 74232, 72
2026/07/29 16:28:29.958, 302.90, 53, 74232, 74
2026/07/29 16:28:30.995, 287.15, 100, 74232, 74
2026/07/29 16:28:32.031, 297.63, 100, 74232, 74
2026/07/29 16:28:33.067, 283.72, 100, 74232, 74
2026/07/29 16:28:34.105, 289.44, 100, 74232, 74
2026/07/29 16:28:35.141, 300.47, 100, 74232, 73
2026/07/29 16:28:36.177, 303.47, 100, 74232, 72
2026/07/29 16:28:37.218, 293.16, 100, 74232, 72
2026/07/29 16:28:38.255, 297.64, 100, 74232, 72
2026/07/29 16:28:39.293, 305.69, 100, 74232, 72
2026/07/29 16:28:40.332, 305.41, 100, 74232, 74
2026/07/29 16:28:41.367, 300.46, 100, 74232, 74
2026/07/29 16:28:42.402, 285.47, 100, 74232, 74
2026/07/29 16:28:43.438, 292.67, 100, 74232, 74
2026/07/29 16:28:44.474, 301.33, 100, 74232, 74
2026/07/29 16:28:45.509, 290.24, 100, 74232, 74
2026/07/29 16:28:46.544, 288.49, 100, 74232, 74
2026/07/29 16:28:47.579, 302.28, 100, 74232, 72
2026/07/29 16:28:48.622, 297.62, 100, 74232, 72
2026/07/29 16:28:49.665, 299.67, 100, 74232, 72
2026/07/29 16:28:50.703, 300.64, 100, 74232, 72
2026/07/29 16:28:51.741, 297.53, 100, 74232, 72
2026/07/29 16:28:52.779, 296.28, 100, 74232, 72
2026/07/29 16:28:53.816, 299.88, 100, 74232, 72
2026/07/29 16:28:54.857, 301.60, 100, 74232, 73
2026/07/29 16:28:55.895, 301.42, 100, 74232, 73
2026/07/29 16:28:56.931, 299.16, 100, 74232, 73
2026/07/29 16:28:57.970, 300.76, 100, 74232, 73
2026/07/29 16:28:59.008, 302.26, 100, 74232, 72
2026/07/29 16:29:00.048, 294.91, 100, 74232, 72
2026/07/29 16:29:01.085, 291.70, 100, 74232, 72
2026/07/29 16:29:02.124, 289.97, 100, 74232, 72
2026/07/29 16:29:03.165, 300.83, 100, 74232, 72
2026/07/29 16:29:04.203, 298.91, 100, 74232, 72
2026/07/29 16:29:05.245, 294.32, 100, 74232, 72
2026/07/29 16:29:06.285, 300.82, 100, 74232, 72
2026/07/29 16:29:07.323, 304.37, 100, 74232, 72
2026/07/29 16:29:08.361, 299.58, 100, 74232, 72
2026/07/29 16:29:09.399, 300.14, 100, 74232, 72
2026/07/29 16:29:10.439, 300.56, 100, 74232, 72
2026/07/29 16:29:11.477, 297.25, 100, 74232, 72
2026/07/29 16:29:12.514, 297.52, 100, 74232, 72
2026/07/29 16:29:13.552, 300.25, 100, 74232, 72
2026/07/29 16:29:14.590, 301.02, 100, 74232, 72
2026/07/29 16:29:15.632, 300.87, 100, 74232, 72
2026/07/29 16:29:16.671, 298.89, 100, 74232, 72
2026/07/29 16:29:17.709, 299.96, 100, 74232, 72
2026/07/29 16:29:18.747, 300.47, 100, 74232, 72
2026/07/29 16:29:19.785, 294.33, 100, 74232, 72
2026/07/29 16:29:20.834, 304.45, 100, 74232, 72
2026/07/29 16:29:21.878, 299.37, 100, 74232, 72
2026/07/29 16:29:22.916, 295.40, 100, 74232, 72
2026/07/29 16:29:23.953, 299.48, 100, 74232, 72
2026/07/29 16:29:24.991, 299.48, 100, 74232, 72
2026/07/29 16:29:26.029, 302.96, 100, 74232, 72
2026/07/29 16:29:27.067, 298.78, 100, 74232, 72
2026/07/29 16:29:28.107, 296.06, 100, 74232, 72
2026/07/29 16:29:29.144, 300.28, 100, 74232, 72
2026/07/29 16:29:30.182, 298.32, 100, 74232, 72
2026/07/29 16:29:31.219, 295.30, 100, 74232, 72
2026/07/29 16:29:32.258, 298.81, 100, 74232, 72
2026/07/29 16:29:33.295, 302.31, 100, 74232, 72
2026/07/29 16:29:34.335, 296.47, 100, 74232, 72
2026/07/29 16:29:35.374, 296.86, 100, 74232, 72
2026/07/29 16:29:36.411, 298.71, 100, 74232, 72
2026/07/29 16:29:37.450, 296.11, 100, 74232, 71
2026/07/29 16:29:38.489, 302.30, 100, 74232, 71
2026/07/29 16:29:39.527, 297.44, 100, 74232, 71
2026/07/29 16:29:40.565, 293.55, 100, 74232, 71
2026/07/29 16:29:41.604, 291.32, 100, 74232, 71
2026/07/29 16:29:42.641, 292.50, 100, 74232, 71
2026/07/29 16:29:43.682, 290.04, 100, 74232, 71
2026/07/29 16:29:44.720, 293.45, 100, 74232, 71
2026/07/29 16:29:45.757, 299.28, 100, 74232, 71
2026/07/29 16:29:46.795, 295.60, 100, 74232, 71
2026/07/29 16:29:47.833, 298.11, 100, 74232, 71
2026/07/29 16:29:48.873, 295.12, 100, 74232, 71
2026/07/29 16:29:49.911, 299.67, 100, 74232, 71
2026/07/29 16:29:50.949, 294.99, 100, 74232, 71
2026/07/29 16:29:51.987, 295.67, 100, 74232, 71
2026/07/29 16:29:53.024, 297.63, 100, 74232, 72
2026/07/29 16:29:54.063, 299.88, 100, 74232, 72
2026/07/29 16:29:55.101, 307.53, 100, 74232, 72
2026/07/29 16:29:56.144, 295.00, 100, 74232, 72
2026/07/29 16:29:57.183, 298.04, 100, 74232, 72
2026/07/29 16:29:58.221, 301.60, 100, 74232, 72
2026/07/29 16:29:59.264, 298.51, 100, 74232, 71
2026/07/29 16:30:00.304, 293.36, 100, 74232, 71
2026/07/29 16:30:01.342, 298.61, 100, 74232, 71
2026/07/29 16:30:02.382, 297.33, 100, 74232, 71
2026/07/29 16:30:03.419, 296.86, 100, 74232, 72
2026/07/29 16:30:04.456, 299.17, 100, 74232, 72
2026/07/29 16:30:05.494, 299.77, 100, 74232, 72
2026/07/29 16:30:06.532, 297.05, 100, 74232, 71
2026/07/29 16:30:07.569, 295.59, 100, 74232, 72
2026/07/29 16:30:08.607, 303.18, 100, 74232, 72
2026/07/29 16:30:09.644, 299.87, 100, 74232, 71
2026/07/29 16:30:10.681, 299.85, 100, 74232, 71
2026/07/29 16:30:11.720, 298.71, 100, 74232, 71
2026/07/29 16:30:12.757, 303.15, 100, 74232, 71
2026/07/29 16:30:13.795, 306.84, 100, 74232, 71
2026/07/29 16:30:14.831, 300.18, 100, 74232, 71
2026/07/29 16:30:15.870, 296.07, 100, 74232, 71
2026/07/29 16:30:16.908, 302.00, 100, 74232, 71
2026/07/29 16:30:17.946, 302.17, 100, 74232, 71
2026/07/29 16:30:18.983, 299.29, 100, 74232, 71
2026/07/29 16:30:20.019, 298.13, 100, 74232, 71
2026/07/29 16:30:21.057, 296.69, 100, 74232, 71
2026/07/29 16:30:22.095, 298.77, 100, 74232, 71
2026/07/29 16:30:23.133, 295.79, 100, 74232, 71
2026/07/29 16:30:24.170, 298.80, 100, 74232, 71
2026/07/29 16:30:25.210, 296.47, 100, 74232, 71
2026/07/29 16:30:26.247, 298.50, 100, 74232, 71
2026/07/29 16:30:27.285, 299.68, 100, 74232, 71
2026/07/29 16:30:28.322, 300.06, 100, 74232, 71
2026/07/29 16:30:29.360, 384.69, 0, 74232, 72
2026/07/29 16:30:30.395, 299.84, 100, 74232, 73
2026/07/29 16:30:31.430, 293.14, 100, 74232, 73
2026/07/29 16:30:32.464, 301.71, 100, 74232, 73
2026/07/29 16:30:33.499, 300.61, 100, 74232, 73
2026/07/29 16:30:34.534, 287.53, 100, 74232, 73
2026/07/29 16:30:35.569, 309.90, 100, 74232, 73
2026/07/29 16:30:36.606, 304.73, 100, 74232, 71
2026/07/29 16:30:37.643, 299.29, 100, 74232, 71
2026/07/29 16:30:38.680, 304.40, 100, 74232, 71
2026/07/29 16:30:39.718, 297.05, 100, 74232, 71
2026/07/29 16:30:40.756, 300.26, 21, 74232, 72
2026/07/29 16:30:41.792, 304.40, 100, 74232, 73
2026/07/29 16:30:42.828, 306.83, 100, 74232, 73
2026/07/29 16:30:43.863, 292.69, 100, 74232, 73
2026/07/29 16:30:44.904, 320.77, 100, 74232, 73
2026/07/29 16:30:45.939, 281.77, 100, 74232, 73
2026/07/29 16:30:46.975, 277.60, 100, 74232, 73
2026/07/29 16:30:48.011, 305.30, 100, 74232, 72
2026/07/29 16:30:49.049, 307.14, 100, 74232, 72
2026/07/29 16:30:50.086, 301.22, 100, 74232, 72
2026/07/29 16:30:51.123, 295.00, 100, 74232, 73
2026/07/29 16:30:52.158, 287.57, 100, 74232, 73
2026/07/29 16:30:53.195, 286.32, 100, 74232, 73
2026/07/29 16:30:54.230, 288.78, 100, 74232, 73
2026/07/29 16:30:55.266, 276.19, 100, 74232, 73
2026/07/29 16:30:56.306, 291.52, 100, 74232, 73
2026/07/29 16:30:57.342, 300.82, 100, 74232, 74
2026/07/29 16:30:58.378, 299.17, 100, 74232, 72
2026/07/29 16:30:59.422, 285.85, 100, 74232, 72
2026/07/29 16:31:00.461, 289.27, 100, 74232, 72
2026/07/29 16:31:01.498, 98.79, 0, 74232, 69
2026/07/29 16:31:02.532, 305.59, 100, 74232, 73
2026/07/29 16:31:03.567, 296.73, 100, 74232, 73
2026/07/29 16:31:04.603, 274.58, 100, 74232, 73
2026/07/29 16:31:05.641, 319.55, 100, 74232, 74
2026/07/29 16:31:06.677, 300.46, 100, 74232, 74
2026/07/29 16:31:07.712, 307.63, 100, 74232, 74
2026/07/29 16:31:08.749, 289.94, 100, 74232, 74
2026/07/29 16:31:09.789, 277.88, 100, 74232, 72
2026/07/29 16:31:10.826, 284.51, 100, 74232, 72
2026/07/29 16:31:11.866, 352.22, 78, 74232, 73
2026/07/29 16:31:12.903, 300.28, 100, 74232, 74
2026/07/29 16:31:13.938, 299.95, 100, 74232, 74
2026/07/29 16:31:14.976, 289.44, 100, 74232, 74
2026/07/29 16:31:16.010, 312.68, 100, 74232, 74
2026/07/29 16:31:17.045, 296.87, 100, 74232, 74
2026/07/29 16:31:18.080, 304.98, 100, 74232, 74
2026/07/29 16:31:19.115, 298.41, 100, 74232, 72
2026/07/29 16:31:20.154, 293.18, 100, 74232, 72
2026/07/29 16:31:21.193, 293.93, 100, 74232, 72
2026/07/29 16:31:22.231, 293.64, 100, 74232, 72
2026/07/29 16:31:23.269, 300.44, 100, 74232, 72
2026/07/29 16:31:24.307, 299.76, 100, 74232, 73
2026/07/29 16:31:25.345, 302.10, 100, 74232, 73
2026/07/29 16:31:26.383, 297.03, 100, 74232, 73
2026/07/29 16:31:27.421, 293.15, 100, 74232, 73
2026/07/29 16:31:28.458, 292.39, 100, 74232, 73
2026/07/29 16:31:29.502, 294.82, 100, 74232, 73
2026/07/29 16:31:30.540, 293.64, 100, 74232, 73
2026/07/29 16:31:31.578, 292.56, 100, 74232, 73
2026/07/29 16:31:32.618, 291.90, 100, 74232, 73
2026/07/29 16:31:33.658, 299.09, 100, 74232, 73
2026/07/29 16:31:34.696, 298.20, 100, 74232, 72
2026/07/29 16:31:35.735, 295.79, 100, 74232, 72
2026/07/29 16:31:36.773, 292.58, 100, 74232, 72
2026/07/29 16:31:37.810, 300.14, 100, 74232, 72
2026/07/29 16:31:38.848, 300.83, 100, 74232, 72
2026/07/29 16:31:39.885, 297.64, 100, 74232, 72
2026/07/29 16:31:40.924, 289.76, 100, 74232, 72
2026/07/29 16:31:41.961, 300.34, 100, 74232, 72
2026/07/29 16:31:42.998, 301.71, 100, 74232, 72
2026/07/29 16:31:44.036, 300.54, 100, 74232, 72
2026/07/29 16:31:45.074, 365.33, 45, 74232, 73
2026/07/29 16:31:46.110, 305.64, 100, 74232, 72
2026/07/29 16:31:47.148, 304.94, 100, 74232, 72
2026/07/29 16:31:48.186, 299.86, 100, 74232, 72
2026/07/29 16:31:49.226, 295.96, 100, 74232, 72
2026/07/29 16:31:50.264, 298.58, 100, 74232, 72
2026/07/29 16:31:51.301, 302.06, 100, 74232, 72
2026/07/29 16:31:52.338, 299.88, 100, 74232, 72
2026/07/29 16:31:53.376, 303.75, 100, 74232, 72
2026/07/29 16:31:54.414, 303.14, 100, 74232, 72
2026/07/29 16:31:55.451, 293.84, 100, 74232, 72
2026/07/29 16:31:56.491, 300.25, 100, 74232, 72
2026/07/29 16:31:57.528, 305.43, 100, 74232, 72
2026/07/29 16:31:58.567, 304.90, 100, 74232, 72
2026/07/29 16:31:59.604, 297.94, 100, 74232, 72
2026/07/29 16:32:00.642, 304.51, 100, 74232, 72
2026/07/29 16:32:01.679, 306.26, 100, 74232, 72
2026/07/29 16:32:02.718, 305.68, 100, 74232, 72
2026/07/29 16:32:03.755, 301.69, 100, 74232, 72
2026/07/29 16:32:04.795, 293.85, 100, 74232, 72
2026/07/29 16:32:05.833, 297.74, 100, 74232, 72
2026/07/29 16:32:06.871, 299.66, 100, 74232, 72
2026/07/29 16:32:07.909, 298.51, 100, 74232, 72
2026/07/29 16:32:08.946, 288.41, 100, 74232, 71
2026/07/29 16:32:09.984, 291.21, 100, 74232, 71
2026/07/29 16:32:11.021, 296.26, 100, 74232, 71
2026/07/29 16:32:12.059, 297.17, 100, 74232, 72
2026/07/29 16:32:13.097, 298.41, 100, 74232, 72
2026/07/29 16:32:14.135, 303.93, 100, 74232, 72
2026/07/29 16:32:15.172, 303.93, 100, 74232, 72
2026/07/29 16:32:16.212, 304.04, 100, 74232, 72
2026/07/29 16:32:17.248, 302.67, 100, 74232, 72
2026/07/29 16:32:18.285, 297.06, 100, 74232, 71
2026/07/29 16:32:19.322, 303.00, 100, 74232, 72
2026/07/29 16:32:20.359, 304.61, 100, 74232, 72
2026/07/29 16:32:21.397, 294.72, 100, 74232, 72
2026/07/29 16:32:22.435, 296.64, 100, 74232, 71
2026/07/29 16:32:23.472, 293.55, 100, 74232, 71
2026/07/29 16:32:24.509, 295.89, 100, 74232, 71
2026/07/29 16:32:25.547, 294.03, 100, 74232, 71
2026/07/29 16:32:26.587, 297.13, 100, 74232, 71
2026/07/29 16:32:27.627, 299.75, 100, 74232, 71
2026/07/29 16:32:28.667, 293.06, 100, 74232, 71
2026/07/29 16:32:29.705, 295.57, 100, 74232, 72
2026/07/29 16:32:30.744, 297.82, 100, 74232, 71
2026/07/29 16:32:31.782, 291.61, 100, 74232, 71
2026/07/29 16:32:32.826, 294.52, 100, 74232, 72
2026/07/29 16:32:33.863, 302.58, 100, 74232, 72
2026/07/29 16:32:34.901, 297.75, 100, 74232, 72
2026/07/29 16:32:35.940, 299.20, 100, 74232, 72
2026/07/29 16:32:36.978, 304.70, 100, 74232, 72
2026/07/29 16:32:38.016, 305.01, 100, 74232, 72
2026/07/29 16:32:39.054, 306.55, 100, 74232, 72
2026/07/29 16:32:40.093, 299.19, 100, 74232, 72
2026/07/29 16:32:41.131, 300.25, 100, 74232, 72
2026/07/29 16:32:42.170, 302.03, 100, 74232, 71
2026/07/29 16:32:43.208, 296.76, 100, 74232, 71
2026/07/29 16:32:44.247, 298.42, 100, 74232, 71
2026/07/29 16:32:45.286, 296.86, 100, 74232, 72
2026/07/29 16:32:46.324, 299.47, 100, 74232, 71
2026/07/29 16:32:47.363, 293.86, 100, 74232, 71
2026/07/29 16:32:48.400, 292.07, 100, 74232, 71
2026/07/29 16:32:49.438, 295.58, 100, 74232, 71
2026/07/29 16:32:50.476, 296.88, 100, 74232, 71
2026/07/29 16:32:51.515, 297.04, 100, 74232, 71
2026/07/29 16:32:52.552, 294.89, 100, 74232, 71
2026/07/29 16:32:53.593, 296.75, 100, 74232, 71
2026/07/29 16:32:54.631, 302.20, 100, 74232, 71
2026/07/29 16:32:55.670, 301.89, 100, 74232, 71
2026/07/29 16:32:56.711, 292.00, 100, 74232, 71
2026/07/29 16:32:57.749, 298.13, 100, 74232, 71
2026/07/29 16:32:58.788, 302.71, 100, 74232, 71
2026/07/29 16:32:59.827, 294.42, 100, 74232, 71
2026/07/29 16:33:00.866, 304.14, 100, 74232, 71
2026/07/29 16:33:01.903, 305.98, 100, 74232, 71
2026/07/29 16:33:02.946, 304.42, 100, 74232, 71
2026/07/29 16:33:03.984, 298.50, 100, 74232, 71
2026/07/29 16:33:05.021, 297.55, 100, 74232, 71
2026/07/29 16:33:06.066, 306.11, 100, 74232, 71
2026/07/29 16:33:07.104, 304.60, 100, 74232, 71
2026/07/29 16:33:08.141, 299.68, 100, 74232, 71
2026/07/29 16:33:09.180, 304.45, 100, 74232, 71
2026/07/29 16:33:10.218, 304.90, 100, 74232, 71
2026/07/29 16:33:11.256, 299.68, 100, 74232, 71
2026/07/29 16:33:12.295, 298.71, 100, 74232, 71
2026/07/29 16:33:13.334, 298.42, 100, 74232, 71
2026/07/29 16:33:14.372, 297.13, 100, 74232, 71
2026/07/29 16:33:15.410, 297.23, 100, 74232, 71
2026/07/29 16:33:16.448, 303.66, 100, 74232, 71
2026/07/29 16:33:17.485, 292.11, 100, 74232, 71
2026/07/29 16:33:18.524, 292.57, 100, 74232, 71
2026/07/29 16:33:19.563, 302.78, 100, 74232, 73
2026/07/29 16:33:20.599, 290.77, 100, 74232, 73
2026/07/29 16:33:21.635, 294.98, 100, 74232, 73
2026/07/29 16:33:22.672, 288.79, 100, 74232, 73
2026/07/29 16:33:23.713, 325.71, 100, 74232, 73
2026/07/29 16:33:24.747, 285.49, 100, 74232, 73
2026/07/29 16:33:25.783, 302.18, 100, 74232, 73
2026/07/29 16:33:26.825, 302.58, 100, 74232, 71
2026/07/29 16:33:27.864, 291.13, 100, 74232, 71
2026/07/29 16:33:28.900, 298.39, 100, 74232, 71
2026/07/29 16:33:29.938, 98.03, 8, 74232, 69
2026/07/29 16:33:30.970, 301.59, 100, 74232, 73
2026/07/29 16:33:32.005, 304.40, 100, 74232, 73
2026/07/29 16:33:33.040, 299.94, 100, 74232, 73
2026/07/29 16:33:34.077, 308.03, 100, 74232, 73
2026/07/29 16:33:35.112, 286.12, 100, 74232, 73
2026/07/29 16:33:36.148, 313.26, 100, 74232, 73
2026/07/29 16:33:37.192, 299.76, 100, 74232, 73
2026/07/29 16:33:38.228, 305.57, 100, 74232, 71
2026/07/29 16:33:39.266, 305.62, 100, 74232, 71
2026/07/29 16:33:40.303, 306.18, 100, 74232, 72
2026/07/29 16:33:41.344, 302.37, 100, 74232, 72
2026/07/29 16:33:42.384, 293.96, 100, 74232, 72
2026/07/29 16:33:43.422, 288.02, 75, 74232, 72
2026/07/29 16:33:44.467, 301.42, 100, 74232, 71
2026/07/29 16:33:45.505, 298.62, 100, 74232, 71
2026/07/29 16:33:46.542, 301.14, 100, 74232, 71
2026/07/29 16:33:47.580, 302.38, 100, 74232, 71
2026/07/29 16:33:48.618, 298.67, 100, 74232, 71
2026/07/29 16:33:49.656, 300.95, 100, 74232, 72
2026/07/29 16:33:50.695, 304.32, 100, 74232, 72
2026/07/29 16:33:51.733, 305.41, 100, 74232, 72
2026/07/29 16:33:52.771, 298.61, 100, 74232, 71
2026/07/29 16:33:53.808, 298.59, 100, 74232, 71
2026/07/29 16:33:54.847, 299.21, 100, 74232, 71
2026/07/29 16:33:55.885, 292.97, 100, 74232, 71
2026/07/29 16:33:56.923, 297.63, 100, 74232, 71
2026/07/29 16:33:57.962, 296.82, 100, 74232, 72
2026/07/29 16:33:59.000, 308.64, 100, 74232, 72
2026/07/29 16:34:00.037, 298.10, 100, 74232, 72
2026/07/29 16:34:01.075, 291.41, 100, 74232, 72
2026/07/29 16:34:02.112, 293.93, 100, 74232, 72
2026/07/29 16:34:03.151, 295.71, 100, 74232, 71
2026/07/29 16:34:04.191, 296.58, 100, 74232, 71
2026/07/29 16:34:05.228, 297.23, 100, 74232, 71
2026/07/29 16:34:06.266, 295.31, 100, 74232, 71
2026/07/29 16:34:07.304, 296.66, 100, 74232, 71
2026/07/29 16:34:08.342, 298.83, 100, 74232, 72
2026/07/29 16:34:09.382, 296.55, 100, 74232, 71
2026/07/29 16:34:10.420, 297.34, 100, 74232, 71
2026/07/29 16:34:11.457, 298.50, 100, 74232, 71
2026/07/29 16:34:12.494, 297.03, 100, 74232, 71
2026/07/29 16:34:13.532, 306.30, 100, 74232, 72
2026/07/29 16:34:14.569, 304.90, 100, 74232, 71
2026/07/29 16:34:15.606, 296.85, 100, 74232, 71
2026/07/29 16:34:16.644, 298.22, 100, 74232, 71
2026/07/29 16:34:17.682, 298.10, 100, 74232, 71
2026/07/29 16:34:18.719, 298.23, 100, 74232, 71
2026/07/29 16:34:19.757, 298.89, 100, 74232, 71
2026/07/29 16:34:20.795, 298.33, 100, 74232, 71
2026/07/29 16:34:21.836, 299.31, 100, 74232, 71
2026/07/29 16:34:22.874, 302.19, 100, 74232, 71
2026/07/29 16:34:23.918, 296.74, 100, 74232, 71
2026/07/29 16:34:24.956, 282.93, 100, 74232, 71
2026/07/29 16:34:25.992, 288.48, 100, 74232, 71
2026/07/29 16:34:27.029, 293.65, 100, 74232, 71
2026/07/29 16:34:28.067, 299.08, 100, 74232, 71
2026/07/29 16:34:29.107, 296.75, 100, 74232, 71
2026/07/29 16:34:30.146, 299.47, 100, 74232, 71
2026/07/29 16:34:31.186, 298.89, 100, 74232, 71
2026/07/29 16:34:32.224, 304.99, 100, 74232, 71
2026/07/29 16:34:33.261, 303.93, 100, 74232, 71
2026/07/29 16:34:34.298, 294.71, 100, 74232, 71
2026/07/29 16:34:35.338, 298.41, 100, 74232, 71
2026/07/29 16:34:36.377, 298.53, 100, 74232, 71
2026/07/29 16:34:37.415, 301.31, 100, 74232, 71
2026/07/29 16:34:38.453, 304.79, 100, 74232, 71
2026/07/29 16:34:39.492, 307.51, 100, 74232, 71
2026/07/29 16:34:40.530, 290.61, 100, 74232, 71
2026/07/29 16:34:41.568, 305.30, 100, 74232, 71
2026/07/29 16:34:42.605, 305.19, 100, 74232, 71
2026/07/29 16:34:43.642, 310.24, 100, 74232, 71
2026/07/29 16:34:44.683, 296.86, 100, 74232, 71
2026/07/29 16:34:45.721, 304.71, 100, 74232, 71
2026/07/29 16:34:46.758, 312.11, 100, 74232, 71
2026/07/29 16:34:47.796, 300.04, 100, 74232, 71
2026/07/29 16:34:48.833, 304.23, 100, 74232, 71
2026/07/29 16:34:49.871, 304.53, 100, 74232, 71
2026/07/29 16:34:50.909, 301.13, 100, 74232, 71
2026/07/29 16:34:51.949, 298.31, 100, 74232, 71
2026/07/29 16:34:52.986, 297.14, 100, 74232, 71
2026/07/29 16:34:54.028, 296.97, 100, 74232, 71
2026/07/29 16:34:55.065, 297.07, 100, 74232, 71
2026/07/29 16:34:56.103, 297.64, 100, 74232, 71
2026/07/29 16:34:57.141, 292.00, 100, 74232, 71
2026/07/29 16:34:58.180, 301.22, 100, 74232, 71
2026/07/29 16:34:59.216, 292.41, 100, 74232, 71
2026/07/29 16:35:00.258, 294.72, 100, 74232, 71
2026/07/29 16:35:01.295, 294.72, 100, 74232, 71
2026/07/29 16:35:02.332, 300.63, 100, 74232, 71
2026/07/29 16:35:03.370, 294.60, 100, 74232, 71
2026/07/29 16:35:04.412, 301.69, 100, 74232, 71
2026/07/29 16:35:05.449, 307.33, 100, 74232, 71
2026/07/29 16:35:06.487, 300.13, 100, 74232, 71
2026/07/29 16:35:07.526, 294.54, 100, 74232, 73
2026/07/29 16:35:08.562, 295.22, 100, 74232, 73
2026/07/29 16:35:09.597, 285.74, 100, 74232, 73
2026/07/29 16:35:10.635, 277.67, 100, 74232, 72
2026/07/29 16:35:11.671, 263.49, 100, 74232, 73
2026/07/29 16:35:12.709, 273.51, 100, 74232, 71
2026/07/29 16:35:13.749, 299.38, 100, 74232, 71
2026/07/29 16:35:14.789, 288.10, 100, 74232, 71
2026/07/29 16:35:15.826, 294.02, 100, 74232, 71
2026/07/29 16:35:16.865, 298.23, 100, 74232, 71
2026/07/29 16:35:17.903, 295.50, 100, 74232, 71
2026/07/29 16:35:18.941, 294.90, 100, 74232, 71
2026/07/29 16:35:19.980, 303.92, 100, 74232, 73
2026/07/29 16:35:21.014, 291.29, 100, 74232, 73
2026/07/29 16:35:22.048, 291.93, 100, 74232, 73
2026/07/29 16:35:23.083, 299.68, 100, 74232, 73
2026/07/29 16:35:24.122, 292.20, 100, 74232, 73
2026/07/29 16:35:25.157, 303.13, 100, 74232, 73
2026/07/29 16:35:26.191, 306.35, 100, 74232, 71
2026/07/29 16:35:27.230, 301.61, 100, 74232, 71
2026/07/29 16:35:28.267, 305.20, 100, 74232, 71
2026/07/29 16:35:29.311, 303.35, 100, 74232, 71
2026/07/29 16:35:30.348, 310.38, 100, 74232, 72
2026/07/29 16:35:31.385, 308.40, 100, 74232, 72
2026/07/29 16:35:32.424, 306.21, 100, 74232, 72
2026/07/29 16:35:33.463, 303.28, 100, 74232, 72
2026/07/29 16:35:34.500, 305.22, 100, 74232, 72
2026/07/29 16:35:35.540, 304.51, 100, 74232, 72
2026/07/29 16:35:36.578, 295.68, 100, 74232, 72
2026/07/29 16:35:37.615, 293.08, 100, 74232, 72
2026/07/29 16:35:38.654, 304.22, 100, 74232, 72
2026/07/29 16:35:39.690, 295.78, 100, 74232, 72
2026/07/29 16:35:40.732, 303.30, 100, 74232, 72
2026/07/29 16:35:41.769, 304.94, 100, 74232, 72
2026/07/29 16:35:42.805, 303.91, 100, 74232, 72
2026/07/29 16:35:43.841, 303.97, 100, 74232, 72
2026/07/29 16:35:44.877, 304.61, 100, 74232, 72
2026/07/29 16:35:45.914, 301.35, 100, 74232, 72
2026/07/29 16:35:46.951, 298.33, 100, 74232, 71
2026/07/29 16:35:47.988, 295.68, 100, 74232, 71
2026/07/29 16:35:49.027, 297.92, 100, 74232, 71
2026/07/29 16:35:50.065, 299.11, 100, 74232, 71
2026/07/29 16:35:51.101, 301.40, 100, 74232, 71
2026/07/29 16:35:52.138, 294.92, 100, 74232, 71
2026/07/29 16:35:53.175, 294.83, 100, 74232, 71
2026/07/29 16:35:54.214, 296.16, 100, 74232, 71
2026/07/29 16:35:55.251, 299.98, 100, 74232, 71
2026/07/29 16:35:56.288, 298.21, 100, 74232, 71
2026/07/29 16:35:57.324, 296.57, 100, 74232, 71
2026/07/29 16:35:58.361, 296.76, 100, 74232, 71
2026/07/29 16:35:59.397, 298.20, 100, 74232, 71
2026/07/29 16:36:00.433, 299.57, 100, 74232, 71
2026/07/29 16:36:01.471, 303.65, 100, 74232, 71
2026/07/29 16:36:02.511, 298.22, 100, 74232, 71
2026/07/29 16:36:03.548, 297.45, 100, 74232, 71
2026/07/29 16:36:04.586, 299.18, 100, 74232, 71
2026/07/29 16:36:05.624, 295.10, 100, 74232, 71
2026/07/29 16:36:06.662, 291.12, 100, 74232, 71
2026/07/29 16:36:07.700, 295.02, 100, 74232, 71
2026/07/29 16:36:08.739, 297.03, 100, 74232, 71
2026/07/29 16:36:09.776, 298.02, 100, 74232, 71
2026/07/29 16:36:10.815, 295.02, 100, 74232, 71
2026/07/29 16:36:11.853, 304.52, 100, 74232, 71
2026/07/29 16:36:12.892, 297.85, 100, 74232, 71
2026/07/29 16:36:13.928, 303.25, 100, 74232, 71
2026/07/29 16:36:14.965, 304.99, 100, 74232, 71
2026/07/29 16:36:16.002, 304.80, 100, 74232, 71
2026/07/29 16:36:17.040, 298.03, 100, 74232, 71
2026/07/29 16:36:18.076, 298.13, 100, 74232, 71
2026/07/29 16:36:19.113, 293.45, 100, 74232, 71
2026/07/29 16:36:20.152, 296.35, 100, 74232, 71
2026/07/29 16:36:21.190, 300.94, 100, 74232, 71
2026/07/29 16:36:22.227, 304.12, 100, 74232, 71
2026/07/29 16:36:23.266, 301.79, 100, 74232, 71
2026/07/29 16:36:24.302, 294.42, 100, 74232, 71
2026/07/29 16:36:25.342, 303.07, 100, 74232, 71
2026/07/29 16:36:26.379, 304.69, 100, 74232, 71
2026/07/29 16:36:27.418, 297.44, 100, 74232, 71
2026/07/29 16:36:28.456, 297.82, 100, 74232, 71
2026/07/29 16:36:29.493, 303.48, 100, 74232, 71
2026/07/29 16:36:30.530, 303.75, 100, 74232, 71
2026/07/29 16:36:31.567, 299.28, 100, 74232, 71
2026/07/29 16:36:32.603, 295.68, 100, 74232, 71
2026/07/29 16:36:33.643, 295.01, 100, 74232, 71
2026/07/29 16:36:34.682, 296.46, 100, 74232, 71
2026/07/29 16:36:35.719, 302.86, 100, 74232, 71
2026/07/29 16:36:36.755, 307.42, 100, 74232, 71
2026/07/29 16:36:37.798, 299.15, 100, 74232, 71
2026/07/29 16:36:38.835, 297.54, 100, 74232, 71
2026/07/29 16:36:39.872, 297.93, 100, 74232, 71
2026/07/29 16:36:40.909, 305.97, 100, 74232, 71
2026/07/29 16:36:41.945, 305.48, 100, 74232, 71
2026/07/29 16:36:42.981, 305.78, 100, 74232, 71
2026/07/29 16:36:44.021, 294.79, 100, 74232, 71
2026/07/29 16:36:45.058, 305.41, 100, 74232, 71
2026/07/29 16:36:46.094, 298.99, 100, 74232, 71
2026/07/29 16:36:47.131, 294.50, 100, 74232, 71
2026/07/29 16:36:48.170, 306.26, 100, 74232, 71
2026/07/29 16:36:49.207, 311.10, 100, 74232, 71
2026/07/29 16:36:50.244, 299.64, 100, 74232, 71
2026/07/29 16:36:51.281, 298.51, 100, 74232, 71
2026/07/29 16:36:52.318, 297.26, 100, 74232, 71
2026/07/29 16:36:53.355, 299.88, 100, 74232, 71
2026/07/29 16:36:54.392, 293.94, 100, 74232, 71
2026/07/29 16:36:55.429, 295.98, 100, 74232, 71
2026/07/29 16:36:56.466, 293.65, 100, 74232, 71
2026/07/29 16:36:57.504, 291.12, 100, 74232, 71
2026/07/29 16:36:58.540, 303.65, 100, 74232, 71
2026/07/29 16:36:59.577, 305.01, 100, 74232, 71
2026/07/29 16:37:00.614, 293.05, 100, 74232, 71
2026/07/29 16:37:01.650, 298.61, 100, 74232, 71
2026/07/29 16:37:02.692, 297.71, 100, 74232, 71
2026/07/29 16:37:03.732, 298.32, 100, 74232, 71
2026/07/29 16:37:04.768, 304.85, 100, 74232, 71
2026/07/29 16:37:05.805, 303.55, 100, 74232, 71
2026/07/29 16:37:06.841, 299.96, 100, 74232, 71
2026/07/29 16:37:07.878, 297.26, 100, 74232, 71
2026/07/29 16:37:08.914, 304.21, 100, 74232, 71
2026/07/29 16:37:09.952, 300.73, 100, 74232, 71
2026/07/29 16:37:10.993, 297.04, 100, 74232, 71
2026/07/29 16:37:12.032, 303.83, 100, 74232, 71
2026/07/29 16:37:13.068, 304.33, 100, 74232, 71
2026/07/29 16:37:14.114, 304.56, 100, 74232, 71
2026/07/29 16:37:15.152, 305.76, 100, 74232, 71
2026/07/29 16:37:16.189, 305.32, 100, 74232, 71
2026/07/29 16:37:17.228, 304.02, 100, 74232, 71
2026/07/29 16:37:18.265, 294.73, 100, 74232, 71
2026/07/29 16:37:19.304, 292.49, 100, 74232, 71
2026/07/29 16:37:20.341, 295.22, 100, 74232, 71
2026/07/29 16:37:21.379, 300.31, 100, 74232, 71
2026/07/29 16:37:22.415, 300.19, 100, 74232, 71
2026/07/29 16:37:23.453, 299.50, 100, 74232, 71
2026/07/29 16:37:24.490, 298.51, 100, 74232, 71
2026/07/29 16:37:25.528, 304.13, 100, 74232, 71
2026/07/29 16:37:26.565, 305.57, 100, 74232, 71
2026/07/29 16:37:27.602, 302.79, 100, 74232, 71
2026/07/29 16:37:28.641, 301.12, 100, 74232, 71
2026/07/29 16:37:29.680, 305.89, 100, 74232, 71
2026/07/29 16:37:30.716, 303.40, 100, 74232, 71
2026/07/29 16:37:31.754, 303.08, 100, 74232, 71
2026/07/29 16:37:32.791, 305.20, 100, 74232, 71
2026/07/29 16:37:33.829, 301.21, 100, 74232, 71
2026/07/29 16:37:34.867, 297.96, 100, 74232, 71
2026/07/29 16:37:35.909, 296.56, 100, 74232, 71
2026/07/29 16:37:36.951, 297.33, 100, 74232, 71
2026/07/29 16:37:37.989, 299.66, 100, 74232, 71
2026/07/29 16:37:39.029, 296.00, 100, 74232, 71
2026/07/29 16:37:40.068, 298.62, 100, 74232, 71
2026/07/29 16:37:41.106, 304.72, 100, 74232, 71
2026/07/29 16:37:42.148, 304.11, 100, 74232, 71
2026/07/29 16:37:43.185, 299.68, 100, 74232, 71
2026/07/29 16:37:44.223, 303.33, 100, 74232, 71
2026/07/29 16:37:45.261, 301.61, 100, 74232, 71
2026/07/29 16:37:46.299, 299.16, 100, 74232, 71
2026/07/29 16:37:47.336, 302.79, 100, 74232, 71
2026/07/29 16:37:48.377, 300.34, 100, 74232, 71
2026/07/29 16:37:49.415, 295.98, 100, 74232, 71
2026/07/29 16:37:50.453, 296.48, 100, 74232, 71
2026/07/29 16:37:51.491, 302.46, 100, 74232, 71
2026/07/29 16:37:52.528, 298.52, 100, 74232, 71
2026/07/29 16:37:53.569, 294.92, 100, 74232, 71
2026/07/29 16:37:54.607, 297.92, 100, 74232, 71
2026/07/29 16:37:55.644, 298.69, 100, 74232, 71
2026/07/29 16:37:56.685, 293.26, 100, 74232, 71
2026/07/29 16:37:57.722, 305.59, 100, 74232, 71
2026/07/29 16:37:58.760, 288.89, 100, 74232, 71
2026/07/29 16:37:59.798, 294.12, 100, 74232, 71
2026/07/29 16:38:00.842, 299.28, 100, 74232, 71
2026/07/29 16:38:01.881, 301.10, 100, 74232, 71
2026/07/29 16:38:02.918, 304.22, 100, 74232, 71
2026/07/29 16:38:03.956, 302.81, 100, 74232, 71
2026/07/29 16:38:04.994, 293.05, 100, 74232, 71
2026/07/29 16:38:06.035, 297.06, 100, 74232, 71
2026/07/29 16:38:07.073, 298.79, 100, 74232, 71
2026/07/29 16:38:08.110, 304.03, 100, 74232, 71
2026/07/29 16:38:09.147, 305.40, 100, 74232, 71
2026/07/29 16:38:10.188, 297.33, 100, 74232, 71
2026/07/29 16:38:11.226, 300.83, 100, 74232, 71
2026/07/29 16:38:12.263, 308.49, 100, 74232, 71
2026/07/29 16:38:13.304, 301.41, 100, 74232, 71
2026/07/29 16:38:14.341, 297.94, 100, 74232, 71
2026/07/29 16:38:15.379, 292.78, 100, 74232, 71
2026/07/29 16:38:16.417, 296.65, 100, 74232, 71
2026/07/29 16:38:17.456, 303.53, 100, 74232, 71
2026/07/29 16:38:18.494, 304.59, 100, 74232, 71
2026/07/29 16:38:19.532, 299.39, 100, 74232, 71
2026/07/29 16:38:20.574, 297.64, 100, 74232, 71
2026/07/29 16:38:21.613, 298.60, 100, 74232, 71
2026/07/29 16:38:22.652, 297.19, 100, 74232, 71
2026/07/29 16:38:23.692, 294.03, 100, 74232, 71
2026/07/29 16:38:24.731, 302.17, 100, 74232, 71
2026/07/29 16:38:25.771, 303.00, 100, 74232, 71
2026/07/29 16:38:26.808, 298.23, 100, 74232, 71
2026/07/29 16:38:27.846, 300.76, 100, 74232, 71
2026/07/29 16:38:28.884, 304.03, 100, 74232, 71
2026/07/29 16:38:29.921, 305.33, 100, 74232, 71
2026/07/29 16:38:30.959, 297.73, 100, 74232, 71
2026/07/29 16:38:31.999, 301.88, 100, 74232, 71
2026/07/29 16:38:33.039, 298.69, 100, 74232, 71
2026/07/29 16:38:34.077, 297.93, 100, 74232, 71
2026/07/29 16:38:35.114, 298.11, 100, 74232, 71
2026/07/29 16:38:36.152, 308.35, 100, 74232, 71
2026/07/29 16:38:37.190, 299.49, 100, 74232, 71
2026/07/29 16:38:38.228, 296.12, 100, 74232, 71
2026/07/29 16:38:39.267, 304.12, 100, 74232, 71
2026/07/29 16:38:40.306, 304.05, 100, 74232, 71
2026/07/29 16:38:41.343, 294.62, 100, 74232, 71
2026/07/29 16:38:42.380, 296.29, 100, 74232, 71
2026/07/29 16:38:43.417, 295.60, 100, 74232, 71
2026/07/29 16:38:44.455, 300.00, 100, 74232, 71
2026/07/29 16:38:45.492, 304.42, 100, 74232, 71
2026/07/29 16:38:46.530, 137.82, 74, 74232, 73
2026/07/29 16:38:47.567, 304.60, 100, 74232, 73
2026/07/29 16:38:48.602, 293.75, 100, 74232, 73
2026/07/29 16:38:49.636, 279.71, 100, 74232, 73
2026/07/29 16:38:50.672, 317.37, 100, 74232, 73
2026/07/29 16:38:51.708, 252.15, 100, 74232, 71
2026/07/29 16:38:52.751, 290.05, 100, 74232, 71
2026/07/29 16:38:53.790, 287.32, 100, 74232, 71
2026/07/29 16:38:54.828, 290.92, 100, 74232, 71
2026/07/29 16:38:55.870, 298.31, 100, 74232, 71
2026/07/29 16:38:56.908, 294.90, 100, 74232, 71
2026/07/29 16:38:57.945, 299.28, 100, 74232, 71
2026/07/29 16:38:58.983, 97.07, 0, 74232, 72
2026/07/29 16:39:00.044, 297.14, 100, 74232, 73
2026/07/29 16:39:01.083, 295.00, 100, 74232, 73
2026/07/29 16:39:02.119, 297.43, 100, 74232, 73
2026/07/29 16:39:03.154, 288.68, 100, 74232, 73
2026/07/29 16:39:04.191, 300.26, 100, 74232, 71
2026/07/29 16:39:05.232, 287.90, 100, 74232, 71
2026/07/29 16:39:06.270, 291.03, 100, 74232, 71
2026/07/29 16:39:07.308, 287.04, 100, 74232, 71
2026/07/29 16:39:08.350, 302.13, 100, 74232, 71
2026/07/29 16:39:09.387, 96.88, 0, 74232, 68
2026/07/29 16:39:10.421, 285.18, 100, 74232, 73
2026/07/29 16:39:11.456, 286.43, 100, 74232, 73
2026/07/29 16:39:12.492, 299.30, 100, 74232, 73
2026/07/29 16:39:13.527, 290.91, 100, 74232, 73
2026/07/29 16:39:14.567, 276.85, 100, 74232, 73
2026/07/29 16:39:15.601, 302.75, 100, 74232, 72
2026/07/29 16:39:16.639, 305.95, 100, 74232, 72
2026/07/29 16:39:17.676, 302.86, 100, 74232, 72
2026/07/29 16:39:18.713, 306.17, 100, 74232, 72
2026/07/29 16:39:19.751, 307.43, 100, 74232, 72
2026/07/29 16:39:20.789, 346.71, 83, 74232, 73
2026/07/29 16:39:21.824, 299.05, 100, 74232, 74
2026/07/29 16:39:22.860, 295.49, 100, 74232, 73
2026/07/29 16:39:23.895, 295.50, 100, 74232, 74
2026/07/29 16:39:24.931, 267.66, 100, 74232, 74
2026/07/29 16:39:25.973, 304.51, 100, 74232, 73
2026/07/29 16:39:27.008, 304.12, 100, 74232, 72
2026/07/29 16:39:28.047, 306.98, 100, 74232, 72
2026/07/29 16:39:29.084, 305.07, 100, 74232, 72
2026/07/29 16:39:30.121, 301.60, 100, 74232, 72
2026/07/29 16:39:31.159, 304.07, 100, 74232, 72
2026/07/29 16:39:32.196, 302.60, 100, 74232, 72
2026/07/29 16:39:33.240, 304.82, 100, 74232, 72
2026/07/29 16:39:34.278, 305.22, 100, 74232, 72
2026/07/29 16:39:35.316, 299.85, 100, 74232, 72
2026/07/29 16:39:36.357, 295.59, 100, 74232, 72
2026/07/29 16:39:37.396, 298.00, 100, 74232, 72
2026/07/29 16:39:38.433, 300.14, 100, 74232, 72
2026/07/29 16:39:39.470, 297.14, 100, 74232, 72
2026/07/29 16:39:40.512, 299.38, 100, 74232, 72
2026/07/29 16:39:41.548, 300.45, 100, 74232, 72
2026/07/29 16:39:42.584, 298.02, 100, 74232, 72
2026/07/29 16:39:43.621, 306.08, 100, 74232, 72
2026/07/29 16:39:44.658, 307.51, 100, 74232, 72
2026/07/29 16:39:45.697, 303.65, 100, 74232, 74
2026/07/29 16:39:46.732, 299.85, 100, 74232, 74
2026/07/29 16:39:47.766, 296.58, 100, 74232, 74
2026/07/29 16:39:48.807, 290.37, 100, 74232, 74
2026/07/29 16:39:49.841, 289.18, 100, 74232, 74
2026/07/29 16:39:50.878, 272.94, 100, 74232, 74
2026/07/29 16:39:51.915, 304.40, 100, 74232, 72
2026/07/29 16:39:52.952, 300.94, 100, 74232, 72
2026/07/29 16:39:53.992, 304.04, 100, 74232, 72
2026/07/29 16:39:55.034, 304.21, 100, 74232, 72
2026/07/29 16:39:56.071, 301.99, 100, 74232, 72
2026/07/29 16:39:57.107, 295.02, 100, 74232, 72
2026/07/29 16:39:58.145, 291.61, 100, 74232, 72
2026/07/29 16:39:59.181, 300.35, 100, 74232, 72
2026/07/29 16:40:00.218, 302.00, 100, 74232, 72
2026/07/29 16:40:01.257, 298.49, 100, 74232, 72
2026/07/29 16:40:02.296, 300.33, 100, 74232, 72
2026/07/29 16:40:03.332, 301.15, 100, 74232, 72
2026/07/29 16:40:04.370, 298.20, 100, 74232, 72
2026/07/29 16:40:05.406, 298.29, 100, 74232, 72
2026/07/29 16:40:06.447, 300.17, 100, 74232, 72
2026/07/29 16:40:07.484, 296.34, 100, 74232, 72
2026/07/29 16:40:08.520, 287.90, 100, 74232, 72
2026/07/29 16:40:09.557, 295.79, 100, 74232, 72
2026/07/29 16:40:10.596, 301.24, 100, 74232, 72
2026/07/29 16:40:11.634, 293.26, 100, 74232, 72
2026/07/29 16:40:12.673, 295.19, 100, 74232, 72
2026/07/29 16:40:13.715, 297.35, 100, 74232, 72
2026/07/29 16:40:14.752, 289.56, 100, 74232, 72
2026/07/29 16:40:15.792, 298.02, 100, 74232, 72
2026/07/29 16:40:16.830, 299.75, 100, 74232, 72
2026/07/29 16:40:17.868, 300.44, 100, 74232, 72
2026/07/29 16:40:18.905, 297.41, 100, 74232, 72
2026/07/29 16:40:19.941, 296.95, 100, 74232, 72
2026/07/29 16:40:20.981, 301.51, 100, 74232, 72
2026/07/29 16:40:22.019, 294.46, 100, 74232, 72
2026/07/29 16:40:23.060, 295.19, 100, 74232, 72
2026/07/29 16:40:24.098, 300.08, 100, 74232, 72
2026/07/29 16:40:25.135, 300.75, 100, 74232, 72
2026/07/29 16:40:26.174, 297.15, 100, 74232, 72
2026/07/29 16:40:27.211, 299.79, 100, 74232, 72
2026/07/29 16:40:28.249, 299.38, 100, 74232, 72
2026/07/29 16:40:29.287, 301.02, 100, 74232, 72
2026/07/29 16:40:30.323, 298.87, 100, 74232, 72
2026/07/29 16:40:31.359, 298.89, 100, 74232, 72
2026/07/29 16:40:32.397, 299.78, 100, 74232, 72
2026/07/29 16:40:33.435, 296.84, 100, 74232, 72
2026/07/29 16:40:34.473, 297.21, 100, 74232, 72
2026/07/29 16:40:35.510, 299.85, 100, 74232, 72
2026/07/29 16:40:36.546, 297.35, 100, 74232, 72
2026/07/29 16:40:37.583, 299.47, 100, 74232, 72
2026/07/29 16:40:38.620, 298.33, 100, 74232, 72
2026/07/29 16:40:39.657, 305.76, 100, 74232, 72
2026/07/29 16:40:40.698, 305.69, 100, 74232, 72
2026/07/29 16:40:41.736, 297.62, 100, 74232, 72
2026/07/29 16:40:42.774, 292.79, 100, 74232, 72
2026/07/29 16:40:43.816, 296.26, 100, 74232, 72
2026/07/29 16:40:44.854, 290.82, 100, 74232, 71
2026/07/29 16:40:45.891, 291.81, 100, 74232, 71
2026/07/29 16:40:46.930, 291.59, 100, 74232, 71
2026/07/29 16:40:47.971, 287.52, 100, 74232, 71
2026/07/29 16:40:49.010, 291.21, 100, 74232, 71
2026/07/29 16:40:50.047, 299.86, 100, 74232, 72
2026/07/29 16:40:51.087, 300.05, 100, 74232, 72
2026/07/29 16:40:52.125, 297.93, 100, 74232, 72
2026/07/29 16:40:53.162, 298.88, 100, 74232, 72
2026/07/29 16:40:54.198, 297.92, 100, 74232, 71
2026/07/29 16:40:55.235, 296.73, 100, 74232, 71
2026/07/29 16:40:56.275, 298.69, 100, 74232, 72
2026/07/29 16:40:57.313, 299.80, 100, 74232, 72
2026/07/29 16:40:58.352, 98.12, 0, 74232, 68
2026/07/29 16:40:59.385, 296.46, 100, 74232, 73
2026/07/29 16:41:00.421, 312.02, 100, 74232, 73
2026/07/29 16:41:01.460, 307.31, 100, 74232, 73
2026/07/29 16:41:02.494, 315.81, 100, 74232, 73
2026/07/29 16:41:03.527, 320.36, 100, 74232, 73
2026/07/29 16:41:04.563, 295.88, 100, 74232, 73
2026/07/29 16:41:05.602, 305.09, 100, 74232, 71
2026/07/29 16:41:06.639, 305.99, 100, 74232, 71
2026/07/29 16:41:07.676, 305.08, 100, 74232, 71
2026/07/29 16:41:08.712, 306.84, 100, 74232, 72
2026/07/29 16:41:09.750, 315.62, 21, 74232, 72
2026/07/29 16:41:10.785, 289.24, 100, 74232, 73
2026/07/29 16:41:11.823, 307.57, 100, 74232, 73
2026/07/29 16:41:12.858, 302.01, 100, 74232, 73
2026/07/29 16:41:13.895, 287.61, 100, 74232, 73
2026/07/29 16:41:14.930, 289.36, 100, 74232, 73
2026/07/29 16:41:15.965, 302.40, 100, 74232, 73
2026/07/29 16:41:17.002, 303.86, 100, 74232, 72
2026/07/29 16:41:18.039, 301.90, 100, 74232, 72
2026/07/29 16:41:19.076, 301.22, 100, 74232, 71
2026/07/29 16:41:20.114, 297.14, 100, 74232, 72
2026/07/29 16:41:21.153, 294.99, 100, 74232, 73
2026/07/29 16:41:22.189, 287.43, 100, 74232, 73
2026/07/29 16:41:23.224, 299.78, 100, 74232, 73
2026/07/29 16:41:24.260, 306.02, 100, 74232, 74
2026/07/29 16:41:25.296, 305.08, 100, 74232, 74
2026/07/29 16:41:26.332, 311.00, 100, 74232, 74
2026/07/29 16:41:27.374, 298.22, 100, 74232, 72
2026/07/29 16:41:28.412, 302.49, 100, 74232, 72
2026/07/29 16:41:29.451, 300.53, 100, 74232, 72
2026/07/29 16:41:30.488, 291.41, 100, 74232, 72
2026/07/29 16:41:31.525, 295.79, 100, 74232, 72
2026/07/29 16:41:32.563, 293.35, 100, 74232, 72
2026/07/29 16:41:33.603, 291.20, 100, 74232, 72
2026/07/29 16:41:34.641, 291.70, 100, 74232, 72
2026/07/29 16:41:35.678, 301.33, 100, 74232, 72
2026/07/29 16:41:36.718, 297.07, 100, 74232, 72
2026/07/29 16:41:37.757, 290.14, 100, 74232, 72
2026/07/29 16:41:38.799, 300.57, 100, 74232, 72
2026/07/29 16:41:39.836, 296.86, 100, 74232, 72
2026/07/29 16:41:40.873, 297.02, 100, 74232, 72
2026/07/29 16:41:41.909, 300.05, 100, 74232, 72
2026/07/29 16:41:42.950, 300.50, 100, 74232, 72
2026/07/29 16:41:43.988, 299.69, 100, 74232, 72
2026/07/29 16:41:45.027, 297.05, 100, 74232, 72
2026/07/29 16:41:46.064, 301.12, 100, 74232, 72
2026/07/29 16:41:47.104, 298.88, 100, 74232, 72
2026/07/29 16:41:48.142, 305.97, 100, 74232, 72
2026/07/29 16:41:49.179, 300.65, 100, 74232, 72
2026/07/29 16:41:50.216, 297.52, 100, 74232, 72
2026/07/29 16:41:51.257, 296.85, 100, 74232, 72
2026/07/29 16:41:52.297, 299.58, 100, 74232, 72
2026/07/29 16:41:53.334, 296.26, 100, 74232, 72
2026/07/29 16:41:54.372, 296.08, 100, 74232, 72
2026/07/29 16:41:55.409, 299.65, 100, 74232, 72
2026/07/29 16:41:56.451, 299.87, 100, 74232, 72
2026/07/29 16:41:57.489, 300.74, 100, 74232, 72
2026/07/29 16:41:58.527, 297.42, 100, 74232, 72
2026/07/29 16:41:59.570, 299.76, 100, 74232, 72
2026/07/29 16:42:00.608, 300.06, 100, 74232, 72
2026/07/29 16:42:01.645, 298.45, 100, 74232, 72
2026/07/29 16:42:02.684, 292.86, 100, 74232, 72
2026/07/29 16:42:03.722, 299.38, 100, 74232, 72
2026/07/29 16:42:04.760, 300.45, 100, 74232, 72
2026/07/29 16:42:05.798, 295.88, 100, 74232, 72
2026/07/29 16:42:06.836, 299.19, 100, 74232, 72
2026/07/29 16:42:07.874, 298.61, 100, 74232, 72
2026/07/29 16:42:08.911, 300.82, 100, 74232, 72
2026/07/29 16:42:09.950, 302.88, 100, 74232, 72
2026/07/29 16:42:10.987, 295.20, 100, 74232, 72
2026/07/29 16:42:12.027, 299.08, 100, 74232, 72
2026/07/29 16:42:13.064, 303.57, 100, 74232, 72
2026/07/29 16:42:14.103, 303.56, 100, 74232, 72
2026/07/29 16:42:15.142, 298.69, 100, 74232, 72
2026/07/29 16:42:16.181, 299.30, 100, 74232, 72
2026/07/29 16:42:17.220, 299.49, 100, 74232, 72
2026/07/29 16:42:18.258, 295.69, 100, 74232, 72
2026/07/29 16:42:19.301, 297.56, 100, 74232, 72
2026/07/29 16:42:20.339, 298.11, 100, 74232, 72
2026/07/29 16:42:21.376, 295.69, 100, 74232, 71
2026/07/29 16:42:22.414, 292.00, 100, 74232, 71
2026/07/29 16:42:23.452, 302.87, 100, 74232, 71
2026/07/29 16:42:24.493, 297.26, 100, 74232, 71
2026/07/29 16:42:25.530, 295.21, 100, 74232, 71
2026/07/29 16:42:26.568, 301.02, 100, 74232, 72
2026/07/29 16:42:27.606, 300.18, 100, 74232, 72
2026/07/29 16:42:28.644, 296.66, 100, 74232, 72
2026/07/29 16:42:29.683, 302.79, 100, 74232, 72
2026/07/29 16:42:30.721, 298.91, 100, 74232, 72
2026/07/29 16:42:31.759, 299.96, 100, 74232, 72
2026/07/29 16:42:32.797, 297.62, 100, 74232, 72
2026/07/29 16:42:33.834, 297.94, 100, 74232, 72
2026/07/29 16:42:34.872, 305.71, 100, 74232, 72
2026/07/29 16:42:35.912, 299.69, 100, 74232, 72
2026/07/29 16:42:36.950, 299.76, 100, 74232, 72
2026/07/29 16:42:37.988, 296.56, 100, 74232, 72
2026/07/29 16:42:39.024, 298.41, 100, 74232, 71
2026/07/29 16:42:40.061, 305.98, 100, 74232, 72
2026/07/29 16:42:41.097, 296.48, 100, 74232, 71
2026/07/29 16:42:42.135, 295.79, 100, 74232, 71
2026/07/29 16:42:43.173, 296.16, 100, 74232, 71
2026/07/29 16:42:44.212, 299.18, 100, 74232, 71
2026/07/29 16:42:45.248, 299.28, 100, 74232, 71
2026/07/29 16:42:46.285, 297.32, 100, 74232, 71
2026/07/29 16:42:47.324, 297.91, 100, 74232, 71
2026/07/29 16:42:48.362, 299.17, 100, 74232, 71
2026/07/29 16:42:49.401, 294.44, 100, 74232, 71
2026/07/29 16:42:50.438, 302.70, 100, 74232, 71
2026/07/29 16:42:51.475, 295.40, 100, 74232, 71
2026/07/29 16:42:52.512, 299.00, 100, 74232, 71
2026/07/29 16:42:53.549, 296.07, 100, 74232, 71
2026/07/29 16:42:54.586, 296.57, 100, 74232, 71
2026/07/29 16:42:55.624, 309.76, 100, 74232, 71
2026/07/29 16:42:56.665, 310.99, 100, 74232, 71
2026/07/29 16:42:57.705, 306.36, 100, 74232, 71
2026/07/29 16:42:58.742, 296.78, 100, 74232, 71
2026/07/29 16:42:59.780, 298.99, 100, 74232, 71
2026/07/29 16:43:00.818, 298.91, 100, 74232, 71
2026/07/29 16:43:01.859, 299.47, 100, 74232, 71
2026/07/29 16:43:02.897, 296.67, 100, 74232, 71
2026/07/29 16:43:03.933, 297.71, 100, 74232, 71
2026/07/29 16:43:04.973, 304.43, 100, 74232, 71
2026/07/29 16:43:06.010, 306.55, 100, 74232, 71
2026/07/29 16:43:07.048, 306.54, 100, 74232, 71
2026/07/29 16:43:08.088, 296.76, 100, 74232, 71
2026/07/29 16:43:09.126, 306.19, 100, 74232, 71
2026/07/29 16:43:10.163, 306.64, 100, 74232, 71
2026/07/29 16:43:11.201, 299.59, 100, 74232, 71
2026/07/29 16:43:12.238, 290.35, 100, 74232, 71
2026/07/29 16:43:13.278, 299.46, 100, 74232, 71
2026/07/29 16:43:14.315, 295.49, 100, 74232, 71
2026/07/29 16:43:15.352, 299.47, 100, 74232, 71
2026/07/29 16:43:16.390, 288.80, 100, 74232, 71
2026/07/29 16:43:17.430, 295.88, 100, 74232, 71
2026/07/29 16:43:18.469, 297.92, 100, 74232, 71
2026/07/29 16:43:19.507, 299.30, 100, 74232, 71
2026/07/29 16:43:20.549, 300.14, 100, 74232, 71
2026/07/29 16:43:21.590, 295.21, 100, 74232, 71
2026/07/29 16:43:22.628, 297.65, 100, 74232, 71
2026/07/29 16:43:23.668, 297.73, 100, 74232, 71
2026/07/29 16:43:24.706, 299.08, 100, 74232, 71
2026/07/29 16:43:25.743, 295.58, 100, 74232, 71
2026/07/29 16:43:26.782, 298.61, 100, 74232, 71
2026/07/29 16:43:27.819, 296.46, 100, 74232, 71
2026/07/29 16:43:28.859, 298.20, 100, 74232, 71
2026/07/29 16:43:29.897, 298.51, 100, 74232, 71
2026/07/29 16:43:30.940, 299.10, 100, 74232, 71
2026/07/29 16:43:31.978, 300.82, 100, 74232, 71
2026/07/29 16:43:33.016, 295.20, 100, 74232, 71
2026/07/29 16:43:34.054, 302.39, 100, 74232, 71
2026/07/29 16:43:35.091, 298.61, 100, 74232, 71
2026/07/29 16:43:36.132, 301.11, 100, 74232, 71
2026/07/29 16:43:37.171, 308.63, 100, 74232, 71
2026/07/29 16:43:38.207, 296.27, 100, 74232, 71
2026/07/29 16:43:39.247, 306.27, 100, 74232, 71
2026/07/29 16:43:40.284, 294.92, 100, 74232, 71
2026/07/29 16:43:41.322, 299.68, 100, 74232, 71
2026/07/29 16:43:42.360, 304.42, 100, 74232, 71
2026/07/29 16:43:43.399, 297.92, 100, 74232, 71
2026/07/29 16:43:44.437, 301.70, 100, 74232, 71
2026/07/29 16:43:45.476, 305.89, 100, 74232, 71
2026/07/29 16:43:46.514, 298.32, 100, 74232, 71
2026/07/29 16:43:47.551, 297.76, 100, 74232, 71
2026/07/29 16:43:48.591, 297.71, 100, 74232, 71
2026/07/29 16:43:49.630, 297.50, 100, 74232, 71
2026/07/29 16:43:50.670, 298.40, 100, 74232, 71
2026/07/29 16:43:51.709, 304.52, 100, 74232, 71
2026/07/29 16:43:52.749, 310.63, 100, 74232, 71
2026/07/29 16:43:53.787, 297.54, 100, 74232, 71
2026/07/29 16:43:54.827, 304.52, 100, 74232, 71
2026/07/29 16:43:55.865, 295.19, 100, 74232, 71
2026/07/29 16:43:56.903, 295.70, 100, 74232, 71
2026/07/29 16:43:57.941, 297.24, 100, 74232, 71
2026/07/29 16:43:58.981, 298.60, 100, 74232, 71
2026/07/29 16:44:00.019, 298.90, 100, 74232, 71
2026/07/29 16:44:01.057, 295.09, 100, 74232, 71
2026/07/29 16:44:02.094, 296.08, 100, 74232, 71
2026/07/29 16:44:03.133, 297.90, 100, 74232, 71
2026/07/29 16:44:04.171, 304.81, 100, 74232, 71
2026/07/29 16:44:05.209, 308.98, 100, 74232, 71
2026/07/29 16:44:06.246, 296.56, 100, 74232, 71
2026/07/29 16:44:07.285, 292.68, 100, 74232, 71
2026/07/29 16:44:08.322, 295.48, 100, 74232, 71
2026/07/29 16:44:09.361, 298.52, 100, 74232, 71
2026/07/29 16:44:10.398, 298.39, 100, 74232, 71
2026/07/29 16:44:11.436, 298.81, 100, 74232, 71
2026/07/29 16:44:12.476, 291.51, 100, 74232, 71
2026/07/29 16:44:13.512, 301.52, 100, 74232, 71
2026/07/29 16:44:14.551, 304.82, 100, 74232, 71
2026/07/29 16:44:15.589, 305.61, 100, 74232, 71
2026/07/29 16:44:16.627, 298.87, 100, 74232, 71
2026/07/29 16:44:17.664, 307.13, 100, 74232, 71
2026/07/29 16:44:18.704, 302.22, 100, 74232, 71
2026/07/29 16:44:19.742, 307.13, 100, 74232, 71
2026/07/29 16:44:20.780, 293.33, 100, 74232, 71
2026/07/29 16:44:21.818, 305.72, 100, 74232, 71
2026/07/29 16:44:22.856, 305.61, 100, 74232, 71
2026/07/29 16:44:23.894, 300.93, 100, 74232, 71
2026/07/29 16:44:24.931, 299.58, 100, 74232, 71
2026/07/29 16:44:25.969, 295.69, 100, 74232, 71
2026/07/29 16:44:27.007, 294.12, 100, 74232, 71
2026/07/29 16:44:28.047, 298.20, 100, 74232, 71
2026/07/29 16:44:29.085, 295.11, 100, 74232, 71
2026/07/29 16:44:30.124, 298.91, 100, 74232, 71
2026/07/29 16:44:31.162, 306.76, 100, 74232, 71
2026/07/29 16:44:32.202, 300.64, 100, 74232, 71
2026/07/29 16:44:33.240, 311.17, 100, 74232, 71
2026/07/29 16:44:34.280, 304.71, 100, 74232, 71
2026/07/29 16:44:35.318, 296.15, 100, 74232, 71
2026/07/29 16:44:36.356, 298.01, 100, 74232, 71
2026/07/29 16:44:37.397, 299.00, 100, 74232, 71
2026/07/29 16:44:38.434, 301.02, 100, 74232, 71
2026/07/29 16:44:39.472, 299.20, 100, 74232, 71
2026/07/29 16:44:40.513, 299.67, 100, 74232, 71
2026/07/29 16:44:41.552, 295.19, 100, 74232, 71
2026/07/29 16:44:42.589, 298.12, 100, 74232, 71
2026/07/29 16:44:43.628, 297.61, 100, 74232, 71
2026/07/29 16:44:44.665, 298.70, 100, 74232, 71
2026/07/29 16:44:45.707, 299.20, 100, 74232, 71
2026/07/29 16:44:46.744, 302.49, 100, 74232, 71
2026/07/29 16:44:47.782, 299.98, 100, 74232, 71
2026/07/29 16:44:48.820, 295.68, 100, 74232, 71
2026/07/29 16:44:49.858, 294.64, 100, 74232, 71
2026/07/29 16:44:50.897, 297.95, 100, 74232, 71
2026/07/29 16:44:51.936, 305.60, 100, 74232, 71
2026/07/29 16:44:52.975, 298.12, 100, 74232, 71
2026/07/29 16:44:54.014, 299.27, 100, 74232, 71
2026/07/29 16:44:55.051, 300.57, 100, 74232, 71
2026/07/29 16:44:56.090, 300.38, 100, 74232, 71
2026/07/29 16:44:57.127, 299.28, 100, 74232, 71
2026/07/29 16:44:58.169, 296.84, 100, 74232, 71
2026/07/29 16:44:59.206, 293.63, 100, 74232, 71
2026/07/29 16:45:00.244, 297.82, 100, 74232, 71
2026/07/29 16:45:01.282, 299.94, 100, 74232, 71
2026/07/29 16:45:02.320, 298.18, 100, 74232, 71
2026/07/29 16:45:03.357, 299.86, 100, 74232, 71
2026/07/29 16:45:04.396, 297.34, 100, 74232, 71
2026/07/29 16:45:05.434, 305.27, 100, 74232, 71
2026/07/29 16:45:06.472, 298.02, 100, 74232, 71
2026/07/29 16:45:07.509, 299.10, 100, 74232, 71
2026/07/29 16:45:08.547, 302.49, 100, 74232, 71
2026/07/29 16:45:09.584, 299.60, 100, 74232, 71
2026/07/29 16:45:10.622, 294.61, 100, 74232, 71
2026/07/29 16:45:11.658, 296.48, 100, 74232, 71
2026/07/29 16:45:12.697, 295.10, 100, 74232, 71
2026/07/29 16:45:13.734, 298.51, 100, 74232, 71
2026/07/29 16:45:14.772, 299.27, 100, 74232, 71
2026/07/29 16:45:15.809, 291.43, 100, 74232, 71
2026/07/29 16:45:16.847, 305.78, 100, 74232, 71
2026/07/29 16:45:17.884, 296.16, 100, 74232, 71
2026/07/29 16:45:18.927, 297.64, 100, 74232, 71
2026/07/29 16:45:19.964, 297.33, 100, 74232, 71
2026/07/29 16:45:21.004, 301.04, 100, 74232, 71
2026/07/29 16:45:22.045, 299.95, 100, 74232, 71
2026/07/29 16:45:23.082, 298.31, 100, 74232, 71
2026/07/29 16:45:24.121, 304.73, 100, 74232, 71
2026/07/29 16:45:25.161, 308.10, 100, 74232, 71
2026/07/29 16:45:26.200, 299.66, 100, 74232, 71
2026/07/29 16:45:27.239, 300.57, 100, 74232, 71
2026/07/29 16:45:28.280, 296.47, 100, 74232, 71
2026/07/29 16:45:29.318, 296.37, 100, 74232, 71
2026/07/29 16:45:30.357, 297.82, 100, 74232, 71
2026/07/29 16:45:31.396, 298.30, 100, 74232, 71
2026/07/29 16:45:32.434, 300.74, 100, 74232, 71
2026/07/29 16:45:33.472, 304.71, 100, 74232, 71
2026/07/29 16:45:34.514, 299.77, 100, 74232, 71
2026/07/29 16:45:35.551, 300.17, 100, 74232, 71
2026/07/29 16:45:36.589, 304.23, 100, 74232, 71
2026/07/29 16:45:37.629, 297.33, 100, 74232, 71
2026/07/29 16:45:38.667, 295.68, 100, 74232, 71
2026/07/29 16:45:39.705, 297.55, 100, 74232, 71
2026/07/29 16:45:40.742, 298.80, 100, 74232, 71
2026/07/29 16:45:41.781, 303.83, 100, 74232, 71
2026/07/29 16:45:42.818, 299.08, 100, 74232, 71
2026/07/29 16:45:43.856, 300.56, 100, 74232, 71
2026/07/29 16:45:44.897, 299.77, 100, 74232, 71
2026/07/29 16:45:45.935, 300.33, 100, 74232, 71
2026/07/29 16:45:46.972, 292.68, 100, 74232, 71
2026/07/29 16:45:48.010, 296.44, 100, 74232, 71
2026/07/29 16:45:49.049, 293.08, 100, 74232, 71
2026/07/29 16:45:50.088, 290.23, 100, 74232, 71
2026/07/29 16:45:51.126, 292.19, 100, 74232, 71
2026/07/29 16:45:52.166, 295.01, 100, 74232, 71
2026/07/29 16:45:53.203, 294.24, 100, 74232, 71
2026/07/29 16:45:54.243, 297.84, 100, 74232, 71
2026/07/29 16:45:55.281, 298.01, 100, 74232, 71
2026/07/29 16:45:56.319, 299.47, 100, 74232, 71
2026/07/29 16:45:57.357, 294.64, 100, 74232, 71
2026/07/29 16:45:58.394, 299.76, 100, 74232, 71
2026/07/29 16:45:59.434, 298.41, 100, 74232, 71
2026/07/29 16:46:00.471, 298.13, 100, 74232, 71
2026/07/29 16:46:01.509, 295.47, 100, 74232, 71
2026/07/29 16:46:02.547, 300.34, 100, 74232, 71
2026/07/29 16:46:03.586, 295.49, 100, 74232, 71
2026/07/29 16:46:04.624, 298.98, 100, 74232, 71
2026/07/29 16:46:05.661, 295.89, 100, 74232, 71
2026/07/29 16:46:06.699, 299.19, 100, 74232, 71
2026/07/29 16:46:07.737, 299.76, 100, 74232, 71
2026/07/29 16:46:08.775, 298.79, 100, 74232, 71
2026/07/29 16:46:09.814, 301.73, 100, 74232, 71
2026/07/29 16:46:10.853, 296.96, 100, 74232, 71
2026/07/29 16:46:11.891, 294.52, 100, 74232, 71
2026/07/29 16:46:12.930, 296.86, 100, 74232, 71
2026/07/29 16:46:13.968, 298.48, 100, 74232, 71
2026/07/29 16:46:15.006, 298.77, 100, 74232, 71
2026/07/29 16:46:16.043, 298.68, 100, 74232, 71
2026/07/29 16:46:17.082, 298.71, 100, 74232, 71
2026/07/29 16:46:18.119, 299.69, 100, 74232, 71
2026/07/29 16:46:19.160, 299.20, 100, 74232, 71
2026/07/29 16:46:20.198, 299.30, 100, 74232, 71
2026/07/29 16:46:21.243, 301.50, 84, 74232, 72
2026/07/29 16:46:22.281, 304.99, 100, 74232, 73
2026/07/29 16:46:23.316, 296.09, 100, 74232, 73
2026/07/29 16:46:24.356, 318.76, 100, 74232, 73
2026/07/29 16:46:25.391, 297.26, 100, 74232, 73
2026/07/29 16:46:26.425, 295.12, 100, 74232, 73
2026/07/29 16:46:27.460, 285.16, 100, 74232, 73
2026/07/29 16:46:28.497, 304.73, 100, 74232, 71
2026/07/29 16:46:29.535, 304.23, 100, 74232, 71
2026/07/29 16:46:30.573, 302.00, 100, 74232, 71
2026/07/29 16:46:31.611, 295.97, 100, 74232, 71
2026/07/29 16:46:32.651, 289.46, 100, 74232, 71
2026/07/29 16:46:33.689, 291.20, 100, 74232, 71
2026/07/29 16:46:34.727, 284.03, 100, 74232, 71
2026/07/29 16:46:35.765, 286.74, 100, 74232, 71
2026/07/29 16:46:36.802, 291.02, 100, 74232, 71
2026/07/29 16:46:37.840, 295.18, 100, 74232, 72
2026/07/29 16:46:38.877, 296.56, 100, 74232, 72
2026/07/29 16:46:39.915, 298.01, 100, 74232, 72
2026/07/29 16:46:40.952, 296.77, 100, 74232, 72
2026/07/29 16:46:41.991, 297.42, 100, 74232, 72
2026/07/29 16:46:43.029, 293.95, 100, 74232, 72
2026/07/29 16:46:44.069, 298.30, 100, 74232, 72
2026/07/29 16:46:45.106, 295.79, 100, 74232, 72
2026/07/29 16:46:46.143, 296.96, 100, 74232, 72
2026/07/29 16:46:47.181, 299.08, 100, 74232, 72
2026/07/29 16:46:48.217, 300.73, 100, 74232, 72
2026/07/29 16:46:49.257, 293.06, 100, 74232, 71
2026/07/29 16:46:50.295, 291.89, 100, 74232, 71
2026/07/29 16:46:51.332, 299.00, 100, 74232, 71
2026/07/29 16:46:52.368, 294.52, 100, 74232, 71
2026/07/29 16:46:53.405, 295.46, 100, 74232, 71
2026/07/29 16:46:54.441, 298.01, 100, 74232, 71
2026/07/29 16:46:55.479, 299.67, 100, 74232, 71
2026/07/29 16:46:56.515, 299.86, 100, 74232, 71
2026/07/29 16:46:57.552, 297.33, 100, 74232, 71
2026/07/29 16:46:58.591, 298.89, 100, 74232, 71
2026/07/29 16:46:59.629, 299.67, 100, 74232, 71
2026/07/29 16:47:00.666, 295.18, 100, 74232, 71
2026/07/29 16:47:01.703, 295.38, 100, 74232, 71
2026/07/29 16:47:02.740, 299.07, 100, 74232, 71
2026/07/29 16:47:03.777, 299.96, 100, 74232, 71
2026/07/29 16:47:04.813, 297.22, 100, 74232, 71
2026/07/29 16:47:05.852, 295.67, 100, 74232, 71
2026/07/29 16:47:06.891, 299.16, 100, 74232, 71
2026/07/29 16:47:07.928, 298.39, 100, 74232, 71
2026/07/29 16:47:08.967, 300.86, 100, 74232, 71
2026/07/29 16:47:10.003, 305.77, 100, 74232, 71
2026/07/29 16:47:11.040, 306.37, 100, 74232, 71
2026/07/29 16:47:12.076, 300.27, 100, 74232, 71
2026/07/29 16:47:13.115, 290.14, 100, 74232, 71
2026/07/29 16:47:14.152, 288.38, 100, 74232, 71
2026/07/29 16:47:15.190, 296.26, 100, 74232, 71
2026/07/29 16:47:16.226, 292.67, 100, 74232, 71
2026/07/29 16:47:17.265, 298.30, 100, 74232, 71
2026/07/29 16:47:18.305, 298.71, 100, 74232, 71
2026/07/29 16:47:19.344, 295.39, 100, 74232, 71
2026/07/29 16:47:20.382, 296.18, 100, 74232, 71
2026/07/29 16:47:21.419, 298.11, 100, 74232, 71
2026/07/29 16:47:22.458, 294.04, 100, 74232, 71
2026/07/29 16:47:23.496, 294.99, 100, 74232, 71
2026/07/29 16:47:24.534, 305.67, 100, 74232, 71
2026/07/29 16:47:25.575, 305.98, 100, 74232, 71
2026/07/29 16:47:26.613, 298.12, 100, 74232, 71
2026/07/29 16:47:27.653, 291.61, 100, 74232, 71
2026/07/29 16:47:28.691, 297.82, 100, 74232, 71
2026/07/29 16:47:29.728, 297.65, 100, 74232, 71
2026/07/29 16:47:30.767, 298.60, 100, 74232, 71
2026/07/29 16:47:31.803, 296.56, 100, 74232, 71
2026/07/29 16:47:32.839, 298.02, 100, 74232, 71
2026/07/29 16:47:33.876, 298.31, 100, 74232, 71
2026/07/29 16:47:34.913, 301.31, 100, 74232, 71
2026/07/29 16:47:35.954, 298.19, 100, 74232, 71
2026/07/29 16:47:36.992, 296.14, 100, 74232, 71
2026/07/29 16:47:38.030, 298.40, 100, 74232, 71
2026/07/29 16:47:39.067, 302.28, 100, 74232, 71
2026/07/29 16:47:40.105, 302.01, 100, 74232, 71
2026/07/29 16:47:41.143, 296.74, 100, 74232, 71
2026/07/29 16:47:42.180, 297.82, 100, 74232, 71
2026/07/29 16:47:43.218, 297.73, 100, 74232, 71
2026/07/29 16:47:44.257, 294.61, 100, 74232, 71
2026/07/29 16:47:45.295, 297.35, 100, 74232, 71
2026/07/29 16:47:46.333, 305.96, 100, 74232, 71
2026/07/29 16:47:47.372, 298.33, 100, 74232, 71
2026/07/29 16:47:48.410, 296.37, 100, 74232, 71
2026/07/29 16:47:49.448, 297.61, 100, 74232, 71
2026/07/29 16:47:50.485, 297.92, 100, 74232, 71
2026/07/29 16:47:51.524, 298.51, 100, 74232, 71
2026/07/29 16:47:52.563, 298.01, 100, 74232, 71
2026/07/29 16:47:53.600, 296.07, 100, 74232, 71
2026/07/29 16:47:54.639, 302.52, 100, 74232, 71
2026/07/29 16:47:55.679, 302.60, 100, 74232, 71
2026/07/29 16:47:56.718, 306.26, 100, 74232, 71
2026/07/29 16:47:57.756, 301.58, 100, 74232, 71
2026/07/29 16:47:58.796, 296.18, 100, 74232, 71
2026/07/29 16:47:59.837, 300.94, 100, 74232, 71
2026/07/29 16:48:00.874, 299.39, 100, 74232, 71
2026/07/29 16:48:01.913, 294.41, 100, 74232, 71
2026/07/29 16:48:02.951, 295.39, 100, 74232, 71
2026/07/29 16:48:03.988, 297.04, 100, 74232, 71
2026/07/29 16:48:05.026, 299.11, 100, 74232, 71
2026/07/29 16:48:06.063, 296.55, 100, 74232, 71
2026/07/29 16:48:07.101, 295.20, 100, 74232, 71
2026/07/29 16:48:08.137, 297.54, 100, 74232, 71
2026/07/29 16:48:09.174, 299.18, 100, 74232, 71
2026/07/29 16:48:10.211, 298.60, 100, 74232, 71
2026/07/29 16:48:11.248, 295.76, 100, 74232, 71
2026/07/29 16:48:12.284, 297.05, 100, 74232, 71
2026/07/29 16:48:13.321, 297.73, 100, 74232, 71
2026/07/29 16:48:14.358, 298.91, 100, 74232, 71
2026/07/29 16:48:15.394, 294.79, 100, 74232, 71
2026/07/29 16:48:16.432, 294.22, 100, 74232, 71
2026/07/29 16:48:17.470, 297.32, 100, 74232, 71
2026/07/29 16:48:18.508, 299.19, 100, 74232, 71
2026/07/29 16:48:19.546, 294.05, 100, 74232, 71
2026/07/29 16:48:20.585, 293.35, 100, 74232, 71
2026/07/29 16:48:21.625, 297.52, 100, 74232, 71
2026/07/29 16:48:22.662, 299.47, 100, 74232, 71
2026/07/29 16:48:23.699, 298.70, 100, 74232, 71
2026/07/29 16:48:24.735, 294.62, 100, 74232, 71
2026/07/29 16:48:25.773, 300.24, 100, 74232, 71
2026/07/29 16:48:26.811, 295.98, 100, 74232, 71
2026/07/29 16:48:27.849, 306.10, 100, 74232, 71
2026/07/29 16:48:28.888, 304.45, 100, 74232, 71
2026/07/29 16:48:29.926, 303.52, 100, 74232, 71
2026/07/29 16:48:30.965, 299.85, 100, 74232, 71
2026/07/29 16:48:32.002, 299.09, 100, 74232, 71
2026/07/29 16:48:33.041, 300.74, 100, 74232, 71
2026/07/29 16:48:34.077, 303.16, 100, 74232, 71
2026/07/29 16:48:35.114, 296.37, 100, 74232, 71
2026/07/29 16:48:36.152, 95.96, 0, 74232, 68
2026/07/29 16:48:37.185, 296.96, 100, 74232, 72
2026/07/29 16:48:38.221, 297.49, 100, 74232, 72
2026/07/29 16:48:39.256, 304.81, 100, 74232, 72
2026/07/29 16:48:40.290, 293.27, 100, 74232, 72
2026/07/29 16:48:41.326, 314.91, 100, 74232, 73
2026/07/29 16:48:42.369, 295.12, 100, 74232, 72
2026/07/29 16:48:43.403, 253.59, 100, 74232, 71
2026/07/29 16:48:44.442, 285.94, 100, 74232, 71
2026/07/29 16:48:45.479, 290.83, 100, 74232, 71
2026/07/29 16:48:46.516, 288.48, 100, 74232, 71
2026/07/29 16:48:47.553, 95.37, 100, 74232, 69
2026/07/29 16:48:48.585, 303.85, 100, 74232, 72
2026/07/29 16:48:49.712, 302.94, 100, 74232, 73
2026/07/29 16:48:50.747, 300.14, 100, 74232, 73
2026/07/29 16:48:51.784, 318.51, 100, 74232, 73
2026/07/29 16:48:52.819, 281.92, 100, 74232, 73
2026/07/29 16:48:53.852, 297.30, 100, 74232, 73
2026/07/29 16:48:54.888, 300.89, 100, 74232, 73
2026/07/29 16:48:55.923, 295.01, 100, 74232, 71
2026/07/29 16:48:56.963, 293.15, 100, 74232, 71
2026/07/29 16:48:58.000, 292.48, 100, 74232, 71
2026/07/29 16:48:59.039, 302.09, 100, 74232, 73
2026/07/29 16:49:00.075, 291.26, 100, 74232, 73
2026/07/29 16:49:01.114, 305.85, 100, 74232, 73
2026/07/29 16:49:02.149, 320.65, 100, 74232, 74
2026/07/29 16:49:03.185, 294.89, 100, 74232, 74
2026/07/29 16:49:04.221, 272.17, 100, 74232, 73
2026/07/29 16:49:05.255, 307.15, 100, 74232, 73
2026/07/29 16:49:06.289, 306.68, 100, 74232, 72
2026/07/29 16:49:07.327, 304.74, 100, 74232, 72
2026/07/29 16:49:08.363, 302.76, 100, 74232, 72
2026/07/29 16:49:09.400, 307.03, 100, 74232, 72
2026/07/29 16:49:10.436, 306.56, 100, 74232, 72
2026/07/29 16:49:11.473, 298.24, 100, 74232, 72
2026/07/29 16:49:12.510, 296.84, 100, 74232, 72
2026/07/29 16:49:13.547, 291.98, 100, 74232, 72
2026/07/29 16:49:14.585, 293.28, 100, 74232, 72
2026/07/29 16:49:15.623, 293.37, 100, 74232, 72
2026/07/29 16:49:16.660, 297.90, 100, 74232, 72
2026/07/29 16:49:17.699, 299.76, 100, 74232, 72
2026/07/29 16:49:18.735, 298.89, 100, 74232, 72
2026/07/29 16:49:19.777, 299.97, 100, 74232, 72
2026/07/29 16:49:20.813, 295.04, 100, 74232, 72
2026/07/29 16:49:21.849, 300.44, 100, 74232, 72
2026/07/29 16:49:22.886, 297.62, 100, 74232, 72
2026/07/29 16:49:23.922, 298.70, 100, 74232, 72
2026/07/29 16:49:24.959, 300.54, 100, 74232, 72
2026/07/29 16:49:25.996, 300.36, 100, 74232, 72
2026/07/29 16:49:27.032, 301.02, 100, 74232, 72
2026/07/29 16:49:28.069, 307.33, 100, 74232, 72
2026/07/29 16:49:29.105, 299.29, 100, 74232, 72
2026/07/29 16:49:30.144, 299.20, 100, 74232, 72
2026/07/29 16:49:31.180, 296.26, 100, 74232, 72
2026/07/29 16:49:32.223, 290.36, 100, 74232, 72
2026/07/29 16:49:33.259, 293.25, 100, 74232, 72
2026/07/29 16:49:34.297, 296.35, 100, 74232, 72
2026/07/29 16:49:35.335, 299.88, 100, 74232, 72
2026/07/29 16:49:36.373, 299.08, 100, 74232, 72
2026/07/29 16:49:37.409, 299.10, 100, 74232, 72
2026/07/29 16:49:38.447, 290.73, 100, 74232, 72
2026/07/29 16:49:39.483, 291.60, 100, 74232, 72
2026/07/29 16:49:40.521, 306.54, 100, 74232, 72
2026/07/29 16:49:41.561, 307.61, 100, 74232, 72
2026/07/29 16:49:42.597, 298.51, 100, 74232, 72
2026/07/29 16:49:43.639, 298.60, 100, 74232, 72
2026/07/29 16:49:44.677, 299.66, 100, 74232, 72
2026/07/29 16:49:45.713, 306.84, 100, 74232, 72
2026/07/29 16:49:46.750, 309.94, 100, 74232, 72
2026/07/29 16:49:47.787, 297.62, 100, 74232, 72
2026/07/29 16:49:48.826, 299.76, 100, 74232, 72
2026/07/29 16:49:49.863, 299.49, 100, 74232, 72
2026/07/29 16:49:50.899, 300.06, 100, 74232, 72
2026/07/29 16:49:51.937, 297.73, 100, 74232, 72
2026/07/29 16:49:52.974, 297.14, 100, 74232, 72
2026/07/29 16:49:54.011, 299.10, 100, 74232, 72
2026/07/29 16:49:55.048, 299.86, 100, 74232, 72
2026/07/29 16:49:56.084, 296.55, 100, 74232, 72
2026/07/29 16:49:57.121, 296.18, 100, 74232, 72
2026/07/29 16:49:58.156, 299.09, 100, 74232, 72
2026/07/29 16:49:59.192, 300.15, 100, 74232, 72
2026/07/29 16:50:00.230, 307.42, 100, 74232, 72
2026/07/29 16:50:01.266, 296.57, 100, 74232, 72
2026/07/29 16:50:02.304, 297.90, 100, 74232, 72
2026/07/29 16:50:03.342, 297.24, 100, 74232, 72
2026/07/29 16:50:04.380, 299.57, 100, 74232, 72
2026/07/29 16:50:05.417, 295.20, 100, 74232, 72
2026/07/29 16:50:06.454, 298.31, 100, 74232, 72
2026/07/29 16:50:07.493, 298.02, 100, 74232, 72
2026/07/29 16:50:08.529, 299.39, 100, 74232, 71
2026/07/29 16:50:09.566, 296.08, 100, 74232, 71
2026/07/29 16:50:10.603, 299.46, 100, 74232, 72
2026/07/29 16:50:11.642, 296.18, 100, 74232, 72
2026/07/29 16:50:12.678, 297.62, 100, 74232, 71
2026/07/29 16:50:13.714, 297.34, 100, 74232, 71
2026/07/29 16:50:14.750, 299.18, 100, 74232, 71
2026/07/29 16:50:15.789, 299.80, 100, 74232, 71
2026/07/29 16:50:16.826, 300.92, 100, 74232, 71
2026/07/29 16:50:17.863, 296.35, 100, 74232, 71
2026/07/29 16:50:18.900, 298.22, 100, 74232, 71
2026/07/29 16:50:19.939, 298.23, 100, 74232, 71
2026/07/29 16:50:20.977, 299.57, 100, 74232, 71
2026/07/29 16:50:22.014, 294.82, 100, 74232, 71
2026/07/29 16:50:23.051, 297.63, 100, 74232, 71
2026/07/29 16:50:24.086, 296.84, 100, 74232, 71
2026/07/29 16:50:25.124, 298.30, 100, 74232, 71
2026/07/29 16:50:26.160, 299.28, 100, 74232, 71
2026/07/29 16:50:27.198, 300.13, 100, 74232, 71
2026/07/29 16:50:28.234, 295.96, 100, 74232, 71
2026/07/29 16:50:29.271, 297.82, 100, 74232, 71
2026/07/29 16:50:30.308, 290.91, 100, 74232, 71
2026/07/29 16:50:31.345, 298.79, 100, 74232, 71
2026/07/29 16:50:32.382, 294.79, 100, 74232, 71
2026/07/29 16:50:33.420, 297.42, 100, 74232, 71
2026/07/29 16:50:34.456, 297.05, 100, 74232, 71
2026/07/29 16:50:35.492, 298.79, 100, 74232, 71
2026/07/29 16:50:36.529, 300.06, 100, 74232, 71
2026/07/29 16:50:37.566, 291.81, 100, 74232, 71
2026/07/29 16:50:38.606, 296.65, 100, 74232, 71
2026/07/29 16:50:39.643, 295.57, 100, 74232, 71
2026/07/29 16:50:40.681, 298.61, 100, 74232, 71
2026/07/29 16:50:41.717, 299.29, 100, 74232, 71
2026/07/29 16:50:42.754, 294.62, 100, 74232, 71
2026/07/29 16:50:43.792, 298.51, 100, 74232, 71
2026/07/29 16:50:44.830, 294.33, 100, 74232, 71
2026/07/29 16:50:45.867, 286.19, 100, 74232, 71
2026/07/29 16:50:46.905, 289.67, 100, 74232, 71
2026/07/29 16:50:47.942, 298.61, 100, 74232, 71
2026/07/29 16:50:48.979, 298.62, 100, 74232, 71
2026/07/29 16:50:50.017, 301.50, 100, 74232, 71
2026/07/29 16:50:51.056, 306.68, 100, 74232, 71
2026/07/29 16:50:52.093, 306.17, 100, 74232, 71
2026/07/29 16:50:53.130, 301.20, 100, 74232, 71
2026/07/29 16:50:54.168, 299.55, 100, 74232, 71
2026/07/29 16:50:55.205, 300.72, 100, 74232, 71
2026/07/29 16:50:56.244, 301.70, 100, 74232, 71
2026/07/29 16:50:57.280, 297.93, 100, 74232, 71
2026/07/29 16:50:58.317, 300.84, 100, 74232, 71
2026/07/29 16:50:59.352, 298.33, 100, 74232, 71
2026/07/29 16:51:00.393, 304.50, 100, 74232, 71
2026/07/29 16:51:01.429, 292.46, 100, 74232, 71
2026/07/29 16:51:02.465, 304.42, 100, 74232, 71
2026/07/29 16:51:03.501, 305.30, 100, 74232, 71
2026/07/29 16:51:04.538, 300.45, 100, 74232, 71
2026/07/29 16:51:05.575, 298.70, 100, 74232, 71
2026/07/29 16:51:06.613, 298.89, 100, 74232, 71
2026/07/29 16:51:07.649, 293.96, 100, 74232, 71
2026/07/29 16:51:08.686, 298.70, 100, 74232, 71
2026/07/29 16:51:09.726, 299.21, 100, 74232, 71
2026/07/29 16:51:10.765, 295.78, 100, 74232, 71
2026/07/29 16:51:11.801, 292.38, 100, 74232, 71
2026/07/29 16:51:12.839, 296.07, 100, 74232, 71
2026/07/29 16:51:13.877, 296.55, 100, 74232, 71
2026/07/29 16:51:14.914, 295.00, 100, 74232, 71
2026/07/29 16:51:15.950, 297.03, 100, 74232, 71
2026/07/29 16:51:16.987, 297.05, 100, 74232, 71
2026/07/29 16:51:18.026, 293.74, 100, 74232, 71
2026/07/29 16:51:19.065, 296.08, 100, 74232, 71
2026/07/29 16:51:20.103, 294.33, 100, 74232, 71
2026/07/29 16:51:21.139, 299.95, 100, 74232, 71
2026/07/29 16:51:22.178, 296.86, 100, 74232, 71
2026/07/29 16:51:23.215, 297.83, 100, 74232, 71
2026/07/29 16:51:24.252, 299.08, 100, 74232, 71
2026/07/29 16:51:25.289, 305.32, 100, 74232, 71
2026/07/29 16:51:26.326, 296.17, 100, 74232, 71
2026/07/29 16:51:27.364, 294.01, 100, 74232, 71
2026/07/29 16:51:28.403, 298.31, 100, 74232, 71
2026/07/29 16:51:29.440, 305.30, 100, 74232, 71
2026/07/29 16:51:30.481, 299.89, 100, 74232, 71
2026/07/29 16:51:31.518, 296.67, 100, 74232, 71
2026/07/29 16:51:32.555, 299.17, 100, 74232, 71
2026/07/29 16:51:33.591, 303.99, 100, 74232, 71
2026/07/29 16:51:34.627, 297.31, 100, 74232, 71
2026/07/29 16:51:35.664, 304.41, 100, 74232, 71
2026/07/29 16:51:36.702, 299.39, 100, 74232, 71
2026/07/29 16:51:37.740, 297.72, 100, 74232, 71
2026/07/29 16:51:38.776, 297.52, 100, 74232, 71
2026/07/29 16:51:39.813, 294.03, 100, 74232, 71
2026/07/29 16:51:40.855, 292.09, 100, 74232, 71
2026/07/29 16:51:41.893, 297.06, 100, 74232, 71
2026/07/29 16:51:42.930, 297.54, 100, 74232, 71
2026/07/29 16:51:43.967, 296.65, 100, 74232, 71
2026/07/29 16:51:45.004, 304.74, 100, 74232, 71
2026/07/29 16:51:46.041, 309.31, 100, 74232, 71
2026/07/29 16:51:47.078, 301.77, 100, 74232, 71
2026/07/29 16:51:48.114, 298.80, 100, 74232, 71
2026/07/29 16:51:49.151, 293.73, 100, 74232, 71
2026/07/29 16:51:50.188, 294.33, 100, 74232, 71
2026/07/29 16:51:51.224, 297.42, 100, 74232, 71
2026/07/29 16:51:52.263, 305.80, 100, 74232, 71
2026/07/29 16:51:53.301, 295.98, 100, 74232, 71
2026/07/29 16:51:54.338, 295.79, 100, 74232, 71
2026/07/29 16:51:55.374, 297.04, 100, 74232, 71
2026/07/29 16:51:56.411, 295.61, 100, 74232, 71
2026/07/29 16:51:57.447, 301.80, 100, 74232, 71
2026/07/29 16:51:58.482, 303.07, 100, 74232, 71
2026/07/29 16:51:59.520, 300.27, 100, 74232, 71
2026/07/29 16:52:00.556, 298.61, 100, 74232, 71
2026/07/29 16:52:01.593, 301.91, 100, 74232, 71
2026/07/29 16:52:02.629, 302.66, 100, 74232, 71
2026/07/29 16:52:03.669, 294.03, 100, 74232, 71
2026/07/29 16:52:04.706, 291.03, 100, 74232, 71
2026/07/29 16:52:05.746, 295.69, 100, 74232, 71
2026/07/29 16:52:06.783, 292.67, 100, 74232, 71
2026/07/29 16:52:07.820, 293.65, 100, 74232, 71
2026/07/29 16:52:08.858, 293.64, 100, 74232, 71
2026/07/29 16:52:09.894, 300.72, 100, 74232, 71
2026/07/29 16:52:10.931, 294.01, 100, 74232, 71
2026/07/29 16:52:11.968, 293.65, 100, 74232, 71
2026/07/29 16:52:13.006, 304.82, 100, 74232, 71
2026/07/29 16:52:14.043, 298.23, 100, 74232, 71
2026/07/29 16:52:15.080, 297.13, 100, 74232, 71
2026/07/29 16:52:16.116, 295.38, 100, 74232, 71
2026/07/29 16:52:17.153, 300.64, 100, 74232, 71
2026/07/29 16:52:18.190, 292.84, 100, 74232, 71
2026/07/29 16:52:19.227, 293.76, 100, 74232, 71
2026/07/29 16:52:20.263, 305.23, 100, 74232, 71
2026/07/29 16:52:21.300, 301.31, 100, 74232, 71
2026/07/29 16:52:22.337, 301.00, 100, 74232, 71
2026/07/29 16:52:23.375, 296.67, 100, 74232, 71
2026/07/29 16:52:24.414, 293.74, 100, 74232, 71
2026/07/29 16:52:25.453, 297.05, 100, 74232, 71
2026/07/29 16:52:26.491, 296.94, 100, 74232, 71
2026/07/29 16:52:27.531, 296.57, 100, 74232, 71
2026/07/29 16:52:28.567, 298.31, 100, 74232, 71
2026/07/29 16:52:29.604, 303.85, 100, 74232, 71
2026/07/29 16:52:30.642, 295.69, 100, 74232, 71
2026/07/29 16:52:31.680, 303.38, 70, 74232, 73
2026/07/29 16:52:32.716, 295.90, 100, 74232, 73
2026/07/29 16:52:33.751, 299.64, 100, 74232, 72
2026/07/29 16:52:34.786, 284.30, 100, 74232, 72
2026/07/29 16:52:35.821, 308.84, 100, 74232, 73
2026/07/29 16:52:36.857, 272.83, 100, 74232, 72
2026/07/29 16:52:37.892, 297.42, 100, 74232, 71
2026/07/29 16:52:38.928, 305.82, 100, 74232, 71
2026/07/29 16:52:39.965, 303.77, 100, 74232, 71
2026/07/29 16:52:41.003, 305.30, 100, 74232, 71
2026/07/29 16:52:42.040, 96.66, 0, 74232, 68
2026/07/29 16:52:43.072, 301.76, 100, 74232, 72
2026/07/29 16:52:44.106, 309.62, 100, 74232, 72
2026/07/29 16:52:45.144, 305.40, 100, 74232, 72
2026/07/29 16:52:46.180, 309.40, 100, 74232, 73
2026/07/29 16:52:47.215, 313.81, 100, 74232, 72
2026/07/29 16:52:48.250, 244.43, 100, 74232, 71
2026/07/29 16:52:49.292, 286.06, 100, 74232, 71
2026/07/29 16:52:50.328, 288.77, 100, 74232, 71
2026/07/29 16:52:51.370, 290.92, 100, 74232, 71
2026/07/29 16:52:52.409, 294.42, 100, 74232, 71
2026/07/29 16:52:53.447, 95.27, 0, 74232, 68
2026/07/29 16:52:54.481, 302.85, 100, 74232, 72
2026/07/29 16:52:55.517, 294.82, 100, 74232, 72
2026/07/29 16:52:56.553, 303.33, 100, 74232, 73
2026/07/29 16:52:57.595, 292.59, 100, 74232, 73
2026/07/29 16:52:58.630, 289.52, 100, 74232, 73
2026/07/29 16:52:59.664, 300.60, 100, 74232, 71
2026/07/29 16:53:00.702, 290.34, 100, 74232, 71
2026/07/29 16:53:01.742, 279.85, 100, 74232, 71
2026/07/29 16:53:02.782, 291.04, 100, 74232, 71
2026/07/29 16:53:03.819, 301.25, 100, 74232, 71
2026/07/29 16:53:04.859, 96.94, 0, 74232, 68
2026/07/29 16:53:05.891, 298.89, 100, 74232, 73
2026/07/29 16:53:06.927, 287.15, 100, 74232, 73
2026/07/29 16:53:07.964, 289.92, 100, 74232, 73
2026/07/29 16:53:08.998, 290.03, 100, 74232, 73
2026/07/29 16:53:10.033, 278.31, 100, 74232, 73
2026/07/29 16:53:11.068, 277.39, 100, 74232, 73
2026/07/29 16:53:12.105, 298.69, 100, 74232, 72
2026/07/29 16:53:13.141, 295.98, 100, 74232, 72
2026/07/29 16:53:14.179, 298.49, 100, 74232, 72
2026/07/29 16:53:15.216, 288.60, 100, 74232, 72
2026/07/29 16:53:16.254, 96.92, 100, 74232, 69
2026/07/29 16:53:17.287, 98.52, 0, 74232, 68
2026/07/29 16:53:18.321, 301.56, 100, 74232, 73
2026/07/29 16:53:19.392, 296.17, 100, 74232, 73
2026/07/29 16:53:20.427, 282.16, 100, 74232, 73
2026/07/29 16:53:21.462, 271.21, 100, 74232, 73
2026/07/29 16:53:22.497, 284.99, 100, 74232, 73
2026/07/29 16:53:23.533, 299.62, 100, 74232, 73
2026/07/29 16:53:24.567, 303.08, 100, 74232, 72
2026/07/29 16:53:25.603, 304.97, 100, 74232, 72
2026/07/29 16:53:26.640, 306.16, 100, 74232, 72
2026/07/29 16:53:27.675, 292.30, 100, 74232, 72
2026/07/29 16:53:28.711, 303.83, 100, 74232, 72
2026/07/29 16:53:29.748, 306.65, 100, 74232, 72
2026/07/29 16:53:30.785, 97.43, 6, 74232, 71
2026/07/29 16:53:31.823, 301.22, 100, 74232, 73
2026/07/29 16:53:32.859, 295.29, 100, 74232, 74
2026/07/29 16:53:33.899, 291.91, 100, 74232, 73
2026/07/29 16:53:34.935, 284.64, 100, 74232, 73
2026/07/29 16:53:35.971, 308.27, 100, 74232, 73
2026/07/29 16:53:37.007, 292.77, 100, 74232, 73
2026/07/29 16:53:38.042, 306.73, 100, 74232, 72
2026/07/29 16:53:39.079, 306.84, 100, 74232, 72
2026/07/29 16:53:40.115, 307.92, 100, 74232, 72
2026/07/29 16:53:41.152, 298.21, 100, 74232, 72
2026/07/29 16:53:42.189, 299.66, 100, 74232, 72
2026/07/29 16:53:43.227, 300.24, 100, 74232, 72
2026/07/29 16:53:44.263, 297.93, 100, 74232, 72
2026/07/29 16:53:45.300, 306.58, 100, 74232, 72
2026/07/29 16:53:46.337, 300.55, 100, 74232, 72
2026/07/29 16:53:47.374, 295.88, 100, 74232, 72
2026/07/29 16:53:48.412, 300.14, 100, 74232, 72
2026/07/29 16:53:49.450, 302.80, 100, 74232, 72
2026/07/29 16:53:50.487, 97.64, 0, 74232, 69
2026/07/29 16:53:51.519, 96.61, 0, 74232, 68
2026/07/29 16:53:52.619, 275.31, 100, 74232, 72
2026/07/29 16:53:53.655, 295.51, 100, 74232, 73
2026/07/29 16:53:54.689, 315.20, 100, 74232, 73
2026/07/29 16:53:55.724, 303.06, 100, 74232, 73
2026/07/29 16:53:56.763, 332.46, 100, 74232, 73
2026/07/29 16:53:57.798, 303.95, 100, 74232, 73
2026/07/29 16:53:58.836, 307.85, 100, 74232, 71
2026/07/29 16:53:59.873, 300.46, 100, 74232, 71
2026/07/29 16:54:00.910, 305.72, 100, 74232, 71
2026/07/29 16:54:01.948, 105.96, 100, 74232, 69
2026/07/29 16:54:02.984, 96.66, 0, 74232, 68
2026/07/29 16:54:04.016, 274.76, 100, 74232, 72
2026/07/29 16:54:05.051, 284.91, 100, 74232, 73
2026/07/29 16:54:06.086, 295.62, 100, 74232, 73
2026/07/29 16:54:07.122, 295.10, 100, 74232, 73
2026/07/29 16:54:08.157, 277.80, 100, 74232, 73
2026/07/29 16:54:09.196, 311.46, 100, 74232, 73
2026/07/29 16:54:10.230, 301.49, 100, 74232, 71
2026/07/29 16:54:11.266, 305.01, 100, 74232, 71
2026/07/29 16:54:12.303, 307.13, 100, 74232, 71
2026/07/29 16:54:13.340, 298.01, 100, 74232, 72
2026/07/29 16:54:14.378, 299.09, 100, 74232, 72
2026/07/29 16:54:15.416, 297.25, 100, 74232, 72
2026/07/29 16:54:16.454, 292.57, 100, 74232, 72
2026/07/29 16:54:17.493, 299.18, 100, 74232, 72
2026/07/29 16:54:18.530, 299.38, 100, 74232, 72
2026/07/29 16:54:19.568, 290.76, 100, 74232, 72
2026/07/29 16:54:20.604, 298.02, 100, 74232, 72
2026/07/29 16:54:21.641, 298.72, 100, 74232, 72
2026/07/29 16:54:22.678, 99.48, 51, 74232, 69
2026/07/29 16:54:23.711, 302.88, 100, 74232, 73
2026/07/29 16:54:24.746, 298.00, 100, 74232, 73
2026/07/29 16:54:25.780, 291.37, 100, 74232, 73
2026/07/29 16:54:26.815, 292.80, 100, 74232, 73
2026/07/29 16:54:27.850, 316.91, 100, 74232, 73
2026/07/29 16:54:28.885, 284.56, 100, 74232, 73
2026/07/29 16:54:29.926, 310.41, 100, 74232, 73
2026/07/29 16:54:30.960, 293.93, 100, 74232, 71
2026/07/29 16:54:31.997, 306.30, 100, 74232, 72
2026/07/29 16:54:33.033, 309.60, 100, 74232, 72
2026/07/29 16:54:34.070, 291.98, 100, 74232, 71
2026/07/29 16:54:35.106, 302.07, 100, 74232, 72
2026/07/29 16:54:36.145, 307.37, 100, 74232, 72
2026/07/29 16:54:37.184, 300.16, 100, 74232, 72
2026/07/29 16:54:38.221, 295.87, 100, 74232, 72
2026/07/29 16:54:39.257, 299.47, 100, 74232, 72
2026/07/29 16:54:40.295, 290.53, 100, 74232, 72
2026/07/29 16:54:41.333, 299.19, 100, 74232, 72
2026/07/29 16:54:42.370, 296.37, 100, 74232, 72
2026/07/29 16:54:43.407, 295.29, 100, 74232, 72
2026/07/29 16:54:44.444, 291.01, 100, 74232, 71
2026/07/29 16:54:45.480, 292.68, 100, 74232, 71
2026/07/29 16:54:46.518, 296.66, 100, 74232, 72
2026/07/29 16:54:47.555, 299.57, 100, 74232, 72
2026/07/29 16:54:48.591, 303.19, 100, 74232, 72
2026/07/29 16:54:49.634, 299.60, 100, 74232, 72
2026/07/29 16:54:50.677, 299.49, 100, 74232, 72
2026/07/29 16:54:51.714, 300.45, 100, 74232, 72
2026/07/29 16:54:52.754, 97.04, 0, 74232, 68
2026/07/29 16:54:53.787, 275.93, 100, 74232, 71
2026/07/29 16:54:54.828, 288.05, 100, 74232, 71
2026/07/29 16:54:55.869, 287.54, 100, 74232, 71
2026/07/29 16:54:56.907, 294.03, 100, 74232, 71
2026/07/29 16:54:57.949, 295.98, 100, 74232, 71
2026/07/29 16:54:58.988, 293.64, 100, 74232, 71
2026/07/29 16:55:00.024, 296.86, 100, 74232, 71
2026/07/29 16:55:01.062, 294.42, 100, 74232, 71
2026/07/29 16:55:02.098, 298.81, 100, 74232, 71
2026/07/29 16:55:03.135, 300.65, 100, 74232, 71
2026/07/29 16:55:04.173, 306.11, 100, 74232, 71
2026/07/29 16:55:05.210, 300.14, 100, 74232, 71
2026/07/29 16:55:06.248, 299.85, 100, 74232, 71
2026/07/29 16:55:07.284, 298.22, 100, 74232, 71
2026/07/29 16:55:08.322, 296.56, 100, 74232, 71
2026/07/29 16:55:09.359, 305.48, 100, 74232, 71
2026/07/29 16:55:10.397, 304.62, 100, 74232, 71
2026/07/29 16:55:11.433, 294.04, 100, 74232, 71
2026/07/29 16:55:12.470, 294.31, 100, 74232, 71
2026/07/29 16:55:13.515, 300.63, 100, 74232, 71
2026/07/29 16:55:14.552, 299.18, 100, 74232, 71
2026/07/29 16:55:15.588, 293.95, 100, 74232, 71
2026/07/29 16:55:16.625, 293.63, 100, 74232, 71
2026/07/29 16:55:17.664, 294.22, 100, 74232, 71
2026/07/29 16:55:18.701, 296.39, 100, 74232, 71
2026/07/29 16:55:19.743, 296.74, 100, 74232, 71
2026/07/29 16:55:20.780, 300.05, 100, 74232, 71
2026/07/29 16:55:21.817, 296.48, 100, 74232, 71
2026/07/29 16:55:22.855, 297.72, 100, 74232, 71
2026/07/29 16:55:23.892, 299.70, 100, 74232, 71
2026/07/29 16:55:24.929, 296.95, 100, 74232, 71
2026/07/29 16:55:25.968, 298.89, 100, 74232, 71
2026/07/29 16:55:27.008, 292.32, 100, 74232, 71
2026/07/29 16:55:28.046, 298.88, 100, 74232, 71
2026/07/29 16:55:29.083, 291.91, 100, 74232, 71
2026/07/29 16:55:30.119, 287.13, 100, 74232, 71
2026/07/29 16:55:31.157, 292.40, 100, 74232, 71
2026/07/29 16:55:32.194, 295.97, 100, 74232, 71
2026/07/29 16:55:33.231, 294.71, 100, 74232, 71
2026/07/29 16:55:34.269, 298.90, 100, 74232, 71
2026/07/29 16:55:35.306, 296.57, 100, 74232, 71
2026/07/29 16:55:36.342, 300.25, 100, 74232, 71
2026/07/29 16:55:37.378, 301.89, 100, 74232, 71
2026/07/29 16:55:38.415, 300.96, 100, 74232, 71
2026/07/29 16:55:39.451, 302.38, 100, 74232, 71
2026/07/29 16:55:40.489, 302.10, 100, 74232, 71
2026/07/29 16:55:41.525, 293.83, 100, 74232, 71
2026/07/29 16:55:42.563, 291.11, 100, 74232, 71
2026/07/29 16:55:43.602, 295.88, 100, 74232, 71
2026/07/29 16:55:44.643, 295.97, 100, 74232, 71
2026/07/29 16:55:45.679, 294.02, 100, 74232, 71
2026/07/29 16:55:46.720, 295.98, 100, 74232, 71
2026/07/29 16:55:47.757, 303.48, 100, 74232, 71
2026/07/29 16:55:48.794, 294.80, 100, 74232, 71
2026/07/29 16:55:49.833, 300.64, 100, 74232, 71
2026/07/29 16:55:50.869, 301.73, 100, 74232, 71
2026/07/29 16:55:51.909, 295.79, 100, 74232, 71
2026/07/29 16:55:52.946, 291.45, 100, 74232, 71
2026/07/29 16:55:53.984, 299.64, 100, 74232, 71
2026/07/29 16:55:55.021, 305.09, 100, 74232, 71
2026/07/29 16:55:56.061, 308.15, 100, 74232, 71
2026/07/29 16:55:57.099, 298.71, 100, 74232, 71
2026/07/29 16:55:58.137, 304.17, 100, 74232, 71
2026/07/29 16:55:59.176, 297.85, 100, 74232, 71
2026/07/29 16:56:00.214, 297.66, 100, 74232, 71
2026/07/29 16:56:01.252, 298.02, 100, 74232, 71
2026/07/29 16:56:02.290, 297.62, 100, 74232, 71
2026/07/29 16:56:03.331, 301.99, 100, 74232, 71
2026/07/29 16:56:04.371, 299.02, 100, 74232, 71
2026/07/29 16:56:05.408, 301.99, 100, 74232, 71
2026/07/29 16:56:06.453, 297.14, 100, 74232, 71
2026/07/29 16:56:07.491, 303.26, 100, 74232, 71
2026/07/29 16:56:08.529, 303.17, 100, 74232, 71
2026/07/29 16:56:09.572, 294.81, 100, 74232, 71
2026/07/29 16:56:10.611, 307.31, 100, 74232, 71
2026/07/29 16:56:11.649, 304.91, 100, 74232, 71
2026/07/29 16:56:12.687, 305.33, 100, 74232, 71
2026/07/29 16:56:13.724, 296.19, 100, 74232, 71
2026/07/29 16:56:14.763, 297.75, 100, 74232, 71
2026/07/29 16:56:15.801, 297.93, 100, 74232, 71
2026/07/29 16:56:16.841, 293.66, 100, 74232, 71
2026/07/29 16:56:17.881, 302.48, 100, 74232, 71
2026/07/29 16:56:18.919, 301.99, 100, 74232, 71
2026/07/29 16:56:19.961, 294.42, 100, 74232, 71
2026/07/29 16:56:20.998, 302.09, 100, 74232, 71
2026/07/29 16:56:22.036, 290.15, 100, 74232, 71
2026/07/29 16:56:23.074, 297.22, 100, 74232, 71
2026/07/29 16:56:24.112, 302.87, 100, 74232, 71
2026/07/29 16:56:25.150, 296.38, 100, 74232, 71
2026/07/29 16:56:26.193, 290.35, 100, 74232, 71
2026/07/29 16:56:27.231, 292.67, 100, 74232, 71
2026/07/29 16:56:28.268, 294.22, 100, 74232, 71
2026/07/29 16:56:29.306, 293.33, 100, 74232, 71
2026/07/29 16:56:30.344, 295.31, 100, 74232, 71
2026/07/29 16:56:31.382, 302.20, 100, 74232, 71
2026/07/29 16:56:32.420, 305.28, 100, 74232, 71
2026/07/29 16:56:33.459, 304.14, 100, 74232, 71
2026/07/29 16:56:34.497, 296.38, 100, 74232, 71
2026/07/29 16:56:35.536, 301.41, 100, 74232, 71
2026/07/29 16:56:36.574, 300.44, 100, 74232, 71
2026/07/29 16:56:37.612, 303.36, 100, 74232, 71
2026/07/29 16:56:38.651, 303.15, 100, 74232, 71
2026/07/29 16:56:39.689, 304.11, 100, 74232, 71
2026/07/29 16:56:40.726, 301.94, 100, 74232, 71
2026/07/29 16:56:41.763, 303.18, 100, 74232, 71
2026/07/29 16:56:42.800, 298.31, 100, 74232, 71
2026/07/29 16:56:43.838, 296.10, 100, 74232, 71
2026/07/29 16:56:44.877, 297.44, 100, 74232, 71
2026/07/29 16:56:45.916, 300.74, 100, 74232, 72
2026/07/29 16:56:46.952, 297.98, 100, 74232, 72
2026/07/29 16:56:47.997, 288.31, 100, 74232, 72
2026/07/29 16:56:49.033, 298.96, 100, 74232, 72
2026/07/29 16:56:50.069, 275.64, 100, 74232, 72
2026/07/29 16:56:51.105, 295.72, 100, 74232, 72
2026/07/29 16:56:52.143, 302.66, 100, 74232, 70
2026/07/29 16:56:53.181, 298.11, 100, 74232, 70
2026/07/29 16:56:54.219, 302.19, 100, 74232, 71
2026/07/29 16:56:55.257, 302.77, 100, 74232, 71
2026/07/29 16:56:56.296, 301.60, 100, 74232, 71
2026/07/29 16:56:57.336, 292.96, 100, 74232, 71
2026/07/29 16:56:58.373, 97.43, 0, 74232, 68
2026/07/29 16:56:59.407, 304.65, 100, 74232, 72
2026/07/29 16:57:00.443, 300.19, 100, 74232, 72
2026/07/29 16:57:01.479, 300.49, 100, 74232, 72
2026/07/29 16:57:02.515, 296.59, 100, 74232, 72
2026/07/29 16:57:03.551, 268.10, 100, 74232, 72
2026/07/29 16:57:04.585, 287.38, 100, 74232, 72
2026/07/29 16:57:05.621, 305.40, 100, 74232, 71
2026/07/29 16:57:06.657, 302.65, 100, 74232, 71
2026/07/29 16:57:07.695, 303.65, 100, 74232, 71
2026/07/29 16:57:08.731, 305.60, 100, 74232, 71
2026/07/29 16:57:09.767, 302.20, 100, 74232, 71
2026/07/29 16:57:10.803, 304.80, 100, 74232, 71
2026/07/29 16:57:11.840, 308.27, 100, 74232, 71
2026/07/29 16:57:12.876, 301.77, 100, 74232, 71
2026/07/29 16:57:13.913, 301.79, 100, 74232, 71
2026/07/29 16:57:14.952, 298.70, 100, 74232, 71
2026/07/29 16:57:15.988, 302.81, 100, 74232, 71
2026/07/29 16:57:17.025, 300.93, 100, 74232, 71
2026/07/29 16:57:18.062, 298.79, 100, 74232, 71
2026/07/29 16:57:19.104, 302.10, 100, 74232, 71
2026/07/29 16:57:20.141, 298.12, 100, 74232, 71
2026/07/29 16:57:21.177, 299.84, 100, 74232, 71
2026/07/29 16:57:22.212, 297.51, 100, 74232, 71
2026/07/29 16:57:23.252, 297.81, 100, 74232, 71
2026/07/29 16:57:24.289, 299.28, 100, 74232, 71
2026/07/29 16:57:25.330, 296.25, 100, 74232, 71
2026/07/29 16:57:26.367, 297.34, 100, 74232, 71
2026/07/29 16:57:27.406, 298.79, 100, 74232, 71
2026/07/29 16:57:28.444, 297.04, 100, 74232, 71
2026/07/29 16:57:29.481, 296.76, 100, 74232, 71
2026/07/29 16:57:30.517, 298.31, 100, 74232, 71
2026/07/29 16:57:31.555, 294.60, 100, 74232, 71
2026/07/29 16:57:32.593, 298.49, 100, 74232, 71
2026/07/29 16:57:33.629, 298.29, 100, 74232, 71
2026/07/29 16:57:34.665, 294.22, 100, 74232, 71
2026/07/29 16:57:35.705, 95.49, 0, 74232, 67
2026/07/29 16:57:36.736, 95.39, 0, 74232, 67
2026/07/29 16:57:37.769, 94.57, 0, 74232, 66
2026/07/29 16:57:38.800, 93.49, 0, 74232, 66
2026/07/29 16:57:39.832, 93.28, 0, 74232, 65
2026/07/29 16:57:40.865, 91.56, 0, 74232, 65
2026/07/29 16:57:41.897, 91.21, 0, 74232, 64
2026/07/29 16:57:42.933, 91.57, 0, 74232, 64
2026/07/29 16:57:43.965, 91.09, 0, 74232, 63
2026/07/29 16:57:44.996, 90.38, 0, 74232, 63
2026/07/29 16:57:46.028, 88.74, 0, 74232, 62
2026/07/29 16:57:47.060, 89.10, 0, 74232, 62
2026/07/29 16:57:48.092, 87.60, 0, 74232, 62
2026/07/29 16:57:49.124, 87.81, 0, 74232, 61
2026/07/29 16:57:50.156, 87.45, 0, 74232, 61
2026/07/29 16:57:51.188, 86.78, 0, 74232, 61
2026/07/29 16:57:52.220, 87.10, 0, 74232, 60
2026/07/29 16:57:53.252, 86.52, 0, 74232, 60
2026/07/29 16:57:54.284, 85.98, 0, 74232, 60
2026/07/29 16:57:55.317, 85.91, 0, 74232, 59
2026/07/29 16:57:56.348, 84.83, 0, 74232, 59
2026/07/29 16:57:57.380, 85.14, 0, 74232, 59
2026/07/29 16:57:58.412, 84.72, 0, 74232, 59
2026/07/29 16:57:59.444, 84.10, 0, 74232, 58
2026/07/29 16:58:00.474, 83.68, 0, 74232, 58
2026/07/29 16:58:01.505, 83.39, 0, 74232, 58
2026/07/29 16:58:02.537, 83.33, 0, 74232, 57
2026/07/29 16:58:03.568, 83.58, 0, 74232, 57
2026/07/29 16:58:04.601, 82.88, 0, 74232, 57
2026/07/29 16:58:05.634, 314.35, 100, 74232, 63
2026/07/29 16:58:06.670, 303.04, 100, 74232, 63
2026/07/29 16:58:07.707, 288.65, 100, 74232, 63
2026/07/29 16:58:08.741, 293.24, 100, 74232, 63
2026/07/29 16:58:09.777, 307.43, 100, 74232, 62
2026/07/29 16:58:10.814, 299.84, 100, 74232, 62
2026/07/29 16:58:11.851, 302.58, 100, 74232, 62
2026/07/29 16:58:12.889, 310.87, 100, 74232, 63
2026/07/29 16:58:13.926, 293.05, 100, 74232, 63
2026/07/29 16:58:14.964, 300.92, 100, 74232, 63
2026/07/29 16:58:16.001, 293.17, 100, 74232, 63
2026/07/29 16:58:17.039, 289.27, 100, 74232, 64
2026/07/29 16:58:18.075, 302.26, 100, 74232, 66
2026/07/29 16:58:19.109, 312.60, 100, 74232, 66
2026/07/29 16:58:20.149, 304.35, 100, 74232, 66
2026/07/29 16:58:21.182, 303.32, 100, 74232, 66
2026/07/29 16:58:22.218, 298.72, 100, 74232, 65
2026/07/29 16:58:23.262, 289.86, 100, 74232, 65
2026/07/29 16:58:24.299, 302.58, 100, 74232, 65
2026/07/29 16:58:25.338, 286.73, 100, 74232, 65
2026/07/29 16:58:26.375, 297.35, 100, 74232, 65
2026/07/29 16:58:27.422, 304.13, 100, 74232, 67
2026/07/29 16:58:28.459, 306.00, 100, 74232, 67
2026/07/29 16:58:29.497, 291.80, 100, 74232, 68
2026/07/29 16:58:30.532, 299.75, 100, 74232, 68
2026/07/29 16:58:31.572, 297.37, 100, 74232, 68
2026/07/29 16:58:32.608, 285.96, 100, 74232, 66
2026/07/29 16:58:33.647, 300.05, 100, 74232, 67
2026/07/29 16:58:34.683, 296.85, 100, 74232, 67
2026/07/29 16:58:35.722, 293.83, 100, 74232, 67
2026/07/29 16:58:36.762, 290.25, 100, 74232, 69
2026/07/29 16:58:37.799, 302.92, 100, 74232, 69
2026/07/29 16:58:38.834, 305.00, 100, 74232, 69
2026/07/29 16:58:39.870, 299.55, 100, 74232, 69
2026/07/29 16:58:40.907, 276.12, 100, 74232, 69
2026/07/29 16:58:41.942, 307.24, 100, 74232, 68
2026/07/29 16:58:42.980, 294.04, 100, 74232, 68
2026/07/29 16:58:44.022, 296.07, 100, 74232, 68
2026/07/29 16:58:45.058, 299.86, 100, 74232, 68
2026/07/29 16:58:46.098, 289.27, 100, 74232, 70
2026/07/29 16:58:47.133, 309.36, 100, 74232, 70
2026/07/29 16:58:48.171, 290.71, 100, 74232, 70
2026/07/29 16:58:49.208, 309.02, 100, 74232, 70
2026/07/29 16:58:50.245, 265.45, 100, 74232, 71
2026/07/29 16:58:51.282, 286.42, 100, 74232, 70
2026/07/29 16:58:52.317, 299.06, 100, 74232, 69
2026/07/29 16:58:53.354, 308.60, 100, 74232, 69
2026/07/29 16:58:54.392, 311.20, 100, 74232, 69
2026/07/29 16:58:55.430, 292.67, 100, 74232, 69
2026/07/29 16:58:56.467, 300.83, 100, 74232, 69
2026/07/29 16:58:57.505, 301.21, 100, 74232, 69
2026/07/29 16:58:58.543, 304.16, 100, 74232, 70
2026/07/29 16:58:59.581, 293.99, 100, 74232, 71
2026/07/29 16:59:00.617, 298.60, 100, 74232, 71
2026/07/29 16:59:01.653, 293.08, 100, 74232, 71
2026/07/29 16:59:02.695, 291.80, 100, 74232, 71
2026/07/29 16:59:03.733, 308.14, 100, 74232, 72
2026/07/29 16:59:04.768, 298.02, 100, 74232, 72
2026/07/29 16:59:05.810, 305.61, 100, 74232, 70
2026/07/29 16:59:06.850, 292.76, 100, 74232, 70
2026/07/29 16:59:07.887, 301.80, 100, 74232, 70
2026/07/29 16:59:08.924, 299.07, 100, 74232, 70
2026/07/29 16:59:09.962, 95.29, 0, 74232, 67
2026/07/29 16:59:10.996, 299.28, 100, 74232, 71
2026/07/29 16:59:12.030, 288.58, 100, 74232, 72
2026/07/29 16:59:13.065, 303.63, 100, 74232, 72
2026/07/29 16:59:14.107, 317.10, 100, 74232, 72
2026/07/29 16:59:15.141, 286.73, 100, 74232, 72
2026/07/29 16:59:16.177, 303.18, 100, 74232, 70
2026/07/29 16:59:17.213, 301.43, 100, 74232, 70
2026/07/29 16:59:18.250, 302.78, 100, 74232, 71
2026/07/29 16:59:19.285, 304.14, 100, 74232, 72
2026/07/29 16:59:20.400, 310.15, 100, 74232, 73
2026/07/29 16:59:21.433, 294.70, 100, 74232, 73
2026/07/29 16:59:22.468, 283.85, 100, 74232, 73
2026/07/29 16:59:23.503, 283.80, 100, 74232, 73
2026/07/29 16:59:24.536, 275.33, 100, 74232, 73
2026/07/29 16:59:25.572, 304.43, 100, 74232, 71
2026/07/29 16:59:26.609, 306.17, 100, 74232, 71
2026/07/29 16:59:27.646, 306.29, 100, 74232, 71
2026/07/29 16:59:28.686, 297.92, 100, 74232, 71
2026/07/29 16:59:29.724, 299.99, 100, 74232, 71
2026/07/29 16:59:30.764, 300.24, 100, 74232, 71
2026/07/29 16:59:31.802, 298.30, 100, 74232, 72
2026/07/29 16:59:32.841, 299.38, 100, 74232, 72
2026/07/29 16:59:33.879, 297.25, 100, 74232, 72
2026/07/29 16:59:34.917, 297.91, 100, 74232, 72
2026/07/29 16:59:35.954, 300.25, 100, 74232, 72
2026/07/29 16:59:36.991, 305.02, 100, 74232, 72
2026/07/29 16:59:38.028, 288.68, 100, 74232, 72
2026/07/29 16:59:39.064, 290.71, 100, 74232, 71
2026/07/29 16:59:40.103, 292.67, 100, 74232, 71
2026/07/29 16:59:41.142, 287.41, 100, 74232, 71
2026/07/29 16:59:42.182, 284.68, 100, 74232, 71
2026/07/29 16:59:43.217, 291.11, 100, 74232, 71
2026/07/29 16:59:44.261, 293.44, 100, 74232, 71
2026/07/29 16:59:45.299, 295.49, 100, 74232, 71
2026/07/29 16:59:46.335, 292.47, 100, 74232, 71
2026/07/29 16:59:47.377, 301.60, 100, 74232, 71
2026/07/29 16:59:48.416, 294.51, 100, 74232, 71
2026/07/29 16:59:49.453, 297.24, 100, 74232, 71
2026/07/29 16:59:50.489, 296.37, 100, 74232, 71
2026/07/29 16:59:51.526, 97.33, 0, 74232, 68
2026/07/29 16:59:52.559, 308.17, 100, 74232, 73
2026/07/29 16:59:53.593, 295.51, 100, 74232, 73
2026/07/29 16:59:54.629, 288.87, 100, 74232, 73
2026/07/29 16:59:55.663, 299.56, 100, 74232, 72
2026/07/29 16:59:56.696, 302.52, 100, 74232, 73
2026/07/29 16:59:57.730, 281.44, 100, 74232, 72
2026/07/29 16:59:58.772, 286.64, 100, 74232, 71
2026/07/29 16:59:59.810, 288.28, 100, 74232, 71
2026/07/29 17:00:00.849, 287.72, 100, 74232, 71
2026/07/29 17:00:01.888, 275.27, 91, 74232, 73
2026/07/29 17:00:02.922, 299.52, 100, 74232, 73
2026/07/29 17:00:03.956, 308.10, 100, 74232, 73
2026/07/29 17:00:04.989, 309.97, 100, 74232, 73
2026/07/29 17:00:06.029, 293.44, 100, 74232, 73
2026/07/29 17:00:07.062, 285.66, 100, 74232, 73
2026/07/29 17:00:08.095, 281.11, 100, 74232, 73
2026/07/29 17:00:09.130, 282.08, 100, 74232, 71
2026/07/29 17:00:10.167, 292.09, 100, 74232, 71
2026/07/29 17:00:11.203, 292.48, 100, 74232, 72
2026/07/29 17:00:12.240, 289.94, 100, 74232, 72
2026/07/29 17:00:13.277, 291.99, 100, 74232, 72
2026/07/29 17:00:14.314, 301.34, 100, 74232, 72
2026/07/29 17:00:15.350, 296.17, 100, 74232, 72
2026/07/29 17:00:16.386, 299.08, 100, 74232, 72
2026/07/29 17:00:17.423, 299.96, 100, 74232, 72
2026/07/29 17:00:18.460, 302.37, 100, 74232, 72
2026/07/29 17:00:19.497, 299.19, 100, 74232, 72
2026/07/29 17:00:20.534, 300.26, 100, 74232, 72
2026/07/29 17:00:21.571, 299.88, 100, 74232, 72
2026/07/29 17:00:22.608, 300.35, 100, 74232, 72
2026/07/29 17:00:23.649, 299.76, 100, 74232, 72
2026/07/29 17:00:24.689, 307.42, 100, 74232, 72
2026/07/29 17:00:25.726, 295.68, 100, 74232, 72
2026/07/29 17:00:26.765, 298.49, 100, 74232, 72
2026/07/29 17:00:27.802, 298.13, 100, 74232, 72
2026/07/29 17:00:28.839, 300.36, 100, 74232, 72
2026/07/29 17:00:29.875, 297.82, 100, 74232, 72
2026/07/29 17:00:30.913, 299.08, 100, 74232, 73
2026/07/29 17:00:31.948, 304.00, 100, 74232, 73
2026/07/29 17:00:32.983, 290.56, 100, 74232, 73
2026/07/29 17:00:34.018, 305.47, 100, 74232, 73
2026/07/29 17:00:35.054, 305.85, 100, 74232, 73
2026/07/29 17:00:36.090, 302.18, 100, 74232, 73
2026/07/29 17:00:37.129, 277.58, 100, 74232, 73
2026/07/29 17:00:38.164, 299.08, 100, 74232, 71
2026/07/29 17:00:39.201, 299.47, 100, 74232, 71
2026/07/29 17:00:40.239, 297.13, 100, 74232, 71
2026/07/29 17:00:41.278, 348.39, 0, 74232, 72
2026/07/29 17:00:42.313, 286.05, 100, 74232, 72
2026/07/29 17:00:43.348, 289.40, 100, 74232, 72
2026/07/29 17:00:44.384, 299.97, 100, 74232, 73
2026/07/29 17:00:45.421, 296.37, 100, 74232, 73
2026/07/29 17:00:46.457, 282.06, 100, 74232, 73
2026/07/29 17:00:47.495, 308.55, 100, 74232, 73
2026/07/29 17:00:48.532, 305.20, 100, 74232, 71
2026/07/29 17:00:49.569, 302.11, 100, 74232, 71
2026/07/29 17:00:50.607, 294.25, 100, 74232, 71
2026/07/29 17:00:51.644, 98.02, 0, 74232, 68
2026/07/29 17:00:52.677, 304.63, 100, 74232, 73
2026/07/29 17:00:53.715, 292.90, 100, 74232, 73
2026/07/29 17:00:54.751, 305.21, 100, 74232, 73
2026/07/29 17:00:55.788, 310.89, 100, 74232, 73
2026/07/29 17:00:56.824, 274.93, 100, 74232, 73
2026/07/29 17:00:57.860, 310.62, 100, 74232, 73
2026/07/29 17:00:58.895, 294.70, 100, 74232, 73
2026/07/29 17:00:59.937, 293.63, 100, 74232, 71
2026/07/29 17:01:00.976, 298.88, 100, 74232, 71
2026/07/29 17:01:02.014, 288.10, 100, 74232, 71
2026/07/29 17:01:03.053, 299.35, 0, 74232, 72
2026/07/29 17:01:04.088, 295.27, 100, 74232, 73
2026/07/29 17:01:05.125, 296.06, 100, 74232, 73
2026/07/29 17:01:06.166, 317.57, 100, 74232, 73
2026/07/29 17:01:07.201, 303.57, 100, 74232, 73
2026/07/29 17:01:08.236, 286.52, 100, 74232, 73
2026/07/29 17:01:09.272, 294.03, 100, 74232, 73
2026/07/29 17:01:10.311, 306.19, 100, 74232, 72
2026/07/29 17:01:11.349, 303.95, 100, 74232, 71
2026/07/29 17:01:12.386, 306.94, 100, 74232, 72
2026/07/29 17:01:13.424, 302.61, 100, 74232, 73
2026/07/29 17:01:14.459, 301.51, 100, 74232, 73
2026/07/29 17:01:15.495, 286.10, 100, 74232, 73
2026/07/29 17:01:16.532, 296.34, 100, 74232, 73
2026/07/29 17:01:17.567, 287.06, 100, 74232, 73
2026/07/29 17:01:18.603, 307.28, 100, 74232, 73
2026/07/29 17:01:19.639, 314.14, 100, 74232, 74
2026/07/29 17:01:20.680, 306.65, 100, 74232, 72
2026/07/29 17:01:21.718, 306.99, 100, 74232, 72
2026/07/29 17:01:22.756, 301.20, 100, 74232, 72
2026/07/29 17:01:23.793, 301.43, 100, 74232, 72
2026/07/29 17:01:24.831, 303.27, 100, 74232, 72
2026/07/29 17:01:25.869, 299.00, 100, 74232, 72
2026/07/29 17:01:26.906, 304.90, 100, 74232, 72
2026/07/29 17:01:27.944, 304.65, 100, 74232, 72
2026/07/29 17:01:28.981, 304.13, 100, 74232, 72
2026/07/29 17:01:30.019, 300.35, 100, 74232, 72
2026/07/29 17:01:31.057, 304.16, 100, 74232, 72
2026/07/29 17:01:32.097, 300.34, 100, 74232, 72
2026/07/29 17:01:33.135, 298.79, 100, 74232, 72
2026/07/29 17:01:34.178, 299.48, 100, 74232, 72
2026/07/29 17:01:35.216, 300.27, 100, 74232, 72
2026/07/29 17:01:36.257, 295.19, 100, 74232, 72
2026/07/29 17:01:37.296, 297.32, 100, 74232, 72
2026/07/29 17:01:38.334, 299.48, 100, 74232, 72
2026/07/29 17:01:39.372, 296.28, 100, 74232, 72
2026/07/29 17:01:40.411, 300.39, 100, 74232, 72
2026/07/29 17:01:41.449, 296.93, 100, 74232, 72
2026/07/29 17:01:42.488, 299.40, 100, 74232, 72
2026/07/29 17:01:43.526, 299.00, 100, 74232, 72
2026/07/29 17:01:44.564, 299.48, 100, 74232, 71
2026/07/29 17:01:45.602, 298.23, 100, 74232, 71
2026/07/29 17:01:46.642, 304.14, 100, 74232, 72
2026/07/29 17:01:47.680, 296.83, 100, 74232, 71
2026/07/29 17:01:48.718, 297.26, 100, 74232, 71
2026/07/29 17:01:49.756, 298.48, 100, 74232, 71
2026/07/29 17:01:50.796, 290.93, 100, 74232, 71
2026/07/29 17:01:51.833, 302.99, 100, 74232, 71
2026/07/29 17:01:52.878, 297.05, 100, 74232, 71
2026/07/29 17:01:53.916, 296.77, 100, 74232, 71
2026/07/29 17:01:54.953, 298.71, 100, 74232, 71
2026/07/29 17:01:55.990, 299.38, 100, 74232, 71
2026/07/29 17:01:57.027, 299.58, 100, 74232, 71
2026/07/29 17:01:58.065, 295.81, 100, 74232, 71
2026/07/29 17:01:59.102, 298.51, 100, 74232, 71
2026/07/29 17:02:00.140, 298.32, 100, 74232, 71
2026/07/29 17:02:01.178, 302.72, 100, 74232, 71
2026/07/29 17:02:02.217, 301.24, 100, 74232, 71
2026/07/29 17:02:03.255, 301.98, 100, 74232, 71
2026/07/29 17:02:04.297, 298.01, 100, 74232, 71
2026/07/29 17:02:05.334, 299.08, 100, 74232, 71
2026/07/29 17:02:06.372, 293.26, 100, 74232, 71
2026/07/29 17:02:07.410, 301.59, 100, 74232, 71
2026/07/29 17:02:08.448, 304.58, 100, 74232, 71
2026/07/29 17:02:09.490, 305.32, 100, 74232, 71
2026/07/29 17:02:10.528, 295.79, 100, 74232, 71
2026/07/29 17:02:11.565, 295.71, 100, 74232, 71
2026/07/29 17:02:12.604, 297.35, 100, 74232, 71
2026/07/29 17:02:13.641, 297.44, 100, 74232, 71
2026/07/29 17:02:14.679, 298.42, 100, 74232, 71
2026/07/29 17:02:15.716, 293.28, 100, 74232, 71
2026/07/29 17:02:16.754, 294.23, 100, 74232, 71
2026/07/29 17:02:17.792, 295.00, 100, 74232, 71
2026/07/29 17:02:18.830, 298.13, 100, 74232, 71
2026/07/29 17:02:19.868, 302.79, 100, 74232, 71
2026/07/29 17:02:20.910, 293.78, 100, 74232, 71
2026/07/29 17:02:21.949, 302.01, 100, 74232, 71
2026/07/29 17:02:22.986, 303.87, 100, 74232, 71
2026/07/29 17:02:24.024, 298.59, 100, 74232, 71
2026/07/29 17:02:25.061, 301.24, 100, 74232, 71
2026/07/29 17:02:26.100, 298.80, 100, 74232, 71
2026/07/29 17:02:27.138, 296.47, 100, 74232, 71
2026/07/29 17:02:28.175, 302.02, 100, 74232, 71
2026/07/29 17:02:29.215, 298.43, 100, 74232, 71
2026/07/29 17:02:30.256, 299.49, 100, 74232, 71
2026/07/29 17:02:31.294, 296.84, 100, 74232, 71
2026/07/29 17:02:32.331, 297.73, 100, 74232, 71
2026/07/29 17:02:33.368, 296.88, 100, 74232, 71
2026/07/29 17:02:34.405, 298.41, 100, 74232, 71
2026/07/29 17:02:35.443, 303.16, 100, 74232, 71
2026/07/29 17:02:36.480, 299.08, 100, 74232, 71
2026/07/29 17:02:37.519, 296.76, 100, 74232, 71
2026/07/29 17:02:38.556, 298.02, 100, 74232, 71
2026/07/29 17:02:39.593, 305.39, 100, 74232, 71
2026/07/29 17:02:40.631, 299.55, 100, 74232, 71
2026/07/29 17:02:41.668, 298.31, 100, 74232, 71
2026/07/29 17:02:42.705, 294.51, 100, 74232, 71
2026/07/29 17:02:43.746, 301.53, 100, 74232, 71
2026/07/29 17:02:44.784, 305.29, 100, 74232, 71
2026/07/29 17:02:45.824, 298.68, 100, 74232, 71
2026/07/29 17:02:46.863, 294.01, 100, 74232, 71
2026/07/29 17:02:47.901, 297.71, 100, 74232, 71
2026/07/29 17:02:48.938, 298.24, 100, 74232, 71
2026/07/29 17:02:49.977, 298.89, 100, 74232, 71
2026/07/29 17:02:51.014, 299.09, 100, 74232, 71
2026/07/29 17:02:52.053, 295.03, 100, 74232, 71
2026/07/29 17:02:53.092, 296.06, 100, 74232, 71
2026/07/29 17:02:54.133, 297.71, 100, 74232, 71
2026/07/29 17:02:55.170, 298.42, 100, 74232, 71
2026/07/29 17:02:56.210, 299.58, 100, 74232, 71
2026/07/29 17:02:57.248, 295.40, 100, 74232, 71
2026/07/29 17:02:58.287, 297.81, 100, 74232, 71
2026/07/29 17:02:59.325, 299.20, 100, 74232, 71
2026/07/29 17:03:00.363, 299.18, 100, 74232, 71
2026/07/29 17:03:01.401, 294.25, 100, 74232, 71
2026/07/29 17:03:02.444, 305.14, 100, 74232, 71
2026/07/29 17:03:03.481, 304.53, 100, 74232, 71
2026/07/29 17:03:04.522, 298.70, 100, 74232, 71
2026/07/29 17:03:05.561, 295.98, 100, 74232, 71
2026/07/29 17:03:06.600, 298.71, 100, 74232, 71
2026/07/29 17:03:07.637, 299.76, 100, 74232, 71
2026/07/29 17:03:08.675, 305.11, 100, 74232, 71
2026/07/29 17:03:09.713, 301.22, 100, 74232, 71
2026/07/29 17:03:10.750, 298.69, 100, 74232, 71
2026/07/29 17:03:11.788, 305.14, 100, 74232, 71
2026/07/29 17:03:12.826, 300.33, 100, 74232, 71
2026/07/29 17:03:13.864, 303.07, 100, 74232, 71
2026/07/29 17:03:14.901, 303.94, 100, 74232, 71
2026/07/29 17:03:15.939, 306.55, 100, 74232, 71
2026/07/29 17:03:16.976, 305.32, 100, 74232, 71
2026/07/29 17:03:18.013, 305.39, 100, 74232, 71
2026/07/29 17:03:19.053, 294.23, 100, 74232, 71
2026/07/29 17:03:20.090, 295.78, 100, 74232, 71
2026/07/29 17:03:21.128, 296.75, 100, 74232, 71
2026/07/29 17:03:22.165, 297.53, 100, 74232, 71
2026/07/29 17:03:23.204, 297.83, 100, 74232, 71
2026/07/29 17:03:24.241, 298.42, 100, 74232, 71
2026/07/29 17:03:25.281, 298.82, 100, 74232, 71
2026/07/29 17:03:26.319, 292.00, 100, 74232, 71
2026/07/29 17:03:27.357, 287.91, 100, 74232, 71
2026/07/29 17:03:28.395, 289.35, 100, 74232, 71
2026/07/29 17:03:29.432, 290.83, 100, 74232, 71
2026/07/29 17:03:30.470, 291.30, 100, 74232, 71
2026/07/29 17:03:31.506, 288.01, 100, 74232, 71
2026/07/29 17:03:32.546, 288.47, 100, 74232, 71
2026/07/29 17:03:33.585, 287.49, 100, 74232, 71
2026/07/29 17:03:34.625, 297.42, 100, 74232, 71
2026/07/29 17:03:35.663, 298.01, 100, 74232, 71
2026/07/29 17:03:36.700, 297.32, 100, 74232, 71
2026/07/29 17:03:37.739, 298.80, 100, 74232, 71
2026/07/29 17:03:38.779, 300.26, 100, 74232, 71
2026/07/29 17:03:39.816, 298.72, 100, 74232, 71
2026/07/29 17:03:40.853, 299.41, 100, 74232, 71
2026/07/29 17:03:41.889, 296.35, 100, 74232, 71
2026/07/29 17:03:42.927, 295.58, 100, 74232, 71
2026/07/29 17:03:43.965, 297.15, 100, 74232, 71
2026/07/29 17:03:45.002, 298.41, 100, 74232, 71
2026/07/29 17:03:46.039, 297.90, 100, 74232, 71
2026/07/29 17:03:47.078, 299.36, 100, 74232, 71
2026/07/29 17:03:48.115, 299.36, 100, 74232, 71
2026/07/29 17:03:49.156, 293.65, 100, 74232, 71
2026/07/29 17:03:50.194, 301.45, 100, 74232, 71
2026/07/29 17:03:51.231, 296.88, 100, 74232, 71
2026/07/29 17:03:52.269, 297.91, 100, 74232, 71
2026/07/29 17:03:53.305, 297.90, 100, 74232, 71
2026/07/29 17:03:54.343, 298.88, 100, 74232, 71
2026/07/29 17:03:55.381, 299.57, 100, 74232, 71
2026/07/29 17:03:56.418, 305.80, 100, 74232, 71
2026/07/29 17:03:57.455, 307.92, 100, 74232, 71
2026/07/29 17:03:58.497, 297.92, 100, 74232, 71
2026/07/29 17:03:59.534, 295.68, 100, 74232, 71
2026/07/29 17:04:00.574, 305.09, 100, 74232, 71
2026/07/29 17:04:01.612, 298.71, 100, 74232, 71
2026/07/29 17:04:02.650, 298.41, 100, 74232, 71
2026/07/29 17:04:03.688, 305.97, 100, 74232, 71
2026/07/29 17:04:04.726, 295.80, 100, 74232, 71
2026/07/29 17:04:05.763, 297.52, 100, 74232, 71
2026/07/29 17:04:06.808, 300.73, 100, 74232, 71
2026/07/29 17:04:07.846, 305.37, 100, 74232, 71
2026/07/29 17:04:08.887, 309.85, 100, 74232, 71
2026/07/29 17:04:09.925, 299.58, 100, 74232, 71
2026/07/29 17:04:10.962, 296.85, 100, 74232, 71
2026/07/29 17:04:12.003, 298.30, 100, 74232, 71
2026/07/29 17:04:13.041, 299.66, 100, 74232, 71
2026/07/29 17:04:14.079, 298.90, 100, 74232, 71
2026/07/29 17:04:15.116, 299.11, 100, 74232, 71
2026/07/29 17:04:16.154, 294.91, 100, 74232, 71
2026/07/29 17:04:17.192, 299.77, 100, 74232, 71
2026/07/29 17:04:18.231, 295.00, 100, 74232, 71
2026/07/29 17:04:19.268, 297.71, 100, 74232, 71
2026/07/29 17:04:20.307, 298.40, 100, 74232, 71
2026/07/29 17:04:21.345, 303.92, 100, 74232, 71
2026/07/29 17:04:22.382, 299.00, 100, 74232, 71
2026/07/29 17:04:23.419, 298.89, 100, 74232, 71
2026/07/29 17:04:24.457, 300.25, 100, 74232, 71
2026/07/29 17:04:25.500, 291.01, 100, 74232, 71
2026/07/29 17:04:26.538, 295.89, 100, 74232, 71
2026/07/29 17:04:27.577, 296.67, 100, 74232, 71
2026/07/29 17:04:28.616, 305.20, 100, 74232, 71
2026/07/29 17:04:29.654, 298.77, 100, 74232, 71
2026/07/29 17:04:30.692, 298.49, 100, 74232, 71
2026/07/29 17:04:31.729, 305.78, 100, 74232, 71
2026/07/29 17:04:32.767, 304.42, 100, 74232, 71
2026/07/29 17:04:33.804, 300.82, 100, 74232, 71
2026/07/29 17:04:34.841, 296.08, 100, 74232, 71
2026/07/29 17:04:35.877, 297.71, 100, 74232, 71
2026/07/29 17:04:36.915, 294.11, 100, 74232, 71
2026/07/29 17:04:37.951, 298.79, 100, 74232, 71
2026/07/29 17:04:38.988, 298.60, 100, 74232, 71
2026/07/29 17:04:40.026, 298.79, 100, 74232, 71
2026/07/29 17:04:41.063, 299.19, 100, 74232, 71
2026/07/29 17:04:42.099, 294.62, 100, 74232, 71
2026/07/29 17:04:43.137, 306.12, 100, 74232, 71
2026/07/29 17:04:44.175, 309.67, 100, 74232, 71
2026/07/29 17:04:45.213, 299.20, 100, 74232, 71
2026/07/29 17:04:46.250, 296.10, 100, 74232, 71
2026/07/29 17:04:47.289, 299.39, 100, 74232, 71
2026/07/29 17:04:48.327, 304.85, 100, 74232, 71
2026/07/29 17:04:49.364, 298.87, 100, 74232, 71
2026/07/29 17:04:50.404, 294.04, 100, 74232, 71
2026/07/29 17:04:51.442, 299.47, 100, 74232, 71
2026/07/29 17:04:52.479, 300.17, 100, 74232, 71
2026/07/29 17:04:53.516, 305.80, 100, 74232, 71
2026/07/29 17:04:54.555, 308.97, 100, 74232, 71
2026/07/29 17:04:55.592, 306.45, 100, 74232, 71
2026/07/29 17:04:56.631, 303.55, 100, 74232, 71
2026/07/29 17:04:57.672, 296.92, 100, 74232, 71
2026/07/29 17:04:58.710, 296.96, 100, 74232, 71
2026/07/29 17:04:59.751, 296.67, 100, 74232, 71
2026/07/29 17:05:00.788, 298.12, 100, 74232, 71
2026/07/29 17:05:01.826, 298.22, 100, 74232, 71
2026/07/29 17:05:02.866, 296.86, 100, 74232, 71
2026/07/29 17:05:03.903, 298.52, 100, 74232, 71
2026/07/29 17:05:04.944, 299.10, 100, 74232, 71
2026/07/29 17:05:05.982, 298.49, 100, 74232, 71
2026/07/29 17:05:07.019, 299.26, 100, 74232, 71
2026/07/29 17:05:08.057, 302.29, 100, 74232, 71
2026/07/29 17:05:09.095, 299.31, 100, 74232, 71
2026/07/29 17:05:10.134, 299.00, 100, 74232, 71
2026/07/29 17:05:11.171, 295.97, 100, 74232, 71
2026/07/29 17:05:12.210, 300.32, 100, 74232, 71
2026/07/29 17:05:13.247, 300.33, 100, 74232, 71
2026/07/29 17:05:14.284, 295.30, 100, 74232, 71
2026/07/29 17:05:15.329, 298.42, 100, 74232, 71
2026/07/29 17:05:16.368, 298.58, 100, 74232, 71
2026/07/29 17:05:17.405, 298.98, 100, 74232, 71
2026/07/29 17:05:18.444, 299.85, 100, 74232, 71
2026/07/29 17:05:19.481, 298.91, 100, 74232, 71
2026/07/29 17:05:20.521, 298.91, 100, 74232, 71
2026/07/29 17:05:21.558, 294.98, 100, 74232, 71
2026/07/29 17:05:22.595, 299.97, 100, 74232, 71
2026/07/29 17:05:23.633, 295.17, 100, 74232, 71
2026/07/29 17:05:24.670, 296.17, 100, 74232, 71
2026/07/29 17:05:25.707, 301.51, 100, 74232, 71
2026/07/29 17:05:26.744, 296.73, 100, 74232, 71
2026/07/29 17:05:27.783, 295.67, 100, 74232, 71
2026/07/29 17:05:28.819, 298.32, 100, 74232, 71
2026/07/29 17:05:29.857, 297.52, 100, 74232, 71
2026/07/29 17:05:30.895, 297.83, 100, 74232, 71
2026/07/29 17:05:31.932, 298.78, 100, 74232, 71
2026/07/29 17:05:32.969, 297.82, 100, 74232, 71
2026/07/29 17:05:34.009, 298.99, 100, 74232, 71
2026/07/29 17:05:35.047, 298.60, 100, 74232, 71
2026/07/29 17:05:36.087, 297.04, 100, 74232, 71
2026/07/29 17:05:37.125, 298.20, 100, 74232, 71
2026/07/29 17:05:38.162, 298.90, 100, 74232, 71
2026/07/29 17:05:39.200, 304.41, 100, 74232, 71
2026/07/29 17:05:40.236, 305.88, 100, 74232, 71
2026/07/29 17:05:41.274, 303.78, 100, 74232, 71
2026/07/29 17:05:42.311, 296.55, 100, 74232, 71
2026/07/29 17:05:43.350, 307.06, 100, 74232, 71
2026/07/29 17:05:44.387, 296.17, 100, 74232, 71
2026/07/29 17:05:45.427, 297.14, 100, 74232, 71
2026/07/29 17:05:46.465, 295.96, 100, 74232, 71
2026/07/29 17:05:47.502, 298.30, 100, 74232, 71
2026/07/29 17:05:48.541, 297.15, 100, 74232, 71
2026/07/29 17:05:49.578, 295.77, 100, 74232, 71
2026/07/29 17:05:50.616, 299.85, 100, 74232, 71
2026/07/29 17:05:51.657, 296.35, 100, 74232, 71
2026/07/29 17:05:52.693, 294.91, 100, 74232, 71
2026/07/29 17:05:53.730, 297.71, 100, 74232, 71
2026/07/29 17:05:54.769, 297.74, 100, 74232, 71
2026/07/29 17:05:55.807, 300.74, 100, 74232, 71
2026/07/29 17:05:56.844, 298.20, 100, 74232, 71
2026/07/29 17:05:57.886, 297.92, 100, 74232, 71
2026/07/29 17:05:58.925, 297.45, 100, 74232, 71
2026/07/29 17:05:59.963, 298.50, 100, 74232, 71
2026/07/29 17:06:01.004, 298.82, 100, 74232, 71
2026/07/29 17:06:02.042, 296.76, 100, 74232, 71
2026/07/29 17:06:03.079, 298.21, 100, 74232, 71
2026/07/29 17:06:04.118, 299.20, 100, 74232, 71
2026/07/29 17:06:05.155, 297.93, 100, 74232, 71
2026/07/29 17:06:06.193, 298.30, 100, 74232, 71
2026/07/29 17:06:07.231, 299.74, 100, 74232, 71
2026/07/29 17:06:08.270, 299.76, 100, 74232, 71
2026/07/29 17:06:09.308, 299.00, 100, 74232, 71
2026/07/29 17:06:10.345, 300.42, 100, 74232, 71
2026/07/29 17:06:11.382, 300.13, 100, 74232, 71
2026/07/29 17:06:12.420, 298.98, 100, 74232, 71
2026/07/29 17:06:13.458, 98.23, 0, 74232, 68
2026/07/29 17:06:14.492, 299.11, 100, 74232, 73
2026/07/29 17:06:15.527, 298.71, 100, 74232, 73
2026/07/29 17:06:16.562, 301.73, 100, 74232, 73
2026/07/29 17:06:17.601, 286.27, 100, 74232, 73
2026/07/29 17:06:18.646, 297.61, 100, 74232, 73
2026/07/29 17:06:19.681, 296.65, 100, 74232, 73
2026/07/29 17:06:20.719, 300.98, 100, 74232, 71
2026/07/29 17:06:21.763, 284.31, 100, 74232, 71
2026/07/29 17:06:22.801, 297.64, 100, 74232, 71
2026/07/29 17:06:23.840, 297.62, 100, 74232, 71
2026/07/29 17:06:24.877, 299.28, 100, 74232, 71
2026/07/29 17:06:25.914, 295.98, 100, 74232, 71
2026/07/29 17:06:26.952, 295.49, 100, 74232, 71
2026/07/29 17:06:27.989, 298.21, 100, 74232, 71
2026/07/29 17:06:29.026, 299.11, 100, 74232, 71
2026/07/29 17:06:30.063, 299.79, 100, 74232, 71
2026/07/29 17:06:31.100, 295.22, 100, 74232, 71
2026/07/29 17:06:32.138, 298.70, 100, 74232, 71
2026/07/29 17:06:33.176, 298.33, 100, 74232, 71
2026/07/29 17:06:34.212, 300.07, 100, 74232, 71
2026/07/29 17:06:35.250, 296.94, 100, 74232, 71
2026/07/29 17:06:36.287, 297.73, 100, 74232, 71
2026/07/29 17:06:37.327, 298.21, 100, 74232, 71
2026/07/29 17:06:38.363, 298.99, 100, 74232, 71
2026/07/29 17:06:39.402, 294.99, 100, 74232, 71
2026/07/29 17:06:40.440, 299.75, 100, 74232, 71
2026/07/29 17:06:41.481, 298.30, 100, 74232, 71
2026/07/29 17:06:42.519, 306.37, 100, 74232, 71
2026/07/29 17:06:43.557, 306.36, 100, 74232, 71
2026/07/29 17:06:44.595, 296.66, 100, 74232, 71
2026/07/29 17:06:45.632, 299.95, 100, 74232, 71
2026/07/29 17:06:46.671, 298.30, 100, 74232, 71
2026/07/29 17:06:47.707, 299.38, 100, 74232, 71
2026/07/29 17:06:48.747, 297.03, 100, 74232, 71
2026/07/29 17:06:49.786, 295.51, 100, 74232, 71
2026/07/29 17:06:50.823, 298.60, 100, 74232, 71
2026/07/29 17:06:51.862, 299.39, 100, 74232, 71
2026/07/29 17:06:52.901, 292.27, 100, 74232, 71
2026/07/29 17:06:53.941, 301.12, 100, 74232, 71
2026/07/29 17:06:54.979, 298.39, 100, 74232, 71
2026/07/29 17:06:56.023, 297.40, 100, 74232, 71
2026/07/29 17:06:57.062, 295.30, 100, 74232, 71
2026/07/29 17:06:58.099, 301.42, 100, 74232, 71
2026/07/29 17:06:59.137, 298.19, 100, 74232, 71
2026/07/29 17:07:00.173, 305.11, 100, 74232, 71
2026/07/29 17:07:01.210, 299.66, 100, 74232, 71
2026/07/29 17:07:02.250, 299.29, 100, 74232, 71
2026/07/29 17:07:03.289, 298.01, 100, 74232, 71
2026/07/29 17:07:04.326, 298.30, 100, 74232, 71
2026/07/29 17:07:05.370, 298.92, 100, 74232, 71
2026/07/29 17:07:06.407, 298.89, 100, 74232, 71
2026/07/29 17:07:07.444, 298.68, 100, 74232, 71
2026/07/29 17:07:08.484, 294.52, 100, 74232, 71
2026/07/29 17:07:09.522, 298.30, 100, 74232, 71
2026/07/29 17:07:10.559, 299.00, 100, 74232, 71
2026/07/29 17:07:11.597, 294.33, 100, 74232, 71
2026/07/29 17:07:12.634, 294.46, 100, 74232, 71
2026/07/29 17:07:13.673, 297.92, 100, 74232, 71
2026/07/29 17:07:14.710, 299.26, 100, 74232, 71
2026/07/29 17:07:15.750, 309.18, 100, 74232, 71
2026/07/29 17:07:16.788, 299.77, 100, 74232, 71
2026/07/29 17:07:17.826, 296.75, 100, 74232, 71
2026/07/29 17:07:18.865, 302.28, 100, 74232, 71
2026/07/29 17:07:19.903, 306.00, 100, 74232, 71
2026/07/29 17:07:20.941, 295.79, 100, 74232, 71
2026/07/29 17:07:21.979, 296.28, 100, 74232, 71
2026/07/29 17:07:23.017, 296.48, 100, 74232, 71
2026/07/29 17:07:24.054, 298.41, 100, 74232, 71
2026/07/29 17:07:25.092, 303.08, 100, 74232, 71
2026/07/29 17:07:26.130, 305.22, 100, 74232, 71
2026/07/29 17:07:27.167, 294.52, 100, 74232, 71
2026/07/29 17:07:28.206, 298.98, 100, 74232, 71
2026/07/29 17:07:29.244, 295.59, 100, 74232, 71
2026/07/29 17:07:30.282, 295.29, 100, 74232, 71
2026/07/29 17:07:31.320, 298.51, 100, 74232, 71
2026/07/29 17:07:32.363, 304.51, 100, 74232, 71
2026/07/29 17:07:33.401, 303.96, 100, 74232, 71
2026/07/29 17:07:34.441, 296.46, 100, 74232, 71
2026/07/29 17:07:35.479, 298.50, 100, 74232, 71
2026/07/29 17:07:36.516, 298.11, 100, 74232, 71
2026/07/29 17:07:37.553, 305.29, 100, 74232, 71
2026/07/29 17:07:38.592, 297.52, 100, 74232, 71
2026/07/29 17:07:39.630, 304.77, 100, 74232, 71
2026/07/29 17:07:40.668, 294.42, 100, 74232, 71
2026/07/29 17:07:41.705, 299.38, 100, 74232, 71
2026/07/29 17:07:42.743, 292.28, 100, 74232, 71
2026/07/29 17:07:43.783, 294.92, 100, 74232, 71
2026/07/29 17:07:44.821, 297.13, 100, 74232, 71
2026/07/29 17:07:45.859, 298.41, 100, 74232, 71
2026/07/29 17:07:46.898, 304.44, 100, 74232, 71
2026/07/29 17:07:47.936, 303.65, 100, 74232, 71
2026/07/29 17:07:48.974, 296.26, 100, 74232, 71
2026/07/29 17:07:50.011, 295.57, 100, 74232, 71
2026/07/29 17:07:51.053, 297.55, 100, 74232, 71
2026/07/29 17:07:52.091, 299.48, 100, 74232, 71
2026/07/29 17:07:53.128, 299.28, 100, 74232, 71
2026/07/29 17:07:54.165, 301.06, 100, 74232, 71
2026/07/29 17:07:55.203, 297.64, 100, 74232, 71
2026/07/29 17:07:56.242, 297.03, 100, 74232, 71
2026/07/29 17:07:57.279, 298.98, 100, 74232, 71
2026/07/29 17:07:58.318, 300.18, 100, 74232, 71
2026/07/29 17:07:59.356, 299.52, 100, 74232, 71
2026/07/29 17:08:00.396, 296.38, 100, 74232, 71
2026/07/29 17:08:01.434, 298.39, 100, 74232, 71
2026/07/29 17:08:02.471, 299.31, 100, 74232, 71
2026/07/29 17:08:03.509, 299.39, 100, 74232, 71
2026/07/29 17:08:04.547, 299.49, 100, 74232, 71
2026/07/29 17:08:05.586, 297.13, 100, 74232, 71
2026/07/29 17:08:06.623, 294.72, 100, 74232, 71
2026/07/29 17:08:07.661, 296.85, 100, 74232, 71
2026/07/29 17:08:08.699, 298.31, 100, 74232, 71
2026/07/29 17:08:09.738, 298.70, 100, 74232, 71
2026/07/29 17:08:10.780, 298.89, 100, 74232, 71
2026/07/29 17:08:11.817, 301.04, 100, 74232, 71
2026/07/29 17:08:12.855, 299.77, 100, 74232, 71
2026/07/29 17:08:13.892, 295.39, 100, 74232, 71
2026/07/29 17:08:14.929, 298.70, 100, 74232, 71
2026/07/29 17:08:15.966, 298.04, 100, 74232, 71
2026/07/29 17:08:17.005, 299.57, 100, 74232, 71
2026/07/29 17:08:18.044, 299.38, 100, 74232, 71
2026/07/29 17:08:19.080, 298.23, 100, 74232, 71
2026/07/29 17:08:20.115, 301.23, 100, 74232, 71
2026/07/29 17:08:21.150, 296.07, 100, 74232, 71
2026/07/29 17:08:22.185, 305.88, 100, 74232, 71
2026/07/29 17:08:23.224, 301.52, 100, 74232, 71
2026/07/29 17:08:24.261, 298.90, 100, 74232, 71
2026/07/29 17:08:25.302, 301.51, 100, 74232, 71
2026/07/29 17:08:26.338, 295.98, 100, 74232, 71
2026/07/29 17:08:27.377, 293.34, 100, 74232, 71
2026/07/29 17:08:28.413, 298.70, 100, 74232, 71
2026/07/29 17:08:29.450, 299.00, 100, 74232, 71
2026/07/29 17:08:30.487, 298.90, 100, 74232, 71
2026/07/29 17:08:31.525, 300.26, 100, 74232, 71
2026/07/29 17:08:32.561, 297.43, 100, 74232, 71
2026/07/29 17:08:33.598, 297.33, 100, 74232, 71
2026/07/29 17:08:34.635, 295.31, 100, 74232, 71
2026/07/29 17:08:35.673, 299.38, 100, 74232, 71
2026/07/29 17:08:36.710, 299.30, 100, 74232, 71
2026/07/29 17:08:37.745, 295.68, 100, 74232, 71
2026/07/29 17:08:38.787, 297.14, 100, 74232, 71
2026/07/29 17:08:39.824, 298.41, 100, 74232, 71
2026/07/29 17:08:40.860, 298.21, 100, 74232, 71
2026/07/29 17:08:41.897, 299.39, 100, 74232, 71
2026/07/29 17:08:42.934, 300.14, 100, 74232, 71
2026/07/29 17:08:43.971, 295.81, 100, 74232, 71
2026/07/29 17:08:45.013, 296.65, 100, 74232, 71
2026/07/29 17:08:46.050, 298.61, 100, 74232, 71
2026/07/29 17:08:47.087, 297.53, 100, 74232, 71
2026/07/29 17:08:48.123, 298.40, 100, 74232, 71
2026/07/29 17:08:49.160, 299.20, 100, 74232, 71
2026/07/29 17:08:50.199, 299.46, 100, 74232, 71
2026/07/29 17:08:51.236, 305.15, 100, 74232, 71
2026/07/29 17:08:52.275, 293.54, 100, 74232, 71
2026/07/29 17:08:53.312, 298.68, 100, 74232, 71
2026/07/29 17:08:54.351, 304.90, 100, 74232, 71
2026/07/29 17:08:55.388, 308.98, 100, 74232, 71
2026/07/29 17:08:56.425, 306.75, 100, 74232, 71
2026/07/29 17:08:57.463, 298.69, 100, 74232, 71
2026/07/29 17:08:58.505, 299.79, 100, 74232, 71
2026/07/29 17:08:59.543, 295.96, 100, 74232, 71
2026/07/29 17:09:00.580, 293.94, 100, 74232, 71
2026/07/29 17:09:01.618, 296.94, 100, 74232, 71
2026/07/29 17:09:02.656, 298.60, 100, 74232, 71
2026/07/29 17:09:03.697, 298.60, 100, 74232, 71
2026/07/29 17:09:04.734, 299.20, 100, 74232, 71
2026/07/29 17:09:05.770, 299.50, 100, 74232, 71
2026/07/29 17:09:06.807, 298.83, 100, 74232, 71
2026/07/29 17:09:07.850, 291.61, 100, 74232, 71
2026/07/29 17:09:08.888, 297.33, 100, 74232, 71
2026/07/29 17:09:09.926, 296.19, 100, 74232, 71
2026/07/29 17:09:10.967, 297.81, 100, 74232, 71
2026/07/29 17:09:12.004, 299.19, 100, 74232, 71
2026/07/29 17:09:13.041, 299.50, 100, 74232, 71
2026/07/29 17:09:14.081, 306.46, 100, 74232, 71
2026/07/29 17:09:15.118, 302.98, 100, 74232, 71
2026/07/29 17:09:16.158, 300.76, 100, 74232, 71
2026/07/29 17:09:17.194, 299.38, 100, 74232, 71
2026/07/29 17:09:18.233, 303.45, 100, 74232, 71
2026/07/29 17:09:19.270, 305.28, 100, 74232, 71
2026/07/29 17:09:20.308, 304.17, 100, 74232, 71
2026/07/29 17:09:21.347, 302.10, 100, 74232, 71
2026/07/29 17:09:22.384, 305.97, 100, 74232, 71
2026/07/29 17:09:23.420, 298.49, 100, 74232, 71
2026/07/29 17:09:24.457, 295.79, 100, 74232, 71
2026/07/29 17:09:25.499, 296.37, 100, 74232, 71
2026/07/29 17:09:26.535, 301.21, 100, 74232, 71
2026/07/29 17:09:27.570, 303.29, 100, 74232, 71
2026/07/29 17:09:28.606, 305.41, 100, 74232, 71
2026/07/29 17:09:29.646, 296.46, 100, 74232, 71
2026/07/29 17:09:30.685, 297.43, 100, 74232, 71
2026/07/29 17:09:31.722, 295.79, 100, 74232, 70
2026/07/29 17:09:32.760, 292.90, 100, 74232, 71
2026/07/29 17:09:33.797, 298.82, 100, 74232, 70
2026/07/29 17:09:34.833, 295.09, 100, 74232, 70
2026/07/29 17:09:35.870, 297.23, 100, 74232, 70
2026/07/29 17:09:36.908, 296.67, 100, 74232, 70
2026/07/29 17:09:37.946, 298.03, 100, 74232, 70
2026/07/29 17:09:38.982, 298.69, 100, 74232, 70
2026/07/29 17:09:40.022, 298.41, 100, 74232, 70
2026/07/29 17:09:41.059, 294.63, 100, 74232, 70
2026/07/29 17:09:42.100, 296.66, 100, 74232, 70
2026/07/29 17:09:43.137, 298.01, 100, 74232, 70
2026/07/29 17:09:44.178, 305.71, 100, 74232, 71
2026/07/29 17:09:45.215, 305.43, 100, 74232, 71
2026/07/29 17:09:46.258, 301.11, 100, 74232, 71
2026/07/29 17:09:47.295, 294.61, 100, 74232, 71
2026/07/29 17:09:48.332, 296.08, 100, 74232, 71
2026/07/29 17:09:49.369, 298.02, 100, 74232, 71
2026/07/29 17:09:50.407, 292.77, 100, 74232, 71
2026/07/29 17:09:51.443, 298.31, 100, 74232, 71
2026/07/29 17:09:52.482, 298.42, 100, 74232, 71
2026/07/29 17:09:53.519, 292.88, 100, 74232, 71
2026/07/29 17:09:54.556, 306.20, 100, 74232, 71
2026/07/29 17:09:55.592, 299.01, 100, 74232, 71
2026/07/29 17:09:56.629, 295.80, 100, 74232, 71
2026/07/29 17:09:57.665, 296.95, 100, 74232, 71
2026/07/29 17:09:58.705, 298.69, 100, 74232, 71
2026/07/29 17:09:59.742, 298.13, 100, 74232, 71
2026/07/29 17:10:00.788, 300.14, 100, 74232, 71
2026/07/29 17:10:01.824, 298.90, 100, 74232, 71
2026/07/29 17:10:02.860, 293.74, 100, 74232, 71
2026/07/29 17:10:03.896, 298.90, 100, 74232, 71
2026/07/29 17:10:04.934, 293.19, 100, 74232, 71
2026/07/29 17:10:05.972, 296.58, 100, 74232, 71
2026/07/29 17:10:07.008, 297.14, 100, 74232, 71
2026/07/29 17:10:08.046, 296.48, 100, 74232, 71
2026/07/29 17:10:09.082, 297.15, 100, 74232, 71
2026/07/29 17:10:10.118, 298.52, 100, 74232, 71
2026/07/29 17:10:11.158, 297.91, 100, 74232, 71
2026/07/29 17:10:12.195, 298.23, 100, 74232, 71
2026/07/29 17:10:13.232, 294.90, 100, 74232, 71
2026/07/29 17:10:14.268, 303.75, 100, 74232, 71
2026/07/29 17:10:15.304, 305.52, 100, 74232, 71
2026/07/29 17:10:16.340, 295.38, 100, 74232, 70
2026/07/29 17:10:17.379, 296.56, 100, 74232, 71
2026/07/29 17:10:18.415, 293.16, 100, 74232, 71
2026/07/29 17:10:19.455, 295.89, 100, 74232, 70
2026/07/29 17:10:20.491, 296.57, 100, 74232, 70
2026/07/29 17:10:21.528, 299.98, 100, 74232, 70
2026/07/29 17:10:22.565, 302.03, 100, 74232, 71
2026/07/29 17:10:23.602, 298.39, 100, 74232, 70
2026/07/29 17:10:24.639, 296.74, 100, 74232, 71
2026/07/29 17:10:25.676, 298.42, 100, 74232, 71
2026/07/29 17:10:26.713, 298.81, 100, 74232, 71
2026/07/29 17:10:27.750, 298.61, 100, 74232, 71
2026/07/29 17:10:28.789, 298.44, 100, 74232, 71
2026/07/29 17:10:29.826, 299.11, 100, 74232, 71
2026/07/29 17:10:30.864, 298.93, 100, 74232, 71
2026/07/29 17:10:31.900, 299.57, 100, 74232, 71
2026/07/29 17:10:32.938, 299.02, 100, 74232, 71
2026/07/29 17:10:33.975, 295.10, 100, 74232, 71
2026/07/29 17:10:35.015, 299.22, 100, 74232, 71
2026/07/29 17:10:36.053, 298.39, 100, 74232, 71
2026/07/29 17:10:37.092, 300.25, 100, 74232, 71
2026/07/29 17:10:38.129, 301.71, 100, 74232, 71
2026/07/29 17:10:39.167, 303.55, 100, 74232, 71
2026/07/29 17:10:40.208, 301.01, 100, 74232, 71
2026/07/29 17:10:41.244, 297.44, 100, 74232, 71
2026/07/29 17:10:42.283, 301.87, 100, 74232, 71
2026/07/29 17:10:43.320, 302.21, 100, 74232, 71
2026/07/29 17:10:44.359, 301.22, 100, 74232, 71
2026/07/29 17:10:45.397, 305.29, 100, 74232, 71
2026/07/29 17:10:46.434, 299.59, 100, 74232, 71
2026/07/29 17:10:47.471, 304.02, 100, 74232, 71
2026/07/29 17:10:48.509, 299.29, 100, 74232, 71
2026/07/29 17:10:49.546, 298.40, 100, 74232, 71
2026/07/29 17:10:50.584, 302.66, 100, 74232, 71
2026/07/29 17:10:51.620, 291.61, 100, 74232, 71
2026/07/29 17:10:52.658, 286.08, 100, 74232, 71
2026/07/29 17:10:53.694, 297.92, 100, 74232, 71
2026/07/29 17:10:54.731, 298.31, 100, 74232, 71
2026/07/29 17:10:55.770, 299.10, 100, 74232, 71
2026/07/29 17:10:56.808, 299.36, 100, 74232, 71
2026/07/29 17:10:57.846, 299.10, 100, 74232, 71
2026/07/29 17:10:58.883, 298.13, 100, 74232, 71
2026/07/29 17:10:59.920, 305.60, 100, 74232, 71
2026/07/29 17:11:00.957, 306.98, 100, 74232, 71
2026/07/29 17:11:01.993, 299.29, 100, 74232, 71
2026/07/29 17:11:03.029, 299.47, 100, 74232, 71
2026/07/29 17:11:04.067, 294.81, 100, 74232, 71
2026/07/29 17:11:05.105, 302.62, 100, 74232, 71
2026/07/29 17:11:06.145, 300.75, 100, 74232, 71
2026/07/29 17:11:07.182, 291.50, 100, 74232, 71
2026/07/29 17:11:08.218, 298.11, 100, 74232, 71
2026/07/29 17:11:09.256, 294.25, 100, 74232, 71
2026/07/29 17:11:10.293, 296.58, 100, 74232, 71
2026/07/29 17:11:11.332, 298.12, 100, 74232, 71
2026/07/29 17:11:12.369, 295.48, 100, 74232, 71
2026/07/29 17:11:13.408, 299.57, 100, 74232, 71
2026/07/29 17:11:14.446, 95.01, 0, 74232, 67
2026/07/29 17:11:15.480, 295.89, 100, 74232, 72
2026/07/29 17:11:16.514, 302.81, 100, 74232, 72
2026/07/29 17:11:17.548, 294.54, 100, 74232, 72
2026/07/29 17:11:18.581, 276.79, 100, 74232, 72
2026/07/29 17:11:19.616, 297.04, 100, 74232, 72
2026/07/29 17:11:20.652, 295.57, 100, 74232, 72
2026/07/29 17:11:21.691, 276.90, 100, 74232, 70
2026/07/29 17:11:22.894, 304.12, 100, 74232, 71
2026/07/29 17:11:23.930, 297.64, 100, 74232, 71
2026/07/29 17:11:24.967, 299.75, 100, 74232, 71
2026/07/29 17:11:26.004, 303.92, 100, 74232, 71
2026/07/29 17:11:27.041, 305.29, 100, 74232, 71
2026/07/29 17:11:28.078, 309.95, 100, 74232, 71
2026/07/29 17:11:29.116, 307.43, 100, 74232, 71
2026/07/29 17:11:30.153, 305.28, 100, 74232, 71
2026/07/29 17:11:31.190, 303.06, 100, 74232, 71
2026/07/29 17:11:32.225, 302.86, 100, 74232, 71
2026/07/29 17:11:33.262, 306.32, 100, 74232, 71
2026/07/29 17:11:34.301, 302.39, 100, 74232, 71
2026/07/29 17:11:35.340, 296.64, 100, 74232, 71
2026/07/29 17:11:36.376, 305.20, 100, 74232, 71
2026/07/29 17:11:37.412, 305.48, 100, 74232, 71
2026/07/29 17:11:38.448, 306.45, 100, 74232, 71
2026/07/29 17:11:39.486, 302.70, 100, 74232, 71
2026/07/29 17:11:40.522, 302.03, 100, 74232, 71
2026/07/29 17:11:41.560, 305.68, 100, 74232, 71
2026/07/29 17:11:42.598, 295.20, 100, 74232, 71
2026/07/29 17:11:43.635, 294.90, 100, 74232, 71
2026/07/29 17:11:44.671, 295.30, 100, 74232, 71
2026/07/29 17:11:45.710, 298.39, 100, 74232, 71
2026/07/29 17:11:46.747, 292.10, 100, 74232, 71
2026/07/29 17:11:47.791, 300.04, 100, 74232, 71
2026/07/29 17:11:48.830, 293.07, 100, 74232, 71
2026/07/29 17:11:49.867, 297.64, 100, 74232, 71
2026/07/29 17:11:50.913, 298.92, 100, 74232, 71
2026/07/29 17:11:51.951, 297.94, 100, 74232, 71
2026/07/29 17:11:52.987, 293.64, 100, 74232, 71
2026/07/29 17:11:54.025, 298.21, 100, 74232, 71
2026/07/29 17:11:55.061, 298.13, 100, 74232, 71
2026/07/29 17:11:56.098, 299.47, 100, 74232, 71
2026/07/29 17:11:57.135, 303.94, 100, 74232, 71
2026/07/29 17:11:58.176, 299.02, 100, 74232, 71
2026/07/29 17:11:59.215, 304.95, 100, 74232, 71
2026/07/29 17:12:00.251, 296.94, 100, 74232, 71
2026/07/29 17:12:01.293, 298.23, 100, 74232, 71
2026/07/29 17:12:02.331, 307.90, 100, 74232, 71
2026/07/29 17:12:03.368, 306.16, 100, 74232, 71
2026/07/29 17:12:04.406, 297.14, 100, 74232, 71
2026/07/29 17:12:05.443, 296.28, 100, 74232, 71
2026/07/29 17:12:06.481, 297.82, 100, 74232, 71
2026/07/29 17:12:07.517, 298.32, 100, 74232, 71
2026/07/29 17:12:08.555, 296.16, 100, 74232, 71
2026/07/29 17:12:09.592, 295.70, 100, 74232, 71
2026/07/29 17:12:10.629, 297.71, 100, 74232, 71
2026/07/29 17:12:11.667, 298.63, 100, 74232, 71
2026/07/29 17:12:12.704, 299.69, 100, 74232, 71
2026/07/29 17:12:13.740, 295.58, 100, 74232, 71
2026/07/29 17:12:14.777, 299.28, 100, 74232, 71
2026/07/29 17:12:15.813, 297.55, 100, 74232, 71
2026/07/29 17:12:16.849, 299.02, 100, 74232, 71
2026/07/29 17:12:17.886, 292.96, 100, 74232, 71
2026/07/29 17:12:18.923, 303.25, 100, 74232, 71
2026/07/29 17:12:19.966, 297.36, 100, 74232, 71
2026/07/29 17:12:21.003, 96.68, 0, 74232, 67
2026/07/29 17:12:22.035, 305.01, 100, 74232, 72
2026/07/29 17:12:23.069, 271.95, 100, 74232, 72
2026/07/29 17:12:24.103, 268.78, 100, 74232, 72
2026/07/29 17:12:25.137, 273.55, 100, 74232, 72
2026/07/29 17:12:26.172, 276.35, 100, 74232, 72
2026/07/29 17:12:27.207, 327.45, 100, 74232, 73
2026/07/29 17:12:28.246, 283.92, 100, 74232, 72
2026/07/29 17:12:29.282, 304.68, 100, 74232, 71
2026/07/29 17:12:30.324, 297.34, 100, 74232, 71
2026/07/29 17:12:31.361, 302.99, 85, 74232, 72
2026/07/29 17:12:32.398, 294.03, 100, 74232, 71
2026/07/29 17:12:33.435, 300.65, 100, 74232, 71
2026/07/29 17:12:34.473, 293.55, 100, 74232, 71
2026/07/29 17:12:35.511, 295.77, 100, 74232, 71
2026/07/29 17:12:36.549, 302.67, 100, 74232, 71
2026/07/29 17:12:37.587, 294.41, 100, 74232, 71
2026/07/29 17:12:38.624, 302.66, 100, 74232, 71
2026/07/29 17:12:39.664, 296.67, 100, 74232, 71
2026/07/29 17:12:40.702, 296.25, 100, 74232, 71
2026/07/29 17:12:41.741, 297.15, 100, 74232, 71
2026/07/29 17:12:42.779, 295.49, 100, 74232, 71
2026/07/29 17:12:43.816, 297.56, 100, 74232, 71
2026/07/29 17:12:44.853, 298.02, 100, 74232, 71
2026/07/29 17:12:45.891, 303.39, 100, 74232, 71
2026/07/29 17:12:46.929, 293.48, 100, 74232, 71
2026/07/29 17:12:47.966, 299.59, 100, 74232, 71
2026/07/29 17:12:49.004, 298.40, 100, 74232, 71
2026/07/29 17:12:50.041, 301.12, 100, 74232, 71
2026/07/29 17:12:51.079, 299.95, 100, 74232, 71
2026/07/29 17:12:52.115, 296.55, 100, 74232, 71
2026/07/29 17:12:53.151, 297.33, 100, 74232, 71
2026/07/29 17:12:54.188, 304.24, 100, 74232, 71
2026/07/29 17:12:55.225, 300.46, 100, 74232, 71
2026/07/29 17:12:56.262, 304.23, 100, 74232, 71
2026/07/29 17:12:57.299, 301.99, 100, 74232, 71
2026/07/29 17:12:58.336, 297.23, 100, 74232, 71
2026/07/29 17:12:59.372, 290.46, 100, 74232, 71
2026/07/29 17:13:00.424, 292.89, 100, 74232, 71
2026/07/29 17:13:01.462, 297.25, 100, 74232, 71
2026/07/29 17:13:02.499, 293.06, 100, 74232, 71
2026/07/29 17:13:03.537, 298.12, 100, 74232, 71
2026/07/29 17:13:04.574, 291.71, 100, 74232, 71
2026/07/29 17:13:05.612, 296.57, 100, 74232, 71
2026/07/29 17:13:06.649, 303.13, 100, 74232, 71
2026/07/29 17:13:07.686, 301.42, 100, 74232, 71
2026/07/29 17:13:08.723, 295.49, 100, 74232, 71
2026/07/29 17:13:09.760, 297.05, 100, 74232, 71
2026/07/29 17:13:10.801, 296.88, 100, 74232, 71
2026/07/29 17:13:11.840, 295.87, 100, 74232, 71
2026/07/29 17:13:12.877, 295.29, 100, 74232, 71
2026/07/29 17:13:13.915, 296.96, 100, 74232, 71
2026/07/29 17:13:14.952, 293.23, 100, 74232, 71
2026/07/29 17:13:15.990, 294.45, 100, 74232, 71
2026/07/29 17:13:17.027, 296.46, 100, 74232, 71
2026/07/29 17:13:18.065, 300.02, 100, 74232, 71
2026/07/29 17:13:19.103, 300.35, 100, 74232, 71
2026/07/29 17:13:20.139, 301.70, 100, 74232, 71
2026/07/29 17:13:21.176, 305.38, 100, 74232, 71
2026/07/29 17:13:22.214, 300.52, 100, 74232, 71
2026/07/29 17:13:23.253, 292.46, 100, 74232, 71
2026/07/29 17:13:24.291, 289.76, 100, 74232, 71
2026/07/29 17:13:25.330, 298.91, 100, 74232, 71
2026/07/29 17:13:26.369, 294.12, 100, 74232, 71
2026/07/29 17:13:27.407, 294.13, 100, 74232, 71
2026/07/29 17:13:28.445, 297.04, 100, 74232, 71
2026/07/29 17:13:29.482, 298.60, 100, 74232, 71
2026/07/29 17:13:30.519, 291.43, 100, 74232, 71
2026/07/29 17:13:31.559, 304.07, 100, 74232, 71
2026/07/29 17:13:32.596, 305.77, 100, 74232, 71
2026/07/29 17:13:33.633, 302.48, 100, 74232, 71
2026/07/29 17:13:34.671, 297.16, 100, 74232, 71
2026/07/29 17:13:35.710, 299.98, 100, 74232, 71
2026/07/29 17:13:36.748, 305.00, 100, 74232, 71
2026/07/29 17:13:37.787, 299.72, 100, 74232, 71
2026/07/29 17:13:38.825, 303.46, 100, 74232, 71
2026/07/29 17:13:39.862, 304.99, 100, 74232, 71
2026/07/29 17:13:40.899, 305.63, 100, 74232, 71
2026/07/29 17:13:41.936, 302.67, 100, 74232, 71
2026/07/29 17:13:42.973, 296.66, 100, 74232, 71
2026/07/29 17:13:44.011, 294.22, 100, 74232, 71
2026/07/29 17:13:45.049, 295.51, 100, 74232, 71
2026/07/29 17:13:46.086, 292.27, 100, 74232, 71
2026/07/29 17:13:47.122, 296.08, 100, 74232, 71
2026/07/29 17:13:48.159, 301.63, 100, 74232, 71
2026/07/29 17:13:49.197, 301.81, 100, 74232, 71
2026/07/29 17:13:50.233, 303.94, 100, 74232, 71
2026/07/29 17:13:51.271, 303.09, 100, 74232, 71
2026/07/29 17:13:52.307, 301.12, 100, 74232, 71
2026/07/29 17:13:53.344, 299.94, 100, 74232, 71
2026/07/29 17:13:54.380, 301.83, 100, 74232, 71
2026/07/29 17:13:55.417, 297.82, 100, 74232, 71
2026/07/29 17:13:56.455, 299.21, 100, 74232, 71
2026/07/29 17:13:57.491, 297.45, 100, 74232, 71
2026/07/29 17:13:58.528, 297.55, 100, 74232, 71
2026/07/29 17:13:59.565, 298.02, 100, 74232, 71
2026/07/29 17:14:00.602, 298.02, 100, 74232, 71
2026/07/29 17:14:01.640, 297.63, 100, 74232, 71
2026/07/29 17:14:02.677, 301.04, 100, 74232, 71
2026/07/29 17:14:03.713, 301.04, 100, 74232, 72
2026/07/29 17:14:04.749, 296.82, 100, 74232, 72
2026/07/29 17:14:05.785, 297.26, 100, 74232, 73
2026/07/29 17:14:06.818, 289.94, 100, 74232, 72
2026/07/29 17:14:07.851, 303.22, 100, 74232, 72
2026/07/29 17:14:08.889, 272.27, 100, 74232, 72
2026/07/29 17:14:09.924, 304.07, 100, 74232, 71
2026/07/29 17:14:10.963, 303.05, 100, 74232, 71
2026/07/29 17:14:11.999, 302.77, 100, 74232, 71
2026/07/29 17:14:13.036, 293.84, 100, 74232, 71
2026/07/29 17:14:14.075, 304.64, 100, 74232, 71
2026/07/29 17:14:15.111, 303.00, 100, 74232, 71
2026/07/29 17:14:16.154, 292.08, 100, 74232, 71
2026/07/29 17:14:17.190, 301.78, 100, 74232, 71
2026/07/29 17:14:18.229, 304.80, 100, 74232, 71
2026/07/29 17:14:19.265, 297.42, 100, 74232, 71
2026/07/29 17:14:20.306, 294.32, 100, 74232, 71
2026/07/29 17:14:21.343, 298.21, 100, 74232, 71
2026/07/29 17:14:22.380, 299.39, 100, 74232, 71
2026/07/29 17:14:23.416, 305.02, 100, 74232, 71
2026/07/29 17:14:24.455, 298.32, 100, 74232, 71
2026/07/29 17:14:25.492, 295.28, 100, 74232, 71
2026/07/29 17:14:26.531, 297.64, 100, 74232, 71
2026/07/29 17:14:27.566, 298.00, 100, 74232, 71
2026/07/29 17:14:28.599, 277.63, 100, 74232, 72
2026/07/29 17:14:29.634, 279.19, 100, 74232, 73
2026/07/29 17:14:30.667, 289.08, 100, 74232, 72
2026/07/29 17:14:31.701, 290.66, 100, 74232, 72
2026/07/29 17:14:32.735, 293.83, 100, 74232, 72
2026/07/29 17:14:33.776, 275.98, 100, 74232, 72
2026/07/29 17:14:34.811, 305.43, 100, 74232, 71
2026/07/29 17:14:35.849, 309.29, 100, 74232, 71
2026/07/29 17:14:36.886, 303.77, 100, 74232, 71
2026/07/29 17:14:37.923, 305.68, 100, 74232, 71
2026/07/29 17:14:38.959, 298.71, 100, 74232, 71
2026/07/29 17:14:39.996, 304.03, 100, 74232, 71
2026/07/29 17:14:41.034, 306.69, 100, 74232, 71
2026/07/29 17:14:42.072, 298.15, 100, 74232, 71
2026/07/29 17:14:43.110, 297.82, 100, 74232, 71
2026/07/29 17:14:44.149, 299.11, 100, 74232, 71
2026/07/29 17:14:45.185, 297.90, 100, 74232, 71
2026/07/29 17:14:46.224, 291.79, 100, 74232, 71
2026/07/29 17:14:47.262, 296.96, 100, 74232, 71
2026/07/29 17:14:48.299, 295.50, 100, 74232, 71
2026/07/29 17:14:49.336, 299.47, 100, 74232, 71
2026/07/29 17:14:50.372, 297.05, 100, 74232, 71
2026/07/29 17:14:51.409, 298.13, 100, 74232, 71
2026/07/29 17:14:52.445, 298.52, 100, 74232, 71
2026/07/29 17:14:53.481, 298.22, 100, 74232, 71
2026/07/29 17:14:54.519, 298.02, 100, 74232, 71
2026/07/29 17:14:55.555, 305.72, 100, 74232, 71
2026/07/29 17:14:56.597, 300.92, 100, 74232, 71
2026/07/29 17:14:57.634, 298.01, 100, 74232, 71
2026/07/29 17:14:58.671, 294.14, 100, 74232, 71
2026/07/29 17:14:59.709, 299.19, 100, 74232, 71
2026/07/29 17:15:00.747, 293.66, 100, 74232, 71
2026/07/29 17:15:01.785, 298.49, 100, 74232, 71
2026/07/29 17:15:02.821, 298.32, 100, 74232, 71
2026/07/29 17:15:03.858, 294.92, 100, 74232, 71
2026/07/29 17:15:04.895, 297.73, 100, 74232, 71
2026/07/29 17:15:05.931, 298.13, 100, 74232, 71
2026/07/29 17:15:06.968, 294.82, 100, 74232, 71
2026/07/29 17:15:08.006, 297.44, 100, 74232, 71
2026/07/29 17:15:09.043, 297.41, 100, 74232, 71
2026/07/29 17:15:10.080, 292.67, 100, 74232, 71
2026/07/29 17:15:11.117, 296.66, 100, 74232, 71
2026/07/29 17:15:12.155, 297.52, 100, 74232, 71
2026/07/29 17:15:13.192, 298.02, 100, 74232, 71
2026/07/29 17:15:14.228, 294.13, 100, 74232, 71
2026/07/29 17:15:15.265, 308.86, 100, 74232, 71
2026/07/29 17:15:16.301, 297.90, 100, 74232, 71
2026/07/29 17:15:17.340, 295.28, 100, 74232, 71
2026/07/29 17:15:18.378, 293.55, 36, 74232, 72
2026/07/29 17:15:19.413, 297.94, 100, 74232, 72
2026/07/29 17:15:20.449, 299.05, 100, 74232, 72
2026/07/29 17:15:21.482, 280.55, 100, 74232, 72
2026/07/29 17:15:22.517, 298.59, 100, 74232, 72
2026/07/29 17:15:23.552, 304.15, 100, 74232, 72
2026/07/29 17:15:24.585, 320.00, 100, 74232, 72
2026/07/29 17:15:25.620, 303.94, 100, 74232, 70
2026/07/29 17:15:26.657, 299.56, 100, 74232, 70
2026/07/29 17:15:27.692, 304.04, 100, 74232, 70
2026/07/29 17:15:28.732, 95.56, 44, 74232, 68
2026/07/29 17:15:29.765, 304.31, 100, 74232, 72
2026/07/29 17:15:30.803, 305.00, 100, 74232, 72
2026/07/29 17:15:31.842, 312.59, 100, 74232, 72
2026/07/29 17:15:32.876, 298.30, 100, 74232, 72
2026/07/29 17:15:33.911, 319.40, 100, 74232, 72
2026/07/29 17:15:34.952, 283.92, 100, 74232, 72
2026/07/29 17:15:35.989, 252.10, 100, 74232, 71
2026/07/29 17:15:37.029, 279.60, 100, 74232, 70
2026/07/29 17:15:38.068, 290.13, 100, 74232, 71
2026/07/29 17:15:39.107, 290.61, 100, 74232, 71
2026/07/29 17:15:40.145, 295.30, 100, 74232, 71
2026/07/29 17:15:41.183, 291.98, 100, 74232, 71
2026/07/29 17:15:42.221, 98.22, 0, 74232, 68
2026/07/29 17:15:43.254, 289.66, 100, 74232, 73
2026/07/29 17:15:44.290, 273.31, 100, 74232, 72
2026/07/29 17:15:45.325, 269.49, 100, 74232, 73
2026/07/29 17:15:46.360, 269.84, 100, 74232, 73
2026/07/29 17:15:47.404, 286.64, 100, 74232, 73
2026/07/29 17:15:48.441, 282.38, 100, 74232, 73
2026/07/29 17:15:49.482, 251.46, 100, 74232, 71
2026/07/29 17:15:50.519, 293.85, 100, 74232, 71
2026/07/29 17:15:51.557, 292.28, 100, 74232, 71
2026/07/29 17:15:52.594, 290.12, 100, 74232, 71
2026/07/29 17:15:53.632, 296.67, 100, 74232, 71
2026/07/29 17:15:54.669, 98.19, 0, 74232, 68
2026/07/29 17:15:55.703, 272.19, 100, 74232, 73
2026/07/29 17:15:56.738, 281.79, 100, 74232, 73
2026/07/29 17:15:57.772, 317.33, 100, 74232, 73
2026/07/29 17:15:58.810, 286.75, 100, 74232, 73
2026/07/29 17:15:59.846, 286.17, 100, 74232, 73
2026/07/29 17:16:00.880, 264.42, 100, 74232, 73
2026/07/29 17:16:01.916, 273.30, 100, 74232, 72
2026/07/29 17:16:02.961, 287.21, 100, 74232, 71
2026/07/29 17:16:04.000, 283.73, 100, 74232, 72
2026/07/29 17:16:05.036, 291.21, 100, 74232, 72
2026/07/29 17:16:06.074, 304.21, 82, 74232, 74
2026/07/29 17:16:07.109, 306.02, 100, 74232, 72
2026/07/29 17:16:08.147, 303.55, 100, 74232, 72
2026/07/29 17:16:09.183, 296.76, 100, 74232, 72
2026/07/29 17:16:10.219, 293.44, 100, 74232, 72
2026/07/29 17:16:11.256, 297.16, 100, 74232, 72
2026/07/29 17:16:12.293, 299.21, 100, 74232, 72
2026/07/29 17:16:13.329, 299.96, 100, 74232, 72
2026/07/29 17:16:14.366, 293.84, 100, 74232, 72
2026/07/29 17:16:15.403, 286.85, 100, 74232, 72
2026/07/29 17:16:16.440, 288.61, 100, 74232, 72
2026/07/29 17:16:17.482, 293.75, 100, 74232, 72
2026/07/29 17:16:18.520, 300.06, 100, 74232, 72
2026/07/29 17:16:19.557, 300.74, 100, 74232, 72
2026/07/29 17:16:20.596, 293.16, 100, 74232, 72
2026/07/29 17:16:21.633, 291.61, 100, 74232, 72
2026/07/29 17:16:22.670, 295.58, 100, 74232, 72
2026/07/29 17:16:23.706, 297.43, 100, 74232, 72
2026/07/29 17:16:24.744, 298.71, 100, 74232, 72
2026/07/29 17:16:25.779, 296.44, 100, 74232, 72
2026/07/29 17:16:26.816, 297.14, 100, 74232, 72
2026/07/29 17:16:27.853, 297.55, 100, 74232, 72
2026/07/29 17:16:28.890, 298.22, 100, 74232, 72
2026/07/29 17:16:29.926, 299.19, 100, 74232, 71
2026/07/29 17:16:30.964, 292.19, 100, 74232, 71
2026/07/29 17:16:32.001, 294.79, 100, 74232, 71
2026/07/29 17:16:33.040, 302.29, 100, 74232, 71
2026/07/29 17:16:34.076, 297.45, 100, 74232, 71
2026/07/29 17:16:35.115, 298.40, 100, 74232, 71
2026/07/29 17:16:36.152, 296.95, 100, 74232, 71
2026/07/29 17:16:37.189, 296.76, 100, 74232, 71
2026/07/29 17:16:38.226, 297.63, 100, 74232, 71
2026/07/29 17:16:39.262, 297.04, 100, 74232, 71
2026/07/29 17:16:40.298, 299.11, 100, 74232, 71
2026/07/29 17:16:41.336, 295.31, 100, 74232, 71
2026/07/29 17:16:42.372, 297.94, 100, 74232, 71
2026/07/29 17:16:43.411, 297.85, 100, 74232, 71
2026/07/29 17:16:44.447, 299.86, 100, 74232, 71
2026/07/29 17:16:45.485, 292.19, 100, 74232, 71
2026/07/29 17:16:46.522, 305.37, 100, 74232, 71
2026/07/29 17:16:47.560, 293.65, 100, 74232, 71
2026/07/29 17:16:48.599, 295.29, 100, 74232, 71
2026/07/29 17:16:49.635, 295.19, 100, 74232, 71
2026/07/29 17:16:50.671, 294.61, 100, 74232, 71
2026/07/29 17:16:51.711, 300.46, 100, 74232, 71
2026/07/29 17:16:52.747, 293.16, 100, 74232, 71
2026/07/29 17:16:53.788, 295.20, 100, 74232, 71
2026/07/29 17:16:54.827, 296.36, 100, 74232, 71
2026/07/29 17:16:55.864, 301.83, 100, 74232, 71
2026/07/29 17:16:56.902, 307.19, 100, 74232, 71
2026/07/29 17:16:57.939, 302.31, 100, 74232, 71
2026/07/29 17:16:58.976, 302.69, 100, 74232, 71
2026/07/29 17:17:00.012, 300.72, 100, 74232, 71
2026/07/29 17:17:01.050, 303.45, 100, 74232, 71
2026/07/29 17:17:02.088, 297.24, 100, 74232, 71
2026/07/29 17:17:03.125, 293.67, 100, 74232, 71
2026/07/29 17:17:04.162, 293.93, 100, 74232, 71
2026/07/29 17:17:05.199, 295.03, 100, 74232, 71
2026/07/29 17:17:06.237, 297.87, 100, 74232, 71
2026/07/29 17:17:07.279, 291.51, 100, 74232, 71
2026/07/29 17:17:08.318, 293.73, 100, 74232, 71
2026/07/29 17:17:09.354, 297.15, 100, 74232, 71
2026/07/29 17:17:10.392, 298.20, 100, 74232, 71
2026/07/29 17:17:11.428, 289.86, 100, 74232, 71
2026/07/29 17:17:12.467, 291.20, 100, 74232, 71
2026/07/29 17:17:13.504, 298.23, 100, 74232, 71
2026/07/29 17:17:14.541, 297.91, 100, 74232, 71
2026/07/29 17:17:15.578, 293.07, 100, 74232, 71
2026/07/29 17:17:16.619, 298.62, 100, 74232, 71
2026/07/29 17:17:17.656, 298.80, 100, 74232, 71
2026/07/29 17:17:18.693, 299.41, 100, 74232, 71
2026/07/29 17:17:19.730, 300.82, 100, 74232, 71
2026/07/29 17:17:20.767, 304.75, 100, 74232, 71
2026/07/29 17:17:21.804, 306.15, 100, 74232, 71
2026/07/29 17:17:22.841, 302.01, 100, 74232, 71
2026/07/29 17:17:23.879, 305.05, 100, 74232, 71
2026/07/29 17:17:24.917, 299.68, 100, 74232, 71
2026/07/29 17:17:25.955, 301.50, 100, 74232, 71
2026/07/29 17:17:26.992, 297.80, 100, 74232, 71
2026/07/29 17:17:28.029, 298.12, 100, 74232, 71
2026/07/29 17:17:29.065, 297.55, 100, 74232, 71
2026/07/29 17:17:30.103, 297.82, 100, 74232, 71
2026/07/29 17:17:31.143, 297.86, 100, 74232, 71
2026/07/29 17:17:32.181, 301.02, 100, 74232, 71
2026/07/29 17:17:33.221, 297.63, 100, 74232, 71
2026/07/29 17:17:34.259, 298.79, 100, 74232, 71
2026/07/29 17:17:35.303, 295.48, 100, 74232, 71
2026/07/29 17:17:36.341, 299.26, 100, 74232, 71
2026/07/29 17:17:37.378, 307.57, 100, 74232, 71
2026/07/29 17:17:38.416, 299.76, 100, 74232, 71
2026/07/29 17:17:39.454, 299.46, 100, 74232, 71
2026/07/29 17:17:40.491, 297.72, 100, 74232, 71
2026/07/29 17:17:41.529, 305.23, 100, 74232, 71
2026/07/29 17:17:42.566, 300.56, 100, 74232, 71
2026/07/29 17:17:43.604, 302.89, 100, 74232, 71
2026/07/29 17:17:44.642, 298.31, 100, 74232, 71
2026/07/29 17:17:45.682, 299.39, 100, 74232, 71
2026/07/29 17:17:46.722, 296.29, 100, 74232, 71
2026/07/29 17:17:47.759, 303.67, 100, 74232, 71
2026/07/29 17:17:48.799, 301.12, 100, 74232, 71
2026/07/29 17:17:49.835, 305.39, 100, 74232, 71
2026/07/29 17:17:50.872, 303.39, 100, 74232, 71
2026/07/29 17:17:51.910, 305.42, 100, 74232, 71
2026/07/29 17:17:52.946, 298.11, 100, 74232, 71
2026/07/29 17:17:53.983, 297.54, 100, 74232, 71
2026/07/29 17:17:55.022, 297.72, 100, 74232, 71
2026/07/29 17:17:56.060, 298.43, 100, 74232, 71
2026/07/29 17:17:57.103, 294.81, 100, 74232, 71
2026/07/29 17:17:58.140, 297.94, 100, 74232, 71
2026/07/29 17:17:59.177, 296.87, 100, 74232, 71
2026/07/29 17:18:00.214, 303.56, 100, 74232, 71
2026/07/29 17:18:01.251, 298.14, 100, 74232, 71
2026/07/29 17:18:02.289, 306.16, 100, 74232, 71
2026/07/29 17:18:03.326, 303.15, 100, 74232, 71
2026/07/29 17:18:04.362, 305.20, 100, 74232, 71
2026/07/29 17:18:05.399, 296.87, 100, 74232, 71
2026/07/29 17:18:06.436, 297.94, 100, 74232, 71
2026/07/29 17:18:07.475, 297.23, 100, 74232, 71
2026/07/29 17:18:08.511, 295.40, 100, 74232, 71
2026/07/29 17:18:09.549, 301.02, 100, 74232, 71
2026/07/29 17:18:10.587, 296.55, 100, 74232, 71
2026/07/29 17:18:11.623, 300.15, 100, 74232, 73
2026/07/29 17:18:12.658, 296.06, 100, 74232, 73
2026/07/29 17:18:13.698, 298.42, 100, 74232, 73
2026/07/29 17:18:14.731, 293.46, 100, 74232, 73
2026/07/29 17:18:15.767, 312.64, 100, 74232, 73
2026/07/29 17:18:16.810, 300.08, 100, 74232, 72
2026/07/29 17:18:17.845, 304.90, 100, 74232, 71
2026/07/29 17:18:18.882, 300.73, 100, 74232, 71
2026/07/29 17:18:19.919, 298.10, 100, 74232, 71
2026/07/29 17:18:20.961, 296.75, 100, 74232, 71
2026/07/29 17:18:21.999, 299.69, 100, 74232, 71
2026/07/29 17:18:23.034, 304.41, 100, 74232, 71
2026/07/29 17:18:24.073, 305.91, 100, 74232, 71
2026/07/29 17:18:25.111, 306.90, 100, 74232, 71
2026/07/29 17:18:26.149, 303.43, 100, 74232, 71
2026/07/29 17:18:27.187, 305.42, 100, 74232, 71
2026/07/29 17:18:28.224, 300.23, 100, 74232, 71
2026/07/29 17:18:29.263, 299.55, 100, 74232, 71
2026/07/29 17:18:30.303, 96.67, 32, 74232, 69
2026/07/29 17:18:31.335, 291.50, 100, 74232, 72
2026/07/29 17:18:32.369, 290.00, 100, 74232, 73
2026/07/29 17:18:33.402, 286.17, 100, 74232, 73
2026/07/29 17:18:34.439, 301.10, 100, 74232, 73
2026/07/29 17:18:35.473, 301.30, 100, 74232, 73
2026/07/29 17:18:36.508, 292.76, 100, 74232, 73
2026/07/29 17:18:37.545, 304.70, 100, 74232, 71
2026/07/29 17:18:38.583, 300.08, 100, 74232, 71
2026/07/29 17:18:39.618, 302.10, 100, 74232, 71
2026/07/29 17:18:40.658, 304.14, 100, 74232, 71
2026/07/29 17:18:41.695, 300.19, 100, 74232, 71
2026/07/29 17:18:42.731, 304.51, 100, 74232, 71
2026/07/29 17:18:43.767, 98.04, 0, 74232, 68
2026/07/29 17:18:44.799, 285.42, 100, 74232, 72
2026/07/29 17:18:45.836, 283.30, 100, 74232, 73
2026/07/29 17:18:46.872, 294.04, 100, 74232, 73
2026/07/29 17:18:47.908, 295.68, 100, 74232, 73
2026/07/29 17:18:48.945, 304.21, 100, 74232, 73
2026/07/29 17:18:49.979, 287.53, 100, 74232, 73
2026/07/29 17:18:51.014, 308.01, 100, 74232, 71
2026/07/29 17:18:52.050, 306.46, 100, 74232, 71
2026/07/29 17:18:53.088, 303.27, 100, 74232, 71
2026/07/29 17:18:54.125, 305.08, 100, 74232, 71
2026/07/29 17:18:55.163, 306.75, 100, 74232, 71
2026/07/29 17:18:56.201, 302.80, 100, 74232, 71
2026/07/29 17:18:57.238, 305.49, 100, 74232, 71
2026/07/29 17:18:58.276, 305.91, 100, 74232, 72
2026/07/29 17:18:59.313, 311.26, 100, 74232, 72
2026/07/29 17:19:00.351, 305.88, 100, 74232, 71
2026/07/29 17:19:01.389, 305.87, 100, 74232, 72
2026/07/29 17:19:02.430, 307.54, 100, 74232, 71
2026/07/29 17:19:03.468, 295.58, 100, 74232, 73
2026/07/29 17:19:04.501, 302.61, 100, 74232, 73
2026/07/29 17:19:05.534, 291.44, 100, 74232, 73
2026/07/29 17:19:06.570, 297.32, 100, 74232, 73
2026/07/29 17:19:07.609, 285.89, 100, 74232, 73
2026/07/29 17:19:08.643, 277.07, 100, 74232, 73
2026/07/29 17:19:09.676, 285.89, 100, 74232, 73
2026/07/29 17:19:10.711, 287.98, 100, 74232, 71
2026/07/29 17:19:11.753, 291.41, 100, 74232, 71
2026/07/29 17:19:12.789, 290.25, 100, 74232, 71
2026/07/29 17:19:13.826, 299.09, 100, 74232, 71
2026/07/29 17:19:14.865, 295.38, 100, 74232, 71
2026/07/29 17:19:15.902, 287.71, 100, 74232, 71
2026/07/29 17:19:16.939, 291.10, 100, 74232, 71
2026/07/29 17:19:17.976, 292.29, 100, 74232, 71
2026/07/29 17:19:19.013, 298.61, 100, 74232, 71
2026/07/29 17:19:20.051, 295.60, 100, 74232, 71
2026/07/29 17:19:21.088, 295.39, 100, 74232, 71
2026/07/29 17:19:22.125, 298.89, 100, 74232, 71
2026/07/29 17:19:23.161, 299.29, 100, 74232, 71
2026/07/29 17:19:24.198, 295.49, 100, 74232, 71
2026/07/29 17:19:25.235, 297.43, 100, 74232, 71
2026/07/29 17:19:26.272, 297.92, 100, 74232, 71
2026/07/29 17:19:27.309, 299.87, 100, 74232, 71
2026/07/29 17:19:28.348, 300.93, 100, 74232, 71
2026/07/29 17:19:29.386, 294.91, 100, 74232, 71
2026/07/29 17:19:30.423, 293.54, 100, 74232, 71
2026/07/29 17:19:31.462, 298.60, 100, 74232, 71
2026/07/29 17:19:32.498, 299.28, 100, 74232, 71
2026/07/29 17:19:33.535, 295.19, 100, 74232, 71
2026/07/29 17:19:34.574, 303.65, 100, 74232, 71
2026/07/29 17:19:35.612, 293.86, 100, 74232, 71
2026/07/29 17:19:36.649, 300.57, 100, 74232, 71
2026/07/29 17:19:37.686, 297.04, 100, 74232, 71
2026/07/29 17:19:38.724, 299.98, 100, 74232, 71
2026/07/29 17:19:39.762, 306.17, 100, 74232, 71
2026/07/29 17:19:40.800, 302.49, 100, 74232, 71
2026/07/29 17:19:41.840, 300.67, 100, 74232, 71
2026/07/29 17:19:42.879, 303.95, 100, 74232, 71
2026/07/29 17:19:43.916, 303.07, 100, 74232, 71
2026/07/29 17:19:44.955, 305.00, 100, 74232, 71
2026/07/29 17:19:45.994, 302.67, 100, 74232, 71
2026/07/29 17:19:47.032, 305.02, 100, 74232, 71
2026/07/29 17:19:48.069, 306.09, 100, 74232, 71
2026/07/29 17:19:49.106, 294.23, 100, 74232, 71
2026/07/29 17:19:50.144, 297.25, 100, 74232, 71
2026/07/29 17:19:51.181, 292.68, 100, 74232, 71
2026/07/29 17:19:52.220, 301.11, 100, 74232, 71
2026/07/29 17:19:53.256, 292.09, 100, 74232, 71
2026/07/29 17:19:54.296, 296.67, 100, 74232, 71
2026/07/29 17:19:55.334, 295.02, 100, 74232, 71
2026/07/29 17:19:56.370, 295.00, 100, 74232, 71
2026/07/29 17:19:57.407, 294.71, 100, 74232, 71
2026/07/29 17:19:58.443, 296.86, 100, 74232, 71
2026/07/29 17:19:59.481, 297.53, 100, 74232, 71
2026/07/29 17:20:00.518, 297.52, 100, 74232, 71
2026/07/29 17:20:01.555, 299.10, 100, 74232, 71
2026/07/29 17:20:02.592, 297.24, 100, 74232, 71
2026/07/29 17:20:03.628, 296.58, 100, 74232, 71
2026/07/29 17:20:04.668, 297.36, 100, 74232, 71
2026/07/29 17:20:05.707, 298.20, 100, 74232, 71
2026/07/29 17:20:06.743, 298.71, 100, 74232, 71
2026/07/29 17:20:07.783, 304.06, 100, 74232, 71
2026/07/29 17:20:08.822, 294.42, 100, 74232, 71
2026/07/29 17:20:09.861, 297.65, 100, 74232, 71
2026/07/29 17:20:10.899, 292.28, 100, 74232, 71
2026/07/29 17:20:11.935, 296.26, 100, 74232, 71
2026/07/29 17:20:12.973, 293.14, 100, 74232, 71
2026/07/29 17:20:14.010, 295.99, 100, 74232, 71
2026/07/29 17:20:15.048, 297.71, 100, 74232, 71
2026/07/29 17:20:16.084, 297.23, 100, 74232, 71
2026/07/29 17:20:17.122, 303.18, 100, 74232, 71
2026/07/29 17:20:18.159, 301.32, 100, 74232, 71
2026/07/29 17:20:19.196, 303.75, 100, 74232, 71
2026/07/29 17:20:20.234, 305.59, 100, 74232, 71
2026/07/29 17:20:21.271, 300.35, 100, 74232, 71
2026/07/29 17:20:22.308, 301.92, 100, 74232, 71
2026/07/29 17:20:23.345, 294.60, 100, 74232, 70
2026/07/29 17:20:24.389, 302.49, 100, 74232, 71
2026/07/29 17:20:25.427, 293.73, 100, 74232, 70
2026/07/29 17:20:26.463, 295.70, 100, 74232, 70
2026/07/29 17:20:27.501, 293.84, 100, 74232, 70
2026/07/29 17:20:28.538, 300.56, 100, 74232, 71
2026/07/29 17:20:29.581, 296.06, 100, 74232, 71
2026/07/29 17:20:30.617, 302.98, 100, 74232, 71
2026/07/29 17:20:31.653, 300.44, 100, 74232, 71
2026/07/29 17:20:32.690, 300.17, 100, 74232, 71
2026/07/29 17:20:33.726, 300.14, 100, 74232, 71
2026/07/29 17:20:34.763, 300.24, 100, 74232, 71
2026/07/29 17:20:35.801, 302.89, 100, 74232, 71
2026/07/29 17:20:36.839, 299.96, 100, 74232, 71
2026/07/29 17:20:37.876, 299.49, 100, 74232, 71
2026/07/29 17:20:38.913, 303.46, 100, 74232, 71
2026/07/29 17:20:39.950, 296.07, 100, 74232, 71
2026/07/29 17:20:40.987, 295.80, 100, 74232, 71
2026/07/29 17:20:42.024, 300.83, 100, 74232, 71
2026/07/29 17:20:43.062, 300.34, 100, 74232, 71
2026/07/29 17:20:44.098, 291.41, 100, 74232, 71
2026/07/29 17:20:45.134, 295.10, 100, 74232, 71
2026/07/29 17:20:46.171, 296.76, 100, 74232, 71
2026/07/29 17:20:47.209, 292.57, 100, 74232, 71
2026/07/29 17:20:48.246, 292.57, 100, 74232, 71
2026/07/29 17:20:49.286, 293.83, 100, 74232, 71
2026/07/29 17:20:50.323, 298.34, 100, 74232, 71
2026/07/29 17:20:51.361, 293.93, 100, 74232, 71
2026/07/29 17:20:52.398, 294.04, 100, 74232, 71
2026/07/29 17:20:53.435, 287.81, 100, 74232, 71
2026/07/29 17:20:54.472, 294.21, 100, 74232, 71
2026/07/29 17:20:55.508, 294.99, 100, 74232, 71
2026/07/29 17:20:56.551, 296.01, 100, 74232, 71
2026/07/29 17:20:57.587, 293.74, 100, 74232, 71
2026/07/29 17:20:58.623, 293.36, 100, 74232, 71
2026/07/29 17:20:59.660, 296.08, 100, 74232, 71
2026/07/29 17:21:00.698, 292.77, 100, 74232, 71
2026/07/29 17:21:01.735, 293.64, 100, 74232, 71
2026/07/29 17:21:02.772, 294.85, 100, 74232, 71
2026/07/29 17:21:03.809, 294.33, 100, 74232, 71
2026/07/29 17:21:04.845, 304.16, 100, 74232, 71
2026/07/29 17:21:05.881, 296.35, 100, 74232, 71
2026/07/29 17:21:06.918, 301.50, 100, 74232, 71
2026/07/29 17:21:07.956, 304.14, 100, 74232, 71
2026/07/29 17:21:08.993, 300.25, 100, 74232, 71
2026/07/29 17:21:10.034, 299.22, 100, 74232, 71
2026/07/29 17:21:11.071, 305.11, 100, 74232, 71
2026/07/29 17:21:12.109, 303.78, 100, 74232, 71
2026/07/29 17:21:13.145, 301.13, 100, 74232, 71
2026/07/29 17:21:14.183, 303.86, 100, 74232, 71
2026/07/29 17:21:15.220, 285.85, 100, 74232, 72
2026/07/29 17:21:16.257, 289.13, 100, 74232, 72
2026/07/29 17:21:17.291, 273.00, 100, 74232, 72
2026/07/29 17:21:18.324, 313.01, 100, 74232, 72
2026/07/29 17:21:19.358, 309.81, 100, 74232, 73
2026/07/29 17:21:20.392, 292.08, 100, 74232, 72
2026/07/29 17:21:21.429, 301.83, 100, 74232, 71
2026/07/29 17:21:22.465, 302.19, 100, 74232, 71
2026/07/29 17:21:23.502, 303.75, 100, 74232, 71
2026/07/29 17:21:24.539, 298.79, 100, 74232, 72
2026/07/29 17:21:25.573, 298.20, 100, 74232, 72
2026/07/29 17:21:26.613, 298.27, 100, 74232, 72
2026/07/29 17:21:27.648, 288.69, 100, 74232, 72
2026/07/29 17:21:28.684, 312.71, 100, 74232, 73
2026/07/29 17:21:29.724, 319.05, 100, 74232, 72
2026/07/29 17:21:30.761, 273.96, 100, 74232, 72
2026/07/29 17:21:31.795, 305.61, 100, 74232, 71
2026/07/29 17:21:32.833, 299.57, 100, 74232, 71
2026/07/29 17:21:33.869, 294.43, 100, 74232, 71
2026/07/29 17:21:34.907, 292.84, 79, 74232, 72
2026/07/29 17:21:35.943, 299.40, 100, 74232, 73
2026/07/29 17:21:36.977, 283.50, 100, 74232, 73
2026/07/29 17:21:38.012, 309.61, 100, 74232, 73
2026/07/29 17:21:39.047, 280.33, 100, 74232, 73
2026/07/29 17:21:40.082, 307.77, 100, 74232, 73
2026/07/29 17:21:41.120, 268.11, 100, 74232, 73
2026/07/29 17:21:42.156, 301.88, 100, 74232, 71
2026/07/29 17:21:43.193, 300.85, 100, 74232, 71
2026/07/29 17:21:44.231, 296.20, 100, 74232, 71
2026/07/29 17:21:45.270, 300.35, 100, 74232, 72
2026/07/29 17:21:46.306, 300.07, 100, 74232, 72
2026/07/29 17:21:47.342, 304.26, 100, 74232, 72
2026/07/29 17:21:48.380, 296.19, 100, 74232, 72
2026/07/29 17:21:49.418, 299.28, 100, 74232, 72
2026/07/29 17:21:50.455, 98.51, 0, 74232, 68
2026/07/29 17:21:51.487, 288.60, 100, 74232, 73
2026/07/29 17:21:52.522, 302.19, 100, 74232, 73
2026/07/29 17:21:53.557, 295.41, 100, 74232, 73
2026/07/29 17:21:54.592, 292.78, 100, 74232, 73
2026/07/29 17:21:55.631, 275.85, 100, 74232, 73
2026/07/29 17:21:56.665, 286.55, 100, 74232, 73
2026/07/29 17:21:57.698, 297.42, 100, 74232, 71
2026/07/29 17:21:58.743, 286.56, 100, 74232, 71
2026/07/29 17:21:59.783, 290.55, 100, 74232, 71
2026/07/29 17:22:00.823, 291.60, 100, 74232, 71
2026/07/29 17:22:01.862, 259.96, 100, 74232, 71
2026/07/29 17:22:02.899, 289.06, 100, 74232, 71
2026/07/29 17:22:03.935, 289.67, 100, 74232, 71
2026/07/29 17:22:04.972, 291.22, 100, 74232, 71
2026/07/29 17:22:06.014, 297.25, 100, 74232, 71
2026/07/29 17:22:07.052, 300.07, 100, 74232, 71
2026/07/29 17:22:08.088, 298.52, 100, 74232, 72
2026/07/29 17:22:09.125, 297.44, 100, 74232, 71
2026/07/29 17:22:10.163, 296.56, 100, 74232, 71
2026/07/29 17:22:11.200, 294.81, 100, 74232, 71
2026/07/29 17:22:12.238, 299.10, 100, 74232, 71
2026/07/29 17:22:13.274, 295.98, 100, 74232, 71
2026/07/29 17:22:14.312, 297.05, 100, 74232, 71
2026/07/29 17:22:15.350, 297.74, 100, 74232, 71
2026/07/29 17:22:16.387, 305.57, 100, 74232, 71
2026/07/29 17:22:17.424, 301.81, 100, 74232, 71
2026/07/29 17:22:18.461, 293.36, 100, 74232, 71
2026/07/29 17:22:19.499, 302.40, 100, 74232, 71
2026/07/29 17:22:20.536, 306.26, 100, 74232, 71
2026/07/29 17:22:21.574, 305.10, 100, 74232, 71
2026/07/29 17:22:22.611, 294.13, 100, 74232, 71
2026/07/29 17:22:23.649, 304.92, 100, 74232, 71
2026/07/29 17:22:24.685, 307.33, 100, 74232, 71
2026/07/29 17:22:25.722, 300.07, 100, 74232, 71
2026/07/29 17:22:26.760, 307.25, 100, 74232, 71
2026/07/29 17:22:27.796, 301.96, 100, 74232, 71
2026/07/29 17:22:28.833, 295.49, 100, 74232, 71
2026/07/29 17:22:29.870, 301.79, 100, 74232, 71
2026/07/29 17:22:30.906, 298.30, 100, 74232, 71
2026/07/29 17:22:31.946, 303.45, 100, 74232, 71
2026/07/29 17:22:32.983, 296.18, 100, 74232, 71
2026/07/29 17:22:34.025, 296.36, 100, 74232, 71
2026/07/29 17:22:35.063, 298.70, 100, 74232, 71
2026/07/29 17:22:36.099, 297.07, 100, 74232, 71
2026/07/29 17:22:37.136, 302.88, 100, 74232, 71
2026/07/29 17:22:38.172, 305.68, 100, 74232, 71
2026/07/29 17:22:39.210, 304.66, 100, 74232, 71
2026/07/29 17:22:40.246, 298.41, 100, 74232, 71
2026/07/29 17:22:41.281, 302.11, 100, 74232, 71
2026/07/29 17:22:42.320, 295.66, 100, 74232, 71
2026/07/29 17:22:43.358, 299.98, 100, 74232, 71
2026/07/29 17:22:44.394, 295.00, 100, 74232, 71
2026/07/29 17:22:45.430, 298.59, 100, 74232, 71
2026/07/29 17:22:46.468, 301.33, 100, 74232, 71
2026/07/29 17:22:47.507, 302.48, 100, 74232, 71
2026/07/29 17:22:48.543, 300.85, 100, 74232, 71
2026/07/29 17:22:49.581, 302.58, 100, 74232, 71
2026/07/29 17:22:50.617, 301.82, 100, 74232, 71
2026/07/29 17:22:51.656, 303.56, 100, 74232, 71
2026/07/29 17:22:52.693, 305.97, 100, 74232, 71
2026/07/29 17:22:53.732, 304.99, 100, 74232, 71
2026/07/29 17:22:54.769, 305.34, 100, 74232, 71
2026/07/29 17:22:55.808, 303.17, 100, 74232, 71
2026/07/29 17:22:56.844, 305.91, 100, 74232, 71
2026/07/29 17:22:57.880, 304.61, 100, 74232, 71
2026/07/29 17:22:58.917, 305.15, 100, 74232, 71
2026/07/29 17:22:59.958, 294.61, 100, 74232, 71
2026/07/29 17:23:00.994, 297.15, 100, 74232, 71
2026/07/29 17:23:02.032, 298.34, 100, 74232, 71
2026/07/29 17:23:03.069, 292.21, 100, 74232, 71
2026/07/29 17:23:04.105, 297.07, 100, 74232, 71
2026/07/29 17:23:05.141, 294.13, 100, 74232, 71
2026/07/29 17:23:06.190, 293.72, 100, 74232, 71
2026/07/29 17:23:07.229, 297.25, 100, 74232, 71
2026/07/29 17:23:08.265, 302.28, 100, 74232, 71
2026/07/29 17:23:09.311, 293.33, 100, 74232, 71
2026/07/29 17:23:10.348, 297.92, 100, 74232, 71
2026/07/29 17:23:11.385, 298.01, 100, 74232, 71
2026/07/29 17:23:12.422, 295.29, 100, 74232, 71
2026/07/29 17:23:13.459, 305.29, 100, 74232, 71
2026/07/29 17:23:14.495, 299.12, 100, 74232, 71
2026/07/29 17:23:15.532, 301.90, 100, 74232, 71
2026/07/29 17:23:16.569, 299.17, 100, 74232, 71
2026/07/29 17:23:17.606, 298.88, 100, 74232, 71
2026/07/29 17:23:18.644, 301.76, 100, 74232, 71
2026/07/29 17:23:19.683, 303.84, 100, 74232, 71
2026/07/29 17:23:20.721, 299.45, 100, 74232, 71
2026/07/29 17:23:21.761, 300.26, 100, 74232, 71
2026/07/29 17:23:22.799, 295.20, 100, 74232, 71
2026/07/29 17:23:23.835, 298.34, 100, 74232, 71
2026/07/29 17:23:24.872, 300.90, 100, 74232, 71
2026/07/29 17:23:25.909, 302.66, 100, 74232, 70
2026/07/29 17:23:26.946, 301.21, 100, 74232, 70
2026/07/29 17:23:27.983, 309.27, 100, 74232, 71
2026/07/29 17:23:29.020, 299.84, 100, 74232, 70
2026/07/29 17:23:30.057, 293.06, 100, 74232, 70
2026/07/29 17:23:31.095, 297.05, 100, 74232, 70
2026/07/29 17:23:32.132, 301.01, 100, 74232, 70
2026/07/29 17:23:33.169, 292.48, 100, 74232, 70
2026/07/29 17:23:34.207, 303.16, 100, 74232, 70
2026/07/29 17:23:35.245, 303.93, 100, 74232, 70
2026/07/29 17:23:36.284, 296.53, 100, 74232, 70
2026/07/29 17:23:37.322, 303.66, 100, 74232, 70
2026/07/29 17:23:38.360, 303.85, 100, 74232, 71
2026/07/29 17:23:39.404, 304.80, 100, 74232, 70
2026/07/29 17:23:40.444, 293.85, 100, 74232, 70
2026/07/29 17:23:41.483, 297.23, 100, 74232, 70
2026/07/29 17:23:42.520, 298.21, 100, 74232, 71
2026/07/29 17:23:43.561, 302.48, 100, 74232, 71
2026/07/29 17:23:44.597, 304.36, 100, 74232, 71
2026/07/29 17:23:45.634, 303.66, 100, 74232, 71
2026/07/29 17:23:46.671, 303.64, 100, 74232, 70
2026/07/29 17:23:47.709, 304.24, 100, 74232, 71
2026/07/29 17:23:48.745, 305.20, 100, 74232, 71
2026/07/29 17:23:49.782, 303.96, 100, 74232, 71
2026/07/29 17:23:50.820, 296.84, 100, 74232, 70
2026/07/29 17:23:51.859, 295.02, 100, 74232, 71
2026/07/29 17:23:52.895, 298.41, 100, 74232, 71
2026/07/29 17:23:53.934, 295.40, 100, 74232, 71
2026/07/29 17:23:54.971, 298.02, 100, 74232, 71
2026/07/29 17:23:56.012, 303.83, 100, 74232, 71
2026/07/29 17:23:57.049, 303.34, 100, 74232, 71
2026/07/29 17:23:58.085, 299.28, 100, 74232, 71
2026/07/29 17:23:59.123, 296.54, 100, 74232, 71
2026/07/29 17:24:00.160, 292.37, 100, 74232, 71
2026/07/29 17:24:01.198, 293.35, 100, 74232, 71
2026/07/29 17:24:02.234, 295.10, 100, 74232, 71
2026/07/29 17:24:03.272, 293.26, 100, 74232, 71
2026/07/29 17:24:04.307, 295.20, 100, 74232, 72
2026/07/29 17:24:05.344, 292.00, 100, 74232, 72
2026/07/29 17:24:06.377, 294.54, 100, 74232, 73
2026/07/29 17:24:07.411, 298.60, 100, 74232, 73
2026/07/29 17:24:08.445, 308.00, 100, 74232, 73
2026/07/29 17:24:09.479, 298.43, 100, 74232, 73
2026/07/29 17:24:10.518, 303.78, 100, 74232, 71
2026/07/29 17:24:11.555, 305.42, 100, 74232, 71
2026/07/29 17:24:12.593, 302.88, 100, 74232, 71
2026/07/29 17:24:13.630, 305.08, 100, 74232, 71
2026/07/29 17:24:14.668, 302.22, 100, 74232, 71
2026/07/29 17:24:15.706, 300.42, 100, 74232, 71
2026/07/29 17:24:16.742, 297.93, 100, 74232, 71
2026/07/29 17:24:17.782, 303.16, 100, 74232, 71
2026/07/29 17:24:18.818, 304.32, 100, 74232, 71
2026/07/29 17:24:19.854, 308.43, 100, 74232, 71
2026/07/29 17:24:20.890, 298.60, 100, 74232, 71
2026/07/29 17:24:21.926, 307.32, 100, 74232, 71
2026/07/29 17:24:22.967, 291.02, 100, 74232, 71
2026/07/29 17:24:24.004, 298.20, 100, 74232, 71
2026/07/29 17:24:25.042, 300.76, 100, 74232, 71
2026/07/29 17:24:26.080, 293.55, 100, 74232, 71
2026/07/29 17:24:27.118, 294.02, 100, 74232, 71
2026/07/29 17:24:28.155, 298.80, 100, 74232, 71
2026/07/29 17:24:29.192, 299.47, 100, 74232, 71
2026/07/29 17:24:30.230, 299.21, 100, 74232, 71
2026/07/29 17:24:31.266, 306.59, 100, 74232, 71
2026/07/29 17:24:32.302, 299.11, 100, 74232, 71
2026/07/29 17:24:33.339, 297.44, 100, 74232, 71
2026/07/29 17:24:34.376, 299.87, 100, 74232, 71
2026/07/29 17:24:35.415, 303.84, 100, 74232, 71
2026/07/29 17:24:36.451, 297.13, 100, 74232, 71
2026/07/29 17:24:37.488, 96.17, 0, 74232, 68
2026/07/29 17:24:38.527, 271.27, 100, 74232, 72
2026/07/29 17:24:39.560, 283.80, 100, 74232, 72
2026/07/29 17:24:40.597, 295.10, 100, 74232, 72
2026/07/29 17:24:41.638, 273.16, 100, 74232, 72
2026/07/29 17:24:42.675, 298.10, 100, 74232, 72
2026/07/29 17:24:43.711, 263.26, 100, 74232, 71
2026/07/29 17:24:44.750, 288.00, 100, 74232, 71
2026/07/29 17:24:45.787, 290.61, 100, 74232, 71
2026/07/29 17:24:46.825, 289.07, 79, 74232, 72
2026/07/29 17:24:47.859, 308.69, 100, 74232, 73
2026/07/29 17:24:48.897, 301.25, 100, 74232, 73
2026/07/29 17:24:49.934, 281.58, 100, 74232, 73
2026/07/29 17:24:50.970, 292.01, 100, 74232, 73
2026/07/29 17:24:52.011, 320.43, 100, 74232, 73
2026/07/29 17:24:53.044, 287.03, 100, 74232, 71
2026/07/29 17:24:54.082, 290.52, 100, 74232, 71
2026/07/29 17:24:55.119, 297.83, 100, 74232, 71
2026/07/29 17:24:56.157, 294.54, 100, 74232, 71
2026/07/29 17:24:57.195, 298.98, 100, 74232, 71
2026/07/29 17:24:58.232, 305.98, 100, 74232, 72
2026/07/29 17:24:59.270, 293.96, 100, 74232, 72
2026/07/29 17:25:00.307, 298.79, 100, 74232, 72
2026/07/29 17:25:01.346, 306.64, 100, 74232, 72
2026/07/29 17:25:02.382, 309.26, 100, 74232, 72
2026/07/29 17:25:03.418, 304.51, 100, 74232, 72
2026/07/29 17:25:04.456, 306.46, 100, 74232, 72
2026/07/29 17:25:05.492, 299.50, 100, 74232, 72
2026/07/29 17:25:06.530, 297.13, 100, 74232, 72
2026/07/29 17:25:07.568, 306.27, 100, 74232, 72
2026/07/29 17:25:08.604, 299.39, 100, 74232, 72
2026/07/29 17:25:09.640, 303.24, 100, 74232, 71
2026/07/29 17:25:10.678, 306.36, 100, 74232, 71
2026/07/29 17:25:11.715, 288.21, 100, 74232, 71
2026/07/29 17:25:12.759, 293.74, 100, 74232, 71
2026/07/29 17:25:13.795, 298.71, 100, 74232, 71
2026/07/29 17:25:14.835, 298.89, 100, 74232, 71
2026/07/29 17:25:15.874, 299.86, 100, 74232, 71
2026/07/29 17:25:16.911, 295.21, 100, 74232, 71
2026/07/29 17:25:17.949, 295.39, 100, 74232, 71
2026/07/29 17:25:18.986, 297.43, 100, 74232, 71
2026/07/29 17:25:20.024, 298.90, 100, 74232, 71
2026/07/29 17:25:21.062, 296.48, 100, 74232, 71
2026/07/29 17:25:22.098, 305.78, 100, 74232, 71
2026/07/29 17:25:23.134, 304.23, 100, 74232, 71
2026/07/29 17:25:24.170, 305.77, 100, 74232, 71
2026/07/29 17:25:25.208, 305.49, 100, 74232, 71
2026/07/29 17:25:26.245, 299.39, 100, 74232, 71
2026/07/29 17:25:27.285, 298.70, 100, 74232, 71
2026/07/29 17:25:28.321, 294.53, 100, 74232, 71
2026/07/29 17:25:29.359, 302.09, 100, 74232, 71
2026/07/29 17:25:30.398, 305.21, 100, 74232, 71
2026/07/29 17:25:31.437, 304.32, 100, 74232, 71
2026/07/29 17:25:32.475, 294.50, 100, 74232, 71
2026/07/29 17:25:33.512, 304.46, 100, 74232, 71
2026/07/29 17:25:34.548, 305.44, 100, 74232, 71
2026/07/29 17:25:35.586, 296.07, 100, 74232, 71
2026/07/29 17:25:36.622, 292.27, 100, 74232, 71
2026/07/29 17:25:37.658, 292.58, 100, 74232, 71
2026/07/29 17:25:38.696, 300.05, 100, 74232, 71
2026/07/29 17:25:39.733, 291.23, 100, 74232, 71
2026/07/29 17:25:40.771, 331.64, 15, 74232, 72
2026/07/29 17:25:41.805, 282.70, 100, 74232, 72
2026/07/29 17:25:42.838, 296.37, 100, 74232, 73
2026/07/29 17:25:43.873, 328.98, 100, 74232, 73
2026/07/29 17:25:44.917, 285.09, 100, 74232, 72
2026/07/29 17:25:45.955, 264.67, 100, 74232, 73
2026/07/29 17:25:46.990, 286.02, 100, 74232, 72
2026/07/29 17:25:48.027, 287.24, 100, 74232, 71
2026/07/29 17:25:49.063, 287.24, 100, 74232, 71
2026/07/29 17:25:50.102, 290.15, 100, 74232, 71
2026/07/29 17:25:51.139, 292.68, 100, 74232, 72
2026/07/29 17:25:52.174, 300.95, 100, 74232, 73
2026/07/29 17:25:53.210, 277.41, 100, 74232, 73
2026/07/29 17:25:54.244, 291.01, 100, 74232, 73
2026/07/29 17:25:55.278, 321.59, 100, 74232, 73
2026/07/29 17:25:56.316, 316.88, 100, 74232, 73
2026/07/29 17:25:57.350, 308.53, 100, 74232, 71
2026/07/29 17:25:58.385, 297.90, 100, 74232, 71
2026/07/29 17:25:59.425, 304.82, 100, 74232, 71
2026/07/29 17:26:00.462, 302.40, 100, 74232, 71
2026/07/29 17:26:01.500, 307.13, 100, 74232, 71
2026/07/29 17:26:02.538, 304.70, 100, 74232, 72
2026/07/29 17:26:03.577, 306.46, 100, 74232, 72
2026/07/29 17:26:04.616, 296.38, 100, 74232, 72
2026/07/29 17:26:05.653, 295.29, 100, 74232, 72
2026/07/29 17:26:06.691, 298.42, 100, 74232, 72
2026/07/29 17:26:07.728, 299.77, 100, 74232, 72
2026/07/29 17:26:08.771, 299.77, 100, 74232, 72
2026/07/29 17:26:09.807, 294.42, 100, 74232, 72
2026/07/29 17:26:10.844, 299.29, 100, 74232, 72
2026/07/29 17:26:11.879, 299.38, 100, 74232, 72
2026/07/29 17:26:12.917, 299.95, 100, 74232, 72
2026/07/29 17:26:13.954, 305.22, 100, 74232, 72
2026/07/29 17:26:14.991, 298.61, 100, 74232, 71
2026/07/29 17:26:16.030, 299.61, 100, 74232, 71
2026/07/29 17:26:17.066, 296.96, 100, 74232, 71
2026/07/29 17:26:18.103, 299.20, 100, 74232, 71
2026/07/29 17:26:19.141, 299.80, 100, 74232, 71
2026/07/29 17:26:20.178, 297.15, 100, 74232, 71
2026/07/29 17:26:21.214, 298.21, 100, 74232, 71
2026/07/29 17:26:22.250, 291.99, 100, 74232, 71
2026/07/29 17:26:23.287, 299.85, 100, 74232, 71
2026/07/29 17:26:24.326, 293.44, 100, 74232, 71
2026/07/29 17:26:25.364, 298.02, 100, 74232, 71
2026/07/29 17:26:26.401, 299.95, 100, 74232, 71
2026/07/29 17:26:27.440, 289.16, 100, 74232, 71
2026/07/29 17:26:28.477, 294.63, 100, 74232, 71
2026/07/29 17:26:29.515, 308.09, 100, 74232, 71
2026/07/29 17:26:30.551, 304.45, 100, 74232, 71
2026/07/29 17:26:31.588, 305.78, 100, 74232, 71
2026/07/29 17:26:32.625, 297.52, 100, 74232, 71
2026/07/29 17:26:33.662, 301.03, 100, 74232, 71
2026/07/29 17:26:34.699, 304.81, 100, 74232, 71
2026/07/29 17:26:35.736, 296.09, 100, 74232, 71
2026/07/29 17:26:36.773, 296.09, 100, 74232, 71
2026/07/29 17:26:37.809, 297.23, 100, 74232, 71
2026/07/29 17:26:38.848, 299.19, 100, 74232, 71
2026/07/29 17:26:39.885, 294.09, 67, 74232, 72
2026/07/29 17:26:40.920, 290.22, 100, 74232, 73
2026/07/29 17:26:41.954, 283.46, 100, 74232, 73
2026/07/29 17:26:42.988, 304.01, 100, 74232, 73
2026/07/29 17:26:44.023, 284.99, 100, 74232, 73
2026/07/29 17:26:45.059, 311.84, 100, 74232, 72
2026/07/29 17:26:46.095, 295.55, 100, 74232, 72
2026/07/29 17:26:47.129, 301.99, 100, 74232, 71
2026/07/29 17:26:48.167, 300.84, 100, 74232, 71
2026/07/29 17:26:49.202, 304.94, 100, 74232, 71
2026/07/29 17:26:50.241, 305.82, 100, 74232, 71
2026/07/29 17:26:51.279, 305.97, 100, 74232, 71
2026/07/29 17:26:52.317, 298.12, 100, 74232, 72
2026/07/29 17:26:53.352, 294.83, 100, 74232, 72
2026/07/29 17:26:54.386, 290.81, 100, 74232, 72
2026/07/29 17:26:55.421, 289.73, 100, 74232, 73
2026/07/29 17:26:56.455, 319.16, 100, 74232, 73
2026/07/29 17:26:57.490, 299.11, 100, 74232, 72
2026/07/29 17:26:58.523, 282.14, 100, 74232, 73
2026/07/29 17:26:59.558, 305.97, 100, 74232, 71
2026/07/29 17:27:00.595, 302.48, 100, 74232, 71
2026/07/29 17:27:01.633, 303.94, 100, 74232, 71
2026/07/29 17:27:02.671, 305.67, 100, 74232, 71
2026/07/29 17:27:03.708, 306.74, 100, 74232, 71
2026/07/29 17:27:04.744, 99.33, 0, 74232, 68
2026/07/29 17:27:05.776, 296.53, 100, 74232, 73
2026/07/29 17:27:06.811, 301.42, 100, 74232, 73
2026/07/29 17:27:07.848, 310.90, 100, 74232, 73
2026/07/29 17:27:08.883, 314.71, 100, 74232, 73
2026/07/29 17:27:09.918, 305.65, 100, 74232, 73
2026/07/29 17:27:10.953, 316.67, 100, 74232, 73
2026/07/29 17:27:11.992, 275.41, 100, 74232, 73
2026/07/29 17:27:13.030, 306.36, 100, 74232, 71
2026/07/29 17:27:14.073, 292.38, 100, 74232, 71
2026/07/29 17:27:15.110, 283.43, 100, 74232, 71
2026/07/29 17:27:16.150, 291.32, 100, 74232, 71
2026/07/29 17:27:17.188, 287.81, 100, 74232, 71
2026/07/29 17:27:18.225, 97.53, 0, 74232, 68
2026/07/29 17:27:19.259, 298.80, 100, 74232, 73
2026/07/29 17:27:20.296, 303.79, 100, 74232, 73
2026/07/29 17:27:21.333, 287.53, 100, 74232, 73
2026/07/29 17:27:22.372, 274.85, 100, 74232, 73
2026/07/29 17:27:23.408, 268.45, 100, 74232, 73
2026/07/29 17:27:24.443, 315.27, 100, 74232, 73
2026/07/29 17:27:25.480, 248.70, 100, 74232, 72
2026/07/29 17:27:26.519, 284.71, 100, 74232, 71
2026/07/29 17:27:27.557, 286.15, 100, 74232, 71
2026/07/29 17:27:28.594, 295.99, 100, 74232, 72
2026/07/29 17:27:29.631, 298.61, 100, 74232, 72
2026/07/29 17:27:30.668, 300.16, 100, 74232, 72
2026/07/29 17:27:31.706, 299.85, 100, 74232, 72
2026/07/29 17:27:32.745, 297.71, 100, 74232, 72
2026/07/29 17:27:33.785, 299.08, 100, 74232, 72
2026/07/29 17:27:34.823, 298.52, 100, 74232, 72
2026/07/29 17:27:35.861, 300.19, 100, 74232, 72
2026/07/29 17:27:36.901, 297.33, 100, 74232, 72
2026/07/29 17:27:37.941, 389.24, 0, 74232, 72
2026/07/29 17:27:38.978, 302.57, 100, 74232, 73
2026/07/29 17:27:40.017, 305.38, 100, 74232, 73
2026/07/29 17:27:41.054, 302.54, 100, 74232, 73
2026/07/29 17:27:42.089, 294.32, 100, 74232, 73
2026/07/29 17:27:43.124, 290.52, 100, 74232, 73
2026/07/29 17:27:44.163, 282.53, 100, 74232, 73
2026/07/29 17:27:45.198, 254.35, 100, 74232, 71
2026/07/29 17:27:46.236, 286.75, 100, 74232, 71
2026/07/29 17:27:47.276, 291.41, 100, 74232, 71
2026/07/29 17:27:48.315, 288.97, 100, 74232, 71
2026/07/29 17:27:49.352, 288.99, 100, 74232, 71
2026/07/29 17:27:50.390, 298.09, 100, 74232, 71
2026/07/29 17:27:51.428, 299.20, 100, 74232, 71
2026/07/29 17:27:52.466, 299.55, 100, 74232, 72
2026/07/29 17:27:53.503, 295.68, 100, 74232, 71
2026/07/29 17:27:54.541, 298.12, 100, 74232, 72
2026/07/29 17:27:55.579, 298.31, 100, 74232, 72
2026/07/29 17:27:56.617, 98.32, 16, 74232, 69
2026/07/29 17:27:57.651, 294.23, 100, 74232, 73
2026/07/29 17:27:58.687, 301.25, 100, 74232, 71
2026/07/29 17:27:59.724, 297.73, 100, 74232, 71
2026/07/29 17:28:00.762, 297.54, 100, 74232, 71
2026/07/29 17:28:01.801, 301.13, 100, 74232, 71
2026/07/29 17:28:02.842, 297.85, 100, 74232, 71
2026/07/29 17:28:03.884, 286.82, 100, 74232, 71
2026/07/29 17:28:04.921, 288.19, 100, 74232, 71
2026/07/29 17:28:05.959, 284.31, 100, 74232, 71
2026/07/29 17:28:06.997, 288.51, 100, 74232, 71
2026/07/29 17:28:08.035, 291.21, 100, 74232, 71
2026/07/29 17:28:09.073, 296.40, 100, 74232, 71
2026/07/29 17:28:10.110, 292.78, 100, 74232, 71
2026/07/29 17:28:11.148, 297.34, 100, 74232, 71
2026/07/29 17:28:12.185, 298.32, 100, 74232, 71
2026/07/29 17:28:13.224, 302.90, 100, 74232, 71
2026/07/29 17:28:14.261, 305.68, 100, 74232, 71
2026/07/29 17:28:15.299, 305.52, 100, 74232, 71
2026/07/29 17:28:16.337, 298.72, 100, 74232, 71
2026/07/29 17:28:17.376, 297.74, 100, 74232, 71
2026/07/29 17:28:18.414, 293.36, 100, 74232, 71
2026/07/29 17:28:19.452, 298.90, 100, 74232, 71
2026/07/29 17:28:20.489, 295.17, 100, 74232, 71
2026/07/29 17:28:21.528, 297.94, 100, 74232, 71
2026/07/29 17:28:22.567, 302.19, 100, 74232, 71
2026/07/29 17:28:23.606, 297.14, 100, 74232, 71
2026/07/29 17:28:24.644, 295.99, 100, 74232, 71
2026/07/29 17:28:25.681, 297.62, 100, 74232, 71
2026/07/29 17:28:26.719, 296.75, 100, 74232, 71
2026/07/29 17:28:27.757, 303.45, 100, 74232, 71
2026/07/29 17:28:28.795, 305.42, 100, 74232, 71
2026/07/29 17:28:29.833, 303.78, 100, 74232, 71
2026/07/29 17:28:30.870, 306.15, 100, 74232, 71
2026/07/29 17:28:31.908, 296.76, 100, 74232, 71
2026/07/29 17:28:32.945, 293.34, 100, 74232, 71
2026/07/29 17:28:33.982, 300.85, 100, 74232, 71
2026/07/29 17:28:35.023, 298.93, 100, 74232, 71
2026/07/29 17:28:36.061, 296.38, 100, 74232, 71
2026/07/29 17:28:37.099, 298.68, 100, 74232, 71
2026/07/29 17:28:38.137, 294.74, 100, 74232, 71
2026/07/29 17:28:39.174, 292.77, 100, 74232, 71
2026/07/29 17:28:40.213, 293.55, 100, 74232, 71
2026/07/29 17:28:41.252, 296.95, 100, 74232, 71
2026/07/29 17:28:42.291, 296.49, 100, 74232, 71
2026/07/29 17:28:43.329, 297.07, 100, 74232, 71
2026/07/29 17:28:44.366, 299.57, 100, 74232, 71
2026/07/29 17:28:45.404, 295.39, 100, 74232, 71
2026/07/29 17:28:46.441, 294.14, 100, 74232, 71
2026/07/29 17:28:47.479, 294.13, 100, 74232, 71
2026/07/29 17:28:48.519, 297.16, 100, 74232, 71
2026/07/29 17:28:49.557, 295.52, 100, 74232, 71
2026/07/29 17:28:50.593, 302.80, 100, 74232, 71
2026/07/29 17:28:51.631, 303.93, 100, 74232, 71
2026/07/29 17:28:52.668, 302.50, 100, 74232, 71
2026/07/29 17:28:53.706, 302.18, 100, 74232, 71
2026/07/29 17:28:54.743, 299.77, 100, 74232, 71
2026/07/29 17:28:55.782, 302.77, 100, 74232, 71
2026/07/29 17:28:56.821, 295.99, 100, 74232, 71
2026/07/29 17:28:57.859, 296.38, 100, 74232, 71
2026/07/29 17:28:58.897, 303.37, 100, 74232, 71
2026/07/29 17:28:59.938, 302.88, 100, 74232, 71
2026/07/29 17:29:00.976, 303.75, 100, 74232, 71
2026/07/29 17:29:02.014, 303.54, 100, 74232, 71
2026/07/29 17:29:03.052, 294.80, 100, 74232, 71
2026/07/29 17:29:04.089, 294.42, 100, 74232, 71
2026/07/29 17:29:05.127, 302.09, 100, 74232, 71
2026/07/29 17:29:06.164, 293.44, 100, 74232, 71
2026/07/29 17:29:07.208, 296.95, 100, 74232, 71
2026/07/29 17:29:08.246, 300.64, 100, 74232, 71
2026/07/29 17:29:09.284, 293.92, 100, 74232, 71
2026/07/29 17:29:10.323, 295.57, 100, 74232, 71
2026/07/29 17:29:11.362, 303.55, 100, 74232, 71
2026/07/29 17:29:12.399, 300.67, 100, 74232, 71
2026/07/29 17:29:13.436, 301.71, 100, 74232, 71
2026/07/29 17:29:14.474, 302.67, 100, 74232, 71
2026/07/29 17:29:15.511, 303.08, 100, 74232, 71
2026/07/29 17:29:16.549, 294.83, 100, 74232, 71
2026/07/29 17:29:17.585, 303.53, 100, 74232, 71
2026/07/29 17:29:18.624, 303.65, 100, 74232, 71
2026/07/29 17:29:19.662, 293.36, 100, 74232, 71
2026/07/29 17:29:20.700, 295.00, 100, 74232, 71
2026/07/29 17:29:21.738, 295.79, 100, 74232, 71
2026/07/29 17:29:22.777, 293.34, 100, 74232, 71
2026/07/29 17:29:23.815, 295.68, 100, 74232, 71
2026/07/29 17:29:24.854, 293.15, 100, 74232, 71
2026/07/29 17:29:25.892, 296.56, 100, 74232, 71
2026/07/29 17:29:26.929, 298.21, 100, 74232, 71
2026/07/29 17:29:27.966, 301.33, 100, 74232, 71
2026/07/29 17:29:29.003, 296.47, 100, 74232, 71
2026/07/29 17:29:30.043, 302.09, 100, 74232, 71
2026/07/29 17:29:31.078, 320.77, 60, 74232, 72
2026/07/29 17:29:32.117, 277.47, 100, 74232, 72
2026/07/29 17:29:33.151, 280.02, 100, 74232, 72
2026/07/29 17:29:34.188, 297.23, 100, 74232, 72
2026/07/29 17:29:35.227, 285.59, 100, 74232, 72
2026/07/29 17:29:36.261, 288.05, 100, 74232, 72
2026/07/29 17:29:37.297, 301.33, 100, 74232, 71
2026/07/29 17:29:38.335, 304.21, 100, 74232, 71
2026/07/29 17:29:39.373, 301.42, 100, 74232, 71
2026/07/29 17:29:40.412, 301.42, 100, 74232, 71
2026/07/29 17:29:41.447, 301.07, 100, 74232, 72
2026/07/29 17:29:42.552, 300.82, 100, 74232, 72
2026/07/29 17:29:43.593, 277.58, 100, 74232, 72
2026/07/29 17:29:44.627, 280.45, 100, 74232, 72
2026/07/29 17:29:45.661, 302.45, 100, 74232, 72
2026/07/29 17:29:46.697, 305.89, 100, 74232, 72
2026/07/29 17:29:47.735, 304.33, 100, 74232, 71
2026/07/29 17:29:48.771, 301.12, 100, 74232, 71
2026/07/29 17:29:49.807, 305.21, 100, 74232, 71
2026/07/29 17:29:50.846, 295.09, 100, 74232, 71
2026/07/29 17:29:51.884, 305.41, 100, 74232, 71
2026/07/29 17:29:52.922, 297.72, 100, 74232, 71
2026/07/29 17:29:53.959, 296.75, 100, 74232, 71
2026/07/29 17:29:54.997, 299.99, 100, 74232, 71
2026/07/29 17:29:56.033, 294.91, 100, 74232, 71
2026/07/29 17:29:57.070, 121.44, 100, 74232, 69
2026/07/29 17:29:58.102, 305.17, 100, 74232, 72
2026/07/29 17:29:59.136, 305.84, 100, 74232, 73
2026/07/29 17:30:00.170, 309.96, 100, 74232, 73
2026/07/29 17:30:01.204, 262.77, 100, 74232, 72
2026/07/29 17:30:02.243, 302.68, 100, 74232, 73
2026/07/29 17:30:03.278, 320.50, 100, 74232, 73
2026/07/29 17:30:04.312, 304.16, 100, 74232, 71
2026/07/29 17:30:05.354, 300.25, 100, 74232, 71
2026/07/29 17:30:06.392, 304.88, 100, 74232, 71
2026/07/29 17:30:07.428, 298.80, 100, 74232, 71
2026/07/29 17:30:08.464, 295.70, 100, 74232, 71
2026/07/29 17:30:09.502, 295.01, 100, 74232, 71
2026/07/29 17:30:10.539, 304.18, 100, 74232, 71
2026/07/29 17:30:11.576, 298.14, 100, 74232, 71
2026/07/29 17:30:12.613, 304.53, 100, 74232, 72
2026/07/29 17:30:13.649, 297.24, 100, 74232, 72
2026/07/29 17:30:14.686, 304.80, 100, 74232, 72
2026/07/29 17:30:15.724, 294.84, 63, 74232, 72
2026/07/29 17:30:16.761, 304.39, 100, 74232, 73
2026/07/29 17:30:17.797, 279.21, 100, 74232, 73
2026/07/29 17:30:18.831, 306.62, 100, 74232, 73
2026/07/29 17:30:19.865, 296.30, 100, 74232, 73
2026/07/29 17:30:20.902, 290.45, 100, 74232, 73
2026/07/29 17:30:21.940, 306.86, 100, 74232, 71
2026/07/29 17:30:22.977, 304.79, 100, 74232, 71
2026/07/29 17:30:24.015, 305.69, 100, 74232, 71
2026/07/29 17:30:25.052, 301.12, 100, 74232, 71
2026/07/29 17:30:26.091, 305.12, 100, 74232, 71
2026/07/29 17:30:27.128, 304.09, 62, 74232, 72
2026/07/29 17:30:28.163, 294.12, 100, 74232, 73
2026/07/29 17:30:29.198, 312.04, 100, 74232, 73
2026/07/29 17:30:30.234, 297.58, 100, 74232, 72
2026/07/29 17:30:31.274, 303.20, 100, 74232, 73
2026/07/29 17:30:32.309, 284.66, 100, 74232, 73
2026/07/29 17:30:33.345, 303.87, 100, 74232, 71
2026/07/29 17:30:34.382, 302.72, 100, 74232, 71
2026/07/29 17:30:35.421, 304.46, 100, 74232, 71
2026/07/29 17:30:36.459, 304.72, 100, 74232, 71
2026/07/29 17:30:37.495, 306.26, 100, 74232, 71
2026/07/29 17:30:38.533, 304.40, 100, 74232, 71
2026/07/29 17:30:39.572, 304.07, 100, 74232, 71
2026/07/29 17:30:40.609, 306.75, 100, 74232, 72
2026/07/29 17:30:41.646, 302.70, 100, 74232, 72
2026/07/29 17:30:42.685, 363.80, 100, 74232, 73
2026/07/29 17:30:43.723, 301.33, 100, 74232, 73
2026/07/29 17:30:44.758, 299.57, 100, 74232, 73
2026/07/29 17:30:45.793, 286.05, 100, 74232, 73
2026/07/29 17:30:46.829, 305.02, 100, 74232, 73
2026/07/29 17:30:47.864, 299.82, 100, 74232, 73
2026/07/29 17:30:48.901, 294.23, 100, 74232, 73
2026/07/29 17:30:49.943, 280.62, 100, 74232, 71
2026/07/29 17:30:50.983, 289.77, 100, 74232, 71
2026/07/29 17:30:52.022, 292.36, 100, 74232, 71
2026/07/29 17:30:53.064, 294.54, 100, 74232, 71
2026/07/29 17:30:54.102, 296.76, 100, 74232, 72
2026/07/29 17:30:55.139, 298.53, 100, 74232, 72
2026/07/29 17:30:56.177, 298.02, 100, 74232, 72
2026/07/29 17:30:57.216, 305.98, 100, 74232, 72
2026/07/29 17:30:58.254, 292.56, 100, 74232, 72
2026/07/29 17:30:59.303, 298.42, 100, 74232, 72
2026/07/29 17:31:00.345, 295.70, 100, 74232, 72
2026/07/29 17:31:01.383, 296.36, 100, 74232, 72
2026/07/29 17:31:02.427, 296.15, 100, 74232, 72
2026/07/29 17:31:03.466, 299.47, 100, 74232, 72
2026/07/29 17:31:04.505, 98.62, 0, 74232, 68
2026/07/29 17:31:05.570, 291.00, 100, 74232, 73
2026/07/29 17:31:06.605, 281.91, 100, 74232, 73
2026/07/29 17:31:07.646, 278.40, 100, 74232, 73
2026/07/29 17:31:08.681, 271.16, 100, 74232, 73
2026/07/29 17:31:09.717, 293.64, 100, 74232, 73
2026/07/29 17:31:10.758, 310.85, 100, 74232, 73
2026/07/29 17:31:11.793, 302.10, 100, 74232, 71
2026/07/29 17:31:12.831, 293.74, 100, 74232, 71
2026/07/29 17:31:13.869, 297.64, 100, 74232, 71
2026/07/29 17:31:14.908, 295.87, 100, 74232, 71
2026/07/29 17:31:15.946, 305.39, 100, 74232, 71
2026/07/29 17:31:16.985, 299.18, 100, 74232, 71
2026/07/29 17:31:18.022, 293.84, 100, 74232, 71
2026/07/29 17:31:19.060, 300.55, 100, 74232, 71
2026/07/29 17:31:20.098, 299.39, 100, 74232, 72
2026/07/29 17:31:21.135, 302.58, 100, 74232, 72
2026/07/29 17:31:22.173, 299.66, 100, 74232, 72
2026/07/29 17:31:23.210, 299.18, 100, 74232, 72
2026/07/29 17:31:24.249, 300.23, 100, 74232, 72
2026/07/29 17:31:25.287, 293.14, 100, 74232, 71
2026/07/29 17:31:26.326, 291.31, 100, 74232, 71
2026/07/29 17:31:27.365, 294.76, 100, 74232, 71
2026/07/29 17:31:28.406, 298.70, 100, 74232, 71
2026/07/29 17:31:29.443, 295.00, 100, 74232, 71
2026/07/29 17:31:30.480, 292.49, 100, 74232, 71
2026/07/29 17:31:31.517, 375.89, 30, 74232, 72
2026/07/29 17:31:32.552, 297.67, 100, 74232, 73
2026/07/29 17:31:33.586, 307.34, 100, 74232, 73
2026/07/29 17:31:34.620, 295.98, 100, 74232, 73
2026/07/29 17:31:35.655, 311.40, 100, 74232, 72
2026/07/29 17:31:36.694, 314.15, 100, 74232, 73
2026/07/29 17:31:37.730, 285.98, 100, 74232, 73
2026/07/29 17:31:38.766, 301.90, 100, 74232, 71
2026/07/29 17:31:39.802, 298.61, 100, 74232, 71
2026/07/29 17:31:40.839, 297.73, 100, 74232, 71
2026/07/29 17:31:41.876, 293.66, 100, 74232, 71
2026/07/29 17:31:42.914, 300.34, 100, 74232, 71
2026/07/29 17:31:43.951, 295.70, 100, 74232, 71
2026/07/29 17:31:44.988, 299.09, 100, 74232, 71
2026/07/29 17:31:46.025, 297.64, 100, 74232, 71
2026/07/29 17:31:47.063, 96.57, 0, 74232, 68
2026/07/29 17:31:48.096, 289.01, 100, 74232, 72
2026/07/29 17:31:49.131, 299.35, 100, 74232, 73
2026/07/29 17:31:50.170, 310.47, 100, 74232, 73
2026/07/29 17:31:51.204, 307.70, 100, 74232, 73
2026/07/29 17:31:52.239, 304.02, 100, 74232, 73
2026/07/29 17:31:53.274, 316.00, 100, 74232, 73
2026/07/29 17:31:54.315, 301.71, 100, 74232, 71
2026/07/29 17:31:55.353, 299.66, 100, 74232, 71
2026/07/29 17:31:56.391, 304.90, 100, 74232, 71
2026/07/29 17:31:57.429, 304.35, 100, 74232, 71
2026/07/29 17:31:58.467, 299.55, 100, 74232, 71
2026/07/29 17:31:59.505, 304.62, 100, 74232, 71
2026/07/29 17:32:00.541, 297.04, 100, 74232, 71
2026/07/29 17:32:01.578, 298.31, 100, 74232, 71
2026/07/29 17:32:02.619, 298.61, 100, 74232, 71
2026/07/29 17:32:03.657, 292.56, 100, 74232, 71
2026/07/29 17:32:04.700, 298.58, 100, 74232, 71
2026/07/29 17:32:05.738, 291.88, 100, 74232, 71
2026/07/29 17:32:06.775, 96.96, 0, 74232, 68
2026/07/29 17:32:07.808, 300.04, 100, 74232, 72
2026/07/29 17:32:08.842, 288.23, 100, 74232, 73
2026/07/29 17:32:09.875, 278.46, 100, 74232, 73
2026/07/29 17:32:10.915, 265.99, 100, 74232, 72
2026/07/29 17:32:11.950, 263.74, 100, 74232, 72
2026/07/29 17:32:12.987, 267.72, 100, 74232, 72
2026/07/29 17:32:14.024, 302.11, 100, 74232, 71
2026/07/29 17:32:15.060, 304.98, 100, 74232, 71
2026/07/29 17:32:16.097, 306.36, 100, 74232, 71
2026/07/29 17:32:17.135, 305.60, 100, 74232, 71
2026/07/29 17:32:18.171, 304.74, 100, 74232, 71
2026/07/29 17:32:19.210, 304.67, 100, 74232, 71
2026/07/29 17:32:20.247, 307.20, 100, 74232, 71
2026/07/29 17:32:21.286, 294.14, 100, 74232, 71
2026/07/29 17:32:22.324, 304.43, 100, 74232, 71
2026/07/29 17:32:23.361, 302.39, 100, 74232, 71
2026/07/29 17:32:24.398, 292.76, 100, 74232, 71
2026/07/29 17:32:25.433, 297.25, 100, 74232, 70
2026/07/29 17:32:26.466, 96.87, 0, 74232, 68
2026/07/29 17:32:27.498, 96.49, 0, 74232, 67
2026/07/29 17:32:28.530, 93.17, 0, 74232, 66
2026/07/29 17:32:29.562, 93.08, 0, 74232, 66
2026/07/29 17:32:30.595, 92.78, 0, 74232, 65
2026/07/29 17:32:31.626, 92.87, 0, 74232, 65
2026/07/29 17:32:32.658, 92.56, 0, 74232, 64
2026/07/29 17:32:33.689, 91.00, 0, 74232, 64
2026/07/29 17:32:34.721, 90.75, 0, 74232, 63
2026/07/29 17:32:35.753, 90.89, 0, 74232, 63
2026/07/29 17:32:36.785, 89.53, 0, 74232, 63
2026/07/29 17:32:37.834, 88.87, 0, 74232, 62
2026/07/29 17:32:38.865, 88.61, 0, 74232, 62
2026/07/29 17:32:39.899, 88.27, 0, 74232, 61
2026/07/29 17:32:40.930, 87.75, 0, 74232, 61
2026/07/29 17:32:41.962, 87.06, 0, 74232, 61
2026/07/29 17:32:42.996, 86.46, 0, 74232, 60
2026/07/29 17:32:44.028, 85.98, 0, 74232, 60
2026/07/29 17:32:45.061, 86.16, 0, 74232, 60
2026/07/29 17:32:46.093, 85.80, 0, 74232, 60
2026/07/29 17:32:47.125, 85.20, 0, 74232, 59
2026/07/29 17:32:48.157, 300.50, 100, 74232, 64
2026/07/29 17:32:49.193, 295.18, 100, 74232, 65
2026/07/29 17:32:50.229, 303.05, 100, 74232, 65
2026/07/29 17:32:51.264, 316.85, 100, 74232, 66
2026/07/29 17:32:52.302, 304.16, 100, 74232, 64
2026/07/29 17:32:53.340, 291.49, 100, 74232, 64
2026/07/29 17:32:54.378, 301.34, 100, 74232, 64
2026/07/29 17:32:55.417, 294.02, 100, 74232, 65
2026/07/29 17:32:56.454, 298.70, 100, 74232, 65
2026/07/29 17:32:57.493, 305.57, 100, 74232, 65
2026/07/29 17:32:58.531, 292.29, 100, 74232, 65
2026/07/29 17:32:59.573, 327.22, 100, 74232, 67
2026/07/29 17:33:00.609, 300.45, 100, 74232, 67
2026/07/29 17:33:01.651, 298.42, 100, 74232, 67
2026/07/29 17:33:02.687, 298.12, 100, 74232, 68
2026/07/29 17:33:03.723, 296.46, 100, 74232, 68
2026/07/29 17:33:04.759, 298.67, 100, 74232, 66
2026/07/29 17:33:05.797, 306.07, 100, 74232, 67
2026/07/29 17:33:06.834, 299.67, 100, 74232, 67
2026/07/29 17:33:07.871, 294.63, 100, 74232, 69
2026/07/29 17:33:08.907, 300.62, 100, 74232, 69
2026/07/29 17:33:09.953, 286.62, 100, 74232, 69
2026/07/29 17:33:10.989, 316.69, 100, 74232, 69
2026/07/29 17:33:12.031, 286.16, 100, 74232, 67
2026/07/29 17:33:13.069, 297.73, 100, 74232, 68
2026/07/29 17:33:14.107, 295.28, 100, 74232, 68
2026/07/29 17:33:15.144, 299.86, 100, 74232, 68
2026/07/29 17:33:16.182, 289.65, 100, 74232, 68
2026/07/29 17:33:17.221, 294.51, 100, 74232, 68
2026/07/29 17:33:18.258, 300.17, 100, 74232, 68
2026/07/29 17:33:19.296, 299.48, 100, 74232, 68
2026/07/29 17:33:20.334, 309.15, 100, 74232, 70
2026/07/29 17:33:21.370, 302.55, 100, 74232, 70
2026/07/29 17:33:22.405, 283.71, 100, 74232, 70
2026/07/29 17:33:23.440, 285.20, 100, 74232, 71
2026/07/29 17:33:24.480, 299.25, 100, 74232, 71
2026/07/29 17:33:25.514, 294.60, 100, 74232, 69
2026/07/29 17:33:26.552, 303.26, 100, 74232, 69
2026/07/29 17:33:27.592, 383.31, 100, 74232, 70
2026/07/29 17:33:28.629, 301.51, 100, 74232, 71
2026/07/29 17:33:29.665, 287.85, 100, 74232, 71
2026/07/29 17:33:30.700, 315.12, 100, 74232, 71
2026/07/29 17:33:31.736, 302.55, 100, 74232, 71
2026/07/29 17:33:32.774, 271.58, 100, 74232, 69
2026/07/29 17:33:33.820, 290.15, 100, 74232, 70
2026/07/29 17:33:34.861, 295.39, 100, 74232, 70
2026/07/29 17:33:35.896, 286.46, 100, 74232, 70
2026/07/29 17:33:36.937, 286.52, 100, 74232, 70
2026/07/29 17:33:37.975, 298.10, 100, 74232, 70
2026/07/29 17:33:39.011, 301.33, 100, 74232, 70
2026/07/29 17:33:40.048, 299.28, 100, 74232, 70
2026/07/29 17:33:41.087, 299.77, 100, 74232, 70
2026/07/29 17:33:42.125, 304.80, 100, 74232, 70
2026/07/29 17:33:43.162, 305.01, 100, 74232, 70
2026/07/29 17:33:44.200, 291.49, 100, 74232, 70
2026/07/29 17:33:45.237, 303.54, 100, 74232, 70
2026/07/29 17:33:46.274, 303.34, 100, 74232, 70
2026/07/29 17:33:47.316, 305.14, 100, 74232, 70
2026/07/29 17:33:48.352, 303.25, 100, 74232, 71
2026/07/29 17:33:49.389, 301.42, 100, 74232, 71
2026/07/29 17:33:50.426, 297.65, 100, 74232, 70
2026/07/29 17:33:51.463, 293.35, 100, 74232, 70
2026/07/29 17:33:52.500, 294.80, 100, 74232, 71
2026/07/29 17:33:53.537, 304.31, 100, 74232, 71
2026/07/29 17:33:54.573, 304.99, 100, 74232, 71
2026/07/29 17:33:55.612, 299.10, 100, 74232, 71
2026/07/29 17:33:56.650, 296.75, 100, 74232, 71
2026/07/29 17:33:57.689, 294.42, 100, 74232, 71
2026/07/29 17:33:58.727, 297.14, 100, 74232, 71
2026/07/29 17:33:59.765, 298.60, 100, 74232, 71
2026/07/29 17:34:00.805, 295.99, 100, 74232, 71
2026/07/29 17:34:01.843, 301.01, 100, 74232, 71
2026/07/29 17:34:02.884, 302.26, 100, 74232, 71
2026/07/29 17:34:03.922, 297.06, 100, 74232, 71
2026/07/29 17:34:04.960, 296.45, 100, 74232, 71
2026/07/29 17:34:05.999, 297.34, 100, 74232, 71
2026/07/29 17:34:07.037, 299.18, 100, 74232, 71
2026/07/29 17:34:08.075, 293.36, 100, 74232, 71
2026/07/29 17:34:09.113, 295.87, 100, 74232, 71
2026/07/29 17:34:10.150, 97.62, 100, 74232, 69
2026/07/29 17:34:11.183, 304.53, 100, 74232, 72
2026/07/29 17:34:12.222, 298.01, 100, 74232, 72
2026/07/29 17:34:13.256, 299.75, 100, 74232, 72
2026/07/29 17:34:14.291, 317.18, 100, 74232, 72
2026/07/29 17:34:15.327, 285.93, 100, 74232, 72
2026/07/29 17:34:16.373, 306.16, 100, 74232, 71
2026/07/29 17:34:17.411, 300.75, 100, 74232, 70
2026/07/29 17:34:18.449, 308.10, 100, 74232, 71
2026/07/29 17:34:19.486, 302.76, 100, 74232, 71
2026/07/29 17:34:20.527, 392.16, 66, 74232, 71
2026/07/29 17:34:21.562, 306.10, 100, 74232, 72
2026/07/29 17:34:22.598, 298.61, 100, 74232, 72
2026/07/29 17:34:23.634, 286.54, 100, 74232, 72
2026/07/29 17:34:24.673, 291.50, 100, 74232, 72
2026/07/29 17:34:25.710, 300.35, 100, 74232, 71
2026/07/29 17:34:26.748, 287.23, 100, 74232, 70
2026/07/29 17:34:27.790, 292.58, 100, 74232, 71
2026/07/29 17:34:28.827, 293.82, 100, 74232, 71
2026/07/29 17:34:29.867, 302.84, 82, 74232, 72
2026/07/29 17:34:30.907, 294.52, 100, 74232, 72
2026/07/29 17:34:31.942, 290.29, 100, 74232, 73
2026/07/29 17:34:32.978, 298.77, 100, 74232, 72
2026/07/29 17:34:34.017, 267.67, 100, 74232, 73
2026/07/29 17:34:35.052, 298.87, 100, 74232, 72
2026/07/29 17:34:36.089, 286.34, 100, 74232, 71
2026/07/29 17:34:37.130, 298.70, 100, 74232, 71
2026/07/29 17:34:38.171, 297.23, 100, 74232, 71
2026/07/29 17:34:39.209, 295.12, 100, 74232, 73
2026/07/29 17:34:40.246, 299.67, 100, 74232, 73
2026/07/29 17:34:41.281, 291.52, 100, 74232, 73
2026/07/29 17:34:42.316, 297.80, 100, 74232, 73
2026/07/29 17:34:43.357, 296.30, 100, 74232, 73
2026/07/29 17:34:44.392, 316.55, 100, 74232, 73
2026/07/29 17:34:45.428, 307.36, 100, 74232, 72
2026/07/29 17:34:46.466, 302.38, 100, 74232, 72
2026/07/29 17:34:47.503, 299.88, 100, 74232, 72
2026/07/29 17:34:48.540, 293.18, 100, 74232, 72
2026/07/29 17:34:49.578, 297.60, 100, 74232, 72
2026/07/29 17:34:50.616, 98.68, 0, 74232, 68
2026/07/29 17:34:51.669, 281.01, 100, 74232, 73
2026/07/29 17:34:52.705, 304.76, 100, 74232, 73
2026/07/29 17:34:53.745, 294.54, 100, 74232, 73
2026/07/29 17:34:54.780, 293.95, 100, 74232, 73
2026/07/29 17:34:55.817, 274.77, 100, 74232, 73
2026/07/29 17:34:56.855, 296.27, 100, 74232, 71
2026/07/29 17:34:57.894, 298.21, 100, 74232, 71
2026/07/29 17:34:58.931, 287.02, 100, 74232, 71
2026/07/29 17:34:59.969, 292.27, 100, 74232, 71
2026/07/29 17:35:01.007, 291.71, 100, 74232, 73
2026/07/29 17:35:02.042, 299.43, 100, 74232, 73
2026/07/29 17:35:03.077, 296.93, 100, 74232, 73
2026/07/29 17:35:04.111, 280.60, 100, 74232, 73
2026/07/29 17:35:05.146, 296.68, 100, 74232, 73
2026/07/29 17:35:06.181, 310.35, 100, 74232, 73
2026/07/29 17:35:07.217, 307.33, 100, 74232, 72
2026/07/29 17:35:08.254, 300.15, 100, 74232, 72
2026/07/29 17:35:09.294, 297.80, 100, 74232, 72
2026/07/29 17:35:10.333, 299.21, 100, 74232, 72
2026/07/29 17:35:11.370, 300.74, 100, 74232, 72
2026/07/29 17:35:12.412, 298.42, 100, 74232, 72
2026/07/29 17:35:13.449, 300.56, 100, 74232, 72
2026/07/29 17:35:14.487, 293.55, 100, 74232, 72
2026/07/29 17:35:15.525, 297.72, 100, 74232, 72
2026/07/29 17:35:16.567, 299.98, 100, 74232, 72
2026/07/29 17:35:17.606, 300.45, 100, 74232, 72
2026/07/29 17:35:18.645, 294.63, 100, 74232, 72
2026/07/29 17:35:19.688, 298.90, 100, 74232, 72
2026/07/29 17:35:20.725, 292.29, 100, 74232, 72
2026/07/29 17:35:21.762, 289.85, 100, 74232, 72
2026/07/29 17:35:22.799, 293.16, 100, 74232, 72
2026/07/29 17:35:23.841, 293.08, 100, 74232, 72
2026/07/29 17:35:24.879, 285.46, 100, 74232, 72
2026/07/29 17:35:25.921, 291.60, 100, 74232, 72
2026/07/29 17:35:26.959, 292.19, 100, 74232, 72
2026/07/29 17:35:27.997, 297.93, 100, 74232, 72
2026/07/29 17:35:29.035, 298.99, 100, 74232, 72
2026/07/29 17:35:30.071, 296.37, 100, 74232, 72
2026/07/29 17:35:31.109, 296.83, 100, 74232, 71
2026/07/29 17:35:32.150, 298.69, 100, 74232, 71
2026/07/29 17:35:33.187, 296.57, 100, 74232, 71
2026/07/29 17:35:34.228, 296.17, 100, 74232, 71
2026/07/29 17:35:35.266, 298.79, 100, 74232, 71
2026/07/29 17:35:36.303, 293.75, 100, 74232, 71
2026/07/29 17:35:37.340, 304.55, 100, 74232, 71
2026/07/29 17:35:38.378, 305.00, 100, 74232, 71
2026/07/29 17:35:39.414, 305.41, 100, 74232, 71
2026/07/29 17:35:40.452, 301.60, 100, 74232, 71
2026/07/29 17:35:41.494, 299.38, 100, 74232, 71
2026/07/29 17:35:42.531, 305.72, 100, 74232, 71
2026/07/29 17:35:43.568, 304.89, 100, 74232, 71
2026/07/29 17:35:44.605, 304.80, 100, 74232, 71
2026/07/29 17:35:45.642, 304.25, 100, 74232, 71
2026/07/29 17:35:46.682, 302.65, 100, 74232, 71
2026/07/29 17:35:47.719, 296.06, 100, 74232, 71
2026/07/29 17:35:48.757, 298.61, 100, 74232, 71
2026/07/29 17:35:49.795, 294.83, 100, 74232, 71
2026/07/29 17:35:50.833, 295.98, 100, 74232, 71
2026/07/29 17:35:51.873, 298.21, 100, 74232, 71
2026/07/29 17:35:52.911, 294.13, 100, 74232, 71
2026/07/29 17:35:53.949, 307.81, 100, 74232, 71
2026/07/29 17:35:54.988, 297.24, 100, 74232, 71
2026/07/29 17:35:56.025, 299.39, 100, 74232, 71
2026/07/29 17:35:57.066, 298.47, 100, 74232, 71
2026/07/29 17:35:58.103, 300.16, 100, 74232, 71
2026/07/29 17:35:59.140, 306.49, 100, 74232, 71
2026/07/29 17:36:00.181, 301.70, 100, 74232, 71
2026/07/29 17:36:01.218, 299.49, 100, 74232, 71
2026/07/29 17:36:02.254, 305.85, 100, 74232, 71
2026/07/29 17:36:03.291, 294.60, 100, 74232, 73
2026/07/29 17:36:04.326, 301.69, 100, 74232, 73
2026/07/29 17:36:05.364, 290.92, 100, 74232, 72
2026/07/29 17:36:06.399, 312.15, 100, 74232, 73
2026/07/29 17:36:07.434, 298.60, 100, 74232, 73
2026/07/29 17:36:08.470, 297.24, 100, 74232, 72
2026/07/29 17:36:09.505, 302.08, 100, 74232, 71
2026/07/29 17:36:10.542, 297.15, 100, 74232, 71
2026/07/29 17:36:11.579, 295.98, 100, 74232, 71
2026/07/29 17:36:12.617, 301.30, 100, 74232, 73
2026/07/29 17:36:13.652, 290.27, 100, 74232, 73
2026/07/29 17:36:14.687, 303.95, 100, 74232, 73
2026/07/29 17:36:15.724, 310.86, 100, 74232, 73
2026/07/29 17:36:16.759, 298.89, 100, 74232, 73
2026/07/29 17:36:17.793, 288.92, 100, 74232, 73
2026/07/29 17:36:18.828, 295.48, 100, 74232, 73
2026/07/29 17:36:19.862, 287.32, 100, 74232, 71
2026/07/29 17:36:20.900, 290.74, 100, 74232, 71
2026/07/29 17:36:21.939, 291.51, 100, 74232, 71
2026/07/29 17:36:22.978, 300.66, 100, 74232, 71
2026/07/29 17:36:24.016, 290.33, 100, 74232, 71
2026/07/29 17:36:25.054, 299.39, 100, 74232, 72
2026/07/29 17:36:26.090, 300.15, 100, 74232, 72
2026/07/29 17:36:27.129, 296.77, 100, 74232, 72
2026/07/29 17:36:28.166, 300.06, 100, 74232, 72
2026/07/29 17:36:29.204, 295.47, 100, 74232, 72
2026/07/29 17:36:30.242, 295.00, 100, 74232, 72
2026/07/29 17:36:31.281, 304.90, 100, 74232, 72
2026/07/29 17:36:32.321, 299.46, 100, 74232, 72
2026/07/29 17:36:33.359, 294.91, 100, 74232, 72
2026/07/29 17:36:34.399, 298.79, 100, 74232, 72
2026/07/29 17:36:35.442, 299.57, 100, 74232, 72
2026/07/29 17:36:36.481, 305.83, 100, 74232, 72
2026/07/29 17:36:37.519, 297.44, 100, 74232, 72
2026/07/29 17:36:38.559, 299.95, 100, 74232, 72
2026/07/29 17:36:39.597, 300.08, 100, 74232, 71
2026/07/29 17:36:40.634, 295.51, 100, 74232, 71
2026/07/29 17:36:41.672, 306.06, 100, 74232, 70
2026/07/29 17:36:42.704, 299.58, 100, 74232, 73
2026/07/29 17:36:43.739, 295.19, 100, 74232, 73
2026/07/29 17:36:44.776, 303.63, 100, 74232, 73
2026/07/29 17:36:45.811, 269.82, 100, 74232, 73
2026/07/29 17:36:46.845, 290.26, 100, 74232, 73
2026/07/29 17:36:47.881, 292.29, 100, 74232, 73
2026/07/29 17:36:48.921, 305.42, 100, 74232, 71
2026/07/29 17:36:49.959, 300.91, 100, 74232, 71
2026/07/29 17:36:50.996, 294.51, 100, 74232, 71
2026/07/29 17:36:52.034, 302.98, 100, 74232, 71
2026/07/29 17:36:53.071, 305.30, 100, 74232, 72
2026/07/29 17:36:54.108, 306.99, 100, 74232, 72
2026/07/29 17:36:55.146, 303.84, 100, 74232, 72
2026/07/29 17:36:56.187, 299.49, 100, 74232, 72
2026/07/29 17:36:57.225, 299.68, 100, 74232, 72
2026/07/29 17:36:58.263, 295.60, 100, 74232, 72
2026/07/29 17:36:59.300, 295.70, 100, 74232, 72
2026/07/29 17:37:00.338, 299.00, 100, 74232, 72
2026/07/29 17:37:01.375, 299.88, 100, 74232, 72
2026/07/29 17:37:02.416, 297.54, 100, 74232, 72
2026/07/29 17:37:03.454, 298.30, 100, 74232, 71
2026/07/29 17:37:04.492, 299.87, 100, 74232, 72
2026/07/29 17:37:05.530, 300.18, 100, 74232, 71
2026/07/29 17:37:06.568, 286.35, 100, 74232, 73
2026/07/29 17:37:07.605, 295.10, 100, 74232, 73
2026/07/29 17:37:08.639, 283.52, 100, 74232, 73
2026/07/29 17:37:09.675, 303.36, 100, 74232, 73
2026/07/29 17:37:10.711, 287.12, 100, 74232, 73
2026/07/29 17:37:11.754, 256.50, 100, 74232, 73
2026/07/29 17:37:12.790, 298.11, 100, 74232, 71
2026/07/29 17:37:13.829, 288.02, 100, 74232, 71
2026/07/29 17:37:14.867, 299.39, 100, 74232, 71
2026/07/29 17:37:15.905, 308.39, 100, 74232, 72
2026/07/29 17:37:16.942, 303.53, 100, 74232, 72
2026/07/29 17:37:17.985, 299.00, 100, 74232, 72
2026/07/29 17:37:19.024, 301.13, 100, 74232, 72
2026/07/29 17:37:20.062, 297.35, 100, 74232, 72
2026/07/29 17:37:21.100, 304.06, 100, 74232, 72
2026/07/29 17:37:22.138, 306.30, 100, 74232, 72
2026/07/29 17:37:23.175, 303.08, 100, 74232, 72
2026/07/29 17:37:24.213, 305.10, 100, 74232, 72
2026/07/29 17:37:25.249, 301.33, 100, 74232, 72
2026/07/29 17:37:26.287, 305.99, 100, 74232, 72
2026/07/29 17:37:27.324, 310.53, 100, 74232, 72
2026/07/29 17:37:28.362, 295.95, 100, 74232, 72
2026/07/29 17:37:29.399, 297.93, 100, 74232, 72
2026/07/29 17:37:30.435, 302.59, 61, 74232, 73
2026/07/29 17:37:31.471, 304.23, 100, 74232, 72
2026/07/29 17:37:32.508, 306.94, 100, 74232, 72
2026/07/29 17:37:33.546, 299.10, 100, 74232, 72
2026/07/29 17:37:34.583, 306.36, 100, 74232, 72
2026/07/29 17:37:35.620, 299.10, 100, 74232, 71
2026/07/29 17:37:36.658, 304.90, 100, 74232, 71
2026/07/29 17:37:37.695, 297.14, 100, 74232, 71
2026/07/29 17:37:38.733, 295.60, 100, 74232, 71
2026/07/29 17:37:39.774, 297.55, 100, 74232, 71
2026/07/29 17:37:40.811, 303.67, 100, 74232, 71
2026/07/29 17:37:41.848, 297.83, 100, 74232, 71
2026/07/29 17:37:42.885, 298.80, 100, 74232, 71
2026/07/29 17:37:43.926, 305.53, 100, 74232, 71
2026/07/29 17:37:44.963, 296.18, 100, 74232, 71
2026/07/29 17:37:46.003, 298.31, 100, 74232, 71
2026/07/29 17:37:47.042, 294.62, 100, 74232, 71
2026/07/29 17:37:48.079, 298.79, 100, 74232, 71
2026/07/29 17:37:49.116, 295.97, 100, 74232, 71
2026/07/29 17:37:50.154, 297.33, 100, 74232, 71
2026/07/29 17:37:51.192, 296.93, 100, 74232, 71
2026/07/29 17:37:52.230, 297.66, 100, 74232, 71
2026/07/29 17:37:53.269, 296.37, 100, 74232, 71
2026/07/29 17:37:54.306, 305.39, 100, 74232, 71
2026/07/29 17:37:55.346, 301.83, 100, 74232, 71
2026/07/29 17:37:56.383, 297.26, 100, 74232, 71
2026/07/29 17:37:57.422, 299.95, 100, 74232, 71
2026/07/29 17:37:58.458, 309.26, 100, 74232, 71
2026/07/29 17:37:59.495, 306.65, 100, 74232, 71
2026/07/29 17:38:00.533, 301.12, 100, 74232, 71
2026/07/29 17:38:01.571, 306.74, 100, 74232, 71
2026/07/29 17:38:02.608, 301.31, 100, 74232, 71
2026/07/29 17:38:03.646, 296.83, 100, 74232, 71
2026/07/29 17:38:04.683, 301.42, 100, 74232, 71
2026/07/29 17:38:05.719, 296.27, 100, 74232, 71
2026/07/29 17:38:06.757, 304.04, 100, 74232, 71
2026/07/29 17:38:07.797, 305.00, 100, 74232, 71
2026/07/29 17:38:08.836, 303.84, 100, 74232, 71
2026/07/29 17:38:09.876, 293.92, 100, 74232, 71
2026/07/29 17:38:10.915, 296.36, 100, 74232, 71
2026/07/29 17:38:11.952, 296.07, 100, 74232, 71
2026/07/29 17:38:12.992, 292.96, 100, 74232, 71
2026/07/29 17:38:14.031, 296.27, 100, 74232, 71
2026/07/29 17:38:15.069, 297.71, 100, 74232, 71
2026/07/29 17:38:16.106, 292.31, 100, 74232, 71
2026/07/29 17:38:17.145, 295.29, 100, 74232, 71
2026/07/29 17:38:18.183, 300.75, 100, 74232, 71
2026/07/29 17:38:19.220, 295.79, 100, 74232, 71
2026/07/29 17:38:20.258, 297.05, 100, 74232, 71
2026/07/29 17:38:21.297, 302.20, 100, 74232, 71
2026/07/29 17:38:22.334, 300.66, 100, 74232, 71
2026/07/29 17:38:23.372, 300.36, 100, 74232, 71
2026/07/29 17:38:24.409, 299.06, 100, 74232, 71
2026/07/29 17:38:25.447, 292.77, 100, 74232, 71
2026/07/29 17:38:26.485, 298.30, 100, 74232, 71
2026/07/29 17:38:27.524, 298.79, 100, 74232, 71
2026/07/29 17:38:28.562, 302.77, 100, 74232, 71
2026/07/29 17:38:29.600, 300.84, 100, 74232, 71
2026/07/29 17:38:30.638, 294.72, 100, 74232, 71
2026/07/29 17:38:31.675, 304.22, 100, 74232, 71
2026/07/29 17:38:32.712, 306.02, 100, 74232, 71
2026/07/29 17:38:33.749, 297.35, 100, 74232, 71
2026/07/29 17:38:34.786, 297.45, 100, 74232, 71
2026/07/29 17:38:35.822, 296.94, 100, 74232, 71
2026/07/29 17:38:36.860, 296.77, 100, 74232, 71
2026/07/29 17:38:37.896, 295.80, 100, 74232, 71
2026/07/29 17:38:38.935, 296.94, 100, 74232, 71
2026/07/29 17:38:39.972, 296.27, 100, 74232, 71
2026/07/29 17:38:41.009, 295.69, 100, 74232, 71
2026/07/29 17:38:42.047, 295.59, 100, 74232, 71
2026/07/29 17:38:43.084, 295.69, 100, 74232, 71
2026/07/29 17:38:44.123, 295.91, 100, 74232, 71
2026/07/29 17:38:45.161, 296.25, 100, 74232, 71
2026/07/29 17:38:46.203, 295.01, 100, 74232, 71
2026/07/29 17:38:47.241, 303.56, 100, 74232, 71
2026/07/29 17:38:48.282, 299.66, 100, 74232, 71
2026/07/29 17:38:49.319, 299.96, 100, 74232, 71
2026/07/29 17:38:50.366, 303.28, 100, 74232, 71
2026/07/29 17:38:51.404, 303.08, 100, 74232, 71
2026/07/29 17:38:52.441, 297.33, 100, 74232, 71
2026/07/29 17:38:53.482, 298.87, 100, 74232, 72
2026/07/29 17:38:54.517, 296.66, 100, 74232, 72
2026/07/29 17:38:55.552, 313.97, 100, 74232, 73
2026/07/29 17:38:56.588, 297.75, 100, 74232, 72
2026/07/29 17:38:57.627, 310.66, 100, 74232, 72
2026/07/29 17:38:58.660, 287.72, 100, 74232, 72
2026/07/29 17:38:59.696, 302.69, 100, 74232, 71
2026/07/29 17:39:00.734, 305.00, 100, 74232, 71
2026/07/29 17:39:01.772, 302.17, 100, 74232, 71
2026/07/29 17:39:02.810, 302.29, 100, 74232, 71
2026/07/29 17:39:03.847, 304.91, 100, 74232, 71
2026/07/29 17:39:04.885, 302.06, 100, 74232, 70
2026/07/29 17:39:05.919, 303.73, 100, 74232, 72
2026/07/29 17:39:06.955, 297.44, 100, 74232, 72
2026/07/29 17:39:07.990, 304.80, 100, 74232, 72
2026/07/29 17:39:09.026, 296.82, 100, 74232, 72
2026/07/29 17:39:10.061, 290.55, 100, 74232, 72
2026/07/29 17:39:11.099, 308.20, 100, 74232, 73
2026/07/29 17:39:12.134, 292.49, 100, 74232, 71
2026/07/29 17:39:13.171, 294.44, 100, 74232, 71
2026/07/29 17:39:14.210, 297.14, 100, 74232, 71
2026/07/29 17:39:15.248, 295.01, 100, 74232, 71
2026/07/29 17:39:16.284, 293.04, 100, 74232, 71
2026/07/29 17:39:17.321, 97.36, 0, 74232, 68
2026/07/29 17:39:18.354, 305.80, 100, 74232, 72
2026/07/29 17:39:19.390, 282.56, 100, 74232, 72
2026/07/29 17:39:20.424, 270.40, 100, 74232, 73
2026/07/29 17:39:21.459, 311.40, 100, 74232, 73
2026/07/29 17:39:22.500, 328.97, 100, 74232, 73
2026/07/29 17:39:23.537, 326.34, 100, 74232, 73
2026/07/29 17:39:24.571, 305.29, 100, 74232, 71
2026/07/29 17:39:25.608, 306.45, 100, 74232, 71
2026/07/29 17:39:26.646, 294.33, 100, 74232, 71
2026/07/29 17:39:27.683, 297.82, 100, 74232, 71
2026/07/29 17:39:28.721, 298.12, 100, 74232, 73
2026/07/29 17:39:29.755, 290.65, 100, 74232, 73
2026/07/29 17:39:30.790, 308.79, 100, 74232, 73
2026/07/29 17:39:31.825, 287.61, 100, 74232, 73
2026/07/29 17:39:32.861, 269.62, 100, 74232, 73
2026/07/29 17:39:33.900, 308.02, 100, 74232, 73
2026/07/29 17:39:34.936, 291.45, 100, 74232, 73
2026/07/29 17:39:35.972, 306.76, 100, 74232, 72
2026/07/29 17:39:37.013, 304.84, 100, 74232, 72
2026/07/29 17:39:38.051, 307.02, 100, 74232, 72
2026/07/29 17:39:39.088, 299.48, 100, 74232, 72
2026/07/29 17:39:40.126, 301.52, 100, 74232, 72
2026/07/29 17:39:41.163, 191.38, 100, 74232, 70
2026/07/29 17:39:42.197, 295.95, 100, 74232, 73
2026/07/29 17:39:43.234, 296.46, 100, 74232, 73
2026/07/29 17:39:44.270, 314.97, 100, 74232, 73
2026/07/29 17:39:45.306, 300.80, 100, 74232, 74
2026/07/29 17:39:46.344, 307.82, 100, 74232, 73
2026/07/29 17:39:47.379, 294.77, 100, 74232, 74
2026/07/29 17:39:48.413, 306.60, 100, 74232, 74
2026/07/29 17:39:49.451, 305.39, 100, 74232, 72
2026/07/29 17:39:50.488, 304.98, 100, 74232, 72
2026/07/29 17:39:51.527, 306.93, 100, 74232, 72
2026/07/29 17:39:52.565, 308.08, 100, 74232, 73
2026/07/29 17:39:53.600, 304.23, 100, 74232, 72
2026/07/29 17:39:54.639, 297.16, 100, 74232, 72
2026/07/29 17:39:55.676, 305.69, 100, 74232, 72
2026/07/29 17:39:56.714, 305.23, 100, 74232, 72
2026/07/29 17:39:57.750, 303.63, 100, 74232, 72
2026/07/29 17:39:58.788, 299.18, 100, 74232, 72
2026/07/29 17:39:59.827, 298.22, 100, 74232, 72
2026/07/29 17:40:00.864, 298.70, 100, 74232, 72
2026/07/29 17:40:01.903, 295.52, 100, 74232, 72
2026/07/29 17:40:02.942, 298.02, 100, 74232, 72
2026/07/29 17:40:03.983, 305.78, 100, 74232, 72
2026/07/29 17:40:05.020, 299.00, 100, 74232, 72
2026/07/29 17:40:06.058, 300.63, 100, 74232, 72
2026/07/29 17:40:07.097, 300.16, 100, 74232, 72
2026/07/29 17:40:08.134, 290.15, 100, 74232, 72
2026/07/29 17:40:09.171, 292.38, 100, 74232, 72
2026/07/29 17:40:10.212, 298.21, 100, 74232, 72
2026/07/29 17:40:11.250, 299.65, 100, 74232, 72
2026/07/29 17:40:12.287, 298.61, 100, 74232, 72
2026/07/29 17:40:13.326, 294.91, 100, 74232, 72
2026/07/29 17:40:14.364, 295.31, 100, 74232, 72
2026/07/29 17:40:15.405, 300.66, 100, 74232, 72
2026/07/29 17:40:16.444, 294.25, 100, 74232, 72
2026/07/29 17:40:17.482, 297.44, 100, 74232, 72
2026/07/29 17:40:18.521, 287.88, 100, 74232, 71
2026/07/29 17:40:19.558, 296.85, 100, 74232, 72
2026/07/29 17:40:20.598, 296.58, 100, 74232, 72
2026/07/29 17:40:21.635, 297.24, 100, 74232, 72
2026/07/29 17:40:22.673, 298.03, 100, 74232, 72
2026/07/29 17:40:23.712, 298.42, 100, 74232, 71
2026/07/29 17:40:24.750, 296.19, 100, 74232, 71
2026/07/29 17:40:25.788, 298.70, 100, 74232, 71
2026/07/29 17:40:26.827, 291.50, 100, 74232, 71
2026/07/29 17:40:27.869, 303.96, 100, 74232, 71
2026/07/29 17:40:28.907, 304.42, 100, 74232, 72
2026/07/29 17:40:29.945, 305.20, 100, 74232, 71
2026/07/29 17:40:30.985, 297.44, 100, 74232, 71
2026/07/29 17:40:32.023, 295.32, 100, 74232, 71
2026/07/29 17:40:33.066, 294.15, 100, 74232, 71
2026/07/29 17:40:34.103, 300.64, 100, 74232, 71
2026/07/29 17:40:35.140, 294.71, 100, 74232, 71
2026/07/29 17:40:36.177, 300.65, 100, 74232, 71
2026/07/29 17:40:37.216, 295.37, 100, 74232, 71
2026/07/29 17:40:38.256, 300.63, 100, 74232, 71
2026/07/29 17:40:39.294, 297.92, 100, 74232, 71
2026/07/29 17:40:40.331, 294.52, 100, 74232, 71
2026/07/29 17:40:41.370, 297.05, 100, 74232, 71
2026/07/29 17:40:42.406, 294.62, 100, 74232, 71
2026/07/29 17:40:43.443, 297.73, 100, 74232, 71
2026/07/29 17:40:44.481, 298.12, 100, 74232, 71
2026/07/29 17:40:45.518, 299.00, 100, 74232, 71
2026/07/29 17:40:46.559, 300.45, 100, 74232, 71
2026/07/29 17:40:47.596, 304.75, 100, 74232, 71
2026/07/29 17:40:48.634, 304.36, 100, 74232, 71
2026/07/29 17:40:49.672, 302.68, 100, 74232, 71
2026/07/29 17:40:50.708, 304.83, 100, 74232, 71
2026/07/29 17:40:51.746, 298.40, 100, 74232, 71
2026/07/29 17:40:52.784, 297.73, 100, 74232, 71
2026/07/29 17:40:53.822, 292.96, 100, 74232, 71
2026/07/29 17:40:54.860, 297.25, 100, 74232, 71
2026/07/29 17:40:55.898, 297.83, 100, 74232, 71
2026/07/29 17:40:56.936, 298.52, 100, 74232, 71
2026/07/29 17:40:57.974, 303.93, 100, 74232, 71
2026/07/29 17:40:59.012, 304.23, 100, 74232, 71
2026/07/29 17:41:00.055, 298.70, 100, 74232, 71
2026/07/29 17:41:01.096, 307.23, 100, 74232, 71
2026/07/29 17:41:02.134, 302.89, 100, 74232, 71
2026/07/29 17:41:03.180, 305.19, 100, 74232, 71
2026/07/29 17:41:04.220, 300.64, 100, 74232, 71
2026/07/29 17:41:05.257, 297.92, 100, 74232, 71
2026/07/29 17:41:06.307, 296.98, 100, 74232, 71
2026/07/29 17:41:07.346, 304.80, 100, 74232, 71
2026/07/29 17:41:08.384, 298.12, 100, 74232, 71
2026/07/29 17:41:09.428, 305.68, 100, 74232, 71
2026/07/29 17:41:10.466, 298.80, 100, 74232, 71
2026/07/29 17:41:11.502, 305.04, 100, 74232, 71
2026/07/29 17:41:12.541, 305.33, 100, 74232, 71
2026/07/29 17:41:13.577, 305.49, 100, 74232, 71
2026/07/29 17:41:14.615, 298.20, 100, 74232, 72
2026/07/29 17:41:15.650, 302.68, 100, 74232, 72
2026/07/29 17:41:16.685, 292.91, 100, 74232, 73
2026/07/29 17:41:17.721, 263.16, 100, 74232, 72
2026/07/29 17:41:18.756, 288.69, 100, 74232, 72
2026/07/29 17:41:19.792, 293.73, 100, 74232, 72
2026/07/29 17:41:20.828, 304.34, 100, 74232, 71
2026/07/29 17:41:21.867, 309.08, 100, 74232, 71
2026/07/29 17:41:22.905, 299.94, 100, 74232, 71
2026/07/29 17:41:23.943, 304.81, 100, 74232, 71
2026/07/29 17:41:24.982, 96.85, 0, 74232, 68
2026/07/29 17:41:26.015, 295.52, 100, 74232, 72
2026/07/29 17:41:27.051, 310.16, 100, 74232, 73
2026/07/29 17:41:28.087, 301.60, 100, 74232, 73
2026/07/29 17:41:29.122, 269.88, 100, 74232, 72
2026/07/29 17:41:30.157, 278.71, 100, 74232, 72
2026/07/29 17:41:31.194, 289.41, 100, 74232, 73
2026/07/29 17:41:32.230, 300.54, 100, 74232, 71
2026/07/29 17:41:33.268, 304.44, 100, 74232, 71
2026/07/29 17:41:34.305, 298.91, 100, 74232, 71
2026/07/29 17:41:35.343, 294.82, 100, 74232, 71
2026/07/29 17:41:36.377, 297.65, 100, 74232, 73
2026/07/29 17:41:37.412, 295.12, 100, 74232, 73
2026/07/29 17:41:38.448, 301.12, 100, 74232, 73
2026/07/29 17:41:39.485, 292.49, 100, 74232, 73
2026/07/29 17:41:40.520, 282.44, 100, 74232, 73
2026/07/29 17:41:41.557, 304.12, 100, 74232, 73
2026/07/29 17:41:42.595, 290.15, 100, 74232, 71
2026/07/29 17:41:43.633, 299.38, 100, 74232, 71
2026/07/29 17:41:44.670, 298.98, 100, 74232, 72
2026/07/29 17:41:45.708, 297.82, 100, 74232, 70
2026/07/29 17:41:46.745, 300.49, 100, 74232, 73
2026/07/29 17:41:47.781, 282.01, 100, 74232, 74
2026/07/29 17:41:48.820, 307.01, 100, 74232, 73
2026/07/29 17:41:49.855, 318.20, 100, 74232, 74
2026/07/29 17:41:50.893, 303.73, 100, 74232, 73
2026/07/29 17:41:51.929, 310.84, 100, 74232, 74
2026/07/29 17:41:52.967, 305.20, 100, 74232, 72
2026/07/29 17:41:54.005, 304.02, 100, 74232, 72
2026/07/29 17:41:55.042, 305.91, 100, 74232, 72
2026/07/29 17:41:56.079, 292.57, 100, 74232, 72
2026/07/29 17:41:57.117, 291.99, 100, 74232, 72
2026/07/29 17:41:58.154, 298.89, 100, 74232, 72
2026/07/29 17:41:59.188, 304.13, 100, 74232, 73
2026/07/29 17:42:00.223, 301.89, 100, 74232, 74
2026/07/29 17:42:01.260, 299.12, 100, 74232, 74
2026/07/29 17:42:02.295, 277.41, 100, 74232, 73
2026/07/29 17:42:03.331, 295.77, 100, 74232, 73
2026/07/29 17:42:04.372, 285.23, 100, 74232, 74
2026/07/29 17:42:05.408, 293.45, 100, 74232, 73
2026/07/29 17:42:06.443, 301.64, 100, 74232, 72
2026/07/29 17:42:07.490, 306.98, 100, 74232, 72
2026/07/29 17:42:08.530, 290.44, 100, 74232, 72
2026/07/29 17:42:09.568, 295.48, 100, 74232, 73
2026/07/29 17:42:10.608, 304.99, 100, 74232, 74
2026/07/29 17:42:11.643, 300.82, 100, 74232, 74
2026/07/29 17:42:12.679, 303.05, 100, 74232, 74
2026/07/29 17:42:13.714, 292.96, 100, 74232, 74
2026/07/29 17:42:14.751, 279.24, 100, 74232, 74
2026/07/29 17:42:15.792, 278.78, 100, 74232, 74
2026/07/29 17:42:16.829, 306.46, 100, 74232, 72
2026/07/29 17:42:17.867, 298.32, 100, 74232, 72
2026/07/29 17:42:18.905, 299.86, 100, 74232, 72
2026/07/29 17:42:19.943, 300.14, 100, 74232, 72
2026/07/29 17:42:20.981, 299.09, 100, 74232, 72
2026/07/29 17:42:22.021, 298.50, 100, 74232, 72
2026/07/29 17:42:23.058, 299.68, 100, 74232, 72
2026/07/29 17:42:24.100, 300.16, 100, 74232, 72
2026/07/29 17:42:25.138, 300.64, 100, 74232, 72
2026/07/29 17:42:26.175, 300.67, 100, 74232, 72
2026/07/29 17:42:27.218, 297.35, 100, 74232, 72
2026/07/29 17:42:28.257, 300.07, 100, 74232, 72
2026/07/29 17:42:29.295, 299.97, 100, 74232, 72
2026/07/29 17:42:30.334, 301.32, 100, 74232, 72
2026/07/29 17:42:31.373, 297.25, 100, 74232, 72
2026/07/29 17:42:32.411, 296.73, 100, 74232, 72
2026/07/29 17:42:33.448, 299.55, 100, 74232, 72
2026/07/29 17:42:34.486, 307.77, 100, 74232, 72
2026/07/29 17:42:35.523, 99.70, 43, 74232, 69
2026/07/29 17:42:36.557, 262.70, 100, 74232, 71
2026/07/29 17:42:37.595, 286.16, 100, 74232, 71
2026/07/29 17:42:38.634, 288.61, 100, 74232, 71
2026/07/29 17:42:39.671, 293.28, 100, 74232, 71
2026/07/29 17:42:40.712, 296.37, 100, 74232, 71
2026/07/29 17:42:41.750, 295.38, 100, 74232, 71
2026/07/29 17:42:42.788, 294.22, 100, 74232, 71
2026/07/29 17:42:43.828, 297.44, 100, 74232, 72
2026/07/29 17:42:44.868, 296.67, 100, 74232, 72
2026/07/29 17:42:45.905, 304.14, 100, 74232, 72
2026/07/29 17:42:46.942, 304.42, 100, 74232, 72
2026/07/29 17:42:47.981, 295.89, 100, 74232, 71
2026/07/29 17:42:49.019, 301.13, 100, 74232, 71
2026/07/29 17:42:50.058, 297.46, 100, 74232, 71
2026/07/29 17:42:51.097, 304.71, 100, 74232, 71
2026/07/29 17:42:52.133, 298.11, 100, 74232, 71
2026/07/29 17:42:53.172, 304.51, 100, 74232, 71
2026/07/29 17:42:54.209, 297.81, 100, 74232, 71
2026/07/29 17:42:55.246, 298.04, 100, 74232, 71
2026/07/29 17:42:56.284, 302.20, 100, 74232, 71
2026/07/29 17:42:57.322, 301.12, 100, 74232, 71
2026/07/29 17:42:58.360, 295.89, 100, 74232, 71
2026/07/29 17:42:59.397, 292.08, 100, 74232, 71
2026/07/29 17:43:00.435, 295.32, 100, 74232, 71
2026/07/29 17:43:01.473, 295.89, 100, 74232, 71
2026/07/29 17:43:02.511, 294.04, 100, 74232, 71
2026/07/29 17:43:03.548, 292.01, 100, 74232, 71
2026/07/29 17:43:04.588, 296.28, 100, 74232, 71
2026/07/29 17:43:05.628, 301.52, 100, 74232, 71
2026/07/29 17:43:06.666, 304.15, 100, 74232, 71
2026/07/29 17:43:07.706, 303.79, 100, 74232, 71
2026/07/29 17:43:08.744, 305.30, 100, 74232, 71
2026/07/29 17:43:09.782, 303.68, 100, 74232, 71
2026/07/29 17:43:10.820, 303.94, 100, 74232, 71
2026/07/29 17:43:11.858, 304.55, 100, 74232, 71
2026/07/29 17:43:12.898, 297.75, 100, 74232, 71
2026/07/29 17:43:13.935, 304.56, 100, 74232, 71
2026/07/29 17:43:14.973, 305.90, 100, 74232, 71
2026/07/29 17:43:16.011, 298.98, 100, 74232, 71
2026/07/29 17:43:17.049, 301.61, 100, 74232, 71
2026/07/29 17:43:18.087, 292.36, 100, 74232, 71
2026/07/29 17:43:19.125, 292.69, 100, 74232, 71
2026/07/29 17:43:20.163, 295.61, 100, 74232, 71
2026/07/29 17:43:21.202, 296.47, 100, 74232, 71
2026/07/29 17:43:22.240, 290.44, 100, 74232, 71
2026/07/29 17:43:23.281, 296.17, 100, 74232, 71
2026/07/29 17:43:24.318, 297.14, 100, 74232, 71
2026/07/29 17:43:25.356, 296.17, 100, 74232, 71
2026/07/29 17:43:26.394, 297.65, 100, 74232, 71
2026/07/29 17:43:27.431, 296.86, 100, 74232, 71
2026/07/29 17:43:28.469, 296.14, 100, 74232, 71
2026/07/29 17:43:29.506, 297.71, 100, 74232, 71
2026/07/29 17:43:30.544, 292.10, 100, 74232, 71
2026/07/29 17:43:31.582, 296.07, 100, 74232, 71
2026/07/29 17:43:32.622, 300.36, 100, 74232, 71
2026/07/29 17:43:33.660, 295.49, 100, 74232, 71
2026/07/29 17:43:34.697, 302.77, 100, 74232, 71
2026/07/29 17:43:35.734, 293.25, 100, 74232, 71
2026/07/29 17:43:36.771, 295.89, 100, 74232, 71
2026/07/29 17:43:37.809, 295.59, 100, 74232, 71
2026/07/29 17:43:38.846, 298.20, 100, 74232, 71
2026/07/29 17:43:39.884, 299.28, 100, 74232, 71
2026/07/29 17:43:40.922, 300.76, 100, 74232, 71
2026/07/29 17:43:41.960, 301.42, 100, 74232, 71
2026/07/29 17:43:42.997, 294.72, 100, 74232, 71
2026/07/29 17:43:44.036, 297.85, 100, 74232, 71
2026/07/29 17:43:45.075, 303.06, 100, 74232, 71
2026/07/29 17:43:46.114, 302.99, 100, 74232, 71
2026/07/29 17:43:47.152, 298.88, 100, 74232, 71
2026/07/29 17:43:48.191, 303.65, 100, 74232, 71
2026/07/29 17:43:49.229, 296.94, 100, 74232, 71
2026/07/29 17:43:50.267, 298.02, 100, 74232, 71
2026/07/29 17:43:51.304, 295.99, 100, 74232, 71
2026/07/29 17:43:52.341, 297.72, 100, 74232, 71
2026/07/29 17:43:53.378, 299.28, 100, 74232, 71
2026/07/29 17:43:54.416, 298.98, 100, 74232, 71
2026/07/29 17:43:55.455, 295.68, 100, 74232, 71
2026/07/29 17:43:56.493, 296.95, 100, 74232, 71
2026/07/29 17:43:57.530, 296.95, 100, 74232, 71
2026/07/29 17:43:58.568, 302.78, 100, 74232, 71
2026/07/29 17:43:59.607, 302.99, 100, 74232, 71
2026/07/29 17:44:00.644, 303.24, 100, 74232, 71
2026/07/29 17:44:01.683, 303.64, 100, 74232, 71
2026/07/29 17:44:02.720, 298.30, 100, 74232, 71
2026/07/29 17:44:03.758, 296.38, 100, 74232, 71
2026/07/29 17:44:04.795, 296.48, 100, 74232, 71
2026/07/29 17:44:05.833, 293.25, 100, 74232, 71
2026/07/29 17:44:06.871, 294.93, 100, 74232, 71
2026/07/29 17:44:07.909, 295.02, 100, 74232, 71
2026/07/29 17:44:08.947, 289.75, 100, 74232, 71
2026/07/29 17:44:09.984, 295.41, 100, 74232, 71
2026/07/29 17:44:11.022, 296.27, 100, 74232, 71
2026/07/29 17:44:12.059, 297.73, 100, 74232, 71
2026/07/29 17:44:13.097, 301.98, 100, 74232, 71
2026/07/29 17:44:14.134, 303.24, 100, 74232, 71
2026/07/29 17:44:15.173, 299.37, 100, 74232, 71
2026/07/29 17:44:16.212, 298.50, 100, 74232, 71
2026/07/29 17:44:17.251, 302.01, 100, 74232, 71
2026/07/29 17:44:18.288, 297.55, 100, 74232, 71
2026/07/29 17:44:19.325, 299.06, 100, 74232, 71
2026/07/29 17:44:20.362, 299.56, 100, 74232, 71
2026/07/29 17:44:21.405, 294.13, 100, 74232, 72
2026/07/29 17:44:22.440, 284.60, 100, 74232, 73
2026/07/29 17:44:23.475, 279.51, 100, 74232, 73
2026/07/29 17:44:24.512, 298.37, 100, 74232, 72
2026/07/29 17:44:25.552, 300.47, 100, 74232, 72
2026/07/29 17:44:26.587, 299.32, 100, 74232, 72
2026/07/29 17:44:27.622, 305.32, 100, 74232, 71
2026/07/29 17:44:28.661, 302.76, 100, 74232, 71
2026/07/29 17:44:29.698, 304.31, 100, 74232, 71
2026/07/29 17:44:30.735, 305.39, 100, 74232, 71
2026/07/29 17:44:31.772, 302.36, 100, 74232, 71
2026/07/29 17:44:32.809, 305.81, 100, 74232, 71
2026/07/29 17:44:33.845, 305.30, 100, 74232, 71
2026/07/29 17:44:34.883, 301.13, 100, 74232, 71
2026/07/29 17:44:35.921, 304.60, 100, 74232, 71
2026/07/29 17:44:36.958, 299.59, 100, 74232, 71
2026/07/29 17:44:37.995, 300.66, 100, 74232, 71
2026/07/29 17:44:39.033, 297.05, 100, 74232, 71
2026/07/29 17:44:40.070, 302.33, 100, 74232, 71
2026/07/29 17:44:41.108, 299.02, 100, 74232, 71
2026/07/29 17:44:42.145, 297.13, 100, 74232, 71
2026/07/29 17:44:43.181, 298.70, 100, 74232, 69
2026/07/29 17:44:44.215, 299.85, 100, 74232, 72
2026/07/29 17:44:45.311, 299.08, 100, 74232, 72
2026/07/29 17:44:46.346, 310.62, 100, 74232, 72
2026/07/29 17:44:47.381, 274.35, 100, 74232, 73
2026/07/29 17:44:48.424, 304.74, 100, 74232, 73
2026/07/29 17:44:49.459, 283.47, 100, 74232, 72
2026/07/29 17:44:50.494, 300.43, 100, 74232, 71
2026/07/29 17:44:51.532, 296.44, 100, 74232, 71
2026/07/29 17:44:52.570, 287.61, 100, 74232, 71
2026/07/29 17:44:53.607, 294.03, 100, 74232, 71
2026/07/29 17:44:54.644, 299.18, 100, 74232, 73
2026/07/29 17:44:55.680, 276.03, 100, 74232, 73
2026/07/29 17:44:56.716, 327.89, 100, 74232, 73
2026/07/29 17:44:57.751, 315.28, 100, 74232, 73
2026/07/29 17:44:58.788, 298.39, 100, 74232, 73
2026/07/29 17:44:59.827, 329.01, 100, 74232, 73
2026/07/29 17:45:00.862, 273.43, 100, 74232, 71
2026/07/29 17:45:01.903, 283.94, 100, 74232, 71
2026/07/29 17:45:02.943, 287.23, 100, 74232, 71
2026/07/29 17:45:03.983, 297.25, 100, 74232, 71
2026/07/29 17:45:05.022, 295.70, 100, 74232, 71
2026/07/29 17:45:06.060, 297.05, 100, 74232, 71
2026/07/29 17:45:07.098, 298.60, 100, 74232, 71
2026/07/29 17:45:08.135, 296.29, 100, 74232, 71
2026/07/29 17:45:09.169, 301.39, 95, 74232, 73
2026/07/29 17:45:10.204, 290.40, 100, 74232, 73
2026/07/29 17:45:11.240, 304.44, 100, 74232, 73
2026/07/29 17:45:12.275, 309.90, 100, 74232, 73
2026/07/29 17:45:13.316, 279.21, 100, 74232, 73
2026/07/29 17:45:14.352, 280.21, 100, 74232, 73
2026/07/29 17:45:15.388, 300.84, 100, 74232, 73
2026/07/29 17:45:16.427, 306.54, 100, 74232, 71
2026/07/29 17:45:17.464, 302.31, 100, 74232, 71
2026/07/29 17:45:18.502, 303.74, 100, 74232, 71
2026/07/29 17:45:19.538, 305.23, 100, 74232, 71
2026/07/29 17:45:20.577, 300.08, 100, 74232, 71
2026/07/29 17:45:21.614, 299.56, 100, 74232, 71
2026/07/29 17:45:22.652, 303.76, 100, 74232, 72
2026/07/29 17:45:23.690, 300.94, 100, 74232, 72
2026/07/29 17:45:24.727, 301.32, 100, 74232, 72
2026/07/29 17:45:25.765, 302.10, 100, 74232, 72
2026/07/29 17:45:26.802, 301.64, 100, 74232, 72
2026/07/29 17:45:27.841, 298.89, 100, 74232, 72
2026/07/29 17:45:28.878, 305.87, 100, 74232, 72
2026/07/29 17:45:29.915, 300.26, 100, 74232, 72
2026/07/29 17:45:30.953, 302.27, 100, 74232, 72
2026/07/29 17:45:31.990, 302.01, 100, 74232, 72
2026/07/29 17:45:33.030, 301.04, 100, 74232, 72
2026/07/29 17:45:34.067, 304.44, 100, 74232, 72
2026/07/29 17:45:35.105, 305.01, 100, 74232, 72
2026/07/29 17:45:36.142, 303.75, 100, 74232, 72
2026/07/29 17:45:37.179, 294.53, 100, 74232, 71
2026/07/29 17:45:38.217, 294.92, 100, 74232, 71
2026/07/29 17:45:39.254, 310.38, 100, 74232, 72
2026/07/29 17:45:40.292, 298.54, 100, 74232, 71
2026/07/29 17:45:41.330, 294.62, 100, 74232, 71
2026/07/29 17:45:42.367, 297.76, 100, 74232, 71
2026/07/29 17:45:43.405, 294.15, 100, 74232, 71
2026/07/29 17:45:44.442, 293.85, 100, 74232, 71
2026/07/29 17:45:45.483, 294.93, 100, 74232, 71
2026/07/29 17:45:46.522, 292.48, 100, 74232, 71
2026/07/29 17:45:47.559, 296.46, 100, 74232, 71
2026/07/29 17:45:48.598, 293.44, 100, 74232, 71
2026/07/29 17:45:49.635, 295.89, 100, 74232, 71
2026/07/29 17:45:50.674, 296.47, 100, 74232, 71
2026/07/29 17:45:51.711, 297.24, 100, 74232, 71
2026/07/29 17:45:52.749, 296.17, 100, 74232, 71
2026/07/29 17:45:53.787, 296.37, 100, 74232, 71
2026/07/29 17:45:54.825, 296.84, 100, 74232, 71
2026/07/29 17:45:55.863, 296.96, 100, 74232, 71
2026/07/29 17:45:56.904, 296.86, 100, 74232, 71
2026/07/29 17:45:57.941, 298.31, 100, 74232, 71
2026/07/29 17:45:58.979, 297.25, 100, 74232, 71
2026/07/29 17:46:00.017, 297.45, 100, 74232, 71
2026/07/29 17:46:01.055, 303.68, 100, 74232, 71
2026/07/29 17:46:02.092, 301.91, 100, 74232, 71
2026/07/29 17:46:03.129, 299.16, 100, 74232, 71
2026/07/29 17:46:04.167, 295.70, 100, 74232, 71
2026/07/29 17:46:05.204, 297.54, 100, 74232, 71
2026/07/29 17:46:06.245, 298.12, 100, 74232, 71
2026/07/29 17:46:07.283, 295.99, 100, 74232, 71
2026/07/29 17:46:08.320, 299.17, 100, 74232, 71
2026/07/29 17:46:09.358, 296.57, 100, 74232, 71
2026/07/29 17:46:10.395, 296.09, 100, 74232, 71
2026/07/29 17:46:11.433, 297.33, 100, 74232, 71
2026/07/29 17:46:12.471, 298.82, 100, 74232, 71
2026/07/29 17:46:13.509, 298.34, 100, 74232, 71
2026/07/29 17:46:14.545, 293.74, 100, 74232, 71
2026/07/29 17:46:15.584, 299.08, 100, 74232, 71
2026/07/29 17:46:16.621, 293.74, 100, 74232, 71
2026/07/29 17:46:17.661, 297.63, 100, 74232, 71
2026/07/29 17:46:18.698, 299.95, 100, 74232, 71
2026/07/29 17:46:19.736, 293.43, 100, 74232, 71
2026/07/29 17:46:20.772, 293.93, 100, 74232, 71
2026/07/29 17:46:21.811, 297.93, 100, 74232, 71
2026/07/29 17:46:22.851, 301.40, 100, 74232, 71
2026/07/29 17:46:23.889, 298.31, 100, 74232, 71
2026/07/29 17:46:24.928, 300.85, 100, 74232, 71
2026/07/29 17:46:25.967, 298.62, 100, 74232, 71
2026/07/29 17:46:27.004, 292.79, 100, 74232, 71
2026/07/29 17:46:28.041, 297.51, 100, 74232, 71
2026/07/29 17:46:29.078, 305.57, 100, 74232, 71
2026/07/29 17:46:30.116, 303.96, 100, 74232, 71
2026/07/29 17:46:31.153, 300.36, 100, 74232, 71
2026/07/29 17:46:32.192, 304.44, 100, 74232, 71
2026/07/29 17:46:33.229, 296.20, 100, 74232, 71
2026/07/29 17:46:34.268, 298.41, 100, 74232, 71
2026/07/29 17:46:35.306, 298.40, 100, 74232, 71
2026/07/29 17:46:36.344, 298.21, 100, 74232, 71
2026/07/29 17:46:37.380, 292.76, 100, 74232, 71
2026/07/29 17:46:38.417, 295.47, 100, 74232, 71
2026/07/29 17:46:39.456, 294.63, 100, 74232, 71
2026/07/29 17:46:40.493, 301.13, 100, 74232, 71
2026/07/29 17:46:41.537, 298.50, 100, 74232, 71
2026/07/29 17:46:42.575, 295.52, 100, 74232, 71
2026/07/29 17:46:43.613, 294.13, 100, 74232, 71
2026/07/29 17:46:44.650, 294.91, 100, 74232, 71
2026/07/29 17:46:45.688, 294.32, 100, 74232, 71
2026/07/29 17:46:46.725, 295.60, 100, 74232, 71
2026/07/29 17:46:47.764, 295.49, 100, 74232, 71
2026/07/29 17:46:48.802, 296.17, 100, 74232, 71
2026/07/29 17:46:49.840, 300.66, 100, 74232, 71
2026/07/29 17:46:50.877, 293.95, 100, 74232, 71
2026/07/29 17:46:51.916, 297.62, 100, 74232, 71
2026/07/29 17:46:52.955, 292.39, 100, 74232, 71
2026/07/29 17:46:53.992, 293.26, 100, 74232, 70
2026/07/29 17:46:55.032, 294.23, 100, 74232, 71
2026/07/29 17:46:56.068, 305.01, 100, 74232, 71
2026/07/29 17:46:57.106, 102.14, 100, 74232, 69
2026/07/29 17:46:58.142, 292.67, 100, 74232, 72
2026/07/29 17:46:59.176, 294.13, 100, 74232, 72
2026/07/29 17:47:00.211, 288.39, 100, 74232, 72
2026/07/29 17:47:01.246, 319.98, 100, 74232, 72
2026/07/29 17:47:02.282, 312.87, 100, 74232, 72
2026/07/29 17:47:03.318, 294.08, 100, 74232, 72
2026/07/29 17:47:04.356, 296.17, 100, 74232, 70
2026/07/29 17:47:05.394, 298.71, 100, 74232, 70
2026/07/29 17:47:06.433, 289.85, 100, 74232, 70
2026/07/29 17:47:07.472, 293.93, 100, 74232, 70
2026/07/29 17:47:08.510, 291.41, 100, 74232, 70
2026/07/29 17:47:09.547, 297.94, 100, 74232, 71
2026/07/29 17:47:10.585, 295.31, 100, 74232, 72
2026/07/29 17:47:11.619, 290.61, 100, 74232, 73
2026/07/29 17:47:12.655, 291.59, 100, 74232, 72
2026/07/29 17:47:13.691, 279.30, 100, 74232, 72
2026/07/29 17:47:14.728, 295.11, 100, 74232, 73
2026/07/29 17:47:15.762, 276.91, 100, 74232, 73
2026/07/29 17:47:16.798, 297.45, 100, 74232, 71
2026/07/29 17:47:17.837, 297.25, 100, 74232, 71
2026/07/29 17:47:18.876, 298.12, 100, 74232, 71
2026/07/29 17:47:19.916, 294.32, 100, 74232, 71
2026/07/29 17:47:20.954, 298.51, 100, 74232, 71
2026/07/29 17:47:21.990, 305.30, 100, 74232, 71
2026/07/29 17:47:23.030, 303.86, 100, 74232, 71
2026/07/29 17:47:24.068, 299.19, 100, 74232, 71
2026/07/29 17:47:25.105, 306.08, 100, 74232, 71
2026/07/29 17:47:26.143, 301.81, 100, 74232, 72
2026/07/29 17:47:27.182, 302.76, 100, 74232, 72
2026/07/29 17:47:28.220, 303.34, 100, 74232, 71
2026/07/29 17:47:29.257, 299.95, 100, 74232, 71
2026/07/29 17:47:30.296, 297.24, 100, 74232, 71
2026/07/29 17:47:31.334, 301.39, 100, 74232, 71
2026/07/29 17:47:32.372, 298.41, 100, 74232, 71
2026/07/29 17:47:33.410, 295.99, 100, 74232, 71
2026/07/29 17:47:34.447, 292.67, 100, 74232, 71
2026/07/29 17:47:35.484, 299.68, 100, 74232, 71
2026/07/29 17:47:36.522, 295.49, 100, 74232, 71
2026/07/29 17:47:37.560, 294.33, 100, 74232, 71
2026/07/29 17:47:38.597, 298.12, 100, 74232, 71
2026/07/29 17:47:39.636, 97.65, 0, 74232, 68
2026/07/29 17:47:40.669, 298.79, 100, 74232, 72
2026/07/29 17:47:41.705, 306.43, 100, 74232, 73
2026/07/29 17:47:42.740, 306.49, 100, 74232, 73
2026/07/29 17:47:43.777, 317.31, 100, 74232, 73
2026/07/29 17:47:44.818, 320.23, 100, 74232, 73
2026/07/29 17:47:45.854, 312.52, 100, 74232, 73
2026/07/29 17:47:46.890, 308.87, 100, 74232, 71
2026/07/29 17:47:47.929, 299.09, 100, 74232, 71
2026/07/29 17:47:48.967, 304.93, 100, 74232, 71
2026/07/29 17:47:50.004, 305.79, 100, 74232, 71
2026/07/29 17:47:51.040, 300.73, 100, 74232, 71
2026/07/29 17:47:52.078, 96.50, 0, 74232, 72
2026/07/29 17:47:53.119, 299.98, 100, 74232, 72
2026/07/29 17:47:54.154, 281.12, 100, 74232, 73
2026/07/29 17:47:55.195, 302.43, 100, 74232, 73
2026/07/29 17:47:56.229, 249.33, 100, 74232, 72
2026/07/29 17:47:57.264, 323.52, 100, 74232, 73
2026/07/29 17:47:58.299, 325.06, 100, 74232, 73
2026/07/29 17:47:59.341, 302.87, 100, 74232, 71
2026/07/29 17:48:00.379, 303.24, 100, 74232, 71
2026/07/29 17:48:01.416, 305.39, 100, 74232, 71
2026/07/29 17:48:02.455, 104.38, 45, 74232, 69
2026/07/29 17:48:03.491, 303.94, 100, 74232, 72
2026/07/29 17:48:04.528, 306.08, 100, 74232, 72
2026/07/29 17:48:05.565, 306.76, 100, 74232, 72
2026/07/29 17:48:06.602, 304.43, 100, 74232, 72
2026/07/29 17:48:07.639, 302.86, 100, 74232, 72
2026/07/29 17:48:08.677, 299.38, 100, 74232, 72
2026/07/29 17:48:09.715, 295.77, 100, 74232, 72
2026/07/29 17:48:10.754, 308.39, 100, 74232, 72
2026/07/29 17:48:11.791, 297.90, 100, 74232, 72
2026/07/29 17:48:12.829, 304.03, 100, 74232, 72
2026/07/29 17:48:13.866, 295.58, 100, 74232, 72
2026/07/29 17:48:14.908, 300.36, 100, 74232, 72
2026/07/29 17:48:15.946, 299.89, 100, 74232, 72
2026/07/29 17:48:16.984, 297.73, 100, 74232, 72
2026/07/29 17:48:18.021, 300.38, 100, 74232, 72
2026/07/29 17:48:19.059, 299.88, 100, 74232, 72
2026/07/29 17:48:20.098, 298.12, 100, 74232, 72
2026/07/29 17:48:21.135, 297.46, 100, 74232, 72
2026/07/29 17:48:22.173, 305.98, 100, 74232, 72
2026/07/29 17:48:23.209, 295.21, 100, 74232, 71
2026/07/29 17:48:24.248, 299.41, 100, 74232, 71
2026/07/29 17:48:25.287, 297.55, 100, 74232, 71
2026/07/29 17:48:26.325, 295.00, 100, 74232, 71
2026/07/29 17:48:27.364, 295.69, 100, 74232, 71
2026/07/29 17:48:28.402, 286.95, 100, 74232, 71
2026/07/29 17:48:29.443, 293.45, 100, 74232, 71
2026/07/29 17:48:30.479, 302.99, 100, 74232, 72
2026/07/29 17:48:31.524, 299.96, 100, 74232, 71
2026/07/29 17:48:32.561, 296.82, 100, 74232, 71
2026/07/29 17:48:33.598, 298.11, 100, 74232, 71
2026/07/29 17:48:34.637, 298.99, 100, 74232, 71
2026/07/29 17:48:35.675, 303.37, 100, 74232, 71
2026/07/29 17:48:36.713, 301.30, 100, 74232, 71
2026/07/29 17:48:37.751, 296.47, 100, 74232, 71
2026/07/29 17:48:38.789, 295.49, 100, 74232, 71
2026/07/29 17:48:39.827, 303.07, 100, 74232, 71
2026/07/29 17:48:40.864, 296.29, 100, 74232, 71
2026/07/29 17:48:41.903, 297.53, 100, 74232, 71
2026/07/29 17:48:42.941, 298.31, 100, 74232, 71
2026/07/29 17:48:43.979, 296.46, 100, 74232, 71
2026/07/29 17:48:45.017, 295.21, 100, 74232, 71
2026/07/29 17:48:46.054, 294.02, 100, 74232, 71
2026/07/29 17:48:47.092, 299.51, 100, 74232, 71
2026/07/29 17:48:48.130, 300.27, 100, 74232, 71
2026/07/29 17:48:49.167, 297.33, 100, 74232, 71
2026/07/29 17:48:50.205, 297.83, 100, 74232, 71
2026/07/29 17:48:51.242, 297.62, 100, 74232, 71
2026/07/29 17:48:52.279, 305.62, 100, 74232, 71
2026/07/29 17:48:53.316, 308.47, 100, 74232, 71
2026/07/29 17:48:54.354, 297.43, 100, 74232, 71
2026/07/29 17:48:55.391, 301.14, 100, 74232, 71
2026/07/29 17:48:56.436, 296.36, 100, 74232, 71
2026/07/29 17:48:57.476, 295.60, 100, 74232, 71
2026/07/29 17:48:58.513, 296.95, 100, 74232, 71
2026/07/29 17:48:59.553, 297.12, 100, 74232, 71
2026/07/29 17:49:00.590, 295.40, 100, 74232, 71
2026/07/29 17:49:01.627, 297.25, 100, 74232, 71
2026/07/29 17:49:02.664, 304.41, 100, 74232, 71
2026/07/29 17:49:03.702, 299.57, 100, 74232, 71
2026/07/29 17:49:04.741, 301.32, 100, 74232, 71
2026/07/29 17:49:05.779, 302.88, 100, 74232, 71
2026/07/29 17:49:06.817, 291.33, 100, 74232, 71
2026/07/29 17:49:07.857, 296.65, 100, 74232, 71
2026/07/29 17:49:08.897, 299.20, 100, 74232, 71
2026/07/29 17:49:09.935, 305.10, 100, 74232, 71
2026/07/29 17:49:10.974, 303.06, 100, 74232, 71
2026/07/29 17:49:12.012, 302.30, 100, 74232, 71
2026/07/29 17:49:13.050, 304.54, 100, 74232, 71
2026/07/29 17:49:14.088, 301.01, 100, 74232, 71
2026/07/29 17:49:15.125, 301.70, 100, 74232, 71
2026/07/29 17:49:16.163, 302.02, 100, 74232, 71
2026/07/29 17:49:17.199, 295.27, 100, 74232, 71
2026/07/29 17:49:18.237, 295.88, 100, 74232, 71
2026/07/29 17:49:19.276, 303.36, 100, 74232, 71
2026/07/29 17:49:20.313, 294.22, 100, 74232, 71
2026/07/29 17:49:21.351, 287.90, 100, 74232, 71
2026/07/29 17:49:22.389, 294.80, 100, 74232, 71
2026/07/29 17:49:23.428, 292.46, 100, 74232, 71
2026/07/29 17:49:24.466, 292.28, 100, 74232, 71
2026/07/29 17:49:25.504, 296.07, 100, 74232, 71
2026/07/29 17:49:26.540, 305.30, 100, 74232, 71
2026/07/29 17:49:27.579, 296.73, 100, 74232, 71
2026/07/29 17:49:28.616, 297.62, 100, 74232, 71
2026/07/29 17:49:29.655, 296.84, 100, 74232, 71
2026/07/29 17:49:30.693, 298.61, 100, 74232, 71
2026/07/29 17:49:31.730, 296.38, 100, 74232, 71
2026/07/29 17:49:32.768, 292.76, 100, 74232, 71
2026/07/29 17:49:33.806, 300.45, 100, 74232, 71
2026/07/29 17:49:34.844, 304.86, 100, 74232, 71
2026/07/29 17:49:35.882, 304.74, 100, 74232, 71
2026/07/29 17:49:36.925, 304.64, 100, 74232, 71
2026/07/29 17:49:37.963, 304.06, 100, 74232, 71
2026/07/29 17:49:39.001, 303.06, 100, 74232, 71
2026/07/29 17:49:40.041, 292.19, 100, 74232, 71
2026/07/29 17:49:41.081, 297.64, 100, 74232, 71
2026/07/29 17:49:42.123, 297.74, 100, 74232, 71
2026/07/29 17:49:43.163, 298.99, 100, 74232, 71
2026/07/29 17:49:44.202, 303.07, 100, 74232, 71
2026/07/29 17:49:45.243, 303.30, 100, 74232, 71
2026/07/29 17:49:46.282, 292.97, 100, 74232, 70
2026/07/29 17:49:47.319, 297.05, 100, 74232, 71
2026/07/29 17:49:48.358, 303.00, 100, 74232, 71
2026/07/29 17:49:49.395, 296.18, 100, 74232, 70
2026/07/29 17:49:50.434, 291.71, 79, 74232, 72
2026/07/29 17:49:51.469, 304.37, 100, 74232, 72
2026/07/29 17:49:52.505, 290.33, 100, 74232, 72
2026/07/29 17:49:53.541, 287.80, 100, 74232, 72
2026/07/29 17:49:54.576, 263.53, 100, 74232, 72
2026/07/29 17:49:55.615, 286.42, 100, 74232, 72
2026/07/29 17:49:56.650, 305.11, 100, 74232, 71
2026/07/29 17:49:57.688, 302.78, 100, 74232, 71
2026/07/29 17:49:58.725, 305.43, 100, 74232, 70
2026/07/29 17:49:59.763, 303.67, 100, 74232, 70
2026/07/29 17:50:00.801, 297.73, 100, 74232, 71
2026/07/29 17:50:01.839, 293.83, 100, 74232, 71
2026/07/29 17:50:02.886, 297.92, 100, 74232, 71
2026/07/29 17:50:03.926, 97.29, 0, 74232, 67
2026/07/29 17:50:04.965, 303.35, 100, 74232, 72
2026/07/29 17:50:06.001, 296.72, 100, 74232, 72
2026/07/29 17:50:07.039, 277.00, 100, 74232, 72
2026/07/29 17:50:08.075, 282.58, 100, 74232, 72
2026/07/29 17:50:09.109, 314.48, 100, 74232, 72
2026/07/29 17:50:10.154, 303.66, 100, 74232, 71
2026/07/29 17:50:11.191, 297.94, 100, 74232, 71
2026/07/29 17:50:12.229, 300.76, 100, 74232, 71
2026/07/29 17:50:13.268, 300.55, 100, 74232, 71
2026/07/29 17:50:14.306, 295.57, 100, 74232, 71
2026/07/29 17:50:15.344, 293.14, 84, 74232, 72
2026/07/29 17:50:16.380, 297.27, 100, 74232, 73
2026/07/29 17:50:17.415, 290.33, 100, 74232, 73
2026/07/29 17:50:18.459, 293.66, 100, 74232, 73
2026/07/29 17:50:19.494, 272.53, 100, 74232, 72
2026/07/29 17:50:20.533, 312.51, 100, 74232, 73
2026/07/29 17:50:21.568, 300.93, 100, 74232, 71
2026/07/29 17:50:22.605, 304.92, 100, 74232, 71
2026/07/29 17:50:23.644, 305.12, 100, 74232, 71
2026/07/29 17:50:24.682, 301.34, 100, 74232, 71
2026/07/29 17:50:25.722, 304.79, 100, 74232, 71
2026/07/29 17:50:26.760, 301.52, 100, 74232, 71
2026/07/29 17:50:27.798, 304.90, 100, 74232, 71
2026/07/29 17:50:28.836, 298.81, 100, 74232, 71
2026/07/29 17:50:29.874, 290.35, 100, 74232, 71
2026/07/29 17:50:30.914, 298.31, 100, 74232, 71
2026/07/29 17:50:31.951, 298.77, 100, 74232, 71
2026/07/29 17:50:32.988, 295.19, 100, 74232, 71
2026/07/29 17:50:34.026, 97.85, 0, 74232, 68
2026/07/29 17:50:35.062, 297.57, 100, 74232, 73
2026/07/29 17:50:36.097, 295.30, 100, 74232, 73
2026/07/29 17:50:37.134, 291.40, 100, 74232, 72
2026/07/29 17:50:38.171, 290.47, 100, 74232, 73
2026/07/29 17:50:39.207, 308.51, 100, 74232, 73
2026/07/29 17:50:40.242, 282.01, 100, 74232, 73
2026/07/29 17:50:41.277, 305.70, 100, 74232, 71
2026/07/29 17:50:42.315, 303.83, 100, 74232, 71
2026/07/29 17:50:43.352, 296.77, 100, 74232, 71
2026/07/29 17:50:44.390, 295.28, 100, 74232, 73
2026/07/29 17:50:45.426, 296.26, 100, 74232, 73
2026/07/29 17:50:46.463, 299.01, 100, 74232, 73
2026/07/29 17:50:47.498, 305.39, 100, 74232, 73
2026/07/29 17:50:48.533, 297.76, 100, 74232, 73
2026/07/29 17:50:49.574, 265.56, 100, 74232, 73
2026/07/29 17:50:50.610, 305.58, 100, 74232, 71
2026/07/29 17:50:51.649, 299.19, 100, 74232, 71
2026/07/29 17:50:52.687, 305.01, 100, 74232, 71
2026/07/29 17:50:53.725, 305.86, 100, 74232, 71
2026/07/29 17:50:54.762, 301.40, 100, 74232, 72
2026/07/29 17:50:55.801, 301.88, 100, 74232, 72
2026/07/29 17:50:56.838, 302.77, 100, 74232, 72
2026/07/29 17:50:57.874, 302.39, 100, 74232, 72
2026/07/29 17:50:58.912, 302.32, 100, 74232, 72
2026/07/29 17:50:59.951, 303.55, 100, 74232, 72
2026/07/29 17:51:00.987, 310.58, 100, 74232, 72
2026/07/29 17:51:02.026, 305.59, 100, 74232, 72
2026/07/29 17:51:03.064, 307.28, 100, 74232, 72
2026/07/29 17:51:04.103, 305.28, 100, 74232, 72
2026/07/29 17:51:05.141, 298.02, 100, 74232, 71
2026/07/29 17:51:06.183, 299.57, 100, 74232, 71
2026/07/29 17:51:07.222, 294.75, 100, 74232, 71
2026/07/29 17:51:08.260, 305.79, 100, 74232, 71
2026/07/29 17:51:09.297, 305.19, 100, 74232, 71
2026/07/29 17:51:10.336, 301.80, 100, 74232, 71
2026/07/29 17:51:11.373, 298.88, 100, 74232, 71
2026/07/29 17:51:12.412, 296.40, 100, 74232, 71
2026/07/29 17:51:13.449, 298.19, 100, 74232, 71
2026/07/29 17:51:14.486, 297.53, 100, 74232, 71
2026/07/29 17:51:15.524, 300.06, 100, 74232, 71
2026/07/29 17:51:16.562, 297.60, 100, 74232, 71
2026/07/29 17:51:17.600, 297.51, 100, 74232, 71
2026/07/29 17:51:18.641, 291.33, 100, 74232, 71
2026/07/29 17:51:19.680, 288.89, 100, 74232, 71
2026/07/29 17:51:20.719, 296.37, 100, 74232, 71
2026/07/29 17:51:21.756, 298.90, 100, 74232, 71
2026/07/29 17:51:22.793, 296.85, 100, 74232, 71
2026/07/29 17:51:23.831, 297.83, 100, 74232, 71
2026/07/29 17:51:24.869, 298.89, 100, 74232, 71
2026/07/29 17:51:25.909, 294.43, 100, 74232, 71
2026/07/29 17:51:26.947, 303.77, 100, 74232, 71
2026/07/29 17:51:27.986, 297.64, 100, 74232, 71
2026/07/29 17:51:29.023, 295.52, 100, 74232, 71
2026/07/29 17:51:30.063, 296.27, 100, 74232, 71
2026/07/29 17:51:31.101, 303.35, 100, 74232, 71
2026/07/29 17:51:32.142, 298.22, 100, 74232, 71
2026/07/29 17:51:33.179, 295.88, 100, 74232, 71
2026/07/29 17:51:34.218, 303.44, 100, 74232, 71
2026/07/29 17:51:35.255, 305.18, 100, 74232, 71
2026/07/29 17:51:36.292, 296.16, 100, 74232, 71
2026/07/29 17:51:37.330, 295.49, 100, 74232, 71
2026/07/29 17:51:38.368, 297.15, 100, 74232, 71
2026/07/29 17:51:39.409, 294.21, 100, 74232, 71
2026/07/29 17:51:40.447, 295.30, 100, 74232, 71
2026/07/29 17:51:41.492, 298.04, 100, 74232, 71
2026/07/29 17:51:42.530, 295.21, 100, 74232, 71
2026/07/29 17:51:43.568, 297.23, 100, 74232, 71
2026/07/29 17:51:44.607, 297.05, 100, 74232, 71
2026/07/29 17:51:45.645, 295.60, 100, 74232, 71
2026/07/29 17:51:46.683, 302.59, 100, 74232, 71
2026/07/29 17:51:47.720, 296.36, 100, 74232, 71
2026/07/29 17:51:48.758, 305.69, 100, 74232, 71
2026/07/29 17:51:49.796, 298.79, 100, 74232, 71
2026/07/29 17:51:50.834, 293.93, 100, 74232, 71
2026/07/29 17:51:51.872, 298.23, 100, 74232, 71
2026/07/29 17:51:52.910, 298.80, 100, 74232, 71
2026/07/29 17:51:53.948, 299.28, 100, 74232, 71
2026/07/29 17:51:54.985, 301.05, 100, 74232, 71
2026/07/29 17:51:56.023, 301.35, 100, 74232, 71
2026/07/29 17:51:57.060, 297.99, 100, 74232, 71
2026/07/29 17:51:58.101, 300.45, 100, 74232, 71
2026/07/29 17:51:59.140, 297.12, 100, 74232, 71
2026/07/29 17:52:00.178, 300.04, 100, 74232, 71
2026/07/29 17:52:01.216, 305.39, 100, 74232, 71
2026/07/29 17:52:02.253, 297.62, 100, 74232, 71
2026/07/29 17:52:03.290, 296.46, 100, 74232, 71
2026/07/29 17:52:04.328, 304.54, 100, 74232, 71
2026/07/29 17:52:05.366, 302.19, 100, 74232, 71
2026/07/29 17:52:06.403, 302.01, 100, 74232, 71
2026/07/29 17:52:07.441, 303.06, 100, 74232, 71
2026/07/29 17:52:08.478, 304.52, 100, 74232, 71
2026/07/29 17:52:09.521, 302.31, 100, 74232, 71
2026/07/29 17:52:10.559, 295.01, 100, 74232, 71
2026/07/29 17:52:11.598, 294.81, 100, 74232, 71
2026/07/29 17:52:12.636, 297.93, 100, 74232, 71
2026/07/29 17:52:13.673, 299.27, 100, 74232, 71
2026/07/29 17:52:14.709, 293.64, 100, 74232, 71
2026/07/29 17:52:15.747, 297.93, 100, 74232, 70
2026/07/29 17:52:16.785, 300.26, 100, 74232, 70
2026/07/29 17:52:17.823, 292.27, 100, 74232, 70
2026/07/29 17:52:18.860, 296.28, 100, 74232, 70
2026/07/29 17:52:19.898, 297.43, 100, 74232, 70
2026/07/29 17:52:20.939, 297.82, 100, 74232, 70
2026/07/29 17:52:21.977, 296.65, 100, 74232, 70
2026/07/29 17:52:23.016, 297.05, 100, 74232, 71
2026/07/29 17:52:24.057, 297.51, 100, 74232, 71
2026/07/29 17:52:25.095, 298.91, 100, 74232, 71
2026/07/29 17:52:26.133, 302.67, 100, 74232, 71
2026/07/29 17:52:27.171, 305.01, 100, 74232, 71
2026/07/29 17:52:28.208, 299.37, 100, 74232, 71
2026/07/29 17:52:29.246, 304.91, 100, 74232, 71
2026/07/29 17:52:30.284, 295.28, 100, 74232, 71
2026/07/29 17:52:31.323, 297.94, 100, 74232, 71
2026/07/29 17:52:32.361, 305.30, 100, 74232, 71
2026/07/29 17:52:33.400, 298.82, 100, 74232, 71
2026/07/29 17:52:34.440, 298.60, 100, 74232, 71
2026/07/29 17:52:35.477, 295.70, 100, 74232, 71
2026/07/29 17:52:36.515, 297.91, 100, 74232, 71
2026/07/29 17:52:37.551, 295.79, 100, 74232, 71
2026/07/29 17:52:38.593, 298.63, 100, 74232, 71
2026/07/29 17:52:39.633, 303.35, 100, 74232, 71
2026/07/29 17:52:40.670, 296.36, 100, 74232, 71
2026/07/29 17:52:41.708, 302.76, 100, 74232, 71
2026/07/29 17:52:42.746, 302.72, 100, 74232, 71
2026/07/29 17:52:43.784, 299.29, 100, 74232, 71
2026/07/29 17:52:44.821, 294.32, 100, 74232, 71
2026/07/29 17:52:45.861, 298.12, 100, 74232, 71
2026/07/29 17:52:46.899, 306.34, 100, 74232, 71
2026/07/29 17:52:47.943, 294.52, 100, 74232, 71
2026/07/29 17:52:48.984, 300.93, 100, 74232, 71
2026/07/29 17:52:50.022, 298.09, 100, 74232, 71
2026/07/29 17:52:51.061, 294.33, 100, 74232, 70
2026/07/29 17:52:52.098, 298.32, 100, 74232, 71
2026/07/29 17:52:53.135, 302.57, 100, 74232, 71
2026/07/29 17:52:54.173, 298.80, 100, 74232, 71
2026/07/29 17:52:55.210, 302.47, 100, 74232, 71
2026/07/29 17:52:56.247, 298.72, 100, 74232, 71
2026/07/29 17:52:57.284, 295.11, 100, 74232, 70
2026/07/29 17:52:58.324, 301.92, 100, 74232, 71
2026/07/29 17:52:59.361, 304.61, 100, 74232, 71
2026/07/29 17:53:00.402, 304.69, 100, 74232, 71
2026/07/29 17:53:01.439, 299.00, 100, 74232, 71
2026/07/29 17:53:02.480, 297.91, 100, 74232, 71
2026/07/29 17:53:03.517, 294.13, 100, 74232, 71
2026/07/29 17:53:04.554, 297.35, 100, 74232, 71
2026/07/29 17:53:05.596, 298.32, 100, 74232, 71
2026/07/29 17:53:06.633, 298.30, 100, 74232, 71
2026/07/29 17:53:07.671, 294.12, 100, 74232, 71
2026/07/29 17:53:08.709, 297.52, 100, 74232, 71
2026/07/29 17:53:09.746, 296.96, 100, 74232, 71
2026/07/29 17:53:10.784, 298.58, 100, 74232, 71
2026/07/29 17:53:11.821, 294.61, 100, 74232, 71
2026/07/29 17:53:12.858, 296.85, 100, 74232, 71
2026/07/29 17:53:13.896, 297.53, 100, 74232, 71
2026/07/29 17:53:14.934, 297.73, 100, 74232, 71
2026/07/29 17:53:15.971, 301.23, 100, 74232, 71
2026/07/29 17:53:17.009, 299.35, 100, 74232, 71
2026/07/29 17:53:18.047, 296.57, 100, 74232, 71
2026/07/29 17:53:19.092, 297.92, 100, 74232, 71
2026/07/29 17:53:20.131, 297.90, 100, 74232, 71
2026/07/29 17:53:21.169, 293.83, 100, 74232, 71
2026/07/29 17:53:22.207, 304.99, 100, 74232, 71
2026/07/29 17:53:23.245, 304.50, 100, 74232, 71
2026/07/29 17:53:24.283, 298.32, 100, 74232, 71
2026/07/29 17:53:25.325, 298.58, 100, 74232, 71
2026/07/29 17:53:26.362, 304.84, 100, 74232, 71
2026/07/29 17:53:27.399, 297.04, 100, 74232, 71
2026/07/29 17:53:28.437, 298.24, 100, 74232, 71
2026/07/29 17:53:29.479, 294.62, 100, 74232, 70
2026/07/29 17:53:30.517, 294.82, 100, 74232, 70
2026/07/29 17:53:31.555, 297.73, 100, 74232, 70
2026/07/29 17:53:32.595, 304.05, 100, 74232, 70
2026/07/29 17:53:33.632, 297.84, 100, 74232, 70
2026/07/29 17:53:34.672, 292.77, 100, 74232, 70
2026/07/29 17:53:35.711, 302.47, 100, 74232, 70
2026/07/29 17:53:36.748, 304.04, 100, 74232, 70
2026/07/29 17:53:37.785, 297.82, 100, 74232, 70
2026/07/29 17:53:38.822, 291.70, 100, 74232, 70
2026/07/29 17:53:39.859, 296.66, 100, 74232, 70
2026/07/29 17:53:40.900, 295.50, 100, 74232, 70
2026/07/29 17:53:41.937, 297.24, 100, 74232, 70
2026/07/29 17:53:42.974, 301.44, 100, 74232, 70
2026/07/29 17:53:44.012, 305.41, 100, 74232, 70
2026/07/29 17:53:45.050, 296.05, 100, 74232, 70
2026/07/29 17:53:46.087, 308.30, 100, 74232, 70
2026/07/29 17:53:47.124, 304.31, 100, 74232, 70
2026/07/29 17:53:48.161, 305.40, 100, 74232, 70
2026/07/29 17:53:49.198, 301.41, 100, 74232, 70
2026/07/29 17:53:50.236, 293.27, 100, 74232, 70
2026/07/29 17:53:51.275, 291.59, 100, 74232, 70
2026/07/29 17:53:52.313, 291.51, 100, 74232, 70
2026/07/29 17:53:53.350, 296.67, 100, 74232, 70
2026/07/29 17:53:54.387, 305.30, 100, 74232, 70
2026/07/29 17:53:55.425, 291.71, 100, 74232, 70
2026/07/29 17:53:56.462, 295.67, 100, 74232, 70
2026/07/29 17:53:57.501, 296.17, 100, 74232, 70
2026/07/29 17:53:58.538, 296.46, 100, 74232, 70
2026/07/29 17:53:59.578, 304.71, 100, 74232, 70
2026/07/29 17:54:00.616, 296.86, 100, 74232, 70
2026/07/29 17:54:01.653, 295.20, 100, 74232, 70
2026/07/29 17:54:02.691, 299.20, 100, 74232, 70
2026/07/29 17:54:03.729, 295.58, 100, 74232, 70
2026/07/29 17:54:04.767, 298.58, 100, 74232, 70
2026/07/29 17:54:05.805, 302.18, 100, 74232, 70
2026/07/29 17:54:06.844, 292.88, 100, 74232, 70
2026/07/29 17:54:07.881, 297.72, 100, 74232, 70
2026/07/29 17:54:08.922, 296.80, 100, 74232, 70
2026/07/29 17:54:09.961, 305.01, 100, 74232, 70
2026/07/29 17:54:10.999, 295.29, 100, 74232, 70
2026/07/29 17:54:12.038, 296.56, 100, 74232, 70
2026/07/29 17:54:13.075, 298.99, 100, 74232, 70
2026/07/29 17:54:14.113, 294.52, 100, 74232, 70
2026/07/29 17:54:15.150, 298.80, 100, 74232, 70
2026/07/29 17:54:16.190, 297.91, 100, 74232, 70
2026/07/29 17:54:17.229, 303.86, 100, 74232, 70
2026/07/29 17:54:18.267, 302.07, 100, 74232, 70
2026/07/29 17:54:19.304, 303.75, 100, 74232, 70
2026/07/29 17:54:20.342, 300.65, 100, 74232, 70
2026/07/29 17:54:21.380, 294.32, 100, 74232, 70
2026/07/29 17:54:22.417, 300.33, 100, 74232, 70
2026/07/29 17:54:23.457, 298.23, 100, 74232, 70
2026/07/29 17:54:24.494, 298.50, 100, 74232, 70
2026/07/29 17:54:25.537, 303.04, 100, 74232, 70
2026/07/29 17:54:26.575, 299.85, 100, 74232, 70
2026/07/29 17:54:27.612, 305.28, 100, 74232, 70
2026/07/29 17:54:28.650, 304.95, 100, 74232, 70
2026/07/29 17:54:29.688, 305.01, 100, 74232, 70
2026/07/29 17:54:30.725, 301.40, 100, 74232, 70
2026/07/29 17:54:31.761, 304.23, 100, 74232, 70
2026/07/29 17:54:32.799, 292.58, 73, 74232, 71
2026/07/29 17:54:33.837, 308.03, 100, 74232, 72
2026/07/29 17:54:34.873, 295.15, 100, 74232, 72
2026/07/29 17:54:35.909, 306.46, 100, 74232, 72
2026/07/29 17:54:36.945, 299.86, 100, 74232, 72
2026/07/29 17:54:37.985, 317.13, 100, 74232, 72
2026/07/29 17:54:39.021, 316.79, 100, 74232, 72
2026/07/29 17:54:40.056, 299.82, 100, 74232, 70
2026/07/29 17:54:41.097, 287.90, 100, 74232, 70
2026/07/29 17:54:42.136, 296.46, 100, 74232, 70
2026/07/29 17:54:43.175, 292.87, 100, 74232, 70
2026/07/29 17:54:44.213, 97.17, 20, 74232, 67
2026/07/29 17:54:45.247, 300.33, 100, 74232, 72
2026/07/29 17:54:46.282, 308.17, 100, 74232, 72
2026/07/29 17:54:47.317, 317.78, 100, 74232, 72
2026/07/29 17:54:48.352, 303.56, 100, 74232, 72
2026/07/29 17:54:49.386, 306.47, 100, 74232, 72
2026/07/29 17:54:50.419, 297.23, 100, 74232, 72
2026/07/29 17:54:51.458, 301.40, 100, 74232, 70
2026/07/29 17:54:52.496, 298.99, 100, 74232, 70
2026/07/29 17:54:53.532, 304.40, 100, 74232, 70
2026/07/29 17:54:54.570, 300.92, 100, 74232, 70
2026/07/29 17:54:55.607, 93.84, 47, 74232, 68
2026/07/29 17:54:56.641, 304.55, 100, 74232, 72
2026/07/29 17:54:57.675, 294.91, 100, 74232, 72
2026/07/29 17:54:58.711, 290.83, 100, 74232, 72
2026/07/29 17:54:59.752, 291.07, 100, 74232, 72
2026/07/29 17:55:00.788, 317.02, 100, 74232, 72
2026/07/29 17:55:01.824, 283.04, 100, 74232, 72
2026/07/29 17:55:02.864, 300.26, 100, 74232, 71
2026/07/29 17:55:03.902, 291.09, 100, 74232, 70
2026/07/29 17:55:04.943, 288.89, 100, 74232, 70
2026/07/29 17:55:05.981, 95.33, 100, 74232, 72
2026/07/29 17:55:07.017, 299.45, 100, 74232, 73
2026/07/29 17:55:08.052, 290.29, 100, 74232, 73
2026/07/29 17:55:09.087, 299.59, 100, 74232, 73
2026/07/29 17:55:10.122, 308.73, 100, 74232, 73
2026/07/29 17:55:11.157, 307.93, 100, 74232, 73
2026/07/29 17:55:12.192, 309.11, 100, 74232, 73
2026/07/29 17:55:13.229, 306.56, 100, 74232, 71
2026/07/29 17:55:14.267, 302.40, 100, 74232, 71
2026/07/29 17:55:15.305, 297.63, 100, 74232, 71
2026/07/29 17:55:16.342, 306.20, 100, 74232, 71
2026/07/29 17:55:17.380, 300.83, 100, 74232, 71
2026/07/29 17:55:18.417, 303.06, 100, 74232, 72
2026/07/29 17:55:19.455, 298.31, 100, 74232, 72
2026/07/29 17:55:20.492, 299.96, 100, 74232, 72
2026/07/29 17:55:21.529, 295.99, 100, 74232, 72
2026/07/29 17:55:22.566, 296.74, 100, 74232, 72
2026/07/29 17:55:23.604, 302.99, 100, 74232, 72
2026/07/29 17:55:24.642, 299.57, 100, 74232, 72
2026/07/29 17:55:25.680, 299.77, 100, 74232, 72
2026/07/29 17:55:26.716, 297.72, 100, 74232, 72
2026/07/29 17:55:27.754, 298.69, 100, 74232, 72
2026/07/29 17:55:28.791, 298.79, 100, 74232, 72
2026/07/29 17:55:29.829, 299.88, 100, 74232, 72
2026/07/29 17:55:30.865, 98.82, 0, 74232, 68
2026/07/29 17:55:31.900, 296.38, 100, 74232, 73
2026/07/29 17:55:32.935, 286.67, 100, 74232, 73
2026/07/29 17:55:33.972, 296.59, 100, 74232, 73
2026/07/29 17:55:35.008, 297.32, 100, 74232, 73
2026/07/29 17:55:36.044, 298.91, 100, 74232, 73
2026/07/29 17:55:37.083, 298.93, 100, 74232, 72
2026/07/29 17:55:38.119, 297.26, 100, 74232, 73
2026/07/29 17:55:39.156, 306.76, 100, 74232, 71
2026/07/29 17:55:40.193, 292.76, 100, 74232, 71
2026/07/29 17:55:41.230, 291.30, 100, 74232, 71
2026/07/29 17:55:42.270, 97.82, 62, 74232, 68
2026/07/29 17:55:43.303, 295.78, 100, 74232, 72
2026/07/29 17:55:44.340, 299.36, 100, 74232, 71
2026/07/29 17:55:45.378, 302.27, 100, 74232, 71
2026/07/29 17:55:46.416, 296.57, 100, 74232, 71
2026/07/29 17:55:47.456, 299.31, 100, 74232, 71
2026/07/29 17:55:48.496, 301.99, 100, 74232, 71
2026/07/29 17:55:49.534, 295.99, 100, 74232, 71
2026/07/29 17:55:50.574, 303.05, 100, 74232, 71
2026/07/29 17:55:51.612, 297.16, 100, 74232, 71
2026/07/29 17:55:52.650, 298.04, 100, 74232, 71
2026/07/29 17:55:53.688, 291.60, 100, 74232, 71
2026/07/29 17:55:54.726, 296.87, 100, 74232, 71
2026/07/29 17:55:55.765, 298.69, 100, 74232, 71
2026/07/29 17:55:56.806, 290.53, 100, 74232, 71
2026/07/29 17:55:57.844, 297.14, 100, 74232, 71
2026/07/29 17:55:58.884, 298.81, 100, 74232, 71
2026/07/29 17:55:59.921, 297.06, 100, 74232, 71
2026/07/29 17:56:00.959, 297.16, 100, 74232, 71
2026/07/29 17:56:01.997, 300.05, 100, 74232, 71
2026/07/29 17:56:03.034, 298.49, 100, 74232, 71
2026/07/29 17:56:04.073, 294.61, 100, 74232, 71
2026/07/29 17:56:05.110, 295.48, 100, 74232, 71
2026/07/29 17:56:06.147, 303.86, 100, 74232, 71
2026/07/29 17:56:07.187, 295.30, 100, 74232, 71
2026/07/29 17:56:08.225, 302.37, 100, 74232, 71
2026/07/29 17:56:09.263, 296.08, 100, 74232, 71
2026/07/29 17:56:10.302, 294.44, 100, 74232, 71
2026/07/29 17:56:11.339, 300.35, 100, 74232, 71
2026/07/29 17:56:12.378, 304.21, 100, 74232, 71
2026/07/29 17:56:13.415, 302.67, 100, 74232, 71
2026/07/29 17:56:14.454, 303.26, 100, 74232, 71
2026/07/29 17:56:15.491, 295.70, 100, 74232, 71
2026/07/29 17:56:16.529, 304.31, 100, 74232, 71
2026/07/29 17:56:17.568, 299.57, 100, 74232, 71
2026/07/29 17:56:18.606, 303.05, 100, 74232, 71
2026/07/29 17:56:19.644, 300.06, 100, 74232, 71
2026/07/29 17:56:20.681, 299.09, 100, 74232, 71
2026/07/29 17:56:21.721, 304.13, 100, 74232, 71
2026/07/29 17:56:22.759, 302.28, 100, 74232, 71
2026/07/29 17:56:23.797, 304.81, 100, 74232, 71
2026/07/29 17:56:24.834, 302.29, 100, 74232, 71
2026/07/29 17:56:25.873, 294.72, 100, 74232, 71
2026/07/29 17:56:26.911, 298.11, 100, 74232, 71
2026/07/29 17:56:27.948, 295.20, 100, 74232, 70
2026/07/29 17:56:28.985, 296.39, 100, 74232, 70
2026/07/29 17:56:30.023, 298.24, 100, 74232, 70
2026/07/29 17:56:31.065, 292.36, 100, 74232, 70
2026/07/29 17:56:32.104, 297.14, 100, 74232, 70
2026/07/29 17:56:33.141, 300.65, 100, 74232, 71
2026/07/29 17:56:34.178, 302.12, 100, 74232, 71
2026/07/29 17:56:35.215, 303.89, 100, 74232, 71
2026/07/29 17:56:36.255, 301.91, 100, 74232, 71
2026/07/29 17:56:37.293, 302.19, 100, 74232, 71
2026/07/29 17:56:38.336, 302.71, 100, 74232, 71
2026/07/29 17:56:39.375, 300.15, 100, 74232, 71
2026/07/29 17:56:40.412, 296.09, 100, 74232, 71
2026/07/29 17:56:41.450, 292.38, 100, 74232, 71
2026/07/29 17:56:42.488, 299.79, 100, 74232, 71
2026/07/29 17:56:43.527, 295.32, 100, 74232, 71
2026/07/29 17:56:44.566, 295.78, 100, 74232, 71
2026/07/29 17:56:45.603, 297.74, 100, 74232, 71
2026/07/29 17:56:46.642, 298.59, 100, 74232, 71
2026/07/29 17:56:47.680, 304.37, 100, 74232, 71
2026/07/29 17:56:48.722, 300.44, 100, 74232, 71
2026/07/29 17:56:49.760, 303.00, 100, 74232, 71
2026/07/29 17:56:50.797, 297.73, 100, 74232, 71
2026/07/29 17:56:51.834, 298.13, 100, 74232, 71
2026/07/29 17:56:52.872, 303.56, 100, 74232, 71
2026/07/29 17:56:53.909, 305.15, 100, 74232, 71
2026/07/29 17:56:54.946, 301.33, 100, 74232, 71
2026/07/29 17:56:55.984, 303.59, 100, 74232, 71
2026/07/29 17:56:57.027, 293.64, 100, 74232, 71
2026/07/29 17:56:58.065, 297.53, 100, 74232, 71
2026/07/29 17:56:59.103, 296.57, 100, 74232, 71
2026/07/29 17:57:00.144, 304.91, 100, 74232, 71
2026/07/29 17:57:01.182, 305.01, 100, 74232, 71
2026/07/29 17:57:02.220, 304.65, 100, 74232, 71
2026/07/29 17:57:03.260, 303.95, 100, 74232, 71
2026/07/29 17:57:04.298, 297.92, 100, 74232, 71
2026/07/29 17:57:05.340, 296.57, 100, 74232, 71
2026/07/29 17:57:06.378, 293.28, 100, 74232, 72
2026/07/29 17:57:07.413, 296.48, 100, 74232, 72
2026/07/29 17:57:08.452, 302.83, 100, 74232, 72
2026/07/29 17:57:09.494, 305.91, 100, 74232, 72
2026/07/29 17:57:10.529, 315.94, 100, 74232, 72
2026/07/29 17:57:11.566, 324.91, 100, 74232, 72
2026/07/29 17:57:12.604, 296.38, 100, 74232, 71
2026/07/29 17:57:13.642, 295.78, 100, 74232, 71
2026/07/29 17:57:14.681, 297.64, 100, 74232, 71
2026/07/29 17:57:15.720, 98.35, 35, 74232, 68
2026/07/29 17:57:16.753, 284.62, 100, 74232, 72
2026/07/29 17:57:17.788, 306.10, 100, 74232, 72
2026/07/29 17:57:18.824, 288.56, 100, 74232, 72
2026/07/29 17:57:19.862, 295.17, 100, 74232, 72
2026/07/29 17:57:20.897, 300.91, 100, 74232, 72
2026/07/29 17:57:21.936, 275.36, 100, 74232, 72
2026/07/29 17:57:22.978, 302.91, 100, 74232, 71
2026/07/29 17:57:24.019, 291.80, 100, 74232, 71
2026/07/29 17:57:25.057, 295.78, 100, 74232, 71
2026/07/29 17:57:26.101, 97.76, 0, 74232, 68
2026/07/29 17:57:27.134, 302.62, 100, 74232, 72
2026/07/29 17:57:28.172, 307.33, 100, 74232, 72
2026/07/29 17:57:29.207, 285.85, 100, 74232, 72
2026/07/29 17:57:30.243, 297.84, 100, 74232, 72
2026/07/29 17:57:31.279, 258.32, 100, 74232, 72
2026/07/29 17:57:32.317, 277.68, 100, 74232, 72
2026/07/29 17:57:33.352, 302.89, 100, 74232, 71
2026/07/29 17:57:34.389, 304.37, 100, 74232, 71
2026/07/29 17:57:35.427, 305.43, 100, 74232, 71
2026/07/29 17:57:36.466, 301.69, 100, 74232, 71
2026/07/29 17:57:37.503, 304.54, 100, 74232, 71
2026/07/29 17:57:38.541, 299.20, 100, 74232, 71
2026/07/29 17:57:39.578, 293.67, 100, 74232, 71
2026/07/29 17:57:40.616, 298.61, 100, 74232, 71
2026/07/29 17:57:41.654, 298.10, 100, 74232, 71
2026/07/29 17:57:42.691, 302.47, 100, 74232, 71
2026/07/29 17:57:43.731, 289.18, 100, 74232, 71
2026/07/29 17:57:44.770, 294.23, 100, 74232, 71
2026/07/29 17:57:45.811, 290.76, 100, 74232, 71
2026/07/29 17:57:46.848, 294.42, 100, 74232, 71
2026/07/29 17:57:47.890, 298.33, 100, 74232, 71
2026/07/29 17:57:48.928, 294.04, 100, 74232, 71
2026/07/29 17:57:49.966, 96.76, 0, 74232, 68
2026/07/29 17:57:51.000, 272.58, 100, 74232, 72
2026/07/29 17:57:52.036, 290.45, 100, 74232, 73
2026/07/29 17:57:53.077, 300.22, 100, 74232, 73
2026/07/29 17:57:54.112, 299.20, 100, 74232, 72
2026/07/29 17:57:55.147, 297.87, 100, 74232, 72
2026/07/29 17:57:56.182, 294.91, 100, 74232, 73
2026/07/29 17:57:57.218, 282.31, 100, 74232, 71
2026/07/29 17:57:58.255, 289.75, 100, 74232, 71
2026/07/29 17:57:59.293, 287.52, 100, 74232, 71
2026/07/29 17:58:00.331, 282.28, 100, 74232, 73
2026/07/29 17:58:01.368, 295.80, 100, 74232, 73
2026/07/29 17:58:02.403, 286.49, 100, 74232, 73
2026/07/29 17:58:03.437, 282.11, 100, 74232, 73
2026/07/29 17:58:04.472, 317.42, 100, 74232, 73
2026/07/29 17:58:05.509, 300.55, 100, 74232, 73
2026/07/29 17:58:06.549, 306.20, 100, 74232, 72
2026/07/29 17:58:07.586, 305.13, 100, 74232, 72
2026/07/29 17:58:08.623, 310.81, 100, 74232, 72
2026/07/29 17:58:09.662, 302.68, 100, 74232, 72
2026/07/29 17:58:10.699, 305.62, 100, 74232, 72
2026/07/29 17:58:11.736, 307.99, 100, 74232, 72
2026/07/29 17:58:12.773, 302.30, 100, 74232, 72
2026/07/29 17:58:13.812, 303.23, 100, 74232, 72
2026/07/29 17:58:14.849, 301.23, 100, 74232, 72
2026/07/29 17:58:15.888, 305.09, 100, 74232, 72
2026/07/29 17:58:16.926, 299.85, 100, 74232, 72
2026/07/29 17:58:17.964, 99.12, 0, 74232, 69
2026/07/29 17:58:18.997, 294.44, 100, 74232, 73
2026/07/29 17:58:20.033, 285.00, 100, 74232, 73
2026/07/29 17:58:21.071, 289.42, 100, 74232, 73
2026/07/29 17:58:22.107, 290.50, 100, 74232, 73
2026/07/29 17:58:23.144, 300.53, 100, 74232, 73
2026/07/29 17:58:24.181, 298.90, 100, 74232, 73
2026/07/29 17:58:25.216, 302.86, 100, 74232, 71
2026/07/29 17:58:26.252, 297.76, 100, 74232, 71
2026/07/29 17:58:27.292, 298.01, 100, 74232, 71
2026/07/29 17:58:28.330, 299.97, 85, 74232, 73
2026/07/29 17:58:29.372, 291.10, 100, 74232, 73
2026/07/29 17:58:30.408, 316.59, 100, 74232, 73
2026/07/29 17:58:31.444, 292.39, 100, 74232, 73
2026/07/29 17:58:32.480, 299.92, 100, 74232, 73
2026/07/29 17:58:33.521, 301.39, 100, 74232, 73
2026/07/29 17:58:34.555, 322.24, 100, 74232, 73
2026/07/29 17:58:35.592, 307.41, 100, 74232, 72
2026/07/29 17:58:36.633, 303.72, 100, 74232, 72
2026/07/29 17:58:37.672, 303.26, 100, 74232, 72
2026/07/29 17:58:38.711, 297.24, 100, 74232, 72
2026/07/29 17:58:39.750, 301.79, 100, 74232, 72
2026/07/29 17:58:40.787, 299.06, 100, 74232, 72
2026/07/29 17:58:41.825, 300.09, 100, 74232, 72
2026/07/29 17:58:42.862, 300.44, 100, 74232, 72
2026/07/29 17:58:43.898, 297.62, 100, 74232, 72
2026/07/29 17:58:44.939, 306.66, 100, 74232, 72
2026/07/29 17:58:45.977, 301.21, 100, 74232, 72
2026/07/29 17:58:47.015, 305.02, 100, 74232, 72
2026/07/29 17:58:48.053, 306.10, 100, 74232, 72
2026/07/29 17:58:49.089, 306.21, 100, 74232, 72
2026/07/29 17:58:50.126, 300.37, 100, 74232, 72
2026/07/29 17:58:51.163, 300.14, 100, 74232, 72
2026/07/29 17:58:52.200, 305.41, 100, 74232, 72
2026/07/29 17:58:53.237, 305.04, 100, 74232, 71
2026/07/29 17:58:54.274, 299.07, 100, 74232, 71
2026/07/29 17:58:55.313, 301.13, 100, 74232, 71
2026/07/29 17:58:56.352, 304.42, 100, 74232, 71
2026/07/29 17:58:57.389, 298.90, 100, 74232, 71
2026/07/29 17:58:58.427, 297.24, 100, 74232, 71
2026/07/29 17:58:59.467, 300.05, 100, 74232, 71
2026/07/29 17:59:00.503, 299.01, 100, 74232, 71
2026/07/29 17:59:01.539, 298.52, 100, 74232, 71
2026/07/29 17:59:02.579, 290.35, 100, 74232, 71
2026/07/29 17:59:03.615, 287.92, 100, 74232, 71
2026/07/29 17:59:04.653, 298.82, 100, 74232, 71
2026/07/29 17:59:05.689, 296.46, 100, 74232, 71
2026/07/29 17:59:06.726, 294.50, 100, 74232, 71
2026/07/29 17:59:07.762, 297.81, 100, 74232, 71
2026/07/29 17:59:08.798, 300.28, 100, 74232, 71
2026/07/29 17:59:09.833, 298.52, 100, 74232, 71
2026/07/29 17:59:10.869, 296.55, 100, 74232, 71
2026/07/29 17:59:11.908, 297.73, 100, 74232, 71
2026/07/29 17:59:12.947, 295.06, 100, 74232, 71
2026/07/29 17:59:13.983, 301.73, 100, 74232, 71
2026/07/29 17:59:15.019, 304.02, 100, 74232, 71
2026/07/29 17:59:16.060, 297.73, 100, 74232, 71
2026/07/29 17:59:17.097, 305.51, 100, 74232, 71
2026/07/29 17:59:18.133, 289.87, 100, 74232, 71
2026/07/29 17:59:19.171, 297.63, 100, 74232, 71
2026/07/29 17:59:20.208, 296.44, 100, 74232, 71
2026/07/29 17:59:21.245, 298.40, 100, 74232, 71
2026/07/29 17:59:22.282, 293.74, 100, 74232, 71
2026/07/29 17:59:23.319, 299.66, 100, 74232, 71
2026/07/29 17:59:24.355, 304.26, 100, 74232, 71
2026/07/29 17:59:25.391, 305.21, 100, 74232, 71
2026/07/29 17:59:26.427, 294.13, 100, 74232, 71
2026/07/29 17:59:27.463, 300.75, 100, 74232, 71
2026/07/29 17:59:28.499, 304.23, 100, 74232, 71
2026/07/29 17:59:29.538, 305.88, 100, 74232, 71
2026/07/29 17:59:30.574, 305.39, 100, 74232, 71
2026/07/29 17:59:31.611, 301.52, 100, 74232, 71
2026/07/29 17:59:32.648, 302.78, 100, 74232, 71
2026/07/29 17:59:33.684, 301.42, 100, 74232, 71
2026/07/29 17:59:34.724, 306.01, 100, 74232, 71
2026/07/29 17:59:35.761, 301.52, 100, 74232, 71
2026/07/29 17:59:36.801, 303.54, 100, 74232, 71
2026/07/29 17:59:37.839, 296.75, 100, 74232, 70
2026/07/29 17:59:38.875, 298.88, 100, 74232, 70
2026/07/29 17:59:39.911, 295.47, 100, 74232, 70
2026/07/29 17:59:40.951, 294.79, 100, 74232, 70
2026/07/29 17:59:41.990, 300.44, 100, 74232, 70
2026/07/29 17:59:43.030, 298.61, 100, 74232, 70
2026/07/29 17:59:44.067, 297.91, 100, 74232, 70
2026/07/29 17:59:45.105, 292.78, 100, 74232, 70
2026/07/29 17:59:46.141, 296.95, 100, 74232, 70
2026/07/29 17:59:47.177, 303.85, 100, 74232, 70
2026/07/29 17:59:48.213, 301.05, 100, 74232, 70
2026/07/29 17:59:49.249, 301.46, 100, 74232, 70
2026/07/29 17:59:50.285, 292.48, 100, 74232, 70
2026/07/29 17:59:51.322, 300.64, 100, 74232, 70
2026/07/29 17:59:52.358, 301.73, 100, 74232, 70
2026/07/29 17:59:53.393, 297.93, 100, 74232, 70
2026/07/29 17:59:54.430, 301.02, 100, 74232, 70
2026/07/29 17:59:55.467, 304.05, 100, 74232, 70
2026/07/29 17:59:56.506, 301.23, 100, 74232, 71
2026/07/29 17:59:57.543, 304.99, 100, 74232, 71
2026/07/29 17:59:58.583, 307.65, 100, 74232, 71
2026/07/29 17:59:59.618, 296.27, 100, 74232, 70
2026/07/29 18:00:00.658, 296.36, 100, 74232, 70
2026/07/29 18:00:01.695, 294.52, 100, 74232, 70
2026/07/29 18:00:02.732, 290.72, 100, 74232, 70
2026/07/29 18:00:03.770, 298.00, 100, 74232, 71
2026/07/29 18:00:04.807, 295.19, 100, 74232, 71
2026/07/29 18:00:05.844, 297.25, 100, 74232, 71
2026/07/29 18:00:06.880, 297.55, 100, 74232, 71
2026/07/29 18:00:07.920, 296.56, 100, 74232, 71
2026/07/29 18:00:08.957, 304.33, 100, 74232, 71
2026/07/29 18:00:09.996, 300.81, 100, 74232, 71
2026/07/29 18:00:11.032, 296.66, 100, 74232, 71
2026/07/29 18:00:12.071, 303.42, 100, 74232, 71
2026/07/29 18:00:13.108, 305.76, 100, 74232, 71
2026/07/29 18:00:14.145, 306.18, 100, 74232, 71
2026/07/29 18:00:15.182, 303.85, 100, 74232, 71
2026/07/29 18:00:16.221, 291.02, 100, 74232, 71
2026/07/29 18:00:17.258, 297.43, 100, 74232, 71
2026/07/29 18:00:18.295, 296.77, 100, 74232, 71
2026/07/29 18:00:19.331, 304.04, 100, 74232, 71
2026/07/29 18:00:20.371, 292.89, 100, 74232, 71
2026/07/29 18:00:21.408, 300.63, 100, 74232, 71
2026/07/29 18:00:22.445, 299.98, 100, 74232, 71
2026/07/29 18:00:23.481, 298.79, 100, 74232, 70
2026/07/29 18:00:24.519, 293.85, 100, 74232, 71
2026/07/29 18:00:25.556, 298.90, 100, 74232, 70
2026/07/29 18:00:26.592, 295.79, 100, 74232, 70
2026/07/29 18:00:27.629, 297.52, 100, 74232, 70
2026/07/29 18:00:28.665, 297.52, 100, 74232, 70
2026/07/29 18:00:29.702, 305.87, 100, 74232, 70
2026/07/29 18:00:30.738, 298.90, 100, 74232, 70
2026/07/29 18:00:31.775, 303.16, 100, 74232, 70
2026/07/29 18:00:32.817, 299.09, 100, 74232, 70
2026/07/29 18:00:33.853, 299.08, 100, 74232, 70
2026/07/29 18:00:34.890, 291.11, 100, 74232, 70
2026/07/29 18:00:35.929, 289.65, 100, 74232, 70
2026/07/29 18:00:36.966, 296.77, 100, 74232, 70
2026/07/29 18:00:38.003, 294.54, 100, 74232, 70
2026/07/29 18:00:39.040, 303.44, 100, 74232, 70
2026/07/29 18:00:40.077, 292.00, 100, 74232, 70
2026/07/29 18:00:41.116, 299.00, 100, 74232, 70
2026/07/29 18:00:42.154, 302.57, 100, 74232, 70
2026/07/29 18:00:43.191, 298.99, 100, 74232, 70
2026/07/29 18:00:44.229, 305.03, 100, 74232, 70
2026/07/29 18:00:45.266, 298.50, 100, 74232, 70
2026/07/29 18:00:46.307, 293.07, 100, 74232, 70
2026/07/29 18:00:47.345, 296.26, 100, 74232, 70
2026/07/29 18:00:48.383, 296.85, 100, 74232, 70
2026/07/29 18:00:49.421, 296.85, 100, 74232, 70
2026/07/29 18:00:50.458, 298.02, 100, 74232, 70
2026/07/29 18:00:51.495, 297.75, 100, 74232, 70
2026/07/29 18:00:52.533, 298.21, 100, 74232, 70
2026/07/29 18:00:53.571, 296.18, 100, 74232, 70
2026/07/29 18:00:54.608, 296.94, 100, 74232, 70
2026/07/29 18:00:55.646, 295.77, 100, 74232, 70
2026/07/29 18:00:56.683, 301.40, 100, 74232, 70
2026/07/29 18:00:57.725, 94.70, 0, 74232, 67
2026/07/29 18:00:58.759, 306.03, 100, 74232, 72
2026/07/29 18:00:59.797, 306.97, 100, 74232, 72
2026/07/29 18:01:00.830, 306.32, 100, 74232, 72
2026/07/29 18:01:01.863, 307.70, 100, 74232, 72
2026/07/29 18:01:02.898, 276.71, 100, 74232, 71
2026/07/29 18:01:03.934, 303.09, 100, 74232, 72
2026/07/29 18:01:04.974, 304.72, 100, 74232, 70
2026/07/29 18:01:06.012, 289.83, 100, 74232, 70
2026/07/29 18:01:07.048, 292.96, 100, 74232, 70
2026/07/29 18:01:08.087, 287.62, 100, 74232, 70
2026/07/29 18:01:09.130, 289.94, 100, 74232, 70
2026/07/29 18:01:10.171, 296.63, 6, 74232, 71
2026/07/29 18:01:11.207, 294.79, 100, 74232, 72
2026/07/29 18:01:12.243, 284.18, 100, 74232, 72
2026/07/29 18:01:13.279, 303.35, 100, 74232, 72
2026/07/29 18:01:14.317, 300.05, 100, 74232, 72
2026/07/29 18:01:15.352, 301.56, 100, 74232, 72
2026/07/29 18:01:16.386, 314.39, 100, 74232, 72
2026/07/29 18:01:17.426, 304.79, 100, 74232, 70
2026/07/29 18:01:18.464, 301.63, 100, 74232, 70
2026/07/29 18:01:19.501, 303.46, 100, 74232, 70
2026/07/29 18:01:20.539, 304.35, 100, 74232, 70
2026/07/29 18:01:21.576, 305.08, 100, 74232, 71
2026/07/29 18:01:22.613, 309.58, 100, 74232, 71
2026/07/29 18:01:23.651, 299.95, 100, 74232, 71
2026/07/29 18:01:24.689, 304.07, 100, 74232, 71
2026/07/29 18:01:25.726, 297.55, 100, 74232, 71
2026/07/29 18:01:26.766, 293.83, 100, 74232, 71
2026/07/29 18:01:27.804, 303.96, 100, 74232, 71
2026/07/29 18:01:28.843, 302.03, 100, 74232, 71
2026/07/29 18:01:29.881, 306.40, 100, 74232, 71
2026/07/29 18:01:30.919, 298.21, 100, 74232, 71
2026/07/29 18:01:31.958, 291.12, 100, 74232, 71
2026/07/29 18:01:32.994, 304.66, 100, 74232, 71
2026/07/29 18:01:34.033, 304.31, 100, 74232, 71
2026/07/29 18:01:35.070, 304.81, 100, 74232, 71
2026/07/29 18:01:36.106, 294.23, 100, 74232, 71
2026/07/29 18:01:37.143, 300.72, 100, 74232, 71
2026/07/29 18:01:38.180, 303.35, 100, 74232, 71
2026/07/29 18:01:39.216, 303.82, 100, 74232, 71
2026/07/29 18:01:40.252, 301.31, 100, 74232, 71
2026/07/29 18:01:41.289, 305.10, 100, 74232, 71
2026/07/29 18:01:42.335, 304.80, 100, 74232, 71
2026/07/29 18:01:43.378, 304.80, 100, 74232, 71
2026/07/29 18:01:44.416, 305.91, 100, 74232, 71
2026/07/29 18:01:45.453, 302.31, 100, 74232, 71
2026/07/29 18:01:46.491, 304.52, 100, 74232, 71
2026/07/29 18:01:47.529, 298.91, 100, 74232, 71
2026/07/29 18:01:48.567, 298.99, 100, 74232, 71
2026/07/29 18:01:49.604, 295.10, 100, 74232, 71
2026/07/29 18:01:50.642, 296.26, 100, 74232, 71
2026/07/29 18:01:51.679, 296.85, 100, 74232, 71
2026/07/29 18:01:52.721, 295.12, 100, 74232, 71
2026/07/29 18:01:53.758, 295.89, 100, 74232, 71
2026/07/29 18:01:54.796, 293.26, 100, 74232, 71
2026/07/29 18:01:55.832, 296.87, 100, 74232, 71
2026/07/29 18:01:56.870, 293.86, 100, 74232, 71
2026/07/29 18:01:57.908, 297.93, 100, 74232, 71
2026/07/29 18:01:58.947, 293.84, 100, 74232, 71
2026/07/29 18:01:59.985, 297.15, 100, 74232, 71
2026/07/29 18:02:01.023, 295.98, 100, 74232, 71
2026/07/29 18:02:02.062, 297.83, 100, 74232, 71
2026/07/29 18:02:03.100, 293.63, 100, 74232, 70
2026/07/29 18:02:04.137, 294.69, 100, 74232, 70
2026/07/29 18:02:05.176, 296.56, 100, 74232, 70
2026/07/29 18:02:06.213, 298.13, 100, 74232, 70
2026/07/29 18:02:07.252, 293.95, 100, 74232, 70
2026/07/29 18:02:08.289, 300.87, 100, 74232, 70
2026/07/29 18:02:09.328, 299.57, 100, 74232, 70
2026/07/29 18:02:10.366, 297.62, 100, 74232, 71
2026/07/29 18:02:11.408, 298.12, 100, 74232, 70
2026/07/29 18:02:12.446, 298.70, 100, 74232, 71
2026/07/29 18:02:13.483, 301.01, 100, 74232, 70
2026/07/29 18:02:14.520, 303.35, 100, 74232, 70
2026/07/29 18:02:15.556, 304.94, 100, 74232, 70
2026/07/29 18:02:16.594, 300.63, 100, 74232, 71
2026/07/29 18:02:17.635, 294.90, 100, 74232, 70
2026/07/29 18:02:18.672, 297.81, 100, 74232, 70
2026/07/29 18:02:19.710, 299.76, 100, 74232, 70
2026/07/29 18:02:20.748, 295.90, 100, 74232, 70
2026/07/29 18:02:21.790, 295.79, 100, 74232, 70
2026/07/29 18:02:22.829, 298.09, 100, 74232, 70
2026/07/29 18:02:23.866, 292.20, 100, 74232, 70
2026/07/29 18:02:24.904, 293.05, 100, 74232, 70
2026/07/29 18:02:25.941, 293.65, 100, 74232, 70
2026/07/29 18:02:26.980, 297.72, 100, 74232, 70
2026/07/29 18:02:28.016, 297.82, 100, 74232, 70
2026/07/29 18:02:29.054, 298.83, 100, 74232, 70
2026/07/29 18:02:30.091, 296.55, 100, 74232, 70
2026/07/29 18:02:31.129, 298.32, 100, 74232, 70
2026/07/29 18:02:32.166, 297.83, 100, 74232, 70
2026/07/29 18:02:33.203, 297.64, 100, 74232, 70
2026/07/29 18:02:34.242, 295.97, 100, 74232, 70
2026/07/29 18:02:35.279, 296.06, 100, 74232, 70
2026/07/29 18:02:36.317, 297.45, 100, 74232, 70
2026/07/29 18:02:37.355, 304.73, 100, 74232, 70
2026/07/29 18:02:38.392, 298.62, 100, 74232, 70
2026/07/29 18:02:39.430, 295.88, 100, 74232, 71
2026/07/29 18:02:40.468, 298.02, 100, 74232, 71
2026/07/29 18:02:41.507, 297.15, 100, 74232, 71
2026/07/29 18:02:42.545, 298.61, 100, 74232, 71
2026/07/29 18:02:43.580, 293.75, 100, 74232, 71
2026/07/29 18:02:44.616, 296.55, 100, 74232, 71
2026/07/29 18:02:45.654, 296.67, 100, 74232, 71
2026/07/29 18:02:46.692, 297.92, 100, 74232, 71
2026/07/29 18:02:47.732, 289.08, 100, 74232, 70
2026/07/29 18:02:48.770, 298.81, 100, 74232, 70
2026/07/29 18:02:49.807, 301.49, 100, 74232, 71
2026/07/29 18:02:50.846, 303.19, 100, 74232, 71
2026/07/29 18:02:51.884, 304.85, 100, 74232, 70
2026/07/29 18:02:52.923, 302.91, 100, 74232, 70
2026/07/29 18:02:53.963, 302.17, 100, 74232, 70
2026/07/29 18:02:55.004, 296.57, 100, 74232, 70
2026/07/29 18:02:56.040, 297.64, 100, 74232, 70
2026/07/29 18:02:57.079, 298.52, 100, 74232, 70
2026/07/29 18:02:58.117, 298.00, 100, 74232, 70
2026/07/29 18:02:59.154, 299.02, 100, 74232, 70
2026/07/29 18:03:00.192, 295.49, 100, 74232, 70
2026/07/29 18:03:01.230, 297.06, 100, 74232, 70
2026/07/29 18:03:02.271, 297.04, 100, 74232, 70
2026/07/29 18:03:03.308, 298.22, 100, 74232, 70
2026/07/29 18:03:04.346, 293.45, 100, 74232, 70
2026/07/29 18:03:05.384, 301.02, 100, 74232, 71
2026/07/29 18:03:06.422, 300.83, 100, 74232, 71
2026/07/29 18:03:07.459, 296.85, 100, 74232, 71
2026/07/29 18:03:08.496, 303.84, 100, 74232, 71
2026/07/29 18:03:09.540, 304.71, 100, 74232, 71
2026/07/29 18:03:10.578, 299.10, 100, 74232, 71
2026/07/29 18:03:11.615, 298.02, 100, 74232, 71
2026/07/29 18:03:12.653, 297.43, 100, 74232, 71
2026/07/29 18:03:13.691, 303.35, 100, 74232, 71
2026/07/29 18:03:14.730, 299.77, 100, 74232, 71
2026/07/29 18:03:15.767, 303.83, 100, 74232, 71
2026/07/29 18:03:16.807, 302.12, 100, 74232, 71
2026/07/29 18:03:17.844, 294.52, 100, 74232, 71
2026/07/29 18:03:18.881, 301.73, 100, 74232, 71
2026/07/29 18:03:19.919, 295.98, 100, 74232, 71
2026/07/29 18:03:20.958, 299.19, 100, 74232, 71
2026/07/29 18:03:21.996, 293.93, 100, 74232, 71
2026/07/29 18:03:23.033, 299.00, 100, 74232, 71
2026/07/29 18:03:24.071, 295.19, 100, 74232, 71
2026/07/29 18:03:25.109, 303.94, 100, 74232, 71
2026/07/29 18:03:26.147, 299.95, 100, 74232, 71
2026/07/29 18:03:27.194, 305.39, 100, 74232, 71
2026/07/29 18:03:28.232, 299.18, 100, 74232, 71
2026/07/29 18:03:29.269, 305.91, 100, 74232, 71
2026/07/29 18:03:30.308, 301.83, 100, 74232, 71
2026/07/29 18:03:31.345, 296.84, 100, 74232, 71
2026/07/29 18:03:32.384, 299.27, 100, 74232, 71
2026/07/29 18:03:33.422, 298.32, 100, 74232, 71
2026/07/29 18:03:34.459, 294.82, 100, 74232, 71
2026/07/29 18:03:35.497, 287.89, 100, 74232, 70
2026/07/29 18:03:36.536, 285.57, 100, 74232, 70
2026/07/29 18:03:37.573, 290.14, 100, 74232, 70
2026/07/29 18:03:38.612, 296.37, 100, 74232, 70
2026/07/29 18:03:39.650, 295.01, 100, 74232, 70
2026/07/29 18:03:40.692, 297.72, 100, 74232, 70
2026/07/29 18:03:41.729, 298.52, 100, 74232, 70
2026/07/29 18:03:42.765, 293.55, 100, 74232, 71
2026/07/29 18:03:43.803, 295.59, 100, 74232, 70
2026/07/29 18:03:44.840, 302.20, 100, 74232, 71
2026/07/29 18:03:45.878, 299.87, 100, 74232, 70
2026/07/29 18:03:46.915, 305.03, 100, 74232, 71
2026/07/29 18:03:47.955, 304.56, 100, 74232, 71
2026/07/29 18:03:48.992, 303.65, 100, 74232, 70
2026/07/29 18:03:50.030, 304.10, 100, 74232, 71
2026/07/29 18:03:51.068, 305.49, 100, 74232, 70
2026/07/29 18:03:52.106, 292.10, 100, 74232, 70
2026/07/29 18:03:53.144, 296.76, 100, 74232, 70
2026/07/29 18:03:54.181, 303.58, 100, 74232, 70
2026/07/29 18:03:55.218, 304.32, 100, 74232, 70
2026/07/29 18:03:56.255, 305.72, 100, 74232, 70
2026/07/29 18:03:57.293, 290.46, 100, 74232, 70
2026/07/29 18:03:58.330, 297.72, 100, 74232, 70
2026/07/29 18:03:59.367, 299.50, 100, 74232, 70
2026/07/29 18:04:00.404, 296.16, 100, 74232, 70
2026/07/29 18:04:01.442, 297.45, 100, 74232, 70
2026/07/29 18:04:02.481, 298.23, 100, 74232, 70
2026/07/29 18:04:03.519, 305.24, 100, 74232, 70
2026/07/29 18:04:04.556, 302.09, 100, 74232, 70
2026/07/29 18:04:05.594, 293.75, 100, 74232, 70
2026/07/29 18:04:06.631, 300.20, 100, 74232, 72
2026/07/29 18:04:07.667, 303.86, 100, 74232, 70
2026/07/29 18:04:08.705, 301.32, 100, 74232, 70
2026/07/29 18:04:09.744, 301.69, 100, 74232, 70
2026/07/29 18:04:10.782, 296.86, 100, 74232, 70
2026/07/29 18:04:11.820, 297.15, 100, 74232, 70
2026/07/29 18:04:12.858, 296.97, 100, 74232, 70
2026/07/29 18:04:13.898, 298.87, 100, 74232, 70
2026/07/29 18:04:14.936, 302.99, 100, 74232, 70
2026/07/29 18:04:15.975, 298.68, 100, 74232, 70
2026/07/29 18:04:17.014, 294.20, 100, 74232, 70
2026/07/29 18:04:18.051, 295.50, 100, 74232, 70
2026/07/29 18:04:19.090, 293.06, 100, 74232, 70
2026/07/29 18:04:20.127, 294.25, 100, 74232, 70
2026/07/29 18:04:21.166, 294.61, 100, 74232, 70
2026/07/29 18:04:22.203, 299.16, 100, 74232, 70
2026/07/29 18:04:23.239, 302.76, 100, 74232, 70
2026/07/29 18:04:24.278, 303.09, 100, 74232, 70
2026/07/29 18:04:25.315, 294.83, 100, 74232, 70
2026/07/29 18:04:26.353, 303.88, 100, 74232, 70
2026/07/29 18:04:27.392, 293.86, 100, 74232, 70
2026/07/29 18:04:28.433, 296.37, 100, 74232, 70
2026/07/29 18:04:29.470, 298.98, 100, 74232, 70
2026/07/29 18:04:30.515, 299.09, 100, 74232, 70
2026/07/29 18:04:31.560, 296.97, 100, 74232, 70
2026/07/29 18:04:32.599, 297.90, 100, 74232, 70
2026/07/29 18:04:33.641, 301.64, 100, 74232, 70
2026/07/29 18:04:34.678, 295.50, 100, 74232, 70
2026/07/29 18:04:35.714, 291.69, 100, 74232, 70
2026/07/29 18:04:36.752, 296.76, 100, 74232, 70
2026/07/29 18:04:37.790, 297.15, 100, 74232, 70
2026/07/29 18:04:38.829, 296.57, 100, 74232, 70
2026/07/29 18:04:39.867, 298.42, 100, 74232, 70
2026/07/29 18:04:40.904, 297.93, 100, 74232, 70
2026/07/29 18:04:41.941, 296.15, 100, 74232, 70
2026/07/29 18:04:42.978, 299.09, 100, 74232, 70
2026/07/29 18:04:44.016, 302.86, 100, 74232, 70
2026/07/29 18:04:45.055, 289.85, 100, 74232, 70
2026/07/29 18:04:46.092, 294.69, 100, 74232, 70
2026/07/29 18:04:47.131, 295.87, 100, 74232, 70
2026/07/29 18:04:48.168, 301.88, 100, 74232, 70
2026/07/29 18:04:49.209, 300.35, 100, 74232, 70
2026/07/29 18:04:50.247, 302.00, 100, 74232, 70
2026/07/29 18:04:51.285, 301.12, 100, 74232, 70
2026/07/29 18:04:52.324, 299.77, 100, 74232, 70
2026/07/29 18:04:53.362, 295.87, 100, 74232, 70
2026/07/29 18:04:54.403, 291.50, 100, 74232, 70
2026/07/29 18:04:55.440, 291.01, 100, 74232, 70
2026/07/29 18:04:56.478, 295.20, 100, 74232, 70
2026/07/29 18:04:57.517, 293.92, 100, 74232, 70
2026/07/29 18:04:58.554, 291.88, 100, 74232, 70
2026/07/29 18:04:59.595, 292.97, 100, 74232, 70
2026/07/29 18:05:00.634, 297.90, 100, 74232, 70
2026/07/29 18:05:01.670, 295.90, 100, 74232, 70
2026/07/29 18:05:02.708, 291.10, 100, 74232, 70
2026/07/29 18:05:03.745, 298.31, 100, 74232, 70
2026/07/29 18:05:04.783, 299.94, 100, 74232, 70
2026/07/29 18:05:05.820, 298.80, 100, 74232, 70
2026/07/29 18:05:06.858, 300.33, 100, 74232, 70
2026/07/29 18:05:07.896, 299.09, 100, 74232, 70
2026/07/29 18:05:08.936, 293.36, 100, 74232, 70
2026/07/29 18:05:09.975, 301.21, 100, 74232, 70
2026/07/29 18:05:11.013, 303.56, 100, 74232, 70
2026/07/29 18:05:12.055, 305.78, 100, 74232, 70
2026/07/29 18:05:13.094, 299.18, 100, 74232, 70
2026/07/29 18:05:14.133, 303.86, 100, 74232, 70
2026/07/29 18:05:15.172, 295.30, 100, 74232, 70
2026/07/29 18:05:16.210, 293.47, 100, 74232, 70
2026/07/29 18:05:17.248, 302.87, 100, 74232, 70
2026/07/29 18:05:18.285, 301.91, 100, 74232, 70
2026/07/29 18:05:19.322, 302.38, 100, 74232, 70
2026/07/29 18:05:20.360, 298.70, 100, 74232, 70
2026/07/29 18:05:21.397, 295.50, 100, 74232, 70
2026/07/29 18:05:22.442, 298.98, 100, 74232, 70
2026/07/29 18:05:23.480, 287.82, 100, 74232, 70
2026/07/29 18:05:24.518, 294.43, 100, 74232, 70
2026/07/29 18:05:25.558, 295.22, 100, 74232, 70
2026/07/29 18:05:26.595, 301.83, 100, 74232, 70
2026/07/29 18:05:27.633, 302.11, 100, 74232, 70
2026/07/29 18:05:28.671, 300.34, 100, 74232, 70
2026/07/29 18:05:29.709, 298.02, 100, 74232, 70
2026/07/29 18:05:30.749, 293.64, 100, 74232, 70
2026/07/29 18:05:31.786, 293.26, 100, 74232, 70
2026/07/29 18:05:32.825, 296.66, 100, 74232, 70
2026/07/29 18:05:33.863, 300.06, 100, 74232, 70
2026/07/29 18:05:34.900, 298.91, 100, 74232, 70
2026/07/29 18:05:35.938, 302.20, 100, 74232, 70
2026/07/29 18:05:36.976, 302.51, 100, 74232, 70
2026/07/29 18:05:38.013, 302.77, 100, 74232, 70
2026/07/29 18:05:39.055, 301.70, 100, 74232, 70
2026/07/29 18:05:40.092, 296.46, 100, 74232, 70
2026/07/29 18:05:41.133, 296.55, 100, 74232, 70
2026/07/29 18:05:42.170, 297.24, 100, 74232, 70
2026/07/29 18:05:43.211, 295.40, 100, 74232, 70
2026/07/29 18:05:44.250, 292.38, 100, 74232, 70
2026/07/29 18:05:45.290, 303.94, 100, 74232, 72
2026/07/29 18:05:46.325, 288.94, 100, 74232, 72
2026/07/29 18:05:47.361, 287.75, 100, 74232, 72
2026/07/29 18:05:48.396, 301.42, 100, 74232, 72
2026/07/29 18:05:49.436, 303.65, 100, 74232, 72
2026/07/29 18:05:50.472, 317.27, 100, 74232, 72
2026/07/29 18:05:51.510, 303.56, 100, 74232, 70
2026/07/29 18:05:52.549, 300.04, 100, 74232, 70
2026/07/29 18:05:53.587, 303.17, 100, 74232, 70
2026/07/29 18:05:54.624, 303.25, 100, 74232, 70
2026/07/29 18:05:55.662, 94.43, 0, 74232, 66
2026/07/29 18:05:56.695, 275.84, 100, 74232, 71
2026/07/29 18:05:57.730, 285.43, 100, 74232, 71
2026/07/29 18:05:58.767, 319.32, 100, 74232, 72
2026/07/29 18:05:59.802, 294.92, 100, 74232, 71
2026/07/29 18:06:00.838, 288.92, 100, 74232, 71
2026/07/29 18:06:01.875, 284.56, 100, 74232, 72
2026/07/29 18:06:02.911, 303.94, 100, 74232, 70
2026/07/29 18:06:03.949, 301.42, 100, 74232, 70
2026/07/29 18:06:04.987, 302.59, 100, 74232, 69
2026/07/29 18:06:06.020, 284.30, 100, 74232, 72
2026/07/29 18:06:07.056, 311.73, 100, 74232, 72
2026/07/29 18:06:08.091, 306.22, 100, 74232, 72
2026/07/29 18:06:09.126, 310.67, 100, 74232, 72
2026/07/29 18:06:10.160, 276.28, 100, 74232, 72
2026/07/29 18:06:11.196, 293.41, 100, 74232, 73
2026/07/29 18:06:12.233, 304.91, 100, 74232, 71
2026/07/29 18:06:13.271, 302.66, 100, 74232, 71
2026/07/29 18:06:14.309, 303.44, 100, 74232, 71
2026/07/29 18:06:15.347, 306.38, 100, 74232, 71
2026/07/29 18:06:16.386, 96.47, 0, 74232, 70
2026/07/29 18:06:17.421, 299.86, 100, 74232, 72
2026/07/29 18:06:18.458, 309.09, 100, 74232, 73
2026/07/29 18:06:19.495, 292.77, 100, 74232, 73
2026/07/29 18:06:20.530, 275.15, 100, 74232, 73
2026/07/29 18:06:21.565, 312.92, 100, 74232, 73
2026/07/29 18:06:22.603, 314.43, 100, 74232, 73
2026/07/29 18:06:23.639, 299.09, 100, 74232, 71
2026/07/29 18:06:24.677, 306.30, 100, 74232, 71
2026/07/29 18:06:25.714, 305.77, 100, 74232, 71
2026/07/29 18:06:26.752, 310.01, 100, 74232, 71
2026/07/29 18:06:27.789, 294.22, 100, 74232, 71
2026/07/29 18:06:28.835, 298.31, 100, 74232, 71
2026/07/29 18:06:29.874, 299.70, 100, 74232, 71
2026/07/29 18:06:30.913, 299.57, 100, 74232, 72
2026/07/29 18:06:31.952, 297.91, 100, 74232, 72
2026/07/29 18:06:32.990, 306.48, 100, 74232, 72
2026/07/29 18:06:34.028, 295.59, 100, 74232, 72
2026/07/29 18:06:35.067, 303.24, 100, 74232, 72
2026/07/29 18:06:36.104, 302.20, 100, 74232, 72
2026/07/29 18:06:37.144, 299.96, 100, 74232, 72
2026/07/29 18:06:38.182, 300.09, 100, 74232, 72
2026/07/29 18:06:39.219, 297.83, 100, 74232, 71
2026/07/29 18:06:40.257, 299.58, 100, 74232, 71
2026/07/29 18:06:41.296, 299.47, 100, 74232, 71
2026/07/29 18:06:42.334, 302.99, 100, 74232, 71
2026/07/29 18:06:43.374, 299.49, 100, 74232, 71
2026/07/29 18:06:44.412, 294.82, 100, 74232, 71
2026/07/29 18:06:45.449, 296.38, 100, 74232, 71
2026/07/29 18:06:46.487, 302.79, 100, 74232, 71
2026/07/29 18:06:47.524, 299.67, 100, 74232, 71
2026/07/29 18:06:48.564, 293.64, 100, 74232, 71
2026/07/29 18:06:49.602, 305.30, 100, 74232, 71
2026/07/29 18:06:50.639, 306.56, 100, 74232, 71
2026/07/29 18:06:51.679, 294.15, 100, 74232, 71
2026/07/29 18:06:52.717, 304.63, 100, 74232, 71
2026/07/29 18:06:53.763, 299.76, 100, 74232, 71
2026/07/29 18:06:54.800, 298.79, 100, 74232, 71
2026/07/29 18:06:55.839, 294.52, 100, 74232, 71
2026/07/29 18:06:56.877, 298.41, 100, 74232, 71
2026/07/29 18:06:57.914, 298.00, 100, 74232, 71
2026/07/29 18:06:58.951, 300.16, 100, 74232, 71
2026/07/29 18:06:59.988, 303.19, 100, 74232, 71
2026/07/29 18:07:01.027, 292.27, 100, 74232, 71
2026/07/29 18:07:02.064, 298.50, 100, 74232, 71
2026/07/29 18:07:03.102, 305.81, 100, 74232, 71
2026/07/29 18:07:04.138, 303.58, 100, 74232, 71
2026/07/29 18:07:05.177, 292.57, 100, 74232, 71
2026/07/29 18:07:06.215, 298.21, 100, 74232, 71
2026/07/29 18:07:07.252, 297.18, 100, 74232, 71
2026/07/29 18:07:08.292, 302.77, 100, 74232, 71
2026/07/29 18:07:09.329, 300.73, 100, 74232, 71
2026/07/29 18:07:10.372, 298.02, 100, 74232, 71
2026/07/29 18:07:11.410, 305.90, 100, 74232, 71
2026/07/29 18:07:12.448, 295.38, 100, 74232, 71
2026/07/29 18:07:13.487, 298.99, 100, 74232, 71
2026/07/29 18:07:14.525, 296.47, 100, 74232, 71
2026/07/29 18:07:15.563, 298.60, 100, 74232, 71
2026/07/29 18:07:16.601, 298.42, 100, 74232, 71
2026/07/29 18:07:17.639, 301.82, 100, 74232, 71
2026/07/29 18:07:18.677, 299.75, 100, 74232, 71
2026/07/29 18:07:19.718, 298.90, 100, 74232, 71
2026/07/29 18:07:20.755, 293.64, 100, 74232, 71
2026/07/29 18:07:21.796, 300.17, 100, 74232, 71
2026/07/29 18:07:22.835, 298.33, 100, 74232, 71
2026/07/29 18:07:23.873, 297.64, 100, 74232, 71
2026/07/29 18:07:24.914, 298.03, 100, 74232, 71
2026/07/29 18:07:25.951, 302.86, 100, 74232, 71
2026/07/29 18:07:26.988, 305.78, 100, 74232, 71
2026/07/29 18:07:28.026, 304.51, 100, 74232, 71
2026/07/29 18:07:29.064, 305.12, 100, 74232, 71
2026/07/29 18:07:30.101, 302.57, 100, 74232, 71
2026/07/29 18:07:31.138, 302.76, 100, 74232, 71
2026/07/29 18:07:32.175, 304.41, 100, 74232, 71
2026/07/29 18:07:33.214, 305.02, 100, 74232, 71
2026/07/29 18:07:34.254, 298.52, 100, 74232, 70
2026/07/29 18:07:35.292, 303.35, 100, 74232, 71
2026/07/29 18:07:36.331, 304.53, 100, 74232, 70
2026/07/29 18:07:37.371, 295.69, 100, 74232, 70
2026/07/29 18:07:38.409, 297.66, 100, 74232, 70
2026/07/29 18:07:39.447, 298.60, 100, 74232, 70
2026/07/29 18:07:40.485, 294.90, 100, 74232, 70
2026/07/29 18:07:41.523, 294.61, 100, 74232, 70
2026/07/29 18:07:42.561, 297.93, 100, 74232, 70
2026/07/29 18:07:43.598, 298.02, 100, 74232, 70
2026/07/29 18:07:44.640, 295.10, 100, 74232, 70
2026/07/29 18:07:45.678, 296.75, 100, 74232, 70
2026/07/29 18:07:46.715, 296.67, 100, 74232, 70
2026/07/29 18:07:47.753, 304.81, 100, 74232, 70
2026/07/29 18:07:48.790, 303.29, 100, 74232, 70
2026/07/29 18:07:49.829, 303.78, 100, 74232, 70
2026/07/29 18:07:50.867, 296.37, 100, 74232, 70
2026/07/29 18:07:51.906, 305.68, 100, 74232, 70
2026/07/29 18:07:52.946, 298.31, 100, 74232, 70
2026/07/29 18:07:53.985, 302.88, 100, 74232, 70
2026/07/29 18:07:55.023, 297.91, 100, 74232, 70
2026/07/29 18:07:56.064, 294.71, 100, 74232, 70
2026/07/29 18:07:57.102, 293.55, 100, 74232, 70
2026/07/29 18:07:58.142, 296.86, 100, 74232, 70
2026/07/29 18:07:59.179, 298.21, 100, 74232, 70
2026/07/29 18:08:00.216, 297.93, 100, 74232, 70
2026/07/29 18:08:01.253, 295.59, 100, 74232, 70
2026/07/29 18:08:02.290, 296.37, 100, 74232, 70
2026/07/29 18:08:03.328, 305.14, 100, 74232, 70
2026/07/29 18:08:04.367, 297.25, 100, 74232, 70
2026/07/29 18:08:05.405, 294.42, 100, 74232, 70
2026/07/29 18:08:06.442, 297.22, 100, 74232, 70
2026/07/29 18:08:07.479, 300.57, 100, 74232, 70
2026/07/29 18:08:08.516, 304.13, 100, 74232, 70
2026/07/29 18:08:09.559, 301.72, 100, 74232, 70
2026/07/29 18:08:10.596, 299.87, 100, 74232, 70
2026/07/29 18:08:11.634, 300.36, 100, 74232, 70
2026/07/29 18:08:12.671, 302.90, 100, 74232, 70
2026/07/29 18:08:13.708, 305.40, 100, 74232, 70
2026/07/29 18:08:14.745, 301.32, 100, 74232, 70
2026/07/29 18:08:15.788, 303.86, 100, 74232, 70
2026/07/29 18:08:16.826, 297.93, 100, 74232, 70
2026/07/29 18:08:17.864, 298.02, 100, 74232, 70
2026/07/29 18:08:18.905, 295.99, 100, 74232, 70
2026/07/29 18:08:19.942, 299.47, 100, 74232, 70
2026/07/29 18:08:20.981, 299.55, 100, 74232, 70
2026/07/29 18:08:22.019, 297.52, 100, 74232, 70
2026/07/29 18:08:23.056, 298.36, 100, 74232, 70
2026/07/29 18:08:24.093, 294.33, 100, 74232, 70
2026/07/29 18:08:25.131, 297.24, 100, 74232, 70
2026/07/29 18:08:26.169, 297.45, 100, 74232, 70
2026/07/29 18:08:27.207, 293.26, 100, 74232, 70
2026/07/29 18:08:28.246, 297.63, 100, 74232, 70
2026/07/29 18:08:29.285, 295.97, 100, 74232, 70
2026/07/29 18:08:30.326, 295.12, 100, 74232, 70
2026/07/29 18:08:31.365, 296.86, 100, 74232, 70
2026/07/29 18:08:32.403, 298.04, 100, 74232, 70
2026/07/29 18:08:33.442, 297.74, 100, 74232, 70
2026/07/29 18:08:34.479, 295.01, 100, 74232, 70
2026/07/29 18:08:35.517, 301.60, 100, 74232, 70
2026/07/29 18:08:36.554, 295.09, 100, 74232, 70
2026/07/29 18:08:37.593, 304.82, 100, 74232, 70
2026/07/29 18:08:38.630, 309.09, 100, 74232, 70
2026/07/29 18:08:39.669, 302.28, 100, 74232, 70
2026/07/29 18:08:40.707, 301.81, 100, 74232, 70
2026/07/29 18:08:41.744, 304.31, 100, 74232, 70
2026/07/29 18:08:42.781, 305.29, 100, 74232, 70
2026/07/29 18:08:43.819, 297.55, 100, 74232, 70
2026/07/29 18:08:44.857, 301.53, 100, 74232, 70
2026/07/29 18:08:45.896, 295.80, 100, 74232, 70
2026/07/29 18:08:46.938, 295.70, 100, 74232, 70
2026/07/29 18:08:47.976, 296.56, 100, 74232, 70
2026/07/29 18:08:49.013, 297.53, 100, 74232, 70
2026/07/29 18:08:50.051, 305.40, 100, 74232, 70
2026/07/29 18:08:51.088, 301.60, 100, 74232, 70
2026/07/29 18:08:52.127, 303.15, 100, 74232, 70
2026/07/29 18:08:53.163, 296.25, 100, 74232, 70
2026/07/29 18:08:54.200, 294.13, 100, 74232, 70
2026/07/29 18:08:55.237, 297.25, 100, 74232, 70
2026/07/29 18:08:56.276, 295.96, 100, 74232, 70
2026/07/29 18:08:57.315, 297.75, 100, 74232, 70
2026/07/29 18:08:58.354, 303.56, 100, 74232, 70
2026/07/29 18:08:59.392, 298.90, 100, 74232, 70
2026/07/29 18:09:00.431, 297.45, 100, 74232, 70
2026/07/29 18:09:01.471, 300.70, 100, 74232, 70
2026/07/29 18:09:02.511, 298.91, 100, 74232, 70
2026/07/29 18:09:03.548, 302.78, 100, 74232, 70
2026/07/29 18:09:04.586, 297.90, 100, 74232, 70
2026/07/29 18:09:05.623, 297.27, 100, 74232, 70
2026/07/29 18:09:06.661, 295.50, 100, 74232, 70
2026/07/29 18:09:07.698, 301.92, 100, 74232, 70
2026/07/29 18:09:08.735, 297.23, 100, 74232, 70
2026/07/29 18:09:09.773, 307.14, 100, 74232, 70
2026/07/29 18:09:10.810, 297.16, 100, 74232, 70
2026/07/29 18:09:11.853, 293.55, 100, 74232, 70
2026/07/29 18:09:12.893, 301.99, 100, 74232, 70
2026/07/29 18:09:13.931, 294.42, 100, 74232, 70
2026/07/29 18:09:14.974, 303.48, 100, 74232, 70
2026/07/29 18:09:16.014, 304.92, 100, 74232, 70
2026/07/29 18:09:17.052, 293.54, 100, 74232, 70
2026/07/29 18:09:18.091, 298.79, 100, 74232, 70
2026/07/29 18:09:19.128, 294.82, 100, 74232, 70
2026/07/29 18:09:20.167, 297.23, 100, 74232, 70
2026/07/29 18:09:21.204, 299.85, 100, 74232, 70
2026/07/29 18:09:22.242, 296.47, 100, 74232, 70
2026/07/29 18:09:23.279, 303.29, 100, 74232, 70
2026/07/29 18:09:24.317, 305.04, 100, 74232, 70
2026/07/29 18:09:25.355, 294.32, 100, 74232, 70
2026/07/29 18:09:26.393, 296.26, 100, 74232, 70
2026/07/29 18:09:27.431, 295.49, 100, 74232, 70
2026/07/29 18:09:28.468, 297.33, 100, 74232, 70
2026/07/29 18:09:29.505, 298.22, 100, 74232, 70
2026/07/29 18:09:30.542, 297.26, 100, 74232, 70
2026/07/29 18:09:31.579, 291.34, 100, 74232, 70
2026/07/29 18:09:32.617, 295.68, 100, 74232, 70
2026/07/29 18:09:33.656, 294.99, 100, 74232, 70
2026/07/29 18:09:34.694, 295.68, 100, 74232, 70
2026/07/29 18:09:35.736, 297.45, 100, 74232, 70
2026/07/29 18:09:36.773, 297.42, 100, 74232, 70
2026/07/29 18:09:37.812, 298.99, 100, 74232, 70
2026/07/29 18:09:38.849, 295.02, 100, 74232, 70
2026/07/29 18:09:39.887, 296.26, 100, 74232, 70
2026/07/29 18:09:40.925, 292.18, 100, 74232, 70
2026/07/29 18:09:41.963, 296.26, 100, 74232, 70
2026/07/29 18:09:43.002, 297.94, 100, 74232, 70
2026/07/29 18:09:44.039, 297.61, 100, 74232, 70
2026/07/29 18:09:45.079, 297.55, 100, 74232, 70
2026/07/29 18:09:46.117, 297.80, 100, 74232, 70
2026/07/29 18:09:47.154, 298.00, 100, 74232, 70
2026/07/29 18:09:48.192, 294.23, 100, 74232, 70
2026/07/29 18:09:49.229, 296.57, 100, 74232, 70
2026/07/29 18:09:50.268, 303.17, 100, 74232, 70
2026/07/29 18:09:51.306, 301.12, 100, 74232, 70
2026/07/29 18:09:52.345, 304.91, 100, 74232, 70
2026/07/29 18:09:53.383, 305.10, 100, 74232, 70
2026/07/29 18:09:54.421, 299.07, 100, 74232, 70
2026/07/29 18:09:55.459, 298.22, 100, 74232, 70
2026/07/29 18:09:56.496, 301.89, 100, 74232, 70
2026/07/29 18:09:57.534, 302.87, 100, 74232, 70
2026/07/29 18:09:58.572, 304.42, 100, 74232, 70
2026/07/29 18:09:59.612, 301.91, 100, 74232, 70
2026/07/29 18:10:00.651, 297.36, 100, 74232, 70
2026/07/29 18:10:01.689, 300.50, 100, 74232, 70
2026/07/29 18:10:02.727, 298.61, 100, 74232, 70
2026/07/29 18:10:03.764, 290.15, 100, 74232, 70
2026/07/29 18:10:04.802, 296.86, 100, 74232, 70
2026/07/29 18:10:05.842, 296.67, 100, 74232, 70
2026/07/29 18:10:06.880, 296.76, 100, 74232, 70
2026/07/29 18:10:07.919, 297.93, 100, 74232, 70
2026/07/29 18:10:08.963, 297.63, 100, 74232, 70
2026/07/29 18:10:10.002, 301.02, 100, 74232, 70
2026/07/29 18:10:11.039, 302.79, 100, 74232, 70
2026/07/29 18:10:12.076, 304.80, 100, 74232, 70
2026/07/29 18:10:13.113, 303.54, 100, 74232, 70
2026/07/29 18:10:14.150, 304.60, 100, 74232, 70
2026/07/29 18:10:15.188, 303.29, 100, 74232, 70
2026/07/29 18:10:16.225, 301.61, 100, 74232, 70
2026/07/29 18:10:17.263, 290.14, 100, 74232, 70
2026/07/29 18:10:18.301, 295.67, 100, 74232, 70
2026/07/29 18:10:19.338, 296.18, 100, 74232, 70
2026/07/29 18:10:20.376, 296.26, 100, 74232, 70
2026/07/29 18:10:21.413, 296.17, 100, 74232, 70
2026/07/29 18:10:22.454, 305.11, 100, 74232, 70
2026/07/29 18:10:23.491, 303.65, 100, 74232, 70
2026/07/29 18:10:24.532, 300.18, 100, 74232, 70
2026/07/29 18:10:25.574, 297.63, 100, 74232, 70
2026/07/29 18:10:26.612, 293.26, 100, 74232, 70
2026/07/29 18:10:27.650, 299.77, 100, 74232, 70
2026/07/29 18:10:28.687, 303.35, 100, 74232, 70
2026/07/29 18:10:29.725, 298.02, 100, 74232, 70
2026/07/29 18:10:30.762, 298.69, 100, 74232, 70
2026/07/29 18:10:31.801, 305.48, 100, 74232, 70
2026/07/29 18:10:32.840, 304.80, 100, 74232, 70
2026/07/29 18:10:33.877, 304.56, 100, 74232, 70
2026/07/29 18:10:34.916, 301.93, 100, 74232, 70
2026/07/29 18:10:35.953, 304.16, 100, 74232, 70
2026/07/29 18:10:36.991, 302.29, 100, 74232, 70
2026/07/29 18:10:38.028, 298.42, 100, 74232, 70
2026/07/29 18:10:39.069, 304.81, 100, 74232, 70
2026/07/29 18:10:40.106, 297.52, 100, 74232, 70
2026/07/29 18:10:41.147, 297.74, 100, 74232, 70
2026/07/29 18:10:42.184, 295.47, 100, 74232, 70
2026/07/29 18:10:43.221, 294.52, 100, 74232, 70
2026/07/29 18:10:44.258, 289.96, 100, 74232, 70
2026/07/29 18:10:45.296, 295.87, 100, 74232, 70
2026/07/29 18:10:46.333, 293.74, 100, 74232, 70
2026/07/29 18:10:47.371, 295.87, 100, 74232, 70
2026/07/29 18:10:48.408, 296.76, 100, 74232, 70
2026/07/29 18:10:49.445, 297.73, 100, 74232, 70
2026/07/29 18:10:50.483, 302.89, 100, 74232, 70
2026/07/29 18:10:51.520, 304.61, 100, 74232, 70
2026/07/29 18:10:52.558, 301.82, 100, 74232, 70
2026/07/29 18:10:53.596, 298.11, 100, 74232, 70
2026/07/29 18:10:54.636, 298.12, 100, 74232, 70
2026/07/29 18:10:55.673, 299.57, 100, 74232, 70
2026/07/29 18:10:56.710, 306.46, 100, 74232, 70
2026/07/29 18:10:57.749, 296.90, 100, 74232, 70
2026/07/29 18:10:58.789, 302.86, 100, 74232, 70
2026/07/29 18:10:59.827, 302.98, 100, 74232, 70
2026/07/29 18:11:00.864, 297.23, 100, 74232, 70
2026/07/29 18:11:01.902, 300.75, 100, 74232, 70
2026/07/29 18:11:02.939, 290.83, 100, 74232, 70
2026/07/29 18:11:03.981, 289.35, 100, 74232, 70
2026/07/29 18:11:05.019, 298.40, 100, 74232, 70
2026/07/29 18:11:06.057, 297.43, 100, 74232, 70
2026/07/29 18:11:07.094, 296.93, 100, 74232, 70
2026/07/29 18:11:08.132, 298.61, 100, 74232, 70
2026/07/29 18:11:09.170, 298.53, 100, 74232, 70
2026/07/29 18:11:10.207, 298.42, 100, 74232, 70
2026/07/29 18:11:11.248, 298.21, 100, 74232, 70
2026/07/29 18:11:12.286, 293.84, 100, 74232, 70
2026/07/29 18:11:13.322, 299.01, 100, 74232, 70
2026/07/29 18:11:14.359, 295.87, 100, 74232, 70
2026/07/29 18:11:15.398, 296.27, 100, 74232, 71
2026/07/29 18:11:16.435, 100.01, 100, 74232, 69
2026/07/29 18:11:17.470, 303.03, 100, 74232, 72
2026/07/29 18:11:18.505, 282.03, 100, 74232, 72
2026/07/29 18:11:19.539, 292.01, 100, 74232, 72
2026/07/29 18:11:20.574, 297.22, 100, 74232, 72
2026/07/29 18:11:21.610, 303.25, 100, 74232, 72
2026/07/29 18:11:22.645, 310.51, 100, 74232, 72
2026/07/29 18:11:23.686, 291.92, 100, 74232, 70
2026/07/29 18:11:24.724, 288.41, 100, 74232, 70
2026/07/29 18:11:25.760, 289.95, 100, 74232, 70
2026/07/29 18:11:26.798, 289.73, 100, 74232, 70
2026/07/29 18:11:27.835, 292.57, 100, 74232, 70
2026/07/29 18:11:28.872, 290.64, 100, 74232, 70
2026/07/29 18:11:29.909, 295.09, 100, 74232, 71
2026/07/29 18:11:30.946, 294.33, 100, 74232, 71
2026/07/29 18:11:31.985, 297.74, 100, 74232, 71
2026/07/29 18:11:33.022, 300.08, 100, 74232, 71
2026/07/29 18:11:34.060, 302.21, 100, 74232, 71
2026/07/29 18:11:35.101, 303.93, 100, 74232, 71
2026/07/29 18:11:36.137, 306.46, 100, 74232, 71
2026/07/29 18:11:37.174, 303.46, 100, 74232, 71
2026/07/29 18:11:38.210, 303.59, 100, 74232, 71
2026/07/29 18:11:39.249, 304.75, 100, 74232, 71
2026/07/29 18:11:40.286, 97.17, 0, 74232, 68
2026/07/29 18:11:41.320, 297.44, 100, 74232, 72
2026/07/29 18:11:42.357, 290.05, 100, 74232, 72
2026/07/29 18:11:43.391, 305.19, 100, 74232, 72
2026/07/29 18:11:44.426, 306.43, 100, 74232, 72
2026/07/29 18:11:45.463, 267.47, 100, 74232, 72
2026/07/29 18:11:46.500, 297.95, 100, 74232, 72
2026/07/29 18:11:47.535, 253.07, 100, 74232, 71
2026/07/29 18:11:48.573, 290.64, 100, 74232, 70
2026/07/29 18:11:49.611, 289.40, 100, 74232, 70
2026/07/29 18:11:50.648, 296.65, 100, 74232, 71
2026/07/29 18:11:51.685, 298.51, 100, 74232, 71
2026/07/29 18:11:52.723, 305.78, 100, 74232, 71
2026/07/29 18:11:53.759, 301.24, 100, 74232, 71
2026/07/29 18:11:54.795, 302.48, 100, 74232, 71
2026/07/29 18:11:55.830, 298.69, 100, 74232, 71
2026/07/29 18:11:56.868, 299.40, 100, 74232, 71
2026/07/29 18:11:57.904, 295.88, 100, 74232, 71
2026/07/29 18:11:58.942, 297.55, 100, 74232, 71
2026/07/29 18:11:59.978, 305.82, 100, 74232, 71
2026/07/29 18:12:01.015, 302.70, 100, 74232, 71
2026/07/29 18:12:02.054, 297.03, 100, 74232, 71
2026/07/29 18:12:03.093, 95.44, 77, 74232, 69
2026/07/29 18:12:04.126, 304.71, 100, 74232, 71
2026/07/29 18:12:05.163, 301.12, 100, 74232, 71
2026/07/29 18:12:06.199, 300.46, 100, 74232, 71
2026/07/29 18:12:07.238, 305.68, 100, 74232, 71
2026/07/29 18:12:08.275, 300.33, 100, 74232, 71
2026/07/29 18:12:09.313, 302.52, 100, 74232, 71
2026/07/29 18:12:10.350, 301.22, 100, 74232, 71
2026/07/29 18:12:11.389, 302.61, 100, 74232, 71
2026/07/29 18:12:12.426, 298.11, 100, 74232, 71
2026/07/29 18:12:13.467, 304.51, 100, 74232, 71
2026/07/29 18:12:14.505, 302.97, 100, 74232, 71
2026/07/29 18:12:15.543, 303.95, 100, 74232, 71
2026/07/29 18:12:16.581, 302.77, 100, 74232, 71
2026/07/29 18:12:17.619, 304.75, 100, 74232, 71
2026/07/29 18:12:18.657, 303.06, 100, 74232, 71
2026/07/29 18:12:19.694, 296.76, 100, 74232, 71
2026/07/29 18:12:20.732, 298.01, 100, 74232, 71
2026/07/29 18:12:21.768, 296.34, 100, 74232, 70
2026/07/29 18:12:22.805, 296.85, 100, 74232, 70
2026/07/29 18:12:23.843, 290.42, 100, 74232, 70
2026/07/29 18:12:24.880, 295.89, 100, 74232, 70
2026/07/29 18:12:25.919, 295.20, 100, 74232, 70
2026/07/29 18:12:26.957, 295.98, 100, 74232, 70
2026/07/29 18:12:27.994, 302.27, 100, 74232, 70
2026/07/29 18:12:29.031, 297.65, 100, 74232, 70
2026/07/29 18:12:30.070, 300.35, 100, 74232, 70
2026/07/29 18:12:31.107, 303.39, 100, 74232, 71
2026/07/29 18:12:32.149, 301.43, 100, 74232, 70
2026/07/29 18:12:33.187, 292.37, 100, 74232, 70
2026/07/29 18:12:34.225, 296.58, 100, 74232, 70
2026/07/29 18:12:35.264, 288.70, 100, 74232, 70
2026/07/29 18:12:36.301, 294.40, 100, 74232, 70
2026/07/29 18:12:37.339, 299.58, 100, 74232, 70
2026/07/29 18:12:38.377, 293.05, 100, 74232, 71
2026/07/29 18:12:39.415, 297.34, 100, 74232, 71
2026/07/29 18:12:40.453, 300.35, 100, 74232, 71
2026/07/29 18:12:41.491, 295.40, 100, 74232, 71
2026/07/29 18:12:42.530, 295.79, 100, 74232, 71
2026/07/29 18:12:43.568, 294.52, 100, 74232, 71
2026/07/29 18:12:44.606, 296.48, 100, 74232, 71
2026/07/29 18:12:45.643, 303.26, 100, 74232, 71
2026/07/29 18:12:46.681, 299.67, 100, 74232, 71
2026/07/29 18:12:47.719, 303.64, 100, 74232, 71
2026/07/29 18:12:48.755, 303.55, 100, 74232, 71
2026/07/29 18:12:49.793, 303.64, 100, 74232, 71
2026/07/29 18:12:50.831, 307.53, 100, 74232, 71
2026/07/29 18:12:51.869, 298.89, 100, 74232, 71
2026/07/29 18:12:52.906, 297.45, 100, 74232, 71
2026/07/29 18:12:53.944, 299.01, 100, 74232, 71
2026/07/29 18:12:54.982, 303.25, 100, 74232, 71
2026/07/29 18:12:56.025, 304.52, 100, 74232, 71
2026/07/29 18:12:57.062, 294.58, 100, 74232, 71
2026/07/29 18:12:58.100, 295.08, 100, 74232, 71
2026/07/29 18:12:59.139, 295.98, 100, 74232, 71
2026/07/29 18:13:00.180, 295.59, 100, 74232, 71
2026/07/29 18:13:01.218, 293.64, 100, 74232, 71
2026/07/29 18:13:02.256, 299.07, 100, 74232, 71
2026/07/29 18:13:03.293, 294.41, 100, 74232, 71
2026/07/29 18:13:04.332, 293.44, 100, 74232, 71
2026/07/29 18:13:05.371, 295.49, 100, 74232, 71
2026/07/29 18:13:06.409, 292.08, 100, 74232, 70
2026/07/29 18:13:07.447, 292.76, 100, 74232, 71
2026/07/29 18:13:08.486, 297.33, 100, 74232, 71
2026/07/29 18:13:09.523, 299.66, 100, 74232, 71
2026/07/29 18:13:10.560, 297.54, 100, 74232, 70
2026/07/29 18:13:11.599, 297.03, 100, 74232, 70
2026/07/29 18:13:12.637, 306.10, 100, 74232, 71
2026/07/29 18:13:13.676, 297.06, 100, 74232, 70
2026/07/29 18:13:14.714, 298.19, 100, 74232, 70
2026/07/29 18:13:15.752, 301.51, 100, 74232, 70
2026/07/29 18:13:16.790, 304.81, 100, 74232, 70
2026/07/29 18:13:17.827, 299.18, 100, 74232, 70
2026/07/29 18:13:18.865, 299.59, 100, 74232, 70
2026/07/29 18:13:19.903, 304.57, 100, 74232, 70
2026/07/29 18:13:20.941, 299.95, 100, 74232, 70
2026/07/29 18:13:21.978, 300.71, 100, 74232, 70
2026/07/29 18:13:23.016, 290.24, 100, 74232, 70
2026/07/29 18:13:24.054, 300.09, 100, 74232, 70
2026/07/29 18:13:25.095, 291.02, 100, 74232, 70
2026/07/29 18:13:26.133, 297.52, 100, 74232, 70
2026/07/29 18:13:27.176, 295.58, 100, 74232, 70
2026/07/29 18:13:28.214, 302.77, 100, 74232, 70
2026/07/29 18:13:29.254, 301.23, 100, 74232, 70
2026/07/29 18:13:30.291, 294.04, 100, 74232, 70
2026/07/29 18:13:31.330, 302.67, 100, 74232, 70
2026/07/29 18:13:32.372, 301.92, 100, 74232, 70
2026/07/29 18:13:33.409, 296.34, 100, 74232, 70
2026/07/29 18:13:34.446, 294.06, 100, 74232, 70
2026/07/29 18:13:35.488, 298.23, 100, 74232, 70
2026/07/29 18:13:36.528, 291.70, 100, 74232, 70
2026/07/29 18:13:37.566, 292.87, 100, 74232, 70
2026/07/29 18:13:38.606, 292.87, 100, 74232, 70
2026/07/29 18:13:39.643, 294.52, 100, 74232, 70
2026/07/29 18:13:40.681, 301.72, 100, 74232, 70
2026/07/29 18:13:41.718, 300.26, 100, 74232, 70
2026/07/29 18:13:42.759, 294.02, 100, 74232, 70
2026/07/29 18:13:43.796, 291.01, 100, 74232, 70
2026/07/29 18:13:44.835, 291.89, 100, 74232, 70
2026/07/29 18:13:45.873, 294.92, 100, 74232, 70
2026/07/29 18:13:46.910, 302.46, 100, 74232, 70
2026/07/29 18:13:47.947, 300.46, 100, 74232, 70
2026/07/29 18:13:48.986, 303.35, 100, 74232, 70
2026/07/29 18:13:50.025, 289.85, 100, 74232, 70
2026/07/29 18:13:51.063, 291.88, 100, 74232, 70
2026/07/29 18:13:52.105, 292.76, 100, 74232, 70
2026/07/29 18:13:53.144, 300.16, 100, 74232, 70
2026/07/29 18:13:54.181, 298.89, 100, 74232, 72
2026/07/29 18:13:55.217, 308.08, 100, 74232, 72
2026/07/29 18:13:56.254, 281.42, 100, 74232, 72
2026/07/29 18:13:57.290, 305.39, 100, 74232, 72
2026/07/29 18:13:58.325, 321.91, 100, 74232, 72
2026/07/29 18:13:59.368, 301.91, 100, 74232, 72
2026/07/29 18:14:00.403, 303.77, 100, 74232, 70
2026/07/29 18:14:01.441, 301.13, 100, 74232, 70
2026/07/29 18:14:02.479, 303.64, 100, 74232, 70
2026/07/29 18:14:03.518, 298.89, 100, 74232, 71
2026/07/29 18:14:04.556, 301.30, 100, 74232, 71
2026/07/29 18:14:05.595, 304.31, 100, 74232, 71
2026/07/29 18:14:06.633, 292.08, 100, 74232, 71
2026/07/29 18:14:07.670, 299.50, 100, 74232, 71
2026/07/29 18:14:08.708, 299.17, 100, 74232, 71
2026/07/29 18:14:09.746, 297.26, 100, 74232, 71
2026/07/29 18:14:10.786, 299.67, 100, 74232, 71
2026/07/29 18:14:11.824, 304.04, 100, 74232, 71
2026/07/29 18:14:12.861, 305.00, 100, 74232, 71
2026/07/29 18:14:13.900, 298.01, 100, 74232, 71
2026/07/29 18:14:14.937, 293.16, 100, 74232, 71
2026/07/29 18:14:15.979, 297.52, 100, 74232, 71
2026/07/29 18:14:17.017, 298.97, 100, 74232, 71
2026/07/29 18:14:18.055, 294.83, 100, 74232, 71
2026/07/29 18:14:19.093, 297.45, 100, 74232, 71
2026/07/29 18:14:20.129, 297.73, 100, 74232, 71
2026/07/29 18:14:21.168, 303.94, 100, 74232, 71
2026/07/29 18:14:22.205, 304.50, 100, 74232, 71
2026/07/29 18:14:23.247, 305.37, 100, 74232, 71
2026/07/29 18:14:24.284, 300.36, 100, 74232, 71
2026/07/29 18:14:25.324, 301.21, 100, 74232, 71
2026/07/29 18:14:26.362, 304.22, 100, 74232, 71
2026/07/29 18:14:27.399, 300.55, 100, 74232, 71
2026/07/29 18:14:28.438, 300.27, 100, 74232, 71
2026/07/29 18:14:29.475, 304.70, 100, 74232, 71
2026/07/29 18:14:30.512, 305.11, 100, 74232, 71
2026/07/29 18:14:31.549, 300.47, 100, 74232, 71
2026/07/29 18:14:32.589, 304.46, 100, 74232, 71
2026/07/29 18:14:33.627, 292.38, 100, 74232, 71
2026/07/29 18:14:34.666, 300.44, 100, 74232, 71
2026/07/29 18:14:35.705, 300.52, 100, 74232, 71
2026/07/29 18:14:36.744, 298.11, 100, 74232, 71
2026/07/29 18:14:37.781, 305.03, 100, 74232, 71
2026/07/29 18:14:38.819, 295.30, 100, 74232, 70
2026/07/29 18:14:39.859, 304.26, 100, 74232, 71
2026/07/29 18:14:40.896, 304.27, 100, 74232, 71
2026/07/29 18:14:41.936, 298.21, 100, 74232, 71
2026/07/29 18:14:42.974, 297.83, 100, 74232, 71
2026/07/29 18:14:44.016, 305.11, 100, 74232, 71
2026/07/29 18:14:45.053, 302.87, 100, 74232, 71
2026/07/29 18:14:46.093, 306.07, 100, 74232, 71
2026/07/29 18:14:47.131, 305.02, 100, 74232, 71
2026/07/29 18:14:48.169, 303.77, 100, 74232, 70
2026/07/29 18:14:49.210, 297.61, 100, 74232, 70
2026/07/29 18:14:50.248, 304.65, 100, 74232, 70
2026/07/29 18:14:51.285, 296.48, 100, 74232, 70
2026/07/29 18:14:52.324, 296.97, 100, 74232, 70
2026/07/29 18:14:53.361, 297.14, 100, 74232, 70
2026/07/29 18:14:54.399, 292.97, 100, 74232, 70
2026/07/29 18:14:55.438, 300.52, 100, 74232, 70
2026/07/29 18:14:56.477, 297.71, 100, 74232, 70
2026/07/29 18:14:57.513, 298.12, 100, 74232, 70
2026/07/29 18:14:58.551, 299.59, 100, 74232, 70
2026/07/29 18:14:59.589, 303.44, 100, 74232, 71
2026/07/29 18:15:00.626, 306.12, 100, 74232, 71
2026/07/29 18:15:01.665, 299.46, 100, 74232, 71
2026/07/29 18:15:02.703, 302.89, 100, 74232, 71
2026/07/29 18:15:03.740, 301.82, 100, 74232, 71
2026/07/29 18:15:04.777, 302.58, 100, 74232, 71
2026/07/29 18:15:05.816, 304.61, 100, 74232, 71
2026/07/29 18:15:06.853, 305.48, 100, 74232, 71
2026/07/29 18:15:07.891, 302.47, 100, 74232, 71
2026/07/29 18:15:08.929, 298.77, 100, 74232, 70
2026/07/29 18:15:09.971, 297.61, 100, 74232, 70
2026/07/29 18:15:11.009, 301.02, 100, 74232, 70
2026/07/29 18:15:12.047, 303.44, 100, 74232, 70
2026/07/29 18:15:13.086, 297.22, 100, 74232, 70
2026/07/29 18:15:14.124, 293.76, 100, 74232, 70
2026/07/29 18:15:15.165, 296.18, 100, 74232, 70
2026/07/29 18:15:16.203, 296.36, 100, 74232, 70
2026/07/29 18:15:17.241, 303.96, 100, 74232, 70
2026/07/29 18:15:18.278, 301.99, 100, 74232, 70
2026/07/29 18:15:19.316, 298.98, 100, 74232, 70
2026/07/29 18:15:20.356, 304.79, 100, 74232, 70
2026/07/29 18:15:21.395, 293.04, 100, 74232, 70
2026/07/29 18:15:22.436, 296.38, 100, 74232, 70
2026/07/29 18:15:23.474, 302.02, 100, 74232, 70
2026/07/29 18:15:24.511, 297.54, 100, 74232, 70
2026/07/29 18:15:25.549, 295.39, 100, 74232, 70
2026/07/29 18:15:26.586, 300.86, 100, 74232, 70
2026/07/29 18:15:27.625, 301.61, 100, 74232, 70
2026/07/29 18:15:28.662, 301.63, 100, 74232, 70
2026/07/29 18:15:29.701, 302.31, 100, 74232, 70
2026/07/29 18:15:30.738, 298.20, 100, 74232, 70
2026/07/29 18:15:31.780, 297.41, 100, 74232, 70
2026/07/29 18:15:32.817, 293.74, 100, 74232, 70
2026/07/29 18:15:33.855, 303.68, 100, 74232, 70
2026/07/29 18:15:34.896, 304.64, 100, 74232, 70
2026/07/29 18:15:35.933, 296.87, 100, 74232, 70
2026/07/29 18:15:36.971, 295.01, 100, 74232, 70
2026/07/29 18:15:38.009, 297.13, 100, 74232, 70
2026/07/29 18:15:39.046, 296.95, 100, 74232, 70
2026/07/29 18:15:40.084, 290.54, 100, 74232, 70
2026/07/29 18:15:41.121, 296.96, 100, 74232, 70
2026/07/29 18:15:42.160, 297.92, 100, 74232, 70
2026/07/29 18:15:43.198, 293.34, 100, 74232, 70
2026/07/29 18:15:44.236, 302.68, 100, 74232, 70
2026/07/29 18:15:45.277, 294.25, 100, 74232, 70
2026/07/29 18:15:46.316, 304.27, 100, 74232, 70
2026/07/29 18:15:47.353, 294.81, 100, 74232, 70
2026/07/29 18:15:48.393, 296.46, 100, 74232, 70
2026/07/29 18:15:49.429, 297.06, 100, 74232, 70
2026/07/29 18:15:50.466, 294.15, 100, 74232, 70
2026/07/29 18:15:51.504, 296.08, 100, 74232, 70
2026/07/29 18:15:52.543, 303.74, 100, 74232, 70
2026/07/29 18:15:53.581, 303.86, 100, 74232, 70
2026/07/29 18:15:54.621, 290.15, 100, 74232, 70
2026/07/29 18:15:55.659, 296.58, 100, 74232, 70
2026/07/29 18:15:56.698, 295.88, 100, 74232, 70
2026/07/29 18:15:57.737, 297.63, 100, 74232, 70
2026/07/29 18:15:58.775, 294.51, 100, 74232, 70
2026/07/29 18:15:59.812, 301.43, 100, 74232, 70
2026/07/29 18:16:00.850, 302.98, 100, 74232, 70
2026/07/29 18:16:01.888, 304.55, 100, 74232, 70
2026/07/29 18:16:02.925, 304.91, 100, 74232, 70
2026/07/29 18:16:03.963, 302.18, 100, 74232, 70
2026/07/29 18:16:05.002, 303.78, 100, 74232, 70
2026/07/29 18:16:06.039, 296.45, 100, 74232, 70
2026/07/29 18:16:07.085, 299.77, 100, 74232, 70
2026/07/29 18:16:08.123, 302.69, 100, 74232, 70
2026/07/29 18:16:09.160, 295.02, 100, 74232, 70
2026/07/29 18:16:10.197, 297.83, 100, 74232, 70
2026/07/29 18:16:11.234, 293.14, 100, 74232, 70
2026/07/29 18:16:12.272, 293.45, 100, 74232, 70
2026/07/29 18:16:13.309, 296.37, 100, 74232, 70
2026/07/29 18:16:14.347, 297.83, 100, 74232, 70
2026/07/29 18:16:15.384, 302.27, 100, 74232, 70
2026/07/29 18:16:16.423, 301.61, 100, 74232, 70
2026/07/29 18:16:17.460, 303.55, 100, 74232, 70
2026/07/29 18:16:18.498, 305.32, 100, 74232, 70
2026/07/29 18:16:19.535, 300.23, 100, 74232, 70
2026/07/29 18:16:20.573, 297.85, 100, 74232, 70
2026/07/29 18:16:21.613, 297.73, 100, 74232, 70
2026/07/29 18:16:22.656, 296.37, 100, 74232, 70
2026/07/29 18:16:23.694, 297.37, 100, 74232, 70
2026/07/29 18:16:24.732, 295.28, 100, 74232, 70
2026/07/29 18:16:25.771, 294.82, 100, 74232, 70
2026/07/29 18:16:26.809, 302.48, 100, 74232, 70
2026/07/29 18:16:27.852, 300.74, 100, 74232, 70
2026/07/29 18:16:28.891, 304.05, 100, 74232, 70
2026/07/29 18:16:29.929, 294.43, 100, 74232, 70
2026/07/29 18:16:30.968, 95.93, 100, 74232, 71
2026/07/29 18:16:32.004, 301.84, 100, 74232, 72
2026/07/29 18:16:33.039, 280.92, 100, 74232, 71
2026/07/29 18:16:34.075, 305.90, 100, 74232, 72
2026/07/29 18:16:35.114, 304.01, 100, 74232, 72
2026/07/29 18:16:36.149, 309.51, 100, 74232, 72
2026/07/29 18:16:37.185, 278.17, 100, 74232, 72
2026/07/29 18:16:38.233, 295.20, 100, 74232, 70
2026/07/29 18:16:39.272, 285.06, 100, 74232, 70
2026/07/29 18:16:40.310, 292.58, 100, 74232, 70
2026/07/29 18:16:41.350, 289.78, 100, 74232, 70
2026/07/29 18:16:42.390, 292.12, 100, 74232, 70
2026/07/29 18:16:43.428, 300.16, 100, 74232, 70
2026/07/29 18:16:44.468, 297.15, 100, 74232, 70
2026/07/29 18:16:45.505, 299.02, 100, 74232, 70
2026/07/29 18:16:46.542, 296.46, 100, 74232, 70
2026/07/29 18:16:47.580, 297.84, 100, 74232, 70
2026/07/29 18:16:48.617, 294.15, 100, 74232, 70
2026/07/29 18:16:49.655, 299.29, 100, 74232, 70
2026/07/29 18:16:50.693, 295.61, 100, 74232, 71
2026/07/29 18:16:51.730, 303.57, 100, 74232, 71
2026/07/29 18:16:52.769, 304.73, 100, 74232, 71
2026/07/29 18:16:53.806, 301.22, 100, 74232, 71
2026/07/29 18:16:54.846, 384.93, 45, 74232, 72
2026/07/29 18:16:55.882, 296.17, 100, 74232, 72
2026/07/29 18:16:56.917, 292.03, 100, 74232, 72
2026/07/29 18:16:57.958, 324.34, 100, 74232, 72
2026/07/29 18:16:58.994, 295.67, 100, 74232, 72
2026/07/29 18:17:00.030, 301.54, 100, 74232, 72
2026/07/29 18:17:01.073, 288.12, 100, 74232, 72
2026/07/29 18:17:02.110, 303.95, 100, 74232, 71
2026/07/29 18:17:03.153, 291.20, 100, 74232, 70
2026/07/29 18:17:04.191, 288.80, 100, 74232, 70
2026/07/29 18:17:05.229, 296.96, 100, 74232, 71
2026/07/29 18:17:06.268, 297.24, 100, 74232, 71
2026/07/29 18:17:07.306, 297.74, 100, 74232, 71
2026/07/29 18:17:08.344, 300.25, 100, 74232, 71
2026/07/29 18:17:09.381, 305.58, 100, 74232, 71
2026/07/29 18:17:10.419, 299.28, 100, 74232, 71
2026/07/29 18:17:11.457, 296.47, 100, 74232, 71
2026/07/29 18:17:12.495, 298.52, 100, 74232, 71
2026/07/29 18:17:13.535, 298.69, 100, 74232, 71
2026/07/29 18:17:14.573, 296.25, 100, 74232, 71
2026/07/29 18:17:15.612, 297.81, 100, 74232, 71
2026/07/29 18:17:16.650, 298.39, 100, 74232, 71
2026/07/29 18:17:17.687, 96.71, 0, 74232, 68
2026/07/29 18:17:18.720, 295.59, 100, 74232, 72
2026/07/29 18:17:19.756, 288.01, 100, 74232, 72
2026/07/29 18:17:20.796, 301.02, 100, 74232, 72
2026/07/29 18:17:21.832, 287.51, 100, 74232, 72
2026/07/29 18:17:22.870, 286.29, 100, 74232, 72
2026/07/29 18:17:23.905, 286.43, 100, 74232, 72
2026/07/29 18:17:24.940, 298.83, 100, 74232, 70
2026/07/29 18:17:25.977, 303.58, 100, 74232, 70
2026/07/29 18:17:27.015, 301.13, 100, 74232, 70
2026/07/29 18:17:28.054, 304.91, 100, 74232, 70
2026/07/29 18:17:29.091, 303.92, 100, 74232, 71
2026/07/29 18:17:30.131, 305.52, 100, 74232, 71
2026/07/29 18:17:31.168, 305.78, 100, 74232, 71
2026/07/29 18:17:32.206, 301.79, 100, 74232, 71
2026/07/29 18:17:33.243, 304.81, 100, 74232, 71
2026/07/29 18:17:34.281, 294.22, 100, 74232, 71
2026/07/29 18:17:35.318, 289.29, 100, 74232, 71
2026/07/29 18:17:36.358, 297.04, 100, 74232, 71
2026/07/29 18:17:37.397, 301.79, 100, 74232, 71
2026/07/29 18:17:38.435, 298.32, 100, 74232, 71
2026/07/29 18:17:39.478, 304.61, 100, 74232, 71
2026/07/29 18:17:40.516, 304.80, 100, 74232, 71
2026/07/29 18:17:41.553, 304.43, 100, 74232, 71
2026/07/29 18:17:42.591, 302.78, 100, 74232, 71
2026/07/29 18:17:43.629, 296.26, 100, 74232, 70
2026/07/29 18:17:44.667, 304.43, 100, 74232, 71
2026/07/29 18:17:45.704, 301.82, 100, 74232, 71
2026/07/29 18:17:46.747, 302.66, 100, 74232, 70
2026/07/29 18:17:47.786, 300.64, 100, 74232, 70
2026/07/29 18:17:48.823, 305.30, 100, 74232, 70
2026/07/29 18:17:49.861, 304.32, 100, 74232, 70
2026/07/29 18:17:50.899, 304.70, 100, 74232, 70
2026/07/29 18:17:51.937, 305.23, 100, 74232, 70
2026/07/29 18:17:52.976, 303.67, 100, 74232, 70
2026/07/29 18:17:54.017, 297.35, 100, 74232, 70
2026/07/29 18:17:55.056, 297.54, 100, 74232, 70
2026/07/29 18:17:56.094, 292.28, 100, 74232, 70
2026/07/29 18:17:57.132, 303.73, 100, 74232, 70
2026/07/29 18:17:58.169, 304.14, 100, 74232, 70
2026/07/29 18:17:59.207, 298.50, 100, 74232, 70
2026/07/29 18:18:00.244, 302.97, 100, 74232, 70
2026/07/29 18:18:01.281, 96.11, 0, 74232, 67
2026/07/29 18:18:02.355, 300.15, 100, 74232, 72
2026/07/29 18:18:03.394, 298.37, 100, 74232, 72
2026/07/29 18:18:04.429, 293.58, 100, 74232, 72
2026/07/29 18:18:05.464, 287.24, 100, 74232, 72
2026/07/29 18:18:06.499, 264.83, 100, 74232, 72
2026/07/29 18:18:07.542, 295.11, 100, 74232, 72
2026/07/29 18:18:08.577, 302.11, 100, 74232, 70
2026/07/29 18:18:09.616, 304.32, 100, 74232, 70
2026/07/29 18:18:10.654, 304.24, 100, 74232, 70
2026/07/29 18:18:11.693, 300.46, 100, 74232, 70
2026/07/29 18:18:12.730, 303.93, 100, 74232, 70
2026/07/29 18:18:13.767, 304.46, 100, 74232, 70
2026/07/29 18:18:14.804, 300.04, 100, 74232, 71
2026/07/29 18:18:15.841, 304.32, 100, 74232, 71
2026/07/29 18:18:16.879, 305.73, 100, 74232, 71
2026/07/29 18:18:17.916, 305.67, 100, 74232, 71
2026/07/29 18:18:18.954, 303.83, 100, 74232, 71
2026/07/29 18:18:19.992, 305.11, 100, 74232, 71
2026/07/29 18:18:21.032, 304.75, 100, 74232, 71
2026/07/29 18:18:22.069, 301.33, 100, 74232, 71
2026/07/29 18:18:23.107, 305.18, 100, 74232, 71
2026/07/29 18:18:24.144, 298.99, 100, 74232, 71
2026/07/29 18:18:25.183, 303.17, 100, 74232, 71
2026/07/29 18:18:26.224, 298.39, 100, 74232, 71
2026/07/29 18:18:27.261, 297.42, 100, 74232, 70
2026/07/29 18:18:28.298, 297.93, 100, 74232, 70
2026/07/29 18:18:29.336, 298.20, 100, 74232, 70
2026/07/29 18:18:30.373, 296.66, 100, 74232, 70
2026/07/29 18:18:31.411, 297.34, 100, 74232, 70
2026/07/29 18:18:32.454, 296.94, 100, 74232, 70
2026/07/29 18:18:33.496, 296.45, 100, 74232, 70
2026/07/29 18:18:34.534, 298.22, 100, 74232, 70
2026/07/29 18:18:35.574, 294.14, 100, 74232, 70
2026/07/29 18:18:36.610, 293.94, 100, 74232, 70
2026/07/29 18:18:37.648, 297.16, 100, 74232, 70
2026/07/29 18:18:38.685, 297.63, 100, 74232, 70
2026/07/29 18:18:39.723, 295.59, 100, 74232, 70
2026/07/29 18:18:40.760, 295.38, 100, 74232, 70
2026/07/29 18:18:41.799, 297.35, 100, 74232, 70
2026/07/29 18:18:42.837, 297.14, 100, 74232, 70
2026/07/29 18:18:43.874, 296.36, 100, 74232, 70
2026/07/29 18:18:44.916, 297.22, 100, 74232, 70
2026/07/29 18:18:45.954, 289.45, 100, 74232, 70
2026/07/29 18:18:46.991, 297.52, 100, 74232, 70
2026/07/29 18:18:48.030, 300.93, 100, 74232, 71
2026/07/29 18:18:49.069, 304.51, 100, 74232, 71
2026/07/29 18:18:50.111, 298.32, 100, 74232, 70
2026/07/29 18:18:51.149, 292.50, 100, 74232, 70
2026/07/29 18:18:52.188, 298.12, 100, 74232, 70
2026/07/29 18:18:53.225, 298.49, 100, 74232, 70
2026/07/29 18:18:54.262, 296.96, 100, 74232, 70
2026/07/29 18:18:55.300, 299.88, 100, 74232, 70
2026/07/29 18:18:56.337, 293.55, 100, 74232, 70
2026/07/29 18:18:57.374, 297.62, 100, 74232, 70
2026/07/29 18:18:58.412, 298.60, 100, 74232, 70
2026/07/29 18:18:59.450, 294.12, 100, 74232, 70
2026/07/29 18:19:00.487, 296.65, 100, 74232, 70
2026/07/29 18:19:01.525, 296.93, 100, 74232, 70
2026/07/29 18:19:02.568, 303.45, 100, 74232, 70
2026/07/29 18:19:03.607, 292.58, 100, 74232, 70
2026/07/29 18:19:04.645, 301.91, 100, 74232, 70
2026/07/29 18:19:05.684, 299.66, 100, 74232, 70
2026/07/29 18:19:06.721, 303.35, 100, 74232, 70
2026/07/29 18:19:07.758, 304.95, 100, 74232, 70
2026/07/29 18:19:08.798, 299.46, 100, 74232, 70
2026/07/29 18:19:09.834, 298.79, 100, 74232, 70
2026/07/29 18:19:10.872, 305.05, 100, 74232, 70
2026/07/29 18:19:11.910, 302.49, 100, 74232, 70
2026/07/29 18:19:12.949, 305.00, 100, 74232, 70
2026/07/29 18:19:13.986, 303.76, 100, 74232, 70
2026/07/29 18:19:15.023, 307.56, 100, 74232, 70
2026/07/29 18:19:16.060, 297.22, 100, 74232, 70
2026/07/29 18:19:17.097, 304.71, 100, 74232, 70
2026/07/29 18:19:18.135, 304.15, 100, 74232, 70
2026/07/29 18:19:19.173, 307.07, 100, 74232, 70
2026/07/29 18:19:20.210, 302.89, 100, 74232, 70
2026/07/29 18:19:21.251, 302.28, 100, 74232, 70
2026/07/29 18:19:22.290, 303.75, 100, 74232, 70
2026/07/29 18:19:23.328, 304.94, 100, 74232, 70
2026/07/29 18:19:24.368, 308.10, 100, 74232, 70
2026/07/29 18:19:25.407, 302.60, 100, 74232, 70
2026/07/29 18:19:26.445, 304.75, 100, 74232, 70
2026/07/29 18:19:27.483, 296.87, 100, 74232, 70
2026/07/29 18:19:28.523, 293.07, 100, 74232, 70
2026/07/29 18:19:29.561, 296.37, 100, 74232, 70
2026/07/29 18:19:30.598, 292.39, 100, 74232, 70
2026/07/29 18:19:31.635, 305.39, 100, 74232, 70
2026/07/29 18:19:32.673, 298.03, 100, 74232, 70
2026/07/29 18:19:33.711, 294.32, 100, 74232, 70
2026/07/29 18:19:34.749, 295.88, 100, 74232, 70
2026/07/29 18:19:35.787, 298.02, 100, 74232, 70
2026/07/29 18:19:36.824, 296.08, 100, 74232, 70
2026/07/29 18:19:37.864, 299.86, 100, 74232, 70
2026/07/29 18:19:38.902, 302.56, 100, 74232, 70
2026/07/29 18:19:39.939, 304.73, 100, 74232, 70
2026/07/29 18:19:40.977, 305.30, 100, 74232, 70
2026/07/29 18:19:42.015, 302.46, 100, 74232, 70
2026/07/29 18:19:43.052, 300.35, 100, 74232, 70
2026/07/29 18:19:44.092, 296.27, 100, 74232, 70
2026/07/29 18:19:45.130, 297.64, 100, 74232, 70
2026/07/29 18:19:46.168, 294.71, 100, 74232, 70
2026/07/29 18:19:47.211, 296.07, 100, 74232, 70
2026/07/29 18:19:48.250, 297.42, 100, 74232, 70
2026/07/29 18:19:49.288, 298.11, 100, 74232, 70
2026/07/29 18:19:50.328, 301.73, 100, 74232, 70
2026/07/29 18:19:51.365, 298.21, 100, 74232, 70
2026/07/29 18:19:52.406, 304.16, 100, 74232, 70
2026/07/29 18:19:53.443, 304.12, 100, 74232, 70
2026/07/29 18:19:54.481, 296.97, 100, 74232, 70
2026/07/29 18:19:55.519, 294.21, 100, 74232, 70
2026/07/29 18:19:56.556, 302.29, 100, 74232, 70
2026/07/29 18:19:57.593, 303.35, 100, 74232, 70
2026/07/29 18:19:58.629, 304.95, 100, 74232, 70
2026/07/29 18:19:59.668, 302.67, 100, 74232, 70
2026/07/29 18:20:00.706, 298.30, 100, 74232, 70
2026/07/29 18:20:01.748, 303.26, 100, 74232, 70
2026/07/29 18:20:02.785, 305.51, 100, 74232, 70
2026/07/29 18:20:03.823, 298.01, 100, 74232, 70
2026/07/29 18:20:04.861, 298.70, 100, 74232, 70
2026/07/29 18:20:05.901, 305.03, 100, 74232, 70
2026/07/29 18:20:06.940, 303.94, 100, 74232, 70
2026/07/29 18:20:07.977, 301.32, 100, 74232, 70
2026/07/29 18:20:09.017, 303.25, 100, 74232, 70
2026/07/29 18:20:10.054, 296.26, 100, 74232, 70
2026/07/29 18:20:11.094, 297.64, 100, 74232, 70
2026/07/29 18:20:12.131, 296.56, 100, 74232, 70
2026/07/29 18:20:13.169, 303.04, 100, 74232, 70
2026/07/29 18:20:14.207, 296.85, 100, 74232, 70
2026/07/29 18:20:15.244, 297.91, 100, 74232, 70
2026/07/29 18:20:16.282, 294.33, 100, 74232, 70
2026/07/29 18:20:17.320, 299.67, 100, 74232, 70
2026/07/29 18:20:18.358, 297.71, 100, 74232, 70
2026/07/29 18:20:19.396, 304.04, 100, 74232, 70
2026/07/29 18:20:20.435, 304.61, 100, 74232, 70
2026/07/29 18:20:21.472, 296.08, 100, 74232, 70
2026/07/29 18:20:22.513, 297.45, 100, 74232, 70
2026/07/29 18:20:23.551, 301.59, 100, 74232, 70
2026/07/29 18:20:24.589, 297.92, 100, 74232, 70
2026/07/29 18:20:25.628, 292.28, 100, 74232, 70
2026/07/29 18:20:26.665, 297.34, 100, 74232, 70
2026/07/29 18:20:27.703, 296.67, 100, 74232, 70
2026/07/29 18:20:28.740, 297.74, 100, 74232, 70
2026/07/29 18:20:29.780, 297.14, 100, 74232, 70
2026/07/29 18:20:30.818, 295.47, 100, 74232, 70
2026/07/29 18:20:31.855, 296.73, 100, 74232, 70
2026/07/29 18:20:32.894, 297.94, 100, 74232, 70
2026/07/29 18:20:33.939, 298.22, 100, 74232, 70
2026/07/29 18:20:34.976, 295.79, 100, 74232, 70
2026/07/29 18:20:36.014, 300.61, 100, 74232, 70
2026/07/29 18:20:37.051, 299.95, 100, 74232, 70
2026/07/29 18:20:38.089, 299.03, 15, 74232, 71
2026/07/29 18:20:39.126, 300.48, 100, 74232, 71
2026/07/29 18:20:40.165, 305.97, 100, 74232, 71
2026/07/29 18:20:41.200, 299.49, 100, 74232, 72
2026/07/29 18:20:42.236, 300.44, 100, 74232, 72
2026/07/29 18:20:43.277, 311.57, 100, 74232, 71
2026/07/29 18:20:44.312, 318.05, 100, 74232, 72
2026/07/29 18:20:45.347, 300.35, 100, 74232, 70
2026/07/29 18:20:46.387, 301.32, 100, 74232, 70
2026/07/29 18:20:47.426, 303.75, 100, 74232, 70
2026/07/29 18:20:48.464, 307.04, 100, 74232, 70
2026/07/29 18:20:49.501, 303.45, 100, 74232, 70
2026/07/29 18:20:50.539, 304.51, 100, 74232, 70
2026/07/29 18:20:51.577, 296.08, 100, 74232, 70
2026/07/29 18:20:52.614, 295.01, 100, 74232, 70
2026/07/29 18:20:53.651, 297.14, 100, 74232, 70
2026/07/29 18:20:54.689, 297.05, 100, 74232, 70
2026/07/29 18:20:55.729, 293.24, 100, 74232, 70
2026/07/29 18:20:56.766, 302.18, 100, 74232, 70
2026/07/29 18:20:57.803, 297.43, 100, 74232, 70
2026/07/29 18:20:58.841, 298.41, 100, 74232, 70
2026/07/29 18:20:59.879, 296.35, 100, 74232, 70
2026/07/29 18:21:00.917, 304.37, 100, 74232, 70
2026/07/29 18:21:01.953, 297.93, 100, 74232, 70
2026/07/29 18:21:02.991, 297.06, 100, 74232, 70
2026/07/29 18:21:04.031, 303.95, 100, 74232, 70
2026/07/29 18:21:05.069, 298.21, 100, 74232, 70
2026/07/29 18:21:06.107, 299.46, 100, 74232, 70
2026/07/29 18:21:07.145, 296.37, 100, 74232, 71
2026/07/29 18:21:08.183, 300.83, 100, 74232, 70
2026/07/29 18:21:09.221, 304.62, 100, 74232, 71
2026/07/29 18:21:10.259, 299.46, 100, 74232, 70
2026/07/29 18:21:11.299, 303.86, 100, 74232, 71
2026/07/29 18:21:12.336, 301.62, 100, 74232, 71
2026/07/29 18:21:13.372, 295.60, 100, 74232, 70
2026/07/29 18:21:14.408, 304.42, 100, 74232, 70
2026/07/29 18:21:15.448, 293.84, 100, 74232, 70
2026/07/29 18:21:16.485, 292.96, 100, 74232, 70
2026/07/29 18:21:17.526, 296.75, 100, 74232, 70
2026/07/29 18:21:18.565, 296.94, 100, 74232, 70
2026/07/29 18:21:19.603, 297.07, 100, 74232, 70
2026/07/29 18:21:20.640, 295.38, 100, 74232, 70
2026/07/29 18:21:21.679, 301.91, 100, 74232, 70
2026/07/29 18:21:22.717, 303.97, 100, 74232, 70
2026/07/29 18:21:23.754, 297.04, 100, 74232, 70
2026/07/29 18:21:24.792, 300.52, 100, 74232, 70
2026/07/29 18:21:25.832, 304.42, 100, 74232, 70
2026/07/29 18:21:26.868, 305.20, 100, 74232, 70
2026/07/29 18:21:27.907, 300.14, 100, 74232, 70
2026/07/29 18:21:28.944, 298.39, 100, 74232, 70
2026/07/29 18:21:29.981, 304.07, 100, 74232, 70
2026/07/29 18:21:31.019, 297.65, 100, 74232, 70
2026/07/29 18:21:32.061, 300.05, 100, 74232, 70
2026/07/29 18:21:33.100, 303.15, 100, 74232, 70
2026/07/29 18:21:34.137, 304.56, 100, 74232, 70
2026/07/29 18:21:35.175, 294.24, 100, 74232, 70
2026/07/29 18:21:36.212, 291.12, 100, 74232, 70
2026/07/29 18:21:37.250, 295.87, 100, 74232, 70
2026/07/29 18:21:38.287, 297.64, 100, 74232, 70
2026/07/29 18:21:39.324, 303.35, 100, 74232, 70
2026/07/29 18:21:40.362, 295.29, 100, 74232, 70
2026/07/29 18:21:41.402, 297.34, 100, 74232, 70
2026/07/29 18:21:42.440, 298.42, 100, 74232, 70
2026/07/29 18:21:43.477, 304.51, 100, 74232, 71
2026/07/29 18:21:44.515, 301.33, 100, 74232, 71
2026/07/29 18:21:45.552, 301.61, 100, 74232, 71
2026/07/29 18:21:46.590, 304.42, 100, 74232, 71
2026/07/29 18:21:47.627, 305.49, 100, 74232, 71
2026/07/29 18:21:48.667, 305.82, 100, 74232, 71
2026/07/29 18:21:49.704, 295.19, 100, 74232, 71
2026/07/29 18:21:50.743, 303.75, 100, 74232, 71
2026/07/29 18:21:51.781, 304.36, 100, 74232, 71
2026/07/29 18:21:52.818, 305.24, 100, 74232, 71
2026/07/29 18:21:53.857, 305.95, 100, 74232, 71
2026/07/29 18:21:54.895, 304.99, 100, 74232, 71
2026/07/29 18:21:55.933, 297.83, 100, 74232, 70
2026/07/29 18:21:56.970, 296.88, 100, 74232, 70
2026/07/29 18:21:58.009, 295.29, 100, 74232, 70
2026/07/29 18:21:59.046, 294.91, 100, 74232, 70
2026/07/29 18:22:00.084, 296.86, 100, 74232, 70
2026/07/29 18:22:01.123, 298.05, 100, 74232, 70
2026/07/29 18:22:02.165, 297.45, 100, 74232, 70
2026/07/29 18:22:03.203, 295.41, 100, 74232, 70
2026/07/29 18:22:04.240, 297.72, 100, 74232, 70
2026/07/29 18:22:05.277, 297.35, 100, 74232, 70
2026/07/29 18:22:06.315, 297.83, 100, 74232, 70
2026/07/29 18:22:07.352, 295.28, 100, 74232, 70
2026/07/29 18:22:08.389, 294.91, 100, 74232, 70
2026/07/29 18:22:09.427, 294.03, 100, 74232, 70
2026/07/29 18:22:10.464, 297.15, 100, 74232, 70
2026/07/29 18:22:11.506, 294.23, 100, 74232, 70
2026/07/29 18:22:12.544, 295.39, 100, 74232, 70
2026/07/29 18:22:13.580, 293.66, 100, 74232, 70
2026/07/29 18:22:14.617, 291.04, 100, 74232, 70
2026/07/29 18:22:15.655, 290.26, 100, 74232, 70
2026/07/29 18:22:16.693, 286.05, 100, 74232, 70
2026/07/29 18:22:17.730, 297.14, 100, 74232, 70
2026/07/29 18:22:18.770, 296.66, 100, 74232, 70
2026/07/29 18:22:19.807, 297.35, 100, 74232, 70
2026/07/29 18:22:20.844, 292.68, 100, 74232, 70
2026/07/29 18:22:21.880, 300.24, 100, 74232, 70
2026/07/29 18:22:22.918, 303.25, 100, 74232, 70
2026/07/29 18:22:23.955, 305.10, 100, 74232, 70
2026/07/29 18:22:24.992, 301.02, 100, 74232, 70
2026/07/29 18:22:26.029, 300.34, 100, 74232, 70
2026/07/29 18:22:27.067, 300.62, 100, 74232, 70
2026/07/29 18:22:28.107, 304.81, 100, 74232, 70
2026/07/29 18:22:29.145, 304.03, 100, 74232, 70
2026/07/29 18:22:30.183, 302.18, 100, 74232, 70
2026/07/29 18:22:31.223, 304.80, 100, 74232, 70
2026/07/29 18:22:32.260, 304.22, 100, 74232, 70
2026/07/29 18:22:33.299, 304.61, 100, 74232, 70
2026/07/29 18:22:34.337, 302.38, 100, 74232, 70
2026/07/29 18:22:35.376, 297.62, 100, 74232, 70
2026/07/29 18:22:36.413, 298.21, 100, 74232, 70
2026/07/29 18:22:37.453, 299.96, 100, 74232, 70
2026/07/29 18:22:38.490, 301.92, 100, 74232, 70
2026/07/29 18:22:39.527, 294.52, 100, 74232, 70
2026/07/29 18:22:40.564, 296.76, 100, 74232, 70
2026/07/29 18:22:41.606, 294.74, 100, 74232, 70
2026/07/29 18:22:42.647, 300.84, 100, 74232, 70
2026/07/29 18:22:43.684, 301.80, 100, 74232, 70
2026/07/29 18:22:44.722, 298.10, 100, 74232, 70
2026/07/29 18:22:45.759, 296.17, 100, 74232, 70
2026/07/29 18:22:46.799, 298.90, 100, 74232, 70
2026/07/29 18:22:47.839, 294.04, 100, 74232, 70
2026/07/29 18:22:48.876, 294.62, 100, 74232, 70
2026/07/29 18:22:49.914, 296.36, 100, 74232, 70
2026/07/29 18:22:50.951, 304.75, 100, 74232, 70
2026/07/29 18:22:51.990, 304.91, 100, 74232, 70
2026/07/29 18:22:53.027, 293.05, 100, 74232, 70
2026/07/29 18:22:54.069, 298.11, 100, 74232, 70
2026/07/29 18:22:55.106, 298.24, 100, 74232, 70
2026/07/29 18:22:56.143, 297.35, 100, 74232, 70
2026/07/29 18:22:57.180, 297.14, 100, 74232, 70
2026/07/29 18:22:58.217, 295.59, 100, 74232, 70
2026/07/29 18:22:59.257, 295.00, 100, 74232, 70
2026/07/29 18:23:00.294, 296.48, 100, 74232, 70
2026/07/29 18:23:01.338, 298.04, 100, 74232, 70
2026/07/29 18:23:02.377, 298.11, 100, 74232, 70
2026/07/29 18:23:03.414, 286.83, 100, 74232, 70
2026/07/29 18:23:04.452, 289.48, 100, 74232, 70
2026/07/29 18:23:05.490, 295.21, 100, 74232, 70
2026/07/29 18:23:06.528, 296.77, 100, 74232, 70
2026/07/29 18:23:07.566, 294.42, 100, 74232, 70
2026/07/29 18:23:08.604, 298.10, 100, 74232, 70
2026/07/29 18:23:09.642, 293.17, 100, 74232, 70
2026/07/29 18:23:10.681, 300.43, 100, 74232, 70
2026/07/29 18:23:11.718, 299.58, 100, 74232, 70
2026/07/29 18:23:12.755, 304.16, 100, 74232, 70
2026/07/29 18:23:13.793, 303.86, 100, 74232, 70
2026/07/29 18:23:14.832, 297.83, 100, 74232, 70
2026/07/29 18:23:15.872, 300.24, 100, 74232, 70
2026/07/29 18:23:16.910, 299.00, 100, 74232, 70
2026/07/29 18:23:17.948, 303.64, 100, 74232, 70
2026/07/29 18:23:18.986, 303.25, 100, 74232, 70
2026/07/29 18:23:20.023, 298.13, 100, 74232, 70
2026/07/29 18:23:21.062, 296.26, 100, 74232, 70
2026/07/29 18:23:22.100, 300.24, 100, 74232, 70
2026/07/29 18:23:23.138, 295.88, 100, 74232, 70
2026/07/29 18:23:24.176, 297.54, 100, 74232, 70
2026/07/29 18:23:25.217, 300.64, 100, 74232, 70
2026/07/29 18:23:26.255, 295.88, 100, 74232, 70
2026/07/29 18:23:27.297, 292.88, 100, 74232, 70
2026/07/29 18:23:28.337, 297.66, 100, 74232, 70
2026/07/29 18:23:29.374, 294.52, 100, 74232, 70
2026/07/29 18:23:30.411, 296.64, 100, 74232, 70
2026/07/29 18:23:31.449, 298.69, 100, 74232, 70
2026/07/29 18:23:32.487, 296.36, 100, 74232, 70
2026/07/29 18:23:33.525, 308.95, 100, 74232, 70
2026/07/29 18:23:34.562, 295.48, 100, 74232, 70
2026/07/29 18:23:35.599, 295.58, 100, 74232, 70
2026/07/29 18:23:36.638, 296.76, 100, 74232, 70
2026/07/29 18:23:37.678, 304.54, 100, 74232, 70
2026/07/29 18:23:38.715, 301.04, 100, 74232, 70
2026/07/29 18:23:39.752, 302.18, 100, 74232, 70
2026/07/29 18:23:40.790, 303.86, 100, 74232, 70
2026/07/29 18:23:41.829, 297.82, 100, 74232, 70
2026/07/29 18:23:42.866, 294.61, 100, 74232, 70
2026/07/29 18:23:43.905, 292.48, 100, 74232, 70
2026/07/29 18:23:44.942, 295.88, 100, 74232, 70
2026/07/29 18:23:45.984, 295.48, 100, 74232, 70
2026/07/29 18:23:47.023, 303.97, 100, 74232, 70
2026/07/29 18:23:48.061, 304.47, 100, 74232, 70
2026/07/29 18:23:49.100, 304.45, 100, 74232, 70
2026/07/29 18:23:50.138, 308.30, 100, 74232, 70
2026/07/29 18:23:51.177, 296.76, 100, 74232, 70
2026/07/29 18:23:52.214, 293.93, 100, 74232, 70
2026/07/29 18:23:53.252, 297.23, 100, 74232, 70
2026/07/29 18:23:54.297, 296.64, 100, 74232, 70
2026/07/29 18:23:55.334, 297.22, 100, 74232, 70
2026/07/29 18:23:56.373, 297.64, 100, 74232, 70
2026/07/29 18:23:57.411, 294.80, 100, 74232, 70
2026/07/29 18:23:58.449, 297.64, 100, 74232, 70
2026/07/29 18:23:59.487, 293.75, 100, 74232, 70
2026/07/29 18:24:00.525, 296.57, 100, 74232, 70
2026/07/29 18:24:01.564, 295.79, 100, 74232, 70
2026/07/29 18:24:02.601, 297.92, 100, 74232, 70
2026/07/29 18:24:03.639, 302.59, 100, 74232, 70
2026/07/29 18:24:04.677, 301.53, 100, 74232, 70
2026/07/29 18:24:05.719, 292.08, 100, 74232, 70
2026/07/29 18:24:06.756, 292.28, 100, 74232, 70
2026/07/29 18:24:07.794, 297.64, 100, 74232, 70
2026/07/29 18:24:08.831, 304.75, 100, 74232, 70
2026/07/29 18:24:09.868, 308.12, 100, 74232, 70
2026/07/29 18:24:10.907, 298.38, 100, 74232, 70
2026/07/29 18:24:11.944, 294.03, 100, 74232, 70
2026/07/29 18:24:12.981, 295.70, 100, 74232, 70
2026/07/29 18:24:14.023, 296.48, 100, 74232, 70
2026/07/29 18:24:15.060, 296.27, 100, 74232, 70
2026/07/29 18:24:16.097, 304.91, 100, 74232, 70
2026/07/29 18:24:17.135, 298.33, 100, 74232, 70
2026/07/29 18:24:18.173, 298.12, 100, 74232, 70
2026/07/29 18:24:19.212, 301.14, 100, 74232, 70
2026/07/29 18:24:20.249, 294.61, 100, 74232, 70
2026/07/29 18:24:21.288, 297.06, 100, 74232, 70
2026/07/29 18:24:22.325, 303.77, 100, 74232, 70
2026/07/29 18:24:23.362, 304.26, 100, 74232, 70
2026/07/29 18:24:24.401, 300.75, 100, 74232, 70
2026/07/29 18:24:25.439, 304.43, 100, 74232, 70
2026/07/29 18:24:26.477, 298.32, 100, 74232, 70
2026/07/29 18:24:27.514, 295.31, 100, 74232, 70
2026/07/29 18:24:28.555, 292.49, 100, 74232, 70
2026/07/29 18:24:29.593, 294.55, 100, 74232, 70
2026/07/29 18:24:30.633, 303.74, 100, 74232, 70
2026/07/29 18:24:31.672, 303.55, 100, 74232, 70
2026/07/29 18:24:32.709, 304.43, 100, 74232, 70
2026/07/29 18:24:33.750, 304.73, 100, 74232, 70
2026/07/29 18:24:34.789, 304.61, 100, 74232, 70
2026/07/29 18:24:35.825, 305.20, 100, 74232, 70
2026/07/29 18:24:36.863, 300.45, 100, 74232, 70
2026/07/29 18:24:37.900, 297.02, 100, 74232, 70
2026/07/29 18:24:38.938, 302.95, 100, 74232, 70
2026/07/29 18:24:39.976, 304.32, 100, 74232, 70
2026/07/29 18:24:41.014, 303.76, 100, 74232, 70
2026/07/29 18:24:42.051, 297.15, 100, 74232, 70
2026/07/29 18:24:43.088, 297.82, 100, 74232, 70
2026/07/29 18:24:44.129, 307.27, 100, 74232, 70
2026/07/29 18:24:45.166, 303.24, 100, 74232, 70
2026/07/29 18:24:46.203, 304.72, 100, 74232, 70
2026/07/29 18:24:47.241, 297.83, 100, 74232, 70
2026/07/29 18:24:48.279, 292.29, 100, 74232, 70
2026/07/29 18:24:49.317, 300.73, 100, 74232, 70
2026/07/29 18:24:50.355, 302.60, 100, 74232, 70
2026/07/29 18:24:51.393, 304.03, 100, 74232, 70
2026/07/29 18:24:52.430, 304.52, 100, 74232, 70
2026/07/29 18:24:53.471, 304.14, 100, 74232, 70
2026/07/29 18:24:54.509, 293.77, 100, 74232, 70
2026/07/29 18:24:55.547, 303.16, 100, 74232, 70
2026/07/29 18:24:56.585, 293.65, 100, 74232, 70
2026/07/29 18:24:57.622, 302.80, 100, 74232, 70
2026/07/29 18:24:58.660, 290.05, 100, 74232, 70
2026/07/29 18:24:59.697, 296.15, 100, 74232, 70
2026/07/29 18:25:00.738, 297.34, 100, 74232, 70
2026/07/29 18:25:01.776, 304.99, 100, 74232, 70
2026/07/29 18:25:02.813, 297.45, 100, 74232, 70
2026/07/29 18:25:03.850, 297.65, 100, 74232, 70
2026/07/29 18:25:04.888, 294.60, 100, 74232, 70
2026/07/29 18:25:05.925, 297.93, 100, 74232, 70
2026/07/29 18:25:06.962, 291.59, 100, 74232, 70
2026/07/29 18:25:08.004, 295.58, 100, 74232, 70
2026/07/29 18:25:09.043, 301.51, 100, 74232, 70
2026/07/29 18:25:10.081, 302.71, 100, 74232, 70
2026/07/29 18:25:11.118, 304.06, 100, 74232, 70
2026/07/29 18:25:12.156, 303.35, 100, 74232, 70
2026/07/29 18:25:13.194, 304.69, 100, 74232, 70
2026/07/29 18:25:14.236, 305.68, 100, 74232, 70
2026/07/29 18:25:15.275, 304.10, 100, 74232, 70
2026/07/29 18:25:16.313, 304.61, 100, 74232, 70
2026/07/29 18:25:17.352, 295.10, 100, 74232, 70
2026/07/29 18:25:18.390, 299.26, 100, 74232, 70
2026/07/29 18:25:19.427, 293.36, 100, 74232, 70
2026/07/29 18:25:20.463, 296.06, 100, 74232, 70
2026/07/29 18:25:21.501, 296.65, 100, 74232, 70
2026/07/29 18:25:22.539, 295.10, 100, 74232, 70
2026/07/29 18:25:23.580, 296.74, 100, 74232, 70
2026/07/29 18:25:24.617, 297.42, 100, 74232, 70
2026/07/29 18:25:25.655, 297.43, 100, 74232, 70
2026/07/29 18:25:26.693, 304.88, 100, 74232, 70
2026/07/29 18:25:27.732, 298.13, 100, 74232, 70
2026/07/29 18:25:28.771, 294.12, 100, 74232, 70
2026/07/29 18:25:29.809, 298.51, 100, 74232, 70
2026/07/29 18:25:30.849, 298.60, 100, 74232, 70
2026/07/29 18:25:31.886, 302.62, 100, 74232, 70
2026/07/29 18:25:32.924, 299.57, 100, 74232, 70
2026/07/29 18:25:33.962, 295.10, 100, 74232, 70
2026/07/29 18:25:34.999, 298.22, 100, 74232, 70
2026/07/29 18:25:36.038, 294.90, 100, 74232, 70
2026/07/29 18:25:37.076, 291.98, 100, 74232, 70
2026/07/29 18:25:38.114, 133.79, 100, 74232, 68
2026/07/29 18:25:39.147, 293.74, 100, 74232, 72
2026/07/29 18:25:40.183, 299.48, 100, 74232, 72
2026/07/29 18:25:41.220, 307.55, 100, 74232, 72
2026/07/29 18:25:42.255, 284.52, 100, 74232, 72
2026/07/29 18:25:43.290, 317.27, 100, 74232, 72
2026/07/29 18:25:44.324, 277.21, 100, 74232, 72
2026/07/29 18:25:45.362, 278.58, 100, 74232, 70
2026/07/29 18:25:46.406, 286.04, 100, 74232, 70
2026/07/29 18:25:47.444, 288.57, 100, 74232, 70
2026/07/29 18:25:48.482, 299.11, 100, 74232, 70
2026/07/29 18:25:49.520, 295.20, 100, 74232, 70
2026/07/29 18:25:50.558, 297.54, 100, 74232, 70
2026/07/29 18:25:51.596, 298.51, 100, 74232, 71
2026/07/29 18:25:52.634, 296.26, 100, 74232, 71
2026/07/29 18:25:53.671, 297.53, 100, 74232, 71
2026/07/29 18:25:54.709, 299.00, 100, 74232, 71
2026/07/29 18:25:55.747, 297.42, 100, 74232, 71
2026/07/29 18:25:56.784, 297.04, 100, 74232, 71
2026/07/29 18:25:57.821, 298.89, 100, 74232, 71
2026/07/29 18:25:58.862, 295.95, 100, 74232, 71
2026/07/29 18:25:59.899, 303.82, 100, 74232, 71
2026/07/29 18:26:00.936, 298.23, 100, 74232, 71
2026/07/29 18:26:01.974, 292.39, 100, 74232, 71
2026/07/29 18:26:03.011, 136.89, 75, 74232, 69
2026/07/29 18:26:04.045, 302.49, 100, 74232, 72
2026/07/29 18:26:05.088, 299.47, 100, 74232, 72
2026/07/29 18:26:06.124, 307.91, 100, 74232, 72
2026/07/29 18:26:07.163, 287.32, 100, 74232, 72
2026/07/29 18:26:08.198, 297.60, 100, 74232, 72
2026/07/29 18:26:09.233, 318.72, 100, 74232, 72
2026/07/29 18:26:10.276, 300.17, 100, 74232, 72
2026/07/29 18:26:11.313, 303.84, 100, 74232, 70
2026/07/29 18:26:12.355, 304.54, 100, 74232, 70
2026/07/29 18:26:13.393, 299.94, 100, 74232, 70
2026/07/29 18:26:14.431, 304.13, 100, 74232, 71
2026/07/29 18:26:15.468, 305.49, 100, 74232, 71
2026/07/29 18:26:16.506, 302.17, 100, 74232, 71
2026/07/29 18:26:17.545, 293.16, 100, 74232, 71
2026/07/29 18:26:18.582, 296.77, 100, 74232, 71
2026/07/29 18:26:19.623, 294.24, 100, 74232, 71
2026/07/29 18:26:20.660, 292.40, 100, 74232, 71
2026/07/29 18:26:21.697, 297.42, 100, 74232, 71
2026/07/29 18:26:22.733, 306.31, 100, 74232, 71
2026/07/29 18:26:23.770, 304.22, 100, 74232, 71
2026/07/29 18:26:24.807, 298.21, 100, 74232, 71
2026/07/29 18:26:25.845, 298.42, 100, 74232, 71
2026/07/29 18:26:26.882, 299.09, 100, 74232, 71
2026/07/29 18:26:27.920, 299.59, 100, 74232, 71
2026/07/29 18:26:28.960, 299.01, 100, 74232, 71
2026/07/29 18:26:30.001, 304.34, 100, 74232, 71
2026/07/29 18:26:31.038, 298.12, 100, 74232, 71
2026/07/29 18:26:32.075, 288.80, 100, 74232, 71
2026/07/29 18:26:33.114, 297.12, 100, 74232, 71
2026/07/29 18:26:34.152, 301.41, 100, 74232, 71
2026/07/29 18:26:35.189, 295.11, 100, 74232, 71
2026/07/29 18:26:36.228, 293.84, 100, 74232, 71
2026/07/29 18:26:37.266, 290.73, 100, 74232, 70
2026/07/29 18:26:38.303, 293.54, 100, 74232, 70
2026/07/29 18:26:39.339, 298.70, 100, 74232, 71
2026/07/29 18:26:40.376, 300.14, 100, 74232, 71
2026/07/29 18:26:41.414, 301.99, 100, 74232, 71
2026/07/29 18:26:42.454, 304.81, 100, 74232, 71
2026/07/29 18:26:43.492, 304.90, 100, 74232, 71
2026/07/29 18:26:44.530, 297.83, 100, 74232, 71
2026/07/29 18:26:45.568, 293.15, 100, 74232, 71
2026/07/29 18:26:46.610, 297.92, 100, 74232, 71
2026/07/29 18:26:47.648, 298.33, 100, 74232, 71
2026/07/29 18:26:48.686, 297.33, 100, 74232, 71
2026/07/29 18:26:49.729, 296.55, 100, 74232, 71
2026/07/29 18:26:50.766, 296.18, 100, 74232, 71
2026/07/29 18:26:51.803, 298.61, 100, 74232, 71
2026/07/29 18:26:52.841, 291.70, 100, 74232, 71
2026/07/29 18:26:53.879, 297.25, 100, 74232, 71
2026/07/29 18:26:54.917, 304.70, 100, 74232, 71
2026/07/29 18:26:55.956, 300.57, 100, 74232, 71
2026/07/29 18:26:56.994, 303.34, 100, 74232, 71
2026/07/29 18:26:58.034, 303.93, 100, 74232, 71
2026/07/29 18:26:59.072, 305.40, 100, 74232, 70
2026/07/29 18:27:00.112, 297.84, 100, 74232, 70
2026/07/29 18:27:01.149, 295.77, 100, 74232, 70
2026/07/29 18:27:02.187, 304.54, 100, 74232, 70
2026/07/29 18:27:03.224, 300.23, 100, 74232, 70
2026/07/29 18:27:04.264, 292.10, 100, 74232, 70
2026/07/29 18:27:05.302, 297.90, 100, 74232, 70
2026/07/29 18:27:06.340, 297.73, 100, 74232, 70
2026/07/29 18:27:07.378, 293.94, 100, 74232, 70
2026/07/29 18:27:08.416, 294.13, 100, 74232, 70
2026/07/29 18:27:09.453, 295.97, 100, 74232, 70
2026/07/29 18:27:10.491, 297.93, 100, 74232, 70
2026/07/29 18:27:11.529, 304.55, 100, 74232, 70
2026/07/29 18:27:12.566, 299.77, 100, 74232, 70
2026/07/29 18:27:13.604, 300.15, 100, 74232, 70
2026/07/29 18:27:14.641, 300.52, 100, 74232, 70
2026/07/29 18:27:15.683, 294.21, 100, 74232, 70
2026/07/29 18:27:16.722, 293.45, 100, 74232, 70
2026/07/29 18:27:17.759, 300.64, 100, 74232, 70
2026/07/29 18:27:18.796, 303.54, 100, 74232, 71
2026/07/29 18:27:19.832, 307.04, 100, 74232, 71
2026/07/29 18:27:20.869, 300.63, 100, 74232, 70
2026/07/29 18:27:21.908, 289.56, 100, 74232, 70
2026/07/29 18:27:22.945, 296.96, 100, 74232, 70
2026/07/29 18:27:23.983, 297.91, 100, 74232, 71
2026/07/29 18:27:25.020, 305.59, 100, 74232, 71
2026/07/29 18:27:26.058, 291.79, 100, 74232, 70
2026/07/29 18:27:27.096, 297.53, 100, 74232, 71
2026/07/29 18:27:28.134, 297.26, 100, 74232, 71
2026/07/29 18:27:29.171, 303.09, 100, 74232, 71
2026/07/29 18:27:30.208, 306.46, 100, 74232, 71
2026/07/29 18:27:31.245, 293.35, 100, 74232, 71
2026/07/29 18:27:32.287, 297.23, 100, 74232, 71
2026/07/29 18:27:33.325, 294.74, 100, 74232, 71
2026/07/29 18:27:34.362, 295.20, 100, 74232, 71
2026/07/29 18:27:35.399, 300.63, 100, 74232, 71
2026/07/29 18:27:36.436, 298.32, 100, 74232, 71
2026/07/29 18:27:37.475, 298.03, 100, 74232, 71
2026/07/29 18:27:38.513, 299.01, 100, 74232, 71
2026/07/29 18:27:39.551, 295.58, 100, 74232, 71
2026/07/29 18:27:40.589, 297.14, 100, 74232, 71
2026/07/29 18:27:41.627, 297.71, 100, 74232, 71
2026/07/29 18:27:42.664, 299.01, 100, 74232, 71
2026/07/29 18:27:43.703, 297.71, 100, 74232, 71
2026/07/29 18:27:44.741, 294.34, 100, 74232, 71
2026/07/29 18:27:45.781, 297.25, 100, 74232, 71
2026/07/29 18:27:46.819, 299.09, 100, 74232, 71
2026/07/29 18:27:47.857, 298.80, 100, 74232, 71
2026/07/29 18:27:48.896, 294.13, 100, 74232, 71
2026/07/29 18:27:49.934, 289.35, 100, 74232, 71
2026/07/29 18:27:50.973, 287.41, 100, 74232, 71
2026/07/29 18:27:52.011, 298.21, 100, 74232, 71
2026/07/29 18:27:53.049, 299.31, 100, 74232, 71
2026/07/29 18:27:54.087, 296.63, 100, 74232, 71
2026/07/29 18:27:55.125, 296.47, 100, 74232, 71
2026/07/29 18:27:56.163, 298.04, 100, 74232, 71
2026/07/29 18:27:57.202, 298.43, 100, 74232, 71
2026/07/29 18:27:58.240, 298.15, 100, 74232, 71
2026/07/29 18:27:59.279, 296.68, 100, 74232, 71
2026/07/29 18:28:00.318, 295.39, 100, 74232, 70
2026/07/29 18:28:01.357, 297.63, 100, 74232, 71
2026/07/29 18:28:02.396, 298.51, 100, 74232, 70
2026/07/29 18:28:03.434, 296.07, 100, 74232, 70
2026/07/29 18:28:04.479, 296.08, 100, 74232, 70
2026/07/29 18:28:05.517, 297.04, 100, 74232, 70
2026/07/29 18:28:06.555, 298.42, 100, 74232, 70
2026/07/29 18:28:07.593, 300.94, 100, 74232, 70
2026/07/29 18:28:08.631, 297.13, 100, 74232, 70
2026/07/29 18:28:09.669, 298.31, 100, 74232, 70
2026/07/29 18:28:10.712, 297.13, 100, 74232, 71
2026/07/29 18:28:11.750, 291.91, 100, 74232, 70
2026/07/29 18:28:12.787, 296.08, 100, 74232, 70
2026/07/29 18:28:13.824, 291.88, 100, 74232, 70
2026/07/29 18:28:14.861, 297.90, 100, 74232, 70
2026/07/29 18:28:15.900, 306.16, 100, 74232, 70
2026/07/29 18:28:16.938, 296.76, 100, 74232, 70
2026/07/29 18:28:17.975, 96.01, 63, 74232, 70
2026/07/29 18:28:19.011, 297.51, 100, 74232, 72
2026/07/29 18:28:20.047, 298.60, 100, 74232, 72
2026/07/29 18:28:21.086, 288.79, 100, 74232, 72
2026/07/29 18:28:22.122, 303.71, 100, 74232, 72
2026/07/29 18:28:23.158, 287.11, 100, 74232, 72
2026/07/29 18:28:24.197, 282.53, 100, 74232, 72
2026/07/29 18:28:25.232, 264.52, 100, 74232, 70
2026/07/29 18:28:26.269, 296.86, 100, 74232, 70
2026/07/29 18:28:27.307, 302.91, 100, 74232, 70
2026/07/29 18:28:28.347, 291.78, 100, 74232, 70
2026/07/29 18:28:29.384, 302.00, 100, 74232, 70
2026/07/29 18:28:30.421, 298.41, 100, 74232, 70
2026/07/29 18:28:31.458, 294.03, 100, 74232, 70
2026/07/29 18:28:32.495, 305.57, 100, 74232, 71
2026/07/29 18:28:33.531, 303.34, 100, 74232, 71
2026/07/29 18:28:34.569, 304.75, 100, 74232, 71
2026/07/29 18:28:35.606, 300.74, 100, 74232, 71
2026/07/29 18:28:36.648, 301.41, 100, 74232, 71
2026/07/29 18:28:37.686, 303.56, 100, 74232, 71
2026/07/29 18:28:38.724, 305.00, 100, 74232, 71
2026/07/29 18:28:39.762, 302.80, 100, 74232, 71
2026/07/29 18:28:40.800, 300.25, 100, 74232, 71
2026/07/29 18:28:41.840, 302.67, 100, 74232, 71
2026/07/29 18:28:42.877, 303.15, 100, 74232, 71
2026/07/29 18:28:43.914, 301.99, 100, 74232, 71
2026/07/29 18:28:44.952, 305.39, 100, 74232, 71
2026/07/29 18:28:45.989, 305.88, 100, 74232, 71
2026/07/29 18:28:47.028, 302.07, 100, 74232, 71
2026/07/29 18:28:48.065, 302.41, 100, 74232, 71
2026/07/29 18:28:49.102, 300.63, 100, 74232, 71
2026/07/29 18:28:50.139, 304.94, 100, 74232, 71
2026/07/29 18:28:51.180, 304.05, 100, 74232, 71
2026/07/29 18:28:52.217, 299.18, 100, 74232, 71
2026/07/29 18:28:53.255, 305.03, 100, 74232, 71
2026/07/29 18:28:54.293, 298.04, 100, 74232, 71
2026/07/29 18:28:55.329, 295.88, 100, 74232, 71
2026/07/29 18:28:56.368, 295.48, 100, 74232, 71
2026/07/29 18:28:57.406, 301.81, 100, 74232, 71
2026/07/29 18:28:58.444, 297.83, 100, 74232, 71
2026/07/29 18:28:59.481, 305.69, 100, 74232, 71
2026/07/29 18:29:00.519, 303.47, 100, 74232, 71
2026/07/29 18:29:01.557, 304.62, 100, 74232, 71
2026/07/29 18:29:02.598, 304.94, 100, 74232, 71
2026/07/29 18:29:03.635, 298.13, 100, 74232, 71
2026/07/29 18:29:04.674, 298.32, 100, 74232, 71
2026/07/29 18:29:05.712, 301.02, 100, 74232, 71
2026/07/29 18:29:06.749, 303.77, 100, 74232, 70
2026/07/29 18:29:07.787, 305.29, 100, 74232, 71
2026/07/29 18:29:08.826, 311.81, 100, 74232, 71
2026/07/29 18:29:09.864, 300.23, 100, 74232, 70
2026/07/29 18:29:10.902, 297.66, 100, 74232, 70
2026/07/29 18:29:11.939, 294.72, 100, 74232, 70
2026/07/29 18:29:12.978, 294.82, 100, 74232, 70
2026/07/29 18:29:14.016, 298.21, 100, 74232, 70
2026/07/29 18:29:15.057, 294.66, 100, 74232, 70
2026/07/29 18:29:16.095, 300.48, 100, 74232, 70
2026/07/29 18:29:17.133, 303.62, 100, 74232, 70
2026/07/29 18:29:18.172, 304.94, 100, 74232, 70
2026/07/29 18:29:19.211, 304.94, 100, 74232, 70
2026/07/29 18:29:20.249, 299.47, 100, 74232, 70
2026/07/29 18:29:21.286, 302.29, 100, 74232, 70
2026/07/29 18:29:22.324, 299.19, 100, 74232, 70
2026/07/29 18:29:23.362, 306.88, 100, 74232, 70
2026/07/29 18:29:24.400, 300.14, 100, 74232, 70
2026/07/29 18:29:25.438, 303.45, 100, 74232, 70
2026/07/29 18:29:26.476, 302.48, 100, 74232, 70
2026/07/29 18:29:27.513, 304.74, 100, 74232, 70
2026/07/29 18:29:28.551, 306.55, 100, 74232, 70
2026/07/29 18:29:29.589, 303.24, 100, 74232, 70
2026/07/29 18:29:30.627, 301.92, 100, 74232, 70
2026/07/29 18:29:31.665, 298.88, 100, 74232, 70
2026/07/29 18:29:32.706, 303.16, 100, 74232, 70
2026/07/29 18:29:33.743, 305.01, 100, 74232, 70
2026/07/29 18:29:34.780, 301.43, 100, 74232, 70
2026/07/29 18:29:35.818, 292.56, 100, 74232, 70
2026/07/29 18:29:36.858, 297.23, 100, 74232, 70
2026/07/29 18:29:37.896, 296.96, 100, 74232, 70
2026/07/29 18:29:38.934, 295.78, 100, 74232, 70
2026/07/29 18:29:39.972, 294.83, 100, 74232, 70
2026/07/29 18:29:41.011, 297.06, 100, 74232, 70
2026/07/29 18:29:42.050, 305.11, 100, 74232, 70
2026/07/29 18:29:43.088, 305.41, 100, 74232, 70
2026/07/29 18:29:44.125, 301.52, 100, 74232, 70
2026/07/29 18:29:45.162, 304.13, 100, 74232, 70
2026/07/29 18:29:46.199, 297.55, 100, 74232, 70
2026/07/29 18:29:47.236, 305.23, 100, 74232, 70
2026/07/29 18:29:48.274, 300.23, 100, 74232, 70
2026/07/29 18:29:49.312, 293.07, 100, 74232, 70
2026/07/29 18:29:50.351, 296.75, 100, 74232, 70
2026/07/29 18:29:51.388, 293.93, 100, 74232, 70
2026/07/29 18:29:52.425, 297.36, 100, 74232, 70
2026/07/29 18:29:53.463, 296.96, 100, 74232, 70
2026/07/29 18:29:54.500, 294.13, 100, 74232, 70
2026/07/29 18:29:55.537, 297.04, 100, 74232, 70
2026/07/29 18:29:56.575, 296.37, 100, 74232, 70
2026/07/29 18:29:57.616, 297.71, 100, 74232, 70
2026/07/29 18:29:58.655, 293.83, 100, 74232, 70
2026/07/29 18:29:59.693, 304.40, 100, 74232, 70
2026/07/29 18:30:00.732, 296.19, 100, 74232, 70
2026/07/29 18:30:01.769, 297.82, 100, 74232, 70
2026/07/29 18:30:02.806, 304.05, 100, 74232, 70
2026/07/29 18:30:03.845, 298.22, 100, 74232, 70
2026/07/29 18:30:04.883, 297.81, 100, 74232, 70
2026/07/29 18:30:05.920, 294.32, 100, 74232, 70
2026/07/29 18:30:06.960, 299.96, 100, 74232, 70
2026/07/29 18:30:07.998, 303.55, 100, 74232, 70
2026/07/29 18:30:09.040, 293.84, 100, 74232, 70
2026/07/29 18:30:10.078, 301.23, 100, 74232, 70
2026/07/29 18:30:11.116, 296.08, 100, 74232, 70
2026/07/29 18:30:12.156, 296.67, 100, 74232, 70
2026/07/29 18:30:13.194, 296.07, 100, 74232, 70
2026/07/29 18:30:14.233, 296.96, 100, 74232, 70
2026/07/29 18:30:15.270, 293.83, 100, 74232, 70
2026/07/29 18:30:16.310, 299.39, 100, 74232, 70
2026/07/29 18:30:17.347, 298.31, 100, 74232, 70
2026/07/29 18:30:18.393, 307.91, 100, 74232, 70
2026/07/29 18:30:19.432, 294.23, 100, 74232, 70
2026/07/29 18:30:20.470, 293.63, 100, 74232, 70
2026/07/29 18:30:21.508, 303.09, 100, 74232, 70
2026/07/29 18:30:22.547, 303.64, 100, 74232, 70
2026/07/29 18:30:23.584, 303.24, 100, 74232, 70
2026/07/29 18:30:24.624, 298.99, 100, 74232, 70
2026/07/29 18:30:25.662, 301.90, 100, 74232, 70
2026/07/29 18:30:26.700, 294.43, 100, 74232, 70
2026/07/29 18:30:27.738, 296.47, 100, 74232, 70
2026/07/29 18:30:28.776, 298.32, 100, 74232, 70
2026/07/29 18:30:29.813, 297.16, 100, 74232, 70
2026/07/29 18:30:30.851, 300.64, 100, 74232, 70
2026/07/29 18:30:31.887, 294.71, 100, 74232, 70
2026/07/29 18:30:32.925, 298.49, 100, 74232, 70
2026/07/29 18:30:33.962, 303.55, 100, 74232, 70
2026/07/29 18:30:35.000, 296.96, 100, 74232, 70
2026/07/29 18:30:36.039, 303.27, 100, 74232, 70
2026/07/29 18:30:37.077, 301.42, 100, 74232, 70
2026/07/29 18:30:38.116, 297.43, 100, 74232, 70
2026/07/29 18:30:39.155, 302.96, 100, 74232, 70
2026/07/29 18:30:40.194, 302.48, 100, 74232, 70
2026/07/29 18:30:41.232, 303.09, 100, 74232, 70
2026/07/29 18:30:42.270, 304.66, 100, 74232, 70
2026/07/29 18:30:43.309, 304.99, 100, 74232, 70
2026/07/29 18:30:44.347, 299.11, 100, 74232, 70
2026/07/29 18:30:45.384, 301.50, 100, 74232, 70
2026/07/29 18:30:46.421, 295.58, 100, 74232, 70
2026/07/29 18:30:47.459, 296.26, 100, 74232, 70
2026/07/29 18:30:48.496, 300.27, 100, 74232, 70
2026/07/29 18:30:49.533, 297.24, 100, 74232, 70
2026/07/29 18:30:50.571, 297.93, 100, 74232, 70
2026/07/29 18:30:51.609, 290.64, 100, 74232, 70
2026/07/29 18:30:52.646, 296.17, 100, 74232, 70
2026/07/29 18:30:53.688, 296.27, 100, 74232, 70
2026/07/29 18:30:54.725, 296.86, 100, 74232, 70
2026/07/29 18:30:55.763, 297.72, 100, 74232, 70
2026/07/29 18:30:56.800, 296.85, 100, 74232, 70
2026/07/29 18:30:57.837, 298.35, 100, 74232, 70
2026/07/29 18:30:58.874, 295.88, 100, 74232, 70
2026/07/29 18:30:59.912, 301.63, 100, 74232, 70
2026/07/29 18:31:00.949, 293.45, 100, 74232, 70
2026/07/29 18:31:01.987, 304.23, 100, 74232, 70
2026/07/29 18:31:03.024, 296.18, 100, 74232, 70
2026/07/29 18:31:04.061, 297.63, 100, 74232, 70
2026/07/29 18:31:05.099, 292.29, 100, 74232, 70
2026/07/29 18:31:06.136, 303.39, 100, 74232, 70
2026/07/29 18:31:07.173, 302.01, 100, 74232, 70
2026/07/29 18:31:08.210, 302.58, 100, 74232, 70
2026/07/29 18:31:09.247, 304.16, 100, 74232, 70
2026/07/29 18:31:10.285, 297.90, 100, 74232, 70
2026/07/29 18:31:11.325, 296.27, 100, 74232, 70
2026/07/29 18:31:12.362, 295.23, 100, 74232, 70
2026/07/29 18:31:13.399, 297.05, 100, 74232, 70
2026/07/29 18:31:14.436, 294.02, 100, 74232, 70
2026/07/29 18:31:15.477, 295.98, 100, 74232, 70
2026/07/29 18:31:16.516, 301.80, 100, 74232, 70
2026/07/29 18:31:17.553, 304.02, 100, 74232, 70
2026/07/29 18:31:18.591, 301.35, 100, 74232, 70
2026/07/29 18:31:19.629, 304.32, 100, 74232, 70
2026/07/29 18:31:20.668, 305.00, 100, 74232, 70
2026/07/29 18:31:21.705, 294.82, 100, 74232, 70
2026/07/29 18:31:22.745, 294.51, 100, 74232, 70
2026/07/29 18:31:23.783, 296.38, 100, 74232, 70
2026/07/29 18:31:24.822, 301.80, 100, 74232, 70
2026/07/29 18:31:25.860, 293.55, 100, 74232, 70
2026/07/29 18:31:26.901, 306.10, 100, 74232, 70
2026/07/29 18:31:27.938, 295.30, 100, 74232, 70
2026/07/29 18:31:28.984, 303.86, 100, 74232, 70
2026/07/29 18:31:30.022, 304.06, 100, 74232, 70
2026/07/29 18:31:31.060, 301.91, 100, 74232, 70
2026/07/29 18:31:32.098, 308.31, 100, 74232, 70
2026/07/29 18:31:33.135, 305.20, 100, 74232, 70
2026/07/29 18:31:34.174, 300.55, 100, 74232, 70
2026/07/29 18:31:35.212, 302.95, 100, 74232, 70
2026/07/29 18:31:36.250, 300.43, 100, 74232, 70
2026/07/29 18:31:37.286, 303.35, 100, 74232, 70
2026/07/29 18:31:38.323, 304.43, 100, 74232, 70
2026/07/29 18:31:39.361, 305.04, 100, 74232, 70
2026/07/29 18:31:40.399, 297.54, 100, 74232, 70
2026/07/29 18:31:41.437, 298.60, 100, 74232, 70
2026/07/29 18:31:42.474, 291.02, 100, 74232, 70
2026/07/29 18:31:43.510, 303.49, 100, 74232, 70
2026/07/29 18:31:44.547, 291.80, 100, 74232, 70
2026/07/29 18:31:45.586, 296.75, 100, 74232, 70
2026/07/29 18:31:46.623, 296.57, 100, 74232, 70
2026/07/29 18:31:47.662, 298.01, 100, 74232, 70
2026/07/29 18:31:48.699, 298.32, 100, 74232, 70
2026/07/29 18:31:49.738, 298.31, 100, 74232, 70
2026/07/29 18:31:50.781, 294.22, 100, 74232, 70
2026/07/29 18:31:51.819, 303.55, 100, 74232, 70
2026/07/29 18:31:52.857, 303.84, 100, 74232, 70
2026/07/29 18:31:53.898, 302.84, 100, 74232, 70
2026/07/29 18:31:54.936, 304.53, 100, 74232, 70
2026/07/29 18:31:55.973, 302.40, 100, 74232, 70
2026/07/29 18:31:57.011, 294.70, 100, 74232, 70
2026/07/29 18:31:58.050, 298.62, 100, 74232, 70
2026/07/29 18:31:59.090, 294.13, 100, 74232, 70
2026/07/29 18:32:00.127, 299.79, 100, 74232, 70
2026/07/29 18:32:01.167, 302.22, 100, 74232, 70
2026/07/29 18:32:02.203, 303.46, 100, 74232, 70
2026/07/29 18:32:03.243, 293.26, 100, 74232, 70
2026/07/29 18:32:04.281, 296.76, 100, 74232, 70
2026/07/29 18:32:05.319, 297.15, 100, 74232, 70
2026/07/29 18:32:06.356, 303.17, 100, 74232, 70
2026/07/29 18:32:07.394, 302.58, 100, 74232, 70
2026/07/29 18:32:08.432, 299.00, 100, 74232, 70
2026/07/29 18:32:09.471, 302.31, 100, 74232, 70
2026/07/29 18:32:10.509, 301.60, 100, 74232, 70
2026/07/29 18:32:11.546, 294.43, 100, 74232, 70
2026/07/29 18:32:12.584, 301.91, 100, 74232, 70
2026/07/29 18:32:13.622, 298.80, 100, 74232, 70
2026/07/29 18:32:14.659, 294.04, 100, 74232, 70
2026/07/29 18:32:15.696, 295.76, 100, 74232, 70
2026/07/29 18:32:16.733, 293.25, 100, 74232, 70
2026/07/29 18:32:17.771, 296.07, 100, 74232, 70
2026/07/29 18:32:18.808, 296.93, 100, 74232, 70
2026/07/29 18:32:19.846, 294.53, 100, 74232, 70
2026/07/29 18:32:20.883, 296.09, 100, 74232, 70
2026/07/29 18:32:21.926, 296.85, 100, 74232, 70
2026/07/29 18:32:22.965, 296.85, 100, 74232, 70
2026/07/29 18:32:24.003, 297.33, 100, 74232, 70
2026/07/29 18:32:25.045, 297.25, 100, 74232, 70
2026/07/29 18:32:26.083, 296.46, 100, 74232, 70
2026/07/29 18:32:27.121, 303.77, 100, 74232, 70
2026/07/29 18:32:28.168, 304.90, 100, 74232, 70
2026/07/29 18:32:29.206, 298.12, 100, 74232, 70
2026/07/29 18:32:30.243, 299.85, 100, 74232, 70
2026/07/29 18:32:31.280, 296.75, 100, 74232, 70
2026/07/29 18:32:32.323, 293.64, 100, 74232, 70
2026/07/29 18:32:33.361, 296.07, 100, 74232, 70
2026/07/29 18:32:34.399, 297.06, 100, 74232, 70
2026/07/29 18:32:35.437, 298.41, 100, 74232, 70
2026/07/29 18:32:36.474, 304.84, 100, 74232, 70
2026/07/29 18:32:37.512, 305.40, 100, 74232, 70
2026/07/29 18:32:38.551, 305.50, 100, 74232, 70
2026/07/29 18:32:39.589, 305.70, 100, 74232, 70
2026/07/29 18:32:40.625, 300.07, 100, 74232, 70
2026/07/29 18:32:41.661, 296.36, 100, 74232, 70
2026/07/29 18:32:42.704, 301.36, 100, 74232, 70
2026/07/29 18:32:43.742, 298.90, 100, 74232, 70
2026/07/29 18:32:44.780, 297.23, 100, 74232, 70
2026/07/29 18:32:45.817, 295.49, 100, 74232, 70
2026/07/29 18:32:46.855, 297.35, 100, 74232, 70
2026/07/29 18:32:47.893, 296.86, 100, 74232, 70
2026/07/29 18:32:48.932, 298.31, 100, 74232, 70
2026/07/29 18:32:49.971, 296.65, 100, 74232, 70
2026/07/29 18:32:51.008, 297.55, 100, 74232, 70
2026/07/29 18:32:52.046, 294.34, 100, 74232, 70
2026/07/29 18:32:53.082, 297.42, 100, 74232, 70
2026/07/29 18:32:54.119, 298.40, 100, 74232, 70
2026/07/29 18:32:55.156, 298.91, 100, 74232, 70
2026/07/29 18:32:56.193, 298.91, 100, 74232, 70
2026/07/29 18:32:57.230, 299.10, 100, 74232, 70
2026/07/29 18:32:58.267, 295.20, 100, 74232, 70
2026/07/29 18:32:59.304, 298.80, 100, 74232, 70
2026/07/29 18:33:00.340, 95.78, 0, 74232, 67
2026/07/29 18:33:01.372, 95.07, 0, 74232, 66
2026/07/29 18:33:02.405, 94.33, 0, 74232, 66
2026/07/29 18:33:03.437, 93.32, 0, 74232, 65
2026/07/29 18:33:04.470, 92.46, 0, 74232, 64
2026/07/29 18:33:05.503, 91.31, 0, 74232, 64
2026/07/29 18:33:06.535, 90.70, 0, 74232, 63
2026/07/29 18:33:07.567, 89.89, 0, 74232, 63
2026/07/29 18:33:08.598, 90.39, 0, 74232, 63
2026/07/29 18:33:09.630, 89.30, 0, 74232, 62
2026/07/29 18:33:10.662, 87.43, 0, 74232, 62
2026/07/29 18:33:11.694, 87.64, 0, 74232, 61
2026/07/29 18:33:12.719, 87.06, 0, 74232, 61
2026/07/29 18:33:13.745, 86.71, 0, 74232, 61
2026/07/29 18:33:14.771, 85.61, 0, 74232, 60
2026/07/29 18:33:15.801, 85.83, 0, 74232, 60
2026/07/29 18:33:16.833, 85.69, 0, 74232, 60
2026/07/29 18:33:17.864, 85.26, 0, 74232, 59
2026/07/29 18:33:18.896, 85.25, 0, 74232, 59
2026/07/29 18:33:19.927, 84.85, 0, 74232, 59
2026/07/29 18:33:20.958, 84.05, 0, 74232, 58
2026/07/29 18:33:21.988, 84.04, 0, 74232, 58
2026/07/29 18:33:23.019, 83.93, 0, 74232, 58
2026/07/29 18:33:24.050, 83.29, 0, 74232, 58
2026/07/29 18:33:25.081, 298.68, 100, 74232, 63
2026/07/29 18:33:26.115, 314.40, 100, 74232, 63
2026/07/29 18:33:27.150, 303.53, 100, 74232, 64
2026/07/29 18:33:28.183, 283.58, 100, 74232, 64
2026/07/29 18:33:29.216, 305.48, 100, 74232, 62
2026/07/29 18:33:30.251, 296.76, 100, 74232, 63
2026/07/29 18:33:31.289, 296.96, 100, 74232, 63
2026/07/29 18:33:32.324, 301.12, 100, 74232, 63
2026/07/29 18:33:33.362, 300.55, 100, 74232, 63
2026/07/29 18:33:34.399, 301.40, 100, 74232, 63
2026/07/29 18:33:35.437, 295.21, 100, 74232, 64
2026/07/29 18:33:36.472, 303.35, 100, 74232, 64
2026/07/29 18:33:37.508, 301.31, 100, 74232, 64
2026/07/29 18:33:38.542, 299.56, 100, 74232, 66
2026/07/29 18:33:39.577, 287.23, 100, 74232, 66
2026/07/29 18:33:40.609, 302.56, 100, 74232, 66
2026/07/29 18:33:41.649, 296.74, 100, 74232, 67
2026/07/29 18:33:42.682, 301.69, 100, 74232, 65
2026/07/29 18:33:43.718, 291.89, 100, 74232, 65
2026/07/29 18:33:44.754, 303.34, 100, 74232, 65
2026/07/29 18:33:45.790, 294.82, 100, 74232, 66
2026/07/29 18:33:46.827, 287.30, 100, 74232, 67
2026/07/29 18:33:47.863, 294.25, 100, 74232, 67
2026/07/29 18:33:48.895, 303.76, 100, 74232, 68
2026/07/29 18:33:49.930, 282.64, 100, 74232, 68
2026/07/29 18:33:50.964, 291.23, 100, 74232, 68
2026/07/29 18:33:51.999, 307.77, 100, 74232, 66
2026/07/29 18:33:53.036, 304.72, 100, 74232, 67
2026/07/29 18:33:54.072, 307.09, 100, 74232, 67
2026/07/29 18:33:55.108, 307.13, 100, 74232, 67
2026/07/29 18:33:56.144, 302.36, 100, 74232, 67
2026/07/29 18:33:57.180, 376.64, 100, 74232, 69
2026/07/29 18:33:58.215, 305.33, 100, 74232, 69
2026/07/29 18:33:59.248, 300.09, 100, 74232, 69
2026/07/29 18:34:00.281, 289.86, 100, 74232, 69
2026/07/29 18:34:01.312, 306.68, 100, 74232, 69
2026/07/29 18:34:02.347, 305.58, 100, 74232, 68
2026/07/29 18:34:03.380, 302.39, 100, 74232, 68
2026/07/29 18:34:04.416, 298.31, 100, 74232, 68
2026/07/29 18:34:05.452, 301.48, 100, 74232, 70
2026/07/29 18:34:06.483, 300.54, 100, 74232, 70
2026/07/29 18:34:07.515, 316.75, 100, 74232, 70
2026/07/29 18:34:08.548, 285.69, 100, 74232, 70
2026/07/29 18:34:09.580, 286.52, 100, 74232, 71
2026/07/29 18:34:10.613, 290.15, 100, 74232, 70
2026/07/29 18:34:11.646, 308.96, 100, 74232, 69
2026/07/29 18:34:12.684, 303.50, 100, 74232, 69
2026/07/29 18:34:13.720, 299.67, 100, 74232, 69
2026/07/29 18:34:14.756, 304.25, 100, 74232, 69
2026/07/29 18:34:15.792, 301.79, 100, 74232, 69
2026/07/29 18:34:16.829, 303.26, 100, 74232, 69
2026/07/29 18:34:17.867, 297.03, 100, 74232, 69
2026/07/29 18:34:18.903, 299.96, 100, 74232, 69
2026/07/29 18:34:19.939, 303.27, 100, 74232, 69
2026/07/29 18:34:20.975, 297.99, 100, 74232, 70
2026/07/29 18:34:22.013, 298.12, 100, 74232, 70
2026/07/29 18:34:23.055, 295.79, 100, 74232, 70
2026/07/29 18:34:24.094, 297.03, 100, 74232, 70
2026/07/29 18:34:25.132, 297.92, 100, 74232, 70
2026/07/29 18:34:26.170, 295.19, 100, 74232, 70
2026/07/29 18:34:27.209, 303.18, 100, 74232, 70
2026/07/29 18:34:28.246, 305.61, 100, 74232, 70
2026/07/29 18:34:29.283, 302.09, 100, 74232, 70
2026/07/29 18:34:30.320, 303.35, 100, 74232, 70
2026/07/29 18:34:31.357, 303.85, 100, 74232, 70
2026/07/29 18:34:32.395, 300.45, 100, 74232, 70
2026/07/29 18:34:33.431, 303.34, 100, 74232, 70
2026/07/29 18:34:34.468, 301.35, 100, 74232, 70
2026/07/29 18:34:35.505, 94.68, 0, 74232, 66
2026/07/29 18:34:36.538, 296.51, 100, 74232, 71
2026/07/29 18:34:37.577, 288.07, 100, 74232, 71
2026/07/29 18:34:38.611, 285.43, 100, 74232, 71
2026/07/29 18:34:39.646, 278.48, 100, 74232, 71
2026/07/29 18:34:40.686, 271.85, 100, 74232, 71
2026/07/29 18:34:41.727, 282.09, 100, 74232, 71
2026/07/29 18:34:42.764, 302.22, 100, 74232, 69
2026/07/29 18:34:43.801, 305.10, 100, 74232, 69
2026/07/29 18:34:44.837, 301.59, 100, 74232, 69
2026/07/29 18:34:45.873, 302.19, 100, 74232, 69
2026/07/29 18:34:46.910, 288.70, 100, 74232, 71
2026/07/29 18:34:47.949, 295.52, 100, 74232, 71
2026/07/29 18:34:48.986, 299.91, 100, 74232, 71
2026/07/29 18:34:50.021, 271.86, 100, 74232, 72
2026/07/29 18:34:51.057, 267.17, 100, 74232, 72
2026/07/29 18:34:52.092, 280.95, 100, 74232, 72
2026/07/29 18:34:53.135, 302.89, 100, 74232, 70
2026/07/29 18:34:54.171, 302.95, 100, 74232, 70
2026/07/29 18:34:55.208, 303.16, 100, 74232, 70
2026/07/29 18:34:56.245, 295.68, 100, 74232, 70
2026/07/29 18:34:57.281, 303.34, 100, 74232, 70
2026/07/29 18:34:58.318, 304.26, 100, 74232, 70
2026/07/29 18:34:59.356, 302.29, 100, 74232, 70
2026/07/29 18:35:00.392, 304.04, 100, 74232, 71
2026/07/29 18:35:01.429, 304.06, 100, 74232, 71
2026/07/29 18:35:02.465, 305.00, 100, 74232, 71
2026/07/29 18:35:03.505, 303.18, 100, 74232, 71
2026/07/29 18:35:04.541, 300.27, 100, 74232, 71
2026/07/29 18:35:05.577, 304.90, 100, 74232, 71
2026/07/29 18:35:06.615, 294.79, 100, 74232, 70
2026/07/29 18:35:07.652, 294.51, 100, 74232, 70
2026/07/29 18:35:08.689, 296.66, 100, 74232, 70
2026/07/29 18:35:09.726, 293.75, 100, 74232, 71
2026/07/29 18:35:10.764, 290.63, 100, 74232, 70
2026/07/29 18:35:11.802, 296.76, 100, 74232, 71
2026/07/29 18:35:12.839, 304.81, 100, 74232, 71
2026/07/29 18:35:13.876, 294.82, 100, 74232, 71
2026/07/29 18:35:14.914, 302.38, 100, 74232, 71
2026/07/29 18:35:15.950, 298.78, 100, 74232, 71
2026/07/29 18:35:16.988, 306.29, 100, 74232, 71
2026/07/29 18:35:18.024, 293.73, 100, 74232, 71
2026/07/29 18:35:19.064, 303.55, 100, 74232, 71
2026/07/29 18:35:20.101, 309.16, 100, 74232, 71
2026/07/29 18:35:21.139, 305.40, 100, 74232, 71
2026/07/29 18:35:22.177, 290.66, 100, 74232, 70
2026/07/29 18:35:23.216, 298.02, 100, 74232, 71
2026/07/29 18:35:24.252, 298.13, 100, 74232, 71
2026/07/29 18:35:25.290, 298.34, 100, 74232, 70
2026/07/29 18:35:26.326, 297.13, 100, 74232, 70
2026/07/29 18:35:27.367, 296.28, 100, 74232, 70
2026/07/29 18:35:28.404, 292.38, 100, 74232, 70
2026/07/29 18:35:29.440, 298.31, 100, 74232, 70
2026/07/29 18:35:30.477, 293.85, 100, 74232, 70
2026/07/29 18:35:31.513, 295.09, 100, 74232, 70
2026/07/29 18:35:32.550, 296.58, 100, 74232, 70
2026/07/29 18:35:33.588, 298.23, 100, 74232, 70
2026/07/29 18:35:34.626, 297.03, 100, 74232, 70
2026/07/29 18:35:35.662, 296.83, 100, 74232, 70
2026/07/29 18:35:36.698, 304.42, 100, 74232, 70
2026/07/29 18:35:37.736, 296.96, 100, 74232, 70
2026/07/29 18:35:38.774, 297.75, 100, 74232, 70
2026/07/29 18:35:39.810, 294.73, 100, 74232, 70
2026/07/29 18:35:40.848, 296.65, 100, 74232, 70
2026/07/29 18:35:41.886, 297.52, 100, 74232, 70
2026/07/29 18:35:42.925, 296.45, 100, 74232, 70
2026/07/29 18:35:43.962, 295.20, 100, 74232, 70
2026/07/29 18:35:44.999, 295.77, 100, 74232, 70
2026/07/29 18:35:46.035, 297.54, 100, 74232, 70
2026/07/29 18:35:47.071, 294.50, 100, 74232, 70
2026/07/29 18:35:48.108, 292.68, 100, 74232, 70
2026/07/29 18:35:49.145, 296.37, 100, 74232, 70
2026/07/29 18:35:50.183, 297.45, 100, 74232, 70
2026/07/29 18:35:51.220, 294.51, 100, 74232, 70
2026/07/29 18:35:52.261, 295.11, 100, 74232, 70
2026/07/29 18:35:53.297, 296.95, 100, 74232, 70
2026/07/29 18:35:54.342, 295.41, 100, 74232, 70
2026/07/29 18:35:55.380, 294.72, 100, 74232, 70
2026/07/29 18:35:56.416, 304.13, 100, 74232, 70
2026/07/29 18:35:57.453, 304.24, 100, 74232, 70
2026/07/29 18:35:58.489, 296.18, 100, 74232, 70
2026/07/29 18:35:59.525, 295.67, 100, 74232, 70
2026/07/29 18:36:00.562, 297.53, 100, 74232, 70
2026/07/29 18:36:01.599, 292.88, 100, 74232, 70
2026/07/29 18:36:02.636, 294.62, 100, 74232, 70
2026/07/29 18:36:03.673, 302.86, 100, 74232, 70
2026/07/29 18:36:04.712, 303.46, 100, 74232, 70
2026/07/29 18:36:05.750, 304.04, 100, 74232, 70
2026/07/29 18:36:06.787, 294.52, 100, 74232, 70
2026/07/29 18:36:07.824, 296.38, 100, 74232, 70
2026/07/29 18:36:08.860, 298.31, 100, 74232, 70
2026/07/29 18:36:09.897, 305.29, 100, 74232, 70
2026/07/29 18:36:10.933, 296.76, 100, 74232, 70
2026/07/29 18:36:11.969, 298.72, 100, 74232, 70
2026/07/29 18:36:13.005, 297.16, 100, 74232, 70
2026/07/29 18:36:14.042, 297.56, 100, 74232, 70
2026/07/29 18:36:15.079, 295.30, 100, 74232, 70
2026/07/29 18:36:16.116, 300.84, 100, 74232, 70
2026/07/29 18:36:17.150, 303.93, 100, 74232, 70
2026/07/29 18:36:18.187, 305.04, 100, 74232, 70
2026/07/29 18:36:19.223, 294.22, 100, 74232, 70
2026/07/29 18:36:20.260, 300.92, 100, 74232, 70
2026/07/29 18:36:21.298, 303.66, 100, 74232, 70
2026/07/29 18:36:22.333, 304.52, 100, 74232, 70
2026/07/29 18:36:23.375, 304.51, 100, 74232, 70
2026/07/29 18:36:24.413, 295.20, 100, 74232, 70
2026/07/29 18:36:25.449, 304.21, 100, 74232, 70
2026/07/29 18:36:26.487, 303.93, 100, 74232, 70
2026/07/29 18:36:27.526, 304.74, 100, 74232, 70
2026/07/29 18:36:28.565, 301.80, 100, 74232, 70
2026/07/29 18:36:29.603, 298.00, 100, 74232, 70
2026/07/29 18:36:30.643, 296.66, 100, 74232, 70
2026/07/29 18:36:31.680, 293.94, 100, 74232, 70
2026/07/29 18:36:32.719, 294.42, 100, 74232, 70
2026/07/29 18:36:33.757, 293.27, 100, 74232, 70
2026/07/29 18:36:34.796, 296.35, 100, 74232, 70
2026/07/29 18:36:35.834, 297.44, 100, 74232, 70
2026/07/29 18:36:36.870, 304.61, 100, 74232, 70
2026/07/29 18:36:37.908, 298.89, 100, 74232, 70
2026/07/29 18:36:38.948, 302.37, 100, 74232, 70
2026/07/29 18:36:39.988, 296.35, 100, 74232, 70
2026/07/29 18:36:41.025, 297.35, 100, 74232, 70
2026/07/29 18:36:42.063, 298.40, 100, 74232, 70
2026/07/29 18:36:43.101, 292.27, 100, 74232, 70
2026/07/29 18:36:44.141, 302.78, 100, 74232, 70
2026/07/29 18:36:45.178, 293.65, 100, 74232, 70
2026/07/29 18:36:46.214, 296.06, 100, 74232, 70
2026/07/29 18:36:47.253, 298.53, 100, 74232, 70
2026/07/29 18:36:48.290, 298.78, 100, 74232, 70
2026/07/29 18:36:49.326, 300.34, 100, 74232, 70
2026/07/29 18:36:50.363, 303.18, 100, 74232, 70
2026/07/29 18:36:51.400, 297.92, 100, 74232, 70
2026/07/29 18:36:52.441, 301.30, 100, 74232, 70
2026/07/29 18:36:53.483, 301.12, 100, 74232, 70
2026/07/29 18:36:54.522, 303.15, 100, 74232, 70
2026/07/29 18:36:55.559, 304.23, 100, 74232, 70
2026/07/29 18:36:56.595, 296.67, 100, 74232, 70
2026/07/29 18:36:57.632, 294.52, 100, 74232, 70
2026/07/29 18:36:58.670, 299.56, 100, 74232, 70
2026/07/29 18:36:59.725, 300.55, 100, 74232, 70
2026/07/29 18:37:00.762, 300.86, 100, 74232, 70
2026/07/29 18:37:01.799, 297.62, 100, 74232, 70
2026/07/29 18:37:02.836, 295.47, 100, 74232, 70
2026/07/29 18:37:03.872, 303.35, 100, 74232, 70
2026/07/29 18:37:04.909, 299.96, 100, 74232, 70
2026/07/29 18:37:05.946, 297.71, 100, 74232, 70
2026/07/29 18:37:06.983, 302.07, 100, 74232, 70
2026/07/29 18:37:08.020, 303.34, 100, 74232, 70
2026/07/29 18:37:09.057, 304.63, 100, 74232, 70
2026/07/29 18:37:10.097, 300.66, 100, 74232, 70
2026/07/29 18:37:11.134, 293.93, 100, 74232, 70
2026/07/29 18:37:12.170, 295.78, 100, 74232, 70
2026/07/29 18:37:13.209, 295.50, 100, 74232, 70
2026/07/29 18:37:14.246, 296.29, 100, 74232, 70
2026/07/29 18:37:15.286, 301.11, 100, 74232, 70
2026/07/29 18:37:16.323, 289.94, 100, 74232, 70
2026/07/29 18:37:17.360, 293.44, 100, 74232, 70
2026/07/29 18:37:18.398, 305.51, 100, 74232, 70
2026/07/29 18:37:19.435, 297.25, 100, 74232, 70
2026/07/29 18:37:20.472, 296.27, 100, 74232, 70
2026/07/29 18:37:21.509, 297.14, 100, 74232, 70
2026/07/29 18:37:22.545, 292.39, 100, 74232, 70
2026/07/29 18:37:23.581, 297.16, 100, 74232, 70
2026/07/29 18:37:24.619, 293.94, 100, 74232, 70
2026/07/29 18:37:25.657, 301.70, 100, 74232, 70
2026/07/29 18:37:26.694, 296.08, 100, 74232, 70
2026/07/29 18:37:27.730, 305.59, 100, 74232, 70
2026/07/29 18:37:28.767, 304.16, 100, 74232, 70
2026/07/29 18:37:29.804, 301.73, 100, 74232, 70
2026/07/29 18:37:30.841, 300.82, 100, 74232, 70
2026/07/29 18:37:31.879, 302.11, 100, 74232, 70
2026/07/29 18:37:32.917, 303.64, 100, 74232, 70
2026/07/29 18:37:33.954, 303.58, 100, 74232, 70
2026/07/29 18:37:34.994, 304.99, 100, 74232, 70
2026/07/29 18:37:36.030, 300.64, 100, 74232, 70
2026/07/29 18:37:37.072, 289.45, 100, 74232, 70
2026/07/29 18:37:38.110, 295.59, 100, 74232, 70
2026/07/29 18:37:39.147, 296.45, 100, 74232, 70
2026/07/29 18:37:40.184, 303.45, 100, 74232, 70
2026/07/29 18:37:41.222, 303.65, 100, 74232, 70
2026/07/29 18:37:42.259, 304.73, 100, 74232, 70
2026/07/29 18:37:43.296, 297.83, 100, 74232, 70
2026/07/29 18:37:44.337, 296.76, 100, 74232, 70
2026/07/29 18:37:45.373, 295.68, 100, 74232, 70
2026/07/29 18:37:46.411, 303.94, 100, 74232, 70
2026/07/29 18:37:47.449, 292.20, 100, 74232, 70
2026/07/29 18:37:48.488, 293.83, 100, 74232, 70
2026/07/29 18:37:49.527, 292.86, 100, 74232, 70
2026/07/29 18:37:50.565, 298.21, 100, 74232, 70
2026/07/29 18:37:51.603, 294.81, 100, 74232, 70
2026/07/29 18:37:52.641, 296.07, 100, 74232, 70
2026/07/29 18:37:53.681, 302.60, 100, 74232, 70
2026/07/29 18:37:54.718, 300.83, 100, 74232, 70
2026/07/29 18:37:55.755, 304.98, 100, 74232, 70
2026/07/29 18:37:56.794, 303.92, 100, 74232, 70
2026/07/29 18:37:57.832, 297.61, 100, 74232, 70
2026/07/29 18:37:58.877, 302.88, 100, 74232, 70
2026/07/29 18:37:59.915, 299.67, 100, 74232, 70
2026/07/29 18:38:00.952, 303.73, 100, 74232, 70
2026/07/29 18:38:01.993, 308.29, 100, 74232, 70
2026/07/29 18:38:03.031, 304.16, 100, 74232, 70
2026/07/29 18:38:04.073, 305.29, 100, 74232, 70
2026/07/29 18:38:05.113, 304.51, 100, 74232, 70
2026/07/29 18:38:06.150, 298.12, 100, 74232, 70
2026/07/29 18:38:07.187, 296.47, 100, 74232, 70
2026/07/29 18:38:08.226, 297.84, 100, 74232, 70
2026/07/29 18:38:09.264, 299.45, 100, 74232, 70
2026/07/29 18:38:10.305, 301.04, 100, 74232, 70
2026/07/29 18:38:11.341, 295.30, 100, 74232, 70
2026/07/29 18:38:12.380, 297.74, 100, 74232, 70
2026/07/29 18:38:13.416, 304.02, 100, 74232, 70
2026/07/29 18:38:14.454, 303.93, 100, 74232, 70
2026/07/29 18:38:15.491, 298.25, 100, 74232, 70
2026/07/29 18:38:16.529, 295.50, 100, 74232, 70
2026/07/29 18:38:17.566, 297.45, 100, 74232, 70
2026/07/29 18:38:18.603, 303.74, 100, 74232, 70
2026/07/29 18:38:19.640, 304.45, 100, 74232, 70
2026/07/29 18:38:20.676, 304.12, 100, 74232, 70
2026/07/29 18:38:21.713, 304.72, 100, 74232, 70
2026/07/29 18:38:22.751, 305.71, 100, 74232, 70
2026/07/29 18:38:23.787, 305.40, 100, 74232, 70
2026/07/29 18:38:24.825, 294.32, 100, 74232, 70
2026/07/29 18:38:25.861, 296.83, 100, 74232, 70
2026/07/29 18:38:26.899, 294.99, 100, 74232, 70
2026/07/29 18:38:27.935, 296.36, 100, 74232, 70
2026/07/29 18:38:28.973, 297.71, 100, 74232, 70
2026/07/29 18:38:30.010, 295.69, 100, 74232, 70
2026/07/29 18:38:31.049, 298.32, 100, 74232, 70
2026/07/29 18:38:32.085, 293.55, 100, 74232, 70
2026/07/29 18:38:33.123, 296.75, 100, 74232, 70
2026/07/29 18:38:34.159, 295.68, 100, 74232, 70
2026/07/29 18:38:35.199, 296.46, 100, 74232, 70
2026/07/29 18:38:36.237, 297.26, 100, 74232, 70
2026/07/29 18:38:37.276, 297.04, 100, 74232, 70
2026/07/29 18:38:38.313, 305.60, 100, 74232, 70
2026/07/29 18:38:39.350, 300.98, 100, 74232, 70
2026/07/29 18:38:40.388, 298.31, 100, 74232, 70
2026/07/29 18:38:41.427, 295.18, 100, 74232, 70
2026/07/29 18:38:42.465, 296.37, 100, 74232, 70
2026/07/29 18:38:43.501, 297.44, 100, 74232, 70
2026/07/29 18:38:44.540, 297.24, 100, 74232, 70
2026/07/29 18:38:45.576, 297.15, 100, 74232, 70
2026/07/29 18:38:46.613, 298.30, 100, 74232, 70
2026/07/29 18:38:47.650, 301.99, 100, 74232, 70
2026/07/29 18:38:48.687, 298.12, 100, 74232, 70
2026/07/29 18:38:49.723, 293.08, 100, 74232, 70
2026/07/29 18:38:50.763, 298.22, 100, 74232, 70
2026/07/29 18:38:51.800, 293.95, 100, 74232, 70
2026/07/29 18:38:52.838, 296.17, 100, 74232, 70
2026/07/29 18:38:53.875, 294.82, 100, 74232, 70
2026/07/29 18:38:54.913, 296.96, 100, 74232, 70
2026/07/29 18:38:55.950, 297.53, 100, 74232, 70
2026/07/29 18:38:56.986, 298.12, 100, 74232, 70
2026/07/29 18:38:58.024, 297.91, 100, 74232, 70
2026/07/29 18:38:59.060, 304.82, 100, 74232, 70
2026/07/29 18:39:00.098, 294.22, 100, 74232, 70
2026/07/29 18:39:01.135, 304.93, 100, 74232, 70
2026/07/29 18:39:02.172, 298.51, 100, 74232, 70
2026/07/29 18:39:03.210, 296.09, 100, 74232, 70
2026/07/29 18:39:04.248, 301.62, 100, 74232, 70
2026/07/29 18:39:05.284, 303.47, 100, 74232, 70
2026/07/29 18:39:06.322, 300.86, 100, 74232, 70
2026/07/29 18:39:07.359, 303.76, 100, 74232, 70
2026/07/29 18:39:08.397, 297.93, 100, 74232, 70
2026/07/29 18:39:09.433, 297.55, 100, 74232, 70
2026/07/29 18:39:10.472, 296.87, 100, 74232, 70
2026/07/29 18:39:11.509, 294.15, 100, 74232, 70
2026/07/29 18:39:12.546, 295.10, 100, 74232, 70
2026/07/29 18:39:13.584, 296.75, 100, 74232, 70
2026/07/29 18:39:14.622, 295.10, 100, 74232, 70
2026/07/29 18:39:15.660, 295.97, 100, 74232, 70
2026/07/29 18:39:16.698, 296.75, 100, 74232, 70
2026/07/29 18:39:17.734, 297.14, 100, 74232, 70
2026/07/29 18:39:18.772, 297.73, 100, 74232, 70
2026/07/29 18:39:19.815, 292.65, 100, 74232, 70
2026/07/29 18:39:20.853, 301.61, 100, 74232, 70
2026/07/29 18:39:21.890, 301.41, 100, 74232, 70
2026/07/29 18:39:22.927, 301.81, 100, 74232, 70
2026/07/29 18:39:23.964, 299.94, 100, 74232, 70
2026/07/29 18:39:25.000, 298.89, 100, 74232, 70
2026/07/29 18:39:26.039, 304.40, 100, 74232, 70
2026/07/29 18:39:27.084, 297.25, 100, 74232, 70
2026/07/29 18:39:28.121, 296.28, 100, 74232, 70
2026/07/29 18:39:29.158, 297.33, 100, 74232, 70
2026/07/29 18:39:30.195, 297.83, 100, 74232, 70
2026/07/29 18:39:31.233, 298.39, 100, 74232, 70
2026/07/29 18:39:32.270, 298.00, 100, 74232, 70
2026/07/29 18:39:33.307, 292.47, 100, 74232, 70
2026/07/29 18:39:34.343, 297.55, 100, 74232, 70
2026/07/29 18:39:35.381, 294.32, 100, 74232, 70
2026/07/29 18:39:36.418, 301.98, 100, 74232, 70
2026/07/29 18:39:37.457, 301.74, 100, 74232, 70
2026/07/29 18:39:38.495, 302.68, 100, 74232, 70
2026/07/29 18:39:39.531, 303.10, 100, 74232, 70
2026/07/29 18:39:40.569, 298.51, 100, 74232, 70
2026/07/29 18:39:41.607, 296.25, 100, 74232, 70
2026/07/29 18:39:42.646, 302.79, 100, 74232, 70
2026/07/29 18:39:43.683, 294.60, 100, 74232, 70
2026/07/29 18:39:44.719, 303.55, 100, 74232, 70
2026/07/29 18:39:45.757, 305.50, 100, 74232, 70
2026/07/29 18:39:46.795, 307.68, 100, 74232, 72
2026/07/29 18:39:47.841, 293.50, 100, 74232, 72
2026/07/29 18:39:48.877, 308.71, 100, 74232, 72
2026/07/29 18:39:49.910, 303.21, 100, 74232, 72
2026/07/29 18:39:50.947, 312.55, 100, 74232, 72
2026/07/29 18:39:51.982, 279.46, 100, 74232, 72
2026/07/29 18:39:53.018, 287.82, 100, 74232, 71
2026/07/29 18:39:54.056, 304.16, 100, 74232, 70
2026/07/29 18:39:55.093, 300.55, 100, 74232, 70
2026/07/29 18:39:56.131, 300.72, 100, 74232, 70
2026/07/29 18:39:57.167, 302.01, 100, 74232, 70
2026/07/29 18:39:58.212, 293.18, 100, 74232, 70
2026/07/29 18:39:59.250, 293.35, 100, 74232, 70
2026/07/29 18:40:00.286, 296.15, 100, 74232, 70
2026/07/29 18:40:01.328, 297.82, 100, 74232, 70
2026/07/29 18:40:02.365, 298.02, 100, 74232, 71
2026/07/29 18:40:03.402, 294.92, 100, 74232, 71
2026/07/29 18:40:04.440, 297.63, 100, 74232, 71
2026/07/29 18:40:05.478, 298.13, 100, 74232, 71
2026/07/29 18:40:06.516, 293.27, 100, 74232, 71
2026/07/29 18:40:07.553, 297.04, 100, 74232, 71
2026/07/29 18:40:08.594, 298.20, 100, 74232, 71
2026/07/29 18:40:09.631, 305.01, 100, 74232, 71
2026/07/29 18:40:10.669, 295.39, 100, 74232, 71
2026/07/29 18:40:11.706, 298.49, 100, 74232, 71
2026/07/29 18:40:12.745, 298.02, 100, 74232, 71
2026/07/29 18:40:13.782, 298.11, 100, 74232, 71
2026/07/29 18:40:14.822, 303.75, 100, 74232, 71
2026/07/29 18:40:15.860, 297.52, 100, 74232, 71
2026/07/29 18:40:16.897, 304.34, 100, 74232, 71
2026/07/29 18:40:17.935, 295.89, 100, 74232, 70
2026/07/29 18:40:18.973, 299.39, 100, 74232, 70
2026/07/29 18:40:20.010, 298.21, 100, 74232, 70
2026/07/29 18:40:21.048, 291.50, 100, 74232, 70
2026/07/29 18:40:22.087, 298.00, 100, 74232, 70
2026/07/29 18:40:23.128, 304.06, 100, 74232, 71
2026/07/29 18:40:24.166, 296.45, 100, 74232, 70
2026/07/29 18:40:25.208, 304.02, 100, 74232, 70
2026/07/29 18:40:26.245, 297.74, 100, 74232, 70
2026/07/29 18:40:27.282, 297.46, 100, 74232, 70
2026/07/29 18:40:28.321, 290.64, 100, 74232, 70
2026/07/29 18:40:29.358, 297.90, 100, 74232, 70
2026/07/29 18:40:30.394, 302.88, 100, 74232, 70
2026/07/29 18:40:31.430, 299.57, 100, 74232, 70
2026/07/29 18:40:32.469, 299.75, 100, 74232, 70
2026/07/29 18:40:33.506, 301.82, 100, 74232, 70
2026/07/29 18:40:34.544, 304.53, 100, 74232, 70
2026/07/29 18:40:35.581, 300.95, 100, 74232, 70
2026/07/29 18:40:36.618, 300.94, 100, 74232, 70
2026/07/29 18:40:37.655, 297.82, 100, 74232, 70
2026/07/29 18:40:38.693, 294.83, 100, 74232, 70
2026/07/29 18:40:39.732, 296.17, 100, 74232, 70
2026/07/29 18:40:40.768, 295.00, 100, 74232, 70
2026/07/29 18:40:41.807, 295.78, 100, 74232, 70
2026/07/29 18:40:42.845, 292.96, 100, 74232, 70
2026/07/29 18:40:43.882, 291.61, 100, 74232, 70
2026/07/29 18:40:44.919, 306.25, 100, 74232, 70
2026/07/29 18:40:45.956, 305.86, 100, 74232, 70
2026/07/29 18:40:46.993, 305.29, 100, 74232, 70
2026/07/29 18:40:48.030, 302.62, 100, 74232, 70
2026/07/29 18:40:49.068, 304.12, 100, 74232, 70
2026/07/29 18:40:50.106, 304.45, 100, 74232, 70
2026/07/29 18:40:51.142, 302.58, 100, 74232, 70
2026/07/29 18:40:52.179, 302.80, 100, 74232, 70
2026/07/29 18:40:53.215, 302.66, 100, 74232, 70
2026/07/29 18:40:54.255, 302.96, 100, 74232, 70
2026/07/29 18:40:55.292, 306.20, 100, 74232, 70
2026/07/29 18:40:56.328, 303.05, 100, 74232, 70
2026/07/29 18:40:57.366, 297.43, 100, 74232, 70
2026/07/29 18:40:58.402, 295.19, 100, 74232, 70
2026/07/29 18:40:59.442, 296.14, 100, 74232, 70
2026/07/29 18:41:00.479, 298.32, 100, 74232, 70
2026/07/29 18:41:01.516, 297.43, 100, 74232, 70
2026/07/29 18:41:02.553, 301.70, 100, 74232, 70
2026/07/29 18:41:03.590, 297.71, 100, 74232, 70
2026/07/29 18:41:04.627, 298.32, 100, 74232, 70
2026/07/29 18:41:05.673, 294.72, 100, 74232, 70
2026/07/29 18:41:06.710, 299.09, 100, 74232, 71
2026/07/29 18:41:07.747, 297.34, 100, 74232, 70
2026/07/29 18:41:08.785, 298.13, 100, 74232, 70
2026/07/29 18:41:09.822, 298.51, 100, 74232, 70
2026/07/29 18:41:10.862, 295.41, 100, 74232, 70
2026/07/29 18:41:11.901, 296.17, 100, 74232, 70
2026/07/29 18:41:12.938, 298.02, 100, 74232, 71
2026/07/29 18:41:13.976, 305.30, 100, 74232, 71
2026/07/29 18:41:15.013, 301.54, 100, 74232, 71
2026/07/29 18:41:16.050, 304.89, 100, 74232, 71
2026/07/29 18:41:17.089, 297.04, 100, 74232, 71
2026/07/29 18:41:18.127, 297.93, 100, 74232, 71
2026/07/29 18:41:19.165, 298.29, 100, 74232, 71
2026/07/29 18:41:20.204, 295.49, 100, 74232, 71
2026/07/29 18:41:21.241, 303.39, 100, 74232, 71
2026/07/29 18:41:22.284, 305.04, 100, 74232, 71
2026/07/29 18:41:23.321, 295.02, 100, 74232, 70
2026/07/29 18:41:24.358, 295.78, 100, 74232, 70
2026/07/29 18:41:25.396, 296.75, 100, 74232, 70
2026/07/29 18:41:26.432, 302.67, 100, 74232, 70
2026/07/29 18:41:27.470, 301.71, 100, 74232, 70
2026/07/29 18:41:28.508, 295.39, 100, 74232, 70
2026/07/29 18:41:29.549, 297.74, 100, 74232, 70
2026/07/29 18:41:30.587, 297.92, 100, 74232, 70
2026/07/29 18:41:31.625, 295.19, 100, 74232, 70
2026/07/29 18:41:32.661, 297.25, 100, 74232, 70
2026/07/29 18:41:33.698, 294.51, 100, 74232, 70
2026/07/29 18:41:34.736, 289.47, 100, 74232, 70
2026/07/29 18:41:35.773, 296.57, 100, 74232, 70
2026/07/29 18:41:36.812, 297.93, 100, 74232, 70
2026/07/29 18:41:37.849, 297.74, 100, 74232, 70
2026/07/29 18:41:38.888, 300.05, 100, 74232, 70
2026/07/29 18:41:39.927, 303.73, 100, 74232, 71
2026/07/29 18:41:40.964, 299.88, 100, 74232, 70
2026/07/29 18:41:42.001, 297.06, 100, 74232, 70
2026/07/29 18:41:43.039, 294.12, 100, 74232, 70
2026/07/29 18:41:44.077, 297.22, 100, 74232, 70
2026/07/29 18:41:45.115, 302.59, 100, 74232, 70
2026/07/29 18:41:46.153, 298.88, 100, 74232, 70
2026/07/29 18:41:47.191, 294.52, 100, 74232, 70
2026/07/29 18:41:48.229, 305.88, 100, 74232, 70
2026/07/29 18:41:49.266, 295.89, 100, 74232, 70
2026/07/29 18:41:50.302, 304.46, 100, 74232, 70
2026/07/29 18:41:51.341, 297.32, 100, 74232, 70
2026/07/29 18:41:52.377, 304.73, 100, 74232, 70
2026/07/29 18:41:53.416, 293.73, 100, 74232, 70
2026/07/29 18:41:54.453, 293.26, 100, 74232, 70
2026/07/29 18:41:55.491, 301.34, 100, 74232, 70
2026/07/29 18:41:56.528, 303.08, 100, 74232, 70
2026/07/29 18:41:57.566, 293.55, 100, 74232, 70
2026/07/29 18:41:58.601, 293.48, 100, 74232, 70
2026/07/29 18:41:59.639, 295.21, 100, 74232, 70
2026/07/29 18:42:00.676, 297.52, 100, 74232, 70
2026/07/29 18:42:01.712, 304.12, 100, 74232, 70
2026/07/29 18:42:02.747, 307.18, 100, 74232, 70
2026/07/29 18:42:03.787, 302.51, 100, 74232, 70
2026/07/29 18:42:04.823, 296.76, 100, 74232, 70
2026/07/29 18:42:05.861, 296.67, 100, 74232, 70
2026/07/29 18:42:06.901, 294.73, 100, 74232, 70
2026/07/29 18:42:07.938, 297.83, 100, 74232, 70
2026/07/29 18:42:08.980, 298.60, 100, 74232, 70
2026/07/29 18:42:10.017, 303.38, 100, 74232, 70
2026/07/29 18:42:11.054, 302.09, 100, 74232, 70
2026/07/29 18:42:12.094, 304.13, 100, 74232, 70
2026/07/29 18:42:13.132, 304.44, 100, 74232, 70
2026/07/29 18:42:14.171, 302.23, 100, 74232, 70
2026/07/29 18:42:15.208, 296.17, 100, 74232, 70
2026/07/29 18:42:16.245, 303.24, 100, 74232, 70
2026/07/29 18:42:17.283, 298.40, 100, 74232, 70
2026/07/29 18:42:18.320, 296.95, 100, 74232, 70
2026/07/29 18:42:19.358, 298.12, 100, 74232, 70
2026/07/29 18:42:20.395, 294.11, 100, 74232, 70
2026/07/29 18:42:21.434, 292.58, 100, 74232, 70
2026/07/29 18:42:22.472, 294.72, 100, 74232, 70
2026/07/29 18:42:23.510, 296.85, 100, 74232, 70
2026/07/29 18:42:24.547, 303.95, 100, 74232, 70
2026/07/29 18:42:25.585, 304.62, 100, 74232, 70
2026/07/29 18:42:26.621, 300.74, 100, 74232, 70
2026/07/29 18:42:27.658, 299.66, 100, 74232, 70
2026/07/29 18:42:28.694, 298.70, 100, 74232, 70
2026/07/29 18:42:29.733, 298.29, 100, 74232, 70
2026/07/29 18:42:30.771, 298.02, 100, 74232, 70
2026/07/29 18:42:31.815, 297.45, 100, 74232, 70
2026/07/29 18:42:32.852, 291.42, 100, 74232, 70
2026/07/29 18:42:33.892, 295.90, 100, 74232, 70
2026/07/29 18:42:34.931, 291.70, 100, 74232, 70
2026/07/29 18:42:35.968, 297.53, 100, 74232, 70
2026/07/29 18:42:37.005, 304.27, 100, 74232, 70
2026/07/29 18:42:38.043, 304.82, 100, 74232, 70
2026/07/29 18:42:39.081, 294.31, 100, 74232, 70
2026/07/29 18:42:40.121, 295.98, 100, 74232, 70
2026/07/29 18:42:41.158, 297.52, 100, 74232, 70
2026/07/29 18:42:42.196, 291.40, 100, 74232, 70
2026/07/29 18:42:43.234, 294.57, 100, 74232, 70
2026/07/29 18:42:44.275, 294.05, 100, 74232, 70
2026/07/29 18:42:45.314, 294.59, 100, 74232, 70
2026/07/29 18:42:46.351, 297.55, 100, 74232, 70
2026/07/29 18:42:47.393, 296.95, 100, 74232, 70
2026/07/29 18:42:48.429, 304.07, 100, 74232, 70
2026/07/29 18:42:49.466, 304.81, 100, 74232, 70
2026/07/29 18:42:50.504, 297.05, 100, 74232, 70
2026/07/29 18:42:51.542, 307.86, 100, 74232, 70
2026/07/29 18:42:52.579, 296.84, 100, 74232, 70
2026/07/29 18:42:53.616, 303.76, 100, 74232, 70
2026/07/29 18:42:54.654, 297.61, 100, 74232, 70
2026/07/29 18:42:55.692, 297.43, 100, 74232, 70
2026/07/29 18:42:56.730, 295.29, 100, 74232, 70
2026/07/29 18:42:57.767, 291.50, 100, 74232, 70
2026/07/29 18:42:58.805, 298.49, 100, 74232, 70
2026/07/29 18:42:59.842, 297.07, 100, 74232, 70
2026/07/29 18:43:00.882, 300.81, 100, 74232, 70
2026/07/29 18:43:01.919, 296.76, 100, 74232, 70
2026/07/29 18:43:02.958, 305.29, 100, 74232, 70
2026/07/29 18:43:03.996, 301.34, 100, 74232, 70
2026/07/29 18:43:05.033, 293.64, 100, 74232, 70
2026/07/29 18:43:06.069, 303.08, 100, 74232, 70
2026/07/29 18:43:07.107, 299.29, 100, 74232, 70
2026/07/29 18:43:08.145, 295.99, 100, 74232, 70
2026/07/29 18:43:09.183, 297.03, 100, 74232, 70
2026/07/29 18:43:10.221, 304.75, 100, 74232, 70
2026/07/29 18:43:11.258, 301.51, 100, 74232, 70
2026/07/29 18:43:12.295, 292.58, 100, 74232, 70
2026/07/29 18:43:13.332, 297.45, 100, 74232, 70
2026/07/29 18:43:14.370, 299.59, 100, 74232, 70
2026/07/29 18:43:15.406, 295.60, 100, 74232, 70
2026/07/29 18:43:16.444, 297.43, 100, 74232, 70
2026/07/29 18:43:17.483, 297.35, 100, 74232, 70
2026/07/29 18:43:18.522, 303.94, 100, 74232, 70
2026/07/29 18:43:19.559, 297.64, 100, 74232, 70
2026/07/29 18:43:20.597, 295.10, 100, 74232, 70
2026/07/29 18:43:21.635, 291.51, 100, 74232, 70
2026/07/29 18:43:22.672, 295.69, 100, 74232, 70
2026/07/29 18:43:23.708, 297.14, 100, 74232, 70
2026/07/29 18:43:24.746, 298.41, 100, 74232, 70
2026/07/29 18:43:25.784, 297.43, 100, 74232, 70
2026/07/29 18:43:26.822, 298.41, 100, 74232, 70
2026/07/29 18:43:27.860, 295.09, 100, 74232, 70
2026/07/29 18:43:28.897, 300.35, 100, 74232, 70
2026/07/29 18:43:29.935, 295.88, 100, 74232, 70
2026/07/29 18:43:30.972, 297.05, 100, 74232, 70
2026/07/29 18:43:32.010, 296.25, 100, 74232, 70
2026/07/29 18:43:33.048, 296.07, 100, 74232, 70
2026/07/29 18:43:34.090, 297.83, 100, 74232, 70
2026/07/29 18:43:35.128, 304.26, 100, 74232, 70
2026/07/29 18:43:36.165, 300.33, 100, 74232, 70
2026/07/29 18:43:37.202, 298.99, 100, 74232, 70
2026/07/29 18:43:38.238, 291.11, 100, 74232, 70
2026/07/29 18:43:39.277, 295.51, 100, 74232, 70
2026/07/29 18:43:40.314, 297.14, 100, 74232, 70
2026/07/29 18:43:41.351, 297.85, 100, 74232, 70
2026/07/29 18:43:42.387, 303.85, 100, 74232, 70
2026/07/29 18:43:43.425, 298.43, 100, 74232, 70
2026/07/29 18:43:44.463, 291.51, 100, 74232, 70
2026/07/29 18:43:45.501, 302.00, 100, 74232, 70
2026/07/29 18:43:46.540, 304.30, 100, 74232, 70
2026/07/29 18:43:47.578, 304.61, 100, 74232, 70
2026/07/29 18:43:48.615, 298.59, 100, 74232, 70
2026/07/29 18:43:49.653, 302.40, 100, 74232, 70
2026/07/29 18:43:50.691, 300.46, 100, 74232, 70
2026/07/29 18:43:51.730, 297.62, 100, 74232, 70
2026/07/29 18:43:52.770, 295.96, 100, 74232, 70
2026/07/29 18:43:53.807, 299.67, 100, 74232, 70
2026/07/29 18:43:54.845, 303.86, 100, 74232, 70
2026/07/29 18:43:55.884, 297.93, 100, 74232, 70
2026/07/29 18:43:56.922, 298.99, 100, 74232, 70
2026/07/29 18:43:57.960, 290.42, 100, 74232, 70
2026/07/29 18:43:58.999, 299.79, 100, 74232, 70
2026/07/29 18:44:00.037, 296.35, 100, 74232, 70
2026/07/29 18:44:01.075, 296.76, 100, 74232, 70
2026/07/29 18:44:02.112, 294.04, 100, 74232, 70
2026/07/29 18:44:03.150, 297.34, 100, 74232, 70
2026/07/29 18:44:04.189, 298.13, 100, 74232, 70
2026/07/29 18:44:05.226, 290.55, 100, 74232, 70
2026/07/29 18:44:06.265, 301.34, 100, 74232, 70
2026/07/29 18:44:07.302, 298.89, 100, 74232, 70
2026/07/29 18:44:08.340, 299.88, 100, 74232, 70
2026/07/29 18:44:09.378, 295.21, 100, 74232, 70
2026/07/29 18:44:10.416, 302.18, 100, 74232, 70
2026/07/29 18:44:11.453, 302.70, 100, 74232, 70
2026/07/29 18:44:12.491, 301.78, 100, 74232, 70
2026/07/29 18:44:13.529, 296.76, 100, 74232, 70
2026/07/29 18:44:14.568, 296.86, 100, 74232, 70
2026/07/29 18:44:15.607, 299.55, 100, 74232, 70
2026/07/29 18:44:16.645, 296.18, 100, 74232, 70
2026/07/29 18:44:17.682, 297.43, 100, 74232, 70
2026/07/29 18:44:18.720, 291.09, 100, 74232, 70
2026/07/29 18:44:19.757, 297.81, 100, 74232, 70
2026/07/29 18:44:20.794, 299.66, 100, 74232, 70
2026/07/29 18:44:21.831, 294.25, 100, 74232, 70
2026/07/29 18:44:22.868, 297.64, 100, 74232, 70
2026/07/29 18:44:23.906, 294.70, 100, 74232, 70
2026/07/29 18:44:24.944, 295.76, 100, 74232, 70
2026/07/29 18:44:25.983, 296.20, 100, 74232, 70
2026/07/29 18:44:27.021, 295.03, 100, 74232, 70
2026/07/29 18:44:28.059, 297.32, 100, 74232, 70
2026/07/29 18:44:29.097, 294.61, 100, 74232, 70
2026/07/29 18:44:30.135, 296.16, 100, 74232, 70
2026/07/29 18:44:31.174, 297.42, 100, 74232, 70
2026/07/29 18:44:32.214, 295.60, 100, 74232, 70
2026/07/29 18:44:33.251, 297.90, 100, 74232, 70
2026/07/29 18:44:34.288, 298.29, 100, 74232, 70
2026/07/29 18:44:35.326, 300.43, 100, 74232, 70
2026/07/29 18:44:36.363, 304.05, 100, 74232, 70
2026/07/29 18:44:37.405, 304.92, 100, 74232, 70
2026/07/29 18:44:38.442, 303.54, 100, 74232, 70
2026/07/29 18:44:39.479, 305.52, 100, 74232, 70
2026/07/29 18:44:40.516, 305.68, 100, 74232, 70
2026/07/29 18:44:41.560, 298.12, 100, 74232, 70
2026/07/29 18:44:42.596, 298.50, 100, 74232, 70
2026/07/29 18:44:43.634, 292.39, 100, 74232, 70
2026/07/29 18:44:44.670, 295.20, 100, 74232, 70
2026/07/29 18:44:45.707, 305.20, 100, 74232, 71
2026/07/29 18:44:46.744, 95.71, 67, 74232, 67
2026/07/29 18:44:47.779, 300.09, 100, 74232, 71
2026/07/29 18:44:48.815, 307.40, 100, 74232, 72
2026/07/29 18:44:49.850, 292.87, 100, 74232, 72
2026/07/29 18:44:50.886, 280.11, 100, 74232, 71
2026/07/29 18:44:51.933, 301.07, 100, 74232, 72
2026/07/29 18:44:52.969, 313.36, 100, 74232, 72
2026/07/29 18:44:54.004, 314.07, 100, 74232, 71
2026/07/29 18:44:55.040, 307.03, 100, 74232, 70
2026/07/29 18:44:56.077, 302.70, 100, 74232, 70
2026/07/29 18:44:57.114, 303.35, 100, 74232, 70
2026/07/29 18:44:58.151, 305.10, 100, 74232, 70
2026/07/29 18:44:59.189, 302.59, 100, 74232, 71
2026/07/29 18:45:00.226, 302.66, 100, 74232, 71
2026/07/29 18:45:01.263, 299.10, 100, 74232, 71
2026/07/29 18:45:02.301, 302.36, 100, 74232, 71
2026/07/29 18:45:03.338, 304.70, 100, 74232, 71
2026/07/29 18:45:04.375, 297.72, 100, 74232, 71
2026/07/29 18:45:05.414, 302.31, 100, 74232, 71
2026/07/29 18:45:06.452, 297.62, 100, 74232, 71
2026/07/29 18:45:07.489, 304.41, 100, 74232, 71
2026/07/29 18:45:08.526, 303.55, 100, 74232, 71
2026/07/29 18:45:09.566, 294.81, 100, 74232, 71
2026/07/29 18:45:10.603, 296.45, 100, 74232, 71
2026/07/29 18:45:11.643, 296.93, 100, 74232, 71
2026/07/29 18:45:12.682, 293.26, 100, 74232, 71
2026/07/29 18:45:13.719, 293.25, 100, 74232, 71
2026/07/29 18:45:14.755, 296.27, 100, 74232, 71
2026/07/29 18:45:15.793, 298.21, 100, 74232, 71
2026/07/29 18:45:16.831, 298.70, 100, 74232, 71
2026/07/29 18:45:17.868, 295.79, 100, 74232, 71
2026/07/29 18:45:18.905, 296.95, 100, 74232, 71
2026/07/29 18:45:19.942, 300.15, 100, 74232, 71
2026/07/29 18:45:20.980, 298.22, 100, 74232, 70
2026/07/29 18:45:22.017, 295.79, 100, 74232, 70
2026/07/29 18:45:23.055, 290.24, 100, 74232, 70
2026/07/29 18:45:24.094, 297.26, 100, 74232, 70
2026/07/29 18:45:25.133, 293.15, 100, 74232, 70
2026/07/29 18:45:26.170, 292.97, 100, 74232, 70
2026/07/29 18:45:27.209, 296.37, 100, 74232, 70
2026/07/29 18:45:28.245, 305.05, 100, 74232, 71
2026/07/29 18:45:29.288, 300.73, 100, 74232, 70
2026/07/29 18:45:30.325, 301.49, 100, 74232, 70
2026/07/29 18:45:31.363, 299.28, 100, 74232, 70
2026/07/29 18:45:32.401, 305.33, 100, 74232, 70
2026/07/29 18:45:33.439, 297.93, 100, 74232, 70
2026/07/29 18:45:34.479, 302.96, 100, 74232, 70
2026/07/29 18:45:35.517, 297.04, 100, 74232, 70
2026/07/29 18:45:36.554, 298.44, 100, 74232, 70
2026/07/29 18:45:37.591, 298.23, 100, 74232, 70
2026/07/29 18:45:38.628, 295.20, 100, 74232, 70
2026/07/29 18:45:39.666, 296.48, 100, 74232, 70
2026/07/29 18:45:40.704, 293.16, 100, 74232, 70
2026/07/29 18:45:41.741, 297.66, 100, 74232, 70
2026/07/29 18:45:42.779, 293.65, 100, 74232, 70
2026/07/29 18:45:43.818, 294.61, 100, 74232, 70
2026/07/29 18:45:44.855, 296.85, 100, 74232, 70
2026/07/29 18:45:45.891, 297.63, 100, 74232, 70
2026/07/29 18:45:46.927, 297.36, 100, 74232, 70
2026/07/29 18:45:47.966, 294.89, 100, 74232, 70
2026/07/29 18:45:49.003, 303.67, 100, 74232, 70
2026/07/29 18:45:50.041, 303.93, 100, 74232, 70
2026/07/29 18:45:51.078, 301.34, 100, 74232, 70
2026/07/29 18:45:52.115, 297.25, 100, 74232, 70
2026/07/29 18:45:53.153, 303.46, 100, 74232, 70
2026/07/29 18:45:54.191, 303.19, 100, 74232, 70
2026/07/29 18:45:55.229, 308.90, 100, 74232, 70
2026/07/29 18:45:56.267, 304.02, 100, 74232, 70
2026/07/29 18:45:57.303, 296.75, 100, 74232, 70
2026/07/29 18:45:58.342, 293.54, 100, 74232, 70
2026/07/29 18:45:59.380, 294.41, 100, 74232, 70
2026/07/29 18:46:00.418, 297.14, 100, 74232, 70
2026/07/29 18:46:01.455, 297.32, 100, 74232, 70
2026/07/29 18:46:02.493, 293.44, 100, 74232, 70
2026/07/29 18:46:03.529, 296.08, 100, 74232, 70
2026/07/29 18:46:04.566, 293.17, 100, 74232, 70
2026/07/29 18:46:05.604, 297.83, 100, 74232, 70
2026/07/29 18:46:06.642, 294.51, 100, 74232, 70
2026/07/29 18:46:07.679, 295.10, 100, 74232, 70
2026/07/29 18:46:08.717, 296.67, 100, 74232, 70
2026/07/29 18:46:09.753, 298.69, 100, 74232, 70
2026/07/29 18:46:10.790, 294.53, 100, 74232, 70
2026/07/29 18:46:11.829, 302.62, 100, 74232, 70
2026/07/29 18:46:12.866, 303.83, 100, 74232, 70
2026/07/29 18:46:13.904, 302.30, 100, 74232, 70
2026/07/29 18:46:14.940, 305.10, 100, 74232, 70
2026/07/29 18:46:15.977, 298.50, 100, 74232, 70
2026/07/29 18:46:17.021, 297.14, 100, 74232, 70
2026/07/29 18:46:18.058, 297.14, 100, 74232, 70
2026/07/29 18:46:19.099, 300.77, 100, 74232, 70
2026/07/29 18:46:20.137, 295.01, 100, 74232, 70
2026/07/29 18:46:21.174, 293.57, 100, 74232, 70
2026/07/29 18:46:22.213, 296.94, 100, 74232, 70
2026/07/29 18:46:23.251, 297.92, 100, 74232, 70
2026/07/29 18:46:24.294, 298.02, 100, 74232, 70
2026/07/29 18:46:25.332, 294.42, 100, 74232, 70
2026/07/29 18:46:26.370, 296.65, 100, 74232, 70
2026/07/29 18:46:27.410, 296.37, 100, 74232, 70
2026/07/29 18:46:28.447, 297.64, 100, 74232, 70
2026/07/29 18:46:29.486, 293.95, 100, 74232, 70
2026/07/29 18:46:30.524, 293.28, 100, 74232, 70
2026/07/29 18:46:31.561, 296.09, 100, 74232, 70
2026/07/29 18:46:32.598, 299.08, 100, 74232, 70
2026/07/29 18:46:33.636, 292.56, 100, 74232, 70
2026/07/29 18:46:34.673, 293.17, 100, 74232, 70
2026/07/29 18:46:35.710, 297.74, 100, 74232, 70
2026/07/29 18:46:36.748, 296.66, 100, 74232, 70
2026/07/29 18:46:37.785, 297.63, 100, 74232, 70
2026/07/29 18:46:38.823, 298.71, 100, 74232, 70
2026/07/29 18:46:39.861, 294.14, 100, 74232, 70
2026/07/29 18:46:40.902, 293.84, 100, 74232, 70
2026/07/29 18:46:41.939, 296.46, 100, 74232, 70
2026/07/29 18:46:42.976, 297.75, 100, 74232, 70
2026/07/29 18:46:44.013, 297.92, 100, 74232, 70
2026/07/29 18:46:45.051, 301.71, 100, 74232, 70
2026/07/29 18:46:46.089, 295.60, 100, 74232, 70
2026/07/29 18:46:47.126, 297.16, 100, 74232, 70
2026/07/29 18:46:48.163, 303.93, 100, 74232, 70
2026/07/29 18:46:49.201, 298.22, 100, 74232, 70
2026/07/29 18:46:50.238, 292.77, 100, 74232, 70
2026/07/29 18:46:51.276, 302.29, 100, 74232, 70
2026/07/29 18:46:52.321, 303.68, 100, 74232, 70
2026/07/29 18:46:53.359, 298.31, 100, 74232, 70
2026/07/29 18:46:54.395, 301.61, 100, 74232, 70
2026/07/29 18:46:55.433, 301.12, 100, 74232, 70
2026/07/29 18:46:56.470, 303.66, 100, 74232, 70
2026/07/29 18:46:57.508, 302.86, 100, 74232, 70
2026/07/29 18:46:58.544, 304.89, 100, 74232, 70
2026/07/29 18:46:59.580, 300.25, 100, 74232, 70
2026/07/29 18:47:00.618, 298.05, 100, 74232, 70
2026/07/29 18:47:01.657, 296.36, 100, 74232, 70
2026/07/29 18:47:02.695, 304.41, 100, 74232, 70
2026/07/29 18:47:03.734, 299.85, 100, 74232, 70
2026/07/29 18:47:04.771, 292.86, 100, 74232, 70
2026/07/29 18:47:05.807, 295.59, 100, 74232, 70
2026/07/29 18:47:06.853, 304.41, 100, 74232, 70
2026/07/29 18:47:07.890, 293.93, 100, 74232, 70
2026/07/29 18:47:08.927, 292.77, 100, 74232, 70
2026/07/29 18:47:09.965, 303.07, 100, 74232, 70
2026/07/29 18:47:11.002, 299.09, 100, 74232, 70
2026/07/29 18:47:12.040, 304.12, 100, 74232, 70
2026/07/29 18:47:13.077, 304.91, 100, 74232, 70
2026/07/29 18:47:14.115, 299.65, 100, 74232, 70
2026/07/29 18:47:15.153, 294.11, 100, 74232, 70
2026/07/29 18:47:16.191, 301.43, 100, 74232, 70
2026/07/29 18:47:17.229, 297.16, 100, 74232, 70
2026/07/29 18:47:18.268, 295.67, 100, 74232, 70
2026/07/29 18:47:19.304, 302.91, 100, 74232, 70
2026/07/29 18:47:20.342, 293.92, 100, 74232, 70
2026/07/29 18:47:21.379, 294.80, 100, 74232, 70
2026/07/29 18:47:22.417, 294.14, 100, 74232, 70
2026/07/29 18:47:23.455, 295.67, 100, 74232, 70
2026/07/29 18:47:24.491, 295.88, 100, 74232, 70
2026/07/29 18:47:25.529, 297.42, 100, 74232, 70
2026/07/29 18:47:26.566, 288.61, 100, 74232, 70
2026/07/29 18:47:27.604, 298.03, 100, 74232, 70
2026/07/29 18:47:28.641, 290.47, 100, 74232, 70
2026/07/29 18:47:29.680, 295.88, 100, 74232, 70
2026/07/29 18:47:30.717, 294.73, 100, 74232, 70
2026/07/29 18:47:31.754, 296.45, 100, 74232, 70
2026/07/29 18:47:32.791, 297.14, 100, 74232, 70
2026/07/29 18:47:33.830, 294.23, 100, 74232, 70
2026/07/29 18:47:34.867, 296.46, 100, 74232, 70
2026/07/29 18:47:35.905, 302.56, 100, 74232, 70
2026/07/29 18:47:36.947, 297.24, 100, 74232, 70
2026/07/29 18:47:37.985, 301.41, 100, 74232, 70
2026/07/29 18:47:39.022, 305.04, 100, 74232, 70
2026/07/29 18:47:40.061, 293.07, 100, 74232, 70
2026/07/29 18:47:41.102, 292.29, 100, 74232, 70
2026/07/29 18:47:42.140, 296.36, 100, 74232, 70
2026/07/29 18:47:43.180, 296.08, 100, 74232, 70
2026/07/29 18:47:44.218, 296.56, 100, 74232, 70
2026/07/29 18:47:45.255, 296.77, 100, 74232, 70
2026/07/29 18:47:46.292, 297.45, 100, 74232, 70
2026/07/29 18:47:47.329, 294.44, 100, 74232, 70
2026/07/29 18:47:48.367, 294.63, 100, 74232, 70
2026/07/29 18:47:49.403, 295.80, 100, 74232, 70
2026/07/29 18:47:50.441, 297.33, 100, 74232, 70
2026/07/29 18:47:51.479, 302.86, 100, 74232, 70
2026/07/29 18:47:52.516, 304.23, 100, 74232, 70
2026/07/29 18:47:53.554, 302.47, 100, 74232, 70
2026/07/29 18:47:54.592, 304.62, 100, 74232, 70
2026/07/29 18:47:55.630, 300.42, 100, 74232, 70
2026/07/29 18:47:56.667, 298.50, 100, 74232, 70
2026/07/29 18:47:57.704, 298.22, 100, 74232, 70
2026/07/29 18:47:58.742, 296.95, 100, 74232, 70
2026/07/29 18:47:59.781, 297.55, 100, 74232, 70
2026/07/29 18:48:00.818, 297.13, 100, 74232, 70
2026/07/29 18:48:01.857, 297.27, 100, 74232, 70
2026/07/29 18:48:02.895, 290.71, 100, 74232, 70
2026/07/29 18:48:03.933, 292.58, 100, 74232, 70
2026/07/29 18:48:04.971, 295.67, 100, 74232, 70
2026/07/29 18:48:06.009, 296.36, 100, 74232, 70
2026/07/29 18:48:07.046, 297.36, 100, 74232, 70
2026/07/29 18:48:08.083, 304.73, 100, 74232, 70
2026/07/29 18:48:09.124, 298.42, 100, 74232, 70
2026/07/29 18:48:10.161, 299.28, 100, 74232, 70
2026/07/29 18:48:11.198, 296.08, 100, 74232, 70
2026/07/29 18:48:12.234, 296.76, 100, 74232, 70
2026/07/29 18:48:13.272, 304.26, 100, 74232, 70
2026/07/29 18:48:14.316, 302.98, 100, 74232, 70
2026/07/29 18:48:15.352, 302.31, 100, 74232, 70
2026/07/29 18:48:16.391, 303.58, 100, 74232, 70
2026/07/29 18:48:17.429, 304.82, 100, 74232, 70
2026/07/29 18:48:18.468, 296.75, 100, 74232, 70
2026/07/29 18:48:19.507, 297.94, 100, 74232, 70
2026/07/29 18:48:20.548, 298.69, 100, 74232, 70
2026/07/29 18:48:21.587, 292.40, 100, 74232, 70
2026/07/29 18:48:22.624, 295.61, 100, 74232, 70
2026/07/29 18:48:23.663, 300.74, 100, 74232, 70
2026/07/29 18:48:24.700, 302.85, 100, 74232, 70
2026/07/29 18:48:25.738, 297.64, 100, 74232, 70
2026/07/29 18:48:26.776, 299.96, 100, 74232, 70
2026/07/29 18:48:27.813, 298.02, 100, 74232, 70
2026/07/29 18:48:28.851, 295.20, 100, 74232, 70
2026/07/29 18:48:29.889, 296.46, 100, 74232, 70
2026/07/29 18:48:30.927, 296.85, 100, 74232, 70
2026/07/29 18:48:31.967, 303.65, 100, 74232, 70
2026/07/29 18:48:33.005, 303.25, 100, 74232, 70
2026/07/29 18:48:34.042, 298.93, 100, 74232, 70
2026/07/29 18:48:35.081, 301.99, 100, 74232, 70
2026/07/29 18:48:36.119, 295.77, 100, 74232, 70
2026/07/29 18:48:37.157, 297.33, 100, 74232, 70
2026/07/29 18:48:38.195, 296.76, 100, 74232, 70
2026/07/29 18:48:39.233, 298.01, 100, 74232, 70
2026/07/29 18:48:40.270, 298.04, 100, 74232, 70
2026/07/29 18:48:41.310, 298.29, 100, 74232, 70
2026/07/29 18:48:42.347, 298.40, 100, 74232, 70
2026/07/29 18:48:43.388, 295.20, 100, 74232, 70
2026/07/29 18:48:44.426, 294.53, 100, 74232, 70
2026/07/29 18:48:45.464, 301.81, 100, 74232, 70
2026/07/29 18:48:46.502, 302.71, 100, 74232, 70
2026/07/29 18:48:47.539, 303.27, 100, 74232, 70
2026/07/29 18:48:48.577, 304.12, 100, 74232, 70
2026/07/29 18:48:49.615, 305.10, 100, 74232, 70
2026/07/29 18:48:50.653, 304.84, 100, 74232, 70
2026/07/29 18:48:51.690, 305.39, 100, 74232, 70
2026/07/29 18:48:52.727, 298.52, 100, 74232, 70
2026/07/29 18:48:53.765, 292.18, 100, 74232, 70
2026/07/29 18:48:54.802, 302.88, 100, 74232, 70
2026/07/29 18:48:55.842, 304.81, 100, 74232, 70
2026/07/29 18:48:56.880, 303.94, 100, 74232, 70
2026/07/29 18:48:57.921, 296.85, 100, 74232, 70
2026/07/29 18:48:58.960, 297.05, 100, 74232, 70
2026/07/29 18:49:00.000, 304.88, 100, 74232, 70
2026/07/29 18:49:01.040, 297.45, 100, 74232, 70
2026/07/29 18:49:02.078, 298.12, 100, 74232, 70
2026/07/29 18:49:03.115, 298.91, 100, 74232, 70
2026/07/29 18:49:04.152, 298.41, 100, 74232, 70
2026/07/29 18:49:05.190, 293.25, 100, 74232, 70
2026/07/29 18:49:06.228, 296.26, 100, 74232, 70
2026/07/29 18:49:07.265, 292.58, 100, 74232, 70
2026/07/29 18:49:08.304, 295.79, 100, 74232, 70
2026/07/29 18:49:09.341, 296.93, 100, 74232, 70
2026/07/29 18:49:10.381, 304.99, 100, 74232, 70
2026/07/29 18:49:11.418, 297.23, 100, 74232, 70
2026/07/29 18:49:12.454, 308.14, 100, 74232, 70
2026/07/29 18:49:13.492, 304.93, 100, 74232, 70
2026/07/29 18:49:14.529, 298.49, 100, 74232, 70
2026/07/29 18:49:15.567, 298.80, 100, 74232, 70
2026/07/29 18:49:16.615, 292.77, 100, 74232, 70
2026/07/29 18:49:17.655, 301.43, 100, 74232, 70
2026/07/29 18:49:18.692, 294.52, 100, 74232, 70
2026/07/29 18:49:19.733, 296.75, 100, 74232, 70
2026/07/29 18:49:20.770, 295.31, 100, 74232, 70
2026/07/29 18:49:21.812, 296.66, 100, 74232, 70
2026/07/29 18:49:22.850, 298.22, 100, 74232, 70
2026/07/29 18:49:23.888, 304.62, 100, 74232, 70
2026/07/29 18:49:24.926, 298.50, 100, 74232, 70
2026/07/29 18:49:25.965, 299.76, 100, 74232, 70
2026/07/29 18:49:27.002, 294.89, 100, 74232, 70
2026/07/29 18:49:28.040, 298.12, 100, 74232, 70
2026/07/29 18:49:29.077, 293.53, 100, 74232, 70
2026/07/29 18:49:30.115, 295.22, 100, 74232, 70
2026/07/29 18:49:31.153, 294.03, 100, 74232, 70
2026/07/29 18:49:32.191, 297.55, 100, 74232, 70
2026/07/29 18:49:33.235, 296.37, 100, 74232, 70
2026/07/29 18:49:34.273, 295.11, 100, 74232, 70
2026/07/29 18:49:35.311, 296.45, 100, 74232, 70
2026/07/29 18:49:36.354, 296.93, 100, 74232, 70
2026/07/29 18:49:37.394, 296.26, 100, 74232, 70
2026/07/29 18:49:38.433, 296.93, 100, 74232, 70
2026/07/29 18:49:39.474, 297.64, 100, 74232, 70
2026/07/29 18:49:40.512, 304.16, 100, 74232, 70
2026/07/29 18:49:41.548, 301.70, 100, 74232, 70
2026/07/29 18:49:42.588, 306.55, 100, 74232, 70
2026/07/29 18:49:43.625, 305.90, 100, 74232, 70
2026/07/29 18:49:44.664, 298.32, 100, 74232, 70
2026/07/29 18:49:45.702, 295.40, 100, 74232, 70
2026/07/29 18:49:46.740, 300.82, 100, 74232, 70
2026/07/29 18:49:47.776, 96.67, 0, 74232, 67
2026/07/29 18:49:48.865, 95.14, 0, 74232, 66
2026/07/29 18:49:49.897, 93.05, 0, 74232, 66
2026/07/29 18:49:50.929, 93.74, 0, 74232, 65
2026/07/29 18:49:51.960, 93.04, 0, 74232, 65
2026/07/29 18:49:52.995, 92.09, 0, 74232, 64
2026/07/29 18:49:54.028, 90.75, 0, 74232, 64
2026/07/29 18:49:55.061, 90.77, 0, 74232, 63
2026/07/29 18:49:56.094, 307.00, 100, 74232, 68
2026/07/29 18:49:57.130, 303.41, 100, 74232, 68
2026/07/29 18:49:58.173, 303.23, 100, 74232, 69
2026/07/29 18:49:59.207, 291.20, 100, 74232, 69
2026/07/29 18:50:00.242, 281.26, 100, 74232, 69
2026/07/29 18:50:01.276, 309.31, 100, 74232, 69
2026/07/29 18:50:02.315, 294.66, 100, 74232, 69
2026/07/29 18:50:03.351, 300.53, 100, 74232, 68
2026/07/29 18:50:04.390, 297.32, 100, 74232, 68
2026/07/29 18:50:05.428, 292.86, 100, 74232, 68
2026/07/29 18:50:06.465, 293.83, 100, 74232, 68
2026/07/29 18:50:07.507, 301.23, 100, 74232, 68
2026/07/29 18:50:08.544, 299.48, 100, 74232, 68
2026/07/29 18:50:09.581, 299.10, 100, 74232, 69
2026/07/29 18:50:10.619, 302.57, 100, 74232, 69
2026/07/29 18:50:11.655, 298.82, 100, 74232, 69
2026/07/29 18:50:12.696, 301.80, 100, 74232, 69
2026/07/29 18:50:13.734, 299.16, 100, 74232, 69
2026/07/29 18:50:14.772, 299.47, 100, 74232, 69
2026/07/29 18:50:15.810, 301.02, 100, 74232, 69
2026/07/29 18:50:16.847, 302.21, 100, 74232, 69
2026/07/29 18:50:17.885, 302.48, 100, 74232, 69
2026/07/29 18:50:18.923, 301.40, 100, 74232, 69
2026/07/29 18:50:19.961, 294.31, 100, 74232, 69
2026/07/29 18:50:20.998, 296.17, 100, 74232, 69
2026/07/29 18:50:22.041, 293.16, 100, 74232, 69
2026/07/29 18:50:23.078, 293.44, 100, 74232, 69
2026/07/29 18:50:24.117, 297.05, 100, 74232, 69
2026/07/29 18:50:25.155, 296.84, 100, 74232, 69
2026/07/29 18:50:26.193, 294.32, 100, 74232, 69
2026/07/29 18:50:27.231, 295.70, 100, 74232, 69
2026/07/29 18:50:28.269, 290.92, 100, 74232, 69
2026/07/29 18:50:29.306, 295.48, 100, 74232, 69
2026/07/29 18:50:30.346, 301.91, 100, 74232, 70
2026/07/29 18:50:31.383, 304.71, 100, 74232, 70
2026/07/29 18:50:32.420, 302.87, 100, 74232, 70
2026/07/29 18:50:33.457, 301.24, 100, 74232, 70
2026/07/29 18:50:34.494, 303.65, 100, 74232, 70
2026/07/29 18:50:35.532, 301.52, 100, 74232, 70
2026/07/29 18:50:36.572, 299.31, 100, 74232, 70
2026/07/29 18:50:37.609, 302.80, 100, 74232, 70
2026/07/29 18:50:38.646, 303.99, 100, 74232, 70
2026/07/29 18:50:39.684, 300.23, 100, 74232, 70
2026/07/29 18:50:40.721, 294.71, 100, 74232, 70
2026/07/29 18:50:41.759, 295.98, 100, 74232, 70
2026/07/29 18:50:42.795, 297.64, 100, 74232, 70
2026/07/29 18:50:43.833, 297.35, 100, 74232, 70
2026/07/29 18:50:44.870, 300.55, 100, 74232, 70
2026/07/29 18:50:45.910, 296.56, 100, 74232, 70
2026/07/29 18:50:46.948, 296.36, 100, 74232, 70
2026/07/29 18:50:47.987, 296.86, 100, 74232, 70
2026/07/29 18:50:49.025, 295.66, 100, 74232, 70
2026/07/29 18:50:50.062, 295.21, 100, 74232, 70
2026/07/29 18:50:51.098, 297.04, 100, 74232, 70
2026/07/29 18:50:52.135, 291.89, 100, 74232, 70
2026/07/29 18:50:53.174, 296.07, 100, 74232, 70
2026/07/29 18:50:54.212, 302.57, 100, 74232, 70
2026/07/29 18:50:55.248, 304.26, 100, 74232, 70
2026/07/29 18:50:56.284, 294.51, 100, 74232, 70
2026/07/29 18:50:57.323, 301.79, 100, 74232, 70
2026/07/29 18:50:58.364, 297.82, 100, 74232, 70
2026/07/29 18:50:59.402, 305.91, 100, 74232, 70
2026/07/29 18:51:00.439, 297.54, 100, 74232, 70
2026/07/29 18:51:01.477, 297.43, 100, 74232, 70
2026/07/29 18:51:02.515, 304.35, 100, 74232, 70
2026/07/29 18:51:03.553, 304.03, 100, 74232, 70
2026/07/29 18:51:04.591, 297.05, 100, 74232, 70
2026/07/29 18:51:05.630, 303.55, 100, 74232, 70
2026/07/29 18:51:06.667, 289.67, 100, 74232, 70
2026/07/29 18:51:07.708, 297.22, 100, 74232, 70
2026/07/29 18:51:08.746, 297.64, 100, 74232, 70
2026/07/29 18:51:09.783, 298.32, 100, 74232, 70
2026/07/29 18:51:10.820, 294.90, 100, 74232, 70
2026/07/29 18:51:11.857, 297.05, 100, 74232, 70
2026/07/29 18:51:12.896, 297.65, 100, 74232, 70
2026/07/29 18:51:13.933, 298.02, 100, 74232, 70
2026/07/29 18:51:14.971, 295.03, 100, 74232, 70
2026/07/29 18:51:16.009, 296.48, 100, 74232, 70
2026/07/29 18:51:17.049, 297.15, 100, 74232, 70
2026/07/29 18:51:18.089, 298.22, 100, 74232, 70
2026/07/29 18:51:19.126, 294.91, 100, 74232, 70
2026/07/29 18:51:20.166, 296.84, 100, 74232, 70
2026/07/29 18:51:21.205, 303.83, 100, 74232, 70
2026/07/29 18:51:22.245, 310.53, 100, 74232, 70
2026/07/29 18:51:23.282, 305.97, 100, 74232, 70
2026/07/29 18:51:24.320, 302.66, 100, 74232, 70
2026/07/29 18:51:25.358, 304.45, 100, 74232, 70
2026/07/29 18:51:26.394, 297.62, 100, 74232, 70
2026/07/29 18:51:27.433, 305.40, 100, 74232, 70
2026/07/29 18:51:28.470, 296.56, 100, 74232, 70
2026/07/29 18:51:29.507, 298.00, 100, 74232, 70
2026/07/29 18:51:30.545, 297.26, 100, 74232, 70
2026/07/29 18:51:31.584, 296.67, 100, 74232, 70
2026/07/29 18:51:32.623, 303.83, 100, 74232, 70
2026/07/29 18:51:33.661, 298.00, 100, 74232, 70
2026/07/29 18:51:34.697, 298.50, 100, 74232, 70
2026/07/29 18:51:35.735, 292.17, 100, 74232, 70
2026/07/29 18:51:36.774, 303.67, 100, 74232, 70
2026/07/29 18:51:37.813, 304.32, 100, 74232, 71
2026/07/29 18:51:38.850, 305.13, 100, 74232, 71
2026/07/29 18:51:39.887, 302.86, 100, 74232, 70
2026/07/29 18:51:40.924, 302.86, 100, 74232, 71
2026/07/29 18:51:41.962, 304.70, 100, 74232, 71
2026/07/29 18:51:43.000, 305.93, 100, 74232, 71
2026/07/29 18:51:44.038, 303.86, 100, 74232, 71
2026/07/29 18:51:45.075, 294.13, 100, 74232, 70
2026/07/29 18:51:46.117, 303.86, 100, 74232, 71
2026/07/29 18:51:47.155, 297.24, 100, 74232, 70
2026/07/29 18:51:48.192, 297.83, 100, 74232, 70
2026/07/29 18:51:49.231, 293.91, 100, 74232, 70
2026/07/29 18:51:50.267, 301.25, 100, 74232, 70
2026/07/29 18:51:51.305, 296.45, 100, 74232, 70
2026/07/29 18:51:52.343, 297.73, 100, 74232, 70
2026/07/29 18:51:53.381, 297.35, 100, 74232, 71
2026/07/29 18:51:54.418, 298.91, 100, 74232, 70
2026/07/29 18:51:55.455, 295.76, 100, 74232, 71
2026/07/29 18:51:56.494, 297.64, 100, 74232, 71
2026/07/29 18:51:57.538, 304.22, 100, 74232, 71
2026/07/29 18:51:58.575, 304.13, 100, 74232, 71
2026/07/29 18:51:59.612, 294.73, 100, 74232, 71
2026/07/29 18:52:00.652, 301.88, 100, 74232, 71
2026/07/29 18:52:01.690, 304.03, 100, 74232, 71
2026/07/29 18:52:02.730, 305.49, 100, 74232, 71
2026/07/29 18:52:03.768, 305.10, 100, 74232, 71
2026/07/29 18:52:04.806, 301.61, 100, 74232, 71
2026/07/29 18:52:05.843, 303.74, 100, 74232, 71
2026/07/29 18:52:06.880, 298.70, 100, 74232, 71
2026/07/29 18:52:07.917, 297.53, 100, 74232, 71
2026/07/29 18:52:08.954, 293.82, 100, 74232, 71
2026/07/29 18:52:09.993, 294.93, 100, 74232, 71
2026/07/29 18:52:11.035, 304.62, 100, 74232, 71
2026/07/29 18:52:12.072, 305.47, 100, 74232, 71
2026/07/29 18:52:13.109, 297.15, 100, 74232, 71
2026/07/29 18:52:14.148, 298.88, 100, 74232, 71
2026/07/29 18:52:15.186, 293.85, 100, 74232, 71
2026/07/29 18:52:16.224, 300.46, 100, 74232, 71
2026/07/29 18:52:17.261, 296.27, 100, 74232, 71
2026/07/29 18:52:18.299, 301.90, 100, 74232, 71
2026/07/29 18:52:19.336, 305.90, 100, 74232, 71
2026/07/29 18:52:20.373, 298.42, 100, 74232, 71
2026/07/29 18:52:21.411, 293.55, 100, 74232, 71
2026/07/29 18:52:22.449, 303.86, 100, 74232, 71
2026/07/29 18:52:23.488, 298.78, 100, 74232, 71
2026/07/29 18:52:24.526, 300.36, 100, 74232, 71
2026/07/29 18:52:25.565, 305.48, 100, 74232, 71
2026/07/29 18:52:26.603, 304.46, 100, 74232, 71
2026/07/29 18:52:27.641, 305.72, 100, 74232, 71
2026/07/29 18:52:28.679, 298.21, 100, 74232, 71
2026/07/29 18:52:29.716, 301.58, 100, 74232, 71
2026/07/29 18:52:30.754, 299.69, 100, 74232, 71
2026/07/29 18:52:31.792, 305.09, 100, 74232, 71
2026/07/29 18:52:32.830, 299.58, 100, 74232, 71
2026/07/29 18:52:33.868, 298.52, 100, 74232, 71
2026/07/29 18:52:34.905, 299.00, 100, 74232, 71
2026/07/29 18:52:35.942, 299.86, 100, 74232, 71
2026/07/29 18:52:36.980, 294.34, 100, 74232, 71
2026/07/29 18:52:38.017, 296.86, 100, 74232, 71
2026/07/29 18:52:39.065, 298.60, 100, 74232, 71
2026/07/29 18:52:40.103, 298.80, 100, 74232, 71
2026/07/29 18:52:41.140, 301.60, 100, 74232, 71
2026/07/29 18:52:42.185, 296.65, 100, 74232, 71
2026/07/29 18:52:43.222, 295.29, 100, 74232, 71
2026/07/29 18:52:44.260, 297.72, 100, 74232, 71
2026/07/29 18:52:45.299, 292.20, 100, 74232, 71
2026/07/29 18:52:46.336, 299.60, 100, 74232, 71
2026/07/29 18:52:47.373, 289.43, 100, 74232, 71
2026/07/29 18:52:48.413, 285.88, 100, 74232, 71
2026/07/29 18:52:49.451, 291.31, 100, 74232, 71
2026/07/29 18:52:50.489, 297.36, 100, 74232, 71
2026/07/29 18:52:51.526, 298.32, 100, 74232, 71
2026/07/29 18:52:52.564, 294.13, 100, 74232, 71
2026/07/29 18:52:53.601, 305.40, 100, 74232, 71
2026/07/29 18:52:54.639, 302.30, 100, 74232, 71
2026/07/29 18:52:55.682, 308.88, 100, 74232, 71
2026/07/29 18:52:56.719, 300.83, 100, 74232, 71
2026/07/29 18:52:57.756, 298.11, 100, 74232, 71
2026/07/29 18:52:58.794, 305.78, 100, 74232, 71
2026/07/29 18:52:59.831, 298.39, 100, 74232, 71
2026/07/29 18:53:00.868, 294.44, 100, 74232, 71
2026/07/29 18:53:01.906, 302.30, 100, 74232, 71
2026/07/29 18:53:02.944, 302.87, 100, 74232, 71
2026/07/29 18:53:03.980, 305.04, 100, 74232, 71
2026/07/29 18:53:05.019, 297.33, 100, 74232, 71
2026/07/29 18:53:06.056, 299.60, 100, 74232, 70
2026/07/29 18:53:07.095, 298.14, 100, 74232, 70
2026/07/29 18:53:08.133, 295.48, 100, 74232, 70
2026/07/29 18:53:09.171, 298.10, 100, 74232, 70
2026/07/29 18:53:10.208, 300.92, 100, 74232, 70
2026/07/29 18:53:11.247, 297.04, 100, 74232, 70
2026/07/29 18:53:12.285, 297.55, 100, 74232, 70
2026/07/29 18:53:13.324, 298.00, 100, 74232, 70
2026/07/29 18:53:14.361, 298.91, 100, 74232, 70
2026/07/29 18:53:15.398, 294.82, 100, 74232, 70
2026/07/29 18:53:16.435, 295.57, 100, 74232, 70
2026/07/29 18:53:17.473, 296.65, 100, 74232, 70
2026/07/29 18:53:18.511, 297.52, 100, 74232, 70
2026/07/29 18:53:19.548, 297.74, 100, 74232, 70
2026/07/29 18:53:20.586, 297.82, 100, 74232, 70
2026/07/29 18:53:21.623, 298.69, 100, 74232, 70
2026/07/29 18:53:22.660, 301.51, 100, 74232, 70
2026/07/29 18:53:23.698, 295.52, 100, 74232, 70
2026/07/29 18:53:24.735, 295.29, 100, 74232, 70
2026/07/29 18:53:25.773, 297.04, 100, 74232, 70
2026/07/29 18:53:26.815, 296.07, 100, 74232, 70
2026/07/29 18:53:27.853, 303.26, 100, 74232, 70
2026/07/29 18:53:28.893, 302.43, 100, 74232, 70
2026/07/29 18:53:29.929, 300.83, 100, 74232, 70
2026/07/29 18:53:30.967, 305.30, 100, 74232, 70
2026/07/29 18:53:32.008, 294.32, 100, 74232, 70
2026/07/29 18:53:33.046, 296.65, 100, 74232, 70
2026/07/29 18:53:34.085, 302.67, 100, 74232, 70
2026/07/29 18:53:35.126, 303.63, 100, 74232, 70
2026/07/29 18:53:36.164, 296.37, 100, 74232, 70
2026/07/29 18:53:37.202, 297.72, 100, 74232, 70
2026/07/29 18:53:38.239, 294.54, 100, 74232, 70
2026/07/29 18:53:39.281, 298.41, 100, 74232, 70
2026/07/29 18:53:40.318, 293.95, 100, 74232, 70
2026/07/29 18:53:41.356, 296.54, 100, 74232, 70
2026/07/29 18:53:42.394, 297.34, 100, 74232, 70
2026/07/29 18:53:43.431, 296.84, 100, 74232, 70
2026/07/29 18:53:44.470, 297.71, 100, 74232, 70
2026/07/29 18:53:45.507, 298.13, 100, 74232, 70
2026/07/29 18:53:46.546, 297.93, 100, 74232, 70
2026/07/29 18:53:47.582, 294.99, 100, 74232, 70
2026/07/29 18:53:48.621, 296.45, 100, 74232, 70
2026/07/29 18:53:49.658, 293.85, 100, 74232, 70
2026/07/29 18:53:50.695, 296.37, 100, 74232, 70
2026/07/29 18:53:51.732, 297.55, 100, 74232, 70
2026/07/29 18:53:52.771, 298.31, 100, 74232, 70
2026/07/29 18:53:53.808, 303.85, 100, 74232, 70
2026/07/29 18:53:54.845, 300.63, 100, 74232, 70
2026/07/29 18:53:55.883, 297.44, 100, 74232, 70
2026/07/29 18:53:56.919, 302.95, 100, 74232, 70
2026/07/29 18:53:57.955, 303.64, 100, 74232, 70
2026/07/29 18:53:58.993, 304.63, 100, 74232, 70
2026/07/29 18:54:00.030, 303.65, 100, 74232, 70
2026/07/29 18:54:01.067, 304.15, 100, 74232, 70
2026/07/29 18:54:02.104, 305.32, 100, 74232, 70
2026/07/29 18:54:03.143, 304.64, 100, 74232, 70
2026/07/29 18:54:04.225, 303.51, 100, 74232, 70
2026/07/29 18:54:05.262, 304.24, 100, 74232, 70
2026/07/29 18:54:06.299, 299.30, 100, 74232, 70
2026/07/29 18:54:07.336, 296.47, 100, 74232, 70
2026/07/29 18:54:08.373, 294.03, 100, 74232, 70
2026/07/29 18:54:09.411, 296.37, 100, 74232, 70
2026/07/29 18:54:10.449, 297.06, 100, 74232, 70
2026/07/29 18:54:11.486, 297.44, 100, 74232, 70
2026/07/29 18:54:12.527, 296.76, 100, 74232, 70
2026/07/29 18:54:13.566, 297.25, 100, 74232, 70
2026/07/29 18:54:14.604, 292.78, 100, 74232, 70
2026/07/29 18:54:15.643, 297.64, 100, 74232, 70
2026/07/29 18:54:16.681, 292.86, 100, 74232, 70
2026/07/29 18:54:17.719, 295.12, 100, 74232, 70
2026/07/29 18:54:18.757, 292.36, 100, 74232, 70
2026/07/29 18:54:19.794, 295.07, 100, 74232, 70
2026/07/29 18:54:20.833, 296.85, 100, 74232, 70
2026/07/29 18:54:21.870, 301.80, 100, 74232, 70
2026/07/29 18:54:22.908, 300.37, 100, 74232, 70
2026/07/29 18:54:23.947, 302.28, 100, 74232, 70
2026/07/29 18:54:24.985, 304.40, 100, 74232, 70
2026/07/29 18:54:26.022, 304.05, 100, 74232, 70
2026/07/29 18:54:27.060, 304.51, 100, 74232, 70
2026/07/29 18:54:28.097, 303.67, 100, 74232, 70
2026/07/29 18:54:29.136, 304.56, 100, 74232, 70
2026/07/29 18:54:30.173, 300.56, 100, 74232, 70
2026/07/29 18:54:31.213, 302.18, 100, 74232, 70
2026/07/29 18:54:32.250, 298.50, 100, 74232, 70
2026/07/29 18:54:33.287, 292.65, 100, 74232, 70
2026/07/29 18:54:34.324, 294.90, 100, 74232, 70
2026/07/29 18:54:35.360, 302.22, 100, 74232, 70
2026/07/29 18:54:36.399, 302.29, 100, 74232, 70
2026/07/29 18:54:37.439, 304.22, 100, 74232, 70
2026/07/29 18:54:38.481, 296.07, 100, 74232, 70
2026/07/29 18:54:39.518, 297.64, 100, 74232, 70
2026/07/29 18:54:40.559, 297.83, 100, 74232, 70
2026/07/29 18:54:41.597, 297.34, 100, 74232, 70
2026/07/29 18:54:42.636, 297.92, 100, 74232, 70
2026/07/29 18:54:43.678, 360.70, 90, 74232, 72
2026/07/29 18:54:44.773, 298.32, 100, 74232, 72
2026/07/29 18:54:45.809, 303.08, 100, 74232, 72
2026/07/29 18:54:46.844, 301.34, 100, 74232, 72
2026/07/29 18:54:47.879, 302.95, 100, 74232, 72
2026/07/29 18:54:48.914, 310.93, 100, 74232, 72
2026/07/29 18:54:49.957, 300.70, 100, 74232, 72
2026/07/29 18:54:50.992, 304.74, 100, 74232, 70
2026/07/29 18:54:52.030, 302.70, 100, 74232, 70
2026/07/29 18:54:53.067, 301.51, 100, 74232, 70
2026/07/29 18:54:54.104, 304.26, 100, 74232, 71
2026/07/29 18:54:55.140, 298.18, 100, 74232, 71
2026/07/29 18:54:56.177, 305.09, 100, 74232, 71
2026/07/29 18:54:57.215, 298.60, 100, 74232, 71
2026/07/29 18:54:58.252, 302.37, 100, 74232, 71
2026/07/29 18:54:59.290, 306.08, 100, 74232, 71
2026/07/29 18:55:00.333, 301.88, 100, 74232, 71
2026/07/29 18:55:01.371, 299.76, 100, 74232, 71
2026/07/29 18:55:02.409, 304.31, 100, 74232, 71
2026/07/29 18:55:03.447, 373.86, 88, 74232, 72
2026/07/29 18:55:04.484, 310.03, 100, 74232, 73
2026/07/29 18:55:05.519, 307.90, 100, 74232, 72
2026/07/29 18:55:06.554, 310.22, 100, 74232, 73
2026/07/29 18:55:07.591, 297.64, 100, 74232, 73
2026/07/29 18:55:08.626, 297.85, 100, 74232, 73
2026/07/29 18:55:09.661, 286.60, 100, 74232, 73
2026/07/29 18:55:10.697, 298.21, 100, 74232, 71
2026/07/29 18:55:11.733, 293.23, 100, 74232, 71
2026/07/29 18:55:12.771, 304.83, 100, 74232, 71
2026/07/29 18:55:13.807, 299.87, 100, 74232, 71
2026/07/29 18:55:14.848, 304.12, 100, 74232, 71
2026/07/29 18:55:15.886, 303.48, 100, 74232, 71
2026/07/29 18:55:16.924, 297.93, 100, 74232, 71
2026/07/29 18:55:17.962, 297.54, 100, 74232, 71
2026/07/29 18:55:19.002, 297.16, 100, 74232, 71
2026/07/29 18:55:20.041, 298.78, 100, 74232, 71
2026/07/29 18:55:21.079, 295.61, 100, 74232, 71
2026/07/29 18:55:22.123, 295.11, 100, 74232, 71
2026/07/29 18:55:23.161, 305.14, 100, 74232, 71
2026/07/29 18:55:24.198, 305.48, 100, 74232, 71
2026/07/29 18:55:25.236, 303.55, 100, 74232, 71
2026/07/29 18:55:26.273, 291.74, 100, 74232, 71
2026/07/29 18:55:27.311, 293.65, 100, 74232, 71
2026/07/29 18:55:28.348, 295.68, 100, 74232, 71
2026/07/29 18:55:29.392, 290.05, 100, 74232, 71
2026/07/29 18:55:30.431, 294.35, 100, 74232, 71
2026/07/29 18:55:31.468, 302.02, 100, 74232, 71
2026/07/29 18:55:32.508, 300.16, 100, 74232, 71
2026/07/29 18:55:33.544, 302.78, 100, 74232, 71
2026/07/29 18:55:34.583, 303.15, 100, 74232, 71
2026/07/29 18:55:35.620, 304.42, 100, 74232, 71
2026/07/29 18:55:36.657, 305.88, 100, 74232, 71
2026/07/29 18:55:37.695, 307.47, 100, 74232, 71
2026/07/29 18:55:38.734, 305.05, 100, 74232, 71
2026/07/29 18:55:39.774, 303.76, 100, 74232, 71
2026/07/29 18:55:40.812, 292.74, 100, 74232, 71
2026/07/29 18:55:41.850, 304.26, 100, 74232, 71
2026/07/29 18:55:42.888, 297.66, 100, 74232, 71
2026/07/29 18:55:43.926, 298.10, 100, 74232, 71
2026/07/29 18:55:44.963, 299.47, 100, 74232, 71
2026/07/29 18:55:46.000, 301.01, 100, 74232, 71
2026/07/29 18:55:47.037, 302.39, 100, 74232, 71
2026/07/29 18:55:48.075, 295.39, 100, 74232, 71
2026/07/29 18:55:49.113, 291.89, 100, 74232, 70
2026/07/29 18:55:50.151, 297.43, 100, 74232, 70
2026/07/29 18:55:51.193, 304.74, 100, 74232, 71
2026/07/29 18:55:52.231, 294.91, 100, 74232, 70
2026/07/29 18:55:53.269, 295.42, 100, 74232, 70
2026/07/29 18:55:54.307, 292.89, 100, 74232, 70
2026/07/29 18:55:55.345, 297.15, 100, 74232, 70
2026/07/29 18:55:56.385, 297.05, 100, 74232, 71
2026/07/29 18:55:57.422, 300.26, 100, 74232, 71
2026/07/29 18:55:58.461, 304.51, 100, 74232, 71
2026/07/29 18:55:59.499, 296.26, 100, 74232, 71
2026/07/29 18:56:00.545, 300.82, 100, 74232, 71
2026/07/29 18:56:01.584, 298.88, 100, 74232, 71
2026/07/29 18:56:02.622, 297.33, 100, 74232, 71
2026/07/29 18:56:03.661, 298.88, 100, 74232, 70
2026/07/29 18:56:04.698, 297.53, 100, 74232, 70
2026/07/29 18:56:05.735, 297.65, 100, 74232, 70
2026/07/29 18:56:06.775, 294.71, 100, 74232, 70
2026/07/29 18:56:07.813, 295.79, 100, 74232, 70
2026/07/29 18:56:08.851, 299.37, 100, 74232, 70
2026/07/29 18:56:09.889, 299.67, 100, 74232, 70
2026/07/29 18:56:10.929, 300.93, 100, 74232, 70
2026/07/29 18:56:11.967, 291.70, 100, 74232, 70
2026/07/29 18:56:13.005, 296.25, 100, 74232, 70
2026/07/29 18:56:14.044, 295.10, 100, 74232, 70
2026/07/29 18:56:15.081, 300.85, 100, 74232, 70
2026/07/29 18:56:16.118, 297.15, 100, 74232, 70
2026/07/29 18:56:17.156, 296.48, 100, 74232, 70
2026/07/29 18:56:18.195, 296.08, 100, 74232, 70
2026/07/29 18:56:19.233, 297.83, 100, 74232, 70
2026/07/29 18:56:20.270, 298.50, 100, 74232, 70
2026/07/29 18:56:21.308, 296.56, 100, 74232, 70
2026/07/29 18:56:22.346, 301.31, 100, 74232, 70
2026/07/29 18:56:23.383, 300.42, 100, 74232, 70
2026/07/29 18:56:24.421, 300.07, 100, 74232, 70
2026/07/29 18:56:25.462, 301.82, 100, 74232, 71
2026/07/29 18:56:26.500, 303.16, 100, 74232, 70
2026/07/29 18:56:27.537, 299.38, 100, 74232, 70
2026/07/29 18:56:28.574, 305.60, 100, 74232, 71
2026/07/29 18:56:29.612, 302.70, 100, 74232, 71
2026/07/29 18:56:30.650, 297.64, 100, 74232, 70
2026/07/29 18:56:31.688, 303.07, 100, 74232, 70
2026/07/29 18:56:32.726, 296.07, 100, 74232, 70
2026/07/29 18:56:33.762, 295.69, 100, 74232, 70
2026/07/29 18:56:34.800, 305.31, 100, 74232, 71
2026/07/29 18:56:35.838, 303.46, 100, 74232, 70
2026/07/29 18:56:36.879, 299.76, 100, 74232, 70
2026/07/29 18:56:37.917, 302.57, 100, 74232, 70
2026/07/29 18:56:38.955, 301.62, 100, 74232, 70
2026/07/29 18:56:39.994, 302.69, 100, 74232, 70
2026/07/29 18:56:41.031, 298.12, 100, 74232, 70
2026/07/29 18:56:42.072, 302.01, 100, 74232, 70
2026/07/29 18:56:43.110, 295.58, 100, 74232, 70
2026/07/29 18:56:44.148, 293.82, 100, 74232, 70
2026/07/29 18:56:45.188, 293.53, 100, 74232, 70
2026/07/29 18:56:46.225, 294.51, 100, 74232, 70
2026/07/29 18:56:47.261, 302.29, 100, 74232, 72
2026/07/29 18:56:48.296, 286.64, 100, 74232, 72
2026/07/29 18:56:49.332, 300.37, 100, 74232, 72
2026/07/29 18:56:50.371, 299.35, 100, 74232, 72
2026/07/29 18:56:51.406, 321.51, 100, 74232, 72
2026/07/29 18:56:52.442, 303.48, 100, 74232, 70
2026/07/29 18:56:53.478, 302.02, 100, 74232, 70
2026/07/29 18:56:54.515, 303.94, 100, 74232, 70
2026/07/29 18:56:55.552, 304.27, 100, 74232, 70
2026/07/29 18:56:56.589, 303.35, 100, 74232, 70
2026/07/29 18:56:57.626, 305.00, 100, 74232, 70
2026/07/29 18:56:58.663, 298.30, 100, 74232, 70
2026/07/29 18:56:59.700, 300.04, 100, 74232, 70
2026/07/29 18:57:00.737, 299.07, 100, 74232, 70
2026/07/29 18:57:01.774, 292.87, 100, 74232, 70
2026/07/29 18:57:02.812, 298.32, 100, 74232, 70
2026/07/29 18:57:03.849, 293.63, 100, 74232, 70
2026/07/29 18:57:04.888, 298.80, 100, 74232, 70
2026/07/29 18:57:05.925, 294.33, 100, 74232, 70
2026/07/29 18:57:06.963, 298.10, 100, 74232, 70
2026/07/29 18:57:08.001, 295.68, 100, 74232, 70
2026/07/29 18:57:09.038, 303.05, 100, 74232, 70
2026/07/29 18:57:10.075, 297.04, 100, 74232, 70
2026/07/29 18:57:11.112, 304.16, 100, 74232, 71
2026/07/29 18:57:12.152, 303.75, 100, 74232, 71
2026/07/29 18:57:13.189, 300.95, 100, 74232, 70
2026/07/29 18:57:14.226, 299.46, 100, 74232, 70
2026/07/29 18:57:15.264, 296.85, 100, 74232, 70
2026/07/29 18:57:16.303, 304.90, 100, 74232, 71
2026/07/29 18:57:17.342, 296.26, 100, 74232, 70
2026/07/29 18:57:18.385, 299.05, 100, 74232, 72
2026/07/29 18:57:19.422, 294.81, 100, 74232, 72
2026/07/29 18:57:20.458, 292.95, 100, 74232, 72
2026/07/29 18:57:21.493, 291.60, 100, 74232, 72
2026/07/29 18:57:22.529, 282.73, 100, 74232, 72
2026/07/29 18:57:23.570, 294.45, 100, 74232, 72
2026/07/29 18:57:24.608, 286.64, 100, 74232, 70
2026/07/29 18:57:25.648, 290.24, 100, 74232, 70
2026/07/29 18:57:26.688, 289.36, 100, 74232, 70
2026/07/29 18:57:27.726, 285.77, 100, 74232, 70
2026/07/29 18:57:28.765, 290.73, 100, 74232, 70
2026/07/29 18:57:29.802, 295.13, 100, 74232, 70
2026/07/29 18:57:30.840, 294.92, 100, 74232, 70
2026/07/29 18:57:31.878, 297.15, 100, 74232, 71
2026/07/29 18:57:32.915, 304.81, 100, 74232, 71
2026/07/29 18:57:33.953, 299.58, 100, 74232, 71
2026/07/29 18:57:34.992, 305.00, 100, 74232, 71
2026/07/29 18:57:36.030, 298.39, 100, 74232, 71
2026/07/29 18:57:37.067, 293.27, 100, 74232, 72
2026/07/29 18:57:38.104, 307.01, 100, 74232, 72
2026/07/29 18:57:39.140, 315.55, 100, 74232, 72
2026/07/29 18:57:40.177, 292.94, 100, 74232, 72
2026/07/29 18:57:41.216, 312.24, 100, 74232, 73
2026/07/29 18:57:42.252, 295.10, 100, 74232, 72
2026/07/29 18:57:43.288, 299.79, 100, 74232, 71
2026/07/29 18:57:44.326, 304.99, 100, 74232, 71
2026/07/29 18:57:45.363, 306.00, 100, 74232, 71
2026/07/29 18:57:46.401, 304.39, 100, 74232, 71
2026/07/29 18:57:47.437, 371.27, 0, 74232, 71
2026/07/29 18:57:48.478, 293.75, 100, 74232, 72
2026/07/29 18:57:49.513, 312.11, 100, 74232, 72
2026/07/29 18:57:50.553, 275.73, 100, 74232, 72
2026/07/29 18:57:51.588, 324.48, 100, 74232, 72
2026/07/29 18:57:52.720, 269.91, 100, 74232, 73
2026/07/29 18:57:53.755, 305.68, 100, 74232, 71
2026/07/29 18:57:54.794, 305.69, 100, 74232, 71
2026/07/29 18:57:55.830, 303.84, 100, 74232, 71
2026/07/29 18:57:56.868, 306.42, 100, 74232, 71
2026/07/29 18:57:57.906, 303.83, 100, 74232, 72
2026/07/29 18:57:58.955, 292.61, 100, 74232, 73
2026/07/29 18:57:59.991, 308.34, 100, 74232, 73
2026/07/29 18:58:01.025, 278.74, 100, 74232, 72
2026/07/29 18:58:02.060, 292.85, 100, 74232, 73
2026/07/29 18:58:03.102, 296.08, 100, 74232, 72
2026/07/29 18:58:04.140, 304.14, 100, 74232, 71
2026/07/29 18:58:05.176, 306.66, 100, 74232, 71
2026/07/29 18:58:06.212, 302.35, 100, 74232, 71
2026/07/29 18:58:07.249, 304.33, 100, 74232, 71
2026/07/29 18:58:08.286, 253.36, 100, 74232, 73
2026/07/29 18:58:09.323, 290.04, 100, 74232, 73
2026/07/29 18:58:10.359, 296.69, 100, 74232, 73
2026/07/29 18:58:11.394, 286.04, 100, 74232, 73
2026/07/29 18:58:12.429, 277.85, 100, 74232, 73
2026/07/29 18:58:13.465, 262.47, 100, 74232, 73
2026/07/29 18:58:14.502, 292.31, 100, 74232, 73
2026/07/29 18:58:15.549, 296.37, 100, 74232, 71
2026/07/29 18:58:16.587, 283.81, 100, 74232, 71
2026/07/29 18:58:17.623, 290.91, 100, 74232, 71
2026/07/29 18:58:18.660, 284.38, 100, 74232, 71
2026/07/29 18:58:19.697, 288.88, 100, 74232, 71
2026/07/29 18:58:20.733, 291.61, 100, 74232, 71
2026/07/29 18:58:21.773, 97.32, 0, 74232, 68
2026/07/29 18:58:22.806, 293.46, 100, 74232, 73
2026/07/29 18:58:23.841, 299.39, 100, 74232, 73
2026/07/29 18:58:24.877, 293.09, 100, 74232, 73
2026/07/29 18:58:25.911, 296.45, 100, 74232, 73
2026/07/29 18:58:26.945, 290.81, 100, 74232, 73
2026/07/29 18:58:27.978, 294.63, 100, 74232, 73
2026/07/29 18:58:29.013, 305.09, 100, 74232, 71
2026/07/29 18:58:30.052, 306.70, 100, 74232, 71
2026/07/29 18:58:31.089, 304.35, 100, 74232, 71
2026/07/29 18:58:32.129, 298.60, 100, 74232, 71
2026/07/29 18:58:33.169, 97.72, 0, 74232, 68
2026/07/29 18:58:34.259, 302.70, 100, 74232, 73
2026/07/29 18:58:35.294, 276.22, 100, 74232, 73
2026/07/29 18:58:36.330, 282.66, 100, 74232, 73
2026/07/29 18:58:37.370, 302.48, 100, 74232, 73
2026/07/29 18:58:38.405, 288.96, 100, 74232, 73
2026/07/29 18:58:39.443, 289.55, 100, 74232, 73
2026/07/29 18:58:40.483, 305.43, 100, 74232, 71
2026/07/29 18:58:41.520, 292.96, 100, 74232, 71
2026/07/29 18:58:42.558, 298.96, 100, 74232, 71
2026/07/29 18:58:43.595, 98.24, 0, 74232, 68
2026/07/29 18:58:44.629, 290.44, 100, 74232, 73
2026/07/29 18:58:45.665, 280.01, 100, 74232, 73
2026/07/29 18:58:46.704, 301.70, 100, 74232, 73
2026/07/29 18:58:47.743, 267.97, 100, 74232, 73
2026/07/29 18:58:48.778, 286.76, 100, 74232, 73
2026/07/29 18:58:49.814, 261.11, 100, 74232, 73
2026/07/29 18:58:50.854, 303.26, 100, 74232, 71
2026/07/29 18:58:51.891, 304.72, 100, 74232, 72
2026/07/29 18:58:52.928, 305.96, 100, 74232, 72
2026/07/29 18:58:53.964, 96.58, 23, 74232, 69
2026/07/29 18:58:54.998, 289.95, 100, 74232, 73
2026/07/29 18:58:56.033, 300.36, 100, 74232, 73
2026/07/29 18:58:57.067, 310.53, 100, 74232, 73
2026/07/29 18:58:58.101, 301.31, 100, 74232, 73
2026/07/29 18:58:59.140, 314.03, 100, 74232, 73
2026/07/29 18:59:00.175, 313.88, 100, 74232, 73
2026/07/29 18:59:01.211, 303.28, 100, 74232, 72
2026/07/29 18:59:02.249, 296.76, 100, 74232, 72
2026/07/29 18:59:03.288, 297.92, 100, 74232, 71
2026/07/29 18:59:04.325, 299.88, 100, 74232, 72
2026/07/29 18:59:05.363, 297.44, 100, 74232, 72
2026/07/29 18:59:06.400, 298.78, 100, 74232, 72
2026/07/29 18:59:07.439, 299.48, 100, 74232, 72
2026/07/29 18:59:08.477, 295.49, 98, 74232, 70
2026/07/29 18:59:09.511, 304.33, 100, 74232, 73
2026/07/29 18:59:10.548, 281.20, 100, 74232, 73
2026/07/29 18:59:11.585, 302.50, 100, 74232, 73
2026/07/29 18:59:12.620, 320.64, 100, 74232, 74
2026/07/29 18:59:13.656, 309.33, 100, 74232, 73
2026/07/29 18:59:14.696, 262.29, 100, 74232, 73
2026/07/29 18:59:15.735, 272.62, 100, 74232, 73
2026/07/29 18:59:16.772, 292.19, 100, 74232, 72
2026/07/29 18:59:17.810, 290.63, 100, 74232, 72
2026/07/29 18:59:18.848, 292.48, 100, 74232, 72
2026/07/29 18:59:19.885, 293.08, 100, 74232, 72
2026/07/29 18:59:20.923, 290.54, 100, 74232, 72
2026/07/29 18:59:21.962, 292.48, 100, 74232, 72
2026/07/29 18:59:22.999, 290.53, 100, 74232, 72
2026/07/29 18:59:24.041, 291.61, 100, 74232, 72
2026/07/29 18:59:25.078, 292.95, 100, 74232, 72
2026/07/29 18:59:26.121, 290.61, 100, 74232, 72
2026/07/29 18:59:27.159, 292.55, 100, 74232, 72
2026/07/29 18:59:28.197, 299.39, 100, 74232, 72
2026/07/29 18:59:29.236, 297.34, 100, 74232, 72
2026/07/29 18:59:30.275, 292.39, 100, 74232, 72
2026/07/29 18:59:31.312, 289.27, 100, 74232, 72
2026/07/29 18:59:32.350, 286.04, 100, 74232, 72
2026/07/29 18:59:33.387, 291.50, 100, 74232, 72
2026/07/29 18:59:34.425, 297.90, 100, 74232, 72
2026/07/29 18:59:35.463, 293.08, 100, 74232, 72
2026/07/29 18:59:36.507, 299.27, 100, 74232, 72
2026/07/29 18:59:37.544, 309.70, 100, 74232, 72
2026/07/29 18:59:38.584, 307.52, 100, 74232, 72
2026/07/29 18:59:39.626, 301.50, 100, 74232, 72
2026/07/29 18:59:40.663, 298.50, 100, 74232, 72
2026/07/29 18:59:41.703, 299.20, 100, 74232, 71
2026/07/29 18:59:42.741, 295.11, 100, 74232, 71
2026/07/29 18:59:43.779, 295.69, 100, 74232, 71
2026/07/29 18:59:44.817, 298.79, 100, 74232, 71
2026/07/29 18:59:45.854, 299.66, 100, 74232, 71
2026/07/29 18:59:46.894, 299.23, 100, 74232, 71
2026/07/29 18:59:47.933, 305.22, 100, 74232, 71
2026/07/29 18:59:48.971, 299.30, 100, 74232, 71
2026/07/29 18:59:50.009, 299.67, 100, 74232, 71
2026/07/29 18:59:51.047, 303.77, 100, 74232, 71
2026/07/29 18:59:52.084, 298.80, 100, 74232, 71
2026/07/29 18:59:53.123, 303.55, 100, 74232, 71
2026/07/29 18:59:54.164, 293.18, 100, 74232, 71
2026/07/29 18:59:55.202, 296.48, 100, 74232, 71
2026/07/29 18:59:56.239, 299.21, 100, 74232, 71
2026/07/29 18:59:57.276, 298.69, 100, 74232, 71
2026/07/29 18:59:58.314, 296.38, 100, 74232, 71
2026/07/29 18:59:59.352, 297.45, 100, 74232, 71
2026/07/29 19:00:00.389, 297.72, 100, 74232, 71
2026/07/29 19:00:01.427, 299.38, 100, 74232, 71
2026/07/29 19:00:02.464, 302.47, 100, 74232, 71
2026/07/29 19:00:03.503, 294.04, 100, 74232, 71
2026/07/29 19:00:04.539, 297.12, 100, 74232, 71
2026/07/29 19:00:05.580, 298.42, 100, 74232, 71
2026/07/29 19:00:06.618, 298.04, 100, 74232, 71
2026/07/29 19:00:07.655, 298.02, 100, 74232, 71
2026/07/29 19:00:08.692, 302.19, 100, 74232, 71
2026/07/29 19:00:09.729, 297.93, 100, 74232, 71
2026/07/29 19:00:10.766, 298.72, 100, 74232, 70
2026/07/29 19:00:11.802, 294.72, 100, 74232, 70
2026/07/29 19:00:12.840, 300.06, 100, 74232, 71
2026/07/29 19:00:13.878, 304.42, 100, 74232, 71
2026/07/29 19:00:14.916, 308.69, 100, 74232, 71
2026/07/29 19:00:15.953, 303.29, 100, 74232, 71
2026/07/29 19:00:16.990, 303.15, 100, 74232, 71
2026/07/29 19:00:18.025, 304.90, 100, 74232, 70
2026/07/29 19:00:19.062, 300.34, 100, 74232, 70
2026/07/29 19:00:20.099, 294.50, 100, 74232, 70
2026/07/29 19:00:21.140, 295.78, 100, 74232, 70
2026/07/29 19:00:22.177, 297.93, 100, 74232, 70
2026/07/29 19:00:23.215, 294.71, 100, 74232, 70
2026/07/29 19:00:24.253, 293.95, 100, 74232, 70
2026/07/29 19:00:25.294, 297.14, 100, 74232, 70
2026/07/29 19:00:26.332, 297.94, 100, 74232, 70
2026/07/29 19:00:27.369, 297.94, 100, 74232, 70
2026/07/29 19:00:28.406, 292.57, 100, 74232, 70
2026/07/29 19:00:29.454, 297.63, 100, 74232, 70
2026/07/29 19:00:30.493, 304.52, 100, 74232, 70
2026/07/29 19:00:31.530, 295.78, 100, 74232, 70
2026/07/29 19:00:32.568, 305.23, 100, 74232, 70
2026/07/29 19:00:33.606, 297.34, 100, 74232, 70
2026/07/29 19:00:34.643, 294.23, 100, 74232, 70
2026/07/29 19:00:35.683, 303.15, 100, 74232, 70
2026/07/29 19:00:36.720, 304.23, 100, 74232, 70
2026/07/29 19:00:37.759, 305.23, 100, 74232, 70
2026/07/29 19:00:38.797, 302.58, 100, 74232, 70
2026/07/29 19:00:39.839, 303.93, 100, 74232, 70
2026/07/29 19:00:40.877, 297.14, 100, 74232, 70
2026/07/29 19:00:41.914, 302.86, 100, 74232, 70
2026/07/29 19:00:42.958, 302.17, 100, 74232, 70
2026/07/29 19:00:43.996, 303.82, 100, 74232, 70
2026/07/29 19:00:45.033, 304.80, 100, 74232, 70
2026/07/29 19:00:46.071, 307.95, 100, 74232, 70
2026/07/29 19:00:47.109, 294.12, 100, 74232, 70
2026/07/29 19:00:48.147, 295.76, 100, 74232, 70
2026/07/29 19:00:49.183, 296.66, 100, 74232, 70
2026/07/29 19:00:50.221, 304.03, 100, 74232, 70
2026/07/29 19:00:51.259, 290.44, 100, 74232, 70
2026/07/29 19:00:52.296, 298.57, 100, 74232, 70
2026/07/29 19:00:53.334, 305.23, 100, 74232, 70
2026/07/29 19:00:54.371, 297.83, 100, 74232, 70
2026/07/29 19:00:55.408, 290.06, 100, 74232, 70
2026/07/29 19:00:56.448, 296.47, 100, 74232, 70
2026/07/29 19:00:57.486, 296.26, 100, 74232, 70
2026/07/29 19:00:58.524, 297.94, 100, 74232, 70
2026/07/29 19:00:59.562, 294.61, 100, 74232, 70
2026/07/29 19:01:00.600, 301.16, 100, 74232, 70
2026/07/29 19:01:01.638, 303.26, 100, 74232, 70
2026/07/29 19:01:02.677, 304.62, 100, 74232, 70
2026/07/29 19:01:03.714, 295.11, 100, 74232, 72
2026/07/29 19:01:04.753, 311.83, 100, 74232, 72
2026/07/29 19:01:05.790, 312.64, 100, 74232, 72
2026/07/29 19:01:06.827, 320.68, 100, 74232, 72
2026/07/29 19:01:07.865, 285.45, 100, 74232, 72
2026/07/29 19:01:08.900, 263.02, 100, 74232, 72
2026/07/29 19:01:09.935, 303.44, 100, 74232, 70
2026/07/29 19:01:10.973, 303.09, 100, 74232, 70
2026/07/29 19:01:12.011, 298.52, 100, 74232, 70
2026/07/29 19:01:13.050, 303.63, 100, 74232, 70
2026/07/29 19:01:14.089, 297.73, 100, 74232, 70
2026/07/29 19:01:15.126, 95.67, 0, 74232, 67
2026/07/29 19:01:16.159, 302.09, 100, 74232, 72
2026/07/29 19:01:17.198, 295.78, 100, 74232, 72
2026/07/29 19:01:18.234, 303.55, 100, 74232, 72
2026/07/29 19:01:19.270, 300.45, 100, 74232, 72
2026/07/29 19:01:20.308, 314.89, 100, 74232, 72
2026/07/29 19:01:21.343, 319.46, 100, 74232, 72
2026/07/29 19:01:22.379, 285.00, 100, 74232, 70
2026/07/29 19:01:23.423, 290.63, 100, 74232, 70
2026/07/29 19:01:24.462, 289.83, 100, 74232, 70
2026/07/29 19:01:25.500, 295.58, 100, 74232, 70
2026/07/29 19:01:26.538, 297.82, 100, 74232, 71
2026/07/29 19:01:27.575, 94.37, 100, 74232, 72
2026/07/29 19:01:28.613, 303.60, 100, 74232, 71
2026/07/29 19:01:29.652, 304.41, 100, 74232, 71
2026/07/29 19:01:30.690, 303.45, 100, 74232, 71
2026/07/29 19:01:31.728, 299.47, 100, 74232, 71
2026/07/29 19:01:32.765, 303.16, 100, 74232, 71
2026/07/29 19:01:33.803, 308.48, 100, 74232, 71
2026/07/29 19:01:34.840, 295.80, 100, 74232, 71
2026/07/29 19:01:35.878, 306.46, 100, 74232, 71
2026/07/29 19:01:36.916, 299.78, 100, 74232, 71
2026/07/29 19:01:37.954, 303.17, 100, 74232, 71
2026/07/29 19:01:38.992, 302.17, 100, 74232, 71
2026/07/29 19:01:40.031, 296.93, 100, 74232, 71
2026/07/29 19:01:41.068, 304.25, 100, 74232, 71
2026/07/29 19:01:42.106, 306.26, 100, 74232, 71
2026/07/29 19:01:43.149, 297.54, 100, 74232, 71
2026/07/29 19:01:44.188, 291.61, 100, 74232, 71
2026/07/29 19:01:45.228, 298.52, 100, 74232, 71
2026/07/29 19:01:46.268, 291.39, 100, 74232, 71
2026/07/29 19:01:47.305, 296.06, 100, 74232, 71
2026/07/29 19:01:48.344, 300.15, 100, 74232, 71
2026/07/29 19:01:49.381, 295.51, 100, 74232, 71
2026/07/29 19:01:50.423, 295.77, 100, 74232, 71
2026/07/29 19:01:51.461, 295.32, 100, 74232, 71
2026/07/29 19:01:52.499, 295.28, 100, 74232, 71
2026/07/29 19:01:53.537, 298.70, 100, 74232, 71
2026/07/29 19:01:54.575, 297.25, 100, 74232, 71
2026/07/29 19:01:55.613, 295.48, 100, 74232, 71
2026/07/29 19:01:56.651, 295.47, 100, 74232, 71
2026/07/29 19:01:57.691, 296.17, 100, 74232, 71
2026/07/29 19:01:58.728, 298.04, 100, 74232, 71
2026/07/29 19:01:59.766, 295.88, 100, 74232, 71
2026/07/29 19:02:00.804, 301.51, 100, 74232, 71
2026/07/29 19:02:01.841, 301.33, 100, 74232, 71
2026/07/29 19:02:02.879, 300.81, 100, 74232, 71
2026/07/29 19:02:03.916, 299.95, 100, 74232, 71
2026/07/29 19:02:04.954, 298.31, 100, 74232, 71
2026/07/29 19:02:05.991, 302.45, 100, 74232, 71
2026/07/29 19:02:07.027, 302.30, 100, 74232, 71
2026/07/29 19:02:08.065, 302.09, 100, 74232, 71
2026/07/29 19:02:09.102, 294.21, 100, 74232, 70
2026/07/29 19:02:10.139, 294.04, 100, 74232, 70
2026/07/29 19:02:11.178, 301.11, 100, 74232, 70
2026/07/29 19:02:12.216, 298.69, 100, 74232, 70
2026/07/29 19:02:13.253, 302.30, 100, 74232, 70
2026/07/29 19:02:14.291, 291.20, 100, 74232, 70
2026/07/29 19:02:15.329, 295.67, 100, 74232, 70
2026/07/29 19:02:16.371, 306.38, 100, 74232, 70
2026/07/29 19:02:17.410, 293.15, 100, 74232, 70
2026/07/29 19:02:18.447, 303.26, 100, 74232, 70
2026/07/29 19:02:19.487, 305.29, 100, 74232, 70
2026/07/29 19:02:20.524, 304.23, 100, 74232, 70
2026/07/29 19:02:21.562, 293.15, 100, 74232, 70
2026/07/29 19:02:22.601, 297.65, 100, 74232, 70
2026/07/29 19:02:23.637, 303.45, 100, 74232, 70
2026/07/29 19:02:24.675, 303.49, 100, 74232, 70
2026/07/29 19:02:25.713, 304.85, 100, 74232, 70
2026/07/29 19:02:26.751, 299.66, 100, 74232, 70
2026/07/29 19:02:27.788, 297.16, 100, 74232, 70
2026/07/29 19:02:28.828, 296.57, 100, 74232, 70
2026/07/29 19:02:29.865, 296.27, 100, 74232, 70
2026/07/29 19:02:30.904, 297.35, 100, 74232, 70
2026/07/29 19:02:31.943, 297.13, 100, 74232, 70
2026/07/29 19:02:32.980, 295.70, 100, 74232, 70
2026/07/29 19:02:34.023, 295.87, 100, 74232, 70
2026/07/29 19:02:35.060, 295.11, 100, 74232, 70
2026/07/29 19:02:36.096, 294.31, 100, 74232, 70
2026/07/29 19:02:37.133, 295.38, 100, 74232, 70
2026/07/29 19:02:38.170, 301.12, 100, 74232, 70
2026/07/29 19:02:39.207, 298.61, 100, 74232, 70
2026/07/29 19:02:40.243, 295.18, 100, 74232, 70
2026/07/29 19:02:41.281, 291.91, 100, 74232, 70
2026/07/29 19:02:42.317, 301.11, 100, 74232, 70
2026/07/29 19:02:43.355, 301.41, 100, 74232, 70
2026/07/29 19:02:44.391, 302.51, 100, 74232, 70
2026/07/29 19:02:45.428, 301.23, 100, 74232, 70
2026/07/29 19:02:46.465, 301.01, 100, 74232, 70
2026/07/29 19:02:47.502, 303.33, 100, 74232, 70
2026/07/29 19:02:48.539, 301.33, 100, 74232, 70
2026/07/29 19:02:49.576, 296.75, 100, 74232, 70
2026/07/29 19:02:50.614, 295.97, 100, 74232, 70
2026/07/29 19:02:51.651, 303.37, 100, 74232, 70
2026/07/29 19:02:52.688, 302.58, 100, 74232, 70
2026/07/29 19:02:53.723, 302.01, 100, 74232, 70
2026/07/29 19:02:54.760, 302.01, 100, 74232, 70
2026/07/29 19:02:55.797, 295.86, 100, 74232, 70
2026/07/29 19:02:56.832, 290.71, 100, 74232, 70
2026/07/29 19:02:57.872, 294.33, 100, 74232, 70
2026/07/29 19:02:58.910, 302.67, 100, 74232, 70
2026/07/29 19:02:59.948, 293.15, 100, 74232, 70
2026/07/29 19:03:00.987, 293.25, 100, 74232, 70
2026/07/29 19:03:02.024, 293.35, 100, 74232, 70
2026/07/29 19:03:03.063, 299.30, 100, 74232, 70
2026/07/29 19:03:04.100, 301.12, 100, 74232, 70
2026/07/29 19:03:05.139, 292.48, 100, 74232, 70
2026/07/29 19:03:06.175, 298.89, 100, 74232, 70
2026/07/29 19:03:07.214, 299.50, 100, 74232, 70
2026/07/29 19:03:08.253, 220.84, 100, 74232, 71
2026/07/29 19:03:09.290, 308.96, 100, 74232, 72
2026/07/29 19:03:10.325, 300.94, 100, 74232, 72
2026/07/29 19:03:11.362, 302.96, 100, 74232, 72
2026/07/29 19:03:12.399, 270.08, 100, 74232, 72
2026/07/29 19:03:13.433, 299.01, 100, 74232, 72
2026/07/29 19:03:14.467, 303.09, 100, 74232, 70
2026/07/29 19:03:15.504, 301.31, 100, 74232, 70
2026/07/29 19:03:16.540, 302.10, 100, 74232, 70
2026/07/29 19:03:17.578, 303.75, 100, 74232, 70
2026/07/29 19:03:18.615, 96.01, 0, 74232, 67
2026/07/29 19:03:19.663, 297.13, 100, 74232, 72
2026/07/29 19:03:20.697, 287.50, 100, 74232, 72
2026/07/29 19:03:21.732, 301.08, 100, 74232, 72
2026/07/29 19:03:22.768, 292.29, 100, 74232, 72
2026/07/29 19:03:23.803, 321.52, 100, 74232, 72
2026/07/29 19:03:24.839, 284.08, 100, 74232, 72
2026/07/29 19:03:25.874, 301.33, 100, 74232, 70
2026/07/29 19:03:26.911, 303.82, 100, 74232, 70
2026/07/29 19:03:27.949, 304.55, 100, 74232, 70
2026/07/29 19:03:28.987, 369.87, 100, 74232, 72
2026/07/29 19:03:30.023, 294.90, 100, 74232, 72
2026/07/29 19:03:31.059, 309.14, 100, 74232, 72
2026/07/29 19:03:32.096, 280.41, 100, 74232, 72
2026/07/29 19:03:33.134, 300.07, 100, 74232, 72
2026/07/29 19:03:34.169, 304.04, 100, 74232, 72
2026/07/29 19:03:35.204, 295.76, 100, 74232, 72
2026/07/29 19:03:36.242, 301.14, 100, 74232, 71
2026/07/29 19:03:37.280, 299.07, 100, 74232, 71
2026/07/29 19:03:38.319, 298.02, 100, 74232, 71
2026/07/29 19:03:39.356, 292.08, 100, 74232, 71
2026/07/29 19:03:40.394, 292.28, 100, 74232, 71
2026/07/29 19:03:41.433, 297.90, 100, 74232, 71
2026/07/29 19:03:42.470, 290.54, 100, 74232, 71
2026/07/29 19:03:43.510, 290.91, 100, 74232, 71
2026/07/29 19:03:44.548, 302.00, 100, 74232, 73
2026/07/29 19:03:45.586, 295.60, 100, 74232, 73
2026/07/29 19:03:46.621, 296.67, 100, 74232, 73
2026/07/29 19:03:47.656, 298.00, 100, 74232, 73
2026/07/29 19:03:48.695, 307.61, 100, 74232, 73
2026/07/29 19:03:49.729, 287.43, 100, 74232, 73
2026/07/29 19:03:50.764, 295.51, 100, 74232, 72
2026/07/29 19:03:51.803, 281.69, 100, 74232, 71
2026/07/29 19:03:52.842, 291.21, 100, 74232, 71
2026/07/29 19:03:53.880, 291.51, 100, 74232, 71
2026/07/29 19:03:54.917, 285.77, 100, 74232, 71
2026/07/29 19:03:55.962, 385.74, 46, 74232, 73
2026/07/29 19:03:56.998, 302.88, 100, 74232, 71
2026/07/29 19:03:58.035, 303.94, 100, 74232, 71
2026/07/29 19:03:59.073, 303.75, 100, 74232, 71
2026/07/29 19:04:00.111, 305.13, 100, 74232, 71
2026/07/29 19:04:01.150, 304.53, 100, 74232, 71
2026/07/29 19:04:02.187, 306.49, 100, 74232, 71
2026/07/29 19:04:03.225, 304.81, 100, 74232, 71
2026/07/29 19:04:04.263, 306.08, 100, 74232, 71
2026/07/29 19:04:05.302, 296.64, 100, 74232, 71
2026/07/29 19:04:06.339, 303.96, 100, 74232, 71
2026/07/29 19:04:07.384, 293.28, 100, 74232, 71
2026/07/29 19:04:08.422, 294.72, 100, 74232, 71
2026/07/29 19:04:09.460, 296.48, 100, 74232, 71
2026/07/29 19:04:10.500, 284.90, 100, 74232, 71
2026/07/29 19:04:11.537, 296.19, 100, 74232, 71
2026/07/29 19:04:12.575, 290.44, 100, 74232, 71
2026/07/29 19:04:13.613, 296.46, 100, 74232, 71
2026/07/29 19:04:14.651, 295.12, 100, 74232, 71
2026/07/29 19:04:15.690, 297.83, 100, 74232, 71
2026/07/29 19:04:16.727, 296.17, 100, 74232, 71
2026/07/29 19:04:17.765, 296.96, 100, 74232, 71
2026/07/29 19:04:18.803, 297.24, 100, 74232, 71
2026/07/29 19:04:19.844, 297.36, 100, 74232, 71
2026/07/29 19:04:20.882, 296.55, 100, 74232, 71
2026/07/29 19:04:21.924, 292.86, 100, 74232, 71
2026/07/29 19:04:22.963, 304.12, 100, 74232, 71
2026/07/29 19:04:24.002, 297.94, 100, 74232, 71
2026/07/29 19:04:25.041, 296.45, 100, 74232, 71
2026/07/29 19:04:26.078, 292.39, 100, 74232, 71
2026/07/29 19:04:27.116, 293.94, 100, 74232, 71
2026/07/29 19:04:28.155, 297.24, 100, 74232, 71
2026/07/29 19:04:29.193, 297.34, 100, 74232, 71
2026/07/29 19:04:30.230, 302.96, 100, 74232, 71
2026/07/29 19:04:31.267, 301.12, 100, 74232, 71
2026/07/29 19:04:32.303, 305.29, 100, 74232, 71
2026/07/29 19:04:33.345, 297.93, 100, 74232, 71
2026/07/29 19:04:34.383, 303.35, 100, 74232, 71
2026/07/29 19:04:35.422, 293.73, 100, 74232, 71
2026/07/29 19:04:36.460, 296.77, 100, 74232, 71
2026/07/29 19:04:37.498, 297.92, 100, 74232, 71
2026/07/29 19:04:38.538, 301.01, 100, 74232, 71
2026/07/29 19:04:39.576, 300.33, 100, 74232, 71
2026/07/29 19:04:40.614, 298.80, 100, 74232, 71
2026/07/29 19:04:41.652, 302.67, 100, 74232, 71
2026/07/29 19:04:42.690, 302.96, 100, 74232, 71
2026/07/29 19:04:43.729, 302.00, 100, 74232, 71
2026/07/29 19:04:44.767, 296.56, 100, 74232, 70
2026/07/29 19:04:45.805, 300.33, 100, 74232, 70
2026/07/29 19:04:46.843, 298.80, 100, 74232, 70
2026/07/29 19:04:47.882, 295.89, 100, 74232, 70
2026/07/29 19:04:48.919, 304.34, 100, 74232, 70
2026/07/29 19:04:49.957, 295.59, 100, 74232, 70
2026/07/29 19:04:50.994, 295.39, 100, 74232, 70
2026/07/29 19:04:52.035, 295.60, 100, 74232, 70
2026/07/29 19:04:53.073, 293.47, 100, 74232, 70
2026/07/29 19:04:54.110, 296.76, 100, 74232, 70
2026/07/29 19:04:55.150, 298.12, 100, 74232, 70
2026/07/29 19:04:56.188, 294.24, 100, 74232, 70
2026/07/29 19:04:57.226, 295.01, 100, 74232, 70
2026/07/29 19:04:58.264, 295.50, 100, 74232, 70
2026/07/29 19:04:59.304, 297.93, 100, 74232, 70
2026/07/29 19:05:00.343, 297.35, 100, 74232, 70
2026/07/29 19:05:01.382, 300.14, 100, 74232, 70
2026/07/29 19:05:02.420, 304.32, 100, 74232, 70
2026/07/29 19:05:03.460, 302.00, 100, 74232, 70
2026/07/29 19:05:04.496, 304.42, 100, 74232, 70
2026/07/29 19:05:05.534, 304.83, 100, 74232, 70
2026/07/29 19:05:06.572, 301.72, 100, 74232, 70
2026/07/29 19:05:07.609, 302.49, 100, 74232, 70
2026/07/29 19:05:08.646, 303.57, 100, 74232, 70
2026/07/29 19:05:09.684, 296.47, 100, 74232, 70
2026/07/29 19:05:10.723, 297.23, 100, 74232, 70
2026/07/29 19:05:11.763, 297.64, 100, 74232, 70
2026/07/29 19:05:12.799, 302.81, 100, 74232, 70
2026/07/29 19:05:13.837, 297.24, 100, 74232, 70
2026/07/29 19:05:14.875, 296.97, 100, 74232, 70
2026/07/29 19:05:15.912, 297.17, 100, 74232, 70
2026/07/29 19:05:16.951, 294.73, 100, 74232, 70
2026/07/29 19:05:17.989, 296.73, 100, 74232, 70
2026/07/29 19:05:19.029, 294.71, 100, 74232, 70
2026/07/29 19:05:20.066, 295.70, 100, 74232, 70
2026/07/29 19:05:21.105, 296.65, 100, 74232, 70
2026/07/29 19:05:22.143, 296.46, 100, 74232, 70
2026/07/29 19:05:23.181, 299.76, 100, 74232, 70
2026/07/29 19:05:24.220, 293.94, 100, 74232, 70
2026/07/29 19:05:25.257, 295.01, 100, 74232, 70
2026/07/29 19:05:26.294, 294.61, 100, 74232, 70
2026/07/29 19:05:27.331, 298.98, 100, 74232, 70
2026/07/29 19:05:28.368, 297.94, 100, 74232, 72
2026/07/29 19:05:29.404, 288.57, 100, 74232, 72
2026/07/29 19:05:30.443, 301.32, 100, 74232, 72
2026/07/29 19:05:31.477, 292.38, 100, 74232, 72
2026/07/29 19:05:32.511, 298.99, 100, 74232, 72
2026/07/29 19:05:33.546, 317.01, 100, 74232, 72
2026/07/29 19:05:34.588, 304.23, 100, 74232, 70
2026/07/29 19:05:35.624, 302.60, 100, 74232, 70
2026/07/29 19:05:36.660, 303.94, 100, 74232, 70
2026/07/29 19:05:37.701, 304.25, 100, 74232, 70
2026/07/29 19:05:38.738, 295.29, 100, 74232, 72
2026/07/29 19:05:39.773, 294.91, 100, 74232, 72
2026/07/29 19:05:40.809, 294.75, 100, 74232, 72
2026/07/29 19:05:41.843, 284.58, 100, 74232, 72
2026/07/29 19:05:42.877, 286.61, 100, 74232, 72
2026/07/29 19:05:43.919, 270.85, 100, 74232, 72
2026/07/29 19:05:44.954, 301.12, 100, 74232, 70
2026/07/29 19:05:45.994, 303.92, 100, 74232, 70
2026/07/29 19:05:47.031, 299.61, 100, 74232, 70
2026/07/29 19:05:48.068, 299.55, 100, 74232, 70
2026/07/29 19:05:49.105, 299.51, 100, 74232, 72
2026/07/29 19:05:50.139, 301.61, 100, 74232, 72
2026/07/29 19:05:51.173, 298.23, 100, 74232, 72
2026/07/29 19:05:52.208, 313.37, 100, 74232, 72
2026/07/29 19:05:53.249, 301.35, 100, 74232, 72
2026/07/29 19:05:54.286, 268.15, 100, 74232, 73
2026/07/29 19:05:55.322, 290.34, 100, 74232, 71
2026/07/29 19:05:56.367, 291.02, 100, 74232, 71
2026/07/29 19:05:57.405, 290.92, 100, 74232, 71
2026/07/29 19:05:58.441, 298.40, 100, 74232, 71
2026/07/29 19:05:59.478, 298.24, 100, 74232, 71
2026/07/29 19:06:00.516, 304.90, 100, 74232, 71
2026/07/29 19:06:01.556, 309.94, 100, 74232, 71
2026/07/29 19:06:02.595, 299.96, 100, 74232, 71
2026/07/29 19:06:03.632, 304.61, 100, 74232, 71
2026/07/29 19:06:04.668, 305.30, 100, 74232, 71
2026/07/29 19:06:05.706, 302.32, 100, 74232, 71
2026/07/29 19:06:06.743, 304.94, 100, 74232, 71
2026/07/29 19:06:07.779, 306.88, 100, 74232, 71
2026/07/29 19:06:08.817, 304.04, 100, 74232, 71
2026/07/29 19:06:09.855, 305.11, 100, 74232, 71
2026/07/29 19:06:10.892, 301.70, 100, 74232, 71
2026/07/29 19:06:11.928, 301.30, 100, 74232, 71
2026/07/29 19:06:12.964, 299.48, 100, 74232, 71
2026/07/29 19:06:14.001, 299.09, 100, 74232, 71
2026/07/29 19:06:15.037, 301.22, 100, 74232, 71
2026/07/29 19:06:16.074, 306.12, 100, 74232, 71
2026/07/29 19:06:17.111, 305.29, 100, 74232, 71
2026/07/29 19:06:18.149, 298.23, 100, 74232, 71
2026/07/29 19:06:19.185, 304.44, 100, 74232, 71
2026/07/29 19:06:20.222, 305.11, 100, 74232, 71
2026/07/29 19:06:21.259, 295.97, 100, 74232, 71
2026/07/29 19:06:22.297, 297.83, 100, 74232, 71
2026/07/29 19:06:23.337, 302.87, 100, 74232, 71
2026/07/29 19:06:24.375, 293.16, 100, 74232, 71
2026/07/29 19:06:25.412, 297.82, 100, 74232, 71
2026/07/29 19:06:26.450, 296.85, 100, 74232, 70
2026/07/29 19:06:27.488, 298.71, 100, 74232, 70
2026/07/29 19:06:28.526, 302.59, 100, 74232, 71
2026/07/29 19:06:29.564, 293.73, 100, 74232, 70
2026/07/29 19:06:30.604, 297.42, 100, 74232, 70
2026/07/29 19:06:31.642, 293.74, 100, 74232, 70
2026/07/29 19:06:32.679, 292.08, 100, 74232, 70
2026/07/29 19:06:33.717, 295.60, 100, 74232, 70
2026/07/29 19:06:34.755, 297.26, 100, 74232, 70
2026/07/29 19:06:35.793, 294.71, 100, 74232, 70
2026/07/29 19:06:36.831, 301.44, 100, 74232, 70
2026/07/29 19:06:37.870, 304.42, 100, 74232, 70
2026/07/29 19:06:38.907, 330.91, 76, 74232, 72
2026/07/29 19:06:39.944, 296.39, 100, 74232, 72
2026/07/29 19:06:40.979, 277.22, 100, 74232, 72
2026/07/29 19:06:42.014, 297.70, 100, 74232, 72
2026/07/29 19:06:43.049, 289.20, 100, 74232, 72
2026/07/29 19:06:44.086, 308.30, 100, 74232, 72
2026/07/29 19:06:45.124, 321.20, 100, 74232, 72
2026/07/29 19:06:46.161, 304.71, 100, 74232, 70
2026/07/29 19:06:47.199, 306.30, 100, 74232, 70
2026/07/29 19:06:48.237, 306.05, 100, 74232, 71
2026/07/29 19:06:49.275, 303.06, 100, 74232, 71
2026/07/29 19:06:50.313, 394.19, 46, 74232, 72
2026/07/29 19:06:51.350, 302.79, 100, 74232, 71
2026/07/29 19:06:52.388, 299.11, 100, 74232, 71
2026/07/29 19:06:53.427, 300.84, 100, 74232, 71
2026/07/29 19:06:54.464, 304.90, 100, 74232, 71
2026/07/29 19:06:55.501, 301.92, 100, 74232, 71
2026/07/29 19:06:56.539, 304.52, 100, 74232, 71
2026/07/29 19:06:57.577, 292.40, 100, 74232, 71
2026/07/29 19:06:58.622, 296.20, 100, 74232, 71
2026/07/29 19:06:59.660, 289.94, 100, 74232, 71
2026/07/29 19:07:00.697, 301.81, 100, 74232, 71
2026/07/29 19:07:01.735, 299.39, 100, 74232, 71
2026/07/29 19:07:02.772, 302.90, 100, 74232, 71
2026/07/29 19:07:03.811, 295.59, 100, 74232, 71
2026/07/29 19:07:04.849, 303.64, 100, 74232, 71
2026/07/29 19:07:05.889, 303.00, 100, 74232, 71
2026/07/29 19:07:06.927, 302.10, 100, 74232, 71
2026/07/29 19:07:07.965, 301.84, 100, 74232, 71
2026/07/29 19:07:09.003, 303.26, 100, 74232, 71
2026/07/29 19:07:10.040, 303.94, 100, 74232, 71
2026/07/29 19:07:11.080, 304.64, 100, 74232, 71
2026/07/29 19:07:12.118, 305.38, 100, 74232, 71
2026/07/29 19:07:13.167, 306.36, 100, 74232, 71
2026/07/29 19:07:14.204, 297.84, 100, 74232, 70
2026/07/29 19:07:15.241, 297.34, 100, 74232, 70
2026/07/29 19:07:16.288, 299.49, 100, 74232, 70
2026/07/29 19:07:17.327, 295.78, 100, 74232, 70
2026/07/29 19:07:18.364, 294.41, 100, 74232, 70
2026/07/29 19:07:19.403, 295.58, 100, 74232, 70
2026/07/29 19:07:20.441, 294.73, 100, 74232, 70
2026/07/29 19:07:21.482, 295.58, 100, 74232, 70
2026/07/29 19:07:22.519, 296.06, 100, 74232, 70
2026/07/29 19:07:23.557, 296.27, 100, 74232, 70
2026/07/29 19:07:24.596, 297.05, 100, 74232, 70
2026/07/29 19:07:25.634, 305.33, 100, 74232, 70
2026/07/29 19:07:26.672, 299.39, 100, 74232, 70
2026/07/29 19:07:27.709, 303.35, 100, 74232, 70
2026/07/29 19:07:28.746, 304.25, 100, 74232, 70
2026/07/29 19:07:29.784, 298.97, 100, 74232, 70
2026/07/29 19:07:30.824, 305.58, 100, 74232, 70
2026/07/29 19:07:31.862, 299.46, 100, 74232, 70
2026/07/29 19:07:32.900, 302.26, 100, 74232, 70
2026/07/29 19:07:33.938, 290.14, 100, 74232, 70
2026/07/29 19:07:34.974, 292.29, 100, 74232, 70
2026/07/29 19:07:36.013, 295.90, 100, 74232, 70
2026/07/29 19:07:37.049, 302.61, 100, 74232, 70
2026/07/29 19:07:38.088, 302.79, 100, 74232, 70
2026/07/29 19:07:39.125, 302.58, 100, 74232, 71
2026/07/29 19:07:40.164, 304.99, 100, 74232, 71
2026/07/29 19:07:41.200, 298.61, 100, 74232, 70
2026/07/29 19:07:42.237, 300.16, 100, 74232, 70
2026/07/29 19:07:43.275, 298.33, 100, 74232, 70
2026/07/29 19:07:44.315, 291.00, 100, 74232, 70
2026/07/29 19:07:45.352, 294.81, 100, 74232, 70
2026/07/29 19:07:46.393, 304.22, 100, 74232, 71
2026/07/29 19:07:47.432, 295.98, 100, 74232, 70
2026/07/29 19:07:48.469, 297.82, 100, 74232, 70
2026/07/29 19:07:49.506, 298.03, 100, 74232, 71
2026/07/29 19:07:50.543, 293.55, 100, 74232, 70
2026/07/29 19:07:51.581, 293.74, 100, 74232, 70
2026/07/29 19:07:52.620, 296.78, 100, 74232, 70
2026/07/29 19:07:53.656, 295.11, 100, 74232, 70
2026/07/29 19:07:54.693, 296.27, 100, 74232, 70
2026/07/29 19:07:55.730, 295.87, 100, 74232, 70
2026/07/29 19:07:56.767, 302.81, 100, 74232, 70
2026/07/29 19:07:57.804, 294.83, 100, 74232, 70
2026/07/29 19:07:58.840, 293.17, 100, 74232, 70
2026/07/29 19:07:59.877, 292.17, 100, 74232, 70
2026/07/29 19:08:00.915, 299.96, 100, 74232, 70
2026/07/29 19:08:01.952, 300.64, 100, 74232, 70
2026/07/29 19:08:02.990, 302.88, 100, 74232, 70
2026/07/29 19:08:04.029, 301.21, 100, 74232, 70
2026/07/29 19:08:05.065, 302.21, 100, 74232, 70
2026/07/29 19:08:06.102, 302.56, 100, 74232, 70
2026/07/29 19:08:07.141, 303.48, 100, 74232, 70
2026/07/29 19:08:08.178, 303.54, 100, 74232, 70
2026/07/29 19:08:09.216, 301.89, 100, 74232, 70
2026/07/29 19:08:10.253, 302.48, 100, 74232, 70
2026/07/29 19:08:11.290, 298.70, 100, 74232, 70
2026/07/29 19:08:12.328, 301.72, 100, 74232, 70
2026/07/29 19:08:13.365, 302.66, 100, 74232, 70
2026/07/29 19:08:14.402, 300.26, 100, 74232, 70
2026/07/29 19:08:15.439, 301.91, 100, 74232, 70
2026/07/29 19:08:16.477, 301.92, 100, 74232, 70
2026/07/29 19:08:17.516, 300.83, 100, 74232, 70
2026/07/29 19:08:18.553, 301.60, 100, 74232, 70
2026/07/29 19:08:19.593, 299.75, 100, 74232, 70
2026/07/29 19:08:20.631, 301.51, 100, 74232, 70
2026/07/29 19:08:21.669, 301.64, 100, 74232, 70
2026/07/29 19:08:22.706, 303.77, 100, 74232, 71
2026/07/29 19:08:23.743, 302.80, 100, 74232, 70
2026/07/29 19:08:24.780, 296.08, 100, 74232, 70
2026/07/29 19:08:25.818, 296.86, 100, 74232, 70
2026/07/29 19:08:26.859, 296.40, 100, 74232, 71
2026/07/29 19:08:27.897, 302.10, 100, 74232, 71
2026/07/29 19:08:28.936, 298.21, 100, 74232, 70
2026/07/29 19:08:29.976, 298.77, 100, 74232, 70
2026/07/29 19:08:31.014, 296.56, 100, 74232, 70
2026/07/29 19:08:32.052, 297.73, 100, 74232, 70
2026/07/29 19:08:33.089, 291.11, 100, 74232, 70
2026/07/29 19:08:34.129, 293.55, 100, 74232, 70
2026/07/29 19:08:35.167, 297.13, 100, 74232, 70
2026/07/29 19:08:36.204, 303.37, 100, 74232, 71
2026/07/29 19:08:37.240, 300.05, 100, 74232, 70
2026/07/29 19:08:38.278, 295.20, 100, 74232, 71
2026/07/29 19:08:39.315, 302.09, 100, 74232, 71
2026/07/29 19:08:40.352, 304.14, 100, 74232, 70
2026/07/29 19:08:41.390, 300.36, 100, 74232, 71
2026/07/29 19:08:42.427, 294.34, 100, 74232, 71
2026/07/29 19:08:43.464, 288.77, 100, 74232, 72
2026/07/29 19:08:44.499, 300.83, 100, 74232, 72
2026/07/29 19:08:45.532, 284.51, 100, 74232, 72
2026/07/29 19:08:46.571, 295.58, 100, 74232, 72
2026/07/29 19:08:47.605, 290.42, 100, 74232, 72
2026/07/29 19:08:48.639, 314.17, 100, 74232, 72
2026/07/29 19:08:49.674, 300.72, 100, 74232, 71
2026/07/29 19:08:50.719, 304.82, 100, 74232, 71
2026/07/29 19:08:51.757, 292.19, 100, 74232, 70
2026/07/29 19:08:52.793, 288.21, 100, 74232, 71
2026/07/29 19:08:53.830, 289.65, 100, 74232, 71
2026/07/29 19:08:54.868, 298.49, 100, 74232, 71
2026/07/29 19:08:55.912, 294.43, 100, 74232, 71
2026/07/29 19:08:56.949, 296.26, 100, 74232, 71
2026/07/29 19:08:57.986, 287.51, 100, 74232, 71
2026/07/29 19:08:59.025, 293.55, 100, 74232, 71
2026/07/29 19:09:00.062, 296.77, 100, 74232, 71
2026/07/29 19:09:01.100, 294.12, 100, 74232, 71
2026/07/29 19:09:02.139, 298.80, 100, 74232, 71
2026/07/29 19:09:03.179, 296.95, 100, 74232, 71
2026/07/29 19:09:04.215, 298.02, 100, 74232, 71
2026/07/29 19:09:05.251, 292.77, 100, 74232, 71
2026/07/29 19:09:06.287, 301.33, 100, 74232, 71
2026/07/29 19:09:07.328, 305.02, 100, 74232, 71
2026/07/29 19:09:08.365, 292.58, 100, 74232, 71
2026/07/29 19:09:09.405, 296.57, 100, 74232, 71
2026/07/29 19:09:10.441, 297.83, 100, 74232, 71
2026/07/29 19:09:11.478, 292.19, 100, 74232, 71
2026/07/29 19:09:12.516, 296.27, 100, 74232, 70
2026/07/29 19:09:13.553, 298.13, 100, 74232, 70
2026/07/29 19:09:14.591, 300.71, 100, 74232, 71
2026/07/29 19:09:15.627, 303.45, 100, 74232, 71
2026/07/29 19:09:16.664, 304.62, 100, 74232, 70
2026/07/29 19:09:17.701, 301.99, 100, 74232, 71
2026/07/29 19:09:18.737, 298.21, 100, 74232, 70
2026/07/29 19:09:19.773, 304.42, 100, 74232, 70
2026/07/29 19:09:20.809, 303.04, 100, 74232, 70
2026/07/29 19:09:21.850, 296.67, 100, 74232, 70
2026/07/29 19:09:22.886, 298.92, 100, 74232, 70
2026/07/29 19:09:23.924, 300.36, 100, 74232, 70
2026/07/29 19:09:24.962, 298.61, 100, 74232, 70
2026/07/29 19:09:26.000, 297.83, 100, 74232, 70
2026/07/29 19:09:27.036, 296.18, 100, 74232, 70
2026/07/29 19:09:28.082, 297.93, 100, 74232, 70
2026/07/29 19:09:29.120, 384.25, 0, 74232, 71
2026/07/29 19:09:30.156, 300.83, 100, 74232, 72
2026/07/29 19:09:31.191, 294.55, 100, 74232, 72
2026/07/29 19:09:32.226, 305.60, 100, 74232, 72
2026/07/29 19:09:33.262, 274.29, 100, 74232, 72
2026/07/29 19:09:34.303, 298.51, 100, 74232, 72
2026/07/29 19:09:35.339, 299.29, 100, 74232, 70
2026/07/29 19:09:36.376, 280.39, 100, 74232, 70
2026/07/29 19:09:37.415, 286.55, 100, 74232, 70
2026/07/29 19:09:38.452, 288.97, 100, 74232, 70
2026/07/29 19:09:39.492, 304.40, 100, 74232, 72
2026/07/29 19:09:40.528, 286.93, 100, 74232, 72
2026/07/29 19:09:41.564, 291.51, 100, 74232, 72
2026/07/29 19:09:42.599, 306.59, 100, 74232, 72
2026/07/29 19:09:43.634, 294.04, 100, 74232, 72
2026/07/29 19:09:44.671, 301.61, 100, 74232, 73
2026/07/29 19:09:45.709, 281.09, 100, 74232, 71
2026/07/29 19:09:46.746, 290.43, 100, 74232, 71
2026/07/29 19:09:47.787, 296.37, 100, 74232, 71
2026/07/29 19:09:48.823, 287.12, 100, 74232, 71
2026/07/29 19:09:49.859, 294.32, 100, 74232, 71
2026/07/29 19:09:50.896, 299.78, 100, 74232, 71
2026/07/29 19:09:51.932, 294.13, 100, 74232, 71
2026/07/29 19:09:52.969, 298.32, 100, 74232, 71
2026/07/29 19:09:54.009, 296.28, 100, 74232, 71
2026/07/29 19:09:55.046, 302.58, 100, 74232, 71
2026/07/29 19:09:56.082, 303.05, 100, 74232, 71
2026/07/29 19:09:57.120, 305.01, 100, 74232, 72
2026/07/29 19:09:58.157, 306.99, 100, 74232, 71
2026/07/29 19:09:59.193, 303.92, 100, 74232, 71
2026/07/29 19:10:00.230, 305.19, 100, 74232, 71
2026/07/29 19:10:01.266, 305.69, 100, 74232, 71
2026/07/29 19:10:02.307, 300.05, 100, 74232, 71
2026/07/29 19:10:03.347, 298.12, 100, 74232, 71
2026/07/29 19:10:04.385, 295.01, 100, 74232, 71
2026/07/29 19:10:05.422, 299.47, 100, 74232, 71
2026/07/29 19:10:06.461, 298.01, 100, 74232, 71
2026/07/29 19:10:07.500, 298.52, 100, 74232, 71
2026/07/29 19:10:08.537, 300.34, 100, 74232, 71
2026/07/29 19:10:09.577, 96.50, 0, 74232, 68
2026/07/29 19:10:10.611, 299.47, 100, 74232, 72
2026/07/29 19:10:11.647, 289.29, 100, 74232, 72
2026/07/29 19:10:12.681, 299.40, 100, 74232, 72
2026/07/29 19:10:13.717, 295.88, 100, 74232, 72
2026/07/29 19:10:14.755, 312.75, 100, 74232, 72
2026/07/29 19:10:15.791, 305.06, 100, 74232, 73
2026/07/29 19:10:16.825, 301.82, 100, 74232, 71
2026/07/29 19:10:17.863, 300.05, 100, 74232, 71
2026/07/29 19:10:18.901, 303.38, 100, 74232, 71
2026/07/29 19:10:19.937, 301.89, 100, 74232, 71
2026/07/29 19:10:20.975, 96.26, 0, 74232, 68
2026/07/29 19:10:22.026, 300.17, 100, 74232, 72
2026/07/29 19:10:23.063, 298.92, 100, 74232, 72
2026/07/29 19:10:24.098, 298.06, 100, 74232, 73
2026/07/29 19:10:25.134, 295.80, 100, 74232, 73
2026/07/29 19:10:26.173, 294.49, 100, 74232, 73
2026/07/29 19:10:27.207, 308.38, 100, 74232, 73
2026/07/29 19:10:28.241, 304.40, 100, 74232, 71
2026/07/29 19:10:29.279, 302.20, 100, 74232, 71
2026/07/29 19:10:30.317, 305.29, 100, 74232, 71
2026/07/29 19:10:31.355, 297.33, 100, 74232, 71
2026/07/29 19:10:32.394, 298.42, 100, 74232, 71
2026/07/29 19:10:33.436, 299.38, 100, 74232, 71
2026/07/29 19:10:34.476, 297.32, 100, 74232, 71
2026/07/29 19:10:35.515, 298.90, 100, 74232, 71
2026/07/29 19:10:36.551, 306.35, 100, 74232, 71
2026/07/29 19:10:37.587, 305.09, 100, 74232, 71
2026/07/29 19:10:38.623, 299.66, 100, 74232, 71
2026/07/29 19:10:39.660, 295.87, 100, 74232, 71
2026/07/29 19:10:40.696, 297.05, 100, 74232, 71
2026/07/29 19:10:41.735, 306.38, 100, 74232, 71
2026/07/29 19:10:42.773, 293.86, 100, 74232, 71
2026/07/29 19:10:43.804, 294.72, 100, 74232, 73
2026/07/29 19:10:44.841, 297.34, 100, 74232, 73
2026/07/29 19:10:45.876, 315.38, 100, 74232, 73
2026/07/29 19:10:46.912, 285.08, 100, 74232, 73
2026/07/29 19:10:47.952, 290.15, 100, 74232, 73
2026/07/29 19:10:48.986, 293.89, 100, 74232, 73
2026/07/29 19:10:50.022, 281.88, 100, 74232, 71
2026/07/29 19:10:51.060, 297.81, 100, 74232, 71
2026/07/29 19:10:52.097, 294.80, 100, 74232, 71
2026/07/29 19:10:53.137, 287.90, 100, 74232, 71
2026/07/29 19:10:54.176, 301.25, 100, 74232, 71
2026/07/29 19:10:55.214, 297.64, 100, 74232, 73
2026/07/29 19:10:56.250, 299.86, 100, 74232, 71
2026/07/29 19:10:57.287, 299.77, 100, 74232, 71
2026/07/29 19:10:58.323, 299.74, 100, 74232, 71
2026/07/29 19:10:59.359, 294.92, 100, 74232, 71
2026/07/29 19:11:00.396, 298.80, 100, 74232, 71
2026/07/29 19:11:01.434, 283.15, 100, 74232, 71
2026/07/29 19:11:02.472, 297.35, 100, 74232, 71
2026/07/29 19:11:03.509, 296.18, 100, 74232, 71
2026/07/29 19:11:04.549, 294.91, 100, 74232, 71
2026/07/29 19:11:05.587, 295.21, 100, 74232, 71
2026/07/29 19:11:06.624, 296.95, 100, 74232, 71
2026/07/29 19:11:07.662, 296.28, 100, 74232, 71
2026/07/29 19:11:08.699, 298.00, 100, 74232, 71
2026/07/29 19:11:09.737, 300.16, 100, 74232, 71
2026/07/29 19:11:10.775, 299.28, 100, 74232, 71
2026/07/29 19:11:11.817, 303.07, 100, 74232, 71
2026/07/29 19:11:12.857, 305.10, 100, 74232, 71
2026/07/29 19:11:13.894, 296.56, 100, 74232, 71
2026/07/29 19:11:14.936, 298.24, 100, 74232, 71
2026/07/29 19:11:15.973, 303.55, 100, 74232, 71
2026/07/29 19:11:17.010, 294.42, 100, 74232, 71
2026/07/29 19:11:18.048, 297.83, 100, 74232, 71
2026/07/29 19:11:19.087, 293.46, 100, 74232, 71
2026/07/29 19:11:20.126, 302.98, 100, 74232, 71
2026/07/29 19:11:21.164, 295.01, 100, 74232, 71
2026/07/29 19:11:22.202, 301.31, 100, 74232, 71
2026/07/29 19:11:23.240, 302.48, 100, 74232, 71
2026/07/29 19:11:24.278, 296.66, 100, 74232, 71
2026/07/29 19:11:25.315, 296.47, 100, 74232, 71
2026/07/29 19:11:26.353, 296.08, 100, 74232, 71
2026/07/29 19:11:27.392, 301.88, 100, 74232, 71
2026/07/29 19:11:28.430, 302.87, 100, 74232, 71
2026/07/29 19:11:29.469, 304.86, 100, 74232, 70
2026/07/29 19:11:30.506, 296.57, 100, 74232, 70
2026/07/29 19:11:31.550, 301.72, 100, 74232, 70
2026/07/29 19:11:32.588, 297.16, 100, 74232, 70
2026/07/29 19:11:33.626, 304.33, 100, 74232, 70
2026/07/29 19:11:34.664, 299.98, 100, 74232, 70
2026/07/29 19:11:35.700, 292.57, 100, 74232, 70
2026/07/29 19:11:36.739, 294.70, 100, 74232, 70
2026/07/29 19:11:37.776, 301.54, 100, 74232, 70
2026/07/29 19:11:38.814, 302.18, 100, 74232, 70
2026/07/29 19:11:39.851, 302.08, 100, 74232, 70
2026/07/29 19:11:40.892, 304.23, 100, 74232, 70
2026/07/29 19:11:41.930, 296.58, 100, 74232, 70
2026/07/29 19:11:42.978, 302.96, 100, 74232, 70
2026/07/29 19:11:44.019, 297.64, 100, 74232, 70
2026/07/29 19:11:45.057, 300.03, 100, 74232, 70
2026/07/29 19:11:46.098, 302.68, 100, 74232, 70
2026/07/29 19:11:47.135, 295.57, 100, 74232, 70
2026/07/29 19:11:48.173, 291.88, 100, 74232, 70
2026/07/29 19:11:49.210, 295.21, 100, 74232, 70
2026/07/29 19:11:50.247, 295.97, 100, 74232, 71
2026/07/29 19:11:51.285, 303.45, 100, 74232, 71
2026/07/29 19:11:52.322, 301.02, 100, 74232, 71
2026/07/29 19:11:53.360, 304.13, 100, 74232, 71
2026/07/29 19:11:54.399, 302.48, 100, 74232, 71
2026/07/29 19:11:55.437, 303.97, 100, 74232, 71
2026/07/29 19:11:56.476, 293.42, 100, 74232, 71
2026/07/29 19:11:57.514, 295.02, 100, 74232, 71
2026/07/29 19:11:58.553, 302.20, 100, 74232, 71
2026/07/29 19:11:59.591, 303.38, 100, 74232, 71
2026/07/29 19:12:00.628, 295.97, 100, 74232, 71
2026/07/29 19:12:01.665, 303.74, 100, 74232, 71
2026/07/29 19:12:02.703, 301.94, 100, 74232, 71
2026/07/29 19:12:03.740, 302.20, 100, 74232, 71
2026/07/29 19:12:04.779, 302.85, 100, 74232, 71
2026/07/29 19:12:05.819, 303.54, 100, 74232, 71
2026/07/29 19:12:06.855, 298.20, 100, 74232, 71
2026/07/29 19:12:07.895, 294.91, 100, 74232, 71
2026/07/29 19:12:08.933, 295.11, 100, 74232, 71
2026/07/29 19:12:09.971, 296.75, 100, 74232, 71
2026/07/29 19:12:11.009, 295.10, 100, 74232, 71
2026/07/29 19:12:12.048, 298.76, 100, 74232, 72
2026/07/29 19:12:13.084, 293.79, 100, 74232, 73
2026/07/29 19:12:14.118, 281.00, 100, 74232, 72
2026/07/29 19:12:15.153, 295.09, 100, 74232, 72
2026/07/29 19:12:16.187, 287.99, 100, 74232, 72
2026/07/29 19:12:17.223, 293.26, 100, 74232, 71
2026/07/29 19:12:18.262, 303.08, 100, 74232, 71
2026/07/29 19:12:19.300, 301.98, 100, 74232, 71
2026/07/29 19:12:20.338, 304.32, 100, 74232, 71
2026/07/29 19:12:21.374, 299.70, 100, 74232, 71
2026/07/29 19:12:22.416, 298.89, 100, 74232, 71
2026/07/29 19:12:23.454, 295.23, 100, 74232, 71
2026/07/29 19:12:24.491, 294.03, 100, 74232, 71
2026/07/29 19:12:25.529, 298.50, 100, 74232, 71
2026/07/29 19:12:26.566, 299.39, 100, 74232, 71
2026/07/29 19:12:27.605, 304.71, 100, 74232, 71
2026/07/29 19:12:28.642, 305.23, 100, 74232, 71
2026/07/29 19:12:29.680, 297.92, 100, 74232, 71
2026/07/29 19:12:30.718, 298.61, 100, 74232, 71
2026/07/29 19:12:31.756, 299.12, 100, 74232, 71
2026/07/29 19:12:32.794, 296.76, 100, 74232, 71
2026/07/29 19:12:33.831, 299.21, 100, 74232, 71
2026/07/29 19:12:34.875, 300.26, 100, 74232, 71
2026/07/29 19:12:35.912, 298.31, 100, 74232, 71
2026/07/29 19:12:36.950, 97.46, 16, 74232, 68
2026/07/29 19:12:37.983, 94.54, 0, 74232, 67
2026/07/29 19:12:39.014, 93.58, 0, 74232, 66
2026/07/29 19:12:40.046, 92.68, 0, 74232, 66
2026/07/29 19:12:41.079, 91.86, 0, 74232, 65
2026/07/29 19:12:42.110, 90.78, 0, 74232, 65
2026/07/29 19:12:43.142, 91.42, 0, 74232, 64
2026/07/29 19:12:44.174, 90.24, 0, 74232, 64
2026/07/29 19:12:45.204, 89.30, 0, 74232, 63
2026/07/29 19:12:46.234, 90.12, 0, 74232, 63
2026/07/29 19:12:47.266, 88.53, 0, 74232, 62
2026/07/29 19:12:48.298, 88.27, 0, 74232, 62
2026/07/29 19:12:49.329, 87.84, 0, 74232, 61
2026/07/29 19:12:50.360, 87.19, 0, 74232, 61
2026/07/29 19:12:51.392, 86.97, 0, 74232, 61
2026/07/29 19:12:52.423, 86.91, 0, 74232, 60
2026/07/29 19:12:53.454, 86.42, 0, 74232, 60
2026/07/29 19:12:54.486, 86.03, 0, 74232, 60
2026/07/29 19:12:55.517, 85.71, 0, 74232, 59
2026/07/29 19:12:56.548, 84.58, 0, 74232, 59
2026/07/29 19:12:57.580, 84.36, 0, 74232, 59
2026/07/29 19:12:58.611, 83.93, 0, 74232, 58
2026/07/29 19:12:59.644, 303.03, 100, 74232, 64
2026/07/29 19:13:00.681, 307.59, 100, 74232, 64
2026/07/29 19:13:01.717, 296.12, 100, 74232, 64
2026/07/29 19:13:02.751, 287.90, 100, 74232, 65
2026/07/29 19:13:03.791, 304.19, 100, 74232, 65
2026/07/29 19:13:04.826, 300.05, 100, 74232, 63
2026/07/29 19:13:05.864, 292.55, 100, 74232, 63
2026/07/29 19:13:06.902, 300.84, 100, 74232, 64
2026/07/29 19:13:07.939, 297.24, 100, 74232, 64
2026/07/29 19:13:08.976, 300.65, 100, 74232, 64
2026/07/29 19:13:10.014, 303.97, 100, 74232, 64
2026/07/29 19:13:11.051, 300.52, 100, 74232, 65
2026/07/29 19:13:12.090, 302.40, 100, 74232, 65
2026/07/29 19:13:13.127, 304.35, 100, 74232, 65
2026/07/29 19:13:14.166, 301.39, 100, 74232, 65
2026/07/29 19:13:15.203, 297.13, 100, 74232, 65
2026/07/29 19:13:16.242, 283.73, 100, 74232, 65
2026/07/29 19:13:17.282, 292.37, 100, 74232, 66
2026/07/29 19:13:18.319, 302.41, 100, 74232, 68
2026/07/29 19:13:19.352, 302.88, 100, 74232, 68
2026/07/29 19:13:20.386, 293.33, 100, 74232, 68
2026/07/29 19:13:21.423, 298.52, 100, 74232, 68
2026/07/29 19:13:22.461, 308.51, 100, 74232, 67
2026/07/29 19:13:23.499, 298.01, 100, 74232, 67
2026/07/29 19:13:24.541, 301.80, 100, 74232, 67
2026/07/29 19:13:25.579, 308.61, 100, 74232, 67
2026/07/29 19:13:26.625, 300.34, 100, 74232, 67
2026/07/29 19:13:27.667, 302.08, 100, 74232, 67
2026/07/29 19:13:28.704, 302.48, 100, 74232, 69
2026/07/29 19:13:29.740, 296.15, 100, 74232, 69
2026/07/29 19:13:30.775, 292.97, 100, 74232, 69
2026/07/29 19:13:31.810, 296.35, 100, 74232, 69
2026/07/29 19:13:32.851, 302.32, 100, 74232, 68
2026/07/29 19:13:33.889, 298.61, 100, 74232, 68
2026/07/29 19:13:34.928, 302.87, 100, 74232, 68
2026/07/29 19:13:35.965, 296.76, 100, 74232, 68
2026/07/29 19:13:37.000, 300.74, 100, 74232, 68
2026/07/29 19:13:38.040, 299.86, 100, 74232, 68
2026/07/29 19:13:39.079, 301.20, 100, 74232, 68
2026/07/29 19:13:40.118, 302.38, 100, 74232, 70
2026/07/29 19:13:41.153, 300.73, 100, 74232, 70
2026/07/29 19:13:42.193, 290.79, 100, 74232, 70
2026/07/29 19:13:43.228, 296.87, 100, 74232, 70
2026/07/29 19:13:44.264, 288.58, 100, 74232, 70
2026/07/29 19:13:45.304, 294.82, 100, 74232, 69
2026/07/29 19:13:46.341, 299.08, 100, 74232, 69
2026/07/29 19:13:47.379, 294.80, 100, 74232, 69
2026/07/29 19:13:48.417, 290.56, 100, 74232, 71
2026/07/29 19:13:49.453, 294.24, 100, 74232, 71
2026/07/29 19:13:50.488, 295.01, 100, 74232, 71
2026/07/29 19:13:51.523, 297.53, 100, 74232, 71
2026/07/29 19:13:52.566, 300.56, 100, 74232, 71
2026/07/29 19:13:53.602, 301.64, 100, 74232, 69
2026/07/29 19:13:54.641, 298.30, 100, 74232, 69
2026/07/29 19:13:55.679, 301.98, 100, 74232, 69
2026/07/29 19:13:56.721, 301.90, 100, 74232, 70
2026/07/29 19:13:57.758, 301.89, 100, 74232, 70
2026/07/29 19:13:58.796, 298.99, 100, 74232, 70
2026/07/29 19:13:59.832, 93.96, 0, 74232, 66
2026/07/29 19:14:00.866, 279.85, 100, 74232, 71
2026/07/29 19:14:01.901, 303.25, 100, 74232, 71
2026/07/29 19:14:02.937, 303.24, 100, 74232, 71
2026/07/29 19:14:03.972, 311.19, 100, 74232, 71
2026/07/29 19:14:05.011, 271.09, 100, 74232, 71
2026/07/29 19:14:06.047, 301.32, 100, 74232, 70
2026/07/29 19:14:07.084, 304.04, 100, 74232, 70
2026/07/29 19:14:08.121, 307.49, 100, 74232, 70
2026/07/29 19:14:09.161, 304.24, 100, 74232, 72
2026/07/29 19:14:10.196, 292.38, 100, 74232, 72
2026/07/29 19:14:11.230, 291.98, 100, 74232, 72
2026/07/29 19:14:12.276, 292.27, 100, 74232, 72
2026/07/29 19:14:13.312, 301.29, 100, 74232, 72
2026/07/29 19:14:14.354, 316.01, 100, 74232, 72
2026/07/29 19:14:15.390, 308.30, 100, 74232, 71
2026/07/29 19:14:16.427, 293.74, 100, 74232, 70
2026/07/29 19:14:17.467, 301.03, 100, 74232, 70
2026/07/29 19:14:18.506, 293.37, 100, 74232, 71
2026/07/29 19:14:19.545, 291.21, 100, 74232, 71
2026/07/29 19:14:20.585, 297.53, 100, 74232, 71
2026/07/29 19:14:21.623, 301.63, 100, 74232, 71
2026/07/29 19:14:22.660, 94.43, 53, 74232, 68
2026/07/29 19:14:23.693, 293.14, 100, 74232, 72
2026/07/29 19:14:24.729, 299.48, 100, 74232, 72
2026/07/29 19:14:25.764, 318.41, 100, 74232, 73
2026/07/29 19:14:26.800, 300.19, 100, 74232, 72
2026/07/29 19:14:27.836, 270.96, 100, 74232, 72
2026/07/29 19:14:28.872, 317.07, 100, 74232, 72
2026/07/29 19:14:29.908, 303.53, 100, 74232, 71
2026/07/29 19:14:30.947, 304.46, 100, 74232, 71
2026/07/29 19:14:31.983, 302.77, 100, 74232, 71
2026/07/29 19:14:33.021, 298.62, 100, 74232, 72
2026/07/29 19:14:34.055, 303.75, 100, 74232, 72
2026/07/29 19:14:35.090, 310.47, 100, 74232, 72
2026/07/29 19:14:36.130, 279.73, 100, 74232, 72
2026/07/29 19:14:37.165, 291.69, 100, 74232, 73
2026/07/29 19:14:38.200, 324.44, 100, 74232, 73
2026/07/29 19:14:39.242, 262.78, 100, 74232, 71
2026/07/29 19:14:40.280, 289.95, 100, 74232, 70
2026/07/29 19:14:41.317, 290.54, 100, 74232, 71
2026/07/29 19:14:42.355, 293.35, 100, 74232, 71
2026/07/29 19:14:43.393, 295.88, 100, 74232, 71
2026/07/29 19:14:44.434, 305.61, 100, 74232, 71
2026/07/29 19:14:45.471, 301.31, 100, 74232, 71
2026/07/29 19:14:46.507, 298.70, 100, 74232, 71
2026/07/29 19:14:47.544, 305.63, 100, 74232, 71
2026/07/29 19:14:48.581, 295.40, 100, 74232, 71
2026/07/29 19:14:49.619, 302.80, 83, 74232, 72
2026/07/29 19:14:50.722, 301.93, 100, 74232, 73
2026/07/29 19:14:51.756, 297.82, 100, 74232, 72
2026/07/29 19:14:52.793, 284.99, 100, 74232, 73
2026/07/29 19:14:53.828, 307.94, 100, 74232, 73
2026/07/29 19:14:54.865, 284.44, 100, 74232, 73
2026/07/29 19:14:55.900, 291.41, 100, 74232, 71
2026/07/29 19:14:56.938, 290.24, 100, 74232, 71
2026/07/29 19:14:57.976, 293.85, 100, 74232, 71
2026/07/29 19:14:59.014, 293.84, 100, 74232, 73
2026/07/29 19:15:00.048, 296.87, 100, 74232, 73
2026/07/29 19:15:01.083, 293.07, 100, 74232, 73
2026/07/29 19:15:02.123, 284.08, 100, 74232, 73
2026/07/29 19:15:03.157, 277.21, 100, 74232, 73
2026/07/29 19:15:04.191, 281.79, 100, 74232, 73
2026/07/29 19:15:05.226, 278.75, 100, 74232, 73
2026/07/29 19:15:06.262, 304.91, 100, 74232, 71
2026/07/29 19:15:07.300, 298.29, 100, 74232, 71
2026/07/29 19:15:08.338, 303.14, 100, 74232, 71
2026/07/29 19:15:09.375, 305.70, 100, 74232, 72
2026/07/29 19:15:10.411, 302.08, 100, 74232, 72
2026/07/29 19:15:11.447, 302.21, 100, 74232, 72
2026/07/29 19:15:12.486, 306.17, 100, 74232, 72
2026/07/29 19:15:13.522, 301.33, 100, 74232, 72
2026/07/29 19:15:14.559, 305.39, 100, 74232, 72
2026/07/29 19:15:15.595, 295.88, 100, 74232, 72
2026/07/29 19:15:16.632, 299.38, 100, 74232, 72
2026/07/29 19:15:17.669, 298.33, 100, 74232, 72
2026/07/29 19:15:18.707, 305.51, 100, 74232, 72
2026/07/29 19:15:19.743, 303.16, 100, 74232, 71
2026/07/29 19:15:20.786, 294.91, 100, 74232, 71
2026/07/29 19:15:21.823, 300.86, 100, 74232, 71
2026/07/29 19:15:22.863, 298.81, 100, 74232, 71
2026/07/29 19:15:23.902, 302.61, 100, 74232, 71
2026/07/29 19:15:24.939, 299.08, 100, 74232, 71
2026/07/29 19:15:25.977, 297.34, 100, 74232, 71
2026/07/29 19:15:27.015, 300.25, 100, 74232, 71
2026/07/29 19:15:28.057, 299.19, 100, 74232, 71
2026/07/29 19:15:29.094, 303.65, 100, 74232, 71
2026/07/29 19:15:30.130, 97.43, 0, 74232, 68
2026/07/29 19:15:31.164, 305.30, 100, 74232, 72
2026/07/29 19:15:32.198, 300.17, 100, 74232, 72
2026/07/29 19:15:33.234, 320.99, 100, 74232, 73
2026/07/29 19:15:34.268, 310.74, 100, 74232, 72
2026/07/29 19:15:35.301, 308.37, 100, 74232, 72
2026/07/29 19:15:36.335, 289.62, 100, 74232, 72
2026/07/29 19:15:37.370, 298.05, 100, 74232, 71
2026/07/29 19:15:38.414, 291.41, 100, 74232, 71
2026/07/29 19:15:39.451, 302.39, 100, 74232, 71
2026/07/29 19:15:40.488, 303.18, 100, 74232, 71
2026/07/29 19:15:41.527, 95.47, 0, 74232, 71
2026/07/29 19:15:42.563, 283.63, 100, 74232, 72
2026/07/29 19:15:43.598, 296.49, 100, 74232, 72
2026/07/29 19:15:44.636, 285.39, 100, 74232, 72
2026/07/29 19:15:45.671, 289.59, 100, 74232, 73
2026/07/29 19:15:46.710, 265.44, 100, 74232, 72
2026/07/29 19:15:47.747, 266.00, 100, 74232, 73
2026/07/29 19:15:48.783, 305.89, 100, 74232, 71
2026/07/29 19:15:49.820, 302.17, 100, 74232, 71
2026/07/29 19:15:50.858, 301.81, 100, 74232, 71
2026/07/29 19:15:51.896, 302.49, 100, 74232, 71
2026/07/29 19:15:52.935, 304.11, 0, 74232, 72
2026/07/29 19:15:53.971, 306.33, 100, 74232, 73
2026/07/29 19:15:55.077, 281.25, 100, 74232, 73
2026/07/29 19:15:56.111, 301.73, 100, 74232, 73
2026/07/29 19:15:57.147, 317.73, 100, 74232, 73
2026/07/29 19:15:58.187, 305.27, 100, 74232, 73
2026/07/29 19:15:59.222, 315.29, 100, 74232, 73
2026/07/29 19:16:00.257, 306.66, 100, 74232, 71
2026/07/29 19:16:01.295, 304.14, 100, 74232, 71
2026/07/29 19:16:02.333, 306.37, 100, 74232, 71
2026/07/29 19:16:03.370, 306.55, 100, 74232, 71
2026/07/29 19:16:04.408, 99.38, 80, 74232, 69
2026/07/29 19:16:05.441, 302.92, 100, 74232, 73
2026/07/29 19:16:06.476, 300.04, 100, 74232, 73
2026/07/29 19:16:07.513, 298.97, 100, 74232, 73
2026/07/29 19:16:08.549, 290.03, 100, 74232, 73
2026/07/29 19:16:09.591, 312.51, 100, 74232, 73
2026/07/29 19:16:10.627, 307.02, 100, 74232, 73
2026/07/29 19:16:11.665, 302.80, 100, 74232, 73
2026/07/29 19:16:12.706, 301.14, 100, 74232, 72
2026/07/29 19:16:13.744, 299.61, 100, 74232, 72
2026/07/29 19:16:14.790, 308.05, 100, 74232, 72
2026/07/29 19:16:15.827, 305.67, 100, 74232, 71
2026/07/29 19:16:16.864, 299.27, 100, 74232, 73
2026/07/29 19:16:17.901, 301.22, 100, 74232, 73
2026/07/29 19:16:18.937, 276.12, 100, 74232, 73
2026/07/29 19:16:19.976, 294.15, 100, 74232, 73
2026/07/29 19:16:21.011, 312.38, 100, 74232, 73
2026/07/29 19:16:22.046, 293.64, 100, 74232, 73
2026/07/29 19:16:23.083, 324.28, 100, 74232, 73
2026/07/29 19:16:24.121, 302.80, 100, 74232, 71
2026/07/29 19:16:25.158, 305.62, 100, 74232, 71
2026/07/29 19:16:26.197, 304.99, 100, 74232, 71
2026/07/29 19:16:27.235, 299.78, 100, 74232, 73
2026/07/29 19:16:28.271, 299.01, 100, 74232, 71
2026/07/29 19:16:29.309, 305.11, 100, 74232, 72
2026/07/29 19:16:30.346, 304.32, 100, 74232, 72
2026/07/29 19:16:31.384, 308.60, 100, 74232, 72
2026/07/29 19:16:32.421, 294.63, 100, 74232, 71
2026/07/29 19:16:33.459, 298.42, 100, 74232, 72
2026/07/29 19:16:34.497, 296.55, 100, 74232, 71
2026/07/29 19:16:35.536, 291.32, 100, 74232, 71
2026/07/29 19:16:36.574, 299.99, 100, 74232, 71
2026/07/29 19:16:37.614, 287.93, 100, 74232, 71
2026/07/29 19:16:38.653, 285.67, 100, 74232, 71
2026/07/29 19:16:39.696, 295.68, 100, 74232, 71
2026/07/29 19:16:40.736, 296.96, 100, 74232, 71
2026/07/29 19:16:41.774, 294.42, 100, 74232, 71
2026/07/29 19:16:42.814, 295.88, 100, 74232, 71
2026/07/29 19:16:43.852, 297.55, 100, 74232, 71
2026/07/29 19:16:44.889, 308.75, 100, 74232, 71
2026/07/29 19:16:45.928, 298.70, 100, 74232, 71
2026/07/29 19:16:46.965, 304.73, 100, 74232, 71
2026/07/29 19:16:48.003, 298.24, 100, 74232, 71
2026/07/29 19:16:49.041, 299.51, 100, 74232, 71
2026/07/29 19:16:50.080, 299.09, 100, 74232, 71
2026/07/29 19:16:51.118, 293.24, 100, 74232, 71
2026/07/29 19:16:52.157, 300.95, 100, 74232, 71
2026/07/29 19:16:53.197, 295.11, 100, 74232, 71
2026/07/29 19:16:54.236, 294.91, 100, 74232, 71
2026/07/29 19:16:55.276, 296.18, 100, 74232, 71
2026/07/29 19:16:56.314, 301.62, 100, 74232, 71
2026/07/29 19:16:57.352, 300.74, 100, 74232, 71
2026/07/29 19:16:58.390, 303.27, 100, 74232, 71
2026/07/29 19:16:59.428, 304.51, 100, 74232, 71
2026/07/29 19:17:00.466, 297.23, 100, 74232, 71
2026/07/29 19:17:01.503, 294.51, 100, 74232, 71
2026/07/29 19:17:02.541, 300.18, 100, 74232, 71
2026/07/29 19:17:03.578, 304.42, 100, 74232, 71
2026/07/29 19:17:04.618, 304.20, 100, 74232, 71
2026/07/29 19:17:05.656, 301.72, 100, 74232, 71
2026/07/29 19:17:06.695, 295.77, 100, 74232, 71
2026/07/29 19:17:07.734, 295.47, 100, 74232, 71
2026/07/29 19:17:08.772, 303.53, 100, 74232, 71
2026/07/29 19:17:09.816, 303.27, 100, 74232, 71
2026/07/29 19:17:10.854, 302.40, 100, 74232, 71
2026/07/29 19:17:11.891, 298.50, 100, 74232, 71
2026/07/29 19:17:12.929, 302.69, 100, 74232, 71
2026/07/29 19:17:13.967, 294.60, 100, 74232, 71
2026/07/29 19:17:15.006, 293.33, 100, 74232, 71
2026/07/29 19:17:16.044, 295.70, 100, 74232, 71
2026/07/29 19:17:17.082, 296.76, 100, 74232, 71
2026/07/29 19:17:18.120, 293.83, 100, 74232, 71
2026/07/29 19:17:19.158, 294.80, 100, 74232, 71
2026/07/29 19:17:20.196, 295.11, 100, 74232, 71
2026/07/29 19:17:21.234, 295.97, 100, 74232, 71
2026/07/29 19:17:22.271, 300.44, 100, 74232, 71
2026/07/29 19:17:23.309, 294.06, 100, 74232, 71
2026/07/29 19:17:24.347, 294.22, 100, 74232, 71
2026/07/29 19:17:25.385, 295.57, 100, 74232, 71
2026/07/29 19:17:26.422, 301.99, 100, 74232, 71
2026/07/29 19:17:27.460, 294.72, 100, 74232, 71
2026/07/29 19:17:28.499, 301.62, 100, 74232, 71
2026/07/29 19:17:29.537, 297.25, 100, 74232, 71
2026/07/29 19:17:30.581, 296.57, 100, 74232, 71
2026/07/29 19:17:31.620, 292.39, 100, 74232, 71
2026/07/29 19:17:32.658, 292.68, 100, 74232, 71
2026/07/29 19:17:33.696, 294.90, 100, 74232, 71
2026/07/29 19:17:34.734, 306.07, 100, 74232, 71
2026/07/29 19:17:35.773, 304.26, 100, 74232, 71
2026/07/29 19:17:36.812, 301.05, 100, 74232, 71
2026/07/29 19:17:37.849, 304.17, 100, 74232, 71
2026/07/29 19:17:38.887, 305.81, 100, 74232, 71
2026/07/29 19:17:39.925, 289.08, 100, 74232, 72
2026/07/29 19:17:40.967, 289.01, 100, 74232, 73
2026/07/29 19:17:42.002, 296.68, 100, 74232, 73
2026/07/29 19:17:43.044, 295.36, 100, 74232, 73
2026/07/29 19:17:44.078, 264.21, 100, 74232, 73
2026/07/29 19:17:45.113, 295.70, 100, 74232, 73
2026/07/29 19:17:46.152, 290.04, 100, 74232, 71
2026/07/29 19:17:47.189, 291.50, 100, 74232, 71
2026/07/29 19:17:48.228, 289.42, 100, 74232, 71
2026/07/29 19:17:49.265, 289.15, 100, 74232, 71
2026/07/29 19:17:50.305, 98.18, 0, 74232, 68
2026/07/29 19:17:51.338, 285.96, 100, 74232, 72
2026/07/29 19:17:52.376, 297.05, 100, 74232, 73
2026/07/29 19:17:53.412, 301.80, 100, 74232, 73
2026/07/29 19:17:54.447, 279.94, 100, 74232, 73
2026/07/29 19:17:55.489, 304.61, 100, 74232, 73
2026/07/29 19:17:56.525, 261.03, 100, 74232, 71
2026/07/29 19:17:57.563, 282.86, 100, 74232, 71
2026/07/29 19:17:58.600, 286.46, 100, 74232, 71
2026/07/29 19:17:59.638, 277.39, 86, 74232, 72
2026/07/29 19:18:00.674, 286.45, 100, 74232, 73
2026/07/29 19:18:01.711, 298.68, 100, 74232, 73
2026/07/29 19:18:02.745, 292.77, 100, 74232, 73
2026/07/29 19:18:03.780, 311.60, 100, 74232, 73
2026/07/29 19:18:04.816, 291.78, 100, 74232, 73
2026/07/29 19:18:05.856, 298.61, 100, 74232, 71
2026/07/29 19:18:06.893, 283.92, 100, 74232, 71
2026/07/29 19:18:07.934, 288.87, 100, 74232, 71
2026/07/29 19:18:08.973, 294.72, 100, 74232, 71
2026/07/29 19:18:10.011, 302.12, 100, 74232, 71
2026/07/29 19:18:11.050, 294.89, 100, 74232, 71
2026/07/29 19:18:12.089, 294.93, 100, 74232, 71
2026/07/29 19:18:13.126, 302.10, 100, 74232, 71
2026/07/29 19:18:14.162, 303.48, 100, 74232, 72
2026/07/29 19:18:15.202, 306.35, 100, 74232, 72
2026/07/29 19:18:16.242, 305.21, 100, 74232, 72
2026/07/29 19:18:17.279, 305.92, 100, 74232, 72
2026/07/29 19:18:18.319, 297.52, 100, 74232, 71
2026/07/29 19:18:19.358, 304.81, 100, 74232, 71
2026/07/29 19:18:20.395, 96.97, 0, 74232, 68
2026/07/29 19:18:21.428, 296.16, 100, 74232, 72
2026/07/29 19:18:22.465, 298.54, 100, 74232, 73
2026/07/29 19:18:23.502, 308.14, 100, 74232, 73
2026/07/29 19:18:24.537, 305.75, 100, 74232, 73
2026/07/29 19:18:25.573, 293.56, 100, 74232, 73
2026/07/29 19:18:26.607, 294.51, 100, 74232, 73
2026/07/29 19:18:27.642, 299.57, 100, 74232, 71
2026/07/29 19:18:28.681, 304.71, 100, 74232, 71
2026/07/29 19:18:29.719, 300.64, 100, 74232, 71
2026/07/29 19:18:30.756, 292.70, 100, 74232, 73
2026/07/29 19:18:31.791, 309.02, 100, 74232, 73
2026/07/29 19:18:32.827, 302.83, 100, 74232, 73
2026/07/29 19:18:33.863, 293.16, 100, 74232, 73
2026/07/29 19:18:34.902, 281.95, 100, 74232, 73
2026/07/29 19:18:35.937, 320.29, 100, 74232, 73
2026/07/29 19:18:36.974, 297.72, 100, 74232, 71
2026/07/29 19:18:38.020, 281.50, 100, 74232, 71
2026/07/29 19:18:39.059, 286.83, 100, 74232, 71
2026/07/29 19:18:40.096, 290.34, 100, 74232, 71
2026/07/29 19:18:41.134, 302.58, 100, 74232, 71
2026/07/29 19:18:42.172, 298.62, 100, 74232, 71
2026/07/29 19:18:43.211, 289.74, 100, 74232, 71
2026/07/29 19:18:44.250, 292.27, 100, 74232, 71
2026/07/29 19:18:45.289, 290.34, 100, 74232, 71
2026/07/29 19:18:46.327, 298.31, 100, 74232, 72
2026/07/29 19:18:47.364, 297.35, 100, 74232, 72
2026/07/29 19:18:48.400, 294.80, 100, 74232, 72
2026/07/29 19:18:49.437, 299.37, 100, 74232, 71
2026/07/29 19:18:50.474, 299.68, 100, 74232, 71
2026/07/29 19:18:51.512, 296.37, 100, 74232, 71
2026/07/29 19:18:52.548, 304.79, 100, 74232, 72
2026/07/29 19:18:53.583, 306.17, 100, 74232, 71
2026/07/29 19:18:54.626, 303.57, 100, 74232, 71
2026/07/29 19:18:55.664, 303.64, 100, 74232, 71
2026/07/29 19:18:56.704, 297.51, 100, 74232, 71
2026/07/29 19:18:57.740, 299.28, 100, 74232, 71
2026/07/29 19:18:58.779, 298.62, 100, 74232, 71
2026/07/29 19:18:59.818, 303.55, 100, 74232, 71
2026/07/29 19:19:00.855, 296.93, 100, 74232, 71
2026/07/29 19:19:01.892, 296.68, 100, 74232, 71
2026/07/29 19:19:02.930, 303.07, 100, 74232, 71
2026/07/29 19:19:03.966, 294.23, 100, 74232, 71
2026/07/29 19:19:05.004, 296.96, 100, 74232, 71
2026/07/29 19:19:06.041, 301.99, 100, 74232, 71
2026/07/29 19:19:07.078, 303.83, 100, 74232, 71
2026/07/29 19:19:08.114, 292.78, 100, 74232, 71
2026/07/29 19:19:09.150, 298.64, 100, 74232, 71
2026/07/29 19:19:10.187, 293.07, 100, 74232, 71
2026/07/29 19:19:11.227, 298.21, 100, 74232, 71
2026/07/29 19:19:12.264, 304.91, 100, 74232, 71
2026/07/29 19:19:13.301, 300.62, 100, 74232, 71
2026/07/29 19:19:14.337, 299.68, 100, 74232, 71
2026/07/29 19:19:15.380, 297.32, 100, 74232, 71
2026/07/29 19:19:16.417, 298.70, 100, 74232, 71
2026/07/29 19:19:17.454, 295.60, 100, 74232, 71
2026/07/29 19:19:18.491, 297.14, 100, 74232, 71
2026/07/29 19:19:19.528, 290.43, 100, 74232, 71
2026/07/29 19:19:20.564, 299.10, 100, 74232, 71
2026/07/29 19:19:21.600, 295.40, 100, 74232, 71
2026/07/29 19:19:22.638, 294.92, 100, 74232, 71
2026/07/29 19:19:23.674, 297.54, 100, 74232, 71
2026/07/29 19:19:24.711, 298.31, 100, 74232, 71
2026/07/29 19:19:25.747, 295.19, 100, 74232, 71
2026/07/29 19:19:26.784, 294.15, 100, 74232, 71
2026/07/29 19:19:27.824, 297.83, 100, 74232, 71
2026/07/29 19:19:28.862, 297.93, 100, 74232, 71
2026/07/29 19:19:29.899, 298.91, 100, 74232, 71
2026/07/29 19:19:30.936, 295.40, 100, 74232, 71
2026/07/29 19:19:31.976, 303.58, 100, 74232, 71
2026/07/29 19:19:33.014, 298.60, 100, 74232, 71
2026/07/29 19:19:34.053, 291.02, 100, 74232, 71
2026/07/29 19:19:35.089, 296.76, 100, 74232, 71
2026/07/29 19:19:36.128, 297.82, 100, 74232, 71
2026/07/29 19:19:37.167, 292.27, 100, 74232, 70
2026/07/29 19:19:38.208, 287.32, 100, 74232, 70
2026/07/29 19:19:39.245, 286.44, 100, 74232, 70
2026/07/29 19:19:40.288, 290.23, 100, 74232, 70
2026/07/29 19:19:41.326, 296.76, 100, 74232, 70
2026/07/29 19:19:42.363, 287.42, 100, 74232, 70
2026/07/29 19:19:43.400, 295.70, 100, 74232, 70
2026/07/29 19:19:44.437, 297.63, 100, 74232, 70
2026/07/29 19:19:45.475, 298.72, 100, 74232, 70
2026/07/29 19:19:46.511, 299.57, 100, 74232, 70
2026/07/29 19:19:47.548, 294.32, 100, 74232, 70
2026/07/29 19:19:48.585, 297.91, 100, 74232, 70
2026/07/29 19:19:49.621, 298.50, 100, 74232, 70
2026/07/29 19:19:50.657, 298.32, 100, 74232, 70
2026/07/29 19:19:51.694, 294.22, 100, 74232, 70
2026/07/29 19:19:52.730, 296.86, 100, 74232, 70
2026/07/29 19:19:53.767, 298.40, 100, 74232, 70
2026/07/29 19:19:54.806, 305.39, 100, 74232, 70
2026/07/29 19:19:55.846, 295.89, 100, 74232, 70
2026/07/29 19:19:56.883, 290.73, 100, 74232, 70
2026/07/29 19:19:57.922, 296.56, 100, 74232, 70
2026/07/29 19:19:58.959, 304.92, 100, 74232, 70
2026/07/29 19:19:59.997, 305.78, 100, 74232, 70
2026/07/29 19:20:01.034, 290.82, 100, 74232, 70
2026/07/29 19:20:02.071, 294.74, 100, 74232, 70
2026/07/29 19:20:03.110, 294.54, 100, 74232, 70
2026/07/29 19:20:04.148, 293.93, 100, 74232, 70
2026/07/29 19:20:05.186, 294.33, 100, 74232, 70
2026/07/29 19:20:06.225, 296.17, 100, 74232, 70
2026/07/29 19:20:07.261, 296.56, 100, 74232, 70
2026/07/29 19:20:08.302, 303.84, 100, 74232, 70
2026/07/29 19:20:09.340, 298.40, 100, 74232, 70
2026/07/29 19:20:10.377, 294.13, 100, 74232, 70
2026/07/29 19:20:11.413, 295.77, 100, 74232, 70
2026/07/29 19:20:12.453, 297.74, 100, 74232, 70
2026/07/29 19:20:13.490, 304.02, 100, 74232, 70
2026/07/29 19:20:14.525, 304.94, 100, 74232, 70
2026/07/29 19:20:15.562, 303.39, 100, 74232, 70
2026/07/29 19:20:16.599, 297.07, 100, 74232, 70
2026/07/29 19:20:17.635, 299.85, 100, 74232, 70
2026/07/29 19:20:18.671, 297.56, 100, 74232, 70
2026/07/29 19:20:19.707, 298.97, 100, 74232, 70
2026/07/29 19:20:20.747, 292.78, 100, 74232, 70
2026/07/29 19:20:21.785, 296.17, 100, 74232, 70
2026/07/29 19:20:22.824, 297.73, 100, 74232, 70
2026/07/29 19:20:23.863, 297.71, 100, 74232, 70
2026/07/29 19:20:24.901, 299.48, 100, 74232, 70
2026/07/29 19:20:25.944, 295.79, 100, 74232, 70
2026/07/29 19:20:26.981, 295.98, 100, 74232, 70
2026/07/29 19:20:28.018, 297.25, 100, 74232, 70
2026/07/29 19:20:29.056, 298.03, 100, 74232, 70
2026/07/29 19:20:30.093, 298.61, 100, 74232, 70
2026/07/29 19:20:31.132, 300.25, 100, 74232, 70
2026/07/29 19:20:32.169, 304.12, 100, 74232, 70
2026/07/29 19:20:33.208, 305.18, 100, 74232, 70
2026/07/29 19:20:34.246, 298.02, 100, 74232, 70
2026/07/29 19:20:35.285, 298.43, 100, 74232, 70
2026/07/29 19:20:36.323, 299.36, 100, 74232, 70
2026/07/29 19:20:37.360, 294.53, 100, 74232, 70
2026/07/29 19:20:38.398, 296.27, 100, 74232, 70
2026/07/29 19:20:39.438, 297.72, 100, 74232, 71
2026/07/29 19:20:40.477, 304.61, 100, 74232, 71
2026/07/29 19:20:41.514, 305.88, 100, 74232, 71
2026/07/29 19:20:42.551, 303.56, 100, 74232, 71
2026/07/29 19:20:43.589, 299.56, 100, 74232, 71
2026/07/29 19:20:44.626, 294.12, 100, 74232, 70
2026/07/29 19:20:45.671, 296.37, 100, 74232, 70
2026/07/29 19:20:46.711, 302.99, 100, 74232, 70
2026/07/29 19:20:47.748, 304.24, 100, 74232, 70
2026/07/29 19:20:48.786, 297.15, 100, 74232, 70
2026/07/29 19:20:49.824, 303.15, 100, 74232, 70
2026/07/29 19:20:50.861, 304.81, 100, 74232, 70
2026/07/29 19:20:51.898, 298.80, 100, 74232, 70
2026/07/29 19:20:52.936, 298.28, 100, 74232, 70
2026/07/29 19:20:53.974, 299.35, 100, 74232, 71
2026/07/29 19:20:55.011, 299.58, 100, 74232, 71
2026/07/29 19:20:56.048, 302.67, 100, 74232, 71
2026/07/29 19:20:57.083, 290.44, 100, 74232, 70
2026/07/29 19:20:58.119, 294.61, 100, 74232, 70
2026/07/29 19:20:59.157, 295.79, 100, 74232, 70
2026/07/29 19:21:00.196, 294.51, 100, 74232, 70
2026/07/29 19:21:01.233, 295.30, 100, 74232, 70
2026/07/29 19:21:02.270, 299.88, 100, 74232, 71
2026/07/29 19:21:03.306, 302.30, 100, 74232, 71
2026/07/29 19:21:04.343, 302.99, 100, 74232, 71
2026/07/29 19:21:05.379, 296.08, 100, 74232, 71
2026/07/29 19:21:06.418, 296.17, 100, 74232, 71
2026/07/29 19:21:07.456, 301.32, 100, 74232, 71
2026/07/29 19:21:08.492, 293.65, 100, 74232, 71
2026/07/29 19:21:09.528, 303.47, 100, 74232, 71
2026/07/29 19:21:10.567, 300.62, 100, 74232, 71
2026/07/29 19:21:11.603, 301.04, 100, 74232, 71
2026/07/29 19:21:12.639, 303.36, 100, 74232, 71
2026/07/29 19:21:13.679, 303.05, 100, 74232, 71
2026/07/29 19:21:14.718, 303.38, 100, 74232, 71
2026/07/29 19:21:15.755, 305.11, 100, 74232, 71
2026/07/29 19:21:16.792, 305.60, 100, 74232, 71
2026/07/29 19:21:17.828, 303.08, 100, 74232, 71
2026/07/29 19:21:18.865, 302.86, 100, 74232, 71
2026/07/29 19:21:19.901, 303.30, 100, 74232, 71
2026/07/29 19:21:20.937, 295.80, 100, 74232, 71
2026/07/29 19:21:21.974, 297.83, 100, 74232, 71
2026/07/29 19:21:23.011, 296.66, 100, 74232, 71
2026/07/29 19:21:24.047, 293.05, 100, 74232, 71
2026/07/29 19:21:25.082, 297.16, 100, 74232, 71
2026/07/29 19:21:26.118, 293.84, 100, 74232, 71
2026/07/29 19:21:27.155, 295.11, 100, 74232, 71
2026/07/29 19:21:28.191, 293.64, 100, 74232, 71
2026/07/29 19:21:29.229, 292.97, 100, 74232, 71
2026/07/29 19:21:30.266, 297.60, 100, 74232, 71
2026/07/29 19:21:31.303, 293.72, 100, 74232, 71
2026/07/29 19:21:32.339, 294.81, 100, 74232, 71
2026/07/29 19:21:33.379, 295.99, 100, 74232, 71
2026/07/29 19:21:34.415, 296.36, 100, 74232, 71
2026/07/29 19:21:35.452, 298.70, 100, 74232, 71
2026/07/29 19:21:36.490, 300.84, 100, 74232, 71
2026/07/29 19:21:37.527, 304.43, 100, 74232, 71
2026/07/29 19:21:38.563, 296.66, 100, 74232, 71
2026/07/29 19:21:39.600, 292.97, 100, 74232, 70
2026/07/29 19:21:40.637, 297.04, 100, 74232, 70
2026/07/29 19:21:41.675, 295.79, 100, 74232, 70
2026/07/29 19:21:42.713, 303.98, 100, 74232, 71
2026/07/29 19:21:43.755, 301.42, 100, 74232, 70
2026/07/29 19:21:44.794, 296.86, 100, 74232, 70
2026/07/29 19:21:45.831, 294.23, 100, 74232, 70
2026/07/29 19:21:46.869, 291.61, 100, 74232, 70
2026/07/29 19:21:47.912, 297.54, 100, 74232, 70
2026/07/29 19:21:48.950, 293.59, 100, 74232, 70
2026/07/29 19:21:49.986, 294.82, 100, 74232, 70
2026/07/29 19:21:51.022, 296.75, 100, 74232, 70
2026/07/29 19:21:52.060, 298.70, 100, 74232, 70
2026/07/29 19:21:53.096, 294.51, 100, 74232, 70
2026/07/29 19:21:54.134, 300.45, 100, 74232, 70
2026/07/29 19:21:55.173, 293.55, 100, 74232, 70
2026/07/29 19:21:56.211, 295.98, 100, 74232, 70
2026/07/29 19:21:57.249, 296.57, 100, 74232, 70
2026/07/29 19:21:58.290, 302.11, 100, 74232, 70
2026/07/29 19:21:59.328, 301.11, 100, 74232, 70
2026/07/29 19:22:00.367, 303.24, 100, 74232, 70
2026/07/29 19:22:01.403, 301.71, 100, 74232, 70
2026/07/29 19:22:02.446, 301.51, 100, 74232, 70
2026/07/29 19:22:03.482, 300.83, 100, 74232, 70
2026/07/29 19:22:04.519, 303.07, 100, 74232, 70
2026/07/29 19:22:05.557, 293.16, 100, 74232, 70
2026/07/29 19:22:06.593, 295.40, 100, 74232, 70
2026/07/29 19:22:07.634, 292.56, 100, 74232, 70
2026/07/29 19:22:08.672, 290.61, 100, 74232, 70
2026/07/29 19:22:09.711, 290.55, 100, 74232, 70
2026/07/29 19:22:10.753, 301.01, 100, 74232, 70
2026/07/29 19:22:11.790, 292.18, 100, 74232, 70
2026/07/29 19:22:12.828, 295.67, 100, 74232, 70
2026/07/29 19:22:13.866, 295.10, 100, 74232, 70
2026/07/29 19:22:14.906, 291.68, 100, 74232, 70
2026/07/29 19:22:15.943, 287.90, 100, 74232, 70
2026/07/29 19:22:16.980, 294.50, 100, 74232, 70
2026/07/29 19:22:18.016, 304.33, 100, 74232, 70
2026/07/29 19:22:19.054, 301.26, 100, 74232, 70
2026/07/29 19:22:20.091, 293.34, 100, 74232, 70
2026/07/29 19:22:21.128, 293.93, 100, 74232, 70
2026/07/29 19:22:22.164, 300.94, 100, 74232, 70
2026/07/29 19:22:23.200, 297.58, 100, 74232, 70
2026/07/29 19:22:24.237, 293.83, 100, 74232, 70
2026/07/29 19:22:25.273, 302.77, 100, 74232, 70
2026/07/29 19:22:26.310, 304.33, 100, 74232, 70
2026/07/29 19:22:27.346, 304.86, 100, 74232, 70
2026/07/29 19:22:28.384, 302.97, 100, 74232, 70
2026/07/29 19:22:29.421, 304.61, 100, 74232, 70
2026/07/29 19:22:30.458, 304.22, 100, 74232, 70
2026/07/29 19:22:31.494, 303.14, 100, 74232, 70
2026/07/29 19:22:32.532, 302.49, 100, 74232, 70
2026/07/29 19:22:33.569, 303.17, 100, 74232, 70
2026/07/29 19:22:34.608, 302.97, 100, 74232, 70
2026/07/29 19:22:35.645, 294.63, 100, 74232, 70
2026/07/29 19:22:36.683, 295.87, 100, 74232, 70
2026/07/29 19:22:37.720, 295.58, 100, 74232, 70
2026/07/29 19:22:38.756, 304.85, 100, 74232, 70
2026/07/29 19:22:39.793, 297.64, 100, 74232, 70
2026/07/29 19:22:40.833, 291.32, 100, 74232, 70
2026/07/29 19:22:41.869, 299.48, 100, 74232, 70
2026/07/29 19:22:42.906, 300.66, 100, 74232, 70
2026/07/29 19:22:43.942, 302.21, 100, 74232, 70
2026/07/29 19:22:44.979, 301.60, 100, 74232, 70
2026/07/29 19:22:46.017, 301.54, 100, 74232, 70
2026/07/29 19:22:47.053, 303.16, 100, 74232, 70
2026/07/29 19:22:48.089, 298.61, 100, 74232, 70
2026/07/29 19:22:49.128, 295.87, 100, 74232, 70
2026/07/29 19:22:50.166, 296.38, 100, 74232, 70
2026/07/29 19:22:51.206, 292.68, 100, 74232, 70
2026/07/29 19:22:52.246, 301.62, 100, 74232, 70
2026/07/29 19:22:53.283, 295.01, 100, 74232, 70
2026/07/29 19:22:54.330, 296.74, 100, 74232, 70
2026/07/29 19:22:55.368, 300.14, 100, 74232, 70
2026/07/29 19:22:56.404, 302.00, 100, 74232, 70
2026/07/29 19:22:57.441, 301.83, 100, 74232, 70
2026/07/29 19:22:58.477, 301.35, 100, 74232, 70
2026/07/29 19:22:59.514, 303.36, 100, 74232, 70
2026/07/29 19:23:00.550, 298.40, 100, 74232, 70
2026/07/29 19:23:01.586, 302.09, 100, 74232, 70
2026/07/29 19:23:02.624, 298.98, 100, 74232, 70
2026/07/29 19:23:03.661, 298.61, 100, 74232, 70
2026/07/29 19:23:04.699, 302.03, 100, 74232, 70
2026/07/29 19:23:05.735, 300.63, 100, 74232, 70
2026/07/29 19:23:06.771, 301.92, 100, 74232, 70
2026/07/29 19:23:07.808, 303.39, 100, 74232, 70
2026/07/29 19:23:08.845, 302.58, 100, 74232, 70
2026/07/29 19:23:09.882, 298.21, 100, 74232, 70
2026/07/29 19:23:10.918, 302.02, 100, 74232, 70
2026/07/29 19:23:11.954, 303.68, 100, 74232, 70
2026/07/29 19:23:12.991, 303.02, 100, 74232, 70
2026/07/29 19:23:14.028, 303.65, 100, 74232, 70
2026/07/29 19:23:15.065, 298.50, 100, 74232, 70
2026/07/29 19:23:16.102, 299.29, 100, 74232, 70
2026/07/29 19:23:17.139, 294.23, 100, 74232, 70
2026/07/29 19:23:18.180, 300.16, 100, 74232, 70
2026/07/29 19:23:19.220, 293.73, 100, 74232, 70
2026/07/29 19:23:20.260, 290.05, 100, 74232, 70
2026/07/29 19:23:21.298, 295.39, 100, 74232, 70
2026/07/29 19:23:22.335, 294.03, 100, 74232, 70
2026/07/29 19:23:23.373, 295.60, 100, 74232, 70
2026/07/29 19:23:24.410, 296.47, 100, 74232, 70
2026/07/29 19:23:25.454, 299.58, 100, 74232, 70
2026/07/29 19:23:26.492, 302.62, 100, 74232, 70
2026/07/29 19:23:27.530, 300.82, 100, 74232, 70
2026/07/29 19:23:28.567, 303.66, 100, 74232, 70
2026/07/29 19:23:29.603, 304.70, 100, 74232, 70
2026/07/29 19:23:30.640, 305.62, 100, 74232, 70
2026/07/29 19:23:31.676, 299.40, 100, 74232, 70
2026/07/29 19:23:32.715, 298.12, 100, 74232, 70
2026/07/29 19:23:33.752, 286.93, 100, 74232, 70
2026/07/29 19:23:34.797, 298.99, 100, 74232, 70
2026/07/29 19:23:35.836, 291.50, 100, 74232, 70
2026/07/29 19:23:36.873, 301.23, 100, 74232, 70
2026/07/29 19:23:37.911, 301.21, 100, 74232, 70
2026/07/29 19:23:38.948, 299.29, 100, 74232, 70
2026/07/29 19:23:39.984, 301.40, 100, 74232, 70
2026/07/29 19:23:41.020, 301.63, 100, 74232, 70
2026/07/29 19:23:42.055, 300.35, 100, 74232, 70
2026/07/29 19:23:43.091, 302.30, 100, 74232, 70
2026/07/29 19:23:44.129, 304.44, 100, 74232, 70
2026/07/29 19:23:45.167, 295.80, 100, 74232, 70
2026/07/29 19:23:46.203, 295.02, 100, 74232, 70
2026/07/29 19:23:47.239, 296.58, 100, 74232, 70
2026/07/29 19:23:48.275, 293.26, 100, 74232, 70
2026/07/29 19:23:49.311, 297.45, 100, 74232, 70
2026/07/29 19:23:50.349, 292.67, 100, 74232, 70
2026/07/29 19:23:51.386, 292.27, 100, 74232, 70
2026/07/29 19:23:52.423, 293.24, 100, 74232, 70
2026/07/29 19:23:53.460, 295.11, 100, 74232, 70
2026/07/29 19:23:54.497, 294.90, 100, 74232, 70
2026/07/29 19:23:55.536, 297.23, 100, 74232, 70
2026/07/29 19:23:56.572, 296.37, 100, 74232, 70
2026/07/29 19:23:57.609, 301.61, 100, 74232, 70
2026/07/29 19:23:58.646, 296.37, 100, 74232, 70
2026/07/29 19:23:59.683, 293.74, 100, 74232, 70
2026/07/29 19:24:00.721, 295.39, 100, 74232, 70
2026/07/29 19:24:01.757, 296.26, 100, 74232, 70
2026/07/29 19:24:02.794, 302.17, 100, 74232, 70
2026/07/29 19:24:03.832, 297.62, 100, 74232, 70
2026/07/29 19:24:04.872, 303.83, 100, 74232, 70
2026/07/29 19:24:05.909, 295.98, 100, 74232, 70
2026/07/29 19:24:06.947, 297.26, 100, 74232, 70
2026/07/29 19:24:07.984, 307.77, 100, 74232, 70
2026/07/29 19:24:09.021, 300.09, 100, 74232, 70
2026/07/29 19:24:10.057, 296.28, 100, 74232, 70
2026/07/29 19:24:11.094, 300.17, 100, 74232, 70
2026/07/29 19:24:12.132, 292.88, 100, 74232, 70
2026/07/29 19:24:13.169, 297.26, 100, 74232, 70
2026/07/29 19:24:14.205, 305.10, 100, 74232, 70
2026/07/29 19:24:15.243, 299.46, 100, 74232, 70
2026/07/29 19:24:16.280, 295.60, 100, 74232, 70
2026/07/29 19:24:17.316, 310.08, 100, 74232, 70
2026/07/29 19:24:18.358, 297.45, 100, 74232, 70
2026/07/29 19:24:19.397, 296.86, 100, 74232, 70
2026/07/29 19:24:20.435, 303.84, 100, 74232, 70
2026/07/29 19:24:21.474, 299.47, 100, 74232, 70
2026/07/29 19:24:22.511, 302.01, 100, 74232, 70
2026/07/29 19:24:23.554, 293.84, 100, 74232, 70
2026/07/29 19:24:24.592, 295.02, 100, 74232, 70
2026/07/29 19:24:25.629, 292.96, 100, 74232, 70
2026/07/29 19:24:26.666, 296.86, 100, 74232, 70
2026/07/29 19:24:27.702, 298.62, 100, 74232, 70
2026/07/29 19:24:28.739, 291.69, 100, 74232, 70
2026/07/29 19:24:29.776, 304.53, 100, 74232, 70
2026/07/29 19:24:30.813, 304.21, 100, 74232, 70
2026/07/29 19:24:31.850, 305.62, 100, 74232, 70
2026/07/29 19:24:32.887, 104.33, 68, 74232, 73
2026/07/29 19:24:34.000, 302.06, 100, 74232, 72
2026/07/29 19:24:35.033, 294.35, 100, 74232, 72
2026/07/29 19:24:36.069, 301.58, 100, 74232, 72
2026/07/29 19:24:37.111, 281.21, 100, 74232, 72
2026/07/29 19:24:38.147, 289.04, 100, 74232, 72
2026/07/29 19:24:39.183, 273.13, 100, 74232, 72
2026/07/29 19:24:40.219, 303.48, 100, 74232, 70
2026/07/29 19:24:41.256, 304.61, 100, 74232, 70
2026/07/29 19:24:42.294, 304.83, 100, 74232, 70
2026/07/29 19:24:43.331, 302.60, 100, 74232, 70
2026/07/29 19:24:44.368, 301.19, 100, 74232, 72
2026/07/29 19:24:45.403, 298.04, 100, 74232, 72
2026/07/29 19:24:46.437, 310.48, 100, 74232, 72
2026/07/29 19:24:47.479, 290.56, 100, 74232, 72
2026/07/29 19:24:48.513, 286.90, 100, 74232, 72
2026/07/29 19:24:49.547, 264.08, 100, 74232, 72
2026/07/29 19:24:50.580, 315.96, 100, 74232, 73
2026/07/29 19:24:51.615, 303.84, 100, 74232, 71
2026/07/29 19:24:52.652, 304.42, 100, 74232, 71
2026/07/29 19:24:53.693, 305.90, 100, 74232, 71
2026/07/29 19:24:54.731, 303.55, 100, 74232, 71
2026/07/29 19:24:55.773, 294.92, 100, 74232, 71
2026/07/29 19:24:56.810, 286.64, 100, 74232, 71
2026/07/29 19:24:57.847, 288.02, 100, 74232, 71
2026/07/29 19:24:58.884, 294.81, 100, 74232, 71
2026/07/29 19:24:59.921, 301.63, 100, 74232, 71
2026/07/29 19:25:00.958, 297.15, 100, 74232, 71
2026/07/29 19:25:01.994, 298.50, 100, 74232, 71
2026/07/29 19:25:03.032, 299.29, 100, 74232, 71
2026/07/29 19:25:04.068, 295.59, 100, 74232, 71
2026/07/29 19:25:05.105, 297.25, 100, 74232, 71
2026/07/29 19:25:06.142, 297.33, 100, 74232, 71
2026/07/29 19:25:07.180, 299.09, 100, 74232, 71
2026/07/29 19:25:08.215, 295.40, 100, 74232, 71
2026/07/29 19:25:09.252, 298.02, 100, 74232, 71
2026/07/29 19:25:10.288, 298.51, 100, 74232, 71
2026/07/29 19:25:11.325, 305.60, 100, 74232, 71
2026/07/29 19:25:12.366, 304.41, 100, 74232, 71
2026/07/29 19:25:13.402, 300.55, 100, 74232, 71
2026/07/29 19:25:14.440, 299.09, 100, 74232, 71
2026/07/29 19:25:15.477, 295.99, 100, 74232, 71
2026/07/29 19:25:16.515, 301.50, 100, 74232, 71
2026/07/29 19:25:17.552, 294.52, 100, 74232, 71
2026/07/29 19:25:18.588, 299.89, 100, 74232, 71
2026/07/29 19:25:19.624, 294.61, 100, 74232, 71
2026/07/29 19:25:20.662, 296.37, 100, 74232, 71
2026/07/29 19:25:21.699, 304.32, 100, 74232, 71
2026/07/29 19:25:22.736, 305.50, 100, 74232, 71
2026/07/29 19:25:23.776, 304.99, 100, 74232, 71
2026/07/29 19:25:24.814, 295.96, 100, 74232, 71
2026/07/29 19:25:25.852, 299.36, 100, 74232, 70
2026/07/29 19:25:26.890, 297.43, 100, 74232, 70
2026/07/29 19:25:27.927, 299.38, 100, 74232, 70
2026/07/29 19:25:28.964, 291.40, 100, 74232, 70
2026/07/29 19:25:30.000, 297.34, 100, 74232, 70
2026/07/29 19:25:31.039, 293.15, 100, 74232, 70
2026/07/29 19:25:32.075, 298.13, 100, 74232, 70
2026/07/29 19:25:33.111, 295.69, 100, 74232, 70
2026/07/29 19:25:34.147, 295.98, 100, 74232, 70
2026/07/29 19:25:35.185, 297.52, 100, 74232, 70
2026/07/29 19:25:36.224, 298.42, 100, 74232, 70
2026/07/29 19:25:37.261, 304.44, 100, 74232, 70
2026/07/29 19:25:38.297, 295.49, 100, 74232, 70
2026/07/29 19:25:39.334, 297.24, 100, 74232, 70
2026/07/29 19:25:40.371, 298.41, 100, 74232, 70
2026/07/29 19:25:41.408, 298.61, 100, 74232, 70
2026/07/29 19:25:42.445, 294.34, 100, 74232, 70
2026/07/29 19:25:43.482, 296.85, 100, 74232, 70
2026/07/29 19:25:44.517, 296.26, 100, 74232, 70
2026/07/29 19:25:45.554, 298.42, 100, 74232, 70
2026/07/29 19:25:46.591, 95.78, 100, 74232, 72
2026/07/29 19:25:47.626, 296.64, 100, 74232, 70
2026/07/29 19:25:48.665, 300.95, 100, 74232, 70
2026/07/29 19:25:49.703, 301.99, 100, 74232, 70
2026/07/29 19:25:50.742, 297.43, 100, 74232, 70
2026/07/29 19:25:51.780, 303.15, 100, 74232, 70
2026/07/29 19:25:52.816, 295.90, 100, 74232, 70
2026/07/29 19:25:53.854, 306.91, 100, 74232, 70
2026/07/29 19:25:54.892, 292.09, 100, 74232, 70
2026/07/29 19:25:55.928, 301.40, 100, 74232, 70
2026/07/29 19:25:56.964, 296.35, 100, 74232, 70
2026/07/29 19:25:58.000, 294.22, 100, 74232, 70
2026/07/29 19:25:59.035, 303.26, 100, 74232, 70
2026/07/29 19:26:00.072, 302.88, 100, 74232, 70
2026/07/29 19:26:01.109, 296.46, 100, 74232, 70
2026/07/29 19:26:02.149, 304.14, 100, 74232, 70
2026/07/29 19:26:03.187, 285.97, 100, 74232, 70
2026/07/29 19:26:04.225, 302.01, 100, 74232, 70
2026/07/29 19:26:05.263, 292.08, 100, 74232, 70
2026/07/29 19:26:06.300, 293.84, 100, 74232, 70
2026/07/29 19:26:07.338, 299.58, 100, 74232, 70
2026/07/29 19:26:08.376, 301.52, 100, 74232, 70
2026/07/29 19:26:09.415, 291.21, 100, 74232, 70
2026/07/29 19:26:10.452, 291.23, 100, 74232, 70
2026/07/29 19:26:11.491, 299.19, 100, 74232, 70
2026/07/29 19:26:12.528, 303.46, 100, 74232, 70
2026/07/29 19:26:13.568, 304.40, 100, 74232, 70
2026/07/29 19:26:14.605, 303.16, 100, 74232, 70
2026/07/29 19:26:15.645, 300.05, 100, 74232, 70
2026/07/29 19:26:16.682, 300.95, 100, 74232, 70
2026/07/29 19:26:17.721, 299.37, 100, 74232, 70
2026/07/29 19:26:18.759, 301.83, 100, 74232, 71
2026/07/29 19:26:19.797, 302.79, 100, 74232, 71
2026/07/29 19:26:20.835, 302.89, 100, 74232, 71
2026/07/29 19:26:21.873, 304.81, 100, 74232, 71
2026/07/29 19:26:22.910, 305.26, 100, 74232, 71
2026/07/29 19:26:23.948, 303.05, 100, 74232, 71
2026/07/29 19:26:24.985, 296.57, 100, 74232, 70
2026/07/29 19:26:26.024, 299.28, 100, 74232, 71
2026/07/29 19:26:27.062, 302.28, 100, 74232, 71
2026/07/29 19:26:28.102, 299.09, 100, 74232, 71
2026/07/29 19:26:29.140, 290.42, 100, 74232, 70
2026/07/29 19:26:30.178, 295.39, 100, 74232, 70
2026/07/29 19:26:31.216, 302.02, 100, 74232, 70
2026/07/29 19:26:32.254, 302.58, 100, 74232, 71
2026/07/29 19:26:33.292, 297.15, 100, 74232, 70
2026/07/29 19:26:34.330, 302.47, 100, 74232, 70
2026/07/29 19:26:35.370, 305.70, 100, 74232, 70
2026/07/29 19:26:36.408, 295.80, 100, 74232, 70
2026/07/29 19:26:37.445, 292.97, 100, 74232, 70
2026/07/29 19:26:38.483, 303.94, 100, 74232, 70
2026/07/29 19:26:39.520, 302.77, 100, 74232, 70
2026/07/29 19:26:40.560, 300.17, 100, 74232, 70
2026/07/29 19:26:41.597, 292.21, 100, 74232, 70
2026/07/29 19:26:42.635, 292.78, 100, 74232, 70
2026/07/29 19:26:43.673, 292.78, 100, 74232, 70
2026/07/29 19:26:44.711, 294.51, 100, 74232, 70
2026/07/29 19:26:45.749, 295.20, 100, 74232, 70
2026/07/29 19:26:46.786, 296.44, 100, 74232, 70
2026/07/29 19:26:47.824, 297.34, 100, 74232, 70
2026/07/29 19:26:48.866, 295.78, 100, 74232, 70
2026/07/29 19:26:49.903, 296.94, 100, 74232, 70
2026/07/29 19:26:50.941, 301.21, 100, 74232, 70
2026/07/29 19:26:51.980, 301.31, 100, 74232, 70
2026/07/29 19:26:53.017, 302.88, 100, 74232, 70
2026/07/29 19:26:54.055, 294.62, 100, 74232, 70
2026/07/29 19:26:55.093, 311.98, 100, 74232, 70
2026/07/29 19:26:56.131, 294.73, 100, 74232, 70
2026/07/29 19:26:57.171, 300.53, 100, 74232, 70
2026/07/29 19:26:58.214, 295.97, 100, 74232, 70
2026/07/29 19:26:59.254, 291.43, 100, 74232, 70
2026/07/29 19:27:00.293, 290.04, 100, 74232, 70
2026/07/29 19:27:01.333, 295.60, 100, 74232, 70
2026/07/29 19:27:02.371, 300.93, 100, 74232, 70
2026/07/29 19:27:03.410, 302.69, 100, 74232, 70
2026/07/29 19:27:04.448, 293.85, 100, 74232, 70
2026/07/29 19:27:05.486, 300.86, 100, 74232, 70
2026/07/29 19:27:06.527, 302.67, 100, 74232, 70
2026/07/29 19:27:07.564, 301.50, 100, 74232, 70
2026/07/29 19:27:08.601, 303.74, 100, 74232, 70
2026/07/29 19:27:09.638, 304.56, 100, 74232, 70
2026/07/29 19:27:10.675, 297.52, 100, 74232, 70
2026/07/29 19:27:11.713, 296.45, 100, 74232, 70
2026/07/29 19:27:12.752, 304.36, 100, 74232, 70
2026/07/29 19:27:13.791, 303.98, 100, 74232, 70
2026/07/29 19:27:14.828, 302.20, 100, 74232, 70
2026/07/29 19:27:15.865, 302.58, 100, 74232, 70
2026/07/29 19:27:16.902, 296.38, 100, 74232, 70
2026/07/29 19:27:17.939, 303.18, 100, 74232, 70
2026/07/29 19:27:18.975, 296.85, 100, 74232, 70
2026/07/29 19:27:20.015, 297.45, 100, 74232, 70
2026/07/29 19:27:21.052, 303.67, 100, 74232, 70
2026/07/29 19:27:22.091, 301.62, 100, 74232, 70
2026/07/29 19:27:23.128, 305.99, 100, 74232, 68
2026/07/29 19:27:24.164, 298.86, 100, 74232, 72
2026/07/29 19:27:25.202, 301.45, 100, 74232, 72
2026/07/29 19:27:26.237, 320.10, 100, 74232, 72
2026/07/29 19:27:27.270, 315.74, 100, 74232, 72
2026/07/29 19:27:28.305, 300.23, 100, 74232, 72
2026/07/29 19:27:29.340, 302.86, 100, 74232, 70
2026/07/29 19:27:30.378, 300.56, 100, 74232, 70
2026/07/29 19:27:31.415, 298.30, 100, 74232, 70
2026/07/29 19:27:32.452, 289.38, 100, 74232, 70
2026/07/29 19:27:33.489, 287.02, 100, 74232, 70
2026/07/29 19:27:34.530, 289.84, 100, 74232, 70
2026/07/29 19:27:35.566, 297.82, 100, 74232, 72
2026/07/29 19:27:36.602, 293.75, 100, 74232, 72
2026/07/29 19:27:37.636, 293.37, 100, 74232, 72
2026/07/29 19:27:38.675, 319.57, 100, 74232, 72
2026/07/29 19:27:39.710, 293.54, 100, 74232, 72
2026/07/29 19:27:40.743, 307.04, 100, 74232, 72
2026/07/29 19:27:41.777, 285.57, 100, 74232, 70
2026/07/29 19:27:42.814, 290.82, 100, 74232, 70
2026/07/29 19:27:43.851, 298.12, 100, 74232, 70
2026/07/29 19:27:44.889, 287.71, 100, 74232, 70
2026/07/29 19:27:45.926, 297.72, 100, 74232, 71
2026/07/29 19:27:46.966, 297.63, 100, 74232, 71
2026/07/29 19:27:48.004, 295.79, 100, 74232, 71
2026/07/29 19:27:49.042, 296.86, 100, 74232, 71
2026/07/29 19:27:50.080, 305.42, 100, 74232, 71
2026/07/29 19:27:51.116, 301.51, 100, 74232, 71
2026/07/29 19:27:52.155, 298.61, 100, 74232, 71
2026/07/29 19:27:53.192, 295.38, 100, 74232, 71
2026/07/29 19:27:54.231, 302.18, 100, 74232, 71
2026/07/29 19:27:55.267, 305.52, 100, 74232, 71
2026/07/29 19:27:56.304, 97.25, 0, 74232, 68
2026/07/29 19:27:57.336, 297.23, 100, 74232, 72
2026/07/29 19:27:58.371, 300.43, 100, 74232, 72
2026/07/29 19:27:59.407, 303.05, 100, 74232, 72
2026/07/29 19:28:00.445, 296.55, 100, 74232, 72
2026/07/29 19:28:01.482, 312.16, 100, 74232, 72
2026/07/29 19:28:02.516, 289.42, 100, 74232, 72
2026/07/29 19:28:03.554, 302.66, 100, 74232, 71
2026/07/29 19:28:04.592, 296.66, 100, 74232, 71
2026/07/29 19:28:05.632, 298.70, 100, 74232, 71
2026/07/29 19:28:06.670, 290.15, 75, 74232, 72
2026/07/29 19:28:07.705, 296.93, 100, 74232, 72
2026/07/29 19:28:08.741, 289.34, 100, 74232, 72
2026/07/29 19:28:09.777, 310.66, 100, 74232, 73
2026/07/29 19:28:10.819, 282.44, 100, 74232, 73
2026/07/29 19:28:11.855, 275.03, 100, 74232, 72
2026/07/29 19:28:12.892, 302.60, 100, 74232, 71
2026/07/29 19:28:13.930, 291.98, 100, 74232, 71
2026/07/29 19:28:14.967, 293.93, 100, 74232, 71
2026/07/29 19:28:16.004, 298.49, 100, 74232, 71
2026/07/29 19:28:17.042, 291.55, 100, 74232, 71
2026/07/29 19:28:18.080, 297.25, 100, 74232, 71
2026/07/29 19:28:19.121, 297.35, 100, 74232, 71
2026/07/29 19:28:20.161, 298.70, 100, 74232, 71
2026/07/29 19:28:21.199, 297.73, 100, 74232, 71
2026/07/29 19:28:22.244, 302.25, 100, 74232, 71
2026/07/29 19:28:23.282, 298.71, 100, 74232, 71
2026/07/29 19:28:24.320, 296.76, 100, 74232, 71
2026/07/29 19:28:25.358, 301.20, 100, 74232, 71
2026/07/29 19:28:26.396, 299.09, 100, 74232, 71
2026/07/29 19:28:27.440, 296.47, 100, 74232, 71
2026/07/29 19:28:28.478, 301.82, 100, 74232, 71
2026/07/29 19:28:29.515, 96.36, 0, 74232, 68
2026/07/29 19:28:30.548, 284.78, 100, 74232, 72
2026/07/29 19:28:31.586, 297.88, 100, 74232, 72
2026/07/29 19:28:32.626, 284.56, 100, 74232, 72
2026/07/29 19:28:33.661, 276.24, 100, 74232, 72
2026/07/29 19:28:34.696, 261.02, 100, 74232, 72
2026/07/29 19:28:35.731, 304.21, 100, 74232, 72
2026/07/29 19:28:36.768, 302.12, 100, 74232, 71
2026/07/29 19:28:37.806, 298.32, 100, 74232, 70
2026/07/29 19:28:38.844, 299.08, 100, 74232, 70
2026/07/29 19:28:39.882, 289.94, 100, 74232, 71
2026/07/29 19:28:40.920, 96.41, 0, 74232, 67
2026/07/29 19:28:41.953, 306.47, 100, 74232, 72
2026/07/29 19:28:42.988, 302.85, 100, 74232, 72
2026/07/29 19:28:44.024, 302.20, 100, 74232, 72
2026/07/29 19:28:45.066, 292.11, 100, 74232, 72
2026/07/29 19:28:46.101, 300.14, 100, 74232, 72
2026/07/29 19:28:47.136, 297.64, 100, 74232, 72
2026/07/29 19:28:48.172, 304.91, 100, 74232, 71
2026/07/29 19:28:49.210, 300.44, 100, 74232, 71
2026/07/29 19:28:50.253, 305.09, 100, 74232, 71
2026/07/29 19:28:51.290, 304.70, 100, 74232, 71
2026/07/29 19:28:52.328, 96.53, 0, 74232, 68
2026/07/29 19:28:53.362, 298.63, 100, 74232, 72
2026/07/29 19:28:54.402, 283.30, 100, 74232, 72
2026/07/29 19:28:55.437, 306.23, 100, 74232, 73
2026/07/29 19:28:56.472, 303.30, 100, 74232, 73
2026/07/29 19:28:57.511, 300.95, 100, 74232, 73
2026/07/29 19:28:58.546, 312.42, 100, 74232, 72
2026/07/29 19:28:59.582, 305.37, 100, 74232, 71
2026/07/29 19:29:00.749, 305.30, 100, 74232, 71
2026/07/29 19:29:01.787, 299.30, 100, 74232, 71
2026/07/29 19:29:02.823, 295.94, 100, 74232, 71
2026/07/29 19:29:03.868, 290.16, 100, 74232, 71
2026/07/29 19:29:04.906, 299.38, 100, 74232, 71
2026/07/29 19:29:05.942, 295.77, 100, 74232, 71
2026/07/29 19:29:06.983, 292.67, 100, 74232, 71
2026/07/29 19:29:08.020, 287.72, 100, 74232, 71
2026/07/29 19:29:09.057, 292.49, 100, 74232, 71
2026/07/29 19:29:10.093, 298.02, 100, 74232, 71
2026/07/29 19:29:11.132, 297.34, 100, 74232, 71
2026/07/29 19:29:12.168, 295.89, 100, 74232, 71
2026/07/29 19:29:13.206, 295.58, 100, 74232, 71
2026/07/29 19:29:14.246, 295.70, 100, 74232, 71
2026/07/29 19:29:15.282, 305.58, 100, 74232, 71
2026/07/29 19:29:16.320, 293.88, 100, 74232, 71
2026/07/29 19:29:17.356, 295.59, 77, 74232, 72
2026/07/29 19:29:18.392, 284.97, 100, 74232, 72
2026/07/29 19:29:19.426, 297.82, 100, 74232, 73
2026/07/29 19:29:20.461, 307.88, 100, 74232, 73
2026/07/29 19:29:21.497, 307.30, 100, 74232, 73
2026/07/29 19:29:22.531, 283.80, 100, 74232, 73
2026/07/29 19:29:23.565, 278.73, 100, 74232, 73
2026/07/29 19:29:24.602, 303.73, 100, 74232, 71
2026/07/29 19:29:25.647, 289.35, 100, 74232, 71
2026/07/29 19:29:26.684, 294.25, 100, 74232, 71
2026/07/29 19:29:27.722, 291.79, 100, 74232, 71
2026/07/29 19:29:28.759, 288.89, 100, 74232, 71
2026/07/29 19:29:29.795, 298.49, 100, 74232, 71
2026/07/29 19:29:30.832, 296.02, 100, 74232, 73
2026/07/29 19:29:31.867, 292.74, 100, 74232, 73
2026/07/29 19:29:32.903, 295.52, 100, 74232, 73
2026/07/29 19:29:33.944, 278.21, 100, 74232, 73
2026/07/29 19:29:34.981, 270.28, 100, 74232, 73
2026/07/29 19:29:36.015, 310.78, 100, 74232, 73
2026/07/29 19:29:37.049, 299.19, 100, 74232, 73
2026/07/29 19:29:38.084, 290.91, 100, 74232, 71
2026/07/29 19:29:39.124, 292.78, 100, 74232, 71
2026/07/29 19:29:40.160, 291.80, 100, 74232, 71
2026/07/29 19:29:41.197, 285.09, 100, 74232, 71
2026/07/29 19:29:42.236, 291.11, 100, 74232, 71
2026/07/29 19:29:43.274, 292.21, 100, 74232, 71
2026/07/29 19:29:44.312, 294.80, 100, 74232, 71
2026/07/29 19:29:45.349, 288.20, 100, 74232, 71
2026/07/29 19:29:46.390, 291.21, 100, 74232, 71
2026/07/29 19:29:47.427, 295.68, 100, 74232, 71
2026/07/29 19:29:48.464, 295.33, 100, 74232, 71
2026/07/29 19:29:49.502, 303.97, 100, 74232, 71
2026/07/29 19:29:50.538, 304.91, 100, 74232, 71
2026/07/29 19:29:51.574, 297.24, 100, 74232, 71
2026/07/29 19:29:52.612, 291.13, 100, 74232, 71
2026/07/29 19:29:53.649, 152.06, 61, 74232, 69
2026/07/29 19:29:54.684, 295.52, 100, 74232, 72
2026/07/29 19:29:55.720, 303.73, 100, 74232, 71
2026/07/29 19:29:56.760, 302.57, 100, 74232, 71
2026/07/29 19:29:57.796, 289.44, 100, 74232, 71
2026/07/29 19:29:58.833, 303.35, 100, 74232, 71
2026/07/29 19:29:59.875, 303.67, 100, 74232, 71
2026/07/29 19:30:00.911, 296.78, 100, 74232, 71
2026/07/29 19:30:01.948, 295.80, 100, 74232, 71
2026/07/29 19:30:02.984, 299.83, 100, 74232, 71
2026/07/29 19:30:04.022, 304.03, 100, 74232, 71
2026/07/29 19:30:05.059, 300.04, 100, 74232, 71
2026/07/29 19:30:06.095, 302.50, 100, 74232, 71
2026/07/29 19:30:07.134, 302.70, 100, 74232, 71
2026/07/29 19:30:08.173, 295.79, 100, 74232, 71
2026/07/29 19:30:09.209, 296.28, 100, 74232, 71
2026/07/29 19:30:10.248, 291.91, 100, 74232, 71
2026/07/29 19:30:11.284, 304.65, 100, 74232, 71
2026/07/29 19:30:12.321, 302.59, 100, 74232, 71
2026/07/29 19:30:13.358, 305.14, 100, 74232, 71
2026/07/29 19:30:14.395, 304.54, 100, 74232, 71
2026/07/29 19:30:15.432, 303.29, 100, 74232, 71
2026/07/29 19:30:16.469, 305.66, 100, 74232, 71
2026/07/29 19:30:17.506, 302.81, 100, 74232, 71
2026/07/29 19:30:18.547, 303.54, 100, 74232, 71
2026/07/29 19:30:19.585, 294.81, 100, 74232, 71
2026/07/29 19:30:20.621, 292.86, 100, 74232, 70
2026/07/29 19:30:21.657, 300.62, 100, 74232, 70
2026/07/29 19:30:22.694, 298.61, 100, 74232, 70
2026/07/29 19:30:23.730, 295.78, 100, 74232, 70
2026/07/29 19:30:24.771, 302.10, 100, 74232, 70
2026/07/29 19:30:25.808, 300.57, 100, 74232, 70
2026/07/29 19:30:26.849, 301.32, 100, 74232, 70
2026/07/29 19:30:27.888, 303.17, 100, 74232, 70
2026/07/29 19:30:28.926, 304.62, 100, 74232, 70
2026/07/29 19:30:29.964, 301.03, 100, 74232, 70
2026/07/29 19:30:31.001, 302.59, 100, 74232, 70
2026/07/29 19:30:32.038, 304.32, 100, 74232, 70
2026/07/29 19:30:33.074, 303.45, 100, 74232, 70
2026/07/29 19:30:34.111, 300.47, 100, 74232, 70
2026/07/29 19:30:35.148, 300.17, 100, 74232, 70
2026/07/29 19:30:36.185, 302.48, 100, 74232, 70
2026/07/29 19:30:37.222, 303.66, 100, 74232, 70
2026/07/29 19:30:38.261, 295.09, 100, 74232, 70
2026/07/29 19:30:39.298, 296.08, 100, 74232, 70
2026/07/29 19:30:40.335, 296.16, 100, 74232, 70
2026/07/29 19:30:41.371, 299.58, 100, 74232, 70
2026/07/29 19:30:42.407, 296.94, 100, 74232, 70
2026/07/29 19:30:43.444, 297.46, 100, 74232, 70
2026/07/29 19:30:44.482, 302.67, 100, 74232, 70
2026/07/29 19:30:45.519, 307.23, 100, 74232, 70
2026/07/29 19:30:46.558, 296.36, 100, 74232, 70
2026/07/29 19:30:47.597, 290.63, 100, 74232, 70
2026/07/29 19:30:48.635, 296.08, 100, 74232, 70
2026/07/29 19:30:49.671, 297.33, 100, 74232, 70
2026/07/29 19:30:50.711, 299.28, 100, 74232, 70
2026/07/29 19:30:51.747, 302.00, 100, 74232, 70
2026/07/29 19:30:52.785, 302.48, 100, 74232, 70
2026/07/29 19:30:53.821, 304.72, 100, 74232, 70
2026/07/29 19:30:54.859, 302.78, 100, 74232, 70
2026/07/29 19:30:55.897, 302.22, 100, 74232, 70
2026/07/29 19:30:56.935, 302.60, 100, 74232, 70
2026/07/29 19:30:57.973, 302.12, 100, 74232, 70
2026/07/29 19:30:59.018, 301.81, 100, 74232, 70
2026/07/29 19:31:00.057, 301.88, 100, 74232, 70
2026/07/29 19:31:01.095, 303.46, 100, 74232, 70
2026/07/29 19:31:02.135, 301.80, 100, 74232, 70
2026/07/29 19:31:03.173, 301.72, 100, 74232, 70
2026/07/29 19:31:04.211, 301.90, 100, 74232, 70
2026/07/29 19:31:05.251, 291.40, 100, 74232, 70
2026/07/29 19:31:06.287, 295.59, 100, 74232, 70
2026/07/29 19:31:07.330, 294.53, 100, 74232, 70
2026/07/29 19:31:08.367, 293.44, 100, 74232, 70
2026/07/29 19:31:09.404, 300.26, 100, 74232, 70
2026/07/29 19:31:10.441, 300.73, 100, 74232, 70
2026/07/29 19:31:11.477, 299.48, 100, 74232, 70
2026/07/29 19:31:12.513, 300.36, 100, 74232, 70
2026/07/29 19:31:13.551, 302.70, 100, 74232, 70
2026/07/29 19:31:14.588, 290.83, 100, 74232, 70
2026/07/29 19:31:15.624, 288.21, 100, 74232, 70
2026/07/29 19:31:16.661, 294.73, 100, 74232, 70
2026/07/29 19:31:17.698, 293.93, 100, 74232, 70
2026/07/29 19:31:18.735, 299.10, 100, 74232, 70
2026/07/29 19:31:19.771, 299.57, 100, 74232, 70
2026/07/29 19:31:20.809, 293.53, 100, 74232, 70
2026/07/29 19:31:21.847, 295.77, 100, 74232, 70
2026/07/29 19:31:22.885, 291.48, 100, 74232, 70
2026/07/29 19:31:23.925, 292.09, 100, 74232, 70
2026/07/29 19:31:24.963, 291.45, 100, 74232, 70
2026/07/29 19:31:26.001, 291.42, 100, 74232, 70
2026/07/29 19:31:27.039, 288.12, 100, 74232, 70
2026/07/29 19:31:28.077, 302.67, 100, 74232, 70
2026/07/29 19:31:29.114, 302.38, 100, 74232, 70
2026/07/29 19:31:30.154, 298.60, 100, 74232, 70
2026/07/29 19:31:31.192, 301.43, 100, 74232, 70
2026/07/29 19:31:32.230, 302.39, 100, 74232, 70
2026/07/29 19:31:33.268, 302.20, 100, 74232, 70
2026/07/29 19:31:34.306, 300.85, 100, 74232, 70
2026/07/29 19:31:35.346, 303.08, 100, 74232, 70
2026/07/29 19:31:36.383, 303.77, 100, 74232, 70
2026/07/29 19:31:37.420, 301.81, 100, 74232, 70
2026/07/29 19:31:38.458, 302.01, 100, 74232, 70
2026/07/29 19:31:39.495, 301.82, 100, 74232, 70
2026/07/29 19:31:40.532, 302.18, 100, 74232, 70
2026/07/29 19:31:41.570, 294.63, 100, 74232, 70
2026/07/29 19:31:42.608, 302.19, 100, 74232, 70
2026/07/29 19:31:43.646, 297.05, 100, 74232, 70
2026/07/29 19:31:44.685, 295.68, 100, 74232, 71
2026/07/29 19:31:45.721, 276.33, 100, 74232, 72
2026/07/29 19:31:46.766, 295.69, 100, 74232, 71
2026/07/29 19:31:47.801, 308.92, 100, 74232, 71
2026/07/29 19:31:48.837, 302.98, 100, 74232, 71
2026/07/29 19:31:49.875, 256.81, 100, 74232, 71
2026/07/29 19:31:50.918, 302.67, 100, 74232, 70
2026/07/29 19:31:51.956, 303.82, 100, 74232, 70
2026/07/29 19:31:52.994, 301.04, 100, 74232, 70
2026/07/29 19:31:54.032, 303.63, 100, 74232, 70
2026/07/29 19:31:55.069, 94.45, 0, 74232, 67
2026/07/29 19:31:56.103, 268.71, 100, 74232, 71
2026/07/29 19:31:57.144, 293.95, 100, 74232, 72
2026/07/29 19:31:58.180, 292.41, 100, 74232, 72
2026/07/29 19:31:59.215, 294.72, 100, 74232, 72
2026/07/29 19:32:00.251, 296.48, 100, 74232, 71
2026/07/29 19:32:01.287, 301.40, 100, 74232, 72
2026/07/29 19:32:02.323, 303.47, 100, 74232, 70
2026/07/29 19:32:03.361, 303.86, 100, 74232, 70
2026/07/29 19:32:04.399, 297.36, 100, 74232, 70
2026/07/29 19:32:05.440, 299.85, 100, 74232, 70
2026/07/29 19:32:06.477, 95.89, 100, 74232, 68
2026/07/29 19:32:07.512, 300.17, 100, 74232, 72
2026/07/29 19:32:08.547, 299.18, 100, 74232, 72
2026/07/29 19:32:09.583, 283.86, 100, 74232, 72
2026/07/29 19:32:10.625, 280.86, 100, 74232, 72
2026/07/29 19:32:11.659, 303.57, 100, 74232, 72
2026/07/29 19:32:12.702, 282.17, 100, 74232, 72
2026/07/29 19:32:13.740, 306.95, 100, 74232, 71
2026/07/29 19:32:14.776, 304.69, 100, 74232, 71
2026/07/29 19:32:15.815, 304.05, 100, 74232, 71
2026/07/29 19:32:16.853, 301.41, 100, 74232, 71
2026/07/29 19:32:17.891, 304.03, 100, 74232, 71
2026/07/29 19:32:18.924, 298.31, 100, 74232, 72
2026/07/29 19:32:19.961, 290.23, 100, 74232, 72
2026/07/29 19:32:20.996, 289.86, 100, 74232, 72
2026/07/29 19:32:22.032, 301.40, 100, 74232, 72
2026/07/29 19:32:23.071, 304.49, 100, 74232, 72
2026/07/29 19:32:24.105, 287.02, 100, 74232, 72
2026/07/29 19:32:25.141, 285.26, 100, 74232, 71
2026/07/29 19:32:26.179, 289.76, 100, 74232, 71
2026/07/29 19:32:27.217, 291.59, 100, 74232, 71
2026/07/29 19:32:28.259, 300.35, 100, 74232, 71
2026/07/29 19:32:29.295, 297.34, 100, 74232, 71
2026/07/29 19:32:30.334, 298.71, 100, 74232, 71
2026/07/29 19:32:31.371, 299.28, 100, 74232, 71
2026/07/29 19:32:32.408, 296.37, 100, 74232, 71
2026/07/29 19:32:33.446, 298.49, 100, 74232, 71
2026/07/29 19:32:34.483, 295.28, 100, 74232, 71
2026/07/29 19:32:35.521, 294.32, 100, 74232, 71
2026/07/29 19:32:36.558, 298.21, 100, 74232, 71
2026/07/29 19:32:37.594, 301.71, 100, 74232, 71
2026/07/29 19:32:38.630, 294.82, 100, 74232, 71
2026/07/29 19:32:39.666, 297.44, 100, 74232, 71
2026/07/29 19:32:40.702, 295.10, 100, 74232, 71
2026/07/29 19:32:41.738, 299.38, 100, 74232, 71
2026/07/29 19:32:42.774, 296.54, 100, 74232, 71
2026/07/29 19:32:43.811, 298.23, 100, 74232, 71
2026/07/29 19:32:44.849, 306.31, 100, 74232, 71
2026/07/29 19:32:45.887, 299.26, 100, 74232, 71
2026/07/29 19:32:46.923, 305.10, 100, 74232, 71
2026/07/29 19:32:47.961, 293.75, 100, 74232, 71
2026/07/29 19:32:48.998, 301.53, 100, 74232, 71
2026/07/29 19:32:50.035, 297.83, 100, 74232, 71
2026/07/29 19:32:51.072, 298.51, 100, 74232, 71
2026/07/29 19:32:52.108, 302.29, 100, 74232, 71
2026/07/29 19:32:53.145, 304.26, 100, 74232, 71
2026/07/29 19:32:54.182, 305.91, 100, 74232, 71
2026/07/29 19:32:55.220, 304.26, 100, 74232, 71
2026/07/29 19:32:56.259, 296.36, 100, 74232, 71
2026/07/29 19:32:57.299, 298.42, 100, 74232, 71
2026/07/29 19:32:58.338, 298.39, 100, 74232, 71
2026/07/29 19:32:59.375, 303.77, 100, 74232, 71
2026/07/29 19:33:00.414, 297.75, 100, 74232, 70
2026/07/29 19:33:01.457, 294.42, 100, 74232, 70
2026/07/29 19:33:02.495, 298.03, 100, 74232, 70
2026/07/29 19:33:03.532, 296.95, 100, 74232, 70
2026/07/29 19:33:04.573, 295.97, 100, 74232, 70
2026/07/29 19:33:05.611, 299.09, 100, 74232, 70
2026/07/29 19:33:06.649, 304.95, 100, 74232, 70
2026/07/29 19:33:07.689, 295.78, 100, 74232, 70
2026/07/29 19:33:08.725, 295.67, 100, 74232, 70
2026/07/29 19:33:09.763, 297.05, 100, 74232, 70
2026/07/29 19:33:10.801, 293.26, 100, 74232, 70
2026/07/29 19:33:11.837, 303.73, 100, 74232, 70
2026/07/29 19:33:12.875, 303.46, 100, 74232, 70
2026/07/29 19:33:13.912, 304.64, 100, 74232, 70
2026/07/29 19:33:14.949, 299.77, 100, 74232, 70
2026/07/29 19:33:15.986, 294.89, 100, 74232, 70
2026/07/29 19:33:17.023, 304.64, 100, 74232, 70
2026/07/29 19:33:18.061, 296.29, 100, 74232, 70
2026/07/29 19:33:19.097, 302.10, 100, 74232, 70
2026/07/29 19:33:20.133, 296.66, 100, 74232, 70
2026/07/29 19:33:21.171, 293.07, 100, 74232, 70
2026/07/29 19:33:22.211, 293.66, 100, 74232, 70
2026/07/29 19:33:23.249, 297.22, 100, 74232, 70
2026/07/29 19:33:24.290, 297.08, 100, 74232, 70
2026/07/29 19:33:25.327, 296.37, 100, 74232, 70
2026/07/29 19:33:26.370, 296.08, 100, 74232, 70
2026/07/29 19:33:27.408, 304.99, 100, 74232, 70
2026/07/29 19:33:28.446, 298.50, 100, 74232, 70
2026/07/29 19:33:29.485, 299.55, 100, 74232, 70
2026/07/29 19:33:30.522, 304.72, 100, 74232, 70
2026/07/29 19:33:31.560, 294.52, 100, 74232, 70
2026/07/29 19:33:32.598, 298.11, 100, 74232, 70
2026/07/29 19:33:33.636, 299.68, 100, 74232, 70
2026/07/29 19:33:34.674, 300.46, 100, 74232, 70
2026/07/29 19:33:35.712, 289.06, 100, 74232, 70
2026/07/29 19:33:36.750, 299.88, 100, 74232, 70
2026/07/29 19:33:37.787, 298.81, 100, 74232, 70
2026/07/29 19:33:38.825, 294.23, 100, 74232, 70
2026/07/29 19:33:39.862, 293.94, 100, 74232, 70
2026/07/29 19:33:40.898, 294.61, 100, 74232, 70
2026/07/29 19:33:41.937, 294.33, 100, 74232, 70
2026/07/29 19:33:42.974, 297.55, 100, 74232, 70
2026/07/29 19:33:44.011, 295.50, 100, 74232, 70
2026/07/29 19:33:45.048, 296.47, 100, 74232, 70
2026/07/29 19:33:46.084, 304.07, 100, 74232, 70
2026/07/29 19:33:47.120, 297.73, 100, 74232, 70
2026/07/29 19:33:48.160, 295.59, 100, 74232, 70
2026/07/29 19:33:49.198, 295.11, 100, 74232, 70
2026/07/29 19:33:50.234, 298.02, 100, 74232, 70
2026/07/29 19:33:51.271, 291.42, 100, 74232, 70
2026/07/29 19:33:52.307, 292.10, 100, 74232, 70
2026/07/29 19:33:53.344, 291.71, 100, 74232, 70
2026/07/29 19:33:54.380, 297.44, 100, 74232, 70
2026/07/29 19:33:55.417, 297.26, 100, 74232, 70
2026/07/29 19:33:56.453, 298.32, 100, 74232, 70
2026/07/29 19:33:57.488, 302.86, 100, 74232, 70
2026/07/29 19:33:58.530, 304.71, 100, 74232, 70
2026/07/29 19:33:59.567, 304.84, 100, 74232, 70
2026/07/29 19:34:00.605, 301.73, 100, 74232, 70
2026/07/29 19:34:01.643, 303.77, 100, 74232, 70
2026/07/29 19:34:02.679, 304.16, 100, 74232, 70
2026/07/29 19:34:03.717, 299.48, 100, 74232, 70
2026/07/29 19:34:04.753, 299.78, 100, 74232, 70
2026/07/29 19:34:05.791, 297.82, 100, 74232, 70
2026/07/29 19:34:06.828, 303.65, 100, 74232, 70
2026/07/29 19:34:07.865, 298.21, 100, 74232, 70
2026/07/29 19:34:08.905, 296.94, 100, 74232, 70
2026/07/29 19:34:09.940, 297.35, 100, 74232, 70
2026/07/29 19:34:10.976, 301.50, 100, 74232, 70
2026/07/29 19:34:12.018, 303.86, 100, 74232, 70
2026/07/29 19:34:13.055, 297.66, 100, 74232, 70
2026/07/29 19:34:14.092, 305.11, 100, 74232, 70
2026/07/29 19:34:15.129, 303.38, 100, 74232, 70
2026/07/29 19:34:16.168, 304.32, 100, 74232, 70
2026/07/29 19:34:17.205, 297.13, 100, 74232, 70
2026/07/29 19:34:18.241, 304.63, 100, 74232, 70
2026/07/29 19:34:19.284, 297.52, 100, 74232, 70
2026/07/29 19:34:20.320, 292.67, 100, 74232, 70
2026/07/29 19:34:21.359, 297.62, 100, 74232, 70
2026/07/29 19:34:22.395, 298.23, 100, 74232, 70
2026/07/29 19:34:23.431, 294.52, 100, 74232, 70
2026/07/29 19:34:24.468, 296.27, 100, 74232, 70
2026/07/29 19:34:25.507, 301.21, 100, 74232, 70
2026/07/29 19:34:26.545, 297.16, 100, 74232, 70
2026/07/29 19:34:27.583, 298.00, 100, 74232, 70
2026/07/29 19:34:28.619, 296.08, 100, 74232, 70
2026/07/29 19:34:29.655, 297.25, 100, 74232, 70
2026/07/29 19:34:30.692, 297.06, 100, 74232, 70
2026/07/29 19:34:31.730, 300.35, 100, 74232, 70
2026/07/29 19:34:32.766, 301.10, 100, 74232, 70
2026/07/29 19:34:33.804, 295.97, 100, 74232, 70
2026/07/29 19:34:34.840, 296.94, 100, 74232, 70
2026/07/29 19:34:35.877, 293.15, 100, 74232, 70
2026/07/29 19:34:36.913, 301.60, 100, 74232, 70
2026/07/29 19:34:37.951, 303.00, 100, 74232, 70
2026/07/29 19:34:38.986, 301.42, 100, 74232, 70
2026/07/29 19:34:40.024, 294.32, 100, 74232, 70
2026/07/29 19:34:41.060, 301.89, 100, 74232, 70
2026/07/29 19:34:42.098, 299.28, 100, 74232, 70
2026/07/29 19:34:43.134, 300.82, 100, 74232, 70
2026/07/29 19:34:44.170, 304.42, 100, 74232, 70
2026/07/29 19:34:45.206, 292.68, 100, 74232, 70
2026/07/29 19:34:46.243, 296.36, 100, 74232, 70
2026/07/29 19:34:47.280, 297.74, 100, 74232, 70
2026/07/29 19:34:48.316, 303.74, 100, 74232, 70
2026/07/29 19:34:49.352, 304.53, 100, 74232, 70
2026/07/29 19:34:50.389, 293.24, 100, 74232, 70
2026/07/29 19:34:51.425, 302.28, 100, 74232, 70
2026/07/29 19:34:52.461, 296.28, 100, 74232, 70
2026/07/29 19:34:53.500, 297.46, 100, 74232, 70
2026/07/29 19:34:54.541, 297.06, 100, 74232, 70
2026/07/29 19:34:55.579, 294.11, 100, 74232, 70
2026/07/29 19:34:56.616, 296.37, 100, 74232, 70
2026/07/29 19:34:57.653, 299.79, 100, 74232, 70
2026/07/29 19:34:58.690, 308.09, 100, 74232, 70
2026/07/29 19:34:59.727, 295.01, 100, 74232, 70
2026/07/29 19:35:00.763, 295.22, 100, 74232, 70
2026/07/29 19:35:01.802, 295.97, 100, 74232, 70
2026/07/29 19:35:02.840, 292.86, 100, 74232, 70
2026/07/29 19:35:03.879, 299.87, 100, 74232, 70
2026/07/29 19:35:04.916, 297.07, 100, 74232, 70
2026/07/29 19:35:05.958, 294.61, 100, 74232, 70
2026/07/29 19:35:06.997, 296.56, 100, 74232, 70
2026/07/29 19:35:08.034, 302.96, 100, 74232, 70
2026/07/29 19:35:09.071, 300.84, 100, 74232, 70
2026/07/29 19:35:10.108, 300.94, 100, 74232, 70
2026/07/29 19:35:11.145, 293.46, 100, 74232, 70
2026/07/29 19:35:12.182, 304.36, 100, 74232, 70
2026/07/29 19:35:13.222, 301.53, 100, 74232, 70
2026/07/29 19:35:14.257, 303.45, 100, 74232, 70
2026/07/29 19:35:15.293, 294.23, 100, 74232, 70
2026/07/29 19:35:16.331, 302.48, 100, 74232, 70
2026/07/29 19:35:17.370, 299.68, 100, 74232, 70
2026/07/29 19:35:18.408, 293.54, 100, 74232, 70
2026/07/29 19:35:19.444, 302.99, 100, 74232, 70
2026/07/29 19:35:20.481, 304.24, 100, 74232, 70
2026/07/29 19:35:21.518, 298.21, 100, 74232, 70
2026/07/29 19:35:22.554, 292.19, 100, 74232, 70
2026/07/29 19:35:23.595, 302.89, 100, 74232, 70
2026/07/29 19:35:24.633, 304.31, 100, 74232, 70
2026/07/29 19:35:25.671, 298.19, 100, 74232, 70
2026/07/29 19:35:26.708, 299.17, 100, 74232, 70
2026/07/29 19:35:27.744, 302.47, 100, 74232, 70
2026/07/29 19:35:28.780, 293.84, 100, 74232, 70
2026/07/29 19:35:29.819, 296.66, 100, 74232, 70
2026/07/29 19:35:30.855, 297.34, 100, 74232, 70
2026/07/29 19:35:31.891, 304.93, 100, 74232, 70
2026/07/29 19:35:32.928, 298.02, 100, 74232, 70
2026/07/29 19:35:33.965, 300.43, 100, 74232, 70
2026/07/29 19:35:35.002, 297.23, 100, 74232, 70
2026/07/29 19:35:36.040, 300.56, 100, 74232, 70
2026/07/29 19:35:37.076, 304.26, 100, 74232, 70
2026/07/29 19:35:38.113, 301.23, 100, 74232, 70
2026/07/29 19:35:39.150, 300.92, 100, 74232, 70
2026/07/29 19:35:40.190, 302.18, 100, 74232, 70
2026/07/29 19:35:41.227, 304.13, 100, 74232, 70
2026/07/29 19:35:42.267, 300.52, 100, 74232, 70
2026/07/29 19:35:43.303, 297.72, 100, 74232, 70
2026/07/29 19:35:44.341, 295.29, 100, 74232, 70
2026/07/29 19:35:45.378, 287.43, 100, 74232, 70
2026/07/29 19:35:46.424, 299.28, 100, 74232, 70
2026/07/29 19:35:47.463, 301.42, 100, 74232, 70
2026/07/29 19:35:48.499, 301.60, 100, 74232, 70
2026/07/29 19:35:49.538, 298.63, 100, 74232, 70
2026/07/29 19:35:50.574, 302.29, 100, 74232, 70
2026/07/29 19:35:51.616, 303.72, 100, 74232, 70
2026/07/29 19:35:52.653, 296.07, 100, 74232, 70
2026/07/29 19:35:53.690, 300.35, 100, 74232, 70
2026/07/29 19:35:54.727, 297.55, 100, 74232, 70
2026/07/29 19:35:55.763, 305.14, 100, 74232, 70
2026/07/29 19:35:56.800, 298.00, 100, 74232, 70
2026/07/29 19:35:57.837, 303.06, 100, 74232, 70
2026/07/29 19:35:58.874, 302.85, 100, 74232, 70
2026/07/29 19:35:59.911, 304.05, 100, 74232, 70
2026/07/29 19:36:00.949, 304.65, 100, 74232, 70
2026/07/29 19:36:01.987, 304.70, 100, 74232, 70
2026/07/29 19:36:03.025, 305.05, 100, 74232, 70
2026/07/29 19:36:04.062, 295.50, 100, 74232, 70
2026/07/29 19:36:05.101, 297.61, 100, 74232, 70
2026/07/29 19:36:06.138, 294.91, 100, 74232, 70
2026/07/29 19:36:07.176, 303.83, 100, 74232, 70
2026/07/29 19:36:08.212, 293.95, 100, 74232, 70
2026/07/29 19:36:09.248, 304.31, 100, 74232, 70
2026/07/29 19:36:10.286, 305.59, 100, 74232, 70
2026/07/29 19:36:11.326, 294.91, 100, 74232, 70
2026/07/29 19:36:12.363, 294.21, 100, 74232, 70
2026/07/29 19:36:13.400, 300.25, 100, 74232, 70
2026/07/29 19:36:14.437, 301.12, 100, 74232, 70
2026/07/29 19:36:15.474, 300.73, 100, 74232, 70
2026/07/29 19:36:16.511, 305.14, 100, 74232, 70
2026/07/29 19:36:17.547, 301.98, 100, 74232, 70
2026/07/29 19:36:18.582, 304.23, 100, 74232, 70
2026/07/29 19:36:19.618, 295.89, 100, 74232, 70
2026/07/29 19:36:20.655, 297.62, 100, 74232, 70
2026/07/29 19:36:21.692, 297.67, 100, 74232, 70
2026/07/29 19:36:22.729, 298.53, 100, 74232, 70
2026/07/29 19:36:23.765, 291.30, 100, 74232, 70
2026/07/29 19:36:24.804, 296.94, 100, 74232, 70
2026/07/29 19:36:25.841, 297.62, 100, 74232, 70
2026/07/29 19:36:26.887, 303.34, 100, 74232, 70
2026/07/29 19:36:27.924, 305.58, 100, 74232, 70
2026/07/29 19:36:28.960, 299.06, 100, 74232, 70
2026/07/29 19:36:29.996, 301.59, 100, 74232, 70
2026/07/29 19:36:31.032, 303.87, 100, 74232, 70
2026/07/29 19:36:32.070, 298.21, 100, 74232, 70
2026/07/29 19:36:33.106, 296.66, 100, 74232, 70
2026/07/29 19:36:34.142, 298.01, 100, 74232, 70
2026/07/29 19:36:35.182, 292.40, 100, 74232, 70
2026/07/29 19:36:36.218, 296.85, 100, 74232, 70
2026/07/29 19:36:37.254, 299.96, 100, 74232, 70
2026/07/29 19:36:38.290, 300.16, 100, 74232, 70
2026/07/29 19:36:39.326, 303.97, 100, 74232, 70
2026/07/29 19:36:40.362, 303.96, 100, 74232, 70
2026/07/29 19:36:41.398, 305.03, 100, 74232, 70
2026/07/29 19:36:42.435, 307.42, 100, 74232, 70
2026/07/29 19:36:43.477, 298.33, 100, 74232, 70
2026/07/29 19:36:44.515, 289.37, 100, 74232, 70
2026/07/29 19:36:45.552, 295.49, 100, 74232, 70
2026/07/29 19:36:46.589, 301.22, 100, 74232, 70
2026/07/29 19:36:47.625, 297.54, 100, 74232, 70
2026/07/29 19:36:48.663, 297.45, 100, 74232, 70
2026/07/29 19:36:49.700, 297.54, 100, 74232, 70
2026/07/29 19:36:50.740, 297.34, 100, 74232, 70
2026/07/29 19:36:51.777, 293.26, 100, 74232, 70
2026/07/29 19:36:52.817, 296.07, 100, 74232, 70
2026/07/29 19:36:53.854, 300.57, 100, 74232, 70
2026/07/29 19:36:54.890, 301.80, 100, 74232, 70
2026/07/29 19:36:55.929, 304.37, 100, 74232, 70
2026/07/29 19:36:56.966, 304.99, 100, 74232, 70
2026/07/29 19:36:58.002, 289.65, 100, 74232, 70
2026/07/29 19:36:59.043, 294.32, 100, 74232, 70
2026/07/29 19:37:00.080, 299.28, 100, 74232, 70
2026/07/29 19:37:01.117, 297.26, 100, 74232, 70
2026/07/29 19:37:02.153, 299.37, 100, 74232, 70
2026/07/29 19:37:03.195, 298.12, 100, 74232, 70
2026/07/29 19:37:04.234, 297.16, 100, 74232, 70
2026/07/29 19:37:05.272, 300.27, 100, 74232, 70
2026/07/29 19:37:06.309, 300.07, 100, 74232, 70
2026/07/29 19:37:07.346, 294.24, 100, 74232, 70
2026/07/29 19:37:08.383, 294.23, 100, 74232, 70
2026/07/29 19:37:09.420, 296.27, 100, 74232, 70
2026/07/29 19:37:10.458, 294.91, 100, 74232, 70
2026/07/29 19:37:11.497, 295.50, 100, 74232, 70
2026/07/29 19:37:12.535, 293.45, 100, 74232, 70
2026/07/29 19:37:13.573, 295.98, 100, 74232, 70
2026/07/29 19:37:14.609, 293.74, 100, 74232, 70
2026/07/29 19:37:15.649, 298.20, 100, 74232, 70
2026/07/29 19:37:16.686, 308.01, 100, 74232, 70
2026/07/29 19:37:17.726, 309.46, 100, 74232, 70
2026/07/29 19:37:18.761, 205.64, 100, 74232, 68
2026/07/29 19:37:19.794, 304.33, 100, 74232, 71
2026/07/29 19:37:20.827, 299.77, 100, 74232, 71
2026/07/29 19:37:21.861, 299.12, 100, 74232, 71
2026/07/29 19:37:22.894, 303.86, 100, 74232, 71
2026/07/29 19:37:23.928, 295.14, 100, 74232, 71
2026/07/29 19:37:24.962, 299.00, 100, 74232, 71
2026/07/29 19:37:25.998, 305.04, 100, 74232, 70
2026/07/29 19:37:27.035, 300.81, 100, 74232, 70
2026/07/29 19:37:28.072, 303.64, 100, 74232, 70
2026/07/29 19:37:29.110, 299.08, 100, 74232, 70
2026/07/29 19:37:30.146, 303.95, 100, 74232, 70
2026/07/29 19:37:31.185, 300.96, 100, 74232, 70
2026/07/29 19:37:32.221, 296.27, 100, 74232, 70
2026/07/29 19:37:33.261, 303.66, 100, 74232, 70
2026/07/29 19:37:34.297, 299.48, 100, 74232, 70
2026/07/29 19:37:35.335, 303.64, 100, 74232, 70
2026/07/29 19:37:36.372, 298.39, 100, 74232, 70
2026/07/29 19:37:37.408, 292.78, 100, 74232, 70
2026/07/29 19:37:38.444, 296.46, 100, 74232, 70
2026/07/29 19:37:39.481, 296.67, 100, 74232, 70
2026/07/29 19:37:40.518, 306.17, 100, 74232, 70
2026/07/29 19:37:41.558, 296.64, 100, 74232, 70
2026/07/29 19:37:42.594, 304.11, 100, 74232, 70
2026/07/29 19:37:43.631, 303.86, 100, 74232, 70
2026/07/29 19:37:44.668, 294.63, 100, 74232, 70
2026/07/29 19:37:45.707, 303.65, 100, 74232, 70
2026/07/29 19:37:46.744, 298.13, 100, 74232, 70
2026/07/29 19:37:47.784, 301.98, 100, 74232, 70
2026/07/29 19:37:48.821, 303.55, 100, 74232, 70
2026/07/29 19:37:49.858, 296.94, 100, 74232, 70
2026/07/29 19:37:50.896, 294.04, 100, 74232, 70
2026/07/29 19:37:51.932, 298.61, 100, 74232, 70
2026/07/29 19:37:52.969, 298.02, 100, 74232, 70
2026/07/29 19:37:54.006, 294.24, 100, 74232, 70
2026/07/29 19:37:55.044, 299.50, 100, 74232, 70
2026/07/29 19:37:56.080, 297.44, 100, 74232, 70
2026/07/29 19:37:57.115, 293.18, 100, 74232, 70
2026/07/29 19:37:58.154, 296.95, 100, 74232, 70
2026/07/29 19:37:59.190, 296.87, 100, 74232, 70
2026/07/29 19:38:00.231, 303.97, 100, 74232, 70
2026/07/29 19:38:01.268, 302.61, 100, 74232, 70
2026/07/29 19:38:02.304, 305.53, 100, 74232, 70
2026/07/29 19:38:03.340, 298.30, 100, 74232, 70
2026/07/29 19:38:04.379, 300.53, 100, 74232, 70
2026/07/29 19:38:05.417, 302.09, 100, 74232, 70
2026/07/29 19:38:06.457, 304.13, 100, 74232, 70
2026/07/29 19:38:07.493, 299.39, 100, 74232, 70
2026/07/29 19:38:08.533, 305.58, 100, 74232, 70
2026/07/29 19:38:09.571, 297.93, 100, 74232, 70
2026/07/29 19:38:10.607, 293.35, 100, 74232, 70
2026/07/29 19:38:11.643, 297.05, 100, 74232, 70
2026/07/29 19:38:12.680, 297.83, 100, 74232, 70
2026/07/29 19:38:13.719, 300.07, 100, 74232, 70
2026/07/29 19:38:14.757, 295.70, 100, 74232, 70
2026/07/29 19:38:15.796, 298.32, 100, 74232, 70
2026/07/29 19:38:16.833, 298.50, 100, 74232, 70
2026/07/29 19:38:17.870, 296.56, 100, 74232, 70
2026/07/29 19:38:18.907, 305.11, 100, 74232, 70
2026/07/29 19:38:19.944, 294.52, 100, 74232, 70
2026/07/29 19:38:20.981, 295.21, 100, 74232, 70
2026/07/29 19:38:22.018, 303.58, 100, 74232, 71
2026/07/29 19:38:23.054, 304.14, 100, 74232, 70
2026/07/29 19:38:24.091, 309.41, 100, 74232, 71
2026/07/29 19:38:25.127, 304.70, 100, 74232, 71
2026/07/29 19:38:26.165, 305.87, 100, 74232, 70
2026/07/29 19:38:27.201, 299.11, 100, 74232, 71
2026/07/29 19:38:28.238, 296.63, 100, 74232, 70
2026/07/29 19:38:29.279, 298.13, 100, 74232, 70
2026/07/29 19:38:30.316, 297.92, 100, 74232, 70
2026/07/29 19:38:31.351, 297.74, 100, 74232, 70
2026/07/29 19:38:32.388, 304.26, 100, 74232, 71
2026/07/29 19:38:33.426, 298.39, 100, 74232, 70
2026/07/29 19:38:34.461, 295.11, 100, 74232, 70
2026/07/29 19:38:35.498, 298.39, 100, 74232, 70
2026/07/29 19:38:36.538, 298.89, 100, 74232, 70
2026/07/29 19:38:37.574, 293.93, 100, 74232, 70
2026/07/29 19:38:38.614, 295.01, 100, 74232, 70
2026/07/29 19:38:39.650, 302.59, 100, 74232, 70
2026/07/29 19:38:40.687, 298.21, 100, 74232, 70
2026/07/29 19:38:41.723, 296.47, 100, 74232, 70
2026/07/29 19:38:42.760, 294.81, 100, 74232, 70
2026/07/29 19:38:43.798, 293.74, 100, 74232, 70
2026/07/29 19:38:44.835, 302.23, 100, 74232, 71
2026/07/29 19:38:45.872, 297.92, 100, 74232, 70
2026/07/29 19:38:46.911, 303.96, 100, 74232, 71
2026/07/29 19:38:47.948, 297.63, 100, 74232, 71
2026/07/29 19:38:48.985, 291.39, 100, 74232, 70
2026/07/29 19:38:50.021, 297.25, 100, 74232, 70
2026/07/29 19:38:51.058, 303.35, 100, 74232, 71
2026/07/29 19:38:52.096, 304.82, 100, 74232, 71
2026/07/29 19:38:53.134, 295.48, 100, 74232, 70
2026/07/29 19:38:54.170, 294.42, 100, 74232, 70
2026/07/29 19:38:55.208, 297.35, 100, 74232, 70
2026/07/29 19:38:56.244, 295.21, 100, 74232, 70
2026/07/29 19:38:57.285, 296.06, 100, 74232, 71
2026/07/29 19:38:58.322, 296.57, 100, 74232, 70
2026/07/29 19:38:59.360, 297.43, 100, 74232, 70
2026/07/29 19:39:00.396, 296.80, 100, 74232, 70
2026/07/29 19:39:01.439, 309.80, 100, 74232, 70
2026/07/29 19:39:02.477, 304.03, 100, 74232, 70
2026/07/29 19:39:03.515, 302.60, 100, 74232, 70
2026/07/29 19:39:04.553, 305.28, 100, 74232, 70
2026/07/29 19:39:05.590, 300.83, 100, 74232, 70
2026/07/29 19:39:06.627, 293.85, 100, 74232, 70
2026/07/29 19:39:07.664, 298.02, 100, 74232, 70
2026/07/29 19:39:08.701, 305.88, 100, 74232, 70
2026/07/29 19:39:09.738, 301.51, 100, 74232, 70
2026/07/29 19:39:10.775, 298.10, 100, 74232, 70
2026/07/29 19:39:11.812, 297.25, 100, 74232, 70
2026/07/29 19:39:12.848, 297.74, 100, 74232, 70
2026/07/29 19:39:13.886, 295.20, 100, 74232, 70
2026/07/29 19:39:14.922, 301.53, 100, 74232, 70
2026/07/29 19:39:15.961, 301.80, 100, 74232, 70
2026/07/29 19:39:16.999, 304.61, 100, 74232, 70
2026/07/29 19:39:18.038, 298.40, 100, 74232, 70
2026/07/29 19:39:19.076, 295.40, 100, 74232, 70
2026/07/29 19:39:20.114, 304.32, 100, 74232, 70
2026/07/29 19:39:21.151, 308.10, 100, 74232, 70
2026/07/29 19:39:22.187, 298.51, 100, 74232, 70
2026/07/29 19:39:23.225, 301.92, 100, 74232, 70
2026/07/29 19:39:24.262, 304.02, 100, 74232, 70
2026/07/29 19:39:25.303, 297.74, 100, 74232, 70
2026/07/29 19:39:26.340, 298.53, 100, 74232, 70
2026/07/29 19:39:27.380, 298.11, 100, 74232, 70
2026/07/29 19:39:28.417, 295.28, 100, 74232, 70
2026/07/29 19:39:29.454, 296.77, 100, 74232, 70
2026/07/29 19:39:30.491, 297.45, 100, 74232, 70
2026/07/29 19:39:31.527, 297.92, 100, 74232, 70
2026/07/29 19:39:32.565, 294.81, 100, 74232, 70
2026/07/29 19:39:33.601, 296.96, 100, 74232, 70
2026/07/29 19:39:34.638, 297.15, 100, 74232, 70
2026/07/29 19:39:35.675, 297.74, 100, 74232, 70
2026/07/29 19:39:36.713, 294.83, 100, 74232, 70
2026/07/29 19:39:37.748, 297.24, 100, 74232, 70
2026/07/29 19:39:38.785, 301.11, 100, 74232, 70
2026/07/29 19:39:39.822, 294.99, 100, 74232, 70
2026/07/29 19:39:40.858, 301.62, 100, 74232, 70
2026/07/29 19:39:41.895, 304.73, 100, 74232, 70
2026/07/29 19:39:42.932, 304.18, 100, 74232, 70
2026/07/29 19:39:43.972, 292.08, 100, 74232, 70
2026/07/29 19:39:45.015, 296.57, 100, 74232, 70
2026/07/29 19:39:46.054, 296.26, 100, 74232, 70
2026/07/29 19:39:47.091, 293.07, 100, 74232, 70
2026/07/29 19:39:48.130, 292.68, 100, 74232, 70
2026/07/29 19:39:49.167, 295.39, 100, 74232, 70
2026/07/29 19:39:50.204, 296.75, 100, 74232, 70
2026/07/29 19:39:51.241, 292.19, 100, 74232, 70
2026/07/29 19:39:52.280, 292.29, 100, 74232, 70
2026/07/29 19:39:53.319, 295.90, 100, 74232, 70
2026/07/29 19:39:54.359, 296.27, 100, 74232, 70
2026/07/29 19:39:55.397, 291.04, 100, 74232, 70
2026/07/29 19:39:56.436, 292.96, 100, 74232, 70
2026/07/29 19:39:57.475, 302.28, 100, 74232, 70
2026/07/29 19:39:58.512, 294.02, 100, 74232, 70
2026/07/29 19:39:59.555, 296.17, 100, 74232, 70
2026/07/29 19:40:00.594, 297.34, 100, 74232, 70
2026/07/29 19:40:01.632, 294.22, 100, 74232, 70
2026/07/29 19:40:02.671, 297.92, 100, 74232, 70
2026/07/29 19:40:03.708, 298.04, 100, 74232, 70
2026/07/29 19:40:04.747, 303.95, 100, 74232, 70
2026/07/29 19:40:05.785, 304.46, 100, 74232, 70
2026/07/29 19:40:06.822, 301.32, 100, 74232, 70
2026/07/29 19:40:07.860, 299.79, 100, 74232, 70
2026/07/29 19:40:08.898, 302.66, 100, 74232, 70
2026/07/29 19:40:09.935, 307.81, 100, 74232, 70
2026/07/29 19:40:10.973, 301.22, 100, 74232, 70
2026/07/29 19:40:12.011, 293.36, 100, 74232, 70
2026/07/29 19:40:13.048, 297.52, 100, 74232, 70
2026/07/29 19:40:14.090, 300.57, 100, 74232, 70
2026/07/29 19:40:15.127, 301.88, 100, 74232, 70
2026/07/29 19:40:16.164, 301.11, 100, 74232, 70
2026/07/29 19:40:17.201, 303.05, 100, 74232, 70
2026/07/29 19:40:18.245, 302.12, 100, 74232, 70
2026/07/29 19:40:19.287, 304.22, 100, 74232, 70
2026/07/29 19:40:20.325, 304.14, 100, 74232, 70
2026/07/29 19:40:21.363, 301.50, 100, 74232, 70
2026/07/29 19:40:22.399, 301.22, 100, 74232, 70
2026/07/29 19:40:23.435, 303.38, 100, 74232, 70
2026/07/29 19:40:24.474, 304.56, 100, 74232, 70
2026/07/29 19:40:25.512, 292.17, 100, 74232, 70
2026/07/29 19:40:26.550, 300.06, 100, 74232, 70
2026/07/29 19:40:27.586, 294.91, 100, 74232, 70
2026/07/29 19:40:28.624, 297.52, 100, 74232, 70
2026/07/29 19:40:29.661, 295.60, 100, 74232, 70
2026/07/29 19:40:30.699, 297.26, 100, 74232, 70
2026/07/29 19:40:31.736, 297.42, 100, 74232, 70
2026/07/29 19:40:32.776, 302.71, 100, 74232, 70
2026/07/29 19:40:33.813, 302.39, 100, 74232, 70
2026/07/29 19:40:34.853, 295.01, 100, 74232, 70
2026/07/29 19:40:35.893, 303.26, 100, 74232, 70
2026/07/29 19:40:36.929, 304.08, 100, 74232, 70
2026/07/29 19:40:37.967, 301.04, 100, 74232, 70
2026/07/29 19:40:39.004, 298.31, 100, 74232, 70
2026/07/29 19:40:40.042, 302.30, 100, 74232, 70
2026/07/29 19:40:41.078, 303.07, 100, 74232, 70
2026/07/29 19:40:42.115, 303.45, 100, 74232, 70
2026/07/29 19:40:43.152, 304.23, 100, 74232, 70
2026/07/29 19:40:44.190, 296.56, 100, 74232, 70
2026/07/29 19:40:45.227, 307.53, 100, 74232, 70
2026/07/29 19:40:46.264, 301.89, 100, 74232, 70
2026/07/29 19:40:47.302, 299.49, 100, 74232, 70
2026/07/29 19:40:48.338, 303.74, 100, 74232, 70
2026/07/29 19:40:49.374, 304.14, 100, 74232, 70
2026/07/29 19:40:50.411, 299.17, 100, 74232, 70
2026/07/29 19:40:51.458, 297.24, 100, 74232, 70
2026/07/29 19:40:52.494, 295.97, 100, 74232, 70
2026/07/29 19:40:53.530, 296.76, 100, 74232, 70
2026/07/29 19:40:54.567, 292.19, 100, 74232, 70
2026/07/29 19:40:55.605, 302.13, 100, 74232, 70
2026/07/29 19:40:56.642, 297.45, 100, 74232, 70
2026/07/29 19:40:57.680, 296.55, 100, 74232, 70
2026/07/29 19:40:58.718, 297.06, 100, 74232, 70
2026/07/29 19:40:59.756, 297.24, 100, 74232, 70
2026/07/29 19:41:00.793, 300.38, 100, 74232, 70
2026/07/29 19:41:01.829, 301.80, 100, 74232, 70
2026/07/29 19:41:02.867, 293.93, 100, 74232, 70
2026/07/29 19:41:03.903, 302.40, 100, 74232, 70
2026/07/29 19:41:04.941, 296.85, 100, 74232, 70
2026/07/29 19:41:05.977, 303.64, 100, 74232, 70
2026/07/29 19:41:07.014, 304.72, 100, 74232, 70
2026/07/29 19:41:08.051, 300.05, 100, 74232, 70
2026/07/29 19:41:09.087, 302.48, 100, 74232, 70
2026/07/29 19:41:10.125, 302.86, 100, 74232, 70
2026/07/29 19:41:11.163, 303.55, 100, 74232, 70
2026/07/29 19:41:12.199, 303.97, 100, 74232, 70
2026/07/29 19:41:13.237, 296.57, 100, 74232, 70
2026/07/29 19:41:14.273, 298.80, 100, 74232, 70
2026/07/29 19:41:15.310, 299.38, 100, 74232, 70
2026/07/29 19:41:16.346, 293.15, 100, 74232, 70
2026/07/29 19:41:17.382, 296.65, 100, 74232, 70
2026/07/29 19:41:18.419, 296.56, 100, 74232, 70
2026/07/29 19:41:19.458, 295.20, 100, 74232, 70
2026/07/29 19:41:20.495, 303.94, 100, 74232, 70
2026/07/29 19:41:21.534, 300.93, 100, 74232, 70
2026/07/29 19:41:22.571, 293.55, 100, 74232, 70
2026/07/29 19:41:23.611, 295.19, 100, 74232, 70
2026/07/29 19:41:24.649, 296.85, 100, 74232, 70
2026/07/29 19:41:25.686, 297.33, 100, 74232, 70
2026/07/29 19:41:26.723, 296.86, 100, 74232, 70
2026/07/29 19:41:27.759, 297.54, 100, 74232, 70
2026/07/29 19:41:28.796, 292.78, 100, 74232, 70
2026/07/29 19:41:29.834, 304.42, 100, 74232, 70
2026/07/29 19:41:30.874, 300.12, 100, 74232, 70
2026/07/29 19:41:31.912, 302.09, 100, 74232, 70
2026/07/29 19:41:32.950, 302.37, 100, 74232, 70
2026/07/29 19:41:33.987, 298.01, 100, 74232, 70
2026/07/29 19:41:35.027, 304.32, 100, 74232, 70
2026/07/29 19:41:36.064, 303.55, 100, 74232, 70
2026/07/29 19:41:37.102, 303.95, 100, 74232, 70
2026/07/29 19:41:38.148, 300.85, 100, 74232, 70
2026/07/29 19:41:39.187, 300.16, 100, 74232, 70
2026/07/29 19:41:40.225, 295.02, 100, 74232, 70
2026/07/29 19:41:41.263, 293.16, 100, 74232, 70
2026/07/29 19:41:42.301, 296.08, 100, 74232, 70
2026/07/29 19:41:43.341, 297.44, 100, 74232, 70
2026/07/29 19:41:44.379, 299.79, 100, 74232, 70
2026/07/29 19:41:45.418, 295.70, 100, 74232, 70
2026/07/29 19:41:46.456, 298.70, 100, 74232, 70
2026/07/29 19:41:47.494, 302.85, 100, 74232, 70
2026/07/29 19:41:48.532, 303.07, 100, 74232, 70
2026/07/29 19:41:49.570, 296.57, 100, 74232, 70
2026/07/29 19:41:50.610, 304.16, 100, 74232, 70
2026/07/29 19:41:51.647, 297.65, 100, 74232, 70
2026/07/29 19:41:52.685, 305.09, 100, 74232, 70
2026/07/29 19:41:53.722, 303.37, 100, 74232, 70
2026/07/29 19:41:54.762, 303.00, 100, 74232, 70
2026/07/29 19:41:55.800, 300.85, 100, 74232, 70
2026/07/29 19:41:56.838, 298.31, 100, 74232, 70
2026/07/29 19:41:57.875, 295.01, 100, 74232, 70
2026/07/29 19:41:58.915, 295.50, 100, 74232, 70
2026/07/29 19:41:59.953, 292.85, 100, 74232, 70
2026/07/29 19:42:00.992, 302.99, 100, 74232, 70
2026/07/29 19:42:02.031, 304.31, 100, 74232, 70
2026/07/29 19:42:03.068, 298.60, 100, 74232, 70
2026/07/29 19:42:04.106, 303.47, 100, 74232, 70
2026/07/29 19:42:05.146, 298.72, 100, 74232, 70
2026/07/29 19:42:06.183, 303.67, 100, 74232, 70
2026/07/29 19:42:07.221, 292.48, 100, 74232, 70
2026/07/29 19:42:08.259, 297.53, 100, 74232, 70
2026/07/29 19:42:09.299, 296.17, 100, 74232, 70
2026/07/29 19:42:10.336, 296.95, 100, 74232, 70
2026/07/29 19:42:11.374, 304.94, 100, 74232, 70
2026/07/29 19:42:12.412, 302.49, 100, 74232, 70
2026/07/29 19:42:13.449, 294.24, 100, 74232, 70
2026/07/29 19:42:14.487, 294.32, 100, 74232, 70
2026/07/29 19:42:15.525, 303.74, 100, 74232, 70
2026/07/29 19:42:16.563, 293.74, 100, 74232, 70
2026/07/29 19:42:17.601, 304.02, 100, 74232, 70
2026/07/29 19:42:18.641, 297.13, 100, 74232, 70
2026/07/29 19:42:19.679, 94.83, 0, 74232, 67
2026/07/29 19:42:20.712, 306.25, 100, 74232, 71
2026/07/29 19:42:21.748, 298.82, 100, 74232, 71
2026/07/29 19:42:22.784, 292.23, 100, 74232, 72
2026/07/29 19:42:23.820, 286.02, 100, 74232, 72
2026/07/29 19:42:24.861, 289.36, 100, 74232, 71
2026/07/29 19:42:25.898, 298.95, 100, 74232, 71
2026/07/29 19:42:26.935, 300.71, 100, 74232, 70
2026/07/29 19:42:27.972, 303.93, 100, 74232, 70
2026/07/29 19:42:29.010, 299.56, 100, 74232, 70
2026/07/29 19:42:30.047, 303.15, 100, 74232, 70
2026/07/29 19:42:31.086, 298.41, 100, 74232, 70
2026/07/29 19:42:32.124, 299.63, 100, 74232, 70
2026/07/29 19:42:33.163, 303.78, 100, 74232, 70
2026/07/29 19:42:34.202, 303.53, 100, 74232, 70
2026/07/29 19:42:35.240, 304.56, 100, 74232, 70
2026/07/29 19:42:36.278, 303.38, 100, 74232, 70
2026/07/29 19:42:37.316, 299.48, 100, 74232, 70
2026/07/29 19:42:38.354, 304.95, 100, 74232, 70
2026/07/29 19:42:39.394, 302.67, 100, 74232, 70
2026/07/29 19:42:40.431, 295.87, 100, 74232, 70
2026/07/29 19:42:41.469, 304.37, 100, 74232, 70
2026/07/29 19:42:42.510, 301.70, 100, 74232, 70
2026/07/29 19:42:43.549, 298.98, 100, 74232, 70
2026/07/29 19:42:44.586, 308.44, 100, 74232, 70
2026/07/29 19:42:45.627, 304.55, 100, 74232, 70
2026/07/29 19:42:46.664, 297.32, 100, 74232, 70
2026/07/29 19:42:47.701, 294.51, 100, 74232, 70
2026/07/29 19:42:48.739, 293.84, 100, 74232, 70
2026/07/29 19:42:49.776, 297.72, 100, 74232, 70
2026/07/29 19:42:50.814, 293.16, 100, 74232, 70
2026/07/29 19:42:51.852, 292.77, 100, 74232, 70
2026/07/29 19:42:52.890, 300.05, 100, 74232, 70
2026/07/29 19:42:53.927, 303.95, 100, 74232, 70
2026/07/29 19:42:54.965, 308.56, 100, 74232, 70
2026/07/29 19:42:56.002, 302.68, 100, 74232, 70
2026/07/29 19:42:57.039, 300.53, 100, 74232, 70
2026/07/29 19:42:58.075, 306.56, 100, 74232, 70
2026/07/29 19:42:59.112, 299.48, 100, 74232, 70
2026/07/29 19:43:00.149, 297.72, 100, 74232, 70
2026/07/29 19:43:01.185, 303.35, 100, 74232, 70
2026/07/29 19:43:02.222, 304.49, 100, 74232, 70
2026/07/29 19:43:03.263, 305.88, 100, 74232, 71
2026/07/29 19:43:04.302, 299.94, 100, 74232, 70
2026/07/29 19:43:05.340, 304.22, 100, 74232, 71
2026/07/29 19:43:06.378, 304.54, 100, 74232, 70
2026/07/29 19:43:07.415, 301.34, 100, 74232, 71
2026/07/29 19:43:08.453, 300.26, 100, 74232, 70
2026/07/29 19:43:09.491, 305.67, 100, 74232, 71
2026/07/29 19:43:10.529, 302.87, 100, 74232, 71
2026/07/29 19:43:11.566, 303.58, 100, 74232, 71
2026/07/29 19:43:12.603, 304.85, 100, 74232, 71
2026/07/29 19:43:13.640, 303.16, 100, 74232, 70
2026/07/29 19:43:14.676, 296.37, 100, 74232, 70
2026/07/29 19:43:15.713, 305.21, 100, 74232, 70
2026/07/29 19:43:16.751, 301.02, 100, 74232, 70
2026/07/29 19:43:17.788, 300.83, 100, 74232, 70
2026/07/29 19:43:18.825, 303.74, 100, 74232, 70
2026/07/29 19:43:19.861, 307.46, 100, 74232, 70
2026/07/29 19:43:20.899, 303.15, 100, 74232, 70
2026/07/29 19:43:21.936, 303.55, 100, 74232, 70
2026/07/29 19:43:22.974, 304.61, 100, 74232, 70
2026/07/29 19:43:24.012, 295.98, 100, 74232, 70
2026/07/29 19:43:25.050, 302.39, 100, 74232, 70
2026/07/29 19:43:26.086, 305.41, 100, 74232, 70
2026/07/29 19:43:27.126, 300.91, 100, 74232, 70
2026/07/29 19:43:28.163, 293.76, 100, 74232, 70
2026/07/29 19:43:29.201, 297.13, 100, 74232, 70
2026/07/29 19:43:30.239, 298.20, 100, 74232, 70
2026/07/29 19:43:31.280, 293.61, 100, 74232, 70
2026/07/29 19:43:32.318, 303.35, 100, 74232, 70
2026/07/29 19:43:33.355, 301.33, 100, 74232, 70
2026/07/29 19:43:34.392, 304.61, 100, 74232, 70
2026/07/29 19:43:35.430, 303.29, 100, 74232, 70
2026/07/29 19:43:36.469, 304.02, 100, 74232, 70
2026/07/29 19:43:37.507, 294.03, 100, 74232, 70
2026/07/29 19:43:38.546, 300.74, 100, 74232, 70
2026/07/29 19:43:39.585, 303.77, 100, 74232, 70
2026/07/29 19:43:40.624, 304.17, 100, 74232, 70
2026/07/29 19:43:41.660, 304.96, 100, 74232, 70
2026/07/29 19:43:42.698, 300.95, 100, 74232, 70
2026/07/29 19:43:43.734, 296.27, 100, 74232, 70
2026/07/29 19:43:44.773, 301.23, 100, 74232, 70
2026/07/29 19:43:45.811, 297.93, 100, 74232, 70
2026/07/29 19:43:46.850, 297.52, 100, 74232, 70
2026/07/29 19:43:47.889, 293.95, 100, 74232, 70
2026/07/29 19:43:48.926, 304.65, 100, 74232, 70
2026/07/29 19:43:49.967, 292.13, 100, 74232, 70
2026/07/29 19:43:51.003, 289.46, 100, 74232, 70
2026/07/29 19:43:52.045, 295.78, 100, 74232, 70
2026/07/29 19:43:53.083, 297.06, 100, 74232, 70
2026/07/29 19:43:54.119, 297.07, 100, 74232, 70
2026/07/29 19:43:55.156, 294.11, 100, 74232, 70
2026/07/29 19:43:56.192, 295.22, 100, 74232, 70
2026/07/29 19:43:57.230, 294.04, 100, 74232, 70
2026/07/29 19:43:58.266, 296.54, 100, 74232, 70
2026/07/29 19:43:59.304, 291.03, 100, 74232, 70
2026/07/29 19:44:00.342, 303.34, 100, 74232, 70
2026/07/29 19:44:01.379, 303.93, 100, 74232, 70
2026/07/29 19:44:02.417, 300.94, 100, 74232, 70
2026/07/29 19:44:03.457, 299.07, 100, 74232, 70
2026/07/29 19:44:04.495, 291.30, 100, 74232, 70
2026/07/29 19:44:05.535, 296.46, 100, 74232, 70
2026/07/29 19:44:06.574, 302.66, 100, 74232, 70
2026/07/29 19:44:07.611, 293.14, 100, 74232, 70
2026/07/29 19:44:08.650, 298.70, 100, 74232, 70
2026/07/29 19:44:09.688, 299.69, 100, 74232, 70
2026/07/29 19:44:10.725, 298.20, 100, 74232, 70
2026/07/29 19:44:11.763, 302.90, 100, 74232, 70
2026/07/29 19:44:12.801, 303.26, 100, 74232, 70
2026/07/29 19:44:13.838, 294.81, 100, 74232, 70
2026/07/29 19:44:14.879, 302.67, 100, 74232, 70
2026/07/29 19:44:15.917, 304.43, 100, 74232, 70
2026/07/29 19:44:16.956, 298.41, 100, 74232, 70
2026/07/29 19:44:17.995, 303.18, 100, 74232, 70
2026/07/29 19:44:19.033, 302.87, 100, 74232, 70
2026/07/29 19:44:20.072, 303.76, 100, 74232, 70
2026/07/29 19:44:21.109, 301.43, 100, 74232, 70
2026/07/29 19:44:22.147, 294.14, 100, 74232, 70
2026/07/29 19:44:23.184, 295.87, 100, 74232, 70
2026/07/29 19:44:24.226, 296.97, 100, 74232, 70
2026/07/29 19:44:25.264, 296.86, 100, 74232, 70
2026/07/29 19:44:26.303, 294.61, 100, 74232, 70
2026/07/29 19:44:27.341, 296.36, 100, 74232, 70
2026/07/29 19:44:28.379, 296.08, 100, 74232, 70
2026/07/29 19:44:29.418, 304.99, 100, 74232, 70
2026/07/29 19:44:30.457, 294.70, 100, 74232, 70
2026/07/29 19:44:31.495, 293.84, 100, 74232, 70
2026/07/29 19:44:32.533, 295.30, 100, 74232, 70
2026/07/29 19:44:33.570, 294.33, 100, 74232, 70
2026/07/29 19:44:34.610, 296.58, 100, 74232, 70
2026/07/29 19:44:35.647, 294.13, 100, 74232, 70
2026/07/29 19:44:36.688, 295.48, 100, 74232, 70
2026/07/29 19:44:37.725, 296.57, 100, 74232, 70
2026/07/29 19:44:38.763, 297.34, 100, 74232, 70
2026/07/29 19:44:39.800, 293.95, 100, 74232, 70
2026/07/29 19:44:40.838, 302.28, 100, 74232, 70
2026/07/29 19:44:41.876, 303.25, 100, 74232, 70
2026/07/29 19:44:42.914, 296.49, 100, 74232, 70
2026/07/29 19:44:43.951, 295.38, 100, 74232, 70
2026/07/29 19:44:44.989, 295.30, 100, 74232, 70
2026/07/29 19:44:46.029, 296.37, 100, 74232, 70
2026/07/29 19:44:47.067, 293.35, 100, 74232, 70
2026/07/29 19:44:48.110, 298.51, 100, 74232, 70
2026/07/29 19:44:49.148, 292.68, 100, 74232, 70
2026/07/29 19:44:50.186, 295.79, 100, 74232, 70
2026/07/29 19:44:51.225, 300.95, 100, 74232, 70
2026/07/29 19:44:52.263, 300.54, 100, 74232, 70
2026/07/29 19:44:53.304, 292.96, 100, 74232, 70
2026/07/29 19:44:54.343, 302.36, 100, 74232, 70
2026/07/29 19:44:55.381, 301.51, 100, 74232, 70
2026/07/29 19:44:56.419, 302.80, 100, 74232, 70
2026/07/29 19:44:57.457, 297.12, 100, 74232, 70
2026/07/29 19:44:58.494, 297.64, 100, 74232, 70
2026/07/29 19:44:59.532, 294.23, 100, 74232, 70
2026/07/29 19:45:00.568, 293.35, 100, 74232, 70
2026/07/29 19:45:01.607, 295.98, 100, 74232, 70
2026/07/29 19:45:02.644, 296.85, 100, 74232, 70
2026/07/29 19:45:03.683, 294.13, 100, 74232, 70
2026/07/29 19:45:04.721, 293.25, 100, 74232, 70
2026/07/29 19:45:05.760, 295.98, 100, 74232, 70
2026/07/29 19:45:06.798, 296.38, 100, 74232, 70
2026/07/29 19:45:07.835, 303.46, 100, 74232, 70
2026/07/29 19:45:08.872, 301.12, 100, 74232, 70
2026/07/29 19:45:09.910, 302.21, 100, 74232, 70
2026/07/29 19:45:10.947, 302.71, 100, 74232, 70
2026/07/29 19:45:11.985, 296.85, 100, 74232, 70
2026/07/29 19:45:13.023, 294.22, 100, 74232, 70
2026/07/29 19:45:14.060, 293.34, 100, 74232, 70
2026/07/29 19:45:15.097, 295.10, 100, 74232, 70
2026/07/29 19:45:16.135, 296.87, 100, 74232, 70
2026/07/29 19:45:17.174, 290.22, 100, 74232, 70
2026/07/29 19:45:18.212, 297.83, 100, 74232, 70
2026/07/29 19:45:19.248, 295.60, 100, 74232, 70
2026/07/29 19:45:20.290, 297.24, 100, 74232, 70
2026/07/29 19:45:21.328, 303.50, 100, 74232, 70
2026/07/29 19:45:22.364, 301.32, 100, 74232, 70
2026/07/29 19:45:23.403, 303.58, 100, 74232, 70
2026/07/29 19:45:24.440, 296.85, 100, 74232, 70
2026/07/29 19:45:25.480, 297.27, 100, 74232, 70
2026/07/29 19:45:26.519, 300.82, 100, 74232, 70
2026/07/29 19:45:27.559, 300.95, 100, 74232, 70
2026/07/29 19:45:28.597, 296.86, 100, 74232, 70
2026/07/29 19:45:29.633, 296.57, 100, 74232, 70
2026/07/29 19:45:30.669, 293.63, 100, 74232, 70
2026/07/29 19:45:31.705, 299.86, 100, 74232, 70
2026/07/29 19:45:32.742, 302.20, 100, 74232, 70
2026/07/29 19:45:33.780, 303.38, 100, 74232, 70
2026/07/29 19:45:34.816, 296.84, 100, 74232, 70
2026/07/29 19:45:35.853, 304.23, 100, 74232, 70
2026/07/29 19:45:36.890, 293.26, 100, 74232, 70
2026/07/29 19:45:37.927, 298.51, 100, 74232, 70
2026/07/29 19:45:38.964, 296.06, 100, 74232, 70
2026/07/29 19:45:40.004, 296.66, 100, 74232, 70
2026/07/29 19:45:41.043, 303.83, 100, 74232, 70
2026/07/29 19:45:42.080, 304.54, 100, 74232, 70
2026/07/29 19:45:43.118, 304.86, 100, 74232, 70
2026/07/29 19:45:44.154, 292.75, 100, 74232, 70
2026/07/29 19:45:45.191, 300.05, 100, 74232, 70
2026/07/29 19:45:46.227, 302.90, 100, 74232, 70
2026/07/29 19:45:47.264, 304.66, 100, 74232, 70
2026/07/29 19:45:48.301, 296.45, 100, 74232, 70
2026/07/29 19:45:49.341, 297.34, 100, 74232, 70
2026/07/29 19:45:50.377, 295.86, 100, 74232, 70
2026/07/29 19:45:51.415, 294.60, 100, 74232, 70
2026/07/29 19:45:52.451, 302.81, 100, 74232, 70
2026/07/29 19:45:53.489, 302.80, 100, 74232, 70
2026/07/29 19:45:54.526, 306.86, 100, 74232, 70
2026/07/29 19:45:55.563, 306.88, 100, 74232, 70
2026/07/29 19:45:56.601, 295.09, 100, 74232, 70
2026/07/29 19:45:57.638, 296.17, 100, 74232, 70
2026/07/29 19:45:58.675, 295.68, 100, 74232, 70
2026/07/29 19:45:59.712, 296.67, 100, 74232, 70
2026/07/29 19:46:00.749, 293.94, 100, 74232, 70
2026/07/29 19:46:01.787, 297.05, 100, 74232, 70
2026/07/29 19:46:02.824, 298.80, 100, 74232, 70
2026/07/29 19:46:03.861, 297.82, 100, 74232, 70
2026/07/29 19:46:04.898, 299.47, 100, 74232, 70
2026/07/29 19:46:05.936, 295.58, 100, 74232, 70
2026/07/29 19:46:06.972, 297.83, 100, 74232, 70
2026/07/29 19:46:08.012, 298.02, 100, 74232, 70
2026/07/29 19:46:09.048, 293.64, 100, 74232, 70
2026/07/29 19:46:10.086, 299.67, 100, 74232, 70
2026/07/29 19:46:11.122, 294.31, 100, 74232, 70
2026/07/29 19:46:12.158, 292.97, 100, 74232, 70
2026/07/29 19:46:13.197, 296.46, 100, 74232, 70
2026/07/29 19:46:14.234, 297.62, 100, 74232, 70
2026/07/29 19:46:15.271, 297.04, 100, 74232, 70
2026/07/29 19:46:16.310, 296.76, 100, 74232, 70
2026/07/29 19:46:17.348, 298.17, 100, 74232, 70
2026/07/29 19:46:18.384, 298.60, 100, 74232, 70
2026/07/29 19:46:19.425, 293.93, 100, 74232, 70
2026/07/29 19:46:20.463, 295.88, 100, 74232, 70
2026/07/29 19:46:21.500, 295.79, 100, 74232, 70
2026/07/29 19:46:22.538, 293.74, 100, 74232, 70
2026/07/29 19:46:23.575, 292.78, 100, 74232, 70
2026/07/29 19:46:24.612, 295.60, 100, 74232, 70
2026/07/29 19:46:25.650, 293.55, 100, 74232, 70
2026/07/29 19:46:26.686, 296.76, 100, 74232, 70
2026/07/29 19:46:27.723, 304.80, 100, 74232, 70
2026/07/29 19:46:28.759, 300.51, 100, 74232, 70
2026/07/29 19:46:29.795, 294.23, 100, 74232, 70
2026/07/29 19:46:30.832, 303.64, 100, 74232, 70
2026/07/29 19:46:31.872, 305.04, 100, 74232, 70
2026/07/29 19:46:32.908, 304.35, 100, 74232, 70
2026/07/29 19:46:33.946, 305.13, 100, 74232, 70
2026/07/29 19:46:34.983, 301.63, 100, 74232, 70
2026/07/29 19:46:36.020, 298.59, 100, 74232, 70
2026/07/29 19:46:37.058, 295.51, 100, 74232, 70
2026/07/29 19:46:38.095, 293.25, 100, 74232, 70
2026/07/29 19:46:39.133, 296.45, 100, 74232, 70
2026/07/29 19:46:40.170, 297.55, 100, 74232, 70
2026/07/29 19:46:41.208, 301.11, 100, 74232, 70
2026/07/29 19:46:42.245, 293.84, 100, 74232, 70
2026/07/29 19:46:43.282, 297.42, 100, 74232, 70
2026/07/29 19:46:44.320, 302.29, 100, 74232, 70
2026/07/29 19:46:45.358, 304.37, 100, 74232, 70
2026/07/29 19:46:46.393, 296.46, 100, 74232, 70
2026/07/29 19:46:47.430, 296.56, 100, 74232, 70
2026/07/29 19:46:48.467, 293.85, 100, 74232, 70
2026/07/29 19:46:49.504, 304.86, 100, 74232, 70
2026/07/29 19:46:50.540, 299.97, 100, 74232, 70
2026/07/29 19:46:51.576, 303.16, 100, 74232, 70
2026/07/29 19:46:52.614, 298.32, 100, 74232, 70
2026/07/29 19:46:53.652, 297.54, 100, 74232, 70
2026/07/29 19:46:54.689, 297.14, 100, 74232, 70
2026/07/29 19:46:55.728, 298.12, 100, 74232, 70
2026/07/29 19:46:56.764, 301.02, 100, 74232, 70
2026/07/29 19:46:57.801, 292.58, 100, 74232, 70
2026/07/29 19:46:58.840, 293.34, 100, 74232, 70
2026/07/29 19:46:59.879, 295.10, 100, 74232, 70
2026/07/29 19:47:00.916, 296.55, 100, 74232, 70
2026/07/29 19:47:01.952, 297.23, 100, 74232, 70
2026/07/29 19:47:02.989, 297.04, 100, 74232, 70
2026/07/29 19:47:04.027, 297.64, 100, 74232, 70
2026/07/29 19:47:05.065, 297.63, 100, 74232, 70
2026/07/29 19:47:06.100, 294.32, 100, 74232, 70
2026/07/29 19:47:07.138, 300.95, 100, 74232, 70
2026/07/29 19:47:08.174, 295.00, 100, 74232, 70
2026/07/29 19:47:09.212, 296.57, 100, 74232, 70
2026/07/29 19:47:10.248, 296.45, 100, 74232, 70
2026/07/29 19:47:11.284, 297.05, 100, 74232, 70
2026/07/29 19:47:12.320, 298.33, 100, 74232, 70
2026/07/29 19:47:13.356, 297.53, 100, 74232, 70
2026/07/29 19:47:14.393, 298.23, 100, 74232, 70
2026/07/29 19:47:15.430, 293.93, 100, 74232, 70
2026/07/29 19:47:16.467, 297.73, 100, 74232, 70
2026/07/29 19:47:17.506, 297.75, 100, 74232, 70
2026/07/29 19:47:18.545, 295.39, 100, 74232, 70
2026/07/29 19:47:19.588, 296.65, 100, 74232, 70
2026/07/29 19:47:20.624, 94.56, 0, 74232, 67
2026/07/29 19:47:21.655, 93.78, 0, 74232, 66
2026/07/29 19:47:22.686, 94.46, 0, 74232, 66
2026/07/29 19:47:23.716, 93.24, 0, 74232, 65
2026/07/29 19:47:24.750, 92.36, 0, 74232, 64
2026/07/29 19:47:25.781, 91.04, 0, 74232, 64
2026/07/29 19:47:26.813, 91.02, 0, 74232, 63
2026/07/29 19:47:27.845, 89.30, 0, 74232, 63
2026/07/29 19:47:28.878, 308.41, 100, 74232, 68
2026/07/29 19:47:29.916, 299.16, 100, 74232, 68
2026/07/29 19:47:30.950, 292.88, 100, 74232, 68
2026/07/29 19:47:31.985, 300.59, 100, 74232, 69
2026/07/29 19:47:33.019, 265.57, 100, 74232, 69
2026/07/29 19:47:34.052, 300.93, 100, 74232, 69
2026/07/29 19:47:35.092, 309.08, 100, 74232, 67
2026/07/29 19:47:36.129, 303.36, 100, 74232, 68
2026/07/29 19:47:37.166, 308.02, 100, 74232, 68
2026/07/29 19:47:38.202, 296.57, 100, 74232, 68
2026/07/29 19:47:39.240, 298.21, 100, 74232, 68
2026/07/29 19:47:40.276, 300.07, 100, 74232, 68
2026/07/29 19:47:41.315, 297.15, 100, 74232, 68
2026/07/29 19:47:42.352, 300.35, 100, 74232, 68
2026/07/29 19:47:43.389, 294.92, 100, 74232, 68
2026/07/29 19:47:44.427, 297.13, 100, 74232, 70
2026/07/29 19:47:45.465, 295.19, 100, 74232, 70
2026/07/29 19:47:46.500, 290.61, 100, 74232, 70
2026/07/29 19:47:47.535, 279.35, 100, 74232, 70
2026/07/29 19:47:48.573, 285.60, 100, 74232, 71
2026/07/29 19:47:49.607, 308.01, 100, 74232, 71
2026/07/29 19:47:50.643, 301.23, 100, 74232, 69
2026/07/29 19:47:51.683, 303.97, 100, 74232, 69
2026/07/29 19:47:52.722, 301.51, 100, 74232, 69
2026/07/29 19:47:53.760, 295.01, 100, 74232, 69
2026/07/29 19:47:54.799, 292.69, 100, 74232, 69
2026/07/29 19:47:55.836, 294.12, 100, 74232, 69
2026/07/29 19:47:56.875, 295.98, 100, 74232, 70
2026/07/29 19:47:57.913, 305.58, 100, 74232, 70
2026/07/29 19:47:58.953, 298.40, 100, 74232, 70
2026/07/29 19:47:59.990, 295.67, 100, 74232, 70
2026/07/29 19:48:01.032, 297.43, 100, 74232, 70
2026/07/29 19:48:02.071, 294.42, 100, 74232, 70
2026/07/29 19:48:03.109, 296.46, 100, 74232, 70
2026/07/29 19:48:04.148, 300.74, 100, 74232, 70
2026/07/29 19:48:05.185, 301.71, 100, 74232, 70
2026/07/29 19:48:06.229, 296.45, 100, 74232, 70
2026/07/29 19:48:07.267, 297.43, 100, 74232, 70
2026/07/29 19:48:08.303, 293.46, 100, 74232, 70
2026/07/29 19:48:09.341, 296.74, 100, 74232, 70
2026/07/29 19:48:10.377, 298.21, 100, 74232, 70
2026/07/29 19:48:11.413, 296.86, 100, 74232, 70
2026/07/29 19:48:12.450, 295.48, 100, 74232, 70
2026/07/29 19:48:13.488, 302.86, 100, 74232, 70
2026/07/29 19:48:14.523, 304.91, 100, 74232, 70
2026/07/29 19:48:15.559, 302.66, 100, 74232, 70
2026/07/29 19:48:16.595, 300.36, 100, 74232, 70
2026/07/29 19:48:17.633, 313.35, 5, 74232, 70
2026/07/29 19:48:18.670, 291.14, 100, 74232, 71
2026/07/29 19:48:19.704, 300.08, 100, 74232, 72
2026/07/29 19:48:20.738, 306.67, 100, 74232, 72
2026/07/29 19:48:21.776, 291.01, 100, 74232, 72
2026/07/29 19:48:22.810, 270.55, 100, 74232, 71
2026/07/29 19:48:23.845, 261.12, 100, 74232, 72
2026/07/29 19:48:24.881, 302.27, 100, 74232, 70
2026/07/29 19:48:25.918, 297.36, 100, 74232, 70
2026/07/29 19:48:26.955, 298.00, 100, 74232, 70
2026/07/29 19:48:27.991, 304.04, 100, 74232, 70
2026/07/29 19:48:29.029, 297.45, 100, 74232, 70
2026/07/29 19:48:30.065, 307.03, 100, 74232, 70
2026/07/29 19:48:31.101, 296.38, 100, 74232, 70
2026/07/29 19:48:32.139, 296.57, 100, 74232, 70
2026/07/29 19:48:33.176, 297.74, 100, 74232, 70
2026/07/29 19:48:34.213, 291.61, 100, 74232, 70
2026/07/29 19:48:35.249, 296.55, 100, 74232, 70
2026/07/29 19:48:36.291, 298.20, 100, 74232, 71
2026/07/29 19:48:37.327, 296.27, 100, 74232, 71
2026/07/29 19:48:38.365, 297.34, 100, 74232, 71
2026/07/29 19:48:39.403, 297.75, 100, 74232, 71
2026/07/29 19:48:40.440, 295.22, 100, 74232, 70
2026/07/29 19:48:41.478, 297.61, 100, 74232, 71
2026/07/29 19:48:42.516, 297.45, 100, 74232, 71
2026/07/29 19:48:43.556, 295.89, 100, 74232, 70
2026/07/29 19:48:44.592, 297.72, 100, 74232, 71
2026/07/29 19:48:45.630, 293.96, 100, 74232, 70
2026/07/29 19:48:46.666, 301.20, 100, 74232, 71
2026/07/29 19:48:47.702, 300.14, 100, 74232, 71
2026/07/29 19:48:48.739, 297.75, 100, 74232, 71
2026/07/29 19:48:49.775, 304.81, 100, 74232, 71
2026/07/29 19:48:50.811, 298.22, 100, 74232, 70
2026/07/29 19:48:51.848, 303.74, 100, 74232, 71
2026/07/29 19:48:52.885, 293.25, 100, 74232, 70
2026/07/29 19:48:53.922, 301.04, 100, 74232, 70
2026/07/29 19:48:54.960, 301.80, 100, 74232, 70
2026/07/29 19:48:55.997, 303.66, 100, 74232, 70
2026/07/29 19:48:57.035, 303.35, 100, 74232, 70
2026/07/29 19:48:58.072, 302.20, 100, 74232, 70
2026/07/29 19:48:59.110, 303.06, 100, 74232, 70
2026/07/29 19:49:00.148, 301.31, 100, 74232, 70
2026/07/29 19:49:01.186, 304.13, 100, 74232, 70
2026/07/29 19:49:02.224, 290.46, 100, 74232, 70
2026/07/29 19:49:03.260, 292.87, 100, 74232, 70
2026/07/29 19:49:04.297, 295.39, 100, 74232, 70
2026/07/29 19:49:05.335, 304.61, 100, 74232, 70
2026/07/29 19:49:06.371, 294.82, 100, 74232, 70
2026/07/29 19:49:07.408, 295.08, 100, 74232, 70
2026/07/29 19:49:08.444, 298.61, 100, 74232, 70
2026/07/29 19:49:09.484, 301.41, 100, 74232, 70
2026/07/29 19:49:10.522, 294.72, 100, 74232, 70
2026/07/29 19:49:11.559, 302.09, 100, 74232, 70
2026/07/29 19:49:12.595, 304.23, 100, 74232, 70
2026/07/29 19:49:13.639, 304.46, 100, 74232, 70
2026/07/29 19:49:14.675, 301.42, 100, 74232, 70
2026/07/29 19:49:15.713, 296.27, 100, 74232, 70
2026/07/29 19:49:16.750, 97.15, 73, 74232, 68
2026/07/29 19:49:17.782, 307.38, 100, 74232, 71
2026/07/29 19:49:18.816, 291.05, 100, 74232, 72
2026/07/29 19:49:19.849, 307.50, 100, 74232, 71
2026/07/29 19:49:20.885, 309.09, 100, 74232, 72
2026/07/29 19:49:21.982, 273.86, 100, 74232, 72
2026/07/29 19:49:23.016, 307.45, 100, 74232, 72
2026/07/29 19:49:24.052, 300.24, 100, 74232, 72
2026/07/29 19:49:25.093, 303.56, 100, 74232, 70
2026/07/29 19:49:26.132, 303.46, 100, 74232, 70
2026/07/29 19:49:27.169, 299.16, 100, 74232, 70
2026/07/29 19:49:28.204, 299.20, 100, 74232, 70
2026/07/29 19:49:29.242, 292.49, 100, 74232, 70
2026/07/29 19:49:30.281, 297.44, 100, 74232, 70
2026/07/29 19:49:31.321, 297.24, 100, 74232, 70
2026/07/29 19:49:32.359, 297.93, 100, 74232, 70
2026/07/29 19:49:33.397, 293.06, 100, 74232, 70
2026/07/29 19:49:34.435, 297.54, 100, 74232, 70
2026/07/29 19:49:35.473, 295.28, 100, 74232, 71
2026/07/29 19:49:36.509, 302.16, 100, 74232, 71
2026/07/29 19:49:37.546, 304.16, 100, 74232, 71
2026/07/29 19:49:38.588, 95.62, 0, 74232, 68
2026/07/29 19:49:39.622, 301.44, 100, 74232, 72
2026/07/29 19:49:40.659, 298.02, 100, 74232, 72
2026/07/29 19:49:41.692, 295.09, 100, 74232, 72
2026/07/29 19:49:42.729, 297.01, 100, 74232, 72
2026/07/29 19:49:43.763, 310.51, 100, 74232, 72
2026/07/29 19:49:44.803, 291.40, 100, 74232, 72
2026/07/29 19:49:45.839, 291.01, 100, 74232, 70
2026/07/29 19:49:46.879, 290.14, 100, 74232, 70
2026/07/29 19:49:47.918, 295.10, 100, 74232, 70
2026/07/29 19:49:48.957, 298.01, 100, 74232, 70
2026/07/29 19:49:50.000, 298.79, 100, 74232, 71
2026/07/29 19:49:51.037, 294.33, 100, 74232, 71
2026/07/29 19:49:52.074, 301.33, 100, 74232, 71
2026/07/29 19:49:53.110, 306.08, 100, 74232, 71
2026/07/29 19:49:54.150, 305.79, 100, 74232, 71
2026/07/29 19:49:55.188, 303.83, 100, 74232, 71
2026/07/29 19:49:56.229, 305.41, 100, 74232, 71
2026/07/29 19:49:57.266, 300.18, 100, 74232, 71
2026/07/29 19:49:58.304, 293.16, 100, 74232, 71
2026/07/29 19:49:59.339, 295.38, 100, 74232, 71
2026/07/29 19:50:00.380, 300.27, 100, 74232, 71
2026/07/29 19:50:01.416, 304.72, 100, 74232, 71
2026/07/29 19:50:02.456, 296.17, 100, 74232, 71
2026/07/29 19:50:03.497, 296.66, 100, 74232, 71
2026/07/29 19:50:04.534, 297.93, 100, 74232, 71
2026/07/29 19:50:05.573, 299.26, 100, 74232, 72
2026/07/29 19:50:06.609, 298.50, 100, 74232, 72
2026/07/29 19:50:07.647, 291.41, 100, 74232, 72
2026/07/29 19:50:08.682, 306.48, 100, 74232, 72
2026/07/29 19:50:09.717, 315.73, 100, 74232, 73
2026/07/29 19:50:10.755, 287.88, 100, 74232, 72
2026/07/29 19:50:11.797, 301.98, 100, 74232, 72
2026/07/29 19:50:12.833, 299.66, 100, 74232, 71
2026/07/29 19:50:13.872, 310.14, 100, 74232, 71
2026/07/29 19:50:14.909, 300.36, 100, 74232, 71
2026/07/29 19:50:15.948, 310.29, 44, 74232, 72
2026/07/29 19:50:16.984, 302.23, 100, 74232, 70
2026/07/29 19:50:18.021, 302.12, 100, 74232, 71
2026/07/29 19:50:19.058, 302.52, 100, 74232, 71
2026/07/29 19:50:20.094, 304.45, 100, 74232, 71
2026/07/29 19:50:21.130, 304.61, 100, 74232, 71
2026/07/29 19:50:22.167, 303.67, 100, 74232, 71
2026/07/29 19:50:23.203, 305.88, 100, 74232, 71
2026/07/29 19:50:24.239, 296.57, 100, 74232, 71
2026/07/29 19:50:25.277, 298.59, 100, 74232, 71
2026/07/29 19:50:26.315, 294.24, 100, 74232, 71
2026/07/29 19:50:27.353, 295.71, 100, 74232, 71
2026/07/29 19:50:28.391, 295.99, 100, 74232, 71
2026/07/29 19:50:29.428, 293.15, 100, 74232, 71
2026/07/29 19:50:30.471, 296.84, 100, 74232, 71
2026/07/29 19:50:31.508, 296.07, 100, 74232, 71
2026/07/29 19:50:32.545, 294.43, 100, 74232, 71
2026/07/29 19:50:33.582, 295.97, 100, 74232, 71
2026/07/29 19:50:34.619, 294.91, 100, 74232, 71
2026/07/29 19:50:35.660, 295.99, 100, 74232, 71
2026/07/29 19:50:36.697, 297.05, 100, 74232, 71
2026/07/29 19:50:37.738, 296.08, 100, 74232, 71
2026/07/29 19:50:38.782, 295.00, 100, 74232, 71
2026/07/29 19:50:39.820, 303.55, 100, 74232, 71
2026/07/29 19:50:40.857, 302.77, 100, 74232, 71
2026/07/29 19:50:41.896, 301.25, 100, 74232, 71
2026/07/29 19:50:42.933, 304.91, 100, 74232, 71
2026/07/29 19:50:43.971, 303.11, 100, 74232, 71
2026/07/29 19:50:45.008, 305.69, 100, 74232, 71
2026/07/29 19:50:46.046, 303.10, 100, 74232, 71
2026/07/29 19:50:47.084, 297.72, 100, 74232, 71
2026/07/29 19:50:48.122, 301.06, 100, 74232, 71
2026/07/29 19:50:49.160, 296.56, 100, 74232, 71
2026/07/29 19:50:50.198, 302.39, 100, 74232, 71
2026/07/29 19:50:51.235, 303.37, 100, 74232, 71
2026/07/29 19:50:52.272, 303.93, 100, 74232, 70
2026/07/29 19:50:53.310, 303.17, 100, 74232, 71
2026/07/29 19:50:54.347, 303.68, 100, 74232, 70
2026/07/29 19:50:55.383, 304.17, 100, 74232, 70
2026/07/29 19:50:56.421, 305.97, 100, 74232, 71
2026/07/29 19:50:57.457, 300.16, 100, 74232, 70
2026/07/29 19:50:58.493, 302.78, 100, 74232, 70
2026/07/29 19:50:59.530, 295.80, 100, 74232, 70
2026/07/29 19:51:00.568, 292.38, 100, 74232, 70
2026/07/29 19:51:01.613, 297.73, 100, 74232, 70
2026/07/29 19:51:02.658, 302.90, 100, 74232, 70
2026/07/29 19:51:03.694, 305.18, 100, 74232, 70
2026/07/29 19:51:04.731, 305.39, 100, 74232, 70
2026/07/29 19:51:05.768, 304.72, 100, 74232, 70
2026/07/29 19:51:06.805, 304.81, 100, 74232, 70
2026/07/29 19:51:07.842, 303.45, 100, 74232, 70
2026/07/29 19:51:08.878, 303.29, 100, 74232, 70
2026/07/29 19:51:09.914, 301.99, 100, 74232, 70
2026/07/29 19:51:10.951, 304.08, 100, 74232, 70
2026/07/29 19:51:11.988, 296.01, 100, 74232, 70
2026/07/29 19:51:13.024, 295.80, 100, 74232, 70
2026/07/29 19:51:14.063, 295.41, 100, 74232, 70
2026/07/29 19:51:15.100, 295.61, 100, 74232, 70
2026/07/29 19:51:16.139, 295.21, 100, 74232, 70
2026/07/29 19:51:17.176, 296.78, 100, 74232, 70
2026/07/29 19:51:18.212, 295.59, 100, 74232, 70
2026/07/29 19:51:19.250, 303.77, 100, 74232, 70
2026/07/29 19:51:20.289, 296.88, 100, 74232, 70
2026/07/29 19:51:21.328, 295.61, 100, 74232, 70
2026/07/29 19:51:22.365, 299.00, 100, 74232, 70
2026/07/29 19:51:23.402, 301.90, 100, 74232, 70
2026/07/29 19:51:24.440, 302.57, 100, 74232, 70
2026/07/29 19:51:25.480, 302.38, 100, 74232, 70
2026/07/29 19:51:26.518, 297.72, 100, 74232, 70
2026/07/29 19:51:27.557, 302.10, 100, 74232, 70
2026/07/29 19:51:28.595, 302.03, 100, 74232, 70
2026/07/29 19:51:29.633, 302.98, 100, 74232, 70
2026/07/29 19:51:30.671, 304.13, 100, 74232, 70
2026/07/29 19:51:31.709, 301.23, 100, 74232, 70
2026/07/29 19:51:32.749, 301.24, 100, 74232, 70
2026/07/29 19:51:33.787, 301.61, 100, 74232, 70
2026/07/29 19:51:34.824, 303.35, 100, 74232, 70
2026/07/29 19:51:35.863, 299.50, 100, 74232, 70
2026/07/29 19:51:36.901, 293.46, 100, 74232, 70
2026/07/29 19:51:37.939, 295.21, 100, 74232, 70
2026/07/29 19:51:38.977, 300.47, 100, 74232, 70
2026/07/29 19:51:40.015, 302.51, 100, 74232, 70
2026/07/29 19:51:41.053, 301.24, 100, 74232, 70
2026/07/29 19:51:42.090, 300.64, 100, 74232, 70
2026/07/29 19:51:43.128, 298.80, 100, 74232, 70
2026/07/29 19:51:44.169, 293.64, 100, 74232, 70
2026/07/29 19:51:45.208, 291.02, 100, 74232, 70
2026/07/29 19:51:46.246, 293.05, 100, 74232, 70
2026/07/29 19:51:47.284, 291.72, 100, 74232, 70
2026/07/29 19:51:48.322, 297.16, 100, 74232, 70
2026/07/29 19:51:49.360, 296.37, 100, 74232, 70
2026/07/29 19:51:50.405, 295.82, 100, 74232, 70
2026/07/29 19:51:51.443, 303.06, 100, 74232, 70
2026/07/29 19:51:52.481, 303.08, 100, 74232, 70
2026/07/29 19:51:53.519, 302.88, 100, 74232, 70
2026/07/29 19:51:54.557, 303.67, 100, 74232, 70
2026/07/29 19:51:55.594, 304.34, 100, 74232, 70
2026/07/29 19:51:56.632, 303.25, 100, 74232, 70
2026/07/29 19:51:57.669, 302.80, 100, 74232, 70
2026/07/29 19:51:58.707, 303.65, 100, 74232, 70
2026/07/29 19:51:59.745, 302.18, 100, 74232, 70
2026/07/29 19:52:00.783, 294.02, 100, 74232, 70
2026/07/29 19:52:01.822, 301.03, 100, 74232, 70
2026/07/29 19:52:02.860, 302.22, 100, 74232, 70
2026/07/29 19:52:03.901, 300.94, 100, 74232, 70
2026/07/29 19:52:04.941, 296.19, 100, 74232, 70
2026/07/29 19:52:05.979, 296.46, 100, 74232, 70
2026/07/29 19:52:07.017, 297.36, 100, 74232, 70
2026/07/29 19:52:08.055, 290.64, 100, 74232, 70
2026/07/29 19:52:09.092, 291.21, 100, 74232, 70
2026/07/29 19:52:10.131, 289.38, 100, 74232, 70
2026/07/29 19:52:11.169, 295.32, 100, 74232, 70
2026/07/29 19:52:12.209, 294.13, 100, 74232, 70
2026/07/29 19:52:13.247, 390.32, 56, 74232, 72
2026/07/29 19:52:14.284, 294.02, 100, 74232, 72
2026/07/29 19:52:15.319, 295.42, 100, 74232, 72
2026/07/29 19:52:16.360, 284.98, 100, 74232, 72
2026/07/29 19:52:17.395, 307.91, 100, 74232, 72
2026/07/29 19:52:18.430, 270.98, 100, 74232, 72
2026/07/29 19:52:19.473, 294.43, 100, 74232, 70
2026/07/29 19:52:20.513, 287.13, 100, 74232, 70
2026/07/29 19:52:21.550, 299.18, 100, 74232, 70
2026/07/29 19:52:22.588, 94.98, 0, 74232, 67
2026/07/29 19:52:23.621, 306.11, 100, 74232, 72
2026/07/29 19:52:24.657, 272.76, 100, 74232, 72
2026/07/29 19:52:25.692, 285.76, 100, 74232, 72
2026/07/29 19:52:26.733, 285.68, 100, 74232, 72
2026/07/29 19:52:27.768, 283.52, 100, 74232, 72
2026/07/29 19:52:28.802, 302.73, 100, 74232, 72
2026/07/29 19:52:29.838, 303.88, 100, 74232, 70
2026/07/29 19:52:30.876, 304.99, 100, 74232, 70
2026/07/29 19:52:31.913, 302.39, 100, 74232, 71
2026/07/29 19:52:32.949, 302.95, 100, 74232, 71
2026/07/29 19:52:33.986, 304.91, 100, 74232, 71
2026/07/29 19:52:35.024, 303.18, 100, 74232, 71
2026/07/29 19:52:36.061, 304.01, 100, 74232, 71
2026/07/29 19:52:37.098, 305.38, 100, 74232, 71
2026/07/29 19:52:38.136, 302.68, 100, 74232, 71
2026/07/29 19:52:39.173, 304.91, 100, 74232, 71
2026/07/29 19:52:40.211, 301.24, 100, 74232, 71
2026/07/29 19:52:41.247, 96.37, 0, 74232, 68
2026/07/29 19:52:42.280, 94.98, 0, 74232, 67
2026/07/29 19:52:43.355, 93.11, 0, 74232, 66
2026/07/29 19:52:44.390, 92.17, 0, 74232, 65
2026/07/29 19:52:45.422, 91.96, 0, 74232, 65
2026/07/29 19:52:46.454, 91.04, 0, 74232, 64
2026/07/29 19:52:47.480, 90.67, 0, 74232, 64
2026/07/29 19:52:48.505, 89.79, 0, 74232, 63
2026/07/29 19:52:49.530, 90.15, 0, 74232, 63
2026/07/29 19:52:50.555, 90.00, 0, 74232, 63
2026/07/29 19:52:51.580, 89.55, 0, 74232, 62
2026/07/29 19:52:52.604, 89.00, 0, 74232, 62
2026/07/29 19:52:53.629, 87.57, 0, 74232, 61
2026/07/29 19:52:54.654, 87.35, 0, 74232, 61
2026/07/29 19:52:55.681, 86.82, 0, 74232, 61
2026/07/29 19:52:56.706, 86.89, 0, 74232, 60
2026/07/29 19:52:57.731, 85.63, 0, 74232, 60
2026/07/29 19:52:58.755, 85.19, 0, 74232, 60
2026/07/29 19:52:59.786, 85.01, 0, 74232, 59
2026/07/29 19:53:00.818, 84.31, 0, 74232, 59
2026/07/29 19:53:01.850, 84.19, 0, 74232, 59
2026/07/29 19:53:02.880, 83.85, 0, 74232, 59
2026/07/29 19:53:03.911, 83.75, 0, 74232, 58
2026/07/29 19:53:04.941, 83.56, 0, 74232, 58
2026/07/29 19:53:05.972, 82.96, 0, 74232, 58
2026/07/29 19:53:07.002, 306.64, 100, 74232, 63
2026/07/29 19:53:08.082, 310.23, 100, 74232, 63
2026/07/29 19:53:09.118, 307.17, 100, 74232, 64
2026/07/29 19:53:10.149, 308.00, 100, 74232, 64
2026/07/29 19:53:11.183, 244.44, 100, 74232, 63
2026/07/29 19:53:12.220, 296.55, 100, 74232, 63
2026/07/29 19:53:13.259, 303.58, 100, 74232, 63
2026/07/29 19:53:14.296, 298.58, 100, 74232, 63
2026/07/29 19:53:15.334, 276.21, 100, 74232, 65
2026/07/29 19:53:16.372, 308.25, 100, 74232, 65
2026/07/29 19:53:17.406, 301.22, 100, 74232, 65
2026/07/29 19:53:18.440, 318.24, 100, 74232, 66
2026/07/29 19:53:19.475, 294.14, 100, 74232, 66
2026/07/29 19:53:20.511, 298.21, 100, 74232, 64
2026/07/29 19:53:21.547, 293.54, 100, 74232, 64
2026/07/29 19:53:22.584, 293.23, 100, 74232, 65
2026/07/29 19:53:23.619, 307.27, 100, 74232, 67
2026/07/29 19:53:24.655, 289.11, 100, 74232, 67
2026/07/29 19:53:25.688, 274.62, 100, 74232, 67
2026/07/29 19:53:26.723, 306.40, 100, 74232, 67
2026/07/29 19:53:27.753, 245.12, 100, 74232, 65
2026/07/29 19:53:28.786, 292.68, 100, 74232, 66
2026/07/29 19:53:29.816, 287.02, 100, 74232, 66
2026/07/29 19:53:30.849, 290.53, 100, 74232, 66
2026/07/29 19:53:31.885, 297.06, 100, 74232, 66
2026/07/29 19:53:32.917, 286.26, 100, 74232, 66
2026/07/29 19:53:33.949, 298.11, 100, 74232, 67
2026/07/29 19:53:34.981, 297.16, 100, 74232, 67
2026/07/29 19:53:36.017, 286.82, 100, 74232, 67
2026/07/29 19:53:37.051, 297.72, 100, 74232, 67
2026/07/29 19:53:38.083, 296.76, 100, 74232, 67
2026/07/29 19:53:39.120, 299.79, 100, 74232, 69
2026/07/29 19:53:40.154, 303.09, 100, 74232, 69
2026/07/29 19:53:41.190, 285.56, 100, 74232, 69
2026/07/29 19:53:42.224, 289.28, 100, 74232, 69
2026/07/29 19:53:43.259, 302.62, 100, 74232, 69
2026/07/29 19:53:44.294, 289.06, 100, 74232, 68
2026/07/29 19:53:45.332, 299.36, 100, 74232, 68
2026/07/29 19:53:46.373, 299.37, 100, 74232, 68
2026/07/29 19:53:47.410, 299.27, 100, 74232, 68
2026/07/29 19:53:48.447, 306.72, 100, 74232, 70
2026/07/29 19:53:49.482, 301.06, 100, 74232, 70
2026/07/29 19:53:50.523, 280.93, 100, 74232, 70
2026/07/29 19:53:51.558, 306.96, 100, 74232, 70
2026/07/29 19:53:52.593, 311.64, 100, 74232, 70
2026/07/29 19:53:53.631, 303.36, 100, 74232, 69
2026/07/29 19:53:54.667, 293.83, 100, 74232, 69
2026/07/29 19:53:55.708, 301.40, 100, 74232, 69
2026/07/29 19:53:56.745, 295.01, 100, 74232, 69
2026/07/29 19:53:57.783, 293.54, 100, 74232, 71
2026/07/29 19:53:58.817, 298.39, 100, 74232, 71
2026/07/29 19:53:59.855, 301.83, 100, 74232, 71
2026/07/29 19:54:00.889, 306.74, 100, 74232, 71
2026/07/29 19:54:01.923, 294.40, 100, 74232, 71
2026/07/29 19:54:02.959, 302.02, 100, 74232, 69
2026/07/29 19:54:03.996, 297.93, 100, 74232, 69
2026/07/29 19:54:05.033, 289.66, 100, 74232, 70
2026/07/29 19:54:06.074, 301.34, 100, 74232, 70
2026/07/29 19:54:07.112, 294.31, 100, 74232, 71
2026/07/29 19:54:08.147, 289.28, 100, 74232, 72
2026/07/29 19:54:09.181, 291.88, 100, 74232, 72
2026/07/29 19:54:10.215, 279.52, 100, 74232, 72
2026/07/29 19:54:11.249, 273.61, 100, 74232, 72
2026/07/29 19:54:12.284, 296.08, 100, 74232, 70
2026/07/29 19:54:13.320, 302.60, 100, 74232, 70
2026/07/29 19:54:14.359, 302.67, 100, 74232, 70
2026/07/29 19:54:15.398, 306.61, 100, 74232, 72
2026/07/29 19:54:16.433, 296.18, 100, 74232, 72
2026/07/29 19:54:17.467, 301.02, 100, 74232, 72
2026/07/29 19:54:18.504, 296.27, 100, 74232, 72
2026/07/29 19:54:19.542, 293.75, 100, 74232, 72
2026/07/29 19:54:20.576, 298.13, 100, 74232, 72
2026/07/29 19:54:21.610, 294.61, 100, 74232, 71
2026/07/29 19:54:22.649, 297.45, 100, 74232, 71
2026/07/29 19:54:23.685, 297.05, 100, 74232, 71
2026/07/29 19:54:24.723, 305.01, 100, 74232, 71
2026/07/29 19:54:25.759, 290.06, 100, 74232, 71
2026/07/29 19:54:26.795, 296.86, 100, 74232, 71
2026/07/29 19:54:27.831, 292.47, 100, 74232, 71
2026/07/29 19:54:28.867, 306.01, 100, 74232, 71
2026/07/29 19:54:29.905, 286.03, 100, 74232, 71
2026/07/29 19:54:30.944, 286.35, 100, 74232, 71
2026/07/29 19:54:31.981, 296.27, 100, 74232, 71
2026/07/29 19:54:33.020, 310.24, 100, 74232, 71
2026/07/29 19:54:34.057, 287.61, 100, 74232, 71
2026/07/29 19:54:35.095, 294.06, 100, 74232, 71
2026/07/29 19:54:36.131, 294.99, 100, 74232, 71
2026/07/29 19:54:37.170, 299.36, 100, 74232, 71
2026/07/29 19:54:38.206, 297.34, 100, 74232, 71
2026/07/29 19:54:39.248, 300.73, 100, 74232, 71
2026/07/29 19:54:40.286, 299.10, 100, 74232, 71
2026/07/29 19:54:41.324, 291.40, 100, 74232, 71
2026/07/29 19:54:42.364, 295.69, 100, 74232, 71
2026/07/29 19:54:43.401, 295.19, 100, 74232, 72
2026/07/29 19:54:44.436, 305.30, 100, 74232, 72
2026/07/29 19:54:45.470, 321.83, 100, 74232, 72
2026/07/29 19:54:46.507, 309.17, 100, 74232, 72
2026/07/29 19:54:47.541, 296.40, 100, 74232, 72
2026/07/29 19:54:48.576, 303.27, 100, 74232, 71
2026/07/29 19:54:49.615, 301.98, 100, 74232, 70
2026/07/29 19:54:50.651, 299.88, 100, 74232, 71
2026/07/29 19:54:51.689, 297.91, 100, 74232, 70
2026/07/29 19:54:52.726, 299.00, 100, 74232, 71
2026/07/29 19:54:53.764, 296.95, 100, 74232, 71
2026/07/29 19:54:54.804, 301.99, 100, 74232, 71
2026/07/29 19:54:55.844, 304.41, 100, 74232, 71
2026/07/29 19:54:56.881, 296.28, 100, 74232, 71
2026/07/29 19:54:57.921, 290.44, 100, 74232, 71
2026/07/29 19:54:58.958, 294.04, 100, 74232, 71
2026/07/29 19:54:59.995, 296.29, 100, 74232, 72
2026/07/29 19:55:01.029, 290.72, 100, 74232, 72
2026/07/29 19:55:02.066, 289.64, 100, 74232, 72
2026/07/29 19:55:03.100, 297.70, 100, 74232, 73
2026/07/29 19:55:04.135, 293.07, 100, 74232, 72
2026/07/29 19:55:05.178, 313.11, 100, 74232, 72
2026/07/29 19:55:06.214, 305.03, 100, 74232, 71
2026/07/29 19:55:07.256, 299.18, 100, 74232, 71
2026/07/29 19:55:08.294, 299.37, 100, 74232, 71
2026/07/29 19:55:09.332, 295.90, 100, 74232, 71
2026/07/29 19:55:10.371, 304.36, 100, 74232, 71
2026/07/29 19:55:11.408, 299.29, 100, 74232, 71
2026/07/29 19:55:12.446, 298.89, 100, 74232, 71
2026/07/29 19:55:13.484, 301.14, 100, 74232, 71
2026/07/29 19:55:14.522, 293.05, 100, 74232, 71
2026/07/29 19:55:15.561, 304.52, 100, 74232, 71
2026/07/29 19:55:16.599, 303.36, 100, 74232, 71
2026/07/29 19:55:17.637, 300.15, 100, 74232, 71
2026/07/29 19:55:18.675, 286.74, 100, 74232, 71
2026/07/29 19:55:19.712, 287.79, 100, 74232, 71
2026/07/29 19:55:20.751, 294.23, 100, 74232, 71
2026/07/29 19:55:21.792, 307.92, 100, 74232, 72
2026/07/29 19:55:22.828, 301.22, 100, 74232, 73
2026/07/29 19:55:23.867, 298.11, 100, 74232, 73
2026/07/29 19:55:24.903, 310.38, 100, 74232, 73
2026/07/29 19:55:25.939, 298.89, 100, 74232, 73
2026/07/29 19:55:26.975, 280.87, 100, 74232, 73
2026/07/29 19:55:28.012, 298.02, 100, 74232, 71
2026/07/29 19:55:29.050, 297.13, 100, 74232, 71
2026/07/29 19:55:30.088, 308.77, 100, 74232, 71
2026/07/29 19:55:31.127, 305.88, 100, 74232, 71
2026/07/29 19:55:32.164, 288.32, 100, 74232, 71
2026/07/29 19:55:33.202, 308.13, 100, 74232, 73
2026/07/29 19:55:34.237, 291.04, 100, 74232, 73
2026/07/29 19:55:35.281, 290.83, 100, 74232, 73
2026/07/29 19:55:36.316, 298.04, 100, 74232, 73
2026/07/29 19:55:37.353, 309.81, 100, 74232, 73
2026/07/29 19:55:38.386, 280.37, 100, 74232, 72
2026/07/29 19:55:39.421, 285.89, 100, 74232, 71
2026/07/29 19:55:40.460, 291.23, 100, 74232, 71
2026/07/29 19:55:41.498, 299.97, 100, 74232, 71
2026/07/29 19:55:42.540, 298.41, 100, 74232, 71
2026/07/29 19:55:43.579, 272.33, 100, 74232, 72
2026/07/29 19:55:44.614, 291.15, 100, 74232, 73
2026/07/29 19:55:45.649, 306.80, 100, 74232, 73
2026/07/29 19:55:46.687, 292.02, 100, 74232, 73
2026/07/29 19:55:47.722, 288.44, 100, 74232, 73
2026/07/29 19:55:48.757, 291.77, 100, 74232, 73
2026/07/29 19:55:49.794, 298.60, 100, 74232, 71
2026/07/29 19:55:50.834, 300.44, 100, 74232, 71
2026/07/29 19:55:51.874, 285.56, 100, 74232, 71
2026/07/29 19:55:52.913, 300.95, 100, 74232, 71
2026/07/29 19:55:53.951, 288.70, 100, 74232, 71
2026/07/29 19:55:54.990, 301.59, 100, 74232, 73
2026/07/29 19:55:56.026, 290.77, 100, 74232, 73
2026/07/29 19:55:57.063, 292.64, 100, 74232, 73
2026/07/29 19:55:58.096, 275.10, 100, 74232, 73
2026/07/29 19:55:59.132, 282.09, 100, 74232, 73
2026/07/29 19:56:00.171, 319.52, 100, 74232, 73
2026/07/29 19:56:01.206, 307.72, 100, 74232, 71
2026/07/29 19:56:02.245, 307.82, 100, 74232, 71
2026/07/29 19:56:03.283, 296.38, 100, 74232, 71
2026/07/29 19:56:04.322, 300.45, 100, 74232, 71
2026/07/29 19:56:05.358, 291.78, 100, 74232, 72
2026/07/29 19:56:06.396, 294.92, 100, 74232, 71
2026/07/29 19:56:07.433, 287.33, 100, 74232, 72
2026/07/29 19:56:08.473, 295.01, 100, 74232, 72
2026/07/29 19:56:09.511, 298.49, 100, 74232, 72
2026/07/29 19:56:10.551, 296.84, 100, 74232, 72
2026/07/29 19:56:11.588, 303.47, 100, 74232, 72
2026/07/29 19:56:12.631, 299.96, 100, 74232, 72
2026/07/29 19:56:13.668, 303.85, 100, 74232, 72
2026/07/29 19:56:14.706, 295.01, 100, 74232, 71
2026/07/29 19:56:15.745, 293.84, 100, 74232, 71
2026/07/29 19:56:16.782, 307.47, 100, 74232, 71
2026/07/29 19:56:17.820, 301.50, 100, 74232, 71
2026/07/29 19:56:18.856, 297.17, 100, 74232, 71
2026/07/29 19:56:19.893, 302.39, 100, 74232, 71
2026/07/29 19:56:20.930, 297.08, 100, 74232, 71
2026/07/29 19:56:21.971, 297.92, 100, 74232, 71
2026/07/29 19:56:23.009, 299.27, 100, 74232, 71
2026/07/29 19:56:24.048, 299.10, 100, 74232, 71
2026/07/29 19:56:25.084, 293.55, 100, 74232, 71
2026/07/29 19:56:26.124, 300.83, 100, 74232, 71
2026/07/29 19:56:27.160, 305.63, 100, 74232, 71
2026/07/29 19:56:28.197, 96.46, 0, 74232, 67
2026/07/29 19:56:29.229, 94.38, 0, 74232, 67
2026/07/29 19:56:30.261, 93.29, 0, 74232, 66
2026/07/29 19:56:31.295, 92.23, 0, 74232, 65
2026/07/29 19:56:32.327, 92.24, 0, 74232, 65
2026/07/29 19:56:33.359, 91.16, 0, 74232, 64
2026/07/29 19:56:34.390, 90.59, 0, 74232, 64
2026/07/29 19:56:35.423, 89.99, 0, 74232, 63
2026/07/29 19:56:36.454, 90.32, 0, 74232, 63
2026/07/29 19:56:37.485, 89.39, 0, 74232, 62
2026/07/29 19:56:38.516, 88.73, 0, 74232, 62
2026/07/29 19:56:39.550, 89.10, 0, 74232, 62
2026/07/29 19:56:40.582, 87.96, 0, 74232, 61
2026/07/29 19:56:41.613, 87.42, 0, 74232, 61
2026/07/29 19:56:42.646, 87.20, 0, 74232, 61
2026/07/29 19:56:43.678, 86.50, 0, 74232, 60
2026/07/29 19:56:44.709, 86.32, 0, 74232, 60
2026/07/29 19:56:45.740, 85.46, 0, 74232, 60
2026/07/29 19:56:46.771, 85.38, 0, 74232, 59
2026/07/29 19:56:47.800, 85.32, 0, 74232, 59
2026/07/29 19:56:48.832, 84.63, 0, 74232, 59
2026/07/29 19:56:49.863, 85.07, 0, 74232, 58
2026/07/29 19:56:50.894, 298.40, 100, 74232, 64
2026/07/29 19:56:51.929, 306.55, 100, 74232, 64
2026/07/29 19:56:52.965, 313.54, 100, 74232, 65
2026/07/29 19:56:53.999, 285.67, 100, 74232, 65
2026/07/29 19:56:55.032, 290.25, 100, 74232, 63
2026/07/29 19:56:56.069, 306.27, 100, 74232, 63
2026/07/29 19:56:57.110, 294.52, 100, 74232, 64
2026/07/29 19:56:58.146, 292.97, 100, 74232, 64
2026/07/29 19:56:59.184, 299.21, 100, 74232, 64
2026/07/29 19:57:00.221, 298.23, 100, 74232, 64
2026/07/29 19:57:01.259, 288.19, 100, 74232, 64
2026/07/29 19:57:02.297, 298.50, 100, 74232, 65
2026/07/29 19:57:03.333, 304.97, 100, 74232, 67
2026/07/29 19:57:04.368, 297.45, 100, 74232, 67
2026/07/29 19:57:05.404, 305.98, 100, 74232, 67
2026/07/29 19:57:06.443, 294.43, 100, 74232, 67
2026/07/29 19:57:07.478, 302.97, 100, 74232, 66
2026/07/29 19:57:08.514, 306.89, 100, 74232, 66
2026/07/29 19:57:09.550, 297.05, 100, 74232, 66
2026/07/29 19:57:10.586, 298.32, 100, 74232, 66
2026/07/29 19:57:11.626, 307.57, 100, 74232, 66
2026/07/29 19:57:12.662, 304.69, 100, 74232, 66
2026/07/29 19:57:13.702, 280.98, 100, 74232, 68
2026/07/29 19:57:14.737, 279.34, 100, 74232, 68
2026/07/29 19:57:15.774, 299.67, 100, 74232, 69
2026/07/29 19:57:16.809, 296.53, 100, 74232, 69
2026/07/29 19:57:17.843, 289.00, 100, 74232, 69
2026/07/29 19:57:18.880, 295.29, 100, 74232, 67
2026/07/29 19:57:19.918, 294.63, 100, 74232, 67
2026/07/29 19:57:20.960, 301.02, 100, 74232, 67
2026/07/29 19:57:21.997, 294.42, 100, 74232, 68
2026/07/29 19:57:23.036, 299.58, 100, 74232, 69
2026/07/29 19:57:24.072, 291.45, 100, 74232, 69
2026/07/29 19:57:25.110, 299.40, 100, 74232, 70
2026/07/29 19:57:26.145, 305.52, 100, 74232, 70
2026/07/29 19:57:27.181, 305.99, 100, 74232, 70
2026/07/29 19:57:28.224, 274.74, 100, 74232, 68
2026/07/29 19:57:29.262, 294.81, 100, 74232, 68
2026/07/29 19:57:30.299, 302.00, 100, 74232, 68
2026/07/29 19:57:31.337, 295.63, 100, 74232, 70
2026/07/29 19:57:32.375, 290.31, 100, 74232, 70
2026/07/29 19:57:33.409, 300.71, 100, 74232, 70
2026/07/29 19:57:34.444, 282.35, 100, 74232, 70
2026/07/29 19:57:35.480, 297.70, 100, 74232, 70
2026/07/29 19:57:36.521, 297.16, 100, 74232, 70
2026/07/29 19:57:37.559, 300.47, 100, 74232, 69
2026/07/29 19:57:38.597, 298.33, 100, 74232, 69
2026/07/29 19:57:39.634, 301.04, 100, 74232, 69
2026/07/29 19:57:40.672, 303.66, 100, 74232, 71
2026/07/29 19:57:41.709, 288.18, 100, 74232, 71
2026/07/29 19:57:42.744, 291.40, 100, 74232, 71
2026/07/29 19:57:43.778, 293.51, 100, 74232, 71
2026/07/29 19:57:44.813, 296.10, 100, 74232, 71
2026/07/29 19:57:45.850, 293.86, 100, 74232, 71
2026/07/29 19:57:46.890, 296.66, 100, 74232, 70
2026/07/29 19:57:47.928, 303.67, 100, 74232, 70
2026/07/29 19:57:48.966, 305.79, 100, 74232, 70
2026/07/29 19:57:50.002, 313.28, 100, 74232, 70
2026/07/29 19:57:51.040, 292.87, 100, 74232, 70
2026/07/29 19:57:52.077, 295.87, 100, 74232, 70
2026/07/29 19:57:53.115, 296.18, 100, 74232, 70
2026/07/29 19:57:54.152, 293.73, 100, 74232, 70
2026/07/29 19:57:55.189, 295.40, 100, 74232, 70
2026/07/29 19:57:56.225, 290.16, 100, 74232, 70
2026/07/29 19:57:57.262, 290.64, 100, 74232, 70
2026/07/29 19:57:58.297, 294.45, 100, 74232, 70
2026/07/29 19:57:59.333, 298.22, 100, 74232, 70
2026/07/29 19:58:00.368, 301.84, 100, 74232, 70
2026/07/29 19:58:01.404, 302.17, 100, 74232, 70
2026/07/29 19:58:02.442, 304.37, 100, 74232, 70
2026/07/29 19:58:03.479, 296.37, 100, 74232, 70
2026/07/29 19:58:04.517, 298.39, 100, 74232, 70
2026/07/29 19:58:05.553, 304.81, 100, 74232, 70
2026/07/29 19:58:06.591, 302.48, 100, 74232, 70
2026/07/29 19:58:07.627, 302.87, 100, 74232, 70
2026/07/29 19:58:08.663, 297.92, 100, 74232, 70
2026/07/29 19:58:09.702, 302.59, 100, 74232, 70
2026/07/29 19:58:10.741, 301.50, 100, 74232, 70
2026/07/29 19:58:11.778, 302.59, 100, 74232, 70
2026/07/29 19:58:12.816, 297.55, 100, 74232, 70
2026/07/29 19:58:13.853, 296.18, 100, 74232, 70
2026/07/29 19:58:14.889, 308.96, 100, 74232, 70
2026/07/29 19:58:15.926, 295.10, 100, 74232, 70
2026/07/29 19:58:16.963, 287.35, 100, 74232, 70
2026/07/29 19:58:18.007, 291.50, 100, 74232, 70
2026/07/29 19:58:19.044, 294.81, 100, 74232, 70
2026/07/29 19:58:20.082, 295.99, 100, 74232, 70
2026/07/29 19:58:21.120, 302.96, 100, 74232, 70
2026/07/29 19:58:22.158, 304.14, 100, 74232, 70
2026/07/29 19:58:23.197, 298.61, 100, 74232, 70
2026/07/29 19:58:24.235, 298.73, 100, 74232, 70
2026/07/29 19:58:25.271, 297.92, 100, 74232, 70
2026/07/29 19:58:26.307, 304.05, 100, 74232, 70
2026/07/29 19:58:27.348, 303.36, 100, 74232, 70
2026/07/29 19:58:28.386, 302.51, 100, 74232, 70
2026/07/29 19:58:29.423, 299.49, 100, 74232, 70
2026/07/29 19:58:30.460, 304.27, 100, 74232, 70
2026/07/29 19:58:31.497, 299.57, 100, 74232, 70
2026/07/29 19:58:32.534, 298.42, 100, 74232, 70
2026/07/29 19:58:33.572, 299.35, 100, 74232, 70
2026/07/29 19:58:34.610, 300.95, 100, 74232, 70
2026/07/29 19:58:35.647, 300.73, 100, 74232, 70
2026/07/29 19:58:36.685, 291.82, 100, 74232, 70
2026/07/29 19:58:37.723, 290.25, 100, 74232, 70
2026/07/29 19:58:38.760, 294.03, 100, 74232, 70
2026/07/29 19:58:39.799, 296.36, 100, 74232, 70
2026/07/29 19:58:40.836, 293.45, 100, 74232, 70
2026/07/29 19:58:41.874, 296.77, 100, 74232, 70
2026/07/29 19:58:42.914, 302.58, 100, 74232, 70
2026/07/29 19:58:43.952, 303.08, 100, 74232, 70
2026/07/29 19:58:44.989, 303.94, 100, 74232, 70
2026/07/29 19:58:46.025, 297.64, 100, 74232, 70
2026/07/29 19:58:47.061, 305.62, 100, 74232, 70
2026/07/29 19:58:48.098, 299.09, 100, 74232, 70
2026/07/29 19:58:49.135, 299.39, 100, 74232, 70
2026/07/29 19:58:50.172, 302.09, 100, 74232, 70
2026/07/29 19:58:51.209, 294.41, 100, 74232, 70
2026/07/29 19:58:52.246, 301.24, 100, 74232, 70
2026/07/29 19:58:53.282, 302.12, 100, 74232, 70
2026/07/29 19:58:54.320, 296.28, 100, 74232, 70
2026/07/29 19:58:55.357, 295.39, 100, 74232, 70
2026/07/29 19:58:56.396, 295.12, 100, 74232, 70
2026/07/29 19:58:57.433, 295.30, 100, 74232, 70
2026/07/29 19:58:58.473, 296.47, 100, 74232, 70
2026/07/29 19:58:59.509, 298.04, 100, 74232, 70
2026/07/29 19:59:00.547, 296.55, 100, 74232, 70
2026/07/29 19:59:01.583, 291.30, 100, 74232, 70
2026/07/29 19:59:02.621, 292.39, 100, 74232, 70
2026/07/29 19:59:03.658, 304.34, 100, 74232, 70
2026/07/29 19:59:04.694, 300.55, 100, 74232, 70
2026/07/29 19:59:05.730, 301.14, 100, 74232, 70
2026/07/29 19:59:06.765, 298.42, 100, 74232, 70
2026/07/29 19:59:07.801, 300.57, 100, 74232, 70
2026/07/29 19:59:08.838, 302.97, 100, 74232, 70
2026/07/29 19:59:09.875, 295.48, 100, 74232, 70
2026/07/29 19:59:10.911, 301.12, 100, 74232, 70
2026/07/29 19:59:11.948, 301.72, 100, 74232, 70
2026/07/29 19:59:12.985, 303.47, 100, 74232, 70
2026/07/29 19:59:14.021, 298.79, 84, 74232, 71
2026/07/29 19:59:15.057, 310.14, 100, 74232, 71
2026/07/29 19:59:16.091, 306.08, 100, 74232, 71
2026/07/29 19:59:17.125, 291.70, 100, 74232, 71
2026/07/29 19:59:18.159, 272.20, 100, 74232, 71
2026/07/29 19:59:19.201, 312.08, 100, 74232, 71
2026/07/29 19:59:20.234, 329.95, 100, 74232, 72
2026/07/29 19:59:21.268, 302.96, 100, 74232, 70
2026/07/29 19:59:22.306, 300.04, 100, 74232, 70
2026/07/29 19:59:23.343, 308.78, 100, 74232, 70
2026/07/29 19:59:24.383, 301.70, 100, 74232, 70
2026/07/29 19:59:25.420, 302.29, 100, 74232, 70
2026/07/29 19:59:26.458, 303.87, 100, 74232, 70
2026/07/29 19:59:27.493, 301.39, 100, 74232, 70
2026/07/29 19:59:28.530, 303.96, 100, 74232, 70
2026/07/29 19:59:29.567, 303.77, 100, 74232, 70
2026/07/29 19:59:30.604, 301.15, 100, 74232, 70
2026/07/29 19:59:31.641, 302.70, 100, 74232, 70
2026/07/29 19:59:32.676, 304.53, 100, 74232, 70
2026/07/29 19:59:33.712, 304.83, 100, 74232, 70
2026/07/29 19:59:34.748, 301.62, 100, 74232, 70
2026/07/29 19:59:35.785, 294.61, 100, 74232, 70
2026/07/29 19:59:36.822, 297.61, 100, 74232, 70
2026/07/29 19:59:37.862, 298.11, 100, 74232, 70
2026/07/29 19:59:38.898, 299.97, 100, 74232, 70
2026/07/29 19:59:39.935, 296.27, 100, 74232, 70
2026/07/29 19:59:40.971, 297.54, 100, 74232, 70
2026/07/29 19:59:42.009, 296.77, 100, 74232, 70
2026/07/29 19:59:43.046, 299.88, 100, 74232, 70
2026/07/29 19:59:44.084, 303.85, 100, 74232, 70
2026/07/29 19:59:45.121, 301.63, 100, 74232, 70
2026/07/29 19:59:46.161, 304.13, 100, 74232, 70
2026/07/29 19:59:47.197, 303.25, 100, 74232, 70
2026/07/29 19:59:48.239, 297.52, 100, 74232, 70
2026/07/29 19:59:49.277, 296.74, 100, 74232, 70
2026/07/29 19:59:50.314, 290.71, 100, 74232, 70
2026/07/29 19:59:51.350, 298.21, 100, 74232, 70
2026/07/29 19:59:52.389, 293.16, 100, 74232, 70
2026/07/29 19:59:53.428, 293.36, 100, 74232, 70
2026/07/29 19:59:54.466, 297.54, 100, 74232, 70
2026/07/29 19:59:55.513, 304.61, 100, 74232, 70
2026/07/29 19:59:56.550, 293.37, 100, 74232, 70
2026/07/29 19:59:57.586, 307.61, 100, 74232, 70
2026/07/29 19:59:58.623, 304.33, 100, 74232, 70
2026/07/29 19:59:59.661, 304.53, 100, 74232, 70
2026/07/29 20:00:00.697, 294.90, 100, 74232, 70
2026/07/29 20:00:01.735, 303.84, 100, 74232, 70
2026/07/29 20:00:02.772, 296.16, 100, 74232, 70
2026/07/29 20:00:03.809, 292.27, 100, 74232, 70
2026/07/29 20:00:04.845, 295.20, 100, 74232, 70
2026/07/29 20:00:05.883, 297.25, 100, 74232, 70
2026/07/29 20:00:06.920, 304.13, 100, 74232, 70
2026/07/29 20:00:07.957, 298.97, 100, 74232, 70
2026/07/29 20:00:08.994, 303.55, 100, 74232, 70
2026/07/29 20:00:10.032, 298.31, 100, 74232, 70
2026/07/29 20:00:11.068, 297.74, 100, 74232, 70
2026/07/29 20:00:12.105, 297.04, 100, 74232, 70
2026/07/29 20:00:13.142, 295.70, 100, 74232, 70
2026/07/29 20:00:14.182, 303.45, 100, 74232, 70
2026/07/29 20:00:15.219, 304.34, 100, 74232, 70
2026/07/29 20:00:16.258, 302.39, 100, 74232, 70
2026/07/29 20:00:17.295, 297.72, 100, 74232, 70
2026/07/29 20:00:18.332, 296.37, 100, 74232, 70
2026/07/29 20:00:19.370, 301.33, 100, 74232, 70
2026/07/29 20:00:20.412, 292.96, 100, 74232, 70
2026/07/29 20:00:21.452, 297.92, 100, 74232, 70
2026/07/29 20:00:22.490, 304.02, 100, 74232, 70
2026/07/29 20:00:23.531, 294.14, 100, 74232, 70
2026/07/29 20:00:24.568, 292.96, 100, 74232, 70
2026/07/29 20:00:25.610, 295.71, 100, 74232, 70
2026/07/29 20:00:26.647, 303.64, 100, 74232, 70
2026/07/29 20:00:27.683, 304.37, 100, 74232, 70
2026/07/29 20:00:28.721, 301.51, 100, 74232, 70
2026/07/29 20:00:29.758, 300.08, 100, 74232, 70
2026/07/29 20:00:30.795, 298.11, 100, 74232, 70
2026/07/29 20:00:31.831, 304.14, 100, 74232, 70
2026/07/29 20:00:32.868, 301.14, 100, 74232, 70
2026/07/29 20:00:33.905, 293.36, 100, 74232, 70
2026/07/29 20:00:34.942, 300.45, 100, 74232, 70
2026/07/29 20:00:35.979, 303.95, 100, 74232, 70
2026/07/29 20:00:37.017, 304.81, 100, 74232, 70
2026/07/29 20:00:38.053, 300.73, 100, 74232, 70
2026/07/29 20:00:39.090, 304.36, 100, 74232, 70
2026/07/29 20:00:40.127, 303.27, 100, 74232, 70
2026/07/29 20:00:41.164, 304.92, 100, 74232, 70
2026/07/29 20:00:42.200, 300.34, 100, 74232, 70
2026/07/29 20:00:43.240, 303.14, 100, 74232, 70
2026/07/29 20:00:44.276, 298.79, 100, 74232, 70
2026/07/29 20:00:45.315, 298.19, 100, 74232, 70
2026/07/29 20:00:46.351, 293.34, 100, 74232, 70
2026/07/29 20:00:47.392, 298.51, 100, 74232, 70
2026/07/29 20:00:48.429, 303.16, 100, 74232, 70
2026/07/29 20:00:49.465, 304.94, 100, 74232, 70
2026/07/29 20:00:50.502, 298.10, 100, 74232, 70
2026/07/29 20:00:51.540, 296.46, 100, 74232, 70
2026/07/29 20:00:52.576, 303.64, 100, 74232, 70
2026/07/29 20:00:53.615, 300.43, 100, 74232, 70
2026/07/29 20:00:54.652, 297.05, 100, 74232, 70
2026/07/29 20:00:55.689, 301.63, 100, 74232, 70
2026/07/29 20:00:56.725, 300.27, 100, 74232, 70
2026/07/29 20:00:57.763, 298.23, 100, 74232, 70
2026/07/29 20:00:58.800, 303.48, 100, 74232, 70
2026/07/29 20:00:59.837, 299.68, 100, 74232, 70
2026/07/29 20:01:00.876, 297.64, 100, 74232, 70
2026/07/29 20:01:01.913, 297.46, 100, 74232, 70
2026/07/29 20:01:02.949, 293.93, 100, 74232, 70
2026/07/29 20:01:03.985, 296.75, 100, 74232, 70
2026/07/29 20:01:05.022, 297.04, 100, 74232, 70
2026/07/29 20:01:06.059, 298.22, 100, 74232, 70
2026/07/29 20:01:07.096, 295.50, 100, 74232, 70
2026/07/29 20:01:08.134, 296.07, 100, 74232, 70
2026/07/29 20:01:09.173, 304.79, 100, 74232, 70
2026/07/29 20:01:10.214, 305.43, 100, 74232, 70
2026/07/29 20:01:11.251, 299.76, 100, 74232, 70
2026/07/29 20:01:12.287, 292.58, 100, 74232, 70
2026/07/29 20:01:13.323, 297.43, 100, 74232, 70
2026/07/29 20:01:14.366, 305.69, 100, 74232, 70
2026/07/29 20:01:15.402, 306.37, 100, 74232, 70
2026/07/29 20:01:16.438, 295.39, 100, 74232, 70
2026/07/29 20:01:17.478, 297.45, 100, 74232, 70
2026/07/29 20:01:18.516, 303.64, 100, 74232, 70
2026/07/29 20:01:19.553, 305.20, 100, 74232, 70
2026/07/29 20:01:20.590, 299.48, 100, 74232, 70
2026/07/29 20:01:21.627, 293.45, 100, 74232, 70
2026/07/29 20:01:22.664, 297.04, 100, 74232, 70
2026/07/29 20:01:23.702, 297.33, 100, 74232, 70
2026/07/29 20:01:24.739, 292.11, 100, 74232, 70
2026/07/29 20:01:25.776, 297.77, 100, 74232, 70
2026/07/29 20:01:26.812, 297.06, 100, 74232, 70
2026/07/29 20:01:27.849, 292.07, 100, 74232, 70
2026/07/29 20:01:28.885, 297.24, 100, 74232, 70
2026/07/29 20:01:29.921, 295.01, 100, 74232, 70
2026/07/29 20:01:30.960, 295.10, 100, 74232, 70
2026/07/29 20:01:31.997, 292.28, 100, 74232, 70
2026/07/29 20:01:33.036, 297.24, 100, 74232, 70
2026/07/29 20:01:34.073, 297.82, 100, 74232, 70
2026/07/29 20:01:35.110, 293.66, 100, 74232, 70
2026/07/29 20:01:36.148, 299.57, 100, 74232, 70
2026/07/29 20:01:37.185, 304.84, 100, 74232, 70
2026/07/29 20:01:38.223, 303.58, 100, 74232, 70
2026/07/29 20:01:39.259, 304.25, 100, 74232, 70
2026/07/29 20:01:40.296, 304.72, 100, 74232, 70
2026/07/29 20:01:41.336, 298.71, 100, 74232, 70
2026/07/29 20:01:42.374, 298.02, 100, 74232, 70
2026/07/29 20:01:43.411, 293.94, 100, 74232, 70
2026/07/29 20:01:44.451, 298.99, 100, 74232, 70
2026/07/29 20:01:45.488, 295.69, 100, 74232, 70
2026/07/29 20:01:46.525, 297.14, 100, 74232, 70
2026/07/29 20:01:47.561, 294.05, 100, 74232, 70
2026/07/29 20:01:48.597, 294.02, 100, 74232, 70
2026/07/29 20:01:49.634, 299.38, 100, 74232, 70
2026/07/29 20:01:50.670, 302.60, 100, 74232, 70
2026/07/29 20:01:51.708, 303.83, 100, 74232, 70
2026/07/29 20:01:52.745, 296.06, 100, 74232, 70
2026/07/29 20:01:53.782, 293.52, 100, 74232, 70
2026/07/29 20:01:54.822, 302.20, 100, 74232, 70
2026/07/29 20:01:55.860, 303.76, 100, 74232, 70
2026/07/29 20:01:56.896, 301.23, 100, 74232, 70
2026/07/29 20:01:57.933, 303.54, 100, 74232, 70
2026/07/29 20:01:58.970, 299.09, 100, 74232, 70
2026/07/29 20:02:00.008, 303.94, 100, 74232, 70
2026/07/29 20:02:01.047, 303.65, 100, 74232, 70
2026/07/29 20:02:02.086, 301.79, 100, 74232, 70
2026/07/29 20:02:03.125, 294.32, 100, 74232, 70
2026/07/29 20:02:04.165, 303.19, 100, 74232, 70
2026/07/29 20:02:05.201, 304.63, 100, 74232, 70
2026/07/29 20:02:06.237, 298.42, 100, 74232, 70
2026/07/29 20:02:07.273, 299.96, 100, 74232, 70
2026/07/29 20:02:08.311, 302.70, 100, 74232, 70
2026/07/29 20:02:09.349, 298.01, 100, 74232, 70
2026/07/29 20:02:10.387, 303.18, 100, 74232, 70
2026/07/29 20:02:11.423, 304.53, 100, 74232, 70
2026/07/29 20:02:12.460, 301.04, 100, 74232, 70
2026/07/29 20:02:13.498, 299.49, 100, 74232, 70
2026/07/29 20:02:14.535, 305.46, 100, 74232, 71
2026/07/29 20:02:15.578, 302.92, 100, 74232, 72
2026/07/29 20:02:16.613, 275.86, 100, 74232, 71
2026/07/29 20:02:17.651, 274.48, 100, 74232, 71
2026/07/29 20:02:18.685, 263.97, 100, 74232, 71
2026/07/29 20:02:19.718, 281.07, 100, 74232, 71
2026/07/29 20:02:20.751, 268.13, 100, 74232, 72
2026/07/29 20:02:21.787, 298.97, 100, 74232, 70
2026/07/29 20:02:22.824, 294.73, 100, 74232, 70
2026/07/29 20:02:23.861, 295.77, 100, 74232, 70
2026/07/29 20:02:24.898, 296.46, 100, 74232, 70
2026/07/29 20:02:25.935, 293.35, 100, 74232, 70
2026/07/29 20:02:26.972, 296.86, 100, 74232, 70
2026/07/29 20:02:28.012, 295.29, 100, 74232, 70
2026/07/29 20:02:29.049, 296.86, 100, 74232, 70
2026/07/29 20:02:30.086, 290.75, 100, 74232, 70
2026/07/29 20:02:31.122, 292.30, 100, 74232, 70
2026/07/29 20:02:32.159, 296.94, 100, 74232, 70
2026/07/29 20:02:33.196, 298.02, 100, 74232, 68
2026/07/29 20:02:34.234, 304.22, 100, 74232, 70
2026/07/29 20:02:35.272, 302.63, 100, 74232, 70
2026/07/29 20:02:36.309, 300.77, 100, 74232, 70
2026/07/29 20:02:37.345, 299.88, 100, 74232, 70
2026/07/29 20:02:38.381, 302.50, 100, 74232, 70
2026/07/29 20:02:39.417, 302.96, 100, 74232, 70
2026/07/29 20:02:40.456, 303.36, 100, 74232, 70
2026/07/29 20:02:41.493, 296.29, 100, 74232, 70
2026/07/29 20:02:42.534, 303.05, 100, 74232, 70
2026/07/29 20:02:43.574, 294.61, 100, 74232, 70
2026/07/29 20:02:44.611, 298.18, 100, 74232, 70
2026/07/29 20:02:45.651, 291.88, 100, 74232, 70
2026/07/29 20:02:46.688, 302.67, 100, 74232, 70
2026/07/29 20:02:47.725, 299.20, 100, 74232, 70
2026/07/29 20:02:48.763, 300.64, 100, 74232, 70
2026/07/29 20:02:49.800, 302.61, 100, 74232, 70
2026/07/29 20:02:50.837, 300.44, 100, 74232, 70
2026/07/29 20:02:51.874, 303.08, 100, 74232, 70
2026/07/29 20:02:52.911, 302.52, 100, 74232, 70
2026/07/29 20:02:53.947, 294.04, 100, 74232, 70
2026/07/29 20:02:54.986, 304.51, 100, 74232, 70
2026/07/29 20:02:56.023, 303.95, 100, 74232, 70
2026/07/29 20:02:57.067, 304.47, 100, 74232, 70
2026/07/29 20:02:58.104, 297.53, 100, 74232, 70
2026/07/29 20:02:59.141, 296.94, 100, 74232, 70
2026/07/29 20:03:00.179, 302.03, 100, 74232, 70
2026/07/29 20:03:01.216, 294.24, 100, 74232, 70
2026/07/29 20:03:02.253, 295.01, 100, 74232, 70
2026/07/29 20:03:03.289, 295.19, 100, 74232, 70
2026/07/29 20:03:04.327, 297.34, 100, 74232, 70
2026/07/29 20:03:05.363, 297.54, 100, 74232, 70
2026/07/29 20:03:06.404, 302.40, 100, 74232, 70
2026/07/29 20:03:07.442, 296.57, 100, 74232, 70
2026/07/29 20:03:08.478, 303.08, 100, 74232, 70
2026/07/29 20:03:09.517, 302.90, 100, 74232, 70
2026/07/29 20:03:10.555, 302.58, 100, 74232, 70
2026/07/29 20:03:11.592, 302.59, 100, 74232, 70
2026/07/29 20:03:12.629, 293.96, 100, 74232, 70
2026/07/29 20:03:13.667, 301.15, 100, 74232, 70
2026/07/29 20:03:14.704, 300.34, 100, 74232, 70
2026/07/29 20:03:15.742, 292.58, 100, 74232, 70
2026/07/29 20:03:16.781, 295.01, 100, 74232, 70
2026/07/29 20:03:17.820, 293.27, 100, 74232, 70
2026/07/29 20:03:18.857, 302.20, 100, 74232, 70
2026/07/29 20:03:19.899, 306.10, 100, 74232, 70
2026/07/29 20:03:20.936, 295.21, 100, 74232, 70
2026/07/29 20:03:21.973, 292.49, 100, 74232, 70
2026/07/29 20:03:23.015, 294.84, 100, 74232, 70
2026/07/29 20:03:24.053, 301.11, 100, 74232, 70
2026/07/29 20:03:25.093, 295.28, 100, 74232, 70
2026/07/29 20:03:26.132, 294.82, 100, 74232, 70
2026/07/29 20:03:27.170, 296.67, 100, 74232, 70
2026/07/29 20:03:28.208, 298.39, 100, 74232, 70
2026/07/29 20:03:29.246, 299.36, 100, 74232, 70
2026/07/29 20:03:30.286, 304.52, 100, 74232, 70
2026/07/29 20:03:31.323, 299.67, 100, 74232, 70
2026/07/29 20:03:32.361, 294.32, 100, 74232, 70
2026/07/29 20:03:33.398, 292.96, 100, 74232, 70
2026/07/29 20:03:34.436, 299.08, 100, 74232, 70
2026/07/29 20:03:35.474, 299.56, 100, 74232, 70
2026/07/29 20:03:36.511, 297.06, 100, 74232, 69
2026/07/29 20:03:37.548, 300.74, 100, 74232, 70
2026/07/29 20:03:38.585, 296.25, 100, 74232, 70
2026/07/29 20:03:39.622, 297.17, 100, 74232, 69
2026/07/29 20:03:40.659, 295.60, 100, 74232, 69
2026/07/29 20:03:41.696, 296.09, 100, 74232, 69
2026/07/29 20:03:42.734, 306.66, 100, 74232, 69
2026/07/29 20:03:43.772, 298.78, 100, 74232, 69
2026/07/29 20:03:44.809, 292.29, 100, 74232, 70
2026/07/29 20:03:45.847, 301.10, 100, 74232, 70
2026/07/29 20:03:46.887, 294.81, 100, 74232, 70
2026/07/29 20:03:47.924, 300.52, 100, 74232, 70
2026/07/29 20:03:48.961, 301.73, 100, 74232, 70
2026/07/29 20:03:49.998, 296.73, 100, 74232, 69
2026/07/29 20:03:51.036, 289.67, 100, 74232, 69
2026/07/29 20:03:52.073, 293.57, 100, 74232, 69
2026/07/29 20:03:53.112, 296.45, 100, 74232, 69
2026/07/29 20:03:54.149, 297.17, 100, 74232, 69
2026/07/29 20:03:55.187, 297.04, 100, 74232, 69
2026/07/29 20:03:56.230, 300.65, 100, 74232, 70
2026/07/29 20:03:57.266, 301.30, 100, 74232, 69
2026/07/29 20:03:58.304, 301.81, 100, 74232, 69
2026/07/29 20:03:59.342, 300.94, 100, 74232, 70
2026/07/29 20:04:00.381, 301.01, 100, 74232, 69
2026/07/29 20:04:01.417, 299.39, 100, 74232, 69
2026/07/29 20:04:02.454, 299.88, 100, 74232, 69
2026/07/29 20:04:03.494, 298.31, 100, 74232, 69
2026/07/29 20:04:04.532, 301.42, 100, 74232, 69
2026/07/29 20:04:05.568, 300.83, 100, 74232, 69
2026/07/29 20:04:06.607, 296.96, 100, 74232, 69
2026/07/29 20:04:07.645, 299.36, 100, 74232, 69
2026/07/29 20:04:08.683, 298.49, 100, 74232, 69
2026/07/29 20:04:09.720, 297.34, 100, 74232, 69
2026/07/29 20:04:10.757, 298.68, 100, 74232, 69
2026/07/29 20:04:11.794, 297.90, 100, 74232, 69
2026/07/29 20:04:12.831, 302.00, 100, 74232, 69
2026/07/29 20:04:13.869, 305.20, 100, 74232, 69
2026/07/29 20:04:14.907, 294.21, 100, 74232, 69
2026/07/29 20:04:15.946, 294.63, 100, 74232, 69
2026/07/29 20:04:16.984, 294.62, 100, 74232, 69
2026/07/29 20:04:18.024, 297.01, 100, 74232, 69
2026/07/29 20:04:19.062, 290.31, 100, 74232, 69
2026/07/29 20:04:20.100, 291.89, 100, 74232, 69
2026/07/29 20:04:21.137, 293.72, 100, 74232, 69
2026/07/29 20:04:22.181, 298.02, 100, 74232, 69
2026/07/29 20:04:23.223, 293.86, 100, 74232, 71
2026/07/29 20:04:24.259, 279.79, 100, 74232, 71
2026/07/29 20:04:25.300, 309.92, 100, 74232, 71
2026/07/29 20:04:26.333, 295.67, 100, 74232, 71
2026/07/29 20:04:27.368, 326.49, 100, 74232, 71
2026/07/29 20:04:28.404, 303.08, 100, 74232, 71
2026/07/29 20:04:29.443, 301.91, 100, 74232, 70
2026/07/29 20:04:30.481, 291.98, 100, 74232, 70
2026/07/29 20:04:31.518, 297.82, 100, 74232, 70
2026/07/29 20:04:32.556, 302.01, 100, 74232, 70
2026/07/29 20:04:33.597, 296.68, 100, 74232, 70
2026/07/29 20:04:34.635, 95.11, 52, 74232, 67
2026/07/29 20:04:35.667, 299.44, 100, 74232, 71
2026/07/29 20:04:36.702, 302.97, 100, 74232, 71
2026/07/29 20:04:37.738, 296.99, 100, 74232, 72
2026/07/29 20:04:38.775, 291.39, 100, 74232, 72
2026/07/29 20:04:39.813, 297.49, 100, 74232, 72
2026/07/29 20:04:40.852, 294.32, 100, 74232, 70
2026/07/29 20:04:41.889, 297.12, 100, 74232, 70
2026/07/29 20:04:42.929, 282.92, 100, 74232, 70
2026/07/29 20:04:43.966, 291.31, 100, 74232, 70
2026/07/29 20:04:45.007, 297.55, 100, 74232, 70
2026/07/29 20:04:46.045, 95.53, 43, 74232, 67
2026/07/29 20:04:47.077, 295.11, 100, 74232, 72
2026/07/29 20:04:48.112, 292.59, 100, 74232, 72
2026/07/29 20:04:49.150, 307.41, 100, 74232, 72
2026/07/29 20:04:50.187, 308.28, 100, 74232, 72
2026/07/29 20:04:51.222, 289.98, 100, 74232, 72
2026/07/29 20:04:52.257, 271.58, 100, 74232, 70
2026/07/29 20:04:53.297, 279.52, 100, 74232, 70
2026/07/29 20:04:54.336, 289.55, 100, 74232, 70
2026/07/29 20:04:55.373, 302.79, 100, 74232, 71
2026/07/29 20:04:56.412, 295.49, 100, 74232, 71
2026/07/29 20:04:57.455, 298.70, 84, 74232, 72
2026/07/29 20:04:58.491, 281.72, 100, 74232, 72
2026/07/29 20:04:59.527, 306.10, 100, 74232, 72
2026/07/29 20:05:00.564, 302.29, 100, 74232, 72
2026/07/29 20:05:01.598, 288.52, 100, 74232, 72
2026/07/29 20:05:02.632, 272.50, 100, 74232, 72
2026/07/29 20:05:03.668, 305.60, 100, 74232, 71
2026/07/29 20:05:04.705, 302.87, 100, 74232, 71
2026/07/29 20:05:05.743, 303.73, 100, 74232, 71
2026/07/29 20:05:06.780, 298.71, 100, 74232, 71
2026/07/29 20:05:07.817, 303.07, 100, 74232, 71
2026/07/29 20:05:08.854, 304.12, 100, 74232, 71
2026/07/29 20:05:09.891, 306.21, 100, 74232, 71
2026/07/29 20:05:10.925, 297.37, 100, 74232, 72
2026/07/29 20:05:11.960, 296.84, 100, 74232, 73
2026/07/29 20:05:12.993, 300.05, 100, 74232, 73
2026/07/29 20:05:14.027, 277.70, 100, 74232, 73
2026/07/29 20:05:15.062, 312.88, 100, 74232, 73
2026/07/29 20:05:16.096, 282.65, 100, 74232, 73
2026/07/29 20:05:17.130, 305.22, 100, 74232, 71
2026/07/29 20:05:18.167, 307.39, 100, 74232, 71
2026/07/29 20:05:19.204, 304.91, 100, 74232, 71
2026/07/29 20:05:20.242, 306.78, 100, 74232, 71
2026/07/29 20:05:21.280, 96.82, 0, 74232, 68
2026/07/29 20:05:22.313, 289.18, 100, 74232, 73
2026/07/29 20:05:23.348, 303.65, 100, 74232, 73
2026/07/29 20:05:24.382, 307.37, 100, 74232, 73
2026/07/29 20:05:25.416, 307.65, 100, 74232, 73
2026/07/29 20:05:26.453, 307.49, 100, 74232, 73
2026/07/29 20:05:27.491, 304.75, 100, 74232, 73
2026/07/29 20:05:28.532, 306.32, 100, 74232, 71
2026/07/29 20:05:29.569, 302.07, 100, 74232, 71
2026/07/29 20:05:30.604, 301.80, 100, 74232, 71
2026/07/29 20:05:31.643, 302.68, 100, 74232, 71
2026/07/29 20:05:32.680, 97.06, 7, 74232, 68
2026/07/29 20:05:33.713, 300.28, 100, 74232, 73
2026/07/29 20:05:34.747, 292.79, 100, 74232, 73
2026/07/29 20:05:35.783, 294.82, 100, 74232, 73
2026/07/29 20:05:36.825, 296.77, 100, 74232, 73
2026/07/29 20:05:37.858, 292.18, 100, 74232, 73
2026/07/29 20:05:38.893, 289.45, 100, 74232, 73
2026/07/29 20:05:39.928, 298.04, 100, 74232, 71
2026/07/29 20:05:40.966, 305.00, 100, 74232, 71
2026/07/29 20:05:42.004, 300.55, 100, 74232, 71
2026/07/29 20:05:43.040, 301.71, 100, 74232, 71
2026/07/29 20:05:44.078, 304.61, 100, 74232, 71
2026/07/29 20:05:45.115, 317.92, 0, 74232, 72
2026/07/29 20:05:46.150, 293.68, 100, 74232, 73
2026/07/29 20:05:47.188, 312.24, 100, 74232, 73
2026/07/29 20:05:48.221, 307.14, 100, 74232, 73
2026/07/29 20:05:49.256, 269.08, 100, 74232, 73
2026/07/29 20:05:50.292, 277.36, 100, 74232, 73
2026/07/29 20:05:51.331, 287.97, 100, 74232, 73
2026/07/29 20:05:52.369, 305.32, 100, 74232, 71
2026/07/29 20:05:53.407, 306.49, 100, 74232, 71
2026/07/29 20:05:54.444, 304.45, 100, 74232, 71
2026/07/29 20:05:55.480, 304.72, 100, 74232, 71
2026/07/29 20:05:56.518, 306.70, 100, 74232, 71
2026/07/29 20:05:57.555, 304.32, 100, 74232, 71
2026/07/29 20:05:58.594, 293.66, 21, 74232, 72
2026/07/29 20:05:59.630, 298.23, 100, 74232, 73
2026/07/29 20:06:00.669, 301.22, 100, 74232, 73
2026/07/29 20:06:01.704, 292.43, 100, 74232, 73
2026/07/29 20:06:02.738, 285.06, 100, 74232, 73
2026/07/29 20:06:03.773, 279.62, 100, 74232, 73
2026/07/29 20:06:04.814, 282.85, 100, 74232, 73
2026/07/29 20:06:05.849, 305.50, 100, 74232, 71
2026/07/29 20:06:06.885, 306.47, 100, 74232, 71
2026/07/29 20:06:07.922, 303.48, 100, 74232, 71
2026/07/29 20:06:08.959, 303.07, 100, 74232, 71
2026/07/29 20:06:09.996, 305.80, 100, 74232, 71
2026/07/29 20:06:11.032, 101.99, 62, 74232, 69
2026/07/29 20:06:12.066, 308.19, 100, 74232, 73
2026/07/29 20:06:13.099, 298.88, 100, 74232, 73
2026/07/29 20:06:14.133, 310.15, 100, 74232, 73
2026/07/29 20:06:15.170, 306.55, 100, 74232, 73
2026/07/29 20:06:16.206, 298.40, 100, 74232, 73
2026/07/29 20:06:17.240, 277.54, 100, 74232, 73
2026/07/29 20:06:18.275, 293.33, 100, 74232, 73
2026/07/29 20:06:19.318, 303.07, 100, 74232, 71
2026/07/29 20:06:20.356, 305.20, 100, 74232, 71
2026/07/29 20:06:21.392, 306.46, 100, 74232, 71
2026/07/29 20:06:22.430, 96.72, 0, 74232, 68
2026/07/29 20:06:23.463, 96.11, 0, 74232, 67
2026/07/29 20:06:24.494, 94.39, 0, 74232, 67
2026/07/29 20:06:25.527, 303.95, 89, 74232, 71
2026/07/29 20:06:26.562, 300.07, 100, 74232, 72
2026/07/29 20:06:27.599, 281.58, 100, 74232, 72
2026/07/29 20:06:28.635, 307.00, 100, 74232, 72
2026/07/29 20:06:29.674, 307.42, 100, 74232, 72
2026/07/29 20:06:30.708, 310.43, 100, 74232, 72
2026/07/29 20:06:31.746, 291.59, 100, 74232, 72
2026/07/29 20:06:32.780, 304.99, 100, 74232, 70
2026/07/29 20:06:33.817, 300.07, 100, 74232, 70
2026/07/29 20:06:34.853, 304.70, 100, 74232, 70
2026/07/29 20:06:35.889, 299.48, 100, 74232, 71
2026/07/29 20:06:36.927, 301.33, 100, 74232, 71
2026/07/29 20:06:37.965, 301.14, 100, 74232, 71
2026/07/29 20:06:39.005, 94.81, 0, 74232, 67
2026/07/29 20:06:40.038, 305.94, 100, 74232, 72
2026/07/29 20:06:41.072, 287.47, 100, 74232, 72
2026/07/29 20:06:42.107, 301.41, 100, 74232, 72
2026/07/29 20:06:43.145, 304.38, 100, 74232, 72
2026/07/29 20:06:44.178, 302.36, 100, 74232, 72
2026/07/29 20:06:45.213, 316.29, 100, 74232, 72
2026/07/29 20:06:46.247, 293.14, 100, 74232, 72
2026/07/29 20:06:47.288, 304.40, 100, 74232, 70
2026/07/29 20:06:48.325, 304.52, 100, 74232, 71
2026/07/29 20:06:49.363, 301.25, 100, 74232, 71
2026/07/29 20:06:50.399, 303.37, 100, 74232, 71
2026/07/29 20:06:51.437, 96.28, 0, 74232, 67
2026/07/29 20:06:52.469, 303.00, 100, 74232, 70
2026/07/29 20:06:53.507, 303.45, 100, 74232, 70
2026/07/29 20:06:54.543, 301.42, 100, 74232, 70
2026/07/29 20:06:55.580, 298.45, 100, 74232, 71
2026/07/29 20:06:56.617, 300.66, 100, 74232, 71
2026/07/29 20:06:57.654, 303.96, 100, 74232, 71
2026/07/29 20:06:58.691, 300.73, 100, 74232, 71
2026/07/29 20:06:59.728, 301.44, 100, 74232, 71
2026/07/29 20:07:00.764, 303.00, 100, 74232, 71
2026/07/29 20:07:01.799, 302.52, 100, 74232, 71
2026/07/29 20:07:02.836, 302.43, 100, 74232, 71
2026/07/29 20:07:03.873, 295.40, 100, 74232, 71
2026/07/29 20:07:04.912, 297.82, 100, 74232, 71
2026/07/29 20:07:05.949, 297.33, 100, 74232, 71
2026/07/29 20:07:06.987, 304.92, 100, 74232, 71
2026/07/29 20:07:08.025, 299.27, 100, 74232, 70
2026/07/29 20:07:09.062, 296.19, 100, 74232, 70
2026/07/29 20:07:10.100, 293.77, 100, 74232, 70
2026/07/29 20:07:11.140, 292.28, 100, 74232, 70
2026/07/29 20:07:12.179, 297.42, 100, 74232, 70
2026/07/29 20:07:13.216, 291.51, 100, 74232, 70
2026/07/29 20:07:14.259, 293.63, 100, 74232, 70
2026/07/29 20:07:15.295, 297.14, 100, 74232, 70
2026/07/29 20:07:16.331, 303.29, 100, 74232, 70
2026/07/29 20:07:17.369, 303.16, 100, 74232, 70
2026/07/29 20:07:18.406, 295.18, 100, 74232, 70
2026/07/29 20:07:19.444, 295.39, 100, 74232, 70
2026/07/29 20:07:20.481, 294.44, 100, 74232, 70
2026/07/29 20:07:21.518, 297.43, 100, 74232, 70
2026/07/29 20:07:22.554, 299.02, 100, 74232, 70
2026/07/29 20:07:23.591, 296.26, 100, 74232, 70
2026/07/29 20:07:24.627, 302.39, 100, 74232, 70
2026/07/29 20:07:25.665, 304.90, 100, 74232, 70
2026/07/29 20:07:26.701, 305.22, 100, 74232, 70
2026/07/29 20:07:27.739, 298.15, 100, 74232, 70
2026/07/29 20:07:28.775, 304.02, 100, 74232, 70
2026/07/29 20:07:29.812, 302.38, 100, 74232, 70
2026/07/29 20:07:30.848, 301.79, 100, 74232, 70
2026/07/29 20:07:31.889, 302.98, 100, 74232, 70
2026/07/29 20:07:32.927, 297.93, 100, 74232, 70
2026/07/29 20:07:33.963, 298.90, 100, 74232, 70
2026/07/29 20:07:34.999, 301.54, 100, 74232, 70
2026/07/29 20:07:36.037, 295.89, 100, 74232, 70
2026/07/29 20:07:37.074, 296.47, 100, 74232, 70
2026/07/29 20:07:38.112, 296.49, 100, 74232, 70
2026/07/29 20:07:39.149, 301.14, 100, 74232, 70
2026/07/29 20:07:40.186, 302.58, 100, 74232, 70
2026/07/29 20:07:41.224, 301.90, 100, 74232, 70
2026/07/29 20:07:42.260, 301.91, 100, 74232, 70
2026/07/29 20:07:43.296, 302.39, 100, 74232, 70
2026/07/29 20:07:44.336, 296.66, 100, 74232, 70
2026/07/29 20:07:45.374, 289.69, 100, 74232, 70
2026/07/29 20:07:46.413, 302.30, 100, 74232, 70
2026/07/29 20:07:47.450, 304.91, 100, 74232, 70
2026/07/29 20:07:48.492, 294.83, 100, 74232, 70
2026/07/29 20:07:49.530, 295.90, 100, 74232, 70
2026/07/29 20:07:50.568, 295.60, 100, 74232, 70
2026/07/29 20:07:51.608, 290.23, 100, 74232, 70
2026/07/29 20:07:52.645, 292.30, 100, 74232, 70
2026/07/29 20:07:53.685, 294.23, 100, 74232, 70
2026/07/29 20:07:54.722, 298.24, 100, 74232, 70
2026/07/29 20:07:55.759, 302.02, 100, 74232, 70
2026/07/29 20:07:56.795, 303.89, 100, 74232, 70
2026/07/29 20:07:57.832, 302.38, 100, 74232, 70
2026/07/29 20:07:58.868, 299.08, 100, 74232, 70
2026/07/29 20:07:59.904, 303.08, 100, 74232, 70
2026/07/29 20:08:00.941, 302.80, 100, 74232, 70
2026/07/29 20:08:01.979, 302.97, 100, 74232, 70
2026/07/29 20:08:03.018, 302.11, 100, 74232, 70
2026/07/29 20:08:04.056, 298.42, 100, 74232, 70
2026/07/29 20:08:05.094, 292.58, 100, 74232, 70
2026/07/29 20:08:06.130, 302.37, 100, 74232, 70
2026/07/29 20:08:07.166, 302.52, 100, 74232, 70
2026/07/29 20:08:08.202, 302.81, 100, 74232, 70
2026/07/29 20:08:09.239, 303.86, 100, 74232, 70
2026/07/29 20:08:10.275, 301.92, 100, 74232, 70
2026/07/29 20:08:11.312, 303.07, 100, 74232, 70
2026/07/29 20:08:12.348, 303.07, 100, 74232, 70
2026/07/29 20:08:13.385, 300.73, 100, 74232, 70
2026/07/29 20:08:14.424, 302.49, 100, 74232, 70
2026/07/29 20:08:15.460, 301.89, 100, 74232, 70
2026/07/29 20:08:16.497, 301.10, 100, 74232, 70
2026/07/29 20:08:17.535, 303.36, 100, 74232, 70
2026/07/29 20:08:18.573, 303.26, 100, 74232, 70
2026/07/29 20:08:19.610, 301.60, 100, 74232, 70
2026/07/29 20:08:20.648, 296.08, 100, 74232, 70
2026/07/29 20:08:21.686, 294.90, 100, 74232, 70
2026/07/29 20:08:22.722, 289.65, 100, 74232, 69
2026/07/29 20:08:23.758, 293.45, 100, 74232, 70
2026/07/29 20:08:24.797, 293.65, 100, 74232, 70
2026/07/29 20:08:25.834, 295.61, 100, 74232, 70
2026/07/29 20:08:26.873, 295.78, 100, 74232, 70
2026/07/29 20:08:27.909, 296.00, 100, 74232, 70
2026/07/29 20:08:28.946, 297.64, 100, 74232, 70
2026/07/29 20:08:29.983, 299.85, 100, 74232, 70
2026/07/29 20:08:31.020, 302.09, 100, 74232, 70
2026/07/29 20:08:32.056, 299.39, 100, 74232, 70
2026/07/29 20:08:33.095, 291.02, 100, 74232, 70
2026/07/29 20:08:34.132, 299.00, 100, 74232, 70
2026/07/29 20:08:35.171, 299.09, 100, 74232, 70
2026/07/29 20:08:36.208, 295.60, 100, 74232, 69
2026/07/29 20:08:37.244, 298.01, 100, 74232, 70
2026/07/29 20:08:38.281, 298.51, 100, 74232, 70
2026/07/29 20:08:39.318, 297.36, 100, 74232, 70
2026/07/29 20:08:40.355, 293.16, 100, 74232, 69
2026/07/29 20:08:41.391, 293.06, 100, 74232, 69
2026/07/29 20:08:42.430, 294.64, 100, 74232, 69
2026/07/29 20:08:43.467, 302.88, 100, 74232, 70
2026/07/29 20:08:44.505, 303.08, 100, 74232, 70
2026/07/29 20:08:45.545, 307.80, 100, 74232, 71
2026/07/29 20:08:46.582, 290.92, 100, 74232, 71
2026/07/29 20:08:47.616, 284.77, 100, 74232, 71
2026/07/29 20:08:48.650, 307.74, 100, 74232, 71
2026/07/29 20:08:49.686, 303.65, 100, 74232, 71
2026/07/29 20:08:50.720, 292.22, 100, 74232, 71
2026/07/29 20:08:51.755, 303.08, 100, 74232, 69
2026/07/29 20:08:52.792, 301.39, 100, 74232, 69
2026/07/29 20:08:53.828, 302.98, 100, 74232, 70
2026/07/29 20:08:54.865, 297.74, 100, 74232, 70
2026/07/29 20:08:55.902, 93.55, 0, 74232, 66
2026/07/29 20:08:56.934, 294.60, 100, 74232, 71
2026/07/29 20:08:57.972, 292.64, 100, 74232, 71
2026/07/29 20:08:59.007, 277.95, 100, 74232, 71
2026/07/29 20:09:00.042, 299.15, 100, 74232, 71
2026/07/29 20:09:01.076, 315.19, 100, 74232, 72
2026/07/29 20:09:02.128, 287.14, 100, 74232, 70
2026/07/29 20:09:03.166, 290.23, 100, 74232, 69
2026/07/29 20:09:04.204, 297.25, 100, 74232, 70
2026/07/29 20:09:05.241, 297.34, 100, 74232, 70
2026/07/29 20:09:06.279, 295.49, 100, 74232, 70
2026/07/29 20:09:07.318, 292.86, 100, 74232, 70
2026/07/29 20:09:08.355, 293.25, 100, 74232, 70
2026/07/29 20:09:09.392, 296.94, 100, 74232, 70
2026/07/29 20:09:10.431, 95.11, 0, 74232, 67
2026/07/29 20:09:11.463, 302.22, 100, 74232, 72
2026/07/29 20:09:12.497, 279.23, 100, 74232, 72
2026/07/29 20:09:13.535, 292.48, 100, 74232, 72
2026/07/29 20:09:14.568, 286.16, 100, 74232, 72
2026/07/29 20:09:15.603, 309.02, 100, 74232, 72
2026/07/29 20:09:16.637, 286.16, 100, 74232, 72
2026/07/29 20:09:17.672, 304.15, 100, 74232, 70
2026/07/29 20:09:18.708, 302.19, 100, 74232, 70
2026/07/29 20:09:19.745, 295.10, 100, 74232, 70
2026/07/29 20:09:20.785, 297.36, 100, 74232, 70
2026/07/29 20:09:21.823, 97.24, 15, 74232, 68
2026/07/29 20:09:22.856, 295.88, 100, 74232, 72
2026/07/29 20:09:23.890, 298.14, 100, 74232, 72
2026/07/29 20:09:24.925, 304.62, 100, 74232, 72
2026/07/29 20:09:25.960, 293.17, 100, 74232, 72
2026/07/29 20:09:26.994, 332.62, 100, 74232, 72
2026/07/29 20:09:28.028, 286.91, 100, 74232, 72
2026/07/29 20:09:29.063, 302.57, 100, 74232, 70
2026/07/29 20:09:30.102, 304.13, 100, 74232, 70
2026/07/29 20:09:31.140, 304.94, 100, 74232, 70
2026/07/29 20:09:32.178, 302.28, 100, 74232, 70
2026/07/29 20:09:33.215, 304.43, 100, 74232, 71
2026/07/29 20:09:34.253, 305.49, 100, 74232, 71
2026/07/29 20:09:35.293, 303.55, 100, 74232, 71
2026/07/29 20:09:36.330, 305.04, 100, 74232, 71
2026/07/29 20:09:37.369, 276.74, 9, 74232, 71
2026/07/29 20:09:38.403, 296.27, 100, 74232, 72
2026/07/29 20:09:39.438, 296.58, 100, 74232, 72
2026/07/29 20:09:40.477, 304.11, 100, 74232, 72
2026/07/29 20:09:41.512, 305.03, 100, 74232, 72
2026/07/29 20:09:42.546, 307.21, 100, 74232, 72
2026/07/29 20:09:43.588, 300.40, 100, 74232, 72
2026/07/29 20:09:44.624, 299.59, 100, 74232, 70
2026/07/29 20:09:45.662, 293.05, 100, 74232, 70
2026/07/29 20:09:46.699, 291.22, 100, 74232, 70
2026/07/29 20:09:47.742, 288.78, 100, 74232, 70
2026/07/29 20:09:48.778, 286.33, 100, 74232, 70
2026/07/29 20:09:49.814, 305.46, 100, 74232, 72
2026/07/29 20:09:50.848, 296.23, 100, 74232, 72
2026/07/29 20:09:51.884, 310.63, 100, 74232, 72
2026/07/29 20:09:52.921, 280.89, 100, 74232, 72
2026/07/29 20:09:53.956, 304.48, 100, 74232, 72
2026/07/29 20:09:54.993, 304.33, 100, 74232, 72
2026/07/29 20:09:56.029, 253.68, 100, 74232, 71
2026/07/29 20:09:57.066, 287.43, 100, 74232, 71
2026/07/29 20:09:58.106, 280.51, 100, 74232, 71
2026/07/29 20:09:59.146, 289.56, 100, 74232, 71
2026/07/29 20:10:00.183, 297.84, 100, 74232, 71
2026/07/29 20:10:01.219, 288.09, 100, 74232, 71
2026/07/29 20:10:02.256, 293.07, 100, 74232, 71
2026/07/29 20:10:03.293, 287.72, 100, 74232, 71
2026/07/29 20:10:04.333, 295.01, 100, 74232, 71
2026/07/29 20:10:05.375, 306.47, 100, 74232, 71
2026/07/29 20:10:06.414, 312.01, 100, 74232, 71
2026/07/29 20:10:07.453, 294.34, 100, 74232, 71
2026/07/29 20:10:08.490, 305.63, 100, 74232, 71
2026/07/29 20:10:09.528, 306.80, 100, 74232, 71
2026/07/29 20:10:10.566, 306.95, 100, 74232, 71
2026/07/29 20:10:11.603, 305.02, 100, 74232, 71
2026/07/29 20:10:12.640, 304.52, 100, 74232, 71
2026/07/29 20:10:13.676, 297.53, 100, 74232, 71
2026/07/29 20:10:14.712, 297.15, 100, 74232, 71
2026/07/29 20:10:15.749, 97.76, 63, 74232, 68
2026/07/29 20:10:16.782, 297.04, 100, 74232, 72
2026/07/29 20:10:17.817, 300.43, 100, 74232, 72
2026/07/29 20:10:18.857, 300.70, 100, 74232, 72
2026/07/29 20:10:19.893, 305.11, 100, 74232, 72
2026/07/29 20:10:20.928, 313.04, 100, 74232, 72
2026/07/29 20:10:21.967, 319.26, 100, 74232, 72
2026/07/29 20:10:23.002, 308.70, 100, 74232, 72
2026/07/29 20:10:24.042, 287.59, 100, 74232, 70
2026/07/29 20:10:25.080, 288.09, 100, 74232, 70
2026/07/29 20:10:26.117, 290.24, 100, 74232, 70
2026/07/29 20:10:27.153, 294.81, 100, 74232, 69
2026/07/29 20:10:28.184, 303.28, 100, 74232, 71
2026/07/29 20:10:29.223, 304.54, 100, 74232, 71
2026/07/29 20:10:30.259, 305.88, 100, 74232, 71
2026/07/29 20:10:31.297, 300.71, 100, 74232, 71
2026/07/29 20:10:32.334, 306.85, 100, 74232, 71
2026/07/29 20:10:33.372, 300.27, 100, 74232, 71
2026/07/29 20:10:34.410, 302.39, 100, 74232, 71
2026/07/29 20:10:35.446, 305.43, 100, 74232, 71
2026/07/29 20:10:36.483, 301.70, 100, 74232, 71
2026/07/29 20:10:37.521, 303.48, 100, 74232, 71
2026/07/29 20:10:38.559, 300.33, 100, 74232, 71
2026/07/29 20:10:39.596, 303.64, 100, 74232, 71
2026/07/29 20:10:40.640, 299.01, 100, 74232, 71
2026/07/29 20:10:41.677, 293.75, 100, 74232, 71
2026/07/29 20:10:42.714, 295.00, 100, 74232, 71
2026/07/29 20:10:43.752, 295.30, 100, 74232, 71
2026/07/29 20:10:44.788, 295.60, 100, 74232, 71
2026/07/29 20:10:45.825, 297.03, 100, 74232, 71
2026/07/29 20:10:46.861, 304.14, 100, 74232, 71
2026/07/29 20:10:47.899, 298.91, 100, 74232, 71
2026/07/29 20:10:48.936, 295.96, 100, 74232, 70
2026/07/29 20:10:49.973, 297.92, 100, 74232, 70
2026/07/29 20:10:51.009, 297.52, 100, 74232, 70
2026/07/29 20:10:52.045, 298.13, 100, 74232, 70
2026/07/29 20:10:53.081, 296.57, 100, 74232, 70
2026/07/29 20:10:54.118, 298.18, 100, 74232, 70
2026/07/29 20:10:55.154, 303.30, 100, 74232, 70
2026/07/29 20:10:56.192, 297.36, 100, 74232, 70
2026/07/29 20:10:57.228, 301.73, 100, 74232, 70
2026/07/29 20:10:58.265, 301.23, 100, 74232, 70
2026/07/29 20:10:59.302, 301.50, 100, 74232, 70
2026/07/29 20:11:00.339, 304.42, 100, 74232, 70
2026/07/29 20:11:01.381, 303.46, 100, 74232, 70
2026/07/29 20:11:02.419, 296.35, 100, 74232, 70
2026/07/29 20:11:03.455, 304.03, 100, 74232, 70
2026/07/29 20:11:04.491, 299.07, 100, 74232, 70
2026/07/29 20:11:05.535, 299.67, 100, 74232, 70
2026/07/29 20:11:06.573, 300.25, 100, 74232, 70
2026/07/29 20:11:07.611, 303.67, 100, 74232, 70
2026/07/29 20:11:08.648, 302.58, 100, 74232, 70
2026/07/29 20:11:09.689, 294.03, 100, 74232, 70
2026/07/29 20:11:10.725, 291.51, 100, 74232, 70
2026/07/29 20:11:11.766, 293.55, 100, 74232, 70
2026/07/29 20:11:12.804, 298.02, 100, 74232, 70
2026/07/29 20:11:13.842, 292.12, 100, 74232, 70
2026/07/29 20:11:14.885, 296.55, 100, 74232, 70
2026/07/29 20:11:15.922, 299.66, 100, 74232, 70
2026/07/29 20:11:16.960, 301.04, 100, 74232, 70
2026/07/29 20:11:17.996, 302.95, 100, 74232, 70
2026/07/29 20:11:19.033, 298.42, 100, 74232, 70
2026/07/29 20:11:20.070, 298.69, 100, 74232, 70
2026/07/29 20:11:21.109, 294.81, 100, 74232, 70
2026/07/29 20:11:22.147, 297.17, 100, 74232, 70
2026/07/29 20:11:23.186, 294.13, 100, 74232, 70
2026/07/29 20:11:24.226, 300.54, 100, 74232, 70
2026/07/29 20:11:25.264, 300.45, 100, 74232, 70
2026/07/29 20:11:26.300, 303.10, 100, 74232, 70
2026/07/29 20:11:27.336, 299.46, 100, 74232, 70
2026/07/29 20:11:28.378, 294.42, 100, 74232, 70
2026/07/29 20:11:29.418, 299.18, 100, 74232, 70
2026/07/29 20:11:30.455, 293.85, 100, 74232, 70
2026/07/29 20:11:31.494, 294.41, 100, 74232, 70
2026/07/29 20:11:32.531, 300.18, 100, 74232, 70
2026/07/29 20:11:33.568, 305.21, 100, 74232, 70
2026/07/29 20:11:34.608, 289.56, 100, 74232, 70
2026/07/29 20:11:35.645, 296.86, 100, 74232, 70
2026/07/29 20:11:36.683, 296.65, 100, 74232, 70
2026/07/29 20:11:37.719, 297.08, 100, 74232, 70
2026/07/29 20:11:38.757, 286.36, 100, 74232, 70
2026/07/29 20:11:39.795, 297.94, 100, 74232, 70
2026/07/29 20:11:40.835, 298.21, 100, 74232, 70
2026/07/29 20:11:41.871, 299.75, 100, 74232, 70
2026/07/29 20:11:42.909, 302.79, 100, 74232, 70
2026/07/29 20:11:43.948, 299.97, 100, 74232, 70
2026/07/29 20:11:44.986, 299.96, 100, 74232, 70
2026/07/29 20:11:46.025, 295.48, 100, 74232, 70
2026/07/29 20:11:47.062, 293.44, 100, 74232, 70
2026/07/29 20:11:48.101, 296.37, 100, 74232, 70
2026/07/29 20:11:49.137, 304.45, 100, 74232, 70
2026/07/29 20:11:50.174, 302.77, 100, 74232, 70
2026/07/29 20:11:51.211, 302.50, 100, 74232, 70
2026/07/29 20:11:52.249, 295.30, 100, 74232, 70
2026/07/29 20:11:53.286, 294.81, 100, 74232, 70
2026/07/29 20:11:54.323, 294.64, 100, 74232, 70
2026/07/29 20:11:55.360, 293.85, 100, 74232, 70
2026/07/29 20:11:56.397, 302.37, 100, 74232, 70
2026/07/29 20:11:57.436, 300.34, 100, 74232, 70
2026/07/29 20:11:58.473, 300.95, 100, 74232, 70
2026/07/29 20:11:59.510, 301.72, 100, 74232, 70
2026/07/29 20:12:00.548, 303.24, 100, 74232, 70
2026/07/29 20:12:01.588, 297.03, 100, 74232, 70
2026/07/29 20:12:02.627, 294.60, 100, 74232, 70
2026/07/29 20:12:03.665, 293.45, 100, 74232, 70
2026/07/29 20:12:04.703, 293.83, 100, 74232, 70
2026/07/29 20:12:05.740, 294.30, 100, 74232, 70
2026/07/29 20:12:06.778, 297.50, 100, 74232, 70
2026/07/29 20:12:07.819, 294.33, 100, 74232, 70
2026/07/29 20:12:08.858, 298.88, 100, 74232, 70
2026/07/29 20:12:09.895, 294.41, 100, 74232, 70
2026/07/29 20:12:10.934, 295.30, 100, 74232, 70
2026/07/29 20:12:11.973, 292.27, 100, 74232, 70
2026/07/29 20:12:13.011, 298.11, 100, 74232, 70
2026/07/29 20:12:14.048, 296.46, 100, 74232, 70
2026/07/29 20:12:15.086, 295.20, 100, 74232, 70
2026/07/29 20:12:16.125, 296.56, 100, 74232, 70
2026/07/29 20:12:17.164, 296.86, 100, 74232, 70
2026/07/29 20:12:18.203, 303.15, 100, 74232, 70
2026/07/29 20:12:19.242, 284.61, 100, 74232, 70
2026/07/29 20:12:20.279, 288.57, 100, 74232, 70
2026/07/29 20:12:21.321, 288.37, 100, 74232, 70
2026/07/29 20:12:22.360, 291.30, 100, 74232, 70
2026/07/29 20:12:23.398, 294.61, 100, 74232, 70
2026/07/29 20:12:24.438, 292.86, 100, 74232, 70
2026/07/29 20:12:25.475, 297.73, 100, 74232, 70
2026/07/29 20:12:26.513, 291.89, 100, 74232, 70
2026/07/29 20:12:27.552, 291.70, 100, 74232, 70
2026/07/29 20:12:28.589, 300.71, 100, 74232, 71
2026/07/29 20:12:29.625, 295.27, 100, 74232, 71
2026/07/29 20:12:30.659, 272.70, 100, 74232, 71
2026/07/29 20:12:31.694, 298.31, 100, 74232, 71
2026/07/29 20:12:32.730, 296.75, 100, 74232, 71
2026/07/29 20:12:33.766, 324.80, 100, 74232, 71
2026/07/29 20:12:34.801, 299.98, 100, 74232, 70
2026/07/29 20:12:35.838, 295.39, 100, 74232, 70
2026/07/29 20:12:36.877, 303.44, 100, 74232, 70
2026/07/29 20:12:37.915, 304.26, 100, 74232, 70
2026/07/29 20:12:38.952, 302.03, 100, 74232, 70
2026/07/29 20:12:39.989, 302.96, 100, 74232, 70
2026/07/29 20:12:41.026, 304.03, 100, 74232, 70
2026/07/29 20:12:42.064, 302.29, 100, 74232, 70
2026/07/29 20:12:43.101, 296.26, 100, 74232, 70
2026/07/29 20:12:44.139, 297.16, 100, 74232, 70
2026/07/29 20:12:45.176, 296.27, 100, 74232, 70
2026/07/29 20:12:46.213, 296.27, 100, 74232, 70
2026/07/29 20:12:47.250, 95.23, 0, 74232, 67
2026/07/29 20:12:48.283, 295.70, 100, 74232, 71
2026/07/29 20:12:49.321, 300.44, 100, 74232, 71
2026/07/29 20:12:50.357, 306.33, 100, 74232, 71
2026/07/29 20:12:51.392, 306.53, 100, 74232, 71
2026/07/29 20:12:52.434, 307.51, 100, 74232, 71
2026/07/29 20:12:53.469, 300.29, 100, 74232, 71
2026/07/29 20:12:54.505, 298.62, 100, 74232, 70
2026/07/29 20:12:55.542, 300.75, 100, 74232, 70
2026/07/29 20:12:56.580, 298.40, 100, 74232, 70
2026/07/29 20:12:57.619, 302.60, 100, 74232, 70
2026/07/29 20:12:58.660, 303.36, 100, 74232, 70
2026/07/29 20:12:59.698, 296.09, 100, 74232, 72
2026/07/29 20:13:00.734, 298.09, 100, 74232, 72
2026/07/29 20:13:01.769, 298.89, 100, 74232, 72
2026/07/29 20:13:02.804, 281.57, 100, 74232, 72
2026/07/29 20:13:03.841, 307.46, 100, 74232, 72
2026/07/29 20:13:04.876, 311.34, 100, 74232, 72
2026/07/29 20:13:05.911, 310.30, 100, 74232, 72
2026/07/29 20:13:06.948, 303.10, 100, 74232, 70
2026/07/29 20:13:07.984, 303.28, 100, 74232, 70
2026/07/29 20:13:09.022, 304.48, 100, 74232, 70
2026/07/29 20:13:10.060, 302.49, 100, 74232, 70
2026/07/29 20:13:11.098, 297.63, 100, 74232, 70
2026/07/29 20:13:12.135, 297.06, 100, 74232, 70
2026/07/29 20:13:13.174, 298.54, 100, 74232, 70
2026/07/29 20:13:14.211, 296.45, 100, 74232, 71
2026/07/29 20:13:15.251, 296.46, 100, 74232, 71
2026/07/29 20:13:16.289, 297.56, 100, 74232, 71
2026/07/29 20:13:17.327, 294.91, 100, 74232, 71
2026/07/29 20:13:18.365, 295.28, 100, 74232, 71
2026/07/29 20:13:19.402, 298.50, 100, 74232, 71
2026/07/29 20:13:20.440, 271.06, 100, 74232, 71
2026/07/29 20:13:21.478, 284.68, 100, 74232, 70
2026/07/29 20:13:22.515, 293.45, 100, 74232, 70
2026/07/29 20:13:23.553, 295.51, 100, 74232, 71
2026/07/29 20:13:24.590, 295.78, 100, 74232, 71
2026/07/29 20:13:25.629, 303.35, 100, 74232, 71
2026/07/29 20:13:26.666, 305.10, 100, 74232, 71
2026/07/29 20:13:27.707, 301.71, 100, 74232, 71
2026/07/29 20:13:28.745, 298.12, 100, 74232, 71
2026/07/29 20:13:29.784, 295.10, 100, 74232, 71
2026/07/29 20:13:30.820, 297.15, 100, 74232, 71
2026/07/29 20:13:31.857, 299.68, 100, 74232, 71
2026/07/29 20:13:32.893, 293.45, 100, 74232, 70
2026/07/29 20:13:33.935, 294.51, 100, 74232, 71
2026/07/29 20:13:34.972, 298.61, 100, 74232, 71
2026/07/29 20:13:36.009, 300.55, 100, 74232, 71
2026/07/29 20:13:37.045, 302.67, 100, 74232, 71
2026/07/29 20:13:38.081, 304.35, 100, 74232, 71
2026/07/29 20:13:39.118, 302.58, 100, 74232, 71
2026/07/29 20:13:40.154, 304.91, 100, 74232, 71
2026/07/29 20:13:41.192, 304.85, 100, 74232, 71
2026/07/29 20:13:42.230, 302.60, 100, 74232, 71
2026/07/29 20:13:43.268, 302.81, 100, 74232, 70
2026/07/29 20:13:44.305, 302.60, 100, 74232, 70
2026/07/29 20:13:45.342, 304.92, 100, 74232, 70
2026/07/29 20:13:46.380, 304.27, 100, 74232, 70
2026/07/29 20:13:47.421, 294.01, 100, 74232, 70
2026/07/29 20:13:48.458, 299.96, 100, 74232, 70
2026/07/29 20:13:49.496, 300.92, 100, 74232, 70
2026/07/29 20:13:50.534, 301.05, 100, 74232, 70
2026/07/29 20:13:51.569, 302.49, 100, 74232, 70
2026/07/29 20:13:52.608, 303.26, 100, 74232, 70
2026/07/29 20:13:53.644, 303.97, 100, 74232, 70
2026/07/29 20:13:54.682, 303.19, 100, 74232, 70
2026/07/29 20:13:55.718, 301.80, 100, 74232, 70
2026/07/29 20:13:56.759, 303.85, 100, 74232, 70
2026/07/29 20:13:57.795, 301.05, 100, 74232, 70
2026/07/29 20:13:58.832, 302.67, 100, 74232, 70
2026/07/29 20:13:59.869, 295.89, 100, 74232, 70
2026/07/29 20:14:00.907, 302.49, 100, 74232, 70
2026/07/29 20:14:01.944, 302.71, 100, 74232, 70
2026/07/29 20:14:02.982, 299.21, 100, 74232, 70
2026/07/29 20:14:04.019, 292.10, 100, 74232, 70
2026/07/29 20:14:05.058, 303.35, 100, 74232, 70
2026/07/29 20:14:06.096, 292.47, 100, 74232, 70
2026/07/29 20:14:07.133, 301.92, 100, 74232, 70
2026/07/29 20:14:08.171, 294.72, 100, 74232, 70
2026/07/29 20:14:09.210, 295.41, 100, 74232, 70
2026/07/29 20:14:10.248, 302.68, 100, 74232, 70
2026/07/29 20:14:11.286, 303.56, 100, 74232, 70
2026/07/29 20:14:12.323, 301.53, 100, 74232, 70
2026/07/29 20:14:13.363, 302.00, 100, 74232, 70
2026/07/29 20:14:14.401, 304.67, 100, 74232, 70
2026/07/29 20:14:15.439, 302.78, 100, 74232, 70
2026/07/29 20:14:16.476, 302.81, 100, 74232, 70
2026/07/29 20:14:17.513, 304.31, 100, 74232, 70
2026/07/29 20:14:18.550, 302.48, 100, 74232, 70
2026/07/29 20:14:19.587, 303.45, 100, 74232, 70
2026/07/29 20:14:20.627, 299.76, 100, 74232, 70
2026/07/29 20:14:21.665, 304.26, 100, 74232, 70
2026/07/29 20:14:22.701, 298.99, 100, 74232, 70
2026/07/29 20:14:23.739, 299.97, 100, 74232, 70
2026/07/29 20:14:24.777, 307.43, 100, 74232, 70
2026/07/29 20:14:25.814, 296.16, 100, 74232, 70
2026/07/29 20:14:26.851, 300.64, 100, 74232, 70
2026/07/29 20:14:27.888, 301.35, 100, 74232, 70
2026/07/29 20:14:28.927, 298.01, 100, 74232, 70
2026/07/29 20:14:29.964, 301.20, 100, 74232, 70
2026/07/29 20:14:31.008, 295.19, 100, 74232, 70
2026/07/29 20:14:32.045, 300.82, 100, 74232, 70
2026/07/29 20:14:33.081, 300.23, 100, 74232, 70
2026/07/29 20:14:34.120, 301.99, 100, 74232, 70
2026/07/29 20:14:35.156, 301.70, 100, 74232, 70
2026/07/29 20:14:36.194, 295.77, 100, 74232, 70
2026/07/29 20:14:37.232, 298.13, 100, 74232, 70
2026/07/29 20:14:38.269, 289.44, 100, 74232, 70
2026/07/29 20:14:39.308, 292.96, 100, 74232, 70
2026/07/29 20:14:40.348, 294.71, 100, 74232, 70
2026/07/29 20:14:41.384, 301.24, 100, 74232, 70
2026/07/29 20:14:42.423, 300.94, 100, 74232, 70
2026/07/29 20:14:43.459, 296.55, 100, 74232, 70
2026/07/29 20:14:44.495, 300.33, 100, 74232, 70
2026/07/29 20:14:45.532, 292.38, 100, 74232, 70
2026/07/29 20:14:46.570, 289.46, 100, 74232, 70
2026/07/29 20:14:47.613, 299.08, 100, 74232, 70
2026/07/29 20:14:48.650, 292.57, 100, 74232, 70
2026/07/29 20:14:49.691, 289.18, 100, 74232, 70
2026/07/29 20:14:50.732, 293.14, 100, 74232, 70
2026/07/29 20:14:51.771, 295.10, 100, 74232, 70
2026/07/29 20:14:52.809, 294.22, 100, 74232, 70
2026/07/29 20:14:53.846, 293.16, 100, 74232, 70
2026/07/29 20:14:54.885, 299.46, 100, 74232, 70
2026/07/29 20:14:55.922, 299.37, 100, 74232, 70
2026/07/29 20:14:56.960, 300.05, 100, 74232, 70
2026/07/29 20:14:57.997, 298.71, 100, 74232, 70
2026/07/29 20:14:59.036, 301.22, 100, 74232, 70
2026/07/29 20:15:00.072, 298.41, 100, 74232, 70
2026/07/29 20:15:01.110, 301.79, 100, 74232, 70
2026/07/29 20:15:02.146, 298.20, 100, 74232, 70
2026/07/29 20:15:03.183, 298.77, 100, 74232, 70
2026/07/29 20:15:04.220, 292.20, 100, 74232, 70
2026/07/29 20:15:05.256, 300.15, 100, 74232, 70
2026/07/29 20:15:06.292, 300.86, 100, 74232, 71
2026/07/29 20:15:07.328, 297.54, 100, 74232, 71
2026/07/29 20:15:08.362, 301.26, 100, 74232, 71
2026/07/29 20:15:09.400, 286.13, 100, 74232, 72
2026/07/29 20:15:10.437, 299.19, 100, 74232, 71
2026/07/29 20:15:11.471, 299.40, 100, 74232, 71
2026/07/29 20:15:12.505, 293.85, 100, 74232, 70
2026/07/29 20:15:13.541, 302.41, 100, 74232, 70
2026/07/29 20:15:14.577, 303.16, 100, 74232, 70
2026/07/29 20:15:15.615, 300.17, 100, 74232, 70
2026/07/29 20:15:16.652, 296.94, 100, 74232, 70
2026/07/29 20:15:17.688, 296.77, 100, 74232, 70
2026/07/29 20:15:18.728, 292.97, 100, 74232, 70
2026/07/29 20:15:19.766, 295.20, 100, 74232, 70
2026/07/29 20:15:20.803, 295.98, 100, 74232, 70
2026/07/29 20:15:21.841, 298.01, 100, 74232, 70
2026/07/29 20:15:22.878, 292.58, 100, 74232, 70
2026/07/29 20:15:23.917, 297.41, 100, 74232, 70
2026/07/29 20:15:24.955, 290.92, 100, 74232, 70
2026/07/29 20:15:25.997, 300.43, 100, 74232, 70
2026/07/29 20:15:27.033, 300.53, 100, 74232, 70
2026/07/29 20:15:28.069, 296.63, 100, 74232, 70
2026/07/29 20:15:29.106, 299.25, 100, 74232, 70
2026/07/29 20:15:30.144, 304.22, 100, 74232, 70
2026/07/29 20:15:31.178, 301.69, 100, 74232, 70
2026/07/29 20:15:32.215, 303.64, 100, 74232, 70
2026/07/29 20:15:33.253, 300.26, 100, 74232, 70
2026/07/29 20:15:34.289, 295.39, 100, 74232, 70
2026/07/29 20:15:35.326, 297.43, 100, 74232, 70
2026/07/29 20:15:36.373, 293.55, 100, 74232, 70
2026/07/29 20:15:37.409, 299.66, 100, 74232, 70
2026/07/29 20:15:38.447, 304.06, 100, 74232, 70
2026/07/29 20:15:39.484, 299.10, 100, 74232, 70
2026/07/29 20:15:40.520, 303.38, 100, 74232, 70
2026/07/29 20:15:41.558, 304.81, 100, 74232, 70
2026/07/29 20:15:42.595, 302.11, 100, 74232, 70
2026/07/29 20:15:43.631, 297.71, 100, 74232, 70
2026/07/29 20:15:44.668, 302.48, 100, 74232, 70
2026/07/29 20:15:45.704, 300.73, 100, 74232, 70
2026/07/29 20:15:46.742, 296.15, 100, 74232, 70
2026/07/29 20:15:47.779, 297.14, 100, 74232, 70
2026/07/29 20:15:48.819, 293.35, 100, 74232, 70
2026/07/29 20:15:49.855, 296.28, 100, 74232, 70
2026/07/29 20:15:50.891, 296.46, 100, 74232, 70
2026/07/29 20:15:51.928, 294.04, 100, 74232, 70
2026/07/29 20:15:52.965, 296.37, 100, 74232, 70
2026/07/29 20:15:54.004, 295.88, 100, 74232, 70
2026/07/29 20:15:55.041, 303.94, 100, 74232, 70
2026/07/29 20:15:56.079, 301.44, 100, 74232, 70
2026/07/29 20:15:57.117, 303.57, 100, 74232, 70
2026/07/29 20:15:58.154, 303.35, 100, 74232, 70
2026/07/29 20:15:59.191, 294.52, 100, 74232, 70
2026/07/29 20:16:00.230, 296.67, 100, 74232, 70
2026/07/29 20:16:01.267, 297.04, 100, 74232, 70
2026/07/29 20:16:02.311, 293.54, 100, 74232, 70
2026/07/29 20:16:03.349, 296.17, 100, 74232, 70
2026/07/29 20:16:04.385, 296.36, 100, 74232, 70
2026/07/29 20:16:05.425, 291.49, 100, 74232, 70
2026/07/29 20:16:06.463, 301.89, 100, 74232, 70
2026/07/29 20:16:07.501, 303.25, 100, 74232, 70
2026/07/29 20:16:08.537, 304.64, 100, 74232, 70
2026/07/29 20:16:09.576, 300.73, 100, 74232, 70
2026/07/29 20:16:10.613, 300.55, 100, 74232, 70
2026/07/29 20:16:11.650, 302.60, 100, 74232, 70
2026/07/29 20:16:12.686, 306.46, 100, 74232, 70
2026/07/29 20:16:13.721, 302.57, 100, 74232, 70
2026/07/29 20:16:14.759, 297.04, 100, 74232, 70
2026/07/29 20:16:15.797, 297.34, 100, 74232, 70
2026/07/29 20:16:16.835, 294.81, 100, 74232, 70
2026/07/29 20:16:17.871, 294.90, 100, 74232, 70
2026/07/29 20:16:18.908, 295.97, 100, 74232, 70
2026/07/29 20:16:19.945, 295.02, 100, 74232, 70
2026/07/29 20:16:20.984, 297.24, 100, 74232, 70
2026/07/29 20:16:22.021, 300.05, 100, 74232, 70
2026/07/29 20:16:23.060, 304.33, 100, 74232, 70
2026/07/29 20:16:24.097, 293.93, 100, 74232, 70
2026/07/29 20:16:25.141, 295.30, 100, 74232, 70
2026/07/29 20:16:26.178, 297.54, 100, 74232, 70
2026/07/29 20:16:27.216, 297.04, 100, 74232, 70
2026/07/29 20:16:28.255, 294.02, 100, 74232, 70
2026/07/29 20:16:29.293, 303.08, 100, 74232, 70
2026/07/29 20:16:30.335, 292.76, 100, 74232, 70
2026/07/29 20:16:31.372, 303.67, 100, 74232, 70
2026/07/29 20:16:32.410, 295.09, 100, 74232, 70
2026/07/29 20:16:33.449, 296.36, 100, 74232, 70
2026/07/29 20:16:34.488, 296.08, 100, 74232, 70
2026/07/29 20:16:35.526, 292.87, 100, 74232, 70
2026/07/29 20:16:36.568, 296.75, 100, 74232, 70
2026/07/29 20:16:37.604, 299.78, 100, 74232, 70
2026/07/29 20:16:38.640, 299.96, 100, 74232, 70
2026/07/29 20:16:39.677, 300.36, 100, 74232, 70
2026/07/29 20:16:40.714, 303.06, 100, 74232, 70
2026/07/29 20:16:41.750, 304.26, 100, 74232, 70
2026/07/29 20:16:42.788, 301.11, 100, 74232, 70
2026/07/29 20:16:43.824, 303.58, 100, 74232, 70
2026/07/29 20:16:44.863, 299.97, 100, 74232, 70
2026/07/29 20:16:45.899, 304.25, 100, 74232, 70
2026/07/29 20:16:46.937, 299.29, 100, 74232, 70
2026/07/29 20:16:47.974, 302.77, 100, 74232, 70
2026/07/29 20:16:49.011, 296.86, 100, 74232, 70
2026/07/29 20:16:50.048, 292.01, 100, 74232, 70
2026/07/29 20:16:51.086, 292.28, 100, 74232, 70
2026/07/29 20:16:52.123, 297.91, 100, 74232, 70
2026/07/29 20:16:53.161, 298.01, 100, 74232, 70
2026/07/29 20:16:54.198, 294.21, 100, 74232, 70
2026/07/29 20:16:55.235, 293.73, 100, 74232, 70
2026/07/29 20:16:56.273, 304.05, 100, 74232, 70
2026/07/29 20:16:57.312, 304.62, 100, 74232, 70
2026/07/29 20:16:58.348, 296.67, 100, 74232, 70
2026/07/29 20:16:59.386, 303.25, 100, 74232, 70
2026/07/29 20:17:00.423, 304.05, 100, 74232, 70
2026/07/29 20:17:01.461, 298.80, 100, 74232, 70
2026/07/29 20:17:02.497, 293.15, 100, 74232, 70
2026/07/29 20:17:03.534, 295.40, 100, 74232, 70
2026/07/29 20:17:04.571, 304.91, 100, 74232, 70
2026/07/29 20:17:05.609, 304.17, 100, 74232, 70
2026/07/29 20:17:06.646, 301.30, 100, 74232, 70
2026/07/29 20:17:07.683, 301.99, 100, 74232, 70
2026/07/29 20:17:08.720, 296.27, 100, 74232, 70
2026/07/29 20:17:09.757, 303.87, 100, 74232, 70
2026/07/29 20:17:10.796, 292.88, 100, 74232, 70
2026/07/29 20:17:11.835, 300.97, 100, 74232, 70
2026/07/29 20:17:12.874, 301.91, 100, 74232, 70
2026/07/29 20:17:13.913, 301.13, 100, 74232, 70
2026/07/29 20:17:14.949, 298.42, 100, 74232, 70
2026/07/29 20:17:15.988, 303.29, 100, 74232, 70
2026/07/29 20:17:17.024, 298.31, 100, 74232, 70
2026/07/29 20:17:18.061, 299.00, 100, 74232, 70
2026/07/29 20:17:19.099, 297.07, 100, 74232, 70
2026/07/29 20:17:20.137, 294.51, 100, 74232, 70
2026/07/29 20:17:21.175, 296.06, 100, 74232, 70
2026/07/29 20:17:22.211, 295.70, 100, 74232, 70
2026/07/29 20:17:23.249, 304.51, 100, 74232, 70
2026/07/29 20:17:24.287, 301.04, 100, 74232, 70
2026/07/29 20:17:25.328, 295.88, 100, 74232, 70
2026/07/29 20:17:26.365, 296.16, 100, 74232, 70
2026/07/29 20:17:27.403, 297.73, 100, 74232, 70
2026/07/29 20:17:28.441, 294.22, 100, 74232, 70
2026/07/29 20:17:29.477, 294.02, 100, 74232, 70
2026/07/29 20:17:30.514, 300.63, 100, 74232, 70
2026/07/29 20:17:31.551, 297.82, 100, 74232, 70
2026/07/29 20:17:32.589, 304.55, 100, 74232, 70
2026/07/29 20:17:33.628, 301.20, 100, 74232, 70
2026/07/29 20:17:34.665, 303.63, 100, 74232, 70
2026/07/29 20:17:35.702, 296.66, 100, 74232, 70
2026/07/29 20:17:36.740, 298.52, 100, 74232, 70
2026/07/29 20:17:37.775, 298.22, 100, 74232, 70
2026/07/29 20:17:38.812, 297.05, 100, 74232, 70
2026/07/29 20:17:39.849, 296.36, 100, 74232, 70
2026/07/29 20:17:40.887, 296.77, 100, 74232, 70
2026/07/29 20:17:41.923, 301.69, 100, 74232, 70
2026/07/29 20:17:42.960, 301.21, 100, 74232, 70
2026/07/29 20:17:43.995, 299.86, 100, 74232, 70
2026/07/29 20:17:45.036, 297.92, 100, 74232, 70
2026/07/29 20:17:46.072, 298.02, 100, 74232, 70
2026/07/29 20:17:47.108, 298.60, 100, 74232, 70
2026/07/29 20:17:48.147, 295.88, 100, 74232, 70
2026/07/29 20:17:49.183, 297.23, 100, 74232, 70
2026/07/29 20:17:50.219, 298.35, 100, 74232, 70
2026/07/29 20:17:51.256, 294.24, 100, 74232, 70
2026/07/29 20:17:52.293, 297.54, 100, 74232, 70
2026/07/29 20:17:53.329, 298.10, 100, 74232, 70
2026/07/29 20:17:54.365, 298.04, 100, 74232, 70
2026/07/29 20:17:55.403, 293.46, 100, 74232, 70
2026/07/29 20:17:56.440, 293.14, 100, 74232, 70
2026/07/29 20:17:57.477, 295.79, 100, 74232, 70
2026/07/29 20:17:58.514, 297.91, 100, 74232, 70
2026/07/29 20:17:59.551, 296.85, 100, 74232, 70
2026/07/29 20:18:00.589, 299.96, 100, 74232, 70
2026/07/29 20:18:01.624, 302.80, 100, 74232, 70
2026/07/29 20:18:02.661, 298.49, 100, 74232, 70
2026/07/29 20:18:03.700, 297.04, 100, 74232, 70
2026/07/29 20:18:04.738, 299.49, 100, 74232, 70
2026/07/29 20:18:05.776, 296.28, 100, 74232, 70
2026/07/29 20:18:06.813, 303.06, 100, 74232, 70
2026/07/29 20:18:07.851, 304.80, 100, 74232, 70
2026/07/29 20:18:08.888, 305.11, 100, 74232, 70
2026/07/29 20:18:09.926, 302.10, 100, 74232, 70
2026/07/29 20:18:10.963, 291.39, 100, 74232, 70
2026/07/29 20:18:12.000, 296.08, 100, 74232, 70
2026/07/29 20:18:13.036, 303.45, 100, 74232, 70
2026/07/29 20:18:14.073, 303.06, 100, 74232, 70
2026/07/29 20:18:15.110, 293.63, 100, 74232, 70
2026/07/29 20:18:16.149, 302.96, 100, 74232, 70
2026/07/29 20:18:17.187, 296.37, 100, 74232, 70
2026/07/29 20:18:18.230, 297.91, 100, 74232, 70
2026/07/29 20:18:19.363, 298.01, 100, 74232, 70
2026/07/29 20:18:20.400, 297.06, 100, 74232, 70
2026/07/29 20:18:21.437, 300.15, 100, 74232, 70
2026/07/29 20:18:22.473, 294.89, 100, 74232, 70
2026/07/29 20:18:23.509, 295.97, 100, 74232, 70
2026/07/29 20:18:24.549, 295.86, 100, 74232, 70
2026/07/29 20:18:25.586, 295.60, 100, 74232, 70
2026/07/29 20:18:26.627, 298.32, 100, 74232, 70
2026/07/29 20:18:27.663, 298.04, 100, 74232, 70
2026/07/29 20:18:28.700, 290.24, 100, 74232, 70
2026/07/29 20:18:29.737, 292.67, 100, 74232, 70
2026/07/29 20:18:30.773, 303.45, 100, 74232, 70
2026/07/29 20:18:31.809, 304.13, 100, 74232, 70
2026/07/29 20:18:32.846, 304.74, 100, 74232, 70
2026/07/29 20:18:33.882, 293.44, 100, 74232, 70
2026/07/29 20:18:34.920, 292.11, 100, 74232, 70
2026/07/29 20:18:35.958, 283.35, 100, 74232, 70
2026/07/29 20:18:36.997, 294.14, 100, 74232, 70
2026/07/29 20:18:38.035, 296.08, 100, 74232, 70
2026/07/29 20:18:39.071, 294.24, 100, 74232, 70
2026/07/29 20:18:40.107, 300.06, 100, 74232, 70
2026/07/29 20:18:41.143, 304.31, 100, 74232, 70
2026/07/29 20:18:42.179, 302.02, 100, 74232, 70
2026/07/29 20:18:43.218, 296.27, 100, 74232, 70
2026/07/29 20:18:44.254, 295.58, 100, 74232, 70
2026/07/29 20:18:45.291, 297.05, 100, 74232, 70
2026/07/29 20:18:46.328, 297.55, 100, 74232, 70
2026/07/29 20:18:47.366, 296.86, 100, 74232, 70
2026/07/29 20:18:48.402, 302.98, 100, 74232, 70
2026/07/29 20:18:49.446, 299.88, 100, 74232, 70
2026/07/29 20:18:50.484, 296.85, 100, 74232, 70
2026/07/29 20:18:51.521, 297.14, 100, 74232, 70
2026/07/29 20:18:52.558, 305.04, 100, 74232, 70
2026/07/29 20:18:53.604, 302.00, 100, 74232, 70
2026/07/29 20:18:54.641, 299.38, 100, 74232, 70
2026/07/29 20:18:55.678, 297.33, 100, 74232, 70
2026/07/29 20:18:56.715, 302.90, 100, 74232, 70
2026/07/29 20:18:57.753, 295.69, 100, 74232, 70
2026/07/29 20:18:58.790, 298.43, 100, 74232, 70
2026/07/29 20:18:59.828, 302.51, 100, 74232, 70
2026/07/29 20:19:00.864, 304.53, 100, 74232, 70
2026/07/29 20:19:01.901, 304.70, 100, 74232, 70
2026/07/29 20:19:02.938, 304.81, 100, 74232, 70
2026/07/29 20:19:03.975, 300.27, 100, 74232, 70
2026/07/29 20:19:05.011, 304.62, 100, 74232, 70
2026/07/29 20:19:06.048, 300.82, 100, 74232, 70
2026/07/29 20:19:07.084, 302.60, 100, 74232, 70
2026/07/29 20:19:08.122, 302.86, 100, 74232, 70
2026/07/29 20:19:09.158, 303.58, 100, 74232, 70
2026/07/29 20:19:10.197, 304.74, 100, 74232, 70
2026/07/29 20:19:11.233, 304.73, 100, 74232, 70
2026/07/29 20:19:12.270, 303.16, 100, 74232, 70
2026/07/29 20:19:13.307, 293.24, 100, 74232, 70
2026/07/29 20:19:14.345, 295.40, 100, 74232, 70
2026/07/29 20:19:15.381, 294.73, 100, 74232, 70
2026/07/29 20:19:16.418, 296.06, 100, 74232, 70
2026/07/29 20:19:17.456, 299.19, 100, 74232, 70
2026/07/29 20:19:18.493, 296.87, 100, 74232, 70
2026/07/29 20:19:19.530, 297.62, 100, 74232, 70
2026/07/29 20:19:20.567, 292.46, 100, 74232, 70
2026/07/29 20:19:21.604, 293.42, 100, 74232, 70
2026/07/29 20:19:22.641, 293.66, 100, 74232, 70
2026/07/29 20:19:23.680, 296.56, 100, 74232, 70
2026/07/29 20:19:24.718, 296.95, 100, 74232, 70
2026/07/29 20:19:25.757, 302.12, 100, 74232, 70
2026/07/29 20:19:26.794, 304.53, 100, 74232, 70
2026/07/29 20:19:27.830, 293.05, 100, 74232, 70
2026/07/29 20:19:28.867, 305.11, 100, 74232, 70
2026/07/29 20:19:29.903, 301.80, 100, 74232, 70
2026/07/29 20:19:30.939, 302.78, 100, 74232, 70
2026/07/29 20:19:31.976, 300.35, 100, 74232, 70
2026/07/29 20:19:33.012, 303.44, 100, 74232, 70
2026/07/29 20:19:34.050, 303.26, 100, 74232, 70
2026/07/29 20:19:35.088, 295.57, 100, 74232, 70
2026/07/29 20:19:36.124, 304.11, 100, 74232, 70
2026/07/29 20:19:37.162, 299.54, 100, 74232, 70
2026/07/29 20:19:38.199, 303.35, 100, 74232, 70
2026/07/29 20:19:39.241, 299.37, 100, 74232, 70
2026/07/29 20:19:40.278, 295.11, 100, 74232, 70
2026/07/29 20:19:41.315, 302.48, 100, 74232, 70
2026/07/29 20:19:42.354, 302.56, 100, 74232, 70
2026/07/29 20:19:43.390, 303.74, 100, 74232, 70
2026/07/29 20:19:44.427, 304.65, 100, 74232, 70
2026/07/29 20:19:45.466, 297.92, 100, 74232, 70
2026/07/29 20:19:46.503, 295.61, 100, 74232, 70
2026/07/29 20:19:47.538, 294.05, 100, 74232, 70
2026/07/29 20:19:48.575, 296.84, 100, 74232, 70
2026/07/29 20:19:49.612, 301.90, 100, 74232, 70
2026/07/29 20:19:50.648, 300.08, 100, 74232, 70
2026/07/29 20:19:51.685, 303.46, 100, 74232, 70
2026/07/29 20:19:52.723, 304.30, 100, 74232, 70
2026/07/29 20:19:53.759, 304.31, 100, 74232, 70
2026/07/29 20:19:54.797, 299.66, 100, 74232, 70
2026/07/29 20:19:55.833, 305.91, 100, 74232, 70
2026/07/29 20:19:56.870, 302.47, 100, 74232, 70
2026/07/29 20:19:57.906, 302.76, 100, 74232, 70
2026/07/29 20:19:58.943, 302.60, 100, 74232, 70
2026/07/29 20:19:59.980, 303.26, 100, 74232, 70
2026/07/29 20:20:01.017, 306.40, 100, 74232, 70
2026/07/29 20:20:02.055, 294.24, 100, 74232, 70
2026/07/29 20:20:03.092, 296.55, 100, 74232, 70
2026/07/29 20:20:04.129, 303.19, 100, 74232, 70
2026/07/29 20:20:05.171, 297.33, 100, 74232, 69
2026/07/29 20:20:06.209, 95.16, 0, 74232, 66
2026/07/29 20:20:07.241, 296.62, 100, 74232, 71
2026/07/29 20:20:08.276, 296.39, 100, 74232, 71
2026/07/29 20:20:09.310, 294.99, 100, 74232, 71
2026/07/29 20:20:10.344, 270.16, 100, 74232, 71
2026/07/29 20:20:11.383, 269.98, 100, 74232, 71
2026/07/29 20:20:12.421, 310.26, 100, 74232, 71
2026/07/29 20:20:13.458, 301.82, 100, 74232, 69
2026/07/29 20:20:14.495, 301.79, 100, 74232, 69
2026/07/29 20:20:15.532, 304.13, 100, 74232, 69
2026/07/29 20:20:16.570, 301.41, 100, 74232, 69
2026/07/29 20:20:17.607, 295.66, 100, 74232, 69
2026/07/29 20:20:18.643, 303.97, 100, 74232, 70
2026/07/29 20:20:19.682, 302.13, 100, 74232, 70
2026/07/29 20:20:20.718, 296.76, 100, 74232, 70
2026/07/29 20:20:21.755, 303.47, 100, 74232, 70
2026/07/29 20:20:22.792, 301.89, 100, 74232, 70
2026/07/29 20:20:23.829, 303.44, 100, 74232, 70
2026/07/29 20:20:24.869, 303.87, 100, 74232, 70
2026/07/29 20:20:25.908, 301.43, 100, 74232, 70
2026/07/29 20:20:26.945, 302.59, 100, 74232, 70
2026/07/29 20:20:27.985, 296.66, 100, 74232, 70
2026/07/29 20:20:29.021, 293.08, 100, 74232, 70
2026/07/29 20:20:30.057, 302.61, 100, 74232, 70
2026/07/29 20:20:31.093, 296.35, 100, 74232, 70
2026/07/29 20:20:32.133, 293.36, 100, 74232, 70
2026/07/29 20:20:33.169, 296.27, 100, 74232, 70
2026/07/29 20:20:34.206, 295.88, 100, 74232, 70
2026/07/29 20:20:35.243, 298.60, 100, 74232, 72
2026/07/29 20:20:36.279, 303.38, 100, 74232, 72
2026/07/29 20:20:37.314, 315.15, 100, 74232, 72
2026/07/29 20:20:38.350, 287.03, 100, 74232, 72
2026/07/29 20:20:39.385, 285.56, 100, 74232, 72
2026/07/29 20:20:40.425, 286.34, 100, 74232, 72
2026/07/29 20:20:41.461, 295.50, 100, 74232, 70
2026/07/29 20:20:42.499, 303.48, 100, 74232, 70
2026/07/29 20:20:43.538, 303.85, 100, 74232, 70
2026/07/29 20:20:44.578, 302.78, 100, 74232, 70
2026/07/29 20:20:45.617, 303.34, 100, 74232, 70
2026/07/29 20:20:46.655, 305.28, 100, 74232, 70
2026/07/29 20:20:47.693, 301.78, 100, 74232, 70
2026/07/29 20:20:48.731, 301.70, 100, 74232, 71
2026/07/29 20:20:49.768, 303.65, 100, 74232, 71
2026/07/29 20:20:50.805, 302.10, 100, 74232, 70
2026/07/29 20:20:51.842, 301.31, 100, 74232, 70
2026/07/29 20:20:52.878, 304.71, 100, 74232, 71
2026/07/29 20:20:53.916, 305.80, 100, 74232, 70
2026/07/29 20:20:54.953, 305.30, 100, 74232, 70
2026/07/29 20:20:55.990, 302.37, 100, 74232, 70
2026/07/29 20:20:57.026, 304.32, 100, 74232, 70
2026/07/29 20:20:58.063, 302.22, 100, 74232, 70
2026/07/29 20:20:59.101, 297.80, 100, 74232, 70
2026/07/29 20:21:00.141, 298.20, 100, 74232, 70
2026/07/29 20:21:01.180, 301.60, 100, 74232, 70
2026/07/29 20:21:02.217, 292.20, 100, 74232, 70
2026/07/29 20:21:03.254, 297.13, 100, 74232, 70
2026/07/29 20:21:04.294, 297.83, 100, 74232, 70
2026/07/29 20:21:05.330, 309.52, 100, 74232, 70
2026/07/29 20:21:06.366, 303.85, 100, 74232, 70
2026/07/29 20:21:07.402, 304.26, 100, 74232, 70
2026/07/29 20:21:08.442, 303.64, 100, 74232, 70
2026/07/29 20:21:09.480, 303.83, 100, 74232, 70
2026/07/29 20:21:10.518, 301.03, 100, 74232, 70
2026/07/29 20:21:11.564, 300.34, 100, 74232, 70
2026/07/29 20:21:12.602, 296.55, 100, 74232, 70
2026/07/29 20:21:13.639, 305.29, 100, 74232, 70
2026/07/29 20:21:14.679, 299.49, 100, 74232, 70
2026/07/29 20:21:15.716, 303.27, 100, 74232, 70
2026/07/29 20:21:16.753, 304.55, 100, 74232, 70
2026/07/29 20:21:17.789, 298.59, 100, 74232, 70
2026/07/29 20:21:18.827, 288.69, 100, 74232, 70
2026/07/29 20:21:19.866, 296.36, 100, 74232, 70
2026/07/29 20:21:20.903, 297.24, 100, 74232, 70
2026/07/29 20:21:21.939, 294.90, 100, 74232, 70
2026/07/29 20:21:22.977, 300.55, 100, 74232, 70
2026/07/29 20:21:24.013, 296.74, 100, 74232, 70
2026/07/29 20:21:25.050, 303.06, 100, 74232, 70
2026/07/29 20:21:26.087, 304.68, 100, 74232, 70
2026/07/29 20:21:27.123, 302.01, 100, 74232, 70
2026/07/29 20:21:28.159, 296.93, 100, 74232, 70
2026/07/29 20:21:29.195, 301.62, 100, 74232, 70
2026/07/29 20:21:30.232, 304.92, 100, 74232, 70
2026/07/29 20:21:31.268, 299.39, 100, 74232, 70
2026/07/29 20:21:32.311, 300.35, 100, 74232, 70
2026/07/29 20:21:33.349, 302.01, 100, 74232, 70
2026/07/29 20:21:34.388, 299.86, 100, 74232, 70
2026/07/29 20:21:35.426, 304.13, 100, 74232, 70
2026/07/29 20:21:36.465, 303.15, 100, 74232, 70
2026/07/29 20:21:37.501, 304.61, 100, 74232, 70
2026/07/29 20:21:38.538, 294.42, 100, 74232, 70
2026/07/29 20:21:39.575, 301.41, 100, 74232, 70
2026/07/29 20:21:40.611, 303.38, 100, 74232, 70
2026/07/29 20:21:41.650, 304.18, 100, 74232, 70
2026/07/29 20:21:42.686, 305.14, 100, 74232, 70
2026/07/29 20:21:43.725, 304.69, 100, 74232, 70
2026/07/29 20:21:44.761, 296.96, 100, 74232, 70
2026/07/29 20:21:45.801, 297.53, 100, 74232, 70
2026/07/29 20:21:46.838, 297.34, 100, 74232, 70
2026/07/29 20:21:47.875, 295.01, 100, 74232, 70
2026/07/29 20:21:48.913, 291.41, 100, 74232, 70
2026/07/29 20:21:49.949, 295.86, 100, 74232, 70
2026/07/29 20:21:50.988, 297.05, 100, 74232, 70
2026/07/29 20:21:52.025, 292.86, 100, 74232, 70
2026/07/29 20:21:53.063, 292.09, 100, 74232, 70
2026/07/29 20:21:54.100, 296.27, 100, 74232, 70
2026/07/29 20:21:55.138, 296.26, 100, 74232, 70
2026/07/29 20:21:56.176, 303.94, 100, 74232, 70
2026/07/29 20:21:57.212, 296.16, 100, 74232, 70
2026/07/29 20:21:58.250, 299.84, 100, 74232, 70
2026/07/29 20:21:59.287, 298.51, 100, 74232, 70
2026/07/29 20:22:00.324, 303.44, 100, 74232, 70
2026/07/29 20:22:01.363, 303.20, 100, 74232, 70
2026/07/29 20:22:02.400, 307.52, 100, 74232, 70
2026/07/29 20:22:03.438, 302.36, 100, 74232, 70
2026/07/29 20:22:04.475, 303.94, 100, 74232, 70
2026/07/29 20:22:05.513, 296.08, 100, 74232, 70
2026/07/29 20:22:06.550, 299.29, 100, 74232, 70
2026/07/29 20:22:07.589, 302.51, 100, 74232, 70
2026/07/29 20:22:08.627, 304.06, 100, 74232, 70
2026/07/29 20:22:09.672, 293.36, 100, 74232, 70
2026/07/29 20:22:10.710, 298.02, 100, 74232, 70
2026/07/29 20:22:11.752, 302.51, 100, 74232, 70
2026/07/29 20:22:12.791, 302.59, 100, 74232, 70
2026/07/29 20:22:13.829, 297.72, 100, 74232, 70
2026/07/29 20:22:14.867, 294.22, 100, 74232, 70
2026/07/29 20:22:15.905, 301.22, 100, 74232, 70
2026/07/29 20:22:16.943, 297.35, 100, 74232, 70
2026/07/29 20:22:17.980, 293.07, 100, 74232, 70
2026/07/29 20:22:19.018, 297.24, 100, 74232, 70
2026/07/29 20:22:20.057, 293.44, 100, 74232, 70
2026/07/29 20:22:21.095, 297.62, 100, 74232, 70
2026/07/29 20:22:22.132, 294.42, 100, 74232, 70
2026/07/29 20:22:23.169, 298.01, 100, 74232, 70
2026/07/29 20:22:24.207, 302.97, 100, 74232, 70
2026/07/29 20:22:25.246, 303.34, 100, 74232, 70
2026/07/29 20:22:26.283, 301.05, 100, 74232, 70
2026/07/29 20:22:27.321, 293.74, 100, 74232, 70
2026/07/29 20:22:28.358, 295.78, 100, 74232, 70
2026/07/29 20:22:29.396, 295.59, 100, 74232, 70
2026/07/29 20:22:30.434, 302.57, 100, 74232, 70
2026/07/29 20:22:31.475, 299.15, 100, 74232, 70
2026/07/29 20:22:32.512, 302.87, 100, 74232, 70
2026/07/29 20:22:33.550, 303.35, 100, 74232, 70
2026/07/29 20:22:34.587, 296.46, 100, 74232, 70
2026/07/29 20:22:35.625, 292.99, 100, 74232, 70
2026/07/29 20:22:36.663, 291.72, 100, 74232, 70
2026/07/29 20:22:37.700, 297.25, 100, 74232, 70
2026/07/29 20:22:38.739, 299.66, 100, 74232, 70
2026/07/29 20:22:39.777, 297.04, 100, 74232, 70
2026/07/29 20:22:40.816, 292.52, 100, 74232, 70
2026/07/29 20:22:41.855, 301.90, 100, 74232, 70
2026/07/29 20:22:42.894, 302.20, 100, 74232, 70
2026/07/29 20:22:43.932, 304.53, 100, 74232, 70
2026/07/29 20:22:44.971, 304.37, 100, 74232, 70
2026/07/29 20:22:46.009, 295.90, 100, 74232, 70
2026/07/29 20:22:47.047, 295.29, 100, 74232, 70
2026/07/29 20:22:48.086, 296.75, 100, 74232, 70
2026/07/29 20:22:49.124, 299.67, 100, 74232, 70
2026/07/29 20:22:50.162, 291.25, 100, 74232, 70
2026/07/29 20:22:51.199, 299.20, 100, 74232, 70
2026/07/29 20:22:52.236, 307.99, 100, 74232, 70
2026/07/29 20:22:53.274, 288.18, 100, 74232, 70
2026/07/29 20:22:54.313, 297.45, 100, 74232, 70
2026/07/29 20:22:55.352, 297.21, 100, 74232, 70
2026/07/29 20:22:56.390, 299.75, 100, 74232, 70
2026/07/29 20:22:57.427, 298.00, 100, 74232, 70
2026/07/29 20:22:58.468, 303.44, 100, 74232, 70
2026/07/29 20:22:59.505, 293.45, 100, 74232, 70
2026/07/29 20:23:00.542, 291.62, 100, 74232, 70
2026/07/29 20:23:01.581, 291.58, 100, 74232, 70
2026/07/29 20:23:02.619, 298.80, 100, 74232, 70
2026/07/29 20:23:03.659, 303.56, 100, 74232, 70
2026/07/29 20:23:04.696, 304.72, 100, 74232, 70
2026/07/29 20:23:05.735, 301.80, 100, 74232, 70
2026/07/29 20:23:06.772, 299.57, 100, 74232, 70
2026/07/29 20:23:07.811, 298.69, 100, 74232, 70
2026/07/29 20:23:08.849, 297.84, 100, 74232, 70
2026/07/29 20:23:09.887, 293.35, 100, 74232, 70
2026/07/29 20:23:10.926, 297.54, 100, 74232, 70
2026/07/29 20:23:11.963, 294.33, 100, 74232, 70
2026/07/29 20:23:13.006, 293.05, 100, 74232, 70
2026/07/29 20:23:14.044, 295.58, 100, 74232, 70
2026/07/29 20:23:15.083, 303.44, 100, 74232, 70
2026/07/29 20:23:16.121, 296.65, 100, 74232, 70
2026/07/29 20:23:17.159, 297.54, 100, 74232, 70
2026/07/29 20:23:18.200, 293.54, 100, 74232, 70
2026/07/29 20:23:19.238, 292.48, 100, 74232, 70
2026/07/29 20:23:20.275, 295.77, 100, 74232, 70
2026/07/29 20:23:21.313, 296.75, 100, 74232, 70
2026/07/29 20:23:22.352, 293.24, 100, 74232, 70
2026/07/29 20:23:23.391, 297.65, 100, 74232, 70
2026/07/29 20:23:24.432, 292.38, 100, 74232, 70
2026/07/29 20:23:25.471, 297.35, 100, 74232, 70
2026/07/29 20:23:26.509, 296.58, 100, 74232, 70
2026/07/29 20:23:27.546, 299.10, 100, 74232, 70
2026/07/29 20:23:28.589, 295.18, 100, 74232, 70
2026/07/29 20:23:29.629, 301.80, 100, 74232, 70
2026/07/29 20:23:30.666, 303.73, 100, 74232, 70
2026/07/29 20:23:31.704, 304.45, 100, 74232, 70
2026/07/29 20:23:32.741, 298.42, 100, 74232, 70
2026/07/29 20:23:33.779, 298.11, 100, 74232, 70
2026/07/29 20:23:34.817, 300.27, 100, 74232, 70
2026/07/29 20:23:35.855, 293.26, 100, 74232, 70
2026/07/29 20:23:36.893, 295.80, 100, 74232, 70
2026/07/29 20:23:37.930, 297.55, 100, 74232, 70
2026/07/29 20:23:38.968, 298.10, 100, 74232, 70
2026/07/29 20:23:40.005, 298.02, 100, 74232, 70
2026/07/29 20:23:41.043, 293.24, 100, 74232, 70
2026/07/29 20:23:42.081, 297.54, 100, 74232, 70
2026/07/29 20:23:43.118, 294.82, 100, 74232, 70
2026/07/29 20:23:44.156, 296.66, 100, 74232, 70
2026/07/29 20:23:45.193, 297.45, 100, 74232, 70
2026/07/29 20:23:46.230, 304.02, 100, 74232, 70
2026/07/29 20:23:47.268, 302.41, 100, 74232, 70
2026/07/29 20:23:48.306, 302.39, 100, 74232, 70
2026/07/29 20:23:49.343, 303.73, 100, 74232, 70
2026/07/29 20:23:50.383, 303.05, 100, 74232, 70
2026/07/29 20:23:51.420, 304.61, 100, 74232, 70
2026/07/29 20:23:52.459, 306.29, 100, 74232, 70
2026/07/29 20:23:53.497, 297.43, 100, 74232, 70
2026/07/29 20:23:54.534, 291.12, 100, 74232, 70
2026/07/29 20:23:55.572, 293.06, 100, 74232, 70
2026/07/29 20:23:56.609, 296.36, 100, 74232, 70
2026/07/29 20:23:57.646, 297.43, 100, 74232, 70
2026/07/29 20:23:58.684, 298.88, 100, 74232, 70
2026/07/29 20:23:59.722, 303.85, 100, 74232, 70
2026/07/29 20:24:00.761, 305.38, 100, 74232, 70
2026/07/29 20:24:01.799, 297.04, 100, 74232, 70
2026/07/29 20:24:02.836, 292.66, 100, 74232, 70
2026/07/29 20:24:03.876, 295.80, 100, 74232, 70
2026/07/29 20:24:04.913, 296.85, 100, 74232, 70
2026/07/29 20:24:05.950, 304.44, 100, 74232, 70
2026/07/29 20:24:06.987, 300.44, 100, 74232, 70
2026/07/29 20:24:08.023, 297.25, 100, 74232, 70
2026/07/29 20:24:09.060, 294.34, 100, 74232, 70
2026/07/29 20:24:10.097, 298.90, 100, 74232, 70
2026/07/29 20:24:11.135, 295.89, 100, 74232, 70
2026/07/29 20:24:12.173, 296.26, 100, 74232, 70
2026/07/29 20:24:13.210, 297.32, 100, 74232, 70
2026/07/29 20:24:14.248, 297.32, 100, 74232, 70
2026/07/29 20:24:15.286, 299.19, 100, 74232, 70
2026/07/29 20:24:16.325, 297.67, 100, 74232, 70
2026/07/29 20:24:17.362, 293.36, 100, 74232, 70
2026/07/29 20:24:18.399, 296.57, 100, 74232, 70
2026/07/29 20:24:19.437, 304.21, 100, 74232, 70
2026/07/29 20:24:20.475, 304.56, 100, 74232, 70
2026/07/29 20:24:21.513, 304.92, 100, 74232, 70
2026/07/29 20:24:22.550, 297.95, 100, 74232, 70
2026/07/29 20:24:23.588, 294.82, 100, 74232, 70
2026/07/29 20:24:24.625, 293.26, 100, 74232, 70
2026/07/29 20:24:25.666, 300.53, 100, 74232, 70
2026/07/29 20:24:26.703, 302.65, 100, 74232, 70
2026/07/29 20:24:27.742, 304.05, 100, 74232, 70
2026/07/29 20:24:28.780, 304.98, 100, 74232, 70
2026/07/29 20:24:29.818, 298.69, 100, 74232, 70
2026/07/29 20:24:30.856, 290.23, 100, 74232, 70
2026/07/29 20:24:31.893, 297.33, 100, 74232, 70
2026/07/29 20:24:32.931, 298.61, 100, 74232, 70
2026/07/29 20:24:33.968, 298.71, 100, 74232, 70
2026/07/29 20:24:35.007, 302.89, 100, 74232, 70
2026/07/29 20:24:36.044, 294.04, 100, 74232, 70
2026/07/29 20:24:37.085, 292.38, 100, 74232, 70
2026/07/29 20:24:38.123, 299.08, 100, 74232, 70
2026/07/29 20:24:39.159, 297.31, 100, 74232, 70
2026/07/29 20:24:40.196, 298.41, 100, 74232, 70
2026/07/29 20:24:41.233, 297.82, 100, 74232, 70
2026/07/29 20:24:42.270, 299.78, 100, 74232, 70
2026/07/29 20:24:43.308, 295.09, 100, 74232, 70
2026/07/29 20:24:44.346, 298.42, 100, 74232, 70
2026/07/29 20:24:45.384, 295.69, 100, 74232, 70
2026/07/29 20:24:46.423, 296.28, 100, 74232, 70
2026/07/29 20:24:47.459, 296.28, 100, 74232, 70
2026/07/29 20:24:48.497, 297.05, 100, 74232, 70
2026/07/29 20:24:49.534, 297.23, 100, 74232, 70
2026/07/29 20:24:50.576, 296.97, 100, 74232, 70
2026/07/29 20:24:51.614, 298.47, 100, 74232, 70
2026/07/29 20:24:52.652, 298.02, 100, 74232, 70
2026/07/29 20:24:53.690, 297.61, 100, 74232, 70
2026/07/29 20:24:54.728, 298.11, 100, 74232, 70
2026/07/29 20:24:55.770, 295.10, 100, 74232, 70
2026/07/29 20:24:56.808, 297.53, 100, 74232, 70
2026/07/29 20:24:57.845, 302.19, 100, 74232, 70
2026/07/29 20:24:58.883, 302.56, 100, 74232, 70
2026/07/29 20:24:59.921, 304.80, 100, 74232, 70
2026/07/29 20:25:00.959, 297.54, 100, 74232, 70
2026/07/29 20:25:01.997, 298.22, 100, 74232, 70
2026/07/29 20:25:03.037, 290.12, 100, 74232, 70
2026/07/29 20:25:04.074, 297.73, 100, 74232, 70
2026/07/29 20:25:05.112, 295.39, 100, 74232, 70
2026/07/29 20:25:06.150, 295.76, 100, 74232, 70
2026/07/29 20:25:07.188, 309.55, 100, 74232, 70
2026/07/29 20:25:08.225, 302.16, 100, 74232, 70
2026/07/29 20:25:09.262, 303.77, 100, 74232, 70
2026/07/29 20:25:10.300, 306.52, 100, 74232, 70
2026/07/29 20:25:11.337, 298.22, 100, 74232, 70
2026/07/29 20:25:12.375, 301.48, 100, 74232, 70
2026/07/29 20:25:13.414, 299.07, 100, 74232, 70
2026/07/29 20:25:14.452, 307.21, 100, 74232, 70
2026/07/29 20:25:15.489, 304.53, 100, 74232, 70
2026/07/29 20:25:16.529, 294.63, 100, 74232, 70
2026/07/29 20:25:17.567, 296.67, 100, 74232, 70
2026/07/29 20:25:18.605, 297.70, 100, 74232, 70
2026/07/29 20:25:19.643, 291.61, 100, 74232, 70
2026/07/29 20:25:20.680, 298.91, 100, 74232, 70
2026/07/29 20:25:21.718, 293.46, 100, 74232, 70
2026/07/29 20:25:22.756, 294.53, 100, 74232, 70
2026/07/29 20:25:23.796, 294.11, 100, 74232, 70
2026/07/29 20:25:24.834, 299.26, 100, 74232, 70
2026/07/29 20:25:25.874, 295.76, 100, 74232, 70
2026/07/29 20:25:26.914, 303.17, 100, 74232, 70
2026/07/29 20:25:27.951, 297.20, 100, 74232, 70
2026/07/29 20:25:28.991, 297.25, 100, 74232, 70
2026/07/29 20:25:30.029, 296.08, 100, 74232, 70
2026/07/29 20:25:31.066, 303.55, 100, 74232, 70
2026/07/29 20:25:32.107, 308.89, 100, 74232, 70
2026/07/29 20:25:33.145, 298.02, 100, 74232, 70
2026/07/29 20:25:34.186, 305.10, 100, 74232, 70
2026/07/29 20:25:35.224, 295.92, 100, 74232, 71
2026/07/29 20:25:36.262, 293.75, 100, 74232, 71
2026/07/29 20:25:37.298, 291.23, 100, 74232, 71
2026/07/29 20:25:38.333, 313.62, 100, 74232, 72
2026/07/29 20:25:39.368, 299.67, 100, 74232, 72
2026/07/29 20:25:40.406, 308.48, 100, 74232, 71
2026/07/29 20:25:41.442, 298.28, 100, 74232, 71
2026/07/29 20:25:42.480, 303.35, 100, 74232, 70
2026/07/29 20:25:43.518, 299.96, 100, 74232, 70
2026/07/29 20:25:44.555, 297.72, 100, 74232, 70
2026/07/29 20:25:45.593, 297.55, 100, 74232, 70
2026/07/29 20:25:46.632, 299.10, 100, 74232, 70
2026/07/29 20:25:47.670, 294.70, 100, 74232, 70
2026/07/29 20:25:48.710, 296.86, 100, 74232, 70
2026/07/29 20:25:49.748, 303.94, 100, 74232, 70
2026/07/29 20:25:50.785, 297.64, 100, 74232, 70
2026/07/29 20:25:51.824, 295.87, 100, 74232, 70
2026/07/29 20:25:52.863, 298.04, 100, 74232, 71
2026/07/29 20:25:53.902, 294.80, 100, 74232, 70
2026/07/29 20:25:54.940, 296.47, 100, 74232, 70
2026/07/29 20:25:55.979, 297.64, 100, 74232, 71
2026/07/29 20:25:57.017, 294.13, 100, 74232, 71
2026/07/29 20:25:58.054, 299.16, 100, 74232, 71
2026/07/29 20:25:59.092, 296.26, 100, 74232, 71
2026/07/29 20:26:00.130, 300.85, 100, 74232, 71
2026/07/29 20:26:01.168, 293.85, 100, 74232, 71
2026/07/29 20:26:02.213, 292.50, 100, 74232, 70
2026/07/29 20:26:03.251, 298.41, 100, 74232, 70
2026/07/29 20:26:04.288, 305.49, 100, 74232, 71
2026/07/29 20:26:05.325, 302.48, 100, 74232, 71
2026/07/29 20:26:06.363, 297.26, 100, 74232, 71
2026/07/29 20:26:07.401, 294.12, 100, 74232, 70
2026/07/29 20:26:08.439, 294.63, 100, 74232, 70
2026/07/29 20:26:09.477, 297.72, 100, 74232, 70
2026/07/29 20:26:10.515, 294.70, 100, 74232, 70
2026/07/29 20:26:11.552, 294.22, 100, 74232, 70
2026/07/29 20:26:12.591, 295.98, 100, 74232, 70
2026/07/29 20:26:13.629, 297.63, 100, 74232, 70
2026/07/29 20:26:14.667, 304.22, 100, 74232, 70
2026/07/29 20:26:15.704, 303.26, 100, 74232, 70
2026/07/29 20:26:16.742, 303.38, 100, 74232, 70
2026/07/29 20:26:17.780, 297.04, 100, 74232, 70
2026/07/29 20:26:18.822, 297.53, 100, 74232, 70
2026/07/29 20:26:19.862, 293.18, 100, 74232, 70
2026/07/29 20:26:20.899, 298.98, 100, 74232, 70
2026/07/29 20:26:21.939, 303.35, 100, 74232, 70
2026/07/29 20:26:22.976, 293.85, 100, 74232, 70
2026/07/29 20:26:24.015, 294.43, 100, 74232, 70
2026/07/29 20:26:25.052, 298.21, 100, 74232, 70
2026/07/29 20:26:26.089, 300.07, 100, 74232, 70
2026/07/29 20:26:27.126, 298.12, 100, 74232, 70
2026/07/29 20:26:28.164, 300.07, 100, 74232, 70
2026/07/29 20:26:29.201, 296.08, 100, 74232, 70
2026/07/29 20:26:30.242, 296.57, 100, 74232, 70
2026/07/29 20:26:31.280, 304.42, 100, 74232, 70
2026/07/29 20:26:32.317, 304.88, 100, 74232, 70
2026/07/29 20:26:33.356, 303.15, 100, 74232, 70
2026/07/29 20:26:34.392, 296.17, 100, 74232, 70
2026/07/29 20:26:35.429, 293.37, 100, 74232, 70
2026/07/29 20:26:36.468, 289.84, 100, 74232, 70
2026/07/29 20:26:37.506, 295.97, 100, 74232, 70
2026/07/29 20:26:38.544, 303.46, 100, 74232, 70
2026/07/29 20:26:39.583, 303.15, 100, 74232, 70
2026/07/29 20:26:40.621, 298.12, 100, 74232, 70
2026/07/29 20:26:41.660, 302.67, 100, 74232, 70
2026/07/29 20:26:42.698, 304.56, 100, 74232, 70
2026/07/29 20:26:43.736, 302.62, 100, 74232, 70
2026/07/29 20:26:44.773, 295.20, 100, 74232, 70
2026/07/29 20:26:45.810, 305.00, 100, 74232, 70
2026/07/29 20:26:46.848, 301.14, 100, 74232, 70
2026/07/29 20:26:47.884, 304.31, 100, 74232, 70
2026/07/29 20:26:48.922, 303.55, 100, 74232, 70
2026/07/29 20:26:49.958, 304.92, 100, 74232, 70
2026/07/29 20:26:50.997, 298.82, 100, 74232, 70
2026/07/29 20:26:52.033, 301.52, 100, 74232, 70
2026/07/29 20:26:53.071, 303.94, 100, 74232, 70
2026/07/29 20:26:54.107, 301.46, 100, 74232, 70
2026/07/29 20:26:55.145, 303.25, 100, 74232, 70
2026/07/29 20:26:56.183, 303.19, 100, 74232, 70
2026/07/29 20:26:57.222, 303.77, 100, 74232, 70
2026/07/29 20:26:58.259, 306.30, 100, 74232, 70
2026/07/29 20:26:59.297, 306.76, 100, 74232, 70
2026/07/29 20:27:00.333, 302.30, 100, 74232, 70
2026/07/29 20:27:01.369, 298.80, 100, 74232, 70
2026/07/29 20:27:02.406, 297.06, 100, 74232, 70
2026/07/29 20:27:03.446, 298.02, 100, 74232, 70
2026/07/29 20:27:04.489, 300.53, 100, 74232, 70
2026/07/29 20:27:05.527, 295.48, 100, 74232, 70
2026/07/29 20:27:06.570, 296.94, 100, 74232, 70
2026/07/29 20:27:07.610, 295.52, 100, 74232, 70
2026/07/29 20:27:08.647, 300.87, 100, 74232, 70
2026/07/29 20:27:09.686, 301.68, 100, 74232, 70
2026/07/29 20:27:10.724, 297.62, 100, 74232, 70
2026/07/29 20:27:11.768, 304.50, 100, 74232, 70
2026/07/29 20:27:12.805, 297.31, 100, 74232, 70
2026/07/29 20:27:13.842, 302.61, 100, 74232, 70
2026/07/29 20:27:14.880, 296.16, 100, 74232, 70
2026/07/29 20:27:15.918, 304.24, 100, 74232, 70
2026/07/29 20:27:16.956, 300.96, 100, 74232, 70
2026/07/29 20:27:17.994, 298.68, 100, 74232, 70
2026/07/29 20:27:19.030, 296.37, 100, 74232, 70
2026/07/29 20:27:20.069, 293.55, 100, 74232, 70
2026/07/29 20:27:21.107, 296.06, 100, 74232, 70
2026/07/29 20:27:22.144, 300.63, 100, 74232, 70
2026/07/29 20:27:23.182, 297.04, 100, 74232, 70
2026/07/29 20:27:24.219, 297.07, 100, 74232, 70
2026/07/29 20:27:25.256, 297.27, 100, 74232, 70
2026/07/29 20:27:26.294, 293.83, 100, 74232, 70
2026/07/29 20:27:27.332, 295.89, 100, 74232, 70
2026/07/29 20:27:28.368, 300.83, 100, 74232, 70
2026/07/29 20:27:29.408, 303.96, 100, 74232, 70
2026/07/29 20:27:30.444, 301.61, 100, 74232, 70
2026/07/29 20:27:31.481, 301.51, 100, 74232, 70
2026/07/29 20:27:32.517, 302.29, 100, 74232, 70
2026/07/29 20:27:33.556, 303.48, 100, 74232, 70
2026/07/29 20:27:34.593, 301.19, 100, 74232, 70
2026/07/29 20:27:35.631, 291.60, 100, 74232, 70
2026/07/29 20:27:36.668, 298.79, 100, 74232, 70
2026/07/29 20:27:37.710, 293.74, 100, 74232, 70
2026/07/29 20:27:38.748, 303.86, 100, 74232, 70
2026/07/29 20:27:39.785, 294.63, 100, 74232, 70
2026/07/29 20:27:40.826, 296.82, 100, 74232, 70
2026/07/29 20:27:41.864, 294.63, 100, 74232, 70
2026/07/29 20:27:42.902, 296.65, 100, 74232, 70
2026/07/29 20:27:43.941, 296.96, 100, 74232, 70
2026/07/29 20:27:44.978, 296.77, 100, 74232, 70
2026/07/29 20:27:46.017, 293.45, 100, 74232, 70
2026/07/29 20:27:47.054, 296.09, 100, 74232, 70
2026/07/29 20:27:48.093, 303.83, 100, 74232, 70
2026/07/29 20:27:49.132, 304.75, 100, 74232, 70
2026/07/29 20:27:50.169, 298.23, 100, 74232, 70
2026/07/29 20:27:51.207, 303.19, 100, 74232, 70
2026/07/29 20:27:52.246, 297.53, 100, 74232, 70
2026/07/29 20:27:53.283, 293.83, 100, 74232, 70
2026/07/29 20:27:54.322, 297.35, 100, 74232, 70
2026/07/29 20:27:55.359, 295.29, 100, 74232, 70
2026/07/29 20:27:56.397, 293.94, 100, 74232, 70
2026/07/29 20:27:57.435, 289.27, 100, 74232, 70
2026/07/29 20:27:58.472, 296.75, 100, 74232, 70
2026/07/29 20:27:59.510, 295.58, 100, 74232, 70
2026/07/29 20:28:00.548, 297.06, 100, 74232, 70
2026/07/29 20:28:01.585, 302.02, 100, 74232, 70
2026/07/29 20:28:02.622, 305.11, 100, 74232, 70
2026/07/29 20:28:03.659, 301.92, 100, 74232, 70
2026/07/29 20:28:04.695, 304.16, 100, 74232, 70
2026/07/29 20:28:05.731, 297.55, 100, 74232, 70
2026/07/29 20:28:06.767, 304.83, 100, 74232, 70
2026/07/29 20:28:07.807, 301.42, 100, 74232, 70
2026/07/29 20:28:08.844, 302.79, 100, 74232, 70
2026/07/29 20:28:09.883, 302.97, 100, 74232, 70
2026/07/29 20:28:10.924, 298.20, 100, 74232, 70
2026/07/29 20:28:11.962, 298.21, 100, 74232, 70
2026/07/29 20:28:13.002, 297.83, 100, 74232, 70
2026/07/29 20:28:14.039, 293.56, 100, 74232, 70
2026/07/29 20:28:15.079, 295.79, 100, 74232, 70
2026/07/29 20:28:16.117, 295.96, 100, 74232, 70
2026/07/29 20:28:17.154, 299.09, 100, 74232, 70
2026/07/29 20:28:18.197, 301.74, 100, 74232, 70
2026/07/29 20:28:19.235, 297.74, 100, 74232, 70
2026/07/29 20:28:20.272, 294.13, 100, 74232, 70
2026/07/29 20:28:21.310, 296.67, 100, 74232, 70
2026/07/29 20:28:22.348, 296.08, 100, 74232, 70
2026/07/29 20:28:23.385, 303.47, 100, 74232, 70
2026/07/29 20:28:24.422, 297.53, 100, 74232, 70
2026/07/29 20:28:25.460, 296.26, 100, 74232, 70
2026/07/29 20:28:26.499, 302.10, 100, 74232, 70
2026/07/29 20:28:27.536, 303.86, 100, 74232, 70
2026/07/29 20:28:28.574, 308.80, 100, 74232, 70
2026/07/29 20:28:29.612, 298.01, 100, 74232, 70
2026/07/29 20:28:30.649, 298.30, 100, 74232, 70
2026/07/29 20:28:31.688, 287.30, 100, 74232, 70
2026/07/29 20:28:32.726, 293.75, 100, 74232, 70
2026/07/29 20:28:33.763, 294.52, 100, 74232, 72
2026/07/29 20:28:34.801, 287.92, 100, 74232, 72
2026/07/29 20:28:36.220, 304.88, 100, 74232, 72
2026/07/29 20:28:37.255, 310.22, 100, 74232, 72
2026/07/29 20:28:38.294, 327.64, 100, 74232, 72
2026/07/29 20:28:39.330, 307.62, 100, 74232, 72
2026/07/29 20:28:40.365, 296.86, 100, 74232, 70
2026/07/29 20:28:41.403, 300.76, 100, 74232, 70
2026/07/29 20:28:42.441, 304.02, 100, 74232, 70
2026/07/29 20:28:43.478, 304.71, 100, 74232, 70
2026/07/29 20:28:44.516, 305.34, 100, 74232, 70
2026/07/29 20:28:45.553, 302.70, 100, 74232, 70
2026/07/29 20:28:46.592, 304.34, 100, 74232, 70
2026/07/29 20:28:47.629, 303.83, 100, 74232, 70
2026/07/29 20:28:48.667, 304.27, 100, 74232, 71
2026/07/29 20:28:49.705, 302.57, 100, 74232, 70
2026/07/29 20:28:50.745, 302.37, 100, 74232, 71
2026/07/29 20:28:51.783, 304.21, 100, 74232, 71
2026/07/29 20:28:52.820, 302.39, 100, 74232, 70
2026/07/29 20:28:53.858, 303.06, 100, 74232, 71
2026/07/29 20:28:54.896, 296.28, 100, 74232, 70
2026/07/29 20:28:55.937, 298.11, 100, 74232, 70
2026/07/29 20:28:56.975, 292.68, 100, 74232, 70
2026/07/29 20:28:58.012, 294.71, 100, 74232, 70
2026/07/29 20:28:59.049, 297.35, 100, 74232, 70
2026/07/29 20:29:00.093, 298.12, 100, 74232, 70
2026/07/29 20:29:01.131, 296.48, 100, 74232, 70
2026/07/29 20:29:02.168, 296.36, 100, 74232, 70
2026/07/29 20:29:03.206, 291.71, 100, 74232, 70
2026/07/29 20:29:04.246, 293.86, 100, 74232, 70
2026/07/29 20:29:05.284, 288.09, 100, 74232, 70
2026/07/29 20:29:06.324, 290.43, 100, 74232, 70
2026/07/29 20:29:07.362, 298.04, 100, 74232, 70
2026/07/29 20:29:08.400, 297.34, 100, 74232, 70
2026/07/29 20:29:09.439, 295.59, 100, 74232, 70
2026/07/29 20:29:10.476, 297.55, 100, 74232, 70
2026/07/29 20:29:11.514, 303.86, 100, 74232, 71
2026/07/29 20:29:12.552, 307.39, 100, 74232, 71
2026/07/29 20:29:13.589, 303.45, 100, 74232, 71
2026/07/29 20:29:14.627, 306.36, 100, 74232, 71
2026/07/29 20:29:15.665, 304.23, 100, 74232, 71
2026/07/29 20:29:16.703, 305.48, 100, 74232, 71
2026/07/29 20:29:17.740, 305.40, 100, 74232, 71
2026/07/29 20:29:18.777, 296.46, 100, 74232, 71
2026/07/29 20:29:19.814, 297.43, 100, 74232, 71
2026/07/29 20:29:20.851, 308.62, 100, 74232, 71
2026/07/29 20:29:21.889, 305.58, 100, 74232, 71
2026/07/29 20:29:22.927, 303.45, 100, 74232, 71
2026/07/29 20:29:23.964, 298.10, 100, 74232, 70
2026/07/29 20:29:25.003, 300.28, 100, 74232, 71
2026/07/29 20:29:26.040, 301.53, 100, 74232, 71
2026/07/29 20:29:27.082, 296.86, 100, 74232, 71
2026/07/29 20:29:28.119, 303.67, 100, 74232, 71
2026/07/29 20:29:29.163, 304.07, 100, 74232, 71
2026/07/29 20:29:30.203, 293.64, 100, 74232, 71
2026/07/29 20:29:31.240, 296.11, 100, 74232, 71
2026/07/29 20:29:32.278, 95.89, 0, 74232, 70
2026/07/29 20:29:33.312, 305.03, 100, 74232, 72
2026/07/29 20:29:34.348, 295.97, 100, 74232, 72
2026/07/29 20:29:35.384, 310.88, 100, 74232, 72
2026/07/29 20:29:36.419, 294.03, 100, 74232, 72
2026/07/29 20:29:37.455, 306.48, 100, 74232, 72
2026/07/29 20:29:38.498, 280.11, 100, 74232, 72
2026/07/29 20:29:39.534, 279.95, 100, 74232, 70
2026/07/29 20:29:40.572, 286.81, 100, 74232, 70
2026/07/29 20:29:41.610, 297.99, 100, 74232, 70
2026/07/29 20:29:42.649, 302.13, 100, 74232, 70
2026/07/29 20:29:43.687, 297.62, 100, 74232, 70
2026/07/29 20:29:44.726, 295.00, 100, 74232, 70
2026/07/29 20:29:45.765, 294.89, 100, 74232, 70
2026/07/29 20:29:46.803, 296.97, 100, 74232, 71
2026/07/29 20:29:47.842, 297.73, 100, 74232, 71
2026/07/29 20:29:48.880, 299.09, 100, 74232, 71
2026/07/29 20:29:49.921, 304.71, 100, 74232, 71
2026/07/29 20:29:50.959, 295.39, 100, 74232, 71
2026/07/29 20:29:52.001, 298.03, 100, 74232, 71
2026/07/29 20:29:53.043, 301.91, 100, 74232, 71
2026/07/29 20:29:54.081, 300.63, 100, 74232, 71
2026/07/29 20:29:55.119, 303.25, 100, 74232, 71
2026/07/29 20:29:56.158, 304.99, 100, 74232, 71
2026/07/29 20:29:57.196, 305.84, 100, 74232, 71
2026/07/29 20:29:58.235, 302.26, 100, 74232, 71
2026/07/29 20:29:59.273, 303.87, 100, 74232, 71
2026/07/29 20:30:00.311, 305.60, 100, 74232, 71
2026/07/29 20:30:01.349, 298.11, 100, 74232, 71
2026/07/29 20:30:02.387, 293.85, 100, 74232, 71
2026/07/29 20:30:03.424, 303.83, 100, 74232, 71
2026/07/29 20:30:04.463, 304.46, 100, 74232, 71
2026/07/29 20:30:05.502, 304.53, 100, 74232, 71
2026/07/29 20:30:06.544, 298.60, 100, 74232, 70
2026/07/29 20:30:07.583, 308.24, 100, 74232, 70
2026/07/29 20:30:08.622, 298.60, 100, 74232, 70
2026/07/29 20:30:09.659, 295.19, 100, 74232, 70
2026/07/29 20:30:10.700, 297.06, 100, 74232, 70
2026/07/29 20:30:11.737, 297.62, 100, 74232, 70
2026/07/29 20:30:12.776, 307.14, 100, 74232, 70
2026/07/29 20:30:13.812, 299.29, 100, 74232, 70
2026/07/29 20:30:14.850, 299.16, 100, 74232, 70
2026/07/29 20:30:15.887, 304.93, 100, 74232, 70
2026/07/29 20:30:16.925, 304.94, 100, 74232, 70
2026/07/29 20:30:17.962, 302.50, 100, 74232, 70
2026/07/29 20:30:19.000, 295.38, 100, 74232, 70
2026/07/29 20:30:20.038, 303.24, 100, 74232, 70
2026/07/29 20:30:21.075, 301.35, 100, 74232, 70
2026/07/29 20:30:22.113, 294.71, 100, 74232, 70
2026/07/29 20:30:23.150, 295.29, 100, 74232, 70
2026/07/29 20:30:24.189, 296.93, 100, 74232, 70
2026/07/29 20:30:25.227, 296.74, 100, 74232, 70
2026/07/29 20:30:26.269, 298.04, 100, 74232, 70
2026/07/29 20:30:27.307, 295.11, 100, 74232, 70
2026/07/29 20:30:28.345, 293.57, 100, 74232, 70
2026/07/29 20:30:29.384, 296.85, 100, 74232, 70
2026/07/29 20:30:30.421, 296.67, 100, 74232, 70
2026/07/29 20:30:31.459, 308.40, 100, 74232, 70
2026/07/29 20:30:32.496, 305.88, 100, 74232, 70
2026/07/29 20:30:33.533, 303.77, 100, 74232, 70
2026/07/29 20:30:34.571, 305.10, 100, 74232, 70
2026/07/29 20:30:35.610, 298.91, 100, 74232, 70
2026/07/29 20:30:36.647, 298.90, 100, 74232, 70
2026/07/29 20:30:37.689, 296.75, 100, 74232, 70
2026/07/29 20:30:38.728, 302.13, 100, 74232, 70
2026/07/29 20:30:39.765, 291.61, 100, 74232, 70
2026/07/29 20:30:40.802, 296.76, 100, 74232, 70
2026/07/29 20:30:41.839, 306.95, 100, 74232, 70
2026/07/29 20:30:42.877, 303.43, 100, 74232, 70
2026/07/29 20:30:43.914, 304.85, 100, 74232, 70
2026/07/29 20:30:44.951, 304.71, 100, 74232, 70
2026/07/29 20:30:45.994, 301.80, 100, 74232, 70
2026/07/29 20:30:47.032, 296.57, 100, 74232, 70
2026/07/29 20:30:48.069, 296.76, 100, 74232, 70
2026/07/29 20:30:49.109, 299.09, 100, 74232, 70
2026/07/29 20:30:50.146, 297.13, 100, 74232, 70
2026/07/29 20:30:51.184, 296.75, 100, 74232, 70
2026/07/29 20:30:52.223, 293.45, 100, 74232, 70
2026/07/29 20:30:53.261, 297.53, 100, 74232, 70
2026/07/29 20:30:54.299, 292.48, 100, 74232, 70
2026/07/29 20:30:55.337, 294.05, 100, 74232, 70
2026/07/29 20:30:56.380, 300.26, 100, 74232, 70
2026/07/29 20:30:57.419, 304.04, 100, 74232, 70
2026/07/29 20:30:58.457, 304.26, 100, 74232, 70
2026/07/29 20:30:59.497, 298.52, 100, 74232, 70
2026/07/29 20:31:00.534, 298.91, 100, 74232, 70
2026/07/29 20:31:01.572, 301.80, 100, 74232, 70
2026/07/29 20:31:02.609, 296.85, 100, 74232, 70
2026/07/29 20:31:03.647, 304.82, 100, 74232, 70
2026/07/29 20:31:04.686, 298.10, 100, 74232, 70
2026/07/29 20:31:05.724, 296.56, 100, 74232, 70
2026/07/29 20:31:06.764, 296.56, 100, 74232, 70
2026/07/29 20:31:07.801, 292.96, 100, 74232, 70
2026/07/29 20:31:08.840, 297.35, 100, 74232, 70
2026/07/29 20:31:09.878, 308.80, 100, 74232, 70
2026/07/29 20:31:10.916, 293.27, 100, 74232, 70
2026/07/29 20:31:11.952, 296.27, 100, 74232, 70
2026/07/29 20:31:12.994, 296.76, 100, 74232, 70
2026/07/29 20:31:14.032, 297.95, 100, 74232, 70
2026/07/29 20:31:15.069, 299.97, 100, 74232, 70
2026/07/29 20:31:16.106, 296.27, 100, 74232, 70
2026/07/29 20:31:17.147, 296.86, 100, 74232, 70
2026/07/29 20:31:18.185, 296.94, 100, 74232, 70
2026/07/29 20:31:19.225, 305.59, 100, 74232, 70
2026/07/29 20:31:20.264, 295.59, 100, 74232, 70
2026/07/29 20:31:21.301, 294.42, 100, 74232, 70
2026/07/29 20:31:22.339, 296.18, 100, 74232, 70
2026/07/29 20:31:23.377, 297.53, 100, 74232, 70
2026/07/29 20:31:24.415, 305.10, 100, 74232, 70
2026/07/29 20:31:25.453, 305.97, 100, 74232, 70
2026/07/29 20:31:26.492, 297.92, 100, 74232, 70
2026/07/29 20:31:27.533, 307.75, 100, 74232, 70
2026/07/29 20:31:28.570, 301.35, 100, 74232, 71
2026/07/29 20:31:29.608, 303.64, 100, 74232, 70
2026/07/29 20:31:30.645, 305.23, 100, 74232, 71
2026/07/29 20:31:31.684, 304.65, 100, 74232, 70
2026/07/29 20:31:32.722, 305.59, 100, 74232, 70
2026/07/29 20:31:33.760, 297.56, 100, 74232, 70
2026/07/29 20:31:34.797, 294.91, 100, 74232, 70
2026/07/29 20:31:35.834, 295.89, 100, 74232, 70
2026/07/29 20:31:36.872, 297.82, 100, 74232, 70
2026/07/29 20:31:37.910, 297.07, 100, 74232, 70
2026/07/29 20:31:38.948, 298.13, 100, 74232, 70
2026/07/29 20:31:39.985, 294.44, 100, 74232, 70
2026/07/29 20:31:41.023, 300.05, 100, 74232, 70
2026/07/29 20:31:42.061, 295.88, 100, 74232, 70
2026/07/29 20:31:43.102, 297.54, 100, 74232, 70
2026/07/29 20:31:44.140, 299.00, 100, 74232, 70
2026/07/29 20:31:45.178, 304.85, 100, 74232, 71
2026/07/29 20:31:46.216, 304.82, 100, 74232, 70
2026/07/29 20:31:47.254, 302.19, 100, 74232, 70
2026/07/29 20:31:48.293, 294.82, 100, 74232, 70
2026/07/29 20:31:49.330, 297.33, 100, 74232, 70
2026/07/29 20:31:50.370, 297.53, 100, 74232, 70
2026/07/29 20:31:51.408, 304.07, 100, 74232, 70
2026/07/29 20:31:52.447, 301.71, 100, 74232, 70
2026/07/29 20:31:53.485, 297.84, 100, 74232, 70
2026/07/29 20:31:54.523, 295.11, 100, 74232, 70
2026/07/29 20:31:55.560, 297.26, 100, 74232, 70
2026/07/29 20:31:56.598, 296.46, 100, 74232, 70
2026/07/29 20:31:57.639, 302.96, 100, 74232, 70
2026/07/29 20:31:58.676, 304.55, 100, 74232, 70
2026/07/29 20:31:59.717, 305.82, 100, 74232, 70
2026/07/29 20:32:00.755, 297.94, 100, 74232, 70
2026/07/29 20:32:01.792, 293.94, 100, 74232, 70
2026/07/29 20:32:02.830, 298.31, 100, 74232, 70
2026/07/29 20:32:03.868, 297.05, 100, 74232, 70
2026/07/29 20:32:04.908, 296.75, 100, 74232, 70
2026/07/29 20:32:05.946, 297.34, 100, 74232, 70
2026/07/29 20:32:06.983, 298.32, 100, 74232, 70
2026/07/29 20:32:08.020, 301.05, 100, 74232, 70
2026/07/29 20:32:09.059, 293.25, 100, 74232, 70
2026/07/29 20:32:10.097, 299.19, 100, 74232, 70
2026/07/29 20:32:11.133, 295.48, 100, 74232, 70
2026/07/29 20:32:12.170, 293.45, 100, 74232, 70
2026/07/29 20:32:13.210, 297.75, 100, 74232, 70
2026/07/29 20:32:14.249, 297.34, 100, 74232, 70
2026/07/29 20:32:15.286, 298.31, 100, 74232, 70
2026/07/29 20:32:16.328, 294.52, 100, 74232, 70
2026/07/29 20:32:17.366, 293.55, 100, 74232, 70
2026/07/29 20:32:18.404, 296.38, 100, 74232, 70
2026/07/29 20:32:19.441, 298.29, 100, 74232, 70
2026/07/29 20:32:20.479, 292.75, 100, 74232, 70
2026/07/29 20:32:21.517, 298.70, 100, 74232, 70
2026/07/29 20:32:22.554, 298.31, 100, 74232, 70
2026/07/29 20:32:23.597, 296.57, 100, 74232, 70
2026/07/29 20:32:24.635, 295.87, 100, 74232, 70
2026/07/29 20:32:25.672, 297.73, 100, 74232, 70
2026/07/29 20:32:26.710, 292.48, 100, 74232, 70
2026/07/29 20:32:27.748, 298.91, 100, 74232, 70
2026/07/29 20:32:28.787, 296.46, 100, 74232, 70
2026/07/29 20:32:29.825, 303.78, 100, 74232, 70
2026/07/29 20:32:30.863, 292.56, 100, 74232, 70
2026/07/29 20:32:31.901, 297.05, 100, 74232, 70
2026/07/29 20:32:32.941, 297.74, 100, 74232, 70
2026/07/29 20:32:33.979, 297.53, 100, 74232, 70
2026/07/29 20:32:35.019, 297.63, 100, 74232, 70
2026/07/29 20:32:36.063, 294.32, 100, 74232, 70
2026/07/29 20:32:37.101, 297.13, 100, 74232, 70
2026/07/29 20:32:38.139, 295.78, 100, 74232, 70
2026/07/29 20:32:39.178, 303.19, 100, 74232, 70
2026/07/29 20:32:40.216, 304.80, 100, 74232, 70
2026/07/29 20:32:41.254, 303.58, 100, 74232, 70
2026/07/29 20:32:42.292, 298.42, 100, 74232, 70
2026/07/29 20:32:43.329, 292.11, 100, 74232, 70
2026/07/29 20:32:44.368, 298.12, 100, 74232, 70
2026/07/29 20:32:45.406, 293.83, 100, 74232, 70
2026/07/29 20:32:46.445, 297.91, 100, 74232, 70
2026/07/29 20:32:47.484, 302.18, 100, 74232, 70
2026/07/29 20:32:48.522, 296.86, 100, 74232, 70
2026/07/29 20:32:49.560, 297.55, 100, 74232, 70
2026/07/29 20:32:50.598, 303.93, 100, 74232, 70
2026/07/29 20:32:51.636, 295.50, 100, 74232, 70
2026/07/29 20:32:52.674, 301.20, 100, 74232, 70
2026/07/29 20:32:53.712, 292.88, 100, 74232, 70
2026/07/29 20:32:54.749, 296.55, 100, 74232, 70
2026/07/29 20:32:55.786, 296.66, 100, 74232, 70
2026/07/29 20:32:56.824, 297.44, 100, 74232, 70
2026/07/29 20:32:57.861, 297.07, 100, 74232, 70
2026/07/29 20:32:58.899, 297.62, 100, 74232, 70
2026/07/29 20:32:59.938, 298.02, 100, 74232, 70
2026/07/29 20:33:00.976, 296.76, 100, 74232, 70
2026/07/29 20:33:02.013, 299.96, 100, 74232, 70
2026/07/29 20:33:03.051, 301.54, 100, 74232, 70
2026/07/29 20:33:04.090, 299.67, 100, 74232, 70
2026/07/29 20:33:05.129, 302.36, 100, 74232, 70
2026/07/29 20:33:06.166, 303.91, 100, 74232, 70
2026/07/29 20:33:07.209, 298.02, 100, 74232, 70
2026/07/29 20:33:08.246, 300.53, 100, 74232, 70
2026/07/29 20:33:09.283, 304.64, 100, 74232, 70
2026/07/29 20:33:10.321, 300.34, 100, 74232, 70
2026/07/29 20:33:11.359, 297.74, 100, 74232, 70
2026/07/29 20:33:12.401, 293.17, 100, 74232, 70
2026/07/29 20:33:13.438, 300.05, 100, 74232, 70
2026/07/29 20:33:14.476, 301.13, 100, 74232, 70
2026/07/29 20:33:15.515, 303.18, 100, 74232, 70
2026/07/29 20:33:16.554, 298.21, 100, 74232, 70
2026/07/29 20:33:17.593, 297.05, 100, 74232, 70
2026/07/29 20:33:18.630, 298.52, 100, 74232, 70
2026/07/29 20:33:19.669, 296.17, 100, 74232, 70
2026/07/29 20:33:20.707, 92.79, 53, 74232, 68
2026/07/29 20:33:21.742, 303.67, 100, 74232, 70
2026/07/29 20:33:22.780, 303.21, 100, 74232, 70
2026/07/29 20:33:23.820, 302.14, 100, 74232, 70
2026/07/29 20:33:24.858, 296.67, 100, 74232, 70
2026/07/29 20:33:25.903, 298.33, 100, 74232, 70
2026/07/29 20:33:26.945, 299.45, 100, 74232, 70
2026/07/29 20:33:27.981, 302.61, 100, 74232, 70
2026/07/29 20:33:29.021, 297.94, 100, 74232, 70
2026/07/29 20:33:30.058, 301.72, 100, 74232, 70
2026/07/29 20:33:31.096, 300.14, 100, 74232, 70
2026/07/29 20:33:32.132, 304.57, 100, 74232, 70
2026/07/29 20:33:33.168, 293.45, 100, 74232, 70
2026/07/29 20:33:34.205, 297.82, 100, 74232, 70
2026/07/29 20:33:35.242, 298.40, 100, 74232, 70
2026/07/29 20:33:36.278, 301.69, 100, 74232, 70
2026/07/29 20:33:37.314, 299.49, 100, 74232, 70
2026/07/29 20:33:38.352, 302.89, 100, 74232, 70
2026/07/29 20:33:39.389, 303.10, 100, 74232, 70
2026/07/29 20:33:40.425, 301.60, 100, 74232, 70
2026/07/29 20:33:41.460, 302.48, 100, 74232, 70
2026/07/29 20:33:42.498, 301.98, 100, 74232, 70
2026/07/29 20:33:43.534, 304.17, 100, 74232, 70
2026/07/29 20:33:44.575, 295.99, 100, 74232, 70
2026/07/29 20:33:45.614, 288.98, 100, 74232, 70
2026/07/29 20:33:46.651, 296.09, 100, 74232, 70
2026/07/29 20:33:47.687, 297.53, 100, 74232, 70
2026/07/29 20:33:48.725, 296.28, 100, 74232, 70
2026/07/29 20:33:49.765, 297.64, 100, 74232, 70
2026/07/29 20:33:50.801, 295.88, 100, 74232, 70
2026/07/29 20:33:51.842, 305.89, 100, 74232, 70
2026/07/29 20:33:52.879, 300.73, 100, 74232, 70
2026/07/29 20:33:53.917, 304.31, 100, 74232, 70
2026/07/29 20:33:54.955, 298.82, 100, 74232, 70
2026/07/29 20:33:55.991, 300.64, 100, 74232, 70
2026/07/29 20:33:57.031, 293.94, 100, 74232, 70
2026/07/29 20:33:58.067, 303.85, 100, 74232, 70
2026/07/29 20:33:59.104, 302.41, 100, 74232, 70
2026/07/29 20:34:00.140, 301.89, 100, 74232, 70
2026/07/29 20:34:01.180, 302.49, 100, 74232, 70
2026/07/29 20:34:02.217, 302.30, 100, 74232, 70
2026/07/29 20:34:03.254, 303.48, 100, 74232, 70
2026/07/29 20:34:04.290, 304.53, 100, 74232, 70
2026/07/29 20:34:05.327, 302.91, 100, 74232, 70
2026/07/29 20:34:06.363, 299.35, 100, 74232, 70
2026/07/29 20:34:07.400, 301.84, 100, 74232, 70
2026/07/29 20:34:08.438, 293.35, 100, 74232, 70
2026/07/29 20:34:09.476, 299.96, 100, 74232, 70
2026/07/29 20:34:10.515, 298.12, 100, 74232, 70
2026/07/29 20:34:11.552, 299.18, 100, 74232, 70
2026/07/29 20:34:12.591, 300.43, 100, 74232, 70
2026/07/29 20:34:13.630, 296.54, 100, 74232, 70
2026/07/29 20:34:14.669, 300.06, 100, 74232, 70
2026/07/29 20:34:15.708, 300.33, 100, 74232, 70
2026/07/29 20:34:16.745, 296.26, 100, 74232, 70
2026/07/29 20:34:17.783, 299.78, 100, 74232, 70
2026/07/29 20:34:18.820, 294.32, 100, 74232, 70
2026/07/29 20:34:19.858, 293.35, 100, 74232, 70
2026/07/29 20:34:20.895, 292.37, 100, 74232, 70
2026/07/29 20:34:21.936, 293.07, 100, 74232, 70
2026/07/29 20:34:22.973, 294.14, 100, 74232, 70
2026/07/29 20:34:24.010, 299.27, 100, 74232, 70
2026/07/29 20:34:25.048, 300.13, 100, 74232, 70
2026/07/29 20:34:26.086, 300.95, 100, 74232, 70
2026/07/29 20:34:27.124, 297.32, 100, 74232, 70
2026/07/29 20:34:28.162, 300.44, 100, 74232, 70
2026/07/29 20:34:29.202, 299.25, 100, 74232, 70
2026/07/29 20:34:30.240, 295.97, 100, 74232, 70
2026/07/29 20:34:31.278, 295.87, 100, 74232, 70
2026/07/29 20:34:32.316, 295.30, 100, 74232, 70
2026/07/29 20:34:33.356, 296.25, 100, 74232, 70
2026/07/29 20:34:34.394, 294.32, 100, 74232, 70
2026/07/29 20:34:35.435, 301.43, 100, 74232, 70
2026/07/29 20:34:36.472, 302.39, 100, 74232, 70
2026/07/29 20:34:37.512, 302.01, 100, 74232, 70
2026/07/29 20:34:38.549, 302.90, 100, 74232, 70
2026/07/29 20:34:39.593, 301.33, 100, 74232, 70
2026/07/29 20:34:40.631, 301.33, 100, 74232, 70
2026/07/29 20:34:41.668, 299.28, 100, 74232, 70
2026/07/29 20:34:42.712, 304.12, 100, 74232, 70
2026/07/29 20:34:43.750, 301.99, 100, 74232, 70
2026/07/29 20:34:44.787, 301.70, 100, 74232, 70
2026/07/29 20:34:45.827, 295.89, 100, 74232, 70
2026/07/29 20:34:46.864, 294.71, 100, 74232, 70
2026/07/29 20:34:47.902, 294.80, 100, 74232, 70
2026/07/29 20:34:48.939, 294.34, 100, 74232, 70
2026/07/29 20:34:49.975, 292.87, 100, 74232, 70
2026/07/29 20:34:51.012, 293.92, 100, 74232, 70
2026/07/29 20:34:52.050, 300.65, 100, 74232, 70
2026/07/29 20:34:53.087, 301.24, 100, 74232, 70
2026/07/29 20:34:54.128, 294.23, 100, 74232, 70
2026/07/29 20:34:55.166, 296.55, 100, 74232, 70
2026/07/29 20:34:56.203, 290.63, 100, 74232, 70
2026/07/29 20:34:57.241, 290.73, 100, 74232, 70
2026/07/29 20:34:58.278, 292.68, 100, 74232, 70
2026/07/29 20:34:59.315, 295.00, 100, 74232, 70
2026/07/29 20:35:00.352, 293.05, 100, 74232, 71
2026/07/29 20:35:01.388, 297.81, 100, 74232, 71
2026/07/29 20:35:02.423, 299.76, 100, 74232, 71
2026/07/29 20:35:03.458, 306.66, 100, 74232, 71
2026/07/29 20:35:04.494, 317.26, 100, 74232, 72
2026/07/29 20:35:05.531, 296.01, 100, 74232, 71
2026/07/29 20:35:06.569, 300.34, 100, 74232, 70
2026/07/29 20:35:07.610, 295.88, 100, 74232, 70
2026/07/29 20:35:08.646, 301.74, 100, 74232, 70
2026/07/29 20:35:09.685, 296.94, 100, 74232, 70
2026/07/29 20:35:10.723, 295.18, 100, 74232, 70
2026/07/29 20:35:11.760, 291.30, 100, 74232, 70
2026/07/29 20:35:12.797, 295.20, 100, 74232, 70
2026/07/29 20:35:13.834, 290.76, 100, 74232, 70
2026/07/29 20:35:14.871, 298.02, 100, 74232, 70
2026/07/29 20:35:15.909, 299.85, 100, 74232, 70
2026/07/29 20:35:16.948, 293.94, 100, 74232, 70
2026/07/29 20:35:17.986, 292.96, 100, 74232, 71
2026/07/29 20:35:19.021, 300.07, 100, 74232, 71
2026/07/29 20:35:20.058, 310.29, 100, 74232, 72
2026/07/29 20:35:21.098, 287.52, 100, 74232, 72
2026/07/29 20:35:22.134, 292.34, 100, 74232, 72
2026/07/29 20:35:23.169, 281.54, 100, 74232, 72
2026/07/29 20:35:24.205, 303.06, 100, 74232, 70
2026/07/29 20:35:25.242, 302.38, 100, 74232, 70
2026/07/29 20:35:26.280, 305.30, 100, 74232, 70
2026/07/29 20:35:27.316, 302.85, 100, 74232, 70
2026/07/29 20:35:28.354, 297.40, 100, 74232, 72
2026/07/29 20:35:29.390, 279.00, 100, 74232, 72
2026/07/29 20:35:30.432, 303.34, 100, 74232, 72
2026/07/29 20:35:31.467, 311.42, 100, 74232, 72
2026/07/29 20:35:32.503, 312.23, 100, 74232, 72
2026/07/29 20:35:33.540, 282.70, 100, 74232, 72
2026/07/29 20:35:34.576, 302.30, 100, 74232, 71
2026/07/29 20:35:35.613, 301.99, 100, 74232, 71
2026/07/29 20:35:36.649, 301.50, 100, 74232, 71
2026/07/29 20:35:37.686, 301.51, 100, 74232, 71
2026/07/29 20:35:38.724, 303.53, 100, 74232, 71
2026/07/29 20:35:39.760, 297.62, 100, 74232, 71
2026/07/29 20:35:40.798, 299.47, 100, 74232, 71
2026/07/29 20:35:41.834, 305.11, 100, 74232, 71
2026/07/29 20:35:42.869, 299.29, 100, 74232, 71
2026/07/29 20:35:43.908, 303.34, 100, 74232, 71
2026/07/29 20:35:44.944, 306.10, 100, 74232, 71
2026/07/29 20:35:45.983, 299.76, 100, 74232, 71
2026/07/29 20:35:47.020, 295.48, 100, 74232, 71
2026/07/29 20:35:48.056, 297.81, 100, 74232, 71
2026/07/29 20:35:49.093, 293.82, 100, 74232, 71
2026/07/29 20:35:50.133, 296.47, 100, 74232, 71
2026/07/29 20:35:51.171, 297.91, 100, 74232, 71
2026/07/29 20:35:52.209, 298.13, 100, 74232, 71
2026/07/29 20:35:53.246, 297.81, 100, 74232, 71
2026/07/29 20:35:54.284, 299.77, 100, 74232, 71
2026/07/29 20:35:55.322, 305.15, 100, 74232, 71
2026/07/29 20:35:56.362, 292.03, 100, 74232, 71
2026/07/29 20:35:57.399, 296.85, 100, 74232, 71
2026/07/29 20:35:58.435, 299.09, 100, 74232, 71
2026/07/29 20:35:59.471, 295.99, 100, 74232, 71
2026/07/29 20:36:00.509, 297.42, 100, 74232, 71
2026/07/29 20:36:01.545, 303.46, 100, 74232, 71
2026/07/29 20:36:02.590, 295.20, 100, 74232, 71
2026/07/29 20:36:03.627, 302.86, 100, 74232, 71
2026/07/29 20:36:04.664, 297.33, 100, 74232, 71
2026/07/29 20:36:05.702, 290.34, 100, 74232, 71
2026/07/29 20:36:06.738, 296.35, 100, 74232, 71
2026/07/29 20:36:07.776, 304.81, 100, 74232, 71
2026/07/29 20:36:08.812, 300.55, 100, 74232, 71
2026/07/29 20:36:09.852, 298.52, 100, 74232, 71
2026/07/29 20:36:10.891, 298.78, 100, 74232, 71
2026/07/29 20:36:11.930, 304.70, 100, 74232, 71
2026/07/29 20:36:12.966, 299.39, 100, 74232, 70
2026/07/29 20:36:14.006, 296.57, 100, 74232, 70
2026/07/29 20:36:15.043, 297.75, 100, 74232, 70
2026/07/29 20:36:16.081, 296.36, 100, 74232, 70
2026/07/29 20:36:17.122, 294.91, 100, 74232, 70
2026/07/29 20:36:18.159, 297.16, 100, 74232, 70
2026/07/29 20:36:19.196, 299.50, 100, 74232, 70
2026/07/29 20:36:20.234, 292.23, 100, 74232, 70
2026/07/29 20:36:21.274, 295.67, 100, 74232, 70
2026/07/29 20:36:22.311, 297.63, 100, 74232, 70
2026/07/29 20:36:23.348, 304.05, 100, 74232, 70
2026/07/29 20:36:24.386, 301.25, 100, 74232, 70
2026/07/29 20:36:25.423, 304.12, 100, 74232, 70
2026/07/29 20:36:26.460, 303.75, 100, 74232, 70
2026/07/29 20:36:27.497, 293.29, 100, 74232, 70
2026/07/29 20:36:28.534, 296.56, 100, 74232, 70
2026/07/29 20:36:29.570, 304.05, 100, 74232, 70
2026/07/29 20:36:30.607, 301.23, 100, 74232, 70
2026/07/29 20:36:31.644, 301.11, 100, 74232, 70
2026/07/29 20:36:32.681, 302.79, 100, 74232, 70
2026/07/29 20:36:33.718, 302.48, 100, 74232, 70
2026/07/29 20:36:34.756, 304.42, 100, 74232, 70
2026/07/29 20:36:35.793, 294.80, 100, 74232, 70
2026/07/29 20:36:36.834, 291.39, 100, 74232, 70
2026/07/29 20:36:37.871, 296.08, 100, 74232, 70
2026/07/29 20:36:38.909, 301.55, 100, 74232, 70
2026/07/29 20:36:39.946, 302.68, 100, 74232, 70
2026/07/29 20:36:40.983, 302.76, 100, 74232, 70
2026/07/29 20:36:42.020, 304.23, 100, 74232, 70
2026/07/29 20:36:43.057, 299.29, 100, 74232, 72
2026/07/29 20:36:44.094, 298.31, 100, 74232, 72
2026/07/29 20:36:45.131, 297.61, 100, 74232, 72
2026/07/29 20:36:46.169, 291.49, 100, 74232, 72
2026/07/29 20:36:47.204, 287.11, 100, 74232, 72
2026/07/29 20:36:48.239, 312.43, 100, 74232, 72
2026/07/29 20:36:49.276, 279.51, 100, 74232, 72
2026/07/29 20:36:50.313, 303.05, 100, 74232, 70
2026/07/29 20:36:51.350, 302.96, 100, 74232, 70
2026/07/29 20:36:52.389, 304.72, 100, 74232, 70
2026/07/29 20:36:53.427, 301.63, 100, 74232, 70
2026/07/29 20:36:54.465, 301.34, 100, 74232, 70
2026/07/29 20:36:55.502, 304.31, 100, 74232, 70
2026/07/29 20:36:56.541, 308.15, 100, 74232, 70
2026/07/29 20:36:57.579, 303.26, 100, 74232, 70
2026/07/29 20:36:58.617, 302.48, 100, 74232, 70
2026/07/29 20:36:59.654, 293.94, 100, 74232, 70
2026/07/29 20:37:00.693, 292.86, 100, 74232, 70
2026/07/29 20:37:01.732, 294.62, 100, 74232, 70
2026/07/29 20:37:02.769, 303.18, 100, 74232, 71
2026/07/29 20:37:03.806, 294.51, 100, 74232, 70
2026/07/29 20:37:04.844, 303.74, 100, 74232, 71
2026/07/29 20:37:05.880, 295.10, 100, 74232, 71
2026/07/29 20:37:06.917, 303.27, 100, 74232, 71
2026/07/29 20:37:07.953, 299.27, 100, 74232, 71
2026/07/29 20:37:08.990, 302.20, 100, 74232, 70
2026/07/29 20:37:10.026, 301.99, 100, 74232, 71
2026/07/29 20:37:11.066, 304.52, 100, 74232, 70
2026/07/29 20:37:12.105, 306.39, 100, 74232, 71
2026/07/29 20:37:13.142, 304.34, 100, 74232, 71
2026/07/29 20:37:14.181, 302.38, 100, 74232, 71
2026/07/29 20:37:15.218, 301.52, 100, 74232, 71
2026/07/29 20:37:16.256, 297.54, 100, 74232, 70
2026/07/29 20:37:17.293, 303.49, 100, 74232, 70
2026/07/29 20:37:18.332, 304.04, 100, 74232, 70
2026/07/29 20:37:19.369, 304.34, 100, 74232, 70
2026/07/29 20:37:20.407, 296.21, 100, 74232, 70
2026/07/29 20:37:21.444, 298.22, 100, 74232, 70
2026/07/29 20:37:22.485, 294.32, 100, 74232, 70
2026/07/29 20:37:23.524, 299.11, 100, 74232, 70
2026/07/29 20:37:24.561, 299.98, 100, 74232, 70
2026/07/29 20:37:25.599, 302.13, 100, 74232, 70
2026/07/29 20:37:26.636, 302.19, 100, 74232, 70
2026/07/29 20:37:27.676, 296.17, 100, 74232, 70
2026/07/29 20:37:28.713, 301.54, 100, 74232, 70
2026/07/29 20:37:29.749, 302.21, 100, 74232, 70
2026/07/29 20:37:30.786, 302.67, 100, 74232, 70
2026/07/29 20:37:31.827, 297.14, 100, 74232, 70
2026/07/29 20:37:32.866, 292.10, 100, 74232, 70
2026/07/29 20:37:33.904, 297.92, 100, 74232, 70
2026/07/29 20:37:34.945, 296.86, 100, 74232, 70
2026/07/29 20:37:35.982, 296.76, 100, 74232, 70
2026/07/29 20:37:37.019, 292.65, 100, 74232, 70
2026/07/29 20:37:38.058, 296.29, 100, 74232, 70
2026/07/29 20:37:39.095, 292.10, 100, 74232, 70
2026/07/29 20:37:40.135, 293.45, 100, 74232, 70
2026/07/29 20:37:41.174, 290.24, 100, 74232, 70
2026/07/29 20:37:42.211, 294.32, 100, 74232, 70
2026/07/29 20:37:43.250, 294.03, 100, 74232, 70
2026/07/29 20:37:44.288, 300.26, 100, 74232, 70
2026/07/29 20:37:45.327, 300.93, 100, 74232, 70
2026/07/29 20:37:46.363, 299.19, 100, 74232, 70
2026/07/29 20:37:47.401, 295.68, 100, 74232, 70
2026/07/29 20:37:48.439, 291.30, 100, 74232, 70
2026/07/29 20:37:49.475, 296.47, 100, 74232, 70
2026/07/29 20:37:50.513, 295.60, 100, 74232, 70
2026/07/29 20:37:51.552, 297.73, 100, 74232, 70
2026/07/29 20:37:52.588, 297.16, 100, 74232, 70
2026/07/29 20:37:53.633, 294.62, 100, 74232, 70
2026/07/29 20:37:54.671, 303.19, 100, 74232, 70
2026/07/29 20:37:55.709, 298.53, 100, 74232, 70
2026/07/29 20:37:56.758, 299.66, 100, 74232, 70
2026/07/29 20:37:57.796, 302.20, 100, 74232, 70
2026/07/29 20:37:58.831, 301.70, 100, 74232, 70
2026/07/29 20:37:59.867, 302.20, 100, 74232, 70
2026/07/29 20:38:00.905, 301.92, 100, 74232, 70
2026/07/29 20:38:01.942, 304.62, 100, 74232, 70
2026/07/29 20:38:02.979, 301.13, 100, 74232, 70
2026/07/29 20:38:04.015, 291.98, 100, 74232, 70
2026/07/29 20:38:05.055, 299.10, 100, 74232, 70
2026/07/29 20:38:06.093, 296.44, 100, 74232, 70
2026/07/29 20:38:07.129, 300.73, 100, 74232, 70
2026/07/29 20:38:08.166, 300.34, 100, 74232, 70
2026/07/29 20:38:09.201, 297.05, 100, 74232, 70
2026/07/29 20:38:10.242, 295.10, 100, 74232, 70
2026/07/29 20:38:11.279, 295.10, 100, 74232, 70
2026/07/29 20:38:12.320, 295.49, 100, 74232, 70
2026/07/29 20:38:13.358, 294.81, 100, 74232, 70
2026/07/29 20:38:14.395, 296.56, 100, 74232, 70
2026/07/29 20:38:15.434, 302.13, 100, 74232, 70
2026/07/29 20:38:16.474, 295.81, 100, 74232, 70
2026/07/29 20:38:17.513, 301.73, 100, 74232, 70
2026/07/29 20:38:18.552, 301.43, 100, 74232, 70
2026/07/29 20:38:19.591, 302.60, 100, 74232, 70
2026/07/29 20:38:20.628, 302.30, 100, 74232, 70
2026/07/29 20:38:21.666, 295.48, 100, 74232, 70
2026/07/29 20:38:22.703, 302.59, 100, 74232, 70
2026/07/29 20:38:23.740, 302.45, 100, 74232, 70
2026/07/29 20:38:24.777, 295.50, 100, 74232, 70
2026/07/29 20:38:25.816, 293.94, 100, 74232, 70
2026/07/29 20:38:26.853, 301.25, 100, 74232, 70
2026/07/29 20:38:27.892, 301.33, 100, 74232, 70
2026/07/29 20:38:28.930, 302.30, 100, 74232, 70
2026/07/29 20:38:29.967, 302.01, 100, 74232, 70
2026/07/29 20:38:31.006, 295.97, 100, 74232, 70
2026/07/29 20:38:32.043, 296.27, 100, 74232, 70
2026/07/29 20:38:33.081, 301.30, 100, 74232, 70
2026/07/29 20:38:34.118, 297.23, 100, 74232, 70
2026/07/29 20:38:35.157, 293.94, 100, 74232, 70
2026/07/29 20:38:36.195, 302.31, 100, 74232, 70
2026/07/29 20:38:37.233, 296.28, 100, 74232, 70
2026/07/29 20:38:38.271, 292.38, 100, 74232, 70
2026/07/29 20:38:39.310, 293.26, 100, 74232, 70
2026/07/29 20:38:40.349, 293.44, 100, 74232, 70
2026/07/29 20:38:41.387, 297.44, 100, 74232, 70
2026/07/29 20:38:42.429, 294.14, 100, 74232, 70
2026/07/29 20:38:43.467, 299.46, 100, 74232, 70
2026/07/29 20:38:44.505, 296.30, 100, 74232, 70
2026/07/29 20:38:45.543, 301.49, 100, 74232, 70
2026/07/29 20:38:46.580, 299.38, 100, 74232, 70
2026/07/29 20:38:47.619, 296.76, 100, 74232, 70
2026/07/29 20:38:48.656, 301.24, 100, 74232, 70
2026/07/29 20:38:49.694, 301.05, 100, 74232, 70
2026/07/29 20:38:50.732, 296.39, 100, 74232, 70
2026/07/29 20:38:51.771, 297.91, 100, 74232, 70
2026/07/29 20:38:52.810, 300.83, 100, 74232, 70
2026/07/29 20:38:53.848, 302.40, 100, 74232, 70
2026/07/29 20:38:54.887, 300.24, 100, 74232, 70
2026/07/29 20:38:55.926, 298.42, 100, 74232, 70
2026/07/29 20:38:56.964, 290.33, 100, 74232, 70
2026/07/29 20:38:58.001, 297.51, 100, 74232, 70
2026/07/29 20:38:59.038, 293.43, 100, 74232, 70
2026/07/29 20:39:00.076, 295.96, 100, 74232, 70
2026/07/29 20:39:01.113, 291.50, 100, 74232, 70
2026/07/29 20:39:02.154, 293.34, 100, 74232, 70
2026/07/29 20:39:03.192, 296.96, 100, 74232, 70
2026/07/29 20:39:04.230, 299.86, 100, 74232, 70
2026/07/29 20:39:05.268, 293.76, 100, 74232, 71
2026/07/29 20:39:06.304, 290.08, 100, 74232, 72
2026/07/29 20:39:07.340, 312.89, 100, 74232, 72
2026/07/29 20:39:08.375, 285.75, 100, 74232, 72
2026/07/29 20:39:09.411, 304.13, 100, 74232, 71
2026/07/29 20:39:10.447, 274.50, 100, 74232, 71
2026/07/29 20:39:11.490, 303.35, 100, 74232, 70
2026/07/29 20:39:12.529, 301.61, 100, 74232, 70
2026/07/29 20:39:13.566, 303.45, 100, 74232, 70
2026/07/29 20:39:14.604, 303.38, 100, 74232, 70
2026/07/29 20:39:15.641, 300.55, 100, 74232, 70
2026/07/29 20:39:16.680, 304.62, 100, 74232, 70
2026/07/29 20:39:17.717, 304.06, 100, 74232, 70
2026/07/29 20:39:18.755, 300.91, 100, 74232, 70
2026/07/29 20:39:19.794, 298.40, 100, 74232, 70
2026/07/29 20:39:20.833, 297.82, 100, 74232, 70
2026/07/29 20:39:21.870, 292.77, 100, 74232, 70
2026/07/29 20:39:22.907, 296.56, 100, 74232, 70
2026/07/29 20:39:23.945, 296.77, 100, 74232, 70
2026/07/29 20:39:24.982, 294.72, 100, 74232, 70
2026/07/29 20:39:26.019, 297.13, 100, 74232, 70
2026/07/29 20:39:27.057, 376.09, 91, 74232, 72
2026/07/29 20:39:28.093, 287.68, 100, 74232, 72
2026/07/29 20:39:29.128, 300.23, 100, 74232, 72
2026/07/29 20:39:30.166, 287.81, 100, 74232, 72
2026/07/29 20:39:31.210, 303.48, 100, 74232, 72
2026/07/29 20:39:32.246, 316.68, 100, 74232, 72
2026/07/29 20:39:33.282, 318.25, 100, 74232, 72
2026/07/29 20:39:34.319, 303.56, 100, 74232, 70
2026/07/29 20:39:35.358, 304.81, 100, 74232, 70
2026/07/29 20:39:36.398, 299.18, 100, 74232, 71
2026/07/29 20:39:37.434, 298.30, 100, 74232, 70
2026/07/29 20:39:38.471, 295.01, 100, 74232, 71
2026/07/29 20:39:39.509, 291.11, 100, 74232, 71
2026/07/29 20:39:40.548, 290.24, 100, 74232, 71
2026/07/29 20:39:41.587, 288.79, 100, 74232, 71
2026/07/29 20:39:42.625, 290.24, 100, 74232, 71
2026/07/29 20:39:43.666, 288.97, 100, 74232, 71
2026/07/29 20:39:44.704, 294.61, 100, 74232, 71
2026/07/29 20:39:45.743, 290.93, 100, 74232, 71
2026/07/29 20:39:46.782, 290.92, 100, 74232, 71
2026/07/29 20:39:47.819, 298.99, 100, 74232, 71
2026/07/29 20:39:48.858, 289.37, 100, 74232, 71
2026/07/29 20:39:49.897, 291.01, 100, 74232, 71
2026/07/29 20:39:50.934, 298.70, 100, 74232, 71
2026/07/29 20:39:51.973, 298.39, 100, 74232, 71
2026/07/29 20:39:53.010, 305.11, 100, 74232, 71
2026/07/29 20:39:54.049, 304.02, 100, 74232, 71
2026/07/29 20:39:55.086, 294.05, 100, 74232, 71
2026/07/29 20:39:56.125, 295.79, 100, 74232, 71
2026/07/29 20:39:57.163, 297.45, 100, 74232, 71
2026/07/29 20:39:58.200, 297.91, 100, 74232, 71
2026/07/29 20:39:59.238, 295.78, 100, 74232, 71
2026/07/29 20:40:00.275, 297.52, 100, 74232, 71
2026/07/29 20:40:01.315, 304.79, 100, 74232, 71
2026/07/29 20:40:02.351, 301.02, 100, 74232, 71
2026/07/29 20:40:03.391, 303.86, 100, 74232, 70
2026/07/29 20:40:04.430, 298.12, 100, 74232, 70
2026/07/29 20:40:05.467, 301.55, 100, 74232, 70
2026/07/29 20:40:06.506, 303.45, 100, 74232, 70
2026/07/29 20:40:07.544, 301.50, 100, 74232, 70
2026/07/29 20:40:08.583, 294.03, 100, 74232, 70
2026/07/29 20:40:09.623, 293.64, 100, 74232, 70
2026/07/29 20:40:10.661, 297.64, 100, 74232, 70
2026/07/29 20:40:11.699, 304.07, 100, 74232, 70
2026/07/29 20:40:12.736, 307.51, 100, 74232, 70
2026/07/29 20:40:13.778, 304.71, 100, 74232, 70
2026/07/29 20:40:14.816, 308.70, 100, 74232, 70
2026/07/29 20:40:15.855, 303.38, 100, 74232, 70
2026/07/29 20:40:16.894, 303.77, 100, 74232, 70
2026/07/29 20:40:17.936, 297.74, 100, 74232, 70
2026/07/29 20:40:18.974, 96.28, 0, 74232, 67
2026/07/29 20:40:20.006, 297.07, 100, 74232, 71
2026/07/29 20:40:21.041, 311.67, 100, 74232, 72
2026/07/29 20:40:22.075, 315.58, 100, 74232, 72
2026/07/29 20:40:23.114, 294.22, 100, 74232, 72
2026/07/29 20:40:24.150, 279.54, 100, 74232, 71
2026/07/29 20:40:25.185, 282.15, 100, 74232, 72
2026/07/29 20:40:26.222, 304.03, 100, 74232, 70
2026/07/29 20:40:27.259, 304.91, 100, 74232, 70
2026/07/29 20:40:28.297, 301.31, 100, 74232, 70
2026/07/29 20:40:29.334, 302.76, 100, 74232, 70
2026/07/29 20:40:30.374, 296.77, 100, 74232, 70
2026/07/29 20:40:31.409, 293.29, 100, 74232, 72
2026/07/29 20:40:32.446, 289.76, 100, 74232, 72
2026/07/29 20:40:33.483, 296.29, 100, 74232, 72
2026/07/29 20:40:34.520, 276.83, 100, 74232, 72
2026/07/29 20:40:35.558, 276.11, 100, 74232, 72
2026/07/29 20:40:36.594, 326.91, 100, 74232, 72
2026/07/29 20:40:37.630, 305.44, 100, 74232, 70
2026/07/29 20:40:38.668, 295.80, 100, 74232, 70
2026/07/29 20:40:39.706, 297.73, 100, 74232, 70
2026/07/29 20:40:40.745, 304.44, 100, 74232, 70
2026/07/29 20:40:41.783, 301.60, 100, 74232, 71
2026/07/29 20:40:42.818, 302.78, 100, 74232, 71
2026/07/29 20:40:43.856, 296.27, 100, 74232, 71
2026/07/29 20:40:44.893, 297.45, 100, 74232, 71
2026/07/29 20:40:45.929, 296.74, 100, 74232, 71
2026/07/29 20:40:46.966, 296.36, 100, 74232, 71
2026/07/29 20:40:48.004, 297.45, 100, 74232, 71
2026/07/29 20:40:49.040, 298.99, 100, 74232, 71
2026/07/29 20:40:50.078, 298.42, 100, 74232, 71
2026/07/29 20:40:51.115, 297.74, 100, 74232, 71
2026/07/29 20:40:52.155, 302.27, 100, 74232, 71
2026/07/29 20:40:53.191, 303.88, 100, 74232, 71
2026/07/29 20:40:54.227, 299.19, 100, 74232, 71
2026/07/29 20:40:55.264, 296.28, 100, 74232, 71
2026/07/29 20:40:56.302, 289.20, 100, 74232, 71
2026/07/29 20:40:57.340, 296.28, 100, 74232, 71
2026/07/29 20:40:58.377, 296.37, 100, 74232, 71
2026/07/29 20:40:59.414, 296.96, 100, 74232, 71
2026/07/29 20:41:00.450, 303.16, 100, 74232, 71
2026/07/29 20:41:01.488, 303.21, 100, 74232, 71
2026/07/29 20:41:02.527, 303.74, 100, 74232, 71
2026/07/29 20:41:03.566, 301.90, 100, 74232, 71
2026/07/29 20:41:04.602, 306.20, 100, 74232, 71
2026/07/29 20:41:05.639, 302.10, 100, 74232, 71
2026/07/29 20:41:06.677, 303.22, 100, 74232, 70
2026/07/29 20:41:07.714, 301.44, 100, 74232, 70
2026/07/29 20:41:08.751, 299.39, 100, 74232, 70
2026/07/29 20:41:09.789, 299.47, 100, 74232, 70
2026/07/29 20:41:10.825, 295.97, 100, 74232, 70
2026/07/29 20:41:11.861, 295.78, 100, 74232, 70
2026/07/29 20:41:12.900, 304.23, 100, 74232, 70
2026/07/29 20:41:13.938, 294.82, 100, 74232, 70
2026/07/29 20:41:14.976, 296.86, 100, 74232, 70
2026/07/29 20:41:16.021, 303.05, 100, 74232, 70
2026/07/29 20:41:17.058, 303.48, 100, 74232, 70
2026/07/29 20:41:18.096, 298.50, 100, 74232, 70
2026/07/29 20:41:19.134, 300.47, 100, 74232, 70
2026/07/29 20:41:20.171, 292.48, 100, 74232, 70
2026/07/29 20:41:21.207, 294.90, 100, 74232, 70
2026/07/29 20:41:22.246, 296.75, 100, 74232, 70
2026/07/29 20:41:23.283, 296.47, 100, 74232, 70
2026/07/29 20:41:24.321, 303.26, 100, 74232, 70
2026/07/29 20:41:25.357, 303.26, 100, 74232, 70
2026/07/29 20:41:26.394, 294.72, 100, 74232, 70
2026/07/29 20:41:27.431, 304.46, 100, 74232, 70
2026/07/29 20:41:28.469, 300.28, 100, 74232, 70
2026/07/29 20:41:29.509, 299.16, 100, 74232, 70
2026/07/29 20:41:30.546, 307.18, 100, 74232, 70
2026/07/29 20:41:31.584, 297.75, 100, 74232, 70
2026/07/29 20:41:32.622, 292.77, 100, 74232, 70
2026/07/29 20:41:33.661, 294.33, 100, 74232, 70
2026/07/29 20:41:34.699, 293.56, 100, 74232, 70
2026/07/29 20:41:35.738, 293.65, 100, 74232, 70
2026/07/29 20:41:36.774, 301.44, 100, 74232, 70
2026/07/29 20:41:37.815, 295.68, 100, 74232, 70
2026/07/29 20:41:38.853, 297.07, 100, 74232, 70
2026/07/29 20:41:39.890, 295.43, 100, 74232, 70
2026/07/29 20:41:40.928, 297.83, 100, 74232, 70
2026/07/29 20:41:41.965, 295.21, 100, 74232, 70
2026/07/29 20:41:43.002, 299.87, 100, 74232, 70
2026/07/29 20:41:44.039, 304.50, 100, 74232, 70
2026/07/29 20:41:45.076, 297.02, 100, 74232, 70
2026/07/29 20:41:46.116, 298.21, 100, 74232, 70
2026/07/29 20:41:47.154, 297.54, 100, 74232, 70
2026/07/29 20:41:48.192, 302.37, 100, 74232, 70
2026/07/29 20:41:49.230, 302.19, 100, 74232, 70
2026/07/29 20:41:50.269, 295.99, 100, 74232, 70
2026/07/29 20:41:51.306, 296.86, 100, 74232, 70
2026/07/29 20:41:52.344, 292.67, 100, 74232, 70
2026/07/29 20:41:53.383, 302.23, 100, 74232, 70
2026/07/29 20:41:54.423, 298.52, 100, 74232, 70
2026/07/29 20:41:55.460, 294.99, 100, 74232, 70
2026/07/29 20:41:56.498, 302.67, 100, 74232, 70
2026/07/29 20:41:57.539, 300.25, 100, 74232, 70
2026/07/29 20:41:58.575, 302.59, 100, 74232, 70
2026/07/29 20:41:59.612, 303.17, 100, 74232, 70
2026/07/29 20:42:00.649, 294.23, 100, 74232, 70
2026/07/29 20:42:01.687, 297.45, 100, 74232, 70
2026/07/29 20:42:02.724, 301.90, 100, 74232, 70
2026/07/29 20:42:03.760, 301.69, 100, 74232, 70
2026/07/29 20:42:04.798, 302.78, 100, 74232, 70
2026/07/29 20:42:05.835, 302.29, 100, 74232, 70
2026/07/29 20:42:06.872, 301.03, 100, 74232, 70
2026/07/29 20:42:07.908, 297.33, 100, 74232, 70
2026/07/29 20:42:08.947, 295.21, 100, 74232, 70
2026/07/29 20:42:09.985, 300.73, 100, 74232, 70
2026/07/29 20:42:11.023, 297.24, 100, 74232, 70
2026/07/29 20:42:12.060, 295.50, 100, 74232, 70
2026/07/29 20:42:13.098, 299.69, 100, 74232, 70
2026/07/29 20:42:14.135, 300.27, 100, 74232, 70
2026/07/29 20:42:15.172, 297.62, 100, 74232, 70
2026/07/29 20:42:16.209, 298.97, 47, 74232, 71
2026/07/29 20:42:17.243, 303.08, 100, 74232, 71
2026/07/29 20:42:18.278, 301.11, 100, 74232, 72
2026/07/29 20:42:19.321, 304.79, 100, 74232, 71
2026/07/29 20:42:20.354, 303.63, 100, 74232, 71
2026/07/29 20:42:21.388, 275.97, 100, 74232, 71
2026/07/29 20:42:22.423, 302.87, 100, 74232, 70
2026/07/29 20:42:23.460, 299.56, 100, 74232, 70
2026/07/29 20:42:24.497, 301.21, 100, 74232, 70
2026/07/29 20:42:25.536, 304.06, 100, 74232, 70
2026/07/29 20:42:26.573, 294.04, 100, 74232, 70
2026/07/29 20:42:27.612, 296.88, 100, 74232, 70
2026/07/29 20:42:28.648, 307.76, 100, 74232, 70
2026/07/29 20:42:29.684, 307.35, 100, 74232, 70
2026/07/29 20:42:30.731, 308.34, 100, 74232, 70
2026/07/29 20:42:31.768, 294.32, 100, 74232, 70
2026/07/29 20:42:32.804, 287.00, 100, 74232, 70
2026/07/29 20:42:33.846, 292.45, 100, 74232, 70
2026/07/29 20:42:34.883, 287.90, 100, 74232, 70
2026/07/29 20:42:35.921, 293.34, 100, 74232, 72
2026/07/29 20:42:36.955, 294.67, 100, 74232, 72
2026/07/29 20:42:37.990, 297.05, 100, 74232, 72
2026/07/29 20:42:39.027, 272.71, 100, 74232, 72
2026/07/29 20:42:40.061, 270.12, 100, 74232, 72
2026/07/29 20:42:41.096, 279.18, 100, 74232, 72
2026/07/29 20:42:42.130, 302.28, 100, 74232, 70
2026/07/29 20:42:43.168, 303.74, 100, 74232, 70
2026/07/29 20:42:44.204, 301.33, 100, 74232, 70
2026/07/29 20:42:45.241, 304.13, 100, 74232, 70
2026/07/29 20:42:46.278, 302.51, 100, 74232, 70
2026/07/29 20:42:47.315, 300.24, 100, 74232, 70
2026/07/29 20:42:48.352, 299.08, 100, 74232, 70
2026/07/29 20:42:49.388, 296.85, 100, 74232, 70
2026/07/29 20:42:50.426, 294.80, 100, 74232, 70
2026/07/29 20:42:51.463, 296.86, 100, 74232, 70
2026/07/29 20:42:52.500, 297.83, 100, 74232, 70
2026/07/29 20:42:53.538, 287.90, 100, 74232, 70
2026/07/29 20:42:54.577, 294.81, 100, 74232, 70
2026/07/29 20:42:55.614, 293.64, 100, 74232, 70
2026/07/29 20:42:56.651, 284.31, 100, 74232, 70
2026/07/29 20:42:57.689, 289.65, 100, 74232, 70
2026/07/29 20:42:58.728, 287.39, 100, 74232, 70
2026/07/29 20:42:59.766, 295.86, 100, 74232, 70
2026/07/29 20:43:00.803, 297.25, 100, 74232, 70
2026/07/29 20:43:01.842, 298.32, 100, 74232, 71
2026/07/29 20:43:02.879, 293.46, 100, 74232, 70
2026/07/29 20:43:03.918, 301.82, 100, 74232, 71
2026/07/29 20:43:04.956, 304.05, 100, 74232, 71
2026/07/29 20:43:05.993, 304.76, 100, 74232, 71
2026/07/29 20:43:07.031, 303.45, 100, 74232, 71
2026/07/29 20:43:08.068, 304.81, 100, 74232, 71
2026/07/29 20:43:09.105, 298.52, 100, 74232, 71
2026/07/29 20:43:10.144, 296.86, 84, 74232, 72
2026/07/29 20:43:11.180, 293.20, 100, 74232, 72
2026/07/29 20:43:12.222, 300.25, 100, 74232, 72
2026/07/29 20:43:13.259, 282.82, 100, 74232, 72
2026/07/29 20:43:14.299, 310.29, 100, 74232, 72
2026/07/29 20:43:15.335, 272.74, 100, 74232, 72
2026/07/29 20:43:16.370, 258.42, 100, 74232, 72
2026/07/29 20:43:17.407, 289.37, 100, 74232, 70
2026/07/29 20:43:18.446, 291.20, 100, 74232, 70
2026/07/29 20:43:19.484, 288.67, 100, 74232, 70
2026/07/29 20:43:20.521, 292.58, 100, 74232, 70
2026/07/29 20:43:21.560, 291.49, 100, 74232, 70
2026/07/29 20:43:22.599, 287.64, 100, 74232, 71
2026/07/29 20:43:23.637, 289.16, 100, 74232, 71
2026/07/29 20:43:24.674, 290.64, 100, 74232, 71
2026/07/29 20:43:25.712, 294.34, 100, 74232, 71
2026/07/29 20:43:26.750, 299.37, 100, 74232, 71
2026/07/29 20:43:27.786, 305.13, 100, 74232, 71
2026/07/29 20:43:28.823, 299.77, 100, 74232, 71
2026/07/29 20:43:29.862, 300.63, 100, 74232, 71
2026/07/29 20:43:30.899, 297.71, 100, 74232, 71
2026/07/29 20:43:31.937, 294.61, 100, 74232, 71
2026/07/29 20:43:32.974, 304.41, 100, 74232, 71
2026/07/29 20:43:34.014, 297.72, 100, 74232, 71
2026/07/29 20:43:35.052, 300.54, 100, 74232, 71
2026/07/29 20:43:36.090, 304.07, 100, 74232, 70
2026/07/29 20:43:37.127, 297.53, 100, 74232, 70
2026/07/29 20:43:38.166, 292.68, 100, 74232, 70
2026/07/29 20:43:39.206, 296.86, 100, 74232, 70
2026/07/29 20:43:40.243, 298.22, 100, 74232, 70
2026/07/29 20:43:41.280, 304.36, 100, 74232, 70
2026/07/29 20:43:42.316, 302.48, 100, 74232, 70
2026/07/29 20:43:43.353, 304.14, 100, 74232, 70
2026/07/29 20:43:44.392, 298.99, 100, 74232, 70
2026/07/29 20:43:45.431, 302.27, 100, 74232, 70
2026/07/29 20:43:46.468, 306.60, 100, 74232, 70
2026/07/29 20:43:47.508, 297.92, 100, 74232, 70
2026/07/29 20:43:48.548, 95.61, 0, 74232, 67
2026/07/29 20:43:49.581, 291.99, 100, 74232, 71
2026/07/29 20:43:50.617, 293.85, 100, 74232, 72
2026/07/29 20:43:51.653, 290.03, 100, 74232, 72
2026/07/29 20:43:52.691, 276.41, 100, 74232, 72
2026/07/29 20:43:53.726, 275.29, 100, 74232, 72
2026/07/29 20:43:54.760, 289.10, 100, 74232, 72
2026/07/29 20:43:55.795, 299.89, 100, 74232, 70
2026/07/29 20:43:56.832, 304.32, 100, 74232, 70
2026/07/29 20:43:57.870, 303.85, 100, 74232, 70
2026/07/29 20:43:58.907, 303.30, 100, 74232, 70
2026/07/29 20:43:59.944, 96.41, 0, 74232, 67
2026/07/29 20:44:00.977, 293.57, 100, 74232, 71
2026/07/29 20:44:02.013, 288.01, 100, 74232, 72
2026/07/29 20:44:03.048, 301.27, 100, 74232, 72
2026/07/29 20:44:04.086, 306.76, 100, 74232, 72
2026/07/29 20:44:05.121, 298.29, 100, 74232, 72
2026/07/29 20:44:06.157, 284.77, 100, 74232, 72
2026/07/29 20:44:07.193, 299.08, 100, 74232, 70
2026/07/29 20:44:08.232, 294.13, 100, 74232, 70
2026/07/29 20:44:09.270, 299.47, 100, 74232, 70
2026/07/29 20:44:10.307, 301.53, 100, 74232, 70
2026/07/29 20:44:11.343, 293.95, 100, 74232, 69
2026/07/29 20:44:12.382, 295.45, 100, 74232, 71
2026/07/29 20:44:13.417, 304.74, 100, 74232, 72
2026/07/29 20:44:14.452, 277.50, 100, 74232, 72
2026/07/29 20:44:15.489, 302.73, 100, 74232, 72
2026/07/29 20:44:16.524, 308.05, 100, 74232, 72
2026/07/29 20:44:17.566, 274.67, 100, 74232, 72
2026/07/29 20:44:18.602, 299.23, 100, 74232, 72
2026/07/29 20:44:19.636, 296.66, 100, 74232, 70
2026/07/29 20:44:20.674, 301.02, 100, 74232, 70
2026/07/29 20:44:21.711, 304.25, 100, 74232, 71
2026/07/29 20:44:22.748, 298.52, 100, 74232, 71
2026/07/29 20:44:23.786, 104.81, 83, 74232, 69
2026/07/29 20:44:24.821, 282.39, 100, 74232, 72
2026/07/29 20:44:25.857, 295.78, 100, 74232, 72
2026/07/29 20:44:26.896, 312.04, 100, 74232, 73
2026/07/29 20:44:27.933, 285.59, 100, 74232, 72
2026/07/29 20:44:28.969, 304.76, 100, 74232, 73
2026/07/29 20:44:30.009, 301.84, 100, 74232, 73
2026/07/29 20:44:31.045, 271.62, 100, 74232, 71
2026/07/29 20:44:32.083, 282.76, 100, 74232, 71
2026/07/29 20:44:33.119, 290.03, 100, 74232, 71
2026/07/29 20:44:34.156, 290.82, 100, 74232, 71
2026/07/29 20:44:35.198, 305.39, 100, 74232, 71
2026/07/29 20:44:36.236, 300.73, 1, 74232, 72
2026/07/29 20:44:37.282, 306.12, 100, 74232, 71
2026/07/29 20:44:38.322, 306.55, 100, 74232, 71
2026/07/29 20:44:39.360, 304.44, 100, 74232, 71
2026/07/29 20:44:40.398, 302.32, 100, 74232, 71
2026/07/29 20:44:41.435, 296.55, 100, 74232, 71
2026/07/29 20:44:42.473, 302.89, 100, 74232, 71
2026/07/29 20:44:43.509, 304.04, 100, 74232, 71
2026/07/29 20:44:44.549, 303.75, 100, 74232, 71
2026/07/29 20:44:45.588, 304.61, 100, 74232, 71
2026/07/29 20:44:46.626, 297.93, 100, 74232, 71
2026/07/29 20:44:47.663, 297.53, 100, 74232, 71
2026/07/29 20:44:48.701, 298.03, 100, 74232, 71
2026/07/29 20:44:49.738, 296.86, 100, 74232, 71
2026/07/29 20:44:50.775, 292.67, 100, 74232, 71
2026/07/29 20:44:51.813, 297.23, 100, 74232, 71
2026/07/29 20:44:52.854, 292.67, 100, 74232, 71
2026/07/29 20:44:53.897, 293.66, 100, 74232, 71
2026/07/29 20:44:54.935, 296.74, 100, 74232, 71
2026/07/29 20:44:55.971, 292.56, 100, 74232, 71
2026/07/29 20:44:57.008, 295.48, 100, 74232, 71
2026/07/29 20:44:58.045, 299.01, 100, 74232, 71
2026/07/29 20:44:59.083, 294.21, 100, 74232, 71
2026/07/29 20:45:00.120, 295.50, 100, 74232, 71
2026/07/29 20:45:01.157, 294.12, 100, 74232, 71
2026/07/29 20:45:02.195, 300.05, 100, 74232, 71
2026/07/29 20:45:03.233, 305.10, 100, 74232, 71
2026/07/29 20:45:04.270, 305.49, 100, 74232, 71
2026/07/29 20:45:05.308, 303.96, 100, 74232, 71
2026/07/29 20:45:06.346, 303.78, 100, 74232, 71
2026/07/29 20:45:07.382, 305.53, 100, 74232, 71
2026/07/29 20:45:08.419, 301.24, 100, 74232, 71
2026/07/29 20:45:09.459, 293.15, 100, 74232, 70
2026/07/29 20:45:10.497, 295.01, 100, 74232, 70
2026/07/29 20:45:11.534, 299.46, 100, 74232, 71
2026/07/29 20:45:12.572, 300.17, 100, 74232, 71
2026/07/29 20:45:13.609, 302.37, 100, 74232, 70
2026/07/29 20:45:14.646, 290.62, 100, 74232, 70
2026/07/29 20:45:15.683, 296.67, 100, 74232, 70
2026/07/29 20:45:16.720, 295.50, 100, 74232, 70
2026/07/29 20:45:17.757, 296.17, 100, 74232, 70
2026/07/29 20:45:18.794, 301.88, 100, 74232, 70
2026/07/29 20:45:19.830, 302.22, 100, 74232, 70
2026/07/29 20:45:20.868, 301.51, 100, 74232, 70
2026/07/29 20:45:21.905, 303.26, 100, 74232, 70
2026/07/29 20:45:22.941, 301.59, 100, 74232, 70
2026/07/29 20:45:23.977, 299.11, 100, 74232, 70
2026/07/29 20:45:25.015, 301.22, 100, 74232, 70
2026/07/29 20:45:26.052, 300.75, 100, 74232, 70
2026/07/29 20:45:27.088, 295.00, 100, 74232, 70
2026/07/29 20:45:28.125, 296.25, 100, 74232, 70
2026/07/29 20:45:29.163, 301.02, 100, 74232, 70
2026/07/29 20:45:30.200, 294.41, 100, 74232, 70
2026/07/29 20:45:31.239, 292.46, 100, 74232, 70
2026/07/29 20:45:32.275, 298.81, 100, 74232, 70
2026/07/29 20:45:33.312, 301.52, 100, 74232, 70
2026/07/29 20:45:34.349, 296.65, 100, 74232, 70
2026/07/29 20:45:35.385, 293.54, 100, 74232, 70
2026/07/29 20:45:36.422, 299.07, 100, 74232, 70
2026/07/29 20:45:37.459, 301.40, 100, 74232, 70
2026/07/29 20:45:38.496, 294.13, 100, 74232, 70
2026/07/29 20:45:39.534, 289.74, 100, 74232, 70
2026/07/29 20:45:40.571, 294.42, 100, 74232, 70
2026/07/29 20:45:41.609, 291.42, 100, 74232, 70
2026/07/29 20:45:42.648, 295.58, 100, 74232, 70
2026/07/29 20:45:43.684, 293.25, 100, 74232, 70
2026/07/29 20:45:44.721, 294.61, 100, 74232, 70
2026/07/29 20:45:45.761, 302.29, 100, 74232, 70
2026/07/29 20:45:46.799, 301.90, 100, 74232, 70
2026/07/29 20:45:47.836, 301.99, 100, 74232, 70
2026/07/29 20:45:48.872, 302.69, 100, 74232, 70
2026/07/29 20:45:49.916, 294.82, 100, 74232, 70
2026/07/29 20:45:50.954, 294.62, 100, 74232, 70
2026/07/29 20:45:51.991, 296.56, 100, 74232, 70
2026/07/29 20:45:53.028, 295.58, 100, 74232, 70
2026/07/29 20:45:54.064, 301.91, 100, 74232, 70
2026/07/29 20:45:55.101, 301.62, 100, 74232, 70
2026/07/29 20:45:56.138, 301.80, 100, 74232, 70
2026/07/29 20:45:57.175, 301.62, 100, 74232, 70
2026/07/29 20:45:58.212, 303.07, 100, 74232, 70
2026/07/29 20:45:59.248, 291.22, 100, 74232, 70
2026/07/29 20:46:00.288, 296.06, 100, 74232, 70
2026/07/29 20:46:01.328, 295.01, 100, 74232, 70
2026/07/29 20:46:02.365, 295.19, 100, 74232, 70
2026/07/29 20:46:03.403, 302.68, 100, 74232, 70
2026/07/29 20:46:04.442, 294.42, 100, 74232, 70
2026/07/29 20:46:05.483, 294.91, 100, 74232, 70
2026/07/29 20:46:06.521, 296.93, 100, 74232, 70
2026/07/29 20:46:07.560, 301.20, 100, 74232, 70
2026/07/29 20:46:08.598, 298.42, 100, 74232, 70
2026/07/29 20:46:09.636, 300.31, 100, 74232, 70
2026/07/29 20:46:10.675, 301.13, 100, 74232, 70
2026/07/29 20:46:11.712, 301.61, 100, 74232, 70
2026/07/29 20:46:12.756, 294.02, 100, 74232, 70
2026/07/29 20:46:13.795, 298.41, 100, 74232, 70
2026/07/29 20:46:14.832, 298.79, 100, 74232, 70
2026/07/29 20:46:15.871, 296.97, 100, 74232, 70
2026/07/29 20:46:16.908, 302.02, 100, 74232, 70
2026/07/29 20:46:17.946, 293.62, 100, 74232, 70
2026/07/29 20:46:18.983, 296.75, 100, 74232, 70
2026/07/29 20:46:20.018, 293.74, 100, 74232, 72
2026/07/29 20:46:21.053, 292.53, 100, 74232, 72
2026/07/29 20:46:22.090, 289.19, 100, 74232, 72
2026/07/29 20:46:23.124, 326.22, 100, 74232, 72
2026/07/29 20:46:24.158, 299.24, 100, 74232, 72
2026/07/29 20:46:25.193, 288.51, 100, 74232, 72
2026/07/29 20:46:26.234, 305.49, 100, 74232, 70
2026/07/29 20:46:27.270, 301.42, 100, 74232, 70
2026/07/29 20:46:28.306, 304.43, 100, 74232, 70
2026/07/29 20:46:29.342, 304.33, 100, 74232, 70
2026/07/29 20:46:30.378, 302.01, 100, 74232, 70
2026/07/29 20:46:31.415, 96.06, 35, 74232, 67
2026/07/29 20:46:32.449, 290.36, 100, 74232, 72
2026/07/29 20:46:33.484, 303.44, 100, 74232, 72
2026/07/29 20:46:34.519, 293.63, 100, 74232, 72
2026/07/29 20:46:35.558, 296.35, 100, 74232, 72
2026/07/29 20:46:36.593, 315.51, 100, 74232, 72
2026/07/29 20:46:37.628, 268.32, 100, 74232, 72
2026/07/29 20:46:38.664, 301.14, 100, 74232, 70
2026/07/29 20:46:39.701, 304.34, 100, 74232, 70
2026/07/29 20:46:40.739, 304.91, 100, 74232, 70
2026/07/29 20:46:41.777, 300.74, 100, 74232, 70
2026/07/29 20:46:42.815, 303.74, 100, 74232, 71
2026/07/29 20:46:43.851, 304.51, 100, 74232, 71
2026/07/29 20:46:44.888, 299.85, 100, 74232, 71
2026/07/29 20:46:45.926, 304.69, 100, 74232, 71
2026/07/29 20:46:46.966, 295.49, 100, 74232, 72
2026/07/29 20:46:48.001, 292.86, 100, 74232, 72
2026/07/29 20:46:49.038, 294.52, 100, 74232, 72
2026/07/29 20:46:50.080, 316.69, 100, 74232, 72
2026/07/29 20:46:51.115, 299.42, 100, 74232, 72
2026/07/29 20:46:52.149, 294.29, 100, 74232, 72
2026/07/29 20:46:53.185, 262.98, 100, 74232, 71
2026/07/29 20:46:54.224, 282.85, 100, 74232, 70
2026/07/29 20:46:55.261, 289.58, 100, 74232, 71
2026/07/29 20:46:56.298, 287.03, 100, 74232, 71
2026/07/29 20:46:57.335, 290.05, 100, 74232, 71
2026/07/29 20:46:58.372, 293.29, 100, 74232, 73
2026/07/29 20:46:59.408, 313.34, 100, 74232, 73
2026/07/29 20:47:00.442, 295.31, 100, 74232, 73
2026/07/29 20:47:01.477, 295.97, 100, 74232, 73
2026/07/29 20:47:02.520, 295.21, 100, 74232, 73
2026/07/29 20:47:03.556, 303.50, 100, 74232, 73
2026/07/29 20:47:04.592, 301.69, 100, 74232, 73
2026/07/29 20:47:05.636, 304.16, 100, 74232, 71
2026/07/29 20:47:06.675, 297.13, 100, 74232, 71
2026/07/29 20:47:07.715, 295.01, 100, 74232, 71
2026/07/29 20:47:08.753, 300.56, 100, 74232, 71
2026/07/29 20:47:09.790, 294.83, 100, 74232, 71
2026/07/29 20:47:10.826, 296.66, 100, 74232, 71
2026/07/29 20:47:11.862, 299.55, 100, 74232, 71
2026/07/29 20:47:12.902, 290.92, 100, 74232, 71
2026/07/29 20:47:13.940, 98.34, 70, 74232, 69
2026/07/29 20:47:14.972, 297.52, 100, 74232, 71
2026/07/29 20:47:16.011, 296.85, 100, 74232, 71
2026/07/29 20:47:17.050, 298.22, 100, 74232, 71
2026/07/29 20:47:18.088, 297.34, 100, 74232, 71
2026/07/29 20:47:19.124, 300.74, 100, 74232, 71
2026/07/29 20:47:20.162, 304.89, 100, 74232, 71
2026/07/29 20:47:21.198, 308.58, 100, 74232, 71
2026/07/29 20:47:22.235, 296.16, 100, 74232, 71
2026/07/29 20:47:23.272, 302.28, 100, 74232, 71
2026/07/29 20:47:24.308, 300.92, 100, 74232, 71
2026/07/29 20:47:25.344, 303.00, 100, 74232, 71
2026/07/29 20:47:26.381, 301.92, 100, 74232, 71
2026/07/29 20:47:27.421, 303.37, 100, 74232, 71
2026/07/29 20:47:28.460, 293.64, 100, 74232, 71
2026/07/29 20:47:29.496, 297.92, 100, 74232, 71
2026/07/29 20:47:30.533, 302.86, 100, 74232, 71
2026/07/29 20:47:31.570, 304.13, 100, 74232, 71
2026/07/29 20:47:32.607, 304.81, 100, 74232, 71
2026/07/29 20:47:33.645, 298.23, 100, 74232, 71
2026/07/29 20:47:34.681, 298.04, 100, 74232, 71
2026/07/29 20:47:35.719, 300.09, 100, 74232, 71
2026/07/29 20:47:36.759, 296.47, 100, 74232, 71
2026/07/29 20:47:37.796, 296.19, 100, 74232, 71
2026/07/29 20:47:38.834, 293.83, 100, 74232, 71
2026/07/29 20:47:39.872, 297.64, 100, 74232, 71
2026/07/29 20:47:40.909, 301.99, 100, 74232, 71
2026/07/29 20:47:41.946, 299.93, 100, 74232, 71
2026/07/29 20:47:42.983, 297.28, 100, 74232, 71
2026/07/29 20:47:44.023, 299.10, 100, 74232, 71
2026/07/29 20:47:45.059, 298.30, 100, 74232, 71
2026/07/29 20:47:46.096, 298.71, 100, 74232, 71
2026/07/29 20:47:47.133, 294.23, 100, 74232, 71
2026/07/29 20:47:48.170, 296.28, 100, 74232, 71
2026/07/29 20:47:49.208, 300.65, 100, 74232, 71
2026/07/29 20:47:50.245, 296.65, 100, 74232, 71
2026/07/29 20:47:51.282, 296.47, 100, 74232, 71
2026/07/29 20:47:52.324, 304.07, 100, 74232, 71
2026/07/29 20:47:53.363, 303.36, 100, 74232, 71
2026/07/29 20:47:54.400, 304.25, 100, 74232, 71
2026/07/29 20:47:55.439, 304.76, 100, 74232, 71
2026/07/29 20:47:56.476, 304.61, 100, 74232, 71
2026/07/29 20:47:57.514, 306.50, 100, 74232, 70
2026/07/29 20:47:58.551, 302.57, 100, 74232, 70
2026/07/29 20:47:59.590, 304.61, 100, 74232, 70
2026/07/29 20:48:00.627, 299.08, 100, 74232, 70
2026/07/29 20:48:01.664, 304.12, 100, 74232, 70
2026/07/29 20:48:02.707, 304.96, 100, 74232, 70
2026/07/29 20:48:03.744, 297.15, 100, 74232, 70
2026/07/29 20:48:04.781, 299.68, 100, 74232, 70
2026/07/29 20:48:05.819, 298.98, 100, 74232, 70
2026/07/29 20:48:06.857, 298.89, 100, 74232, 70
2026/07/29 20:48:07.895, 297.74, 100, 74232, 70
2026/07/29 20:48:08.932, 301.91, 100, 74232, 70
2026/07/29 20:48:09.969, 296.67, 100, 74232, 70
2026/07/29 20:48:11.009, 295.30, 100, 74232, 70
2026/07/29 20:48:12.048, 290.04, 100, 74232, 70
2026/07/29 20:48:13.086, 296.47, 100, 74232, 70
2026/07/29 20:48:14.125, 295.88, 100, 74232, 70
2026/07/29 20:48:15.162, 295.41, 100, 74232, 70
2026/07/29 20:48:16.201, 296.55, 100, 74232, 70
2026/07/29 20:48:17.238, 303.17, 100, 74232, 70
2026/07/29 20:48:18.276, 303.38, 100, 74232, 70
2026/07/29 20:48:19.313, 302.48, 100, 74232, 70
2026/07/29 20:48:20.350, 304.13, 100, 74232, 70
2026/07/29 20:48:21.387, 302.20, 100, 74232, 70
2026/07/29 20:48:22.423, 302.89, 100, 74232, 70
2026/07/29 20:48:23.462, 302.40, 100, 74232, 70
2026/07/29 20:48:24.500, 301.52, 100, 74232, 70
2026/07/29 20:48:25.538, 301.43, 100, 74232, 70
2026/07/29 20:48:26.575, 301.14, 100, 74232, 70
2026/07/29 20:48:27.613, 302.41, 100, 74232, 70
2026/07/29 20:48:28.651, 301.59, 100, 74232, 70
2026/07/29 20:48:29.689, 294.11, 100, 74232, 70
2026/07/29 20:48:30.728, 295.47, 100, 74232, 70
2026/07/29 20:48:31.765, 298.31, 100, 74232, 70
2026/07/29 20:48:32.801, 295.69, 100, 74232, 70
2026/07/29 20:48:33.839, 293.36, 100, 74232, 70
2026/07/29 20:48:34.875, 293.94, 100, 74232, 70
2026/07/29 20:48:35.914, 293.92, 100, 74232, 70
2026/07/29 20:48:36.952, 294.70, 100, 74232, 70
2026/07/29 20:48:37.997, 293.95, 100, 74232, 70
2026/07/29 20:48:39.035, 293.45, 100, 74232, 70
2026/07/29 20:48:40.072, 290.54, 100, 74232, 70
2026/07/29 20:48:41.112, 293.35, 100, 74232, 70
2026/07/29 20:48:42.150, 297.24, 100, 74232, 70
2026/07/29 20:48:43.187, 298.97, 100, 74232, 70
2026/07/29 20:48:44.225, 291.52, 100, 74232, 70
2026/07/29 20:48:45.264, 290.44, 100, 74232, 70
2026/07/29 20:48:46.303, 295.90, 100, 74232, 70
2026/07/29 20:48:47.340, 297.75, 100, 74232, 70
2026/07/29 20:48:48.384, 290.71, 100, 74232, 70
2026/07/29 20:48:49.423, 302.51, 100, 74232, 70
2026/07/29 20:48:50.459, 303.59, 100, 74232, 70
2026/07/29 20:48:51.501, 297.16, 100, 74232, 70
2026/07/29 20:48:52.540, 302.97, 100, 74232, 70
2026/07/29 20:48:53.577, 303.55, 100, 74232, 70
2026/07/29 20:48:54.617, 300.45, 100, 74232, 70
2026/07/29 20:48:55.654, 302.10, 100, 74232, 70
2026/07/29 20:48:56.690, 301.52, 100, 74232, 70
2026/07/29 20:48:57.727, 302.00, 100, 74232, 70
2026/07/29 20:48:58.764, 301.40, 100, 74232, 70
2026/07/29 20:48:59.802, 302.88, 100, 74232, 70
2026/07/29 20:49:00.838, 302.86, 100, 74232, 70
2026/07/29 20:49:01.875, 302.00, 100, 74232, 70
2026/07/29 20:49:02.914, 303.06, 100, 74232, 70
2026/07/29 20:49:03.952, 297.91, 100, 74232, 70
2026/07/29 20:49:04.992, 299.20, 100, 74232, 72
2026/07/29 20:49:06.028, 299.62, 100, 74232, 72
2026/07/29 20:49:07.061, 282.27, 100, 74232, 72
2026/07/29 20:49:08.098, 301.10, 100, 74232, 72
2026/07/29 20:49:09.143, 297.14, 100, 74232, 72
2026/07/29 20:49:10.179, 307.62, 100, 74232, 72
2026/07/29 20:49:11.216, 303.29, 100, 74232, 70
2026/07/29 20:49:12.253, 299.64, 100, 74232, 70
2026/07/29 20:49:13.290, 303.64, 100, 74232, 70
2026/07/29 20:49:14.327, 304.43, 100, 74232, 70
2026/07/29 20:49:15.365, 299.67, 100, 74232, 70
2026/07/29 20:49:16.404, 298.22, 85, 74232, 71
2026/07/29 20:49:17.438, 285.68, 100, 74232, 72
2026/07/29 20:49:18.478, 308.79, 100, 74232, 72
2026/07/29 20:49:19.513, 315.97, 100, 74232, 72
2026/07/29 20:49:20.549, 292.84, 100, 74232, 72
2026/07/29 20:49:21.586, 258.58, 100, 74232, 72
2026/07/29 20:49:22.619, 282.39, 100, 74232, 72
2026/07/29 20:49:23.655, 303.65, 100, 74232, 70
2026/07/29 20:49:24.694, 288.75, 100, 74232, 70
2026/07/29 20:49:25.731, 293.35, 100, 74232, 70
2026/07/29 20:49:26.771, 296.16, 100, 74232, 70
2026/07/29 20:49:27.810, 297.25, 100, 74232, 70
2026/07/29 20:49:28.846, 301.02, 100, 74232, 70
2026/07/29 20:49:29.882, 308.11, 100, 74232, 71
2026/07/29 20:49:30.919, 304.80, 100, 74232, 71
2026/07/29 20:49:31.956, 294.80, 100, 74232, 71
2026/07/29 20:49:32.994, 304.42, 100, 74232, 71
2026/07/29 20:49:34.031, 300.33, 100, 74232, 71
2026/07/29 20:49:35.069, 300.25, 100, 74232, 71
2026/07/29 20:49:36.106, 301.54, 100, 74232, 71
2026/07/29 20:49:37.144, 304.52, 100, 74232, 71
2026/07/29 20:49:38.182, 302.32, 100, 74232, 71
2026/07/29 20:49:39.219, 305.61, 100, 74232, 71
2026/07/29 20:49:40.258, 300.05, 100, 74232, 71
2026/07/29 20:49:41.295, 305.24, 100, 74232, 71
2026/07/29 20:49:42.334, 300.54, 100, 74232, 71
2026/07/29 20:49:43.371, 301.62, 100, 74232, 71
2026/07/29 20:49:44.410, 303.88, 100, 74232, 71
2026/07/29 20:49:45.447, 301.49, 100, 74232, 71
2026/07/29 20:49:46.486, 295.48, 100, 74232, 71
2026/07/29 20:49:47.527, 298.60, 100, 74232, 71
2026/07/29 20:49:48.566, 296.18, 100, 74232, 71
2026/07/29 20:49:49.609, 296.76, 100, 74232, 71
2026/07/29 20:49:50.645, 298.40, 100, 74232, 71
2026/07/29 20:49:51.682, 302.62, 100, 74232, 71
2026/07/29 20:49:52.719, 304.46, 100, 74232, 71
2026/07/29 20:49:53.760, 298.89, 100, 74232, 71
2026/07/29 20:49:54.800, 303.84, 100, 74232, 71
2026/07/29 20:49:55.838, 292.37, 100, 74232, 71
2026/07/29 20:49:56.878, 293.93, 100, 74232, 71
2026/07/29 20:49:57.915, 300.27, 100, 74232, 71
2026/07/29 20:49:58.952, 302.71, 100, 74232, 71
2026/07/29 20:49:59.991, 297.83, 100, 74232, 71
2026/07/29 20:50:01.028, 298.70, 100, 74232, 71
2026/07/29 20:50:02.067, 297.05, 100, 74232, 71
2026/07/29 20:50:03.105, 302.09, 100, 74232, 71
2026/07/29 20:50:04.141, 302.77, 100, 74232, 71
2026/07/29 20:50:05.178, 303.95, 100, 74232, 71
2026/07/29 20:50:06.215, 299.48, 100, 74232, 71
2026/07/29 20:50:07.251, 303.83, 100, 74232, 71
2026/07/29 20:50:08.288, 305.20, 100, 74232, 71
2026/07/29 20:50:09.325, 304.07, 100, 74232, 71
2026/07/29 20:50:10.363, 296.57, 100, 74232, 70
2026/07/29 20:50:11.401, 299.07, 100, 74232, 70
2026/07/29 20:50:12.439, 292.37, 100, 74232, 70
2026/07/29 20:50:13.480, 293.27, 100, 74232, 70
2026/07/29 20:50:14.517, 294.32, 100, 74232, 70
2026/07/29 20:50:15.554, 295.40, 100, 74232, 70
2026/07/29 20:50:16.592, 296.95, 100, 74232, 70
2026/07/29 20:50:17.629, 296.95, 100, 74232, 70
2026/07/29 20:50:18.666, 295.69, 100, 74232, 70
2026/07/29 20:50:19.703, 296.17, 100, 74232, 70
2026/07/29 20:50:20.741, 304.17, 100, 74232, 70
2026/07/29 20:50:21.777, 295.60, 100, 74232, 70
2026/07/29 20:50:22.817, 301.49, 100, 74232, 70
2026/07/29 20:50:23.854, 291.32, 100, 74232, 70
2026/07/29 20:50:24.891, 302.79, 100, 74232, 70
2026/07/29 20:50:25.929, 293.65, 100, 74232, 70
2026/07/29 20:50:26.967, 296.66, 100, 74232, 70
2026/07/29 20:50:28.005, 292.56, 100, 74232, 70
2026/07/29 20:50:29.042, 299.87, 100, 74232, 70
2026/07/29 20:50:30.080, 297.05, 100, 74232, 70
2026/07/29 20:50:31.117, 296.95, 100, 74232, 70
2026/07/29 20:50:32.156, 293.43, 100, 74232, 70
2026/07/29 20:50:33.193, 294.61, 100, 74232, 70
2026/07/29 20:50:34.232, 296.37, 100, 74232, 70
2026/07/29 20:50:35.269, 296.19, 100, 74232, 70
2026/07/29 20:50:36.307, 305.40, 100, 74232, 70
2026/07/29 20:50:37.347, 290.92, 100, 74232, 70
2026/07/29 20:50:38.383, 292.67, 100, 74232, 70
2026/07/29 20:50:39.419, 299.86, 100, 74232, 70
2026/07/29 20:50:40.456, 298.59, 100, 74232, 70
2026/07/29 20:50:41.493, 302.19, 100, 74232, 70
2026/07/29 20:50:42.530, 303.08, 100, 74232, 70
2026/07/29 20:50:43.569, 302.18, 100, 74232, 70
2026/07/29 20:50:44.607, 302.98, 100, 74232, 70
2026/07/29 20:50:45.645, 300.63, 100, 74232, 70
2026/07/29 20:50:46.681, 301.50, 100, 74232, 70
2026/07/29 20:50:47.718, 305.40, 100, 74232, 70
2026/07/29 20:50:48.755, 302.18, 100, 74232, 70
2026/07/29 20:50:49.792, 303.76, 100, 74232, 70
2026/07/29 20:50:50.829, 299.26, 100, 74232, 70
2026/07/29 20:50:51.866, 291.89, 100, 74232, 70
2026/07/29 20:50:52.907, 291.13, 100, 74232, 70
2026/07/29 20:50:53.944, 303.29, 100, 74232, 70
2026/07/29 20:50:54.981, 303.19, 100, 74232, 70
2026/07/29 20:50:56.022, 304.13, 100, 74232, 70
2026/07/29 20:50:57.059, 301.72, 100, 74232, 70
2026/07/29 20:50:58.099, 291.59, 100, 74232, 70
2026/07/29 20:50:59.138, 296.38, 100, 74232, 70
2026/07/29 20:51:00.176, 296.66, 100, 74232, 70
2026/07/29 20:51:01.213, 292.97, 100, 74232, 70
2026/07/29 20:51:02.251, 302.01, 100, 74232, 70
2026/07/29 20:51:03.288, 301.42, 100, 74232, 70
2026/07/29 20:51:04.325, 294.02, 100, 74232, 71
2026/07/29 20:51:05.362, 298.44, 100, 74232, 71
2026/07/29 20:51:06.398, 290.95, 100, 74232, 72
2026/07/29 20:51:07.436, 297.15, 100, 74232, 71
2026/07/29 20:51:08.471, 274.88, 100, 74232, 71
2026/07/29 20:51:09.506, 316.70, 100, 74232, 71
2026/07/29 20:51:10.546, 302.85, 100, 74232, 70
2026/07/29 20:51:11.584, 299.09, 100, 74232, 70
2026/07/29 20:51:12.621, 300.38, 100, 74232, 70
2026/07/29 20:51:13.657, 302.87, 100, 74232, 70
2026/07/29 20:51:14.699, 301.30, 100, 74232, 70
2026/07/29 20:51:15.736, 298.88, 100, 74232, 70
2026/07/29 20:51:16.774, 296.85, 100, 74232, 70
2026/07/29 20:51:17.818, 293.64, 100, 74232, 70
2026/07/29 20:51:18.856, 290.72, 100, 74232, 70
2026/07/29 20:51:19.892, 296.76, 100, 74232, 70
2026/07/29 20:51:20.930, 295.50, 100, 74232, 70
2026/07/29 20:51:21.968, 295.78, 100, 74232, 70
2026/07/29 20:51:23.006, 296.75, 100, 74232, 70
2026/07/29 20:51:24.043, 295.00, 100, 74232, 70
2026/07/29 20:51:25.081, 296.58, 100, 74232, 70
2026/07/29 20:51:26.120, 304.75, 100, 74232, 70
2026/07/29 20:51:27.158, 302.67, 100, 74232, 70
2026/07/29 20:51:28.198, 302.97, 100, 74232, 70
2026/07/29 20:51:29.236, 296.58, 100, 74232, 70
2026/07/29 20:51:30.273, 302.91, 100, 74232, 70
2026/07/29 20:51:31.312, 304.05, 100, 74232, 70
2026/07/29 20:51:32.348, 291.99, 100, 74232, 70
2026/07/29 20:51:33.388, 302.95, 100, 74232, 70
2026/07/29 20:51:34.424, 305.20, 100, 74232, 70
2026/07/29 20:51:35.462, 290.83, 100, 74232, 70
2026/07/29 20:51:36.499, 296.28, 100, 74232, 70
2026/07/29 20:51:37.538, 297.14, 100, 74232, 70
2026/07/29 20:51:38.579, 290.25, 100, 74232, 70
2026/07/29 20:51:39.616, 295.29, 100, 74232, 70
2026/07/29 20:51:40.654, 296.48, 100, 74232, 70
2026/07/29 20:51:41.690, 302.51, 100, 74232, 70
2026/07/29 20:51:42.728, 291.79, 100, 74232, 70
2026/07/29 20:51:43.765, 296.65, 100, 74232, 70
2026/07/29 20:51:44.803, 301.82, 100, 74232, 70
2026/07/29 20:51:45.839, 295.29, 100, 74232, 70
2026/07/29 20:51:46.876, 296.67, 100, 74232, 70
2026/07/29 20:51:47.914, 295.00, 100, 74232, 70
2026/07/29 20:51:48.955, 299.09, 100, 74232, 70
2026/07/29 20:51:49.994, 293.47, 100, 74232, 70
2026/07/29 20:51:51.031, 295.69, 100, 74232, 70
2026/07/29 20:51:52.069, 296.09, 100, 74232, 70
2026/07/29 20:51:53.106, 297.05, 100, 74232, 70
2026/07/29 20:51:54.144, 295.88, 100, 74232, 70
2026/07/29 20:51:55.182, 308.15, 100, 74232, 70
2026/07/29 20:51:56.220, 300.73, 100, 74232, 70
2026/07/29 20:51:57.257, 295.21, 100, 74232, 70
2026/07/29 20:51:58.294, 296.27, 100, 74232, 70
2026/07/29 20:51:59.331, 294.23, 100, 74232, 70
2026/07/29 20:52:00.372, 295.00, 100, 74232, 70
2026/07/29 20:52:01.410, 303.94, 100, 74232, 70
2026/07/29 20:52:02.448, 296.65, 100, 74232, 70
2026/07/29 20:52:03.488, 293.06, 100, 74232, 70
2026/07/29 20:52:04.525, 295.61, 100, 74232, 70
2026/07/29 20:52:05.566, 296.27, 100, 74232, 70
2026/07/29 20:52:06.603, 298.23, 100, 74232, 70
2026/07/29 20:52:07.640, 300.53, 100, 74232, 70
2026/07/29 20:52:08.676, 299.69, 100, 74232, 70
2026/07/29 20:52:09.713, 302.44, 100, 74232, 70
2026/07/29 20:52:10.751, 299.69, 100, 74232, 70
2026/07/29 20:52:11.790, 296.57, 100, 74232, 70
2026/07/29 20:52:12.829, 297.54, 100, 74232, 70
2026/07/29 20:52:13.867, 295.19, 100, 74232, 70
2026/07/29 20:52:14.908, 295.01, 100, 74232, 70
2026/07/29 20:52:15.947, 304.62, 100, 74232, 70
2026/07/29 20:52:16.984, 302.57, 100, 74232, 70
2026/07/29 20:52:18.020, 304.34, 100, 74232, 70
2026/07/29 20:52:19.057, 304.24, 100, 74232, 70
2026/07/29 20:52:20.096, 298.21, 100, 74232, 70
2026/07/29 20:52:21.133, 297.25, 100, 74232, 70
2026/07/29 20:52:22.172, 296.85, 100, 74232, 70
2026/07/29 20:52:23.208, 296.17, 100, 74232, 70
2026/07/29 20:52:24.250, 303.18, 100, 74232, 70
2026/07/29 20:52:25.288, 299.88, 100, 74232, 70
2026/07/29 20:52:26.327, 301.53, 100, 74232, 70
2026/07/29 20:52:27.364, 302.95, 100, 74232, 70
2026/07/29 20:52:28.403, 296.56, 100, 74232, 70
2026/07/29 20:52:29.441, 293.36, 100, 74232, 70
2026/07/29 20:52:30.480, 293.65, 100, 74232, 70
2026/07/29 20:52:31.517, 292.31, 100, 74232, 70
2026/07/29 20:52:32.555, 293.64, 100, 74232, 70
2026/07/29 20:52:33.592, 295.96, 100, 74232, 70
2026/07/29 20:52:34.630, 302.78, 100, 74232, 70
2026/07/29 20:52:35.666, 297.16, 100, 74232, 70
2026/07/29 20:52:36.704, 303.26, 100, 74232, 70
2026/07/29 20:52:37.740, 305.24, 100, 74232, 70
2026/07/29 20:52:38.777, 298.70, 100, 74232, 70
2026/07/29 20:52:39.814, 293.46, 100, 74232, 70
2026/07/29 20:52:40.850, 297.75, 100, 74232, 70
2026/07/29 20:52:41.886, 295.31, 100, 74232, 70
2026/07/29 20:52:42.924, 298.61, 100, 74232, 70
2026/07/29 20:52:43.962, 297.14, 100, 74232, 70
2026/07/29 20:52:45.001, 296.15, 100, 74232, 70
2026/07/29 20:52:46.038, 295.39, 100, 74232, 70
2026/07/29 20:52:47.075, 297.62, 100, 74232, 70
2026/07/29 20:52:48.112, 293.62, 100, 74232, 70
2026/07/29 20:52:49.149, 292.01, 100, 74232, 70
2026/07/29 20:52:50.187, 296.36, 100, 74232, 70
2026/07/29 20:52:51.227, 298.02, 100, 74232, 70
2026/07/29 20:52:52.265, 303.44, 100, 74232, 70
2026/07/29 20:52:53.303, 297.65, 100, 74232, 70
2026/07/29 20:52:54.340, 305.19, 100, 74232, 70
2026/07/29 20:52:55.380, 295.58, 100, 74232, 70
2026/07/29 20:52:56.416, 294.61, 100, 74232, 70
2026/07/29 20:52:57.455, 296.76, 100, 74232, 70
2026/07/29 20:52:58.495, 300.07, 100, 74232, 70
2026/07/29 20:52:59.532, 301.50, 100, 74232, 70
2026/07/29 20:53:00.568, 303.73, 100, 74232, 70
2026/07/29 20:53:01.605, 306.69, 100, 74232, 70
2026/07/29 20:53:02.643, 292.96, 100, 74232, 70
2026/07/29 20:53:03.681, 295.68, 100, 74232, 70
2026/07/29 20:53:04.718, 305.29, 100, 74232, 70
2026/07/29 20:53:05.755, 293.73, 100, 74232, 70
2026/07/29 20:53:06.791, 289.36, 100, 74232, 70
2026/07/29 20:53:07.829, 296.29, 100, 74232, 70
2026/07/29 20:53:08.866, 294.04, 100, 74232, 70
2026/07/29 20:53:09.906, 304.17, 100, 74232, 70
2026/07/29 20:53:10.944, 299.36, 100, 74232, 70
2026/07/29 20:53:11.984, 304.02, 100, 74232, 70
2026/07/29 20:53:13.021, 296.75, 100, 74232, 70
2026/07/29 20:53:14.057, 293.75, 100, 74232, 70
2026/07/29 20:53:15.098, 295.00, 100, 74232, 70
2026/07/29 20:53:16.136, 295.12, 100, 74232, 70
2026/07/29 20:53:17.174, 303.38, 100, 74232, 70
2026/07/29 20:53:18.211, 95.10, 0, 74232, 67
2026/07/29 20:53:19.243, 292.15, 100, 74232, 71
2026/07/29 20:53:20.276, 304.99, 100, 74232, 71
2026/07/29 20:53:21.311, 304.72, 100, 74232, 72
2026/07/29 20:53:22.352, 304.60, 100, 74232, 71
2026/07/29 20:53:23.389, 266.33, 100, 74232, 71
2026/07/29 20:53:24.424, 284.53, 100, 74232, 71
2026/07/29 20:53:25.464, 301.78, 100, 74232, 70
2026/07/29 20:53:26.502, 297.66, 100, 74232, 70
2026/07/29 20:53:27.541, 293.45, 100, 74232, 70
2026/07/29 20:53:28.583, 295.70, 100, 74232, 70
2026/07/29 20:53:29.619, 299.98, 100, 74232, 70
2026/07/29 20:53:30.658, 289.95, 100, 74232, 70
2026/07/29 20:53:31.696, 295.70, 100, 74232, 70
2026/07/29 20:53:32.732, 296.50, 100, 74232, 70
2026/07/29 20:53:33.770, 300.15, 100, 74232, 72
2026/07/29 20:53:34.805, 296.26, 100, 74232, 72
2026/07/29 20:53:35.842, 294.12, 100, 74232, 72
2026/07/29 20:53:36.877, 287.97, 100, 74232, 72
2026/07/29 20:53:37.912, 301.59, 100, 74232, 72
2026/07/29 20:53:38.946, 297.92, 100, 74232, 72
2026/07/29 20:53:39.979, 328.12, 100, 74232, 72
2026/07/29 20:53:41.013, 302.08, 100, 74232, 70
2026/07/29 20:53:42.051, 287.20, 100, 74232, 70
2026/07/29 20:53:43.090, 289.95, 100, 74232, 70
2026/07/29 20:53:44.130, 294.23, 100, 74232, 70
2026/07/29 20:53:45.167, 297.23, 100, 74232, 70
2026/07/29 20:53:46.208, 290.42, 100, 74232, 70
2026/07/29 20:53:47.246, 295.19, 100, 74232, 71
2026/07/29 20:53:48.282, 296.76, 100, 74232, 71
2026/07/29 20:53:49.319, 298.98, 100, 74232, 71
2026/07/29 20:53:50.356, 295.09, 100, 74232, 71
2026/07/29 20:53:51.395, 294.42, 100, 74232, 71
2026/07/29 20:53:52.431, 296.85, 100, 74232, 71
2026/07/29 20:53:53.468, 295.58, 100, 74232, 70
2026/07/29 20:53:54.505, 295.88, 100, 74232, 70
2026/07/29 20:53:55.543, 296.56, 100, 74232, 70
2026/07/29 20:53:56.581, 298.03, 100, 74232, 70
2026/07/29 20:53:57.617, 296.27, 100, 74232, 70
2026/07/29 20:53:58.653, 297.43, 100, 74232, 70
2026/07/29 20:53:59.691, 304.32, 100, 74232, 70
2026/07/29 20:54:00.727, 302.71, 100, 74232, 70
2026/07/29 20:54:01.763, 298.80, 100, 74232, 70
2026/07/29 20:54:02.799, 297.26, 100, 74232, 70
2026/07/29 20:54:03.837, 292.47, 100, 74232, 70
2026/07/29 20:54:04.875, 296.74, 100, 74232, 70
2026/07/29 20:54:05.914, 296.74, 100, 74232, 70
2026/07/29 20:54:06.950, 296.01, 100, 74232, 72
2026/07/29 20:54:07.986, 287.59, 100, 74232, 72
2026/07/29 20:54:09.024, 295.70, 100, 74232, 71
2026/07/29 20:54:10.059, 287.19, 100, 74232, 72
2026/07/29 20:54:11.093, 281.75, 100, 74232, 71
2026/07/29 20:54:12.131, 288.99, 100, 74232, 72
2026/07/29 20:54:13.172, 317.77, 100, 74232, 72
2026/07/29 20:54:14.208, 304.43, 100, 74232, 70
2026/07/29 20:54:15.248, 290.85, 100, 74232, 70
2026/07/29 20:54:16.286, 298.23, 100, 74232, 70
2026/07/29 20:54:17.324, 294.82, 100, 74232, 70
2026/07/29 20:54:18.361, 296.66, 100, 74232, 70
2026/07/29 20:54:19.399, 294.14, 100, 74232, 70
2026/07/29 20:54:20.437, 293.55, 100, 74232, 70
2026/07/29 20:54:21.475, 296.38, 100, 74232, 70
2026/07/29 20:54:22.514, 297.83, 100, 74232, 70
2026/07/29 20:54:23.552, 297.23, 100, 74232, 70
2026/07/29 20:54:24.590, 293.94, 100, 74232, 70
2026/07/29 20:54:25.626, 295.99, 100, 74232, 70
2026/07/29 20:54:26.664, 294.83, 100, 74232, 70
2026/07/29 20:54:27.701, 297.94, 100, 74232, 70
2026/07/29 20:54:28.738, 292.78, 100, 74232, 70
2026/07/29 20:54:29.776, 296.55, 100, 74232, 70
2026/07/29 20:54:30.813, 296.47, 100, 74232, 70
2026/07/29 20:54:31.851, 297.67, 100, 74232, 70
2026/07/29 20:54:32.887, 300.42, 100, 74232, 70
2026/07/29 20:54:33.925, 291.11, 100, 74232, 70
2026/07/29 20:54:34.963, 303.74, 100, 74232, 70
2026/07/29 20:54:36.002, 297.65, 100, 74232, 70
2026/07/29 20:54:37.040, 297.73, 100, 74232, 70
2026/07/29 20:54:38.080, 294.91, 100, 74232, 70
2026/07/29 20:54:39.118, 296.93, 100, 74232, 70
2026/07/29 20:54:40.154, 296.18, 100, 74232, 70
2026/07/29 20:54:41.193, 297.75, 100, 74232, 70
2026/07/29 20:54:42.231, 295.00, 100, 74232, 70
2026/07/29 20:54:43.269, 296.67, 100, 74232, 70
2026/07/29 20:54:44.306, 297.34, 100, 74232, 70
2026/07/29 20:54:45.342, 293.72, 100, 74232, 70
2026/07/29 20:54:46.379, 303.75, 100, 74232, 70
2026/07/29 20:54:47.415, 303.59, 100, 74232, 70
2026/07/29 20:54:48.453, 305.01, 100, 74232, 70
2026/07/29 20:54:49.489, 301.43, 100, 74232, 70
2026/07/29 20:54:50.525, 300.55, 100, 74232, 70
2026/07/29 20:54:51.565, 303.96, 100, 74232, 70
2026/07/29 20:54:52.602, 304.44, 100, 74232, 70
2026/07/29 20:54:53.640, 301.91, 100, 74232, 70
2026/07/29 20:54:54.678, 95.05, 0, 74232, 66
2026/07/29 20:54:55.711, 301.84, 100, 74232, 70
2026/07/29 20:54:56.749, 298.69, 100, 74232, 70
2026/07/29 20:54:57.787, 303.87, 100, 74232, 70
2026/07/29 20:54:58.825, 296.76, 100, 74232, 70
2026/07/29 20:54:59.861, 299.09, 100, 74232, 70
2026/07/29 20:55:00.898, 297.17, 100, 74232, 70
2026/07/29 20:55:01.936, 301.23, 100, 74232, 70
2026/07/29 20:55:02.974, 300.54, 100, 74232, 70
2026/07/29 20:55:04.010, 300.47, 100, 74232, 70
2026/07/29 20:55:05.048, 302.32, 100, 74232, 70
2026/07/29 20:55:06.085, 296.97, 100, 74232, 70
2026/07/29 20:55:07.124, 295.38, 100, 74232, 70
2026/07/29 20:55:08.161, 294.72, 100, 74232, 70
2026/07/29 20:55:09.198, 302.08, 100, 74232, 70
2026/07/29 20:55:10.235, 297.80, 100, 74232, 70
2026/07/29 20:55:11.273, 304.08, 100, 74232, 70
2026/07/29 20:55:12.311, 298.89, 100, 74232, 70
2026/07/29 20:55:13.348, 299.48, 100, 74232, 70
2026/07/29 20:55:14.385, 298.49, 100, 74232, 70
2026/07/29 20:55:15.422, 301.79, 100, 74232, 70
2026/07/29 20:55:16.459, 300.74, 100, 74232, 70
2026/07/29 20:55:17.496, 295.31, 100, 74232, 70
2026/07/29 20:55:18.536, 301.23, 100, 74232, 70
2026/07/29 20:55:19.574, 301.99, 100, 74232, 70
2026/07/29 20:55:20.612, 303.40, 100, 74232, 70
2026/07/29 20:55:21.650, 303.30, 100, 74232, 70
2026/07/29 20:55:22.687, 301.79, 100, 74232, 70
2026/07/29 20:55:23.725, 302.60, 100, 74232, 70
2026/07/29 20:55:24.761, 301.62, 100, 74232, 70
2026/07/29 20:55:25.798, 301.81, 100, 74232, 70
2026/07/29 20:55:26.836, 308.94, 100, 74232, 70
2026/07/29 20:55:27.877, 303.00, 100, 74232, 70
2026/07/29 20:55:28.914, 304.35, 100, 74232, 70
2026/07/29 20:55:29.951, 288.19, 100, 74232, 70
2026/07/29 20:55:30.989, 301.79, 100, 74232, 70
2026/07/29 20:55:32.026, 292.37, 100, 74232, 70
2026/07/29 20:55:33.063, 296.74, 100, 74232, 70
2026/07/29 20:55:34.100, 291.39, 100, 74232, 70
2026/07/29 20:55:35.140, 294.93, 100, 74232, 70
2026/07/29 20:55:36.177, 302.19, 100, 74232, 70
2026/07/29 20:55:37.213, 301.89, 100, 74232, 70
2026/07/29 20:55:38.250, 299.96, 100, 74232, 70
2026/07/29 20:55:39.286, 301.63, 100, 74232, 70
2026/07/29 20:55:40.323, 302.69, 100, 74232, 70
2026/07/29 20:55:41.361, 301.31, 100, 74232, 70
2026/07/29 20:55:42.397, 301.91, 100, 74232, 70
2026/07/29 20:55:43.438, 304.32, 100, 74232, 70
2026/07/29 20:55:44.476, 296.57, 100, 74232, 70
2026/07/29 20:55:45.512, 297.06, 100, 74232, 70
2026/07/29 20:55:46.550, 296.27, 100, 74232, 70
2026/07/29 20:55:47.589, 296.64, 100, 74232, 70
2026/07/29 20:55:48.627, 301.13, 100, 74232, 70
2026/07/29 20:55:49.664, 300.46, 100, 74232, 70
2026/07/29 20:55:50.701, 303.69, 100, 74232, 70
2026/07/29 20:55:51.739, 302.59, 100, 74232, 70
2026/07/29 20:55:52.775, 302.25, 100, 74232, 70
2026/07/29 20:55:53.813, 300.35, 100, 74232, 70
2026/07/29 20:55:54.851, 299.11, 100, 74232, 70
2026/07/29 20:55:55.887, 300.24, 100, 74232, 70
2026/07/29 20:55:56.924, 301.16, 100, 74232, 70
2026/07/29 20:55:57.960, 300.47, 100, 74232, 70
2026/07/29 20:55:58.997, 301.14, 100, 74232, 70
2026/07/29 20:56:00.035, 296.37, 100, 74232, 70
2026/07/29 20:56:01.072, 300.26, 100, 74232, 70
2026/07/29 20:56:02.111, 295.47, 100, 74232, 70
2026/07/29 20:56:03.148, 293.64, 100, 74232, 70
2026/07/29 20:56:04.192, 299.97, 100, 74232, 70
2026/07/29 20:56:05.228, 290.71, 100, 74232, 70
2026/07/29 20:56:06.264, 293.07, 100, 74232, 70
2026/07/29 20:56:07.301, 294.61, 100, 74232, 70
2026/07/29 20:56:08.338, 292.00, 100, 74232, 70
2026/07/29 20:56:09.377, 292.29, 100, 74232, 70
2026/07/29 20:56:10.416, 291.79, 100, 74232, 70
2026/07/29 20:56:11.455, 298.33, 100, 74232, 70
2026/07/29 20:56:12.493, 299.29, 100, 74232, 70
2026/07/29 20:56:13.531, 297.22, 100, 74232, 70
2026/07/29 20:56:14.571, 299.37, 100, 74232, 70
2026/07/29 20:56:15.609, 293.82, 100, 74232, 70
2026/07/29 20:56:16.648, 289.47, 100, 74232, 70
2026/07/29 20:56:17.686, 299.18, 100, 74232, 70
2026/07/29 20:56:18.725, 300.26, 100, 74232, 70
2026/07/29 20:56:19.764, 288.77, 100, 74232, 70
2026/07/29 20:56:20.801, 291.12, 100, 74232, 70
2026/07/29 20:56:21.839, 298.70, 100, 74232, 70
2026/07/29 20:56:22.877, 298.12, 100, 74232, 70
2026/07/29 20:56:23.919, 298.98, 100, 74232, 70
2026/07/29 20:56:24.958, 305.21, 100, 74232, 70
2026/07/29 20:56:25.996, 297.34, 100, 74232, 70
2026/07/29 20:56:27.037, 299.76, 100, 74232, 70
2026/07/29 20:56:28.075, 302.38, 100, 74232, 70
2026/07/29 20:56:29.112, 303.56, 100, 74232, 70
2026/07/29 20:56:30.153, 302.32, 100, 74232, 70
2026/07/29 20:56:31.191, 301.72, 100, 74232, 70
2026/07/29 20:56:32.230, 302.60, 100, 74232, 70
2026/07/29 20:56:33.268, 302.38, 100, 74232, 70
2026/07/29 20:56:34.305, 295.77, 100, 74232, 70
2026/07/29 20:56:35.347, 294.81, 100, 74232, 70
2026/07/29 20:56:36.385, 294.43, 100, 74232, 70
2026/07/29 20:56:37.422, 294.92, 100, 74232, 70
2026/07/29 20:56:38.461, 295.21, 100, 74232, 70
2026/07/29 20:56:39.499, 298.90, 100, 74232, 70
2026/07/29 20:56:40.537, 296.96, 100, 74232, 70
2026/07/29 20:56:41.574, 301.58, 100, 74232, 70
2026/07/29 20:56:42.612, 301.62, 100, 74232, 70
2026/07/29 20:56:43.650, 300.83, 100, 74232, 70
2026/07/29 20:56:44.688, 300.93, 100, 74232, 70
2026/07/29 20:56:45.726, 292.40, 100, 74232, 70
2026/07/29 20:56:46.764, 296.65, 100, 74232, 70
2026/07/29 20:56:47.803, 293.36, 100, 74232, 71
2026/07/29 20:56:48.839, 303.74, 100, 74232, 72
2026/07/29 20:56:49.875, 312.20, 100, 74232, 72
2026/07/29 20:56:50.913, 298.12, 100, 74232, 72
2026/07/29 20:56:51.947, 295.38, 100, 74232, 71
2026/07/29 20:56:52.981, 304.25, 100, 74232, 70
2026/07/29 20:56:54.018, 302.42, 100, 74232, 70
2026/07/29 20:56:55.055, 303.97, 100, 74232, 70
2026/07/29 20:56:56.092, 301.78, 100, 74232, 70
2026/07/29 20:56:57.129, 437.63, 43, 74232, 73
2026/07/29 20:56:58.165, 313.21, 100, 74232, 72
2026/07/29 20:56:59.199, 313.33, 100, 74232, 72
2026/07/29 20:57:00.235, 299.10, 100, 74232, 72
2026/07/29 20:57:01.276, 271.26, 100, 74232, 72
2026/07/29 20:57:02.311, 301.48, 100, 74232, 72
2026/07/29 20:57:03.346, 95.12, 0, 74232, 66
2026/07/29 20:57:04.379, 94.16, 0, 74232, 66
2026/07/29 20:57:05.412, 92.37, 0, 74232, 65
2026/07/29 20:57:06.444, 92.97, 0, 74232, 65
2026/07/29 20:57:07.475, 91.99, 0, 74232, 64
2026/07/29 20:57:08.507, 90.91, 0, 74232, 64
2026/07/29 20:57:09.538, 91.16, 0, 74232, 63
2026/07/29 20:57:10.569, 90.40, 0, 74232, 63
2026/07/29 20:57:11.601, 90.15, 0, 74232, 63
2026/07/29 20:57:12.632, 89.89, 0, 74232, 62
2026/07/29 20:57:13.663, 88.72, 0, 74232, 62
2026/07/29 20:57:14.697, 87.80, 0, 74232, 62
2026/07/29 20:57:15.728, 87.11, 0, 74232, 61
2026/07/29 20:57:16.762, 86.47, 0, 74232, 61
2026/07/29 20:57:17.801, 86.95, 0, 74232, 60
2026/07/29 20:57:18.833, 85.76, 0, 74232, 60
2026/07/29 20:57:20.494, 298.01, 100, 74232, 65
2026/07/29 20:57:21.530, 288.75, 100, 74232, 65
2026/07/29 20:57:22.569, 307.34, 100, 74232, 66
2026/07/29 20:57:23.605, 313.69, 100, 74232, 66
2026/07/29 20:57:24.640, 314.35, 100, 74232, 64
2026/07/29 20:57:25.684, 287.21, 100, 74232, 65
2026/07/29 20:57:26.723, 299.27, 100, 74232, 65
2026/07/29 20:57:27.760, 291.71, 100, 74232, 65
2026/07/29 20:57:28.799, 295.96, 100, 74232, 65
2026/07/29 20:57:29.837, 301.13, 100, 74232, 65
2026/07/29 20:57:30.877, 294.23, 100, 74232, 65
2026/07/29 20:57:31.915, 299.50, 100, 74232, 66
2026/07/29 20:57:32.953, 298.51, 100, 74232, 66
2026/07/29 20:57:33.990, 294.22, 100, 74232, 68
2026/07/29 20:57:35.025, 305.72, 100, 74232, 68
2026/07/29 20:57:36.060, 310.13, 100, 74232, 68
2026/07/29 20:57:37.095, 312.61, 100, 74232, 68
2026/07/29 20:57:38.130, 305.30, 100, 74232, 67
2026/07/29 20:57:39.168, 307.38, 100, 74232, 67
2026/07/29 20:57:40.207, 300.34, 100, 74232, 67
2026/07/29 20:57:41.244, 303.96, 100, 74232, 67
2026/07/29 20:57:42.283, 300.54, 100, 74232, 67
2026/07/29 20:57:43.321, 294.32, 100, 74232, 67
2026/07/29 20:57:44.358, 300.13, 100, 74232, 67
2026/07/29 20:57:45.395, 301.23, 100, 74232, 67
2026/07/29 20:57:46.433, 300.47, 100, 74232, 68
2026/07/29 20:57:47.475, 300.34, 100, 74232, 69
2026/07/29 20:57:48.511, 298.26, 100, 74232, 70
2026/07/29 20:57:49.546, 311.52, 100, 74232, 70
2026/07/29 20:57:50.584, 323.59, 100, 74232, 70
2026/07/29 20:57:51.621, 297.34, 100, 74232, 68
2026/07/29 20:57:52.659, 305.77, 100, 74232, 68
2026/07/29 20:57:53.697, 309.80, 100, 74232, 68
2026/07/29 20:57:54.736, 298.13, 100, 74232, 70
2026/07/29 20:57:55.771, 300.85, 100, 74232, 70
2026/07/29 20:57:56.808, 299.37, 100, 74232, 70
2026/07/29 20:57:57.844, 291.59, 100, 74232, 70
2026/07/29 20:57:58.881, 300.42, 100, 74232, 70
2026/07/29 20:57:59.915, 291.38, 100, 74232, 70
2026/07/29 20:58:00.949, 300.32, 100, 74232, 69
2026/07/29 20:58:01.986, 302.88, 100, 74232, 69
2026/07/29 20:58:03.030, 292.38, 100, 74232, 69
2026/07/29 20:58:04.073, 295.80, 100, 74232, 69
2026/07/29 20:58:05.110, 279.14, 100, 74232, 71
2026/07/29 20:58:06.156, 287.34, 100, 74232, 71
2026/07/29 20:58:07.191, 293.95, 100, 74232, 71
2026/07/29 20:58:08.227, 310.37, 100, 74232, 71
2026/07/29 20:58:09.262, 282.27, 100, 74232, 71
2026/07/29 20:58:10.302, 306.84, 100, 74232, 71
2026/07/29 20:58:11.338, 296.94, 100, 74232, 69
2026/07/29 20:58:12.376, 301.78, 100, 74232, 69
2026/07/29 20:58:13.412, 300.39, 100, 74232, 69
2026/07/29 20:58:14.449, 301.13, 100, 74232, 69
2026/07/29 20:58:15.486, 304.79, 100, 74232, 71
2026/07/29 20:58:16.521, 302.65, 100, 74232, 71
2026/07/29 20:58:17.559, 299.03, 100, 74232, 72
2026/07/29 20:58:18.594, 296.92, 100, 74232, 72
2026/07/29 20:58:19.629, 293.24, 100, 74232, 72
2026/07/29 20:58:20.664, 310.28, 100, 74232, 71
2026/07/29 20:58:21.706, 298.52, 100, 74232, 70
2026/07/29 20:58:22.744, 300.06, 100, 74232, 70
2026/07/29 20:58:23.781, 303.67, 100, 74232, 70
2026/07/29 20:58:24.821, 297.52, 100, 74232, 72
2026/07/29 20:58:25.856, 304.32, 100, 74232, 72
2026/07/29 20:58:26.890, 292.45, 100, 74232, 72
2026/07/29 20:58:27.930, 284.87, 100, 74232, 72
2026/07/29 20:58:28.964, 312.62, 100, 74232, 72
2026/07/29 20:58:29.999, 314.24, 100, 74232, 72
2026/07/29 20:58:31.035, 304.47, 100, 74232, 72
2026/07/29 20:58:32.074, 300.29, 100, 74232, 71
2026/07/29 20:58:33.110, 296.26, 100, 74232, 70
2026/07/29 20:58:34.151, 289.57, 100, 74232, 71
2026/07/29 20:58:35.189, 298.42, 100, 74232, 71
2026/07/29 20:58:36.226, 295.96, 100, 74232, 71
2026/07/29 20:58:37.264, 287.99, 100, 74232, 71
2026/07/29 20:58:38.300, 291.02, 100, 74232, 71
2026/07/29 20:58:39.336, 284.49, 100, 74232, 71
2026/07/29 20:58:40.373, 288.29, 100, 74232, 71
2026/07/29 20:58:41.410, 298.79, 100, 74232, 71
2026/07/29 20:58:42.447, 298.58, 100, 74232, 71
2026/07/29 20:58:43.485, 298.60, 100, 74232, 71
2026/07/29 20:58:44.521, 296.64, 100, 74232, 71
2026/07/29 20:58:45.558, 297.93, 100, 74232, 71
2026/07/29 20:58:46.596, 298.71, 100, 74232, 71
2026/07/29 20:58:47.634, 299.58, 100, 74232, 71
2026/07/29 20:58:48.671, 297.54, 100, 74232, 71
2026/07/29 20:58:49.710, 305.39, 100, 74232, 71
2026/07/29 20:58:50.747, 298.22, 100, 74232, 71
2026/07/29 20:58:51.785, 296.86, 100, 74232, 71
2026/07/29 20:58:52.821, 307.62, 100, 74232, 71
2026/07/29 20:58:53.859, 304.93, 100, 74232, 71
2026/07/29 20:58:54.895, 301.23, 100, 74232, 71
2026/07/29 20:58:55.933, 297.33, 100, 74232, 71
2026/07/29 20:58:56.971, 297.34, 100, 74232, 71
2026/07/29 20:58:58.006, 297.94, 100, 74232, 71
2026/07/29 20:58:59.042, 297.04, 100, 74232, 71
2026/07/29 20:59:00.080, 300.23, 100, 74232, 71
2026/07/29 20:59:01.118, 297.71, 100, 74232, 70
2026/07/29 20:59:02.154, 291.41, 100, 74232, 71
2026/07/29 20:59:03.189, 300.92, 100, 74232, 71
2026/07/29 20:59:04.224, 303.56, 100, 74232, 71
2026/07/29 20:59:05.261, 304.66, 100, 74232, 70
2026/07/29 20:59:06.303, 300.72, 100, 74232, 70
2026/07/29 20:59:07.342, 294.52, 100, 74232, 70
2026/07/29 20:59:08.379, 303.34, 100, 74232, 70
2026/07/29 20:59:09.416, 306.07, 100, 74232, 70
2026/07/29 20:59:10.453, 292.20, 100, 74232, 70
2026/07/29 20:59:11.492, 303.19, 100, 74232, 70
2026/07/29 20:59:12.529, 304.95, 100, 74232, 70
2026/07/29 20:59:13.566, 301.72, 100, 74232, 70
2026/07/29 20:59:14.604, 294.43, 100, 74232, 70
2026/07/29 20:59:15.640, 293.08, 100, 74232, 70
2026/07/29 20:59:16.678, 292.86, 100, 74232, 70
2026/07/29 20:59:17.714, 294.72, 100, 74232, 70
2026/07/29 20:59:18.750, 297.45, 100, 74232, 70
2026/07/29 20:59:19.791, 302.97, 100, 74232, 70
2026/07/29 20:59:20.827, 295.00, 100, 74232, 70
2026/07/29 20:59:21.863, 299.01, 100, 74232, 70
2026/07/29 20:59:22.899, 296.28, 100, 74232, 70
2026/07/29 20:59:23.947, 299.08, 100, 74232, 70
2026/07/29 20:59:24.985, 297.30, 100, 74232, 70
2026/07/29 20:59:26.023, 302.22, 100, 74232, 70
2026/07/29 20:59:27.061, 297.43, 100, 74232, 70
2026/07/29 20:59:28.100, 304.13, 100, 74232, 70
2026/07/29 20:59:29.138, 292.78, 100, 74232, 70
2026/07/29 20:59:30.183, 292.86, 100, 74232, 70
2026/07/29 20:59:31.219, 295.69, 100, 74232, 70
2026/07/29 20:59:32.257, 298.21, 100, 74232, 70
2026/07/29 20:59:33.294, 292.98, 100, 74232, 70
2026/07/29 20:59:34.332, 293.54, 100, 74232, 70
2026/07/29 20:59:35.368, 302.69, 100, 74232, 70
2026/07/29 20:59:36.407, 301.35, 100, 74232, 70
2026/07/29 20:59:37.444, 300.66, 100, 74232, 70
2026/07/29 20:59:38.480, 298.87, 100, 74232, 70
2026/07/29 20:59:39.516, 301.98, 100, 74232, 70
2026/07/29 20:59:40.553, 304.36, 100, 74232, 70
2026/07/29 20:59:41.591, 304.14, 100, 74232, 70
2026/07/29 20:59:42.629, 301.82, 100, 74232, 70
2026/07/29 20:59:43.665, 296.77, 100, 74232, 70
2026/07/29 20:59:44.703, 300.44, 100, 74232, 70
2026/07/29 20:59:45.739, 294.40, 100, 74232, 70
2026/07/29 20:59:46.777, 295.60, 100, 74232, 70
2026/07/29 20:59:47.813, 304.37, 100, 74232, 70
2026/07/29 20:59:48.851, 304.33, 100, 74232, 70
2026/07/29 20:59:49.887, 291.70, 100, 74232, 70
2026/07/29 20:59:50.927, 301.89, 100, 74232, 70
2026/07/29 20:59:51.964, 296.86, 100, 74232, 70
2026/07/29 20:59:53.001, 301.13, 100, 74232, 70
2026/07/29 20:59:54.039, 297.83, 100, 74232, 70
2026/07/29 20:59:55.077, 298.52, 100, 74232, 70
2026/07/29 20:59:56.113, 302.03, 100, 74232, 70
2026/07/29 20:59:57.151, 303.65, 100, 74232, 70
2026/07/29 20:59:58.188, 296.86, 100, 74232, 70
2026/07/29 20:59:59.226, 292.88, 100, 74232, 70
2026/07/29 21:00:00.263, 298.02, 100, 74232, 70
2026/07/29 21:00:01.300, 297.42, 100, 74232, 70
2026/07/29 21:00:02.338, 296.85, 100, 74232, 70
2026/07/29 21:00:03.375, 299.67, 100, 74232, 70
2026/07/29 21:00:04.413, 295.20, 100, 74232, 70
2026/07/29 21:00:05.452, 298.23, 100, 74232, 70
2026/07/29 21:00:06.491, 300.25, 100, 74232, 70
2026/07/29 21:00:07.527, 297.92, 100, 74232, 70
2026/07/29 21:00:08.564, 292.37, 100, 74232, 70
2026/07/29 21:00:09.603, 295.10, 100, 74232, 70
2026/07/29 21:00:10.645, 297.65, 100, 74232, 70
2026/07/29 21:00:11.681, 303.83, 100, 74232, 70
2026/07/29 21:00:12.717, 299.58, 100, 74232, 70
2026/07/29 21:00:13.755, 295.87, 100, 74232, 70
2026/07/29 21:00:14.792, 294.81, 100, 74232, 70
2026/07/29 21:00:15.830, 296.17, 100, 74232, 70
2026/07/29 21:00:16.869, 289.84, 100, 74232, 70
2026/07/29 21:00:17.910, 295.97, 100, 74232, 70
2026/07/29 21:00:18.947, 296.56, 100, 74232, 70
2026/07/29 21:00:19.983, 297.23, 100, 74232, 70
2026/07/29 21:00:21.025, 295.31, 100, 74232, 70
2026/07/29 21:00:22.062, 296.76, 100, 74232, 70
2026/07/29 21:00:23.099, 296.86, 100, 74232, 70
2026/07/29 21:00:24.137, 288.95, 100, 74232, 70
2026/07/29 21:00:25.175, 300.58, 100, 74232, 70
2026/07/29 21:00:26.213, 300.76, 100, 74232, 70
2026/07/29 21:00:27.250, 302.70, 100, 74232, 70
2026/07/29 21:00:28.288, 295.39, 100, 74232, 70
2026/07/29 21:00:29.327, 305.46, 100, 74232, 70
2026/07/29 21:00:30.365, 302.70, 100, 74232, 70
2026/07/29 21:00:31.405, 303.67, 100, 74232, 70
2026/07/29 21:00:32.443, 296.86, 100, 74232, 70
2026/07/29 21:00:33.480, 304.42, 100, 74232, 70
2026/07/29 21:00:34.523, 301.91, 100, 74232, 70
2026/07/29 21:00:35.561, 294.31, 100, 74232, 70
2026/07/29 21:00:36.599, 296.78, 100, 74232, 70
2026/07/29 21:00:37.637, 303.95, 100, 74232, 70
2026/07/29 21:00:38.674, 297.15, 100, 74232, 70
2026/07/29 21:00:39.713, 291.32, 100, 74232, 70
2026/07/29 21:00:40.751, 296.28, 100, 74232, 70
2026/07/29 21:00:41.792, 302.09, 100, 74232, 70
2026/07/29 21:00:42.829, 304.41, 100, 74232, 70
2026/07/29 21:00:43.867, 304.42, 100, 74232, 70
2026/07/29 21:00:44.904, 297.83, 100, 74232, 70
2026/07/29 21:00:45.943, 295.09, 100, 74232, 70
2026/07/29 21:00:46.982, 296.27, 100, 74232, 70
2026/07/29 21:00:48.020, 304.99, 100, 74232, 70
2026/07/29 21:00:49.058, 305.41, 100, 74232, 70
2026/07/29 21:00:50.097, 299.76, 100, 74232, 70
2026/07/29 21:00:51.136, 296.76, 100, 74232, 70
2026/07/29 21:00:52.176, 303.48, 100, 74232, 70
2026/07/29 21:00:53.213, 305.34, 100, 74232, 70
2026/07/29 21:00:54.250, 295.70, 100, 74232, 70
2026/07/29 21:00:55.290, 292.85, 100, 74232, 70
2026/07/29 21:00:56.327, 295.87, 100, 74232, 70
2026/07/29 21:00:57.364, 299.78, 100, 74232, 70
2026/07/29 21:00:58.403, 298.69, 100, 74232, 70
2026/07/29 21:00:59.440, 297.83, 100, 74232, 70
2026/07/29 21:01:00.478, 292.02, 100, 74232, 70
2026/07/29 21:01:01.515, 304.82, 100, 74232, 70
2026/07/29 21:01:02.555, 296.66, 100, 74232, 70
2026/07/29 21:01:03.592, 296.17, 100, 74232, 70
2026/07/29 21:01:04.630, 304.83, 100, 74232, 70
2026/07/29 21:01:05.668, 303.45, 100, 74232, 70
2026/07/29 21:01:06.705, 305.23, 100, 74232, 70
2026/07/29 21:01:07.741, 302.27, 100, 74232, 70
2026/07/29 21:01:08.778, 299.38, 100, 74232, 70
2026/07/29 21:01:09.816, 302.11, 100, 74232, 70
2026/07/29 21:01:10.855, 298.31, 100, 74232, 70
2026/07/29 21:01:11.894, 296.56, 100, 74232, 70
2026/07/29 21:01:12.932, 297.26, 100, 74232, 70
2026/07/29 21:01:13.969, 292.28, 100, 74232, 70
2026/07/29 21:01:15.006, 306.37, 100, 74232, 70
2026/07/29 21:01:16.042, 302.60, 100, 74232, 70
2026/07/29 21:01:17.077, 304.27, 100, 74232, 70
2026/07/29 21:01:18.114, 305.39, 100, 74232, 70
2026/07/29 21:01:19.151, 305.02, 100, 74232, 70
2026/07/29 21:01:20.187, 305.02, 100, 74232, 70
2026/07/29 21:01:21.223, 300.94, 100, 74232, 70
2026/07/29 21:01:22.260, 302.01, 100, 74232, 70
2026/07/29 21:01:23.296, 297.03, 100, 74232, 70
2026/07/29 21:01:24.334, 304.17, 100, 74232, 70
2026/07/29 21:01:25.372, 294.32, 100, 74232, 70
2026/07/29 21:01:26.409, 297.84, 100, 74232, 70
2026/07/29 21:01:27.449, 294.62, 100, 74232, 70
2026/07/29 21:01:28.487, 292.58, 100, 74232, 70
2026/07/29 21:01:29.782, 296.76, 100, 74232, 70
2026/07/29 21:01:30.819, 296.46, 100, 74232, 70
2026/07/29 21:01:31.857, 297.63, 100, 74232, 70
2026/07/29 21:01:32.895, 302.22, 100, 74232, 70
2026/07/29 21:01:33.933, 305.40, 100, 74232, 70
2026/07/29 21:01:34.969, 301.50, 100, 74232, 70
2026/07/29 21:01:36.013, 303.86, 100, 74232, 70
2026/07/29 21:01:37.054, 296.07, 100, 74232, 70
2026/07/29 21:01:38.091, 297.75, 100, 74232, 70
2026/07/29 21:01:39.127, 297.53, 100, 74232, 70
2026/07/29 21:01:40.165, 295.20, 100, 74232, 70
2026/07/29 21:01:41.201, 299.77, 100, 74232, 70
2026/07/29 21:01:42.240, 303.96, 100, 74232, 70
2026/07/29 21:01:43.282, 298.02, 100, 74232, 70
2026/07/29 21:01:44.318, 296.77, 100, 74232, 70
2026/07/29 21:01:45.355, 298.02, 100, 74232, 70
2026/07/29 21:01:46.391, 292.77, 100, 74232, 70
2026/07/29 21:01:47.428, 300.59, 100, 74232, 70
2026/07/29 21:01:48.467, 294.72, 100, 74232, 70
2026/07/29 21:01:49.504, 297.52, 100, 74232, 70
2026/07/29 21:01:50.540, 297.17, 100, 74232, 70
2026/07/29 21:01:51.577, 297.64, 100, 74232, 70
2026/07/29 21:01:52.618, 298.30, 100, 74232, 70
2026/07/29 21:01:53.655, 294.04, 100, 74232, 70
2026/07/29 21:01:54.693, 297.43, 100, 74232, 70
2026/07/29 21:01:55.729, 294.61, 100, 74232, 70
2026/07/29 21:01:56.766, 300.33, 100, 74232, 70
2026/07/29 21:01:57.802, 296.94, 100, 74232, 70
2026/07/29 21:01:58.838, 299.39, 100, 74232, 70
2026/07/29 21:01:59.876, 301.62, 100, 74232, 70
2026/07/29 21:02:00.914, 303.36, 100, 74232, 70
2026/07/29 21:02:01.952, 296.51, 100, 74232, 70
2026/07/29 21:02:02.990, 301.20, 100, 74232, 70
2026/07/29 21:02:04.027, 304.65, 100, 74232, 70
2026/07/29 21:02:05.065, 301.53, 100, 74232, 70
2026/07/29 21:02:06.102, 300.24, 100, 74232, 70
2026/07/29 21:02:07.141, 305.29, 100, 74232, 70
2026/07/29 21:02:08.178, 297.34, 100, 74232, 70
2026/07/29 21:02:09.217, 298.69, 100, 74232, 70
2026/07/29 21:02:10.255, 292.58, 100, 74232, 70
2026/07/29 21:02:11.293, 304.91, 100, 74232, 70
2026/07/29 21:02:12.329, 301.70, 100, 74232, 70
2026/07/29 21:02:13.368, 303.54, 100, 74232, 70
2026/07/29 21:02:14.406, 302.30, 100, 74232, 70
2026/07/29 21:02:15.443, 303.98, 100, 74232, 70
2026/07/29 21:02:16.482, 304.72, 100, 74232, 70
2026/07/29 21:02:17.519, 304.80, 100, 74232, 70
2026/07/29 21:02:18.559, 298.12, 100, 74232, 70
2026/07/29 21:02:19.597, 292.97, 100, 74232, 70
2026/07/29 21:02:20.633, 295.48, 100, 74232, 70
2026/07/29 21:02:21.670, 293.06, 100, 74232, 70
2026/07/29 21:02:22.707, 295.87, 100, 74232, 70
2026/07/29 21:02:23.747, 296.56, 100, 74232, 70
2026/07/29 21:02:24.784, 295.88, 100, 74232, 70
2026/07/29 21:02:25.822, 294.31, 100, 74232, 70
2026/07/29 21:02:26.859, 298.23, 100, 74232, 70
2026/07/29 21:02:27.897, 297.44, 100, 74232, 70
2026/07/29 21:02:28.933, 296.35, 100, 74232, 70
2026/07/29 21:02:29.971, 303.39, 100, 74232, 70
2026/07/29 21:02:31.008, 291.59, 100, 74232, 70
2026/07/29 21:02:32.044, 297.06, 100, 74232, 70
2026/07/29 21:02:33.081, 298.11, 100, 74232, 70
2026/07/29 21:02:34.118, 293.05, 100, 74232, 70
2026/07/29 21:02:35.154, 298.66, 100, 74232, 70
2026/07/29 21:02:36.193, 295.68, 100, 74232, 70
2026/07/29 21:02:37.229, 297.41, 100, 74232, 70
2026/07/29 21:02:38.266, 297.26, 100, 74232, 70
2026/07/29 21:02:39.303, 304.86, 100, 74232, 70
2026/07/29 21:02:40.341, 298.70, 100, 74232, 70
2026/07/29 21:02:41.379, 295.68, 100, 74232, 70
2026/07/29 21:02:42.418, 293.55, 100, 74232, 70
2026/07/29 21:02:43.456, 296.48, 100, 74232, 70
2026/07/29 21:02:44.494, 296.77, 100, 74232, 70
2026/07/29 21:02:45.531, 307.47, 100, 74232, 70
2026/07/29 21:02:46.568, 304.12, 100, 74232, 70
2026/07/29 21:02:47.604, 304.73, 100, 74232, 70
2026/07/29 21:02:48.642, 304.61, 100, 74232, 70
2026/07/29 21:02:49.679, 305.40, 100, 74232, 70
2026/07/29 21:02:50.717, 299.86, 100, 74232, 70
2026/07/29 21:02:51.755, 301.43, 100, 74232, 70
2026/07/29 21:02:52.793, 293.73, 100, 74232, 70
2026/07/29 21:02:53.829, 296.55, 100, 74232, 70
2026/07/29 21:02:54.865, 297.05, 100, 74232, 70
2026/07/29 21:02:55.902, 294.02, 100, 74232, 70
2026/07/29 21:02:56.939, 295.68, 100, 74232, 70
2026/07/29 21:02:57.975, 296.47, 100, 74232, 70
2026/07/29 21:02:59.012, 295.79, 100, 74232, 70
2026/07/29 21:03:00.048, 296.85, 100, 74232, 70
2026/07/29 21:03:01.085, 297.63, 100, 74232, 70
2026/07/29 21:03:02.122, 297.06, 100, 74232, 70
2026/07/29 21:03:03.160, 297.25, 100, 74232, 70
2026/07/29 21:03:04.196, 292.58, 100, 74232, 70
2026/07/29 21:03:05.233, 295.38, 100, 74232, 70
2026/07/29 21:03:06.270, 299.74, 100, 74232, 70
2026/07/29 21:03:07.306, 301.72, 100, 74232, 70
2026/07/29 21:03:08.342, 303.64, 100, 74232, 70
2026/07/29 21:03:09.378, 302.58, 100, 74232, 70
2026/07/29 21:03:10.415, 303.00, 100, 74232, 70
2026/07/29 21:03:11.453, 304.61, 100, 74232, 70
2026/07/29 21:03:12.489, 296.26, 100, 74232, 70
2026/07/29 21:03:13.530, 300.44, 100, 74232, 70
2026/07/29 21:03:14.568, 304.91, 100, 74232, 70
2026/07/29 21:03:15.605, 297.47, 100, 74232, 70
2026/07/29 21:03:16.643, 297.18, 100, 74232, 70
2026/07/29 21:03:17.681, 299.79, 100, 74232, 70
2026/07/29 21:03:18.719, 297.42, 100, 74232, 70
2026/07/29 21:03:19.756, 297.53, 100, 74232, 70
2026/07/29 21:03:20.794, 294.53, 100, 74232, 70
2026/07/29 21:03:21.831, 298.81, 100, 74232, 70
2026/07/29 21:03:22.873, 301.11, 100, 74232, 70
2026/07/29 21:03:23.911, 291.81, 100, 74232, 70
2026/07/29 21:03:24.952, 365.67, 34, 74232, 71
2026/07/29 21:03:25.988, 296.45, 100, 74232, 71
2026/07/29 21:03:27.023, 305.79, 100, 74232, 72
2026/07/29 21:03:28.059, 285.56, 100, 74232, 72
2026/07/29 21:03:29.094, 305.30, 100, 74232, 72
2026/07/29 21:03:30.130, 288.31, 100, 74232, 71
2026/07/29 21:03:31.165, 280.74, 100, 74232, 72
2026/07/29 21:03:32.200, 304.12, 100, 74232, 70
2026/07/29 21:03:33.237, 301.33, 100, 74232, 70
2026/07/29 21:03:34.274, 302.01, 100, 74232, 70
2026/07/29 21:03:35.312, 303.75, 100, 74232, 70
2026/07/29 21:03:36.349, 299.65, 100, 74232, 70
2026/07/29 21:03:37.387, 298.50, 100, 74232, 70
2026/07/29 21:03:38.423, 297.24, 100, 74232, 70
2026/07/29 21:03:39.462, 296.66, 100, 74232, 70
2026/07/29 21:03:40.498, 291.21, 100, 74232, 70
2026/07/29 21:03:41.534, 296.85, 100, 74232, 70
2026/07/29 21:03:42.574, 292.68, 100, 74232, 70
2026/07/29 21:03:43.612, 297.63, 100, 74232, 70
2026/07/29 21:03:44.650, 287.69, 100, 74232, 70
2026/07/29 21:03:45.687, 285.09, 100, 74232, 70
2026/07/29 21:03:46.733, 296.08, 100, 74232, 70
2026/07/29 21:03:47.771, 295.98, 100, 74232, 70
2026/07/29 21:03:48.807, 297.35, 100, 74232, 70
2026/07/29 21:03:49.847, 294.62, 100, 74232, 70
2026/07/29 21:03:50.884, 294.82, 100, 74232, 70
2026/07/29 21:03:51.920, 296.65, 100, 74232, 70
2026/07/29 21:03:52.957, 292.19, 100, 74232, 70
2026/07/29 21:03:53.992, 293.17, 100, 74232, 70
2026/07/29 21:03:55.028, 296.08, 100, 74232, 70
2026/07/29 21:03:56.067, 297.05, 100, 74232, 70
2026/07/29 21:03:57.103, 300.57, 100, 74232, 70
2026/07/29 21:03:58.145, 293.54, 100, 74232, 70
2026/07/29 21:03:59.185, 307.90, 100, 74232, 70
2026/07/29 21:04:00.221, 297.52, 100, 74232, 70
2026/07/29 21:04:01.259, 294.14, 100, 74232, 70
2026/07/29 21:04:02.295, 296.37, 100, 74232, 70
2026/07/29 21:04:03.334, 300.55, 100, 74232, 70
2026/07/29 21:04:04.371, 295.68, 100, 74232, 70
2026/07/29 21:04:05.409, 300.93, 100, 74232, 70
2026/07/29 21:04:06.446, 301.52, 100, 74232, 70
2026/07/29 21:04:07.486, 303.87, 100, 74232, 70
2026/07/29 21:04:08.523, 299.77, 100, 74232, 70
2026/07/29 21:04:09.560, 302.48, 100, 74232, 70
2026/07/29 21:04:10.597, 296.95, 100, 74232, 70
2026/07/29 21:04:11.636, 296.77, 100, 74232, 70
2026/07/29 21:04:12.672, 295.49, 100, 74232, 70
2026/07/29 21:04:13.708, 294.92, 100, 74232, 70
2026/07/29 21:04:14.745, 295.78, 100, 74232, 70
2026/07/29 21:04:15.784, 296.98, 100, 74232, 70
2026/07/29 21:04:16.821, 295.19, 100, 74232, 70
2026/07/29 21:04:17.858, 301.88, 100, 74232, 70
2026/07/29 21:04:18.895, 303.10, 100, 74232, 70
2026/07/29 21:04:19.931, 305.23, 100, 74232, 70
2026/07/29 21:04:20.967, 295.68, 100, 74232, 70
2026/07/29 21:04:22.004, 294.42, 100, 74232, 70
2026/07/29 21:04:23.044, 296.36, 100, 74232, 70
2026/07/29 21:04:24.080, 291.42, 100, 74232, 70
2026/07/29 21:04:25.117, 293.26, 100, 74232, 70
2026/07/29 21:04:26.154, 298.49, 100, 74232, 70
2026/07/29 21:04:27.191, 295.88, 100, 74232, 70
2026/07/29 21:04:28.226, 303.47, 100, 74232, 70
2026/07/29 21:04:29.264, 298.21, 100, 74232, 70
2026/07/29 21:04:30.301, 303.27, 100, 74232, 70
2026/07/29 21:04:31.338, 295.38, 100, 74232, 70
2026/07/29 21:04:32.375, 303.88, 100, 74232, 70
2026/07/29 21:04:33.412, 301.42, 100, 74232, 70
2026/07/29 21:04:34.449, 293.15, 100, 74232, 69
2026/07/29 21:04:35.487, 302.41, 100, 74232, 70
2026/07/29 21:04:36.523, 303.74, 100, 74232, 70
2026/07/29 21:04:37.561, 300.15, 100, 74232, 70
2026/07/29 21:04:38.599, 300.93, 100, 74232, 70
2026/07/29 21:04:39.638, 303.26, 100, 74232, 70
2026/07/29 21:04:40.675, 382.60, 20, 74232, 70
2026/07/29 21:04:41.715, 306.14, 100, 74232, 71
2026/07/29 21:04:42.749, 298.75, 100, 74232, 71
2026/07/29 21:04:43.786, 311.50, 100, 74232, 71
2026/07/29 21:04:44.821, 303.06, 100, 74232, 71
2026/07/29 21:04:45.859, 292.68, 100, 74232, 71
2026/07/29 21:04:46.894, 297.15, 100, 74232, 71
2026/07/29 21:04:47.929, 300.55, 100, 74232, 69
2026/07/29 21:04:48.965, 302.89, 100, 74232, 69
2026/07/29 21:04:50.003, 296.86, 100, 74232, 69
2026/07/29 21:04:51.039, 293.55, 100, 74232, 69
2026/07/29 21:04:52.079, 296.75, 100, 74232, 69
2026/07/29 21:04:53.115, 295.97, 100, 74232, 69
2026/07/29 21:04:54.154, 289.35, 100, 74232, 69
2026/07/29 21:04:55.191, 301.11, 100, 74232, 70
2026/07/29 21:04:56.228, 303.66, 100, 74232, 70
2026/07/29 21:04:57.264, 302.29, 100, 74232, 70
2026/07/29 21:04:58.300, 296.95, 100, 74232, 70
2026/07/29 21:04:59.336, 298.42, 100, 74232, 70
2026/07/29 21:05:00.373, 298.03, 100, 74232, 70
2026/07/29 21:05:01.410, 301.34, 100, 74232, 70
2026/07/29 21:05:02.447, 302.38, 100, 74232, 70
2026/07/29 21:05:03.484, 301.62, 100, 74232, 70
2026/07/29 21:05:04.521, 302.49, 100, 74232, 70
2026/07/29 21:05:05.557, 295.11, 100, 74232, 70
2026/07/29 21:05:06.596, 302.32, 100, 74232, 70
2026/07/29 21:05:07.634, 302.19, 100, 74232, 70
2026/07/29 21:05:08.671, 298.99, 100, 74232, 70
2026/07/29 21:05:09.709, 291.61, 100, 74232, 70
2026/07/29 21:05:10.750, 297.73, 100, 74232, 70
2026/07/29 21:05:11.787, 299.60, 100, 74232, 70
2026/07/29 21:05:12.824, 301.05, 100, 74232, 70
2026/07/29 21:05:13.860, 299.49, 100, 74232, 70
2026/07/29 21:05:14.897, 300.14, 100, 74232, 70
2026/07/29 21:05:15.934, 300.46, 100, 74232, 70
2026/07/29 21:05:16.971, 301.44, 100, 74232, 70
2026/07/29 21:05:18.007, 300.75, 100, 74232, 70
2026/07/29 21:05:19.045, 301.03, 100, 74232, 70
2026/07/29 21:05:20.084, 300.56, 100, 74232, 69
2026/07/29 21:05:21.121, 300.94, 100, 74232, 70
2026/07/29 21:05:22.159, 305.50, 100, 74232, 69
2026/07/29 21:05:23.197, 303.78, 100, 74232, 70
2026/07/29 21:05:24.239, 300.47, 100, 74232, 70
2026/07/29 21:05:25.276, 298.42, 100, 74232, 70
2026/07/29 21:05:26.312, 298.89, 100, 74232, 70
2026/07/29 21:05:27.352, 300.71, 100, 74232, 70
2026/07/29 21:05:28.390, 298.49, 100, 74232, 70
2026/07/29 21:05:29.430, 302.00, 100, 74232, 70
2026/07/29 21:05:30.467, 299.88, 100, 74232, 70
2026/07/29 21:05:31.504, 301.62, 100, 74232, 70
2026/07/29 21:05:32.542, 301.14, 100, 74232, 70
2026/07/29 21:05:33.579, 302.30, 100, 74232, 70
2026/07/29 21:05:34.618, 303.54, 100, 74232, 70
2026/07/29 21:05:35.659, 304.18, 100, 74232, 70
2026/07/29 21:05:36.698, 302.09, 100, 74232, 70
2026/07/29 21:05:37.736, 302.47, 100, 74232, 70
2026/07/29 21:05:38.776, 295.20, 100, 74232, 70
2026/07/29 21:05:39.813, 297.55, 100, 74232, 70
2026/07/29 21:05:40.849, 289.19, 100, 74232, 70
2026/07/29 21:05:41.886, 290.62, 100, 74232, 70
2026/07/29 21:05:42.923, 296.76, 100, 74232, 70
2026/07/29 21:05:43.960, 292.17, 100, 74232, 70
2026/07/29 21:05:44.997, 288.11, 100, 74232, 70
2026/07/29 21:05:46.034, 295.88, 100, 74232, 70
2026/07/29 21:05:47.071, 293.57, 100, 74232, 70
2026/07/29 21:05:48.114, 295.01, 100, 74232, 70
2026/07/29 21:05:49.154, 294.62, 100, 74232, 70
2026/07/29 21:05:50.191, 296.37, 100, 74232, 70
2026/07/29 21:05:51.234, 297.04, 100, 74232, 70
2026/07/29 21:05:52.270, 294.94, 100, 74232, 70
2026/07/29 21:05:53.306, 304.26, 100, 74232, 70
2026/07/29 21:05:54.343, 303.61, 100, 74232, 70
2026/07/29 21:05:55.382, 292.67, 100, 74232, 70
2026/07/29 21:05:56.420, 292.58, 100, 74232, 70
2026/07/29 21:05:57.459, 296.08, 100, 74232, 70
2026/07/29 21:05:58.496, 294.71, 100, 74232, 70
2026/07/29 21:05:59.533, 296.87, 100, 74232, 70
2026/07/29 21:06:00.569, 300.76, 100, 74232, 70
2026/07/29 21:06:01.606, 303.66, 100, 74232, 70
2026/07/29 21:06:02.645, 298.25, 100, 74232, 70
2026/07/29 21:06:03.682, 301.35, 100, 74232, 70
2026/07/29 21:06:04.718, 296.08, 100, 74232, 70
2026/07/29 21:06:05.756, 297.81, 100, 74232, 70
2026/07/29 21:06:06.793, 297.35, 100, 74232, 70
2026/07/29 21:06:07.830, 298.60, 100, 74232, 70
2026/07/29 21:06:08.866, 299.18, 100, 74232, 70
2026/07/29 21:06:09.905, 301.30, 100, 74232, 70
2026/07/29 21:06:10.942, 298.44, 100, 74232, 70
2026/07/29 21:06:11.980, 296.66, 100, 74232, 70
2026/07/29 21:06:13.016, 291.13, 100, 74232, 71
2026/07/29 21:06:14.053, 295.95, 100, 74232, 71
2026/07/29 21:06:15.086, 304.81, 100, 74232, 71
2026/07/29 21:06:16.119, 283.73, 100, 74232, 71
2026/07/29 21:06:17.153, 304.43, 100, 74232, 71
2026/07/29 21:06:18.186, 288.88, 100, 74232, 71
2026/07/29 21:06:19.221, 302.60, 100, 74232, 70
2026/07/29 21:06:20.258, 300.38, 100, 74232, 70
2026/07/29 21:06:21.295, 298.11, 100, 74232, 70
2026/07/29 21:06:22.333, 300.55, 100, 74232, 70
2026/07/29 21:06:23.370, 299.27, 100, 74232, 70
2026/07/29 21:06:24.406, 303.54, 100, 74232, 70
2026/07/29 21:06:25.443, 95.24, 0, 74232, 68
2026/07/29 21:06:26.479, 297.86, 100, 74232, 71
2026/07/29 21:06:27.516, 298.19, 100, 74232, 71
2026/07/29 21:06:28.552, 284.67, 100, 74232, 71
2026/07/29 21:06:29.599, 313.57, 100, 74232, 71
2026/07/29 21:06:30.638, 293.54, 100, 74232, 71
2026/07/29 21:06:31.673, 303.84, 100, 74232, 70
2026/07/29 21:06:32.710, 303.57, 100, 74232, 70
2026/07/29 21:06:33.749, 301.40, 100, 74232, 70
2026/07/29 21:06:34.786, 303.55, 100, 74232, 70
2026/07/29 21:06:35.823, 94.79, 0, 74232, 66
2026/07/29 21:06:36.857, 288.31, 100, 74232, 71
2026/07/29 21:06:37.894, 274.00, 100, 74232, 71
2026/07/29 21:06:38.928, 294.32, 100, 74232, 71
2026/07/29 21:06:39.963, 313.48, 100, 74232, 71
2026/07/29 21:06:40.999, 303.86, 100, 74232, 71
2026/07/29 21:06:42.038, 268.01, 100, 74232, 70
2026/07/29 21:06:43.075, 292.67, 100, 74232, 70
2026/07/29 21:06:44.115, 299.08, 100, 74232, 70
2026/07/29 21:06:45.154, 289.47, 100, 74232, 70
2026/07/29 21:06:46.191, 299.29, 100, 74232, 70
2026/07/29 21:06:47.231, 365.05, 0, 74232, 71
2026/07/29 21:06:48.267, 297.89, 100, 74232, 71
2026/07/29 21:06:49.303, 298.75, 100, 74232, 72
2026/07/29 21:06:50.339, 304.07, 100, 74232, 72
2026/07/29 21:06:51.373, 289.17, 100, 74232, 72
2026/07/29 21:06:52.409, 278.64, 100, 74232, 72
2026/07/29 21:06:53.451, 298.71, 100, 74232, 70
2026/07/29 21:06:54.489, 302.99, 100, 74232, 70
2026/07/29 21:06:55.528, 295.03, 100, 74232, 70
2026/07/29 21:06:56.565, 299.20, 81, 74232, 69
2026/07/29 21:06:57.603, 303.83, 100, 74232, 72
2026/07/29 21:06:58.677, 315.51, 100, 74232, 72
2026/07/29 21:06:59.712, 301.50, 100, 74232, 72
2026/07/29 21:07:00.747, 324.46, 100, 74232, 72
2026/07/29 21:07:01.783, 299.57, 100, 74232, 72
2026/07/29 21:07:02.828, 312.71, 100, 74232, 72
2026/07/29 21:07:03.863, 304.32, 100, 74232, 70
2026/07/29 21:07:04.901, 302.15, 100, 74232, 70
2026/07/29 21:07:05.939, 304.13, 100, 74232, 71
2026/07/29 21:07:06.977, 300.17, 100, 74232, 71
2026/07/29 21:07:08.014, 95.44, 0, 74232, 67
2026/07/29 21:07:09.046, 281.91, 100, 74232, 72
2026/07/29 21:07:10.083, 311.35, 100, 74232, 72
2026/07/29 21:07:11.116, 292.20, 100, 74232, 72
2026/07/29 21:07:12.152, 310.60, 100, 74232, 72
2026/07/29 21:07:13.187, 313.99, 100, 74232, 73
2026/07/29 21:07:14.225, 276.55, 100, 74232, 73
2026/07/29 21:07:15.261, 280.29, 100, 74232, 71
2026/07/29 21:07:16.299, 297.64, 100, 74232, 71
2026/07/29 21:07:17.339, 293.92, 100, 74232, 71
2026/07/29 21:07:18.376, 290.53, 100, 74232, 71
2026/07/29 21:07:19.414, 290.43, 100, 74232, 71
2026/07/29 21:07:20.452, 283.79, 100, 74232, 71
2026/07/29 21:07:21.489, 290.52, 100, 74232, 71
2026/07/29 21:07:22.528, 291.11, 100, 74232, 71
2026/07/29 21:07:23.565, 287.52, 100, 74232, 71
2026/07/29 21:07:24.603, 286.36, 100, 74232, 71
2026/07/29 21:07:25.641, 297.94, 100, 74232, 71
2026/07/29 21:07:26.680, 301.89, 100, 74232, 71
2026/07/29 21:07:27.716, 297.45, 100, 74232, 71
2026/07/29 21:07:28.754, 304.72, 100, 74232, 71
2026/07/29 21:07:29.791, 308.93, 100, 74232, 71
2026/07/29 21:07:30.829, 303.86, 100, 74232, 71
2026/07/29 21:07:31.865, 305.10, 100, 74232, 71
2026/07/29 21:07:32.905, 306.65, 100, 74232, 71
2026/07/29 21:07:33.943, 304.16, 100, 74232, 71
2026/07/29 21:07:34.983, 302.22, 100, 74232, 71
2026/07/29 21:07:36.021, 304.52, 100, 74232, 71
2026/07/29 21:07:37.058, 304.23, 100, 74232, 71
2026/07/29 21:07:38.096, 305.41, 100, 74232, 71
2026/07/29 21:07:39.134, 298.91, 100, 74232, 71
2026/07/29 21:07:40.172, 298.02, 100, 74232, 71
2026/07/29 21:07:41.212, 305.00, 100, 74232, 71
2026/07/29 21:07:42.249, 305.04, 100, 74232, 71
2026/07/29 21:07:43.285, 297.92, 100, 74232, 71
2026/07/29 21:07:44.323, 304.60, 100, 74232, 70
2026/07/29 21:07:45.360, 297.73, 100, 74232, 70
2026/07/29 21:07:46.401, 298.25, 100, 74232, 72
2026/07/29 21:07:47.437, 289.08, 100, 74232, 72
2026/07/29 21:07:48.471, 295.82, 100, 74232, 72
2026/07/29 21:07:49.506, 305.40, 100, 74232, 72
2026/07/29 21:07:50.541, 307.81, 100, 74232, 72
2026/07/29 21:07:51.576, 272.33, 100, 74232, 72
2026/07/29 21:07:52.614, 304.62, 100, 74232, 70
2026/07/29 21:07:53.651, 298.43, 100, 74232, 70
2026/07/29 21:07:54.689, 298.99, 100, 74232, 70
2026/07/29 21:07:55.726, 297.36, 100, 74232, 70
2026/07/29 21:07:56.763, 298.70, 100, 74232, 71
2026/07/29 21:07:57.800, 303.29, 100, 74232, 71
2026/07/29 21:07:58.836, 305.89, 100, 74232, 71
2026/07/29 21:07:59.874, 305.20, 100, 74232, 71
2026/07/29 21:08:00.911, 300.44, 100, 74232, 71
2026/07/29 21:08:01.949, 298.71, 100, 74232, 71
2026/07/29 21:08:02.985, 298.90, 100, 74232, 71
2026/07/29 21:08:04.023, 295.87, 100, 74232, 71
2026/07/29 21:08:05.061, 298.21, 100, 74232, 71
2026/07/29 21:08:06.098, 297.92, 100, 74232, 71
2026/07/29 21:08:07.135, 295.60, 100, 74232, 71
2026/07/29 21:08:08.172, 298.79, 100, 74232, 71
2026/07/29 21:08:09.218, 298.89, 100, 74232, 71
2026/07/29 21:08:10.255, 292.19, 100, 74232, 71
2026/07/29 21:08:11.292, 302.47, 100, 74232, 71
2026/07/29 21:08:12.328, 296.17, 100, 74232, 71
2026/07/29 21:08:13.368, 303.75, 100, 74232, 71
2026/07/29 21:08:14.405, 298.01, 100, 74232, 71
2026/07/29 21:08:15.444, 296.55, 100, 74232, 71
2026/07/29 21:08:16.481, 298.60, 100, 74232, 71
2026/07/29 21:08:17.522, 298.23, 100, 74232, 71
2026/07/29 21:08:18.557, 295.68, 100, 74232, 71
2026/07/29 21:08:19.596, 297.72, 100, 74232, 71
2026/07/29 21:08:20.632, 297.93, 100, 74232, 71
2026/07/29 21:08:21.672, 295.00, 100, 74232, 71
2026/07/29 21:08:22.710, 292.67, 100, 74232, 72
2026/07/29 21:08:23.745, 296.78, 100, 74232, 72
2026/07/29 21:08:24.779, 287.62, 100, 74232, 72
2026/07/29 21:08:25.814, 272.14, 100, 74232, 72
2026/07/29 21:08:26.852, 264.37, 100, 74232, 72
2026/07/29 21:08:27.887, 323.97, 100, 74232, 72
2026/07/29 21:08:28.923, 304.06, 100, 74232, 71
2026/07/29 21:08:29.961, 305.80, 100, 74232, 70
2026/07/29 21:08:30.998, 299.47, 100, 74232, 70
2026/07/29 21:08:32.037, 303.94, 100, 74232, 70
2026/07/29 21:08:33.073, 96.51, 11, 74232, 67
2026/07/29 21:08:34.107, 297.29, 100, 74232, 72
2026/07/29 21:08:35.142, 303.14, 100, 74232, 72
2026/07/29 21:08:36.177, 295.69, 100, 74232, 72
2026/07/29 21:08:37.212, 286.62, 100, 74232, 72
2026/07/29 21:08:38.248, 279.71, 100, 74232, 72
2026/07/29 21:08:39.285, 301.60, 100, 74232, 72
2026/07/29 21:08:40.320, 299.50, 100, 74232, 70
2026/07/29 21:08:41.358, 302.10, 100, 74232, 70
2026/07/29 21:08:42.395, 303.26, 100, 74232, 71
2026/07/29 21:08:43.432, 309.85, 100, 74232, 71
2026/07/29 21:08:44.469, 303.35, 100, 74232, 69
2026/07/29 21:08:45.506, 296.06, 100, 74232, 72
2026/07/29 21:08:46.541, 300.82, 100, 74232, 72
2026/07/29 21:08:47.576, 279.83, 100, 74232, 72
2026/07/29 21:08:48.611, 288.49, 100, 74232, 72
2026/07/29 21:08:49.652, 299.08, 100, 74232, 72
2026/07/29 21:08:50.688, 302.15, 100, 74232, 72
2026/07/29 21:08:51.724, 304.52, 100, 74232, 72
2026/07/29 21:08:52.764, 305.61, 100, 74232, 71
2026/07/29 21:08:53.803, 291.20, 100, 74232, 71
2026/07/29 21:08:54.841, 291.60, 100, 74232, 71
2026/07/29 21:08:55.880, 290.24, 100, 74232, 71
2026/07/29 21:08:56.918, 298.80, 100, 74232, 72
2026/07/29 21:08:57.986, 292.89, 100, 74232, 72
2026/07/29 21:08:59.021, 291.68, 100, 74232, 72
2026/07/29 21:09:00.055, 302.57, 100, 74232, 72
2026/07/29 21:09:01.089, 313.60, 100, 74232, 73
2026/07/29 21:09:02.124, 268.48, 100, 74232, 72
2026/07/29 21:09:03.163, 293.18, 100, 74232, 72
2026/07/29 21:09:04.200, 297.23, 100, 74232, 71
2026/07/29 21:09:05.238, 305.72, 100, 74232, 71
2026/07/29 21:09:06.275, 300.83, 85, 74232, 72
2026/07/29 21:09:07.311, 288.96, 100, 74232, 73
2026/07/29 21:09:08.347, 295.11, 100, 74232, 73
2026/07/29 21:09:09.381, 280.02, 100, 74232, 73
2026/07/29 21:09:10.419, 303.96, 100, 74232, 73
2026/07/29 21:09:11.456, 300.94, 100, 74232, 73
2026/07/29 21:09:12.489, 316.99, 100, 74232, 73
2026/07/29 21:09:13.525, 306.12, 100, 74232, 71
2026/07/29 21:09:14.562, 303.36, 100, 74232, 71
2026/07/29 21:09:15.599, 304.15, 100, 74232, 71
2026/07/29 21:09:16.635, 305.53, 100, 74232, 71
2026/07/29 21:09:17.670, 302.49, 100, 74232, 72
2026/07/29 21:09:18.707, 302.02, 100, 74232, 72
2026/07/29 21:09:19.744, 302.80, 100, 74232, 72
2026/07/29 21:09:20.781, 305.91, 100, 74232, 72
2026/07/29 21:09:21.820, 297.91, 100, 74232, 72
2026/07/29 21:09:22.857, 299.96, 100, 74232, 72
2026/07/29 21:09:23.894, 306.98, 100, 74232, 72
2026/07/29 21:09:24.931, 294.61, 100, 74232, 72
2026/07/29 21:09:25.969, 299.77, 100, 74232, 72
2026/07/29 21:09:27.006, 305.41, 100, 74232, 72
2026/07/29 21:09:28.043, 306.99, 100, 74232, 72
2026/07/29 21:09:29.079, 302.02, 100, 74232, 71
2026/07/29 21:09:30.117, 296.46, 100, 74232, 71
2026/07/29 21:09:31.153, 298.42, 100, 74232, 71
2026/07/29 21:09:32.189, 300.05, 100, 74232, 71
2026/07/29 21:09:33.225, 305.68, 100, 74232, 71
2026/07/29 21:09:34.262, 257.66, 100, 74232, 71
2026/07/29 21:09:35.302, 288.39, 100, 74232, 71
2026/07/29 21:09:36.340, 288.10, 100, 74232, 71
2026/07/29 21:09:37.377, 295.61, 100, 74232, 71
2026/07/29 21:09:38.415, 297.64, 100, 74232, 71
2026/07/29 21:09:39.451, 297.34, 100, 74232, 71
2026/07/29 21:09:40.488, 296.08, 100, 74232, 71
2026/07/29 21:09:41.526, 296.75, 100, 74232, 71
2026/07/29 21:09:42.566, 296.67, 100, 74232, 71
2026/07/29 21:09:43.603, 296.27, 100, 74232, 71
2026/07/29 21:09:44.640, 298.42, 100, 74232, 71
2026/07/29 21:09:45.677, 299.49, 100, 74232, 71
2026/07/29 21:09:46.713, 297.45, 100, 74232, 71
2026/07/29 21:09:47.750, 292.27, 100, 74232, 71
2026/07/29 21:09:48.789, 294.93, 100, 74232, 71
2026/07/29 21:09:49.826, 300.73, 100, 74232, 71
2026/07/29 21:09:50.863, 303.17, 100, 74232, 71
2026/07/29 21:09:51.900, 302.66, 100, 74232, 71
2026/07/29 21:09:52.938, 301.92, 100, 74232, 71
2026/07/29 21:09:53.974, 298.50, 100, 74232, 71
2026/07/29 21:09:55.014, 304.13, 100, 74232, 71
2026/07/29 21:09:56.054, 303.49, 100, 74232, 70
2026/07/29 21:09:57.090, 297.25, 100, 74232, 71
2026/07/29 21:09:58.128, 298.02, 100, 74232, 71
2026/07/29 21:09:59.167, 294.04, 100, 74232, 71
2026/07/29 21:10:00.205, 307.68, 100, 74232, 71
2026/07/29 21:10:01.241, 295.20, 100, 74232, 71
2026/07/29 21:10:02.279, 295.88, 100, 74232, 71
2026/07/29 21:10:03.315, 296.77, 100, 74232, 71
2026/07/29 21:10:04.352, 296.55, 100, 74232, 71
2026/07/29 21:10:05.389, 293.37, 100, 74232, 70
2026/07/29 21:10:06.426, 296.68, 100, 74232, 71
2026/07/29 21:10:07.464, 292.28, 100, 74232, 70
2026/07/29 21:10:08.500, 296.66, 100, 74232, 71
2026/07/29 21:10:09.537, 301.05, 100, 74232, 70
2026/07/29 21:10:10.574, 297.16, 100, 74232, 71
2026/07/29 21:10:11.611, 301.32, 100, 74232, 71
2026/07/29 21:10:12.650, 297.23, 100, 74232, 71
2026/07/29 21:10:13.690, 303.57, 100, 74232, 71
2026/07/29 21:10:14.728, 303.65, 100, 74232, 71
2026/07/29 21:10:15.766, 303.95, 100, 74232, 71
2026/07/29 21:10:16.804, 302.13, 100, 74232, 71
2026/07/29 21:10:17.841, 303.76, 100, 74232, 71
2026/07/29 21:10:18.882, 304.43, 100, 74232, 71
2026/07/29 21:10:19.920, 304.33, 100, 74232, 71
2026/07/29 21:10:20.958, 304.53, 100, 74232, 71
2026/07/29 21:10:21.996, 303.38, 100, 74232, 70
2026/07/29 21:10:23.034, 302.67, 100, 74232, 70
2026/07/29 21:10:24.072, 303.96, 100, 74232, 70
2026/07/29 21:10:25.109, 302.87, 100, 74232, 70
2026/07/29 21:10:26.147, 304.42, 100, 74232, 70
2026/07/29 21:10:27.185, 303.38, 100, 74232, 70
2026/07/29 21:10:28.223, 296.97, 100, 74232, 70
2026/07/29 21:10:29.268, 303.45, 100, 74232, 70
2026/07/29 21:10:30.305, 296.08, 100, 74232, 70
2026/07/29 21:10:31.343, 296.10, 100, 74232, 70
2026/07/29 21:10:32.381, 299.18, 100, 74232, 70
2026/07/29 21:10:33.418, 297.45, 100, 74232, 70
2026/07/29 21:10:34.457, 292.39, 100, 74232, 70
2026/07/29 21:10:35.494, 297.35, 100, 74232, 70
2026/07/29 21:10:36.533, 296.86, 100, 74232, 70
2026/07/29 21:10:37.570, 296.87, 100, 74232, 70
2026/07/29 21:10:38.609, 295.31, 100, 74232, 70
2026/07/29 21:10:39.647, 296.18, 100, 74232, 70
2026/07/29 21:10:40.686, 296.08, 100, 74232, 70
2026/07/29 21:10:41.725, 295.48, 100, 74232, 70
2026/07/29 21:10:42.763, 295.89, 100, 74232, 70
2026/07/29 21:10:43.802, 302.01, 100, 74232, 70
2026/07/29 21:10:44.840, 300.94, 100, 74232, 70
2026/07/29 21:10:45.876, 302.97, 100, 74232, 70
2026/07/29 21:10:46.914, 302.48, 100, 74232, 70
2026/07/29 21:10:47.952, 301.50, 100, 74232, 70
2026/07/29 21:10:48.990, 301.89, 100, 74232, 70
2026/07/29 21:10:50.028, 303.14, 100, 74232, 70
2026/07/29 21:10:51.066, 301.73, 100, 74232, 70
2026/07/29 21:10:52.103, 298.41, 100, 74232, 70
2026/07/29 21:10:53.144, 301.72, 100, 74232, 70
2026/07/29 21:10:54.182, 301.20, 100, 74232, 70
2026/07/29 21:10:55.219, 302.00, 100, 74232, 70
2026/07/29 21:10:56.257, 300.37, 100, 74232, 70
2026/07/29 21:10:57.294, 301.99, 100, 74232, 70
2026/07/29 21:10:58.332, 301.89, 100, 74232, 70
2026/07/29 21:10:59.369, 301.88, 100, 74232, 70
2026/07/29 21:11:00.414, 292.39, 100, 74232, 70
2026/07/29 21:11:01.452, 289.45, 100, 74232, 70
2026/07/29 21:11:02.489, 300.73, 100, 74232, 70
2026/07/29 21:11:03.529, 305.29, 100, 74232, 70
2026/07/29 21:11:04.567, 306.11, 100, 74232, 70
2026/07/29 21:11:05.604, 303.91, 100, 74232, 70
2026/07/29 21:11:06.642, 302.96, 100, 74232, 70
2026/07/29 21:11:07.679, 304.13, 100, 74232, 70
2026/07/29 21:11:08.717, 303.94, 100, 74232, 70
2026/07/29 21:11:09.754, 294.92, 100, 74232, 70
2026/07/29 21:11:10.795, 295.49, 100, 74232, 70
2026/07/29 21:11:11.833, 295.01, 100, 74232, 70
2026/07/29 21:11:12.872, 298.11, 100, 74232, 70
2026/07/29 21:11:13.909, 294.91, 100, 74232, 70
2026/07/29 21:11:14.950, 296.27, 100, 74232, 70
2026/07/29 21:11:15.993, 297.51, 100, 74232, 70
2026/07/29 21:11:17.031, 291.21, 100, 74232, 70
2026/07/29 21:11:18.068, 288.68, 100, 74232, 70
2026/07/29 21:11:19.107, 293.93, 100, 74232, 70
2026/07/29 21:11:20.145, 293.94, 100, 74232, 70
2026/07/29 21:11:21.183, 292.85, 100, 74232, 70
2026/07/29 21:11:22.221, 297.85, 100, 74232, 70
2026/07/29 21:11:23.259, 299.10, 100, 74232, 70
2026/07/29 21:11:24.299, 300.81, 100, 74232, 70
2026/07/29 21:11:25.337, 304.27, 100, 74232, 70
2026/07/29 21:11:26.375, 303.65, 100, 74232, 70
2026/07/29 21:11:27.413, 303.79, 100, 74232, 70
2026/07/29 21:11:28.450, 303.29, 100, 74232, 70
2026/07/29 21:11:29.488, 303.27, 100, 74232, 70
2026/07/29 21:11:30.525, 294.89, 100, 74232, 71
2026/07/29 21:11:31.560, 310.67, 100, 74232, 72
2026/07/29 21:11:32.598, 289.25, 100, 74232, 72
2026/07/29 21:11:33.635, 296.37, 100, 74232, 72
2026/07/29 21:11:34.670, 319.87, 100, 74232, 71
2026/07/29 21:11:35.705, 291.62, 100, 74232, 72
2026/07/29 21:11:36.741, 303.68, 100, 74232, 70
2026/07/29 21:11:37.780, 300.34, 100, 74232, 70
2026/07/29 21:11:38.817, 303.36, 100, 74232, 70
2026/07/29 21:11:39.856, 304.33, 100, 74232, 70
2026/07/29 21:11:40.894, 300.46, 100, 74232, 70
2026/07/29 21:11:41.931, 297.63, 32, 74232, 71
2026/07/29 21:11:42.966, 318.25, 100, 74232, 72
2026/07/29 21:11:44.001, 308.50, 100, 74232, 72
2026/07/29 21:11:45.041, 286.76, 100, 74232, 72
2026/07/29 21:11:46.078, 314.05, 100, 74232, 72
2026/07/29 21:11:47.114, 288.48, 100, 74232, 72
2026/07/29 21:11:48.151, 324.24, 100, 74232, 72
2026/07/29 21:11:49.188, 303.84, 100, 74232, 70
2026/07/29 21:11:50.226, 302.78, 100, 74232, 70
2026/07/29 21:11:51.265, 300.26, 100, 74232, 70
2026/07/29 21:11:52.304, 304.84, 100, 74232, 70
2026/07/29 21:11:53.344, 301.35, 100, 74232, 70
2026/07/29 21:11:54.381, 295.87, 100, 74232, 70
2026/07/29 21:11:55.419, 297.93, 100, 74232, 70
2026/07/29 21:11:56.456, 294.40, 100, 74232, 71
2026/07/29 21:11:57.494, 298.20, 100, 74232, 72
2026/07/29 21:11:58.529, 301.33, 100, 74232, 72
2026/07/29 21:11:59.564, 317.20, 100, 74232, 72
2026/07/29 21:12:00.604, 301.12, 100, 74232, 73
2026/07/29 21:12:01.640, 261.04, 100, 74232, 72
2026/07/29 21:12:02.676, 284.60, 100, 74232, 72
2026/07/29 21:12:03.718, 313.91, 100, 74232, 72
2026/07/29 21:12:04.753, 304.35, 100, 74232, 71
2026/07/29 21:12:05.791, 303.58, 100, 74232, 71
2026/07/29 21:12:06.828, 305.44, 100, 74232, 71
2026/07/29 21:12:07.868, 304.53, 100, 74232, 71
2026/07/29 21:12:08.905, 295.77, 100, 74232, 71
2026/07/29 21:12:09.943, 297.94, 100, 74232, 71
2026/07/29 21:12:10.981, 293.74, 100, 74232, 71
2026/07/29 21:12:12.019, 285.97, 100, 74232, 71
2026/07/29 21:12:13.057, 297.93, 100, 74232, 71
2026/07/29 21:12:14.094, 298.91, 100, 74232, 71
2026/07/29 21:12:15.133, 298.23, 100, 74232, 71
2026/07/29 21:12:16.171, 293.44, 100, 74232, 71
2026/07/29 21:12:17.212, 298.88, 100, 74232, 71
2026/07/29 21:12:18.249, 298.21, 100, 74232, 71
2026/07/29 21:12:19.287, 294.31, 100, 74232, 71
2026/07/29 21:12:20.325, 297.52, 100, 74232, 71
2026/07/29 21:12:21.363, 297.14, 100, 74232, 71
2026/07/29 21:12:22.400, 298.79, 100, 74232, 71
2026/07/29 21:12:23.437, 299.66, 100, 74232, 71
2026/07/29 21:12:24.475, 304.05, 100, 74232, 71
2026/07/29 21:12:25.513, 304.42, 100, 74232, 71
2026/07/29 21:12:26.553, 303.93, 100, 74232, 71
2026/07/29 21:12:27.592, 304.13, 100, 74232, 71
2026/07/29 21:12:28.636, 304.21, 100, 74232, 71
2026/07/29 21:12:29.678, 305.01, 100, 74232, 71
2026/07/29 21:12:30.716, 302.00, 100, 74232, 70
2026/07/29 21:12:31.753, 298.12, 100, 74232, 70
2026/07/29 21:12:32.792, 304.25, 100, 74232, 70
2026/07/29 21:12:33.831, 304.67, 100, 74232, 70
2026/07/29 21:12:34.868, 301.04, 100, 74232, 70
2026/07/29 21:12:35.906, 294.64, 100, 74232, 70
2026/07/29 21:12:36.946, 297.35, 100, 74232, 70
2026/07/29 21:12:37.983, 298.03, 100, 74232, 70
2026/07/29 21:12:39.022, 294.82, 100, 74232, 70
2026/07/29 21:12:40.060, 297.15, 100, 74232, 70
2026/07/29 21:12:41.099, 303.06, 100, 74232, 70
2026/07/29 21:12:42.137, 296.36, 100, 74232, 70
2026/07/29 21:12:43.175, 296.85, 100, 74232, 70
2026/07/29 21:12:44.211, 297.24, 100, 74232, 70
2026/07/29 21:12:45.250, 298.99, 100, 74232, 70
2026/07/29 21:12:46.287, 297.43, 100, 74232, 70
2026/07/29 21:12:47.326, 296.57, 100, 74232, 70
2026/07/29 21:12:48.363, 303.48, 100, 74232, 70
2026/07/29 21:12:49.401, 303.30, 100, 74232, 70
2026/07/29 21:12:50.439, 301.90, 100, 74232, 70
2026/07/29 21:12:51.477, 290.43, 100, 74232, 70
2026/07/29 21:12:52.515, 297.12, 100, 74232, 70
2026/07/29 21:12:53.555, 298.81, 100, 74232, 70
2026/07/29 21:12:54.592, 296.56, 100, 74232, 70
2026/07/29 21:12:55.635, 296.45, 100, 74232, 70
2026/07/29 21:12:56.673, 303.45, 100, 74232, 70
2026/07/29 21:12:57.710, 300.37, 100, 74232, 70
2026/07/29 21:12:58.748, 298.21, 100, 74232, 70
2026/07/29 21:12:59.785, 300.65, 100, 74232, 70
2026/07/29 21:13:00.825, 304.91, 100, 74232, 70
2026/07/29 21:13:01.862, 300.65, 100, 74232, 70
2026/07/29 21:13:02.902, 294.13, 100, 74232, 70
2026/07/29 21:13:03.942, 297.52, 100, 74232, 70
2026/07/29 21:13:04.979, 296.66, 100, 74232, 70
2026/07/29 21:13:06.017, 293.66, 100, 74232, 70
2026/07/29 21:13:07.059, 295.41, 100, 74232, 70
2026/07/29 21:13:08.097, 300.54, 100, 74232, 70
2026/07/29 21:13:09.134, 302.41, 100, 74232, 70
2026/07/29 21:13:10.172, 292.37, 100, 74232, 70
2026/07/29 21:13:11.210, 306.45, 100, 74232, 70
2026/07/29 21:13:12.256, 303.29, 100, 74232, 70
2026/07/29 21:13:13.294, 293.43, 100, 74232, 72
2026/07/29 21:13:14.329, 302.00, 100, 74232, 72
2026/07/29 21:13:15.364, 284.79, 100, 74232, 71
2026/07/29 21:13:16.404, 269.14, 100, 74232, 72
2026/07/29 21:13:17.440, 277.64, 100, 74232, 72
2026/07/29 21:13:18.477, 320.01, 100, 74232, 72
2026/07/29 21:13:19.517, 250.19, 100, 74232, 70
2026/07/29 21:13:20.555, 293.07, 100, 74232, 70
2026/07/29 21:13:21.592, 297.23, 100, 74232, 70
2026/07/29 21:13:22.630, 287.03, 100, 74232, 70
2026/07/29 21:13:23.667, 293.84, 100, 74232, 70
2026/07/29 21:13:24.705, 297.94, 100, 74232, 70
2026/07/29 21:13:25.743, 291.20, 100, 74232, 70
2026/07/29 21:13:26.782, 290.71, 100, 74232, 70
2026/07/29 21:13:27.821, 293.54, 100, 74232, 70
2026/07/29 21:13:28.859, 296.56, 100, 74232, 70
2026/07/29 21:13:29.898, 297.46, 100, 74232, 70
2026/07/29 21:13:30.935, 294.98, 100, 74232, 70
2026/07/29 21:13:31.973, 294.91, 100, 74232, 70
2026/07/29 21:13:33.010, 297.07, 100, 74232, 70
2026/07/29 21:13:34.048, 298.12, 100, 74232, 70
2026/07/29 21:13:35.085, 297.56, 100, 74232, 70
2026/07/29 21:13:36.124, 301.14, 100, 74232, 71
2026/07/29 21:13:37.162, 303.06, 100, 74232, 70
2026/07/29 21:13:38.199, 303.93, 100, 74232, 71
2026/07/29 21:13:39.237, 304.16, 100, 74232, 70
2026/07/29 21:13:40.272, 294.91, 100, 74232, 70
2026/07/29 21:13:41.309, 304.06, 100, 74232, 70
2026/07/29 21:13:42.350, 298.42, 100, 74232, 70
2026/07/29 21:13:43.387, 294.42, 100, 74232, 70
2026/07/29 21:13:44.432, 297.82, 100, 74232, 70
2026/07/29 21:13:45.470, 297.12, 100, 74232, 70
2026/07/29 21:13:46.507, 294.11, 100, 74232, 70
2026/07/29 21:13:47.545, 294.12, 100, 74232, 70
2026/07/29 21:13:48.583, 298.12, 100, 74232, 70
2026/07/29 21:13:49.619, 303.07, 100, 74232, 70
2026/07/29 21:13:50.657, 298.02, 100, 74232, 70
2026/07/29 21:13:51.700, 297.53, 100, 74232, 70
2026/07/29 21:13:52.738, 297.83, 100, 74232, 70
2026/07/29 21:13:53.776, 293.05, 100, 74232, 70
2026/07/29 21:13:54.814, 296.07, 100, 74232, 70
2026/07/29 21:13:55.849, 307.37, 100, 74232, 70
2026/07/29 21:13:56.887, 297.54, 100, 74232, 70
2026/07/29 21:13:57.923, 293.92, 100, 74232, 70
2026/07/29 21:13:58.961, 294.49, 100, 74232, 70
2026/07/29 21:13:59.999, 303.35, 100, 74232, 70
2026/07/29 21:14:01.039, 305.14, 100, 74232, 70
2026/07/29 21:14:02.076, 216.29, 81, 74232, 68
2026/07/29 21:14:03.112, 311.14, 100, 74232, 71
2026/07/29 21:14:04.146, 294.82, 100, 74232, 72
2026/07/29 21:14:05.187, 309.83, 100, 74232, 71
2026/07/29 21:14:06.221, 318.83, 100, 74232, 71
2026/07/29 21:14:07.255, 285.46, 100, 74232, 71
2026/07/29 21:14:08.288, 301.04, 100, 74232, 71
2026/07/29 21:14:09.322, 283.50, 100, 74232, 71
2026/07/29 21:14:10.362, 303.56, 100, 74232, 70
2026/07/29 21:14:11.399, 299.50, 100, 74232, 70
2026/07/29 21:14:12.435, 302.41, 100, 74232, 70
2026/07/29 21:14:13.472, 302.29, 100, 74232, 70
2026/07/29 21:14:14.511, 303.76, 100, 74232, 70
2026/07/29 21:14:15.550, 300.18, 100, 74232, 70
2026/07/29 21:14:16.588, 303.85, 100, 74232, 70
2026/07/29 21:14:17.626, 303.68, 100, 74232, 70
2026/07/29 21:14:18.663, 304.34, 100, 74232, 70
2026/07/29 21:14:19.704, 305.38, 100, 74232, 70
2026/07/29 21:14:20.741, 295.09, 100, 74232, 70
2026/07/29 21:14:21.779, 297.05, 100, 74232, 70
2026/07/29 21:14:22.817, 299.08, 100, 74232, 70
2026/07/29 21:14:23.854, 306.37, 100, 74232, 70
2026/07/29 21:14:24.891, 297.71, 100, 74232, 70
2026/07/29 21:14:25.929, 304.06, 100, 74232, 70
2026/07/29 21:14:26.966, 297.79, 47, 74232, 72
2026/07/29 21:14:28.001, 302.20, 100, 74232, 70
2026/07/29 21:14:29.039, 301.14, 100, 74232, 70
2026/07/29 21:14:30.076, 302.79, 100, 74232, 70
2026/07/29 21:14:31.113, 296.08, 100, 74232, 70
2026/07/29 21:14:32.152, 301.43, 100, 74232, 70
2026/07/29 21:14:33.192, 302.22, 100, 74232, 70
2026/07/29 21:14:34.229, 302.99, 100, 74232, 70
2026/07/29 21:14:35.266, 303.87, 100, 74232, 70
2026/07/29 21:14:36.304, 297.90, 100, 74232, 70
2026/07/29 21:14:37.341, 295.10, 100, 74232, 70
2026/07/29 21:14:38.378, 294.55, 100, 74232, 70
2026/07/29 21:14:39.415, 290.85, 100, 74232, 70
2026/07/29 21:14:40.456, 302.02, 100, 74232, 70
2026/07/29 21:14:41.492, 295.99, 100, 74232, 70
2026/07/29 21:14:42.532, 303.57, 100, 74232, 70
2026/07/29 21:14:43.569, 299.86, 100, 74232, 70
2026/07/29 21:14:44.606, 298.31, 100, 74232, 70
2026/07/29 21:14:45.646, 299.48, 100, 74232, 70
2026/07/29 21:14:46.683, 297.94, 100, 74232, 70
2026/07/29 21:14:47.720, 290.25, 100, 74232, 70
2026/07/29 21:14:48.757, 295.19, 100, 74232, 70
2026/07/29 21:14:49.797, 297.72, 100, 74232, 70
2026/07/29 21:14:50.834, 301.33, 100, 74232, 70
2026/07/29 21:14:51.873, 305.88, 100, 74232, 70
2026/07/29 21:14:52.910, 295.21, 100, 74232, 70
2026/07/29 21:14:53.947, 297.13, 100, 74232, 70
2026/07/29 21:14:54.983, 293.45, 100, 74232, 70
2026/07/29 21:14:56.022, 302.02, 100, 74232, 70
2026/07/29 21:14:57.059, 301.14, 100, 74232, 70
2026/07/29 21:14:58.097, 302.19, 100, 74232, 70
2026/07/29 21:14:59.135, 302.36, 100, 74232, 70
2026/07/29 21:15:00.172, 303.76, 100, 74232, 70
2026/07/29 21:15:01.211, 303.66, 100, 74232, 70
2026/07/29 21:15:02.247, 304.24, 100, 74232, 70
2026/07/29 21:15:03.284, 303.75, 100, 74232, 70
2026/07/29 21:15:04.322, 303.94, 100, 74232, 70
2026/07/29 21:15:05.358, 304.37, 100, 74232, 70
2026/07/29 21:15:06.395, 297.92, 100, 74232, 70
2026/07/29 21:15:07.433, 307.28, 100, 74232, 70
2026/07/29 21:15:08.470, 300.17, 100, 74232, 70
2026/07/29 21:15:09.507, 300.62, 100, 74232, 70
2026/07/29 21:15:10.543, 298.96, 100, 74232, 70
2026/07/29 21:15:11.580, 293.24, 100, 74232, 70
2026/07/29 21:15:12.618, 300.36, 100, 74232, 70
2026/07/29 21:15:13.654, 302.59, 100, 74232, 70
2026/07/29 21:15:14.692, 292.07, 100, 74232, 70
2026/07/29 21:15:15.729, 294.41, 100, 74232, 70
2026/07/29 21:15:16.767, 302.03, 100, 74232, 70
2026/07/29 21:15:17.805, 300.46, 100, 74232, 70
2026/07/29 21:15:18.843, 303.00, 100, 74232, 70
2026/07/29 21:15:19.880, 294.70, 100, 74232, 70
2026/07/29 21:15:20.917, 304.52, 100, 74232, 70
2026/07/29 21:15:21.953, 293.84, 100, 74232, 70
2026/07/29 21:15:22.993, 298.50, 100, 74232, 70
2026/07/29 21:15:24.030, 291.98, 100, 74232, 70
2026/07/29 21:15:25.070, 294.33, 100, 74232, 70
2026/07/29 21:15:26.107, 293.15, 100, 74232, 70
2026/07/29 21:15:27.144, 295.00, 100, 74232, 70
2026/07/29 21:15:28.182, 300.63, 100, 74232, 70
2026/07/29 21:15:29.219, 302.21, 100, 74232, 70
2026/07/29 21:15:30.256, 296.76, 100, 74232, 70
2026/07/29 21:15:31.293, 293.53, 100, 74232, 70
2026/07/29 21:15:32.330, 290.33, 100, 74232, 70
2026/07/29 21:15:33.369, 293.64, 100, 74232, 70
2026/07/29 21:15:34.409, 293.45, 100, 74232, 70
2026/07/29 21:15:35.445, 298.12, 100, 74232, 70
2026/07/29 21:15:36.483, 300.95, 100, 74232, 70
2026/07/29 21:15:37.521, 299.56, 100, 74232, 70
2026/07/29 21:15:38.557, 298.21, 100, 74232, 70
2026/07/29 21:15:39.594, 301.03, 100, 74232, 70
2026/07/29 21:15:40.631, 291.50, 100, 74232, 70
2026/07/29 21:15:41.669, 293.13, 100, 74232, 70
2026/07/29 21:15:42.706, 295.58, 100, 74232, 70
2026/07/29 21:15:43.744, 299.20, 100, 74232, 70
2026/07/29 21:15:44.780, 296.96, 100, 74232, 70
2026/07/29 21:15:45.818, 300.05, 100, 74232, 70
2026/07/29 21:15:46.855, 298.21, 100, 74232, 70
2026/07/29 21:15:47.891, 302.19, 100, 74232, 70
2026/07/29 21:15:48.928, 298.49, 100, 74232, 70
2026/07/29 21:15:49.965, 296.46, 100, 74232, 70
2026/07/29 21:15:51.002, 303.26, 100, 74232, 70
2026/07/29 21:15:52.040, 297.45, 100, 74232, 70
2026/07/29 21:15:53.078, 298.22, 100, 74232, 70
2026/07/29 21:15:54.116, 302.52, 100, 74232, 70
2026/07/29 21:15:55.154, 304.35, 100, 74232, 70
2026/07/29 21:15:56.189, 298.20, 100, 74232, 70
2026/07/29 21:15:57.226, 298.61, 100, 74232, 70
2026/07/29 21:15:58.266, 291.20, 100, 74232, 70
2026/07/29 21:15:59.303, 294.21, 100, 74232, 70
2026/07/29 21:16:00.342, 293.55, 100, 74232, 70
2026/07/29 21:16:01.379, 301.22, 100, 74232, 70
2026/07/29 21:16:02.416, 301.63, 100, 74232, 70
2026/07/29 21:16:03.452, 301.92, 100, 74232, 70
2026/07/29 21:16:04.489, 301.62, 100, 74232, 70
2026/07/29 21:16:05.526, 300.07, 100, 74232, 70
2026/07/29 21:16:06.562, 301.91, 100, 74232, 70
2026/07/29 21:16:07.598, 300.82, 100, 74232, 70
2026/07/29 21:16:08.637, 298.97, 100, 74232, 70
2026/07/29 21:16:09.674, 299.27, 100, 74232, 70
2026/07/29 21:16:10.711, 301.83, 100, 74232, 70
2026/07/29 21:16:11.749, 298.40, 100, 74232, 70
2026/07/29 21:16:12.787, 301.20, 100, 74232, 70
2026/07/29 21:16:13.825, 300.06, 100, 74232, 70
2026/07/29 21:16:14.864, 299.79, 100, 74232, 70
2026/07/29 21:16:15.901, 300.47, 100, 74232, 70
2026/07/29 21:16:16.938, 298.33, 100, 74232, 70
2026/07/29 21:16:17.977, 294.31, 100, 74232, 70
2026/07/29 21:16:19.015, 291.20, 100, 74232, 70
2026/07/29 21:16:20.056, 292.21, 100, 74232, 70
2026/07/29 21:16:21.094, 300.86, 100, 74232, 70
2026/07/29 21:16:22.135, 294.52, 100, 74232, 72
2026/07/29 21:16:23.171, 298.70, 100, 74232, 72
2026/07/29 21:16:24.213, 284.05, 100, 74232, 72
2026/07/29 21:16:25.248, 301.87, 100, 74232, 72
2026/07/29 21:16:26.284, 286.17, 100, 74232, 72
2026/07/29 21:16:27.321, 284.58, 100, 74232, 72
2026/07/29 21:16:28.357, 291.91, 100, 74232, 70
2026/07/29 21:16:29.394, 298.91, 100, 74232, 70
2026/07/29 21:16:30.431, 302.89, 100, 74232, 70
2026/07/29 21:16:31.469, 304.92, 100, 74232, 70
2026/07/29 21:16:32.507, 300.07, 100, 74232, 70
2026/07/29 21:16:33.545, 303.65, 100, 74232, 70
2026/07/29 21:16:34.583, 307.61, 100, 74232, 70
2026/07/29 21:16:35.624, 300.83, 100, 74232, 70
2026/07/29 21:16:36.662, 303.19, 100, 74232, 70
2026/07/29 21:16:37.701, 304.61, 100, 74232, 70
2026/07/29 21:16:38.740, 304.52, 100, 74232, 70
2026/07/29 21:16:39.778, 302.70, 100, 74232, 70
2026/07/29 21:16:40.817, 304.05, 100, 74232, 70
2026/07/29 21:16:41.854, 304.81, 100, 74232, 70
2026/07/29 21:16:42.894, 302.59, 100, 74232, 70
2026/07/29 21:16:43.931, 95.44, 0, 74232, 67
2026/07/29 21:16:44.964, 304.90, 100, 74232, 72
2026/07/29 21:16:46.000, 300.92, 100, 74232, 72
2026/07/29 21:16:47.035, 312.27, 100, 74232, 72
2026/07/29 21:16:48.070, 297.53, 100, 74232, 72
2026/07/29 21:16:49.109, 300.66, 100, 74232, 72
2026/07/29 21:16:50.144, 309.16, 100, 74232, 72
2026/07/29 21:16:51.179, 304.35, 100, 74232, 70
2026/07/29 21:16:52.217, 302.76, 100, 74232, 70
2026/07/29 21:16:53.255, 298.89, 100, 74232, 70
2026/07/29 21:16:54.293, 298.42, 100, 74232, 70
2026/07/29 21:16:55.330, 294.13, 100, 74232, 70
2026/07/29 21:16:56.368, 295.88, 100, 74232, 70
2026/07/29 21:16:57.405, 297.34, 100, 74232, 70
2026/07/29 21:16:58.443, 293.95, 100, 74232, 70
2026/07/29 21:16:59.482, 297.71, 100, 74232, 70
2026/07/29 21:17:00.520, 298.30, 100, 74232, 71
2026/07/29 21:17:01.558, 293.75, 100, 74232, 70
2026/07/29 21:17:02.596, 297.14, 100, 74232, 71
2026/07/29 21:17:03.633, 304.71, 100, 74232, 71
2026/07/29 21:17:04.671, 296.96, 100, 74232, 72
2026/07/29 21:17:05.709, 279.59, 100, 74232, 72
2026/07/29 21:17:06.745, 302.50, 100, 74232, 72
2026/07/29 21:17:07.780, 298.83, 100, 74232, 72
2026/07/29 21:17:08.817, 295.87, 100, 74232, 72
2026/07/29 21:17:09.860, 288.97, 100, 74232, 72
2026/07/29 21:17:10.895, 292.77, 100, 74232, 70
2026/07/29 21:17:11.932, 292.30, 100, 74232, 70
2026/07/29 21:17:12.974, 296.27, 100, 74232, 70
2026/07/29 21:17:14.014, 294.52, 100, 74232, 70
2026/07/29 21:17:15.051, 300.71, 100, 74232, 70
2026/07/29 21:17:16.089, 303.37, 100, 74232, 70
2026/07/29 21:17:17.127, 304.76, 100, 74232, 71
2026/07/29 21:17:18.165, 304.81, 100, 74232, 71
2026/07/29 21:17:19.202, 303.45, 100, 74232, 71
2026/07/29 21:17:20.240, 304.84, 100, 74232, 71
2026/07/29 21:17:21.278, 305.33, 100, 74232, 71
2026/07/29 21:17:22.319, 303.00, 100, 74232, 71
2026/07/29 21:17:23.356, 304.43, 100, 74232, 71
2026/07/29 21:17:24.393, 299.21, 100, 74232, 71
2026/07/29 21:17:25.429, 300.56, 100, 74232, 71
2026/07/29 21:17:26.467, 303.77, 100, 74232, 71
2026/07/29 21:17:27.504, 305.11, 100, 74232, 71
2026/07/29 21:17:28.542, 305.24, 100, 74232, 71
2026/07/29 21:17:29.579, 296.06, 100, 74232, 70
2026/07/29 21:17:30.618, 297.54, 100, 74232, 70
2026/07/29 21:17:31.659, 305.59, 100, 74232, 70
2026/07/29 21:17:32.696, 298.91, 100, 74232, 70
2026/07/29 21:17:33.735, 297.25, 100, 74232, 70
2026/07/29 21:17:34.773, 297.36, 100, 74232, 70
2026/07/29 21:17:35.812, 300.44, 100, 74232, 70
2026/07/29 21:17:36.850, 296.17, 100, 74232, 70
2026/07/29 21:17:37.890, 302.96, 100, 74232, 70
2026/07/29 21:17:38.928, 306.76, 100, 74232, 70
2026/07/29 21:17:39.965, 299.48, 100, 74232, 70
2026/07/29 21:17:41.003, 295.70, 100, 74232, 70
2026/07/29 21:17:42.043, 297.43, 100, 74232, 70
2026/07/29 21:17:43.080, 301.60, 100, 74232, 70
2026/07/29 21:17:44.118, 302.18, 100, 74232, 70
2026/07/29 21:17:45.156, 303.83, 100, 74232, 70
2026/07/29 21:17:46.193, 292.49, 100, 74232, 70
2026/07/29 21:17:47.231, 295.69, 100, 74232, 70
2026/07/29 21:17:48.269, 295.96, 100, 74232, 70
2026/07/29 21:17:49.310, 304.16, 100, 74232, 70
2026/07/29 21:17:50.348, 96.03, 17, 74232, 67
2026/07/29 21:17:51.381, 309.16, 100, 74232, 72
2026/07/29 21:17:52.415, 311.01, 100, 74232, 71
2026/07/29 21:17:53.450, 290.99, 100, 74232, 72
2026/07/29 21:17:54.490, 275.21, 100, 74232, 72
2026/07/29 21:17:55.525, 316.55, 100, 74232, 71
2026/07/29 21:17:56.560, 281.71, 100, 74232, 72
2026/07/29 21:17:57.597, 270.51, 100, 74232, 70
2026/07/29 21:17:58.636, 296.16, 100, 74232, 70
2026/07/29 21:17:59.675, 288.77, 100, 74232, 70
2026/07/29 21:18:00.714, 291.89, 100, 74232, 70
2026/07/29 21:18:01.756, 300.15, 100, 74232, 70
2026/07/29 21:18:02.794, 296.85, 100, 74232, 70
2026/07/29 21:18:03.831, 295.30, 100, 74232, 70
2026/07/29 21:18:04.873, 296.57, 100, 74232, 70
2026/07/29 21:18:05.912, 294.13, 100, 74232, 70
2026/07/29 21:18:06.949, 293.46, 100, 74232, 71
2026/07/29 21:18:07.987, 307.92, 100, 74232, 71
2026/07/29 21:18:09.026, 294.23, 100, 74232, 70
2026/07/29 21:18:10.064, 304.09, 100, 74232, 71
2026/07/29 21:18:11.102, 304.05, 100, 74232, 71
2026/07/29 21:18:12.140, 293.93, 100, 74232, 72
2026/07/29 21:18:13.176, 285.24, 100, 74232, 72
2026/07/29 21:18:14.212, 288.50, 100, 74232, 72
2026/07/29 21:18:15.249, 273.92, 100, 74232, 72
2026/07/29 21:18:16.290, 314.48, 100, 74232, 72
2026/07/29 21:18:17.326, 307.11, 100, 74232, 72
2026/07/29 21:18:18.362, 300.73, 100, 74232, 71
2026/07/29 21:18:19.400, 296.95, 100, 74232, 70
2026/07/29 21:18:20.437, 304.32, 100, 74232, 70
2026/07/29 21:18:21.474, 303.98, 100, 74232, 71
2026/07/29 21:18:22.511, 304.26, 100, 74232, 71
2026/07/29 21:18:23.546, 304.42, 100, 74232, 71
2026/07/29 21:18:24.581, 306.01, 100, 74232, 71
2026/07/29 21:18:25.617, 302.58, 100, 74232, 71
2026/07/29 21:18:26.657, 303.84, 100, 74232, 71
2026/07/29 21:18:27.694, 305.39, 100, 74232, 71
2026/07/29 21:18:28.731, 300.18, 100, 74232, 71
2026/07/29 21:18:29.767, 303.65, 100, 74232, 71
2026/07/29 21:18:30.809, 298.33, 100, 74232, 71
2026/07/29 21:18:31.846, 298.42, 100, 74232, 71
2026/07/29 21:18:32.883, 296.26, 100, 74232, 71
2026/07/29 21:18:33.927, 295.33, 100, 74232, 71
2026/07/29 21:18:34.964, 297.45, 100, 74232, 71
2026/07/29 21:18:36.000, 300.47, 100, 74232, 70
2026/07/29 21:18:37.037, 301.81, 100, 74232, 70
2026/07/29 21:18:38.074, 297.45, 100, 74232, 70
2026/07/29 21:18:39.111, 303.64, 100, 74232, 71
2026/07/29 21:18:40.153, 305.19, 100, 74232, 70
2026/07/29 21:18:41.192, 294.64, 100, 74232, 70
2026/07/29 21:18:42.230, 296.84, 100, 74232, 70
2026/07/29 21:18:43.270, 297.25, 100, 74232, 70
2026/07/29 21:18:44.307, 293.19, 100, 74232, 70
2026/07/29 21:18:45.344, 306.06, 100, 74232, 70
2026/07/29 21:18:46.385, 298.99, 100, 74232, 70
2026/07/29 21:18:47.422, 302.70, 100, 74232, 70
2026/07/29 21:18:48.460, 300.84, 100, 74232, 70
2026/07/29 21:18:49.496, 294.73, 100, 74232, 70
2026/07/29 21:18:50.535, 296.49, 100, 74232, 70
2026/07/29 21:18:51.572, 304.02, 100, 74232, 70
2026/07/29 21:18:52.608, 291.34, 100, 74232, 70
2026/07/29 21:18:53.646, 299.96, 100, 74232, 70
2026/07/29 21:18:54.685, 302.77, 100, 74232, 70
2026/07/29 21:18:55.721, 301.72, 100, 74232, 70
2026/07/29 21:18:56.761, 305.23, 100, 74232, 70
2026/07/29 21:18:57.798, 300.72, 100, 74232, 70
2026/07/29 21:18:58.837, 303.44, 100, 74232, 70
2026/07/29 21:18:59.873, 296.07, 100, 74232, 70
2026/07/29 21:19:00.910, 293.56, 100, 74232, 70
2026/07/29 21:19:01.945, 293.84, 100, 74232, 70
2026/07/29 21:19:02.990, 294.42, 100, 74232, 70
2026/07/29 21:19:04.028, 296.36, 100, 74232, 70
2026/07/29 21:19:05.065, 297.54, 100, 74232, 70
2026/07/29 21:19:06.103, 295.98, 100, 74232, 70
2026/07/29 21:19:07.140, 295.87, 100, 74232, 70
2026/07/29 21:19:08.176, 303.65, 100, 74232, 70
2026/07/29 21:19:09.213, 306.27, 100, 74232, 70
2026/07/29 21:19:10.249, 308.06, 100, 74232, 70
2026/07/29 21:19:11.286, 302.02, 100, 74232, 70
2026/07/29 21:19:12.322, 303.27, 100, 74232, 70
2026/07/29 21:19:13.358, 304.07, 100, 74232, 70
2026/07/29 21:19:14.394, 299.18, 100, 74232, 70
2026/07/29 21:19:15.433, 295.01, 100, 74232, 70
2026/07/29 21:19:16.470, 297.73, 100, 74232, 70
2026/07/29 21:19:17.507, 297.45, 100, 74232, 70
2026/07/29 21:19:18.544, 299.98, 100, 74232, 70
2026/07/29 21:19:19.583, 303.08, 100, 74232, 70
2026/07/29 21:19:20.620, 297.12, 100, 74232, 70
2026/07/29 21:19:21.658, 292.29, 100, 74232, 70
2026/07/29 21:19:22.695, 296.09, 100, 74232, 70
2026/07/29 21:19:23.732, 300.14, 100, 74232, 70
2026/07/29 21:19:24.770, 304.37, 100, 74232, 70
2026/07/29 21:19:25.806, 303.28, 100, 74232, 70
2026/07/29 21:19:26.848, 297.83, 100, 74232, 70
2026/07/29 21:19:27.885, 295.89, 100, 74232, 70
2026/07/29 21:19:28.922, 289.28, 100, 74232, 70
2026/07/29 21:19:29.957, 295.29, 100, 74232, 70
2026/07/29 21:19:30.994, 295.59, 100, 74232, 70
2026/07/29 21:19:32.031, 299.79, 100, 74232, 70
2026/07/29 21:19:33.068, 296.56, 100, 74232, 70
2026/07/29 21:19:34.105, 302.29, 100, 74232, 70
2026/07/29 21:19:35.143, 295.38, 100, 74232, 70
2026/07/29 21:19:36.180, 297.34, 100, 74232, 70
2026/07/29 21:19:37.217, 293.64, 100, 74232, 70
2026/07/29 21:19:38.253, 298.91, 100, 74232, 70
2026/07/29 21:19:39.289, 302.96, 100, 74232, 70
2026/07/29 21:19:40.325, 304.28, 100, 74232, 70
2026/07/29 21:19:41.361, 299.96, 100, 74232, 70
2026/07/29 21:19:42.399, 294.33, 100, 74232, 70
2026/07/29 21:19:43.435, 297.64, 100, 74232, 70
2026/07/29 21:19:44.474, 303.78, 100, 74232, 70
2026/07/29 21:19:45.511, 297.54, 100, 74232, 70
2026/07/29 21:19:46.548, 294.53, 100, 74232, 70
2026/07/29 21:19:47.585, 295.88, 100, 74232, 70
2026/07/29 21:19:48.621, 302.48, 100, 74232, 70
2026/07/29 21:19:49.660, 304.15, 100, 74232, 70
2026/07/29 21:19:50.697, 295.39, 100, 74232, 70
2026/07/29 21:19:51.735, 295.50, 100, 74232, 70
2026/07/29 21:19:52.771, 292.49, 100, 74232, 70
2026/07/29 21:19:53.809, 297.05, 100, 74232, 70
2026/07/29 21:19:54.845, 300.44, 100, 74232, 70
2026/07/29 21:19:55.880, 300.95, 100, 74232, 70
2026/07/29 21:19:56.917, 303.76, 100, 74232, 70
2026/07/29 21:19:57.955, 303.89, 100, 74232, 70
2026/07/29 21:19:58.992, 303.77, 100, 74232, 70
2026/07/29 21:20:00.031, 306.21, 100, 74232, 70
2026/07/29 21:20:01.070, 300.97, 100, 74232, 70
2026/07/29 21:20:02.108, 302.87, 100, 74232, 70
2026/07/29 21:20:03.145, 301.42, 100, 74232, 70
2026/07/29 21:20:04.182, 297.73, 100, 74232, 70
2026/07/29 21:20:05.218, 304.81, 100, 74232, 70
2026/07/29 21:20:06.254, 299.96, 100, 74232, 70
2026/07/29 21:20:07.291, 303.29, 100, 74232, 70
2026/07/29 21:20:08.327, 304.52, 100, 74232, 70
2026/07/29 21:20:09.364, 304.32, 100, 74232, 70
2026/07/29 21:20:10.400, 304.42, 100, 74232, 70
2026/07/29 21:20:11.437, 301.25, 100, 74232, 70
2026/07/29 21:20:12.474, 300.76, 100, 74232, 70
2026/07/29 21:20:13.512, 300.44, 100, 74232, 70
2026/07/29 21:20:14.550, 297.35, 100, 74232, 70
2026/07/29 21:20:15.589, 297.14, 100, 74232, 70
2026/07/29 21:20:16.627, 292.95, 100, 74232, 70
2026/07/29 21:20:17.667, 291.42, 100, 74232, 70
2026/07/29 21:20:18.705, 294.40, 100, 74232, 70
2026/07/29 21:20:19.743, 300.35, 100, 74232, 70
2026/07/29 21:20:20.782, 297.83, 100, 74232, 70
2026/07/29 21:20:21.819, 297.55, 100, 74232, 70
2026/07/29 21:20:22.861, 289.45, 100, 74232, 70
2026/07/29 21:20:23.901, 295.78, 100, 74232, 70
2026/07/29 21:20:24.938, 295.58, 100, 74232, 70
2026/07/29 21:20:25.978, 297.34, 100, 74232, 70
2026/07/29 21:20:27.015, 289.65, 100, 74232, 70
2026/07/29 21:20:28.053, 296.96, 100, 74232, 70
2026/07/29 21:20:29.091, 296.08, 100, 74232, 70
2026/07/29 21:20:30.130, 297.15, 100, 74232, 70
2026/07/29 21:20:31.172, 296.47, 100, 74232, 70
2026/07/29 21:20:32.210, 301.43, 100, 74232, 70
2026/07/29 21:20:33.247, 302.99, 100, 74232, 70
2026/07/29 21:20:34.285, 300.05, 100, 74232, 70
2026/07/29 21:20:35.322, 304.34, 100, 74232, 70
2026/07/29 21:20:36.359, 302.31, 100, 74232, 70
2026/07/29 21:20:37.396, 294.43, 100, 74232, 70
2026/07/29 21:20:38.434, 293.93, 100, 74232, 70
2026/07/29 21:20:39.472, 302.97, 100, 74232, 70
2026/07/29 21:20:40.510, 304.27, 100, 74232, 70
2026/07/29 21:20:41.547, 304.15, 100, 74232, 70
2026/07/29 21:20:42.584, 304.45, 100, 74232, 70
2026/07/29 21:20:43.621, 300.61, 100, 74232, 70
2026/07/29 21:20:44.662, 303.07, 100, 74232, 70
2026/07/29 21:20:45.700, 298.80, 100, 74232, 70
2026/07/29 21:20:46.737, 297.04, 100, 74232, 70
2026/07/29 21:20:47.775, 300.84, 100, 74232, 70
2026/07/29 21:20:48.812, 297.04, 100, 74232, 70
2026/07/29 21:20:49.849, 302.01, 100, 74232, 70
2026/07/29 21:20:50.886, 301.49, 100, 74232, 70
2026/07/29 21:20:51.924, 293.95, 100, 74232, 70
2026/07/29 21:20:52.961, 297.45, 100, 74232, 70
2026/07/29 21:20:53.999, 304.36, 100, 74232, 70
2026/07/29 21:20:55.037, 299.78, 100, 74232, 70
2026/07/29 21:20:56.075, 295.49, 100, 74232, 70
2026/07/29 21:20:57.113, 295.79, 100, 74232, 70
2026/07/29 21:20:58.151, 296.75, 100, 74232, 70
2026/07/29 21:20:59.188, 298.32, 100, 74232, 70
2026/07/29 21:21:00.226, 299.10, 100, 74232, 70
2026/07/29 21:21:01.263, 293.43, 100, 74232, 70
2026/07/29 21:21:02.302, 293.94, 100, 74232, 70
2026/07/29 21:21:03.339, 300.85, 100, 74232, 70
2026/07/29 21:21:04.377, 301.43, 100, 74232, 70
2026/07/29 21:21:05.414, 304.75, 100, 74232, 70
2026/07/29 21:21:06.452, 303.78, 100, 74232, 70
2026/07/29 21:21:07.489, 304.81, 100, 74232, 70
2026/07/29 21:21:08.531, 299.96, 100, 74232, 70
2026/07/29 21:21:09.568, 308.44, 100, 74232, 70
2026/07/29 21:21:10.606, 302.45, 100, 74232, 70
2026/07/29 21:21:11.645, 303.96, 100, 74232, 70
2026/07/29 21:21:12.683, 292.58, 100, 74232, 70
2026/07/29 21:21:13.723, 296.75, 100, 74232, 70
2026/07/29 21:21:14.764, 297.83, 100, 74232, 70
2026/07/29 21:21:15.801, 293.75, 100, 74232, 70
2026/07/29 21:21:16.839, 292.98, 100, 74232, 70
2026/07/29 21:21:17.877, 298.72, 100, 74232, 70
2026/07/29 21:21:18.919, 298.60, 100, 74232, 70
2026/07/29 21:21:19.956, 295.58, 100, 74232, 70
2026/07/29 21:21:20.995, 297.16, 100, 74232, 70
2026/07/29 21:21:22.034, 296.65, 100, 74232, 70
2026/07/29 21:21:23.072, 297.05, 100, 74232, 70
2026/07/29 21:21:24.116, 292.48, 100, 74232, 70
2026/07/29 21:21:25.155, 297.03, 100, 74232, 70
2026/07/29 21:21:26.193, 301.99, 100, 74232, 70
2026/07/29 21:21:27.234, 303.86, 100, 74232, 70
2026/07/29 21:21:28.271, 298.80, 100, 74232, 70
2026/07/29 21:21:29.309, 304.07, 100, 74232, 70
2026/07/29 21:21:30.348, 303.77, 100, 74232, 70
2026/07/29 21:21:31.386, 297.13, 100, 74232, 70
2026/07/29 21:21:32.424, 291.02, 100, 74232, 69
2026/07/29 21:21:33.462, 299.67, 100, 74232, 70
2026/07/29 21:21:34.499, 303.96, 100, 74232, 70
2026/07/29 21:21:35.538, 296.97, 100, 74232, 70
2026/07/29 21:21:36.575, 293.36, 100, 74232, 70
2026/07/29 21:21:37.616, 302.66, 100, 74232, 70
2026/07/29 21:21:38.654, 295.98, 100, 74232, 70
2026/07/29 21:21:39.693, 296.16, 100, 74232, 70
2026/07/29 21:21:40.730, 293.94, 100, 74232, 70
2026/07/29 21:21:41.773, 299.38, 100, 74232, 70
2026/07/29 21:21:42.811, 294.52, 100, 74232, 70
2026/07/29 21:21:43.852, 295.88, 100, 74232, 70
2026/07/29 21:21:44.892, 296.94, 100, 74232, 70
2026/07/29 21:21:45.930, 301.90, 100, 74232, 70
2026/07/29 21:21:46.968, 297.34, 100, 74232, 70
2026/07/29 21:21:48.007, 301.42, 100, 74232, 70
2026/07/29 21:21:49.045, 304.43, 100, 74232, 70
2026/07/29 21:21:50.083, 299.69, 100, 74232, 70
2026/07/29 21:21:51.121, 302.68, 100, 74232, 70
2026/07/29 21:21:52.159, 294.52, 100, 74232, 70
2026/07/29 21:21:53.197, 292.97, 100, 74232, 70
2026/07/29 21:21:54.238, 296.94, 100, 74232, 70
2026/07/29 21:21:55.276, 304.07, 100, 74232, 70
2026/07/29 21:21:56.314, 300.67, 100, 74232, 70
2026/07/29 21:21:57.351, 295.02, 100, 74232, 70
2026/07/29 21:21:58.389, 304.06, 100, 74232, 70
2026/07/29 21:21:59.427, 300.66, 100, 74232, 70
2026/07/29 21:22:00.466, 302.58, 100, 74232, 70
2026/07/29 21:22:01.504, 294.41, 100, 74232, 70
2026/07/29 21:22:02.542, 296.18, 100, 74232, 70
2026/07/29 21:22:03.581, 304.16, 100, 74232, 70
2026/07/29 21:22:04.619, 302.50, 100, 74232, 70
2026/07/29 21:22:05.655, 300.95, 100, 74232, 70
2026/07/29 21:22:06.693, 300.55, 100, 74232, 70
2026/07/29 21:22:07.731, 303.35, 100, 74232, 70
2026/07/29 21:22:08.769, 301.59, 100, 74232, 70
2026/07/29 21:22:09.806, 295.90, 100, 74232, 70
2026/07/29 21:22:10.843, 297.64, 100, 74232, 69
2026/07/29 21:22:11.880, 296.47, 100, 74232, 69
2026/07/29 21:22:12.916, 297.25, 100, 74232, 69
2026/07/29 21:22:13.954, 292.18, 100, 74232, 69
2026/07/29 21:22:14.991, 297.15, 100, 74232, 69
2026/07/29 21:22:16.029, 292.98, 100, 74232, 69
2026/07/29 21:22:17.067, 295.69, 100, 74232, 69
2026/07/29 21:22:18.104, 302.00, 100, 74232, 70
2026/07/29 21:22:19.142, 302.77, 100, 74232, 69
2026/07/29 21:22:20.179, 303.45, 100, 74232, 70
2026/07/29 21:22:21.216, 304.07, 100, 74232, 70
2026/07/29 21:22:22.253, 303.67, 100, 74232, 69
2026/07/29 21:22:23.291, 307.71, 100, 74232, 70
2026/07/29 21:22:24.327, 300.63, 100, 74232, 69
2026/07/29 21:22:25.366, 291.51, 100, 74232, 69
2026/07/29 21:22:26.402, 296.17, 100, 74232, 69
2026/07/29 21:22:27.440, 295.60, 100, 74232, 70
2026/07/29 21:22:28.477, 293.94, 100, 74232, 70
2026/07/29 21:22:29.514, 299.69, 100, 74232, 70
2026/07/29 21:22:30.551, 303.37, 100, 74232, 70
2026/07/29 21:22:31.588, 300.65, 100, 74232, 70
2026/07/29 21:22:32.624, 303.66, 100, 74232, 70
2026/07/29 21:22:33.662, 304.51, 100, 74232, 70
2026/07/29 21:22:34.698, 301.34, 100, 74232, 70
2026/07/29 21:22:35.736, 297.45, 100, 74232, 70
2026/07/29 21:22:36.775, 292.57, 100, 74232, 70
2026/07/29 21:22:37.819, 296.06, 100, 74232, 70
2026/07/29 21:22:38.859, 294.81, 100, 74232, 70
2026/07/29 21:22:39.897, 296.36, 100, 74232, 70
2026/07/29 21:22:40.943, 303.15, 100, 74232, 70
2026/07/29 21:22:41.986, 293.26, 100, 74232, 70
2026/07/29 21:22:43.024, 297.34, 100, 74232, 70
2026/07/29 21:22:44.065, 305.04, 100, 74232, 70
2026/07/29 21:22:45.102, 302.32, 100, 74232, 70
2026/07/29 21:22:46.144, 293.93, 100, 74232, 70
2026/07/29 21:22:47.182, 297.04, 100, 74232, 70
2026/07/29 21:22:48.220, 295.58, 100, 74232, 70
2026/07/29 21:22:49.257, 296.36, 100, 74232, 70
2026/07/29 21:22:50.296, 296.67, 100, 74232, 70
2026/07/29 21:22:51.334, 304.93, 100, 74232, 70
2026/07/29 21:22:52.372, 304.24, 100, 74232, 70
2026/07/29 21:22:53.410, 304.71, 100, 74232, 70
2026/07/29 21:22:54.449, 301.44, 100, 74232, 70
2026/07/29 21:22:55.486, 301.43, 100, 74232, 70
2026/07/29 21:22:56.523, 293.07, 100, 74232, 70
2026/07/29 21:22:57.560, 297.25, 100, 74232, 70
2026/07/29 21:22:58.597, 301.14, 100, 74232, 70
2026/07/29 21:22:59.635, 294.59, 100, 74232, 70
2026/07/29 21:23:00.674, 295.40, 100, 74232, 70
2026/07/29 21:23:01.712, 295.21, 100, 74232, 70
2026/07/29 21:23:02.749, 295.69, 100, 74232, 70
2026/07/29 21:23:03.789, 296.08, 100, 74232, 70
2026/07/29 21:23:04.827, 294.93, 100, 74232, 70
2026/07/29 21:23:05.866, 296.28, 100, 74232, 70
2026/07/29 21:23:06.905, 296.56, 100, 74232, 70
2026/07/29 21:23:07.943, 298.32, 100, 74232, 70
2026/07/29 21:23:08.981, 296.75, 100, 74232, 70
2026/07/29 21:23:10.019, 297.51, 100, 74232, 70
2026/07/29 21:23:11.056, 297.34, 100, 74232, 70
2026/07/29 21:23:12.094, 295.02, 100, 74232, 71
2026/07/29 21:23:13.130, 302.97, 100, 74232, 72
2026/07/29 21:23:14.167, 279.54, 100, 74232, 71
2026/07/29 21:23:15.202, 304.89, 100, 74232, 72
2026/07/29 21:23:16.244, 305.86, 100, 74232, 72
2026/07/29 21:23:17.279, 290.99, 100, 74232, 71
2026/07/29 21:23:18.314, 298.14, 100, 74232, 72
2026/07/29 21:23:19.350, 303.38, 100, 74232, 70
2026/07/29 21:23:20.387, 303.97, 100, 74232, 70
2026/07/29 21:23:21.426, 301.21, 100, 74232, 70
2026/07/29 21:23:22.463, 301.42, 100, 74232, 70
2026/07/29 21:23:23.500, 301.81, 100, 74232, 70
2026/07/29 21:23:24.538, 295.33, 100, 74232, 70
2026/07/29 21:23:25.575, 296.55, 100, 74232, 70
2026/07/29 21:23:26.612, 295.80, 100, 74232, 70
2026/07/29 21:23:27.650, 298.57, 100, 74232, 72
2026/07/29 21:23:28.685, 284.24, 100, 74232, 72
2026/07/29 21:23:29.720, 305.73, 100, 74232, 72
2026/07/29 21:23:30.755, 296.16, 100, 74232, 72
2026/07/29 21:23:31.790, 284.67, 100, 74232, 72
2026/07/29 21:23:32.825, 300.17, 100, 74232, 72
2026/07/29 21:23:33.863, 302.69, 100, 74232, 72
2026/07/29 21:23:34.898, 303.10, 100, 74232, 70
2026/07/29 21:23:35.936, 304.65, 100, 74232, 70
2026/07/29 21:23:36.973, 304.92, 100, 74232, 70
2026/07/29 21:23:38.011, 307.17, 100, 74232, 71
2026/07/29 21:23:39.049, 300.44, 100, 74232, 71
2026/07/29 21:23:40.087, 305.12, 100, 74232, 71
2026/07/29 21:23:41.124, 298.69, 100, 74232, 71
2026/07/29 21:23:42.162, 293.54, 100, 74232, 71
2026/07/29 21:23:43.200, 296.88, 100, 74232, 71
2026/07/29 21:23:44.240, 296.66, 100, 74232, 71
2026/07/29 21:23:45.277, 291.60, 100, 74232, 71
2026/07/29 21:23:46.330, 294.13, 100, 74232, 71
2026/07/29 21:23:47.368, 295.18, 100, 74232, 71
2026/07/29 21:23:48.407, 307.85, 100, 74232, 71
2026/07/29 21:23:49.447, 302.62, 100, 74232, 71
2026/07/29 21:23:50.486, 306.50, 100, 74232, 71
2026/07/29 21:23:51.523, 300.16, 100, 74232, 71
2026/07/29 21:23:52.562, 298.12, 100, 74232, 71
2026/07/29 21:23:53.599, 298.51, 100, 74232, 71
2026/07/29 21:23:54.636, 295.30, 100, 74232, 71
2026/07/29 21:23:55.675, 298.01, 100, 74232, 71
2026/07/29 21:23:56.713, 291.90, 100, 74232, 71
2026/07/29 21:23:57.753, 292.86, 100, 74232, 71
2026/07/29 21:23:58.790, 293.63, 100, 74232, 71
2026/07/29 21:23:59.828, 296.75, 100, 74232, 71
2026/07/29 21:24:00.866, 298.22, 100, 74232, 70
2026/07/29 21:24:01.904, 294.05, 100, 74232, 71
2026/07/29 21:24:02.946, 307.23, 100, 74232, 71
2026/07/29 21:24:03.984, 304.02, 100, 74232, 71
2026/07/29 21:24:05.024, 305.22, 100, 74232, 70
2026/07/29 21:24:06.062, 300.52, 100, 74232, 70
2026/07/29 21:24:07.100, 293.05, 100, 74232, 70
2026/07/29 21:24:08.138, 296.47, 100, 74232, 70
2026/07/29 21:24:09.176, 297.23, 100, 74232, 70
2026/07/29 21:24:10.215, 297.72, 100, 74232, 70
2026/07/29 21:24:11.252, 290.90, 100, 74232, 70
2026/07/29 21:24:12.294, 296.26, 100, 74232, 70
2026/07/29 21:24:13.332, 303.77, 100, 74232, 70
2026/07/29 21:24:14.369, 305.43, 100, 74232, 70
2026/07/29 21:24:15.409, 294.81, 100, 74232, 70
2026/07/29 21:24:16.447, 296.37, 100, 74232, 70
2026/07/29 21:24:17.488, 296.56, 100, 74232, 70
2026/07/29 21:24:18.526, 297.64, 100, 74232, 70
2026/07/29 21:24:19.564, 293.95, 100, 74232, 70
2026/07/29 21:24:20.602, 295.02, 100, 74232, 70
2026/07/29 21:24:21.640, 296.92, 100, 74232, 70
2026/07/29 21:24:22.681, 304.81, 100, 74232, 70
2026/07/29 21:24:23.719, 299.58, 100, 74232, 70
2026/07/29 21:24:24.758, 302.57, 100, 74232, 70
2026/07/29 21:24:25.797, 303.73, 100, 74232, 70
2026/07/29 21:24:26.841, 293.24, 100, 74232, 70
2026/07/29 21:24:27.879, 294.61, 100, 74232, 70
2026/07/29 21:24:28.921, 293.85, 100, 74232, 70
2026/07/29 21:24:29.959, 300.16, 100, 74232, 70
2026/07/29 21:24:30.997, 303.10, 100, 74232, 70
2026/07/29 21:24:32.037, 304.24, 100, 74232, 70
2026/07/29 21:24:33.076, 294.43, 100, 74232, 70
2026/07/29 21:24:34.115, 292.09, 100, 74232, 70
2026/07/29 21:24:35.152, 294.92, 100, 74232, 70
2026/07/29 21:24:36.191, 295.69, 100, 74232, 70
2026/07/29 21:24:37.229, 300.83, 100, 74232, 70
2026/07/29 21:24:38.269, 306.76, 100, 74232, 70
2026/07/29 21:24:39.306, 298.01, 100, 74232, 70
2026/07/29 21:24:40.344, 302.02, 100, 74232, 70
2026/07/29 21:24:41.382, 303.96, 100, 74232, 70
2026/07/29 21:24:42.420, 303.29, 100, 74232, 70
2026/07/29 21:24:43.458, 297.53, 100, 74232, 70
2026/07/29 21:24:44.495, 297.34, 100, 74232, 70
2026/07/29 21:24:45.534, 295.90, 100, 74232, 70
2026/07/29 21:24:46.573, 296.18, 100, 74232, 70
2026/07/29 21:24:47.613, 296.97, 100, 74232, 70
2026/07/29 21:24:48.651, 292.98, 100, 74232, 70
2026/07/29 21:24:49.689, 296.28, 100, 74232, 70
2026/07/29 21:24:50.729, 303.67, 100, 74232, 70
2026/07/29 21:24:51.768, 296.95, 100, 74232, 70
2026/07/29 21:24:52.809, 297.45, 100, 74232, 70
2026/07/29 21:24:53.847, 293.65, 100, 74232, 70
2026/07/29 21:24:54.892, 304.62, 100, 74232, 70
2026/07/29 21:24:55.937, 297.03, 100, 74232, 70
2026/07/29 21:24:56.976, 304.60, 100, 74232, 70
2026/07/29 21:24:58.018, 297.82, 100, 74232, 70
2026/07/29 21:24:59.056, 294.63, 100, 74232, 70
2026/07/29 21:25:00.094, 297.34, 100, 74232, 70
2026/07/29 21:25:01.132, 300.79, 100, 74232, 70
2026/07/29 21:25:02.169, 308.80, 100, 74232, 70
2026/07/29 21:25:03.208, 299.40, 100, 74232, 70
2026/07/29 21:25:04.246, 304.31, 100, 74232, 70
2026/07/29 21:25:05.286, 303.78, 100, 74232, 70
2026/07/29 21:25:06.324, 304.14, 100, 74232, 70
2026/07/29 21:25:07.361, 300.06, 100, 74232, 70
2026/07/29 21:25:08.399, 299.39, 100, 74232, 70
2026/07/29 21:25:09.437, 297.72, 100, 74232, 70
2026/07/29 21:25:10.479, 297.82, 100, 74232, 70
2026/07/29 21:25:11.517, 305.00, 100, 74232, 70
2026/07/29 21:25:12.554, 298.11, 100, 74232, 70
2026/07/29 21:25:13.591, 293.27, 100, 74232, 70
2026/07/29 21:25:14.629, 296.09, 100, 74232, 70
2026/07/29 21:25:15.668, 296.86, 100, 74232, 70
2026/07/29 21:25:16.705, 293.83, 100, 74232, 70
2026/07/29 21:25:17.746, 294.62, 100, 74232, 70
2026/07/29 21:25:18.786, 304.85, 100, 74232, 70
2026/07/29 21:25:19.824, 299.77, 100, 74232, 70
2026/07/29 21:25:20.862, 302.95, 100, 74232, 70
2026/07/29 21:25:21.899, 302.78, 100, 74232, 70
2026/07/29 21:25:22.938, 303.88, 100, 74232, 70
2026/07/29 21:25:23.978, 305.02, 100, 74232, 70
2026/07/29 21:25:25.015, 308.51, 100, 74232, 70
2026/07/29 21:25:26.053, 296.09, 100, 74232, 70
2026/07/29 21:25:27.092, 305.62, 100, 74232, 70
2026/07/29 21:25:28.130, 302.02, 100, 74232, 70
2026/07/29 21:25:29.167, 303.48, 100, 74232, 70
2026/07/29 21:25:30.206, 304.89, 100, 74232, 70
2026/07/29 21:25:31.243, 298.01, 100, 74232, 70
2026/07/29 21:25:32.283, 298.04, 100, 74232, 70
2026/07/29 21:25:33.320, 295.20, 100, 74232, 70
2026/07/29 21:25:34.357, 299.77, 100, 74232, 70
2026/07/29 21:25:35.395, 295.00, 100, 74232, 70
2026/07/29 21:25:36.433, 297.61, 100, 74232, 70
2026/07/29 21:25:37.470, 294.23, 100, 74232, 70
2026/07/29 21:25:38.508, 297.45, 100, 74232, 70
2026/07/29 21:25:39.548, 294.14, 100, 74232, 70
2026/07/29 21:25:40.585, 296.07, 100, 74232, 70
2026/07/29 21:25:41.626, 295.49, 100, 74232, 70
2026/07/29 21:25:42.663, 296.76, 100, 74232, 70
2026/07/29 21:25:43.700, 297.23, 100, 74232, 70
2026/07/29 21:25:44.737, 294.23, 100, 74232, 70
2026/07/29 21:25:45.775, 297.93, 100, 74232, 70
2026/07/29 21:25:46.813, 295.00, 100, 74232, 70
2026/07/29 21:25:47.850, 300.17, 100, 74232, 70
2026/07/29 21:25:48.889, 299.60, 100, 74232, 70
2026/07/29 21:25:49.928, 296.76, 100, 74232, 70
2026/07/29 21:25:50.966, 297.46, 100, 74232, 70
2026/07/29 21:25:52.003, 304.94, 100, 74232, 70
2026/07/29 21:25:53.041, 301.69, 100, 74232, 70
2026/07/29 21:25:54.079, 302.96, 100, 74232, 70
2026/07/29 21:25:55.117, 302.13, 100, 74232, 70
2026/07/29 21:25:56.154, 304.26, 100, 74232, 70
2026/07/29 21:25:57.196, 298.89, 100, 74232, 70
2026/07/29 21:25:58.233, 297.05, 100, 74232, 70
2026/07/29 21:25:59.270, 296.86, 100, 74232, 70
2026/07/29 21:26:00.309, 294.82, 100, 74232, 70
2026/07/29 21:26:01.346, 295.00, 100, 74232, 70
2026/07/29 21:26:02.384, 298.31, 100, 74232, 70
2026/07/29 21:26:03.424, 308.46, 100, 74232, 70
2026/07/29 21:26:04.463, 302.58, 100, 74232, 70
2026/07/29 21:26:05.502, 295.20, 100, 74232, 70
2026/07/29 21:26:06.539, 303.54, 100, 74232, 70
2026/07/29 21:26:07.578, 299.09, 100, 74232, 70
2026/07/29 21:26:08.617, 304.70, 100, 74232, 70
2026/07/29 21:26:09.655, 307.05, 100, 74232, 70
2026/07/29 21:26:10.693, 302.10, 100, 74232, 70
2026/07/29 21:26:11.731, 300.83, 100, 74232, 70
2026/07/29 21:26:12.770, 303.67, 100, 74232, 70
2026/07/29 21:26:13.810, 300.94, 100, 74232, 70
2026/07/29 21:26:14.847, 305.40, 100, 74232, 70
2026/07/29 21:26:15.885, 299.50, 100, 74232, 70
2026/07/29 21:26:16.923, 299.94, 100, 74232, 70
2026/07/29 21:26:17.961, 303.65, 100, 74232, 70
2026/07/29 21:26:19.001, 291.11, 100, 74232, 70
2026/07/29 21:26:20.039, 299.30, 100, 74232, 70
2026/07/29 21:26:21.080, 298.32, 100, 74232, 70
2026/07/29 21:26:22.118, 297.03, 100, 74232, 70
2026/07/29 21:26:23.157, 298.03, 100, 74232, 70
2026/07/29 21:26:24.195, 302.71, 100, 74232, 70
2026/07/29 21:26:25.233, 297.45, 100, 74232, 70
2026/07/29 21:26:26.274, 293.64, 100, 74232, 70
2026/07/29 21:26:27.312, 296.08, 100, 74232, 70
2026/07/29 21:26:28.349, 294.62, 100, 74232, 70
2026/07/29 21:26:29.387, 296.37, 100, 74232, 70
2026/07/29 21:26:30.424, 300.66, 100, 74232, 70
2026/07/29 21:26:31.462, 296.77, 100, 74232, 70
2026/07/29 21:26:32.498, 297.92, 100, 74232, 70
2026/07/29 21:26:33.535, 292.19, 100, 74232, 70
2026/07/29 21:26:34.572, 296.36, 100, 74232, 70
2026/07/29 21:26:35.610, 301.99, 100, 74232, 70
2026/07/29 21:26:36.648, 303.77, 100, 74232, 70
2026/07/29 21:26:37.687, 305.00, 100, 74232, 70
2026/07/29 21:26:38.724, 303.86, 100, 74232, 70
2026/07/29 21:26:39.765, 302.34, 100, 74232, 70
2026/07/29 21:26:40.802, 294.51, 100, 74232, 70
2026/07/29 21:26:41.840, 294.22, 100, 74232, 70
2026/07/29 21:26:42.878, 293.17, 100, 74232, 70
2026/07/29 21:26:43.915, 295.58, 100, 74232, 70
2026/07/29 21:26:44.953, 294.72, 100, 74232, 70
2026/07/29 21:26:45.991, 295.96, 100, 74232, 70
2026/07/29 21:26:47.031, 296.94, 100, 74232, 70
2026/07/29 21:26:48.068, 295.88, 100, 74232, 70
2026/07/29 21:26:49.110, 297.03, 100, 74232, 70
2026/07/29 21:26:50.148, 299.51, 100, 74232, 70
2026/07/29 21:26:51.187, 297.83, 100, 74232, 70
2026/07/29 21:26:52.225, 292.30, 100, 74232, 70
2026/07/29 21:26:53.263, 295.49, 100, 74232, 70
2026/07/29 21:26:54.301, 299.79, 100, 74232, 70
2026/07/29 21:26:55.338, 298.90, 100, 74232, 70
2026/07/29 21:26:56.376, 297.63, 100, 74232, 70
2026/07/29 21:26:57.414, 293.55, 100, 74232, 70
2026/07/29 21:26:58.451, 303.26, 100, 74232, 70
2026/07/29 21:26:59.489, 297.64, 100, 74232, 70
2026/07/29 21:27:00.528, 301.23, 100, 74232, 70
2026/07/29 21:27:01.568, 299.18, 100, 74232, 70
2026/07/29 21:27:02.606, 301.60, 100, 74232, 70
2026/07/29 21:27:03.644, 298.71, 100, 74232, 70
2026/07/29 21:27:04.683, 299.09, 100, 74232, 70
2026/07/29 21:27:05.721, 303.86, 100, 74232, 70
2026/07/29 21:27:06.761, 303.97, 100, 74232, 70
2026/07/29 21:27:07.798, 304.55, 100, 74232, 70
2026/07/29 21:27:08.837, 304.65, 100, 74232, 70
2026/07/29 21:27:09.875, 301.73, 100, 74232, 70
2026/07/29 21:27:10.915, 293.46, 100, 74232, 70
2026/07/29 21:27:11.953, 295.69, 100, 74232, 70
2026/07/29 21:27:12.994, 292.58, 100, 74232, 69
2026/07/29 21:27:14.033, 297.05, 100, 74232, 69
2026/07/29 21:27:15.072, 295.98, 100, 74232, 69
2026/07/29 21:27:16.109, 297.25, 100, 74232, 70
2026/07/29 21:27:17.149, 295.30, 100, 74232, 70
2026/07/29 21:27:18.187, 298.84, 100, 74232, 70
2026/07/29 21:27:19.227, 293.37, 100, 74232, 69
2026/07/29 21:27:20.266, 295.79, 100, 74232, 70
2026/07/29 21:27:21.303, 294.51, 100, 74232, 70
2026/07/29 21:27:22.339, 295.40, 100, 74232, 70
2026/07/29 21:27:23.377, 297.13, 100, 74232, 70
2026/07/29 21:27:24.415, 293.47, 100, 74232, 70
2026/07/29 21:27:25.453, 302.61, 100, 74232, 70
2026/07/29 21:27:26.490, 304.32, 100, 74232, 70
2026/07/29 21:27:27.527, 300.36, 100, 74232, 70
2026/07/29 21:27:28.565, 300.74, 100, 74232, 70
2026/07/29 21:27:29.602, 299.62, 100, 74232, 70
2026/07/29 21:27:30.642, 302.27, 100, 74232, 70
2026/07/29 21:27:31.680, 298.53, 100, 74232, 70
2026/07/29 21:27:32.717, 301.25, 100, 74232, 70
2026/07/29 21:27:33.760, 302.66, 100, 74232, 70
2026/07/29 21:27:34.798, 293.94, 100, 74232, 70
2026/07/29 21:27:35.836, 294.92, 100, 74232, 70
2026/07/29 21:27:36.874, 299.98, 100, 74232, 70
2026/07/29 21:27:37.911, 296.37, 100, 74232, 70
2026/07/29 21:27:38.949, 296.83, 100, 74232, 70
2026/07/29 21:27:39.988, 297.25, 100, 74232, 70
2026/07/29 21:27:41.026, 296.28, 100, 74232, 70
2026/07/29 21:27:42.063, 297.14, 100, 74232, 70
2026/07/29 21:27:43.102, 296.95, 100, 74232, 70
2026/07/29 21:27:44.139, 292.79, 100, 74232, 70
2026/07/29 21:27:45.181, 297.65, 100, 74232, 70
2026/07/29 21:27:46.218, 294.22, 100, 74232, 70
2026/07/29 21:27:47.254, 296.17, 100, 74232, 70
2026/07/29 21:27:48.292, 298.80, 100, 74232, 70
2026/07/29 21:27:49.330, 302.89, 100, 74232, 70
2026/07/29 21:27:50.367, 303.48, 100, 74232, 70
2026/07/29 21:27:51.405, 295.01, 100, 74232, 70
2026/07/29 21:27:52.443, 299.87, 100, 74232, 70
2026/07/29 21:27:53.482, 304.84, 100, 74232, 70
2026/07/29 21:27:54.520, 296.58, 100, 74232, 70
2026/07/29 21:27:55.557, 300.25, 100, 74232, 70
2026/07/29 21:27:56.595, 297.83, 45, 74232, 71
2026/07/29 21:27:57.631, 301.14, 100, 74232, 70
2026/07/29 21:27:58.671, 304.05, 100, 74232, 70
2026/07/29 21:27:59.709, 302.73, 100, 74232, 70
2026/07/29 21:28:00.748, 298.51, 100, 74232, 70
2026/07/29 21:28:01.786, 294.84, 100, 74232, 70
2026/07/29 21:28:02.822, 297.23, 100, 74232, 70
2026/07/29 21:28:03.860, 299.58, 100, 74232, 70
2026/07/29 21:28:04.897, 301.21, 100, 74232, 70
2026/07/29 21:28:05.934, 301.79, 100, 74232, 70
2026/07/29 21:28:06.972, 302.97, 100, 74232, 70
2026/07/29 21:28:08.009, 297.26, 100, 74232, 70
2026/07/29 21:28:09.047, 295.18, 100, 74232, 70
2026/07/29 21:28:10.087, 294.62, 100, 74232, 70
2026/07/29 21:28:11.126, 294.73, 100, 74232, 70
2026/07/29 21:28:12.166, 295.88, 100, 74232, 70
2026/07/29 21:28:13.205, 304.23, 100, 74232, 70
2026/07/29 21:28:14.243, 296.35, 100, 74232, 70
2026/07/29 21:28:15.281, 295.41, 100, 74232, 70
2026/07/29 21:28:16.319, 288.39, 100, 74232, 70
2026/07/29 21:28:17.357, 293.15, 100, 74232, 70
2026/07/29 21:28:18.396, 291.89, 100, 74232, 70
2026/07/29 21:28:19.438, 302.01, 100, 74232, 70
2026/07/29 21:28:20.477, 298.78, 100, 74232, 70
2026/07/29 21:28:21.515, 294.79, 100, 74232, 70
2026/07/29 21:28:22.553, 299.67, 100, 74232, 70
2026/07/29 21:28:23.591, 299.68, 100, 74232, 70
2026/07/29 21:28:24.630, 296.06, 100, 74232, 70
2026/07/29 21:28:25.668, 296.48, 100, 74232, 70
2026/07/29 21:28:26.709, 297.86, 100, 74232, 70
2026/07/29 21:28:27.747, 304.15, 100, 74232, 70
2026/07/29 21:28:28.784, 300.05, 100, 74232, 70
2026/07/29 21:28:29.822, 301.14, 100, 74232, 70
2026/07/29 21:28:30.860, 300.34, 100, 74232, 70
2026/07/29 21:28:31.898, 292.67, 100, 74232, 70
2026/07/29 21:28:32.936, 295.01, 100, 74232, 70
2026/07/29 21:28:33.977, 296.07, 100, 74232, 70
2026/07/29 21:28:35.014, 302.30, 100, 74232, 70
2026/07/29 21:28:36.051, 301.92, 100, 74232, 70
2026/07/29 21:28:37.092, 300.93, 100, 74232, 70
2026/07/29 21:28:38.130, 302.08, 100, 74232, 70
2026/07/29 21:28:39.168, 295.80, 100, 74232, 70
2026/07/29 21:28:40.206, 297.23, 100, 74232, 70
2026/07/29 21:28:41.245, 294.22, 100, 74232, 70
2026/07/29 21:28:42.283, 295.21, 100, 74232, 70
2026/07/29 21:28:43.321, 295.10, 100, 74232, 70
2026/07/29 21:28:44.360, 294.92, 100, 74232, 70
2026/07/29 21:28:45.397, 297.23, 100, 74232, 70
2026/07/29 21:28:46.435, 294.43, 100, 74232, 70
2026/07/29 21:28:47.472, 295.00, 100, 74232, 70
2026/07/29 21:28:48.510, 294.52, 100, 74232, 70
2026/07/29 21:28:49.547, 294.82, 100, 74232, 70
2026/07/29 21:28:50.585, 302.59, 100, 74232, 70
2026/07/29 21:28:51.623, 302.99, 100, 74232, 70
2026/07/29 21:28:52.661, 298.81, 100, 74232, 70
2026/07/29 21:28:53.698, 300.84, 100, 74232, 70
2026/07/29 21:28:54.739, 295.98, 100, 74232, 70
2026/07/29 21:28:55.778, 302.68, 100, 74232, 70
2026/07/29 21:28:56.815, 301.01, 100, 74232, 70
2026/07/29 21:28:57.853, 293.64, 100, 74232, 70
2026/07/29 21:28:58.892, 292.39, 100, 74232, 70
2026/07/29 21:28:59.932, 296.82, 100, 74232, 70
2026/07/29 21:29:00.970, 298.80, 100, 74232, 70
2026/07/29 21:29:02.009, 291.90, 100, 74232, 70
2026/07/29 21:29:03.048, 297.25, 100, 74232, 70
2026/07/29 21:29:04.086, 301.31, 100, 74232, 70
2026/07/29 21:29:05.125, 301.04, 100, 74232, 70
2026/07/29 21:29:06.162, 299.39, 100, 74232, 70
2026/07/29 21:29:07.199, 301.52, 100, 74232, 70
2026/07/29 21:29:08.237, 300.45, 100, 74232, 70
2026/07/29 21:29:09.274, 302.11, 100, 74232, 70
2026/07/29 21:29:10.313, 296.83, 100, 74232, 70
2026/07/29 21:29:11.351, 293.34, 100, 74232, 70
2026/07/29 21:29:12.390, 298.51, 100, 74232, 70
2026/07/29 21:29:13.428, 297.91, 100, 74232, 70
2026/07/29 21:29:14.467, 296.94, 100, 74232, 70
2026/07/29 21:29:15.505, 293.05, 100, 74232, 70
2026/07/29 21:29:16.542, 296.49, 100, 74232, 70
2026/07/29 21:29:17.580, 297.62, 100, 74232, 70
2026/07/29 21:29:18.616, 290.04, 100, 74232, 72
2026/07/29 21:29:19.651, 291.90, 100, 74232, 72
2026/07/29 21:29:20.688, 294.53, 100, 74232, 72
2026/07/29 21:29:21.723, 284.37, 100, 74232, 71
2026/07/29 21:29:22.758, 276.25, 100, 74232, 72
2026/07/29 21:29:23.794, 303.55, 100, 74232, 70
2026/07/29 21:29:24.833, 304.33, 100, 74232, 70
2026/07/29 21:29:25.871, 303.26, 100, 74232, 70
2026/07/29 21:29:26.909, 297.92, 100, 74232, 70
2026/07/29 21:29:27.947, 301.02, 100, 74232, 70
2026/07/29 21:29:28.985, 304.08, 100, 74232, 70
2026/07/29 21:29:30.023, 344.52, 0, 74232, 71
2026/07/29 21:29:31.059, 295.48, 100, 74232, 72
2026/07/29 21:29:32.095, 296.03, 100, 74232, 71
2026/07/29 21:29:33.132, 304.59, 100, 74232, 72
2026/07/29 21:29:34.167, 311.71, 100, 74232, 72
2026/07/29 21:29:35.202, 296.82, 100, 74232, 72
2026/07/29 21:29:36.239, 302.40, 100, 74232, 70
2026/07/29 21:29:37.276, 304.03, 100, 74232, 70
2026/07/29 21:29:38.314, 298.22, 100, 74232, 70
2026/07/29 21:29:39.352, 133.65, 94, 74232, 69
2026/07/29 21:29:40.386, 295.97, 100, 74232, 72
2026/07/29 21:29:41.421, 307.61, 100, 74232, 72
2026/07/29 21:29:42.457, 300.55, 100, 74232, 72
2026/07/29 21:29:43.497, 262.39, 100, 74232, 72
2026/07/29 21:29:44.533, 286.24, 100, 74232, 72
2026/07/29 21:29:45.573, 304.40, 100, 74232, 70
2026/07/29 21:29:46.611, 303.28, 100, 74232, 71
2026/07/29 21:29:47.649, 301.88, 100, 74232, 71
2026/07/29 21:29:48.686, 297.54, 100, 74232, 71
2026/07/29 21:29:49.724, 304.94, 100, 74232, 71
2026/07/29 21:29:50.762, 303.09, 100, 74232, 71
2026/07/29 21:29:51.800, 304.15, 100, 74232, 71
2026/07/29 21:29:52.837, 302.80, 100, 74232, 71
2026/07/29 21:29:53.875, 304.52, 100, 74232, 71
2026/07/29 21:29:54.913, 305.72, 100, 74232, 71
2026/07/29 21:29:55.951, 303.24, 100, 74232, 69
2026/07/29 21:29:56.985, 296.87, 100, 74232, 72
2026/07/29 21:29:58.021, 298.52, 100, 74232, 72
2026/07/29 21:29:59.056, 281.41, 100, 74232, 72
2026/07/29 21:30:00.092, 301.23, 100, 74232, 72
2026/07/29 21:30:01.132, 284.58, 100, 74232, 72
2026/07/29 21:30:02.167, 282.39, 100, 74232, 72
2026/07/29 21:30:03.202, 301.34, 100, 74232, 70
2026/07/29 21:30:04.240, 303.27, 100, 74232, 70
2026/07/29 21:30:05.278, 304.64, 100, 74232, 70
2026/07/29 21:30:06.315, 301.71, 100, 74232, 70
2026/07/29 21:30:07.353, 303.35, 100, 74232, 70
2026/07/29 21:30:08.390, 304.52, 100, 74232, 71
2026/07/29 21:30:09.427, 303.17, 100, 74232, 71
2026/07/29 21:30:10.464, 303.86, 100, 74232, 71
2026/07/29 21:30:11.502, 305.10, 100, 74232, 71
2026/07/29 21:30:12.539, 295.61, 77, 74232, 72
2026/07/29 21:30:13.575, 292.34, 100, 74232, 72
2026/07/29 21:30:14.611, 296.84, 100, 74232, 72
2026/07/29 21:30:15.646, 301.15, 100, 74232, 73
2026/07/29 21:30:16.681, 314.06, 100, 74232, 72
2026/07/29 21:30:17.723, 272.66, 100, 74232, 72
2026/07/29 21:30:18.759, 304.95, 100, 74232, 71
2026/07/29 21:30:19.797, 302.50, 100, 74232, 71
2026/07/29 21:30:20.836, 305.39, 100, 74232, 71
2026/07/29 21:30:21.875, 293.64, 100, 74232, 72
2026/07/29 21:30:22.911, 293.74, 100, 74232, 72
2026/07/29 21:30:23.949, 304.62, 100, 74232, 72
2026/07/29 21:30:24.985, 299.10, 100, 74232, 72
2026/07/29 21:30:26.021, 279.54, 100, 74232, 73
2026/07/29 21:30:27.060, 298.36, 100, 74232, 73
2026/07/29 21:30:28.098, 298.42, 100, 74232, 71
2026/07/29 21:30:29.136, 296.27, 100, 74232, 71
2026/07/29 21:30:30.173, 298.52, 100, 74232, 71
2026/07/29 21:30:31.210, 296.35, 100, 74232, 71
2026/07/29 21:30:32.251, 301.51, 100, 74232, 71
2026/07/29 21:30:33.289, 301.33, 100, 74232, 71
2026/07/29 21:30:34.326, 305.08, 100, 74232, 71
2026/07/29 21:30:35.364, 299.21, 100, 74232, 71
2026/07/29 21:30:36.403, 306.08, 100, 74232, 71
2026/07/29 21:30:37.441, 292.73, 100, 74232, 73
2026/07/29 21:30:38.484, 294.14, 100, 74232, 73
2026/07/29 21:30:39.519, 310.57, 100, 74232, 73
2026/07/29 21:30:40.557, 303.72, 100, 74232, 73
2026/07/29 21:30:41.592, 261.59, 100, 74232, 73
2026/07/29 21:30:42.627, 311.57, 100, 74232, 73
2026/07/29 21:30:43.662, 304.12, 100, 74232, 71
2026/07/29 21:30:44.701, 305.72, 100, 74232, 71
2026/07/29 21:30:45.739, 301.52, 100, 74232, 71
2026/07/29 21:30:46.777, 303.86, 100, 74232, 71
2026/07/29 21:30:47.815, 305.32, 100, 74232, 71
2026/07/29 21:30:48.852, 301.51, 100, 74232, 71
2026/07/29 21:30:49.893, 296.16, 100, 74232, 71
2026/07/29 21:30:50.930, 298.50, 100, 74232, 71
2026/07/29 21:30:51.967, 307.04, 100, 74232, 71
2026/07/29 21:30:53.004, 299.77, 100, 74232, 71
2026/07/29 21:30:54.041, 298.10, 100, 74232, 71
2026/07/29 21:30:55.078, 299.30, 100, 74232, 71
2026/07/29 21:30:56.116, 296.08, 100, 74232, 71
2026/07/29 21:30:57.153, 291.31, 100, 74232, 71
2026/07/29 21:30:58.192, 299.18, 100, 74232, 71
2026/07/29 21:30:59.232, 290.73, 100, 74232, 71
2026/07/29 21:31:00.270, 296.37, 100, 74232, 71
2026/07/29 21:31:01.309, 298.71, 100, 74232, 71
2026/07/29 21:31:02.348, 288.09, 100, 74232, 71
2026/07/29 21:31:03.391, 294.14, 100, 74232, 71
2026/07/29 21:31:04.429, 292.18, 100, 74232, 71
2026/07/29 21:31:05.468, 292.60, 100, 74232, 71
2026/07/29 21:31:06.507, 287.70, 100, 74232, 71
2026/07/29 21:31:07.544, 297.72, 100, 74232, 71
2026/07/29 21:31:08.582, 298.61, 100, 74232, 71
2026/07/29 21:31:09.620, 294.04, 100, 74232, 71
2026/07/29 21:31:10.660, 296.66, 100, 74232, 71
2026/07/29 21:31:11.699, 297.93, 100, 74232, 71
2026/07/29 21:31:12.735, 294.05, 100, 74232, 71
2026/07/29 21:31:13.773, 293.55, 100, 74232, 71
2026/07/29 21:31:14.810, 297.62, 100, 74232, 71
2026/07/29 21:31:15.848, 298.51, 100, 74232, 70
2026/07/29 21:31:16.886, 297.35, 100, 74232, 70
2026/07/29 21:31:17.925, 296.37, 100, 74232, 70
2026/07/29 21:31:18.964, 297.84, 100, 74232, 70
2026/07/29 21:31:20.003, 305.50, 100, 74232, 70
2026/07/29 21:31:21.042, 303.27, 100, 74232, 70
2026/07/29 21:31:22.078, 301.40, 100, 74232, 70
2026/07/29 21:31:23.116, 301.14, 100, 74232, 70
2026/07/29 21:31:24.156, 297.83, 100, 74232, 70
2026/07/29 21:31:25.195, 303.87, 100, 74232, 70
2026/07/29 21:31:26.231, 304.45, 100, 74232, 70
2026/07/29 21:31:27.269, 299.50, 100, 74232, 70
2026/07/29 21:31:28.306, 303.19, 100, 74232, 70
2026/07/29 21:31:29.344, 304.15, 100, 74232, 70
2026/07/29 21:31:30.383, 304.62, 100, 74232, 70
2026/07/29 21:31:31.421, 301.02, 100, 74232, 70
2026/07/29 21:31:32.461, 303.97, 100, 74232, 70
2026/07/29 21:31:33.498, 303.47, 100, 74232, 70
2026/07/29 21:31:34.535, 301.33, 100, 74232, 70
2026/07/29 21:31:35.571, 299.00, 100, 74232, 70
2026/07/29 21:31:36.608, 295.97, 100, 74232, 70
2026/07/29 21:31:37.647, 303.67, 100, 74232, 70
2026/07/29 21:31:38.685, 301.02, 100, 74232, 70
2026/07/29 21:31:39.722, 294.70, 100, 74232, 70
2026/07/29 21:31:40.759, 297.36, 100, 74232, 70
2026/07/29 21:31:41.797, 302.79, 100, 74232, 70
2026/07/29 21:31:42.835, 296.97, 100, 74232, 70
2026/07/29 21:31:43.874, 295.40, 100, 74232, 70
2026/07/29 21:31:44.913, 304.43, 100, 74232, 70
2026/07/29 21:31:45.949, 301.52, 100, 74232, 70
2026/07/29 21:31:46.987, 302.86, 100, 74232, 70
2026/07/29 21:31:48.023, 303.28, 100, 74232, 70
2026/07/29 21:31:49.060, 305.21, 100, 74232, 70
2026/07/29 21:31:50.096, 300.35, 100, 74232, 70
2026/07/29 21:31:51.132, 302.38, 100, 74232, 70
2026/07/29 21:31:52.170, 297.92, 100, 74232, 70
2026/07/29 21:31:53.208, 299.85, 100, 74232, 70
2026/07/29 21:31:54.245, 299.17, 100, 74232, 70
2026/07/29 21:31:55.282, 301.71, 100, 74232, 70
2026/07/29 21:31:56.319, 303.45, 100, 74232, 70
2026/07/29 21:31:57.356, 296.76, 100, 74232, 70
2026/07/29 21:31:58.393, 295.67, 100, 74232, 70
2026/07/29 21:31:59.432, 296.56, 100, 74232, 70
2026/07/29 21:32:00.469, 295.77, 100, 74232, 70
2026/07/29 21:32:01.505, 296.48, 100, 74232, 70
2026/07/29 21:32:02.542, 292.49, 100, 74232, 70
2026/07/29 21:32:03.584, 293.07, 100, 74232, 70
2026/07/29 21:32:04.623, 295.89, 100, 74232, 70
2026/07/29 21:32:05.662, 303.83, 100, 74232, 70
2026/07/29 21:32:06.706, 300.65, 100, 74232, 70
2026/07/29 21:32:07.743, 295.50, 100, 74232, 70
2026/07/29 21:32:08.780, 296.08, 100, 74232, 70
2026/07/29 21:32:09.817, 301.90, 100, 74232, 70
2026/07/29 21:32:10.853, 294.52, 100, 74232, 70
2026/07/29 21:32:11.889, 294.82, 100, 74232, 70
2026/07/29 21:32:12.927, 301.53, 100, 74232, 70
2026/07/29 21:32:13.966, 303.47, 100, 74232, 70
2026/07/29 21:32:15.003, 299.78, 100, 74232, 70
2026/07/29 21:32:16.043, 302.48, 100, 74232, 70
2026/07/29 21:32:17.081, 296.86, 100, 74232, 70
2026/07/29 21:32:18.121, 303.67, 100, 74232, 70
2026/07/29 21:32:19.160, 292.66, 100, 74232, 70
2026/07/29 21:32:20.199, 292.27, 100, 74232, 70
2026/07/29 21:32:21.236, 302.48, 100, 74232, 70
2026/07/29 21:32:22.273, 304.15, 100, 74232, 70
2026/07/29 21:32:23.308, 303.56, 100, 74232, 70
2026/07/29 21:32:24.344, 292.46, 100, 74232, 70
2026/07/29 21:32:25.381, 298.21, 100, 74232, 70
2026/07/29 21:32:26.418, 304.65, 100, 74232, 70
2026/07/29 21:32:27.455, 305.23, 100, 74232, 70
2026/07/29 21:32:28.493, 297.51, 100, 74232, 70
2026/07/29 21:32:29.530, 302.99, 100, 74232, 70
2026/07/29 21:32:30.566, 302.89, 100, 74232, 70
2026/07/29 21:32:31.603, 304.73, 100, 74232, 70
2026/07/29 21:32:32.643, 297.92, 100, 74232, 70
2026/07/29 21:32:33.682, 293.83, 100, 74232, 70
2026/07/29 21:32:34.718, 296.18, 100, 74232, 70
2026/07/29 21:32:35.759, 298.31, 100, 74232, 70
2026/07/29 21:32:36.796, 304.89, 100, 74232, 70
2026/07/29 21:32:37.833, 299.86, 100, 74232, 70
2026/07/29 21:32:38.868, 299.08, 100, 74232, 70
2026/07/29 21:32:39.907, 297.05, 100, 74232, 70
2026/07/29 21:32:40.944, 301.13, 100, 74232, 70
2026/07/29 21:32:41.982, 296.85, 100, 74232, 70
2026/07/29 21:32:43.018, 302.76, 100, 74232, 70
2026/07/29 21:32:44.056, 296.74, 100, 74232, 70
2026/07/29 21:32:45.092, 292.85, 100, 74232, 70
2026/07/29 21:32:46.130, 297.53, 100, 74232, 70
2026/07/29 21:32:47.168, 298.22, 100, 74232, 70
2026/07/29 21:32:48.205, 297.04, 100, 74232, 70
2026/07/29 21:32:49.243, 295.38, 100, 74232, 70
2026/07/29 21:32:50.283, 296.65, 100, 74232, 70
2026/07/29 21:32:51.320, 296.48, 100, 74232, 70
2026/07/29 21:32:52.357, 292.94, 100, 74232, 70
2026/07/29 21:32:53.394, 290.63, 100, 74232, 70
2026/07/29 21:32:54.431, 297.61, 100, 74232, 70
2026/07/29 21:32:55.469, 296.75, 100, 74232, 70
2026/07/29 21:32:56.508, 293.62, 100, 74232, 70
2026/07/29 21:32:57.546, 296.07, 100, 74232, 70
2026/07/29 21:32:58.583, 303.86, 100, 74232, 70
2026/07/29 21:32:59.620, 296.85, 100, 74232, 70
2026/07/29 21:33:00.656, 295.09, 100, 74232, 70
2026/07/29 21:33:01.693, 299.59, 100, 74232, 70
2026/07/29 21:33:02.729, 302.97, 100, 74232, 70
2026/07/29 21:33:03.766, 296.76, 100, 74232, 70
2026/07/29 21:33:04.803, 303.98, 100, 74232, 70
2026/07/29 21:33:05.839, 306.14, 100, 74232, 70
2026/07/29 21:33:06.876, 302.71, 100, 74232, 70
2026/07/29 21:33:07.912, 307.44, 100, 74232, 70
2026/07/29 21:33:08.949, 290.53, 100, 74232, 70
2026/07/29 21:33:09.986, 288.79, 100, 74232, 70
2026/07/29 21:33:11.028, 295.11, 100, 74232, 70
2026/07/29 21:33:12.066, 294.41, 100, 74232, 70
2026/07/29 21:33:13.103, 296.07, 100, 74232, 70
2026/07/29 21:33:14.141, 296.95, 100, 74232, 70
2026/07/29 21:33:15.177, 297.44, 100, 74232, 70
2026/07/29 21:33:16.215, 293.54, 100, 74232, 70
2026/07/29 21:33:17.252, 295.88, 100, 74232, 70
2026/07/29 21:33:18.290, 297.06, 100, 74232, 70
2026/07/29 21:33:19.327, 300.94, 100, 74232, 70
2026/07/29 21:33:20.365, 292.57, 100, 74232, 70
2026/07/29 21:33:21.404, 295.58, 100, 74232, 70
2026/07/29 21:33:22.445, 302.60, 100, 74232, 70
2026/07/29 21:33:23.483, 304.34, 100, 74232, 70
2026/07/29 21:33:24.520, 311.16, 100, 74232, 70
2026/07/29 21:33:25.558, 303.94, 100, 74232, 70
2026/07/29 21:33:26.595, 301.92, 100, 74232, 70
2026/07/29 21:33:27.632, 296.38, 100, 74232, 70
2026/07/29 21:33:28.669, 302.48, 100, 74232, 70
2026/07/29 21:33:29.709, 303.86, 100, 74232, 70
2026/07/29 21:33:30.746, 290.84, 100, 74232, 70
2026/07/29 21:33:31.785, 303.66, 100, 74232, 70
2026/07/29 21:33:32.823, 294.50, 100, 74232, 70
2026/07/29 21:33:33.862, 299.08, 100, 74232, 70
2026/07/29 21:33:34.900, 294.80, 100, 74232, 70
2026/07/29 21:33:35.938, 292.96, 100, 74232, 70
2026/07/29 21:33:36.976, 288.48, 100, 74232, 70
2026/07/29 21:33:38.014, 300.27, 100, 74232, 70
2026/07/29 21:33:39.053, 293.73, 100, 74232, 70
2026/07/29 21:33:40.091, 302.77, 100, 74232, 70
2026/07/29 21:33:41.129, 303.58, 100, 74232, 70
2026/07/29 21:33:42.167, 303.29, 100, 74232, 70
2026/07/29 21:33:43.205, 303.47, 100, 74232, 70
2026/07/29 21:33:44.243, 299.78, 100, 74232, 70
2026/07/29 21:33:45.281, 293.23, 100, 74232, 69
2026/07/29 21:33:46.319, 290.93, 100, 74232, 69
2026/07/29 21:33:47.356, 292.58, 100, 74232, 69
2026/07/29 21:33:48.400, 303.35, 100, 74232, 70
2026/07/29 21:33:49.437, 303.84, 100, 74232, 70
2026/07/29 21:33:50.474, 301.14, 100, 74232, 69
2026/07/29 21:33:51.512, 297.45, 100, 74232, 70
2026/07/29 21:33:52.549, 301.42, 100, 74232, 70
2026/07/29 21:33:53.588, 304.12, 100, 74232, 69
2026/07/29 21:33:54.626, 292.98, 100, 74232, 69
2026/07/29 21:33:55.664, 298.80, 100, 74232, 69
2026/07/29 21:33:56.703, 294.64, 100, 74232, 69
2026/07/29 21:33:57.741, 295.20, 100, 74232, 69
2026/07/29 21:33:58.778, 295.98, 100, 74232, 69
2026/07/29 21:33:59.815, 296.94, 100, 74232, 69
2026/07/29 21:34:00.855, 291.49, 100, 74232, 69
2026/07/29 21:34:01.892, 304.26, 100, 74232, 69
2026/07/29 21:34:02.929, 301.32, 100, 74232, 69
2026/07/29 21:34:03.968, 296.08, 100, 74232, 69
2026/07/29 21:34:05.005, 295.40, 100, 74232, 69
2026/07/29 21:34:06.044, 296.57, 100, 74232, 69
2026/07/29 21:34:07.080, 297.42, 100, 74232, 70
2026/07/29 21:34:08.118, 297.92, 100, 74232, 70
2026/07/29 21:34:09.154, 295.01, 100, 74232, 70
2026/07/29 21:34:10.192, 307.06, 100, 74232, 71
2026/07/29 21:34:11.228, 299.23, 100, 74232, 72
2026/07/29 21:34:12.264, 281.17, 100, 74232, 71
2026/07/29 21:34:13.299, 264.52, 100, 74232, 71
2026/07/29 21:34:14.333, 288.55, 100, 74232, 71
2026/07/29 21:34:15.366, 281.22, 100, 74232, 71
2026/07/29 21:34:16.400, 263.08, 100, 74232, 71
2026/07/29 21:34:17.439, 287.80, 100, 74232, 70
2026/07/29 21:34:18.476, 297.46, 100, 74232, 70
2026/07/29 21:34:19.514, 297.15, 100, 74232, 70
2026/07/29 21:34:20.551, 294.62, 100, 74232, 70
2026/07/29 21:34:21.590, 297.15, 100, 74232, 70
2026/07/29 21:34:22.627, 297.65, 100, 74232, 70
2026/07/29 21:34:23.665, 293.93, 100, 74232, 70
2026/07/29 21:34:24.703, 296.95, 100, 74232, 70
2026/07/29 21:34:25.740, 297.45, 100, 74232, 70
2026/07/29 21:34:26.778, 297.82, 100, 74232, 70
2026/07/29 21:34:27.816, 296.07, 100, 74232, 70
2026/07/29 21:34:28.854, 296.56, 100, 74232, 70
2026/07/29 21:34:29.892, 297.35, 100, 74232, 70
2026/07/29 21:34:30.928, 301.14, 100, 74232, 70
2026/07/29 21:34:31.965, 294.33, 100, 74232, 70
2026/07/29 21:34:33.002, 300.43, 100, 74232, 70
2026/07/29 21:34:34.039, 301.03, 100, 74232, 70
2026/07/29 21:34:35.077, 304.96, 100, 74232, 70
2026/07/29 21:34:36.115, 304.84, 100, 74232, 70
2026/07/29 21:34:37.151, 303.19, 100, 74232, 70
2026/07/29 21:34:38.192, 304.94, 100, 74232, 70
2026/07/29 21:34:39.230, 300.36, 100, 74232, 70
2026/07/29 21:34:40.267, 299.29, 100, 74232, 70
2026/07/29 21:34:41.304, 295.30, 100, 74232, 70
2026/07/29 21:34:42.340, 304.45, 100, 74232, 70
2026/07/29 21:34:43.376, 293.84, 100, 74232, 70
2026/07/29 21:34:44.415, 293.14, 100, 74232, 70
2026/07/29 21:34:45.452, 292.78, 100, 74232, 70
2026/07/29 21:34:46.490, 300.35, 100, 74232, 70
2026/07/29 21:34:47.527, 293.94, 100, 74232, 70
2026/07/29 21:34:48.567, 294.43, 100, 74232, 70
2026/07/29 21:34:49.603, 299.20, 100, 74232, 70
2026/07/29 21:34:50.642, 291.88, 100, 74232, 72
2026/07/29 21:34:51.678, 297.45, 100, 74232, 72
2026/07/29 21:34:52.716, 298.29, 100, 74232, 72
2026/07/29 21:34:53.752, 293.15, 100, 74232, 72
2026/07/29 21:34:54.791, 292.22, 100, 74232, 71
2026/07/29 21:34:55.833, 280.57, 100, 74232, 72
2026/07/29 21:34:56.869, 308.02, 100, 74232, 72
2026/07/29 21:34:57.906, 303.86, 100, 74232, 70
2026/07/29 21:34:58.944, 297.15, 100, 74232, 70
2026/07/29 21:34:59.982, 300.34, 100, 74232, 70
2026/07/29 21:35:01.018, 303.94, 100, 74232, 70
2026/07/29 21:35:02.055, 301.14, 100, 74232, 70
2026/07/29 21:35:03.099, 302.51, 100, 74232, 70
2026/07/29 21:35:04.137, 298.00, 100, 74232, 70
2026/07/29 21:35:05.173, 297.83, 100, 74232, 70
2026/07/29 21:35:06.209, 294.63, 100, 74232, 70
2026/07/29 21:35:07.248, 295.19, 100, 74232, 70
2026/07/29 21:35:08.284, 296.96, 100, 74232, 70
2026/07/29 21:35:09.321, 297.72, 100, 74232, 70
2026/07/29 21:35:10.358, 296.38, 100, 74232, 70
2026/07/29 21:35:11.398, 296.07, 100, 74232, 70
2026/07/29 21:35:12.435, 304.37, 100, 74232, 70
2026/07/29 21:35:13.473, 308.04, 100, 74232, 70
2026/07/29 21:35:14.509, 295.81, 100, 74232, 70
2026/07/29 21:35:15.546, 303.48, 100, 74232, 70
2026/07/29 21:35:16.584, 297.54, 100, 74232, 70
2026/07/29 21:35:17.621, 297.63, 100, 74232, 70
2026/07/29 21:35:18.658, 293.15, 100, 74232, 70
2026/07/29 21:35:19.700, 296.66, 100, 74232, 70
2026/07/29 21:35:20.736, 303.94, 100, 74232, 70
2026/07/29 21:35:21.773, 304.90, 100, 74232, 70
2026/07/29 21:35:22.810, 301.93, 100, 74232, 70
2026/07/29 21:35:23.847, 302.32, 100, 74232, 70
2026/07/29 21:35:24.884, 296.57, 100, 74232, 70
2026/07/29 21:35:25.921, 308.49, 100, 74232, 70
2026/07/29 21:35:26.961, 303.82, 100, 74232, 70
2026/07/29 21:35:27.997, 297.65, 100, 74232, 70
2026/07/29 21:35:29.034, 297.55, 100, 74232, 70
2026/07/29 21:35:30.073, 293.44, 100, 74232, 70
2026/07/29 21:35:31.112, 290.43, 100, 74232, 70
2026/07/29 21:35:32.148, 296.47, 100, 74232, 70
2026/07/29 21:35:33.185, 304.91, 100, 74232, 70
2026/07/29 21:35:34.221, 301.23, 100, 74232, 70
2026/07/29 21:35:35.257, 301.89, 100, 74232, 70
2026/07/29 21:35:36.296, 298.50, 100, 74232, 70
2026/07/29 21:35:37.336, 294.08, 100, 74232, 70
2026/07/29 21:35:38.372, 298.04, 100, 74232, 70
2026/07/29 21:35:39.409, 297.05, 100, 74232, 70
2026/07/29 21:35:40.449, 297.23, 100, 74232, 70
2026/07/29 21:35:41.486, 296.38, 100, 74232, 70
2026/07/29 21:35:42.522, 297.54, 100, 74232, 70
2026/07/29 21:35:43.559, 299.09, 100, 74232, 70
2026/07/29 21:35:44.596, 296.27, 100, 74232, 70
2026/07/29 21:35:45.634, 303.64, 100, 74232, 70
2026/07/29 21:35:46.672, 304.75, 100, 74232, 70
2026/07/29 21:35:47.710, 296.65, 100, 74232, 70
2026/07/29 21:35:48.747, 294.13, 100, 74232, 70
2026/07/29 21:35:49.786, 296.68, 100, 74232, 70
2026/07/29 21:35:50.823, 293.72, 100, 74232, 70
2026/07/29 21:35:51.861, 297.45, 100, 74232, 70
2026/07/29 21:35:52.897, 294.02, 100, 74232, 70
2026/07/29 21:35:53.933, 295.98, 100, 74232, 70
2026/07/29 21:35:54.970, 295.48, 100, 74232, 70
2026/07/29 21:35:56.006, 296.56, 100, 74232, 70
2026/07/29 21:35:57.043, 291.91, 100, 74232, 70
2026/07/29 21:35:58.079, 304.24, 100, 74232, 70
2026/07/29 21:35:59.117, 301.99, 100, 74232, 70
2026/07/29 21:36:00.155, 303.07, 100, 74232, 70
2026/07/29 21:36:01.191, 304.45, 100, 74232, 70
2026/07/29 21:36:02.229, 304.14, 100, 74232, 70
2026/07/29 21:36:03.267, 301.82, 100, 74232, 70
2026/07/29 21:36:04.303, 299.75, 100, 74232, 70
2026/07/29 21:36:05.339, 303.75, 100, 74232, 70
2026/07/29 21:36:06.375, 306.38, 100, 74232, 70
2026/07/29 21:36:07.412, 299.38, 100, 74232, 70
2026/07/29 21:36:08.451, 302.51, 100, 74232, 70
2026/07/29 21:36:09.489, 297.54, 100, 74232, 70
2026/07/29 21:36:10.527, 305.30, 100, 74232, 71
2026/07/29 21:36:11.564, 301.21, 100, 74232, 70
2026/07/29 21:36:12.602, 298.69, 100, 74232, 70
2026/07/29 21:36:13.638, 295.39, 100, 74232, 70
2026/07/29 21:36:14.677, 302.02, 100, 74232, 70
2026/07/29 21:36:15.716, 299.88, 100, 74232, 70
2026/07/29 21:36:16.753, 301.70, 100, 74232, 70
2026/07/29 21:36:17.790, 301.61, 100, 74232, 70
2026/07/29 21:36:18.827, 303.56, 100, 74232, 70
2026/07/29 21:36:19.864, 302.90, 100, 74232, 70
2026/07/29 21:36:20.900, 295.80, 100, 74232, 70
2026/07/29 21:36:21.937, 300.44, 100, 74232, 70
2026/07/29 21:36:22.975, 295.21, 100, 74232, 70
2026/07/29 21:36:24.012, 302.21, 100, 74232, 70
2026/07/29 21:36:25.050, 301.03, 100, 74232, 70
2026/07/29 21:36:26.086, 299.86, 100, 74232, 70
2026/07/29 21:36:27.123, 302.28, 100, 74232, 70
2026/07/29 21:36:28.160, 301.83, 100, 74232, 70
2026/07/29 21:36:29.202, 302.60, 100, 74232, 70
2026/07/29 21:36:30.238, 303.76, 100, 74232, 70
2026/07/29 21:36:31.274, 301.54, 100, 74232, 70
2026/07/29 21:36:32.310, 302.35, 100, 74232, 70
2026/07/29 21:36:33.346, 302.78, 100, 74232, 70
2026/07/29 21:36:34.385, 297.25, 100, 74232, 70
2026/07/29 21:36:35.423, 297.16, 100, 74232, 70
2026/07/29 21:36:36.460, 303.17, 100, 74232, 70
2026/07/29 21:36:37.497, 304.04, 100, 74232, 70
2026/07/29 21:36:38.535, 298.60, 100, 74232, 70
2026/07/29 21:36:39.572, 301.81, 100, 74232, 70
2026/07/29 21:36:40.609, 302.00, 100, 74232, 70
2026/07/29 21:36:41.645, 297.54, 100, 74232, 70
2026/07/29 21:36:42.683, 302.91, 100, 74232, 70
2026/07/29 21:36:43.721, 299.27, 100, 74232, 70
2026/07/29 21:36:44.761, 289.47, 100, 74232, 70
2026/07/29 21:36:45.797, 304.85, 100, 74232, 70
2026/07/29 21:36:46.838, 301.33, 100, 74232, 70
2026/07/29 21:36:47.876, 302.81, 100, 74232, 70
2026/07/29 21:36:48.911, 305.56, 100, 74232, 70
2026/07/29 21:36:49.948, 302.22, 100, 74232, 70
2026/07/29 21:36:50.986, 303.00, 100, 74232, 70
2026/07/29 21:36:52.027, 302.70, 100, 74232, 70
2026/07/29 21:36:53.065, 302.76, 100, 74232, 70
2026/07/29 21:36:54.102, 302.20, 100, 74232, 70
2026/07/29 21:36:55.140, 299.58, 100, 74232, 70
2026/07/29 21:36:56.177, 302.49, 100, 74232, 70
2026/07/29 21:36:57.214, 301.89, 100, 74232, 70
2026/07/29 21:36:58.251, 302.50, 100, 74232, 70
2026/07/29 21:36:59.288, 302.67, 100, 74232, 70
2026/07/29 21:37:00.324, 302.81, 100, 74232, 70
2026/07/29 21:37:01.366, 301.70, 100, 74232, 70
2026/07/29 21:37:02.402, 293.83, 100, 74232, 70
2026/07/29 21:37:03.438, 300.66, 100, 74232, 70
2026/07/29 21:37:04.474, 302.96, 100, 74232, 70
2026/07/29 21:37:05.511, 301.98, 100, 74232, 70
2026/07/29 21:37:06.549, 293.73, 100, 74232, 70
2026/07/29 21:37:07.588, 294.32, 100, 74232, 70
2026/07/29 21:37:08.626, 292.10, 100, 74232, 70
2026/07/29 21:37:09.664, 293.25, 100, 74232, 70
2026/07/29 21:37:10.704, 294.43, 100, 74232, 70
2026/07/29 21:37:11.740, 295.48, 100, 74232, 70
2026/07/29 21:37:12.777, 297.34, 100, 74232, 70
2026/07/29 21:37:13.815, 297.65, 100, 74232, 70
2026/07/29 21:37:14.861, 302.49, 100, 74232, 70
2026/07/29 21:37:15.903, 300.04, 100, 74232, 70
2026/07/29 21:37:16.942, 301.89, 100, 74232, 70
2026/07/29 21:37:17.980, 297.92, 100, 74232, 70
2026/07/29 21:37:19.017, 301.12, 100, 74232, 70
2026/07/29 21:37:20.053, 297.83, 100, 74232, 70
2026/07/29 21:37:21.089, 306.39, 100, 74232, 70
2026/07/29 21:37:22.127, 303.30, 100, 74232, 70
2026/07/29 21:37:23.165, 302.01, 100, 74232, 70
2026/07/29 21:37:24.202, 301.60, 100, 74232, 70
2026/07/29 21:37:25.240, 302.88, 100, 74232, 70
2026/07/29 21:37:26.278, 301.32, 100, 74232, 70
2026/07/29 21:37:27.314, 301.99, 100, 74232, 70
2026/07/29 21:37:28.351, 303.27, 100, 74232, 70
2026/07/29 21:37:29.388, 302.00, 100, 74232, 70
2026/07/29 21:37:30.429, 300.76, 100, 74232, 70
2026/07/29 21:37:31.467, 302.31, 100, 74232, 70
2026/07/29 21:37:32.504, 294.52, 100, 74232, 70
2026/07/29 21:37:33.542, 294.04, 100, 74232, 70
2026/07/29 21:37:34.579, 298.10, 100, 74232, 70
2026/07/29 21:37:35.616, 301.92, 100, 74232, 70
2026/07/29 21:37:36.654, 293.56, 100, 74232, 70
2026/07/29 21:37:37.690, 294.89, 100, 74232, 70
2026/07/29 21:37:38.730, 299.36, 100, 74232, 70
2026/07/29 21:37:39.774, 294.50, 100, 74232, 70
2026/07/29 21:37:40.813, 295.87, 100, 74232, 70
2026/07/29 21:37:41.851, 301.61, 100, 74232, 70
2026/07/29 21:37:42.889, 299.29, 100, 74232, 70
2026/07/29 21:37:43.926, 301.42, 100, 74232, 70
2026/07/29 21:37:44.964, 299.27, 100, 74232, 70
2026/07/29 21:37:46.001, 307.46, 100, 74232, 70
2026/07/29 21:37:47.040, 298.70, 100, 74232, 70
2026/07/29 21:37:48.076, 298.21, 100, 74232, 70
2026/07/29 21:37:49.112, 304.24, 100, 74232, 70
2026/07/29 21:37:50.149, 307.08, 100, 74232, 70
2026/07/29 21:37:51.191, 292.76, 100, 74232, 71
2026/07/29 21:37:52.225, 295.03, 100, 74232, 71
2026/07/29 21:37:53.268, 309.02, 100, 74232, 71
2026/07/29 21:37:54.303, 317.23, 100, 74232, 71
2026/07/29 21:37:55.341, 308.42, 100, 74232, 72
2026/07/29 21:37:56.376, 273.42, 100, 74232, 71
2026/07/29 21:37:57.411, 302.78, 100, 74232, 70
2026/07/29 21:37:58.448, 298.71, 100, 74232, 70
2026/07/29 21:37:59.486, 299.88, 100, 74232, 70
2026/07/29 21:38:00.525, 295.60, 100, 74232, 70
2026/07/29 21:38:01.562, 296.46, 100, 74232, 70
2026/07/29 21:38:02.599, 297.36, 100, 74232, 70
2026/07/29 21:38:03.637, 294.72, 100, 74232, 70
2026/07/29 21:38:04.674, 296.46, 100, 74232, 70
2026/07/29 21:38:05.713, 299.76, 100, 74232, 70
2026/07/29 21:38:06.751, 304.16, 100, 74232, 70
2026/07/29 21:38:07.787, 303.27, 100, 74232, 70
2026/07/29 21:38:08.823, 299.91, 100, 74232, 72
2026/07/29 21:38:09.859, 292.61, 100, 74232, 72
2026/07/29 21:38:10.895, 291.31, 100, 74232, 72
2026/07/29 21:38:11.932, 295.00, 100, 74232, 72
2026/07/29 21:38:12.967, 307.18, 100, 74232, 72
2026/07/29 21:38:14.002, 280.45, 100, 74232, 72
2026/07/29 21:38:15.036, 320.72, 100, 74232, 72
2026/07/29 21:38:16.071, 304.15, 100, 74232, 70
2026/07/29 21:38:17.110, 301.33, 100, 74232, 70
2026/07/29 21:38:18.147, 299.72, 100, 74232, 70
2026/07/29 21:38:19.186, 300.34, 100, 74232, 70
2026/07/29 21:38:20.223, 304.62, 100, 74232, 71
2026/07/29 21:38:21.260, 94.93, 0, 74232, 67
2026/07/29 21:38:22.292, 291.40, 100, 74232, 72
2026/07/29 21:38:23.327, 306.17, 100, 74232, 72
2026/07/29 21:38:24.362, 308.92, 100, 74232, 72
2026/07/29 21:38:25.395, 291.02, 100, 74232, 72
2026/07/29 21:38:26.431, 300.06, 100, 74232, 72
2026/07/29 21:38:27.467, 289.95, 100, 74232, 72
2026/07/29 21:38:28.512, 301.64, 100, 74232, 72
2026/07/29 21:38:29.548, 298.52, 100, 74232, 71
2026/07/29 21:38:30.593, 298.30, 100, 74232, 71
2026/07/29 21:38:31.635, 287.90, 100, 74232, 71
2026/07/29 21:38:32.671, 96.86, 34, 74232, 68
2026/07/29 21:38:33.703, 298.30, 100, 74232, 72
2026/07/29 21:38:34.736, 293.91, 100, 74232, 72
2026/07/29 21:38:35.771, 298.72, 100, 74232, 72
2026/07/29 21:38:36.806, 307.75, 100, 74232, 72
2026/07/29 21:38:37.847, 307.93, 100, 74232, 73
2026/07/29 21:38:38.882, 289.32, 100, 74232, 73
2026/07/29 21:38:39.915, 284.58, 100, 74232, 72
2026/07/29 21:38:40.950, 304.42, 100, 74232, 71
2026/07/29 21:38:41.987, 305.91, 100, 74232, 71
2026/07/29 21:38:43.024, 302.00, 100, 74232, 71
2026/07/29 21:38:44.062, 301.79, 100, 74232, 71
2026/07/29 21:38:45.099, 95.51, 47, 74232, 68
2026/07/29 21:38:46.141, 301.40, 100, 74232, 72
2026/07/29 21:38:47.179, 303.55, 100, 74232, 71
2026/07/29 21:38:48.216, 303.67, 100, 74232, 71
2026/07/29 21:38:49.255, 305.77, 100, 74232, 71
2026/07/29 21:38:50.294, 303.57, 100, 74232, 71
2026/07/29 21:38:51.333, 307.33, 100, 74232, 71
2026/07/29 21:38:52.376, 298.98, 100, 74232, 71
2026/07/29 21:38:53.413, 298.13, 100, 74232, 71
2026/07/29 21:38:54.451, 300.65, 100, 74232, 71
2026/07/29 21:38:55.491, 297.25, 100, 74232, 71
2026/07/29 21:38:56.528, 296.47, 100, 74232, 71
2026/07/29 21:38:57.568, 296.94, 100, 74232, 71
2026/07/29 21:38:58.608, 296.67, 100, 74232, 71
2026/07/29 21:38:59.644, 295.80, 100, 74232, 71
2026/07/29 21:39:00.682, 295.89, 100, 74232, 71
2026/07/29 21:39:01.720, 296.86, 100, 74232, 70
2026/07/29 21:39:02.757, 297.65, 100, 74232, 70
2026/07/29 21:39:03.794, 295.51, 100, 74232, 70
2026/07/29 21:39:04.832, 294.33, 100, 74232, 70
2026/07/29 21:39:05.869, 296.18, 100, 74232, 70
2026/07/29 21:39:06.907, 303.98, 100, 74232, 70
2026/07/29 21:39:07.945, 303.08, 100, 74232, 70
2026/07/29 21:39:08.982, 305.83, 100, 74232, 70
2026/07/29 21:39:10.018, 297.73, 100, 74232, 70
2026/07/29 21:39:11.055, 303.76, 100, 74232, 70
2026/07/29 21:39:12.093, 300.26, 100, 74232, 70
2026/07/29 21:39:13.129, 304.04, 100, 74232, 70
2026/07/29 21:39:14.166, 299.69, 100, 74232, 70
2026/07/29 21:39:15.202, 302.00, 100, 74232, 70
2026/07/29 21:39:16.244, 292.48, 100, 74232, 70
2026/07/29 21:39:17.283, 294.70, 100, 74232, 70
2026/07/29 21:39:18.321, 299.98, 100, 74232, 70
2026/07/29 21:39:19.358, 296.18, 100, 74232, 70
2026/07/29 21:39:20.395, 296.16, 100, 74232, 70
2026/07/29 21:39:21.433, 294.80, 100, 74232, 70
2026/07/29 21:39:22.470, 295.59, 100, 74232, 70
2026/07/29 21:39:23.507, 302.49, 100, 74232, 70
2026/07/29 21:39:24.543, 304.37, 100, 74232, 70
2026/07/29 21:39:25.583, 302.99, 100, 74232, 70
2026/07/29 21:39:26.620, 304.85, 100, 74232, 70
2026/07/29 21:39:27.656, 296.99, 100, 74232, 70
2026/07/29 21:39:28.693, 302.97, 100, 74232, 70
2026/07/29 21:39:29.732, 302.12, 100, 74232, 70
2026/07/29 21:39:30.770, 297.07, 100, 74232, 70
2026/07/29 21:39:31.807, 303.64, 100, 74232, 70
2026/07/29 21:39:32.848, 291.80, 100, 74232, 70
2026/07/29 21:39:33.885, 303.39, 100, 74232, 70
2026/07/29 21:39:34.923, 299.07, 100, 74232, 70
2026/07/29 21:39:35.964, 296.76, 100, 74232, 70
2026/07/29 21:39:37.000, 300.02, 100, 74232, 70
2026/07/29 21:39:38.037, 301.40, 100, 74232, 70
2026/07/29 21:39:39.074, 301.61, 100, 74232, 70
2026/07/29 21:39:40.111, 300.72, 100, 74232, 70
2026/07/29 21:39:41.150, 291.98, 100, 74232, 70
2026/07/29 21:39:42.188, 292.95, 100, 74232, 70
2026/07/29 21:39:43.226, 294.73, 100, 74232, 70
2026/07/29 21:39:44.264, 300.76, 100, 74232, 70
2026/07/29 21:39:45.300, 298.40, 100, 74232, 70
2026/07/29 21:39:46.338, 299.29, 100, 74232, 70
2026/07/29 21:39:47.375, 298.91, 100, 74232, 70
2026/07/29 21:39:48.413, 300.72, 100, 74232, 70
2026/07/29 21:39:49.451, 302.21, 100, 74232, 70
2026/07/29 21:39:50.488, 307.71, 100, 74232, 70
2026/07/29 21:39:51.526, 300.15, 100, 74232, 70
2026/07/29 21:39:52.563, 301.22, 100, 74232, 70
2026/07/29 21:39:53.605, 295.40, 100, 74232, 70
2026/07/29 21:39:54.642, 291.59, 100, 74232, 70
2026/07/29 21:39:55.678, 289.07, 100, 74232, 70
2026/07/29 21:39:56.715, 292.85, 100, 74232, 70
2026/07/29 21:39:57.753, 298.99, 100, 74232, 70
2026/07/29 21:39:58.790, 295.59, 100, 74232, 70
2026/07/29 21:39:59.827, 294.12, 100, 74232, 70
2026/07/29 21:40:00.864, 291.51, 100, 74232, 70
2026/07/29 21:40:01.902, 293.93, 100, 74232, 70
2026/07/29 21:40:02.938, 292.56, 100, 74232, 70
2026/07/29 21:40:03.974, 306.26, 100, 74232, 70
2026/07/29 21:40:05.010, 289.84, 100, 74232, 70
2026/07/29 21:40:06.051, 295.10, 100, 74232, 70
2026/07/29 21:40:07.088, 295.51, 100, 74232, 70
2026/07/29 21:40:08.129, 299.51, 100, 74232, 70
2026/07/29 21:40:09.170, 300.81, 100, 74232, 70
2026/07/29 21:40:10.207, 303.37, 100, 74232, 70
2026/07/29 21:40:11.244, 303.29, 100, 74232, 70
2026/07/29 21:40:12.281, 303.68, 100, 74232, 70
2026/07/29 21:40:13.317, 303.39, 100, 74232, 70
2026/07/29 21:40:14.355, 302.68, 100, 74232, 70
2026/07/29 21:40:15.391, 299.49, 100, 74232, 70
2026/07/29 21:40:16.428, 302.60, 100, 74232, 70
2026/07/29 21:40:17.465, 302.98, 100, 74232, 70
2026/07/29 21:40:18.504, 303.37, 100, 74232, 70
2026/07/29 21:40:19.542, 302.10, 100, 74232, 70
2026/07/29 21:40:20.582, 303.77, 100, 74232, 70
2026/07/29 21:40:21.619, 302.61, 100, 74232, 70
2026/07/29 21:40:22.656, 302.49, 100, 74232, 70
2026/07/29 21:40:23.693, 294.79, 100, 74232, 70
2026/07/29 21:40:24.734, 295.99, 100, 74232, 70
2026/07/29 21:40:25.770, 295.51, 100, 74232, 70
2026/07/29 21:40:26.807, 298.81, 100, 74232, 70
2026/07/29 21:40:27.844, 302.00, 100, 74232, 70
2026/07/29 21:40:28.881, 293.76, 100, 74232, 72
2026/07/29 21:40:29.916, 295.69, 100, 74232, 72
2026/07/29 21:40:30.954, 312.55, 100, 74232, 72
2026/07/29 21:40:31.990, 322.56, 100, 74232, 72
2026/07/29 21:40:33.025, 284.28, 100, 74232, 72
2026/07/29 21:40:34.061, 306.10, 100, 74232, 70
2026/07/29 21:40:35.100, 300.26, 100, 74232, 70
2026/07/29 21:40:36.136, 298.00, 100, 74232, 70
2026/07/29 21:40:37.183, 301.73, 100, 74232, 70
2026/07/29 21:40:38.221, 294.34, 100, 74232, 71
2026/07/29 21:40:39.256, 285.46, 100, 74232, 71
2026/07/29 21:40:40.292, 290.69, 100, 74232, 72
2026/07/29 21:40:41.326, 297.81, 100, 74232, 72
2026/07/29 21:40:42.362, 319.22, 100, 74232, 72
2026/07/29 21:40:43.397, 286.92, 100, 74232, 72
2026/07/29 21:40:44.439, 302.46, 100, 74232, 70
2026/07/29 21:40:45.478, 289.25, 100, 74232, 70
2026/07/29 21:40:46.516, 302.48, 100, 74232, 70
2026/07/29 21:40:47.561, 295.99, 100, 74232, 70
2026/07/29 21:40:48.600, 289.46, 100, 74232, 70
2026/07/29 21:40:49.638, 283.89, 100, 74232, 70
2026/07/29 21:40:50.679, 290.54, 100, 74232, 71
2026/07/29 21:40:51.717, 288.21, 100, 74232, 71
2026/07/29 21:40:52.754, 292.96, 100, 74232, 71
2026/07/29 21:40:53.793, 298.33, 100, 74232, 71
2026/07/29 21:40:54.831, 295.98, 100, 74232, 71
2026/07/29 21:40:55.870, 297.05, 100, 74232, 71
2026/07/29 21:40:56.908, 292.66, 100, 74232, 71
2026/07/29 21:40:57.947, 297.42, 100, 74232, 71
2026/07/29 21:40:58.984, 303.35, 100, 74232, 71
2026/07/29 21:41:00.021, 295.02, 100, 74232, 71
2026/07/29 21:41:01.061, 95.92, 0, 74232, 71
2026/07/29 21:41:02.099, 302.09, 100, 74232, 72
2026/07/29 21:41:03.135, 287.58, 100, 74232, 72
2026/07/29 21:41:04.175, 312.01, 100, 74232, 72
2026/07/29 21:41:05.212, 304.04, 100, 74232, 72
2026/07/29 21:41:06.249, 265.90, 100, 74232, 72
2026/07/29 21:41:07.285, 304.64, 100, 74232, 70
2026/07/29 21:41:08.323, 300.33, 100, 74232, 70
2026/07/29 21:41:09.361, 297.73, 100, 74232, 70
2026/07/29 21:41:10.398, 303.08, 100, 74232, 70
2026/07/29 21:41:11.435, 95.60, 0, 74232, 67
2026/07/29 21:41:12.468, 304.42, 100, 74232, 71
2026/07/29 21:41:13.504, 309.10, 100, 74232, 71
2026/07/29 21:41:14.542, 316.07, 100, 74232, 72
2026/07/29 21:41:15.577, 310.25, 100, 74232, 71
2026/07/29 21:41:16.612, 305.97, 100, 74232, 72
2026/07/29 21:41:17.652, 296.74, 100, 74232, 72
2026/07/29 21:41:18.687, 302.57, 100, 74232, 70
2026/07/29 21:41:19.723, 299.55, 100, 74232, 70
2026/07/29 21:41:20.759, 299.80, 100, 74232, 70
2026/07/29 21:41:21.796, 303.36, 100, 74232, 70
2026/07/29 21:41:22.836, 295.21, 100, 74232, 70
2026/07/29 21:41:23.873, 293.15, 100, 74232, 70
2026/07/29 21:41:24.911, 303.65, 100, 74232, 70
2026/07/29 21:41:25.949, 301.73, 100, 74232, 70
2026/07/29 21:41:26.990, 294.43, 100, 74232, 70
2026/07/29 21:41:28.028, 303.88, 100, 74232, 70
2026/07/29 21:41:29.072, 300.85, 100, 74232, 70
2026/07/29 21:41:30.110, 298.78, 100, 74232, 70
2026/07/29 21:41:31.148, 294.62, 100, 74232, 70
2026/07/29 21:41:32.186, 296.08, 100, 74232, 70
2026/07/29 21:41:33.223, 294.91, 100, 74232, 70
2026/07/29 21:41:34.264, 313.11, 38, 74232, 71
2026/07/29 21:41:35.299, 308.08, 100, 74232, 72
2026/07/29 21:41:36.334, 293.45, 100, 74232, 72
2026/07/29 21:41:37.373, 304.61, 100, 74232, 72
2026/07/29 21:41:38.408, 311.65, 100, 74232, 72
2026/07/29 21:41:39.443, 279.30, 100, 74232, 72
2026/07/29 21:41:40.479, 315.69, 100, 74232, 72
2026/07/29 21:41:41.518, 303.92, 100, 74232, 70
2026/07/29 21:41:42.556, 298.24, 100, 74232, 70
2026/07/29 21:41:43.597, 297.05, 100, 74232, 70
2026/07/29 21:41:44.636, 289.08, 100, 74232, 70
2026/07/29 21:41:45.672, 95.71, 0, 74232, 67
2026/07/29 21:41:46.704, 93.60, 0, 74232, 66
2026/07/29 21:41:47.737, 296.98, 100, 74232, 71
2026/07/29 21:41:48.773, 293.50, 100, 74232, 71
2026/07/29 21:41:49.807, 286.83, 100, 74232, 71
2026/07/29 21:41:50.841, 289.23, 100, 74232, 71
2026/07/29 21:41:51.878, 291.99, 100, 74232, 72
2026/07/29 21:41:52.913, 296.79, 100, 74232, 72
2026/07/29 21:41:53.947, 301.93, 100, 74232, 70
2026/07/29 21:41:54.985, 304.26, 100, 74232, 70
2026/07/29 21:41:56.022, 301.49, 100, 74232, 70
2026/07/29 21:41:57.060, 301.40, 100, 74232, 70
2026/07/29 21:41:58.098, 304.06, 100, 74232, 70
2026/07/29 21:41:59.134, 300.17, 100, 74232, 71
2026/07/29 21:42:00.172, 302.88, 100, 74232, 71
2026/07/29 21:42:01.209, 304.64, 100, 74232, 71
2026/07/29 21:42:02.246, 306.27, 100, 74232, 71
2026/07/29 21:42:03.282, 308.99, 100, 74232, 71
2026/07/29 21:42:04.318, 303.97, 100, 74232, 71
2026/07/29 21:42:05.354, 304.24, 100, 74232, 71
2026/07/29 21:42:06.392, 301.79, 100, 74232, 71
2026/07/29 21:42:07.428, 296.27, 100, 74232, 71
2026/07/29 21:42:08.466, 298.51, 100, 74232, 71
2026/07/29 21:42:09.504, 96.06, 0, 74232, 67
2026/07/29 21:42:10.538, 311.07, 100, 74232, 72
2026/07/29 21:42:11.620, 307.94, 100, 74232, 72
2026/07/29 21:42:12.656, 300.55, 100, 74232, 72
2026/07/29 21:42:13.690, 301.77, 100, 74232, 72
2026/07/29 21:42:14.725, 325.38, 100, 74232, 72
2026/07/29 21:42:15.760, 266.50, 100, 74232, 72
2026/07/29 21:42:16.798, 300.73, 100, 74232, 72
2026/07/29 21:42:17.834, 303.46, 100, 74232, 70
2026/07/29 21:42:18.872, 304.61, 100, 74232, 70
2026/07/29 21:42:19.910, 303.10, 100, 74232, 70
2026/07/29 21:42:20.948, 302.86, 100, 74232, 70
2026/07/29 21:42:21.985, 304.03, 100, 74232, 70
2026/07/29 21:42:23.023, 93.92, 0, 74232, 67
2026/07/29 21:42:24.116, 298.26, 100, 74232, 71
2026/07/29 21:42:25.151, 283.92, 100, 74232, 71
2026/07/29 21:42:26.193, 290.36, 100, 74232, 71
2026/07/29 21:42:27.227, 296.82, 100, 74232, 71
2026/07/29 21:42:28.262, 305.34, 100, 74232, 72
2026/07/29 21:42:29.298, 319.39, 100, 74232, 72
2026/07/29 21:42:30.335, 277.79, 100, 74232, 72
2026/07/29 21:42:31.370, 296.29, 100, 74232, 70
2026/07/29 21:42:32.409, 295.39, 100, 74232, 70
2026/07/29 21:42:33.446, 299.38, 100, 74232, 70
2026/07/29 21:42:34.485, 297.03, 100, 74232, 70
2026/07/29 21:42:35.523, 291.70, 100, 74232, 70
2026/07/29 21:42:36.560, 286.03, 100, 74232, 70
2026/07/29 21:42:37.598, 291.71, 100, 74232, 70
2026/07/29 21:42:38.636, 298.22, 100, 74232, 70
2026/07/29 21:42:39.675, 297.81, 100, 74232, 70
2026/07/29 21:42:40.712, 293.92, 100, 74232, 70
2026/07/29 21:42:41.752, 293.74, 100, 74232, 70
2026/07/29 21:42:42.790, 299.98, 100, 74232, 70
2026/07/29 21:42:43.827, 301.61, 100, 74232, 70
2026/07/29 21:42:44.866, 300.94, 100, 74232, 70
2026/07/29 21:42:45.903, 301.40, 100, 74232, 70
2026/07/29 21:42:46.941, 296.26, 0, 74232, 71
2026/07/29 21:42:47.975, 299.74, 100, 74232, 70
2026/07/29 21:42:49.012, 293.93, 100, 74232, 70
2026/07/29 21:42:50.049, 300.66, 100, 74232, 70
2026/07/29 21:42:51.085, 303.00, 100, 74232, 70
2026/07/29 21:42:52.124, 302.78, 100, 74232, 70
2026/07/29 21:42:53.161, 302.02, 100, 74232, 70
2026/07/29 21:42:54.199, 296.77, 100, 74232, 70
2026/07/29 21:42:55.236, 302.60, 100, 74232, 70
2026/07/29 21:42:56.274, 292.10, 100, 74232, 70
2026/07/29 21:42:57.312, 294.91, 100, 74232, 70
2026/07/29 21:42:58.349, 293.05, 100, 74232, 70
2026/07/29 21:42:59.386, 295.10, 100, 74232, 70
2026/07/29 21:43:00.425, 296.35, 100, 74232, 70
2026/07/29 21:43:01.463, 294.53, 100, 74232, 70
2026/07/29 21:43:02.501, 297.73, 100, 74232, 70
2026/07/29 21:43:03.539, 301.59, 100, 74232, 70
2026/07/29 21:43:04.577, 306.90, 100, 74232, 70
2026/07/29 21:43:05.617, 303.39, 100, 74232, 70
2026/07/29 21:43:06.654, 301.22, 100, 74232, 70
2026/07/29 21:43:07.691, 304.45, 100, 74232, 70
2026/07/29 21:43:08.728, 302.19, 100, 74232, 70
2026/07/29 21:43:09.766, 301.92, 100, 74232, 70
2026/07/29 21:43:10.802, 304.16, 100, 74232, 70
2026/07/29 21:43:11.839, 298.99, 100, 74232, 70
2026/07/29 21:43:12.876, 301.72, 100, 74232, 70
2026/07/29 21:43:13.913, 298.89, 100, 74232, 70
2026/07/29 21:43:14.949, 299.08, 100, 74232, 70
2026/07/29 21:43:15.987, 302.50, 100, 74232, 70
2026/07/29 21:43:17.024, 300.47, 100, 74232, 70
2026/07/29 21:43:18.059, 301.54, 100, 74232, 70
2026/07/29 21:43:19.096, 302.41, 100, 74232, 70
2026/07/29 21:43:20.133, 300.45, 100, 74232, 70
2026/07/29 21:43:21.170, 291.81, 100, 74232, 70
2026/07/29 21:43:22.213, 294.52, 100, 74232, 70
2026/07/29 21:43:23.249, 302.41, 100, 74232, 70
2026/07/29 21:43:24.286, 303.98, 100, 74232, 70
2026/07/29 21:43:25.322, 303.18, 100, 74232, 70
2026/07/29 21:43:26.359, 298.78, 100, 74232, 70
2026/07/29 21:43:27.397, 297.83, 100, 74232, 70
2026/07/29 21:43:28.433, 289.46, 100, 74232, 70
2026/07/29 21:43:29.471, 299.87, 100, 74232, 70
2026/07/29 21:43:30.507, 300.24, 100, 74232, 70
2026/07/29 21:43:31.543, 294.53, 100, 74232, 70
2026/07/29 21:43:32.580, 296.15, 100, 74232, 70
2026/07/29 21:43:33.618, 300.47, 100, 74232, 70
2026/07/29 21:43:34.657, 301.14, 100, 74232, 70
2026/07/29 21:43:35.695, 299.67, 100, 74232, 70
2026/07/29 21:43:36.732, 296.55, 100, 74232, 70
2026/07/29 21:43:37.769, 304.43, 100, 74232, 70
2026/07/29 21:43:38.806, 302.60, 100, 74232, 70
2026/07/29 21:43:39.843, 304.45, 100, 74232, 70
2026/07/29 21:43:40.882, 303.39, 100, 74232, 70
2026/07/29 21:43:41.920, 297.61, 100, 74232, 70
2026/07/29 21:43:42.960, 298.59, 100, 74232, 70
2026/07/29 21:43:43.998, 303.00, 100, 74232, 70
2026/07/29 21:43:45.034, 302.32, 100, 74232, 70
2026/07/29 21:43:46.072, 298.51, 100, 74232, 70
2026/07/29 21:43:47.109, 303.25, 100, 74232, 70
2026/07/29 21:43:48.146, 296.74, 100, 74232, 70
2026/07/29 21:43:49.183, 291.73, 100, 74232, 70
2026/07/29 21:43:50.221, 294.81, 100, 74232, 70
2026/07/29 21:43:51.257, 304.14, 100, 74232, 70
2026/07/29 21:43:52.296, 302.71, 100, 74232, 70
2026/07/29 21:43:53.333, 301.55, 100, 74232, 70
2026/07/29 21:43:54.369, 302.62, 100, 74232, 70
2026/07/29 21:43:55.405, 302.28, 100, 74232, 70
2026/07/29 21:43:56.443, 298.88, 100, 74232, 70
2026/07/29 21:43:57.480, 303.30, 100, 74232, 70
2026/07/29 21:43:58.517, 297.64, 100, 74232, 70
2026/07/29 21:43:59.555, 298.90, 100, 74232, 70
2026/07/29 21:44:00.591, 291.60, 100, 74232, 70
2026/07/29 21:44:01.628, 293.54, 100, 74232, 70
2026/07/29 21:44:02.665, 299.86, 100, 74232, 70
2026/07/29 21:44:03.702, 296.68, 100, 74232, 70
2026/07/29 21:44:04.738, 298.60, 100, 74232, 70
2026/07/29 21:44:05.777, 295.78, 100, 74232, 70
2026/07/29 21:44:06.816, 294.14, 100, 74232, 70
2026/07/29 21:44:07.861, 294.92, 100, 74232, 70
2026/07/29 21:44:08.898, 289.66, 100, 74232, 70
2026/07/29 21:44:09.933, 295.09, 100, 74232, 70
2026/07/29 21:44:10.972, 299.96, 100, 74232, 70
2026/07/29 21:44:12.009, 299.09, 100, 74232, 72
2026/07/29 21:44:13.047, 290.18, 100, 74232, 72
2026/07/29 21:44:14.083, 316.48, 100, 74232, 72
2026/07/29 21:44:15.118, 320.40, 100, 74232, 72
2026/07/29 21:44:16.154, 296.06, 100, 74232, 72
2026/07/29 21:44:17.193, 285.76, 100, 74232, 72
2026/07/29 21:44:18.227, 298.92, 100, 74232, 70
2026/07/29 21:44:19.270, 297.15, 100, 74232, 70
2026/07/29 21:44:20.308, 293.96, 100, 74232, 70
2026/07/29 21:44:21.344, 292.19, 100, 74232, 70
2026/07/29 21:44:22.381, 296.26, 100, 74232, 70
2026/07/29 21:44:23.418, 292.38, 100, 74232, 70
2026/07/29 21:44:24.457, 294.70, 100, 74232, 70
2026/07/29 21:44:25.496, 302.23, 100, 74232, 70
2026/07/29 21:44:26.535, 293.14, 100, 74232, 70
2026/07/29 21:44:27.571, 302.12, 100, 74232, 70
2026/07/29 21:44:28.611, 296.76, 100, 74232, 70
2026/07/29 21:44:29.648, 291.31, 100, 74232, 70
2026/07/29 21:44:30.685, 96.21, 0, 74232, 67
2026/07/29 21:44:31.716, 297.35, 100, 74232, 71
2026/07/29 21:44:32.752, 286.78, 100, 74232, 72
2026/07/29 21:44:33.791, 278.73, 100, 74232, 72
2026/07/29 21:44:34.825, 296.14, 100, 74232, 72
2026/07/29 21:44:35.862, 307.73, 100, 74232, 71
2026/07/29 21:44:36.902, 289.35, 100, 74232, 72
2026/07/29 21:44:37.943, 303.18, 100, 74232, 70
2026/07/29 21:44:38.981, 299.96, 100, 74232, 70
2026/07/29 21:44:40.020, 300.09, 100, 74232, 70
2026/07/29 21:44:41.057, 302.20, 100, 74232, 70
2026/07/29 21:44:42.100, 296.37, 100, 74232, 70
2026/07/29 21:44:43.137, 101.94, 100, 74232, 68
2026/07/29 21:44:44.171, 299.58, 100, 74232, 72
2026/07/29 21:44:45.204, 294.44, 100, 74232, 72
2026/07/29 21:44:46.240, 293.34, 100, 74232, 72
2026/07/29 21:44:47.279, 284.67, 100, 74232, 72
2026/07/29 21:44:48.314, 273.27, 100, 74232, 72
2026/07/29 21:44:49.348, 313.16, 100, 74232, 72
2026/07/29 21:44:50.383, 301.93, 100, 74232, 70
2026/07/29 21:44:51.419, 305.11, 100, 74232, 70
2026/07/29 21:44:52.456, 301.71, 100, 74232, 70
2026/07/29 21:44:53.493, 297.15, 100, 74232, 70
2026/07/29 21:44:54.532, 303.67, 100, 74232, 71
2026/07/29 21:44:55.570, 307.36, 100, 74232, 70
2026/07/29 21:44:56.608, 293.23, 100, 74232, 70
2026/07/29 21:44:57.644, 296.37, 100, 74232, 71
2026/07/29 21:44:58.683, 298.14, 100, 74232, 71
2026/07/29 21:44:59.719, 296.81, 100, 74232, 71
2026/07/29 21:45:00.757, 294.23, 100, 74232, 71
2026/07/29 21:45:01.794, 290.83, 100, 74232, 70
2026/07/29 21:45:02.831, 292.08, 100, 74232, 69
2026/07/29 21:45:03.863, 293.46, 97, 74232, 72
2026/07/29 21:45:04.899, 305.29, 100, 74232, 72
2026/07/29 21:45:05.934, 296.09, 100, 74232, 72
2026/07/29 21:45:06.971, 312.15, 100, 74232, 72
2026/07/29 21:45:08.010, 281.01, 100, 74232, 72
2026/07/29 21:45:09.045, 286.52, 100, 74232, 72
2026/07/29 21:45:10.080, 269.19, 100, 74232, 72
2026/07/29 21:45:11.117, 303.18, 100, 74232, 70
2026/07/29 21:45:12.156, 296.76, 100, 74232, 70
2026/07/29 21:45:13.193, 298.32, 100, 74232, 70
2026/07/29 21:45:14.238, 295.58, 100, 74232, 70
2026/07/29 21:45:15.276, 297.13, 100, 74232, 70
2026/07/29 21:45:16.313, 298.33, 100, 74232, 70
2026/07/29 21:45:17.353, 292.27, 100, 74232, 70
2026/07/29 21:45:18.390, 304.56, 100, 74232, 70
2026/07/29 21:45:19.433, 304.70, 100, 74232, 70
2026/07/29 21:45:20.471, 298.30, 100, 74232, 70
2026/07/29 21:45:21.508, 295.39, 100, 74232, 70
2026/07/29 21:45:22.544, 95.89, 0, 74232, 67
2026/07/29 21:45:23.578, 289.95, 100, 74232, 72
2026/07/29 21:45:24.612, 304.93, 100, 74232, 72
2026/07/29 21:45:25.646, 297.89, 100, 74232, 72
2026/07/29 21:45:26.681, 282.56, 100, 74232, 72
2026/07/29 21:45:27.716, 279.70, 100, 74232, 72
2026/07/29 21:45:28.754, 327.42, 100, 74232, 72
2026/07/29 21:45:29.789, 304.63, 100, 74232, 70
2026/07/29 21:45:30.827, 302.46, 100, 74232, 70
2026/07/29 21:45:31.864, 300.76, 100, 74232, 70
2026/07/29 21:45:32.902, 291.52, 46, 74232, 72
2026/07/29 21:45:33.940, 303.07, 100, 74232, 72
2026/07/29 21:45:34.975, 294.58, 100, 74232, 72
2026/07/29 21:45:36.009, 288.11, 100, 74232, 72
2026/07/29 21:45:37.042, 310.79, 100, 74232, 72
2026/07/29 21:45:38.077, 302.38, 100, 74232, 72
2026/07/29 21:45:39.111, 286.32, 100, 74232, 72
2026/07/29 21:45:40.149, 301.44, 100, 74232, 71
2026/07/29 21:45:41.186, 304.96, 100, 74232, 71
2026/07/29 21:45:42.223, 295.02, 100, 74232, 71
2026/07/29 21:45:43.261, 296.95, 100, 74232, 71
2026/07/29 21:45:44.298, 300.44, 100, 74232, 71
2026/07/29 21:45:45.339, 305.91, 100, 74232, 71
2026/07/29 21:45:46.376, 301.23, 100, 74232, 71
2026/07/29 21:45:47.413, 304.84, 100, 74232, 71
2026/07/29 21:45:48.451, 304.12, 100, 74232, 71
2026/07/29 21:45:49.488, 305.88, 100, 74232, 71
2026/07/29 21:45:50.526, 301.52, 100, 74232, 71
2026/07/29 21:45:51.563, 290.15, 100, 74232, 71
2026/07/29 21:45:52.602, 297.45, 100, 74232, 71
2026/07/29 21:45:53.639, 302.29, 100, 74232, 71
2026/07/29 21:45:54.681, 298.80, 100, 74232, 71
2026/07/29 21:45:55.719, 307.87, 100, 74232, 71
2026/07/29 21:45:56.759, 303.56, 100, 74232, 71
2026/07/29 21:45:57.797, 300.34, 100, 74232, 71
2026/07/29 21:45:58.833, 301.69, 100, 74232, 71
2026/07/29 21:45:59.871, 301.33, 100, 74232, 71
2026/07/29 21:46:00.910, 303.82, 6, 74232, 72
2026/07/29 21:46:01.944, 304.70, 100, 74232, 71
2026/07/29 21:46:02.981, 304.90, 100, 74232, 71
2026/07/29 21:46:04.018, 306.99, 100, 74232, 71
2026/07/29 21:46:05.054, 302.97, 100, 74232, 71
2026/07/29 21:46:06.091, 299.98, 100, 74232, 71
2026/07/29 21:46:07.128, 300.47, 100, 74232, 71
2026/07/29 21:46:08.164, 292.96, 100, 74232, 71
2026/07/29 21:46:09.200, 295.39, 100, 74232, 71
2026/07/29 21:46:10.240, 299.11, 100, 74232, 71
2026/07/29 21:46:11.278, 296.67, 100, 74232, 71
2026/07/29 21:46:12.318, 303.08, 100, 74232, 71
2026/07/29 21:46:13.355, 303.86, 100, 74232, 71
2026/07/29 21:46:14.393, 293.94, 100, 74232, 71
2026/07/29 21:46:15.430, 289.85, 100, 74232, 71
2026/07/29 21:46:16.471, 298.83, 100, 74232, 71
2026/07/29 21:46:17.510, 292.58, 100, 74232, 71
2026/07/29 21:46:18.547, 294.13, 100, 74232, 71
2026/07/29 21:46:19.584, 295.12, 100, 74232, 71
2026/07/29 21:46:20.624, 295.29, 100, 74232, 71
2026/07/29 21:46:21.661, 296.55, 100, 74232, 71
2026/07/29 21:46:22.698, 296.76, 100, 74232, 71
2026/07/29 21:46:23.735, 301.52, 100, 74232, 71
2026/07/29 21:46:24.774, 295.10, 100, 74232, 70
2026/07/29 21:46:25.812, 302.68, 100, 74232, 70
2026/07/29 21:46:26.849, 295.89, 100, 74232, 70
2026/07/29 21:46:27.887, 302.43, 100, 74232, 71
2026/07/29 21:46:28.924, 296.77, 100, 74232, 70
2026/07/29 21:46:29.963, 299.27, 100, 74232, 70
2026/07/29 21:46:31.000, 292.47, 100, 74232, 70
2026/07/29 21:46:32.042, 305.05, 100, 74232, 70
2026/07/29 21:46:33.079, 299.67, 100, 74232, 70
2026/07/29 21:46:34.116, 302.11, 100, 74232, 70
2026/07/29 21:46:35.154, 298.16, 100, 74232, 70
2026/07/29 21:46:36.191, 300.07, 100, 74232, 70
2026/07/29 21:46:37.230, 301.62, 100, 74232, 70
2026/07/29 21:46:38.267, 300.35, 100, 74232, 70
2026/07/29 21:46:39.306, 300.27, 100, 74232, 70
2026/07/29 21:46:40.347, 301.92, 100, 74232, 70
2026/07/29 21:46:41.386, 302.39, 100, 74232, 70
2026/07/29 21:46:42.423, 302.20, 100, 74232, 70
2026/07/29 21:46:43.460, 302.81, 100, 74232, 70
2026/07/29 21:46:44.498, 303.69, 100, 74232, 70
2026/07/29 21:46:45.538, 306.37, 100, 74232, 70
2026/07/29 21:46:46.576, 289.26, 100, 74232, 70
2026/07/29 21:46:47.614, 293.03, 100, 74232, 70
2026/07/29 21:46:48.659, 294.52, 100, 74232, 70
2026/07/29 21:46:49.698, 295.98, 100, 74232, 70
2026/07/29 21:46:50.735, 295.37, 100, 74232, 70
2026/07/29 21:46:51.775, 295.11, 100, 74232, 70
2026/07/29 21:46:52.812, 296.07, 100, 74232, 70
2026/07/29 21:46:53.850, 297.24, 100, 74232, 70
2026/07/29 21:46:54.887, 295.89, 100, 74232, 70
2026/07/29 21:46:55.925, 295.79, 100, 74232, 70
2026/07/29 21:46:56.965, 295.10, 100, 74232, 70
2026/07/29 21:46:58.001, 298.11, 100, 74232, 70
2026/07/29 21:46:59.038, 301.51, 100, 74232, 70
2026/07/29 21:47:00.075, 295.78, 100, 74232, 70
2026/07/29 21:47:01.112, 298.02, 100, 74232, 70
2026/07/29 21:47:02.148, 293.83, 100, 74232, 70
2026/07/29 21:47:03.185, 294.80, 100, 74232, 70
2026/07/29 21:47:04.222, 294.59, 100, 74232, 70
2026/07/29 21:47:05.259, 295.10, 100, 74232, 70
2026/07/29 21:47:06.299, 294.89, 100, 74232, 70
2026/07/29 21:47:07.338, 297.65, 100, 74232, 70
2026/07/29 21:47:08.375, 299.65, 100, 74232, 70
2026/07/29 21:47:09.413, 301.83, 100, 74232, 70
2026/07/29 21:47:10.450, 301.48, 100, 74232, 70
2026/07/29 21:47:11.487, 301.43, 100, 74232, 70
2026/07/29 21:47:12.524, 300.55, 100, 74232, 70
2026/07/29 21:47:13.562, 303.25, 100, 74232, 70
2026/07/29 21:47:14.600, 298.11, 100, 74232, 70
2026/07/29 21:47:15.645, 300.33, 100, 74232, 70
2026/07/29 21:47:16.682, 301.43, 100, 74232, 70
2026/07/29 21:47:17.720, 299.96, 100, 74232, 70
2026/07/29 21:47:18.760, 300.82, 100, 74232, 70
2026/07/29 21:47:19.800, 301.71, 100, 74232, 70
2026/07/29 21:47:20.840, 299.67, 100, 74232, 70
2026/07/29 21:47:21.878, 301.59, 100, 74232, 70
2026/07/29 21:47:22.917, 302.58, 100, 74232, 70
2026/07/29 21:47:23.954, 298.13, 100, 74232, 70
2026/07/29 21:47:24.996, 295.89, 100, 74232, 70
2026/07/29 21:47:26.033, 295.40, 100, 74232, 70
2026/07/29 21:47:27.070, 295.88, 100, 74232, 70
2026/07/29 21:47:28.107, 289.29, 100, 74232, 70
2026/07/29 21:47:29.145, 293.74, 100, 74232, 70
2026/07/29 21:47:30.183, 299.94, 100, 74232, 70
2026/07/29 21:47:31.220, 302.29, 100, 74232, 70
2026/07/29 21:47:32.259, 301.52, 100, 74232, 70
2026/07/29 21:47:33.297, 300.83, 100, 74232, 70
2026/07/29 21:47:34.335, 297.99, 100, 74232, 70
2026/07/29 21:47:35.373, 298.51, 100, 74232, 70
2026/07/29 21:47:36.411, 298.89, 100, 74232, 70
2026/07/29 21:47:37.451, 305.10, 100, 74232, 70
2026/07/29 21:47:38.487, 299.10, 100, 74232, 70
2026/07/29 21:47:39.524, 298.87, 100, 74232, 70
2026/07/29 21:47:40.561, 302.89, 100, 74232, 70
2026/07/29 21:47:41.598, 303.29, 100, 74232, 70
2026/07/29 21:47:42.638, 298.70, 100, 74232, 70
2026/07/29 21:47:43.676, 302.71, 100, 74232, 70
2026/07/29 21:47:44.712, 304.31, 100, 74232, 70
2026/07/29 21:47:45.748, 302.58, 100, 74232, 70
2026/07/29 21:47:46.786, 291.59, 100, 74232, 71
2026/07/29 21:47:47.821, 306.64, 100, 74232, 72
2026/07/29 21:47:48.856, 286.37, 100, 74232, 72
2026/07/29 21:47:49.890, 289.94, 100, 74232, 71
2026/07/29 21:47:50.929, 274.63, 100, 74232, 71
2026/07/29 21:47:51.964, 301.41, 100, 74232, 71
2026/07/29 21:47:52.998, 303.59, 100, 74232, 70
2026/07/29 21:47:54.038, 300.27, 100, 74232, 70
2026/07/29 21:47:55.075, 301.63, 100, 74232, 70
2026/07/29 21:47:56.117, 305.86, 100, 74232, 70
2026/07/29 21:47:57.155, 300.65, 100, 74232, 70
2026/07/29 21:47:58.191, 293.73, 100, 74232, 70
2026/07/29 21:47:59.229, 295.58, 100, 74232, 70
2026/07/29 21:48:00.266, 288.32, 100, 74232, 70
2026/07/29 21:48:01.307, 293.27, 100, 74232, 70
2026/07/29 21:48:02.343, 296.27, 100, 74232, 70
2026/07/29 21:48:03.381, 95.82, 0, 74232, 67
2026/07/29 21:48:04.435, 298.32, 100, 74232, 71
2026/07/29 21:48:05.469, 291.09, 100, 74232, 72
2026/07/29 21:48:06.507, 290.81, 100, 74232, 71
2026/07/29 21:48:07.541, 294.24, 100, 74232, 72
2026/07/29 21:48:08.575, 278.87, 100, 74232, 72
2026/07/29 21:48:09.619, 309.77, 100, 74232, 71
2026/07/29 21:48:10.654, 303.94, 100, 74232, 70
2026/07/29 21:48:11.695, 305.32, 100, 74232, 70
2026/07/29 21:48:12.733, 302.70, 100, 74232, 70
2026/07/29 21:48:13.772, 303.46, 100, 74232, 70
2026/07/29 21:48:14.809, 304.47, 100, 74232, 70
2026/07/29 21:48:15.846, 302.47, 100, 74232, 70
2026/07/29 21:48:16.888, 304.05, 100, 74232, 70
2026/07/29 21:48:17.925, 304.65, 100, 74232, 70
2026/07/29 21:48:18.963, 295.29, 46, 74232, 72
2026/07/29 21:48:19.997, 302.55, 100, 74232, 72
2026/07/29 21:48:21.032, 273.68, 100, 74232, 72
2026/07/29 21:48:22.068, 305.31, 100, 74232, 72
2026/07/29 21:48:23.104, 278.73, 100, 74232, 72
2026/07/29 21:48:24.143, 287.68, 100, 74232, 72
2026/07/29 21:48:25.180, 281.37, 100, 74232, 72
2026/07/29 21:48:26.214, 291.39, 100, 74232, 70
2026/07/29 21:48:27.252, 292.16, 100, 74232, 70
2026/07/29 21:48:28.295, 291.00, 100, 74232, 70
2026/07/29 21:48:29.333, 289.46, 100, 74232, 70
2026/07/29 21:48:30.371, 289.96, 100, 74232, 70
2026/07/29 21:48:31.410, 297.73, 100, 74232, 70
2026/07/29 21:48:32.447, 297.45, 100, 74232, 70
2026/07/29 21:48:33.485, 295.89, 100, 74232, 70
2026/07/29 21:48:34.521, 297.61, 100, 74232, 71
2026/07/29 21:48:35.557, 293.66, 100, 74232, 70
2026/07/29 21:48:36.594, 302.76, 100, 74232, 71
2026/07/29 21:48:37.631, 304.23, 100, 74232, 71
2026/07/29 21:48:38.670, 299.95, 100, 74232, 71
2026/07/29 21:48:39.707, 294.12, 100, 74232, 71
2026/07/29 21:48:40.744, 293.33, 100, 74232, 70
2026/07/29 21:48:41.786, 301.74, 100, 74232, 71
2026/07/29 21:48:42.823, 300.13, 100, 74232, 71
2026/07/29 21:48:43.860, 304.05, 100, 74232, 71
2026/07/29 21:48:44.897, 305.80, 100, 74232, 71
2026/07/29 21:48:45.938, 301.62, 100, 74232, 71
2026/07/29 21:48:46.974, 297.62, 100, 74232, 71
2026/07/29 21:48:48.012, 298.22, 100, 74232, 70
2026/07/29 21:48:49.049, 298.51, 100, 74232, 71
2026/07/29 21:48:50.087, 296.95, 100, 74232, 71
2026/07/29 21:48:51.124, 298.02, 100, 74232, 71
2026/07/29 21:48:52.162, 295.01, 100, 74232, 69
2026/07/29 21:48:53.195, 302.01, 100, 74232, 71
2026/07/29 21:48:54.232, 305.72, 100, 74232, 72
2026/07/29 21:48:55.267, 308.88, 100, 74232, 72
2026/07/29 21:48:56.301, 279.65, 100, 74232, 72
2026/07/29 21:48:57.343, 306.73, 100, 74232, 72
2026/07/29 21:48:58.378, 312.93, 100, 74232, 72
2026/07/29 21:48:59.414, 325.11, 100, 74232, 71
2026/07/29 21:49:00.450, 295.22, 100, 74232, 70
2026/07/29 21:49:01.486, 294.62, 100, 74232, 70
2026/07/29 21:49:02.524, 93.62, 72, 74232, 67
2026/07/29 21:49:03.557, 295.21, 100, 74232, 71
2026/07/29 21:49:04.591, 306.97, 100, 74232, 72
2026/07/29 21:49:05.625, 285.55, 100, 74232, 71
2026/07/29 21:49:06.659, 318.60, 100, 74232, 72
2026/07/29 21:49:07.696, 287.69, 100, 74232, 72
2026/07/29 21:49:08.731, 322.25, 100, 74232, 72
2026/07/29 21:49:09.768, 258.26, 100, 74232, 70
2026/07/29 21:49:10.811, 288.87, 100, 74232, 70
2026/07/29 21:49:11.848, 295.10, 100, 74232, 70
2026/07/29 21:49:12.885, 297.22, 100, 74232, 70
2026/07/29 21:49:13.923, 297.05, 100, 74232, 72
2026/07/29 21:49:14.959, 301.80, 100, 74232, 72
2026/07/29 21:49:15.995, 287.41, 100, 74232, 72
2026/07/29 21:49:17.030, 287.19, 100, 74232, 72
2026/07/29 21:49:18.065, 298.89, 100, 74232, 72
2026/07/29 21:49:19.100, 307.03, 100, 74232, 73
2026/07/29 21:49:20.134, 304.63, 100, 74232, 72
2026/07/29 21:49:21.171, 291.87, 100, 74232, 71
2026/07/29 21:49:22.209, 286.85, 100, 74232, 71
2026/07/29 21:49:23.246, 297.14, 100, 74232, 71
2026/07/29 21:49:24.284, 298.03, 100, 74232, 71
2026/07/29 21:49:25.320, 292.97, 100, 74232, 71
2026/07/29 21:49:26.358, 296.65, 100, 74232, 73
2026/07/29 21:49:27.393, 300.11, 100, 74232, 73
2026/07/29 21:49:28.427, 293.85, 100, 74232, 73
2026/07/29 21:49:29.462, 296.07, 100, 74232, 73
2026/07/29 21:49:30.503, 291.98, 100, 74232, 73
2026/07/29 21:49:31.537, 301.02, 100, 74232, 73
2026/07/29 21:49:32.573, 296.36, 100, 74232, 73
2026/07/29 21:49:33.610, 305.81, 100, 74232, 71
2026/07/29 21:49:34.649, 305.00, 100, 74232, 71
2026/07/29 21:49:35.687, 300.92, 100, 74232, 71
2026/07/29 21:49:36.734, 298.20, 100, 74232, 71
2026/07/29 21:49:37.772, 291.63, 100, 74232, 71
2026/07/29 21:49:38.810, 292.39, 100, 74232, 71
2026/07/29 21:49:39.848, 297.53, 100, 74232, 71
2026/07/29 21:49:40.886, 97.80, 14, 74232, 68
2026/07/29 21:49:41.919, 315.67, 100, 74232, 73
2026/07/29 21:49:42.955, 288.86, 100, 74232, 73
2026/07/29 21:49:43.991, 289.28, 100, 74232, 73
2026/07/29 21:49:45.028, 275.37, 100, 74232, 73
2026/07/29 21:49:46.066, 266.85, 100, 74232, 72
2026/07/29 21:49:47.101, 301.89, 100, 74232, 73
2026/07/29 21:49:48.137, 312.70, 100, 74232, 72
2026/07/29 21:49:49.172, 304.56, 100, 74232, 71
2026/07/29 21:49:50.211, 309.38, 100, 74232, 71
2026/07/29 21:49:51.254, 295.49, 100, 74232, 71
2026/07/29 21:49:52.292, 303.36, 100, 74232, 72
2026/07/29 21:49:53.333, 289.58, 100, 74232, 71
2026/07/29 21:49:54.372, 294.80, 100, 74232, 71
2026/07/29 21:49:55.409, 287.44, 100, 74232, 71
2026/07/29 21:49:56.450, 282.84, 100, 74232, 71
2026/07/29 21:49:57.492, 288.19, 100, 74232, 71
2026/07/29 21:49:58.529, 292.96, 100, 74232, 71
2026/07/29 21:49:59.570, 290.71, 100, 74232, 71
2026/07/29 21:50:00.610, 292.76, 100, 74232, 71
2026/07/29 21:50:01.649, 300.91, 100, 74232, 71
2026/07/29 21:50:02.687, 301.83, 100, 74232, 71
2026/07/29 21:50:03.725, 302.80, 100, 74232, 71
2026/07/29 21:50:04.765, 301.80, 100, 74232, 71
2026/07/29 21:50:05.803, 303.49, 100, 74232, 71
2026/07/29 21:50:06.841, 305.24, 100, 74232, 71
2026/07/29 21:50:07.879, 304.26, 100, 74232, 71
2026/07/29 21:50:08.917, 304.33, 100, 74232, 71
2026/07/29 21:50:09.955, 304.57, 100, 74232, 71
2026/07/29 21:50:10.992, 300.38, 100, 74232, 71
2026/07/29 21:50:12.034, 298.88, 100, 74232, 71
2026/07/29 21:50:13.072, 298.62, 100, 74232, 71
2026/07/29 21:50:14.109, 293.83, 100, 74232, 71
2026/07/29 21:50:15.148, 303.49, 100, 74232, 71
2026/07/29 21:50:16.186, 299.10, 100, 74232, 71
2026/07/29 21:50:17.223, 302.97, 100, 74232, 71
2026/07/29 21:50:18.259, 296.66, 100, 74232, 71
2026/07/29 21:50:19.297, 301.99, 100, 74232, 71
2026/07/29 21:50:20.338, 303.28, 100, 74232, 71
2026/07/29 21:50:21.378, 292.19, 100, 74232, 71
2026/07/29 21:50:22.416, 295.78, 100, 74232, 71
2026/07/29 21:50:23.453, 304.67, 100, 74232, 71
2026/07/29 21:50:24.490, 297.83, 100, 74232, 71
2026/07/29 21:50:25.527, 299.28, 100, 74232, 71
2026/07/29 21:50:26.564, 295.98, 100, 74232, 70
2026/07/29 21:50:27.600, 296.09, 100, 74232, 71
2026/07/29 21:50:28.637, 304.05, 100, 74232, 71
2026/07/29 21:50:29.673, 304.32, 100, 74232, 71
2026/07/29 21:50:30.711, 303.07, 100, 74232, 70
2026/07/29 21:50:31.749, 296.77, 100, 74232, 70
2026/07/29 21:50:32.786, 303.39, 100, 74232, 70
2026/07/29 21:50:33.824, 304.37, 100, 74232, 70
2026/07/29 21:50:34.862, 303.65, 100, 74232, 70
2026/07/29 21:50:35.901, 302.21, 100, 74232, 70
2026/07/29 21:50:36.943, 304.08, 100, 74232, 70
2026/07/29 21:50:37.981, 302.97, 100, 74232, 70
2026/07/29 21:50:39.018, 303.15, 100, 74232, 70
2026/07/29 21:50:40.057, 302.43, 100, 74232, 70
2026/07/29 21:50:41.094, 303.19, 100, 74232, 70
2026/07/29 21:50:42.132, 302.88, 100, 74232, 70
2026/07/29 21:50:43.170, 302.12, 100, 74232, 70
2026/07/29 21:50:44.209, 300.06, 100, 74232, 70
2026/07/29 21:50:45.247, 303.68, 100, 74232, 70
2026/07/29 21:50:46.286, 303.49, 100, 74232, 70
2026/07/29 21:50:47.324, 302.52, 100, 74232, 70
2026/07/29 21:50:48.365, 302.49, 100, 74232, 70
2026/07/29 21:50:49.404, 303.75, 100, 74232, 70
2026/07/29 21:50:50.442, 305.50, 100, 74232, 70
2026/07/29 21:50:51.480, 295.70, 100, 74232, 70
2026/07/29 21:50:52.517, 301.44, 100, 74232, 70
2026/07/29 21:50:53.560, 302.33, 100, 74232, 70
2026/07/29 21:50:54.598, 297.32, 100, 74232, 70
2026/07/29 21:50:55.636, 291.99, 100, 74232, 70
2026/07/29 21:50:56.674, 296.86, 100, 74232, 70
2026/07/29 21:50:57.711, 296.27, 100, 74232, 70
2026/07/29 21:50:58.751, 301.83, 100, 74232, 70
2026/07/29 21:50:59.788, 301.55, 100, 74232, 70
2026/07/29 21:51:00.828, 303.09, 100, 74232, 70
2026/07/29 21:51:01.865, 301.52, 100, 74232, 70
2026/07/29 21:51:02.903, 296.00, 100, 74232, 70
2026/07/29 21:51:03.940, 301.81, 100, 74232, 70
2026/07/29 21:51:04.978, 295.02, 100, 74232, 70
2026/07/29 21:51:06.016, 295.98, 100, 74232, 70
2026/07/29 21:51:07.052, 296.38, 100, 74232, 70
2026/07/29 21:51:08.089, 291.11, 100, 74232, 70
2026/07/29 21:51:09.126, 295.12, 100, 74232, 70
2026/07/29 21:51:10.164, 296.39, 100, 74232, 70
2026/07/29 21:51:11.203, 300.94, 100, 74232, 70
2026/07/29 21:51:12.241, 291.98, 100, 74232, 70
2026/07/29 21:51:13.278, 293.05, 100, 74232, 70
2026/07/29 21:51:14.314, 301.04, 100, 74232, 70
2026/07/29 21:51:15.350, 301.89, 100, 74232, 70
2026/07/29 21:51:16.387, 290.91, 100, 74232, 70
2026/07/29 21:51:17.424, 295.79, 100, 74232, 70
2026/07/29 21:51:18.460, 298.69, 100, 74232, 70
2026/07/29 21:51:19.497, 294.63, 100, 74232, 70
2026/07/29 21:51:20.533, 295.41, 100, 74232, 70
2026/07/29 21:51:21.570, 301.82, 100, 74232, 70
2026/07/29 21:51:22.606, 301.99, 100, 74232, 70
2026/07/29 21:51:23.643, 301.51, 100, 74232, 70
2026/07/29 21:51:24.680, 300.45, 100, 74232, 70
2026/07/29 21:51:25.717, 297.64, 100, 74232, 70
2026/07/29 21:51:26.753, 304.16, 100, 74232, 70
2026/07/29 21:51:27.790, 300.64, 100, 74232, 70
2026/07/29 21:51:28.827, 299.99, 100, 74232, 70
2026/07/29 21:51:29.863, 300.45, 100, 74232, 70
2026/07/29 21:51:30.899, 299.39, 100, 74232, 70
2026/07/29 21:51:31.936, 299.11, 100, 74232, 70
2026/07/29 21:51:32.972, 298.78, 100, 74232, 70
2026/07/29 21:51:34.010, 299.08, 100, 74232, 70
2026/07/29 21:51:35.047, 301.91, 100, 74232, 70
2026/07/29 21:51:36.084, 296.27, 100, 74232, 70
2026/07/29 21:51:37.122, 298.53, 100, 74232, 70
2026/07/29 21:51:38.159, 296.26, 100, 74232, 70
2026/07/29 21:51:39.200, 295.29, 100, 74232, 70
2026/07/29 21:51:40.238, 296.58, 100, 74232, 70
2026/07/29 21:51:41.273, 295.20, 100, 74232, 70
2026/07/29 21:51:42.311, 301.23, 100, 74232, 70
2026/07/29 21:51:43.348, 301.92, 100, 74232, 70
2026/07/29 21:51:44.384, 303.46, 100, 74232, 70
2026/07/29 21:51:45.421, 303.16, 100, 74232, 70
2026/07/29 21:51:46.458, 301.93, 100, 74232, 70
2026/07/29 21:51:47.496, 301.90, 100, 74232, 70
2026/07/29 21:51:48.533, 302.59, 100, 74232, 70
2026/07/29 21:51:49.571, 302.78, 100, 74232, 70
2026/07/29 21:51:50.606, 303.78, 100, 74232, 70
2026/07/29 21:51:51.642, 301.62, 100, 74232, 70
2026/07/29 21:51:52.680, 302.51, 100, 74232, 70
2026/07/29 21:51:53.718, 302.30, 100, 74232, 70
2026/07/29 21:51:54.755, 300.74, 100, 74232, 70
2026/07/29 21:51:55.793, 97.95, 78, 74232, 68
2026/07/29 21:51:56.826, 287.90, 100, 74232, 71
2026/07/29 21:51:57.863, 291.89, 100, 74232, 71
2026/07/29 21:51:58.901, 299.91, 100, 74232, 72
2026/07/29 21:51:59.934, 294.60, 100, 74232, 72
2026/07/29 21:52:00.968, 279.72, 100, 74232, 72
2026/07/29 21:52:02.004, 285.25, 100, 74232, 71
2026/07/29 21:52:03.043, 296.96, 100, 74232, 70
2026/07/29 21:52:04.079, 298.91, 100, 74232, 70
2026/07/29 21:52:05.118, 294.91, 100, 74232, 70
2026/07/29 21:52:06.155, 288.97, 100, 74232, 70
2026/07/29 21:52:07.192, 297.24, 100, 74232, 70
2026/07/29 21:52:08.230, 294.70, 100, 74232, 70
2026/07/29 21:52:09.267, 297.16, 100, 74232, 70
2026/07/29 21:52:10.306, 297.25, 100, 74232, 70
2026/07/29 21:52:11.345, 298.39, 100, 74232, 72
2026/07/29 21:52:12.380, 298.13, 100, 74232, 72
2026/07/29 21:52:13.416, 284.73, 100, 74232, 72
2026/07/29 21:52:14.454, 285.06, 100, 74232, 72
2026/07/29 21:52:15.489, 312.01, 100, 74232, 72
2026/07/29 21:52:16.524, 307.38, 100, 74232, 72
2026/07/29 21:52:17.561, 296.96, 100, 74232, 70
2026/07/29 21:52:18.600, 293.53, 100, 74232, 70
2026/07/29 21:52:19.641, 289.26, 100, 74232, 70
2026/07/29 21:52:20.680, 302.57, 100, 74232, 70
2026/07/29 21:52:21.719, 293.15, 100, 74232, 70
2026/07/29 21:52:22.757, 296.75, 100, 74232, 70
2026/07/29 21:52:23.798, 297.07, 100, 74232, 71
2026/07/29 21:52:24.836, 297.38, 100, 74232, 71
2026/07/29 21:52:25.875, 303.67, 100, 74232, 71
2026/07/29 21:52:26.915, 297.05, 100, 74232, 71
2026/07/29 21:52:27.952, 297.95, 100, 74232, 71
2026/07/29 21:52:28.997, 300.08, 100, 74232, 71
2026/07/29 21:52:30.037, 300.16, 100, 74232, 71
2026/07/29 21:52:31.076, 305.04, 100, 74232, 71
2026/07/29 21:52:32.118, 301.72, 100, 74232, 71
2026/07/29 21:52:33.156, 302.22, 100, 74232, 71
2026/07/29 21:52:34.194, 305.30, 100, 74232, 71
2026/07/29 21:52:35.234, 302.46, 100, 74232, 71
2026/07/29 21:52:36.273, 302.38, 100, 74232, 71
2026/07/29 21:52:37.311, 304.43, 100, 74232, 71
2026/07/29 21:52:38.349, 296.73, 100, 74232, 71
2026/07/29 21:52:39.387, 292.87, 100, 74232, 71
2026/07/29 21:52:40.425, 297.15, 100, 74232, 71
2026/07/29 21:52:41.464, 298.80, 100, 74232, 71
2026/07/29 21:52:42.502, 298.41, 100, 74232, 71
2026/07/29 21:52:43.541, 296.37, 100, 74232, 71
2026/07/29 21:52:44.578, 297.34, 100, 74232, 71
2026/07/29 21:52:45.617, 294.72, 100, 74232, 71
2026/07/29 21:52:46.655, 295.20, 100, 74232, 71
2026/07/29 21:52:47.694, 303.64, 100, 74232, 71
2026/07/29 21:52:48.732, 298.80, 100, 74232, 71
2026/07/29 21:52:49.770, 299.38, 100, 74232, 70
2026/07/29 21:52:50.808, 304.03, 100, 74232, 70
2026/07/29 21:52:51.852, 297.45, 100, 74232, 70
2026/07/29 21:52:52.892, 293.74, 100, 74232, 70
2026/07/29 21:52:53.930, 293.73, 100, 74232, 70
2026/07/29 21:52:54.978, 293.92, 100, 74232, 70
2026/07/29 21:52:56.015, 294.05, 100, 74232, 70
2026/07/29 21:52:57.051, 298.21, 100, 74232, 70
2026/07/29 21:52:58.093, 296.64, 100, 74232, 72
2026/07/29 21:52:59.127, 285.20, 100, 74232, 72
2026/07/29 21:53:00.161, 295.24, 100, 74232, 72
2026/07/29 21:53:01.198, 286.40, 100, 74232, 72
2026/07/29 21:53:02.237, 300.33, 100, 74232, 72
2026/07/29 21:53:03.272, 315.41, 100, 74232, 72
2026/07/29 21:53:04.307, 240.79, 100, 74232, 71
2026/07/29 21:53:05.343, 272.93, 100, 74232, 70
2026/07/29 21:53:06.381, 288.20, 100, 74232, 70
2026/07/29 21:53:07.421, 295.11, 100, 74232, 70
2026/07/29 21:53:08.459, 298.27, 100, 74232, 72
2026/07/29 21:53:09.497, 288.86, 100, 74232, 72
2026/07/29 21:53:10.532, 273.29, 100, 74232, 72
2026/07/29 21:53:11.568, 278.53, 100, 74232, 72
2026/07/29 21:53:12.605, 290.71, 100, 74232, 72
2026/07/29 21:53:13.640, 296.64, 100, 74232, 72
2026/07/29 21:53:14.677, 298.02, 100, 74232, 71
2026/07/29 21:53:15.717, 296.37, 100, 74232, 71
2026/07/29 21:53:16.756, 303.65, 100, 74232, 71
2026/07/29 21:53:17.795, 299.27, 100, 74232, 71
2026/07/29 21:53:18.832, 292.70, 100, 74232, 71
2026/07/29 21:53:19.874, 297.74, 100, 74232, 71
2026/07/29 21:53:20.912, 302.77, 100, 74232, 71
2026/07/29 21:53:21.949, 298.25, 100, 74232, 71
2026/07/29 21:53:22.987, 299.70, 100, 74232, 71
2026/07/29 21:53:24.024, 305.69, 100, 74232, 71
2026/07/29 21:53:25.062, 305.93, 100, 74232, 71
2026/07/29 21:53:26.100, 303.29, 100, 74232, 71
2026/07/29 21:53:27.138, 305.41, 100, 74232, 71
2026/07/29 21:53:28.176, 305.63, 100, 74232, 71
2026/07/29 21:53:29.214, 297.50, 100, 74232, 71
2026/07/29 21:53:30.253, 298.23, 100, 74232, 71
2026/07/29 21:53:31.294, 298.42, 100, 74232, 71
2026/07/29 21:53:32.332, 293.46, 100, 74232, 71
2026/07/29 21:53:33.370, 298.41, 100, 74232, 71
2026/07/29 21:53:34.408, 297.04, 100, 74232, 71
2026/07/29 21:53:35.445, 299.30, 100, 74232, 71
2026/07/29 21:53:36.484, 300.86, 100, 74232, 71
2026/07/29 21:53:37.522, 302.38, 100, 74232, 71
2026/07/29 21:53:38.562, 95.67, 43, 74232, 70
2026/07/29 21:53:39.597, 303.62, 100, 74232, 72
2026/07/29 21:53:40.638, 296.85, 100, 74232, 73
2026/07/29 21:53:41.674, 299.82, 100, 74232, 72
2026/07/29 21:53:42.710, 296.16, 100, 74232, 73
2026/07/29 21:53:43.745, 276.00, 100, 74232, 72
2026/07/29 21:53:44.783, 298.87, 100, 74232, 73
2026/07/29 21:53:45.824, 302.03, 100, 74232, 71
2026/07/29 21:53:46.861, 301.79, 100, 74232, 71
2026/07/29 21:53:47.897, 297.82, 100, 74232, 71
2026/07/29 21:53:48.935, 299.60, 100, 74232, 71
2026/07/29 21:53:49.972, 295.87, 100, 74232, 71
2026/07/29 21:53:51.008, 299.36, 100, 74232, 72
2026/07/29 21:53:52.043, 294.92, 100, 74232, 72
2026/07/29 21:53:53.077, 296.16, 100, 74232, 72
2026/07/29 21:53:54.114, 306.70, 100, 74232, 72
2026/07/29 21:53:55.153, 282.95, 100, 74232, 72
2026/07/29 21:53:56.188, 261.51, 100, 74232, 72
2026/07/29 21:53:57.223, 315.18, 100, 74232, 73
2026/07/29 21:53:58.259, 297.44, 100, 74232, 71
2026/07/29 21:53:59.299, 304.45, 100, 74232, 71
2026/07/29 21:54:00.338, 299.48, 100, 74232, 71
2026/07/29 21:54:01.376, 295.11, 100, 74232, 71
2026/07/29 21:54:02.414, 149.01, 0, 74232, 72
2026/07/29 21:54:03.448, 306.13, 100, 74232, 72
2026/07/29 21:54:04.483, 297.45, 100, 74232, 72
2026/07/29 21:54:05.519, 301.41, 100, 74232, 73
2026/07/29 21:54:06.555, 273.79, 100, 74232, 73
2026/07/29 21:54:07.591, 308.36, 100, 74232, 73
2026/07/29 21:54:08.630, 306.61, 100, 74232, 73
2026/07/29 21:54:09.665, 305.39, 100, 74232, 71
2026/07/29 21:54:10.703, 296.08, 100, 74232, 71
2026/07/29 21:54:11.743, 304.23, 100, 74232, 71
2026/07/29 21:54:12.783, 304.64, 100, 74232, 71
2026/07/29 21:54:13.820, 308.70, 100, 74232, 71
2026/07/29 21:54:14.858, 365.70, 0, 74232, 71
2026/07/29 21:54:15.894, 301.59, 100, 74232, 72
2026/07/29 21:54:16.932, 292.46, 100, 74232, 73
2026/07/29 21:54:17.967, 291.02, 100, 74232, 73
2026/07/29 21:54:19.001, 266.30, 100, 74232, 73
2026/07/29 21:54:20.037, 304.96, 100, 74232, 72
2026/07/29 21:54:21.077, 325.80, 100, 74232, 73
2026/07/29 21:54:22.111, 293.55, 100, 74232, 71
2026/07/29 21:54:23.150, 290.84, 100, 74232, 71
2026/07/29 21:54:24.187, 287.71, 100, 74232, 71
2026/07/29 21:54:25.227, 288.67, 100, 74232, 71
2026/07/29 21:54:26.266, 290.43, 100, 74232, 71
2026/07/29 21:54:27.307, 293.33, 100, 74232, 73
2026/07/29 21:54:28.342, 275.54, 100, 74232, 71
2026/07/29 21:54:29.379, 280.19, 100, 74232, 71
2026/07/29 21:54:30.417, 289.77, 100, 74232, 71
2026/07/29 21:54:31.457, 290.52, 100, 74232, 71
2026/07/29 21:54:32.495, 295.77, 100, 74232, 71
2026/07/29 21:54:33.531, 297.06, 100, 74232, 71
2026/07/29 21:54:34.570, 302.88, 100, 74232, 71
2026/07/29 21:54:35.607, 303.98, 100, 74232, 71
2026/07/29 21:54:36.644, 304.07, 100, 74232, 71
2026/07/29 21:54:37.681, 304.36, 100, 74232, 71
2026/07/29 21:54:38.719, 306.38, 100, 74232, 71
2026/07/29 21:54:39.755, 305.97, 100, 74232, 71
2026/07/29 21:54:40.798, 305.59, 100, 74232, 71
2026/07/29 21:54:41.835, 304.75, 100, 74232, 71
2026/07/29 21:54:42.872, 302.18, 100, 74232, 71
2026/07/29 21:54:43.909, 289.64, 100, 74232, 71
2026/07/29 21:54:44.946, 294.04, 100, 74232, 71
2026/07/29 21:54:45.983, 298.62, 100, 74232, 71
2026/07/29 21:54:47.020, 301.78, 100, 74232, 71
2026/07/29 21:54:48.057, 304.25, 100, 74232, 71
2026/07/29 21:54:49.093, 301.80, 100, 74232, 71
2026/07/29 21:54:50.129, 304.33, 100, 74232, 71
2026/07/29 21:54:51.171, 299.09, 100, 74232, 71
2026/07/29 21:54:52.213, 292.75, 100, 74232, 71
2026/07/29 21:54:53.252, 296.55, 100, 74232, 71
2026/07/29 21:54:54.293, 303.28, 100, 74232, 71
2026/07/29 21:54:55.334, 301.23, 100, 74232, 71
2026/07/29 21:54:56.372, 300.56, 100, 74232, 71
2026/07/29 21:54:57.413, 301.41, 100, 74232, 71
2026/07/29 21:54:58.451, 297.72, 100, 74232, 71
2026/07/29 21:54:59.488, 295.48, 100, 74232, 71
2026/07/29 21:55:00.525, 299.17, 100, 74232, 71
2026/07/29 21:55:01.561, 294.23, 100, 74232, 71
2026/07/29 21:55:02.599, 295.00, 100, 74232, 71
2026/07/29 21:55:03.636, 295.19, 100, 74232, 70
2026/07/29 21:55:04.674, 292.29, 100, 74232, 71
2026/07/29 21:55:05.710, 298.98, 100, 74232, 71
2026/07/29 21:55:06.746, 299.09, 100, 74232, 71
2026/07/29 21:55:07.793, 296.58, 100, 74232, 70
2026/07/29 21:55:08.832, 295.20, 100, 74232, 70
2026/07/29 21:55:09.869, 296.38, 100, 74232, 70
2026/07/29 21:55:10.914, 302.00, 100, 74232, 70
2026/07/29 21:55:11.951, 303.76, 100, 74232, 70
2026/07/29 21:55:12.987, 300.45, 100, 74232, 70
2026/07/29 21:55:14.024, 301.90, 100, 74232, 70
2026/07/29 21:55:15.061, 302.71, 100, 74232, 70
2026/07/29 21:55:16.099, 302.62, 100, 74232, 70
2026/07/29 21:55:17.135, 303.10, 100, 74232, 70
2026/07/29 21:55:18.172, 299.74, 100, 74232, 70
2026/07/29 21:55:19.210, 292.77, 100, 74232, 70
2026/07/29 21:55:20.247, 295.88, 100, 74232, 70
2026/07/29 21:55:21.285, 298.53, 100, 74232, 70
2026/07/29 21:55:22.322, 295.50, 100, 74232, 70
2026/07/29 21:55:23.358, 303.00, 100, 74232, 70
2026/07/29 21:55:24.394, 307.47, 100, 74232, 70
2026/07/29 21:55:25.430, 298.89, 100, 74232, 70
2026/07/29 21:55:26.468, 303.56, 100, 74232, 70
2026/07/29 21:55:27.504, 304.27, 100, 74232, 70
2026/07/29 21:55:28.542, 298.90, 100, 74232, 70
2026/07/29 21:55:29.578, 296.46, 100, 74232, 70
2026/07/29 21:55:30.616, 303.30, 100, 74232, 70
2026/07/29 21:55:31.655, 306.70, 100, 74232, 70
2026/07/29 21:55:32.692, 296.18, 100, 74232, 70
2026/07/29 21:55:33.729, 295.88, 100, 74232, 70
2026/07/29 21:55:34.766, 304.52, 100, 74232, 70
2026/07/29 21:55:35.802, 295.02, 100, 74232, 70
2026/07/29 21:55:36.841, 303.10, 100, 74232, 70
2026/07/29 21:55:37.878, 305.68, 100, 74232, 70
2026/07/29 21:55:38.915, 299.21, 100, 74232, 70
2026/07/29 21:55:39.953, 297.16, 100, 74232, 70
2026/07/29 21:55:40.990, 296.84, 100, 74232, 70
2026/07/29 21:55:42.028, 291.07, 100, 74232, 70
2026/07/29 21:55:43.066, 296.09, 100, 74232, 70
2026/07/29 21:55:44.105, 306.40, 100, 74232, 70
2026/07/29 21:55:45.147, 304.38, 100, 74232, 70
2026/07/29 21:55:46.185, 300.17, 100, 74232, 70
2026/07/29 21:55:47.221, 304.27, 100, 74232, 70
2026/07/29 21:55:48.258, 302.88, 100, 74232, 70
2026/07/29 21:55:49.295, 299.97, 100, 74232, 70
2026/07/29 21:55:50.334, 294.72, 100, 74232, 70
2026/07/29 21:55:51.371, 295.40, 100, 74232, 70
2026/07/29 21:55:52.408, 296.86, 100, 74232, 70
2026/07/29 21:55:53.445, 296.09, 100, 74232, 70
2026/07/29 21:55:54.483, 296.18, 100, 74232, 70
2026/07/29 21:55:55.519, 295.11, 100, 74232, 70
2026/07/29 21:55:56.556, 300.67, 100, 74232, 70
2026/07/29 21:55:57.593, 298.41, 100, 74232, 70
2026/07/29 21:55:58.632, 302.00, 100, 74232, 70
2026/07/29 21:55:59.670, 294.89, 100, 74232, 70
2026/07/29 21:56:00.707, 297.81, 100, 74232, 70
2026/07/29 21:56:01.745, 291.89, 100, 74232, 70
2026/07/29 21:56:02.781, 301.79, 100, 74232, 70
2026/07/29 21:56:03.816, 300.75, 100, 74232, 70
2026/07/29 21:56:04.853, 295.19, 100, 74232, 70
2026/07/29 21:56:05.895, 297.63, 100, 74232, 70
2026/07/29 21:56:06.932, 301.42, 100, 74232, 70
2026/07/29 21:56:07.969, 296.96, 100, 74232, 70
2026/07/29 21:56:09.006, 294.04, 100, 74232, 70
2026/07/29 21:56:10.043, 299.56, 100, 74232, 70
2026/07/29 21:56:11.080, 299.47, 100, 74232, 70
2026/07/29 21:56:12.116, 298.61, 100, 74232, 70
2026/07/29 21:56:13.152, 303.48, 100, 74232, 70
2026/07/29 21:56:14.189, 305.75, 100, 74232, 70
2026/07/29 21:56:15.226, 296.83, 100, 74232, 71
2026/07/29 21:56:16.262, 295.02, 100, 74232, 71
2026/07/29 21:56:17.298, 292.98, 100, 74232, 71
2026/07/29 21:56:18.333, 314.14, 100, 74232, 72
2026/07/29 21:56:19.369, 262.88, 100, 74232, 71
2026/07/29 21:56:20.404, 297.41, 100, 74232, 71
2026/07/29 21:56:21.440, 289.64, 100, 74232, 70
2026/07/29 21:56:22.477, 286.71, 100, 74232, 70
2026/07/29 21:56:23.517, 289.74, 100, 74232, 70
2026/07/29 21:56:24.553, 295.40, 100, 74232, 70
2026/07/29 21:56:25.590, 288.48, 100, 74232, 70
2026/07/29 21:56:26.627, 295.03, 100, 74232, 70
2026/07/29 21:56:27.665, 297.66, 100, 74232, 70
2026/07/29 21:56:28.703, 295.49, 100, 74232, 70
2026/07/29 21:56:29.745, 297.25, 100, 74232, 70
2026/07/29 21:56:30.782, 295.01, 100, 74232, 70
2026/07/29 21:56:31.820, 296.85, 100, 74232, 70
2026/07/29 21:56:32.857, 297.73, 100, 74232, 70
2026/07/29 21:56:33.894, 297.62, 100, 74232, 70
2026/07/29 21:56:34.932, 291.05, 100, 74232, 72
2026/07/29 21:56:35.966, 286.58, 100, 74232, 72
2026/07/29 21:56:37.006, 299.90, 100, 74232, 72
2026/07/29 21:56:38.041, 275.08, 100, 74232, 72
2026/07/29 21:56:39.076, 294.90, 100, 74232, 72
2026/07/29 21:56:40.109, 302.34, 100, 74232, 72
2026/07/29 21:56:41.145, 302.02, 100, 74232, 70
2026/07/29 21:56:42.182, 301.61, 100, 74232, 70
2026/07/29 21:56:43.220, 298.21, 100, 74232, 70
2026/07/29 21:56:44.257, 300.25, 100, 74232, 70
2026/07/29 21:56:45.294, 302.41, 100, 74232, 71
2026/07/29 21:56:46.331, 304.05, 100, 74232, 71
2026/07/29 21:56:47.368, 305.43, 100, 74232, 71
2026/07/29 21:56:48.404, 304.26, 100, 74232, 71
2026/07/29 21:56:49.440, 303.84, 100, 74232, 71
2026/07/29 21:56:50.477, 305.91, 100, 74232, 71
2026/07/29 21:56:51.514, 304.35, 100, 74232, 71
2026/07/29 21:56:52.551, 303.74, 100, 74232, 71
2026/07/29 21:56:53.588, 304.81, 100, 74232, 71
2026/07/29 21:56:54.626, 292.36, 100, 74232, 71
2026/07/29 21:56:55.662, 301.63, 100, 74232, 71
2026/07/29 21:56:56.698, 304.46, 100, 74232, 71
2026/07/29 21:56:57.738, 304.99, 100, 74232, 71
2026/07/29 21:56:58.775, 98.84, 0, 74232, 67
2026/07/29 21:56:59.819, 285.97, 100, 74232, 72
2026/07/29 21:57:00.855, 302.52, 100, 74232, 72
2026/07/29 21:57:01.895, 314.58, 100, 74232, 72
2026/07/29 21:57:02.931, 287.31, 100, 74232, 72
2026/07/29 21:57:03.967, 282.61, 100, 74232, 72
2026/07/29 21:57:05.008, 259.90, 100, 74232, 72
2026/07/29 21:57:06.043, 302.99, 100, 74232, 70
2026/07/29 21:57:07.079, 304.37, 100, 74232, 70
2026/07/29 21:57:08.115, 301.81, 100, 74232, 70
2026/07/29 21:57:09.153, 304.23, 100, 74232, 70
2026/07/29 21:57:10.189, 94.64, 0, 74232, 67
2026/07/29 21:57:11.221, 299.11, 100, 74232, 72
2026/07/29 21:57:12.262, 302.93, 100, 74232, 72
2026/07/29 21:57:13.296, 286.19, 100, 74232, 72
2026/07/29 21:57:14.333, 278.15, 100, 74232, 72
2026/07/29 21:57:15.371, 283.66, 100, 74232, 72
2026/07/29 21:57:16.406, 311.18, 100, 74232, 72
2026/07/29 21:57:17.442, 302.81, 100, 74232, 70
2026/07/29 21:57:18.482, 308.63, 100, 74232, 70
2026/07/29 21:57:19.520, 298.31, 100, 74232, 70
2026/07/29 21:57:20.558, 303.18, 100, 74232, 70
2026/07/29 21:57:21.596, 304.81, 100, 74232, 71
2026/07/29 21:57:22.633, 295.97, 100, 74232, 71
2026/07/29 21:57:23.670, 297.63, 100, 74232, 71
2026/07/29 21:57:24.709, 305.15, 100, 74232, 71
2026/07/29 21:57:25.745, 299.58, 100, 74232, 71
2026/07/29 21:57:26.789, 304.92, 100, 74232, 71
2026/07/29 21:57:27.826, 294.73, 100, 74232, 71
2026/07/29 21:57:28.863, 296.46, 100, 74232, 71
2026/07/29 21:57:29.899, 305.23, 100, 74232, 71
2026/07/29 21:57:30.936, 301.72, 100, 74232, 71
2026/07/29 21:57:31.972, 302.48, 100, 74232, 71
2026/07/29 21:57:33.010, 298.52, 100, 74232, 71
2026/07/29 21:57:34.047, 294.91, 100, 74232, 71
2026/07/29 21:57:35.083, 295.59, 100, 74232, 71
2026/07/29 21:57:36.119, 297.36, 100, 74232, 71
2026/07/29 21:57:37.158, 298.33, 100, 74232, 71
2026/07/29 21:57:38.195, 96.52, 0, 74232, 67
2026/07/29 21:57:39.228, 285.66, 100, 74232, 72
2026/07/29 21:57:40.266, 291.99, 100, 74232, 72
2026/07/29 21:57:41.302, 300.86, 100, 74232, 72
2026/07/29 21:57:42.337, 300.48, 100, 74232, 72
2026/07/29 21:57:43.374, 277.56, 100, 74232, 72
2026/07/29 21:57:44.411, 279.02, 100, 74232, 72
2026/07/29 21:57:45.446, 300.94, 100, 74232, 70
2026/07/29 21:57:46.484, 305.05, 100, 74232, 70
2026/07/29 21:57:47.521, 302.30, 100, 74232, 70
2026/07/29 21:57:48.557, 296.67, 100, 74232, 70
2026/07/29 21:57:49.593, 302.97, 100, 74232, 70
2026/07/29 21:57:50.629, 96.70, 0, 74232, 67
2026/07/29 21:57:51.662, 293.58, 100, 74232, 72
2026/07/29 21:57:52.699, 297.37, 100, 74232, 72
2026/07/29 21:57:53.734, 285.25, 100, 74232, 72
2026/07/29 21:57:54.769, 300.84, 100, 74232, 72
2026/07/29 21:57:55.808, 310.79, 100, 74232, 72
2026/07/29 21:57:56.842, 303.18, 100, 74232, 72
2026/07/29 21:57:57.879, 297.36, 100, 74232, 72
2026/07/29 21:57:58.915, 304.25, 100, 74232, 70
2026/07/29 21:57:59.954, 298.05, 100, 74232, 70
2026/07/29 21:58:00.994, 293.46, 100, 74232, 70
2026/07/29 21:58:02.031, 296.38, 100, 74232, 71
2026/07/29 21:58:03.067, 297.84, 100, 74232, 71
2026/07/29 21:58:04.104, 298.32, 100, 74232, 71
2026/07/29 21:58:05.146, 295.30, 100, 74232, 71
2026/07/29 21:58:06.184, 297.64, 100, 74232, 71
2026/07/29 21:58:07.222, 297.93, 100, 74232, 71
2026/07/29 21:58:08.263, 298.13, 100, 74232, 71
2026/07/29 21:58:09.300, 296.87, 100, 74232, 71
2026/07/29 21:58:10.336, 297.45, 100, 74232, 71
2026/07/29 21:58:11.372, 298.49, 100, 74232, 71
2026/07/29 21:58:12.408, 301.34, 100, 74232, 71
2026/07/29 21:58:13.446, 297.25, 100, 74232, 71
2026/07/29 21:58:14.482, 296.85, 100, 74232, 71
2026/07/29 21:58:15.518, 298.32, 100, 74232, 71
2026/07/29 21:58:16.555, 295.69, 100, 74232, 71
2026/07/29 21:58:17.593, 298.69, 100, 74232, 71
2026/07/29 21:58:18.629, 304.52, 100, 74232, 71
2026/07/29 21:58:19.666, 307.39, 100, 74232, 71
2026/07/29 21:58:20.705, 97.15, 100, 74232, 68
2026/07/29 21:58:21.739, 303.17, 97, 74232, 72
2026/07/29 21:58:22.777, 294.36, 100, 74232, 72
2026/07/29 21:58:23.813, 291.89, 100, 74232, 72
2026/07/29 21:58:24.850, 317.70, 100, 74232, 72
2026/07/29 21:58:25.891, 294.12, 100, 74232, 72
2026/07/29 21:58:26.926, 316.33, 100, 74232, 72
2026/07/29 21:58:27.960, 297.46, 100, 74232, 72
2026/07/29 21:58:28.993, 303.19, 100, 74232, 70
2026/07/29 21:58:30.030, 304.52, 100, 74232, 70
2026/07/29 21:58:31.067, 301.93, 100, 74232, 70
2026/07/29 21:58:32.104, 96.11, 0, 74232, 67
2026/07/29 21:58:33.151, 298.70, 100, 74232, 72
2026/07/29 21:58:34.186, 291.42, 100, 74232, 72
2026/07/29 21:58:35.232, 297.57, 100, 74232, 72
2026/07/29 21:58:36.267, 299.19, 100, 74232, 72
2026/07/29 21:58:37.303, 292.49, 100, 74232, 72
2026/07/29 21:58:38.347, 296.15, 100, 74232, 72
2026/07/29 21:58:39.381, 285.17, 100, 74232, 72
2026/07/29 21:58:40.416, 305.11, 100, 74232, 71
2026/07/29 21:58:41.459, 302.88, 100, 74232, 71
2026/07/29 21:58:42.499, 304.65, 100, 74232, 71
2026/07/29 21:58:43.537, 298.10, 100, 74232, 71
2026/07/29 21:58:44.575, 96.61, 0, 74232, 67
2026/07/29 21:58:45.608, 294.33, 100, 74232, 72
2026/07/29 21:58:46.681, 299.96, 100, 74232, 70
2026/07/29 21:58:47.720, 302.67, 100, 74232, 70
2026/07/29 21:58:48.758, 303.95, 100, 74232, 70
2026/07/29 21:58:49.796, 303.10, 100, 74232, 71
2026/07/29 21:58:50.832, 302.19, 100, 74232, 71
2026/07/29 21:58:51.868, 296.18, 100, 74232, 71
2026/07/29 21:58:52.906, 302.14, 100, 74232, 71
2026/07/29 21:58:53.943, 304.36, 100, 74232, 71
2026/07/29 21:58:54.981, 305.40, 100, 74232, 71
2026/07/29 21:58:56.018, 295.39, 100, 74232, 71
2026/07/29 21:58:57.055, 296.58, 100, 74232, 71
2026/07/29 21:58:58.093, 291.69, 100, 74232, 71
2026/07/29 21:58:59.130, 304.05, 100, 74232, 71
2026/07/29 21:59:00.166, 299.20, 100, 74232, 71
2026/07/29 21:59:01.204, 294.70, 100, 74232, 71
2026/07/29 21:59:02.243, 301.54, 100, 74232, 71
2026/07/29 21:59:03.281, 302.41, 100, 74232, 71
2026/07/29 21:59:04.320, 302.50, 100, 74232, 70
2026/07/29 21:59:05.358, 306.78, 100, 74232, 70
2026/07/29 21:59:06.396, 298.11, 100, 74232, 70
2026/07/29 21:59:07.432, 296.77, 100, 74232, 70
2026/07/29 21:59:08.470, 297.63, 100, 74232, 70
2026/07/29 21:59:09.507, 297.53, 100, 74232, 70
2026/07/29 21:59:10.543, 297.84, 100, 74232, 70
2026/07/29 21:59:11.582, 296.17, 100, 74232, 70
2026/07/29 21:59:12.619, 302.58, 100, 74232, 70
2026/07/29 21:59:13.656, 299.69, 100, 74232, 70
2026/07/29 21:59:14.695, 288.98, 100, 74232, 70
2026/07/29 21:59:15.733, 291.21, 100, 74232, 70
2026/07/29 21:59:16.771, 293.04, 100, 74232, 70
2026/07/29 21:59:17.808, 297.15, 100, 74232, 70
2026/07/29 21:59:18.847, 295.40, 100, 74232, 70
2026/07/29 21:59:19.884, 301.04, 100, 74232, 70
2026/07/29 21:59:20.922, 300.95, 100, 74232, 70
2026/07/29 21:59:21.959, 303.68, 100, 74232, 70
2026/07/29 21:59:22.997, 300.36, 100, 74232, 70
2026/07/29 21:59:24.040, 301.05, 100, 74232, 70
2026/07/29 21:59:25.077, 301.73, 100, 74232, 70
2026/07/29 21:59:26.114, 294.92, 100, 74232, 70
2026/07/29 21:59:27.151, 298.98, 100, 74232, 70
2026/07/29 21:59:28.187, 301.81, 100, 74232, 70
2026/07/29 21:59:29.224, 293.07, 100, 74232, 70
2026/07/29 21:59:30.260, 295.12, 100, 74232, 70
2026/07/29 21:59:31.299, 302.42, 100, 74232, 70
2026/07/29 21:59:32.336, 294.53, 100, 74232, 70
2026/07/29 21:59:33.376, 293.85, 100, 74232, 70
2026/07/29 21:59:34.414, 301.35, 100, 74232, 70
2026/07/29 21:59:35.453, 301.54, 100, 74232, 70
2026/07/29 21:59:36.491, 301.52, 100, 74232, 70
2026/07/29 21:59:37.528, 302.19, 100, 74232, 70
2026/07/29 21:59:38.566, 300.76, 100, 74232, 70
2026/07/29 21:59:39.604, 301.90, 100, 74232, 70
2026/07/29 21:59:40.641, 301.42, 100, 74232, 70
2026/07/29 21:59:41.680, 301.02, 100, 74232, 70
2026/07/29 21:59:42.718, 303.09, 100, 74232, 70
2026/07/29 21:59:43.755, 300.84, 100, 74232, 70
2026/07/29 21:59:44.793, 301.93, 100, 74232, 70
2026/07/29 21:59:45.829, 301.03, 100, 74232, 70
2026/07/29 21:59:46.867, 300.74, 100, 74232, 70
2026/07/29 21:59:47.903, 301.04, 100, 74232, 70
2026/07/29 21:59:48.941, 300.74, 100, 74232, 70
2026/07/29 21:59:49.979, 302.30, 100, 74232, 70
2026/07/29 21:59:51.017, 302.42, 100, 74232, 70
2026/07/29 21:59:52.053, 301.62, 100, 74232, 70
2026/07/29 21:59:53.090, 301.06, 100, 74232, 70
2026/07/29 21:59:54.126, 300.75, 100, 74232, 70
2026/07/29 21:59:55.170, 302.77, 100, 74232, 70
2026/07/29 21:59:56.207, 300.63, 100, 74232, 70
2026/07/29 21:59:57.244, 300.07, 100, 74232, 70
2026/07/29 21:59:58.280, 302.47, 100, 74232, 70
2026/07/29 21:59:59.317, 299.79, 100, 74232, 70
2026/07/29 22:00:00.354, 300.65, 100, 74232, 70
2026/07/29 22:00:01.390, 301.68, 100, 74232, 70
2026/07/29 22:00:02.428, 296.30, 100, 74232, 70
2026/07/29 22:00:03.465, 300.07, 100, 74232, 70
2026/07/29 22:00:04.502, 302.10, 100, 74232, 70
2026/07/29 22:00:05.539, 293.45, 100, 74232, 70
2026/07/29 22:00:06.580, 293.75, 100, 74232, 70
2026/07/29 22:00:07.617, 294.11, 100, 74232, 70
2026/07/29 22:00:08.654, 294.33, 100, 74232, 70
2026/07/29 22:00:09.690, 293.74, 100, 74232, 70
2026/07/29 22:00:10.728, 294.32, 100, 74232, 70
2026/07/29 22:00:11.765, 294.81, 100, 74232, 70
2026/07/29 22:00:12.802, 293.74, 100, 74232, 70
2026/07/29 22:00:13.840, 292.76, 100, 74232, 70
2026/07/29 22:00:14.877, 299.27, 100, 74232, 70
2026/07/29 22:00:15.914, 298.15, 100, 74232, 70
2026/07/29 22:00:16.953, 291.79, 100, 74232, 70
2026/07/29 22:00:17.991, 292.08, 100, 74232, 70
2026/07/29 22:00:19.028, 302.52, 100, 74232, 70
2026/07/29 22:00:20.065, 302.13, 100, 74232, 70
2026/07/29 22:00:21.101, 303.76, 100, 74232, 70
2026/07/29 22:00:22.140, 290.90, 100, 74232, 70
2026/07/29 22:00:23.178, 303.11, 100, 74232, 70
2026/07/29 22:00:24.215, 298.51, 100, 74232, 71
2026/07/29 22:00:25.250, 294.61, 100, 74232, 71
2026/07/29 22:00:26.288, 303.53, 100, 74232, 71
2026/07/29 22:00:27.322, 286.35, 100, 74232, 72
2026/07/29 22:00:28.359, 287.59, 100, 74232, 72
2026/07/29 22:00:29.397, 297.48, 100, 74232, 71
2026/07/29 22:00:30.434, 295.49, 100, 74232, 70
2026/07/29 22:00:31.477, 296.65, 100, 74232, 70
2026/07/29 22:00:32.515, 291.40, 100, 74232, 70
2026/07/29 22:00:33.551, 293.15, 100, 74232, 70
2026/07/29 22:00:34.589, 296.27, 100, 74232, 70
2026/07/29 22:00:35.627, 94.75, 0, 74232, 66
2026/07/29 22:00:36.660, 297.70, 100, 74232, 71
2026/07/29 22:00:37.699, 318.04, 100, 74232, 71
2026/07/29 22:00:38.734, 309.88, 100, 74232, 71
2026/07/29 22:00:39.769, 301.81, 100, 74232, 71
2026/07/29 22:00:40.809, 288.10, 100, 74232, 71
2026/07/29 22:00:41.844, 281.91, 100, 74232, 71
2026/07/29 22:00:42.878, 302.47, 100, 74232, 70
2026/07/29 22:00:43.917, 299.70, 100, 74232, 70
2026/07/29 22:00:44.955, 293.83, 100, 74232, 70
2026/07/29 22:00:45.995, 293.05, 100, 74232, 70
2026/07/29 22:00:47.032, 95.42, 0, 74232, 67
2026/07/29 22:00:48.066, 302.35, 66, 74232, 71
2026/07/29 22:00:49.099, 292.60, 100, 74232, 71
2026/07/29 22:00:50.133, 299.51, 100, 74232, 71
2026/07/29 22:00:51.167, 295.82, 100, 74232, 71
2026/07/29 22:00:52.201, 300.88, 100, 74232, 71
2026/07/29 22:00:53.235, 302.96, 100, 74232, 72
2026/07/29 22:00:54.269, 299.67, 100, 74232, 72
2026/07/29 22:00:55.304, 301.55, 100, 74232, 70
2026/07/29 22:00:56.341, 295.61, 100, 74232, 70
2026/07/29 22:00:57.377, 296.07, 100, 74232, 70
2026/07/29 22:00:58.413, 294.41, 100, 74232, 70
2026/07/29 22:00:59.450, 296.26, 100, 74232, 70
2026/07/29 22:01:00.488, 296.56, 76, 74232, 71
2026/07/29 22:01:01.523, 309.27, 100, 74232, 72
2026/07/29 22:01:02.565, 296.89, 100, 74232, 72
2026/07/29 22:01:03.600, 273.16, 100, 74232, 72
2026/07/29 22:01:04.637, 304.97, 100, 74232, 72
2026/07/29 22:01:05.672, 312.01, 100, 74232, 72
2026/07/29 22:01:06.707, 280.50, 100, 74232, 72
2026/07/29 22:01:07.742, 305.05, 100, 74232, 70
2026/07/29 22:01:08.780, 302.41, 100, 74232, 70
2026/07/29 22:01:09.818, 298.00, 100, 74232, 70
2026/07/29 22:01:10.859, 300.17, 100, 74232, 70
2026/07/29 22:01:11.896, 292.36, 100, 74232, 70
2026/07/29 22:01:12.933, 300.27, 100, 74232, 70
2026/07/29 22:01:13.969, 295.89, 100, 74232, 70
2026/07/29 22:01:15.008, 293.75, 100, 74232, 70
2026/07/29 22:01:16.047, 296.57, 100, 74232, 70
2026/07/29 22:01:17.083, 295.21, 100, 74232, 71
2026/07/29 22:01:18.119, 298.99, 100, 74232, 69
2026/07/29 22:01:19.153, 94.76, 0, 74232, 67
2026/07/29 22:01:20.185, 94.74, 0, 74232, 66
2026/07/29 22:01:21.219, 93.91, 0, 74232, 66
2026/07/29 22:01:22.252, 93.28, 0, 74232, 65
2026/07/29 22:01:23.285, 92.64, 0, 74232, 64
2026/07/29 22:01:24.317, 91.55, 0, 74232, 64
2026/07/29 22:01:25.348, 90.81, 0, 74232, 63
2026/07/29 22:01:26.379, 90.28, 0, 74232, 63
2026/07/29 22:01:27.410, 89.69, 0, 74232, 63
2026/07/29 22:01:28.441, 88.57, 0, 74232, 62
2026/07/29 22:01:29.475, 88.73, 0, 74232, 62
2026/07/29 22:01:30.507, 88.75, 0, 74232, 61
2026/07/29 22:01:31.539, 87.14, 0, 74232, 61
2026/07/29 22:01:32.571, 86.63, 0, 74232, 61
2026/07/29 22:01:33.603, 86.45, 0, 74232, 60
2026/07/29 22:01:34.635, 86.11, 0, 74232, 60
2026/07/29 22:01:35.668, 85.39, 0, 74232, 60
2026/07/29 22:01:36.700, 85.40, 0, 74232, 59
2026/07/29 22:01:37.732, 85.10, 0, 74232, 59
2026/07/29 22:01:38.764, 84.75, 0, 74232, 59
2026/07/29 22:01:39.795, 84.75, 0, 74232, 58
2026/07/29 22:01:40.826, 84.06, 0, 74232, 58
2026/07/29 22:01:41.856, 83.17, 0, 74232, 58
2026/07/29 22:01:42.887, 83.38, 0, 74232, 57
2026/07/29 22:01:43.918, 82.96, 0, 74232, 57
2026/07/29 22:01:44.949, 281.85, 100, 74232, 62
2026/07/29 22:01:45.988, 291.32, 100, 74232, 63
2026/07/29 22:01:47.021, 308.42, 100, 74232, 63
2026/07/29 22:01:48.057, 302.92, 100, 74232, 64
2026/07/29 22:01:49.097, 294.82, 100, 74232, 62
2026/07/29 22:01:50.133, 296.77, 100, 74232, 62
2026/07/29 22:01:51.170, 293.24, 100, 74232, 63
2026/07/29 22:01:52.215, 292.48, 100, 74232, 63
2026/07/29 22:01:53.251, 289.94, 100, 74232, 63
2026/07/29 22:01:54.291, 298.69, 100, 74232, 63
2026/07/29 22:01:55.327, 291.42, 100, 74232, 64
2026/07/29 22:01:56.364, 297.92, 100, 74232, 64
2026/07/29 22:01:57.403, 289.14, 100, 74232, 64
2026/07/29 22:01:58.441, 299.98, 100, 74232, 64
2026/07/29 22:01:59.481, 295.01, 100, 74232, 64
2026/07/29 22:02:00.519, 286.19, 100, 74232, 66
2026/07/29 22:02:01.558, 299.63, 100, 74232, 66
2026/07/29 22:02:02.591, 306.50, 100, 74232, 67
2026/07/29 22:02:03.624, 259.74, 100, 74232, 67
2026/07/29 22:02:04.660, 303.68, 100, 74232, 67
2026/07/29 22:02:05.697, 293.93, 100, 74232, 65
2026/07/29 22:02:06.734, 293.06, 100, 74232, 65
2026/07/29 22:02:07.773, 301.89, 100, 74232, 66
2026/07/29 22:02:08.810, 298.99, 100, 74232, 67
2026/07/29 22:02:09.846, 282.49, 100, 74232, 68
2026/07/29 22:02:10.883, 304.88, 100, 74232, 68
2026/07/29 22:02:11.918, 315.15, 100, 74232, 68
2026/07/29 22:02:12.953, 310.21, 100, 74232, 68
2026/07/29 22:02:13.991, 301.31, 100, 74232, 68
2026/07/29 22:02:15.029, 301.91, 100, 74232, 67
2026/07/29 22:02:16.067, 299.57, 100, 74232, 67
2026/07/29 22:02:17.103, 297.25, 100, 74232, 67
2026/07/29 22:02:18.141, 300.24, 100, 74232, 67
2026/07/29 22:02:19.178, 293.24, 100, 74232, 67
2026/07/29 22:02:20.219, 298.59, 100, 74232, 67
2026/07/29 22:02:21.256, 298.24, 100, 74232, 67
2026/07/29 22:02:22.292, 309.68, 100, 74232, 68
2026/07/29 22:02:23.333, 288.09, 100, 74232, 68
2026/07/29 22:02:24.370, 299.11, 100, 74232, 68
2026/07/29 22:02:25.411, 304.98, 100, 74232, 70
2026/07/29 22:02:26.446, 295.38, 100, 74232, 70
2026/07/29 22:02:27.481, 299.32, 100, 74232, 70
2026/07/29 22:02:28.517, 266.86, 100, 74232, 70
2026/07/29 22:02:29.552, 274.39, 100, 74232, 70
2026/07/29 22:02:30.586, 277.60, 100, 74232, 70
2026/07/29 22:02:31.621, 251.19, 100, 74232, 68
2026/07/29 22:02:32.664, 291.90, 100, 74232, 68
2026/07/29 22:02:33.701, 298.04, 100, 74232, 68
2026/07/29 22:02:34.738, 301.34, 100, 74232, 68
2026/07/29 22:02:35.775, 296.18, 100, 74232, 68
2026/07/29 22:02:36.814, 305.80, 100, 74232, 69
2026/07/29 22:02:37.853, 310.10, 100, 74232, 69
2026/07/29 22:02:38.889, 301.11, 100, 74232, 69
2026/07/29 22:02:39.926, 294.33, 100, 74232, 69
2026/07/29 22:02:40.963, 293.64, 100, 74232, 69
2026/07/29 22:02:41.999, 292.46, 100, 74232, 69
2026/07/29 22:02:43.035, 293.35, 100, 74232, 69
2026/07/29 22:02:44.072, 297.72, 100, 74232, 69
2026/07/29 22:02:45.112, 300.05, 100, 74232, 69
2026/07/29 22:02:46.148, 298.79, 100, 74232, 69
2026/07/29 22:02:47.188, 301.43, 100, 74232, 69
2026/07/29 22:02:48.224, 292.87, 100, 74232, 69
2026/07/29 22:02:49.260, 298.99, 100, 74232, 69
2026/07/29 22:02:50.296, 297.17, 100, 74232, 69
2026/07/29 22:02:51.333, 296.30, 100, 74232, 69
2026/07/29 22:02:52.372, 309.26, 100, 74232, 69
2026/07/29 22:02:53.409, 301.92, 100, 74232, 69
2026/07/29 22:02:54.444, 301.70, 100, 74232, 69
2026/07/29 22:02:55.481, 300.15, 100, 74232, 69
2026/07/29 22:02:56.522, 298.61, 100, 74232, 69
2026/07/29 22:02:57.559, 299.47, 100, 74232, 69
2026/07/29 22:02:58.597, 300.15, 100, 74232, 69
2026/07/29 22:02:59.634, 299.86, 100, 74232, 69
2026/07/29 22:03:00.671, 299.79, 100, 74232, 69
2026/07/29 22:03:01.708, 302.11, 100, 74232, 69
2026/07/29 22:03:02.753, 302.11, 100, 74232, 69
2026/07/29 22:03:03.791, 295.22, 100, 74232, 69
2026/07/29 22:03:04.827, 291.21, 100, 74232, 69
2026/07/29 22:03:05.867, 295.02, 100, 74232, 69
2026/07/29 22:03:06.904, 297.15, 100, 74232, 69
2026/07/29 22:03:07.944, 295.87, 100, 74232, 69
2026/07/29 22:03:08.982, 296.77, 100, 74232, 69
2026/07/29 22:03:10.019, 299.39, 100, 74232, 69
2026/07/29 22:03:11.057, 301.15, 100, 74232, 69
2026/07/29 22:03:12.094, 301.14, 100, 74232, 69
2026/07/29 22:03:13.133, 301.41, 100, 74232, 69
2026/07/29 22:03:14.170, 302.88, 100, 74232, 69
2026/07/29 22:03:15.211, 302.29, 100, 74232, 69
2026/07/29 22:03:16.248, 296.45, 100, 74232, 69
2026/07/29 22:03:17.285, 300.19, 100, 74232, 69
2026/07/29 22:03:18.323, 296.83, 100, 74232, 69
2026/07/29 22:03:19.360, 298.70, 100, 74232, 69
2026/07/29 22:03:20.399, 288.39, 100, 74232, 69
2026/07/29 22:03:21.438, 294.12, 100, 74232, 69
2026/07/29 22:03:22.475, 299.86, 100, 74232, 70
2026/07/29 22:03:23.514, 299.10, 100, 74232, 69
2026/07/29 22:03:24.552, 301.14, 100, 74232, 70
2026/07/29 22:03:25.591, 300.74, 100, 74232, 70
2026/07/29 22:03:26.628, 300.27, 100, 74232, 70
2026/07/29 22:03:27.665, 301.70, 100, 74232, 70
2026/07/29 22:03:28.703, 303.27, 100, 74232, 70
2026/07/29 22:03:29.739, 301.91, 100, 74232, 70
2026/07/29 22:03:30.776, 303.38, 100, 74232, 70
2026/07/29 22:03:31.815, 303.88, 100, 74232, 70
2026/07/29 22:03:32.852, 302.10, 100, 74232, 70
2026/07/29 22:03:33.889, 302.00, 100, 74232, 70
2026/07/29 22:03:34.926, 297.82, 100, 74232, 70
2026/07/29 22:03:35.963, 301.02, 100, 74232, 70
2026/07/29 22:03:37.000, 298.03, 100, 74232, 70
2026/07/29 22:03:38.037, 300.57, 100, 74232, 70
2026/07/29 22:03:39.074, 297.51, 100, 74232, 70
2026/07/29 22:03:40.111, 299.87, 100, 74232, 70
2026/07/29 22:03:41.151, 301.31, 100, 74232, 70
2026/07/29 22:03:42.187, 302.46, 100, 74232, 70
2026/07/29 22:03:43.225, 302.29, 100, 74232, 70
2026/07/29 22:03:44.261, 300.75, 100, 74232, 70
2026/07/29 22:03:45.298, 303.45, 100, 74232, 70
2026/07/29 22:03:46.334, 295.02, 100, 74232, 70
2026/07/29 22:03:47.371, 302.29, 100, 74232, 70
2026/07/29 22:03:48.407, 302.77, 100, 74232, 70
2026/07/29 22:03:49.444, 297.26, 100, 74232, 70
2026/07/29 22:03:50.481, 303.29, 100, 74232, 70
2026/07/29 22:03:51.518, 300.84, 100, 74232, 70
2026/07/29 22:03:52.556, 300.93, 100, 74232, 70
2026/07/29 22:03:53.593, 302.18, 100, 74232, 70
2026/07/29 22:03:54.630, 300.82, 100, 74232, 70
2026/07/29 22:03:55.666, 303.65, 100, 74232, 70
2026/07/29 22:03:56.706, 295.79, 100, 74232, 70
2026/07/29 22:03:57.742, 293.06, 100, 74232, 70
2026/07/29 22:03:58.779, 300.58, 100, 74232, 70
2026/07/29 22:03:59.817, 297.73, 100, 74232, 70
2026/07/29 22:04:00.855, 296.27, 100, 74232, 70
2026/07/29 22:04:01.893, 295.79, 100, 74232, 70
2026/07/29 22:04:02.933, 293.94, 100, 74232, 70
2026/07/29 22:04:03.970, 296.76, 100, 74232, 70
2026/07/29 22:04:05.008, 295.01, 100, 74232, 70
2026/07/29 22:04:06.047, 296.48, 100, 74232, 70
2026/07/29 22:04:07.085, 298.21, 100, 74232, 70
2026/07/29 22:04:08.123, 295.99, 100, 74232, 70
2026/07/29 22:04:09.161, 297.72, 100, 74232, 70
2026/07/29 22:04:10.198, 295.00, 100, 74232, 70
2026/07/29 22:04:11.234, 295.80, 100, 74232, 70
2026/07/29 22:04:12.273, 302.22, 100, 74232, 70
2026/07/29 22:04:13.311, 303.87, 100, 74232, 70
2026/07/29 22:04:14.349, 303.29, 100, 74232, 70
2026/07/29 22:04:15.387, 307.19, 100, 74232, 70
2026/07/29 22:04:16.425, 302.87, 100, 74232, 71
2026/07/29 22:04:17.534, 290.26, 100, 74232, 71
2026/07/29 22:04:18.570, 300.72, 100, 74232, 71
2026/07/29 22:04:19.606, 303.55, 100, 74232, 71
2026/07/29 22:04:20.648, 283.67, 100, 74232, 71
2026/07/29 22:04:21.684, 295.62, 100, 74232, 71
2026/07/29 22:04:22.719, 302.22, 100, 74232, 70
2026/07/29 22:04:23.757, 299.84, 100, 74232, 70
2026/07/29 22:04:24.795, 303.23, 100, 74232, 70
2026/07/29 22:04:25.832, 302.79, 100, 74232, 70
2026/07/29 22:04:26.871, 300.34, 100, 74232, 70
2026/07/29 22:04:27.909, 295.99, 100, 74232, 70
2026/07/29 22:04:28.947, 294.23, 100, 74232, 71
2026/07/29 22:04:29.982, 293.70, 100, 74232, 71
2026/07/29 22:04:31.017, 304.77, 100, 74232, 71
2026/07/29 22:04:32.053, 295.87, 100, 74232, 71
2026/07/29 22:04:33.090, 315.43, 100, 74232, 72
2026/07/29 22:04:34.124, 282.17, 100, 74232, 71
2026/07/29 22:04:35.162, 302.60, 100, 74232, 70
2026/07/29 22:04:36.201, 301.70, 100, 74232, 70
2026/07/29 22:04:37.237, 304.41, 100, 74232, 70
2026/07/29 22:04:38.273, 93.75, 48, 74232, 67
2026/07/29 22:04:39.305, 296.17, 100, 74232, 71
2026/07/29 22:04:40.340, 298.41, 100, 74232, 71
2026/07/29 22:04:41.376, 282.04, 100, 74232, 71
2026/07/29 22:04:42.411, 309.74, 100, 74232, 72
2026/07/29 22:04:43.445, 322.94, 100, 74232, 72
2026/07/29 22:04:44.479, 287.90, 100, 74232, 72
2026/07/29 22:04:45.514, 304.65, 100, 74232, 70
2026/07/29 22:04:46.550, 306.00, 100, 74232, 70
2026/07/29 22:04:47.586, 295.99, 100, 74232, 72
2026/07/29 22:04:48.623, 298.23, 100, 74232, 72
2026/07/29 22:04:49.657, 287.34, 100, 74232, 72
2026/07/29 22:04:50.693, 294.72, 100, 74232, 72
2026/07/29 22:04:51.727, 278.59, 100, 74232, 72
2026/07/29 22:04:52.762, 304.47, 100, 74232, 72
2026/07/29 22:04:53.796, 311.66, 100, 74232, 72
2026/07/29 22:04:54.831, 305.72, 100, 74232, 71
2026/07/29 22:04:55.873, 305.44, 100, 74232, 71
2026/07/29 22:04:56.911, 298.72, 100, 74232, 71
2026/07/29 22:04:57.948, 305.01, 100, 74232, 71
2026/07/29 22:04:58.986, 304.75, 100, 74232, 71
2026/07/29 22:05:00.023, 306.18, 100, 74232, 71
2026/07/29 22:05:01.061, 299.94, 100, 74232, 71
2026/07/29 22:05:02.097, 297.84, 100, 74232, 71
2026/07/29 22:05:03.136, 298.41, 100, 74232, 71
2026/07/29 22:05:04.173, 299.09, 100, 74232, 71
2026/07/29 22:05:05.214, 297.05, 100, 74232, 71
2026/07/29 22:05:06.253, 296.75, 100, 74232, 71
2026/07/29 22:05:07.291, 298.61, 100, 74232, 71
2026/07/29 22:05:08.332, 298.99, 100, 74232, 71
2026/07/29 22:05:09.370, 301.35, 100, 74232, 71
2026/07/29 22:05:10.407, 296.95, 100, 74232, 71
2026/07/29 22:05:11.444, 298.61, 100, 74232, 71
2026/07/29 22:05:12.483, 299.32, 100, 74232, 71
2026/07/29 22:05:13.520, 294.83, 100, 74232, 71
2026/07/29 22:05:14.559, 96.12, 0, 74232, 71
2026/07/29 22:05:15.595, 302.18, 100, 74232, 71
2026/07/29 22:05:16.634, 304.53, 100, 74232, 71
2026/07/29 22:05:17.673, 305.24, 100, 74232, 71
2026/07/29 22:05:18.710, 301.25, 100, 74232, 71
2026/07/29 22:05:19.747, 301.04, 100, 74232, 71
2026/07/29 22:05:20.790, 303.36, 100, 74232, 70
2026/07/29 22:05:21.829, 302.23, 100, 74232, 70
2026/07/29 22:05:22.866, 293.26, 100, 74232, 70
2026/07/29 22:05:23.904, 295.90, 100, 74232, 70
2026/07/29 22:05:24.941, 296.76, 100, 74232, 70
2026/07/29 22:05:25.981, 297.93, 100, 74232, 70
2026/07/29 22:05:27.019, 291.99, 100, 74232, 70
2026/07/29 22:05:28.056, 295.79, 100, 74232, 70
2026/07/29 22:05:29.094, 293.15, 100, 74232, 70
2026/07/29 22:05:30.132, 290.15, 100, 74232, 70
2026/07/29 22:05:31.174, 295.48, 100, 74232, 70
2026/07/29 22:05:32.211, 295.42, 100, 74232, 70
2026/07/29 22:05:33.249, 300.05, 100, 74232, 70
2026/07/29 22:05:34.288, 302.33, 100, 74232, 70
2026/07/29 22:05:35.326, 295.00, 100, 74232, 70
2026/07/29 22:05:36.363, 294.61, 100, 74232, 70
2026/07/29 22:05:37.400, 295.89, 100, 74232, 70
2026/07/29 22:05:38.437, 295.99, 100, 74232, 70
2026/07/29 22:05:39.474, 304.38, 100, 74232, 70
2026/07/29 22:05:40.510, 306.28, 100, 74232, 70
2026/07/29 22:05:41.548, 292.27, 100, 74232, 70
2026/07/29 22:05:42.586, 303.10, 100, 74232, 70
2026/07/29 22:05:43.623, 299.60, 100, 74232, 70
2026/07/29 22:05:44.660, 300.45, 100, 74232, 70
2026/07/29 22:05:45.697, 299.12, 100, 74232, 70
2026/07/29 22:05:46.735, 297.06, 100, 74232, 70
2026/07/29 22:05:47.773, 301.92, 100, 74232, 70
2026/07/29 22:05:48.811, 301.03, 100, 74232, 70
2026/07/29 22:05:49.849, 301.51, 100, 74232, 70
2026/07/29 22:05:50.886, 298.50, 100, 74232, 70
2026/07/29 22:05:51.923, 297.24, 100, 74232, 70
2026/07/29 22:05:52.961, 305.10, 100, 74232, 70
2026/07/29 22:05:53.998, 299.77, 100, 74232, 70
2026/07/29 22:05:55.035, 306.52, 100, 74232, 70
2026/07/29 22:05:56.072, 304.84, 100, 74232, 70
2026/07/29 22:05:57.110, 306.36, 100, 74232, 70
2026/07/29 22:05:58.147, 298.30, 100, 74232, 70
2026/07/29 22:05:59.183, 306.70, 100, 74232, 70
2026/07/29 22:06:00.221, 297.62, 100, 74232, 70
2026/07/29 22:06:01.257, 299.30, 100, 74232, 70
2026/07/29 22:06:02.295, 297.24, 100, 74232, 70
2026/07/29 22:06:03.331, 299.60, 100, 74232, 70
2026/07/29 22:06:04.368, 302.86, 100, 74232, 70
2026/07/29 22:06:05.404, 299.47, 100, 74232, 70
2026/07/29 22:06:06.440, 301.62, 100, 74232, 70
2026/07/29 22:06:07.475, 302.01, 100, 74232, 70
2026/07/29 22:06:08.512, 301.63, 100, 74232, 70
2026/07/29 22:06:09.548, 300.94, 100, 74232, 70
2026/07/29 22:06:10.584, 301.73, 100, 74232, 70
2026/07/29 22:06:11.621, 303.11, 100, 74232, 70
2026/07/29 22:06:12.657, 301.51, 100, 74232, 70
2026/07/29 22:06:13.693, 303.46, 100, 74232, 70
2026/07/29 22:06:14.729, 304.43, 100, 74232, 70
2026/07/29 22:06:15.767, 297.55, 100, 74232, 70
2026/07/29 22:06:16.804, 286.63, 100, 74232, 70
2026/07/29 22:06:17.841, 292.78, 100, 74232, 70
2026/07/29 22:06:18.878, 301.15, 100, 74232, 70
2026/07/29 22:06:19.915, 296.47, 100, 74232, 70
2026/07/29 22:06:20.952, 301.70, 100, 74232, 70
2026/07/29 22:06:21.989, 299.40, 100, 74232, 70
2026/07/29 22:06:23.026, 303.18, 100, 74232, 70
2026/07/29 22:06:24.063, 303.10, 100, 74232, 70
2026/07/29 22:06:25.099, 302.76, 100, 74232, 70
2026/07/29 22:06:26.136, 304.25, 100, 74232, 70
2026/07/29 22:06:27.172, 302.42, 100, 74232, 69
2026/07/29 22:06:28.207, 295.88, 100, 74232, 71
2026/07/29 22:06:29.241, 288.38, 100, 74232, 71
2026/07/29 22:06:30.276, 294.07, 100, 74232, 71
2026/07/29 22:06:31.313, 301.76, 100, 74232, 71
2026/07/29 22:06:32.347, 302.87, 100, 74232, 71
2026/07/29 22:06:33.381, 299.67, 100, 74232, 70
2026/07/29 22:06:34.417, 301.40, 100, 74232, 70
2026/07/29 22:06:35.453, 302.78, 100, 74232, 70
2026/07/29 22:06:36.493, 301.34, 100, 74232, 70
2026/07/29 22:06:37.530, 297.81, 100, 74232, 70
2026/07/29 22:06:38.571, 299.96, 100, 74232, 70
2026/07/29 22:06:39.610, 304.03, 100, 74232, 70
2026/07/29 22:06:40.648, 303.64, 100, 74232, 70
2026/07/29 22:06:41.685, 302.30, 100, 74232, 70
2026/07/29 22:06:42.723, 300.73, 100, 74232, 70
2026/07/29 22:06:43.762, 301.62, 100, 74232, 70
2026/07/29 22:06:44.800, 298.20, 100, 74232, 70
2026/07/29 22:06:45.841, 301.29, 100, 74232, 70
2026/07/29 22:06:46.878, 296.45, 100, 74232, 72
2026/07/29 22:06:47.917, 295.52, 100, 74232, 72
2026/07/29 22:06:48.952, 308.59, 100, 74232, 72
2026/07/29 22:06:49.988, 290.35, 100, 74232, 72
2026/07/29 22:06:51.026, 299.92, 100, 74232, 72
2026/07/29 22:06:52.063, 303.20, 100, 74232, 70
2026/07/29 22:06:53.101, 298.61, 100, 74232, 70
2026/07/29 22:06:54.139, 303.58, 100, 74232, 70
2026/07/29 22:06:55.177, 294.02, 100, 74232, 70
2026/07/29 22:06:56.214, 301.98, 100, 74232, 70
2026/07/29 22:06:57.253, 302.20, 100, 74232, 70
2026/07/29 22:06:58.291, 304.94, 100, 74232, 70
2026/07/29 22:06:59.328, 298.71, 100, 74232, 70
2026/07/29 22:07:00.366, 296.65, 100, 74232, 70
2026/07/29 22:07:01.403, 297.13, 100, 74232, 70
2026/07/29 22:07:02.441, 302.01, 100, 74232, 70
2026/07/29 22:07:03.478, 303.54, 100, 74232, 70
2026/07/29 22:07:04.517, 304.73, 100, 74232, 70
2026/07/29 22:07:05.555, 305.79, 100, 74232, 70
2026/07/29 22:07:06.594, 301.02, 100, 74232, 70
2026/07/29 22:07:07.633, 298.03, 100, 74232, 70
2026/07/29 22:07:08.670, 296.75, 100, 74232, 70
2026/07/29 22:07:09.708, 296.94, 100, 74232, 70
2026/07/29 22:07:10.744, 299.12, 100, 74232, 70
2026/07/29 22:07:11.782, 295.98, 100, 74232, 70
2026/07/29 22:07:12.820, 299.47, 100, 74232, 70
2026/07/29 22:07:13.861, 296.64, 100, 74232, 70
2026/07/29 22:07:14.902, 299.76, 100, 74232, 70
2026/07/29 22:07:15.939, 305.20, 100, 74232, 70
2026/07/29 22:07:16.979, 294.91, 100, 74232, 70
2026/07/29 22:07:18.016, 298.89, 100, 74232, 70
2026/07/29 22:07:19.052, 303.28, 100, 74232, 70
2026/07/29 22:07:20.089, 299.00, 100, 74232, 70
2026/07/29 22:07:21.124, 299.18, 100, 74232, 70
2026/07/29 22:07:22.160, 303.19, 100, 74232, 70
2026/07/29 22:07:23.198, 303.48, 100, 74232, 70
2026/07/29 22:07:24.234, 302.90, 100, 74232, 70
2026/07/29 22:07:25.270, 305.11, 100, 74232, 70
2026/07/29 22:07:26.306, 94.93, 0, 74232, 72
2026/07/29 22:07:27.424, 300.78, 100, 74232, 71
2026/07/29 22:07:28.458, 306.38, 100, 74232, 71
2026/07/29 22:07:29.493, 282.04, 100, 74232, 71
2026/07/29 22:07:30.531, 277.10, 100, 74232, 71
2026/07/29 22:07:31.566, 298.91, 100, 74232, 71
2026/07/29 22:07:32.610, 303.29, 100, 74232, 70
2026/07/29 22:07:33.647, 303.76, 100, 74232, 70
2026/07/29 22:07:34.684, 301.72, 100, 74232, 70
2026/07/29 22:07:35.721, 304.03, 100, 74232, 70
2026/07/29 22:07:36.758, 294.45, 100, 74232, 70
2026/07/29 22:07:37.795, 305.23, 45, 74232, 71
2026/07/29 22:07:38.832, 301.24, 100, 74232, 71
2026/07/29 22:07:39.866, 296.73, 100, 74232, 71
2026/07/29 22:07:40.901, 302.15, 100, 74232, 71
2026/07/29 22:07:41.936, 282.83, 100, 74232, 72
2026/07/29 22:07:42.974, 316.63, 100, 74232, 72
2026/07/29 22:07:44.009, 303.63, 100, 74232, 70
2026/07/29 22:07:45.046, 305.09, 100, 74232, 70
2026/07/29 22:07:46.082, 302.00, 100, 74232, 70
2026/07/29 22:07:47.119, 304.54, 100, 74232, 70
2026/07/29 22:07:48.156, 95.42, 0, 74232, 67
2026/07/29 22:07:49.190, 284.79, 100, 74232, 71
2026/07/29 22:07:50.224, 297.29, 100, 74232, 72
2026/07/29 22:07:51.258, 297.48, 100, 74232, 72
2026/07/29 22:07:52.292, 314.32, 100, 74232, 72
2026/07/29 22:07:53.325, 300.23, 100, 74232, 72
2026/07/29 22:07:54.359, 299.18, 100, 74232, 72
2026/07/29 22:07:55.402, 303.58, 100, 74232, 70
2026/07/29 22:07:56.439, 300.66, 100, 74232, 70
2026/07/29 22:07:57.476, 295.78, 100, 74232, 70
2026/07/29 22:07:58.514, 297.45, 100, 74232, 70
2026/07/29 22:07:59.551, 286.24, 100, 74232, 70
2026/07/29 22:08:00.588, 294.81, 100, 74232, 71
2026/07/29 22:08:01.625, 296.06, 100, 74232, 71
2026/07/29 22:08:02.663, 300.52, 100, 74232, 72
2026/07/29 22:08:03.708, 299.37, 100, 74232, 72
2026/07/29 22:08:04.744, 297.53, 100, 74232, 72
2026/07/29 22:08:05.778, 299.73, 100, 74232, 72
2026/07/29 22:08:06.813, 284.46, 100, 74232, 72
2026/07/29 22:08:07.848, 304.36, 100, 74232, 72
2026/07/29 22:08:08.886, 295.40, 100, 74232, 70
2026/07/29 22:08:09.924, 293.75, 100, 74232, 70
2026/07/29 22:08:10.962, 304.93, 100, 74232, 70
2026/07/29 22:08:11.998, 302.48, 100, 74232, 71
2026/07/29 22:08:13.038, 301.04, 100, 74232, 72
2026/07/29 22:08:14.073, 288.80, 100, 74232, 72
2026/07/29 22:08:15.113, 279.40, 100, 74232, 72
2026/07/29 22:08:16.148, 302.82, 100, 74232, 72
2026/07/29 22:08:17.185, 266.20, 100, 74232, 73
2026/07/29 22:08:18.221, 308.56, 100, 74232, 72
2026/07/29 22:08:19.257, 312.09, 100, 74232, 73
2026/07/29 22:08:20.292, 304.45, 100, 74232, 71
2026/07/29 22:08:21.331, 304.88, 100, 74232, 71
2026/07/29 22:08:22.369, 300.76, 100, 74232, 71
2026/07/29 22:08:23.408, 298.61, 100, 74232, 71
2026/07/29 22:08:24.446, 293.83, 100, 74232, 71
2026/07/29 22:08:25.482, 301.04, 100, 74232, 71
2026/07/29 22:08:26.521, 298.51, 100, 74232, 71
2026/07/29 22:08:27.558, 294.23, 100, 74232, 71
2026/07/29 22:08:28.595, 287.80, 100, 74232, 71
2026/07/29 22:08:29.632, 293.83, 100, 74232, 71
2026/07/29 22:08:30.669, 295.10, 100, 74232, 71
2026/07/29 22:08:31.706, 299.10, 100, 74232, 71
2026/07/29 22:08:32.743, 293.94, 100, 74232, 71
2026/07/29 22:08:33.785, 249.93, 100, 74232, 71
2026/07/29 22:08:34.824, 290.42, 100, 74232, 71
2026/07/29 22:08:35.862, 292.08, 100, 74232, 71
2026/07/29 22:08:36.903, 288.96, 100, 74232, 71
2026/07/29 22:08:37.940, 296.38, 100, 74232, 71
2026/07/29 22:08:38.981, 297.72, 100, 74232, 71
2026/07/29 22:08:40.019, 294.83, 100, 74232, 71
2026/07/29 22:08:41.057, 305.04, 100, 74232, 71
2026/07/29 22:08:42.094, 303.89, 100, 74232, 71
2026/07/29 22:08:43.131, 301.83, 100, 74232, 71
2026/07/29 22:08:44.168, 302.50, 100, 74232, 71
2026/07/29 22:08:45.205, 297.83, 100, 74232, 71
2026/07/29 22:08:46.243, 302.77, 100, 74232, 71
2026/07/29 22:08:47.279, 302.70, 100, 74232, 71
2026/07/29 22:08:48.317, 300.76, 100, 74232, 71
2026/07/29 22:08:49.354, 302.27, 100, 74232, 71
2026/07/29 22:08:50.393, 303.78, 100, 74232, 71
2026/07/29 22:08:51.430, 302.67, 100, 74232, 71
2026/07/29 22:08:52.468, 304.92, 100, 74232, 71
2026/07/29 22:08:53.505, 296.19, 100, 74232, 71
2026/07/29 22:08:54.544, 302.98, 100, 74232, 71
2026/07/29 22:08:55.581, 297.92, 100, 74232, 71
2026/07/29 22:08:56.620, 302.60, 100, 74232, 71
2026/07/29 22:08:57.658, 300.97, 100, 74232, 71
2026/07/29 22:08:58.695, 299.27, 100, 74232, 71
2026/07/29 22:08:59.734, 293.84, 100, 74232, 71
2026/07/29 22:09:00.772, 293.73, 100, 74232, 71
2026/07/29 22:09:01.813, 289.84, 100, 74232, 71
2026/07/29 22:09:02.850, 296.85, 100, 74232, 71
2026/07/29 22:09:03.886, 296.75, 100, 74232, 71
2026/07/29 22:09:04.924, 290.63, 100, 74232, 71
2026/07/29 22:09:05.962, 296.07, 100, 74232, 71
2026/07/29 22:09:06.999, 296.95, 100, 74232, 71
2026/07/29 22:09:08.038, 300.75, 100, 74232, 71
2026/07/29 22:09:09.074, 301.80, 100, 74232, 71
2026/07/29 22:09:10.110, 303.79, 100, 74232, 71
2026/07/29 22:09:11.148, 295.57, 100, 74232, 71
2026/07/29 22:09:12.186, 296.19, 100, 74232, 71
2026/07/29 22:09:13.224, 297.38, 100, 74232, 71
2026/07/29 22:09:14.261, 297.65, 100, 74232, 71
2026/07/29 22:09:15.299, 304.46, 100, 74232, 71
2026/07/29 22:09:16.337, 300.47, 100, 74232, 70
2026/07/29 22:09:17.375, 291.03, 100, 74232, 70
2026/07/29 22:09:18.413, 296.27, 100, 74232, 70
2026/07/29 22:09:19.452, 292.08, 100, 74232, 70
2026/07/29 22:09:20.489, 294.21, 100, 74232, 70
2026/07/29 22:09:21.527, 299.95, 100, 74232, 70
2026/07/29 22:09:22.566, 302.31, 100, 74232, 70
2026/07/29 22:09:23.604, 303.07, 100, 74232, 70
2026/07/29 22:09:24.641, 302.79, 100, 74232, 70
2026/07/29 22:09:25.678, 302.38, 100, 74232, 70
2026/07/29 22:09:26.714, 303.76, 100, 74232, 70
2026/07/29 22:09:27.752, 302.51, 100, 74232, 70
2026/07/29 22:09:28.789, 303.26, 100, 74232, 70
2026/07/29 22:09:29.827, 302.71, 100, 74232, 70
2026/07/29 22:09:30.864, 293.84, 100, 74232, 70
2026/07/29 22:09:31.902, 305.09, 100, 74232, 70
2026/07/29 22:09:32.939, 300.08, 100, 74232, 70
2026/07/29 22:09:33.976, 301.31, 100, 74232, 70
2026/07/29 22:09:35.014, 300.74, 100, 74232, 70
2026/07/29 22:09:36.054, 306.55, 100, 74232, 70
2026/07/29 22:09:37.091, 297.84, 100, 74232, 70
2026/07/29 22:09:38.130, 293.33, 100, 74232, 70
2026/07/29 22:09:39.168, 294.24, 100, 74232, 70
2026/07/29 22:09:40.207, 293.94, 100, 74232, 70
2026/07/29 22:09:41.243, 296.64, 100, 74232, 70
2026/07/29 22:09:42.282, 293.94, 100, 74232, 70
2026/07/29 22:09:43.320, 296.07, 100, 74232, 70
2026/07/29 22:09:44.358, 301.92, 100, 74232, 70
2026/07/29 22:09:45.395, 302.30, 100, 74232, 70
2026/07/29 22:09:46.434, 301.35, 100, 74232, 70
2026/07/29 22:09:47.469, 301.14, 100, 74232, 70
2026/07/29 22:09:48.507, 301.04, 100, 74232, 70
2026/07/29 22:09:49.544, 302.60, 100, 74232, 70
2026/07/29 22:09:50.583, 302.38, 100, 74232, 70
2026/07/29 22:09:51.620, 302.02, 100, 74232, 70
2026/07/29 22:09:52.659, 302.61, 100, 74232, 70
2026/07/29 22:09:53.696, 301.43, 100, 74232, 70
2026/07/29 22:09:54.733, 301.89, 100, 74232, 70
2026/07/29 22:09:55.769, 301.11, 100, 74232, 70
2026/07/29 22:09:56.807, 301.20, 100, 74232, 70
2026/07/29 22:09:57.846, 296.18, 100, 74232, 70
2026/07/29 22:09:58.884, 301.43, 100, 74232, 70
2026/07/29 22:09:59.922, 301.92, 100, 74232, 70
2026/07/29 22:10:00.960, 301.70, 100, 74232, 70
2026/07/29 22:10:02.001, 297.94, 100, 74232, 70
2026/07/29 22:10:03.039, 300.43, 100, 74232, 70
2026/07/29 22:10:04.077, 302.48, 100, 74232, 70
2026/07/29 22:10:05.116, 301.09, 100, 74232, 70
2026/07/29 22:10:06.153, 294.43, 100, 74232, 70
2026/07/29 22:10:07.192, 289.86, 100, 74232, 70
2026/07/29 22:10:08.230, 296.07, 100, 74232, 70
2026/07/29 22:10:09.267, 300.91, 100, 74232, 70
2026/07/29 22:10:10.303, 300.15, 100, 74232, 70
2026/07/29 22:10:11.341, 297.90, 100, 74232, 70
2026/07/29 22:10:12.379, 299.39, 100, 74232, 71
2026/07/29 22:10:13.415, 295.29, 100, 74232, 71
2026/07/29 22:10:14.451, 316.04, 100, 74232, 71
2026/07/29 22:10:15.488, 297.44, 100, 74232, 71
2026/07/29 22:10:16.525, 297.67, 100, 74232, 71
2026/07/29 22:10:17.561, 311.81, 100, 74232, 71
2026/07/29 22:10:18.598, 268.23, 100, 74232, 70
2026/07/29 22:10:19.643, 288.48, 100, 74232, 69
2026/07/29 22:10:20.688, 282.86, 100, 74232, 69
2026/07/29 22:10:21.726, 293.45, 100, 74232, 70
2026/07/29 22:10:22.764, 293.05, 100, 74232, 69
2026/07/29 22:10:23.802, 284.01, 100, 74232, 70
2026/07/29 22:10:24.841, 292.29, 100, 74232, 70
2026/07/29 22:10:25.882, 294.63, 100, 74232, 70
2026/07/29 22:10:26.921, 295.90, 100, 74232, 68
2026/07/29 22:10:27.954, 301.51, 100, 74232, 71
2026/07/29 22:10:28.989, 300.60, 100, 74232, 71
2026/07/29 22:10:30.024, 303.75, 100, 74232, 71
2026/07/29 22:10:31.062, 288.85, 100, 74232, 71
2026/07/29 22:10:32.097, 288.39, 100, 74232, 71
2026/07/29 22:10:33.133, 311.32, 100, 74232, 71
2026/07/29 22:10:34.173, 298.81, 100, 74232, 71
2026/07/29 22:10:35.209, 303.26, 100, 74232, 70
2026/07/29 22:10:36.247, 292.98, 100, 74232, 70
2026/07/29 22:10:37.285, 286.63, 100, 74232, 70
2026/07/29 22:10:38.325, 95.01, 0, 74232, 67
2026/07/29 22:10:39.359, 285.36, 100, 74232, 71
2026/07/29 22:10:40.394, 294.87, 100, 74232, 71
2026/07/29 22:10:41.429, 295.05, 100, 74232, 72
2026/07/29 22:10:42.465, 290.79, 100, 74232, 72
2026/07/29 22:10:43.502, 287.43, 100, 74232, 72
2026/07/29 22:10:44.538, 303.37, 100, 74232, 72
2026/07/29 22:10:45.574, 304.57, 100, 74232, 70
2026/07/29 22:10:46.611, 299.85, 100, 74232, 70
2026/07/29 22:10:47.648, 301.43, 100, 74232, 70
2026/07/29 22:10:48.686, 304.32, 100, 74232, 70
2026/07/29 22:10:49.724, 298.05, 84, 74232, 72
2026/07/29 22:10:50.759, 295.42, 100, 74232, 72
2026/07/29 22:10:51.794, 289.36, 100, 74232, 72
2026/07/29 22:10:52.832, 317.41, 100, 74232, 72
2026/07/29 22:10:53.870, 304.25, 100, 74232, 72
2026/07/29 22:10:54.905, 319.80, 100, 74232, 72
2026/07/29 22:10:55.939, 325.31, 100, 74232, 72
2026/07/29 22:10:56.974, 305.08, 100, 74232, 71
2026/07/29 22:10:58.013, 300.26, 100, 74232, 71
2026/07/29 22:10:59.051, 301.42, 100, 74232, 71
2026/07/29 22:11:00.092, 303.19, 100, 74232, 71
2026/07/29 22:11:01.130, 305.04, 100, 74232, 71
2026/07/29 22:11:02.168, 305.53, 100, 74232, 71
2026/07/29 22:11:03.206, 301.11, 100, 74232, 71
2026/07/29 22:11:04.244, 301.43, 100, 74232, 71
2026/07/29 22:11:05.281, 304.15, 100, 74232, 71
2026/07/29 22:11:06.319, 304.92, 100, 74232, 71
2026/07/29 22:11:07.360, 294.43, 100, 74232, 71
2026/07/29 22:11:08.400, 294.83, 100, 74232, 71
2026/07/29 22:11:09.438, 304.15, 100, 74232, 71
2026/07/29 22:11:10.479, 304.42, 100, 74232, 71
2026/07/29 22:11:11.518, 305.34, 100, 74232, 71
2026/07/29 22:11:12.556, 294.52, 100, 74232, 71
2026/07/29 22:11:13.594, 297.35, 100, 74232, 71
2026/07/29 22:11:14.632, 306.77, 100, 74232, 71
2026/07/29 22:11:15.670, 304.62, 100, 74232, 71
2026/07/29 22:11:16.707, 299.37, 100, 74232, 71
2026/07/29 22:11:17.748, 303.25, 100, 74232, 71
2026/07/29 22:11:18.785, 297.83, 100, 74232, 71
2026/07/29 22:11:19.825, 290.23, 100, 74232, 71
2026/07/29 22:11:20.864, 300.36, 100, 74232, 71
2026/07/29 22:11:21.902, 303.75, 100, 74232, 71
2026/07/29 22:11:22.940, 301.43, 100, 74232, 71
2026/07/29 22:11:23.979, 96.61, 0, 74232, 67
2026/07/29 22:11:25.014, 301.80, 100, 74232, 70
2026/07/29 22:11:26.051, 302.39, 100, 74232, 70
2026/07/29 22:11:27.089, 303.08, 100, 74232, 70
2026/07/29 22:11:28.126, 303.48, 100, 74232, 70
2026/07/29 22:11:29.164, 302.62, 100, 74232, 70
2026/07/29 22:11:30.201, 304.08, 100, 74232, 70
2026/07/29 22:11:31.240, 306.27, 100, 74232, 70
2026/07/29 22:11:32.278, 303.48, 100, 74232, 70
2026/07/29 22:11:33.316, 299.18, 100, 74232, 70
2026/07/29 22:11:34.356, 299.59, 100, 74232, 70
2026/07/29 22:11:35.394, 291.30, 100, 74232, 70
2026/07/29 22:11:36.435, 298.87, 100, 74232, 70
2026/07/29 22:11:37.473, 299.29, 100, 74232, 70
2026/07/29 22:11:38.510, 295.88, 100, 74232, 70
2026/07/29 22:11:39.548, 295.78, 100, 74232, 70
2026/07/29 22:11:40.585, 295.68, 100, 74232, 70
2026/07/29 22:11:41.628, 299.40, 100, 74232, 70
2026/07/29 22:11:42.665, 303.19, 100, 74232, 70
2026/07/29 22:11:43.706, 301.70, 100, 74232, 70
2026/07/29 22:11:44.746, 303.49, 100, 74232, 70
2026/07/29 22:11:45.784, 300.35, 100, 74232, 70
2026/07/29 22:11:46.824, 303.58, 100, 74232, 70
2026/07/29 22:11:47.864, 303.97, 100, 74232, 70
2026/07/29 22:11:48.901, 303.07, 100, 74232, 70
2026/07/29 22:11:49.937, 300.18, 100, 74232, 70
2026/07/29 22:11:50.973, 307.84, 100, 74232, 70
2026/07/29 22:11:52.011, 298.24, 100, 74232, 70
2026/07/29 22:11:53.049, 301.32, 100, 74232, 70
2026/07/29 22:11:54.086, 297.36, 100, 74232, 70
2026/07/29 22:11:55.124, 302.02, 100, 74232, 70
2026/07/29 22:11:56.161, 302.51, 100, 74232, 70
2026/07/29 22:11:57.201, 292.49, 100, 74232, 70
2026/07/29 22:11:58.239, 295.99, 100, 74232, 70
2026/07/29 22:11:59.276, 295.01, 100, 74232, 70
2026/07/29 22:12:00.314, 290.83, 100, 74232, 70
2026/07/29 22:12:01.353, 296.09, 100, 74232, 70
2026/07/29 22:12:02.390, 297.74, 100, 74232, 70
2026/07/29 22:12:03.431, 296.38, 100, 74232, 70
2026/07/29 22:12:04.468, 299.29, 100, 74232, 70
2026/07/29 22:12:05.507, 293.82, 100, 74232, 70
2026/07/29 22:12:06.545, 299.97, 100, 74232, 70
2026/07/29 22:12:07.583, 303.08, 100, 74232, 70
2026/07/29 22:12:08.620, 301.72, 100, 74232, 70
2026/07/29 22:12:09.658, 302.71, 100, 74232, 70
2026/07/29 22:12:10.695, 302.78, 100, 74232, 70
2026/07/29 22:12:11.733, 301.36, 100, 74232, 70
2026/07/29 22:12:12.771, 295.61, 100, 74232, 70
2026/07/29 22:12:13.809, 295.98, 100, 74232, 70
2026/07/29 22:12:14.849, 294.91, 100, 74232, 70
2026/07/29 22:12:15.887, 299.39, 100, 74232, 70
2026/07/29 22:12:16.925, 298.51, 100, 74232, 70
2026/07/29 22:12:17.962, 286.72, 100, 74232, 70
2026/07/29 22:12:18.999, 296.07, 100, 74232, 70
2026/07/29 22:12:20.040, 300.55, 100, 74232, 70
2026/07/29 22:12:21.077, 299.57, 100, 74232, 70
2026/07/29 22:12:22.115, 300.86, 100, 74232, 70
2026/07/29 22:12:23.154, 302.19, 100, 74232, 70
2026/07/29 22:12:24.194, 301.51, 100, 74232, 70
2026/07/29 22:12:25.234, 301.69, 100, 74232, 70
2026/07/29 22:12:26.272, 303.17, 100, 74232, 70
2026/07/29 22:12:27.309, 297.36, 100, 74232, 70
2026/07/29 22:12:28.347, 297.62, 100, 74232, 70
2026/07/29 22:12:29.392, 287.14, 100, 74232, 70
2026/07/29 22:12:30.430, 302.48, 100, 74232, 70
2026/07/29 22:12:31.467, 298.20, 100, 74232, 70
2026/07/29 22:12:32.505, 299.67, 100, 74232, 70
2026/07/29 22:12:33.543, 293.63, 100, 74232, 70
2026/07/29 22:12:34.581, 298.50, 100, 74232, 70
2026/07/29 22:12:35.619, 298.88, 100, 74232, 70
2026/07/29 22:12:36.657, 298.12, 100, 74232, 70
2026/07/29 22:12:37.695, 302.14, 100, 74232, 70
2026/07/29 22:12:38.732, 298.90, 100, 74232, 70
2026/07/29 22:12:39.770, 299.95, 100, 74232, 70
2026/07/29 22:12:40.808, 302.14, 100, 74232, 70
2026/07/29 22:12:41.849, 304.33, 100, 74232, 70
2026/07/29 22:12:42.887, 297.70, 100, 74232, 70
2026/07/29 22:12:43.925, 292.67, 100, 74232, 70
2026/07/29 22:12:44.964, 296.08, 100, 74232, 70
2026/07/29 22:12:46.004, 291.61, 100, 74232, 70
2026/07/29 22:12:47.042, 301.64, 100, 74232, 70
2026/07/29 22:12:48.080, 301.93, 100, 74232, 70
2026/07/29 22:12:49.122, 298.90, 100, 74232, 70
2026/07/29 22:12:50.160, 294.62, 100, 74232, 70
2026/07/29 22:12:51.198, 295.99, 100, 74232, 70
2026/07/29 22:12:52.236, 294.99, 100, 74232, 71
2026/07/29 22:12:53.271, 300.67, 100, 74232, 71
2026/07/29 22:12:54.306, 295.02, 100, 74232, 71
2026/07/29 22:12:55.347, 316.33, 100, 74232, 72
2026/07/29 22:12:56.382, 309.62, 100, 74232, 72
2026/07/29 22:12:57.418, 298.14, 100, 74232, 72
2026/07/29 22:12:58.459, 289.26, 100, 74232, 70
2026/07/29 22:12:59.497, 289.95, 100, 74232, 70
2026/07/29 22:13:00.535, 294.13, 100, 74232, 70
2026/07/29 22:13:01.573, 296.86, 100, 74232, 70
2026/07/29 22:13:02.610, 297.66, 100, 74232, 72
2026/07/29 22:13:03.647, 286.90, 100, 74232, 72
2026/07/29 22:13:04.685, 299.80, 100, 74232, 72
2026/07/29 22:13:05.720, 279.71, 100, 74232, 72
2026/07/29 22:13:06.755, 265.49, 100, 74232, 72
2026/07/29 22:13:07.793, 300.05, 100, 74232, 72
2026/07/29 22:13:08.829, 303.95, 100, 74232, 70
2026/07/29 22:13:09.869, 304.56, 100, 74232, 70
2026/07/29 22:13:10.907, 303.06, 100, 74232, 70
2026/07/29 22:13:11.945, 302.87, 100, 74232, 71
2026/07/29 22:13:12.983, 304.95, 100, 74232, 71
2026/07/29 22:13:14.020, 302.67, 100, 74232, 71
2026/07/29 22:13:15.057, 305.49, 100, 74232, 71
2026/07/29 22:13:16.096, 304.84, 100, 74232, 71
2026/07/29 22:13:17.134, 300.83, 100, 74232, 71
2026/07/29 22:13:18.171, 304.26, 100, 74232, 71
2026/07/29 22:13:19.212, 299.02, 100, 74232, 71
2026/07/29 22:13:20.249, 295.68, 100, 74232, 71
2026/07/29 22:13:21.288, 304.37, 100, 74232, 71
2026/07/29 22:13:22.326, 304.62, 100, 74232, 71
2026/07/29 22:13:23.363, 299.19, 100, 74232, 71
2026/07/29 22:13:24.404, 300.82, 100, 74232, 71
2026/07/29 22:13:25.442, 296.58, 100, 74232, 71
2026/07/29 22:13:26.480, 298.61, 100, 74232, 71
2026/07/29 22:13:27.517, 300.95, 100, 74232, 71
2026/07/29 22:13:28.556, 298.00, 100, 74232, 71
2026/07/29 22:13:29.593, 298.63, 100, 74232, 71
2026/07/29 22:13:30.631, 294.23, 100, 74232, 70
2026/07/29 22:13:31.668, 298.23, 100, 74232, 70
2026/07/29 22:13:32.708, 306.67, 100, 74232, 71
2026/07/29 22:13:33.745, 303.14, 100, 74232, 71
2026/07/29 22:13:34.789, 305.72, 100, 74232, 70
2026/07/29 22:13:35.828, 298.70, 100, 74232, 70
2026/07/29 22:13:36.866, 299.58, 100, 74232, 70
2026/07/29 22:13:37.904, 304.83, 100, 74232, 70
2026/07/29 22:13:38.941, 297.73, 100, 74232, 70
2026/07/29 22:13:39.979, 295.99, 100, 74232, 70
2026/07/29 22:13:41.020, 297.26, 100, 74232, 70
2026/07/29 22:13:42.062, 304.16, 100, 74232, 70
2026/07/29 22:13:43.101, 293.26, 100, 74232, 70
2026/07/29 22:13:44.142, 295.51, 100, 74232, 70
2026/07/29 22:13:45.181, 301.43, 100, 74232, 70
2026/07/29 22:13:46.218, 304.05, 100, 74232, 70
2026/07/29 22:13:47.257, 298.47, 100, 74232, 70
2026/07/29 22:13:48.294, 294.92, 100, 74232, 71
2026/07/29 22:13:49.329, 299.28, 100, 74232, 72
2026/07/29 22:13:50.365, 277.41, 100, 74232, 72
2026/07/29 22:13:51.406, 308.26, 100, 74232, 71
2026/07/29 22:13:52.440, 315.24, 100, 74232, 72
2026/07/29 22:13:53.476, 277.53, 100, 74232, 71
2026/07/29 22:13:54.518, 252.02, 100, 74232, 70
2026/07/29 22:13:55.556, 295.10, 100, 74232, 70
2026/07/29 22:13:56.593, 301.03, 100, 74232, 70
2026/07/29 22:13:57.631, 295.69, 100, 74232, 70
2026/07/29 22:13:58.667, 302.99, 100, 74232, 70
2026/07/29 22:13:59.706, 292.58, 100, 74232, 70
2026/07/29 22:14:00.743, 295.78, 100, 74232, 70
2026/07/29 22:14:01.781, 297.93, 100, 74232, 70
2026/07/29 22:14:02.818, 293.25, 81, 74232, 72
2026/07/29 22:14:03.862, 297.81, 100, 74232, 72
2026/07/29 22:14:04.898, 298.35, 100, 74232, 72
2026/07/29 22:14:05.934, 293.49, 100, 74232, 72
2026/07/29 22:14:06.970, 294.54, 100, 74232, 72
2026/07/29 22:14:08.005, 302.17, 100, 74232, 72
2026/07/29 22:14:09.041, 294.43, 100, 74232, 72
2026/07/29 22:14:10.083, 304.14, 100, 74232, 70
2026/07/29 22:14:11.120, 295.19, 100, 74232, 70
2026/07/29 22:14:12.161, 296.07, 100, 74232, 70
2026/07/29 22:14:13.199, 297.24, 100, 74232, 70
2026/07/29 22:14:14.237, 292.95, 100, 74232, 70
2026/07/29 22:14:15.275, 296.76, 100, 74232, 70
2026/07/29 22:14:16.312, 300.45, 100, 74232, 71
2026/07/29 22:14:17.349, 297.15, 100, 74232, 71
2026/07/29 22:14:18.389, 294.53, 100, 74232, 71
2026/07/29 22:14:19.426, 297.63, 100, 74232, 71
2026/07/29 22:14:20.467, 293.74, 100, 74232, 70
2026/07/29 22:14:21.506, 299.86, 100, 74232, 71
2026/07/29 22:14:22.544, 295.80, 100, 74232, 71
2026/07/29 22:14:23.582, 295.32, 100, 74232, 70
2026/07/29 22:14:24.620, 297.05, 100, 74232, 70
2026/07/29 22:14:25.658, 295.91, 100, 74232, 70
2026/07/29 22:14:26.696, 297.57, 100, 74232, 70
2026/07/29 22:14:27.735, 300.53, 100, 74232, 70
2026/07/29 22:14:28.772, 304.13, 100, 74232, 70
2026/07/29 22:14:29.812, 297.92, 100, 74232, 70
2026/07/29 22:14:30.850, 293.15, 100, 74232, 70
2026/07/29 22:14:31.887, 306.75, 100, 74232, 70
2026/07/29 22:14:32.924, 304.72, 100, 74232, 70
2026/07/29 22:14:33.961, 297.42, 100, 74232, 70
2026/07/29 22:14:34.999, 293.55, 100, 74232, 70
2026/07/29 22:14:36.036, 298.49, 100, 74232, 70
2026/07/29 22:14:37.073, 295.88, 100, 74232, 70
2026/07/29 22:14:38.111, 296.75, 100, 74232, 70
2026/07/29 22:14:39.149, 292.95, 100, 74232, 70
2026/07/29 22:14:40.186, 304.30, 100, 74232, 70
2026/07/29 22:14:41.226, 302.37, 100, 74232, 70
2026/07/29 22:14:42.268, 304.35, 100, 74232, 70
2026/07/29 22:14:43.305, 300.17, 100, 74232, 70
2026/07/29 22:14:44.343, 293.74, 100, 74232, 70
2026/07/29 22:14:45.382, 301.42, 100, 74232, 70
2026/07/29 22:14:46.421, 302.32, 100, 74232, 70
2026/07/29 22:14:47.458, 304.75, 100, 74232, 70
2026/07/29 22:14:48.496, 301.10, 100, 74232, 70
2026/07/29 22:14:49.534, 301.06, 100, 74232, 70
2026/07/29 22:14:50.571, 301.11, 100, 74232, 70
2026/07/29 22:14:51.608, 303.86, 100, 74232, 70
2026/07/29 22:14:52.646, 307.85, 100, 74232, 70
2026/07/29 22:14:53.684, 305.00, 100, 74232, 70
2026/07/29 22:14:54.721, 294.11, 100, 74232, 70
2026/07/29 22:14:55.758, 303.84, 100, 74232, 70
2026/07/29 22:14:56.795, 301.14, 100, 74232, 70
2026/07/29 22:14:57.833, 304.55, 100, 74232, 70
2026/07/29 22:14:58.870, 301.40, 100, 74232, 70
2026/07/29 22:14:59.908, 301.30, 100, 74232, 70
2026/07/29 22:15:00.946, 304.14, 100, 74232, 70
2026/07/29 22:15:01.983, 304.55, 100, 74232, 70
2026/07/29 22:15:03.019, 297.56, 100, 74232, 70
2026/07/29 22:15:04.056, 293.35, 100, 74232, 70
2026/07/29 22:15:05.093, 296.18, 100, 74232, 70
2026/07/29 22:15:06.131, 295.99, 100, 74232, 70
2026/07/29 22:15:07.170, 296.76, 100, 74232, 70
2026/07/29 22:15:08.207, 296.65, 100, 74232, 70
2026/07/29 22:15:09.244, 298.23, 100, 74232, 70
2026/07/29 22:15:10.283, 301.83, 100, 74232, 70
2026/07/29 22:15:11.323, 303.94, 100, 74232, 70
2026/07/29 22:15:12.360, 307.26, 100, 74232, 70
2026/07/29 22:15:13.398, 304.91, 100, 74232, 70
2026/07/29 22:15:14.435, 298.89, 100, 74232, 70
2026/07/29 22:15:15.476, 296.76, 100, 74232, 70
2026/07/29 22:15:16.514, 293.56, 100, 74232, 70
2026/07/29 22:15:17.552, 292.51, 100, 74232, 70
2026/07/29 22:15:18.590, 295.02, 100, 74232, 70
2026/07/29 22:15:19.628, 299.07, 100, 74232, 70
2026/07/29 22:15:20.665, 300.47, 100, 74232, 70
2026/07/29 22:15:21.707, 294.24, 100, 74232, 70
2026/07/29 22:15:22.744, 296.86, 100, 74232, 70
2026/07/29 22:15:23.782, 296.46, 100, 74232, 70
2026/07/29 22:15:24.819, 299.29, 100, 74232, 70
2026/07/29 22:15:25.857, 295.30, 100, 74232, 70
2026/07/29 22:15:26.894, 295.50, 100, 74232, 70
2026/07/29 22:15:27.932, 296.56, 100, 74232, 70
2026/07/29 22:15:28.969, 302.47, 100, 74232, 70
2026/07/29 22:15:30.007, 301.83, 100, 74232, 70
2026/07/29 22:15:31.044, 294.04, 100, 74232, 70
2026/07/29 22:15:32.081, 295.99, 100, 74232, 70
2026/07/29 22:15:33.118, 296.86, 100, 74232, 70
2026/07/29 22:15:34.155, 307.53, 100, 74232, 70
2026/07/29 22:15:35.191, 300.08, 100, 74232, 70
2026/07/29 22:15:36.234, 303.94, 100, 74232, 70
2026/07/29 22:15:37.271, 297.73, 100, 74232, 70
2026/07/29 22:15:38.309, 298.13, 100, 74232, 70
2026/07/29 22:15:39.347, 297.92, 100, 74232, 70
2026/07/29 22:15:40.391, 293.83, 100, 74232, 70
2026/07/29 22:15:41.428, 294.92, 100, 74232, 70
2026/07/29 22:15:42.464, 300.18, 100, 74232, 70
2026/07/29 22:15:43.501, 297.23, 100, 74232, 70
2026/07/29 22:15:44.537, 296.10, 100, 74232, 70
2026/07/29 22:15:45.574, 295.48, 100, 74232, 70
2026/07/29 22:15:46.612, 297.14, 100, 74232, 70
2026/07/29 22:15:47.648, 296.37, 100, 74232, 70
2026/07/29 22:15:48.685, 297.35, 100, 74232, 70
2026/07/29 22:15:49.723, 294.33, 100, 74232, 70
2026/07/29 22:15:50.760, 292.86, 100, 74232, 70
2026/07/29 22:15:51.798, 295.61, 100, 74232, 70
2026/07/29 22:15:52.835, 296.86, 100, 74232, 70
2026/07/29 22:15:53.873, 301.61, 100, 74232, 70
2026/07/29 22:15:54.912, 308.90, 100, 74232, 70
2026/07/29 22:15:55.950, 300.57, 100, 74232, 70
2026/07/29 22:15:56.988, 298.02, 100, 74232, 70
2026/07/29 22:15:58.029, 300.94, 100, 74232, 70
2026/07/29 22:15:59.066, 296.85, 100, 74232, 70
2026/07/29 22:16:00.103, 304.62, 100, 74232, 70
2026/07/29 22:16:01.141, 297.24, 100, 74232, 70
2026/07/29 22:16:02.178, 297.07, 100, 74232, 70
2026/07/29 22:16:03.216, 293.92, 100, 74232, 70
2026/07/29 22:16:04.253, 294.33, 100, 74232, 70
2026/07/29 22:16:05.291, 298.70, 100, 74232, 70
2026/07/29 22:16:06.328, 304.16, 100, 74232, 70
2026/07/29 22:16:07.366, 301.05, 100, 74232, 70
2026/07/29 22:16:08.403, 303.67, 100, 74232, 70
2026/07/29 22:16:09.444, 297.73, 100, 74232, 70
2026/07/29 22:16:10.481, 304.26, 100, 74232, 70
2026/07/29 22:16:11.519, 302.69, 100, 74232, 70
2026/07/29 22:16:12.556, 304.35, 100, 74232, 70
2026/07/29 22:16:13.593, 304.13, 100, 74232, 70
2026/07/29 22:16:14.630, 297.54, 100, 74232, 70
2026/07/29 22:16:15.668, 299.00, 100, 74232, 70
2026/07/29 22:16:16.706, 298.21, 100, 74232, 70
2026/07/29 22:16:17.743, 294.24, 100, 74232, 70
2026/07/29 22:16:18.781, 293.34, 100, 74232, 70
2026/07/29 22:16:19.822, 298.03, 100, 74232, 70
2026/07/29 22:16:20.860, 303.85, 100, 74232, 70
2026/07/29 22:16:21.898, 300.87, 100, 74232, 70
2026/07/29 22:16:22.936, 303.29, 100, 74232, 70
2026/07/29 22:16:23.973, 296.07, 100, 74232, 70
2026/07/29 22:16:25.011, 298.72, 100, 74232, 70
2026/07/29 22:16:26.050, 302.41, 100, 74232, 70
2026/07/29 22:16:27.088, 295.13, 100, 74232, 70
2026/07/29 22:16:28.129, 290.74, 100, 74232, 70
2026/07/29 22:16:29.167, 295.98, 100, 74232, 70
2026/07/29 22:16:30.207, 298.52, 100, 74232, 70
2026/07/29 22:16:31.245, 304.36, 100, 74232, 70
2026/07/29 22:16:32.285, 298.62, 100, 74232, 70
2026/07/29 22:16:33.322, 302.12, 100, 74232, 70
2026/07/29 22:16:34.361, 302.09, 100, 74232, 70
2026/07/29 22:16:35.399, 303.78, 100, 74232, 70
2026/07/29 22:16:36.438, 309.28, 100, 74232, 70
2026/07/29 22:16:37.475, 291.20, 100, 74232, 70
2026/07/29 22:16:38.513, 292.88, 100, 74232, 70
2026/07/29 22:16:39.550, 302.03, 100, 74232, 70
2026/07/29 22:16:40.591, 296.86, 100, 74232, 70
2026/07/29 22:16:41.630, 303.15, 100, 74232, 70
2026/07/29 22:16:42.667, 297.34, 100, 74232, 70
2026/07/29 22:16:43.706, 304.80, 100, 74232, 70
2026/07/29 22:16:44.743, 298.04, 100, 74232, 70
2026/07/29 22:16:45.785, 296.18, 100, 74232, 70
2026/07/29 22:16:46.825, 296.27, 100, 74232, 70
2026/07/29 22:16:47.864, 294.52, 100, 74232, 70
2026/07/29 22:16:48.903, 302.12, 100, 74232, 70
2026/07/29 22:16:49.940, 304.24, 100, 74232, 70
2026/07/29 22:16:50.980, 303.96, 100, 74232, 70
2026/07/29 22:16:52.018, 301.32, 100, 74232, 70
2026/07/29 22:16:53.055, 294.70, 100, 74232, 70
2026/07/29 22:16:54.093, 300.93, 100, 74232, 70
2026/07/29 22:16:55.135, 302.95, 100, 74232, 70
2026/07/29 22:16:56.173, 296.27, 100, 74232, 70
2026/07/29 22:16:57.210, 301.51, 100, 74232, 70
2026/07/29 22:16:58.254, 301.92, 100, 74232, 70
2026/07/29 22:16:59.292, 296.96, 100, 74232, 70
2026/07/29 22:17:00.330, 294.60, 100, 74232, 70
2026/07/29 22:17:01.368, 294.12, 100, 74232, 70
2026/07/29 22:17:02.406, 295.41, 100, 74232, 70
2026/07/29 22:17:03.446, 296.96, 100, 74232, 70
2026/07/29 22:17:04.483, 295.70, 100, 74232, 70
2026/07/29 22:17:05.521, 297.05, 100, 74232, 70
2026/07/29 22:17:06.558, 297.26, 100, 74232, 70
2026/07/29 22:17:07.595, 297.26, 100, 74232, 70
2026/07/29 22:17:08.633, 297.75, 100, 74232, 70
2026/07/29 22:17:09.671, 294.31, 100, 74232, 70
2026/07/29 22:17:10.708, 298.90, 100, 74232, 70
2026/07/29 22:17:11.744, 300.34, 100, 74232, 70
2026/07/29 22:17:12.782, 301.22, 100, 74232, 70
2026/07/29 22:17:13.820, 303.84, 100, 74232, 70
2026/07/29 22:17:14.857, 304.45, 100, 74232, 70
2026/07/29 22:17:15.895, 302.01, 100, 74232, 70
2026/07/29 22:17:16.933, 297.93, 100, 74232, 70
2026/07/29 22:17:17.971, 292.39, 100, 74232, 70
2026/07/29 22:17:19.013, 292.06, 100, 74232, 70
2026/07/29 22:17:20.051, 296.86, 100, 74232, 70
2026/07/29 22:17:21.089, 296.07, 100, 74232, 70
2026/07/29 22:17:22.127, 297.53, 100, 74232, 70
2026/07/29 22:17:23.164, 297.65, 100, 74232, 70
2026/07/29 22:17:24.203, 297.74, 100, 74232, 70
2026/07/29 22:17:25.240, 301.66, 100, 74232, 70
2026/07/29 22:17:26.278, 295.20, 100, 74232, 70
2026/07/29 22:17:27.315, 291.41, 100, 74232, 70
2026/07/29 22:17:28.354, 292.67, 100, 74232, 70
2026/07/29 22:17:29.392, 297.45, 100, 74232, 70
2026/07/29 22:17:30.430, 298.03, 100, 74232, 70
2026/07/29 22:17:31.467, 297.65, 100, 74232, 70
2026/07/29 22:17:32.505, 292.88, 100, 74232, 70
2026/07/29 22:17:33.548, 295.68, 100, 74232, 70
2026/07/29 22:17:34.589, 293.16, 100, 74232, 70
2026/07/29 22:17:35.626, 296.97, 100, 74232, 70
2026/07/29 22:17:36.664, 297.82, 100, 74232, 70
2026/07/29 22:17:37.701, 305.04, 100, 74232, 70
2026/07/29 22:17:38.737, 296.37, 100, 74232, 70
2026/07/29 22:17:39.776, 301.73, 100, 74232, 70
2026/07/29 22:17:40.813, 303.96, 100, 74232, 70
2026/07/29 22:17:41.858, 303.65, 100, 74232, 70
2026/07/29 22:17:42.897, 304.91, 100, 74232, 70
2026/07/29 22:17:43.935, 305.44, 100, 74232, 70
2026/07/29 22:17:44.972, 297.35, 100, 74232, 70
2026/07/29 22:17:46.011, 298.22, 100, 74232, 70
2026/07/29 22:17:47.050, 300.35, 100, 74232, 70
2026/07/29 22:17:48.087, 305.00, 100, 74232, 70
2026/07/29 22:17:49.125, 299.77, 100, 74232, 70
2026/07/29 22:17:50.168, 303.04, 100, 74232, 70
2026/07/29 22:17:51.205, 289.29, 100, 74232, 70
2026/07/29 22:17:52.242, 296.65, 100, 74232, 70
2026/07/29 22:17:53.279, 296.37, 100, 74232, 70
2026/07/29 22:17:54.319, 292.17, 100, 74232, 70
2026/07/29 22:17:55.356, 296.47, 100, 74232, 70
2026/07/29 22:17:56.394, 297.14, 100, 74232, 70
2026/07/29 22:17:57.431, 297.72, 100, 74232, 70
2026/07/29 22:17:58.469, 297.26, 100, 74232, 70
2026/07/29 22:17:59.507, 297.86, 100, 74232, 70
2026/07/29 22:18:00.544, 300.27, 100, 74232, 70
2026/07/29 22:18:01.582, 298.04, 100, 74232, 70
2026/07/29 22:18:02.619, 302.03, 100, 74232, 70
2026/07/29 22:18:03.657, 295.48, 100, 74232, 70
2026/07/29 22:18:04.694, 306.20, 100, 74232, 70
2026/07/29 22:18:05.735, 295.99, 100, 74232, 70
2026/07/29 22:18:06.775, 296.94, 100, 74232, 70
2026/07/29 22:18:07.812, 295.58, 100, 74232, 70
2026/07/29 22:18:08.849, 296.94, 100, 74232, 70
2026/07/29 22:18:09.886, 297.82, 100, 74232, 70
2026/07/29 22:18:10.923, 293.34, 100, 74232, 70
2026/07/29 22:18:11.963, 296.96, 100, 74232, 70
2026/07/29 22:18:13.000, 297.93, 100, 74232, 70
2026/07/29 22:18:14.036, 301.51, 100, 74232, 70
2026/07/29 22:18:15.074, 298.12, 100, 74232, 70
2026/07/29 22:18:16.114, 300.26, 100, 74232, 70
2026/07/29 22:18:17.151, 298.99, 100, 74232, 70
2026/07/29 22:18:18.188, 299.60, 100, 74232, 70
2026/07/29 22:18:19.226, 293.91, 100, 74232, 70
2026/07/29 22:18:20.266, 296.56, 100, 74232, 70
2026/07/29 22:18:21.307, 294.70, 100, 74232, 70
2026/07/29 22:18:22.345, 295.29, 100, 74232, 70
2026/07/29 22:18:23.383, 296.86, 100, 74232, 70
2026/07/29 22:18:24.422, 295.31, 100, 74232, 70
2026/07/29 22:18:25.460, 296.67, 100, 74232, 70
2026/07/29 22:18:26.499, 298.11, 100, 74232, 70
2026/07/29 22:18:27.537, 299.47, 100, 74232, 70
2026/07/29 22:18:28.576, 298.11, 100, 74232, 70
2026/07/29 22:18:29.613, 294.91, 100, 74232, 70
2026/07/29 22:18:30.651, 304.16, 100, 74232, 70
2026/07/29 22:18:31.689, 304.94, 100, 74232, 70
2026/07/29 22:18:32.726, 299.20, 100, 74232, 70
2026/07/29 22:18:33.763, 293.03, 100, 74232, 70
2026/07/29 22:18:34.800, 305.14, 100, 74232, 70
2026/07/29 22:18:35.839, 299.50, 100, 74232, 70
2026/07/29 22:18:36.878, 299.79, 100, 74232, 70
2026/07/29 22:18:37.916, 296.18, 100, 74232, 70
2026/07/29 22:18:38.953, 296.08, 100, 74232, 70
2026/07/29 22:18:39.990, 293.73, 100, 74232, 70
2026/07/29 22:18:41.028, 286.81, 100, 74232, 70
2026/07/29 22:18:42.066, 293.56, 100, 74232, 70
2026/07/29 22:18:43.104, 298.04, 100, 74232, 70
2026/07/29 22:18:44.143, 295.00, 100, 74232, 70
2026/07/29 22:18:45.181, 298.63, 100, 74232, 70
2026/07/29 22:18:46.218, 296.56, 100, 74232, 70
2026/07/29 22:18:47.255, 303.08, 100, 74232, 70
2026/07/29 22:18:48.293, 302.62, 100, 74232, 70
2026/07/29 22:18:49.330, 302.68, 100, 74232, 70
2026/07/29 22:18:50.369, 304.35, 100, 74232, 70
2026/07/29 22:18:51.406, 298.71, 100, 74232, 70
2026/07/29 22:18:52.445, 296.27, 100, 74232, 70
2026/07/29 22:18:53.483, 297.04, 100, 74232, 70
2026/07/29 22:18:54.520, 298.52, 100, 74232, 70
2026/07/29 22:18:55.559, 303.68, 100, 74232, 70
2026/07/29 22:18:56.597, 298.49, 100, 74232, 70
2026/07/29 22:18:57.635, 305.23, 100, 74232, 70
2026/07/29 22:18:58.672, 298.21, 100, 74232, 70
2026/07/29 22:18:59.713, 297.83, 100, 74232, 70
2026/07/29 22:19:00.751, 300.26, 100, 74232, 70
2026/07/29 22:19:01.788, 297.52, 100, 74232, 70
2026/07/29 22:19:02.825, 306.39, 100, 74232, 69
2026/07/29 22:19:03.862, 293.97, 100, 74232, 71
2026/07/29 22:19:04.898, 292.94, 100, 74232, 72
2026/07/29 22:19:05.934, 289.75, 100, 74232, 71
2026/07/29 22:19:06.970, 324.21, 100, 74232, 72
2026/07/29 22:19:08.006, 273.65, 100, 74232, 72
2026/07/29 22:19:09.042, 290.14, 100, 74232, 71
2026/07/29 22:19:10.079, 319.89, 100, 74232, 72
2026/07/29 22:19:11.120, 303.39, 100, 74232, 70
2026/07/29 22:19:12.157, 303.78, 100, 74232, 70
2026/07/29 22:19:13.194, 303.58, 100, 74232, 70
2026/07/29 22:19:14.232, 305.91, 100, 74232, 70
2026/07/29 22:19:15.269, 303.35, 100, 74232, 70
2026/07/29 22:19:16.307, 302.78, 100, 74232, 70
2026/07/29 22:19:17.345, 304.36, 100, 74232, 70
2026/07/29 22:19:18.386, 304.83, 100, 74232, 70
2026/07/29 22:19:19.424, 298.33, 100, 74232, 70
2026/07/29 22:19:20.462, 299.66, 100, 74232, 71
2026/07/29 22:19:21.502, 297.64, 100, 74232, 70
2026/07/29 22:19:22.539, 297.15, 100, 74232, 70
2026/07/29 22:19:23.580, 298.70, 100, 74232, 70
2026/07/29 22:19:24.617, 295.37, 100, 74232, 70
2026/07/29 22:19:25.654, 303.85, 100, 74232, 70
2026/07/29 22:19:26.692, 296.56, 100, 74232, 70
2026/07/29 22:19:27.729, 298.49, 100, 74232, 70
2026/07/29 22:19:28.767, 298.50, 100, 74232, 70
2026/07/29 22:19:29.805, 295.61, 100, 74232, 70
2026/07/29 22:19:30.842, 304.71, 100, 74232, 70
2026/07/29 22:19:31.882, 301.20, 100, 74232, 70
2026/07/29 22:19:32.922, 300.14, 100, 74232, 70
2026/07/29 22:19:33.959, 295.80, 100, 74232, 70
2026/07/29 22:19:35.004, 297.64, 100, 74232, 70
2026/07/29 22:19:36.042, 304.45, 100, 74232, 70
2026/07/29 22:19:37.079, 306.17, 100, 74232, 70
2026/07/29 22:19:38.118, 302.10, 100, 74232, 71
2026/07/29 22:19:39.156, 302.58, 100, 74232, 70
2026/07/29 22:19:40.193, 304.80, 100, 74232, 71
2026/07/29 22:19:41.231, 304.18, 100, 74232, 71
2026/07/29 22:19:42.269, 304.52, 100, 74232, 71
2026/07/29 22:19:43.307, 303.46, 100, 74232, 71
2026/07/29 22:19:44.343, 304.94, 100, 74232, 70
2026/07/29 22:19:45.381, 301.61, 100, 74232, 70
2026/07/29 22:19:46.417, 295.60, 100, 74232, 70
2026/07/29 22:19:47.453, 292.67, 100, 74232, 70
2026/07/29 22:19:48.495, 298.11, 100, 74232, 70
2026/07/29 22:19:49.531, 304.96, 100, 74232, 70
2026/07/29 22:19:50.567, 302.22, 100, 74232, 71
2026/07/29 22:19:51.605, 297.44, 100, 74232, 70
2026/07/29 22:19:52.642, 293.76, 100, 74232, 70
2026/07/29 22:19:53.680, 289.74, 100, 74232, 70
2026/07/29 22:19:54.722, 296.66, 100, 74232, 70
2026/07/29 22:19:55.759, 298.52, 100, 74232, 70
2026/07/29 22:19:56.796, 297.73, 100, 74232, 70
2026/07/29 22:19:57.833, 295.69, 100, 74232, 70
2026/07/29 22:19:58.874, 307.96, 100, 74232, 71
2026/07/29 22:19:59.912, 298.04, 100, 74232, 70
2026/07/29 22:20:00.950, 297.85, 100, 74232, 70
2026/07/29 22:20:01.988, 294.04, 100, 74232, 70
2026/07/29 22:20:03.025, 293.83, 100, 74232, 70
2026/07/29 22:20:04.064, 296.47, 100, 74232, 70
2026/07/29 22:20:05.101, 304.35, 100, 74232, 70
2026/07/29 22:20:06.138, 305.15, 100, 74232, 70
2026/07/29 22:20:07.175, 296.08, 100, 74232, 70
2026/07/29 22:20:08.214, 297.65, 100, 74232, 70
2026/07/29 22:20:09.251, 298.04, 100, 74232, 70
2026/07/29 22:20:10.288, 297.65, 100, 74232, 70
2026/07/29 22:20:11.326, 291.61, 100, 74232, 70
2026/07/29 22:20:12.365, 296.19, 100, 74232, 70
2026/07/29 22:20:13.404, 296.55, 100, 74232, 70
2026/07/29 22:20:14.442, 305.15, 100, 74232, 70
2026/07/29 22:20:15.482, 300.35, 100, 74232, 70
2026/07/29 22:20:16.520, 292.69, 100, 74232, 70
2026/07/29 22:20:17.556, 297.35, 100, 74232, 70
2026/07/29 22:20:18.593, 305.04, 100, 74232, 70
2026/07/29 22:20:19.631, 304.75, 100, 74232, 70
2026/07/29 22:20:20.668, 301.78, 100, 74232, 70
2026/07/29 22:20:21.705, 298.02, 100, 74232, 70
2026/07/29 22:20:22.742, 304.75, 100, 74232, 70
2026/07/29 22:20:23.778, 294.32, 100, 74232, 70
2026/07/29 22:20:24.814, 297.35, 100, 74232, 70
2026/07/29 22:20:25.851, 295.20, 100, 74232, 70
2026/07/29 22:20:26.887, 294.80, 100, 74232, 70
2026/07/29 22:20:27.924, 296.08, 100, 74232, 70
2026/07/29 22:20:28.960, 297.35, 100, 74232, 70
2026/07/29 22:20:29.997, 305.30, 100, 74232, 70
2026/07/29 22:20:31.035, 300.17, 100, 74232, 70
2026/07/29 22:20:32.073, 302.91, 100, 74232, 70
2026/07/29 22:20:33.110, 298.12, 100, 74232, 70
2026/07/29 22:20:34.146, 297.42, 100, 74232, 70
2026/07/29 22:20:35.182, 297.25, 100, 74232, 70
2026/07/29 22:20:36.219, 295.57, 100, 74232, 70
2026/07/29 22:20:37.255, 297.05, 100, 74232, 70
2026/07/29 22:20:38.293, 293.44, 100, 74232, 70
2026/07/29 22:20:39.330, 298.24, 100, 74232, 70
2026/07/29 22:20:40.367, 293.36, 100, 74232, 70
2026/07/29 22:20:41.404, 292.11, 100, 74232, 70
2026/07/29 22:20:42.441, 295.19, 100, 74232, 70
2026/07/29 22:20:43.479, 303.65, 100, 74232, 70
2026/07/29 22:20:44.518, 297.43, 100, 74232, 70
2026/07/29 22:20:45.555, 297.06, 100, 74232, 70
2026/07/29 22:20:46.591, 298.51, 100, 74232, 70
2026/07/29 22:20:47.629, 291.30, 100, 74232, 70
2026/07/29 22:20:48.669, 296.37, 100, 74232, 70
2026/07/29 22:20:49.707, 297.75, 100, 74232, 70
2026/07/29 22:20:50.745, 296.56, 100, 74232, 70
2026/07/29 22:20:51.782, 299.10, 100, 74232, 70
2026/07/29 22:20:52.818, 302.68, 100, 74232, 70
2026/07/29 22:20:53.855, 292.29, 100, 74232, 70
2026/07/29 22:20:54.895, 296.94, 100, 74232, 70
2026/07/29 22:20:55.933, 297.45, 100, 74232, 70
2026/07/29 22:20:56.970, 296.28, 100, 74232, 70
2026/07/29 22:20:58.006, 297.17, 100, 74232, 70
2026/07/29 22:20:59.045, 303.37, 100, 74232, 70
2026/07/29 22:21:00.083, 304.05, 100, 74232, 70
2026/07/29 22:21:01.119, 305.16, 100, 74232, 70
2026/07/29 22:21:02.155, 300.56, 100, 74232, 70
2026/07/29 22:21:03.193, 304.26, 100, 74232, 70
2026/07/29 22:21:04.229, 296.08, 100, 74232, 70
2026/07/29 22:21:05.266, 297.94, 100, 74232, 70
2026/07/29 22:21:06.303, 303.45, 100, 74232, 70
2026/07/29 22:21:07.340, 300.36, 100, 74232, 70
2026/07/29 22:21:08.377, 300.27, 100, 74232, 70
2026/07/29 22:21:09.414, 302.61, 100, 74232, 70
2026/07/29 22:21:10.450, 303.40, 100, 74232, 70
2026/07/29 22:21:11.487, 297.92, 100, 74232, 70
2026/07/29 22:21:12.525, 303.47, 100, 74232, 70
2026/07/29 22:21:13.563, 290.62, 100, 74232, 70
2026/07/29 22:21:14.599, 305.60, 100, 74232, 70
2026/07/29 22:21:15.635, 302.91, 100, 74232, 70
2026/07/29 22:21:16.674, 304.32, 100, 74232, 70
2026/07/29 22:21:17.711, 304.24, 100, 74232, 70
2026/07/29 22:21:18.748, 296.65, 100, 74232, 70
2026/07/29 22:21:19.785, 306.10, 100, 74232, 70
2026/07/29 22:21:20.822, 294.33, 100, 74232, 70
2026/07/29 22:21:21.858, 295.51, 100, 74232, 70
2026/07/29 22:21:22.896, 306.35, 100, 74232, 70
2026/07/29 22:21:23.935, 296.87, 100, 74232, 70
2026/07/29 22:21:24.971, 296.18, 100, 74232, 70
2026/07/29 22:21:26.008, 297.64, 100, 74232, 70
2026/07/29 22:21:27.045, 293.33, 100, 74232, 70
2026/07/29 22:21:28.083, 298.78, 100, 74232, 70
2026/07/29 22:21:29.119, 295.67, 100, 74232, 70
2026/07/29 22:21:30.155, 303.83, 100, 74232, 70
2026/07/29 22:21:31.191, 304.13, 100, 74232, 70
2026/07/29 22:21:32.228, 296.65, 100, 74232, 70
2026/07/29 22:21:33.264, 297.35, 100, 74232, 70
2026/07/29 22:21:34.300, 294.02, 100, 74232, 70
2026/07/29 22:21:35.337, 306.93, 100, 74232, 70
2026/07/29 22:21:36.375, 302.27, 100, 74232, 70
2026/07/29 22:21:37.414, 297.04, 100, 74232, 70
2026/07/29 22:21:38.451, 303.19, 100, 74232, 70
2026/07/29 22:21:39.489, 303.65, 100, 74232, 70
2026/07/29 22:21:40.527, 305.00, 100, 74232, 70
2026/07/29 22:21:41.564, 304.35, 100, 74232, 70
2026/07/29 22:21:42.603, 299.79, 100, 74232, 70
2026/07/29 22:21:43.639, 301.83, 100, 74232, 70
2026/07/29 22:21:44.682, 295.11, 100, 74232, 70
2026/07/29 22:21:45.723, 295.99, 100, 74232, 70
2026/07/29 22:21:46.760, 296.46, 100, 74232, 70
2026/07/29 22:21:47.799, 295.21, 100, 74232, 70
2026/07/29 22:21:48.836, 296.96, 100, 74232, 70
2026/07/29 22:21:49.876, 292.28, 100, 74232, 70
2026/07/29 22:21:50.915, 295.48, 100, 74232, 70
2026/07/29 22:21:51.953, 298.60, 100, 74232, 70
2026/07/29 22:21:52.991, 299.96, 100, 74232, 70
2026/07/29 22:21:54.028, 296.77, 100, 74232, 70
2026/07/29 22:21:55.067, 304.26, 100, 74232, 70
2026/07/29 22:21:56.105, 305.05, 100, 74232, 70
2026/07/29 22:21:57.141, 300.56, 100, 74232, 70
2026/07/29 22:21:58.179, 305.08, 100, 74232, 70
2026/07/29 22:21:59.216, 300.86, 100, 74232, 70
2026/07/29 22:22:00.256, 303.55, 100, 74232, 70
2026/07/29 22:22:01.294, 297.26, 100, 74232, 70
2026/07/29 22:22:02.332, 293.16, 100, 74232, 69
2026/07/29 22:22:03.371, 293.75, 100, 74232, 70
2026/07/29 22:22:04.407, 296.17, 100, 74232, 70
2026/07/29 22:22:05.445, 301.53, 100, 74232, 70
2026/07/29 22:22:06.481, 303.06, 100, 74232, 70
2026/07/29 22:22:07.522, 304.56, 100, 74232, 70
2026/07/29 22:22:08.560, 303.65, 100, 74232, 70
2026/07/29 22:22:09.599, 300.55, 100, 74232, 70
2026/07/29 22:22:10.636, 302.11, 100, 74232, 70
2026/07/29 22:22:11.673, 302.71, 100, 74232, 70
2026/07/29 22:22:12.710, 302.78, 100, 74232, 70
2026/07/29 22:22:13.747, 300.14, 100, 74232, 69
2026/07/29 22:22:14.783, 300.26, 100, 74232, 70
2026/07/29 22:22:15.820, 304.23, 100, 74232, 69
2026/07/29 22:22:16.858, 300.18, 100, 74232, 70
2026/07/29 22:22:17.896, 301.74, 100, 74232, 70
2026/07/29 22:22:18.934, 294.62, 100, 74232, 69
2026/07/29 22:22:19.971, 297.04, 100, 74232, 69
2026/07/29 22:22:21.010, 296.64, 100, 74232, 69
2026/07/29 22:22:22.047, 295.50, 100, 74232, 69
2026/07/29 22:22:23.085, 297.26, 100, 74232, 69
2026/07/29 22:22:24.122, 295.04, 100, 74232, 69
2026/07/29 22:22:25.160, 297.93, 100, 74232, 69
2026/07/29 22:22:26.198, 292.79, 100, 74232, 69
2026/07/29 22:22:27.235, 295.01, 100, 74232, 69
2026/07/29 22:22:28.271, 294.14, 100, 74232, 69
2026/07/29 22:22:29.310, 295.29, 100, 74232, 69
2026/07/29 22:22:30.348, 296.37, 100, 74232, 69
2026/07/29 22:22:31.386, 293.36, 100, 74232, 69
2026/07/29 22:22:32.424, 296.78, 100, 74232, 69
2026/07/29 22:22:33.461, 292.20, 100, 74232, 69
2026/07/29 22:22:34.500, 294.52, 100, 74232, 69
2026/07/29 22:22:35.536, 297.86, 100, 74232, 70
2026/07/29 22:22:36.573, 301.05, 100, 74232, 70
2026/07/29 22:22:37.611, 301.92, 100, 74232, 70
2026/07/29 22:22:38.648, 295.88, 100, 74232, 70
2026/07/29 22:22:39.686, 303.96, 100, 74232, 70
2026/07/29 22:22:40.726, 304.91, 100, 74232, 70
2026/07/29 22:22:41.763, 304.51, 100, 74232, 70
2026/07/29 22:22:42.805, 297.36, 100, 74232, 70
2026/07/29 22:22:43.842, 297.05, 100, 74232, 70
2026/07/29 22:22:44.880, 297.33, 100, 74232, 70
2026/07/29 22:22:45.923, 293.46, 100, 74232, 70
2026/07/29 22:22:46.961, 302.78, 100, 74232, 70
2026/07/29 22:22:47.999, 298.51, 100, 74232, 70
2026/07/29 22:22:49.040, 299.37, 100, 74232, 70
2026/07/29 22:22:50.077, 301.14, 100, 74232, 70
2026/07/29 22:22:51.114, 303.19, 100, 74232, 70
2026/07/29 22:22:52.152, 296.08, 100, 74232, 70
2026/07/29 22:22:53.189, 304.05, 100, 74232, 70
2026/07/29 22:22:54.225, 304.64, 100, 74232, 70
2026/07/29 22:22:55.261, 304.26, 100, 74232, 70
2026/07/29 22:22:56.299, 298.03, 100, 74232, 70
2026/07/29 22:22:57.337, 293.25, 100, 74232, 70
2026/07/29 22:22:58.375, 303.46, 100, 74232, 70
2026/07/29 22:22:59.411, 299.79, 100, 74232, 70
2026/07/29 22:23:00.450, 301.43, 100, 74232, 70
2026/07/29 22:23:01.488, 296.27, 100, 74232, 70
2026/07/29 22:23:02.527, 297.25, 100, 74232, 70
2026/07/29 22:23:03.564, 299.96, 100, 74232, 70
2026/07/29 22:23:04.601, 304.03, 100, 74232, 70
2026/07/29 22:23:05.637, 303.53, 100, 74232, 70
2026/07/29 22:23:06.677, 304.81, 100, 74232, 70
2026/07/29 22:23:07.714, 294.63, 100, 74232, 70
2026/07/29 22:23:08.751, 297.32, 100, 74232, 70
2026/07/29 22:23:09.787, 295.97, 100, 74232, 70
2026/07/29 22:23:10.824, 291.61, 100, 74232, 70
2026/07/29 22:23:11.867, 300.92, 100, 74232, 70
2026/07/29 22:23:12.904, 298.99, 100, 74232, 70
2026/07/29 22:23:13.941, 302.68, 100, 74232, 70
2026/07/29 22:23:14.977, 298.13, 100, 74232, 70
2026/07/29 22:23:16.013, 304.16, 100, 74232, 70
2026/07/29 22:23:17.049, 303.94, 100, 74232, 70
2026/07/29 22:23:18.086, 300.36, 100, 74232, 70
2026/07/29 22:23:19.124, 298.23, 100, 74232, 70
2026/07/29 22:23:20.161, 292.97, 100, 74232, 70
2026/07/29 22:23:21.198, 291.41, 100, 74232, 70
2026/07/29 22:23:22.237, 296.65, 100, 74232, 70
2026/07/29 22:23:23.275, 301.52, 100, 74232, 70
2026/07/29 22:23:24.312, 303.46, 100, 74232, 70
2026/07/29 22:23:25.350, 300.55, 100, 74232, 70
2026/07/29 22:23:26.387, 302.31, 100, 74232, 70
2026/07/29 22:23:27.425, 296.85, 100, 74232, 70
2026/07/29 22:23:28.467, 297.81, 100, 74232, 70
2026/07/29 22:23:29.503, 303.06, 100, 74232, 70
2026/07/29 22:23:30.543, 303.24, 100, 74232, 70
2026/07/29 22:23:31.582, 301.31, 100, 74232, 70
2026/07/29 22:23:32.618, 303.10, 100, 74232, 70
2026/07/29 22:23:33.654, 303.88, 100, 74232, 70
2026/07/29 22:23:34.692, 299.66, 100, 74232, 70
2026/07/29 22:23:35.729, 298.13, 100, 74232, 70
2026/07/29 22:23:36.766, 294.12, 100, 74232, 70
2026/07/29 22:23:37.804, 294.61, 100, 74232, 70
2026/07/29 22:23:38.842, 295.51, 100, 74232, 70
2026/07/29 22:23:39.882, 300.45, 100, 74232, 70
2026/07/29 22:23:40.920, 303.24, 100, 74232, 70
2026/07/29 22:23:41.957, 303.77, 100, 74232, 70
2026/07/29 22:23:42.993, 302.17, 100, 74232, 70
2026/07/29 22:23:44.030, 303.64, 100, 74232, 70
2026/07/29 22:23:45.068, 297.81, 100, 74232, 70
2026/07/29 22:23:46.105, 296.55, 100, 74232, 70
2026/07/29 22:23:47.142, 296.27, 100, 74232, 70
2026/07/29 22:23:48.181, 297.06, 100, 74232, 70
2026/07/29 22:23:49.219, 296.17, 100, 74232, 70
2026/07/29 22:23:50.256, 297.70, 100, 74232, 70
2026/07/29 22:23:51.294, 298.21, 100, 74232, 70
2026/07/29 22:23:52.331, 296.87, 100, 74232, 70
2026/07/29 22:23:53.370, 297.14, 100, 74232, 70
2026/07/29 22:23:54.407, 297.65, 100, 74232, 70
2026/07/29 22:23:55.443, 292.77, 100, 74232, 70
2026/07/29 22:23:56.481, 298.02, 100, 74232, 70
2026/07/29 22:23:57.518, 297.84, 100, 74232, 70
2026/07/29 22:23:58.558, 292.97, 100, 74232, 70
2026/07/29 22:23:59.594, 305.90, 100, 74232, 70
2026/07/29 22:24:00.632, 296.98, 100, 74232, 70
2026/07/29 22:24:01.671, 301.99, 100, 74232, 70
2026/07/29 22:24:02.710, 306.38, 100, 74232, 70
2026/07/29 22:24:03.747, 95.62, 0, 74232, 67
2026/07/29 22:24:04.779, 297.90, 100, 74232, 71
2026/07/29 22:24:05.816, 314.51, 100, 74232, 71
2026/07/29 22:24:06.851, 279.81, 100, 74232, 71
2026/07/29 22:24:07.887, 276.30, 100, 74232, 71
2026/07/29 22:24:08.923, 288.56, 100, 74232, 71
2026/07/29 22:24:09.959, 301.53, 100, 74232, 71
2026/07/29 22:24:10.995, 309.60, 100, 74232, 72
2026/07/29 22:24:12.030, 302.70, 100, 74232, 70
2026/07/29 22:24:13.069, 303.97, 100, 74232, 70
2026/07/29 22:24:14.107, 303.95, 100, 74232, 70
2026/07/29 22:24:15.145, 295.89, 100, 74232, 70
2026/07/29 22:24:16.183, 304.18, 100, 74232, 70
2026/07/29 22:24:17.222, 300.36, 100, 74232, 70
2026/07/29 22:24:18.258, 291.99, 100, 74232, 70
2026/07/29 22:24:19.296, 294.92, 100, 74232, 70
2026/07/29 22:24:20.335, 306.58, 100, 74232, 70
2026/07/29 22:24:21.373, 295.90, 100, 74232, 70
2026/07/29 22:24:22.410, 297.65, 100, 74232, 70
2026/07/29 22:24:23.447, 304.70, 100, 74232, 70
2026/07/29 22:24:24.485, 297.83, 100, 74232, 70
2026/07/29 22:24:25.522, 294.32, 100, 74232, 70
2026/07/29 22:24:26.559, 299.80, 100, 74232, 70
2026/07/29 22:24:27.596, 297.04, 100, 74232, 70
2026/07/29 22:24:28.633, 290.82, 100, 74232, 70
2026/07/29 22:24:29.671, 293.06, 100, 74232, 70
2026/07/29 22:24:30.709, 295.61, 100, 74232, 70
2026/07/29 22:24:31.747, 295.78, 100, 74232, 70
2026/07/29 22:24:32.783, 296.97, 100, 74232, 70
2026/07/29 22:24:33.823, 293.43, 100, 74232, 70
2026/07/29 22:24:34.861, 292.95, 100, 74232, 70
2026/07/29 22:24:35.899, 296.66, 100, 74232, 70
2026/07/29 22:24:36.938, 297.24, 100, 74232, 70
2026/07/29 22:24:37.975, 304.94, 100, 74232, 70
2026/07/29 22:24:39.011, 295.20, 100, 74232, 70
2026/07/29 22:24:40.049, 296.27, 100, 74232, 70
2026/07/29 22:24:41.087, 296.65, 100, 74232, 70
2026/07/29 22:24:42.126, 304.94, 100, 74232, 70
2026/07/29 22:24:43.163, 294.43, 100, 74232, 70
2026/07/29 22:24:44.199, 301.42, 100, 74232, 70
2026/07/29 22:24:45.237, 296.19, 100, 74232, 70
2026/07/29 22:24:46.275, 298.61, 100, 74232, 70
2026/07/29 22:24:47.312, 301.40, 100, 74232, 70
2026/07/29 22:24:48.349, 301.73, 100, 74232, 70
2026/07/29 22:24:49.386, 303.45, 100, 74232, 70
2026/07/29 22:24:50.423, 291.62, 100, 74232, 70
2026/07/29 22:24:51.460, 307.57, 100, 74232, 70
2026/07/29 22:24:52.496, 302.69, 100, 74232, 70
2026/07/29 22:24:53.532, 297.08, 100, 74232, 70
2026/07/29 22:24:54.571, 297.36, 100, 74232, 70
2026/07/29 22:24:55.608, 297.36, 100, 74232, 70
2026/07/29 22:24:56.645, 301.33, 100, 74232, 70
2026/07/29 22:24:57.683, 302.79, 100, 74232, 70
2026/07/29 22:24:58.721, 303.37, 100, 74232, 70
2026/07/29 22:24:59.759, 303.46, 100, 74232, 70
2026/07/29 22:25:00.799, 296.57, 100, 74232, 70
2026/07/29 22:25:01.837, 294.33, 100, 74232, 70
2026/07/29 22:25:02.875, 295.97, 100, 74232, 70
2026/07/29 22:25:03.912, 297.24, 100, 74232, 70
2026/07/29 22:25:04.949, 304.16, 100, 74232, 70
2026/07/29 22:25:05.985, 300.74, 100, 74232, 70
2026/07/29 22:25:07.022, 301.14, 100, 74232, 70
2026/07/29 22:25:08.059, 304.25, 100, 74232, 70
2026/07/29 22:25:09.096, 292.95, 100, 74232, 70
2026/07/29 22:25:10.136, 290.17, 100, 74232, 70
2026/07/29 22:25:11.172, 295.49, 100, 74232, 70
2026/07/29 22:25:12.210, 303.30, 100, 74232, 70
2026/07/29 22:25:13.247, 303.57, 100, 74232, 70
2026/07/29 22:25:14.287, 301.32, 100, 74232, 70
2026/07/29 22:25:15.323, 297.63, 100, 74232, 70
2026/07/29 22:25:16.360, 302.67, 100, 74232, 70
2026/07/29 22:25:17.397, 297.05, 100, 74232, 70
2026/07/29 22:25:18.434, 296.68, 100, 74232, 70
2026/07/29 22:25:19.472, 295.99, 100, 74232, 70
2026/07/29 22:25:20.509, 301.83, 100, 74232, 70
2026/07/29 22:25:21.545, 296.86, 100, 74232, 70
2026/07/29 22:25:22.585, 303.18, 100, 74232, 70
2026/07/29 22:25:23.623, 294.64, 100, 74232, 70
2026/07/29 22:25:24.661, 296.18, 100, 74232, 70
2026/07/29 22:25:25.698, 302.99, 100, 74232, 70
2026/07/29 22:25:26.736, 294.85, 100, 74232, 70
2026/07/29 22:25:27.774, 298.92, 100, 74232, 70
2026/07/29 22:25:28.813, 302.80, 100, 74232, 70
2026/07/29 22:25:29.851, 297.73, 100, 74232, 70
2026/07/29 22:25:30.893, 299.77, 100, 74232, 70
2026/07/29 22:25:31.932, 303.09, 100, 74232, 69
2026/07/29 22:25:32.976, 294.83, 100, 74232, 70
2026/07/29 22:25:34.014, 296.87, 100, 74232, 70
2026/07/29 22:25:35.050, 291.71, 100, 74232, 70
2026/07/29 22:25:36.088, 299.09, 100, 74232, 70
2026/07/29 22:25:37.125, 302.08, 100, 74232, 70
2026/07/29 22:25:38.161, 303.54, 100, 74232, 70
2026/07/29 22:25:39.199, 302.88, 100, 74232, 70
2026/07/29 22:25:40.237, 304.07, 100, 74232, 70
2026/07/29 22:25:41.274, 299.99, 100, 74232, 70
2026/07/29 22:25:42.314, 292.08, 100, 74232, 70
2026/07/29 22:25:43.350, 296.48, 100, 74232, 70
2026/07/29 22:25:44.388, 296.87, 100, 74232, 70
2026/07/29 22:25:45.425, 296.75, 100, 74232, 70
2026/07/29 22:25:46.461, 296.75, 100, 74232, 70
2026/07/29 22:25:47.499, 294.24, 100, 74232, 70
2026/07/29 22:25:48.536, 296.08, 100, 74232, 70
2026/07/29 22:25:49.574, 295.67, 100, 74232, 70
2026/07/29 22:25:50.610, 303.98, 100, 74232, 70
2026/07/29 22:25:51.648, 293.05, 100, 74232, 70
2026/07/29 22:25:52.688, 308.35, 100, 74232, 70
2026/07/29 22:25:53.726, 300.77, 100, 74232, 70
2026/07/29 22:25:54.764, 296.39, 100, 74232, 70
2026/07/29 22:25:55.803, 296.46, 100, 74232, 70
2026/07/29 22:25:56.839, 296.58, 100, 74232, 70
2026/07/29 22:25:57.876, 293.44, 100, 74232, 70
2026/07/29 22:25:58.912, 296.38, 100, 74232, 70
2026/07/29 22:25:59.958, 294.70, 100, 74232, 70
2026/07/29 22:26:00.998, 296.19, 100, 74232, 70
2026/07/29 22:26:02.036, 295.21, 100, 74232, 70
2026/07/29 22:26:03.076, 296.68, 100, 74232, 70
2026/07/29 22:26:04.114, 297.15, 100, 74232, 70
2026/07/29 22:26:05.151, 300.65, 100, 74232, 70
2026/07/29 22:26:06.188, 300.67, 100, 74232, 70
2026/07/29 22:26:07.225, 302.51, 100, 74232, 70
2026/07/29 22:26:08.263, 304.32, 100, 74232, 70
2026/07/29 22:26:09.300, 296.87, 100, 74232, 70
2026/07/29 22:26:10.341, 297.81, 100, 74232, 70
2026/07/29 22:26:11.378, 293.95, 100, 74232, 70
2026/07/29 22:26:12.416, 297.84, 100, 74232, 70
2026/07/29 22:26:13.454, 294.36, 100, 74232, 70
2026/07/29 22:26:14.494, 301.31, 100, 74232, 70
2026/07/29 22:26:15.532, 296.08, 100, 74232, 70
2026/07/29 22:26:16.570, 303.78, 100, 74232, 70
2026/07/29 22:26:17.607, 305.21, 100, 74232, 70
2026/07/29 22:26:18.644, 297.54, 100, 74232, 70
2026/07/29 22:26:19.680, 293.46, 100, 74232, 70
2026/07/29 22:26:20.717, 296.37, 100, 74232, 70
2026/07/29 22:26:21.753, 297.06, 100, 74232, 70
2026/07/29 22:26:22.789, 304.91, 100, 74232, 70
2026/07/29 22:26:23.826, 301.89, 100, 74232, 70
2026/07/29 22:26:24.871, 301.43, 100, 74232, 70
2026/07/29 22:26:25.908, 301.62, 100, 74232, 70
2026/07/29 22:26:26.944, 302.87, 100, 74232, 70
2026/07/29 22:26:27.981, 304.16, 100, 74232, 70
2026/07/29 22:26:29.019, 303.85, 100, 74232, 70
2026/07/29 22:26:30.057, 298.42, 100, 74232, 70
2026/07/29 22:26:31.094, 294.80, 100, 74232, 70
2026/07/29 22:26:32.131, 307.48, 100, 74232, 70
2026/07/29 22:26:33.168, 303.29, 100, 74232, 70
2026/07/29 22:26:34.204, 302.34, 100, 74232, 70
2026/07/29 22:26:35.243, 298.73, 100, 74232, 70
2026/07/29 22:26:36.281, 291.89, 100, 74232, 70
2026/07/29 22:26:37.318, 291.42, 100, 74232, 70
2026/07/29 22:26:38.354, 296.67, 100, 74232, 70
2026/07/29 22:26:39.390, 297.73, 100, 74232, 70
2026/07/29 22:26:40.430, 296.87, 100, 74232, 70
2026/07/29 22:26:41.467, 300.55, 100, 74232, 70
2026/07/29 22:26:42.504, 294.62, 100, 74232, 70
2026/07/29 22:26:43.542, 297.14, 100, 74232, 70
2026/07/29 22:26:44.578, 302.68, 100, 74232, 70
2026/07/29 22:26:45.616, 302.96, 100, 74232, 70
2026/07/29 22:26:46.653, 297.24, 100, 74232, 70
2026/07/29 22:26:47.690, 296.86, 100, 74232, 70
2026/07/29 22:26:48.725, 298.44, 100, 74232, 70
2026/07/29 22:26:49.760, 298.70, 100, 74232, 70
2026/07/29 22:26:50.796, 292.87, 100, 74232, 70
2026/07/29 22:26:51.831, 294.43, 100, 74232, 70
2026/07/29 22:26:52.874, 300.08, 100, 74232, 70
2026/07/29 22:26:53.912, 303.47, 100, 74232, 70
2026/07/29 22:26:54.949, 303.26, 100, 74232, 70
2026/07/29 22:26:55.985, 308.83, 100, 74232, 70
2026/07/29 22:26:57.021, 304.46, 100, 74232, 70
2026/07/29 22:26:58.058, 300.94, 100, 74232, 70
2026/07/29 22:26:59.094, 302.80, 100, 74232, 70
2026/07/29 22:27:00.131, 297.16, 100, 74232, 70
2026/07/29 22:27:01.168, 303.15, 100, 74232, 70
2026/07/29 22:27:02.204, 304.42, 100, 74232, 70
2026/07/29 22:27:03.240, 301.53, 100, 74232, 70
2026/07/29 22:27:04.277, 296.77, 100, 74232, 70
2026/07/29 22:27:05.313, 293.27, 100, 74232, 70
2026/07/29 22:27:06.349, 295.59, 100, 74232, 70
2026/07/29 22:27:07.389, 294.93, 100, 74232, 70
2026/07/29 22:27:08.426, 292.68, 100, 74232, 70
2026/07/29 22:27:09.465, 297.24, 100, 74232, 70
2026/07/29 22:27:10.502, 296.77, 100, 74232, 70
2026/07/29 22:27:11.538, 296.87, 100, 74232, 70
2026/07/29 22:27:12.576, 293.36, 100, 74232, 70
2026/07/29 22:27:13.613, 295.49, 100, 74232, 70
2026/07/29 22:27:14.650, 292.87, 100, 74232, 70
2026/07/29 22:27:15.686, 298.42, 100, 74232, 70
2026/07/29 22:27:16.723, 297.06, 100, 74232, 70
2026/07/29 22:27:17.759, 296.08, 100, 74232, 70
2026/07/29 22:27:18.799, 296.48, 100, 74232, 70
2026/07/29 22:27:19.837, 297.65, 100, 74232, 70
2026/07/29 22:27:20.877, 304.37, 100, 74232, 70
2026/07/29 22:27:21.913, 299.48, 100, 74232, 70
2026/07/29 22:27:22.950, 301.99, 100, 74232, 70
2026/07/29 22:27:23.986, 301.43, 100, 74232, 70
2026/07/29 22:27:25.022, 295.11, 100, 74232, 70
2026/07/29 22:27:26.059, 297.25, 100, 74232, 70
2026/07/29 22:27:27.099, 293.45, 100, 74232, 70
2026/07/29 22:27:28.137, 303.17, 100, 74232, 70
2026/07/29 22:27:29.174, 298.52, 100, 74232, 70
2026/07/29 22:27:30.212, 298.21, 100, 74232, 70
2026/07/29 22:27:31.248, 292.47, 100, 74232, 70
2026/07/29 22:27:32.284, 299.29, 100, 74232, 70
2026/07/29 22:27:33.325, 307.28, 100, 74232, 70
2026/07/29 22:27:34.362, 295.78, 100, 74232, 70
2026/07/29 22:27:35.399, 297.64, 100, 74232, 70
2026/07/29 22:27:36.436, 297.74, 100, 74232, 70
2026/07/29 22:27:37.473, 301.43, 100, 74232, 70
2026/07/29 22:27:38.510, 293.17, 100, 74232, 70
2026/07/29 22:27:39.546, 302.80, 100, 74232, 70
2026/07/29 22:27:40.591, 303.57, 100, 74232, 70
2026/07/29 22:27:41.628, 298.32, 100, 74232, 70
2026/07/29 22:27:42.664, 303.57, 100, 74232, 70
2026/07/29 22:27:43.701, 290.22, 100, 74232, 70
2026/07/29 22:27:44.743, 296.46, 100, 74232, 70
2026/07/29 22:27:45.781, 301.70, 100, 74232, 70
2026/07/29 22:27:46.819, 303.15, 100, 74232, 70
2026/07/29 22:27:47.857, 304.32, 100, 74232, 70
2026/07/29 22:27:48.896, 296.76, 100, 74232, 70
2026/07/29 22:27:49.935, 298.88, 100, 74232, 70
2026/07/29 22:27:50.972, 304.04, 100, 74232, 70
2026/07/29 22:27:52.009, 296.37, 100, 74232, 70
2026/07/29 22:27:53.046, 298.11, 100, 74232, 70
2026/07/29 22:27:54.084, 291.71, 100, 74232, 70
2026/07/29 22:27:55.122, 298.13, 100, 74232, 70
2026/07/29 22:27:56.160, 301.13, 100, 74232, 70
2026/07/29 22:27:57.197, 294.51, 100, 74232, 70
2026/07/29 22:27:58.234, 299.47, 100, 74232, 70
2026/07/29 22:27:59.270, 294.62, 100, 74232, 70
2026/07/29 22:28:00.307, 295.11, 100, 74232, 70
2026/07/29 22:28:01.346, 294.12, 100, 74232, 70
2026/07/29 22:28:02.382, 296.87, 100, 74232, 70
2026/07/29 22:28:03.418, 298.52, 100, 74232, 70
2026/07/29 22:28:04.455, 304.83, 100, 74232, 70
2026/07/29 22:28:05.492, 303.58, 100, 74232, 70
2026/07/29 22:28:06.529, 304.14, 100, 74232, 70
2026/07/29 22:28:07.566, 305.73, 100, 74232, 70
2026/07/29 22:28:08.603, 304.32, 100, 74232, 70
2026/07/29 22:28:09.639, 305.13, 100, 74232, 70
2026/07/29 22:28:10.674, 300.54, 100, 74232, 70
2026/07/29 22:28:11.712, 304.91, 100, 74232, 70
2026/07/29 22:28:12.751, 296.18, 100, 74232, 70
2026/07/29 22:28:13.789, 326.62, 85, 74232, 71
2026/07/29 22:28:14.825, 301.55, 100, 74232, 70
2026/07/29 22:28:15.864, 300.46, 100, 74232, 70
2026/07/29 22:28:16.903, 303.68, 100, 74232, 70
2026/07/29 22:28:17.941, 301.24, 100, 74232, 70
2026/07/29 22:28:18.979, 300.92, 100, 74232, 70
2026/07/29 22:28:20.016, 302.89, 100, 74232, 70
2026/07/29 22:28:21.053, 301.33, 100, 74232, 70
2026/07/29 22:28:22.091, 295.51, 100, 74232, 70
2026/07/29 22:28:23.130, 303.17, 100, 74232, 70
2026/07/29 22:28:24.168, 303.65, 100, 74232, 70
2026/07/29 22:28:25.207, 303.58, 100, 74232, 70
2026/07/29 22:28:26.245, 302.43, 100, 74232, 70
2026/07/29 22:28:27.284, 298.31, 100, 74232, 70
2026/07/29 22:28:28.322, 297.83, 100, 74232, 70
2026/07/29 22:28:29.360, 288.68, 100, 74232, 70
2026/07/29 22:28:30.402, 301.01, 100, 74232, 70
2026/07/29 22:28:31.440, 292.29, 100, 74232, 70
2026/07/29 22:28:32.477, 294.42, 100, 74232, 70
2026/07/29 22:28:33.513, 293.84, 100, 74232, 70
2026/07/29 22:28:34.550, 292.49, 100, 74232, 70
2026/07/29 22:28:35.587, 295.19, 100, 74232, 70
2026/07/29 22:28:36.625, 303.35, 100, 74232, 70
2026/07/29 22:28:37.662, 294.13, 100, 74232, 70
2026/07/29 22:28:38.700, 296.08, 100, 74232, 70
2026/07/29 22:28:39.739, 303.26, 100, 74232, 70
2026/07/29 22:28:40.777, 295.71, 100, 74232, 70
2026/07/29 22:28:41.815, 301.84, 100, 74232, 70
2026/07/29 22:28:42.853, 298.22, 100, 74232, 70
2026/07/29 22:28:43.900, 295.30, 100, 74232, 70
2026/07/29 22:28:44.940, 298.22, 100, 74232, 70
2026/07/29 22:28:45.977, 299.59, 100, 74232, 70
2026/07/29 22:28:47.015, 301.64, 100, 74232, 70
2026/07/29 22:28:48.053, 297.25, 100, 74232, 70
2026/07/29 22:28:49.092, 302.43, 100, 74232, 70
2026/07/29 22:28:50.130, 302.30, 100, 74232, 70
2026/07/29 22:28:51.171, 302.22, 100, 74232, 70
2026/07/29 22:28:52.209, 303.68, 100, 74232, 70
2026/07/29 22:28:53.246, 295.41, 100, 74232, 70
2026/07/29 22:28:54.284, 297.64, 100, 74232, 70
2026/07/29 22:28:55.321, 298.71, 100, 74232, 70
2026/07/29 22:28:56.359, 297.82, 100, 74232, 70
2026/07/29 22:28:57.396, 300.05, 100, 74232, 70
2026/07/29 22:28:58.437, 297.62, 100, 74232, 70
2026/07/29 22:28:59.475, 294.43, 100, 74232, 70
2026/07/29 22:29:00.513, 300.94, 100, 74232, 70
2026/07/29 22:29:01.551, 293.36, 100, 74232, 70
2026/07/29 22:29:02.588, 302.01, 100, 74232, 70
2026/07/29 22:29:03.628, 303.16, 100, 74232, 70
2026/07/29 22:29:04.665, 300.57, 100, 74232, 70
2026/07/29 22:29:05.702, 295.79, 100, 74232, 70
2026/07/29 22:29:06.746, 298.31, 100, 74232, 70
2026/07/29 22:29:07.783, 295.69, 100, 74232, 70
2026/07/29 22:29:08.824, 294.44, 100, 74232, 69
2026/07/29 22:29:09.863, 299.99, 100, 74232, 69
2026/07/29 22:29:10.902, 303.51, 100, 74232, 70
2026/07/29 22:29:11.941, 296.30, 100, 74232, 69
2026/07/29 22:29:12.984, 298.79, 100, 74232, 70
2026/07/29 22:29:14.021, 292.46, 100, 74232, 69
2026/07/29 22:29:15.060, 293.14, 100, 74232, 69
2026/07/29 22:29:16.096, 294.62, 100, 74232, 69
2026/07/29 22:29:17.134, 298.99, 100, 74232, 69
2026/07/29 22:29:18.170, 302.42, 100, 74232, 69
2026/07/29 22:29:19.207, 295.86, 100, 74232, 69
2026/07/29 22:29:20.245, 300.76, 100, 74232, 69
2026/07/29 22:29:21.283, 295.31, 100, 74232, 69
2026/07/29 22:29:22.321, 293.15, 100, 74232, 69
2026/07/29 22:29:23.358, 297.07, 100, 74232, 69
2026/07/29 22:29:24.396, 301.25, 100, 74232, 69
2026/07/29 22:29:25.433, 301.15, 100, 74232, 69
2026/07/29 22:29:26.471, 296.30, 100, 74232, 69
2026/07/29 22:29:27.509, 300.67, 100, 74232, 69
2026/07/29 22:29:28.546, 301.32, 100, 74232, 69
2026/07/29 22:29:29.582, 301.12, 100, 74232, 69
2026/07/29 22:29:30.620, 300.65, 100, 74232, 70
2026/07/29 22:29:31.657, 300.55, 100, 74232, 70
2026/07/29 22:29:32.693, 302.13, 100, 74232, 70
2026/07/29 22:29:33.730, 300.74, 100, 74232, 70
2026/07/29 22:29:34.767, 303.38, 100, 74232, 70
2026/07/29 22:29:35.804, 302.18, 100, 74232, 70
2026/07/29 22:29:36.840, 302.68, 100, 74232, 70
2026/07/29 22:29:37.877, 302.02, 100, 74232, 70
2026/07/29 22:29:38.913, 303.36, 100, 74232, 70
2026/07/29 22:29:39.950, 288.56, 100, 74232, 71
2026/07/29 22:29:40.985, 285.34, 100, 74232, 71
2026/07/29 22:29:42.020, 278.14, 100, 74232, 71
2026/07/29 22:29:43.055, 273.93, 100, 74232, 71
2026/07/29 22:29:44.094, 265.31, 100, 74232, 71
2026/07/29 22:29:45.129, 302.25, 100, 74232, 71
2026/07/29 22:29:46.163, 297.84, 100, 74232, 69
2026/07/29 22:29:47.201, 301.91, 100, 74232, 69
2026/07/29 22:29:48.240, 302.41, 100, 74232, 70
2026/07/29 22:29:49.277, 301.51, 100, 74232, 69
2026/07/29 22:29:50.314, 293.75, 100, 74232, 70
2026/07/29 22:29:51.352, 296.87, 100, 74232, 70
2026/07/29 22:29:52.390, 296.25, 100, 74232, 70
2026/07/29 22:29:53.426, 306.59, 100, 74232, 70
2026/07/29 22:29:54.473, 299.00, 100, 74232, 70
2026/07/29 22:29:55.512, 293.56, 100, 74232, 70
2026/07/29 22:29:56.547, 296.66, 100, 74232, 70
2026/07/29 22:29:57.585, 306.21, 74, 74232, 71
2026/07/29 22:29:58.619, 301.73, 100, 74232, 72
2026/07/29 22:29:59.653, 290.22, 100, 74232, 72
2026/07/29 22:30:00.692, 286.06, 100, 74232, 72
2026/07/29 22:30:01.732, 316.92, 100, 74232, 72
2026/07/29 22:30:02.766, 268.51, 100, 74232, 71
2026/07/29 22:30:03.799, 316.33, 100, 74232, 72
2026/07/29 22:30:04.833, 303.99, 100, 74232, 70
2026/07/29 22:30:05.871, 292.58, 100, 74232, 70
2026/07/29 22:30:06.909, 299.79, 100, 74232, 70
2026/07/29 22:30:07.945, 303.40, 100, 74232, 70
2026/07/29 22:30:08.982, 303.27, 100, 74232, 70
2026/07/29 22:30:10.019, 304.92, 100, 74232, 70
2026/07/29 22:30:11.057, 299.20, 100, 74232, 70
2026/07/29 22:30:12.095, 299.29, 100, 74232, 70
2026/07/29 22:30:13.133, 300.28, 100, 74232, 70
2026/07/29 22:30:14.170, 304.34, 100, 74232, 70
2026/07/29 22:30:15.208, 301.54, 100, 74232, 70
2026/07/29 22:30:16.245, 300.43, 100, 74232, 70
2026/07/29 22:30:17.283, 303.37, 100, 74232, 70
2026/07/29 22:30:18.319, 302.77, 100, 74232, 70
2026/07/29 22:30:19.356, 294.60, 100, 74232, 70
2026/07/29 22:30:20.394, 301.61, 100, 74232, 70
2026/07/29 22:30:21.431, 303.48, 100, 74232, 70
2026/07/29 22:30:22.468, 305.34, 100, 74232, 70
2026/07/29 22:30:23.507, 304.45, 100, 74232, 70
2026/07/29 22:30:24.546, 304.24, 100, 74232, 70
2026/07/29 22:30:25.583, 299.46, 100, 74232, 70
2026/07/29 22:30:26.620, 299.09, 100, 74232, 70
2026/07/29 22:30:27.658, 301.43, 100, 74232, 70
2026/07/29 22:30:28.699, 300.17, 100, 74232, 70
2026/07/29 22:30:29.737, 301.25, 100, 74232, 70
2026/07/29 22:30:30.775, 302.56, 100, 74232, 70
2026/07/29 22:30:31.812, 295.68, 100, 74232, 70
2026/07/29 22:30:32.850, 297.43, 100, 74232, 70
2026/07/29 22:30:33.891, 295.58, 100, 74232, 70
2026/07/29 22:30:34.928, 295.59, 100, 74232, 70
2026/07/29 22:30:35.964, 302.00, 100, 74232, 70
2026/07/29 22:30:37.002, 297.35, 100, 74232, 70
2026/07/29 22:30:38.038, 297.18, 100, 74232, 70
2026/07/29 22:30:39.076, 288.86, 100, 74232, 70
2026/07/29 22:30:40.112, 297.14, 100, 74232, 70
2026/07/29 22:30:41.150, 293.15, 100, 74232, 70
2026/07/29 22:30:42.190, 290.85, 100, 74232, 70
2026/07/29 22:30:43.232, 294.33, 100, 74232, 70
2026/07/29 22:30:44.271, 294.71, 100, 74232, 70
2026/07/29 22:30:45.309, 298.03, 100, 74232, 70
2026/07/29 22:30:46.347, 295.68, 100, 74232, 70
2026/07/29 22:30:47.385, 303.40, 100, 74232, 70
2026/07/29 22:30:48.421, 301.44, 100, 74232, 70
2026/07/29 22:30:49.458, 303.00, 100, 74232, 70
2026/07/29 22:30:50.495, 301.45, 100, 74232, 70
2026/07/29 22:30:51.532, 296.78, 100, 74232, 70
2026/07/29 22:30:52.572, 294.83, 100, 74232, 70
2026/07/29 22:30:53.611, 290.62, 100, 74232, 70
2026/07/29 22:30:54.649, 295.30, 100, 74232, 70
2026/07/29 22:30:55.687, 302.40, 100, 74232, 70
2026/07/29 22:30:56.725, 296.38, 100, 74232, 70
2026/07/29 22:30:57.763, 298.69, 100, 74232, 70
2026/07/29 22:30:58.807, 302.51, 100, 74232, 70
2026/07/29 22:30:59.845, 301.92, 100, 74232, 70
2026/07/29 22:31:00.882, 301.15, 100, 74232, 70
2026/07/29 22:31:01.929, 305.25, 100, 74232, 70
2026/07/29 22:31:02.967, 302.81, 100, 74232, 70
2026/07/29 22:31:04.004, 297.83, 100, 74232, 70
2026/07/29 22:31:05.042, 301.62, 100, 74232, 70
2026/07/29 22:31:06.080, 298.88, 100, 74232, 70
2026/07/29 22:31:07.119, 301.79, 100, 74232, 70
2026/07/29 22:31:08.157, 301.64, 100, 74232, 70
2026/07/29 22:31:09.194, 301.70, 100, 74232, 70
2026/07/29 22:31:10.230, 299.68, 100, 74232, 70
2026/07/29 22:31:11.268, 300.74, 100, 74232, 70
2026/07/29 22:31:12.305, 295.11, 100, 74232, 69
2026/07/29 22:31:13.344, 302.42, 100, 74232, 70
2026/07/29 22:31:14.381, 300.95, 100, 74232, 70
2026/07/29 22:31:15.419, 307.87, 100, 74232, 70
2026/07/29 22:31:16.457, 303.46, 100, 74232, 70
2026/07/29 22:31:17.495, 303.70, 100, 74232, 70
2026/07/29 22:31:18.534, 298.32, 100, 74232, 70
2026/07/29 22:31:19.572, 297.66, 100, 74232, 70
2026/07/29 22:31:20.610, 300.64, 100, 74232, 70
2026/07/29 22:31:21.648, 300.46, 100, 74232, 70
2026/07/29 22:31:22.685, 302.03, 100, 74232, 70
2026/07/29 22:31:23.722, 302.48, 100, 74232, 70
2026/07/29 22:31:24.759, 303.29, 100, 74232, 70
2026/07/29 22:31:25.797, 302.12, 100, 74232, 70
2026/07/29 22:31:26.835, 302.50, 100, 74232, 70
2026/07/29 22:31:27.873, 303.27, 100, 74232, 70
2026/07/29 22:31:28.912, 304.08, 100, 74232, 70
2026/07/29 22:31:29.951, 302.03, 100, 74232, 70
2026/07/29 22:31:30.988, 302.41, 100, 74232, 70
2026/07/29 22:31:32.025, 300.37, 100, 74232, 70
2026/07/29 22:31:33.063, 305.43, 100, 74232, 70
2026/07/29 22:31:34.100, 297.62, 100, 74232, 70
2026/07/29 22:31:35.137, 301.05, 100, 74232, 70
2026/07/29 22:31:36.175, 297.36, 100, 74232, 70
2026/07/29 22:31:37.213, 296.96, 100, 74232, 70
2026/07/29 22:31:38.250, 298.70, 100, 74232, 70
2026/07/29 22:31:39.288, 298.90, 100, 74232, 70
2026/07/29 22:31:40.326, 298.32, 100, 74232, 70
2026/07/29 22:31:41.363, 298.02, 100, 74232, 70
2026/07/29 22:31:42.401, 303.49, 100, 74232, 70
2026/07/29 22:31:43.438, 302.58, 100, 74232, 69
2026/07/29 22:31:44.482, 293.86, 100, 74232, 69
2026/07/29 22:31:45.520, 303.10, 100, 74232, 70
2026/07/29 22:31:46.558, 302.18, 100, 74232, 70
2026/07/29 22:31:47.597, 302.97, 100, 74232, 69
2026/07/29 22:31:48.634, 298.40, 100, 74232, 69
2026/07/29 22:31:49.671, 302.78, 100, 74232, 69
2026/07/29 22:31:50.707, 303.30, 100, 74232, 70
2026/07/29 22:31:51.744, 301.43, 100, 74232, 69
2026/07/29 22:31:52.783, 303.29, 100, 74232, 69
2026/07/29 22:31:53.821, 301.43, 100, 74232, 69
2026/07/29 22:31:54.861, 301.03, 100, 74232, 69
2026/07/29 22:31:55.900, 300.94, 100, 74232, 69
2026/07/29 22:31:56.937, 300.75, 100, 74232, 69
2026/07/29 22:31:57.974, 302.22, 100, 74232, 69
2026/07/29 22:31:59.011, 294.32, 100, 74232, 69
2026/07/29 22:32:00.049, 296.08, 100, 74232, 69
2026/07/29 22:32:01.089, 294.13, 100, 74232, 71
2026/07/29 22:32:02.127, 290.75, 100, 74232, 71
2026/07/29 22:32:03.162, 291.60, 100, 74232, 71
2026/07/29 22:32:04.196, 307.23, 100, 74232, 71
2026/07/29 22:32:05.233, 313.40, 100, 74232, 71
2026/07/29 22:32:06.268, 296.09, 100, 74232, 71
2026/07/29 22:32:07.305, 299.77, 100, 74232, 69
2026/07/29 22:32:08.342, 303.09, 100, 74232, 69
2026/07/29 22:32:09.380, 300.07, 100, 74232, 69
2026/07/29 22:32:10.416, 301.23, 100, 74232, 69
2026/07/29 22:32:11.452, 302.78, 100, 74232, 70
2026/07/29 22:32:12.491, 297.97, 100, 74232, 71
2026/07/29 22:32:13.526, 290.23, 100, 74232, 71
2026/07/29 22:32:14.562, 292.59, 100, 74232, 71
2026/07/29 22:32:15.600, 291.24, 100, 74232, 71
2026/07/29 22:32:16.636, 297.71, 100, 74232, 71
2026/07/29 22:32:17.672, 284.89, 100, 74232, 72
2026/07/29 22:32:18.710, 302.33, 100, 74232, 70
2026/07/29 22:32:19.748, 303.57, 100, 74232, 70
2026/07/29 22:32:20.785, 304.08, 100, 74232, 70
2026/07/29 22:32:21.823, 302.01, 100, 74232, 70
2026/07/29 22:32:22.860, 304.17, 100, 74232, 70
2026/07/29 22:32:23.898, 291.96, 100, 74232, 72
2026/07/29 22:32:24.934, 303.36, 100, 74232, 72
2026/07/29 22:32:25.971, 290.24, 100, 74232, 72
2026/07/29 22:32:27.007, 288.58, 100, 74232, 72
2026/07/29 22:32:28.042, 296.54, 100, 74232, 72
2026/07/29 22:32:29.079, 303.51, 100, 74232, 72
2026/07/29 22:32:30.121, 304.17, 100, 74232, 70
2026/07/29 22:32:31.160, 304.03, 100, 74232, 70
2026/07/29 22:32:32.198, 302.99, 100, 74232, 70
2026/07/29 22:32:33.238, 304.86, 100, 74232, 70
2026/07/29 22:32:34.276, 294.22, 100, 74232, 72
2026/07/29 22:32:35.313, 294.61, 100, 74232, 72
2026/07/29 22:32:36.348, 304.60, 100, 74232, 72
2026/07/29 22:32:37.384, 292.96, 100, 74232, 72
2026/07/29 22:32:38.423, 286.33, 100, 74232, 73
2026/07/29 22:32:39.458, 292.71, 100, 74232, 72
2026/07/29 22:32:40.493, 304.37, 100, 74232, 71
2026/07/29 22:32:41.531, 291.21, 100, 74232, 71
2026/07/29 22:32:42.569, 302.23, 100, 74232, 71
2026/07/29 22:32:43.608, 298.31, 100, 74232, 71
2026/07/29 22:32:44.648, 404.98, 78, 74232, 72
2026/07/29 22:32:45.685, 299.29, 100, 74232, 72
2026/07/29 22:32:46.720, 289.51, 100, 74232, 72
2026/07/29 22:32:47.762, 311.35, 100, 74232, 73
2026/07/29 22:32:48.797, 290.12, 100, 74232, 73
2026/07/29 22:32:49.835, 319.53, 100, 74232, 73
2026/07/29 22:32:50.870, 306.37, 100, 74232, 73
2026/07/29 22:32:51.906, 294.04, 100, 74232, 71
2026/07/29 22:32:52.944, 301.73, 100, 74232, 71
2026/07/29 22:32:53.981, 305.82, 100, 74232, 71
2026/07/29 22:32:55.018, 304.47, 100, 74232, 71
2026/07/29 22:32:56.056, 362.46, 100, 74232, 72
2026/07/29 22:32:57.098, 306.31, 100, 74232, 71
2026/07/29 22:32:58.136, 291.02, 100, 74232, 71
2026/07/29 22:32:59.172, 309.53, 100, 74232, 71
2026/07/29 22:33:00.210, 300.46, 100, 74232, 71
2026/07/29 22:33:01.248, 303.35, 100, 74232, 71
2026/07/29 22:33:02.286, 304.93, 100, 74232, 71
2026/07/29 22:33:03.324, 303.76, 100, 74232, 71
2026/07/29 22:33:04.362, 303.98, 100, 74232, 71
2026/07/29 22:33:05.399, 298.63, 100, 74232, 71
2026/07/29 22:33:06.440, 297.15, 100, 74232, 71
2026/07/29 22:33:07.477, 307.36, 100, 74232, 71
2026/07/29 22:33:08.515, 302.29, 100, 74232, 71
2026/07/29 22:33:09.553, 296.48, 100, 74232, 71
2026/07/29 22:33:10.590, 293.65, 100, 74232, 71
2026/07/29 22:33:11.627, 299.10, 100, 74232, 71
2026/07/29 22:33:12.666, 296.86, 100, 74232, 71
2026/07/29 22:33:13.705, 297.25, 100, 74232, 71
2026/07/29 22:33:14.744, 304.63, 100, 74232, 71
2026/07/29 22:33:15.781, 300.85, 100, 74232, 71
2026/07/29 22:33:16.820, 302.61, 100, 74232, 71
2026/07/29 22:33:17.857, 292.57, 100, 74232, 71
2026/07/29 22:33:18.896, 298.99, 100, 74232, 71
2026/07/29 22:33:19.934, 295.29, 100, 74232, 71
2026/07/29 22:33:20.972, 291.42, 100, 74232, 70
2026/07/29 22:33:22.009, 297.81, 100, 74232, 70
2026/07/29 22:33:23.050, 296.56, 100, 74232, 70
2026/07/29 22:33:24.088, 295.59, 100, 74232, 70
2026/07/29 22:33:25.125, 297.33, 100, 74232, 70
2026/07/29 22:33:26.163, 295.02, 100, 74232, 70
2026/07/29 22:33:27.200, 295.32, 100, 74232, 70
2026/07/29 22:33:28.238, 297.64, 100, 74232, 70
2026/07/29 22:33:29.275, 291.69, 100, 74232, 70
2026/07/29 22:33:30.315, 303.78, 100, 74232, 70
2026/07/29 22:33:31.352, 298.60, 100, 74232, 70
2026/07/29 22:33:32.390, 294.03, 100, 74232, 70
2026/07/29 22:33:33.428, 295.61, 100, 74232, 70
2026/07/29 22:33:34.466, 295.59, 100, 74232, 70
2026/07/29 22:33:35.503, 289.95, 100, 74232, 70
2026/07/29 22:33:36.540, 297.35, 100, 74232, 70
2026/07/29 22:33:37.581, 299.21, 100, 74232, 70
2026/07/29 22:33:38.621, 302.49, 100, 74232, 70
2026/07/29 22:33:39.659, 302.41, 100, 74232, 70
2026/07/29 22:33:40.696, 303.15, 100, 74232, 70
2026/07/29 22:33:41.733, 304.35, 100, 74232, 70
2026/07/29 22:33:42.777, 301.64, 100, 74232, 70
2026/07/29 22:33:43.816, 301.43, 100, 74232, 70
2026/07/29 22:33:44.854, 300.85, 100, 74232, 70
2026/07/29 22:33:45.895, 303.10, 100, 74232, 70
2026/07/29 22:33:46.933, 303.36, 100, 74232, 70
2026/07/29 22:33:47.970, 300.64, 100, 74232, 70
2026/07/29 22:33:49.007, 298.36, 100, 74232, 70
2026/07/29 22:33:50.045, 299.48, 100, 74232, 70
2026/07/29 22:33:51.083, 300.37, 100, 74232, 70
2026/07/29 22:33:52.120, 296.68, 100, 74232, 70
2026/07/29 22:33:53.158, 303.00, 100, 74232, 70
2026/07/29 22:33:54.196, 302.29, 100, 74232, 70
2026/07/29 22:33:55.236, 295.32, 100, 74232, 70
2026/07/29 22:33:56.275, 296.96, 100, 74232, 70
2026/07/29 22:33:57.313, 300.95, 100, 74232, 70
2026/07/29 22:33:58.351, 304.26, 100, 74232, 70
2026/07/29 22:33:59.390, 303.46, 100, 74232, 70
2026/07/29 22:34:00.427, 303.55, 100, 74232, 70
2026/07/29 22:34:01.465, 303.78, 100, 74232, 70
2026/07/29 22:34:02.502, 297.76, 100, 74232, 70
2026/07/29 22:34:03.540, 297.84, 100, 74232, 70
2026/07/29 22:34:04.578, 293.84, 100, 74232, 70
2026/07/29 22:34:05.616, 300.83, 100, 74232, 70
2026/07/29 22:34:06.654, 292.27, 100, 74232, 70
2026/07/29 22:34:07.692, 293.36, 100, 74232, 70
2026/07/29 22:34:08.731, 299.31, 100, 74232, 70
2026/07/29 22:34:09.768, 295.20, 100, 74232, 70
2026/07/29 22:34:10.807, 300.17, 100, 74232, 70
2026/07/29 22:34:11.844, 299.10, 100, 74232, 70
2026/07/29 22:34:12.882, 300.57, 100, 74232, 70
2026/07/29 22:34:13.922, 303.29, 100, 74232, 70
2026/07/29 22:34:14.960, 298.60, 100, 74232, 70
2026/07/29 22:34:16.000, 301.14, 100, 74232, 70
2026/07/29 22:34:17.037, 299.59, 100, 74232, 70
2026/07/29 22:34:18.075, 300.85, 100, 74232, 70
2026/07/29 22:34:19.112, 300.74, 100, 74232, 70
2026/07/29 22:34:20.150, 302.00, 100, 74232, 70
2026/07/29 22:34:21.192, 302.41, 100, 74232, 70
2026/07/29 22:34:22.230, 293.24, 100, 74232, 70
2026/07/29 22:34:23.267, 291.68, 100, 74232, 70
2026/07/29 22:34:24.306, 295.69, 100, 74232, 70
2026/07/29 22:34:25.342, 294.70, 100, 74232, 70
2026/07/29 22:34:26.378, 300.73, 100, 74232, 70
2026/07/29 22:34:27.417, 302.31, 100, 74232, 70
2026/07/29 22:34:28.457, 296.18, 100, 74232, 70
2026/07/29 22:34:29.493, 301.05, 100, 74232, 70
2026/07/29 22:34:30.529, 296.56, 100, 74232, 70
2026/07/29 22:34:31.569, 296.26, 100, 74232, 70
2026/07/29 22:34:32.606, 297.64, 100, 74232, 70
2026/07/29 22:34:33.644, 303.88, 100, 74232, 70
2026/07/29 22:34:34.682, 301.52, 100, 74232, 70
2026/07/29 22:34:35.720, 302.85, 100, 74232, 70
2026/07/29 22:34:36.759, 300.93, 100, 74232, 70
2026/07/29 22:34:37.797, 303.30, 100, 74232, 70
2026/07/29 22:34:38.834, 294.22, 100, 74232, 70
2026/07/29 22:34:39.872, 301.65, 100, 74232, 70
2026/07/29 22:34:40.910, 295.30, 89, 74232, 72
2026/07/29 22:34:41.945, 298.40, 100, 74232, 72
2026/07/29 22:34:42.981, 287.72, 100, 74232, 72
2026/07/29 22:34:44.016, 306.69, 100, 74232, 72
2026/07/29 22:34:45.052, 296.43, 100, 74232, 72
2026/07/29 22:34:46.090, 287.17, 100, 74232, 72
2026/07/29 22:34:47.129, 304.37, 100, 74232, 70
2026/07/29 22:34:48.166, 302.04, 100, 74232, 70
2026/07/29 22:34:49.204, 304.04, 100, 74232, 70
2026/07/29 22:34:50.242, 303.48, 100, 74232, 70
2026/07/29 22:34:51.279, 298.02, 100, 74232, 70
2026/07/29 22:34:52.316, 302.12, 100, 74232, 70
2026/07/29 22:34:53.353, 304.33, 100, 74232, 70
2026/07/29 22:34:54.389, 302.13, 100, 74232, 70
2026/07/29 22:34:55.427, 304.05, 100, 74232, 70
2026/07/29 22:34:56.464, 304.72, 100, 74232, 70
2026/07/29 22:34:57.501, 294.71, 100, 74232, 72
2026/07/29 22:34:58.536, 300.44, 100, 74232, 72
2026/07/29 22:34:59.574, 313.66, 100, 74232, 72
2026/07/29 22:35:00.607, 289.64, 100, 74232, 72
2026/07/29 22:35:01.641, 289.89, 100, 74232, 72
2026/07/29 22:35:02.676, 320.51, 100, 74232, 72
2026/07/29 22:35:03.715, 300.65, 100, 74232, 70
2026/07/29 22:35:04.752, 301.72, 100, 74232, 70
2026/07/29 22:35:05.788, 297.03, 100, 74232, 70
2026/07/29 22:35:06.825, 289.64, 100, 74232, 70
2026/07/29 22:35:07.863, 301.16, 100, 74232, 70
2026/07/29 22:35:08.901, 300.85, 100, 74232, 71
2026/07/29 22:35:09.939, 297.92, 100, 74232, 71
2026/07/29 22:35:10.977, 307.82, 100, 74232, 71
2026/07/29 22:35:12.014, 299.88, 100, 74232, 72
2026/07/29 22:35:13.049, 299.79, 100, 74232, 72
2026/07/29 22:35:14.083, 307.46, 100, 74232, 72
2026/07/29 22:35:15.116, 292.84, 100, 74232, 72
2026/07/29 22:35:16.150, 286.15, 100, 74232, 72
2026/07/29 22:35:17.188, 286.75, 100, 74232, 72
2026/07/29 22:35:18.226, 284.30, 100, 74232, 73
2026/07/29 22:35:19.263, 305.02, 100, 74232, 71
2026/07/29 22:35:20.303, 301.39, 100, 74232, 71
2026/07/29 22:35:21.340, 300.46, 100, 74232, 71
2026/07/29 22:35:22.378, 301.11, 100, 74232, 71
2026/07/29 22:35:23.415, 96.86, 0, 74232, 68
2026/07/29 22:35:24.449, 290.16, 100, 74232, 72
2026/07/29 22:35:25.484, 290.93, 100, 74232, 72
2026/07/29 22:35:26.520, 285.75, 100, 74232, 72
2026/07/29 22:35:27.557, 295.59, 100, 74232, 72
2026/07/29 22:35:28.602, 300.10, 100, 74232, 73
2026/07/29 22:35:29.635, 310.65, 100, 74232, 72
2026/07/29 22:35:30.669, 309.11, 100, 74232, 72
2026/07/29 22:35:31.704, 281.55, 100, 74232, 70
2026/07/29 22:35:32.744, 286.65, 100, 74232, 71
2026/07/29 22:35:33.781, 289.95, 100, 74232, 71
2026/07/29 22:35:34.820, 293.87, 100, 74232, 71
2026/07/29 22:35:35.858, 302.19, 100, 74232, 71
2026/07/29 22:35:36.896, 296.00, 100, 74232, 71
2026/07/29 22:35:37.933, 303.77, 100, 74232, 71
2026/07/29 22:35:38.969, 300.47, 100, 74232, 71
2026/07/29 22:35:40.007, 302.89, 100, 74232, 71
2026/07/29 22:35:41.044, 302.11, 100, 74232, 71
2026/07/29 22:35:42.082, 304.96, 100, 74232, 71
2026/07/29 22:35:43.118, 305.53, 100, 74232, 71
2026/07/29 22:35:44.155, 302.80, 100, 74232, 71
2026/07/29 22:35:45.192, 297.14, 100, 74232, 71
2026/07/29 22:35:46.230, 304.17, 100, 74232, 71
2026/07/29 22:35:47.266, 297.75, 100, 74232, 71
2026/07/29 22:35:48.304, 297.24, 100, 74232, 71
2026/07/29 22:35:49.340, 293.45, 100, 74232, 71
2026/07/29 22:35:50.378, 303.55, 100, 74232, 71
2026/07/29 22:35:51.414, 299.58, 100, 74232, 71
2026/07/29 22:35:52.452, 295.59, 100, 74232, 71
2026/07/29 22:35:53.489, 295.48, 100, 74232, 70
2026/07/29 22:35:54.529, 301.24, 100, 74232, 71
2026/07/29 22:35:55.567, 298.22, 100, 74232, 70
2026/07/29 22:35:56.606, 297.74, 100, 74232, 70
2026/07/29 22:35:57.644, 296.85, 100, 74232, 70
2026/07/29 22:35:58.683, 301.81, 100, 74232, 70
2026/07/29 22:35:59.721, 304.15, 100, 74232, 70
2026/07/29 22:36:00.758, 300.55, 100, 74232, 70
2026/07/29 22:36:01.796, 292.27, 100, 74232, 70
2026/07/29 22:36:02.834, 298.01, 100, 74232, 70
2026/07/29 22:36:03.874, 306.60, 100, 74232, 70
2026/07/29 22:36:04.911, 295.42, 100, 74232, 70
2026/07/29 22:36:05.949, 300.17, 100, 74232, 70
2026/07/29 22:36:06.986, 290.83, 100, 74232, 70
2026/07/29 22:36:08.023, 294.51, 100, 74232, 70
2026/07/29 22:36:09.062, 296.07, 100, 74232, 70
2026/07/29 22:36:10.099, 298.79, 100, 74232, 70
2026/07/29 22:36:11.136, 301.31, 100, 74232, 70
2026/07/29 22:36:12.173, 301.05, 100, 74232, 70
2026/07/29 22:36:13.213, 302.70, 100, 74232, 70
2026/07/29 22:36:14.252, 298.79, 100, 74232, 70
2026/07/29 22:36:15.289, 301.99, 100, 74232, 70
2026/07/29 22:36:16.327, 302.21, 100, 74232, 70
2026/07/29 22:36:17.363, 299.29, 100, 74232, 70
2026/07/29 22:36:18.400, 303.18, 100, 74232, 70
2026/07/29 22:36:19.439, 305.83, 100, 74232, 70
2026/07/29 22:36:20.480, 297.83, 100, 74232, 70
2026/07/29 22:36:21.520, 297.85, 100, 74232, 70
2026/07/29 22:36:22.559, 288.86, 100, 74232, 70
2026/07/29 22:36:23.596, 300.64, 100, 74232, 70
2026/07/29 22:36:24.633, 299.76, 100, 74232, 70
2026/07/29 22:36:25.672, 295.02, 100, 74232, 70
2026/07/29 22:36:26.708, 294.50, 100, 74232, 70
2026/07/29 22:36:27.748, 296.09, 100, 74232, 70
2026/07/29 22:36:28.784, 303.67, 100, 74232, 70
2026/07/29 22:36:29.821, 302.30, 100, 74232, 70
2026/07/29 22:36:30.859, 302.98, 100, 74232, 70
2026/07/29 22:36:31.895, 303.20, 100, 74232, 70
2026/07/29 22:36:32.935, 297.73, 100, 74232, 70
2026/07/29 22:36:33.975, 304.33, 100, 74232, 70
2026/07/29 22:36:35.013, 293.92, 100, 74232, 70
2026/07/29 22:36:36.053, 296.46, 100, 74232, 70
2026/07/29 22:36:37.090, 295.41, 100, 74232, 70
2026/07/29 22:36:38.127, 296.68, 100, 74232, 70
2026/07/29 22:36:39.167, 303.55, 100, 74232, 70
2026/07/29 22:36:40.204, 299.00, 100, 74232, 70
2026/07/29 22:36:41.244, 306.48, 100, 74232, 70
2026/07/29 22:36:42.282, 299.58, 100, 74232, 70
2026/07/29 22:36:43.321, 295.18, 100, 74232, 70
2026/07/29 22:36:44.359, 297.63, 100, 74232, 70
2026/07/29 22:36:45.396, 299.76, 100, 74232, 70
2026/07/29 22:36:46.435, 301.79, 100, 74232, 70
2026/07/29 22:36:47.473, 291.69, 100, 74232, 70
2026/07/29 22:36:48.511, 292.77, 100, 74232, 70
2026/07/29 22:36:49.548, 290.31, 100, 74232, 70
2026/07/29 22:36:50.587, 291.78, 100, 74232, 70
2026/07/29 22:36:51.624, 298.33, 100, 74232, 70
2026/07/29 22:36:52.662, 293.26, 100, 74232, 70
2026/07/29 22:36:53.700, 293.44, 100, 74232, 70
2026/07/29 22:36:54.738, 297.83, 100, 74232, 70
2026/07/29 22:36:55.775, 294.02, 100, 74232, 70
2026/07/29 22:36:56.812, 292.66, 100, 74232, 70
2026/07/29 22:36:57.850, 299.69, 100, 74232, 70
2026/07/29 22:36:58.888, 297.47, 100, 74232, 70
2026/07/29 22:36:59.928, 298.89, 100, 74232, 70
2026/07/29 22:37:00.966, 303.87, 100, 74232, 70
2026/07/29 22:37:02.003, 296.40, 100, 74232, 70
2026/07/29 22:37:03.041, 298.40, 100, 74232, 70
2026/07/29 22:37:04.078, 304.33, 100, 74232, 70
2026/07/29 22:37:05.115, 304.08, 100, 74232, 70
2026/07/29 22:37:06.152, 298.03, 100, 74232, 70
2026/07/29 22:37:07.191, 303.60, 100, 74232, 70
2026/07/29 22:37:08.227, 303.37, 100, 74232, 70
2026/07/29 22:37:09.264, 303.10, 100, 74232, 70
2026/07/29 22:37:10.301, 299.10, 100, 74232, 70
2026/07/29 22:37:11.338, 301.71, 100, 74232, 70
2026/07/29 22:37:12.375, 302.51, 100, 74232, 70
2026/07/29 22:37:13.415, 304.19, 100, 74232, 70
2026/07/29 22:37:14.453, 301.83, 100, 74232, 70
2026/07/29 22:37:15.491, 302.22, 100, 74232, 70
2026/07/29 22:37:16.528, 305.15, 100, 74232, 70
2026/07/29 22:37:17.565, 301.25, 100, 74232, 70
2026/07/29 22:37:18.603, 308.21, 56, 74232, 71
2026/07/29 22:37:19.638, 295.08, 100, 74232, 71
2026/07/29 22:37:20.674, 300.72, 100, 74232, 71
2026/07/29 22:37:21.710, 301.80, 100, 74232, 71
2026/07/29 22:37:22.745, 295.75, 100, 74232, 72
2026/07/29 22:37:23.779, 298.99, 100, 74232, 71
2026/07/29 22:37:24.816, 247.50, 100, 74232, 70
2026/07/29 22:37:25.857, 286.81, 100, 74232, 69
2026/07/29 22:37:26.896, 296.08, 100, 74232, 70
2026/07/29 22:37:27.935, 295.97, 100, 74232, 70
2026/07/29 22:37:28.972, 99.17, 85, 74232, 71
2026/07/29 22:37:30.006, 298.31, 100, 74232, 71
2026/07/29 22:37:31.047, 289.47, 100, 74232, 72
2026/07/29 22:37:32.082, 303.06, 100, 74232, 72
2026/07/29 22:37:33.118, 301.18, 100, 74232, 72
2026/07/29 22:37:34.159, 299.35, 100, 74232, 72
2026/07/29 22:37:35.195, 284.95, 100, 74232, 72
2026/07/29 22:37:36.232, 304.40, 100, 74232, 70
2026/07/29 22:37:37.271, 295.79, 100, 74232, 70
2026/07/29 22:37:38.309, 304.92, 100, 74232, 70
2026/07/29 22:37:39.346, 305.04, 100, 74232, 70
2026/07/29 22:37:40.386, 303.29, 100, 74232, 70
2026/07/29 22:37:41.423, 304.56, 100, 74232, 71
2026/07/29 22:37:42.461, 299.32, 100, 74232, 71
2026/07/29 22:37:43.499, 295.23, 100, 74232, 71
2026/07/29 22:37:44.547, 304.74, 100, 74232, 71
2026/07/29 22:37:45.587, 298.73, 100, 74232, 70
2026/07/29 22:37:46.620, 299.58, 93, 74232, 72
2026/07/29 22:37:47.655, 296.29, 100, 74232, 72
2026/07/29 22:37:48.691, 283.66, 100, 74232, 72
2026/07/29 22:37:49.726, 289.64, 100, 74232, 72
2026/07/29 22:37:50.762, 300.14, 100, 74232, 72
2026/07/29 22:37:51.799, 295.84, 100, 74232, 72
2026/07/29 22:37:52.839, 302.98, 100, 74232, 72
2026/07/29 22:37:53.874, 304.34, 100, 74232, 70
2026/07/29 22:37:54.913, 300.61, 100, 74232, 70
2026/07/29 22:37:55.950, 304.21, 100, 74232, 70
2026/07/29 22:37:56.990, 303.86, 100, 74232, 71
2026/07/29 22:37:58.027, 304.64, 100, 74232, 71
2026/07/29 22:37:59.065, 296.55, 100, 74232, 71
2026/07/29 22:38:00.103, 302.02, 100, 74232, 71
2026/07/29 22:38:01.140, 292.27, 100, 74232, 72
2026/07/29 22:38:02.177, 298.99, 100, 74232, 72
2026/07/29 22:38:03.213, 307.06, 100, 74232, 73
2026/07/29 22:38:04.248, 288.61, 100, 74232, 72
2026/07/29 22:38:05.285, 286.18, 100, 74232, 72
2026/07/29 22:38:06.321, 307.75, 100, 74232, 73
2026/07/29 22:38:07.358, 291.03, 100, 74232, 72
2026/07/29 22:38:08.394, 303.66, 100, 74232, 71
2026/07/29 22:38:09.431, 303.64, 100, 74232, 71
2026/07/29 22:38:10.469, 301.69, 100, 74232, 71
2026/07/29 22:38:11.506, 96.60, 0, 74232, 67
2026/07/29 22:38:12.538, 304.70, 100, 74232, 70
2026/07/29 22:38:13.575, 305.16, 100, 74232, 71
2026/07/29 22:38:14.612, 304.54, 100, 74232, 71
2026/07/29 22:38:15.648, 297.36, 100, 74232, 71
2026/07/29 22:38:16.684, 301.55, 100, 74232, 71
2026/07/29 22:38:17.720, 303.45, 100, 74232, 71
2026/07/29 22:38:18.757, 302.48, 100, 74232, 71
2026/07/29 22:38:19.793, 302.52, 100, 74232, 71
2026/07/29 22:38:20.831, 303.28, 100, 74232, 71
2026/07/29 22:38:21.867, 302.42, 100, 74232, 71
2026/07/29 22:38:22.907, 304.54, 100, 74232, 71
2026/07/29 22:38:23.947, 302.67, 100, 74232, 71
2026/07/29 22:38:24.985, 301.33, 100, 74232, 71
2026/07/29 22:38:26.024, 302.40, 100, 74232, 71
2026/07/29 22:38:27.062, 291.78, 100, 74232, 71
2026/07/29 22:38:28.103, 293.56, 100, 74232, 70
2026/07/29 22:38:29.141, 290.84, 100, 74232, 70
2026/07/29 22:38:30.179, 297.17, 100, 74232, 70
2026/07/29 22:38:31.218, 297.15, 100, 74232, 70
2026/07/29 22:38:32.256, 293.07, 100, 74232, 70
2026/07/29 22:38:33.298, 298.79, 100, 74232, 70
2026/07/29 22:38:34.335, 302.38, 100, 74232, 70
2026/07/29 22:38:35.373, 295.01, 100, 74232, 70
2026/07/29 22:38:36.410, 296.48, 100, 74232, 70
2026/07/29 22:38:37.447, 303.27, 100, 74232, 70
2026/07/29 22:38:38.486, 304.26, 100, 74232, 70
2026/07/29 22:38:39.523, 302.70, 100, 74232, 70
2026/07/29 22:38:40.561, 305.14, 100, 74232, 70
2026/07/29 22:38:41.598, 303.41, 100, 74232, 70
2026/07/29 22:38:42.637, 303.35, 100, 74232, 70
2026/07/29 22:38:43.675, 297.55, 100, 74232, 70
2026/07/29 22:38:44.712, 305.12, 100, 74232, 70
2026/07/29 22:38:45.751, 299.97, 100, 74232, 70
2026/07/29 22:38:46.788, 303.24, 100, 74232, 70
2026/07/29 22:38:47.826, 293.93, 100, 74232, 70
2026/07/29 22:38:48.865, 302.52, 100, 74232, 70
2026/07/29 22:38:49.904, 302.02, 100, 74232, 70
2026/07/29 22:38:50.942, 298.42, 100, 74232, 70
2026/07/29 22:38:51.980, 303.30, 100, 74232, 70
2026/07/29 22:38:53.018, 304.70, 100, 74232, 70
2026/07/29 22:38:54.055, 298.90, 100, 74232, 70
2026/07/29 22:38:55.092, 302.49, 100, 74232, 70
2026/07/29 22:38:56.131, 291.22, 100, 74232, 70
2026/07/29 22:38:57.168, 299.19, 100, 74232, 70
2026/07/29 22:38:58.207, 291.02, 100, 74232, 70
2026/07/29 22:38:59.245, 292.09, 100, 74232, 70
2026/07/29 22:39:00.287, 302.01, 100, 74232, 70
2026/07/29 22:39:01.324, 291.00, 100, 74232, 70
2026/07/29 22:39:02.362, 294.02, 100, 74232, 70
2026/07/29 22:39:03.400, 295.78, 100, 74232, 70
2026/07/29 22:39:04.438, 294.05, 100, 74232, 70
2026/07/29 22:39:05.476, 295.69, 100, 74232, 70
2026/07/29 22:39:06.515, 295.59, 100, 74232, 70
2026/07/29 22:39:07.551, 301.13, 100, 74232, 70
2026/07/29 22:39:08.589, 306.17, 100, 74232, 70
2026/07/29 22:39:09.626, 301.90, 100, 74232, 70
2026/07/29 22:39:10.664, 302.12, 100, 74232, 70
2026/07/29 22:39:11.701, 302.32, 100, 74232, 70
2026/07/29 22:39:12.740, 299.81, 100, 74232, 70
2026/07/29 22:39:13.777, 300.84, 100, 74232, 70
2026/07/29 22:39:14.814, 299.18, 100, 74232, 70
2026/07/29 22:39:15.851, 302.22, 100, 74232, 70
2026/07/29 22:39:16.888, 301.44, 100, 74232, 70
2026/07/29 22:39:17.926, 301.14, 100, 74232, 70
2026/07/29 22:39:18.963, 302.49, 100, 74232, 70
2026/07/29 22:39:20.000, 301.62, 100, 74232, 70
2026/07/29 22:39:21.037, 301.44, 100, 74232, 70
2026/07/29 22:39:22.075, 294.54, 100, 74232, 70
2026/07/29 22:39:23.113, 303.89, 100, 74232, 70
2026/07/29 22:39:24.151, 303.20, 100, 74232, 70
2026/07/29 22:39:25.187, 301.65, 100, 74232, 70
2026/07/29 22:39:26.225, 302.96, 100, 74232, 70
2026/07/29 22:39:27.263, 303.17, 100, 74232, 70
2026/07/29 22:39:28.301, 303.29, 100, 74232, 70
2026/07/29 22:39:29.340, 302.48, 100, 74232, 70
2026/07/29 22:39:30.380, 301.55, 100, 74232, 70
2026/07/29 22:39:31.419, 294.05, 100, 74232, 70
2026/07/29 22:39:32.456, 293.62, 100, 74232, 70
2026/07/29 22:39:33.493, 300.57, 100, 74232, 70
2026/07/29 22:39:34.531, 302.32, 100, 74232, 70
2026/07/29 22:39:35.570, 300.16, 100, 74232, 70
2026/07/29 22:39:36.608, 294.43, 100, 74232, 70
2026/07/29 22:39:37.648, 291.40, 100, 74232, 70
2026/07/29 22:39:38.686, 295.50, 100, 74232, 70
2026/07/29 22:39:39.723, 302.22, 100, 74232, 70
2026/07/29 22:39:40.761, 296.37, 100, 74232, 70
2026/07/29 22:39:41.798, 298.12, 100, 74232, 70
2026/07/29 22:39:42.837, 298.93, 100, 74232, 71
2026/07/29 22:39:43.873, 289.17, 100, 74232, 71
2026/07/29 22:39:44.909, 310.77, 100, 74232, 71
2026/07/29 22:39:45.946, 310.21, 100, 74232, 71
2026/07/29 22:39:46.982, 310.91, 100, 74232, 71
2026/07/29 22:39:48.021, 319.31, 100, 74232, 71
2026/07/29 22:39:49.057, 298.07, 100, 74232, 70
2026/07/29 22:39:50.101, 301.92, 100, 74232, 70
2026/07/29 22:39:51.139, 293.05, 100, 74232, 70
2026/07/29 22:39:52.176, 306.26, 77, 74232, 71
2026/07/29 22:39:53.213, 286.31, 100, 74232, 71
2026/07/29 22:39:54.248, 292.69, 100, 74232, 71
2026/07/29 22:39:55.284, 307.11, 100, 74232, 72
2026/07/29 22:39:56.319, 307.31, 100, 74232, 72
2026/07/29 22:39:57.356, 302.12, 100, 74232, 72
2026/07/29 22:39:58.395, 300.37, 100, 74232, 70
2026/07/29 22:39:59.432, 302.79, 100, 74232, 70
2026/07/29 22:40:00.470, 303.09, 100, 74232, 70
2026/07/29 22:40:01.512, 302.58, 100, 74232, 70
2026/07/29 22:40:02.550, 298.31, 100, 74232, 70
2026/07/29 22:40:03.588, 293.17, 100, 74232, 70
2026/07/29 22:40:04.632, 293.46, 100, 74232, 70
2026/07/29 22:40:05.670, 297.45, 100, 74232, 70
2026/07/29 22:40:06.709, 294.52, 100, 74232, 70
2026/07/29 22:40:07.752, 297.44, 58, 74232, 71
2026/07/29 22:40:08.787, 303.96, 100, 74232, 72
2026/07/29 22:40:09.824, 301.89, 100, 74232, 72
2026/07/29 22:40:10.862, 298.61, 100, 74232, 72
2026/07/29 22:40:11.899, 308.08, 100, 74232, 71
2026/07/29 22:40:12.942, 264.08, 100, 74232, 72
2026/07/29 22:40:13.977, 303.29, 100, 74232, 70
2026/07/29 22:40:15.015, 299.46, 100, 74232, 70
2026/07/29 22:40:16.053, 298.42, 100, 74232, 70
2026/07/29 22:40:17.092, 296.67, 100, 74232, 70
2026/07/29 22:40:18.136, 169.06, 61, 74232, 71
2026/07/29 22:40:19.172, 300.08, 100, 74232, 72
2026/07/29 22:40:20.208, 299.30, 100, 74232, 72
2026/07/29 22:40:21.244, 280.87, 100, 74232, 72
2026/07/29 22:40:22.279, 279.67, 100, 74232, 72
2026/07/29 22:40:23.314, 298.69, 100, 74232, 72
2026/07/29 22:40:24.350, 286.69, 100, 74232, 72
2026/07/29 22:40:25.393, 303.48, 100, 74232, 70
2026/07/29 22:40:26.431, 303.74, 100, 74232, 71
2026/07/29 22:40:27.469, 305.78, 100, 74232, 71
2026/07/29 22:40:28.516, 299.88, 100, 74232, 71
2026/07/29 22:40:29.555, 302.24, 100, 74232, 72
2026/07/29 22:40:30.590, 281.75, 100, 74232, 72
2026/07/29 22:40:31.625, 276.05, 100, 74232, 73
2026/07/29 22:40:32.669, 282.69, 100, 74232, 72
2026/07/29 22:40:33.705, 310.87, 100, 74232, 73
2026/07/29 22:40:34.740, 308.79, 100, 74232, 72
2026/07/29 22:40:35.776, 318.54, 100, 74232, 71
2026/07/29 22:40:36.818, 291.50, 100, 74232, 71
2026/07/29 22:40:37.856, 290.24, 100, 74232, 71
2026/07/29 22:40:38.893, 292.27, 100, 74232, 71
2026/07/29 22:40:39.932, 297.54, 100, 74232, 71
2026/07/29 22:40:40.969, 297.55, 100, 74232, 71
2026/07/29 22:40:42.008, 299.29, 100, 74232, 71
2026/07/29 22:40:43.046, 295.39, 100, 74232, 71
2026/07/29 22:40:44.083, 303.76, 100, 74232, 71
2026/07/29 22:40:45.120, 305.15, 100, 74232, 71
2026/07/29 22:40:46.162, 299.20, 100, 74232, 71
2026/07/29 22:40:47.203, 298.32, 100, 74232, 71
2026/07/29 22:40:48.240, 294.91, 100, 74232, 71
2026/07/29 22:40:49.278, 298.11, 100, 74232, 71
2026/07/29 22:40:50.315, 305.42, 100, 74232, 71
2026/07/29 22:40:51.354, 298.52, 100, 74232, 71
2026/07/29 22:40:52.392, 296.07, 100, 74232, 71
2026/07/29 22:40:53.430, 292.08, 100, 74232, 71
2026/07/29 22:40:54.468, 290.63, 100, 74232, 71
2026/07/29 22:40:55.505, 298.06, 100, 74232, 71
2026/07/29 22:40:56.545, 299.48, 100, 74232, 71
2026/07/29 22:40:57.584, 295.69, 100, 74232, 71
2026/07/29 22:40:58.621, 297.55, 100, 74232, 71
2026/07/29 22:40:59.658, 95.82, 0, 74232, 68
2026/07/29 22:41:00.691, 303.47, 100, 74232, 72
2026/07/29 22:41:01.728, 298.89, 100, 74232, 70
2026/07/29 22:41:02.766, 302.02, 100, 74232, 70
2026/07/29 22:41:03.803, 295.21, 100, 74232, 70
2026/07/29 22:41:04.839, 295.50, 100, 74232, 70
2026/07/29 22:41:05.877, 293.57, 100, 74232, 70
2026/07/29 22:41:06.919, 291.68, 100, 74232, 70
2026/07/29 22:41:07.959, 300.90, 100, 74232, 70
2026/07/29 22:41:08.997, 302.21, 100, 74232, 70
2026/07/29 22:41:10.034, 296.08, 100, 74232, 70
2026/07/29 22:41:11.073, 294.91, 100, 74232, 70
2026/07/29 22:41:12.110, 295.41, 100, 74232, 70
2026/07/29 22:41:13.148, 303.27, 100, 74232, 70
2026/07/29 22:41:14.185, 302.39, 100, 74232, 70
2026/07/29 22:41:15.222, 304.57, 100, 74232, 70
2026/07/29 22:41:16.259, 303.59, 100, 74232, 70
2026/07/29 22:41:17.297, 300.76, 100, 74232, 70
2026/07/29 22:41:18.335, 307.44, 100, 74232, 70
2026/07/29 22:41:19.373, 295.77, 100, 74232, 70
2026/07/29 22:41:20.410, 294.82, 100, 74232, 70
2026/07/29 22:41:21.447, 298.51, 100, 74232, 70
2026/07/29 22:41:22.485, 297.91, 100, 74232, 70
2026/07/29 22:41:23.523, 292.37, 100, 74232, 70
2026/07/29 22:41:24.560, 296.86, 100, 74232, 70
2026/07/29 22:41:25.598, 295.59, 100, 74232, 70
2026/07/29 22:41:26.637, 301.64, 100, 74232, 70
2026/07/29 22:41:27.675, 302.51, 100, 74232, 70
2026/07/29 22:41:28.712, 295.31, 100, 74232, 70
2026/07/29 22:41:29.750, 297.55, 100, 74232, 70
2026/07/29 22:41:30.788, 299.87, 100, 74232, 70
2026/07/29 22:41:31.831, 304.37, 100, 74232, 70
2026/07/29 22:41:32.871, 299.37, 100, 74232, 70
2026/07/29 22:41:33.909, 307.76, 100, 74232, 70
2026/07/29 22:41:34.948, 292.56, 100, 74232, 70
2026/07/29 22:41:35.986, 300.26, 100, 74232, 70
2026/07/29 22:41:37.023, 300.76, 100, 74232, 70
2026/07/29 22:41:38.061, 296.56, 100, 74232, 70
2026/07/29 22:41:39.099, 302.52, 100, 74232, 70
2026/07/29 22:41:40.139, 298.61, 100, 74232, 70
2026/07/29 22:41:41.177, 295.32, 100, 74232, 70
2026/07/29 22:41:42.214, 296.37, 100, 74232, 70
2026/07/29 22:41:43.251, 296.07, 100, 74232, 70
2026/07/29 22:41:44.289, 295.01, 100, 74232, 70
2026/07/29 22:41:45.328, 296.95, 100, 74232, 70
2026/07/29 22:41:46.367, 295.69, 100, 74232, 70
2026/07/29 22:41:47.405, 297.26, 100, 74232, 70
2026/07/29 22:41:48.441, 296.84, 100, 74232, 70
2026/07/29 22:41:49.478, 297.64, 100, 74232, 70
2026/07/29 22:41:50.515, 295.79, 100, 74232, 70
2026/07/29 22:41:51.555, 299.70, 100, 74232, 70
2026/07/29 22:41:52.594, 302.01, 100, 74232, 70
2026/07/29 22:41:53.631, 291.70, 100, 74232, 70
2026/07/29 22:41:54.671, 291.80, 100, 74232, 70
2026/07/29 22:41:55.708, 291.80, 100, 74232, 70
2026/07/29 22:41:56.747, 298.00, 100, 74232, 70
2026/07/29 22:41:57.785, 298.89, 100, 74232, 70
2026/07/29 22:41:58.823, 295.30, 100, 74232, 70
2026/07/29 22:41:59.864, 301.13, 100, 74232, 70
2026/07/29 22:42:00.902, 296.36, 100, 74232, 70
2026/07/29 22:42:01.939, 297.55, 100, 74232, 70
2026/07/29 22:42:02.977, 296.17, 100, 74232, 70
2026/07/29 22:42:04.015, 302.23, 100, 74232, 70
2026/07/29 22:42:05.053, 298.91, 100, 74232, 70
2026/07/29 22:42:06.091, 301.94, 100, 74232, 70
2026/07/29 22:42:07.130, 301.93, 100, 74232, 70
2026/07/29 22:42:08.166, 303.67, 100, 74232, 70
2026/07/29 22:42:09.205, 298.42, 100, 74232, 70
2026/07/29 22:42:10.242, 303.48, 100, 74232, 70
2026/07/29 22:42:11.281, 302.98, 100, 74232, 70
2026/07/29 22:42:12.319, 298.87, 100, 74232, 70
2026/07/29 22:42:13.356, 302.52, 100, 74232, 70
2026/07/29 22:42:14.393, 298.41, 100, 74232, 70
2026/07/29 22:42:15.430, 297.45, 100, 74232, 70
2026/07/29 22:42:16.467, 295.59, 100, 74232, 70
2026/07/29 22:42:17.508, 298.65, 100, 74232, 70
2026/07/29 22:42:18.545, 293.45, 100, 74232, 70
2026/07/29 22:42:19.583, 295.58, 100, 74232, 70
2026/07/29 22:42:20.621, 299.96, 100, 74232, 70
2026/07/29 22:42:21.659, 291.88, 100, 74232, 70
2026/07/29 22:42:22.699, 299.70, 100, 74232, 70
2026/07/29 22:42:23.736, 303.79, 100, 74232, 70
2026/07/29 22:42:24.774, 305.70, 100, 74232, 70
2026/07/29 22:42:25.811, 298.90, 100, 74232, 70
2026/07/29 22:42:26.848, 302.20, 100, 74232, 70
2026/07/29 22:42:27.886, 304.15, 100, 74232, 70
2026/07/29 22:42:28.923, 303.65, 100, 74232, 70
2026/07/29 22:42:29.970, 296.76, 100, 74232, 70
2026/07/29 22:42:31.009, 303.98, 100, 74232, 70
2026/07/29 22:42:32.048, 303.31, 100, 74232, 70
2026/07/29 22:42:33.086, 298.40, 100, 74232, 70
2026/07/29 22:42:34.124, 295.89, 100, 74232, 70
2026/07/29 22:42:35.161, 297.35, 100, 74232, 70
2026/07/29 22:42:36.197, 301.84, 100, 74232, 70
2026/07/29 22:42:37.235, 302.59, 100, 74232, 70
2026/07/29 22:42:38.273, 302.88, 100, 74232, 70
2026/07/29 22:42:39.311, 297.46, 100, 74232, 70
2026/07/29 22:42:40.350, 299.97, 100, 74232, 70
2026/07/29 22:42:41.388, 299.31, 100, 74232, 72
2026/07/29 22:42:42.425, 290.07, 100, 74232, 72
2026/07/29 22:42:43.459, 312.65, 100, 74232, 72
2026/07/29 22:42:44.495, 310.32, 100, 74232, 72
2026/07/29 22:42:45.532, 268.80, 100, 74232, 72
2026/07/29 22:42:46.568, 305.87, 100, 74232, 72
2026/07/29 22:42:47.605, 305.96, 100, 74232, 70
2026/07/29 22:42:48.642, 302.79, 100, 74232, 70
2026/07/29 22:42:49.680, 304.36, 100, 74232, 70
2026/07/29 22:42:50.718, 304.86, 100, 74232, 70
2026/07/29 22:42:51.756, 301.15, 100, 74232, 70
2026/07/29 22:42:52.795, 293.07, 100, 74232, 72
2026/07/29 22:42:53.832, 294.02, 100, 74232, 72
2026/07/29 22:42:54.869, 318.96, 100, 74232, 72
2026/07/29 22:42:55.905, 301.10, 100, 74232, 72
2026/07/29 22:42:56.942, 306.90, 100, 74232, 72
2026/07/29 22:42:57.980, 313.67, 100, 74232, 73
2026/07/29 22:42:59.016, 298.41, 100, 74232, 71
2026/07/29 22:43:00.052, 292.95, 100, 74232, 70
2026/07/29 22:43:01.090, 297.43, 100, 74232, 71
2026/07/29 22:43:02.131, 298.33, 100, 74232, 71
2026/07/29 22:43:03.167, 295.79, 100, 74232, 71
2026/07/29 22:43:04.204, 305.02, 100, 74232, 71
2026/07/29 22:43:05.241, 298.60, 100, 74232, 71
2026/07/29 22:43:06.281, 294.99, 100, 74232, 71
2026/07/29 22:43:07.318, 298.12, 100, 74232, 71
2026/07/29 22:43:08.355, 297.42, 100, 74232, 71
2026/07/29 22:43:09.392, 299.97, 100, 74232, 71
2026/07/29 22:43:10.429, 297.35, 100, 74232, 71
2026/07/29 22:43:11.466, 296.87, 100, 74232, 71
2026/07/29 22:43:12.503, 298.81, 100, 74232, 71
2026/07/29 22:43:13.540, 295.87, 100, 74232, 71
2026/07/29 22:43:14.578, 296.47, 100, 74232, 71
2026/07/29 22:43:15.616, 298.90, 100, 74232, 71
2026/07/29 22:43:16.654, 296.98, 100, 74232, 71
2026/07/29 22:43:17.692, 304.61, 100, 74232, 71
2026/07/29 22:43:18.729, 301.30, 100, 74232, 71
2026/07/29 22:43:19.767, 310.44, 100, 74232, 71
2026/07/29 22:43:20.804, 304.07, 100, 74232, 71
2026/07/29 22:43:21.842, 297.43, 100, 74232, 71
2026/07/29 22:43:22.880, 308.94, 100, 74232, 71
2026/07/29 22:43:23.918, 304.75, 100, 74232, 71
2026/07/29 22:43:24.958, 297.06, 100, 74232, 71
2026/07/29 22:43:25.995, 301.36, 100, 74232, 71
2026/07/29 22:43:27.033, 295.88, 100, 74232, 71
2026/07/29 22:43:28.071, 297.61, 100, 74232, 71
2026/07/29 22:43:29.108, 297.24, 100, 74232, 71
2026/07/29 22:43:30.146, 290.54, 100, 74232, 70
2026/07/29 22:43:31.184, 296.77, 100, 74232, 70
2026/07/29 22:43:32.223, 297.46, 100, 74232, 70
2026/07/29 22:43:33.260, 298.70, 100, 74232, 70
2026/07/29 22:43:34.298, 295.89, 100, 74232, 70
2026/07/29 22:43:35.335, 295.10, 100, 74232, 70
2026/07/29 22:43:36.379, 296.77, 100, 74232, 70
2026/07/29 22:43:37.419, 293.86, 100, 74232, 70
2026/07/29 22:43:38.457, 297.64, 100, 74232, 70
2026/07/29 22:43:39.496, 295.40, 100, 74232, 70
2026/07/29 22:43:40.534, 297.25, 100, 74232, 70
2026/07/29 22:43:41.572, 304.53, 100, 74232, 70
2026/07/29 22:43:42.610, 306.89, 100, 74232, 70
2026/07/29 22:43:43.648, 302.39, 100, 74232, 70
2026/07/29 22:43:44.687, 303.48, 100, 74232, 70
2026/07/29 22:43:45.724, 308.25, 100, 74232, 70
2026/07/29 22:43:46.761, 300.81, 100, 74232, 70
2026/07/29 22:43:47.797, 301.33, 100, 74232, 70
2026/07/29 22:43:48.834, 297.76, 100, 74232, 70
2026/07/29 22:43:49.871, 298.31, 100, 74232, 70
2026/07/29 22:43:50.910, 297.16, 100, 74232, 70
2026/07/29 22:43:51.947, 294.72, 100, 74232, 70
2026/07/29 22:43:52.986, 297.16, 100, 74232, 70
2026/07/29 22:43:54.023, 294.05, 100, 74232, 70
2026/07/29 22:43:55.061, 298.52, 100, 74232, 70
2026/07/29 22:43:56.099, 302.14, 100, 74232, 70
2026/07/29 22:43:57.137, 303.96, 100, 74232, 70
2026/07/29 22:43:58.174, 304.56, 100, 74232, 70
2026/07/29 22:43:59.214, 292.08, 100, 74232, 70
2026/07/29 22:44:00.252, 94.92, 0, 74232, 66
2026/07/29 22:44:01.284, 293.86, 100, 74232, 71
2026/07/29 22:44:02.320, 300.96, 100, 74232, 71
2026/07/29 22:44:03.356, 279.79, 100, 74232, 71
2026/07/29 22:44:04.398, 279.89, 100, 74232, 71
2026/07/29 22:44:05.432, 309.22, 100, 74232, 71
2026/07/29 22:44:06.468, 322.01, 100, 74232, 71
2026/07/29 22:44:07.509, 303.79, 100, 74232, 70
2026/07/29 22:44:08.547, 302.10, 100, 74232, 70
2026/07/29 22:44:09.585, 301.13, 100, 74232, 70
2026/07/29 22:44:10.623, 302.89, 100, 74232, 70
2026/07/29 22:44:11.661, 295.61, 100, 74232, 68
2026/07/29 22:44:12.696, 301.35, 100, 74232, 70
2026/07/29 22:44:13.734, 298.32, 100, 74232, 70
2026/07/29 22:44:14.773, 301.74, 100, 74232, 70
2026/07/29 22:44:15.811, 295.48, 100, 74232, 70
2026/07/29 22:44:16.850, 297.92, 100, 74232, 70
2026/07/29 22:44:17.890, 294.62, 100, 74232, 70
2026/07/29 22:44:18.926, 300.94, 100, 74232, 70
2026/07/29 22:44:19.965, 300.08, 100, 74232, 70
2026/07/29 22:44:21.002, 303.11, 100, 74232, 70
2026/07/29 22:44:22.039, 303.67, 100, 74232, 70
2026/07/29 22:44:23.077, 303.02, 100, 74232, 70
2026/07/29 22:44:24.117, 301.41, 100, 74232, 70
2026/07/29 22:44:25.154, 302.09, 100, 74232, 70
2026/07/29 22:44:26.191, 291.51, 100, 74232, 70
2026/07/29 22:44:27.227, 296.84, 100, 74232, 70
2026/07/29 22:44:28.268, 295.50, 100, 74232, 70
2026/07/29 22:44:29.306, 302.01, 100, 74232, 70
2026/07/29 22:44:30.344, 301.33, 100, 74232, 70
2026/07/29 22:44:31.381, 295.60, 100, 74232, 70
2026/07/29 22:44:32.418, 291.11, 100, 74232, 70
2026/07/29 22:44:33.454, 296.88, 100, 74232, 70
2026/07/29 22:44:34.497, 298.63, 100, 74232, 70
2026/07/29 22:44:35.534, 299.49, 100, 74232, 70
2026/07/29 22:44:36.570, 299.00, 100, 74232, 70
2026/07/29 22:44:37.605, 297.54, 100, 74232, 70
2026/07/29 22:44:38.644, 303.94, 100, 74232, 70
2026/07/29 22:44:39.682, 300.94, 100, 74232, 70
2026/07/29 22:44:40.719, 301.44, 100, 74232, 70
2026/07/29 22:44:41.758, 302.33, 100, 74232, 70
2026/07/29 22:44:42.797, 296.26, 100, 74232, 70
2026/07/29 22:44:43.838, 300.57, 100, 74232, 70
2026/07/29 22:44:44.876, 303.30, 100, 74232, 70
2026/07/29 22:44:45.914, 294.21, 100, 74232, 70
2026/07/29 22:44:46.953, 295.20, 100, 74232, 70
2026/07/29 22:44:47.992, 295.59, 100, 74232, 70
2026/07/29 22:44:49.030, 301.84, 100, 74232, 70
2026/07/29 22:44:50.067, 303.22, 100, 74232, 70
2026/07/29 22:44:51.104, 293.35, 100, 74232, 70
2026/07/29 22:44:52.142, 302.61, 100, 74232, 70
2026/07/29 22:44:53.179, 299.18, 100, 74232, 70
2026/07/29 22:44:54.217, 301.62, 100, 74232, 70
2026/07/29 22:44:55.254, 300.18, 100, 74232, 70
2026/07/29 22:44:56.293, 299.99, 100, 74232, 70
2026/07/29 22:44:57.332, 302.49, 100, 74232, 70
2026/07/29 22:44:58.370, 302.40, 100, 74232, 70
2026/07/29 22:44:59.407, 301.30, 100, 74232, 70
2026/07/29 22:45:00.448, 296.95, 100, 74232, 70
2026/07/29 22:45:01.486, 302.40, 100, 74232, 70
2026/07/29 22:45:02.524, 295.11, 100, 74232, 70
2026/07/29 22:45:03.563, 294.55, 100, 74232, 70
2026/07/29 22:45:04.601, 299.97, 100, 74232, 70
2026/07/29 22:45:05.639, 302.00, 100, 74232, 70
2026/07/29 22:45:06.677, 293.08, 100, 74232, 70
2026/07/29 22:45:07.719, 300.45, 100, 74232, 70
2026/07/29 22:45:08.757, 288.95, 100, 74232, 70
2026/07/29 22:45:09.794, 295.57, 100, 74232, 70
2026/07/29 22:45:10.833, 300.94, 100, 74232, 70
2026/07/29 22:45:11.870, 293.73, 100, 74232, 70
2026/07/29 22:45:12.908, 295.11, 100, 74232, 70
2026/07/29 22:45:13.945, 295.98, 100, 74232, 70
2026/07/29 22:45:14.983, 303.79, 100, 74232, 70
2026/07/29 22:45:16.020, 291.80, 100, 74232, 70
2026/07/29 22:45:17.060, 301.35, 100, 74232, 70
2026/07/29 22:45:18.099, 297.26, 100, 74232, 70
2026/07/29 22:45:19.136, 302.01, 100, 74232, 70
2026/07/29 22:45:20.174, 301.74, 100, 74232, 70
2026/07/29 22:45:21.211, 302.89, 100, 74232, 70
2026/07/29 22:45:22.250, 304.04, 100, 74232, 70
2026/07/29 22:45:23.287, 296.18, 100, 74232, 70
2026/07/29 22:45:24.325, 296.97, 100, 74232, 70
2026/07/29 22:45:25.362, 297.73, 100, 74232, 70
2026/07/29 22:45:26.401, 295.68, 100, 74232, 70
2026/07/29 22:45:27.440, 295.98, 100, 74232, 70
2026/07/29 22:45:28.477, 295.29, 100, 74232, 70
2026/07/29 22:45:29.517, 296.00, 100, 74232, 70
2026/07/29 22:45:30.554, 296.39, 100, 74232, 70
2026/07/29 22:45:31.595, 301.80, 100, 74232, 70
2026/07/29 22:45:32.633, 297.16, 100, 74232, 70
2026/07/29 22:45:33.669, 293.81, 100, 74232, 70
2026/07/29 22:45:34.708, 291.49, 100, 74232, 70
2026/07/29 22:45:35.746, 298.42, 100, 74232, 70
2026/07/29 22:45:36.783, 299.46, 100, 74232, 70
2026/07/29 22:45:37.827, 300.27, 100, 74232, 70
2026/07/29 22:45:38.865, 297.61, 100, 74232, 70
2026/07/29 22:45:39.901, 300.54, 100, 74232, 70
2026/07/29 22:45:40.940, 299.88, 100, 74232, 70
2026/07/29 22:45:41.979, 302.33, 100, 74232, 70
2026/07/29 22:45:43.017, 297.82, 100, 74232, 70
2026/07/29 22:45:44.055, 299.98, 100, 74232, 70
2026/07/29 22:45:45.093, 298.04, 100, 74232, 70
2026/07/29 22:45:46.130, 289.65, 100, 74232, 70
2026/07/29 22:45:47.168, 296.29, 100, 74232, 70
2026/07/29 22:45:48.206, 293.83, 100, 74232, 70
2026/07/29 22:45:49.247, 303.23, 100, 74232, 70
2026/07/29 22:45:50.285, 295.68, 100, 74232, 70
2026/07/29 22:45:51.321, 301.73, 100, 74232, 70
2026/07/29 22:45:52.359, 303.18, 100, 74232, 70
2026/07/29 22:45:53.397, 298.02, 100, 74232, 70
2026/07/29 22:45:54.437, 298.90, 100, 74232, 70
2026/07/29 22:45:55.474, 296.66, 100, 74232, 70
2026/07/29 22:45:56.512, 292.98, 100, 74232, 70
2026/07/29 22:45:57.552, 298.54, 100, 74232, 70
2026/07/29 22:45:58.589, 296.48, 100, 74232, 70
2026/07/29 22:45:59.627, 297.92, 100, 74232, 70
2026/07/29 22:46:00.666, 304.35, 100, 74232, 70
2026/07/29 22:46:01.706, 304.43, 100, 74232, 70
2026/07/29 22:46:02.744, 304.46, 100, 74232, 70
2026/07/29 22:46:03.782, 303.27, 100, 74232, 70
2026/07/29 22:46:04.820, 303.18, 100, 74232, 70
2026/07/29 22:46:05.857, 302.21, 100, 74232, 70
2026/07/29 22:46:06.894, 304.33, 100, 74232, 70
2026/07/29 22:46:07.931, 305.90, 100, 74232, 70
2026/07/29 22:46:08.971, 357.13, 78, 74232, 71
2026/07/29 22:46:10.006, 304.35, 100, 74232, 72
2026/07/29 22:46:11.043, 297.91, 100, 74232, 72
2026/07/29 22:46:12.078, 290.79, 100, 74232, 72
2026/07/29 22:46:13.113, 288.95, 100, 74232, 72
2026/07/29 22:46:14.147, 291.87, 100, 74232, 72
2026/07/29 22:46:15.183, 278.67, 100, 74232, 72
2026/07/29 22:46:16.225, 302.51, 100, 74232, 70
2026/07/29 22:46:17.263, 304.07, 100, 74232, 70
2026/07/29 22:46:18.301, 301.25, 100, 74232, 70
2026/07/29 22:46:19.339, 301.54, 100, 74232, 70
2026/07/29 22:46:20.377, 303.48, 100, 74232, 70
2026/07/29 22:46:21.413, 299.29, 100, 74232, 70
2026/07/29 22:46:22.451, 300.67, 100, 74232, 70
2026/07/29 22:46:23.487, 304.36, 100, 74232, 70
2026/07/29 22:46:24.524, 304.15, 100, 74232, 70
2026/07/29 22:46:25.560, 300.26, 100, 74232, 70
2026/07/29 22:46:26.597, 301.42, 100, 74232, 71
2026/07/29 22:46:27.641, 295.23, 100, 74232, 70
2026/07/29 22:46:28.679, 295.14, 100, 74232, 70
2026/07/29 22:46:29.717, 293.36, 100, 74232, 70
2026/07/29 22:46:30.757, 292.65, 100, 74232, 70
2026/07/29 22:46:31.793, 299.20, 100, 74232, 70
2026/07/29 22:46:32.834, 293.83, 100, 74232, 70
2026/07/29 22:46:33.872, 294.13, 100, 74232, 70
2026/07/29 22:46:34.911, 297.45, 100, 74232, 70
2026/07/29 22:46:35.949, 304.82, 100, 74232, 70
2026/07/29 22:46:36.985, 298.42, 100, 74232, 70
2026/07/29 22:46:38.024, 301.53, 100, 74232, 70
2026/07/29 22:46:39.062, 301.53, 100, 74232, 70
2026/07/29 22:46:40.099, 303.20, 100, 74232, 70
2026/07/29 22:46:41.136, 303.48, 100, 74232, 70
2026/07/29 22:46:42.173, 300.62, 100, 74232, 70
2026/07/29 22:46:43.209, 299.08, 100, 74232, 70
2026/07/29 22:46:44.245, 299.69, 100, 74232, 70
2026/07/29 22:46:45.285, 302.49, 100, 74232, 70
2026/07/29 22:46:46.321, 302.97, 100, 74232, 70
2026/07/29 22:46:47.363, 301.53, 100, 74232, 70
2026/07/29 22:46:48.401, 291.50, 100, 74232, 70
2026/07/29 22:46:49.438, 297.82, 100, 74232, 70
2026/07/29 22:46:50.475, 296.29, 100, 74232, 70
2026/07/29 22:46:51.513, 291.98, 100, 74232, 70
2026/07/29 22:46:52.557, 303.98, 100, 74232, 70
2026/07/29 22:46:53.595, 297.92, 100, 74232, 70
2026/07/29 22:46:54.632, 293.07, 100, 74232, 70
2026/07/29 22:46:55.671, 294.79, 100, 74232, 70
2026/07/29 22:46:56.708, 294.33, 100, 74232, 70
2026/07/29 22:46:57.746, 295.00, 100, 74232, 70
2026/07/29 22:46:58.782, 296.77, 100, 74232, 70
2026/07/29 22:46:59.822, 299.29, 100, 74232, 70
2026/07/29 22:47:00.859, 302.12, 100, 74232, 70
2026/07/29 22:47:01.895, 303.86, 100, 74232, 70
2026/07/29 22:47:02.931, 304.81, 100, 74232, 70
2026/07/29 22:47:03.970, 302.88, 100, 74232, 70
2026/07/29 22:47:05.008, 298.68, 100, 74232, 70
2026/07/29 22:47:06.045, 287.69, 100, 74232, 70
2026/07/29 22:47:07.081, 295.10, 100, 74232, 70
2026/07/29 22:47:08.119, 300.04, 100, 74232, 70
2026/07/29 22:47:09.156, 295.58, 100, 74232, 70
2026/07/29 22:47:10.193, 299.87, 100, 74232, 70
2026/07/29 22:47:11.231, 301.82, 100, 74232, 70
2026/07/29 22:47:12.268, 297.43, 100, 74232, 70
2026/07/29 22:47:13.305, 302.70, 100, 74232, 70
2026/07/29 22:47:14.341, 301.56, 100, 74232, 70
2026/07/29 22:47:15.378, 302.81, 100, 74232, 70
2026/07/29 22:47:16.416, 304.66, 100, 74232, 70
2026/07/29 22:47:17.454, 295.38, 100, 74232, 70
2026/07/29 22:47:18.490, 301.05, 100, 74232, 70
2026/07/29 22:47:19.526, 298.91, 100, 74232, 70
2026/07/29 22:47:20.563, 298.89, 100, 74232, 70
2026/07/29 22:47:21.599, 298.81, 100, 74232, 70
2026/07/29 22:47:22.637, 301.29, 100, 74232, 70
2026/07/29 22:47:23.674, 296.08, 100, 74232, 70
2026/07/29 22:47:24.712, 293.92, 100, 74232, 70
2026/07/29 22:47:25.749, 294.92, 100, 74232, 70
2026/07/29 22:47:26.786, 300.95, 100, 74232, 70
2026/07/29 22:47:27.825, 300.88, 100, 74232, 70
2026/07/29 22:47:28.862, 303.28, 100, 74232, 70
2026/07/29 22:47:29.899, 301.03, 100, 74232, 70
2026/07/29 22:47:30.936, 301.42, 100, 74232, 70
2026/07/29 22:47:31.974, 301.52, 100, 74232, 70
2026/07/29 22:47:33.010, 296.09, 100, 74232, 70
2026/07/29 22:47:34.050, 302.39, 100, 74232, 70
2026/07/29 22:47:35.088, 297.93, 100, 74232, 70
2026/07/29 22:47:36.125, 302.99, 100, 74232, 70
2026/07/29 22:47:37.164, 302.81, 100, 74232, 70
2026/07/29 22:47:38.202, 302.38, 100, 74232, 70
2026/07/29 22:47:39.239, 300.65, 100, 74232, 70
2026/07/29 22:47:40.276, 303.29, 100, 74232, 70
2026/07/29 22:47:41.314, 294.90, 100, 74232, 70
2026/07/29 22:47:42.350, 296.27, 100, 74232, 70
2026/07/29 22:47:43.387, 302.70, 100, 74232, 70
2026/07/29 22:47:44.424, 303.75, 100, 74232, 70
2026/07/29 22:47:45.461, 297.55, 100, 74232, 70
2026/07/29 22:47:46.497, 300.64, 100, 74232, 70
2026/07/29 22:47:47.534, 293.15, 100, 74232, 70
2026/07/29 22:47:48.571, 296.48, 100, 74232, 70
2026/07/29 22:47:49.615, 304.43, 100, 74232, 70
2026/07/29 22:47:50.653, 296.17, 100, 74232, 70
2026/07/29 22:47:51.689, 296.77, 100, 74232, 70
2026/07/29 22:47:52.726, 292.19, 100, 74232, 70
2026/07/29 22:47:53.763, 303.26, 100, 74232, 70
2026/07/29 22:47:54.799, 299.27, 100, 74232, 70
2026/07/29 22:47:55.835, 303.20, 100, 74232, 70
2026/07/29 22:47:56.871, 301.26, 100, 74232, 70
2026/07/29 22:47:57.912, 291.40, 100, 74232, 70
2026/07/29 22:47:58.950, 295.88, 100, 74232, 70
2026/07/29 22:47:59.988, 299.18, 100, 74232, 70
2026/07/29 22:48:01.025, 294.82, 100, 74232, 70
2026/07/29 22:48:02.063, 298.01, 100, 74232, 70
2026/07/29 22:48:03.102, 301.88, 100, 74232, 70
2026/07/29 22:48:04.139, 296.26, 100, 74232, 70
2026/07/29 22:48:05.177, 304.45, 100, 74232, 70
2026/07/29 22:48:06.213, 299.19, 100, 74232, 70
2026/07/29 22:48:07.251, 303.08, 100, 74232, 70
2026/07/29 22:48:08.288, 296.27, 100, 74232, 70
2026/07/29 22:48:09.325, 302.97, 100, 74232, 70
2026/07/29 22:48:10.362, 303.78, 100, 74232, 70
2026/07/29 22:48:11.399, 295.60, 100, 74232, 70
2026/07/29 22:48:12.435, 301.93, 100, 74232, 70
2026/07/29 22:48:13.472, 294.82, 100, 74232, 70
2026/07/29 22:48:14.509, 296.76, 100, 74232, 70
2026/07/29 22:48:15.546, 302.99, 100, 74232, 70
2026/07/29 22:48:16.584, 303.10, 100, 74232, 70
2026/07/29 22:48:17.620, 296.36, 100, 74232, 70
2026/07/29 22:48:18.657, 296.76, 66, 74232, 71
2026/07/29 22:48:19.693, 295.49, 100, 74232, 71
2026/07/29 22:48:20.729, 289.55, 100, 74232, 71
2026/07/29 22:48:21.766, 305.86, 100, 74232, 71
2026/07/29 22:48:22.801, 281.54, 100, 74232, 71
2026/07/29 22:48:23.837, 317.52, 100, 74232, 71
2026/07/29 22:48:24.871, 302.23, 100, 74232, 70
2026/07/29 22:48:25.909, 303.20, 100, 74232, 70
2026/07/29 22:48:26.947, 301.33, 100, 74232, 70
2026/07/29 22:48:27.986, 303.77, 100, 74232, 70
2026/07/29 22:48:29.024, 302.88, 100, 74232, 70
2026/07/29 22:48:30.062, 302.56, 100, 74232, 70
2026/07/29 22:48:31.100, 304.15, 100, 74232, 70
2026/07/29 22:48:32.137, 300.25, 100, 74232, 70
2026/07/29 22:48:33.175, 303.67, 100, 74232, 70
2026/07/29 22:48:34.213, 298.99, 100, 74232, 70
2026/07/29 22:48:35.250, 294.60, 100, 74232, 70
2026/07/29 22:48:36.288, 296.67, 100, 74232, 70
2026/07/29 22:48:37.325, 292.96, 100, 74232, 70
2026/07/29 22:48:38.358, 297.84, 97, 74232, 71
2026/07/29 22:48:39.396, 309.80, 100, 74232, 71
2026/07/29 22:48:40.431, 313.82, 100, 74232, 71
2026/07/29 22:48:41.467, 296.86, 100, 74232, 72
2026/07/29 22:48:42.511, 281.48, 100, 74232, 72
2026/07/29 22:48:43.546, 307.98, 100, 74232, 71
2026/07/29 22:48:44.581, 303.08, 100, 74232, 70
2026/07/29 22:48:45.619, 303.27, 100, 74232, 70
2026/07/29 22:48:46.659, 301.05, 100, 74232, 70
2026/07/29 22:48:47.696, 303.58, 100, 74232, 70
2026/07/29 22:48:48.735, 300.08, 100, 74232, 70
2026/07/29 22:48:49.771, 297.57, 100, 74232, 72
2026/07/29 22:48:50.808, 288.33, 100, 74232, 72
2026/07/29 22:48:51.843, 294.42, 100, 74232, 72
2026/07/29 22:48:52.878, 297.72, 100, 74232, 72
2026/07/29 22:48:53.912, 291.11, 100, 74232, 72
2026/07/29 22:48:54.948, 306.10, 100, 74232, 72
2026/07/29 22:48:55.999, 298.80, 100, 74232, 70
2026/07/29 22:48:57.038, 303.57, 100, 74232, 70
2026/07/29 22:48:58.075, 304.66, 100, 74232, 70
2026/07/29 22:48:59.113, 301.50, 100, 74232, 70
2026/07/29 22:49:00.150, 302.88, 100, 74232, 71
2026/07/29 22:49:01.188, 304.06, 100, 74232, 71
2026/07/29 22:49:02.225, 301.03, 100, 74232, 71
2026/07/29 22:49:03.265, 96.67, 0, 74232, 68
2026/07/29 22:49:04.298, 288.22, 100, 74232, 72
2026/07/29 22:49:05.333, 290.90, 100, 74232, 72
2026/07/29 22:49:06.371, 282.33, 100, 74232, 72
2026/07/29 22:49:07.405, 290.42, 100, 74232, 72
2026/07/29 22:49:08.440, 317.86, 100, 74232, 72
2026/07/29 22:49:09.477, 280.42, 100, 74232, 72
2026/07/29 22:49:10.513, 305.23, 100, 74232, 70
2026/07/29 22:49:11.551, 301.42, 100, 74232, 70
2026/07/29 22:49:12.589, 299.70, 100, 74232, 70
2026/07/29 22:49:13.628, 305.02, 100, 74232, 71
2026/07/29 22:49:14.665, 304.85, 100, 74232, 71
2026/07/29 22:49:15.703, 413.71, 0, 74232, 71
2026/07/29 22:49:16.738, 302.25, 100, 74232, 72
2026/07/29 22:49:17.773, 296.48, 100, 74232, 72
2026/07/29 22:49:18.809, 289.55, 100, 74232, 72
2026/07/29 22:49:19.844, 320.36, 100, 74232, 72
2026/07/29 22:49:20.879, 293.83, 100, 74232, 72
2026/07/29 22:49:21.914, 282.13, 100, 74232, 72
2026/07/29 22:49:22.949, 304.72, 100, 74232, 71
2026/07/29 22:49:23.990, 298.99, 100, 74232, 71
2026/07/29 22:49:25.030, 307.09, 100, 74232, 71
2026/07/29 22:49:26.067, 301.92, 100, 74232, 71
2026/07/29 22:49:27.105, 301.78, 100, 74232, 71
2026/07/29 22:49:28.141, 298.41, 100, 74232, 72
2026/07/29 22:49:29.176, 300.43, 100, 74232, 73
2026/07/29 22:49:30.219, 291.31, 100, 74232, 72
2026/07/29 22:49:31.254, 297.15, 100, 74232, 73
2026/07/29 22:49:32.290, 269.92, 100, 74232, 73
2026/07/29 22:49:33.329, 320.48, 100, 74232, 73
2026/07/29 22:49:34.365, 302.60, 100, 74232, 71
2026/07/29 22:49:35.403, 302.17, 100, 74232, 71
2026/07/29 22:49:36.442, 302.02, 100, 74232, 71
2026/07/29 22:49:37.479, 298.80, 100, 74232, 71
2026/07/29 22:49:38.517, 297.34, 100, 74232, 71
2026/07/29 22:49:39.557, 97.38, 34, 74232, 72
2026/07/29 22:49:40.594, 306.17, 100, 74232, 71
2026/07/29 22:49:41.633, 303.94, 100, 74232, 71
2026/07/29 22:49:42.672, 296.06, 100, 74232, 71
2026/07/29 22:49:43.710, 293.36, 100, 74232, 71
2026/07/29 22:49:44.747, 296.05, 100, 74232, 71
2026/07/29 22:49:45.785, 300.17, 100, 74232, 71
2026/07/29 22:49:46.822, 298.02, 100, 74232, 71
2026/07/29 22:49:47.861, 301.35, 100, 74232, 71
2026/07/29 22:49:48.899, 302.12, 100, 74232, 71
2026/07/29 22:49:49.939, 297.65, 100, 74232, 71
2026/07/29 22:49:50.976, 298.33, 100, 74232, 71
2026/07/29 22:49:52.016, 299.19, 100, 74232, 71
2026/07/29 22:49:53.052, 298.41, 100, 74232, 71
2026/07/29 22:49:54.090, 291.80, 100, 74232, 71
2026/07/29 22:49:55.127, 295.19, 100, 74232, 71
2026/07/29 22:49:56.166, 286.72, 100, 74232, 71
2026/07/29 22:49:57.205, 291.99, 100, 74232, 71
2026/07/29 22:49:58.241, 295.99, 100, 74232, 71
2026/07/29 22:49:59.279, 295.39, 100, 74232, 71
2026/07/29 22:50:00.318, 297.53, 100, 74232, 71
2026/07/29 22:50:01.356, 297.56, 100, 74232, 71
2026/07/29 22:50:02.393, 299.21, 100, 74232, 71
2026/07/29 22:50:03.431, 304.79, 100, 74232, 71
2026/07/29 22:50:04.469, 301.21, 100, 74232, 71
2026/07/29 22:50:05.506, 293.76, 100, 74232, 70
2026/07/29 22:50:06.548, 295.49, 100, 74232, 70
2026/07/29 22:50:07.588, 294.91, 100, 74232, 70
2026/07/29 22:50:08.625, 296.57, 100, 74232, 70
2026/07/29 22:50:09.662, 297.24, 100, 74232, 70
2026/07/29 22:50:10.700, 297.25, 100, 74232, 70
2026/07/29 22:50:11.738, 297.06, 100, 74232, 70
2026/07/29 22:50:12.775, 296.39, 100, 74232, 70
2026/07/29 22:50:13.814, 303.27, 100, 74232, 70
2026/07/29 22:50:14.852, 298.79, 100, 74232, 70
2026/07/29 22:50:15.890, 298.60, 100, 74232, 70
2026/07/29 22:50:16.929, 304.17, 100, 74232, 70
2026/07/29 22:50:17.967, 297.53, 100, 74232, 70
2026/07/29 22:50:19.006, 293.55, 100, 74232, 70
2026/07/29 22:50:20.044, 293.73, 100, 74232, 70
2026/07/29 22:50:21.081, 293.93, 100, 74232, 70
2026/07/29 22:50:22.121, 300.71, 100, 74232, 70
2026/07/29 22:50:23.158, 297.33, 100, 74232, 70
2026/07/29 22:50:24.196, 303.55, 100, 74232, 70
2026/07/29 22:50:25.235, 296.09, 100, 74232, 70
2026/07/29 22:50:26.274, 302.29, 100, 74232, 70
2026/07/29 22:50:27.310, 302.32, 100, 74232, 70
2026/07/29 22:50:28.349, 304.86, 100, 74232, 70
2026/07/29 22:50:29.387, 295.79, 100, 74232, 70
2026/07/29 22:50:30.425, 304.66, 100, 74232, 70
2026/07/29 22:50:31.463, 302.61, 100, 74232, 70
2026/07/29 22:50:32.502, 300.04, 100, 74232, 70
2026/07/29 22:50:33.540, 295.48, 100, 74232, 70
2026/07/29 22:50:34.577, 292.75, 100, 74232, 70
2026/07/29 22:50:35.619, 292.76, 100, 74232, 70
2026/07/29 22:50:36.657, 300.65, 100, 74232, 70
2026/07/29 22:50:37.694, 301.90, 100, 74232, 70
2026/07/29 22:50:38.734, 304.61, 100, 74232, 70
2026/07/29 22:50:39.772, 295.59, 100, 74232, 70
2026/07/29 22:50:40.810, 298.43, 100, 74232, 70
2026/07/29 22:50:41.846, 295.01, 100, 74232, 70
2026/07/29 22:50:42.884, 299.40, 100, 74232, 70
2026/07/29 22:50:43.922, 300.17, 100, 74232, 70
2026/07/29 22:50:44.962, 299.69, 100, 74232, 70
2026/07/29 22:50:46.001, 302.02, 100, 74232, 70
2026/07/29 22:50:47.038, 302.68, 100, 74232, 70
2026/07/29 22:50:48.077, 302.60, 100, 74232, 70
2026/07/29 22:50:49.114, 296.96, 100, 74232, 70
2026/07/29 22:50:50.151, 289.37, 100, 74232, 70
2026/07/29 22:50:51.188, 292.67, 100, 74232, 70
2026/07/29 22:50:52.226, 300.08, 100, 74232, 70
2026/07/29 22:50:53.265, 297.45, 100, 74232, 70
2026/07/29 22:50:54.303, 297.04, 100, 74232, 70
2026/07/29 22:50:55.340, 302.29, 100, 74232, 70
2026/07/29 22:50:56.378, 300.35, 100, 74232, 70
2026/07/29 22:50:57.422, 295.21, 100, 74232, 70
2026/07/29 22:50:58.460, 290.52, 100, 74232, 70
2026/07/29 22:50:59.497, 298.89, 100, 74232, 70
2026/07/29 22:51:00.535, 303.29, 100, 74232, 70
2026/07/29 22:51:01.573, 301.15, 100, 74232, 70
2026/07/29 22:51:02.610, 295.77, 100, 74232, 70
2026/07/29 22:51:03.647, 296.16, 100, 74232, 70
2026/07/29 22:51:04.686, 297.64, 100, 74232, 70
2026/07/29 22:51:05.724, 300.37, 100, 74232, 70
2026/07/29 22:51:06.762, 292.56, 100, 74232, 70
2026/07/29 22:51:07.808, 297.35, 100, 74232, 70
2026/07/29 22:51:08.846, 290.83, 100, 74232, 70
2026/07/29 22:51:09.884, 292.55, 100, 74232, 70
2026/07/29 22:51:10.921, 293.05, 100, 74232, 70
2026/07/29 22:51:11.963, 296.20, 100, 74232, 70
2026/07/29 22:51:13.000, 301.60, 100, 74232, 70
2026/07/29 22:51:14.037, 302.49, 100, 74232, 70
2026/07/29 22:51:15.073, 302.04, 100, 74232, 70
2026/07/29 22:51:16.113, 300.64, 100, 74232, 70
2026/07/29 22:51:17.150, 295.70, 100, 74232, 70
2026/07/29 22:51:18.192, 302.41, 100, 74232, 70
2026/07/29 22:51:19.231, 301.60, 100, 74232, 70
2026/07/29 22:51:20.268, 301.11, 100, 74232, 70
2026/07/29 22:51:21.306, 300.18, 100, 74232, 70
2026/07/29 22:51:22.343, 297.45, 100, 74232, 70
2026/07/29 22:51:23.381, 327.82, 72, 74232, 71
2026/07/29 22:51:24.417, 277.36, 100, 74232, 71
2026/07/29 22:51:25.456, 284.74, 100, 74232, 72
2026/07/29 22:51:26.491, 311.55, 100, 74232, 72
2026/07/29 22:51:27.526, 304.45, 100, 74232, 71
2026/07/29 22:51:28.567, 267.96, 100, 74232, 71
2026/07/29 22:51:29.602, 333.99, 100, 74232, 72
2026/07/29 22:51:30.637, 303.35, 100, 74232, 70
2026/07/29 22:51:31.675, 307.91, 100, 74232, 70
2026/07/29 22:51:32.712, 302.30, 100, 74232, 70
2026/07/29 22:51:33.751, 301.93, 100, 74232, 70
2026/07/29 22:51:34.788, 304.38, 100, 74232, 70
2026/07/29 22:51:35.826, 294.92, 100, 74232, 70
2026/07/29 22:51:36.864, 301.61, 100, 74232, 70
2026/07/29 22:51:37.901, 96.36, 0, 74232, 67
2026/07/29 22:51:39.008, 298.60, 100, 74232, 71
2026/07/29 22:51:40.044, 287.11, 100, 74232, 72
2026/07/29 22:51:41.082, 302.09, 100, 74232, 72
2026/07/29 22:51:42.118, 292.02, 100, 74232, 71
2026/07/29 22:51:43.153, 292.17, 100, 74232, 71
2026/07/29 22:51:44.188, 301.91, 100, 74232, 72
2026/07/29 22:51:45.227, 288.74, 100, 74232, 72
2026/07/29 22:51:46.264, 302.42, 100, 74232, 70
2026/07/29 22:51:47.302, 304.07, 100, 74232, 70
2026/07/29 22:51:48.339, 293.94, 100, 74232, 70
2026/07/29 22:51:49.381, 289.37, 100, 74232, 70
2026/07/29 22:51:50.419, 299.30, 100, 74232, 70
2026/07/29 22:51:51.456, 294.02, 100, 74232, 70
2026/07/29 22:51:52.495, 304.46, 84, 74232, 72
2026/07/29 22:51:53.531, 300.65, 100, 74232, 70
2026/07/29 22:51:54.569, 301.73, 100, 74232, 70
2026/07/29 22:51:55.607, 288.47, 100, 74232, 70
2026/07/29 22:51:56.651, 295.81, 100, 74232, 70
2026/07/29 22:51:57.691, 295.90, 100, 74232, 70
2026/07/29 22:51:58.729, 298.32, 100, 74232, 70
2026/07/29 22:51:59.766, 285.34, 100, 74232, 70
2026/07/29 22:52:00.804, 292.67, 100, 74232, 70
2026/07/29 22:52:01.841, 296.08, 100, 74232, 70
2026/07/29 22:52:02.879, 295.39, 100, 74232, 70
2026/07/29 22:52:03.917, 297.33, 100, 74232, 70
2026/07/29 22:52:04.955, 297.73, 100, 74232, 70
2026/07/29 22:52:05.992, 297.33, 100, 74232, 70
2026/07/29 22:52:07.036, 297.05, 100, 74232, 70
2026/07/29 22:52:08.074, 298.04, 100, 74232, 70
2026/07/29 22:52:09.111, 303.46, 100, 74232, 70
2026/07/29 22:52:10.150, 300.05, 100, 74232, 70
2026/07/29 22:52:11.187, 308.20, 100, 74232, 70
2026/07/29 22:52:12.226, 300.03, 100, 74232, 70
2026/07/29 22:52:13.264, 294.82, 100, 74232, 70
2026/07/29 22:52:14.304, 293.15, 100, 74232, 70
2026/07/29 22:52:15.342, 295.02, 100, 74232, 70
2026/07/29 22:52:16.381, 294.63, 100, 74232, 70
2026/07/29 22:52:17.418, 296.28, 100, 74232, 70
2026/07/29 22:52:18.459, 297.06, 100, 74232, 70
2026/07/29 22:52:19.497, 296.97, 100, 74232, 70
2026/07/29 22:52:20.539, 300.95, 100, 74232, 70
2026/07/29 22:52:21.577, 298.60, 100, 74232, 70
2026/07/29 22:52:22.614, 302.98, 100, 74232, 70
2026/07/29 22:52:23.652, 301.24, 100, 74232, 70
2026/07/29 22:52:24.690, 297.14, 100, 74232, 70
2026/07/29 22:52:25.728, 302.70, 100, 74232, 70
2026/07/29 22:52:26.766, 300.85, 100, 74232, 70
2026/07/29 22:52:27.810, 302.80, 100, 74232, 70
2026/07/29 22:52:29.167, 296.87, 100, 74232, 70
2026/07/29 22:52:30.205, 297.36, 100, 74232, 70
2026/07/29 22:52:31.244, 301.06, 100, 74232, 70
2026/07/29 22:52:32.282, 307.43, 100, 74232, 70
2026/07/29 22:52:33.322, 298.88, 100, 74232, 70
2026/07/29 22:52:34.359, 291.72, 100, 74232, 70
2026/07/29 22:52:35.398, 292.98, 100, 74232, 70
2026/07/29 22:52:36.436, 294.42, 100, 74232, 70
2026/07/29 22:52:37.474, 301.99, 100, 74232, 70
2026/07/29 22:52:38.514, 296.17, 100, 74232, 70
2026/07/29 22:52:39.558, 302.50, 100, 74232, 70
2026/07/29 22:52:40.595, 299.87, 100, 74232, 70
2026/07/29 22:52:41.633, 302.58, 100, 74232, 70
2026/07/29 22:52:42.670, 302.49, 100, 74232, 70
2026/07/29 22:52:43.708, 302.38, 100, 74232, 70
2026/07/29 22:52:44.746, 297.82, 100, 74232, 70
2026/07/29 22:52:45.784, 302.98, 100, 74232, 70
2026/07/29 22:52:46.823, 302.79, 100, 74232, 70
2026/07/29 22:52:47.862, 300.15, 100, 74232, 70
2026/07/29 22:52:48.900, 305.30, 100, 74232, 70
2026/07/29 22:52:49.937, 298.51, 100, 74232, 70
2026/07/29 22:52:50.975, 291.28, 100, 74232, 70
2026/07/29 22:52:52.014, 292.86, 100, 74232, 70
2026/07/29 22:52:53.057, 300.56, 100, 74232, 70
2026/07/29 22:52:54.095, 298.29, 100, 74232, 70
2026/07/29 22:52:55.134, 302.31, 100, 74232, 70
2026/07/29 22:52:56.174, 297.64, 100, 74232, 70
2026/07/29 22:52:57.212, 296.67, 100, 74232, 70
2026/07/29 22:52:58.249, 301.70, 100, 74232, 70
2026/07/29 22:52:59.285, 297.06, 100, 74232, 70
2026/07/29 22:53:00.322, 302.98, 100, 74232, 70
2026/07/29 22:53:01.359, 298.72, 100, 74232, 70
2026/07/29 22:53:02.397, 294.71, 100, 74232, 70
2026/07/29 22:53:03.433, 298.31, 100, 74232, 70
2026/07/29 22:53:04.474, 292.66, 100, 74232, 70
2026/07/29 22:53:05.514, 294.81, 100, 74232, 70
2026/07/29 22:53:06.552, 294.98, 100, 74232, 70
2026/07/29 22:53:07.591, 300.34, 100, 74232, 70
2026/07/29 22:53:08.629, 298.61, 100, 74232, 70
2026/07/29 22:53:09.667, 296.18, 100, 74232, 70
2026/07/29 22:53:10.704, 298.12, 100, 74232, 70
2026/07/29 22:53:11.741, 294.34, 100, 74232, 70
2026/07/29 22:53:12.778, 301.40, 100, 74232, 70
2026/07/29 22:53:13.816, 302.12, 100, 74232, 70
2026/07/29 22:53:14.854, 298.43, 100, 74232, 70
2026/07/29 22:53:15.892, 301.23, 100, 74232, 70
2026/07/29 22:53:16.929, 294.50, 100, 74232, 70
2026/07/29 22:53:17.966, 295.20, 100, 74232, 70
2026/07/29 22:53:19.006, 295.10, 100, 74232, 70
2026/07/29 22:53:20.044, 295.21, 100, 74232, 70
2026/07/29 22:53:21.085, 294.90, 100, 74232, 70
2026/07/29 22:53:22.123, 303.48, 100, 74232, 70
2026/07/29 22:53:23.165, 295.70, 100, 74232, 70
2026/07/29 22:53:24.202, 302.90, 48, 74232, 72
2026/07/29 22:53:25.239, 290.30, 100, 74232, 72
2026/07/29 22:53:26.274, 305.51, 100, 74232, 72
2026/07/29 22:53:27.309, 295.87, 100, 74232, 72
2026/07/29 22:53:28.346, 313.31, 100, 74232, 72
2026/07/29 22:53:29.386, 303.02, 100, 74232, 72
2026/07/29 22:53:30.423, 302.48, 100, 74232, 70
2026/07/29 22:53:31.460, 303.38, 100, 74232, 70
2026/07/29 22:53:32.498, 300.37, 100, 74232, 70
2026/07/29 22:53:33.535, 303.28, 100, 74232, 70
2026/07/29 22:53:34.573, 303.17, 100, 74232, 70
2026/07/29 22:53:35.611, 301.12, 100, 74232, 70
2026/07/29 22:53:36.650, 302.79, 100, 74232, 70
2026/07/29 22:53:37.688, 297.52, 100, 74232, 70
2026/07/29 22:53:38.726, 301.81, 100, 74232, 70
2026/07/29 22:53:39.763, 304.02, 100, 74232, 70
2026/07/29 22:53:40.807, 303.19, 100, 74232, 70
2026/07/29 22:53:41.844, 291.21, 100, 74232, 70
2026/07/29 22:53:42.881, 294.71, 100, 74232, 70
2026/07/29 22:53:43.920, 296.67, 100, 74232, 70
2026/07/29 22:53:44.957, 294.23, 100, 74232, 70
2026/07/29 22:53:45.996, 296.67, 100, 74232, 70
2026/07/29 22:53:47.034, 296.75, 100, 74232, 70
2026/07/29 22:53:48.072, 294.14, 100, 74232, 70
2026/07/29 22:53:49.110, 297.22, 100, 74232, 70
2026/07/29 22:53:50.147, 293.52, 100, 74232, 70
2026/07/29 22:53:51.187, 294.24, 100, 74232, 70
2026/07/29 22:53:52.225, 299.59, 100, 74232, 70
2026/07/29 22:53:53.262, 289.95, 100, 74232, 70
2026/07/29 22:53:54.299, 298.68, 100, 74232, 70
2026/07/29 22:53:55.336, 300.08, 100, 74232, 70
2026/07/29 22:53:56.375, 297.43, 100, 74232, 71
2026/07/29 22:53:57.411, 286.64, 100, 74232, 72
2026/07/29 22:53:58.447, 274.64, 100, 74232, 71
2026/07/29 22:53:59.483, 270.89, 100, 74232, 71
2026/07/29 22:54:00.519, 300.55, 100, 74232, 72
2026/07/29 22:54:01.553, 297.84, 100, 74232, 71
2026/07/29 22:54:02.589, 301.63, 100, 74232, 70
2026/07/29 22:54:03.627, 303.75, 100, 74232, 70
2026/07/29 22:54:04.664, 292.77, 100, 74232, 70
2026/07/29 22:54:05.702, 294.61, 100, 74232, 70
2026/07/29 22:54:06.740, 290.53, 100, 74232, 71
2026/07/29 22:54:07.775, 287.51, 100, 74232, 72
2026/07/29 22:54:08.814, 282.28, 100, 74232, 72
2026/07/29 22:54:09.849, 285.81, 100, 74232, 72
2026/07/29 22:54:10.885, 298.32, 100, 74232, 72
2026/07/29 22:54:11.921, 319.41, 100, 74232, 72
2026/07/29 22:54:12.961, 300.16, 100, 74232, 70
2026/07/29 22:54:13.999, 303.24, 100, 74232, 70
2026/07/29 22:54:15.036, 303.97, 100, 74232, 70
2026/07/29 22:54:16.074, 295.69, 100, 74232, 70
2026/07/29 22:54:17.112, 295.61, 100, 74232, 72
2026/07/29 22:54:18.149, 296.75, 100, 74232, 72
2026/07/29 22:54:19.185, 312.95, 100, 74232, 72
2026/07/29 22:54:20.221, 292.08, 100, 74232, 72
2026/07/29 22:54:21.260, 290.64, 100, 74232, 72
2026/07/29 22:54:22.295, 306.95, 100, 74232, 72
2026/07/29 22:54:23.331, 302.14, 100, 74232, 71
2026/07/29 22:54:24.370, 304.85, 100, 74232, 71
2026/07/29 22:54:25.407, 297.55, 100, 74232, 71
2026/07/29 22:54:26.444, 96.52, 29, 74232, 68
2026/07/29 22:54:27.478, 295.10, 100, 74232, 72
2026/07/29 22:54:28.515, 308.55, 100, 74232, 72
2026/07/29 22:54:29.549, 302.60, 100, 74232, 72
2026/07/29 22:54:30.584, 278.14, 100, 74232, 72
2026/07/29 22:54:31.620, 308.46, 100, 74232, 73
2026/07/29 22:54:32.655, 314.15, 100, 74232, 72
2026/07/29 22:54:33.692, 309.71, 100, 74232, 71
2026/07/29 22:54:34.730, 286.51, 100, 74232, 71
2026/07/29 22:54:35.767, 289.84, 100, 74232, 71
2026/07/29 22:54:36.806, 291.21, 100, 74232, 71
2026/07/29 22:54:37.845, 285.30, 40, 74232, 72
2026/07/29 22:54:38.882, 305.05, 100, 74232, 73
2026/07/29 22:54:39.917, 301.12, 100, 74232, 73
2026/07/29 22:54:40.952, 295.58, 100, 74232, 73
2026/07/29 22:54:41.993, 290.71, 100, 74232, 73
2026/07/29 22:54:43.028, 266.43, 100, 74232, 73
2026/07/29 22:54:44.063, 321.65, 100, 74232, 73
2026/07/29 22:54:45.103, 296.08, 100, 74232, 71
2026/07/29 22:54:46.140, 298.51, 100, 74232, 71
2026/07/29 22:54:47.178, 307.24, 100, 74232, 71
2026/07/29 22:54:48.215, 304.03, 100, 74232, 71
2026/07/29 22:54:49.253, 303.38, 100, 74232, 72
2026/07/29 22:54:50.292, 304.57, 100, 74232, 72
2026/07/29 22:54:51.328, 293.15, 100, 74232, 72
2026/07/29 22:54:52.366, 295.51, 100, 74232, 72
2026/07/29 22:54:53.405, 298.78, 100, 74232, 72
2026/07/29 22:54:54.443, 300.67, 100, 74232, 72
2026/07/29 22:54:55.481, 303.27, 100, 74232, 72
2026/07/29 22:54:56.521, 303.65, 100, 74232, 72
2026/07/29 22:54:57.561, 298.51, 100, 74232, 72
2026/07/29 22:54:58.597, 297.92, 100, 74232, 71
2026/07/29 22:54:59.634, 299.39, 100, 74232, 71
2026/07/29 22:55:00.674, 303.27, 100, 74232, 71
2026/07/29 22:55:01.711, 296.55, 100, 74232, 71
2026/07/29 22:55:02.748, 298.81, 100, 74232, 71
2026/07/29 22:55:03.786, 299.30, 100, 74232, 71
2026/07/29 22:55:04.822, 299.10, 100, 74232, 71
2026/07/29 22:55:05.863, 297.45, 100, 74232, 71
2026/07/29 22:55:06.899, 298.99, 100, 74232, 71
2026/07/29 22:55:07.938, 299.67, 100, 74232, 71
2026/07/29 22:55:08.974, 298.52, 100, 74232, 71
2026/07/29 22:55:10.012, 296.17, 100, 74232, 71
2026/07/29 22:55:11.050, 297.92, 100, 74232, 71
2026/07/29 22:55:12.087, 297.54, 100, 74232, 71
2026/07/29 22:55:13.124, 299.56, 100, 74232, 71
2026/07/29 22:55:14.162, 296.18, 100, 74232, 71
2026/07/29 22:55:15.201, 297.92, 100, 74232, 71
2026/07/29 22:55:16.237, 305.63, 100, 74232, 71
2026/07/29 22:55:17.274, 296.69, 100, 74232, 71
2026/07/29 22:55:18.311, 309.92, 100, 74232, 71
2026/07/29 22:55:19.351, 296.93, 100, 74232, 71
2026/07/29 22:55:20.388, 297.93, 100, 74232, 71
2026/07/29 22:55:21.427, 299.70, 100, 74232, 71
2026/07/29 22:55:22.464, 293.64, 100, 74232, 71
2026/07/29 22:55:23.507, 301.23, 100, 74232, 71
2026/07/29 22:55:24.546, 304.92, 100, 74232, 71
2026/07/29 22:55:25.583, 298.89, 100, 74232, 71
2026/07/29 22:55:26.620, 299.18, 100, 74232, 71
2026/07/29 22:55:27.657, 300.95, 100, 74232, 71
2026/07/29 22:55:28.694, 297.25, 100, 74232, 71
2026/07/29 22:55:29.732, 298.61, 100, 74232, 71
2026/07/29 22:55:30.770, 299.31, 100, 74232, 71
2026/07/29 22:55:31.808, 295.32, 100, 74232, 71
2026/07/29 22:55:32.845, 301.73, 100, 74232, 71
2026/07/29 22:55:33.884, 305.34, 100, 74232, 71
2026/07/29 22:55:34.922, 296.57, 100, 74232, 71
2026/07/29 22:55:35.959, 300.07, 100, 74232, 71
2026/07/29 22:55:36.999, 298.42, 100, 74232, 71
2026/07/29 22:55:38.040, 291.89, 100, 74232, 71
2026/07/29 22:55:39.078, 298.61, 100, 74232, 71
2026/07/29 22:55:40.115, 304.43, 100, 74232, 71
2026/07/29 22:55:41.152, 309.36, 100, 74232, 71
2026/07/29 22:55:42.189, 297.95, 100, 74232, 71
2026/07/29 22:55:43.227, 293.08, 100, 74232, 71
2026/07/29 22:55:44.267, 298.70, 100, 74232, 71
2026/07/29 22:55:45.304, 295.89, 100, 74232, 71
2026/07/29 22:55:46.344, 293.55, 100, 74232, 71
2026/07/29 22:55:47.380, 304.32, 100, 74232, 71
2026/07/29 22:55:48.419, 304.36, 100, 74232, 71
2026/07/29 22:55:49.456, 306.12, 12, 74232, 72
2026/07/29 22:55:50.492, 305.23, 100, 74232, 70
2026/07/29 22:55:51.528, 301.12, 100, 74232, 70
2026/07/29 22:55:52.566, 292.69, 100, 74232, 70
2026/07/29 22:55:53.602, 304.36, 100, 74232, 70
2026/07/29 22:55:54.640, 303.76, 100, 74232, 70
2026/07/29 22:55:55.678, 303.30, 100, 74232, 70
2026/07/29 22:55:56.715, 303.84, 100, 74232, 70
2026/07/29 22:55:57.752, 305.49, 100, 74232, 70
2026/07/29 22:55:58.789, 303.06, 100, 74232, 70
2026/07/29 22:55:59.827, 298.12, 100, 74232, 70
2026/07/29 22:56:00.865, 297.36, 100, 74232, 70
2026/07/29 22:56:01.904, 298.32, 100, 74232, 70
2026/07/29 22:56:02.941, 300.24, 100, 74232, 70
2026/07/29 22:56:03.981, 297.64, 100, 74232, 70
2026/07/29 22:56:05.020, 302.11, 100, 74232, 70
2026/07/29 22:56:06.058, 293.35, 100, 74232, 70
2026/07/29 22:56:07.096, 298.91, 100, 74232, 70
2026/07/29 22:56:08.133, 295.19, 100, 74232, 70
2026/07/29 22:56:09.172, 299.11, 100, 74232, 70
2026/07/29 22:56:10.210, 294.62, 100, 74232, 70
2026/07/29 22:56:11.252, 304.07, 100, 74232, 70
2026/07/29 22:56:12.290, 296.76, 100, 74232, 70
2026/07/29 22:56:13.328, 292.51, 100, 74232, 70
2026/07/29 22:56:14.366, 293.84, 100, 74232, 70
2026/07/29 22:56:15.403, 293.73, 100, 74232, 70
2026/07/29 22:56:16.441, 292.09, 100, 74232, 70
2026/07/29 22:56:17.478, 298.90, 100, 74232, 70
2026/07/29 22:56:18.519, 300.93, 100, 74232, 70
2026/07/29 22:56:19.555, 301.15, 100, 74232, 70
2026/07/29 22:56:20.592, 300.84, 100, 74232, 70
2026/07/29 22:56:21.629, 299.58, 100, 74232, 70
2026/07/29 22:56:22.666, 299.70, 100, 74232, 70
2026/07/29 22:56:23.703, 301.81, 100, 74232, 70
2026/07/29 22:56:24.740, 303.27, 100, 74232, 70
2026/07/29 22:56:25.780, 302.69, 100, 74232, 70
2026/07/29 22:56:26.818, 300.93, 100, 74232, 70
2026/07/29 22:56:27.857, 301.23, 100, 74232, 70
2026/07/29 22:56:28.894, 300.95, 100, 74232, 70
2026/07/29 22:56:29.931, 302.81, 100, 74232, 70
2026/07/29 22:56:30.968, 302.32, 100, 74232, 70
2026/07/29 22:56:32.006, 302.80, 100, 74232, 70
2026/07/29 22:56:33.044, 301.74, 100, 74232, 70
2026/07/29 22:56:34.081, 303.27, 100, 74232, 70
2026/07/29 22:56:35.118, 302.13, 100, 74232, 70
2026/07/29 22:56:36.158, 298.73, 100, 74232, 70
2026/07/29 22:56:37.195, 299.39, 100, 74232, 70
2026/07/29 22:56:38.232, 301.90, 100, 74232, 70
2026/07/29 22:56:39.268, 297.74, 100, 74232, 70
2026/07/29 22:56:40.305, 300.52, 100, 74232, 70
2026/07/29 22:56:41.342, 300.75, 100, 74232, 70
2026/07/29 22:56:42.380, 295.39, 100, 74232, 70
2026/07/29 22:56:43.417, 293.06, 100, 74232, 70
2026/07/29 22:56:44.454, 297.17, 100, 74232, 70
2026/07/29 22:56:45.492, 295.99, 100, 74232, 70
2026/07/29 22:56:46.530, 300.57, 100, 74232, 70
2026/07/29 22:56:47.572, 292.38, 100, 74232, 70
2026/07/29 22:56:48.610, 293.43, 100, 74232, 70
2026/07/29 22:56:49.649, 300.36, 100, 74232, 70
2026/07/29 22:56:50.687, 302.51, 100, 74232, 70
2026/07/29 22:56:51.728, 304.91, 100, 74232, 70
2026/07/29 22:56:52.765, 301.82, 100, 74232, 70
2026/07/29 22:56:53.803, 304.71, 100, 74232, 70
2026/07/29 22:56:54.839, 299.49, 100, 74232, 70
2026/07/29 22:56:55.878, 299.78, 100, 74232, 70
2026/07/29 22:56:56.916, 288.13, 100, 74232, 70
2026/07/29 22:56:57.953, 293.64, 100, 74232, 70
2026/07/29 22:56:58.992, 298.34, 100, 74232, 70
2026/07/29 22:57:00.031, 301.90, 100, 74232, 70
2026/07/29 22:57:01.071, 295.90, 100, 74232, 70
2026/07/29 22:57:02.109, 295.00, 100, 74232, 70
2026/07/29 22:57:03.147, 297.23, 100, 74232, 70
2026/07/29 22:57:04.187, 299.01, 100, 74232, 70
2026/07/29 22:57:05.224, 301.64, 100, 74232, 70
2026/07/29 22:57:06.267, 294.60, 100, 74232, 70
2026/07/29 22:57:07.304, 292.69, 100, 74232, 70
2026/07/29 22:57:08.343, 295.79, 100, 74232, 70
2026/07/29 22:57:09.380, 300.05, 100, 74232, 70
2026/07/29 22:57:10.418, 297.43, 100, 74232, 70
2026/07/29 22:57:11.456, 301.73, 100, 74232, 70
2026/07/29 22:57:12.494, 289.08, 100, 74232, 70
2026/07/29 22:57:13.538, 296.97, 100, 74232, 72
2026/07/29 22:57:14.576, 298.13, 100, 74232, 72
2026/07/29 22:57:15.612, 297.91, 100, 74232, 72
2026/07/29 22:57:16.648, 299.57, 100, 74232, 72
2026/07/29 22:57:17.684, 291.99, 100, 74232, 72
2026/07/29 22:57:18.726, 282.63, 100, 74232, 72
2026/07/29 22:57:19.762, 297.34, 100, 74232, 70
2026/07/29 22:57:20.801, 305.38, 100, 74232, 70
2026/07/29 22:57:21.839, 302.80, 100, 74232, 70
2026/07/29 22:57:22.877, 298.02, 100, 74232, 70
2026/07/29 22:57:23.918, 306.01, 100, 74232, 70
2026/07/29 22:57:24.958, 156.52, 88, 74232, 68
2026/07/29 22:57:25.993, 303.54, 100, 74232, 72
2026/07/29 22:57:27.030, 291.80, 100, 74232, 72
2026/07/29 22:57:28.069, 289.05, 100, 74232, 72
2026/07/29 22:57:29.105, 320.40, 100, 74232, 72
2026/07/29 22:57:30.143, 287.42, 100, 74232, 72
2026/07/29 22:57:31.179, 317.11, 100, 74232, 72
2026/07/29 22:57:32.216, 304.07, 100, 74232, 70
2026/07/29 22:57:33.253, 304.65, 100, 74232, 71
2026/07/29 22:57:34.291, 300.29, 100, 74232, 71
2026/07/29 22:57:35.330, 304.15, 100, 74232, 71
2026/07/29 22:57:36.368, 303.95, 100, 74232, 72
2026/07/29 22:57:37.403, 299.30, 100, 74232, 72
2026/07/29 22:57:38.438, 297.72, 100, 74232, 72
2026/07/29 22:57:39.478, 296.51, 100, 74232, 72
2026/07/29 22:57:40.514, 320.51, 100, 74232, 73
2026/07/29 22:57:41.549, 316.30, 100, 74232, 72
2026/07/29 22:57:42.586, 281.84, 100, 74232, 71
2026/07/29 22:57:43.622, 297.63, 100, 74232, 71
2026/07/29 22:57:44.660, 291.53, 100, 74232, 71
2026/07/29 22:57:45.696, 292.75, 100, 74232, 71
2026/07/29 22:57:46.735, 291.82, 100, 74232, 71
2026/07/29 22:57:47.772, 294.43, 100, 74232, 71
2026/07/29 22:57:48.810, 296.67, 100, 74232, 71
2026/07/29 22:57:49.847, 294.92, 100, 74232, 71
2026/07/29 22:57:50.886, 295.02, 100, 74232, 71
2026/07/29 22:57:51.923, 299.46, 100, 74232, 71
2026/07/29 22:57:52.964, 285.64, 78, 74232, 72
2026/07/29 22:57:54.000, 284.15, 100, 74232, 73
2026/07/29 22:57:55.037, 294.14, 100, 74232, 72
2026/07/29 22:57:56.074, 308.95, 100, 74232, 73
2026/07/29 22:57:57.112, 295.44, 100, 74232, 73
2026/07/29 22:57:58.146, 271.35, 100, 74232, 72
2026/07/29 22:57:59.182, 333.54, 100, 74232, 73
2026/07/29 22:58:00.218, 305.41, 100, 74232, 71
2026/07/29 22:58:01.256, 301.91, 100, 74232, 71
2026/07/29 22:58:02.293, 302.57, 100, 74232, 71
2026/07/29 22:58:03.331, 304.45, 100, 74232, 71
2026/07/29 22:58:04.369, 306.11, 100, 74232, 71
2026/07/29 22:58:05.405, 392.33, 14, 74232, 71
2026/07/29 22:58:06.441, 295.04, 100, 74232, 72
2026/07/29 22:58:07.475, 294.73, 100, 74232, 72
2026/07/29 22:58:08.510, 274.33, 100, 74232, 72
2026/07/29 22:58:09.547, 292.48, 100, 74232, 72
2026/07/29 22:58:10.585, 303.11, 100, 74232, 73
2026/07/29 22:58:11.622, 282.37, 100, 74232, 73
2026/07/29 22:58:12.657, 301.10, 100, 74232, 71
2026/07/29 22:58:13.695, 300.39, 100, 74232, 71
2026/07/29 22:58:14.732, 305.38, 100, 74232, 71
2026/07/29 22:58:15.771, 305.82, 100, 74232, 71
2026/07/29 22:58:16.809, 97.06, 0, 74232, 68
2026/07/29 22:58:17.843, 293.20, 100, 74232, 72
2026/07/29 22:58:18.879, 298.88, 100, 74232, 72
2026/07/29 22:58:19.915, 296.17, 100, 74232, 73
2026/07/29 22:58:20.955, 302.27, 100, 74232, 73
2026/07/29 22:58:21.990, 301.82, 100, 74232, 73
2026/07/29 22:58:23.025, 289.01, 100, 74232, 73
2026/07/29 22:58:24.062, 301.43, 100, 74232, 73
2026/07/29 22:58:25.105, 285.75, 100, 74232, 71
2026/07/29 22:58:26.141, 289.25, 100, 74232, 71
2026/07/29 22:58:27.179, 302.21, 100, 74232, 71
2026/07/29 22:58:28.218, 291.49, 100, 74232, 71
2026/07/29 22:58:29.254, 293.47, 100, 74232, 71
2026/07/29 22:58:30.291, 397.93, 12, 74232, 72
2026/07/29 22:58:31.325, 287.56, 100, 74232, 73
2026/07/29 22:58:32.360, 283.56, 100, 74232, 73
2026/07/29 22:58:33.404, 311.93, 100, 74232, 73
2026/07/29 22:58:34.440, 310.77, 100, 74232, 73
2026/07/29 22:58:35.477, 325.05, 100, 74232, 73
2026/07/29 22:58:36.513, 317.41, 100, 74232, 73
2026/07/29 22:58:37.549, 298.43, 100, 74232, 71
2026/07/29 22:58:38.588, 305.53, 100, 74232, 71
2026/07/29 22:58:39.626, 292.09, 100, 74232, 71
2026/07/29 22:58:40.666, 297.36, 100, 74232, 71
2026/07/29 22:58:41.705, 303.18, 100, 74232, 71
2026/07/29 22:58:42.742, 96.04, 0, 74232, 68
2026/07/29 22:58:43.778, 299.42, 100, 74232, 72
2026/07/29 22:58:44.815, 286.36, 100, 74232, 71
2026/07/29 22:58:45.853, 288.96, 100, 74232, 71
2026/07/29 22:58:46.892, 289.66, 100, 74232, 71
2026/07/29 22:58:47.930, 286.81, 100, 74232, 71
2026/07/29 22:58:48.968, 290.03, 100, 74232, 71
2026/07/29 22:58:50.006, 295.80, 100, 74232, 71
2026/07/29 22:58:51.046, 296.07, 100, 74232, 71
2026/07/29 22:58:52.084, 296.39, 100, 74232, 71
2026/07/29 22:58:53.121, 296.27, 100, 74232, 71
2026/07/29 22:58:54.159, 298.21, 100, 74232, 71
2026/07/29 22:58:55.197, 298.81, 100, 74232, 71
2026/07/29 22:58:56.235, 300.17, 100, 74232, 71
2026/07/29 22:58:57.274, 294.73, 100, 74232, 71
2026/07/29 22:58:58.312, 295.76, 100, 74232, 71
2026/07/29 22:58:59.349, 302.11, 100, 74232, 71
2026/07/29 22:59:00.386, 296.47, 100, 74232, 71
2026/07/29 22:59:01.424, 294.62, 100, 74232, 71
2026/07/29 22:59:02.463, 297.16, 100, 74232, 71
2026/07/29 22:59:03.503, 297.95, 100, 74232, 71
2026/07/29 22:59:04.542, 297.67, 100, 74232, 71
2026/07/29 22:59:05.578, 303.96, 100, 74232, 71
2026/07/29 22:59:06.616, 303.88, 100, 74232, 71
2026/07/29 22:59:07.656, 292.96, 100, 74232, 71
2026/07/29 22:59:08.693, 298.74, 100, 74232, 71
2026/07/29 22:59:09.730, 301.34, 100, 74232, 71
2026/07/29 22:59:10.771, 299.08, 100, 74232, 71
2026/07/29 22:59:11.809, 303.39, 100, 74232, 71
2026/07/29 22:59:12.848, 303.47, 100, 74232, 71
2026/07/29 22:59:13.884, 295.89, 100, 74232, 70
2026/07/29 22:59:14.924, 294.23, 100, 74232, 70
2026/07/29 22:59:15.961, 301.75, 100, 74232, 70
2026/07/29 22:59:16.998, 302.13, 100, 74232, 70
2026/07/29 22:59:18.036, 296.29, 100, 74232, 70
2026/07/29 22:59:19.073, 296.75, 100, 74232, 70
2026/07/29 22:59:20.112, 295.80, 100, 74232, 70
2026/07/29 22:59:21.149, 291.31, 100, 74232, 70
2026/07/29 22:59:22.188, 301.69, 100, 74232, 70
2026/07/29 22:59:23.226, 291.02, 100, 74232, 70
2026/07/29 22:59:24.266, 296.18, 100, 74232, 70
2026/07/29 22:59:25.302, 295.59, 100, 74232, 70
2026/07/29 22:59:26.339, 293.54, 100, 74232, 70
2026/07/29 22:59:27.376, 295.88, 100, 74232, 70
2026/07/29 22:59:28.414, 295.78, 100, 74232, 70
2026/07/29 22:59:29.450, 295.72, 100, 74232, 70
2026/07/29 22:59:30.491, 293.27, 100, 74232, 70
2026/07/29 22:59:31.528, 304.56, 100, 74232, 70
2026/07/29 22:59:32.564, 303.84, 100, 74232, 70
2026/07/29 22:59:33.600, 298.89, 100, 74232, 70
2026/07/29 22:59:34.636, 300.84, 100, 74232, 70
2026/07/29 22:59:35.673, 302.62, 100, 74232, 70
2026/07/29 22:59:36.709, 299.77, 100, 74232, 70
2026/07/29 22:59:37.746, 299.58, 100, 74232, 70
2026/07/29 22:59:38.783, 302.58, 100, 74232, 70
2026/07/29 22:59:39.820, 303.06, 100, 74232, 70
2026/07/29 22:59:40.857, 299.39, 100, 74232, 70
2026/07/29 22:59:41.897, 302.90, 100, 74232, 70
2026/07/29 22:59:42.935, 303.17, 100, 74232, 70
2026/07/29 22:59:43.972, 291.63, 100, 74232, 70
2026/07/29 22:59:45.008, 300.06, 100, 74232, 70
2026/07/29 22:59:46.049, 304.25, 100, 74232, 70
2026/07/29 22:59:47.086, 296.68, 100, 74232, 70
2026/07/29 22:59:48.127, 300.28, 100, 74232, 70
2026/07/29 22:59:49.165, 295.89, 100, 74232, 70
2026/07/29 22:59:50.201, 292.86, 100, 74232, 70
2026/07/29 22:59:51.237, 295.43, 100, 74232, 70
2026/07/29 22:59:52.274, 302.02, 100, 74232, 70
2026/07/29 22:59:53.313, 303.65, 100, 74232, 70
2026/07/29 22:59:54.352, 303.59, 100, 74232, 70
2026/07/29 22:59:55.392, 303.40, 100, 74232, 70
2026/07/29 22:59:56.431, 296.86, 100, 74232, 70
2026/07/29 22:59:57.468, 290.04, 100, 74232, 70
2026/07/29 22:59:58.507, 288.48, 100, 74232, 70
2026/07/29 22:59:59.543, 298.81, 100, 74232, 70
2026/07/29 23:00:00.584, 300.09, 100, 74232, 70
2026/07/29 23:00:01.621, 302.61, 100, 74232, 70
2026/07/29 23:00:02.659, 300.64, 100, 74232, 70
2026/07/29 23:00:03.697, 296.39, 100, 74232, 70
2026/07/29 23:00:04.738, 302.40, 100, 74232, 70
2026/07/29 23:00:05.774, 303.12, 100, 74232, 70
2026/07/29 23:00:06.810, 302.42, 100, 74232, 70
2026/07/29 23:00:07.846, 298.42, 100, 74232, 70
2026/07/29 23:00:08.884, 297.05, 100, 74232, 70
2026/07/29 23:00:09.922, 297.57, 100, 74232, 70
2026/07/29 23:00:10.960, 289.37, 100, 74232, 70
2026/07/29 23:00:11.998, 295.13, 100, 74232, 70
2026/07/29 23:00:13.035, 296.85, 100, 74232, 70
2026/07/29 23:00:14.072, 289.95, 100, 74232, 70
2026/07/29 23:00:15.110, 298.83, 100, 74232, 70
2026/07/29 23:00:16.147, 304.44, 100, 74232, 70
2026/07/29 23:00:17.184, 303.39, 100, 74232, 70
2026/07/29 23:00:18.220, 307.43, 100, 74232, 70
2026/07/29 23:00:19.258, 303.18, 100, 74232, 70
2026/07/29 23:00:20.295, 302.81, 100, 74232, 70
2026/07/29 23:00:21.332, 298.30, 100, 74232, 70
2026/07/29 23:00:22.368, 302.39, 100, 74232, 70
2026/07/29 23:00:23.404, 302.13, 100, 74232, 70
2026/07/29 23:00:24.441, 302.48, 100, 74232, 70
2026/07/29 23:00:25.480, 296.28, 100, 74232, 70
2026/07/29 23:00:26.519, 298.20, 100, 74232, 70
2026/07/29 23:00:27.556, 295.62, 100, 74232, 70
2026/07/29 23:00:28.594, 299.21, 100, 74232, 70
2026/07/29 23:00:29.630, 309.89, 68, 74232, 71
2026/07/29 23:00:30.664, 296.76, 100, 74232, 71
2026/07/29 23:00:31.700, 276.28, 100, 74232, 72
2026/07/29 23:00:32.736, 292.31, 100, 74232, 72
2026/07/29 23:00:33.772, 280.89, 100, 74232, 71
2026/07/29 23:00:34.811, 315.66, 100, 74232, 71
2026/07/29 23:00:35.845, 301.93, 100, 74232, 70
2026/07/29 23:00:36.881, 302.08, 100, 74232, 70
2026/07/29 23:00:37.919, 307.84, 100, 74232, 70
2026/07/29 23:00:38.957, 302.27, 100, 74232, 70
2026/07/29 23:00:39.993, 94.82, 94, 74232, 67
2026/07/29 23:00:41.026, 94.93, 0, 74232, 66
2026/07/29 23:00:42.059, 94.24, 0, 74232, 66
2026/07/29 23:00:43.092, 308.27, 100, 74232, 70
2026/07/29 23:00:44.127, 303.96, 100, 74232, 71
2026/07/29 23:00:45.161, 298.60, 100, 74232, 71
2026/07/29 23:00:46.195, 295.08, 100, 74232, 71
2026/07/29 23:00:47.230, 290.31, 100, 74232, 71
2026/07/29 23:00:48.263, 258.07, 100, 74232, 70
2026/07/29 23:00:49.303, 292.18, 100, 74232, 69
2026/07/29 23:00:50.344, 291.11, 100, 74232, 69
2026/07/29 23:00:51.385, 293.45, 100, 74232, 70
2026/07/29 23:00:52.423, 296.47, 100, 74232, 70
2026/07/29 23:00:53.464, 296.18, 100, 74232, 70
2026/07/29 23:00:54.503, 293.83, 100, 74232, 70
2026/07/29 23:00:55.542, 297.06, 100, 74232, 70
2026/07/29 23:00:56.582, 301.52, 100, 74232, 72
2026/07/29 23:00:57.684, 300.65, 100, 74232, 72
2026/07/29 23:00:58.720, 296.65, 100, 74232, 72
2026/07/29 23:00:59.757, 288.86, 100, 74232, 72
2026/07/29 23:01:00.795, 298.82, 100, 74232, 72
2026/07/29 23:01:01.831, 277.21, 100, 74232, 72
2026/07/29 23:01:02.866, 312.01, 100, 74232, 72
2026/07/29 23:01:03.902, 304.44, 100, 74232, 70
2026/07/29 23:01:04.940, 301.53, 100, 74232, 70
2026/07/29 23:01:05.978, 303.45, 100, 74232, 70
2026/07/29 23:01:07.016, 304.25, 100, 74232, 70
2026/07/29 23:01:08.057, 292.36, 0, 74232, 71
2026/07/29 23:01:09.092, 290.45, 100, 74232, 72
2026/07/29 23:01:10.127, 286.59, 100, 74232, 72
2026/07/29 23:01:11.163, 292.58, 100, 74232, 72
2026/07/29 23:01:12.200, 300.05, 100, 74232, 72
2026/07/29 23:01:13.245, 299.45, 100, 74232, 72
2026/07/29 23:01:14.279, 321.85, 100, 74232, 72
2026/07/29 23:01:15.314, 305.01, 100, 74232, 70
2026/07/29 23:01:16.350, 301.53, 100, 74232, 70
2026/07/29 23:01:17.394, 304.23, 100, 74232, 70
2026/07/29 23:01:18.432, 298.62, 100, 74232, 71
2026/07/29 23:01:19.468, 297.85, 100, 74232, 71
2026/07/29 23:01:20.508, 303.96, 100, 74232, 71
2026/07/29 23:01:21.545, 304.85, 100, 74232, 71
2026/07/29 23:01:22.583, 305.34, 100, 74232, 71
2026/07/29 23:01:23.620, 207.55, 100, 74232, 69
2026/07/29 23:01:24.654, 308.89, 100, 74232, 71
2026/07/29 23:01:25.692, 305.72, 100, 74232, 71
2026/07/29 23:01:26.730, 299.67, 100, 74232, 71
2026/07/29 23:01:27.767, 302.80, 100, 74232, 71
2026/07/29 23:01:28.805, 307.47, 100, 74232, 71
2026/07/29 23:01:29.842, 299.79, 100, 74232, 71
2026/07/29 23:01:30.881, 301.42, 100, 74232, 71
2026/07/29 23:01:31.919, 295.89, 100, 74232, 71
2026/07/29 23:01:32.955, 300.45, 100, 74232, 71
2026/07/29 23:01:33.992, 302.52, 100, 74232, 71
2026/07/29 23:01:35.029, 294.52, 100, 74232, 71
2026/07/29 23:01:36.066, 299.48, 100, 74232, 71
2026/07/29 23:01:37.103, 295.99, 100, 74232, 70
2026/07/29 23:01:38.140, 303.58, 100, 74232, 71
2026/07/29 23:01:39.177, 296.27, 100, 74232, 70
2026/07/29 23:01:40.214, 296.66, 100, 74232, 70
2026/07/29 23:01:41.251, 298.50, 100, 74232, 70
2026/07/29 23:01:42.289, 296.96, 100, 74232, 70
2026/07/29 23:01:43.326, 292.95, 100, 74232, 70
2026/07/29 23:01:44.363, 293.06, 100, 74232, 70
2026/07/29 23:01:45.399, 293.35, 100, 74232, 70
2026/07/29 23:01:46.437, 294.43, 100, 74232, 70
2026/07/29 23:01:47.475, 294.62, 100, 74232, 70
2026/07/29 23:01:48.511, 301.11, 100, 74232, 70
2026/07/29 23:01:49.547, 302.90, 100, 74232, 70
2026/07/29 23:01:50.585, 299.21, 100, 74232, 70
2026/07/29 23:01:51.621, 302.67, 100, 74232, 71
2026/07/29 23:01:52.659, 302.89, 100, 74232, 71
2026/07/29 23:01:53.696, 303.08, 100, 74232, 71
2026/07/29 23:01:54.734, 303.49, 100, 74232, 70
2026/07/29 23:01:55.772, 302.24, 100, 74232, 71
2026/07/29 23:01:56.812, 298.12, 100, 74232, 70
2026/07/29 23:01:57.850, 302.72, 100, 74232, 71
2026/07/29 23:01:58.886, 302.52, 100, 74232, 71
2026/07/29 23:01:59.924, 302.90, 100, 74232, 70
2026/07/29 23:02:00.961, 304.08, 100, 74232, 71
2026/07/29 23:02:02.001, 303.16, 100, 74232, 71
2026/07/29 23:02:03.037, 304.47, 100, 74232, 70
2026/07/29 23:02:04.074, 303.53, 100, 74232, 71
2026/07/29 23:02:05.112, 299.31, 100, 74232, 70
2026/07/29 23:02:06.150, 296.28, 100, 74232, 70
2026/07/29 23:02:07.188, 289.75, 100, 74232, 70
2026/07/29 23:02:08.224, 296.21, 100, 74232, 70
2026/07/29 23:02:09.262, 295.88, 100, 74232, 70
2026/07/29 23:02:10.299, 291.31, 100, 74232, 70
2026/07/29 23:02:11.336, 291.50, 100, 74232, 70
2026/07/29 23:02:12.372, 295.88, 100, 74232, 70
2026/07/29 23:02:13.409, 298.40, 100, 74232, 70
2026/07/29 23:02:14.445, 301.06, 100, 74232, 70
2026/07/29 23:02:15.483, 303.88, 100, 74232, 70
2026/07/29 23:02:16.520, 303.76, 100, 74232, 70
2026/07/29 23:02:17.557, 300.84, 100, 74232, 70
2026/07/29 23:02:18.594, 304.27, 100, 74232, 70
2026/07/29 23:02:19.630, 301.02, 100, 74232, 70
2026/07/29 23:02:20.668, 296.67, 100, 74232, 70
2026/07/29 23:02:21.706, 303.51, 100, 74232, 70
2026/07/29 23:02:22.746, 303.37, 100, 74232, 70
2026/07/29 23:02:23.782, 302.41, 100, 74232, 70
2026/07/29 23:02:24.821, 304.33, 100, 74232, 70
2026/07/29 23:02:25.858, 300.44, 100, 74232, 70
2026/07/29 23:02:26.895, 302.41, 100, 74232, 70
2026/07/29 23:02:27.932, 298.99, 100, 74232, 70
2026/07/29 23:02:28.969, 295.59, 100, 74232, 70
2026/07/29 23:02:30.006, 295.32, 100, 74232, 70
2026/07/29 23:02:31.051, 298.70, 100, 74232, 70
2026/07/29 23:02:32.088, 302.03, 100, 74232, 70
2026/07/29 23:02:33.124, 301.83, 100, 74232, 70
2026/07/29 23:02:34.161, 301.44, 100, 74232, 70
2026/07/29 23:02:35.198, 301.14, 100, 74232, 70
2026/07/29 23:02:36.234, 295.00, 100, 74232, 70
2026/07/29 23:02:37.270, 301.72, 100, 74232, 70
2026/07/29 23:02:38.308, 296.20, 100, 74232, 70
2026/07/29 23:02:39.344, 294.80, 100, 74232, 70
2026/07/29 23:02:40.381, 295.40, 100, 74232, 70
2026/07/29 23:02:41.420, 301.73, 100, 74232, 70
2026/07/29 23:02:42.457, 301.43, 100, 74232, 70
2026/07/29 23:02:43.494, 301.74, 100, 74232, 70
2026/07/29 23:02:44.532, 301.93, 100, 74232, 70
2026/07/29 23:02:45.571, 301.52, 100, 74232, 70
2026/07/29 23:02:46.608, 303.27, 100, 74232, 70
2026/07/29 23:02:47.645, 302.56, 100, 74232, 70
2026/07/29 23:02:48.683, 302.96, 100, 74232, 70
2026/07/29 23:02:49.722, 295.90, 100, 74232, 70
2026/07/29 23:02:50.759, 302.12, 100, 74232, 70
2026/07/29 23:02:51.798, 302.23, 100, 74232, 70
2026/07/29 23:02:52.836, 301.80, 100, 74232, 70
2026/07/29 23:02:53.872, 302.88, 100, 74232, 70
2026/07/29 23:02:54.908, 301.93, 100, 74232, 70
2026/07/29 23:02:55.945, 295.30, 100, 74232, 70
2026/07/29 23:02:56.983, 295.90, 100, 74232, 70
2026/07/29 23:02:58.023, 295.90, 100, 74232, 70
2026/07/29 23:02:59.063, 294.12, 100, 74232, 70
2026/07/29 23:03:00.100, 294.53, 100, 74232, 70
2026/07/29 23:03:01.137, 294.82, 100, 74232, 70
2026/07/29 23:03:02.175, 291.79, 100, 74232, 70
2026/07/29 23:03:03.213, 297.73, 100, 74232, 70
2026/07/29 23:03:04.251, 299.31, 100, 74232, 70
2026/07/29 23:03:05.287, 299.94, 100, 74232, 70
2026/07/29 23:03:06.326, 300.16, 100, 74232, 70
2026/07/29 23:03:07.363, 304.27, 100, 74232, 70
2026/07/29 23:03:08.404, 297.93, 100, 74232, 70
2026/07/29 23:03:09.444, 298.79, 100, 74232, 70
2026/07/29 23:03:10.480, 298.71, 100, 74232, 70
2026/07/29 23:03:11.520, 299.67, 100, 74232, 70
2026/07/29 23:03:12.557, 300.87, 100, 74232, 70
2026/07/29 23:03:13.593, 298.33, 100, 74232, 70
2026/07/29 23:03:14.630, 300.85, 100, 74232, 70
2026/07/29 23:03:15.668, 297.03, 100, 74232, 70
2026/07/29 23:03:16.705, 302.62, 100, 74232, 70
2026/07/29 23:03:17.742, 302.04, 100, 74232, 70
2026/07/29 23:03:18.779, 303.88, 100, 74232, 70
2026/07/29 23:03:19.815, 300.46, 100, 74232, 72
2026/07/29 23:03:20.850, 305.43, 100, 74232, 72
2026/07/29 23:03:21.890, 292.63, 100, 74232, 72
2026/07/29 23:03:22.925, 289.08, 100, 74232, 72
2026/07/29 23:03:23.962, 305.99, 100, 74232, 72
2026/07/29 23:03:25.015, 282.75, 100, 74232, 72
2026/07/29 23:03:26.053, 305.98, 100, 74232, 70
2026/07/29 23:03:27.090, 303.09, 100, 74232, 70
2026/07/29 23:03:28.128, 303.11, 100, 74232, 70
2026/07/29 23:03:29.164, 300.10, 100, 74232, 70
2026/07/29 23:03:30.201, 304.32, 100, 74232, 70
2026/07/29 23:03:31.237, 302.12, 100, 74232, 70
2026/07/29 23:03:32.274, 297.83, 100, 74232, 70
2026/07/29 23:03:33.317, 298.31, 100, 74232, 70
2026/07/29 23:03:34.355, 294.92, 100, 74232, 70
2026/07/29 23:03:35.391, 297.25, 100, 74232, 70
2026/07/29 23:03:36.429, 312.88, 63, 74232, 72
2026/07/29 23:03:37.462, 300.27, 100, 74232, 72
2026/07/29 23:03:38.499, 303.83, 100, 74232, 72
2026/07/29 23:03:39.539, 296.17, 100, 74232, 72
2026/07/29 23:03:40.574, 331.54, 100, 74232, 72
2026/07/29 23:03:41.609, 295.08, 100, 74232, 72
2026/07/29 23:03:42.648, 271.60, 100, 74232, 70
2026/07/29 23:03:43.684, 295.21, 100, 74232, 70
2026/07/29 23:03:44.725, 286.52, 100, 74232, 70
2026/07/29 23:03:45.767, 288.68, 100, 74232, 70
2026/07/29 23:03:46.804, 302.96, 100, 74232, 70
2026/07/29 23:03:47.843, 95.86, 0, 74232, 67
2026/07/29 23:03:48.874, 293.66, 100, 74232, 72
2026/07/29 23:03:49.909, 292.37, 100, 74232, 72
2026/07/29 23:03:50.945, 294.44, 100, 74232, 72
2026/07/29 23:03:51.979, 291.88, 100, 74232, 72
2026/07/29 23:03:53.018, 297.08, 100, 74232, 72
2026/07/29 23:03:54.055, 298.21, 100, 74232, 72
2026/07/29 23:03:55.090, 302.67, 100, 74232, 70
2026/07/29 23:03:56.126, 300.56, 100, 74232, 70
2026/07/29 23:03:57.163, 302.51, 100, 74232, 70
2026/07/29 23:03:58.199, 307.05, 100, 74232, 71
2026/07/29 23:03:59.239, 94.72, 23, 74232, 68
2026/07/29 23:04:00.272, 94.74, 0, 74232, 67
2026/07/29 23:04:01.350, 286.89, 100, 74232, 71
2026/07/29 23:04:02.387, 287.52, 100, 74232, 72
2026/07/29 23:04:03.422, 309.12, 100, 74232, 72
2026/07/29 23:04:04.464, 265.27, 100, 74232, 72
2026/07/29 23:04:05.500, 310.85, 100, 74232, 72
2026/07/29 23:04:06.537, 284.38, 100, 74232, 72
2026/07/29 23:04:07.578, 304.44, 100, 74232, 70
2026/07/29 23:04:08.616, 298.41, 100, 74232, 70
2026/07/29 23:04:09.654, 303.47, 100, 74232, 70
2026/07/29 23:04:10.692, 303.87, 100, 74232, 70
2026/07/29 23:04:11.729, 300.75, 100, 74232, 70
2026/07/29 23:04:12.767, 302.22, 100, 74232, 70
2026/07/29 23:04:13.805, 304.42, 100, 74232, 71
2026/07/29 23:04:14.844, 300.34, 100, 74232, 71
2026/07/29 23:04:15.881, 301.53, 100, 74232, 71
2026/07/29 23:04:16.920, 298.81, 100, 74232, 71
2026/07/29 23:04:17.957, 299.31, 100, 74232, 71
2026/07/29 23:04:18.996, 95.35, 0, 74232, 68
2026/07/29 23:04:20.028, 300.26, 100, 74232, 72
2026/07/29 23:04:21.063, 297.95, 100, 74232, 72
2026/07/29 23:04:22.103, 293.33, 100, 74232, 72
2026/07/29 23:04:23.137, 300.83, 100, 74232, 72
2026/07/29 23:04:24.172, 314.82, 100, 74232, 72
2026/07/29 23:04:25.207, 309.26, 100, 74232, 72
2026/07/29 23:04:26.246, 293.36, 100, 74232, 71
2026/07/29 23:04:27.283, 288.46, 100, 74232, 70
2026/07/29 23:04:28.323, 288.58, 100, 74232, 70
2026/07/29 23:04:29.362, 289.96, 100, 74232, 70
2026/07/29 23:04:30.400, 290.25, 100, 74232, 70
2026/07/29 23:04:31.439, 294.84, 100, 74232, 72
2026/07/29 23:04:32.474, 293.12, 100, 74232, 72
2026/07/29 23:04:33.509, 290.58, 100, 74232, 72
2026/07/29 23:04:34.545, 291.87, 100, 74232, 72
2026/07/29 23:04:35.581, 289.35, 100, 74232, 72
2026/07/29 23:04:36.622, 280.57, 100, 74232, 72
2026/07/29 23:04:37.658, 303.28, 100, 74232, 71
2026/07/29 23:04:38.696, 280.37, 100, 74232, 70
2026/07/29 23:04:39.734, 287.99, 100, 74232, 70
2026/07/29 23:04:40.771, 290.72, 100, 74232, 70
2026/07/29 23:04:41.809, 95.84, 47, 74232, 68
2026/07/29 23:04:42.844, 297.16, 100, 74232, 71
2026/07/29 23:04:43.882, 299.68, 100, 74232, 71
2026/07/29 23:04:44.919, 301.65, 100, 74232, 71
2026/07/29 23:04:45.956, 301.15, 100, 74232, 71
2026/07/29 23:04:46.993, 302.87, 100, 74232, 71
2026/07/29 23:04:48.032, 301.21, 100, 74232, 71
2026/07/29 23:04:49.069, 304.42, 100, 74232, 71
2026/07/29 23:04:50.110, 296.57, 100, 74232, 71
2026/07/29 23:04:51.149, 302.77, 100, 74232, 71
2026/07/29 23:04:52.187, 298.24, 100, 74232, 71
2026/07/29 23:04:53.225, 304.56, 100, 74232, 71
2026/07/29 23:04:54.262, 294.12, 100, 74232, 71
2026/07/29 23:04:55.303, 296.07, 100, 74232, 71
2026/07/29 23:04:56.341, 294.42, 100, 74232, 71
2026/07/29 23:04:57.384, 296.35, 100, 74232, 71
2026/07/29 23:04:58.421, 300.86, 100, 74232, 71
2026/07/29 23:04:59.459, 304.08, 100, 74232, 71
2026/07/29 23:05:00.497, 296.66, 100, 74232, 71
2026/07/29 23:05:01.534, 297.26, 100, 74232, 71
2026/07/29 23:05:02.573, 298.21, 100, 74232, 71
2026/07/29 23:05:03.611, 296.76, 100, 74232, 70
2026/07/29 23:05:04.652, 298.04, 100, 74232, 70
2026/07/29 23:05:05.689, 296.60, 100, 74232, 70
2026/07/29 23:05:06.728, 297.56, 100, 74232, 70
2026/07/29 23:05:07.764, 295.31, 100, 74232, 70
2026/07/29 23:05:08.802, 294.04, 100, 74232, 70
2026/07/29 23:05:09.839, 299.02, 100, 74232, 70
2026/07/29 23:05:10.878, 294.02, 100, 74232, 70
2026/07/29 23:05:11.915, 303.18, 100, 74232, 70
2026/07/29 23:05:12.953, 300.16, 100, 74232, 70
2026/07/29 23:05:13.991, 302.88, 100, 74232, 70
2026/07/29 23:05:15.029, 298.91, 100, 74232, 70
2026/07/29 23:05:16.073, 302.67, 100, 74232, 70
2026/07/29 23:05:17.111, 301.55, 100, 74232, 70
2026/07/29 23:05:18.149, 304.06, 100, 74232, 70
2026/07/29 23:05:19.187, 302.79, 100, 74232, 70
2026/07/29 23:05:20.225, 302.89, 100, 74232, 70
2026/07/29 23:05:21.262, 303.19, 100, 74232, 70
2026/07/29 23:05:22.301, 302.10, 100, 74232, 70
2026/07/29 23:05:23.339, 298.32, 100, 74232, 70
2026/07/29 23:05:24.377, 304.51, 100, 74232, 70
2026/07/29 23:05:25.416, 295.70, 100, 74232, 70
2026/07/29 23:05:26.455, 293.96, 100, 74232, 70
2026/07/29 23:05:27.493, 298.43, 100, 74232, 70
2026/07/29 23:05:28.533, 301.42, 100, 74232, 70
2026/07/29 23:05:29.571, 301.33, 100, 74232, 70
2026/07/29 23:05:30.609, 301.43, 100, 74232, 70
2026/07/29 23:05:31.653, 295.49, 100, 74232, 70
2026/07/29 23:05:32.691, 299.00, 100, 74232, 70
2026/07/29 23:05:33.728, 302.98, 100, 74232, 70
2026/07/29 23:05:34.768, 303.05, 100, 74232, 70
2026/07/29 23:05:35.806, 301.33, 100, 74232, 70
2026/07/29 23:05:36.843, 302.01, 100, 74232, 70
2026/07/29 23:05:37.882, 303.85, 100, 74232, 70
2026/07/29 23:05:38.920, 296.09, 100, 74232, 70
2026/07/29 23:05:39.957, 302.40, 100, 74232, 70
2026/07/29 23:05:40.995, 299.29, 100, 74232, 70
2026/07/29 23:05:42.033, 297.44, 100, 74232, 70
2026/07/29 23:05:43.071, 292.18, 100, 74232, 70
2026/07/29 23:05:44.113, 288.19, 100, 74232, 70
2026/07/29 23:05:45.150, 293.55, 100, 74232, 70
2026/07/29 23:05:46.187, 291.21, 100, 74232, 70
2026/07/29 23:05:47.225, 290.25, 100, 74232, 70
2026/07/29 23:05:48.263, 292.58, 100, 74232, 70
2026/07/29 23:05:49.301, 295.51, 100, 74232, 70
2026/07/29 23:05:50.340, 294.62, 100, 74232, 70
2026/07/29 23:05:51.379, 298.89, 100, 74232, 70
2026/07/29 23:05:52.417, 297.07, 100, 74232, 70
2026/07/29 23:05:53.453, 308.14, 100, 74232, 70
2026/07/29 23:05:54.490, 299.30, 100, 74232, 70
2026/07/29 23:05:55.528, 302.00, 100, 74232, 70
2026/07/29 23:05:56.565, 303.59, 100, 74232, 70
2026/07/29 23:05:57.602, 296.97, 100, 74232, 70
2026/07/29 23:05:58.639, 302.90, 100, 74232, 70
2026/07/29 23:05:59.676, 297.07, 100, 74232, 70
2026/07/29 23:06:00.715, 298.23, 100, 74232, 70
2026/07/29 23:06:01.751, 298.04, 100, 74232, 70
2026/07/29 23:06:02.787, 296.75, 100, 74232, 70
2026/07/29 23:06:03.824, 296.08, 100, 74232, 70
2026/07/29 23:06:04.861, 292.47, 100, 74232, 70
2026/07/29 23:06:05.899, 294.91, 100, 74232, 70
2026/07/29 23:06:06.939, 301.44, 100, 74232, 70
2026/07/29 23:06:07.978, 301.84, 100, 74232, 70
2026/07/29 23:06:09.015, 301.91, 100, 74232, 70
2026/07/29 23:06:10.052, 301.42, 100, 74232, 70
2026/07/29 23:06:11.089, 293.43, 100, 74232, 71
2026/07/29 23:06:12.125, 290.08, 100, 74232, 71
2026/07/29 23:06:13.159, 291.82, 100, 74232, 71
2026/07/29 23:06:14.195, 259.71, 100, 74232, 71
2026/07/29 23:06:15.231, 303.67, 100, 74232, 71
2026/07/29 23:06:16.268, 312.58, 100, 74232, 72
2026/07/29 23:06:17.303, 303.56, 100, 74232, 70
2026/07/29 23:06:18.340, 300.92, 100, 74232, 70
2026/07/29 23:06:19.376, 299.40, 100, 74232, 70
2026/07/29 23:06:20.412, 302.50, 100, 74232, 70
2026/07/29 23:06:21.448, 300.36, 89, 74232, 71
2026/07/29 23:06:22.483, 280.55, 100, 74232, 71
2026/07/29 23:06:23.520, 310.79, 100, 74232, 72
2026/07/29 23:06:24.554, 298.27, 100, 74232, 72
2026/07/29 23:06:25.589, 296.49, 100, 74232, 71
2026/07/29 23:06:26.627, 299.44, 100, 74232, 72
2026/07/29 23:06:27.660, 292.20, 100, 74232, 71
2026/07/29 23:06:28.695, 297.25, 100, 74232, 70
2026/07/29 23:06:29.733, 296.86, 100, 74232, 70
2026/07/29 23:06:30.769, 285.65, 100, 74232, 70
2026/07/29 23:06:31.806, 286.33, 100, 74232, 70
2026/07/29 23:06:32.842, 296.36, 100, 74232, 70
2026/07/29 23:06:33.882, 300.96, 100, 74232, 70
2026/07/29 23:06:34.920, 292.17, 100, 74232, 70
2026/07/29 23:06:35.959, 295.99, 100, 74232, 70
2026/07/29 23:06:36.998, 297.16, 100, 74232, 70
2026/07/29 23:06:38.036, 290.14, 100, 74232, 70
2026/07/29 23:06:39.074, 295.21, 100, 74232, 70
2026/07/29 23:06:40.112, 296.67, 100, 74232, 70
2026/07/29 23:06:41.149, 297.24, 100, 74232, 70
2026/07/29 23:06:42.188, 295.49, 100, 74232, 70
2026/07/29 23:06:43.225, 296.65, 100, 74232, 70
2026/07/29 23:06:44.265, 297.17, 100, 74232, 70
2026/07/29 23:06:45.303, 297.17, 100, 74232, 72
2026/07/29 23:06:46.340, 294.15, 100, 74232, 72
2026/07/29 23:06:47.375, 305.23, 100, 74232, 72
2026/07/29 23:06:48.410, 304.61, 100, 74232, 72
2026/07/29 23:06:49.446, 301.67, 100, 74232, 72
2026/07/29 23:06:50.496, 294.28, 100, 74232, 72
2026/07/29 23:06:51.533, 303.19, 100, 74232, 70
2026/07/29 23:06:52.570, 299.59, 100, 74232, 70
2026/07/29 23:06:53.608, 299.70, 100, 74232, 70
2026/07/29 23:06:54.647, 303.68, 100, 74232, 70
2026/07/29 23:06:55.686, 304.36, 100, 74232, 70
2026/07/29 23:06:56.724, 293.46, 100, 74232, 70
2026/07/29 23:06:57.761, 303.67, 100, 74232, 70
2026/07/29 23:06:58.799, 305.30, 100, 74232, 71
2026/07/29 23:06:59.836, 301.91, 100, 74232, 71
2026/07/29 23:07:00.873, 305.22, 100, 74232, 71
2026/07/29 23:07:01.911, 304.42, 100, 74232, 71
2026/07/29 23:07:02.949, 299.98, 100, 74232, 71
2026/07/29 23:07:03.989, 300.07, 100, 74232, 71
2026/07/29 23:07:05.026, 304.46, 100, 74232, 71
2026/07/29 23:07:06.068, 305.33, 100, 74232, 71
2026/07/29 23:07:07.106, 302.77, 100, 74232, 70
2026/07/29 23:07:08.141, 299.39, 100, 74232, 72
2026/07/29 23:07:09.176, 309.35, 100, 74232, 72
2026/07/29 23:07:10.213, 316.11, 100, 74232, 72
2026/07/29 23:07:11.248, 309.95, 100, 74232, 72
2026/07/29 23:07:12.283, 293.89, 100, 74232, 72
2026/07/29 23:07:13.318, 290.05, 100, 74232, 72
2026/07/29 23:07:14.358, 303.00, 100, 74232, 71
2026/07/29 23:07:15.396, 303.90, 100, 74232, 71
2026/07/29 23:07:16.435, 305.63, 100, 74232, 71
2026/07/29 23:07:17.473, 303.45, 100, 74232, 71
2026/07/29 23:07:18.516, 305.64, 100, 74232, 71
2026/07/29 23:07:19.555, 309.66, 100, 74232, 71
2026/07/29 23:07:20.592, 306.35, 100, 74232, 71
2026/07/29 23:07:21.631, 305.81, 100, 74232, 71
2026/07/29 23:07:22.669, 298.83, 100, 74232, 71
2026/07/29 23:07:23.709, 295.96, 100, 74232, 71
2026/07/29 23:07:24.748, 303.59, 100, 74232, 71
2026/07/29 23:07:25.785, 297.93, 100, 74232, 71
2026/07/29 23:07:26.823, 308.59, 100, 74232, 71
2026/07/29 23:07:27.861, 304.73, 100, 74232, 71
2026/07/29 23:07:28.900, 296.96, 100, 74232, 71
2026/07/29 23:07:29.938, 301.52, 100, 74232, 71
2026/07/29 23:07:30.979, 298.88, 100, 74232, 71
2026/07/29 23:07:32.016, 303.35, 100, 74232, 71
2026/07/29 23:07:33.053, 302.28, 100, 74232, 71
2026/07/29 23:07:34.090, 304.86, 100, 74232, 71
2026/07/29 23:07:35.128, 298.32, 100, 74232, 71
2026/07/29 23:07:36.168, 298.22, 100, 74232, 71
2026/07/29 23:07:37.205, 298.72, 100, 74232, 70
2026/07/29 23:07:38.247, 298.21, 100, 74232, 70
2026/07/29 23:07:39.285, 295.78, 100, 74232, 70
2026/07/29 23:07:40.321, 297.25, 100, 74232, 70
2026/07/29 23:07:41.359, 298.81, 100, 74232, 70
2026/07/29 23:07:42.396, 297.76, 100, 74232, 70
2026/07/29 23:07:43.434, 295.99, 100, 74232, 70
2026/07/29 23:07:44.471, 297.92, 100, 74232, 70
2026/07/29 23:07:45.509, 293.73, 100, 74232, 70
2026/07/29 23:07:46.548, 291.90, 100, 74232, 70
2026/07/29 23:07:47.588, 295.11, 100, 74232, 70
2026/07/29 23:07:48.625, 296.19, 100, 74232, 70
2026/07/29 23:07:49.664, 303.86, 100, 74232, 70
2026/07/29 23:07:50.702, 293.15, 100, 74232, 70
2026/07/29 23:07:51.741, 294.04, 100, 74232, 70
2026/07/29 23:07:52.778, 297.14, 100, 74232, 70
2026/07/29 23:07:53.815, 297.05, 100, 74232, 70
2026/07/29 23:07:54.853, 295.21, 100, 74232, 70
2026/07/29 23:07:55.893, 303.00, 100, 74232, 70
2026/07/29 23:07:56.930, 307.96, 100, 74232, 70
2026/07/29 23:07:57.970, 292.09, 100, 74232, 70
2026/07/29 23:07:59.008, 298.61, 100, 74232, 70
2026/07/29 23:08:00.046, 303.96, 100, 74232, 70
2026/07/29 23:08:01.083, 301.00, 100, 74232, 70
2026/07/29 23:08:02.122, 303.00, 100, 74232, 70
2026/07/29 23:08:03.159, 296.95, 100, 74232, 70
2026/07/29 23:08:04.197, 302.80, 100, 74232, 70
2026/07/29 23:08:05.235, 294.61, 100, 74232, 70
2026/07/29 23:08:06.275, 295.01, 100, 74232, 70
2026/07/29 23:08:07.313, 296.47, 100, 74232, 70
2026/07/29 23:08:08.357, 300.11, 100, 74232, 70
2026/07/29 23:08:09.394, 94.25, 0, 74232, 67
2026/07/29 23:08:10.492, 300.02, 100, 74232, 71
2026/07/29 23:08:11.527, 303.89, 100, 74232, 71
2026/07/29 23:08:12.563, 315.75, 100, 74232, 71
2026/07/29 23:08:13.600, 306.55, 100, 74232, 71
2026/07/29 23:08:14.634, 291.52, 100, 74232, 71
2026/07/29 23:08:15.669, 315.91, 100, 74232, 71
2026/07/29 23:08:16.704, 301.36, 100, 74232, 70
2026/07/29 23:08:17.750, 290.03, 100, 74232, 69
2026/07/29 23:08:18.787, 294.81, 100, 74232, 69
2026/07/29 23:08:19.823, 296.56, 100, 74232, 69
2026/07/29 23:08:20.862, 293.84, 100, 74232, 70
2026/07/29 23:08:21.899, 294.23, 58, 74232, 70
2026/07/29 23:08:22.937, 304.17, 100, 74232, 70
2026/07/29 23:08:23.973, 297.16, 100, 74232, 70
2026/07/29 23:08:25.010, 298.22, 100, 74232, 70
2026/07/29 23:08:26.047, 301.05, 100, 74232, 70
2026/07/29 23:08:27.084, 301.43, 100, 74232, 70
2026/07/29 23:08:28.122, 292.27, 100, 74232, 70
2026/07/29 23:08:29.166, 296.15, 100, 74232, 70
2026/07/29 23:08:30.206, 294.34, 100, 74232, 70
2026/07/29 23:08:31.246, 295.01, 100, 74232, 70
2026/07/29 23:08:32.284, 295.89, 100, 74232, 70
2026/07/29 23:08:33.322, 301.42, 100, 74232, 70
2026/07/29 23:08:34.360, 294.32, 100, 74232, 70
2026/07/29 23:08:35.403, 301.44, 100, 74232, 70
2026/07/29 23:08:36.440, 304.53, 100, 74232, 70
2026/07/29 23:08:37.477, 303.58, 100, 74232, 70
2026/07/29 23:08:38.516, 302.89, 100, 74232, 70
2026/07/29 23:08:39.553, 300.27, 100, 74232, 70
2026/07/29 23:08:40.591, 302.90, 100, 74232, 70
2026/07/29 23:08:41.628, 300.83, 100, 74232, 70
2026/07/29 23:08:42.664, 302.22, 100, 74232, 70
2026/07/29 23:08:43.701, 301.34, 100, 74232, 70
2026/07/29 23:08:44.738, 299.28, 100, 74232, 70
2026/07/29 23:08:45.776, 301.93, 100, 74232, 70
2026/07/29 23:08:46.814, 301.45, 100, 74232, 70
2026/07/29 23:08:47.851, 302.58, 100, 74232, 70
2026/07/29 23:08:48.887, 302.41, 100, 74232, 70
2026/07/29 23:08:49.925, 302.21, 100, 74232, 70
2026/07/29 23:08:50.961, 302.80, 100, 74232, 70
2026/07/29 23:08:52.004, 290.90, 100, 74232, 70
2026/07/29 23:08:53.042, 303.37, 100, 74232, 70
2026/07/29 23:08:54.079, 301.43, 100, 74232, 70
2026/07/29 23:08:55.118, 302.67, 100, 74232, 70
2026/07/29 23:08:56.155, 301.93, 100, 74232, 70
2026/07/29 23:08:57.195, 302.69, 100, 74232, 70
2026/07/29 23:08:58.232, 293.07, 100, 74232, 70
2026/07/29 23:08:59.271, 291.40, 100, 74232, 70
2026/07/29 23:09:00.309, 293.24, 100, 74232, 70
2026/07/29 23:09:01.346, 296.46, 100, 74232, 70
2026/07/29 23:09:02.382, 296.38, 100, 74232, 70
2026/07/29 23:09:03.426, 297.84, 100, 74232, 70
2026/07/29 23:09:04.463, 296.73, 100, 74232, 70
2026/07/29 23:09:05.501, 298.82, 100, 74232, 70
2026/07/29 23:09:06.545, 301.43, 100, 74232, 70
2026/07/29 23:09:07.583, 301.73, 100, 74232, 70
2026/07/29 23:09:08.620, 302.51, 100, 74232, 70
2026/07/29 23:09:09.659, 297.08, 100, 74232, 70
2026/07/29 23:09:10.696, 302.32, 100, 74232, 70
2026/07/29 23:09:11.735, 298.40, 100, 74232, 70
2026/07/29 23:09:12.771, 299.60, 100, 74232, 70
2026/07/29 23:09:13.808, 301.43, 100, 74232, 70
2026/07/29 23:09:14.845, 299.38, 100, 74232, 70
2026/07/29 23:09:15.883, 302.41, 100, 74232, 70
2026/07/29 23:09:16.919, 303.27, 100, 74232, 70
2026/07/29 23:09:17.957, 301.55, 100, 74232, 70
2026/07/29 23:09:18.993, 302.80, 100, 74232, 70
2026/07/29 23:09:20.032, 300.76, 100, 74232, 70
2026/07/29 23:09:21.071, 296.48, 100, 74232, 70
2026/07/29 23:09:22.107, 296.17, 100, 74232, 70
2026/07/29 23:09:23.144, 296.08, 100, 74232, 70
2026/07/29 23:09:24.181, 295.13, 100, 74232, 70
2026/07/29 23:09:25.223, 295.32, 100, 74232, 70
2026/07/29 23:09:26.263, 302.39, 100, 74232, 70
2026/07/29 23:09:27.301, 300.64, 100, 74232, 70
2026/07/29 23:09:28.339, 302.87, 100, 74232, 70
2026/07/29 23:09:29.376, 290.80, 100, 74232, 70
2026/07/29 23:09:30.416, 301.85, 100, 74232, 70
2026/07/29 23:09:31.453, 303.10, 100, 74232, 70
2026/07/29 23:09:32.490, 302.90, 100, 74232, 70
2026/07/29 23:09:33.526, 301.07, 100, 74232, 70
2026/07/29 23:09:34.566, 302.44, 100, 74232, 70
2026/07/29 23:09:35.602, 290.37, 100, 74232, 70
2026/07/29 23:09:36.638, 293.16, 100, 74232, 70
2026/07/29 23:09:37.674, 296.77, 100, 74232, 70
2026/07/29 23:09:38.711, 297.15, 100, 74232, 70
2026/07/29 23:09:39.747, 301.17, 100, 74232, 70
2026/07/29 23:09:40.783, 296.28, 100, 74232, 70
2026/07/29 23:09:41.821, 295.60, 100, 74232, 70
2026/07/29 23:09:42.863, 301.74, 100, 74232, 70
2026/07/29 23:09:43.900, 303.75, 100, 74232, 70
2026/07/29 23:09:44.936, 303.09, 100, 74232, 70
2026/07/29 23:09:45.975, 302.90, 100, 74232, 70
2026/07/29 23:09:47.011, 302.12, 100, 74232, 70
2026/07/29 23:09:48.051, 303.00, 100, 74232, 70
2026/07/29 23:09:49.087, 301.62, 100, 74232, 68
2026/07/29 23:09:50.120, 293.47, 100, 74232, 71
2026/07/29 23:09:51.155, 298.03, 100, 74232, 72
2026/07/29 23:09:52.190, 318.70, 100, 74232, 72
2026/07/29 23:09:53.232, 304.17, 100, 74232, 72
2026/07/29 23:09:54.267, 273.97, 100, 74232, 72
2026/07/29 23:09:55.303, 290.04, 100, 74232, 71
2026/07/29 23:09:56.345, 303.76, 100, 74232, 70
2026/07/29 23:09:57.384, 299.29, 100, 74232, 70
2026/07/29 23:09:58.420, 301.14, 100, 74232, 70
2026/07/29 23:09:59.457, 303.28, 100, 74232, 70
2026/07/29 23:10:00.494, 287.04, 32, 74232, 71
2026/07/29 23:10:01.529, 290.54, 100, 74232, 71
2026/07/29 23:10:02.564, 280.49, 100, 74232, 71
2026/07/29 23:10:03.599, 293.45, 100, 74232, 71
2026/07/29 23:10:04.634, 282.80, 100, 74232, 72
2026/07/29 23:10:05.670, 287.64, 100, 74232, 71
2026/07/29 23:10:06.709, 302.66, 100, 74232, 72
2026/07/29 23:10:07.743, 302.61, 100, 74232, 70
2026/07/29 23:10:08.780, 304.27, 100, 74232, 70
2026/07/29 23:10:09.825, 303.86, 100, 74232, 70
2026/07/29 23:10:10.862, 303.17, 100, 74232, 70
2026/07/29 23:10:11.901, 305.34, 100, 74232, 71
2026/07/29 23:10:12.938, 305.11, 100, 74232, 71
2026/07/29 23:10:13.974, 303.55, 100, 74232, 71
2026/07/29 23:10:15.011, 306.99, 100, 74232, 71
2026/07/29 23:10:16.047, 98.36, 30, 74232, 68
2026/07/29 23:10:17.079, 297.44, 100, 74232, 72
2026/07/29 23:10:18.113, 291.33, 100, 74232, 72
2026/07/29 23:10:19.147, 314.54, 100, 74232, 72
2026/07/29 23:10:20.183, 307.96, 100, 74232, 72
2026/07/29 23:10:21.220, 271.08, 100, 74232, 72
2026/07/29 23:10:22.255, 314.37, 100, 74232, 72
2026/07/29 23:10:23.294, 276.61, 100, 74232, 70
2026/07/29 23:10:24.331, 292.20, 100, 74232, 70
2026/07/29 23:10:25.367, 296.08, 100, 74232, 70
2026/07/29 23:10:26.403, 292.92, 100, 74232, 70
2026/07/29 23:10:27.440, 292.87, 100, 74232, 71
2026/07/29 23:10:28.477, 303.25, 100, 74232, 71
2026/07/29 23:10:29.514, 301.33, 100, 74232, 71
2026/07/29 23:10:30.550, 304.90, 100, 74232, 70
2026/07/29 23:10:31.588, 289.29, 100, 74232, 70
2026/07/29 23:10:32.626, 292.19, 100, 74232, 71
2026/07/29 23:10:33.665, 295.80, 100, 74232, 71
2026/07/29 23:10:34.703, 293.44, 100, 74232, 71
2026/07/29 23:10:35.744, 293.64, 100, 74232, 71
2026/07/29 23:10:36.782, 295.20, 100, 74232, 71
2026/07/29 23:10:37.819, 302.00, 100, 74232, 71
2026/07/29 23:10:38.858, 299.60, 100, 74232, 71
2026/07/29 23:10:39.898, 305.04, 100, 74232, 71
2026/07/29 23:10:40.938, 300.74, 100, 74232, 71
2026/07/29 23:10:41.976, 303.08, 100, 74232, 71
2026/07/29 23:10:43.014, 299.90, 100, 74232, 71
2026/07/29 23:10:44.052, 302.80, 100, 74232, 71
2026/07/29 23:10:45.090, 295.70, 100, 74232, 71
2026/07/29 23:10:46.129, 299.94, 100, 74232, 71
2026/07/29 23:10:47.167, 299.38, 100, 74232, 71
2026/07/29 23:10:48.208, 299.68, 100, 74232, 71
2026/07/29 23:10:49.246, 300.55, 100, 74232, 70
2026/07/29 23:10:50.283, 303.08, 100, 74232, 70
2026/07/29 23:10:51.321, 297.61, 100, 74232, 70
2026/07/29 23:10:52.358, 295.68, 100, 74232, 70
2026/07/29 23:10:53.396, 302.82, 100, 74232, 70
2026/07/29 23:10:54.433, 294.32, 100, 74232, 70
2026/07/29 23:10:55.472, 296.26, 100, 74232, 70
2026/07/29 23:10:56.510, 303.68, 100, 74232, 70
2026/07/29 23:10:57.551, 291.71, 100, 74232, 70
2026/07/29 23:10:58.589, 295.70, 100, 74232, 70
2026/07/29 23:10:59.630, 306.67, 100, 74232, 70
2026/07/29 23:11:00.670, 302.60, 100, 74232, 70
2026/07/29 23:11:01.708, 300.18, 100, 74232, 70
2026/07/29 23:11:02.746, 299.28, 100, 74232, 70
2026/07/29 23:11:03.785, 299.77, 100, 74232, 70
2026/07/29 23:11:04.822, 298.87, 100, 74232, 70
2026/07/29 23:11:05.860, 299.98, 100, 74232, 70
2026/07/29 23:11:06.899, 300.46, 100, 74232, 70
2026/07/29 23:11:07.939, 301.93, 100, 74232, 70
2026/07/29 23:11:08.976, 302.75, 100, 74232, 70
2026/07/29 23:11:10.015, 302.59, 100, 74232, 70
2026/07/29 23:11:11.053, 300.64, 100, 74232, 70
2026/07/29 23:11:12.091, 303.67, 100, 74232, 70
2026/07/29 23:11:13.131, 301.90, 100, 74232, 70
2026/07/29 23:11:14.170, 302.85, 100, 74232, 70
2026/07/29 23:11:15.209, 298.81, 100, 74232, 70
2026/07/29 23:11:16.247, 298.19, 100, 74232, 70
2026/07/29 23:11:17.284, 295.04, 100, 74232, 70
2026/07/29 23:11:18.321, 292.86, 100, 74232, 70
2026/07/29 23:11:19.361, 291.11, 100, 74232, 70
2026/07/29 23:11:20.398, 297.53, 100, 74232, 70
2026/07/29 23:11:21.435, 306.99, 100, 74232, 70
2026/07/29 23:11:22.473, 303.17, 100, 74232, 70
2026/07/29 23:11:23.510, 296.86, 100, 74232, 70
2026/07/29 23:11:24.547, 305.08, 100, 74232, 70
2026/07/29 23:11:25.583, 298.12, 100, 74232, 70
2026/07/29 23:11:26.626, 301.54, 100, 74232, 70
2026/07/29 23:11:27.664, 292.67, 100, 74232, 70
2026/07/29 23:11:28.701, 300.65, 100, 74232, 70
2026/07/29 23:11:29.744, 302.67, 100, 74232, 70
2026/07/29 23:11:30.781, 302.50, 100, 74232, 70
2026/07/29 23:11:31.819, 301.83, 100, 74232, 70
2026/07/29 23:11:32.856, 304.06, 100, 74232, 70
2026/07/29 23:11:33.893, 301.84, 100, 74232, 70
2026/07/29 23:11:34.931, 298.71, 100, 74232, 70
2026/07/29 23:11:35.968, 302.03, 100, 74232, 70
2026/07/29 23:11:37.006, 302.67, 100, 74232, 70
2026/07/29 23:11:38.044, 303.89, 100, 74232, 70
2026/07/29 23:11:39.086, 305.23, 100, 74232, 70
2026/07/29 23:11:40.124, 295.87, 100, 74232, 70
2026/07/29 23:11:41.161, 302.49, 100, 74232, 70
2026/07/29 23:11:42.199, 301.81, 100, 74232, 70
2026/07/29 23:11:43.237, 299.70, 100, 74232, 70
2026/07/29 23:11:44.277, 303.44, 100, 74232, 70
2026/07/29 23:11:45.315, 302.86, 100, 74232, 70
2026/07/29 23:11:46.352, 301.45, 100, 74232, 70
2026/07/29 23:11:47.390, 302.40, 100, 74232, 70
2026/07/29 23:11:48.427, 303.48, 100, 74232, 70
2026/07/29 23:11:49.467, 302.78, 100, 74232, 70
2026/07/29 23:11:50.505, 296.76, 100, 74232, 70
2026/07/29 23:11:51.545, 295.60, 100, 74232, 70
2026/07/29 23:11:52.583, 291.71, 100, 74232, 70
2026/07/29 23:11:53.620, 302.70, 100, 74232, 70
2026/07/29 23:11:54.657, 300.48, 100, 74232, 70
2026/07/29 23:11:55.693, 303.58, 100, 74232, 70
2026/07/29 23:11:56.730, 301.73, 100, 74232, 70
2026/07/29 23:11:57.768, 303.36, 100, 74232, 70
2026/07/29 23:11:58.807, 302.10, 100, 74232, 70
2026/07/29 23:11:59.844, 302.48, 100, 74232, 70
2026/07/29 23:12:00.883, 294.40, 100, 74232, 70
2026/07/29 23:12:01.920, 302.78, 100, 74232, 70
2026/07/29 23:12:02.958, 298.50, 100, 74232, 71
2026/07/29 23:12:03.994, 294.91, 100, 74232, 71
2026/07/29 23:12:05.032, 292.54, 100, 74232, 72
2026/07/29 23:12:06.068, 283.00, 100, 74232, 71
2026/07/29 23:12:07.105, 294.69, 100, 74232, 71
2026/07/29 23:12:08.140, 305.37, 100, 74232, 71
2026/07/29 23:12:09.176, 302.88, 100, 74232, 70
2026/07/29 23:12:10.215, 301.00, 100, 74232, 70
2026/07/29 23:12:11.252, 301.50, 100, 74232, 70
2026/07/29 23:12:12.290, 304.07, 100, 74232, 70
2026/07/29 23:12:13.328, 302.20, 100, 74232, 70
2026/07/29 23:12:14.369, 294.72, 100, 74232, 70
2026/07/29 23:12:15.406, 297.15, 100, 74232, 70
2026/07/29 23:12:16.448, 298.33, 100, 74232, 70
2026/07/29 23:12:17.487, 302.61, 100, 74232, 70
2026/07/29 23:12:18.524, 304.07, 100, 74232, 70
2026/07/29 23:12:19.562, 301.24, 100, 74232, 70
2026/07/29 23:12:20.599, 302.38, 100, 74232, 70
2026/07/29 23:12:21.640, 302.86, 100, 74232, 70
2026/07/29 23:12:22.678, 302.51, 100, 74232, 70
2026/07/29 23:12:23.716, 297.23, 100, 74232, 70
2026/07/29 23:12:24.752, 296.27, 100, 74232, 70
2026/07/29 23:12:25.790, 296.48, 100, 74232, 70
2026/07/29 23:12:26.826, 95.13, 73, 74232, 67
2026/07/29 23:12:27.860, 301.02, 100, 74232, 71
2026/07/29 23:12:28.897, 301.57, 100, 74232, 71
2026/07/29 23:12:29.932, 289.00, 100, 74232, 71
2026/07/29 23:12:30.968, 304.44, 100, 74232, 71
2026/07/29 23:12:32.003, 299.12, 100, 74232, 71
2026/07/29 23:12:33.038, 304.53, 100, 74232, 71
2026/07/29 23:12:34.076, 301.90, 100, 74232, 70
2026/07/29 23:12:35.113, 302.89, 100, 74232, 70
2026/07/29 23:12:36.152, 298.04, 100, 74232, 70
2026/07/29 23:12:37.190, 302.11, 100, 74232, 70
2026/07/29 23:12:38.228, 303.40, 100, 74232, 70
2026/07/29 23:12:39.265, 303.13, 100, 74232, 71
2026/07/29 23:12:40.302, 312.35, 100, 74232, 72
2026/07/29 23:12:41.338, 277.34, 100, 74232, 72
2026/07/29 23:12:42.374, 259.70, 100, 74232, 72
2026/07/29 23:12:43.413, 318.29, 100, 74232, 72
2026/07/29 23:12:44.447, 284.19, 100, 74232, 72
2026/07/29 23:12:45.485, 303.27, 100, 74232, 70
2026/07/29 23:12:46.522, 303.46, 100, 74232, 70
2026/07/29 23:12:47.560, 301.04, 100, 74232, 70
2026/07/29 23:12:48.599, 303.09, 100, 74232, 70
2026/07/29 23:12:49.638, 297.82, 100, 74232, 70
2026/07/29 23:12:50.675, 294.02, 100, 74232, 70
2026/07/29 23:12:51.718, 297.83, 100, 74232, 70
2026/07/29 23:12:52.756, 303.66, 100, 74232, 71
2026/07/29 23:12:53.792, 294.71, 100, 74232, 71
2026/07/29 23:12:54.831, 303.01, 100, 74232, 71
2026/07/29 23:12:55.868, 294.91, 100, 74232, 71
2026/07/29 23:12:56.906, 294.81, 100, 74232, 71
2026/07/29 23:12:57.943, 297.72, 100, 74232, 70
2026/07/29 23:12:58.980, 293.15, 100, 74232, 70
2026/07/29 23:13:00.018, 295.50, 100, 74232, 70
2026/07/29 23:13:01.057, 297.54, 100, 74232, 70
2026/07/29 23:13:02.095, 293.94, 100, 74232, 70
2026/07/29 23:13:03.134, 294.81, 100, 74232, 70
2026/07/29 23:13:04.172, 292.98, 100, 74232, 70
2026/07/29 23:13:05.214, 297.74, 100, 74232, 70
2026/07/29 23:13:06.251, 293.06, 100, 74232, 70
2026/07/29 23:13:07.290, 296.57, 100, 74232, 70
2026/07/29 23:13:08.328, 298.05, 100, 74232, 70
2026/07/29 23:13:09.366, 300.94, 100, 74232, 70
2026/07/29 23:13:10.405, 295.88, 100, 74232, 70
2026/07/29 23:13:11.443, 304.17, 100, 74232, 70
2026/07/29 23:13:12.481, 302.10, 100, 74232, 70
2026/07/29 23:13:13.520, 295.60, 100, 74232, 70
2026/07/29 23:13:14.556, 298.31, 100, 74232, 70
2026/07/29 23:13:15.594, 297.15, 100, 74232, 70
2026/07/29 23:13:16.630, 295.59, 100, 74232, 70
2026/07/29 23:13:17.668, 298.21, 100, 74232, 72
2026/07/29 23:13:18.703, 286.29, 100, 74232, 72
2026/07/29 23:13:19.738, 299.04, 100, 74232, 72
2026/07/29 23:13:20.773, 298.52, 100, 74232, 71
2026/07/29 23:13:21.814, 298.44, 100, 74232, 71
2026/07/29 23:13:22.850, 268.38, 100, 74232, 71
2026/07/29 23:13:23.886, 298.82, 100, 74232, 71
2026/07/29 23:13:24.928, 294.13, 100, 74232, 70
2026/07/29 23:13:25.973, 286.23, 100, 74232, 70
2026/07/29 23:13:27.011, 283.50, 100, 74232, 70
2026/07/29 23:13:28.049, 288.58, 100, 74232, 70
2026/07/29 23:13:29.090, 285.73, 100, 74232, 70
2026/07/29 23:13:30.127, 285.37, 100, 74232, 70
2026/07/29 23:13:31.165, 296.95, 100, 74232, 70
2026/07/29 23:13:32.202, 290.85, 100, 74232, 70
2026/07/29 23:13:33.240, 290.05, 100, 74232, 70
2026/07/29 23:13:34.278, 296.96, 100, 74232, 70
2026/07/29 23:13:35.317, 302.10, 100, 74232, 70
2026/07/29 23:13:36.354, 303.00, 100, 74232, 70
2026/07/29 23:13:37.392, 95.62, 100, 74232, 68
2026/07/29 23:13:38.423, 305.42, 100, 74232, 72
2026/07/29 23:13:39.459, 288.61, 100, 74232, 72
2026/07/29 23:13:40.494, 276.22, 100, 74232, 72
2026/07/29 23:13:41.536, 296.84, 100, 74232, 72
2026/07/29 23:13:42.571, 305.19, 100, 74232, 72
2026/07/29 23:13:43.609, 306.04, 100, 74232, 72
2026/07/29 23:13:44.648, 267.48, 100, 74232, 70
2026/07/29 23:13:45.686, 282.06, 100, 74232, 70
2026/07/29 23:13:46.724, 288.79, 100, 74232, 70
2026/07/29 23:13:47.762, 302.99, 100, 74232, 70
2026/07/29 23:13:48.801, 303.38, 100, 74232, 70
2026/07/29 23:13:49.839, 299.99, 100, 74232, 71
2026/07/29 23:13:50.876, 300.47, 100, 74232, 71
2026/07/29 23:13:51.915, 303.11, 100, 74232, 71
2026/07/29 23:13:52.953, 298.59, 100, 74232, 71
2026/07/29 23:13:53.994, 299.91, 100, 74232, 71
2026/07/29 23:13:55.032, 300.67, 100, 74232, 71
2026/07/29 23:13:56.070, 303.78, 100, 74232, 71
2026/07/29 23:13:57.108, 305.83, 100, 74232, 71
2026/07/29 23:13:58.145, 305.33, 100, 74232, 71
2026/07/29 23:13:59.183, 301.06, 100, 74232, 71
2026/07/29 23:14:00.220, 304.33, 100, 74232, 71
2026/07/29 23:14:01.256, 304.44, 100, 74232, 71
2026/07/29 23:14:02.292, 304.71, 100, 74232, 71
2026/07/29 23:14:03.338, 302.20, 100, 74232, 71
2026/07/29 23:14:04.375, 295.49, 100, 74232, 71
2026/07/29 23:14:05.413, 297.44, 100, 74232, 71
2026/07/29 23:14:06.451, 303.77, 100, 74232, 70
2026/07/29 23:14:07.489, 301.21, 100, 74232, 70
2026/07/29 23:14:08.526, 295.59, 100, 74232, 70
2026/07/29 23:14:09.563, 297.15, 100, 74232, 70
2026/07/29 23:14:10.601, 298.21, 100, 74232, 70
2026/07/29 23:14:11.638, 298.71, 100, 74232, 70
2026/07/29 23:14:12.676, 297.26, 100, 74232, 70
2026/07/29 23:14:13.717, 301.54, 100, 74232, 70
2026/07/29 23:14:14.757, 302.33, 100, 74232, 70
2026/07/29 23:14:15.795, 297.74, 100, 74232, 70
2026/07/29 23:14:16.832, 296.16, 100, 74232, 70
2026/07/29 23:14:17.871, 294.81, 100, 74232, 70
2026/07/29 23:14:18.909, 297.45, 100, 74232, 70
2026/07/29 23:14:19.947, 303.48, 100, 74232, 70
2026/07/29 23:14:20.985, 299.31, 100, 74232, 70
2026/07/29 23:14:22.029, 302.71, 100, 74232, 70
2026/07/29 23:14:23.066, 303.98, 100, 74232, 70
2026/07/29 23:14:24.103, 297.55, 100, 74232, 70
2026/07/29 23:14:25.141, 300.66, 100, 74232, 70
2026/07/29 23:14:26.179, 295.50, 100, 74232, 70
2026/07/29 23:14:27.218, 297.65, 100, 74232, 70
2026/07/29 23:14:28.256, 303.98, 100, 74232, 70
2026/07/29 23:14:29.295, 303.66, 100, 74232, 70
2026/07/29 23:14:30.333, 302.58, 100, 74232, 70
2026/07/29 23:14:31.370, 299.49, 100, 74232, 70
2026/07/29 23:14:32.407, 304.27, 100, 74232, 70
2026/07/29 23:14:33.447, 298.61, 100, 74232, 70
2026/07/29 23:14:34.485, 292.57, 100, 74232, 70
2026/07/29 23:14:35.523, 295.41, 100, 74232, 70
2026/07/29 23:14:36.564, 297.17, 100, 74232, 70
2026/07/29 23:14:37.600, 296.69, 100, 74232, 70
2026/07/29 23:14:38.636, 294.42, 100, 74232, 70
2026/07/29 23:14:39.673, 296.66, 100, 74232, 70
2026/07/29 23:14:40.711, 304.33, 100, 74232, 70
2026/07/29 23:14:41.754, 302.86, 100, 74232, 70
2026/07/29 23:14:42.791, 298.82, 100, 74232, 70
2026/07/29 23:14:43.836, 330.73, 0, 74232, 70
2026/07/29 23:14:44.872, 303.32, 100, 74232, 70
2026/07/29 23:14:45.911, 299.85, 100, 74232, 70
2026/07/29 23:14:46.948, 298.51, 100, 74232, 70
2026/07/29 23:14:47.985, 298.39, 100, 74232, 70
2026/07/29 23:14:49.022, 299.57, 100, 74232, 70
2026/07/29 23:14:50.058, 300.75, 100, 74232, 70
2026/07/29 23:14:51.095, 295.30, 100, 74232, 70
2026/07/29 23:14:52.132, 296.18, 100, 74232, 70
2026/07/29 23:14:53.170, 302.51, 100, 74232, 70
2026/07/29 23:14:54.207, 302.04, 100, 74232, 70
2026/07/29 23:14:55.245, 300.77, 100, 74232, 70
2026/07/29 23:14:56.282, 303.84, 100, 74232, 70
2026/07/29 23:14:57.321, 298.39, 100, 74232, 70
2026/07/29 23:14:58.358, 296.18, 100, 74232, 70
2026/07/29 23:14:59.399, 292.00, 100, 74232, 70
2026/07/29 23:15:00.437, 292.87, 100, 74232, 70
2026/07/29 23:15:01.473, 296.37, 100, 74232, 70
2026/07/29 23:15:02.511, 293.35, 100, 74232, 70
2026/07/29 23:15:03.547, 294.05, 100, 74232, 70
2026/07/29 23:15:04.585, 295.31, 100, 74232, 70
2026/07/29 23:15:05.622, 295.41, 100, 74232, 70
2026/07/29 23:15:06.659, 304.75, 100, 74232, 70
2026/07/29 23:15:07.697, 300.55, 100, 74232, 70
2026/07/29 23:15:08.735, 305.80, 100, 74232, 70
2026/07/29 23:15:09.771, 302.38, 100, 74232, 70
2026/07/29 23:15:10.808, 306.11, 100, 74232, 70
2026/07/29 23:15:11.845, 296.28, 100, 74232, 70
2026/07/29 23:15:12.882, 297.71, 100, 74232, 70
2026/07/29 23:15:13.919, 292.27, 100, 74232, 70
2026/07/29 23:15:14.955, 298.70, 100, 74232, 70
2026/07/29 23:15:15.992, 295.99, 100, 74232, 70
2026/07/29 23:15:17.029, 294.32, 100, 74232, 70
2026/07/29 23:15:18.067, 292.87, 100, 74232, 70
2026/07/29 23:15:19.104, 292.86, 100, 74232, 70
2026/07/29 23:15:20.140, 303.27, 100, 74232, 70
2026/07/29 23:15:21.177, 302.10, 100, 74232, 70
2026/07/29 23:15:22.215, 295.48, 100, 74232, 70
2026/07/29 23:15:23.252, 295.68, 100, 74232, 70
2026/07/29 23:15:24.289, 297.63, 100, 74232, 70
2026/07/29 23:15:25.328, 302.89, 100, 74232, 70
2026/07/29 23:15:26.366, 300.43, 100, 74232, 70
2026/07/29 23:15:27.404, 299.73, 100, 74232, 70
2026/07/29 23:15:28.442, 304.07, 100, 74232, 70
2026/07/29 23:15:29.480, 290.71, 100, 74232, 70
2026/07/29 23:15:30.517, 298.12, 100, 74232, 70
2026/07/29 23:15:31.553, 300.46, 100, 74232, 70
2026/07/29 23:15:32.590, 300.95, 100, 74232, 70
2026/07/29 23:15:33.627, 301.91, 100, 74232, 70
2026/07/29 23:15:34.664, 301.15, 100, 74232, 70
2026/07/29 23:15:35.701, 294.52, 100, 74232, 70
2026/07/29 23:15:36.741, 293.94, 100, 74232, 70
2026/07/29 23:15:37.778, 297.93, 100, 74232, 70
2026/07/29 23:15:38.816, 301.14, 100, 74232, 70
2026/07/29 23:15:39.854, 302.20, 100, 74232, 70
2026/07/29 23:15:40.891, 301.63, 100, 74232, 70
2026/07/29 23:15:41.928, 300.74, 100, 74232, 70
2026/07/29 23:15:42.966, 302.02, 100, 74232, 70
2026/07/29 23:15:44.005, 300.75, 100, 74232, 70
2026/07/29 23:15:45.041, 294.33, 100, 74232, 70
2026/07/29 23:15:46.079, 293.74, 100, 74232, 70
2026/07/29 23:15:47.116, 295.78, 100, 74232, 70
2026/07/29 23:15:48.153, 294.23, 100, 74232, 70
2026/07/29 23:15:49.190, 293.55, 100, 74232, 69
2026/07/29 23:15:50.228, 294.92, 100, 74232, 70
2026/07/29 23:15:51.265, 295.21, 100, 74232, 69
2026/07/29 23:15:52.302, 294.23, 100, 74232, 69
2026/07/29 23:15:53.338, 295.01, 100, 74232, 69
2026/07/29 23:15:54.374, 294.52, 100, 74232, 70
2026/07/29 23:15:55.411, 300.57, 100, 74232, 70
2026/07/29 23:15:56.448, 297.15, 100, 74232, 69
2026/07/29 23:15:57.483, 301.34, 100, 74232, 69
2026/07/29 23:15:58.520, 299.20, 100, 74232, 70
2026/07/29 23:15:59.557, 300.94, 100, 74232, 70
2026/07/29 23:16:00.596, 300.65, 100, 74232, 69
2026/07/29 23:16:01.634, 300.95, 100, 74232, 70
2026/07/29 23:16:02.673, 299.08, 100, 74232, 69
2026/07/29 23:16:03.710, 300.53, 100, 74232, 69
2026/07/29 23:16:04.747, 299.58, 100, 74232, 69
2026/07/29 23:16:05.783, 302.09, 100, 74232, 69
2026/07/29 23:16:06.820, 298.50, 100, 74232, 69
2026/07/29 23:16:07.858, 300.66, 100, 74232, 69
2026/07/29 23:16:08.896, 291.33, 100, 74232, 69
2026/07/29 23:16:09.936, 287.51, 100, 74232, 69
2026/07/29 23:16:10.977, 293.93, 100, 74232, 69
2026/07/29 23:16:12.014, 289.63, 100, 74232, 69
2026/07/29 23:16:13.056, 292.48, 100, 74232, 69
2026/07/29 23:16:14.096, 293.43, 100, 74232, 69
2026/07/29 23:16:15.134, 295.44, 100, 74232, 69
2026/07/29 23:16:16.174, 303.14, 100, 74232, 69
2026/07/29 23:16:17.212, 297.56, 100, 74232, 69
2026/07/29 23:16:18.248, 303.19, 100, 74232, 69
2026/07/29 23:16:19.285, 305.82, 100, 74232, 69
2026/07/29 23:16:20.321, 298.31, 100, 74232, 69
2026/07/29 23:16:21.357, 302.98, 100, 74232, 70
2026/07/29 23:16:22.395, 302.13, 100, 74232, 70
2026/07/29 23:16:23.432, 299.08, 100, 74232, 69
2026/07/29 23:16:24.470, 293.17, 100, 74232, 69
2026/07/29 23:16:25.508, 302.53, 100, 74232, 69
2026/07/29 23:16:26.544, 294.53, 100, 74232, 70
2026/07/29 23:16:27.581, 303.19, 100, 74232, 69
2026/07/29 23:16:28.619, 302.30, 100, 74232, 70
2026/07/29 23:16:29.654, 302.51, 100, 74232, 70
2026/07/29 23:16:30.691, 297.48, 100, 74232, 71
2026/07/29 23:16:31.727, 299.73, 100, 74232, 71
2026/07/29 23:16:32.761, 295.79, 100, 74232, 71
2026/07/29 23:16:33.797, 297.73, 100, 74232, 71
2026/07/29 23:16:34.834, 311.08, 100, 74232, 71
2026/07/29 23:16:35.869, 305.19, 100, 74232, 71
2026/07/29 23:16:36.902, 301.93, 100, 74232, 70
2026/07/29 23:16:37.938, 303.27, 100, 74232, 70
2026/07/29 23:16:38.974, 301.82, 100, 74232, 70
2026/07/29 23:16:40.013, 301.74, 100, 74232, 70
2026/07/29 23:16:41.051, 296.88, 100, 74232, 70
2026/07/29 23:16:42.091, 390.45, 33, 74232, 70
2026/07/29 23:16:43.126, 302.12, 100, 74232, 71
2026/07/29 23:16:44.160, 305.05, 100, 74232, 71
2026/07/29 23:16:45.196, 308.40, 100, 74232, 71
2026/07/29 23:16:46.233, 309.13, 100, 74232, 71
2026/07/29 23:16:47.268, 304.92, 100, 74232, 71
2026/07/29 23:16:48.304, 303.49, 100, 74232, 71
2026/07/29 23:16:49.354, 299.09, 100, 74232, 69
2026/07/29 23:16:50.390, 292.88, 100, 74232, 70
2026/07/29 23:16:51.426, 296.48, 100, 74232, 69
2026/07/29 23:16:52.474, 95.83, 56, 74232, 67
2026/07/29 23:16:53.507, 94.04, 0, 74232, 66
2026/07/29 23:16:54.539, 92.46, 0, 74232, 65
2026/07/29 23:16:55.570, 92.86, 0, 74232, 65
2026/07/29 23:16:56.601, 92.16, 0, 74232, 64
2026/07/29 23:16:57.633, 91.48, 0, 74232, 64
2026/07/29 23:16:58.666, 91.08, 0, 74232, 63
2026/07/29 23:16:59.698, 90.54, 0, 74232, 63
2026/07/29 23:17:00.730, 89.78, 0, 74232, 62
2026/07/29 23:17:01.762, 89.39, 0, 74232, 62
2026/07/29 23:17:02.794, 88.01, 0, 74232, 62
2026/07/29 23:17:03.826, 86.93, 0, 74232, 61
2026/07/29 23:17:04.857, 86.57, 0, 74232, 61
2026/07/29 23:17:05.888, 86.09, 0, 74232, 60
2026/07/29 23:17:06.920, 85.69, 0, 74232, 60
2026/07/29 23:17:07.952, 85.39, 0, 74232, 60
2026/07/29 23:17:08.981, 85.17, 0, 74232, 59
2026/07/29 23:17:10.009, 84.81, 0, 74232, 59
2026/07/29 23:17:11.040, 84.21, 0, 74232, 59
2026/07/29 23:17:12.071, 84.09, 0, 74232, 58
2026/07/29 23:17:13.104, 83.82, 0, 74232, 58
2026/07/29 23:17:14.135, 83.26, 0, 74232, 58
2026/07/29 23:17:15.164, 83.32, 0, 74232, 58
2026/07/29 23:17:16.194, 82.92, 0, 74232, 57
2026/07/29 23:17:17.224, 82.64, 0, 74232, 57
2026/07/29 23:17:18.255, 82.30, 0, 74232, 57
2026/07/29 23:17:19.498, 303.20, 100, 74232, 62
2026/07/29 23:17:20.531, 299.90, 100, 74232, 62
2026/07/29 23:17:21.564, 312.41, 100, 74232, 63
2026/07/29 23:17:22.597, 299.75, 100, 74232, 63
2026/07/29 23:17:23.634, 267.64, 100, 74232, 61
2026/07/29 23:17:24.671, 290.54, 100, 74232, 62
2026/07/29 23:17:25.709, 310.92, 100, 74232, 62
2026/07/29 23:17:26.745, 302.23, 100, 74232, 62
2026/07/29 23:17:27.782, 297.53, 100, 74232, 62
2026/07/29 23:17:28.817, 291.70, 100, 74232, 63
2026/07/29 23:17:29.853, 295.98, 100, 74232, 63
2026/07/29 23:17:30.891, 302.66, 100, 74232, 65
2026/07/29 23:17:31.924, 288.78, 100, 74232, 65
2026/07/29 23:17:32.956, 289.62, 100, 74232, 65
2026/07/29 23:17:33.991, 306.80, 100, 74232, 65
2026/07/29 23:17:35.031, 293.45, 100, 74232, 64
2026/07/29 23:17:36.422, 295.80, 100, 74232, 64
2026/07/29 23:17:37.457, 299.68, 100, 74232, 64
2026/07/29 23:17:38.494, 293.93, 100, 74232, 64
2026/07/29 23:17:39.531, 300.15, 100, 74232, 65
2026/07/29 23:17:40.570, 289.17, 100, 74232, 65
2026/07/29 23:17:41.607, 294.23, 100, 74232, 65
2026/07/29 23:17:42.643, 286.94, 100, 74232, 66
2026/07/29 23:17:43.677, 297.36, 100, 74232, 67
2026/07/29 23:17:44.711, 299.76, 100, 74232, 67
2026/07/29 23:17:45.745, 291.49, 100, 74232, 67
2026/07/29 23:17:46.778, 298.30, 100, 74232, 67
2026/07/29 23:17:47.812, 302.21, 100, 74232, 66
2026/07/29 23:17:48.848, 306.40, 100, 74232, 66
2026/07/29 23:17:49.884, 292.78, 100, 74232, 66
2026/07/29 23:17:50.919, 304.25, 100, 74232, 66
2026/07/29 23:17:51.961, 301.17, 100, 74232, 66
2026/07/29 23:17:52.998, 299.39, 100, 74232, 67
2026/07/29 23:17:54.035, 312.25, 100, 74232, 69
2026/07/29 23:17:55.070, 292.73, 100, 74232, 68
2026/07/29 23:17:56.111, 303.86, 100, 74232, 69
2026/07/29 23:17:57.146, 303.60, 100, 74232, 69
2026/07/29 23:17:58.181, 259.85, 100, 74232, 67
2026/07/29 23:17:59.218, 287.89, 100, 74232, 67
2026/07/29 23:18:00.255, 281.52, 100, 74232, 67
2026/07/29 23:18:01.291, 298.21, 100, 74232, 67
2026/07/29 23:18:02.327, 298.52, 100, 74232, 69
2026/07/29 23:18:03.367, 307.29, 100, 74232, 69
2026/07/29 23:18:04.401, 316.48, 100, 74232, 70
2026/07/29 23:18:05.434, 261.01, 100, 74232, 69
2026/07/29 23:18:06.468, 289.35, 100, 74232, 70
2026/07/29 23:18:07.506, 292.49, 100, 74232, 68
2026/07/29 23:18:08.544, 305.19, 100, 74232, 68
2026/07/29 23:18:09.582, 308.54, 100, 74232, 68
2026/07/29 23:18:10.621, 297.15, 100, 74232, 68
2026/07/29 23:18:11.659, 301.80, 100, 74232, 68
2026/07/29 23:18:12.696, 296.18, 100, 74232, 68
2026/07/29 23:18:13.734, 292.39, 100, 74232, 69
2026/07/29 23:18:14.771, 294.92, 100, 74232, 68
2026/07/29 23:18:15.807, 301.40, 100, 74232, 69
2026/07/29 23:18:16.843, 290.36, 100, 74232, 69
2026/07/29 23:18:17.881, 294.24, 100, 74232, 69
2026/07/29 23:18:18.919, 302.89, 100, 74232, 69
2026/07/29 23:18:19.956, 299.80, 100, 74232, 69
2026/07/29 23:18:20.998, 274.68, 100, 74232, 70
2026/07/29 23:18:22.034, 309.31, 100, 74232, 71
2026/07/29 23:18:23.071, 285.07, 100, 74232, 70
2026/07/29 23:18:24.106, 285.74, 100, 74232, 71
2026/07/29 23:18:25.143, 326.37, 100, 74232, 71
2026/07/29 23:18:26.184, 282.85, 100, 74232, 70
2026/07/29 23:18:27.220, 315.97, 100, 74232, 71
2026/07/29 23:18:28.257, 301.92, 100, 74232, 69
2026/07/29 23:18:29.296, 303.76, 100, 74232, 69
2026/07/29 23:18:30.333, 301.33, 100, 74232, 69
2026/07/29 23:18:31.372, 291.23, 100, 74232, 71
2026/07/29 23:18:32.409, 294.80, 100, 74232, 71
2026/07/29 23:18:33.445, 300.67, 100, 74232, 71
2026/07/29 23:18:34.479, 295.95, 100, 74232, 71
2026/07/29 23:18:35.514, 310.51, 100, 74232, 71
2026/07/29 23:18:36.550, 293.60, 100, 74232, 71
2026/07/29 23:18:37.589, 326.22, 100, 74232, 72
2026/07/29 23:18:38.631, 298.80, 100, 74232, 70
2026/07/29 23:18:39.668, 301.15, 100, 74232, 70
2026/07/29 23:18:40.705, 308.05, 100, 74232, 70
2026/07/29 23:18:41.744, 296.26, 100, 74232, 70
2026/07/29 23:18:42.781, 285.37, 100, 74232, 71
2026/07/29 23:18:43.818, 293.13, 100, 74232, 72
2026/07/29 23:18:44.854, 295.71, 100, 74232, 72
2026/07/29 23:18:45.888, 304.76, 100, 74232, 72
2026/07/29 23:18:46.924, 316.11, 100, 74232, 72
2026/07/29 23:18:47.963, 315.15, 100, 74232, 72
2026/07/29 23:18:48.999, 282.60, 100, 74232, 72
2026/07/29 23:18:50.035, 292.87, 100, 74232, 70
2026/07/29 23:18:51.076, 293.27, 100, 74232, 70
2026/07/29 23:18:52.119, 286.92, 100, 74232, 70
2026/07/29 23:18:53.158, 295.50, 100, 74232, 70
2026/07/29 23:18:54.198, 301.81, 100, 74232, 71
2026/07/29 23:18:55.237, 291.99, 100, 74232, 70
2026/07/29 23:18:56.275, 297.05, 100, 74232, 71
2026/07/29 23:18:57.314, 292.97, 100, 74232, 71
2026/07/29 23:18:58.351, 291.91, 100, 74232, 71
2026/07/29 23:18:59.392, 297.26, 100, 74232, 71
2026/07/29 23:19:00.429, 298.51, 100, 74232, 71
2026/07/29 23:19:01.466, 297.84, 100, 74232, 71
2026/07/29 23:19:02.504, 294.90, 100, 74232, 71
2026/07/29 23:19:03.542, 300.39, 100, 74232, 71
2026/07/29 23:19:04.580, 304.66, 100, 74232, 71
2026/07/29 23:19:05.617, 305.18, 100, 74232, 71
2026/07/29 23:19:06.654, 303.55, 100, 74232, 71
2026/07/29 23:19:07.692, 301.91, 100, 74232, 70
2026/07/29 23:19:08.731, 303.76, 100, 74232, 71
2026/07/29 23:19:09.769, 295.12, 100, 74232, 70
2026/07/29 23:19:10.806, 297.32, 100, 74232, 70
2026/07/29 23:19:11.844, 295.40, 100, 74232, 70
2026/07/29 23:19:12.885, 294.80, 100, 74232, 70
2026/07/29 23:19:13.922, 298.20, 100, 74232, 70
2026/07/29 23:19:14.966, 302.29, 100, 74232, 70
2026/07/29 23:19:16.004, 299.15, 100, 74232, 70
2026/07/29 23:19:17.041, 303.39, 100, 74232, 70
2026/07/29 23:19:18.078, 294.80, 100, 74232, 70
2026/07/29 23:19:19.115, 297.45, 100, 74232, 70
2026/07/29 23:19:20.152, 293.35, 100, 74232, 70
2026/07/29 23:19:21.191, 297.15, 100, 74232, 70
2026/07/29 23:19:22.228, 298.24, 100, 74232, 70
2026/07/29 23:19:23.265, 297.56, 100, 74232, 70
2026/07/29 23:19:24.303, 293.46, 100, 74232, 70
2026/07/29 23:19:25.339, 296.38, 100, 74232, 70
2026/07/29 23:19:26.376, 296.86, 100, 74232, 70
2026/07/29 23:19:27.415, 297.53, 100, 74232, 70
2026/07/29 23:19:28.454, 295.61, 100, 74232, 70
2026/07/29 23:19:29.491, 292.28, 100, 74232, 70
2026/07/29 23:19:30.529, 297.04, 100, 74232, 70
2026/07/29 23:19:31.567, 297.93, 100, 74232, 70
2026/07/29 23:19:32.605, 297.57, 100, 74232, 70
2026/07/29 23:19:33.642, 301.64, 100, 74232, 70
2026/07/29 23:19:34.679, 303.65, 100, 74232, 70
2026/07/29 23:19:35.716, 304.74, 100, 74232, 70
2026/07/29 23:19:36.754, 307.39, 100, 74232, 70
2026/07/29 23:19:37.791, 302.60, 100, 74232, 70
2026/07/29 23:19:38.827, 305.13, 100, 74232, 70
2026/07/29 23:19:39.864, 297.24, 100, 74232, 70
2026/07/29 23:19:40.901, 290.80, 100, 74232, 70
2026/07/29 23:19:41.937, 296.28, 100, 74232, 70
2026/07/29 23:19:42.975, 295.80, 100, 74232, 70
2026/07/29 23:19:44.013, 293.94, 100, 74232, 70
2026/07/29 23:19:45.050, 294.04, 100, 74232, 70
2026/07/29 23:19:46.087, 295.89, 100, 74232, 70
2026/07/29 23:19:47.125, 294.72, 100, 74232, 70
2026/07/29 23:19:48.162, 300.67, 100, 74232, 70
2026/07/29 23:19:49.198, 295.88, 100, 74232, 70
2026/07/29 23:19:50.234, 294.13, 100, 74232, 70
2026/07/29 23:19:51.270, 295.99, 100, 74232, 70
2026/07/29 23:19:52.308, 296.85, 100, 74232, 70
2026/07/29 23:19:53.343, 297.26, 100, 74232, 70
2026/07/29 23:19:54.383, 292.67, 100, 74232, 70
2026/07/29 23:19:55.420, 299.98, 100, 74232, 70
2026/07/29 23:19:56.456, 304.64, 100, 74232, 70
2026/07/29 23:19:57.492, 294.34, 100, 74232, 70
2026/07/29 23:19:58.530, 300.67, 100, 74232, 70
2026/07/29 23:19:59.567, 295.11, 100, 74232, 70
2026/07/29 23:20:00.604, 302.68, 100, 74232, 70
2026/07/29 23:20:01.639, 303.86, 100, 74232, 70
2026/07/29 23:20:02.677, 301.35, 100, 74232, 70
2026/07/29 23:20:03.714, 307.85, 100, 74232, 70
2026/07/29 23:20:04.752, 298.92, 100, 74232, 70
2026/07/29 23:20:05.788, 304.86, 100, 74232, 70
2026/07/29 23:20:06.825, 308.15, 100, 74232, 70
2026/07/29 23:20:07.864, 303.19, 100, 74232, 70
2026/07/29 23:20:08.904, 298.60, 100, 74232, 70
2026/07/29 23:20:09.941, 304.26, 100, 74232, 70
2026/07/29 23:20:10.980, 297.84, 100, 74232, 70
2026/07/29 23:20:12.016, 300.17, 100, 74232, 70
2026/07/29 23:20:13.054, 303.40, 100, 74232, 70
2026/07/29 23:20:14.092, 297.33, 100, 74232, 70
2026/07/29 23:20:15.128, 297.55, 100, 74232, 70
2026/07/29 23:20:16.167, 295.88, 100, 74232, 70
2026/07/29 23:20:17.203, 297.45, 100, 74232, 70
2026/07/29 23:20:18.240, 297.34, 100, 74232, 70
2026/07/29 23:20:19.276, 309.43, 100, 74232, 70
2026/07/29 23:20:20.312, 297.74, 100, 74232, 70
2026/07/29 23:20:21.349, 303.88, 100, 74232, 70
2026/07/29 23:20:22.387, 304.42, 100, 74232, 70
2026/07/29 23:20:23.424, 299.68, 100, 74232, 70
2026/07/29 23:20:24.460, 302.59, 100, 74232, 70
2026/07/29 23:20:25.497, 295.90, 100, 74232, 70
2026/07/29 23:20:26.533, 296.96, 100, 74232, 70
2026/07/29 23:20:27.570, 302.62, 100, 74232, 70
2026/07/29 23:20:28.605, 299.02, 100, 74232, 70
2026/07/29 23:20:29.639, 302.23, 100, 74232, 70
2026/07/29 23:20:30.677, 303.57, 100, 74232, 70
2026/07/29 23:20:31.713, 301.99, 100, 74232, 70
2026/07/29 23:20:32.753, 304.46, 100, 74232, 70
2026/07/29 23:20:33.789, 301.24, 100, 74232, 70
2026/07/29 23:20:34.828, 306.79, 100, 74232, 70
2026/07/29 23:20:35.866, 302.71, 100, 74232, 70
2026/07/29 23:20:36.904, 304.85, 100, 74232, 70
2026/07/29 23:20:37.945, 292.48, 100, 74232, 70
2026/07/29 23:20:38.981, 293.86, 100, 74232, 70
2026/07/29 23:20:40.018, 295.59, 100, 74232, 70
2026/07/29 23:20:41.055, 296.18, 100, 74232, 70
2026/07/29 23:20:42.096, 295.49, 100, 74232, 70
2026/07/29 23:20:43.132, 304.26, 100, 74232, 70
2026/07/29 23:20:44.170, 293.83, 100, 74232, 70
2026/07/29 23:20:45.207, 296.07, 100, 74232, 70
2026/07/29 23:20:46.245, 302.21, 100, 74232, 70
2026/07/29 23:20:47.282, 298.62, 100, 74232, 70
2026/07/29 23:20:48.319, 299.40, 100, 74232, 70
2026/07/29 23:20:49.356, 297.84, 100, 74232, 70
2026/07/29 23:20:50.395, 292.58, 100, 74232, 70
2026/07/29 23:20:51.433, 296.28, 100, 74232, 70
2026/07/29 23:20:52.472, 301.93, 100, 74232, 70
2026/07/29 23:20:53.509, 302.71, 100, 74232, 70
2026/07/29 23:20:54.547, 303.16, 100, 74232, 70
2026/07/29 23:20:55.585, 303.65, 100, 74232, 70
2026/07/29 23:20:56.622, 304.26, 100, 74232, 70
2026/07/29 23:20:57.660, 296.58, 100, 74232, 70
2026/07/29 23:20:58.698, 290.64, 100, 74232, 70
2026/07/29 23:20:59.736, 302.23, 100, 74232, 70
2026/07/29 23:21:00.772, 299.67, 100, 74232, 70
2026/07/29 23:21:01.811, 303.86, 100, 74232, 70
2026/07/29 23:21:02.847, 303.30, 100, 74232, 69
2026/07/29 23:21:03.887, 296.38, 100, 74232, 69
2026/07/29 23:21:04.924, 296.45, 100, 74232, 69
2026/07/29 23:21:05.962, 295.97, 100, 74232, 69
2026/07/29 23:21:07.000, 295.31, 100, 74232, 69
2026/07/29 23:21:08.038, 296.47, 100, 74232, 69
2026/07/29 23:21:09.075, 295.32, 100, 74232, 69
2026/07/29 23:21:10.112, 296.18, 100, 74232, 69
2026/07/29 23:21:11.150, 293.36, 100, 74232, 69
2026/07/29 23:21:12.186, 291.78, 100, 74232, 69
2026/07/29 23:21:13.227, 295.21, 100, 74232, 69
2026/07/29 23:21:14.266, 295.61, 100, 74232, 69
2026/07/29 23:21:15.304, 299.29, 100, 74232, 69
2026/07/29 23:21:16.342, 296.07, 100, 74232, 69
2026/07/29 23:21:17.379, 302.78, 100, 74232, 70
2026/07/29 23:21:18.416, 297.93, 100, 74232, 70
2026/07/29 23:21:19.452, 301.14, 100, 74232, 70
2026/07/29 23:21:20.490, 298.91, 100, 74232, 70
2026/07/29 23:21:21.532, 303.27, 100, 74232, 70
2026/07/29 23:21:22.569, 303.77, 100, 74232, 70
2026/07/29 23:21:23.605, 298.71, 100, 74232, 70
2026/07/29 23:21:24.643, 294.91, 100, 74232, 70
2026/07/29 23:21:25.681, 293.72, 100, 74232, 69
2026/07/29 23:21:26.718, 302.39, 100, 74232, 70
2026/07/29 23:21:27.755, 301.14, 100, 74232, 70
2026/07/29 23:21:28.791, 292.59, 100, 74232, 70
2026/07/29 23:21:29.829, 299.77, 100, 74232, 70
2026/07/29 23:21:30.865, 302.22, 100, 74232, 70
2026/07/29 23:21:31.902, 303.20, 100, 74232, 69
2026/07/29 23:21:32.939, 291.79, 100, 74232, 69
2026/07/29 23:21:33.975, 296.74, 100, 74232, 69
2026/07/29 23:21:35.012, 293.83, 100, 74232, 69
2026/07/29 23:21:36.048, 301.82, 100, 74232, 69
2026/07/29 23:21:37.086, 294.03, 100, 74232, 69
2026/07/29 23:21:38.123, 295.97, 100, 74232, 69
2026/07/29 23:21:39.159, 295.99, 100, 74232, 69
2026/07/29 23:21:40.195, 295.10, 100, 74232, 69
2026/07/29 23:21:41.232, 297.34, 100, 74232, 69
2026/07/29 23:21:42.269, 293.85, 100, 74232, 69
2026/07/29 23:21:43.310, 295.61, 100, 74232, 69
2026/07/29 23:21:44.347, 297.53, 100, 74232, 69
2026/07/29 23:21:45.383, 297.16, 100, 74232, 69
2026/07/29 23:21:46.421, 297.05, 100, 74232, 69
2026/07/29 23:21:47.457, 301.64, 100, 74232, 69
2026/07/29 23:21:48.495, 303.96, 100, 74232, 69
2026/07/29 23:21:49.532, 300.94, 100, 74232, 69
2026/07/29 23:21:50.569, 299.41, 100, 74232, 69
2026/07/29 23:21:51.606, 302.71, 100, 74232, 70
2026/07/29 23:21:52.643, 303.48, 100, 74232, 70
2026/07/29 23:21:53.680, 302.81, 100, 74232, 70
2026/07/29 23:21:54.718, 304.52, 100, 74232, 70
2026/07/29 23:21:55.756, 298.12, 100, 74232, 70
2026/07/29 23:21:56.794, 296.86, 100, 74232, 70
2026/07/29 23:21:57.831, 290.42, 100, 74232, 69
2026/07/29 23:21:58.869, 295.31, 100, 74232, 70
2026/07/29 23:21:59.906, 295.61, 100, 74232, 70
2026/07/29 23:22:00.944, 295.58, 100, 74232, 70
2026/07/29 23:22:01.980, 297.16, 100, 74232, 70
2026/07/29 23:22:03.021, 297.25, 100, 74232, 70
2026/07/29 23:22:04.058, 293.76, 100, 74232, 70
2026/07/29 23:22:05.094, 301.04, 100, 74232, 70
2026/07/29 23:22:06.132, 297.33, 100, 74232, 70
2026/07/29 23:22:07.170, 299.10, 100, 74232, 70
2026/07/29 23:22:08.210, 302.48, 100, 74232, 70
2026/07/29 23:22:09.246, 303.00, 100, 74232, 70
2026/07/29 23:22:10.285, 302.86, 100, 74232, 70
2026/07/29 23:22:11.322, 304.42, 100, 74232, 70
2026/07/29 23:22:12.364, 304.26, 100, 74232, 70
2026/07/29 23:22:13.401, 304.27, 100, 74232, 70
2026/07/29 23:22:14.438, 297.45, 100, 74232, 70
2026/07/29 23:22:15.474, 300.57, 100, 74232, 70
2026/07/29 23:22:16.510, 296.56, 100, 74232, 70
2026/07/29 23:22:17.548, 295.59, 100, 74232, 70
2026/07/29 23:22:18.584, 293.34, 100, 74232, 70
2026/07/29 23:22:19.620, 297.45, 100, 74232, 70
2026/07/29 23:22:20.662, 296.73, 100, 74232, 70
2026/07/29 23:22:21.698, 297.74, 100, 74232, 70
2026/07/29 23:22:22.736, 294.32, 100, 74232, 70
2026/07/29 23:22:23.776, 300.84, 100, 74232, 70
2026/07/29 23:22:24.813, 294.52, 100, 74232, 70
2026/07/29 23:22:25.851, 295.88, 100, 74232, 70
2026/07/29 23:22:26.888, 292.88, 100, 74232, 70
2026/07/29 23:22:27.925, 296.85, 100, 74232, 70
2026/07/29 23:22:28.963, 302.70, 100, 74232, 70
2026/07/29 23:22:30.000, 292.47, 100, 74232, 70
2026/07/29 23:22:31.037, 293.17, 100, 74232, 70
2026/07/29 23:22:32.074, 302.40, 100, 74232, 70
2026/07/29 23:22:33.112, 297.74, 100, 74232, 70
2026/07/29 23:22:34.149, 296.76, 100, 74232, 70
2026/07/29 23:22:35.185, 297.25, 100, 74232, 70
2026/07/29 23:22:36.222, 296.09, 100, 74232, 70
2026/07/29 23:22:37.260, 294.42, 100, 74232, 70
2026/07/29 23:22:38.298, 299.28, 100, 74232, 70
2026/07/29 23:22:39.336, 291.59, 100, 74232, 70
2026/07/29 23:22:40.376, 295.67, 100, 74232, 70
2026/07/29 23:22:41.413, 300.95, 100, 74232, 70
2026/07/29 23:22:42.450, 302.33, 100, 74232, 70
2026/07/29 23:22:43.488, 304.36, 100, 74232, 70
2026/07/29 23:22:44.526, 303.24, 100, 74232, 70
2026/07/29 23:22:45.564, 304.33, 100, 74232, 70
2026/07/29 23:22:46.601, 303.21, 100, 74232, 70
2026/07/29 23:22:47.640, 296.84, 100, 74232, 70
2026/07/29 23:22:48.676, 302.86, 100, 74232, 70
2026/07/29 23:22:49.720, 298.40, 100, 74232, 70
2026/07/29 23:22:50.757, 297.46, 100, 74232, 70
2026/07/29 23:22:51.794, 297.74, 100, 74232, 70
2026/07/29 23:22:52.832, 289.55, 100, 74232, 70
2026/07/29 23:22:53.870, 295.00, 100, 74232, 70
2026/07/29 23:22:54.910, 298.30, 100, 74232, 70
2026/07/29 23:22:55.948, 303.17, 100, 74232, 70
2026/07/29 23:22:56.988, 303.48, 100, 74232, 70
2026/07/29 23:22:58.026, 296.09, 100, 74232, 70
2026/07/29 23:22:59.063, 292.77, 100, 74232, 70
2026/07/29 23:23:00.103, 296.58, 100, 74232, 70
2026/07/29 23:23:01.138, 304.42, 100, 74232, 70
2026/07/29 23:23:02.177, 304.55, 100, 74232, 70
2026/07/29 23:23:03.215, 304.46, 100, 74232, 70
2026/07/29 23:23:04.252, 298.11, 100, 74232, 70
2026/07/29 23:23:05.290, 292.77, 100, 74232, 70
2026/07/29 23:23:06.328, 298.03, 100, 74232, 70
2026/07/29 23:23:07.365, 295.21, 100, 74232, 70
2026/07/29 23:23:08.403, 293.45, 100, 74232, 70
2026/07/29 23:23:09.441, 295.00, 100, 74232, 70
2026/07/29 23:23:10.479, 296.55, 100, 74232, 70
2026/07/29 23:23:11.516, 295.70, 100, 74232, 70
2026/07/29 23:23:12.560, 296.94, 100, 74232, 70
2026/07/29 23:23:13.598, 297.16, 100, 74232, 70
2026/07/29 23:23:14.636, 296.76, 100, 74232, 70
2026/07/29 23:23:15.677, 300.58, 100, 74232, 70
2026/07/29 23:23:16.714, 304.56, 100, 74232, 70
2026/07/29 23:23:17.752, 297.16, 100, 74232, 70
2026/07/29 23:23:18.792, 304.26, 100, 74232, 70
2026/07/29 23:23:19.830, 305.05, 100, 74232, 70
2026/07/29 23:23:20.868, 303.68, 100, 74232, 70
2026/07/29 23:23:21.906, 304.97, 100, 74232, 70
2026/07/29 23:23:22.947, 305.23, 100, 74232, 70
2026/07/29 23:23:23.985, 297.85, 100, 74232, 70
2026/07/29 23:23:25.023, 294.23, 100, 74232, 70
2026/07/29 23:23:26.066, 292.58, 100, 74232, 70
2026/07/29 23:23:27.105, 297.65, 100, 74232, 70
2026/07/29 23:23:28.142, 299.51, 100, 74232, 70
2026/07/29 23:23:29.181, 302.59, 100, 74232, 70
2026/07/29 23:23:30.218, 293.82, 100, 74232, 70
2026/07/29 23:23:31.256, 298.79, 100, 74232, 70
2026/07/29 23:23:32.293, 303.19, 100, 74232, 70
2026/07/29 23:23:33.335, 299.68, 100, 74232, 70
2026/07/29 23:23:34.374, 303.67, 100, 74232, 70
2026/07/29 23:23:35.411, 304.46, 100, 74232, 70
2026/07/29 23:23:36.448, 297.53, 100, 74232, 70
2026/07/29 23:23:37.488, 296.96, 100, 74232, 70
2026/07/29 23:23:38.526, 303.47, 100, 74232, 70
2026/07/29 23:23:39.571, 297.64, 100, 74232, 70
2026/07/29 23:23:40.608, 296.86, 100, 74232, 70
2026/07/29 23:23:41.644, 294.31, 100, 74232, 70
2026/07/29 23:23:42.682, 298.38, 76, 74232, 71
2026/07/29 23:23:43.717, 310.57, 100, 74232, 71
2026/07/29 23:23:44.751, 293.95, 100, 74232, 71
2026/07/29 23:23:45.786, 276.32, 100, 74232, 71
2026/07/29 23:23:46.824, 300.66, 100, 74232, 71
2026/07/29 23:23:47.862, 321.94, 100, 74232, 71
2026/07/29 23:23:48.897, 319.94, 100, 74232, 71
2026/07/29 23:23:49.933, 302.71, 100, 74232, 70
2026/07/29 23:23:50.971, 304.27, 100, 74232, 69
2026/07/29 23:23:52.008, 303.94, 100, 74232, 70
2026/07/29 23:23:53.046, 301.33, 100, 74232, 70
2026/07/29 23:23:54.082, 302.71, 100, 74232, 70
2026/07/29 23:23:55.120, 303.87, 100, 74232, 70
2026/07/29 23:23:56.156, 305.77, 100, 74232, 70
2026/07/29 23:23:57.192, 298.78, 100, 74232, 70
2026/07/29 23:23:58.228, 296.56, 100, 74232, 70
2026/07/29 23:23:59.267, 303.57, 100, 74232, 70
2026/07/29 23:24:00.304, 291.02, 100, 74232, 70
2026/07/29 23:24:01.342, 296.36, 100, 74232, 70
2026/07/29 23:24:02.379, 303.08, 67, 74232, 71
2026/07/29 23:24:03.418, 299.79, 100, 74232, 70
2026/07/29 23:24:04.455, 302.71, 100, 74232, 70
2026/07/29 23:24:05.492, 302.37, 100, 74232, 70
2026/07/29 23:24:06.528, 303.38, 100, 74232, 70
2026/07/29 23:24:07.564, 301.15, 100, 74232, 70
2026/07/29 23:24:08.600, 289.67, 100, 74232, 70
2026/07/29 23:24:09.639, 294.84, 100, 74232, 70
2026/07/29 23:24:10.676, 296.29, 100, 74232, 70
2026/07/29 23:24:11.713, 290.75, 100, 74232, 70
2026/07/29 23:24:12.750, 299.48, 100, 74232, 70
2026/07/29 23:24:13.786, 290.90, 100, 74232, 70
2026/07/29 23:24:14.822, 294.82, 100, 74232, 70
2026/07/29 23:24:15.859, 298.12, 100, 74232, 70
2026/07/29 23:24:16.896, 300.05, 100, 74232, 70
2026/07/29 23:24:17.932, 302.23, 100, 74232, 70
2026/07/29 23:24:18.968, 302.02, 100, 74232, 70
2026/07/29 23:24:20.006, 302.12, 100, 74232, 70
2026/07/29 23:24:21.042, 301.72, 100, 74232, 70
2026/07/29 23:24:22.078, 303.38, 100, 74232, 70
2026/07/29 23:24:23.117, 304.05, 100, 74232, 70
2026/07/29 23:24:24.154, 304.09, 100, 74232, 70
2026/07/29 23:24:25.191, 305.71, 100, 74232, 70
2026/07/29 23:24:26.228, 296.10, 100, 74232, 70
2026/07/29 23:24:27.266, 298.71, 100, 74232, 70
2026/07/29 23:24:28.305, 300.20, 100, 74232, 70
2026/07/29 23:24:29.344, 299.49, 100, 74232, 70
2026/07/29 23:24:30.380, 298.60, 100, 74232, 70
2026/07/29 23:24:31.418, 303.30, 100, 74232, 70
2026/07/29 23:24:32.454, 299.19, 100, 74232, 70
2026/07/29 23:24:33.491, 295.20, 100, 74232, 70
2026/07/29 23:24:34.527, 302.90, 100, 74232, 70
2026/07/29 23:24:35.566, 293.45, 100, 74232, 70
2026/07/29 23:24:36.603, 295.50, 100, 74232, 70
2026/07/29 23:24:37.641, 295.11, 100, 74232, 70
2026/07/29 23:24:38.679, 296.58, 100, 74232, 70
2026/07/29 23:24:39.715, 294.42, 100, 74232, 70
2026/07/29 23:24:40.752, 302.81, 100, 74232, 70
2026/07/29 23:24:41.792, 295.80, 100, 74232, 70
2026/07/29 23:24:42.832, 295.21, 100, 74232, 70
2026/07/29 23:24:43.868, 291.90, 100, 74232, 70
2026/07/29 23:24:44.908, 294.81, 100, 74232, 70
2026/07/29 23:24:45.944, 300.85, 100, 74232, 70
2026/07/29 23:24:46.981, 302.21, 100, 74232, 70
2026/07/29 23:24:48.017, 300.67, 100, 74232, 70
2026/07/29 23:24:49.056, 304.43, 100, 74232, 70
2026/07/29 23:24:50.094, 303.34, 100, 74232, 70
2026/07/29 23:24:51.131, 303.10, 100, 74232, 70
2026/07/29 23:24:52.168, 299.21, 100, 74232, 70
2026/07/29 23:24:53.205, 302.60, 100, 74232, 70
2026/07/29 23:24:54.241, 299.29, 100, 74232, 70
2026/07/29 23:24:55.277, 301.82, 100, 74232, 70
2026/07/29 23:24:56.313, 300.66, 100, 74232, 70
2026/07/29 23:24:57.349, 298.78, 100, 74232, 70
2026/07/29 23:24:58.385, 301.92, 100, 74232, 70
2026/07/29 23:24:59.423, 299.28, 100, 74232, 70
2026/07/29 23:25:00.463, 302.01, 100, 74232, 70
2026/07/29 23:25:01.502, 303.00, 100, 74232, 70
2026/07/29 23:25:02.539, 296.85, 100, 74232, 69
2026/07/29 23:25:03.575, 304.54, 100, 74232, 70
2026/07/29 23:25:04.612, 301.83, 100, 74232, 69
2026/07/29 23:25:05.649, 295.02, 100, 74232, 69
2026/07/29 23:25:06.686, 294.81, 100, 74232, 69
2026/07/29 23:25:07.728, 299.50, 100, 74232, 69
2026/07/29 23:25:08.766, 302.99, 100, 74232, 69
2026/07/29 23:25:09.802, 303.58, 100, 74232, 69
2026/07/29 23:25:10.842, 301.64, 100, 74232, 69
2026/07/29 23:25:11.879, 302.71, 100, 74232, 69
2026/07/29 23:25:12.916, 302.20, 100, 74232, 70
2026/07/29 23:25:13.953, 303.56, 100, 74232, 70
2026/07/29 23:25:14.989, 301.94, 100, 74232, 70
2026/07/29 23:25:16.026, 302.18, 100, 74232, 70
2026/07/29 23:25:17.062, 302.79, 100, 74232, 70
2026/07/29 23:25:18.099, 302.53, 100, 74232, 70
2026/07/29 23:25:19.135, 303.10, 100, 74232, 70
2026/07/29 23:25:20.172, 300.93, 100, 74232, 70
2026/07/29 23:25:21.210, 301.43, 100, 74232, 70
2026/07/29 23:25:22.248, 301.82, 100, 74232, 70
2026/07/29 23:25:23.284, 296.96, 100, 74232, 70
2026/07/29 23:25:24.324, 295.30, 100, 74232, 70
2026/07/29 23:25:25.360, 299.59, 100, 74232, 70
2026/07/29 23:25:26.399, 300.48, 100, 74232, 70
2026/07/29 23:25:27.435, 302.77, 100, 74232, 70
2026/07/29 23:25:28.472, 301.22, 100, 74232, 70
2026/07/29 23:25:29.509, 293.84, 100, 74232, 70
2026/07/29 23:25:30.546, 290.23, 100, 74232, 70
2026/07/29 23:25:31.584, 294.91, 100, 74232, 70
2026/07/29 23:25:32.621, 293.46, 100, 74232, 70
2026/07/29 23:25:33.657, 294.13, 100, 74232, 70
2026/07/29 23:25:34.694, 293.35, 100, 74232, 70
2026/07/29 23:25:35.731, 294.32, 100, 74232, 70
2026/07/29 23:25:36.768, 298.23, 100, 74232, 70
2026/07/29 23:25:37.806, 298.03, 100, 74232, 70
2026/07/29 23:25:38.844, 297.43, 100, 74232, 70
2026/07/29 23:25:39.882, 299.68, 100, 74232, 70
2026/07/29 23:25:40.919, 301.53, 100, 74232, 70
2026/07/29 23:25:41.956, 301.32, 100, 74232, 70
2026/07/29 23:25:42.993, 300.18, 100, 74232, 70
2026/07/29 23:25:44.031, 299.59, 100, 74232, 70
2026/07/29 23:25:45.067, 295.79, 100, 74232, 71
2026/07/29 23:25:46.102, 303.77, 100, 74232, 72
2026/07/29 23:25:47.138, 296.37, 100, 74232, 71
2026/07/29 23:25:48.173, 293.93, 100, 74232, 72
2026/07/29 23:25:49.210, 308.31, 100, 74232, 71
2026/07/29 23:25:50.247, 290.71, 100, 74232, 71
2026/07/29 23:25:51.286, 297.65, 100, 74232, 70
2026/07/29 23:25:52.323, 303.09, 100, 74232, 70
2026/07/29 23:25:53.362, 298.50, 100, 74232, 70
2026/07/29 23:25:54.399, 300.86, 100, 74232, 70
2026/07/29 23:25:55.436, 304.05, 100, 74232, 70
2026/07/29 23:25:56.473, 302.40, 100, 74232, 70
2026/07/29 23:25:57.514, 297.05, 100, 74232, 70
2026/07/29 23:25:58.551, 304.14, 100, 74232, 70
2026/07/29 23:25:59.591, 302.99, 100, 74232, 70
2026/07/29 23:26:00.628, 306.08, 100, 74232, 70
2026/07/29 23:26:01.665, 292.88, 100, 74232, 70
2026/07/29 23:26:02.702, 296.28, 100, 74232, 70
2026/07/29 23:26:03.739, 300.56, 100, 74232, 70
2026/07/29 23:26:04.776, 295.89, 100, 74232, 70
2026/07/29 23:26:05.811, 298.00, 100, 74232, 70
2026/07/29 23:26:06.848, 293.17, 100, 74232, 70
2026/07/29 23:26:07.884, 302.42, 100, 74232, 70
2026/07/29 23:26:08.919, 303.95, 100, 74232, 70
2026/07/29 23:26:09.956, 295.38, 100, 74232, 70
2026/07/29 23:26:10.993, 296.37, 100, 74232, 70
2026/07/29 23:26:12.031, 301.52, 100, 74232, 70
2026/07/29 23:26:13.068, 302.02, 100, 74232, 70
2026/07/29 23:26:14.105, 297.35, 100, 74232, 70
2026/07/29 23:26:15.143, 96.01, 0, 74232, 67
2026/07/29 23:26:16.174, 94.58, 0, 74232, 66
2026/07/29 23:26:17.206, 93.84, 0, 74232, 65
2026/07/29 23:26:18.239, 93.45, 0, 74232, 65
2026/07/29 23:26:19.272, 303.66, 100, 74232, 70
2026/07/29 23:26:20.308, 303.71, 100, 74232, 70
2026/07/29 23:26:21.345, 329.10, 100, 74232, 70
2026/07/29 23:26:22.382, 294.02, 100, 74232, 70
2026/07/29 23:26:23.415, 314.98, 100, 74232, 70
2026/07/29 23:26:24.449, 274.80, 100, 74232, 68
2026/07/29 23:26:25.487, 287.60, 100, 74232, 68
2026/07/29 23:26:26.531, 298.13, 100, 74232, 69
2026/07/29 23:26:27.569, 301.25, 100, 74232, 69
2026/07/29 23:26:28.605, 296.29, 100, 74232, 71
2026/07/29 23:26:29.641, 302.11, 100, 74232, 71
2026/07/29 23:26:30.676, 279.53, 100, 74232, 71
2026/07/29 23:26:31.710, 283.42, 100, 74232, 71
2026/07/29 23:26:32.744, 290.71, 100, 74232, 71
2026/07/29 23:26:33.780, 304.04, 100, 74232, 71
2026/07/29 23:26:34.818, 299.58, 100, 74232, 69
2026/07/29 23:26:35.855, 302.08, 100, 74232, 69
2026/07/29 23:26:36.891, 305.49, 100, 74232, 70
2026/07/29 23:26:37.928, 291.60, 100, 74232, 71
2026/07/29 23:26:38.963, 311.68, 100, 74232, 72
2026/07/29 23:26:40.080, 277.48, 100, 74232, 72
2026/07/29 23:26:41.116, 305.13, 100, 74232, 71
2026/07/29 23:26:42.155, 312.54, 100, 74232, 71
2026/07/29 23:26:43.190, 318.45, 100, 74232, 72
2026/07/29 23:26:44.227, 307.50, 100, 74232, 72
2026/07/29 23:26:45.270, 299.00, 100, 74232, 70
2026/07/29 23:26:46.309, 297.63, 100, 74232, 70
2026/07/29 23:26:47.346, 294.90, 100, 74232, 70
2026/07/29 23:26:48.385, 297.33, 100, 74232, 70
2026/07/29 23:26:49.422, 294.92, 100, 74232, 72
2026/07/29 23:26:50.460, 308.46, 100, 74232, 72
2026/07/29 23:26:51.495, 310.28, 100, 74232, 72
2026/07/29 23:26:52.530, 316.07, 100, 74232, 72
2026/07/29 23:26:53.571, 299.19, 100, 74232, 72
2026/07/29 23:26:54.606, 305.77, 100, 74232, 72
2026/07/29 23:26:55.644, 251.32, 100, 74232, 70
2026/07/29 23:26:56.682, 293.65, 100, 74232, 70
2026/07/29 23:26:57.721, 291.21, 100, 74232, 70
2026/07/29 23:26:58.760, 296.66, 100, 74232, 70
2026/07/29 23:26:59.797, 305.63, 100, 74232, 71
2026/07/29 23:27:00.835, 299.11, 100, 74232, 71
2026/07/29 23:27:01.872, 298.70, 100, 74232, 71
2026/07/29 23:27:02.909, 294.61, 100, 74232, 71
2026/07/29 23:27:03.947, 288.20, 100, 74232, 71
2026/07/29 23:27:04.983, 290.62, 100, 74232, 71
2026/07/29 23:27:06.025, 284.17, 100, 74232, 71
2026/07/29 23:27:07.062, 293.84, 100, 74232, 71
2026/07/29 23:27:08.100, 297.26, 100, 74232, 71
2026/07/29 23:27:09.138, 296.86, 100, 74232, 71
2026/07/29 23:27:10.175, 299.79, 100, 74232, 71
2026/07/29 23:27:11.212, 295.79, 100, 74232, 71
2026/07/29 23:27:12.253, 296.77, 100, 74232, 71
2026/07/29 23:27:13.293, 297.74, 100, 74232, 71
2026/07/29 23:27:14.330, 305.93, 100, 74232, 71
2026/07/29 23:27:15.368, 299.78, 100, 74232, 71
2026/07/29 23:27:16.405, 299.21, 100, 74232, 71
2026/07/29 23:27:17.442, 304.94, 100, 74232, 71
2026/07/29 23:27:18.479, 307.88, 100, 74232, 71
2026/07/29 23:27:19.517, 300.47, 100, 74232, 71
2026/07/29 23:27:20.554, 298.89, 100, 74232, 71
2026/07/29 23:27:21.592, 297.73, 100, 74232, 71
2026/07/29 23:27:22.631, 297.93, 100, 74232, 70
2026/07/29 23:27:23.670, 289.83, 100, 74232, 70
2026/07/29 23:27:24.708, 297.53, 100, 74232, 70
2026/07/29 23:27:25.746, 297.65, 100, 74232, 70
2026/07/29 23:27:26.783, 298.03, 100, 74232, 70
2026/07/29 23:27:27.820, 293.06, 100, 74232, 70
2026/07/29 23:27:28.858, 297.14, 100, 74232, 70
2026/07/29 23:27:29.895, 289.29, 100, 74232, 70
2026/07/29 23:27:30.933, 300.95, 100, 74232, 70
2026/07/29 23:27:31.970, 296.87, 100, 74232, 70
2026/07/29 23:27:33.008, 304.52, 100, 74232, 70
2026/07/29 23:27:34.045, 301.06, 100, 74232, 70
2026/07/29 23:27:35.082, 294.70, 100, 74232, 70
2026/07/29 23:27:36.122, 295.59, 100, 74232, 70
2026/07/29 23:27:37.160, 296.09, 100, 74232, 70
2026/07/29 23:27:38.197, 304.46, 100, 74232, 70
2026/07/29 23:27:39.238, 295.10, 100, 74232, 70
2026/07/29 23:27:40.275, 296.16, 100, 74232, 70
2026/07/29 23:27:41.313, 298.52, 100, 74232, 70
2026/07/29 23:27:42.352, 303.86, 100, 74232, 70
2026/07/29 23:27:43.390, 294.32, 100, 74232, 70
2026/07/29 23:27:44.428, 94.83, 65, 74232, 67
2026/07/29 23:27:45.461, 300.50, 100, 74232, 71
2026/07/29 23:27:46.496, 295.01, 100, 74232, 72
2026/07/29 23:27:47.537, 300.62, 100, 74232, 71
2026/07/29 23:27:48.572, 306.15, 100, 74232, 72
2026/07/29 23:27:49.607, 312.77, 100, 74232, 71
2026/07/29 23:27:50.649, 271.56, 100, 74232, 71
2026/07/29 23:27:51.685, 294.04, 100, 74232, 71
2026/07/29 23:27:52.721, 303.68, 100, 74232, 70
2026/07/29 23:27:53.759, 297.65, 100, 74232, 70
2026/07/29 23:27:54.797, 292.37, 100, 74232, 70
2026/07/29 23:27:55.835, 95.05, 0, 74232, 67
2026/07/29 23:27:56.869, 295.49, 100, 74232, 71
2026/07/29 23:27:57.904, 307.29, 100, 74232, 71
2026/07/29 23:27:58.941, 305.36, 100, 74232, 71
2026/07/29 23:27:59.980, 301.80, 100, 74232, 71
2026/07/29 23:28:01.021, 257.37, 100, 74232, 71
2026/07/29 23:28:02.056, 296.39, 100, 74232, 72
2026/07/29 23:28:03.094, 264.82, 100, 74232, 71
2026/07/29 23:28:04.131, 302.92, 100, 74232, 70
2026/07/29 23:28:05.171, 301.06, 100, 74232, 70
2026/07/29 23:28:06.208, 289.94, 100, 74232, 70
2026/07/29 23:28:07.245, 294.62, 100, 74232, 70
2026/07/29 23:28:08.283, 296.57, 100, 74232, 70
2026/07/29 23:28:09.319, 289.94, 100, 74232, 70
2026/07/29 23:28:10.355, 289.28, 100, 74232, 70
2026/07/29 23:28:11.394, 291.01, 100, 74232, 70
2026/07/29 23:28:12.431, 289.65, 100, 74232, 70
2026/07/29 23:28:13.468, 289.85, 100, 74232, 70
2026/07/29 23:28:14.504, 284.96, 100, 74232, 70
2026/07/29 23:28:15.544, 296.18, 100, 74232, 70
2026/07/29 23:28:16.580, 296.55, 100, 74232, 70
2026/07/29 23:28:17.618, 297.55, 100, 74232, 70
2026/07/29 23:28:18.656, 294.70, 100, 74232, 70
2026/07/29 23:28:19.692, 293.73, 100, 74232, 70
2026/07/29 23:28:20.729, 303.39, 100, 74232, 70
2026/07/29 23:28:21.765, 298.81, 100, 74232, 70
2026/07/29 23:28:22.802, 294.21, 100, 74232, 70
2026/07/29 23:28:23.837, 292.59, 100, 74232, 70
2026/07/29 23:28:24.875, 297.24, 100, 74232, 70
2026/07/29 23:28:25.911, 297.93, 100, 74232, 70
2026/07/29 23:28:26.948, 304.75, 100, 74232, 70
2026/07/29 23:28:27.984, 301.16, 100, 74232, 70
2026/07/29 23:28:29.022, 300.27, 100, 74232, 70
2026/07/29 23:28:30.058, 303.29, 100, 74232, 70
2026/07/29 23:28:31.095, 304.86, 100, 74232, 70
2026/07/29 23:28:32.132, 293.92, 100, 74232, 70
2026/07/29 23:28:33.169, 300.27, 100, 74232, 70
2026/07/29 23:28:34.206, 303.98, 100, 74232, 70
2026/07/29 23:28:35.243, 305.53, 100, 74232, 70
2026/07/29 23:28:36.280, 301.91, 100, 74232, 70
2026/07/29 23:28:37.317, 301.34, 100, 74232, 70
2026/07/29 23:28:38.354, 297.35, 100, 74232, 70
2026/07/29 23:28:39.392, 294.53, 100, 74232, 70
2026/07/29 23:28:40.429, 295.05, 100, 74232, 70
2026/07/29 23:28:41.467, 300.95, 100, 74232, 70
2026/07/29 23:28:42.505, 297.13, 100, 74232, 70
2026/07/29 23:28:43.544, 297.73, 100, 74232, 70
2026/07/29 23:28:44.581, 305.51, 100, 74232, 70
2026/07/29 23:28:45.620, 294.93, 100, 74232, 70
2026/07/29 23:28:46.658, 295.20, 100, 74232, 70
2026/07/29 23:28:47.695, 296.77, 100, 74232, 70
2026/07/29 23:28:48.731, 305.34, 100, 74232, 70
2026/07/29 23:28:49.768, 299.11, 100, 74232, 70
2026/07/29 23:28:50.804, 301.51, 100, 74232, 70
2026/07/29 23:28:51.845, 304.56, 100, 74232, 70
2026/07/29 23:28:52.883, 294.62, 100, 74232, 70
2026/07/29 23:28:53.919, 297.74, 100, 74232, 70
2026/07/29 23:28:54.957, 295.10, 100, 74232, 70
2026/07/29 23:28:55.995, 296.75, 100, 74232, 70
2026/07/29 23:28:57.032, 304.04, 100, 74232, 70
2026/07/29 23:28:58.069, 299.48, 100, 74232, 70
2026/07/29 23:28:59.108, 296.18, 100, 74232, 70
2026/07/29 23:29:00.145, 299.49, 100, 74232, 70
2026/07/29 23:29:01.182, 301.25, 100, 74232, 70
2026/07/29 23:29:02.220, 307.47, 100, 74232, 70
2026/07/29 23:29:03.258, 303.00, 100, 74232, 70
2026/07/29 23:29:04.295, 296.56, 100, 74232, 70
2026/07/29 23:29:05.333, 304.08, 100, 74232, 70
2026/07/29 23:29:06.371, 299.15, 100, 74232, 70
2026/07/29 23:29:07.409, 301.63, 100, 74232, 70
2026/07/29 23:29:08.446, 295.49, 100, 74232, 70
2026/07/29 23:29:09.486, 297.46, 100, 74232, 70
2026/07/29 23:29:10.522, 297.46, 100, 74232, 70
2026/07/29 23:29:11.559, 290.93, 100, 74232, 70
2026/07/29 23:29:12.598, 296.96, 100, 74232, 70
2026/07/29 23:29:13.634, 299.76, 100, 74232, 70
2026/07/29 23:29:14.672, 300.45, 100, 74232, 70
2026/07/29 23:29:15.708, 296.46, 100, 74232, 70
2026/07/29 23:29:16.745, 297.34, 100, 74232, 70
2026/07/29 23:29:17.784, 303.27, 100, 74232, 70
2026/07/29 23:29:18.820, 300.24, 100, 74232, 70
2026/07/29 23:29:19.858, 302.91, 100, 74232, 70
2026/07/29 23:29:20.896, 304.13, 100, 74232, 70
2026/07/29 23:29:21.934, 299.98, 100, 74232, 70
2026/07/29 23:29:22.973, 301.05, 100, 74232, 70
2026/07/29 23:29:24.015, 297.71, 100, 74232, 70
2026/07/29 23:29:25.054, 295.89, 100, 74232, 70
2026/07/29 23:29:26.090, 303.17, 100, 74232, 70
2026/07/29 23:29:27.133, 293.93, 100, 74232, 70
2026/07/29 23:29:28.171, 95.09, 0, 74232, 67
2026/07/29 23:29:29.207, 290.92, 100, 74232, 71
2026/07/29 23:29:30.241, 294.31, 100, 74232, 71
2026/07/29 23:29:31.277, 291.36, 100, 74232, 71
2026/07/29 23:29:32.314, 293.24, 100, 74232, 71
2026/07/29 23:29:33.350, 293.36, 100, 74232, 71
2026/07/29 23:29:34.384, 299.49, 100, 74232, 71
2026/07/29 23:29:35.419, 241.37, 100, 74232, 69
2026/07/29 23:29:36.456, 294.62, 100, 74232, 69
2026/07/29 23:29:37.494, 291.69, 100, 74232, 70
2026/07/29 23:29:38.531, 95.63, 26, 74232, 67
2026/07/29 23:29:39.564, 302.46, 100, 74232, 71
2026/07/29 23:29:40.601, 303.29, 100, 74232, 69
2026/07/29 23:29:41.644, 297.76, 100, 74232, 70
2026/07/29 23:29:42.682, 297.62, 100, 74232, 70
2026/07/29 23:29:43.720, 300.17, 100, 74232, 70
2026/07/29 23:29:44.758, 301.54, 100, 74232, 70
2026/07/29 23:29:45.795, 301.55, 100, 74232, 70
2026/07/29 23:29:46.832, 302.22, 100, 74232, 70
2026/07/29 23:29:47.868, 300.66, 100, 74232, 70
2026/07/29 23:29:48.907, 304.28, 100, 74232, 70
2026/07/29 23:29:49.944, 294.42, 100, 74232, 70
2026/07/29 23:29:50.987, 303.39, 100, 74232, 70
2026/07/29 23:29:52.024, 303.59, 100, 74232, 70
2026/07/29 23:29:53.061, 301.41, 100, 74232, 70
2026/07/29 23:29:54.099, 296.59, 100, 74232, 70
2026/07/29 23:29:55.140, 298.41, 100, 74232, 70
2026/07/29 23:29:56.178, 297.26, 100, 74232, 70
2026/07/29 23:29:57.215, 298.13, 100, 74232, 70
2026/07/29 23:29:58.252, 291.48, 100, 74232, 70
2026/07/29 23:29:59.290, 295.42, 100, 74232, 70
2026/07/29 23:30:00.328, 292.56, 100, 74232, 70
2026/07/29 23:30:01.369, 298.98, 100, 74232, 70
2026/07/29 23:30:02.408, 292.76, 100, 74232, 70
2026/07/29 23:30:03.446, 293.65, 100, 74232, 70
2026/07/29 23:30:04.483, 301.04, 100, 74232, 70
2026/07/29 23:30:05.519, 293.64, 100, 74232, 70
2026/07/29 23:30:06.561, 295.78, 100, 74232, 70
2026/07/29 23:30:07.597, 294.90, 100, 74232, 70
2026/07/29 23:30:08.634, 298.60, 100, 74232, 70
2026/07/29 23:30:09.671, 296.27, 100, 74232, 70
2026/07/29 23:30:10.708, 297.06, 100, 74232, 70
2026/07/29 23:30:11.745, 296.08, 100, 74232, 70
2026/07/29 23:30:12.782, 297.05, 100, 74232, 70
2026/07/29 23:30:13.820, 295.70, 100, 74232, 70
2026/07/29 23:30:14.856, 292.94, 100, 74232, 70
2026/07/29 23:30:15.893, 296.90, 100, 74232, 70
2026/07/29 23:30:16.930, 295.51, 100, 74232, 70
2026/07/29 23:30:17.968, 294.32, 100, 74232, 70
2026/07/29 23:30:19.005, 293.06, 100, 74232, 70
2026/07/29 23:30:20.045, 295.11, 100, 74232, 70
2026/07/29 23:30:21.083, 301.15, 100, 74232, 70
2026/07/29 23:30:22.119, 298.12, 100, 74232, 70
2026/07/29 23:30:23.156, 302.29, 100, 74232, 70
2026/07/29 23:30:24.194, 301.23, 100, 74232, 70
2026/07/29 23:30:25.231, 302.00, 100, 74232, 70
2026/07/29 23:30:26.269, 302.51, 100, 74232, 70
2026/07/29 23:30:27.306, 303.09, 100, 74232, 70
2026/07/29 23:30:28.342, 303.49, 100, 74232, 70
2026/07/29 23:30:29.378, 301.83, 100, 74232, 70
2026/07/29 23:30:30.415, 301.33, 100, 74232, 70
2026/07/29 23:30:31.451, 301.64, 100, 74232, 70
2026/07/29 23:30:32.487, 303.50, 100, 74232, 70
2026/07/29 23:30:33.525, 300.86, 100, 74232, 70
2026/07/29 23:30:34.564, 295.59, 100, 74232, 70
2026/07/29 23:30:35.601, 296.78, 100, 74232, 70
2026/07/29 23:30:36.639, 299.29, 100, 74232, 70
2026/07/29 23:30:37.675, 302.31, 100, 74232, 70
2026/07/29 23:30:38.714, 295.50, 100, 74232, 70
2026/07/29 23:30:39.752, 295.21, 100, 74232, 70
2026/07/29 23:30:40.790, 303.02, 100, 74232, 70
2026/07/29 23:30:41.828, 296.47, 100, 74232, 70
2026/07/29 23:30:42.863, 294.33, 100, 74232, 70
2026/07/29 23:30:43.899, 294.90, 100, 74232, 70
2026/07/29 23:30:44.937, 295.59, 100, 74232, 70
2026/07/29 23:30:45.974, 293.65, 100, 74232, 70
2026/07/29 23:30:47.011, 299.02, 100, 74232, 70
2026/07/29 23:30:48.047, 301.25, 100, 74232, 70
2026/07/29 23:30:49.084, 304.92, 100, 74232, 70
2026/07/29 23:30:50.121, 301.34, 100, 74232, 70
2026/07/29 23:30:51.157, 301.04, 100, 74232, 70
2026/07/29 23:30:52.197, 297.35, 100, 74232, 70
2026/07/29 23:30:53.234, 301.34, 100, 74232, 70
2026/07/29 23:30:54.271, 296.47, 100, 74232, 70
2026/07/29 23:30:55.308, 294.05, 100, 74232, 70
2026/07/29 23:30:56.345, 295.30, 100, 74232, 70
2026/07/29 23:30:57.384, 294.43, 100, 74232, 70
2026/07/29 23:30:58.421, 291.50, 100, 74232, 70
2026/07/29 23:30:59.459, 298.60, 100, 74232, 70
2026/07/29 23:31:00.498, 301.74, 100, 74232, 70
2026/07/29 23:31:01.535, 302.11, 100, 74232, 70
2026/07/29 23:31:02.571, 298.32, 100, 74232, 70
2026/07/29 23:31:03.608, 295.73, 100, 74232, 70
2026/07/29 23:31:04.645, 299.88, 100, 74232, 70
2026/07/29 23:31:05.682, 301.79, 100, 74232, 70
2026/07/29 23:31:06.721, 296.84, 73, 74232, 72
2026/07/29 23:31:07.756, 309.79, 100, 74232, 72
2026/07/29 23:31:08.791, 299.18, 100, 74232, 72
2026/07/29 23:31:09.825, 289.02, 100, 74232, 72
2026/07/29 23:31:10.859, 295.31, 100, 74232, 72
2026/07/29 23:31:11.892, 289.37, 100, 74232, 72
2026/07/29 23:31:12.927, 300.43, 100, 74232, 70
2026/07/29 23:31:13.963, 291.02, 100, 74232, 70
2026/07/29 23:31:15.000, 287.58, 100, 74232, 70
2026/07/29 23:31:16.038, 291.60, 100, 74232, 70
2026/07/29 23:31:17.075, 316.70, 0, 74232, 71
2026/07/29 23:31:18.115, 295.25, 100, 74232, 71
2026/07/29 23:31:19.149, 302.70, 100, 74232, 72
2026/07/29 23:31:20.186, 298.94, 100, 74232, 72
2026/07/29 23:31:21.221, 272.80, 100, 74232, 72
2026/07/29 23:31:22.255, 296.44, 100, 74232, 72
2026/07/29 23:31:23.290, 299.10, 100, 74232, 70
2026/07/29 23:31:24.336, 303.49, 100, 74232, 70
2026/07/29 23:31:25.375, 286.55, 100, 74232, 70
2026/07/29 23:31:26.412, 296.27, 100, 74232, 70
2026/07/29 23:31:27.450, 291.89, 100, 74232, 72
2026/07/29 23:31:28.485, 286.83, 100, 74232, 72
2026/07/29 23:31:29.521, 285.12, 100, 74232, 72
2026/07/29 23:31:30.556, 306.14, 100, 74232, 72
2026/07/29 23:31:31.592, 317.86, 100, 74232, 72
2026/07/29 23:31:32.629, 302.80, 100, 74232, 70
2026/07/29 23:31:33.668, 303.47, 100, 74232, 70
2026/07/29 23:31:34.707, 300.07, 100, 74232, 70
2026/07/29 23:31:35.744, 303.59, 100, 74232, 71
2026/07/29 23:31:36.783, 297.35, 100, 74232, 71
2026/07/29 23:31:37.821, 295.30, 100, 74232, 71
2026/07/29 23:31:38.864, 297.36, 100, 74232, 71
2026/07/29 23:31:39.904, 305.33, 100, 74232, 71
2026/07/29 23:31:40.942, 303.49, 100, 74232, 71
2026/07/29 23:31:41.986, 308.92, 100, 74232, 71
2026/07/29 23:31:43.025, 292.18, 100, 74232, 72
2026/07/29 23:31:44.062, 282.93, 100, 74232, 72
2026/07/29 23:31:45.102, 269.62, 100, 74232, 73
2026/07/29 23:31:46.138, 311.21, 100, 74232, 72
2026/07/29 23:31:47.172, 308.30, 100, 74232, 72
2026/07/29 23:31:48.210, 302.49, 100, 74232, 72
2026/07/29 23:31:49.249, 290.23, 100, 74232, 70
2026/07/29 23:31:50.287, 285.09, 100, 74232, 70
2026/07/29 23:31:51.325, 287.51, 100, 74232, 71
2026/07/29 23:31:52.364, 289.46, 100, 74232, 71
2026/07/29 23:31:53.402, 96.62, 0, 74232, 67
2026/07/29 23:31:54.439, 293.95, 100, 74232, 72
2026/07/29 23:31:55.474, 288.81, 100, 74232, 72
2026/07/29 23:31:56.510, 305.35, 100, 74232, 72
2026/07/29 23:31:57.547, 302.47, 100, 74232, 72
2026/07/29 23:31:58.583, 312.99, 100, 74232, 72
2026/07/29 23:31:59.620, 238.62, 100, 74232, 70
2026/07/29 23:32:00.659, 289.67, 100, 74232, 70
2026/07/29 23:32:01.697, 285.45, 100, 74232, 70
2026/07/29 23:32:02.737, 297.24, 100, 74232, 71
2026/07/29 23:32:03.775, 298.14, 100, 74232, 72
2026/07/29 23:32:04.815, 283.77, 100, 74232, 73
2026/07/29 23:32:05.851, 308.20, 100, 74232, 73
2026/07/29 23:32:06.890, 278.10, 100, 74232, 73
2026/07/29 23:32:07.927, 274.95, 100, 74232, 73
2026/07/29 23:32:08.962, 305.89, 100, 74232, 73
2026/07/29 23:32:10.000, 260.88, 100, 74232, 71
2026/07/29 23:32:11.038, 287.50, 100, 74232, 71
2026/07/29 23:32:12.080, 289.66, 100, 74232, 71
2026/07/29 23:32:13.121, 294.91, 100, 74232, 71
2026/07/29 23:32:14.157, 293.44, 100, 74232, 71
2026/07/29 23:32:15.197, 297.05, 100, 74232, 71
2026/07/29 23:32:16.235, 299.00, 100, 74232, 71
2026/07/29 23:32:17.272, 297.24, 100, 74232, 71
2026/07/29 23:32:18.309, 297.62, 100, 74232, 71
2026/07/29 23:32:19.346, 298.82, 100, 74232, 71
2026/07/29 23:32:20.384, 296.07, 100, 74232, 71
2026/07/29 23:32:21.421, 296.57, 100, 74232, 71
2026/07/29 23:32:22.457, 298.90, 100, 74232, 71
2026/07/29 23:32:23.495, 295.02, 100, 74232, 71
2026/07/29 23:32:24.533, 294.52, 100, 74232, 71
2026/07/29 23:32:25.571, 297.81, 100, 74232, 71
2026/07/29 23:32:26.610, 299.30, 100, 74232, 71
2026/07/29 23:32:27.648, 293.36, 100, 74232, 71
2026/07/29 23:32:28.688, 297.73, 100, 74232, 71
2026/07/29 23:32:29.726, 298.53, 100, 74232, 71
2026/07/29 23:32:30.763, 298.73, 100, 74232, 71
2026/07/29 23:32:31.801, 293.92, 100, 74232, 71
2026/07/29 23:32:32.839, 298.90, 100, 74232, 71
2026/07/29 23:32:33.877, 297.06, 100, 74232, 71
2026/07/29 23:32:34.916, 304.54, 100, 74232, 71
2026/07/29 23:32:35.954, 306.98, 100, 74232, 71
2026/07/29 23:32:36.993, 303.38, 100, 74232, 71
2026/07/29 23:32:38.031, 297.64, 100, 74232, 71
2026/07/29 23:32:39.070, 301.42, 100, 74232, 71
2026/07/29 23:32:40.108, 303.57, 100, 74232, 71
2026/07/29 23:32:41.148, 304.36, 100, 74232, 71
2026/07/29 23:32:42.186, 307.59, 100, 74232, 71
2026/07/29 23:32:43.223, 303.88, 100, 74232, 71
2026/07/29 23:32:44.261, 305.34, 100, 74232, 71
2026/07/29 23:32:45.299, 304.85, 100, 74232, 71
2026/07/29 23:32:46.336, 297.84, 100, 74232, 70
2026/07/29 23:32:47.376, 297.74, 100, 74232, 70
2026/07/29 23:32:48.413, 297.16, 100, 74232, 70
2026/07/29 23:32:49.453, 294.41, 100, 74232, 70
2026/07/29 23:32:50.492, 296.87, 100, 74232, 70
2026/07/29 23:32:51.529, 297.06, 100, 74232, 70
2026/07/29 23:32:52.569, 297.63, 100, 74232, 70
2026/07/29 23:32:53.607, 296.45, 100, 74232, 70
2026/07/29 23:32:54.644, 296.08, 100, 74232, 70
2026/07/29 23:32:55.683, 305.22, 100, 74232, 70
2026/07/29 23:32:56.721, 295.00, 100, 74232, 70
2026/07/29 23:32:57.759, 295.88, 100, 74232, 70
2026/07/29 23:32:58.796, 297.36, 100, 74232, 70
2026/07/29 23:32:59.836, 293.05, 100, 74232, 70
2026/07/29 23:33:00.874, 293.84, 100, 74232, 70
2026/07/29 23:33:01.915, 296.77, 100, 74232, 70
2026/07/29 23:33:02.955, 299.79, 100, 74232, 70
2026/07/29 23:33:03.993, 297.84, 100, 74232, 70
2026/07/29 23:33:05.035, 298.22, 100, 74232, 70
2026/07/29 23:33:06.073, 304.25, 100, 74232, 70
2026/07/29 23:33:07.110, 295.87, 100, 74232, 70
2026/07/29 23:33:08.152, 294.92, 100, 74232, 70
2026/07/29 23:33:09.190, 296.85, 100, 74232, 70
2026/07/29 23:33:10.227, 293.25, 100, 74232, 70
2026/07/29 23:33:11.265, 302.60, 100, 74232, 70
2026/07/29 23:33:12.303, 302.96, 100, 74232, 70
2026/07/29 23:33:13.340, 304.46, 100, 74232, 70
2026/07/29 23:33:14.380, 297.36, 100, 74232, 70
2026/07/29 23:33:15.419, 296.56, 100, 74232, 70
2026/07/29 23:33:16.458, 303.79, 100, 74232, 70
2026/07/29 23:33:17.496, 296.67, 100, 74232, 70
2026/07/29 23:33:18.533, 296.66, 100, 74232, 70
2026/07/29 23:33:19.570, 300.72, 100, 74232, 70
2026/07/29 23:33:20.607, 293.86, 100, 74232, 70
2026/07/29 23:33:21.644, 303.68, 100, 74232, 70
2026/07/29 23:33:22.683, 302.33, 100, 74232, 70
2026/07/29 23:33:23.720, 298.52, 100, 74232, 70
2026/07/29 23:33:24.762, 291.51, 100, 74232, 70
2026/07/29 23:33:25.798, 295.79, 100, 74232, 70
2026/07/29 23:33:26.835, 292.47, 100, 74232, 70
2026/07/29 23:33:27.873, 296.25, 100, 74232, 70
2026/07/29 23:33:28.910, 295.30, 100, 74232, 70
2026/07/29 23:33:29.947, 303.89, 100, 74232, 70
2026/07/29 23:33:30.984, 304.53, 100, 74232, 70
2026/07/29 23:33:32.021, 298.61, 100, 74232, 70
2026/07/29 23:33:33.060, 296.17, 100, 74232, 70
2026/07/29 23:33:34.097, 303.78, 100, 74232, 70
2026/07/29 23:33:35.135, 308.15, 100, 74232, 70
2026/07/29 23:33:36.176, 301.73, 100, 74232, 70
2026/07/29 23:33:37.213, 298.81, 100, 74232, 70
2026/07/29 23:33:38.251, 304.36, 100, 74232, 70
2026/07/29 23:33:39.287, 299.49, 100, 74232, 70
2026/07/29 23:33:40.324, 303.16, 100, 74232, 70
2026/07/29 23:33:41.360, 302.60, 100, 74232, 70
2026/07/29 23:33:42.398, 303.18, 100, 74232, 70
2026/07/29 23:33:43.443, 297.82, 100, 74232, 70
2026/07/29 23:33:44.481, 301.24, 100, 74232, 70
2026/07/29 23:33:45.519, 298.23, 100, 74232, 70
2026/07/29 23:33:46.558, 301.62, 100, 74232, 70
2026/07/29 23:33:47.596, 298.81, 100, 74232, 70
2026/07/29 23:33:48.633, 294.13, 100, 74232, 70
2026/07/29 23:33:49.670, 293.95, 100, 74232, 70
2026/07/29 23:33:50.709, 294.03, 100, 74232, 70
2026/07/29 23:33:51.746, 294.52, 100, 74232, 70
2026/07/29 23:33:52.784, 296.46, 100, 74232, 70
2026/07/29 23:33:53.820, 297.35, 100, 74232, 70
2026/07/29 23:33:54.860, 297.84, 100, 74232, 70
2026/07/29 23:33:55.898, 295.40, 100, 74232, 70
2026/07/29 23:33:56.935, 299.40, 100, 74232, 70
2026/07/29 23:33:57.972, 295.99, 100, 74232, 70
2026/07/29 23:33:59.012, 297.65, 100, 74232, 70
2026/07/29 23:34:00.052, 302.23, 100, 74232, 70
2026/07/29 23:34:01.089, 294.91, 100, 74232, 70
2026/07/29 23:34:02.127, 296.46, 100, 74232, 70
2026/07/29 23:34:03.164, 301.24, 100, 74232, 70
2026/07/29 23:34:04.202, 298.71, 100, 74232, 70
2026/07/29 23:34:05.240, 302.71, 100, 74232, 70
2026/07/29 23:34:06.279, 304.26, 100, 74232, 70
2026/07/29 23:34:07.317, 300.29, 100, 74232, 70
2026/07/29 23:34:08.356, 292.48, 100, 74232, 70
2026/07/29 23:34:09.394, 302.71, 100, 74232, 70
2026/07/29 23:34:10.431, 304.84, 100, 74232, 70
2026/07/29 23:34:11.468, 308.15, 100, 74232, 70
2026/07/29 23:34:12.505, 293.65, 100, 74232, 70
2026/07/29 23:34:13.543, 303.68, 100, 74232, 70
2026/07/29 23:34:14.580, 296.26, 100, 74232, 70
2026/07/29 23:34:15.618, 297.75, 100, 74232, 70
2026/07/29 23:34:16.655, 294.32, 100, 74232, 70
2026/07/29 23:34:17.692, 301.14, 100, 74232, 70
2026/07/29 23:34:18.729, 300.74, 100, 74232, 70
2026/07/29 23:34:19.768, 300.94, 100, 74232, 70
2026/07/29 23:34:20.805, 306.03, 100, 74232, 70
2026/07/29 23:34:21.843, 292.88, 100, 74232, 70
2026/07/29 23:34:22.880, 296.55, 100, 74232, 70
2026/07/29 23:34:23.918, 296.57, 100, 74232, 70
2026/07/29 23:34:24.956, 296.66, 100, 74232, 70
2026/07/29 23:34:25.994, 291.61, 100, 74232, 70
2026/07/29 23:34:27.032, 299.28, 100, 74232, 70
2026/07/29 23:34:28.069, 291.12, 100, 74232, 70
2026/07/29 23:34:29.106, 296.65, 100, 74232, 70
2026/07/29 23:34:30.143, 299.30, 100, 74232, 70
2026/07/29 23:34:31.181, 297.05, 100, 74232, 70
2026/07/29 23:34:32.219, 299.40, 100, 74232, 70
2026/07/29 23:34:33.257, 304.36, 100, 74232, 70
2026/07/29 23:34:34.295, 303.38, 100, 74232, 70
2026/07/29 23:34:35.333, 301.31, 100, 74232, 70
2026/07/29 23:34:36.369, 301.15, 100, 74232, 70
2026/07/29 23:34:37.405, 304.64, 100, 74232, 70
2026/07/29 23:34:38.443, 303.73, 100, 74232, 70
2026/07/29 23:34:39.482, 304.22, 100, 74232, 70
2026/07/29 23:34:40.520, 301.14, 100, 74232, 70
2026/07/29 23:34:41.557, 300.08, 100, 74232, 70
2026/07/29 23:34:42.593, 299.99, 100, 74232, 70
2026/07/29 23:34:43.639, 298.34, 100, 74232, 70
2026/07/29 23:34:44.675, 297.55, 100, 74232, 70
2026/07/29 23:34:45.712, 298.31, 100, 74232, 70
2026/07/29 23:34:46.750, 297.52, 100, 74232, 70
2026/07/29 23:34:47.786, 296.65, 100, 74232, 70
2026/07/29 23:34:48.823, 298.03, 100, 74232, 70
2026/07/29 23:34:49.864, 295.60, 100, 74232, 70
2026/07/29 23:34:50.900, 296.36, 100, 74232, 70
2026/07/29 23:34:51.940, 287.01, 100, 74232, 70
2026/07/29 23:34:52.976, 294.03, 100, 74232, 70
2026/07/29 23:34:54.019, 294.41, 100, 74232, 70
2026/07/29 23:34:55.057, 294.72, 100, 74232, 70
2026/07/29 23:34:56.094, 296.10, 100, 74232, 70
2026/07/29 23:34:57.132, 296.86, 100, 74232, 70
2026/07/29 23:34:58.169, 297.85, 100, 74232, 70
2026/07/29 23:34:59.206, 295.20, 100, 74232, 70
2026/07/29 23:35:00.243, 295.88, 100, 74232, 70
2026/07/29 23:35:01.282, 301.73, 100, 74232, 70
2026/07/29 23:35:02.319, 302.67, 100, 74232, 70
2026/07/29 23:35:03.356, 309.35, 100, 74232, 70
2026/07/29 23:35:04.394, 302.52, 100, 74232, 70
2026/07/29 23:35:05.432, 302.89, 100, 74232, 70
2026/07/29 23:35:06.470, 304.86, 100, 74232, 70
2026/07/29 23:35:07.511, 304.35, 100, 74232, 70
2026/07/29 23:35:08.548, 301.51, 100, 74232, 70
2026/07/29 23:35:09.585, 295.02, 100, 74232, 70
2026/07/29 23:35:10.626, 302.70, 100, 74232, 70
2026/07/29 23:35:11.663, 296.85, 100, 74232, 70
2026/07/29 23:35:12.701, 292.86, 100, 74232, 70
2026/07/29 23:35:13.740, 297.54, 100, 74232, 70
2026/07/29 23:35:14.782, 304.37, 100, 74232, 70
2026/07/29 23:35:15.819, 297.25, 100, 74232, 70
2026/07/29 23:35:16.856, 305.50, 100, 74232, 70
2026/07/29 23:35:17.893, 294.45, 100, 74232, 70
2026/07/29 23:35:18.931, 299.89, 100, 74232, 70
2026/07/29 23:35:19.968, 95.90, 56, 74232, 67
2026/07/29 23:35:21.001, 304.08, 100, 74232, 71
2026/07/29 23:35:22.035, 300.43, 100, 74232, 71
2026/07/29 23:35:23.069, 317.03, 100, 74232, 71
2026/07/29 23:35:24.111, 299.21, 100, 74232, 71
2026/07/29 23:35:25.147, 284.15, 100, 74232, 71
2026/07/29 23:35:26.183, 311.52, 100, 74232, 71
2026/07/29 23:35:27.225, 300.16, 100, 74232, 70
2026/07/29 23:35:28.263, 297.74, 100, 74232, 69
2026/07/29 23:35:29.300, 295.02, 100, 74232, 69
2026/07/29 23:35:30.338, 296.47, 100, 74232, 70
2026/07/29 23:35:31.377, 275.27, 100, 74232, 71
2026/07/29 23:35:32.414, 293.23, 100, 74232, 72
2026/07/29 23:35:33.450, 317.11, 100, 74232, 72
2026/07/29 23:35:34.485, 317.39, 100, 74232, 72
2026/07/29 23:35:35.520, 309.32, 100, 74232, 71
2026/07/29 23:35:36.558, 265.78, 100, 74232, 72
2026/07/29 23:35:37.594, 298.54, 100, 74232, 70
2026/07/29 23:35:38.632, 299.86, 100, 74232, 70
2026/07/29 23:35:39.669, 303.58, 100, 74232, 70
2026/07/29 23:35:40.706, 304.67, 100, 74232, 70
2026/07/29 23:35:41.743, 302.22, 100, 74232, 70
2026/07/29 23:35:42.781, 305.41, 100, 74232, 70
2026/07/29 23:35:43.817, 304.84, 100, 74232, 71
2026/07/29 23:35:44.856, 301.63, 100, 74232, 71
2026/07/29 23:35:45.894, 304.94, 100, 74232, 71
2026/07/29 23:35:46.931, 304.73, 100, 74232, 71
2026/07/29 23:35:47.969, 298.03, 100, 74232, 71
2026/07/29 23:35:49.009, 303.87, 100, 74232, 71
2026/07/29 23:35:50.047, 301.33, 100, 74232, 71
2026/07/29 23:35:51.084, 305.02, 100, 74232, 71
2026/07/29 23:35:52.123, 303.68, 100, 74232, 71
2026/07/29 23:35:53.163, 297.04, 100, 74232, 71
2026/07/29 23:35:54.204, 299.48, 100, 74232, 71
2026/07/29 23:35:55.241, 296.09, 100, 74232, 71
2026/07/29 23:35:56.282, 296.37, 100, 74232, 71
2026/07/29 23:35:57.320, 294.23, 100, 74232, 70
2026/07/29 23:35:58.358, 298.71, 100, 74232, 71
2026/07/29 23:35:59.396, 293.74, 100, 74232, 71
2026/07/29 23:36:00.436, 298.22, 100, 74232, 70
2026/07/29 23:36:01.472, 293.67, 100, 74232, 70
2026/07/29 23:36:02.513, 296.47, 100, 74232, 70
2026/07/29 23:36:03.551, 293.75, 100, 74232, 70
2026/07/29 23:36:04.587, 299.49, 100, 74232, 70
2026/07/29 23:36:05.627, 302.91, 100, 74232, 70
2026/07/29 23:36:06.664, 302.86, 100, 74232, 70
2026/07/29 23:36:07.702, 304.94, 100, 74232, 70
2026/07/29 23:36:08.739, 301.79, 100, 74232, 70
2026/07/29 23:36:09.777, 304.45, 85, 74232, 72
2026/07/29 23:36:10.812, 302.69, 100, 74232, 70
2026/07/29 23:36:11.849, 302.22, 100, 74232, 70
2026/07/29 23:36:12.887, 305.34, 100, 74232, 70
2026/07/29 23:36:13.925, 304.86, 100, 74232, 70
2026/07/29 23:36:14.962, 302.88, 100, 74232, 70
2026/07/29 23:36:16.000, 300.54, 100, 74232, 70
2026/07/29 23:36:17.037, 306.90, 100, 74232, 70
2026/07/29 23:36:18.074, 300.07, 100, 74232, 70
2026/07/29 23:36:19.115, 301.25, 100, 74232, 70
2026/07/29 23:36:20.154, 291.99, 100, 74232, 70
2026/07/29 23:36:21.191, 299.38, 100, 74232, 70
2026/07/29 23:36:22.229, 300.66, 100, 74232, 70
2026/07/29 23:36:23.266, 292.48, 100, 74232, 70
2026/07/29 23:36:24.304, 299.39, 100, 74232, 70
2026/07/29 23:36:25.341, 299.49, 100, 74232, 70
2026/07/29 23:36:26.378, 300.86, 100, 74232, 70
2026/07/29 23:36:27.415, 303.76, 100, 74232, 70
2026/07/29 23:36:28.453, 301.93, 100, 74232, 70
2026/07/29 23:36:29.491, 306.58, 100, 74232, 70
2026/07/29 23:36:30.529, 291.60, 100, 74232, 70
2026/07/29 23:36:31.568, 299.30, 100, 74232, 70
2026/07/29 23:36:32.606, 294.01, 100, 74232, 70
2026/07/29 23:36:33.644, 303.30, 100, 74232, 70
2026/07/29 23:36:34.684, 289.45, 100, 74232, 70
2026/07/29 23:36:35.722, 294.40, 100, 74232, 70
2026/07/29 23:36:36.759, 291.70, 100, 74232, 70
2026/07/29 23:36:37.798, 295.58, 100, 74232, 70
2026/07/29 23:36:38.839, 303.18, 100, 74232, 70
2026/07/29 23:36:39.878, 296.19, 100, 74232, 70
2026/07/29 23:36:40.915, 295.21, 100, 74232, 70
2026/07/29 23:36:41.956, 301.43, 100, 74232, 70
2026/07/29 23:36:42.994, 297.15, 100, 74232, 70
2026/07/29 23:36:44.032, 297.63, 100, 74232, 70
2026/07/29 23:36:45.070, 298.02, 100, 74232, 70
2026/07/29 23:36:46.107, 295.69, 100, 74232, 70
2026/07/29 23:36:47.150, 296.47, 100, 74232, 70
2026/07/29 23:36:48.189, 291.88, 100, 74232, 70
2026/07/29 23:36:49.226, 300.67, 100, 74232, 70
2026/07/29 23:36:50.265, 299.21, 100, 74232, 70
2026/07/29 23:36:51.302, 299.78, 100, 74232, 70
2026/07/29 23:36:52.338, 301.60, 100, 74232, 70
2026/07/29 23:36:53.374, 296.47, 100, 74232, 70
2026/07/29 23:36:54.411, 300.45, 100, 74232, 70
2026/07/29 23:36:55.448, 293.75, 100, 74232, 70
2026/07/29 23:36:56.485, 294.40, 100, 74232, 70
2026/07/29 23:36:57.522, 298.19, 100, 74232, 70
2026/07/29 23:36:58.558, 300.28, 100, 74232, 70
2026/07/29 23:36:59.596, 307.38, 100, 74232, 70
2026/07/29 23:37:00.633, 302.32, 100, 74232, 70
2026/07/29 23:37:01.669, 301.25, 100, 74232, 70
2026/07/29 23:37:02.709, 294.52, 100, 74232, 70
2026/07/29 23:37:03.746, 296.76, 100, 74232, 70
2026/07/29 23:37:04.787, 300.07, 100, 74232, 70
2026/07/29 23:37:05.824, 300.85, 100, 74232, 70
2026/07/29 23:37:06.867, 293.54, 100, 74232, 70
2026/07/29 23:37:07.906, 293.46, 100, 74232, 70
2026/07/29 23:37:08.944, 302.87, 100, 74232, 70
2026/07/29 23:37:09.981, 302.30, 100, 74232, 70
2026/07/29 23:37:11.018, 301.81, 100, 74232, 70
2026/07/29 23:37:12.055, 300.56, 100, 74232, 70
2026/07/29 23:37:13.092, 292.96, 100, 74232, 70
2026/07/29 23:37:14.129, 295.40, 100, 74232, 70
2026/07/29 23:37:15.167, 300.45, 100, 74232, 70
2026/07/29 23:37:16.207, 287.40, 100, 74232, 70
2026/07/29 23:37:17.243, 289.44, 100, 74232, 70
2026/07/29 23:37:18.281, 293.45, 100, 74232, 70
2026/07/29 23:37:19.317, 294.73, 100, 74232, 70
2026/07/29 23:37:20.358, 293.84, 100, 74232, 70
2026/07/29 23:37:21.395, 294.13, 100, 74232, 70
2026/07/29 23:37:22.433, 294.23, 100, 74232, 70
2026/07/29 23:37:23.471, 289.45, 100, 74232, 70
2026/07/29 23:37:24.508, 292.97, 100, 74232, 70
2026/07/29 23:37:25.545, 293.35, 100, 74232, 70
2026/07/29 23:37:26.582, 298.79, 100, 74232, 70
2026/07/29 23:37:27.620, 293.25, 100, 74232, 70
2026/07/29 23:37:28.662, 298.88, 100, 74232, 70
2026/07/29 23:37:29.699, 298.79, 100, 74232, 70
2026/07/29 23:37:30.737, 291.68, 100, 74232, 69
2026/07/29 23:37:31.774, 300.92, 100, 74232, 70
2026/07/29 23:37:32.812, 297.71, 100, 74232, 70
2026/07/29 23:37:33.848, 297.82, 100, 74232, 70
2026/07/29 23:37:34.887, 301.13, 100, 74232, 70
2026/07/29 23:37:35.924, 301.33, 100, 74232, 70
2026/07/29 23:37:36.963, 299.08, 100, 74232, 70
2026/07/29 23:37:38.000, 298.61, 100, 74232, 70
2026/07/29 23:37:39.038, 299.38, 100, 74232, 70
2026/07/29 23:37:40.075, 302.98, 100, 74232, 70
2026/07/29 23:37:41.113, 304.76, 100, 74232, 70
2026/07/29 23:37:42.150, 299.26, 100, 74232, 70
2026/07/29 23:37:43.188, 303.48, 100, 74232, 70
2026/07/29 23:37:44.226, 303.11, 100, 74232, 70
2026/07/29 23:37:45.262, 302.61, 100, 74232, 70
2026/07/29 23:37:46.300, 301.34, 100, 74232, 70
2026/07/29 23:37:47.337, 302.02, 100, 74232, 70
2026/07/29 23:37:48.378, 303.30, 100, 74232, 70
2026/07/29 23:37:49.415, 295.59, 100, 74232, 70
2026/07/29 23:37:50.451, 299.47, 100, 74232, 70
2026/07/29 23:37:51.488, 294.34, 100, 74232, 70
2026/07/29 23:37:52.526, 293.93, 100, 74232, 70
2026/07/29 23:37:53.563, 295.49, 100, 74232, 70
2026/07/29 23:37:54.600, 294.23, 100, 74232, 70
2026/07/29 23:37:55.638, 294.32, 100, 74232, 70
2026/07/29 23:37:56.674, 293.65, 100, 74232, 70
2026/07/29 23:37:57.715, 295.00, 100, 74232, 70
2026/07/29 23:37:58.751, 293.73, 100, 74232, 70
2026/07/29 23:37:59.788, 300.13, 100, 74232, 70
2026/07/29 23:38:00.825, 296.29, 100, 74232, 72
2026/07/29 23:38:01.863, 297.40, 100, 74232, 72
2026/07/29 23:38:02.898, 294.07, 100, 74232, 72
2026/07/29 23:38:03.935, 304.35, 100, 74232, 72
2026/07/29 23:38:04.970, 275.52, 100, 74232, 72
2026/07/29 23:38:06.004, 294.67, 100, 74232, 72
2026/07/29 23:38:07.039, 303.49, 100, 74232, 70
2026/07/29 23:38:08.076, 304.35, 100, 74232, 70
2026/07/29 23:38:09.112, 302.52, 100, 74232, 70
2026/07/29 23:38:10.149, 297.16, 100, 74232, 70
2026/07/29 23:38:11.187, 301.35, 100, 74232, 70
2026/07/29 23:38:12.224, 303.26, 100, 74232, 70
2026/07/29 23:38:13.261, 307.50, 100, 74232, 70
2026/07/29 23:38:14.300, 298.60, 100, 74232, 70
2026/07/29 23:38:15.338, 297.04, 100, 74232, 70
2026/07/29 23:38:16.376, 290.04, 100, 74232, 70
2026/07/29 23:38:17.412, 296.27, 100, 74232, 70
2026/07/29 23:38:18.448, 297.25, 100, 74232, 70
2026/07/29 23:38:19.486, 299.50, 100, 74232, 70
2026/07/29 23:38:20.525, 302.52, 100, 74232, 70
2026/07/29 23:38:21.561, 297.73, 100, 74232, 70
2026/07/29 23:38:22.599, 306.76, 100, 74232, 70
2026/07/29 23:38:23.637, 303.16, 100, 74232, 70
2026/07/29 23:38:24.674, 297.25, 100, 74232, 70
2026/07/29 23:38:25.710, 299.29, 100, 74232, 70
2026/07/29 23:38:26.748, 298.89, 100, 74232, 70
2026/07/29 23:38:27.785, 304.75, 100, 74232, 70
2026/07/29 23:38:28.825, 305.11, 100, 74232, 70
2026/07/29 23:38:29.861, 301.74, 100, 74232, 70
2026/07/29 23:38:30.900, 305.16, 100, 74232, 70
2026/07/29 23:38:31.938, 297.44, 100, 74232, 70
2026/07/29 23:38:32.975, 300.06, 100, 74232, 70
2026/07/29 23:38:34.015, 296.57, 100, 74232, 70
2026/07/29 23:38:35.052, 301.84, 100, 74232, 70
2026/07/29 23:38:36.089, 294.12, 100, 74232, 70
2026/07/29 23:38:37.126, 296.57, 100, 74232, 70
2026/07/29 23:38:38.166, 302.71, 100, 74232, 70
2026/07/29 23:38:39.203, 295.38, 100, 74232, 70
2026/07/29 23:38:40.241, 292.78, 100, 74232, 72
2026/07/29 23:38:41.278, 293.76, 100, 74232, 72
2026/07/29 23:38:42.315, 292.99, 100, 74232, 72
2026/07/29 23:38:43.353, 304.18, 100, 74232, 72
2026/07/29 23:38:44.391, 284.13, 100, 74232, 72
2026/07/29 23:38:45.426, 284.48, 100, 74232, 72
2026/07/29 23:38:46.468, 295.21, 100, 74232, 72
2026/07/29 23:38:47.505, 304.75, 100, 74232, 70
2026/07/29 23:38:48.542, 302.80, 100, 74232, 70
2026/07/29 23:38:49.579, 296.06, 100, 74232, 70
2026/07/29 23:38:50.621, 369.86, 49, 74232, 72
2026/07/29 23:38:51.659, 302.61, 100, 74232, 70
2026/07/29 23:38:52.696, 305.06, 100, 74232, 71
2026/07/29 23:38:53.734, 306.28, 100, 74232, 71
2026/07/29 23:38:54.771, 292.67, 100, 74232, 71
2026/07/29 23:38:55.809, 303.38, 100, 74232, 71
2026/07/29 23:38:56.846, 290.02, 100, 74232, 71
2026/07/29 23:38:57.886, 295.87, 100, 74232, 71
2026/07/29 23:38:58.926, 300.13, 100, 74232, 71
2026/07/29 23:38:59.963, 300.27, 100, 74232, 71
2026/07/29 23:39:01.001, 303.85, 100, 74232, 71
2026/07/29 23:39:02.039, 295.59, 100, 74232, 70
2026/07/29 23:39:03.077, 298.02, 100, 74232, 71
2026/07/29 23:39:04.115, 303.10, 100, 74232, 71
2026/07/29 23:39:05.151, 295.68, 100, 74232, 71
2026/07/29 23:39:06.188, 293.36, 100, 74232, 70
2026/07/29 23:39:07.225, 303.29, 100, 74232, 71
2026/07/29 23:39:08.263, 302.62, 100, 74232, 71
2026/07/29 23:39:09.300, 307.21, 100, 74232, 71
2026/07/29 23:39:10.339, 299.00, 100, 74232, 71
2026/07/29 23:39:11.377, 299.49, 100, 74232, 71
2026/07/29 23:39:12.415, 305.09, 100, 74232, 71
2026/07/29 23:39:13.452, 300.65, 100, 74232, 71
2026/07/29 23:39:14.491, 302.90, 100, 74232, 71
2026/07/29 23:39:15.528, 302.11, 100, 74232, 71
2026/07/29 23:39:16.567, 303.47, 100, 74232, 71
2026/07/29 23:39:17.604, 302.41, 100, 74232, 70
2026/07/29 23:39:18.643, 297.95, 100, 74232, 70
2026/07/29 23:39:19.680, 298.02, 100, 74232, 70
2026/07/29 23:39:20.720, 296.02, 100, 74232, 70
2026/07/29 23:39:21.757, 296.20, 100, 74232, 70
2026/07/29 23:39:22.795, 295.45, 100, 74232, 70
2026/07/29 23:39:23.832, 292.76, 100, 74232, 70
2026/07/29 23:39:24.871, 293.84, 100, 74232, 70
2026/07/29 23:39:25.908, 292.11, 100, 74232, 70
2026/07/29 23:39:26.945, 295.30, 100, 74232, 70
2026/07/29 23:39:27.982, 302.41, 100, 74232, 70
2026/07/29 23:39:29.019, 302.01, 100, 74232, 70
2026/07/29 23:39:30.058, 302.99, 100, 74232, 70
2026/07/29 23:39:31.098, 303.86, 100, 74232, 70
2026/07/29 23:39:32.135, 302.97, 100, 74232, 70
2026/07/29 23:39:33.174, 303.97, 100, 74232, 70
2026/07/29 23:39:34.212, 304.44, 100, 74232, 70
2026/07/29 23:39:35.249, 299.20, 100, 74232, 70
2026/07/29 23:39:36.287, 303.02, 100, 74232, 70
2026/07/29 23:39:37.325, 298.50, 100, 74232, 70
2026/07/29 23:39:38.364, 300.14, 100, 74232, 70
2026/07/29 23:39:39.401, 296.08, 100, 74232, 70
2026/07/29 23:39:40.439, 295.00, 100, 74232, 70
2026/07/29 23:39:41.480, 296.45, 100, 74232, 70
2026/07/29 23:39:42.518, 295.50, 100, 74232, 70
2026/07/29 23:39:43.556, 294.41, 100, 74232, 70
2026/07/29 23:39:44.595, 295.49, 100, 74232, 70
2026/07/29 23:39:45.633, 296.08, 100, 74232, 70
2026/07/29 23:39:46.668, 294.63, 100, 74232, 70
2026/07/29 23:39:47.705, 297.45, 100, 74232, 70
2026/07/29 23:39:48.742, 296.67, 100, 74232, 70
2026/07/29 23:39:49.781, 302.82, 100, 74232, 70
2026/07/29 23:39:50.817, 300.96, 100, 74232, 70
2026/07/29 23:39:51.853, 298.02, 100, 74232, 70
2026/07/29 23:39:52.890, 304.17, 100, 74232, 70
2026/07/29 23:39:53.927, 304.85, 100, 74232, 70
2026/07/29 23:39:54.965, 303.11, 100, 74232, 70
2026/07/29 23:39:56.001, 303.98, 100, 74232, 70
2026/07/29 23:39:57.038, 304.36, 100, 74232, 70
2026/07/29 23:39:58.075, 303.10, 100, 74232, 70
2026/07/29 23:39:59.112, 302.02, 100, 74232, 70
2026/07/29 23:40:00.148, 303.08, 100, 74232, 70
2026/07/29 23:40:01.184, 300.86, 100, 74232, 70
2026/07/29 23:40:02.220, 303.19, 100, 74232, 70
2026/07/29 23:40:03.257, 300.85, 100, 74232, 70
2026/07/29 23:40:04.294, 301.32, 100, 74232, 70
2026/07/29 23:40:05.331, 292.28, 100, 74232, 70
2026/07/29 23:40:06.371, 304.16, 100, 74232, 70
2026/07/29 23:40:07.409, 303.00, 100, 74232, 70
2026/07/29 23:40:08.445, 300.64, 100, 74232, 70
2026/07/29 23:40:09.483, 296.07, 100, 74232, 70
2026/07/29 23:40:10.520, 302.01, 100, 74232, 70
2026/07/29 23:40:11.559, 304.44, 100, 74232, 70
2026/07/29 23:40:12.597, 299.50, 100, 74232, 70
2026/07/29 23:40:13.636, 303.66, 100, 74232, 70
2026/07/29 23:40:14.674, 303.08, 100, 74232, 70
2026/07/29 23:40:15.712, 301.97, 100, 74232, 70
2026/07/29 23:40:16.750, 302.08, 100, 74232, 70
2026/07/29 23:40:17.787, 302.32, 100, 74232, 70
2026/07/29 23:40:18.825, 301.73, 100, 74232, 70
2026/07/29 23:40:19.863, 296.49, 100, 74232, 70
2026/07/29 23:40:20.901, 302.67, 100, 74232, 70
2026/07/29 23:40:21.938, 302.70, 100, 74232, 70
2026/07/29 23:40:22.980, 297.92, 100, 74232, 70
2026/07/29 23:40:24.019, 296.47, 100, 74232, 70
2026/07/29 23:40:25.061, 295.89, 100, 74232, 70
2026/07/29 23:40:26.099, 290.91, 100, 74232, 70
2026/07/29 23:40:27.137, 294.42, 100, 74232, 70
2026/07/29 23:40:28.179, 294.63, 100, 74232, 70
2026/07/29 23:40:29.216, 299.39, 100, 74232, 70
2026/07/29 23:40:30.254, 301.64, 100, 74232, 70
2026/07/29 23:40:31.294, 297.44, 100, 74232, 70
2026/07/29 23:40:32.331, 293.18, 100, 74232, 70
2026/07/29 23:40:33.370, 291.69, 100, 74232, 70
2026/07/29 23:40:34.409, 297.55, 100, 74232, 70
2026/07/29 23:40:35.446, 299.79, 100, 74232, 70
2026/07/29 23:40:36.484, 302.31, 100, 74232, 70
2026/07/29 23:40:37.521, 301.52, 100, 74232, 70
2026/07/29 23:40:38.559, 301.59, 100, 74232, 70
2026/07/29 23:40:39.598, 300.26, 100, 74232, 70
2026/07/29 23:40:40.636, 301.99, 100, 74232, 70
2026/07/29 23:40:41.673, 301.12, 100, 74232, 70
2026/07/29 23:40:42.713, 298.81, 100, 74232, 70
2026/07/29 23:40:43.751, 294.42, 100, 74232, 70
2026/07/29 23:40:44.788, 289.65, 100, 74232, 70
2026/07/29 23:40:45.825, 297.09, 100, 74232, 71
2026/07/29 23:40:46.862, 293.27, 100, 74232, 71
2026/07/29 23:40:47.900, 301.07, 100, 74232, 71
2026/07/29 23:40:48.936, 314.92, 100, 74232, 71
2026/07/29 23:40:49.972, 289.83, 100, 74232, 71
2026/07/29 23:40:51.007, 317.50, 100, 74232, 71
2026/07/29 23:40:52.043, 301.81, 100, 74232, 70
2026/07/29 23:40:53.081, 303.00, 100, 74232, 70
2026/07/29 23:40:54.119, 298.60, 100, 74232, 70
2026/07/29 23:40:55.156, 302.31, 100, 74232, 70
2026/07/29 23:40:56.193, 303.18, 100, 74232, 70
2026/07/29 23:40:57.232, 299.60, 100, 74232, 70
2026/07/29 23:40:58.271, 298.91, 100, 74232, 72
2026/07/29 23:40:59.306, 297.95, 100, 74232, 72
2026/07/29 23:41:00.342, 297.14, 100, 74232, 72
2026/07/29 23:41:01.381, 276.58, 100, 74232, 72
2026/07/29 23:41:02.419, 289.16, 100, 74232, 72
2026/07/29 23:41:03.455, 300.72, 100, 74232, 72
2026/07/29 23:41:04.492, 263.14, 100, 74232, 70
2026/07/29 23:41:05.530, 287.33, 100, 74232, 70
2026/07/29 23:41:06.569, 295.19, 100, 74232, 70
2026/07/29 23:41:07.609, 296.37, 100, 74232, 70
2026/07/29 23:41:08.646, 279.38, 80, 74232, 72
2026/07/29 23:41:09.683, 284.87, 100, 74232, 72
2026/07/29 23:41:10.718, 312.97, 100, 74232, 72
2026/07/29 23:41:11.755, 284.87, 100, 74232, 72
2026/07/29 23:41:12.794, 305.98, 100, 74232, 72
2026/07/29 23:41:13.830, 270.45, 100, 74232, 72
2026/07/29 23:41:14.873, 304.41, 100, 74232, 73
2026/07/29 23:41:15.909, 303.10, 100, 74232, 71
2026/07/29 23:41:16.948, 304.56, 100, 74232, 71
2026/07/29 23:41:17.986, 301.33, 100, 74232, 71
2026/07/29 23:41:19.023, 294.43, 100, 74232, 71
2026/07/29 23:41:20.061, 296.77, 100, 74232, 71
2026/07/29 23:41:21.101, 297.07, 100, 74232, 71
2026/07/29 23:41:22.139, 298.50, 100, 74232, 71
2026/07/29 23:41:23.179, 293.74, 100, 74232, 71
2026/07/29 23:41:24.219, 293.75, 100, 74232, 71
2026/07/29 23:41:25.256, 299.42, 100, 74232, 71
2026/07/29 23:41:26.296, 299.97, 100, 74232, 72
2026/07/29 23:41:27.332, 292.51, 100, 74232, 72
2026/07/29 23:41:28.367, 292.84, 100, 74232, 72
2026/07/29 23:41:29.403, 298.52, 100, 74232, 72
2026/07/29 23:41:30.437, 273.69, 100, 74232, 72
2026/07/29 23:41:31.472, 264.83, 100, 74232, 72
2026/07/29 23:41:32.508, 301.61, 100, 74232, 72
2026/07/29 23:41:33.543, 300.34, 100, 74232, 71
2026/07/29 23:41:34.580, 304.75, 100, 74232, 71
2026/07/29 23:41:35.617, 291.02, 100, 74232, 71
2026/07/29 23:41:36.656, 296.78, 87, 74232, 72
2026/07/29 23:41:37.691, 291.88, 100, 74232, 72
2026/07/29 23:41:38.730, 293.75, 100, 74232, 73
2026/07/29 23:41:39.765, 291.28, 100, 74232, 73
2026/07/29 23:41:40.801, 296.07, 100, 74232, 73
2026/07/29 23:41:41.844, 268.22, 100, 74232, 73
2026/07/29 23:41:42.881, 291.73, 100, 74232, 73
2026/07/29 23:41:43.918, 304.32, 100, 74232, 71
2026/07/29 23:41:44.956, 306.51, 100, 74232, 71
2026/07/29 23:41:45.994, 306.11, 100, 74232, 71
2026/07/29 23:41:47.032, 296.48, 100, 74232, 71
2026/07/29 23:41:48.070, 306.58, 100, 74232, 71
2026/07/29 23:41:49.107, 310.19, 100, 74232, 71
2026/07/29 23:41:50.146, 294.62, 100, 74232, 71
2026/07/29 23:41:51.184, 300.05, 100, 74232, 71
2026/07/29 23:41:52.222, 307.01, 100, 74232, 71
2026/07/29 23:41:53.261, 296.75, 100, 74232, 71
2026/07/29 23:41:54.299, 298.00, 100, 74232, 71
2026/07/29 23:41:55.337, 299.10, 100, 74232, 71
2026/07/29 23:41:56.374, 298.91, 100, 74232, 71
2026/07/29 23:41:57.412, 295.70, 100, 74232, 71
2026/07/29 23:41:58.450, 297.74, 100, 74232, 71
2026/07/29 23:41:59.488, 299.68, 100, 74232, 71
2026/07/29 23:42:00.529, 295.01, 100, 74232, 71
2026/07/29 23:42:01.570, 292.08, 100, 74232, 71
2026/07/29 23:42:02.608, 290.62, 100, 74232, 71
2026/07/29 23:42:03.648, 282.77, 100, 74232, 71
2026/07/29 23:42:04.685, 296.76, 100, 74232, 71
2026/07/29 23:42:05.723, 298.52, 100, 74232, 71
2026/07/29 23:42:06.761, 299.30, 100, 74232, 71
2026/07/29 23:42:07.798, 295.31, 100, 74232, 71
2026/07/29 23:42:08.836, 297.45, 100, 74232, 71
2026/07/29 23:42:09.873, 297.25, 100, 74232, 71
2026/07/29 23:42:10.912, 298.22, 100, 74232, 71
2026/07/29 23:42:11.949, 296.85, 100, 74232, 71
2026/07/29 23:42:12.989, 296.08, 100, 74232, 71
2026/07/29 23:42:14.027, 297.36, 100, 74232, 71
2026/07/29 23:42:15.066, 293.85, 100, 74232, 71
2026/07/29 23:42:16.105, 292.58, 100, 74232, 71
2026/07/29 23:42:17.142, 300.65, 100, 74232, 71
2026/07/29 23:42:18.184, 305.90, 100, 74232, 71
2026/07/29 23:42:19.222, 298.40, 100, 74232, 71
2026/07/29 23:42:20.260, 302.10, 100, 74232, 71
2026/07/29 23:42:21.299, 296.57, 100, 74232, 70
2026/07/29 23:42:22.337, 297.23, 100, 74232, 70
2026/07/29 23:42:23.376, 290.27, 40, 74232, 72
2026/07/29 23:42:24.412, 304.64, 100, 74232, 70
2026/07/29 23:42:25.451, 299.67, 100, 74232, 70
2026/07/29 23:42:26.489, 305.92, 100, 74232, 70
2026/07/29 23:42:27.528, 301.04, 100, 74232, 70
2026/07/29 23:42:28.566, 302.60, 100, 74232, 70
2026/07/29 23:42:29.604, 302.29, 100, 74232, 70
2026/07/29 23:42:30.642, 301.32, 100, 74232, 70
2026/07/29 23:42:31.680, 302.22, 100, 74232, 70
2026/07/29 23:42:32.718, 297.55, 100, 74232, 70
2026/07/29 23:42:33.755, 294.62, 100, 74232, 70
2026/07/29 23:42:34.793, 304.46, 100, 74232, 70
2026/07/29 23:42:35.831, 302.79, 100, 74232, 70
2026/07/29 23:42:36.872, 304.53, 100, 74232, 70
2026/07/29 23:42:37.910, 302.55, 100, 74232, 70
2026/07/29 23:42:38.948, 296.78, 100, 74232, 70
2026/07/29 23:42:39.986, 293.45, 100, 74232, 70
2026/07/29 23:42:41.024, 296.58, 100, 74232, 70
2026/07/29 23:42:42.062, 299.49, 100, 74232, 70
2026/07/29 23:42:43.100, 294.72, 100, 74232, 70
2026/07/29 23:42:44.139, 302.14, 100, 74232, 70
2026/07/29 23:42:45.178, 304.27, 100, 74232, 70
2026/07/29 23:42:46.217, 303.68, 100, 74232, 70
2026/07/29 23:42:47.255, 303.39, 100, 74232, 70
2026/07/29 23:42:48.297, 297.45, 100, 74232, 70
2026/07/29 23:42:49.334, 291.49, 100, 74232, 70
2026/07/29 23:42:50.372, 284.79, 100, 74232, 70
2026/07/29 23:42:51.414, 302.73, 100, 74232, 70
2026/07/29 23:42:52.453, 295.87, 100, 74232, 70
2026/07/29 23:42:53.491, 292.57, 100, 74232, 70
2026/07/29 23:42:54.531, 296.95, 100, 74232, 70
2026/07/29 23:42:55.568, 290.53, 100, 74232, 70
2026/07/29 23:42:56.608, 294.03, 100, 74232, 70
2026/07/29 23:42:57.651, 293.35, 100, 74232, 70
2026/07/29 23:42:58.689, 289.43, 100, 74232, 70
2026/07/29 23:42:59.730, 292.96, 100, 74232, 70
2026/07/29 23:43:00.772, 294.92, 100, 74232, 70
2026/07/29 23:43:01.809, 302.18, 100, 74232, 70
2026/07/29 23:43:02.849, 294.12, 100, 74232, 70
2026/07/29 23:43:03.888, 296.97, 100, 74232, 70
2026/07/29 23:43:04.927, 296.67, 100, 74232, 70
2026/07/29 23:43:05.963, 302.89, 100, 74232, 70
2026/07/29 23:43:07.003, 299.49, 100, 74232, 70
2026/07/29 23:43:08.041, 297.76, 100, 74232, 70
2026/07/29 23:43:09.077, 299.30, 100, 74232, 70
2026/07/29 23:43:10.115, 303.29, 100, 74232, 70
2026/07/29 23:43:11.152, 302.12, 100, 74232, 70
2026/07/29 23:43:12.189, 302.22, 100, 74232, 70
2026/07/29 23:43:13.227, 302.31, 100, 74232, 70
2026/07/29 23:43:14.263, 302.89, 100, 74232, 70
2026/07/29 23:43:15.300, 295.20, 100, 74232, 70
2026/07/29 23:43:16.336, 302.68, 100, 74232, 70
2026/07/29 23:43:17.372, 303.30, 100, 74232, 70
2026/07/29 23:43:18.409, 302.60, 100, 74232, 70
2026/07/29 23:43:19.445, 303.89, 100, 74232, 70
2026/07/29 23:43:20.483, 291.59, 100, 74232, 70
2026/07/29 23:43:21.520, 296.88, 100, 74232, 70
2026/07/29 23:43:22.560, 296.29, 100, 74232, 70
2026/07/29 23:43:23.598, 300.18, 100, 74232, 70
2026/07/29 23:43:24.635, 301.84, 100, 74232, 70
2026/07/29 23:43:25.675, 301.36, 100, 74232, 70
2026/07/29 23:43:26.712, 298.82, 100, 74232, 70
2026/07/29 23:43:27.750, 290.92, 100, 74232, 70
2026/07/29 23:43:28.788, 299.48, 100, 74232, 70
2026/07/29 23:43:29.826, 296.47, 100, 74232, 70
2026/07/29 23:43:30.863, 295.80, 100, 74232, 72
2026/07/29 23:43:31.899, 297.98, 100, 74232, 72
2026/07/29 23:43:32.935, 297.15, 100, 74232, 71
2026/07/29 23:43:33.979, 281.86, 100, 74232, 72
2026/07/29 23:43:35.013, 275.79, 100, 74232, 71
2026/07/29 23:43:36.048, 293.86, 100, 74232, 70
2026/07/29 23:43:37.088, 295.79, 100, 74232, 70
2026/07/29 23:43:38.126, 295.30, 100, 74232, 70
2026/07/29 23:43:39.164, 300.18, 100, 74232, 70
2026/07/29 23:43:40.204, 297.92, 100, 74232, 70
2026/07/29 23:43:41.242, 300.56, 100, 74232, 70
2026/07/29 23:43:42.280, 306.98, 100, 74232, 70
2026/07/29 23:43:43.319, 303.34, 100, 74232, 70
2026/07/29 23:43:44.357, 297.82, 100, 74232, 70
2026/07/29 23:43:45.394, 302.71, 100, 74232, 70
2026/07/29 23:43:46.432, 303.88, 100, 74232, 70
2026/07/29 23:43:47.469, 302.68, 100, 74232, 70
2026/07/29 23:43:48.507, 302.59, 100, 74232, 70
2026/07/29 23:43:49.544, 300.46, 100, 74232, 70
2026/07/29 23:43:50.582, 303.94, 100, 74232, 70
2026/07/29 23:43:51.620, 293.55, 100, 74232, 70
2026/07/29 23:43:52.657, 302.90, 100, 74232, 70
2026/07/29 23:43:53.695, 297.83, 100, 74232, 70
2026/07/29 23:43:54.732, 304.21, 100, 74232, 70
2026/07/29 23:43:55.772, 304.96, 100, 74232, 70
2026/07/29 23:43:56.807, 302.03, 100, 74232, 70
2026/07/29 23:43:57.844, 301.62, 100, 74232, 70
2026/07/29 23:43:58.881, 303.36, 100, 74232, 70
2026/07/29 23:43:59.919, 297.74, 100, 74232, 70
2026/07/29 23:44:00.955, 293.75, 100, 74232, 70
2026/07/29 23:44:01.991, 295.99, 100, 74232, 70
2026/07/29 23:44:03.027, 290.91, 100, 74232, 70
2026/07/29 23:44:04.068, 294.61, 100, 74232, 70
2026/07/29 23:44:05.106, 299.97, 100, 74232, 70
2026/07/29 23:44:06.144, 304.55, 100, 74232, 70
2026/07/29 23:44:07.183, 297.33, 100, 74232, 70
2026/07/29 23:44:08.220, 304.54, 100, 74232, 70
2026/07/29 23:44:09.258, 294.43, 100, 74232, 70
2026/07/29 23:44:10.294, 295.87, 100, 74232, 70
2026/07/29 23:44:11.334, 289.84, 100, 74232, 70
2026/07/29 23:44:12.370, 288.87, 100, 74232, 70
2026/07/29 23:44:13.413, 297.15, 100, 74232, 70
2026/07/29 23:44:14.450, 295.42, 100, 74232, 70
2026/07/29 23:44:15.486, 293.07, 100, 74232, 70
2026/07/29 23:44:16.521, 289.75, 100, 74232, 70
2026/07/29 23:44:17.557, 296.18, 100, 74232, 70
2026/07/29 23:44:18.594, 292.39, 100, 74232, 70
2026/07/29 23:44:19.635, 299.97, 100, 74232, 70
2026/07/29 23:44:20.672, 303.76, 100, 74232, 70
2026/07/29 23:44:21.708, 302.21, 100, 74232, 70
2026/07/29 23:44:22.743, 307.58, 100, 74232, 70
2026/07/29 23:44:23.783, 299.95, 100, 74232, 70
2026/07/29 23:44:24.818, 295.67, 100, 74232, 70
2026/07/29 23:44:25.858, 303.88, 100, 74232, 70
2026/07/29 23:44:26.895, 297.91, 100, 74232, 70
2026/07/29 23:44:27.933, 293.77, 100, 74232, 70
2026/07/29 23:44:28.971, 293.06, 100, 74232, 70
2026/07/29 23:44:30.008, 293.54, 100, 74232, 70
2026/07/29 23:44:31.047, 302.22, 100, 74232, 70
2026/07/29 23:44:32.082, 294.74, 100, 74232, 70
2026/07/29 23:44:33.119, 295.20, 100, 74232, 70
2026/07/29 23:44:34.155, 303.60, 100, 74232, 70
2026/07/29 23:44:35.191, 301.91, 100, 74232, 70
2026/07/29 23:44:36.226, 299.69, 100, 74232, 70
2026/07/29 23:44:37.263, 299.03, 100, 74232, 70
2026/07/29 23:44:38.299, 293.84, 100, 74232, 70
2026/07/29 23:44:39.336, 294.02, 100, 74232, 70
2026/07/29 23:44:40.375, 299.49, 100, 74232, 70
2026/07/29 23:44:41.413, 301.23, 100, 74232, 70
2026/07/29 23:44:42.448, 302.81, 100, 74232, 70
2026/07/29 23:44:43.484, 301.25, 100, 74232, 70
2026/07/29 23:44:44.520, 301.73, 100, 74232, 70
2026/07/29 23:44:45.557, 303.95, 100, 74232, 70
2026/07/29 23:44:46.596, 302.59, 100, 74232, 70
2026/07/29 23:44:47.632, 303.41, 100, 74232, 70
2026/07/29 23:44:48.674, 299.29, 100, 74232, 70
2026/07/29 23:44:49.712, 301.52, 100, 74232, 70
2026/07/29 23:44:50.749, 296.76, 100, 74232, 70
2026/07/29 23:44:51.786, 291.89, 100, 74232, 70
2026/07/29 23:44:52.829, 296.46, 100, 74232, 70
2026/07/29 23:44:53.865, 291.90, 100, 74232, 70
2026/07/29 23:44:54.902, 295.68, 100, 74232, 70
2026/07/29 23:44:55.939, 297.44, 100, 74232, 70
2026/07/29 23:44:56.978, 303.69, 100, 74232, 70
2026/07/29 23:44:58.014, 301.27, 100, 74232, 70
2026/07/29 23:44:59.052, 299.87, 100, 74232, 70
2026/07/29 23:45:00.089, 302.10, 100, 74232, 70
2026/07/29 23:45:01.126, 295.90, 100, 74232, 70
2026/07/29 23:45:02.162, 296.18, 100, 74232, 70
2026/07/29 23:45:03.203, 296.18, 100, 74232, 70
2026/07/29 23:45:04.240, 295.60, 100, 74232, 70
2026/07/29 23:45:05.280, 302.80, 100, 74232, 70
2026/07/29 23:45:06.320, 291.91, 100, 74232, 70
2026/07/29 23:45:07.358, 295.28, 100, 74232, 70
2026/07/29 23:45:08.395, 295.88, 100, 74232, 70
2026/07/29 23:45:09.434, 297.74, 100, 74232, 70
2026/07/29 23:45:10.476, 298.15, 100, 74232, 70
2026/07/29 23:45:11.515, 291.99, 100, 74232, 70
2026/07/29 23:45:12.552, 291.05, 100, 74232, 70
2026/07/29 23:45:13.599, 306.12, 100, 74232, 70
2026/07/29 23:45:14.638, 297.17, 100, 74232, 70
2026/07/29 23:45:15.675, 301.44, 100, 74232, 70
2026/07/29 23:45:16.712, 301.02, 100, 74232, 70
2026/07/29 23:45:17.749, 300.66, 100, 74232, 70
2026/07/29 23:45:18.785, 301.62, 100, 74232, 70
2026/07/29 23:45:19.823, 301.22, 100, 74232, 70
2026/07/29 23:45:20.861, 301.92, 100, 74232, 70
2026/07/29 23:45:21.900, 301.73, 100, 74232, 70
2026/07/29 23:45:22.938, 297.38, 100, 74232, 70
2026/07/29 23:45:23.977, 294.61, 100, 74232, 70
2026/07/29 23:45:25.014, 295.41, 100, 74232, 70
2026/07/29 23:45:26.052, 291.40, 100, 74232, 70
2026/07/29 23:45:27.089, 297.73, 100, 74232, 70
2026/07/29 23:45:28.130, 292.95, 100, 74232, 70
2026/07/29 23:45:29.167, 293.35, 100, 74232, 70
2026/07/29 23:45:30.205, 295.77, 100, 74232, 70
2026/07/29 23:45:31.242, 297.25, 100, 74232, 70
2026/07/29 23:45:32.281, 301.64, 100, 74232, 70
2026/07/29 23:45:33.319, 300.65, 100, 74232, 70
2026/07/29 23:45:34.357, 302.38, 100, 74232, 70
2026/07/29 23:45:35.395, 304.08, 100, 74232, 70
2026/07/29 23:45:36.433, 301.93, 100, 74232, 70
2026/07/29 23:45:37.471, 303.88, 100, 74232, 70
2026/07/29 23:45:38.510, 302.33, 100, 74232, 70
2026/07/29 23:45:39.548, 302.23, 100, 74232, 70
2026/07/29 23:45:40.585, 300.67, 100, 74232, 70
2026/07/29 23:45:41.622, 303.98, 100, 74232, 70
2026/07/29 23:45:42.662, 297.74, 100, 74232, 70
2026/07/29 23:45:43.699, 302.67, 100, 74232, 70
2026/07/29 23:45:44.737, 303.49, 100, 74232, 70
2026/07/29 23:45:45.775, 302.92, 100, 74232, 70
2026/07/29 23:45:46.811, 303.87, 100, 74232, 70
2026/07/29 23:45:47.849, 303.10, 100, 74232, 70
2026/07/29 23:45:48.887, 302.51, 100, 74232, 70
2026/07/29 23:45:49.925, 303.48, 100, 74232, 70
2026/07/29 23:45:50.962, 304.08, 100, 74232, 70
2026/07/29 23:45:52.000, 303.09, 100, 74232, 70
2026/07/29 23:45:53.036, 302.91, 100, 74232, 70
2026/07/29 23:45:54.074, 298.81, 100, 74232, 70
2026/07/29 23:45:55.112, 297.16, 100, 74232, 70
2026/07/29 23:45:56.150, 294.61, 100, 74232, 70
2026/07/29 23:45:57.190, 296.95, 100, 74232, 70
2026/07/29 23:45:58.227, 295.30, 100, 74232, 70
2026/07/29 23:45:59.265, 296.37, 100, 74232, 70
2026/07/29 23:46:00.303, 291.70, 100, 74232, 70
2026/07/29 23:46:01.341, 296.37, 100, 74232, 70
2026/07/29 23:46:02.385, 292.57, 100, 74232, 70
2026/07/29 23:46:03.423, 302.71, 100, 74232, 70
2026/07/29 23:46:04.460, 304.86, 100, 74232, 70
2026/07/29 23:46:05.499, 299.61, 100, 74232, 70
2026/07/29 23:46:06.537, 302.13, 100, 74232, 70
2026/07/29 23:46:07.576, 304.38, 100, 74232, 70
2026/07/29 23:46:08.614, 304.37, 100, 74232, 70
2026/07/29 23:46:09.652, 296.09, 100, 74232, 70
2026/07/29 23:46:10.690, 291.61, 100, 74232, 70
2026/07/29 23:46:11.728, 296.46, 100, 74232, 70
2026/07/29 23:46:12.766, 304.07, 100, 74232, 70
2026/07/29 23:46:13.803, 296.28, 100, 74232, 70
2026/07/29 23:46:14.841, 303.40, 100, 74232, 70
2026/07/29 23:46:15.879, 304.64, 100, 74232, 70
2026/07/29 23:46:16.918, 295.70, 100, 74232, 70
2026/07/29 23:46:17.957, 302.02, 100, 74232, 70
2026/07/29 23:46:18.995, 294.83, 100, 74232, 72
2026/07/29 23:46:20.031, 282.25, 100, 74232, 72
2026/07/29 23:46:21.066, 271.11, 100, 74232, 72
2026/07/29 23:46:22.100, 297.11, 100, 74232, 72
2026/07/29 23:46:23.136, 279.67, 100, 74232, 72
2026/07/29 23:46:24.171, 301.93, 100, 74232, 70
2026/07/29 23:46:25.208, 307.59, 100, 74232, 70
2026/07/29 23:46:26.246, 302.70, 100, 74232, 70
2026/07/29 23:46:27.285, 304.05, 100, 74232, 70
2026/07/29 23:46:28.324, 302.02, 100, 74232, 70
2026/07/29 23:46:29.360, 304.53, 100, 74232, 70
2026/07/29 23:46:30.399, 291.42, 100, 74232, 70
2026/07/29 23:46:31.438, 296.17, 100, 74232, 70
2026/07/29 23:46:32.476, 293.54, 100, 74232, 70
2026/07/29 23:46:33.510, 295.97, 100, 74232, 72
2026/07/29 23:46:34.547, 308.36, 100, 74232, 72
2026/07/29 23:46:35.581, 301.41, 100, 74232, 72
2026/07/29 23:46:36.614, 267.81, 100, 74232, 72
2026/07/29 23:46:37.648, 298.80, 100, 74232, 72
2026/07/29 23:46:38.684, 303.35, 100, 74232, 70
2026/07/29 23:46:39.722, 301.05, 100, 74232, 70
2026/07/29 23:46:40.761, 303.38, 100, 74232, 70
2026/07/29 23:46:41.797, 304.56, 100, 74232, 70
2026/07/29 23:46:42.835, 302.60, 100, 74232, 70
2026/07/29 23:46:43.873, 304.08, 100, 74232, 70
2026/07/29 23:46:44.914, 295.29, 100, 74232, 70
2026/07/29 23:46:45.952, 300.17, 100, 74232, 70
2026/07/29 23:46:46.991, 302.31, 100, 74232, 70
2026/07/29 23:46:48.032, 295.79, 100, 74232, 70
2026/07/29 23:46:49.069, 297.06, 100, 74232, 70
2026/07/29 23:46:50.107, 295.49, 100, 74232, 70
2026/07/29 23:46:51.145, 301.33, 100, 74232, 70
2026/07/29 23:46:52.181, 298.43, 100, 74232, 70
2026/07/29 23:46:53.219, 303.66, 100, 74232, 70
2026/07/29 23:46:54.257, 304.94, 100, 74232, 70
2026/07/29 23:46:55.294, 302.29, 100, 74232, 70
2026/07/29 23:46:56.332, 304.76, 100, 74232, 70
2026/07/29 23:46:57.374, 305.52, 100, 74232, 70
2026/07/29 23:46:58.413, 304.37, 100, 74232, 70
2026/07/29 23:46:59.451, 295.57, 100, 74232, 72
2026/07/29 23:47:00.486, 297.70, 100, 74232, 72
2026/07/29 23:47:01.524, 297.05, 100, 74232, 72
2026/07/29 23:47:02.559, 280.94, 100, 74232, 72
2026/07/29 23:47:03.594, 309.63, 100, 74232, 72
2026/07/29 23:47:04.630, 258.85, 100, 74232, 72
2026/07/29 23:47:05.673, 304.68, 100, 74232, 70
2026/07/29 23:47:06.710, 302.80, 100, 74232, 70
2026/07/29 23:47:07.748, 304.25, 100, 74232, 70
2026/07/29 23:47:08.785, 309.33, 100, 74232, 70
2026/07/29 23:47:09.823, 304.16, 100, 74232, 71
2026/07/29 23:47:10.860, 300.06, 100, 74232, 71
2026/07/29 23:47:11.899, 295.11, 100, 74232, 71
2026/07/29 23:47:12.937, 304.35, 100, 74232, 71
2026/07/29 23:47:13.975, 300.76, 100, 74232, 71
2026/07/29 23:47:15.012, 298.02, 100, 74232, 71
2026/07/29 23:47:16.051, 298.02, 100, 74232, 71
2026/07/29 23:47:17.089, 295.89, 100, 74232, 71
2026/07/29 23:47:18.127, 298.81, 100, 74232, 71
2026/07/29 23:47:19.167, 297.74, 100, 74232, 71
2026/07/29 23:47:20.205, 294.12, 100, 74232, 71
2026/07/29 23:47:21.245, 297.54, 100, 74232, 71
2026/07/29 23:47:22.283, 297.82, 100, 74232, 71
2026/07/29 23:47:23.321, 295.50, 100, 74232, 71
2026/07/29 23:47:24.359, 297.74, 100, 74232, 71
2026/07/29 23:47:25.397, 298.05, 100, 74232, 71
2026/07/29 23:47:26.435, 297.32, 100, 74232, 71
2026/07/29 23:47:27.472, 297.35, 100, 74232, 71
2026/07/29 23:47:28.509, 304.85, 100, 74232, 71
2026/07/29 23:47:29.546, 301.89, 100, 74232, 71
2026/07/29 23:47:30.584, 305.43, 100, 74232, 71
2026/07/29 23:47:31.621, 301.12, 100, 74232, 71
2026/07/29 23:47:32.660, 302.03, 100, 74232, 71
2026/07/29 23:47:33.697, 96.18, 0, 74232, 67
2026/07/29 23:47:34.731, 295.86, 100, 74232, 72
2026/07/29 23:47:35.766, 287.61, 100, 74232, 72
2026/07/29 23:47:36.804, 298.71, 100, 74232, 72
2026/07/29 23:47:37.842, 299.57, 100, 74232, 72
2026/07/29 23:47:38.878, 298.30, 100, 74232, 72
2026/07/29 23:47:39.913, 287.80, 100, 74232, 72
2026/07/29 23:47:40.951, 289.45, 100, 74232, 70
2026/07/29 23:47:41.990, 289.64, 100, 74232, 70
2026/07/29 23:47:43.027, 285.83, 100, 74232, 70
2026/07/29 23:47:44.064, 382.35, 0, 74232, 71
2026/07/29 23:47:45.107, 309.42, 100, 74232, 72
2026/07/29 23:47:46.142, 292.08, 100, 74232, 72
2026/07/29 23:47:47.180, 290.91, 100, 74232, 72
2026/07/29 23:47:48.214, 291.05, 100, 74232, 72
2026/07/29 23:47:49.249, 307.25, 100, 74232, 72
2026/07/29 23:47:50.284, 301.66, 100, 74232, 70
2026/07/29 23:47:51.321, 291.01, 100, 74232, 70
2026/07/29 23:47:52.359, 296.95, 100, 74232, 70
2026/07/29 23:47:53.396, 304.46, 100, 74232, 70
2026/07/29 23:47:54.433, 95.92, 0, 74232, 67
2026/07/29 23:47:55.466, 297.76, 100, 74232, 72
2026/07/29 23:47:56.501, 282.74, 100, 74232, 72
2026/07/29 23:47:57.540, 322.10, 100, 74232, 72
2026/07/29 23:47:58.577, 295.82, 100, 74232, 72
2026/07/29 23:47:59.613, 311.15, 100, 74232, 72
2026/07/29 23:48:00.649, 268.24, 100, 74232, 72
2026/07/29 23:48:01.685, 305.35, 100, 74232, 70
2026/07/29 23:48:02.723, 297.83, 100, 74232, 70
2026/07/29 23:48:03.762, 305.02, 100, 74232, 71
2026/07/29 23:48:04.798, 95.14, 0, 74232, 67
2026/07/29 23:48:05.831, 293.17, 100, 74232, 72
2026/07/29 23:48:06.867, 300.72, 100, 74232, 72
2026/07/29 23:48:07.904, 305.44, 100, 74232, 72
2026/07/29 23:48:08.939, 299.58, 100, 74232, 72
2026/07/29 23:48:09.974, 298.42, 100, 74232, 72
2026/07/29 23:48:11.011, 284.78, 100, 74232, 72
2026/07/29 23:48:12.048, 300.95, 100, 74232, 71
2026/07/29 23:48:13.086, 302.71, 100, 74232, 71
2026/07/29 23:48:14.125, 304.95, 100, 74232, 71
2026/07/29 23:48:15.162, 298.39, 100, 74232, 73
2026/07/29 23:48:16.197, 295.20, 100, 74232, 73
2026/07/29 23:48:17.232, 308.24, 100, 74232, 73
2026/07/29 23:48:18.270, 301.84, 100, 74232, 73
2026/07/29 23:48:19.312, 309.42, 100, 74232, 73
2026/07/29 23:48:20.348, 306.89, 100, 74232, 73
2026/07/29 23:48:21.384, 293.94, 100, 74232, 73
2026/07/29 23:48:22.426, 301.79, 100, 74232, 71
2026/07/29 23:48:23.464, 304.57, 100, 74232, 71
2026/07/29 23:48:24.505, 298.02, 100, 74232, 71
2026/07/29 23:48:25.543, 298.81, 100, 74232, 71
2026/07/29 23:48:26.581, 294.89, 100, 74232, 71
2026/07/29 23:48:27.620, 293.83, 100, 74232, 71
2026/07/29 23:48:28.658, 296.47, 100, 74232, 71
2026/07/29 23:48:29.699, 291.99, 100, 74232, 71
2026/07/29 23:48:30.737, 291.21, 100, 74232, 71
2026/07/29 23:48:31.774, 286.03, 100, 74232, 71
2026/07/29 23:48:32.816, 286.51, 100, 74232, 71
2026/07/29 23:48:33.854, 290.04, 100, 74232, 71
2026/07/29 23:48:34.891, 296.76, 100, 74232, 71
2026/07/29 23:48:35.934, 286.33, 100, 74232, 71
2026/07/29 23:48:36.972, 293.74, 100, 74232, 71
2026/07/29 23:48:38.009, 295.59, 100, 74232, 71
2026/07/29 23:48:39.049, 298.51, 100, 74232, 71
2026/07/29 23:48:40.089, 298.52, 100, 74232, 71
2026/07/29 23:48:41.126, 294.04, 100, 74232, 71
2026/07/29 23:48:42.164, 297.36, 100, 74232, 71
2026/07/29 23:48:43.203, 297.73, 100, 74232, 71
2026/07/29 23:48:44.240, 298.73, 100, 74232, 71
2026/07/29 23:48:45.277, 296.27, 100, 74232, 71
2026/07/29 23:48:46.315, 301.34, 100, 74232, 71
2026/07/29 23:48:47.353, 296.68, 100, 74232, 71
2026/07/29 23:48:48.390, 298.62, 100, 74232, 71
2026/07/29 23:48:49.428, 295.99, 100, 74232, 71
2026/07/29 23:48:50.467, 298.51, 100, 74232, 71
2026/07/29 23:48:51.507, 297.64, 100, 74232, 71
2026/07/29 23:48:52.544, 301.74, 100, 74232, 71
2026/07/29 23:48:53.582, 306.31, 100, 74232, 71
2026/07/29 23:48:54.620, 303.01, 100, 74232, 71
2026/07/29 23:48:55.658, 304.46, 100, 74232, 70
2026/07/29 23:48:56.696, 293.25, 100, 74232, 70
2026/07/29 23:48:57.733, 299.08, 100, 74232, 70
2026/07/29 23:48:58.773, 298.30, 100, 74232, 70
2026/07/29 23:48:59.810, 295.12, 100, 74232, 70
2026/07/29 23:49:00.851, 292.97, 100, 74232, 70
2026/07/29 23:49:01.889, 295.79, 100, 74232, 70
2026/07/29 23:49:02.926, 301.24, 100, 74232, 70
2026/07/29 23:49:03.964, 301.93, 100, 74232, 70
2026/07/29 23:49:05.002, 304.16, 100, 74232, 70
2026/07/29 23:49:06.040, 305.72, 100, 74232, 70
2026/07/29 23:49:07.078, 294.53, 100, 74232, 70
2026/07/29 23:49:08.119, 295.40, 100, 74232, 70
2026/07/29 23:49:09.156, 293.84, 100, 74232, 70
2026/07/29 23:49:10.196, 297.26, 100, 74232, 70
2026/07/29 23:49:11.233, 292.77, 100, 74232, 70
2026/07/29 23:49:12.272, 295.67, 100, 74232, 70
2026/07/29 23:49:13.310, 299.59, 100, 74232, 70
2026/07/29 23:49:14.347, 298.03, 100, 74232, 70
2026/07/29 23:49:15.385, 299.68, 100, 74232, 70
2026/07/29 23:49:16.422, 292.41, 100, 74232, 70
2026/07/29 23:49:17.461, 296.38, 100, 74232, 70
2026/07/29 23:49:18.498, 296.37, 100, 74232, 70
2026/07/29 23:49:19.539, 297.55, 100, 74232, 70
2026/07/29 23:49:20.577, 298.42, 100, 74232, 70
2026/07/29 23:49:21.616, 303.39, 100, 74232, 70
2026/07/29 23:49:22.655, 299.98, 100, 74232, 70
2026/07/29 23:49:23.695, 305.04, 100, 74232, 70
2026/07/29 23:49:24.732, 301.64, 100, 74232, 70
2026/07/29 23:49:25.781, 304.18, 100, 74232, 70
2026/07/29 23:49:26.822, 300.47, 100, 74232, 70
2026/07/29 23:49:27.860, 299.59, 100, 74232, 70
2026/07/29 23:49:28.898, 299.40, 100, 74232, 70
2026/07/29 23:49:29.935, 303.19, 100, 74232, 70
2026/07/29 23:49:30.973, 296.57, 100, 74232, 70
2026/07/29 23:49:32.011, 299.59, 100, 74232, 70
2026/07/29 23:49:33.050, 296.37, 100, 74232, 70
2026/07/29 23:49:34.088, 302.71, 100, 74232, 70
2026/07/29 23:49:35.126, 304.08, 100, 74232, 70
2026/07/29 23:49:36.164, 293.43, 100, 74232, 70
2026/07/29 23:49:37.204, 291.80, 100, 74232, 70
2026/07/29 23:49:38.244, 295.51, 100, 74232, 70
2026/07/29 23:49:39.282, 298.14, 100, 74232, 70
2026/07/29 23:49:40.321, 296.18, 100, 74232, 70
2026/07/29 23:49:41.359, 298.26, 100, 74232, 70
2026/07/29 23:49:42.396, 295.69, 100, 74232, 70
2026/07/29 23:49:43.438, 299.98, 100, 74232, 70
2026/07/29 23:49:44.476, 303.00, 100, 74232, 70
2026/07/29 23:49:45.514, 303.69, 100, 74232, 70
2026/07/29 23:49:46.553, 296.96, 100, 74232, 70
2026/07/29 23:49:47.591, 296.37, 100, 74232, 70
2026/07/29 23:49:48.628, 301.25, 100, 74232, 70
2026/07/29 23:49:49.666, 302.11, 100, 74232, 70
2026/07/29 23:49:50.703, 303.97, 100, 74232, 70
2026/07/29 23:49:51.740, 301.15, 100, 74232, 70
2026/07/29 23:49:52.779, 293.74, 100, 74232, 69
2026/07/29 23:49:53.816, 295.30, 100, 74232, 69
2026/07/29 23:49:54.855, 297.36, 100, 74232, 69
2026/07/29 23:49:55.893, 303.48, 100, 74232, 70
2026/07/29 23:49:56.932, 300.76, 100, 74232, 70
2026/07/29 23:49:57.970, 302.77, 100, 74232, 70
2026/07/29 23:49:59.008, 303.58, 100, 74232, 70
2026/07/29 23:50:00.046, 292.77, 100, 74232, 70
2026/07/29 23:50:01.083, 299.11, 100, 74232, 70
2026/07/29 23:50:02.122, 302.32, 100, 74232, 70
2026/07/29 23:50:03.159, 296.66, 100, 74232, 70
2026/07/29 23:50:04.199, 297.24, 100, 74232, 70
2026/07/29 23:50:05.237, 293.83, 100, 74232, 70
2026/07/29 23:50:06.274, 296.77, 100, 74232, 70
2026/07/29 23:50:07.312, 299.89, 100, 74232, 70
2026/07/29 23:50:08.352, 302.59, 100, 74232, 70
2026/07/29 23:50:09.391, 294.82, 100, 74232, 70
2026/07/29 23:50:10.428, 303.09, 100, 74232, 70
2026/07/29 23:50:11.467, 297.06, 100, 74232, 70
2026/07/29 23:50:12.504, 296.77, 100, 74232, 70
2026/07/29 23:50:13.544, 296.16, 100, 74232, 70
2026/07/29 23:50:14.583, 294.53, 100, 74232, 70
2026/07/29 23:50:15.621, 294.54, 100, 74232, 70
2026/07/29 23:50:16.661, 296.08, 100, 74232, 70
2026/07/29 23:50:17.698, 296.47, 100, 74232, 70
2026/07/29 23:50:18.736, 296.48, 100, 74232, 70
2026/07/29 23:50:19.774, 298.22, 100, 74232, 70
2026/07/29 23:50:20.810, 293.94, 100, 74232, 70
2026/07/29 23:50:21.848, 296.09, 100, 74232, 70
2026/07/29 23:50:22.885, 295.99, 100, 74232, 70
2026/07/29 23:50:23.924, 297.26, 100, 74232, 70
2026/07/29 23:50:24.962, 297.75, 100, 74232, 70
2026/07/29 23:50:26.000, 307.55, 100, 74232, 70
2026/07/29 23:50:27.038, 295.22, 100, 74232, 70
2026/07/29 23:50:28.079, 296.65, 100, 74232, 70
2026/07/29 23:50:29.117, 297.06, 100, 74232, 70
2026/07/29 23:50:30.155, 311.77, 100, 74232, 70
2026/07/29 23:50:31.194, 298.03, 100, 74232, 70
2026/07/29 23:50:32.232, 303.78, 100, 74232, 70
2026/07/29 23:50:33.270, 297.73, 100, 74232, 70
2026/07/29 23:50:34.311, 304.23, 100, 74232, 70
2026/07/29 23:50:35.348, 301.71, 100, 74232, 70
2026/07/29 23:50:36.386, 294.05, 100, 74232, 70
2026/07/29 23:50:37.424, 296.56, 100, 74232, 70
2026/07/29 23:50:38.461, 296.67, 100, 74232, 70
2026/07/29 23:50:39.500, 303.96, 100, 74232, 70
2026/07/29 23:50:40.538, 304.65, 100, 74232, 70
2026/07/29 23:50:41.575, 294.81, 100, 74232, 70
2026/07/29 23:50:42.614, 295.42, 100, 74232, 70
2026/07/29 23:50:43.652, 292.09, 100, 74232, 70
2026/07/29 23:50:44.690, 300.18, 100, 74232, 70
2026/07/29 23:50:45.728, 297.83, 100, 74232, 70
2026/07/29 23:50:46.766, 304.65, 100, 74232, 70
2026/07/29 23:50:47.804, 299.68, 100, 74232, 70
2026/07/29 23:50:48.843, 303.09, 100, 74232, 70
2026/07/29 23:50:49.880, 301.24, 100, 74232, 70
2026/07/29 23:50:50.917, 303.75, 100, 74232, 70
2026/07/29 23:50:51.954, 301.12, 100, 74232, 70
2026/07/29 23:50:52.991, 304.36, 100, 74232, 70
2026/07/29 23:50:54.028, 304.94, 100, 74232, 70
2026/07/29 23:50:55.066, 297.65, 100, 74232, 70
2026/07/29 23:50:56.103, 300.36, 100, 74232, 70
2026/07/29 23:50:57.141, 303.48, 100, 74232, 70
2026/07/29 23:50:58.182, 303.54, 100, 74232, 70
2026/07/29 23:50:59.220, 296.09, 100, 74232, 70
2026/07/29 23:51:00.258, 296.95, 100, 74232, 70
2026/07/29 23:51:01.297, 298.50, 100, 74232, 70
2026/07/29 23:51:02.335, 294.52, 100, 74232, 70
2026/07/29 23:51:03.374, 293.37, 100, 74232, 70
2026/07/29 23:51:04.412, 295.49, 100, 74232, 70
2026/07/29 23:51:05.450, 297.34, 100, 74232, 70
2026/07/29 23:51:06.488, 295.40, 100, 74232, 70
2026/07/29 23:51:07.525, 297.17, 100, 74232, 70
2026/07/29 23:51:08.562, 297.93, 100, 74232, 70
2026/07/29 23:51:09.600, 297.65, 100, 74232, 70
2026/07/29 23:51:10.639, 292.08, 100, 74232, 70
2026/07/29 23:51:11.679, 302.19, 53, 74232, 71
2026/07/29 23:51:12.717, 303.98, 100, 74232, 70
2026/07/29 23:51:13.755, 304.18, 100, 74232, 70
2026/07/29 23:51:14.794, 297.26, 100, 74232, 70
2026/07/29 23:51:15.832, 298.42, 100, 74232, 70
2026/07/29 23:51:16.870, 299.75, 100, 74232, 70
2026/07/29 23:51:17.909, 299.59, 100, 74232, 70
2026/07/29 23:51:18.947, 296.06, 100, 74232, 70
2026/07/29 23:51:19.985, 296.86, 100, 74232, 70
2026/07/29 23:51:21.023, 292.18, 100, 74232, 70
2026/07/29 23:51:22.060, 296.86, 100, 74232, 70
2026/07/29 23:51:23.097, 294.23, 100, 74232, 70
2026/07/29 23:51:24.134, 295.51, 100, 74232, 70
2026/07/29 23:51:25.172, 295.52, 100, 74232, 70
2026/07/29 23:51:26.212, 301.04, 100, 74232, 70
2026/07/29 23:51:27.250, 304.35, 100, 74232, 70
2026/07/29 23:51:28.288, 302.41, 100, 74232, 70
2026/07/29 23:51:29.326, 304.07, 100, 74232, 70
2026/07/29 23:51:30.364, 303.30, 100, 74232, 70
2026/07/29 23:51:31.402, 298.41, 100, 74232, 70
2026/07/29 23:51:32.440, 300.98, 100, 74232, 70
2026/07/29 23:51:33.477, 291.52, 100, 74232, 70
2026/07/29 23:51:34.520, 290.33, 100, 74232, 70
2026/07/29 23:51:35.557, 293.34, 100, 74232, 70
2026/07/29 23:51:36.595, 301.44, 100, 74232, 70
2026/07/29 23:51:37.632, 303.56, 100, 74232, 70
2026/07/29 23:51:38.669, 303.97, 100, 74232, 70
2026/07/29 23:51:39.705, 303.77, 100, 74232, 70
2026/07/29 23:51:40.745, 305.83, 100, 74232, 70
2026/07/29 23:51:41.781, 297.47, 100, 74232, 70
2026/07/29 23:51:42.820, 299.27, 100, 74232, 70
2026/07/29 23:51:43.859, 299.50, 100, 74232, 70
2026/07/29 23:51:44.896, 302.50, 100, 74232, 70
2026/07/29 23:51:45.933, 298.33, 100, 74232, 70
2026/07/29 23:51:46.970, 301.53, 100, 74232, 70
2026/07/29 23:51:48.008, 302.81, 100, 74232, 70
2026/07/29 23:51:49.046, 301.63, 100, 74232, 70
2026/07/29 23:51:50.086, 301.99, 100, 74232, 70
2026/07/29 23:51:51.123, 302.22, 100, 74232, 70
2026/07/29 23:51:52.160, 301.74, 100, 74232, 70
2026/07/29 23:51:53.198, 302.33, 100, 74232, 70
2026/07/29 23:51:54.234, 302.97, 100, 74232, 70
2026/07/29 23:51:55.272, 294.63, 100, 74232, 70
2026/07/29 23:51:56.309, 294.81, 100, 74232, 70
2026/07/29 23:51:57.347, 302.81, 100, 74232, 70
2026/07/29 23:51:58.386, 293.15, 100, 74232, 70
2026/07/29 23:51:59.425, 294.45, 100, 74232, 70
2026/07/29 23:52:00.461, 295.88, 100, 74232, 70
2026/07/29 23:52:01.499, 293.76, 100, 74232, 70
2026/07/29 23:52:02.536, 293.36, 100, 74232, 70
2026/07/29 23:52:03.573, 295.97, 100, 74232, 69
2026/07/29 23:52:04.612, 300.74, 100, 74232, 70
2026/07/29 23:52:05.649, 301.14, 100, 74232, 70
2026/07/29 23:52:06.686, 301.72, 100, 74232, 70
2026/07/29 23:52:07.723, 302.43, 100, 74232, 70
2026/07/29 23:52:08.761, 301.92, 100, 74232, 70
2026/07/29 23:52:09.799, 302.14, 100, 74232, 70
2026/07/29 23:52:10.838, 298.32, 100, 74232, 70
2026/07/29 23:52:11.875, 302.52, 100, 74232, 69
2026/07/29 23:52:12.913, 297.43, 100, 74232, 69
2026/07/29 23:52:13.951, 298.33, 100, 74232, 69
2026/07/29 23:52:14.989, 294.91, 100, 74232, 69
2026/07/29 23:52:16.029, 303.00, 100, 74232, 69
2026/07/29 23:52:17.066, 301.44, 100, 74232, 69
2026/07/29 23:52:18.104, 289.47, 100, 74232, 69
2026/07/29 23:52:19.141, 298.42, 100, 74232, 69
2026/07/29 23:52:20.178, 301.91, 100, 74232, 69
2026/07/29 23:52:21.218, 302.08, 100, 74232, 69
2026/07/29 23:52:22.254, 302.87, 100, 74232, 69
2026/07/29 23:52:23.293, 302.52, 100, 74232, 69
2026/07/29 23:52:24.331, 294.63, 100, 74232, 69
2026/07/29 23:52:25.369, 305.34, 100, 74232, 69
2026/07/29 23:52:26.408, 301.33, 100, 74232, 69
2026/07/29 23:52:27.449, 301.70, 100, 74232, 69
2026/07/29 23:52:28.487, 300.64, 100, 74232, 69
2026/07/29 23:52:29.524, 302.22, 100, 74232, 69
2026/07/29 23:52:30.561, 301.13, 100, 74232, 69
2026/07/29 23:52:31.599, 296.94, 100, 74232, 69
2026/07/29 23:52:32.637, 300.85, 100, 74232, 69
2026/07/29 23:52:33.675, 300.75, 100, 74232, 69
2026/07/29 23:52:34.713, 300.56, 100, 74232, 69
2026/07/29 23:52:35.755, 301.82, 100, 74232, 69
2026/07/29 23:52:36.794, 302.42, 100, 74232, 69
2026/07/29 23:52:37.832, 302.41, 100, 74232, 69
2026/07/29 23:52:38.869, 301.42, 100, 74232, 69
2026/07/29 23:52:39.907, 300.96, 100, 74232, 69
2026/07/29 23:52:40.945, 302.03, 100, 74232, 69
2026/07/29 23:52:41.983, 300.56, 100, 74232, 69
2026/07/29 23:52:43.021, 246.96, 100, 74232, 69
2026/07/29 23:52:44.064, 297.47, 100, 74232, 69
2026/07/29 23:52:45.102, 302.39, 100, 74232, 69
2026/07/29 23:52:46.139, 299.29, 100, 74232, 69
2026/07/29 23:52:47.178, 301.16, 100, 74232, 69
2026/07/29 23:52:48.217, 300.47, 100, 74232, 69
2026/07/29 23:52:49.253, 301.45, 100, 74232, 69
2026/07/29 23:52:50.290, 301.14, 100, 74232, 69
2026/07/29 23:52:51.327, 301.49, 100, 74232, 69
2026/07/29 23:52:52.364, 302.71, 100, 74232, 70
2026/07/29 23:52:53.402, 295.30, 100, 74232, 69
2026/07/29 23:52:54.440, 291.96, 100, 74232, 70
2026/07/29 23:52:55.478, 289.64, 100, 74232, 69
2026/07/29 23:52:56.515, 295.49, 100, 74232, 69
2026/07/29 23:52:57.554, 292.58, 100, 74232, 69
2026/07/29 23:52:58.596, 294.15, 100, 74232, 69
2026/07/29 23:52:59.634, 301.06, 100, 74232, 70
2026/07/29 23:53:00.671, 289.65, 100, 74232, 69
2026/07/29 23:53:01.709, 303.40, 100, 74232, 70
2026/07/29 23:53:02.746, 297.52, 100, 74232, 70
2026/07/29 23:53:03.787, 300.45, 100, 74232, 69
2026/07/29 23:53:04.824, 298.50, 100, 74232, 70
2026/07/29 23:53:05.862, 298.48, 100, 74232, 70
2026/07/29 23:53:06.900, 300.26, 100, 74232, 70
2026/07/29 23:53:07.937, 298.53, 100, 74232, 70
2026/07/29 23:53:08.975, 300.37, 100, 74232, 70
2026/07/29 23:53:10.012, 295.21, 100, 74232, 70
2026/07/29 23:53:11.053, 305.69, 100, 74232, 70
2026/07/29 23:53:12.091, 303.68, 100, 74232, 70
2026/07/29 23:53:13.128, 301.63, 100, 74232, 70
2026/07/29 23:53:14.166, 304.08, 100, 74232, 70
2026/07/29 23:53:15.203, 301.25, 100, 74232, 70
2026/07/29 23:53:16.241, 296.77, 100, 74232, 70
2026/07/29 23:53:17.277, 299.01, 100, 74232, 70
2026/07/29 23:53:18.315, 291.88, 100, 74232, 70
2026/07/29 23:53:19.352, 294.80, 100, 74232, 70
2026/07/29 23:53:20.390, 301.55, 100, 74232, 70
2026/07/29 23:53:21.427, 299.70, 100, 74232, 70
2026/07/29 23:53:22.467, 295.01, 100, 74232, 70
2026/07/29 23:53:23.504, 294.24, 100, 74232, 70
2026/07/29 23:53:24.542, 295.21, 100, 74232, 70
2026/07/29 23:53:25.579, 299.70, 100, 74232, 70
2026/07/29 23:53:26.619, 294.41, 100, 74232, 70
2026/07/29 23:53:27.658, 298.52, 100, 74232, 70
2026/07/29 23:53:28.698, 301.34, 100, 74232, 70
2026/07/29 23:53:29.736, 303.39, 100, 74232, 70
2026/07/29 23:53:30.773, 302.98, 100, 74232, 70
2026/07/29 23:53:31.811, 301.81, 100, 74232, 70
2026/07/29 23:53:32.851, 308.03, 100, 74232, 70
2026/07/29 23:53:33.890, 303.75, 100, 74232, 70
2026/07/29 23:53:34.927, 304.17, 100, 74232, 70
2026/07/29 23:53:35.965, 298.12, 100, 74232, 70
2026/07/29 23:53:37.003, 303.39, 100, 74232, 70
2026/07/29 23:53:38.041, 299.57, 100, 74232, 70
2026/07/29 23:53:39.079, 300.48, 100, 74232, 70
2026/07/29 23:53:40.117, 298.89, 100, 74232, 70
2026/07/29 23:53:41.156, 299.67, 100, 74232, 70
2026/07/29 23:53:42.193, 298.11, 100, 74232, 70
2026/07/29 23:53:43.237, 298.03, 100, 74232, 70
2026/07/29 23:53:44.275, 300.75, 100, 74232, 70
2026/07/29 23:53:45.313, 301.63, 100, 74232, 70
2026/07/29 23:53:46.352, 303.57, 100, 74232, 70
2026/07/29 23:53:47.389, 301.92, 100, 74232, 70
2026/07/29 23:53:48.427, 301.05, 100, 74232, 70
2026/07/29 23:53:49.464, 298.71, 100, 74232, 69
2026/07/29 23:53:50.502, 296.18, 100, 74232, 69
2026/07/29 23:53:51.540, 291.30, 100, 74232, 69
2026/07/29 23:53:52.579, 293.45, 100, 74232, 69
2026/07/29 23:53:53.616, 294.90, 100, 74232, 69
2026/07/29 23:53:54.657, 297.06, 100, 74232, 69
2026/07/29 23:53:55.696, 303.40, 100, 74232, 69
2026/07/29 23:53:56.734, 300.26, 100, 74232, 69
2026/07/29 23:53:57.771, 294.43, 100, 74232, 69
2026/07/29 23:53:58.808, 296.88, 100, 74232, 70
2026/07/29 23:53:59.845, 287.20, 100, 74232, 69
2026/07/29 23:54:00.883, 298.42, 100, 74232, 70
2026/07/29 23:54:01.921, 294.02, 100, 74232, 70
2026/07/29 23:54:02.958, 292.96, 100, 74232, 69
2026/07/29 23:54:03.996, 296.29, 100, 74232, 70
2026/07/29 23:54:05.033, 298.23, 100, 74232, 70
2026/07/29 23:54:06.073, 300.37, 100, 74232, 70
2026/07/29 23:54:07.111, 298.39, 100, 74232, 70
2026/07/29 23:54:08.148, 297.94, 100, 74232, 70
2026/07/29 23:54:09.186, 299.89, 100, 74232, 70
2026/07/29 23:54:10.225, 302.83, 100, 74232, 70
2026/07/29 23:54:11.263, 298.13, 100, 74232, 70
2026/07/29 23:54:12.299, 298.52, 100, 74232, 70
2026/07/29 23:54:13.340, 303.28, 100, 74232, 70
2026/07/29 23:54:14.377, 299.21, 100, 74232, 70
2026/07/29 23:54:15.414, 300.16, 100, 74232, 70
2026/07/29 23:54:16.452, 302.22, 100, 74232, 70
2026/07/29 23:54:17.491, 304.78, 100, 74232, 70
2026/07/29 23:54:18.529, 298.32, 100, 74232, 70
2026/07/29 23:54:19.567, 300.46, 100, 74232, 70
2026/07/29 23:54:20.609, 298.70, 100, 74232, 70
2026/07/29 23:54:21.647, 300.84, 100, 74232, 70
2026/07/29 23:54:22.685, 295.69, 100, 74232, 70
2026/07/29 23:54:23.723, 294.32, 100, 74232, 70
2026/07/29 23:54:24.759, 295.00, 100, 74232, 70
2026/07/29 23:54:25.797, 293.66, 100, 74232, 70
2026/07/29 23:54:26.835, 290.82, 100, 74232, 70
2026/07/29 23:54:27.872, 290.31, 100, 74232, 70
2026/07/29 23:54:28.910, 299.97, 100, 74232, 71
2026/07/29 23:54:29.946, 290.25, 100, 74232, 71
2026/07/29 23:54:30.982, 301.14, 100, 74232, 71
2026/07/29 23:54:32.017, 283.53, 100, 74232, 71
2026/07/29 23:54:33.053, 296.47, 100, 74232, 71
2026/07/29 23:54:34.089, 300.26, 100, 74232, 70
2026/07/29 23:54:35.126, 302.80, 100, 74232, 70
2026/07/29 23:54:36.163, 301.73, 100, 74232, 69
2026/07/29 23:54:37.202, 302.12, 100, 74232, 70
2026/07/29 23:54:38.240, 296.86, 100, 74232, 70
2026/07/29 23:54:39.277, 299.30, 100, 74232, 70
2026/07/29 23:54:40.316, 295.04, 100, 74232, 71
2026/07/29 23:54:41.355, 290.14, 100, 74232, 71
2026/07/29 23:54:42.391, 302.63, 100, 74232, 71
2026/07/29 23:54:43.433, 300.36, 100, 74232, 71
2026/07/29 23:54:44.468, 304.11, 100, 74232, 71
2026/07/29 23:54:45.505, 295.21, 100, 74232, 70
2026/07/29 23:54:46.544, 302.29, 100, 74232, 70
2026/07/29 23:54:47.581, 303.95, 100, 74232, 70
2026/07/29 23:54:48.618, 302.80, 100, 74232, 70
2026/07/29 23:54:49.656, 304.18, 100, 74232, 70
2026/07/29 23:54:50.693, 299.11, 100, 74232, 70
2026/07/29 23:54:51.730, 302.59, 100, 74232, 70
2026/07/29 23:54:52.767, 300.33, 100, 74232, 70
2026/07/29 23:54:53.805, 304.52, 100, 74232, 70
2026/07/29 23:54:54.842, 303.66, 100, 74232, 70
2026/07/29 23:54:55.878, 303.19, 100, 74232, 70
2026/07/29 23:54:56.916, 299.80, 100, 74232, 70
2026/07/29 23:54:57.954, 292.28, 100, 74232, 70
2026/07/29 23:54:58.992, 297.23, 100, 74232, 70
2026/07/29 23:55:00.029, 297.61, 100, 74232, 70
2026/07/29 23:55:01.068, 293.64, 100, 74232, 70
2026/07/29 23:55:02.107, 287.70, 100, 74232, 70
2026/07/29 23:55:03.145, 289.46, 100, 74232, 70
2026/07/29 23:55:04.186, 285.77, 100, 74232, 70
2026/07/29 23:55:05.227, 296.28, 100, 74232, 70
2026/07/29 23:55:06.264, 298.14, 100, 74232, 70
2026/07/29 23:55:07.304, 307.10, 100, 74232, 70
2026/07/29 23:55:08.342, 303.95, 100, 74232, 70
2026/07/29 23:55:09.380, 302.21, 100, 74232, 70
2026/07/29 23:55:10.418, 300.65, 100, 74232, 70
2026/07/29 23:55:11.455, 305.21, 100, 74232, 70
2026/07/29 23:55:12.492, 303.55, 100, 74232, 70
2026/07/29 23:55:13.529, 302.57, 100, 74232, 70
2026/07/29 23:55:14.566, 294.72, 100, 74232, 70
2026/07/29 23:55:15.605, 396.58, 15, 74232, 71
2026/07/29 23:55:16.641, 303.48, 100, 74232, 71
2026/07/29 23:55:17.677, 308.68, 100, 74232, 71
2026/07/29 23:55:18.713, 293.16, 100, 74232, 71
2026/07/29 23:55:19.749, 287.40, 100, 74232, 71
2026/07/29 23:55:20.786, 302.31, 100, 74232, 71
2026/07/29 23:55:21.822, 298.31, 100, 74232, 70
2026/07/29 23:55:22.860, 300.18, 100, 74232, 70
2026/07/29 23:55:23.899, 302.68, 100, 74232, 70
2026/07/29 23:55:24.936, 301.53, 100, 74232, 68
2026/07/29 23:55:25.970, 303.79, 100, 74232, 71
2026/07/29 23:55:27.005, 297.43, 100, 74232, 71
2026/07/29 23:55:28.041, 297.23, 100, 74232, 71
2026/07/29 23:55:29.078, 297.21, 100, 74232, 71
2026/07/29 23:55:30.116, 318.30, 100, 74232, 72
2026/07/29 23:55:31.151, 302.98, 100, 74232, 70
2026/07/29 23:55:32.189, 292.88, 100, 74232, 70
2026/07/29 23:55:33.228, 301.35, 100, 74232, 70
2026/07/29 23:55:34.269, 303.18, 100, 74232, 70
2026/07/29 23:55:35.306, 300.25, 100, 74232, 70
2026/07/29 23:55:36.344, 303.19, 100, 74232, 70
2026/07/29 23:55:37.382, 301.04, 100, 74232, 70
2026/07/29 23:55:38.420, 301.33, 100, 74232, 70
2026/07/29 23:55:39.458, 303.67, 100, 74232, 70
2026/07/29 23:55:40.497, 304.76, 100, 74232, 70
2026/07/29 23:55:41.534, 302.80, 100, 74232, 70
2026/07/29 23:55:42.572, 300.66, 100, 74232, 70
2026/07/29 23:55:43.610, 304.66, 100, 74232, 70
2026/07/29 23:55:44.647, 301.82, 100, 74232, 70
2026/07/29 23:55:45.685, 304.54, 100, 74232, 70
2026/07/29 23:55:46.722, 304.95, 100, 74232, 70
2026/07/29 23:55:47.764, 301.73, 100, 74232, 70
2026/07/29 23:55:48.802, 304.84, 100, 74232, 70
2026/07/29 23:55:49.839, 303.84, 100, 74232, 70
2026/07/29 23:55:50.877, 303.19, 100, 74232, 70
2026/07/29 23:55:51.916, 304.06, 100, 74232, 70
2026/07/29 23:55:52.959, 299.55, 100, 74232, 70
2026/07/29 23:55:53.997, 303.49, 100, 74232, 70
2026/07/29 23:55:55.035, 305.23, 100, 74232, 70
2026/07/29 23:55:56.076, 300.96, 100, 74232, 70
2026/07/29 23:55:57.114, 304.56, 100, 74232, 70
2026/07/29 23:55:58.151, 304.15, 100, 74232, 70
2026/07/29 23:55:59.189, 294.91, 100, 74232, 70
2026/07/29 23:56:00.227, 302.08, 100, 74232, 70
2026/07/29 23:56:01.271, 305.61, 100, 74232, 70
2026/07/29 23:56:02.309, 299.99, 100, 74232, 70
2026/07/29 23:56:03.347, 303.28, 100, 74232, 70
2026/07/29 23:56:04.387, 298.70, 100, 74232, 70
2026/07/29 23:56:05.425, 300.76, 100, 74232, 70
2026/07/29 23:56:06.463, 302.89, 100, 74232, 70
2026/07/29 23:56:07.500, 299.46, 100, 74232, 70
2026/07/29 23:56:08.538, 293.82, 100, 74232, 70
2026/07/29 23:56:09.574, 291.80, 100, 74232, 70
2026/07/29 23:56:10.611, 292.69, 100, 74232, 70
2026/07/29 23:56:11.649, 295.70, 100, 74232, 70
2026/07/29 23:56:12.687, 295.21, 100, 74232, 70
2026/07/29 23:56:13.725, 292.65, 100, 74232, 70
2026/07/29 23:56:14.763, 295.27, 100, 74232, 70
2026/07/29 23:56:15.801, 302.37, 100, 74232, 70
2026/07/29 23:56:16.839, 301.05, 100, 74232, 70
2026/07/29 23:56:17.879, 296.96, 100, 74232, 69
2026/07/29 23:56:18.917, 295.70, 100, 74232, 69
2026/07/29 23:56:19.956, 292.58, 100, 74232, 69
2026/07/29 23:56:20.995, 295.89, 100, 74232, 69
2026/07/29 23:56:22.033, 301.61, 100, 74232, 69
2026/07/29 23:56:23.073, 293.92, 100, 74232, 70
2026/07/29 23:56:24.113, 301.04, 100, 74232, 70
2026/07/29 23:56:25.151, 302.40, 100, 74232, 70
2026/07/29 23:56:26.188, 302.05, 100, 74232, 69
2026/07/29 23:56:27.226, 302.33, 100, 74232, 70
2026/07/29 23:56:28.265, 301.83, 100, 74232, 70
2026/07/29 23:56:29.304, 303.55, 100, 74232, 69
2026/07/29 23:56:30.342, 301.43, 100, 74232, 69
2026/07/29 23:56:31.380, 301.63, 100, 74232, 69
2026/07/29 23:56:32.418, 303.58, 100, 74232, 69
2026/07/29 23:56:33.457, 304.76, 100, 74232, 69
2026/07/29 23:56:34.494, 303.27, 100, 74232, 69
2026/07/29 23:56:35.533, 304.25, 100, 74232, 69
2026/07/29 23:56:36.570, 298.22, 100, 74232, 69
2026/07/29 23:56:37.607, 299.09, 100, 74232, 69
2026/07/29 23:56:38.644, 304.05, 100, 74232, 69
2026/07/29 23:56:39.682, 300.86, 100, 74232, 69
2026/07/29 23:56:40.719, 302.52, 100, 74232, 69
2026/07/29 23:56:41.757, 302.48, 100, 74232, 69
2026/07/29 23:56:42.796, 300.94, 100, 74232, 69
2026/07/29 23:56:43.834, 302.02, 100, 74232, 69
2026/07/29 23:56:44.873, 303.19, 100, 74232, 69
2026/07/29 23:56:45.910, 299.56, 100, 74232, 69
2026/07/29 23:56:46.947, 302.37, 100, 74232, 69
2026/07/29 23:56:47.985, 302.30, 100, 74232, 69
2026/07/29 23:56:49.022, 299.98, 100, 74232, 69
2026/07/29 23:56:50.060, 302.70, 100, 74232, 69
2026/07/29 23:56:51.096, 92.56, 55, 74232, 66
2026/07/29 23:56:52.130, 304.92, 100, 74232, 71
2026/07/29 23:56:53.168, 301.87, 100, 74232, 71
2026/07/29 23:56:54.203, 309.94, 100, 74232, 71
2026/07/29 23:56:55.241, 308.55, 100, 74232, 71
2026/07/29 23:56:56.279, 280.57, 100, 74232, 71
2026/07/29 23:56:57.316, 315.71, 100, 74232, 71
2026/07/29 23:56:58.354, 302.90, 100, 74232, 69
2026/07/29 23:56:59.392, 302.61, 100, 74232, 69
2026/07/29 23:57:00.431, 300.77, 100, 74232, 69
2026/07/29 23:57:01.469, 302.29, 100, 74232, 69
2026/07/29 23:57:02.509, 272.04, 100, 74232, 71
2026/07/29 23:57:03.545, 310.80, 100, 74232, 71
2026/07/29 23:57:04.583, 310.15, 100, 74232, 71
2026/07/29 23:57:05.617, 301.66, 100, 74232, 71
2026/07/29 23:57:06.652, 286.39, 100, 74232, 71
2026/07/29 23:57:07.687, 294.17, 100, 74232, 71
2026/07/29 23:57:08.723, 273.95, 100, 74232, 69
2026/07/29 23:57:09.761, 285.83, 100, 74232, 69
2026/07/29 23:57:10.799, 293.65, 100, 74232, 69
2026/07/29 23:57:11.837, 295.39, 100, 74232, 70
2026/07/29 23:57:12.875, 296.39, 100, 74232, 70
2026/07/29 23:57:13.916, 299.60, 100, 74232, 70
2026/07/29 23:57:14.954, 294.03, 100, 74232, 70
2026/07/29 23:57:15.997, 302.92, 100, 74232, 70
2026/07/29 23:57:17.035, 303.88, 100, 74232, 70
2026/07/29 23:57:18.072, 291.79, 100, 74232, 70
2026/07/29 23:57:19.115, 299.98, 100, 74232, 70
2026/07/29 23:57:20.152, 295.80, 100, 74232, 70
2026/07/29 23:57:21.194, 304.07, 100, 74232, 70
2026/07/29 23:57:22.236, 294.23, 100, 74232, 70
2026/07/29 23:57:23.274, 302.04, 100, 74232, 70
2026/07/29 23:57:24.312, 303.08, 100, 74232, 70
2026/07/29 23:57:25.352, 304.17, 100, 74232, 70
2026/07/29 23:57:26.390, 297.26, 100, 74232, 70
2026/07/29 23:57:27.429, 296.87, 100, 74232, 70
2026/07/29 23:57:28.469, 302.42, 100, 74232, 70
2026/07/29 23:57:29.507, 293.74, 100, 74232, 70
2026/07/29 23:57:30.545, 292.46, 100, 74232, 70
2026/07/29 23:57:31.582, 296.37, 100, 74232, 70
2026/07/29 23:57:32.620, 303.09, 100, 74232, 70
2026/07/29 23:57:33.658, 302.41, 100, 74232, 70
2026/07/29 23:57:34.696, 292.86, 100, 74232, 70
2026/07/29 23:57:35.733, 295.89, 100, 74232, 70
2026/07/29 23:57:36.778, 300.08, 100, 74232, 70
2026/07/29 23:57:37.817, 304.07, 100, 74232, 70
2026/07/29 23:57:38.855, 293.45, 100, 74232, 70
2026/07/29 23:57:39.900, 294.42, 100, 74232, 70
2026/07/29 23:57:40.938, 295.98, 100, 74232, 70
2026/07/29 23:57:41.976, 293.46, 100, 74232, 70
2026/07/29 23:57:43.018, 296.66, 100, 74232, 70
2026/07/29 23:57:44.057, 294.03, 100, 74232, 70
2026/07/29 23:57:45.094, 295.78, 100, 74232, 70
2026/07/29 23:57:46.133, 295.68, 100, 74232, 70
2026/07/29 23:57:47.171, 298.72, 100, 74232, 70
2026/07/29 23:57:48.212, 294.91, 100, 74232, 70
2026/07/29 23:57:49.250, 301.04, 100, 74232, 70
2026/07/29 23:57:50.287, 295.97, 100, 74232, 70
2026/07/29 23:57:51.325, 296.57, 100, 74232, 70
2026/07/29 23:57:52.363, 296.57, 100, 74232, 70
2026/07/29 23:57:53.400, 294.12, 100, 74232, 70
2026/07/29 23:57:54.437, 95.19, 0, 74232, 66
2026/07/29 23:57:55.544, 297.44, 100, 74232, 71
2026/07/29 23:57:56.580, 299.09, 100, 74232, 71
2026/07/29 23:57:57.616, 292.65, 100, 74232, 71
2026/07/29 23:57:58.651, 287.01, 100, 74232, 71
2026/07/29 23:57:59.687, 269.89, 100, 74232, 71
2026/07/29 23:58:00.730, 312.20, 100, 74232, 71
2026/07/29 23:58:01.764, 300.77, 100, 74232, 70
2026/07/29 23:58:02.802, 299.89, 100, 74232, 70
2026/07/29 23:58:03.839, 300.77, 100, 74232, 70
2026/07/29 23:58:04.878, 300.17, 100, 74232, 70
2026/07/29 23:58:05.915, 397.65, 48, 74232, 70
2026/07/29 23:58:06.953, 295.03, 100, 74232, 71
2026/07/29 23:58:07.988, 296.98, 100, 74232, 71
2026/07/29 23:58:09.024, 297.32, 100, 74232, 72
2026/07/29 23:58:10.067, 309.42, 100, 74232, 72
2026/07/29 23:58:11.102, 266.42, 100, 74232, 71
2026/07/29 23:58:12.138, 292.09, 100, 74232, 72
2026/07/29 23:58:13.174, 291.40, 100, 74232, 70
2026/07/29 23:58:14.217, 295.40, 100, 74232, 70
2026/07/29 23:58:15.258, 304.85, 100, 74232, 70
2026/07/29 23:58:16.296, 300.83, 100, 74232, 70
2026/07/29 23:58:17.332, 94.93, 0, 74232, 66
2026/07/29 23:58:18.363, 94.41, 0, 74232, 66
2026/07/29 23:58:19.395, 93.35, 0, 74232, 65
2026/07/29 23:58:20.427, 92.91, 0, 74232, 65
2026/07/29 23:58:21.459, 92.07, 0, 74232, 64
2026/07/29 23:58:22.492, 303.77, 84, 74232, 69
2026/07/29 23:58:23.528, 298.70, 100, 74232, 67
2026/07/29 23:58:24.566, 298.42, 100, 74232, 68
2026/07/29 23:58:25.604, 300.05, 100, 74232, 68
2026/07/29 23:58:26.641, 293.77, 100, 74232, 68
2026/07/29 23:58:27.679, 299.97, 100, 74232, 68
2026/07/29 23:58:28.717, 297.32, 100, 74232, 68
2026/07/29 23:58:29.753, 296.97, 100, 74232, 68
2026/07/29 23:58:30.791, 294.81, 100, 74232, 68
2026/07/29 23:58:31.826, 301.41, 100, 74232, 69
2026/07/29 23:58:32.864, 299.39, 100, 74232, 69
2026/07/29 23:58:33.900, 301.16, 100, 74232, 69
2026/07/29 23:58:34.937, 299.88, 100, 74232, 69
2026/07/29 23:58:35.976, 294.43, 100, 74232, 69
2026/07/29 23:58:37.015, 300.96, 100, 74232, 69
2026/07/29 23:58:38.053, 297.46, 100, 74232, 69
2026/07/29 23:58:39.091, 294.83, 100, 74232, 69
2026/07/29 23:58:40.129, 297.34, 100, 74232, 69
2026/07/29 23:58:41.169, 293.64, 100, 74232, 69
2026/07/29 23:58:42.206, 290.12, 100, 74232, 69
2026/07/29 23:58:43.247, 298.23, 100, 74232, 69
2026/07/29 23:58:44.286, 299.00, 100, 74232, 69
2026/07/29 23:58:45.325, 298.60, 100, 74232, 69
2026/07/29 23:58:46.363, 300.15, 100, 74232, 69
2026/07/29 23:58:47.402, 301.92, 100, 74232, 69
2026/07/29 23:58:48.440, 304.25, 100, 74232, 69
2026/07/29 23:58:49.477, 300.45, 100, 74232, 69
2026/07/29 23:58:50.518, 302.52, 100, 74232, 69
2026/07/29 23:58:51.555, 300.93, 100, 74232, 69
2026/07/29 23:58:52.592, 303.60, 100, 74232, 69
2026/07/29 23:58:53.629, 297.84, 100, 74232, 69
2026/07/29 23:58:54.667, 299.18, 100, 74232, 70
2026/07/29 23:58:55.704, 301.11, 100, 74232, 70
2026/07/29 23:58:56.741, 300.37, 100, 74232, 69
2026/07/29 23:58:57.780, 299.19, 100, 74232, 70
2026/07/29 23:58:58.819, 298.60, 100, 74232, 70
2026/07/29 23:58:59.858, 301.42, 100, 74232, 70
2026/07/29 23:59:00.896, 300.47, 100, 74232, 70
2026/07/29 23:59:01.933, 295.30, 100, 74232, 70
2026/07/29 23:59:02.971, 299.99, 100, 74232, 70
2026/07/29 23:59:04.008, 300.73, 100, 74232, 70
2026/07/29 23:59:05.046, 299.88, 100, 74232, 70
2026/07/29 23:59:06.084, 302.60, 100, 74232, 70
2026/07/29 23:59:07.125, 303.20, 100, 74232, 70
2026/07/29 23:59:08.163, 303.48, 100, 74232, 70
2026/07/29 23:59:09.199, 303.66, 100, 74232, 70
2026/07/29 23:59:10.238, 297.17, 100, 74232, 70
2026/07/29 23:59:11.275, 293.74, 100, 74232, 70
2026/07/29 23:59:12.313, 291.80, 100, 74232, 70
2026/07/29 23:59:13.350, 292.38, 100, 74232, 70
2026/07/29 23:59:14.388, 291.42, 100, 74232, 70
2026/07/29 23:59:15.426, 293.46, 100, 74232, 70
2026/07/29 23:59:16.468, 299.67, 100, 74232, 70
2026/07/29 23:59:17.506, 301.55, 100, 74232, 70
2026/07/29 23:59:18.544, 302.10, 100, 74232, 70
2026/07/29 23:59:19.582, 302.13, 100, 74232, 70
2026/07/29 23:59:20.619, 303.30, 100, 74232, 70
2026/07/29 23:59:21.657, 303.46, 100, 74232, 70
2026/07/29 23:59:22.695, 302.04, 100, 74232, 70
2026/07/29 23:59:23.733, 296.11, 100, 74232, 70
2026/07/29 23:59:24.771, 295.02, 100, 74232, 70
2026/07/29 23:59:25.809, 290.13, 100, 74232, 70
2026/07/29 23:59:26.846, 293.72, 100, 74232, 70
2026/07/29 23:59:27.886, 292.04, 100, 74232, 70
2026/07/29 23:59:28.923, 292.68, 100, 74232, 70
2026/07/29 23:59:29.960, 293.64, 100, 74232, 70
2026/07/29 23:59:30.999, 294.12, 100, 74232, 70
2026/07/29 23:59:32.038, 299.20, 100, 74232, 70
2026/07/29 23:59:33.076, 298.32, 100, 74232, 70
2026/07/29 23:59:34.113, 300.17, 100, 74232, 70
2026/07/29 23:59:35.150, 297.63, 100, 74232, 70
2026/07/29 23:59:36.189, 294.33, 100, 74232, 70
2026/07/29 23:59:37.231, 299.59, 100, 74232, 70
2026/07/29 23:59:38.270, 292.29, 100, 74232, 70
2026/07/29 23:59:39.307, 287.51, 100, 74232, 70
2026/07/29 23:59:40.346, 291.98, 100, 74232, 70
2026/07/29 23:59:41.383, 303.79, 100, 74232, 70
2026/07/29 23:59:42.422, 298.02, 100, 74232, 70
2026/07/29 23:59:43.460, 297.16, 100, 74232, 70
2026/07/29 23:59:44.497, 303.89, 100, 74232, 70
2026/07/29 23:59:45.536, 303.30, 100, 74232, 70
2026/07/29 23:59:46.577, 302.36, 100, 74232, 70
2026/07/29 23:59:47.615, 299.40, 100, 74232, 70
2026/07/29 23:59:48.653, 302.63, 100, 74232, 70
2026/07/29 23:59:49.690, 302.27, 100, 74232, 70
2026/07/29 23:59:50.729, 296.29, 100, 74232, 70
2026/07/29 23:59:51.767, 289.96, 100, 74232, 70
2026/07/29 23:59:52.810, 293.07, 100, 74232, 70
2026/07/29 23:59:53.849, 295.20, 100, 74232, 70
2026/07/29 23:59:54.886, 302.43, 100, 74232, 70
2026/07/29 23:59:55.926, 303.68, 100, 74232, 70
2026/07/29 23:59:56.964, 293.74, 100, 74232, 71
2026/07/29 23:59:58.002, 297.45, 100, 74232, 71
2026/07/29 23:59:59.037, 310.42, 100, 74232, 72
2026/07/30 00:00:00.073, 269.60, 100, 74232, 71
2026/07/30 00:00:01.113, 312.27, 100, 74232, 72
2026/07/30 00:00:02.149, 299.87, 100, 74232, 70
2026/07/30 00:00:03.188, 303.38, 100, 74232, 70
2026/07/30 00:00:04.225, 302.19, 100, 74232, 70
2026/07/30 00:00:05.263, 204.71, 100, 74232, 68
2026/07/30 00:00:06.295, 94.57, 0, 74232, 66
2026/07/30 00:00:07.401, 280.60, 100, 74232, 71
2026/07/30 00:00:08.437, 289.07, 100, 74232, 71
2026/07/30 00:00:09.473, 283.90, 100, 74232, 71
2026/07/30 00:00:10.510, 280.99, 100, 74232, 71
2026/07/30 00:00:11.545, 290.32, 100, 74232, 71
2026/07/30 00:00:12.580, 301.05, 100, 74232, 70
2026/07/30 00:00:13.619, 302.71, 100, 74232, 70
2026/07/30 00:00:14.658, 303.68, 100, 74232, 70
2026/07/30 00:00:15.695, 303.08, 100, 74232, 70
2026/07/30 00:00:16.733, 303.15, 100, 74232, 70
2026/07/30 00:00:17.770, 300.70, 100, 74232, 70
2026/07/30 00:00:18.811, 301.24, 100, 74232, 72
2026/07/30 00:00:19.846, 291.85, 100, 74232, 72
2026/07/30 00:00:20.884, 288.56, 100, 74232, 72
2026/07/30 00:00:21.921, 292.48, 100, 74232, 72
2026/07/30 00:00:22.956, 275.78, 100, 74232, 72
2026/07/30 00:00:23.992, 287.60, 100, 74232, 72
2026/07/30 00:00:25.028, 304.52, 100, 74232, 70
2026/07/30 00:00:26.065, 295.30, 100, 74232, 70
2026/07/30 00:00:27.103, 296.57, 100, 74232, 70
2026/07/30 00:00:28.141, 303.18, 72, 74232, 72
2026/07/30 00:00:29.176, 301.26, 100, 74232, 72
2026/07/30 00:00:30.211, 294.86, 100, 74232, 72
2026/07/30 00:00:31.248, 306.58, 100, 74232, 72
2026/07/30 00:00:32.288, 301.01, 100, 74232, 72
2026/07/30 00:00:33.323, 269.49, 100, 74232, 72
2026/07/30 00:00:34.362, 293.27, 100, 74232, 70
2026/07/30 00:00:35.400, 297.43, 100, 74232, 70
2026/07/30 00:00:36.438, 295.41, 100, 74232, 70
2026/07/30 00:00:37.478, 296.19, 100, 74232, 70
2026/07/30 00:00:38.515, 297.65, 100, 74232, 70
2026/07/30 00:00:39.552, 295.41, 100, 74232, 70
2026/07/30 00:00:40.590, 296.77, 100, 74232, 70
2026/07/30 00:00:41.628, 304.46, 100, 74232, 71
2026/07/30 00:00:42.665, 298.24, 100, 74232, 71
2026/07/30 00:00:43.702, 304.13, 100, 74232, 71
2026/07/30 00:00:44.739, 295.18, 100, 74232, 71
2026/07/30 00:00:45.776, 302.22, 100, 74232, 71
2026/07/30 00:00:46.813, 297.54, 100, 74232, 71
2026/07/30 00:00:47.854, 294.82, 100, 74232, 71
2026/07/30 00:00:48.891, 295.40, 100, 74232, 71
2026/07/30 00:00:49.927, 297.74, 100, 74232, 70
2026/07/30 00:00:50.964, 295.49, 100, 74232, 71
2026/07/30 00:00:52.002, 301.62, 100, 74232, 71
2026/07/30 00:00:53.043, 299.00, 100, 74232, 70
2026/07/30 00:00:54.082, 288.88, 100, 74232, 70
2026/07/30 00:00:55.120, 294.70, 100, 74232, 70
2026/07/30 00:00:56.158, 304.36, 100, 74232, 71
2026/07/30 00:00:57.195, 300.25, 100, 74232, 70
2026/07/30 00:00:58.233, 294.71, 100, 74232, 70
2026/07/30 00:00:59.274, 297.17, 100, 74232, 70
2026/07/30 00:01:00.313, 292.38, 100, 74232, 70
2026/07/30 00:01:01.350, 303.78, 100, 74232, 70
2026/07/30 00:01:02.391, 296.76, 100, 74232, 70
2026/07/30 00:01:03.428, 292.58, 100, 74232, 70
2026/07/30 00:01:04.465, 299.70, 100, 74232, 70
2026/07/30 00:01:05.504, 307.95, 100, 74232, 70
2026/07/30 00:01:06.540, 300.07, 100, 74232, 70
2026/07/30 00:01:07.581, 303.97, 100, 74232, 70
2026/07/30 00:01:08.617, 303.68, 100, 74232, 70
2026/07/30 00:01:09.655, 303.63, 100, 74232, 70
2026/07/30 00:01:10.693, 302.30, 100, 74232, 70
2026/07/30 00:01:11.731, 303.56, 100, 74232, 70
2026/07/30 00:01:12.769, 304.54, 100, 74232, 70
2026/07/30 00:01:13.815, 297.24, 100, 74232, 70
2026/07/30 00:01:14.856, 294.62, 100, 74232, 70
2026/07/30 00:01:15.893, 297.64, 100, 74232, 70
2026/07/30 00:01:16.932, 294.52, 100, 74232, 70
2026/07/30 00:01:17.970, 294.64, 100, 74232, 70
2026/07/30 00:01:19.008, 293.06, 100, 74232, 70
2026/07/30 00:01:20.051, 291.61, 100, 74232, 70
2026/07/30 00:01:21.088, 293.05, 100, 74232, 70
2026/07/30 00:01:22.125, 296.08, 100, 74232, 70
2026/07/30 00:01:23.162, 299.31, 100, 74232, 70
2026/07/30 00:01:24.201, 292.18, 100, 74232, 70
2026/07/30 00:01:25.239, 291.71, 100, 74232, 70
2026/07/30 00:01:26.277, 297.25, 100, 74232, 70
2026/07/30 00:01:27.315, 294.52, 100, 74232, 70
2026/07/30 00:01:28.353, 302.31, 100, 74232, 70
2026/07/30 00:01:29.389, 296.96, 100, 74232, 70
2026/07/30 00:01:30.427, 294.13, 100, 74232, 70
2026/07/30 00:01:31.464, 293.94, 100, 74232, 70
2026/07/30 00:01:32.501, 302.71, 100, 74232, 70
2026/07/30 00:01:33.539, 299.89, 100, 74232, 70
2026/07/30 00:01:34.577, 294.32, 100, 74232, 70
2026/07/30 00:01:35.615, 296.55, 100, 74232, 70
2026/07/30 00:01:36.652, 292.28, 100, 74232, 70
2026/07/30 00:01:37.689, 296.84, 100, 74232, 70
2026/07/30 00:01:38.728, 296.54, 100, 74232, 69
2026/07/30 00:01:39.766, 296.68, 100, 74232, 69
2026/07/30 00:01:40.803, 292.76, 100, 74232, 69
2026/07/30 00:01:41.842, 285.46, 100, 74232, 69
2026/07/30 00:01:42.880, 283.30, 100, 74232, 69
2026/07/30 00:01:43.921, 288.65, 100, 74232, 69
2026/07/30 00:01:44.959, 296.57, 100, 74232, 69
2026/07/30 00:01:46.001, 293.15, 100, 74232, 69
2026/07/30 00:01:47.040, 296.77, 100, 74232, 69
2026/07/30 00:01:48.077, 296.46, 100, 74232, 69
2026/07/30 00:01:49.116, 293.94, 100, 74232, 69
2026/07/30 00:01:50.154, 302.79, 100, 74232, 69
2026/07/30 00:01:51.194, 302.29, 100, 74232, 69
2026/07/30 00:01:52.231, 305.80, 100, 74232, 69
2026/07/30 00:01:53.268, 301.15, 100, 74232, 69
2026/07/30 00:01:54.306, 302.12, 100, 74232, 69
2026/07/30 00:01:55.343, 304.06, 100, 74232, 69
2026/07/30 00:01:56.380, 301.70, 100, 74232, 69
2026/07/30 00:01:57.416, 302.52, 100, 74232, 69
2026/07/30 00:01:58.455, 297.45, 100, 74232, 69
2026/07/30 00:01:59.492, 298.14, 100, 74232, 70
2026/07/30 00:02:00.530, 302.31, 100, 74232, 70
2026/07/30 00:02:01.567, 297.24, 100, 74232, 70
2026/07/30 00:02:02.605, 296.96, 100, 74232, 70
2026/07/30 00:02:03.642, 297.65, 100, 74232, 70
2026/07/30 00:02:04.681, 296.07, 100, 74232, 70
2026/07/30 00:02:05.719, 296.58, 100, 74232, 70
2026/07/30 00:02:06.755, 95.13, 6, 74232, 67
2026/07/30 00:02:07.805, 297.65, 100, 74232, 71
2026/07/30 00:02:08.840, 296.93, 100, 74232, 71
2026/07/30 00:02:09.876, 296.09, 100, 74232, 71
2026/07/30 00:02:10.910, 296.49, 100, 74232, 71
2026/07/30 00:02:11.946, 282.81, 100, 74232, 71
2026/07/30 00:02:12.982, 293.73, 100, 74232, 71
2026/07/30 00:02:14.019, 302.49, 100, 74232, 70
2026/07/30 00:02:15.059, 305.33, 100, 74232, 70
2026/07/30 00:02:16.097, 298.70, 100, 74232, 70
2026/07/30 00:02:17.135, 302.50, 100, 74232, 70
2026/07/30 00:02:18.175, 303.88, 100, 74232, 70
2026/07/30 00:02:19.213, 304.38, 100, 74232, 70
2026/07/30 00:02:20.251, 302.12, 100, 74232, 70
2026/07/30 00:02:21.288, 303.98, 100, 74232, 70
2026/07/30 00:02:22.326, 303.68, 100, 74232, 70
2026/07/30 00:02:23.366, 301.14, 100, 74232, 70
2026/07/30 00:02:24.404, 304.33, 100, 74232, 70
2026/07/30 00:02:25.441, 293.55, 100, 74232, 70
2026/07/30 00:02:26.481, 294.81, 100, 74232, 70
2026/07/30 00:02:27.518, 296.18, 100, 74232, 70
2026/07/30 00:02:28.557, 296.66, 100, 74232, 70
2026/07/30 00:02:29.594, 293.16, 100, 74232, 70
2026/07/30 00:02:30.632, 296.57, 100, 74232, 70
2026/07/30 00:02:31.670, 296.26, 100, 74232, 70
2026/07/30 00:02:32.708, 294.23, 100, 74232, 70
2026/07/30 00:02:33.746, 302.58, 100, 74232, 70
2026/07/30 00:02:34.783, 303.07, 100, 74232, 70
2026/07/30 00:02:35.821, 299.80, 100, 74232, 70
2026/07/30 00:02:36.859, 302.88, 100, 74232, 70
2026/07/30 00:02:37.897, 298.41, 100, 74232, 70
2026/07/30 00:02:38.935, 304.27, 100, 74232, 70
2026/07/30 00:02:39.978, 302.79, 100, 74232, 70
2026/07/30 00:02:41.016, 304.17, 100, 74232, 70
2026/07/30 00:02:42.054, 304.45, 100, 74232, 70
2026/07/30 00:02:43.092, 301.93, 100, 74232, 70
2026/07/30 00:02:44.130, 304.71, 100, 74232, 70
2026/07/30 00:02:45.168, 95.04, 0, 74232, 67
2026/07/30 00:02:46.200, 295.23, 100, 74232, 71
2026/07/30 00:02:47.236, 314.95, 100, 74232, 71
2026/07/30 00:02:48.273, 304.20, 100, 74232, 71
2026/07/30 00:02:49.309, 302.61, 100, 74232, 71
2026/07/30 00:02:50.344, 295.58, 100, 74232, 71
2026/07/30 00:02:51.379, 324.53, 100, 74232, 71
2026/07/30 00:02:52.415, 304.17, 100, 74232, 70
2026/07/30 00:02:53.452, 303.94, 100, 74232, 70
2026/07/30 00:02:54.490, 301.25, 100, 74232, 70
2026/07/30 00:02:55.528, 303.29, 100, 74232, 70
2026/07/30 00:02:56.566, 303.98, 100, 74232, 70
2026/07/30 00:02:57.605, 294.50, 100, 74232, 70
2026/07/30 00:02:58.644, 295.49, 100, 74232, 70
2026/07/30 00:02:59.682, 303.96, 100, 74232, 70
2026/07/30 00:03:00.721, 292.09, 100, 74232, 70
2026/07/30 00:03:01.758, 296.46, 100, 74232, 70
2026/07/30 00:03:02.797, 296.67, 100, 74232, 70
2026/07/30 00:03:03.835, 298.03, 100, 74232, 70
2026/07/30 00:03:04.872, 295.98, 100, 74232, 70
2026/07/30 00:03:05.910, 297.64, 100, 74232, 70
2026/07/30 00:03:06.948, 307.48, 100, 74232, 70
2026/07/30 00:03:07.987, 296.17, 100, 74232, 70
2026/07/30 00:03:09.026, 296.87, 100, 74232, 70
2026/07/30 00:03:10.067, 297.05, 100, 74232, 70
2026/07/30 00:03:11.104, 293.76, 100, 74232, 70
2026/07/30 00:03:12.141, 296.26, 100, 74232, 70
2026/07/30 00:03:13.179, 296.47, 100, 74232, 70
2026/07/30 00:03:14.220, 299.22, 100, 74232, 70
2026/07/30 00:03:15.259, 303.19, 100, 74232, 70
2026/07/30 00:03:16.296, 296.96, 100, 74232, 70
2026/07/30 00:03:17.336, 297.37, 100, 74232, 70
2026/07/30 00:03:18.373, 298.62, 100, 74232, 70
2026/07/30 00:03:19.410, 295.59, 100, 74232, 70
2026/07/30 00:03:20.447, 297.45, 100, 74232, 70
2026/07/30 00:03:21.485, 296.48, 100, 74232, 70
2026/07/30 00:03:22.523, 295.29, 100, 74232, 70
2026/07/30 00:03:23.560, 303.79, 100, 74232, 70
2026/07/30 00:03:24.597, 293.06, 49, 74232, 71
2026/07/30 00:03:25.632, 290.41, 100, 74232, 71
2026/07/30 00:03:26.667, 282.11, 100, 74232, 71
2026/07/30 00:03:27.707, 317.66, 100, 74232, 71
2026/07/30 00:03:28.742, 289.15, 100, 74232, 71
2026/07/30 00:03:29.776, 297.53, 100, 74232, 71
2026/07/30 00:03:30.812, 282.11, 100, 74232, 71
2026/07/30 00:03:31.847, 299.11, 100, 74232, 70
2026/07/30 00:03:32.883, 302.71, 100, 74232, 70
2026/07/30 00:03:33.921, 93.25, 44, 74232, 67
2026/07/30 00:03:34.955, 298.50, 100, 74232, 69
2026/07/30 00:03:35.994, 299.78, 100, 74232, 69
2026/07/30 00:03:37.033, 300.45, 100, 74232, 70
2026/07/30 00:03:38.071, 295.21, 100, 74232, 69
2026/07/30 00:03:39.112, 294.81, 100, 74232, 70
2026/07/30 00:03:40.150, 302.67, 100, 74232, 70
2026/07/30 00:03:41.188, 303.29, 100, 74232, 70
2026/07/30 00:03:42.228, 303.20, 100, 74232, 70
2026/07/30 00:03:43.267, 302.80, 100, 74232, 70
2026/07/30 00:03:44.305, 303.97, 100, 74232, 70
2026/07/30 00:03:45.344, 301.62, 100, 74232, 70
2026/07/30 00:03:46.380, 293.14, 100, 74232, 70
2026/07/30 00:03:47.420, 291.90, 100, 74232, 70
2026/07/30 00:03:48.459, 298.81, 100, 74232, 70
2026/07/30 00:03:49.498, 299.49, 100, 74232, 70
2026/07/30 00:03:50.536, 299.75, 100, 74232, 70
2026/07/30 00:03:51.573, 301.42, 100, 74232, 70
2026/07/30 00:03:52.611, 302.52, 100, 74232, 70
2026/07/30 00:03:53.649, 302.22, 100, 74232, 70
2026/07/30 00:03:54.686, 301.84, 100, 74232, 70
2026/07/30 00:03:55.726, 297.81, 100, 74232, 70
2026/07/30 00:03:56.763, 296.46, 100, 74232, 70
2026/07/30 00:03:57.805, 298.14, 100, 74232, 70
2026/07/30 00:03:58.845, 297.72, 100, 74232, 70
2026/07/30 00:03:59.882, 300.48, 100, 74232, 70
2026/07/30 00:04:00.922, 301.84, 100, 74232, 70
2026/07/30 00:04:01.961, 302.60, 100, 74232, 70
2026/07/30 00:04:03.001, 301.52, 100, 74232, 70
2026/07/30 00:04:04.038, 302.19, 100, 74232, 70
2026/07/30 00:04:05.075, 302.77, 100, 74232, 70
2026/07/30 00:04:06.112, 303.79, 100, 74232, 70
2026/07/30 00:04:07.149, 295.59, 100, 74232, 70
2026/07/30 00:04:08.186, 297.75, 100, 74232, 70
2026/07/30 00:04:09.224, 297.53, 100, 74232, 70
2026/07/30 00:04:10.263, 303.59, 100, 74232, 70
2026/07/30 00:04:11.301, 298.30, 100, 74232, 70
2026/07/30 00:04:12.340, 299.50, 100, 74232, 70
2026/07/30 00:04:13.377, 297.92, 100, 74232, 70
2026/07/30 00:04:14.415, 292.27, 100, 74232, 70
2026/07/30 00:04:15.454, 300.71, 100, 74232, 70
2026/07/30 00:04:16.491, 294.72, 100, 74232, 70
2026/07/30 00:04:17.528, 294.72, 100, 74232, 70
2026/07/30 00:04:18.566, 297.36, 100, 74232, 70
2026/07/30 00:04:19.604, 297.06, 100, 74232, 70
2026/07/30 00:04:20.642, 295.01, 100, 74232, 69
2026/07/30 00:04:21.680, 294.71, 100, 74232, 69
2026/07/30 00:04:22.718, 294.60, 100, 74232, 69
2026/07/30 00:04:23.759, 294.12, 100, 74232, 69
2026/07/30 00:04:24.796, 293.05, 100, 74232, 69
2026/07/30 00:04:25.835, 294.41, 100, 74232, 69
2026/07/30 00:04:26.873, 298.02, 100, 74232, 69
2026/07/30 00:04:27.910, 300.18, 100, 74232, 69
2026/07/30 00:04:28.949, 302.68, 100, 74232, 69
2026/07/30 00:04:29.986, 302.11, 100, 74232, 69
2026/07/30 00:04:31.023, 301.14, 100, 74232, 69
2026/07/30 00:04:32.059, 302.01, 100, 74232, 69
2026/07/30 00:04:33.098, 300.84, 100, 74232, 69
2026/07/30 00:04:34.135, 302.49, 100, 74232, 69
2026/07/30 00:04:35.172, 297.65, 100, 74232, 69
2026/07/30 00:04:36.210, 300.45, 100, 74232, 69
2026/07/30 00:04:37.247, 299.96, 100, 74232, 69
2026/07/30 00:04:38.284, 300.45, 100, 74232, 69
2026/07/30 00:04:39.322, 301.44, 100, 74232, 69
2026/07/30 00:04:40.361, 300.27, 100, 74232, 69
2026/07/30 00:04:41.399, 301.61, 100, 74232, 69
2026/07/30 00:04:42.436, 299.02, 100, 74232, 69
2026/07/30 00:04:43.474, 299.29, 100, 74232, 69
2026/07/30 00:04:44.512, 300.55, 100, 74232, 69
2026/07/30 00:04:45.551, 299.88, 100, 74232, 69
2026/07/30 00:04:46.589, 300.08, 100, 74232, 69
2026/07/30 00:04:47.626, 296.38, 100, 74232, 69
2026/07/30 00:04:48.665, 300.08, 100, 74232, 69
2026/07/30 00:04:49.703, 293.15, 100, 74232, 69
2026/07/30 00:04:50.746, 293.25, 100, 74232, 69
2026/07/30 00:04:51.783, 288.87, 100, 74232, 69
2026/07/30 00:04:52.821, 297.25, 100, 74232, 69
2026/07/30 00:04:53.859, 294.73, 100, 74232, 69
2026/07/30 00:04:54.896, 297.05, 100, 74232, 69
2026/07/30 00:04:55.935, 296.93, 100, 74232, 69
2026/07/30 00:04:56.973, 298.54, 100, 74232, 69
2026/07/30 00:04:58.011, 299.00, 100, 74232, 69
2026/07/30 00:04:59.049, 296.74, 100, 74232, 69
2026/07/30 00:05:00.087, 291.59, 100, 74232, 69
2026/07/30 00:05:01.128, 293.15, 100, 74232, 69
2026/07/30 00:05:02.166, 297.72, 100, 74232, 69
2026/07/30 00:05:03.204, 299.78, 100, 74232, 69
2026/07/30 00:05:04.242, 293.06, 100, 74232, 69
2026/07/30 00:05:05.279, 300.66, 100, 74232, 69
2026/07/30 00:05:06.317, 299.00, 100, 74232, 69
2026/07/30 00:05:07.355, 299.60, 100, 74232, 69
2026/07/30 00:05:08.394, 300.26, 100, 74232, 69
2026/07/30 00:05:09.433, 96.32, 100, 74232, 67
2026/07/30 00:05:10.467, 299.78, 100, 74232, 69
2026/07/30 00:05:11.505, 302.80, 100, 74232, 69
2026/07/30 00:05:12.542, 301.74, 100, 74232, 69
2026/07/30 00:05:13.581, 302.52, 100, 74232, 69
2026/07/30 00:05:14.620, 296.79, 100, 74232, 69
2026/07/30 00:05:15.659, 303.98, 100, 74232, 69
2026/07/30 00:05:16.697, 297.94, 100, 74232, 69
2026/07/30 00:05:17.735, 293.54, 100, 74232, 69
2026/07/30 00:05:18.777, 296.08, 100, 74232, 69
2026/07/30 00:05:19.814, 300.16, 100, 74232, 69
2026/07/30 00:05:20.851, 301.30, 100, 74232, 69
2026/07/30 00:05:21.890, 302.03, 100, 74232, 69
2026/07/30 00:05:22.927, 300.85, 100, 74232, 69
2026/07/30 00:05:23.965, 300.86, 100, 74232, 69
2026/07/30 00:05:25.002, 295.39, 100, 74232, 69
2026/07/30 00:05:26.044, 296.86, 100, 74232, 69
2026/07/30 00:05:27.082, 297.13, 100, 74232, 69
2026/07/30 00:05:28.118, 299.76, 100, 74232, 69
2026/07/30 00:05:29.157, 297.54, 100, 74232, 69
2026/07/30 00:05:30.195, 293.35, 100, 74232, 69
2026/07/30 00:05:31.242, 296.26, 100, 74232, 69
2026/07/30 00:05:32.280, 299.78, 100, 74232, 69
2026/07/30 00:05:33.317, 300.18, 100, 74232, 69
2026/07/30 00:05:34.355, 301.51, 100, 74232, 69
2026/07/30 00:05:35.392, 300.37, 100, 74232, 69
2026/07/30 00:05:36.429, 302.39, 100, 74232, 69
2026/07/30 00:05:37.468, 297.45, 100, 74232, 69
2026/07/30 00:05:38.505, 302.63, 100, 74232, 69
2026/07/30 00:05:39.543, 301.75, 100, 74232, 69
2026/07/30 00:05:40.581, 298.79, 100, 74232, 69
2026/07/30 00:05:41.621, 292.36, 100, 74232, 69
2026/07/30 00:05:42.658, 288.17, 100, 74232, 69
2026/07/30 00:05:43.696, 291.70, 100, 74232, 69
2026/07/30 00:05:44.734, 299.49, 100, 74232, 69
2026/07/30 00:05:45.771, 298.91, 100, 74232, 69
2026/07/30 00:05:46.809, 294.13, 100, 74232, 69
2026/07/30 00:05:47.847, 299.67, 100, 74232, 69
2026/07/30 00:05:48.885, 301.34, 100, 74232, 69
2026/07/30 00:05:49.922, 300.84, 100, 74232, 69
2026/07/30 00:05:50.960, 299.98, 100, 74232, 69
2026/07/30 00:05:51.999, 302.88, 100, 74232, 69
2026/07/30 00:05:53.036, 302.61, 100, 74232, 69
2026/07/30 00:05:54.077, 301.74, 100, 74232, 69
2026/07/30 00:05:55.114, 295.50, 100, 74232, 69
2026/07/30 00:05:56.153, 295.99, 100, 74232, 69
2026/07/30 00:05:57.191, 296.01, 100, 74232, 69
2026/07/30 00:05:58.228, 301.13, 100, 74232, 69
2026/07/30 00:05:59.269, 298.90, 100, 74232, 69
2026/07/30 00:06:00.307, 298.70, 100, 74232, 69
2026/07/30 00:06:01.344, 295.12, 100, 74232, 69
2026/07/30 00:06:02.382, 297.64, 100, 74232, 69
2026/07/30 00:06:03.422, 292.95, 100, 74232, 69
2026/07/30 00:06:04.468, 291.97, 100, 74232, 69
2026/07/30 00:06:05.506, 294.62, 100, 74232, 69
2026/07/30 00:06:06.546, 302.19, 100, 74232, 70
2026/07/30 00:06:07.584, 300.75, 100, 74232, 70
2026/07/30 00:06:08.621, 299.42, 100, 74232, 69
2026/07/30 00:06:09.662, 297.24, 100, 74232, 69
2026/07/30 00:06:10.699, 302.82, 100, 74232, 70
2026/07/30 00:06:11.738, 299.68, 100, 74232, 70
2026/07/30 00:06:12.776, 298.33, 100, 74232, 70
2026/07/30 00:06:13.817, 297.63, 100, 74232, 70
2026/07/30 00:06:14.854, 295.30, 100, 74232, 70
2026/07/30 00:06:15.893, 302.23, 100, 74232, 70
2026/07/30 00:06:16.931, 296.56, 100, 74232, 70
2026/07/30 00:06:17.968, 302.12, 100, 74232, 70
2026/07/30 00:06:19.005, 302.67, 100, 74232, 70
2026/07/30 00:06:20.043, 297.06, 100, 74232, 70
2026/07/30 00:06:21.081, 299.10, 100, 74232, 70
2026/07/30 00:06:22.119, 294.42, 100, 74232, 70
2026/07/30 00:06:23.159, 293.73, 100, 74232, 70
2026/07/30 00:06:24.197, 297.83, 100, 74232, 70
2026/07/30 00:06:25.234, 292.96, 100, 74232, 70
2026/07/30 00:06:26.279, 290.22, 100, 74232, 70
2026/07/30 00:06:27.317, 296.85, 100, 74232, 70
2026/07/30 00:06:28.356, 298.40, 100, 74232, 70
2026/07/30 00:06:29.395, 301.04, 100, 74232, 70
2026/07/30 00:06:30.431, 296.79, 100, 74232, 70
2026/07/30 00:06:31.468, 298.80, 100, 74232, 70
2026/07/30 00:06:32.505, 298.78, 100, 74232, 70
2026/07/30 00:06:33.543, 302.90, 100, 74232, 70
2026/07/30 00:06:34.579, 298.21, 100, 74232, 70
2026/07/30 00:06:35.619, 298.71, 100, 74232, 70
2026/07/30 00:06:36.657, 302.01, 100, 74232, 70
2026/07/30 00:06:37.694, 305.49, 100, 74232, 70
2026/07/30 00:06:38.732, 298.32, 100, 74232, 70
2026/07/30 00:06:39.769, 298.40, 100, 74232, 70
2026/07/30 00:06:40.805, 305.14, 100, 74232, 70
2026/07/30 00:06:41.842, 300.86, 100, 74232, 70
2026/07/30 00:06:42.881, 293.05, 100, 74232, 70
2026/07/30 00:06:43.919, 305.22, 100, 74232, 70
2026/07/30 00:06:44.957, 297.24, 100, 74232, 70
2026/07/30 00:06:45.994, 293.84, 100, 74232, 70
2026/07/30 00:06:47.034, 361.32, 66, 74232, 71
2026/07/30 00:06:48.069, 292.08, 100, 74232, 71
2026/07/30 00:06:49.107, 310.47, 100, 74232, 72
2026/07/30 00:06:50.141, 311.17, 100, 74232, 71
2026/07/30 00:06:51.177, 275.08, 100, 74232, 71
2026/07/30 00:06:52.214, 300.41, 100, 74232, 71
2026/07/30 00:06:53.252, 299.95, 100, 74232, 72
2026/07/30 00:06:54.288, 299.30, 100, 74232, 70
2026/07/30 00:06:55.325, 302.14, 100, 74232, 70
2026/07/30 00:06:56.363, 303.18, 100, 74232, 70
2026/07/30 00:06:57.400, 303.87, 100, 74232, 70
2026/07/30 00:06:58.439, 301.21, 100, 74232, 70
2026/07/30 00:06:59.475, 92.57, 58, 74232, 67
2026/07/30 00:07:00.509, 297.85, 100, 74232, 71
2026/07/30 00:07:01.548, 291.48, 100, 74232, 71
2026/07/30 00:07:02.583, 306.19, 100, 74232, 71
2026/07/30 00:07:03.621, 295.23, 100, 74232, 72
2026/07/30 00:07:04.656, 277.41, 100, 74232, 71
2026/07/30 00:07:05.691, 280.18, 100, 74232, 71
2026/07/30 00:07:06.726, 285.74, 100, 74232, 72
2026/07/30 00:07:07.770, 303.56, 100, 74232, 70
2026/07/30 00:07:08.808, 303.95, 100, 74232, 70
2026/07/30 00:07:09.846, 301.33, 100, 74232, 70
2026/07/30 00:07:10.885, 303.29, 100, 74232, 70
2026/07/30 00:07:11.922, 301.73, 100, 74232, 70
2026/07/30 00:07:12.963, 296.37, 100, 74232, 70
2026/07/30 00:07:14.001, 301.45, 100, 74232, 70
2026/07/30 00:07:15.037, 301.89, 100, 74232, 70
2026/07/30 00:07:16.075, 301.72, 100, 74232, 70
2026/07/30 00:07:17.113, 298.11, 100, 74232, 70
2026/07/30 00:07:18.151, 301.42, 100, 74232, 70
2026/07/30 00:07:19.189, 299.01, 100, 74232, 70
2026/07/30 00:07:20.227, 301.33, 100, 74232, 70
2026/07/30 00:07:21.265, 299.30, 100, 74232, 70
2026/07/30 00:07:22.303, 300.07, 100, 74232, 70
2026/07/30 00:07:23.340, 302.60, 100, 74232, 70
2026/07/30 00:07:24.378, 304.07, 100, 74232, 70
2026/07/30 00:07:25.415, 303.07, 100, 74232, 70
2026/07/30 00:07:26.453, 303.98, 100, 74232, 70
2026/07/30 00:07:27.491, 298.62, 100, 74232, 70
2026/07/30 00:07:28.531, 306.41, 100, 74232, 70
2026/07/30 00:07:29.569, 300.65, 100, 74232, 70
2026/07/30 00:07:30.606, 300.45, 100, 74232, 70
2026/07/30 00:07:31.644, 292.09, 100, 74232, 70
2026/07/30 00:07:32.682, 293.35, 100, 74232, 70
2026/07/30 00:07:33.720, 294.62, 100, 74232, 70
2026/07/30 00:07:34.757, 294.92, 100, 74232, 70
2026/07/30 00:07:35.798, 301.83, 100, 74232, 70
2026/07/30 00:07:36.835, 303.27, 100, 74232, 70
2026/07/30 00:07:37.872, 304.19, 100, 74232, 70
2026/07/30 00:07:38.909, 303.29, 100, 74232, 70
2026/07/30 00:07:39.947, 299.59, 100, 74232, 70
2026/07/30 00:07:40.988, 299.01, 100, 74232, 70
2026/07/30 00:07:42.025, 302.34, 100, 74232, 70
2026/07/30 00:07:43.065, 294.71, 100, 74232, 70
2026/07/30 00:07:44.106, 297.34, 100, 74232, 70
2026/07/30 00:07:45.143, 295.49, 100, 74232, 70
2026/07/30 00:07:46.180, 299.95, 100, 74232, 70
2026/07/30 00:07:47.217, 296.96, 100, 74232, 70
2026/07/30 00:07:48.255, 295.00, 100, 74232, 70
2026/07/30 00:07:49.292, 292.58, 100, 74232, 70
2026/07/30 00:07:50.331, 296.28, 100, 74232, 70
2026/07/30 00:07:51.369, 302.26, 100, 74232, 70
2026/07/30 00:07:52.407, 302.01, 100, 74232, 70
2026/07/30 00:07:53.444, 306.62, 100, 74232, 70
2026/07/30 00:07:54.484, 298.03, 100, 74232, 70
2026/07/30 00:07:55.521, 305.15, 100, 74232, 70
2026/07/30 00:07:56.558, 299.19, 100, 74232, 70
2026/07/30 00:07:57.597, 299.30, 100, 74232, 70
2026/07/30 00:07:58.634, 295.61, 100, 74232, 70
2026/07/30 00:07:59.674, 299.10, 100, 74232, 70
2026/07/30 00:08:00.713, 299.49, 100, 74232, 70
2026/07/30 00:08:01.750, 298.29, 100, 74232, 69
2026/07/30 00:08:02.788, 299.59, 100, 74232, 69
2026/07/30 00:08:03.825, 297.36, 100, 74232, 69
2026/07/30 00:08:04.865, 291.89, 100, 74232, 69
2026/07/30 00:08:05.903, 289.84, 100, 74232, 69
2026/07/30 00:08:06.942, 290.15, 100, 74232, 69
2026/07/30 00:08:07.984, 299.78, 100, 74232, 69
2026/07/30 00:08:09.022, 300.76, 100, 74232, 69
2026/07/30 00:08:10.058, 303.39, 100, 74232, 69
2026/07/30 00:08:11.096, 295.19, 100, 74232, 69
2026/07/30 00:08:12.133, 300.94, 100, 74232, 69
2026/07/30 00:08:13.171, 300.58, 100, 74232, 69
2026/07/30 00:08:14.208, 294.72, 100, 74232, 69
2026/07/30 00:08:15.246, 296.08, 100, 74232, 69
2026/07/30 00:08:16.283, 291.59, 100, 74232, 69
2026/07/30 00:08:17.322, 296.37, 100, 74232, 69
2026/07/30 00:08:18.360, 297.14, 100, 74232, 69
2026/07/30 00:08:19.397, 299.46, 100, 74232, 69
2026/07/30 00:08:20.433, 281.22, 100, 74232, 71
2026/07/30 00:08:21.469, 294.71, 100, 74232, 71
2026/07/30 00:08:22.505, 285.55, 100, 74232, 71
2026/07/30 00:08:23.540, 300.27, 100, 74232, 71
2026/07/30 00:08:24.578, 310.01, 100, 74232, 71
2026/07/30 00:08:25.615, 301.99, 100, 74232, 69
2026/07/30 00:08:26.653, 299.86, 100, 74232, 69
2026/07/30 00:08:27.691, 303.59, 100, 74232, 69
2026/07/30 00:08:28.728, 297.44, 100, 74232, 69
2026/07/30 00:08:29.769, 295.80, 100, 74232, 70
2026/07/30 00:08:30.808, 293.36, 100, 74232, 70
2026/07/30 00:08:31.846, 295.49, 100, 74232, 70
2026/07/30 00:08:32.885, 290.54, 100, 74232, 70
2026/07/30 00:08:33.923, 295.40, 100, 74232, 70
2026/07/30 00:08:34.962, 302.97, 100, 74232, 70
2026/07/30 00:08:36.000, 95.73, 23, 74232, 67
2026/07/30 00:08:37.034, 303.92, 100, 74232, 71
2026/07/30 00:08:38.068, 302.24, 100, 74232, 71
2026/07/30 00:08:39.103, 323.52, 100, 74232, 72
2026/07/30 00:08:40.139, 274.69, 100, 74232, 71
2026/07/30 00:08:41.176, 294.61, 100, 74232, 71
2026/07/30 00:08:42.212, 299.95, 100, 74232, 70
2026/07/30 00:08:43.252, 300.86, 100, 74232, 70
2026/07/30 00:08:44.290, 303.97, 100, 74232, 70
2026/07/30 00:08:45.328, 285.27, 100, 74232, 71
2026/07/30 00:08:46.363, 303.07, 100, 74232, 71
2026/07/30 00:08:47.400, 281.91, 100, 74232, 71
2026/07/30 00:08:48.436, 287.62, 100, 74232, 71
2026/07/30 00:08:49.472, 302.54, 100, 74232, 72
2026/07/30 00:08:50.510, 303.36, 100, 74232, 70
2026/07/30 00:08:51.547, 301.34, 100, 74232, 70
2026/07/30 00:08:52.585, 303.79, 100, 74232, 70
2026/07/30 00:08:53.622, 307.65, 100, 74232, 70
2026/07/30 00:08:54.662, 303.57, 100, 74232, 70
2026/07/30 00:08:55.702, 296.17, 100, 74232, 70
2026/07/30 00:08:56.739, 303.29, 100, 74232, 70
2026/07/30 00:08:57.776, 304.27, 100, 74232, 70
2026/07/30 00:08:58.813, 304.08, 100, 74232, 70
2026/07/30 00:08:59.851, 297.15, 100, 74232, 70
2026/07/30 00:09:00.887, 360.40, 48, 74232, 72
2026/07/30 00:09:01.923, 291.70, 100, 74232, 72
2026/07/30 00:09:02.958, 282.60, 100, 74232, 72
2026/07/30 00:09:03.992, 306.31, 100, 74232, 72
2026/07/30 00:09:05.027, 273.73, 100, 74232, 72
2026/07/30 00:09:06.069, 303.48, 100, 74232, 72
2026/07/30 00:09:07.104, 299.31, 100, 74232, 70
2026/07/30 00:09:08.144, 303.88, 100, 74232, 70
2026/07/30 00:09:09.181, 300.55, 100, 74232, 70
2026/07/30 00:09:10.219, 300.27, 100, 74232, 70
2026/07/30 00:09:11.257, 301.22, 100, 74232, 70
2026/07/30 00:09:12.294, 302.01, 100, 74232, 70
2026/07/30 00:09:13.333, 303.40, 100, 74232, 70
2026/07/30 00:09:14.371, 297.17, 100, 74232, 70
2026/07/30 00:09:15.409, 287.41, 100, 74232, 70
2026/07/30 00:09:16.447, 291.40, 100, 74232, 70
2026/07/30 00:09:17.484, 292.29, 100, 74232, 70
2026/07/30 00:09:18.521, 300.04, 100, 74232, 70
2026/07/30 00:09:19.561, 299.30, 100, 74232, 70
2026/07/30 00:09:20.598, 294.23, 100, 74232, 70
2026/07/30 00:09:21.634, 293.64, 100, 74232, 70
2026/07/30 00:09:22.669, 299.09, 100, 74232, 70
2026/07/30 00:09:23.705, 300.17, 100, 74232, 70
2026/07/30 00:09:24.742, 307.76, 100, 74232, 70
2026/07/30 00:09:25.777, 302.52, 100, 74232, 70
2026/07/30 00:09:26.814, 300.75, 100, 74232, 70
2026/07/30 00:09:27.851, 302.02, 100, 74232, 70
2026/07/30 00:09:28.887, 303.76, 100, 74232, 70
2026/07/30 00:09:29.925, 297.42, 100, 74232, 70
2026/07/30 00:09:30.963, 299.86, 100, 74232, 70
2026/07/30 00:09:32.000, 304.26, 100, 74232, 70
2026/07/30 00:09:33.036, 302.23, 100, 74232, 70
2026/07/30 00:09:34.073, 293.74, 100, 74232, 70
2026/07/30 00:09:35.110, 308.80, 0, 74232, 70
2026/07/30 00:09:36.144, 299.18, 100, 74232, 70
2026/07/30 00:09:37.182, 301.24, 100, 74232, 70
2026/07/30 00:09:38.219, 296.65, 100, 74232, 70
2026/07/30 00:09:39.255, 295.69, 100, 74232, 70
2026/07/30 00:09:40.292, 301.93, 100, 74232, 70
2026/07/30 00:09:41.329, 302.41, 100, 74232, 70
2026/07/30 00:09:42.367, 303.00, 100, 74232, 70
2026/07/30 00:09:43.407, 297.33, 100, 74232, 70
2026/07/30 00:09:44.445, 296.67, 100, 74232, 70
2026/07/30 00:09:45.484, 293.35, 100, 74232, 70
2026/07/30 00:09:46.522, 294.62, 100, 74232, 70
2026/07/30 00:09:47.559, 300.86, 100, 74232, 70
2026/07/30 00:09:48.601, 293.72, 100, 74232, 70
2026/07/30 00:09:49.639, 295.01, 100, 74232, 70
2026/07/30 00:09:50.676, 298.03, 100, 74232, 70
2026/07/30 00:09:51.714, 293.76, 100, 74232, 70
2026/07/30 00:09:52.752, 297.95, 100, 74232, 70
2026/07/30 00:09:53.791, 305.53, 100, 74232, 70
2026/07/30 00:09:54.828, 294.92, 100, 74232, 70
2026/07/30 00:09:55.867, 297.62, 100, 74232, 70
2026/07/30 00:09:56.904, 300.73, 100, 74232, 70
2026/07/30 00:09:57.941, 297.35, 100, 74232, 70
2026/07/30 00:09:58.977, 299.01, 100, 74232, 70
2026/07/30 00:10:00.013, 301.89, 100, 74232, 70
2026/07/30 00:10:01.052, 295.59, 100, 74232, 70
2026/07/30 00:10:02.090, 301.05, 100, 74232, 70
2026/07/30 00:10:03.128, 302.21, 100, 74232, 70
2026/07/30 00:10:04.166, 301.74, 100, 74232, 70
2026/07/30 00:10:05.202, 296.67, 100, 74232, 70
2026/07/30 00:10:06.239, 286.55, 100, 74232, 69
2026/07/30 00:10:07.280, 287.12, 100, 74232, 70
2026/07/30 00:10:08.316, 300.87, 100, 74232, 70
2026/07/30 00:10:09.357, 296.47, 100, 74232, 70
2026/07/30 00:10:10.394, 300.26, 100, 74232, 70
2026/07/30 00:10:11.432, 288.58, 100, 74232, 69
2026/07/30 00:10:12.471, 293.94, 100, 74232, 69
2026/07/30 00:10:13.508, 292.67, 100, 74232, 70
2026/07/30 00:10:14.545, 301.81, 100, 74232, 70
2026/07/30 00:10:15.582, 298.89, 100, 74232, 70
2026/07/30 00:10:16.621, 302.02, 100, 74232, 70
2026/07/30 00:10:17.657, 300.62, 100, 74232, 70
2026/07/30 00:10:18.693, 298.71, 100, 74232, 70
2026/07/30 00:10:19.731, 304.08, 100, 74232, 70
2026/07/30 00:10:20.768, 298.83, 100, 74232, 70
2026/07/30 00:10:21.805, 299.19, 100, 74232, 70
2026/07/30 00:10:22.842, 298.32, 100, 74232, 70
2026/07/30 00:10:23.878, 298.48, 100, 74232, 70
2026/07/30 00:10:24.916, 302.97, 100, 74232, 70
2026/07/30 00:10:25.954, 305.32, 100, 74232, 70
2026/07/30 00:10:26.990, 296.96, 100, 74232, 70
2026/07/30 00:10:28.029, 305.04, 100, 74232, 70
2026/07/30 00:10:29.065, 299.87, 100, 74232, 70
2026/07/30 00:10:30.103, 296.95, 100, 74232, 70
2026/07/30 00:10:31.140, 298.02, 100, 74232, 70
2026/07/30 00:10:32.179, 301.44, 100, 74232, 70
2026/07/30 00:10:33.216, 303.18, 100, 74232, 70
2026/07/30 00:10:34.256, 301.63, 100, 74232, 70
2026/07/30 00:10:35.294, 301.71, 100, 74232, 70
2026/07/30 00:10:36.331, 297.36, 100, 74232, 70
2026/07/30 00:10:37.372, 298.83, 100, 74232, 70
2026/07/30 00:10:38.409, 288.76, 100, 74232, 70
2026/07/30 00:10:39.445, 294.10, 100, 74232, 70
2026/07/30 00:10:40.483, 295.49, 100, 74232, 70
2026/07/30 00:10:41.521, 301.69, 100, 74232, 70
2026/07/30 00:10:42.559, 302.04, 100, 74232, 70
2026/07/30 00:10:43.596, 304.66, 100, 74232, 70
2026/07/30 00:10:44.633, 299.21, 100, 74232, 70
2026/07/30 00:10:45.670, 303.69, 100, 74232, 70
2026/07/30 00:10:46.708, 299.85, 100, 74232, 70
2026/07/30 00:10:47.746, 302.49, 100, 74232, 70
2026/07/30 00:10:48.783, 298.62, 100, 74232, 70
2026/07/30 00:10:49.821, 299.58, 100, 74232, 70
2026/07/30 00:10:50.860, 305.43, 100, 74232, 70
2026/07/30 00:10:51.897, 300.95, 100, 74232, 70
2026/07/30 00:10:52.935, 300.67, 100, 74232, 70
2026/07/30 00:10:53.973, 303.00, 100, 74232, 70
2026/07/30 00:10:55.013, 294.14, 100, 74232, 70
2026/07/30 00:10:56.050, 293.45, 100, 74232, 70
2026/07/30 00:10:57.087, 302.11, 100, 74232, 70
2026/07/30 00:10:58.125, 293.83, 100, 74232, 70
2026/07/30 00:10:59.163, 290.62, 100, 74232, 70
2026/07/30 00:11:00.201, 294.72, 100, 74232, 70
2026/07/30 00:11:01.239, 302.10, 100, 74232, 70
2026/07/30 00:11:02.279, 301.62, 100, 74232, 70
2026/07/30 00:11:03.316, 299.97, 100, 74232, 70
2026/07/30 00:11:04.354, 301.84, 100, 74232, 70
2026/07/30 00:11:05.391, 299.20, 100, 74232, 70
2026/07/30 00:11:06.428, 301.63, 100, 74232, 70
2026/07/30 00:11:07.465, 301.63, 100, 74232, 70
2026/07/30 00:11:08.503, 299.39, 100, 74232, 70
2026/07/30 00:11:09.541, 301.15, 100, 74232, 70
2026/07/30 00:11:10.578, 301.51, 100, 74232, 70
2026/07/30 00:11:11.616, 298.62, 100, 74232, 70
2026/07/30 00:11:12.654, 303.67, 57, 74232, 72
2026/07/30 00:11:13.692, 299.80, 100, 74232, 72
2026/07/30 00:11:14.728, 292.44, 100, 74232, 72
2026/07/30 00:11:15.763, 292.09, 100, 74232, 71
2026/07/30 00:11:16.804, 291.71, 100, 74232, 72
2026/07/30 00:11:17.839, 301.90, 100, 74232, 72
2026/07/30 00:11:18.874, 287.90, 100, 74232, 72
2026/07/30 00:11:19.918, 304.26, 100, 74232, 70
2026/07/30 00:11:20.955, 287.23, 100, 74232, 70
2026/07/30 00:11:21.993, 292.00, 100, 74232, 70
2026/07/30 00:11:23.031, 294.91, 100, 74232, 70
2026/07/30 00:11:24.069, 94.94, 36, 74232, 67
2026/07/30 00:11:25.104, 298.21, 100, 74232, 71
2026/07/30 00:11:26.140, 296.26, 100, 74232, 71
2026/07/30 00:11:27.176, 307.94, 100, 74232, 72
2026/07/30 00:11:28.221, 307.18, 100, 74232, 72
2026/07/30 00:11:29.258, 301.24, 100, 74232, 72
2026/07/30 00:11:30.295, 268.61, 100, 74232, 72
2026/07/30 00:11:31.330, 263.91, 100, 74232, 71
2026/07/30 00:11:32.365, 299.78, 100, 74232, 70
2026/07/30 00:11:33.403, 299.56, 100, 74232, 70
2026/07/30 00:11:34.439, 303.09, 100, 74232, 70
2026/07/30 00:11:35.478, 305.05, 100, 74232, 70
2026/07/30 00:11:36.517, 294.60, 79, 74232, 72
2026/07/30 00:11:37.555, 303.76, 100, 74232, 70
2026/07/30 00:11:38.593, 301.22, 100, 74232, 70
2026/07/30 00:11:39.631, 293.84, 100, 74232, 70
2026/07/30 00:11:40.668, 297.34, 100, 74232, 70
2026/07/30 00:11:41.706, 298.33, 100, 74232, 71
2026/07/30 00:11:42.743, 297.55, 100, 74232, 71
2026/07/30 00:11:43.780, 300.07, 100, 74232, 71
2026/07/30 00:11:44.817, 297.15, 100, 74232, 71
2026/07/30 00:11:45.856, 296.66, 100, 74232, 71
2026/07/30 00:11:46.893, 295.31, 100, 74232, 71
2026/07/30 00:11:47.931, 296.76, 100, 74232, 71
2026/07/30 00:11:48.968, 298.51, 100, 74232, 71
2026/07/30 00:11:50.006, 294.33, 100, 74232, 71
2026/07/30 00:11:51.044, 293.73, 100, 74232, 71
2026/07/30 00:11:52.081, 295.68, 100, 74232, 71
2026/07/30 00:11:53.118, 295.81, 100, 74232, 71
2026/07/30 00:11:54.156, 297.93, 100, 74232, 71
2026/07/30 00:11:55.193, 295.99, 100, 74232, 71
2026/07/30 00:11:56.233, 301.23, 100, 74232, 71
2026/07/30 00:11:57.271, 303.00, 100, 74232, 71
2026/07/30 00:11:58.310, 303.89, 100, 74232, 71
2026/07/30 00:11:59.348, 303.49, 100, 74232, 70
2026/07/30 00:12:00.389, 295.70, 100, 74232, 70
2026/07/30 00:12:01.425, 296.20, 100, 74232, 70
2026/07/30 00:12:02.469, 293.35, 100, 74232, 70
2026/07/30 00:12:03.507, 303.51, 100, 74232, 71
2026/07/30 00:12:04.543, 302.04, 100, 74232, 71
2026/07/30 00:12:05.584, 301.03, 100, 74232, 71
2026/07/30 00:12:06.622, 292.67, 100, 74232, 70
2026/07/30 00:12:07.661, 302.33, 100, 74232, 70
2026/07/30 00:12:08.699, 306.42, 100, 74232, 71
2026/07/30 00:12:09.736, 303.20, 100, 74232, 71
2026/07/30 00:12:10.774, 302.50, 100, 74232, 70
2026/07/30 00:12:11.812, 304.84, 100, 74232, 70
2026/07/30 00:12:12.851, 304.75, 100, 74232, 71
2026/07/30 00:12:13.888, 302.32, 100, 74232, 70
2026/07/30 00:12:14.925, 304.57, 100, 74232, 70
2026/07/30 00:12:15.964, 299.86, 100, 74232, 70
2026/07/30 00:12:17.000, 298.60, 100, 74232, 70
2026/07/30 00:12:18.038, 291.11, 100, 74232, 70
2026/07/30 00:12:19.076, 301.63, 100, 74232, 70
2026/07/30 00:12:20.114, 296.08, 100, 74232, 70
2026/07/30 00:12:21.153, 300.76, 100, 74232, 71
2026/07/30 00:12:22.192, 297.25, 100, 74232, 70
2026/07/30 00:12:23.229, 289.95, 100, 74232, 70
2026/07/30 00:12:24.271, 292.29, 100, 74232, 70
2026/07/30 00:12:25.309, 295.01, 100, 74232, 70
2026/07/30 00:12:26.346, 297.34, 100, 74232, 70
2026/07/30 00:12:27.383, 303.26, 100, 74232, 70
2026/07/30 00:12:28.421, 302.89, 100, 74232, 70
2026/07/30 00:12:29.462, 299.88, 100, 74232, 70
2026/07/30 00:12:30.500, 300.26, 100, 74232, 70
2026/07/30 00:12:31.538, 302.82, 100, 74232, 70
2026/07/30 00:12:32.574, 302.33, 100, 74232, 70
2026/07/30 00:12:33.611, 300.57, 100, 74232, 70
2026/07/30 00:12:34.648, 294.93, 100, 74232, 70
2026/07/30 00:12:35.688, 287.19, 100, 74232, 70
2026/07/30 00:12:36.725, 295.60, 100, 74232, 70
2026/07/30 00:12:37.763, 289.67, 100, 74232, 70
2026/07/30 00:12:38.803, 294.13, 100, 74232, 70
2026/07/30 00:12:39.840, 292.67, 100, 74232, 70
2026/07/30 00:12:40.877, 296.58, 100, 74232, 70
2026/07/30 00:12:41.914, 301.53, 100, 74232, 70
2026/07/30 00:12:42.951, 298.80, 100, 74232, 70
2026/07/30 00:12:43.988, 299.09, 100, 74232, 70
2026/07/30 00:12:45.024, 304.08, 100, 74232, 70
2026/07/30 00:12:46.062, 304.28, 100, 74232, 70
2026/07/30 00:12:47.099, 297.56, 100, 74232, 70
2026/07/30 00:12:48.139, 296.17, 100, 74232, 70
2026/07/30 00:12:49.175, 294.61, 100, 74232, 70
2026/07/30 00:12:50.213, 288.77, 100, 74232, 70
2026/07/30 00:12:51.251, 288.96, 100, 74232, 70
2026/07/30 00:12:52.292, 291.78, 100, 74232, 70
2026/07/30 00:12:53.329, 297.34, 100, 74232, 70
2026/07/30 00:12:54.367, 301.54, 100, 74232, 70
2026/07/30 00:12:55.405, 303.38, 100, 74232, 70
2026/07/30 00:12:56.442, 302.87, 100, 74232, 70
2026/07/30 00:12:57.480, 302.41, 100, 74232, 70
2026/07/30 00:12:58.520, 301.82, 100, 74232, 70
2026/07/30 00:12:59.557, 302.12, 100, 74232, 70
2026/07/30 00:13:00.595, 300.66, 100, 74232, 70
2026/07/30 00:13:01.633, 298.12, 100, 74232, 70
2026/07/30 00:13:02.670, 303.28, 100, 74232, 70
2026/07/30 00:13:03.709, 302.61, 100, 74232, 70
2026/07/30 00:13:04.746, 300.85, 100, 74232, 70
2026/07/30 00:13:05.783, 302.30, 100, 74232, 70
2026/07/30 00:13:06.822, 301.23, 100, 74232, 70
2026/07/30 00:13:07.860, 300.92, 100, 74232, 70
2026/07/30 00:13:08.899, 296.84, 100, 74232, 70
2026/07/30 00:13:09.937, 300.36, 100, 74232, 70
2026/07/30 00:13:10.974, 299.98, 100, 74232, 70
2026/07/30 00:13:12.010, 307.77, 51, 74232, 71
2026/07/30 00:13:13.046, 300.45, 100, 74232, 72
2026/07/30 00:13:14.082, 288.11, 100, 74232, 71
2026/07/30 00:13:15.118, 311.32, 100, 74232, 71
2026/07/30 00:13:16.160, 289.78, 100, 74232, 71
2026/07/30 00:13:17.196, 301.25, 100, 74232, 70
2026/07/30 00:13:18.234, 300.39, 100, 74232, 70
2026/07/30 00:13:19.272, 298.14, 100, 74232, 70
2026/07/30 00:13:20.312, 302.33, 100, 74232, 70
2026/07/30 00:13:21.348, 301.05, 100, 74232, 70
2026/07/30 00:13:22.386, 104.77, 70, 74232, 68
2026/07/30 00:13:23.418, 296.51, 100, 74232, 72
2026/07/30 00:13:24.451, 276.74, 100, 74232, 72
2026/07/30 00:13:25.489, 296.69, 100, 74232, 72
2026/07/30 00:13:26.526, 322.65, 100, 74232, 72
2026/07/30 00:13:27.561, 316.22, 100, 74232, 72
2026/07/30 00:13:28.598, 303.09, 100, 74232, 70
2026/07/30 00:13:29.635, 299.88, 100, 74232, 70
2026/07/30 00:13:30.672, 302.89, 100, 74232, 70
2026/07/30 00:13:31.710, 293.53, 100, 74232, 70
2026/07/30 00:13:32.747, 294.23, 100, 74232, 70
2026/07/30 00:13:33.785, 297.36, 100, 74232, 70
2026/07/30 00:13:34.823, 295.22, 100, 74232, 70
2026/07/30 00:13:35.861, 297.15, 100, 74232, 70
2026/07/30 00:13:36.899, 291.42, 100, 74232, 70
2026/07/30 00:13:37.936, 303.29, 100, 74232, 71
2026/07/30 00:13:38.974, 304.55, 100, 74232, 71
2026/07/30 00:13:40.018, 303.30, 100, 74232, 70
2026/07/30 00:13:41.056, 291.99, 100, 74232, 70
2026/07/30 00:13:42.094, 300.56, 100, 74232, 70
2026/07/30 00:13:43.132, 295.60, 100, 74232, 70
2026/07/30 00:13:44.169, 304.26, 100, 74232, 70
2026/07/30 00:13:45.207, 301.05, 100, 74232, 70
2026/07/30 00:13:46.244, 304.75, 100, 74232, 70
2026/07/30 00:13:47.283, 302.13, 100, 74232, 70
2026/07/30 00:13:48.320, 297.36, 100, 74232, 70
2026/07/30 00:13:49.361, 295.57, 100, 74232, 70
2026/07/30 00:13:50.399, 297.54, 100, 74232, 70
2026/07/30 00:13:51.436, 296.56, 100, 74232, 70
2026/07/30 00:13:52.474, 293.93, 100, 74232, 70
2026/07/30 00:13:53.510, 297.74, 100, 74232, 70
2026/07/30 00:13:54.548, 292.58, 100, 74232, 72
2026/07/30 00:13:55.584, 289.64, 100, 74232, 72
2026/07/30 00:13:56.620, 301.07, 100, 74232, 72
2026/07/30 00:13:57.659, 294.54, 100, 74232, 72
2026/07/30 00:13:58.695, 312.89, 100, 74232, 72
2026/07/30 00:13:59.731, 245.32, 100, 74232, 70
2026/07/30 00:14:00.768, 300.27, 100, 74232, 70
2026/07/30 00:14:01.806, 298.03, 100, 74232, 70
2026/07/30 00:14:02.843, 290.73, 100, 74232, 70
2026/07/30 00:14:03.881, 287.88, 100, 74232, 70
2026/07/30 00:14:04.923, 290.61, 100, 74232, 70
2026/07/30 00:14:05.961, 292.86, 100, 74232, 70
2026/07/30 00:14:06.999, 292.18, 100, 74232, 70
2026/07/30 00:14:08.045, 294.43, 100, 74232, 70
2026/07/30 00:14:09.083, 292.00, 100, 74232, 71
2026/07/30 00:14:10.121, 296.17, 100, 74232, 70
2026/07/30 00:14:11.158, 297.56, 100, 74232, 70
2026/07/30 00:14:12.195, 293.27, 100, 74232, 71
2026/07/30 00:14:13.233, 297.52, 100, 74232, 70
2026/07/30 00:14:14.271, 293.17, 100, 74232, 70
2026/07/30 00:14:15.308, 297.05, 100, 74232, 70
2026/07/30 00:14:16.348, 304.95, 100, 74232, 70
2026/07/30 00:14:17.384, 297.45, 100, 74232, 70
2026/07/30 00:14:18.421, 302.90, 100, 74232, 70
2026/07/30 00:14:19.458, 304.38, 100, 74232, 70
2026/07/30 00:14:20.496, 302.86, 100, 74232, 70
2026/07/30 00:14:21.534, 305.26, 100, 74232, 70
2026/07/30 00:14:22.573, 299.10, 100, 74232, 70
2026/07/30 00:14:23.610, 303.68, 100, 74232, 70
2026/07/30 00:14:24.652, 298.43, 100, 74232, 70
2026/07/30 00:14:25.689, 290.44, 100, 74232, 70
2026/07/30 00:14:26.726, 300.66, 100, 74232, 70
2026/07/30 00:14:27.766, 294.21, 100, 74232, 70
2026/07/30 00:14:28.802, 302.61, 100, 74232, 70
2026/07/30 00:14:29.839, 306.42, 100, 74232, 70
2026/07/30 00:14:30.877, 298.22, 100, 74232, 70
2026/07/30 00:14:31.915, 299.71, 100, 74232, 70
2026/07/30 00:14:32.954, 293.54, 100, 74232, 70
2026/07/30 00:14:33.992, 299.80, 100, 74232, 70
2026/07/30 00:14:35.033, 99.06, 100, 74232, 70
2026/07/30 00:14:36.068, 302.90, 100, 74232, 72
2026/07/30 00:14:37.102, 288.76, 100, 74232, 72
2026/07/30 00:14:38.138, 306.68, 100, 74232, 72
2026/07/30 00:14:39.175, 298.70, 100, 74232, 72
2026/07/30 00:14:40.215, 291.77, 100, 74232, 72
2026/07/30 00:14:41.251, 276.17, 100, 74232, 70
2026/07/30 00:14:42.290, 285.85, 100, 74232, 70
2026/07/30 00:14:43.327, 289.74, 100, 74232, 70
2026/07/30 00:14:44.363, 295.88, 100, 74232, 70
2026/07/30 00:14:45.401, 291.11, 100, 74232, 70
2026/07/30 00:14:46.438, 300.27, 100, 74232, 70
2026/07/30 00:14:47.476, 299.95, 26, 74232, 71
2026/07/30 00:14:48.515, 298.21, 100, 74232, 72
2026/07/30 00:14:49.551, 286.91, 100, 74232, 72
2026/07/30 00:14:50.588, 302.03, 100, 74232, 72
2026/07/30 00:14:51.622, 309.60, 100, 74232, 72
2026/07/30 00:14:52.658, 276.18, 100, 74232, 72
2026/07/30 00:14:53.700, 301.15, 100, 74232, 70
2026/07/30 00:14:54.737, 296.86, 100, 74232, 70
2026/07/30 00:14:55.776, 291.21, 100, 74232, 70
2026/07/30 00:14:56.813, 93.85, 100, 74232, 68
2026/07/30 00:14:57.844, 294.91, 100, 74232, 72
2026/07/30 00:14:58.880, 290.33, 100, 74232, 72
2026/07/30 00:14:59.916, 281.95, 100, 74232, 72
2026/07/30 00:15:00.951, 316.92, 100, 74232, 72
2026/07/30 00:15:01.986, 317.01, 100, 74232, 72
2026/07/30 00:15:03.021, 298.11, 100, 74232, 72
2026/07/30 00:15:04.059, 297.14, 100, 74232, 71
2026/07/30 00:15:05.096, 301.34, 100, 74232, 71
2026/07/30 00:15:06.132, 308.83, 100, 74232, 71
2026/07/30 00:15:07.169, 96.63, 0, 74232, 68
2026/07/30 00:15:08.202, 293.76, 100, 74232, 72
2026/07/30 00:15:09.239, 312.82, 100, 74232, 72
2026/07/30 00:15:10.274, 281.04, 100, 74232, 72
2026/07/30 00:15:11.311, 289.58, 100, 74232, 73
2026/07/30 00:15:12.347, 303.85, 100, 74232, 72
2026/07/30 00:15:13.383, 280.07, 100, 74232, 72
2026/07/30 00:15:14.420, 299.10, 100, 74232, 71
2026/07/30 00:15:15.457, 293.75, 100, 74232, 71
2026/07/30 00:15:16.494, 293.93, 100, 74232, 71
2026/07/30 00:15:17.531, 304.85, 100, 74232, 71
2026/07/30 00:15:18.563, 301.31, 64, 74232, 72
2026/07/30 00:15:19.599, 298.91, 100, 74232, 72
2026/07/30 00:15:20.634, 296.75, 100, 74232, 73
2026/07/30 00:15:21.669, 298.67, 100, 74232, 73
2026/07/30 00:15:22.711, 288.51, 100, 74232, 73
2026/07/30 00:15:23.746, 305.67, 100, 74232, 73
2026/07/30 00:15:24.781, 271.36, 100, 74232, 73
2026/07/30 00:15:25.822, 301.24, 100, 74232, 71
2026/07/30 00:15:26.859, 304.70, 100, 74232, 71
2026/07/30 00:15:27.897, 305.33, 100, 74232, 71
2026/07/30 00:15:28.934, 308.73, 100, 74232, 71
2026/07/30 00:15:29.971, 304.74, 100, 74232, 71
2026/07/30 00:15:31.008, 305.75, 100, 74232, 71
2026/07/30 00:15:32.048, 306.31, 100, 74232, 71
2026/07/30 00:15:33.085, 300.07, 100, 74232, 71
2026/07/30 00:15:34.121, 301.62, 100, 74232, 71
2026/07/30 00:15:35.158, 308.24, 100, 74232, 71
2026/07/30 00:15:36.195, 296.65, 100, 74232, 71
2026/07/30 00:15:37.236, 299.20, 100, 74232, 71
2026/07/30 00:15:38.275, 292.37, 100, 74232, 71
2026/07/30 00:15:39.310, 299.49, 56, 74232, 72
2026/07/30 00:15:40.345, 304.93, 100, 74232, 72
2026/07/30 00:15:41.380, 314.37, 100, 74232, 72
2026/07/30 00:15:42.414, 319.91, 100, 74232, 72
2026/07/30 00:15:43.451, 292.70, 100, 74232, 73
2026/07/30 00:15:44.489, 322.40, 100, 74232, 72
2026/07/30 00:15:45.525, 318.83, 100, 74232, 72
2026/07/30 00:15:46.564, 305.36, 100, 74232, 71
2026/07/30 00:15:47.602, 303.20, 100, 74232, 71
2026/07/30 00:15:48.638, 301.64, 100, 74232, 71
2026/07/30 00:15:49.675, 95.34, 0, 74232, 68
2026/07/30 00:15:50.778, 93.74, 0, 74232, 67
2026/07/30 00:15:51.808, 92.61, 0, 74232, 66
2026/07/30 00:15:52.837, 93.45, 0, 74232, 65
2026/07/30 00:15:53.868, 91.97, 0, 74232, 65
2026/07/30 00:15:54.900, 92.27, 0, 74232, 64
2026/07/30 00:15:55.930, 91.53, 0, 74232, 64
2026/07/30 00:15:56.961, 91.00, 0, 74232, 63
2026/07/30 00:15:57.993, 90.51, 0, 74232, 63
2026/07/30 00:15:59.024, 89.16, 0, 74232, 63
2026/07/30 00:16:00.057, 88.66, 0, 74232, 62
2026/07/30 00:16:01.091, 89.09, 0, 74232, 62
2026/07/30 00:16:02.122, 89.03, 0, 74232, 62
2026/07/30 00:16:03.151, 87.35, 0, 74232, 61
2026/07/30 00:16:04.218, 86.83, 0, 74232, 61
2026/07/30 00:16:05.248, 86.48, 0, 74232, 60
2026/07/30 00:16:06.279, 86.38, 0, 74232, 60
2026/07/30 00:16:07.312, 85.89, 0, 74232, 60
2026/07/30 00:16:08.344, 86.38, 0, 74232, 59
2026/07/30 00:16:09.374, 85.33, 0, 74232, 59
2026/07/30 00:16:10.403, 84.87, 0, 74232, 59
2026/07/30 00:16:11.432, 84.54, 0, 74232, 58
2026/07/30 00:16:12.460, 85.43, 0, 74232, 58
2026/07/30 00:16:13.492, 83.83, 0, 74232, 58
2026/07/30 00:16:14.524, 330.70, 0, 74232, 61
2026/07/30 00:16:15.558, 296.73, 100, 74232, 63
2026/07/30 00:16:16.591, 294.99, 100, 74232, 64
2026/07/30 00:16:17.624, 309.97, 100, 74232, 64
2026/07/30 00:16:18.657, 293.43, 100, 74232, 64
2026/07/30 00:16:19.691, 282.32, 100, 74232, 62
2026/07/30 00:16:20.727, 296.08, 100, 74232, 63
2026/07/30 00:16:21.766, 308.44, 100, 74232, 63
2026/07/30 00:16:22.802, 296.56, 100, 74232, 63
2026/07/30 00:16:23.842, 298.85, 100, 74232, 63
2026/07/30 00:16:24.879, 290.69, 100, 74232, 64
2026/07/30 00:16:25.919, 298.22, 100, 74232, 64
2026/07/30 00:16:26.955, 303.30, 100, 74232, 64
2026/07/30 00:16:27.995, 296.57, 100, 74232, 64
2026/07/30 00:16:29.032, 296.68, 100, 74232, 64
2026/07/30 00:16:30.068, 299.07, 100, 74232, 66
2026/07/30 00:16:31.104, 291.77, 100, 74232, 67
2026/07/30 00:16:32.140, 303.72, 100, 74232, 67
2026/07/30 00:16:33.175, 287.12, 100, 74232, 67
2026/07/30 00:16:34.213, 240.91, 100, 74232, 65
2026/07/30 00:16:35.251, 298.05, 100, 74232, 65
2026/07/30 00:16:36.290, 301.99, 100, 74232, 65
2026/07/30 00:16:37.330, 289.18, 100, 74232, 66
2026/07/30 00:16:38.367, 301.12, 100, 74232, 66
2026/07/30 00:16:39.407, 391.19, 100, 74232, 68
2026/07/30 00:16:40.443, 290.04, 100, 74232, 68
2026/07/30 00:16:41.479, 294.29, 100, 74232, 68
2026/07/30 00:16:42.514, 301.27, 100, 74232, 68
2026/07/30 00:16:43.548, 287.51, 100, 74232, 68
2026/07/30 00:16:44.584, 306.88, 100, 74232, 67
2026/07/30 00:16:45.622, 296.09, 100, 74232, 67
2026/07/30 00:16:46.660, 304.06, 100, 74232, 67
2026/07/30 00:16:47.697, 302.69, 100, 74232, 69
2026/07/30 00:16:48.732, 292.20, 100, 74232, 69
2026/07/30 00:16:49.765, 315.92, 100, 74232, 69
2026/07/30 00:16:50.806, 288.12, 100, 74232, 69
2026/07/30 00:16:51.839, 266.43, 100, 74232, 69
2026/07/30 00:16:52.874, 297.05, 100, 74232, 68
2026/07/30 00:16:53.911, 301.24, 100, 74232, 68
2026/07/30 00:16:54.947, 304.14, 100, 74232, 68
2026/07/30 00:16:55.985, 303.56, 100, 74232, 68
2026/07/30 00:16:57.021, 295.90, 100, 74232, 68
2026/07/30 00:16:58.060, 304.07, 100, 74232, 68
2026/07/30 00:16:59.097, 302.10, 100, 74232, 68
2026/07/30 00:17:00.135, 279.37, 100, 74232, 70
2026/07/30 00:17:01.171, 298.99, 100, 74232, 70
2026/07/30 00:17:02.212, 291.86, 100, 74232, 70
2026/07/30 00:17:03.246, 298.60, 100, 74232, 70
2026/07/30 00:17:04.283, 293.57, 100, 74232, 70
2026/07/30 00:17:05.321, 303.58, 100, 74232, 69
2026/07/30 00:17:06.358, 303.00, 100, 74232, 69
2026/07/30 00:17:07.396, 296.94, 100, 74232, 69
2026/07/30 00:17:08.433, 297.93, 100, 74232, 69
2026/07/30 00:17:09.473, 303.01, 100, 74232, 69
2026/07/30 00:17:10.511, 290.41, 100, 74232, 69
2026/07/30 00:17:11.549, 270.91, 100, 74232, 70
2026/07/30 00:17:12.583, 313.67, 100, 74232, 71
2026/07/30 00:17:13.619, 295.99, 100, 74232, 71
2026/07/30 00:17:14.653, 305.80, 100, 74232, 71
2026/07/30 00:17:15.689, 273.07, 100, 74232, 71
2026/07/30 00:17:16.724, 285.38, 100, 74232, 69
2026/07/30 00:17:17.764, 287.98, 100, 74232, 69
2026/07/30 00:17:18.801, 302.59, 100, 74232, 69
2026/07/30 00:17:19.838, 313.09, 100, 74232, 70
2026/07/30 00:17:20.874, 295.42, 100, 74232, 71
2026/07/30 00:17:21.910, 311.09, 100, 74232, 71
2026/07/30 00:17:22.944, 292.66, 100, 74232, 71
2026/07/30 00:17:23.977, 312.82, 100, 74232, 71
2026/07/30 00:17:25.011, 306.32, 100, 74232, 71
2026/07/30 00:17:26.047, 294.04, 100, 74232, 69
2026/07/30 00:17:27.085, 293.53, 100, 74232, 69
2026/07/30 00:17:28.123, 298.12, 100, 74232, 69
2026/07/30 00:17:29.161, 310.99, 100, 74232, 70
2026/07/30 00:17:30.199, 293.23, 100, 74232, 70
2026/07/30 00:17:31.238, 291.99, 100, 74232, 70
2026/07/30 00:17:32.274, 302.02, 100, 74232, 70
2026/07/30 00:17:33.312, 304.45, 100, 74232, 70
2026/07/30 00:17:34.349, 292.87, 100, 74232, 70
2026/07/30 00:17:35.387, 294.43, 100, 74232, 71
2026/07/30 00:17:36.422, 295.60, 100, 74232, 71
2026/07/30 00:17:37.458, 297.32, 100, 74232, 72
2026/07/30 00:17:38.495, 299.34, 100, 74232, 72
2026/07/30 00:17:39.531, 300.45, 100, 74232, 71
2026/07/30 00:17:40.568, 300.88, 100, 74232, 71
2026/07/30 00:17:41.610, 294.22, 100, 74232, 70
2026/07/30 00:17:42.647, 296.36, 100, 74232, 70
2026/07/30 00:17:43.684, 297.36, 100, 74232, 72
2026/07/30 00:17:44.719, 298.33, 100, 74232, 71
2026/07/30 00:17:45.758, 300.96, 100, 74232, 72
2026/07/30 00:17:46.793, 283.78, 100, 74232, 71
2026/07/30 00:17:47.829, 281.70, 100, 74232, 72
2026/07/30 00:17:48.865, 308.38, 100, 74232, 72
2026/07/30 00:17:49.900, 292.45, 100, 74232, 70
2026/07/30 00:17:50.938, 301.53, 100, 74232, 70
2026/07/30 00:17:51.976, 302.80, 100, 74232, 70
2026/07/30 00:17:53.012, 296.08, 100, 74232, 70
2026/07/30 00:17:54.050, 305.54, 100, 74232, 70
2026/07/30 00:17:55.088, 290.91, 100, 74232, 70
2026/07/30 00:17:56.125, 299.40, 100, 74232, 70
2026/07/30 00:17:57.162, 297.84, 100, 74232, 70
2026/07/30 00:17:58.199, 295.10, 100, 74232, 71
2026/07/30 00:17:59.240, 295.88, 100, 74232, 71
2026/07/30 00:18:00.277, 297.53, 100, 74232, 71
2026/07/30 00:18:01.316, 294.33, 100, 74232, 71
2026/07/30 00:18:02.353, 295.40, 100, 74232, 71
2026/07/30 00:18:03.391, 304.48, 100, 74232, 71
2026/07/30 00:18:04.428, 302.71, 100, 74232, 71
2026/07/30 00:18:05.465, 295.12, 100, 74232, 71
2026/07/30 00:18:06.502, 297.47, 100, 74232, 71
2026/07/30 00:18:07.540, 295.68, 100, 74232, 71
2026/07/30 00:18:08.578, 298.31, 100, 74232, 71
2026/07/30 00:18:09.616, 298.33, 100, 74232, 70
2026/07/30 00:18:10.655, 295.69, 100, 74232, 71
2026/07/30 00:18:11.692, 298.22, 100, 74232, 70
2026/07/30 00:18:12.733, 299.77, 100, 74232, 70
2026/07/30 00:18:13.771, 295.78, 100, 74232, 71
2026/07/30 00:18:14.808, 297.44, 100, 74232, 70
2026/07/30 00:18:15.852, 297.74, 100, 74232, 70
2026/07/30 00:18:16.890, 299.48, 100, 74232, 70
2026/07/30 00:18:17.927, 297.65, 100, 74232, 70
2026/07/30 00:18:18.966, 297.55, 100, 74232, 70
2026/07/30 00:18:20.003, 296.08, 100, 74232, 70
2026/07/30 00:18:21.043, 297.36, 100, 74232, 70
2026/07/30 00:18:22.081, 297.44, 100, 74232, 70
2026/07/30 00:18:23.118, 302.32, 100, 74232, 70
2026/07/30 00:18:24.156, 307.78, 100, 74232, 70
2026/07/30 00:18:25.194, 293.75, 99, 74232, 71
2026/07/30 00:18:26.230, 302.07, 100, 74232, 72
2026/07/30 00:18:27.265, 291.13, 100, 74232, 72
2026/07/30 00:18:28.305, 287.42, 100, 74232, 72
2026/07/30 00:18:29.340, 325.16, 100, 74232, 72
2026/07/30 00:18:30.377, 287.50, 100, 74232, 72
2026/07/30 00:18:31.417, 303.97, 100, 74232, 70
2026/07/30 00:18:32.454, 307.00, 100, 74232, 70
2026/07/30 00:18:33.492, 300.66, 100, 74232, 70
2026/07/30 00:18:34.528, 297.10, 100, 74232, 72
2026/07/30 00:18:35.564, 275.92, 100, 74232, 72
2026/07/30 00:18:36.599, 305.95, 100, 74232, 72
2026/07/30 00:18:37.634, 317.82, 100, 74232, 72
2026/07/30 00:18:38.670, 291.61, 100, 74232, 72
2026/07/30 00:18:39.705, 320.30, 100, 74232, 72
2026/07/30 00:18:40.740, 304.56, 100, 74232, 71
2026/07/30 00:18:41.778, 304.97, 100, 74232, 71
2026/07/30 00:18:42.815, 303.28, 100, 74232, 71
2026/07/30 00:18:43.852, 304.06, 100, 74232, 71
2026/07/30 00:18:44.890, 303.89, 100, 74232, 71
2026/07/30 00:18:45.928, 302.80, 100, 74232, 71
2026/07/30 00:18:46.965, 351.71, 65, 74232, 72
2026/07/30 00:18:48.004, 286.62, 100, 74232, 72
2026/07/30 00:18:49.040, 298.01, 100, 74232, 72
2026/07/30 00:18:50.077, 292.08, 100, 74232, 72
2026/07/30 00:18:51.112, 311.22, 100, 74232, 72
2026/07/30 00:18:52.148, 301.48, 100, 74232, 72
2026/07/30 00:18:53.184, 297.13, 100, 74232, 72
2026/07/30 00:18:54.221, 303.66, 100, 74232, 71
2026/07/30 00:18:55.260, 290.54, 100, 74232, 70
2026/07/30 00:18:56.300, 284.07, 86, 74232, 72
2026/07/30 00:18:57.337, 286.98, 100, 74232, 72
2026/07/30 00:18:58.374, 302.44, 100, 74232, 72
2026/07/30 00:18:59.410, 295.60, 100, 74232, 72
2026/07/30 00:19:00.445, 304.98, 100, 74232, 73
2026/07/30 00:19:01.481, 290.73, 100, 74232, 72
2026/07/30 00:19:02.523, 286.00, 100, 74232, 73
2026/07/30 00:19:03.560, 299.08, 100, 74232, 71
2026/07/30 00:19:04.597, 298.62, 100, 74232, 71
2026/07/30 00:19:05.635, 298.52, 100, 74232, 71
2026/07/30 00:19:06.673, 298.42, 100, 74232, 71
2026/07/30 00:19:07.710, 302.96, 100, 74232, 71
2026/07/30 00:19:08.748, 305.71, 100, 74232, 71
2026/07/30 00:19:09.785, 298.51, 100, 74232, 71
2026/07/30 00:19:10.824, 296.08, 100, 74232, 71
2026/07/30 00:19:11.864, 297.24, 100, 74232, 71
2026/07/30 00:19:12.908, 301.74, 100, 74232, 71
2026/07/30 00:19:13.946, 305.52, 100, 74232, 71
2026/07/30 00:19:14.984, 294.46, 100, 74232, 71
2026/07/30 00:19:16.022, 298.29, 100, 74232, 71
2026/07/30 00:19:17.060, 304.42, 100, 74232, 71
2026/07/30 00:19:18.098, 306.61, 100, 74232, 71
2026/07/30 00:19:19.135, 298.99, 100, 74232, 71
2026/07/30 00:19:20.173, 300.21, 100, 74232, 71
2026/07/30 00:19:21.210, 296.96, 100, 74232, 71
2026/07/30 00:19:22.247, 296.67, 100, 74232, 71
2026/07/30 00:19:23.286, 298.22, 100, 74232, 71
2026/07/30 00:19:24.323, 302.14, 100, 74232, 71
2026/07/30 00:19:25.361, 296.18, 100, 74232, 71
2026/07/30 00:19:26.398, 296.47, 100, 74232, 71
2026/07/30 00:19:27.440, 297.73, 100, 74232, 71
2026/07/30 00:19:28.477, 292.79, 100, 74232, 71
2026/07/30 00:19:29.515, 304.30, 100, 74232, 71
2026/07/30 00:19:30.553, 296.58, 100, 74232, 71
2026/07/30 00:19:31.591, 300.95, 100, 74232, 70
2026/07/30 00:19:32.629, 297.83, 100, 74232, 70
2026/07/30 00:19:33.666, 294.90, 100, 74232, 70
2026/07/30 00:19:34.704, 298.21, 100, 74232, 70
2026/07/30 00:19:35.746, 297.74, 100, 74232, 70
2026/07/30 00:19:36.783, 301.41, 100, 74232, 70
2026/07/30 00:19:37.820, 303.45, 100, 74232, 70
2026/07/30 00:19:38.858, 304.86, 100, 74232, 70
2026/07/30 00:19:39.896, 305.13, 100, 74232, 70
2026/07/30 00:19:40.933, 298.10, 100, 74232, 70
2026/07/30 00:19:41.971, 296.57, 100, 74232, 70
2026/07/30 00:19:43.011, 297.06, 100, 74232, 70
2026/07/30 00:19:44.048, 294.26, 100, 74232, 70
2026/07/30 00:19:45.085, 303.07, 100, 74232, 70
2026/07/30 00:19:46.123, 303.07, 100, 74232, 70
2026/07/30 00:19:47.161, 303.39, 100, 74232, 70
2026/07/30 00:19:48.198, 292.18, 100, 74232, 70
2026/07/30 00:19:49.237, 295.80, 100, 74232, 70
2026/07/30 00:19:50.274, 297.45, 100, 74232, 70
2026/07/30 00:19:51.314, 303.30, 100, 74232, 70
2026/07/30 00:19:52.352, 295.38, 100, 74232, 70
2026/07/30 00:19:53.390, 300.36, 100, 74232, 72
2026/07/30 00:19:54.426, 301.63, 100, 74232, 70
2026/07/30 00:19:55.464, 304.57, 100, 74232, 70
2026/07/30 00:19:56.503, 296.66, 100, 74232, 70
2026/07/30 00:19:57.540, 295.69, 100, 74232, 70
2026/07/30 00:19:58.578, 295.42, 100, 74232, 70
2026/07/30 00:19:59.616, 296.48, 100, 74232, 70
2026/07/30 00:20:00.653, 292.71, 100, 74232, 70
2026/07/30 00:20:01.690, 293.25, 100, 74232, 70
2026/07/30 00:20:02.727, 304.83, 100, 74232, 70
2026/07/30 00:20:03.763, 291.32, 100, 74232, 70
2026/07/30 00:20:04.800, 299.51, 100, 74232, 70
2026/07/30 00:20:05.838, 296.56, 100, 74232, 70
2026/07/30 00:20:06.875, 295.40, 100, 74232, 70
2026/07/30 00:20:07.913, 292.27, 100, 74232, 70
2026/07/30 00:20:08.952, 295.30, 100, 74232, 70
2026/07/30 00:20:09.989, 303.30, 100, 74232, 70
2026/07/30 00:20:11.025, 295.69, 100, 74232, 70
2026/07/30 00:20:12.064, 301.74, 100, 74232, 70
2026/07/30 00:20:13.102, 302.12, 100, 74232, 70
2026/07/30 00:20:14.143, 298.14, 100, 74232, 70
2026/07/30 00:20:15.180, 303.60, 100, 74232, 70
2026/07/30 00:20:16.218, 298.61, 100, 74232, 70
2026/07/30 00:20:17.255, 303.89, 100, 74232, 70
2026/07/30 00:20:18.292, 298.83, 100, 74232, 70
2026/07/30 00:20:19.333, 296.85, 100, 74232, 70
2026/07/30 00:20:20.370, 300.09, 100, 74232, 70
2026/07/30 00:20:21.409, 298.91, 100, 74232, 70
2026/07/30 00:20:22.447, 302.12, 100, 74232, 70
2026/07/30 00:20:23.485, 299.01, 100, 74232, 70
2026/07/30 00:20:24.522, 300.19, 100, 74232, 70
2026/07/30 00:20:25.559, 302.66, 100, 74232, 70
2026/07/30 00:20:26.596, 294.91, 100, 74232, 69
2026/07/30 00:20:27.634, 298.32, 100, 74232, 69
2026/07/30 00:20:28.675, 306.90, 100, 74232, 69
2026/07/30 00:20:29.716, 302.80, 100, 74232, 69
2026/07/30 00:20:30.754, 297.06, 100, 74232, 69
2026/07/30 00:20:31.796, 298.42, 100, 74232, 69
2026/07/30 00:20:32.834, 305.60, 100, 74232, 69
2026/07/30 00:20:33.871, 298.53, 100, 74232, 69
2026/07/30 00:20:34.910, 298.20, 100, 74232, 69
2026/07/30 00:20:35.948, 299.20, 100, 74232, 69
2026/07/30 00:20:36.986, 298.92, 100, 74232, 69
2026/07/30 00:20:38.025, 300.65, 100, 74232, 69
2026/07/30 00:20:39.062, 299.76, 100, 74232, 69
2026/07/30 00:20:40.099, 296.74, 100, 74232, 69
2026/07/30 00:20:41.137, 293.93, 100, 74232, 69
2026/07/30 00:20:42.175, 301.34, 100, 74232, 69
2026/07/30 00:20:43.212, 300.54, 100, 74232, 69
2026/07/30 00:20:44.249, 300.37, 100, 74232, 69
2026/07/30 00:20:45.287, 301.63, 100, 74232, 69
2026/07/30 00:20:46.325, 301.14, 100, 74232, 69
2026/07/30 00:20:47.362, 300.08, 100, 74232, 69
2026/07/30 00:20:48.400, 297.65, 100, 74232, 69
2026/07/30 00:20:49.436, 297.55, 100, 74232, 69
2026/07/30 00:20:50.473, 300.74, 100, 74232, 69
2026/07/30 00:20:51.511, 300.18, 100, 74232, 69
2026/07/30 00:20:52.550, 299.97, 100, 74232, 69
2026/07/30 00:20:53.587, 301.06, 100, 74232, 69
2026/07/30 00:20:54.627, 300.66, 100, 74232, 69
2026/07/30 00:20:55.664, 300.37, 100, 74232, 69
2026/07/30 00:20:56.707, 301.21, 100, 74232, 70
2026/07/30 00:20:57.745, 297.07, 100, 74232, 70
2026/07/30 00:20:58.782, 301.34, 100, 74232, 70
2026/07/30 00:20:59.819, 300.24, 100, 74232, 70
2026/07/30 00:21:00.855, 301.06, 100, 74232, 70
2026/07/30 00:21:01.898, 300.56, 100, 74232, 70
2026/07/30 00:21:02.936, 291.98, 100, 74232, 70
2026/07/30 00:21:03.974, 293.55, 100, 74232, 70
2026/07/30 00:21:05.013, 290.41, 100, 74232, 70
2026/07/30 00:21:06.055, 292.36, 100, 74232, 70
2026/07/30 00:21:07.092, 290.24, 100, 74232, 70
2026/07/30 00:21:08.136, 294.13, 100, 74232, 70
2026/07/30 00:21:09.173, 295.60, 100, 74232, 70
2026/07/30 00:21:10.210, 288.57, 100, 74232, 70
2026/07/30 00:21:11.247, 288.78, 100, 74232, 70
2026/07/30 00:21:12.284, 299.22, 100, 74232, 70
2026/07/30 00:21:13.323, 299.30, 100, 74232, 70
2026/07/30 00:21:14.361, 298.42, 100, 74232, 70
2026/07/30 00:21:15.398, 305.24, 100, 74232, 70
2026/07/30 00:21:16.436, 298.52, 100, 74232, 70
2026/07/30 00:21:17.472, 299.50, 100, 74232, 70
2026/07/30 00:21:18.510, 302.43, 100, 74232, 70
2026/07/30 00:21:19.546, 302.33, 100, 74232, 70
2026/07/30 00:21:20.584, 301.44, 100, 74232, 70
2026/07/30 00:21:21.622, 291.51, 100, 74232, 69
2026/07/30 00:21:22.659, 300.94, 100, 74232, 70
2026/07/30 00:21:23.696, 299.38, 100, 74232, 70
2026/07/30 00:21:24.734, 296.95, 100, 74232, 69
2026/07/30 00:21:25.771, 302.33, 100, 74232, 70
2026/07/30 00:21:26.811, 303.11, 100, 74232, 70
2026/07/30 00:21:27.849, 303.20, 100, 74232, 70
2026/07/30 00:21:28.886, 140.97, 92, 74232, 71
2026/07/30 00:21:29.921, 291.71, 100, 74232, 71
2026/07/30 00:21:30.957, 297.86, 100, 74232, 71
2026/07/30 00:21:31.991, 301.14, 100, 74232, 71
2026/07/30 00:21:33.026, 308.99, 100, 74232, 72
2026/07/30 00:21:34.063, 314.14, 100, 74232, 72
2026/07/30 00:21:35.103, 288.10, 100, 74232, 72
2026/07/30 00:21:36.138, 301.44, 100, 74232, 70
2026/07/30 00:21:37.176, 303.27, 100, 74232, 70
2026/07/30 00:21:38.214, 301.11, 100, 74232, 70
2026/07/30 00:21:39.255, 299.18, 100, 74232, 72
2026/07/30 00:21:40.291, 297.28, 100, 74232, 72
2026/07/30 00:21:41.326, 276.70, 100, 74232, 72
2026/07/30 00:21:42.361, 306.94, 100, 74232, 72
2026/07/30 00:21:43.396, 298.20, 100, 74232, 72
2026/07/30 00:21:44.431, 297.27, 100, 74232, 71
2026/07/30 00:21:45.472, 278.95, 100, 74232, 70
2026/07/30 00:21:46.516, 287.11, 100, 74232, 70
2026/07/30 00:21:47.554, 294.51, 100, 74232, 70
2026/07/30 00:21:48.593, 92.76, 41, 74232, 68
2026/07/30 00:21:49.634, 298.33, 100, 74232, 72
2026/07/30 00:21:50.671, 293.96, 100, 74232, 72
2026/07/30 00:21:51.705, 311.45, 100, 74232, 72
2026/07/30 00:21:52.740, 301.05, 100, 74232, 72
2026/07/30 00:21:53.776, 310.67, 100, 74232, 72
2026/07/30 00:21:54.811, 304.01, 100, 74232, 72
2026/07/30 00:21:55.847, 300.46, 100, 74232, 71
2026/07/30 00:21:56.885, 279.61, 100, 74232, 70
2026/07/30 00:21:57.923, 289.66, 100, 74232, 70
2026/07/30 00:21:58.964, 289.74, 100, 74232, 70
2026/07/30 00:22:00.002, 294.74, 100, 74232, 72
2026/07/30 00:22:01.040, 303.21, 100, 74232, 72
2026/07/30 00:22:02.076, 310.20, 100, 74232, 72
2026/07/30 00:22:03.117, 308.13, 100, 74232, 72
2026/07/30 00:22:04.153, 305.26, 100, 74232, 72
2026/07/30 00:22:05.188, 322.34, 100, 74232, 72
2026/07/30 00:22:06.230, 293.17, 100, 74232, 73
2026/07/30 00:22:07.266, 280.16, 100, 74232, 71
2026/07/30 00:22:08.308, 290.80, 100, 74232, 71
2026/07/30 00:22:09.346, 290.43, 100, 74232, 71
2026/07/30 00:22:10.384, 287.59, 100, 74232, 71
2026/07/30 00:22:11.422, 288.69, 100, 74232, 71
2026/07/30 00:22:12.458, 296.56, 100, 74232, 71
2026/07/30 00:22:13.496, 290.82, 100, 74232, 71
2026/07/30 00:22:14.534, 294.62, 100, 74232, 71
2026/07/30 00:22:15.573, 294.62, 100, 74232, 71
2026/07/30 00:22:16.611, 297.83, 100, 74232, 71
2026/07/30 00:22:17.649, 298.79, 100, 74232, 71
2026/07/30 00:22:18.686, 299.49, 100, 74232, 73
2026/07/30 00:22:19.723, 304.62, 100, 74232, 71
2026/07/30 00:22:20.761, 307.77, 100, 74232, 71
2026/07/30 00:22:21.798, 301.04, 100, 74232, 71
2026/07/30 00:22:22.835, 292.41, 100, 74232, 71
2026/07/30 00:22:23.873, 292.77, 100, 74232, 71
2026/07/30 00:22:24.910, 298.13, 100, 74232, 71
2026/07/30 00:22:25.948, 299.80, 100, 74232, 71
2026/07/30 00:22:26.993, 294.51, 100, 74232, 71
2026/07/30 00:22:28.032, 295.81, 100, 74232, 71
2026/07/30 00:22:29.070, 297.74, 100, 74232, 71
2026/07/30 00:22:30.113, 291.41, 100, 74232, 71
2026/07/30 00:22:31.151, 296.09, 100, 74232, 71
2026/07/30 00:22:32.188, 290.64, 100, 74232, 71
2026/07/30 00:22:33.226, 295.61, 100, 74232, 71
2026/07/30 00:22:34.262, 302.68, 100, 74232, 71
2026/07/30 00:22:35.304, 300.18, 100, 74232, 71
2026/07/30 00:22:36.341, 294.24, 100, 74232, 71
2026/07/30 00:22:37.381, 290.84, 100, 74232, 71
2026/07/30 00:22:38.421, 295.13, 100, 74232, 71
2026/07/30 00:22:39.458, 292.18, 100, 74232, 71
2026/07/30 00:22:40.496, 299.59, 100, 74232, 71
2026/07/30 00:22:41.534, 299.49, 100, 74232, 71
2026/07/30 00:22:42.575, 301.44, 100, 74232, 71
2026/07/30 00:22:43.612, 301.90, 100, 74232, 71
2026/07/30 00:22:44.650, 302.60, 100, 74232, 71
2026/07/30 00:22:45.689, 301.25, 100, 74232, 71
2026/07/30 00:22:46.726, 302.30, 100, 74232, 71
2026/07/30 00:22:47.764, 304.45, 100, 74232, 71
2026/07/30 00:22:48.802, 303.85, 100, 74232, 71
2026/07/30 00:22:49.841, 303.27, 100, 74232, 71
2026/07/30 00:22:50.878, 302.97, 100, 74232, 71
2026/07/30 00:22:51.915, 303.48, 100, 74232, 70
2026/07/30 00:22:52.952, 303.10, 100, 74232, 70
2026/07/30 00:22:53.992, 298.49, 100, 74232, 70
2026/07/30 00:22:55.030, 299.29, 100, 74232, 70
2026/07/30 00:22:56.067, 292.48, 100, 74232, 70
2026/07/30 00:22:57.105, 293.94, 100, 74232, 70
2026/07/30 00:22:58.145, 294.31, 100, 74232, 70
2026/07/30 00:22:59.181, 295.51, 100, 74232, 70
2026/07/30 00:23:00.222, 296.08, 100, 74232, 70
2026/07/30 00:23:01.259, 296.76, 100, 74232, 70
2026/07/30 00:23:02.296, 294.81, 100, 74232, 70
2026/07/30 00:23:03.333, 296.47, 100, 74232, 70
2026/07/30 00:23:04.373, 301.13, 100, 74232, 70
2026/07/30 00:23:05.412, 299.31, 100, 74232, 70
2026/07/30 00:23:06.449, 294.83, 100, 74232, 70
2026/07/30 00:23:07.489, 299.28, 100, 74232, 70
2026/07/30 00:23:08.527, 298.22, 100, 74232, 70
2026/07/30 00:23:09.565, 299.49, 100, 74232, 70
2026/07/30 00:23:10.603, 302.60, 100, 74232, 70
2026/07/30 00:23:11.641, 301.14, 100, 74232, 70
2026/07/30 00:23:12.678, 301.92, 100, 74232, 70
2026/07/30 00:23:13.716, 303.05, 100, 74232, 70
2026/07/30 00:23:14.754, 302.21, 100, 74232, 70
2026/07/30 00:23:15.791, 294.99, 100, 74232, 70
2026/07/30 00:23:16.829, 296.50, 100, 74232, 70
2026/07/30 00:23:17.866, 298.59, 100, 74232, 70
2026/07/30 00:23:18.904, 294.72, 100, 74232, 70
2026/07/30 00:23:19.941, 292.28, 100, 74232, 70
2026/07/30 00:23:20.982, 298.81, 100, 74232, 70
2026/07/30 00:23:22.019, 297.75, 100, 74232, 70
2026/07/30 00:23:23.057, 292.29, 100, 74232, 70
2026/07/30 00:23:24.098, 300.07, 100, 74232, 70
2026/07/30 00:23:25.135, 291.30, 100, 74232, 70
2026/07/30 00:23:26.172, 292.27, 100, 74232, 70
2026/07/30 00:23:27.210, 294.52, 100, 74232, 70
2026/07/30 00:23:28.248, 293.13, 100, 74232, 70
2026/07/30 00:23:29.285, 292.46, 100, 74232, 70
2026/07/30 00:23:30.324, 301.33, 100, 74232, 70
2026/07/30 00:23:31.362, 292.21, 100, 74232, 70
2026/07/30 00:23:32.400, 294.41, 100, 74232, 70
2026/07/30 00:23:33.437, 301.44, 100, 74232, 70
2026/07/30 00:23:34.475, 299.85, 100, 74232, 70
2026/07/30 00:23:35.512, 291.70, 100, 74232, 70
2026/07/30 00:23:36.551, 300.63, 100, 74232, 70
2026/07/30 00:23:37.590, 300.94, 100, 74232, 70
2026/07/30 00:23:38.633, 300.98, 100, 74232, 70
2026/07/30 00:23:39.670, 298.40, 100, 74232, 70
2026/07/30 00:23:40.709, 298.20, 100, 74232, 70
2026/07/30 00:23:41.747, 302.90, 100, 74232, 70
2026/07/30 00:23:42.784, 296.27, 100, 74232, 70
2026/07/30 00:23:43.824, 291.42, 100, 74232, 70
2026/07/30 00:23:44.862, 296.97, 100, 74232, 70
2026/07/30 00:23:45.904, 296.86, 100, 74232, 70
2026/07/30 00:23:46.942, 295.80, 100, 74232, 70
2026/07/30 00:23:47.979, 300.47, 100, 74232, 70
2026/07/30 00:23:49.018, 296.47, 100, 74232, 70
2026/07/30 00:23:50.055, 296.77, 100, 74232, 70
2026/07/30 00:23:51.092, 305.43, 100, 74232, 70
2026/07/30 00:23:52.129, 303.00, 100, 74232, 70
2026/07/30 00:23:53.172, 297.07, 100, 74232, 70
2026/07/30 00:23:54.211, 295.69, 100, 74232, 70
2026/07/30 00:23:55.248, 296.66, 100, 74232, 70
2026/07/30 00:23:56.285, 295.31, 100, 74232, 70
2026/07/30 00:23:57.325, 298.71, 100, 74232, 70
2026/07/30 00:23:58.364, 298.24, 100, 74232, 70
2026/07/30 00:23:59.401, 303.22, 100, 74232, 70
2026/07/30 00:24:00.438, 298.33, 100, 74232, 70
2026/07/30 00:24:01.476, 295.12, 100, 74232, 70
2026/07/30 00:24:02.520, 295.99, 100, 74232, 70
2026/07/30 00:24:03.558, 295.32, 100, 74232, 70
2026/07/30 00:24:04.596, 305.04, 100, 74232, 70
2026/07/30 00:24:05.632, 302.51, 100, 74232, 70
2026/07/30 00:24:06.670, 300.18, 100, 74232, 70
2026/07/30 00:24:07.706, 300.74, 100, 74232, 70
2026/07/30 00:24:08.746, 294.92, 100, 74232, 70
2026/07/30 00:24:09.785, 295.91, 100, 74232, 70
2026/07/30 00:24:10.822, 295.99, 78, 74232, 71
2026/07/30 00:24:11.857, 294.29, 100, 74232, 71
2026/07/30 00:24:12.892, 309.33, 100, 74232, 71
2026/07/30 00:24:13.926, 293.38, 100, 74232, 71
2026/07/30 00:24:14.962, 314.78, 100, 74232, 71
2026/07/30 00:24:16.003, 304.44, 100, 74232, 71
2026/07/30 00:24:17.040, 299.38, 100, 74232, 69
2026/07/30 00:24:18.078, 300.05, 100, 74232, 69
2026/07/30 00:24:19.115, 301.22, 100, 74232, 69
2026/07/30 00:24:20.154, 290.55, 100, 74232, 69
2026/07/30 00:24:21.191, 291.30, 100, 74232, 69
2026/07/30 00:24:22.229, 302.52, 100, 74232, 70
2026/07/30 00:24:23.267, 301.56, 100, 74232, 70
2026/07/30 00:24:24.305, 298.80, 100, 74232, 70
2026/07/30 00:24:25.345, 302.61, 100, 74232, 70
2026/07/30 00:24:26.383, 298.20, 100, 74232, 70
2026/07/30 00:24:27.420, 302.51, 100, 74232, 70
2026/07/30 00:24:28.458, 302.71, 100, 74232, 70
2026/07/30 00:24:29.497, 292.85, 100, 74232, 70
2026/07/30 00:24:30.535, 295.51, 100, 74232, 70
2026/07/30 00:24:31.572, 295.80, 100, 74232, 70
2026/07/30 00:24:32.610, 291.89, 100, 74232, 70
2026/07/30 00:24:33.647, 296.38, 100, 74232, 70
2026/07/30 00:24:34.685, 296.26, 100, 74232, 70
2026/07/30 00:24:35.722, 292.38, 100, 74232, 70
2026/07/30 00:24:36.760, 295.30, 100, 74232, 70
2026/07/30 00:24:37.798, 305.05, 100, 74232, 70
2026/07/30 00:24:38.839, 292.97, 100, 74232, 70
2026/07/30 00:24:39.877, 296.57, 100, 74232, 70
2026/07/30 00:24:40.916, 290.26, 100, 74232, 70
2026/07/30 00:24:41.954, 295.49, 100, 74232, 70
2026/07/30 00:24:42.993, 300.56, 100, 74232, 70
2026/07/30 00:24:44.034, 304.14, 100, 74232, 70
2026/07/30 00:24:45.072, 298.56, 100, 74232, 70
2026/07/30 00:24:46.110, 295.11, 100, 74232, 69
2026/07/30 00:24:47.148, 303.39, 100, 74232, 70
2026/07/30 00:24:48.185, 304.65, 100, 74232, 70
2026/07/30 00:24:49.224, 302.21, 100, 74232, 70
2026/07/30 00:24:50.261, 303.12, 100, 74232, 70
2026/07/30 00:24:51.301, 94.66, 0, 74232, 66
2026/07/30 00:24:52.335, 283.71, 100, 74232, 71
2026/07/30 00:24:53.372, 299.41, 100, 74232, 71
2026/07/30 00:24:54.408, 298.35, 100, 74232, 71
2026/07/30 00:24:55.443, 303.64, 100, 74232, 71
2026/07/30 00:24:56.477, 297.82, 100, 74232, 71
2026/07/30 00:24:57.513, 283.51, 100, 74232, 71
2026/07/30 00:24:58.550, 303.07, 100, 74232, 69
2026/07/30 00:24:59.588, 302.81, 100, 74232, 69
2026/07/30 00:25:00.625, 300.65, 100, 74232, 69
2026/07/30 00:25:01.664, 305.82, 100, 74232, 71
2026/07/30 00:25:02.701, 288.40, 100, 74232, 71
2026/07/30 00:25:03.737, 300.73, 100, 74232, 71
2026/07/30 00:25:04.776, 308.78, 100, 74232, 71
2026/07/30 00:25:05.811, 299.79, 100, 74232, 72
2026/07/30 00:25:06.845, 281.02, 100, 74232, 71
2026/07/30 00:25:07.882, 302.20, 100, 74232, 70
2026/07/30 00:25:08.921, 299.68, 100, 74232, 70
2026/07/30 00:25:09.958, 299.41, 100, 74232, 70
2026/07/30 00:25:10.995, 303.78, 100, 74232, 70
2026/07/30 00:25:12.032, 93.65, 0, 74232, 70
2026/07/30 00:25:13.074, 299.13, 100, 74232, 71
2026/07/30 00:25:14.108, 304.05, 100, 74232, 71
2026/07/30 00:25:15.143, 297.78, 100, 74232, 71
2026/07/30 00:25:16.180, 293.64, 100, 74232, 71
2026/07/30 00:25:17.220, 301.02, 100, 74232, 71
2026/07/30 00:25:18.255, 313.68, 100, 74232, 72
2026/07/30 00:25:19.290, 303.39, 100, 74232, 70
2026/07/30 00:25:20.329, 301.44, 100, 74232, 70
2026/07/30 00:25:21.366, 302.29, 100, 74232, 70
2026/07/30 00:25:22.402, 292.31, 100, 74232, 72
2026/07/30 00:25:23.437, 285.60, 100, 74232, 72
2026/07/30 00:25:24.473, 291.99, 100, 74232, 72
2026/07/30 00:25:25.512, 289.85, 100, 74232, 72
2026/07/30 00:25:26.547, 303.45, 100, 74232, 72
2026/07/30 00:25:27.586, 279.95, 100, 74232, 72
2026/07/30 00:25:28.624, 320.52, 100, 74232, 72
2026/07/30 00:25:29.660, 299.51, 100, 74232, 70
2026/07/30 00:25:30.699, 299.59, 100, 74232, 70
2026/07/30 00:25:31.737, 297.05, 100, 74232, 70
2026/07/30 00:25:32.776, 297.55, 100, 74232, 70
2026/07/30 00:25:33.814, 292.66, 100, 74232, 71
2026/07/30 00:25:34.850, 296.36, 100, 74232, 71
2026/07/30 00:25:35.888, 297.17, 100, 74232, 71
2026/07/30 00:25:36.925, 298.04, 100, 74232, 71
2026/07/30 00:25:37.965, 302.67, 100, 74232, 71
2026/07/30 00:25:39.002, 295.98, 100, 74232, 71
2026/07/30 00:25:40.039, 297.84, 100, 74232, 71
2026/07/30 00:25:41.077, 292.90, 100, 74232, 71
2026/07/30 00:25:42.116, 294.12, 100, 74232, 71
2026/07/30 00:25:43.154, 297.45, 100, 74232, 71
2026/07/30 00:25:44.193, 297.76, 100, 74232, 71
2026/07/30 00:25:45.231, 309.06, 100, 74232, 71
2026/07/30 00:25:46.273, 301.01, 100, 74232, 71
2026/07/30 00:25:47.311, 304.14, 100, 74232, 71
2026/07/30 00:25:48.349, 305.14, 100, 74232, 71
2026/07/30 00:25:49.387, 304.85, 100, 74232, 71
2026/07/30 00:25:50.425, 292.57, 100, 74232, 70
2026/07/30 00:25:51.466, 295.89, 100, 74232, 70
2026/07/30 00:25:52.504, 300.35, 100, 74232, 70
2026/07/30 00:25:53.542, 298.23, 100, 74232, 70
2026/07/30 00:25:54.580, 292.77, 100, 74232, 70
2026/07/30 00:25:55.617, 293.65, 100, 74232, 70
2026/07/30 00:25:56.657, 296.66, 100, 74232, 70
2026/07/30 00:25:57.695, 298.43, 100, 74232, 70
2026/07/30 00:25:58.732, 296.85, 100, 74232, 70
2026/07/30 00:25:59.770, 300.05, 100, 74232, 70
2026/07/30 00:26:00.807, 292.77, 100, 74232, 70
2026/07/30 00:26:01.844, 303.08, 100, 74232, 70
2026/07/30 00:26:02.881, 304.83, 100, 74232, 70
2026/07/30 00:26:03.920, 300.85, 100, 74232, 70
2026/07/30 00:26:04.957, 296.07, 100, 74232, 70
2026/07/30 00:26:05.994, 292.97, 100, 74232, 70
2026/07/30 00:26:07.032, 297.75, 100, 74232, 70
2026/07/30 00:26:08.070, 293.17, 100, 74232, 70
2026/07/30 00:26:09.107, 298.34, 100, 74232, 70
2026/07/30 00:26:10.144, 303.58, 100, 74232, 70
2026/07/30 00:26:11.183, 297.84, 100, 74232, 70
2026/07/30 00:26:12.222, 297.82, 100, 74232, 70
2026/07/30 00:26:13.260, 294.05, 100, 74232, 70
2026/07/30 00:26:14.298, 295.99, 100, 74232, 70
2026/07/30 00:26:15.335, 303.56, 100, 74232, 70
2026/07/30 00:26:16.374, 299.87, 100, 74232, 70
2026/07/30 00:26:17.412, 303.76, 100, 74232, 70
2026/07/30 00:26:18.451, 298.11, 100, 74232, 70
2026/07/30 00:26:19.489, 308.15, 100, 74232, 70
2026/07/30 00:26:20.526, 296.37, 100, 74232, 70
2026/07/30 00:26:21.569, 304.74, 100, 74232, 70
2026/07/30 00:26:22.609, 297.73, 100, 74232, 70
2026/07/30 00:26:23.647, 301.24, 100, 74232, 70
2026/07/30 00:26:24.684, 303.09, 100, 74232, 70
2026/07/30 00:26:25.722, 297.25, 100, 74232, 70
2026/07/30 00:26:26.760, 297.72, 100, 74232, 70
2026/07/30 00:26:27.797, 387.29, 53, 74232, 71
2026/07/30 00:26:28.833, 302.02, 100, 74232, 70
2026/07/30 00:26:29.870, 300.64, 100, 74232, 70
2026/07/30 00:26:30.908, 301.04, 100, 74232, 70
2026/07/30 00:26:31.945, 301.53, 100, 74232, 70
2026/07/30 00:26:32.982, 301.25, 100, 74232, 70
2026/07/30 00:26:34.020, 303.69, 100, 74232, 70
2026/07/30 00:26:35.058, 298.59, 100, 74232, 70
2026/07/30 00:26:36.095, 300.25, 100, 74232, 70
2026/07/30 00:26:37.133, 294.42, 100, 74232, 70
2026/07/30 00:26:38.172, 299.77, 100, 74232, 70
2026/07/30 00:26:39.210, 297.27, 100, 74232, 70
2026/07/30 00:26:40.247, 294.24, 100, 74232, 70
2026/07/30 00:26:41.283, 295.98, 100, 74232, 70
2026/07/30 00:26:42.323, 299.77, 100, 74232, 70
2026/07/30 00:26:43.360, 299.67, 100, 74232, 70
2026/07/30 00:26:44.401, 299.87, 100, 74232, 70
2026/07/30 00:26:45.439, 301.52, 100, 74232, 70
2026/07/30 00:26:46.477, 294.62, 100, 74232, 70
2026/07/30 00:26:47.515, 295.52, 100, 74232, 70
2026/07/30 00:26:48.552, 292.68, 100, 74232, 70
2026/07/30 00:26:49.591, 303.96, 100, 74232, 70
2026/07/30 00:26:50.629, 301.25, 100, 74232, 70
2026/07/30 00:26:51.669, 294.22, 100, 74232, 70
2026/07/30 00:26:52.705, 294.49, 100, 74232, 70
2026/07/30 00:26:53.743, 296.58, 100, 74232, 70
2026/07/30 00:26:54.780, 299.79, 100, 74232, 70
2026/07/30 00:26:55.817, 299.80, 100, 74232, 70
2026/07/30 00:26:56.856, 298.83, 100, 74232, 70
2026/07/30 00:26:57.894, 300.46, 100, 74232, 70
2026/07/30 00:26:58.932, 302.21, 100, 74232, 70
2026/07/30 00:26:59.969, 296.26, 100, 74232, 70
2026/07/30 00:27:01.010, 295.69, 100, 74232, 70
2026/07/30 00:27:02.048, 301.24, 100, 74232, 70
2026/07/30 00:27:03.086, 302.22, 100, 74232, 70
2026/07/30 00:27:04.123, 303.41, 100, 74232, 70
2026/07/30 00:27:05.161, 301.50, 100, 74232, 70
2026/07/30 00:27:06.202, 296.96, 100, 74232, 70
2026/07/30 00:27:07.240, 297.14, 100, 74232, 70
2026/07/30 00:27:08.278, 294.23, 100, 74232, 70
2026/07/30 00:27:09.316, 295.22, 100, 74232, 70
2026/07/30 00:27:10.353, 292.00, 100, 74232, 70
2026/07/30 00:27:11.392, 297.92, 100, 74232, 70
2026/07/30 00:27:12.431, 296.28, 100, 74232, 70
2026/07/30 00:27:13.469, 299.00, 100, 74232, 70
2026/07/30 00:27:14.508, 294.33, 100, 74232, 70
2026/07/30 00:27:15.545, 297.83, 100, 74232, 69
2026/07/30 00:27:16.583, 295.40, 100, 74232, 69
2026/07/30 00:27:17.620, 298.71, 100, 74232, 70
2026/07/30 00:27:18.661, 298.98, 100, 74232, 69
2026/07/30 00:27:19.698, 303.68, 100, 74232, 70
2026/07/30 00:27:20.735, 304.38, 100, 74232, 70
2026/07/30 00:27:21.773, 302.08, 100, 74232, 70
2026/07/30 00:27:22.810, 303.55, 100, 74232, 70
2026/07/30 00:27:23.847, 298.31, 100, 74232, 70
2026/07/30 00:27:24.885, 299.70, 100, 74232, 70
2026/07/30 00:27:25.922, 300.07, 100, 74232, 70
2026/07/30 00:27:26.960, 302.02, 100, 74232, 70
2026/07/30 00:27:27.996, 301.72, 100, 74232, 70
2026/07/30 00:27:29.034, 300.74, 100, 74232, 70
2026/07/30 00:27:30.072, 302.78, 100, 74232, 70
2026/07/30 00:27:31.110, 302.52, 100, 74232, 70
2026/07/30 00:27:32.148, 297.63, 100, 74232, 70
2026/07/30 00:27:33.186, 299.00, 100, 74232, 70
2026/07/30 00:27:34.229, 296.25, 100, 74232, 70
2026/07/30 00:27:35.267, 300.85, 100, 74232, 70
2026/07/30 00:27:36.305, 294.92, 100, 74232, 70
2026/07/30 00:27:37.342, 296.17, 100, 74232, 70
2026/07/30 00:27:38.380, 299.20, 100, 74232, 70
2026/07/30 00:27:39.418, 301.73, 100, 74232, 70
2026/07/30 00:27:40.455, 300.47, 100, 74232, 70
2026/07/30 00:27:41.494, 299.29, 100, 74232, 70
2026/07/30 00:27:42.532, 301.34, 100, 74232, 70
2026/07/30 00:27:43.571, 300.17, 100, 74232, 70
2026/07/30 00:27:44.609, 298.99, 100, 74232, 70
2026/07/30 00:27:45.650, 301.25, 100, 74232, 70
2026/07/30 00:27:46.688, 296.97, 100, 74232, 70
2026/07/30 00:27:47.726, 296.18, 100, 74232, 70
2026/07/30 00:27:48.767, 293.84, 100, 74232, 70
2026/07/30 00:27:49.804, 295.99, 100, 74232, 70
2026/07/30 00:27:50.842, 291.30, 100, 74232, 70
2026/07/30 00:27:51.880, 301.22, 100, 74232, 70
2026/07/30 00:27:52.917, 302.98, 100, 74232, 70
2026/07/30 00:27:53.955, 300.87, 100, 74232, 70
2026/07/30 00:27:54.993, 302.42, 100, 74232, 70
2026/07/30 00:27:56.031, 302.10, 100, 74232, 70
2026/07/30 00:27:57.069, 301.92, 100, 74232, 70
2026/07/30 00:27:58.107, 295.99, 100, 74232, 69
2026/07/30 00:27:59.144, 300.85, 100, 74232, 70
2026/07/30 00:28:00.181, 303.09, 100, 74232, 69
2026/07/30 00:28:01.218, 301.50, 100, 74232, 69
2026/07/30 00:28:02.255, 295.98, 100, 74232, 69
2026/07/30 00:28:03.292, 295.70, 100, 74232, 69
2026/07/30 00:28:04.331, 302.30, 100, 74232, 69
2026/07/30 00:28:05.370, 301.02, 100, 74232, 69
2026/07/30 00:28:06.407, 300.14, 100, 74232, 69
2026/07/30 00:28:07.446, 300.74, 100, 74232, 69
2026/07/30 00:28:08.483, 301.05, 100, 74232, 69
2026/07/30 00:28:09.520, 300.72, 100, 74232, 69
2026/07/30 00:28:10.559, 296.35, 100, 74232, 69
2026/07/30 00:28:11.597, 295.40, 100, 74232, 69
2026/07/30 00:28:12.638, 301.31, 100, 74232, 69
2026/07/30 00:28:13.676, 320.39, 69, 74232, 71
2026/07/30 00:28:14.711, 283.22, 100, 74232, 71
2026/07/30 00:28:15.747, 304.35, 100, 74232, 71
2026/07/30 00:28:16.785, 309.51, 100, 74232, 71
2026/07/30 00:28:17.821, 290.42, 100, 74232, 71
2026/07/30 00:28:18.858, 321.11, 100, 74232, 71
2026/07/30 00:28:19.895, 302.98, 100, 74232, 70
2026/07/30 00:28:20.933, 301.63, 100, 74232, 70
2026/07/30 00:28:21.974, 300.56, 100, 74232, 70
2026/07/30 00:28:23.013, 303.49, 100, 74232, 70
2026/07/30 00:28:24.051, 291.11, 100, 74232, 70
2026/07/30 00:28:25.091, 302.60, 100, 74232, 70
2026/07/30 00:28:26.128, 306.13, 100, 74232, 70
2026/07/30 00:28:27.168, 302.76, 100, 74232, 70
2026/07/30 00:28:28.206, 303.39, 100, 74232, 70
2026/07/30 00:28:29.243, 299.98, 100, 74232, 70
2026/07/30 00:28:30.280, 303.73, 100, 74232, 70
2026/07/30 00:28:31.317, 297.25, 100, 74232, 70
2026/07/30 00:28:32.355, 295.78, 100, 74232, 70
2026/07/30 00:28:33.393, 297.42, 100, 74232, 70
2026/07/30 00:28:34.430, 301.34, 100, 74232, 70
2026/07/30 00:28:35.470, 293.83, 100, 74232, 70
2026/07/30 00:28:36.507, 293.15, 100, 74232, 70
2026/07/30 00:28:37.545, 295.79, 100, 74232, 70
2026/07/30 00:28:38.584, 297.64, 100, 74232, 70
2026/07/30 00:28:39.625, 300.75, 100, 74232, 70
2026/07/30 00:28:40.662, 302.71, 100, 74232, 70
2026/07/30 00:28:41.701, 297.80, 100, 74232, 70
2026/07/30 00:28:42.739, 297.44, 100, 74232, 70
2026/07/30 00:28:43.776, 295.99, 100, 74232, 70
2026/07/30 00:28:44.814, 292.88, 100, 74232, 70
2026/07/30 00:28:45.853, 294.60, 100, 74232, 70
2026/07/30 00:28:46.891, 295.98, 100, 74232, 70
2026/07/30 00:28:47.929, 95.58, 0, 74232, 67
2026/07/30 00:28:48.962, 299.57, 100, 74232, 71
2026/07/30 00:28:49.999, 296.49, 100, 74232, 71
2026/07/30 00:28:51.035, 298.73, 100, 74232, 71
2026/07/30 00:28:52.071, 289.09, 100, 74232, 72
2026/07/30 00:28:53.113, 286.82, 100, 74232, 72
2026/07/30 00:28:54.148, 301.41, 100, 74232, 71
2026/07/30 00:28:55.189, 290.35, 100, 74232, 69
2026/07/30 00:28:56.227, 293.83, 100, 74232, 70
2026/07/30 00:28:57.265, 295.40, 100, 74232, 68
2026/07/30 00:28:58.303, 294.27, 100, 74232, 71
2026/07/30 00:28:59.339, 284.67, 100, 74232, 71
2026/07/30 00:29:00.374, 267.05, 100, 74232, 72
2026/07/30 00:29:01.410, 311.48, 100, 74232, 72
2026/07/30 00:29:02.446, 312.95, 100, 74232, 72
2026/07/30 00:29:03.485, 298.80, 100, 74232, 72
2026/07/30 00:29:04.522, 288.56, 100, 74232, 70
2026/07/30 00:29:05.561, 289.74, 100, 74232, 70
2026/07/30 00:29:06.599, 286.23, 100, 74232, 70
2026/07/30 00:29:07.644, 287.30, 100, 74232, 70
2026/07/30 00:29:08.686, 294.61, 100, 74232, 70
2026/07/30 00:29:09.723, 297.25, 100, 74232, 70
2026/07/30 00:29:10.762, 294.13, 100, 74232, 70
2026/07/30 00:29:11.800, 296.77, 100, 74232, 71
2026/07/30 00:29:12.837, 292.10, 100, 74232, 71
2026/07/30 00:29:13.875, 302.11, 100, 74232, 71
2026/07/30 00:29:14.913, 296.18, 100, 74232, 71
2026/07/30 00:29:15.950, 308.85, 100, 74232, 71
2026/07/30 00:29:16.988, 294.13, 100, 74232, 70
2026/07/30 00:29:18.028, 299.55, 100, 74232, 70
2026/07/30 00:29:19.067, 298.12, 100, 74232, 70
2026/07/30 00:29:20.104, 292.40, 100, 74232, 70
2026/07/30 00:29:21.140, 299.57, 100, 74232, 70
2026/07/30 00:29:22.179, 297.54, 100, 74232, 70
2026/07/30 00:29:23.216, 299.67, 100, 74232, 70
2026/07/30 00:29:24.254, 296.95, 100, 74232, 70
2026/07/30 00:29:25.291, 297.06, 100, 74232, 70
2026/07/30 00:29:26.330, 300.73, 100, 74232, 70
2026/07/30 00:29:27.368, 295.80, 100, 74232, 72
2026/07/30 00:29:28.402, 293.32, 100, 74232, 72
2026/07/30 00:29:29.437, 294.17, 100, 74232, 72
2026/07/30 00:29:30.474, 311.67, 100, 74232, 72
2026/07/30 00:29:31.512, 306.08, 100, 74232, 72
2026/07/30 00:29:32.546, 285.26, 100, 74232, 72
2026/07/30 00:29:33.581, 303.01, 100, 74232, 70
2026/07/30 00:29:34.620, 303.45, 100, 74232, 70
2026/07/30 00:29:35.657, 305.80, 100, 74232, 70
2026/07/30 00:29:36.694, 302.70, 100, 74232, 70
2026/07/30 00:29:37.732, 303.17, 100, 74232, 70
2026/07/30 00:29:38.770, 304.76, 100, 74232, 70
2026/07/30 00:29:39.807, 303.11, 100, 74232, 70
2026/07/30 00:29:40.845, 304.54, 100, 74232, 70
2026/07/30 00:29:41.883, 297.61, 100, 74232, 70
2026/07/30 00:29:42.922, 301.03, 100, 74232, 70
2026/07/30 00:29:43.964, 309.23, 100, 74232, 70
2026/07/30 00:29:45.002, 301.23, 100, 74232, 70
2026/07/30 00:29:46.040, 303.67, 100, 74232, 70
2026/07/30 00:29:47.085, 298.43, 100, 74232, 70
2026/07/30 00:29:48.123, 299.68, 100, 74232, 70
2026/07/30 00:29:49.160, 297.36, 100, 74232, 70
2026/07/30 00:29:50.201, 304.68, 100, 74232, 70
2026/07/30 00:29:51.238, 297.95, 100, 74232, 70
2026/07/30 00:29:52.276, 296.66, 100, 74232, 70
2026/07/30 00:29:53.315, 303.59, 100, 74232, 70
2026/07/30 00:29:54.351, 303.88, 100, 74232, 70
2026/07/30 00:29:55.389, 300.73, 100, 74232, 70
2026/07/30 00:29:56.427, 297.45, 100, 74232, 70
2026/07/30 00:29:57.465, 296.87, 100, 74232, 70
2026/07/30 00:29:58.502, 297.45, 100, 74232, 70
2026/07/30 00:29:59.539, 300.82, 100, 74232, 70
2026/07/30 00:30:00.577, 304.87, 100, 74232, 70
2026/07/30 00:30:01.615, 305.16, 100, 74232, 70
2026/07/30 00:30:02.653, 302.42, 100, 74232, 70
2026/07/30 00:30:03.695, 296.56, 100, 74232, 70
2026/07/30 00:30:04.731, 297.15, 100, 74232, 70
2026/07/30 00:30:05.768, 293.56, 100, 74232, 70
2026/07/30 00:30:06.806, 296.47, 100, 74232, 70
2026/07/30 00:30:07.843, 302.12, 100, 74232, 70
2026/07/30 00:30:08.881, 307.39, 100, 74232, 70
2026/07/30 00:30:09.919, 302.56, 100, 74232, 70
2026/07/30 00:30:10.957, 302.60, 100, 74232, 70
2026/07/30 00:30:11.994, 304.28, 100, 74232, 70
2026/07/30 00:30:13.033, 301.62, 100, 74232, 70
2026/07/30 00:30:14.071, 304.94, 100, 74232, 70
2026/07/30 00:30:15.110, 304.08, 100, 74232, 70
2026/07/30 00:30:16.147, 301.43, 100, 74232, 70
2026/07/30 00:30:17.184, 297.74, 100, 74232, 70
2026/07/30 00:30:18.221, 294.91, 100, 74232, 70
2026/07/30 00:30:19.258, 299.66, 100, 74232, 70
2026/07/30 00:30:20.296, 291.88, 100, 74232, 70
2026/07/30 00:30:21.336, 292.58, 100, 74232, 70
2026/07/30 00:30:22.375, 303.57, 100, 74232, 70
2026/07/30 00:30:23.414, 296.57, 100, 74232, 70
2026/07/30 00:30:24.451, 293.28, 100, 74232, 69
2026/07/30 00:30:25.488, 293.45, 100, 74232, 69
2026/07/30 00:30:26.526, 295.77, 100, 74232, 70
2026/07/30 00:30:27.563, 302.69, 100, 74232, 70
2026/07/30 00:30:28.599, 303.10, 100, 74232, 69
2026/07/30 00:30:29.636, 293.95, 100, 74232, 69
2026/07/30 00:30:30.673, 298.33, 100, 74232, 69
2026/07/30 00:30:31.710, 299.01, 100, 74232, 69
2026/07/30 00:30:32.748, 302.29, 100, 74232, 69
2026/07/30 00:30:33.787, 302.62, 100, 74232, 71
2026/07/30 00:30:34.822, 303.27, 100, 74232, 69
2026/07/30 00:30:35.863, 300.18, 100, 74232, 69
2026/07/30 00:30:36.900, 300.36, 100, 74232, 69
2026/07/30 00:30:37.937, 299.58, 100, 74232, 69
2026/07/30 00:30:38.973, 300.28, 100, 74232, 69
2026/07/30 00:30:40.010, 300.17, 100, 74232, 69
2026/07/30 00:30:41.047, 301.54, 100, 74232, 69
2026/07/30 00:30:42.085, 300.27, 100, 74232, 69
2026/07/30 00:30:43.124, 301.35, 100, 74232, 69
2026/07/30 00:30:44.162, 301.44, 100, 74232, 69
2026/07/30 00:30:45.201, 303.30, 100, 74232, 69
2026/07/30 00:30:46.238, 297.04, 100, 74232, 69
2026/07/30 00:30:47.277, 304.47, 100, 74232, 69
2026/07/30 00:30:48.316, 298.61, 100, 74232, 69
2026/07/30 00:30:49.353, 302.12, 100, 74232, 69
2026/07/30 00:30:50.390, 301.43, 100, 74232, 69
2026/07/30 00:30:51.428, 300.85, 100, 74232, 69
2026/07/30 00:30:52.466, 300.47, 100, 74232, 69
2026/07/30 00:30:53.504, 301.70, 100, 74232, 69
2026/07/30 00:30:54.542, 300.86, 100, 74232, 69
2026/07/30 00:30:55.580, 295.01, 100, 74232, 69
2026/07/30 00:30:56.621, 293.76, 100, 74232, 69
2026/07/30 00:30:57.658, 303.19, 100, 74232, 69
2026/07/30 00:30:58.696, 301.91, 100, 74232, 69
2026/07/30 00:30:59.734, 296.19, 100, 74232, 69
2026/07/30 00:31:00.772, 302.82, 100, 74232, 69
2026/07/30 00:31:01.814, 299.49, 100, 74232, 69
2026/07/30 00:31:02.856, 298.05, 100, 74232, 69
2026/07/30 00:31:03.894, 297.25, 100, 74232, 69
2026/07/30 00:31:04.932, 296.77, 100, 74232, 69
2026/07/30 00:31:05.974, 298.42, 100, 74232, 69
2026/07/30 00:31:07.011, 299.98, 100, 74232, 69
2026/07/30 00:31:08.051, 300.27, 100, 74232, 69
2026/07/30 00:31:09.092, 294.33, 100, 74232, 69
2026/07/30 00:31:10.130, 301.15, 100, 74232, 69
2026/07/30 00:31:11.170, 300.56, 100, 74232, 69
2026/07/30 00:31:12.208, 295.42, 100, 74232, 69
2026/07/30 00:31:13.246, 298.71, 100, 74232, 69
2026/07/30 00:31:14.284, 295.39, 100, 74232, 69
2026/07/30 00:31:15.322, 295.41, 100, 74232, 69
2026/07/30 00:31:16.368, 294.04, 100, 74232, 69
2026/07/30 00:31:17.406, 296.00, 100, 74232, 69
2026/07/30 00:31:18.444, 289.96, 100, 74232, 69
2026/07/30 00:31:19.482, 302.03, 100, 74232, 69
2026/07/30 00:31:20.520, 291.89, 100, 74232, 69
2026/07/30 00:31:21.557, 292.19, 100, 74232, 69
2026/07/30 00:31:22.594, 294.43, 100, 74232, 69
2026/07/30 00:31:23.632, 301.93, 100, 74232, 69
2026/07/30 00:31:24.670, 301.84, 100, 74232, 69
2026/07/30 00:31:25.709, 300.57, 100, 74232, 70
2026/07/30 00:31:26.750, 301.52, 100, 74232, 69
2026/07/30 00:31:27.787, 303.20, 100, 74232, 70
2026/07/30 00:31:28.825, 304.08, 100, 74232, 69
2026/07/30 00:31:29.863, 301.05, 100, 74232, 69
2026/07/30 00:31:30.900, 302.43, 100, 74232, 70
2026/07/30 00:31:31.938, 298.71, 100, 74232, 69
2026/07/30 00:31:32.975, 302.44, 100, 74232, 69
2026/07/30 00:31:34.016, 297.85, 100, 74232, 69
2026/07/30 00:31:35.053, 298.01, 100, 74232, 69
2026/07/30 00:31:36.090, 294.54, 100, 74232, 69
2026/07/30 00:31:37.128, 285.85, 100, 74232, 69
2026/07/30 00:31:38.167, 291.49, 100, 74232, 69
2026/07/30 00:31:39.205, 301.56, 100, 74232, 70
2026/07/30 00:31:40.244, 289.20, 100, 74232, 69
2026/07/30 00:31:41.282, 298.62, 100, 74232, 70
2026/07/30 00:31:42.319, 302.38, 100, 74232, 70
2026/07/30 00:31:43.356, 302.79, 100, 74232, 70
2026/07/30 00:31:44.394, 296.27, 100, 74232, 70
2026/07/30 00:31:45.432, 301.36, 100, 74232, 70
2026/07/30 00:31:46.470, 302.04, 100, 74232, 70
2026/07/30 00:31:47.507, 298.42, 100, 74232, 69
2026/07/30 00:31:48.547, 295.20, 100, 74232, 69
2026/07/30 00:31:49.585, 296.58, 100, 74232, 69
2026/07/30 00:31:50.622, 292.76, 100, 74232, 69
2026/07/30 00:31:51.662, 290.90, 100, 74232, 69
2026/07/30 00:31:52.700, 294.23, 100, 74232, 69
2026/07/30 00:31:53.738, 300.18, 100, 74232, 69
2026/07/30 00:31:54.777, 292.49, 100, 74232, 69
2026/07/30 00:31:55.814, 296.51, 100, 74232, 69
2026/07/30 00:31:56.851, 295.11, 100, 74232, 69
2026/07/30 00:31:57.891, 295.78, 100, 74232, 69
2026/07/30 00:31:58.928, 300.65, 100, 74232, 69
2026/07/30 00:31:59.966, 297.93, 100, 74232, 70
2026/07/30 00:32:01.003, 294.41, 100, 74232, 69
2026/07/30 00:32:02.040, 296.98, 100, 74232, 70
2026/07/30 00:32:03.078, 299.40, 100, 74232, 70
2026/07/30 00:32:04.117, 296.39, 100, 74232, 69
2026/07/30 00:32:05.154, 301.92, 100, 74232, 70
2026/07/30 00:32:06.191, 296.50, 100, 74232, 70
2026/07/30 00:32:07.229, 296.94, 100, 74232, 70
2026/07/30 00:32:08.266, 298.51, 100, 74232, 69
2026/07/30 00:32:09.304, 304.95, 100, 74232, 70
2026/07/30 00:32:10.342, 298.99, 100, 74232, 70
2026/07/30 00:32:11.383, 298.41, 100, 74232, 69
2026/07/30 00:32:12.421, 301.85, 100, 74232, 70
2026/07/30 00:32:13.458, 305.35, 100, 74232, 70
2026/07/30 00:32:14.496, 298.52, 100, 74232, 69
2026/07/30 00:32:15.533, 302.61, 100, 74232, 69
2026/07/30 00:32:16.571, 300.84, 100, 74232, 69
2026/07/30 00:32:17.608, 302.23, 100, 74232, 69
2026/07/30 00:32:18.645, 302.03, 100, 74232, 69
2026/07/30 00:32:19.683, 302.91, 100, 74232, 69
2026/07/30 00:32:20.721, 301.56, 100, 74232, 69
2026/07/30 00:32:21.758, 294.32, 100, 74232, 69
2026/07/30 00:32:22.796, 300.65, 100, 74232, 69
2026/07/30 00:32:23.834, 293.44, 100, 74232, 71
2026/07/30 00:32:24.872, 304.79, 100, 74232, 71
2026/07/30 00:32:25.908, 282.70, 100, 74232, 71
2026/07/30 00:32:26.945, 293.63, 100, 74232, 71
2026/07/30 00:32:27.981, 284.35, 100, 74232, 71
2026/07/30 00:32:29.016, 296.19, 100, 74232, 71
2026/07/30 00:32:30.052, 301.21, 100, 74232, 69
2026/07/30 00:32:31.090, 303.27, 100, 74232, 69
2026/07/30 00:32:32.128, 301.83, 100, 74232, 69
2026/07/30 00:32:33.166, 300.27, 100, 74232, 69
2026/07/30 00:32:34.204, 303.38, 100, 74232, 70
2026/07/30 00:32:35.241, 299.10, 100, 74232, 70
2026/07/30 00:32:36.279, 300.93, 100, 74232, 70
2026/07/30 00:32:37.316, 302.50, 100, 74232, 70
2026/07/30 00:32:38.356, 288.27, 100, 74232, 70
2026/07/30 00:32:39.393, 296.18, 100, 74232, 70
2026/07/30 00:32:40.430, 300.08, 100, 74232, 70
2026/07/30 00:32:41.468, 297.87, 100, 74232, 70
2026/07/30 00:32:42.505, 295.80, 100, 74232, 70
2026/07/30 00:32:43.542, 302.80, 100, 74232, 70
2026/07/30 00:32:44.579, 298.25, 100, 74232, 70
2026/07/30 00:32:45.616, 295.98, 100, 74232, 70
2026/07/30 00:32:46.653, 298.98, 100, 74232, 71
2026/07/30 00:32:47.689, 291.61, 100, 74232, 71
2026/07/30 00:32:48.724, 311.11, 100, 74232, 72
2026/07/30 00:32:49.759, 304.44, 100, 74232, 72
2026/07/30 00:32:50.796, 295.89, 100, 74232, 72
2026/07/30 00:32:51.838, 282.05, 100, 74232, 71
2026/07/30 00:32:52.875, 302.73, 100, 74232, 72
2026/07/30 00:32:53.912, 281.83, 100, 74232, 69
2026/07/30 00:32:54.950, 290.53, 100, 74232, 70
2026/07/30 00:32:55.990, 107.75, 100, 74232, 71
2026/07/30 00:32:57.026, 300.43, 100, 74232, 71
2026/07/30 00:32:58.062, 303.13, 100, 74232, 72
2026/07/30 00:32:59.100, 300.63, 100, 74232, 72
2026/07/30 00:33:00.142, 305.32, 100, 74232, 72
2026/07/30 00:33:01.178, 286.25, 100, 74232, 72
2026/07/30 00:33:02.214, 292.73, 100, 74232, 72
2026/07/30 00:33:03.251, 302.42, 100, 74232, 70
2026/07/30 00:33:04.289, 304.47, 100, 74232, 70
2026/07/30 00:33:05.327, 294.32, 100, 74232, 70
2026/07/30 00:33:06.364, 303.96, 100, 74232, 70
2026/07/30 00:33:07.403, 305.04, 100, 74232, 72
2026/07/30 00:33:08.486, 293.67, 100, 74232, 72
2026/07/30 00:33:09.523, 312.77, 100, 74232, 72
2026/07/30 00:33:10.560, 324.84, 100, 74232, 72
2026/07/30 00:33:11.596, 298.55, 100, 74232, 72
2026/07/30 00:33:12.633, 322.72, 100, 74232, 72
2026/07/30 00:33:13.671, 315.95, 100, 74232, 72
2026/07/30 00:33:14.708, 302.80, 100, 74232, 71
2026/07/30 00:33:15.746, 303.86, 100, 74232, 71
2026/07/30 00:33:16.784, 309.52, 100, 74232, 71
2026/07/30 00:33:17.822, 314.18, 100, 74232, 72
2026/07/30 00:33:18.857, 294.73, 100, 74232, 71
2026/07/30 00:33:19.895, 289.35, 100, 74232, 70
2026/07/30 00:33:20.933, 286.93, 100, 74232, 70
2026/07/30 00:33:21.969, 286.25, 100, 74232, 71
2026/07/30 00:33:23.006, 285.96, 100, 74232, 71
2026/07/30 00:33:24.042, 282.23, 100, 74232, 71
2026/07/30 00:33:25.081, 291.99, 100, 74232, 71
2026/07/30 00:33:26.118, 293.36, 100, 74232, 71
2026/07/30 00:33:27.159, 299.89, 100, 74232, 71
2026/07/30 00:33:28.197, 300.85, 100, 74232, 71
2026/07/30 00:33:29.234, 302.61, 100, 74232, 71
2026/07/30 00:33:30.271, 297.94, 100, 74232, 71
2026/07/30 00:33:31.309, 301.44, 100, 74232, 71
2026/07/30 00:33:32.349, 298.14, 100, 74232, 71
2026/07/30 00:33:33.386, 300.18, 100, 74232, 71
2026/07/30 00:33:34.424, 304.17, 100, 74232, 71
2026/07/30 00:33:35.460, 298.62, 100, 74232, 71
2026/07/30 00:33:36.497, 300.19, 100, 74232, 71
2026/07/30 00:33:37.533, 300.63, 100, 74232, 71
2026/07/30 00:33:38.569, 293.55, 100, 74232, 70
2026/07/30 00:33:39.607, 294.42, 100, 74232, 70
2026/07/30 00:33:40.645, 296.18, 100, 74232, 70
2026/07/30 00:33:41.681, 300.76, 100, 74232, 70
2026/07/30 00:33:42.718, 296.18, 100, 74232, 70
2026/07/30 00:33:43.757, 297.34, 100, 74232, 70
2026/07/30 00:33:44.799, 296.09, 100, 74232, 70
2026/07/30 00:33:45.835, 301.34, 100, 74232, 70
2026/07/30 00:33:46.874, 303.60, 100, 74232, 70
2026/07/30 00:33:47.911, 296.87, 100, 74232, 70
2026/07/30 00:33:48.947, 294.83, 100, 74232, 70
2026/07/30 00:33:49.985, 296.69, 100, 74232, 70
2026/07/30 00:33:51.023, 303.89, 100, 74232, 70
2026/07/30 00:33:52.061, 300.39, 100, 74232, 70
2026/07/30 00:33:53.097, 291.49, 100, 74232, 70
2026/07/30 00:33:54.135, 291.12, 100, 74232, 70
2026/07/30 00:33:55.172, 297.05, 100, 74232, 70
2026/07/30 00:33:56.212, 299.59, 100, 74232, 70
2026/07/30 00:33:57.249, 294.13, 100, 74232, 70
2026/07/30 00:33:58.290, 297.34, 100, 74232, 70
2026/07/30 00:33:59.326, 302.14, 100, 74232, 70
2026/07/30 00:34:00.365, 301.71, 100, 74232, 70
2026/07/30 00:34:01.401, 301.44, 100, 74232, 70
2026/07/30 00:34:02.437, 300.48, 100, 74232, 70
2026/07/30 00:34:03.474, 296.10, 100, 74232, 70
2026/07/30 00:34:04.512, 299.69, 100, 74232, 70
2026/07/30 00:34:05.549, 304.86, 100, 74232, 70
2026/07/30 00:34:06.586, 293.56, 100, 74232, 70
2026/07/30 00:34:07.623, 298.72, 100, 74232, 70
2026/07/30 00:34:08.660, 300.08, 100, 74232, 70
2026/07/30 00:34:09.697, 301.44, 100, 74232, 70
2026/07/30 00:34:10.735, 301.93, 100, 74232, 70
2026/07/30 00:34:11.773, 300.18, 100, 74232, 70
2026/07/30 00:34:12.809, 302.03, 100, 74232, 70
2026/07/30 00:34:13.846, 303.17, 100, 74232, 70
2026/07/30 00:34:14.882, 302.40, 100, 74232, 70
2026/07/30 00:34:15.919, 303.17, 100, 74232, 70
2026/07/30 00:34:16.957, 304.54, 100, 74232, 70
2026/07/30 00:34:17.995, 295.51, 100, 74232, 70
2026/07/30 00:34:19.032, 303.03, 100, 74232, 70
2026/07/30 00:34:20.072, 292.58, 100, 74232, 69
2026/07/30 00:34:21.110, 293.73, 100, 74232, 70
2026/07/30 00:34:22.146, 297.73, 100, 74232, 69
2026/07/30 00:34:23.183, 301.05, 100, 74232, 69
2026/07/30 00:34:24.220, 301.44, 100, 74232, 69
2026/07/30 00:34:25.258, 299.79, 100, 74232, 69
2026/07/30 00:34:26.296, 291.87, 100, 74232, 69
2026/07/30 00:34:27.334, 288.37, 100, 74232, 69
2026/07/30 00:34:28.371, 297.82, 100, 74232, 69
2026/07/30 00:34:29.408, 295.01, 100, 74232, 69
2026/07/30 00:34:30.447, 292.77, 100, 74232, 69
2026/07/30 00:34:31.486, 298.30, 100, 74232, 69
2026/07/30 00:34:32.524, 299.07, 100, 74232, 69
2026/07/30 00:34:33.560, 298.82, 100, 74232, 69
2026/07/30 00:34:34.598, 302.44, 100, 74232, 69
2026/07/30 00:34:35.635, 298.00, 100, 74232, 69
2026/07/30 00:34:36.672, 301.53, 100, 74232, 69
2026/07/30 00:34:37.708, 301.73, 100, 74232, 69
2026/07/30 00:34:38.747, 290.74, 100, 74232, 69
2026/07/30 00:34:39.784, 292.98, 100, 74232, 69
2026/07/30 00:34:40.821, 298.71, 100, 74232, 69
2026/07/30 00:34:41.857, 296.87, 100, 74232, 69
2026/07/30 00:34:42.895, 297.45, 100, 74232, 69
2026/07/30 00:34:43.932, 300.46, 100, 74232, 69
2026/07/30 00:34:44.970, 297.55, 100, 74232, 69
2026/07/30 00:34:46.008, 290.91, 100, 74232, 69
2026/07/30 00:34:47.047, 287.70, 100, 74232, 69
2026/07/30 00:34:48.084, 299.01, 100, 74232, 69
2026/07/30 00:34:49.122, 295.99, 100, 74232, 69
2026/07/30 00:34:50.159, 287.49, 100, 74232, 69
2026/07/30 00:34:51.198, 297.37, 100, 74232, 69
2026/07/30 00:34:52.235, 293.28, 100, 74232, 71
2026/07/30 00:34:53.270, 281.20, 100, 74232, 71
2026/07/30 00:34:54.304, 296.52, 100, 74232, 71
2026/07/30 00:34:55.342, 297.82, 100, 74232, 71
2026/07/30 00:34:56.376, 313.28, 100, 74232, 71
2026/07/30 00:34:57.412, 297.34, 100, 74232, 69
2026/07/30 00:34:58.450, 294.13, 100, 74232, 69
2026/07/30 00:34:59.489, 300.04, 100, 74232, 69
2026/07/30 00:35:00.528, 298.61, 100, 74232, 69
2026/07/30 00:35:01.565, 94.45, 0, 74232, 66
2026/07/30 00:35:02.598, 279.50, 100, 74232, 70
2026/07/30 00:35:03.634, 303.17, 100, 74232, 71
2026/07/30 00:35:04.671, 293.18, 100, 74232, 71
2026/07/30 00:35:05.710, 280.69, 100, 74232, 71
2026/07/30 00:35:06.744, 312.61, 100, 74232, 71
2026/07/30 00:35:07.780, 305.71, 100, 74232, 69
2026/07/30 00:35:08.824, 298.42, 100, 74232, 69
2026/07/30 00:35:09.860, 302.38, 100, 74232, 69
2026/07/30 00:35:10.897, 305.41, 100, 74232, 71
2026/07/30 00:35:11.933, 309.50, 100, 74232, 71
2026/07/30 00:35:12.970, 288.70, 100, 74232, 71
2026/07/30 00:35:14.004, 301.52, 100, 74232, 71
2026/07/30 00:35:15.039, 266.36, 100, 74232, 71
2026/07/30 00:35:16.075, 293.68, 100, 74232, 71
2026/07/30 00:35:17.115, 301.74, 100, 74232, 70
2026/07/30 00:35:18.153, 302.13, 100, 74232, 70
2026/07/30 00:35:19.191, 298.52, 100, 74232, 70
2026/07/30 00:35:20.230, 303.11, 100, 74232, 70
2026/07/30 00:35:21.268, 303.19, 100, 74232, 70
2026/07/30 00:35:22.306, 300.63, 100, 74232, 70
2026/07/30 00:35:23.344, 291.99, 100, 74232, 72
2026/07/30 00:35:24.379, 299.90, 100, 74232, 72
2026/07/30 00:35:25.413, 306.43, 100, 74232, 72
2026/07/30 00:35:26.447, 307.79, 100, 74232, 72
2026/07/30 00:35:27.483, 261.67, 100, 74232, 72
2026/07/30 00:35:28.516, 289.65, 100, 74232, 72
2026/07/30 00:35:29.553, 300.92, 100, 74232, 70
2026/07/30 00:35:30.590, 303.58, 100, 74232, 70
2026/07/30 00:35:31.628, 300.08, 100, 74232, 70
2026/07/30 00:35:32.665, 299.19, 100, 74232, 70
2026/07/30 00:35:33.701, 303.00, 100, 74232, 70
2026/07/30 00:35:34.738, 305.43, 100, 74232, 70
2026/07/30 00:35:35.774, 306.00, 100, 74232, 70
2026/07/30 00:35:36.812, 302.77, 100, 74232, 70
2026/07/30 00:35:37.849, 301.24, 100, 74232, 70
2026/07/30 00:35:38.888, 304.75, 100, 74232, 70
2026/07/30 00:35:39.925, 301.89, 100, 74232, 70
2026/07/30 00:35:40.961, 302.32, 100, 74232, 70
2026/07/30 00:35:41.997, 294.80, 100, 74232, 70
2026/07/30 00:35:43.035, 302.11, 100, 74232, 70
2026/07/30 00:35:44.072, 302.90, 100, 74232, 70
2026/07/30 00:35:45.109, 294.61, 100, 74232, 70
2026/07/30 00:35:46.146, 305.57, 100, 74232, 70
2026/07/30 00:35:47.183, 303.68, 100, 74232, 70
2026/07/30 00:35:48.220, 302.22, 100, 74232, 70
2026/07/30 00:35:49.265, 295.21, 100, 74232, 70
2026/07/30 00:35:50.304, 297.15, 100, 74232, 70
2026/07/30 00:35:51.342, 289.17, 100, 74232, 70
2026/07/30 00:35:52.384, 294.60, 100, 74232, 70
2026/07/30 00:35:53.422, 289.16, 72, 74232, 72
2026/07/30 00:35:54.458, 295.15, 100, 74232, 72
2026/07/30 00:35:55.493, 297.15, 100, 74232, 72
2026/07/30 00:35:56.528, 294.17, 100, 74232, 72
2026/07/30 00:35:57.562, 306.15, 100, 74232, 72
2026/07/30 00:35:58.596, 300.29, 100, 74232, 72
2026/07/30 00:35:59.630, 321.12, 100, 74232, 72
2026/07/30 00:36:00.672, 299.08, 100, 74232, 70
2026/07/30 00:36:01.709, 303.38, 100, 74232, 70
2026/07/30 00:36:02.746, 304.08, 100, 74232, 70
2026/07/30 00:36:03.784, 307.66, 100, 74232, 70
2026/07/30 00:36:04.821, 302.91, 100, 74232, 70
2026/07/30 00:36:05.859, 304.57, 90, 74232, 68
2026/07/30 00:36:06.892, 296.65, 100, 74232, 71
2026/07/30 00:36:07.926, 293.75, 100, 74232, 71
2026/07/30 00:36:08.961, 285.72, 100, 74232, 72
2026/07/30 00:36:09.998, 316.93, 100, 74232, 72
2026/07/30 00:36:11.033, 308.79, 100, 74232, 72
2026/07/30 00:36:12.067, 284.85, 100, 74232, 72
2026/07/30 00:36:13.101, 291.78, 100, 74232, 72
2026/07/30 00:36:14.136, 301.82, 100, 74232, 70
2026/07/30 00:36:15.175, 295.41, 100, 74232, 70
2026/07/30 00:36:16.218, 297.15, 100, 74232, 70
2026/07/30 00:36:17.254, 294.33, 100, 74232, 70
2026/07/30 00:36:18.293, 297.69, 100, 74232, 71
2026/07/30 00:36:19.329, 291.45, 100, 74232, 72
2026/07/30 00:36:20.375, 283.96, 100, 74232, 72
2026/07/30 00:36:21.411, 316.90, 100, 74232, 72
2026/07/30 00:36:22.452, 289.68, 100, 74232, 72
2026/07/30 00:36:23.486, 295.60, 100, 74232, 72
2026/07/30 00:36:24.529, 301.90, 100, 74232, 72
2026/07/30 00:36:25.564, 301.74, 100, 74232, 70
2026/07/30 00:36:26.602, 303.37, 100, 74232, 70
2026/07/30 00:36:27.639, 301.05, 100, 74232, 70
2026/07/30 00:36:28.676, 304.54, 100, 74232, 70
2026/07/30 00:36:29.714, 96.21, 0, 74232, 67
2026/07/30 00:36:30.747, 292.68, 100, 74232, 72
2026/07/30 00:36:31.782, 288.39, 100, 74232, 72
2026/07/30 00:36:32.816, 307.56, 100, 74232, 72
2026/07/30 00:36:33.850, 301.06, 100, 74232, 72
2026/07/30 00:36:34.884, 284.90, 100, 74232, 72
2026/07/30 00:36:35.924, 296.00, 100, 74232, 72
2026/07/30 00:36:36.959, 254.33, 100, 74232, 71
2026/07/30 00:36:37.997, 288.38, 100, 74232, 70
2026/07/30 00:36:39.035, 296.29, 100, 74232, 70
2026/07/30 00:36:40.072, 287.67, 100, 74232, 70
2026/07/30 00:36:41.110, 286.92, 100, 74232, 70
2026/07/30 00:36:42.148, 304.73, 100, 74232, 72
2026/07/30 00:36:43.183, 310.50, 100, 74232, 72
2026/07/30 00:36:44.216, 273.86, 100, 74232, 72
2026/07/30 00:36:45.250, 294.20, 100, 74232, 73
2026/07/30 00:36:46.288, 297.05, 100, 74232, 73
2026/07/30 00:36:47.322, 282.33, 100, 74232, 72
2026/07/30 00:36:48.359, 297.55, 100, 74232, 72
2026/07/30 00:36:49.395, 303.11, 100, 74232, 71
2026/07/30 00:36:50.433, 298.40, 100, 74232, 71
2026/07/30 00:36:51.471, 308.86, 100, 74232, 71
2026/07/30 00:36:52.511, 310.21, 100, 74232, 71
2026/07/30 00:36:53.549, 304.08, 100, 74232, 71
2026/07/30 00:36:54.590, 306.31, 100, 74232, 71
2026/07/30 00:36:55.627, 307.47, 100, 74232, 71
2026/07/30 00:36:56.664, 301.92, 100, 74232, 71
2026/07/30 00:36:57.702, 304.18, 100, 74232, 71
2026/07/30 00:36:58.739, 297.54, 100, 74232, 71
2026/07/30 00:36:59.777, 302.61, 100, 74232, 71
2026/07/30 00:37:00.817, 299.25, 100, 74232, 71
2026/07/30 00:37:01.855, 299.25, 100, 74232, 71
2026/07/30 00:37:02.892, 297.25, 100, 74232, 71
2026/07/30 00:37:03.928, 302.61, 100, 74232, 71
2026/07/30 00:37:04.965, 302.14, 100, 74232, 71
2026/07/30 00:37:06.006, 293.35, 100, 74232, 71
2026/07/30 00:37:07.044, 300.27, 100, 74232, 71
2026/07/30 00:37:08.082, 292.58, 100, 74232, 71
2026/07/30 00:37:09.120, 301.61, 100, 74232, 71
2026/07/30 00:37:10.157, 299.48, 100, 74232, 71
2026/07/30 00:37:11.197, 297.64, 100, 74232, 71
2026/07/30 00:37:12.234, 297.15, 100, 74232, 71
2026/07/30 00:37:13.274, 298.01, 100, 74232, 71
2026/07/30 00:37:14.311, 96.62, 27, 74232, 68
2026/07/30 00:37:15.344, 95.00, 0, 74232, 67
2026/07/30 00:37:16.376, 94.16, 0, 74232, 66
2026/07/30 00:37:17.409, 93.25, 0, 74232, 65
2026/07/30 00:37:18.435, 92.66, 0, 74232, 65
2026/07/30 00:37:19.464, 91.97, 0, 74232, 64
2026/07/30 00:37:20.496, 91.33, 0, 74232, 64
2026/07/30 00:37:21.529, 90.60, 0, 74232, 63
2026/07/30 00:37:22.561, 90.15, 0, 74232, 63
2026/07/30 00:37:23.592, 89.16, 0, 74232, 62
2026/07/30 00:37:24.621, 88.95, 0, 74232, 62
2026/07/30 00:37:25.653, 88.66, 0, 74232, 61
2026/07/30 00:37:26.690, 87.11, 0, 74232, 61
2026/07/30 00:37:27.724, 86.76, 0, 74232, 61
2026/07/30 00:37:28.756, 86.28, 0, 74232, 60
2026/07/30 00:37:29.788, 85.99, 0, 74232, 60
2026/07/30 00:37:30.819, 85.67, 0, 74232, 59
2026/07/30 00:37:31.850, 85.11, 0, 74232, 59
2026/07/30 00:37:32.883, 85.03, 0, 74232, 59
2026/07/30 00:37:33.915, 84.97, 0, 74232, 58
2026/07/30 00:37:34.947, 84.46, 0, 74232, 58
2026/07/30 00:37:35.980, 83.93, 0, 74232, 58
2026/07/30 00:37:37.011, 83.63, 0, 74232, 58
2026/07/30 00:37:38.040, 83.64, 0, 74232, 57
2026/07/30 00:37:39.071, 83.04, 0, 74232, 57
2026/07/30 00:37:40.102, 82.84, 0, 74232, 57
2026/07/30 00:37:41.300, 305.41, 100, 74232, 62
2026/07/30 00:37:42.363, 300.73, 100, 74232, 62
2026/07/30 00:37:43.396, 302.87, 100, 74232, 63
2026/07/30 00:37:44.428, 301.20, 100, 74232, 63
2026/07/30 00:37:45.464, 244.61, 100, 74232, 61
2026/07/30 00:37:46.501, 306.02, 100, 74232, 62
2026/07/30 00:37:47.537, 293.36, 100, 74232, 62
2026/07/30 00:37:48.573, 299.39, 100, 74232, 62
2026/07/30 00:37:49.609, 295.60, 100, 74232, 62
2026/07/30 00:37:50.652, 305.54, 100, 74232, 63
2026/07/30 00:37:51.689, 303.60, 100, 74232, 63
2026/07/30 00:37:52.725, 308.26, 100, 74232, 63
2026/07/30 00:37:53.762, 298.12, 100, 74232, 65
2026/07/30 00:37:54.799, 287.16, 100, 74232, 65
2026/07/30 00:37:55.832, 286.70, 100, 74232, 65
2026/07/30 00:37:56.867, 310.86, 100, 74232, 65
2026/07/30 00:37:57.903, 299.70, 100, 74232, 64
2026/07/30 00:37:58.939, 294.03, 100, 74232, 64
2026/07/30 00:37:59.976, 295.02, 100, 74232, 66
2026/07/30 00:38:01.015, 290.22, 100, 74232, 66
2026/07/30 00:38:02.050, 312.97, 100, 74232, 66
2026/07/30 00:38:03.085, 298.31, 100, 74232, 66
2026/07/30 00:38:04.125, 296.00, 100, 74232, 67
2026/07/30 00:38:05.159, 296.78, 100, 74232, 67
2026/07/30 00:38:06.194, 295.56, 100, 74232, 67
2026/07/30 00:38:07.228, 303.19, 100, 74232, 65
2026/07/30 00:38:08.264, 305.54, 100, 74232, 65
2026/07/30 00:38:09.301, 294.23, 100, 74232, 65
2026/07/30 00:38:10.338, 291.59, 100, 74232, 66
2026/07/30 00:38:11.375, 296.39, 100, 74232, 66
2026/07/30 00:38:12.414, 294.90, 100, 74232, 66
2026/07/30 00:38:13.450, 305.89, 100, 74232, 66
2026/07/30 00:38:14.493, 295.71, 100, 74232, 66
2026/07/30 00:38:15.530, 301.43, 100, 74232, 66
2026/07/30 00:38:16.571, 293.93, 100, 74232, 66
2026/07/30 00:38:17.609, 305.43, 100, 74232, 67
2026/07/30 00:38:18.647, 301.73, 100, 74232, 67
2026/07/30 00:38:19.685, 301.25, 100, 74232, 67
2026/07/30 00:38:20.722, 296.98, 100, 74232, 67
2026/07/30 00:38:21.759, 296.18, 100, 74232, 67
2026/07/30 00:38:22.795, 295.21, 100, 74232, 67
2026/07/30 00:38:23.830, 300.08, 100, 74232, 67
2026/07/30 00:38:24.869, 301.93, 100, 74232, 67
2026/07/30 00:38:25.905, 300.95, 100, 74232, 67
2026/07/30 00:38:26.944, 290.63, 100, 74232, 67
2026/07/30 00:38:27.980, 296.48, 100, 74232, 68
2026/07/30 00:38:29.020, 299.99, 100, 74232, 68
2026/07/30 00:38:30.057, 299.67, 100, 74232, 68
2026/07/30 00:38:31.096, 301.14, 100, 74232, 68
2026/07/30 00:38:32.132, 299.00, 100, 74232, 68
2026/07/30 00:38:33.169, 299.59, 100, 74232, 68
2026/07/30 00:38:34.206, 301.15, 100, 74232, 68
2026/07/30 00:38:35.242, 298.41, 100, 74232, 68
2026/07/30 00:38:36.281, 299.26, 100, 74232, 68
2026/07/30 00:38:37.318, 301.21, 100, 74232, 68
2026/07/30 00:38:38.355, 298.61, 100, 74232, 68
2026/07/30 00:38:39.392, 299.55, 100, 74232, 68
2026/07/30 00:38:40.428, 301.83, 100, 74232, 68
2026/07/30 00:38:41.465, 298.98, 100, 74232, 68
2026/07/30 00:38:42.502, 301.82, 100, 74232, 68
2026/07/30 00:38:43.540, 302.28, 100, 74232, 69
2026/07/30 00:38:44.576, 299.30, 100, 74232, 69
2026/07/30 00:38:45.613, 301.43, 100, 74232, 69
2026/07/30 00:38:46.651, 301.34, 100, 74232, 69
2026/07/30 00:38:47.687, 302.56, 100, 74232, 69
2026/07/30 00:38:48.724, 300.46, 100, 74232, 69
2026/07/30 00:38:49.761, 302.04, 100, 74232, 69
2026/07/30 00:38:50.801, 302.70, 100, 74232, 69
2026/07/30 00:38:51.839, 301.35, 100, 74232, 69
2026/07/30 00:38:52.877, 295.49, 100, 74232, 69
2026/07/30 00:38:53.914, 295.59, 100, 74232, 69
2026/07/30 00:38:54.951, 293.73, 100, 74232, 69
2026/07/30 00:38:55.989, 299.70, 100, 74232, 69
2026/07/30 00:38:57.027, 301.40, 100, 74232, 69
2026/07/30 00:38:58.066, 299.30, 100, 74232, 69
2026/07/30 00:38:59.104, 301.43, 100, 74232, 69
2026/07/30 00:39:00.143, 296.96, 100, 74232, 69
2026/07/30 00:39:01.180, 300.20, 100, 74232, 69
2026/07/30 00:39:02.217, 301.15, 100, 74232, 69
2026/07/30 00:39:03.253, 301.83, 100, 74232, 69
2026/07/30 00:39:04.290, 302.75, 100, 74232, 69
2026/07/30 00:39:05.326, 301.35, 100, 74232, 69
2026/07/30 00:39:06.363, 302.13, 100, 74232, 69
2026/07/30 00:39:07.399, 303.48, 100, 74232, 69
2026/07/30 00:39:08.436, 297.32, 100, 74232, 69
2026/07/30 00:39:09.473, 300.37, 100, 74232, 69
2026/07/30 00:39:10.511, 299.49, 100, 74232, 69
2026/07/30 00:39:11.548, 300.18, 100, 74232, 69
2026/07/30 00:39:12.585, 300.08, 100, 74232, 69
2026/07/30 00:39:13.621, 301.82, 100, 74232, 69
2026/07/30 00:39:14.659, 301.53, 100, 74232, 69
2026/07/30 00:39:15.698, 295.21, 100, 74232, 69
2026/07/30 00:39:16.738, 293.35, 100, 74232, 69
2026/07/30 00:39:17.775, 303.11, 100, 74232, 69
2026/07/30 00:39:18.811, 299.57, 100, 74232, 69
2026/07/30 00:39:19.849, 299.01, 100, 74232, 69
2026/07/30 00:39:20.886, 301.33, 100, 74232, 69
2026/07/30 00:39:21.923, 302.61, 100, 74232, 69
2026/07/30 00:39:22.959, 302.90, 100, 74232, 69
2026/07/30 00:39:23.996, 300.37, 100, 74232, 69
2026/07/30 00:39:25.033, 302.33, 100, 74232, 69
2026/07/30 00:39:26.070, 304.73, 100, 74232, 69
2026/07/30 00:39:27.107, 303.68, 100, 74232, 69
2026/07/30 00:39:28.147, 300.93, 100, 74232, 69
2026/07/30 00:39:29.185, 301.93, 100, 74232, 69
2026/07/30 00:39:30.222, 302.02, 100, 74232, 69
2026/07/30 00:39:31.260, 298.23, 100, 74232, 69
2026/07/30 00:39:32.297, 296.96, 100, 74232, 69
2026/07/30 00:39:33.335, 294.52, 100, 74232, 69
2026/07/30 00:39:34.373, 295.70, 100, 74232, 69
2026/07/30 00:39:35.413, 291.22, 100, 74232, 69
2026/07/30 00:39:36.452, 291.40, 100, 74232, 69
2026/07/30 00:39:37.488, 301.34, 100, 74232, 69
2026/07/30 00:39:38.526, 302.89, 100, 74232, 69
2026/07/30 00:39:39.565, 302.51, 100, 74232, 69
2026/07/30 00:39:40.603, 300.83, 100, 74232, 69
2026/07/30 00:39:41.639, 302.02, 100, 74232, 69
2026/07/30 00:39:42.676, 301.43, 100, 74232, 69
2026/07/30 00:39:43.713, 297.27, 100, 74232, 69
2026/07/30 00:39:44.751, 301.73, 100, 74232, 69
2026/07/30 00:39:45.792, 302.88, 100, 74232, 69
2026/07/30 00:39:46.830, 302.23, 100, 74232, 69
2026/07/30 00:39:47.867, 293.83, 100, 74232, 69
2026/07/30 00:39:48.907, 295.30, 100, 74232, 69
2026/07/30 00:39:49.944, 291.51, 100, 74232, 69
2026/07/30 00:39:50.983, 286.94, 100, 74232, 69
2026/07/30 00:39:52.020, 293.25, 100, 74232, 69
2026/07/30 00:39:53.059, 301.83, 100, 74232, 69
2026/07/30 00:39:54.096, 295.69, 100, 74232, 69
2026/07/30 00:39:55.134, 297.83, 100, 74232, 69
2026/07/30 00:39:56.170, 295.30, 100, 74232, 69
2026/07/30 00:39:57.216, 301.64, 100, 74232, 69
2026/07/30 00:39:58.253, 302.70, 100, 74232, 69
2026/07/30 00:39:59.291, 292.58, 100, 74232, 69
2026/07/30 00:40:00.331, 299.68, 100, 74232, 69
2026/07/30 00:40:01.370, 301.45, 100, 74232, 69
2026/07/30 00:40:02.406, 303.56, 100, 74232, 69
2026/07/30 00:40:03.445, 303.29, 100, 74232, 69
2026/07/30 00:40:04.482, 299.02, 100, 74232, 69
2026/07/30 00:40:05.519, 298.52, 100, 74232, 69
2026/07/30 00:40:06.556, 302.70, 100, 74232, 69
2026/07/30 00:40:07.593, 303.19, 100, 74232, 69
2026/07/30 00:40:08.630, 293.16, 100, 74232, 69
2026/07/30 00:40:09.670, 289.85, 100, 74232, 69
2026/07/30 00:40:10.707, 295.20, 100, 74232, 69
2026/07/30 00:40:11.746, 293.05, 100, 74232, 69
2026/07/30 00:40:12.784, 294.67, 100, 74232, 69
2026/07/30 00:40:13.826, 300.76, 100, 74232, 69
2026/07/30 00:40:14.866, 302.68, 100, 74232, 69
2026/07/30 00:40:15.903, 295.88, 100, 74232, 69
2026/07/30 00:40:16.945, 298.06, 100, 74232, 69
2026/07/30 00:40:17.983, 300.86, 100, 74232, 69
2026/07/30 00:40:19.020, 304.07, 100, 74232, 69
2026/07/30 00:40:20.057, 303.38, 100, 74232, 69
2026/07/30 00:40:21.094, 298.41, 100, 74232, 69
2026/07/30 00:40:22.130, 301.41, 100, 74232, 70
2026/07/30 00:40:23.166, 302.32, 100, 74232, 69
2026/07/30 00:40:24.203, 302.48, 100, 74232, 70
2026/07/30 00:40:25.240, 303.98, 100, 74232, 70
2026/07/30 00:40:26.278, 304.08, 100, 74232, 70
2026/07/30 00:40:27.315, 300.18, 100, 74232, 70
2026/07/30 00:40:28.355, 295.68, 100, 74232, 70
2026/07/30 00:40:29.393, 296.17, 100, 74232, 70
2026/07/30 00:40:30.430, 293.44, 100, 74232, 69
2026/07/30 00:40:31.468, 293.45, 100, 74232, 69
2026/07/30 00:40:32.507, 301.23, 100, 74232, 70
2026/07/30 00:40:33.545, 302.51, 100, 74232, 70
2026/07/30 00:40:34.582, 94.94, 28, 74232, 66
2026/07/30 00:40:35.614, 302.69, 100, 74232, 71
2026/07/30 00:40:36.649, 300.86, 100, 74232, 71
2026/07/30 00:40:37.685, 312.15, 100, 74232, 71
2026/07/30 00:40:38.720, 317.69, 100, 74232, 71
2026/07/30 00:40:39.759, 308.55, 100, 74232, 71
2026/07/30 00:40:40.795, 300.63, 100, 74232, 71
2026/07/30 00:40:41.830, 298.24, 100, 74232, 69
2026/07/30 00:40:42.871, 301.93, 100, 74232, 69
2026/07/30 00:40:43.907, 305.82, 100, 74232, 71
2026/07/30 00:40:44.942, 297.06, 100, 74232, 69
2026/07/30 00:40:45.980, 301.34, 100, 74232, 69
2026/07/30 00:40:47.017, 293.26, 100, 74232, 69
2026/07/30 00:40:48.054, 293.84, 100, 74232, 69
2026/07/30 00:40:49.091, 294.83, 100, 74232, 69
2026/07/30 00:40:50.129, 293.76, 100, 74232, 70
2026/07/30 00:40:51.166, 295.97, 100, 74232, 70
2026/07/30 00:40:52.203, 302.68, 100, 74232, 70
2026/07/30 00:40:53.247, 302.10, 100, 74232, 70
2026/07/30 00:40:54.287, 303.00, 100, 74232, 70
2026/07/30 00:40:55.324, 293.36, 100, 74232, 70
2026/07/30 00:40:56.368, 293.55, 100, 74232, 70
2026/07/30 00:40:57.406, 300.20, 100, 74232, 70
2026/07/30 00:40:58.444, 295.61, 100, 74232, 70
2026/07/30 00:40:59.482, 296.37, 100, 74232, 70
2026/07/30 00:41:00.519, 301.73, 100, 74232, 70
2026/07/30 00:41:01.556, 304.48, 100, 74232, 70
2026/07/30 00:41:02.593, 302.63, 100, 74232, 70
2026/07/30 00:41:03.632, 297.04, 100, 74232, 70
2026/07/30 00:41:04.668, 297.74, 100, 74232, 70
2026/07/30 00:41:05.706, 299.47, 100, 74232, 70
2026/07/30 00:41:06.743, 300.96, 100, 74232, 70
2026/07/30 00:41:07.780, 299.86, 100, 74232, 70
2026/07/30 00:41:08.817, 300.56, 100, 74232, 70
2026/07/30 00:41:09.855, 302.21, 100, 74232, 70
2026/07/30 00:41:10.892, 300.84, 100, 74232, 70
2026/07/30 00:41:11.931, 296.08, 100, 74232, 70
2026/07/30 00:41:12.971, 295.60, 100, 74232, 70
2026/07/30 00:41:14.009, 290.91, 100, 74232, 70
2026/07/30 00:41:15.047, 300.18, 100, 74232, 70
2026/07/30 00:41:16.085, 297.62, 100, 74232, 70
2026/07/30 00:41:17.125, 301.84, 100, 74232, 70
2026/07/30 00:41:18.162, 301.02, 100, 74232, 70
2026/07/30 00:41:19.201, 301.04, 100, 74232, 70
2026/07/30 00:41:20.239, 300.47, 100, 74232, 70
2026/07/30 00:41:21.276, 298.70, 100, 74232, 70
2026/07/30 00:41:22.314, 300.93, 100, 74232, 70
2026/07/30 00:41:23.353, 300.39, 100, 74232, 70
2026/07/30 00:41:24.393, 306.16, 100, 74232, 70
2026/07/30 00:41:25.431, 301.32, 100, 74232, 70
2026/07/30 00:41:26.470, 302.11, 100, 74232, 70
2026/07/30 00:41:27.509, 294.62, 100, 74232, 70
2026/07/30 00:41:28.546, 291.82, 100, 74232, 70
2026/07/30 00:41:29.586, 292.67, 100, 74232, 70
2026/07/30 00:41:30.624, 301.45, 100, 74232, 70
2026/07/30 00:41:31.661, 296.58, 100, 74232, 70
2026/07/30 00:41:32.700, 290.84, 100, 74232, 70
2026/07/30 00:41:33.737, 306.99, 100, 74232, 70
2026/07/30 00:41:34.775, 295.60, 100, 74232, 70
2026/07/30 00:41:35.812, 298.31, 100, 74232, 70
2026/07/30 00:41:36.851, 292.07, 100, 74232, 70
2026/07/30 00:41:37.888, 298.90, 100, 74232, 70
2026/07/30 00:41:38.924, 299.38, 100, 74232, 70
2026/07/30 00:41:39.961, 302.30, 100, 74232, 70
2026/07/30 00:41:40.997, 299.89, 100, 74232, 70
2026/07/30 00:41:42.034, 292.50, 100, 74232, 70
2026/07/30 00:41:43.070, 298.51, 100, 74232, 70
2026/07/30 00:41:44.107, 294.03, 100, 74232, 70
2026/07/30 00:41:45.146, 301.33, 100, 74232, 70
2026/07/30 00:41:46.185, 293.85, 100, 74232, 70
2026/07/30 00:41:47.222, 303.68, 100, 74232, 70
2026/07/30 00:41:48.260, 303.27, 100, 74232, 70
2026/07/30 00:41:49.296, 295.71, 100, 74232, 70
2026/07/30 00:41:50.337, 304.44, 100, 74232, 70
2026/07/30 00:41:51.375, 305.43, 100, 74232, 70
2026/07/30 00:41:52.411, 299.20, 100, 74232, 70
2026/07/30 00:41:53.448, 291.88, 100, 74232, 70
2026/07/30 00:41:54.485, 293.84, 100, 74232, 70
2026/07/30 00:41:55.523, 295.11, 100, 74232, 70
2026/07/30 00:41:56.561, 295.59, 100, 74232, 70
2026/07/30 00:41:57.599, 294.51, 100, 74232, 70
2026/07/30 00:41:58.637, 296.78, 100, 74232, 70
2026/07/30 00:41:59.676, 295.22, 100, 74232, 70
2026/07/30 00:42:00.713, 296.37, 100, 74232, 70
2026/07/30 00:42:01.751, 299.02, 100, 74232, 70
2026/07/30 00:42:02.788, 300.27, 100, 74232, 70
2026/07/30 00:42:03.826, 297.06, 100, 74232, 70
2026/07/30 00:42:04.863, 301.43, 100, 74232, 70
2026/07/30 00:42:05.904, 301.05, 100, 74232, 70
2026/07/30 00:42:06.941, 297.26, 100, 74232, 70
2026/07/30 00:42:07.978, 301.11, 100, 74232, 70
2026/07/30 00:42:09.016, 301.64, 100, 74232, 70
2026/07/30 00:42:10.053, 294.31, 100, 74232, 70
2026/07/30 00:42:11.090, 289.24, 100, 74232, 69
2026/07/30 00:42:12.127, 286.45, 100, 74232, 69
2026/07/30 00:42:13.166, 293.54, 100, 74232, 69
2026/07/30 00:42:14.203, 292.65, 100, 74232, 69
2026/07/30 00:42:15.247, 294.52, 100, 74232, 69
2026/07/30 00:42:16.285, 296.10, 100, 74232, 69
2026/07/30 00:42:17.322, 300.18, 100, 74232, 69
2026/07/30 00:42:18.361, 298.70, 100, 74232, 69
2026/07/30 00:42:19.397, 299.79, 100, 74232, 69
2026/07/30 00:42:20.435, 297.55, 100, 74232, 69
2026/07/30 00:42:21.472, 299.20, 100, 74232, 69
2026/07/30 00:42:22.510, 299.09, 100, 74232, 69
2026/07/30 00:42:23.546, 297.15, 100, 74232, 69
2026/07/30 00:42:24.584, 298.43, 100, 74232, 69
2026/07/30 00:42:25.621, 301.34, 100, 74232, 69
2026/07/30 00:42:26.658, 297.82, 100, 74232, 69
2026/07/30 00:42:27.696, 299.20, 100, 74232, 69
2026/07/30 00:42:28.733, 300.96, 100, 74232, 69
2026/07/30 00:42:29.771, 305.04, 100, 74232, 69
2026/07/30 00:42:30.808, 298.04, 100, 74232, 69
2026/07/30 00:42:31.846, 300.77, 100, 74232, 69
2026/07/30 00:42:32.883, 301.35, 100, 74232, 69
2026/07/30 00:42:33.920, 297.95, 100, 74232, 69
2026/07/30 00:42:34.958, 297.15, 100, 74232, 69
2026/07/30 00:42:35.995, 92.05, 57, 74232, 70
2026/07/30 00:42:37.031, 300.93, 100, 74232, 69
2026/07/30 00:42:38.069, 300.37, 100, 74232, 69
2026/07/30 00:42:39.108, 300.96, 100, 74232, 69
2026/07/30 00:42:40.145, 301.94, 100, 74232, 69
2026/07/30 00:42:41.183, 296.48, 100, 74232, 69
2026/07/30 00:42:42.221, 300.07, 100, 74232, 69
2026/07/30 00:42:43.258, 299.48, 100, 74232, 69
2026/07/30 00:42:44.295, 300.63, 100, 74232, 69
2026/07/30 00:42:45.333, 303.00, 100, 74232, 69
2026/07/30 00:42:46.371, 301.83, 100, 74232, 69
2026/07/30 00:42:47.409, 302.59, 100, 74232, 69
2026/07/30 00:42:48.449, 297.93, 100, 74232, 69
2026/07/30 00:42:49.486, 298.88, 100, 74232, 69
2026/07/30 00:42:50.523, 291.29, 100, 74232, 69
2026/07/30 00:42:51.561, 294.71, 100, 74232, 69
2026/07/30 00:42:52.600, 299.69, 100, 74232, 69
2026/07/30 00:42:53.639, 301.05, 100, 74232, 69
2026/07/30 00:42:54.677, 301.34, 100, 74232, 69
2026/07/30 00:42:55.716, 300.68, 100, 74232, 69
2026/07/30 00:42:56.756, 288.99, 100, 74232, 69
2026/07/30 00:42:57.793, 292.67, 100, 74232, 69
2026/07/30 00:42:58.832, 294.43, 100, 74232, 69
2026/07/30 00:42:59.870, 300.95, 100, 74232, 70
2026/07/30 00:43:00.909, 301.74, 100, 74232, 69
2026/07/30 00:43:01.947, 300.67, 100, 74232, 69
2026/07/30 00:43:02.985, 301.54, 100, 74232, 70
2026/07/30 00:43:04.022, 302.59, 100, 74232, 69
2026/07/30 00:43:05.059, 297.35, 100, 74232, 69
2026/07/30 00:43:06.096, 302.33, 100, 74232, 69
2026/07/30 00:43:07.133, 299.20, 100, 74232, 69
2026/07/30 00:43:08.170, 297.45, 100, 74232, 69
2026/07/30 00:43:09.208, 299.87, 100, 74232, 69
2026/07/30 00:43:10.247, 300.95, 100, 74232, 69
2026/07/30 00:43:11.285, 300.37, 100, 74232, 69
2026/07/30 00:43:12.322, 302.92, 100, 74232, 69
2026/07/30 00:43:13.359, 300.46, 100, 74232, 69
2026/07/30 00:43:14.397, 302.51, 100, 74232, 69
2026/07/30 00:43:15.434, 299.57, 100, 74232, 69
2026/07/30 00:43:16.472, 301.13, 100, 74232, 69
2026/07/30 00:43:17.509, 300.27, 100, 74232, 69
2026/07/30 00:43:18.547, 299.19, 100, 74232, 69
2026/07/30 00:43:19.584, 303.62, 100, 74232, 69
2026/07/30 00:43:20.622, 299.40, 100, 74232, 69
2026/07/30 00:43:21.660, 300.66, 100, 74232, 69
2026/07/30 00:43:22.698, 293.43, 100, 74232, 69
2026/07/30 00:43:23.735, 299.27, 100, 74232, 70
2026/07/30 00:43:24.773, 300.95, 100, 74232, 70
2026/07/30 00:43:25.810, 302.61, 100, 74232, 70
2026/07/30 00:43:26.847, 300.92, 100, 74232, 70
2026/07/30 00:43:27.884, 302.90, 100, 74232, 70
2026/07/30 00:43:28.921, 302.63, 100, 74232, 70
2026/07/30 00:43:29.960, 302.52, 100, 74232, 70
2026/07/30 00:43:30.996, 303.51, 100, 74232, 70
2026/07/30 00:43:32.035, 303.38, 100, 74232, 70
2026/07/30 00:43:33.073, 301.45, 100, 74232, 70
2026/07/30 00:43:34.111, 297.92, 100, 74232, 70
2026/07/30 00:43:35.149, 298.98, 100, 74232, 69
2026/07/30 00:43:36.186, 305.35, 100, 74232, 69
2026/07/30 00:43:37.224, 291.31, 100, 74232, 69
2026/07/30 00:43:38.265, 300.08, 100, 74232, 69
2026/07/30 00:43:39.303, 300.65, 100, 74232, 69
2026/07/30 00:43:40.341, 301.34, 100, 74232, 69
2026/07/30 00:43:41.382, 301.26, 100, 74232, 69
2026/07/30 00:43:42.424, 301.74, 100, 74232, 69
2026/07/30 00:43:43.461, 299.99, 100, 74232, 69
2026/07/30 00:43:44.498, 302.71, 100, 74232, 69
2026/07/30 00:43:45.536, 293.55, 100, 74232, 69
2026/07/30 00:43:46.574, 296.08, 100, 74232, 69
2026/07/30 00:43:47.612, 297.06, 100, 74232, 69
2026/07/30 00:43:48.649, 300.93, 100, 74232, 69
2026/07/30 00:43:49.688, 303.70, 100, 74232, 69
2026/07/30 00:43:50.726, 297.45, 100, 74232, 69
2026/07/30 00:43:51.763, 301.34, 100, 74232, 69
2026/07/30 00:43:52.801, 296.73, 100, 74232, 69
2026/07/30 00:43:53.838, 300.27, 100, 74232, 69
2026/07/30 00:43:54.876, 299.49, 100, 74232, 69
2026/07/30 00:43:55.914, 293.27, 100, 74232, 69
2026/07/30 00:43:56.955, 298.52, 100, 74232, 69
2026/07/30 00:43:57.992, 301.05, 100, 74232, 69
2026/07/30 00:43:59.030, 301.83, 100, 74232, 69
2026/07/30 00:44:00.068, 303.19, 100, 74232, 69
2026/07/30 00:44:01.105, 301.35, 100, 74232, 69
2026/07/30 00:44:02.143, 300.35, 100, 74232, 69
2026/07/30 00:44:03.180, 300.38, 100, 74232, 69
2026/07/30 00:44:04.219, 294.23, 100, 74232, 69
2026/07/30 00:44:05.256, 301.98, 100, 74232, 69
2026/07/30 00:44:06.292, 300.76, 100, 74232, 69
2026/07/30 00:44:07.333, 301.14, 100, 74232, 69
2026/07/30 00:44:08.370, 299.76, 100, 74232, 69
2026/07/30 00:44:09.408, 303.27, 100, 74232, 71
2026/07/30 00:44:10.445, 293.76, 100, 74232, 69
2026/07/30 00:44:11.484, 297.92, 100, 74232, 69
2026/07/30 00:44:12.521, 296.77, 100, 74232, 69
2026/07/30 00:44:13.560, 296.39, 100, 74232, 69
2026/07/30 00:44:14.598, 295.89, 100, 74232, 69
2026/07/30 00:44:15.636, 295.69, 100, 74232, 69
2026/07/30 00:44:16.674, 298.32, 100, 74232, 69
2026/07/30 00:44:17.712, 297.62, 100, 74232, 69
2026/07/30 00:44:18.749, 302.01, 100, 74232, 69
2026/07/30 00:44:19.787, 292.57, 100, 74232, 69
2026/07/30 00:44:20.824, 295.02, 100, 74232, 69
2026/07/30 00:44:21.863, 302.22, 100, 74232, 69
2026/07/30 00:44:22.904, 307.20, 100, 74232, 69
2026/07/30 00:44:23.941, 298.32, 100, 74232, 69
2026/07/30 00:44:24.981, 303.20, 100, 74232, 69
2026/07/30 00:44:26.018, 302.43, 40, 74232, 70
2026/07/30 00:44:27.053, 305.92, 100, 74232, 71
2026/07/30 00:44:28.089, 301.64, 100, 74232, 69
2026/07/30 00:44:29.129, 302.03, 100, 74232, 69
2026/07/30 00:44:30.167, 302.40, 100, 74232, 69
2026/07/30 00:44:31.205, 302.23, 100, 74232, 69
2026/07/30 00:44:32.243, 299.97, 100, 74232, 69
2026/07/30 00:44:33.280, 299.99, 100, 74232, 69
2026/07/30 00:44:34.319, 301.55, 100, 74232, 69
2026/07/30 00:44:35.357, 300.48, 100, 74232, 69
2026/07/30 00:44:36.395, 300.66, 100, 74232, 69
2026/07/30 00:44:37.432, 301.73, 100, 74232, 69
2026/07/30 00:44:38.470, 300.55, 100, 74232, 69
2026/07/30 00:44:39.508, 300.06, 100, 74232, 69
2026/07/30 00:44:40.545, 95.63, 0, 74232, 66
2026/07/30 00:44:41.579, 296.54, 100, 74232, 71
2026/07/30 00:44:42.615, 289.06, 100, 74232, 69
2026/07/30 00:44:43.652, 290.62, 100, 74232, 69
2026/07/30 00:44:44.689, 290.03, 100, 74232, 69
2026/07/30 00:44:45.728, 302.04, 100, 74232, 69
2026/07/30 00:44:46.765, 299.31, 100, 74232, 69
2026/07/30 00:44:47.803, 302.10, 100, 74232, 69
2026/07/30 00:44:48.840, 293.45, 100, 74232, 70
2026/07/30 00:44:49.881, 307.56, 100, 74232, 71
2026/07/30 00:44:50.917, 301.05, 100, 74232, 69
2026/07/30 00:44:51.956, 300.08, 100, 74232, 69
2026/07/30 00:44:52.994, 300.37, 100, 74232, 69
2026/07/30 00:44:54.034, 301.81, 100, 74232, 69
2026/07/30 00:44:55.075, 298.22, 100, 74232, 69
2026/07/30 00:44:56.113, 299.78, 100, 74232, 69
2026/07/30 00:44:57.151, 368.40, 0, 74232, 70
2026/07/30 00:44:58.187, 302.62, 100, 74232, 71
2026/07/30 00:44:59.223, 301.45, 100, 74232, 69
2026/07/30 00:45:00.261, 301.34, 100, 74232, 69
2026/07/30 00:45:01.298, 300.18, 100, 74232, 69
2026/07/30 00:45:02.335, 299.89, 100, 74232, 69
2026/07/30 00:45:03.372, 298.52, 100, 74232, 69
2026/07/30 00:45:04.413, 305.98, 100, 74232, 69
2026/07/30 00:45:05.452, 306.11, 100, 74232, 69
2026/07/30 00:45:06.489, 303.46, 100, 74232, 69
2026/07/30 00:45:07.527, 302.82, 100, 74232, 69
2026/07/30 00:45:08.565, 300.46, 100, 74232, 69
2026/07/30 00:45:09.603, 301.34, 100, 74232, 69
2026/07/30 00:45:10.641, 301.54, 100, 74232, 69
2026/07/30 00:45:11.678, 298.41, 100, 74232, 69
2026/07/30 00:45:12.716, 305.64, 100, 74232, 71
2026/07/30 00:45:13.751, 304.54, 100, 74232, 71
2026/07/30 00:45:14.787, 300.56, 100, 74232, 69
2026/07/30 00:45:15.826, 301.63, 100, 74232, 69
2026/07/30 00:45:16.863, 299.29, 100, 74232, 69
2026/07/30 00:45:17.902, 301.28, 100, 74232, 69
2026/07/30 00:45:18.940, 304.19, 100, 74232, 69
2026/07/30 00:45:19.977, 306.56, 100, 74232, 69
2026/07/30 00:45:21.015, 301.58, 100, 74232, 69
2026/07/30 00:45:22.053, 294.92, 100, 74232, 69
2026/07/30 00:45:23.090, 291.31, 100, 74232, 69
2026/07/30 00:45:24.141, 291.97, 100, 74232, 69
2026/07/30 00:45:25.179, 302.39, 100, 74232, 69
2026/07/30 00:45:26.216, 301.60, 100, 74232, 69
2026/07/30 00:45:27.255, 299.79, 100, 74232, 69
2026/07/30 00:45:28.293, 298.62, 100, 74232, 70
2026/07/30 00:45:29.331, 295.27, 100, 74232, 70
2026/07/30 00:45:30.373, 298.31, 100, 74232, 70
2026/07/30 00:45:31.411, 295.70, 100, 74232, 69
2026/07/30 00:45:32.449, 303.68, 100, 74232, 70
2026/07/30 00:45:33.486, 302.89, 100, 74232, 70
2026/07/30 00:45:34.524, 301.24, 100, 74232, 70
2026/07/30 00:45:35.561, 294.61, 100, 74232, 70
2026/07/30 00:45:36.599, 296.95, 100, 74232, 70
2026/07/30 00:45:37.638, 295.97, 100, 74232, 70
2026/07/30 00:45:38.675, 296.18, 100, 74232, 70
2026/07/30 00:45:39.714, 302.78, 100, 74232, 70
2026/07/30 00:45:40.752, 294.90, 100, 74232, 70
2026/07/30 00:45:41.790, 298.51, 100, 74232, 70
2026/07/30 00:45:42.828, 293.15, 100, 74232, 69
2026/07/30 00:45:43.865, 294.52, 100, 74232, 69
2026/07/30 00:45:44.904, 95.89, 100, 74232, 67
2026/07/30 00:45:45.937, 295.79, 100, 74232, 71
2026/07/30 00:45:46.973, 287.80, 100, 74232, 71
2026/07/30 00:45:48.013, 299.39, 100, 74232, 69
2026/07/30 00:45:49.051, 297.72, 100, 74232, 69
2026/07/30 00:45:50.089, 298.84, 100, 74232, 69
2026/07/30 00:45:51.128, 292.07, 100, 74232, 69
2026/07/30 00:45:52.166, 299.89, 100, 74232, 69
2026/07/30 00:45:53.209, 303.01, 100, 74232, 69
2026/07/30 00:45:54.247, 300.95, 100, 74232, 69
2026/07/30 00:45:55.284, 295.40, 100, 74232, 69
2026/07/30 00:45:56.321, 95.24, 15, 74232, 66
2026/07/30 00:45:57.354, 307.06, 100, 74232, 71
2026/07/30 00:45:58.390, 300.97, 100, 74232, 71
2026/07/30 00:45:59.430, 300.96, 100, 74232, 69
2026/07/30 00:46:00.468, 296.96, 100, 74232, 69
2026/07/30 00:46:01.506, 297.67, 100, 74232, 69
2026/07/30 00:46:02.544, 301.54, 100, 74232, 69
2026/07/30 00:46:03.581, 301.93, 100, 74232, 69
2026/07/30 00:46:04.620, 299.60, 100, 74232, 69
2026/07/30 00:46:05.658, 298.22, 100, 74232, 69
2026/07/30 00:46:06.695, 295.60, 100, 74232, 69
2026/07/30 00:46:07.734, 299.68, 100, 74232, 69
2026/07/30 00:46:08.772, 297.82, 100, 74232, 69
2026/07/30 00:46:09.815, 299.70, 100, 74232, 69
2026/07/30 00:46:10.852, 291.79, 100, 74232, 69
2026/07/30 00:46:11.889, 301.64, 100, 74232, 69
2026/07/30 00:46:12.931, 298.41, 100, 74232, 69
2026/07/30 00:46:13.970, 295.50, 100, 74232, 69
2026/07/30 00:46:15.006, 296.55, 100, 74232, 69
2026/07/30 00:46:16.047, 302.03, 100, 74232, 69
2026/07/30 00:46:17.086, 294.33, 100, 74232, 69
2026/07/30 00:46:18.123, 297.73, 100, 74232, 69
2026/07/30 00:46:19.161, 300.47, 100, 74232, 69
2026/07/30 00:46:20.198, 302.73, 100, 74232, 69
2026/07/30 00:46:21.235, 301.54, 100, 74232, 70
2026/07/30 00:46:22.273, 301.63, 100, 74232, 70
2026/07/30 00:46:23.312, 302.07, 100, 74232, 69
2026/07/30 00:46:24.349, 299.67, 100, 74232, 69
2026/07/30 00:46:25.389, 299.00, 100, 74232, 69
2026/07/30 00:46:26.425, 296.87, 100, 74232, 70
2026/07/30 00:46:27.463, 301.72, 100, 74232, 69
2026/07/30 00:46:28.500, 302.03, 100, 74232, 69
2026/07/30 00:46:29.537, 301.31, 100, 74232, 70
2026/07/30 00:46:30.574, 297.46, 100, 74232, 69
2026/07/30 00:46:31.612, 299.29, 100, 74232, 69
2026/07/30 00:46:32.649, 298.92, 100, 74232, 69
2026/07/30 00:46:33.687, 301.94, 100, 74232, 69
2026/07/30 00:46:34.726, 301.14, 100, 74232, 69
2026/07/30 00:46:35.764, 291.11, 100, 74232, 69
2026/07/30 00:46:36.804, 289.92, 100, 74232, 69
2026/07/30 00:46:37.842, 295.80, 100, 74232, 69
2026/07/30 00:46:38.881, 300.85, 100, 74232, 69
2026/07/30 00:46:39.920, 301.82, 100, 74232, 69
2026/07/30 00:46:40.957, 298.71, 100, 74232, 70
2026/07/30 00:46:41.995, 306.90, 100, 74232, 69
2026/07/30 00:46:43.033, 93.61, 0, 74232, 69
2026/07/30 00:46:44.067, 278.63, 100, 74232, 71
2026/07/30 00:46:45.104, 288.56, 100, 74232, 71
2026/07/30 00:46:46.140, 299.88, 100, 74232, 69
2026/07/30 00:46:47.179, 301.52, 100, 74232, 69
2026/07/30 00:46:48.218, 302.29, 100, 74232, 69
2026/07/30 00:46:49.257, 301.34, 100, 74232, 69
2026/07/30 00:46:50.294, 301.62, 100, 74232, 69
2026/07/30 00:46:51.333, 297.17, 100, 74232, 69
2026/07/30 00:46:52.372, 299.49, 100, 74232, 69
2026/07/30 00:46:53.410, 300.56, 100, 74232, 69
2026/07/30 00:46:54.448, 300.35, 100, 74232, 69
2026/07/30 00:46:55.485, 301.71, 100, 74232, 69
2026/07/30 00:46:56.523, 292.19, 100, 74232, 69
2026/07/30 00:46:57.560, 296.18, 100, 74232, 69
2026/07/30 00:46:58.605, 295.77, 100, 74232, 69
2026/07/30 00:46:59.643, 95.24, 0, 74232, 66
2026/07/30 00:47:00.675, 299.14, 100, 74232, 71
2026/07/30 00:47:01.711, 296.25, 100, 74232, 71
2026/07/30 00:47:02.749, 307.01, 100, 74232, 71
2026/07/30 00:47:03.784, 303.38, 100, 74232, 69
2026/07/30 00:47:04.823, 301.03, 100, 74232, 69
2026/07/30 00:47:05.860, 300.26, 100, 74232, 69
2026/07/30 00:47:06.901, 290.70, 100, 74232, 69
2026/07/30 00:47:07.938, 306.01, 100, 74232, 69
2026/07/30 00:47:08.975, 301.80, 100, 74232, 69
2026/07/30 00:47:10.012, 301.73, 100, 74232, 69
2026/07/30 00:47:11.050, 296.47, 100, 74232, 69
2026/07/30 00:47:12.088, 303.65, 100, 74232, 70
2026/07/30 00:47:13.125, 300.74, 100, 74232, 70
2026/07/30 00:47:14.165, 292.77, 100, 74232, 70
2026/07/30 00:47:15.203, 295.52, 100, 74232, 70
2026/07/30 00:47:16.241, 295.60, 100, 74232, 70
2026/07/30 00:47:17.279, 297.63, 100, 74232, 70
2026/07/30 00:47:18.317, 296.87, 100, 74232, 70
2026/07/30 00:47:19.355, 294.42, 100, 74232, 70
2026/07/30 00:47:20.395, 303.11, 100, 74232, 70
2026/07/30 00:47:21.434, 301.99, 100, 74232, 70
2026/07/30 00:47:22.473, 301.34, 100, 74232, 70
2026/07/30 00:47:23.511, 303.29, 100, 74232, 70
2026/07/30 00:47:24.549, 303.89, 100, 74232, 70
2026/07/30 00:47:25.588, 303.38, 100, 74232, 70
2026/07/30 00:47:26.626, 300.42, 100, 74232, 70
2026/07/30 00:47:27.665, 299.38, 100, 74232, 70
2026/07/30 00:47:28.703, 296.28, 100, 74232, 70
2026/07/30 00:47:29.741, 302.82, 100, 74232, 70
2026/07/30 00:47:30.778, 301.25, 100, 74232, 70
2026/07/30 00:47:31.817, 293.07, 100, 74232, 69
2026/07/30 00:47:32.858, 302.78, 100, 74232, 69
2026/07/30 00:47:33.895, 300.58, 100, 74232, 70
2026/07/30 00:47:34.933, 292.67, 100, 74232, 69
2026/07/30 00:47:35.974, 291.79, 100, 74232, 69
2026/07/30 00:47:37.010, 301.54, 100, 74232, 69
2026/07/30 00:47:38.049, 301.44, 100, 74232, 69
2026/07/30 00:47:39.087, 298.01, 100, 74232, 69
2026/07/30 00:47:40.132, 302.22, 100, 74232, 69
2026/07/30 00:47:41.171, 301.43, 100, 74232, 69
2026/07/30 00:47:42.208, 296.16, 100, 74232, 69
2026/07/30 00:47:43.248, 302.34, 100, 74232, 69
2026/07/30 00:47:44.285, 302.61, 100, 74232, 69
2026/07/30 00:47:45.324, 300.96, 100, 74232, 69
2026/07/30 00:47:46.361, 299.89, 100, 74232, 69
2026/07/30 00:47:47.400, 301.81, 100, 74232, 69
2026/07/30 00:47:48.438, 301.82, 100, 74232, 69
2026/07/30 00:47:49.475, 300.46, 100, 74232, 69
2026/07/30 00:47:50.514, 302.32, 100, 74232, 69
2026/07/30 00:47:51.552, 301.59, 100, 74232, 69
2026/07/30 00:47:52.589, 301.05, 100, 74232, 69
2026/07/30 00:47:53.626, 302.41, 100, 74232, 69
2026/07/30 00:47:54.664, 300.85, 100, 74232, 69
2026/07/30 00:47:55.702, 301.24, 100, 74232, 69
2026/07/30 00:47:56.739, 301.85, 100, 74232, 69
2026/07/30 00:47:57.779, 302.41, 100, 74232, 69
2026/07/30 00:47:58.818, 301.34, 100, 74232, 69
2026/07/30 00:47:59.856, 302.70, 100, 74232, 69
2026/07/30 00:48:00.894, 301.25, 100, 74232, 69
2026/07/30 00:48:01.931, 301.15, 100, 74232, 69
2026/07/30 00:48:02.969, 305.87, 100, 74232, 69
2026/07/30 00:48:04.006, 301.45, 100, 74232, 69
2026/07/30 00:48:05.047, 301.73, 100, 74232, 69
2026/07/30 00:48:06.083, 298.31, 100, 74232, 69
2026/07/30 00:48:07.121, 299.98, 100, 74232, 69
2026/07/30 00:48:08.157, 295.00, 100, 74232, 69
2026/07/30 00:48:09.193, 293.45, 100, 74232, 69
2026/07/30 00:48:10.230, 295.29, 100, 74232, 69
2026/07/30 00:48:11.267, 298.24, 100, 74232, 69
2026/07/30 00:48:12.304, 293.46, 100, 74232, 69
2026/07/30 00:48:13.340, 299.13, 100, 74232, 69
2026/07/30 00:48:14.378, 302.71, 100, 74232, 69
2026/07/30 00:48:15.415, 301.32, 100, 74232, 69
2026/07/30 00:48:16.453, 293.65, 53, 74232, 70
2026/07/30 00:48:17.487, 295.09, 100, 74232, 71
2026/07/30 00:48:18.521, 303.67, 100, 74232, 71
2026/07/30 00:48:19.556, 282.52, 100, 74232, 71
2026/07/30 00:48:20.590, 299.29, 100, 74232, 69
2026/07/30 00:48:21.627, 306.58, 100, 74232, 69
2026/07/30 00:48:22.664, 301.94, 100, 74232, 69
2026/07/30 00:48:23.702, 300.37, 100, 74232, 69
2026/07/30 00:48:24.738, 292.18, 100, 74232, 69
2026/07/30 00:48:25.776, 303.18, 100, 74232, 69
2026/07/30 00:48:26.813, 292.29, 100, 74232, 69
2026/07/30 00:48:27.852, 296.36, 100, 74232, 69
2026/07/30 00:48:28.890, 292.17, 100, 74232, 69
2026/07/30 00:48:29.927, 293.14, 100, 74232, 69
2026/07/30 00:48:30.966, 295.80, 100, 74232, 69
2026/07/30 00:48:32.003, 296.75, 100, 74232, 70
2026/07/30 00:48:33.040, 294.81, 100, 74232, 70
2026/07/30 00:48:34.078, 300.00, 100, 74232, 70
2026/07/30 00:48:35.115, 301.70, 100, 74232, 70
2026/07/30 00:48:36.152, 298.63, 100, 74232, 70
2026/07/30 00:48:37.191, 303.58, 100, 74232, 70
2026/07/30 00:48:38.228, 302.31, 100, 74232, 70
2026/07/30 00:48:39.264, 301.43, 100, 74232, 70
2026/07/30 00:48:40.300, 303.88, 100, 74232, 70
2026/07/30 00:48:41.338, 302.80, 100, 74232, 70
2026/07/30 00:48:42.373, 301.73, 100, 74232, 70
2026/07/30 00:48:43.411, 301.15, 100, 74232, 70
2026/07/30 00:48:44.447, 302.52, 100, 74232, 70
2026/07/30 00:48:45.484, 301.71, 100, 74232, 70
2026/07/30 00:48:46.521, 301.02, 100, 74232, 70
2026/07/30 00:48:47.558, 303.00, 100, 74232, 70
2026/07/30 00:48:48.596, 301.93, 100, 74232, 70
2026/07/30 00:48:49.632, 300.57, 100, 74232, 70
2026/07/30 00:48:50.668, 293.26, 100, 74232, 70
2026/07/30 00:48:51.707, 293.55, 100, 74232, 70
2026/07/30 00:48:52.744, 291.61, 100, 74232, 70
2026/07/30 00:48:53.784, 294.52, 100, 74232, 69
2026/07/30 00:48:54.821, 292.76, 100, 74232, 70
2026/07/30 00:48:55.858, 298.14, 100, 74232, 70
2026/07/30 00:48:56.894, 303.00, 100, 74232, 70
2026/07/30 00:48:57.930, 290.82, 100, 74232, 69
2026/07/30 00:48:58.966, 297.74, 100, 74232, 70
2026/07/30 00:49:00.003, 301.43, 100, 74232, 69
2026/07/30 00:49:01.040, 303.08, 100, 74232, 70
2026/07/30 00:49:02.077, 302.31, 100, 74232, 70
2026/07/30 00:49:03.115, 301.15, 100, 74232, 70
2026/07/30 00:49:04.151, 303.11, 100, 74232, 69
2026/07/30 00:49:05.188, 302.31, 100, 74232, 69
2026/07/30 00:49:06.225, 301.24, 100, 74232, 69
2026/07/30 00:49:07.263, 302.52, 100, 74232, 69
2026/07/30 00:49:08.298, 300.66, 100, 74232, 69
2026/07/30 00:49:09.335, 298.81, 100, 74232, 69
2026/07/30 00:49:10.372, 298.91, 100, 74232, 69
2026/07/30 00:49:11.410, 296.48, 100, 74232, 69
2026/07/30 00:49:12.447, 302.99, 100, 74232, 69
2026/07/30 00:49:13.487, 301.82, 100, 74232, 69
2026/07/30 00:49:14.523, 296.58, 100, 74232, 69
2026/07/30 00:49:15.559, 302.92, 100, 74232, 69
2026/07/30 00:49:16.595, 301.43, 100, 74232, 69
2026/07/30 00:49:17.633, 302.68, 100, 74232, 69
2026/07/30 00:49:18.669, 301.34, 100, 74232, 69
2026/07/30 00:49:19.709, 298.80, 100, 74232, 69
2026/07/30 00:49:20.747, 295.11, 100, 74232, 69
2026/07/30 00:49:21.785, 296.96, 100, 74232, 69
2026/07/30 00:49:22.823, 295.50, 100, 74232, 69
2026/07/30 00:49:23.860, 300.37, 100, 74232, 69
2026/07/30 00:49:24.897, 298.12, 100, 74232, 69
2026/07/30 00:49:25.935, 302.40, 100, 74232, 69
2026/07/30 00:49:26.972, 301.11, 100, 74232, 69
2026/07/30 00:49:28.008, 301.94, 100, 74232, 69
2026/07/30 00:49:29.045, 301.15, 100, 74232, 69
2026/07/30 00:49:30.081, 296.35, 100, 74232, 69
2026/07/30 00:49:31.118, 301.63, 100, 74232, 69
2026/07/30 00:49:32.154, 300.84, 100, 74232, 69
2026/07/30 00:49:33.191, 302.71, 100, 74232, 69
2026/07/30 00:49:34.228, 300.96, 100, 74232, 69
2026/07/30 00:49:35.266, 304.36, 100, 74232, 69
2026/07/30 00:49:36.305, 301.83, 100, 74232, 69
2026/07/30 00:49:37.342, 305.24, 100, 74232, 69
2026/07/30 00:49:38.382, 302.61, 100, 74232, 69
2026/07/30 00:49:39.421, 301.24, 100, 74232, 69
2026/07/30 00:49:40.459, 302.02, 100, 74232, 69
2026/07/30 00:49:41.497, 300.94, 100, 74232, 69
2026/07/30 00:49:42.535, 297.95, 100, 74232, 69
2026/07/30 00:49:43.573, 294.03, 100, 74232, 69
2026/07/30 00:49:44.612, 294.81, 100, 74232, 69
2026/07/30 00:49:45.649, 303.79, 100, 74232, 69
2026/07/30 00:49:46.687, 295.51, 100, 74232, 69
2026/07/30 00:49:47.726, 300.28, 100, 74232, 69
2026/07/30 00:49:48.764, 295.50, 100, 74232, 69
2026/07/30 00:49:49.801, 294.03, 100, 74232, 69
2026/07/30 00:49:50.840, 296.08, 100, 74232, 69
2026/07/30 00:49:51.880, 293.64, 100, 74232, 69
2026/07/30 00:49:52.919, 296.56, 100, 74232, 69
2026/07/30 00:49:53.957, 302.10, 100, 74232, 69
2026/07/30 00:49:54.995, 299.50, 100, 74232, 69
2026/07/30 00:49:56.032, 306.11, 100, 74232, 69
2026/07/30 00:49:57.069, 294.03, 100, 74232, 69
2026/07/30 00:49:58.108, 299.70, 100, 74232, 69
2026/07/30 00:49:59.147, 291.31, 100, 74232, 69
2026/07/30 00:50:00.185, 293.36, 100, 74232, 69
2026/07/30 00:50:01.224, 300.56, 100, 74232, 69
2026/07/30 00:50:02.264, 297.53, 100, 74232, 69
2026/07/30 00:50:03.302, 294.71, 100, 74232, 69
2026/07/30 00:50:04.343, 300.58, 100, 74232, 69
2026/07/30 00:50:05.381, 298.79, 100, 74232, 69
2026/07/30 00:50:06.419, 302.61, 100, 74232, 69
2026/07/30 00:50:07.457, 304.35, 100, 74232, 69
2026/07/30 00:50:08.494, 301.93, 100, 74232, 69
2026/07/30 00:50:09.534, 301.24, 100, 74232, 69
2026/07/30 00:50:10.571, 302.32, 100, 74232, 69
2026/07/30 00:50:11.609, 297.36, 100, 74232, 69
2026/07/30 00:50:12.648, 302.90, 100, 74232, 69
2026/07/30 00:50:13.685, 293.55, 100, 74232, 69
2026/07/30 00:50:14.723, 295.49, 100, 74232, 69
2026/07/30 00:50:15.760, 294.82, 100, 74232, 69
2026/07/30 00:50:16.798, 294.62, 100, 74232, 69
2026/07/30 00:50:17.836, 295.11, 100, 74232, 69
2026/07/30 00:50:18.876, 288.11, 100, 74232, 69
2026/07/30 00:50:19.912, 295.32, 100, 74232, 69
2026/07/30 00:50:20.950, 290.94, 100, 74232, 69
2026/07/30 00:50:21.987, 296.09, 100, 74232, 69
2026/07/30 00:50:23.025, 295.01, 100, 74232, 69
2026/07/30 00:50:24.063, 302.22, 100, 74232, 69
2026/07/30 00:50:25.101, 301.83, 100, 74232, 69
2026/07/30 00:50:26.139, 302.98, 100, 74232, 69
2026/07/30 00:50:27.176, 299.29, 100, 74232, 69
2026/07/30 00:50:28.213, 302.33, 100, 74232, 69
2026/07/30 00:50:29.251, 302.02, 100, 74232, 69
2026/07/30 00:50:30.288, 302.78, 100, 74232, 69
2026/07/30 00:50:31.326, 299.80, 100, 74232, 69
2026/07/30 00:50:32.363, 302.81, 100, 74232, 69
2026/07/30 00:50:33.402, 299.39, 100, 74232, 69
2026/07/30 00:50:34.439, 303.07, 100, 74232, 69
2026/07/30 00:50:35.476, 300.86, 100, 74232, 69
2026/07/30 00:50:36.515, 302.23, 100, 74232, 69
2026/07/30 00:50:37.552, 300.67, 100, 74232, 69
2026/07/30 00:50:38.590, 302.62, 100, 74232, 69
2026/07/30 00:50:39.627, 300.27, 100, 74232, 69
2026/07/30 00:50:40.666, 303.89, 100, 74232, 69
2026/07/30 00:50:41.704, 295.01, 100, 74232, 69
2026/07/30 00:50:42.742, 295.48, 100, 74232, 69
2026/07/30 00:50:43.780, 293.85, 100, 74232, 69
2026/07/30 00:50:44.817, 291.01, 100, 74232, 69
2026/07/30 00:50:45.854, 295.39, 100, 74232, 69
2026/07/30 00:50:46.891, 296.67, 100, 74232, 69
2026/07/30 00:50:47.930, 290.93, 100, 74232, 69
2026/07/30 00:50:48.967, 292.55, 100, 74232, 69
2026/07/30 00:50:50.005, 293.36, 100, 74232, 69
2026/07/30 00:50:51.043, 302.01, 100, 74232, 69
2026/07/30 00:50:52.088, 302.61, 100, 74232, 69
2026/07/30 00:50:53.127, 303.30, 100, 74232, 69
2026/07/30 00:50:54.165, 302.37, 100, 74232, 69
2026/07/30 00:50:55.204, 299.59, 100, 74232, 69
2026/07/30 00:50:56.242, 291.00, 100, 74232, 69
2026/07/30 00:50:57.280, 292.27, 100, 74232, 69
2026/07/30 00:50:58.319, 295.19, 100, 74232, 69
2026/07/30 00:50:59.358, 299.98, 100, 74232, 69
2026/07/30 00:51:00.396, 302.90, 100, 74232, 69
2026/07/30 00:51:01.434, 300.92, 100, 74232, 69
2026/07/30 00:51:02.472, 305.23, 100, 74232, 69
2026/07/30 00:51:03.514, 300.46, 100, 74232, 69
2026/07/30 00:51:04.552, 303.30, 100, 74232, 69
2026/07/30 00:51:05.590, 301.60, 100, 74232, 69
2026/07/30 00:51:06.628, 302.37, 100, 74232, 69
2026/07/30 00:51:07.666, 293.64, 100, 74232, 69
2026/07/30 00:51:08.709, 302.71, 100, 74232, 69
2026/07/30 00:51:09.747, 297.53, 100, 74232, 69
2026/07/30 00:51:10.785, 296.08, 100, 74232, 69
2026/07/30 00:51:11.829, 300.05, 100, 74232, 69
2026/07/30 00:51:12.867, 298.05, 100, 74232, 69
2026/07/30 00:51:13.905, 297.82, 100, 74232, 69
2026/07/30 00:51:14.944, 302.12, 100, 74232, 69
2026/07/30 00:51:15.982, 302.42, 100, 74232, 69
2026/07/30 00:51:17.019, 297.45, 100, 74232, 69
2026/07/30 00:51:18.058, 303.43, 100, 74232, 69
2026/07/30 00:51:19.096, 293.74, 100, 74232, 69
2026/07/30 00:51:20.137, 301.41, 100, 74232, 69
2026/07/30 00:51:21.175, 301.04, 100, 74232, 69
2026/07/30 00:51:22.213, 296.08, 100, 74232, 69
2026/07/30 00:51:23.251, 293.54, 100, 74232, 69
2026/07/30 00:51:24.289, 301.34, 100, 74232, 69
2026/07/30 00:51:25.328, 302.22, 100, 74232, 69
2026/07/30 00:51:26.365, 300.84, 100, 74232, 69
2026/07/30 00:51:27.404, 297.35, 100, 74232, 69
2026/07/30 00:51:28.443, 300.18, 100, 74232, 69
2026/07/30 00:51:29.481, 301.63, 100, 74232, 69
2026/07/30 00:51:30.521, 301.15, 100, 74232, 69
2026/07/30 00:51:31.560, 302.51, 100, 74232, 69
2026/07/30 00:51:32.598, 300.67, 100, 74232, 69
2026/07/30 00:51:33.636, 302.02, 100, 74232, 69
2026/07/30 00:51:34.672, 300.07, 100, 74232, 69
2026/07/30 00:51:35.710, 296.27, 100, 74232, 69
2026/07/30 00:51:36.748, 297.93, 100, 74232, 69
2026/07/30 00:51:37.786, 299.11, 100, 74232, 69
2026/07/30 00:51:38.824, 302.98, 100, 74232, 69
2026/07/30 00:51:39.861, 295.87, 100, 74232, 69
2026/07/30 00:51:40.899, 295.31, 100, 74232, 69
2026/07/30 00:51:41.936, 297.92, 100, 74232, 69
2026/07/30 00:51:42.974, 301.83, 100, 74232, 69
2026/07/30 00:51:44.011, 295.12, 100, 74232, 69
2026/07/30 00:51:45.050, 299.95, 100, 74232, 69
2026/07/30 00:51:46.088, 302.22, 100, 74232, 69
2026/07/30 00:51:47.128, 293.65, 100, 74232, 69
2026/07/30 00:51:48.167, 299.10, 100, 74232, 69
2026/07/30 00:51:49.205, 295.99, 100, 74232, 69
2026/07/30 00:51:50.245, 301.81, 100, 74232, 69
2026/07/30 00:51:51.283, 302.61, 100, 74232, 69
2026/07/30 00:51:52.322, 301.83, 100, 74232, 69
2026/07/30 00:51:53.360, 296.75, 100, 74232, 69
2026/07/30 00:51:54.398, 298.92, 100, 74232, 69
2026/07/30 00:51:55.436, 301.74, 100, 74232, 69
2026/07/30 00:51:56.474, 299.86, 100, 74232, 69
2026/07/30 00:51:57.513, 300.75, 100, 74232, 69
2026/07/30 00:51:58.551, 305.81, 100, 74232, 69
2026/07/30 00:51:59.590, 298.99, 100, 74232, 69
2026/07/30 00:52:00.628, 299.19, 100, 74232, 69
2026/07/30 00:52:01.665, 293.84, 100, 74232, 69
2026/07/30 00:52:02.703, 302.50, 100, 74232, 69
2026/07/30 00:52:03.742, 301.83, 100, 74232, 69
2026/07/30 00:52:04.780, 303.19, 100, 74232, 69
2026/07/30 00:52:05.817, 301.91, 100, 74232, 69
2026/07/30 00:52:06.856, 303.30, 100, 74232, 70
2026/07/30 00:52:07.895, 298.81, 100, 74232, 70
2026/07/30 00:52:08.933, 303.20, 100, 74232, 70
2026/07/30 00:52:09.970, 300.94, 100, 74232, 70
2026/07/30 00:52:11.008, 301.34, 100, 74232, 70
2026/07/30 00:52:12.047, 303.09, 100, 74232, 70
2026/07/30 00:52:13.086, 301.93, 100, 74232, 70
2026/07/30 00:52:14.124, 306.38, 100, 74232, 70
2026/07/30 00:52:15.162, 300.46, 100, 74232, 70
2026/07/30 00:52:16.200, 302.61, 100, 74232, 70
2026/07/30 00:52:17.237, 301.43, 100, 74232, 70
2026/07/30 00:52:18.275, 302.40, 100, 74232, 70
2026/07/30 00:52:19.312, 303.27, 100, 74232, 70
2026/07/30 00:52:20.352, 301.90, 100, 74232, 70
2026/07/30 00:52:21.389, 302.90, 100, 74232, 70
2026/07/30 00:52:22.431, 299.49, 100, 74232, 70
2026/07/30 00:52:23.469, 303.11, 100, 74232, 70
2026/07/30 00:52:24.507, 304.56, 100, 74232, 70
2026/07/30 00:52:25.545, 302.90, 100, 74232, 70
2026/07/30 00:52:26.582, 304.15, 100, 74232, 70
2026/07/30 00:52:27.626, 293.75, 100, 74232, 70
2026/07/30 00:52:28.664, 303.57, 100, 74232, 70
2026/07/30 00:52:29.702, 300.03, 100, 74232, 70
2026/07/30 00:52:30.743, 295.88, 100, 74232, 70
2026/07/30 00:52:31.780, 293.06, 100, 74232, 70
2026/07/30 00:52:32.817, 294.52, 100, 74232, 70
2026/07/30 00:52:33.855, 295.49, 100, 74232, 70
2026/07/30 00:52:34.894, 290.45, 100, 74232, 70
2026/07/30 00:52:35.932, 295.49, 100, 74232, 70
2026/07/30 00:52:36.970, 291.09, 100, 74232, 70
2026/07/30 00:52:38.009, 301.14, 100, 74232, 70
2026/07/30 00:52:39.046, 303.00, 100, 74232, 70
2026/07/30 00:52:40.083, 300.72, 100, 74232, 70
2026/07/30 00:52:41.120, 301.54, 100, 74232, 70
2026/07/30 00:52:42.158, 302.90, 100, 74232, 70
2026/07/30 00:52:43.196, 300.47, 100, 74232, 70
2026/07/30 00:52:44.233, 302.40, 100, 74232, 70
2026/07/30 00:52:45.271, 303.19, 100, 74232, 70
2026/07/30 00:52:46.308, 302.68, 100, 74232, 70
2026/07/30 00:52:47.346, 303.19, 100, 74232, 70
2026/07/30 00:52:48.384, 294.20, 100, 74232, 70
2026/07/30 00:52:49.425, 302.40, 100, 74232, 70
2026/07/30 00:52:50.463, 296.06, 100, 74232, 70
2026/07/30 00:52:51.501, 297.45, 100, 74232, 70
2026/07/30 00:52:52.539, 296.65, 100, 74232, 70
2026/07/30 00:52:53.577, 296.77, 100, 74232, 70
2026/07/30 00:52:54.615, 293.95, 100, 74232, 70
2026/07/30 00:52:55.653, 295.80, 100, 74232, 70
2026/07/30 00:52:56.690, 293.53, 100, 74232, 70
2026/07/30 00:52:57.728, 296.17, 100, 74232, 70
2026/07/30 00:52:58.767, 296.67, 100, 74232, 70
2026/07/30 00:52:59.806, 295.21, 100, 74232, 70
2026/07/30 00:53:00.843, 292.66, 100, 74232, 70
2026/07/30 00:53:01.883, 296.37, 100, 74232, 70
2026/07/30 00:53:02.921, 303.38, 100, 74232, 70
2026/07/30 00:53:03.958, 292.28, 100, 74232, 70
2026/07/30 00:53:04.995, 294.42, 100, 74232, 70
2026/07/30 00:53:06.035, 296.58, 100, 74232, 70
2026/07/30 00:53:07.071, 299.68, 100, 74232, 70
2026/07/30 00:53:08.108, 302.68, 100, 74232, 70
2026/07/30 00:53:09.145, 298.33, 100, 74232, 70
2026/07/30 00:53:10.183, 302.03, 100, 74232, 70
2026/07/30 00:53:11.219, 295.88, 100, 74232, 70
2026/07/30 00:53:12.257, 297.83, 100, 74232, 70
2026/07/30 00:53:13.300, 296.77, 100, 74232, 70
2026/07/30 00:53:14.339, 295.88, 100, 74232, 70
2026/07/30 00:53:15.378, 294.03, 100, 74232, 70
2026/07/30 00:53:16.420, 94.64, 42, 74232, 67
2026/07/30 00:53:17.453, 294.56, 100, 74232, 71
2026/07/30 00:53:18.493, 287.72, 100, 74232, 71
2026/07/30 00:53:19.528, 303.77, 100, 74232, 71
2026/07/30 00:53:20.565, 304.16, 100, 74232, 70
2026/07/30 00:53:21.604, 302.90, 100, 74232, 69
2026/07/30 00:53:22.642, 302.49, 100, 74232, 70
2026/07/30 00:53:23.678, 294.62, 100, 74232, 70
2026/07/30 00:53:24.714, 303.87, 100, 74232, 70
2026/07/30 00:53:25.751, 301.93, 100, 74232, 70
2026/07/30 00:53:26.791, 301.03, 100, 74232, 70
2026/07/30 00:53:27.829, 292.27, 100, 74232, 70
2026/07/30 00:53:28.865, 295.68, 100, 74232, 70
2026/07/30 00:53:29.901, 290.72, 100, 74232, 70
2026/07/30 00:53:30.938, 302.41, 100, 74232, 70
2026/07/30 00:53:31.976, 302.81, 100, 74232, 70
2026/07/30 00:53:33.014, 302.22, 100, 74232, 70
2026/07/30 00:53:34.052, 303.78, 100, 74232, 70
2026/07/30 00:53:35.088, 303.08, 100, 74232, 70
2026/07/30 00:53:36.125, 301.45, 100, 74232, 70
2026/07/30 00:53:37.162, 300.51, 100, 74232, 70
2026/07/30 00:53:38.199, 296.37, 100, 74232, 70
2026/07/30 00:53:39.235, 290.71, 100, 74232, 70
2026/07/30 00:53:40.277, 296.09, 100, 74232, 70
2026/07/30 00:53:41.315, 296.07, 100, 74232, 70
2026/07/30 00:53:42.353, 305.04, 100, 74232, 70
2026/07/30 00:53:43.392, 299.97, 100, 74232, 70
2026/07/30 00:53:44.432, 295.89, 100, 74232, 70
2026/07/30 00:53:45.470, 301.15, 100, 74232, 70
2026/07/30 00:53:46.507, 293.54, 100, 74232, 70
2026/07/30 00:53:47.545, 295.68, 100, 74232, 70
2026/07/30 00:53:48.583, 292.87, 100, 74232, 70
2026/07/30 00:53:49.620, 305.73, 100, 74232, 70
2026/07/30 00:53:50.658, 301.72, 100, 74232, 70
2026/07/30 00:53:51.698, 295.80, 100, 74232, 70
2026/07/30 00:53:52.735, 296.18, 100, 74232, 70
2026/07/30 00:53:53.774, 298.43, 100, 74232, 70
2026/07/30 00:53:54.813, 292.51, 100, 74232, 69
2026/07/30 00:53:55.849, 296.07, 100, 74232, 69
2026/07/30 00:53:56.886, 295.01, 100, 74232, 70
2026/07/30 00:53:57.922, 296.76, 100, 74232, 69
2026/07/30 00:53:58.959, 302.96, 100, 74232, 70
2026/07/30 00:53:59.995, 296.55, 100, 74232, 69
2026/07/30 00:54:01.032, 298.90, 100, 74232, 69
2026/07/30 00:54:02.069, 300.82, 100, 74232, 69
2026/07/30 00:54:03.107, 300.06, 100, 74232, 69
2026/07/30 00:54:04.145, 302.71, 100, 74232, 69
2026/07/30 00:54:05.182, 297.45, 100, 74232, 69
2026/07/30 00:54:06.218, 298.70, 100, 74232, 69
2026/07/30 00:54:07.261, 295.89, 100, 74232, 69
2026/07/30 00:54:08.297, 293.83, 100, 74232, 69
2026/07/30 00:54:09.335, 296.86, 100, 74232, 69
2026/07/30 00:54:10.373, 295.01, 100, 74232, 69
2026/07/30 00:54:11.410, 297.55, 100, 74232, 69
2026/07/30 00:54:12.446, 301.84, 100, 74232, 69
2026/07/30 00:54:13.484, 300.84, 100, 74232, 69
2026/07/30 00:54:14.522, 296.27, 100, 74232, 69
2026/07/30 00:54:15.559, 295.61, 100, 74232, 69
2026/07/30 00:54:16.598, 294.99, 100, 74232, 69
2026/07/30 00:54:17.634, 296.08, 100, 74232, 69
2026/07/30 00:54:18.671, 293.74, 100, 74232, 69
2026/07/30 00:54:19.710, 293.16, 100, 74232, 69
2026/07/30 00:54:20.749, 301.53, 100, 74232, 69
2026/07/30 00:54:21.787, 295.42, 100, 74232, 69
2026/07/30 00:54:22.825, 299.01, 100, 74232, 69
2026/07/30 00:54:23.860, 302.90, 100, 74232, 69
2026/07/30 00:54:24.899, 299.11, 100, 74232, 69
2026/07/30 00:54:25.936, 302.59, 100, 74232, 69
2026/07/30 00:54:26.974, 301.02, 100, 74232, 69
2026/07/30 00:54:28.013, 302.90, 100, 74232, 69
2026/07/30 00:54:29.049, 301.44, 100, 74232, 69
2026/07/30 00:54:30.087, 299.68, 100, 74232, 69
2026/07/30 00:54:31.123, 302.12, 100, 74232, 69
2026/07/30 00:54:32.162, 301.05, 100, 74232, 69
2026/07/30 00:54:33.200, 297.54, 100, 74232, 69
2026/07/30 00:54:34.239, 300.38, 100, 74232, 69
2026/07/30 00:54:35.278, 297.93, 100, 74232, 69
2026/07/30 00:54:36.316, 302.31, 100, 74232, 69
2026/07/30 00:54:37.354, 298.41, 100, 74232, 69
2026/07/30 00:54:38.391, 295.89, 100, 74232, 69
2026/07/30 00:54:39.431, 301.44, 100, 74232, 69
2026/07/30 00:54:40.469, 295.30, 100, 74232, 69
2026/07/30 00:54:41.506, 295.70, 100, 74232, 69
2026/07/30 00:54:42.546, 291.78, 100, 74232, 69
2026/07/30 00:54:43.583, 290.92, 100, 74232, 69
2026/07/30 00:54:44.622, 293.15, 100, 74232, 69
2026/07/30 00:54:45.661, 302.71, 100, 74232, 69
2026/07/30 00:54:46.699, 300.29, 100, 74232, 70
2026/07/30 00:54:47.737, 303.79, 100, 74232, 70
2026/07/30 00:54:48.775, 302.12, 100, 74232, 70
2026/07/30 00:54:49.812, 300.45, 100, 74232, 70
2026/07/30 00:54:50.849, 296.26, 100, 74232, 69
2026/07/30 00:54:51.888, 294.22, 100, 74232, 70
2026/07/30 00:54:52.927, 293.34, 100, 74232, 69
2026/07/30 00:54:53.965, 295.11, 100, 74232, 70
2026/07/30 00:54:55.002, 300.27, 100, 74232, 69
2026/07/30 00:54:56.040, 295.61, 100, 74232, 70
2026/07/30 00:54:57.085, 302.43, 100, 74232, 70
2026/07/30 00:54:58.122, 302.33, 100, 74232, 70
2026/07/30 00:54:59.160, 301.64, 100, 74232, 70
2026/07/30 00:55:00.200, 302.86, 100, 74232, 70
2026/07/30 00:55:01.237, 301.63, 100, 74232, 70
2026/07/30 00:55:02.275, 306.95, 100, 74232, 70
2026/07/30 00:55:03.315, 301.72, 100, 74232, 70
2026/07/30 00:55:04.352, 305.68, 100, 74232, 70
2026/07/30 00:55:05.390, 302.81, 100, 74232, 70
2026/07/30 00:55:06.429, 303.23, 100, 74232, 70
2026/07/30 00:55:07.466, 303.19, 100, 74232, 70
2026/07/30 00:55:08.503, 302.12, 100, 74232, 70
2026/07/30 00:55:09.541, 302.99, 100, 74232, 70
2026/07/30 00:55:10.579, 299.80, 100, 74232, 70
2026/07/30 00:55:11.617, 302.90, 100, 74232, 70
2026/07/30 00:55:12.653, 299.39, 100, 74232, 70
2026/07/30 00:55:13.689, 297.35, 100, 74232, 70
2026/07/30 00:55:14.726, 298.23, 100, 74232, 70
2026/07/30 00:55:15.765, 293.55, 100, 74232, 70
2026/07/30 00:55:16.802, 302.92, 100, 74232, 70
2026/07/30 00:55:17.839, 299.87, 100, 74232, 70
2026/07/30 00:55:18.877, 302.31, 100, 74232, 70
2026/07/30 00:55:19.916, 293.95, 100, 74232, 70
2026/07/30 00:55:20.954, 296.77, 100, 74232, 70
2026/07/30 00:55:21.992, 295.49, 100, 74232, 70
2026/07/30 00:55:23.029, 294.52, 100, 74232, 70
2026/07/30 00:55:24.068, 303.57, 100, 74232, 70
2026/07/30 00:55:25.105, 301.55, 100, 74232, 70
2026/07/30 00:55:26.146, 297.36, 100, 74232, 70
2026/07/30 00:55:27.183, 301.55, 100, 74232, 70
2026/07/30 00:55:28.222, 302.85, 100, 74232, 70
2026/07/30 00:55:29.261, 302.61, 100, 74232, 70
2026/07/30 00:55:30.299, 304.75, 100, 74232, 70
2026/07/30 00:55:31.336, 298.81, 100, 74232, 70
2026/07/30 00:55:32.373, 301.05, 100, 74232, 70
2026/07/30 00:55:33.410, 302.51, 100, 74232, 70
2026/07/30 00:55:34.448, 292.39, 100, 74232, 70
2026/07/30 00:55:35.486, 296.28, 100, 74232, 70
2026/07/30 00:55:36.523, 294.24, 100, 74232, 70
2026/07/30 00:55:37.561, 295.79, 100, 74232, 70
2026/07/30 00:55:38.599, 293.15, 100, 74232, 70
2026/07/30 00:55:39.637, 298.03, 100, 74232, 70
2026/07/30 00:55:40.674, 296.27, 100, 74232, 70
2026/07/30 00:55:41.712, 303.76, 100, 74232, 70
2026/07/30 00:55:42.749, 301.25, 100, 74232, 70
2026/07/30 00:55:43.787, 303.00, 100, 74232, 70
2026/07/30 00:55:44.825, 299.97, 100, 74232, 70
2026/07/30 00:55:45.863, 306.42, 100, 74232, 70
2026/07/30 00:55:46.901, 299.76, 100, 74232, 70
2026/07/30 00:55:47.939, 296.47, 100, 74232, 70
2026/07/30 00:55:48.976, 293.93, 100, 74232, 70
2026/07/30 00:55:50.014, 298.22, 100, 74232, 70
2026/07/30 00:55:51.052, 291.99, 100, 74232, 70
2026/07/30 00:55:52.092, 299.30, 100, 74232, 70
2026/07/30 00:55:53.130, 304.17, 100, 74232, 70
2026/07/30 00:55:54.167, 295.50, 100, 74232, 70
2026/07/30 00:55:55.205, 294.33, 100, 74232, 70
2026/07/30 00:55:56.242, 296.96, 100, 74232, 70
2026/07/30 00:55:57.281, 292.96, 100, 74232, 70
2026/07/30 00:55:58.317, 291.80, 100, 74232, 70
2026/07/30 00:55:59.355, 295.49, 100, 74232, 70
2026/07/30 00:56:00.393, 295.40, 100, 74232, 70
2026/07/30 00:56:01.435, 295.42, 100, 74232, 70
2026/07/30 00:56:02.473, 303.18, 100, 74232, 70
2026/07/30 00:56:03.511, 302.05, 100, 74232, 70
2026/07/30 00:56:04.548, 295.48, 100, 74232, 70
2026/07/30 00:56:05.589, 296.68, 100, 74232, 70
2026/07/30 00:56:06.626, 301.34, 100, 74232, 70
2026/07/30 00:56:07.663, 302.52, 100, 74232, 70
2026/07/30 00:56:08.701, 295.88, 100, 74232, 70
2026/07/30 00:56:09.738, 299.40, 100, 74232, 70
2026/07/30 00:56:10.776, 302.18, 100, 74232, 70
2026/07/30 00:56:11.815, 296.95, 100, 74232, 70
2026/07/30 00:56:12.853, 296.57, 100, 74232, 70
2026/07/30 00:56:13.894, 302.92, 100, 74232, 70
2026/07/30 00:56:14.930, 301.53, 100, 74232, 70
2026/07/30 00:56:15.968, 299.40, 100, 74232, 70
2026/07/30 00:56:17.006, 296.08, 100, 74232, 70
2026/07/30 00:56:18.042, 292.18, 100, 74232, 70
2026/07/30 00:56:19.080, 300.72, 100, 74232, 70
2026/07/30 00:56:20.118, 301.15, 100, 74232, 70
2026/07/30 00:56:21.156, 292.28, 100, 74232, 70
2026/07/30 00:56:22.194, 295.79, 100, 74232, 70
2026/07/30 00:56:23.232, 296.28, 100, 74232, 70
2026/07/30 00:56:24.269, 294.04, 100, 74232, 70
2026/07/30 00:56:25.310, 298.22, 100, 74232, 70
2026/07/30 00:56:26.347, 301.54, 100, 74232, 70
2026/07/30 00:56:27.384, 296.96, 100, 74232, 70
2026/07/30 00:56:28.422, 290.81, 100, 74232, 70
2026/07/30 00:56:29.461, 302.42, 100, 74232, 70
2026/07/30 00:56:30.498, 294.13, 100, 74232, 70
2026/07/30 00:56:31.540, 302.93, 100, 74232, 70
2026/07/30 00:56:32.578, 305.29, 100, 74232, 70
2026/07/30 00:56:33.616, 303.84, 100, 74232, 70
2026/07/30 00:56:34.656, 301.93, 100, 74232, 70
2026/07/30 00:56:35.692, 307.88, 100, 74232, 70
2026/07/30 00:56:36.730, 297.94, 100, 74232, 70
2026/07/30 00:56:37.768, 292.49, 100, 74232, 69
2026/07/30 00:56:38.805, 299.59, 100, 74232, 70
2026/07/30 00:56:39.842, 302.50, 100, 74232, 70
2026/07/30 00:56:40.879, 296.46, 100, 74232, 70
2026/07/30 00:56:41.915, 296.27, 100, 74232, 70
2026/07/30 00:56:42.953, 299.99, 100, 74232, 70
2026/07/30 00:56:43.991, 302.61, 100, 74232, 70
2026/07/30 00:56:45.031, 289.26, 100, 74232, 70
2026/07/30 00:56:46.069, 291.78, 100, 74232, 70
2026/07/30 00:56:47.113, 297.64, 100, 74232, 70
2026/07/30 00:56:48.152, 294.70, 100, 74232, 70
2026/07/30 00:56:49.189, 302.80, 100, 74232, 70
2026/07/30 00:56:50.230, 299.00, 100, 74232, 70
2026/07/30 00:56:51.269, 302.41, 100, 74232, 70
2026/07/30 00:56:52.307, 301.43, 100, 74232, 70
2026/07/30 00:56:53.346, 301.54, 100, 74232, 70
2026/07/30 00:56:54.384, 303.49, 100, 74232, 70
2026/07/30 00:56:55.422, 301.24, 100, 74232, 70
2026/07/30 00:56:56.459, 302.41, 100, 74232, 70
2026/07/30 00:56:57.498, 300.08, 100, 74232, 70
2026/07/30 00:56:58.536, 303.00, 100, 74232, 70
2026/07/30 00:56:59.573, 303.76, 100, 74232, 70
2026/07/30 00:57:00.612, 301.61, 100, 74232, 70
2026/07/30 00:57:01.650, 302.79, 100, 74232, 70
2026/07/30 00:57:02.691, 292.75, 100, 74232, 70
2026/07/30 00:57:03.729, 295.79, 100, 74232, 70
2026/07/30 00:57:04.767, 293.94, 100, 74232, 70
2026/07/30 00:57:05.805, 298.23, 100, 74232, 70
2026/07/30 00:57:06.842, 297.82, 100, 74232, 70
2026/07/30 00:57:07.883, 295.88, 100, 74232, 70
2026/07/30 00:57:08.922, 298.40, 100, 74232, 70
2026/07/30 00:57:09.960, 299.28, 100, 74232, 70
2026/07/30 00:57:10.999, 303.29, 100, 74232, 70
2026/07/30 00:57:12.036, 303.39, 100, 74232, 70
2026/07/30 00:57:13.076, 299.40, 100, 74232, 70
2026/07/30 00:57:14.114, 303.17, 100, 74232, 70
2026/07/30 00:57:15.151, 292.96, 100, 74232, 70
2026/07/30 00:57:16.189, 299.40, 100, 74232, 70
2026/07/30 00:57:17.227, 299.28, 100, 74232, 70
2026/07/30 00:57:18.267, 294.81, 100, 74232, 70
2026/07/30 00:57:19.306, 302.90, 100, 74232, 70
2026/07/30 00:57:20.343, 299.77, 100, 74232, 70
2026/07/30 00:57:21.380, 302.61, 100, 74232, 70
2026/07/30 00:57:22.417, 292.85, 100, 74232, 70
2026/07/30 00:57:23.456, 297.83, 100, 74232, 70
2026/07/30 00:57:24.495, 297.44, 100, 74232, 70
2026/07/30 00:57:25.532, 297.25, 100, 74232, 70
2026/07/30 00:57:26.570, 294.73, 100, 74232, 70
2026/07/30 00:57:27.608, 295.01, 100, 74232, 70
2026/07/30 00:57:28.645, 294.04, 100, 74232, 70
2026/07/30 00:57:29.682, 295.49, 100, 74232, 70
2026/07/30 00:57:30.720, 293.35, 100, 74232, 70
2026/07/30 00:57:31.758, 294.33, 100, 74232, 70
2026/07/30 00:57:32.795, 296.76, 100, 74232, 70
2026/07/30 00:57:33.832, 298.70, 100, 74232, 70
2026/07/30 00:57:34.870, 303.00, 100, 74232, 70
2026/07/30 00:57:35.907, 297.34, 100, 74232, 70
2026/07/30 00:57:36.945, 302.50, 100, 74232, 70
2026/07/30 00:57:37.981, 297.24, 100, 74232, 70
2026/07/30 00:57:39.019, 301.82, 100, 74232, 70
2026/07/30 00:57:40.056, 298.04, 100, 74232, 70
2026/07/30 00:57:41.093, 303.11, 100, 74232, 70
2026/07/30 00:57:42.131, 299.80, 100, 74232, 70
2026/07/30 00:57:43.168, 296.96, 100, 74232, 70
2026/07/30 00:57:44.207, 299.01, 100, 74232, 70
2026/07/30 00:57:45.245, 302.22, 100, 74232, 70
2026/07/30 00:57:46.283, 295.31, 100, 74232, 70
2026/07/30 00:57:47.322, 296.77, 100, 74232, 70
2026/07/30 00:57:48.364, 296.95, 100, 74232, 70
2026/07/30 00:57:49.402, 296.27, 100, 74232, 70
2026/07/30 00:57:50.442, 294.81, 100, 74232, 70
2026/07/30 00:57:51.483, 296.18, 100, 74232, 70
2026/07/30 00:57:52.521, 297.84, 100, 74232, 70
2026/07/30 00:57:53.559, 301.74, 100, 74232, 70
2026/07/30 00:57:54.598, 302.79, 100, 74232, 70
2026/07/30 00:57:55.635, 302.89, 100, 74232, 70
2026/07/30 00:57:56.672, 292.85, 100, 74232, 70
2026/07/30 00:57:57.711, 297.16, 100, 74232, 70
2026/07/30 00:57:58.748, 300.01, 100, 74232, 70
2026/07/30 00:57:59.785, 297.15, 100, 74232, 70
2026/07/30 00:58:00.822, 300.63, 100, 74232, 70
2026/07/30 00:58:01.860, 291.89, 100, 74232, 70
2026/07/30 00:58:02.897, 296.96, 100, 74232, 70
2026/07/30 00:58:03.935, 290.83, 100, 74232, 70
2026/07/30 00:58:04.972, 295.40, 100, 74232, 70
2026/07/30 00:58:06.013, 303.30, 100, 74232, 70
2026/07/30 00:58:07.051, 294.62, 100, 74232, 70
2026/07/30 00:58:08.088, 296.56, 100, 74232, 70
2026/07/30 00:58:09.126, 304.27, 100, 74232, 70
2026/07/30 00:58:10.163, 301.92, 100, 74232, 70
2026/07/30 00:58:11.201, 301.52, 100, 74232, 70
2026/07/30 00:58:12.238, 303.31, 100, 74232, 70
2026/07/30 00:58:13.276, 298.02, 100, 74232, 70
2026/07/30 00:58:14.316, 303.09, 100, 74232, 70
2026/07/30 00:58:15.354, 304.17, 100, 74232, 70
2026/07/30 00:58:16.392, 299.99, 100, 74232, 70
2026/07/30 00:58:17.428, 94.55, 0, 74232, 66
2026/07/30 00:58:18.461, 266.37, 100, 74232, 71
2026/07/30 00:58:19.501, 284.79, 100, 74232, 71
2026/07/30 00:58:20.536, 297.11, 100, 74232, 71
2026/07/30 00:58:21.571, 298.14, 100, 74232, 69
2026/07/30 00:58:22.609, 297.25, 100, 74232, 69
2026/07/30 00:58:23.646, 302.02, 100, 74232, 69
2026/07/30 00:58:24.684, 301.82, 100, 74232, 69
2026/07/30 00:58:25.723, 305.05, 100, 74232, 69
2026/07/30 00:58:26.761, 299.89, 100, 74232, 69
2026/07/30 00:58:27.800, 295.11, 100, 74232, 69
2026/07/30 00:58:28.840, 302.99, 100, 74232, 70
2026/07/30 00:58:29.877, 302.03, 100, 74232, 70
2026/07/30 00:58:30.915, 302.31, 100, 74232, 70
2026/07/30 00:58:31.954, 302.97, 100, 74232, 70
2026/07/30 00:58:32.991, 302.22, 100, 74232, 70
2026/07/30 00:58:34.031, 298.52, 100, 74232, 70
2026/07/30 00:58:35.068, 302.60, 100, 74232, 70
2026/07/30 00:58:36.105, 302.03, 100, 74232, 70
2026/07/30 00:58:37.143, 301.54, 100, 74232, 70
2026/07/30 00:58:38.180, 295.89, 100, 74232, 69
2026/07/30 00:58:39.217, 295.98, 100, 74232, 69
2026/07/30 00:58:40.255, 296.57, 100, 74232, 69
2026/07/30 00:58:41.294, 295.99, 100, 74232, 69
2026/07/30 00:58:42.332, 294.81, 100, 74232, 69
2026/07/30 00:58:43.371, 293.24, 100, 74232, 69
2026/07/30 00:58:44.409, 295.19, 100, 74232, 69
2026/07/30 00:58:45.451, 299.16, 100, 74232, 69
2026/07/30 00:58:46.489, 294.61, 100, 74232, 69
2026/07/30 00:58:47.527, 292.68, 100, 74232, 69
2026/07/30 00:58:48.565, 301.74, 100, 74232, 69
2026/07/30 00:58:49.602, 300.47, 100, 74232, 69
2026/07/30 00:58:50.639, 298.32, 100, 74232, 69
2026/07/30 00:58:51.677, 301.61, 100, 74232, 69
2026/07/30 00:58:52.716, 300.65, 100, 74232, 69
2026/07/30 00:58:53.753, 298.41, 100, 74232, 69
2026/07/30 00:58:54.791, 300.96, 100, 74232, 69
2026/07/30 00:58:55.828, 300.06, 100, 74232, 69
2026/07/30 00:58:56.866, 303.09, 100, 74232, 69
2026/07/30 00:58:57.909, 300.66, 100, 74232, 69
2026/07/30 00:58:58.947, 296.68, 100, 74232, 69
2026/07/30 00:58:59.985, 302.11, 100, 74232, 69
2026/07/30 00:59:01.023, 294.03, 100, 74232, 69
2026/07/30 00:59:02.060, 303.01, 100, 74232, 69
2026/07/30 00:59:03.104, 296.27, 100, 74232, 69
2026/07/30 00:59:04.141, 290.92, 100, 74232, 69
2026/07/30 00:59:05.180, 295.98, 100, 74232, 69
2026/07/30 00:59:06.220, 301.62, 100, 74232, 69
2026/07/30 00:59:07.258, 302.21, 100, 74232, 69
2026/07/30 00:59:08.296, 302.23, 100, 74232, 69
2026/07/30 00:59:09.334, 299.99, 100, 74232, 69
2026/07/30 00:59:10.371, 298.62, 100, 74232, 69
2026/07/30 00:59:11.410, 301.51, 100, 74232, 69
2026/07/30 00:59:12.449, 299.69, 100, 74232, 69
2026/07/30 00:59:13.486, 304.63, 100, 74232, 69
2026/07/30 00:59:14.524, 299.49, 100, 74232, 69
2026/07/30 00:59:15.561, 298.79, 100, 74232, 69
2026/07/30 00:59:16.599, 302.02, 100, 74232, 69
2026/07/30 00:59:17.636, 298.52, 100, 74232, 69
2026/07/30 00:59:18.673, 302.81, 100, 74232, 69
2026/07/30 00:59:19.712, 301.64, 100, 74232, 69
2026/07/30 00:59:20.750, 290.61, 100, 74232, 69
2026/07/30 00:59:21.787, 304.07, 100, 74232, 69
2026/07/30 00:59:22.825, 300.77, 100, 74232, 69
2026/07/30 00:59:23.862, 295.58, 100, 74232, 69
2026/07/30 00:59:24.899, 292.96, 100, 74232, 69
2026/07/30 00:59:25.937, 291.20, 100, 74232, 69
2026/07/30 00:59:26.974, 300.96, 100, 74232, 69
2026/07/30 00:59:28.013, 300.86, 100, 74232, 69
2026/07/30 00:59:29.050, 306.62, 100, 74232, 69
2026/07/30 00:59:30.088, 298.90, 100, 74232, 69
2026/07/30 00:59:31.126, 302.89, 100, 74232, 69
2026/07/30 00:59:32.163, 299.50, 100, 74232, 69
2026/07/30 00:59:33.200, 292.93, 100, 74232, 69
2026/07/30 00:59:34.237, 302.48, 100, 74232, 69
2026/07/30 00:59:35.275, 300.07, 100, 74232, 69
2026/07/30 00:59:36.312, 303.27, 100, 74232, 69
2026/07/30 00:59:37.350, 301.14, 100, 74232, 69
2026/07/30 00:59:38.387, 306.30, 100, 74232, 69
2026/07/30 00:59:39.424, 303.19, 100, 74232, 69
2026/07/30 00:59:40.462, 297.92, 100, 74232, 69
2026/07/30 00:59:41.500, 303.30, 100, 74232, 69
2026/07/30 00:59:42.537, 300.94, 100, 74232, 70
2026/07/30 00:59:43.574, 302.98, 100, 74232, 70
2026/07/30 00:59:44.613, 293.93, 100, 74232, 69
2026/07/30 00:59:45.652, 298.33, 100, 74232, 70
2026/07/30 00:59:46.694, 301.82, 100, 74232, 69
2026/07/30 00:59:47.733, 295.41, 100, 74232, 69
2026/07/30 00:59:48.771, 296.77, 100, 74232, 69
2026/07/30 00:59:49.813, 301.17, 100, 74232, 69
2026/07/30 00:59:50.850, 303.38, 100, 74232, 70
2026/07/30 00:59:51.887, 302.33, 100, 74232, 70
2026/07/30 00:59:52.925, 300.65, 100, 74232, 69
2026/07/30 00:59:53.966, 295.40, 100, 74232, 69
2026/07/30 00:59:55.004, 294.83, 100, 74232, 69
2026/07/30 00:59:56.041, 289.26, 100, 74232, 69
2026/07/30 00:59:57.080, 294.81, 100, 74232, 69
2026/07/30 00:59:58.117, 291.40, 100, 74232, 69
2026/07/30 00:59:59.160, 295.99, 100, 74232, 69
2026/07/30 01:00:00.197, 300.27, 100, 74232, 69
2026/07/30 01:00:01.236, 302.20, 100, 74232, 69
2026/07/30 01:00:02.273, 302.22, 100, 74232, 69
2026/07/30 01:00:03.310, 303.08, 100, 74232, 69
2026/07/30 01:00:04.347, 301.34, 100, 74232, 69
2026/07/30 01:00:05.384, 300.25, 100, 74232, 69
2026/07/30 01:00:06.421, 301.59, 100, 74232, 69
2026/07/30 01:00:07.462, 299.68, 100, 74232, 69
2026/07/30 01:00:08.500, 302.09, 100, 74232, 69
2026/07/30 01:00:09.537, 301.12, 100, 74232, 69
2026/07/30 01:00:10.574, 301.14, 100, 74232, 69
2026/07/30 01:00:11.612, 298.01, 100, 74232, 69
2026/07/30 01:00:12.649, 290.03, 100, 74232, 69
2026/07/30 01:00:13.687, 300.62, 100, 74232, 69
2026/07/30 01:00:14.724, 292.47, 100, 74232, 69
2026/07/30 01:00:15.765, 302.88, 100, 74232, 69
2026/07/30 01:00:16.802, 291.88, 100, 74232, 69
2026/07/30 01:00:17.840, 295.29, 100, 74232, 69
2026/07/30 01:00:18.878, 300.55, 100, 74232, 69
2026/07/30 01:00:19.916, 302.88, 100, 74232, 69
2026/07/30 01:00:20.954, 304.49, 100, 74232, 70
2026/07/30 01:00:21.993, 297.45, 100, 74232, 69
2026/07/30 01:00:23.032, 305.33, 100, 74232, 70
2026/07/30 01:00:24.069, 304.77, 100, 74232, 69
2026/07/30 01:00:25.106, 304.81, 15, 74232, 70
2026/07/30 01:00:26.141, 292.08, 100, 74232, 71
2026/07/30 01:00:27.176, 293.46, 100, 74232, 71
2026/07/30 01:00:28.213, 305.49, 100, 74232, 71
2026/07/30 01:00:29.247, 299.47, 100, 74232, 71
2026/07/30 01:00:30.283, 302.62, 100, 74232, 69
2026/07/30 01:00:31.320, 297.74, 100, 74232, 69
2026/07/30 01:00:32.358, 302.21, 100, 74232, 69
2026/07/30 01:00:33.398, 301.02, 100, 74232, 70
2026/07/30 01:00:34.437, 302.88, 100, 74232, 70
2026/07/30 01:00:35.473, 297.14, 100, 74232, 70
2026/07/30 01:00:36.511, 296.36, 100, 74232, 70
2026/07/30 01:00:37.548, 296.96, 100, 74232, 70
2026/07/30 01:00:38.586, 296.10, 100, 74232, 70
2026/07/30 01:00:39.623, 297.25, 100, 74232, 70
2026/07/30 01:00:40.663, 299.97, 100, 74232, 70
2026/07/30 01:00:41.699, 300.52, 100, 74232, 70
2026/07/30 01:00:42.737, 297.07, 100, 74232, 70
2026/07/30 01:00:43.774, 293.33, 100, 74232, 70
2026/07/30 01:00:44.812, 295.80, 100, 74232, 70
2026/07/30 01:00:45.849, 294.82, 100, 74232, 70
2026/07/30 01:00:46.886, 295.39, 100, 74232, 70
2026/07/30 01:00:47.923, 292.88, 100, 74232, 70
2026/07/30 01:00:48.961, 296.36, 100, 74232, 70
2026/07/30 01:00:49.998, 294.23, 100, 74232, 70
2026/07/30 01:00:51.035, 295.39, 100, 74232, 70
2026/07/30 01:00:52.075, 294.91, 100, 74232, 70
2026/07/30 01:00:53.117, 295.98, 100, 74232, 70
2026/07/30 01:00:54.156, 294.51, 100, 74232, 70
2026/07/30 01:00:55.196, 296.28, 100, 74232, 70
2026/07/30 01:00:56.235, 294.81, 100, 74232, 70
2026/07/30 01:00:57.273, 299.87, 100, 74232, 70
2026/07/30 01:00:58.310, 301.72, 100, 74232, 70
2026/07/30 01:00:59.353, 305.12, 100, 74232, 70
2026/07/30 01:01:00.392, 299.49, 100, 74232, 70
2026/07/30 01:01:01.431, 303.48, 100, 74232, 70
2026/07/30 01:01:02.471, 302.40, 100, 74232, 70
2026/07/30 01:01:03.507, 302.69, 100, 74232, 70
2026/07/30 01:01:04.547, 302.90, 100, 74232, 70
2026/07/30 01:01:05.584, 296.95, 100, 74232, 70
2026/07/30 01:01:06.622, 301.32, 100, 74232, 70
2026/07/30 01:01:07.660, 303.20, 100, 74232, 70
2026/07/30 01:01:08.697, 302.21, 100, 74232, 70
2026/07/30 01:01:09.734, 296.38, 100, 74232, 70
2026/07/30 01:01:10.772, 294.23, 100, 74232, 70
2026/07/30 01:01:11.809, 297.06, 100, 74232, 70
2026/07/30 01:01:12.845, 294.52, 100, 74232, 70
2026/07/30 01:01:13.883, 296.08, 100, 74232, 70
2026/07/30 01:01:14.920, 300.45, 100, 74232, 70
2026/07/30 01:01:15.960, 302.99, 100, 74232, 70
2026/07/30 01:01:16.998, 299.00, 100, 74232, 70
2026/07/30 01:01:18.035, 302.71, 100, 74232, 70
2026/07/30 01:01:19.073, 300.07, 100, 74232, 70
2026/07/30 01:01:20.110, 301.14, 100, 74232, 70
2026/07/30 01:01:21.147, 299.39, 100, 74232, 70
2026/07/30 01:01:22.184, 299.21, 100, 74232, 70
2026/07/30 01:01:23.222, 302.70, 100, 74232, 70
2026/07/30 01:01:24.259, 297.93, 100, 74232, 69
2026/07/30 01:01:25.298, 299.39, 100, 74232, 69
2026/07/30 01:01:26.335, 295.99, 100, 74232, 69
2026/07/30 01:01:27.375, 297.15, 100, 74232, 69
2026/07/30 01:01:28.412, 301.26, 100, 74232, 69
2026/07/30 01:01:29.451, 298.73, 100, 74232, 69
2026/07/30 01:01:30.488, 299.99, 100, 74232, 69
2026/07/30 01:01:31.526, 302.70, 100, 74232, 69
2026/07/30 01:01:32.564, 300.96, 100, 74232, 69
2026/07/30 01:01:33.601, 301.83, 100, 74232, 69
2026/07/30 01:01:34.638, 299.60, 100, 74232, 69
2026/07/30 01:01:35.675, 303.11, 100, 74232, 69
2026/07/30 01:01:36.712, 302.51, 100, 74232, 69
2026/07/30 01:01:37.749, 301.92, 100, 74232, 69
2026/07/30 01:01:38.789, 303.01, 100, 74232, 69
2026/07/30 01:01:39.826, 299.20, 100, 74232, 69
2026/07/30 01:01:40.864, 302.96, 100, 74232, 69
2026/07/30 01:01:41.903, 300.08, 100, 74232, 69
2026/07/30 01:01:42.941, 302.44, 100, 74232, 69
2026/07/30 01:01:43.981, 299.18, 100, 74232, 69
2026/07/30 01:01:45.017, 302.48, 100, 74232, 69
2026/07/30 01:01:46.056, 299.08, 100, 74232, 69
2026/07/30 01:01:47.094, 300.64, 100, 74232, 69
2026/07/30 01:01:48.133, 296.57, 100, 74232, 69
2026/07/30 01:01:49.170, 290.80, 100, 74232, 69
2026/07/30 01:01:50.207, 294.62, 100, 74232, 69
2026/07/30 01:01:51.244, 300.88, 100, 74232, 69
2026/07/30 01:01:52.282, 302.52, 100, 74232, 69
2026/07/30 01:01:53.319, 297.05, 100, 74232, 69
2026/07/30 01:01:54.357, 294.03, 100, 74232, 69
2026/07/30 01:01:55.398, 298.14, 100, 74232, 69
2026/07/30 01:01:56.437, 299.49, 100, 74232, 69
2026/07/30 01:01:57.475, 301.92, 100, 74232, 69
2026/07/30 01:01:58.516, 300.86, 100, 74232, 69
2026/07/30 01:01:59.554, 302.02, 100, 74232, 69
2026/07/30 01:02:00.592, 302.41, 100, 74232, 69
2026/07/30 01:02:01.630, 299.11, 100, 74232, 69
2026/07/30 01:02:02.668, 302.12, 100, 74232, 69
2026/07/30 01:02:03.706, 299.21, 100, 74232, 69
2026/07/30 01:02:04.744, 296.07, 100, 74232, 69
2026/07/30 01:02:05.780, 300.96, 100, 74232, 70
2026/07/30 01:02:06.817, 301.64, 100, 74232, 69
2026/07/30 01:02:07.855, 295.49, 100, 74232, 70
2026/07/30 01:02:08.904, 296.46, 100, 74232, 70
2026/07/30 01:02:09.942, 299.20, 100, 74232, 70
2026/07/30 01:02:10.978, 295.48, 100, 74232, 70
2026/07/30 01:02:12.016, 299.80, 100, 74232, 70
2026/07/30 01:02:13.053, 302.41, 100, 74232, 70
2026/07/30 01:02:14.089, 298.42, 100, 74232, 70
2026/07/30 01:02:15.131, 296.07, 100, 74232, 70
2026/07/30 01:02:16.168, 293.26, 100, 74232, 70
2026/07/30 01:02:17.205, 293.93, 100, 74232, 70
2026/07/30 01:02:18.242, 296.87, 100, 74232, 70
2026/07/30 01:02:19.278, 302.23, 100, 74232, 70
2026/07/30 01:02:20.316, 296.28, 100, 74232, 70
2026/07/30 01:02:21.353, 290.92, 100, 74232, 70
2026/07/30 01:02:22.392, 296.27, 100, 74232, 70
2026/07/30 01:02:23.428, 288.58, 100, 74232, 69
2026/07/30 01:02:24.472, 291.41, 100, 74232, 70
2026/07/30 01:02:25.511, 296.18, 100, 74232, 70
2026/07/30 01:02:26.547, 296.36, 100, 74232, 70
2026/07/30 01:02:27.585, 300.56, 100, 74232, 70
2026/07/30 01:02:28.622, 303.54, 100, 74232, 70
2026/07/30 01:02:29.660, 293.33, 100, 74232, 70
2026/07/30 01:02:30.696, 295.60, 100, 74232, 70
2026/07/30 01:02:31.739, 292.75, 100, 74232, 70
2026/07/30 01:02:32.776, 300.48, 100, 74232, 70
2026/07/30 01:02:33.813, 300.18, 100, 74232, 70
2026/07/30 01:02:34.850, 304.85, 100, 74232, 70
2026/07/30 01:02:35.887, 303.87, 100, 74232, 70
2026/07/30 01:02:36.925, 291.89, 100, 74232, 70
2026/07/30 01:02:37.961, 296.37, 100, 74232, 70
2026/07/30 01:02:39.000, 293.33, 100, 74232, 70
2026/07/30 01:02:40.037, 297.95, 100, 74232, 70
2026/07/30 01:02:41.073, 303.08, 100, 74232, 70
2026/07/30 01:02:42.110, 305.92, 100, 74232, 70
2026/07/30 01:02:43.147, 301.91, 100, 74232, 70
2026/07/30 01:02:44.184, 304.68, 100, 74232, 70
2026/07/30 01:02:45.221, 301.93, 100, 74232, 70
2026/07/30 01:02:46.259, 305.83, 100, 74232, 70
2026/07/30 01:02:47.296, 299.11, 100, 74232, 70
2026/07/30 01:02:48.332, 303.28, 100, 74232, 70
2026/07/30 01:02:49.368, 298.62, 100, 74232, 70
2026/07/30 01:02:50.405, 301.12, 100, 74232, 70
2026/07/30 01:02:51.442, 302.89, 100, 74232, 70
2026/07/30 01:02:52.479, 300.96, 100, 74232, 70
2026/07/30 01:02:53.518, 295.68, 100, 74232, 70
2026/07/30 01:02:54.555, 295.98, 100, 74232, 69
2026/07/30 01:02:55.594, 295.30, 100, 74232, 70
2026/07/30 01:02:56.632, 302.61, 100, 74232, 70
2026/07/30 01:02:57.672, 295.60, 100, 74232, 69
2026/07/30 01:02:58.710, 302.01, 100, 74232, 70
2026/07/30 01:02:59.747, 303.49, 100, 74232, 70
2026/07/30 01:03:00.784, 299.87, 100, 74232, 70
2026/07/30 01:03:01.821, 302.50, 100, 74232, 70
2026/07/30 01:03:02.859, 299.00, 100, 74232, 70
2026/07/30 01:03:03.895, 301.05, 100, 74232, 70
2026/07/30 01:03:04.932, 303.48, 100, 74232, 70
2026/07/30 01:03:05.969, 300.17, 100, 74232, 70
2026/07/30 01:03:07.007, 301.83, 100, 74232, 70
2026/07/30 01:03:08.044, 303.76, 100, 74232, 70
2026/07/30 01:03:09.082, 301.34, 100, 74232, 70
2026/07/30 01:03:10.119, 301.74, 100, 74232, 70
2026/07/30 01:03:11.156, 102.78, 100, 74232, 67
2026/07/30 01:03:12.188, 301.72, 100, 74232, 71
2026/07/30 01:03:13.224, 309.27, 100, 74232, 71
2026/07/30 01:03:14.259, 274.14, 100, 74232, 71
2026/07/30 01:03:15.293, 299.61, 100, 74232, 71
2026/07/30 01:03:16.328, 275.02, 100, 74232, 71
2026/07/30 01:03:17.368, 292.80, 100, 74232, 71
2026/07/30 01:03:18.402, 301.73, 100, 74232, 69
2026/07/30 01:03:19.441, 301.86, 100, 74232, 69
2026/07/30 01:03:20.477, 301.33, 100, 74232, 69
2026/07/30 01:03:21.516, 301.52, 100, 74232, 69
2026/07/30 01:03:22.552, 296.39, 100, 74232, 69
2026/07/30 01:03:23.588, 301.53, 100, 74232, 69
2026/07/30 01:03:24.625, 302.90, 100, 74232, 69
2026/07/30 01:03:25.662, 294.71, 100, 74232, 69
2026/07/30 01:03:26.699, 302.00, 100, 74232, 69
2026/07/30 01:03:27.736, 304.35, 100, 74232, 70
2026/07/30 01:03:28.774, 299.26, 100, 74232, 70
2026/07/30 01:03:29.811, 302.31, 100, 74232, 70
2026/07/30 01:03:30.848, 303.68, 100, 74232, 70
2026/07/30 01:03:31.885, 298.52, 100, 74232, 70
2026/07/30 01:03:32.922, 302.70, 100, 74232, 70
2026/07/30 01:03:33.961, 303.10, 100, 74232, 70
2026/07/30 01:03:34.997, 297.25, 100, 74232, 70
2026/07/30 01:03:36.033, 301.71, 100, 74232, 70
2026/07/30 01:03:37.070, 302.90, 100, 74232, 70
2026/07/30 01:03:38.108, 298.22, 100, 74232, 70
2026/07/30 01:03:39.144, 301.49, 100, 74232, 70
2026/07/30 01:03:40.181, 302.81, 100, 74232, 70
2026/07/30 01:03:41.219, 300.75, 100, 74232, 70
2026/07/30 01:03:42.255, 301.64, 100, 74232, 70
2026/07/30 01:03:43.291, 303.49, 100, 74232, 69
2026/07/30 01:03:44.329, 301.44, 100, 74232, 69
2026/07/30 01:03:45.367, 300.18, 100, 74232, 69
2026/07/30 01:03:46.405, 302.17, 100, 74232, 69
2026/07/30 01:03:47.441, 302.41, 100, 74232, 69
2026/07/30 01:03:48.485, 302.90, 100, 74232, 69
2026/07/30 01:03:49.522, 300.08, 100, 74232, 69
2026/07/30 01:03:50.558, 302.11, 100, 74232, 69
2026/07/30 01:03:51.594, 302.89, 100, 74232, 69
2026/07/30 01:03:52.630, 303.09, 100, 74232, 69
2026/07/30 01:03:53.667, 301.21, 100, 74232, 69
2026/07/30 01:03:54.703, 302.31, 100, 74232, 69
2026/07/30 01:03:55.740, 303.88, 100, 74232, 69
2026/07/30 01:03:56.777, 300.84, 100, 74232, 69
2026/07/30 01:03:57.813, 302.61, 100, 74232, 69
2026/07/30 01:03:58.849, 295.78, 100, 74232, 69
2026/07/30 01:03:59.886, 299.31, 100, 74232, 69
2026/07/30 01:04:00.923, 302.42, 100, 74232, 69
2026/07/30 01:04:01.961, 298.22, 100, 74232, 69
2026/07/30 01:04:02.998, 300.83, 100, 74232, 69
2026/07/30 01:04:04.035, 301.82, 100, 74232, 69
2026/07/30 01:04:05.072, 297.15, 100, 74232, 69
2026/07/30 01:04:06.110, 298.62, 100, 74232, 69
2026/07/30 01:04:07.146, 302.12, 100, 74232, 69
2026/07/30 01:04:08.182, 305.92, 100, 74232, 69
2026/07/30 01:04:09.219, 298.60, 100, 74232, 69
2026/07/30 01:04:10.257, 299.46, 100, 74232, 69
2026/07/30 01:04:11.294, 296.27, 100, 74232, 70
2026/07/30 01:04:12.331, 298.71, 100, 74232, 70
2026/07/30 01:04:13.368, 302.50, 100, 74232, 70
2026/07/30 01:04:14.405, 303.41, 100, 74232, 70
2026/07/30 01:04:15.442, 297.95, 100, 74232, 70
2026/07/30 01:04:16.479, 295.02, 100, 74232, 70
2026/07/30 01:04:17.517, 297.24, 100, 74232, 70
2026/07/30 01:04:18.557, 293.45, 100, 74232, 70
2026/07/30 01:04:19.594, 302.27, 100, 74232, 70
2026/07/30 01:04:20.631, 302.80, 100, 74232, 70
2026/07/30 01:04:21.668, 302.72, 100, 74232, 70
2026/07/30 01:04:22.705, 303.17, 100, 74232, 70
2026/07/30 01:04:23.742, 298.73, 100, 74232, 70
2026/07/30 01:04:24.780, 302.32, 100, 74232, 70
2026/07/30 01:04:25.819, 304.08, 100, 74232, 70
2026/07/30 01:04:26.856, 298.99, 100, 74232, 70
2026/07/30 01:04:27.896, 303.68, 100, 74232, 70
2026/07/30 01:04:28.932, 303.48, 100, 74232, 70
2026/07/30 01:04:29.969, 308.54, 100, 74232, 70
2026/07/30 01:04:31.007, 302.90, 100, 74232, 70
2026/07/30 01:04:32.045, 303.50, 100, 74232, 70
2026/07/30 01:04:33.083, 295.28, 100, 74232, 70
2026/07/30 01:04:34.120, 298.51, 100, 74232, 70
2026/07/30 01:04:35.157, 302.21, 100, 74232, 70
2026/07/30 01:04:36.195, 299.21, 100, 74232, 70
2026/07/30 01:04:37.232, 294.12, 100, 74232, 69
2026/07/30 01:04:38.268, 296.56, 100, 74232, 69
2026/07/30 01:04:39.306, 292.56, 100, 74232, 69
2026/07/30 01:04:40.343, 292.27, 100, 74232, 69
2026/07/30 01:04:41.380, 295.57, 100, 74232, 69
2026/07/30 01:04:42.417, 296.67, 100, 74232, 69
2026/07/30 01:04:43.455, 293.37, 100, 74232, 69
2026/07/30 01:04:44.492, 301.93, 100, 74232, 70
2026/07/30 01:04:45.528, 303.48, 100, 74232, 70
2026/07/30 01:04:46.565, 301.34, 100, 74232, 69
2026/07/30 01:04:47.602, 294.05, 100, 74232, 69
2026/07/30 01:04:48.640, 296.09, 100, 74232, 70
2026/07/30 01:04:49.681, 300.77, 100, 74232, 70
2026/07/30 01:04:50.717, 300.08, 100, 74232, 70
2026/07/30 01:04:51.753, 303.78, 100, 74232, 70
2026/07/30 01:04:52.791, 298.60, 100, 74232, 70
2026/07/30 01:04:53.828, 293.74, 100, 74232, 70
2026/07/30 01:04:54.866, 296.95, 100, 74232, 70
2026/07/30 01:04:55.905, 293.45, 100, 74232, 69
2026/07/30 01:04:56.943, 292.29, 100, 74232, 70
2026/07/30 01:04:57.989, 302.02, 100, 74232, 70
2026/07/30 01:04:59.028, 302.61, 100, 74232, 70
2026/07/30 01:05:00.066, 302.80, 100, 74232, 70
2026/07/30 01:05:01.102, 297.93, 100, 74232, 70
2026/07/30 01:05:02.140, 302.79, 100, 74232, 70
2026/07/30 01:05:03.177, 303.68, 100, 74232, 70
2026/07/30 01:05:04.214, 303.87, 100, 74232, 69
2026/07/30 01:05:05.251, 301.89, 100, 74232, 69
2026/07/30 01:05:06.288, 303.01, 100, 74232, 69
2026/07/30 01:05:07.324, 303.19, 100, 74232, 69
2026/07/30 01:05:08.361, 297.08, 100, 74232, 69
2026/07/30 01:05:09.397, 300.96, 100, 74232, 69
2026/07/30 01:05:10.435, 301.15, 100, 74232, 69
2026/07/30 01:05:11.471, 302.22, 100, 74232, 69
2026/07/30 01:05:12.509, 298.43, 100, 74232, 69
2026/07/30 01:05:13.546, 291.20, 100, 74232, 69
2026/07/30 01:05:14.586, 294.42, 100, 74232, 69
2026/07/30 01:05:15.622, 292.17, 100, 74232, 69
2026/07/30 01:05:16.659, 292.58, 100, 74232, 69
2026/07/30 01:05:17.695, 299.11, 100, 74232, 69
2026/07/30 01:05:18.731, 302.31, 100, 74232, 69
2026/07/30 01:05:19.767, 296.58, 100, 74232, 69
2026/07/30 01:05:20.805, 306.97, 100, 74232, 69
2026/07/30 01:05:21.843, 297.43, 100, 74232, 69
2026/07/30 01:05:22.882, 298.71, 100, 74232, 69
2026/07/30 01:05:23.919, 301.91, 100, 74232, 69
2026/07/30 01:05:24.955, 306.39, 100, 74232, 69
2026/07/30 01:05:25.993, 300.76, 100, 74232, 69
2026/07/30 01:05:27.030, 302.61, 100, 74232, 69
2026/07/30 01:05:28.068, 292.96, 100, 74232, 69
2026/07/30 01:05:29.107, 293.45, 100, 74232, 69
2026/07/30 01:05:30.143, 296.56, 100, 74232, 69
2026/07/30 01:05:31.180, 295.59, 100, 74232, 69
2026/07/30 01:05:32.217, 292.48, 100, 74232, 69
2026/07/30 01:05:33.255, 302.03, 100, 74232, 69
2026/07/30 01:05:34.290, 301.90, 100, 74232, 69
2026/07/30 01:05:35.326, 304.91, 100, 74232, 69
2026/07/30 01:05:36.365, 299.60, 100, 74232, 69
2026/07/30 01:05:37.402, 297.74, 100, 74232, 69
2026/07/30 01:05:38.443, 303.30, 100, 74232, 69
2026/07/30 01:05:39.480, 298.03, 100, 74232, 69
2026/07/30 01:05:40.518, 302.89, 100, 74232, 69
2026/07/30 01:05:41.554, 294.72, 100, 74232, 69
2026/07/30 01:05:42.591, 296.85, 100, 74232, 69
2026/07/30 01:05:43.630, 292.10, 100, 74232, 69
2026/07/30 01:05:44.666, 300.05, 100, 74232, 69
2026/07/30 01:05:45.704, 301.93, 100, 74232, 69
2026/07/30 01:05:46.741, 303.48, 100, 74232, 69
2026/07/30 01:05:47.778, 303.49, 100, 74232, 69
2026/07/30 01:05:48.815, 293.55, 100, 74232, 69
2026/07/30 01:05:49.853, 302.42, 100, 74232, 69
2026/07/30 01:05:50.890, 304.16, 100, 74232, 70
2026/07/30 01:05:51.930, 304.07, 100, 74232, 70
2026/07/30 01:05:52.966, 300.86, 100, 74232, 70
2026/07/30 01:05:54.002, 302.99, 100, 74232, 70
2026/07/30 01:05:55.038, 295.98, 100, 74232, 70
2026/07/30 01:05:56.074, 298.40, 100, 74232, 70
2026/07/30 01:05:57.111, 294.90, 100, 74232, 70
2026/07/30 01:05:58.148, 300.09, 100, 74232, 70
2026/07/30 01:05:59.185, 301.34, 100, 74232, 70
2026/07/30 01:06:00.223, 293.66, 100, 74232, 70
2026/07/30 01:06:01.259, 295.21, 100, 74232, 70
2026/07/30 01:06:02.295, 297.35, 100, 74232, 70
2026/07/30 01:06:03.332, 304.67, 100, 74232, 70
2026/07/30 01:06:04.372, 304.23, 100, 74232, 70
2026/07/30 01:06:05.408, 288.65, 100, 74232, 70
2026/07/30 01:06:06.446, 295.80, 100, 74232, 70
2026/07/30 01:06:07.485, 296.48, 100, 74232, 70
2026/07/30 01:06:08.523, 303.29, 100, 74232, 70
2026/07/30 01:06:09.560, 299.11, 100, 74232, 70
2026/07/30 01:06:10.597, 302.42, 100, 74232, 70
2026/07/30 01:06:11.635, 303.78, 100, 74232, 70
2026/07/30 01:06:12.673, 304.36, 100, 74232, 70
2026/07/30 01:06:13.711, 296.96, 100, 74232, 70
2026/07/30 01:06:14.750, 301.93, 100, 74232, 70
2026/07/30 01:06:15.789, 295.49, 100, 74232, 69
2026/07/30 01:06:16.828, 296.18, 100, 74232, 69
2026/07/30 01:06:17.866, 296.38, 100, 74232, 69
2026/07/30 01:06:18.904, 296.67, 100, 74232, 69
2026/07/30 01:06:19.942, 295.78, 100, 74232, 69
2026/07/30 01:06:20.979, 296.76, 100, 74232, 69
2026/07/30 01:06:22.017, 295.89, 100, 74232, 69
2026/07/30 01:06:23.055, 295.97, 100, 74232, 70
2026/07/30 01:06:24.096, 298.79, 100, 74232, 70
2026/07/30 01:06:25.134, 295.02, 100, 74232, 70
2026/07/30 01:06:26.172, 295.69, 100, 74232, 69
2026/07/30 01:06:27.211, 298.03, 100, 74232, 69
2026/07/30 01:06:28.249, 296.47, 100, 74232, 69
2026/07/30 01:06:29.288, 294.23, 100, 74232, 70
2026/07/30 01:06:30.326, 296.08, 100, 74232, 70
2026/07/30 01:06:31.364, 303.46, 100, 74232, 70
2026/07/30 01:06:32.402, 303.97, 100, 74232, 70
2026/07/30 01:06:33.439, 294.71, 100, 74232, 70
2026/07/30 01:06:34.476, 296.77, 100, 74232, 70
2026/07/30 01:06:35.517, 295.89, 100, 74232, 70
2026/07/30 01:06:36.555, 296.64, 100, 74232, 70
2026/07/30 01:06:37.604, 302.40, 100, 74232, 70
2026/07/30 01:06:38.642, 294.92, 100, 74232, 70
2026/07/30 01:06:39.680, 296.74, 100, 74232, 70
2026/07/30 01:06:40.719, 293.36, 100, 74232, 70
2026/07/30 01:06:41.756, 292.28, 100, 74232, 70
2026/07/30 01:06:42.795, 293.94, 100, 74232, 70
2026/07/30 01:06:43.834, 296.66, 100, 74232, 70
2026/07/30 01:06:44.871, 303.97, 100, 74232, 70
2026/07/30 01:06:45.908, 294.83, 100, 74232, 70
2026/07/30 01:06:46.945, 302.88, 100, 74232, 70
2026/07/30 01:06:47.983, 297.54, 100, 74232, 70
2026/07/30 01:06:49.022, 302.69, 100, 74232, 70
2026/07/30 01:06:50.062, 300.09, 100, 74232, 70
2026/07/30 01:06:51.099, 300.96, 100, 74232, 70
2026/07/30 01:06:52.139, 301.14, 100, 74232, 70
2026/07/30 01:06:53.177, 302.42, 100, 74232, 70
2026/07/30 01:06:54.216, 303.89, 100, 74232, 70
2026/07/30 01:06:55.254, 292.96, 100, 74232, 69
2026/07/30 01:06:56.293, 298.91, 100, 74232, 69
2026/07/30 01:06:57.332, 301.23, 100, 74232, 69
2026/07/30 01:06:58.370, 290.24, 100, 74232, 69
2026/07/30 01:06:59.408, 295.70, 100, 74232, 69
2026/07/30 01:07:00.445, 292.87, 100, 74232, 69
2026/07/30 01:07:01.483, 303.97, 100, 74232, 69
2026/07/30 01:07:02.522, 293.23, 100, 74232, 69
2026/07/30 01:07:03.559, 296.94, 100, 74232, 69
2026/07/30 01:07:04.597, 294.52, 100, 74232, 69
2026/07/30 01:07:05.634, 298.70, 100, 74232, 69
2026/07/30 01:07:06.672, 303.87, 100, 74232, 69
2026/07/30 01:07:07.710, 293.06, 100, 74232, 69
2026/07/30 01:07:08.750, 292.57, 100, 74232, 69
2026/07/30 01:07:09.788, 294.33, 100, 74232, 69
2026/07/30 01:07:10.825, 295.78, 100, 74232, 69
2026/07/30 01:07:11.863, 302.39, 100, 74232, 69
2026/07/30 01:07:12.900, 303.11, 100, 74232, 69
2026/07/30 01:07:13.938, 307.58, 100, 74232, 69
2026/07/30 01:07:14.975, 302.92, 100, 74232, 69
2026/07/30 01:07:16.013, 299.31, 100, 74232, 70
2026/07/30 01:07:17.050, 302.23, 100, 74232, 70
2026/07/30 01:07:18.087, 300.94, 100, 74232, 70
2026/07/30 01:07:19.125, 303.39, 100, 74232, 70
2026/07/30 01:07:20.163, 303.97, 100, 74232, 70
2026/07/30 01:07:21.206, 303.40, 100, 74232, 70
2026/07/30 01:07:22.244, 296.77, 100, 74232, 70
2026/07/30 01:07:23.283, 292.59, 100, 74232, 70
2026/07/30 01:07:24.323, 296.58, 100, 74232, 70
2026/07/30 01:07:25.360, 299.01, 100, 74232, 70
2026/07/30 01:07:26.399, 295.89, 100, 74232, 70
2026/07/30 01:07:27.437, 302.51, 100, 74232, 70
2026/07/30 01:07:28.476, 297.06, 100, 74232, 70
2026/07/30 01:07:29.520, 302.28, 100, 74232, 70
2026/07/30 01:07:30.559, 293.45, 100, 74232, 70
2026/07/30 01:07:31.597, 293.64, 100, 74232, 70
2026/07/30 01:07:32.637, 299.40, 100, 74232, 70
2026/07/30 01:07:33.675, 302.99, 100, 74232, 70
2026/07/30 01:07:34.713, 303.68, 100, 74232, 70
2026/07/30 01:07:35.751, 304.37, 100, 74232, 70
2026/07/30 01:07:36.788, 303.38, 100, 74232, 70
2026/07/30 01:07:37.826, 308.17, 100, 74232, 70
2026/07/30 01:07:38.864, 301.83, 100, 74232, 70
2026/07/30 01:07:39.902, 303.48, 100, 74232, 70
2026/07/30 01:07:40.939, 302.90, 100, 74232, 70
2026/07/30 01:07:41.979, 304.45, 100, 74232, 70
2026/07/30 01:07:43.016, 300.18, 100, 74232, 70
2026/07/30 01:07:44.055, 305.24, 100, 74232, 70
2026/07/30 01:07:45.092, 296.08, 100, 74232, 70
2026/07/30 01:07:46.138, 296.37, 100, 74232, 70
2026/07/30 01:07:47.175, 297.06, 100, 74232, 70
2026/07/30 01:07:48.212, 297.16, 100, 74232, 70
2026/07/30 01:07:49.249, 291.88, 100, 74232, 70
2026/07/30 01:07:50.286, 297.54, 100, 74232, 70
2026/07/30 01:07:51.325, 295.20, 100, 74232, 70
2026/07/30 01:07:52.362, 297.55, 100, 74232, 70
2026/07/30 01:07:53.399, 295.59, 100, 74232, 70
2026/07/30 01:07:54.437, 296.85, 100, 74232, 70
2026/07/30 01:07:55.478, 297.35, 100, 74232, 70
2026/07/30 01:07:56.515, 294.04, 100, 74232, 70
2026/07/30 01:07:57.557, 290.99, 100, 74232, 70
2026/07/30 01:07:58.595, 302.22, 100, 74232, 70
2026/07/30 01:07:59.631, 303.46, 100, 74232, 70
2026/07/30 01:08:00.670, 303.00, 100, 74232, 70
2026/07/30 01:08:01.707, 296.86, 100, 74232, 70
2026/07/30 01:08:02.745, 297.26, 100, 74232, 70
2026/07/30 01:08:03.782, 297.73, 100, 74232, 70
2026/07/30 01:08:04.822, 291.98, 100, 74232, 70
2026/07/30 01:08:05.859, 296.66, 100, 74232, 70
2026/07/30 01:08:06.897, 294.52, 100, 74232, 69
2026/07/30 01:08:07.935, 301.24, 100, 74232, 70
2026/07/30 01:08:08.972, 301.24, 100, 74232, 69
2026/07/30 01:08:10.011, 296.36, 100, 74232, 69
2026/07/30 01:08:11.049, 304.28, 100, 74232, 69
2026/07/30 01:08:12.087, 95.76, 33, 74232, 66
2026/07/30 01:08:13.120, 293.95, 100, 74232, 71
2026/07/30 01:08:14.157, 276.14, 100, 74232, 71
2026/07/30 01:08:15.197, 290.23, 100, 74232, 71
2026/07/30 01:08:16.235, 297.04, 100, 74232, 71
2026/07/30 01:08:17.270, 282.40, 100, 74232, 71
2026/07/30 01:08:18.311, 294.43, 100, 74232, 71
2026/07/30 01:08:19.345, 299.19, 100, 74232, 69
2026/07/30 01:08:20.384, 301.89, 100, 74232, 69
2026/07/30 01:08:21.421, 302.33, 100, 74232, 69
2026/07/30 01:08:22.457, 299.11, 100, 74232, 69
2026/07/30 01:08:23.493, 301.53, 100, 74232, 69
2026/07/30 01:08:24.536, 295.39, 100, 74232, 69
2026/07/30 01:08:25.573, 298.82, 100, 74232, 69
2026/07/30 01:08:26.609, 302.12, 100, 74232, 69
2026/07/30 01:08:27.645, 295.51, 100, 74232, 69
2026/07/30 01:08:28.682, 299.01, 100, 74232, 69
2026/07/30 01:08:29.719, 299.40, 100, 74232, 69
2026/07/30 01:08:30.755, 302.99, 100, 74232, 69
2026/07/30 01:08:31.793, 290.43, 100, 74232, 69
2026/07/30 01:08:32.829, 301.73, 100, 74232, 69
2026/07/30 01:08:33.868, 296.96, 100, 74232, 69
2026/07/30 01:08:34.904, 294.90, 100, 74232, 69
2026/07/30 01:08:35.940, 291.40, 100, 74232, 69
2026/07/30 01:08:36.976, 296.46, 100, 74232, 69
2026/07/30 01:08:38.012, 296.87, 100, 74232, 69
2026/07/30 01:08:39.049, 301.53, 100, 74232, 70
2026/07/30 01:08:40.088, 302.82, 100, 74232, 70
2026/07/30 01:08:41.126, 307.47, 100, 74232, 70
2026/07/30 01:08:42.163, 302.11, 100, 74232, 70
2026/07/30 01:08:43.201, 303.94, 100, 74232, 70
2026/07/30 01:08:44.237, 295.87, 100, 74232, 69
2026/07/30 01:08:45.274, 295.78, 100, 74232, 70
2026/07/30 01:08:46.313, 296.18, 100, 74232, 70
2026/07/30 01:08:47.351, 301.55, 100, 74232, 70
2026/07/30 01:08:48.390, 295.41, 100, 74232, 70
2026/07/30 01:08:49.428, 291.21, 100, 74232, 70
2026/07/30 01:08:50.464, 296.46, 100, 74232, 70
2026/07/30 01:08:51.501, 303.54, 100, 74232, 70
2026/07/30 01:08:52.543, 293.35, 100, 74232, 70
2026/07/30 01:08:53.581, 296.08, 100, 74232, 70
2026/07/30 01:08:54.618, 302.22, 100, 74232, 70
2026/07/30 01:08:55.655, 302.14, 100, 74232, 70
2026/07/30 01:08:56.694, 303.59, 100, 74232, 70
2026/07/30 01:08:57.732, 297.54, 100, 74232, 70
2026/07/30 01:08:58.768, 298.23, 100, 74232, 70
2026/07/30 01:08:59.805, 304.47, 100, 74232, 70
2026/07/30 01:09:00.842, 301.03, 100, 74232, 70
2026/07/30 01:09:01.879, 300.76, 100, 74232, 70
2026/07/30 01:09:02.916, 302.43, 100, 74232, 70
2026/07/30 01:09:03.955, 293.84, 100, 74232, 70
2026/07/30 01:09:04.993, 295.09, 100, 74232, 70
2026/07/30 01:09:06.030, 290.52, 100, 74232, 70
2026/07/30 01:09:07.070, 295.97, 100, 74232, 70
2026/07/30 01:09:08.107, 293.36, 100, 74232, 70
2026/07/30 01:09:09.144, 297.74, 100, 74232, 70
2026/07/30 01:09:10.182, 298.14, 100, 74232, 70
2026/07/30 01:09:11.218, 301.53, 100, 74232, 70
2026/07/30 01:09:12.255, 296.56, 100, 74232, 70
2026/07/30 01:09:13.292, 304.65, 100, 74232, 70
2026/07/30 01:09:14.331, 305.49, 100, 74232, 70
2026/07/30 01:09:15.367, 290.23, 100, 74232, 70
2026/07/30 01:09:16.408, 296.68, 100, 74232, 70
2026/07/30 01:09:17.444, 295.11, 100, 74232, 70
2026/07/30 01:09:18.481, 294.43, 100, 74232, 70
2026/07/30 01:09:19.518, 296.37, 100, 74232, 70
2026/07/30 01:09:20.556, 293.36, 100, 74232, 70
2026/07/30 01:09:21.593, 294.14, 100, 74232, 70
2026/07/30 01:09:22.630, 295.60, 100, 74232, 70
2026/07/30 01:09:23.667, 291.60, 100, 74232, 70
2026/07/30 01:09:24.705, 291.99, 100, 74232, 69
2026/07/30 01:09:25.747, 295.09, 100, 74232, 69
2026/07/30 01:09:26.785, 296.85, 100, 74232, 70
2026/07/30 01:09:27.821, 300.63, 100, 74232, 70
2026/07/30 01:09:28.859, 301.43, 100, 74232, 70
2026/07/30 01:09:29.896, 300.07, 100, 74232, 69
2026/07/30 01:09:30.936, 299.57, 100, 74232, 69
2026/07/30 01:09:31.972, 299.97, 100, 74232, 69
2026/07/30 01:09:33.009, 302.62, 100, 74232, 69
2026/07/30 01:09:34.045, 298.78, 100, 74232, 69
2026/07/30 01:09:35.084, 295.27, 100, 74232, 69
2026/07/30 01:09:36.121, 295.48, 100, 74232, 69
2026/07/30 01:09:37.156, 297.15, 100, 74232, 69
2026/07/30 01:09:38.194, 295.89, 100, 74232, 69
2026/07/30 01:09:39.231, 290.82, 100, 74232, 69
2026/07/30 01:09:40.268, 296.28, 100, 74232, 69
2026/07/30 01:09:41.305, 294.22, 100, 74232, 70
2026/07/30 01:09:42.342, 290.82, 100, 74232, 70
2026/07/30 01:09:43.379, 296.77, 100, 74232, 70
2026/07/30 01:09:44.416, 292.48, 100, 74232, 70
2026/07/30 01:09:45.452, 300.26, 100, 74232, 70
2026/07/30 01:09:46.489, 303.87, 100, 74232, 70
2026/07/30 01:09:47.527, 302.14, 100, 74232, 70
2026/07/30 01:09:48.563, 299.61, 100, 74232, 70
2026/07/30 01:09:49.599, 302.61, 100, 74232, 70
2026/07/30 01:09:50.636, 304.19, 100, 74232, 70
2026/07/30 01:09:51.672, 304.76, 100, 74232, 70
2026/07/30 01:09:52.708, 302.20, 100, 74232, 70
2026/07/30 01:09:53.745, 303.19, 100, 74232, 70
2026/07/30 01:09:54.782, 301.43, 100, 74232, 70
2026/07/30 01:09:55.820, 301.82, 100, 74232, 70
2026/07/30 01:09:56.856, 303.67, 100, 74232, 70
2026/07/30 01:09:57.894, 299.65, 100, 74232, 70
2026/07/30 01:09:58.931, 299.70, 100, 74232, 70
2026/07/30 01:09:59.968, 303.17, 100, 74232, 70
2026/07/30 01:10:01.006, 303.87, 100, 74232, 70
2026/07/30 01:10:02.044, 302.60, 100, 74232, 70
2026/07/30 01:10:03.080, 295.70, 100, 74232, 70
2026/07/30 01:10:04.117, 292.69, 100, 74232, 70
2026/07/30 01:10:05.153, 294.02, 100, 74232, 70
2026/07/30 01:10:06.192, 300.83, 100, 74232, 70
2026/07/30 01:10:07.229, 298.53, 100, 74232, 70
2026/07/30 01:10:08.270, 293.18, 100, 74232, 70
2026/07/30 01:10:09.307, 300.07, 100, 74232, 70
2026/07/30 01:10:10.348, 301.34, 100, 74232, 70
2026/07/30 01:10:11.389, 296.47, 100, 74232, 70
2026/07/30 01:10:12.425, 303.11, 100, 74232, 70
2026/07/30 01:10:13.463, 292.17, 100, 74232, 70
2026/07/30 01:10:14.502, 296.58, 100, 74232, 70
2026/07/30 01:10:15.540, 295.30, 100, 74232, 70
2026/07/30 01:10:16.579, 297.07, 100, 74232, 70
2026/07/30 01:10:17.618, 293.17, 100, 74232, 70
2026/07/30 01:10:18.656, 293.64, 100, 74232, 70
2026/07/30 01:10:19.693, 295.00, 100, 74232, 70
2026/07/30 01:10:20.730, 303.78, 100, 74232, 70
2026/07/30 01:10:21.767, 298.33, 100, 74232, 70
2026/07/30 01:10:22.804, 295.10, 100, 74232, 70
2026/07/30 01:10:23.839, 296.28, 100, 74232, 70
2026/07/30 01:10:24.877, 292.96, 100, 74232, 70
2026/07/30 01:10:25.914, 295.89, 100, 74232, 70
2026/07/30 01:10:26.952, 302.80, 100, 74232, 70
2026/07/30 01:10:27.990, 304.58, 100, 74232, 70
2026/07/30 01:10:29.026, 303.40, 100, 74232, 70
2026/07/30 01:10:30.069, 293.45, 100, 74232, 70
2026/07/30 01:10:31.107, 301.54, 100, 74232, 70
2026/07/30 01:10:32.143, 300.36, 100, 74232, 70
2026/07/30 01:10:33.182, 299.59, 100, 74232, 70
2026/07/30 01:10:34.220, 301.43, 100, 74232, 70
2026/07/30 01:10:35.258, 303.78, 100, 74232, 70
2026/07/30 01:10:36.295, 303.29, 100, 74232, 70
2026/07/30 01:10:37.332, 298.16, 100, 74232, 70
2026/07/30 01:10:38.368, 303.09, 100, 74232, 70
2026/07/30 01:10:39.407, 295.19, 100, 74232, 70
2026/07/30 01:10:40.444, 293.45, 100, 74232, 70
2026/07/30 01:10:41.486, 292.56, 100, 74232, 70
2026/07/30 01:10:42.522, 296.27, 100, 74232, 70
2026/07/30 01:10:43.560, 295.68, 100, 74232, 70
2026/07/30 01:10:44.598, 296.18, 100, 74232, 70
2026/07/30 01:10:45.637, 296.77, 100, 74232, 70
2026/07/30 01:10:46.680, 300.53, 100, 74232, 70
2026/07/30 01:10:47.718, 302.71, 100, 74232, 70
2026/07/30 01:10:48.754, 300.27, 100, 74232, 70
2026/07/30 01:10:49.791, 296.87, 100, 74232, 70
2026/07/30 01:10:50.828, 294.63, 100, 74232, 70
2026/07/30 01:10:51.866, 303.20, 100, 74232, 70
2026/07/30 01:10:52.904, 303.39, 100, 74232, 70
2026/07/30 01:10:53.945, 300.65, 100, 74232, 70
2026/07/30 01:10:54.982, 294.92, 100, 74232, 70
2026/07/30 01:10:56.020, 297.44, 100, 74232, 70
2026/07/30 01:10:57.060, 296.67, 100, 74232, 70
2026/07/30 01:10:58.097, 297.24, 100, 74232, 70
2026/07/30 01:10:59.134, 303.10, 100, 74232, 70
2026/07/30 01:11:00.172, 295.10, 100, 74232, 70
2026/07/30 01:11:01.213, 295.99, 100, 74232, 70
2026/07/30 01:11:02.251, 303.67, 100, 74232, 70
2026/07/30 01:11:03.288, 300.85, 100, 74232, 70
2026/07/30 01:11:04.324, 303.76, 100, 74232, 70
2026/07/30 01:11:05.363, 305.34, 100, 74232, 70
2026/07/30 01:11:06.401, 296.86, 100, 74232, 70
2026/07/30 01:11:07.438, 295.21, 100, 74232, 70
2026/07/30 01:11:08.485, 296.38, 100, 74232, 70
2026/07/30 01:11:09.528, 297.15, 100, 74232, 70
2026/07/30 01:11:10.565, 293.07, 100, 74232, 70
2026/07/30 01:11:11.604, 296.07, 100, 74232, 70
2026/07/30 01:11:12.640, 301.74, 100, 74232, 70
2026/07/30 01:11:13.677, 304.09, 100, 74232, 70
2026/07/30 01:11:14.714, 294.72, 100, 74232, 70
2026/07/30 01:11:15.752, 300.37, 100, 74232, 70
2026/07/30 01:11:16.788, 302.98, 100, 74232, 70
2026/07/30 01:11:17.826, 304.73, 100, 74232, 70
2026/07/30 01:11:18.862, 294.90, 100, 74232, 70
2026/07/30 01:11:19.898, 299.80, 100, 74232, 70
2026/07/30 01:11:20.935, 303.39, 100, 74232, 70
2026/07/30 01:11:21.977, 304.46, 100, 74232, 70
2026/07/30 01:11:23.014, 303.97, 100, 74232, 70
2026/07/30 01:11:24.051, 302.23, 100, 74232, 70
2026/07/30 01:11:25.088, 303.06, 100, 74232, 70
2026/07/30 01:11:26.124, 292.77, 100, 74232, 70
2026/07/30 01:11:27.161, 305.03, 100, 74232, 70
2026/07/30 01:11:28.198, 294.12, 100, 74232, 70
2026/07/30 01:11:29.235, 297.55, 100, 74232, 70
2026/07/30 01:11:30.273, 303.19, 100, 74232, 70
2026/07/30 01:11:31.310, 304.25, 100, 74232, 70
2026/07/30 01:11:32.346, 298.14, 100, 74232, 70
2026/07/30 01:11:33.383, 291.41, 100, 74232, 70
2026/07/30 01:11:34.420, 296.28, 100, 74232, 70
2026/07/30 01:11:35.457, 293.65, 100, 74232, 70
2026/07/30 01:11:36.498, 304.27, 100, 74232, 70
2026/07/30 01:11:37.535, 301.70, 100, 74232, 70
2026/07/30 01:11:38.573, 299.98, 100, 74232, 70
2026/07/30 01:11:39.609, 296.77, 100, 74232, 70
2026/07/30 01:11:40.645, 297.06, 100, 74232, 70
2026/07/30 01:11:41.682, 294.35, 100, 74232, 70
2026/07/30 01:11:42.718, 296.18, 100, 74232, 70
2026/07/30 01:11:43.755, 291.80, 100, 74232, 69
2026/07/30 01:11:44.794, 296.85, 100, 74232, 70
2026/07/30 01:11:45.831, 291.80, 100, 74232, 70
2026/07/30 01:11:46.869, 301.39, 100, 74232, 69
2026/07/30 01:11:47.906, 294.52, 100, 74232, 69
2026/07/30 01:11:48.944, 302.70, 100, 74232, 69
2026/07/30 01:11:49.980, 303.00, 100, 74232, 70
2026/07/30 01:11:51.016, 300.58, 100, 74232, 69
2026/07/30 01:11:52.052, 296.95, 100, 74232, 69
2026/07/30 01:11:53.088, 296.18, 100, 74232, 69
2026/07/30 01:11:54.125, 292.67, 100, 74232, 69
2026/07/30 01:11:55.161, 293.17, 100, 74232, 69
2026/07/30 01:11:56.197, 292.18, 100, 74232, 69
2026/07/30 01:11:57.237, 296.07, 100, 74232, 69
2026/07/30 01:11:58.273, 298.81, 100, 74232, 69
2026/07/30 01:11:59.313, 295.98, 100, 74232, 69
2026/07/30 01:12:00.350, 302.72, 100, 74232, 69
2026/07/30 01:12:01.386, 299.70, 100, 74232, 69
2026/07/30 01:12:02.423, 300.56, 100, 74232, 69
2026/07/30 01:12:03.463, 292.46, 100, 74232, 69
2026/07/30 01:12:04.501, 298.03, 100, 74232, 69
2026/07/30 01:12:05.537, 299.30, 100, 74232, 69
2026/07/30 01:12:06.574, 295.99, 100, 74232, 69
2026/07/30 01:12:07.610, 296.56, 100, 74232, 69
2026/07/30 01:12:08.646, 293.27, 100, 74232, 69
2026/07/30 01:12:09.688, 296.16, 100, 74232, 69
2026/07/30 01:12:10.730, 301.25, 100, 74232, 69
2026/07/30 01:12:11.766, 296.85, 100, 74232, 69
2026/07/30 01:12:12.807, 291.60, 100, 74232, 69
2026/07/30 01:12:13.845, 292.87, 100, 74232, 69
2026/07/30 01:12:14.882, 292.57, 100, 74232, 69
2026/07/30 01:12:15.919, 295.79, 100, 74232, 69
2026/07/30 01:12:16.962, 295.50, 100, 74232, 69
2026/07/30 01:12:18.000, 305.05, 100, 74232, 69
2026/07/30 01:12:19.037, 293.45, 100, 74232, 69
2026/07/30 01:12:20.075, 294.83, 100, 74232, 69
2026/07/30 01:12:21.113, 297.93, 100, 74232, 69
2026/07/30 01:12:22.151, 296.58, 100, 74232, 69
2026/07/30 01:12:23.189, 307.09, 100, 74232, 69
2026/07/30 01:12:24.229, 303.07, 100, 74232, 69
2026/07/30 01:12:25.267, 299.19, 100, 74232, 69
2026/07/30 01:12:26.304, 301.72, 100, 74232, 69
2026/07/30 01:12:27.342, 301.02, 100, 74232, 69
2026/07/30 01:12:28.379, 303.11, 100, 74232, 69
2026/07/30 01:12:29.417, 303.17, 100, 74232, 69
2026/07/30 01:12:30.455, 303.10, 100, 74232, 69
2026/07/30 01:12:31.495, 298.91, 100, 74232, 69
2026/07/30 01:12:32.535, 295.10, 100, 74232, 69
2026/07/30 01:12:33.572, 293.73, 100, 74232, 69
2026/07/30 01:12:34.611, 298.60, 100, 74232, 69
2026/07/30 01:12:35.650, 304.07, 100, 74232, 69
2026/07/30 01:12:36.689, 296.77, 100, 74232, 69
2026/07/30 01:12:37.726, 293.54, 100, 74232, 69
2026/07/30 01:12:38.767, 294.62, 100, 74232, 69
2026/07/30 01:12:39.804, 301.64, 100, 74232, 69
2026/07/30 01:12:40.842, 302.33, 100, 74232, 69
2026/07/30 01:12:41.879, 307.06, 100, 74232, 69
2026/07/30 01:12:42.918, 293.55, 100, 74232, 69
2026/07/30 01:12:43.956, 287.89, 100, 74232, 69
2026/07/30 01:12:44.994, 294.33, 100, 74232, 69
2026/07/30 01:12:46.032, 295.49, 100, 74232, 69
2026/07/30 01:12:47.070, 295.41, 100, 74232, 69
2026/07/30 01:12:48.108, 303.30, 100, 74232, 69
2026/07/30 01:12:49.149, 298.82, 100, 74232, 69
2026/07/30 01:12:50.186, 300.74, 100, 74232, 69
2026/07/30 01:12:51.224, 297.76, 100, 74232, 69
2026/07/30 01:12:52.262, 301.42, 100, 74232, 69
2026/07/30 01:12:53.301, 300.72, 100, 74232, 69
2026/07/30 01:12:54.338, 302.90, 100, 74232, 70
2026/07/30 01:12:55.377, 303.18, 100, 74232, 69
2026/07/30 01:12:56.415, 302.80, 100, 74232, 69
2026/07/30 01:12:57.452, 297.25, 100, 74232, 69
2026/07/30 01:12:58.492, 292.86, 100, 74232, 69
2026/07/30 01:12:59.530, 301.67, 100, 74232, 70
2026/07/30 01:13:00.568, 299.70, 100, 74232, 70
2026/07/30 01:13:01.606, 303.68, 100, 74232, 70
2026/07/30 01:13:02.647, 296.38, 100, 74232, 70
2026/07/30 01:13:03.685, 292.77, 100, 74232, 70
2026/07/30 01:13:04.723, 296.76, 100, 74232, 70
2026/07/30 01:13:05.761, 294.03, 100, 74232, 70
2026/07/30 01:13:06.798, 291.72, 100, 74232, 70
2026/07/30 01:13:07.838, 295.70, 100, 74232, 70
2026/07/30 01:13:08.875, 302.61, 100, 74232, 70
2026/07/30 01:13:09.914, 296.37, 100, 74232, 70
2026/07/30 01:13:10.952, 293.25, 100, 74232, 70
2026/07/30 01:13:11.990, 293.55, 100, 74232, 70
2026/07/30 01:13:13.028, 94.64, 0, 74232, 66
2026/07/30 01:13:14.060, 283.62, 100, 74232, 71
2026/07/30 01:13:15.096, 295.59, 100, 74232, 71
2026/07/30 01:13:16.132, 298.81, 100, 74232, 71
2026/07/30 01:13:17.172, 292.58, 100, 74232, 71
2026/07/30 01:13:18.207, 292.17, 100, 74232, 71
2026/07/30 01:13:19.244, 297.92, 100, 74232, 70
2026/07/30 01:13:20.283, 294.31, 100, 74232, 69
2026/07/30 01:13:21.324, 296.08, 100, 74232, 69
2026/07/30 01:13:22.361, 294.71, 100, 74232, 69
2026/07/30 01:13:23.399, 294.82, 100, 74232, 69
2026/07/30 01:13:24.438, 296.18, 100, 74232, 69
2026/07/30 01:13:25.475, 285.83, 100, 74232, 69
2026/07/30 01:13:26.519, 294.83, 100, 74232, 70
2026/07/30 01:13:27.557, 303.30, 100, 74232, 70
2026/07/30 01:13:28.594, 301.24, 100, 74232, 70
2026/07/30 01:13:29.633, 296.38, 100, 74232, 70
2026/07/30 01:13:30.670, 304.09, 100, 74232, 70
2026/07/30 01:13:31.708, 297.56, 100, 74232, 70
2026/07/30 01:13:32.746, 295.99, 100, 74232, 70
2026/07/30 01:13:33.783, 302.52, 100, 74232, 70
2026/07/30 01:13:34.820, 295.29, 100, 74232, 70
2026/07/30 01:13:35.858, 295.99, 100, 74232, 70
2026/07/30 01:13:36.896, 302.71, 100, 74232, 70
2026/07/30 01:13:37.933, 293.83, 100, 74232, 70
2026/07/30 01:13:38.976, 295.98, 100, 74232, 70
2026/07/30 01:13:40.014, 301.63, 100, 74232, 70
2026/07/30 01:13:41.052, 293.15, 100, 74232, 70
2026/07/30 01:13:42.096, 299.20, 100, 74232, 70
2026/07/30 01:13:43.134, 303.00, 100, 74232, 70
2026/07/30 01:13:44.171, 293.15, 100, 74232, 70
2026/07/30 01:13:45.209, 296.09, 100, 74232, 70
2026/07/30 01:13:46.246, 290.92, 100, 74232, 70
2026/07/30 01:13:47.287, 293.85, 100, 74232, 70
2026/07/30 01:13:48.325, 300.77, 100, 74232, 70
2026/07/30 01:13:49.362, 292.57, 100, 74232, 70
2026/07/30 01:13:50.399, 296.56, 100, 74232, 70
2026/07/30 01:13:51.436, 292.17, 100, 74232, 70
2026/07/30 01:13:52.473, 287.97, 100, 74232, 69
2026/07/30 01:13:53.514, 293.05, 100, 74232, 70
2026/07/30 01:13:54.553, 296.29, 100, 74232, 70
2026/07/30 01:13:55.595, 298.30, 100, 74232, 70
2026/07/30 01:13:56.632, 295.51, 100, 74232, 70
2026/07/30 01:13:57.669, 295.30, 100, 74232, 70
2026/07/30 01:13:58.708, 296.57, 100, 74232, 70
2026/07/30 01:13:59.746, 303.40, 100, 74232, 70
2026/07/30 01:14:00.783, 301.64, 100, 74232, 70
2026/07/30 01:14:01.821, 303.76, 100, 74232, 70
2026/07/30 01:14:02.859, 304.08, 100, 74232, 70
2026/07/30 01:14:03.896, 301.83, 100, 74232, 70
2026/07/30 01:14:04.933, 303.87, 100, 74232, 70
2026/07/30 01:14:05.970, 300.75, 100, 74232, 70
2026/07/30 01:14:07.007, 301.06, 100, 74232, 70
2026/07/30 01:14:08.044, 303.48, 100, 74232, 70
2026/07/30 01:14:09.082, 304.46, 100, 74232, 70
2026/07/30 01:14:10.119, 300.86, 100, 74232, 70
2026/07/30 01:14:11.157, 302.80, 100, 74232, 70
2026/07/30 01:14:12.194, 298.71, 100, 74232, 70
2026/07/30 01:14:13.231, 300.94, 100, 74232, 70
2026/07/30 01:14:14.268, 299.29, 100, 74232, 70
2026/07/30 01:14:15.305, 299.49, 100, 74232, 70
2026/07/30 01:14:16.343, 302.80, 100, 74232, 70
2026/07/30 01:14:17.381, 301.91, 100, 74232, 69
2026/07/30 01:14:18.419, 302.49, 100, 74232, 69
2026/07/30 01:14:19.457, 301.24, 100, 74232, 69
2026/07/30 01:14:20.496, 301.83, 100, 74232, 69
2026/07/30 01:14:21.534, 296.46, 100, 74232, 69
2026/07/30 01:14:22.572, 294.52, 100, 74232, 69
2026/07/30 01:14:23.610, 302.32, 100, 74232, 69
2026/07/30 01:14:24.649, 303.10, 100, 74232, 69
2026/07/30 01:14:25.686, 301.61, 100, 74232, 69
2026/07/30 01:14:26.723, 301.82, 100, 74232, 69
2026/07/30 01:14:27.766, 301.76, 100, 74232, 69
2026/07/30 01:14:28.805, 301.64, 100, 74232, 69
2026/07/30 01:14:29.843, 302.26, 100, 74232, 69
2026/07/30 01:14:30.880, 304.06, 100, 74232, 69
2026/07/30 01:14:31.920, 301.92, 100, 74232, 69
2026/07/30 01:14:32.958, 296.57, 100, 74232, 69
2026/07/30 01:14:33.997, 301.45, 100, 74232, 69
2026/07/30 01:14:35.035, 297.17, 100, 74232, 69
2026/07/30 01:14:36.073, 296.37, 100, 74232, 69
2026/07/30 01:14:37.110, 295.80, 100, 74232, 69
2026/07/30 01:14:38.149, 293.27, 100, 74232, 69
2026/07/30 01:14:39.186, 294.81, 100, 74232, 69
2026/07/30 01:14:40.224, 295.31, 100, 74232, 69
2026/07/30 01:14:41.262, 292.18, 100, 74232, 69
2026/07/30 01:14:42.302, 294.61, 100, 74232, 69
2026/07/30 01:14:43.339, 295.30, 100, 74232, 69
2026/07/30 01:14:44.377, 299.86, 100, 74232, 69
2026/07/30 01:14:45.415, 294.13, 100, 74232, 69
2026/07/30 01:14:46.453, 294.43, 100, 74232, 69
2026/07/30 01:14:47.498, 296.76, 100, 74232, 69
2026/07/30 01:14:48.535, 293.16, 100, 74232, 69
2026/07/30 01:14:49.572, 305.41, 100, 74232, 70
2026/07/30 01:14:50.609, 303.27, 100, 74232, 69
2026/07/30 01:14:51.647, 296.77, 100, 74232, 70
2026/07/30 01:14:52.685, 299.65, 100, 74232, 69
2026/07/30 01:14:53.722, 301.91, 100, 74232, 69
2026/07/30 01:14:54.762, 303.23, 100, 74232, 69
2026/07/30 01:14:55.799, 292.01, 100, 74232, 69
2026/07/30 01:14:56.839, 296.95, 100, 74232, 69
2026/07/30 01:14:57.877, 305.73, 100, 74232, 69
2026/07/30 01:14:58.914, 301.62, 100, 74232, 70
2026/07/30 01:14:59.951, 296.08, 100, 74232, 69
2026/07/30 01:15:00.988, 296.08, 100, 74232, 69
2026/07/30 01:15:02.026, 289.84, 100, 74232, 69
2026/07/30 01:15:03.064, 293.55, 100, 74232, 69
2026/07/30 01:15:04.102, 294.93, 100, 74232, 69
2026/07/30 01:15:05.140, 295.99, 100, 74232, 69
2026/07/30 01:15:06.179, 302.81, 100, 74232, 69
2026/07/30 01:15:07.216, 301.13, 100, 74232, 70
2026/07/30 01:15:08.254, 302.52, 100, 74232, 69
2026/07/30 01:15:09.292, 302.52, 100, 74232, 69
2026/07/30 01:15:10.329, 299.89, 100, 74232, 69
2026/07/30 01:15:11.367, 299.70, 100, 74232, 69
2026/07/30 01:15:12.406, 301.25, 100, 74232, 70
2026/07/30 01:15:13.445, 303.20, 100, 74232, 70
2026/07/30 01:15:14.483, 300.96, 100, 74232, 70
2026/07/30 01:15:15.520, 302.04, 100, 74232, 70
2026/07/30 01:15:16.559, 296.87, 100, 74232, 69
2026/07/30 01:15:17.597, 296.45, 100, 74232, 69
2026/07/30 01:15:18.639, 296.27, 100, 74232, 69
2026/07/30 01:15:19.677, 291.23, 100, 74232, 69
2026/07/30 01:15:20.715, 299.01, 100, 74232, 70
2026/07/30 01:15:21.753, 300.47, 100, 74232, 70
2026/07/30 01:15:22.790, 303.87, 100, 74232, 70
2026/07/30 01:15:23.829, 299.87, 100, 74232, 70
2026/07/30 01:15:24.867, 297.93, 100, 74232, 70
2026/07/30 01:15:25.903, 302.14, 100, 74232, 70
2026/07/30 01:15:26.941, 307.48, 100, 74232, 70
2026/07/30 01:15:27.983, 300.72, 100, 74232, 70
2026/07/30 01:15:29.022, 294.92, 100, 74232, 70
2026/07/30 01:15:30.059, 302.90, 100, 74232, 70
2026/07/30 01:15:31.098, 299.47, 100, 74232, 70
2026/07/30 01:15:32.135, 297.64, 100, 74232, 70
2026/07/30 01:15:33.173, 302.32, 100, 74232, 70
2026/07/30 01:15:34.209, 307.50, 100, 74232, 70
2026/07/30 01:15:35.248, 298.81, 100, 74232, 70
2026/07/30 01:15:36.288, 302.42, 100, 74232, 70
2026/07/30 01:15:37.324, 303.25, 100, 74232, 70
2026/07/30 01:15:38.364, 297.35, 100, 74232, 70
2026/07/30 01:15:39.402, 291.89, 100, 74232, 69
2026/07/30 01:15:40.444, 296.09, 100, 74232, 69
2026/07/30 01:15:41.482, 290.34, 100, 74232, 70
2026/07/30 01:15:42.520, 300.90, 100, 74232, 70
2026/07/30 01:15:43.557, 302.03, 100, 74232, 70
2026/07/30 01:15:44.595, 297.36, 100, 74232, 69
2026/07/30 01:15:45.634, 296.76, 100, 74232, 70
2026/07/30 01:15:46.671, 287.22, 100, 74232, 69
2026/07/30 01:15:47.712, 301.93, 100, 74232, 70
2026/07/30 01:15:48.750, 302.42, 100, 74232, 70
2026/07/30 01:15:49.787, 303.78, 100, 74232, 70
2026/07/30 01:15:50.826, 295.00, 100, 74232, 70
2026/07/30 01:15:51.864, 299.00, 100, 74232, 70
2026/07/30 01:15:52.905, 302.03, 100, 74232, 70
2026/07/30 01:15:53.943, 303.78, 100, 74232, 70
2026/07/30 01:15:54.981, 299.20, 100, 74232, 70
2026/07/30 01:15:56.019, 294.90, 100, 74232, 70
2026/07/30 01:15:57.056, 295.11, 100, 74232, 69
2026/07/30 01:15:58.094, 296.38, 100, 74232, 69
2026/07/30 01:15:59.132, 296.07, 100, 74232, 69
2026/07/30 01:16:00.172, 292.46, 100, 74232, 69
2026/07/30 01:16:01.209, 295.31, 100, 74232, 69
2026/07/30 01:16:02.247, 300.86, 100, 74232, 69
2026/07/30 01:16:03.284, 296.95, 100, 74232, 69
2026/07/30 01:16:04.321, 292.76, 100, 74232, 69
2026/07/30 01:16:05.359, 292.66, 100, 74232, 69
2026/07/30 01:16:06.396, 295.51, 100, 74232, 69
2026/07/30 01:16:07.434, 299.68, 100, 74232, 69
2026/07/30 01:16:08.470, 299.60, 100, 74232, 69
2026/07/30 01:16:09.507, 298.81, 100, 74232, 69
2026/07/30 01:16:10.544, 303.00, 100, 74232, 69
2026/07/30 01:16:11.582, 303.24, 100, 74232, 69
2026/07/30 01:16:12.620, 303.11, 100, 74232, 69
2026/07/30 01:16:13.658, 296.95, 100, 74232, 69
2026/07/30 01:16:14.698, 295.01, 100, 74232, 69
2026/07/30 01:16:15.738, 299.02, 100, 74232, 69
2026/07/30 01:16:16.775, 295.87, 100, 74232, 69
2026/07/30 01:16:17.816, 297.65, 100, 74232, 69
2026/07/30 01:16:18.854, 298.13, 100, 74232, 69
2026/07/30 01:16:19.891, 301.52, 100, 74232, 69
2026/07/30 01:16:20.930, 302.60, 100, 74232, 69
2026/07/30 01:16:21.967, 302.80, 100, 74232, 69
2026/07/30 01:16:23.005, 294.83, 100, 74232, 69
2026/07/30 01:16:24.043, 294.63, 100, 74232, 69
2026/07/30 01:16:25.080, 300.94, 100, 74232, 69
2026/07/30 01:16:26.118, 302.52, 100, 74232, 69
2026/07/30 01:16:27.155, 306.08, 100, 74232, 69
2026/07/30 01:16:28.194, 300.84, 100, 74232, 69
2026/07/30 01:16:29.232, 299.89, 100, 74232, 69
2026/07/30 01:16:30.272, 301.74, 100, 74232, 69
2026/07/30 01:16:31.312, 291.80, 100, 74232, 69
2026/07/30 01:16:32.350, 300.08, 100, 74232, 69
2026/07/30 01:16:33.388, 299.00, 100, 74232, 69
2026/07/30 01:16:34.426, 302.41, 100, 74232, 69
2026/07/30 01:16:35.465, 302.32, 100, 74232, 69
2026/07/30 01:16:36.504, 298.52, 100, 74232, 69
2026/07/30 01:16:37.548, 292.78, 100, 74232, 69
2026/07/30 01:16:38.587, 297.32, 100, 74232, 69
2026/07/30 01:16:39.623, 296.08, 100, 74232, 69
2026/07/30 01:16:40.662, 298.33, 100, 74232, 69
2026/07/30 01:16:41.701, 290.90, 100, 74232, 69
2026/07/30 01:16:42.740, 294.62, 100, 74232, 69
2026/07/30 01:16:43.778, 296.68, 100, 74232, 69
2026/07/30 01:16:44.815, 293.05, 100, 74232, 69
2026/07/30 01:16:45.852, 299.29, 100, 74232, 69
2026/07/30 01:16:46.890, 292.49, 100, 74232, 69
2026/07/30 01:16:47.931, 296.18, 100, 74232, 69
2026/07/30 01:16:48.968, 303.08, 100, 74232, 69
2026/07/30 01:16:50.005, 295.60, 100, 74232, 69
2026/07/30 01:16:51.044, 294.71, 100, 74232, 69
2026/07/30 01:16:52.082, 295.60, 100, 74232, 69
2026/07/30 01:16:53.120, 301.14, 100, 74232, 69
2026/07/30 01:16:54.159, 302.41, 100, 74232, 69
2026/07/30 01:16:55.197, 294.01, 100, 74232, 69
2026/07/30 01:16:56.235, 293.05, 100, 74232, 69
2026/07/30 01:16:57.274, 300.47, 100, 74232, 69
2026/07/30 01:16:58.312, 301.63, 100, 74232, 69
2026/07/30 01:16:59.349, 303.00, 100, 74232, 69
2026/07/30 01:17:00.386, 305.72, 100, 74232, 69
2026/07/30 01:17:01.424, 296.37, 100, 74232, 69
2026/07/30 01:17:02.461, 292.48, 100, 74232, 69
2026/07/30 01:17:03.501, 295.02, 100, 74232, 69
2026/07/30 01:17:04.539, 303.10, 100, 74232, 69
2026/07/30 01:17:05.579, 301.63, 100, 74232, 69
2026/07/30 01:17:06.617, 304.17, 100, 74232, 69
2026/07/30 01:17:07.655, 297.16, 100, 74232, 69
2026/07/30 01:17:08.693, 295.81, 100, 74232, 69
2026/07/30 01:17:09.732, 301.84, 100, 74232, 69
2026/07/30 01:17:10.770, 296.57, 100, 74232, 69
2026/07/30 01:17:11.808, 295.59, 100, 74232, 69
2026/07/30 01:17:12.849, 289.74, 100, 74232, 69
2026/07/30 01:17:13.887, 300.37, 100, 74232, 69
2026/07/30 01:17:14.925, 304.56, 100, 74232, 69
2026/07/30 01:17:15.963, 302.33, 100, 74232, 69
2026/07/30 01:17:17.001, 303.11, 100, 74232, 69
2026/07/30 01:17:18.039, 302.31, 100, 74232, 69
2026/07/30 01:17:19.077, 303.76, 100, 74232, 69
2026/07/30 01:17:20.119, 297.06, 100, 74232, 69
2026/07/30 01:17:21.157, 299.40, 100, 74232, 69
2026/07/30 01:17:22.194, 302.41, 100, 74232, 70
2026/07/30 01:17:23.233, 303.29, 100, 74232, 70
2026/07/30 01:17:24.270, 296.17, 100, 74232, 69
2026/07/30 01:17:25.310, 297.35, 100, 74232, 69
2026/07/30 01:17:26.348, 293.55, 100, 74232, 70
2026/07/30 01:17:27.387, 295.48, 100, 74232, 70
2026/07/30 01:17:28.425, 294.32, 100, 74232, 70
2026/07/30 01:17:29.464, 300.27, 100, 74232, 70
2026/07/30 01:17:30.503, 296.77, 100, 74232, 70
2026/07/30 01:17:31.541, 299.86, 100, 74232, 70
2026/07/30 01:17:32.579, 303.80, 100, 74232, 70
2026/07/30 01:17:33.615, 297.95, 100, 74232, 70
2026/07/30 01:17:34.653, 302.68, 100, 74232, 70
2026/07/30 01:17:35.689, 302.11, 100, 74232, 70
2026/07/30 01:17:36.726, 304.08, 100, 74232, 70
2026/07/30 01:17:37.764, 296.76, 100, 74232, 70
2026/07/30 01:17:38.801, 297.92, 100, 74232, 70
2026/07/30 01:17:39.839, 293.95, 100, 74232, 70
2026/07/30 01:17:40.878, 301.59, 100, 74232, 70
2026/07/30 01:17:41.916, 295.98, 100, 74232, 70
2026/07/30 01:17:42.953, 296.28, 100, 74232, 70
2026/07/30 01:17:43.991, 297.34, 100, 74232, 70
2026/07/30 01:17:45.029, 297.54, 100, 74232, 70
2026/07/30 01:17:46.067, 296.28, 100, 74232, 70
2026/07/30 01:17:47.114, 291.99, 100, 74232, 70
2026/07/30 01:17:48.156, 295.39, 100, 74232, 70
2026/07/30 01:17:49.193, 303.57, 100, 74232, 70
2026/07/30 01:17:50.238, 308.94, 100, 74232, 70
2026/07/30 01:17:51.276, 297.45, 100, 74232, 70
2026/07/30 01:17:52.314, 293.55, 100, 74232, 70
2026/07/30 01:17:53.354, 299.88, 100, 74232, 70
2026/07/30 01:17:54.392, 293.26, 100, 74232, 70
2026/07/30 01:17:55.430, 297.45, 100, 74232, 70
2026/07/30 01:17:56.468, 296.29, 100, 74232, 70
2026/07/30 01:17:57.508, 302.89, 100, 74232, 70
2026/07/30 01:17:58.546, 292.39, 100, 74232, 70
2026/07/30 01:17:59.583, 294.53, 100, 74232, 70
2026/07/30 01:18:00.621, 295.97, 100, 74232, 70
2026/07/30 01:18:01.661, 303.00, 100, 74232, 70
2026/07/30 01:18:02.699, 303.01, 100, 74232, 70
2026/07/30 01:18:03.736, 307.86, 100, 74232, 70
2026/07/30 01:18:04.775, 304.46, 100, 74232, 70
2026/07/30 01:18:05.812, 299.40, 100, 74232, 70
2026/07/30 01:18:06.851, 302.70, 100, 74232, 70
2026/07/30 01:18:07.888, 294.90, 100, 74232, 70
2026/07/30 01:18:08.926, 295.60, 100, 74232, 70
2026/07/30 01:18:09.964, 296.77, 100, 74232, 70
2026/07/30 01:18:11.001, 296.18, 100, 74232, 69
2026/07/30 01:18:12.039, 297.14, 100, 74232, 69
2026/07/30 01:18:13.076, 292.68, 100, 74232, 69
2026/07/30 01:18:14.117, 94.17, 0, 74232, 66
2026/07/30 01:18:15.149, 93.48, 0, 74232, 65
2026/07/30 01:18:16.182, 92.79, 0, 74232, 64
2026/07/30 01:18:17.213, 92.12, 0, 74232, 64
2026/07/30 01:18:18.245, 91.33, 0, 74232, 63
2026/07/30 01:18:19.277, 90.81, 0, 74232, 63
2026/07/30 01:18:20.310, 90.40, 0, 74232, 62
2026/07/30 01:18:21.344, 299.98, 41, 74232, 66
2026/07/30 01:18:22.382, 297.59, 100, 74232, 67
2026/07/30 01:18:23.417, 296.29, 100, 74232, 67
2026/07/30 01:18:24.457, 293.93, 100, 74232, 68
2026/07/30 01:18:25.492, 303.12, 100, 74232, 68
2026/07/30 01:18:26.528, 280.99, 100, 74232, 68
2026/07/30 01:18:27.572, 301.93, 100, 74232, 67
2026/07/30 01:18:28.692, 302.03, 100, 74232, 67
2026/07/30 01:18:29.729, 306.01, 100, 74232, 67
2026/07/30 01:18:30.769, 302.99, 100, 74232, 67
2026/07/30 01:18:31.807, 305.89, 100, 74232, 67
2026/07/30 01:18:32.845, 307.38, 100, 74232, 67
2026/07/30 01:18:33.885, 305.05, 100, 74232, 67
2026/07/30 01:18:34.923, 299.69, 100, 74232, 67
2026/07/30 01:18:35.960, 300.36, 100, 74232, 68
2026/07/30 01:18:36.998, 297.53, 100, 74232, 68
2026/07/30 01:18:38.040, 300.34, 100, 74232, 68
2026/07/30 01:18:39.078, 301.13, 100, 74232, 68
2026/07/30 01:18:40.115, 297.34, 100, 74232, 68
2026/07/30 01:18:41.154, 300.46, 100, 74232, 68
2026/07/30 01:18:42.190, 301.04, 100, 74232, 68
2026/07/30 01:18:43.227, 298.92, 100, 74232, 68
2026/07/30 01:18:44.265, 301.52, 100, 74232, 68
2026/07/30 01:18:45.305, 301.34, 100, 74232, 68
2026/07/30 01:18:46.342, 299.59, 100, 74232, 68
2026/07/30 01:18:47.378, 301.33, 100, 74232, 68
2026/07/30 01:18:48.414, 298.50, 100, 74232, 68
2026/07/30 01:18:49.451, 293.53, 100, 74232, 68
2026/07/30 01:18:50.489, 294.61, 100, 74232, 69
2026/07/30 01:18:51.533, 295.70, 100, 74232, 69
2026/07/30 01:18:52.572, 300.27, 100, 74232, 69
2026/07/30 01:18:53.609, 302.12, 100, 74232, 69
2026/07/30 01:18:54.655, 296.77, 100, 74232, 69
2026/07/30 01:18:55.695, 301.41, 100, 74232, 69
2026/07/30 01:18:56.732, 302.42, 100, 74232, 69
2026/07/30 01:18:57.770, 296.28, 100, 74232, 69
2026/07/30 01:18:58.807, 301.64, 100, 74232, 69
2026/07/30 01:18:59.844, 303.76, 100, 74232, 69
2026/07/30 01:19:00.882, 301.31, 100, 74232, 69
2026/07/30 01:19:01.919, 300.37, 100, 74232, 69
2026/07/30 01:19:02.956, 303.18, 100, 74232, 69
2026/07/30 01:19:03.993, 300.83, 100, 74232, 69
2026/07/30 01:19:05.030, 303.48, 100, 74232, 69
2026/07/30 01:19:06.069, 299.30, 100, 74232, 69
2026/07/30 01:19:07.106, 300.96, 100, 74232, 69
2026/07/30 01:19:08.144, 301.83, 100, 74232, 69
2026/07/30 01:19:09.182, 302.81, 100, 74232, 69
2026/07/30 01:19:10.220, 301.32, 100, 74232, 69
2026/07/30 01:19:11.260, 302.02, 100, 74232, 69
2026/07/30 01:19:12.297, 302.89, 100, 74232, 69
2026/07/30 01:19:13.335, 297.45, 100, 74232, 69
2026/07/30 01:19:14.376, 300.56, 100, 74232, 69
2026/07/30 01:19:15.413, 302.89, 100, 74232, 69
2026/07/30 01:19:16.451, 304.42, 100, 74232, 69
2026/07/30 01:19:17.489, 302.98, 100, 74232, 69
2026/07/30 01:19:18.527, 303.39, 100, 74232, 69
2026/07/30 01:19:19.564, 300.46, 100, 74232, 69
2026/07/30 01:19:20.603, 302.60, 100, 74232, 69
2026/07/30 01:19:21.640, 295.78, 100, 74232, 69
2026/07/30 01:19:22.680, 293.95, 100, 74232, 69
2026/07/30 01:19:23.718, 296.36, 100, 74232, 69
2026/07/30 01:19:24.756, 292.19, 100, 74232, 69
2026/07/30 01:19:25.796, 293.25, 100, 74232, 69
2026/07/30 01:19:26.833, 299.11, 100, 74232, 69
2026/07/30 01:19:27.873, 291.49, 100, 74232, 69
2026/07/30 01:19:28.910, 292.86, 100, 74232, 69
2026/07/30 01:19:29.947, 291.19, 100, 74232, 69
2026/07/30 01:19:30.984, 295.61, 100, 74232, 69
2026/07/30 01:19:32.023, 296.08, 100, 74232, 69
2026/07/30 01:19:33.060, 297.14, 100, 74232, 69
2026/07/30 01:19:34.098, 303.08, 100, 74232, 69
2026/07/30 01:19:35.137, 302.97, 100, 74232, 69
2026/07/30 01:19:36.175, 290.14, 100, 74232, 69
2026/07/30 01:19:37.216, 295.49, 100, 74232, 69
2026/07/30 01:19:38.254, 303.38, 100, 74232, 69
2026/07/30 01:19:39.291, 300.85, 100, 74232, 69
2026/07/30 01:19:40.331, 299.87, 100, 74232, 69
2026/07/30 01:19:41.370, 303.45, 100, 74232, 69
2026/07/30 01:19:42.408, 295.70, 100, 74232, 69
2026/07/30 01:19:43.446, 298.90, 100, 74232, 69
2026/07/30 01:19:44.483, 302.86, 100, 74232, 69
2026/07/30 01:19:45.522, 298.12, 100, 74232, 69
2026/07/30 01:19:46.559, 294.42, 100, 74232, 69
2026/07/30 01:19:47.597, 302.51, 100, 74232, 69
2026/07/30 01:19:48.634, 296.08, 100, 74232, 69
2026/07/30 01:19:49.674, 294.14, 100, 74232, 69
2026/07/30 01:19:50.712, 295.61, 100, 74232, 69
2026/07/30 01:19:51.750, 295.70, 100, 74232, 69
2026/07/30 01:19:52.788, 293.36, 100, 74232, 69
2026/07/30 01:19:53.825, 295.61, 100, 74232, 69
2026/07/30 01:19:54.868, 301.83, 100, 74232, 69
2026/07/30 01:19:55.908, 306.63, 100, 74232, 69
2026/07/30 01:19:56.946, 301.83, 100, 74232, 69
2026/07/30 01:19:57.983, 298.50, 100, 74232, 69
2026/07/30 01:19:59.021, 303.09, 100, 74232, 69
2026/07/30 01:20:00.068, 297.65, 100, 74232, 69
2026/07/30 01:20:01.105, 301.74, 100, 74232, 69
2026/07/30 01:20:02.143, 303.26, 100, 74232, 69
2026/07/30 01:20:03.181, 293.64, 100, 74232, 69
2026/07/30 01:20:04.219, 300.77, 100, 74232, 69
2026/07/30 01:20:05.257, 295.99, 100, 74232, 69
2026/07/30 01:20:06.294, 295.58, 100, 74232, 69
2026/07/30 01:20:07.331, 295.60, 100, 74232, 69
2026/07/30 01:20:08.368, 297.64, 100, 74232, 69
2026/07/30 01:20:09.406, 295.40, 100, 74232, 69
2026/07/30 01:20:10.443, 295.99, 100, 74232, 69
2026/07/30 01:20:11.482, 295.11, 100, 74232, 69
2026/07/30 01:20:12.520, 292.10, 100, 74232, 69
2026/07/30 01:20:13.560, 300.77, 100, 74232, 69
2026/07/30 01:20:14.598, 293.83, 100, 74232, 69
2026/07/30 01:20:15.635, 303.27, 100, 74232, 69
2026/07/30 01:20:16.672, 294.24, 100, 74232, 70
2026/07/30 01:20:17.710, 300.76, 100, 74232, 70
2026/07/30 01:20:18.749, 301.93, 100, 74232, 70
2026/07/30 01:20:19.786, 303.09, 100, 74232, 70
2026/07/30 01:20:20.824, 303.78, 100, 74232, 70
2026/07/30 01:20:21.861, 301.35, 100, 74232, 70
2026/07/30 01:20:22.900, 303.19, 100, 74232, 70
2026/07/30 01:20:23.938, 300.26, 100, 74232, 69
2026/07/30 01:20:24.976, 289.15, 100, 74232, 69
2026/07/30 01:20:26.014, 298.12, 100, 74232, 69
2026/07/30 01:20:27.052, 303.19, 100, 74232, 69
2026/07/30 01:20:28.091, 296.37, 100, 74232, 69
2026/07/30 01:20:29.129, 291.01, 100, 74232, 69
2026/07/30 01:20:30.168, 295.39, 100, 74232, 69
2026/07/30 01:20:31.206, 306.12, 100, 74232, 69
2026/07/30 01:20:32.247, 298.29, 100, 74232, 69
2026/07/30 01:20:33.286, 302.79, 100, 74232, 69
2026/07/30 01:20:34.324, 295.40, 100, 74232, 69
2026/07/30 01:20:35.362, 296.66, 100, 74232, 69
2026/07/30 01:20:36.400, 299.49, 100, 74232, 69
2026/07/30 01:20:37.437, 300.46, 100, 74232, 69
2026/07/30 01:20:38.474, 301.83, 100, 74232, 69
2026/07/30 01:20:39.513, 303.17, 100, 74232, 69
2026/07/30 01:20:40.551, 303.59, 100, 74232, 69
2026/07/30 01:20:41.590, 300.48, 100, 74232, 69
2026/07/30 01:20:42.627, 302.01, 100, 74232, 69
2026/07/30 01:20:43.665, 303.49, 100, 74232, 69
2026/07/30 01:20:44.703, 303.20, 100, 74232, 69
2026/07/30 01:20:45.740, 299.97, 100, 74232, 69
2026/07/30 01:20:46.778, 301.93, 100, 74232, 69
2026/07/30 01:20:47.817, 302.42, 100, 74232, 69
2026/07/30 01:20:48.855, 303.79, 100, 74232, 69
2026/07/30 01:20:49.894, 300.19, 100, 74232, 69
2026/07/30 01:20:50.931, 299.97, 100, 74232, 69
2026/07/30 01:20:51.974, 295.49, 100, 74232, 69
2026/07/30 01:20:53.012, 303.70, 100, 74232, 69
2026/07/30 01:20:54.050, 297.06, 100, 74232, 69
2026/07/30 01:20:55.088, 292.68, 100, 74232, 69
2026/07/30 01:20:56.126, 292.07, 100, 74232, 69
2026/07/30 01:20:57.167, 302.49, 100, 74232, 69
2026/07/30 01:20:58.204, 303.10, 100, 74232, 69
2026/07/30 01:20:59.242, 292.30, 100, 74232, 69
2026/07/30 01:21:00.280, 296.77, 100, 74232, 69
2026/07/30 01:21:01.318, 302.61, 100, 74232, 69
2026/07/30 01:21:02.362, 295.71, 100, 74232, 69
2026/07/30 01:21:03.400, 292.96, 100, 74232, 69
2026/07/30 01:21:04.438, 293.28, 100, 74232, 69
2026/07/30 01:21:05.478, 296.27, 100, 74232, 69
2026/07/30 01:21:06.517, 295.69, 100, 74232, 69
2026/07/30 01:21:07.557, 294.71, 100, 74232, 69
2026/07/30 01:21:08.594, 297.05, 100, 74232, 69
2026/07/30 01:21:09.632, 302.82, 100, 74232, 70
2026/07/30 01:21:10.670, 303.57, 100, 74232, 69
2026/07/30 01:21:11.708, 300.35, 100, 74232, 69
2026/07/30 01:21:12.745, 302.33, 100, 74232, 69
2026/07/30 01:21:13.787, 292.17, 100, 74232, 69
2026/07/30 01:21:14.824, 299.77, 100, 74232, 69
2026/07/30 01:21:15.866, 296.27, 100, 74232, 69
2026/07/30 01:21:16.903, 296.76, 100, 74232, 69
2026/07/30 01:21:17.940, 303.34, 100, 74232, 69
2026/07/30 01:21:18.978, 304.38, 100, 74232, 69
2026/07/30 01:21:20.016, 302.40, 100, 74232, 69
2026/07/30 01:21:21.054, 302.12, 100, 74232, 70
2026/07/30 01:21:22.092, 303.11, 100, 74232, 69
2026/07/30 01:21:23.130, 299.67, 100, 74232, 69
2026/07/30 01:21:24.168, 298.71, 100, 74232, 69
2026/07/30 01:21:25.208, 295.77, 100, 74232, 69
2026/07/30 01:21:26.246, 294.23, 100, 74232, 69
2026/07/30 01:21:27.283, 295.80, 100, 74232, 69
2026/07/30 01:21:28.322, 296.56, 100, 74232, 69
2026/07/30 01:21:29.359, 294.24, 100, 74232, 69
2026/07/30 01:21:30.401, 300.64, 100, 74232, 69
2026/07/30 01:21:31.439, 302.22, 100, 74232, 70
2026/07/30 01:21:32.476, 304.84, 100, 74232, 70
2026/07/30 01:21:33.514, 298.41, 100, 74232, 69
2026/07/30 01:21:34.552, 295.98, 100, 74232, 69
2026/07/30 01:21:35.592, 295.79, 100, 74232, 69
2026/07/30 01:21:36.631, 295.78, 100, 74232, 69
2026/07/30 01:21:37.674, 291.59, 100, 74232, 69
2026/07/30 01:21:38.712, 301.79, 100, 74232, 69
2026/07/30 01:21:39.749, 301.74, 100, 74232, 69
2026/07/30 01:21:40.787, 303.97, 100, 74232, 70
2026/07/30 01:21:41.825, 300.83, 100, 74232, 69
2026/07/30 01:21:42.862, 299.11, 100, 74232, 70
2026/07/30 01:21:43.902, 292.00, 100, 74232, 69
2026/07/30 01:21:44.940, 301.92, 100, 74232, 70
2026/07/30 01:21:45.977, 302.61, 100, 74232, 70
2026/07/30 01:21:47.018, 303.58, 100, 74232, 70
2026/07/30 01:21:48.056, 301.74, 100, 74232, 70
2026/07/30 01:21:49.094, 295.89, 100, 74232, 70
2026/07/30 01:21:50.132, 303.06, 100, 74232, 70
2026/07/30 01:21:51.169, 304.55, 100, 74232, 70
2026/07/30 01:21:52.208, 301.90, 100, 74232, 70
2026/07/30 01:21:53.246, 299.30, 100, 74232, 70
2026/07/30 01:21:54.286, 295.30, 100, 74232, 69
2026/07/30 01:21:55.324, 296.66, 100, 74232, 69
2026/07/30 01:21:56.362, 302.33, 100, 74232, 69
2026/07/30 01:21:57.399, 296.86, 100, 74232, 69
2026/07/30 01:21:58.437, 301.57, 100, 74232, 69
2026/07/30 01:21:59.474, 298.83, 100, 74232, 70
2026/07/30 01:22:00.512, 298.21, 100, 74232, 69
2026/07/30 01:22:01.550, 304.36, 100, 74232, 70
2026/07/30 01:22:02.590, 303.20, 100, 74232, 70
2026/07/30 01:22:03.627, 303.97, 100, 74232, 70
2026/07/30 01:22:04.665, 301.63, 100, 74232, 70
2026/07/30 01:22:05.703, 297.73, 100, 74232, 69
2026/07/30 01:22:06.740, 303.78, 100, 74232, 69
2026/07/30 01:22:07.778, 303.60, 100, 74232, 70
2026/07/30 01:22:08.817, 297.24, 100, 74232, 70
2026/07/30 01:22:09.855, 293.74, 100, 74232, 69
2026/07/30 01:22:10.892, 295.11, 100, 74232, 69
2026/07/30 01:22:11.931, 303.01, 100, 74232, 69
2026/07/30 01:22:12.969, 297.14, 100, 74232, 69
2026/07/30 01:22:14.009, 299.86, 100, 74232, 70
2026/07/30 01:22:15.047, 303.11, 100, 74232, 70
2026/07/30 01:22:16.085, 301.93, 100, 74232, 70
2026/07/30 01:22:17.122, 303.16, 100, 74232, 70
2026/07/30 01:22:18.159, 305.02, 100, 74232, 70
2026/07/30 01:22:19.196, 303.88, 100, 74232, 70
2026/07/30 01:22:20.234, 300.74, 100, 74232, 70
2026/07/30 01:22:21.273, 302.11, 100, 74232, 70
2026/07/30 01:22:22.310, 304.09, 100, 74232, 70
2026/07/30 01:22:23.347, 303.88, 100, 74232, 70
2026/07/30 01:22:24.384, 298.42, 100, 74232, 70
2026/07/30 01:22:25.422, 302.31, 100, 74232, 70
2026/07/30 01:22:26.459, 300.58, 100, 74232, 69
2026/07/30 01:22:27.496, 302.31, 100, 74232, 70
2026/07/30 01:22:28.533, 304.23, 100, 74232, 70
2026/07/30 01:22:29.571, 297.55, 100, 74232, 69
2026/07/30 01:22:30.610, 304.17, 100, 74232, 69
2026/07/30 01:22:31.647, 301.53, 100, 74232, 69
2026/07/30 01:22:32.685, 294.62, 100, 74232, 69
2026/07/30 01:22:33.723, 295.09, 100, 74232, 69
2026/07/30 01:22:34.763, 296.18, 100, 74232, 69
2026/07/30 01:22:35.801, 302.81, 100, 74232, 70
2026/07/30 01:22:36.839, 303.87, 100, 74232, 70
2026/07/30 01:22:37.877, 299.59, 100, 74232, 69
2026/07/30 01:22:38.915, 302.62, 100, 74232, 70
2026/07/30 01:22:39.956, 301.15, 100, 74232, 70
2026/07/30 01:22:40.994, 303.20, 100, 74232, 70
2026/07/30 01:22:42.031, 303.57, 100, 74232, 70
2026/07/30 01:22:43.069, 299.76, 100, 74232, 70
2026/07/30 01:22:44.106, 288.88, 100, 74232, 69
2026/07/30 01:22:45.145, 299.18, 100, 74232, 70
2026/07/30 01:22:46.183, 299.97, 100, 74232, 70
2026/07/30 01:22:47.224, 296.94, 100, 74232, 70
2026/07/30 01:22:48.263, 304.07, 100, 74232, 70
2026/07/30 01:22:49.301, 299.02, 100, 74232, 70
2026/07/30 01:22:50.339, 290.95, 100, 74232, 69
2026/07/30 01:22:51.376, 294.71, 100, 74232, 69
2026/07/30 01:22:52.415, 297.12, 100, 74232, 69
2026/07/30 01:22:53.453, 294.62, 100, 74232, 69
2026/07/30 01:22:54.490, 296.28, 100, 74232, 69
2026/07/30 01:22:55.530, 303.27, 100, 74232, 69
2026/07/30 01:22:56.570, 304.08, 100, 74232, 69
2026/07/30 01:22:57.607, 299.66, 100, 74232, 69
2026/07/30 01:22:58.645, 301.73, 100, 74232, 69
2026/07/30 01:22:59.684, 300.57, 100, 74232, 69
2026/07/30 01:23:00.722, 298.00, 100, 74232, 69
2026/07/30 01:23:01.763, 303.29, 100, 74232, 69
2026/07/30 01:23:02.801, 295.80, 100, 74232, 69
2026/07/30 01:23:03.839, 293.25, 100, 74232, 69
2026/07/30 01:23:04.877, 291.68, 100, 74232, 69
2026/07/30 01:23:05.914, 300.58, 100, 74232, 69
2026/07/30 01:23:06.952, 297.83, 100, 74232, 69
2026/07/30 01:23:07.989, 298.81, 100, 74232, 69
2026/07/30 01:23:09.030, 301.83, 100, 74232, 69
2026/07/30 01:23:10.067, 303.48, 100, 74232, 69
2026/07/30 01:23:11.104, 307.00, 100, 74232, 69
2026/07/30 01:23:12.142, 303.79, 100, 74232, 69
2026/07/30 01:23:13.179, 299.49, 100, 74232, 69
2026/07/30 01:23:14.217, 302.32, 100, 74232, 69
2026/07/30 01:23:15.254, 300.95, 100, 74232, 69
2026/07/30 01:23:16.292, 302.82, 100, 74232, 69
2026/07/30 01:23:17.329, 304.37, 100, 74232, 69
2026/07/30 01:23:18.367, 299.40, 100, 74232, 69
2026/07/30 01:23:19.404, 303.50, 100, 74232, 69
2026/07/30 01:23:20.441, 298.61, 100, 74232, 69
2026/07/30 01:23:21.486, 95.23, 30, 74232, 66
2026/07/30 01:23:22.520, 289.87, 100, 74232, 71
2026/07/30 01:23:23.559, 289.07, 100, 74232, 71
2026/07/30 01:23:24.594, 304.14, 100, 74232, 71
2026/07/30 01:23:25.631, 295.90, 100, 74232, 71
2026/07/30 01:23:26.667, 298.49, 100, 74232, 71
2026/07/30 01:23:27.708, 302.52, 100, 74232, 71
2026/07/30 01:23:28.743, 301.05, 100, 74232, 69
2026/07/30 01:23:29.781, 297.35, 100, 74232, 69
2026/07/30 01:23:30.820, 295.60, 100, 74232, 69
2026/07/30 01:23:31.861, 296.76, 100, 74232, 69
2026/07/30 01:23:32.899, 292.58, 100, 74232, 69
2026/07/30 01:23:33.936, 299.11, 100, 74232, 69
2026/07/30 01:23:34.974, 302.67, 100, 74232, 70
2026/07/30 01:23:36.012, 299.09, 100, 74232, 70
2026/07/30 01:23:37.048, 299.68, 100, 74232, 70
2026/07/30 01:23:38.085, 302.38, 100, 74232, 70
2026/07/30 01:23:39.124, 297.15, 100, 74232, 70
2026/07/30 01:23:40.162, 299.86, 100, 74232, 70
2026/07/30 01:23:41.200, 302.32, 100, 74232, 70
2026/07/30 01:23:42.239, 302.64, 100, 74232, 70
2026/07/30 01:23:43.276, 299.28, 100, 74232, 70
2026/07/30 01:23:44.314, 302.90, 100, 74232, 70
2026/07/30 01:23:45.351, 303.96, 100, 74232, 70
2026/07/30 01:23:46.389, 299.79, 100, 74232, 70
2026/07/30 01:23:47.426, 303.09, 100, 74232, 70
2026/07/30 01:23:48.465, 303.87, 100, 74232, 70
2026/07/30 01:23:49.503, 307.87, 100, 74232, 70
2026/07/30 01:23:50.539, 302.23, 100, 74232, 70
2026/07/30 01:23:51.578, 296.08, 100, 74232, 70
2026/07/30 01:23:52.616, 301.54, 100, 74232, 70
2026/07/30 01:23:53.654, 294.71, 100, 74232, 70
2026/07/30 01:23:54.692, 296.58, 100, 74232, 70
2026/07/30 01:23:55.735, 295.01, 100, 74232, 69
2026/07/30 01:23:56.774, 295.78, 100, 74232, 70
2026/07/30 01:23:57.811, 296.47, 100, 74232, 70
2026/07/30 01:23:58.849, 294.04, 100, 74232, 70
2026/07/30 01:23:59.887, 300.37, 100, 74232, 70
2026/07/30 01:24:00.927, 303.68, 100, 74232, 70
2026/07/30 01:24:01.965, 299.60, 100, 74232, 70
2026/07/30 01:24:03.002, 301.32, 100, 74232, 70
2026/07/30 01:24:04.041, 303.58, 100, 74232, 70
2026/07/30 01:24:05.081, 298.70, 100, 74232, 70
2026/07/30 01:24:06.119, 292.88, 100, 74232, 69
2026/07/30 01:24:07.157, 298.71, 100, 74232, 70
2026/07/30 01:24:08.196, 298.52, 100, 74232, 70
2026/07/30 01:24:09.235, 296.06, 100, 74232, 70
2026/07/30 01:24:10.273, 303.06, 100, 74232, 70
2026/07/30 01:24:11.312, 304.31, 100, 74232, 70
2026/07/30 01:24:12.348, 297.17, 100, 74232, 70
2026/07/30 01:24:13.385, 301.82, 100, 74232, 70
2026/07/30 01:24:14.422, 303.66, 100, 74232, 70
2026/07/30 01:24:15.458, 301.83, 100, 74232, 70
2026/07/30 01:24:16.497, 294.63, 100, 74232, 70
2026/07/30 01:24:17.538, 296.96, 100, 74232, 69
2026/07/30 01:24:18.577, 298.81, 100, 74232, 69
2026/07/30 01:24:19.614, 298.03, 100, 74232, 69
2026/07/30 01:24:20.652, 303.98, 100, 74232, 69
2026/07/30 01:24:21.688, 300.07, 100, 74232, 69
2026/07/30 01:24:22.727, 301.34, 100, 74232, 69
2026/07/30 01:24:23.763, 303.28, 100, 74232, 69
2026/07/30 01:24:24.801, 299.99, 100, 74232, 69
2026/07/30 01:24:25.837, 300.66, 100, 74232, 69
2026/07/30 01:24:26.874, 303.19, 100, 74232, 69
2026/07/30 01:24:27.912, 299.89, 100, 74232, 69
2026/07/30 01:24:28.955, 290.64, 100, 74232, 69
2026/07/30 01:24:29.992, 295.69, 100, 74232, 69
2026/07/30 01:24:31.029, 289.74, 100, 74232, 69
2026/07/30 01:24:32.068, 295.11, 100, 74232, 69
2026/07/30 01:24:33.107, 295.59, 100, 74232, 69
2026/07/30 01:24:34.145, 295.88, 100, 74232, 69
2026/07/30 01:24:35.188, 295.80, 100, 74232, 69
2026/07/30 01:24:36.224, 295.79, 100, 74232, 69
2026/07/30 01:24:37.261, 294.90, 100, 74232, 69
2026/07/30 01:24:38.300, 295.78, 100, 74232, 69
2026/07/30 01:24:39.338, 302.11, 100, 74232, 69
2026/07/30 01:24:40.377, 299.86, 100, 74232, 69
2026/07/30 01:24:41.415, 302.33, 100, 74232, 69
2026/07/30 01:24:42.452, 301.83, 100, 74232, 69
2026/07/30 01:24:43.488, 297.94, 100, 74232, 69
2026/07/30 01:24:44.526, 301.92, 100, 74232, 69
2026/07/30 01:24:45.562, 303.48, 100, 74232, 69
2026/07/30 01:24:46.602, 297.36, 100, 74232, 69
2026/07/30 01:24:47.638, 301.64, 100, 74232, 69
2026/07/30 01:24:48.674, 302.71, 100, 74232, 69
2026/07/30 01:24:49.710, 296.08, 100, 74232, 69
2026/07/30 01:24:50.747, 293.74, 100, 74232, 69
2026/07/30 01:24:51.784, 295.61, 100, 74232, 69
2026/07/30 01:24:52.823, 296.56, 100, 74232, 69
2026/07/30 01:24:53.859, 293.83, 100, 74232, 69
2026/07/30 01:24:54.897, 295.22, 100, 74232, 69
2026/07/30 01:24:55.935, 295.50, 100, 74232, 69
2026/07/30 01:24:56.971, 291.87, 100, 74232, 69
2026/07/30 01:24:58.009, 291.58, 100, 74232, 69
2026/07/30 01:24:59.046, 298.40, 100, 74232, 69
2026/07/30 01:25:00.083, 304.07, 100, 74232, 69
2026/07/30 01:25:01.120, 302.48, 100, 74232, 69
2026/07/30 01:25:02.157, 303.29, 100, 74232, 69
2026/07/30 01:25:03.193, 303.39, 100, 74232, 69
2026/07/30 01:25:04.231, 301.24, 100, 74232, 69
2026/07/30 01:25:05.270, 302.90, 100, 74232, 69
2026/07/30 01:25:06.307, 302.51, 100, 74232, 69
2026/07/30 01:25:07.343, 291.59, 100, 74232, 69
2026/07/30 01:25:08.381, 301.82, 100, 74232, 69
2026/07/30 01:25:09.418, 301.93, 100, 74232, 69
2026/07/30 01:25:10.455, 304.06, 100, 74232, 69
2026/07/30 01:25:11.493, 298.72, 100, 74232, 69
2026/07/30 01:25:12.532, 302.13, 100, 74232, 69
2026/07/30 01:25:13.569, 302.71, 100, 74232, 69
2026/07/30 01:25:14.605, 298.92, 100, 74232, 69
2026/07/30 01:25:15.643, 301.97, 100, 74232, 69
2026/07/30 01:25:16.679, 300.96, 100, 74232, 69
2026/07/30 01:25:17.716, 303.19, 100, 74232, 69
2026/07/30 01:25:18.754, 298.81, 100, 74232, 69
2026/07/30 01:25:19.794, 299.68, 100, 74232, 69
2026/07/30 01:25:20.832, 301.89, 100, 74232, 69
2026/07/30 01:25:21.868, 303.48, 100, 74232, 69
2026/07/30 01:25:22.905, 303.12, 100, 74232, 69
2026/07/30 01:25:23.941, 299.39, 100, 74232, 69
2026/07/30 01:25:24.979, 301.63, 100, 74232, 69
2026/07/30 01:25:26.016, 302.20, 100, 74232, 69
2026/07/30 01:25:27.053, 303.87, 100, 74232, 69
2026/07/30 01:25:28.090, 300.08, 100, 74232, 69
2026/07/30 01:25:29.128, 302.28, 100, 74232, 69
2026/07/30 01:25:30.164, 299.10, 100, 74232, 69
2026/07/30 01:25:31.201, 303.76, 100, 74232, 69
2026/07/30 01:25:32.237, 294.73, 100, 74232, 69
2026/07/30 01:25:33.274, 294.43, 100, 74232, 69
2026/07/30 01:25:34.313, 295.78, 100, 74232, 69
2026/07/30 01:25:35.349, 292.77, 100, 74232, 69
2026/07/30 01:25:36.393, 298.82, 100, 74232, 69
2026/07/30 01:25:37.432, 296.39, 100, 74232, 69
2026/07/30 01:25:38.470, 299.30, 100, 74232, 69
2026/07/30 01:25:39.508, 302.21, 100, 74232, 69
2026/07/30 01:25:40.546, 295.61, 100, 74232, 69
2026/07/30 01:25:41.583, 302.40, 100, 74232, 69
2026/07/30 01:25:42.621, 293.84, 100, 74232, 69
2026/07/30 01:25:43.660, 295.68, 100, 74232, 69
2026/07/30 01:25:44.697, 295.21, 100, 74232, 69
2026/07/30 01:25:45.733, 292.08, 100, 74232, 69
2026/07/30 01:25:46.769, 291.30, 100, 74232, 69
2026/07/30 01:25:47.806, 302.31, 100, 74232, 69
2026/07/30 01:25:48.842, 296.18, 100, 74232, 69
2026/07/30 01:25:49.879, 299.30, 100, 74232, 69
2026/07/30 01:25:50.921, 292.47, 100, 74232, 69
2026/07/30 01:25:51.959, 294.81, 100, 74232, 69
2026/07/30 01:25:52.994, 298.52, 100, 74232, 69
2026/07/30 01:25:54.031, 296.47, 100, 74232, 69
2026/07/30 01:25:55.068, 294.42, 100, 74232, 69
2026/07/30 01:25:56.104, 296.96, 100, 74232, 69
2026/07/30 01:25:57.141, 295.01, 100, 74232, 69
2026/07/30 01:25:58.177, 296.67, 100, 74232, 69
2026/07/30 01:25:59.214, 288.98, 100, 74232, 69
2026/07/30 01:26:00.251, 300.27, 100, 74232, 69
2026/07/30 01:26:01.288, 302.87, 100, 74232, 69
2026/07/30 01:26:02.326, 307.36, 100, 74232, 70
2026/07/30 01:26:03.362, 301.68, 100, 74232, 69
2026/07/30 01:26:04.398, 300.95, 100, 74232, 69
2026/07/30 01:26:05.437, 292.40, 100, 74232, 69
2026/07/30 01:26:06.475, 291.20, 100, 74232, 69
2026/07/30 01:26:07.512, 292.17, 100, 74232, 69
2026/07/30 01:26:08.550, 294.73, 100, 74232, 69
2026/07/30 01:26:09.588, 303.20, 100, 74232, 69
2026/07/30 01:26:10.625, 306.61, 100, 74232, 70
2026/07/30 01:26:11.661, 301.07, 100, 74232, 69
2026/07/30 01:26:12.698, 302.04, 100, 74232, 69
2026/07/30 01:26:13.734, 303.67, 100, 74232, 69
2026/07/30 01:26:14.771, 302.67, 100, 74232, 69
2026/07/30 01:26:15.807, 291.21, 100, 74232, 69
2026/07/30 01:26:16.844, 291.49, 100, 74232, 69
2026/07/30 01:26:17.881, 302.32, 100, 74232, 69
2026/07/30 01:26:18.917, 302.60, 100, 74232, 69
2026/07/30 01:26:19.958, 302.18, 100, 74232, 69
2026/07/30 01:26:20.996, 291.03, 100, 74232, 69
2026/07/30 01:26:22.033, 297.35, 100, 74232, 69
2026/07/30 01:26:23.070, 303.59, 100, 74232, 69
2026/07/30 01:26:24.107, 302.61, 100, 74232, 69
2026/07/30 01:26:25.143, 300.92, 100, 74232, 69
2026/07/30 01:26:26.180, 298.82, 100, 74232, 69
2026/07/30 01:26:27.218, 302.67, 100, 74232, 69
2026/07/30 01:26:28.255, 303.20, 100, 74232, 69
2026/07/30 01:26:29.294, 297.34, 100, 74232, 69
2026/07/30 01:26:30.331, 301.53, 100, 74232, 69
2026/07/30 01:26:31.368, 299.99, 100, 74232, 69
2026/07/30 01:26:32.406, 303.01, 100, 74232, 69
2026/07/30 01:26:33.443, 292.86, 100, 74232, 69
2026/07/30 01:26:34.481, 296.67, 100, 74232, 69
2026/07/30 01:26:35.519, 293.36, 100, 74232, 69
2026/07/30 01:26:36.558, 302.23, 100, 74232, 69
2026/07/30 01:26:37.596, 302.63, 100, 74232, 69
2026/07/30 01:26:38.633, 303.39, 100, 74232, 69
2026/07/30 01:26:39.669, 301.35, 100, 74232, 70
2026/07/30 01:26:40.707, 302.80, 100, 74232, 69
2026/07/30 01:26:41.745, 297.36, 100, 74232, 69
2026/07/30 01:26:42.784, 296.39, 100, 74232, 69
2026/07/30 01:26:43.828, 301.93, 100, 74232, 69
2026/07/30 01:26:44.867, 301.82, 100, 74232, 69
2026/07/30 01:26:45.903, 297.16, 100, 74232, 69
2026/07/30 01:26:46.946, 299.28, 100, 74232, 69
2026/07/30 01:26:47.984, 300.76, 100, 74232, 69
2026/07/30 01:26:49.021, 302.42, 100, 74232, 69
2026/07/30 01:26:50.057, 295.98, 100, 74232, 69
2026/07/30 01:26:51.096, 296.47, 100, 74232, 69
2026/07/30 01:26:52.133, 294.03, 100, 74232, 69
2026/07/30 01:26:53.173, 295.51, 100, 74232, 69
2026/07/30 01:26:54.210, 296.47, 100, 74232, 69
2026/07/30 01:26:55.247, 303.59, 100, 74232, 69
2026/07/30 01:26:56.283, 296.28, 100, 74232, 69
2026/07/30 01:26:57.322, 302.60, 100, 74232, 69
2026/07/30 01:26:58.358, 294.52, 100, 74232, 69
2026/07/30 01:26:59.398, 296.86, 100, 74232, 69
2026/07/30 01:27:00.440, 304.27, 100, 74232, 69
2026/07/30 01:27:01.477, 296.57, 100, 74232, 69
2026/07/30 01:27:02.518, 291.39, 100, 74232, 69
2026/07/30 01:27:03.558, 295.80, 100, 74232, 69
2026/07/30 01:27:04.594, 301.34, 100, 74232, 69
2026/07/30 01:27:05.633, 296.46, 100, 74232, 69
2026/07/30 01:27:06.671, 293.74, 100, 74232, 69
2026/07/30 01:27:07.709, 293.93, 100, 74232, 69
2026/07/30 01:27:08.745, 295.50, 100, 74232, 69
2026/07/30 01:27:09.783, 296.57, 100, 74232, 69
2026/07/30 01:27:10.820, 291.41, 100, 74232, 69
2026/07/30 01:27:11.861, 297.53, 100, 74232, 69
2026/07/30 01:27:12.897, 294.24, 100, 74232, 69
2026/07/30 01:27:13.940, 295.60, 100, 74232, 69
2026/07/30 01:27:14.977, 298.80, 100, 74232, 69
2026/07/30 01:27:16.015, 303.68, 100, 74232, 69
2026/07/30 01:27:17.055, 304.46, 100, 74232, 69
2026/07/30 01:27:18.091, 304.07, 100, 74232, 69
2026/07/30 01:27:19.128, 300.35, 100, 74232, 69
2026/07/30 01:27:20.166, 302.51, 100, 74232, 69
2026/07/30 01:27:21.203, 301.29, 100, 74232, 69
2026/07/30 01:27:22.240, 301.93, 100, 74232, 69
2026/07/30 01:27:23.276, 303.29, 100, 74232, 69
2026/07/30 01:27:24.312, 302.61, 100, 74232, 70
2026/07/30 01:27:25.349, 303.78, 100, 74232, 69
2026/07/30 01:27:26.388, 299.77, 100, 74232, 69
2026/07/30 01:27:27.426, 306.88, 100, 74232, 69
2026/07/30 01:27:28.462, 301.93, 100, 74232, 69
2026/07/30 01:27:29.501, 295.61, 100, 74232, 69
2026/07/30 01:27:30.541, 301.44, 100, 74232, 69
2026/07/30 01:27:31.578, 302.70, 100, 74232, 69
2026/07/30 01:27:32.614, 303.68, 100, 74232, 69
2026/07/30 01:27:33.653, 301.40, 100, 74232, 69
2026/07/30 01:27:34.689, 299.08, 100, 74232, 69
2026/07/30 01:27:35.729, 295.22, 100, 74232, 69
2026/07/30 01:27:36.767, 303.25, 100, 74232, 69
2026/07/30 01:27:37.805, 302.23, 100, 74232, 69
2026/07/30 01:27:38.845, 302.61, 100, 74232, 69
2026/07/30 01:27:39.883, 298.14, 100, 74232, 69
2026/07/30 01:27:40.921, 304.50, 100, 74232, 69
2026/07/30 01:27:41.957, 293.85, 100, 74232, 69
2026/07/30 01:27:42.996, 295.59, 100, 74232, 69
2026/07/30 01:27:44.032, 301.54, 100, 74232, 69
2026/07/30 01:27:45.068, 299.97, 100, 74232, 69
2026/07/30 01:27:46.106, 307.78, 100, 74232, 69
2026/07/30 01:27:47.143, 303.89, 100, 74232, 69
2026/07/30 01:27:48.181, 298.14, 100, 74232, 69
2026/07/30 01:27:49.220, 303.00, 100, 74232, 69
2026/07/30 01:27:50.257, 303.45, 100, 74232, 69
2026/07/30 01:27:51.294, 296.47, 100, 74232, 69
2026/07/30 01:27:52.329, 294.52, 100, 74232, 69
2026/07/30 01:27:53.366, 295.39, 100, 74232, 69
2026/07/30 01:27:54.404, 299.80, 100, 74232, 69
2026/07/30 01:27:55.441, 296.58, 100, 74232, 69
2026/07/30 01:27:56.480, 293.45, 100, 74232, 69
2026/07/30 01:27:57.517, 296.08, 100, 74232, 69
2026/07/30 01:27:58.555, 296.77, 100, 74232, 69
2026/07/30 01:27:59.591, 303.97, 100, 74232, 69
2026/07/30 01:28:00.628, 304.27, 100, 74232, 69
2026/07/30 01:28:01.664, 304.51, 100, 74232, 69
2026/07/30 01:28:02.701, 308.07, 100, 74232, 69
2026/07/30 01:28:03.738, 302.51, 100, 74232, 70
2026/07/30 01:28:04.775, 293.63, 100, 74232, 69
2026/07/30 01:28:05.814, 293.15, 100, 74232, 69
2026/07/30 01:28:06.852, 296.47, 100, 74232, 69
2026/07/30 01:28:07.889, 300.14, 100, 74232, 69
2026/07/30 01:28:08.926, 303.09, 100, 74232, 70
2026/07/30 01:28:09.964, 293.63, 100, 74232, 70
2026/07/30 01:28:11.002, 295.32, 100, 74232, 70
2026/07/30 01:28:12.038, 302.62, 100, 74232, 70
2026/07/30 01:28:13.076, 303.20, 100, 74232, 70
2026/07/30 01:28:14.111, 303.66, 100, 74232, 70
2026/07/30 01:28:15.151, 304.53, 100, 74232, 70
2026/07/30 01:28:16.189, 304.75, 100, 74232, 70
2026/07/30 01:28:17.227, 305.15, 100, 74232, 70
2026/07/30 01:28:18.265, 300.35, 100, 74232, 70
2026/07/30 01:28:19.306, 302.77, 100, 74232, 70
2026/07/30 01:28:20.343, 296.47, 100, 74232, 70
2026/07/30 01:28:21.380, 294.71, 100, 74232, 70
2026/07/30 01:28:22.417, 94.93, 0, 74232, 66
2026/07/30 01:28:23.449, 304.46, 100, 74232, 71
2026/07/30 01:28:24.487, 299.77, 100, 74232, 71
2026/07/30 01:28:25.522, 303.80, 100, 74232, 71
2026/07/30 01:28:26.562, 314.12, 100, 74232, 71
2026/07/30 01:28:27.596, 298.44, 100, 74232, 71
2026/07/30 01:28:28.633, 306.39, 100, 74232, 71
2026/07/30 01:28:29.672, 296.66, 100, 74232, 69
2026/07/30 01:28:30.709, 302.72, 100, 74232, 69
2026/07/30 01:28:31.749, 295.79, 100, 74232, 69
2026/07/30 01:28:32.785, 297.83, 100, 74232, 70
2026/07/30 01:28:33.823, 296.76, 100, 74232, 70
2026/07/30 01:28:34.860, 294.52, 100, 74232, 70
2026/07/30 01:28:35.898, 299.38, 100, 74232, 70
2026/07/30 01:28:36.934, 303.29, 100, 74232, 70
2026/07/30 01:28:37.972, 297.05, 100, 74232, 70
2026/07/30 01:28:39.013, 297.55, 100, 74232, 70
2026/07/30 01:28:40.051, 296.57, 100, 74232, 70
2026/07/30 01:28:41.087, 295.21, 100, 74232, 70
2026/07/30 01:28:42.123, 296.66, 100, 74232, 70
2026/07/30 01:28:43.160, 296.47, 100, 74232, 70
2026/07/30 01:28:44.197, 293.83, 100, 74232, 70
2026/07/30 01:28:45.236, 292.68, 100, 74232, 70
2026/07/30 01:28:46.275, 296.29, 100, 74232, 70
2026/07/30 01:28:47.313, 293.55, 100, 74232, 70
2026/07/30 01:28:48.351, 297.15, 100, 74232, 70
2026/07/30 01:28:49.390, 303.20, 100, 74232, 70
2026/07/30 01:28:50.429, 302.12, 100, 74232, 70
2026/07/30 01:28:51.471, 303.48, 100, 74232, 70
2026/07/30 01:28:52.510, 296.47, 100, 74232, 70
2026/07/30 01:28:53.549, 294.33, 100, 74232, 70
2026/07/30 01:28:54.589, 296.67, 100, 74232, 70
2026/07/30 01:28:55.625, 296.09, 100, 74232, 70
2026/07/30 01:28:56.662, 294.33, 100, 74232, 70
2026/07/30 01:28:57.701, 296.56, 100, 74232, 70
2026/07/30 01:28:58.738, 290.70, 100, 74232, 70
2026/07/30 01:28:59.775, 297.76, 100, 74232, 70
2026/07/30 01:29:00.813, 303.78, 100, 74232, 70
2026/07/30 01:29:01.859, 301.54, 100, 74232, 70
2026/07/30 01:29:02.897, 302.03, 100, 74232, 70
2026/07/30 01:29:03.934, 303.97, 100, 74232, 70
2026/07/30 01:29:04.972, 302.61, 100, 74232, 70
2026/07/30 01:29:06.008, 302.52, 100, 74232, 70
2026/07/30 01:29:07.045, 302.73, 100, 74232, 70
2026/07/30 01:29:08.081, 302.19, 100, 74232, 70
2026/07/30 01:29:09.117, 303.66, 100, 74232, 70
2026/07/30 01:29:10.155, 304.34, 100, 74232, 70
2026/07/30 01:29:11.194, 299.20, 100, 74232, 69
2026/07/30 01:29:12.231, 303.49, 100, 74232, 69
2026/07/30 01:29:13.267, 302.79, 100, 74232, 70
2026/07/30 01:29:14.303, 301.72, 100, 74232, 69
2026/07/30 01:29:15.340, 301.81, 100, 74232, 69
2026/07/30 01:29:16.377, 298.13, 100, 74232, 69
2026/07/30 01:29:17.414, 305.05, 100, 74232, 69
2026/07/30 01:29:18.451, 301.74, 100, 74232, 69
2026/07/30 01:29:19.488, 290.52, 100, 74232, 69
2026/07/30 01:29:20.525, 301.29, 100, 74232, 69
2026/07/30 01:29:21.561, 302.62, 100, 74232, 69
2026/07/30 01:29:22.599, 299.02, 100, 74232, 69
2026/07/30 01:29:23.635, 299.57, 100, 74232, 69
2026/07/30 01:29:24.675, 296.47, 100, 74232, 69
2026/07/30 01:29:25.713, 292.87, 100, 74232, 69
2026/07/30 01:29:26.749, 299.48, 100, 74232, 69
2026/07/30 01:29:27.788, 295.61, 100, 74232, 69
2026/07/30 01:29:28.826, 290.81, 100, 74232, 69
2026/07/30 01:29:29.868, 300.67, 100, 74232, 69
2026/07/30 01:29:30.906, 302.90, 100, 74232, 69
2026/07/30 01:29:31.944, 291.40, 100, 74232, 69
2026/07/30 01:29:32.986, 291.70, 100, 74232, 69
2026/07/30 01:29:34.024, 291.78, 100, 74232, 69
2026/07/30 01:29:35.063, 292.17, 100, 74232, 69
2026/07/30 01:29:36.100, 303.28, 100, 74232, 69
2026/07/30 01:29:37.137, 296.86, 100, 74232, 69
2026/07/30 01:29:38.176, 303.18, 100, 74232, 69
2026/07/30 01:29:39.213, 303.68, 100, 74232, 69
2026/07/30 01:29:40.256, 302.11, 100, 74232, 69
2026/07/30 01:29:41.294, 303.20, 100, 74232, 69
2026/07/30 01:29:42.331, 303.59, 100, 74232, 69
2026/07/30 01:29:43.371, 304.56, 100, 74232, 69
2026/07/30 01:29:44.409, 299.09, 100, 74232, 69
2026/07/30 01:29:45.448, 297.17, 100, 74232, 69
2026/07/30 01:29:46.487, 295.99, 100, 74232, 69
2026/07/30 01:29:47.525, 299.50, 100, 74232, 69
2026/07/30 01:29:48.563, 296.97, 100, 74232, 69
2026/07/30 01:29:49.601, 298.33, 100, 74232, 69
2026/07/30 01:29:50.639, 299.19, 100, 74232, 69
2026/07/30 01:29:51.677, 303.19, 100, 74232, 69
2026/07/30 01:29:52.714, 295.88, 100, 74232, 69
2026/07/30 01:29:53.752, 293.85, 100, 74232, 69
2026/07/30 01:29:54.792, 293.26, 100, 74232, 69
2026/07/30 01:29:55.829, 296.57, 100, 74232, 69
2026/07/30 01:29:56.865, 293.26, 100, 74232, 69
2026/07/30 01:29:57.902, 302.48, 100, 74232, 69
2026/07/30 01:29:58.939, 296.09, 100, 74232, 69
2026/07/30 01:29:59.978, 304.45, 100, 74232, 69
2026/07/30 01:30:01.015, 297.36, 100, 74232, 69
2026/07/30 01:30:02.053, 295.98, 100, 74232, 69
2026/07/30 01:30:03.092, 296.36, 100, 74232, 69
2026/07/30 01:30:04.129, 294.43, 100, 74232, 69
2026/07/30 01:30:05.167, 296.47, 100, 74232, 69
2026/07/30 01:30:06.207, 298.41, 100, 74232, 69
2026/07/30 01:30:07.243, 294.71, 100, 74232, 69
2026/07/30 01:30:08.288, 296.10, 100, 74232, 69
2026/07/30 01:30:09.325, 302.62, 100, 74232, 69
2026/07/30 01:30:10.361, 294.90, 100, 74232, 69
2026/07/30 01:30:11.399, 295.68, 100, 74232, 69
2026/07/30 01:30:12.435, 297.23, 100, 74232, 69
2026/07/30 01:30:13.472, 292.58, 100, 74232, 69
2026/07/30 01:30:14.510, 295.58, 100, 74232, 69
2026/07/30 01:30:15.549, 302.33, 100, 74232, 69
2026/07/30 01:30:16.586, 297.65, 100, 74232, 69
2026/07/30 01:30:17.624, 293.55, 100, 74232, 69
2026/07/30 01:30:18.660, 295.49, 100, 74232, 69
2026/07/30 01:30:19.696, 296.86, 100, 74232, 69
2026/07/30 01:30:20.732, 291.78, 100, 74232, 69
2026/07/30 01:30:21.768, 296.58, 100, 74232, 69
2026/07/30 01:30:22.805, 294.73, 100, 74232, 69
2026/07/30 01:30:23.843, 295.99, 100, 74232, 69
2026/07/30 01:30:24.880, 293.74, 100, 74232, 69
2026/07/30 01:30:25.917, 292.00, 100, 74232, 69
2026/07/30 01:30:26.955, 302.31, 100, 74232, 69
2026/07/30 01:30:27.992, 302.69, 100, 74232, 69
2026/07/30 01:30:29.028, 299.79, 100, 74232, 69
2026/07/30 01:30:30.065, 301.53, 100, 74232, 69
2026/07/30 01:30:31.101, 301.92, 100, 74232, 69
2026/07/30 01:30:32.138, 291.80, 100, 74232, 69
2026/07/30 01:30:33.175, 298.61, 100, 74232, 69
2026/07/30 01:30:34.212, 301.53, 100, 74232, 69
2026/07/30 01:30:35.248, 302.90, 100, 74232, 69
2026/07/30 01:30:36.285, 299.89, 100, 74232, 69
2026/07/30 01:30:37.325, 293.46, 100, 74232, 69
2026/07/30 01:30:38.362, 295.02, 100, 74232, 69
2026/07/30 01:30:39.398, 290.56, 100, 74232, 69
2026/07/30 01:30:40.435, 299.00, 100, 74232, 69
2026/07/30 01:30:41.471, 301.15, 100, 74232, 69
2026/07/30 01:30:42.507, 302.99, 100, 74232, 69
2026/07/30 01:30:43.545, 302.90, 100, 74232, 69
2026/07/30 01:30:44.583, 304.62, 100, 74232, 69
2026/07/30 01:30:45.622, 300.18, 100, 74232, 69
2026/07/30 01:30:46.660, 293.84, 100, 74232, 69
2026/07/30 01:30:47.698, 302.97, 100, 74232, 69
2026/07/30 01:30:48.736, 304.78, 100, 74232, 69
2026/07/30 01:30:49.775, 307.43, 100, 74232, 69
2026/07/30 01:30:50.813, 301.82, 100, 74232, 69
2026/07/30 01:30:51.851, 303.39, 100, 74232, 69
2026/07/30 01:30:52.887, 302.40, 100, 74232, 69
2026/07/30 01:30:53.926, 296.58, 100, 74232, 69
2026/07/30 01:30:54.963, 291.30, 100, 74232, 69
2026/07/30 01:30:56.005, 296.08, 100, 74232, 69
2026/07/30 01:30:57.041, 302.62, 100, 74232, 69
2026/07/30 01:30:58.076, 300.46, 100, 74232, 69
2026/07/30 01:30:59.114, 302.02, 100, 74232, 69
2026/07/30 01:31:00.152, 295.40, 100, 74232, 69
2026/07/30 01:31:01.190, 296.57, 100, 74232, 69
2026/07/30 01:31:02.227, 297.06, 100, 74232, 69
2026/07/30 01:31:03.265, 296.85, 100, 74232, 69
2026/07/30 01:31:04.302, 303.39, 100, 74232, 69
2026/07/30 01:31:05.342, 292.77, 100, 74232, 69
2026/07/30 01:31:06.378, 296.38, 100, 74232, 69
2026/07/30 01:31:07.415, 294.23, 100, 74232, 69
2026/07/30 01:31:08.452, 301.63, 100, 74232, 70
2026/07/30 01:31:09.489, 302.83, 100, 74232, 70
2026/07/30 01:31:10.527, 295.61, 100, 74232, 70
2026/07/30 01:31:11.563, 302.23, 100, 74232, 70
2026/07/30 01:31:12.607, 297.06, 100, 74232, 70
2026/07/30 01:31:13.645, 302.62, 100, 74232, 70
2026/07/30 01:31:14.681, 293.84, 100, 74232, 70
2026/07/30 01:31:15.718, 295.70, 100, 74232, 70
2026/07/30 01:31:16.755, 296.09, 100, 74232, 70
2026/07/30 01:31:17.794, 292.17, 100, 74232, 70
2026/07/30 01:31:18.833, 296.76, 100, 74232, 70
2026/07/30 01:31:19.872, 296.66, 100, 74232, 70
2026/07/30 01:31:20.910, 296.18, 100, 74232, 70
2026/07/30 01:31:21.948, 289.45, 100, 74232, 70
2026/07/30 01:31:22.986, 295.20, 100, 74232, 70
2026/07/30 01:31:24.025, 295.11, 100, 74232, 70
2026/07/30 01:31:25.063, 298.14, 100, 74232, 70
2026/07/30 01:31:26.103, 299.97, 100, 74232, 70
2026/07/30 01:31:27.142, 289.86, 100, 74232, 70
2026/07/30 01:31:28.179, 295.21, 100, 74232, 70
2026/07/30 01:31:29.218, 301.05, 100, 74232, 70
2026/07/30 01:31:30.256, 302.58, 100, 74232, 70
2026/07/30 01:31:31.294, 298.42, 100, 74232, 70
2026/07/30 01:31:32.331, 302.31, 100, 74232, 70
2026/07/30 01:31:33.370, 302.61, 100, 74232, 70
2026/07/30 01:31:34.408, 295.98, 100, 74232, 70
2026/07/30 01:31:35.444, 299.28, 100, 74232, 70
2026/07/30 01:31:36.482, 291.41, 100, 74232, 70
2026/07/30 01:31:37.521, 294.82, 100, 74232, 69
2026/07/30 01:31:38.559, 301.53, 100, 74232, 70
2026/07/30 01:31:39.596, 297.34, 100, 74232, 70
2026/07/30 01:31:40.634, 288.27, 100, 74232, 70
2026/07/30 01:31:41.672, 301.91, 100, 74232, 70
2026/07/30 01:31:42.711, 298.13, 100, 74232, 69
2026/07/30 01:31:43.750, 299.40, 100, 74232, 70
2026/07/30 01:31:44.790, 293.73, 100, 74232, 70
2026/07/30 01:31:45.829, 296.18, 100, 74232, 69
2026/07/30 01:31:46.867, 300.53, 100, 74232, 70
2026/07/30 01:31:47.907, 301.54, 100, 74232, 70
2026/07/30 01:31:48.946, 297.65, 100, 74232, 70
2026/07/30 01:31:49.986, 296.76, 100, 74232, 70
2026/07/30 01:31:51.023, 294.41, 100, 74232, 69
2026/07/30 01:31:52.061, 295.70, 100, 74232, 69
2026/07/30 01:31:53.099, 299.51, 100, 74232, 69
2026/07/30 01:31:54.135, 304.15, 100, 74232, 70
2026/07/30 01:31:55.173, 300.67, 100, 74232, 69
2026/07/30 01:31:56.211, 294.42, 100, 74232, 69
2026/07/30 01:31:57.250, 294.83, 100, 74232, 69
2026/07/30 01:31:58.288, 296.18, 100, 74232, 69
2026/07/30 01:31:59.326, 292.98, 100, 74232, 69
2026/07/30 01:32:00.363, 299.89, 100, 74232, 69
2026/07/30 01:32:01.400, 293.93, 100, 74232, 69
2026/07/30 01:32:02.440, 296.08, 100, 74232, 69
2026/07/30 01:32:03.478, 295.48, 100, 74232, 69
2026/07/30 01:32:04.520, 295.78, 100, 74232, 69
2026/07/30 01:32:05.558, 297.06, 100, 74232, 69
2026/07/30 01:32:06.597, 303.19, 100, 74232, 69
2026/07/30 01:32:07.635, 298.43, 100, 74232, 69
2026/07/30 01:32:08.672, 303.17, 100, 74232, 69
2026/07/30 01:32:09.713, 302.99, 100, 74232, 69
2026/07/30 01:32:10.750, 305.91, 100, 74232, 69
2026/07/30 01:32:11.787, 300.86, 100, 74232, 69
2026/07/30 01:32:12.824, 299.39, 100, 74232, 69
2026/07/30 01:32:13.862, 301.26, 100, 74232, 69
2026/07/30 01:32:14.901, 303.16, 100, 74232, 69
2026/07/30 01:32:15.938, 302.52, 100, 74232, 69
2026/07/30 01:32:16.976, 304.88, 100, 74232, 69
2026/07/30 01:32:18.013, 300.86, 100, 74232, 69
2026/07/30 01:32:19.050, 303.01, 100, 74232, 69
2026/07/30 01:32:20.088, 300.08, 100, 74232, 69
2026/07/30 01:32:21.126, 299.48, 100, 74232, 69
2026/07/30 01:32:22.173, 294.99, 100, 74232, 69
2026/07/30 01:32:23.211, 296.77, 100, 74232, 69
2026/07/30 01:32:24.248, 302.20, 100, 74232, 69
2026/07/30 01:32:25.286, 303.01, 100, 74232, 69
2026/07/30 01:32:26.324, 302.62, 100, 74232, 69
2026/07/30 01:32:27.364, 299.11, 100, 74232, 69
2026/07/30 01:32:28.401, 301.63, 100, 74232, 69
2026/07/30 01:32:29.439, 293.74, 100, 74232, 69
2026/07/30 01:32:30.477, 295.32, 100, 74232, 69
2026/07/30 01:32:31.516, 306.52, 100, 74232, 69
2026/07/30 01:32:32.556, 295.40, 100, 74232, 69
2026/07/30 01:32:33.593, 295.11, 100, 74232, 69
2026/07/30 01:32:34.631, 289.76, 100, 74232, 69
2026/07/30 01:32:35.668, 295.00, 100, 74232, 69
2026/07/30 01:32:36.706, 298.32, 100, 74232, 69
2026/07/30 01:32:37.743, 295.99, 100, 74232, 69
2026/07/30 01:32:38.780, 301.34, 100, 74232, 69
2026/07/30 01:32:39.819, 303.20, 100, 74232, 69
2026/07/30 01:32:40.856, 293.16, 100, 74232, 69
2026/07/30 01:32:41.894, 302.23, 100, 74232, 69
2026/07/30 01:32:42.932, 304.76, 100, 74232, 69
2026/07/30 01:32:43.971, 302.86, 100, 74232, 69
2026/07/30 01:32:45.008, 303.68, 100, 74232, 69
2026/07/30 01:32:46.048, 303.59, 100, 74232, 69
2026/07/30 01:32:47.085, 300.47, 100, 74232, 69
2026/07/30 01:32:48.122, 302.33, 100, 74232, 69
2026/07/30 01:32:49.159, 302.61, 100, 74232, 69
2026/07/30 01:32:50.196, 303.00, 100, 74232, 69
2026/07/30 01:32:51.234, 303.58, 100, 74232, 69
2026/07/30 01:32:52.273, 293.66, 100, 74232, 69
2026/07/30 01:32:53.310, 299.69, 100, 74232, 69
2026/07/30 01:32:54.348, 300.77, 100, 74232, 69
2026/07/30 01:32:55.385, 302.62, 100, 74232, 69
2026/07/30 01:32:56.423, 297.95, 100, 74232, 69
2026/07/30 01:32:57.463, 302.90, 100, 74232, 69
2026/07/30 01:32:58.501, 303.10, 100, 74232, 69
2026/07/30 01:32:59.539, 296.27, 100, 74232, 69
2026/07/30 01:33:00.577, 298.62, 100, 74232, 69
2026/07/30 01:33:01.614, 293.64, 100, 74232, 69
2026/07/30 01:33:02.653, 292.28, 100, 74232, 69
2026/07/30 01:33:03.691, 294.80, 100, 74232, 69
2026/07/30 01:33:04.729, 295.97, 100, 74232, 69
2026/07/30 01:33:05.769, 299.79, 100, 74232, 69
2026/07/30 01:33:06.806, 302.92, 100, 74232, 69
2026/07/30 01:33:07.846, 296.57, 100, 74232, 69
2026/07/30 01:33:08.884, 303.60, 100, 74232, 69
2026/07/30 01:33:09.922, 298.43, 100, 74232, 69
2026/07/30 01:33:10.961, 301.83, 100, 74232, 69
2026/07/30 01:33:11.999, 301.55, 100, 74232, 69
2026/07/30 01:33:13.037, 302.52, 100, 74232, 69
2026/07/30 01:33:14.074, 303.57, 100, 74232, 69
2026/07/30 01:33:15.112, 302.33, 100, 74232, 69
2026/07/30 01:33:16.151, 297.36, 100, 74232, 69
2026/07/30 01:33:17.188, 300.65, 100, 74232, 69
2026/07/30 01:33:18.226, 298.14, 100, 74232, 69
2026/07/30 01:33:19.263, 299.00, 100, 74232, 69
2026/07/30 01:33:20.302, 302.98, 100, 74232, 69
2026/07/30 01:33:21.339, 303.20, 100, 74232, 69
2026/07/30 01:33:22.377, 296.57, 100, 74232, 69
2026/07/30 01:33:23.413, 93.91, 0, 74232, 66
2026/07/30 01:33:24.446, 91.97, 0, 74232, 65
2026/07/30 01:33:25.477, 92.27, 0, 74232, 64
2026/07/30 01:33:26.509, 91.42, 0, 74232, 64
2026/07/30 01:33:27.541, 90.03, 0, 74232, 63
2026/07/30 01:33:28.574, 90.44, 0, 74232, 63
2026/07/30 01:33:29.606, 88.86, 0, 74232, 62
2026/07/30 01:33:30.638, 89.16, 0, 74232, 62
2026/07/30 01:33:31.671, 88.76, 0, 74232, 62
2026/07/30 01:33:32.704, 86.90, 0, 74232, 61
2026/07/30 01:33:33.735, 86.78, 0, 74232, 61
2026/07/30 01:33:34.767, 86.11, 0, 74232, 60
2026/07/30 01:33:35.800, 85.61, 0, 74232, 60
2026/07/30 01:33:36.831, 85.46, 0, 74232, 60
2026/07/30 01:33:37.864, 84.93, 0, 74232, 59
2026/07/30 01:33:38.897, 298.30, 61, 74232, 64
2026/07/30 01:33:39.933, 285.21, 100, 74232, 65
2026/07/30 01:33:40.969, 299.96, 100, 74232, 65
2026/07/30 01:33:42.008, 279.04, 100, 74232, 65
2026/07/30 01:33:43.042, 291.11, 100, 74232, 65
2026/07/30 01:33:44.081, 320.63, 100, 74232, 66
2026/07/30 01:33:45.120, 299.30, 100, 74232, 64
2026/07/30 01:33:46.160, 297.82, 100, 74232, 64
2026/07/30 01:33:47.198, 299.68, 100, 74232, 64
2026/07/30 01:33:48.237, 301.25, 100, 74232, 65
2026/07/30 01:33:49.275, 298.21, 100, 74232, 65
2026/07/30 01:33:50.312, 299.87, 100, 74232, 65
2026/07/30 01:33:51.351, 295.78, 100, 74232, 65
2026/07/30 01:33:52.388, 300.05, 100, 74232, 65
2026/07/30 01:33:53.425, 305.14, 100, 74232, 65
2026/07/30 01:33:54.463, 287.49, 100, 74232, 65
2026/07/30 01:33:55.501, 293.75, 100, 74232, 66
2026/07/30 01:33:56.542, 297.83, 100, 74232, 66
2026/07/30 01:33:57.579, 298.98, 100, 74232, 66
2026/07/30 01:33:58.616, 301.91, 100, 74232, 66
2026/07/30 01:33:59.654, 298.73, 100, 74232, 66
2026/07/30 01:34:00.691, 297.83, 100, 74232, 67
2026/07/30 01:34:01.730, 298.42, 100, 74232, 67
2026/07/30 01:34:02.767, 298.90, 100, 74232, 67
2026/07/30 01:34:03.805, 296.63, 100, 74232, 67
2026/07/30 01:34:04.843, 299.40, 100, 74232, 67
2026/07/30 01:34:05.883, 297.15, 100, 74232, 67
2026/07/30 01:34:06.920, 299.11, 100, 74232, 67
2026/07/30 01:34:07.957, 299.50, 100, 74232, 67
2026/07/30 01:34:08.995, 296.96, 100, 74232, 67
2026/07/30 01:34:10.033, 300.18, 100, 74232, 67
2026/07/30 01:34:11.071, 300.27, 100, 74232, 67
2026/07/30 01:34:12.108, 298.52, 100, 74232, 68
2026/07/30 01:34:13.145, 300.77, 100, 74232, 68
2026/07/30 01:34:14.183, 301.04, 100, 74232, 68
2026/07/30 01:34:15.220, 298.53, 100, 74232, 68
2026/07/30 01:34:16.257, 296.96, 100, 74232, 68
2026/07/30 01:34:17.294, 300.76, 100, 74232, 68
2026/07/30 01:34:18.334, 299.00, 100, 74232, 68
2026/07/30 01:34:19.371, 297.36, 100, 74232, 68
2026/07/30 01:34:20.409, 301.54, 100, 74232, 68
2026/07/30 01:34:21.448, 299.89, 100, 74232, 68
2026/07/30 01:34:22.484, 301.21, 100, 74232, 68
2026/07/30 01:34:23.522, 297.15, 100, 74232, 68
2026/07/30 01:34:24.561, 298.04, 100, 74232, 68
2026/07/30 01:34:25.600, 300.45, 100, 74232, 68
2026/07/30 01:34:26.638, 296.18, 100, 74232, 68
2026/07/30 01:34:27.676, 298.12, 100, 74232, 68
2026/07/30 01:34:28.713, 299.85, 100, 74232, 68
2026/07/30 01:34:29.752, 297.34, 100, 74232, 68
2026/07/30 01:34:30.790, 291.18, 100, 74232, 68
2026/07/30 01:34:31.828, 294.62, 100, 74232, 68
2026/07/30 01:34:32.878, 295.57, 100, 74232, 68
2026/07/30 01:34:33.918, 288.67, 100, 74232, 68
2026/07/30 01:34:34.956, 289.95, 100, 74232, 68
2026/07/30 01:34:36.000, 295.11, 100, 74232, 68
2026/07/30 01:34:37.037, 294.22, 100, 74232, 68
2026/07/30 01:34:38.075, 301.63, 100, 74232, 68
2026/07/30 01:34:39.121, 299.30, 100, 74232, 69
2026/07/30 01:34:40.159, 298.52, 100, 74232, 69
2026/07/30 01:34:41.196, 300.94, 100, 74232, 69
2026/07/30 01:34:42.235, 297.91, 100, 74232, 69
2026/07/30 01:34:43.273, 297.83, 100, 74232, 69
2026/07/30 01:34:44.310, 300.96, 100, 74232, 69
2026/07/30 01:34:45.348, 305.24, 100, 74232, 69
2026/07/30 01:34:46.385, 297.54, 100, 74232, 69
2026/07/30 01:34:47.425, 300.86, 100, 74232, 69
2026/07/30 01:34:48.462, 302.60, 100, 74232, 69
2026/07/30 01:34:49.499, 302.31, 100, 74232, 69
2026/07/30 01:34:50.537, 300.35, 100, 74232, 69
2026/07/30 01:34:51.575, 301.34, 100, 74232, 69
2026/07/30 01:34:52.612, 301.93, 100, 74232, 69
2026/07/30 01:34:53.649, 299.78, 100, 74232, 69
2026/07/30 01:34:54.686, 302.42, 100, 74232, 69
2026/07/30 01:34:55.724, 299.28, 100, 74232, 69
2026/07/30 01:34:56.763, 299.78, 100, 74232, 69
2026/07/30 01:34:57.799, 302.12, 100, 74232, 69
2026/07/30 01:34:58.839, 298.12, 100, 74232, 69
2026/07/30 01:34:59.878, 299.29, 100, 74232, 69
2026/07/30 01:35:00.915, 301.04, 100, 74232, 69
2026/07/30 01:35:01.953, 299.13, 100, 74232, 69
2026/07/30 01:35:02.990, 298.51, 100, 74232, 69
2026/07/30 01:35:04.029, 301.90, 100, 74232, 69
2026/07/30 01:35:05.069, 298.91, 100, 74232, 69
2026/07/30 01:35:06.107, 292.97, 100, 74232, 69
2026/07/30 01:35:07.144, 301.70, 100, 74232, 69
2026/07/30 01:35:08.184, 302.63, 100, 74232, 69
2026/07/30 01:35:09.222, 292.48, 100, 74232, 69
2026/07/30 01:35:10.258, 293.93, 100, 74232, 69
2026/07/30 01:35:11.295, 298.41, 100, 74232, 69
2026/07/30 01:35:12.331, 288.48, 100, 74232, 69
2026/07/30 01:35:13.370, 299.18, 100, 74232, 69
2026/07/30 01:35:14.406, 295.11, 100, 74232, 69
2026/07/30 01:35:15.442, 303.08, 100, 74232, 69
2026/07/30 01:35:16.479, 303.74, 100, 74232, 69
2026/07/30 01:35:17.518, 299.94, 100, 74232, 69
2026/07/30 01:35:18.559, 296.37, 100, 74232, 69
2026/07/30 01:35:19.596, 295.39, 100, 74232, 69
2026/07/30 01:35:20.633, 293.54, 100, 74232, 69
2026/07/30 01:35:21.671, 295.70, 100, 74232, 69
2026/07/30 01:35:22.708, 303.17, 100, 74232, 69
2026/07/30 01:35:23.746, 294.90, 100, 74232, 69
2026/07/30 01:35:24.784, 293.84, 100, 74232, 69
2026/07/30 01:35:25.822, 302.12, 100, 74232, 69
2026/07/30 01:35:26.859, 302.79, 100, 74232, 69
2026/07/30 01:35:27.897, 300.46, 100, 74232, 69
2026/07/30 01:35:28.935, 300.46, 100, 74232, 69
2026/07/30 01:35:29.974, 302.32, 100, 74232, 69
2026/07/30 01:35:31.012, 298.04, 100, 74232, 69
2026/07/30 01:35:32.052, 296.74, 100, 74232, 69
2026/07/30 01:35:33.089, 297.91, 100, 74232, 69
2026/07/30 01:35:34.126, 302.59, 100, 74232, 69
2026/07/30 01:35:35.163, 300.06, 100, 74232, 69
2026/07/30 01:35:36.201, 300.08, 100, 74232, 69
2026/07/30 01:35:37.239, 301.53, 100, 74232, 69
2026/07/30 01:35:38.276, 304.12, 100, 74232, 69
2026/07/30 01:35:39.314, 291.61, 100, 74232, 69
2026/07/30 01:35:40.353, 290.62, 100, 74232, 69
2026/07/30 01:35:41.394, 295.61, 100, 74232, 69
2026/07/30 01:35:42.431, 295.99, 100, 74232, 69
2026/07/30 01:35:43.473, 295.59, 100, 74232, 69
2026/07/30 01:35:44.512, 298.41, 100, 74232, 69
2026/07/30 01:35:45.549, 301.91, 100, 74232, 69
2026/07/30 01:35:46.584, 308.25, 100, 74232, 69
2026/07/30 01:35:47.621, 301.34, 100, 74232, 69
2026/07/30 01:35:48.658, 302.52, 100, 74232, 69
2026/07/30 01:35:49.696, 302.31, 100, 74232, 69
2026/07/30 01:35:50.732, 299.86, 100, 74232, 69
2026/07/30 01:35:51.769, 301.06, 100, 74232, 69
2026/07/30 01:35:52.806, 301.64, 100, 74232, 69
2026/07/30 01:35:53.843, 303.11, 100, 74232, 69
2026/07/30 01:35:54.880, 299.79, 100, 74232, 69
2026/07/30 01:35:55.916, 299.50, 100, 74232, 69
2026/07/30 01:35:56.952, 301.45, 100, 74232, 69
2026/07/30 01:35:57.989, 302.71, 100, 74232, 69
2026/07/30 01:35:59.026, 294.04, 100, 74232, 69
2026/07/30 01:36:00.066, 293.93, 100, 74232, 69
2026/07/30 01:36:01.103, 294.23, 100, 74232, 69
2026/07/30 01:36:02.139, 303.30, 100, 74232, 69
2026/07/30 01:36:03.179, 292.47, 100, 74232, 69
2026/07/30 01:36:04.217, 294.52, 100, 74232, 69
2026/07/30 01:36:05.258, 295.78, 100, 74232, 69
2026/07/30 01:36:06.295, 302.52, 100, 74232, 69
2026/07/30 01:36:07.332, 298.02, 100, 74232, 69
2026/07/30 01:36:08.369, 295.42, 100, 74232, 69
2026/07/30 01:36:09.405, 295.50, 100, 74232, 69
2026/07/30 01:36:10.443, 298.91, 100, 74232, 69
2026/07/30 01:36:11.482, 293.06, 100, 74232, 69
2026/07/30 01:36:12.520, 291.70, 100, 74232, 69
2026/07/30 01:36:13.557, 302.21, 100, 74232, 69
2026/07/30 01:36:14.598, 303.00, 100, 74232, 69
2026/07/30 01:36:15.637, 303.46, 100, 74232, 69
2026/07/30 01:36:16.679, 301.05, 100, 74232, 69
2026/07/30 01:36:17.720, 295.98, 100, 74232, 69
2026/07/30 01:36:18.758, 298.71, 100, 74232, 69
2026/07/30 01:36:19.796, 303.35, 100, 74232, 69
2026/07/30 01:36:20.834, 300.16, 100, 74232, 69
2026/07/30 01:36:21.872, 299.40, 100, 74232, 69
2026/07/30 01:36:22.911, 299.30, 100, 74232, 69
2026/07/30 01:36:23.950, 302.77, 100, 74232, 69
2026/07/30 01:36:24.988, 301.81, 100, 74232, 69
2026/07/30 01:36:26.026, 301.63, 100, 74232, 69
2026/07/30 01:36:27.063, 299.40, 100, 74232, 69
2026/07/30 01:36:28.101, 302.71, 100, 74232, 69
2026/07/30 01:36:29.139, 303.67, 100, 74232, 69
2026/07/30 01:36:30.177, 300.09, 100, 74232, 69
2026/07/30 01:36:31.214, 302.79, 100, 74232, 69
2026/07/30 01:36:32.252, 302.52, 100, 74232, 69
2026/07/30 01:36:33.289, 303.48, 100, 74232, 69
2026/07/30 01:36:34.326, 301.93, 100, 74232, 69
2026/07/30 01:36:35.364, 300.38, 100, 74232, 69
2026/07/30 01:36:36.403, 302.90, 100, 74232, 69
2026/07/30 01:36:37.440, 299.49, 100, 74232, 69
2026/07/30 01:36:38.477, 300.27, 100, 74232, 69
2026/07/30 01:36:39.514, 295.01, 100, 74232, 69
2026/07/30 01:36:40.552, 295.61, 100, 74232, 69
2026/07/30 01:36:41.589, 303.00, 100, 74232, 69
2026/07/30 01:36:42.627, 292.87, 100, 74232, 69
2026/07/30 01:36:43.665, 290.43, 100, 74232, 69
2026/07/30 01:36:44.708, 295.89, 100, 74232, 69
2026/07/30 01:36:45.749, 294.92, 100, 74232, 69
2026/07/30 01:36:46.786, 295.68, 100, 74232, 69
2026/07/30 01:36:47.835, 302.12, 100, 74232, 69
2026/07/30 01:36:48.874, 301.71, 100, 74232, 69
2026/07/30 01:36:49.911, 304.09, 100, 74232, 69
2026/07/30 01:36:50.950, 300.96, 100, 74232, 69
2026/07/30 01:36:51.988, 299.30, 100, 74232, 69
2026/07/30 01:36:53.025, 301.83, 100, 74232, 69
2026/07/30 01:36:54.064, 303.49, 100, 74232, 69
2026/07/30 01:36:55.101, 303.20, 100, 74232, 69
2026/07/30 01:36:56.138, 297.35, 100, 74232, 69
2026/07/30 01:36:57.176, 301.43, 100, 74232, 69
2026/07/30 01:36:58.216, 290.54, 100, 74232, 69
2026/07/30 01:36:59.254, 296.18, 100, 74232, 69
2026/07/30 01:37:00.294, 294.61, 100, 74232, 69
2026/07/30 01:37:01.333, 303.28, 100, 74232, 69
2026/07/30 01:37:02.371, 301.34, 100, 74232, 69
2026/07/30 01:37:03.411, 303.39, 100, 74232, 69
2026/07/30 01:37:04.449, 303.89, 100, 74232, 69
2026/07/30 01:37:05.487, 303.70, 100, 74232, 69
2026/07/30 01:37:06.525, 300.29, 100, 74232, 69
2026/07/30 01:37:07.564, 302.71, 100, 74232, 69
2026/07/30 01:37:08.602, 302.12, 100, 74232, 69
2026/07/30 01:37:09.639, 303.49, 100, 74232, 69
2026/07/30 01:37:10.677, 300.55, 100, 74232, 69
2026/07/30 01:37:11.715, 299.94, 100, 74232, 69
2026/07/30 01:37:12.752, 296.17, 100, 74232, 69
2026/07/30 01:37:13.791, 293.06, 100, 74232, 69
2026/07/30 01:37:14.828, 294.90, 100, 74232, 69
2026/07/30 01:37:15.866, 296.37, 100, 74232, 69
2026/07/30 01:37:16.904, 293.27, 100, 74232, 69
2026/07/30 01:37:17.943, 300.77, 100, 74232, 69
2026/07/30 01:37:18.980, 298.13, 100, 74232, 69
2026/07/30 01:37:20.019, 297.25, 100, 74232, 69
2026/07/30 01:37:21.056, 296.57, 100, 74232, 69
2026/07/30 01:37:22.098, 293.46, 100, 74232, 69
2026/07/30 01:37:23.138, 295.40, 100, 74232, 69
2026/07/30 01:37:24.175, 297.14, 100, 74232, 69
2026/07/30 01:37:25.214, 296.07, 100, 74232, 69
2026/07/30 01:37:26.252, 297.45, 100, 74232, 69
2026/07/30 01:37:27.289, 293.85, 100, 74232, 69
2026/07/30 01:37:28.327, 299.02, 100, 74232, 69
2026/07/30 01:37:29.365, 301.64, 100, 74232, 69
2026/07/30 01:37:30.403, 303.25, 100, 74232, 69
2026/07/30 01:37:31.440, 303.00, 100, 74232, 69
2026/07/30 01:37:32.478, 303.58, 100, 74232, 69
2026/07/30 01:37:33.515, 300.66, 100, 74232, 69
2026/07/30 01:37:34.553, 298.52, 100, 74232, 69
2026/07/30 01:37:35.591, 298.90, 100, 74232, 69
2026/07/30 01:37:36.629, 301.52, 100, 74232, 69
2026/07/30 01:37:37.667, 302.71, 100, 74232, 69
2026/07/30 01:37:38.705, 303.59, 100, 74232, 69
2026/07/30 01:37:39.744, 303.48, 100, 74232, 69
2026/07/30 01:37:40.782, 293.36, 100, 74232, 69
2026/07/30 01:37:41.820, 293.75, 100, 74232, 69
2026/07/30 01:37:42.857, 295.30, 100, 74232, 69
2026/07/30 01:37:43.900, 302.02, 100, 74232, 69
2026/07/30 01:37:44.938, 296.37, 100, 74232, 69
2026/07/30 01:37:45.976, 294.62, 100, 74232, 69
2026/07/30 01:37:47.012, 294.91, 100, 74232, 69
2026/07/30 01:37:48.047, 296.58, 100, 74232, 69
2026/07/30 01:37:49.084, 299.59, 100, 74232, 69
2026/07/30 01:37:50.122, 303.00, 100, 74232, 69
2026/07/30 01:37:51.159, 296.46, 100, 74232, 69
2026/07/30 01:37:52.196, 291.98, 100, 74232, 69
2026/07/30 01:37:53.228, 95.14, 12, 74232, 66
2026/07/30 01:37:54.261, 92.66, 0, 74232, 65
2026/07/30 01:37:55.293, 92.70, 0, 74232, 65
2026/07/30 01:37:56.325, 91.90, 0, 74232, 64
2026/07/30 01:37:57.357, 90.61, 0, 74232, 64
2026/07/30 01:37:58.389, 90.73, 0, 74232, 63
2026/07/30 01:37:59.421, 89.36, 0, 74232, 63
2026/07/30 01:38:00.454, 88.76, 0, 74232, 62
2026/07/30 01:38:01.484, 88.16, 0, 74232, 62
2026/07/30 01:38:02.515, 87.81, 0, 74232, 61
2026/07/30 01:38:03.548, 86.49, 0, 74232, 61
2026/07/30 01:38:04.580, 86.78, 0, 74232, 61
2026/07/30 01:38:05.612, 86.59, 0, 74232, 60
2026/07/30 01:38:06.646, 86.48, 0, 74232, 60
2026/07/30 01:38:07.678, 85.49, 0, 74232, 59
2026/07/30 01:38:08.710, 85.22, 0, 74232, 59
2026/07/30 01:38:09.741, 84.93, 0, 74232, 59
2026/07/30 01:38:10.770, 84.51, 0, 74232, 58
2026/07/30 01:38:11.800, 84.44, 0, 74232, 58
2026/07/30 01:38:12.832, 83.62, 0, 74232, 58
2026/07/30 01:38:13.863, 83.70, 0, 74232, 57
2026/07/30 01:38:14.893, 305.12, 100, 74232, 63
2026/07/30 01:38:15.925, 303.17, 100, 74232, 63
2026/07/30 01:38:16.959, 298.67, 100, 74232, 64
2026/07/30 01:38:17.996, 273.80, 100, 74232, 63
2026/07/30 01:38:19.029, 287.39, 100, 74232, 62
2026/07/30 01:38:20.064, 304.64, 100, 74232, 63
2026/07/30 01:38:21.103, 299.28, 100, 74232, 63
2026/07/30 01:38:22.139, 313.50, 100, 74232, 63
2026/07/30 01:38:23.176, 289.57, 100, 74232, 63
2026/07/30 01:38:24.214, 298.04, 100, 74232, 63
2026/07/30 01:38:25.253, 291.32, 100, 74232, 63
2026/07/30 01:38:26.289, 291.42, 100, 74232, 64
2026/07/30 01:38:27.326, 299.78, 100, 74232, 64
2026/07/30 01:38:28.362, 296.47, 100, 74232, 64
2026/07/30 01:38:29.398, 299.10, 100, 74232, 64
2026/07/30 01:38:30.434, 298.42, 100, 74232, 64
2026/07/30 01:38:31.468, 284.68, 100, 74232, 66
2026/07/30 01:38:32.503, 294.03, 100, 74232, 66
2026/07/30 01:38:33.535, 295.11, 100, 74232, 67
2026/07/30 01:38:34.568, 286.60, 100, 74232, 67
2026/07/30 01:38:35.598, 316.70, 100, 74232, 67
2026/07/30 01:38:36.629, 305.82, 100, 74232, 65
2026/07/30 01:38:37.662, 291.01, 100, 74232, 65
2026/07/30 01:38:38.695, 296.77, 100, 74232, 66
2026/07/30 01:38:39.728, 293.02, 100, 74232, 67
2026/07/30 01:38:40.759, 299.11, 100, 74232, 68
2026/07/30 01:38:41.788, 272.24, 100, 74232, 68
2026/07/30 01:38:42.816, 284.06, 100, 74232, 68
2026/07/30 01:38:43.845, 294.91, 100, 74232, 66
2026/07/30 01:38:44.878, 295.50, 100, 74232, 66
2026/07/30 01:38:45.911, 288.28, 100, 74232, 66
2026/07/30 01:38:46.943, 292.48, 100, 74232, 67
2026/07/30 01:38:47.975, 293.56, 100, 74232, 68
2026/07/30 01:38:49.006, 304.40, 100, 74232, 69
2026/07/30 01:38:50.035, 284.82, 100, 74232, 69
2026/07/30 01:38:51.066, 297.05, 100, 74232, 69
2026/07/30 01:38:52.097, 308.96, 100, 74232, 69
2026/07/30 01:38:53.128, 306.11, 100, 74232, 67
2026/07/30 01:38:54.165, 307.47, 100, 74232, 67
2026/07/30 01:38:55.204, 300.05, 100, 74232, 68
2026/07/30 01:38:56.242, 305.83, 100, 74232, 68
2026/07/30 01:38:57.281, 302.33, 100, 74232, 68
2026/07/30 01:38:58.317, 300.78, 100, 74232, 69
2026/07/30 01:38:59.352, 295.51, 100, 74232, 70
2026/07/30 01:39:00.392, 290.98, 100, 74232, 70
2026/07/30 01:39:01.428, 282.69, 100, 74232, 70
2026/07/30 01:39:02.464, 280.98, 100, 74232, 70
2026/07/30 01:39:03.499, 291.01, 100, 74232, 68
2026/07/30 01:39:04.540, 300.08, 100, 74232, 68
2026/07/30 01:39:05.580, 295.01, 100, 74232, 68
2026/07/30 01:39:06.616, 300.46, 100, 74232, 68
2026/07/30 01:39:07.654, 298.61, 100, 74232, 68
2026/07/30 01:39:08.691, 93.18, 0, 74232, 65
2026/07/30 01:39:09.724, 300.00, 100, 74232, 70
2026/07/30 01:39:10.761, 297.26, 100, 74232, 70
2026/07/30 01:39:11.797, 303.08, 100, 74232, 70
2026/07/30 01:39:12.839, 272.15, 100, 74232, 70
2026/07/30 01:39:13.874, 319.27, 100, 74232, 70
2026/07/30 01:39:14.909, 302.99, 100, 74232, 69
2026/07/30 01:39:15.947, 299.86, 100, 74232, 69
2026/07/30 01:39:16.985, 297.36, 100, 74232, 69
2026/07/30 01:39:18.021, 295.99, 100, 74232, 69
2026/07/30 01:39:19.058, 301.54, 100, 74232, 69
2026/07/30 01:39:20.096, 301.05, 100, 74232, 69
2026/07/30 01:39:21.135, 296.00, 100, 74232, 71
2026/07/30 01:39:22.169, 301.52, 100, 74232, 71
2026/07/30 01:39:23.206, 303.43, 100, 74232, 71
2026/07/30 01:39:24.248, 306.96, 100, 74232, 71
2026/07/30 01:39:25.283, 300.83, 100, 74232, 71
2026/07/30 01:39:26.318, 274.41, 100, 74232, 69
2026/07/30 01:39:27.356, 294.52, 100, 74232, 69
2026/07/30 01:39:28.394, 295.30, 100, 74232, 69
2026/07/30 01:39:29.433, 300.27, 100, 74232, 69
2026/07/30 01:39:30.474, 302.21, 100, 74232, 69
2026/07/30 01:39:31.511, 302.97, 100, 74232, 70
2026/07/30 01:39:32.548, 301.64, 100, 74232, 70
2026/07/30 01:39:33.588, 299.47, 100, 74232, 69
2026/07/30 01:39:34.631, 292.86, 100, 74232, 69
2026/07/30 01:39:35.670, 301.25, 100, 74232, 70
2026/07/30 01:39:36.710, 300.86, 100, 74232, 70
2026/07/30 01:39:37.750, 300.17, 57, 74232, 71
2026/07/30 01:39:38.785, 300.42, 100, 74232, 71
2026/07/30 01:39:39.820, 291.76, 100, 74232, 71
2026/07/30 01:39:40.854, 301.42, 100, 74232, 71
2026/07/30 01:39:41.889, 293.27, 100, 74232, 71
2026/07/30 01:39:42.924, 317.31, 100, 74232, 71
2026/07/30 01:39:43.960, 300.37, 100, 74232, 69
2026/07/30 01:39:44.998, 302.61, 100, 74232, 69
2026/07/30 01:39:46.035, 303.19, 100, 74232, 69
2026/07/30 01:39:47.071, 302.01, 100, 74232, 70
2026/07/30 01:39:48.109, 303.00, 100, 74232, 70
2026/07/30 01:39:49.146, 320.86, 100, 74232, 71
2026/07/30 01:39:50.182, 281.79, 100, 74232, 71
2026/07/30 01:39:51.223, 303.18, 100, 74232, 72
2026/07/30 01:39:52.260, 298.71, 100, 74232, 71
2026/07/30 01:39:53.295, 314.28, 100, 74232, 72
2026/07/30 01:39:54.329, 278.00, 100, 74232, 71
2026/07/30 01:39:55.364, 287.02, 100, 74232, 72
2026/07/30 01:39:56.400, 303.19, 100, 74232, 70
2026/07/30 01:39:57.437, 300.84, 100, 74232, 70
2026/07/30 01:39:58.475, 303.19, 100, 74232, 70
2026/07/30 01:39:59.513, 296.17, 100, 74232, 70
2026/07/30 01:40:00.550, 292.88, 100, 74232, 70
2026/07/30 01:40:01.589, 295.10, 100, 74232, 71
2026/07/30 01:40:02.625, 295.48, 100, 74232, 72
2026/07/30 01:40:03.660, 291.08, 100, 74232, 72
2026/07/30 01:40:04.695, 307.52, 100, 74232, 72
2026/07/30 01:40:05.733, 310.08, 100, 74232, 72
2026/07/30 01:40:06.772, 304.61, 100, 74232, 72
2026/07/30 01:40:07.807, 286.45, 100, 74232, 72
2026/07/30 01:40:08.842, 300.23, 100, 74232, 70
2026/07/30 01:40:09.880, 299.38, 100, 74232, 70
2026/07/30 01:40:10.919, 303.68, 100, 74232, 70
2026/07/30 01:40:11.956, 300.75, 100, 74232, 70
2026/07/30 01:40:12.994, 297.72, 100, 74232, 70
2026/07/30 01:40:14.032, 294.03, 100, 74232, 70
2026/07/30 01:40:15.072, 297.35, 100, 74232, 70
2026/07/30 01:40:16.111, 291.40, 100, 74232, 70
2026/07/30 01:40:17.153, 94.78, 0, 74232, 71
2026/07/30 01:40:18.188, 302.61, 100, 74232, 70
2026/07/30 01:40:19.231, 304.14, 100, 74232, 70
2026/07/30 01:40:20.269, 302.78, 100, 74232, 70
2026/07/30 01:40:21.307, 303.19, 100, 74232, 70
2026/07/30 01:40:22.345, 300.83, 100, 74232, 70
2026/07/30 01:40:23.383, 298.23, 100, 74232, 70
2026/07/30 01:40:24.422, 302.22, 100, 74232, 70
2026/07/30 01:40:25.459, 291.19, 100, 74232, 70
2026/07/30 01:40:26.497, 293.73, 100, 74232, 70
2026/07/30 01:40:27.535, 298.02, 100, 74232, 70
2026/07/30 01:40:28.573, 302.41, 100, 74232, 70
2026/07/30 01:40:29.611, 302.31, 100, 74232, 70
2026/07/30 01:40:30.648, 301.25, 100, 74232, 70
2026/07/30 01:40:31.686, 300.94, 100, 74232, 70
2026/07/30 01:40:32.723, 301.34, 100, 74232, 70
2026/07/30 01:40:33.761, 303.18, 100, 74232, 70
2026/07/30 01:40:34.799, 302.72, 100, 74232, 70
2026/07/30 01:40:35.835, 302.32, 100, 74232, 70
2026/07/30 01:40:36.872, 298.24, 100, 74232, 70
2026/07/30 01:40:37.911, 303.49, 100, 74232, 70
2026/07/30 01:40:38.950, 297.64, 100, 74232, 70
2026/07/30 01:40:39.987, 301.40, 100, 74232, 70
2026/07/30 01:40:41.025, 300.94, 100, 74232, 70
2026/07/30 01:40:42.062, 299.86, 100, 74232, 70
2026/07/30 01:40:43.100, 301.25, 100, 74232, 70
2026/07/30 01:40:44.137, 302.61, 100, 74232, 70
2026/07/30 01:40:45.174, 301.24, 100, 74232, 70
2026/07/30 01:40:46.212, 304.09, 100, 74232, 70
2026/07/30 01:40:47.251, 303.19, 100, 74232, 70
2026/07/30 01:40:48.288, 302.51, 100, 74232, 70
2026/07/30 01:40:49.325, 302.79, 100, 74232, 70
2026/07/30 01:40:50.363, 305.73, 100, 74232, 70
2026/07/30 01:40:51.401, 302.22, 100, 74232, 70
2026/07/30 01:40:52.438, 303.43, 100, 74232, 70
2026/07/30 01:40:53.474, 296.86, 100, 74232, 70
2026/07/30 01:40:54.512, 296.70, 100, 74232, 69
2026/07/30 01:40:55.549, 298.61, 100, 74232, 69
2026/07/30 01:40:56.591, 300.27, 100, 74232, 69
2026/07/30 01:40:57.627, 290.43, 100, 74232, 69
2026/07/30 01:40:58.664, 299.97, 100, 74232, 69
2026/07/30 01:40:59.701, 293.55, 100, 74232, 69
2026/07/30 01:41:00.742, 299.68, 100, 74232, 69
2026/07/30 01:41:01.781, 296.77, 100, 74232, 69
2026/07/30 01:41:02.819, 298.90, 100, 74232, 69
2026/07/30 01:41:03.857, 298.14, 100, 74232, 69
2026/07/30 01:41:04.895, 302.50, 100, 74232, 69
2026/07/30 01:41:05.932, 298.42, 100, 74232, 69
2026/07/30 01:41:06.968, 297.36, 100, 74232, 69
2026/07/30 01:41:08.003, 303.11, 100, 74232, 69
2026/07/30 01:41:09.039, 297.44, 100, 74232, 69
2026/07/30 01:41:10.077, 298.59, 100, 74232, 69
2026/07/30 01:41:11.114, 297.89, 100, 74232, 69
2026/07/30 01:41:12.153, 300.75, 100, 74232, 69
2026/07/30 01:41:13.193, 294.62, 100, 74232, 69
2026/07/30 01:41:14.230, 297.34, 100, 74232, 69
2026/07/30 01:41:15.269, 300.46, 100, 74232, 69
2026/07/30 01:41:16.306, 299.10, 100, 74232, 69
2026/07/30 01:41:17.346, 296.86, 100, 74232, 69
2026/07/30 01:41:18.383, 295.51, 100, 74232, 69
2026/07/30 01:41:19.422, 295.41, 100, 74232, 69
2026/07/30 01:41:20.459, 299.02, 100, 74232, 69
2026/07/30 01:41:21.497, 301.05, 100, 74232, 69
2026/07/30 01:41:22.534, 296.28, 100, 74232, 69
2026/07/30 01:41:23.572, 299.27, 100, 74232, 69
2026/07/30 01:41:24.608, 301.44, 100, 74232, 69
2026/07/30 01:41:25.644, 297.83, 100, 74232, 69
2026/07/30 01:41:26.680, 299.29, 100, 74232, 69
2026/07/30 01:41:27.719, 302.12, 100, 74232, 69
2026/07/30 01:41:28.756, 302.65, 100, 74232, 69
2026/07/30 01:41:29.792, 299.68, 100, 74232, 69
2026/07/30 01:41:30.829, 296.45, 100, 74232, 69
2026/07/30 01:41:31.866, 303.74, 100, 74232, 69
2026/07/30 01:41:32.906, 298.33, 100, 74232, 69
2026/07/30 01:41:33.944, 297.74, 100, 74232, 69
2026/07/30 01:41:34.981, 301.52, 100, 74232, 69
2026/07/30 01:41:36.017, 297.14, 100, 74232, 69
2026/07/30 01:41:37.058, 293.46, 100, 74232, 69
2026/07/30 01:41:38.096, 301.65, 100, 74232, 69
2026/07/30 01:41:39.134, 304.64, 100, 74232, 69
2026/07/30 01:41:40.172, 293.85, 100, 74232, 69
2026/07/30 01:41:41.209, 301.25, 100, 74232, 70
2026/07/30 01:41:42.250, 300.95, 100, 74232, 70
2026/07/30 01:41:43.288, 304.66, 100, 74232, 70
2026/07/30 01:41:44.326, 302.43, 100, 74232, 70
2026/07/30 01:41:45.363, 298.53, 100, 74232, 69
2026/07/30 01:41:46.402, 301.82, 100, 74232, 69
2026/07/30 01:41:47.441, 303.67, 100, 74232, 69
2026/07/30 01:41:48.478, 302.91, 100, 74232, 69
2026/07/30 01:41:49.516, 301.84, 100, 74232, 70
2026/07/30 01:41:50.553, 303.08, 100, 74232, 69
2026/07/30 01:41:51.592, 298.24, 100, 74232, 69
2026/07/30 01:41:52.629, 302.92, 100, 74232, 70
2026/07/30 01:41:53.666, 303.77, 100, 74232, 70
2026/07/30 01:41:54.704, 302.20, 100, 74232, 70
2026/07/30 01:41:55.741, 301.92, 100, 74232, 70
2026/07/30 01:41:56.781, 300.95, 100, 74232, 69
2026/07/30 01:41:57.819, 295.11, 100, 74232, 69
2026/07/30 01:41:58.858, 303.58, 100, 74232, 70
2026/07/30 01:41:59.896, 297.73, 100, 74232, 69
2026/07/30 01:42:00.933, 299.24, 100, 74232, 71
2026/07/30 01:42:01.968, 290.93, 100, 74232, 71
2026/07/30 01:42:03.003, 286.11, 100, 74232, 71
2026/07/30 01:42:04.038, 293.16, 100, 74232, 71
2026/07/30 01:42:05.073, 311.02, 100, 74232, 71
2026/07/30 01:42:06.112, 273.92, 100, 74232, 71
2026/07/30 01:42:07.147, 304.94, 100, 74232, 70
2026/07/30 01:42:08.186, 288.17, 100, 74232, 69
2026/07/30 01:42:09.223, 284.75, 100, 74232, 69
2026/07/30 01:42:10.263, 288.69, 100, 74232, 69
2026/07/30 01:42:11.300, 296.38, 100, 74232, 69
2026/07/30 01:42:12.338, 299.58, 100, 74232, 71
2026/07/30 01:42:13.373, 294.04, 100, 74232, 71
2026/07/30 01:42:14.410, 284.67, 100, 74232, 71
2026/07/30 01:42:15.444, 279.96, 100, 74232, 71
2026/07/30 01:42:16.480, 274.46, 100, 74232, 71
2026/07/30 01:42:17.516, 261.05, 100, 74232, 72
2026/07/30 01:42:18.555, 287.51, 100, 74232, 71
2026/07/30 01:42:19.596, 288.96, 100, 74232, 70
2026/07/30 01:42:20.635, 292.48, 100, 74232, 70
2026/07/30 01:42:21.673, 295.32, 100, 74232, 70
2026/07/30 01:42:22.709, 294.91, 100, 74232, 70
2026/07/30 01:42:23.747, 297.86, 100, 74232, 70
2026/07/30 01:42:24.794, 292.98, 100, 74232, 70
2026/07/30 01:42:25.831, 296.77, 100, 74232, 70
2026/07/30 01:42:26.869, 302.90, 100, 74232, 70
2026/07/30 01:42:27.908, 303.20, 100, 74232, 70
2026/07/30 01:42:28.945, 302.23, 100, 74232, 70
2026/07/30 01:42:29.982, 302.70, 100, 74232, 70
2026/07/30 01:42:31.020, 298.52, 100, 74232, 70
2026/07/30 01:42:32.059, 305.64, 100, 74232, 70
2026/07/30 01:42:33.097, 297.63, 100, 74232, 70
2026/07/30 01:42:34.135, 300.74, 100, 74232, 70
2026/07/30 01:42:35.173, 303.01, 100, 74232, 70
2026/07/30 01:42:36.210, 302.23, 100, 74232, 70
2026/07/30 01:42:37.246, 301.14, 100, 74232, 70
2026/07/30 01:42:38.283, 301.74, 100, 74232, 70
2026/07/30 01:42:39.321, 302.02, 100, 74232, 70
2026/07/30 01:42:40.359, 303.06, 100, 74232, 70
2026/07/30 01:42:41.398, 301.14, 100, 74232, 70
2026/07/30 01:42:42.436, 301.23, 100, 74232, 70
2026/07/30 01:42:43.476, 302.05, 100, 74232, 70
2026/07/30 01:42:44.514, 301.94, 100, 74232, 70
2026/07/30 01:42:45.551, 301.55, 100, 74232, 70
2026/07/30 01:42:46.593, 303.70, 100, 74232, 70
2026/07/30 01:42:47.630, 298.42, 100, 74232, 70
2026/07/30 01:42:48.668, 301.93, 100, 74232, 70
2026/07/30 01:42:49.707, 297.25, 100, 74232, 70
2026/07/30 01:42:50.745, 299.88, 100, 74232, 70
2026/07/30 01:42:51.784, 290.14, 100, 74232, 69
2026/07/30 01:42:52.823, 293.05, 100, 74232, 69
2026/07/30 01:42:53.861, 289.71, 100, 74232, 69
2026/07/30 01:42:54.904, 298.51, 100, 74232, 69
2026/07/30 01:42:55.942, 303.96, 100, 74232, 69
2026/07/30 01:42:56.980, 298.70, 100, 74232, 69
2026/07/30 01:42:58.017, 301.34, 100, 74232, 69
2026/07/30 01:42:59.055, 302.02, 100, 74232, 69
2026/07/30 01:43:00.096, 300.00, 100, 74232, 69
2026/07/30 01:43:01.134, 300.95, 100, 74232, 69
2026/07/30 01:43:02.172, 297.84, 100, 74232, 69
2026/07/30 01:43:03.209, 294.91, 100, 74232, 69
2026/07/30 01:43:04.246, 299.88, 100, 74232, 69
2026/07/30 01:43:05.285, 303.59, 100, 74232, 69
2026/07/30 01:43:06.322, 301.85, 100, 74232, 69
2026/07/30 01:43:07.363, 299.50, 100, 74232, 69
2026/07/30 01:43:08.401, 297.65, 100, 74232, 69
2026/07/30 01:43:09.440, 300.16, 100, 74232, 70
2026/07/30 01:43:10.482, 291.21, 100, 74232, 69
2026/07/30 01:43:11.521, 297.64, 100, 74232, 69
2026/07/30 01:43:12.558, 301.13, 100, 74232, 70
2026/07/30 01:43:13.598, 295.29, 100, 74232, 70
2026/07/30 01:43:14.635, 297.83, 100, 74232, 70
2026/07/30 01:43:15.672, 294.90, 100, 74232, 70
2026/07/30 01:43:16.709, 300.75, 100, 74232, 70
2026/07/30 01:43:17.747, 293.06, 100, 74232, 70
2026/07/30 01:43:18.785, 300.19, 100, 74232, 70
2026/07/30 01:43:19.823, 290.25, 100, 74232, 70
2026/07/30 01:43:20.861, 303.89, 100, 74232, 70
2026/07/30 01:43:21.898, 298.23, 100, 74232, 70
2026/07/30 01:43:22.935, 298.63, 100, 74232, 70
2026/07/30 01:43:23.972, 304.93, 100, 74232, 70
2026/07/30 01:43:25.011, 297.53, 100, 74232, 70
2026/07/30 01:43:26.048, 297.15, 100, 74232, 70
2026/07/30 01:43:27.085, 303.97, 100, 74232, 70
2026/07/30 01:43:28.122, 301.78, 100, 74232, 70
2026/07/30 01:43:29.160, 297.84, 100, 74232, 70
2026/07/30 01:43:30.197, 300.36, 100, 74232, 70
2026/07/30 01:43:31.233, 304.36, 100, 74232, 70
2026/07/30 01:43:32.270, 298.51, 100, 74232, 70
2026/07/30 01:43:33.307, 299.70, 100, 74232, 70
2026/07/30 01:43:34.343, 305.83, 100, 74232, 70
2026/07/30 01:43:35.380, 297.16, 100, 74232, 70
2026/07/30 01:43:36.416, 300.27, 100, 74232, 70
2026/07/30 01:43:37.453, 304.71, 100, 74232, 70
2026/07/30 01:43:38.491, 291.78, 100, 74232, 70
2026/07/30 01:43:39.529, 292.18, 100, 74232, 70
2026/07/30 01:43:40.566, 291.99, 100, 74232, 70
2026/07/30 01:43:41.604, 298.36, 100, 74232, 70
2026/07/30 01:43:42.641, 297.13, 100, 74232, 70
2026/07/30 01:43:43.678, 293.64, 100, 74232, 70
2026/07/30 01:43:44.715, 298.44, 100, 74232, 70
2026/07/30 01:43:45.752, 288.01, 100, 74232, 70
2026/07/30 01:43:46.791, 288.86, 100, 74232, 70
2026/07/30 01:43:47.828, 295.79, 100, 74232, 70
2026/07/30 01:43:48.866, 298.03, 100, 74232, 70
2026/07/30 01:43:49.904, 290.46, 100, 74232, 70
2026/07/30 01:43:50.940, 292.47, 100, 74232, 70
2026/07/30 01:43:51.978, 296.20, 100, 74232, 70
2026/07/30 01:43:53.016, 302.52, 100, 74232, 70
2026/07/30 01:43:54.053, 300.75, 100, 74232, 70
2026/07/30 01:43:55.089, 300.38, 100, 74232, 70
2026/07/30 01:43:56.127, 303.60, 100, 74232, 70
2026/07/30 01:43:57.164, 304.27, 100, 74232, 70
2026/07/30 01:43:58.206, 303.05, 100, 74232, 70
2026/07/30 01:43:59.246, 303.57, 100, 74232, 70
2026/07/30 01:44:00.283, 304.07, 100, 74232, 70
2026/07/30 01:44:01.321, 303.45, 100, 74232, 70
2026/07/30 01:44:02.358, 301.85, 100, 74232, 70
2026/07/30 01:44:03.395, 301.64, 100, 74232, 70
2026/07/30 01:44:04.434, 295.30, 100, 74232, 70
2026/07/30 01:44:05.478, 300.55, 100, 74232, 70
2026/07/30 01:44:06.514, 302.82, 100, 74232, 70
2026/07/30 01:44:07.550, 302.02, 100, 74232, 70
2026/07/30 01:44:08.588, 303.01, 100, 74232, 70
2026/07/30 01:44:09.625, 303.58, 100, 74232, 70
2026/07/30 01:44:10.661, 302.29, 100, 74232, 70
2026/07/30 01:44:11.698, 302.77, 100, 74232, 70
2026/07/30 01:44:12.735, 301.55, 100, 74232, 70
2026/07/30 01:44:13.771, 300.85, 100, 74232, 70
2026/07/30 01:44:14.810, 292.48, 73, 74232, 71
2026/07/30 01:44:15.843, 281.39, 100, 74232, 71
2026/07/30 01:44:16.877, 300.63, 100, 74232, 71
2026/07/30 01:44:17.913, 304.77, 100, 74232, 71
2026/07/30 01:44:18.947, 307.79, 100, 74232, 71
2026/07/30 01:44:19.981, 318.79, 100, 74232, 71
2026/07/30 01:44:21.017, 307.78, 100, 74232, 69
2026/07/30 01:44:22.062, 289.08, 100, 74232, 69
2026/07/30 01:44:23.099, 293.83, 100, 74232, 69
2026/07/30 01:44:24.136, 292.38, 100, 74232, 69
2026/07/30 01:44:25.174, 296.57, 100, 74232, 69
2026/07/30 01:44:26.212, 300.67, 100, 74232, 70
2026/07/30 01:44:27.255, 293.44, 100, 74232, 70
2026/07/30 01:44:28.294, 296.77, 100, 74232, 70
2026/07/30 01:44:29.331, 293.36, 100, 74232, 70
2026/07/30 01:44:30.369, 296.27, 100, 74232, 70
2026/07/30 01:44:31.406, 295.30, 100, 74232, 70
2026/07/30 01:44:32.445, 301.20, 100, 74232, 71
2026/07/30 01:44:33.537, 309.87, 100, 74232, 71
2026/07/30 01:44:34.572, 306.81, 100, 74232, 71
2026/07/30 01:44:35.609, 303.00, 100, 74232, 71
2026/07/30 01:44:36.645, 295.50, 100, 74232, 71
2026/07/30 01:44:37.681, 270.36, 100, 74232, 71
2026/07/30 01:44:38.717, 278.78, 100, 74232, 70
2026/07/30 01:44:39.755, 287.30, 100, 74232, 69
2026/07/30 01:44:40.795, 285.06, 100, 74232, 69
2026/07/30 01:44:41.836, 329.60, 100, 74232, 71
2026/07/30 01:44:42.873, 286.43, 100, 74232, 71
2026/07/30 01:44:43.918, 303.96, 100, 74232, 71
2026/07/30 01:44:44.955, 296.01, 100, 74232, 71
2026/07/30 01:44:45.990, 295.23, 100, 74232, 71
2026/07/30 01:44:47.026, 284.92, 100, 74232, 71
2026/07/30 01:44:48.061, 290.79, 100, 74232, 71
2026/07/30 01:44:49.095, 303.18, 100, 74232, 70
2026/07/30 01:44:50.132, 297.05, 100, 74232, 70
2026/07/30 01:44:51.169, 295.79, 100, 74232, 70
2026/07/30 01:44:52.207, 306.49, 100, 74232, 70
2026/07/30 01:44:53.243, 303.94, 100, 74232, 70
2026/07/30 01:44:54.280, 301.70, 100, 74232, 70
2026/07/30 01:44:55.317, 296.08, 100, 74232, 70
2026/07/30 01:44:56.355, 296.28, 100, 74232, 70
2026/07/30 01:44:57.391, 293.55, 100, 74232, 70
2026/07/30 01:44:58.427, 298.89, 100, 74232, 70
2026/07/30 01:44:59.463, 301.24, 100, 74232, 70
2026/07/30 01:45:00.500, 296.57, 100, 74232, 70
2026/07/30 01:45:01.535, 292.69, 100, 74232, 70
2026/07/30 01:45:02.573, 290.22, 100, 74232, 70
2026/07/30 01:45:03.614, 95.63, 0, 74232, 67
2026/07/30 01:45:04.647, 303.49, 100, 74232, 70
2026/07/30 01:45:05.684, 298.60, 100, 74232, 69
2026/07/30 01:45:06.720, 297.93, 100, 74232, 70
2026/07/30 01:45:07.758, 301.63, 100, 74232, 70
2026/07/30 01:45:08.794, 302.52, 100, 74232, 70
2026/07/30 01:45:09.830, 301.80, 100, 74232, 70
2026/07/30 01:45:10.867, 294.72, 100, 74232, 70
2026/07/30 01:45:11.905, 301.34, 100, 74232, 70
2026/07/30 01:45:12.944, 300.45, 100, 74232, 70
2026/07/30 01:45:13.985, 301.14, 100, 74232, 70
2026/07/30 01:45:15.023, 298.02, 100, 74232, 70
2026/07/30 01:45:16.060, 295.29, 100, 74232, 69
2026/07/30 01:45:17.099, 295.44, 100, 74232, 69
2026/07/30 01:45:18.138, 300.75, 100, 74232, 70
2026/07/30 01:45:19.174, 298.99, 100, 74232, 70
2026/07/30 01:45:20.213, 298.91, 100, 74232, 70
2026/07/30 01:45:21.249, 300.16, 100, 74232, 70
2026/07/30 01:45:22.286, 302.60, 100, 74232, 70
2026/07/30 01:45:23.323, 299.75, 100, 74232, 70
2026/07/30 01:45:24.359, 293.55, 100, 74232, 70
2026/07/30 01:45:25.397, 297.84, 100, 74232, 70
2026/07/30 01:45:26.433, 302.89, 100, 74232, 70
2026/07/30 01:45:27.469, 296.78, 100, 74232, 69
2026/07/30 01:45:28.510, 291.11, 100, 74232, 69
2026/07/30 01:45:29.548, 295.21, 100, 74232, 69
2026/07/30 01:45:30.584, 295.03, 100, 74232, 69
2026/07/30 01:45:31.623, 291.59, 100, 74232, 70
2026/07/30 01:45:32.660, 309.28, 100, 74232, 70
2026/07/30 01:45:33.697, 297.93, 100, 74232, 70
2026/07/30 01:45:34.734, 297.61, 100, 74232, 70
2026/07/30 01:45:35.776, 299.49, 100, 74232, 70
2026/07/30 01:45:36.813, 301.34, 100, 74232, 70
2026/07/30 01:45:37.851, 294.12, 100, 74232, 69
2026/07/30 01:45:38.889, 291.99, 100, 74232, 70
2026/07/30 01:45:39.926, 298.30, 100, 74232, 70
2026/07/30 01:45:40.964, 296.36, 100, 74232, 69
2026/07/30 01:45:42.001, 295.98, 100, 74232, 70
2026/07/30 01:45:43.038, 301.26, 100, 74232, 70
2026/07/30 01:45:44.075, 302.52, 100, 74232, 70
2026/07/30 01:45:45.114, 299.59, 100, 74232, 70
2026/07/30 01:45:46.152, 304.95, 100, 74232, 70
2026/07/30 01:45:47.190, 299.10, 100, 74232, 70
2026/07/30 01:45:48.226, 300.37, 100, 74232, 70
2026/07/30 01:45:49.263, 301.93, 100, 74232, 69
2026/07/30 01:45:50.300, 299.78, 100, 74232, 69
2026/07/30 01:45:51.336, 301.54, 100, 74232, 69
2026/07/30 01:45:52.373, 299.87, 100, 74232, 69
2026/07/30 01:45:53.410, 300.76, 100, 74232, 69
2026/07/30 01:45:54.447, 304.28, 100, 74232, 69
2026/07/30 01:45:55.487, 301.07, 100, 74232, 69
2026/07/30 01:45:56.524, 301.75, 100, 74232, 69
2026/07/30 01:45:57.564, 302.51, 100, 74232, 69
2026/07/30 01:45:58.601, 286.73, 100, 74232, 69
2026/07/30 01:45:59.641, 306.50, 100, 74232, 69
2026/07/30 01:46:00.678, 293.94, 100, 74232, 69
2026/07/30 01:46:01.714, 295.87, 100, 74232, 69
2026/07/30 01:46:02.753, 298.99, 100, 74232, 69
2026/07/30 01:46:03.790, 301.05, 100, 74232, 69
2026/07/30 01:46:04.828, 301.83, 100, 74232, 69
2026/07/30 01:46:05.865, 303.49, 100, 74232, 69
2026/07/30 01:46:06.901, 302.79, 100, 74232, 69
2026/07/30 01:46:07.937, 301.65, 100, 74232, 69
2026/07/30 01:46:08.973, 302.13, 100, 74232, 69
2026/07/30 01:46:10.009, 300.72, 100, 74232, 69
2026/07/30 01:46:11.048, 301.64, 100, 74232, 69
2026/07/30 01:46:12.085, 298.63, 100, 74232, 69
2026/07/30 01:46:13.121, 302.53, 100, 74232, 69
2026/07/30 01:46:14.158, 302.04, 100, 74232, 69
2026/07/30 01:46:15.195, 298.32, 100, 74232, 69
2026/07/30 01:46:16.231, 301.07, 100, 74232, 69
2026/07/30 01:46:17.269, 301.36, 100, 74232, 69
2026/07/30 01:46:18.306, 302.82, 100, 74232, 69
2026/07/30 01:46:19.342, 297.41, 100, 74232, 69
2026/07/30 01:46:20.381, 302.63, 100, 74232, 69
2026/07/30 01:46:21.417, 302.18, 100, 74232, 69
2026/07/30 01:46:22.455, 295.88, 100, 74232, 69
2026/07/30 01:46:23.492, 290.81, 100, 74232, 69
2026/07/30 01:46:24.531, 294.24, 100, 74232, 69
2026/07/30 01:46:25.570, 296.27, 100, 74232, 69
2026/07/30 01:46:26.606, 299.79, 100, 74232, 69
2026/07/30 01:46:27.643, 301.63, 100, 74232, 69
2026/07/30 01:46:28.684, 300.77, 100, 74232, 69
2026/07/30 01:46:29.723, 298.41, 100, 74232, 69
2026/07/30 01:46:30.759, 301.22, 100, 74232, 69
2026/07/30 01:46:31.796, 300.35, 100, 74232, 70
2026/07/30 01:46:32.834, 302.41, 100, 74232, 70
2026/07/30 01:46:33.870, 301.43, 100, 74232, 70
2026/07/30 01:46:34.908, 301.94, 100, 74232, 70
2026/07/30 01:46:35.946, 300.65, 100, 74232, 70
2026/07/30 01:46:36.984, 300.64, 100, 74232, 70
2026/07/30 01:46:38.021, 301.43, 100, 74232, 70
2026/07/30 01:46:39.059, 302.29, 100, 74232, 69
2026/07/30 01:46:40.097, 294.72, 100, 74232, 69
2026/07/30 01:46:41.138, 293.84, 100, 74232, 69
2026/07/30 01:46:42.177, 299.59, 100, 74232, 70
2026/07/30 01:46:43.215, 299.80, 100, 74232, 70
2026/07/30 01:46:44.253, 300.55, 100, 74232, 70
2026/07/30 01:46:45.291, 300.73, 100, 74232, 70
2026/07/30 01:46:46.329, 300.36, 100, 74232, 70
2026/07/30 01:46:47.368, 301.23, 100, 74232, 70
2026/07/30 01:46:48.405, 295.89, 92, 74232, 71
2026/07/30 01:46:49.441, 288.58, 100, 74232, 71
2026/07/30 01:46:50.476, 279.39, 100, 74232, 71
2026/07/30 01:46:51.513, 289.27, 100, 74232, 71
2026/07/30 01:46:52.553, 306.51, 100, 74232, 71
2026/07/30 01:46:53.589, 312.32, 100, 74232, 71
2026/07/30 01:46:54.624, 296.76, 100, 74232, 69
2026/07/30 01:46:55.662, 293.17, 100, 74232, 69
2026/07/30 01:46:56.700, 295.58, 100, 74232, 69
2026/07/30 01:46:57.738, 296.76, 100, 74232, 70
2026/07/30 01:46:58.776, 294.73, 100, 74232, 70
2026/07/30 01:46:59.814, 291.79, 100, 74232, 71
2026/07/30 01:47:00.850, 311.09, 100, 74232, 71
2026/07/30 01:47:01.886, 319.73, 100, 74232, 72
2026/07/30 01:47:02.922, 311.56, 100, 74232, 71
2026/07/30 01:47:03.959, 310.17, 100, 74232, 72
2026/07/30 01:47:04.998, 300.64, 100, 74232, 70
2026/07/30 01:47:06.035, 296.67, 100, 74232, 70
2026/07/30 01:47:07.074, 296.08, 100, 74232, 70
2026/07/30 01:47:08.112, 301.14, 100, 74232, 70
2026/07/30 01:47:09.149, 306.49, 100, 74232, 70
2026/07/30 01:47:10.188, 305.09, 100, 74232, 70
2026/07/30 01:47:11.227, 292.46, 100, 74232, 70
2026/07/30 01:47:12.266, 296.17, 100, 74232, 70
2026/07/30 01:47:13.304, 292.67, 100, 74232, 69
2026/07/30 01:47:14.340, 294.72, 100, 74232, 71
2026/07/30 01:47:15.376, 295.49, 100, 74232, 72
2026/07/30 01:47:16.413, 277.70, 100, 74232, 72
2026/07/30 01:47:17.447, 280.50, 100, 74232, 71
2026/07/30 01:47:18.481, 306.54, 100, 74232, 72
2026/07/30 01:47:19.515, 279.45, 100, 74232, 71
2026/07/30 01:47:20.552, 300.18, 100, 74232, 70
2026/07/30 01:47:21.590, 302.59, 100, 74232, 70
2026/07/30 01:47:22.629, 303.46, 100, 74232, 70
2026/07/30 01:47:23.667, 300.08, 100, 74232, 70
2026/07/30 01:47:24.707, 303.92, 100, 74232, 70
2026/07/30 01:47:25.744, 304.27, 100, 74232, 70
2026/07/30 01:47:26.781, 405.49, 0, 74232, 71
2026/07/30 01:47:27.815, 300.01, 100, 74232, 71
2026/07/30 01:47:28.851, 288.22, 100, 74232, 72
2026/07/30 01:47:29.886, 312.59, 100, 74232, 72
2026/07/30 01:47:30.920, 298.01, 100, 74232, 72
2026/07/30 01:47:31.961, 303.13, 100, 74232, 72
2026/07/30 01:47:32.996, 295.00, 100, 74232, 70
2026/07/30 01:47:34.036, 295.20, 100, 74232, 70
2026/07/30 01:47:35.075, 294.71, 100, 74232, 70
2026/07/30 01:47:36.114, 294.52, 100, 74232, 70
2026/07/30 01:47:37.154, 296.10, 100, 74232, 70
2026/07/30 01:47:38.194, 295.49, 100, 74232, 72
2026/07/30 01:47:39.231, 301.65, 100, 74232, 72
2026/07/30 01:47:40.266, 293.22, 100, 74232, 72
2026/07/30 01:47:41.302, 323.48, 100, 74232, 72
2026/07/30 01:47:42.340, 274.31, 100, 74232, 72
2026/07/30 01:47:43.374, 281.75, 100, 74232, 72
2026/07/30 01:47:44.408, 277.57, 100, 74232, 70
2026/07/30 01:47:45.447, 284.32, 100, 74232, 70
2026/07/30 01:47:46.484, 295.66, 100, 74232, 70
2026/07/30 01:47:47.522, 293.26, 100, 74232, 70
2026/07/30 01:47:48.559, 295.79, 100, 74232, 70
2026/07/30 01:47:49.598, 297.92, 100, 74232, 70
2026/07/30 01:47:50.634, 297.83, 100, 74232, 70
2026/07/30 01:47:51.671, 295.50, 100, 74232, 70
2026/07/30 01:47:52.709, 297.36, 100, 74232, 70
2026/07/30 01:47:53.747, 297.52, 100, 74232, 70
2026/07/30 01:47:54.785, 293.36, 100, 74232, 70
2026/07/30 01:47:55.823, 299.70, 100, 74232, 70
2026/07/30 01:47:56.861, 293.26, 100, 74232, 70
2026/07/30 01:47:57.898, 294.51, 100, 74232, 70
2026/07/30 01:47:58.938, 308.04, 100, 74232, 70
2026/07/30 01:47:59.977, 297.54, 100, 74232, 70
2026/07/30 01:48:01.014, 294.82, 100, 74232, 70
2026/07/30 01:48:02.052, 296.75, 100, 74232, 70
2026/07/30 01:48:03.089, 299.01, 100, 74232, 70
2026/07/30 01:48:04.127, 295.60, 100, 74232, 70
2026/07/30 01:48:05.165, 297.82, 100, 74232, 70
2026/07/30 01:48:06.205, 301.92, 100, 74232, 72
2026/07/30 01:48:07.241, 291.13, 100, 74232, 72
2026/07/30 01:48:08.282, 276.18, 100, 74232, 72
2026/07/30 01:48:09.317, 323.82, 100, 74232, 72
2026/07/30 01:48:10.353, 299.35, 100, 74232, 72
2026/07/30 01:48:11.390, 264.61, 100, 74232, 72
2026/07/30 01:48:12.424, 300.80, 100, 74232, 70
2026/07/30 01:48:13.464, 303.88, 100, 74232, 70
2026/07/30 01:48:14.501, 304.00, 100, 74232, 70
2026/07/30 01:48:15.539, 299.68, 100, 74232, 70
2026/07/30 01:48:16.576, 303.29, 100, 74232, 70
2026/07/30 01:48:17.617, 298.90, 100, 74232, 70
2026/07/30 01:48:18.654, 306.61, 100, 74232, 70
2026/07/30 01:48:19.692, 303.38, 100, 74232, 70
2026/07/30 01:48:20.729, 297.93, 100, 74232, 70
2026/07/30 01:48:21.767, 297.07, 100, 74232, 70
2026/07/30 01:48:22.809, 298.51, 100, 74232, 70
2026/07/30 01:48:23.850, 296.06, 100, 74232, 70
2026/07/30 01:48:24.887, 305.21, 100, 74232, 70
2026/07/30 01:48:25.925, 300.63, 100, 74232, 70
2026/07/30 01:48:26.962, 303.47, 100, 74232, 70
2026/07/30 01:48:28.006, 297.55, 100, 74232, 70
2026/07/30 01:48:29.044, 300.14, 100, 74232, 70
2026/07/30 01:48:30.081, 303.06, 100, 74232, 70
2026/07/30 01:48:31.120, 298.21, 100, 74232, 70
2026/07/30 01:48:32.158, 289.47, 100, 74232, 70
2026/07/30 01:48:33.196, 296.07, 100, 74232, 70
2026/07/30 01:48:34.233, 296.87, 100, 74232, 70
2026/07/30 01:48:35.271, 296.76, 100, 74232, 70
2026/07/30 01:48:36.306, 297.60, 84, 74232, 71
2026/07/30 01:48:37.341, 298.08, 100, 74232, 71
2026/07/30 01:48:38.379, 320.28, 100, 74232, 71
2026/07/30 01:48:39.417, 281.64, 100, 74232, 71
2026/07/30 01:48:40.454, 317.01, 100, 74232, 71
2026/07/30 01:48:41.490, 314.60, 100, 74232, 71
2026/07/30 01:48:42.525, 290.92, 100, 74232, 71
2026/07/30 01:48:43.562, 303.55, 100, 74232, 70
2026/07/30 01:48:44.599, 303.58, 100, 74232, 70
2026/07/30 01:48:45.639, 299.41, 100, 74232, 70
2026/07/30 01:48:46.677, 302.27, 100, 74232, 70
2026/07/30 01:48:47.715, 291.96, 100, 74232, 71
2026/07/30 01:48:48.752, 305.38, 100, 74232, 72
2026/07/30 01:48:49.787, 289.12, 100, 74232, 72
2026/07/30 01:48:50.824, 285.05, 100, 74232, 72
2026/07/30 01:48:51.861, 284.08, 100, 74232, 71
2026/07/30 01:48:52.897, 300.05, 100, 74232, 71
2026/07/30 01:48:53.933, 296.37, 100, 74232, 72
2026/07/30 01:48:54.968, 302.19, 100, 74232, 70
2026/07/30 01:48:56.006, 302.26, 100, 74232, 70
2026/07/30 01:48:57.043, 303.75, 100, 74232, 70
2026/07/30 01:48:58.080, 296.94, 100, 74232, 70
2026/07/30 01:48:59.117, 300.62, 100, 74232, 70
2026/07/30 01:49:00.154, 299.39, 100, 74232, 70
2026/07/30 01:49:01.192, 301.73, 100, 74232, 70
2026/07/30 01:49:02.230, 96.80, 71, 74232, 68
2026/07/30 01:49:03.264, 297.24, 100, 74232, 72
2026/07/30 01:49:04.304, 301.63, 100, 74232, 72
2026/07/30 01:49:05.339, 295.70, 100, 74232, 72
2026/07/30 01:49:06.374, 309.80, 100, 74232, 72
2026/07/30 01:49:07.411, 277.16, 100, 74232, 72
2026/07/30 01:49:08.450, 316.27, 100, 74232, 72
2026/07/30 01:49:09.494, 297.84, 100, 74232, 72
2026/07/30 01:49:10.531, 300.39, 100, 74232, 70
2026/07/30 01:49:11.572, 303.58, 100, 74232, 70
2026/07/30 01:49:12.607, 304.76, 100, 74232, 70
2026/07/30 01:49:13.645, 304.07, 100, 74232, 70
2026/07/30 01:49:14.682, 180.53, 100, 74232, 69
2026/07/30 01:49:15.718, 300.76, 100, 74232, 70
2026/07/30 01:49:16.755, 303.55, 100, 74232, 70
2026/07/30 01:49:17.795, 298.01, 100, 74232, 70
2026/07/30 01:49:18.833, 303.38, 100, 74232, 70
2026/07/30 01:49:19.898, 301.52, 100, 74232, 70
2026/07/30 01:49:20.936, 303.58, 100, 74232, 70
2026/07/30 01:49:21.974, 302.21, 100, 74232, 70
2026/07/30 01:49:23.012, 302.81, 100, 74232, 71
2026/07/30 01:49:24.051, 295.97, 100, 74232, 70
2026/07/30 01:49:25.091, 302.62, 100, 74232, 71
2026/07/30 01:49:26.129, 297.05, 100, 74232, 70
2026/07/30 01:49:27.166, 303.98, 100, 74232, 70
2026/07/30 01:49:28.203, 302.80, 100, 74232, 70
2026/07/30 01:49:29.241, 304.24, 100, 74232, 70
2026/07/30 01:49:30.278, 303.72, 100, 74232, 70
2026/07/30 01:49:31.316, 301.73, 100, 74232, 70
2026/07/30 01:49:32.354, 299.20, 100, 74232, 70
2026/07/30 01:49:33.394, 300.85, 100, 74232, 70
2026/07/30 01:49:34.431, 303.95, 100, 74232, 70
2026/07/30 01:49:35.468, 301.99, 100, 74232, 70
2026/07/30 01:49:36.506, 295.71, 100, 74232, 70
2026/07/30 01:49:37.543, 295.40, 100, 74232, 70
2026/07/30 01:49:38.581, 296.58, 100, 74232, 70
2026/07/30 01:49:39.620, 302.89, 100, 74232, 70
2026/07/30 01:49:40.658, 294.91, 100, 74232, 70
2026/07/30 01:49:41.696, 302.39, 100, 74232, 70
2026/07/30 01:49:42.734, 295.53, 100, 74232, 70
2026/07/30 01:49:43.772, 296.21, 100, 74232, 70
2026/07/30 01:49:44.809, 289.97, 100, 74232, 70
2026/07/30 01:49:45.846, 300.66, 100, 74232, 70
2026/07/30 01:49:46.884, 299.68, 100, 74232, 70
2026/07/30 01:49:47.921, 293.46, 100, 74232, 70
2026/07/30 01:49:48.963, 295.20, 100, 74232, 70
2026/07/30 01:49:50.000, 302.38, 100, 74232, 70
2026/07/30 01:49:51.037, 303.67, 100, 74232, 70
2026/07/30 01:49:52.074, 300.57, 100, 74232, 70
2026/07/30 01:49:53.109, 299.20, 100, 74232, 70
2026/07/30 01:49:54.146, 297.63, 100, 74232, 70
2026/07/30 01:49:55.185, 296.27, 100, 74232, 70
2026/07/30 01:49:56.222, 295.01, 100, 74232, 70
2026/07/30 01:49:57.259, 302.13, 100, 74232, 70
2026/07/30 01:49:58.297, 296.94, 100, 74232, 70
2026/07/30 01:49:59.333, 304.13, 100, 74232, 70
2026/07/30 01:50:00.371, 298.31, 100, 74232, 70
2026/07/30 01:50:01.408, 299.11, 100, 74232, 70
2026/07/30 01:50:02.447, 299.97, 100, 74232, 70
2026/07/30 01:50:03.483, 299.01, 100, 74232, 70
2026/07/30 01:50:04.521, 294.15, 100, 74232, 70
2026/07/30 01:50:05.557, 297.14, 100, 74232, 70
2026/07/30 01:50:06.594, 297.54, 100, 74232, 70
2026/07/30 01:50:07.632, 288.61, 100, 74232, 70
2026/07/30 01:50:08.668, 293.93, 100, 74232, 70
2026/07/30 01:50:09.705, 295.70, 100, 74232, 70
2026/07/30 01:50:10.741, 294.63, 100, 74232, 69
2026/07/30 01:50:11.780, 297.92, 100, 74232, 70
2026/07/30 01:50:12.817, 292.48, 100, 74232, 69
2026/07/30 01:50:13.856, 296.95, 100, 74232, 69
2026/07/30 01:50:14.894, 290.62, 100, 74232, 69
2026/07/30 01:50:15.932, 301.05, 100, 74232, 69
2026/07/30 01:50:16.968, 298.41, 100, 74232, 69
2026/07/30 01:50:18.005, 298.24, 100, 74232, 69
2026/07/30 01:50:19.043, 298.62, 100, 74232, 69
2026/07/30 01:50:20.079, 293.34, 100, 74232, 69
2026/07/30 01:50:21.114, 293.15, 100, 74232, 69
2026/07/30 01:50:22.151, 298.51, 100, 74232, 69
2026/07/30 01:50:23.188, 297.22, 100, 74232, 69
2026/07/30 01:50:24.226, 297.82, 100, 74232, 69
2026/07/30 01:50:25.263, 301.67, 100, 74232, 69
2026/07/30 01:50:26.300, 301.97, 100, 74232, 69
2026/07/30 01:50:27.336, 298.41, 100, 74232, 69
2026/07/30 01:50:28.373, 299.08, 100, 74232, 69
2026/07/30 01:50:29.409, 297.91, 100, 74232, 69
2026/07/30 01:50:30.446, 302.03, 100, 74232, 69
2026/07/30 01:50:31.484, 304.75, 100, 74232, 69
2026/07/30 01:50:32.523, 297.43, 100, 74232, 69
2026/07/30 01:50:33.559, 301.34, 100, 74232, 69
2026/07/30 01:50:34.596, 301.14, 100, 74232, 69
2026/07/30 01:50:35.636, 302.10, 100, 74232, 69
2026/07/30 01:50:36.673, 301.40, 100, 74232, 69
2026/07/30 01:50:37.711, 300.46, 100, 74232, 69
2026/07/30 01:50:38.746, 300.66, 100, 74232, 69
2026/07/30 01:50:39.784, 301.02, 100, 74232, 69
2026/07/30 01:50:40.821, 302.21, 100, 74232, 69
2026/07/30 01:50:41.857, 301.82, 100, 74232, 69
2026/07/30 01:50:42.893, 300.87, 100, 74232, 69
2026/07/30 01:50:43.930, 295.38, 100, 74232, 69
2026/07/30 01:50:44.967, 295.10, 100, 74232, 69
2026/07/30 01:50:46.005, 302.68, 100, 74232, 69
2026/07/30 01:50:47.042, 295.97, 100, 74232, 69
2026/07/30 01:50:48.080, 302.80, 100, 74232, 69
2026/07/30 01:50:49.117, 302.14, 100, 74232, 69
2026/07/30 01:50:50.154, 294.72, 100, 74232, 69
2026/07/30 01:50:51.192, 294.82, 100, 74232, 69
2026/07/30 01:50:52.232, 294.53, 100, 74232, 69
2026/07/30 01:50:53.272, 301.53, 100, 74232, 69
2026/07/30 01:50:54.308, 297.45, 100, 74232, 69
2026/07/30 01:50:55.345, 302.10, 100, 74232, 69
2026/07/30 01:50:56.382, 299.66, 100, 74232, 69
2026/07/30 01:50:57.419, 300.26, 100, 74232, 69
2026/07/30 01:50:58.457, 295.76, 100, 74232, 69
2026/07/30 01:50:59.493, 294.41, 100, 74232, 69
2026/07/30 01:51:00.530, 301.25, 100, 74232, 69
2026/07/30 01:51:01.567, 299.39, 100, 74232, 69
2026/07/30 01:51:02.605, 300.93, 100, 74232, 69
2026/07/30 01:51:03.642, 292.17, 100, 74232, 69
2026/07/30 01:51:04.678, 298.91, 100, 74232, 70
2026/07/30 01:51:05.715, 298.90, 100, 74232, 69
2026/07/30 01:51:06.755, 295.70, 100, 74232, 69
2026/07/30 01:51:07.791, 293.07, 100, 74232, 70
2026/07/30 01:51:08.828, 299.30, 100, 74232, 70
2026/07/30 01:51:09.864, 295.89, 100, 74232, 70
2026/07/30 01:51:10.904, 296.18, 100, 74232, 69
2026/07/30 01:51:11.941, 295.21, 100, 74232, 69
2026/07/30 01:51:12.977, 296.96, 100, 74232, 70
2026/07/30 01:51:14.015, 303.88, 100, 74232, 70
2026/07/30 01:51:15.051, 303.55, 100, 74232, 70
2026/07/30 01:51:16.089, 307.09, 100, 74232, 70
2026/07/30 01:51:17.126, 303.59, 100, 74232, 70
2026/07/30 01:51:18.164, 302.33, 100, 74232, 70
2026/07/30 01:51:19.201, 290.64, 100, 74232, 71
2026/07/30 01:51:20.238, 299.36, 100, 74232, 71
2026/07/30 01:51:21.277, 290.03, 100, 74232, 71
2026/07/30 01:51:22.312, 304.42, 100, 74232, 71
2026/07/30 01:51:23.352, 297.72, 100, 74232, 71
2026/07/30 01:51:24.385, 291.61, 100, 74232, 71
2026/07/30 01:51:25.421, 300.26, 100, 74232, 69
2026/07/30 01:51:26.465, 296.46, 100, 74232, 69
2026/07/30 01:51:27.503, 301.14, 100, 74232, 69
2026/07/30 01:51:28.541, 294.91, 100, 74232, 69
2026/07/30 01:51:29.579, 294.47, 100, 74232, 70
2026/07/30 01:51:30.617, 296.07, 100, 74232, 70
2026/07/30 01:51:31.657, 295.20, 100, 74232, 70
2026/07/30 01:51:32.695, 297.96, 100, 74232, 70
2026/07/30 01:51:33.732, 295.69, 100, 74232, 70
2026/07/30 01:51:34.769, 295.48, 100, 74232, 70
2026/07/30 01:51:35.806, 296.97, 100, 74232, 70
2026/07/30 01:51:36.850, 338.23, 7, 74232, 71
2026/07/30 01:51:37.886, 293.15, 100, 74232, 71
2026/07/30 01:51:38.921, 283.00, 100, 74232, 71
2026/07/30 01:51:39.955, 270.62, 100, 74232, 71
2026/07/30 01:51:40.990, 315.65, 100, 74232, 71
2026/07/30 01:51:42.025, 279.24, 100, 74232, 71
2026/07/30 01:51:43.060, 244.83, 100, 74232, 69
2026/07/30 01:51:44.102, 283.97, 100, 74232, 69
2026/07/30 01:51:45.139, 285.25, 100, 74232, 69
2026/07/30 01:51:46.175, 289.55, 100, 74232, 69
2026/07/30 01:51:47.214, 284.66, 100, 74232, 69
2026/07/30 01:51:48.250, 310.75, 78, 74232, 71
2026/07/30 01:51:49.285, 297.18, 100, 74232, 71
2026/07/30 01:51:50.320, 297.55, 100, 74232, 71
2026/07/30 01:51:51.357, 295.49, 100, 74232, 71
2026/07/30 01:51:52.394, 297.64, 100, 74232, 72
2026/07/30 01:51:53.433, 332.79, 100, 74232, 72
2026/07/30 01:51:54.468, 333.21, 100, 74232, 72
2026/07/30 01:51:55.503, 300.08, 100, 74232, 70
2026/07/30 01:51:56.541, 300.48, 100, 74232, 70
2026/07/30 01:51:57.577, 301.93, 100, 74232, 70
2026/07/30 01:51:58.614, 300.37, 100, 74232, 70
2026/07/30 01:51:59.650, 303.08, 100, 74232, 70
2026/07/30 01:52:00.690, 299.79, 100, 74232, 70
2026/07/30 01:52:01.726, 302.68, 100, 74232, 70
2026/07/30 01:52:02.762, 303.86, 100, 74232, 70
2026/07/30 01:52:03.799, 304.31, 100, 74232, 70
2026/07/30 01:52:04.835, 299.68, 100, 74232, 70
2026/07/30 01:52:05.872, 302.85, 100, 74232, 70
2026/07/30 01:52:06.908, 303.20, 100, 74232, 70
2026/07/30 01:52:07.945, 300.58, 100, 74232, 70
2026/07/30 01:52:08.983, 302.95, 100, 74232, 70
2026/07/30 01:52:10.020, 299.95, 100, 74232, 70
2026/07/30 01:52:11.056, 302.70, 100, 74232, 70
2026/07/30 01:52:12.092, 304.45, 100, 74232, 70
2026/07/30 01:52:13.130, 296.67, 100, 74232, 70
2026/07/30 01:52:14.167, 300.75, 100, 74232, 70
2026/07/30 01:52:15.203, 300.27, 100, 74232, 70
2026/07/30 01:52:16.240, 296.29, 100, 74232, 70
2026/07/30 01:52:17.283, 303.96, 100, 74232, 70
2026/07/30 01:52:18.320, 301.15, 100, 74232, 70
2026/07/30 01:52:19.357, 300.07, 100, 74232, 70
2026/07/30 01:52:20.393, 303.27, 100, 74232, 70
2026/07/30 01:52:21.429, 304.05, 100, 74232, 70
2026/07/30 01:52:22.466, 301.62, 100, 74232, 70
2026/07/30 01:52:23.502, 298.23, 100, 74232, 70
2026/07/30 01:52:24.539, 296.67, 100, 74232, 70
2026/07/30 01:52:25.578, 294.54, 100, 74232, 70
2026/07/30 01:52:26.615, 302.71, 100, 74232, 70
2026/07/30 01:52:27.654, 303.49, 100, 74232, 70
2026/07/30 01:52:28.691, 307.64, 100, 74232, 70
2026/07/30 01:52:29.729, 302.77, 100, 74232, 70
2026/07/30 01:52:30.766, 295.41, 100, 74232, 70
2026/07/30 01:52:31.802, 296.65, 100, 74232, 70
2026/07/30 01:52:32.840, 294.23, 100, 74232, 70
2026/07/30 01:52:33.876, 289.01, 100, 74232, 70
2026/07/30 01:52:34.914, 291.90, 100, 74232, 70
2026/07/30 01:52:35.950, 292.37, 100, 74232, 70
2026/07/30 01:52:36.988, 294.23, 100, 74232, 70
2026/07/30 01:52:38.024, 294.03, 100, 74232, 70
2026/07/30 01:52:39.061, 294.81, 100, 74232, 70
2026/07/30 01:52:40.098, 302.21, 100, 74232, 70
2026/07/30 01:52:41.140, 290.90, 100, 74232, 70
2026/07/30 01:52:42.177, 295.69, 100, 74232, 70
2026/07/30 01:52:43.215, 296.47, 100, 74232, 70
2026/07/30 01:52:44.254, 298.72, 100, 74232, 70
2026/07/30 01:52:45.291, 295.70, 100, 74232, 70
2026/07/30 01:52:46.332, 294.92, 100, 74232, 70
2026/07/30 01:52:47.369, 295.42, 100, 74232, 70
2026/07/30 01:52:48.406, 299.39, 100, 74232, 70
2026/07/30 01:52:49.442, 290.37, 100, 74232, 70
2026/07/30 01:52:50.478, 290.22, 100, 74232, 70
2026/07/30 01:52:51.516, 291.99, 100, 74232, 70
2026/07/30 01:52:52.553, 294.43, 100, 74232, 70
2026/07/30 01:52:53.592, 301.32, 100, 74232, 70
2026/07/30 01:52:54.630, 299.01, 100, 74232, 70
2026/07/30 01:52:55.668, 300.28, 100, 74232, 70
2026/07/30 01:52:56.704, 300.37, 100, 74232, 70
2026/07/30 01:52:57.743, 301.81, 100, 74232, 70
2026/07/30 01:52:58.780, 301.74, 100, 74232, 70
2026/07/30 01:52:59.816, 298.91, 100, 74232, 70
2026/07/30 01:53:00.853, 297.73, 100, 74232, 70
2026/07/30 01:53:01.895, 300.94, 100, 74232, 70
2026/07/30 01:53:02.935, 303.87, 100, 74232, 70
2026/07/30 01:53:03.971, 298.71, 100, 74232, 70
2026/07/30 01:53:05.008, 301.63, 100, 74232, 70
2026/07/30 01:53:06.045, 301.45, 100, 74232, 70
2026/07/30 01:53:07.084, 290.82, 100, 74232, 70
2026/07/30 01:53:08.121, 289.97, 100, 74232, 69
2026/07/30 01:53:09.158, 298.43, 100, 74232, 70
2026/07/30 01:53:10.196, 298.52, 100, 74232, 70
2026/07/30 01:53:11.232, 297.93, 100, 74232, 69
2026/07/30 01:53:12.270, 301.91, 100, 74232, 69
2026/07/30 01:53:13.309, 301.52, 100, 74232, 69
2026/07/30 01:53:14.346, 295.40, 100, 74232, 69
2026/07/30 01:53:15.383, 300.37, 100, 74232, 69
2026/07/30 01:53:16.424, 303.00, 100, 74232, 69
2026/07/30 01:53:17.461, 294.72, 100, 74232, 69
2026/07/30 01:53:18.500, 302.99, 100, 74232, 69
2026/07/30 01:53:19.541, 303.57, 100, 74232, 69
2026/07/30 01:53:20.579, 302.76, 100, 74232, 69
2026/07/30 01:53:21.615, 302.75, 100, 74232, 69
2026/07/30 01:53:22.653, 297.15, 100, 74232, 69
2026/07/30 01:53:23.689, 293.45, 100, 74232, 69
2026/07/30 01:53:24.728, 289.35, 100, 74232, 69
2026/07/30 01:53:25.766, 291.10, 100, 74232, 69
2026/07/30 01:53:26.804, 296.11, 100, 74232, 69
2026/07/30 01:53:27.841, 298.51, 100, 74232, 69
2026/07/30 01:53:28.879, 300.47, 100, 74232, 69
2026/07/30 01:53:29.919, 296.86, 100, 74232, 69
2026/07/30 01:53:30.957, 298.71, 100, 74232, 69
2026/07/30 01:53:31.996, 299.48, 100, 74232, 69
2026/07/30 01:53:33.033, 301.23, 100, 74232, 69
2026/07/30 01:53:34.069, 299.80, 100, 74232, 69
2026/07/30 01:53:35.106, 300.06, 100, 74232, 69
2026/07/30 01:53:36.144, 301.72, 100, 74232, 69
2026/07/30 01:53:37.180, 300.77, 100, 74232, 69
2026/07/30 01:53:38.220, 299.68, 100, 74232, 69
2026/07/30 01:53:39.257, 300.63, 100, 74232, 69
2026/07/30 01:53:40.295, 299.16, 100, 74232, 69
2026/07/30 01:53:41.332, 301.31, 100, 74232, 69
2026/07/30 01:53:42.370, 299.97, 100, 74232, 69
2026/07/30 01:53:43.407, 301.53, 100, 74232, 69
2026/07/30 01:53:44.445, 300.72, 100, 74232, 69
2026/07/30 01:53:45.482, 299.89, 100, 74232, 69
2026/07/30 01:53:46.519, 301.92, 100, 74232, 69
2026/07/30 01:53:47.557, 299.30, 100, 74232, 69
2026/07/30 01:53:48.594, 300.16, 100, 74232, 69
2026/07/30 01:53:49.633, 299.89, 100, 74232, 69
2026/07/30 01:53:50.669, 298.13, 100, 74232, 69
2026/07/30 01:53:51.706, 299.60, 100, 74232, 69
2026/07/30 01:53:52.742, 299.69, 100, 74232, 69
2026/07/30 01:53:53.779, 300.15, 100, 74232, 69
2026/07/30 01:53:54.818, 300.04, 100, 74232, 69
2026/07/30 01:53:55.854, 298.81, 100, 74232, 69
2026/07/30 01:53:56.891, 296.58, 100, 74232, 69
2026/07/30 01:53:57.928, 299.80, 100, 74232, 69
2026/07/30 01:53:58.967, 296.26, 100, 74232, 69
2026/07/30 01:54:00.005, 297.25, 100, 74232, 69
2026/07/30 01:54:01.046, 296.66, 100, 74232, 69
2026/07/30 01:54:02.083, 298.22, 100, 74232, 69
2026/07/30 01:54:03.120, 298.13, 100, 74232, 69
2026/07/30 01:54:04.157, 296.08, 100, 74232, 69
2026/07/30 01:54:05.193, 290.04, 100, 74232, 69
2026/07/30 01:54:06.231, 291.79, 100, 74232, 69
2026/07/30 01:54:07.269, 302.71, 100, 74232, 69
2026/07/30 01:54:08.307, 298.32, 100, 74232, 69
2026/07/30 01:54:09.347, 298.22, 100, 74232, 69
2026/07/30 01:54:10.383, 296.17, 100, 74232, 69
2026/07/30 01:54:11.419, 289.85, 100, 74232, 69
2026/07/30 01:54:12.456, 287.00, 100, 74232, 69
2026/07/30 01:54:13.492, 294.52, 100, 74232, 69
2026/07/30 01:54:14.529, 296.08, 100, 74232, 69
2026/07/30 01:54:15.566, 304.14, 100, 74232, 69
2026/07/30 01:54:16.602, 294.71, 100, 74232, 69
2026/07/30 01:54:17.645, 290.90, 100, 74232, 69
2026/07/30 01:54:18.681, 295.69, 100, 74232, 69
2026/07/30 01:54:19.718, 295.31, 100, 74232, 69
2026/07/30 01:54:20.757, 296.76, 100, 74232, 69
2026/07/30 01:54:21.795, 299.69, 100, 74232, 69
2026/07/30 01:54:22.833, 297.06, 100, 74232, 69
2026/07/30 01:54:23.871, 299.90, 100, 74232, 69
2026/07/30 01:54:24.908, 295.29, 100, 74232, 69
2026/07/30 01:54:25.945, 301.92, 100, 74232, 69
2026/07/30 01:54:26.983, 298.91, 100, 74232, 69
2026/07/30 01:54:28.020, 300.45, 100, 74232, 69
2026/07/30 01:54:29.057, 373.44, 65, 74232, 71
2026/07/30 01:54:30.091, 301.69, 100, 74232, 71
2026/07/30 01:54:31.125, 288.24, 100, 74232, 71
2026/07/30 01:54:32.160, 308.78, 100, 74232, 71
2026/07/30 01:54:33.195, 310.47, 100, 74232, 71
2026/07/30 01:54:34.238, 297.40, 100, 74232, 71
2026/07/30 01:54:35.274, 249.90, 100, 74232, 69
2026/07/30 01:54:36.315, 290.50, 100, 74232, 69
2026/07/30 01:54:37.351, 295.21, 100, 74232, 69
2026/07/30 01:54:38.388, 292.29, 100, 74232, 69
2026/07/30 01:54:39.425, 119.36, 100, 74232, 71
2026/07/30 01:54:40.467, 294.22, 100, 74232, 71
2026/07/30 01:54:41.501, 290.43, 100, 74232, 71
2026/07/30 01:54:42.536, 299.87, 100, 74232, 71
2026/07/30 01:54:43.584, 292.47, 100, 74232, 71
2026/07/30 01:54:44.617, 319.40, 100, 74232, 71
2026/07/30 01:54:45.650, 270.80, 100, 74232, 71
2026/07/30 01:54:46.685, 301.73, 100, 74232, 69
2026/07/30 01:54:47.722, 303.36, 100, 74232, 69
2026/07/30 01:54:48.760, 301.83, 100, 74232, 69
2026/07/30 01:54:49.799, 302.10, 100, 74232, 70
2026/07/30 01:54:50.834, 299.30, 100, 74232, 71
2026/07/30 01:54:51.869, 294.93, 100, 74232, 71
2026/07/30 01:54:52.902, 285.55, 100, 74232, 71
2026/07/30 01:54:53.938, 297.42, 100, 74232, 71
2026/07/30 01:54:54.975, 289.74, 100, 74232, 71
2026/07/30 01:54:56.010, 304.36, 100, 74232, 72
2026/07/30 01:54:57.050, 303.28, 100, 74232, 70
2026/07/30 01:54:58.087, 296.95, 100, 74232, 70
2026/07/30 01:54:59.125, 295.68, 100, 74232, 70
2026/07/30 01:55:00.163, 301.72, 100, 74232, 70
2026/07/30 01:55:01.200, 304.80, 100, 74232, 70
2026/07/30 01:55:02.238, 298.42, 100, 74232, 70
2026/07/30 01:55:03.276, 303.30, 100, 74232, 70
2026/07/30 01:55:04.315, 303.78, 100, 74232, 70
2026/07/30 01:55:05.353, 301.25, 100, 74232, 70
2026/07/30 01:55:06.390, 301.93, 100, 74232, 70
2026/07/30 01:55:07.428, 303.00, 100, 74232, 70
2026/07/30 01:55:08.466, 294.33, 100, 74232, 70
2026/07/30 01:55:09.503, 294.61, 100, 74232, 70
2026/07/30 01:55:10.542, 296.96, 100, 74232, 70
2026/07/30 01:55:11.581, 292.09, 100, 74232, 70
2026/07/30 01:55:12.620, 300.48, 100, 74232, 70
2026/07/30 01:55:13.660, 300.17, 100, 74232, 70
2026/07/30 01:55:14.697, 304.97, 100, 74232, 70
2026/07/30 01:55:15.734, 302.61, 100, 74232, 70
2026/07/30 01:55:16.772, 303.75, 100, 74232, 70
2026/07/30 01:55:17.812, 300.00, 100, 74232, 70
2026/07/30 01:55:18.851, 302.96, 100, 74232, 70
2026/07/30 01:55:19.889, 302.81, 100, 74232, 70
2026/07/30 01:55:20.928, 304.36, 100, 74232, 70
2026/07/30 01:55:21.966, 300.64, 100, 74232, 70
2026/07/30 01:55:23.004, 302.78, 100, 74232, 70
2026/07/30 01:55:24.041, 93.85, 0, 74232, 67
2026/07/30 01:55:25.074, 294.73, 100, 74232, 71
2026/07/30 01:55:26.110, 295.98, 100, 74232, 71
2026/07/30 01:55:27.148, 296.01, 100, 74232, 71
2026/07/30 01:55:28.186, 309.39, 100, 74232, 71
2026/07/30 01:55:29.222, 321.05, 100, 74232, 71
2026/07/30 01:55:30.262, 270.97, 100, 74232, 71
2026/07/30 01:55:31.299, 302.22, 100, 74232, 69
2026/07/30 01:55:32.337, 298.03, 100, 74232, 69
2026/07/30 01:55:33.374, 297.54, 100, 74232, 69
2026/07/30 01:55:34.413, 295.11, 100, 74232, 69
2026/07/30 01:55:35.450, 303.30, 100, 74232, 70
2026/07/30 01:55:36.488, 297.43, 100, 74232, 70
2026/07/30 01:55:37.526, 290.90, 100, 74232, 70
2026/07/30 01:55:38.563, 296.46, 100, 74232, 70
2026/07/30 01:55:39.602, 293.05, 100, 74232, 70
2026/07/30 01:55:40.639, 296.28, 100, 74232, 70
2026/07/30 01:55:41.677, 302.80, 100, 74232, 68
2026/07/30 01:55:42.711, 299.98, 100, 74232, 70
2026/07/30 01:55:43.750, 305.15, 100, 74232, 70
2026/07/30 01:55:44.787, 298.22, 100, 74232, 70
2026/07/30 01:55:45.829, 298.61, 100, 74232, 70
2026/07/30 01:55:46.867, 298.60, 100, 74232, 70
2026/07/30 01:55:47.904, 293.35, 100, 74232, 69
2026/07/30 01:55:48.943, 296.38, 100, 74232, 69
2026/07/30 01:55:49.984, 298.81, 100, 74232, 69
2026/07/30 01:55:51.023, 295.99, 100, 74232, 69
2026/07/30 01:55:52.061, 295.72, 100, 74232, 70
2026/07/30 01:55:53.099, 293.82, 100, 74232, 70
2026/07/30 01:55:54.137, 298.43, 100, 74232, 70
2026/07/30 01:55:55.175, 298.81, 100, 74232, 70
2026/07/30 01:55:56.212, 301.55, 100, 74232, 70
2026/07/30 01:55:57.250, 299.80, 100, 74232, 70
2026/07/30 01:55:58.288, 300.56, 100, 74232, 70
2026/07/30 01:55:59.327, 302.12, 100, 74232, 70
2026/07/30 01:56:00.364, 300.47, 100, 74232, 70
2026/07/30 01:56:01.402, 295.00, 100, 74232, 69
2026/07/30 01:56:02.446, 294.82, 100, 74232, 69
2026/07/30 01:56:03.484, 295.40, 100, 74232, 69
2026/07/30 01:56:04.521, 294.92, 100, 74232, 69
2026/07/30 01:56:05.560, 297.74, 100, 74232, 69
2026/07/30 01:56:06.597, 296.10, 100, 74232, 69
2026/07/30 01:56:07.638, 296.67, 100, 74232, 70
2026/07/30 01:56:08.681, 300.75, 100, 74232, 70
2026/07/30 01:56:09.718, 296.56, 100, 74232, 70
2026/07/30 01:56:10.757, 298.12, 100, 74232, 70
2026/07/30 01:56:11.794, 298.24, 100, 74232, 70
2026/07/30 01:56:12.831, 288.51, 100, 74232, 69
2026/07/30 01:56:13.868, 292.87, 100, 74232, 69
2026/07/30 01:56:14.906, 295.21, 100, 74232, 69
2026/07/30 01:56:15.944, 298.42, 100, 74232, 69
2026/07/30 01:56:16.982, 301.34, 100, 74232, 70
2026/07/30 01:56:18.021, 301.74, 100, 74232, 70
2026/07/30 01:56:19.059, 300.42, 100, 74232, 70
2026/07/30 01:56:20.098, 301.44, 100, 74232, 70
2026/07/30 01:56:21.136, 298.01, 100, 74232, 70
2026/07/30 01:56:22.176, 300.76, 100, 74232, 70
2026/07/30 01:56:23.214, 297.83, 100, 74232, 70
2026/07/30 01:56:24.252, 291.49, 100, 74232, 69
2026/07/30 01:56:25.290, 296.18, 100, 74232, 69
2026/07/30 01:56:26.327, 300.92, 100, 74232, 70
2026/07/30 01:56:27.364, 295.99, 100, 74232, 69
2026/07/30 01:56:28.403, 302.71, 100, 74232, 70
2026/07/30 01:56:29.442, 299.88, 100, 74232, 70
2026/07/30 01:56:30.481, 300.75, 100, 74232, 70
2026/07/30 01:56:31.520, 303.01, 100, 74232, 70
2026/07/30 01:56:32.559, 298.43, 100, 74232, 70
2026/07/30 01:56:33.595, 294.91, 100, 74232, 69
2026/07/30 01:56:34.635, 301.32, 100, 74232, 70
2026/07/30 01:56:35.673, 295.00, 100, 74232, 69
2026/07/30 01:56:36.711, 297.35, 100, 74232, 69
2026/07/30 01:56:37.749, 296.01, 100, 74232, 69
2026/07/30 01:56:38.787, 296.38, 100, 74232, 69
2026/07/30 01:56:39.828, 288.09, 100, 74232, 69
2026/07/30 01:56:40.867, 292.18, 100, 74232, 69
2026/07/30 01:56:41.904, 298.80, 100, 74232, 70
2026/07/30 01:56:42.942, 301.44, 100, 74232, 70
2026/07/30 01:56:43.979, 301.81, 100, 74232, 70
2026/07/30 01:56:45.017, 302.61, 100, 74232, 70
2026/07/30 01:56:46.055, 301.90, 100, 74232, 70
2026/07/30 01:56:47.096, 301.42, 100, 74232, 70
2026/07/30 01:56:48.136, 301.25, 100, 74232, 69
2026/07/30 01:56:49.174, 302.03, 100, 74232, 70
2026/07/30 01:56:50.212, 302.31, 100, 74232, 70
2026/07/30 01:56:51.249, 302.71, 100, 74232, 70
2026/07/30 01:56:52.286, 301.03, 100, 74232, 70
2026/07/30 01:56:53.324, 302.42, 100, 74232, 70
2026/07/30 01:56:54.362, 301.55, 100, 74232, 70
2026/07/30 01:56:55.399, 301.44, 100, 74232, 70
2026/07/30 01:56:56.437, 300.65, 100, 74232, 70
2026/07/30 01:56:57.474, 302.90, 100, 74232, 70
2026/07/30 01:56:58.512, 301.83, 100, 74232, 70
2026/07/30 01:56:59.549, 299.19, 100, 74232, 69
2026/07/30 01:57:00.587, 302.81, 100, 74232, 70
2026/07/30 01:57:01.624, 303.20, 100, 74232, 70
2026/07/30 01:57:02.662, 298.61, 100, 74232, 69
2026/07/30 01:57:03.700, 294.13, 100, 74232, 69
2026/07/30 01:57:04.741, 295.31, 100, 74232, 69
2026/07/30 01:57:05.779, 300.46, 100, 74232, 69
2026/07/30 01:57:06.817, 301.54, 100, 74232, 70
2026/07/30 01:57:07.857, 301.74, 100, 74232, 70
2026/07/30 01:57:08.895, 300.65, 100, 74232, 70
2026/07/30 01:57:09.933, 301.14, 100, 74232, 69
2026/07/30 01:57:10.971, 300.85, 100, 74232, 70
2026/07/30 01:57:12.007, 295.01, 100, 74232, 69
2026/07/30 01:57:13.045, 296.37, 100, 74232, 69
2026/07/30 01:57:14.084, 294.02, 100, 74232, 69
2026/07/30 01:57:15.121, 293.26, 100, 74232, 69
2026/07/30 01:57:16.159, 294.12, 100, 74232, 69
2026/07/30 01:57:17.196, 301.82, 100, 74232, 70
2026/07/30 01:57:18.234, 302.02, 100, 74232, 69
2026/07/30 01:57:19.271, 299.88, 100, 74232, 69
2026/07/30 01:57:20.309, 301.81, 100, 74232, 69
2026/07/30 01:57:21.346, 302.03, 100, 74232, 69
2026/07/30 01:57:22.384, 299.98, 100, 74232, 69
2026/07/30 01:57:23.422, 303.38, 100, 74232, 69
2026/07/30 01:57:24.465, 301.83, 100, 74232, 69
2026/07/30 01:57:25.503, 292.47, 100, 74232, 69
2026/07/30 01:57:26.541, 298.68, 100, 74232, 69
2026/07/30 01:57:27.581, 301.44, 100, 74232, 69
2026/07/30 01:57:28.619, 299.58, 100, 74232, 69
2026/07/30 01:57:29.658, 299.56, 100, 74232, 69
2026/07/30 01:57:30.696, 300.67, 100, 74232, 69
2026/07/30 01:57:31.733, 300.45, 100, 74232, 69
2026/07/30 01:57:32.771, 299.69, 100, 74232, 69
2026/07/30 01:57:33.809, 300.19, 100, 74232, 69
2026/07/30 01:57:34.847, 297.74, 100, 74232, 69
2026/07/30 01:57:35.886, 297.64, 100, 74232, 69
2026/07/30 01:57:36.923, 298.43, 100, 74232, 69
2026/07/30 01:57:37.960, 301.95, 100, 74232, 69
2026/07/30 01:57:38.996, 302.40, 100, 74232, 69
2026/07/30 01:57:40.036, 303.89, 100, 74232, 69
2026/07/30 01:57:41.073, 300.64, 100, 74232, 69
2026/07/30 01:57:42.111, 293.68, 100, 74232, 71
2026/07/30 01:57:43.146, 305.93, 100, 74232, 71
2026/07/30 01:57:44.183, 305.94, 100, 74232, 71
2026/07/30 01:57:45.218, 271.64, 100, 74232, 71
2026/07/30 01:57:46.254, 281.80, 100, 74232, 71
2026/07/30 01:57:47.295, 309.69, 100, 74232, 70
2026/07/30 01:57:48.328, 289.26, 100, 74232, 69
2026/07/30 01:57:49.367, 290.63, 100, 74232, 69
2026/07/30 01:57:50.404, 295.99, 100, 74232, 69
2026/07/30 01:57:51.443, 294.02, 100, 74232, 69
2026/07/30 01:57:52.478, 299.17, 100, 74232, 71
2026/07/30 01:57:53.513, 289.77, 100, 74232, 71
2026/07/30 01:57:54.546, 301.26, 100, 74232, 71
2026/07/30 01:57:55.580, 269.73, 100, 74232, 71
2026/07/30 01:57:56.613, 313.86, 100, 74232, 71
2026/07/30 01:57:57.648, 288.98, 100, 74232, 71
2026/07/30 01:57:58.683, 298.59, 100, 74232, 69
2026/07/30 01:57:59.721, 299.30, 100, 74232, 69
2026/07/30 01:58:00.758, 302.99, 100, 74232, 69
2026/07/30 01:58:01.794, 293.93, 100, 74232, 69
2026/07/30 01:58:02.831, 294.22, 88, 74232, 71
2026/07/30 01:58:03.866, 303.98, 100, 74232, 71
2026/07/30 01:58:04.900, 304.64, 100, 74232, 72
2026/07/30 01:58:05.934, 276.56, 100, 74232, 71
2026/07/30 01:58:06.972, 285.86, 100, 74232, 72
2026/07/30 01:58:08.006, 319.10, 100, 74232, 72
2026/07/30 01:58:09.040, 292.19, 100, 74232, 70
2026/07/30 01:58:10.077, 291.11, 100, 74232, 70
2026/07/30 01:58:11.120, 296.38, 100, 74232, 70
2026/07/30 01:58:12.159, 296.27, 100, 74232, 70
2026/07/30 01:58:13.196, 294.02, 100, 74232, 70
2026/07/30 01:58:14.234, 296.37, 100, 74232, 70
2026/07/30 01:58:15.270, 296.65, 100, 74232, 70
2026/07/30 01:58:16.307, 292.01, 100, 74232, 70
2026/07/30 01:58:17.345, 292.96, 100, 74232, 70
2026/07/30 01:58:18.383, 296.66, 100, 74232, 70
2026/07/30 01:58:19.420, 293.06, 100, 74232, 70
2026/07/30 01:58:20.458, 376.68, 75, 74232, 72
2026/07/30 01:58:21.494, 301.15, 100, 74232, 72
2026/07/30 01:58:22.529, 298.97, 100, 74232, 72
2026/07/30 01:58:23.565, 307.16, 100, 74232, 72
2026/07/30 01:58:24.602, 302.26, 100, 74232, 72
2026/07/30 01:58:25.640, 277.54, 100, 74232, 72
2026/07/30 01:58:26.679, 273.31, 100, 74232, 72
2026/07/30 01:58:27.715, 302.12, 100, 74232, 70
2026/07/30 01:58:28.751, 303.38, 100, 74232, 70
2026/07/30 01:58:29.788, 302.99, 100, 74232, 70
2026/07/30 01:58:30.824, 304.95, 100, 74232, 70
2026/07/30 01:58:31.860, 306.21, 100, 74232, 70
2026/07/30 01:58:32.897, 303.10, 100, 74232, 70
2026/07/30 01:58:33.935, 304.36, 100, 74232, 70
2026/07/30 01:58:34.976, 300.64, 100, 74232, 70
2026/07/30 01:58:36.012, 291.49, 100, 74232, 70
2026/07/30 01:58:37.055, 296.18, 100, 74232, 70
2026/07/30 01:58:38.092, 289.36, 100, 74232, 70
2026/07/30 01:58:39.127, 296.27, 100, 74232, 70
2026/07/30 01:58:40.165, 96.83, 23, 74232, 67
2026/07/30 01:58:41.197, 297.88, 100, 74232, 71
2026/07/30 01:58:42.231, 297.25, 100, 74232, 71
2026/07/30 01:58:43.270, 309.75, 100, 74232, 72
2026/07/30 01:58:44.304, 283.81, 100, 74232, 72
2026/07/30 01:58:45.338, 285.77, 100, 74232, 71
2026/07/30 01:58:46.371, 298.98, 100, 74232, 72
2026/07/30 01:58:47.409, 316.21, 100, 74232, 71
2026/07/30 01:58:48.443, 300.19, 100, 74232, 70
2026/07/30 01:58:49.480, 303.78, 100, 74232, 70
2026/07/30 01:58:50.518, 303.17, 100, 74232, 70
2026/07/30 01:58:51.556, 304.97, 100, 74232, 70
2026/07/30 01:58:52.593, 299.89, 100, 74232, 72
2026/07/30 01:58:53.632, 297.53, 100, 74232, 70
2026/07/30 01:58:54.668, 295.21, 100, 74232, 70
2026/07/30 01:58:55.705, 291.81, 100, 74232, 70
2026/07/30 01:58:56.741, 295.49, 100, 74232, 70
2026/07/30 01:58:57.779, 292.19, 100, 74232, 70
2026/07/30 01:58:58.816, 298.03, 100, 74232, 70
2026/07/30 01:58:59.856, 295.40, 100, 74232, 70
2026/07/30 01:59:00.893, 299.20, 100, 74232, 70
2026/07/30 01:59:01.931, 299.02, 100, 74232, 70
2026/07/30 01:59:02.971, 303.58, 100, 74232, 70
2026/07/30 01:59:04.008, 302.89, 100, 74232, 70
2026/07/30 01:59:05.047, 302.22, 100, 74232, 70
2026/07/30 01:59:06.083, 304.19, 100, 74232, 70
2026/07/30 01:59:07.121, 302.04, 100, 74232, 70
2026/07/30 01:59:08.159, 301.74, 100, 74232, 70
2026/07/30 01:59:09.195, 299.50, 100, 74232, 70
2026/07/30 01:59:10.231, 296.86, 100, 74232, 70
2026/07/30 01:59:11.267, 300.39, 100, 74232, 70
2026/07/30 01:59:12.304, 302.71, 100, 74232, 70
2026/07/30 01:59:13.340, 292.37, 100, 74232, 70
2026/07/30 01:59:14.378, 295.59, 100, 74232, 70
2026/07/30 01:59:15.415, 297.84, 100, 74232, 70
2026/07/30 01:59:16.452, 304.50, 100, 74232, 70
2026/07/30 01:59:17.489, 302.01, 100, 74232, 70
2026/07/30 01:59:18.525, 298.53, 100, 74232, 70
2026/07/30 01:59:19.562, 297.93, 100, 74232, 70
2026/07/30 01:59:20.599, 293.24, 100, 74232, 70
2026/07/30 01:59:21.636, 300.06, 100, 74232, 70
2026/07/30 01:59:22.672, 301.25, 100, 74232, 70
2026/07/30 01:59:23.708, 300.37, 100, 74232, 70
2026/07/30 01:59:24.745, 305.64, 100, 74232, 70
2026/07/30 01:59:25.782, 302.04, 100, 74232, 70
2026/07/30 01:59:26.819, 306.60, 100, 74232, 70
2026/07/30 01:59:27.856, 304.06, 100, 74232, 70
2026/07/30 01:59:28.893, 303.59, 100, 74232, 70
2026/07/30 01:59:29.929, 304.86, 100, 74232, 70
2026/07/30 01:59:30.966, 306.62, 100, 74232, 70
2026/07/30 01:59:32.003, 304.14, 100, 74232, 70
2026/07/30 01:59:33.040, 306.40, 100, 74232, 70
2026/07/30 01:59:34.076, 298.43, 100, 74232, 70
2026/07/30 01:59:35.115, 299.51, 100, 74232, 70
2026/07/30 01:59:36.152, 294.62, 100, 74232, 70
2026/07/30 01:59:37.191, 302.90, 100, 74232, 70
2026/07/30 01:59:38.229, 302.61, 100, 74232, 70
2026/07/30 01:59:39.267, 300.17, 100, 74232, 70
2026/07/30 01:59:40.305, 303.30, 100, 74232, 70
2026/07/30 01:59:41.341, 302.61, 100, 74232, 70
2026/07/30 01:59:42.378, 302.14, 100, 74232, 70
2026/07/30 01:59:43.416, 302.82, 100, 74232, 70
2026/07/30 01:59:44.453, 302.28, 100, 74232, 70
2026/07/30 01:59:45.489, 303.79, 100, 74232, 70
2026/07/30 01:59:46.526, 296.59, 100, 74232, 70
2026/07/30 01:59:47.562, 293.64, 100, 74232, 70
2026/07/30 01:59:48.601, 295.48, 100, 74232, 70
2026/07/30 01:59:49.637, 302.87, 100, 74232, 70
2026/07/30 01:59:50.675, 298.02, 100, 74232, 70
2026/07/30 01:59:51.712, 301.45, 100, 74232, 70
2026/07/30 01:59:52.752, 301.44, 100, 74232, 70
2026/07/30 01:59:53.789, 295.78, 100, 74232, 69
2026/07/30 01:59:54.826, 298.41, 100, 74232, 69
2026/07/30 01:59:55.864, 301.26, 100, 74232, 69
2026/07/30 01:59:56.900, 302.04, 100, 74232, 69
2026/07/30 01:59:57.938, 291.38, 100, 74232, 69
2026/07/30 01:59:58.974, 294.81, 100, 74232, 69
2026/07/30 02:00:00.012, 303.01, 100, 74232, 70
2026/07/30 02:00:01.049, 302.63, 100, 74232, 70
2026/07/30 02:00:02.087, 302.12, 100, 74232, 70
2026/07/30 02:00:03.125, 301.23, 100, 74232, 70
2026/07/30 02:00:04.166, 296.38, 100, 74232, 69
2026/07/30 02:00:05.204, 291.69, 100, 74232, 69
2026/07/30 02:00:06.240, 294.61, 100, 74232, 69
2026/07/30 02:00:07.278, 294.71, 100, 74232, 69
2026/07/30 02:00:08.314, 294.05, 100, 74232, 69
2026/07/30 02:00:09.358, 301.84, 100, 74232, 70
2026/07/30 02:00:10.395, 298.29, 100, 74232, 70
2026/07/30 02:00:11.431, 300.08, 100, 74232, 70
2026/07/30 02:00:12.468, 302.52, 100, 74232, 70
2026/07/30 02:00:13.506, 301.70, 100, 74232, 70
2026/07/30 02:00:14.545, 301.81, 100, 74232, 69
2026/07/30 02:00:15.583, 297.34, 100, 74232, 69
2026/07/30 02:00:16.623, 298.12, 100, 74232, 69
2026/07/30 02:00:17.661, 301.43, 100, 74232, 69
2026/07/30 02:00:18.701, 300.94, 100, 74232, 69
2026/07/30 02:00:19.737, 301.63, 100, 74232, 69
2026/07/30 02:00:20.778, 302.52, 100, 74232, 69
2026/07/30 02:00:21.814, 302.41, 100, 74232, 69
2026/07/30 02:00:22.851, 301.83, 100, 74232, 69
2026/07/30 02:00:23.888, 302.82, 100, 74232, 69
2026/07/30 02:00:24.925, 302.50, 100, 74232, 69
2026/07/30 02:00:25.961, 302.61, 100, 74232, 69
2026/07/30 02:00:27.001, 302.33, 100, 74232, 69
2026/07/30 02:00:28.037, 299.98, 100, 74232, 69
2026/07/30 02:00:29.074, 300.44, 100, 74232, 69
2026/07/30 02:00:30.112, 290.82, 100, 74232, 69
2026/07/30 02:00:31.148, 293.76, 100, 74232, 69
2026/07/30 02:00:32.185, 291.31, 100, 74232, 71
2026/07/30 02:00:33.220, 298.93, 100, 74232, 71
2026/07/30 02:00:34.256, 294.41, 100, 74232, 71
2026/07/30 02:00:35.291, 274.96, 100, 74232, 71
2026/07/30 02:00:36.325, 312.67, 100, 74232, 71
2026/07/30 02:00:37.359, 298.70, 100, 74232, 69
2026/07/30 02:00:38.395, 295.69, 100, 74232, 69
2026/07/30 02:00:39.432, 303.12, 100, 74232, 69
2026/07/30 02:00:40.469, 300.56, 100, 74232, 69
2026/07/30 02:00:41.506, 303.19, 100, 74232, 69
2026/07/30 02:00:42.544, 305.52, 100, 74232, 70
2026/07/30 02:00:43.580, 302.02, 100, 74232, 70
2026/07/30 02:00:44.617, 299.40, 100, 74232, 70
2026/07/30 02:00:45.654, 302.66, 100, 74232, 70
2026/07/30 02:00:46.690, 296.47, 100, 74232, 70
2026/07/30 02:00:47.730, 300.23, 100, 74232, 70
2026/07/30 02:00:48.766, 302.79, 100, 74232, 70
2026/07/30 02:00:49.802, 306.03, 100, 74232, 70
2026/07/30 02:00:50.839, 302.52, 100, 74232, 70
2026/07/30 02:00:51.876, 298.71, 100, 74232, 70
2026/07/30 02:00:52.913, 299.88, 100, 74232, 70
2026/07/30 02:00:53.954, 302.60, 100, 74232, 70
2026/07/30 02:00:54.991, 302.33, 100, 74232, 70
2026/07/30 02:00:56.027, 303.49, 100, 74232, 70
2026/07/30 02:00:57.064, 303.40, 100, 74232, 70
2026/07/30 02:00:58.100, 302.41, 100, 74232, 70
2026/07/30 02:00:59.138, 303.38, 100, 74232, 70
2026/07/30 02:01:00.175, 308.35, 100, 74232, 70
2026/07/30 02:01:01.212, 296.86, 100, 74232, 70
2026/07/30 02:01:02.251, 300.46, 100, 74232, 70
2026/07/30 02:01:03.289, 298.90, 100, 74232, 70
2026/07/30 02:01:04.326, 303.20, 100, 74232, 70
2026/07/30 02:01:05.363, 300.82, 100, 74232, 70
2026/07/30 02:01:06.400, 297.54, 100, 74232, 70
2026/07/30 02:01:07.438, 296.76, 100, 74232, 70
2026/07/30 02:01:08.474, 296.66, 100, 74232, 70
2026/07/30 02:01:09.510, 297.72, 100, 74232, 70
2026/07/30 02:01:10.548, 296.77, 100, 74232, 70
2026/07/30 02:01:11.584, 295.20, 100, 74232, 70
2026/07/30 02:01:12.621, 293.65, 100, 74232, 70
2026/07/30 02:01:13.661, 297.46, 100, 74232, 70
2026/07/30 02:01:14.698, 295.51, 100, 74232, 70
2026/07/30 02:01:15.735, 302.02, 100, 74232, 70
2026/07/30 02:01:16.773, 302.79, 100, 74232, 70
2026/07/30 02:01:17.811, 302.41, 100, 74232, 70
2026/07/30 02:01:18.853, 300.85, 100, 74232, 70
2026/07/30 02:01:19.890, 300.39, 100, 74232, 70
2026/07/30 02:01:20.927, 296.68, 100, 74232, 70
2026/07/30 02:01:21.964, 297.81, 100, 74232, 70
2026/07/30 02:01:23.002, 294.43, 100, 74232, 70
2026/07/30 02:01:24.040, 296.47, 100, 74232, 70
2026/07/30 02:01:25.078, 301.54, 100, 74232, 70
2026/07/30 02:01:26.115, 303.49, 100, 74232, 70
2026/07/30 02:01:27.152, 298.81, 100, 74232, 70
2026/07/30 02:01:28.188, 297.25, 100, 74232, 70
2026/07/30 02:01:29.228, 294.81, 100, 74232, 70
2026/07/30 02:01:30.265, 301.54, 100, 74232, 70
2026/07/30 02:01:31.302, 306.60, 100, 74232, 70
2026/07/30 02:01:32.340, 299.20, 100, 74232, 70
2026/07/30 02:01:33.377, 302.14, 100, 74232, 70
2026/07/30 02:01:34.414, 306.71, 100, 74232, 70
2026/07/30 02:01:35.450, 302.23, 100, 74232, 70
2026/07/30 02:01:36.486, 303.45, 100, 74232, 70
2026/07/30 02:01:37.523, 305.79, 100, 74232, 70
2026/07/30 02:01:38.559, 302.71, 100, 74232, 70
2026/07/30 02:01:39.596, 303.29, 100, 74232, 70
2026/07/30 02:01:40.634, 304.14, 100, 74232, 70
2026/07/30 02:01:41.672, 298.60, 100, 74232, 70
2026/07/30 02:01:42.709, 306.80, 100, 74232, 70
2026/07/30 02:01:43.745, 303.79, 100, 74232, 70
2026/07/30 02:01:44.781, 301.93, 100, 74232, 70
2026/07/30 02:01:45.819, 299.96, 100, 74232, 70
2026/07/30 02:01:46.856, 301.52, 100, 74232, 70
2026/07/30 02:01:47.893, 305.64, 100, 74232, 70
2026/07/30 02:01:48.929, 303.29, 100, 74232, 70
2026/07/30 02:01:49.967, 301.53, 100, 74232, 70
2026/07/30 02:01:51.004, 302.61, 100, 74232, 70
2026/07/30 02:01:52.043, 300.29, 100, 74232, 70
2026/07/30 02:01:53.080, 300.19, 100, 74232, 70
2026/07/30 02:01:54.116, 302.20, 100, 74232, 70
2026/07/30 02:01:55.153, 303.49, 100, 74232, 70
2026/07/30 02:01:56.198, 295.10, 100, 74232, 70
2026/07/30 02:01:57.235, 295.40, 100, 74232, 70
2026/07/30 02:01:58.271, 297.35, 100, 74232, 70
2026/07/30 02:01:59.308, 295.00, 100, 74232, 70
2026/07/30 02:02:00.344, 303.18, 100, 74232, 70
2026/07/30 02:02:01.382, 304.27, 100, 74232, 70
2026/07/30 02:02:02.418, 298.80, 100, 74232, 70
2026/07/30 02:02:03.456, 303.19, 100, 74232, 70
2026/07/30 02:02:04.492, 304.03, 100, 74232, 70
2026/07/30 02:02:05.528, 298.33, 100, 74232, 70
2026/07/30 02:02:06.566, 300.77, 100, 74232, 70
2026/07/30 02:02:07.602, 302.37, 100, 74232, 70
2026/07/30 02:02:08.639, 299.11, 100, 74232, 70
2026/07/30 02:02:09.676, 303.28, 100, 74232, 70
2026/07/30 02:02:10.713, 302.42, 100, 74232, 70
2026/07/30 02:02:11.750, 299.08, 100, 74232, 70
2026/07/30 02:02:12.787, 302.31, 100, 74232, 70
2026/07/30 02:02:13.828, 303.86, 100, 74232, 70
2026/07/30 02:02:14.865, 298.06, 78, 74232, 71
2026/07/30 02:02:15.901, 296.38, 100, 74232, 71
2026/07/30 02:02:16.936, 288.16, 100, 74232, 71
2026/07/30 02:02:17.971, 292.06, 100, 74232, 71
2026/07/30 02:02:19.006, 314.93, 100, 74232, 71
2026/07/30 02:02:20.039, 305.06, 100, 74232, 71
2026/07/30 02:02:21.075, 301.71, 100, 74232, 70
2026/07/30 02:02:22.111, 302.71, 100, 74232, 70
2026/07/30 02:02:23.147, 298.31, 100, 74232, 70
2026/07/30 02:02:24.188, 302.71, 100, 74232, 70
2026/07/30 02:02:25.226, 297.84, 100, 74232, 71
2026/07/30 02:02:26.263, 285.12, 100, 74232, 71
2026/07/30 02:02:27.298, 293.81, 100, 74232, 71
2026/07/30 02:02:28.334, 288.57, 100, 74232, 72
2026/07/30 02:02:29.370, 305.14, 100, 74232, 72
2026/07/30 02:02:30.409, 287.67, 100, 74232, 72
2026/07/30 02:02:31.445, 296.46, 100, 74232, 70
2026/07/30 02:02:32.483, 289.56, 100, 74232, 70
2026/07/30 02:02:33.520, 286.83, 100, 74232, 70
2026/07/30 02:02:34.557, 286.03, 100, 74232, 70
2026/07/30 02:02:35.604, 287.41, 100, 74232, 70
2026/07/30 02:02:36.647, 294.91, 100, 74232, 70
2026/07/30 02:02:37.683, 296.57, 100, 74232, 70
2026/07/30 02:02:38.724, 294.61, 100, 74232, 70
2026/07/30 02:02:39.762, 301.34, 100, 74232, 70
2026/07/30 02:02:40.799, 304.36, 100, 74232, 70
2026/07/30 02:02:41.839, 302.80, 100, 74232, 70
2026/07/30 02:02:42.875, 95.44, 0, 74232, 67
2026/07/30 02:02:43.910, 288.95, 100, 74232, 71
2026/07/30 02:02:44.948, 293.15, 100, 74232, 71
2026/07/30 02:02:45.984, 289.58, 100, 74232, 72
2026/07/30 02:02:47.019, 281.94, 100, 74232, 71
2026/07/30 02:02:48.058, 296.80, 100, 74232, 71
2026/07/30 02:02:49.092, 300.60, 100, 74232, 71
2026/07/30 02:02:50.126, 303.09, 100, 74232, 70
2026/07/30 02:02:51.167, 303.65, 100, 74232, 70
2026/07/30 02:02:52.205, 299.50, 100, 74232, 70
2026/07/30 02:02:53.242, 302.71, 100, 74232, 70
2026/07/30 02:02:54.279, 285.99, 71, 74232, 71
2026/07/30 02:02:55.314, 298.03, 100, 74232, 72
2026/07/30 02:02:56.349, 279.05, 100, 74232, 72
2026/07/30 02:02:57.385, 299.10, 100, 74232, 72
2026/07/30 02:02:58.418, 289.42, 100, 74232, 72
2026/07/30 02:02:59.452, 299.26, 100, 74232, 72
2026/07/30 02:03:00.486, 329.87, 100, 74232, 72
2026/07/30 02:03:01.520, 302.82, 100, 74232, 70
2026/07/30 02:03:02.556, 303.78, 100, 74232, 70
2026/07/30 02:03:03.592, 301.24, 100, 74232, 70
2026/07/30 02:03:04.630, 304.06, 100, 74232, 70
2026/07/30 02:03:05.668, 296.98, 100, 74232, 70
2026/07/30 02:03:06.705, 290.52, 100, 74232, 70
2026/07/30 02:03:07.743, 296.77, 100, 74232, 70
2026/07/30 02:03:08.781, 302.60, 100, 74232, 70
2026/07/30 02:03:09.818, 292.86, 100, 74232, 70
2026/07/30 02:03:10.854, 296.38, 100, 74232, 70
2026/07/30 02:03:11.890, 297.36, 100, 74232, 70
2026/07/30 02:03:12.929, 297.74, 100, 74232, 70
2026/07/30 02:03:13.966, 298.30, 100, 74232, 70
2026/07/30 02:03:15.003, 297.06, 100, 74232, 70
2026/07/30 02:03:16.039, 297.34, 100, 74232, 70
2026/07/30 02:03:17.077, 301.05, 100, 74232, 70
2026/07/30 02:03:18.117, 304.17, 100, 74232, 70
2026/07/30 02:03:19.159, 304.27, 100, 74232, 70
2026/07/30 02:03:20.197, 295.99, 100, 74232, 70
2026/07/30 02:03:21.238, 293.08, 100, 74232, 70
2026/07/30 02:03:22.276, 304.08, 100, 74232, 70
2026/07/30 02:03:23.313, 306.61, 100, 74232, 70
2026/07/30 02:03:24.353, 299.97, 100, 74232, 70
2026/07/30 02:03:25.390, 297.15, 100, 74232, 70
2026/07/30 02:03:26.427, 296.76, 100, 74232, 70
2026/07/30 02:03:27.464, 298.03, 100, 74232, 70
2026/07/30 02:03:28.502, 293.92, 100, 74232, 70
2026/07/30 02:03:29.540, 297.36, 100, 74232, 70
2026/07/30 02:03:30.577, 297.06, 100, 74232, 72
2026/07/30 02:03:31.612, 301.12, 100, 74232, 72
2026/07/30 02:03:32.650, 294.14, 100, 74232, 72
2026/07/30 02:03:33.684, 277.05, 100, 74232, 72
2026/07/30 02:03:34.719, 302.20, 100, 74232, 72
2026/07/30 02:03:35.755, 297.61, 100, 74232, 72
2026/07/30 02:03:36.797, 280.74, 100, 74232, 72
2026/07/30 02:03:37.831, 304.66, 100, 74232, 70
2026/07/30 02:03:38.868, 301.33, 100, 74232, 70
2026/07/30 02:03:39.905, 303.48, 100, 74232, 70
2026/07/30 02:03:40.941, 304.57, 100, 74232, 70
2026/07/30 02:03:41.979, 302.20, 100, 74232, 70
2026/07/30 02:03:43.016, 304.42, 100, 74232, 70
2026/07/30 02:03:44.055, 297.26, 100, 74232, 70
2026/07/30 02:03:45.093, 294.13, 100, 74232, 70
2026/07/30 02:03:46.133, 297.62, 100, 74232, 70
2026/07/30 02:03:47.172, 297.25, 100, 74232, 70
2026/07/30 02:03:48.214, 292.32, 100, 74232, 70
2026/07/30 02:03:49.253, 295.89, 100, 74232, 70
2026/07/30 02:03:50.290, 289.54, 100, 74232, 70
2026/07/30 02:03:51.327, 289.36, 100, 74232, 70
2026/07/30 02:03:52.364, 291.30, 100, 74232, 70
2026/07/30 02:03:53.402, 286.43, 100, 74232, 70
2026/07/30 02:03:54.439, 295.78, 100, 74232, 70
2026/07/30 02:03:55.480, 296.94, 100, 74232, 70
2026/07/30 02:03:56.517, 290.13, 100, 74232, 70
2026/07/30 02:03:57.556, 285.25, 100, 74232, 70
2026/07/30 02:03:58.593, 295.20, 100, 74232, 70
2026/07/30 02:03:59.629, 296.87, 100, 74232, 70
2026/07/30 02:04:00.667, 296.85, 100, 74232, 70
2026/07/30 02:04:01.703, 294.04, 100, 74232, 70
2026/07/30 02:04:02.741, 301.55, 100, 74232, 70
2026/07/30 02:04:03.777, 303.30, 100, 74232, 70
2026/07/30 02:04:04.815, 300.76, 100, 74232, 70
2026/07/30 02:04:05.853, 294.12, 100, 74232, 70
2026/07/30 02:04:06.890, 301.74, 100, 74232, 70
2026/07/30 02:04:07.926, 303.20, 100, 74232, 70
2026/07/30 02:04:08.968, 304.17, 100, 74232, 70
2026/07/30 02:04:10.005, 303.78, 100, 74232, 70
2026/07/30 02:04:11.041, 302.03, 100, 74232, 70
2026/07/30 02:04:12.077, 96.11, 0, 74232, 67
2026/07/30 02:04:13.112, 294.70, 100, 74232, 71
2026/07/30 02:04:14.147, 283.65, 100, 74232, 71
2026/07/30 02:04:15.180, 312.14, 100, 74232, 71
2026/07/30 02:04:16.216, 307.33, 100, 74232, 71
2026/07/30 02:04:17.251, 306.96, 100, 74232, 71
2026/07/30 02:04:18.285, 304.91, 100, 74232, 71
2026/07/30 02:04:19.319, 304.72, 100, 74232, 71
2026/07/30 02:04:20.355, 299.70, 100, 74232, 70
2026/07/30 02:04:21.393, 302.52, 100, 74232, 70
2026/07/30 02:04:22.431, 295.99, 100, 74232, 70
2026/07/30 02:04:23.468, 94.95, 0, 74232, 66
2026/07/30 02:04:24.503, 299.68, 65, 74232, 70
2026/07/30 02:04:25.538, 298.51, 100, 74232, 69
2026/07/30 02:04:26.575, 302.12, 100, 74232, 69
2026/07/30 02:04:27.614, 301.44, 100, 74232, 69
2026/07/30 02:04:28.653, 302.12, 100, 74232, 69
2026/07/30 02:04:29.692, 301.34, 100, 74232, 69
2026/07/30 02:04:30.729, 301.45, 100, 74232, 70
2026/07/30 02:04:31.767, 302.48, 100, 74232, 70
2026/07/30 02:04:32.805, 302.97, 100, 74232, 70
2026/07/30 02:04:33.845, 301.74, 100, 74232, 70
2026/07/30 02:04:34.883, 303.19, 100, 74232, 70
2026/07/30 02:04:35.920, 302.61, 100, 74232, 70
2026/07/30 02:04:36.958, 299.40, 100, 74232, 70
2026/07/30 02:04:37.996, 293.61, 100, 74232, 70
2026/07/30 02:04:39.035, 297.43, 100, 74232, 70
2026/07/30 02:04:40.073, 302.49, 100, 74232, 70
2026/07/30 02:04:41.115, 299.19, 100, 74232, 70
2026/07/30 02:04:42.153, 302.21, 100, 74232, 70
2026/07/30 02:04:43.191, 300.39, 100, 74232, 70
2026/07/30 02:04:44.228, 296.56, 100, 74232, 70
2026/07/30 02:04:45.265, 299.81, 100, 74232, 70
2026/07/30 02:04:46.303, 301.93, 100, 74232, 70
2026/07/30 02:04:47.352, 297.93, 100, 74232, 70
2026/07/30 02:04:48.392, 300.69, 100, 74232, 70
2026/07/30 02:04:49.429, 299.69, 100, 74232, 70
2026/07/30 02:04:50.467, 301.25, 100, 74232, 70
2026/07/30 02:04:51.504, 301.82, 100, 74232, 70
2026/07/30 02:04:52.542, 301.61, 100, 74232, 70
2026/07/30 02:04:53.579, 303.38, 100, 74232, 70
2026/07/30 02:04:54.616, 296.76, 100, 74232, 70
2026/07/30 02:04:55.654, 301.33, 100, 74232, 70
2026/07/30 02:04:56.692, 302.53, 100, 74232, 70
2026/07/30 02:04:57.729, 298.12, 100, 74232, 70
2026/07/30 02:04:58.767, 306.04, 100, 74232, 70
2026/07/30 02:04:59.804, 295.51, 100, 74232, 70
2026/07/30 02:05:00.843, 290.43, 100, 74232, 70
2026/07/30 02:05:01.881, 296.16, 100, 74232, 70
2026/07/30 02:05:02.918, 300.56, 100, 74232, 70
2026/07/30 02:05:03.957, 303.08, 100, 74232, 70
2026/07/30 02:05:04.995, 297.95, 100, 74232, 69
2026/07/30 02:05:06.033, 297.93, 100, 74232, 69
2026/07/30 02:05:07.071, 293.94, 100, 74232, 69
2026/07/30 02:05:08.109, 303.19, 100, 74232, 69
2026/07/30 02:05:09.146, 301.61, 100, 74232, 69
2026/07/30 02:05:10.184, 303.04, 100, 74232, 69
2026/07/30 02:05:11.220, 292.56, 100, 74232, 69
2026/07/30 02:05:12.259, 301.75, 100, 74232, 69
2026/07/30 02:05:13.297, 297.05, 100, 74232, 69
2026/07/30 02:05:14.334, 291.59, 100, 74232, 69
2026/07/30 02:05:15.372, 300.99, 100, 74232, 69
2026/07/30 02:05:16.410, 296.18, 100, 74232, 69
2026/07/30 02:05:17.448, 292.09, 100, 74232, 69
2026/07/30 02:05:18.485, 301.36, 100, 74232, 69
2026/07/30 02:05:19.523, 298.03, 100, 74232, 69
2026/07/30 02:05:20.560, 295.98, 100, 74232, 69
2026/07/30 02:05:21.597, 298.14, 100, 74232, 69
2026/07/30 02:05:22.635, 300.69, 100, 74232, 69
2026/07/30 02:05:23.675, 296.55, 100, 74232, 69
2026/07/30 02:05:24.718, 301.74, 100, 74232, 69
2026/07/30 02:05:25.757, 301.05, 100, 74232, 69
2026/07/30 02:05:26.794, 301.16, 100, 74232, 69
2026/07/30 02:05:27.836, 300.28, 100, 74232, 69
2026/07/30 02:05:28.875, 300.19, 100, 74232, 69
2026/07/30 02:05:29.914, 300.48, 100, 74232, 69
2026/07/30 02:05:30.952, 297.52, 100, 74232, 69
2026/07/30 02:05:31.990, 300.47, 100, 74232, 69
2026/07/30 02:05:33.030, 302.02, 100, 74232, 69
2026/07/30 02:05:34.068, 301.83, 100, 74232, 69
2026/07/30 02:05:35.105, 302.22, 100, 74232, 69
2026/07/30 02:05:36.143, 302.03, 100, 74232, 69
2026/07/30 02:05:37.180, 293.45, 100, 74232, 69
2026/07/30 02:05:38.216, 299.94, 100, 74232, 69
2026/07/30 02:05:39.254, 302.02, 100, 74232, 69
2026/07/30 02:05:40.291, 300.37, 100, 74232, 69
2026/07/30 02:05:41.329, 300.27, 100, 74232, 69
2026/07/30 02:05:42.366, 301.64, 100, 74232, 69
2026/07/30 02:05:43.407, 301.34, 100, 74232, 69
2026/07/30 02:05:44.446, 300.08, 100, 74232, 70
2026/07/30 02:05:45.483, 302.12, 100, 74232, 70
2026/07/30 02:05:46.522, 298.04, 100, 74232, 69
2026/07/30 02:05:47.560, 300.36, 100, 74232, 70
2026/07/30 02:05:48.599, 300.07, 100, 74232, 70
2026/07/30 02:05:49.636, 298.91, 100, 74232, 69
2026/07/30 02:05:50.675, 296.28, 100, 74232, 69
2026/07/30 02:05:51.714, 294.81, 100, 74232, 69
2026/07/30 02:05:52.755, 301.15, 100, 74232, 69
2026/07/30 02:05:53.793, 293.64, 100, 74232, 69
2026/07/30 02:05:54.831, 293.94, 100, 74232, 69
2026/07/30 02:05:55.870, 295.29, 100, 74232, 69
2026/07/30 02:05:56.907, 295.69, 100, 74232, 69
2026/07/30 02:05:57.945, 300.26, 100, 74232, 70
2026/07/30 02:05:58.983, 305.04, 100, 74232, 70
2026/07/30 02:06:00.024, 300.27, 100, 74232, 70
2026/07/30 02:06:01.061, 301.73, 100, 74232, 70
2026/07/30 02:06:02.098, 302.03, 100, 74232, 70
2026/07/30 02:06:03.135, 301.34, 100, 74232, 70
2026/07/30 02:06:04.173, 299.98, 100, 74232, 70
2026/07/30 02:06:05.211, 301.05, 100, 74232, 70
2026/07/30 02:06:06.248, 301.75, 100, 74232, 70
2026/07/30 02:06:07.287, 298.80, 100, 74232, 70
2026/07/30 02:06:08.325, 299.40, 100, 74232, 70
2026/07/30 02:06:09.362, 301.25, 100, 74232, 70
2026/07/30 02:06:10.399, 299.19, 100, 74232, 70
2026/07/30 02:06:11.437, 294.12, 100, 74232, 69
2026/07/30 02:06:12.477, 300.67, 100, 74232, 70
2026/07/30 02:06:13.514, 296.85, 100, 74232, 70
2026/07/30 02:06:14.555, 298.12, 100, 74232, 69
2026/07/30 02:06:15.595, 291.60, 100, 74232, 69
2026/07/30 02:06:16.633, 304.70, 100, 74232, 71
2026/07/30 02:06:17.669, 308.76, 100, 74232, 71
2026/07/30 02:06:18.705, 297.26, 100, 74232, 71
2026/07/30 02:06:19.740, 313.47, 100, 74232, 71
2026/07/30 02:06:20.775, 322.05, 100, 74232, 71
2026/07/30 02:06:21.810, 304.84, 100, 74232, 71
2026/07/30 02:06:22.855, 300.18, 100, 74232, 69
2026/07/30 02:06:23.893, 301.82, 100, 74232, 69
2026/07/30 02:06:24.930, 298.88, 100, 74232, 69
2026/07/30 02:06:25.968, 302.60, 100, 74232, 70
2026/07/30 02:06:27.006, 292.07, 100, 74232, 70
2026/07/30 02:06:28.046, 293.55, 100, 74232, 70
2026/07/30 02:06:29.084, 295.97, 100, 74232, 70
2026/07/30 02:06:30.124, 290.52, 100, 74232, 70
2026/07/30 02:06:31.162, 301.91, 100, 74232, 70
2026/07/30 02:06:32.201, 303.48, 100, 74232, 70
2026/07/30 02:06:33.240, 297.74, 100, 74232, 70
2026/07/30 02:06:34.277, 295.29, 100, 74232, 70
2026/07/30 02:06:35.315, 297.16, 100, 74232, 70
2026/07/30 02:06:36.353, 294.04, 100, 74232, 70
2026/07/30 02:06:37.389, 295.00, 100, 74232, 70
2026/07/30 02:06:38.426, 296.77, 100, 74232, 70
2026/07/30 02:06:39.464, 295.01, 100, 74232, 70
2026/07/30 02:06:40.502, 295.20, 100, 74232, 70
2026/07/30 02:06:41.540, 297.55, 100, 74232, 70
2026/07/30 02:06:42.579, 300.08, 100, 74232, 70
2026/07/30 02:06:43.617, 299.49, 100, 74232, 70
2026/07/30 02:06:44.655, 297.54, 100, 74232, 70
2026/07/30 02:06:45.693, 301.92, 100, 74232, 70
2026/07/30 02:06:46.731, 302.81, 100, 74232, 70
2026/07/30 02:06:47.768, 296.07, 100, 74232, 70
2026/07/30 02:06:48.805, 302.22, 100, 74232, 70
2026/07/30 02:06:49.842, 103.61, 74, 74232, 67
2026/07/30 02:06:50.875, 302.12, 100, 74232, 71
2026/07/30 02:06:51.911, 289.37, 100, 74232, 71
2026/07/30 02:06:52.953, 312.04, 100, 74232, 71
2026/07/30 02:06:53.988, 292.98, 100, 74232, 71
2026/07/30 02:06:55.028, 278.03, 100, 74232, 71
2026/07/30 02:06:56.066, 300.31, 100, 74232, 71
2026/07/30 02:06:57.105, 297.14, 100, 74232, 70
2026/07/30 02:06:58.143, 297.06, 100, 74232, 69
2026/07/30 02:06:59.180, 302.22, 100, 74232, 70
2026/07/30 02:07:00.226, 300.54, 100, 74232, 70
2026/07/30 02:07:01.265, 301.93, 100, 74232, 70
2026/07/30 02:07:02.303, 304.26, 100, 74232, 70
2026/07/30 02:07:03.341, 300.86, 100, 74232, 70
2026/07/30 02:07:04.379, 302.61, 100, 74232, 70
2026/07/30 02:07:05.417, 303.38, 100, 74232, 70
2026/07/30 02:07:06.455, 302.59, 100, 74232, 70
2026/07/30 02:07:07.495, 293.64, 100, 74232, 70
2026/07/30 02:07:08.533, 300.50, 100, 74232, 70
2026/07/30 02:07:09.571, 299.11, 100, 74232, 70
2026/07/30 02:07:10.610, 300.84, 100, 74232, 70
2026/07/30 02:07:11.649, 294.52, 100, 74232, 72
2026/07/30 02:07:12.686, 296.74, 100, 74232, 72
2026/07/30 02:07:13.726, 307.96, 100, 74232, 72
2026/07/30 02:07:14.762, 300.77, 100, 74232, 72
2026/07/30 02:07:15.798, 310.08, 100, 74232, 72
2026/07/30 02:07:16.840, 274.23, 100, 74232, 71
2026/07/30 02:07:17.875, 293.18, 100, 74232, 72
2026/07/30 02:07:18.911, 285.75, 100, 74232, 70
2026/07/30 02:07:19.949, 288.86, 100, 74232, 70
2026/07/30 02:07:20.987, 296.78, 100, 74232, 70
2026/07/30 02:07:22.026, 287.80, 100, 74232, 70
2026/07/30 02:07:23.068, 287.70, 100, 74232, 70
2026/07/30 02:07:24.106, 293.66, 100, 74232, 70
2026/07/30 02:07:25.144, 297.18, 100, 74232, 70
2026/07/30 02:07:26.182, 294.53, 100, 74232, 70
2026/07/30 02:07:27.220, 296.96, 100, 74232, 70
2026/07/30 02:07:28.261, 296.94, 100, 74232, 70
2026/07/30 02:07:29.298, 294.04, 100, 74232, 70
2026/07/30 02:07:30.337, 296.77, 100, 74232, 70
2026/07/30 02:07:31.375, 295.89, 100, 74232, 70
2026/07/30 02:07:32.413, 304.97, 100, 74232, 70
2026/07/30 02:07:33.452, 302.91, 100, 74232, 70
2026/07/30 02:07:34.489, 302.47, 100, 74232, 70
2026/07/30 02:07:35.528, 301.55, 100, 74232, 70
2026/07/30 02:07:36.566, 305.42, 100, 74232, 70
2026/07/30 02:07:37.603, 303.38, 100, 74232, 70
2026/07/30 02:07:38.641, 303.86, 100, 74232, 70
2026/07/30 02:07:39.680, 308.45, 100, 74232, 70
2026/07/30 02:07:40.718, 297.76, 100, 74232, 70
2026/07/30 02:07:41.755, 295.89, 100, 74232, 70
2026/07/30 02:07:42.798, 296.47, 100, 74232, 70
2026/07/30 02:07:43.836, 293.74, 100, 74232, 70
2026/07/30 02:07:44.874, 300.48, 100, 74232, 70
2026/07/30 02:07:45.913, 303.19, 100, 74232, 70
2026/07/30 02:07:46.951, 299.68, 100, 74232, 70
2026/07/30 02:07:47.989, 298.83, 100, 74232, 70
2026/07/30 02:07:49.026, 302.33, 100, 74232, 70
2026/07/30 02:07:50.065, 304.16, 100, 74232, 70
2026/07/30 02:07:51.103, 303.39, 100, 74232, 70
2026/07/30 02:07:52.141, 298.14, 100, 74232, 70
2026/07/30 02:07:53.181, 302.80, 100, 74232, 70
2026/07/30 02:07:54.218, 302.90, 100, 74232, 70
2026/07/30 02:07:55.257, 304.37, 100, 74232, 70
2026/07/30 02:07:56.294, 301.32, 100, 74232, 70
2026/07/30 02:07:57.332, 297.45, 100, 74232, 70
2026/07/30 02:07:58.369, 302.71, 100, 74232, 70
2026/07/30 02:07:59.407, 296.96, 100, 74232, 70
2026/07/30 02:08:00.445, 294.73, 100, 74232, 70
2026/07/30 02:08:01.484, 294.90, 100, 74232, 70
2026/07/30 02:08:02.522, 296.17, 100, 74232, 70
2026/07/30 02:08:03.560, 296.75, 100, 74232, 70
2026/07/30 02:08:04.598, 302.40, 100, 74232, 70
2026/07/30 02:08:05.637, 300.67, 100, 74232, 70
2026/07/30 02:08:06.674, 303.59, 100, 74232, 70
2026/07/30 02:08:07.712, 292.98, 100, 74232, 70
2026/07/30 02:08:08.750, 298.41, 100, 74232, 70
2026/07/30 02:08:09.789, 292.87, 100, 74232, 70
2026/07/30 02:08:10.827, 302.70, 100, 74232, 70
2026/07/30 02:08:11.866, 299.11, 100, 74232, 70
2026/07/30 02:08:12.905, 303.49, 100, 74232, 70
2026/07/30 02:08:13.942, 307.59, 100, 74232, 70
2026/07/30 02:08:14.981, 303.93, 100, 74232, 70
2026/07/30 02:08:16.018, 294.33, 100, 74232, 70
2026/07/30 02:08:17.059, 303.97, 100, 74232, 70
2026/07/30 02:08:18.096, 295.88, 100, 74232, 70
2026/07/30 02:08:19.133, 306.62, 100, 74232, 70
2026/07/30 02:08:20.173, 292.77, 100, 74232, 70
2026/07/30 02:08:21.211, 302.12, 100, 74232, 70
2026/07/30 02:08:22.248, 304.16, 100, 74232, 70
2026/07/30 02:08:23.287, 300.66, 100, 74232, 70
2026/07/30 02:08:24.328, 298.14, 100, 74232, 70
2026/07/30 02:08:25.364, 305.73, 100, 74232, 70
2026/07/30 02:08:26.402, 303.78, 100, 74232, 70
2026/07/30 02:08:27.439, 303.39, 100, 74232, 70
2026/07/30 02:08:28.478, 296.57, 100, 74232, 69
2026/07/30 02:08:29.518, 295.70, 100, 74232, 69
2026/07/30 02:08:30.556, 303.79, 100, 74232, 70
2026/07/30 02:08:31.594, 303.88, 100, 74232, 69
2026/07/30 02:08:32.630, 300.77, 100, 74232, 69
2026/07/30 02:08:33.667, 303.68, 100, 74232, 69
2026/07/30 02:08:34.703, 303.19, 100, 74232, 69
2026/07/30 02:08:35.741, 305.61, 100, 74232, 69
2026/07/30 02:08:36.778, 301.71, 100, 74232, 69
2026/07/30 02:08:37.817, 300.66, 100, 74232, 69
2026/07/30 02:08:38.854, 302.75, 100, 74232, 69
2026/07/30 02:08:39.892, 307.58, 100, 74232, 69
2026/07/30 02:08:40.928, 299.11, 100, 74232, 69
2026/07/30 02:08:41.967, 301.53, 100, 74232, 69
2026/07/30 02:08:43.004, 301.63, 100, 74232, 69
2026/07/30 02:08:44.042, 299.39, 100, 74232, 69
2026/07/30 02:08:45.078, 298.71, 100, 74232, 69
2026/07/30 02:08:46.115, 302.58, 100, 74232, 70
2026/07/30 02:08:47.151, 303.39, 100, 74232, 70
2026/07/30 02:08:48.189, 303.64, 100, 74232, 70
2026/07/30 02:08:49.226, 307.37, 100, 74232, 70
2026/07/30 02:08:50.263, 301.63, 100, 74232, 70
2026/07/30 02:08:51.301, 300.86, 100, 74232, 70
2026/07/30 02:08:52.337, 299.49, 100, 74232, 70
2026/07/30 02:08:53.374, 299.88, 100, 74232, 70
2026/07/30 02:08:54.411, 294.21, 100, 74232, 70
2026/07/30 02:08:55.450, 290.71, 100, 74232, 70
2026/07/30 02:08:56.487, 295.69, 100, 74232, 70
2026/07/30 02:08:57.527, 297.06, 100, 74232, 70
2026/07/30 02:08:58.565, 296.66, 100, 74232, 70
2026/07/30 02:08:59.602, 294.23, 100, 74232, 70
2026/07/30 02:09:00.640, 292.68, 100, 74232, 70
2026/07/30 02:09:01.683, 302.41, 100, 74232, 70
2026/07/30 02:09:02.720, 303.70, 100, 74232, 70
2026/07/30 02:09:03.758, 301.34, 100, 74232, 70
2026/07/30 02:09:04.795, 298.42, 100, 74232, 70
2026/07/30 02:09:05.831, 302.56, 100, 74232, 70
2026/07/30 02:09:06.872, 293.36, 100, 74232, 70
2026/07/30 02:09:07.908, 303.20, 100, 74232, 70
2026/07/30 02:09:08.947, 298.12, 100, 74232, 70
2026/07/30 02:09:09.984, 300.76, 100, 74232, 70
2026/07/30 02:09:11.021, 302.03, 100, 74232, 70
2026/07/30 02:09:12.057, 294.62, 100, 74232, 70
2026/07/30 02:09:13.094, 295.11, 100, 74232, 70
2026/07/30 02:09:14.131, 292.96, 100, 74232, 69
2026/07/30 02:09:15.169, 297.55, 100, 74232, 70
2026/07/30 02:09:16.205, 293.36, 100, 74232, 70
2026/07/30 02:09:17.242, 295.89, 100, 74232, 70
2026/07/30 02:09:18.282, 298.79, 100, 74232, 70
2026/07/30 02:09:19.319, 303.46, 100, 74232, 70
2026/07/30 02:09:20.357, 293.93, 100, 74232, 70
2026/07/30 02:09:21.394, 302.50, 100, 74232, 70
2026/07/30 02:09:22.440, 296.48, 100, 74232, 70
2026/07/30 02:09:23.478, 296.77, 100, 74232, 70
2026/07/30 02:09:24.516, 295.01, 100, 74232, 70
2026/07/30 02:09:25.553, 295.11, 100, 74232, 70
2026/07/30 02:09:26.591, 295.98, 100, 74232, 70
2026/07/30 02:09:27.631, 304.26, 100, 74232, 70
2026/07/30 02:09:28.668, 303.97, 100, 74232, 70
2026/07/30 02:09:29.706, 300.27, 100, 74232, 70
2026/07/30 02:09:30.743, 303.57, 100, 74232, 70
2026/07/30 02:09:31.782, 302.90, 100, 74232, 70
2026/07/30 02:09:32.819, 303.78, 100, 74232, 70
2026/07/30 02:09:33.857, 299.89, 100, 74232, 70
2026/07/30 02:09:34.893, 299.85, 100, 74232, 70
2026/07/30 02:09:35.932, 300.85, 100, 74232, 70
2026/07/30 02:09:36.971, 298.13, 100, 74232, 70
2026/07/30 02:09:38.008, 296.96, 100, 74232, 70
2026/07/30 02:09:39.048, 296.67, 100, 74232, 69
2026/07/30 02:09:40.086, 290.23, 100, 74232, 69
2026/07/30 02:09:41.123, 296.08, 100, 74232, 69
2026/07/30 02:09:42.161, 297.16, 100, 74232, 70
2026/07/30 02:09:43.200, 301.25, 100, 74232, 70
2026/07/30 02:09:44.240, 300.29, 100, 74232, 70
2026/07/30 02:09:45.277, 293.64, 100, 74232, 69
2026/07/30 02:09:46.314, 293.26, 100, 74232, 69
2026/07/30 02:09:47.352, 295.39, 100, 74232, 69
2026/07/30 02:09:48.390, 295.11, 100, 74232, 69
2026/07/30 02:09:49.428, 296.39, 100, 74232, 70
2026/07/30 02:09:50.467, 299.30, 100, 74232, 70
2026/07/30 02:09:51.506, 293.17, 100, 74232, 69
2026/07/30 02:09:52.545, 300.38, 100, 74232, 70
2026/07/30 02:09:53.585, 302.90, 100, 74232, 70
2026/07/30 02:09:54.622, 301.92, 100, 74232, 70
2026/07/30 02:09:55.658, 303.16, 100, 74232, 70
2026/07/30 02:09:56.696, 292.96, 100, 74232, 69
2026/07/30 02:09:57.733, 295.30, 100, 74232, 69
2026/07/30 02:09:58.770, 301.55, 100, 74232, 70
2026/07/30 02:09:59.811, 294.82, 100, 74232, 69
2026/07/30 02:10:00.848, 295.99, 100, 74232, 69
2026/07/30 02:10:01.886, 295.70, 100, 74232, 69
2026/07/30 02:10:02.927, 296.18, 100, 74232, 70
2026/07/30 02:10:03.965, 299.48, 100, 74232, 70
2026/07/30 02:10:05.002, 306.20, 100, 74232, 70
2026/07/30 02:10:06.040, 301.05, 100, 74232, 70
2026/07/30 02:10:07.077, 302.32, 100, 74232, 70
2026/07/30 02:10:08.118, 298.11, 100, 74232, 69
2026/07/30 02:10:09.156, 303.10, 100, 74232, 69
2026/07/30 02:10:10.192, 306.80, 100, 74232, 69
2026/07/30 02:10:11.230, 297.06, 100, 74232, 69
2026/07/30 02:10:12.268, 300.77, 100, 74232, 69
2026/07/30 02:10:13.306, 301.83, 100, 74232, 69
2026/07/30 02:10:14.343, 298.22, 100, 74232, 69
2026/07/30 02:10:15.382, 303.11, 100, 74232, 69
2026/07/30 02:10:16.420, 303.59, 100, 74232, 69
2026/07/30 02:10:17.458, 295.69, 100, 74232, 69
2026/07/30 02:10:18.496, 299.78, 100, 74232, 69
2026/07/30 02:10:19.534, 292.19, 100, 74232, 69
2026/07/30 02:10:20.572, 296.66, 100, 74232, 69
2026/07/30 02:10:21.610, 295.30, 100, 74232, 69
2026/07/30 02:10:22.648, 295.79, 100, 74232, 69
2026/07/30 02:10:23.688, 291.38, 100, 74232, 69
2026/07/30 02:10:24.728, 304.36, 100, 74232, 69
2026/07/30 02:10:25.765, 93.95, 0, 74232, 66
2026/07/30 02:10:26.798, 296.69, 100, 74232, 70
2026/07/30 02:10:27.841, 307.81, 100, 74232, 70
2026/07/30 02:10:28.876, 301.52, 100, 74232, 70
2026/07/30 02:10:29.911, 310.79, 100, 74232, 71
2026/07/30 02:10:30.954, 300.73, 100, 74232, 70
2026/07/30 02:10:31.989, 305.05, 100, 74232, 71
2026/07/30 02:10:33.025, 301.10, 100, 74232, 69
2026/07/30 02:10:34.062, 302.90, 100, 74232, 69
2026/07/30 02:10:35.101, 305.73, 100, 74232, 69
2026/07/30 02:10:36.141, 298.52, 100, 74232, 69
2026/07/30 02:10:37.180, 296.75, 100, 74232, 69
2026/07/30 02:10:38.219, 93.21, 49, 74232, 70
2026/07/30 02:10:39.258, 301.84, 100, 74232, 69
2026/07/30 02:10:40.297, 294.63, 100, 74232, 69
2026/07/30 02:10:41.335, 302.98, 100, 74232, 69
2026/07/30 02:10:42.376, 302.42, 100, 74232, 69
2026/07/30 02:10:43.415, 298.85, 100, 74232, 69
2026/07/30 02:10:44.453, 291.89, 100, 74232, 69
2026/07/30 02:10:45.493, 297.53, 100, 74232, 69
2026/07/30 02:10:46.532, 297.74, 100, 74232, 69
2026/07/30 02:10:47.569, 299.29, 100, 74232, 70
2026/07/30 02:10:48.606, 298.21, 100, 74232, 70
2026/07/30 02:10:49.643, 301.93, 100, 74232, 70
2026/07/30 02:10:50.681, 301.15, 100, 74232, 70
2026/07/30 02:10:51.718, 300.72, 100, 74232, 70
2026/07/30 02:10:52.758, 301.83, 100, 74232, 70
2026/07/30 02:10:53.796, 302.71, 100, 74232, 70
2026/07/30 02:10:54.837, 300.57, 100, 74232, 70
2026/07/30 02:10:55.875, 303.68, 100, 74232, 70
2026/07/30 02:10:56.913, 302.20, 100, 74232, 70
2026/07/30 02:10:57.955, 300.77, 100, 74232, 70
2026/07/30 02:10:58.993, 299.90, 100, 74232, 70
2026/07/30 02:11:00.032, 299.17, 100, 74232, 70
2026/07/30 02:11:01.071, 304.27, 100, 74232, 70
2026/07/30 02:11:02.111, 307.30, 100, 74232, 70
2026/07/30 02:11:03.149, 300.27, 100, 74232, 70
2026/07/30 02:11:04.193, 302.82, 100, 74232, 70
2026/07/30 02:11:05.231, 296.20, 100, 74232, 70
2026/07/30 02:11:06.270, 292.95, 100, 74232, 70
2026/07/30 02:11:07.308, 291.51, 100, 74232, 70
2026/07/30 02:11:08.346, 291.01, 100, 74232, 70
2026/07/30 02:11:09.386, 294.21, 100, 74232, 70
2026/07/30 02:11:10.427, 302.41, 100, 74232, 70
2026/07/30 02:11:11.465, 300.96, 100, 74232, 70
2026/07/30 02:11:12.502, 301.05, 100, 74232, 70
2026/07/30 02:11:13.540, 299.61, 100, 74232, 70
2026/07/30 02:11:14.577, 301.34, 100, 74232, 70
2026/07/30 02:11:15.615, 301.44, 100, 74232, 70
2026/07/30 02:11:16.653, 295.80, 100, 74232, 70
2026/07/30 02:11:17.695, 303.08, 100, 74232, 70
2026/07/30 02:11:18.735, 303.22, 100, 74232, 70
2026/07/30 02:11:19.773, 291.89, 100, 74232, 70
2026/07/30 02:11:20.816, 295.60, 100, 74232, 70
2026/07/30 02:11:21.856, 299.67, 100, 74232, 70
2026/07/30 02:11:22.894, 306.29, 100, 74232, 70
2026/07/30 02:11:23.933, 299.98, 100, 74232, 70
2026/07/30 02:11:24.969, 300.18, 100, 74232, 70
2026/07/30 02:11:26.008, 300.25, 100, 74232, 70
2026/07/30 02:11:27.045, 300.86, 100, 74232, 70
2026/07/30 02:11:28.083, 303.84, 100, 74232, 70
2026/07/30 02:11:29.120, 302.40, 100, 74232, 70
2026/07/30 02:11:30.159, 301.85, 100, 74232, 70
2026/07/30 02:11:31.196, 301.83, 100, 74232, 70
2026/07/30 02:11:32.236, 298.41, 100, 74232, 70
2026/07/30 02:11:33.272, 302.63, 100, 74232, 70
2026/07/30 02:11:34.311, 300.58, 100, 74232, 70
2026/07/30 02:11:35.351, 293.15, 100, 74232, 70
2026/07/30 02:11:36.389, 302.52, 100, 74232, 70
2026/07/30 02:11:37.428, 300.67, 100, 74232, 70
2026/07/30 02:11:38.465, 299.50, 100, 74232, 70
2026/07/30 02:11:39.509, 302.42, 100, 74232, 70
2026/07/30 02:11:40.546, 303.50, 100, 74232, 70
2026/07/30 02:11:41.582, 298.10, 100, 74232, 70
2026/07/30 02:11:42.620, 302.99, 100, 74232, 70
2026/07/30 02:11:43.658, 302.01, 100, 74232, 70
2026/07/30 02:11:44.696, 303.98, 100, 74232, 70
2026/07/30 02:11:45.732, 297.23, 100, 74232, 70
2026/07/30 02:11:46.772, 301.64, 100, 74232, 70
2026/07/30 02:11:47.809, 303.01, 100, 74232, 70
2026/07/30 02:11:48.846, 304.16, 100, 74232, 70
2026/07/30 02:11:49.884, 301.29, 100, 74232, 70
2026/07/30 02:11:50.922, 301.85, 100, 74232, 70
2026/07/30 02:11:51.961, 301.50, 100, 74232, 70
2026/07/30 02:11:52.998, 302.81, 100, 74232, 70
2026/07/30 02:11:54.035, 301.24, 100, 74232, 70
2026/07/30 02:11:55.072, 301.82, 100, 74232, 70
2026/07/30 02:11:56.110, 301.63, 100, 74232, 70
2026/07/30 02:11:57.147, 295.78, 100, 74232, 69
2026/07/30 02:11:58.185, 295.22, 100, 74232, 69
2026/07/30 02:11:59.222, 295.30, 100, 74232, 69
2026/07/30 02:12:00.259, 300.56, 100, 74232, 69
2026/07/30 02:12:01.296, 297.83, 100, 74232, 69
2026/07/30 02:12:02.333, 300.85, 100, 74232, 69
2026/07/30 02:12:03.372, 300.94, 100, 74232, 69
2026/07/30 02:12:04.409, 302.87, 100, 74232, 71
2026/07/30 02:12:05.446, 301.14, 100, 74232, 71
2026/07/30 02:12:06.481, 304.24, 100, 74232, 71
2026/07/30 02:12:07.515, 302.48, 100, 74232, 71
2026/07/30 02:12:08.560, 307.95, 100, 74232, 71
2026/07/30 02:12:09.594, 301.71, 100, 74232, 69
2026/07/30 02:12:10.633, 298.52, 100, 74232, 69
2026/07/30 02:12:11.670, 299.58, 100, 74232, 69
2026/07/30 02:12:12.706, 298.22, 100, 74232, 69
2026/07/30 02:12:13.743, 301.05, 100, 74232, 69
2026/07/30 02:12:14.781, 302.51, 100, 74232, 69
2026/07/30 02:12:15.818, 301.53, 100, 74232, 69
2026/07/30 02:12:16.855, 295.01, 100, 74232, 69
2026/07/30 02:12:17.895, 290.74, 100, 74232, 69
2026/07/30 02:12:18.933, 297.95, 100, 74232, 69
2026/07/30 02:12:19.975, 299.49, 100, 74232, 69
2026/07/30 02:12:21.013, 299.87, 100, 74232, 69
2026/07/30 02:12:22.049, 302.78, 100, 74232, 70
2026/07/30 02:12:23.087, 297.74, 100, 74232, 69
2026/07/30 02:12:24.124, 301.44, 100, 74232, 70
2026/07/30 02:12:25.163, 306.61, 100, 74232, 70
2026/07/30 02:12:26.200, 299.49, 100, 74232, 70
2026/07/30 02:12:27.237, 302.02, 100, 74232, 69
2026/07/30 02:12:28.273, 296.57, 100, 74232, 69
2026/07/30 02:12:29.309, 302.79, 100, 74232, 69
2026/07/30 02:12:30.346, 292.07, 100, 74232, 69
2026/07/30 02:12:31.385, 296.67, 100, 74232, 70
2026/07/30 02:12:32.421, 295.41, 100, 74232, 69
2026/07/30 02:12:33.457, 299.21, 100, 74232, 70
2026/07/30 02:12:34.493, 305.81, 100, 74232, 70
2026/07/30 02:12:35.544, 299.28, 100, 74232, 69
2026/07/30 02:12:36.581, 300.64, 100, 74232, 70
2026/07/30 02:12:37.618, 301.93, 100, 74232, 70
2026/07/30 02:12:38.666, 302.42, 100, 74232, 69
2026/07/30 02:12:39.706, 295.68, 100, 74232, 69
2026/07/30 02:12:40.742, 294.04, 100, 74232, 69
2026/07/30 02:12:41.787, 302.90, 100, 74232, 69
2026/07/30 02:12:42.826, 303.28, 100, 74232, 70
2026/07/30 02:12:43.862, 302.42, 100, 74232, 70
2026/07/30 02:12:44.901, 303.49, 100, 74232, 70
2026/07/30 02:12:45.938, 296.86, 100, 74232, 69
2026/07/30 02:12:46.978, 300.64, 100, 74232, 69
2026/07/30 02:12:48.016, 297.44, 100, 74232, 69
2026/07/30 02:12:49.053, 296.95, 100, 74232, 69
2026/07/30 02:12:50.089, 303.35, 100, 74232, 70
2026/07/30 02:12:51.124, 292.86, 100, 74232, 69
2026/07/30 02:12:52.161, 303.68, 100, 74232, 70
2026/07/30 02:12:53.198, 303.70, 100, 74232, 70
2026/07/30 02:12:54.236, 301.32, 100, 74232, 69
2026/07/30 02:12:55.273, 295.97, 100, 74232, 69
2026/07/30 02:12:56.311, 295.90, 100, 74232, 69
2026/07/30 02:12:57.349, 295.00, 100, 74232, 69
2026/07/30 02:12:58.389, 295.59, 100, 74232, 69
2026/07/30 02:12:59.426, 291.49, 100, 74232, 69
2026/07/30 02:13:00.462, 291.49, 100, 74232, 69
2026/07/30 02:13:01.499, 297.62, 100, 74232, 69
2026/07/30 02:13:02.536, 291.98, 100, 74232, 69
2026/07/30 02:13:03.573, 295.01, 100, 74232, 69
2026/07/30 02:13:04.610, 291.59, 100, 74232, 69
2026/07/30 02:13:05.651, 298.81, 100, 74232, 69
2026/07/30 02:13:06.689, 300.77, 100, 74232, 69
2026/07/30 02:13:07.727, 299.39, 100, 74232, 69
2026/07/30 02:13:08.765, 302.31, 100, 74232, 70
2026/07/30 02:13:09.802, 302.80, 100, 74232, 70
2026/07/30 02:13:10.840, 301.42, 100, 74232, 70
2026/07/30 02:13:11.877, 295.04, 100, 74232, 71
2026/07/30 02:13:12.945, 300.79, 100, 74232, 71
2026/07/30 02:13:13.982, 302.70, 100, 74232, 71
2026/07/30 02:13:15.021, 308.78, 100, 74232, 71
2026/07/30 02:13:16.055, 286.92, 100, 74232, 71
2026/07/30 02:13:17.090, 283.03, 100, 74232, 71
2026/07/30 02:13:18.127, 301.43, 100, 74232, 69
2026/07/30 02:13:19.165, 295.78, 100, 74232, 69
2026/07/30 02:13:20.204, 293.83, 100, 74232, 69
2026/07/30 02:13:21.242, 295.40, 100, 74232, 69
2026/07/30 02:13:22.280, 291.87, 100, 74232, 69
2026/07/30 02:13:23.318, 297.56, 57, 74232, 71
2026/07/30 02:13:24.352, 292.12, 100, 74232, 71
2026/07/30 02:13:25.387, 297.49, 100, 74232, 71
2026/07/30 02:13:26.424, 312.05, 100, 74232, 72
2026/07/30 02:13:27.459, 290.73, 100, 74232, 71
2026/07/30 02:13:28.495, 313.89, 100, 74232, 72
2026/07/30 02:13:29.529, 301.43, 100, 74232, 70
2026/07/30 02:13:30.566, 303.78, 100, 74232, 70
2026/07/30 02:13:31.602, 301.12, 100, 74232, 70
2026/07/30 02:13:32.641, 303.58, 100, 74232, 70
2026/07/30 02:13:33.678, 304.46, 100, 74232, 70
2026/07/30 02:13:34.715, 302.60, 100, 74232, 70
2026/07/30 02:13:35.752, 303.88, 100, 74232, 70
2026/07/30 02:13:36.788, 296.99, 33, 74232, 71
2026/07/30 02:13:37.824, 297.38, 100, 74232, 71
2026/07/30 02:13:38.867, 315.22, 100, 74232, 71
2026/07/30 02:13:39.901, 279.51, 100, 74232, 71
2026/07/30 02:13:40.937, 296.23, 100, 74232, 72
2026/07/30 02:13:41.978, 284.86, 100, 74232, 72
2026/07/30 02:13:43.016, 292.98, 100, 74232, 70
2026/07/30 02:13:44.053, 300.83, 100, 74232, 70
2026/07/30 02:13:45.091, 303.19, 100, 74232, 70
2026/07/30 02:13:46.128, 300.82, 100, 74232, 70
2026/07/30 02:13:47.165, 94.64, 54, 74232, 71
2026/07/30 02:13:48.200, 299.02, 100, 74232, 72
2026/07/30 02:13:49.235, 303.91, 100, 74232, 72
2026/07/30 02:13:50.279, 298.16, 100, 74232, 72
2026/07/30 02:13:51.314, 309.87, 100, 74232, 72
2026/07/30 02:13:52.348, 299.61, 100, 74232, 72
2026/07/30 02:13:53.384, 302.88, 100, 74232, 72
2026/07/30 02:13:54.424, 300.35, 100, 74232, 70
2026/07/30 02:13:55.461, 300.95, 100, 74232, 70
2026/07/30 02:13:56.497, 303.58, 100, 74232, 70
2026/07/30 02:13:57.539, 307.38, 100, 74232, 70
2026/07/30 02:13:58.575, 290.92, 100, 74232, 70
2026/07/30 02:13:59.616, 296.66, 100, 74232, 70
2026/07/30 02:14:00.654, 298.03, 100, 74232, 70
2026/07/30 02:14:01.692, 286.73, 100, 74232, 70
2026/07/30 02:14:02.731, 288.67, 100, 74232, 70
2026/07/30 02:14:03.768, 291.30, 100, 74232, 70
2026/07/30 02:14:04.809, 301.85, 100, 74232, 70
2026/07/30 02:14:05.848, 295.20, 100, 74232, 71
2026/07/30 02:14:06.885, 297.73, 100, 74232, 70
2026/07/30 02:14:07.921, 303.19, 100, 74232, 70
2026/07/30 02:14:08.957, 294.32, 100, 74232, 70
2026/07/30 02:14:09.996, 304.34, 100, 74232, 70
2026/07/30 02:14:11.032, 300.14, 100, 74232, 70
2026/07/30 02:14:12.069, 300.77, 100, 74232, 70
2026/07/30 02:14:13.106, 304.51, 100, 74232, 70
2026/07/30 02:14:14.143, 304.07, 100, 74232, 70
2026/07/30 02:14:15.179, 305.14, 100, 74232, 70
2026/07/30 02:14:16.216, 306.61, 100, 74232, 70
2026/07/30 02:14:17.255, 301.34, 100, 74232, 70
2026/07/30 02:14:18.292, 301.35, 100, 74232, 70
2026/07/30 02:14:19.329, 301.63, 100, 74232, 70
2026/07/30 02:14:20.368, 296.47, 100, 74232, 70
2026/07/30 02:14:21.405, 304.06, 100, 74232, 70
2026/07/30 02:14:22.443, 304.79, 100, 74232, 70
2026/07/30 02:14:23.480, 300.15, 100, 74232, 70
2026/07/30 02:14:24.517, 304.57, 100, 74232, 70
2026/07/30 02:14:25.554, 304.65, 100, 74232, 70
2026/07/30 02:14:26.591, 301.43, 100, 74232, 70
2026/07/30 02:14:27.627, 303.87, 100, 74232, 70
2026/07/30 02:14:28.663, 293.25, 100, 74232, 70
2026/07/30 02:14:29.701, 293.45, 100, 74232, 70
2026/07/30 02:14:30.737, 303.01, 100, 74232, 70
2026/07/30 02:14:31.774, 302.99, 100, 74232, 70
2026/07/30 02:14:32.810, 304.60, 100, 74232, 70
2026/07/30 02:14:33.847, 302.50, 100, 74232, 70
2026/07/30 02:14:34.883, 304.16, 100, 74232, 70
2026/07/30 02:14:35.919, 296.49, 75, 74232, 71
2026/07/30 02:14:36.954, 295.78, 100, 74232, 71
2026/07/30 02:14:37.990, 303.16, 100, 74232, 71
2026/07/30 02:14:39.026, 305.53, 100, 74232, 71
2026/07/30 02:14:40.064, 305.57, 100, 74232, 71
2026/07/30 02:14:41.099, 266.12, 100, 74232, 71
2026/07/30 02:14:42.134, 294.06, 100, 74232, 71
2026/07/30 02:14:43.169, 299.10, 100, 74232, 69
2026/07/30 02:14:44.205, 301.93, 100, 74232, 69
2026/07/30 02:14:45.242, 302.80, 100, 74232, 69
2026/07/30 02:14:46.280, 299.93, 100, 74232, 69
2026/07/30 02:14:47.317, 93.90, 0, 74232, 68
2026/07/30 02:14:48.423, 296.30, 100, 74232, 71
2026/07/30 02:14:49.460, 302.07, 100, 74232, 71
2026/07/30 02:14:50.506, 305.85, 100, 74232, 71
2026/07/30 02:14:51.542, 279.80, 100, 74232, 71
2026/07/30 02:14:52.578, 277.37, 100, 74232, 71
2026/07/30 02:14:53.622, 289.86, 100, 74232, 71
2026/07/30 02:14:54.663, 303.27, 100, 74232, 70
2026/07/30 02:14:55.703, 303.58, 100, 74232, 70
2026/07/30 02:14:56.740, 301.14, 100, 74232, 70
2026/07/30 02:14:57.780, 302.71, 100, 74232, 70
2026/07/30 02:14:58.816, 294.41, 58, 74232, 71
2026/07/30 02:14:59.854, 290.83, 100, 74232, 71
2026/07/30 02:15:00.891, 306.55, 100, 74232, 71
2026/07/30 02:15:01.928, 278.09, 100, 74232, 71
2026/07/30 02:15:02.963, 286.53, 100, 74232, 71
2026/07/30 02:15:03.998, 311.00, 100, 74232, 72
2026/07/30 02:15:05.034, 314.84, 100, 74232, 72
2026/07/30 02:15:06.071, 302.80, 100, 74232, 70
2026/07/30 02:15:07.109, 304.16, 100, 74232, 70
2026/07/30 02:15:08.147, 301.63, 100, 74232, 70
2026/07/30 02:15:09.185, 304.04, 100, 74232, 70
2026/07/30 02:15:10.223, 303.56, 100, 74232, 72
2026/07/30 02:15:11.258, 287.80, 100, 74232, 72
2026/07/30 02:15:12.297, 304.77, 100, 74232, 72
2026/07/30 02:15:13.333, 288.29, 100, 74232, 72
2026/07/30 02:15:14.368, 298.32, 100, 74232, 72
2026/07/30 02:15:15.404, 309.77, 100, 74232, 72
2026/07/30 02:15:16.446, 268.83, 100, 74232, 72
2026/07/30 02:15:17.482, 303.06, 100, 74232, 70
2026/07/30 02:15:18.520, 297.74, 100, 74232, 70
2026/07/30 02:15:19.558, 293.83, 100, 74232, 70
2026/07/30 02:15:20.597, 294.51, 100, 74232, 71
2026/07/30 02:15:21.635, 291.49, 100, 74232, 70
2026/07/30 02:15:22.674, 297.73, 100, 74232, 71
2026/07/30 02:15:23.715, 298.02, 100, 74232, 71
2026/07/30 02:15:24.754, 295.70, 100, 74232, 71
2026/07/30 02:15:25.795, 296.47, 100, 74232, 71
2026/07/30 02:15:26.832, 297.65, 100, 74232, 71
2026/07/30 02:15:27.868, 298.13, 100, 74232, 71
2026/07/30 02:15:28.905, 300.96, 100, 74232, 71
2026/07/30 02:15:29.941, 297.36, 100, 74232, 71
2026/07/30 02:15:30.978, 304.86, 100, 74232, 71
2026/07/30 02:15:32.015, 301.73, 100, 74232, 71
2026/07/30 02:15:33.052, 297.52, 100, 74232, 71
2026/07/30 02:15:34.088, 301.44, 100, 74232, 71
2026/07/30 02:15:35.123, 304.56, 100, 74232, 71
2026/07/30 02:15:36.161, 304.65, 100, 74232, 71
2026/07/30 02:15:37.197, 295.03, 100, 74232, 70
2026/07/30 02:15:38.236, 305.91, 100, 74232, 71
2026/07/30 02:15:39.273, 301.04, 100, 74232, 70
2026/07/30 02:15:40.310, 296.55, 100, 74232, 70
2026/07/30 02:15:41.349, 95.34, 0, 74232, 67
2026/07/30 02:15:42.384, 289.77, 100, 74232, 72
2026/07/30 02:15:43.419, 301.06, 100, 74232, 72
2026/07/30 02:15:44.456, 294.76, 100, 74232, 72
2026/07/30 02:15:45.491, 272.43, 100, 74232, 72
2026/07/30 02:15:46.525, 281.96, 100, 74232, 72
2026/07/30 02:15:47.560, 275.97, 100, 74232, 72
2026/07/30 02:15:48.597, 288.09, 100, 74232, 70
2026/07/30 02:15:49.635, 282.14, 100, 74232, 70
2026/07/30 02:15:50.674, 288.09, 100, 74232, 70
2026/07/30 02:15:51.713, 295.30, 100, 74232, 70
2026/07/30 02:15:52.754, 296.57, 100, 74232, 70
2026/07/30 02:15:53.791, 294.42, 100, 74232, 70
2026/07/30 02:15:54.829, 303.13, 0, 74232, 71
2026/07/30 02:15:55.864, 298.71, 100, 74232, 70
2026/07/30 02:15:56.903, 300.37, 100, 74232, 70
2026/07/30 02:15:57.939, 302.70, 100, 74232, 70
2026/07/30 02:15:58.976, 301.43, 100, 74232, 70
2026/07/30 02:16:00.013, 304.05, 100, 74232, 70
2026/07/30 02:16:01.049, 307.09, 100, 74232, 70
2026/07/30 02:16:02.087, 295.39, 100, 74232, 70
2026/07/30 02:16:03.124, 293.63, 100, 74232, 70
2026/07/30 02:16:04.163, 298.69, 100, 74232, 70
2026/07/30 02:16:05.201, 301.83, 100, 74232, 70
2026/07/30 02:16:06.239, 301.33, 100, 74232, 70
2026/07/30 02:16:07.276, 303.11, 100, 74232, 70
2026/07/30 02:16:08.314, 303.49, 100, 74232, 70
2026/07/30 02:16:09.354, 291.02, 100, 74232, 70
2026/07/30 02:16:10.392, 294.51, 100, 74232, 70
2026/07/30 02:16:11.431, 302.52, 100, 74232, 70
2026/07/30 02:16:12.468, 301.62, 100, 74232, 70
2026/07/30 02:16:13.511, 292.46, 100, 74232, 70
2026/07/30 02:16:14.549, 295.70, 100, 74232, 70
2026/07/30 02:16:15.587, 296.27, 100, 74232, 70
2026/07/30 02:16:16.627, 296.39, 100, 74232, 70
2026/07/30 02:16:17.668, 291.68, 100, 74232, 70
2026/07/30 02:16:18.706, 295.52, 100, 74232, 70
2026/07/30 02:16:19.746, 296.85, 100, 74232, 70
2026/07/30 02:16:20.786, 297.54, 100, 74232, 70
2026/07/30 02:16:21.822, 299.37, 100, 74232, 70
2026/07/30 02:16:22.858, 302.61, 100, 74232, 70
2026/07/30 02:16:23.894, 298.71, 100, 74232, 70
2026/07/30 02:16:24.932, 301.43, 100, 74232, 70
2026/07/30 02:16:25.969, 292.58, 100, 74232, 70
2026/07/30 02:16:27.008, 299.60, 100, 74232, 70
2026/07/30 02:16:28.045, 304.67, 100, 74232, 70
2026/07/30 02:16:29.082, 298.34, 100, 74232, 70
2026/07/30 02:16:30.119, 298.61, 100, 74232, 70
2026/07/30 02:16:31.156, 301.61, 100, 74232, 70
2026/07/30 02:16:32.192, 300.75, 100, 74232, 70
2026/07/30 02:16:33.229, 300.25, 100, 74232, 70
2026/07/30 02:16:34.266, 299.78, 100, 74232, 70
2026/07/30 02:16:35.302, 299.40, 100, 74232, 70
2026/07/30 02:16:36.338, 300.75, 100, 74232, 70
2026/07/30 02:16:37.374, 300.83, 100, 74232, 70
2026/07/30 02:16:38.410, 300.74, 100, 74232, 70
2026/07/30 02:16:39.446, 299.19, 100, 74232, 70
2026/07/30 02:16:40.481, 298.91, 100, 74232, 69
2026/07/30 02:16:41.518, 299.89, 100, 74232, 69
2026/07/30 02:16:42.554, 299.00, 100, 74232, 69
2026/07/30 02:16:43.591, 296.57, 100, 74232, 69
2026/07/30 02:16:44.629, 293.53, 100, 74232, 69
2026/07/30 02:16:45.667, 295.19, 100, 74232, 69
2026/07/30 02:16:46.703, 298.03, 100, 74232, 69
2026/07/30 02:16:47.741, 301.05, 100, 74232, 69
2026/07/30 02:16:48.778, 286.03, 100, 74232, 69
2026/07/30 02:16:49.818, 295.30, 100, 74232, 69
2026/07/30 02:16:50.856, 299.95, 100, 74232, 69
2026/07/30 02:16:51.893, 296.86, 100, 74232, 69
2026/07/30 02:16:52.931, 298.71, 100, 74232, 69
2026/07/30 02:16:53.968, 301.25, 100, 74232, 69
2026/07/30 02:16:55.005, 299.01, 100, 74232, 69
2026/07/30 02:16:56.042, 298.03, 100, 74232, 69
2026/07/30 02:16:57.080, 297.34, 100, 74232, 69
2026/07/30 02:16:58.117, 298.70, 100, 74232, 69
2026/07/30 02:16:59.157, 290.90, 100, 74232, 69
2026/07/30 02:17:00.194, 294.81, 100, 74232, 69
2026/07/30 02:17:01.238, 298.33, 100, 74232, 69
2026/07/30 02:17:02.280, 289.44, 100, 74232, 69
2026/07/30 02:17:03.317, 295.12, 100, 74232, 70
2026/07/30 02:17:04.360, 298.32, 100, 74232, 70
2026/07/30 02:17:05.397, 299.31, 100, 74232, 70
2026/07/30 02:17:06.434, 295.68, 100, 74232, 70
2026/07/30 02:17:07.473, 300.96, 100, 74232, 70
2026/07/30 02:17:08.511, 299.10, 100, 74232, 70
2026/07/30 02:17:09.548, 300.77, 100, 74232, 70
2026/07/30 02:17:10.584, 295.02, 100, 74232, 70
2026/07/30 02:17:11.621, 300.94, 100, 74232, 70
2026/07/30 02:17:12.659, 301.14, 100, 74232, 70
2026/07/30 02:17:13.696, 302.12, 100, 74232, 70
2026/07/30 02:17:14.733, 302.97, 100, 74232, 70
2026/07/30 02:17:15.771, 294.52, 100, 74232, 70
2026/07/30 02:17:16.808, 295.38, 100, 74232, 70
2026/07/30 02:17:17.845, 301.44, 100, 74232, 70
2026/07/30 02:17:18.882, 296.94, 100, 74232, 70
2026/07/30 02:17:19.919, 295.01, 100, 74232, 70
2026/07/30 02:17:20.957, 299.21, 100, 74232, 70
2026/07/30 02:17:21.994, 300.86, 100, 74232, 70
2026/07/30 02:17:23.031, 299.87, 100, 74232, 70
2026/07/30 02:17:24.068, 299.69, 100, 74232, 70
2026/07/30 02:17:25.105, 300.46, 100, 74232, 70
2026/07/30 02:17:26.144, 297.46, 100, 74232, 70
2026/07/30 02:17:27.181, 300.94, 100, 74232, 70
2026/07/30 02:17:28.220, 293.15, 100, 74232, 70
2026/07/30 02:17:29.257, 298.04, 100, 74232, 70
2026/07/30 02:17:30.294, 297.45, 100, 74232, 70
2026/07/30 02:17:31.329, 297.46, 100, 74232, 70
2026/07/30 02:17:32.366, 302.34, 100, 74232, 70
2026/07/30 02:17:33.403, 301.55, 100, 74232, 70
2026/07/30 02:17:34.439, 301.14, 100, 74232, 70
2026/07/30 02:17:35.475, 303.39, 100, 74232, 70
2026/07/30 02:17:36.519, 292.88, 100, 74232, 69
2026/07/30 02:17:37.556, 291.50, 100, 74232, 69
2026/07/30 02:17:38.594, 295.30, 100, 74232, 71
2026/07/30 02:17:39.629, 292.56, 100, 74232, 71
2026/07/30 02:17:40.667, 296.79, 100, 74232, 71
2026/07/30 02:17:41.704, 290.76, 100, 74232, 71
2026/07/30 02:17:42.738, 288.66, 100, 74232, 71
2026/07/30 02:17:43.781, 318.16, 100, 74232, 71
2026/07/30 02:17:44.816, 301.52, 100, 74232, 70
2026/07/30 02:17:45.855, 303.36, 100, 74232, 70
2026/07/30 02:17:46.892, 307.84, 100, 74232, 70
2026/07/30 02:17:47.930, 302.20, 100, 74232, 70
2026/07/30 02:17:48.968, 293.45, 42, 74232, 71
2026/07/30 02:17:50.002, 298.12, 100, 74232, 71
2026/07/30 02:17:51.036, 295.74, 100, 74232, 71
2026/07/30 02:17:52.070, 303.18, 100, 74232, 71
2026/07/30 02:17:53.105, 290.15, 100, 74232, 71
2026/07/30 02:17:54.139, 315.84, 100, 74232, 71
2026/07/30 02:17:55.172, 303.00, 100, 74232, 70
2026/07/30 02:17:56.209, 300.27, 100, 74232, 70
2026/07/30 02:17:57.247, 301.83, 100, 74232, 70
2026/07/30 02:17:58.284, 303.78, 100, 74232, 70
2026/07/30 02:17:59.320, 288.51, 100, 74232, 71
2026/07/30 02:18:00.355, 292.68, 100, 74232, 71
2026/07/30 02:18:01.389, 309.38, 100, 74232, 72
2026/07/30 02:18:02.423, 292.77, 100, 74232, 71
2026/07/30 02:18:03.456, 290.93, 100, 74232, 72
2026/07/30 02:18:04.494, 285.32, 100, 74232, 71
2026/07/30 02:18:05.528, 302.96, 100, 74232, 70
2026/07/30 02:18:06.564, 300.65, 100, 74232, 70
2026/07/30 02:18:07.602, 303.10, 100, 74232, 70
2026/07/30 02:18:08.641, 303.95, 100, 74232, 70
2026/07/30 02:18:09.679, 301.93, 100, 74232, 70
2026/07/30 02:18:10.718, 303.19, 100, 74232, 70
2026/07/30 02:18:11.755, 304.64, 100, 74232, 70
2026/07/30 02:18:12.793, 302.52, 100, 74232, 70
2026/07/30 02:18:13.831, 303.98, 100, 74232, 70
2026/07/30 02:18:14.870, 295.90, 100, 74232, 71
2026/07/30 02:18:15.905, 297.07, 100, 74232, 72
2026/07/30 02:18:16.940, 286.72, 100, 74232, 72
2026/07/30 02:18:17.975, 303.45, 100, 74232, 72
2026/07/30 02:18:19.010, 312.92, 100, 74232, 72
2026/07/30 02:18:20.045, 292.39, 100, 74232, 72
2026/07/30 02:18:21.083, 278.98, 100, 74232, 72
2026/07/30 02:18:22.121, 303.39, 100, 74232, 70
2026/07/30 02:18:23.158, 299.76, 100, 74232, 70
2026/07/30 02:18:24.194, 291.91, 100, 74232, 70
2026/07/30 02:18:25.230, 299.18, 100, 74232, 70
2026/07/30 02:18:26.268, 295.60, 100, 74232, 72
2026/07/30 02:18:27.303, 289.95, 100, 74232, 72
2026/07/30 02:18:28.339, 297.74, 100, 74232, 72
2026/07/30 02:18:29.375, 279.81, 100, 74232, 72
2026/07/30 02:18:30.409, 298.25, 100, 74232, 72
2026/07/30 02:18:31.451, 288.30, 100, 74232, 72
2026/07/30 02:18:32.485, 298.52, 100, 74232, 72
2026/07/30 02:18:33.521, 302.33, 100, 74232, 70
2026/07/30 02:18:34.559, 301.43, 100, 74232, 70
2026/07/30 02:18:35.595, 302.82, 100, 74232, 70
2026/07/30 02:18:36.631, 305.53, 100, 74232, 71
2026/07/30 02:18:37.668, 302.32, 100, 74232, 71
2026/07/30 02:18:38.704, 291.89, 100, 74232, 71
2026/07/30 02:18:39.742, 299.99, 100, 74232, 71
2026/07/30 02:18:40.784, 299.90, 100, 74232, 71
2026/07/30 02:18:41.821, 296.37, 100, 74232, 71
2026/07/30 02:18:42.857, 296.37, 100, 74232, 71
2026/07/30 02:18:43.894, 297.55, 100, 74232, 71
2026/07/30 02:18:44.932, 305.79, 100, 74232, 71
2026/07/30 02:18:45.969, 292.87, 100, 74232, 71
2026/07/30 02:18:47.006, 297.83, 100, 74232, 71
2026/07/30 02:18:48.043, 297.32, 100, 74232, 71
2026/07/30 02:18:49.084, 95.14, 0, 74232, 67
2026/07/30 02:18:50.117, 296.12, 100, 74232, 72
2026/07/30 02:18:51.158, 283.12, 100, 74232, 72
2026/07/30 02:18:52.193, 297.06, 100, 74232, 72
2026/07/30 02:18:53.229, 306.69, 100, 74232, 72
2026/07/30 02:18:54.266, 301.83, 100, 74232, 71
2026/07/30 02:18:55.301, 303.65, 100, 74232, 72
2026/07/30 02:18:56.336, 309.31, 100, 74232, 72
2026/07/30 02:18:57.372, 303.89, 100, 74232, 70
2026/07/30 02:18:58.412, 297.26, 100, 74232, 70
2026/07/30 02:18:59.454, 297.33, 100, 74232, 70
2026/07/30 02:19:00.492, 293.57, 100, 74232, 70
2026/07/30 02:19:01.529, 296.57, 100, 74232, 70
2026/07/30 02:19:02.572, 297.36, 100, 74232, 70
2026/07/30 02:19:03.608, 102.49, 79, 74232, 68
2026/07/30 02:19:04.641, 295.40, 100, 74232, 70
2026/07/30 02:19:05.679, 304.37, 100, 74232, 70
2026/07/30 02:19:06.718, 297.36, 100, 74232, 70
2026/07/30 02:19:07.754, 293.43, 100, 74232, 70
2026/07/30 02:19:08.791, 293.35, 100, 74232, 70
2026/07/30 02:19:09.828, 292.87, 100, 74232, 70
2026/07/30 02:19:10.866, 295.00, 100, 74232, 70
2026/07/30 02:19:11.903, 295.30, 100, 74232, 70
2026/07/30 02:19:12.940, 295.00, 100, 74232, 70
2026/07/30 02:19:13.976, 294.03, 100, 74232, 70
2026/07/30 02:19:15.015, 300.46, 100, 74232, 70
2026/07/30 02:19:16.053, 302.40, 100, 74232, 70
2026/07/30 02:19:17.089, 304.17, 100, 74232, 70
2026/07/30 02:19:18.126, 291.99, 100, 74232, 70
2026/07/30 02:19:19.163, 301.25, 100, 74232, 70
2026/07/30 02:19:20.200, 305.83, 100, 74232, 70
2026/07/30 02:19:21.241, 299.37, 100, 74232, 70
2026/07/30 02:19:22.278, 302.20, 100, 74232, 70
2026/07/30 02:19:23.322, 294.71, 100, 74232, 70
2026/07/30 02:19:24.361, 302.31, 100, 74232, 70
2026/07/30 02:19:25.399, 301.33, 100, 74232, 70
2026/07/30 02:19:26.440, 301.93, 100, 74232, 70
2026/07/30 02:19:27.477, 303.00, 100, 74232, 70
2026/07/30 02:19:28.513, 303.79, 100, 74232, 70
2026/07/30 02:19:29.550, 295.10, 100, 74232, 70
2026/07/30 02:19:30.589, 292.46, 100, 74232, 69
2026/07/30 02:19:31.632, 296.10, 100, 74232, 70
2026/07/30 02:19:32.668, 295.69, 100, 74232, 69
2026/07/30 02:19:33.706, 296.00, 100, 74232, 70
2026/07/30 02:19:34.745, 305.82, 100, 74232, 70
2026/07/30 02:19:35.782, 296.29, 100, 74232, 69
2026/07/30 02:19:36.818, 297.07, 100, 74232, 69
2026/07/30 02:19:37.854, 291.59, 100, 74232, 69
2026/07/30 02:19:38.890, 295.30, 100, 74232, 69
2026/07/30 02:19:39.928, 295.20, 100, 74232, 69
2026/07/30 02:19:40.965, 301.05, 100, 74232, 69
2026/07/30 02:19:42.002, 300.77, 100, 74232, 69
2026/07/30 02:19:43.041, 299.99, 100, 74232, 69
2026/07/30 02:19:44.077, 301.05, 100, 74232, 69
2026/07/30 02:19:45.114, 302.52, 100, 74232, 69
2026/07/30 02:19:46.151, 300.46, 100, 74232, 69
2026/07/30 02:19:47.189, 301.05, 100, 74232, 69
2026/07/30 02:19:48.227, 295.50, 100, 74232, 69
2026/07/30 02:19:49.265, 297.55, 100, 74232, 69
2026/07/30 02:19:50.302, 290.23, 100, 74232, 69
2026/07/30 02:19:51.343, 294.71, 100, 74232, 69
2026/07/30 02:19:52.379, 293.15, 100, 74232, 69
2026/07/30 02:19:53.416, 299.20, 100, 74232, 69
2026/07/30 02:19:54.453, 301.04, 100, 74232, 69
2026/07/30 02:19:55.491, 301.41, 100, 74232, 69
2026/07/30 02:19:56.528, 298.90, 100, 74232, 69
2026/07/30 02:19:57.565, 298.81, 100, 74232, 69
2026/07/30 02:19:58.604, 300.05, 100, 74232, 69
2026/07/30 02:19:59.640, 286.63, 100, 74232, 69
2026/07/30 02:20:00.676, 288.49, 100, 74232, 69
2026/07/30 02:20:01.713, 299.00, 100, 74232, 69
2026/07/30 02:20:02.749, 297.54, 100, 74232, 69
2026/07/30 02:20:03.787, 299.59, 100, 74232, 69
2026/07/30 02:20:04.825, 299.39, 100, 74232, 69
2026/07/30 02:20:05.862, 304.96, 100, 74232, 69
2026/07/30 02:20:06.898, 296.47, 100, 74232, 69
2026/07/30 02:20:07.935, 298.71, 100, 74232, 69
2026/07/30 02:20:08.972, 300.77, 100, 74232, 69
2026/07/30 02:20:10.010, 304.17, 100, 74232, 69
2026/07/30 02:20:11.049, 298.92, 100, 74232, 69
2026/07/30 02:20:12.087, 301.45, 100, 74232, 69
2026/07/30 02:20:13.125, 302.12, 100, 74232, 69
2026/07/30 02:20:14.163, 304.56, 100, 74232, 69
2026/07/30 02:20:15.202, 301.33, 100, 74232, 69
2026/07/30 02:20:16.241, 296.29, 100, 74232, 69
2026/07/30 02:20:17.279, 296.58, 100, 74232, 69
2026/07/30 02:20:18.317, 295.69, 100, 74232, 69
2026/07/30 02:20:19.356, 294.71, 100, 74232, 69
2026/07/30 02:20:20.394, 299.71, 100, 74232, 69
2026/07/30 02:20:21.432, 300.44, 100, 74232, 69
2026/07/30 02:20:22.471, 303.00, 100, 74232, 69
2026/07/30 02:20:23.510, 301.54, 100, 74232, 69
2026/07/30 02:20:24.548, 297.95, 100, 74232, 69
2026/07/30 02:20:25.588, 298.81, 100, 74232, 69
2026/07/30 02:20:26.627, 291.10, 100, 74232, 69
2026/07/30 02:20:27.673, 297.25, 100, 74232, 70
2026/07/30 02:20:28.712, 301.82, 100, 74232, 70
2026/07/30 02:20:29.750, 300.77, 100, 74232, 70
2026/07/30 02:20:30.797, 300.77, 100, 74232, 70
2026/07/30 02:20:31.835, 295.11, 100, 74232, 70
2026/07/30 02:20:32.873, 300.45, 100, 74232, 70
2026/07/30 02:20:33.918, 298.05, 100, 74232, 70
2026/07/30 02:20:34.956, 292.39, 100, 74232, 69
2026/07/30 02:20:35.994, 297.36, 100, 74232, 70
2026/07/30 02:20:37.035, 305.35, 100, 74232, 70
2026/07/30 02:20:38.073, 296.07, 100, 74232, 70
2026/07/30 02:20:39.114, 302.23, 100, 74232, 70
2026/07/30 02:20:40.153, 306.56, 100, 74232, 70
2026/07/30 02:20:41.190, 296.47, 100, 74232, 70
2026/07/30 02:20:42.229, 291.12, 100, 74232, 70
2026/07/30 02:20:43.268, 293.36, 100, 74232, 70
2026/07/30 02:20:44.305, 302.70, 100, 74232, 70
2026/07/30 02:20:45.342, 301.51, 100, 74232, 70
2026/07/30 02:20:46.380, 301.60, 100, 74232, 70
2026/07/30 02:20:47.418, 302.60, 100, 74232, 70
2026/07/30 02:20:48.455, 302.78, 100, 74232, 70
2026/07/30 02:20:49.493, 302.61, 100, 74232, 70
2026/07/30 02:20:50.531, 302.97, 100, 74232, 70
2026/07/30 02:20:51.571, 302.30, 100, 74232, 70
2026/07/30 02:20:52.609, 294.92, 100, 74232, 70
2026/07/30 02:20:53.647, 294.82, 100, 74232, 70
2026/07/30 02:20:54.685, 299.09, 100, 74232, 71
2026/07/30 02:20:55.722, 296.86, 100, 74232, 71
2026/07/30 02:20:56.759, 306.68, 100, 74232, 71
2026/07/30 02:20:57.795, 299.88, 100, 74232, 71
2026/07/30 02:20:58.831, 286.71, 100, 74232, 71
2026/07/30 02:20:59.866, 302.92, 100, 74232, 71
2026/07/30 02:21:00.904, 295.40, 100, 74232, 70
2026/07/30 02:21:01.942, 302.58, 100, 74232, 70
2026/07/30 02:21:02.981, 304.39, 100, 74232, 70
2026/07/30 02:21:04.020, 299.39, 100, 74232, 70
2026/07/30 02:21:05.058, 302.37, 100, 74232, 70
2026/07/30 02:21:06.096, 296.96, 100, 74232, 70
2026/07/30 02:21:07.135, 295.40, 100, 74232, 70
2026/07/30 02:21:08.174, 295.78, 100, 74232, 70
2026/07/30 02:21:09.211, 296.78, 100, 74232, 70
2026/07/30 02:21:10.249, 298.03, 100, 74232, 70
2026/07/30 02:21:11.286, 296.18, 100, 74232, 70
2026/07/30 02:21:12.325, 297.15, 100, 74232, 70
2026/07/30 02:21:13.362, 294.43, 100, 74232, 70
2026/07/30 02:21:14.401, 296.96, 100, 74232, 70
2026/07/30 02:21:15.439, 296.97, 100, 74232, 70
2026/07/30 02:21:16.477, 294.71, 100, 74232, 70
2026/07/30 02:21:17.515, 296.86, 100, 74232, 70
2026/07/30 02:21:18.552, 303.94, 100, 74232, 70
2026/07/30 02:21:19.589, 293.57, 100, 74232, 72
2026/07/30 02:21:20.624, 305.85, 100, 74232, 72
2026/07/30 02:21:21.659, 301.43, 100, 74232, 72
2026/07/30 02:21:22.696, 289.26, 100, 74232, 71
2026/07/30 02:21:23.737, 310.17, 100, 74232, 72
2026/07/30 02:21:24.772, 307.81, 100, 74232, 72
2026/07/30 02:21:25.807, 303.38, 100, 74232, 70
2026/07/30 02:21:26.846, 299.57, 100, 74232, 70
2026/07/30 02:21:27.883, 302.56, 100, 74232, 70
2026/07/30 02:21:28.920, 302.71, 100, 74232, 70
2026/07/30 02:21:29.958, 299.71, 100, 74232, 70
2026/07/30 02:21:30.996, 301.93, 100, 74232, 70
2026/07/30 02:21:32.035, 304.08, 100, 74232, 70
2026/07/30 02:21:33.074, 296.09, 100, 74232, 70
2026/07/30 02:21:34.112, 303.30, 100, 74232, 70
2026/07/30 02:21:35.149, 304.17, 100, 74232, 70
2026/07/30 02:21:36.188, 292.48, 100, 74232, 70
2026/07/30 02:21:37.225, 295.97, 100, 74232, 70
2026/07/30 02:21:38.264, 297.06, 100, 74232, 70
2026/07/30 02:21:39.301, 296.67, 100, 74232, 70
2026/07/30 02:21:40.340, 294.91, 100, 74232, 70
2026/07/30 02:21:41.378, 296.87, 100, 74232, 70
2026/07/30 02:21:42.416, 294.15, 42, 74232, 70
2026/07/30 02:21:43.451, 299.41, 100, 74232, 71
2026/07/30 02:21:44.493, 292.49, 100, 74232, 71
2026/07/30 02:21:45.528, 307.25, 100, 74232, 71
2026/07/30 02:21:46.564, 310.68, 100, 74232, 71
2026/07/30 02:21:47.601, 297.64, 100, 74232, 71
2026/07/30 02:21:48.636, 305.89, 100, 74232, 71
2026/07/30 02:21:49.672, 300.84, 100, 74232, 70
2026/07/30 02:21:50.710, 301.53, 100, 74232, 70
2026/07/30 02:21:51.748, 303.47, 100, 74232, 70
2026/07/30 02:21:52.786, 299.01, 100, 74232, 70
2026/07/30 02:21:53.823, 250.60, 100, 74232, 69
2026/07/30 02:21:54.858, 291.80, 61, 74232, 71
2026/07/30 02:21:55.894, 293.95, 100, 74232, 71
2026/07/30 02:21:56.936, 304.21, 100, 74232, 71
2026/07/30 02:21:57.972, 295.20, 100, 74232, 71
2026/07/30 02:21:59.007, 303.40, 100, 74232, 71
2026/07/30 02:22:00.042, 260.49, 100, 74232, 71
2026/07/30 02:22:01.077, 304.17, 100, 74232, 71
2026/07/30 02:22:02.112, 302.71, 100, 74232, 70
2026/07/30 02:22:03.152, 303.97, 100, 74232, 70
2026/07/30 02:22:04.192, 301.74, 100, 74232, 70
2026/07/30 02:22:05.230, 92.03, 66, 74232, 67
2026/07/30 02:22:06.263, 298.82, 100, 74232, 71
2026/07/30 02:22:07.299, 293.34, 100, 74232, 71
2026/07/30 02:22:08.334, 310.28, 100, 74232, 71
2026/07/30 02:22:09.368, 267.92, 100, 74232, 71
2026/07/30 02:22:10.404, 301.85, 100, 74232, 72
2026/07/30 02:22:11.439, 296.04, 100, 74232, 71
2026/07/30 02:22:12.478, 314.18, 100, 74232, 72
2026/07/30 02:22:13.513, 302.32, 100, 74232, 70
2026/07/30 02:22:14.552, 302.92, 100, 74232, 70
2026/07/30 02:22:15.590, 303.59, 100, 74232, 70
2026/07/30 02:22:16.627, 308.76, 100, 74232, 70
2026/07/30 02:22:17.665, 95.05, 0, 74232, 67
2026/07/30 02:22:18.698, 273.07, 100, 74232, 70
2026/07/30 02:22:19.737, 291.60, 100, 74232, 70
2026/07/30 02:22:20.778, 296.36, 100, 74232, 70
2026/07/30 02:22:21.816, 298.62, 100, 74232, 70
2026/07/30 02:22:22.855, 297.35, 100, 74232, 70
2026/07/30 02:22:23.894, 300.75, 100, 74232, 70
2026/07/30 02:22:24.933, 301.73, 100, 74232, 70
2026/07/30 02:22:25.972, 303.20, 100, 74232, 70
2026/07/30 02:22:27.010, 300.78, 100, 74232, 70
2026/07/30 02:22:28.048, 303.68, 100, 74232, 70
2026/07/30 02:22:29.088, 303.79, 100, 74232, 70
2026/07/30 02:22:30.126, 303.98, 100, 74232, 70
2026/07/30 02:22:31.164, 299.78, 100, 74232, 70
2026/07/30 02:22:32.202, 296.48, 100, 74232, 70
2026/07/30 02:22:33.239, 295.71, 100, 74232, 70
2026/07/30 02:22:34.277, 299.98, 100, 74232, 70
2026/07/30 02:22:35.315, 293.15, 100, 74232, 70
2026/07/30 02:22:36.352, 293.53, 100, 74232, 70
2026/07/30 02:22:37.390, 294.14, 100, 74232, 70
2026/07/30 02:22:38.429, 302.59, 100, 74232, 70
2026/07/30 02:22:39.467, 291.30, 100, 74232, 70
2026/07/30 02:22:40.505, 302.41, 100, 74232, 70
2026/07/30 02:22:41.546, 302.80, 100, 74232, 70
2026/07/30 02:22:42.585, 296.28, 100, 74232, 70
2026/07/30 02:22:43.621, 307.78, 100, 74232, 70
2026/07/30 02:22:44.657, 297.63, 100, 74232, 70
2026/07/30 02:22:45.694, 303.40, 100, 74232, 70
2026/07/30 02:22:46.737, 297.64, 100, 74232, 70
2026/07/30 02:22:47.775, 302.51, 100, 74232, 70
2026/07/30 02:22:48.812, 300.34, 100, 74232, 70
2026/07/30 02:22:49.849, 297.15, 100, 74232, 70
2026/07/30 02:22:50.887, 303.78, 100, 74232, 70
2026/07/30 02:22:51.924, 294.54, 100, 74232, 70
2026/07/30 02:22:52.962, 303.01, 100, 74232, 70
2026/07/30 02:22:54.001, 303.07, 100, 74232, 70
2026/07/30 02:22:55.038, 299.08, 100, 74232, 70
2026/07/30 02:22:56.076, 302.31, 100, 74232, 70
2026/07/30 02:22:57.114, 299.28, 100, 74232, 70
2026/07/30 02:22:58.153, 300.85, 100, 74232, 70
2026/07/30 02:22:59.190, 296.95, 100, 74232, 70
2026/07/30 02:23:00.230, 299.98, 100, 74232, 70
2026/07/30 02:23:01.268, 303.48, 100, 74232, 70
2026/07/30 02:23:02.305, 301.99, 100, 74232, 70
2026/07/30 02:23:03.342, 300.95, 100, 74232, 70
2026/07/30 02:23:04.379, 303.10, 100, 74232, 70
2026/07/30 02:23:05.418, 302.29, 100, 74232, 70
2026/07/30 02:23:06.456, 296.08, 100, 74232, 70
2026/07/30 02:23:07.497, 294.81, 100, 74232, 70
2026/07/30 02:23:08.532, 300.96, 100, 74232, 70
2026/07/30 02:23:09.569, 291.41, 100, 74232, 69
2026/07/30 02:23:10.607, 298.42, 100, 74232, 69
2026/07/30 02:23:11.643, 301.25, 100, 74232, 69
2026/07/30 02:23:12.679, 298.51, 100, 74232, 69
2026/07/30 02:23:13.716, 301.14, 100, 74232, 69
2026/07/30 02:23:14.752, 300.88, 100, 74232, 69
2026/07/30 02:23:15.789, 301.34, 100, 74232, 69
2026/07/30 02:23:16.828, 301.32, 100, 74232, 69
2026/07/30 02:23:17.866, 300.67, 100, 74232, 69
2026/07/30 02:23:18.902, 300.95, 100, 74232, 69
2026/07/30 02:23:19.939, 300.66, 100, 74232, 69
2026/07/30 02:23:20.975, 300.37, 100, 74232, 69
2026/07/30 02:23:22.012, 296.86, 100, 74232, 69
2026/07/30 02:23:23.051, 300.37, 100, 74232, 69
2026/07/30 02:23:24.088, 300.56, 100, 74232, 69
2026/07/30 02:23:25.126, 302.53, 100, 74232, 69
2026/07/30 02:23:26.162, 290.42, 100, 74232, 69
2026/07/30 02:23:27.199, 291.30, 100, 74232, 69
2026/07/30 02:23:28.236, 295.21, 100, 74232, 69
2026/07/30 02:23:29.274, 296.47, 100, 74232, 70
2026/07/30 02:23:30.310, 293.27, 100, 74232, 70
2026/07/30 02:23:31.347, 293.63, 100, 74232, 70
2026/07/30 02:23:32.384, 299.96, 100, 74232, 70
2026/07/30 02:23:33.419, 296.18, 100, 74232, 70
2026/07/30 02:23:34.457, 293.84, 100, 74232, 70
2026/07/30 02:23:35.495, 297.26, 100, 74232, 70
2026/07/30 02:23:36.531, 296.25, 100, 74232, 70
2026/07/30 02:23:37.568, 302.23, 100, 74232, 70
2026/07/30 02:23:38.605, 301.93, 100, 74232, 70
2026/07/30 02:23:39.641, 300.95, 100, 74232, 70
2026/07/30 02:23:40.679, 297.91, 100, 74232, 70
2026/07/30 02:23:41.716, 295.21, 100, 74232, 70
2026/07/30 02:23:42.753, 298.90, 100, 74232, 70
2026/07/30 02:23:43.789, 298.70, 100, 74232, 70
2026/07/30 02:23:44.829, 297.24, 100, 74232, 70
2026/07/30 02:23:45.866, 299.38, 100, 74232, 70
2026/07/30 02:23:46.903, 296.95, 100, 74232, 70
2026/07/30 02:23:47.940, 310.39, 23, 74232, 71
2026/07/30 02:23:48.974, 300.63, 100, 74232, 71
2026/07/30 02:23:50.009, 303.54, 100, 74232, 71
2026/07/30 02:23:51.044, 313.98, 100, 74232, 71
2026/07/30 02:23:52.078, 297.97, 100, 74232, 71
2026/07/30 02:23:53.118, 280.22, 100, 74232, 71
2026/07/30 02:23:54.153, 303.09, 100, 74232, 69
2026/07/30 02:23:55.189, 300.56, 100, 74232, 69
2026/07/30 02:23:56.225, 304.06, 100, 74232, 69
2026/07/30 02:23:57.263, 302.60, 100, 74232, 70
2026/07/30 02:23:58.302, 302.02, 100, 74232, 69
2026/07/30 02:23:59.339, 294.13, 100, 74232, 69
2026/07/30 02:24:00.376, 296.08, 100, 74232, 69
2026/07/30 02:24:01.414, 302.51, 100, 74232, 70
2026/07/30 02:24:02.453, 301.34, 100, 74232, 70
2026/07/30 02:24:03.490, 303.84, 100, 74232, 70
2026/07/30 02:24:04.527, 297.35, 100, 74232, 70
2026/07/30 02:24:05.565, 297.26, 100, 74232, 70
2026/07/30 02:24:06.607, 295.14, 100, 74232, 71
2026/07/30 02:24:07.642, 289.42, 100, 74232, 71
2026/07/30 02:24:08.678, 288.40, 100, 74232, 71
2026/07/30 02:24:09.712, 304.85, 100, 74232, 71
2026/07/30 02:24:10.747, 303.47, 100, 74232, 71
2026/07/30 02:24:11.783, 301.45, 100, 74232, 71
2026/07/30 02:24:12.824, 299.28, 100, 74232, 70
2026/07/30 02:24:13.862, 301.63, 100, 74232, 70
2026/07/30 02:24:14.899, 295.88, 100, 74232, 70
2026/07/30 02:24:15.937, 95.04, 0, 74232, 66
2026/07/30 02:24:16.970, 293.26, 100, 74232, 71
2026/07/30 02:24:18.006, 294.43, 100, 74232, 71
2026/07/30 02:24:19.043, 300.60, 100, 74232, 71
2026/07/30 02:24:20.078, 287.31, 100, 74232, 72
2026/07/30 02:24:21.116, 273.42, 100, 74232, 72
2026/07/30 02:24:22.153, 304.38, 100, 74232, 70
2026/07/30 02:24:23.192, 302.52, 100, 74232, 70
2026/07/30 02:24:24.230, 301.44, 100, 74232, 70
2026/07/30 02:24:25.267, 303.09, 100, 74232, 70
2026/07/30 02:24:26.306, 301.47, 100, 74232, 72
2026/07/30 02:24:27.340, 280.30, 100, 74232, 72
2026/07/30 02:24:28.376, 297.92, 100, 74232, 72
2026/07/30 02:24:29.411, 303.93, 100, 74232, 72
2026/07/30 02:24:30.446, 308.64, 100, 74232, 72
2026/07/30 02:24:31.481, 292.06, 100, 74232, 72
2026/07/30 02:24:32.516, 302.12, 100, 74232, 70
2026/07/30 02:24:33.553, 303.00, 100, 74232, 70
2026/07/30 02:24:34.591, 304.84, 100, 74232, 70
2026/07/30 02:24:35.630, 301.62, 100, 74232, 70
2026/07/30 02:24:36.668, 302.96, 100, 74232, 70
2026/07/30 02:24:37.705, 304.51, 100, 74232, 70
2026/07/30 02:24:38.748, 303.68, 100, 74232, 70
2026/07/30 02:24:39.785, 295.97, 100, 74232, 70
2026/07/30 02:24:40.822, 304.46, 100, 74232, 70
2026/07/30 02:24:41.862, 301.93, 100, 74232, 70
2026/07/30 02:24:42.899, 299.09, 100, 74232, 70
2026/07/30 02:24:43.938, 304.64, 100, 74232, 70
2026/07/30 02:24:44.977, 302.42, 100, 74232, 70
2026/07/30 02:24:46.014, 296.67, 100, 74232, 70
2026/07/30 02:24:47.052, 303.67, 0, 74232, 71
2026/07/30 02:24:48.087, 306.80, 100, 74232, 71
2026/07/30 02:24:49.122, 303.97, 100, 74232, 71
2026/07/30 02:24:50.157, 314.10, 100, 74232, 72
2026/07/30 02:24:51.196, 307.58, 100, 74232, 71
2026/07/30 02:24:52.232, 306.96, 100, 74232, 72
2026/07/30 02:24:53.270, 278.65, 100, 74232, 70
2026/07/30 02:24:54.307, 294.51, 100, 74232, 70
2026/07/30 02:24:55.345, 296.09, 100, 74232, 70
2026/07/30 02:24:56.382, 294.21, 100, 74232, 70
2026/07/30 02:24:57.419, 307.51, 71, 74232, 71
2026/07/30 02:24:58.456, 304.76, 100, 74232, 71
2026/07/30 02:24:59.495, 285.68, 100, 74232, 71
2026/07/30 02:25:00.533, 316.49, 100, 74232, 71
2026/07/30 02:25:01.567, 296.37, 100, 74232, 72
2026/07/30 02:25:02.602, 310.39, 100, 74232, 71
2026/07/30 02:25:03.637, 288.78, 100, 74232, 70
2026/07/30 02:25:04.685, 287.49, 100, 74232, 70
2026/07/30 02:25:05.724, 294.22, 100, 74232, 70
2026/07/30 02:25:06.760, 296.18, 100, 74232, 70
2026/07/30 02:25:07.800, 294.70, 100, 74232, 70
2026/07/30 02:25:08.841, 302.52, 100, 74232, 70
2026/07/30 02:25:09.878, 303.88, 100, 74232, 70
2026/07/30 02:25:10.915, 299.00, 100, 74232, 70
2026/07/30 02:25:11.952, 302.61, 100, 74232, 70
2026/07/30 02:25:12.990, 303.20, 100, 74232, 70
2026/07/30 02:25:14.027, 299.19, 100, 74232, 70
2026/07/30 02:25:15.063, 299.51, 100, 74232, 70
2026/07/30 02:25:16.099, 303.28, 100, 74232, 70
2026/07/30 02:25:17.138, 304.17, 100, 74232, 70
2026/07/30 02:25:18.175, 303.18, 100, 74232, 70
2026/07/30 02:25:19.212, 303.29, 100, 74232, 70
2026/07/30 02:25:20.249, 304.71, 100, 74232, 70
2026/07/30 02:25:21.286, 96.33, 0, 74232, 67
2026/07/30 02:25:22.319, 93.53, 0, 74232, 66
2026/07/30 02:25:23.352, 93.67, 0, 74232, 65
2026/07/30 02:25:24.384, 93.09, 0, 74232, 65
2026/07/30 02:25:25.416, 92.36, 0, 74232, 64
2026/07/30 02:25:26.449, 90.58, 0, 74232, 64
2026/07/30 02:25:27.480, 89.92, 0, 74232, 63
2026/07/30 02:25:28.512, 90.34, 0, 74232, 63
2026/07/30 02:25:29.543, 90.12, 0, 74232, 62
2026/07/30 02:25:30.574, 89.14, 0, 74232, 62
2026/07/30 02:25:31.603, 88.93, 0, 74232, 61
2026/07/30 02:25:32.634, 87.37, 0, 74232, 61
2026/07/30 02:25:33.664, 86.28, 0, 74232, 60
2026/07/30 02:25:34.694, 85.86, 0, 74232, 60
2026/07/30 02:25:35.726, 85.59, 0, 74232, 60
2026/07/30 02:25:36.757, 85.29, 0, 74232, 59
2026/07/30 02:25:37.789, 84.93, 0, 74232, 59
2026/07/30 02:25:38.820, 84.61, 0, 74232, 59
2026/07/30 02:25:39.852, 84.44, 0, 74232, 58
2026/07/30 02:25:40.884, 83.93, 0, 74232, 58
2026/07/30 02:25:41.914, 83.54, 0, 74232, 58
2026/07/30 02:25:42.945, 83.34, 0, 74232, 57
2026/07/30 02:25:43.976, 83.04, 0, 74232, 57
2026/07/30 02:25:45.006, 83.41, 0, 74232, 57
2026/07/30 02:25:46.038, 82.55, 0, 74232, 57
2026/07/30 02:25:47.069, 313.41, 100, 74232, 62
2026/07/30 02:25:48.103, 301.70, 100, 74232, 62
2026/07/30 02:25:49.136, 312.96, 100, 74232, 63
2026/07/30 02:25:50.171, 299.98, 100, 74232, 63
2026/07/30 02:25:51.204, 301.52, 100, 74232, 62
2026/07/30 02:25:52.235, 295.41, 100, 74232, 62
2026/07/30 02:25:53.264, 292.67, 100, 74232, 62
2026/07/30 02:25:54.294, 306.11, 100, 74232, 62
2026/07/30 02:25:55.330, 288.76, 100, 74232, 62
2026/07/30 02:25:56.370, 297.64, 100, 74232, 63
2026/07/30 02:25:57.407, 291.29, 100, 74232, 63
2026/07/30 02:25:58.444, 299.62, 100, 74232, 65
2026/07/30 02:25:59.480, 298.61, 100, 74232, 65
2026/07/30 02:26:00.516, 301.81, 100, 74232, 65
2026/07/30 02:26:01.555, 283.56, 100, 74232, 65
2026/07/30 02:26:02.590, 263.46, 100, 74232, 64
2026/07/30 02:26:03.626, 292.36, 100, 74232, 64
2026/07/30 02:26:04.662, 300.57, 100, 74232, 64
2026/07/30 02:26:05.699, 285.28, 100, 74232, 64
2026/07/30 02:26:06.735, 299.01, 100, 74232, 64
2026/07/30 02:26:07.773, 296.96, 100, 74232, 65
2026/07/30 02:26:08.810, 303.21, 100, 74232, 67
2026/07/30 02:26:09.844, 278.48, 100, 74232, 67
2026/07/30 02:26:10.879, 279.80, 100, 74232, 67
2026/07/30 02:26:11.920, 269.00, 100, 74232, 67
2026/07/30 02:26:12.956, 295.67, 100, 74232, 65
2026/07/30 02:26:13.993, 303.89, 100, 74232, 66
2026/07/30 02:26:15.030, 293.64, 100, 74232, 66
2026/07/30 02:26:16.068, 301.42, 100, 74232, 68
2026/07/30 02:26:17.103, 303.48, 100, 74232, 68
2026/07/30 02:26:18.139, 295.94, 100, 74232, 68
2026/07/30 02:26:19.176, 268.05, 100, 74232, 68
2026/07/30 02:26:20.210, 297.67, 100, 74232, 68
2026/07/30 02:26:21.244, 305.71, 100, 74232, 66
2026/07/30 02:26:22.283, 295.19, 100, 74232, 66
2026/07/30 02:26:23.319, 299.39, 100, 74232, 67
2026/07/30 02:26:24.357, 299.30, 100, 74232, 67
2026/07/30 02:26:25.395, 291.78, 100, 74232, 67
2026/07/30 02:26:26.435, 298.62, 100, 74232, 67
2026/07/30 02:26:27.472, 299.20, 100, 74232, 67
2026/07/30 02:26:28.511, 297.53, 100, 74232, 67
2026/07/30 02:26:29.548, 302.37, 100, 74232, 67
2026/07/30 02:26:30.586, 304.55, 100, 74232, 68
2026/07/30 02:26:31.623, 299.69, 100, 74232, 68
2026/07/30 02:26:32.661, 298.12, 100, 74232, 68
2026/07/30 02:26:33.698, 300.56, 100, 74232, 68
2026/07/30 02:26:34.735, 297.73, 100, 74232, 68
2026/07/30 02:26:35.773, 304.18, 100, 74232, 68
2026/07/30 02:26:36.809, 299.11, 100, 74232, 68
2026/07/30 02:26:37.848, 300.39, 100, 74232, 68
2026/07/30 02:26:38.885, 298.61, 100, 74232, 68
2026/07/30 02:26:39.923, 301.04, 100, 74232, 68
2026/07/30 02:26:40.960, 92.56, 37, 74232, 65
2026/07/30 02:26:41.993, 294.75, 100, 74232, 70
2026/07/30 02:26:43.030, 298.20, 100, 74232, 70
2026/07/30 02:26:44.069, 302.30, 100, 74232, 70
2026/07/30 02:26:45.105, 279.90, 100, 74232, 70
2026/07/30 02:26:46.147, 288.65, 100, 74232, 70
2026/07/30 02:26:47.183, 296.27, 100, 74232, 68
2026/07/30 02:26:48.222, 300.37, 100, 74232, 68
2026/07/30 02:26:49.259, 299.00, 100, 74232, 68
2026/07/30 02:26:50.295, 303.08, 100, 74232, 70
2026/07/30 02:26:51.331, 313.84, 100, 74232, 70
2026/07/30 02:26:52.368, 301.69, 100, 74232, 70
2026/07/30 02:26:53.403, 280.39, 100, 74232, 70
2026/07/30 02:26:54.439, 286.82, 100, 74232, 71
2026/07/30 02:26:55.475, 298.69, 100, 74232, 69
2026/07/30 02:26:56.513, 301.34, 100, 74232, 69
2026/07/30 02:26:57.550, 299.78, 100, 74232, 69
2026/07/30 02:26:58.589, 290.51, 100, 74232, 69
2026/07/30 02:26:59.629, 297.95, 100, 74232, 69
2026/07/30 02:27:00.667, 301.44, 100, 74232, 69
2026/07/30 02:27:01.704, 302.21, 100, 74232, 69
2026/07/30 02:27:02.740, 300.75, 100, 74232, 69
2026/07/30 02:27:03.778, 302.23, 100, 74232, 69
2026/07/30 02:27:04.816, 302.39, 100, 74232, 69
2026/07/30 02:27:05.853, 301.24, 100, 74232, 69
2026/07/30 02:27:06.891, 298.60, 100, 74232, 69
2026/07/30 02:27:07.928, 296.56, 100, 74232, 69
2026/07/30 02:27:08.969, 296.67, 100, 74232, 69
2026/07/30 02:27:10.006, 300.86, 100, 74232, 69
2026/07/30 02:27:11.043, 295.40, 100, 74232, 69
2026/07/30 02:27:12.082, 299.48, 100, 74232, 69
2026/07/30 02:27:13.126, 302.71, 100, 74232, 69
2026/07/30 02:27:14.164, 300.52, 100, 74232, 69
2026/07/30 02:27:15.201, 298.22, 100, 74232, 69
2026/07/30 02:27:16.238, 307.58, 100, 74232, 69
2026/07/30 02:27:17.276, 302.23, 100, 74232, 69
2026/07/30 02:27:18.313, 297.05, 100, 74232, 69
2026/07/30 02:27:19.352, 300.46, 100, 74232, 69
2026/07/30 02:27:20.390, 302.88, 100, 74232, 69
2026/07/30 02:27:21.427, 303.19, 100, 74232, 69
2026/07/30 02:27:22.464, 301.74, 100, 74232, 69
2026/07/30 02:27:23.502, 305.73, 100, 74232, 70
2026/07/30 02:27:24.540, 293.26, 100, 74232, 69
2026/07/30 02:27:25.578, 295.48, 100, 74232, 69
2026/07/30 02:27:26.616, 292.86, 100, 74232, 69
2026/07/30 02:27:27.653, 295.40, 100, 74232, 69
2026/07/30 02:27:28.690, 299.50, 100, 74232, 69
2026/07/30 02:27:29.729, 297.84, 100, 74232, 69
2026/07/30 02:27:30.767, 302.99, 100, 74232, 70
2026/07/30 02:27:31.804, 297.46, 100, 74232, 70
2026/07/30 02:27:32.841, 296.37, 100, 74232, 69
2026/07/30 02:27:33.880, 292.46, 100, 74232, 69
2026/07/30 02:27:34.917, 293.43, 100, 74232, 69
2026/07/30 02:27:35.955, 304.56, 100, 74232, 70
2026/07/30 02:27:36.995, 300.75, 100, 74232, 70
2026/07/30 02:27:38.032, 297.85, 100, 74232, 70
2026/07/30 02:27:39.069, 295.97, 100, 74232, 69
2026/07/30 02:27:40.105, 294.03, 100, 74232, 69
2026/07/30 02:27:41.143, 296.08, 100, 74232, 70
2026/07/30 02:27:42.181, 293.16, 100, 74232, 70
2026/07/30 02:27:43.219, 301.15, 100, 74232, 70
2026/07/30 02:27:44.257, 300.06, 100, 74232, 70
2026/07/30 02:27:45.295, 305.32, 100, 74232, 70
2026/07/30 02:27:46.333, 300.38, 100, 74232, 70
2026/07/30 02:27:47.371, 301.80, 100, 74232, 70
2026/07/30 02:27:48.408, 294.82, 100, 74232, 69
2026/07/30 02:27:49.449, 298.02, 100, 74232, 70
2026/07/30 02:27:50.487, 294.81, 100, 74232, 69
2026/07/30 02:27:51.524, 300.19, 100, 74232, 69
2026/07/30 02:27:52.563, 298.89, 100, 74232, 70
2026/07/30 02:27:53.602, 302.69, 100, 74232, 70
2026/07/30 02:27:54.640, 302.90, 100, 74232, 69
2026/07/30 02:27:55.678, 299.66, 100, 74232, 70
2026/07/30 02:27:56.715, 302.99, 100, 74232, 70
2026/07/30 02:27:57.755, 302.70, 100, 74232, 69
2026/07/30 02:27:58.794, 301.05, 100, 74232, 69
2026/07/30 02:27:59.831, 303.09, 100, 74232, 70
2026/07/30 02:28:00.869, 303.58, 100, 74232, 69
2026/07/30 02:28:01.906, 300.65, 100, 74232, 69
2026/07/30 02:28:02.943, 303.89, 100, 74232, 69
2026/07/30 02:28:03.981, 303.89, 100, 74232, 70
2026/07/30 02:28:05.018, 298.12, 100, 74232, 69
2026/07/30 02:28:06.056, 303.58, 100, 74232, 69
2026/07/30 02:28:07.093, 301.80, 100, 74232, 70
2026/07/30 02:28:08.130, 302.12, 100, 74232, 69
2026/07/30 02:28:09.169, 295.98, 100, 74232, 69
2026/07/30 02:28:10.207, 291.00, 100, 74232, 69
2026/07/30 02:28:11.244, 295.02, 100, 74232, 69
2026/07/30 02:28:12.281, 300.33, 100, 74232, 69
2026/07/30 02:28:13.319, 297.55, 100, 74232, 69
2026/07/30 02:28:14.356, 298.42, 100, 74232, 69
2026/07/30 02:28:15.394, 295.78, 100, 74232, 69
2026/07/30 02:28:16.431, 295.88, 100, 74232, 69
2026/07/30 02:28:17.471, 295.77, 100, 74232, 69
2026/07/30 02:28:18.508, 294.03, 100, 74232, 69
2026/07/30 02:28:19.545, 94.25, 2, 74232, 70
2026/07/30 02:28:20.581, 300.65, 100, 74232, 71
2026/07/30 02:28:21.617, 290.91, 100, 74232, 71
2026/07/30 02:28:22.655, 312.83, 100, 74232, 71
2026/07/30 02:28:23.690, 306.44, 100, 74232, 71
2026/07/30 02:28:24.725, 308.34, 100, 74232, 71
2026/07/30 02:28:25.760, 302.81, 100, 74232, 69
2026/07/30 02:28:26.796, 294.42, 100, 74232, 69
2026/07/30 02:28:27.834, 302.90, 100, 74232, 69
2026/07/30 02:28:28.871, 95.47, 0, 74232, 66
2026/07/30 02:28:29.903, 299.66, 100, 74232, 71
2026/07/30 02:28:30.941, 304.15, 100, 74232, 71
2026/07/30 02:28:31.976, 312.94, 100, 74232, 71
2026/07/30 02:28:33.013, 309.02, 100, 74232, 71
2026/07/30 02:28:34.055, 324.28, 100, 74232, 71
2026/07/30 02:28:35.147, 299.40, 100, 74232, 69
2026/07/30 02:28:36.184, 301.80, 100, 74232, 69
2026/07/30 02:28:37.221, 302.63, 100, 74232, 70
2026/07/30 02:28:38.258, 294.61, 100, 74232, 71
2026/07/30 02:28:39.294, 307.60, 100, 74232, 71
2026/07/30 02:28:40.330, 289.16, 100, 74232, 71
2026/07/30 02:28:41.366, 328.34, 100, 74232, 72
2026/07/30 02:28:42.406, 297.13, 100, 74232, 72
2026/07/30 02:28:43.441, 319.71, 100, 74232, 72
2026/07/30 02:28:44.479, 303.58, 100, 74232, 70
2026/07/30 02:28:45.515, 301.28, 100, 74232, 70
2026/07/30 02:28:46.552, 302.23, 100, 74232, 70
2026/07/30 02:28:47.590, 304.08, 100, 74232, 70
2026/07/30 02:28:48.627, 307.37, 100, 74232, 70
2026/07/30 02:28:49.664, 302.02, 100, 74232, 70
2026/07/30 02:28:50.701, 331.67, 0, 74232, 71
2026/07/30 02:28:51.737, 283.79, 100, 74232, 71
2026/07/30 02:28:52.772, 280.08, 100, 74232, 71
2026/07/30 02:28:53.809, 290.94, 100, 74232, 71
2026/07/30 02:28:54.848, 301.23, 100, 74232, 72
2026/07/30 02:28:55.882, 268.23, 100, 74232, 71
2026/07/30 02:28:56.916, 279.49, 100, 74232, 71
2026/07/30 02:28:57.953, 290.42, 100, 74232, 69
2026/07/30 02:28:58.991, 289.74, 100, 74232, 69
2026/07/30 02:29:00.029, 288.77, 100, 74232, 69
2026/07/30 02:29:01.064, 289.73, 100, 74232, 70
2026/07/30 02:29:02.110, 296.85, 100, 74232, 71
2026/07/30 02:29:03.150, 293.85, 100, 74232, 71
2026/07/30 02:29:04.186, 285.80, 100, 74232, 71
2026/07/30 02:29:05.225, 296.68, 100, 74232, 71
2026/07/30 02:29:06.260, 285.05, 100, 74232, 72
2026/07/30 02:29:07.296, 299.19, 100, 74232, 71
2026/07/30 02:29:08.332, 257.37, 100, 74232, 70
2026/07/30 02:29:09.375, 288.38, 100, 74232, 70
2026/07/30 02:29:10.413, 296.09, 100, 74232, 70
2026/07/30 02:29:11.449, 293.74, 100, 74232, 70
2026/07/30 02:29:12.489, 302.31, 100, 74232, 70
2026/07/30 02:29:13.526, 292.77, 100, 74232, 70
2026/07/30 02:29:14.565, 293.16, 100, 74232, 70
2026/07/30 02:29:15.603, 302.71, 100, 74232, 70
2026/07/30 02:29:16.640, 304.57, 100, 74232, 70
2026/07/30 02:29:17.678, 300.46, 100, 74232, 70
2026/07/30 02:29:18.715, 303.39, 100, 74232, 70
2026/07/30 02:29:19.755, 300.08, 100, 74232, 70
2026/07/30 02:29:20.791, 300.35, 100, 74232, 70
2026/07/30 02:29:21.828, 303.58, 100, 74232, 70
2026/07/30 02:29:22.865, 300.27, 100, 74232, 70
2026/07/30 02:29:23.902, 300.08, 100, 74232, 70
2026/07/30 02:29:24.939, 303.24, 100, 74232, 70
2026/07/30 02:29:25.977, 307.46, 100, 74232, 70
2026/07/30 02:29:27.015, 298.99, 100, 74232, 70
2026/07/30 02:29:28.053, 303.68, 100, 74232, 70
2026/07/30 02:29:29.090, 304.06, 100, 74232, 70
2026/07/30 02:29:30.129, 298.90, 100, 74232, 70
2026/07/30 02:29:31.167, 303.19, 100, 74232, 70
2026/07/30 02:29:32.204, 304.76, 100, 74232, 70
2026/07/30 02:29:33.242, 303.36, 100, 74232, 70
2026/07/30 02:29:34.280, 302.89, 100, 74232, 70
2026/07/30 02:29:35.318, 294.64, 100, 74232, 70
2026/07/30 02:29:36.357, 292.66, 100, 74232, 70
2026/07/30 02:29:37.394, 301.82, 100, 74232, 70
2026/07/30 02:29:38.430, 303.68, 100, 74232, 70
2026/07/30 02:29:39.467, 299.89, 100, 74232, 70
2026/07/30 02:29:40.503, 300.73, 100, 74232, 70
2026/07/30 02:29:41.541, 302.90, 100, 74232, 70
2026/07/30 02:29:42.578, 308.52, 100, 74232, 70
2026/07/30 02:29:43.616, 298.12, 100, 74232, 70
2026/07/30 02:29:44.654, 296.18, 100, 74232, 70
2026/07/30 02:29:45.691, 303.57, 100, 74232, 70
2026/07/30 02:29:46.729, 301.02, 100, 74232, 70
2026/07/30 02:29:47.768, 302.01, 100, 74232, 70
2026/07/30 02:29:48.806, 303.49, 100, 74232, 70
2026/07/30 02:29:49.842, 299.59, 100, 74232, 70
2026/07/30 02:29:50.880, 301.11, 100, 74232, 70
2026/07/30 02:29:51.917, 302.52, 100, 74232, 70
2026/07/30 02:29:52.954, 299.57, 100, 74232, 70
2026/07/30 02:29:53.991, 292.48, 100, 74232, 69
2026/07/30 02:29:55.028, 302.59, 100, 74232, 69
2026/07/30 02:29:56.066, 292.08, 100, 74232, 69
2026/07/30 02:29:57.104, 292.20, 100, 74232, 69
2026/07/30 02:29:58.142, 294.52, 100, 74232, 69
2026/07/30 02:29:59.182, 303.49, 100, 74232, 69
2026/07/30 02:30:00.220, 303.36, 100, 74232, 69
2026/07/30 02:30:01.257, 301.45, 100, 74232, 69
2026/07/30 02:30:02.293, 302.90, 100, 74232, 69
2026/07/30 02:30:03.330, 299.10, 100, 74232, 69
2026/07/30 02:30:04.368, 299.49, 100, 74232, 70
2026/07/30 02:30:05.405, 297.71, 100, 74232, 69
2026/07/30 02:30:06.442, 303.89, 100, 74232, 69
2026/07/30 02:30:07.479, 297.35, 100, 74232, 69
2026/07/30 02:30:08.517, 295.99, 100, 74232, 69
2026/07/30 02:30:09.555, 296.26, 100, 74232, 69
2026/07/30 02:30:10.597, 296.45, 100, 74232, 69
2026/07/30 02:30:11.636, 295.11, 100, 74232, 70
2026/07/30 02:30:12.675, 295.69, 100, 74232, 70
2026/07/30 02:30:13.716, 302.38, 100, 74232, 70
2026/07/30 02:30:14.752, 306.11, 100, 74232, 70
2026/07/30 02:30:15.788, 301.34, 100, 74232, 70
2026/07/30 02:30:16.826, 294.23, 100, 74232, 70
2026/07/30 02:30:17.863, 293.16, 100, 74232, 70
2026/07/30 02:30:18.900, 293.64, 100, 74232, 70
2026/07/30 02:30:19.938, 291.30, 100, 74232, 69
2026/07/30 02:30:20.977, 295.61, 100, 74232, 70
2026/07/30 02:30:22.013, 302.09, 100, 74232, 70
2026/07/30 02:30:23.051, 301.62, 100, 74232, 70
2026/07/30 02:30:24.089, 298.52, 100, 74232, 70
2026/07/30 02:30:25.130, 303.10, 100, 74232, 70
2026/07/30 02:30:26.167, 300.07, 100, 74232, 70
2026/07/30 02:30:27.203, 291.98, 100, 74232, 69
2026/07/30 02:30:28.240, 291.50, 100, 74232, 69
2026/07/30 02:30:29.283, 296.09, 100, 74232, 69
2026/07/30 02:30:30.319, 302.29, 100, 74232, 69
2026/07/30 02:30:31.355, 300.76, 100, 74232, 69
2026/07/30 02:30:32.392, 95.35, 0, 74232, 66
2026/07/30 02:30:33.426, 293.80, 100, 74232, 71
2026/07/30 02:30:34.462, 305.10, 100, 74232, 71
2026/07/30 02:30:35.500, 302.84, 100, 74232, 71
2026/07/30 02:30:36.536, 304.74, 100, 74232, 71
2026/07/30 02:30:37.571, 301.34, 100, 74232, 71
2026/07/30 02:30:38.605, 288.95, 100, 74232, 71
2026/07/30 02:30:39.642, 302.50, 100, 74232, 69
2026/07/30 02:30:40.678, 300.55, 100, 74232, 69
2026/07/30 02:30:41.716, 301.71, 100, 74232, 69
2026/07/30 02:30:42.753, 296.96, 100, 74232, 69
2026/07/30 02:30:43.791, 298.52, 100, 74232, 69
2026/07/30 02:30:44.828, 302.88, 100, 74232, 69
2026/07/30 02:30:45.866, 303.08, 100, 74232, 69
2026/07/30 02:30:46.903, 300.96, 100, 74232, 69
2026/07/30 02:30:47.940, 302.90, 100, 74232, 70
2026/07/30 02:30:48.978, 302.89, 100, 74232, 70
2026/07/30 02:30:50.020, 297.45, 100, 74232, 70
2026/07/30 02:30:51.061, 295.49, 100, 74232, 69
2026/07/30 02:30:52.098, 295.29, 100, 74232, 70
2026/07/30 02:30:53.137, 296.10, 100, 74232, 70
2026/07/30 02:30:54.174, 302.10, 100, 74232, 70
2026/07/30 02:30:55.210, 297.26, 100, 74232, 70
2026/07/30 02:30:56.247, 298.98, 100, 74232, 70
2026/07/30 02:30:57.288, 301.74, 100, 74232, 70
2026/07/30 02:30:58.326, 294.91, 100, 74232, 70
2026/07/30 02:30:59.364, 296.47, 100, 74232, 70
2026/07/30 02:31:00.400, 296.28, 100, 74232, 70
2026/07/30 02:31:01.438, 296.48, 100, 74232, 70
2026/07/30 02:31:02.475, 296.47, 100, 74232, 70
2026/07/30 02:31:03.513, 293.74, 100, 74232, 70
2026/07/30 02:31:04.553, 299.02, 100, 74232, 70
2026/07/30 02:31:05.590, 296.07, 100, 74232, 70
2026/07/30 02:31:06.630, 292.77, 100, 74232, 70
2026/07/30 02:31:07.669, 298.33, 100, 74232, 70
2026/07/30 02:31:08.706, 296.37, 100, 74232, 70
2026/07/30 02:31:09.751, 296.86, 100, 74232, 70
2026/07/30 02:31:10.788, 294.23, 100, 74232, 70
2026/07/30 02:31:11.826, 299.11, 100, 74232, 70
2026/07/30 02:31:12.864, 303.88, 100, 74232, 70
2026/07/30 02:31:13.901, 303.96, 100, 74232, 70
2026/07/30 02:31:14.941, 302.03, 100, 74232, 70
2026/07/30 02:31:15.978, 302.99, 100, 74232, 70
2026/07/30 02:31:17.015, 299.88, 100, 74232, 70
2026/07/30 02:31:18.052, 298.68, 100, 74232, 69
2026/07/30 02:31:19.088, 301.93, 100, 74232, 69
2026/07/30 02:31:20.125, 303.18, 100, 74232, 69
2026/07/30 02:31:21.162, 300.47, 100, 74232, 69
2026/07/30 02:31:22.199, 297.82, 100, 74232, 69
2026/07/30 02:31:23.236, 296.47, 100, 74232, 69
2026/07/30 02:31:24.274, 296.95, 100, 74232, 69
2026/07/30 02:31:25.312, 292.58, 100, 74232, 69
2026/07/30 02:31:26.350, 296.18, 100, 74232, 69
2026/07/30 02:31:27.386, 298.99, 100, 74232, 69
2026/07/30 02:31:28.426, 291.80, 100, 74232, 69
2026/07/30 02:31:29.463, 302.61, 100, 74232, 69
2026/07/30 02:31:30.508, 302.42, 100, 74232, 69
2026/07/30 02:31:31.546, 306.02, 100, 74232, 69
2026/07/30 02:31:32.583, 300.84, 100, 74232, 69
2026/07/30 02:31:33.620, 302.80, 100, 74232, 69
2026/07/30 02:31:34.658, 303.30, 100, 74232, 69
2026/07/30 02:31:35.697, 297.24, 100, 74232, 69
2026/07/30 02:31:36.735, 303.19, 100, 74232, 69
2026/07/30 02:31:37.773, 300.08, 100, 74232, 69
2026/07/30 02:31:38.811, 301.04, 100, 74232, 69
2026/07/30 02:31:39.849, 302.52, 100, 74232, 69
2026/07/30 02:31:40.885, 299.49, 100, 74232, 69
2026/07/30 02:31:41.922, 299.88, 100, 74232, 69
2026/07/30 02:31:42.959, 94.06, 0, 74232, 66
2026/07/30 02:31:43.993, 293.05, 100, 74232, 70
2026/07/30 02:31:45.028, 302.88, 100, 74232, 70
2026/07/30 02:31:46.064, 293.87, 100, 74232, 71
2026/07/30 02:31:47.099, 301.27, 100, 74232, 70
2026/07/30 02:31:48.135, 295.88, 100, 74232, 70
2026/07/30 02:31:49.170, 331.35, 100, 74232, 71
2026/07/30 02:31:50.205, 301.34, 100, 74232, 69
2026/07/30 02:31:51.241, 306.41, 100, 74232, 69
2026/07/30 02:31:52.279, 297.36, 100, 74232, 69
2026/07/30 02:31:53.316, 298.23, 100, 74232, 69
2026/07/30 02:31:54.354, 303.40, 100, 74232, 69
2026/07/30 02:31:55.391, 299.59, 100, 74232, 69
2026/07/30 02:31:56.429, 301.33, 100, 74232, 69
2026/07/30 02:31:57.466, 296.18, 100, 74232, 69
2026/07/30 02:31:58.507, 289.25, 100, 74232, 69
2026/07/30 02:31:59.544, 292.30, 100, 74232, 69
2026/07/30 02:32:00.582, 295.88, 100, 74232, 69
2026/07/30 02:32:01.621, 291.40, 100, 74232, 70
2026/07/30 02:32:02.658, 302.41, 100, 74232, 70
2026/07/30 02:32:03.698, 302.69, 100, 74232, 70
2026/07/30 02:32:04.737, 303.57, 100, 74232, 70
2026/07/30 02:32:05.774, 306.21, 100, 74232, 70
2026/07/30 02:32:06.811, 296.85, 100, 74232, 70
2026/07/30 02:32:07.848, 296.66, 100, 74232, 70
2026/07/30 02:32:08.888, 291.39, 100, 74232, 70
2026/07/30 02:32:09.926, 300.67, 100, 74232, 70
2026/07/30 02:32:10.964, 302.52, 100, 74232, 70
2026/07/30 02:32:12.000, 293.64, 100, 74232, 70
2026/07/30 02:32:13.036, 301.04, 100, 74232, 70
2026/07/30 02:32:14.073, 303.58, 100, 74232, 70
2026/07/30 02:32:15.110, 299.29, 100, 74232, 70
2026/07/30 02:32:16.148, 297.24, 100, 74232, 69
2026/07/30 02:32:17.186, 294.24, 100, 74232, 70
2026/07/30 02:32:18.224, 297.06, 100, 74232, 69
2026/07/30 02:32:19.262, 300.75, 100, 74232, 69
2026/07/30 02:32:20.299, 292.68, 100, 74232, 69
2026/07/30 02:32:21.338, 303.00, 100, 74232, 70
2026/07/30 02:32:22.376, 299.39, 100, 74232, 69
2026/07/30 02:32:23.413, 297.96, 100, 74232, 70
2026/07/30 02:32:24.452, 301.83, 100, 74232, 70
2026/07/30 02:32:25.492, 302.89, 100, 74232, 69
2026/07/30 02:32:26.531, 292.86, 100, 74232, 69
2026/07/30 02:32:27.568, 293.55, 100, 74232, 69
2026/07/30 02:32:28.605, 295.31, 100, 74232, 69
2026/07/30 02:32:29.643, 301.83, 100, 74232, 69
2026/07/30 02:32:30.680, 303.82, 100, 74232, 69
2026/07/30 02:32:31.718, 298.51, 100, 74232, 69
2026/07/30 02:32:32.756, 300.86, 100, 74232, 69
2026/07/30 02:32:33.793, 302.92, 100, 74232, 69
2026/07/30 02:32:34.830, 298.62, 100, 74232, 69
2026/07/30 02:32:35.867, 298.81, 100, 74232, 69
2026/07/30 02:32:36.903, 138.26, 98, 74232, 68
2026/07/30 02:32:37.938, 306.38, 100, 74232, 71
2026/07/30 02:32:38.977, 288.27, 100, 74232, 71
2026/07/30 02:32:40.012, 292.01, 100, 74232, 71
2026/07/30 02:32:41.048, 306.32, 100, 74232, 71
2026/07/30 02:32:42.084, 306.08, 100, 74232, 71
2026/07/30 02:32:43.131, 311.30, 100, 74232, 71
2026/07/30 02:32:44.167, 301.64, 100, 74232, 69
2026/07/30 02:32:45.205, 295.30, 100, 74232, 69
2026/07/30 02:32:46.243, 292.58, 100, 74232, 69
2026/07/30 02:32:47.287, 293.24, 100, 74232, 69
2026/07/30 02:32:48.326, 295.31, 100, 74232, 69
2026/07/30 02:32:49.365, 290.73, 100, 74232, 69
2026/07/30 02:32:50.404, 298.52, 100, 74232, 69
2026/07/30 02:32:51.441, 301.92, 100, 74232, 69
2026/07/30 02:32:52.478, 303.30, 100, 74232, 69
2026/07/30 02:32:53.515, 301.36, 100, 74232, 70
2026/07/30 02:32:54.553, 301.24, 100, 74232, 70
2026/07/30 02:32:55.590, 302.99, 100, 74232, 70
2026/07/30 02:32:56.628, 303.27, 100, 74232, 70
2026/07/30 02:32:57.666, 303.40, 100, 74232, 70
2026/07/30 02:32:58.704, 301.24, 100, 74232, 70
2026/07/30 02:32:59.744, 302.62, 100, 74232, 69
2026/07/30 02:33:00.780, 296.08, 100, 74232, 70
2026/07/30 02:33:01.817, 296.38, 100, 74232, 69
2026/07/30 02:33:02.854, 300.95, 100, 74232, 70
2026/07/30 02:33:03.892, 298.49, 100, 74232, 70
2026/07/30 02:33:04.928, 296.07, 100, 74232, 69
2026/07/30 02:33:05.967, 288.78, 100, 74232, 69
2026/07/30 02:33:07.003, 295.00, 100, 74232, 69
2026/07/30 02:33:08.047, 302.11, 100, 74232, 70
2026/07/30 02:33:09.084, 301.44, 100, 74232, 70
2026/07/30 02:33:10.122, 291.88, 100, 74232, 70
2026/07/30 02:33:11.159, 298.13, 100, 74232, 70
2026/07/30 02:33:12.196, 302.72, 100, 74232, 70
2026/07/30 02:33:13.233, 303.69, 100, 74232, 70
2026/07/30 02:33:14.270, 303.57, 100, 74232, 70
2026/07/30 02:33:15.306, 299.79, 100, 74232, 70
2026/07/30 02:33:16.344, 303.07, 100, 74232, 69
2026/07/30 02:33:17.383, 303.01, 100, 74232, 70
2026/07/30 02:33:18.422, 303.22, 100, 74232, 70
2026/07/30 02:33:19.460, 297.32, 100, 74232, 70
2026/07/30 02:33:20.496, 301.54, 100, 74232, 70
2026/07/30 02:33:21.535, 297.55, 100, 74232, 69
2026/07/30 02:33:22.574, 297.82, 100, 74232, 69
2026/07/30 02:33:23.611, 300.09, 100, 74232, 69
2026/07/30 02:33:24.649, 300.37, 100, 74232, 70
2026/07/30 02:33:25.687, 295.58, 100, 74232, 69
2026/07/30 02:33:26.727, 303.77, 100, 74232, 69
2026/07/30 02:33:27.767, 304.14, 100, 74232, 69
2026/07/30 02:33:28.805, 296.37, 100, 74232, 69
2026/07/30 02:33:29.846, 295.21, 100, 74232, 69
2026/07/30 02:33:30.883, 295.41, 100, 74232, 69
2026/07/30 02:33:31.920, 296.28, 100, 74232, 69
2026/07/30 02:33:32.956, 293.26, 100, 74232, 69
2026/07/30 02:33:33.994, 301.03, 100, 74232, 69
2026/07/30 02:33:35.031, 302.91, 100, 74232, 69
2026/07/30 02:33:36.068, 303.49, 100, 74232, 69
2026/07/30 02:33:37.106, 297.16, 100, 74232, 69
2026/07/30 02:33:38.144, 296.56, 100, 74232, 69
2026/07/30 02:33:39.182, 302.70, 100, 74232, 69
2026/07/30 02:33:40.220, 302.59, 100, 74232, 69
2026/07/30 02:33:41.257, 295.51, 100, 74232, 69
2026/07/30 02:33:42.295, 294.02, 100, 74232, 69
2026/07/30 02:33:43.337, 291.41, 100, 74232, 69
2026/07/30 02:33:44.374, 296.08, 100, 74232, 69
2026/07/30 02:33:45.412, 302.49, 100, 74232, 69
2026/07/30 02:33:46.450, 289.55, 100, 74232, 69
2026/07/30 02:33:47.487, 299.76, 100, 74232, 69
2026/07/30 02:33:48.524, 302.96, 100, 74232, 69
2026/07/30 02:33:49.561, 295.99, 100, 74232, 69
2026/07/30 02:33:50.598, 303.87, 100, 74232, 69
2026/07/30 02:33:51.635, 301.05, 100, 74232, 69
2026/07/30 02:33:52.672, 295.60, 100, 74232, 69
2026/07/30 02:33:53.711, 295.78, 100, 74232, 69
2026/07/30 02:33:54.748, 300.25, 100, 74232, 69
2026/07/30 02:33:55.786, 302.39, 100, 74232, 69
2026/07/30 02:33:56.826, 303.45, 100, 74232, 69
2026/07/30 02:33:57.863, 303.49, 100, 74232, 69
2026/07/30 02:33:58.901, 299.40, 100, 74232, 69
2026/07/30 02:33:59.941, 302.23, 100, 74232, 69
2026/07/30 02:34:00.978, 302.38, 100, 74232, 69
2026/07/30 02:34:02.015, 303.39, 100, 74232, 69
2026/07/30 02:34:03.052, 299.68, 100, 74232, 69
2026/07/30 02:34:04.089, 300.06, 100, 74232, 69
2026/07/30 02:34:05.126, 301.15, 100, 74232, 69
2026/07/30 02:34:06.165, 301.45, 100, 74232, 69
2026/07/30 02:34:07.203, 295.58, 100, 74232, 69
2026/07/30 02:34:08.241, 298.14, 100, 74232, 69
2026/07/30 02:34:09.279, 295.79, 100, 74232, 69
2026/07/30 02:34:10.315, 295.39, 100, 74232, 69
2026/07/30 02:34:11.353, 302.32, 100, 74232, 69
2026/07/30 02:34:12.391, 297.93, 100, 74232, 69
2026/07/30 02:34:13.430, 301.73, 100, 74232, 69
2026/07/30 02:34:14.468, 290.14, 100, 74232, 69
2026/07/30 02:34:15.505, 295.01, 100, 74232, 69
2026/07/30 02:34:16.541, 295.79, 100, 74232, 69
2026/07/30 02:34:17.579, 303.20, 100, 74232, 69
2026/07/30 02:34:18.617, 292.85, 100, 74232, 69
2026/07/30 02:34:19.654, 294.52, 100, 74232, 69
2026/07/30 02:34:20.692, 296.37, 100, 74232, 69
2026/07/30 02:34:21.730, 303.78, 100, 74232, 69
2026/07/30 02:34:22.771, 298.02, 100, 74232, 69
2026/07/30 02:34:23.808, 288.46, 100, 74232, 69
2026/07/30 02:34:24.846, 294.72, 100, 74232, 69
2026/07/30 02:34:25.885, 296.37, 100, 74232, 69
2026/07/30 02:34:26.923, 291.42, 100, 74232, 69
2026/07/30 02:34:27.961, 298.40, 100, 74232, 69
2026/07/30 02:34:28.998, 295.11, 100, 74232, 69
2026/07/30 02:34:30.040, 295.69, 100, 74232, 69
2026/07/30 02:34:31.078, 301.70, 100, 74232, 69
2026/07/30 02:34:32.116, 302.81, 100, 74232, 69
2026/07/30 02:34:33.153, 299.70, 100, 74232, 69
2026/07/30 02:34:34.190, 303.25, 100, 74232, 69
2026/07/30 02:34:35.232, 290.80, 100, 74232, 69
2026/07/30 02:34:36.270, 294.72, 100, 74232, 69
2026/07/30 02:34:37.307, 302.33, 100, 74232, 69
2026/07/30 02:34:38.345, 302.60, 100, 74232, 69
2026/07/30 02:34:39.381, 300.09, 100, 74232, 69
2026/07/30 02:34:40.418, 302.81, 100, 74232, 69
2026/07/30 02:34:41.455, 299.27, 100, 74232, 69
2026/07/30 02:34:42.492, 298.12, 100, 74232, 69
2026/07/30 02:34:43.529, 301.36, 100, 74232, 69
2026/07/30 02:34:44.567, 302.80, 100, 74232, 69
2026/07/30 02:34:45.603, 303.65, 100, 74232, 69
2026/07/30 02:34:46.640, 297.95, 100, 74232, 69
2026/07/30 02:34:47.677, 305.19, 100, 74232, 69
2026/07/30 02:34:48.712, 294.41, 100, 74232, 69
2026/07/30 02:34:49.751, 291.89, 100, 74232, 69
2026/07/30 02:34:50.794, 298.63, 100, 74232, 69
2026/07/30 02:34:51.833, 295.21, 100, 74232, 69
2026/07/30 02:34:52.870, 298.32, 100, 74232, 69
2026/07/30 02:34:53.908, 295.89, 100, 74232, 69
2026/07/30 02:34:54.945, 293.35, 100, 74232, 69
2026/07/30 02:34:55.984, 301.93, 100, 74232, 69
2026/07/30 02:34:57.024, 298.71, 100, 74232, 69
2026/07/30 02:34:58.062, 302.42, 100, 74232, 69
2026/07/30 02:34:59.102, 298.13, 100, 74232, 69
2026/07/30 02:35:00.140, 305.43, 100, 74232, 69
2026/07/30 02:35:01.177, 294.43, 100, 74232, 69
2026/07/30 02:35:02.214, 302.61, 100, 74232, 69
2026/07/30 02:35:03.252, 303.68, 100, 74232, 69
2026/07/30 02:35:04.289, 301.24, 100, 74232, 69
2026/07/30 02:35:05.327, 292.67, 100, 74232, 69
2026/07/30 02:35:06.365, 300.74, 100, 74232, 69
2026/07/30 02:35:07.404, 301.02, 100, 74232, 69
2026/07/30 02:35:08.441, 301.25, 100, 74232, 69
2026/07/30 02:35:09.480, 303.40, 100, 74232, 69
2026/07/30 02:35:10.518, 304.09, 100, 74232, 69
2026/07/30 02:35:11.556, 294.04, 100, 74232, 69
2026/07/30 02:35:12.593, 300.96, 100, 74232, 69
2026/07/30 02:35:13.630, 293.26, 100, 74232, 69
2026/07/30 02:35:14.667, 297.34, 100, 74232, 69
2026/07/30 02:35:15.705, 303.58, 100, 74232, 69
2026/07/30 02:35:16.742, 299.98, 100, 74232, 69
2026/07/30 02:35:17.784, 292.19, 100, 74232, 69
2026/07/30 02:35:18.822, 300.67, 100, 74232, 69
2026/07/30 02:35:19.858, 302.61, 100, 74232, 69
2026/07/30 02:35:20.896, 301.63, 100, 74232, 69
2026/07/30 02:35:21.933, 302.63, 100, 74232, 69
2026/07/30 02:35:22.972, 303.77, 100, 74232, 69
2026/07/30 02:35:24.010, 300.18, 100, 74232, 69
2026/07/30 02:35:25.048, 290.24, 100, 74232, 69
2026/07/30 02:35:26.088, 296.56, 100, 74232, 69
2026/07/30 02:35:27.124, 293.94, 100, 74232, 69
2026/07/30 02:35:28.162, 295.11, 100, 74232, 69
2026/07/30 02:35:29.200, 296.77, 100, 74232, 69
2026/07/30 02:35:30.239, 301.45, 100, 74232, 69
2026/07/30 02:35:31.274, 296.70, 100, 74232, 69
2026/07/30 02:35:32.312, 299.89, 100, 74232, 69
2026/07/30 02:35:33.350, 302.61, 100, 74232, 69
2026/07/30 02:35:34.388, 298.41, 100, 74232, 69
2026/07/30 02:35:35.424, 302.42, 100, 74232, 69
2026/07/30 02:35:36.461, 298.23, 100, 74232, 69
2026/07/30 02:35:37.498, 292.67, 100, 74232, 69
2026/07/30 02:35:38.535, 291.22, 100, 74232, 69
2026/07/30 02:35:39.571, 294.52, 100, 74232, 69
2026/07/30 02:35:40.607, 301.15, 100, 74232, 69
2026/07/30 02:35:41.644, 294.23, 100, 74232, 69
2026/07/30 02:35:42.682, 303.17, 100, 74232, 69
2026/07/30 02:35:43.720, 297.45, 100, 74232, 69
2026/07/30 02:35:44.758, 296.47, 100, 74232, 69
2026/07/30 02:35:45.795, 290.55, 100, 74232, 69
2026/07/30 02:35:46.833, 295.29, 100, 74232, 69
2026/07/30 02:35:47.871, 296.47, 100, 74232, 69
2026/07/30 02:35:48.912, 303.20, 100, 74232, 69
2026/07/30 02:35:49.950, 303.48, 100, 74232, 69
2026/07/30 02:35:50.988, 302.80, 100, 74232, 69
2026/07/30 02:35:52.025, 297.25, 100, 74232, 69
2026/07/30 02:35:53.063, 292.46, 100, 74232, 69
2026/07/30 02:35:54.101, 297.07, 100, 74232, 69
2026/07/30 02:35:55.138, 300.38, 100, 74232, 70
2026/07/30 02:35:56.180, 303.20, 100, 74232, 70
2026/07/30 02:35:57.217, 301.12, 100, 74232, 70
2026/07/30 02:35:58.255, 303.11, 100, 74232, 70
2026/07/30 02:35:59.292, 304.46, 100, 74232, 69
2026/07/30 02:36:00.330, 303.45, 100, 74232, 69
2026/07/30 02:36:01.368, 290.23, 100, 74232, 69
2026/07/30 02:36:02.407, 292.57, 100, 74232, 69
2026/07/30 02:36:03.448, 295.82, 100, 74232, 69
2026/07/30 02:36:04.485, 293.93, 100, 74232, 69
2026/07/30 02:36:05.524, 296.08, 100, 74232, 69
2026/07/30 02:36:06.562, 296.38, 100, 74232, 69
2026/07/30 02:36:07.601, 296.37, 100, 74232, 69
2026/07/30 02:36:08.639, 288.17, 100, 74232, 69
2026/07/30 02:36:09.688, 296.07, 100, 74232, 69
2026/07/30 02:36:10.728, 301.74, 100, 74232, 69
2026/07/30 02:36:11.766, 302.71, 100, 74232, 69
2026/07/30 02:36:12.802, 304.27, 100, 74232, 69
2026/07/30 02:36:13.840, 302.52, 100, 74232, 69
2026/07/30 02:36:14.878, 304.17, 100, 74232, 69
2026/07/30 02:36:15.915, 299.87, 100, 74232, 69
2026/07/30 02:36:16.952, 303.98, 100, 74232, 69
2026/07/30 02:36:17.990, 299.09, 100, 74232, 69
2026/07/30 02:36:19.027, 302.33, 100, 74232, 69
2026/07/30 02:36:20.066, 299.29, 100, 74232, 69
2026/07/30 02:36:21.104, 295.59, 100, 74232, 69
2026/07/30 02:36:22.141, 296.18, 100, 74232, 69
2026/07/30 02:36:23.178, 296.58, 100, 74232, 69
2026/07/30 02:36:24.216, 295.88, 100, 74232, 69
2026/07/30 02:36:25.254, 297.23, 100, 74232, 69
2026/07/30 02:36:26.291, 292.86, 100, 74232, 69
2026/07/30 02:36:27.329, 307.48, 100, 74232, 69
2026/07/30 02:36:28.365, 295.02, 100, 74232, 69
2026/07/30 02:36:29.406, 297.93, 100, 74232, 69
2026/07/30 02:36:30.443, 301.26, 100, 74232, 69
2026/07/30 02:36:31.481, 302.00, 100, 74232, 69
2026/07/30 02:36:32.518, 302.18, 100, 74232, 69
2026/07/30 02:36:33.555, 301.25, 100, 74232, 69
2026/07/30 02:36:34.592, 302.22, 100, 74232, 69
2026/07/30 02:36:35.630, 303.47, 100, 74232, 69
2026/07/30 02:36:36.668, 294.71, 100, 74232, 69
2026/07/30 02:36:37.706, 295.88, 100, 74232, 69
2026/07/30 02:36:38.747, 296.37, 100, 74232, 69
2026/07/30 02:36:39.785, 296.46, 100, 74232, 69
2026/07/30 02:36:40.821, 293.15, 100, 74232, 69
2026/07/30 02:36:41.857, 291.78, 100, 74232, 69
2026/07/30 02:36:42.894, 294.62, 100, 74232, 69
2026/07/30 02:36:43.933, 292.86, 100, 74232, 69
2026/07/30 02:36:44.970, 293.24, 100, 74232, 69
2026/07/30 02:36:46.014, 299.30, 100, 74232, 69
2026/07/30 02:36:47.052, 292.20, 100, 74232, 69
2026/07/30 02:36:48.089, 294.52, 100, 74232, 69
2026/07/30 02:36:49.126, 299.88, 100, 74232, 69
2026/07/30 02:36:50.163, 301.65, 100, 74232, 69
2026/07/30 02:36:51.202, 302.30, 100, 74232, 69
2026/07/30 02:36:52.240, 303.68, 100, 74232, 69
2026/07/30 02:36:53.278, 301.35, 100, 74232, 69
2026/07/30 02:36:54.316, 302.86, 100, 74232, 69
2026/07/30 02:36:55.353, 303.97, 100, 74232, 69
2026/07/30 02:36:56.392, 303.38, 100, 74232, 69
2026/07/30 02:36:57.429, 297.44, 100, 74232, 69
2026/07/30 02:36:58.471, 294.60, 100, 74232, 69
2026/07/30 02:36:59.508, 296.18, 100, 74232, 69
2026/07/30 02:37:00.546, 304.86, 100, 74232, 69
2026/07/30 02:37:01.583, 300.38, 100, 74232, 69
2026/07/30 02:37:02.620, 293.54, 100, 74232, 69
2026/07/30 02:37:03.656, 300.07, 100, 74232, 69
2026/07/30 02:37:04.694, 297.64, 100, 74232, 69
2026/07/30 02:37:05.731, 302.80, 100, 74232, 69
2026/07/30 02:37:06.769, 294.42, 100, 74232, 69
2026/07/30 02:37:07.807, 295.68, 100, 74232, 69
2026/07/30 02:37:08.845, 296.26, 100, 74232, 69
2026/07/30 02:37:09.883, 301.63, 100, 74232, 69
2026/07/30 02:37:10.920, 303.01, 100, 74232, 69
2026/07/30 02:37:11.966, 300.83, 100, 74232, 69
2026/07/30 02:37:13.004, 303.77, 100, 74232, 69
2026/07/30 02:37:14.041, 299.09, 100, 74232, 69
2026/07/30 02:37:15.079, 300.54, 100, 74232, 69
2026/07/30 02:37:16.117, 299.80, 100, 74232, 69
2026/07/30 02:37:17.156, 300.86, 100, 74232, 69
2026/07/30 02:37:18.194, 302.04, 100, 74232, 69
2026/07/30 02:37:19.232, 303.30, 100, 74232, 69
2026/07/30 02:37:20.272, 296.77, 100, 74232, 69
2026/07/30 02:37:21.312, 303.49, 100, 74232, 69
2026/07/30 02:37:22.351, 301.83, 100, 74232, 69
2026/07/30 02:37:23.391, 296.46, 100, 74232, 69
2026/07/30 02:37:24.429, 300.05, 100, 74232, 69
2026/07/30 02:37:25.467, 294.70, 100, 74232, 69
2026/07/30 02:37:26.505, 296.28, 100, 74232, 69
2026/07/30 02:37:27.542, 300.95, 100, 74232, 69
2026/07/30 02:37:28.580, 293.15, 100, 74232, 69
2026/07/30 02:37:29.616, 298.17, 100, 74232, 69
2026/07/30 02:37:30.654, 292.85, 100, 74232, 69
2026/07/30 02:37:31.691, 299.99, 100, 74232, 69
2026/07/30 02:37:32.729, 299.30, 100, 74232, 69
2026/07/30 02:37:33.766, 301.34, 100, 74232, 69
2026/07/30 02:37:34.806, 303.08, 100, 74232, 69
2026/07/30 02:37:35.842, 303.58, 100, 74232, 69
2026/07/30 02:37:36.881, 302.61, 100, 74232, 69
2026/07/30 02:37:37.919, 299.00, 100, 74232, 71
2026/07/30 02:37:38.955, 292.08, 100, 74232, 71
2026/07/30 02:37:39.990, 316.88, 100, 74232, 71
2026/07/30 02:37:41.025, 290.91, 100, 74232, 71
2026/07/30 02:37:42.069, 314.07, 100, 74232, 71
2026/07/30 02:37:43.104, 275.28, 100, 74232, 71
2026/07/30 02:37:44.140, 259.21, 100, 74232, 71
2026/07/30 02:37:45.176, 303.00, 100, 74232, 69
2026/07/30 02:37:46.213, 299.13, 100, 74232, 69
2026/07/30 02:37:47.251, 299.19, 100, 74232, 70
2026/07/30 02:37:48.288, 302.69, 100, 74232, 70
2026/07/30 02:37:49.326, 303.30, 100, 74232, 70
2026/07/30 02:37:50.363, 301.54, 100, 74232, 70
2026/07/30 02:37:51.403, 294.23, 100, 74232, 70
2026/07/30 02:37:52.440, 297.34, 100, 74232, 70
2026/07/30 02:37:53.477, 296.86, 100, 74232, 70
2026/07/30 02:37:54.515, 303.67, 100, 74232, 70
2026/07/30 02:37:55.553, 296.90, 100, 74232, 70
2026/07/30 02:37:56.592, 294.13, 100, 74232, 70
2026/07/30 02:37:57.630, 291.99, 100, 74232, 70
2026/07/30 02:37:58.669, 296.37, 100, 74232, 70
2026/07/30 02:37:59.708, 300.35, 100, 74232, 70
2026/07/30 02:38:00.745, 297.07, 100, 74232, 70
2026/07/30 02:38:01.788, 299.11, 100, 74232, 70
2026/07/30 02:38:02.825, 299.99, 100, 74232, 70
2026/07/30 02:38:03.862, 303.88, 100, 74232, 70
2026/07/30 02:38:04.898, 302.42, 100, 74232, 70
2026/07/30 02:38:05.938, 295.30, 100, 74232, 70
2026/07/30 02:38:06.976, 295.20, 100, 74232, 70
2026/07/30 02:38:08.013, 303.87, 100, 74232, 70
2026/07/30 02:38:09.052, 295.87, 100, 74232, 70
2026/07/30 02:38:10.089, 297.85, 100, 74232, 70
2026/07/30 02:38:11.126, 295.19, 100, 74232, 70
2026/07/30 02:38:12.164, 303.97, 100, 74232, 70
2026/07/30 02:38:13.201, 303.17, 100, 74232, 70
2026/07/30 02:38:14.238, 295.77, 100, 74232, 70
2026/07/30 02:38:15.275, 295.48, 100, 74232, 70
2026/07/30 02:38:16.313, 303.48, 100, 74232, 70
2026/07/30 02:38:17.351, 296.36, 100, 74232, 70
2026/07/30 02:38:18.389, 296.07, 100, 74232, 70
2026/07/30 02:38:19.428, 303.00, 100, 74232, 69
2026/07/30 02:38:20.466, 295.89, 100, 74232, 69
2026/07/30 02:38:21.503, 292.75, 100, 74232, 69
2026/07/30 02:38:22.541, 294.90, 100, 74232, 69
2026/07/30 02:38:23.578, 296.96, 100, 74232, 69
2026/07/30 02:38:24.616, 295.99, 100, 74232, 69
2026/07/30 02:38:25.655, 292.67, 100, 74232, 69
2026/07/30 02:38:26.692, 295.12, 100, 74232, 69
2026/07/30 02:38:27.730, 294.33, 100, 74232, 69
2026/07/30 02:38:28.769, 295.89, 100, 74232, 69
2026/07/30 02:38:29.807, 291.39, 100, 74232, 69
2026/07/30 02:38:30.847, 293.63, 100, 74232, 69
2026/07/30 02:38:31.884, 292.86, 100, 74232, 69
2026/07/30 02:38:32.922, 295.89, 100, 74232, 69
2026/07/30 02:38:33.959, 303.48, 100, 74232, 70
2026/07/30 02:38:34.998, 299.87, 100, 74232, 70
2026/07/30 02:38:36.036, 302.42, 100, 74232, 70
2026/07/30 02:38:37.074, 299.11, 100, 74232, 70
2026/07/30 02:38:38.114, 303.97, 100, 74232, 70
2026/07/30 02:38:39.151, 295.89, 100, 74232, 70
2026/07/30 02:38:40.188, 298.80, 100, 74232, 70
2026/07/30 02:38:41.226, 301.15, 100, 74232, 70
2026/07/30 02:38:42.263, 302.88, 100, 74232, 70
2026/07/30 02:38:43.302, 297.14, 100, 74232, 70
2026/07/30 02:38:44.340, 303.20, 100, 74232, 70
2026/07/30 02:38:45.382, 300.76, 100, 74232, 69
2026/07/30 02:38:46.420, 296.08, 100, 74232, 70
2026/07/30 02:38:47.458, 295.79, 100, 74232, 69
2026/07/30 02:38:48.496, 304.75, 100, 74232, 69
2026/07/30 02:38:49.533, 298.33, 100, 74232, 69
2026/07/30 02:38:50.573, 293.65, 100, 74232, 69
2026/07/30 02:38:51.611, 295.78, 100, 74232, 69
2026/07/30 02:38:52.651, 293.64, 100, 74232, 69
2026/07/30 02:38:53.690, 296.37, 100, 74232, 69
2026/07/30 02:38:54.728, 292.60, 100, 74232, 69
2026/07/30 02:38:55.765, 298.31, 100, 74232, 69
2026/07/30 02:38:56.803, 298.42, 100, 74232, 69
2026/07/30 02:38:57.840, 296.47, 100, 74232, 69
2026/07/30 02:38:58.879, 290.04, 100, 74232, 69
2026/07/30 02:38:59.917, 305.42, 100, 74232, 69
2026/07/30 02:39:00.957, 301.83, 100, 74232, 69
2026/07/30 02:39:01.995, 303.82, 100, 74232, 69
2026/07/30 02:39:03.032, 295.89, 100, 74232, 69
2026/07/30 02:39:04.069, 296.57, 100, 74232, 69
2026/07/30 02:39:05.106, 300.46, 100, 74232, 69
2026/07/30 02:39:06.143, 293.15, 100, 74232, 69
2026/07/30 02:39:07.180, 295.40, 100, 74232, 69
2026/07/30 02:39:08.219, 296.09, 100, 74232, 69
2026/07/30 02:39:09.257, 296.57, 100, 74232, 69
2026/07/30 02:39:10.297, 299.57, 100, 74232, 69
2026/07/30 02:39:11.335, 300.94, 100, 74232, 69
2026/07/30 02:39:12.371, 293.35, 100, 74232, 69
2026/07/30 02:39:13.411, 292.47, 100, 74232, 69
2026/07/30 02:39:14.448, 296.48, 100, 74232, 69
2026/07/30 02:39:15.489, 297.25, 100, 74232, 69
2026/07/30 02:39:16.529, 291.80, 100, 74232, 69
2026/07/30 02:39:17.567, 294.73, 100, 74232, 69
2026/07/30 02:39:18.607, 290.33, 100, 74232, 69
2026/07/30 02:39:19.645, 295.60, 100, 74232, 69
2026/07/30 02:39:20.681, 296.66, 100, 74232, 69
2026/07/30 02:39:21.720, 293.85, 100, 74232, 69
2026/07/30 02:39:22.757, 292.86, 100, 74232, 69
2026/07/30 02:39:23.800, 295.89, 100, 74232, 69
2026/07/30 02:39:24.838, 289.84, 100, 74232, 69
2026/07/30 02:39:25.876, 296.66, 100, 74232, 69
2026/07/30 02:39:26.914, 297.82, 100, 74232, 69
2026/07/30 02:39:27.956, 303.47, 100, 74232, 69
2026/07/30 02:39:28.994, 292.77, 100, 74232, 69
2026/07/30 02:39:30.030, 296.85, 100, 74232, 69
2026/07/30 02:39:31.068, 293.56, 100, 74232, 69
2026/07/30 02:39:32.106, 301.63, 100, 74232, 70
2026/07/30 02:39:33.144, 303.64, 100, 74232, 70
2026/07/30 02:39:34.184, 303.78, 100, 74232, 70
2026/07/30 02:39:35.220, 299.79, 100, 74232, 70
2026/07/30 02:39:36.259, 293.36, 100, 74232, 70
2026/07/30 02:39:37.296, 295.90, 100, 74232, 70
2026/07/30 02:39:38.339, 295.78, 100, 74232, 69
2026/07/30 02:39:39.376, 296.08, 100, 74232, 70
2026/07/30 02:39:40.414, 296.95, 100, 74232, 69
2026/07/30 02:39:41.455, 289.75, 100, 74232, 69
2026/07/30 02:39:42.492, 299.10, 100, 74232, 70
2026/07/30 02:39:43.530, 305.34, 100, 74232, 70
2026/07/30 02:39:44.572, 303.27, 100, 74232, 69
2026/07/30 02:39:45.609, 296.08, 100, 74232, 70
2026/07/30 02:39:46.651, 303.30, 100, 74232, 70
2026/07/30 02:39:47.689, 300.58, 100, 74232, 70
2026/07/30 02:39:48.725, 299.80, 100, 74232, 70
2026/07/30 02:39:49.763, 301.17, 100, 74232, 70
2026/07/30 02:39:50.803, 302.66, 100, 74232, 70
2026/07/30 02:39:51.842, 302.42, 100, 74232, 70
2026/07/30 02:39:52.880, 303.20, 100, 74232, 70
2026/07/30 02:39:53.917, 304.56, 100, 74232, 70
2026/07/30 02:39:54.955, 303.57, 100, 74232, 70
2026/07/30 02:39:55.993, 300.45, 100, 74232, 70
2026/07/30 02:39:57.033, 301.83, 100, 74232, 70
2026/07/30 02:39:58.071, 291.10, 100, 74232, 70
2026/07/30 02:39:59.109, 295.30, 100, 74232, 70
2026/07/30 02:40:00.146, 297.26, 100, 74232, 70
2026/07/30 02:40:01.185, 289.64, 100, 74232, 69
2026/07/30 02:40:02.223, 296.78, 100, 74232, 70
2026/07/30 02:40:03.260, 294.81, 100, 74232, 70
2026/07/30 02:40:04.298, 295.80, 100, 74232, 70
2026/07/30 02:40:05.335, 295.30, 100, 74232, 70
2026/07/30 02:40:06.373, 295.99, 100, 74232, 70
2026/07/30 02:40:07.411, 296.85, 100, 74232, 70
2026/07/30 02:40:08.447, 296.57, 100, 74232, 70
2026/07/30 02:40:09.485, 298.03, 100, 74232, 70
2026/07/30 02:40:10.524, 295.80, 100, 74232, 70
2026/07/30 02:40:11.561, 291.78, 100, 74232, 69
2026/07/30 02:40:12.599, 294.22, 100, 74232, 70
2026/07/30 02:40:13.637, 302.81, 100, 74232, 70
2026/07/30 02:40:14.674, 303.29, 100, 74232, 70
2026/07/30 02:40:15.713, 307.28, 100, 74232, 70
2026/07/30 02:40:16.750, 305.43, 100, 74232, 70
2026/07/30 02:40:17.787, 297.63, 100, 74232, 70
2026/07/30 02:40:18.824, 297.35, 100, 74232, 70
2026/07/30 02:40:19.861, 299.19, 100, 74232, 69
2026/07/30 02:40:20.898, 296.47, 100, 74232, 69
2026/07/30 02:40:21.935, 303.86, 100, 74232, 70
2026/07/30 02:40:22.972, 303.88, 100, 74232, 70
2026/07/30 02:40:24.015, 299.11, 100, 74232, 70
2026/07/30 02:40:25.052, 299.00, 100, 74232, 69
2026/07/30 02:40:26.090, 296.87, 100, 74232, 70
2026/07/30 02:40:27.131, 303.28, 100, 74232, 69
2026/07/30 02:40:28.168, 298.61, 100, 74232, 70
2026/07/30 02:40:29.205, 296.67, 100, 74232, 69
2026/07/30 02:40:30.242, 303.18, 100, 74232, 70
2026/07/30 02:40:31.281, 303.88, 100, 74232, 70
2026/07/30 02:40:32.319, 299.02, 100, 74232, 70
2026/07/30 02:40:33.356, 302.68, 100, 74232, 70
2026/07/30 02:40:34.394, 303.65, 100, 74232, 69
2026/07/30 02:40:35.438, 297.55, 100, 74232, 69
2026/07/30 02:40:36.476, 292.07, 100, 74232, 69
2026/07/30 02:40:37.522, 295.21, 100, 74232, 69
2026/07/30 02:40:38.563, 290.24, 100, 74232, 69
2026/07/30 02:40:39.600, 296.56, 100, 74232, 69
2026/07/30 02:40:40.640, 296.76, 100, 74232, 69
2026/07/30 02:40:41.677, 302.68, 100, 74232, 69
2026/07/30 02:40:42.714, 308.46, 100, 74232, 70
2026/07/30 02:40:43.751, 294.22, 100, 74232, 69
2026/07/30 02:40:44.791, 293.45, 100, 74232, 69
2026/07/30 02:40:45.830, 295.31, 100, 74232, 69
2026/07/30 02:40:46.868, 296.27, 100, 74232, 69
2026/07/30 02:40:47.908, 295.69, 100, 74232, 69
2026/07/30 02:40:48.945, 296.56, 100, 74232, 69
2026/07/30 02:40:49.985, 306.59, 100, 74232, 69
2026/07/30 02:40:51.023, 301.15, 100, 74232, 70
2026/07/30 02:40:52.061, 299.59, 100, 74232, 69
2026/07/30 02:40:53.099, 302.52, 100, 74232, 70
2026/07/30 02:40:54.135, 302.68, 100, 74232, 70
2026/07/30 02:40:55.174, 302.12, 100, 74232, 70
2026/07/30 02:40:56.211, 302.51, 100, 74232, 69
2026/07/30 02:40:57.250, 304.27, 100, 74232, 69
2026/07/30 02:40:58.287, 296.37, 100, 74232, 69
2026/07/30 02:40:59.323, 296.76, 100, 74232, 69
2026/07/30 02:41:00.361, 293.34, 100, 74232, 69
2026/07/30 02:41:01.397, 291.68, 100, 74232, 69
2026/07/30 02:41:02.435, 294.61, 100, 74232, 69
2026/07/30 02:41:03.472, 295.70, 100, 74232, 69
2026/07/30 02:41:04.510, 302.11, 100, 74232, 69
2026/07/30 02:41:05.547, 303.38, 100, 74232, 69
2026/07/30 02:41:06.587, 284.11, 71, 74232, 71
2026/07/30 02:41:07.622, 303.01, 100, 74232, 69
2026/07/30 02:41:08.664, 300.96, 100, 74232, 69
2026/07/30 02:41:09.703, 301.25, 100, 74232, 69
2026/07/30 02:41:10.741, 301.07, 100, 74232, 69
2026/07/30 02:41:11.783, 301.24, 100, 74232, 69
2026/07/30 02:41:12.819, 304.38, 100, 74232, 69
2026/07/30 02:41:13.855, 297.83, 100, 74232, 69
2026/07/30 02:41:14.894, 302.23, 100, 74232, 69
2026/07/30 02:41:15.930, 296.20, 100, 74232, 69
2026/07/30 02:41:16.968, 300.09, 100, 74232, 69
2026/07/30 02:41:18.005, 292.10, 100, 74232, 69
2026/07/30 02:41:19.041, 293.25, 100, 74232, 69
2026/07/30 02:41:20.078, 299.21, 100, 74232, 69
2026/07/30 02:41:21.116, 298.71, 100, 74232, 69
2026/07/30 02:41:22.153, 294.70, 100, 74232, 69
2026/07/30 02:41:23.191, 294.53, 100, 74232, 69
2026/07/30 02:41:24.228, 296.48, 100, 74232, 69
2026/07/30 02:41:25.266, 293.63, 100, 74232, 69
2026/07/30 02:41:26.304, 298.51, 100, 74232, 69
2026/07/30 02:41:27.340, 297.74, 100, 74232, 69
2026/07/30 02:41:28.378, 301.24, 100, 74232, 69
2026/07/30 02:41:29.415, 300.66, 100, 74232, 69
2026/07/30 02:41:30.453, 302.90, 100, 74232, 69
2026/07/30 02:41:31.491, 300.96, 100, 74232, 69
2026/07/30 02:41:32.530, 301.85, 100, 74232, 69
2026/07/30 02:41:33.567, 297.53, 100, 74232, 69
2026/07/30 02:41:34.604, 302.39, 100, 74232, 69
2026/07/30 02:41:35.641, 296.29, 100, 74232, 69
2026/07/30 02:41:36.677, 298.40, 100, 74232, 69
2026/07/30 02:41:37.714, 296.97, 100, 74232, 69
2026/07/30 02:41:38.752, 299.21, 100, 74232, 69
2026/07/30 02:41:39.790, 301.93, 100, 74232, 69
2026/07/30 02:41:40.828, 301.73, 100, 74232, 69
2026/07/30 02:41:41.866, 302.90, 100, 74232, 69
2026/07/30 02:41:42.903, 301.07, 100, 74232, 69
2026/07/30 02:41:43.940, 296.20, 100, 74232, 69
2026/07/30 02:41:44.979, 302.45, 100, 74232, 69
2026/07/30 02:41:46.018, 301.83, 100, 74232, 69
2026/07/30 02:41:47.054, 300.67, 100, 74232, 69
2026/07/30 02:41:48.091, 300.77, 100, 74232, 69
2026/07/30 02:41:49.128, 301.32, 100, 74232, 69
2026/07/30 02:41:50.165, 302.00, 100, 74232, 69
2026/07/30 02:41:51.202, 301.23, 100, 74232, 69
2026/07/30 02:41:52.238, 299.88, 100, 74232, 69
2026/07/30 02:41:53.274, 299.99, 100, 74232, 69
2026/07/30 02:41:54.312, 292.47, 100, 74232, 69
2026/07/30 02:41:55.351, 299.20, 100, 74232, 69
2026/07/30 02:41:56.389, 300.08, 100, 74232, 69
2026/07/30 02:41:57.427, 301.44, 100, 74232, 69
2026/07/30 02:41:58.466, 300.57, 100, 74232, 69
2026/07/30 02:41:59.503, 301.74, 100, 74232, 69
2026/07/30 02:42:00.542, 301.80, 100, 74232, 69
2026/07/30 02:42:01.579, 300.47, 100, 74232, 69
2026/07/30 02:42:02.616, 300.27, 100, 74232, 69
2026/07/30 02:42:03.652, 300.46, 100, 74232, 69
2026/07/30 02:42:04.689, 300.56, 100, 74232, 69
2026/07/30 02:42:05.725, 299.58, 100, 74232, 69
2026/07/30 02:42:06.762, 300.96, 100, 74232, 69
2026/07/30 02:42:07.801, 300.67, 100, 74232, 69
2026/07/30 02:42:08.838, 300.46, 100, 74232, 69
2026/07/30 02:42:09.877, 301.15, 100, 74232, 69
2026/07/30 02:42:10.913, 300.18, 100, 74232, 69
2026/07/30 02:42:11.953, 299.57, 100, 74232, 69
2026/07/30 02:42:12.989, 299.59, 100, 74232, 69
2026/07/30 02:42:14.027, 300.86, 100, 74232, 69
2026/07/30 02:42:15.064, 300.95, 100, 74232, 69
2026/07/30 02:42:16.101, 300.55, 100, 74232, 69
2026/07/30 02:42:17.138, 300.75, 100, 74232, 69
2026/07/30 02:42:18.176, 288.47, 100, 74232, 69
2026/07/30 02:42:19.213, 293.45, 100, 74232, 69
2026/07/30 02:42:20.253, 293.15, 100, 74232, 69
2026/07/30 02:42:21.289, 287.60, 100, 74232, 69
2026/07/30 02:42:22.325, 292.17, 100, 74232, 69
2026/07/30 02:42:23.362, 293.55, 100, 74232, 69
2026/07/30 02:42:24.399, 302.31, 100, 74232, 69
2026/07/30 02:42:25.436, 283.41, 100, 74232, 69
2026/07/30 02:42:26.474, 287.78, 100, 74232, 69
2026/07/30 02:42:27.511, 298.72, 100, 74232, 69
2026/07/30 02:42:28.550, 305.43, 100, 74232, 69
2026/07/30 02:42:29.588, 297.54, 100, 74232, 69
2026/07/30 02:42:30.625, 298.80, 100, 74232, 69
2026/07/30 02:42:31.664, 301.43, 100, 74232, 69
2026/07/30 02:42:32.702, 303.48, 100, 74232, 69
2026/07/30 02:42:33.740, 298.13, 100, 74232, 69
2026/07/30 02:42:34.777, 297.75, 100, 74232, 69
2026/07/30 02:42:35.816, 294.92, 100, 74232, 69
2026/07/30 02:42:36.853, 295.68, 100, 74232, 69
2026/07/30 02:42:37.892, 301.35, 100, 74232, 69
2026/07/30 02:42:38.929, 292.00, 100, 74232, 69
2026/07/30 02:42:39.970, 296.28, 100, 74232, 69
2026/07/30 02:42:41.007, 298.81, 100, 74232, 69
2026/07/30 02:42:42.044, 301.44, 100, 74232, 69
2026/07/30 02:42:43.085, 300.73, 100, 74232, 69
2026/07/30 02:42:44.122, 301.54, 100, 74232, 69
2026/07/30 02:42:45.158, 302.09, 100, 74232, 69
2026/07/30 02:42:46.195, 302.08, 100, 74232, 69
2026/07/30 02:42:47.233, 300.17, 100, 74232, 69
2026/07/30 02:42:48.271, 297.26, 100, 74232, 69
2026/07/30 02:42:49.309, 299.87, 100, 74232, 69
2026/07/30 02:42:50.347, 290.55, 100, 74232, 69
2026/07/30 02:42:51.384, 298.70, 100, 74232, 69
2026/07/30 02:42:52.422, 296.00, 100, 74232, 69
2026/07/30 02:42:53.470, 301.06, 100, 74232, 69
2026/07/30 02:42:54.507, 300.75, 100, 74232, 69
2026/07/30 02:42:55.544, 301.92, 100, 74232, 69
2026/07/30 02:42:56.582, 301.63, 100, 74232, 69
2026/07/30 02:42:57.621, 289.09, 100, 74232, 71
2026/07/30 02:42:58.656, 286.94, 100, 74232, 70
2026/07/30 02:42:59.692, 303.65, 100, 74232, 71
2026/07/30 02:43:00.726, 312.33, 100, 74232, 71
2026/07/30 02:43:01.763, 301.52, 100, 74232, 71
2026/07/30 02:43:02.804, 275.49, 100, 74232, 71
2026/07/30 02:43:03.839, 302.04, 100, 74232, 69
2026/07/30 02:43:04.876, 301.75, 100, 74232, 69
2026/07/30 02:43:05.913, 293.35, 100, 74232, 69
2026/07/30 02:43:06.955, 301.24, 100, 74232, 69
2026/07/30 02:43:07.993, 302.32, 100, 74232, 69
2026/07/30 02:43:09.029, 299.06, 100, 74232, 69
2026/07/30 02:43:10.067, 298.91, 100, 74232, 69
2026/07/30 02:43:11.105, 298.36, 100, 74232, 69
2026/07/30 02:43:12.146, 298.81, 100, 74232, 70
2026/07/30 02:43:13.184, 302.41, 100, 74232, 70
2026/07/30 02:43:14.222, 303.57, 100, 74232, 70
2026/07/30 02:43:15.260, 297.16, 100, 74232, 70
2026/07/30 02:43:16.298, 296.57, 100, 74232, 70
2026/07/30 02:43:17.337, 302.83, 100, 74232, 70
2026/07/30 02:43:18.375, 297.26, 100, 74232, 69
2026/07/30 02:43:19.415, 295.49, 100, 74232, 70
2026/07/30 02:43:20.452, 297.04, 100, 74232, 70
2026/07/30 02:43:21.489, 298.41, 100, 74232, 69
2026/07/30 02:43:22.527, 295.78, 100, 74232, 69
2026/07/30 02:43:23.565, 292.77, 100, 74232, 69
2026/07/30 02:43:24.604, 296.28, 100, 74232, 69
2026/07/30 02:43:25.641, 300.57, 100, 74232, 70
2026/07/30 02:43:26.682, 303.00, 100, 74232, 70
2026/07/30 02:43:27.719, 303.47, 100, 74232, 70
2026/07/30 02:43:28.763, 300.48, 100, 74232, 70
2026/07/30 02:43:29.800, 303.37, 100, 74232, 69
2026/07/30 02:43:30.838, 295.60, 100, 74232, 69
2026/07/30 02:43:31.877, 296.07, 100, 74232, 69
2026/07/30 02:43:32.915, 291.50, 100, 74232, 69
2026/07/30 02:43:33.954, 288.27, 100, 74232, 69
2026/07/30 02:43:34.992, 299.70, 100, 74232, 69
2026/07/30 02:43:36.029, 295.39, 100, 74232, 69
2026/07/30 02:43:37.067, 299.70, 100, 74232, 69
2026/07/30 02:43:38.104, 298.58, 100, 74232, 69
2026/07/30 02:43:39.143, 298.90, 100, 74232, 69
2026/07/30 02:43:40.182, 297.73, 100, 74232, 69
2026/07/30 02:43:41.222, 297.57, 100, 74232, 69
2026/07/30 02:43:42.260, 301.34, 100, 74232, 69
2026/07/30 02:43:43.297, 302.42, 100, 74232, 69
2026/07/30 02:43:44.335, 302.71, 100, 74232, 69
2026/07/30 02:43:45.372, 300.65, 100, 74232, 69
2026/07/30 02:43:46.410, 302.57, 100, 74232, 69
2026/07/30 02:43:47.447, 303.29, 100, 74232, 69
2026/07/30 02:43:48.486, 299.38, 100, 74232, 69
2026/07/30 02:43:49.524, 302.42, 100, 74232, 69
2026/07/30 02:43:50.562, 302.41, 100, 74232, 69
2026/07/30 02:43:51.599, 297.62, 100, 74232, 69
2026/07/30 02:43:52.635, 301.43, 100, 74232, 68
2026/07/30 02:43:53.670, 286.34, 100, 74232, 71
2026/07/30 02:43:54.707, 294.65, 100, 74232, 71
2026/07/30 02:43:55.741, 280.28, 100, 74232, 71
2026/07/30 02:43:56.778, 277.97, 100, 74232, 71
2026/07/30 02:43:57.815, 278.47, 100, 74232, 71
2026/07/30 02:43:58.852, 302.97, 100, 74232, 71
2026/07/30 02:43:59.888, 299.57, 100, 74232, 69
2026/07/30 02:44:00.925, 303.09, 100, 74232, 69
2026/07/30 02:44:01.962, 300.37, 100, 74232, 69
2026/07/30 02:44:03.001, 299.31, 100, 74232, 69
2026/07/30 02:44:04.037, 302.39, 100, 74232, 69
2026/07/30 02:44:05.074, 298.04, 100, 74232, 70
2026/07/30 02:44:06.112, 299.10, 100, 74232, 70
2026/07/30 02:44:07.150, 299.21, 100, 74232, 70
2026/07/30 02:44:08.187, 300.56, 100, 74232, 70
2026/07/30 02:44:09.225, 303.89, 100, 74232, 70
2026/07/30 02:44:10.263, 296.07, 100, 74232, 70
2026/07/30 02:44:11.301, 297.25, 100, 74232, 70
2026/07/30 02:44:12.341, 296.37, 100, 74232, 70
2026/07/30 02:44:13.379, 290.83, 100, 74232, 70
2026/07/30 02:44:14.420, 299.89, 100, 74232, 70
2026/07/30 02:44:15.458, 295.68, 100, 74232, 70
2026/07/30 02:44:16.495, 288.07, 100, 74232, 70
2026/07/30 02:44:17.533, 295.21, 100, 74232, 70
2026/07/30 02:44:18.569, 296.87, 100, 74232, 70
2026/07/30 02:44:19.610, 296.49, 100, 74232, 70
2026/07/30 02:44:20.647, 300.26, 100, 74232, 70
2026/07/30 02:44:21.685, 301.63, 100, 74232, 70
2026/07/30 02:44:22.722, 301.33, 100, 74232, 70
2026/07/30 02:44:23.760, 293.64, 100, 74232, 70
2026/07/30 02:44:24.798, 295.59, 100, 74232, 70
2026/07/30 02:44:25.837, 295.40, 100, 74232, 70
2026/07/30 02:44:26.876, 296.37, 100, 74232, 70
2026/07/30 02:44:27.913, 295.21, 100, 74232, 70
2026/07/30 02:44:28.952, 302.52, 100, 74232, 70
2026/07/30 02:44:29.989, 303.86, 100, 74232, 70
2026/07/30 02:44:31.025, 300.08, 100, 74232, 70
2026/07/30 02:44:32.062, 302.31, 100, 74232, 70
2026/07/30 02:44:33.100, 296.74, 100, 74232, 70
2026/07/30 02:44:34.138, 304.35, 100, 74232, 70
2026/07/30 02:44:35.176, 297.36, 100, 74232, 70
2026/07/30 02:44:36.213, 298.79, 100, 74232, 70
2026/07/30 02:44:37.251, 294.92, 100, 74232, 70
2026/07/30 02:44:38.291, 296.58, 100, 74232, 70
2026/07/30 02:44:39.327, 293.35, 100, 74232, 70
2026/07/30 02:44:40.365, 294.73, 100, 74232, 70
2026/07/30 02:44:41.402, 295.68, 100, 74232, 70
2026/07/30 02:44:42.439, 303.28, 100, 74232, 70
2026/07/30 02:44:43.479, 293.55, 100, 74232, 70
2026/07/30 02:44:44.518, 290.43, 100, 74232, 70
2026/07/30 02:44:45.558, 301.33, 100, 74232, 70
2026/07/30 02:44:46.596, 303.38, 100, 74232, 70
2026/07/30 02:44:47.633, 303.80, 100, 74232, 70
2026/07/30 02:44:48.672, 298.71, 100, 74232, 70
2026/07/30 02:44:49.710, 298.70, 100, 74232, 70
2026/07/30 02:44:50.748, 296.85, 100, 74232, 70
2026/07/30 02:44:51.790, 292.09, 100, 74232, 70
2026/07/30 02:44:52.828, 304.83, 73, 74232, 71
2026/07/30 02:44:53.865, 295.39, 100, 74232, 71
2026/07/30 02:44:54.900, 300.45, 100, 74232, 71
2026/07/30 02:44:55.936, 294.58, 100, 74232, 71
2026/07/30 02:44:56.972, 281.93, 100, 74232, 71
2026/07/30 02:44:58.008, 309.74, 100, 74232, 71
2026/07/30 02:44:59.044, 300.18, 100, 74232, 71
2026/07/30 02:45:00.080, 303.20, 100, 74232, 69
2026/07/30 02:45:01.119, 299.39, 100, 74232, 69
2026/07/30 02:45:02.157, 302.71, 100, 74232, 69
2026/07/30 02:45:03.194, 298.32, 100, 74232, 69
2026/07/30 02:45:04.232, 296.08, 100, 74232, 70
2026/07/30 02:45:05.270, 294.31, 100, 74232, 70
2026/07/30 02:45:06.308, 93.74, 31, 74232, 67
2026/07/30 02:45:07.341, 291.61, 100, 74232, 71
2026/07/30 02:45:08.376, 304.45, 100, 74232, 71
2026/07/30 02:45:09.412, 304.46, 100, 74232, 71
2026/07/30 02:45:10.448, 291.72, 100, 74232, 71
2026/07/30 02:45:11.491, 300.16, 100, 74232, 72
2026/07/30 02:45:12.525, 311.94, 100, 74232, 71
2026/07/30 02:45:13.558, 296.75, 100, 74232, 71
2026/07/30 02:45:14.594, 306.30, 100, 74232, 70
2026/07/30 02:45:15.632, 303.68, 100, 74232, 70
2026/07/30 02:45:16.668, 302.04, 100, 74232, 70
2026/07/30 02:45:17.703, 304.03, 100, 74232, 70
2026/07/30 02:45:18.741, 296.28, 100, 74232, 70
2026/07/30 02:45:19.780, 302.35, 100, 74232, 70
2026/07/30 02:45:20.821, 291.89, 100, 74232, 70
2026/07/30 02:45:21.858, 302.13, 100, 74232, 70
2026/07/30 02:45:22.897, 296.96, 100, 74232, 70
2026/07/30 02:45:23.936, 294.41, 100, 74232, 70
2026/07/30 02:45:24.972, 294.91, 100, 74232, 70
2026/07/30 02:45:26.009, 292.77, 100, 74232, 70
2026/07/30 02:45:27.048, 296.48, 100, 74232, 70
2026/07/30 02:45:28.085, 294.32, 100, 74232, 70
2026/07/30 02:45:29.122, 295.40, 100, 74232, 70
2026/07/30 02:45:30.158, 302.61, 100, 74232, 70
2026/07/30 02:45:31.198, 303.51, 100, 74232, 70
2026/07/30 02:45:32.234, 292.30, 100, 74232, 70
2026/07/30 02:45:33.271, 301.93, 100, 74232, 70
2026/07/30 02:45:34.312, 304.57, 100, 74232, 70
2026/07/30 02:45:35.350, 296.77, 100, 74232, 70
2026/07/30 02:45:36.388, 294.34, 100, 74232, 70
2026/07/30 02:45:37.427, 302.90, 100, 74232, 70
2026/07/30 02:45:38.465, 303.39, 100, 74232, 70
2026/07/30 02:45:39.502, 300.38, 100, 74232, 70
2026/07/30 02:45:40.538, 294.63, 100, 74232, 70
2026/07/30 02:45:41.575, 296.47, 100, 74232, 70
2026/07/30 02:45:42.613, 302.90, 100, 74232, 70
2026/07/30 02:45:43.651, 304.28, 100, 74232, 70
2026/07/30 02:45:44.689, 299.89, 100, 74232, 70
2026/07/30 02:45:45.727, 298.90, 100, 74232, 70
2026/07/30 02:45:46.766, 298.12, 100, 74232, 70
2026/07/30 02:45:47.803, 304.32, 100, 74232, 70
2026/07/30 02:45:48.840, 296.66, 100, 74232, 70
2026/07/30 02:45:49.878, 291.79, 100, 74232, 70
2026/07/30 02:45:50.917, 292.58, 100, 74232, 70
2026/07/30 02:45:51.956, 295.29, 100, 74232, 70
2026/07/30 02:45:52.992, 296.58, 100, 74232, 70
2026/07/30 02:45:54.030, 293.36, 100, 74232, 69
2026/07/30 02:45:55.066, 296.46, 100, 74232, 69
2026/07/30 02:45:56.106, 295.11, 100, 74232, 69
2026/07/30 02:45:57.144, 296.56, 100, 74232, 69
2026/07/30 02:45:58.181, 299.40, 100, 74232, 69
2026/07/30 02:45:59.218, 292.27, 100, 74232, 69
2026/07/30 02:46:00.255, 294.81, 100, 74232, 69
2026/07/30 02:46:01.293, 295.99, 100, 74232, 69
2026/07/30 02:46:02.330, 303.28, 100, 74232, 69
2026/07/30 02:46:03.368, 301.17, 100, 74232, 69
2026/07/30 02:46:04.406, 302.52, 100, 74232, 69
2026/07/30 02:46:05.445, 299.00, 100, 74232, 69
2026/07/30 02:46:06.481, 302.50, 100, 74232, 69
2026/07/30 02:46:07.529, 291.61, 100, 74232, 69
2026/07/30 02:46:08.570, 292.37, 100, 74232, 69
2026/07/30 02:46:09.608, 295.02, 100, 74232, 69
2026/07/30 02:46:10.650, 299.00, 100, 74232, 69
2026/07/30 02:46:11.688, 303.10, 100, 74232, 69
2026/07/30 02:46:12.724, 299.02, 100, 74232, 69
2026/07/30 02:46:13.760, 295.69, 100, 74232, 69
2026/07/30 02:46:14.798, 292.38, 100, 74232, 69
2026/07/30 02:46:15.836, 294.91, 100, 74232, 69
2026/07/30 02:46:16.875, 302.12, 100, 74232, 69
2026/07/30 02:46:17.912, 304.27, 100, 74232, 69
2026/07/30 02:46:18.950, 292.77, 100, 74232, 69
2026/07/30 02:46:19.987, 293.45, 100, 74232, 69
2026/07/30 02:46:21.025, 295.49, 100, 74232, 69
2026/07/30 02:46:22.063, 291.50, 100, 74232, 69
2026/07/30 02:46:23.100, 297.06, 100, 74232, 69
2026/07/30 02:46:24.139, 293.64, 100, 74232, 69
2026/07/30 02:46:25.177, 300.58, 100, 74232, 69
2026/07/30 02:46:26.215, 295.49, 100, 74232, 69
2026/07/30 02:46:27.253, 302.71, 100, 74232, 69
2026/07/30 02:46:28.290, 295.32, 100, 74232, 69
2026/07/30 02:46:29.330, 296.58, 100, 74232, 69
2026/07/30 02:46:30.367, 294.72, 100, 74232, 69
2026/07/30 02:46:31.404, 303.29, 100, 74232, 69
2026/07/30 02:46:32.442, 302.86, 100, 74232, 69
2026/07/30 02:46:33.479, 300.56, 100, 74232, 69
2026/07/30 02:46:34.519, 301.73, 100, 74232, 69
2026/07/30 02:46:35.556, 295.88, 100, 74232, 69
2026/07/30 02:46:36.593, 303.58, 100, 74232, 69
2026/07/30 02:46:37.632, 299.41, 100, 74232, 69
2026/07/30 02:46:38.671, 297.74, 100, 74232, 69
2026/07/30 02:46:39.709, 303.58, 100, 74232, 69
2026/07/30 02:46:40.747, 295.89, 100, 74232, 69
2026/07/30 02:46:41.785, 295.70, 100, 74232, 69
2026/07/30 02:46:42.823, 290.82, 100, 74232, 69
2026/07/30 02:46:43.860, 300.56, 100, 74232, 69
2026/07/30 02:46:44.897, 300.86, 100, 74232, 69
2026/07/30 02:46:45.934, 299.10, 100, 74232, 69
2026/07/30 02:46:46.972, 290.34, 100, 74232, 69
2026/07/30 02:46:48.010, 301.23, 100, 74232, 69
2026/07/30 02:46:49.047, 299.41, 100, 74232, 69
2026/07/30 02:46:50.085, 297.64, 100, 74232, 69
2026/07/30 02:46:51.125, 296.38, 100, 74232, 69
2026/07/30 02:46:52.167, 302.80, 100, 74232, 69
2026/07/30 02:46:53.204, 298.24, 100, 74232, 69
2026/07/30 02:46:54.243, 300.45, 100, 74232, 69
2026/07/30 02:46:55.281, 300.95, 100, 74232, 69
2026/07/30 02:46:56.319, 301.92, 100, 74232, 69
2026/07/30 02:46:57.358, 303.39, 100, 74232, 69
2026/07/30 02:46:58.396, 303.68, 100, 74232, 69
2026/07/30 02:46:59.434, 299.30, 100, 74232, 69
2026/07/30 02:47:00.471, 301.15, 100, 74232, 69
2026/07/30 02:47:01.510, 293.63, 100, 74232, 69
2026/07/30 02:47:02.548, 299.89, 100, 74232, 69
2026/07/30 02:47:03.586, 303.19, 100, 74232, 69
2026/07/30 02:47:04.627, 296.48, 100, 74232, 69
2026/07/30 02:47:05.663, 304.56, 100, 74232, 69
2026/07/30 02:47:06.701, 296.68, 100, 74232, 69
2026/07/30 02:47:07.738, 302.33, 100, 74232, 69
2026/07/30 02:47:08.775, 294.62, 100, 74232, 69
2026/07/30 02:47:09.813, 296.66, 100, 74232, 69
2026/07/30 02:47:10.850, 298.23, 100, 74232, 69
2026/07/30 02:47:11.890, 296.77, 100, 74232, 69
2026/07/30 02:47:12.927, 296.20, 100, 74232, 69
2026/07/30 02:47:13.969, 301.91, 100, 74232, 69
2026/07/30 02:47:15.006, 291.21, 100, 74232, 69
2026/07/30 02:47:16.047, 296.08, 100, 74232, 69
2026/07/30 02:47:17.085, 298.25, 100, 74232, 69
2026/07/30 02:47:18.127, 299.11, 100, 74232, 69
2026/07/30 02:47:19.164, 302.12, 100, 74232, 69
2026/07/30 02:47:20.202, 303.20, 100, 74232, 69
2026/07/30 02:47:21.239, 298.52, 100, 74232, 69
2026/07/30 02:47:22.277, 304.61, 100, 74232, 69
2026/07/30 02:47:23.315, 301.63, 100, 74232, 69
2026/07/30 02:47:24.354, 302.81, 100, 74232, 69
2026/07/30 02:47:25.391, 302.80, 100, 74232, 69
2026/07/30 02:47:26.430, 303.59, 100, 74232, 69
2026/07/30 02:47:27.467, 298.07, 100, 74232, 69
2026/07/30 02:47:28.504, 303.39, 100, 74232, 69
2026/07/30 02:47:29.541, 300.48, 100, 74232, 69
2026/07/30 02:47:30.579, 302.21, 100, 74232, 69
2026/07/30 02:47:31.616, 304.15, 100, 74232, 69
2026/07/30 02:47:32.653, 303.30, 100, 74232, 69
2026/07/30 02:47:33.692, 303.97, 100, 74232, 69
2026/07/30 02:47:34.730, 300.93, 100, 74232, 69
2026/07/30 02:47:35.769, 299.00, 100, 74232, 69
2026/07/30 02:47:36.806, 296.08, 100, 74232, 69
2026/07/30 02:47:37.843, 296.85, 100, 74232, 69
2026/07/30 02:47:38.881, 295.41, 100, 74232, 69
2026/07/30 02:47:39.922, 303.20, 100, 74232, 69
2026/07/30 02:47:40.965, 296.94, 100, 74232, 69
2026/07/30 02:47:42.003, 303.61, 100, 74232, 69
2026/07/30 02:47:43.043, 301.91, 100, 74232, 69
2026/07/30 02:47:44.080, 302.30, 100, 74232, 69
2026/07/30 02:47:45.120, 301.83, 100, 74232, 69
2026/07/30 02:47:46.157, 303.56, 100, 74232, 69
2026/07/30 02:47:47.194, 307.18, 100, 74232, 69
2026/07/30 02:47:48.232, 303.51, 100, 74232, 69
2026/07/30 02:47:49.269, 292.95, 100, 74232, 69
2026/07/30 02:47:50.306, 302.33, 100, 74232, 69
2026/07/30 02:47:51.343, 303.28, 100, 74232, 69
2026/07/30 02:47:52.380, 296.28, 100, 74232, 69
2026/07/30 02:47:53.417, 296.76, 100, 74232, 69
2026/07/30 02:47:54.456, 299.11, 100, 74232, 69
2026/07/30 02:47:55.493, 293.34, 100, 74232, 69
2026/07/30 02:47:56.531, 300.46, 100, 74232, 69
2026/07/30 02:47:57.568, 302.39, 100, 74232, 69
2026/07/30 02:47:58.605, 298.03, 100, 74232, 69
2026/07/30 02:47:59.642, 303.59, 100, 74232, 69
2026/07/30 02:48:00.680, 303.97, 100, 74232, 69
2026/07/30 02:48:01.716, 297.17, 100, 74232, 69
2026/07/30 02:48:02.756, 291.31, 100, 74232, 69
2026/07/30 02:48:03.793, 302.22, 100, 74232, 69
2026/07/30 02:48:04.833, 299.00, 100, 74232, 69
2026/07/30 02:48:05.871, 291.98, 100, 74232, 69
2026/07/30 02:48:06.908, 303.19, 100, 74232, 69
2026/07/30 02:48:07.946, 296.77, 100, 74232, 69
2026/07/30 02:48:08.983, 302.52, 100, 74232, 69
2026/07/30 02:48:10.020, 296.47, 100, 74232, 69
2026/07/30 02:48:11.057, 293.93, 100, 74232, 69
2026/07/30 02:48:12.096, 299.20, 100, 74232, 69
2026/07/30 02:48:13.134, 294.62, 100, 74232, 69
2026/07/30 02:48:14.175, 295.80, 100, 74232, 69
2026/07/30 02:48:15.213, 299.30, 100, 74232, 69
2026/07/30 02:48:16.250, 303.49, 100, 74232, 69
2026/07/30 02:48:17.288, 296.89, 100, 74232, 69
2026/07/30 02:48:18.326, 296.67, 100, 74232, 69
2026/07/30 02:48:19.367, 299.57, 100, 74232, 69
2026/07/30 02:48:20.404, 301.15, 100, 74232, 69
2026/07/30 02:48:21.441, 297.45, 100, 74232, 69
2026/07/30 02:48:22.478, 301.73, 100, 74232, 69
2026/07/30 02:48:23.515, 303.00, 100, 74232, 69
2026/07/30 02:48:24.552, 300.77, 100, 74232, 69
2026/07/30 02:48:25.593, 290.73, 100, 74232, 69
2026/07/30 02:48:26.630, 293.45, 100, 74232, 69
2026/07/30 02:48:27.675, 291.28, 100, 74232, 69
2026/07/30 02:48:28.713, 296.07, 100, 74232, 69
2026/07/30 02:48:29.750, 298.12, 100, 74232, 69
2026/07/30 02:48:30.787, 299.30, 100, 74232, 69
2026/07/30 02:48:31.831, 296.75, 100, 74232, 69
2026/07/30 02:48:32.869, 296.18, 100, 74232, 69
2026/07/30 02:48:33.906, 301.34, 100, 74232, 69
2026/07/30 02:48:34.943, 303.00, 100, 74232, 69
2026/07/30 02:48:35.981, 302.58, 100, 74232, 69
2026/07/30 02:48:37.020, 299.70, 100, 74232, 69
2026/07/30 02:48:38.058, 299.00, 100, 74232, 69
2026/07/30 02:48:39.098, 297.72, 100, 74232, 69
2026/07/30 02:48:40.135, 302.02, 100, 74232, 69
2026/07/30 02:48:41.176, 302.23, 100, 74232, 69
2026/07/30 02:48:42.214, 296.07, 100, 74232, 69
2026/07/30 02:48:43.252, 294.92, 100, 74232, 69
2026/07/30 02:48:44.298, 307.39, 100, 74232, 69
2026/07/30 02:48:45.336, 303.28, 100, 74232, 69
2026/07/30 02:48:46.374, 303.39, 100, 74232, 69
2026/07/30 02:48:47.412, 299.00, 100, 74232, 69
2026/07/30 02:48:48.449, 303.87, 100, 74232, 69
2026/07/30 02:48:49.486, 298.12, 100, 74232, 69
2026/07/30 02:48:50.526, 300.58, 100, 74232, 69
2026/07/30 02:48:51.564, 292.86, 100, 74232, 69
2026/07/30 02:48:52.604, 296.17, 100, 74232, 69
2026/07/30 02:48:53.645, 294.81, 100, 74232, 69
2026/07/30 02:48:54.682, 294.43, 100, 74232, 69
2026/07/30 02:48:55.720, 92.22, 83, 74232, 70
2026/07/30 02:48:56.756, 301.89, 100, 74232, 69
2026/07/30 02:48:57.792, 299.89, 100, 74232, 69
2026/07/30 02:48:58.832, 300.07, 100, 74232, 69
2026/07/30 02:48:59.871, 300.40, 100, 74232, 69
2026/07/30 02:49:00.909, 295.50, 100, 74232, 69
2026/07/30 02:49:01.949, 295.21, 100, 74232, 69
2026/07/30 02:49:02.986, 292.08, 100, 74232, 69
2026/07/30 02:49:04.024, 300.58, 100, 74232, 69
2026/07/30 02:49:05.068, 300.86, 100, 74232, 69
2026/07/30 02:49:06.106, 297.93, 100, 74232, 69
2026/07/30 02:49:07.144, 300.96, 100, 74232, 69
2026/07/30 02:49:08.183, 295.63, 100, 74232, 69
2026/07/30 02:49:09.220, 298.41, 100, 74232, 69
2026/07/30 02:49:10.257, 297.93, 100, 74232, 69
2026/07/30 02:49:11.295, 299.29, 100, 74232, 69
2026/07/30 02:49:12.332, 301.23, 100, 74232, 69
2026/07/30 02:49:13.370, 299.50, 100, 74232, 69
2026/07/30 02:49:14.408, 298.81, 100, 74232, 69
2026/07/30 02:49:15.445, 300.56, 100, 74232, 69
2026/07/30 02:49:16.482, 301.03, 100, 74232, 69
2026/07/30 02:49:17.519, 293.36, 100, 74232, 69
2026/07/30 02:49:18.558, 300.96, 100, 74232, 69
2026/07/30 02:49:19.595, 302.50, 100, 74232, 69
2026/07/30 02:49:20.633, 300.65, 100, 74232, 69
2026/07/30 02:49:21.670, 299.68, 100, 74232, 69
2026/07/30 02:49:22.709, 300.86, 100, 74232, 69
2026/07/30 02:49:23.746, 300.86, 100, 74232, 69
2026/07/30 02:49:24.782, 300.88, 100, 74232, 69
2026/07/30 02:49:25.819, 297.15, 100, 74232, 69
2026/07/30 02:49:26.857, 302.14, 100, 74232, 69
2026/07/30 02:49:27.895, 296.85, 100, 74232, 69
2026/07/30 02:49:28.932, 301.32, 100, 74232, 69
2026/07/30 02:49:29.971, 300.75, 100, 74232, 69
2026/07/30 02:49:31.009, 301.53, 100, 74232, 69
2026/07/30 02:49:32.049, 301.64, 100, 74232, 69
2026/07/30 02:49:33.087, 302.23, 100, 74232, 69
2026/07/30 02:49:34.128, 301.93, 100, 74232, 69
2026/07/30 02:49:35.165, 301.45, 100, 74232, 69
2026/07/30 02:49:36.202, 292.58, 100, 74232, 69
2026/07/30 02:49:37.239, 302.50, 100, 74232, 69
2026/07/30 02:49:38.277, 299.99, 100, 74232, 69
2026/07/30 02:49:39.319, 291.98, 100, 74232, 69
2026/07/30 02:49:40.356, 296.76, 100, 74232, 69
2026/07/30 02:49:41.396, 296.39, 100, 74232, 69
2026/07/30 02:49:42.434, 295.97, 100, 74232, 69
2026/07/30 02:49:43.472, 298.90, 100, 74232, 69
2026/07/30 02:49:44.510, 294.71, 100, 74232, 69
2026/07/30 02:49:45.547, 299.29, 100, 74232, 69
2026/07/30 02:49:46.586, 292.28, 100, 74232, 69
2026/07/30 02:49:47.623, 299.49, 100, 74232, 69
2026/07/30 02:49:48.661, 300.37, 100, 74232, 69
2026/07/30 02:49:49.698, 296.85, 100, 74232, 69
2026/07/30 02:49:50.735, 296.77, 100, 74232, 69
2026/07/30 02:49:51.773, 298.03, 100, 74232, 69
2026/07/30 02:49:52.811, 298.52, 100, 74232, 69
2026/07/30 02:49:53.849, 297.15, 100, 74232, 69
2026/07/30 02:49:54.885, 297.24, 100, 74232, 69
2026/07/30 02:49:55.923, 300.77, 100, 74232, 69
2026/07/30 02:49:56.961, 290.02, 100, 74232, 69
2026/07/30 02:49:57.999, 291.00, 100, 74232, 69
2026/07/30 02:49:59.040, 290.62, 100, 74232, 69
2026/07/30 02:50:00.078, 297.36, 100, 74232, 69
2026/07/30 02:50:01.116, 296.16, 100, 74232, 69
2026/07/30 02:50:02.155, 298.80, 100, 74232, 69
2026/07/30 02:50:03.192, 300.65, 100, 74232, 69
2026/07/30 02:50:04.230, 302.04, 100, 74232, 69
2026/07/30 02:50:05.268, 306.51, 100, 74232, 69
2026/07/30 02:50:06.305, 301.64, 100, 74232, 69
2026/07/30 02:50:07.344, 305.53, 100, 74232, 69
2026/07/30 02:50:08.385, 302.79, 100, 74232, 69
2026/07/30 02:50:09.424, 300.85, 100, 74232, 69
2026/07/30 02:50:10.463, 302.00, 100, 74232, 69
2026/07/30 02:50:11.500, 302.13, 100, 74232, 69
2026/07/30 02:50:12.536, 293.53, 100, 74232, 71
2026/07/30 02:50:13.571, 298.22, 100, 74232, 71
2026/07/30 02:50:14.608, 288.55, 100, 74232, 71
2026/07/30 02:50:15.644, 278.22, 100, 74232, 71
2026/07/30 02:50:16.680, 300.30, 100, 74232, 71
2026/07/30 02:50:17.718, 268.85, 100, 74232, 69
2026/07/30 02:50:18.757, 282.54, 100, 74232, 69
2026/07/30 02:50:19.795, 295.51, 100, 74232, 69
2026/07/30 02:50:20.832, 302.12, 100, 74232, 69
2026/07/30 02:50:21.872, 289.76, 100, 74232, 69
2026/07/30 02:50:22.909, 94.74, 0, 74232, 66
2026/07/30 02:50:23.943, 299.29, 100, 74232, 71
2026/07/30 02:50:24.979, 299.21, 100, 74232, 71
2026/07/30 02:50:26.015, 301.53, 100, 74232, 71
2026/07/30 02:50:27.055, 306.20, 100, 74232, 71
2026/07/30 02:50:28.091, 295.30, 100, 74232, 71
2026/07/30 02:50:29.126, 285.30, 100, 74232, 71
2026/07/30 02:50:30.161, 301.72, 100, 74232, 69
2026/07/30 02:50:31.198, 301.60, 100, 74232, 69
2026/07/30 02:50:32.236, 298.04, 100, 74232, 69
2026/07/30 02:50:33.273, 94.14, 22, 74232, 67
2026/07/30 02:50:34.307, 293.18, 100, 74232, 71
2026/07/30 02:50:35.342, 304.94, 100, 74232, 71
2026/07/30 02:50:36.377, 283.58, 100, 74232, 71
2026/07/30 02:50:37.412, 309.22, 100, 74232, 71
2026/07/30 02:50:38.447, 297.98, 100, 74232, 71
2026/07/30 02:50:39.482, 265.20, 100, 74232, 71
2026/07/30 02:50:40.524, 301.53, 100, 74232, 69
2026/07/30 02:50:41.562, 302.90, 100, 74232, 69
2026/07/30 02:50:42.601, 297.91, 100, 74232, 69
2026/07/30 02:50:43.638, 302.23, 100, 74232, 70
2026/07/30 02:50:44.676, 302.52, 100, 74232, 70
2026/07/30 02:50:45.713, 299.30, 100, 74232, 70
2026/07/30 02:50:46.751, 309.73, 65, 74232, 71
2026/07/30 02:50:47.787, 307.06, 100, 74232, 71
2026/07/30 02:50:48.823, 305.60, 100, 74232, 71
2026/07/30 02:50:49.861, 300.38, 100, 74232, 71
2026/07/30 02:50:50.897, 299.76, 100, 74232, 71
2026/07/30 02:50:51.937, 319.68, 100, 74232, 72
2026/07/30 02:50:52.972, 247.43, 100, 74232, 70
2026/07/30 02:50:54.010, 282.12, 100, 74232, 69
2026/07/30 02:50:55.051, 287.89, 100, 74232, 69
2026/07/30 02:50:56.089, 294.23, 100, 74232, 70
2026/07/30 02:50:57.125, 291.13, 100, 74232, 70
2026/07/30 02:50:58.164, 296.38, 100, 74232, 70
2026/07/30 02:50:59.200, 302.93, 100, 74232, 68
2026/07/30 02:51:00.234, 302.50, 100, 74232, 71
2026/07/30 02:51:01.270, 290.26, 100, 74232, 71
2026/07/30 02:51:02.307, 316.64, 100, 74232, 71
2026/07/30 02:51:03.343, 298.43, 100, 74232, 72
2026/07/30 02:51:04.380, 301.47, 100, 74232, 72
2026/07/30 02:51:05.416, 303.48, 100, 74232, 72
2026/07/30 02:51:06.458, 292.08, 100, 74232, 70
2026/07/30 02:51:07.495, 298.31, 100, 74232, 70
2026/07/30 02:51:08.534, 296.37, 100, 74232, 70
2026/07/30 02:51:09.571, 294.05, 100, 74232, 70
2026/07/30 02:51:10.608, 300.15, 100, 74232, 70
2026/07/30 02:51:11.645, 301.93, 100, 74232, 70
2026/07/30 02:51:12.683, 301.82, 100, 74232, 70
2026/07/30 02:51:13.721, 95.14, 0, 74232, 66
2026/07/30 02:51:14.754, 294.62, 100, 74232, 71
2026/07/30 02:51:15.791, 289.56, 100, 74232, 71
2026/07/30 02:51:16.827, 283.63, 100, 74232, 71
2026/07/30 02:51:17.860, 278.35, 100, 74232, 71
2026/07/30 02:51:18.904, 275.59, 100, 74232, 71
2026/07/30 02:51:19.940, 296.14, 100, 74232, 71
2026/07/30 02:51:20.975, 303.39, 100, 74232, 70
2026/07/30 02:51:22.012, 303.57, 100, 74232, 70
2026/07/30 02:51:23.049, 300.14, 100, 74232, 70
2026/07/30 02:51:24.085, 303.38, 100, 74232, 70
2026/07/30 02:51:25.120, 296.85, 100, 74232, 70
2026/07/30 02:51:26.157, 295.51, 100, 74232, 70
2026/07/30 02:51:27.196, 303.48, 100, 74232, 70
2026/07/30 02:51:28.232, 296.76, 100, 74232, 70
2026/07/30 02:51:29.269, 298.07, 100, 74232, 70
2026/07/30 02:51:30.305, 298.71, 100, 74232, 70
2026/07/30 02:51:31.342, 297.74, 100, 74232, 70
2026/07/30 02:51:32.379, 297.06, 100, 74232, 70
2026/07/30 02:51:33.416, 296.26, 100, 74232, 70
2026/07/30 02:51:34.452, 297.54, 100, 74232, 70
2026/07/30 02:51:35.490, 292.96, 100, 74232, 70
2026/07/30 02:51:36.528, 291.01, 100, 74232, 70
2026/07/30 02:51:37.569, 296.95, 100, 74232, 70
2026/07/30 02:51:38.607, 303.09, 100, 74232, 70
2026/07/30 02:51:39.645, 295.99, 100, 74232, 70
2026/07/30 02:51:40.686, 293.34, 100, 74232, 70
2026/07/30 02:51:41.723, 296.57, 100, 74232, 70
2026/07/30 02:51:42.767, 296.77, 100, 74232, 70
2026/07/30 02:51:43.808, 302.12, 100, 74232, 70
2026/07/30 02:51:44.847, 293.25, 100, 74232, 70
2026/07/30 02:51:45.886, 95.03, 0, 74232, 67
2026/07/30 02:51:46.919, 296.17, 100, 74232, 71
2026/07/30 02:51:47.955, 298.19, 100, 74232, 71
2026/07/30 02:51:48.995, 287.01, 100, 74232, 71
2026/07/30 02:51:50.029, 303.18, 100, 74232, 71
2026/07/30 02:51:51.063, 299.59, 100, 74232, 71
2026/07/30 02:51:52.101, 269.96, 100, 74232, 71
2026/07/30 02:51:53.135, 275.52, 100, 74232, 69
2026/07/30 02:51:54.173, 285.64, 100, 74232, 69
2026/07/30 02:51:55.213, 289.94, 100, 74232, 69
2026/07/30 02:51:56.251, 293.25, 100, 74232, 69
2026/07/30 02:51:57.289, 300.47, 100, 74232, 70
2026/07/30 02:51:58.327, 303.74, 100, 74232, 70
2026/07/30 02:51:59.365, 298.78, 100, 74232, 70
2026/07/30 02:52:00.403, 300.55, 100, 74232, 70
2026/07/30 02:52:01.441, 296.00, 80, 74232, 71
2026/07/30 02:52:02.478, 290.78, 100, 74232, 71
2026/07/30 02:52:03.513, 294.55, 100, 74232, 71
2026/07/30 02:52:04.548, 287.20, 100, 74232, 71
2026/07/30 02:52:05.584, 311.80, 100, 74232, 71
2026/07/30 02:52:06.622, 280.66, 100, 74232, 71
2026/07/30 02:52:07.656, 303.22, 100, 74232, 71
2026/07/30 02:52:08.692, 303.59, 100, 74232, 70
2026/07/30 02:52:09.734, 301.05, 100, 74232, 70
2026/07/30 02:52:10.773, 301.91, 100, 74232, 70
2026/07/30 02:52:11.811, 303.68, 100, 74232, 70
2026/07/30 02:52:12.849, 300.35, 100, 74232, 70
2026/07/30 02:52:13.887, 303.49, 100, 74232, 70
2026/07/30 02:52:14.925, 302.99, 100, 74232, 70
2026/07/30 02:52:15.964, 303.91, 100, 74232, 70
2026/07/30 02:52:17.001, 296.58, 100, 74232, 70
2026/07/30 02:52:18.039, 295.41, 100, 74232, 70
2026/07/30 02:52:19.077, 303.97, 100, 74232, 70
2026/07/30 02:52:20.115, 301.02, 100, 74232, 70
2026/07/30 02:52:21.152, 294.72, 100, 74232, 70
2026/07/30 02:52:22.189, 296.46, 100, 74232, 70
2026/07/30 02:52:23.226, 290.92, 100, 74232, 70
2026/07/30 02:52:24.264, 292.17, 100, 74232, 70
2026/07/30 02:52:25.303, 294.92, 100, 74232, 70
2026/07/30 02:52:26.340, 304.26, 100, 74232, 70
2026/07/30 02:52:27.377, 300.08, 100, 74232, 70
2026/07/30 02:52:28.414, 301.83, 100, 74232, 70
2026/07/30 02:52:29.451, 302.33, 100, 74232, 70
2026/07/30 02:52:30.489, 304.06, 100, 74232, 70
2026/07/30 02:52:31.527, 303.87, 100, 74232, 70
2026/07/30 02:52:32.564, 300.27, 100, 74232, 70
2026/07/30 02:52:33.602, 295.68, 100, 74232, 70
2026/07/30 02:52:34.641, 295.68, 100, 74232, 70
2026/07/30 02:52:35.679, 296.56, 100, 74232, 70
2026/07/30 02:52:36.715, 294.52, 100, 74232, 70
2026/07/30 02:52:37.753, 300.39, 100, 74232, 70
2026/07/30 02:52:38.789, 303.01, 100, 74232, 70
2026/07/30 02:52:39.828, 304.09, 100, 74232, 70
2026/07/30 02:52:40.865, 296.06, 100, 74232, 70
2026/07/30 02:52:41.903, 297.83, 100, 74232, 70
2026/07/30 02:52:42.941, 296.08, 100, 74232, 70
2026/07/30 02:52:43.978, 301.84, 100, 74232, 70
2026/07/30 02:52:45.016, 298.71, 100, 74232, 70
2026/07/30 02:52:46.054, 302.23, 100, 74232, 70
2026/07/30 02:52:47.092, 303.38, 100, 74232, 70
2026/07/30 02:52:48.131, 303.58, 100, 74232, 70
2026/07/30 02:52:49.170, 293.24, 100, 74232, 70
2026/07/30 02:52:50.210, 298.43, 100, 74232, 70
2026/07/30 02:52:51.247, 295.30, 100, 74232, 70
2026/07/30 02:52:52.286, 296.47, 100, 74232, 70
2026/07/30 02:52:53.324, 298.01, 100, 74232, 70
2026/07/30 02:52:54.361, 295.41, 100, 74232, 70
2026/07/30 02:52:55.398, 296.28, 100, 74232, 69
2026/07/30 02:52:56.437, 293.74, 100, 74232, 69
2026/07/30 02:52:57.475, 296.76, 100, 74232, 69
2026/07/30 02:52:58.514, 295.61, 100, 74232, 69
2026/07/30 02:52:59.552, 294.30, 100, 74232, 70
2026/07/30 02:53:00.595, 301.05, 100, 74232, 70
2026/07/30 02:53:01.632, 299.20, 100, 74232, 70
2026/07/30 02:53:02.670, 299.59, 100, 74232, 70
2026/07/30 02:53:03.707, 299.11, 100, 74232, 69
2026/07/30 02:53:04.750, 299.77, 100, 74232, 70
2026/07/30 02:53:05.788, 302.23, 100, 74232, 70
2026/07/30 02:53:06.827, 303.19, 100, 74232, 70
2026/07/30 02:53:07.867, 304.08, 100, 74232, 70
2026/07/30 02:53:08.905, 301.15, 100, 74232, 70
2026/07/30 02:53:09.942, 302.31, 100, 74232, 69
2026/07/30 02:53:10.980, 304.16, 100, 74232, 70
2026/07/30 02:53:12.018, 301.53, 100, 74232, 70
2026/07/30 02:53:13.057, 293.55, 100, 74232, 70
2026/07/30 02:53:14.094, 302.42, 100, 74232, 69
2026/07/30 02:53:15.133, 295.70, 100, 74232, 69
2026/07/30 02:53:16.170, 297.55, 100, 74232, 69
2026/07/30 02:53:17.208, 293.17, 100, 74232, 69
2026/07/30 02:53:18.245, 293.55, 100, 74232, 69
2026/07/30 02:53:19.283, 295.30, 100, 74232, 69
2026/07/30 02:53:20.320, 296.08, 100, 74232, 69
2026/07/30 02:53:21.357, 296.47, 100, 74232, 69
2026/07/30 02:53:22.394, 293.74, 100, 74232, 69
2026/07/30 02:53:23.431, 295.31, 100, 74232, 69
2026/07/30 02:53:24.469, 295.80, 100, 74232, 69
2026/07/30 02:53:25.507, 296.57, 100, 74232, 69
2026/07/30 02:53:26.545, 292.47, 100, 74232, 69
2026/07/30 02:53:27.583, 298.99, 100, 74232, 69
2026/07/30 02:53:28.622, 295.47, 100, 74232, 69
2026/07/30 02:53:29.660, 296.86, 100, 74232, 69
2026/07/30 02:53:30.697, 294.32, 100, 74232, 69
2026/07/30 02:53:31.735, 292.77, 100, 74232, 69
2026/07/30 02:53:32.772, 294.61, 100, 74232, 69
2026/07/30 02:53:33.810, 295.61, 100, 74232, 69
2026/07/30 02:53:34.849, 303.01, 100, 74232, 69
2026/07/30 02:53:35.888, 303.58, 100, 74232, 69
2026/07/30 02:53:36.926, 298.23, 100, 74232, 69
2026/07/30 02:53:37.964, 299.98, 100, 74232, 69
2026/07/30 02:53:39.001, 302.71, 100, 74232, 69
2026/07/30 02:53:40.039, 303.78, 100, 74232, 69
2026/07/30 02:53:41.078, 303.88, 100, 74232, 69
2026/07/30 02:53:42.115, 299.21, 100, 74232, 69
2026/07/30 02:53:43.152, 297.93, 100, 74232, 69
2026/07/30 02:53:44.189, 302.71, 100, 74232, 69
2026/07/30 02:53:45.226, 303.11, 100, 74232, 69
2026/07/30 02:53:46.263, 299.28, 100, 74232, 69
2026/07/30 02:53:47.300, 308.06, 100, 74232, 69
2026/07/30 02:53:48.341, 297.45, 100, 74232, 69
2026/07/30 02:53:49.378, 299.40, 100, 74232, 69
2026/07/30 02:53:50.417, 303.77, 100, 74232, 69
2026/07/30 02:53:51.455, 297.93, 100, 74232, 69
2026/07/30 02:53:52.492, 292.58, 100, 74232, 69
2026/07/30 02:53:53.530, 295.69, 100, 74232, 69
2026/07/30 02:53:54.568, 295.11, 100, 74232, 69
2026/07/30 02:53:55.605, 296.87, 100, 74232, 69
2026/07/30 02:53:56.642, 296.86, 100, 74232, 69
2026/07/30 02:53:57.680, 291.61, 100, 74232, 69
2026/07/30 02:53:58.717, 295.51, 100, 74232, 69
2026/07/30 02:53:59.754, 296.79, 100, 74232, 69
2026/07/30 02:54:00.791, 303.38, 100, 74232, 69
2026/07/30 02:54:01.830, 297.84, 100, 74232, 69
2026/07/30 02:54:02.867, 292.57, 100, 74232, 69
2026/07/30 02:54:03.906, 306.21, 100, 74232, 69
2026/07/30 02:54:04.944, 305.34, 100, 74232, 69
2026/07/30 02:54:05.982, 301.25, 100, 74232, 69
2026/07/30 02:54:07.024, 306.68, 100, 74232, 69
2026/07/30 02:54:08.063, 295.50, 100, 74232, 69
2026/07/30 02:54:09.104, 300.67, 100, 74232, 69
2026/07/30 02:54:10.142, 294.52, 100, 74232, 69
2026/07/30 02:54:11.179, 295.58, 100, 74232, 69
2026/07/30 02:54:12.217, 302.77, 100, 74232, 69
2026/07/30 02:54:13.254, 304.07, 100, 74232, 69
2026/07/30 02:54:14.292, 298.73, 100, 74232, 69
2026/07/30 02:54:15.329, 299.89, 100, 74232, 69
2026/07/30 02:54:16.367, 297.93, 100, 74232, 69
2026/07/30 02:54:17.403, 295.30, 100, 74232, 69
2026/07/30 02:54:18.442, 302.71, 100, 74232, 69
2026/07/30 02:54:19.479, 302.81, 100, 74232, 69
2026/07/30 02:54:20.516, 297.82, 100, 74232, 69
2026/07/30 02:54:21.553, 303.20, 100, 74232, 69
2026/07/30 02:54:22.590, 299.84, 100, 74232, 69
2026/07/30 02:54:23.628, 301.72, 100, 74232, 69
2026/07/30 02:54:24.665, 301.12, 100, 74232, 69
2026/07/30 02:54:25.703, 302.57, 100, 74232, 69
2026/07/30 02:54:26.741, 303.40, 100, 74232, 69
2026/07/30 02:54:27.779, 296.47, 100, 74232, 69
2026/07/30 02:54:28.816, 299.30, 100, 74232, 69
2026/07/30 02:54:29.855, 296.17, 100, 74232, 69
2026/07/30 02:54:30.893, 294.02, 100, 74232, 69
2026/07/30 02:54:31.930, 294.92, 100, 74232, 69
2026/07/30 02:54:32.970, 296.09, 100, 74232, 69
2026/07/30 02:54:34.008, 295.70, 100, 74232, 69
2026/07/30 02:54:35.046, 295.89, 100, 74232, 69
2026/07/30 02:54:36.083, 299.88, 100, 74232, 69
2026/07/30 02:54:37.121, 301.05, 100, 74232, 69
2026/07/30 02:54:38.158, 302.51, 100, 74232, 69
2026/07/30 02:54:39.197, 302.81, 100, 74232, 69
2026/07/30 02:54:40.235, 303.59, 100, 74232, 69
2026/07/30 02:54:41.273, 292.37, 100, 74232, 69
2026/07/30 02:54:42.314, 291.10, 100, 74232, 69
2026/07/30 02:54:43.351, 301.82, 100, 74232, 69
2026/07/30 02:54:44.388, 301.25, 100, 74232, 69
2026/07/30 02:54:45.426, 301.93, 100, 74232, 69
2026/07/30 02:54:46.463, 303.08, 100, 74232, 69
2026/07/30 02:54:47.502, 303.20, 100, 74232, 69
2026/07/30 02:54:48.540, 304.86, 100, 74232, 69
2026/07/30 02:54:49.580, 300.18, 100, 74232, 69
2026/07/30 02:54:50.619, 294.92, 100, 74232, 69
2026/07/30 02:54:51.657, 301.53, 100, 74232, 69
2026/07/30 02:54:52.695, 302.81, 100, 74232, 69
2026/07/30 02:54:53.732, 302.52, 100, 74232, 69
2026/07/30 02:54:54.769, 303.30, 100, 74232, 69
2026/07/30 02:54:55.806, 298.63, 100, 74232, 69
2026/07/30 02:54:56.845, 294.03, 100, 74232, 69
2026/07/30 02:54:57.883, 293.84, 100, 74232, 69
2026/07/30 02:54:58.925, 295.20, 100, 74232, 69
2026/07/30 02:54:59.963, 295.40, 100, 74232, 69
2026/07/30 02:55:01.001, 302.59, 100, 74232, 69
2026/07/30 02:55:02.041, 302.90, 100, 74232, 69
2026/07/30 02:55:03.079, 299.20, 100, 74232, 69
2026/07/30 02:55:04.117, 298.33, 100, 74232, 69
2026/07/30 02:55:05.155, 301.52, 100, 74232, 69
2026/07/30 02:55:06.192, 303.01, 100, 74232, 69
2026/07/30 02:55:07.231, 302.32, 100, 74232, 69
2026/07/30 02:55:08.268, 303.49, 100, 74232, 69
2026/07/30 02:55:09.306, 301.05, 100, 74232, 69
2026/07/30 02:55:10.344, 301.45, 100, 74232, 69
2026/07/30 02:55:11.380, 302.22, 100, 74232, 69
2026/07/30 02:55:12.420, 303.30, 100, 74232, 69
2026/07/30 02:55:13.458, 299.30, 100, 74232, 69
2026/07/30 02:55:14.496, 302.59, 100, 74232, 69
2026/07/30 02:55:15.534, 293.93, 100, 74232, 69
2026/07/30 02:55:16.578, 302.32, 100, 74232, 69
2026/07/30 02:55:17.616, 295.59, 100, 74232, 69
2026/07/30 02:55:18.653, 297.05, 100, 74232, 69
2026/07/30 02:55:19.697, 292.57, 100, 74232, 69
2026/07/30 02:55:20.734, 297.74, 100, 74232, 69
2026/07/30 02:55:21.772, 293.04, 100, 74232, 69
2026/07/30 02:55:22.811, 302.42, 100, 74232, 69
2026/07/30 02:55:23.849, 301.34, 100, 74232, 69
2026/07/30 02:55:24.887, 292.57, 100, 74232, 69
2026/07/30 02:55:25.926, 302.33, 100, 74232, 69
2026/07/30 02:55:26.966, 303.09, 100, 74232, 69
2026/07/30 02:55:28.004, 304.07, 100, 74232, 69
2026/07/30 02:55:29.041, 300.38, 100, 74232, 69
2026/07/30 02:55:30.079, 307.07, 100, 74232, 69
2026/07/30 02:55:31.116, 300.37, 100, 74232, 69
2026/07/30 02:55:32.155, 303.05, 100, 74232, 69
2026/07/30 02:55:33.192, 301.74, 100, 74232, 69
2026/07/30 02:55:34.229, 295.89, 100, 74232, 69
2026/07/30 02:55:35.266, 293.17, 100, 74232, 69
2026/07/30 02:55:36.303, 289.73, 100, 74232, 69
2026/07/30 02:55:37.341, 291.12, 100, 74232, 69
2026/07/30 02:55:38.378, 301.23, 100, 74232, 69
2026/07/30 02:55:39.415, 300.73, 100, 74232, 69
2026/07/30 02:55:40.454, 302.18, 100, 74232, 69
2026/07/30 02:55:41.491, 295.89, 100, 74232, 69
2026/07/30 02:55:42.527, 304.16, 100, 74232, 69
2026/07/30 02:55:43.564, 303.78, 100, 74232, 69
2026/07/30 02:55:44.607, 292.09, 100, 74232, 69
2026/07/30 02:55:45.646, 301.64, 100, 74232, 69
2026/07/30 02:55:46.683, 291.12, 100, 74232, 69
2026/07/30 02:55:47.722, 294.54, 100, 74232, 69
2026/07/30 02:55:48.760, 302.13, 100, 74232, 69
2026/07/30 02:55:49.798, 301.45, 100, 74232, 69
2026/07/30 02:55:50.837, 302.78, 100, 74232, 69
2026/07/30 02:55:51.875, 303.10, 100, 74232, 69
2026/07/30 02:55:52.912, 303.03, 100, 74232, 69
2026/07/30 02:55:53.950, 303.11, 100, 74232, 69
2026/07/30 02:55:54.988, 299.09, 100, 74232, 69
2026/07/30 02:55:56.027, 300.67, 100, 74232, 69
2026/07/30 02:55:57.064, 297.06, 100, 74232, 69
2026/07/30 02:55:58.101, 301.64, 100, 74232, 69
2026/07/30 02:55:59.138, 301.93, 100, 74232, 69
2026/07/30 02:56:00.177, 298.62, 100, 74232, 69
2026/07/30 02:56:01.215, 303.30, 100, 74232, 69
2026/07/30 02:56:02.253, 302.90, 100, 74232, 69
2026/07/30 02:56:03.292, 303.20, 100, 74232, 69
2026/07/30 02:56:04.329, 303.88, 100, 74232, 69
2026/07/30 02:56:05.372, 299.77, 100, 74232, 69
2026/07/30 02:56:06.410, 299.36, 100, 74232, 69
2026/07/30 02:56:07.448, 300.86, 100, 74232, 69
2026/07/30 02:56:08.488, 302.71, 100, 74232, 69
2026/07/30 02:56:09.526, 294.80, 100, 74232, 69
2026/07/30 02:56:10.563, 302.61, 100, 74232, 69
2026/07/30 02:56:11.600, 303.00, 100, 74232, 69
2026/07/30 02:56:12.640, 295.51, 100, 74232, 69
2026/07/30 02:56:13.677, 296.37, 100, 74232, 69
2026/07/30 02:56:14.714, 291.80, 100, 74232, 69
2026/07/30 02:56:15.752, 294.13, 100, 74232, 69
2026/07/30 02:56:16.790, 300.43, 100, 74232, 69
2026/07/30 02:56:17.827, 302.12, 100, 74232, 69
2026/07/30 02:56:18.866, 302.96, 100, 74232, 69
2026/07/30 02:56:19.904, 299.85, 100, 74232, 69
2026/07/30 02:56:20.941, 303.77, 100, 74232, 69
2026/07/30 02:56:21.979, 303.58, 100, 74232, 69
2026/07/30 02:56:23.016, 298.52, 100, 74232, 69
2026/07/30 02:56:24.054, 297.84, 100, 74232, 69
2026/07/30 02:56:25.092, 302.03, 100, 74232, 69
2026/07/30 02:56:26.129, 302.27, 100, 74232, 69
2026/07/30 02:56:27.166, 301.15, 100, 74232, 69
2026/07/30 02:56:28.203, 301.93, 100, 74232, 69
2026/07/30 02:56:29.243, 302.71, 100, 74232, 69
2026/07/30 02:56:30.281, 302.21, 100, 74232, 69
2026/07/30 02:56:31.319, 297.74, 100, 74232, 69
2026/07/30 02:56:32.356, 296.67, 100, 74232, 69
2026/07/30 02:56:33.397, 298.99, 100, 74232, 69
2026/07/30 02:56:34.435, 298.23, 100, 74232, 69
2026/07/30 02:56:35.472, 299.88, 100, 74232, 69
2026/07/30 02:56:36.511, 296.28, 100, 74232, 69
2026/07/30 02:56:37.549, 291.23, 100, 74232, 69
2026/07/30 02:56:38.588, 296.86, 100, 74232, 69
2026/07/30 02:56:39.625, 302.52, 100, 74232, 69
2026/07/30 02:56:40.663, 293.56, 100, 74232, 69
2026/07/30 02:56:41.700, 295.80, 100, 74232, 69
2026/07/30 02:56:42.738, 297.35, 100, 74232, 69
2026/07/30 02:56:43.776, 291.98, 100, 74232, 69
2026/07/30 02:56:44.814, 295.70, 100, 74232, 69
2026/07/30 02:56:45.854, 295.88, 100, 74232, 69
2026/07/30 02:56:46.891, 299.10, 100, 74232, 69
2026/07/30 02:56:47.929, 304.08, 100, 74232, 69
2026/07/30 02:56:48.967, 304.94, 100, 74232, 69
2026/07/30 02:56:50.006, 302.42, 100, 74232, 69
2026/07/30 02:56:51.043, 298.51, 100, 74232, 69
2026/07/30 02:56:52.086, 301.05, 100, 74232, 69
2026/07/30 02:56:53.124, 293.53, 100, 74232, 69
2026/07/30 02:56:54.161, 295.39, 100, 74232, 69
2026/07/30 02:56:55.199, 294.24, 100, 74232, 69
2026/07/30 02:56:56.236, 299.87, 100, 74232, 69
2026/07/30 02:56:57.275, 301.14, 100, 74232, 69
2026/07/30 02:56:58.312, 298.30, 100, 74232, 69
2026/07/30 02:56:59.350, 302.71, 100, 74232, 69
2026/07/30 02:57:00.388, 294.14, 100, 74232, 69
2026/07/30 02:57:01.424, 94.64, 79, 74232, 66
2026/07/30 02:57:02.532, 297.13, 100, 74232, 70
2026/07/30 02:57:03.567, 298.12, 100, 74232, 70
2026/07/30 02:57:04.602, 291.22, 100, 74232, 71
2026/07/30 02:57:05.637, 298.44, 100, 74232, 71
2026/07/30 02:57:06.673, 279.02, 100, 74232, 71
2026/07/30 02:57:07.707, 297.43, 100, 74232, 70
2026/07/30 02:57:08.742, 286.76, 100, 74232, 69
2026/07/30 02:57:09.781, 296.37, 100, 74232, 69
2026/07/30 02:57:10.819, 292.97, 100, 74232, 69
2026/07/30 02:57:11.863, 297.16, 100, 74232, 69
2026/07/30 02:57:12.902, 302.52, 100, 74232, 69
2026/07/30 02:57:13.940, 299.77, 100, 74232, 69
2026/07/30 02:57:14.977, 301.04, 100, 74232, 69
2026/07/30 02:57:16.016, 302.52, 100, 74232, 69
2026/07/30 02:57:17.054, 307.15, 100, 74232, 69
2026/07/30 02:57:18.092, 294.82, 100, 74232, 69
2026/07/30 02:57:19.130, 284.42, 84, 74232, 71
2026/07/30 02:57:20.166, 296.35, 100, 74232, 71
2026/07/30 02:57:21.206, 282.15, 100, 74232, 71
2026/07/30 02:57:22.243, 316.91, 100, 74232, 71
2026/07/30 02:57:23.280, 288.36, 100, 74232, 71
2026/07/30 02:57:24.321, 254.40, 100, 74232, 71
2026/07/30 02:57:25.361, 300.26, 100, 74232, 71
2026/07/30 02:57:26.396, 300.25, 100, 74232, 69
2026/07/30 02:57:27.433, 305.24, 100, 74232, 70
2026/07/30 02:57:28.471, 304.37, 100, 74232, 69
2026/07/30 02:57:29.508, 293.04, 100, 74232, 70
2026/07/30 02:57:30.545, 296.67, 100, 74232, 70
2026/07/30 02:57:31.583, 292.27, 100, 74232, 70
2026/07/30 02:57:32.621, 299.11, 100, 74232, 70
2026/07/30 02:57:33.660, 300.18, 100, 74232, 70
2026/07/30 02:57:34.697, 301.15, 100, 74232, 70
2026/07/30 02:57:35.736, 297.93, 100, 74232, 70
2026/07/30 02:57:36.772, 296.85, 100, 74232, 70
2026/07/30 02:57:37.811, 294.71, 100, 74232, 70
2026/07/30 02:57:38.848, 303.30, 100, 74232, 70
2026/07/30 02:57:39.886, 302.60, 100, 74232, 70
2026/07/30 02:57:40.923, 304.36, 100, 74232, 70
2026/07/30 02:57:41.962, 94.96, 0, 74232, 67
2026/07/30 02:57:42.995, 300.49, 100, 74232, 71
2026/07/30 02:57:44.031, 300.48, 100, 74232, 69
2026/07/30 02:57:45.070, 299.59, 100, 74232, 69
2026/07/30 02:57:46.108, 301.15, 100, 74232, 69
2026/07/30 02:57:47.146, 299.39, 100, 74232, 69
2026/07/30 02:57:48.185, 294.92, 100, 74232, 69
2026/07/30 02:57:49.222, 294.43, 100, 74232, 69
2026/07/30 02:57:50.261, 296.85, 100, 74232, 69
2026/07/30 02:57:51.299, 303.56, 100, 74232, 69
2026/07/30 02:57:52.337, 297.93, 100, 74232, 69
2026/07/30 02:57:53.374, 302.23, 100, 74232, 69
2026/07/30 02:57:54.416, 301.76, 100, 74232, 69
2026/07/30 02:57:55.453, 300.53, 100, 74232, 69
2026/07/30 02:57:56.491, 300.37, 100, 74232, 69
2026/07/30 02:57:57.531, 299.60, 100, 74232, 69
2026/07/30 02:57:58.568, 299.68, 100, 74232, 69
2026/07/30 02:57:59.605, 302.01, 100, 74232, 69
2026/07/30 02:58:00.643, 301.34, 100, 74232, 69
2026/07/30 02:58:01.682, 301.44, 100, 74232, 69
2026/07/30 02:58:02.721, 303.11, 100, 74232, 69
2026/07/30 02:58:03.759, 302.33, 100, 74232, 69
2026/07/30 02:58:04.798, 301.61, 100, 74232, 69
2026/07/30 02:58:05.836, 304.09, 100, 74232, 69
2026/07/30 02:58:06.876, 298.52, 100, 74232, 69
2026/07/30 02:58:07.915, 292.00, 100, 74232, 69
2026/07/30 02:58:08.953, 291.52, 100, 74232, 69
2026/07/30 02:58:09.992, 305.07, 100, 74232, 69
2026/07/30 02:58:11.030, 297.93, 100, 74232, 69
2026/07/30 02:58:12.070, 299.38, 100, 74232, 69
2026/07/30 02:58:13.111, 291.00, 100, 74232, 69
2026/07/30 02:58:14.148, 289.94, 100, 74232, 69
2026/07/30 02:58:15.187, 293.74, 100, 74232, 69
2026/07/30 02:58:16.224, 299.19, 100, 74232, 69
2026/07/30 02:58:17.263, 299.20, 100, 74232, 69
2026/07/30 02:58:18.303, 299.49, 100, 74232, 69
2026/07/30 02:58:19.341, 299.65, 100, 74232, 69
2026/07/30 02:58:20.378, 298.81, 100, 74232, 69
2026/07/30 02:58:21.416, 295.20, 100, 74232, 69
2026/07/30 02:58:22.453, 289.45, 100, 74232, 69
2026/07/30 02:58:23.494, 288.55, 100, 74232, 69
2026/07/30 02:58:24.532, 293.24, 100, 74232, 69
2026/07/30 02:58:25.569, 293.27, 100, 74232, 69
2026/07/30 02:58:26.607, 301.24, 100, 74232, 69
2026/07/30 02:58:27.644, 300.75, 100, 74232, 69
2026/07/30 02:58:28.682, 300.73, 100, 74232, 69
2026/07/30 02:58:29.719, 298.70, 100, 74232, 69
2026/07/30 02:58:30.757, 300.74, 100, 74232, 69
2026/07/30 02:58:31.793, 301.44, 100, 74232, 69
2026/07/30 02:58:32.830, 300.37, 100, 74232, 69
2026/07/30 02:58:33.868, 296.77, 100, 74232, 69
2026/07/30 02:58:34.907, 297.74, 100, 74232, 69
2026/07/30 02:58:35.946, 302.41, 100, 74232, 69
2026/07/30 02:58:36.984, 300.65, 100, 74232, 69
2026/07/30 02:58:38.022, 301.83, 100, 74232, 69
2026/07/30 02:58:39.060, 299.30, 100, 74232, 69
2026/07/30 02:58:40.098, 299.70, 100, 74232, 69
2026/07/30 02:58:41.137, 299.99, 100, 74232, 69
2026/07/30 02:58:42.175, 299.21, 100, 74232, 69
2026/07/30 02:58:43.213, 300.27, 100, 74232, 69
2026/07/30 02:58:44.253, 301.44, 100, 74232, 69
2026/07/30 02:58:45.290, 299.50, 100, 74232, 69
2026/07/30 02:58:46.327, 297.13, 100, 74232, 69
2026/07/30 02:58:47.365, 299.70, 100, 74232, 69
2026/07/30 02:58:48.402, 300.24, 100, 74232, 69
2026/07/30 02:58:49.439, 298.41, 100, 74232, 69
2026/07/30 02:58:50.476, 298.30, 100, 74232, 69
2026/07/30 02:58:51.514, 299.78, 100, 74232, 69
2026/07/30 02:58:52.551, 297.95, 100, 74232, 69
2026/07/30 02:58:53.589, 300.17, 100, 74232, 69
2026/07/30 02:58:54.627, 291.98, 100, 74232, 69
2026/07/30 02:58:55.667, 297.56, 100, 74232, 69
2026/07/30 02:58:56.704, 294.75, 100, 74232, 69
2026/07/30 02:58:57.741, 290.02, 100, 74232, 69
2026/07/30 02:58:58.780, 300.97, 100, 74232, 69
2026/07/30 02:58:59.817, 302.34, 100, 74232, 69
2026/07/30 02:59:00.858, 303.39, 100, 74232, 69
2026/07/30 02:59:01.895, 301.93, 100, 74232, 69
2026/07/30 02:59:02.933, 302.14, 100, 74232, 69
2026/07/30 02:59:03.971, 297.47, 100, 74232, 69
2026/07/30 02:59:05.009, 290.06, 100, 74232, 69
2026/07/30 02:59:06.048, 300.94, 100, 74232, 69
2026/07/30 02:59:07.085, 303.01, 100, 74232, 69
2026/07/30 02:59:08.123, 301.26, 100, 74232, 69
2026/07/30 02:59:09.161, 301.05, 100, 74232, 69
2026/07/30 02:59:10.198, 300.46, 100, 74232, 69
2026/07/30 02:59:11.235, 300.96, 100, 74232, 69
2026/07/30 02:59:12.273, 296.76, 100, 74232, 69
2026/07/30 02:59:13.313, 296.85, 100, 74232, 69
2026/07/30 02:59:14.351, 292.08, 100, 74232, 71
2026/07/30 02:59:15.387, 298.00, 100, 74232, 71
2026/07/30 02:59:16.423, 305.01, 100, 74232, 71
2026/07/30 02:59:17.458, 301.29, 100, 74232, 71
2026/07/30 02:59:18.496, 318.27, 100, 74232, 71
2026/07/30 02:59:19.530, 293.17, 100, 74232, 71
2026/07/30 02:59:20.568, 290.81, 100, 74232, 69
2026/07/30 02:59:21.608, 295.21, 100, 74232, 69
2026/07/30 02:59:22.647, 292.67, 100, 74232, 69
2026/07/30 02:59:23.686, 289.93, 100, 74232, 69
2026/07/30 02:59:24.726, 296.07, 100, 74232, 69
2026/07/30 02:59:25.765, 296.56, 100, 74232, 69
2026/07/30 02:59:26.803, 293.44, 100, 74232, 69
2026/07/30 02:59:27.842, 296.18, 100, 74232, 69
2026/07/30 02:59:28.881, 296.66, 100, 74232, 69
2026/07/30 02:59:29.921, 294.52, 100, 74232, 70
2026/07/30 02:59:30.960, 93.47, 94, 74232, 67
2026/07/30 02:59:31.993, 300.85, 100, 74232, 71
2026/07/30 02:59:33.028, 304.33, 100, 74232, 71
2026/07/30 02:59:34.068, 297.75, 100, 74232, 71
2026/07/30 02:59:35.109, 289.23, 100, 74232, 71
2026/07/30 02:59:36.144, 270.42, 100, 74232, 71
2026/07/30 02:59:37.181, 295.01, 100, 74232, 71
2026/07/30 02:59:38.223, 299.62, 100, 74232, 69
2026/07/30 02:59:39.260, 302.23, 100, 74232, 69
2026/07/30 02:59:40.299, 302.80, 100, 74232, 69
2026/07/30 02:59:41.337, 298.41, 100, 74232, 69
2026/07/30 02:59:42.375, 302.77, 100, 74232, 70
2026/07/30 02:59:43.411, 303.09, 100, 74232, 70
2026/07/30 02:59:44.448, 298.31, 100, 74232, 70
2026/07/30 02:59:45.487, 302.02, 100, 74232, 70
2026/07/30 02:59:46.524, 302.61, 100, 74232, 70
2026/07/30 02:59:47.561, 298.41, 100, 74232, 70
2026/07/30 02:59:48.597, 302.89, 100, 74232, 70
2026/07/30 02:59:49.636, 296.08, 100, 74232, 70
2026/07/30 02:59:50.675, 291.39, 100, 74232, 70
2026/07/30 02:59:51.715, 296.77, 100, 74232, 70
2026/07/30 02:59:52.753, 305.13, 100, 74232, 70
2026/07/30 02:59:53.791, 292.38, 100, 74232, 70
2026/07/30 02:59:54.831, 295.40, 100, 74232, 69
2026/07/30 02:59:55.871, 297.74, 100, 74232, 69
2026/07/30 02:59:56.910, 300.57, 100, 74232, 70
2026/07/30 02:59:57.948, 302.71, 100, 74232, 70
2026/07/30 02:59:58.988, 304.02, 100, 74232, 69
2026/07/30 03:00:00.026, 291.20, 100, 74232, 69
2026/07/30 03:00:01.065, 291.49, 100, 74232, 69
2026/07/30 03:00:02.106, 296.96, 100, 74232, 69
2026/07/30 03:00:03.145, 291.39, 100, 74232, 69
2026/07/30 03:00:04.183, 295.30, 100, 74232, 69
2026/07/30 03:00:05.221, 299.08, 100, 74232, 69
2026/07/30 03:00:06.258, 306.27, 79, 74232, 71
2026/07/30 03:00:07.293, 289.70, 100, 74232, 71
2026/07/30 03:00:08.328, 293.96, 100, 74232, 71
2026/07/30 03:00:09.363, 309.12, 100, 74232, 71
2026/07/30 03:00:10.399, 271.29, 100, 74232, 71
2026/07/30 03:00:11.439, 317.91, 100, 74232, 71
2026/07/30 03:00:12.475, 323.39, 100, 74232, 71
2026/07/30 03:00:13.512, 295.80, 100, 74232, 69
2026/07/30 03:00:14.552, 302.71, 100, 74232, 69
2026/07/30 03:00:15.589, 292.48, 100, 74232, 69
2026/07/30 03:00:16.625, 294.12, 100, 74232, 69
2026/07/30 03:00:17.662, 293.84, 100, 74232, 69
2026/07/30 03:00:18.698, 296.27, 100, 74232, 69
2026/07/30 03:00:19.736, 297.25, 100, 74232, 69
2026/07/30 03:00:20.773, 294.33, 100, 74232, 69
2026/07/30 03:00:21.809, 292.38, 100, 74232, 69
2026/07/30 03:00:22.847, 293.73, 100, 74232, 69
2026/07/30 03:00:23.884, 293.65, 100, 74232, 69
2026/07/30 03:00:24.921, 295.98, 100, 74232, 69
2026/07/30 03:00:25.958, 295.21, 100, 74232, 69
2026/07/30 03:00:26.997, 299.30, 100, 74232, 69
2026/07/30 03:00:28.035, 299.86, 100, 74232, 69
2026/07/30 03:00:29.074, 298.52, 100, 74232, 69
2026/07/30 03:00:30.111, 297.94, 100, 74232, 69
2026/07/30 03:00:31.149, 298.31, 100, 74232, 69
2026/07/30 03:00:32.186, 295.88, 100, 74232, 69
2026/07/30 03:00:33.227, 304.46, 100, 74232, 69
2026/07/30 03:00:34.266, 297.93, 100, 74232, 69
2026/07/30 03:00:35.303, 292.58, 100, 74232, 69
2026/07/30 03:00:36.341, 293.44, 100, 74232, 69
2026/07/30 03:00:37.378, 294.61, 100, 74232, 69
2026/07/30 03:00:38.419, 296.28, 100, 74232, 69
2026/07/30 03:00:39.455, 300.38, 100, 74232, 69
2026/07/30 03:00:40.491, 291.90, 100, 74232, 69
2026/07/30 03:00:41.528, 292.07, 100, 74232, 69
2026/07/30 03:00:42.577, 293.47, 100, 74232, 69
2026/07/30 03:00:43.615, 301.24, 100, 74232, 69
2026/07/30 03:00:44.652, 296.77, 100, 74232, 69
2026/07/30 03:00:45.699, 292.87, 100, 74232, 69
2026/07/30 03:00:46.737, 294.31, 100, 74232, 69
2026/07/30 03:00:47.774, 295.89, 100, 74232, 69
2026/07/30 03:00:48.813, 295.30, 100, 74232, 69
2026/07/30 03:00:49.850, 293.06, 100, 74232, 69
2026/07/30 03:00:50.887, 296.55, 100, 74232, 69
2026/07/30 03:00:51.923, 295.51, 100, 74232, 69
2026/07/30 03:00:52.959, 296.47, 100, 74232, 69
2026/07/30 03:00:53.998, 295.60, 100, 74232, 69
2026/07/30 03:00:55.037, 294.92, 100, 74232, 69
2026/07/30 03:00:56.074, 300.46, 100, 74232, 69
2026/07/30 03:00:57.112, 301.53, 100, 74232, 69
2026/07/30 03:00:58.148, 303.19, 100, 74232, 69
2026/07/30 03:00:59.185, 291.12, 100, 74232, 69
2026/07/30 03:01:00.222, 300.45, 100, 74232, 69
2026/07/30 03:01:01.259, 303.09, 100, 74232, 69
2026/07/30 03:01:02.295, 300.46, 100, 74232, 69
2026/07/30 03:01:03.331, 300.86, 100, 74232, 69
2026/07/30 03:01:04.370, 302.51, 100, 74232, 69
2026/07/30 03:01:05.409, 299.69, 100, 74232, 69
2026/07/30 03:01:06.446, 300.46, 100, 74232, 69
2026/07/30 03:01:07.485, 300.66, 100, 74232, 69
2026/07/30 03:01:08.522, 302.99, 100, 74232, 69
2026/07/30 03:01:09.560, 300.18, 100, 74232, 69
2026/07/30 03:01:10.597, 299.70, 100, 74232, 69
2026/07/30 03:01:11.633, 302.22, 100, 74232, 69
2026/07/30 03:01:12.669, 308.24, 100, 74232, 69
2026/07/30 03:01:13.709, 306.92, 100, 74232, 69
2026/07/30 03:01:14.748, 301.63, 100, 74232, 69
2026/07/30 03:01:15.786, 303.28, 100, 74232, 69
2026/07/30 03:01:16.823, 299.78, 100, 74232, 69
2026/07/30 03:01:17.861, 300.05, 100, 74232, 69
2026/07/30 03:01:18.903, 301.61, 100, 74232, 69
2026/07/30 03:01:19.944, 294.71, 100, 74232, 69
2026/07/30 03:01:20.982, 295.98, 100, 74232, 69
2026/07/30 03:01:22.020, 291.70, 100, 74232, 69
2026/07/30 03:01:23.056, 293.64, 100, 74232, 69
2026/07/30 03:01:24.096, 294.71, 100, 74232, 69
2026/07/30 03:01:25.135, 295.89, 100, 74232, 69
2026/07/30 03:01:26.172, 296.47, 100, 74232, 69
2026/07/30 03:01:27.212, 295.78, 100, 74232, 69
2026/07/30 03:01:28.249, 299.98, 100, 74232, 69
2026/07/30 03:01:29.286, 295.70, 100, 74232, 69
2026/07/30 03:01:30.324, 295.90, 100, 74232, 69
2026/07/30 03:01:31.361, 294.33, 100, 74232, 69
2026/07/30 03:01:32.399, 302.49, 100, 74232, 69
2026/07/30 03:01:33.436, 302.61, 100, 74232, 69
2026/07/30 03:01:34.474, 302.50, 100, 74232, 69
2026/07/30 03:01:35.512, 298.14, 100, 74232, 69
2026/07/30 03:01:36.553, 293.07, 100, 74232, 69
2026/07/30 03:01:37.590, 303.25, 100, 74232, 69
2026/07/30 03:01:38.629, 298.72, 100, 74232, 69
2026/07/30 03:01:39.666, 299.51, 100, 74232, 69
2026/07/30 03:01:40.703, 305.14, 100, 74232, 69
2026/07/30 03:01:41.740, 302.92, 100, 74232, 69
2026/07/30 03:01:42.777, 303.19, 100, 74232, 69
2026/07/30 03:01:43.815, 292.28, 100, 74232, 69
2026/07/30 03:01:44.852, 295.87, 100, 74232, 69
2026/07/30 03:01:45.890, 297.25, 100, 74232, 69
2026/07/30 03:01:46.927, 295.70, 100, 74232, 69
2026/07/30 03:01:47.964, 293.82, 100, 74232, 69
2026/07/30 03:01:49.002, 296.38, 100, 74232, 69
2026/07/30 03:01:50.040, 296.27, 100, 74232, 69
2026/07/30 03:01:51.077, 292.96, 100, 74232, 69
2026/07/30 03:01:52.115, 294.62, 100, 74232, 69
2026/07/30 03:01:53.152, 300.85, 100, 74232, 69
2026/07/30 03:01:54.189, 302.31, 100, 74232, 69
2026/07/30 03:01:55.227, 293.17, 100, 74232, 69
2026/07/30 03:01:56.265, 294.13, 100, 74232, 69
2026/07/30 03:01:57.304, 295.40, 100, 74232, 69
2026/07/30 03:01:58.344, 301.43, 100, 74232, 69
2026/07/30 03:01:59.382, 293.53, 100, 74232, 69
2026/07/30 03:02:00.420, 300.06, 100, 74232, 69
2026/07/30 03:02:01.457, 302.52, 100, 74232, 69
2026/07/30 03:02:02.495, 303.78, 100, 74232, 69
2026/07/30 03:02:03.533, 303.08, 100, 74232, 69
2026/07/30 03:02:04.570, 295.01, 100, 74232, 69
2026/07/30 03:02:05.612, 303.20, 100, 74232, 69
2026/07/30 03:02:06.650, 303.16, 100, 74232, 69
2026/07/30 03:02:07.689, 304.66, 100, 74232, 69
2026/07/30 03:02:08.727, 300.47, 100, 74232, 69
2026/07/30 03:02:09.764, 299.80, 100, 74232, 69
2026/07/30 03:02:10.802, 302.39, 100, 74232, 69
2026/07/30 03:02:11.838, 303.59, 100, 74232, 69
2026/07/30 03:02:12.878, 303.70, 100, 74232, 69
2026/07/30 03:02:13.915, 301.24, 100, 74232, 69
2026/07/30 03:02:14.952, 302.71, 100, 74232, 69
2026/07/30 03:02:15.990, 294.52, 100, 74232, 69
2026/07/30 03:02:17.027, 302.61, 100, 74232, 69
2026/07/30 03:02:18.065, 293.74, 100, 74232, 69
2026/07/30 03:02:19.102, 300.86, 100, 74232, 69
2026/07/30 03:02:20.141, 299.98, 100, 74232, 69
2026/07/30 03:02:21.180, 296.28, 100, 74232, 69
2026/07/30 03:02:22.222, 299.99, 100, 74232, 69
2026/07/30 03:02:23.260, 294.02, 100, 74232, 69
2026/07/30 03:02:24.298, 295.49, 100, 74232, 69
2026/07/30 03:02:25.337, 294.42, 100, 74232, 69
2026/07/30 03:02:26.375, 303.78, 100, 74232, 69
2026/07/30 03:02:27.415, 300.34, 100, 74232, 69
2026/07/30 03:02:28.452, 302.42, 100, 74232, 69
2026/07/30 03:02:29.489, 296.86, 100, 74232, 69
2026/07/30 03:02:30.526, 303.87, 100, 74232, 69
2026/07/30 03:02:31.567, 299.95, 100, 74232, 69
2026/07/30 03:02:32.605, 296.58, 100, 74232, 69
2026/07/30 03:02:33.642, 298.23, 100, 74232, 69
2026/07/30 03:02:34.685, 303.01, 100, 74232, 69
2026/07/30 03:02:35.723, 295.70, 100, 74232, 69
2026/07/30 03:02:36.762, 293.93, 100, 74232, 69
2026/07/30 03:02:37.804, 301.41, 100, 74232, 69
2026/07/30 03:02:38.841, 301.64, 100, 74232, 69
2026/07/30 03:02:39.881, 302.92, 100, 74232, 69
2026/07/30 03:02:40.921, 307.29, 100, 74232, 69
2026/07/30 03:02:41.959, 297.25, 100, 74232, 69
2026/07/30 03:02:42.996, 300.55, 100, 74232, 69
2026/07/30 03:02:44.034, 302.61, 100, 74232, 69
2026/07/30 03:02:45.071, 295.00, 100, 74232, 69
2026/07/30 03:02:46.110, 295.51, 100, 74232, 69
2026/07/30 03:02:47.147, 291.99, 100, 74232, 69
2026/07/30 03:02:48.191, 298.52, 100, 74232, 69
2026/07/30 03:02:49.229, 298.42, 100, 74232, 69
2026/07/30 03:02:50.267, 291.89, 100, 74232, 69
2026/07/30 03:02:51.305, 292.18, 100, 74232, 69
2026/07/30 03:02:52.342, 291.39, 100, 74232, 69
2026/07/30 03:02:53.384, 298.33, 100, 74232, 69
2026/07/30 03:02:54.421, 295.49, 100, 74232, 69
2026/07/30 03:02:55.458, 303.30, 100, 74232, 69
2026/07/30 03:02:56.497, 299.79, 100, 74232, 69
2026/07/30 03:02:57.541, 302.42, 100, 74232, 69
2026/07/30 03:02:58.577, 302.69, 100, 74232, 69
2026/07/30 03:02:59.616, 301.63, 100, 74232, 69
2026/07/30 03:03:00.653, 296.78, 100, 74232, 69
2026/07/30 03:03:01.691, 297.05, 100, 74232, 69
2026/07/30 03:03:02.729, 295.52, 100, 74232, 69
2026/07/30 03:03:03.767, 298.40, 100, 74232, 69
2026/07/30 03:03:04.805, 295.51, 100, 74232, 69
2026/07/30 03:03:05.843, 295.21, 100, 74232, 69
2026/07/30 03:03:06.882, 302.63, 100, 74232, 69
2026/07/30 03:03:07.928, 298.41, 100, 74232, 69
2026/07/30 03:03:08.966, 303.16, 100, 74232, 69
2026/07/30 03:03:10.004, 301.04, 100, 74232, 69
2026/07/30 03:03:11.044, 301.64, 100, 74232, 69
2026/07/30 03:03:12.081, 301.83, 100, 74232, 69
2026/07/30 03:03:13.119, 303.26, 100, 74232, 69
2026/07/30 03:03:14.157, 303.97, 100, 74232, 69
2026/07/30 03:03:15.198, 303.19, 100, 74232, 69
2026/07/30 03:03:16.236, 298.52, 100, 74232, 69
2026/07/30 03:03:17.274, 300.64, 100, 74232, 69
2026/07/30 03:03:18.312, 295.19, 100, 74232, 69
2026/07/30 03:03:19.350, 295.20, 100, 74232, 69
2026/07/30 03:03:20.387, 303.19, 100, 74232, 69
2026/07/30 03:03:21.427, 303.25, 100, 74232, 69
2026/07/30 03:03:22.464, 310.68, 100, 74232, 70
2026/07/30 03:03:23.502, 305.03, 100, 74232, 69
2026/07/30 03:03:24.540, 300.86, 100, 74232, 69
2026/07/30 03:03:25.579, 302.13, 100, 74232, 69
2026/07/30 03:03:26.617, 303.00, 100, 74232, 69
2026/07/30 03:03:27.655, 299.11, 100, 74232, 69
2026/07/30 03:03:28.694, 296.28, 100, 74232, 69
2026/07/30 03:03:29.731, 294.14, 100, 74232, 69
2026/07/30 03:03:30.773, 298.42, 100, 74232, 69
2026/07/30 03:03:31.810, 296.28, 100, 74232, 69
2026/07/30 03:03:32.847, 302.71, 100, 74232, 69
2026/07/30 03:03:33.888, 294.42, 100, 74232, 69
2026/07/30 03:03:34.926, 300.75, 100, 74232, 69
2026/07/30 03:03:35.965, 299.59, 100, 74232, 69
2026/07/30 03:03:37.006, 295.11, 100, 74232, 69
2026/07/30 03:03:38.044, 294.03, 100, 74232, 69
2026/07/30 03:03:39.081, 295.79, 100, 74232, 69
2026/07/30 03:03:40.119, 296.27, 100, 74232, 69
2026/07/30 03:03:41.156, 303.10, 100, 74232, 69
2026/07/30 03:03:42.194, 299.68, 100, 74232, 69
2026/07/30 03:03:43.238, 294.22, 100, 74232, 69
2026/07/30 03:03:44.276, 303.06, 100, 74232, 69
2026/07/30 03:03:45.314, 297.07, 100, 74232, 69
2026/07/30 03:03:46.352, 296.86, 100, 74232, 69
2026/07/30 03:03:47.389, 302.23, 100, 74232, 69
2026/07/30 03:03:48.427, 303.67, 100, 74232, 69
2026/07/30 03:03:49.463, 303.96, 100, 74232, 69
2026/07/30 03:03:50.507, 298.32, 100, 74232, 69
2026/07/30 03:03:51.546, 301.34, 100, 74232, 69
2026/07/30 03:03:52.582, 303.45, 100, 74232, 69
2026/07/30 03:03:53.622, 303.59, 100, 74232, 69
2026/07/30 03:03:54.660, 296.85, 100, 74232, 69
2026/07/30 03:03:55.702, 291.49, 100, 74232, 69
2026/07/30 03:03:56.741, 294.91, 100, 74232, 69
2026/07/30 03:03:57.779, 296.08, 100, 74232, 69
2026/07/30 03:03:58.818, 298.81, 100, 74232, 69
2026/07/30 03:03:59.856, 296.66, 100, 74232, 69
2026/07/30 03:04:00.895, 302.81, 100, 74232, 70
2026/07/30 03:04:01.932, 304.52, 100, 74232, 70
2026/07/30 03:04:02.969, 300.27, 100, 74232, 70
2026/07/30 03:04:04.006, 298.51, 100, 74232, 70
2026/07/30 03:04:05.044, 303.09, 100, 74232, 70
2026/07/30 03:04:06.082, 304.25, 100, 74232, 70
2026/07/30 03:04:07.122, 296.55, 100, 74232, 69
2026/07/30 03:04:08.160, 304.17, 100, 74232, 70
2026/07/30 03:04:09.198, 300.95, 100, 74232, 69
2026/07/30 03:04:10.236, 297.45, 100, 74232, 69
2026/07/30 03:04:11.275, 296.28, 100, 74232, 69
2026/07/30 03:04:12.312, 296.96, 100, 74232, 69
2026/07/30 03:04:13.352, 293.15, 100, 74232, 69
2026/07/30 03:04:14.389, 288.57, 100, 74232, 69
2026/07/30 03:04:15.427, 294.33, 100, 74232, 69
2026/07/30 03:04:16.465, 295.89, 100, 74232, 69
2026/07/30 03:04:17.502, 302.12, 100, 74232, 69
2026/07/30 03:04:18.540, 302.59, 100, 74232, 69
2026/07/30 03:04:19.581, 303.49, 100, 74232, 69
2026/07/30 03:04:20.619, 299.80, 100, 74232, 69
2026/07/30 03:04:21.656, 299.08, 100, 74232, 69
2026/07/30 03:04:22.693, 301.36, 100, 74232, 69
2026/07/30 03:04:23.730, 302.21, 100, 74232, 69
2026/07/30 03:04:24.768, 302.12, 100, 74232, 69
2026/07/30 03:04:25.807, 301.70, 100, 74232, 69
2026/07/30 03:04:26.846, 298.23, 100, 74232, 69
2026/07/30 03:04:27.886, 300.58, 100, 74232, 69
2026/07/30 03:04:28.923, 291.70, 100, 74232, 69
2026/07/30 03:04:29.962, 298.31, 100, 74232, 69
2026/07/30 03:04:31.000, 292.38, 100, 74232, 69
2026/07/30 03:04:32.038, 294.82, 100, 74232, 69
2026/07/30 03:04:33.076, 297.05, 100, 74232, 69
2026/07/30 03:04:34.114, 301.61, 100, 74232, 69
2026/07/30 03:04:35.152, 304.27, 100, 74232, 69
2026/07/30 03:04:36.191, 300.73, 100, 74232, 69
2026/07/30 03:04:37.228, 301.91, 100, 74232, 69
2026/07/30 03:04:38.269, 302.22, 100, 74232, 69
2026/07/30 03:04:39.306, 302.90, 100, 74232, 69
2026/07/30 03:04:40.344, 303.39, 100, 74232, 69
2026/07/30 03:04:41.381, 302.69, 100, 74232, 69
2026/07/30 03:04:42.419, 303.96, 100, 74232, 69
2026/07/30 03:04:43.456, 298.70, 100, 74232, 69
2026/07/30 03:04:44.493, 303.20, 100, 74232, 69
2026/07/30 03:04:45.531, 299.56, 100, 74232, 69
2026/07/30 03:04:46.570, 302.03, 100, 74232, 69
2026/07/30 03:04:47.607, 300.75, 100, 74232, 69
2026/07/30 03:04:48.645, 294.81, 100, 74232, 69
2026/07/30 03:04:49.682, 292.27, 100, 74232, 69
2026/07/30 03:04:50.719, 295.21, 100, 74232, 69
2026/07/30 03:04:51.755, 296.18, 100, 74232, 69
2026/07/30 03:04:52.792, 297.35, 100, 74232, 69
2026/07/30 03:04:53.829, 300.08, 100, 74232, 69
2026/07/30 03:04:54.866, 297.96, 100, 74232, 69
2026/07/30 03:04:55.903, 300.74, 100, 74232, 69
2026/07/30 03:04:56.940, 302.52, 100, 74232, 69
2026/07/30 03:04:57.977, 301.45, 100, 74232, 69
2026/07/30 03:04:59.015, 303.10, 100, 74232, 69
2026/07/30 03:05:00.053, 303.38, 100, 74232, 69
2026/07/30 03:05:01.091, 303.78, 100, 74232, 69
2026/07/30 03:05:02.127, 303.19, 100, 74232, 69
2026/07/30 03:05:03.168, 299.57, 100, 74232, 69
2026/07/30 03:05:04.206, 293.06, 100, 74232, 69
2026/07/30 03:05:05.244, 293.15, 100, 74232, 69
2026/07/30 03:05:06.281, 94.94, 78, 74232, 67
2026/07/30 03:05:07.318, 289.97, 100, 74232, 70
2026/07/30 03:05:08.353, 304.61, 100, 74232, 71
2026/07/30 03:05:09.388, 287.04, 100, 74232, 70
2026/07/30 03:05:10.439, 283.98, 100, 74232, 71
2026/07/30 03:05:11.475, 266.48, 100, 74232, 71
2026/07/30 03:05:12.512, 288.97, 100, 74232, 71
2026/07/30 03:05:13.555, 302.12, 100, 74232, 69
2026/07/30 03:05:14.593, 300.75, 100, 74232, 69
2026/07/30 03:05:15.635, 297.34, 100, 74232, 69
2026/07/30 03:05:16.673, 292.27, 100, 74232, 69
2026/07/30 03:05:17.715, 300.77, 100, 74232, 69
2026/07/30 03:05:18.753, 302.02, 100, 74232, 69
2026/07/30 03:05:19.790, 302.99, 100, 74232, 69
2026/07/30 03:05:20.829, 301.44, 100, 74232, 69
2026/07/30 03:05:21.866, 302.32, 100, 74232, 70
2026/07/30 03:05:22.904, 303.37, 100, 74232, 70
2026/07/30 03:05:23.941, 298.88, 100, 74232, 70
2026/07/30 03:05:24.978, 307.31, 100, 74232, 70
2026/07/30 03:05:26.016, 303.39, 100, 74232, 70
2026/07/30 03:05:27.054, 302.01, 100, 74232, 70
2026/07/30 03:05:28.092, 297.44, 100, 74232, 70
2026/07/30 03:05:29.130, 302.82, 100, 74232, 70
2026/07/30 03:05:30.167, 301.93, 100, 74232, 70
2026/07/30 03:05:31.206, 296.74, 100, 74232, 70
2026/07/30 03:05:32.244, 303.87, 100, 74232, 70
2026/07/30 03:05:33.283, 301.03, 100, 74232, 70
2026/07/30 03:05:34.324, 299.29, 100, 74232, 70
2026/07/30 03:05:35.361, 302.12, 100, 74232, 70
2026/07/30 03:05:36.399, 296.63, 100, 74232, 70
2026/07/30 03:05:37.437, 295.89, 100, 74232, 70
2026/07/30 03:05:38.475, 302.90, 100, 74232, 70
2026/07/30 03:05:39.513, 299.87, 100, 74232, 70
2026/07/30 03:05:40.552, 296.08, 100, 74232, 70
2026/07/30 03:05:41.590, 306.77, 100, 74232, 70
2026/07/30 03:05:42.629, 298.71, 100, 74232, 70
2026/07/30 03:05:43.666, 302.52, 100, 74232, 70
2026/07/30 03:05:44.703, 299.49, 100, 74232, 70
2026/07/30 03:05:45.741, 303.48, 100, 74232, 70
2026/07/30 03:05:46.778, 297.42, 100, 74232, 70
2026/07/30 03:05:47.815, 303.49, 100, 74232, 70
2026/07/30 03:05:48.854, 296.47, 100, 74232, 70
2026/07/30 03:05:49.894, 297.06, 81, 74232, 71
2026/07/30 03:05:50.931, 297.85, 100, 74232, 71
2026/07/30 03:05:51.969, 305.72, 100, 74232, 71
2026/07/30 03:05:53.004, 297.05, 100, 74232, 71
2026/07/30 03:05:54.039, 282.83, 100, 74232, 71
2026/07/30 03:05:55.073, 297.15, 100, 74232, 71
2026/07/30 03:05:56.117, 276.97, 100, 74232, 71
2026/07/30 03:05:57.153, 303.19, 100, 74232, 69
2026/07/30 03:05:58.191, 300.66, 100, 74232, 69
2026/07/30 03:05:59.229, 295.00, 100, 74232, 69
2026/07/30 03:06:00.267, 296.38, 100, 74232, 69
2026/07/30 03:06:01.306, 290.03, 100, 74232, 69
2026/07/30 03:06:02.345, 301.34, 100, 74232, 70
2026/07/30 03:06:03.384, 303.77, 100, 74232, 70
2026/07/30 03:06:04.421, 301.32, 100, 74232, 70
2026/07/30 03:06:05.459, 303.19, 100, 74232, 70
2026/07/30 03:06:06.496, 295.49, 100, 74232, 70
2026/07/30 03:06:07.534, 290.83, 100, 74232, 70
2026/07/30 03:06:08.572, 295.79, 100, 74232, 70
2026/07/30 03:06:09.610, 302.42, 100, 74232, 70
2026/07/30 03:06:10.647, 295.97, 100, 74232, 70
2026/07/30 03:06:11.686, 294.23, 100, 74232, 70
2026/07/30 03:06:12.724, 302.02, 100, 74232, 70
2026/07/30 03:06:13.761, 303.40, 100, 74232, 70
2026/07/30 03:06:14.804, 297.15, 100, 74232, 70
2026/07/30 03:06:15.842, 298.90, 100, 74232, 70
2026/07/30 03:06:16.879, 303.78, 100, 74232, 70
2026/07/30 03:06:17.917, 301.34, 100, 74232, 70
2026/07/30 03:06:18.955, 295.20, 100, 74232, 70
2026/07/30 03:06:19.993, 296.85, 100, 74232, 70
2026/07/30 03:06:21.032, 92.56, 46, 74232, 67
2026/07/30 03:06:22.063, 93.85, 0, 74232, 66
2026/07/30 03:06:23.094, 93.16, 0, 74232, 65
2026/07/30 03:06:24.127, 92.23, 0, 74232, 64
2026/07/30 03:06:25.157, 91.66, 0, 74232, 64
2026/07/30 03:06:26.189, 90.97, 0, 74232, 63
2026/07/30 03:06:27.221, 90.32, 0, 74232, 63
2026/07/30 03:06:28.253, 89.84, 0, 74232, 62
2026/07/30 03:06:29.284, 89.14, 0, 74232, 62
2026/07/30 03:06:30.313, 88.86, 0, 74232, 61
2026/07/30 03:06:31.343, 88.32, 0, 74232, 61
2026/07/30 03:06:32.375, 86.98, 0, 74232, 61
2026/07/30 03:06:33.407, 86.49, 0, 74232, 60
2026/07/30 03:06:34.441, 86.57, 0, 74232, 60
2026/07/30 03:06:35.472, 85.92, 0, 74232, 59
2026/07/30 03:06:36.502, 85.32, 0, 74232, 59
2026/07/30 03:06:37.535, 85.03, 0, 74232, 59
2026/07/30 03:06:38.565, 84.83, 0, 74232, 58
2026/07/30 03:06:39.595, 84.34, 0, 74232, 58
2026/07/30 03:06:40.625, 84.02, 0, 74232, 58
2026/07/30 03:06:41.656, 83.60, 0, 74232, 57
2026/07/30 03:06:42.686, 304.40, 100, 74232, 63
2026/07/30 03:06:43.715, 303.85, 100, 74232, 63
2026/07/30 03:06:44.749, 313.12, 100, 74232, 63
2026/07/30 03:06:45.783, 294.12, 100, 74232, 64
2026/07/30 03:06:46.815, 284.98, 100, 74232, 62
2026/07/30 03:06:47.853, 305.43, 100, 74232, 62
2026/07/30 03:06:48.891, 302.13, 100, 74232, 63
2026/07/30 03:06:49.930, 295.30, 100, 74232, 63
2026/07/30 03:06:50.967, 288.75, 100, 74232, 63
2026/07/30 03:06:52.007, 309.33, 100, 74232, 63
2026/07/30 03:06:53.048, 290.61, 100, 74232, 63
2026/07/30 03:06:54.086, 293.45, 100, 74232, 64
2026/07/30 03:06:55.123, 300.09, 100, 74232, 65
2026/07/30 03:06:56.162, 293.73, 100, 74232, 66
2026/07/30 03:06:57.196, 299.48, 100, 74232, 66
2026/07/30 03:06:58.232, 306.51, 100, 74232, 66
2026/07/30 03:06:59.268, 293.07, 100, 74232, 66
2026/07/30 03:07:00.305, 299.89, 100, 74232, 65
2026/07/30 03:07:01.342, 294.92, 100, 74232, 65
2026/07/30 03:07:02.379, 283.70, 100, 74232, 66
2026/07/30 03:07:03.414, 303.10, 100, 74232, 67
2026/07/30 03:07:04.449, 283.31, 100, 74232, 67
2026/07/30 03:07:05.482, 302.00, 100, 74232, 67
2026/07/30 03:07:06.515, 275.88, 100, 74232, 67
2026/07/30 03:07:07.549, 307.98, 100, 74232, 66
2026/07/30 03:07:08.587, 301.92, 100, 74232, 66
2026/07/30 03:07:09.625, 303.96, 100, 74232, 66
2026/07/30 03:07:10.664, 307.10, 100, 74232, 66
2026/07/30 03:07:11.699, 299.80, 100, 74232, 66
2026/07/30 03:07:12.736, 306.89, 100, 74232, 66
2026/07/30 03:07:13.773, 307.67, 100, 74232, 67
2026/07/30 03:07:14.814, 299.00, 100, 74232, 67
2026/07/30 03:07:15.851, 90.83, 36, 74232, 64
2026/07/30 03:07:16.883, 293.17, 100, 74232, 68
2026/07/30 03:07:17.917, 290.89, 100, 74232, 68
2026/07/30 03:07:18.950, 304.52, 100, 74232, 69
2026/07/30 03:07:19.986, 281.64, 100, 74232, 68
2026/07/30 03:07:21.025, 303.85, 100, 74232, 68
2026/07/30 03:07:22.059, 280.38, 100, 74232, 67
2026/07/30 03:07:23.096, 292.01, 100, 74232, 67
2026/07/30 03:07:24.134, 293.84, 100, 74232, 67
2026/07/30 03:07:25.171, 300.05, 100, 74232, 67
2026/07/30 03:07:26.208, 307.67, 100, 74232, 68
2026/07/30 03:07:27.245, 92.37, 0, 74232, 64
2026/07/30 03:07:28.278, 299.03, 100, 74232, 69
2026/07/30 03:07:29.312, 305.24, 100, 74232, 69
2026/07/30 03:07:30.349, 305.02, 100, 74232, 69
2026/07/30 03:07:31.385, 301.25, 100, 74232, 69
2026/07/30 03:07:32.420, 306.69, 100, 74232, 69
2026/07/30 03:07:33.458, 299.59, 100, 74232, 68
2026/07/30 03:07:34.497, 298.71, 100, 74232, 68
2026/07/30 03:07:35.537, 299.60, 100, 74232, 68
2026/07/30 03:07:36.574, 297.74, 100, 74232, 68
2026/07/30 03:07:37.611, 301.24, 100, 74232, 68
2026/07/30 03:07:38.648, 297.93, 100, 74232, 68
2026/07/30 03:07:39.684, 299.02, 100, 74232, 68
2026/07/30 03:07:40.722, 303.27, 100, 74232, 68
2026/07/30 03:07:41.757, 298.23, 100, 74232, 68
2026/07/30 03:07:42.794, 300.37, 100, 74232, 68
2026/07/30 03:07:43.831, 298.02, 100, 74232, 68
2026/07/30 03:07:44.869, 299.29, 100, 74232, 68
2026/07/30 03:07:45.904, 295.70, 100, 74232, 70
2026/07/30 03:07:46.939, 295.68, 100, 74232, 70
2026/07/30 03:07:47.972, 294.23, 100, 74232, 70
2026/07/30 03:07:49.005, 295.60, 100, 74232, 70
2026/07/30 03:07:50.041, 296.48, 100, 74232, 70
2026/07/30 03:07:51.077, 301.44, 100, 74232, 69
2026/07/30 03:07:52.114, 298.68, 100, 74232, 69
2026/07/30 03:07:53.150, 300.16, 100, 74232, 69
2026/07/30 03:07:54.186, 308.78, 100, 74232, 70
2026/07/30 03:07:55.220, 285.12, 100, 74232, 71
2026/07/30 03:07:56.253, 299.19, 100, 74232, 71
2026/07/30 03:07:57.289, 292.81, 100, 74232, 71
2026/07/30 03:07:58.328, 275.58, 100, 74232, 71
2026/07/30 03:07:59.362, 282.75, 100, 74232, 69
2026/07/30 03:08:00.398, 294.12, 100, 74232, 69
2026/07/30 03:08:01.437, 298.91, 100, 74232, 69
2026/07/30 03:08:02.474, 300.94, 100, 74232, 69
2026/07/30 03:08:03.512, 299.40, 100, 74232, 69
2026/07/30 03:08:04.549, 291.89, 100, 74232, 69
2026/07/30 03:08:05.584, 298.52, 100, 74232, 69
2026/07/30 03:08:06.621, 304.36, 100, 74232, 69
2026/07/30 03:08:07.658, 294.82, 100, 74232, 69
2026/07/30 03:08:08.694, 300.08, 100, 74232, 69
2026/07/30 03:08:09.732, 291.00, 100, 74232, 69
2026/07/30 03:08:10.769, 305.59, 100, 74232, 71
2026/07/30 03:08:11.808, 296.86, 100, 74232, 71
2026/07/30 03:08:12.841, 290.80, 100, 74232, 71
2026/07/30 03:08:13.875, 280.23, 100, 74232, 71
2026/07/30 03:08:14.909, 271.97, 100, 74232, 71
2026/07/30 03:08:15.942, 296.07, 100, 74232, 71
2026/07/30 03:08:16.976, 304.34, 100, 74232, 70
2026/07/30 03:08:18.013, 299.61, 100, 74232, 70
2026/07/30 03:08:19.047, 301.05, 100, 74232, 70
2026/07/30 03:08:20.084, 93.35, 0, 74232, 68
2026/07/30 03:08:21.124, 300.78, 100, 74232, 71
2026/07/30 03:08:22.157, 285.83, 100, 74232, 71
2026/07/30 03:08:23.193, 309.34, 100, 74232, 71
2026/07/30 03:08:24.231, 316.21, 100, 74232, 71
2026/07/30 03:08:25.265, 307.26, 100, 74232, 71
2026/07/30 03:08:26.299, 286.81, 100, 74232, 71
2026/07/30 03:08:27.335, 299.59, 100, 74232, 70
2026/07/30 03:08:28.372, 294.43, 100, 74232, 70
2026/07/30 03:08:29.411, 296.75, 100, 74232, 72
2026/07/30 03:08:30.445, 293.25, 100, 74232, 72
2026/07/30 03:08:31.478, 296.18, 100, 74232, 72
2026/07/30 03:08:32.512, 297.64, 100, 74232, 72
2026/07/30 03:08:33.547, 300.92, 100, 74232, 72
2026/07/30 03:08:34.584, 303.74, 100, 74232, 72
2026/07/30 03:08:35.621, 304.73, 100, 74232, 72
2026/07/30 03:08:36.657, 302.32, 100, 74232, 70
2026/07/30 03:08:37.693, 303.58, 100, 74232, 70
2026/07/30 03:08:38.731, 304.15, 100, 74232, 70
2026/07/30 03:08:39.768, 300.85, 100, 74232, 70
2026/07/30 03:08:40.812, 297.44, 100, 74232, 70
2026/07/30 03:08:41.849, 304.36, 100, 74232, 70
2026/07/30 03:08:42.889, 298.90, 100, 74232, 70
2026/07/30 03:08:43.926, 303.78, 100, 74232, 70
2026/07/30 03:08:44.962, 297.15, 100, 74232, 70
2026/07/30 03:08:45.999, 306.88, 100, 74232, 70
2026/07/30 03:08:47.035, 298.32, 100, 74232, 70
2026/07/30 03:08:48.071, 303.68, 100, 74232, 70
2026/07/30 03:08:49.108, 297.74, 100, 74232, 70
2026/07/30 03:08:50.144, 295.50, 100, 74232, 70
2026/07/30 03:08:51.179, 296.67, 100, 74232, 70
2026/07/30 03:08:52.216, 297.43, 100, 74232, 70
2026/07/30 03:08:53.253, 292.56, 100, 74232, 70
2026/07/30 03:08:54.294, 295.70, 100, 74232, 70
2026/07/30 03:08:55.329, 296.28, 100, 74232, 70
2026/07/30 03:08:56.365, 299.38, 100, 74232, 70
2026/07/30 03:08:57.401, 295.51, 100, 74232, 70
2026/07/30 03:08:58.438, 302.12, 100, 74232, 70
2026/07/30 03:08:59.475, 297.26, 100, 74232, 70
2026/07/30 03:09:00.513, 294.91, 100, 74232, 70
2026/07/30 03:09:01.548, 296.86, 100, 74232, 70
2026/07/30 03:09:02.586, 303.98, 100, 74232, 70
2026/07/30 03:09:03.622, 296.67, 100, 74232, 70
2026/07/30 03:09:04.659, 303.27, 100, 74232, 70
2026/07/30 03:09:05.696, 295.40, 100, 74232, 70
2026/07/30 03:09:06.732, 293.55, 100, 74232, 70
2026/07/30 03:09:07.769, 298.83, 100, 74232, 70
2026/07/30 03:09:08.805, 300.93, 100, 74232, 70
2026/07/30 03:09:09.843, 303.60, 100, 74232, 70
2026/07/30 03:09:10.879, 298.22, 100, 74232, 70
2026/07/30 03:09:11.918, 304.95, 100, 74232, 70
2026/07/30 03:09:12.954, 303.19, 100, 74232, 69
2026/07/30 03:09:13.994, 291.02, 100, 74232, 69
2026/07/30 03:09:15.032, 301.54, 100, 74232, 69
2026/07/30 03:09:16.071, 301.82, 100, 74232, 69
2026/07/30 03:09:17.110, 299.29, 100, 74232, 69
2026/07/30 03:09:18.146, 300.37, 100, 74232, 69
2026/07/30 03:09:19.187, 294.81, 100, 74232, 69
2026/07/30 03:09:20.224, 295.10, 100, 74232, 69
2026/07/30 03:09:21.260, 292.86, 100, 74232, 69
2026/07/30 03:09:22.296, 295.80, 100, 74232, 69
2026/07/30 03:09:23.335, 298.33, 100, 74232, 69
2026/07/30 03:09:24.372, 302.30, 100, 74232, 69
2026/07/30 03:09:25.409, 294.81, 100, 74232, 69
2026/07/30 03:09:26.448, 296.56, 100, 74232, 69
2026/07/30 03:09:27.484, 293.73, 100, 74232, 69
2026/07/30 03:09:28.522, 302.61, 100, 74232, 69
2026/07/30 03:09:29.558, 303.19, 100, 74232, 69
2026/07/30 03:09:30.594, 307.88, 100, 74232, 69
2026/07/30 03:09:31.631, 294.52, 100, 74232, 69
2026/07/30 03:09:32.668, 294.43, 100, 74232, 69
2026/07/30 03:09:33.705, 291.79, 100, 74232, 69
2026/07/30 03:09:34.747, 291.30, 100, 74232, 69
2026/07/30 03:09:35.784, 298.61, 100, 74232, 69
2026/07/30 03:09:36.821, 301.74, 100, 74232, 69
2026/07/30 03:09:37.858, 295.80, 100, 74232, 69
2026/07/30 03:09:38.897, 293.64, 100, 74232, 69
2026/07/30 03:09:39.933, 294.22, 100, 74232, 69
2026/07/30 03:09:40.972, 295.49, 100, 74232, 69
2026/07/30 03:09:42.009, 291.59, 100, 74232, 69
2026/07/30 03:09:43.045, 298.54, 100, 74232, 69
2026/07/30 03:09:44.081, 302.02, 100, 74232, 69
2026/07/30 03:09:45.117, 303.59, 100, 74232, 69
2026/07/30 03:09:46.160, 302.31, 100, 74232, 69
2026/07/30 03:09:47.195, 297.55, 100, 74232, 69
2026/07/30 03:09:48.232, 303.11, 100, 74232, 69
2026/07/30 03:09:49.268, 298.33, 100, 74232, 69
2026/07/30 03:09:50.305, 300.27, 100, 74232, 69
2026/07/30 03:09:51.342, 302.42, 100, 74232, 69
2026/07/30 03:09:52.379, 301.82, 100, 74232, 69
2026/07/30 03:09:53.415, 296.35, 100, 74232, 69
2026/07/30 03:09:54.452, 293.64, 100, 74232, 69
2026/07/30 03:09:55.490, 301.64, 100, 74232, 69
2026/07/30 03:09:56.529, 302.22, 100, 74232, 69
2026/07/30 03:09:57.565, 300.37, 100, 74232, 69
2026/07/30 03:09:58.601, 293.46, 100, 74232, 69
2026/07/30 03:09:59.638, 295.68, 100, 74232, 69
2026/07/30 03:10:00.678, 300.95, 100, 74232, 69
2026/07/30 03:10:01.714, 303.38, 100, 74232, 69
2026/07/30 03:10:02.752, 302.12, 100, 74232, 69
2026/07/30 03:10:03.789, 290.62, 100, 74232, 69
2026/07/30 03:10:04.825, 295.59, 100, 74232, 69
2026/07/30 03:10:05.861, 296.39, 100, 74232, 69
2026/07/30 03:10:06.902, 303.49, 100, 74232, 69
2026/07/30 03:10:07.939, 300.83, 100, 74232, 69
2026/07/30 03:10:08.976, 302.88, 100, 74232, 69
2026/07/30 03:10:10.013, 298.69, 100, 74232, 69
2026/07/30 03:10:11.050, 303.59, 100, 74232, 69
2026/07/30 03:10:12.087, 304.55, 100, 74232, 69
2026/07/30 03:10:13.123, 303.09, 100, 74232, 69
2026/07/30 03:10:14.159, 295.49, 100, 74232, 69
2026/07/30 03:10:15.196, 296.57, 100, 74232, 69
2026/07/30 03:10:16.233, 299.19, 100, 74232, 69
2026/07/30 03:10:17.268, 300.55, 100, 74232, 69
2026/07/30 03:10:18.303, 303.39, 100, 74232, 69
2026/07/30 03:10:19.340, 303.78, 100, 74232, 69
2026/07/30 03:10:20.378, 303.75, 100, 74232, 69
2026/07/30 03:10:21.413, 300.77, 100, 74232, 69
2026/07/30 03:10:22.449, 298.61, 100, 74232, 69
2026/07/30 03:10:23.488, 296.08, 100, 74232, 69
2026/07/30 03:10:24.524, 297.07, 100, 74232, 69
2026/07/30 03:10:25.562, 292.96, 100, 74232, 69
2026/07/30 03:10:26.598, 298.32, 100, 74232, 69
2026/07/30 03:10:27.636, 294.91, 100, 74232, 69
2026/07/30 03:10:28.674, 296.66, 100, 74232, 69
2026/07/30 03:10:29.710, 292.29, 100, 74232, 69
2026/07/30 03:10:30.747, 297.84, 100, 74232, 69
2026/07/30 03:10:31.783, 295.80, 100, 74232, 69
2026/07/30 03:10:32.819, 295.79, 100, 74232, 69
2026/07/30 03:10:33.855, 297.86, 100, 74232, 69
2026/07/30 03:10:34.892, 291.49, 100, 74232, 69
2026/07/30 03:10:35.928, 297.73, 100, 74232, 69
2026/07/30 03:10:36.964, 296.67, 100, 74232, 69
2026/07/30 03:10:38.002, 295.69, 100, 74232, 69
2026/07/30 03:10:39.038, 296.98, 100, 74232, 69
2026/07/30 03:10:40.078, 295.00, 100, 74232, 69
2026/07/30 03:10:41.116, 297.84, 100, 74232, 69
2026/07/30 03:10:42.152, 306.89, 100, 74232, 69
2026/07/30 03:10:43.190, 307.48, 100, 74232, 69
2026/07/30 03:10:44.227, 296.07, 100, 74232, 69
2026/07/30 03:10:45.264, 290.52, 100, 74232, 69
2026/07/30 03:10:46.303, 295.40, 100, 74232, 69
2026/07/30 03:10:47.341, 303.19, 100, 74232, 69
2026/07/30 03:10:48.377, 303.89, 100, 74232, 69
2026/07/30 03:10:49.414, 293.24, 100, 74232, 69
2026/07/30 03:10:50.457, 296.86, 100, 74232, 69
2026/07/30 03:10:51.495, 295.59, 100, 74232, 69
2026/07/30 03:10:52.531, 297.54, 100, 74232, 69
2026/07/30 03:10:53.570, 296.95, 100, 74232, 69
2026/07/30 03:10:54.607, 301.44, 100, 74232, 69
2026/07/30 03:10:55.645, 303.59, 100, 74232, 69
2026/07/30 03:10:56.681, 305.70, 100, 74232, 69
2026/07/30 03:10:57.718, 299.38, 100, 74232, 69
2026/07/30 03:10:58.758, 301.53, 100, 74232, 69
2026/07/30 03:10:59.795, 303.00, 100, 74232, 69
2026/07/30 03:11:00.832, 307.29, 100, 74232, 69
2026/07/30 03:11:01.869, 304.06, 100, 74232, 69
2026/07/30 03:11:02.906, 301.83, 100, 74232, 69
2026/07/30 03:11:03.943, 302.92, 100, 74232, 69
2026/07/30 03:11:04.982, 295.20, 100, 74232, 69
2026/07/30 03:11:06.020, 296.77, 100, 74232, 69
2026/07/30 03:11:07.057, 291.58, 100, 74232, 69
2026/07/30 03:11:08.097, 287.50, 100, 74232, 69
2026/07/30 03:11:09.132, 301.34, 100, 74232, 69
2026/07/30 03:11:10.172, 295.21, 100, 74232, 69
2026/07/30 03:11:11.209, 302.52, 100, 74232, 69
2026/07/30 03:11:12.247, 302.61, 100, 74232, 69
2026/07/30 03:11:13.283, 299.59, 100, 74232, 69
2026/07/30 03:11:14.319, 301.93, 100, 74232, 69
2026/07/30 03:11:15.356, 301.15, 100, 74232, 69
2026/07/30 03:11:16.395, 303.26, 100, 74232, 69
2026/07/30 03:11:17.433, 304.08, 100, 74232, 69
2026/07/30 03:11:18.471, 303.26, 100, 74232, 69
2026/07/30 03:11:19.507, 292.28, 100, 74232, 69
2026/07/30 03:11:20.543, 296.46, 100, 74232, 69
2026/07/30 03:11:21.580, 297.74, 100, 74232, 69
2026/07/30 03:11:22.617, 296.58, 100, 74232, 69
2026/07/30 03:11:23.653, 303.59, 100, 74232, 69
2026/07/30 03:11:24.692, 299.30, 100, 74232, 69
2026/07/30 03:11:25.729, 298.90, 100, 74232, 69
2026/07/30 03:11:26.766, 296.37, 100, 74232, 69
2026/07/30 03:11:27.803, 297.90, 100, 74232, 69
2026/07/30 03:11:28.839, 301.45, 100, 74232, 69
2026/07/30 03:11:29.876, 302.79, 100, 74232, 69
2026/07/30 03:11:30.914, 296.38, 100, 74232, 69
2026/07/30 03:11:31.954, 303.40, 100, 74232, 69
2026/07/30 03:11:32.990, 298.91, 100, 74232, 69
2026/07/30 03:11:34.030, 302.32, 100, 74232, 69
2026/07/30 03:11:35.069, 290.12, 100, 74232, 69
2026/07/30 03:11:36.107, 300.08, 100, 74232, 69
2026/07/30 03:11:37.150, 302.89, 100, 74232, 69
2026/07/30 03:11:38.188, 302.61, 100, 74232, 69
2026/07/30 03:11:39.226, 303.69, 100, 74232, 69
2026/07/30 03:11:40.264, 301.32, 100, 74232, 69
2026/07/30 03:11:41.300, 299.19, 100, 74232, 69
2026/07/30 03:11:42.337, 297.83, 100, 74232, 69
2026/07/30 03:11:43.373, 296.37, 100, 74232, 69
2026/07/30 03:11:44.410, 296.47, 100, 74232, 69
2026/07/30 03:11:45.446, 296.09, 100, 74232, 69
2026/07/30 03:11:46.482, 291.98, 100, 74232, 69
2026/07/30 03:11:47.518, 294.81, 100, 74232, 69
2026/07/30 03:11:48.556, 297.34, 100, 74232, 69
2026/07/30 03:11:49.593, 299.00, 100, 74232, 69
2026/07/30 03:11:50.630, 296.56, 100, 74232, 69
2026/07/30 03:11:51.665, 302.90, 100, 74232, 69
2026/07/30 03:11:52.700, 298.35, 100, 74232, 69
2026/07/30 03:11:53.736, 301.93, 100, 74232, 69
2026/07/30 03:11:54.773, 302.89, 100, 74232, 69
2026/07/30 03:11:55.809, 302.31, 100, 74232, 69
2026/07/30 03:11:56.845, 301.01, 100, 74232, 69
2026/07/30 03:11:57.883, 297.44, 100, 74232, 69
2026/07/30 03:11:58.924, 293.45, 100, 74232, 69
2026/07/30 03:11:59.960, 301.34, 100, 74232, 69
2026/07/30 03:12:00.999, 303.55, 100, 74232, 69
2026/07/30 03:12:02.035, 295.28, 100, 74232, 69
2026/07/30 03:12:03.072, 295.21, 100, 74232, 69
2026/07/30 03:12:04.109, 292.58, 100, 74232, 69
2026/07/30 03:12:05.149, 295.98, 100, 74232, 69
2026/07/30 03:12:06.186, 299.19, 100, 74232, 69
2026/07/30 03:12:07.224, 295.97, 100, 74232, 69
2026/07/30 03:12:08.260, 300.54, 100, 74232, 69
2026/07/30 03:12:09.297, 303.77, 100, 74232, 69
2026/07/30 03:12:10.334, 299.47, 100, 74232, 69
2026/07/30 03:12:11.370, 298.89, 100, 74232, 69
2026/07/30 03:12:12.407, 302.70, 100, 74232, 69
2026/07/30 03:12:13.449, 302.86, 100, 74232, 69
2026/07/30 03:12:14.487, 303.64, 100, 74232, 69
2026/07/30 03:12:15.523, 303.85, 100, 74232, 69
2026/07/30 03:12:16.560, 299.87, 100, 74232, 69
2026/07/30 03:12:17.596, 292.17, 100, 74232, 69
2026/07/30 03:12:18.634, 300.95, 100, 74232, 69
2026/07/30 03:12:19.669, 293.53, 100, 74232, 69
2026/07/30 03:12:20.707, 301.92, 100, 74232, 69
2026/07/30 03:12:21.744, 296.75, 100, 74232, 69
2026/07/30 03:12:22.781, 297.91, 100, 74232, 69
2026/07/30 03:12:23.819, 304.26, 100, 74232, 69
2026/07/30 03:12:24.856, 301.13, 100, 74232, 69
2026/07/30 03:12:25.892, 301.33, 100, 74232, 69
2026/07/30 03:12:26.937, 294.42, 100, 74232, 69
2026/07/30 03:12:27.973, 302.29, 100, 74232, 69
2026/07/30 03:12:29.008, 304.24, 100, 74232, 69
2026/07/30 03:12:30.045, 295.88, 100, 74232, 69
2026/07/30 03:12:31.085, 296.97, 100, 74232, 69
2026/07/30 03:12:32.122, 290.56, 100, 74232, 69
2026/07/30 03:12:33.159, 296.76, 100, 74232, 69
2026/07/30 03:12:34.196, 292.48, 100, 74232, 69
2026/07/30 03:12:35.234, 294.33, 100, 74232, 69
2026/07/30 03:12:36.275, 293.15, 100, 74232, 69
2026/07/30 03:12:37.311, 296.16, 100, 74232, 69
2026/07/30 03:12:38.348, 296.46, 100, 74232, 69
2026/07/30 03:12:39.385, 302.41, 100, 74232, 69
2026/07/30 03:12:40.421, 303.95, 100, 74232, 69
2026/07/30 03:12:41.458, 306.58, 100, 74232, 69
2026/07/30 03:12:42.493, 300.45, 100, 74232, 69
2026/07/30 03:12:43.529, 293.95, 100, 74232, 69
2026/07/30 03:12:44.567, 298.99, 100, 74232, 69
2026/07/30 03:12:45.604, 302.12, 100, 74232, 69
2026/07/30 03:12:46.641, 295.67, 100, 74232, 69
2026/07/30 03:12:47.678, 296.26, 100, 74232, 69
2026/07/30 03:12:48.715, 296.86, 100, 74232, 69
2026/07/30 03:12:49.751, 296.44, 100, 74232, 69
2026/07/30 03:12:50.786, 296.37, 100, 74232, 69
2026/07/30 03:12:51.823, 294.03, 100, 74232, 69
2026/07/30 03:12:52.859, 305.48, 100, 74232, 69
2026/07/30 03:12:53.898, 300.93, 100, 74232, 69
2026/07/30 03:12:54.936, 301.81, 100, 74232, 69
2026/07/30 03:12:55.974, 303.55, 100, 74232, 69
2026/07/30 03:12:57.012, 303.55, 100, 74232, 69
2026/07/30 03:12:58.049, 302.97, 100, 74232, 69
2026/07/30 03:12:59.085, 303.97, 100, 74232, 69
2026/07/30 03:13:00.121, 303.59, 100, 74232, 69
2026/07/30 03:13:01.157, 308.45, 100, 74232, 69
2026/07/30 03:13:02.193, 301.65, 100, 74232, 69
2026/07/30 03:13:03.230, 296.93, 100, 74232, 69
2026/07/30 03:13:04.266, 294.82, 100, 74232, 69
2026/07/30 03:13:05.304, 295.50, 100, 74232, 69
2026/07/30 03:13:06.342, 296.86, 100, 74232, 69
2026/07/30 03:13:07.379, 295.59, 100, 74232, 69
2026/07/30 03:13:08.415, 296.86, 100, 74232, 69
2026/07/30 03:13:09.451, 292.96, 100, 74232, 69
2026/07/30 03:13:10.488, 303.20, 100, 74232, 69
2026/07/30 03:13:11.527, 295.97, 100, 74232, 69
2026/07/30 03:13:12.564, 301.25, 100, 74232, 69
2026/07/30 03:13:13.600, 299.49, 100, 74232, 69
2026/07/30 03:13:14.636, 295.70, 100, 74232, 69
2026/07/30 03:13:15.673, 302.42, 100, 74232, 69
2026/07/30 03:13:16.710, 303.47, 100, 74232, 69
2026/07/30 03:13:17.747, 296.28, 100, 74232, 69
2026/07/30 03:13:18.784, 295.40, 100, 74232, 69
2026/07/30 03:13:19.821, 296.08, 100, 74232, 69
2026/07/30 03:13:20.857, 295.78, 100, 74232, 69
2026/07/30 03:13:21.894, 296.86, 100, 74232, 69
2026/07/30 03:13:22.935, 292.47, 100, 74232, 69
2026/07/30 03:13:23.971, 296.77, 100, 74232, 69
2026/07/30 03:13:25.008, 296.79, 100, 74232, 69
2026/07/30 03:13:26.044, 294.23, 100, 74232, 69
2026/07/30 03:13:27.081, 307.39, 100, 74232, 69
2026/07/30 03:13:28.118, 300.55, 100, 74232, 69
2026/07/30 03:13:29.155, 305.92, 100, 74232, 69
2026/07/30 03:13:30.192, 298.98, 83, 74232, 71
2026/07/30 03:13:31.227, 293.14, 100, 74232, 71
2026/07/30 03:13:32.268, 298.42, 100, 74232, 71
2026/07/30 03:13:33.305, 299.54, 100, 74232, 71
2026/07/30 03:13:34.340, 296.99, 100, 74232, 71
2026/07/30 03:13:35.382, 304.56, 100, 74232, 71
2026/07/30 03:13:36.418, 294.04, 100, 74232, 71
2026/07/30 03:13:37.455, 301.83, 100, 74232, 69
2026/07/30 03:13:38.491, 302.60, 100, 74232, 69
2026/07/30 03:13:39.528, 303.08, 100, 74232, 69
2026/07/30 03:13:40.566, 295.60, 100, 74232, 69
2026/07/30 03:13:41.604, 295.20, 100, 74232, 69
2026/07/30 03:13:42.642, 296.18, 100, 74232, 70
2026/07/30 03:13:43.681, 299.30, 100, 74232, 70
2026/07/30 03:13:44.719, 297.64, 100, 74232, 70
2026/07/30 03:13:45.757, 304.07, 100, 74232, 70
2026/07/30 03:13:46.795, 307.93, 100, 74232, 70
2026/07/30 03:13:47.835, 292.18, 100, 74232, 70
2026/07/30 03:13:48.874, 295.21, 100, 74232, 70
2026/07/30 03:13:49.911, 296.87, 100, 74232, 70
2026/07/30 03:13:50.952, 294.03, 100, 74232, 70
2026/07/30 03:13:51.989, 294.14, 100, 74232, 70
2026/07/30 03:13:53.025, 296.57, 100, 74232, 70
2026/07/30 03:13:54.063, 294.25, 100, 74232, 70
2026/07/30 03:13:55.099, 300.74, 100, 74232, 70
2026/07/30 03:13:56.135, 300.27, 100, 74232, 70
2026/07/30 03:13:57.174, 298.11, 100, 74232, 70
2026/07/30 03:13:58.211, 299.38, 100, 74232, 70
2026/07/30 03:13:59.247, 302.62, 100, 74232, 70
2026/07/30 03:14:00.283, 301.15, 100, 74232, 70
2026/07/30 03:14:01.319, 296.95, 100, 74232, 70
2026/07/30 03:14:02.356, 294.02, 100, 74232, 70
2026/07/30 03:14:03.393, 302.52, 100, 74232, 70
2026/07/30 03:14:04.430, 291.41, 100, 74232, 70
2026/07/30 03:14:05.466, 296.69, 100, 74232, 70
2026/07/30 03:14:06.502, 303.26, 100, 74232, 70
2026/07/30 03:14:07.541, 296.47, 100, 74232, 70
2026/07/30 03:14:08.578, 309.02, 100, 74232, 70
2026/07/30 03:14:09.614, 302.31, 100, 74232, 70
2026/07/30 03:14:10.651, 304.08, 100, 74232, 70
2026/07/30 03:14:11.690, 307.66, 100, 74232, 70
2026/07/30 03:14:12.728, 301.92, 100, 74232, 70
2026/07/30 03:14:13.765, 303.20, 100, 74232, 70
2026/07/30 03:14:14.803, 298.03, 100, 74232, 70
2026/07/30 03:14:15.840, 298.54, 100, 74232, 70
2026/07/30 03:14:16.877, 302.72, 100, 74232, 70
2026/07/30 03:14:17.915, 299.40, 100, 74232, 70
2026/07/30 03:14:18.954, 295.79, 100, 74232, 70
2026/07/30 03:14:19.991, 296.38, 100, 74232, 69
2026/07/30 03:14:21.028, 295.68, 100, 74232, 69
2026/07/30 03:14:22.065, 298.71, 100, 74232, 70
2026/07/30 03:14:23.106, 301.35, 100, 74232, 69
2026/07/30 03:14:24.143, 302.42, 100, 74232, 69
2026/07/30 03:14:25.180, 299.38, 100, 74232, 69
2026/07/30 03:14:26.217, 291.20, 100, 74232, 69
2026/07/30 03:14:27.254, 301.33, 100, 74232, 69
2026/07/30 03:14:28.290, 303.07, 100, 74232, 69
2026/07/30 03:14:29.327, 303.01, 100, 74232, 69
2026/07/30 03:14:30.364, 299.77, 100, 74232, 69
2026/07/30 03:14:31.400, 301.53, 100, 74232, 69
2026/07/30 03:14:32.437, 290.63, 100, 74232, 69
2026/07/30 03:14:33.474, 299.20, 100, 74232, 69
2026/07/30 03:14:34.513, 292.28, 100, 74232, 69
2026/07/30 03:14:35.550, 294.92, 100, 74232, 69
2026/07/30 03:14:36.590, 295.89, 100, 74232, 69
2026/07/30 03:14:37.627, 303.27, 100, 74232, 69
2026/07/30 03:14:38.664, 292.09, 100, 74232, 69
2026/07/30 03:14:39.711, 289.95, 100, 74232, 69
2026/07/30 03:14:40.748, 302.14, 100, 74232, 69
2026/07/30 03:14:41.785, 298.13, 100, 74232, 69
2026/07/30 03:14:42.822, 303.79, 100, 74232, 69
2026/07/30 03:14:43.858, 296.58, 100, 74232, 69
2026/07/30 03:14:44.896, 303.55, 100, 74232, 69
2026/07/30 03:14:45.933, 295.87, 100, 74232, 69
2026/07/30 03:14:46.970, 295.39, 100, 74232, 69
2026/07/30 03:14:48.008, 294.82, 100, 74232, 69
2026/07/30 03:14:49.045, 294.73, 100, 74232, 69
2026/07/30 03:14:50.082, 296.56, 100, 74232, 69
2026/07/30 03:14:51.118, 291.22, 100, 74232, 69
2026/07/30 03:14:52.155, 298.65, 100, 74232, 69
2026/07/30 03:14:53.194, 294.42, 100, 74232, 69
2026/07/30 03:14:54.230, 303.78, 100, 74232, 70
2026/07/30 03:14:55.268, 288.17, 100, 74232, 70
2026/07/30 03:14:56.305, 288.97, 100, 74232, 69
2026/07/30 03:14:57.343, 293.84, 100, 74232, 69
2026/07/30 03:14:58.379, 293.83, 100, 74232, 69
2026/07/30 03:14:59.419, 299.89, 100, 74232, 70
2026/07/30 03:15:00.456, 302.52, 100, 74232, 70
2026/07/30 03:15:01.496, 301.92, 100, 74232, 70
2026/07/30 03:15:02.533, 298.23, 100, 74232, 70
2026/07/30 03:15:03.568, 297.15, 100, 74232, 70
2026/07/30 03:15:04.606, 296.65, 100, 74232, 70
2026/07/30 03:15:05.643, 291.51, 100, 74232, 70
2026/07/30 03:15:06.681, 295.68, 100, 74232, 70
2026/07/30 03:15:07.717, 296.30, 100, 74232, 70
2026/07/30 03:15:08.754, 300.07, 100, 74232, 70
2026/07/30 03:15:09.790, 300.17, 100, 74232, 70
2026/07/30 03:15:10.826, 303.49, 100, 74232, 70
2026/07/30 03:15:11.862, 303.46, 100, 74232, 70
2026/07/30 03:15:12.899, 297.74, 100, 74232, 70
2026/07/30 03:15:13.936, 299.11, 100, 74232, 70
2026/07/30 03:15:14.972, 302.89, 100, 74232, 70
2026/07/30 03:15:16.009, 297.17, 100, 74232, 70
2026/07/30 03:15:17.045, 300.66, 100, 74232, 70
2026/07/30 03:15:18.082, 293.85, 100, 74232, 70
2026/07/30 03:15:19.118, 296.67, 100, 74232, 70
2026/07/30 03:15:20.154, 295.99, 100, 74232, 70
2026/07/30 03:15:21.191, 300.88, 100, 74232, 69
2026/07/30 03:15:22.229, 294.82, 100, 74232, 69
2026/07/30 03:15:23.265, 296.86, 100, 74232, 69
2026/07/30 03:15:24.301, 301.25, 100, 74232, 69
2026/07/30 03:15:25.339, 299.98, 100, 74232, 69
2026/07/30 03:15:26.376, 299.79, 100, 74232, 69
2026/07/30 03:15:27.415, 302.03, 100, 74232, 69
2026/07/30 03:15:28.451, 303.30, 100, 74232, 69
2026/07/30 03:15:29.487, 299.60, 100, 74232, 70
2026/07/30 03:15:30.524, 297.76, 100, 74232, 69
2026/07/30 03:15:31.563, 302.33, 100, 74232, 70
2026/07/30 03:15:32.601, 302.90, 100, 74232, 70
2026/07/30 03:15:33.636, 302.99, 100, 74232, 70
2026/07/30 03:15:34.672, 306.09, 100, 74232, 70
2026/07/30 03:15:35.708, 302.12, 100, 74232, 70
2026/07/30 03:15:36.747, 303.30, 100, 74232, 69
2026/07/30 03:15:37.784, 296.18, 100, 74232, 69
2026/07/30 03:15:38.820, 297.92, 100, 74232, 69
2026/07/30 03:15:39.856, 300.47, 100, 74232, 69
2026/07/30 03:15:40.893, 300.67, 100, 74232, 69
2026/07/30 03:15:41.934, 297.82, 100, 74232, 69
2026/07/30 03:15:42.973, 297.15, 100, 74232, 69
2026/07/30 03:15:44.011, 303.29, 100, 74232, 69
2026/07/30 03:15:45.049, 294.12, 100, 74232, 69
2026/07/30 03:15:46.087, 295.51, 100, 74232, 69
2026/07/30 03:15:47.127, 293.74, 100, 74232, 69
2026/07/30 03:15:48.162, 297.06, 100, 74232, 69
2026/07/30 03:15:49.199, 294.90, 100, 74232, 69
2026/07/30 03:15:50.237, 295.68, 100, 74232, 69
2026/07/30 03:15:51.277, 301.52, 100, 74232, 69
2026/07/30 03:15:52.314, 303.88, 100, 74232, 70
2026/07/30 03:15:53.351, 300.94, 100, 74232, 70
2026/07/30 03:15:54.388, 293.84, 100, 74232, 69
2026/07/30 03:15:55.425, 301.54, 100, 74232, 70
2026/07/30 03:15:56.461, 303.79, 100, 74232, 70
2026/07/30 03:15:57.499, 301.34, 100, 74232, 69
2026/07/30 03:15:58.536, 292.87, 100, 74232, 69
2026/07/30 03:15:59.576, 293.36, 100, 74232, 69
2026/07/30 03:16:00.616, 301.13, 100, 74232, 69
2026/07/30 03:16:01.652, 302.52, 100, 74232, 69
2026/07/30 03:16:02.692, 303.87, 100, 74232, 69
2026/07/30 03:16:03.729, 293.34, 100, 74232, 69
2026/07/30 03:16:04.767, 295.24, 100, 74232, 69
2026/07/30 03:16:05.804, 294.33, 100, 74232, 69
2026/07/30 03:16:06.840, 295.40, 100, 74232, 69
2026/07/30 03:16:07.877, 295.49, 100, 74232, 69
2026/07/30 03:16:08.913, 296.87, 100, 74232, 69
2026/07/30 03:16:09.951, 293.36, 100, 74232, 69
2026/07/30 03:16:10.988, 299.98, 100, 74232, 69
2026/07/30 03:16:12.025, 300.86, 100, 74232, 69
2026/07/30 03:16:13.062, 302.71, 100, 74232, 69
2026/07/30 03:16:14.108, 296.37, 100, 74232, 69
2026/07/30 03:16:15.145, 304.16, 100, 74232, 69
2026/07/30 03:16:16.182, 295.42, 100, 74232, 69
2026/07/30 03:16:17.219, 298.92, 100, 74232, 69
2026/07/30 03:16:18.255, 298.62, 100, 74232, 69
2026/07/30 03:16:19.296, 303.10, 100, 74232, 69
2026/07/30 03:16:20.331, 302.61, 100, 74232, 69
2026/07/30 03:16:21.369, 304.27, 100, 74232, 69
2026/07/30 03:16:22.404, 300.54, 100, 74232, 69
2026/07/30 03:16:23.442, 302.90, 100, 74232, 69
2026/07/30 03:16:24.480, 302.61, 100, 74232, 69
2026/07/30 03:16:25.516, 306.58, 100, 74232, 69
2026/07/30 03:16:26.555, 296.87, 100, 74232, 69
2026/07/30 03:16:27.591, 299.00, 100, 74232, 69
2026/07/30 03:16:28.627, 301.64, 100, 74232, 69
2026/07/30 03:16:29.663, 303.09, 100, 74232, 69
2026/07/30 03:16:30.700, 298.23, 100, 74232, 69
2026/07/30 03:16:31.739, 297.93, 100, 74232, 69
2026/07/30 03:16:32.775, 294.33, 100, 74232, 69
2026/07/30 03:16:33.816, 295.11, 100, 74232, 69
2026/07/30 03:16:34.853, 295.02, 100, 74232, 69
2026/07/30 03:16:35.891, 295.98, 100, 74232, 69
2026/07/30 03:16:36.930, 297.64, 100, 74232, 69
2026/07/30 03:16:37.966, 303.59, 100, 74232, 69
2026/07/30 03:16:39.003, 300.65, 100, 74232, 69
2026/07/30 03:16:40.040, 298.31, 100, 74232, 69
2026/07/30 03:16:41.081, 293.17, 100, 74232, 69
2026/07/30 03:16:42.118, 301.65, 100, 74232, 69
2026/07/30 03:16:43.153, 302.21, 100, 74232, 69
2026/07/30 03:16:44.189, 292.75, 100, 74232, 69
2026/07/30 03:16:45.227, 295.89, 100, 74232, 69
2026/07/30 03:16:46.265, 292.39, 100, 74232, 69
2026/07/30 03:16:47.304, 295.60, 100, 74232, 69
2026/07/30 03:16:48.342, 296.08, 100, 74232, 69
2026/07/30 03:16:49.379, 292.29, 100, 74232, 69
2026/07/30 03:16:50.414, 298.90, 100, 74232, 69
2026/07/30 03:16:51.450, 303.78, 100, 74232, 69
2026/07/30 03:16:52.486, 296.16, 100, 74232, 69
2026/07/30 03:16:53.523, 300.95, 100, 74232, 69
2026/07/30 03:16:54.560, 300.36, 100, 74232, 69
2026/07/30 03:16:55.596, 302.33, 100, 74232, 69
2026/07/30 03:16:56.631, 303.49, 100, 74232, 69
2026/07/30 03:16:57.668, 303.95, 100, 74232, 69
2026/07/30 03:16:58.704, 307.87, 100, 74232, 69
2026/07/30 03:16:59.741, 296.86, 100, 74232, 69
2026/07/30 03:17:00.777, 301.53, 100, 74232, 69
2026/07/30 03:17:01.813, 301.74, 100, 74232, 69
2026/07/30 03:17:02.849, 302.22, 100, 74232, 69
2026/07/30 03:17:03.888, 300.56, 100, 74232, 69
2026/07/30 03:17:04.925, 303.00, 100, 74232, 69
2026/07/30 03:17:05.960, 303.39, 100, 74232, 69
2026/07/30 03:17:06.998, 299.56, 100, 74232, 69
2026/07/30 03:17:08.034, 301.40, 100, 74232, 69
2026/07/30 03:17:09.072, 301.26, 100, 74232, 69
2026/07/30 03:17:10.109, 302.71, 100, 74232, 69
2026/07/30 03:17:11.145, 303.48, 100, 74232, 69
2026/07/30 03:17:12.182, 299.19, 100, 74232, 69
2026/07/30 03:17:13.219, 295.69, 100, 74232, 69
2026/07/30 03:17:14.256, 294.03, 100, 74232, 69
2026/07/30 03:17:15.293, 291.60, 100, 74232, 69
2026/07/30 03:17:16.331, 293.74, 100, 74232, 69
2026/07/30 03:17:17.369, 295.58, 100, 74232, 69
2026/07/30 03:17:18.405, 295.49, 100, 74232, 69
2026/07/30 03:17:19.443, 292.28, 100, 74232, 69
2026/07/30 03:17:20.479, 296.47, 100, 74232, 69
2026/07/30 03:17:21.520, 297.64, 100, 74232, 69
2026/07/30 03:17:22.556, 301.08, 100, 74232, 69
2026/07/30 03:17:23.592, 297.14, 100, 74232, 69
2026/07/30 03:17:24.631, 295.80, 100, 74232, 69
2026/07/30 03:17:25.669, 294.83, 100, 74232, 69
2026/07/30 03:17:26.707, 303.09, 100, 74232, 69
2026/07/30 03:17:27.744, 296.76, 100, 74232, 69
2026/07/30 03:17:28.781, 303.78, 100, 74232, 69
2026/07/30 03:17:29.817, 296.10, 100, 74232, 69
2026/07/30 03:17:30.855, 302.50, 100, 74232, 69
2026/07/30 03:17:31.892, 301.05, 100, 74232, 69
2026/07/30 03:17:32.931, 302.52, 100, 74232, 69
2026/07/30 03:17:33.968, 293.45, 100, 74232, 69
2026/07/30 03:17:35.006, 294.71, 100, 74232, 69
2026/07/30 03:17:36.042, 298.71, 100, 74232, 69
2026/07/30 03:17:37.079, 299.88, 100, 74232, 69
2026/07/30 03:17:38.117, 302.81, 100, 74232, 69
2026/07/30 03:17:39.155, 302.71, 100, 74232, 69
2026/07/30 03:17:40.190, 296.37, 100, 74232, 69
2026/07/30 03:17:41.227, 289.35, 100, 74232, 69
2026/07/30 03:17:42.263, 295.89, 100, 74232, 69
2026/07/30 03:17:43.301, 299.02, 100, 74232, 69
2026/07/30 03:17:44.338, 301.53, 100, 74232, 69
2026/07/30 03:17:45.375, 302.90, 100, 74232, 69
2026/07/30 03:17:46.412, 302.21, 100, 74232, 69
2026/07/30 03:17:47.449, 303.10, 100, 74232, 69
2026/07/30 03:17:48.487, 303.58, 100, 74232, 69
2026/07/30 03:17:49.525, 303.20, 100, 74232, 69
2026/07/30 03:17:50.562, 304.84, 100, 74232, 69
2026/07/30 03:17:51.599, 293.55, 100, 74232, 69
2026/07/30 03:17:52.636, 291.59, 100, 74232, 69
2026/07/30 03:17:53.672, 294.11, 100, 74232, 69
2026/07/30 03:17:54.709, 302.42, 100, 74232, 69
2026/07/30 03:17:55.747, 301.05, 100, 74232, 69
2026/07/30 03:17:56.785, 302.42, 100, 74232, 69
2026/07/30 03:17:57.822, 303.49, 100, 74232, 69
2026/07/30 03:17:58.861, 291.31, 100, 74232, 69
2026/07/30 03:17:59.897, 303.48, 100, 74232, 69
2026/07/30 03:18:00.935, 293.74, 100, 74232, 69
2026/07/30 03:18:01.975, 302.10, 100, 74232, 69
2026/07/30 03:18:03.012, 301.24, 100, 74232, 69
2026/07/30 03:18:04.049, 318.57, 87, 74232, 71
2026/07/30 03:18:05.083, 293.46, 100, 74232, 71
2026/07/30 03:18:06.116, 313.58, 100, 74232, 71
2026/07/30 03:18:07.154, 296.49, 100, 74232, 71
2026/07/30 03:18:08.192, 306.11, 100, 74232, 71
2026/07/30 03:18:09.228, 309.37, 100, 74232, 71
2026/07/30 03:18:10.264, 271.27, 100, 74232, 71
2026/07/30 03:18:11.304, 302.81, 100, 74232, 69
2026/07/30 03:18:12.341, 298.31, 100, 74232, 69
2026/07/30 03:18:13.377, 302.21, 100, 74232, 69
2026/07/30 03:18:14.415, 302.03, 100, 74232, 69
2026/07/30 03:18:15.451, 304.13, 100, 74232, 70
2026/07/30 03:18:16.488, 300.57, 100, 74232, 70
2026/07/30 03:18:17.526, 300.75, 100, 74232, 70
2026/07/30 03:18:18.564, 295.59, 100, 74232, 70
2026/07/30 03:18:19.602, 304.27, 100, 74232, 70
2026/07/30 03:18:20.638, 304.36, 100, 74232, 70
2026/07/30 03:18:21.675, 296.64, 100, 74232, 70
2026/07/30 03:18:22.714, 303.57, 100, 74232, 70
2026/07/30 03:18:23.751, 296.27, 100, 74232, 70
2026/07/30 03:18:24.787, 296.66, 100, 74232, 70
2026/07/30 03:18:25.824, 293.75, 100, 74232, 70
2026/07/30 03:18:26.861, 293.93, 100, 74232, 70
2026/07/30 03:18:27.898, 295.20, 100, 74232, 70
2026/07/30 03:18:28.936, 291.51, 100, 74232, 70
2026/07/30 03:18:29.974, 295.11, 100, 74232, 70
2026/07/30 03:18:31.011, 295.30, 100, 74232, 69
2026/07/30 03:18:32.051, 295.89, 100, 74232, 70
2026/07/30 03:18:33.088, 298.24, 100, 74232, 70
2026/07/30 03:18:34.126, 298.52, 100, 74232, 70
2026/07/30 03:18:35.164, 302.42, 100, 74232, 69
2026/07/30 03:18:36.204, 303.59, 100, 74232, 69
2026/07/30 03:18:37.241, 303.97, 100, 74232, 69
2026/07/30 03:18:38.277, 300.67, 100, 74232, 69
2026/07/30 03:18:39.313, 303.68, 100, 74232, 69
2026/07/30 03:18:40.352, 299.98, 100, 74232, 69
2026/07/30 03:18:41.389, 299.70, 100, 74232, 69
2026/07/30 03:18:42.426, 301.93, 100, 74232, 69
2026/07/30 03:18:43.465, 303.98, 100, 74232, 69
2026/07/30 03:18:44.506, 303.68, 100, 74232, 70
2026/07/30 03:18:45.543, 301.05, 100, 74232, 70
2026/07/30 03:18:46.581, 303.38, 100, 74232, 69
2026/07/30 03:18:47.619, 303.58, 100, 74232, 70
2026/07/30 03:18:48.655, 298.04, 100, 74232, 70
2026/07/30 03:18:49.692, 302.23, 100, 74232, 69
2026/07/30 03:18:50.730, 302.13, 100, 74232, 70
2026/07/30 03:18:51.767, 303.37, 100, 74232, 70
2026/07/30 03:18:52.803, 299.98, 100, 74232, 69
2026/07/30 03:18:53.839, 303.09, 100, 74232, 70
2026/07/30 03:18:54.877, 302.52, 100, 74232, 69
2026/07/30 03:18:55.913, 296.09, 100, 74232, 69
2026/07/30 03:18:56.952, 296.68, 100, 74232, 69
2026/07/30 03:18:57.989, 295.58, 100, 74232, 69
2026/07/30 03:18:59.027, 302.32, 100, 74232, 69
2026/07/30 03:19:00.069, 296.40, 100, 74232, 69
2026/07/30 03:19:01.105, 303.68, 100, 74232, 69
2026/07/30 03:19:02.143, 298.12, 100, 74232, 69
2026/07/30 03:19:03.180, 295.69, 100, 74232, 69
2026/07/30 03:19:04.217, 303.58, 100, 74232, 69
2026/07/30 03:19:05.254, 298.45, 100, 74232, 69
2026/07/30 03:19:06.292, 301.73, 100, 74232, 69
2026/07/30 03:19:07.328, 302.90, 100, 74232, 69
2026/07/30 03:19:08.365, 303.55, 100, 74232, 69
2026/07/30 03:19:09.401, 300.07, 100, 74232, 69
2026/07/30 03:19:10.439, 302.03, 100, 74232, 69
2026/07/30 03:19:11.477, 296.76, 100, 74232, 69
2026/07/30 03:19:12.514, 303.39, 100, 74232, 69
2026/07/30 03:19:13.551, 292.10, 100, 74232, 69
2026/07/30 03:19:14.591, 293.64, 100, 74232, 69
2026/07/30 03:19:15.628, 295.50, 100, 74232, 69
2026/07/30 03:19:16.667, 296.37, 100, 74232, 69
2026/07/30 03:19:17.704, 303.01, 100, 74232, 69
2026/07/30 03:19:18.744, 292.26, 100, 74232, 69
2026/07/30 03:19:19.782, 294.71, 100, 74232, 69
2026/07/30 03:19:20.818, 297.36, 100, 74232, 69
2026/07/30 03:19:21.858, 299.30, 100, 74232, 69
2026/07/30 03:19:22.894, 300.32, 100, 74232, 69
2026/07/30 03:19:23.930, 299.10, 100, 74232, 69
2026/07/30 03:19:24.967, 301.73, 100, 74232, 69
2026/07/30 03:19:26.005, 303.11, 100, 74232, 69
2026/07/30 03:19:27.042, 305.43, 100, 74232, 69
2026/07/30 03:19:28.079, 303.67, 100, 74232, 69
2026/07/30 03:19:29.116, 301.33, 100, 74232, 69
2026/07/30 03:19:30.153, 302.80, 100, 74232, 69
2026/07/30 03:19:31.191, 302.48, 100, 74232, 69
2026/07/30 03:19:32.228, 297.15, 100, 74232, 69
2026/07/30 03:19:33.266, 294.02, 100, 74232, 69
2026/07/30 03:19:34.302, 292.78, 100, 74232, 69
2026/07/30 03:19:35.341, 296.77, 100, 74232, 69
2026/07/30 03:19:36.380, 297.16, 100, 74232, 69
2026/07/30 03:19:37.420, 292.78, 100, 74232, 69
2026/07/30 03:19:38.459, 293.35, 100, 74232, 69
2026/07/30 03:19:39.498, 295.21, 100, 74232, 69
2026/07/30 03:19:40.536, 296.18, 100, 74232, 69
2026/07/30 03:19:41.574, 297.15, 100, 74232, 69
2026/07/30 03:19:42.613, 292.18, 100, 74232, 69
2026/07/30 03:19:43.651, 295.40, 100, 74232, 69
2026/07/30 03:19:44.689, 295.51, 100, 74232, 69
2026/07/30 03:19:45.727, 299.10, 100, 74232, 69
2026/07/30 03:19:46.773, 293.76, 100, 74232, 69
2026/07/30 03:19:47.811, 293.26, 100, 74232, 69
2026/07/30 03:19:48.848, 295.20, 100, 74232, 69
2026/07/30 03:19:49.888, 303.30, 100, 74232, 69
2026/07/30 03:19:50.926, 302.90, 100, 74232, 69
2026/07/30 03:19:51.963, 301.14, 100, 74232, 69
2026/07/30 03:19:53.002, 296.96, 100, 74232, 69
2026/07/30 03:19:54.040, 295.70, 100, 74232, 69
2026/07/30 03:19:55.078, 298.71, 100, 74232, 69
2026/07/30 03:19:56.118, 294.52, 100, 74232, 69
2026/07/30 03:19:57.156, 295.88, 100, 74232, 69
2026/07/30 03:19:58.194, 296.37, 100, 74232, 69
2026/07/30 03:19:59.232, 297.45, 100, 74232, 69
2026/07/30 03:20:00.270, 294.04, 100, 74232, 69
2026/07/30 03:20:01.307, 294.13, 100, 74232, 69
2026/07/30 03:20:02.344, 295.11, 100, 74232, 69
2026/07/30 03:20:03.384, 296.18, 100, 74232, 69
2026/07/30 03:20:04.422, 303.19, 100, 74232, 69
2026/07/30 03:20:05.462, 300.46, 100, 74232, 69
2026/07/30 03:20:06.500, 300.96, 100, 74232, 69
2026/07/30 03:20:07.539, 301.90, 100, 74232, 69
2026/07/30 03:20:08.577, 302.90, 100, 74232, 69
2026/07/30 03:20:09.616, 298.52, 100, 74232, 69
2026/07/30 03:20:10.657, 303.21, 100, 74232, 69
2026/07/30 03:20:11.695, 301.05, 100, 74232, 69
2026/07/30 03:20:12.733, 296.76, 100, 74232, 69
2026/07/30 03:20:13.771, 296.28, 100, 74232, 69
2026/07/30 03:20:14.807, 293.36, 100, 74232, 69
2026/07/30 03:20:15.845, 293.44, 100, 74232, 69
2026/07/30 03:20:16.882, 301.93, 100, 74232, 69
2026/07/30 03:20:17.922, 294.52, 100, 74232, 69
2026/07/30 03:20:18.960, 296.16, 100, 74232, 69
2026/07/30 03:20:20.001, 293.16, 100, 74232, 69
2026/07/30 03:20:21.038, 303.17, 100, 74232, 69
2026/07/30 03:20:22.075, 294.52, 100, 74232, 69
2026/07/30 03:20:23.112, 302.62, 100, 74232, 69
2026/07/30 03:20:24.149, 295.69, 100, 74232, 69
2026/07/30 03:20:25.189, 300.10, 100, 74232, 69
2026/07/30 03:20:26.226, 303.78, 100, 74232, 69
2026/07/30 03:20:27.263, 296.39, 100, 74232, 69
2026/07/30 03:20:28.300, 296.90, 100, 74232, 69
2026/07/30 03:20:29.338, 293.83, 100, 74232, 69
2026/07/30 03:20:30.375, 293.47, 100, 74232, 69
2026/07/30 03:20:31.416, 299.10, 100, 74232, 69
2026/07/30 03:20:32.454, 295.59, 100, 74232, 69
2026/07/30 03:20:33.491, 295.99, 100, 74232, 69
2026/07/30 03:20:34.530, 296.37, 100, 74232, 69
2026/07/30 03:20:35.568, 295.70, 100, 74232, 69
2026/07/30 03:20:36.607, 297.26, 100, 74232, 69
2026/07/30 03:20:37.646, 301.84, 100, 74232, 69
2026/07/30 03:20:38.683, 302.32, 100, 74232, 69
2026/07/30 03:20:39.722, 303.19, 100, 74232, 69
2026/07/30 03:20:40.760, 302.90, 100, 74232, 69
2026/07/30 03:20:41.800, 301.81, 100, 74232, 69
2026/07/30 03:20:42.837, 296.76, 100, 74232, 69
2026/07/30 03:20:43.873, 291.61, 100, 74232, 69
2026/07/30 03:20:44.911, 295.40, 100, 74232, 69
2026/07/30 03:20:45.950, 291.90, 100, 74232, 69
2026/07/30 03:20:46.988, 295.10, 100, 74232, 69
2026/07/30 03:20:48.025, 296.38, 100, 74232, 69
2026/07/30 03:20:49.064, 290.04, 100, 74232, 69
2026/07/30 03:20:50.101, 300.76, 100, 74232, 69
2026/07/30 03:20:51.138, 295.11, 100, 74232, 69
2026/07/30 03:20:52.174, 303.45, 100, 74232, 69
2026/07/30 03:20:53.211, 300.08, 100, 74232, 69
2026/07/30 03:20:54.248, 299.30, 100, 74232, 69
2026/07/30 03:20:55.286, 301.83, 100, 74232, 69
2026/07/30 03:20:56.326, 302.68, 100, 74232, 69
2026/07/30 03:20:57.363, 303.30, 100, 74232, 69
2026/07/30 03:20:58.399, 304.54, 100, 74232, 69
2026/07/30 03:20:59.437, 298.03, 100, 74232, 69
2026/07/30 03:21:00.474, 295.49, 100, 74232, 69
2026/07/30 03:21:01.519, 292.38, 100, 74232, 69
2026/07/30 03:21:02.558, 296.87, 100, 74232, 69
2026/07/30 03:21:03.595, 293.83, 100, 74232, 69
2026/07/30 03:21:04.633, 303.37, 100, 74232, 69
2026/07/30 03:21:05.670, 300.35, 100, 74232, 69
2026/07/30 03:21:06.709, 303.09, 100, 74232, 69
2026/07/30 03:21:07.745, 301.23, 100, 74232, 69
2026/07/30 03:21:08.784, 302.82, 100, 74232, 69
2026/07/30 03:21:09.823, 303.37, 100, 74232, 69
2026/07/30 03:21:10.866, 304.07, 100, 74232, 69
2026/07/30 03:21:11.903, 291.02, 100, 74232, 69
2026/07/30 03:21:12.943, 296.36, 100, 74232, 69
2026/07/30 03:21:13.983, 294.71, 100, 74232, 69
2026/07/30 03:21:15.019, 295.21, 100, 74232, 69
2026/07/30 03:21:16.057, 297.05, 100, 74232, 69
2026/07/30 03:21:17.095, 301.83, 100, 74232, 69
2026/07/30 03:21:18.133, 298.50, 100, 74232, 69
2026/07/30 03:21:19.170, 294.24, 100, 74232, 69
2026/07/30 03:21:20.206, 298.42, 100, 74232, 69
2026/07/30 03:21:21.242, 294.73, 100, 74232, 69
2026/07/30 03:21:22.280, 295.79, 100, 74232, 69
2026/07/30 03:21:23.320, 299.69, 100, 74232, 69
2026/07/30 03:21:24.358, 303.85, 100, 74232, 69
2026/07/30 03:21:25.397, 293.47, 100, 74232, 69
2026/07/30 03:21:26.434, 294.62, 100, 74232, 69
2026/07/30 03:21:27.471, 293.94, 100, 74232, 69
2026/07/30 03:21:28.507, 295.11, 100, 74232, 69
2026/07/30 03:21:29.545, 296.27, 100, 74232, 69
2026/07/30 03:21:30.582, 293.28, 100, 74232, 69
2026/07/30 03:21:31.619, 296.55, 100, 74232, 69
2026/07/30 03:21:32.655, 292.97, 100, 74232, 69
2026/07/30 03:21:33.693, 294.35, 100, 74232, 69
2026/07/30 03:21:34.731, 299.30, 100, 74232, 69
2026/07/30 03:21:35.770, 302.69, 100, 74232, 69
2026/07/30 03:21:36.807, 303.64, 100, 74232, 69
2026/07/30 03:21:37.850, 295.98, 100, 74232, 69
2026/07/30 03:21:38.888, 303.58, 100, 74232, 69
2026/07/30 03:21:39.925, 288.42, 100, 74232, 69
2026/07/30 03:21:40.963, 301.06, 100, 74232, 69
2026/07/30 03:21:42.000, 296.37, 100, 74232, 69
2026/07/30 03:21:43.041, 294.13, 100, 74232, 69
2026/07/30 03:21:44.079, 301.22, 100, 74232, 69
2026/07/30 03:21:45.117, 302.12, 100, 74232, 69
2026/07/30 03:21:46.154, 302.48, 100, 74232, 69
2026/07/30 03:21:47.192, 299.10, 100, 74232, 69
2026/07/30 03:21:48.230, 293.15, 100, 74232, 69
2026/07/30 03:21:49.268, 300.66, 100, 74232, 69
2026/07/30 03:21:50.306, 295.80, 100, 74232, 69
2026/07/30 03:21:51.345, 297.46, 100, 74232, 69
2026/07/30 03:21:52.382, 296.58, 100, 74232, 69
2026/07/30 03:21:53.420, 302.03, 100, 74232, 69
2026/07/30 03:21:54.458, 294.24, 100, 74232, 69
2026/07/30 03:21:55.502, 296.58, 100, 74232, 69
2026/07/30 03:21:56.540, 297.24, 100, 74232, 69
2026/07/30 03:21:57.578, 303.20, 100, 74232, 69
2026/07/30 03:21:58.616, 303.56, 100, 74232, 69
2026/07/30 03:21:59.657, 294.41, 100, 74232, 69
2026/07/30 03:22:00.699, 289.95, 100, 74232, 69
2026/07/30 03:22:01.737, 301.24, 100, 74232, 69
2026/07/30 03:22:02.783, 296.86, 100, 74232, 69
2026/07/30 03:22:03.820, 295.78, 100, 74232, 69
2026/07/30 03:22:04.857, 306.91, 100, 74232, 69
2026/07/30 03:22:05.895, 297.93, 100, 74232, 69
2026/07/30 03:22:06.932, 293.06, 100, 74232, 69
2026/07/30 03:22:07.968, 296.58, 100, 74232, 69
2026/07/30 03:22:09.007, 306.11, 100, 74232, 69
2026/07/30 03:22:10.044, 298.01, 100, 74232, 69
2026/07/30 03:22:11.083, 296.16, 100, 74232, 69
2026/07/30 03:22:12.120, 295.49, 100, 74232, 69
2026/07/30 03:22:13.156, 297.06, 100, 74232, 69
2026/07/30 03:22:14.194, 296.07, 100, 74232, 69
2026/07/30 03:22:15.232, 303.59, 100, 74232, 69
2026/07/30 03:22:16.270, 296.19, 100, 74232, 69
2026/07/30 03:22:17.308, 302.88, 100, 74232, 69
2026/07/30 03:22:18.351, 299.35, 100, 74232, 69
2026/07/30 03:22:19.389, 295.50, 100, 74232, 69
2026/07/30 03:22:20.427, 291.70, 100, 74232, 69
2026/07/30 03:22:21.465, 294.03, 100, 74232, 69
2026/07/30 03:22:22.503, 294.81, 100, 74232, 69
2026/07/30 03:22:23.541, 305.24, 100, 74232, 69
2026/07/30 03:22:24.578, 302.80, 100, 74232, 69
2026/07/30 03:22:25.616, 302.99, 100, 74232, 69
2026/07/30 03:22:26.654, 295.21, 100, 74232, 69
2026/07/30 03:22:27.692, 296.96, 100, 74232, 69
2026/07/30 03:22:28.730, 301.04, 100, 74232, 69
2026/07/30 03:22:29.768, 292.00, 100, 74232, 69
2026/07/30 03:22:30.806, 304.37, 100, 74232, 69
2026/07/30 03:22:31.843, 299.48, 100, 74232, 69
2026/07/30 03:22:32.881, 301.93, 100, 74232, 69
2026/07/30 03:22:33.918, 300.15, 100, 74232, 70
2026/07/30 03:22:34.961, 301.90, 100, 74232, 70
2026/07/30 03:22:35.999, 303.19, 100, 74232, 70
2026/07/30 03:22:37.036, 296.95, 100, 74232, 70
2026/07/30 03:22:38.075, 302.90, 100, 74232, 70
2026/07/30 03:22:39.116, 303.98, 100, 74232, 70
2026/07/30 03:22:40.152, 295.99, 100, 74232, 70
2026/07/30 03:22:41.189, 300.67, 100, 74232, 70
2026/07/30 03:22:42.230, 304.15, 100, 74232, 70
2026/07/30 03:22:43.267, 303.19, 100, 74232, 70
2026/07/30 03:22:44.304, 304.34, 100, 74232, 70
2026/07/30 03:22:45.341, 304.95, 100, 74232, 70
2026/07/30 03:22:46.377, 303.97, 100, 74232, 70
2026/07/30 03:22:47.414, 304.37, 100, 74232, 70
2026/07/30 03:22:48.451, 295.32, 100, 74232, 70
2026/07/30 03:22:49.488, 300.85, 100, 74232, 70
2026/07/30 03:22:50.525, 298.41, 100, 74232, 70
2026/07/30 03:22:51.566, 292.56, 100, 74232, 70
2026/07/30 03:22:52.603, 294.81, 100, 74232, 70
2026/07/30 03:22:53.639, 290.92, 100, 74232, 70
2026/07/30 03:22:54.676, 294.43, 100, 74232, 70
2026/07/30 03:22:55.713, 295.99, 100, 74232, 70
2026/07/30 03:22:56.750, 293.93, 100, 74232, 70
2026/07/30 03:22:57.786, 294.41, 100, 74232, 70
2026/07/30 03:22:58.823, 296.08, 100, 74232, 70
2026/07/30 03:22:59.860, 294.92, 100, 74232, 70
2026/07/30 03:23:00.897, 295.89, 100, 74232, 70
2026/07/30 03:23:01.934, 296.86, 100, 74232, 70
2026/07/30 03:23:02.971, 297.55, 100, 74232, 70
2026/07/30 03:23:04.008, 302.97, 100, 74232, 70
2026/07/30 03:23:05.041, 299.38, 100, 74232, 71
2026/07/30 03:23:06.084, 299.55, 100, 74232, 71
2026/07/30 03:23:07.119, 316.12, 100, 74232, 71
2026/07/30 03:23:08.154, 303.62, 100, 74232, 71
2026/07/30 03:23:09.195, 266.69, 100, 74232, 71
2026/07/30 03:23:10.232, 302.02, 100, 74232, 71
2026/07/30 03:23:11.265, 313.61, 100, 74232, 71
2026/07/30 03:23:12.300, 300.93, 100, 74232, 70
2026/07/30 03:23:13.337, 303.39, 100, 74232, 70
2026/07/30 03:23:14.377, 299.78, 100, 74232, 70
2026/07/30 03:23:15.413, 294.02, 100, 74232, 70
2026/07/30 03:23:16.451, 292.58, 100, 74232, 70
2026/07/30 03:23:17.487, 300.56, 100, 74232, 70
2026/07/30 03:23:18.524, 304.61, 100, 74232, 70
2026/07/30 03:23:19.560, 302.80, 100, 74232, 70
2026/07/30 03:23:20.599, 303.96, 100, 74232, 70
2026/07/30 03:23:21.636, 301.45, 100, 74232, 70
2026/07/30 03:23:22.675, 299.98, 100, 74232, 70
2026/07/30 03:23:23.711, 302.71, 100, 74232, 70
2026/07/30 03:23:24.751, 304.67, 100, 74232, 70
2026/07/30 03:23:25.789, 297.74, 100, 74232, 70
2026/07/30 03:23:26.826, 294.03, 100, 74232, 70
2026/07/30 03:23:27.869, 295.99, 100, 74232, 70
2026/07/30 03:23:28.906, 303.74, 100, 74232, 70
2026/07/30 03:23:29.944, 303.55, 100, 74232, 70
2026/07/30 03:23:30.983, 302.58, 100, 74232, 70
2026/07/30 03:23:32.019, 295.88, 100, 74232, 70
2026/07/30 03:23:33.056, 295.99, 100, 74232, 70
2026/07/30 03:23:34.093, 300.38, 100, 74232, 70
2026/07/30 03:23:35.131, 298.69, 100, 74232, 70
2026/07/30 03:23:36.169, 299.98, 100, 74232, 70
2026/07/30 03:23:37.206, 300.86, 100, 74232, 70
2026/07/30 03:23:38.242, 289.44, 100, 74232, 70
2026/07/30 03:23:39.280, 292.96, 100, 74232, 70
2026/07/30 03:23:40.315, 295.88, 100, 74232, 70
2026/07/30 03:23:41.353, 304.57, 100, 74232, 70
2026/07/30 03:23:42.389, 297.15, 100, 74232, 70
2026/07/30 03:23:43.426, 294.33, 100, 74232, 70
2026/07/30 03:23:44.462, 295.30, 100, 74232, 70
2026/07/30 03:23:45.499, 295.68, 100, 74232, 70
2026/07/30 03:23:46.535, 297.15, 100, 74232, 70
2026/07/30 03:23:47.571, 299.18, 100, 74232, 70
2026/07/30 03:23:48.608, 300.35, 100, 74232, 70
2026/07/30 03:23:49.646, 290.81, 100, 74232, 70
2026/07/30 03:23:50.685, 294.03, 100, 74232, 70
2026/07/30 03:23:51.727, 293.83, 100, 74232, 70
2026/07/30 03:23:52.764, 294.23, 100, 74232, 70
2026/07/30 03:23:53.802, 295.59, 100, 74232, 70
2026/07/30 03:23:54.838, 297.06, 100, 74232, 70
2026/07/30 03:23:55.875, 295.99, 100, 74232, 70
2026/07/30 03:23:56.915, 294.12, 100, 74232, 70
2026/07/30 03:23:57.955, 302.31, 100, 74232, 70
2026/07/30 03:23:58.997, 296.87, 100, 74232, 70
2026/07/30 03:24:00.035, 296.18, 100, 74232, 70
2026/07/30 03:24:01.075, 300.45, 100, 74232, 69
2026/07/30 03:24:02.112, 301.70, 100, 74232, 70
2026/07/30 03:24:03.148, 302.50, 100, 74232, 69
2026/07/30 03:24:04.184, 299.20, 100, 74232, 69
2026/07/30 03:24:05.221, 299.69, 100, 74232, 69
2026/07/30 03:24:06.260, 302.21, 100, 74232, 69
2026/07/30 03:24:07.298, 292.77, 100, 74232, 69
2026/07/30 03:24:08.335, 292.87, 100, 74232, 69
2026/07/30 03:24:09.372, 295.89, 100, 74232, 69
2026/07/30 03:24:10.408, 302.03, 100, 74232, 69
2026/07/30 03:24:11.449, 303.49, 100, 74232, 69
2026/07/30 03:24:12.487, 292.37, 100, 74232, 69
2026/07/30 03:24:13.525, 293.74, 100, 74232, 69
2026/07/30 03:24:14.565, 296.17, 100, 74232, 69
2026/07/30 03:24:15.602, 295.42, 100, 74232, 69
2026/07/30 03:24:16.639, 287.31, 100, 74232, 69
2026/07/30 03:24:17.676, 294.62, 100, 74232, 69
2026/07/30 03:24:18.713, 298.14, 100, 74232, 69
2026/07/30 03:24:19.752, 303.20, 100, 74232, 69
2026/07/30 03:24:20.789, 300.34, 100, 74232, 69
2026/07/30 03:24:21.827, 302.32, 100, 74232, 69
2026/07/30 03:24:22.866, 295.79, 100, 74232, 69
2026/07/30 03:24:23.904, 301.32, 100, 74232, 69
2026/07/30 03:24:24.943, 300.75, 100, 74232, 69
2026/07/30 03:24:25.982, 293.55, 100, 74232, 69
2026/07/30 03:24:27.020, 302.82, 100, 74232, 69
2026/07/30 03:24:28.057, 302.22, 100, 74232, 69
2026/07/30 03:24:29.095, 296.28, 100, 74232, 69
2026/07/30 03:24:30.132, 297.74, 100, 74232, 69
2026/07/30 03:24:31.171, 291.79, 100, 74232, 69
2026/07/30 03:24:32.209, 295.59, 100, 74232, 69
2026/07/30 03:24:33.247, 303.68, 100, 74232, 69
2026/07/30 03:24:34.284, 294.82, 100, 74232, 69
2026/07/30 03:24:35.320, 295.18, 100, 74232, 69
2026/07/30 03:24:36.358, 299.01, 100, 74232, 69
2026/07/30 03:24:37.396, 303.88, 100, 74232, 69
2026/07/30 03:24:38.432, 299.89, 100, 74232, 69
2026/07/30 03:24:39.468, 293.04, 100, 74232, 69
2026/07/30 03:24:40.505, 301.24, 100, 74232, 69
2026/07/30 03:24:41.541, 296.19, 100, 74232, 69
2026/07/30 03:24:42.577, 299.97, 100, 74232, 70
2026/07/30 03:24:43.614, 293.74, 100, 74232, 69
2026/07/30 03:24:44.650, 295.30, 100, 74232, 69
2026/07/30 03:24:45.689, 293.16, 100, 74232, 69
2026/07/30 03:24:46.729, 296.18, 100, 74232, 69
2026/07/30 03:24:47.771, 300.96, 100, 74232, 70
2026/07/30 03:24:48.808, 296.97, 100, 74232, 70
2026/07/30 03:24:49.845, 299.60, 100, 74232, 70
2026/07/30 03:24:50.881, 302.22, 100, 74232, 70
2026/07/30 03:24:51.918, 295.89, 100, 74232, 70
2026/07/30 03:24:52.958, 293.05, 100, 74232, 70
2026/07/30 03:24:53.996, 299.59, 100, 74232, 70
2026/07/30 03:24:55.033, 292.67, 100, 74232, 70
2026/07/30 03:24:56.069, 303.97, 100, 74232, 70
2026/07/30 03:24:57.114, 292.08, 100, 74232, 70
2026/07/30 03:24:58.151, 295.50, 100, 74232, 70
2026/07/30 03:24:59.187, 294.82, 100, 74232, 70
2026/07/30 03:25:00.226, 302.51, 100, 74232, 70
2026/07/30 03:25:01.262, 296.57, 100, 74232, 70
2026/07/30 03:25:02.300, 298.71, 100, 74232, 70
2026/07/30 03:25:03.336, 300.64, 100, 74232, 70
2026/07/30 03:25:04.373, 300.26, 100, 74232, 70
2026/07/30 03:25:05.410, 303.89, 100, 74232, 70
2026/07/30 03:25:06.450, 302.99, 100, 74232, 70
2026/07/30 03:25:07.486, 295.68, 100, 74232, 69
2026/07/30 03:25:08.524, 299.49, 100, 74232, 69
2026/07/30 03:25:09.560, 301.05, 100, 74232, 69
2026/07/30 03:25:10.596, 296.65, 100, 74232, 69
2026/07/30 03:25:11.632, 296.37, 100, 74232, 69
2026/07/30 03:25:12.672, 296.47, 100, 74232, 69
2026/07/30 03:25:13.710, 291.97, 100, 74232, 69
2026/07/30 03:25:14.746, 291.21, 100, 74232, 69
2026/07/30 03:25:15.784, 295.78, 100, 74232, 69
2026/07/30 03:25:16.821, 301.72, 100, 74232, 69
2026/07/30 03:25:17.857, 306.42, 100, 74232, 69
2026/07/30 03:25:18.893, 297.44, 100, 74232, 69
2026/07/30 03:25:19.930, 299.77, 100, 74232, 69
2026/07/30 03:25:20.967, 301.93, 100, 74232, 69
2026/07/30 03:25:22.004, 301.93, 100, 74232, 69
2026/07/30 03:25:23.041, 292.54, 100, 74232, 69
2026/07/30 03:25:24.078, 292.58, 100, 74232, 69
2026/07/30 03:25:25.115, 301.34, 100, 74232, 69
2026/07/30 03:25:26.161, 296.08, 100, 74232, 69
2026/07/30 03:25:27.198, 296.08, 100, 74232, 69
2026/07/30 03:25:28.235, 296.37, 100, 74232, 69
2026/07/30 03:25:29.274, 295.59, 100, 74232, 69
2026/07/30 03:25:30.311, 294.33, 100, 74232, 69
2026/07/30 03:25:31.348, 295.58, 100, 74232, 69
2026/07/30 03:25:32.384, 298.81, 100, 74232, 69
2026/07/30 03:25:33.421, 293.25, 100, 74232, 69
2026/07/30 03:25:34.459, 297.93, 100, 74232, 69
2026/07/30 03:25:35.495, 301.25, 100, 74232, 69
2026/07/30 03:25:36.531, 302.81, 100, 74232, 69
2026/07/30 03:25:37.569, 302.03, 100, 74232, 69
2026/07/30 03:25:38.605, 303.48, 100, 74232, 70
2026/07/30 03:25:39.643, 299.01, 100, 74232, 70
2026/07/30 03:25:40.681, 306.71, 100, 74232, 70
2026/07/30 03:25:41.718, 294.92, 100, 74232, 69
2026/07/30 03:25:42.753, 302.58, 100, 74232, 70
2026/07/30 03:25:43.789, 303.59, 100, 74232, 69
2026/07/30 03:25:44.826, 295.99, 100, 74232, 69
2026/07/30 03:25:45.864, 303.88, 100, 74232, 69
2026/07/30 03:25:46.901, 298.22, 100, 74232, 69
2026/07/30 03:25:47.938, 293.46, 100, 74232, 69
2026/07/30 03:25:48.975, 295.58, 100, 74232, 69
2026/07/30 03:25:50.013, 303.89, 100, 74232, 69
2026/07/30 03:25:51.050, 302.61, 100, 74232, 69
2026/07/30 03:25:52.085, 303.59, 100, 74232, 69
2026/07/30 03:25:53.122, 299.87, 100, 74232, 69
2026/07/30 03:25:54.159, 302.90, 100, 74232, 69
2026/07/30 03:25:55.198, 294.91, 100, 74232, 69
2026/07/30 03:25:56.235, 301.25, 100, 74232, 69
2026/07/30 03:25:57.271, 297.66, 100, 74232, 69
2026/07/30 03:25:58.308, 296.67, 100, 74232, 69
2026/07/30 03:25:59.346, 292.86, 100, 74232, 69
2026/07/30 03:26:00.384, 294.14, 100, 74232, 69
2026/07/30 03:26:01.424, 294.52, 100, 74232, 69
2026/07/30 03:26:02.463, 294.81, 100, 74232, 69
2026/07/30 03:26:03.502, 296.37, 100, 74232, 69
2026/07/30 03:26:04.543, 302.32, 100, 74232, 69
2026/07/30 03:26:05.580, 296.27, 100, 74232, 69
2026/07/30 03:26:06.618, 301.12, 100, 74232, 69
2026/07/30 03:26:07.654, 299.21, 100, 74232, 69
2026/07/30 03:26:08.691, 301.34, 100, 74232, 69
2026/07/30 03:26:09.729, 303.00, 100, 74232, 69
2026/07/30 03:26:10.765, 302.02, 100, 74232, 69
2026/07/30 03:26:11.804, 303.58, 100, 74232, 69
2026/07/30 03:26:12.840, 295.08, 100, 74232, 69
2026/07/30 03:26:13.877, 296.79, 100, 74232, 69
2026/07/30 03:26:14.913, 292.39, 100, 74232, 69
2026/07/30 03:26:15.950, 292.10, 100, 74232, 69
2026/07/30 03:26:16.989, 296.37, 100, 74232, 69
2026/07/30 03:26:18.031, 294.72, 100, 74232, 69
2026/07/30 03:26:19.068, 296.87, 100, 74232, 69
2026/07/30 03:26:20.104, 290.94, 100, 74232, 69
2026/07/30 03:26:21.142, 296.76, 100, 74232, 69
2026/07/30 03:26:22.180, 299.49, 100, 74232, 69
2026/07/30 03:26:23.217, 299.00, 100, 74232, 69
2026/07/30 03:26:24.253, 300.77, 100, 74232, 69
2026/07/30 03:26:25.290, 302.81, 100, 74232, 69
2026/07/30 03:26:26.326, 303.78, 100, 74232, 69
2026/07/30 03:26:27.363, 297.34, 100, 74232, 69
2026/07/30 03:26:28.403, 292.75, 100, 74232, 69
2026/07/30 03:26:29.441, 301.05, 100, 74232, 69
2026/07/30 03:26:30.486, 302.69, 100, 74232, 69
2026/07/30 03:26:31.524, 302.61, 100, 74232, 69
2026/07/30 03:26:32.560, 309.64, 100, 74232, 69
2026/07/30 03:26:33.596, 301.13, 100, 74232, 69
2026/07/30 03:26:34.633, 302.12, 100, 74232, 69
2026/07/30 03:26:35.670, 296.47, 100, 74232, 69
2026/07/30 03:26:36.707, 296.27, 100, 74232, 69
2026/07/30 03:26:37.744, 301.05, 100, 74232, 69
2026/07/30 03:26:38.780, 304.45, 100, 74232, 69
2026/07/30 03:26:39.816, 298.50, 100, 74232, 69
2026/07/30 03:26:40.853, 301.24, 100, 74232, 69
2026/07/30 03:26:41.891, 292.88, 100, 74232, 69
2026/07/30 03:26:42.928, 302.70, 100, 74232, 69
2026/07/30 03:26:43.966, 303.19, 100, 74232, 69
2026/07/30 03:26:45.003, 302.41, 100, 74232, 69
2026/07/30 03:26:46.039, 303.78, 100, 74232, 69
2026/07/30 03:26:47.075, 304.67, 100, 74232, 69
2026/07/30 03:26:48.112, 295.20, 100, 74232, 69
2026/07/30 03:26:49.149, 299.10, 100, 74232, 69
2026/07/30 03:26:50.186, 301.44, 100, 74232, 69
2026/07/30 03:26:51.224, 302.12, 100, 74232, 69
2026/07/30 03:26:52.261, 295.58, 100, 74232, 69
2026/07/30 03:26:53.299, 295.98, 100, 74232, 69
2026/07/30 03:26:54.336, 296.57, 100, 74232, 69
2026/07/30 03:26:55.373, 297.05, 100, 74232, 69
2026/07/30 03:26:56.411, 296.86, 100, 74232, 69
2026/07/30 03:26:57.447, 289.54, 100, 74232, 69
2026/07/30 03:26:58.484, 290.73, 100, 74232, 69
2026/07/30 03:26:59.523, 294.23, 100, 74232, 69
2026/07/30 03:27:00.561, 295.61, 100, 74232, 69
2026/07/30 03:27:01.596, 297.45, 100, 74232, 69
2026/07/30 03:27:02.633, 297.83, 100, 74232, 69
2026/07/30 03:27:03.671, 304.27, 100, 74232, 69
2026/07/30 03:27:04.707, 293.55, 100, 74232, 69
2026/07/30 03:27:05.745, 303.37, 100, 74232, 69
2026/07/30 03:27:06.782, 302.81, 100, 74232, 69
2026/07/30 03:27:07.819, 301.53, 100, 74232, 69
2026/07/30 03:27:08.856, 299.49, 100, 74232, 69
2026/07/30 03:27:09.892, 301.82, 100, 74232, 69
2026/07/30 03:27:10.929, 297.74, 100, 74232, 69
2026/07/30 03:27:11.967, 296.75, 100, 74232, 69
2026/07/30 03:27:13.004, 295.20, 100, 74232, 69
2026/07/30 03:27:14.040, 303.19, 100, 74232, 69
2026/07/30 03:27:15.077, 303.19, 100, 74232, 69
2026/07/30 03:27:16.114, 296.18, 100, 74232, 69
2026/07/30 03:27:17.151, 296.66, 100, 74232, 69
2026/07/30 03:27:18.189, 293.64, 100, 74232, 69
2026/07/30 03:27:19.226, 292.96, 100, 74232, 69
2026/07/30 03:27:20.262, 296.08, 100, 74232, 69
2026/07/30 03:27:21.299, 298.04, 100, 74232, 69
2026/07/30 03:27:22.335, 295.40, 100, 74232, 69
2026/07/30 03:27:23.373, 294.91, 100, 74232, 69
2026/07/30 03:27:24.409, 295.68, 100, 74232, 69
2026/07/30 03:27:25.446, 302.91, 100, 74232, 69
2026/07/30 03:27:26.482, 299.49, 100, 74232, 69
2026/07/30 03:27:27.518, 302.61, 100, 74232, 69
2026/07/30 03:27:28.555, 303.49, 100, 74232, 69
2026/07/30 03:27:29.593, 303.29, 100, 74232, 69
2026/07/30 03:27:30.630, 303.75, 100, 74232, 69
2026/07/30 03:27:31.671, 298.43, 100, 74232, 69
2026/07/30 03:27:32.708, 303.29, 100, 74232, 69
2026/07/30 03:27:33.746, 298.63, 100, 74232, 69
2026/07/30 03:27:34.783, 301.33, 100, 74232, 69
2026/07/30 03:27:35.824, 299.01, 100, 74232, 69
2026/07/30 03:27:36.862, 298.71, 100, 74232, 69
2026/07/30 03:27:37.899, 302.71, 100, 74232, 69
2026/07/30 03:27:38.936, 303.09, 100, 74232, 69
2026/07/30 03:27:39.976, 302.90, 100, 74232, 69
2026/07/30 03:27:41.013, 303.64, 100, 74232, 69
2026/07/30 03:27:42.051, 304.11, 100, 74232, 69
2026/07/30 03:27:43.087, 303.08, 100, 74232, 69
2026/07/30 03:27:44.124, 299.70, 100, 74232, 69
2026/07/30 03:27:45.160, 293.93, 100, 74232, 69
2026/07/30 03:27:46.197, 288.65, 100, 74232, 69
2026/07/30 03:27:47.234, 294.12, 100, 74232, 69
2026/07/30 03:27:48.275, 295.50, 100, 74232, 69
2026/07/30 03:27:49.312, 303.19, 100, 74232, 69
2026/07/30 03:27:50.351, 295.59, 100, 74232, 69
2026/07/30 03:27:51.387, 295.70, 100, 74232, 69
2026/07/30 03:27:52.427, 296.96, 100, 74232, 69
2026/07/30 03:27:53.464, 296.28, 100, 74232, 69
2026/07/30 03:27:54.502, 303.97, 100, 74232, 69
2026/07/30 03:27:55.542, 305.72, 100, 74232, 69
2026/07/30 03:27:56.579, 303.77, 100, 74232, 69
2026/07/30 03:27:57.616, 299.68, 100, 74232, 69
2026/07/30 03:27:58.654, 290.32, 100, 74232, 69
2026/07/30 03:27:59.691, 303.59, 100, 74232, 69
2026/07/30 03:28:00.728, 293.55, 100, 74232, 69
2026/07/30 03:28:01.765, 301.22, 100, 74232, 69
2026/07/30 03:28:02.802, 302.51, 100, 74232, 69
2026/07/30 03:28:03.839, 305.43, 100, 74232, 69
2026/07/30 03:28:04.876, 94.94, 0, 74232, 66
2026/07/30 03:28:05.909, 296.67, 100, 74232, 70
2026/07/30 03:28:06.946, 303.72, 100, 74232, 71
2026/07/30 03:28:07.981, 303.20, 100, 74232, 70
2026/07/30 03:28:09.016, 285.03, 100, 74232, 71
2026/07/30 03:28:10.050, 301.17, 100, 74232, 70
2026/07/30 03:28:11.088, 289.73, 100, 74232, 70
2026/07/30 03:28:12.126, 283.73, 100, 74232, 71
2026/07/30 03:28:13.162, 300.27, 100, 74232, 69
2026/07/30 03:28:14.200, 302.33, 100, 74232, 69
2026/07/30 03:28:15.237, 302.71, 100, 74232, 69
2026/07/30 03:28:16.276, 298.30, 100, 74232, 69
2026/07/30 03:28:17.314, 302.60, 100, 74232, 69
2026/07/30 03:28:18.352, 294.71, 100, 74232, 69
2026/07/30 03:28:19.390, 295.60, 100, 74232, 69
2026/07/30 03:28:20.428, 292.01, 100, 74232, 69
2026/07/30 03:28:21.466, 296.19, 100, 74232, 69
2026/07/30 03:28:22.504, 302.12, 100, 74232, 69
2026/07/30 03:28:23.545, 305.71, 100, 74232, 69
2026/07/30 03:28:24.584, 296.32, 100, 74232, 69
2026/07/30 03:28:25.622, 294.92, 100, 74232, 69
2026/07/30 03:28:26.659, 295.59, 100, 74232, 69
2026/07/30 03:28:27.697, 292.68, 100, 74232, 69
2026/07/30 03:28:28.741, 292.09, 100, 74232, 69
2026/07/30 03:28:29.777, 302.13, 100, 74232, 69
2026/07/30 03:28:30.813, 296.18, 100, 74232, 69
2026/07/30 03:28:31.850, 295.79, 100, 74232, 69
2026/07/30 03:28:32.892, 297.36, 100, 74232, 69
2026/07/30 03:28:33.930, 294.73, 100, 74232, 69
2026/07/30 03:28:34.969, 295.99, 100, 74232, 69
2026/07/30 03:28:36.009, 295.78, 100, 74232, 69
2026/07/30 03:28:37.047, 294.82, 100, 74232, 69
2026/07/30 03:28:38.085, 294.43, 100, 74232, 69
2026/07/30 03:28:39.123, 295.88, 100, 74232, 69
2026/07/30 03:28:40.160, 297.06, 100, 74232, 69
2026/07/30 03:28:41.198, 295.61, 100, 74232, 69
2026/07/30 03:28:42.234, 305.92, 100, 74232, 70
2026/07/30 03:28:43.271, 299.38, 100, 74232, 70
2026/07/30 03:28:44.310, 302.41, 100, 74232, 70
2026/07/30 03:28:45.348, 300.06, 100, 74232, 69
2026/07/30 03:28:46.386, 307.26, 100, 74232, 70
2026/07/30 03:28:47.422, 302.31, 100, 74232, 70
2026/07/30 03:28:48.459, 301.73, 100, 74232, 70
2026/07/30 03:28:49.499, 296.85, 100, 74232, 70
2026/07/30 03:28:50.539, 294.52, 100, 74232, 69
2026/07/30 03:28:51.577, 294.90, 100, 74232, 70
2026/07/30 03:28:52.614, 295.21, 100, 74232, 70
2026/07/30 03:28:53.651, 303.68, 100, 74232, 70
2026/07/30 03:28:54.688, 302.08, 100, 74232, 70
2026/07/30 03:28:55.726, 303.00, 100, 74232, 70
2026/07/30 03:28:56.763, 303.01, 100, 74232, 70
2026/07/30 03:28:57.800, 304.75, 100, 74232, 70
2026/07/30 03:28:58.838, 300.47, 100, 74232, 70
2026/07/30 03:28:59.875, 301.72, 100, 74232, 70
2026/07/30 03:29:00.912, 301.99, 100, 74232, 70
2026/07/30 03:29:01.949, 303.19, 100, 74232, 70
2026/07/30 03:29:02.985, 300.18, 100, 74232, 70
2026/07/30 03:29:04.021, 302.52, 100, 74232, 70
2026/07/30 03:29:05.059, 291.59, 100, 74232, 70
2026/07/30 03:29:06.097, 296.95, 100, 74232, 70
2026/07/30 03:29:07.134, 293.43, 100, 74232, 70
2026/07/30 03:29:08.171, 295.40, 100, 74232, 70
2026/07/30 03:29:09.208, 295.59, 100, 74232, 70
2026/07/30 03:29:10.244, 296.96, 100, 74232, 70
2026/07/30 03:29:11.283, 293.36, 100, 74232, 70
2026/07/30 03:29:12.319, 293.36, 100, 74232, 70
2026/07/30 03:29:13.356, 295.79, 100, 74232, 70
2026/07/30 03:29:14.394, 296.77, 100, 74232, 70
2026/07/30 03:29:15.430, 298.12, 100, 74232, 70
2026/07/30 03:29:16.473, 299.29, 100, 74232, 70
2026/07/30 03:29:17.512, 301.34, 100, 74232, 70
2026/07/30 03:29:18.549, 302.90, 100, 74232, 70
2026/07/30 03:29:19.588, 304.18, 100, 74232, 70
2026/07/30 03:29:20.626, 302.52, 100, 74232, 70
2026/07/30 03:29:21.663, 302.73, 100, 74232, 70
2026/07/30 03:29:22.700, 302.42, 100, 74232, 70
2026/07/30 03:29:23.737, 303.59, 100, 74232, 70
2026/07/30 03:29:24.776, 300.66, 100, 74232, 70
2026/07/30 03:29:25.814, 299.09, 100, 74232, 70
2026/07/30 03:29:26.851, 301.23, 100, 74232, 70
2026/07/30 03:29:27.887, 299.88, 100, 74232, 69
2026/07/30 03:29:28.924, 302.81, 100, 74232, 69
2026/07/30 03:29:29.962, 304.84, 100, 74232, 69
2026/07/30 03:29:31.001, 301.53, 100, 74232, 69
2026/07/30 03:29:32.041, 300.39, 100, 74232, 69
2026/07/30 03:29:33.078, 302.96, 100, 74232, 69
2026/07/30 03:29:34.115, 303.24, 100, 74232, 69
2026/07/30 03:29:35.151, 303.68, 100, 74232, 69
2026/07/30 03:29:36.188, 299.87, 100, 74232, 69
2026/07/30 03:29:37.225, 302.52, 100, 74232, 69
2026/07/30 03:29:38.263, 303.78, 100, 74232, 69
2026/07/30 03:29:39.301, 296.95, 100, 74232, 69
2026/07/30 03:29:40.338, 297.53, 100, 74232, 69
2026/07/30 03:29:41.377, 302.42, 100, 74232, 69
2026/07/30 03:29:42.415, 302.53, 100, 74232, 69
2026/07/30 03:29:43.453, 293.45, 100, 74232, 69
2026/07/30 03:29:44.491, 294.43, 100, 74232, 69
2026/07/30 03:29:45.529, 302.00, 100, 74232, 69
2026/07/30 03:29:46.566, 299.00, 100, 74232, 69
2026/07/30 03:29:47.606, 302.33, 100, 74232, 69
2026/07/30 03:29:48.645, 305.00, 100, 74232, 69
2026/07/30 03:29:49.683, 291.70, 100, 74232, 69
2026/07/30 03:29:50.721, 295.87, 100, 74232, 69
2026/07/30 03:29:51.760, 292.76, 100, 74232, 69
2026/07/30 03:29:52.797, 299.76, 100, 74232, 69
2026/07/30 03:29:53.834, 302.71, 100, 74232, 69
2026/07/30 03:29:54.871, 303.70, 100, 74232, 69
2026/07/30 03:29:55.908, 299.79, 100, 74232, 69
2026/07/30 03:29:56.945, 290.52, 100, 74232, 69
2026/07/30 03:29:57.983, 296.28, 100, 74232, 69
2026/07/30 03:29:59.021, 292.27, 100, 74232, 69
2026/07/30 03:30:00.058, 302.16, 100, 74232, 69
2026/07/30 03:30:01.095, 301.36, 100, 74232, 69
2026/07/30 03:30:02.133, 306.70, 100, 74232, 69
2026/07/30 03:30:03.170, 303.08, 100, 74232, 69
2026/07/30 03:30:04.208, 304.44, 100, 74232, 69
2026/07/30 03:30:05.245, 296.86, 100, 74232, 69
2026/07/30 03:30:06.283, 297.35, 100, 74232, 69
2026/07/30 03:30:07.322, 302.81, 100, 74232, 69
2026/07/30 03:30:08.360, 303.59, 100, 74232, 69
2026/07/30 03:30:09.398, 302.90, 100, 74232, 69
2026/07/30 03:30:10.435, 299.38, 100, 74232, 69
2026/07/30 03:30:11.475, 302.14, 100, 74232, 69
2026/07/30 03:30:12.512, 301.99, 100, 74232, 69
2026/07/30 03:30:13.548, 296.67, 100, 74232, 69
2026/07/30 03:30:14.585, 303.39, 100, 74232, 69
2026/07/30 03:30:15.621, 293.54, 100, 74232, 69
2026/07/30 03:30:16.659, 286.45, 100, 74232, 69
2026/07/30 03:30:17.694, 294.81, 100, 74232, 69
2026/07/30 03:30:18.730, 295.30, 100, 74232, 69
2026/07/30 03:30:19.766, 295.70, 100, 74232, 69
2026/07/30 03:30:20.803, 299.78, 100, 74232, 69
2026/07/30 03:30:21.840, 302.42, 100, 74232, 69
2026/07/30 03:30:22.876, 287.89, 100, 74232, 69
2026/07/30 03:30:23.914, 294.62, 100, 74232, 69
2026/07/30 03:30:24.953, 296.08, 100, 74232, 69
2026/07/30 03:30:25.990, 297.74, 100, 74232, 69
2026/07/30 03:30:27.028, 303.40, 100, 74232, 69
2026/07/30 03:30:28.064, 299.89, 100, 74232, 69
2026/07/30 03:30:29.102, 300.56, 100, 74232, 69
2026/07/30 03:30:30.138, 304.16, 100, 74232, 69
2026/07/30 03:30:31.176, 301.74, 100, 74232, 69
2026/07/30 03:30:32.212, 303.15, 100, 74232, 69
2026/07/30 03:30:33.249, 302.61, 100, 74232, 69
2026/07/30 03:30:34.287, 303.57, 100, 74232, 69
2026/07/30 03:30:35.324, 300.07, 100, 74232, 69
2026/07/30 03:30:36.361, 299.48, 100, 74232, 69
2026/07/30 03:30:37.398, 302.02, 100, 74232, 69
2026/07/30 03:30:38.435, 302.02, 100, 74232, 69
2026/07/30 03:30:39.474, 296.86, 100, 74232, 69
2026/07/30 03:30:40.511, 302.22, 100, 74232, 69
2026/07/30 03:30:41.548, 296.57, 100, 74232, 69
2026/07/30 03:30:42.585, 296.96, 100, 74232, 69
2026/07/30 03:30:43.622, 299.97, 100, 74232, 69
2026/07/30 03:30:44.664, 290.92, 100, 74232, 69
2026/07/30 03:30:45.702, 295.99, 100, 74232, 69
2026/07/30 03:30:46.739, 302.71, 100, 74232, 69
2026/07/30 03:30:47.775, 303.59, 100, 74232, 69
2026/07/30 03:30:48.812, 299.87, 100, 74232, 69
2026/07/30 03:30:49.849, 294.62, 100, 74232, 69
2026/07/30 03:30:50.886, 293.37, 100, 74232, 69
2026/07/30 03:30:51.923, 303.39, 100, 74232, 69
2026/07/30 03:30:52.960, 301.44, 100, 74232, 69
2026/07/30 03:30:53.996, 303.02, 100, 74232, 69
2026/07/30 03:30:55.031, 299.30, 100, 74232, 69
2026/07/30 03:30:56.066, 302.61, 100, 74232, 69
2026/07/30 03:30:57.104, 300.86, 100, 74232, 69
2026/07/30 03:30:58.140, 303.40, 100, 74232, 69
2026/07/30 03:30:59.177, 298.58, 100, 74232, 69
2026/07/30 03:31:00.216, 304.46, 100, 74232, 69
2026/07/30 03:31:01.254, 294.51, 100, 74232, 69
2026/07/30 03:31:02.294, 295.70, 100, 74232, 69
2026/07/30 03:31:03.332, 299.49, 100, 74232, 69
2026/07/30 03:31:04.368, 303.49, 100, 74232, 69
2026/07/30 03:31:05.404, 298.52, 100, 74232, 69
2026/07/30 03:31:06.443, 301.24, 100, 74232, 69
2026/07/30 03:31:07.480, 293.44, 100, 74232, 69
2026/07/30 03:31:08.516, 296.37, 100, 74232, 69
2026/07/30 03:31:09.554, 295.99, 100, 74232, 69
2026/07/30 03:31:10.590, 295.10, 100, 74232, 69
2026/07/30 03:31:11.626, 297.45, 100, 74232, 69
2026/07/30 03:31:12.663, 303.74, 100, 74232, 69
2026/07/30 03:31:13.700, 305.94, 100, 74232, 69
2026/07/30 03:31:14.740, 297.36, 100, 74232, 69
2026/07/30 03:31:15.776, 302.71, 100, 74232, 69
2026/07/30 03:31:16.813, 303.78, 100, 74232, 69
2026/07/30 03:31:17.851, 297.55, 100, 74232, 69
2026/07/30 03:31:18.890, 301.02, 100, 74232, 69
2026/07/30 03:31:19.928, 292.67, 100, 74232, 69
2026/07/30 03:31:20.966, 299.30, 100, 74232, 69
2026/07/30 03:31:22.006, 292.18, 100, 74232, 69
2026/07/30 03:31:23.046, 295.61, 100, 74232, 69
2026/07/30 03:31:24.083, 300.67, 100, 74232, 69
2026/07/30 03:31:25.121, 302.82, 100, 74232, 69
2026/07/30 03:31:26.158, 300.07, 100, 74232, 69
2026/07/30 03:31:27.195, 304.07, 100, 74232, 69
2026/07/30 03:31:28.232, 300.57, 100, 74232, 69
2026/07/30 03:31:29.270, 302.23, 100, 74232, 69
2026/07/30 03:31:30.307, 301.63, 100, 74232, 69
2026/07/30 03:31:31.345, 296.86, 100, 74232, 69
2026/07/30 03:31:32.381, 303.88, 100, 74232, 69
2026/07/30 03:31:33.419, 289.94, 100, 74232, 69
2026/07/30 03:31:34.456, 298.21, 100, 74232, 69
2026/07/30 03:31:35.493, 297.45, 100, 74232, 69
2026/07/30 03:31:36.534, 301.83, 100, 74232, 69
2026/07/30 03:31:37.573, 301.54, 100, 74232, 69
2026/07/30 03:31:38.611, 303.28, 100, 74232, 69
2026/07/30 03:31:39.650, 303.88, 100, 74232, 69
2026/07/30 03:31:40.688, 296.65, 100, 74232, 69
2026/07/30 03:31:41.726, 297.06, 100, 74232, 69
2026/07/30 03:31:42.763, 292.77, 100, 74232, 69
2026/07/30 03:31:43.802, 297.53, 100, 74232, 69
2026/07/30 03:31:44.841, 297.95, 100, 74232, 69
2026/07/30 03:31:45.879, 299.79, 100, 74232, 69
2026/07/30 03:31:46.915, 295.32, 100, 74232, 69
2026/07/30 03:31:47.955, 302.42, 100, 74232, 69
2026/07/30 03:31:48.993, 296.38, 100, 74232, 69
2026/07/30 03:31:50.034, 305.43, 100, 74232, 69
2026/07/30 03:31:51.073, 300.57, 100, 74232, 69
2026/07/30 03:31:52.110, 298.90, 100, 74232, 69
2026/07/30 03:31:53.148, 302.03, 100, 74232, 69
2026/07/30 03:31:54.184, 300.66, 100, 74232, 69
2026/07/30 03:31:55.222, 298.71, 100, 74232, 69
2026/07/30 03:31:56.260, 299.30, 100, 74232, 69
2026/07/30 03:31:57.298, 301.73, 100, 74232, 69
2026/07/30 03:31:58.336, 302.71, 100, 74232, 69
2026/07/30 03:31:59.374, 303.20, 100, 74232, 69
2026/07/30 03:32:00.412, 303.19, 100, 74232, 69
2026/07/30 03:32:01.449, 303.27, 100, 74232, 69
2026/07/30 03:32:02.487, 300.24, 100, 74232, 69
2026/07/30 03:32:03.525, 297.25, 100, 74232, 69
2026/07/30 03:32:04.562, 302.10, 100, 74232, 69
2026/07/30 03:32:05.599, 303.25, 100, 74232, 69
2026/07/30 03:32:06.636, 303.27, 100, 74232, 69
2026/07/30 03:32:07.673, 303.57, 100, 74232, 69
2026/07/30 03:32:08.711, 303.66, 100, 74232, 69
2026/07/30 03:32:09.748, 299.87, 100, 74232, 69
2026/07/30 03:32:10.786, 302.98, 100, 74232, 69
2026/07/30 03:32:11.823, 299.10, 100, 74232, 69
2026/07/30 03:32:12.862, 292.86, 100, 74232, 69
2026/07/30 03:32:13.900, 293.15, 100, 74232, 69
2026/07/30 03:32:14.937, 295.20, 100, 74232, 69
2026/07/30 03:32:15.977, 303.08, 100, 74232, 69
2026/07/30 03:32:17.016, 302.39, 100, 74232, 69
2026/07/30 03:32:18.052, 303.17, 100, 74232, 69
2026/07/30 03:32:19.090, 302.88, 100, 74232, 69
2026/07/30 03:32:20.128, 306.78, 100, 74232, 69
2026/07/30 03:32:21.166, 296.76, 100, 74232, 69
2026/07/30 03:32:22.204, 297.72, 100, 74232, 69
2026/07/30 03:32:23.242, 293.76, 100, 74232, 69
2026/07/30 03:32:24.283, 298.25, 100, 74232, 69
2026/07/30 03:32:25.321, 292.87, 100, 74232, 69
2026/07/30 03:32:26.358, 295.30, 100, 74232, 69
2026/07/30 03:32:27.395, 304.63, 100, 74232, 69
2026/07/30 03:32:28.433, 301.90, 100, 74232, 69
2026/07/30 03:32:29.471, 302.87, 100, 74232, 69
2026/07/30 03:32:30.508, 296.65, 100, 74232, 69
2026/07/30 03:32:31.545, 295.68, 100, 74232, 69
2026/07/30 03:32:32.583, 299.48, 100, 74232, 69
2026/07/30 03:32:33.621, 299.29, 100, 74232, 69
2026/07/30 03:32:34.658, 303.27, 100, 74232, 69
2026/07/30 03:32:35.697, 298.29, 100, 74232, 69
2026/07/30 03:32:36.734, 301.51, 100, 74232, 69
2026/07/30 03:32:37.772, 308.54, 100, 74232, 69
2026/07/30 03:32:38.809, 300.45, 100, 74232, 69
2026/07/30 03:32:39.847, 297.05, 100, 74232, 69
2026/07/30 03:32:40.884, 294.22, 100, 74232, 69
2026/07/30 03:32:41.923, 294.62, 100, 74232, 69
2026/07/30 03:32:42.960, 295.48, 100, 74232, 69
2026/07/30 03:32:43.998, 298.99, 100, 74232, 69
2026/07/30 03:32:45.036, 302.30, 100, 74232, 69
2026/07/30 03:32:46.074, 302.30, 100, 74232, 69
2026/07/30 03:32:47.117, 294.90, 100, 74232, 69
2026/07/30 03:32:48.155, 296.07, 100, 74232, 69
2026/07/30 03:32:49.193, 297.34, 100, 74232, 69
2026/07/30 03:32:50.231, 296.07, 100, 74232, 69
2026/07/30 03:32:51.268, 303.55, 100, 74232, 69
2026/07/30 03:32:52.313, 293.15, 100, 74232, 69
2026/07/30 03:32:53.351, 303.08, 100, 74232, 69
2026/07/30 03:32:54.389, 296.56, 100, 74232, 69
2026/07/30 03:32:55.435, 297.34, 100, 74232, 69
2026/07/30 03:32:56.473, 303.87, 100, 74232, 69
2026/07/30 03:32:57.512, 298.31, 100, 74232, 69
2026/07/30 03:32:58.552, 301.36, 100, 74232, 69
2026/07/30 03:32:59.590, 303.77, 100, 74232, 69
2026/07/30 03:33:00.628, 297.43, 100, 74232, 69
2026/07/30 03:33:01.668, 295.50, 100, 74232, 69
2026/07/30 03:33:02.706, 296.67, 100, 74232, 69
2026/07/30 03:33:03.743, 298.90, 100, 74232, 69
2026/07/30 03:33:04.781, 303.37, 100, 74232, 70
2026/07/30 03:33:05.818, 94.06, 1, 74232, 66
2026/07/30 03:33:06.850, 93.31, 0, 74232, 65
2026/07/30 03:33:07.882, 92.64, 0, 74232, 65
2026/07/30 03:33:08.915, 92.09, 0, 74232, 64
2026/07/30 03:33:09.947, 91.58, 0, 74232, 64
2026/07/30 03:33:10.980, 90.81, 0, 74232, 63
2026/07/30 03:33:12.011, 90.54, 0, 74232, 63
2026/07/30 03:33:13.044, 89.62, 0, 74232, 62
2026/07/30 03:33:14.077, 301.23, 100, 74232, 67
2026/07/30 03:33:15.113, 298.99, 100, 74232, 68
2026/07/30 03:33:16.147, 295.64, 100, 74232, 68
2026/07/30 03:33:17.182, 301.12, 100, 74232, 68
2026/07/30 03:33:18.218, 316.55, 100, 74232, 68
2026/07/30 03:33:19.254, 300.83, 100, 74232, 68
2026/07/30 03:33:20.292, 283.30, 100, 74232, 68
2026/07/30 03:33:21.328, 306.17, 100, 74232, 67
2026/07/30 03:33:22.366, 305.98, 100, 74232, 67
2026/07/30 03:33:23.403, 296.27, 100, 74232, 67
2026/07/30 03:33:24.443, 299.50, 100, 74232, 67
2026/07/30 03:33:25.480, 299.70, 100, 74232, 67
2026/07/30 03:33:26.519, 296.29, 100, 74232, 67
2026/07/30 03:33:27.556, 299.10, 100, 74232, 68
2026/07/30 03:33:28.593, 298.90, 100, 74232, 68
2026/07/30 03:33:29.631, 300.45, 100, 74232, 68
2026/07/30 03:33:30.668, 297.82, 100, 74232, 68
2026/07/30 03:33:31.707, 296.67, 100, 74232, 68
2026/07/30 03:33:32.744, 300.48, 100, 74232, 68
2026/07/30 03:33:33.782, 301.04, 100, 74232, 68
2026/07/30 03:33:34.820, 300.45, 100, 74232, 68
2026/07/30 03:33:35.859, 298.52, 100, 74232, 68
2026/07/30 03:33:36.897, 300.95, 100, 74232, 68
2026/07/30 03:33:37.936, 300.45, 100, 74232, 68
2026/07/30 03:33:38.973, 304.56, 100, 74232, 68
2026/07/30 03:33:40.011, 299.68, 100, 74232, 68
2026/07/30 03:33:41.049, 301.05, 100, 74232, 68
2026/07/30 03:33:42.087, 294.33, 100, 74232, 68
2026/07/30 03:33:43.124, 288.57, 100, 74232, 68
2026/07/30 03:33:44.165, 294.03, 100, 74232, 69
2026/07/30 03:33:45.203, 294.43, 100, 74232, 69
2026/07/30 03:33:46.241, 295.00, 100, 74232, 69
2026/07/30 03:33:47.279, 299.11, 100, 74232, 69
2026/07/30 03:33:48.317, 299.28, 100, 74232, 69
2026/07/30 03:33:49.357, 296.37, 100, 74232, 69
2026/07/30 03:33:50.394, 302.60, 100, 74232, 69
2026/07/30 03:33:51.434, 302.21, 100, 74232, 69
2026/07/30 03:33:52.472, 299.78, 100, 74232, 69
2026/07/30 03:33:53.509, 301.71, 100, 74232, 69
2026/07/30 03:33:54.546, 294.43, 100, 74232, 69
2026/07/30 03:33:55.584, 295.80, 100, 74232, 69
2026/07/30 03:33:56.622, 300.54, 100, 74232, 69
2026/07/30 03:33:57.660, 300.37, 100, 74232, 69
2026/07/30 03:33:58.698, 300.96, 100, 74232, 69
2026/07/30 03:33:59.735, 302.11, 100, 74232, 69
2026/07/30 03:34:00.772, 295.41, 100, 74232, 69
2026/07/30 03:34:01.809, 293.24, 100, 74232, 69
2026/07/30 03:34:02.846, 302.13, 100, 74232, 69
2026/07/30 03:34:03.885, 303.49, 100, 74232, 69
2026/07/30 03:34:04.922, 306.98, 100, 74232, 69
2026/07/30 03:34:05.961, 301.23, 100, 74232, 69
2026/07/30 03:34:06.999, 298.81, 100, 74232, 69
2026/07/30 03:34:08.036, 302.32, 100, 74232, 69
2026/07/30 03:34:09.074, 297.85, 100, 74232, 69
2026/07/30 03:34:10.111, 296.28, 100, 74232, 69
2026/07/30 03:34:11.149, 298.63, 100, 74232, 69
2026/07/30 03:34:12.186, 296.09, 100, 74232, 69
2026/07/30 03:34:13.225, 299.21, 100, 74232, 69
2026/07/30 03:34:14.262, 299.89, 100, 74232, 69
2026/07/30 03:34:15.300, 298.32, 100, 74232, 69
2026/07/30 03:34:16.337, 302.22, 100, 74232, 69
2026/07/30 03:34:17.374, 296.57, 100, 74232, 69
2026/07/30 03:34:18.411, 301.05, 100, 74232, 69
2026/07/30 03:34:19.449, 302.81, 100, 74232, 69
2026/07/30 03:34:20.488, 298.33, 100, 74232, 69
2026/07/30 03:34:21.525, 299.18, 100, 74232, 69
2026/07/30 03:34:22.563, 301.92, 100, 74232, 69
2026/07/30 03:34:23.601, 303.77, 100, 74232, 69
2026/07/30 03:34:24.638, 302.97, 100, 74232, 69
2026/07/30 03:34:25.676, 298.98, 100, 74232, 69
2026/07/30 03:34:26.713, 302.19, 100, 74232, 69
2026/07/30 03:34:27.750, 304.75, 100, 74232, 69
2026/07/30 03:34:28.787, 303.39, 100, 74232, 69
2026/07/30 03:34:29.825, 300.85, 100, 74232, 69
2026/07/30 03:34:30.863, 302.22, 100, 74232, 69
2026/07/30 03:34:31.901, 301.64, 100, 74232, 69
2026/07/30 03:34:32.938, 303.11, 100, 74232, 69
2026/07/30 03:34:33.976, 293.53, 100, 74232, 69
2026/07/30 03:34:35.013, 300.45, 100, 74232, 69
2026/07/30 03:34:36.051, 305.60, 100, 74232, 69
2026/07/30 03:34:37.089, 302.71, 100, 74232, 69
2026/07/30 03:34:38.132, 295.69, 100, 74232, 69
2026/07/30 03:34:39.170, 293.55, 100, 74232, 69
2026/07/30 03:34:40.207, 294.81, 100, 74232, 69
2026/07/30 03:34:41.248, 294.92, 100, 74232, 69
2026/07/30 03:34:42.288, 295.89, 100, 74232, 69
2026/07/30 03:34:43.327, 293.55, 100, 74232, 69
2026/07/30 03:34:44.364, 298.70, 100, 74232, 69
2026/07/30 03:34:45.401, 301.92, 100, 74232, 69
2026/07/30 03:34:46.440, 303.68, 100, 74232, 69
2026/07/30 03:34:47.476, 303.00, 100, 74232, 69
2026/07/30 03:34:48.512, 294.43, 100, 74232, 69
2026/07/30 03:34:49.548, 294.73, 100, 74232, 69
2026/07/30 03:34:50.588, 303.30, 100, 74232, 69
2026/07/30 03:34:51.627, 303.11, 100, 74232, 69
2026/07/30 03:34:52.664, 297.57, 100, 74232, 69
2026/07/30 03:34:53.702, 301.83, 100, 74232, 69
2026/07/30 03:34:54.739, 301.43, 100, 74232, 69
2026/07/30 03:34:55.776, 303.68, 100, 74232, 69
2026/07/30 03:34:56.812, 303.37, 100, 74232, 69
2026/07/30 03:34:57.854, 303.97, 100, 74232, 69
2026/07/30 03:34:58.891, 297.74, 100, 74232, 69
2026/07/30 03:34:59.929, 295.10, 100, 74232, 69
2026/07/30 03:35:00.967, 301.45, 100, 74232, 69
2026/07/30 03:35:02.005, 295.99, 100, 74232, 69
2026/07/30 03:35:03.045, 291.50, 100, 74232, 69
2026/07/30 03:35:04.081, 297.68, 100, 74232, 69
2026/07/30 03:35:05.118, 297.45, 100, 74232, 69
2026/07/30 03:35:06.155, 302.39, 100, 74232, 69
2026/07/30 03:35:07.191, 296.67, 100, 74232, 69
2026/07/30 03:35:08.228, 295.97, 100, 74232, 69
2026/07/30 03:35:09.265, 293.85, 100, 74232, 69
2026/07/30 03:35:10.303, 295.49, 100, 74232, 69
2026/07/30 03:35:11.340, 298.43, 100, 74232, 69
2026/07/30 03:35:12.379, 302.14, 100, 74232, 69
2026/07/30 03:35:13.416, 297.86, 100, 74232, 69
2026/07/30 03:35:14.455, 299.30, 100, 74232, 69
2026/07/30 03:35:15.492, 301.14, 100, 74232, 69
2026/07/30 03:35:16.531, 302.02, 100, 74232, 69
2026/07/30 03:35:17.568, 301.83, 100, 74232, 69
2026/07/30 03:35:18.603, 296.68, 100, 74232, 69
2026/07/30 03:35:19.639, 299.97, 100, 74232, 69
2026/07/30 03:35:20.675, 299.57, 100, 74232, 69
2026/07/30 03:35:21.712, 299.11, 100, 74232, 69
2026/07/30 03:35:22.748, 302.77, 100, 74232, 69
2026/07/30 03:35:23.785, 303.64, 100, 74232, 69
2026/07/30 03:35:24.821, 298.71, 100, 74232, 69
2026/07/30 03:35:25.859, 301.15, 100, 74232, 69
2026/07/30 03:35:26.898, 302.23, 100, 74232, 69
2026/07/30 03:35:27.936, 305.89, 100, 74232, 69
2026/07/30 03:35:28.974, 303.36, 100, 74232, 69
2026/07/30 03:35:30.011, 299.99, 100, 74232, 69
2026/07/30 03:35:31.050, 296.09, 100, 74232, 69
2026/07/30 03:35:32.086, 300.62, 100, 74232, 69
2026/07/30 03:35:33.123, 302.71, 100, 74232, 69
2026/07/30 03:35:34.160, 296.58, 100, 74232, 69
2026/07/30 03:35:35.198, 295.40, 100, 74232, 69
2026/07/30 03:35:36.235, 289.67, 100, 74232, 69
2026/07/30 03:35:37.273, 298.81, 100, 74232, 69
2026/07/30 03:35:38.311, 294.12, 100, 74232, 69
2026/07/30 03:35:39.349, 302.23, 100, 74232, 69
2026/07/30 03:35:40.389, 301.92, 100, 74232, 69
2026/07/30 03:35:41.425, 295.40, 100, 74232, 69
2026/07/30 03:35:42.466, 294.07, 100, 74232, 69
2026/07/30 03:35:43.505, 299.59, 100, 74232, 69
2026/07/30 03:35:44.544, 292.09, 100, 74232, 69
2026/07/30 03:35:45.583, 290.42, 100, 74232, 69
2026/07/30 03:35:46.621, 295.40, 100, 74232, 69
2026/07/30 03:35:47.659, 296.08, 100, 74232, 69
2026/07/30 03:35:48.696, 303.01, 100, 74232, 69
2026/07/30 03:35:49.732, 299.79, 100, 74232, 69
2026/07/30 03:35:50.768, 301.36, 100, 74232, 69
2026/07/30 03:35:51.806, 301.34, 100, 74232, 69
2026/07/30 03:35:52.842, 301.93, 100, 74232, 69
2026/07/30 03:35:53.878, 302.71, 100, 74232, 69
2026/07/30 03:35:54.915, 299.30, 100, 74232, 69
2026/07/30 03:35:55.955, 291.60, 100, 74232, 69
2026/07/30 03:35:56.997, 301.51, 100, 74232, 69
2026/07/30 03:35:58.034, 301.72, 100, 74232, 69
2026/07/30 03:35:59.071, 302.41, 100, 74232, 69
2026/07/30 03:36:00.108, 304.15, 100, 74232, 69
2026/07/30 03:36:01.145, 303.30, 100, 74232, 69
2026/07/30 03:36:02.182, 287.61, 100, 74232, 69
2026/07/30 03:36:03.223, 294.52, 100, 74232, 69
2026/07/30 03:36:04.260, 292.95, 100, 74232, 69
2026/07/30 03:36:05.298, 294.52, 100, 74232, 69
2026/07/30 03:36:06.335, 298.41, 100, 74232, 69
2026/07/30 03:36:07.372, 294.82, 100, 74232, 69
2026/07/30 03:36:08.411, 296.09, 100, 74232, 69
2026/07/30 03:36:09.447, 290.90, 100, 74232, 69
2026/07/30 03:36:10.485, 293.17, 100, 74232, 69
2026/07/30 03:36:11.522, 295.41, 100, 74232, 69
2026/07/30 03:36:12.559, 294.81, 100, 74232, 69
2026/07/30 03:36:13.597, 302.51, 100, 74232, 69
2026/07/30 03:36:14.634, 303.01, 100, 74232, 69
2026/07/30 03:36:15.671, 303.48, 100, 74232, 69
2026/07/30 03:36:16.707, 298.71, 100, 74232, 69
2026/07/30 03:36:17.744, 299.59, 100, 74232, 69
2026/07/30 03:36:18.782, 292.69, 100, 74232, 69
2026/07/30 03:36:19.820, 295.21, 100, 74232, 69
2026/07/30 03:36:20.858, 302.02, 100, 74232, 69
2026/07/30 03:36:21.898, 303.18, 100, 74232, 69
2026/07/30 03:36:22.934, 303.68, 100, 74232, 69
2026/07/30 03:36:23.973, 297.35, 100, 74232, 69
2026/07/30 03:36:25.012, 294.52, 100, 74232, 69
2026/07/30 03:36:26.049, 298.43, 100, 74232, 69
2026/07/30 03:36:27.086, 302.66, 100, 74232, 69
2026/07/30 03:36:28.123, 294.62, 100, 74232, 69
2026/07/30 03:36:29.160, 295.80, 100, 74232, 69
2026/07/30 03:36:30.197, 296.89, 100, 74232, 69
2026/07/30 03:36:31.234, 302.71, 100, 74232, 69
2026/07/30 03:36:32.271, 296.37, 100, 74232, 69
2026/07/30 03:36:33.308, 302.98, 100, 74232, 69
2026/07/30 03:36:34.346, 303.08, 100, 74232, 69
2026/07/30 03:36:35.382, 303.67, 100, 74232, 69
2026/07/30 03:36:36.418, 297.84, 100, 74232, 69
2026/07/30 03:36:37.462, 302.89, 100, 74232, 69
2026/07/30 03:36:38.499, 298.24, 100, 74232, 69
2026/07/30 03:36:39.535, 291.40, 100, 74232, 69
2026/07/30 03:36:40.573, 296.08, 100, 74232, 69
2026/07/30 03:36:41.612, 296.56, 100, 74232, 69
2026/07/30 03:36:42.650, 291.49, 100, 74232, 69
2026/07/30 03:36:43.692, 296.47, 100, 74232, 69
2026/07/30 03:36:44.730, 300.16, 100, 74232, 69
2026/07/30 03:36:45.766, 302.90, 100, 74232, 69
2026/07/30 03:36:46.807, 302.52, 100, 74232, 69
2026/07/30 03:36:47.844, 304.27, 100, 74232, 69
2026/07/30 03:36:48.881, 302.97, 100, 74232, 69
2026/07/30 03:36:49.917, 297.65, 100, 74232, 69
2026/07/30 03:36:50.955, 295.40, 100, 74232, 69
2026/07/30 03:36:51.993, 298.60, 100, 74232, 69
2026/07/30 03:36:53.029, 301.04, 100, 74232, 69
2026/07/30 03:36:54.067, 302.99, 100, 74232, 69
2026/07/30 03:36:55.103, 295.59, 100, 74232, 69
2026/07/30 03:36:56.139, 296.85, 100, 74232, 69
2026/07/30 03:36:57.178, 296.18, 100, 74232, 69
2026/07/30 03:36:58.215, 300.94, 100, 74232, 69
2026/07/30 03:36:59.252, 299.89, 100, 74232, 69
2026/07/30 03:37:00.289, 298.90, 100, 74232, 69
2026/07/30 03:37:01.325, 302.30, 100, 74232, 69
2026/07/30 03:37:02.361, 298.78, 100, 74232, 69
2026/07/30 03:37:03.396, 299.68, 100, 74232, 69
2026/07/30 03:37:04.436, 303.49, 100, 74232, 69
2026/07/30 03:37:05.473, 301.93, 100, 74232, 69
2026/07/30 03:37:06.511, 303.78, 100, 74232, 69
2026/07/30 03:37:07.548, 299.60, 100, 74232, 69
2026/07/30 03:37:08.584, 298.60, 100, 74232, 69
2026/07/30 03:37:09.621, 300.48, 100, 74232, 69
2026/07/30 03:37:10.658, 303.19, 100, 74232, 69
2026/07/30 03:37:11.695, 303.19, 100, 74232, 69
2026/07/30 03:37:12.732, 298.71, 100, 74232, 69
2026/07/30 03:37:13.768, 292.67, 100, 74232, 69
2026/07/30 03:37:14.806, 295.88, 100, 74232, 69
2026/07/30 03:37:15.842, 295.59, 100, 74232, 69
2026/07/30 03:37:16.881, 295.97, 100, 74232, 69
2026/07/30 03:37:17.916, 291.30, 100, 74232, 69
2026/07/30 03:37:18.954, 303.49, 100, 74232, 69
2026/07/30 03:37:19.994, 299.70, 100, 74232, 69
2026/07/30 03:37:21.033, 299.67, 100, 74232, 69
2026/07/30 03:37:22.071, 297.17, 100, 74232, 69
2026/07/30 03:37:23.109, 298.89, 100, 74232, 69
2026/07/30 03:37:24.148, 302.31, 100, 74232, 69
2026/07/30 03:37:25.186, 300.65, 100, 74232, 69
2026/07/30 03:37:26.224, 302.11, 100, 74232, 69
2026/07/30 03:37:27.266, 301.81, 100, 74232, 69
2026/07/30 03:37:28.303, 300.96, 100, 74232, 69
2026/07/30 03:37:29.339, 302.12, 100, 74232, 69
2026/07/30 03:37:30.375, 302.42, 100, 74232, 69
2026/07/30 03:37:31.412, 295.02, 100, 74232, 69
2026/07/30 03:37:32.449, 295.69, 100, 74232, 69
2026/07/30 03:37:33.486, 295.99, 100, 74232, 69
2026/07/30 03:37:34.523, 291.42, 100, 74232, 69
2026/07/30 03:37:35.560, 296.58, 100, 74232, 69
2026/07/30 03:37:36.598, 291.69, 100, 74232, 69
2026/07/30 03:37:37.635, 295.11, 100, 74232, 69
2026/07/30 03:37:38.672, 301.12, 100, 74232, 69
2026/07/30 03:37:39.709, 301.64, 100, 74232, 69
2026/07/30 03:37:40.748, 303.01, 100, 74232, 69
2026/07/30 03:37:41.785, 301.62, 100, 74232, 69
2026/07/30 03:37:42.821, 302.42, 100, 74232, 69
2026/07/30 03:37:43.858, 301.82, 100, 74232, 69
2026/07/30 03:37:44.894, 298.13, 100, 74232, 69
2026/07/30 03:37:45.930, 303.30, 100, 74232, 69
2026/07/30 03:37:46.968, 299.28, 100, 74232, 69
2026/07/30 03:37:48.005, 301.05, 100, 74232, 69
2026/07/30 03:37:49.041, 300.38, 100, 74232, 69
2026/07/30 03:37:50.078, 299.29, 100, 74232, 69
2026/07/30 03:37:51.114, 301.82, 100, 74232, 69
2026/07/30 03:37:52.150, 300.47, 100, 74232, 69
2026/07/30 03:37:53.186, 301.12, 100, 74232, 69
2026/07/30 03:37:54.223, 302.70, 100, 74232, 69
2026/07/30 03:37:55.260, 303.38, 100, 74232, 69
2026/07/30 03:37:56.299, 295.10, 100, 74232, 69
2026/07/30 03:37:57.337, 296.27, 100, 74232, 69
2026/07/30 03:37:58.373, 299.00, 100, 74232, 69
2026/07/30 03:37:59.409, 297.14, 100, 74232, 69
2026/07/30 03:38:00.446, 303.00, 100, 74232, 69
2026/07/30 03:38:01.485, 297.64, 100, 74232, 69
2026/07/30 03:38:02.520, 304.55, 100, 74232, 69
2026/07/30 03:38:03.557, 300.05, 100, 74232, 69
2026/07/30 03:38:04.593, 305.72, 100, 74232, 69
2026/07/30 03:38:05.629, 302.03, 100, 74232, 69
2026/07/30 03:38:06.669, 302.40, 100, 74232, 69
2026/07/30 03:38:07.705, 301.83, 100, 74232, 69
2026/07/30 03:38:08.742, 302.80, 100, 74232, 69
2026/07/30 03:38:09.780, 302.31, 100, 74232, 69
2026/07/30 03:38:10.817, 296.08, 100, 74232, 69
2026/07/30 03:38:11.853, 296.18, 100, 74232, 69
2026/07/30 03:38:12.890, 301.05, 100, 74232, 69
2026/07/30 03:38:13.926, 94.46, 2, 74232, 66
2026/07/30 03:38:14.958, 294.15, 100, 74232, 70
2026/07/30 03:38:15.994, 305.93, 100, 74232, 70
2026/07/30 03:38:17.027, 306.80, 100, 74232, 71
2026/07/30 03:38:18.060, 282.28, 100, 74232, 70
2026/07/30 03:38:19.096, 281.62, 100, 74232, 70
2026/07/30 03:38:20.132, 308.05, 100, 74232, 71
2026/07/30 03:38:21.165, 291.59, 100, 74232, 69
2026/07/30 03:38:22.203, 294.62, 100, 74232, 69
2026/07/30 03:38:23.241, 299.01, 100, 74232, 69
2026/07/30 03:38:24.279, 298.41, 100, 74232, 69
2026/07/30 03:38:25.317, 301.83, 100, 74232, 69
2026/07/30 03:38:26.357, 303.18, 100, 74232, 69
2026/07/30 03:38:27.394, 303.68, 100, 74232, 69
2026/07/30 03:38:28.432, 295.98, 100, 74232, 69
2026/07/30 03:38:29.470, 295.70, 100, 74232, 69
2026/07/30 03:38:30.506, 301.74, 100, 74232, 69
2026/07/30 03:38:31.544, 296.47, 100, 74232, 69
2026/07/30 03:38:32.581, 293.74, 100, 74232, 69
2026/07/30 03:38:33.618, 302.12, 100, 74232, 70
2026/07/30 03:38:34.655, 303.19, 100, 74232, 69
2026/07/30 03:38:35.691, 295.97, 100, 74232, 69
2026/07/30 03:38:36.729, 298.92, 100, 74232, 70
2026/07/30 03:38:37.769, 298.10, 100, 74232, 69
2026/07/30 03:38:38.806, 303.60, 100, 74232, 70
2026/07/30 03:38:39.844, 301.24, 100, 74232, 70
2026/07/30 03:38:40.883, 293.64, 100, 74232, 69
2026/07/30 03:38:41.922, 296.18, 100, 74232, 70
2026/07/30 03:38:42.960, 305.05, 100, 74232, 69
2026/07/30 03:38:43.998, 302.65, 100, 74232, 69
2026/07/30 03:38:45.036, 295.00, 100, 74232, 69
2026/07/30 03:38:46.073, 296.85, 100, 74232, 69
2026/07/30 03:38:47.110, 290.03, 100, 74232, 69
2026/07/30 03:38:48.154, 296.58, 100, 74232, 69
2026/07/30 03:38:49.190, 295.99, 100, 74232, 69
2026/07/30 03:38:50.234, 292.97, 100, 74232, 69
2026/07/30 03:38:51.272, 292.86, 100, 74232, 69
2026/07/30 03:38:52.309, 295.78, 100, 74232, 69
2026/07/30 03:38:53.345, 305.23, 100, 74232, 69
2026/07/30 03:38:54.386, 292.38, 100, 74232, 69
2026/07/30 03:38:55.423, 302.31, 100, 74232, 69
2026/07/30 03:38:56.459, 296.77, 100, 74232, 69
2026/07/30 03:38:57.496, 293.24, 100, 74232, 69
2026/07/30 03:38:58.535, 293.55, 100, 74232, 69
2026/07/30 03:38:59.572, 294.90, 100, 74232, 69
2026/07/30 03:39:00.612, 300.85, 100, 74232, 70
2026/07/30 03:39:01.650, 303.98, 100, 74232, 70
2026/07/30 03:39:02.687, 294.63, 100, 74232, 69
2026/07/30 03:39:03.725, 302.60, 100, 74232, 69
2026/07/30 03:39:04.761, 303.20, 100, 74232, 70
2026/07/30 03:39:05.798, 303.87, 100, 74232, 70
2026/07/30 03:39:06.834, 301.15, 100, 74232, 70
2026/07/30 03:39:07.870, 301.05, 100, 74232, 70
2026/07/30 03:39:08.908, 295.99, 100, 74232, 70
2026/07/30 03:39:09.944, 291.50, 100, 74232, 70
2026/07/30 03:39:10.981, 295.10, 100, 74232, 70
2026/07/30 03:39:12.017, 306.21, 100, 74232, 70
2026/07/30 03:39:13.054, 303.20, 100, 74232, 70
2026/07/30 03:39:14.090, 299.50, 100, 74232, 70
2026/07/30 03:39:15.129, 293.74, 100, 74232, 70
2026/07/30 03:39:16.165, 295.39, 100, 74232, 70
2026/07/30 03:39:17.201, 297.36, 100, 74232, 70
2026/07/30 03:39:18.238, 290.92, 100, 74232, 70
2026/07/30 03:39:19.275, 294.91, 100, 74232, 70
2026/07/30 03:39:20.313, 296.37, 100, 74232, 70
2026/07/30 03:39:21.353, 293.64, 100, 74232, 70
2026/07/30 03:39:22.391, 296.85, 100, 74232, 70
2026/07/30 03:39:23.428, 299.69, 100, 74232, 70
2026/07/30 03:39:24.466, 296.18, 100, 74232, 70
2026/07/30 03:39:25.501, 295.57, 100, 74232, 70
2026/07/30 03:39:26.537, 296.66, 100, 74232, 70
2026/07/30 03:39:27.575, 293.65, 100, 74232, 70
2026/07/30 03:39:28.613, 292.68, 100, 74232, 70
2026/07/30 03:39:29.650, 295.51, 100, 74232, 70
2026/07/30 03:39:30.686, 297.15, 100, 74232, 70
2026/07/30 03:39:31.722, 296.87, 100, 74232, 70
2026/07/30 03:39:32.760, 292.58, 100, 74232, 70
2026/07/30 03:39:33.799, 299.49, 100, 74232, 70
2026/07/30 03:39:34.838, 300.58, 100, 74232, 70
2026/07/30 03:39:35.874, 300.27, 100, 74232, 69
2026/07/30 03:39:36.911, 298.81, 100, 74232, 70
2026/07/30 03:39:37.949, 302.22, 100, 74232, 69
2026/07/30 03:39:38.987, 294.73, 100, 74232, 69
2026/07/30 03:39:40.024, 296.28, 100, 74232, 69
2026/07/30 03:39:41.063, 293.56, 100, 74232, 69
2026/07/30 03:39:42.099, 299.02, 100, 74232, 69
2026/07/30 03:39:43.135, 298.71, 100, 74232, 69
2026/07/30 03:39:44.174, 303.01, 100, 74232, 69
2026/07/30 03:39:45.211, 302.80, 100, 74232, 69
2026/07/30 03:39:46.248, 305.22, 100, 74232, 69
2026/07/30 03:39:47.285, 301.34, 100, 74232, 69
2026/07/30 03:39:48.323, 302.77, 100, 74232, 69
2026/07/30 03:39:49.359, 302.31, 100, 74232, 69
2026/07/30 03:39:50.398, 300.18, 100, 74232, 69
2026/07/30 03:39:51.436, 298.42, 100, 74232, 69
2026/07/30 03:39:52.473, 301.55, 100, 74232, 69
2026/07/30 03:39:53.509, 303.98, 100, 74232, 69
2026/07/30 03:39:54.545, 300.37, 100, 74232, 69
2026/07/30 03:39:55.583, 292.46, 100, 74232, 69
2026/07/30 03:39:56.620, 294.72, 100, 74232, 69
2026/07/30 03:39:57.660, 296.38, 100, 74232, 69
2026/07/30 03:39:58.696, 297.25, 100, 74232, 69
2026/07/30 03:39:59.734, 302.13, 100, 74232, 69
2026/07/30 03:40:00.771, 303.19, 100, 74232, 69
2026/07/30 03:40:01.808, 305.28, 100, 74232, 69
2026/07/30 03:40:02.846, 299.97, 100, 74232, 69
2026/07/30 03:40:03.882, 294.03, 100, 74232, 69
2026/07/30 03:40:04.920, 296.18, 100, 74232, 69
2026/07/30 03:40:05.957, 297.63, 100, 74232, 69
2026/07/30 03:40:06.994, 303.78, 100, 74232, 69
2026/07/30 03:40:08.032, 294.71, 100, 74232, 69
2026/07/30 03:40:09.069, 298.71, 100, 74232, 69
2026/07/30 03:40:10.105, 303.00, 100, 74232, 69
2026/07/30 03:40:11.141, 304.18, 100, 74232, 69
2026/07/30 03:40:12.178, 299.00, 100, 74232, 69
2026/07/30 03:40:13.216, 292.25, 100, 74232, 69
2026/07/30 03:40:14.253, 293.74, 100, 74232, 69
2026/07/30 03:40:15.290, 295.69, 100, 74232, 69
2026/07/30 03:40:16.328, 295.59, 100, 74232, 69
2026/07/30 03:40:17.364, 297.65, 100, 74232, 69
2026/07/30 03:40:18.401, 299.59, 100, 74232, 69
2026/07/30 03:40:19.437, 302.86, 100, 74232, 69
2026/07/30 03:40:20.474, 303.01, 100, 74232, 69
2026/07/30 03:40:21.512, 303.86, 100, 74232, 69
2026/07/30 03:40:22.550, 300.96, 100, 74232, 69
2026/07/30 03:40:23.587, 299.08, 100, 74232, 69
2026/07/30 03:40:24.625, 301.04, 100, 74232, 69
2026/07/30 03:40:25.663, 303.39, 100, 74232, 69
2026/07/30 03:40:26.702, 302.12, 100, 74232, 69
2026/07/30 03:40:27.739, 303.19, 100, 74232, 69
2026/07/30 03:40:28.776, 298.90, 100, 74232, 69
2026/07/30 03:40:29.814, 288.36, 100, 74232, 69
2026/07/30 03:40:30.850, 294.42, 100, 74232, 69
2026/07/30 03:40:31.887, 295.79, 100, 74232, 69
2026/07/30 03:40:32.925, 296.28, 100, 74232, 69
2026/07/30 03:40:33.964, 292.77, 100, 74232, 69
2026/07/30 03:40:35.004, 298.01, 100, 74232, 69
2026/07/30 03:40:36.043, 293.93, 100, 74232, 69
2026/07/30 03:40:37.079, 302.82, 100, 74232, 69
2026/07/30 03:40:38.116, 301.63, 100, 74232, 69
2026/07/30 03:40:39.153, 303.11, 100, 74232, 69
2026/07/30 03:40:40.190, 295.69, 100, 74232, 69
2026/07/30 03:40:41.227, 296.66, 100, 74232, 69
2026/07/30 03:40:42.265, 295.70, 100, 74232, 69
2026/07/30 03:40:43.303, 295.50, 100, 74232, 69
2026/07/30 03:40:44.340, 301.92, 100, 74232, 69
2026/07/30 03:40:45.378, 302.22, 100, 74232, 69
2026/07/30 03:40:46.414, 301.63, 100, 74232, 69
2026/07/30 03:40:47.452, 303.78, 100, 74232, 69
2026/07/30 03:40:48.488, 298.80, 100, 74232, 69
2026/07/30 03:40:49.525, 300.57, 100, 74232, 69
2026/07/30 03:40:50.562, 300.08, 100, 74232, 69
2026/07/30 03:40:51.599, 297.84, 100, 74232, 69
2026/07/30 03:40:52.635, 303.38, 100, 74232, 69
2026/07/30 03:40:53.674, 302.41, 100, 74232, 69
2026/07/30 03:40:54.711, 292.86, 100, 74232, 69
2026/07/30 03:40:55.751, 293.45, 100, 74232, 69
2026/07/30 03:40:56.787, 302.98, 100, 74232, 69
2026/07/30 03:40:57.823, 302.02, 100, 74232, 69
2026/07/30 03:40:58.858, 302.61, 100, 74232, 69
2026/07/30 03:40:59.894, 308.74, 100, 74232, 69
2026/07/30 03:41:00.931, 303.29, 100, 74232, 69
2026/07/30 03:41:01.967, 293.66, 100, 74232, 69
2026/07/30 03:41:03.005, 295.11, 100, 74232, 69
2026/07/30 03:41:04.040, 295.61, 100, 74232, 69
2026/07/30 03:41:05.078, 295.78, 100, 74232, 69
2026/07/30 03:41:06.115, 295.41, 100, 74232, 69
2026/07/30 03:41:07.151, 301.44, 100, 74232, 69
2026/07/30 03:41:08.188, 301.61, 100, 74232, 69
2026/07/30 03:41:09.225, 302.14, 100, 74232, 69
2026/07/30 03:41:10.264, 303.92, 100, 74232, 69
2026/07/30 03:41:11.299, 302.30, 100, 74232, 69
2026/07/30 03:41:12.336, 298.62, 100, 74232, 69
2026/07/30 03:41:13.372, 302.21, 100, 74232, 69
2026/07/30 03:41:14.408, 300.48, 100, 74232, 69
2026/07/30 03:41:15.444, 302.89, 100, 74232, 69
2026/07/30 03:41:16.483, 303.59, 100, 74232, 69
2026/07/30 03:41:17.519, 296.77, 100, 74232, 69
2026/07/30 03:41:18.556, 296.56, 100, 74232, 69
2026/07/30 03:41:19.594, 293.55, 100, 74232, 69
2026/07/30 03:41:20.632, 295.21, 100, 74232, 69
2026/07/30 03:41:21.670, 294.33, 100, 74232, 69
2026/07/30 03:41:22.708, 295.79, 100, 74232, 69
2026/07/30 03:41:23.753, 306.61, 100, 74232, 69
2026/07/30 03:41:24.791, 295.21, 100, 74232, 69
2026/07/30 03:41:25.829, 294.61, 100, 74232, 69
2026/07/30 03:41:26.867, 300.37, 100, 74232, 69
2026/07/30 03:41:27.905, 299.79, 100, 74232, 69
2026/07/30 03:41:28.945, 301.44, 100, 74232, 69
2026/07/30 03:41:29.982, 303.01, 100, 74232, 69
2026/07/30 03:41:31.019, 301.53, 100, 74232, 69
2026/07/30 03:41:32.056, 302.81, 100, 74232, 69
2026/07/30 03:41:33.094, 303.00, 100, 74232, 69
2026/07/30 03:41:34.133, 303.01, 100, 74232, 69
2026/07/30 03:41:35.171, 299.22, 100, 74232, 69
2026/07/30 03:41:36.208, 300.94, 100, 74232, 69
2026/07/30 03:41:37.244, 300.07, 100, 74232, 69
2026/07/30 03:41:38.282, 301.24, 100, 74232, 69
2026/07/30 03:41:39.319, 303.20, 100, 74232, 69
2026/07/30 03:41:40.356, 301.83, 100, 74232, 69
2026/07/30 03:41:41.395, 303.30, 100, 74232, 69
2026/07/30 03:41:42.433, 303.39, 100, 74232, 69
2026/07/30 03:41:43.470, 295.99, 100, 74232, 69
2026/07/30 03:41:44.507, 303.20, 100, 74232, 69
2026/07/30 03:41:45.546, 301.03, 100, 74232, 69
2026/07/30 03:41:46.585, 295.88, 100, 74232, 69
2026/07/30 03:41:47.623, 293.45, 100, 74232, 69
2026/07/30 03:41:48.661, 294.71, 100, 74232, 69
2026/07/30 03:41:49.699, 302.22, 100, 74232, 69
2026/07/30 03:41:50.736, 291.99, 100, 74232, 69
2026/07/30 03:41:51.774, 296.37, 100, 74232, 69
2026/07/30 03:41:52.812, 295.69, 100, 74232, 69
2026/07/30 03:41:53.851, 303.19, 100, 74232, 69
2026/07/30 03:41:54.889, 299.19, 100, 74232, 69
2026/07/30 03:41:55.926, 299.97, 100, 74232, 69
2026/07/30 03:41:56.963, 300.36, 100, 74232, 69
2026/07/30 03:41:58.000, 298.51, 100, 74232, 69
2026/07/30 03:41:59.037, 302.61, 100, 74232, 69
2026/07/30 03:42:00.074, 302.38, 100, 74232, 69
2026/07/30 03:42:01.112, 306.50, 100, 74232, 69
2026/07/30 03:42:02.149, 303.72, 100, 74232, 69
2026/07/30 03:42:03.188, 300.17, 100, 74232, 69
2026/07/30 03:42:04.224, 298.02, 100, 74232, 69
2026/07/30 03:42:05.264, 301.63, 100, 74232, 69
2026/07/30 03:42:06.301, 301.89, 100, 74232, 69
2026/07/30 03:42:07.339, 302.59, 100, 74232, 69
2026/07/30 03:42:08.376, 297.05, 100, 74232, 69
2026/07/30 03:42:09.425, 297.92, 100, 74232, 69
2026/07/30 03:42:10.463, 300.30, 100, 74232, 69
2026/07/30 03:42:11.501, 290.71, 100, 74232, 69
2026/07/30 03:42:12.547, 296.27, 100, 74232, 69
2026/07/30 03:42:13.585, 302.12, 100, 74232, 69
2026/07/30 03:42:14.622, 303.65, 100, 74232, 69
2026/07/30 03:42:15.660, 307.89, 100, 74232, 69
2026/07/30 03:42:16.702, 296.57, 100, 74232, 69
2026/07/30 03:42:17.741, 296.38, 100, 74232, 69
2026/07/30 03:42:18.778, 300.93, 100, 74232, 69
2026/07/30 03:42:19.816, 290.04, 100, 74232, 69
2026/07/30 03:42:20.854, 300.83, 100, 74232, 69
2026/07/30 03:42:21.892, 302.40, 100, 74232, 69
2026/07/30 03:42:22.929, 296.37, 100, 74232, 69
2026/07/30 03:42:23.967, 296.96, 100, 74232, 69
2026/07/30 03:42:25.003, 302.38, 100, 74232, 69
2026/07/30 03:42:26.042, 296.87, 100, 74232, 69
2026/07/30 03:42:27.080, 296.26, 100, 74232, 69
2026/07/30 03:42:28.119, 300.48, 100, 74232, 69
2026/07/30 03:42:29.160, 292.59, 100, 74232, 69
2026/07/30 03:42:30.196, 293.45, 100, 74232, 69
2026/07/30 03:42:31.235, 292.68, 100, 74232, 69
2026/07/30 03:42:32.273, 296.55, 100, 74232, 69
2026/07/30 03:42:33.310, 292.76, 100, 74232, 69
2026/07/30 03:42:34.347, 294.71, 100, 74232, 69
2026/07/30 03:42:35.384, 295.60, 100, 74232, 69
2026/07/30 03:42:36.419, 296.56, 100, 74232, 69
2026/07/30 03:42:37.457, 302.21, 100, 74232, 69
2026/07/30 03:42:38.494, 304.45, 100, 74232, 69
2026/07/30 03:42:39.534, 303.78, 100, 74232, 70
2026/07/30 03:42:40.572, 304.06, 100, 74232, 69
2026/07/30 03:42:41.610, 304.92, 100, 74232, 70
2026/07/30 03:42:42.647, 300.95, 100, 74232, 70
2026/07/30 03:42:43.684, 298.44, 100, 74232, 69
2026/07/30 03:42:44.721, 294.71, 100, 74232, 69
2026/07/30 03:42:45.759, 297.45, 100, 74232, 69
2026/07/30 03:42:46.796, 292.30, 100, 74232, 69
2026/07/30 03:42:47.833, 294.51, 100, 74232, 69
2026/07/30 03:42:48.871, 294.73, 100, 74232, 69
2026/07/30 03:42:49.908, 293.07, 100, 74232, 69
2026/07/30 03:42:50.949, 295.09, 100, 74232, 69
2026/07/30 03:42:51.990, 296.09, 100, 74232, 69
2026/07/30 03:42:53.028, 294.82, 100, 74232, 69
2026/07/30 03:42:54.068, 296.08, 100, 74232, 69
2026/07/30 03:42:55.106, 295.87, 100, 74232, 69
2026/07/30 03:42:56.143, 296.96, 100, 74232, 69
2026/07/30 03:42:57.179, 302.98, 100, 74232, 69
2026/07/30 03:42:58.217, 304.25, 100, 74232, 69
2026/07/30 03:42:59.255, 304.46, 100, 74232, 69
2026/07/30 03:43:00.293, 303.78, 100, 74232, 69
2026/07/30 03:43:01.331, 303.86, 100, 74232, 69
2026/07/30 03:43:02.369, 298.53, 100, 74232, 69
2026/07/30 03:43:03.407, 296.96, 100, 74232, 69
2026/07/30 03:43:04.445, 296.61, 100, 74232, 69
2026/07/30 03:43:05.484, 293.82, 100, 74232, 69
2026/07/30 03:43:06.525, 305.24, 100, 74232, 69
2026/07/30 03:43:07.562, 299.96, 100, 74232, 69
2026/07/30 03:43:08.601, 298.33, 100, 74232, 69
2026/07/30 03:43:09.640, 297.05, 100, 74232, 69
2026/07/30 03:43:10.677, 294.33, 100, 74232, 69
2026/07/30 03:43:11.717, 295.61, 100, 74232, 69
2026/07/30 03:43:12.753, 301.25, 100, 74232, 69
2026/07/30 03:43:13.791, 296.67, 100, 74232, 69
2026/07/30 03:43:14.829, 94.09, 0, 74232, 66
2026/07/30 03:43:15.862, 292.09, 100, 74232, 70
2026/07/30 03:43:16.897, 314.65, 100, 74232, 71
2026/07/30 03:43:17.937, 300.69, 100, 74232, 70
2026/07/30 03:43:18.972, 294.69, 100, 74232, 70
2026/07/30 03:43:20.014, 270.99, 100, 74232, 70
2026/07/30 03:43:21.050, 286.00, 100, 74232, 71
2026/07/30 03:43:22.086, 293.76, 100, 74232, 69
2026/07/30 03:43:23.132, 293.46, 100, 74232, 69
2026/07/30 03:43:24.170, 299.98, 100, 74232, 69
2026/07/30 03:43:25.208, 302.23, 100, 74232, 69
2026/07/30 03:43:26.248, 293.07, 100, 74232, 69
2026/07/30 03:43:27.285, 295.01, 100, 74232, 69
2026/07/30 03:43:28.324, 298.81, 100, 74232, 69
2026/07/30 03:43:29.362, 302.55, 100, 74232, 69
2026/07/30 03:43:30.398, 301.61, 100, 74232, 69
2026/07/30 03:43:31.436, 294.82, 100, 74232, 69
2026/07/30 03:43:32.475, 295.98, 100, 74232, 69
2026/07/30 03:43:33.517, 288.11, 100, 74232, 69
2026/07/30 03:43:34.555, 291.61, 100, 74232, 69
2026/07/30 03:43:35.592, 302.80, 100, 74232, 70
2026/07/30 03:43:36.628, 303.00, 100, 74232, 70
2026/07/30 03:43:37.665, 303.20, 100, 74232, 70
2026/07/30 03:43:38.702, 292.86, 100, 74232, 70
2026/07/30 03:43:39.740, 295.49, 100, 74232, 69
2026/07/30 03:43:40.776, 296.37, 100, 74232, 69
2026/07/30 03:43:41.813, 292.79, 100, 74232, 69
2026/07/30 03:43:42.849, 301.64, 100, 74232, 70
2026/07/30 03:43:43.886, 302.99, 100, 74232, 70
2026/07/30 03:43:44.923, 303.30, 100, 74232, 70
2026/07/30 03:43:45.960, 297.64, 100, 74232, 69
2026/07/30 03:43:46.996, 301.92, 100, 74232, 69
2026/07/30 03:43:48.033, 296.67, 100, 74232, 69
2026/07/30 03:43:49.070, 303.00, 100, 74232, 70
2026/07/30 03:43:50.107, 293.55, 100, 74232, 69
2026/07/30 03:43:51.146, 292.18, 100, 74232, 69
2026/07/30 03:43:52.183, 301.93, 100, 74232, 70
2026/07/30 03:43:53.221, 303.28, 100, 74232, 69
2026/07/30 03:43:54.258, 296.47, 100, 74232, 69
2026/07/30 03:43:55.300, 291.99, 100, 74232, 69
2026/07/30 03:43:56.336, 298.03, 100, 74232, 69
2026/07/30 03:43:57.375, 292.69, 100, 74232, 69
2026/07/30 03:43:58.413, 296.38, 100, 74232, 69
2026/07/30 03:43:59.450, 295.77, 100, 74232, 69
2026/07/30 03:44:00.487, 294.83, 100, 74232, 69
2026/07/30 03:44:01.523, 301.53, 100, 74232, 69
2026/07/30 03:44:02.561, 300.67, 100, 74232, 69
2026/07/30 03:44:03.602, 300.94, 100, 74232, 70
2026/07/30 03:44:04.640, 301.34, 100, 74232, 70
2026/07/30 03:44:05.677, 303.27, 100, 74232, 70
2026/07/30 03:44:06.712, 303.48, 100, 74232, 70
2026/07/30 03:44:07.749, 303.49, 100, 74232, 70
2026/07/30 03:44:08.785, 300.56, 100, 74232, 70
2026/07/30 03:44:09.822, 303.68, 100, 74232, 70
2026/07/30 03:44:10.860, 305.82, 100, 74232, 70
2026/07/30 03:44:11.897, 297.80, 100, 74232, 70
2026/07/30 03:44:12.935, 298.14, 100, 74232, 70
2026/07/30 03:44:13.972, 297.25, 100, 74232, 70
2026/07/30 03:44:15.016, 296.26, 100, 74232, 70
2026/07/30 03:44:16.054, 297.65, 100, 74232, 70
2026/07/30 03:44:17.090, 295.78, 100, 74232, 70
2026/07/30 03:44:18.126, 294.34, 100, 74232, 70
2026/07/30 03:44:19.163, 295.88, 100, 74232, 70
2026/07/30 03:44:20.201, 300.67, 100, 74232, 70
2026/07/30 03:44:21.238, 294.82, 100, 74232, 70
2026/07/30 03:44:22.276, 296.67, 100, 74232, 70
2026/07/30 03:44:23.312, 297.35, 100, 74232, 70
2026/07/30 03:44:24.348, 294.42, 100, 74232, 70
2026/07/30 03:44:25.386, 301.99, 100, 74232, 70
2026/07/30 03:44:26.423, 296.96, 100, 74232, 69
2026/07/30 03:44:27.463, 294.02, 100, 74232, 70
2026/07/30 03:44:28.500, 292.09, 100, 74232, 69
2026/07/30 03:44:29.537, 295.70, 100, 74232, 69
2026/07/30 03:44:30.574, 299.20, 100, 74232, 69
2026/07/30 03:44:31.612, 293.63, 100, 74232, 70
2026/07/30 03:44:32.651, 300.83, 100, 74232, 70
2026/07/30 03:44:33.690, 302.33, 100, 74232, 70
2026/07/30 03:44:34.726, 302.39, 100, 74232, 69
2026/07/30 03:44:35.764, 296.97, 100, 74232, 69
2026/07/30 03:44:36.802, 297.17, 100, 74232, 70
2026/07/30 03:44:37.842, 303.40, 100, 74232, 70
2026/07/30 03:44:38.879, 303.19, 100, 74232, 70
2026/07/30 03:44:39.922, 304.36, 100, 74232, 70
2026/07/30 03:44:40.962, 295.11, 100, 74232, 70
2026/07/30 03:44:41.998, 294.71, 100, 74232, 69
2026/07/30 03:44:43.035, 295.49, 100, 74232, 69
2026/07/30 03:44:44.070, 296.66, 100, 74232, 69
2026/07/30 03:44:45.108, 303.78, 100, 74232, 69
2026/07/30 03:44:46.145, 293.54, 100, 74232, 69
2026/07/30 03:44:47.185, 295.70, 100, 74232, 69
2026/07/30 03:44:48.221, 297.05, 100, 74232, 69
2026/07/30 03:44:49.257, 304.08, 100, 74232, 70
2026/07/30 03:44:50.294, 292.58, 100, 74232, 69
2026/07/30 03:44:51.331, 294.92, 100, 74232, 69
2026/07/30 03:44:52.366, 302.52, 100, 74232, 69
2026/07/30 03:44:53.404, 304.23, 100, 74232, 69
2026/07/30 03:44:54.440, 293.36, 100, 74232, 69
2026/07/30 03:44:55.478, 300.28, 100, 74232, 69
2026/07/30 03:44:56.512, 302.61, 100, 74232, 69
2026/07/30 03:44:57.552, 302.52, 100, 74232, 69
2026/07/30 03:44:58.588, 299.69, 100, 74232, 69
2026/07/30 03:44:59.625, 308.08, 100, 74232, 69
2026/07/30 03:45:00.661, 305.33, 100, 74232, 69
2026/07/30 03:45:01.697, 295.78, 100, 74232, 69
2026/07/30 03:45:02.734, 295.70, 100, 74232, 69
2026/07/30 03:45:03.774, 296.58, 100, 74232, 69
2026/07/30 03:45:04.811, 297.84, 100, 74232, 69
2026/07/30 03:45:05.848, 298.62, 100, 74232, 69
2026/07/30 03:45:06.885, 301.63, 100, 74232, 69
2026/07/30 03:45:07.923, 302.72, 100, 74232, 69
2026/07/30 03:45:08.960, 296.37, 100, 74232, 69
2026/07/30 03:45:09.999, 296.87, 100, 74232, 69
2026/07/30 03:45:11.036, 298.62, 100, 74232, 69
2026/07/30 03:45:12.072, 296.86, 100, 74232, 69
2026/07/30 03:45:13.111, 302.62, 100, 74232, 69
2026/07/30 03:45:14.147, 296.48, 100, 74232, 69
2026/07/30 03:45:15.184, 297.05, 100, 74232, 69
2026/07/30 03:45:16.222, 297.57, 100, 74232, 69
2026/07/30 03:45:17.259, 298.62, 100, 74232, 69
2026/07/30 03:45:18.297, 302.61, 100, 74232, 69
2026/07/30 03:45:19.335, 302.33, 100, 74232, 69
2026/07/30 03:45:20.375, 303.97, 100, 74232, 69
2026/07/30 03:45:21.411, 300.16, 100, 74232, 69
2026/07/30 03:45:22.449, 299.77, 100, 74232, 69
2026/07/30 03:45:23.486, 294.92, 100, 74232, 69
2026/07/30 03:45:24.526, 303.28, 100, 74232, 69
2026/07/30 03:45:25.565, 302.90, 100, 74232, 69
2026/07/30 03:45:26.602, 300.66, 100, 74232, 69
2026/07/30 03:45:27.640, 300.57, 100, 74232, 69
2026/07/30 03:45:28.678, 298.69, 100, 74232, 69
2026/07/30 03:45:29.717, 303.20, 100, 74232, 69
2026/07/30 03:45:30.754, 304.89, 100, 74232, 69
2026/07/30 03:45:31.793, 294.71, 100, 74232, 69
2026/07/30 03:45:32.832, 297.65, 100, 74232, 69
2026/07/30 03:45:33.870, 302.91, 100, 74232, 69
2026/07/30 03:45:34.910, 303.78, 100, 74232, 69
2026/07/30 03:45:35.948, 303.49, 100, 74232, 69
2026/07/30 03:45:36.987, 301.23, 100, 74232, 69
2026/07/30 03:45:38.026, 302.03, 100, 74232, 69
2026/07/30 03:45:39.063, 302.13, 100, 74232, 69
2026/07/30 03:45:40.100, 286.53, 100, 74232, 69
2026/07/30 03:45:41.142, 292.09, 100, 74232, 69
2026/07/30 03:45:42.180, 303.68, 100, 74232, 69
2026/07/30 03:45:43.217, 299.29, 100, 74232, 69
2026/07/30 03:45:44.257, 302.04, 100, 74232, 69
2026/07/30 03:45:45.293, 296.09, 100, 74232, 69
2026/07/30 03:45:46.330, 302.52, 100, 74232, 69
2026/07/30 03:45:47.367, 303.58, 100, 74232, 69
2026/07/30 03:45:48.404, 299.39, 100, 74232, 69
2026/07/30 03:45:49.440, 291.89, 100, 74232, 69
2026/07/30 03:45:50.477, 293.08, 100, 74232, 69
2026/07/30 03:45:51.515, 295.69, 100, 74232, 69
2026/07/30 03:45:52.551, 300.07, 100, 74232, 69
2026/07/30 03:45:53.587, 301.55, 100, 74232, 69
2026/07/30 03:45:54.623, 291.30, 100, 74232, 69
2026/07/30 03:45:55.661, 299.89, 100, 74232, 69
2026/07/30 03:45:56.698, 304.64, 100, 74232, 69
2026/07/30 03:45:57.734, 301.32, 100, 74232, 69
2026/07/30 03:45:58.770, 303.09, 100, 74232, 69
2026/07/30 03:45:59.805, 301.82, 100, 74232, 69
2026/07/30 03:46:00.843, 303.68, 100, 74232, 69
2026/07/30 03:46:01.879, 299.49, 100, 74232, 69
2026/07/30 03:46:02.916, 297.74, 100, 74232, 69
2026/07/30 03:46:03.953, 301.45, 100, 74232, 69
2026/07/30 03:46:04.991, 301.63, 100, 74232, 69
2026/07/30 03:46:06.029, 292.37, 100, 74232, 69
2026/07/30 03:46:07.071, 293.86, 100, 74232, 69
2026/07/30 03:46:08.108, 298.12, 100, 74232, 69
2026/07/30 03:46:09.145, 299.88, 100, 74232, 69
2026/07/30 03:46:10.182, 301.24, 100, 74232, 69
2026/07/30 03:46:11.220, 295.40, 100, 74232, 69
2026/07/30 03:46:12.258, 292.56, 100, 74232, 69
2026/07/30 03:46:13.295, 296.26, 100, 74232, 69
2026/07/30 03:46:14.337, 297.15, 100, 74232, 69
2026/07/30 03:46:15.376, 294.23, 100, 74232, 69
2026/07/30 03:46:16.414, 297.26, 100, 74232, 69
2026/07/30 03:46:17.452, 298.91, 100, 74232, 69
2026/07/30 03:46:18.492, 299.89, 100, 74232, 69
2026/07/30 03:46:19.532, 300.18, 100, 74232, 69
2026/07/30 03:46:20.570, 304.07, 100, 74232, 69
2026/07/30 03:46:21.607, 298.53, 100, 74232, 69
2026/07/30 03:46:22.643, 304.06, 100, 74232, 69
2026/07/30 03:46:23.680, 300.56, 100, 74232, 69
2026/07/30 03:46:24.719, 298.71, 100, 74232, 69
2026/07/30 03:46:25.757, 298.42, 100, 74232, 69
2026/07/30 03:46:26.795, 296.18, 100, 74232, 69
2026/07/30 03:46:27.832, 303.19, 100, 74232, 69
2026/07/30 03:46:28.869, 300.10, 100, 74232, 69
2026/07/30 03:46:29.906, 303.68, 100, 74232, 69
2026/07/30 03:46:30.946, 295.89, 100, 74232, 69
2026/07/30 03:46:31.982, 299.21, 100, 74232, 69
2026/07/30 03:46:33.020, 294.23, 100, 74232, 69
2026/07/30 03:46:34.057, 295.59, 100, 74232, 69
2026/07/30 03:46:35.099, 296.38, 100, 74232, 69
2026/07/30 03:46:36.137, 304.25, 100, 74232, 70
2026/07/30 03:46:37.175, 297.74, 100, 74232, 69
2026/07/30 03:46:38.216, 301.53, 100, 74232, 70
2026/07/30 03:46:39.253, 301.82, 100, 74232, 70
2026/07/30 03:46:40.290, 303.49, 100, 74232, 70
2026/07/30 03:46:41.326, 304.43, 100, 74232, 69
2026/07/30 03:46:42.365, 299.98, 100, 74232, 69
2026/07/30 03:46:43.402, 295.31, 100, 74232, 69
2026/07/30 03:46:44.440, 296.46, 100, 74232, 69
2026/07/30 03:46:45.483, 296.08, 100, 74232, 69
2026/07/30 03:46:46.520, 295.51, 100, 74232, 69
2026/07/30 03:46:47.558, 296.58, 100, 74232, 69
2026/07/30 03:46:48.602, 299.97, 100, 74232, 69
2026/07/30 03:46:49.640, 300.37, 100, 74232, 69
2026/07/30 03:46:50.677, 291.79, 100, 74232, 69
2026/07/30 03:46:51.715, 301.74, 100, 74232, 69
2026/07/30 03:46:52.752, 294.14, 100, 74232, 69
2026/07/30 03:46:53.792, 295.69, 100, 74232, 69
2026/07/30 03:46:54.831, 295.89, 100, 74232, 69
2026/07/30 03:46:55.867, 295.99, 100, 74232, 69
2026/07/30 03:46:56.904, 296.18, 100, 74232, 69
2026/07/30 03:46:57.941, 296.77, 100, 74232, 69
2026/07/30 03:46:58.977, 296.75, 100, 74232, 69
2026/07/30 03:47:00.013, 292.17, 100, 74232, 69
2026/07/30 03:47:01.050, 294.61, 100, 74232, 69
2026/07/30 03:47:02.086, 295.60, 100, 74232, 69
2026/07/30 03:47:03.122, 302.12, 100, 74232, 69
2026/07/30 03:47:04.158, 302.90, 100, 74232, 69
2026/07/30 03:47:05.195, 303.77, 100, 74232, 69
2026/07/30 03:47:06.232, 296.56, 100, 74232, 69
2026/07/30 03:47:07.269, 296.58, 100, 74232, 69
2026/07/30 03:47:08.305, 288.88, 100, 74232, 69
2026/07/30 03:47:09.343, 292.85, 100, 74232, 69
2026/07/30 03:47:10.385, 302.12, 100, 74232, 69
2026/07/30 03:47:11.422, 302.86, 100, 74232, 69
2026/07/30 03:47:12.458, 303.87, 100, 74232, 70
2026/07/30 03:47:13.496, 296.56, 100, 74232, 69
2026/07/30 03:47:14.535, 303.88, 100, 74232, 70
2026/07/30 03:47:15.572, 302.66, 100, 74232, 70
2026/07/30 03:47:16.609, 297.26, 100, 74232, 69
2026/07/30 03:47:17.647, 291.99, 100, 74232, 70
2026/07/30 03:47:18.686, 301.73, 100, 74232, 70
2026/07/30 03:47:19.723, 94.64, 0, 74232, 66
2026/07/30 03:47:20.819, 295.99, 100, 74232, 69
2026/07/30 03:47:21.860, 294.81, 100, 74232, 69
2026/07/30 03:47:22.897, 290.25, 100, 74232, 69
2026/07/30 03:47:23.934, 289.75, 100, 74232, 69
2026/07/30 03:47:24.972, 301.45, 100, 74232, 69
2026/07/30 03:47:26.010, 297.84, 100, 74232, 69
2026/07/30 03:47:27.047, 298.79, 100, 74232, 69
2026/07/30 03:47:28.085, 297.93, 100, 74232, 69
2026/07/30 03:47:29.122, 297.15, 100, 74232, 69
2026/07/30 03:47:30.158, 300.07, 100, 74232, 69
2026/07/30 03:47:31.196, 298.60, 100, 74232, 69
2026/07/30 03:47:32.234, 298.41, 100, 74232, 69
2026/07/30 03:47:33.272, 294.51, 100, 74232, 69
2026/07/30 03:47:34.309, 297.25, 100, 74232, 69
2026/07/30 03:47:35.347, 300.77, 100, 74232, 69
2026/07/30 03:47:36.383, 301.99, 100, 74232, 69
2026/07/30 03:47:37.419, 300.45, 100, 74232, 69
2026/07/30 03:47:38.458, 302.21, 100, 74232, 69
2026/07/30 03:47:39.496, 298.33, 100, 74232, 69
2026/07/30 03:47:40.537, 301.53, 100, 74232, 69
2026/07/30 03:47:41.575, 300.57, 100, 74232, 69
2026/07/30 03:47:42.613, 295.67, 100, 74232, 69
2026/07/30 03:47:43.650, 298.12, 100, 74232, 69
2026/07/30 03:47:44.689, 299.68, 100, 74232, 69
2026/07/30 03:47:45.724, 301.25, 100, 74232, 69
2026/07/30 03:47:46.762, 302.40, 100, 74232, 69
2026/07/30 03:47:47.798, 300.36, 100, 74232, 69
2026/07/30 03:47:48.835, 302.32, 100, 74232, 69
2026/07/30 03:47:49.871, 303.20, 100, 74232, 69
2026/07/30 03:47:50.909, 300.86, 100, 74232, 69
2026/07/30 03:47:51.948, 299.40, 100, 74232, 69
2026/07/30 03:47:52.986, 299.30, 100, 74232, 69
2026/07/30 03:47:54.023, 301.22, 100, 74232, 69
2026/07/30 03:47:55.060, 299.59, 100, 74232, 69
2026/07/30 03:47:56.098, 302.33, 100, 74232, 69
2026/07/30 03:47:57.137, 300.84, 100, 74232, 69
2026/07/30 03:47:58.175, 300.64, 100, 74232, 69
2026/07/30 03:47:59.213, 293.64, 100, 74232, 69
2026/07/30 03:48:00.252, 300.86, 100, 74232, 69
2026/07/30 03:48:01.289, 304.43, 100, 74232, 69
2026/07/30 03:48:02.328, 302.33, 100, 74232, 69
2026/07/30 03:48:03.365, 302.61, 100, 74232, 69
2026/07/30 03:48:04.402, 295.01, 100, 74232, 69
2026/07/30 03:48:05.441, 296.76, 100, 74232, 69
2026/07/30 03:48:06.480, 302.72, 100, 74232, 69
2026/07/30 03:48:07.519, 301.13, 100, 74232, 69
2026/07/30 03:48:08.556, 295.02, 100, 74232, 69
2026/07/30 03:48:09.594, 300.26, 100, 74232, 69
2026/07/30 03:48:10.633, 300.48, 100, 74232, 69
2026/07/30 03:48:11.670, 299.80, 100, 74232, 69
2026/07/30 03:48:12.709, 298.62, 100, 74232, 69
2026/07/30 03:48:13.747, 300.65, 100, 74232, 69
2026/07/30 03:48:14.785, 301.24, 100, 74232, 69
2026/07/30 03:48:15.823, 298.12, 100, 74232, 69
2026/07/30 03:48:16.862, 299.79, 100, 74232, 69
2026/07/30 03:48:17.900, 300.46, 100, 74232, 69
2026/07/30 03:48:18.937, 301.83, 100, 74232, 69
2026/07/30 03:48:19.975, 301.83, 100, 74232, 69
2026/07/30 03:48:21.012, 301.83, 100, 74232, 69
2026/07/30 03:48:22.050, 295.11, 100, 74232, 69
2026/07/30 03:48:23.088, 302.52, 100, 74232, 69
2026/07/30 03:48:24.126, 293.84, 100, 74232, 69
2026/07/30 03:48:25.163, 294.42, 100, 74232, 69
2026/07/30 03:48:26.205, 295.01, 100, 74232, 69
2026/07/30 03:48:27.243, 299.38, 100, 74232, 69
2026/07/30 03:48:28.280, 296.47, 100, 74232, 69
2026/07/30 03:48:29.318, 300.37, 100, 74232, 69
2026/07/30 03:48:30.356, 298.23, 100, 74232, 69
2026/07/30 03:48:31.395, 298.71, 100, 74232, 69
2026/07/30 03:48:32.433, 299.79, 100, 74232, 69
2026/07/30 03:48:33.471, 296.67, 100, 74232, 69
2026/07/30 03:48:34.512, 299.68, 100, 74232, 69
2026/07/30 03:48:35.550, 298.32, 100, 74232, 69
2026/07/30 03:48:36.587, 297.84, 100, 74232, 69
2026/07/30 03:48:37.626, 297.34, 100, 74232, 69
2026/07/30 03:48:38.663, 299.49, 100, 74232, 69
2026/07/30 03:48:39.700, 298.81, 100, 74232, 69
2026/07/30 03:48:40.738, 297.54, 100, 74232, 69
2026/07/30 03:48:41.775, 298.79, 100, 74232, 69
2026/07/30 03:48:42.813, 294.70, 100, 74232, 69
2026/07/30 03:48:43.849, 300.96, 100, 74232, 69
2026/07/30 03:48:44.885, 297.36, 100, 74232, 69
2026/07/30 03:48:45.923, 297.63, 100, 74232, 69
2026/07/30 03:48:46.960, 295.32, 100, 74232, 69
2026/07/30 03:48:47.999, 291.11, 100, 74232, 69
2026/07/30 03:48:49.041, 289.17, 100, 74232, 69
2026/07/30 03:48:50.078, 295.89, 100, 74232, 69
2026/07/30 03:48:51.116, 294.33, 100, 74232, 69
2026/07/30 03:48:52.154, 289.83, 100, 74232, 69
2026/07/30 03:48:53.190, 306.22, 100, 74232, 69
2026/07/30 03:48:54.227, 301.74, 100, 74232, 69
2026/07/30 03:48:55.267, 294.22, 100, 74232, 69
2026/07/30 03:48:56.303, 299.87, 100, 74232, 69
2026/07/30 03:48:57.344, 302.80, 100, 74232, 69
2026/07/30 03:48:58.381, 293.06, 100, 74232, 69
2026/07/30 03:48:59.419, 297.06, 100, 74232, 69
2026/07/30 03:49:00.457, 300.88, 100, 74232, 69
2026/07/30 03:49:01.493, 298.71, 100, 74232, 69
2026/07/30 03:49:02.531, 306.78, 100, 74232, 69
2026/07/30 03:49:03.567, 301.35, 100, 74232, 69
2026/07/30 03:49:04.604, 302.23, 100, 74232, 69
2026/07/30 03:49:05.640, 302.23, 100, 74232, 69
2026/07/30 03:49:06.676, 304.76, 100, 74232, 69
2026/07/30 03:49:07.713, 301.85, 100, 74232, 69
2026/07/30 03:49:08.751, 301.84, 100, 74232, 69
2026/07/30 03:49:09.787, 301.82, 100, 74232, 69
2026/07/30 03:49:10.825, 301.40, 100, 74232, 69
2026/07/30 03:49:11.861, 301.73, 100, 74232, 69
2026/07/30 03:49:12.897, 301.26, 100, 74232, 69
2026/07/30 03:49:13.936, 302.71, 100, 74232, 69
2026/07/30 03:49:14.973, 302.22, 100, 74232, 69
2026/07/30 03:49:16.010, 299.78, 100, 74232, 69
2026/07/30 03:49:17.048, 298.81, 100, 74232, 69
2026/07/30 03:49:18.084, 301.33, 100, 74232, 69
2026/07/30 03:49:19.121, 300.56, 100, 74232, 69
2026/07/30 03:49:20.159, 301.45, 100, 74232, 69
2026/07/30 03:49:21.200, 302.88, 100, 74232, 69
2026/07/30 03:49:22.239, 303.96, 100, 74232, 69
2026/07/30 03:49:23.276, 299.77, 100, 74232, 69
2026/07/30 03:49:24.314, 298.62, 100, 74232, 69
2026/07/30 03:49:25.352, 298.42, 100, 74232, 69
2026/07/30 03:49:26.392, 299.47, 100, 74232, 69
2026/07/30 03:49:27.430, 298.79, 100, 74232, 69
2026/07/30 03:49:28.470, 299.97, 100, 74232, 69
2026/07/30 03:49:29.511, 300.84, 100, 74232, 69
2026/07/30 03:49:30.548, 293.35, 100, 74232, 69
2026/07/30 03:49:31.585, 301.51, 100, 74232, 69
2026/07/30 03:49:32.622, 302.12, 100, 74232, 69
2026/07/30 03:49:33.659, 302.12, 100, 74232, 69
2026/07/30 03:49:34.698, 302.72, 100, 74232, 69
2026/07/30 03:49:35.735, 297.13, 100, 74232, 69
2026/07/30 03:49:36.775, 302.42, 100, 74232, 69
2026/07/30 03:49:37.812, 298.32, 100, 74232, 69
2026/07/30 03:49:38.849, 298.71, 100, 74232, 69
2026/07/30 03:49:39.886, 293.53, 100, 74232, 69
2026/07/30 03:49:40.923, 298.70, 100, 74232, 69
2026/07/30 03:49:41.960, 300.44, 100, 74232, 69
2026/07/30 03:49:42.998, 298.52, 100, 74232, 69
2026/07/30 03:49:44.036, 300.75, 100, 74232, 69
2026/07/30 03:49:45.072, 300.95, 100, 74232, 69
2026/07/30 03:49:46.113, 294.14, 100, 74232, 69
2026/07/30 03:49:47.153, 300.27, 100, 74232, 69
2026/07/30 03:49:48.189, 297.07, 100, 74232, 69
2026/07/30 03:49:49.226, 291.61, 100, 74232, 69
2026/07/30 03:49:50.263, 297.63, 100, 74232, 69
2026/07/30 03:49:51.300, 296.08, 100, 74232, 69
2026/07/30 03:49:52.337, 297.54, 100, 74232, 69
2026/07/30 03:49:53.375, 296.48, 100, 74232, 69
2026/07/30 03:49:54.414, 298.80, 100, 74232, 69
2026/07/30 03:49:55.451, 297.44, 100, 74232, 69
2026/07/30 03:49:56.488, 300.56, 100, 74232, 69
2026/07/30 03:49:57.524, 299.47, 100, 74232, 69
2026/07/30 03:49:58.561, 301.74, 100, 74232, 69
2026/07/30 03:49:59.598, 300.57, 100, 74232, 69
2026/07/30 03:50:00.634, 297.63, 100, 74232, 69
2026/07/30 03:50:01.670, 301.64, 100, 74232, 69
2026/07/30 03:50:02.713, 298.99, 100, 74232, 69
2026/07/30 03:50:03.753, 297.15, 100, 74232, 69
2026/07/30 03:50:04.791, 293.63, 100, 74232, 69
2026/07/30 03:50:05.833, 292.87, 100, 74232, 69
2026/07/30 03:50:06.869, 296.96, 100, 74232, 69
2026/07/30 03:50:07.905, 291.57, 100, 74232, 69
2026/07/30 03:50:08.944, 300.37, 100, 74232, 69
2026/07/30 03:50:09.982, 299.49, 100, 74232, 69
2026/07/30 03:50:11.018, 301.14, 100, 74232, 69
2026/07/30 03:50:12.054, 301.24, 100, 74232, 69
2026/07/30 03:50:13.092, 295.30, 100, 74232, 69
2026/07/30 03:50:14.129, 301.14, 100, 74232, 69
2026/07/30 03:50:15.167, 303.08, 100, 74232, 69
2026/07/30 03:50:16.204, 303.54, 100, 74232, 69
2026/07/30 03:50:17.244, 301.94, 100, 74232, 69
2026/07/30 03:50:18.280, 299.20, 100, 74232, 69
2026/07/30 03:50:19.316, 299.10, 100, 74232, 69
2026/07/30 03:50:20.353, 290.91, 100, 74232, 69
2026/07/30 03:50:21.392, 295.49, 100, 74232, 69
2026/07/30 03:50:22.432, 300.95, 100, 74232, 69
2026/07/30 03:50:23.467, 302.71, 100, 74232, 69
2026/07/30 03:50:24.504, 302.41, 100, 74232, 69
2026/07/30 03:50:25.541, 301.54, 100, 74232, 69
2026/07/30 03:50:26.577, 295.11, 100, 74232, 69
2026/07/30 03:50:27.613, 295.51, 100, 74232, 69
2026/07/30 03:50:28.650, 304.66, 100, 74232, 69
2026/07/30 03:50:29.687, 293.95, 100, 74232, 69
2026/07/30 03:50:30.724, 302.59, 100, 74232, 69
2026/07/30 03:50:31.761, 305.17, 100, 74232, 69
2026/07/30 03:50:32.798, 297.62, 100, 74232, 69
2026/07/30 03:50:33.834, 291.03, 100, 74232, 69
2026/07/30 03:50:34.872, 285.74, 100, 74232, 69
2026/07/30 03:50:35.911, 291.77, 100, 74232, 69
2026/07/30 03:50:36.951, 302.13, 100, 74232, 69
2026/07/30 03:50:37.987, 298.25, 100, 74232, 69
2026/07/30 03:50:39.025, 298.23, 100, 74232, 69
2026/07/30 03:50:40.062, 297.37, 100, 74232, 69
2026/07/30 03:50:41.099, 298.52, 100, 74232, 69
2026/07/30 03:50:42.135, 302.42, 100, 74232, 69
2026/07/30 03:50:43.172, 300.15, 100, 74232, 69
2026/07/30 03:50:44.212, 300.84, 100, 74232, 69
2026/07/30 03:50:45.249, 302.04, 100, 74232, 69
2026/07/30 03:50:46.291, 299.49, 100, 74232, 69
2026/07/30 03:50:47.331, 297.05, 100, 74232, 69
2026/07/30 03:50:48.369, 293.75, 100, 74232, 69
2026/07/30 03:50:49.407, 295.51, 100, 74232, 69
2026/07/30 03:50:50.445, 294.24, 100, 74232, 69
2026/07/30 03:50:51.482, 295.00, 100, 74232, 69
2026/07/30 03:50:52.520, 299.30, 100, 74232, 69
2026/07/30 03:50:53.559, 299.30, 100, 74232, 69
2026/07/30 03:50:54.599, 300.65, 100, 74232, 69
2026/07/30 03:50:55.637, 302.33, 100, 74232, 69
2026/07/30 03:50:56.674, 303.06, 100, 74232, 69
2026/07/30 03:50:57.712, 295.29, 100, 74232, 69
2026/07/30 03:50:58.749, 300.06, 100, 74232, 69
2026/07/30 03:50:59.787, 297.15, 100, 74232, 69
2026/07/30 03:51:00.826, 299.01, 100, 74232, 69
2026/07/30 03:51:01.865, 299.80, 100, 74232, 69
2026/07/30 03:51:02.904, 301.82, 100, 74232, 69
2026/07/30 03:51:03.941, 300.67, 100, 74232, 69
2026/07/30 03:51:04.978, 297.92, 100, 74232, 69
2026/07/30 03:51:06.016, 295.69, 100, 74232, 69
2026/07/30 03:51:07.057, 300.56, 100, 74232, 69
2026/07/30 03:51:08.095, 299.00, 100, 74232, 69
2026/07/30 03:51:09.132, 300.37, 100, 74232, 69
2026/07/30 03:51:10.169, 302.72, 100, 74232, 69
2026/07/30 03:51:11.206, 294.26, 100, 74232, 69
2026/07/30 03:51:12.244, 300.18, 100, 74232, 69
2026/07/30 03:51:13.282, 298.50, 100, 74232, 69
2026/07/30 03:51:14.320, 297.74, 100, 74232, 69
2026/07/30 03:51:15.357, 301.63, 100, 74232, 69
2026/07/30 03:51:16.395, 299.59, 100, 74232, 69
2026/07/30 03:51:17.433, 300.37, 100, 74232, 69
2026/07/30 03:51:18.471, 301.93, 100, 74232, 69
2026/07/30 03:51:19.508, 300.37, 100, 74232, 69
2026/07/30 03:51:20.545, 300.56, 100, 74232, 69
2026/07/30 03:51:21.583, 300.00, 100, 74232, 69
2026/07/30 03:51:22.621, 302.22, 100, 74232, 69
2026/07/30 03:51:23.658, 295.41, 100, 74232, 69
2026/07/30 03:51:24.695, 296.73, 100, 74232, 69
2026/07/30 03:51:25.733, 297.45, 100, 74232, 69
2026/07/30 03:51:26.770, 298.03, 100, 74232, 69
2026/07/30 03:51:27.807, 301.05, 100, 74232, 69
2026/07/30 03:51:28.845, 297.56, 100, 74232, 69
2026/07/30 03:51:29.883, 300.66, 100, 74232, 69
2026/07/30 03:51:30.920, 300.66, 100, 74232, 69
2026/07/30 03:51:31.957, 296.56, 100, 74232, 69
2026/07/30 03:51:32.995, 300.65, 100, 74232, 69
2026/07/30 03:51:34.033, 300.45, 100, 74232, 69
2026/07/30 03:51:35.072, 303.11, 100, 74232, 69
2026/07/30 03:51:36.110, 300.16, 100, 74232, 69
2026/07/30 03:51:37.146, 302.13, 100, 74232, 69
2026/07/30 03:51:38.184, 296.55, 100, 74232, 69
2026/07/30 03:51:39.220, 302.81, 100, 74232, 69
2026/07/30 03:51:40.257, 296.77, 100, 74232, 69
2026/07/30 03:51:41.294, 299.28, 100, 74232, 69
2026/07/30 03:51:42.332, 296.36, 100, 74232, 69
2026/07/30 03:51:43.369, 298.89, 100, 74232, 69
2026/07/30 03:51:44.408, 298.23, 100, 74232, 69
2026/07/30 03:51:45.445, 288.87, 100, 74232, 69
2026/07/30 03:51:46.482, 298.81, 100, 74232, 69
2026/07/30 03:51:47.520, 301.34, 100, 74232, 69
2026/07/30 03:51:48.557, 298.31, 100, 74232, 69
2026/07/30 03:51:49.596, 299.94, 100, 74232, 69
2026/07/30 03:51:50.634, 300.95, 100, 74232, 69
2026/07/30 03:51:51.674, 301.04, 100, 74232, 69
2026/07/30 03:51:52.710, 300.47, 100, 74232, 69
2026/07/30 03:51:53.746, 300.18, 100, 74232, 69
2026/07/30 03:51:54.783, 302.79, 100, 74232, 69
2026/07/30 03:51:55.820, 302.60, 100, 74232, 69
2026/07/30 03:51:56.857, 302.13, 100, 74232, 69
2026/07/30 03:51:57.897, 295.11, 100, 74232, 69
2026/07/30 03:51:58.937, 295.70, 100, 74232, 69
2026/07/30 03:51:59.975, 295.49, 100, 74232, 69
2026/07/30 03:52:01.012, 291.59, 100, 74232, 69
2026/07/30 03:52:02.053, 294.72, 100, 74232, 69
2026/07/30 03:52:03.092, 300.56, 100, 74232, 69
2026/07/30 03:52:04.132, 299.40, 100, 74232, 69
2026/07/30 03:52:05.171, 299.00, 100, 74232, 69
2026/07/30 03:52:06.208, 299.97, 100, 74232, 69
2026/07/30 03:52:07.246, 300.37, 100, 74232, 69
2026/07/30 03:52:08.283, 300.39, 100, 74232, 69
2026/07/30 03:52:09.320, 302.30, 100, 74232, 69
2026/07/30 03:52:10.358, 299.49, 100, 74232, 69
2026/07/30 03:52:11.396, 302.22, 100, 74232, 69
2026/07/30 03:52:12.433, 304.98, 100, 74232, 69
2026/07/30 03:52:13.472, 304.35, 100, 74232, 69
2026/07/30 03:52:14.510, 300.08, 100, 74232, 69
2026/07/30 03:52:15.547, 300.85, 100, 74232, 69
2026/07/30 03:52:16.585, 301.89, 100, 74232, 69
2026/07/30 03:52:17.625, 301.63, 100, 74232, 69
2026/07/30 03:52:18.662, 300.73, 100, 74232, 69
2026/07/30 03:52:19.700, 300.85, 100, 74232, 69
2026/07/30 03:52:20.737, 299.94, 100, 74232, 69
2026/07/30 03:52:21.774, 299.59, 100, 74232, 69
2026/07/30 03:52:22.811, 300.20, 100, 74232, 69
2026/07/30 03:52:23.848, 299.97, 100, 74232, 69
2026/07/30 03:52:24.886, 300.96, 100, 74232, 69
2026/07/30 03:52:25.923, 300.64, 100, 74232, 69
2026/07/30 03:52:26.961, 301.81, 100, 74232, 69
2026/07/30 03:52:27.999, 300.47, 100, 74232, 69
2026/07/30 03:52:29.037, 300.85, 100, 74232, 69
2026/07/30 03:52:30.074, 300.26, 100, 74232, 69
2026/07/30 03:52:31.112, 302.42, 100, 74232, 69
2026/07/30 03:52:32.150, 300.16, 100, 74232, 69
2026/07/30 03:52:33.187, 299.40, 100, 74232, 69
2026/07/30 03:52:34.224, 302.61, 100, 74232, 69
2026/07/30 03:52:35.262, 299.78, 100, 74232, 69
2026/07/30 03:52:36.300, 300.16, 100, 74232, 69
2026/07/30 03:52:37.338, 300.66, 100, 74232, 69
2026/07/30 03:52:38.375, 300.85, 100, 74232, 69
2026/07/30 03:52:39.414, 299.29, 100, 74232, 69
2026/07/30 03:52:40.452, 300.47, 100, 74232, 69
2026/07/30 03:52:41.491, 299.86, 100, 74232, 69
2026/07/30 03:52:42.529, 299.76, 100, 74232, 69
2026/07/30 03:52:43.567, 299.30, 100, 74232, 69
2026/07/30 03:52:44.605, 293.73, 100, 74232, 69
2026/07/30 03:52:45.648, 299.40, 100, 74232, 69
2026/07/30 03:52:46.686, 300.55, 100, 74232, 69
2026/07/30 03:52:47.723, 299.30, 100, 74232, 69
2026/07/30 03:52:48.763, 300.86, 100, 74232, 69
2026/07/30 03:52:49.803, 301.14, 100, 74232, 69
2026/07/30 03:52:50.840, 290.33, 100, 74232, 69
2026/07/30 03:52:51.886, 295.31, 100, 74232, 69
2026/07/30 03:52:52.927, 301.02, 100, 74232, 69
2026/07/30 03:52:53.965, 298.60, 100, 74232, 69
2026/07/30 03:52:55.002, 298.70, 100, 74232, 69
2026/07/30 03:52:56.041, 297.76, 100, 74232, 69
2026/07/30 03:52:57.078, 303.68, 100, 74232, 69
2026/07/30 03:52:58.118, 297.72, 100, 74232, 69
2026/07/30 03:52:59.156, 293.86, 100, 74232, 71
2026/07/30 03:53:00.192, 302.94, 100, 74232, 69
2026/07/30 03:53:01.230, 301.42, 100, 74232, 69
2026/07/30 03:53:02.268, 300.97, 100, 74232, 69
2026/07/30 03:53:03.306, 301.06, 100, 74232, 69
2026/07/30 03:53:04.343, 297.74, 100, 74232, 69
2026/07/30 03:53:05.381, 293.46, 100, 74232, 69
2026/07/30 03:53:06.419, 295.21, 100, 74232, 69
2026/07/30 03:53:07.461, 292.87, 100, 74232, 69
2026/07/30 03:53:08.499, 290.62, 100, 74232, 69
2026/07/30 03:53:09.538, 294.91, 100, 74232, 69
2026/07/30 03:53:10.574, 300.17, 100, 74232, 69
2026/07/30 03:53:11.612, 295.70, 100, 74232, 69
2026/07/30 03:53:12.651, 298.62, 100, 74232, 69
2026/07/30 03:53:13.689, 292.78, 100, 74232, 69
2026/07/30 03:53:14.727, 301.46, 100, 74232, 69
2026/07/30 03:53:15.769, 292.13, 100, 74232, 69
2026/07/30 03:53:16.807, 298.14, 100, 74232, 69
2026/07/30 03:53:17.845, 291.02, 100, 74232, 69
2026/07/30 03:53:18.886, 294.92, 100, 74232, 69
2026/07/30 03:53:19.924, 295.89, 100, 74232, 69
2026/07/30 03:53:20.964, 293.46, 100, 74232, 69
2026/07/30 03:53:22.002, 296.06, 100, 74232, 69
2026/07/30 03:53:23.040, 298.52, 100, 74232, 69
2026/07/30 03:53:24.078, 297.74, 100, 74232, 69
2026/07/30 03:53:25.116, 294.99, 100, 74232, 69
2026/07/30 03:53:26.154, 296.67, 100, 74232, 69
2026/07/30 03:53:27.193, 302.22, 100, 74232, 69
2026/07/30 03:53:28.232, 302.60, 100, 74232, 69
2026/07/30 03:53:29.269, 301.34, 100, 74232, 69
2026/07/30 03:53:30.306, 300.75, 100, 74232, 69
2026/07/30 03:53:31.344, 300.24, 100, 74232, 69
2026/07/30 03:53:32.382, 300.77, 100, 74232, 69
2026/07/30 03:53:33.420, 297.74, 100, 74232, 69
2026/07/30 03:53:34.456, 304.82, 100, 74232, 69
2026/07/30 03:53:35.497, 304.86, 100, 74232, 69
2026/07/30 03:53:36.535, 295.12, 100, 74232, 69
2026/07/30 03:53:37.572, 294.43, 100, 74232, 69
2026/07/30 03:53:38.614, 294.23, 100, 74232, 69
2026/07/30 03:53:39.652, 288.41, 61, 74232, 71
2026/07/30 03:53:40.690, 294.25, 100, 74232, 71
2026/07/30 03:53:41.724, 302.71, 100, 74232, 69
2026/07/30 03:53:42.762, 300.76, 100, 74232, 69
2026/07/30 03:53:43.798, 302.02, 100, 74232, 69
2026/07/30 03:53:44.834, 300.94, 100, 74232, 69
2026/07/30 03:53:45.872, 297.92, 100, 74232, 69
2026/07/30 03:53:46.910, 297.42, 100, 74232, 69
2026/07/30 03:53:47.948, 296.09, 100, 74232, 69
2026/07/30 03:53:48.984, 298.12, 100, 74232, 69
2026/07/30 03:53:50.022, 301.44, 100, 74232, 69
2026/07/30 03:53:51.060, 301.74, 100, 74232, 69
2026/07/30 03:53:52.099, 301.15, 100, 74232, 69
2026/07/30 03:53:53.136, 295.69, 100, 74232, 69
2026/07/30 03:53:54.172, 295.87, 100, 74232, 69
2026/07/30 03:53:55.209, 295.79, 100, 74232, 69
2026/07/30 03:53:56.246, 290.22, 100, 74232, 69
2026/07/30 03:53:57.284, 291.20, 100, 74232, 69
2026/07/30 03:53:58.321, 294.22, 100, 74232, 69
2026/07/30 03:53:59.360, 293.93, 100, 74232, 69
2026/07/30 03:54:00.397, 294.03, 100, 74232, 69
2026/07/30 03:54:01.437, 293.46, 100, 74232, 69
2026/07/30 03:54:02.474, 299.49, 100, 74232, 69
2026/07/30 03:54:03.510, 298.62, 100, 74232, 69
2026/07/30 03:54:04.547, 299.66, 100, 74232, 69
2026/07/30 03:54:05.585, 302.51, 100, 74232, 69
2026/07/30 03:54:06.623, 301.64, 100, 74232, 69
2026/07/30 03:54:07.659, 302.52, 100, 74232, 69
2026/07/30 03:54:08.697, 302.23, 100, 74232, 69
2026/07/30 03:54:09.734, 300.46, 100, 74232, 69
2026/07/30 03:54:10.773, 302.03, 100, 74232, 69
2026/07/30 03:54:11.810, 301.51, 100, 74232, 70
2026/07/30 03:54:12.848, 296.76, 100, 74232, 69
2026/07/30 03:54:13.886, 306.21, 100, 74232, 69
2026/07/30 03:54:14.923, 304.73, 100, 74232, 70
2026/07/30 03:54:15.961, 94.36, 0, 74232, 66
2026/07/30 03:54:16.995, 295.00, 100, 74232, 71
2026/07/30 03:54:18.031, 272.06, 100, 74232, 69
2026/07/30 03:54:19.073, 292.95, 100, 74232, 69
2026/07/30 03:54:20.110, 293.05, 100, 74232, 69
2026/07/30 03:54:21.147, 293.83, 100, 74232, 69
2026/07/30 03:54:22.190, 299.44, 100, 74232, 69
2026/07/30 03:54:23.228, 299.42, 100, 74232, 69
2026/07/30 03:54:24.266, 303.39, 100, 74232, 69
2026/07/30 03:54:25.302, 303.40, 100, 74232, 69
2026/07/30 03:54:26.339, 302.31, 100, 74232, 69
2026/07/30 03:54:27.376, 301.03, 100, 74232, 69
2026/07/30 03:54:28.413, 301.55, 100, 74232, 69
2026/07/30 03:54:29.450, 301.15, 100, 74232, 69
2026/07/30 03:54:30.490, 300.85, 100, 74232, 69
2026/07/30 03:54:31.528, 300.96, 100, 74232, 69
2026/07/30 03:54:32.564, 94.57, 0, 74232, 66
2026/07/30 03:54:33.596, 93.16, 0, 74232, 65
2026/07/30 03:54:34.628, 92.36, 0, 74232, 64
2026/07/30 03:54:35.660, 304.63, 100, 74232, 69
2026/07/30 03:54:36.695, 299.05, 100, 74232, 69
2026/07/30 03:54:37.729, 312.15, 100, 74232, 68
2026/07/30 03:54:38.765, 304.94, 100, 74232, 68
2026/07/30 03:54:39.802, 299.86, 100, 74232, 68
2026/07/30 03:54:40.842, 300.45, 100, 74232, 68
2026/07/30 03:54:41.879, 300.24, 100, 74232, 68
2026/07/30 03:54:42.916, 92.59, 0, 74232, 64
2026/07/30 03:54:43.949, 297.64, 100, 74232, 69
2026/07/30 03:54:44.990, 285.99, 100, 74232, 69
2026/07/30 03:54:46.027, 297.95, 100, 74232, 68
2026/07/30 03:54:47.065, 299.79, 100, 74232, 68
2026/07/30 03:54:48.102, 299.80, 100, 74232, 68
2026/07/30 03:54:49.140, 299.68, 100, 74232, 68
2026/07/30 03:54:50.178, 298.31, 100, 74232, 68
2026/07/30 03:54:51.517, 297.46, 100, 74232, 68
2026/07/30 03:54:52.554, 294.74, 100, 74232, 68
2026/07/30 03:54:53.591, 299.60, 100, 74232, 68
2026/07/30 03:54:54.628, 299.97, 100, 74232, 68
2026/07/30 03:54:55.664, 298.62, 100, 74232, 69
2026/07/30 03:54:56.702, 297.55, 100, 74232, 69
2026/07/30 03:54:57.738, 300.85, 100, 74232, 69
2026/07/30 03:54:58.775, 300.85, 100, 74232, 69
2026/07/30 03:54:59.813, 300.27, 100, 74232, 69
2026/07/30 03:55:00.850, 298.71, 100, 74232, 69
2026/07/30 03:55:01.888, 304.09, 100, 74232, 69
2026/07/30 03:55:02.927, 295.21, 100, 74232, 69
2026/07/30 03:55:03.965, 300.86, 100, 74232, 69
2026/07/30 03:55:05.001, 293.64, 100, 74232, 69
2026/07/30 03:55:06.040, 292.37, 100, 74232, 69
2026/07/30 03:55:07.076, 300.37, 100, 74232, 69
2026/07/30 03:55:08.113, 301.25, 100, 74232, 69
2026/07/30 03:55:09.152, 299.30, 100, 74232, 69
2026/07/30 03:55:10.188, 302.54, 100, 74232, 69
2026/07/30 03:55:11.228, 302.04, 100, 74232, 69
2026/07/30 03:55:12.265, 302.12, 100, 74232, 69
2026/07/30 03:55:13.300, 301.64, 100, 74232, 69
2026/07/30 03:55:14.336, 298.23, 100, 74232, 69
2026/07/30 03:55:15.372, 293.53, 100, 74232, 69
2026/07/30 03:55:16.408, 301.44, 100, 74232, 69
2026/07/30 03:55:17.444, 292.77, 100, 74232, 69
2026/07/30 03:55:18.481, 295.49, 100, 74232, 69
2026/07/30 03:55:19.522, 295.28, 100, 74232, 69
2026/07/30 03:55:20.561, 295.02, 100, 74232, 69
2026/07/30 03:55:21.599, 294.62, 100, 74232, 69
2026/07/30 03:55:22.640, 298.22, 100, 74232, 70
2026/07/30 03:55:23.710, 301.27, 100, 74232, 70
2026/07/30 03:55:24.744, 289.48, 100, 74232, 70
2026/07/30 03:55:25.785, 299.01, 100, 74232, 68
2026/07/30 03:55:26.821, 301.15, 100, 74232, 68
2026/07/30 03:55:27.857, 301.25, 100, 74232, 69
2026/07/30 03:55:28.894, 300.56, 100, 74232, 69
2026/07/30 03:55:29.930, 297.15, 100, 74232, 69
2026/07/30 03:55:30.966, 302.22, 100, 74232, 69
2026/07/30 03:55:32.002, 302.28, 100, 74232, 69
2026/07/30 03:55:33.038, 301.72, 100, 74232, 69
2026/07/30 03:55:34.077, 299.40, 100, 74232, 69
2026/07/30 03:55:35.114, 293.53, 100, 74232, 69
2026/07/30 03:55:36.153, 291.97, 100, 74232, 69
2026/07/30 03:55:37.189, 295.79, 100, 74232, 69
2026/07/30 03:55:38.228, 301.03, 100, 74232, 69
2026/07/30 03:55:39.265, 301.25, 100, 74232, 69
2026/07/30 03:55:40.305, 299.00, 100, 74232, 69
2026/07/30 03:55:41.342, 298.14, 100, 74232, 69
2026/07/30 03:55:42.383, 302.22, 100, 74232, 69
2026/07/30 03:55:43.420, 301.44, 100, 74232, 69
2026/07/30 03:55:44.457, 301.55, 100, 74232, 69
2026/07/30 03:55:45.493, 293.25, 100, 74232, 69
2026/07/30 03:55:46.529, 292.39, 100, 74232, 69
2026/07/30 03:55:47.566, 291.49, 100, 74232, 69
2026/07/30 03:55:48.602, 294.12, 100, 74232, 69
2026/07/30 03:55:49.639, 295.40, 100, 74232, 69
2026/07/30 03:55:50.677, 299.50, 100, 74232, 69
2026/07/30 03:55:51.715, 301.26, 100, 74232, 69
2026/07/30 03:55:52.751, 300.56, 100, 74232, 69
2026/07/30 03:55:53.790, 294.50, 100, 74232, 69
2026/07/30 03:55:54.826, 296.98, 100, 74232, 69
2026/07/30 03:55:55.866, 303.49, 100, 74232, 69
2026/07/30 03:55:56.903, 302.21, 100, 74232, 69
2026/07/30 03:55:57.940, 301.24, 100, 74232, 69
2026/07/30 03:55:58.979, 298.42, 100, 74232, 69
2026/07/30 03:56:00.016, 301.15, 100, 74232, 69
2026/07/30 03:56:01.054, 301.14, 100, 74232, 69
2026/07/30 03:56:02.092, 298.90, 100, 74232, 69
2026/07/30 03:56:03.128, 302.42, 100, 74232, 69
2026/07/30 03:56:04.164, 301.24, 100, 74232, 69
2026/07/30 03:56:05.202, 298.82, 91, 74232, 71
2026/07/30 03:56:06.235, 310.40, 100, 74232, 71
2026/07/30 03:56:07.270, 307.14, 100, 74232, 71
2026/07/30 03:56:08.305, 301.42, 100, 74232, 71
2026/07/30 03:56:09.343, 299.97, 100, 74232, 69
2026/07/30 03:56:10.381, 302.31, 100, 74232, 69
2026/07/30 03:56:11.421, 295.88, 100, 74232, 69
2026/07/30 03:56:12.461, 292.68, 100, 74232, 69
2026/07/30 03:56:13.496, 297.95, 100, 74232, 69
2026/07/30 03:56:14.537, 294.62, 100, 74232, 69
2026/07/30 03:56:15.575, 93.85, 0, 74232, 71
2026/07/30 03:56:16.654, 300.17, 100, 74232, 71
2026/07/30 03:56:17.687, 296.41, 100, 74232, 71
2026/07/30 03:56:18.721, 306.55, 100, 74232, 71
2026/07/30 03:56:19.756, 299.69, 100, 74232, 69
2026/07/30 03:56:20.793, 301.37, 100, 74232, 69
2026/07/30 03:56:21.831, 301.43, 100, 74232, 69
2026/07/30 03:56:22.869, 299.00, 100, 74232, 69
2026/07/30 03:56:23.905, 297.45, 100, 74232, 69
2026/07/30 03:56:24.941, 93.96, 0, 74232, 65
2026/07/30 03:56:25.975, 301.62, 100, 74232, 70
2026/07/30 03:56:27.009, 302.48, 100, 74232, 70
2026/07/30 03:56:28.043, 289.24, 100, 74232, 70
2026/07/30 03:56:29.079, 294.91, 100, 74232, 70
2026/07/30 03:56:30.118, 293.94, 100, 74232, 69
2026/07/30 03:56:31.155, 294.24, 100, 74232, 69
2026/07/30 03:56:32.192, 299.89, 100, 74232, 69
2026/07/30 03:56:33.230, 298.99, 100, 74232, 69
2026/07/30 03:56:34.268, 298.43, 100, 74232, 69
2026/07/30 03:56:35.305, 297.34, 100, 74232, 69
2026/07/30 03:56:36.343, 296.96, 100, 74232, 69
2026/07/30 03:56:37.384, 301.63, 100, 74232, 69
2026/07/30 03:56:38.421, 300.86, 100, 74232, 69
2026/07/30 03:56:39.457, 297.93, 100, 74232, 69
2026/07/30 03:56:40.494, 298.81, 100, 74232, 69
2026/07/30 03:56:41.532, 302.21, 100, 74232, 69
2026/07/30 03:56:42.568, 301.21, 100, 74232, 69
2026/07/30 03:56:43.605, 298.91, 100, 74232, 69
2026/07/30 03:56:44.642, 302.41, 100, 74232, 69
2026/07/30 03:56:45.679, 302.31, 100, 74232, 69
2026/07/30 03:56:46.715, 295.78, 100, 74232, 68
2026/07/30 03:56:47.748, 295.02, 100, 74232, 71
2026/07/30 03:56:48.783, 291.70, 100, 74232, 71
2026/07/30 03:56:49.817, 311.85, 100, 74232, 71
2026/07/30 03:56:50.856, 283.61, 100, 74232, 70
2026/07/30 03:56:51.890, 301.15, 100, 74232, 69
2026/07/30 03:56:52.927, 300.77, 100, 74232, 69
2026/07/30 03:56:53.966, 297.70, 100, 74232, 69
2026/07/30 03:56:55.005, 294.92, 100, 74232, 69
2026/07/30 03:56:56.043, 293.15, 100, 74232, 69
2026/07/30 03:56:57.081, 296.96, 100, 74232, 69
2026/07/30 03:56:58.121, 294.52, 100, 74232, 69
2026/07/30 03:56:59.158, 292.65, 100, 74232, 69
2026/07/30 03:57:00.195, 107.89, 100, 74232, 67
2026/07/30 03:57:01.229, 293.54, 100, 74232, 71
2026/07/30 03:57:02.265, 302.67, 100, 74232, 71
2026/07/30 03:57:03.300, 298.68, 100, 74232, 71
2026/07/30 03:57:04.337, 307.61, 100, 74232, 71
2026/07/30 03:57:05.377, 302.79, 100, 74232, 69
2026/07/30 03:57:06.416, 301.06, 100, 74232, 69
2026/07/30 03:57:07.454, 300.27, 100, 74232, 69
2026/07/30 03:57:08.493, 302.71, 100, 74232, 69
2026/07/30 03:57:09.531, 300.72, 100, 74232, 69
2026/07/30 03:57:10.571, 292.09, 100, 74232, 69
2026/07/30 03:57:11.609, 96.37, 0, 74232, 66
2026/07/30 03:57:12.643, 304.34, 100, 74232, 71
2026/07/30 03:57:13.678, 283.48, 100, 74232, 71
2026/07/30 03:57:14.715, 310.09, 100, 74232, 71
2026/07/30 03:57:15.750, 297.94, 100, 74232, 71
2026/07/30 03:57:16.787, 300.86, 100, 74232, 69
2026/07/30 03:57:17.829, 301.25, 100, 74232, 69
2026/07/30 03:57:18.866, 302.33, 100, 74232, 69
2026/07/30 03:57:19.903, 300.27, 100, 74232, 69
2026/07/30 03:57:20.941, 298.43, 100, 74232, 69
2026/07/30 03:57:21.978, 296.25, 100, 74232, 69
2026/07/30 03:57:23.018, 94.25, 5, 74232, 66
2026/07/30 03:57:24.052, 297.18, 100, 74232, 71
2026/07/30 03:57:25.089, 301.11, 100, 74232, 71
2026/07/30 03:57:26.124, 296.70, 100, 74232, 71
2026/07/30 03:57:27.158, 258.65, 100, 74232, 69
2026/07/30 03:57:28.194, 294.92, 100, 74232, 69
2026/07/30 03:57:29.232, 298.44, 100, 74232, 69
2026/07/30 03:57:30.271, 302.71, 100, 74232, 69
2026/07/30 03:57:31.308, 299.09, 100, 74232, 69
2026/07/30 03:57:32.344, 297.64, 100, 74232, 69
2026/07/30 03:57:33.381, 302.03, 100, 74232, 69
2026/07/30 03:57:34.417, 301.45, 100, 74232, 70
2026/07/30 03:57:35.454, 301.97, 100, 74232, 70
2026/07/30 03:57:36.492, 301.06, 100, 74232, 70
2026/07/30 03:57:37.530, 298.70, 100, 74232, 70
2026/07/30 03:57:38.566, 302.90, 100, 74232, 70
2026/07/30 03:57:39.604, 303.86, 100, 74232, 70
2026/07/30 03:57:40.640, 303.19, 100, 74232, 70
2026/07/30 03:57:41.680, 94.64, 0, 74232, 66
2026/07/30 03:57:42.711, 287.80, 100, 74232, 71
2026/07/30 03:57:43.744, 284.35, 100, 74232, 71
2026/07/30 03:57:44.779, 277.30, 100, 74232, 71
2026/07/30 03:57:45.825, 308.30, 100, 74232, 71
2026/07/30 03:57:46.861, 299.96, 100, 74232, 69
2026/07/30 03:57:47.898, 296.67, 100, 74232, 69
2026/07/30 03:57:48.937, 301.82, 100, 74232, 69
2026/07/30 03:57:49.975, 298.71, 100, 74232, 69
2026/07/30 03:57:51.013, 295.01, 100, 74232, 69
2026/07/30 03:57:52.050, 294.41, 100, 74232, 69
2026/07/30 03:57:53.089, 291.39, 100, 74232, 70
2026/07/30 03:57:54.127, 294.73, 100, 74232, 70
2026/07/30 03:57:55.168, 293.44, 100, 74232, 70
2026/07/30 03:57:56.206, 296.28, 100, 74232, 70
2026/07/30 03:57:57.244, 298.14, 100, 74232, 70
2026/07/30 03:57:58.282, 301.84, 100, 74232, 70
2026/07/30 03:57:59.320, 302.79, 100, 74232, 70
2026/07/30 03:58:00.365, 302.49, 100, 74232, 70
2026/07/30 03:58:01.407, 295.78, 100, 74232, 70
2026/07/30 03:58:02.445, 294.52, 100, 74232, 70
2026/07/30 03:58:03.483, 302.43, 100, 74232, 70
2026/07/30 03:58:04.521, 294.71, 100, 74232, 70
2026/07/30 03:58:05.559, 294.84, 100, 74232, 70
2026/07/30 03:58:06.597, 300.86, 100, 74232, 70
2026/07/30 03:58:07.634, 299.30, 100, 74232, 70
2026/07/30 03:58:08.671, 302.32, 100, 74232, 70
2026/07/30 03:58:09.708, 299.09, 100, 74232, 70
2026/07/30 03:58:10.747, 296.66, 100, 74232, 70
2026/07/30 03:58:11.784, 296.18, 100, 74232, 70
2026/07/30 03:58:12.822, 295.42, 100, 74232, 70
2026/07/30 03:58:13.860, 298.32, 100, 74232, 70
2026/07/30 03:58:14.898, 293.26, 100, 74232, 70
2026/07/30 03:58:15.937, 296.26, 100, 74232, 70
2026/07/30 03:58:16.975, 293.35, 100, 74232, 69
2026/07/30 03:58:18.016, 302.34, 100, 74232, 70
2026/07/30 03:58:19.054, 289.95, 100, 74232, 69
2026/07/30 03:58:20.093, 297.54, 100, 74232, 69
2026/07/30 03:58:21.132, 296.18, 100, 74232, 69
2026/07/30 03:58:22.171, 303.67, 100, 74232, 70
2026/07/30 03:58:23.210, 302.31, 100, 74232, 70
2026/07/30 03:58:24.248, 299.86, 100, 74232, 70
2026/07/30 03:58:25.286, 302.60, 100, 74232, 69
2026/07/30 03:58:26.325, 289.24, 100, 74232, 69
2026/07/30 03:58:27.361, 295.80, 100, 74232, 70
2026/07/30 03:58:28.400, 296.17, 100, 74232, 69
2026/07/30 03:58:29.437, 303.20, 100, 74232, 70
2026/07/30 03:58:30.473, 297.15, 100, 74232, 69
2026/07/30 03:58:31.508, 292.75, 100, 74232, 69
2026/07/30 03:58:32.546, 294.33, 100, 74232, 69
2026/07/30 03:58:33.584, 291.02, 100, 74232, 69
2026/07/30 03:58:34.621, 295.78, 100, 74232, 69
2026/07/30 03:58:35.658, 299.86, 100, 74232, 69
2026/07/30 03:58:36.695, 302.42, 100, 74232, 69
2026/07/30 03:58:37.732, 299.80, 100, 74232, 69
2026/07/30 03:58:38.770, 301.92, 100, 74232, 69
2026/07/30 03:58:39.809, 300.27, 100, 74232, 69
2026/07/30 03:58:40.846, 303.40, 100, 74232, 69
2026/07/30 03:58:41.882, 301.72, 100, 74232, 69
2026/07/30 03:58:42.918, 302.42, 100, 74232, 69
2026/07/30 03:58:43.955, 301.93, 100, 74232, 69
2026/07/30 03:58:44.993, 305.57, 100, 74232, 69
2026/07/30 03:58:46.031, 301.30, 100, 74232, 69
2026/07/30 03:58:47.069, 303.10, 100, 74232, 69
2026/07/30 03:58:48.105, 301.22, 100, 74232, 69
2026/07/30 03:58:49.141, 302.82, 100, 74232, 69
2026/07/30 03:58:50.178, 301.14, 100, 74232, 69
2026/07/30 03:58:51.215, 298.91, 100, 74232, 69
2026/07/30 03:58:52.250, 294.33, 100, 74232, 69
2026/07/30 03:58:53.287, 296.68, 100, 74232, 69
2026/07/30 03:58:54.325, 301.82, 100, 74232, 69
2026/07/30 03:58:55.362, 300.53, 100, 74232, 69
2026/07/30 03:58:56.400, 295.22, 100, 74232, 69
2026/07/30 03:58:57.439, 294.22, 100, 74232, 69
2026/07/30 03:58:58.480, 307.10, 100, 74232, 69
2026/07/30 03:58:59.519, 296.47, 100, 74232, 69
2026/07/30 03:59:00.558, 295.69, 100, 74232, 69
2026/07/30 03:59:01.604, 301.74, 100, 74232, 69
2026/07/30 03:59:02.643, 302.52, 100, 74232, 69
2026/07/30 03:59:03.680, 300.73, 100, 74232, 69
2026/07/30 03:59:04.720, 297.06, 100, 74232, 69
2026/07/30 03:59:05.757, 301.44, 100, 74232, 69
2026/07/30 03:59:06.795, 297.72, 100, 74232, 69
2026/07/30 03:59:07.832, 302.31, 100, 74232, 69
2026/07/30 03:59:08.870, 294.16, 100, 74232, 69
2026/07/30 03:59:09.907, 294.14, 100, 74232, 69
2026/07/30 03:59:10.945, 292.37, 100, 74232, 69
2026/07/30 03:59:11.983, 299.89, 100, 74232, 69
2026/07/30 03:59:13.022, 298.04, 100, 74232, 69
2026/07/30 03:59:14.064, 301.69, 100, 74232, 69
2026/07/30 03:59:15.101, 299.49, 100, 74232, 69
2026/07/30 03:59:16.138, 305.04, 100, 74232, 69
2026/07/30 03:59:17.175, 296.58, 100, 74232, 69
2026/07/30 03:59:18.211, 301.44, 100, 74232, 69
2026/07/30 03:59:19.248, 302.19, 100, 74232, 69
2026/07/30 03:59:20.285, 300.74, 100, 74232, 69
2026/07/30 03:59:21.329, 297.93, 100, 74232, 69
2026/07/30 03:59:22.367, 300.85, 100, 74232, 69
2026/07/30 03:59:23.404, 304.98, 100, 74232, 69
2026/07/30 03:59:24.442, 295.67, 100, 74232, 69
2026/07/30 03:59:25.478, 302.71, 100, 74232, 69
2026/07/30 03:59:26.516, 301.62, 100, 74232, 69
2026/07/30 03:59:27.554, 291.40, 100, 74232, 69
2026/07/30 03:59:28.596, 301.23, 100, 74232, 69
2026/07/30 03:59:29.633, 302.21, 100, 74232, 69
2026/07/30 03:59:30.671, 301.35, 100, 74232, 69
2026/07/30 03:59:31.710, 298.41, 100, 74232, 69
2026/07/30 03:59:32.748, 299.60, 100, 74232, 69
2026/07/30 03:59:33.788, 302.52, 100, 74232, 69
2026/07/30 03:59:34.827, 297.55, 100, 74232, 69
2026/07/30 03:59:35.865, 297.25, 100, 74232, 69
2026/07/30 03:59:36.903, 299.38, 100, 74232, 69
2026/07/30 03:59:37.940, 296.36, 100, 74232, 69
2026/07/30 03:59:38.982, 290.05, 100, 74232, 69
2026/07/30 03:59:40.020, 294.89, 100, 74232, 69
2026/07/30 03:59:41.057, 302.12, 100, 74232, 69
2026/07/30 03:59:42.096, 293.06, 100, 74232, 69
2026/07/30 03:59:43.133, 297.44, 100, 74232, 69
2026/07/30 03:59:44.172, 297.64, 100, 74232, 69
2026/07/30 03:59:45.210, 292.57, 100, 74232, 69
2026/07/30 03:59:46.246, 292.57, 100, 74232, 69
2026/07/30 03:59:47.285, 296.37, 100, 74232, 69
2026/07/30 03:59:48.323, 290.92, 100, 74232, 69
2026/07/30 03:59:49.368, 295.70, 100, 74232, 69
2026/07/30 03:59:50.407, 299.09, 100, 74232, 69
2026/07/30 03:59:51.445, 297.54, 100, 74232, 69
2026/07/30 03:59:52.483, 302.71, 100, 74232, 69
2026/07/30 03:59:53.520, 298.62, 100, 74232, 69
2026/07/30 03:59:54.557, 295.88, 100, 74232, 69
2026/07/30 03:59:55.595, 299.97, 100, 74232, 69
2026/07/30 03:59:56.632, 302.38, 100, 74232, 69
2026/07/30 03:59:57.670, 300.45, 100, 74232, 69
2026/07/30 03:59:58.708, 301.83, 100, 74232, 69
2026/07/30 03:59:59.747, 300.25, 100, 74232, 69
2026/07/30 04:00:00.785, 302.20, 100, 74232, 69
2026/07/30 04:00:01.823, 297.92, 100, 74232, 69
2026/07/30 04:00:02.860, 302.31, 100, 74232, 69
2026/07/30 04:00:03.899, 300.74, 100, 74232, 69
2026/07/30 04:00:04.935, 302.41, 100, 74232, 69
2026/07/30 04:00:05.974, 298.79, 100, 74232, 69
2026/07/30 04:00:07.012, 302.12, 100, 74232, 69
2026/07/30 04:00:08.051, 301.74, 100, 74232, 69
2026/07/30 04:00:09.088, 302.33, 100, 74232, 69
2026/07/30 04:00:10.126, 298.41, 100, 74232, 69
2026/07/30 04:00:11.164, 293.16, 100, 74232, 69
2026/07/30 04:00:12.204, 295.20, 100, 74232, 69
2026/07/30 04:00:13.241, 289.35, 100, 74232, 69
2026/07/30 04:00:14.278, 302.03, 100, 74232, 69
2026/07/30 04:00:15.316, 298.29, 100, 74232, 69
2026/07/30 04:00:16.353, 301.73, 100, 74232, 69
2026/07/30 04:00:17.391, 301.44, 100, 74232, 69
2026/07/30 04:00:18.428, 304.03, 100, 74232, 70
2026/07/30 04:00:19.468, 303.40, 100, 74232, 69
2026/07/30 04:00:20.505, 301.03, 100, 74232, 69
2026/07/30 04:00:21.543, 301.34, 100, 74232, 69
2026/07/30 04:00:22.581, 298.62, 100, 74232, 70
2026/07/30 04:00:23.617, 302.71, 100, 74232, 70
2026/07/30 04:00:24.656, 303.29, 100, 74232, 70
2026/07/30 04:00:25.693, 304.17, 100, 74232, 70
2026/07/30 04:00:26.731, 302.68, 100, 74232, 70
2026/07/30 04:00:27.769, 300.38, 100, 74232, 70
2026/07/30 04:00:28.810, 302.80, 100, 74232, 70
2026/07/30 04:00:29.849, 300.62, 100, 74232, 70
2026/07/30 04:00:30.886, 300.73, 100, 74232, 70
2026/07/30 04:00:31.924, 303.76, 100, 74232, 70
2026/07/30 04:00:32.961, 301.80, 100, 74232, 70
2026/07/30 04:00:33.999, 302.68, 100, 74232, 69
2026/07/30 04:00:35.035, 299.79, 100, 74232, 69
2026/07/30 04:00:36.075, 304.35, 100, 74232, 69
2026/07/30 04:00:37.113, 299.60, 100, 74232, 69
2026/07/30 04:00:38.151, 301.43, 100, 74232, 69
2026/07/30 04:00:39.188, 302.88, 100, 74232, 69
2026/07/30 04:00:40.227, 301.25, 100, 74232, 69
2026/07/30 04:00:41.267, 302.47, 100, 74232, 69
2026/07/30 04:00:42.304, 298.43, 100, 74232, 69
2026/07/30 04:00:43.345, 302.21, 100, 74232, 69
2026/07/30 04:00:44.383, 302.33, 100, 74232, 69
2026/07/30 04:00:45.420, 300.92, 100, 74232, 69
2026/07/30 04:00:46.458, 302.03, 100, 74232, 69
2026/07/30 04:00:47.496, 299.00, 100, 74232, 69
2026/07/30 04:00:48.538, 294.34, 100, 74232, 69
2026/07/30 04:00:49.575, 291.20, 100, 74232, 69
2026/07/30 04:00:50.612, 291.59, 100, 74232, 69
2026/07/30 04:00:51.651, 301.89, 100, 74232, 69
2026/07/30 04:00:52.688, 298.90, 100, 74232, 69
2026/07/30 04:00:53.726, 300.65, 100, 74232, 69
2026/07/30 04:00:54.763, 302.31, 100, 74232, 69
2026/07/30 04:00:55.803, 300.77, 100, 74232, 69
2026/07/30 04:00:56.841, 301.64, 100, 74232, 69
2026/07/30 04:00:57.879, 297.72, 100, 74232, 69
2026/07/30 04:00:58.916, 301.34, 100, 74232, 69
2026/07/30 04:00:59.954, 302.21, 100, 74232, 69
2026/07/30 04:01:00.993, 300.56, 100, 74232, 69
2026/07/30 04:01:02.030, 294.72, 100, 74232, 69
2026/07/30 04:01:03.075, 302.50, 100, 74232, 69
2026/07/30 04:01:04.113, 300.77, 100, 74232, 69
2026/07/30 04:01:05.150, 301.83, 100, 74232, 69
2026/07/30 04:01:06.189, 300.56, 100, 74232, 69
2026/07/30 04:01:07.226, 302.02, 100, 74232, 69
2026/07/30 04:01:08.264, 293.24, 100, 74232, 69
2026/07/30 04:01:09.305, 302.63, 100, 74232, 69
2026/07/30 04:01:10.343, 306.60, 100, 74232, 69
2026/07/30 04:01:11.380, 301.51, 100, 74232, 69
2026/07/30 04:01:12.419, 298.11, 100, 74232, 69
2026/07/30 04:01:13.457, 299.47, 100, 74232, 69
2026/07/30 04:01:14.494, 302.12, 100, 74232, 69
2026/07/30 04:01:15.532, 299.28, 100, 74232, 69
2026/07/30 04:01:16.569, 301.69, 100, 74232, 69
2026/07/30 04:01:17.608, 302.47, 100, 74232, 69
2026/07/30 04:01:18.646, 295.19, 100, 74232, 69
2026/07/30 04:01:19.686, 300.96, 100, 74232, 69
2026/07/30 04:01:20.724, 299.86, 100, 74232, 69
2026/07/30 04:01:21.762, 292.86, 100, 74232, 69
2026/07/30 04:01:22.801, 294.92, 100, 74232, 69
2026/07/30 04:01:23.838, 290.42, 100, 74232, 69
2026/07/30 04:01:24.877, 294.91, 100, 74232, 69
2026/07/30 04:01:25.914, 286.94, 100, 74232, 69
2026/07/30 04:01:26.951, 291.30, 100, 74232, 69
2026/07/30 04:01:27.990, 294.22, 100, 74232, 69
2026/07/30 04:01:29.026, 289.57, 100, 74232, 69
2026/07/30 04:01:30.068, 291.88, 100, 74232, 69
2026/07/30 04:01:31.106, 294.31, 100, 74232, 69
2026/07/30 04:01:32.142, 290.22, 100, 74232, 69
2026/07/30 04:01:33.180, 292.46, 100, 74232, 69
2026/07/30 04:01:34.216, 294.61, 100, 74232, 69
2026/07/30 04:01:35.254, 290.52, 100, 74232, 69
2026/07/30 04:01:36.291, 293.24, 100, 74232, 69
2026/07/30 04:01:37.331, 297.55, 100, 74232, 69
2026/07/30 04:01:38.371, 292.56, 100, 74232, 69
2026/07/30 04:01:39.408, 303.87, 100, 74232, 69
2026/07/30 04:01:40.444, 300.14, 100, 74232, 69
2026/07/30 04:01:41.481, 291.90, 100, 74232, 69
2026/07/30 04:01:42.518, 300.84, 100, 74232, 69
2026/07/30 04:01:43.556, 302.81, 100, 74232, 69
2026/07/30 04:01:44.595, 299.09, 100, 74232, 69
2026/07/30 04:01:45.632, 300.95, 100, 74232, 69
2026/07/30 04:01:46.675, 302.81, 100, 74232, 69
2026/07/30 04:01:47.712, 296.18, 100, 74232, 69
2026/07/30 04:01:48.748, 299.60, 100, 74232, 69
2026/07/30 04:01:49.786, 302.23, 100, 74232, 69
2026/07/30 04:01:50.823, 299.48, 100, 74232, 69
2026/07/30 04:01:51.860, 301.83, 100, 74232, 69
2026/07/30 04:01:52.897, 301.82, 100, 74232, 69
2026/07/30 04:01:53.937, 298.83, 100, 74232, 69
2026/07/30 04:01:54.974, 301.60, 100, 74232, 69
2026/07/30 04:01:56.011, 301.81, 100, 74232, 69
2026/07/30 04:01:57.048, 298.71, 100, 74232, 69
2026/07/30 04:01:58.084, 302.61, 100, 74232, 69
2026/07/30 04:01:59.123, 301.73, 100, 74232, 69
2026/07/30 04:02:00.160, 302.69, 100, 74232, 69
2026/07/30 04:02:01.197, 302.12, 100, 74232, 69
2026/07/30 04:02:02.233, 296.86, 100, 74232, 69
2026/07/30 04:02:03.270, 298.71, 100, 74232, 69
2026/07/30 04:02:04.309, 298.52, 100, 74232, 69
2026/07/30 04:02:05.346, 301.83, 100, 74232, 69
2026/07/30 04:02:06.383, 298.32, 100, 74232, 69
2026/07/30 04:02:07.420, 295.20, 100, 74232, 69
2026/07/30 04:02:08.456, 295.00, 100, 74232, 69
2026/07/30 04:02:09.493, 294.12, 100, 74232, 69
2026/07/30 04:02:10.529, 300.75, 100, 74232, 69
2026/07/30 04:02:11.571, 306.67, 100, 74232, 69
2026/07/30 04:02:12.608, 295.68, 100, 74232, 69
2026/07/30 04:02:13.646, 305.53, 100, 74232, 69
2026/07/30 04:02:14.682, 297.72, 100, 74232, 69
2026/07/30 04:02:15.721, 295.00, 100, 74232, 69
2026/07/30 04:02:16.759, 302.00, 100, 74232, 69
2026/07/30 04:02:17.796, 298.52, 100, 74232, 69
2026/07/30 04:02:18.832, 301.93, 100, 74232, 69
2026/07/30 04:02:19.869, 302.37, 100, 74232, 69
2026/07/30 04:02:20.905, 300.08, 100, 74232, 69
2026/07/30 04:02:21.942, 301.73, 100, 74232, 69
2026/07/30 04:02:22.979, 302.41, 100, 74232, 69
2026/07/30 04:02:24.017, 299.37, 100, 74232, 69
2026/07/30 04:02:25.055, 301.88, 100, 74232, 69
2026/07/30 04:02:26.093, 296.57, 100, 74232, 69
2026/07/30 04:02:27.129, 292.96, 100, 74232, 69
2026/07/30 04:02:28.165, 302.12, 100, 74232, 69
2026/07/30 04:02:29.201, 296.77, 100, 74232, 69
2026/07/30 04:02:30.239, 297.64, 100, 74232, 69
2026/07/30 04:02:31.277, 301.83, 100, 74232, 69
2026/07/30 04:02:32.316, 304.36, 100, 74232, 69
2026/07/30 04:02:33.353, 297.07, 100, 74232, 69
2026/07/30 04:02:34.391, 301.32, 100, 74232, 69
2026/07/30 04:02:35.428, 303.59, 100, 74232, 69
2026/07/30 04:02:36.469, 295.69, 100, 74232, 69
2026/07/30 04:02:37.506, 301.05, 100, 74232, 69
2026/07/30 04:02:38.542, 301.80, 100, 74232, 69
2026/07/30 04:02:39.580, 298.52, 100, 74232, 69
2026/07/30 04:02:40.615, 300.65, 100, 74232, 69
2026/07/30 04:02:41.652, 295.78, 100, 74232, 69
2026/07/30 04:02:42.687, 299.88, 100, 74232, 71
2026/07/30 04:02:43.722, 285.37, 100, 74232, 71
2026/07/30 04:02:44.758, 299.41, 100, 74232, 71
2026/07/30 04:02:45.791, 284.36, 100, 74232, 71
2026/07/30 04:02:46.824, 300.36, 100, 74232, 69
2026/07/30 04:02:47.859, 301.83, 100, 74232, 69
2026/07/30 04:02:48.896, 300.75, 100, 74232, 69
2026/07/30 04:02:49.934, 297.74, 100, 74232, 69
2026/07/30 04:02:50.970, 301.51, 100, 74232, 69
2026/07/30 04:02:52.007, 300.08, 100, 74232, 69
2026/07/30 04:02:53.046, 298.61, 100, 74232, 69
2026/07/30 04:02:54.086, 301.44, 100, 74232, 69
2026/07/30 04:02:55.123, 298.60, 100, 74232, 69
2026/07/30 04:02:56.159, 302.62, 100, 74232, 69
2026/07/30 04:02:57.196, 300.75, 100, 74232, 69
2026/07/30 04:02:58.234, 296.08, 100, 74232, 69
2026/07/30 04:02:59.271, 296.58, 65, 74232, 70
2026/07/30 04:03:00.306, 293.00, 100, 74232, 71
2026/07/30 04:03:01.342, 291.33, 100, 74232, 71
2026/07/30 04:03:02.376, 301.13, 100, 74232, 71
2026/07/30 04:03:03.413, 255.41, 100, 74232, 69
2026/07/30 04:03:04.454, 294.71, 100, 74232, 69
2026/07/30 04:03:05.494, 298.14, 100, 74232, 69
2026/07/30 04:03:06.532, 309.51, 100, 74232, 69
2026/07/30 04:03:07.570, 300.74, 100, 74232, 69
2026/07/30 04:03:08.608, 307.09, 100, 74232, 69
2026/07/30 04:03:09.644, 302.20, 100, 74232, 69
2026/07/30 04:03:10.683, 299.49, 100, 74232, 69
2026/07/30 04:03:11.720, 294.61, 100, 74232, 69
2026/07/30 04:03:12.757, 292.77, 100, 74232, 69
2026/07/30 04:03:13.794, 298.10, 100, 74232, 69
2026/07/30 04:03:14.830, 296.67, 100, 74232, 69
2026/07/30 04:03:15.867, 262.22, 0, 74232, 70
2026/07/30 04:03:16.907, 293.02, 100, 74232, 71
2026/07/30 04:03:17.940, 308.92, 100, 74232, 71
2026/07/30 04:03:18.974, 304.26, 100, 74232, 71
2026/07/30 04:03:20.011, 310.01, 100, 74232, 71
2026/07/30 04:03:21.049, 300.07, 100, 74232, 69
2026/07/30 04:03:22.086, 301.81, 100, 74232, 69
2026/07/30 04:03:23.121, 298.41, 100, 74232, 69
2026/07/30 04:03:24.157, 302.53, 100, 74232, 69
2026/07/30 04:03:25.194, 296.00, 100, 74232, 69
2026/07/30 04:03:26.231, 302.72, 100, 74232, 69
2026/07/30 04:03:27.267, 301.93, 100, 74232, 69
2026/07/30 04:03:28.304, 304.46, 100, 74232, 70
2026/07/30 04:03:29.341, 296.27, 100, 74232, 69
2026/07/30 04:03:30.376, 296.77, 100, 74232, 69
2026/07/30 04:03:31.413, 306.01, 100, 74232, 69
2026/07/30 04:03:32.451, 301.34, 100, 74232, 70
2026/07/30 04:03:33.490, 303.85, 100, 74232, 70
2026/07/30 04:03:34.528, 302.52, 100, 74232, 70
2026/07/30 04:03:35.565, 299.87, 100, 74232, 70
2026/07/30 04:03:36.601, 301.82, 100, 74232, 70
2026/07/30 04:03:37.639, 297.44, 100, 74232, 69
2026/07/30 04:03:38.677, 296.37, 100, 74232, 70
2026/07/30 04:03:39.716, 295.29, 100, 74232, 70
2026/07/30 04:03:40.754, 295.98, 100, 74232, 70
2026/07/30 04:03:41.795, 297.15, 100, 74232, 70
2026/07/30 04:03:42.833, 295.02, 100, 74232, 69
2026/07/30 04:03:43.871, 299.72, 49, 74232, 71
2026/07/30 04:03:44.910, 299.38, 100, 74232, 71
2026/07/30 04:03:45.945, 306.34, 100, 74232, 71
2026/07/30 04:03:46.979, 303.82, 100, 74232, 71
2026/07/30 04:03:48.014, 305.91, 100, 74232, 71
2026/07/30 04:03:49.057, 299.30, 100, 74232, 69
2026/07/30 04:03:50.097, 301.53, 100, 74232, 69
2026/07/30 04:03:51.134, 299.02, 100, 74232, 69
2026/07/30 04:03:52.174, 303.38, 100, 74232, 69
2026/07/30 04:03:53.211, 299.27, 100, 74232, 69
2026/07/30 04:03:54.250, 302.22, 100, 74232, 70
2026/07/30 04:03:55.288, 302.12, 100, 74232, 70
2026/07/30 04:03:56.326, 302.71, 100, 74232, 70
2026/07/30 04:03:57.364, 300.63, 100, 74232, 70
2026/07/30 04:03:58.401, 303.59, 100, 74232, 70
2026/07/30 04:03:59.439, 294.51, 100, 74232, 70
2026/07/30 04:04:00.476, 303.12, 100, 74232, 70
2026/07/30 04:04:01.518, 302.12, 100, 74232, 70
2026/07/30 04:04:02.555, 295.61, 100, 74232, 70
2026/07/30 04:04:03.592, 292.98, 100, 74232, 70
2026/07/30 04:04:04.629, 296.47, 100, 74232, 70
2026/07/30 04:04:05.667, 289.38, 100, 74232, 69
2026/07/30 04:04:06.706, 291.79, 100, 74232, 69
2026/07/30 04:04:07.743, 293.36, 100, 74232, 69
2026/07/30 04:04:08.781, 295.30, 100, 74232, 69
2026/07/30 04:04:09.821, 290.71, 100, 74232, 69
2026/07/30 04:04:10.857, 298.98, 100, 74232, 70
2026/07/30 04:04:11.892, 291.59, 100, 74232, 71
2026/07/30 04:04:12.930, 302.98, 100, 74232, 71
2026/07/30 04:04:13.964, 292.92, 100, 74232, 71
2026/07/30 04:04:14.999, 309.40, 100, 74232, 71
2026/07/30 04:04:16.035, 301.42, 100, 74232, 69
2026/07/30 04:04:17.072, 301.64, 100, 74232, 69
2026/07/30 04:04:18.109, 299.89, 100, 74232, 69
2026/07/30 04:04:19.147, 302.52, 100, 74232, 69
2026/07/30 04:04:20.185, 299.49, 100, 74232, 69
2026/07/30 04:04:21.222, 303.05, 100, 74232, 69
2026/07/30 04:04:22.261, 299.88, 100, 74232, 69
2026/07/30 04:04:23.300, 301.15, 100, 74232, 69
2026/07/30 04:04:24.338, 300.25, 100, 74232, 70
2026/07/30 04:04:25.377, 302.12, 100, 74232, 70
2026/07/30 04:04:26.414, 295.59, 100, 74232, 69
2026/07/30 04:04:27.453, 94.45, 0, 74232, 68
2026/07/30 04:04:28.488, 290.23, 100, 74232, 71
2026/07/30 04:04:29.524, 292.91, 100, 74232, 71
2026/07/30 04:04:30.560, 319.61, 100, 74232, 71
2026/07/30 04:04:31.597, 308.52, 100, 74232, 71
2026/07/30 04:04:32.632, 303.20, 100, 74232, 71
2026/07/30 04:04:33.669, 302.03, 100, 74232, 69
2026/07/30 04:04:34.707, 296.77, 100, 74232, 69
2026/07/30 04:04:35.745, 297.43, 100, 74232, 69
2026/07/30 04:04:36.791, 298.42, 100, 74232, 70
2026/07/30 04:04:37.829, 289.16, 100, 74232, 70
2026/07/30 04:04:38.867, 295.96, 100, 74232, 70
2026/07/30 04:04:39.909, 294.42, 100, 74232, 70
2026/07/30 04:04:40.947, 295.02, 100, 74232, 70
2026/07/30 04:04:41.986, 299.48, 100, 74232, 70
2026/07/30 04:04:43.024, 303.58, 100, 74232, 70
2026/07/30 04:04:44.063, 302.90, 100, 74232, 70
2026/07/30 04:04:45.104, 301.25, 100, 74232, 70
2026/07/30 04:04:46.142, 308.02, 100, 74232, 70
2026/07/30 04:04:47.181, 294.03, 100, 74232, 70
2026/07/30 04:04:48.220, 296.87, 100, 74232, 70
2026/07/30 04:04:49.257, 295.40, 100, 74232, 70
2026/07/30 04:04:50.295, 298.90, 100, 74232, 70
2026/07/30 04:04:51.331, 297.65, 100, 74232, 70
2026/07/30 04:04:52.369, 302.12, 100, 74232, 70
2026/07/30 04:04:53.406, 298.99, 100, 74232, 70
2026/07/30 04:04:54.445, 301.04, 100, 74232, 70
2026/07/30 04:04:55.481, 303.86, 100, 74232, 70
2026/07/30 04:04:56.521, 301.14, 100, 74232, 70
2026/07/30 04:04:57.556, 297.35, 100, 74232, 70
2026/07/30 04:04:58.594, 293.23, 100, 74232, 70
2026/07/30 04:04:59.634, 295.51, 100, 74232, 70
2026/07/30 04:05:00.671, 308.06, 100, 74232, 70
2026/07/30 04:05:01.707, 298.71, 100, 74232, 70
2026/07/30 04:05:02.744, 298.71, 100, 74232, 70
2026/07/30 04:05:03.780, 296.76, 100, 74232, 70
2026/07/30 04:05:04.820, 297.15, 100, 74232, 70
2026/07/30 04:05:05.857, 301.45, 100, 74232, 70
2026/07/30 04:05:06.899, 303.90, 100, 74232, 70
2026/07/30 04:05:07.937, 293.25, 100, 74232, 70
2026/07/30 04:05:08.975, 302.40, 100, 74232, 70
2026/07/30 04:05:10.013, 292.65, 100, 74232, 70
2026/07/30 04:05:11.052, 302.30, 100, 74232, 70
2026/07/30 04:05:12.096, 303.01, 100, 74232, 70
2026/07/30 04:05:13.134, 302.90, 100, 74232, 70
2026/07/30 04:05:14.172, 295.02, 100, 74232, 70
2026/07/30 04:05:15.212, 291.48, 100, 74232, 70
2026/07/30 04:05:16.250, 295.40, 100, 74232, 70
2026/07/30 04:05:17.288, 296.07, 100, 74232, 70
2026/07/30 04:05:18.326, 293.93, 100, 74232, 70
2026/07/30 04:05:19.362, 296.08, 100, 74232, 70
2026/07/30 04:05:20.399, 295.80, 100, 74232, 70
2026/07/30 04:05:21.435, 293.65, 100, 74232, 70
2026/07/30 04:05:22.473, 296.76, 100, 74232, 70
2026/07/30 04:05:23.509, 298.61, 100, 74232, 70
2026/07/30 04:05:24.547, 294.30, 100, 74232, 70
2026/07/30 04:05:25.584, 297.06, 100, 74232, 70
2026/07/30 04:05:26.622, 299.68, 100, 74232, 70
2026/07/30 04:05:27.662, 302.99, 100, 74232, 70
2026/07/30 04:05:28.699, 298.52, 100, 74232, 70
2026/07/30 04:05:29.736, 300.36, 100, 74232, 70
2026/07/30 04:05:30.774, 303.48, 100, 74232, 70
2026/07/30 04:05:31.811, 300.85, 100, 74232, 70
2026/07/30 04:05:32.849, 302.99, 100, 74232, 70
2026/07/30 04:05:33.886, 304.16, 100, 74232, 70
2026/07/30 04:05:34.923, 302.12, 100, 74232, 70
2026/07/30 04:05:35.961, 307.16, 100, 74232, 70
2026/07/30 04:05:36.999, 301.15, 100, 74232, 70
2026/07/30 04:05:38.036, 303.30, 100, 74232, 70
2026/07/30 04:05:39.074, 300.56, 100, 74232, 70
2026/07/30 04:05:40.110, 302.90, 100, 74232, 70
2026/07/30 04:05:41.145, 298.99, 100, 74232, 70
2026/07/30 04:05:42.183, 299.97, 100, 74232, 69
2026/07/30 04:05:43.223, 297.54, 100, 74232, 69
2026/07/30 04:05:44.261, 302.02, 100, 74232, 70
2026/07/30 04:05:45.298, 303.19, 100, 74232, 70
2026/07/30 04:05:46.336, 304.93, 100, 74232, 70
2026/07/30 04:05:47.372, 302.22, 100, 74232, 70
2026/07/30 04:05:48.408, 299.11, 100, 74232, 70
2026/07/30 04:05:49.449, 295.98, 100, 74232, 69
2026/07/30 04:05:50.487, 299.10, 100, 74232, 70
2026/07/30 04:05:51.523, 297.24, 100, 74232, 70
2026/07/30 04:05:52.561, 302.61, 100, 74232, 70
2026/07/30 04:05:53.598, 300.56, 100, 74232, 70
2026/07/30 04:05:54.641, 302.02, 100, 74232, 70
2026/07/30 04:05:55.678, 303.11, 100, 74232, 69
2026/07/30 04:05:56.714, 301.64, 100, 74232, 69
2026/07/30 04:05:57.752, 297.52, 100, 74232, 69
2026/07/30 04:05:58.788, 291.40, 100, 74232, 69
2026/07/30 04:05:59.828, 302.19, 100, 74232, 69
2026/07/30 04:06:00.864, 302.61, 100, 74232, 69
2026/07/30 04:06:01.900, 299.78, 100, 74232, 69
2026/07/30 04:06:02.936, 301.92, 100, 74232, 69
2026/07/30 04:06:03.974, 302.52, 100, 74232, 69
2026/07/30 04:06:05.011, 301.05, 100, 74232, 69
2026/07/30 04:06:06.048, 302.90, 100, 74232, 69
2026/07/30 04:06:07.085, 300.37, 100, 74232, 69
2026/07/30 04:06:08.123, 295.88, 100, 74232, 69
2026/07/30 04:06:09.160, 304.54, 100, 74232, 69
2026/07/30 04:06:10.200, 300.96, 100, 74232, 69
2026/07/30 04:06:11.237, 295.11, 100, 74232, 69
2026/07/30 04:06:12.274, 292.67, 100, 74232, 69
2026/07/30 04:06:13.311, 295.99, 100, 74232, 69
2026/07/30 04:06:14.349, 295.11, 100, 74232, 69
2026/07/30 04:06:15.385, 292.77, 100, 74232, 69
2026/07/30 04:06:16.429, 294.50, 100, 74232, 69
2026/07/30 04:06:17.467, 297.24, 100, 74232, 69
2026/07/30 04:06:18.504, 294.61, 100, 74232, 69
2026/07/30 04:06:19.544, 294.72, 100, 74232, 69
2026/07/30 04:06:20.581, 299.49, 100, 74232, 69
2026/07/30 04:06:21.620, 305.23, 100, 74232, 69
2026/07/30 04:06:22.658, 294.62, 100, 74232, 69
2026/07/30 04:06:23.695, 299.97, 100, 74232, 69
2026/07/30 04:06:24.735, 290.90, 100, 74232, 69
2026/07/30 04:06:25.771, 294.41, 100, 74232, 69
2026/07/30 04:06:26.815, 299.49, 100, 74232, 69
2026/07/30 04:06:27.854, 294.45, 100, 74232, 69
2026/07/30 04:06:28.890, 294.92, 100, 74232, 69
2026/07/30 04:06:29.928, 299.40, 100, 74232, 69
2026/07/30 04:06:30.966, 306.34, 100, 74232, 69
2026/07/30 04:06:32.003, 302.23, 100, 74232, 69
2026/07/30 04:06:33.040, 299.99, 100, 74232, 69
2026/07/30 04:06:34.079, 297.65, 100, 74232, 69
2026/07/30 04:06:35.116, 290.52, 100, 74232, 69
2026/07/30 04:06:36.157, 295.60, 100, 74232, 69
2026/07/30 04:06:37.197, 303.01, 100, 74232, 69
2026/07/30 04:06:38.233, 301.23, 100, 74232, 69
2026/07/30 04:06:39.270, 302.69, 100, 74232, 69
2026/07/30 04:06:40.306, 303.56, 100, 74232, 69
2026/07/30 04:06:41.343, 301.34, 100, 74232, 69
2026/07/30 04:06:42.380, 302.31, 100, 74232, 69
2026/07/30 04:06:43.418, 301.04, 100, 74232, 69
2026/07/30 04:06:44.456, 302.80, 100, 74232, 69
2026/07/30 04:06:45.494, 303.00, 100, 74232, 69
2026/07/30 04:06:46.532, 296.47, 100, 74232, 69
2026/07/30 04:06:47.570, 298.22, 100, 74232, 69
2026/07/30 04:06:48.607, 297.73, 100, 74232, 69
2026/07/30 04:06:49.648, 301.53, 100, 74232, 69
2026/07/30 04:06:50.684, 296.47, 100, 74232, 69
2026/07/30 04:06:51.722, 296.37, 100, 74232, 69
2026/07/30 04:06:52.759, 296.37, 100, 74232, 69
2026/07/30 04:06:53.797, 292.36, 100, 74232, 69
2026/07/30 04:06:54.834, 287.11, 100, 74232, 69
2026/07/30 04:06:55.871, 295.60, 100, 74232, 69
2026/07/30 04:06:56.908, 291.59, 100, 74232, 69
2026/07/30 04:06:57.945, 292.00, 100, 74232, 69
2026/07/30 04:06:58.983, 295.11, 100, 74232, 69
2026/07/30 04:07:00.019, 292.77, 100, 74232, 69
2026/07/30 04:07:01.057, 298.52, 100, 74232, 69
2026/07/30 04:07:02.099, 302.41, 100, 74232, 69
2026/07/30 04:07:03.136, 303.88, 100, 74232, 69
2026/07/30 04:07:04.173, 294.63, 100, 74232, 69
2026/07/30 04:07:05.210, 302.02, 100, 74232, 69
2026/07/30 04:07:06.246, 296.46, 100, 74232, 69
2026/07/30 04:07:07.284, 303.49, 100, 74232, 69
2026/07/30 04:07:08.321, 304.71, 100, 74232, 69
2026/07/30 04:07:09.358, 302.80, 100, 74232, 69
2026/07/30 04:07:10.396, 301.92, 100, 74232, 69
2026/07/30 04:07:11.435, 301.05, 100, 74232, 69
2026/07/30 04:07:12.472, 300.36, 100, 74232, 69
2026/07/30 04:07:13.510, 300.06, 100, 74232, 69
2026/07/30 04:07:14.548, 294.52, 100, 74232, 69
2026/07/30 04:07:15.587, 298.91, 100, 74232, 69
2026/07/30 04:07:16.625, 293.14, 100, 74232, 69
2026/07/30 04:07:17.662, 294.71, 100, 74232, 69
2026/07/30 04:07:18.700, 300.86, 100, 74232, 69
2026/07/30 04:07:19.738, 294.13, 100, 74232, 69
2026/07/30 04:07:20.776, 300.86, 100, 74232, 69
2026/07/30 04:07:21.813, 295.40, 100, 74232, 69
2026/07/30 04:07:22.854, 290.73, 100, 74232, 69
2026/07/30 04:07:23.891, 291.11, 100, 74232, 69
2026/07/30 04:07:24.929, 302.02, 100, 74232, 69
2026/07/30 04:07:25.968, 303.17, 100, 74232, 69
2026/07/30 04:07:27.003, 295.69, 100, 74232, 69
2026/07/30 04:07:28.040, 293.54, 100, 74232, 69
2026/07/30 04:07:29.079, 296.28, 100, 74232, 69
2026/07/30 04:07:30.119, 299.38, 100, 74232, 69
2026/07/30 04:07:31.156, 294.52, 100, 74232, 69
2026/07/30 04:07:32.193, 302.61, 100, 74232, 69
2026/07/30 04:07:33.232, 297.64, 100, 74232, 69
2026/07/30 04:07:34.268, 299.57, 100, 74232, 69
2026/07/30 04:07:35.304, 302.03, 100, 74232, 69
2026/07/30 04:07:36.341, 305.24, 100, 74232, 69
2026/07/30 04:07:37.379, 294.33, 100, 74232, 69
2026/07/30 04:07:38.417, 294.33, 100, 74232, 69
2026/07/30 04:07:39.456, 303.00, 100, 74232, 69
2026/07/30 04:07:40.493, 303.19, 100, 74232, 69
2026/07/30 04:07:41.534, 301.31, 100, 74232, 69
2026/07/30 04:07:42.570, 302.89, 100, 74232, 69
2026/07/30 04:07:43.606, 299.30, 100, 74232, 69
2026/07/30 04:07:44.643, 301.25, 100, 74232, 69
2026/07/30 04:07:45.680, 302.71, 100, 74232, 69
2026/07/30 04:07:46.716, 298.22, 100, 74232, 69
2026/07/30 04:07:47.752, 299.57, 100, 74232, 69
2026/07/30 04:07:48.789, 302.90, 100, 74232, 69
2026/07/30 04:07:49.833, 298.31, 100, 74232, 69
2026/07/30 04:07:50.870, 289.34, 100, 74232, 69
2026/07/30 04:07:51.907, 295.70, 100, 74232, 69
2026/07/30 04:07:52.945, 292.39, 100, 74232, 69
2026/07/30 04:07:53.987, 293.84, 100, 74232, 69
2026/07/30 04:07:55.023, 295.70, 100, 74232, 69
2026/07/30 04:07:56.064, 287.23, 100, 74232, 69
2026/07/30 04:07:57.101, 294.43, 100, 74232, 69
2026/07/30 04:07:58.140, 295.11, 100, 74232, 69
2026/07/30 04:07:59.177, 297.74, 100, 74232, 69
2026/07/30 04:08:00.215, 293.74, 100, 74232, 69
2026/07/30 04:08:01.253, 301.90, 100, 74232, 69
2026/07/30 04:08:02.290, 303.30, 100, 74232, 69
2026/07/30 04:08:03.328, 299.75, 100, 74232, 69
2026/07/30 04:08:04.365, 299.00, 100, 74232, 69
2026/07/30 04:08:05.402, 301.74, 100, 74232, 69
2026/07/30 04:08:06.439, 303.30, 100, 74232, 69
2026/07/30 04:08:07.475, 302.61, 100, 74232, 69
2026/07/30 04:08:08.512, 290.91, 100, 74232, 69
2026/07/30 04:08:09.548, 301.15, 100, 74232, 69
2026/07/30 04:08:10.585, 304.57, 100, 74232, 69
2026/07/30 04:08:11.621, 306.90, 100, 74232, 69
2026/07/30 04:08:12.658, 301.44, 100, 74232, 69
2026/07/30 04:08:13.695, 301.24, 100, 74232, 69
2026/07/30 04:08:14.732, 299.30, 100, 74232, 69
2026/07/30 04:08:15.773, 296.95, 100, 74232, 69
2026/07/30 04:08:16.814, 295.99, 100, 74232, 69
2026/07/30 04:08:17.851, 294.54, 100, 74232, 69
2026/07/30 04:08:18.889, 302.63, 100, 74232, 69
2026/07/30 04:08:19.927, 293.06, 100, 74232, 69
2026/07/30 04:08:20.967, 303.20, 100, 74232, 69
2026/07/30 04:08:22.003, 301.81, 100, 74232, 69
2026/07/30 04:08:23.042, 303.49, 100, 74232, 69
2026/07/30 04:08:24.084, 302.81, 100, 74232, 69
2026/07/30 04:08:25.121, 301.83, 100, 74232, 69
2026/07/30 04:08:26.157, 302.68, 100, 74232, 69
2026/07/30 04:08:27.194, 292.56, 100, 74232, 69
2026/07/30 04:08:28.236, 298.21, 100, 74232, 69
2026/07/30 04:08:29.273, 302.38, 100, 74232, 69
2026/07/30 04:08:30.310, 303.40, 100, 74232, 69
2026/07/30 04:08:31.347, 302.48, 100, 74232, 69
2026/07/30 04:08:32.384, 304.99, 100, 74232, 69
2026/07/30 04:08:33.422, 301.04, 100, 74232, 69
2026/07/30 04:08:34.458, 301.14, 100, 74232, 69
2026/07/30 04:08:35.495, 305.52, 100, 74232, 69
2026/07/30 04:08:36.534, 292.59, 100, 74232, 69
2026/07/30 04:08:37.572, 294.62, 100, 74232, 69
2026/07/30 04:08:38.609, 293.74, 100, 74232, 69
2026/07/30 04:08:39.647, 302.41, 100, 74232, 69
2026/07/30 04:08:40.683, 302.81, 100, 74232, 69
2026/07/30 04:08:41.720, 304.57, 100, 74232, 69
2026/07/30 04:08:42.759, 298.31, 100, 74232, 69
2026/07/30 04:08:43.797, 290.63, 100, 74232, 69
2026/07/30 04:08:44.833, 295.39, 100, 74232, 69
2026/07/30 04:08:45.869, 292.07, 100, 74232, 69
2026/07/30 04:08:46.905, 294.81, 100, 74232, 69
2026/07/30 04:08:47.941, 302.60, 100, 74232, 69
2026/07/30 04:08:48.979, 303.59, 100, 74232, 69
2026/07/30 04:08:50.016, 299.70, 100, 74232, 69
2026/07/30 04:08:51.053, 299.80, 100, 74232, 69
2026/07/30 04:08:52.089, 301.34, 100, 74232, 69
2026/07/30 04:08:53.127, 302.90, 100, 74232, 69
2026/07/30 04:08:54.162, 303.09, 100, 74232, 69
2026/07/30 04:08:55.199, 299.28, 100, 74232, 69
2026/07/30 04:08:56.236, 298.71, 100, 74232, 69
2026/07/30 04:08:57.274, 302.51, 100, 74232, 69
2026/07/30 04:08:58.311, 303.11, 100, 74232, 69
2026/07/30 04:08:59.348, 293.93, 100, 74232, 69
2026/07/30 04:09:00.396, 291.78, 100, 74232, 69
2026/07/30 04:09:01.440, 296.57, 100, 74232, 69
2026/07/30 04:09:02.478, 292.38, 100, 74232, 69
2026/07/30 04:09:03.515, 297.85, 100, 74232, 69
2026/07/30 04:09:04.551, 300.74, 100, 74232, 69
2026/07/30 04:09:05.588, 303.59, 100, 74232, 69
2026/07/30 04:09:06.625, 301.80, 100, 74232, 69
2026/07/30 04:09:07.665, 296.26, 100, 74232, 69
2026/07/30 04:09:08.703, 301.92, 100, 74232, 69
2026/07/30 04:09:09.741, 298.23, 100, 74232, 69
2026/07/30 04:09:10.778, 301.73, 100, 74232, 69
2026/07/30 04:09:11.815, 301.62, 100, 74232, 69
2026/07/30 04:09:12.852, 302.78, 100, 74232, 69
2026/07/30 04:09:13.890, 303.26, 100, 74232, 69
2026/07/30 04:09:14.928, 303.56, 100, 74232, 69
2026/07/30 04:09:15.965, 299.87, 100, 74232, 69
2026/07/30 04:09:17.005, 302.13, 100, 74232, 69
2026/07/30 04:09:18.046, 302.30, 100, 74232, 69
2026/07/30 04:09:19.084, 303.68, 100, 74232, 69
2026/07/30 04:09:20.122, 300.86, 100, 74232, 69
2026/07/30 04:09:21.160, 300.16, 100, 74232, 69
2026/07/30 04:09:22.198, 295.60, 100, 74232, 69
2026/07/30 04:09:23.238, 302.81, 100, 74232, 69
2026/07/30 04:09:24.274, 298.23, 100, 74232, 69
2026/07/30 04:09:25.312, 293.04, 100, 74232, 69
2026/07/30 04:09:26.350, 302.12, 100, 74232, 69
2026/07/30 04:09:27.390, 295.19, 100, 74232, 69
2026/07/30 04:09:28.428, 299.41, 100, 74232, 71
2026/07/30 04:09:29.465, 298.58, 100, 74232, 71
2026/07/30 04:09:30.499, 308.42, 100, 74232, 71
2026/07/30 04:09:31.533, 271.22, 100, 74232, 70
2026/07/30 04:09:32.568, 302.80, 100, 74232, 71
2026/07/30 04:09:33.610, 302.42, 100, 74232, 69
2026/07/30 04:09:34.648, 297.26, 100, 74232, 69
2026/07/30 04:09:35.685, 301.90, 100, 74232, 69
2026/07/30 04:09:36.722, 299.19, 100, 74232, 69
2026/07/30 04:09:37.758, 302.21, 100, 74232, 69
2026/07/30 04:09:38.794, 302.12, 100, 74232, 69
2026/07/30 04:09:39.830, 301.04, 100, 74232, 69
2026/07/30 04:09:40.867, 302.62, 100, 74232, 69
2026/07/30 04:09:41.903, 298.48, 100, 74232, 69
2026/07/30 04:09:42.940, 302.23, 100, 74232, 69
2026/07/30 04:09:43.978, 299.51, 100, 74232, 69
2026/07/30 04:09:45.015, 301.34, 100, 74232, 69
2026/07/30 04:09:46.052, 296.07, 100, 74232, 69
2026/07/30 04:09:47.092, 294.12, 100, 74232, 69
2026/07/30 04:09:48.130, 305.01, 100, 74232, 69
2026/07/30 04:09:49.167, 298.92, 100, 74232, 69
2026/07/30 04:09:50.205, 302.71, 100, 74232, 69
2026/07/30 04:09:51.243, 296.56, 100, 74232, 69
2026/07/30 04:09:52.280, 294.13, 100, 74232, 69
2026/07/30 04:09:53.318, 306.21, 100, 74232, 69
2026/07/30 04:09:54.356, 301.93, 100, 74232, 69
2026/07/30 04:09:55.392, 296.67, 100, 74232, 69
2026/07/30 04:09:56.430, 297.16, 100, 74232, 69
2026/07/30 04:09:57.467, 295.68, 100, 74232, 69
2026/07/30 04:09:58.505, 295.30, 100, 74232, 69
2026/07/30 04:09:59.543, 300.55, 100, 74232, 69
2026/07/30 04:10:00.580, 294.04, 100, 74232, 69
2026/07/30 04:10:01.617, 295.51, 100, 74232, 69
2026/07/30 04:10:02.655, 302.70, 100, 74232, 69
2026/07/30 04:10:03.695, 300.18, 100, 74232, 69
2026/07/30 04:10:04.732, 301.12, 100, 74232, 69
2026/07/30 04:10:05.771, 297.72, 100, 74232, 69
2026/07/30 04:10:06.809, 302.52, 100, 74232, 69
2026/07/30 04:10:07.850, 302.49, 100, 74232, 69
2026/07/30 04:10:08.886, 301.93, 100, 74232, 69
2026/07/30 04:10:09.924, 297.22, 100, 74232, 69
2026/07/30 04:10:10.962, 301.54, 100, 74232, 69
2026/07/30 04:10:12.000, 302.79, 100, 74232, 69
2026/07/30 04:10:13.037, 300.53, 100, 74232, 69
2026/07/30 04:10:14.075, 302.49, 100, 74232, 69
2026/07/30 04:10:15.113, 299.11, 100, 74232, 69
2026/07/30 04:10:16.152, 300.96, 100, 74232, 69
2026/07/30 04:10:17.189, 298.22, 100, 74232, 69
2026/07/30 04:10:18.225, 299.97, 100, 74232, 69
2026/07/30 04:10:19.262, 301.91, 100, 74232, 69
2026/07/30 04:10:20.299, 299.97, 100, 74232, 69
2026/07/30 04:10:21.336, 298.89, 100, 74232, 69
2026/07/30 04:10:22.373, 297.59, 100, 74232, 69
2026/07/30 04:10:23.409, 302.12, 100, 74232, 69
2026/07/30 04:10:24.446, 297.53, 100, 74232, 69
2026/07/30 04:10:25.484, 300.37, 100, 74232, 69
2026/07/30 04:10:26.521, 301.74, 100, 74232, 69
2026/07/30 04:10:27.559, 297.92, 100, 74232, 69
2026/07/30 04:10:28.596, 300.94, 100, 74232, 69
2026/07/30 04:10:29.636, 295.89, 100, 74232, 69
2026/07/30 04:10:30.675, 294.90, 100, 74232, 69
2026/07/30 04:10:31.714, 295.20, 100, 74232, 69
2026/07/30 04:10:32.755, 287.70, 100, 74232, 69
2026/07/30 04:10:33.794, 297.92, 100, 74232, 69
2026/07/30 04:10:34.830, 302.32, 100, 74232, 69
2026/07/30 04:10:35.868, 300.75, 100, 74232, 69
2026/07/30 04:10:36.905, 302.10, 100, 74232, 69
2026/07/30 04:10:37.943, 290.13, 100, 74232, 69
2026/07/30 04:10:38.981, 295.01, 100, 74232, 69
2026/07/30 04:10:40.024, 291.38, 100, 74232, 69
2026/07/30 04:10:41.061, 299.40, 100, 74232, 69
2026/07/30 04:10:42.099, 300.66, 100, 74232, 69
2026/07/30 04:10:43.136, 298.91, 100, 74232, 69
2026/07/30 04:10:44.174, 302.61, 100, 74232, 69
2026/07/30 04:10:45.212, 302.42, 100, 74232, 69
2026/07/30 04:10:46.248, 293.73, 100, 74232, 69
2026/07/30 04:10:47.285, 303.28, 100, 74232, 69
2026/07/30 04:10:48.322, 298.03, 100, 74232, 69
2026/07/30 04:10:49.362, 295.02, 100, 74232, 69
2026/07/30 04:10:50.399, 296.08, 100, 74232, 69
2026/07/30 04:10:51.436, 298.23, 100, 74232, 69
2026/07/30 04:10:52.473, 302.32, 100, 74232, 69
2026/07/30 04:10:53.509, 298.21, 100, 74232, 69
2026/07/30 04:10:54.547, 303.98, 100, 74232, 69
2026/07/30 04:10:55.583, 298.98, 100, 74232, 69
2026/07/30 04:10:56.619, 299.78, 100, 74232, 69
2026/07/30 04:10:57.656, 300.58, 100, 74232, 69
2026/07/30 04:10:58.694, 303.66, 100, 74232, 69
2026/07/30 04:10:59.731, 301.93, 100, 74232, 69
2026/07/30 04:11:00.768, 302.60, 100, 74232, 70
2026/07/30 04:11:01.805, 303.08, 100, 74232, 70
2026/07/30 04:11:02.842, 301.73, 100, 74232, 70
2026/07/30 04:11:03.878, 303.78, 100, 74232, 70
2026/07/30 04:11:04.919, 303.58, 100, 74232, 70
2026/07/30 04:11:05.956, 301.89, 100, 74232, 70
2026/07/30 04:11:06.994, 303.00, 100, 74232, 70
2026/07/30 04:11:08.032, 306.31, 100, 74232, 70
2026/07/30 04:11:09.069, 298.70, 100, 74232, 70
2026/07/30 04:11:10.113, 302.90, 100, 74232, 70
2026/07/30 04:11:11.152, 297.05, 100, 74232, 70
2026/07/30 04:11:12.190, 302.61, 100, 74232, 70
2026/07/30 04:11:13.227, 297.75, 100, 74232, 69
2026/07/30 04:11:14.263, 296.47, 100, 74232, 69
2026/07/30 04:11:15.300, 296.95, 100, 74232, 69
2026/07/30 04:11:16.340, 293.24, 100, 74232, 69
2026/07/30 04:11:17.378, 302.96, 100, 74232, 69
2026/07/30 04:11:18.419, 302.81, 100, 74232, 69
2026/07/30 04:11:19.457, 300.58, 100, 74232, 69
2026/07/30 04:11:20.496, 305.15, 100, 74232, 69
2026/07/30 04:11:21.534, 302.02, 100, 74232, 69
2026/07/30 04:11:22.571, 301.05, 100, 74232, 69
2026/07/30 04:11:23.612, 301.23, 100, 74232, 69
2026/07/30 04:11:24.650, 302.51, 100, 74232, 69
2026/07/30 04:11:25.686, 297.06, 100, 74232, 69
2026/07/30 04:11:26.724, 301.85, 100, 74232, 69
2026/07/30 04:11:27.761, 302.90, 100, 74232, 69
2026/07/30 04:11:28.800, 301.51, 100, 74232, 69
2026/07/30 04:11:29.838, 295.98, 100, 74232, 69
2026/07/30 04:11:30.874, 295.69, 100, 74232, 69
2026/07/30 04:11:31.911, 293.93, 100, 74232, 69
2026/07/30 04:11:32.952, 295.30, 100, 74232, 69
2026/07/30 04:11:33.988, 292.58, 100, 74232, 69
2026/07/30 04:11:35.024, 297.24, 100, 74232, 69
2026/07/30 04:11:36.061, 305.93, 100, 74232, 69
2026/07/30 04:11:37.098, 300.27, 100, 74232, 69
2026/07/30 04:11:38.136, 300.19, 100, 74232, 69
2026/07/30 04:11:39.174, 302.13, 100, 74232, 69
2026/07/30 04:11:40.212, 299.28, 100, 74232, 69
2026/07/30 04:11:41.248, 300.07, 100, 74232, 69
2026/07/30 04:11:42.286, 302.11, 100, 74232, 69
2026/07/30 04:11:43.324, 299.60, 100, 74232, 69
2026/07/30 04:11:44.362, 301.15, 100, 74232, 69
2026/07/30 04:11:45.399, 298.71, 100, 74232, 69
2026/07/30 04:11:46.437, 299.40, 100, 74232, 69
2026/07/30 04:11:47.474, 300.07, 100, 74232, 69
2026/07/30 04:11:48.512, 301.53, 100, 74232, 69
2026/07/30 04:11:49.549, 303.20, 100, 74232, 69
2026/07/30 04:11:50.585, 301.54, 100, 74232, 69
2026/07/30 04:11:51.622, 302.02, 100, 74232, 69
2026/07/30 04:11:52.658, 293.74, 100, 74232, 69
2026/07/30 04:11:53.697, 301.34, 100, 74232, 69
2026/07/30 04:11:54.735, 302.00, 100, 74232, 69
2026/07/30 04:11:55.771, 290.35, 100, 74232, 69
2026/07/30 04:11:56.809, 301.34, 100, 74232, 69
2026/07/30 04:11:57.848, 301.53, 100, 74232, 69
2026/07/30 04:11:58.885, 302.50, 100, 74232, 69
2026/07/30 04:11:59.923, 301.14, 100, 74232, 69
2026/07/30 04:12:00.962, 294.15, 100, 74232, 69
2026/07/30 04:12:01.999, 295.32, 100, 74232, 69
2026/07/30 04:12:03.037, 296.37, 100, 74232, 69
2026/07/30 04:12:04.073, 297.36, 100, 74232, 69
2026/07/30 04:12:05.115, 303.19, 100, 74232, 69
2026/07/30 04:12:06.152, 301.16, 100, 74232, 69
2026/07/30 04:12:07.189, 294.04, 100, 74232, 69
2026/07/30 04:12:08.227, 292.66, 100, 74232, 69
2026/07/30 04:12:09.265, 295.98, 100, 74232, 69
2026/07/30 04:12:10.303, 295.30, 100, 74232, 69
2026/07/30 04:12:11.340, 295.39, 100, 74232, 69
2026/07/30 04:12:12.378, 300.54, 100, 74232, 69
2026/07/30 04:12:13.415, 301.93, 100, 74232, 69
2026/07/30 04:12:14.460, 295.88, 100, 74232, 69
2026/07/30 04:12:15.496, 291.39, 100, 74232, 69
2026/07/30 04:12:16.534, 301.73, 100, 74232, 69
2026/07/30 04:12:17.573, 302.86, 100, 74232, 69
2026/07/30 04:12:18.610, 298.33, 100, 74232, 69
2026/07/30 04:12:19.647, 302.99, 100, 74232, 69
2026/07/30 04:12:20.683, 302.92, 100, 74232, 69
2026/07/30 04:12:21.721, 300.94, 100, 74232, 70
2026/07/30 04:12:22.759, 302.32, 100, 74232, 70
2026/07/30 04:12:23.795, 300.56, 100, 74232, 70
2026/07/30 04:12:24.833, 298.04, 100, 74232, 70
2026/07/30 04:12:25.868, 303.38, 100, 74232, 70
2026/07/30 04:12:26.907, 299.67, 100, 74232, 70
2026/07/30 04:12:27.945, 300.77, 100, 74232, 70
2026/07/30 04:12:28.984, 303.19, 100, 74232, 70
2026/07/30 04:12:30.020, 298.72, 100, 74232, 70
2026/07/30 04:12:31.058, 302.90, 100, 74232, 70
2026/07/30 04:12:32.096, 302.99, 100, 74232, 70
2026/07/30 04:12:33.136, 298.31, 100, 74232, 70
2026/07/30 04:12:34.174, 302.23, 100, 74232, 70
2026/07/30 04:12:35.217, 302.19, 100, 74232, 70
2026/07/30 04:12:36.255, 302.98, 100, 74232, 69
2026/07/30 04:12:37.291, 302.20, 100, 74232, 69
2026/07/30 04:12:38.329, 301.83, 100, 74232, 70
2026/07/30 04:12:39.365, 303.47, 100, 74232, 70
2026/07/30 04:12:40.402, 300.36, 100, 74232, 70
2026/07/30 04:12:41.440, 300.56, 100, 74232, 70
2026/07/30 04:12:42.479, 302.71, 100, 74232, 70
2026/07/30 04:12:43.514, 299.87, 100, 74232, 70
2026/07/30 04:12:44.553, 300.76, 100, 74232, 70
2026/07/30 04:12:45.591, 303.35, 100, 74232, 69
2026/07/30 04:12:46.628, 302.04, 100, 74232, 69
2026/07/30 04:12:47.665, 288.38, 100, 74232, 69
2026/07/30 04:12:48.704, 295.31, 100, 74232, 69
2026/07/30 04:12:49.741, 306.11, 100, 74232, 69
2026/07/30 04:12:50.779, 301.34, 100, 74232, 69
2026/07/30 04:12:51.817, 296.37, 100, 74232, 69
2026/07/30 04:12:52.853, 303.69, 100, 74232, 70
2026/07/30 04:12:53.890, 300.64, 100, 74232, 69
2026/07/30 04:12:54.926, 294.23, 100, 74232, 69
2026/07/30 04:12:55.964, 289.06, 100, 74232, 69
2026/07/30 04:12:57.001, 291.10, 100, 74232, 69
2026/07/30 04:12:58.038, 292.96, 100, 74232, 69
2026/07/30 04:12:59.075, 294.73, 100, 74232, 69
2026/07/30 04:13:00.113, 303.39, 100, 74232, 69
2026/07/30 04:13:01.149, 303.37, 100, 74232, 69
2026/07/30 04:13:02.189, 300.86, 100, 74232, 69
2026/07/30 04:13:03.226, 302.02, 100, 74232, 70
2026/07/30 04:13:04.262, 303.19, 100, 74232, 69
2026/07/30 04:13:05.299, 303.48, 100, 74232, 69
2026/07/30 04:13:06.336, 300.37, 100, 74232, 69
2026/07/30 04:13:07.373, 303.19, 100, 74232, 69
2026/07/30 04:13:08.409, 302.66, 100, 74232, 69
2026/07/30 04:13:09.447, 306.36, 100, 74232, 69
2026/07/30 04:13:10.485, 300.85, 100, 74232, 69
2026/07/30 04:13:11.523, 294.22, 100, 74232, 69
2026/07/30 04:13:12.560, 295.89, 100, 74232, 69
2026/07/30 04:13:13.602, 299.40, 100, 74232, 69
2026/07/30 04:13:14.640, 291.00, 100, 74232, 69
2026/07/30 04:13:15.676, 294.23, 100, 74232, 69
2026/07/30 04:13:16.713, 296.28, 100, 74232, 69
2026/07/30 04:13:17.751, 296.37, 100, 74232, 69
2026/07/30 04:13:18.789, 294.91, 100, 74232, 69
2026/07/30 04:13:19.826, 301.51, 100, 74232, 69
2026/07/30 04:13:20.865, 296.77, 100, 74232, 69
2026/07/30 04:13:21.903, 296.08, 100, 74232, 69
2026/07/30 04:13:22.940, 299.26, 100, 74232, 69
2026/07/30 04:13:23.977, 301.43, 100, 74232, 69
2026/07/30 04:13:25.014, 294.43, 100, 74232, 69
2026/07/30 04:13:26.052, 299.96, 100, 74232, 69
2026/07/30 04:13:27.099, 290.04, 100, 74232, 69
2026/07/30 04:13:28.137, 293.73, 100, 74232, 69
2026/07/30 04:13:29.175, 295.20, 100, 74232, 69
2026/07/30 04:13:30.215, 291.21, 100, 74232, 69
2026/07/30 04:13:31.253, 292.01, 100, 74232, 69
2026/07/30 04:13:32.290, 300.46, 100, 74232, 69
2026/07/30 04:13:33.335, 301.03, 100, 74232, 69
2026/07/30 04:13:34.372, 301.73, 100, 74232, 69
2026/07/30 04:13:35.410, 294.90, 100, 74232, 69
2026/07/30 04:13:36.450, 295.49, 100, 74232, 69
2026/07/30 04:13:37.488, 294.90, 100, 74232, 69
2026/07/30 04:13:38.526, 307.37, 100, 74232, 69
2026/07/30 04:13:39.564, 301.34, 100, 74232, 69
2026/07/30 04:13:40.605, 301.53, 100, 74232, 69
2026/07/30 04:13:41.643, 297.06, 100, 74232, 69
2026/07/30 04:13:42.681, 297.64, 100, 74232, 69
2026/07/30 04:13:43.719, 290.43, 100, 74232, 69
2026/07/30 04:13:44.757, 297.34, 100, 74232, 69
2026/07/30 04:13:45.796, 295.97, 100, 74232, 69
2026/07/30 04:13:46.834, 295.02, 100, 74232, 69
2026/07/30 04:13:47.874, 298.43, 100, 74232, 69
2026/07/30 04:13:48.913, 301.24, 100, 74232, 69
2026/07/30 04:13:49.949, 301.82, 100, 74232, 69
2026/07/30 04:13:50.987, 295.30, 100, 74232, 69
2026/07/30 04:13:52.024, 293.07, 100, 74232, 69
2026/07/30 04:13:53.062, 294.63, 100, 74232, 69
2026/07/30 04:13:54.099, 294.73, 100, 74232, 69
2026/07/30 04:13:55.136, 292.77, 100, 74232, 69
2026/07/30 04:13:56.174, 293.17, 100, 74232, 69
2026/07/30 04:13:57.212, 296.38, 100, 74232, 69
2026/07/30 04:13:58.249, 299.11, 100, 74232, 69
2026/07/30 04:13:59.287, 303.39, 100, 74232, 69
2026/07/30 04:14:00.324, 301.63, 100, 74232, 69
2026/07/30 04:14:01.363, 301.26, 100, 74232, 69
2026/07/30 04:14:02.400, 297.06, 100, 74232, 69
2026/07/30 04:14:03.441, 291.78, 100, 74232, 69
2026/07/30 04:14:04.480, 289.05, 100, 74232, 69
2026/07/30 04:14:05.517, 293.57, 100, 74232, 69
2026/07/30 04:14:06.554, 295.30, 100, 74232, 69
2026/07/30 04:14:07.595, 295.31, 100, 74232, 69
2026/07/30 04:14:08.634, 290.76, 100, 74232, 69
2026/07/30 04:14:09.672, 296.87, 100, 74232, 69
2026/07/30 04:14:10.713, 297.35, 100, 74232, 69
2026/07/30 04:14:11.750, 302.42, 100, 74232, 69
2026/07/30 04:14:12.787, 296.69, 100, 74232, 69
2026/07/30 04:14:13.825, 299.38, 100, 74232, 69
2026/07/30 04:14:14.862, 301.25, 100, 74232, 69
2026/07/30 04:14:15.900, 303.39, 100, 74232, 69
2026/07/30 04:14:16.937, 295.99, 100, 74232, 69
2026/07/30 04:14:17.977, 296.47, 100, 74232, 69
2026/07/30 04:14:19.015, 292.58, 100, 74232, 69
2026/07/30 04:14:20.052, 295.49, 100, 74232, 69
2026/07/30 04:14:21.088, 302.51, 100, 74232, 69
2026/07/30 04:14:22.125, 297.93, 100, 74232, 69
2026/07/30 04:14:23.162, 296.77, 100, 74232, 69
2026/07/30 04:14:24.200, 293.38, 100, 74232, 69
2026/07/30 04:14:25.238, 302.80, 100, 74232, 69
2026/07/30 04:14:26.278, 304.36, 100, 74232, 69
2026/07/30 04:14:27.316, 303.87, 100, 74232, 69
2026/07/30 04:14:28.353, 94.89, 0, 74232, 66
2026/07/30 04:14:29.398, 295.29, 100, 74232, 70
2026/07/30 04:14:30.432, 304.02, 100, 74232, 71
2026/07/30 04:14:31.468, 303.62, 100, 74232, 70
2026/07/30 04:14:32.505, 282.02, 100, 74232, 70
2026/07/30 04:14:33.541, 310.21, 100, 74232, 70
2026/07/30 04:14:34.576, 301.82, 100, 74232, 69
2026/07/30 04:14:35.613, 300.48, 100, 74232, 69
2026/07/30 04:14:36.652, 297.05, 100, 74232, 69
2026/07/30 04:14:37.690, 301.24, 100, 74232, 69
2026/07/30 04:14:38.728, 302.61, 100, 74232, 69
2026/07/30 04:14:39.766, 296.76, 100, 74232, 69
2026/07/30 04:14:40.804, 297.25, 100, 74232, 69
2026/07/30 04:14:41.842, 299.02, 100, 74232, 69
2026/07/30 04:14:42.879, 301.92, 100, 74232, 69
2026/07/30 04:14:43.916, 300.46, 100, 74232, 69
2026/07/30 04:14:44.954, 301.55, 100, 74232, 69
2026/07/30 04:14:45.992, 298.82, 100, 74232, 69
2026/07/30 04:14:47.029, 294.91, 100, 74232, 69
2026/07/30 04:14:48.067, 306.31, 100, 74232, 69
2026/07/30 04:14:49.105, 301.93, 100, 74232, 69
2026/07/30 04:14:50.142, 304.86, 100, 74232, 69
2026/07/30 04:14:51.179, 301.63, 100, 74232, 69
2026/07/30 04:14:52.220, 295.59, 100, 74232, 69
2026/07/30 04:14:53.258, 293.24, 100, 74232, 69
2026/07/30 04:14:54.294, 295.30, 100, 74232, 69
2026/07/30 04:14:55.335, 294.23, 100, 74232, 69
2026/07/30 04:14:56.372, 294.61, 100, 74232, 69
2026/07/30 04:14:57.411, 299.87, 100, 74232, 69
2026/07/30 04:14:58.450, 291.11, 100, 74232, 69
2026/07/30 04:14:59.487, 294.42, 100, 74232, 69
2026/07/30 04:15:00.525, 292.95, 100, 74232, 69
2026/07/30 04:15:01.563, 300.83, 100, 74232, 69
2026/07/30 04:15:02.599, 303.78, 100, 74232, 69
2026/07/30 04:15:03.637, 301.73, 100, 74232, 69
2026/07/30 04:15:04.674, 286.33, 100, 74232, 69
2026/07/30 04:15:05.713, 290.33, 100, 74232, 69
2026/07/30 04:15:06.751, 299.29, 100, 74232, 70
2026/07/30 04:15:07.787, 296.48, 100, 74232, 69
2026/07/30 04:15:08.824, 296.86, 100, 74232, 69
2026/07/30 04:15:09.862, 289.57, 100, 74232, 69
2026/07/30 04:15:10.898, 296.07, 100, 74232, 69
2026/07/30 04:15:11.936, 303.30, 100, 74232, 70
2026/07/30 04:15:12.972, 300.46, 100, 74232, 70
2026/07/30 04:15:14.011, 299.59, 100, 74232, 70
2026/07/30 04:15:15.049, 303.08, 100, 74232, 70
2026/07/30 04:15:16.087, 302.51, 100, 74232, 70
2026/07/30 04:15:17.126, 303.58, 100, 74232, 70
2026/07/30 04:15:18.164, 287.71, 100, 74232, 69
2026/07/30 04:15:19.202, 295.40, 100, 74232, 70
2026/07/30 04:15:20.239, 295.30, 100, 74232, 70
2026/07/30 04:15:21.275, 299.88, 100, 74232, 70
2026/07/30 04:15:22.311, 299.76, 100, 74232, 70
2026/07/30 04:15:23.350, 300.86, 100, 74232, 70
2026/07/30 04:15:24.388, 301.05, 100, 74232, 70
2026/07/30 04:15:25.426, 296.26, 100, 74232, 70
2026/07/30 04:15:26.464, 290.33, 100, 74232, 70
2026/07/30 04:15:27.502, 301.83, 100, 74232, 70
2026/07/30 04:15:28.538, 299.39, 100, 74232, 70
2026/07/30 04:15:29.574, 302.32, 100, 74232, 70
2026/07/30 04:15:30.610, 300.19, 100, 74232, 70
2026/07/30 04:15:31.646, 300.94, 100, 74232, 70
2026/07/30 04:15:32.681, 303.34, 100, 74232, 70
2026/07/30 04:15:33.718, 302.23, 100, 74232, 70
2026/07/30 04:15:34.754, 301.34, 100, 74232, 70
2026/07/30 04:15:35.789, 304.55, 100, 74232, 70
2026/07/30 04:15:36.827, 302.68, 100, 74232, 70
2026/07/30 04:15:37.864, 303.47, 100, 74232, 70
2026/07/30 04:15:38.901, 299.96, 100, 74232, 70
2026/07/30 04:15:39.939, 302.12, 100, 74232, 70
2026/07/30 04:15:40.976, 296.65, 100, 74232, 69
2026/07/30 04:15:42.012, 301.05, 100, 74232, 70
2026/07/30 04:15:43.051, 302.90, 100, 74232, 70
2026/07/30 04:15:44.089, 298.12, 100, 74232, 69
2026/07/30 04:15:45.127, 296.86, 100, 74232, 69
2026/07/30 04:15:46.164, 300.08, 100, 74232, 70
2026/07/30 04:15:47.200, 296.56, 100, 74232, 69
2026/07/30 04:15:48.239, 295.01, 100, 74232, 69
2026/07/30 04:15:49.275, 292.47, 100, 74232, 69
2026/07/30 04:15:50.316, 306.36, 100, 74232, 70
2026/07/30 04:15:51.354, 302.56, 100, 74232, 69
2026/07/30 04:15:52.392, 294.83, 100, 74232, 69
2026/07/30 04:15:53.429, 288.48, 100, 74232, 69
2026/07/30 04:15:54.469, 295.59, 100, 74232, 69
2026/07/30 04:15:55.507, 302.52, 100, 74232, 69
2026/07/30 04:15:56.544, 296.97, 100, 74232, 69
2026/07/30 04:15:57.583, 295.50, 100, 74232, 69
2026/07/30 04:15:58.619, 303.37, 100, 74232, 69
2026/07/30 04:15:59.657, 301.15, 100, 74232, 69
2026/07/30 04:16:00.693, 302.82, 100, 74232, 69
2026/07/30 04:16:01.731, 305.34, 100, 74232, 69
2026/07/30 04:16:02.770, 300.95, 100, 74232, 69
2026/07/30 04:16:03.807, 303.09, 100, 74232, 69
2026/07/30 04:16:04.845, 297.36, 100, 74232, 69
2026/07/30 04:16:05.881, 302.57, 100, 74232, 69
2026/07/30 04:16:06.918, 307.24, 100, 74232, 69
2026/07/30 04:16:07.955, 298.02, 100, 74232, 69
2026/07/30 04:16:08.992, 302.13, 100, 74232, 69
2026/07/30 04:16:10.030, 298.41, 100, 74232, 69
2026/07/30 04:16:11.066, 301.51, 100, 74232, 69
2026/07/30 04:16:12.103, 302.10, 100, 74232, 69
2026/07/30 04:16:13.142, 295.80, 100, 74232, 69
2026/07/30 04:16:14.183, 295.20, 100, 74232, 69
2026/07/30 04:16:15.220, 302.40, 100, 74232, 69
2026/07/30 04:16:16.258, 296.86, 100, 74232, 69
2026/07/30 04:16:17.297, 295.89, 100, 74232, 69
2026/07/30 04:16:18.333, 303.00, 100, 74232, 69
2026/07/30 04:16:19.370, 301.24, 100, 74232, 69
2026/07/30 04:16:20.409, 301.99, 100, 74232, 69
2026/07/30 04:16:21.447, 299.70, 100, 74232, 69
2026/07/30 04:16:22.483, 300.56, 100, 74232, 69
2026/07/30 04:16:23.521, 301.44, 100, 74232, 69
2026/07/30 04:16:24.557, 297.84, 100, 74232, 69
2026/07/30 04:16:25.594, 302.52, 100, 74232, 69
2026/07/30 04:16:26.632, 302.32, 100, 74232, 69
2026/07/30 04:16:27.668, 297.43, 100, 74232, 69
2026/07/30 04:16:28.703, 300.08, 100, 74232, 69
2026/07/30 04:16:29.740, 302.31, 100, 74232, 69
2026/07/30 04:16:30.777, 298.70, 100, 74232, 69
2026/07/30 04:16:31.814, 298.41, 100, 74232, 69
2026/07/30 04:16:32.850, 301.42, 100, 74232, 69
2026/07/30 04:16:33.889, 303.74, 100, 74232, 70
2026/07/30 04:16:34.926, 298.40, 100, 74232, 70
2026/07/30 04:16:35.963, 301.93, 100, 74232, 70
2026/07/30 04:16:37.000, 303.57, 100, 74232, 70
2026/07/30 04:16:38.036, 301.13, 100, 74232, 70
2026/07/30 04:16:39.074, 302.21, 100, 74232, 70
2026/07/30 04:16:40.112, 302.97, 100, 74232, 70
2026/07/30 04:16:41.148, 300.86, 100, 74232, 70
2026/07/30 04:16:42.186, 301.52, 100, 74232, 69
2026/07/30 04:16:43.223, 303.00, 100, 74232, 70
2026/07/30 04:16:44.259, 300.56, 100, 74232, 69
2026/07/30 04:16:45.297, 302.32, 100, 74232, 69
2026/07/30 04:16:46.332, 303.09, 100, 74232, 70
2026/07/30 04:16:47.369, 301.06, 100, 74232, 70
2026/07/30 04:16:48.405, 296.37, 100, 74232, 69
2026/07/30 04:16:49.443, 298.61, 100, 74232, 70
2026/07/30 04:16:50.482, 301.80, 100, 74232, 69
2026/07/30 04:16:51.519, 298.03, 100, 74232, 69
2026/07/30 04:16:52.555, 299.99, 100, 74232, 69
2026/07/30 04:16:53.592, 303.09, 100, 74232, 70
2026/07/30 04:16:54.629, 298.89, 100, 74232, 69
2026/07/30 04:16:55.667, 293.55, 100, 74232, 69
2026/07/30 04:16:56.706, 296.57, 100, 74232, 69
2026/07/30 04:16:57.744, 300.18, 100, 74232, 70
2026/07/30 04:16:58.780, 296.28, 100, 74232, 69
2026/07/30 04:16:59.817, 295.70, 100, 74232, 69
2026/07/30 04:17:00.853, 295.68, 100, 74232, 69
2026/07/30 04:17:01.897, 296.27, 100, 74232, 69
2026/07/30 04:17:02.935, 302.71, 100, 74232, 69
2026/07/30 04:17:03.972, 299.97, 100, 74232, 69
2026/07/30 04:17:05.009, 303.30, 100, 74232, 69
2026/07/30 04:17:06.046, 303.56, 100, 74232, 69
2026/07/30 04:17:07.085, 299.28, 100, 74232, 69
2026/07/30 04:17:08.122, 301.93, 100, 74232, 69
2026/07/30 04:17:09.161, 302.23, 100, 74232, 69
2026/07/30 04:17:10.197, 297.56, 100, 74232, 69
2026/07/30 04:17:11.234, 301.84, 100, 74232, 69
2026/07/30 04:17:12.270, 302.86, 100, 74232, 69
2026/07/30 04:17:13.308, 305.52, 100, 74232, 69
2026/07/30 04:17:14.344, 301.33, 100, 74232, 69
2026/07/30 04:17:15.382, 302.60, 100, 74232, 69
2026/07/30 04:17:16.420, 302.81, 100, 74232, 69
2026/07/30 04:17:17.456, 300.56, 100, 74232, 69
2026/07/30 04:17:18.494, 303.10, 100, 74232, 69
2026/07/30 04:17:19.534, 303.00, 100, 74232, 69
2026/07/30 04:17:20.572, 302.22, 100, 74232, 69
2026/07/30 04:17:21.610, 303.10, 100, 74232, 69
2026/07/30 04:17:22.647, 303.48, 100, 74232, 69
2026/07/30 04:17:23.685, 296.77, 100, 74232, 69
2026/07/30 04:17:24.725, 301.73, 100, 74232, 69
2026/07/30 04:17:25.762, 302.96, 100, 74232, 69
2026/07/30 04:17:26.800, 297.17, 100, 74232, 69
2026/07/30 04:17:27.838, 300.06, 100, 74232, 69
2026/07/30 04:17:28.875, 293.24, 100, 74232, 69
2026/07/30 04:17:29.913, 302.81, 100, 74232, 69
2026/07/30 04:17:30.950, 302.39, 100, 74232, 69
2026/07/30 04:17:31.987, 303.59, 100, 74232, 69
2026/07/30 04:17:33.023, 303.19, 100, 74232, 69
2026/07/30 04:17:34.063, 300.66, 100, 74232, 69
2026/07/30 04:17:35.099, 302.71, 100, 74232, 69
2026/07/30 04:17:36.139, 303.49, 100, 74232, 69
2026/07/30 04:17:37.175, 301.34, 100, 74232, 69
2026/07/30 04:17:38.213, 303.19, 100, 74232, 69
2026/07/30 04:17:39.250, 296.76, 100, 74232, 69
2026/07/30 04:17:40.286, 294.90, 100, 74232, 69
2026/07/30 04:17:41.324, 296.07, 100, 74232, 69
2026/07/30 04:17:42.360, 304.54, 100, 74232, 69
2026/07/30 04:17:43.398, 298.33, 100, 74232, 69
2026/07/30 04:17:44.434, 302.12, 100, 74232, 69
2026/07/30 04:17:45.470, 303.00, 100, 74232, 69
2026/07/30 04:17:46.506, 303.68, 100, 74232, 69
2026/07/30 04:17:47.541, 301.54, 100, 74232, 70
2026/07/30 04:17:48.583, 302.87, 100, 74232, 69
2026/07/30 04:17:49.619, 293.25, 100, 74232, 69
2026/07/30 04:17:50.656, 292.39, 100, 74232, 69
2026/07/30 04:17:51.693, 295.11, 100, 74232, 70
2026/07/30 04:17:52.731, 303.68, 100, 74232, 70
2026/07/30 04:17:53.767, 298.51, 100, 74232, 70
2026/07/30 04:17:54.803, 302.27, 100, 74232, 70
2026/07/30 04:17:55.839, 304.90, 100, 74232, 70
2026/07/30 04:17:56.879, 297.36, 100, 74232, 70
2026/07/30 04:17:57.915, 296.46, 100, 74232, 70
2026/07/30 04:17:58.953, 296.47, 100, 74232, 70
2026/07/30 04:17:59.989, 302.23, 100, 74232, 70
2026/07/30 04:18:01.026, 291.99, 100, 74232, 70
2026/07/30 04:18:02.062, 299.68, 100, 74232, 70
2026/07/30 04:18:03.099, 297.25, 100, 74232, 70
2026/07/30 04:18:04.138, 296.87, 100, 74232, 70
2026/07/30 04:18:05.174, 296.28, 100, 74232, 70
2026/07/30 04:18:06.216, 290.14, 100, 74232, 70
2026/07/30 04:18:07.254, 300.46, 100, 74232, 70
2026/07/30 04:18:08.291, 295.49, 100, 74232, 70
2026/07/30 04:18:09.329, 299.29, 100, 74232, 70
2026/07/30 04:18:10.366, 296.76, 100, 74232, 70
2026/07/30 04:18:11.404, 294.05, 100, 74232, 70
2026/07/30 04:18:12.442, 296.28, 100, 74232, 70
2026/07/30 04:18:13.481, 295.60, 100, 74232, 70
2026/07/30 04:18:14.518, 300.17, 100, 74232, 70
2026/07/30 04:18:15.560, 294.13, 100, 74232, 70
2026/07/30 04:18:16.597, 295.99, 100, 74232, 70
2026/07/30 04:18:17.635, 302.10, 100, 74232, 70
2026/07/30 04:18:18.672, 291.98, 100, 74232, 70
2026/07/30 04:18:19.709, 295.41, 100, 74232, 69
2026/07/30 04:18:20.748, 294.71, 100, 74232, 70
2026/07/30 04:18:21.785, 296.26, 100, 74232, 69
2026/07/30 04:18:22.823, 293.84, 100, 74232, 70
2026/07/30 04:18:23.861, 300.83, 100, 74232, 70
2026/07/30 04:18:24.899, 297.76, 100, 74232, 69
2026/07/30 04:18:25.938, 300.74, 100, 74232, 69
2026/07/30 04:18:26.976, 297.93, 100, 74232, 70
2026/07/30 04:18:28.013, 294.71, 100, 74232, 69
2026/07/30 04:18:29.051, 296.85, 100, 74232, 70
2026/07/30 04:18:30.089, 307.16, 100, 74232, 70
2026/07/30 04:18:31.128, 299.50, 100, 74232, 70
2026/07/30 04:18:32.167, 301.54, 100, 74232, 70
2026/07/30 04:18:33.206, 303.68, 100, 74232, 70
2026/07/30 04:18:34.244, 304.36, 100, 74232, 70
2026/07/30 04:18:35.281, 299.88, 100, 74232, 70
2026/07/30 04:18:36.324, 302.58, 100, 74232, 70
2026/07/30 04:18:37.362, 296.66, 100, 74232, 70
2026/07/30 04:18:38.399, 297.34, 100, 74232, 70
2026/07/30 04:18:39.437, 297.84, 100, 74232, 70
2026/07/30 04:18:40.476, 297.95, 100, 74232, 70
2026/07/30 04:18:41.515, 303.27, 100, 74232, 70
2026/07/30 04:18:42.553, 303.67, 100, 74232, 70
2026/07/30 04:18:43.591, 297.36, 100, 74232, 70
2026/07/30 04:18:44.631, 296.96, 100, 74232, 70
2026/07/30 04:18:45.669, 299.70, 100, 74232, 70
2026/07/30 04:18:46.707, 302.90, 100, 74232, 70
2026/07/30 04:18:47.745, 298.55, 100, 74232, 70
2026/07/30 04:18:48.786, 301.54, 100, 74232, 69
2026/07/30 04:18:49.824, 302.03, 100, 74232, 70
2026/07/30 04:18:50.861, 303.00, 100, 74232, 69
2026/07/30 04:18:51.899, 295.51, 100, 74232, 69
2026/07/30 04:18:52.936, 299.47, 100, 74232, 69
2026/07/30 04:18:53.974, 302.61, 100, 74232, 69
2026/07/30 04:18:55.012, 303.58, 100, 74232, 69
2026/07/30 04:18:56.050, 295.30, 100, 74232, 69
2026/07/30 04:18:57.088, 291.30, 100, 74232, 69
2026/07/30 04:18:58.125, 301.83, 100, 74232, 69
2026/07/30 04:18:59.163, 303.18, 100, 74232, 69
2026/07/30 04:19:00.201, 303.38, 100, 74232, 69
2026/07/30 04:19:01.238, 298.62, 100, 74232, 69
2026/07/30 04:19:02.275, 298.81, 100, 74232, 69
2026/07/30 04:19:03.313, 299.01, 100, 74232, 69
2026/07/30 04:19:04.352, 303.48, 100, 74232, 69
2026/07/30 04:19:05.390, 297.33, 100, 74232, 69
2026/07/30 04:19:06.428, 301.26, 100, 74232, 69
2026/07/30 04:19:07.465, 302.52, 100, 74232, 69
2026/07/30 04:19:08.506, 293.45, 100, 74232, 69
2026/07/30 04:19:09.545, 302.52, 100, 74232, 69
2026/07/30 04:19:10.584, 295.50, 100, 74232, 69
2026/07/30 04:19:11.622, 298.90, 100, 74232, 69
2026/07/30 04:19:12.662, 293.15, 100, 74232, 69
2026/07/30 04:19:13.700, 293.55, 100, 74232, 69
2026/07/30 04:19:14.737, 296.77, 100, 74232, 69
2026/07/30 04:19:15.778, 296.76, 100, 74232, 69
2026/07/30 04:19:16.815, 296.56, 100, 74232, 69
2026/07/30 04:19:17.855, 293.64, 100, 74232, 69
2026/07/30 04:19:18.893, 296.37, 100, 74232, 69
2026/07/30 04:19:19.931, 295.59, 100, 74232, 69
2026/07/30 04:19:20.969, 303.95, 100, 74232, 69
2026/07/30 04:19:22.006, 301.05, 100, 74232, 69
2026/07/30 04:19:23.043, 293.93, 100, 74232, 69
2026/07/30 04:19:24.081, 295.61, 100, 74232, 69
2026/07/30 04:19:25.120, 303.95, 100, 74232, 69
2026/07/30 04:19:26.159, 301.13, 100, 74232, 69
2026/07/30 04:19:27.198, 300.66, 100, 74232, 69
2026/07/30 04:19:28.236, 303.30, 100, 74232, 69
2026/07/30 04:19:29.273, 95.24, 0, 74232, 66
2026/07/30 04:19:30.306, 93.75, 0, 74232, 65
2026/07/30 04:19:31.338, 92.54, 0, 74232, 65
2026/07/30 04:19:32.370, 92.81, 0, 74232, 64
2026/07/30 04:19:33.401, 91.54, 0, 74232, 64
2026/07/30 04:19:34.432, 91.03, 0, 74232, 63
2026/07/30 04:19:35.464, 90.34, 0, 74232, 63
2026/07/30 04:19:36.495, 89.95, 0, 74232, 62
2026/07/30 04:19:37.530, 289.97, 100, 74232, 67
2026/07/30 04:19:38.566, 307.97, 100, 74232, 67
2026/07/30 04:19:39.602, 297.53, 100, 74232, 68
2026/07/30 04:19:40.643, 321.86, 100, 74232, 68
2026/07/30 04:19:41.677, 319.86, 100, 74232, 68
2026/07/30 04:19:42.712, 302.90, 100, 74232, 66
2026/07/30 04:19:43.751, 306.31, 100, 74232, 67
2026/07/30 04:19:44.789, 290.80, 100, 74232, 67
2026/07/30 04:19:45.826, 298.91, 100, 74232, 67
2026/07/30 04:19:46.864, 301.83, 100, 74232, 67
2026/07/30 04:19:47.901, 301.62, 100, 74232, 67
2026/07/30 04:19:48.941, 299.62, 100, 74232, 67
2026/07/30 04:19:49.978, 299.39, 100, 74232, 67
2026/07/30 04:19:51.016, 298.21, 100, 74232, 67
2026/07/30 04:19:52.054, 298.12, 100, 74232, 68
2026/07/30 04:19:53.092, 299.99, 100, 74232, 68
2026/07/30 04:19:54.131, 298.71, 100, 74232, 68
2026/07/30 04:19:55.169, 299.48, 100, 74232, 68
2026/07/30 04:19:56.205, 297.15, 100, 74232, 68
2026/07/30 04:19:57.244, 299.30, 100, 74232, 68
2026/07/30 04:19:58.282, 300.83, 100, 74232, 68
2026/07/30 04:19:59.319, 299.60, 100, 74232, 68
2026/07/30 04:20:00.355, 295.30, 100, 74232, 68
2026/07/30 04:20:01.392, 297.62, 100, 74232, 68
2026/07/30 04:20:02.428, 300.75, 100, 74232, 68
2026/07/30 04:20:03.466, 298.11, 100, 74232, 68
2026/07/30 04:20:04.504, 292.67, 100, 74232, 68
2026/07/30 04:20:05.541, 290.90, 100, 74232, 68
2026/07/30 04:20:06.578, 292.77, 100, 74232, 68
2026/07/30 04:20:07.615, 300.66, 100, 74232, 69
2026/07/30 04:20:08.653, 299.68, 100, 74232, 69
2026/07/30 04:20:09.692, 301.53, 100, 74232, 69
2026/07/30 04:20:10.730, 292.66, 100, 74232, 69
2026/07/30 04:20:11.766, 300.86, 100, 74232, 69
2026/07/30 04:20:12.803, 297.55, 100, 74232, 69
2026/07/30 04:20:13.839, 301.15, 100, 74232, 69
2026/07/30 04:20:14.877, 302.31, 100, 74232, 69
2026/07/30 04:20:15.916, 300.27, 100, 74232, 69
2026/07/30 04:20:16.954, 297.35, 100, 74232, 69
2026/07/30 04:20:17.991, 299.89, 100, 74232, 69
2026/07/30 04:20:19.029, 302.59, 100, 74232, 69
2026/07/30 04:20:20.066, 298.98, 100, 74232, 69
2026/07/30 04:20:21.103, 291.60, 100, 74232, 69
2026/07/30 04:20:22.142, 302.19, 100, 74232, 69
2026/07/30 04:20:23.178, 301.34, 100, 74232, 69
2026/07/30 04:20:24.214, 304.06, 100, 74232, 69
2026/07/30 04:20:25.251, 299.49, 100, 74232, 69
2026/07/30 04:20:26.287, 301.90, 100, 74232, 69
2026/07/30 04:20:27.324, 297.05, 100, 74232, 69
2026/07/30 04:20:28.361, 300.29, 100, 74232, 69
2026/07/30 04:20:29.401, 302.80, 100, 74232, 69
2026/07/30 04:20:30.439, 297.07, 100, 74232, 69
2026/07/30 04:20:31.476, 302.12, 100, 74232, 69
2026/07/30 04:20:32.513, 296.87, 100, 74232, 69
2026/07/30 04:20:33.549, 302.12, 100, 74232, 69
2026/07/30 04:20:34.587, 302.29, 100, 74232, 69
2026/07/30 04:20:35.625, 301.07, 100, 74232, 69
2026/07/30 04:20:36.662, 302.62, 100, 74232, 69
2026/07/30 04:20:37.698, 300.72, 100, 74232, 69
2026/07/30 04:20:38.734, 301.54, 100, 74232, 69
2026/07/30 04:20:39.771, 298.51, 100, 74232, 69
2026/07/30 04:20:40.808, 301.62, 100, 74232, 69
2026/07/30 04:20:41.844, 302.80, 100, 74232, 69
2026/07/30 04:20:42.880, 300.75, 100, 74232, 69
2026/07/30 04:20:43.916, 302.11, 100, 74232, 69
2026/07/30 04:20:44.953, 303.10, 100, 74232, 69
2026/07/30 04:20:45.991, 302.12, 100, 74232, 69
2026/07/30 04:20:47.028, 302.90, 100, 74232, 69
2026/07/30 04:20:48.064, 301.93, 100, 74232, 69
2026/07/30 04:20:49.101, 94.74, 0, 74232, 66
2026/07/30 04:20:50.133, 294.22, 100, 74232, 71
2026/07/30 04:20:51.167, 273.35, 100, 74232, 71
2026/07/30 04:20:52.203, 294.90, 100, 74232, 71
2026/07/30 04:20:53.236, 295.43, 100, 74232, 71
2026/07/30 04:20:54.269, 313.97, 100, 74232, 71
2026/07/30 04:20:55.303, 287.81, 100, 74232, 71
2026/07/30 04:20:56.340, 286.71, 100, 74232, 69
2026/07/30 04:20:57.378, 295.30, 100, 74232, 69
2026/07/30 04:20:58.416, 292.96, 100, 74232, 69
2026/07/30 04:20:59.453, 294.14, 100, 74232, 69
2026/07/30 04:21:00.491, 295.89, 100, 74232, 69
2026/07/30 04:21:01.528, 294.12, 100, 74232, 69
2026/07/30 04:21:02.565, 296.18, 100, 74232, 70
2026/07/30 04:21:03.602, 295.88, 100, 74232, 70
2026/07/30 04:21:04.639, 298.23, 100, 74232, 70
2026/07/30 04:21:05.675, 297.43, 100, 74232, 70
2026/07/30 04:21:06.711, 292.27, 100, 74232, 70
2026/07/30 04:21:07.748, 295.78, 100, 74232, 70
2026/07/30 04:21:08.786, 298.30, 100, 74232, 70
2026/07/30 04:21:09.823, 293.63, 100, 74232, 70
2026/07/30 04:21:10.861, 296.08, 100, 74232, 70
2026/07/30 04:21:11.898, 294.33, 100, 74232, 70
2026/07/30 04:21:12.934, 293.83, 100, 74232, 70
2026/07/30 04:21:13.973, 295.22, 100, 74232, 70
2026/07/30 04:21:15.011, 294.61, 100, 74232, 70
2026/07/30 04:21:16.049, 292.57, 100, 74232, 70
2026/07/30 04:21:17.087, 307.76, 100, 74232, 70
2026/07/30 04:21:18.125, 302.81, 100, 74232, 70
2026/07/30 04:21:19.163, 299.10, 100, 74232, 70
2026/07/30 04:21:20.201, 299.99, 100, 74232, 70
2026/07/30 04:21:21.238, 302.71, 100, 74232, 70
2026/07/30 04:21:22.275, 301.24, 100, 74232, 70
2026/07/30 04:21:23.312, 293.24, 100, 74232, 70
2026/07/30 04:21:24.350, 303.09, 100, 74232, 70
2026/07/30 04:21:25.389, 300.75, 100, 74232, 70
2026/07/30 04:21:26.428, 303.09, 100, 74232, 70
2026/07/30 04:21:27.466, 303.29, 100, 74232, 70
2026/07/30 04:21:28.504, 300.96, 100, 74232, 70
2026/07/30 04:21:29.542, 303.17, 100, 74232, 70
2026/07/30 04:21:30.579, 303.00, 100, 74232, 70
2026/07/30 04:21:31.616, 300.75, 100, 74232, 70
2026/07/30 04:21:32.656, 303.45, 100, 74232, 70
2026/07/30 04:21:33.694, 303.09, 100, 74232, 70
2026/07/30 04:21:34.732, 300.17, 100, 74232, 70
2026/07/30 04:21:35.770, 303.00, 100, 74232, 70
2026/07/30 04:21:36.806, 302.32, 100, 74232, 69
2026/07/30 04:21:37.842, 298.12, 100, 74232, 70
2026/07/30 04:21:38.879, 303.00, 100, 74232, 70
2026/07/30 04:21:39.917, 303.11, 100, 74232, 70
2026/07/30 04:21:40.954, 301.45, 100, 74232, 70
2026/07/30 04:21:41.993, 302.22, 100, 74232, 70
2026/07/30 04:21:43.030, 94.99, 0, 74232, 66
2026/07/30 04:21:44.064, 296.77, 100, 74232, 71
2026/07/30 04:21:45.100, 286.57, 100, 74232, 71
2026/07/30 04:21:46.136, 297.83, 100, 74232, 71
2026/07/30 04:21:47.173, 286.62, 100, 74232, 71
2026/07/30 04:21:48.214, 277.07, 100, 74232, 71
2026/07/30 04:21:49.250, 311.76, 100, 74232, 71
2026/07/30 04:21:50.288, 302.98, 100, 74232, 69
2026/07/30 04:21:51.326, 302.80, 100, 74232, 69
2026/07/30 04:21:52.364, 301.53, 100, 74232, 69
2026/07/30 04:21:53.401, 299.88, 100, 74232, 69
2026/07/30 04:21:54.439, 296.76, 100, 74232, 69
2026/07/30 04:21:55.477, 302.23, 100, 74232, 70
2026/07/30 04:21:56.516, 302.29, 100, 74232, 70
2026/07/30 04:21:57.553, 292.96, 100, 74232, 70
2026/07/30 04:21:58.593, 293.93, 100, 74232, 70
2026/07/30 04:21:59.631, 296.09, 100, 74232, 70
2026/07/30 04:22:00.669, 291.13, 100, 74232, 70
2026/07/30 04:22:01.707, 296.27, 100, 74232, 70
2026/07/30 04:22:02.746, 299.79, 100, 74232, 70
2026/07/30 04:22:03.783, 298.99, 100, 74232, 70
2026/07/30 04:22:04.821, 298.80, 100, 74232, 70
2026/07/30 04:22:05.859, 301.05, 100, 74232, 70
2026/07/30 04:22:06.896, 299.97, 100, 74232, 70
2026/07/30 04:22:07.933, 298.60, 100, 74232, 70
2026/07/30 04:22:08.971, 299.79, 100, 74232, 70
2026/07/30 04:22:10.011, 297.24, 100, 74232, 70
2026/07/30 04:22:11.051, 296.49, 100, 74232, 70
2026/07/30 04:22:12.087, 295.01, 100, 74232, 70
2026/07/30 04:22:13.126, 296.09, 100, 74232, 70
2026/07/30 04:22:14.164, 307.39, 100, 74232, 70
2026/07/30 04:22:15.201, 298.12, 100, 74232, 70
2026/07/30 04:22:16.238, 303.39, 100, 74232, 70
2026/07/30 04:22:17.276, 303.20, 100, 74232, 70
2026/07/30 04:22:18.314, 300.58, 100, 74232, 70
2026/07/30 04:22:19.350, 303.00, 100, 74232, 70
2026/07/30 04:22:20.389, 298.33, 100, 74232, 70
2026/07/30 04:22:21.428, 293.44, 100, 74232, 70
2026/07/30 04:22:22.465, 295.99, 100, 74232, 70
2026/07/30 04:22:23.503, 292.17, 100, 74232, 69
2026/07/30 04:22:24.540, 293.82, 100, 74232, 70
2026/07/30 04:22:25.577, 296.66, 100, 74232, 69
2026/07/30 04:22:26.618, 291.51, 100, 74232, 69
2026/07/30 04:22:27.659, 292.86, 100, 74232, 69
2026/07/30 04:22:28.698, 296.19, 100, 74232, 69
2026/07/30 04:22:29.737, 293.15, 100, 74232, 70
2026/07/30 04:22:30.775, 293.64, 100, 74232, 70
2026/07/30 04:22:31.812, 296.18, 100, 74232, 70
2026/07/30 04:22:32.849, 292.48, 100, 74232, 70
2026/07/30 04:22:33.887, 295.99, 100, 74232, 70
2026/07/30 04:22:34.925, 296.67, 100, 74232, 70
2026/07/30 04:22:35.965, 295.40, 100, 74232, 69
2026/07/30 04:22:37.002, 294.71, 100, 74232, 69
2026/07/30 04:22:38.040, 302.61, 100, 74232, 70
2026/07/30 04:22:39.077, 303.97, 100, 74232, 70
2026/07/30 04:22:40.114, 299.00, 100, 74232, 70
2026/07/30 04:22:41.153, 302.13, 100, 74232, 70
2026/07/30 04:22:42.191, 303.01, 100, 74232, 70
2026/07/30 04:22:43.229, 299.78, 100, 74232, 70
2026/07/30 04:22:44.266, 299.30, 100, 74232, 70
2026/07/30 04:22:45.305, 303.25, 100, 74232, 70
2026/07/30 04:22:46.342, 298.21, 100, 74232, 70
2026/07/30 04:22:47.379, 301.17, 100, 74232, 70
2026/07/30 04:22:48.417, 302.22, 100, 74232, 70
2026/07/30 04:22:49.454, 303.68, 100, 74232, 70
2026/07/30 04:22:50.492, 303.98, 100, 74232, 70
2026/07/30 04:22:51.529, 301.23, 100, 74232, 70
2026/07/30 04:22:52.568, 300.56, 100, 74232, 70
2026/07/30 04:22:53.604, 294.52, 100, 74232, 70
2026/07/30 04:22:54.642, 300.48, 100, 74232, 70
2026/07/30 04:22:55.680, 301.24, 100, 74232, 70
2026/07/30 04:22:56.719, 294.32, 100, 74232, 69
2026/07/30 04:22:57.756, 294.34, 100, 74232, 69
2026/07/30 04:22:58.793, 302.03, 100, 74232, 70
2026/07/30 04:22:59.830, 297.76, 100, 74232, 70
2026/07/30 04:23:00.868, 299.17, 100, 74232, 70
2026/07/30 04:23:01.907, 302.41, 100, 74232, 70
2026/07/30 04:23:02.945, 303.79, 100, 74232, 70
2026/07/30 04:23:03.986, 303.30, 100, 74232, 70
2026/07/30 04:23:05.023, 297.45, 100, 74232, 69
2026/07/30 04:23:06.062, 302.68, 100, 74232, 70
2026/07/30 04:23:07.100, 302.47, 100, 74232, 70
2026/07/30 04:23:08.138, 299.20, 100, 74232, 70
2026/07/30 04:23:09.179, 301.93, 100, 74232, 70
2026/07/30 04:23:10.217, 297.74, 100, 74232, 70
2026/07/30 04:23:11.254, 303.97, 100, 74232, 70
2026/07/30 04:23:12.292, 300.96, 100, 74232, 70
2026/07/30 04:23:13.329, 300.67, 100, 74232, 70
2026/07/30 04:23:14.368, 302.40, 100, 74232, 70
2026/07/30 04:23:15.406, 306.88, 100, 74232, 70
2026/07/30 04:23:16.448, 291.92, 100, 74232, 69
2026/07/30 04:23:17.487, 297.55, 100, 74232, 69
2026/07/30 04:23:18.524, 295.59, 100, 74232, 69
2026/07/30 04:23:19.562, 291.11, 100, 74232, 69
2026/07/30 04:23:20.600, 295.02, 100, 74232, 69
2026/07/30 04:23:21.640, 294.43, 100, 74232, 69
2026/07/30 04:23:22.678, 296.08, 100, 74232, 69
2026/07/30 04:23:23.715, 296.75, 100, 74232, 69
2026/07/30 04:23:24.754, 295.99, 100, 74232, 69
2026/07/30 04:23:25.792, 301.83, 100, 74232, 69
2026/07/30 04:23:26.832, 298.51, 100, 74232, 69
2026/07/30 04:23:27.870, 296.27, 100, 74232, 69
2026/07/30 04:23:28.914, 299.78, 100, 74232, 69
2026/07/30 04:23:29.952, 300.66, 100, 74232, 69
2026/07/30 04:23:30.989, 303.11, 100, 74232, 69
2026/07/30 04:23:32.027, 299.57, 100, 74232, 69
2026/07/30 04:23:33.064, 299.23, 100, 74232, 69
2026/07/30 04:23:34.103, 302.71, 100, 74232, 69
2026/07/30 04:23:35.141, 305.53, 100, 74232, 70
2026/07/30 04:23:36.180, 297.24, 100, 74232, 69
2026/07/30 04:23:37.218, 302.20, 100, 74232, 69
2026/07/30 04:23:38.258, 303.88, 100, 74232, 70
2026/07/30 04:23:39.296, 300.57, 100, 74232, 70
2026/07/30 04:23:40.334, 299.97, 100, 74232, 70
2026/07/30 04:23:41.371, 303.00, 100, 74232, 70
2026/07/30 04:23:42.414, 304.16, 100, 74232, 70
2026/07/30 04:23:43.454, 297.04, 100, 74232, 70
2026/07/30 04:23:44.491, 294.32, 100, 74232, 70
2026/07/30 04:23:45.534, 297.23, 100, 74232, 70
2026/07/30 04:23:46.574, 295.68, 100, 74232, 70
2026/07/30 04:23:47.611, 297.05, 100, 74232, 70
2026/07/30 04:23:48.649, 294.70, 100, 74232, 70
2026/07/30 04:23:49.685, 295.00, 100, 74232, 70
2026/07/30 04:23:50.723, 295.98, 100, 74232, 70
2026/07/30 04:23:51.763, 297.25, 100, 74232, 70
2026/07/30 04:23:52.800, 296.87, 100, 74232, 70
2026/07/30 04:23:53.837, 294.82, 100, 74232, 70
2026/07/30 04:23:54.874, 296.18, 100, 74232, 70
2026/07/30 04:23:55.912, 306.18, 100, 74232, 70
2026/07/30 04:23:56.949, 303.50, 100, 74232, 70
2026/07/30 04:23:57.987, 301.03, 100, 74232, 70
2026/07/30 04:23:59.024, 303.57, 100, 74232, 70
2026/07/30 04:24:00.063, 296.57, 100, 74232, 70
2026/07/30 04:24:01.100, 293.26, 100, 74232, 70
2026/07/30 04:24:02.140, 294.62, 100, 74232, 69
2026/07/30 04:24:03.177, 298.32, 100, 74232, 70
2026/07/30 04:24:04.214, 301.52, 100, 74232, 70
2026/07/30 04:24:05.253, 298.87, 100, 74232, 70
2026/07/30 04:24:06.289, 298.88, 100, 74232, 69
2026/07/30 04:24:07.327, 302.88, 100, 74232, 69
2026/07/30 04:24:08.364, 303.57, 100, 74232, 69
2026/07/30 04:24:09.402, 296.17, 100, 74232, 69
2026/07/30 04:24:10.441, 288.31, 100, 74232, 69
2026/07/30 04:24:11.479, 295.20, 100, 74232, 69
2026/07/30 04:24:12.516, 303.17, 100, 74232, 69
2026/07/30 04:24:13.553, 302.31, 100, 74232, 69
2026/07/30 04:24:14.591, 297.64, 100, 74232, 69
2026/07/30 04:24:15.630, 301.69, 100, 74232, 69
2026/07/30 04:24:16.667, 300.74, 100, 74232, 69
2026/07/30 04:24:17.704, 303.09, 100, 74232, 69
2026/07/30 04:24:18.742, 304.05, 100, 74232, 69
2026/07/30 04:24:19.779, 305.38, 100, 74232, 69
2026/07/30 04:24:20.817, 300.55, 100, 74232, 69
2026/07/30 04:24:21.855, 301.23, 100, 74232, 69
2026/07/30 04:24:22.894, 302.76, 100, 74232, 69
2026/07/30 04:24:23.932, 303.53, 100, 74232, 69
2026/07/30 04:24:24.971, 300.46, 100, 74232, 69
2026/07/30 04:24:26.011, 299.48, 100, 74232, 69
2026/07/30 04:24:27.049, 301.53, 100, 74232, 69
2026/07/30 04:24:28.088, 299.67, 100, 74232, 69
2026/07/30 04:24:29.126, 302.77, 100, 74232, 69
2026/07/30 04:24:30.164, 301.23, 100, 74232, 69
2026/07/30 04:24:31.202, 299.38, 100, 74232, 69
2026/07/30 04:24:32.240, 291.51, 100, 74232, 69
2026/07/30 04:24:33.279, 290.35, 100, 74232, 69
2026/07/30 04:24:34.317, 289.46, 100, 74232, 69
2026/07/30 04:24:35.360, 292.67, 100, 74232, 69
2026/07/30 04:24:36.398, 295.19, 100, 74232, 69
2026/07/30 04:24:37.437, 295.99, 100, 74232, 69
2026/07/30 04:24:38.475, 289.95, 100, 74232, 69
2026/07/30 04:24:39.512, 293.73, 100, 74232, 69
2026/07/30 04:24:40.550, 301.62, 100, 74232, 69
2026/07/30 04:24:41.587, 297.85, 100, 74232, 69
2026/07/30 04:24:42.625, 300.18, 100, 74232, 69
2026/07/30 04:24:43.662, 300.54, 100, 74232, 69
2026/07/30 04:24:44.700, 301.81, 100, 74232, 69
2026/07/30 04:24:45.738, 302.80, 100, 74232, 69
2026/07/30 04:24:46.776, 291.87, 100, 74232, 69
2026/07/30 04:24:47.815, 290.05, 100, 74232, 69
2026/07/30 04:24:48.853, 295.88, 100, 74232, 69
2026/07/30 04:24:49.892, 302.97, 100, 74232, 69
2026/07/30 04:24:50.930, 304.20, 100, 74232, 69
2026/07/30 04:24:51.968, 300.06, 100, 74232, 69
2026/07/30 04:24:53.009, 299.78, 100, 74232, 69
2026/07/30 04:24:54.047, 295.20, 100, 74232, 69
2026/07/30 04:24:55.086, 302.79, 100, 74232, 69
2026/07/30 04:24:56.124, 302.57, 100, 74232, 69
2026/07/30 04:24:57.163, 303.35, 100, 74232, 69
2026/07/30 04:24:58.203, 301.83, 100, 74232, 69
2026/07/30 04:24:59.241, 301.33, 100, 74232, 69
2026/07/30 04:25:00.279, 303.27, 100, 74232, 69
2026/07/30 04:25:01.317, 299.58, 100, 74232, 69
2026/07/30 04:25:02.355, 307.73, 100, 74232, 69
2026/07/30 04:25:03.396, 301.81, 100, 74232, 69
2026/07/30 04:25:04.434, 303.04, 100, 74232, 69
2026/07/30 04:25:05.472, 302.39, 100, 74232, 69
2026/07/30 04:25:06.510, 300.16, 100, 74232, 69
2026/07/30 04:25:07.547, 292.57, 100, 74232, 69
2026/07/30 04:25:08.586, 291.52, 100, 74232, 69
2026/07/30 04:25:09.623, 294.21, 100, 74232, 69
2026/07/30 04:25:10.662, 295.51, 100, 74232, 69
2026/07/30 04:25:11.700, 295.59, 100, 74232, 69
2026/07/30 04:25:12.742, 294.14, 100, 74232, 69
2026/07/30 04:25:13.779, 292.56, 100, 74232, 69
2026/07/30 04:25:14.816, 299.86, 100, 74232, 69
2026/07/30 04:25:15.855, 301.86, 100, 74232, 69
2026/07/30 04:25:16.892, 302.88, 100, 74232, 69
2026/07/30 04:25:17.929, 299.58, 100, 74232, 69
2026/07/30 04:25:18.967, 302.78, 100, 74232, 69
2026/07/30 04:25:20.004, 295.88, 100, 74232, 69
2026/07/30 04:25:21.043, 293.93, 100, 74232, 69
2026/07/30 04:25:22.080, 298.90, 100, 74232, 69
2026/07/30 04:25:23.118, 295.88, 100, 74232, 69
2026/07/30 04:25:24.158, 295.10, 100, 74232, 69
2026/07/30 04:25:25.195, 299.86, 100, 74232, 69
2026/07/30 04:25:26.233, 295.96, 100, 74232, 69
2026/07/30 04:25:27.273, 296.57, 100, 74232, 69
2026/07/30 04:25:28.309, 299.84, 100, 74232, 69
2026/07/30 04:25:29.346, 301.43, 100, 74232, 69
2026/07/30 04:25:30.384, 303.24, 100, 74232, 69
2026/07/30 04:25:31.421, 302.11, 100, 74232, 69
2026/07/30 04:25:32.460, 303.66, 100, 74232, 69
2026/07/30 04:25:33.497, 298.02, 100, 74232, 69
2026/07/30 04:25:34.536, 300.73, 100, 74232, 69
2026/07/30 04:25:35.574, 293.32, 100, 74232, 69
2026/07/30 04:25:36.613, 298.51, 100, 74232, 69
2026/07/30 04:25:37.652, 302.48, 100, 74232, 69
2026/07/30 04:25:38.690, 295.69, 100, 74232, 69
2026/07/30 04:25:39.728, 296.86, 100, 74232, 69
2026/07/30 04:25:40.767, 297.43, 100, 74232, 69
2026/07/30 04:25:41.805, 288.20, 100, 74232, 69
2026/07/30 04:25:42.844, 294.24, 100, 74232, 69
2026/07/30 04:25:43.881, 295.58, 100, 74232, 69
2026/07/30 04:25:44.919, 295.89, 100, 74232, 69
2026/07/30 04:25:45.957, 303.07, 100, 74232, 69
2026/07/30 04:25:46.996, 299.29, 100, 74232, 69
2026/07/30 04:25:48.033, 300.14, 100, 74232, 69
2026/07/30 04:25:49.071, 295.99, 100, 74232, 69
2026/07/30 04:25:50.109, 296.17, 100, 74232, 69
2026/07/30 04:25:51.147, 293.06, 100, 74232, 69
2026/07/30 04:25:52.185, 291.51, 100, 74232, 69
2026/07/30 04:25:53.222, 294.53, 100, 74232, 69
2026/07/30 04:25:54.264, 295.89, 100, 74232, 69
2026/07/30 04:25:55.303, 302.78, 100, 74232, 69
2026/07/30 04:25:56.340, 307.16, 100, 74232, 69
2026/07/30 04:25:57.382, 295.98, 100, 74232, 69
2026/07/30 04:25:58.420, 300.47, 100, 74232, 69
2026/07/30 04:25:59.459, 302.21, 100, 74232, 69
2026/07/30 04:26:00.498, 295.37, 100, 74232, 69
2026/07/30 04:26:01.535, 295.88, 100, 74232, 69
2026/07/30 04:26:02.572, 296.84, 100, 74232, 69
2026/07/30 04:26:03.609, 300.75, 100, 74232, 69
2026/07/30 04:26:04.647, 296.68, 100, 74232, 69
2026/07/30 04:26:05.684, 293.77, 100, 74232, 69
2026/07/30 04:26:06.724, 295.20, 100, 74232, 69
2026/07/30 04:26:07.761, 296.16, 100, 74232, 69
2026/07/30 04:26:08.799, 301.91, 100, 74232, 69
2026/07/30 04:26:09.836, 299.78, 100, 74232, 69
2026/07/30 04:26:10.873, 305.65, 100, 74232, 70
2026/07/30 04:26:11.911, 303.86, 100, 74232, 70
2026/07/30 04:26:12.948, 300.13, 100, 74232, 69
2026/07/30 04:26:13.986, 297.54, 100, 74232, 69
2026/07/30 04:26:15.024, 302.11, 100, 74232, 70
2026/07/30 04:26:16.061, 303.36, 100, 74232, 70
2026/07/30 04:26:17.099, 303.98, 100, 74232, 69
2026/07/30 04:26:18.139, 302.09, 100, 74232, 70
2026/07/30 04:26:19.176, 294.86, 100, 74232, 70
2026/07/30 04:26:20.215, 301.41, 100, 74232, 70
2026/07/30 04:26:21.253, 293.84, 100, 74232, 70
2026/07/30 04:26:22.292, 302.85, 100, 74232, 70
2026/07/30 04:26:23.330, 296.35, 100, 74232, 69
2026/07/30 04:26:24.367, 303.77, 100, 74232, 70
2026/07/30 04:26:25.404, 297.05, 100, 74232, 69
2026/07/30 04:26:26.442, 303.77, 100, 74232, 69
2026/07/30 04:26:27.485, 304.93, 100, 74232, 70
2026/07/30 04:26:28.522, 298.90, 100, 74232, 70
2026/07/30 04:26:29.559, 301.48, 100, 74232, 70
2026/07/30 04:26:30.597, 296.08, 100, 74232, 69
2026/07/30 04:26:31.634, 301.59, 100, 74232, 70
2026/07/30 04:26:32.674, 303.27, 100, 74232, 70
2026/07/30 04:26:33.711, 304.12, 100, 74232, 70
2026/07/30 04:26:34.752, 296.73, 100, 74232, 69
2026/07/30 04:26:35.790, 297.24, 100, 74232, 69
2026/07/30 04:26:36.827, 300.05, 100, 74232, 69
2026/07/30 04:26:37.867, 296.10, 100, 74232, 69
2026/07/30 04:26:38.905, 298.00, 100, 74232, 69
2026/07/30 04:26:39.944, 302.89, 100, 74232, 69
2026/07/30 04:26:40.982, 294.90, 100, 74232, 69
2026/07/30 04:26:42.019, 295.79, 100, 74232, 69
2026/07/30 04:26:43.057, 296.76, 100, 74232, 69
2026/07/30 04:26:44.094, 295.66, 100, 74232, 71
2026/07/30 04:26:45.130, 306.39, 100, 74232, 71
2026/07/30 04:26:46.166, 294.60, 100, 74232, 71
2026/07/30 04:26:47.202, 289.75, 100, 74232, 71
2026/07/30 04:26:48.239, 308.15, 100, 74232, 71
2026/07/30 04:26:49.278, 259.86, 100, 74232, 71
2026/07/30 04:26:50.314, 297.64, 100, 74232, 69
2026/07/30 04:26:51.352, 302.30, 100, 74232, 69
2026/07/30 04:26:52.389, 299.28, 100, 74232, 69
2026/07/30 04:26:53.427, 296.65, 100, 74232, 69
2026/07/30 04:26:54.472, 302.58, 100, 74232, 70
2026/07/30 04:26:55.516, 303.08, 100, 74232, 70
2026/07/30 04:26:56.554, 301.31, 100, 74232, 70
2026/07/30 04:26:57.591, 303.28, 100, 74232, 70
2026/07/30 04:26:58.629, 303.55, 100, 74232, 70
2026/07/30 04:26:59.667, 301.04, 100, 74232, 70
2026/07/30 04:27:00.707, 302.73, 100, 74232, 70
2026/07/30 04:27:01.745, 303.56, 100, 74232, 70
2026/07/30 04:27:02.782, 298.60, 100, 74232, 70
2026/07/30 04:27:03.820, 302.97, 100, 74232, 70
2026/07/30 04:27:04.857, 302.78, 100, 74232, 70
2026/07/30 04:27:05.895, 297.73, 100, 74232, 70
2026/07/30 04:27:06.932, 302.21, 100, 74232, 70
2026/07/30 04:27:07.970, 303.51, 100, 74232, 70
2026/07/30 04:27:09.007, 306.85, 100, 74232, 70
2026/07/30 04:27:10.045, 301.61, 100, 74232, 70
2026/07/30 04:27:11.082, 303.18, 100, 74232, 70
2026/07/30 04:27:12.120, 304.30, 100, 74232, 70
2026/07/30 04:27:13.157, 301.33, 100, 74232, 70
2026/07/30 04:27:14.201, 306.87, 100, 74232, 70
2026/07/30 04:27:15.239, 296.56, 100, 74232, 70
2026/07/30 04:27:16.276, 294.01, 100, 74232, 70
2026/07/30 04:27:17.318, 296.07, 100, 74232, 70
2026/07/30 04:27:18.356, 301.90, 100, 74232, 70
2026/07/30 04:27:19.393, 293.07, 100, 74232, 70
2026/07/30 04:27:20.434, 295.97, 100, 74232, 70
2026/07/30 04:27:21.471, 296.17, 100, 74232, 70
2026/07/30 04:27:22.508, 293.07, 100, 74232, 70
2026/07/30 04:27:23.547, 295.40, 100, 74232, 70
2026/07/30 04:27:24.587, 301.12, 100, 74232, 70
2026/07/30 04:27:25.625, 293.83, 100, 74232, 70
2026/07/30 04:27:26.664, 299.75, 100, 74232, 70
2026/07/30 04:27:27.702, 303.94, 100, 74232, 70
2026/07/30 04:27:28.740, 300.33, 100, 74232, 70
2026/07/30 04:27:29.778, 295.60, 100, 74232, 70
2026/07/30 04:27:30.815, 291.42, 100, 74232, 70
2026/07/30 04:27:31.853, 300.06, 100, 74232, 70
2026/07/30 04:27:32.890, 295.56, 100, 74232, 70
2026/07/30 04:27:33.929, 296.55, 100, 74232, 70
2026/07/30 04:27:34.967, 296.76, 100, 74232, 70
2026/07/30 04:27:36.009, 294.82, 100, 74232, 70
2026/07/30 04:27:37.046, 292.85, 100, 74232, 70
2026/07/30 04:27:38.085, 303.81, 100, 74232, 70
2026/07/30 04:27:39.124, 298.70, 100, 74232, 70
2026/07/30 04:27:40.162, 300.64, 100, 74232, 70
2026/07/30 04:27:41.203, 302.95, 100, 74232, 70
2026/07/30 04:27:42.241, 300.95, 100, 74232, 70
2026/07/30 04:27:43.279, 295.59, 100, 74232, 70
2026/07/30 04:27:44.320, 294.82, 100, 74232, 70
2026/07/30 04:27:45.358, 296.75, 100, 74232, 70
2026/07/30 04:27:46.398, 291.01, 100, 74232, 70
2026/07/30 04:27:47.436, 297.72, 100, 74232, 70
2026/07/30 04:27:48.475, 302.96, 100, 74232, 70
2026/07/30 04:27:49.516, 295.49, 100, 74232, 70
2026/07/30 04:27:50.555, 297.52, 100, 74232, 70
2026/07/30 04:27:51.593, 301.82, 100, 74232, 70
2026/07/30 04:27:52.634, 301.62, 100, 74232, 70
2026/07/30 04:27:53.671, 298.59, 100, 74232, 70
2026/07/30 04:27:54.707, 302.35, 100, 74232, 70
2026/07/30 04:27:55.744, 296.64, 100, 74232, 70
2026/07/30 04:27:56.780, 294.43, 100, 74232, 70
2026/07/30 04:27:57.816, 302.54, 100, 74232, 70
2026/07/30 04:27:58.855, 303.85, 100, 74232, 70
2026/07/30 04:27:59.893, 300.90, 100, 74232, 69
2026/07/30 04:28:00.933, 294.12, 100, 74232, 70
2026/07/30 04:28:01.971, 303.62, 100, 74232, 70
2026/07/30 04:28:03.011, 301.03, 100, 74232, 70
2026/07/30 04:28:04.050, 301.96, 100, 74232, 70
2026/07/30 04:28:05.088, 303.37, 100, 74232, 70
2026/07/30 04:28:06.124, 299.93, 100, 74232, 69
2026/07/30 04:28:07.162, 301.22, 100, 74232, 69
2026/07/30 04:28:08.198, 296.55, 100, 74232, 69
2026/07/30 04:28:09.238, 293.08, 100, 74232, 69
2026/07/30 04:28:10.274, 296.08, 100, 74232, 69
2026/07/30 04:28:11.312, 295.09, 100, 74232, 69
2026/07/30 04:28:12.349, 296.07, 100, 74232, 69
2026/07/30 04:28:13.389, 289.56, 100, 74232, 69
2026/07/30 04:28:14.425, 294.15, 100, 74232, 69
2026/07/30 04:28:15.461, 295.39, 100, 74232, 69
2026/07/30 04:28:16.499, 297.83, 100, 74232, 69
2026/07/30 04:28:17.538, 298.12, 100, 74232, 69
2026/07/30 04:28:18.576, 301.33, 100, 74232, 69
2026/07/30 04:28:19.614, 302.59, 100, 74232, 69
2026/07/30 04:28:20.651, 301.82, 100, 74232, 69
2026/07/30 04:28:21.688, 292.18, 100, 74232, 69
2026/07/30 04:28:22.725, 294.61, 100, 74232, 69
2026/07/30 04:28:23.764, 297.81, 100, 74232, 69
2026/07/30 04:28:24.801, 297.25, 100, 74232, 69
2026/07/30 04:28:25.838, 293.65, 100, 74232, 69
2026/07/30 04:28:26.875, 295.69, 100, 74232, 69
2026/07/30 04:28:27.911, 296.44, 100, 74232, 69
2026/07/30 04:28:28.953, 288.11, 100, 74232, 69
2026/07/30 04:28:29.992, 295.49, 100, 74232, 69
2026/07/30 04:28:31.029, 296.47, 100, 74232, 70
2026/07/30 04:28:32.067, 303.00, 100, 74232, 70
2026/07/30 04:28:33.107, 304.83, 100, 74232, 70
2026/07/30 04:28:34.145, 301.31, 100, 74232, 70
2026/07/30 04:28:35.182, 295.01, 100, 74232, 70
2026/07/30 04:28:36.222, 300.25, 100, 74232, 70
2026/07/30 04:28:37.259, 305.90, 100, 74232, 70
2026/07/30 04:28:38.298, 296.17, 100, 74232, 70
2026/07/30 04:28:39.337, 303.55, 100, 74232, 70
2026/07/30 04:28:40.373, 299.39, 100, 74232, 70
2026/07/30 04:28:41.410, 295.91, 100, 74232, 69
2026/07/30 04:28:42.448, 297.63, 100, 74232, 70
2026/07/30 04:28:43.486, 300.15, 100, 74232, 70
2026/07/30 04:28:44.523, 303.45, 100, 74232, 70
2026/07/30 04:28:45.560, 298.11, 100, 74232, 69
2026/07/30 04:28:46.600, 294.61, 100, 74232, 69
2026/07/30 04:28:47.640, 295.12, 100, 74232, 69
2026/07/30 04:28:48.679, 295.78, 100, 74232, 69
2026/07/30 04:28:49.716, 290.54, 100, 74232, 69
2026/07/30 04:28:50.753, 293.26, 100, 74232, 69
2026/07/30 04:28:51.790, 294.79, 100, 74232, 69
2026/07/30 04:28:52.833, 295.40, 100, 74232, 69
2026/07/30 04:28:53.870, 300.03, 100, 74232, 69
2026/07/30 04:28:54.906, 297.83, 100, 74232, 69
2026/07/30 04:28:55.945, 297.43, 100, 74232, 69
2026/07/30 04:28:56.983, 291.21, 100, 74232, 69
2026/07/30 04:28:58.021, 295.96, 100, 74232, 69
2026/07/30 04:28:59.058, 289.97, 100, 74232, 69
2026/07/30 04:29:00.097, 294.71, 100, 74232, 69
2026/07/30 04:29:01.134, 301.82, 100, 74232, 69
2026/07/30 04:29:02.172, 302.86, 100, 74232, 69
2026/07/30 04:29:03.210, 301.70, 100, 74232, 69
2026/07/30 04:29:04.247, 297.92, 100, 74232, 69
2026/07/30 04:29:05.285, 301.51, 100, 74232, 69
2026/07/30 04:29:06.323, 302.59, 100, 74232, 69
2026/07/30 04:29:07.361, 296.35, 100, 74232, 69
2026/07/30 04:29:08.399, 293.15, 100, 74232, 69
2026/07/30 04:29:09.439, 302.21, 100, 74232, 69
2026/07/30 04:29:10.477, 296.16, 100, 74232, 69
2026/07/30 04:29:11.516, 292.85, 100, 74232, 69
2026/07/30 04:29:12.554, 301.70, 100, 74232, 69
2026/07/30 04:29:13.592, 303.08, 100, 74232, 69
2026/07/30 04:29:14.630, 302.98, 100, 74232, 69
2026/07/30 04:29:15.668, 298.99, 100, 74232, 69
2026/07/30 04:29:16.706, 294.43, 100, 74232, 69
2026/07/30 04:29:17.744, 302.55, 100, 74232, 69
2026/07/30 04:29:18.781, 302.78, 100, 74232, 69
2026/07/30 04:29:19.818, 297.33, 100, 74232, 69
2026/07/30 04:29:20.855, 292.28, 100, 74232, 69
2026/07/30 04:29:21.893, 295.97, 100, 74232, 69
2026/07/30 04:29:22.931, 302.02, 100, 74232, 69
2026/07/30 04:29:23.972, 303.13, 100, 74232, 69
2026/07/30 04:29:25.010, 299.08, 100, 74232, 69
2026/07/30 04:29:26.046, 302.40, 100, 74232, 69
2026/07/30 04:29:27.085, 292.27, 100, 74232, 69
2026/07/30 04:29:28.124, 296.37, 100, 74232, 69
2026/07/30 04:29:29.162, 292.58, 100, 74232, 69
2026/07/30 04:29:30.200, 295.28, 100, 74232, 69
2026/07/30 04:29:31.239, 301.97, 100, 74232, 69
2026/07/30 04:29:32.277, 299.31, 100, 74232, 69
2026/07/30 04:29:33.316, 298.51, 100, 74232, 69
2026/07/30 04:29:34.354, 300.06, 100, 74232, 69
2026/07/30 04:29:35.392, 296.84, 100, 74232, 69
2026/07/30 04:29:36.433, 302.67, 100, 74232, 69
2026/07/30 04:29:37.471, 296.46, 100, 74232, 69
2026/07/30 04:29:38.508, 291.60, 100, 74232, 69
2026/07/30 04:29:39.546, 294.90, 100, 74232, 69
2026/07/30 04:29:40.583, 295.20, 100, 74232, 69
2026/07/30 04:29:41.621, 296.35, 100, 74232, 69
2026/07/30 04:29:42.660, 300.17, 100, 74232, 69
2026/07/30 04:29:43.702, 296.16, 100, 74232, 69
2026/07/30 04:29:44.741, 293.93, 100, 74232, 69
2026/07/30 04:29:45.781, 294.80, 100, 74232, 69
2026/07/30 04:29:46.819, 294.42, 100, 74232, 69
2026/07/30 04:29:47.857, 295.19, 100, 74232, 69
2026/07/30 04:29:48.896, 296.78, 100, 74232, 69
2026/07/30 04:29:49.936, 296.75, 100, 74232, 69
2026/07/30 04:29:50.974, 285.86, 100, 74232, 69
2026/07/30 04:29:52.013, 288.10, 100, 74232, 69
2026/07/30 04:29:53.051, 295.59, 100, 74232, 69
2026/07/30 04:29:54.089, 296.27, 100, 74232, 69
2026/07/30 04:29:55.130, 291.98, 100, 74232, 69
2026/07/30 04:29:56.168, 297.35, 100, 74232, 69
2026/07/30 04:29:57.208, 299.10, 100, 74232, 69
2026/07/30 04:29:58.247, 302.79, 100, 74232, 69
2026/07/30 04:29:59.284, 295.40, 100, 74232, 69
2026/07/30 04:30:00.321, 296.28, 100, 74232, 69
2026/07/30 04:30:01.360, 293.64, 100, 74232, 69
2026/07/30 04:30:02.397, 291.61, 100, 74232, 69
2026/07/30 04:30:03.435, 294.52, 100, 74232, 69
2026/07/30 04:30:04.474, 296.07, 100, 74232, 69
2026/07/30 04:30:05.513, 291.79, 100, 74232, 69
2026/07/30 04:30:06.551, 297.54, 100, 74232, 69
2026/07/30 04:30:07.589, 295.58, 100, 74232, 69
2026/07/30 04:30:08.626, 295.49, 100, 74232, 69
2026/07/30 04:30:09.666, 298.99, 100, 74232, 69
2026/07/30 04:30:10.704, 297.06, 100, 74232, 69
2026/07/30 04:30:11.746, 299.76, 100, 74232, 69
2026/07/30 04:30:12.784, 296.86, 100, 74232, 69
2026/07/30 04:30:13.821, 298.41, 100, 74232, 69
2026/07/30 04:30:14.867, 303.75, 100, 74232, 69
2026/07/30 04:30:15.905, 296.16, 100, 74232, 69
2026/07/30 04:30:16.943, 295.31, 100, 74232, 69
2026/07/30 04:30:17.989, 294.52, 100, 74232, 69
2026/07/30 04:30:19.028, 293.56, 100, 74232, 69
2026/07/30 04:30:20.070, 296.45, 100, 74232, 69
2026/07/30 04:30:21.108, 300.06, 100, 74232, 69
2026/07/30 04:30:22.146, 296.85, 100, 74232, 69
2026/07/30 04:30:23.186, 293.15, 100, 74232, 69
2026/07/30 04:30:24.224, 302.00, 100, 74232, 69
2026/07/30 04:30:25.262, 302.31, 100, 74232, 69
2026/07/30 04:30:26.299, 296.56, 100, 74232, 69
2026/07/30 04:30:27.337, 291.06, 100, 74232, 69
2026/07/30 04:30:28.374, 294.71, 100, 74232, 69
2026/07/30 04:30:29.412, 299.19, 100, 74232, 69
2026/07/30 04:30:30.449, 305.70, 100, 74232, 69
2026/07/30 04:30:31.492, 303.05, 100, 74232, 69
2026/07/30 04:30:32.531, 292.18, 100, 74232, 69
2026/07/30 04:30:33.568, 295.33, 100, 74232, 69
2026/07/30 04:30:34.610, 295.51, 100, 74232, 69
2026/07/30 04:30:35.648, 292.48, 100, 74232, 69
2026/07/30 04:30:36.685, 302.10, 100, 74232, 69
2026/07/30 04:30:37.723, 303.00, 100, 74232, 69
2026/07/30 04:30:38.760, 302.58, 100, 74232, 69
2026/07/30 04:30:39.797, 303.85, 100, 74232, 69
2026/07/30 04:30:40.836, 299.66, 100, 74232, 69
2026/07/30 04:30:41.874, 297.45, 100, 74232, 69
2026/07/30 04:30:42.911, 293.16, 100, 74232, 69
2026/07/30 04:30:43.951, 302.20, 100, 74232, 69
2026/07/30 04:30:44.989, 294.89, 100, 74232, 69
2026/07/30 04:30:46.026, 296.29, 100, 74232, 69
2026/07/30 04:30:47.066, 303.05, 100, 74232, 69
2026/07/30 04:30:48.104, 301.04, 100, 74232, 69
2026/07/30 04:30:49.143, 291.50, 100, 74232, 69
2026/07/30 04:30:50.181, 300.54, 100, 74232, 69
2026/07/30 04:30:51.222, 303.16, 100, 74232, 69
2026/07/30 04:30:52.258, 298.98, 100, 74232, 69
2026/07/30 04:30:53.296, 293.15, 100, 74232, 69
2026/07/30 04:30:54.336, 287.15, 100, 74232, 69
2026/07/30 04:30:55.373, 297.46, 100, 74232, 69
2026/07/30 04:30:56.412, 300.53, 100, 74232, 69
2026/07/30 04:30:57.451, 296.68, 100, 74232, 69
2026/07/30 04:30:58.489, 297.82, 100, 74232, 69
2026/07/30 04:30:59.527, 295.69, 100, 74232, 69
2026/07/30 04:31:00.564, 293.35, 100, 74232, 69
2026/07/30 04:31:01.602, 295.89, 100, 74232, 69
2026/07/30 04:31:02.642, 296.26, 100, 74232, 69
2026/07/30 04:31:03.681, 292.84, 100, 74232, 69
2026/07/30 04:31:04.720, 298.40, 100, 74232, 69
2026/07/30 04:31:05.757, 300.71, 100, 74232, 69
2026/07/30 04:31:06.795, 302.18, 100, 74232, 69
2026/07/30 04:31:07.832, 302.49, 100, 74232, 69
2026/07/30 04:31:08.870, 303.33, 100, 74232, 69
2026/07/30 04:31:09.907, 306.04, 100, 74232, 69
2026/07/30 04:31:10.946, 298.51, 100, 74232, 69
2026/07/30 04:31:11.984, 297.35, 100, 74232, 69
2026/07/30 04:31:13.023, 298.01, 100, 74232, 69
2026/07/30 04:31:14.061, 296.85, 100, 74232, 69
2026/07/30 04:31:15.099, 295.88, 100, 74232, 69
2026/07/30 04:31:16.137, 296.86, 100, 74232, 69
2026/07/30 04:31:17.175, 296.66, 100, 74232, 69
2026/07/30 04:31:18.216, 296.94, 100, 74232, 69
2026/07/30 04:31:19.253, 301.14, 100, 74232, 69
2026/07/30 04:31:20.290, 297.83, 100, 74232, 69
2026/07/30 04:31:21.327, 301.02, 100, 74232, 69
2026/07/30 04:31:22.364, 303.42, 100, 74232, 69
2026/07/30 04:31:23.401, 304.35, 100, 74232, 69
2026/07/30 04:31:24.440, 299.27, 100, 74232, 69
2026/07/30 04:31:25.477, 292.09, 100, 74232, 69
2026/07/30 04:31:26.517, 295.18, 100, 74232, 69
2026/07/30 04:31:27.555, 296.08, 100, 74232, 69
2026/07/30 04:31:28.595, 292.20, 100, 74232, 69
2026/07/30 04:31:29.632, 297.06, 100, 74232, 69
2026/07/30 04:31:30.675, 300.62, 100, 74232, 69
2026/07/30 04:31:31.713, 298.71, 100, 74232, 69
2026/07/30 04:31:32.750, 301.70, 100, 74232, 69
2026/07/30 04:31:33.788, 303.08, 100, 74232, 69
2026/07/30 04:31:34.825, 295.20, 100, 74232, 69
2026/07/30 04:31:35.863, 303.13, 100, 74232, 69
2026/07/30 04:31:36.900, 303.96, 100, 74232, 69
2026/07/30 04:31:37.937, 301.32, 100, 74232, 69
2026/07/30 04:31:38.974, 297.93, 100, 74232, 69
2026/07/30 04:31:40.012, 297.89, 100, 74232, 69
2026/07/30 04:31:41.051, 296.75, 100, 74232, 69
2026/07/30 04:31:42.089, 291.11, 100, 74232, 69
2026/07/30 04:31:43.126, 295.68, 100, 74232, 69
2026/07/30 04:31:44.167, 94.82, 0, 74232, 66
2026/07/30 04:31:45.201, 291.16, 100, 74232, 70
2026/07/30 04:31:46.236, 298.36, 100, 74232, 71
2026/07/30 04:31:47.273, 287.64, 100, 74232, 71
2026/07/30 04:31:48.309, 317.72, 100, 74232, 71
2026/07/30 04:31:49.344, 319.32, 100, 74232, 71
2026/07/30 04:31:50.387, 276.09, 100, 74232, 71
2026/07/30 04:31:51.426, 300.45, 100, 74232, 69
2026/07/30 04:31:52.463, 301.33, 100, 74232, 69
2026/07/30 04:31:53.502, 303.18, 100, 74232, 69
2026/07/30 04:31:54.540, 300.55, 100, 74232, 69
2026/07/30 04:31:55.578, 301.32, 100, 74232, 69
2026/07/30 04:31:56.615, 303.55, 100, 74232, 69
2026/07/30 04:31:57.653, 301.49, 100, 74232, 70
2026/07/30 04:31:58.690, 303.94, 100, 74232, 70
2026/07/30 04:31:59.728, 303.37, 100, 74232, 70
2026/07/30 04:32:00.766, 300.94, 100, 74232, 70
2026/07/30 04:32:01.803, 305.98, 100, 74232, 70
2026/07/30 04:32:02.840, 304.13, 100, 74232, 70
2026/07/30 04:32:03.878, 301.48, 100, 74232, 70
2026/07/30 04:32:04.916, 299.48, 100, 74232, 70
2026/07/30 04:32:05.954, 303.23, 100, 74232, 70
2026/07/30 04:32:06.993, 296.18, 100, 74232, 70
2026/07/30 04:32:08.034, 302.73, 100, 74232, 70
2026/07/30 04:32:09.071, 303.85, 100, 74232, 70
2026/07/30 04:32:10.108, 299.35, 100, 74232, 70
2026/07/30 04:32:11.146, 300.06, 100, 74232, 70
2026/07/30 04:32:12.185, 302.56, 100, 74232, 70
2026/07/30 04:32:13.222, 299.00, 100, 74232, 70
2026/07/30 04:32:14.259, 301.90, 100, 74232, 70
2026/07/30 04:32:15.297, 295.18, 100, 74232, 70
2026/07/30 04:32:16.343, 303.81, 100, 74232, 70
2026/07/30 04:32:17.380, 302.28, 100, 74232, 70
2026/07/30 04:32:18.418, 302.47, 100, 74232, 70
2026/07/30 04:32:19.456, 303.39, 100, 74232, 70
2026/07/30 04:32:20.493, 300.45, 100, 74232, 70
2026/07/30 04:32:21.532, 293.46, 100, 74232, 69
2026/07/30 04:32:22.571, 303.35, 100, 74232, 70
2026/07/30 04:32:23.609, 300.73, 100, 74232, 70
2026/07/30 04:32:24.648, 301.41, 100, 74232, 70
2026/07/30 04:32:25.685, 302.30, 100, 74232, 70
2026/07/30 04:32:26.723, 298.31, 100, 74232, 70
2026/07/30 04:32:27.761, 302.27, 100, 74232, 70
2026/07/30 04:32:28.803, 297.52, 100, 74232, 69
2026/07/30 04:32:29.841, 293.92, 100, 74232, 69
2026/07/30 04:32:30.887, 297.43, 100, 74232, 69
2026/07/30 04:32:31.926, 296.57, 100, 74232, 69
2026/07/30 04:32:32.964, 293.17, 100, 74232, 69
2026/07/30 04:32:34.009, 292.96, 100, 74232, 69
2026/07/30 04:32:35.046, 304.13, 100, 74232, 70
2026/07/30 04:32:36.082, 297.34, 100, 74232, 70
2026/07/30 04:32:37.120, 295.77, 100, 74232, 70
2026/07/30 04:32:38.157, 302.08, 100, 74232, 69
2026/07/30 04:32:39.194, 296.25, 100, 74232, 69
2026/07/30 04:32:40.231, 302.38, 100, 74232, 70
2026/07/30 04:32:41.268, 297.82, 100, 74232, 69
2026/07/30 04:32:42.306, 293.35, 100, 74232, 69
2026/07/30 04:32:43.343, 295.00, 100, 74232, 69
2026/07/30 04:32:44.381, 302.49, 100, 74232, 69
2026/07/30 04:32:45.419, 304.13, 100, 74232, 70
2026/07/30 04:32:46.455, 298.21, 100, 74232, 69
2026/07/30 04:32:47.495, 302.96, 100, 74232, 70
2026/07/30 04:32:48.532, 303.57, 100, 74232, 70
2026/07/30 04:32:49.569, 300.64, 100, 74232, 69
2026/07/30 04:32:50.606, 306.82, 100, 74232, 70
2026/07/30 04:32:51.648, 303.86, 100, 74232, 69
2026/07/30 04:32:52.685, 300.64, 100, 74232, 69
2026/07/30 04:32:53.723, 303.46, 100, 74232, 69
2026/07/30 04:32:54.761, 302.65, 100, 74232, 69
2026/07/30 04:32:55.798, 292.76, 100, 74232, 69
2026/07/30 04:32:56.836, 294.72, 100, 74232, 69
2026/07/30 04:32:57.873, 292.49, 100, 74232, 69
2026/07/30 04:32:58.911, 292.28, 100, 74232, 69
2026/07/30 04:32:59.949, 298.42, 100, 74232, 69
2026/07/30 04:33:00.986, 303.07, 100, 74232, 69
2026/07/30 04:33:02.023, 303.47, 100, 74232, 69
2026/07/30 04:33:03.060, 301.78, 100, 74232, 69
2026/07/30 04:33:04.096, 303.07, 100, 74232, 69
2026/07/30 04:33:05.133, 303.45, 100, 74232, 69
2026/07/30 04:33:06.172, 296.16, 100, 74232, 69
2026/07/30 04:33:07.210, 301.23, 100, 74232, 69
2026/07/30 04:33:08.247, 299.37, 100, 74232, 69
2026/07/30 04:33:09.286, 291.70, 100, 74232, 69
2026/07/30 04:33:10.323, 297.33, 100, 74232, 69
2026/07/30 04:33:11.365, 303.52, 100, 74232, 69
2026/07/30 04:33:12.402, 292.76, 100, 74232, 69
2026/07/30 04:33:13.439, 290.72, 100, 74232, 69
2026/07/30 04:33:14.477, 302.86, 100, 74232, 69
2026/07/30 04:33:15.514, 302.29, 100, 74232, 69
2026/07/30 04:33:16.554, 298.70, 100, 74232, 69
2026/07/30 04:33:17.591, 297.42, 100, 74232, 69
2026/07/30 04:33:18.629, 290.64, 100, 74232, 69
2026/07/30 04:33:19.666, 295.79, 100, 74232, 69
2026/07/30 04:33:20.706, 296.08, 100, 74232, 69
2026/07/30 04:33:21.743, 297.92, 100, 74232, 69
2026/07/30 04:33:22.781, 298.02, 100, 74232, 69
2026/07/30 04:33:23.820, 292.38, 100, 74232, 69
2026/07/30 04:33:24.858, 295.60, 100, 74232, 69
2026/07/30 04:33:25.900, 288.51, 100, 74232, 69
2026/07/30 04:33:26.942, 301.02, 100, 74232, 69
2026/07/30 04:33:27.980, 299.24, 100, 74232, 69
2026/07/30 04:33:29.017, 295.49, 100, 74232, 69
2026/07/30 04:33:30.056, 297.92, 100, 74232, 69
2026/07/30 04:33:31.093, 298.21, 100, 74232, 69
2026/07/30 04:33:32.131, 299.06, 100, 74232, 69
2026/07/30 04:33:33.169, 300.14, 100, 74232, 69
2026/07/30 04:33:34.205, 304.51, 100, 74232, 69
2026/07/30 04:33:35.243, 298.30, 100, 74232, 69
2026/07/30 04:33:36.281, 302.17, 100, 74232, 69
2026/07/30 04:33:37.317, 296.45, 100, 74232, 69
2026/07/30 04:33:38.354, 298.87, 100, 74232, 70
2026/07/30 04:33:39.391, 301.97, 100, 74232, 70
2026/07/30 04:33:40.432, 303.63, 100, 74232, 70
2026/07/30 04:33:41.469, 303.35, 100, 74232, 70
2026/07/30 04:33:42.507, 301.39, 100, 74232, 70
2026/07/30 04:33:43.545, 303.51, 100, 74232, 70
2026/07/30 04:33:44.584, 302.86, 100, 74232, 70
2026/07/30 04:33:45.621, 298.59, 100, 74232, 70
2026/07/30 04:33:46.659, 302.30, 100, 74232, 70
2026/07/30 04:33:47.698, 301.13, 100, 74232, 70
2026/07/30 04:33:48.736, 303.75, 100, 74232, 70
2026/07/30 04:33:49.775, 299.08, 100, 74232, 70
2026/07/30 04:33:50.812, 302.96, 100, 74232, 70
2026/07/30 04:33:51.851, 296.23, 100, 74232, 70
2026/07/30 04:33:52.888, 295.86, 100, 74232, 70
2026/07/30 04:33:53.925, 292.66, 100, 74232, 70
2026/07/30 04:33:54.962, 292.36, 100, 74232, 70
2026/07/30 04:33:55.999, 305.50, 100, 74232, 70
2026/07/30 04:33:57.037, 295.69, 100, 74232, 70
2026/07/30 04:33:58.073, 296.07, 100, 74232, 69
2026/07/30 04:33:59.110, 291.14, 100, 74232, 69
2026/07/30 04:34:00.147, 294.51, 100, 74232, 69
2026/07/30 04:34:01.187, 301.81, 100, 74232, 69
2026/07/30 04:34:02.224, 304.00, 100, 74232, 69
2026/07/30 04:34:03.262, 298.60, 100, 74232, 69
2026/07/30 04:34:04.299, 300.57, 100, 74232, 69
2026/07/30 04:34:05.339, 293.73, 100, 74232, 69
2026/07/30 04:34:06.377, 303.76, 100, 74232, 69
2026/07/30 04:34:07.414, 299.49, 100, 74232, 69
2026/07/30 04:34:08.451, 300.16, 100, 74232, 69
2026/07/30 04:34:09.488, 302.00, 100, 74232, 69
2026/07/30 04:34:10.526, 303.38, 100, 74232, 69
2026/07/30 04:34:11.564, 303.86, 100, 74232, 70
2026/07/30 04:34:12.602, 301.22, 100, 74232, 69
2026/07/30 04:34:13.640, 296.57, 100, 74232, 69
2026/07/30 04:34:14.681, 298.10, 100, 74232, 69
2026/07/30 04:34:15.719, 303.76, 100, 74232, 69
2026/07/30 04:34:16.758, 295.40, 100, 74232, 69
2026/07/30 04:34:17.795, 292.18, 100, 74232, 69
2026/07/30 04:34:18.834, 295.20, 100, 74232, 69
2026/07/30 04:34:19.875, 296.65, 100, 74232, 69
2026/07/30 04:34:20.912, 296.58, 100, 74232, 69
2026/07/30 04:34:21.950, 299.30, 100, 74232, 69
2026/07/30 04:34:22.987, 302.16, 100, 74232, 69
2026/07/30 04:34:24.024, 290.83, 100, 74232, 69
2026/07/30 04:34:25.063, 295.98, 100, 74232, 69
2026/07/30 04:34:26.100, 298.33, 100, 74232, 70
2026/07/30 04:34:27.144, 299.27, 100, 74232, 69
2026/07/30 04:34:28.182, 298.71, 100, 74232, 69
2026/07/30 04:34:29.218, 295.49, 100, 74232, 69
2026/07/30 04:34:30.256, 295.57, 100, 74232, 69
2026/07/30 04:34:31.293, 299.08, 100, 74232, 70
2026/07/30 04:34:32.330, 301.48, 100, 74232, 70
2026/07/30 04:34:33.366, 303.46, 100, 74232, 70
2026/07/30 04:34:34.406, 303.46, 100, 74232, 69
2026/07/30 04:34:35.442, 300.17, 100, 74232, 70
2026/07/30 04:34:36.479, 301.98, 100, 74232, 69
2026/07/30 04:34:37.516, 298.13, 100, 74232, 69
2026/07/30 04:34:38.554, 296.76, 100, 74232, 69
2026/07/30 04:34:39.590, 304.68, 100, 74232, 70
2026/07/30 04:34:40.626, 301.48, 100, 74232, 70
2026/07/30 04:34:41.662, 293.75, 100, 74232, 69
2026/07/30 04:34:42.699, 296.44, 100, 74232, 69
2026/07/30 04:34:43.735, 296.95, 100, 74232, 69
2026/07/30 04:34:44.773, 288.36, 100, 74232, 69
2026/07/30 04:34:45.811, 291.31, 100, 74232, 69
2026/07/30 04:34:46.848, 295.79, 100, 74232, 69
2026/07/30 04:34:47.885, 293.25, 100, 74232, 69
2026/07/30 04:34:48.921, 293.26, 100, 74232, 69
2026/07/30 04:34:49.959, 302.48, 100, 74232, 69
2026/07/30 04:34:51.000, 303.18, 100, 74232, 69
2026/07/30 04:34:52.036, 296.65, 100, 74232, 69
2026/07/30 04:34:53.074, 301.48, 100, 74232, 69
2026/07/30 04:34:54.113, 306.36, 100, 74232, 69
2026/07/30 04:34:55.151, 302.08, 100, 74232, 69
2026/07/30 04:34:56.190, 303.35, 100, 74232, 69
2026/07/30 04:34:57.227, 298.67, 100, 74232, 69
2026/07/30 04:34:58.266, 291.03, 100, 74232, 69
2026/07/30 04:34:59.303, 294.82, 100, 74232, 69
2026/07/30 04:35:00.341, 305.09, 100, 74232, 69
2026/07/30 04:35:01.379, 302.68, 100, 74232, 69
2026/07/30 04:35:02.416, 303.93, 100, 74232, 69
2026/07/30 04:35:03.456, 299.68, 100, 74232, 70
2026/07/30 04:35:04.493, 302.89, 100, 74232, 69
2026/07/30 04:35:05.532, 294.62, 100, 74232, 69
2026/07/30 04:35:06.569, 299.39, 100, 74232, 69
2026/07/30 04:35:07.607, 291.33, 100, 74232, 69
2026/07/30 04:35:08.646, 299.09, 100, 74232, 69
2026/07/30 04:35:09.683, 294.61, 100, 74232, 69
2026/07/30 04:35:10.722, 295.22, 100, 74232, 69
2026/07/30 04:35:11.759, 302.20, 100, 74232, 70
2026/07/30 04:35:12.797, 300.46, 100, 74232, 70
2026/07/30 04:35:13.836, 299.20, 100, 74232, 70
2026/07/30 04:35:14.875, 298.14, 100, 74232, 70
2026/07/30 04:35:15.912, 302.21, 100, 74232, 70
2026/07/30 04:35:16.950, 293.05, 100, 74232, 70
2026/07/30 04:35:17.988, 303.34, 100, 74232, 70
2026/07/30 04:35:19.027, 303.76, 100, 74232, 70
2026/07/30 04:35:20.068, 301.03, 100, 74232, 70
2026/07/30 04:35:21.106, 293.64, 100, 74232, 70
2026/07/30 04:35:22.149, 295.02, 100, 74232, 70
2026/07/30 04:35:23.188, 295.78, 100, 74232, 70
2026/07/30 04:35:24.225, 297.06, 100, 74232, 70
2026/07/30 04:35:25.263, 296.56, 100, 74232, 70
2026/07/30 04:35:26.300, 299.60, 100, 74232, 70
2026/07/30 04:35:27.342, 293.83, 100, 74232, 70
2026/07/30 04:35:28.380, 300.26, 100, 74232, 70
2026/07/30 04:35:29.417, 301.82, 100, 74232, 70
2026/07/30 04:35:30.455, 303.76, 100, 74232, 70
2026/07/30 04:35:31.493, 303.45, 100, 74232, 70
2026/07/30 04:35:32.530, 297.54, 100, 74232, 70
2026/07/30 04:35:33.567, 293.43, 100, 74232, 70
2026/07/30 04:35:34.611, 300.65, 100, 74232, 70
2026/07/30 04:35:35.649, 301.68, 100, 74232, 70
2026/07/30 04:35:36.687, 303.26, 100, 74232, 70
2026/07/30 04:35:37.725, 295.68, 100, 74232, 70
2026/07/30 04:35:38.762, 297.36, 100, 74232, 70
2026/07/30 04:35:39.803, 300.37, 100, 74232, 70
2026/07/30 04:35:40.841, 305.39, 100, 74232, 70
2026/07/30 04:35:41.879, 298.11, 100, 74232, 70
2026/07/30 04:35:42.918, 295.68, 100, 74232, 70
2026/07/30 04:35:43.955, 295.87, 100, 74232, 70
2026/07/30 04:35:44.994, 292.96, 100, 74232, 70
2026/07/30 04:35:46.032, 293.64, 100, 74232, 70
2026/07/30 04:35:47.070, 296.19, 100, 74232, 70
2026/07/30 04:35:48.107, 300.92, 100, 74232, 70
2026/07/30 04:35:49.144, 302.40, 100, 74232, 70
2026/07/30 04:35:50.181, 297.23, 100, 74232, 70
2026/07/30 04:35:51.219, 296.53, 100, 74232, 70
2026/07/30 04:35:52.258, 293.84, 100, 74232, 70
2026/07/30 04:35:53.297, 291.22, 100, 74232, 69
2026/07/30 04:35:54.334, 294.12, 100, 74232, 70
2026/07/30 04:35:55.371, 296.27, 100, 74232, 70
2026/07/30 04:35:56.408, 296.87, 100, 74232, 70
2026/07/30 04:35:57.447, 299.67, 100, 74232, 70
2026/07/30 04:35:58.485, 298.40, 100, 74232, 70
2026/07/30 04:35:59.524, 294.02, 100, 74232, 70
2026/07/30 04:36:00.561, 301.81, 100, 74232, 70
2026/07/30 04:36:01.598, 296.56, 100, 74232, 70
2026/07/30 04:36:02.634, 296.27, 100, 74232, 69
2026/07/30 04:36:03.677, 296.94, 100, 74232, 70
2026/07/30 04:36:04.715, 304.39, 100, 74232, 70
2026/07/30 04:36:05.752, 299.27, 100, 74232, 70
2026/07/30 04:36:06.788, 301.48, 100, 74232, 69
2026/07/30 04:36:07.825, 301.20, 100, 74232, 69
2026/07/30 04:36:08.863, 302.20, 100, 74232, 69
2026/07/30 04:36:09.900, 303.65, 100, 74232, 69
2026/07/30 04:36:10.938, 302.01, 100, 74232, 69
2026/07/30 04:36:11.974, 303.86, 100, 74232, 69
2026/07/30 04:36:13.010, 299.73, 100, 74232, 69
2026/07/30 04:36:14.047, 301.04, 100, 74232, 69
2026/07/30 04:36:15.085, 293.74, 100, 74232, 69
2026/07/30 04:36:16.121, 294.23, 100, 74232, 69
2026/07/30 04:36:17.159, 296.64, 100, 74232, 69
2026/07/30 04:36:18.197, 295.28, 100, 74232, 69
2026/07/30 04:36:19.236, 303.75, 100, 74232, 69
2026/07/30 04:36:20.276, 293.25, 100, 74232, 69
2026/07/30 04:36:21.314, 300.63, 100, 74232, 69
2026/07/30 04:36:22.352, 296.37, 100, 74232, 69
2026/07/30 04:36:23.391, 295.20, 100, 74232, 69
2026/07/30 04:36:24.428, 301.96, 100, 74232, 69
2026/07/30 04:36:25.466, 303.45, 100, 74232, 69
2026/07/30 04:36:26.505, 307.62, 100, 74232, 69
2026/07/30 04:36:27.543, 303.46, 100, 74232, 69
2026/07/30 04:36:28.580, 297.84, 100, 74232, 69
2026/07/30 04:36:29.617, 301.12, 100, 74232, 69
2026/07/30 04:36:30.654, 302.29, 100, 74232, 69
2026/07/30 04:36:31.692, 301.13, 100, 74232, 69
2026/07/30 04:36:32.729, 302.18, 100, 74232, 69
2026/07/30 04:36:33.768, 303.24, 100, 74232, 69
2026/07/30 04:36:34.806, 302.19, 100, 74232, 69
2026/07/30 04:36:35.843, 303.46, 100, 74232, 69
2026/07/30 04:36:36.881, 299.36, 100, 74232, 69
2026/07/30 04:36:37.919, 304.04, 100, 74232, 69
2026/07/30 04:36:38.956, 301.22, 100, 74232, 69
2026/07/30 04:36:39.995, 295.02, 100, 74232, 69
2026/07/30 04:36:41.039, 295.40, 100, 74232, 69
2026/07/30 04:36:42.075, 295.48, 100, 74232, 69
2026/07/30 04:36:43.112, 307.34, 100, 74232, 69
2026/07/30 04:36:44.150, 302.45, 100, 74232, 69
2026/07/30 04:36:45.187, 94.39, 0, 74232, 66
2026/07/30 04:36:46.219, 93.29, 0, 74232, 65
2026/07/30 04:36:47.252, 92.55, 0, 74232, 65
2026/07/30 04:36:48.283, 90.74, 0, 74232, 64
2026/07/30 04:36:49.316, 91.25, 0, 74232, 64
2026/07/30 04:36:50.348, 90.45, 0, 74232, 63
2026/07/30 04:36:51.381, 90.25, 0, 74232, 63
2026/07/30 04:36:52.414, 88.12, 0, 74232, 62
2026/07/30 04:36:53.446, 295.20, 100, 74232, 67
2026/07/30 04:36:54.482, 302.24, 100, 74232, 68
2026/07/30 04:36:55.520, 305.26, 100, 74232, 67
2026/07/30 04:36:56.554, 299.01, 100, 74232, 68
2026/07/30 04:36:57.587, 296.92, 100, 74232, 68
2026/07/30 04:36:58.629, 315.85, 100, 74232, 68
2026/07/30 04:36:59.664, 306.51, 100, 74232, 67
2026/07/30 04:37:00.702, 301.30, 100, 74232, 67
2026/07/30 04:37:01.738, 308.78, 100, 74232, 67
2026/07/30 04:37:02.775, 306.02, 100, 74232, 67
2026/07/30 04:37:03.812, 306.92, 100, 74232, 67
2026/07/30 04:37:04.850, 300.79, 100, 74232, 67
2026/07/30 04:37:05.886, 307.36, 100, 74232, 68
2026/07/30 04:37:06.923, 299.56, 100, 74232, 68
2026/07/30 04:37:07.960, 296.57, 100, 74232, 68
2026/07/30 04:37:08.996, 299.38, 100, 74232, 68
2026/07/30 04:37:10.033, 299.68, 100, 74232, 68
2026/07/30 04:37:11.070, 296.36, 100, 74232, 68
2026/07/30 04:37:12.107, 299.97, 100, 74232, 68
2026/07/30 04:37:13.145, 299.45, 100, 74232, 68
2026/07/30 04:37:14.182, 296.44, 100, 74232, 68
2026/07/30 04:37:15.220, 299.74, 100, 74232, 68
2026/07/30 04:37:16.257, 301.20, 100, 74232, 68
2026/07/30 04:37:17.295, 301.12, 100, 74232, 68
2026/07/30 04:37:18.332, 299.77, 100, 74232, 68
2026/07/30 04:37:19.368, 301.62, 100, 74232, 68
2026/07/30 04:37:20.404, 301.03, 100, 74232, 68
2026/07/30 04:37:21.441, 299.26, 100, 74232, 68
2026/07/30 04:37:22.478, 299.86, 100, 74232, 68
2026/07/30 04:37:23.515, 302.21, 100, 74232, 68
2026/07/30 04:37:24.552, 299.75, 100, 74232, 68
2026/07/30 04:37:25.591, 304.13, 100, 74232, 68
2026/07/30 04:37:26.633, 298.31, 100, 74232, 68
2026/07/30 04:37:27.672, 298.96, 100, 74232, 68
2026/07/30 04:37:28.711, 300.15, 100, 74232, 68
2026/07/30 04:37:29.752, 301.14, 100, 74232, 68
2026/07/30 04:37:30.788, 293.15, 100, 74232, 68
2026/07/30 04:37:31.826, 300.26, 100, 74232, 69
2026/07/30 04:37:32.864, 301.68, 100, 74232, 69
2026/07/30 04:37:33.901, 298.39, 100, 74232, 69
2026/07/30 04:37:34.939, 300.84, 100, 74232, 69
2026/07/30 04:37:35.977, 301.51, 100, 74232, 69
2026/07/30 04:37:37.017, 301.63, 100, 74232, 69
2026/07/30 04:37:38.054, 300.55, 100, 74232, 69
2026/07/30 04:37:39.091, 302.49, 100, 74232, 69
2026/07/30 04:37:40.128, 301.61, 100, 74232, 69
2026/07/30 04:37:41.164, 299.34, 100, 74232, 69
2026/07/30 04:37:42.204, 302.39, 100, 74232, 69
2026/07/30 04:37:43.240, 301.31, 100, 74232, 69
2026/07/30 04:37:44.278, 296.57, 100, 74232, 69
2026/07/30 04:37:45.315, 300.93, 100, 74232, 69
2026/07/30 04:37:46.353, 301.81, 100, 74232, 69
2026/07/30 04:37:47.391, 302.50, 100, 74232, 69
2026/07/30 04:37:48.428, 299.85, 100, 74232, 69
2026/07/30 04:37:49.467, 294.40, 100, 74232, 69
2026/07/30 04:37:50.504, 291.99, 100, 74232, 69
2026/07/30 04:37:51.545, 292.68, 100, 74232, 69
2026/07/30 04:37:52.583, 292.39, 100, 74232, 69
2026/07/30 04:37:53.621, 302.20, 100, 74232, 69
2026/07/30 04:37:54.658, 299.07, 100, 74232, 69
2026/07/30 04:37:55.696, 299.10, 100, 74232, 69
2026/07/30 04:37:56.733, 302.08, 100, 74232, 69
2026/07/30 04:37:57.771, 306.03, 100, 74232, 69
2026/07/30 04:37:58.809, 301.13, 100, 74232, 69
2026/07/30 04:37:59.846, 301.60, 100, 74232, 69
2026/07/30 04:38:00.883, 302.77, 100, 74232, 69
2026/07/30 04:38:01.920, 296.84, 100, 74232, 69
2026/07/30 04:38:02.957, 293.92, 100, 74232, 69
2026/07/30 04:38:03.994, 302.89, 100, 74232, 69
2026/07/30 04:38:05.031, 299.95, 100, 74232, 69
2026/07/30 04:38:06.067, 301.17, 100, 74232, 69
2026/07/30 04:38:07.104, 302.20, 100, 74232, 69
2026/07/30 04:38:08.142, 299.68, 100, 74232, 69
2026/07/30 04:38:09.181, 301.97, 100, 74232, 69
2026/07/30 04:38:10.219, 297.04, 100, 74232, 69
2026/07/30 04:38:11.255, 300.61, 100, 74232, 69
2026/07/30 04:38:12.291, 302.68, 100, 74232, 69
2026/07/30 04:38:13.327, 302.18, 100, 74232, 69
2026/07/30 04:38:14.366, 299.86, 100, 74232, 69
2026/07/30 04:38:15.402, 302.57, 100, 74232, 69
2026/07/30 04:38:16.438, 302.01, 100, 74232, 69
2026/07/30 04:38:17.475, 302.98, 100, 74232, 69
2026/07/30 04:38:18.512, 300.80, 100, 74232, 69
2026/07/30 04:38:19.549, 296.57, 100, 74232, 69
2026/07/30 04:38:20.587, 302.17, 100, 74232, 69
2026/07/30 04:38:21.625, 299.68, 100, 74232, 69
2026/07/30 04:38:22.665, 302.00, 100, 74232, 69
2026/07/30 04:38:23.701, 297.54, 100, 74232, 69
2026/07/30 04:38:24.740, 299.67, 100, 74232, 69
2026/07/30 04:38:25.778, 299.88, 100, 74232, 69
2026/07/30 04:38:26.814, 300.53, 100, 74232, 69
2026/07/30 04:38:27.854, 296.93, 100, 74232, 69
2026/07/30 04:38:28.897, 297.46, 100, 74232, 69
2026/07/30 04:38:29.933, 298.12, 100, 74232, 69
2026/07/30 04:38:30.971, 301.39, 100, 74232, 69
2026/07/30 04:38:32.007, 302.10, 100, 74232, 69
2026/07/30 04:38:33.045, 303.16, 100, 74232, 69
2026/07/30 04:38:34.082, 299.46, 100, 74232, 69
2026/07/30 04:38:35.119, 300.92, 100, 74232, 69
2026/07/30 04:38:36.155, 304.04, 100, 74232, 69
2026/07/30 04:38:37.193, 296.48, 100, 74232, 69
2026/07/30 04:38:38.230, 301.62, 100, 74232, 69
2026/07/30 04:38:39.267, 303.48, 100, 74232, 69
2026/07/30 04:38:40.303, 299.16, 100, 74232, 69
2026/07/30 04:38:41.341, 287.42, 100, 74232, 69
2026/07/30 04:38:42.380, 294.52, 100, 74232, 69
2026/07/30 04:38:43.417, 294.33, 100, 74232, 69
2026/07/30 04:38:44.453, 302.49, 100, 74232, 69
2026/07/30 04:38:45.497, 300.17, 100, 74232, 69
2026/07/30 04:38:46.534, 288.09, 100, 74232, 69
2026/07/30 04:38:47.570, 293.82, 100, 74232, 69
2026/07/30 04:38:48.608, 291.22, 100, 74232, 69
2026/07/30 04:38:49.646, 302.77, 100, 74232, 69
2026/07/30 04:38:50.684, 298.88, 100, 74232, 69
2026/07/30 04:38:51.722, 300.83, 100, 74232, 69
2026/07/30 04:38:52.758, 302.66, 100, 74232, 69
2026/07/30 04:38:53.795, 302.98, 100, 74232, 69
2026/07/30 04:38:54.832, 294.62, 100, 74232, 69
2026/07/30 04:38:55.868, 302.01, 100, 74232, 69
2026/07/30 04:38:56.904, 298.12, 100, 74232, 69
2026/07/30 04:38:57.940, 303.06, 100, 74232, 69
2026/07/30 04:38:58.980, 298.68, 100, 74232, 69
2026/07/30 04:39:00.018, 290.35, 100, 74232, 69
2026/07/30 04:39:01.055, 294.13, 100, 74232, 69
2026/07/30 04:39:02.095, 296.34, 100, 74232, 69
2026/07/30 04:39:03.131, 302.88, 100, 74232, 69
2026/07/30 04:39:04.168, 296.74, 100, 74232, 69
2026/07/30 04:39:05.206, 294.71, 100, 74232, 69
2026/07/30 04:39:06.244, 294.82, 100, 74232, 69
2026/07/30 04:39:07.281, 302.27, 100, 74232, 69
2026/07/30 04:39:08.318, 298.99, 100, 74232, 69
2026/07/30 04:39:09.354, 299.08, 100, 74232, 69
2026/07/30 04:39:10.392, 298.95, 100, 74232, 69
2026/07/30 04:39:11.431, 302.22, 100, 74232, 69
2026/07/30 04:39:12.477, 293.65, 100, 74232, 69
2026/07/30 04:39:13.515, 301.01, 100, 74232, 69
2026/07/30 04:39:14.551, 303.46, 100, 74232, 69
2026/07/30 04:39:15.589, 300.44, 100, 74232, 69
2026/07/30 04:39:16.626, 301.33, 100, 74232, 69
2026/07/30 04:39:17.662, 303.54, 100, 74232, 69
2026/07/30 04:39:18.702, 299.19, 100, 74232, 69
2026/07/30 04:39:19.738, 296.76, 100, 74232, 69
2026/07/30 04:39:20.775, 301.18, 100, 74232, 69
2026/07/30 04:39:21.812, 305.56, 100, 74232, 69
2026/07/30 04:39:22.856, 298.79, 100, 74232, 69
2026/07/30 04:39:23.894, 299.67, 100, 74232, 69
2026/07/30 04:39:24.931, 303.25, 100, 74232, 69
2026/07/30 04:39:25.968, 302.86, 100, 74232, 69
2026/07/30 04:39:27.006, 302.98, 100, 74232, 69
2026/07/30 04:39:28.043, 297.95, 100, 74232, 69
2026/07/30 04:39:29.081, 298.01, 100, 74232, 69
2026/07/30 04:39:30.119, 301.11, 100, 74232, 69
2026/07/30 04:39:31.158, 296.75, 100, 74232, 69
2026/07/30 04:39:32.196, 291.42, 100, 74232, 69
2026/07/30 04:39:33.234, 306.09, 100, 74232, 69
2026/07/30 04:39:34.272, 297.62, 100, 74232, 69
2026/07/30 04:39:35.310, 301.74, 100, 74232, 69
2026/07/30 04:39:36.347, 301.79, 100, 74232, 69
2026/07/30 04:39:37.384, 303.57, 100, 74232, 69
2026/07/30 04:39:38.420, 297.90, 100, 74232, 69
2026/07/30 04:39:39.457, 302.78, 100, 74232, 69
2026/07/30 04:39:40.494, 295.59, 100, 74232, 69
2026/07/30 04:39:41.530, 291.58, 100, 74232, 69
2026/07/30 04:39:42.572, 300.66, 100, 74232, 69
2026/07/30 04:39:43.610, 296.18, 100, 74232, 69
2026/07/30 04:39:44.647, 297.89, 100, 74232, 69
2026/07/30 04:39:45.684, 291.59, 100, 74232, 69
2026/07/30 04:39:46.721, 291.11, 100, 74232, 69
2026/07/30 04:39:47.759, 301.52, 100, 74232, 69
2026/07/30 04:39:48.795, 302.97, 100, 74232, 69
2026/07/30 04:39:49.833, 299.27, 100, 74232, 69
2026/07/30 04:39:50.870, 305.39, 100, 74232, 69
2026/07/30 04:39:51.907, 300.44, 100, 74232, 69
2026/07/30 04:39:52.944, 302.26, 100, 74232, 69
2026/07/30 04:39:53.980, 301.51, 100, 74232, 69
2026/07/30 04:39:55.017, 302.98, 100, 74232, 69
2026/07/30 04:39:56.056, 299.46, 100, 74232, 69
2026/07/30 04:39:57.092, 299.28, 100, 74232, 69
2026/07/30 04:39:58.130, 302.29, 100, 74232, 69
2026/07/30 04:39:59.166, 303.18, 100, 74232, 69
2026/07/30 04:40:00.204, 297.84, 100, 74232, 69
2026/07/30 04:40:01.242, 289.77, 100, 74232, 69
2026/07/30 04:40:02.277, 293.73, 100, 74232, 69
2026/07/30 04:40:03.314, 295.30, 100, 74232, 69
2026/07/30 04:40:04.351, 296.46, 100, 74232, 69
2026/07/30 04:40:05.388, 300.16, 100, 74232, 69
2026/07/30 04:40:06.427, 293.24, 100, 74232, 69
2026/07/30 04:40:07.465, 292.48, 100, 74232, 69
2026/07/30 04:40:08.501, 295.01, 100, 74232, 69
2026/07/30 04:40:09.542, 295.77, 100, 74232, 69
2026/07/30 04:40:10.578, 296.47, 100, 74232, 69
2026/07/30 04:40:11.614, 294.52, 100, 74232, 69
2026/07/30 04:40:12.652, 291.40, 100, 74232, 69
2026/07/30 04:40:13.692, 294.02, 100, 74232, 69
2026/07/30 04:40:14.729, 302.67, 100, 74232, 69
2026/07/30 04:40:15.766, 302.09, 100, 74232, 69
2026/07/30 04:40:16.803, 301.90, 100, 74232, 69
2026/07/30 04:40:17.840, 295.52, 100, 74232, 69
2026/07/30 04:40:18.877, 298.69, 100, 74232, 69
2026/07/30 04:40:19.922, 307.31, 100, 74232, 69
2026/07/30 04:40:20.960, 296.26, 100, 74232, 69
2026/07/30 04:40:21.996, 300.05, 100, 74232, 69
2026/07/30 04:40:23.032, 302.78, 100, 74232, 69
2026/07/30 04:40:24.071, 302.97, 100, 74232, 69
2026/07/30 04:40:25.109, 301.04, 100, 74232, 69
2026/07/30 04:40:26.149, 292.37, 100, 74232, 69
2026/07/30 04:40:27.187, 301.72, 100, 74232, 69
2026/07/30 04:40:28.223, 294.81, 100, 74232, 69
2026/07/30 04:40:29.260, 295.58, 100, 74232, 69
2026/07/30 04:40:30.298, 303.34, 100, 74232, 69
2026/07/30 04:40:31.334, 303.56, 100, 74232, 69
2026/07/30 04:40:32.372, 298.41, 100, 74232, 69
2026/07/30 04:40:33.414, 297.71, 100, 74232, 69
2026/07/30 04:40:34.450, 292.96, 100, 74232, 69
2026/07/30 04:40:35.488, 295.49, 100, 74232, 69
2026/07/30 04:40:36.526, 297.16, 100, 74232, 69
2026/07/30 04:40:37.563, 302.38, 100, 74232, 69
2026/07/30 04:40:38.599, 305.21, 100, 74232, 69
2026/07/30 04:40:39.636, 300.82, 100, 74232, 69
2026/07/30 04:40:40.673, 302.29, 100, 74232, 69
2026/07/30 04:40:41.711, 302.00, 100, 74232, 69
2026/07/30 04:40:42.747, 301.71, 100, 74232, 69
2026/07/30 04:40:43.783, 297.32, 100, 74232, 69
2026/07/30 04:40:44.819, 293.81, 100, 74232, 69
2026/07/30 04:40:45.856, 295.98, 100, 74232, 69
2026/07/30 04:40:46.894, 300.45, 100, 74232, 69
2026/07/30 04:40:47.933, 295.09, 100, 74232, 69
2026/07/30 04:40:48.969, 301.41, 100, 74232, 69
2026/07/30 04:40:50.005, 305.41, 100, 74232, 69
2026/07/30 04:40:51.042, 300.23, 100, 74232, 69
2026/07/30 04:40:52.078, 299.84, 100, 74232, 69
2026/07/30 04:40:53.114, 306.07, 100, 74232, 69
2026/07/30 04:40:54.150, 303.07, 100, 74232, 69
2026/07/30 04:40:55.191, 296.73, 100, 74232, 69
2026/07/30 04:40:56.228, 290.94, 100, 74232, 69
2026/07/30 04:40:57.265, 293.56, 100, 74232, 69
2026/07/30 04:40:58.301, 303.49, 100, 74232, 69
2026/07/30 04:40:59.340, 299.38, 100, 74232, 69
2026/07/30 04:41:00.377, 302.67, 100, 74232, 69
2026/07/30 04:41:01.414, 303.46, 100, 74232, 69
2026/07/30 04:41:02.451, 303.09, 100, 74232, 69
2026/07/30 04:41:03.488, 297.53, 100, 74232, 69
2026/07/30 04:41:04.525, 301.02, 100, 74232, 69
2026/07/30 04:41:05.561, 300.42, 100, 74232, 69
2026/07/30 04:41:06.597, 301.90, 100, 74232, 69
2026/07/30 04:41:07.634, 302.40, 100, 74232, 69
2026/07/30 04:41:08.669, 295.68, 100, 74232, 69
2026/07/30 04:41:09.706, 296.76, 100, 74232, 69
2026/07/30 04:41:10.743, 292.66, 100, 74232, 69
2026/07/30 04:41:11.779, 289.06, 100, 74232, 69
2026/07/30 04:41:12.819, 290.24, 100, 74232, 69
2026/07/30 04:41:13.856, 295.48, 100, 74232, 69
2026/07/30 04:41:14.894, 297.02, 100, 74232, 69
2026/07/30 04:41:15.931, 291.79, 100, 74232, 69
2026/07/30 04:41:16.970, 296.05, 100, 74232, 69
2026/07/30 04:41:18.007, 291.39, 100, 74232, 69
2026/07/30 04:41:19.045, 296.67, 100, 74232, 69
2026/07/30 04:41:20.082, 289.58, 100, 74232, 69
2026/07/30 04:41:21.119, 295.00, 100, 74232, 69
2026/07/30 04:41:22.155, 301.32, 100, 74232, 69
2026/07/30 04:41:23.191, 302.36, 100, 74232, 69
2026/07/30 04:41:24.228, 303.70, 100, 74232, 69
2026/07/30 04:41:25.263, 302.86, 100, 74232, 69
2026/07/30 04:41:26.302, 298.30, 100, 74232, 69
2026/07/30 04:41:27.339, 301.70, 100, 74232, 69
2026/07/30 04:41:28.375, 302.56, 100, 74232, 69
2026/07/30 04:41:29.412, 302.94, 100, 74232, 69
2026/07/30 04:41:30.449, 297.23, 100, 74232, 69
2026/07/30 04:41:31.488, 298.57, 100, 74232, 69
2026/07/30 04:41:32.524, 296.75, 100, 74232, 69
2026/07/30 04:41:33.561, 293.34, 100, 74232, 69
2026/07/30 04:41:34.599, 295.20, 100, 74232, 69
2026/07/30 04:41:35.635, 295.87, 100, 74232, 69
2026/07/30 04:41:36.671, 302.96, 100, 74232, 69
2026/07/30 04:41:37.710, 307.00, 100, 74232, 69
2026/07/30 04:41:38.747, 297.73, 100, 74232, 69
2026/07/30 04:41:39.785, 303.17, 100, 74232, 69
2026/07/30 04:41:40.821, 301.18, 100, 74232, 69
2026/07/30 04:41:41.859, 299.05, 100, 74232, 69
2026/07/30 04:41:42.897, 300.93, 100, 74232, 69
2026/07/30 04:41:43.933, 295.56, 100, 74232, 69
2026/07/30 04:41:44.969, 296.38, 100, 74232, 69
2026/07/30 04:41:46.005, 301.90, 100, 74232, 69
2026/07/30 04:41:47.040, 303.64, 100, 74232, 69
2026/07/30 04:41:48.079, 299.16, 100, 74232, 69
2026/07/30 04:41:49.116, 296.25, 100, 74232, 69
2026/07/30 04:41:50.154, 293.36, 100, 74232, 69
2026/07/30 04:41:51.193, 295.49, 100, 74232, 69
2026/07/30 04:41:52.230, 295.78, 100, 74232, 69
2026/07/30 04:41:53.268, 94.50, 0, 74232, 66
2026/07/30 04:41:54.300, 291.46, 100, 74232, 71
2026/07/30 04:41:55.336, 308.11, 100, 74232, 71
2026/07/30 04:41:56.371, 272.39, 100, 74232, 71
2026/07/30 04:41:57.408, 301.67, 100, 74232, 71
2026/07/30 04:41:58.443, 313.42, 100, 74232, 70
2026/07/30 04:41:59.481, 282.34, 100, 74232, 70
2026/07/30 04:42:00.518, 300.13, 100, 74232, 69
2026/07/30 04:42:01.554, 302.57, 100, 74232, 69
2026/07/30 04:42:02.591, 298.70, 100, 74232, 69
2026/07/30 04:42:03.628, 301.50, 100, 74232, 69
2026/07/30 04:42:04.665, 301.61, 100, 74232, 69
2026/07/30 04:42:05.703, 298.60, 100, 74232, 69
2026/07/30 04:42:06.744, 301.90, 100, 74232, 69
2026/07/30 04:42:07.781, 294.51, 100, 74232, 69
2026/07/30 04:42:08.819, 300.05, 100, 74232, 69
2026/07/30 04:42:09.856, 297.32, 100, 74232, 69
2026/07/30 04:42:10.893, 294.51, 100, 74232, 69
2026/07/30 04:42:11.933, 295.89, 100, 74232, 69
2026/07/30 04:42:12.971, 293.14, 100, 74232, 69
2026/07/30 04:42:14.009, 291.40, 100, 74232, 69
2026/07/30 04:42:15.047, 296.85, 100, 74232, 69
2026/07/30 04:42:16.085, 294.33, 100, 74232, 69
2026/07/30 04:42:17.123, 294.61, 100, 74232, 69
2026/07/30 04:42:18.161, 296.17, 100, 74232, 69
2026/07/30 04:42:19.202, 299.59, 100, 74232, 69
2026/07/30 04:42:20.240, 294.33, 100, 74232, 69
2026/07/30 04:42:21.277, 295.28, 100, 74232, 69
2026/07/30 04:42:22.315, 293.83, 100, 74232, 69
2026/07/30 04:42:23.353, 293.14, 100, 74232, 69
2026/07/30 04:42:24.391, 295.68, 100, 74232, 69
2026/07/30 04:42:25.429, 295.88, 100, 74232, 69
2026/07/30 04:42:26.469, 292.56, 100, 74232, 69
2026/07/30 04:42:27.508, 296.06, 100, 74232, 69
2026/07/30 04:42:28.545, 295.39, 100, 74232, 69
2026/07/30 04:42:29.583, 291.50, 100, 74232, 69
2026/07/30 04:42:30.620, 302.49, 100, 74232, 69
2026/07/30 04:42:31.659, 299.63, 100, 74232, 69
2026/07/30 04:42:32.697, 302.37, 100, 74232, 69
2026/07/30 04:42:33.735, 303.34, 100, 74232, 69
2026/07/30 04:42:34.772, 300.36, 100, 74232, 69
2026/07/30 04:42:35.810, 302.98, 100, 74232, 69
2026/07/30 04:42:36.848, 302.97, 100, 74232, 69
2026/07/30 04:42:37.885, 300.14, 100, 74232, 69
2026/07/30 04:42:38.923, 302.68, 100, 74232, 69
2026/07/30 04:42:39.960, 299.19, 100, 74232, 69
2026/07/30 04:42:40.999, 298.11, 100, 74232, 69
2026/07/30 04:42:42.036, 302.87, 100, 74232, 69
2026/07/30 04:42:43.074, 299.49, 100, 74232, 69
2026/07/30 04:42:44.111, 298.30, 100, 74232, 69
2026/07/30 04:42:45.149, 302.27, 100, 74232, 69
2026/07/30 04:42:46.187, 304.06, 100, 74232, 69
2026/07/30 04:42:47.224, 305.52, 100, 74232, 69
2026/07/30 04:42:48.263, 297.81, 100, 74232, 69
2026/07/30 04:42:49.300, 299.49, 100, 74232, 69
2026/07/30 04:42:50.340, 303.45, 100, 74232, 69
2026/07/30 04:42:51.377, 299.67, 100, 74232, 69
2026/07/30 04:42:52.415, 296.56, 100, 74232, 69
2026/07/30 04:42:53.452, 301.62, 100, 74232, 69
2026/07/30 04:42:54.490, 300.07, 100, 74232, 69
2026/07/30 04:42:55.530, 303.25, 100, 74232, 69
2026/07/30 04:42:56.568, 291.87, 100, 74232, 69
2026/07/30 04:42:57.607, 289.45, 100, 74232, 69
2026/07/30 04:42:58.644, 298.89, 100, 74232, 69
2026/07/30 04:42:59.682, 297.84, 100, 74232, 69
2026/07/30 04:43:00.720, 306.17, 100, 74232, 69
2026/07/30 04:43:01.757, 302.45, 100, 74232, 69
2026/07/30 04:43:02.795, 303.28, 100, 74232, 69
2026/07/30 04:43:03.832, 303.15, 100, 74232, 69
2026/07/30 04:43:04.871, 297.43, 100, 74232, 69
2026/07/30 04:43:05.911, 299.17, 100, 74232, 69
2026/07/30 04:43:06.951, 303.04, 100, 74232, 69
2026/07/30 04:43:07.989, 301.80, 100, 74232, 69
2026/07/30 04:43:09.028, 295.68, 100, 74232, 69
2026/07/30 04:43:10.066, 303.43, 100, 74232, 69
2026/07/30 04:43:11.104, 299.36, 100, 74232, 70
2026/07/30 04:43:12.144, 302.19, 100, 74232, 69
2026/07/30 04:43:13.181, 295.29, 100, 74232, 69
2026/07/30 04:43:14.220, 296.48, 100, 74232, 69
2026/07/30 04:43:15.258, 292.96, 100, 74232, 69
2026/07/30 04:43:16.294, 303.33, 100, 74232, 69
2026/07/30 04:43:17.332, 292.48, 100, 74232, 69
2026/07/30 04:43:18.368, 292.40, 100, 74232, 70
2026/07/30 04:43:19.407, 295.60, 100, 74232, 70
2026/07/30 04:43:20.445, 295.49, 100, 74232, 70
2026/07/30 04:43:21.486, 296.64, 100, 74232, 70
2026/07/30 04:43:22.524, 293.93, 100, 74232, 70
2026/07/30 04:43:23.561, 302.09, 100, 74232, 70
2026/07/30 04:43:24.598, 302.69, 100, 74232, 70
2026/07/30 04:43:25.634, 307.94, 100, 74232, 70
2026/07/30 04:43:26.672, 296.38, 100, 74232, 70
2026/07/30 04:43:27.712, 290.82, 100, 74232, 70
2026/07/30 04:43:28.750, 295.79, 100, 74232, 70
2026/07/30 04:43:29.789, 297.14, 100, 74232, 70
2026/07/30 04:43:30.827, 298.79, 100, 74232, 70
2026/07/30 04:43:31.866, 291.49, 100, 74232, 70
2026/07/30 04:43:32.903, 294.81, 100, 74232, 70
2026/07/30 04:43:33.941, 303.85, 100, 74232, 70
2026/07/30 04:43:34.978, 292.39, 100, 74232, 70
2026/07/30 04:43:36.022, 300.90, 100, 74232, 70
2026/07/30 04:43:37.060, 304.10, 100, 74232, 70
2026/07/30 04:43:38.099, 310.74, 100, 74232, 70
2026/07/30 04:43:39.137, 301.80, 100, 74232, 70
2026/07/30 04:43:40.175, 302.27, 100, 74232, 70
2026/07/30 04:43:41.216, 304.14, 100, 74232, 70
2026/07/30 04:43:42.258, 294.89, 100, 74232, 70
2026/07/30 04:43:43.299, 295.11, 100, 74232, 70
2026/07/30 04:43:44.337, 296.38, 100, 74232, 70
2026/07/30 04:43:45.384, 294.30, 100, 74232, 70
2026/07/30 04:43:46.424, 293.14, 100, 74232, 70
2026/07/30 04:43:47.460, 295.87, 100, 74232, 70
2026/07/30 04:43:48.498, 296.57, 100, 74232, 70
2026/07/30 04:43:49.534, 297.33, 100, 74232, 70
2026/07/30 04:43:50.577, 295.11, 100, 74232, 70
2026/07/30 04:43:51.614, 295.39, 100, 74232, 70
2026/07/30 04:43:52.650, 295.58, 100, 74232, 70
2026/07/30 04:43:53.688, 302.38, 100, 74232, 70
2026/07/30 04:43:54.725, 295.19, 100, 74232, 70
2026/07/30 04:43:55.762, 294.04, 100, 74232, 70
2026/07/30 04:43:56.801, 298.90, 100, 74232, 70
2026/07/30 04:43:57.840, 303.14, 100, 74232, 70
2026/07/30 04:43:58.876, 296.08, 100, 74232, 70
2026/07/30 04:43:59.914, 300.53, 100, 74232, 70
2026/07/30 04:44:00.950, 303.36, 100, 74232, 70
2026/07/30 04:44:01.986, 305.70, 100, 74232, 70
2026/07/30 04:44:03.024, 304.69, 100, 74232, 70
2026/07/30 04:44:04.062, 301.30, 100, 74232, 70
2026/07/30 04:44:05.100, 296.34, 100, 74232, 69
2026/07/30 04:44:06.136, 296.27, 100, 74232, 69
2026/07/30 04:44:07.172, 292.18, 100, 74232, 69
2026/07/30 04:44:08.208, 296.37, 100, 74232, 69
2026/07/30 04:44:09.244, 303.07, 100, 74232, 69
2026/07/30 04:44:10.286, 296.27, 100, 74232, 69
2026/07/30 04:44:11.323, 294.11, 100, 74232, 69
2026/07/30 04:44:12.359, 295.21, 100, 74232, 69
2026/07/30 04:44:13.395, 302.19, 100, 74232, 69
2026/07/30 04:44:14.433, 303.36, 100, 74232, 69
2026/07/30 04:44:15.471, 294.50, 100, 74232, 69
2026/07/30 04:44:16.509, 300.36, 100, 74232, 69
2026/07/30 04:44:17.546, 302.29, 100, 74232, 69
2026/07/30 04:44:18.584, 300.25, 100, 74232, 69
2026/07/30 04:44:19.621, 303.34, 100, 74232, 69
2026/07/30 04:44:20.658, 299.65, 100, 74232, 69
2026/07/30 04:44:21.695, 298.20, 100, 74232, 69
2026/07/30 04:44:22.732, 295.38, 100, 74232, 69
2026/07/30 04:44:23.773, 297.23, 100, 74232, 69
2026/07/30 04:44:24.812, 292.97, 100, 74232, 69
2026/07/30 04:44:25.850, 292.17, 100, 74232, 69
2026/07/30 04:44:26.889, 290.83, 100, 74232, 69
2026/07/30 04:44:27.926, 295.97, 100, 74232, 70
2026/07/30 04:44:28.964, 295.70, 100, 74232, 70
2026/07/30 04:44:30.000, 295.90, 100, 74232, 70
2026/07/30 04:44:31.036, 294.90, 100, 74232, 69
2026/07/30 04:44:32.071, 303.94, 100, 74232, 69
2026/07/30 04:44:33.109, 303.15, 100, 74232, 70
2026/07/30 04:44:34.145, 307.93, 100, 74232, 70
2026/07/30 04:44:35.186, 295.11, 100, 74232, 69
2026/07/30 04:44:36.225, 301.82, 100, 74232, 70
2026/07/30 04:44:37.262, 303.56, 100, 74232, 70
2026/07/30 04:44:38.298, 296.36, 100, 74232, 70
2026/07/30 04:44:39.335, 307.80, 100, 74232, 70
2026/07/30 04:44:40.373, 297.51, 100, 74232, 70
2026/07/30 04:44:41.411, 302.49, 100, 74232, 70
2026/07/30 04:44:42.451, 302.21, 100, 74232, 70
2026/07/30 04:44:43.489, 303.66, 100, 74232, 70
2026/07/30 04:44:44.525, 301.51, 100, 74232, 70
2026/07/30 04:44:45.562, 304.23, 100, 74232, 70
2026/07/30 04:44:46.600, 302.96, 100, 74232, 70
2026/07/30 04:44:47.637, 303.77, 100, 74232, 69
2026/07/30 04:44:48.675, 297.61, 100, 74232, 70
2026/07/30 04:44:49.711, 303.34, 100, 74232, 70
2026/07/30 04:44:50.749, 297.52, 100, 74232, 69
2026/07/30 04:44:51.788, 293.06, 100, 74232, 69
2026/07/30 04:44:52.825, 296.08, 100, 74232, 69
2026/07/30 04:44:53.863, 296.07, 100, 74232, 69
2026/07/30 04:44:54.900, 296.37, 100, 74232, 69
2026/07/30 04:44:55.940, 294.04, 100, 74232, 69
2026/07/30 04:44:56.978, 292.65, 100, 74232, 69
2026/07/30 04:44:58.016, 295.30, 100, 74232, 69
2026/07/30 04:44:59.053, 296.55, 100, 74232, 69
2026/07/30 04:45:00.090, 296.55, 100, 74232, 69
2026/07/30 04:45:01.129, 298.40, 100, 74232, 69
2026/07/30 04:45:02.166, 293.64, 100, 74232, 69
2026/07/30 04:45:03.207, 295.39, 100, 74232, 69
2026/07/30 04:45:04.244, 301.41, 100, 74232, 69
2026/07/30 04:45:05.280, 302.30, 100, 74232, 69
2026/07/30 04:45:06.317, 292.66, 100, 74232, 69
2026/07/30 04:45:07.353, 296.18, 100, 74232, 69
2026/07/30 04:45:08.389, 302.37, 100, 74232, 69
2026/07/30 04:45:09.426, 303.35, 100, 74232, 69
2026/07/30 04:45:10.463, 303.66, 100, 74232, 69
2026/07/30 04:45:11.500, 299.76, 100, 74232, 69
2026/07/30 04:45:12.538, 302.20, 100, 74232, 70
2026/07/30 04:45:13.575, 297.92, 100, 74232, 69
2026/07/30 04:45:14.613, 296.08, 100, 74232, 69
2026/07/30 04:45:15.652, 300.67, 100, 74232, 69
2026/07/30 04:45:16.690, 289.47, 100, 74232, 69
2026/07/30 04:45:17.734, 301.12, 100, 74232, 69
2026/07/30 04:45:18.771, 295.79, 100, 74232, 69
2026/07/30 04:45:19.810, 300.93, 100, 74232, 69
2026/07/30 04:45:20.849, 302.89, 100, 74232, 69
2026/07/30 04:45:21.886, 296.38, 100, 74232, 69
2026/07/30 04:45:22.924, 291.79, 100, 74232, 69
2026/07/30 04:45:23.961, 294.04, 100, 74232, 69
2026/07/30 04:45:24.999, 295.28, 100, 74232, 69
2026/07/30 04:45:26.037, 296.35, 100, 74232, 69
2026/07/30 04:45:27.075, 302.50, 100, 74232, 69
2026/07/30 04:45:28.113, 309.57, 100, 74232, 70
2026/07/30 04:45:29.153, 298.21, 100, 74232, 69
2026/07/30 04:45:30.190, 299.78, 100, 74232, 69
2026/07/30 04:45:31.228, 293.55, 100, 74232, 69
2026/07/30 04:45:32.267, 296.36, 100, 74232, 69
2026/07/30 04:45:33.304, 299.10, 100, 74232, 69
2026/07/30 04:45:34.340, 301.02, 100, 74232, 69
2026/07/30 04:45:35.378, 300.13, 100, 74232, 69
2026/07/30 04:45:36.416, 298.89, 100, 74232, 69
2026/07/30 04:45:37.453, 301.42, 100, 74232, 69
2026/07/30 04:45:38.490, 303.16, 100, 74232, 69
2026/07/30 04:45:39.531, 292.59, 100, 74232, 69
2026/07/30 04:45:40.568, 302.98, 100, 74232, 69
2026/07/30 04:45:41.606, 304.21, 100, 74232, 69
2026/07/30 04:45:42.645, 301.60, 100, 74232, 69
2026/07/30 04:45:43.682, 301.03, 100, 74232, 69
2026/07/30 04:45:44.720, 302.55, 100, 74232, 69
2026/07/30 04:45:45.756, 303.94, 100, 74232, 69
2026/07/30 04:45:46.793, 303.56, 100, 74232, 69
2026/07/30 04:45:47.829, 298.41, 100, 74232, 69
2026/07/30 04:45:48.868, 298.11, 100, 74232, 69
2026/07/30 04:45:49.906, 295.20, 100, 74232, 69
2026/07/30 04:45:50.943, 301.96, 100, 74232, 69
2026/07/30 04:45:51.981, 296.74, 100, 74232, 69
2026/07/30 04:45:53.019, 296.38, 100, 74232, 69
2026/07/30 04:45:54.056, 299.20, 100, 74232, 69
2026/07/30 04:45:55.093, 299.38, 100, 74232, 69
2026/07/30 04:45:56.131, 303.33, 100, 74232, 69
2026/07/30 04:45:57.169, 304.15, 100, 74232, 69
2026/07/30 04:45:58.207, 297.92, 100, 74232, 69
2026/07/30 04:45:59.244, 301.41, 100, 74232, 69
2026/07/30 04:46:00.282, 303.07, 100, 74232, 69
2026/07/30 04:46:01.319, 303.17, 100, 74232, 69
2026/07/30 04:46:02.358, 303.46, 100, 74232, 69
2026/07/30 04:46:03.397, 298.60, 100, 74232, 69
2026/07/30 04:46:04.436, 291.31, 100, 74232, 69
2026/07/30 04:46:05.472, 290.93, 100, 74232, 69
2026/07/30 04:46:06.511, 295.28, 100, 74232, 69
2026/07/30 04:46:07.549, 295.98, 100, 74232, 69
2026/07/30 04:46:08.588, 295.88, 100, 74232, 69
2026/07/30 04:46:09.626, 306.39, 100, 74232, 69
2026/07/30 04:46:10.663, 303.93, 100, 74232, 69
2026/07/30 04:46:11.700, 297.55, 100, 74232, 69
2026/07/30 04:46:12.737, 295.11, 100, 74232, 69
2026/07/30 04:46:13.774, 294.61, 100, 74232, 69
2026/07/30 04:46:14.812, 295.39, 100, 74232, 69
2026/07/30 04:46:15.851, 296.18, 100, 74232, 69
2026/07/30 04:46:16.888, 292.47, 100, 74232, 69
2026/07/30 04:46:17.928, 303.10, 100, 74232, 69
2026/07/30 04:46:18.966, 293.55, 100, 74232, 69
2026/07/30 04:46:20.006, 295.11, 100, 74232, 69
2026/07/30 04:46:21.045, 294.51, 100, 74232, 69
2026/07/30 04:46:22.082, 295.88, 100, 74232, 69
2026/07/30 04:46:23.120, 304.90, 100, 74232, 69
2026/07/30 04:46:24.157, 303.18, 100, 74232, 69
2026/07/30 04:46:25.197, 299.26, 100, 74232, 69
2026/07/30 04:46:26.238, 301.81, 100, 74232, 69
2026/07/30 04:46:27.276, 300.12, 100, 74232, 69
2026/07/30 04:46:28.314, 301.68, 100, 74232, 69
2026/07/30 04:46:29.351, 298.70, 100, 74232, 69
2026/07/30 04:46:30.392, 295.67, 100, 74232, 69
2026/07/30 04:46:31.429, 292.77, 100, 74232, 69
2026/07/30 04:46:32.468, 292.50, 100, 74232, 69
2026/07/30 04:46:33.506, 304.88, 100, 74232, 69
2026/07/30 04:46:34.543, 298.42, 100, 74232, 69
2026/07/30 04:46:35.582, 301.34, 100, 74232, 69
2026/07/30 04:46:36.620, 301.32, 100, 74232, 69
2026/07/30 04:46:37.659, 302.59, 100, 74232, 69
2026/07/30 04:46:38.697, 303.08, 100, 74232, 69
2026/07/30 04:46:39.734, 299.07, 100, 74232, 69
2026/07/30 04:46:40.772, 296.94, 100, 74232, 69
2026/07/30 04:46:41.810, 300.05, 100, 74232, 69
2026/07/30 04:46:42.851, 290.25, 100, 74232, 69
2026/07/30 04:46:43.888, 294.62, 100, 74232, 69
2026/07/30 04:46:44.930, 298.79, 100, 74232, 69
2026/07/30 04:46:45.970, 295.97, 100, 74232, 69
2026/07/30 04:46:47.008, 306.65, 100, 74232, 69
2026/07/30 04:46:48.046, 303.36, 100, 74232, 69
2026/07/30 04:46:49.084, 298.91, 100, 74232, 69
2026/07/30 04:46:50.121, 298.50, 100, 74232, 69
2026/07/30 04:46:51.160, 293.63, 100, 74232, 69
2026/07/30 04:46:52.197, 297.61, 100, 74232, 69
2026/07/30 04:46:53.238, 293.85, 100, 74232, 69
2026/07/30 04:46:54.276, 92.48, 0, 74232, 68
2026/07/30 04:46:55.312, 300.11, 100, 74232, 70
2026/07/30 04:46:56.347, 294.93, 100, 74232, 70
2026/07/30 04:46:57.383, 286.62, 100, 74232, 70
2026/07/30 04:46:58.424, 293.24, 100, 74232, 70
2026/07/30 04:46:59.458, 280.37, 100, 74232, 70
2026/07/30 04:47:00.493, 300.33, 100, 74232, 70
2026/07/30 04:47:01.526, 301.51, 100, 74232, 69
2026/07/30 04:47:02.563, 296.75, 100, 74232, 69
2026/07/30 04:47:03.599, 295.78, 100, 74232, 69
2026/07/30 04:47:04.636, 298.51, 100, 74232, 69
2026/07/30 04:47:05.673, 295.22, 100, 74232, 69
2026/07/30 04:47:06.712, 292.08, 100, 74232, 69
2026/07/30 04:47:07.748, 297.75, 100, 74232, 69
2026/07/30 04:47:08.784, 296.24, 100, 74232, 69
2026/07/30 04:47:09.821, 295.12, 100, 74232, 69
2026/07/30 04:47:10.857, 292.95, 100, 74232, 69
2026/07/30 04:47:11.893, 294.02, 100, 74232, 69
2026/07/30 04:47:12.930, 295.77, 100, 74232, 69
2026/07/30 04:47:13.971, 291.90, 100, 74232, 69
2026/07/30 04:47:15.008, 295.88, 100, 74232, 69
2026/07/30 04:47:16.044, 297.03, 100, 74232, 69
2026/07/30 04:47:17.086, 299.06, 100, 74232, 69
2026/07/30 04:47:18.122, 296.76, 100, 74232, 69
2026/07/30 04:47:19.163, 302.10, 100, 74232, 69
2026/07/30 04:47:20.201, 298.41, 100, 74232, 69
2026/07/30 04:47:21.239, 299.67, 100, 74232, 69
2026/07/30 04:47:22.276, 301.89, 100, 74232, 69
2026/07/30 04:47:23.313, 303.55, 100, 74232, 69
2026/07/30 04:47:24.349, 299.56, 100, 74232, 69
2026/07/30 04:47:25.388, 301.77, 100, 74232, 69
2026/07/30 04:47:26.426, 303.57, 100, 74232, 69
2026/07/30 04:47:27.463, 300.94, 100, 74232, 69
2026/07/30 04:47:28.503, 293.64, 100, 74232, 69
2026/07/30 04:47:29.542, 302.41, 100, 74232, 69
2026/07/30 04:47:30.580, 301.12, 100, 74232, 69
2026/07/30 04:47:31.620, 301.81, 100, 74232, 69
2026/07/30 04:47:32.659, 303.18, 100, 74232, 69
2026/07/30 04:47:33.697, 303.73, 100, 74232, 69
2026/07/30 04:47:34.735, 295.97, 100, 74232, 69
2026/07/30 04:47:35.773, 298.91, 100, 74232, 69
2026/07/30 04:47:36.810, 300.35, 100, 74232, 69
2026/07/30 04:47:37.847, 297.12, 100, 74232, 69
2026/07/30 04:47:38.884, 301.71, 100, 74232, 69
2026/07/30 04:47:39.921, 294.03, 100, 74232, 69
2026/07/30 04:47:40.959, 302.58, 100, 74232, 69
2026/07/30 04:47:41.995, 298.69, 100, 74232, 69
2026/07/30 04:47:43.032, 297.71, 100, 74232, 69
2026/07/30 04:47:44.069, 301.87, 100, 74232, 69
2026/07/30 04:47:45.108, 300.60, 100, 74232, 69
2026/07/30 04:47:46.146, 303.27, 100, 74232, 69
2026/07/30 04:47:47.188, 300.15, 100, 74232, 69
2026/07/30 04:47:48.225, 296.48, 100, 74232, 69
2026/07/30 04:47:49.262, 302.38, 100, 74232, 69
2026/07/30 04:47:50.300, 300.74, 100, 74232, 69
2026/07/30 04:47:51.337, 300.61, 100, 74232, 69
2026/07/30 04:47:52.374, 299.95, 100, 74232, 69
2026/07/30 04:47:53.413, 298.30, 100, 74232, 69
2026/07/30 04:47:54.453, 299.28, 100, 74232, 69
2026/07/30 04:47:55.491, 301.29, 100, 74232, 69
2026/07/30 04:47:56.529, 295.70, 100, 74232, 69
2026/07/30 04:47:57.566, 296.97, 100, 74232, 69
2026/07/30 04:47:58.604, 294.23, 100, 74232, 69
2026/07/30 04:47:59.641, 296.77, 100, 74232, 69
2026/07/30 04:48:00.679, 295.70, 100, 74232, 69
2026/07/30 04:48:01.717, 297.24, 100, 74232, 69
2026/07/30 04:48:02.754, 299.48, 100, 74232, 69
2026/07/30 04:48:03.792, 298.43, 100, 74232, 69
2026/07/30 04:48:04.830, 300.05, 100, 74232, 69
2026/07/30 04:48:05.868, 298.67, 100, 74232, 69
2026/07/30 04:48:06.905, 297.27, 100, 74232, 69
2026/07/30 04:48:07.942, 299.17, 100, 74232, 69
2026/07/30 04:48:08.980, 298.61, 100, 74232, 69
2026/07/30 04:48:10.026, 309.78, 100, 74232, 69
2026/07/30 04:48:11.064, 299.62, 100, 74232, 69
2026/07/30 04:48:12.102, 302.68, 100, 74232, 69
2026/07/30 04:48:13.141, 295.17, 100, 74232, 69
2026/07/30 04:48:14.178, 292.48, 100, 74232, 69
2026/07/30 04:48:15.216, 294.92, 100, 74232, 69
2026/07/30 04:48:16.254, 301.33, 100, 74232, 69
2026/07/30 04:48:17.295, 298.14, 100, 74232, 69
2026/07/30 04:48:18.332, 293.64, 100, 74232, 69
2026/07/30 04:48:19.371, 295.98, 100, 74232, 69
2026/07/30 04:48:20.408, 292.57, 100, 74232, 69
2026/07/30 04:48:21.446, 296.36, 100, 74232, 69
2026/07/30 04:48:22.484, 302.29, 100, 74232, 69
2026/07/30 04:48:23.522, 302.87, 100, 74232, 69
2026/07/30 04:48:24.564, 302.58, 100, 74232, 69
2026/07/30 04:48:25.602, 300.23, 100, 74232, 69
2026/07/30 04:48:26.639, 298.71, 100, 74232, 69
2026/07/30 04:48:27.676, 295.48, 100, 74232, 69
2026/07/30 04:48:28.715, 296.37, 100, 74232, 69
2026/07/30 04:48:29.754, 301.43, 100, 74232, 69
2026/07/30 04:48:30.792, 295.37, 100, 74232, 69
2026/07/30 04:48:31.832, 307.14, 100, 74232, 69
2026/07/30 04:48:32.873, 291.40, 100, 74232, 69
2026/07/30 04:48:33.911, 292.48, 100, 74232, 69
2026/07/30 04:48:34.950, 295.30, 100, 74232, 69
2026/07/30 04:48:35.986, 292.38, 100, 74232, 69
2026/07/30 04:48:37.029, 299.47, 100, 74232, 69
2026/07/30 04:48:38.067, 304.22, 100, 74232, 69
2026/07/30 04:48:39.105, 302.67, 100, 74232, 69
2026/07/30 04:48:40.143, 291.61, 100, 74232, 69
2026/07/30 04:48:41.180, 290.54, 100, 74232, 69
2026/07/30 04:48:42.225, 294.72, 100, 74232, 69
2026/07/30 04:48:43.263, 296.47, 100, 74232, 69
2026/07/30 04:48:44.300, 295.89, 100, 74232, 69
2026/07/30 04:48:45.338, 294.61, 100, 74232, 69
2026/07/30 04:48:46.375, 294.62, 100, 74232, 69
2026/07/30 04:48:47.412, 298.29, 100, 74232, 69
2026/07/30 04:48:48.450, 303.07, 100, 74232, 69
2026/07/30 04:48:49.491, 299.29, 100, 74232, 69
2026/07/30 04:48:50.529, 303.56, 100, 74232, 69
2026/07/30 04:48:51.567, 302.00, 100, 74232, 69
2026/07/30 04:48:52.604, 292.49, 100, 74232, 69
2026/07/30 04:48:53.642, 296.18, 100, 74232, 69
2026/07/30 04:48:54.683, 299.18, 100, 74232, 69
2026/07/30 04:48:55.722, 306.45, 100, 74232, 69
2026/07/30 04:48:56.759, 302.37, 100, 74232, 69
2026/07/30 04:48:57.797, 302.79, 100, 74232, 69
2026/07/30 04:48:58.834, 300.81, 100, 74232, 69
2026/07/30 04:48:59.874, 299.07, 100, 74232, 69
2026/07/30 04:49:00.911, 301.49, 100, 74232, 69
2026/07/30 04:49:01.950, 299.77, 100, 74232, 69
2026/07/30 04:49:02.989, 296.08, 100, 74232, 69
2026/07/30 04:49:04.026, 300.42, 100, 74232, 69
2026/07/30 04:49:05.066, 302.39, 100, 74232, 69
2026/07/30 04:49:06.104, 295.96, 100, 74232, 69
2026/07/30 04:49:07.142, 299.01, 100, 74232, 69
2026/07/30 04:49:08.182, 297.65, 100, 74232, 69
2026/07/30 04:49:09.219, 300.64, 100, 74232, 69
2026/07/30 04:49:10.258, 301.81, 100, 74232, 69
2026/07/30 04:49:11.296, 304.10, 100, 74232, 69
2026/07/30 04:49:12.333, 295.78, 100, 74232, 69
2026/07/30 04:49:13.371, 300.44, 100, 74232, 69
2026/07/30 04:49:14.409, 303.36, 100, 74232, 69
2026/07/30 04:49:15.447, 302.10, 100, 74232, 69
2026/07/30 04:49:16.486, 298.31, 100, 74232, 69
2026/07/30 04:49:17.524, 300.70, 100, 74232, 69
2026/07/30 04:49:18.571, 299.97, 100, 74232, 69
2026/07/30 04:49:19.612, 295.88, 100, 74232, 69
2026/07/30 04:49:20.649, 294.02, 100, 74232, 69
2026/07/30 04:49:21.687, 295.39, 100, 74232, 69
2026/07/30 04:49:22.725, 302.29, 100, 74232, 69
2026/07/30 04:49:23.763, 302.68, 100, 74232, 69
2026/07/30 04:49:24.802, 301.51, 100, 74232, 69
2026/07/30 04:49:25.839, 289.48, 100, 74232, 69
2026/07/30 04:49:26.877, 298.12, 100, 74232, 69
2026/07/30 04:49:27.913, 302.98, 100, 74232, 69
2026/07/30 04:49:28.952, 303.17, 100, 74232, 69
2026/07/30 04:49:29.990, 299.98, 100, 74232, 69
2026/07/30 04:49:31.029, 302.41, 100, 74232, 69
2026/07/30 04:49:32.067, 302.48, 100, 74232, 69
2026/07/30 04:49:33.106, 302.39, 100, 74232, 69
2026/07/30 04:49:34.145, 293.73, 100, 74232, 69
2026/07/30 04:49:35.183, 301.50, 100, 74232, 69
2026/07/30 04:49:36.224, 302.10, 100, 74232, 69
2026/07/30 04:49:37.262, 302.49, 100, 74232, 69
2026/07/30 04:49:38.298, 292.57, 100, 74232, 69
2026/07/30 04:49:39.335, 291.89, 100, 74232, 69
2026/07/30 04:49:40.372, 294.42, 100, 74232, 69
2026/07/30 04:49:41.409, 296.47, 100, 74232, 69
2026/07/30 04:49:42.447, 296.00, 100, 74232, 69
2026/07/30 04:49:43.485, 292.75, 100, 74232, 69
2026/07/30 04:49:44.523, 300.42, 100, 74232, 69
2026/07/30 04:49:45.562, 298.88, 100, 74232, 69
2026/07/30 04:49:46.599, 303.16, 100, 74232, 69
2026/07/30 04:49:47.638, 296.27, 100, 74232, 69
2026/07/30 04:49:48.675, 299.27, 100, 74232, 69
2026/07/30 04:49:49.716, 301.91, 100, 74232, 69
2026/07/30 04:49:50.754, 299.89, 100, 74232, 69
2026/07/30 04:49:51.792, 303.90, 100, 74232, 69
2026/07/30 04:49:52.831, 299.55, 100, 74232, 69
2026/07/30 04:49:53.869, 296.45, 100, 74232, 69
2026/07/30 04:49:54.913, 302.67, 100, 74232, 69
2026/07/30 04:49:55.951, 303.03, 100, 74232, 69
2026/07/30 04:49:56.988, 296.78, 100, 74232, 69
2026/07/30 04:49:58.025, 300.82, 100, 74232, 69
2026/07/30 04:49:59.062, 301.01, 100, 74232, 69
2026/07/30 04:50:00.102, 302.48, 100, 74232, 69
2026/07/30 04:50:01.140, 302.77, 100, 74232, 69
2026/07/30 04:50:02.177, 296.45, 100, 74232, 69
2026/07/30 04:50:03.215, 294.42, 100, 74232, 69
2026/07/30 04:50:04.252, 298.01, 100, 74232, 69
2026/07/30 04:50:05.290, 299.86, 100, 74232, 69
2026/07/30 04:50:06.328, 302.31, 100, 74232, 69
2026/07/30 04:50:07.365, 299.75, 100, 74232, 69
2026/07/30 04:50:08.402, 297.83, 100, 74232, 69
2026/07/30 04:50:09.440, 300.93, 100, 74232, 69
2026/07/30 04:50:10.477, 302.68, 100, 74232, 69
2026/07/30 04:50:11.514, 306.37, 100, 74232, 69
2026/07/30 04:50:12.553, 304.04, 100, 74232, 69
2026/07/30 04:50:13.589, 299.97, 100, 74232, 69
2026/07/30 04:50:14.626, 302.53, 100, 74232, 69
2026/07/30 04:50:15.663, 294.80, 100, 74232, 69
2026/07/30 04:50:16.700, 295.58, 100, 74232, 69
2026/07/30 04:50:17.738, 296.44, 100, 74232, 69
2026/07/30 04:50:18.777, 299.49, 100, 74232, 69
2026/07/30 04:50:19.814, 301.21, 100, 74232, 69
2026/07/30 04:50:20.852, 296.76, 100, 74232, 69
2026/07/30 04:50:21.890, 295.21, 100, 74232, 69
2026/07/30 04:50:22.927, 299.96, 100, 74232, 69
2026/07/30 04:50:23.964, 300.05, 100, 74232, 69
2026/07/30 04:50:25.003, 301.91, 100, 74232, 69
2026/07/30 04:50:26.080, 303.33, 100, 74232, 69
2026/07/30 04:50:27.117, 303.45, 100, 74232, 69
2026/07/30 04:50:28.154, 303.43, 100, 74232, 69
2026/07/30 04:50:29.191, 301.53, 100, 74232, 69
2026/07/30 04:50:30.230, 302.27, 100, 74232, 69
2026/07/30 04:50:31.268, 300.93, 100, 74232, 69
2026/07/30 04:50:32.306, 303.27, 100, 74232, 69
2026/07/30 04:50:33.344, 302.66, 100, 74232, 69
2026/07/30 04:50:34.381, 304.02, 100, 74232, 69
2026/07/30 04:50:35.418, 300.45, 100, 74232, 70
2026/07/30 04:50:36.462, 302.29, 100, 74232, 69
2026/07/30 04:50:37.501, 301.61, 100, 74232, 70
2026/07/30 04:50:38.538, 295.49, 100, 74232, 69
2026/07/30 04:50:39.578, 296.58, 100, 74232, 69
2026/07/30 04:50:40.615, 291.43, 100, 74232, 69
2026/07/30 04:50:41.652, 297.52, 100, 74232, 69
2026/07/30 04:50:42.688, 293.92, 100, 74232, 69
2026/07/30 04:50:43.726, 295.58, 100, 74232, 69
2026/07/30 04:50:44.763, 294.13, 100, 74232, 69
2026/07/30 04:50:45.799, 296.58, 100, 74232, 69
2026/07/30 04:50:46.837, 296.76, 100, 74232, 69
2026/07/30 04:50:47.873, 303.45, 100, 74232, 69
2026/07/30 04:50:48.911, 298.80, 100, 74232, 69
2026/07/30 04:50:49.950, 302.39, 100, 74232, 69
2026/07/30 04:50:50.989, 297.24, 100, 74232, 69
2026/07/30 04:50:52.026, 300.93, 100, 74232, 69
2026/07/30 04:50:53.063, 300.06, 100, 74232, 69
2026/07/30 04:50:54.100, 292.95, 100, 74232, 69
2026/07/30 04:50:55.138, 308.24, 100, 74232, 69
2026/07/30 04:50:56.175, 301.52, 100, 74232, 69
2026/07/30 04:50:57.213, 302.86, 100, 74232, 69
2026/07/30 04:50:58.250, 297.70, 100, 74232, 69
2026/07/30 04:50:59.290, 304.05, 100, 74232, 69
2026/07/30 04:51:00.327, 295.85, 100, 74232, 69
2026/07/30 04:51:01.364, 292.39, 100, 74232, 69
2026/07/30 04:51:02.402, 301.13, 100, 74232, 69
2026/07/30 04:51:03.438, 302.25, 100, 74232, 69
2026/07/30 04:51:04.477, 294.52, 100, 74232, 69
2026/07/30 04:51:05.516, 293.05, 100, 74232, 69
2026/07/30 04:51:06.555, 296.36, 100, 74232, 69
2026/07/30 04:51:07.591, 303.96, 100, 74232, 69
2026/07/30 04:51:08.631, 301.54, 100, 74232, 69
2026/07/30 04:51:09.668, 300.64, 100, 74232, 69
2026/07/30 04:51:10.708, 300.35, 100, 74232, 69
2026/07/30 04:51:11.746, 297.81, 100, 74232, 69
2026/07/30 04:51:12.783, 303.65, 100, 74232, 69
2026/07/30 04:51:13.822, 304.90, 100, 74232, 69
2026/07/30 04:51:14.859, 297.91, 100, 74232, 69
2026/07/30 04:51:15.896, 295.28, 100, 74232, 69
2026/07/30 04:51:16.934, 294.60, 100, 74232, 69
2026/07/30 04:51:17.972, 294.81, 100, 74232, 69
2026/07/30 04:51:19.008, 296.48, 100, 74232, 69
2026/07/30 04:51:20.053, 297.25, 100, 74232, 69
2026/07/30 04:51:21.092, 296.36, 100, 74232, 69
2026/07/30 04:51:22.129, 292.57, 100, 74232, 69
2026/07/30 04:51:23.173, 292.89, 100, 74232, 69
2026/07/30 04:51:24.211, 294.89, 100, 74232, 69
2026/07/30 04:51:25.249, 301.80, 100, 74232, 69
2026/07/30 04:51:26.287, 299.57, 100, 74232, 69
2026/07/30 04:51:27.324, 302.49, 100, 74232, 69
2026/07/30 04:51:28.369, 295.77, 100, 74232, 69
2026/07/30 04:51:29.411, 295.20, 100, 74232, 69
2026/07/30 04:51:30.449, 303.46, 100, 74232, 69
2026/07/30 04:51:31.489, 293.36, 100, 74232, 69
2026/07/30 04:51:32.528, 296.56, 100, 74232, 69
2026/07/30 04:51:33.565, 294.71, 100, 74232, 69
2026/07/30 04:51:34.603, 296.35, 100, 74232, 69
2026/07/30 04:51:35.641, 296.85, 100, 74232, 69
2026/07/30 04:51:36.678, 294.40, 100, 74232, 69
2026/07/30 04:51:37.716, 291.98, 100, 74232, 69
2026/07/30 04:51:38.753, 295.49, 100, 74232, 69
2026/07/30 04:51:39.793, 301.62, 100, 74232, 69
2026/07/30 04:51:40.831, 301.90, 100, 74232, 69
2026/07/30 04:51:41.868, 303.86, 100, 74232, 69
2026/07/30 04:51:42.908, 303.86, 100, 74232, 69
2026/07/30 04:51:43.944, 302.68, 100, 74232, 69
2026/07/30 04:51:44.983, 298.51, 100, 74232, 69
2026/07/30 04:51:46.020, 300.22, 100, 74232, 69
2026/07/30 04:51:47.058, 299.27, 100, 74232, 69
2026/07/30 04:51:48.095, 297.82, 100, 74232, 69
2026/07/30 04:51:49.133, 302.57, 100, 74232, 69
2026/07/30 04:51:50.171, 301.77, 100, 74232, 69
2026/07/30 04:51:51.210, 302.59, 100, 74232, 69
2026/07/30 04:51:52.250, 303.43, 100, 74232, 69
2026/07/30 04:51:53.287, 303.08, 100, 74232, 69
2026/07/30 04:51:54.325, 303.46, 100, 74232, 69
2026/07/30 04:51:55.364, 94.44, 0, 74232, 66
2026/07/30 04:51:56.396, 92.20, 0, 74232, 65
2026/07/30 04:51:57.427, 91.35, 0, 74232, 64
2026/07/30 04:51:58.459, 91.89, 0, 74232, 64
2026/07/30 04:51:59.491, 90.24, 0, 74232, 63
2026/07/30 04:52:00.524, 89.32, 0, 74232, 63
2026/07/30 04:52:01.557, 89.68, 0, 74232, 62
2026/07/30 04:52:02.590, 89.11, 0, 74232, 62
2026/07/30 04:52:03.622, 89.03, 0, 74232, 61
2026/07/30 04:52:04.653, 87.55, 0, 74232, 61
2026/07/30 04:52:05.685, 86.11, 0, 74232, 60
2026/07/30 04:52:06.716, 85.96, 0, 74232, 60
2026/07/30 04:52:07.748, 85.42, 0, 74232, 60
2026/07/30 04:52:08.779, 84.88, 0, 74232, 59
2026/07/30 04:52:09.811, 84.21, 0, 74232, 59
2026/07/30 04:52:10.845, 301.98, 100, 74232, 64
2026/07/30 04:52:11.880, 287.78, 100, 74232, 64
2026/07/30 04:52:12.916, 278.73, 100, 74232, 65
2026/07/30 04:52:13.950, 298.85, 100, 74232, 65
2026/07/30 04:52:14.987, 295.86, 100, 74232, 65
2026/07/30 04:52:16.022, 309.62, 100, 74232, 65
2026/07/30 04:52:17.063, 293.63, 100, 74232, 64
2026/07/30 04:52:18.101, 297.64, 100, 74232, 64
2026/07/30 04:52:19.138, 299.09, 100, 74232, 64
2026/07/30 04:52:20.177, 296.66, 100, 74232, 64
2026/07/30 04:52:21.214, 298.61, 100, 74232, 65
2026/07/30 04:52:22.250, 304.43, 100, 74232, 65
2026/07/30 04:52:23.288, 296.46, 100, 74232, 65
2026/07/30 04:52:24.324, 299.83, 100, 74232, 65
2026/07/30 04:52:25.362, 301.89, 100, 74232, 65
2026/07/30 04:52:26.399, 294.70, 100, 74232, 65
2026/07/30 04:52:27.436, 299.98, 100, 74232, 66
2026/07/30 04:52:28.473, 296.46, 100, 74232, 66
2026/07/30 04:52:29.512, 298.98, 100, 74232, 66
2026/07/30 04:52:30.549, 304.79, 100, 74232, 66
2026/07/30 04:52:31.588, 304.58, 100, 74232, 66
2026/07/30 04:52:32.626, 296.36, 100, 74232, 66
2026/07/30 04:52:33.662, 296.96, 100, 74232, 66
2026/07/30 04:52:34.700, 295.51, 100, 74232, 66
2026/07/30 04:52:35.737, 294.21, 100, 74232, 67
2026/07/30 04:52:36.774, 298.67, 100, 74232, 67
2026/07/30 04:52:37.810, 297.05, 100, 74232, 67
2026/07/30 04:52:38.847, 299.09, 100, 74232, 67
2026/07/30 04:52:39.883, 299.09, 100, 74232, 67
2026/07/30 04:52:40.920, 297.52, 100, 74232, 67
2026/07/30 04:52:41.958, 299.39, 100, 74232, 67
2026/07/30 04:52:42.995, 305.11, 100, 74232, 67
2026/07/30 04:52:44.032, 297.82, 100, 74232, 67
2026/07/30 04:52:45.069, 299.46, 100, 74232, 67
2026/07/30 04:52:46.107, 300.45, 100, 74232, 68
2026/07/30 04:52:47.144, 298.99, 100, 74232, 68
2026/07/30 04:52:48.181, 300.35, 100, 74232, 68
2026/07/30 04:52:49.218, 297.82, 100, 74232, 68
2026/07/30 04:52:50.254, 298.32, 100, 74232, 68
2026/07/30 04:52:51.291, 300.36, 100, 74232, 68
2026/07/30 04:52:52.327, 296.95, 100, 74232, 68
2026/07/30 04:52:53.366, 291.60, 100, 74232, 68
2026/07/30 04:52:54.404, 293.73, 100, 74232, 68
2026/07/30 04:52:55.448, 286.55, 100, 74232, 68
2026/07/30 04:52:56.485, 296.47, 100, 74232, 68
2026/07/30 04:52:57.521, 300.74, 100, 74232, 68
2026/07/30 04:52:58.558, 295.22, 100, 74232, 68
2026/07/30 04:52:59.594, 296.18, 100, 74232, 68
2026/07/30 04:53:00.631, 299.86, 100, 74232, 68
2026/07/30 04:53:01.667, 303.16, 100, 74232, 68
2026/07/30 04:53:02.704, 297.12, 100, 74232, 68
2026/07/30 04:53:03.740, 300.53, 100, 74232, 68
2026/07/30 04:53:04.777, 301.48, 100, 74232, 68
2026/07/30 04:53:05.813, 299.48, 100, 74232, 69
2026/07/30 04:53:06.851, 300.43, 100, 74232, 69
2026/07/30 04:53:07.889, 301.73, 100, 74232, 69
2026/07/30 04:53:08.926, 295.87, 100, 74232, 69
2026/07/30 04:53:09.962, 300.63, 100, 74232, 69
2026/07/30 04:53:11.000, 301.81, 100, 74232, 69
2026/07/30 04:53:12.037, 299.07, 100, 74232, 69
2026/07/30 04:53:13.074, 298.69, 100, 74232, 69
2026/07/30 04:53:14.111, 301.52, 100, 74232, 69
2026/07/30 04:53:15.150, 302.95, 100, 74232, 69
2026/07/30 04:53:16.188, 301.96, 100, 74232, 69
2026/07/30 04:53:17.224, 300.94, 100, 74232, 69
2026/07/30 04:53:18.262, 302.08, 100, 74232, 69
2026/07/30 04:53:19.298, 302.60, 100, 74232, 69
2026/07/30 04:53:20.339, 295.46, 100, 74232, 69
2026/07/30 04:53:21.376, 302.00, 100, 74232, 69
2026/07/30 04:53:22.413, 302.56, 100, 74232, 69
2026/07/30 04:53:23.450, 299.93, 100, 74232, 69
2026/07/30 04:53:24.487, 293.82, 100, 74232, 69
2026/07/30 04:53:25.525, 295.82, 100, 74232, 69
2026/07/30 04:53:26.561, 295.57, 100, 74232, 69
2026/07/30 04:53:27.600, 296.55, 100, 74232, 69
2026/07/30 04:53:28.638, 301.79, 100, 74232, 69
2026/07/30 04:53:29.673, 295.01, 100, 74232, 69
2026/07/30 04:53:30.712, 291.01, 100, 74232, 69
2026/07/30 04:53:31.750, 294.62, 100, 74232, 69
2026/07/30 04:53:32.787, 298.80, 100, 74232, 69
2026/07/30 04:53:33.824, 295.48, 100, 74232, 69
2026/07/30 04:53:34.866, 292.86, 100, 74232, 69
2026/07/30 04:53:35.904, 297.44, 100, 74232, 69
2026/07/30 04:53:36.943, 302.37, 100, 74232, 69
2026/07/30 04:53:37.985, 297.71, 100, 74232, 69
2026/07/30 04:53:39.022, 298.70, 100, 74232, 69
2026/07/30 04:53:40.060, 302.30, 100, 74232, 69
2026/07/30 04:53:41.096, 302.98, 100, 74232, 69
2026/07/30 04:53:42.133, 303.05, 100, 74232, 69
2026/07/30 04:53:43.169, 297.14, 100, 74232, 69
2026/07/30 04:53:44.207, 303.07, 100, 74232, 69
2026/07/30 04:53:45.244, 298.89, 100, 74232, 69
2026/07/30 04:53:46.284, 300.75, 100, 74232, 69
2026/07/30 04:53:47.322, 301.58, 100, 74232, 69
2026/07/30 04:53:48.358, 304.52, 100, 74232, 69
2026/07/30 04:53:49.394, 305.20, 100, 74232, 69
2026/07/30 04:53:50.431, 299.93, 100, 74232, 69
2026/07/30 04:53:51.468, 296.38, 100, 74232, 69
2026/07/30 04:53:52.506, 94.63, 0, 74232, 66
2026/07/30 04:53:53.538, 92.25, 0, 74232, 65
2026/07/30 04:53:54.570, 91.18, 0, 74232, 64
2026/07/30 04:53:55.602, 91.56, 0, 74232, 64
2026/07/30 04:53:56.633, 90.85, 0, 74232, 63
2026/07/30 04:53:57.665, 89.17, 0, 74232, 63
2026/07/30 04:53:58.695, 88.79, 0, 74232, 62
2026/07/30 04:53:59.725, 89.11, 0, 74232, 62
2026/07/30 04:54:00.756, 88.33, 0, 74232, 61
2026/07/30 04:54:01.789, 87.04, 0, 74232, 61
2026/07/30 04:54:02.820, 86.65, 0, 74232, 60
2026/07/30 04:54:03.850, 86.48, 0, 74232, 60
2026/07/30 04:54:04.882, 85.79, 0, 74232, 60
2026/07/30 04:54:05.914, 85.47, 0, 74232, 59
2026/07/30 04:54:06.945, 85.01, 0, 74232, 59
2026/07/30 04:54:07.972, 84.89, 0, 74232, 59
2026/07/30 04:54:08.998, 84.34, 0, 74232, 58
2026/07/30 04:54:10.025, 84.25, 0, 74232, 58
2026/07/30 04:54:11.055, 296.04, 93, 74232, 63
2026/07/30 04:54:12.089, 289.02, 100, 74232, 63
2026/07/30 04:54:13.123, 285.84, 100, 74232, 64
2026/07/30 04:54:14.156, 296.09, 100, 74232, 64
2026/07/30 04:54:15.190, 272.29, 100, 74232, 64
2026/07/30 04:54:16.225, 312.06, 100, 74232, 63
2026/07/30 04:54:17.260, 283.14, 100, 74232, 63
2026/07/30 04:54:18.292, 292.10, 100, 74232, 63
2026/07/30 04:54:19.322, 288.40, 100, 74232, 63
2026/07/30 04:54:20.359, 306.68, 100, 74232, 63
2026/07/30 04:54:21.393, 299.68, 100, 74232, 63
2026/07/30 04:54:22.428, 300.35, 100, 74232, 64
2026/07/30 04:54:23.465, 279.04, 100, 74232, 65
2026/07/30 04:54:24.501, 290.71, 100, 74232, 66
2026/07/30 04:54:25.538, 292.83, 100, 74232, 66
2026/07/30 04:54:26.572, 291.97, 100, 74232, 66
2026/07/30 04:54:27.607, 296.06, 100, 74232, 65
2026/07/30 04:54:28.644, 293.35, 100, 74232, 65
2026/07/30 04:54:29.681, 296.76, 100, 74232, 65
2026/07/30 04:54:30.719, 291.89, 100, 74232, 65
2026/07/30 04:54:31.756, 301.32, 100, 74232, 65
2026/07/30 04:54:32.793, 304.64, 100, 74232, 67
2026/07/30 04:54:33.827, 295.60, 100, 74232, 67
2026/07/30 04:54:34.861, 267.06, 100, 74232, 67
2026/07/30 04:54:35.896, 286.54, 100, 74232, 67
2026/07/30 04:54:36.934, 248.88, 100, 74232, 66
2026/07/30 04:54:37.970, 282.93, 100, 74232, 66
2026/07/30 04:54:39.009, 297.22, 100, 74232, 66
2026/07/30 04:54:40.047, 297.63, 100, 74232, 66
2026/07/30 04:54:41.084, 289.17, 100, 74232, 66
2026/07/30 04:54:42.121, 271.19, 100, 74232, 68
2026/07/30 04:54:43.156, 288.66, 100, 74232, 68
2026/07/30 04:54:44.191, 294.48, 100, 74232, 69
2026/07/30 04:54:45.226, 309.52, 100, 74232, 69
2026/07/30 04:54:46.266, 299.55, 100, 74232, 69
2026/07/30 04:54:47.298, 256.02, 100, 74232, 67
2026/07/30 04:54:48.334, 296.85, 100, 74232, 67
2026/07/30 04:54:49.372, 299.88, 100, 74232, 67
2026/07/30 04:54:50.408, 286.94, 100, 74232, 67
2026/07/30 04:54:51.446, 298.32, 100, 74232, 67
2026/07/30 04:54:52.483, 309.96, 100, 74232, 67
2026/07/30 04:54:53.519, 297.33, 100, 74232, 68
2026/07/30 04:54:54.555, 304.25, 100, 74232, 68
2026/07/30 04:54:55.591, 308.21, 100, 74232, 68
2026/07/30 04:54:56.626, 305.96, 100, 74232, 68
2026/07/30 04:54:57.661, 285.76, 100, 74232, 68
2026/07/30 04:54:58.697, 299.37, 100, 74232, 68
2026/07/30 04:54:59.730, 299.76, 100, 74232, 68
2026/07/30 04:55:00.764, 297.72, 100, 74232, 68
2026/07/30 04:55:01.794, 297.64, 100, 74232, 68
2026/07/30 04:55:02.824, 305.82, 100, 74232, 68
2026/07/30 04:55:03.854, 302.17, 100, 74232, 68
2026/07/30 04:55:04.885, 299.85, 100, 74232, 68
2026/07/30 04:55:05.919, 301.81, 100, 74232, 68
2026/07/30 04:55:06.953, 299.57, 100, 74232, 68
2026/07/30 04:55:07.984, 300.06, 100, 74232, 68
2026/07/30 04:55:09.015, 301.53, 100, 74232, 68
2026/07/30 04:55:10.045, 296.54, 100, 74232, 68
2026/07/30 04:55:11.078, 297.52, 100, 74232, 68
2026/07/30 04:55:12.112, 296.47, 100, 74232, 68
2026/07/30 04:55:13.143, 298.92, 100, 74232, 68
2026/07/30 04:55:14.178, 298.90, 100, 74232, 68
2026/07/30 04:55:15.215, 297.71, 100, 74232, 68
2026/07/30 04:55:16.253, 301.15, 100, 74232, 68
2026/07/30 04:55:17.292, 301.11, 100, 74232, 68
2026/07/30 04:55:18.326, 297.73, 100, 74232, 68
2026/07/30 04:55:19.361, 303.38, 100, 74232, 68
2026/07/30 04:55:20.396, 292.16, 100, 74232, 68
2026/07/30 04:55:21.431, 297.22, 100, 74232, 68
2026/07/30 04:55:22.462, 298.21, 100, 74232, 68
2026/07/30 04:55:23.494, 300.06, 100, 74232, 68
2026/07/30 04:55:24.525, 299.59, 100, 74232, 69
2026/07/30 04:55:25.557, 300.16, 100, 74232, 69
2026/07/30 04:55:26.587, 299.67, 100, 74232, 69
2026/07/30 04:55:27.618, 310.41, 100, 74232, 69
2026/07/30 04:55:28.648, 297.03, 100, 74232, 69
2026/07/30 04:55:29.682, 303.17, 100, 74232, 69
2026/07/30 04:55:30.718, 303.39, 100, 74232, 69
2026/07/30 04:55:31.750, 292.38, 100, 74232, 69
2026/07/30 04:55:32.779, 294.35, 100, 74232, 69
2026/07/30 04:55:33.809, 296.37, 100, 74232, 69
2026/07/30 04:55:34.840, 299.00, 100, 74232, 69
2026/07/30 04:55:35.871, 300.25, 100, 74232, 69
2026/07/30 04:55:36.905, 299.73, 100, 74232, 69
2026/07/30 04:55:37.941, 299.17, 100, 74232, 69
2026/07/30 04:55:38.979, 300.93, 100, 74232, 69
2026/07/30 04:55:40.011, 302.68, 100, 74232, 69
2026/07/30 04:55:41.042, 300.61, 100, 74232, 69
2026/07/30 04:55:42.072, 300.84, 100, 74232, 69
2026/07/30 04:55:43.103, 302.17, 100, 74232, 69
2026/07/30 04:55:44.139, 300.17, 100, 74232, 69
2026/07/30 04:55:45.170, 300.56, 100, 74232, 69
2026/07/30 04:55:46.200, 296.35, 100, 74232, 69
2026/07/30 04:55:47.234, 297.45, 100, 74232, 69
2026/07/30 04:55:48.269, 300.70, 100, 74232, 69
2026/07/30 04:55:49.302, 296.65, 100, 74232, 69
2026/07/30 04:55:50.337, 299.94, 100, 74232, 69
2026/07/30 04:55:51.370, 299.56, 100, 74232, 69
2026/07/30 04:55:52.402, 300.55, 100, 74232, 69
2026/07/30 04:55:53.439, 291.31, 100, 74232, 69
2026/07/30 04:55:54.474, 294.22, 100, 74232, 69
2026/07/30 04:55:55.510, 293.05, 100, 74232, 69
2026/07/30 04:55:56.543, 301.91, 100, 74232, 69
2026/07/30 04:55:57.577, 302.18, 100, 74232, 69
2026/07/30 04:55:58.614, 301.59, 100, 74232, 69
2026/07/30 04:55:59.645, 301.79, 100, 74232, 69
2026/07/30 04:56:00.675, 304.44, 100, 74232, 69
2026/07/30 04:56:01.706, 295.39, 100, 74232, 69
2026/07/30 04:56:02.740, 300.93, 100, 74232, 69
2026/07/30 04:56:03.771, 291.03, 100, 74232, 69
2026/07/30 04:56:04.804, 296.45, 100, 74232, 69
2026/07/30 04:56:05.839, 294.73, 100, 74232, 69
2026/07/30 04:56:06.876, 302.11, 100, 74232, 69
2026/07/30 04:56:07.910, 302.11, 100, 74232, 69
2026/07/30 04:56:08.945, 301.30, 100, 74232, 69
2026/07/30 04:56:09.977, 296.46, 100, 74232, 69
2026/07/30 04:56:11.010, 299.77, 100, 74232, 69
2026/07/30 04:56:12.047, 298.18, 100, 74232, 69
2026/07/30 04:56:13.079, 291.89, 100, 74232, 69
2026/07/30 04:56:14.114, 293.44, 100, 74232, 69
2026/07/30 04:56:15.146, 299.29, 100, 74232, 69
2026/07/30 04:56:16.178, 301.90, 100, 74232, 69
2026/07/30 04:56:17.211, 302.39, 100, 74232, 69
2026/07/30 04:56:18.247, 299.85, 100, 74232, 69
2026/07/30 04:56:19.280, 300.66, 100, 74232, 69
2026/07/30 04:56:20.314, 295.98, 100, 74232, 69
2026/07/30 04:56:21.351, 297.72, 100, 74232, 69
2026/07/30 04:56:22.385, 300.13, 100, 74232, 69
2026/07/30 04:56:23.419, 302.17, 100, 74232, 69
2026/07/30 04:56:24.450, 300.26, 100, 74232, 69
2026/07/30 04:56:25.481, 303.05, 100, 74232, 69
2026/07/30 04:56:26.515, 300.95, 100, 74232, 69
2026/07/30 04:56:27.547, 297.73, 100, 74232, 69
2026/07/30 04:56:28.578, 295.01, 100, 74232, 69
2026/07/30 04:56:29.609, 296.27, 100, 74232, 69
2026/07/30 04:56:30.642, 294.23, 100, 74232, 69
2026/07/30 04:56:31.677, 295.49, 100, 74232, 69
2026/07/30 04:56:32.712, 296.87, 100, 74232, 69
2026/07/30 04:56:33.745, 293.14, 100, 74232, 69
2026/07/30 04:56:34.779, 294.03, 100, 74232, 69
2026/07/30 04:56:35.815, 289.55, 100, 74232, 69
2026/07/30 04:56:36.852, 292.87, 100, 74232, 69
2026/07/30 04:56:37.888, 299.27, 100, 74232, 69
2026/07/30 04:56:38.924, 299.56, 100, 74232, 69
2026/07/30 04:56:39.960, 300.93, 100, 74232, 69
2026/07/30 04:56:40.997, 300.26, 100, 74232, 69
2026/07/30 04:56:42.034, 301.54, 100, 74232, 69
2026/07/30 04:56:43.071, 302.11, 100, 74232, 69
2026/07/30 04:56:44.108, 303.34, 100, 74232, 69
2026/07/30 04:56:45.144, 301.22, 100, 74232, 69
2026/07/30 04:56:46.182, 301.32, 100, 74232, 69
2026/07/30 04:56:47.217, 298.40, 100, 74232, 69
2026/07/30 04:56:48.255, 301.81, 100, 74232, 69
2026/07/30 04:56:49.290, 297.44, 100, 74232, 69
2026/07/30 04:56:50.327, 300.83, 100, 74232, 69
2026/07/30 04:56:51.363, 298.58, 100, 74232, 69
2026/07/30 04:56:52.401, 299.76, 100, 74232, 69
2026/07/30 04:56:53.438, 301.62, 100, 74232, 69
2026/07/30 04:56:54.474, 300.73, 100, 74232, 69
2026/07/30 04:56:55.510, 300.93, 100, 74232, 69
2026/07/30 04:56:56.547, 300.26, 100, 74232, 69
2026/07/30 04:56:57.585, 300.43, 100, 74232, 69
2026/07/30 04:56:58.621, 300.16, 100, 74232, 69
2026/07/30 04:56:59.657, 302.70, 100, 74232, 69
2026/07/30 04:57:00.693, 302.19, 100, 74232, 69
2026/07/30 04:57:01.730, 302.17, 100, 74232, 69
2026/07/30 04:57:02.767, 296.56, 100, 74232, 69
2026/07/30 04:57:03.804, 299.16, 100, 74232, 69
2026/07/30 04:57:04.840, 291.30, 100, 74232, 69
2026/07/30 04:57:05.879, 291.79, 100, 74232, 69
2026/07/30 04:57:06.915, 289.46, 100, 74232, 69
2026/07/30 04:57:07.954, 293.81, 100, 74232, 69
2026/07/30 04:57:08.991, 301.52, 100, 74232, 69
2026/07/30 04:57:10.027, 296.08, 100, 74232, 69
2026/07/30 04:57:11.068, 296.08, 100, 74232, 69
2026/07/30 04:57:12.105, 302.68, 100, 74232, 69
2026/07/30 04:57:13.143, 302.89, 100, 74232, 69
2026/07/30 04:57:14.182, 303.71, 100, 74232, 69
2026/07/30 04:57:15.219, 294.52, 100, 74232, 69
2026/07/30 04:57:16.261, 306.37, 100, 74232, 69
2026/07/30 04:57:17.298, 299.67, 100, 74232, 69
2026/07/30 04:57:18.334, 301.45, 100, 74232, 69
2026/07/30 04:57:19.371, 298.10, 100, 74232, 69
2026/07/30 04:57:20.409, 292.00, 100, 74232, 69
2026/07/30 04:57:21.451, 295.97, 100, 74232, 69
2026/07/30 04:57:22.488, 292.36, 100, 74232, 69
2026/07/30 04:57:23.524, 293.05, 100, 74232, 69
2026/07/30 04:57:24.561, 295.00, 100, 74232, 69
2026/07/30 04:57:25.597, 299.37, 100, 74232, 69
2026/07/30 04:57:26.634, 295.30, 100, 74232, 69
2026/07/30 04:57:27.670, 294.42, 100, 74232, 69
2026/07/30 04:57:28.708, 294.32, 100, 74232, 69
2026/07/30 04:57:29.745, 300.36, 100, 74232, 69
2026/07/30 04:57:30.784, 304.54, 100, 74232, 69
2026/07/30 04:57:31.821, 294.93, 100, 74232, 69
2026/07/30 04:57:32.857, 291.02, 100, 74232, 69
2026/07/30 04:57:33.897, 292.08, 100, 74232, 69
2026/07/30 04:57:34.934, 296.64, 100, 74232, 69
2026/07/30 04:57:35.971, 301.33, 100, 74232, 69
2026/07/30 04:57:37.008, 300.51, 100, 74232, 69
2026/07/30 04:57:38.044, 294.12, 100, 74232, 69
2026/07/30 04:57:39.082, 293.24, 100, 74232, 69
2026/07/30 04:57:40.120, 301.21, 100, 74232, 69
2026/07/30 04:57:41.157, 302.55, 100, 74232, 69
2026/07/30 04:57:42.196, 296.06, 100, 74232, 69
2026/07/30 04:57:43.233, 301.33, 100, 74232, 69
2026/07/30 04:57:44.271, 302.01, 100, 74232, 69
2026/07/30 04:57:45.307, 300.84, 100, 74232, 69
2026/07/30 04:57:46.345, 294.22, 100, 74232, 71
2026/07/30 04:57:47.379, 296.58, 100, 74232, 71
2026/07/30 04:57:48.414, 299.94, 100, 74232, 69
2026/07/30 04:57:49.450, 299.46, 100, 74232, 69
2026/07/30 04:57:50.489, 294.70, 100, 74232, 69
2026/07/30 04:57:51.526, 298.98, 100, 74232, 69
2026/07/30 04:57:52.564, 299.73, 100, 74232, 69
2026/07/30 04:57:53.602, 300.36, 100, 74232, 69
2026/07/30 04:57:54.640, 295.87, 100, 74232, 69
2026/07/30 04:57:55.681, 297.05, 100, 74232, 69
2026/07/30 04:57:56.718, 296.95, 100, 74232, 69
2026/07/30 04:57:57.754, 296.76, 100, 74232, 69
2026/07/30 04:57:58.791, 299.54, 100, 74232, 69
2026/07/30 04:57:59.828, 298.90, 100, 74232, 69
2026/07/30 04:58:00.865, 296.87, 100, 74232, 69
2026/07/30 04:58:01.901, 297.91, 100, 74232, 69
2026/07/30 04:58:02.938, 296.48, 100, 74232, 69
2026/07/30 04:58:03.974, 297.82, 100, 74232, 69
2026/07/30 04:58:05.011, 294.63, 100, 74232, 69
2026/07/30 04:58:06.049, 295.73, 100, 74232, 69
2026/07/30 04:58:07.088, 298.59, 100, 74232, 69
2026/07/30 04:58:08.124, 301.63, 100, 74232, 69
2026/07/30 04:58:09.162, 301.59, 100, 74232, 69
2026/07/30 04:58:10.199, 302.70, 100, 74232, 69
2026/07/30 04:58:11.235, 301.12, 100, 74232, 69
2026/07/30 04:58:12.272, 301.89, 100, 74232, 69
2026/07/30 04:58:13.314, 302.40, 100, 74232, 69
2026/07/30 04:58:14.350, 297.52, 100, 74232, 69
2026/07/30 04:58:15.387, 302.79, 100, 74232, 69
2026/07/30 04:58:16.424, 296.39, 100, 74232, 69
2026/07/30 04:58:17.461, 296.75, 100, 74232, 69
2026/07/30 04:58:18.498, 302.08, 100, 74232, 69
2026/07/30 04:58:19.535, 304.25, 100, 74232, 69
2026/07/30 04:58:20.571, 292.51, 66, 74232, 71
2026/07/30 04:58:21.605, 299.85, 100, 74232, 71
2026/07/30 04:58:22.643, 303.95, 100, 74232, 69
2026/07/30 04:58:23.680, 295.49, 100, 74232, 69
2026/07/30 04:58:24.718, 298.51, 100, 74232, 69
2026/07/30 04:58:25.755, 296.39, 100, 74232, 69
2026/07/30 04:58:26.791, 302.68, 100, 74232, 69
2026/07/30 04:58:27.828, 297.99, 100, 74232, 69
2026/07/30 04:58:28.864, 301.52, 100, 74232, 69
2026/07/30 04:58:29.898, 302.00, 100, 74232, 69
2026/07/30 04:58:30.936, 301.53, 100, 74232, 69
2026/07/30 04:58:31.972, 305.12, 100, 74232, 69
2026/07/30 04:58:33.011, 294.42, 100, 74232, 69
2026/07/30 04:58:34.048, 302.56, 100, 74232, 69
2026/07/30 04:58:35.086, 303.07, 100, 74232, 69
2026/07/30 04:58:36.123, 300.54, 100, 74232, 69
2026/07/30 04:58:37.159, 301.22, 100, 74232, 69
2026/07/30 04:58:38.197, 301.11, 100, 74232, 69
2026/07/30 04:58:39.234, 301.23, 100, 74232, 69
2026/07/30 04:58:40.272, 302.68, 100, 74232, 69
2026/07/30 04:58:41.309, 293.96, 100, 74232, 69
2026/07/30 04:58:42.347, 301.33, 100, 74232, 69
2026/07/30 04:58:43.383, 302.11, 100, 74232, 69
2026/07/30 04:58:44.420, 296.76, 100, 74232, 69
2026/07/30 04:58:45.456, 294.61, 100, 74232, 69
2026/07/30 04:58:46.492, 302.33, 100, 74232, 69
2026/07/30 04:58:47.528, 301.91, 100, 74232, 70
2026/07/30 04:58:48.564, 302.65, 100, 74232, 70
2026/07/30 04:58:49.603, 300.13, 100, 74232, 70
2026/07/30 04:58:50.640, 301.90, 100, 74232, 70
2026/07/30 04:58:51.680, 300.37, 100, 74232, 70
2026/07/30 04:58:52.717, 298.99, 100, 74232, 70
2026/07/30 04:58:53.754, 298.89, 100, 74232, 69
2026/07/30 04:58:54.791, 299.09, 100, 74232, 70
2026/07/30 04:58:55.827, 302.26, 100, 74232, 70
2026/07/30 04:58:56.869, 298.12, 100, 74232, 69
2026/07/30 04:58:57.906, 297.43, 100, 74232, 69
2026/07/30 04:58:58.942, 299.85, 100, 74232, 69
2026/07/30 04:58:59.979, 291.12, 100, 74232, 71
2026/07/30 04:59:01.013, 303.43, 100, 74232, 71
2026/07/30 04:59:02.048, 311.89, 100, 74232, 71
2026/07/30 04:59:03.083, 302.79, 100, 74232, 69
2026/07/30 04:59:04.120, 301.72, 100, 74232, 69
2026/07/30 04:59:05.157, 299.95, 100, 74232, 69
2026/07/30 04:59:06.193, 303.38, 100, 74232, 69
2026/07/30 04:59:07.230, 299.18, 100, 74232, 69
2026/07/30 04:59:08.268, 290.73, 100, 74232, 69
2026/07/30 04:59:09.306, 294.15, 100, 74232, 70
2026/07/30 04:59:10.341, 302.40, 100, 74232, 70
2026/07/30 04:59:11.377, 298.70, 100, 74232, 70
2026/07/30 04:59:12.414, 298.11, 100, 74232, 70
2026/07/30 04:59:13.451, 296.26, 100, 74232, 70
2026/07/30 04:59:14.487, 295.20, 100, 74232, 70
2026/07/30 04:59:15.525, 291.40, 100, 74232, 70
2026/07/30 04:59:16.562, 296.76, 100, 74232, 70
2026/07/30 04:59:17.598, 302.20, 100, 74232, 70
2026/07/30 04:59:18.635, 301.96, 100, 74232, 70
2026/07/30 04:59:19.672, 298.50, 100, 74232, 70
2026/07/30 04:59:20.710, 304.15, 100, 74232, 70
2026/07/30 04:59:21.747, 303.15, 100, 74232, 70
2026/07/30 04:59:22.788, 302.49, 100, 74232, 70
2026/07/30 04:59:23.825, 295.38, 100, 74232, 70
2026/07/30 04:59:24.863, 303.28, 100, 74232, 70
2026/07/30 04:59:25.900, 296.96, 100, 74232, 70
2026/07/30 04:59:26.941, 293.07, 100, 74232, 70
2026/07/30 04:59:27.977, 290.84, 100, 74232, 70
2026/07/30 04:59:29.018, 295.38, 100, 74232, 70
2026/07/30 04:59:30.056, 295.87, 100, 74232, 70
2026/07/30 04:59:31.091, 293.73, 100, 74232, 70
2026/07/30 04:59:32.125, 302.80, 100, 74232, 70
2026/07/30 04:59:33.164, 295.99, 100, 74232, 70
2026/07/30 04:59:34.202, 288.78, 100, 74232, 69
2026/07/30 04:59:35.239, 296.29, 100, 74232, 69
2026/07/30 04:59:36.277, 295.98, 100, 74232, 69
2026/07/30 04:59:37.314, 292.45, 100, 74232, 70
2026/07/30 04:59:38.352, 296.65, 100, 74232, 70
2026/07/30 04:59:39.389, 301.33, 100, 74232, 70
2026/07/30 04:59:40.426, 297.54, 100, 74232, 70
2026/07/30 04:59:41.463, 299.50, 100, 74232, 70
2026/07/30 04:59:42.502, 302.40, 100, 74232, 70
2026/07/30 04:59:43.539, 302.87, 100, 74232, 70
2026/07/30 04:59:44.578, 307.64, 100, 74232, 70
2026/07/30 04:59:45.614, 303.96, 100, 74232, 70
2026/07/30 04:59:46.651, 302.29, 100, 74232, 70
2026/07/30 04:59:47.687, 298.11, 100, 74232, 70
2026/07/30 04:59:48.724, 303.28, 100, 74232, 70
2026/07/30 04:59:49.760, 302.87, 100, 74232, 70
2026/07/30 04:59:50.801, 299.08, 100, 74232, 70
2026/07/30 04:59:51.837, 303.62, 100, 74232, 70
2026/07/30 04:59:52.873, 292.18, 100, 74232, 69
2026/07/30 04:59:53.910, 291.50, 100, 74232, 69
2026/07/30 04:59:54.948, 303.15, 100, 74232, 70
2026/07/30 04:59:55.985, 302.20, 100, 74232, 70
2026/07/30 04:59:57.021, 301.51, 100, 74232, 70
2026/07/30 04:59:58.058, 303.24, 100, 74232, 70
2026/07/30 04:59:59.096, 302.58, 100, 74232, 70
2026/07/30 05:00:00.134, 301.33, 100, 74232, 70
2026/07/30 05:00:01.170, 302.80, 100, 74232, 69
2026/07/30 05:00:02.208, 301.82, 100, 74232, 70
2026/07/30 05:00:03.244, 300.15, 100, 74232, 70
2026/07/30 05:00:04.284, 296.38, 100, 74232, 69
2026/07/30 05:00:05.322, 300.84, 100, 74232, 70
2026/07/30 05:00:06.360, 298.61, 100, 74232, 70
2026/07/30 05:00:07.397, 303.17, 100, 74232, 70
2026/07/30 05:00:08.435, 300.52, 100, 74232, 69
2026/07/30 05:00:09.472, 298.11, 100, 74232, 70
2026/07/30 05:00:10.509, 294.69, 100, 74232, 69
2026/07/30 05:00:11.549, 294.32, 100, 74232, 69
2026/07/30 05:00:12.585, 295.27, 100, 74232, 69
2026/07/30 05:00:13.625, 295.01, 100, 74232, 69
2026/07/30 05:00:14.663, 292.09, 100, 74232, 69
2026/07/30 05:00:15.700, 296.19, 100, 74232, 69
2026/07/30 05:00:16.737, 302.39, 100, 74232, 69
2026/07/30 05:00:17.774, 304.91, 100, 74232, 69
2026/07/30 05:00:18.814, 303.46, 100, 74232, 69
2026/07/30 05:00:19.851, 291.51, 100, 74232, 69
2026/07/30 05:00:20.887, 301.33, 100, 74232, 69
2026/07/30 05:00:21.925, 301.62, 100, 74232, 69
2026/07/30 05:00:22.962, 301.12, 100, 74232, 69
2026/07/30 05:00:23.999, 301.41, 100, 74232, 70
2026/07/30 05:00:25.035, 302.07, 100, 74232, 69
2026/07/30 05:00:26.072, 300.75, 100, 74232, 69
2026/07/30 05:00:27.108, 302.00, 100, 74232, 69
2026/07/30 05:00:28.145, 300.74, 100, 74232, 69
2026/07/30 05:00:29.184, 299.79, 100, 74232, 69
2026/07/30 05:00:30.222, 296.45, 100, 74232, 69
2026/07/30 05:00:31.258, 292.76, 100, 74232, 69
2026/07/30 05:00:32.295, 290.56, 100, 74232, 69
2026/07/30 05:00:33.338, 295.78, 100, 74232, 69
2026/07/30 05:00:34.375, 295.80, 100, 74232, 69
2026/07/30 05:00:35.411, 302.49, 100, 74232, 69
2026/07/30 05:00:36.449, 300.81, 100, 74232, 69
2026/07/30 05:00:37.487, 292.70, 100, 74232, 71
2026/07/30 05:00:38.522, 291.04, 100, 74232, 71
2026/07/30 05:00:39.564, 297.97, 100, 74232, 71
2026/07/30 05:00:40.600, 303.15, 100, 74232, 71
2026/07/30 05:00:41.636, 303.33, 100, 74232, 69
2026/07/30 05:00:42.672, 302.08, 100, 74232, 69
2026/07/30 05:00:43.713, 300.62, 100, 74232, 69
2026/07/30 05:00:44.749, 296.17, 100, 74232, 69
2026/07/30 05:00:45.789, 293.34, 100, 74232, 69
2026/07/30 05:00:46.826, 295.69, 100, 74232, 69
2026/07/30 05:00:47.863, 294.40, 100, 74232, 69
2026/07/30 05:00:48.901, 291.58, 100, 74232, 69
2026/07/30 05:00:49.937, 294.82, 100, 74232, 69
2026/07/30 05:00:50.974, 297.52, 100, 74232, 69
2026/07/30 05:00:52.010, 302.56, 100, 74232, 69
2026/07/30 05:00:53.047, 94.24, 0, 74232, 66
2026/07/30 05:00:54.079, 92.61, 0, 74232, 65
2026/07/30 05:00:55.110, 91.97, 0, 74232, 64
2026/07/30 05:00:56.140, 91.84, 0, 74232, 64
2026/07/30 05:00:57.172, 91.28, 0, 74232, 63
2026/07/30 05:00:58.204, 90.67, 0, 74232, 63
2026/07/30 05:00:59.236, 90.01, 0, 74232, 62
2026/07/30 05:01:00.269, 89.54, 0, 74232, 62
2026/07/30 05:01:01.300, 88.86, 0, 74232, 61
2026/07/30 05:01:02.333, 88.32, 0, 74232, 61
2026/07/30 05:01:03.364, 86.75, 0, 74232, 60
2026/07/30 05:01:04.395, 86.58, 0, 74232, 60
2026/07/30 05:01:05.428, 86.12, 0, 74232, 60
2026/07/30 05:01:06.460, 85.33, 0, 74232, 59
2026/07/30 05:01:07.491, 84.96, 0, 74232, 59
2026/07/30 05:01:08.524, 84.47, 0, 74232, 59
2026/07/30 05:01:09.554, 84.11, 0, 74232, 58
2026/07/30 05:01:10.586, 83.90, 0, 74232, 58
2026/07/30 05:01:11.618, 84.11, 0, 74232, 58
2026/07/30 05:01:12.649, 83.11, 0, 74232, 57
2026/07/30 05:01:13.678, 83.54, 0, 74232, 57
2026/07/30 05:01:14.709, 82.53, 0, 74232, 57
2026/07/30 05:01:15.739, 82.24, 0, 74232, 56
2026/07/30 05:01:16.981, 295.43, 100, 74232, 61
2026/07/30 05:01:18.010, 287.50, 100, 74232, 62
2026/07/30 05:01:19.044, 292.36, 100, 74232, 62
2026/07/30 05:01:20.078, 286.22, 100, 74232, 62
2026/07/30 05:01:21.113, 241.31, 100, 74232, 61
2026/07/30 05:01:22.153, 294.72, 100, 74232, 61
2026/07/30 05:01:23.192, 287.02, 100, 74232, 61
2026/07/30 05:01:24.228, 290.44, 100, 74232, 62
2026/07/30 05:01:25.264, 296.00, 100, 74232, 62
2026/07/30 05:01:26.300, 299.36, 100, 74232, 62
2026/07/30 05:01:27.337, 293.17, 100, 74232, 62
2026/07/30 05:01:28.371, 279.02, 100, 74232, 64
2026/07/30 05:01:29.406, 305.25, 100, 74232, 65
2026/07/30 05:01:30.443, 309.84, 100, 74232, 65
2026/07/30 05:01:31.486, 305.68, 100, 74232, 65
2026/07/30 05:01:32.520, 306.89, 100, 74232, 65
2026/07/30 05:01:33.556, 292.86, 100, 74232, 64
2026/07/30 05:01:34.598, 298.79, 100, 74232, 64
2026/07/30 05:01:35.636, 306.16, 100, 74232, 64
2026/07/30 05:01:36.677, 301.91, 100, 74232, 64
2026/07/30 05:01:37.713, 297.62, 100, 74232, 64
2026/07/30 05:01:38.747, 306.65, 100, 74232, 64
2026/07/30 05:01:39.786, 301.59, 100, 74232, 66
2026/07/30 05:01:40.820, 298.45, 100, 74232, 66
2026/07/30 05:01:41.853, 309.82, 100, 74232, 67
2026/07/30 05:01:42.890, 302.50, 100, 74232, 67
2026/07/30 05:01:43.930, 314.90, 100, 74232, 67
2026/07/30 05:01:44.965, 299.68, 100, 74232, 65
2026/07/30 05:01:46.004, 302.77, 100, 74232, 66
2026/07/30 05:01:47.041, 299.86, 100, 74232, 66
2026/07/30 05:01:48.078, 89.78, 53, 74232, 63
2026/07/30 05:01:49.110, 302.66, 100, 74232, 67
2026/07/30 05:01:50.147, 299.92, 100, 74232, 67
2026/07/30 05:01:51.185, 287.51, 100, 74232, 68
2026/07/30 05:01:52.219, 304.78, 100, 74232, 68
2026/07/30 05:01:53.254, 256.46, 100, 74232, 66
2026/07/30 05:01:54.292, 282.74, 100, 74232, 66
2026/07/30 05:01:55.328, 290.95, 100, 74232, 66
2026/07/30 05:01:56.366, 294.61, 100, 74232, 66
2026/07/30 05:01:57.402, 288.09, 100, 74232, 67
2026/07/30 05:01:58.439, 300.65, 100, 74232, 68
2026/07/30 05:01:59.468, 310.66, 100, 74232, 69
2026/07/30 05:02:00.501, 290.45, 100, 74232, 69
2026/07/30 05:02:01.532, 290.81, 100, 74232, 69
2026/07/30 05:02:02.560, 297.44, 100, 74232, 69
2026/07/30 05:02:03.588, 299.44, 100, 74232, 67
2026/07/30 05:02:04.623, 292.27, 100, 74232, 67
2026/07/30 05:02:05.658, 298.99, 100, 74232, 67
2026/07/30 05:02:06.695, 298.70, 100, 74232, 68
2026/07/30 05:02:07.730, 299.77, 100, 74232, 68
2026/07/30 05:02:08.767, 92.78, 0, 74232, 64
2026/07/30 05:02:09.796, 296.67, 100, 74232, 69
2026/07/30 05:02:10.825, 307.07, 100, 74232, 69
2026/07/30 05:02:11.858, 319.40, 100, 74232, 70
2026/07/30 05:02:12.892, 300.74, 100, 74232, 70
2026/07/30 05:02:13.932, 320.61, 100, 74232, 70
2026/07/30 05:02:14.967, 304.58, 100, 74232, 68
2026/07/30 05:02:15.999, 297.63, 100, 74232, 68
2026/07/30 05:02:17.034, 300.30, 100, 74232, 68
2026/07/30 05:02:18.071, 298.90, 100, 74232, 67
2026/07/30 05:02:19.102, 297.14, 100, 74232, 69
2026/07/30 05:02:20.133, 303.43, 100, 74232, 70
2026/07/30 05:02:21.165, 301.34, 100, 74232, 70
2026/07/30 05:02:22.197, 297.41, 100, 74232, 70
2026/07/30 05:02:23.230, 311.47, 100, 74232, 70
2026/07/30 05:02:24.271, 295.59, 100, 74232, 68
2026/07/30 05:02:25.307, 303.46, 100, 74232, 68
2026/07/30 05:02:26.344, 297.83, 100, 74232, 68
2026/07/30 05:02:27.379, 300.23, 100, 74232, 69
2026/07/30 05:02:28.417, 290.93, 100, 74232, 69
2026/07/30 05:02:29.448, 300.84, 100, 74232, 69
2026/07/30 05:02:30.484, 346.45, 100, 74232, 70
2026/07/30 05:02:31.521, 292.37, 100, 74232, 70
2026/07/30 05:02:32.556, 290.05, 100, 74232, 71
2026/07/30 05:02:33.598, 306.34, 100, 74232, 70
2026/07/30 05:02:34.634, 297.51, 100, 74232, 71
2026/07/30 05:02:35.670, 298.18, 100, 74232, 71
2026/07/30 05:02:36.707, 301.10, 100, 74232, 69
2026/07/30 05:02:37.743, 297.82, 100, 74232, 69
2026/07/30 05:02:38.780, 296.76, 100, 74232, 69
2026/07/30 05:02:39.812, 301.81, 100, 74232, 69
2026/07/30 05:02:40.846, 295.49, 100, 74232, 69
2026/07/30 05:02:41.881, 294.20, 100, 74232, 69
2026/07/30 05:02:42.912, 295.98, 92, 74232, 71
2026/07/30 05:02:43.947, 301.33, 100, 74232, 71
2026/07/30 05:02:45.021, 294.49, 100, 74232, 71
2026/07/30 05:02:46.056, 276.39, 100, 74232, 71
2026/07/30 05:02:47.095, 293.73, 100, 74232, 71
2026/07/30 05:02:48.131, 301.12, 100, 74232, 71
2026/07/30 05:02:49.166, 297.91, 100, 74232, 69
2026/07/30 05:02:50.198, 301.03, 100, 74232, 69
2026/07/30 05:02:51.234, 302.36, 100, 74232, 69
2026/07/30 05:02:52.270, 300.48, 100, 74232, 69
2026/07/30 05:02:53.306, 304.68, 100, 74232, 70
2026/07/30 05:02:54.342, 303.58, 100, 74232, 70
2026/07/30 05:02:55.378, 302.08, 100, 74232, 70
2026/07/30 05:02:56.413, 299.37, 100, 74232, 70
2026/07/30 05:02:57.447, 303.66, 100, 74232, 70
2026/07/30 05:02:58.481, 301.22, 100, 74232, 70
2026/07/30 05:02:59.515, 301.58, 100, 74232, 70
2026/07/30 05:03:00.550, 303.94, 100, 74232, 70
2026/07/30 05:03:01.585, 301.52, 100, 74232, 70
2026/07/30 05:03:02.619, 303.28, 100, 74232, 70
2026/07/30 05:03:03.653, 94.92, 69, 74232, 67
2026/07/30 05:03:04.685, 292.79, 100, 74232, 71
2026/07/30 05:03:05.721, 297.23, 100, 74232, 71
2026/07/30 05:03:06.756, 296.35, 100, 74232, 71
2026/07/30 05:03:07.792, 307.83, 100, 74232, 71
2026/07/30 05:03:08.829, 292.41, 100, 74232, 71
2026/07/30 05:03:09.862, 302.71, 100, 74232, 71
2026/07/30 05:03:10.892, 302.30, 100, 74232, 69
2026/07/30 05:03:11.923, 303.50, 100, 74232, 69
2026/07/30 05:03:12.959, 300.94, 100, 74232, 69
2026/07/30 05:03:13.997, 303.05, 100, 74232, 69
2026/07/30 05:03:15.035, 291.51, 100, 74232, 71
2026/07/30 05:03:16.070, 283.52, 100, 74232, 71
2026/07/30 05:03:17.104, 309.16, 100, 74232, 71
2026/07/30 05:03:18.140, 282.64, 100, 74232, 71
2026/07/30 05:03:19.179, 281.89, 100, 74232, 71
2026/07/30 05:03:20.213, 296.06, 100, 74232, 71
2026/07/30 05:03:21.246, 291.80, 100, 74232, 69
2026/07/30 05:03:22.284, 293.35, 100, 74232, 69
2026/07/30 05:03:23.320, 301.82, 100, 74232, 70
2026/07/30 05:03:24.356, 303.28, 100, 74232, 70
2026/07/30 05:03:25.392, 299.84, 100, 74232, 70
2026/07/30 05:03:26.429, 300.74, 100, 74232, 70
2026/07/30 05:03:27.466, 297.76, 100, 74232, 72
2026/07/30 05:03:28.501, 306.69, 100, 74232, 72
2026/07/30 05:03:29.535, 297.81, 100, 74232, 72
2026/07/30 05:03:30.571, 313.99, 100, 74232, 72
2026/07/30 05:03:31.611, 314.02, 100, 74232, 72
2026/07/30 05:03:32.645, 318.26, 100, 74232, 71
2026/07/30 05:03:33.681, 298.67, 100, 74232, 70
2026/07/30 05:03:34.720, 302.66, 100, 74232, 70
2026/07/30 05:03:35.757, 301.51, 100, 74232, 70
2026/07/30 05:03:36.794, 303.06, 100, 74232, 70
2026/07/30 05:03:37.832, 294.22, 100, 74232, 70
2026/07/30 05:03:38.869, 293.05, 100, 74232, 70
2026/07/30 05:03:39.907, 296.55, 100, 74232, 70
2026/07/30 05:03:40.944, 294.61, 100, 74232, 70
2026/07/30 05:03:41.981, 300.95, 100, 74232, 70
2026/07/30 05:03:43.022, 290.03, 100, 74232, 70
2026/07/30 05:03:44.060, 296.76, 100, 74232, 70
2026/07/30 05:03:45.097, 297.83, 100, 74232, 70
2026/07/30 05:03:46.144, 298.01, 100, 74232, 70
2026/07/30 05:03:47.182, 302.86, 100, 74232, 70
2026/07/30 05:03:48.220, 304.83, 100, 74232, 70
2026/07/30 05:03:49.258, 302.67, 100, 74232, 70
2026/07/30 05:03:50.295, 300.71, 100, 74232, 70
2026/07/30 05:03:51.332, 299.89, 100, 74232, 70
2026/07/30 05:03:52.373, 302.76, 100, 74232, 70
2026/07/30 05:03:53.411, 304.16, 100, 74232, 70
2026/07/30 05:03:54.449, 299.46, 100, 74232, 70
2026/07/30 05:03:55.486, 304.22, 100, 74232, 70
2026/07/30 05:03:56.523, 303.89, 100, 74232, 70
2026/07/30 05:03:57.560, 299.10, 100, 74232, 70
2026/07/30 05:03:58.598, 296.46, 100, 74232, 70
2026/07/30 05:03:59.639, 297.43, 100, 74232, 70
2026/07/30 05:04:00.677, 298.89, 100, 74232, 70
2026/07/30 05:04:01.715, 291.71, 100, 74232, 70
2026/07/30 05:04:02.754, 296.47, 100, 74232, 70
2026/07/30 05:04:03.792, 290.13, 100, 74232, 70
2026/07/30 05:04:04.836, 293.27, 100, 74232, 70
2026/07/30 05:04:05.873, 296.35, 100, 74232, 70
2026/07/30 05:04:06.911, 297.05, 100, 74232, 70
2026/07/30 05:04:07.952, 288.11, 100, 74232, 69
2026/07/30 05:04:08.988, 294.71, 100, 74232, 70
2026/07/30 05:04:10.029, 302.60, 100, 74232, 70
2026/07/30 05:04:11.066, 307.14, 100, 74232, 70
2026/07/30 05:04:12.103, 296.55, 100, 74232, 69
2026/07/30 05:04:13.141, 296.37, 100, 74232, 69
2026/07/30 05:04:14.178, 295.49, 100, 74232, 69
2026/07/30 05:04:15.216, 296.27, 100, 74232, 69
2026/07/30 05:04:16.254, 300.45, 100, 74232, 69
2026/07/30 05:04:17.294, 298.41, 38, 74232, 70
2026/07/30 05:04:18.329, 296.61, 100, 74232, 71
2026/07/30 05:04:19.363, 299.41, 100, 74232, 71
2026/07/30 05:04:20.402, 307.72, 100, 74232, 71
2026/07/30 05:04:21.437, 291.00, 100, 74232, 71
2026/07/30 05:04:22.473, 316.85, 100, 74232, 71
2026/07/30 05:04:23.509, 322.95, 100, 74232, 71
2026/07/30 05:04:24.546, 302.20, 100, 74232, 69
2026/07/30 05:04:25.583, 300.25, 100, 74232, 69
2026/07/30 05:04:26.621, 298.55, 100, 74232, 69
2026/07/30 05:04:27.660, 301.42, 100, 74232, 69
2026/07/30 05:04:28.699, 305.87, 70, 74232, 71
2026/07/30 05:04:29.734, 302.57, 100, 74232, 69
2026/07/30 05:04:30.772, 300.64, 100, 74232, 69
2026/07/30 05:04:31.808, 302.40, 100, 74232, 69
2026/07/30 05:04:32.844, 301.21, 100, 74232, 69
2026/07/30 05:04:33.880, 303.05, 100, 74232, 69
2026/07/30 05:04:34.917, 298.03, 100, 74232, 70
2026/07/30 05:04:35.953, 303.35, 100, 74232, 69
2026/07/30 05:04:36.989, 297.85, 100, 74232, 70
2026/07/30 05:04:38.026, 294.41, 100, 74232, 69
2026/07/30 05:04:39.062, 292.94, 100, 74232, 70
2026/07/30 05:04:40.098, 291.43, 100, 74232, 69
2026/07/30 05:04:41.135, 293.16, 100, 74232, 69
2026/07/30 05:04:42.172, 298.59, 100, 74232, 70
2026/07/30 05:04:43.209, 299.95, 100, 74232, 70
2026/07/30 05:04:44.245, 301.70, 100, 74232, 70
2026/07/30 05:04:45.284, 293.75, 100, 74232, 70
2026/07/30 05:04:46.320, 293.25, 100, 74232, 70
2026/07/30 05:04:47.356, 298.21, 100, 74232, 70
2026/07/30 05:04:48.392, 303.55, 100, 74232, 70
2026/07/30 05:04:49.430, 300.43, 100, 74232, 70
2026/07/30 05:04:50.469, 302.57, 100, 74232, 70
2026/07/30 05:04:51.506, 301.15, 100, 74232, 69
2026/07/30 05:04:52.544, 302.11, 100, 74232, 69
2026/07/30 05:04:53.581, 296.75, 100, 74232, 69
2026/07/30 05:04:54.626, 293.63, 100, 74232, 69
2026/07/30 05:04:55.665, 298.76, 100, 74232, 69
2026/07/30 05:04:56.702, 301.01, 100, 74232, 69
2026/07/30 05:04:57.739, 301.63, 100, 74232, 70
2026/07/30 05:04:58.774, 295.20, 100, 74232, 69
2026/07/30 05:04:59.810, 301.30, 100, 74232, 70
2026/07/30 05:05:00.845, 302.30, 100, 74232, 70
2026/07/30 05:05:01.882, 298.69, 100, 74232, 70
2026/07/30 05:05:02.919, 297.89, 100, 74232, 70
2026/07/30 05:05:03.957, 301.11, 100, 74232, 70
2026/07/30 05:05:04.994, 299.74, 100, 74232, 70
2026/07/30 05:05:06.031, 291.88, 100, 74232, 70
2026/07/30 05:05:07.068, 301.13, 100, 74232, 70
2026/07/30 05:05:08.104, 297.15, 100, 74232, 70
2026/07/30 05:05:09.141, 292.86, 100, 74232, 70
2026/07/30 05:05:10.178, 293.43, 100, 74232, 70
2026/07/30 05:05:11.216, 299.47, 100, 74232, 70
2026/07/30 05:05:12.252, 301.03, 100, 74232, 69
2026/07/30 05:05:13.291, 296.63, 100, 74232, 70
2026/07/30 05:05:14.328, 300.36, 100, 74232, 70
2026/07/30 05:05:15.364, 295.97, 100, 74232, 69
2026/07/30 05:05:16.400, 296.81, 100, 74232, 69
2026/07/30 05:05:17.442, 298.76, 100, 74232, 70
2026/07/30 05:05:18.479, 305.11, 100, 74232, 70
2026/07/30 05:05:19.515, 300.18, 100, 74232, 70
2026/07/30 05:05:20.552, 298.61, 100, 74232, 70
2026/07/30 05:05:21.590, 300.64, 100, 74232, 70
2026/07/30 05:05:22.628, 297.36, 100, 74232, 70
2026/07/30 05:05:23.664, 298.81, 100, 74232, 70
2026/07/30 05:05:24.701, 300.93, 100, 74232, 70
2026/07/30 05:05:25.739, 298.89, 100, 74232, 70
2026/07/30 05:05:26.777, 301.48, 100, 74232, 70
2026/07/30 05:05:27.813, 300.24, 100, 74232, 70
2026/07/30 05:05:28.848, 301.33, 100, 74232, 70
2026/07/30 05:05:29.885, 289.95, 100, 74232, 69
2026/07/30 05:05:30.927, 293.94, 100, 74232, 69
2026/07/30 05:05:31.963, 295.38, 100, 74232, 69
2026/07/30 05:05:32.999, 292.96, 100, 74232, 69
2026/07/30 05:05:34.035, 297.03, 100, 74232, 70
2026/07/30 05:05:35.073, 299.56, 100, 74232, 70
2026/07/30 05:05:36.110, 289.76, 100, 74232, 70
2026/07/30 05:05:37.146, 287.51, 100, 74232, 69
2026/07/30 05:05:38.183, 297.23, 100, 74232, 70
2026/07/30 05:05:39.220, 302.80, 100, 74232, 70
2026/07/30 05:05:40.258, 306.74, 100, 74232, 70
2026/07/30 05:05:41.296, 296.66, 100, 74232, 70
2026/07/30 05:05:42.333, 299.67, 100, 74232, 70
2026/07/30 05:05:43.369, 302.98, 100, 74232, 70
2026/07/30 05:05:44.405, 300.88, 100, 74232, 70
2026/07/30 05:05:45.441, 297.60, 100, 74232, 70
2026/07/30 05:05:46.478, 298.79, 100, 74232, 70
2026/07/30 05:05:47.514, 301.20, 100, 74232, 70
2026/07/30 05:05:48.551, 297.16, 100, 74232, 70
2026/07/30 05:05:49.588, 302.49, 100, 74232, 70
2026/07/30 05:05:50.630, 301.53, 100, 74232, 70
2026/07/30 05:05:51.667, 302.38, 100, 74232, 69
2026/07/30 05:05:52.703, 302.18, 100, 74232, 70
2026/07/30 05:05:53.740, 302.11, 100, 74232, 70
2026/07/30 05:05:54.775, 303.27, 100, 74232, 70
2026/07/30 05:05:55.812, 303.54, 100, 74232, 70
2026/07/30 05:05:56.849, 300.82, 100, 74232, 70
2026/07/30 05:05:57.887, 302.47, 100, 74232, 70
2026/07/30 05:05:58.923, 296.76, 100, 74232, 69
2026/07/30 05:05:59.960, 297.72, 100, 74232, 70
2026/07/30 05:06:00.996, 295.60, 100, 74232, 69
2026/07/30 05:06:02.034, 298.99, 100, 74232, 69
2026/07/30 05:06:03.070, 301.64, 100, 74232, 69
2026/07/30 05:06:04.106, 295.68, 100, 74232, 69
2026/07/30 05:06:05.143, 296.25, 100, 74232, 69
2026/07/30 05:06:06.179, 293.46, 100, 74232, 70
2026/07/30 05:06:07.215, 303.57, 100, 74232, 70
2026/07/30 05:06:08.251, 302.58, 100, 74232, 70
2026/07/30 05:06:09.288, 298.03, 100, 74232, 70
2026/07/30 05:06:10.327, 302.10, 100, 74232, 70
2026/07/30 05:06:11.363, 304.04, 100, 74232, 70
2026/07/30 05:06:12.400, 300.55, 100, 74232, 69
2026/07/30 05:06:13.437, 293.54, 100, 74232, 70
2026/07/30 05:06:14.476, 302.99, 100, 74232, 70
2026/07/30 05:06:15.512, 301.54, 100, 74232, 70
2026/07/30 05:06:16.550, 302.20, 100, 74232, 69
2026/07/30 05:06:17.586, 299.86, 100, 74232, 70
2026/07/30 05:06:18.626, 303.24, 100, 74232, 71
2026/07/30 05:06:19.690, 291.12, 100, 74232, 71
2026/07/30 05:06:20.727, 290.76, 100, 74232, 71
2026/07/30 05:06:21.761, 295.28, 100, 74232, 71
2026/07/30 05:06:22.796, 270.44, 100, 74232, 71
2026/07/30 05:06:23.834, 274.70, 100, 74232, 71
2026/07/30 05:06:24.869, 300.35, 100, 74232, 70
2026/07/30 05:06:25.909, 293.83, 100, 74232, 69
2026/07/30 05:06:26.944, 294.71, 100, 74232, 69
2026/07/30 05:06:27.980, 296.06, 100, 74232, 70
2026/07/30 05:06:29.016, 289.08, 100, 74232, 70
2026/07/30 05:06:30.053, 298.61, 100, 74232, 70
2026/07/30 05:06:31.089, 292.18, 100, 74232, 70
2026/07/30 05:06:32.125, 293.27, 100, 74232, 70
2026/07/30 05:06:33.161, 295.29, 100, 74232, 70
2026/07/30 05:06:34.200, 302.01, 100, 74232, 70
2026/07/30 05:06:35.236, 303.95, 100, 74232, 70
2026/07/30 05:06:36.276, 296.85, 100, 74232, 70
2026/07/30 05:06:37.314, 300.84, 100, 74232, 70
2026/07/30 05:06:38.353, 296.22, 100, 74232, 70
2026/07/30 05:06:39.389, 302.02, 100, 74232, 70
2026/07/30 05:06:40.425, 303.55, 100, 74232, 72
2026/07/30 05:06:41.461, 297.64, 100, 74232, 71
2026/07/30 05:06:42.496, 300.32, 100, 74232, 71
2026/07/30 05:06:43.532, 291.61, 100, 74232, 72
2026/07/30 05:06:44.567, 311.18, 100, 74232, 72
2026/07/30 05:06:45.602, 269.49, 100, 74232, 72
2026/07/30 05:06:46.636, 302.88, 100, 74232, 70
2026/07/30 05:06:47.676, 303.77, 100, 74232, 70
2026/07/30 05:06:48.712, 299.00, 100, 74232, 70
2026/07/30 05:06:49.750, 295.20, 100, 74232, 70
2026/07/30 05:06:50.787, 296.48, 100, 74232, 72
2026/07/30 05:06:51.821, 308.16, 100, 74232, 72
2026/07/30 05:06:52.857, 302.52, 100, 74232, 72
2026/07/30 05:06:53.900, 283.61, 100, 74232, 72
2026/07/30 05:06:54.934, 286.19, 100, 74232, 72
2026/07/30 05:06:55.969, 306.39, 100, 74232, 72
2026/07/30 05:06:57.009, 308.40, 100, 74232, 72
2026/07/30 05:06:58.044, 303.74, 100, 74232, 70
2026/07/30 05:06:59.081, 304.74, 100, 74232, 70
2026/07/30 05:07:00.117, 304.60, 100, 74232, 70
2026/07/30 05:07:01.154, 302.99, 100, 74232, 70
2026/07/30 05:07:02.191, 304.54, 100, 74232, 71
2026/07/30 05:07:03.227, 300.33, 100, 74232, 71
2026/07/30 05:07:04.263, 294.64, 100, 74232, 71
2026/07/30 05:07:05.299, 294.05, 100, 74232, 71
2026/07/30 05:07:06.337, 296.74, 100, 74232, 71
2026/07/30 05:07:07.373, 300.03, 100, 74232, 71
2026/07/30 05:07:08.411, 298.11, 100, 74232, 71
2026/07/30 05:07:09.448, 295.88, 100, 74232, 71
2026/07/30 05:07:10.486, 296.16, 100, 74232, 71
2026/07/30 05:07:11.522, 298.11, 100, 74232, 71
2026/07/30 05:07:12.559, 295.79, 100, 74232, 71
2026/07/30 05:07:13.597, 294.80, 100, 74232, 70
2026/07/30 05:07:14.636, 297.05, 100, 74232, 70
2026/07/30 05:07:15.674, 301.72, 100, 74232, 71
2026/07/30 05:07:16.710, 296.06, 100, 74232, 71
2026/07/30 05:07:17.747, 302.97, 100, 74232, 71
2026/07/30 05:07:18.783, 305.17, 100, 74232, 71
2026/07/30 05:07:19.819, 300.54, 100, 74232, 70
2026/07/30 05:07:20.857, 295.07, 100, 74232, 70
2026/07/30 05:07:21.893, 296.95, 100, 74232, 70
2026/07/30 05:07:22.929, 299.45, 100, 74232, 70
2026/07/30 05:07:23.967, 304.04, 100, 74232, 70
2026/07/30 05:07:25.005, 294.32, 100, 74232, 70
2026/07/30 05:07:26.041, 297.62, 100, 74232, 70
2026/07/30 05:07:27.078, 298.04, 100, 74232, 70
2026/07/30 05:07:28.114, 303.58, 100, 74232, 70
2026/07/30 05:07:29.152, 302.78, 100, 74232, 70
2026/07/30 05:07:30.188, 299.19, 100, 74232, 70
2026/07/30 05:07:31.226, 296.96, 100, 74232, 70
2026/07/30 05:07:32.263, 287.77, 100, 74232, 69
2026/07/30 05:07:33.303, 295.30, 100, 74232, 71
2026/07/30 05:07:34.337, 297.50, 100, 74232, 72
2026/07/30 05:07:35.373, 316.15, 100, 74232, 71
2026/07/30 05:07:36.407, 306.23, 100, 74232, 72
2026/07/30 05:07:37.442, 323.53, 100, 74232, 72
2026/07/30 05:07:38.476, 282.34, 100, 74232, 71
2026/07/30 05:07:39.513, 331.87, 100, 74232, 72
2026/07/30 05:07:40.550, 302.39, 100, 74232, 70
2026/07/30 05:07:41.587, 304.73, 100, 74232, 70
2026/07/30 05:07:42.624, 304.11, 100, 74232, 70
2026/07/30 05:07:43.661, 300.47, 100, 74232, 70
2026/07/30 05:07:44.697, 297.24, 100, 74232, 72
2026/07/30 05:07:45.730, 301.80, 100, 74232, 70
2026/07/30 05:07:46.768, 298.18, 100, 74232, 70
2026/07/30 05:07:47.803, 295.19, 100, 74232, 70
2026/07/30 05:07:48.839, 298.39, 100, 74232, 70
2026/07/30 05:07:49.876, 291.01, 100, 74232, 70
2026/07/30 05:07:50.913, 289.65, 100, 74232, 70
2026/07/30 05:07:51.950, 291.98, 100, 74232, 70
2026/07/30 05:07:52.988, 284.49, 100, 74232, 70
2026/07/30 05:07:54.024, 287.13, 100, 74232, 70
2026/07/30 05:07:55.061, 293.94, 100, 74232, 70
2026/07/30 05:07:56.097, 295.77, 100, 74232, 70
2026/07/30 05:07:57.133, 296.07, 100, 74232, 70
2026/07/30 05:07:58.169, 296.77, 100, 74232, 70
2026/07/30 05:07:59.206, 296.18, 100, 74232, 70
2026/07/30 05:08:00.243, 299.20, 100, 74232, 70
2026/07/30 05:08:01.279, 298.02, 100, 74232, 70
2026/07/30 05:08:02.320, 291.51, 100, 74232, 70
2026/07/30 05:08:03.358, 304.35, 100, 74232, 70
2026/07/30 05:08:04.395, 299.09, 100, 74232, 70
2026/07/30 05:08:05.430, 301.78, 100, 74232, 70
2026/07/30 05:08:06.468, 301.92, 100, 74232, 70
2026/07/30 05:08:07.504, 299.09, 100, 74232, 70
2026/07/30 05:08:08.541, 298.89, 100, 74232, 70
2026/07/30 05:08:09.578, 298.42, 100, 74232, 70
2026/07/30 05:08:10.616, 298.59, 100, 74232, 70
2026/07/30 05:08:11.654, 293.46, 100, 74232, 70
2026/07/30 05:08:12.691, 294.80, 100, 74232, 70
2026/07/30 05:08:13.728, 292.00, 100, 74232, 70
2026/07/30 05:08:14.766, 296.95, 100, 74232, 70
2026/07/30 05:08:15.802, 296.57, 100, 74232, 70
2026/07/30 05:08:16.841, 297.23, 100, 74232, 70
2026/07/30 05:08:17.879, 293.38, 100, 74232, 70
2026/07/30 05:08:18.917, 297.14, 100, 74232, 70
2026/07/30 05:08:19.953, 297.64, 100, 74232, 70
2026/07/30 05:08:20.990, 300.05, 100, 74232, 70
2026/07/30 05:08:22.026, 297.51, 100, 74232, 70
2026/07/30 05:08:23.062, 303.56, 100, 74232, 70
2026/07/30 05:08:24.101, 299.18, 100, 74232, 70
2026/07/30 05:08:25.138, 302.52, 100, 74232, 70
2026/07/30 05:08:26.176, 301.33, 100, 74232, 70
2026/07/30 05:08:27.212, 296.76, 100, 74232, 70
2026/07/30 05:08:28.247, 294.89, 100, 74232, 69
2026/07/30 05:08:29.283, 301.00, 100, 74232, 69
2026/07/30 05:08:30.319, 294.81, 100, 74232, 69
2026/07/30 05:08:31.355, 300.14, 100, 74232, 69
2026/07/30 05:08:32.392, 299.95, 100, 74232, 69
2026/07/30 05:08:33.428, 296.74, 100, 74232, 69
2026/07/30 05:08:34.465, 295.87, 100, 74232, 69
2026/07/30 05:08:35.502, 300.61, 100, 74232, 69
2026/07/30 05:08:36.542, 293.77, 100, 74232, 70
2026/07/30 05:08:37.578, 299.57, 100, 74232, 70
2026/07/30 05:08:38.615, 300.93, 100, 74232, 70
2026/07/30 05:08:39.651, 298.57, 100, 74232, 70
2026/07/30 05:08:40.687, 302.71, 100, 74232, 70
2026/07/30 05:08:41.724, 297.33, 100, 74232, 70
2026/07/30 05:08:42.762, 300.13, 100, 74232, 70
2026/07/30 05:08:43.797, 299.97, 100, 74232, 70
2026/07/30 05:08:44.834, 305.86, 100, 74232, 70
2026/07/30 05:08:45.870, 299.49, 100, 74232, 70
2026/07/30 05:08:46.909, 301.52, 100, 74232, 70
2026/07/30 05:08:47.946, 298.60, 100, 74232, 70
2026/07/30 05:08:48.984, 289.96, 100, 74232, 70
2026/07/30 05:08:50.023, 297.61, 100, 74232, 70
2026/07/30 05:08:51.059, 293.54, 100, 74232, 69
2026/07/30 05:08:52.096, 297.75, 100, 74232, 69
2026/07/30 05:08:53.132, 290.93, 100, 74232, 69
2026/07/30 05:08:54.170, 302.85, 100, 74232, 69
2026/07/30 05:08:55.207, 299.87, 100, 74232, 69
2026/07/30 05:08:56.245, 301.04, 100, 74232, 69
2026/07/30 05:08:57.281, 301.81, 100, 74232, 69
2026/07/30 05:08:58.320, 295.30, 100, 74232, 69
2026/07/30 05:08:59.357, 303.16, 100, 74232, 69
2026/07/30 05:09:00.393, 303.08, 100, 74232, 69
2026/07/30 05:09:01.430, 294.73, 100, 74232, 69
2026/07/30 05:09:02.469, 301.41, 100, 74232, 69
2026/07/30 05:09:03.507, 301.53, 100, 74232, 69
2026/07/30 05:09:04.543, 301.59, 100, 74232, 69
2026/07/30 05:09:05.580, 301.80, 100, 74232, 69
2026/07/30 05:09:06.617, 301.61, 100, 74232, 69
2026/07/30 05:09:07.654, 300.72, 100, 74232, 69
2026/07/30 05:09:08.690, 300.34, 100, 74232, 69
2026/07/30 05:09:09.727, 301.29, 100, 74232, 69
2026/07/30 05:09:10.763, 300.17, 100, 74232, 69
2026/07/30 05:09:11.802, 297.26, 100, 74232, 69
2026/07/30 05:09:12.838, 286.74, 100, 74232, 71
2026/07/30 05:09:13.872, 292.68, 100, 74232, 71
2026/07/30 05:09:14.911, 285.31, 100, 74232, 71
2026/07/30 05:09:15.944, 292.06, 100, 74232, 71
2026/07/30 05:09:16.978, 314.93, 100, 74232, 71
2026/07/30 05:09:18.012, 265.80, 100, 74232, 71
2026/07/30 05:09:19.052, 297.42, 100, 74232, 69
2026/07/30 05:09:20.090, 301.82, 100, 74232, 69
2026/07/30 05:09:21.126, 298.40, 100, 74232, 69
2026/07/30 05:09:22.162, 297.14, 100, 74232, 69
2026/07/30 05:09:23.199, 302.75, 100, 74232, 69
2026/07/30 05:09:24.235, 300.36, 100, 74232, 69
2026/07/30 05:09:25.273, 296.57, 100, 74232, 69
2026/07/30 05:09:26.310, 306.46, 100, 74232, 70
2026/07/30 05:09:27.347, 299.56, 100, 74232, 70
2026/07/30 05:09:28.387, 297.81, 100, 74232, 70
2026/07/30 05:09:29.425, 301.62, 100, 74232, 70
2026/07/30 05:09:30.461, 297.22, 100, 74232, 69
2026/07/30 05:09:31.500, 289.38, 100, 74232, 69
2026/07/30 05:09:32.538, 301.52, 100, 74232, 70
2026/07/30 05:09:33.575, 301.80, 100, 74232, 70
2026/07/30 05:09:34.611, 300.84, 100, 74232, 70
2026/07/30 05:09:35.647, 300.53, 100, 74232, 70
2026/07/30 05:09:36.684, 304.01, 100, 74232, 70
2026/07/30 05:09:37.721, 297.11, 100, 74232, 70
2026/07/30 05:09:38.759, 301.82, 100, 74232, 70
2026/07/30 05:09:39.796, 304.10, 100, 74232, 70
2026/07/30 05:09:40.832, 298.20, 100, 74232, 69
2026/07/30 05:09:41.870, 301.70, 100, 74232, 70
2026/07/30 05:09:42.905, 296.17, 100, 74232, 69
2026/07/30 05:09:43.942, 295.95, 100, 74232, 69
2026/07/30 05:09:44.979, 296.95, 100, 74232, 70
2026/07/30 05:09:46.018, 303.91, 100, 74232, 70
2026/07/30 05:09:47.058, 292.76, 100, 74232, 69
2026/07/30 05:09:48.096, 296.83, 100, 74232, 69
2026/07/30 05:09:49.132, 294.03, 100, 74232, 69
2026/07/30 05:09:50.175, 304.67, 100, 74232, 70
2026/07/30 05:09:51.213, 302.84, 100, 74232, 69
2026/07/30 05:09:52.249, 301.31, 100, 74232, 69
2026/07/30 05:09:53.288, 300.33, 100, 74232, 69
2026/07/30 05:09:54.323, 302.30, 100, 74232, 69
2026/07/30 05:09:55.362, 296.17, 100, 74232, 69
2026/07/30 05:09:56.399, 301.31, 100, 74232, 69
2026/07/30 05:09:57.436, 303.04, 100, 74232, 69
2026/07/30 05:09:58.472, 300.25, 100, 74232, 69
2026/07/30 05:09:59.512, 300.63, 100, 74232, 69
2026/07/30 05:10:00.549, 302.55, 100, 74232, 69
2026/07/30 05:10:01.586, 303.23, 100, 74232, 69
2026/07/30 05:10:02.622, 301.32, 100, 74232, 69
2026/07/30 05:10:03.658, 302.57, 100, 74232, 69
2026/07/30 05:10:04.695, 299.47, 100, 74232, 69
2026/07/30 05:10:05.732, 302.48, 100, 74232, 69
2026/07/30 05:10:06.768, 302.48, 100, 74232, 69
2026/07/30 05:10:07.805, 297.52, 100, 74232, 69
2026/07/30 05:10:08.842, 301.25, 100, 74232, 69
2026/07/30 05:10:09.878, 302.27, 100, 74232, 69
2026/07/30 05:10:10.914, 298.11, 100, 74232, 69
2026/07/30 05:10:11.950, 301.49, 100, 74232, 69
2026/07/30 05:10:12.985, 301.60, 100, 74232, 69
2026/07/30 05:10:14.022, 298.60, 100, 74232, 69
2026/07/30 05:10:15.058, 295.76, 100, 74232, 69
2026/07/30 05:10:16.098, 297.04, 100, 74232, 69
2026/07/30 05:10:17.135, 301.33, 100, 74232, 69
2026/07/30 05:10:18.171, 301.23, 100, 74232, 69
2026/07/30 05:10:19.207, 295.98, 100, 74232, 69
2026/07/30 05:10:20.245, 302.10, 100, 74232, 71
2026/07/30 05:10:21.281, 302.14, 100, 74232, 71
2026/07/30 05:10:22.324, 285.19, 100, 74232, 70
2026/07/30 05:10:23.360, 311.69, 100, 74232, 71
2026/07/30 05:10:24.399, 267.23, 100, 74232, 71
2026/07/30 05:10:25.435, 310.50, 100, 74232, 71
2026/07/30 05:10:26.469, 303.16, 100, 74232, 69
2026/07/30 05:10:27.508, 298.60, 100, 74232, 69
2026/07/30 05:10:28.545, 301.58, 100, 74232, 69
2026/07/30 05:10:29.590, 303.64, 100, 74232, 69
2026/07/30 05:10:30.629, 296.56, 100, 74232, 71
2026/07/30 05:10:31.664, 300.93, 100, 74232, 71
2026/07/30 05:10:32.699, 311.23, 100, 74232, 71
2026/07/30 05:10:33.736, 290.76, 100, 74232, 71
2026/07/30 05:10:34.772, 281.12, 100, 74232, 71
2026/07/30 05:10:35.810, 297.81, 100, 74232, 71
2026/07/30 05:10:36.849, 299.00, 100, 74232, 70
2026/07/30 05:10:37.887, 302.58, 100, 74232, 70
2026/07/30 05:10:38.925, 303.22, 100, 74232, 70
2026/07/30 05:10:39.963, 299.67, 100, 74232, 70
2026/07/30 05:10:40.999, 303.63, 100, 74232, 70
2026/07/30 05:10:42.036, 303.44, 100, 74232, 70
2026/07/30 05:10:43.077, 298.70, 100, 74232, 70
2026/07/30 05:10:44.115, 294.13, 100, 74232, 72
2026/07/30 05:10:45.149, 286.67, 100, 74232, 72
2026/07/30 05:10:46.184, 280.03, 100, 74232, 72
2026/07/30 05:10:47.227, 287.83, 100, 74232, 72
2026/07/30 05:10:48.262, 295.41, 100, 74232, 72
2026/07/30 05:10:49.299, 291.63, 100, 74232, 72
2026/07/30 05:10:50.339, 299.94, 100, 74232, 70
2026/07/30 05:10:51.378, 302.98, 100, 74232, 70
2026/07/30 05:10:52.416, 304.64, 100, 74232, 70
2026/07/30 05:10:53.453, 302.94, 100, 74232, 70
2026/07/30 05:10:54.490, 298.97, 100, 74232, 70
2026/07/30 05:10:55.527, 297.15, 100, 74232, 70
2026/07/30 05:10:56.564, 294.69, 100, 74232, 70
2026/07/30 05:10:57.602, 304.11, 100, 74232, 70
2026/07/30 05:10:58.639, 301.30, 100, 74232, 70
2026/07/30 05:10:59.677, 299.28, 100, 74232, 70
2026/07/30 05:11:00.716, 297.81, 100, 74232, 70
2026/07/30 05:11:01.759, 298.30, 100, 74232, 70
2026/07/30 05:11:02.797, 304.41, 100, 74232, 70
2026/07/30 05:11:03.834, 303.05, 100, 74232, 70
2026/07/30 05:11:04.871, 303.13, 100, 74232, 70
2026/07/30 05:11:05.908, 304.54, 100, 74232, 70
2026/07/30 05:11:06.944, 301.02, 100, 74232, 70
2026/07/30 05:11:07.981, 304.19, 100, 74232, 70
2026/07/30 05:11:09.017, 297.50, 100, 74232, 70
2026/07/30 05:11:10.057, 291.88, 100, 74232, 70
2026/07/30 05:11:11.093, 295.10, 100, 74232, 70
2026/07/30 05:11:12.129, 297.04, 100, 74232, 70
2026/07/30 05:11:13.167, 296.73, 100, 74232, 70
2026/07/30 05:11:14.204, 298.29, 100, 74232, 70
2026/07/30 05:11:15.242, 301.22, 100, 74232, 70
2026/07/30 05:11:16.277, 302.01, 100, 74232, 70
2026/07/30 05:11:17.314, 303.48, 100, 74232, 70
2026/07/30 05:11:18.350, 301.00, 100, 74232, 70
2026/07/30 05:11:19.387, 292.58, 100, 74232, 70
2026/07/30 05:11:20.424, 300.35, 100, 74232, 70
2026/07/30 05:11:21.461, 296.64, 100, 74232, 70
2026/07/30 05:11:22.497, 300.50, 100, 74232, 70
2026/07/30 05:11:23.532, 297.04, 100, 74232, 70
2026/07/30 05:11:24.572, 302.86, 100, 74232, 70
2026/07/30 05:11:25.609, 303.08, 100, 74232, 70
2026/07/30 05:11:26.647, 299.93, 100, 74232, 70
2026/07/30 05:11:27.682, 294.32, 100, 74232, 70
2026/07/30 05:11:28.721, 297.05, 100, 74232, 70
2026/07/30 05:11:29.759, 296.07, 100, 74232, 69
2026/07/30 05:11:30.795, 300.73, 100, 74232, 70
2026/07/30 05:11:31.833, 302.50, 100, 74232, 70
2026/07/30 05:11:32.870, 302.18, 100, 74232, 69
2026/07/30 05:11:33.907, 297.43, 100, 74232, 69
2026/07/30 05:11:34.943, 294.23, 100, 74232, 69
2026/07/30 05:11:35.979, 297.14, 100, 74232, 69
2026/07/30 05:11:37.016, 292.19, 100, 74232, 69
2026/07/30 05:11:38.053, 298.61, 100, 74232, 69
2026/07/30 05:11:39.098, 297.91, 100, 74232, 69
2026/07/30 05:11:40.136, 301.61, 100, 74232, 69
2026/07/30 05:11:41.173, 303.83, 100, 74232, 69
2026/07/30 05:11:42.210, 300.63, 100, 74232, 69
2026/07/30 05:11:43.246, 289.48, 100, 74232, 69
2026/07/30 05:11:44.282, 291.88, 100, 74232, 69
2026/07/30 05:11:45.321, 290.34, 100, 74232, 69
2026/07/30 05:11:46.357, 294.92, 100, 74232, 69
2026/07/30 05:11:47.394, 296.94, 100, 74232, 69
2026/07/30 05:11:48.431, 295.79, 100, 74232, 69
2026/07/30 05:11:49.473, 291.96, 100, 74232, 69
2026/07/30 05:11:50.509, 297.73, 100, 74232, 69
2026/07/30 05:11:51.546, 302.08, 100, 74232, 69
2026/07/30 05:11:52.583, 302.55, 100, 74232, 69
2026/07/30 05:11:53.620, 303.15, 100, 74232, 69
2026/07/30 05:11:54.656, 298.50, 100, 74232, 69
2026/07/30 05:11:55.692, 301.98, 100, 74232, 69
2026/07/30 05:11:56.729, 303.36, 100, 74232, 69
2026/07/30 05:11:57.765, 303.56, 100, 74232, 69
2026/07/30 05:11:58.801, 299.93, 100, 74232, 69
2026/07/30 05:11:59.838, 301.42, 100, 74232, 69
2026/07/30 05:12:00.874, 301.71, 100, 74232, 69
2026/07/30 05:12:01.910, 303.08, 100, 74232, 69
2026/07/30 05:12:02.946, 300.31, 100, 74232, 69
2026/07/30 05:12:03.984, 299.19, 100, 74232, 69
2026/07/30 05:12:05.021, 301.99, 100, 74232, 69
2026/07/30 05:12:06.059, 302.40, 100, 74232, 69
2026/07/30 05:12:07.094, 303.46, 100, 74232, 69
2026/07/30 05:12:08.133, 295.18, 100, 74232, 69
2026/07/30 05:12:09.169, 302.48, 100, 74232, 69
2026/07/30 05:12:10.205, 304.22, 100, 74232, 69
2026/07/30 05:12:11.242, 296.68, 100, 74232, 69
2026/07/30 05:12:12.279, 295.66, 100, 74232, 69
2026/07/30 05:12:13.316, 294.81, 100, 74232, 69
2026/07/30 05:12:14.352, 295.11, 100, 74232, 69
2026/07/30 05:12:15.390, 295.79, 100, 74232, 69
2026/07/30 05:12:16.426, 294.11, 100, 74232, 69
2026/07/30 05:12:17.461, 298.42, 100, 74232, 69
2026/07/30 05:12:18.498, 294.71, 100, 74232, 69
2026/07/30 05:12:19.535, 296.08, 100, 74232, 69
2026/07/30 05:12:20.571, 297.24, 100, 74232, 69
2026/07/30 05:12:21.608, 298.89, 100, 74232, 69
2026/07/30 05:12:22.644, 297.82, 100, 74232, 69
2026/07/30 05:12:23.680, 292.87, 100, 74232, 69
2026/07/30 05:12:24.718, 299.57, 100, 74232, 69
2026/07/30 05:12:25.756, 291.30, 100, 74232, 69
2026/07/30 05:12:26.793, 298.50, 100, 74232, 69
2026/07/30 05:12:27.834, 297.91, 100, 74232, 69
2026/07/30 05:12:28.869, 302.59, 100, 74232, 69
2026/07/30 05:12:29.905, 303.07, 100, 74232, 69
2026/07/30 05:12:30.942, 292.97, 100, 74232, 69
2026/07/30 05:12:31.980, 293.64, 100, 74232, 69
2026/07/30 05:12:33.017, 295.68, 100, 74232, 69
2026/07/30 05:12:34.056, 301.78, 100, 74232, 69
2026/07/30 05:12:35.094, 296.86, 100, 74232, 69
2026/07/30 05:12:36.129, 293.44, 100, 74232, 69
2026/07/30 05:12:37.166, 302.36, 100, 74232, 69
2026/07/30 05:12:38.204, 298.88, 100, 74232, 69
2026/07/30 05:12:39.242, 296.86, 100, 74232, 69
2026/07/30 05:12:40.280, 294.12, 100, 74232, 69
2026/07/30 05:12:41.317, 293.63, 100, 74232, 69
2026/07/30 05:12:42.354, 301.99, 100, 74232, 69
2026/07/30 05:12:43.393, 302.95, 100, 74232, 69
2026/07/30 05:12:44.429, 302.56, 100, 74232, 69
2026/07/30 05:12:45.466, 299.74, 100, 74232, 69
2026/07/30 05:12:46.503, 302.38, 100, 74232, 69
2026/07/30 05:12:47.539, 304.50, 100, 74232, 69
2026/07/30 05:12:48.575, 301.44, 100, 74232, 69
2026/07/30 05:12:49.612, 294.04, 100, 74232, 69
2026/07/30 05:12:50.661, 303.06, 100, 74232, 69
2026/07/30 05:12:51.697, 296.85, 100, 74232, 69
2026/07/30 05:12:52.734, 302.97, 100, 74232, 69
2026/07/30 05:12:53.774, 289.95, 100, 74232, 69
2026/07/30 05:12:54.811, 292.70, 100, 74232, 69
2026/07/30 05:12:55.850, 295.68, 100, 74232, 69
2026/07/30 05:12:56.889, 302.69, 100, 74232, 69
2026/07/30 05:12:57.927, 296.47, 100, 74232, 69
2026/07/30 05:12:58.965, 291.91, 100, 74232, 69
2026/07/30 05:13:00.002, 295.59, 100, 74232, 69
2026/07/30 05:13:01.039, 300.53, 100, 74232, 69
2026/07/30 05:13:02.076, 296.56, 100, 74232, 69
2026/07/30 05:13:03.114, 291.30, 100, 74232, 69
2026/07/30 05:13:04.176, 303.95, 100, 74232, 69
2026/07/30 05:13:05.214, 293.93, 100, 74232, 69
2026/07/30 05:13:06.251, 301.10, 100, 74232, 69
2026/07/30 05:13:07.288, 306.26, 100, 74232, 69
2026/07/30 05:13:08.333, 302.67, 100, 74232, 69
2026/07/30 05:13:09.373, 306.64, 100, 74232, 69
2026/07/30 05:13:10.410, 303.26, 100, 74232, 69
2026/07/30 05:13:11.446, 300.72, 100, 74232, 69
2026/07/30 05:13:12.482, 302.35, 100, 74232, 69
2026/07/30 05:13:13.519, 302.02, 100, 74232, 69
2026/07/30 05:13:14.555, 303.72, 100, 74232, 69
2026/07/30 05:13:15.591, 303.44, 100, 74232, 69
2026/07/30 05:13:16.627, 297.92, 100, 74232, 69
2026/07/30 05:13:17.664, 300.35, 100, 74232, 69
2026/07/30 05:13:18.700, 302.58, 100, 74232, 69
2026/07/30 05:13:19.739, 303.71, 100, 74232, 69
2026/07/30 05:13:20.777, 301.22, 100, 74232, 69
2026/07/30 05:13:21.814, 304.93, 100, 74232, 69
2026/07/30 05:13:22.854, 300.35, 100, 74232, 69
2026/07/30 05:13:23.891, 297.81, 100, 74232, 69
2026/07/30 05:13:24.927, 294.81, 100, 74232, 69
2026/07/30 05:13:25.964, 303.07, 100, 74232, 69
2026/07/30 05:13:27.000, 297.43, 100, 74232, 69
2026/07/30 05:13:28.036, 300.53, 100, 74232, 69
2026/07/30 05:13:29.073, 296.06, 100, 74232, 69
2026/07/30 05:13:30.109, 294.62, 100, 74232, 69
2026/07/30 05:13:31.145, 293.94, 100, 74232, 69
2026/07/30 05:13:32.180, 302.35, 100, 74232, 69
2026/07/30 05:13:33.218, 303.73, 100, 74232, 69
2026/07/30 05:13:34.256, 302.66, 100, 74232, 69
2026/07/30 05:13:35.295, 297.14, 100, 74232, 69
2026/07/30 05:13:36.335, 299.68, 100, 74232, 69
2026/07/30 05:13:37.372, 295.67, 100, 74232, 69
2026/07/30 05:13:38.412, 302.19, 100, 74232, 69
2026/07/30 05:13:39.448, 303.26, 100, 74232, 69
2026/07/30 05:13:40.486, 297.55, 100, 74232, 69
2026/07/30 05:13:41.522, 303.74, 100, 74232, 69
2026/07/30 05:13:42.560, 299.97, 100, 74232, 69
2026/07/30 05:13:43.596, 298.70, 100, 74232, 69
2026/07/30 05:13:44.632, 298.51, 100, 74232, 69
2026/07/30 05:13:45.669, 302.88, 100, 74232, 69
2026/07/30 05:13:46.706, 303.16, 100, 74232, 69
2026/07/30 05:13:47.742, 302.46, 100, 74232, 69
2026/07/30 05:13:48.778, 305.43, 100, 74232, 69
2026/07/30 05:13:49.815, 300.45, 100, 74232, 69
2026/07/30 05:13:50.854, 299.67, 100, 74232, 69
2026/07/30 05:13:51.891, 302.78, 100, 74232, 69
2026/07/30 05:13:52.928, 296.97, 100, 74232, 69
2026/07/30 05:13:53.964, 292.48, 100, 74232, 69
2026/07/30 05:13:55.004, 288.19, 100, 74232, 69
2026/07/30 05:13:56.040, 294.12, 100, 74232, 69
2026/07/30 05:13:57.078, 295.79, 100, 74232, 69
2026/07/30 05:13:58.116, 306.38, 100, 74232, 69
2026/07/30 05:13:59.153, 307.14, 100, 74232, 70
2026/07/30 05:14:00.190, 302.27, 100, 74232, 70
2026/07/30 05:14:01.226, 303.54, 100, 74232, 70
2026/07/30 05:14:02.265, 302.97, 100, 74232, 70
2026/07/30 05:14:03.303, 304.39, 100, 74232, 70
2026/07/30 05:14:04.340, 305.84, 100, 74232, 70
2026/07/30 05:14:05.376, 303.86, 100, 74232, 69
2026/07/30 05:14:06.415, 299.77, 100, 74232, 70
2026/07/30 05:14:07.452, 299.38, 100, 74232, 69
2026/07/30 05:14:08.489, 302.11, 100, 74232, 69
2026/07/30 05:14:09.526, 303.57, 100, 74232, 69
2026/07/30 05:14:10.562, 303.45, 100, 74232, 69
2026/07/30 05:14:11.599, 291.14, 100, 74232, 69
2026/07/30 05:14:12.636, 293.25, 100, 74232, 69
2026/07/30 05:14:13.672, 292.59, 100, 74232, 69
2026/07/30 05:14:14.710, 295.50, 100, 74232, 69
2026/07/30 05:14:15.746, 293.66, 100, 74232, 69
2026/07/30 05:14:16.786, 302.21, 100, 74232, 69
2026/07/30 05:14:17.825, 303.94, 100, 74232, 69
2026/07/30 05:14:18.862, 296.85, 100, 74232, 69
2026/07/30 05:14:19.900, 297.90, 100, 74232, 69
2026/07/30 05:14:20.944, 297.14, 100, 74232, 69
2026/07/30 05:14:21.981, 296.26, 100, 74232, 69
2026/07/30 05:14:23.018, 301.50, 100, 74232, 70
2026/07/30 05:14:24.054, 303.27, 100, 74232, 69
2026/07/30 05:14:25.092, 302.66, 100, 74232, 70
2026/07/30 05:14:26.129, 301.96, 100, 74232, 69
2026/07/30 05:14:27.165, 304.49, 100, 74232, 70
2026/07/30 05:14:28.201, 295.49, 100, 74232, 70
2026/07/30 05:14:29.239, 292.95, 100, 74232, 69
2026/07/30 05:14:30.274, 296.27, 100, 74232, 69
2026/07/30 05:14:31.314, 296.27, 100, 74232, 69
2026/07/30 05:14:32.351, 295.58, 100, 74232, 69
2026/07/30 05:14:33.389, 296.26, 100, 74232, 69
2026/07/30 05:14:34.426, 297.60, 100, 74232, 69
2026/07/30 05:14:35.462, 295.89, 100, 74232, 69
2026/07/30 05:14:36.500, 296.95, 100, 74232, 69
2026/07/30 05:14:37.537, 293.73, 100, 74232, 69
2026/07/30 05:14:38.574, 299.56, 100, 74232, 69
2026/07/30 05:14:39.610, 300.73, 100, 74232, 69
2026/07/30 05:14:40.646, 302.93, 100, 74232, 69
2026/07/30 05:14:41.684, 304.10, 100, 74232, 70
2026/07/30 05:14:42.721, 302.98, 100, 74232, 70
2026/07/30 05:14:43.759, 304.11, 100, 74232, 70
2026/07/30 05:14:44.795, 304.86, 100, 74232, 70
2026/07/30 05:14:45.832, 304.02, 100, 74232, 70
2026/07/30 05:14:46.870, 295.67, 100, 74232, 70
2026/07/30 05:14:47.906, 294.04, 100, 74232, 70
2026/07/30 05:14:48.947, 292.28, 100, 74232, 70
2026/07/30 05:14:49.985, 295.67, 100, 74232, 70
2026/07/30 05:14:51.021, 302.86, 100, 74232, 70
2026/07/30 05:14:52.058, 295.50, 100, 74232, 70
2026/07/30 05:14:53.095, 303.24, 100, 74232, 70
2026/07/30 05:14:54.131, 296.77, 100, 74232, 70
2026/07/30 05:14:55.166, 292.67, 100, 74232, 70
2026/07/30 05:14:56.202, 303.29, 100, 74232, 70
2026/07/30 05:14:57.239, 297.13, 100, 74232, 70
2026/07/30 05:14:58.276, 296.93, 100, 74232, 70
2026/07/30 05:14:59.314, 295.11, 100, 74232, 70
2026/07/30 05:15:00.349, 297.23, 100, 74232, 70
2026/07/30 05:15:01.386, 297.72, 100, 74232, 70
2026/07/30 05:15:02.427, 303.27, 100, 74232, 70
2026/07/30 05:15:03.465, 300.81, 100, 74232, 70
2026/07/30 05:15:04.504, 301.69, 100, 74232, 70
2026/07/30 05:15:05.541, 303.34, 100, 74232, 70
2026/07/30 05:15:06.579, 296.73, 100, 74232, 70
2026/07/30 05:15:07.619, 296.27, 100, 74232, 70
2026/07/30 05:15:08.658, 297.25, 100, 74232, 70
2026/07/30 05:15:09.695, 296.66, 100, 74232, 70
2026/07/30 05:15:10.732, 296.66, 100, 74232, 70
2026/07/30 05:15:11.770, 298.41, 100, 74232, 70
2026/07/30 05:15:12.807, 296.93, 100, 74232, 69
2026/07/30 05:15:13.845, 296.66, 100, 74232, 69
2026/07/30 05:15:14.882, 293.70, 100, 74232, 70
2026/07/30 05:15:15.919, 304.25, 100, 74232, 70
2026/07/30 05:15:16.955, 298.70, 100, 74232, 70
2026/07/30 05:15:17.992, 296.65, 100, 74232, 70
2026/07/30 05:15:19.029, 297.60, 100, 74232, 69
2026/07/30 05:15:20.066, 294.42, 100, 74232, 70
2026/07/30 05:15:21.102, 295.18, 100, 74232, 70
2026/07/30 05:15:22.139, 296.65, 100, 74232, 70
2026/07/30 05:15:23.175, 297.62, 100, 74232, 70
2026/07/30 05:15:24.212, 296.18, 100, 74232, 69
2026/07/30 05:15:25.250, 296.96, 100, 74232, 69
2026/07/30 05:15:26.288, 295.87, 100, 74232, 69
2026/07/30 05:15:27.325, 296.67, 100, 74232, 70
2026/07/30 05:15:28.361, 298.70, 100, 74232, 70
2026/07/30 05:15:29.396, 299.08, 100, 74232, 70
2026/07/30 05:15:30.433, 299.49, 100, 74232, 70
2026/07/30 05:15:31.469, 300.35, 100, 74232, 70
2026/07/30 05:15:32.507, 302.95, 100, 74232, 70
2026/07/30 05:15:33.545, 300.14, 100, 74232, 70
2026/07/30 05:15:34.583, 303.34, 100, 74232, 70
2026/07/30 05:15:35.620, 303.54, 100, 74232, 70
2026/07/30 05:15:36.656, 301.78, 100, 74232, 70
2026/07/30 05:15:37.692, 302.94, 100, 74232, 70
2026/07/30 05:15:38.729, 296.56, 100, 74232, 70
2026/07/30 05:15:39.766, 295.17, 100, 74232, 70
2026/07/30 05:15:40.804, 295.87, 100, 74232, 70
2026/07/30 05:15:41.841, 296.62, 100, 74232, 70
2026/07/30 05:15:42.877, 297.44, 100, 74232, 70
2026/07/30 05:15:43.914, 292.85, 94, 74232, 71
2026/07/30 05:15:45.017, 294.02, 100, 74232, 71
2026/07/30 05:15:46.052, 276.67, 100, 74232, 71
2026/07/30 05:15:47.088, 303.82, 100, 74232, 71
2026/07/30 05:15:48.124, 294.51, 100, 74232, 71
2026/07/30 05:15:49.158, 300.87, 100, 74232, 71
2026/07/30 05:15:50.193, 306.04, 100, 74232, 71
2026/07/30 05:15:51.234, 300.25, 100, 74232, 70
2026/07/30 05:15:52.271, 301.17, 100, 74232, 70
2026/07/30 05:15:53.310, 302.35, 100, 74232, 70
2026/07/30 05:15:54.348, 295.59, 100, 74232, 70
2026/07/30 05:15:55.384, 295.49, 100, 74232, 70
2026/07/30 05:15:56.422, 295.19, 100, 74232, 70
2026/07/30 05:15:57.459, 297.70, 100, 74232, 70
2026/07/30 05:15:58.495, 302.39, 100, 74232, 70
2026/07/30 05:15:59.532, 295.01, 100, 74232, 70
2026/07/30 05:16:00.571, 292.95, 100, 74232, 70
2026/07/30 05:16:01.610, 289.95, 100, 74232, 70
2026/07/30 05:16:02.648, 301.49, 100, 74232, 70
2026/07/30 05:16:03.685, 303.03, 100, 74232, 70
2026/07/30 05:16:04.721, 299.76, 100, 74232, 70
2026/07/30 05:16:05.758, 301.71, 100, 74232, 70
2026/07/30 05:16:06.798, 303.28, 100, 74232, 70
2026/07/30 05:16:07.834, 296.00, 100, 74232, 70
2026/07/30 05:16:08.869, 302.68, 100, 74232, 70
2026/07/30 05:16:09.906, 303.42, 100, 74232, 70
2026/07/30 05:16:10.943, 303.99, 100, 74232, 70
2026/07/30 05:16:11.980, 302.74, 100, 74232, 70
2026/07/30 05:16:13.017, 302.86, 100, 74232, 70
2026/07/30 05:16:14.056, 296.47, 100, 74232, 70
2026/07/30 05:16:15.092, 299.09, 100, 74232, 70
2026/07/30 05:16:16.130, 296.96, 100, 74232, 70
2026/07/30 05:16:17.167, 296.57, 100, 74232, 70
2026/07/30 05:16:18.203, 292.48, 100, 74232, 70
2026/07/30 05:16:19.241, 295.59, 100, 74232, 70
2026/07/30 05:16:20.277, 295.02, 100, 74232, 70
2026/07/30 05:16:21.316, 296.75, 100, 74232, 70
2026/07/30 05:16:22.355, 297.14, 100, 74232, 70
2026/07/30 05:16:23.392, 290.04, 100, 74232, 70
2026/07/30 05:16:24.432, 295.10, 100, 74232, 70
2026/07/30 05:16:25.468, 303.36, 100, 74232, 70
2026/07/30 05:16:26.504, 304.10, 100, 74232, 70
2026/07/30 05:16:27.541, 295.30, 100, 74232, 70
2026/07/30 05:16:28.577, 302.77, 100, 74232, 70
2026/07/30 05:16:29.613, 303.17, 100, 74232, 70
2026/07/30 05:16:30.651, 303.46, 100, 74232, 70
2026/07/30 05:16:31.686, 300.52, 100, 74232, 70
2026/07/30 05:16:32.722, 303.23, 100, 74232, 70
2026/07/30 05:16:33.759, 295.79, 100, 74232, 69
2026/07/30 05:16:34.796, 298.87, 100, 74232, 70
2026/07/30 05:16:35.833, 302.01, 100, 74232, 69
2026/07/30 05:16:36.871, 302.26, 100, 74232, 69
2026/07/30 05:16:37.907, 299.67, 100, 74232, 69
2026/07/30 05:16:38.945, 300.55, 100, 74232, 69
2026/07/30 05:16:39.981, 295.78, 100, 74232, 69
2026/07/30 05:16:41.018, 295.98, 100, 74232, 69
2026/07/30 05:16:42.057, 294.32, 100, 74232, 69
2026/07/30 05:16:43.093, 294.42, 100, 74232, 69
2026/07/30 05:16:44.130, 298.11, 100, 74232, 69
2026/07/30 05:16:45.166, 295.59, 100, 74232, 69
2026/07/30 05:16:46.203, 303.28, 100, 74232, 69
2026/07/30 05:16:47.242, 303.46, 100, 74232, 69
2026/07/30 05:16:48.279, 300.26, 100, 74232, 69
2026/07/30 05:16:49.317, 302.10, 100, 74232, 69
2026/07/30 05:16:50.353, 295.72, 100, 74232, 69
2026/07/30 05:16:51.390, 303.20, 100, 74232, 69
2026/07/30 05:16:52.427, 301.32, 100, 74232, 69
2026/07/30 05:16:53.463, 303.07, 100, 74232, 69
2026/07/30 05:16:54.499, 291.99, 100, 74232, 69
2026/07/30 05:16:55.536, 295.49, 100, 74232, 69
2026/07/30 05:16:56.576, 298.41, 100, 74232, 69
2026/07/30 05:16:57.615, 300.99, 100, 74232, 69
2026/07/30 05:16:58.653, 299.69, 100, 74232, 69
2026/07/30 05:16:59.693, 297.34, 100, 74232, 69
2026/07/30 05:17:00.731, 298.32, 100, 74232, 69
2026/07/30 05:17:01.768, 302.77, 100, 74232, 69
2026/07/30 05:17:02.804, 303.22, 100, 74232, 69
2026/07/30 05:17:03.840, 302.79, 100, 74232, 69
2026/07/30 05:17:04.876, 300.15, 100, 74232, 69
2026/07/30 05:17:05.918, 302.20, 100, 74232, 69
2026/07/30 05:17:06.956, 303.83, 100, 74232, 69
2026/07/30 05:17:07.993, 296.17, 100, 74232, 69
2026/07/30 05:17:09.030, 294.21, 100, 74232, 69
2026/07/30 05:17:10.068, 299.86, 100, 74232, 69
2026/07/30 05:17:11.107, 302.77, 100, 74232, 69
2026/07/30 05:17:12.144, 303.95, 100, 74232, 70
2026/07/30 05:17:13.182, 298.02, 100, 74232, 69
2026/07/30 05:17:14.220, 300.93, 100, 74232, 69
2026/07/30 05:17:15.255, 303.11, 100, 74232, 70
2026/07/30 05:17:16.291, 303.17, 100, 74232, 70
2026/07/30 05:17:17.331, 304.53, 100, 74232, 70
2026/07/30 05:17:18.369, 302.25, 100, 74232, 70
2026/07/30 05:17:19.408, 303.27, 100, 74232, 70
2026/07/30 05:17:20.446, 299.18, 100, 74232, 69
2026/07/30 05:17:21.484, 299.43, 100, 74232, 69
2026/07/30 05:17:22.520, 302.15, 100, 74232, 69
2026/07/30 05:17:23.557, 303.36, 100, 74232, 69
2026/07/30 05:17:24.593, 303.07, 100, 74232, 69
2026/07/30 05:17:25.630, 297.34, 100, 74232, 69
2026/07/30 05:17:26.666, 301.87, 100, 74232, 70
2026/07/30 05:17:27.703, 302.64, 100, 74232, 70
2026/07/30 05:17:28.740, 302.68, 100, 74232, 70
2026/07/30 05:17:29.777, 306.92, 100, 74232, 69
2026/07/30 05:17:30.812, 301.43, 100, 74232, 70
2026/07/30 05:17:31.855, 300.63, 100, 74232, 70
2026/07/30 05:17:32.894, 303.66, 100, 74232, 70
2026/07/30 05:17:33.931, 305.40, 100, 74232, 70
2026/07/30 05:17:34.970, 293.75, 100, 74232, 70
2026/07/30 05:17:36.007, 293.75, 100, 74232, 70
2026/07/30 05:17:37.047, 296.45, 100, 74232, 70
2026/07/30 05:17:38.084, 302.87, 100, 74232, 70
2026/07/30 05:17:39.120, 304.33, 100, 74232, 70
2026/07/30 05:17:40.157, 302.28, 100, 74232, 70
2026/07/30 05:17:41.193, 293.46, 100, 74232, 70
2026/07/30 05:17:42.229, 295.68, 100, 74232, 70
2026/07/30 05:17:43.268, 297.51, 100, 74232, 70
2026/07/30 05:17:44.304, 296.84, 100, 74232, 70
2026/07/30 05:17:45.344, 300.06, 100, 74232, 70
2026/07/30 05:17:46.382, 301.59, 100, 74232, 70
2026/07/30 05:17:47.418, 305.37, 100, 74232, 70
2026/07/30 05:17:48.453, 304.44, 100, 74232, 70
2026/07/30 05:17:49.493, 94.79, 0, 74232, 66
2026/07/30 05:17:50.529, 302.79, 100, 74232, 69
2026/07/30 05:17:51.566, 302.58, 100, 74232, 69
2026/07/30 05:17:52.603, 302.77, 100, 74232, 69
2026/07/30 05:17:53.642, 303.74, 100, 74232, 69
2026/07/30 05:17:54.678, 300.82, 100, 74232, 69
2026/07/30 05:17:55.717, 303.82, 100, 74232, 69
2026/07/30 05:17:56.754, 297.72, 100, 74232, 69
2026/07/30 05:17:57.791, 303.17, 100, 74232, 69
2026/07/30 05:17:58.831, 292.47, 100, 74232, 69
2026/07/30 05:17:59.868, 297.81, 100, 74232, 69
2026/07/30 05:18:00.909, 295.47, 100, 74232, 69
2026/07/30 05:18:01.948, 301.81, 100, 74232, 69
2026/07/30 05:18:02.986, 301.23, 100, 74232, 69
2026/07/30 05:18:04.024, 298.20, 100, 74232, 69
2026/07/30 05:18:05.061, 301.29, 100, 74232, 69
2026/07/30 05:18:06.099, 297.03, 100, 74232, 69
2026/07/30 05:18:07.135, 300.73, 100, 74232, 69
2026/07/30 05:18:08.174, 293.73, 100, 74232, 69
2026/07/30 05:18:09.211, 302.11, 100, 74232, 69
2026/07/30 05:18:10.250, 286.66, 100, 74232, 69
2026/07/30 05:18:11.286, 302.27, 100, 74232, 69
2026/07/30 05:18:12.324, 298.21, 100, 74232, 69
2026/07/30 05:18:13.365, 299.29, 100, 74232, 69
2026/07/30 05:18:14.402, 290.04, 100, 74232, 69
2026/07/30 05:18:15.439, 294.60, 100, 74232, 69
2026/07/30 05:18:16.475, 300.94, 100, 74232, 70
2026/07/30 05:18:17.512, 301.20, 100, 74232, 69
2026/07/30 05:18:18.549, 300.05, 100, 74232, 69
2026/07/30 05:18:19.586, 300.65, 100, 74232, 69
2026/07/30 05:18:20.622, 301.34, 100, 74232, 69
2026/07/30 05:18:21.659, 300.25, 100, 74232, 69
2026/07/30 05:18:22.696, 295.11, 100, 74232, 69
2026/07/30 05:18:23.740, 297.43, 100, 74232, 69
2026/07/30 05:18:24.777, 303.04, 100, 74232, 69
2026/07/30 05:18:25.817, 289.46, 100, 74232, 69
2026/07/30 05:18:26.854, 299.57, 100, 74232, 70
2026/07/30 05:18:27.890, 296.65, 100, 74232, 69
2026/07/30 05:18:28.927, 298.13, 100, 74232, 70
2026/07/30 05:18:29.964, 300.36, 100, 74232, 70
2026/07/30 05:18:31.000, 300.47, 100, 74232, 69
2026/07/30 05:18:32.037, 299.26, 100, 74232, 69
2026/07/30 05:18:33.073, 303.77, 100, 74232, 69
2026/07/30 05:18:34.110, 296.92, 100, 74232, 70
2026/07/30 05:18:35.147, 303.13, 100, 74232, 69
2026/07/30 05:18:36.184, 299.44, 100, 74232, 70
2026/07/30 05:18:37.221, 298.89, 100, 74232, 69
2026/07/30 05:18:38.259, 298.43, 100, 74232, 70
2026/07/30 05:18:39.297, 299.65, 100, 74232, 70
2026/07/30 05:18:40.335, 302.09, 100, 74232, 70
2026/07/30 05:18:41.372, 301.82, 100, 74232, 70
2026/07/30 05:18:42.408, 301.23, 100, 74232, 70
2026/07/30 05:18:43.445, 300.91, 100, 74232, 70
2026/07/30 05:18:44.481, 301.23, 100, 74232, 70
2026/07/30 05:18:45.515, 301.90, 100, 74232, 70
2026/07/30 05:18:46.553, 302.21, 100, 74232, 70
2026/07/30 05:18:47.590, 291.98, 100, 74232, 69
2026/07/30 05:18:48.628, 296.66, 100, 74232, 69
2026/07/30 05:18:49.665, 293.75, 100, 74232, 69
2026/07/30 05:18:50.703, 291.99, 100, 74232, 69
2026/07/30 05:18:51.740, 298.02, 100, 74232, 70
2026/07/30 05:18:52.777, 299.95, 100, 74232, 70
2026/07/30 05:18:53.814, 299.46, 100, 74232, 70
2026/07/30 05:18:54.851, 300.33, 100, 74232, 70
2026/07/30 05:18:55.888, 298.69, 100, 74232, 70
2026/07/30 05:18:56.927, 300.84, 100, 74232, 70
2026/07/30 05:18:57.963, 301.39, 100, 74232, 70
2026/07/30 05:18:58.999, 298.02, 100, 74232, 70
2026/07/30 05:19:00.035, 298.28, 100, 74232, 70
2026/07/30 05:19:01.072, 298.32, 100, 74232, 70
2026/07/30 05:19:02.109, 302.49, 100, 74232, 70
2026/07/30 05:19:03.145, 303.09, 100, 74232, 70
2026/07/30 05:19:04.184, 299.08, 100, 74232, 70
2026/07/30 05:19:05.221, 302.01, 100, 74232, 70
2026/07/30 05:19:06.259, 303.52, 100, 74232, 70
2026/07/30 05:19:07.294, 302.30, 100, 74232, 70
2026/07/30 05:19:08.334, 297.60, 100, 74232, 70
2026/07/30 05:19:09.372, 303.27, 100, 74232, 70
2026/07/30 05:19:10.408, 303.28, 100, 74232, 70
2026/07/30 05:19:11.445, 305.71, 100, 74232, 70
2026/07/30 05:19:12.484, 298.03, 100, 74232, 70
2026/07/30 05:19:13.522, 300.94, 100, 74232, 70
2026/07/30 05:19:14.563, 295.30, 100, 74232, 69
2026/07/30 05:19:15.603, 294.14, 100, 74232, 69
2026/07/30 05:19:16.639, 301.02, 100, 74232, 70
2026/07/30 05:19:17.678, 302.36, 100, 74232, 69
2026/07/30 05:19:18.715, 302.12, 100, 74232, 70
2026/07/30 05:19:19.752, 303.08, 100, 74232, 69
2026/07/30 05:19:20.789, 301.21, 100, 74232, 69
2026/07/30 05:19:21.824, 298.41, 100, 74232, 69
2026/07/30 05:19:22.861, 300.16, 100, 74232, 69
2026/07/30 05:19:23.898, 302.09, 100, 74232, 69
2026/07/30 05:19:24.936, 305.55, 100, 74232, 69
2026/07/30 05:19:25.973, 303.06, 100, 74232, 69
2026/07/30 05:19:27.011, 300.83, 100, 74232, 69
2026/07/30 05:19:28.056, 302.02, 100, 74232, 70
2026/07/30 05:19:29.094, 302.87, 100, 74232, 70
2026/07/30 05:19:30.130, 302.56, 100, 74232, 70
2026/07/30 05:19:31.168, 301.62, 100, 74232, 70
2026/07/30 05:19:32.205, 295.11, 100, 74232, 70
2026/07/30 05:19:33.243, 301.22, 100, 74232, 71
2026/07/30 05:19:34.309, 298.44, 100, 74232, 71
2026/07/30 05:19:35.344, 296.33, 100, 74232, 71
2026/07/30 05:19:36.378, 299.95, 100, 74232, 71
2026/07/30 05:19:37.413, 322.06, 100, 74232, 71
2026/07/30 05:19:38.449, 290.71, 100, 74232, 71
2026/07/30 05:19:39.483, 298.80, 100, 74232, 71
2026/07/30 05:19:40.523, 285.87, 100, 74232, 69
2026/07/30 05:19:41.562, 295.20, 100, 74232, 69
2026/07/30 05:19:42.600, 288.51, 100, 74232, 69
2026/07/30 05:19:43.637, 292.19, 100, 74232, 71
2026/07/30 05:19:44.671, 291.43, 100, 74232, 71
2026/07/30 05:19:45.705, 318.97, 100, 74232, 72
2026/07/30 05:19:46.742, 299.22, 100, 74232, 72
2026/07/30 05:19:47.778, 268.42, 100, 74232, 72
2026/07/30 05:19:48.814, 290.46, 100, 74232, 72
2026/07/30 05:19:49.850, 302.12, 100, 74232, 70
2026/07/30 05:19:50.889, 302.12, 100, 74232, 70
2026/07/30 05:19:51.927, 291.42, 100, 74232, 70
2026/07/30 05:19:52.964, 300.45, 100, 74232, 70
2026/07/30 05:19:54.002, 296.85, 100, 74232, 70
2026/07/30 05:19:55.040, 292.86, 100, 74232, 70
2026/07/30 05:19:56.079, 303.45, 100, 74232, 71
2026/07/30 05:19:57.116, 304.01, 100, 74232, 71
2026/07/30 05:19:58.154, 304.58, 100, 74232, 71
2026/07/30 05:19:59.192, 305.58, 100, 74232, 71
2026/07/30 05:20:00.231, 302.05, 100, 74232, 71
2026/07/30 05:20:01.269, 298.87, 100, 74232, 71
2026/07/30 05:20:02.306, 304.81, 100, 74232, 71
2026/07/30 05:20:03.343, 301.11, 100, 74232, 71
2026/07/30 05:20:04.386, 303.03, 100, 74232, 71
2026/07/30 05:20:05.423, 302.94, 100, 74232, 71
2026/07/30 05:20:06.460, 294.41, 100, 74232, 70
2026/07/30 05:20:07.498, 292.94, 100, 74232, 70
2026/07/30 05:20:08.535, 296.16, 100, 74232, 70
2026/07/30 05:20:09.572, 297.23, 100, 74232, 70
2026/07/30 05:20:10.609, 297.42, 100, 74232, 70
2026/07/30 05:20:11.648, 300.21, 100, 74232, 70
2026/07/30 05:20:12.684, 298.96, 100, 74232, 70
2026/07/30 05:20:13.722, 296.36, 100, 74232, 70
2026/07/30 05:20:14.759, 295.60, 100, 74232, 70
2026/07/30 05:20:15.797, 293.45, 100, 74232, 70
2026/07/30 05:20:16.833, 300.82, 100, 74232, 70
2026/07/30 05:20:17.872, 303.32, 100, 74232, 70
2026/07/30 05:20:18.909, 294.05, 100, 74232, 70
2026/07/30 05:20:19.947, 293.95, 100, 74232, 70
2026/07/30 05:20:20.985, 294.92, 100, 74232, 70
2026/07/30 05:20:22.022, 293.06, 100, 74232, 70
2026/07/30 05:20:23.060, 300.32, 100, 74232, 70
2026/07/30 05:20:24.097, 299.28, 100, 74232, 70
2026/07/30 05:20:25.133, 299.08, 100, 74232, 70
2026/07/30 05:20:26.171, 303.48, 100, 74232, 70
2026/07/30 05:20:27.209, 303.53, 100, 74232, 70
2026/07/30 05:20:28.245, 295.11, 100, 74232, 70
2026/07/30 05:20:29.282, 292.20, 100, 74232, 70
2026/07/30 05:20:30.318, 296.67, 100, 74232, 70
2026/07/30 05:20:31.356, 303.71, 100, 74232, 70
2026/07/30 05:20:32.394, 300.43, 100, 74232, 70
2026/07/30 05:20:33.431, 303.43, 100, 74232, 70
2026/07/30 05:20:34.467, 302.46, 100, 74232, 70
2026/07/30 05:20:35.504, 305.84, 100, 74232, 70
2026/07/30 05:20:36.542, 298.66, 100, 74232, 70
2026/07/30 05:20:37.579, 302.60, 100, 74232, 70
2026/07/30 05:20:38.616, 296.08, 100, 74232, 70
2026/07/30 05:20:39.653, 289.75, 100, 74232, 69
2026/07/30 05:20:40.689, 295.97, 100, 74232, 70
2026/07/30 05:20:41.729, 295.58, 100, 74232, 69
2026/07/30 05:20:42.766, 307.43, 100, 74232, 70
2026/07/30 05:20:43.807, 301.43, 100, 74232, 69
2026/07/30 05:20:44.845, 295.68, 100, 74232, 69
2026/07/30 05:20:45.886, 301.81, 100, 74232, 69
2026/07/30 05:20:46.925, 294.72, 100, 74232, 69
2026/07/30 05:20:47.963, 294.64, 100, 74232, 69
2026/07/30 05:20:49.002, 305.70, 100, 74232, 69
2026/07/30 05:20:50.040, 299.75, 100, 74232, 69
2026/07/30 05:20:51.077, 302.20, 100, 74232, 69
2026/07/30 05:20:52.114, 299.73, 100, 74232, 69
2026/07/30 05:20:53.150, 302.08, 100, 74232, 69
2026/07/30 05:20:54.187, 303.07, 100, 74232, 69
2026/07/30 05:20:55.225, 303.13, 100, 74232, 69
2026/07/30 05:20:56.261, 299.74, 100, 74232, 69
2026/07/30 05:20:57.298, 296.57, 100, 74232, 69
2026/07/30 05:20:58.337, 294.03, 100, 74232, 69
2026/07/30 05:20:59.374, 303.19, 100, 74232, 69
2026/07/30 05:21:00.415, 293.34, 100, 74232, 69
2026/07/30 05:21:01.453, 293.73, 100, 74232, 69
2026/07/30 05:21:02.492, 300.55, 100, 74232, 69
2026/07/30 05:21:03.533, 299.27, 100, 74232, 69
2026/07/30 05:21:04.570, 303.05, 100, 74232, 69
2026/07/30 05:21:05.607, 300.81, 100, 74232, 69
2026/07/30 05:21:06.644, 296.74, 100, 74232, 69
2026/07/30 05:21:07.682, 294.80, 100, 74232, 69
2026/07/30 05:21:08.718, 297.23, 100, 74232, 69
2026/07/30 05:21:09.755, 300.81, 100, 74232, 69
2026/07/30 05:21:10.795, 302.94, 100, 74232, 69
2026/07/30 05:21:11.832, 295.08, 100, 74232, 69
2026/07/30 05:21:12.869, 296.28, 100, 74232, 69
2026/07/30 05:21:13.906, 294.13, 100, 74232, 69
2026/07/30 05:21:14.942, 292.09, 100, 74232, 69
2026/07/30 05:21:15.984, 294.22, 100, 74232, 69
2026/07/30 05:21:17.022, 295.78, 100, 74232, 69
2026/07/30 05:21:18.061, 296.07, 100, 74232, 69
2026/07/30 05:21:19.099, 291.59, 100, 74232, 69
2026/07/30 05:21:20.137, 296.57, 100, 74232, 69
2026/07/30 05:21:21.177, 295.00, 100, 74232, 69
2026/07/30 05:21:22.215, 307.30, 100, 74232, 69
2026/07/30 05:21:23.253, 298.38, 100, 74232, 69
2026/07/30 05:21:24.291, 303.74, 100, 74232, 69
2026/07/30 05:21:25.329, 301.96, 100, 74232, 69
2026/07/30 05:21:26.366, 302.77, 100, 74232, 69
2026/07/30 05:21:27.403, 295.11, 100, 74232, 69
2026/07/30 05:21:28.440, 296.35, 100, 74232, 69
2026/07/30 05:21:29.476, 300.01, 100, 74232, 69
2026/07/30 05:21:30.513, 298.21, 100, 74232, 69
2026/07/30 05:21:31.549, 298.03, 100, 74232, 69
2026/07/30 05:21:32.586, 295.99, 100, 74232, 69
2026/07/30 05:21:33.622, 302.86, 100, 74232, 69
2026/07/30 05:21:34.659, 297.24, 100, 74232, 69
2026/07/30 05:21:35.696, 297.15, 100, 74232, 69
2026/07/30 05:21:36.737, 295.96, 100, 74232, 69
2026/07/30 05:21:37.773, 294.99, 100, 74232, 69
2026/07/30 05:21:38.810, 296.56, 100, 74232, 69
2026/07/30 05:21:39.848, 293.14, 100, 74232, 69
2026/07/30 05:21:40.885, 293.64, 100, 74232, 69
2026/07/30 05:21:41.922, 301.67, 100, 74232, 69
2026/07/30 05:21:42.959, 297.26, 100, 74232, 69
2026/07/30 05:21:43.998, 294.60, 100, 74232, 69
2026/07/30 05:21:45.035, 294.42, 100, 74232, 69
2026/07/30 05:21:46.073, 296.35, 100, 74232, 69
2026/07/30 05:21:47.116, 304.44, 100, 74232, 69
2026/07/30 05:21:48.153, 297.51, 100, 74232, 69
2026/07/30 05:21:49.189, 294.32, 100, 74232, 69
2026/07/30 05:21:50.226, 296.18, 100, 74232, 69
2026/07/30 05:21:51.264, 296.55, 100, 74232, 69
2026/07/30 05:21:52.300, 296.94, 100, 74232, 69
2026/07/30 05:21:53.338, 293.37, 100, 74232, 69
2026/07/30 05:21:54.375, 294.92, 100, 74232, 70
2026/07/30 05:21:55.413, 298.02, 100, 74232, 69
2026/07/30 05:21:56.450, 302.67, 100, 74232, 69
2026/07/30 05:21:57.486, 303.05, 100, 74232, 69
2026/07/30 05:21:58.523, 303.77, 100, 74232, 70
2026/07/30 05:21:59.559, 298.89, 100, 74232, 70
2026/07/30 05:22:00.597, 306.12, 100, 74232, 70
2026/07/30 05:22:01.635, 301.68, 100, 74232, 70
2026/07/30 05:22:02.674, 297.61, 100, 74232, 70
2026/07/30 05:22:03.711, 300.63, 100, 74232, 70
2026/07/30 05:22:04.747, 296.37, 100, 74232, 69
2026/07/30 05:22:05.785, 292.85, 100, 74232, 70
2026/07/30 05:22:06.824, 293.85, 100, 74232, 69
2026/07/30 05:22:07.860, 296.17, 100, 74232, 69
2026/07/30 05:22:08.899, 295.20, 100, 74232, 69
2026/07/30 05:22:09.935, 296.56, 100, 74232, 69
2026/07/30 05:22:10.974, 291.50, 100, 74232, 70
2026/07/30 05:22:12.011, 293.84, 100, 74232, 69
2026/07/30 05:22:13.049, 293.73, 100, 74232, 70
2026/07/30 05:22:14.087, 292.10, 100, 74232, 70
2026/07/30 05:22:15.123, 303.94, 100, 74232, 70
2026/07/30 05:22:16.161, 303.55, 100, 74232, 70
2026/07/30 05:22:17.197, 303.54, 100, 74232, 69
2026/07/30 05:22:18.234, 303.18, 100, 74232, 69
2026/07/30 05:22:19.271, 300.55, 100, 74232, 69
2026/07/30 05:22:20.308, 302.34, 100, 74232, 69
2026/07/30 05:22:21.345, 303.46, 100, 74232, 70
2026/07/30 05:22:22.381, 297.45, 100, 74232, 69
2026/07/30 05:22:23.417, 296.93, 100, 74232, 69
2026/07/30 05:22:24.454, 299.40, 100, 74232, 70
2026/07/30 05:22:25.491, 303.47, 100, 74232, 70
2026/07/30 05:22:26.527, 300.55, 100, 74232, 70
2026/07/30 05:22:27.564, 297.53, 100, 74232, 69
2026/07/30 05:22:28.601, 293.86, 100, 74232, 69
2026/07/30 05:22:29.639, 296.05, 100, 74232, 70
2026/07/30 05:22:30.676, 293.26, 100, 74232, 69
2026/07/30 05:22:31.712, 302.78, 100, 74232, 69
2026/07/30 05:22:32.748, 302.84, 100, 74232, 70
2026/07/30 05:22:33.783, 299.96, 100, 74232, 70
2026/07/30 05:22:34.820, 298.87, 100, 74232, 70
2026/07/30 05:22:35.856, 302.10, 100, 74232, 70
2026/07/30 05:22:36.893, 302.76, 100, 74232, 70
2026/07/30 05:22:37.930, 303.09, 100, 74232, 70
2026/07/30 05:22:38.966, 304.21, 100, 74232, 70
2026/07/30 05:22:40.002, 300.06, 100, 74232, 70
2026/07/30 05:22:41.039, 301.79, 100, 74232, 70
2026/07/30 05:22:42.076, 299.73, 100, 74232, 70
2026/07/30 05:22:43.114, 302.75, 100, 74232, 70
2026/07/30 05:22:44.149, 303.71, 100, 74232, 70
2026/07/30 05:22:45.186, 303.93, 100, 74232, 70
2026/07/30 05:22:46.222, 304.04, 100, 74232, 70
2026/07/30 05:22:47.259, 299.85, 100, 74232, 70
2026/07/30 05:22:48.296, 298.69, 100, 74232, 70
2026/07/30 05:22:49.335, 293.52, 100, 74232, 70
2026/07/30 05:22:50.371, 295.74, 100, 74232, 69
2026/07/30 05:22:51.412, 296.94, 100, 74232, 69
2026/07/30 05:22:52.449, 296.44, 100, 74232, 69
2026/07/30 05:22:53.486, 301.23, 100, 74232, 69
2026/07/30 05:22:54.523, 292.36, 100, 74232, 69
2026/07/30 05:22:55.560, 296.08, 100, 74232, 69
2026/07/30 05:22:56.596, 306.08, 100, 74232, 69
2026/07/30 05:22:57.633, 303.85, 100, 74232, 69
2026/07/30 05:22:58.670, 305.10, 100, 74232, 69
2026/07/30 05:22:59.707, 296.63, 100, 74232, 69
2026/07/30 05:23:00.744, 293.83, 100, 74232, 69
2026/07/30 05:23:01.781, 295.58, 100, 74232, 69
2026/07/30 05:23:02.818, 296.47, 100, 74232, 69
2026/07/30 05:23:03.854, 303.17, 100, 74232, 69
2026/07/30 05:23:04.892, 307.10, 100, 74232, 69
2026/07/30 05:23:05.929, 293.84, 100, 74232, 69
2026/07/30 05:23:06.966, 293.46, 100, 74232, 69
2026/07/30 05:23:08.003, 301.10, 100, 74232, 69
2026/07/30 05:23:09.041, 302.96, 100, 74232, 69
2026/07/30 05:23:10.079, 301.32, 100, 74232, 69
2026/07/30 05:23:11.117, 295.30, 100, 74232, 69
2026/07/30 05:23:12.153, 303.33, 100, 74232, 69
2026/07/30 05:23:13.189, 296.08, 100, 74232, 69
2026/07/30 05:23:14.228, 293.55, 100, 74232, 69
2026/07/30 05:23:15.265, 292.96, 100, 74232, 69
2026/07/30 05:23:16.303, 294.23, 100, 74232, 69
2026/07/30 05:23:17.345, 301.10, 100, 74232, 69
2026/07/30 05:23:18.383, 302.65, 100, 74232, 69
2026/07/30 05:23:19.421, 303.09, 100, 74232, 69
2026/07/30 05:23:20.459, 303.82, 100, 74232, 69
2026/07/30 05:23:21.496, 299.96, 100, 74232, 69
2026/07/30 05:23:22.533, 300.45, 100, 74232, 69
2026/07/30 05:23:23.569, 295.00, 100, 74232, 69
2026/07/30 05:23:24.607, 298.02, 100, 74232, 69
2026/07/30 05:23:25.644, 301.62, 100, 74232, 69
2026/07/30 05:23:26.681, 301.03, 100, 74232, 69
2026/07/30 05:23:27.717, 303.57, 100, 74232, 69
2026/07/30 05:23:28.756, 296.84, 100, 74232, 69
2026/07/30 05:23:29.793, 301.69, 100, 74232, 69
2026/07/30 05:23:30.830, 299.06, 100, 74232, 69
2026/07/30 05:23:31.866, 302.48, 100, 74232, 69
2026/07/30 05:23:32.903, 303.05, 100, 74232, 69
2026/07/30 05:23:33.940, 302.20, 100, 74232, 69
2026/07/30 05:23:34.977, 303.55, 100, 74232, 69
2026/07/30 05:23:36.014, 303.33, 100, 74232, 69
2026/07/30 05:23:37.051, 303.57, 100, 74232, 70
2026/07/30 05:23:38.088, 304.41, 100, 74232, 69
2026/07/30 05:23:39.125, 300.45, 100, 74232, 69
2026/07/30 05:23:40.162, 298.68, 100, 74232, 69
2026/07/30 05:23:41.199, 290.24, 100, 74232, 69
2026/07/30 05:23:42.236, 291.22, 100, 74232, 69
2026/07/30 05:23:43.272, 296.37, 100, 74232, 69
2026/07/30 05:23:44.308, 295.09, 100, 74232, 70
2026/07/30 05:23:45.348, 304.08, 100, 74232, 70
2026/07/30 05:23:46.386, 297.33, 100, 74232, 70
2026/07/30 05:23:47.423, 304.33, 100, 74232, 70
2026/07/30 05:23:48.459, 302.30, 100, 74232, 70
2026/07/30 05:23:49.499, 300.80, 100, 74232, 70
2026/07/30 05:23:50.535, 299.74, 100, 74232, 70
2026/07/30 05:23:51.572, 293.84, 100, 74232, 70
2026/07/30 05:23:52.609, 294.72, 100, 74232, 70
2026/07/30 05:23:53.646, 290.43, 100, 74232, 70
2026/07/30 05:23:54.683, 295.11, 100, 74232, 70
2026/07/30 05:23:55.722, 297.15, 100, 74232, 70
2026/07/30 05:23:56.760, 296.94, 100, 74232, 70
2026/07/30 05:23:57.797, 304.42, 100, 74232, 70
2026/07/30 05:23:58.834, 302.64, 100, 74232, 70
2026/07/30 05:23:59.874, 298.99, 100, 74232, 70
2026/07/30 05:24:00.910, 292.65, 100, 74232, 70
2026/07/30 05:24:01.947, 300.42, 100, 74232, 70
2026/07/30 05:24:02.984, 303.95, 100, 74232, 70
2026/07/30 05:24:04.020, 298.40, 100, 74232, 70
2026/07/30 05:24:05.057, 297.14, 100, 74232, 70
2026/07/30 05:24:06.093, 303.43, 100, 74232, 70
2026/07/30 05:24:07.134, 294.23, 100, 74232, 70
2026/07/30 05:24:08.171, 301.33, 100, 74232, 70
2026/07/30 05:24:09.207, 305.78, 100, 74232, 70
2026/07/30 05:24:10.243, 300.05, 100, 74232, 70
2026/07/30 05:24:11.283, 294.52, 100, 74232, 70
2026/07/30 05:24:12.320, 295.01, 100, 74232, 70
2026/07/30 05:24:13.357, 294.81, 100, 74232, 70
2026/07/30 05:24:14.395, 290.54, 100, 74232, 70
2026/07/30 05:24:15.431, 295.66, 100, 74232, 70
2026/07/30 05:24:16.468, 296.57, 100, 74232, 70
2026/07/30 05:24:17.504, 303.52, 100, 74232, 70
2026/07/30 05:24:18.542, 302.48, 100, 74232, 70
2026/07/30 05:24:19.578, 304.08, 100, 74232, 70
2026/07/30 05:24:20.614, 305.79, 100, 74232, 70
2026/07/30 05:24:21.650, 304.69, 100, 74232, 70
2026/07/30 05:24:22.687, 304.42, 100, 74232, 70
2026/07/30 05:24:23.725, 293.82, 100, 74232, 70
2026/07/30 05:24:24.762, 302.80, 100, 74232, 70
2026/07/30 05:24:25.804, 300.04, 100, 74232, 70
2026/07/30 05:24:26.840, 303.16, 100, 74232, 70
2026/07/30 05:24:27.878, 296.34, 100, 74232, 70
2026/07/30 05:24:28.917, 295.87, 100, 74232, 70
2026/07/30 05:24:29.954, 296.55, 100, 74232, 70
2026/07/30 05:24:30.991, 298.32, 100, 74232, 70
2026/07/30 05:24:32.028, 297.32, 100, 74232, 70
2026/07/30 05:24:33.066, 297.92, 100, 74232, 70
2026/07/30 05:24:34.108, 304.81, 100, 74232, 70
2026/07/30 05:24:35.145, 305.45, 100, 74232, 70
2026/07/30 05:24:36.182, 298.00, 100, 74232, 70
2026/07/30 05:24:37.220, 293.76, 100, 74232, 70
2026/07/30 05:24:38.257, 297.44, 100, 74232, 70
2026/07/30 05:24:39.294, 304.32, 100, 74232, 70
2026/07/30 05:24:40.333, 297.91, 100, 74232, 70
2026/07/30 05:24:41.370, 297.73, 100, 74232, 70
2026/07/30 05:24:42.410, 299.87, 100, 74232, 70
2026/07/30 05:24:43.447, 245.00, 100, 74232, 71
2026/07/30 05:24:44.549, 300.45, 100, 74232, 71
2026/07/30 05:24:45.584, 298.99, 100, 74232, 71
2026/07/30 05:24:46.618, 281.17, 100, 74232, 71
2026/07/30 05:24:47.656, 297.57, 100, 74232, 71
2026/07/30 05:24:48.689, 265.45, 100, 74232, 71
2026/07/30 05:24:49.723, 291.69, 100, 74232, 71
2026/07/30 05:24:50.756, 303.47, 100, 74232, 70
2026/07/30 05:24:51.791, 298.29, 100, 74232, 70
2026/07/30 05:24:52.828, 301.86, 100, 74232, 70
2026/07/30 05:24:53.864, 303.35, 100, 74232, 70
2026/07/30 05:24:54.900, 304.14, 100, 74232, 70
2026/07/30 05:24:55.937, 301.62, 100, 74232, 70
2026/07/30 05:24:56.973, 303.79, 100, 74232, 70
2026/07/30 05:24:58.011, 297.03, 100, 74232, 70
2026/07/30 05:24:59.046, 296.36, 100, 74232, 70
2026/07/30 05:25:00.085, 295.77, 100, 74232, 70
2026/07/30 05:25:01.123, 295.30, 100, 74232, 70
2026/07/30 05:25:02.160, 297.03, 100, 74232, 70
2026/07/30 05:25:03.197, 292.87, 100, 74232, 70
2026/07/30 05:25:04.234, 293.83, 100, 74232, 70
2026/07/30 05:25:05.271, 296.18, 100, 74232, 70
2026/07/30 05:25:06.310, 300.05, 100, 74232, 70
2026/07/30 05:25:07.348, 295.78, 100, 74232, 70
2026/07/30 05:25:08.385, 302.30, 100, 74232, 70
2026/07/30 05:25:09.421, 303.32, 100, 74232, 70
2026/07/30 05:25:10.457, 297.89, 100, 74232, 70
2026/07/30 05:25:11.494, 307.15, 100, 74232, 70
2026/07/30 05:25:12.530, 296.17, 100, 74232, 70
2026/07/30 05:25:13.567, 294.50, 100, 74232, 70
2026/07/30 05:25:14.603, 302.38, 100, 74232, 70
2026/07/30 05:25:15.638, 302.54, 100, 74232, 70
2026/07/30 05:25:16.674, 303.16, 100, 74232, 70
2026/07/30 05:25:17.711, 301.23, 100, 74232, 70
2026/07/30 05:25:18.748, 293.83, 100, 74232, 70
2026/07/30 05:25:19.785, 295.20, 100, 74232, 70
2026/07/30 05:25:20.822, 296.28, 100, 74232, 70
2026/07/30 05:25:21.858, 295.11, 100, 74232, 70
2026/07/30 05:25:22.895, 304.03, 100, 74232, 70
2026/07/30 05:25:23.934, 302.44, 100, 74232, 70
2026/07/30 05:25:24.972, 297.62, 100, 74232, 69
2026/07/30 05:25:26.009, 297.92, 100, 74232, 69
2026/07/30 05:25:27.047, 301.13, 100, 74232, 69
2026/07/30 05:25:28.086, 303.69, 100, 74232, 69
2026/07/30 05:25:29.122, 303.55, 100, 74232, 69
2026/07/30 05:25:30.159, 299.48, 100, 74232, 69
2026/07/30 05:25:31.195, 302.68, 100, 74232, 69
2026/07/30 05:25:32.231, 295.77, 100, 74232, 69
2026/07/30 05:25:33.270, 297.05, 100, 74232, 69
2026/07/30 05:25:34.307, 300.72, 100, 74232, 69
2026/07/30 05:25:35.343, 302.57, 100, 74232, 69
2026/07/30 05:25:36.381, 302.27, 100, 74232, 69
2026/07/30 05:25:37.418, 299.76, 100, 74232, 69
2026/07/30 05:25:38.456, 301.99, 100, 74232, 69
2026/07/30 05:25:39.493, 302.20, 100, 74232, 69
2026/07/30 05:25:40.529, 303.15, 100, 74232, 69
2026/07/30 05:25:41.566, 297.93, 100, 74232, 69
2026/07/30 05:25:42.602, 292.94, 100, 74232, 69
2026/07/30 05:25:43.640, 301.14, 100, 74232, 69
2026/07/30 05:25:44.676, 302.37, 100, 74232, 69
2026/07/30 05:25:45.712, 298.08, 100, 74232, 69
2026/07/30 05:25:46.749, 296.31, 100, 74232, 69
2026/07/30 05:25:47.785, 296.65, 100, 74232, 69
2026/07/30 05:25:48.821, 302.57, 100, 74232, 69
2026/07/30 05:25:49.857, 302.67, 100, 74232, 69
2026/07/30 05:25:50.893, 298.28, 100, 74232, 69
2026/07/30 05:25:51.929, 301.41, 100, 74232, 69
2026/07/30 05:25:52.966, 301.24, 100, 74232, 69
2026/07/30 05:25:54.002, 302.88, 100, 74232, 69
2026/07/30 05:25:55.039, 303.58, 100, 74232, 69
2026/07/30 05:25:56.076, 301.87, 100, 74232, 69
2026/07/30 05:25:57.112, 300.56, 100, 74232, 70
2026/07/30 05:25:58.149, 302.59, 100, 74232, 70
2026/07/30 05:25:59.187, 304.39, 100, 74232, 69
2026/07/30 05:26:00.223, 297.21, 100, 74232, 70
2026/07/30 05:26:01.260, 299.87, 100, 74232, 70
2026/07/30 05:26:02.296, 303.25, 100, 74232, 70
2026/07/30 05:26:03.336, 302.19, 100, 74232, 70
2026/07/30 05:26:04.374, 303.37, 100, 74232, 69
2026/07/30 05:26:05.414, 289.16, 100, 74232, 69
2026/07/30 05:26:06.451, 298.99, 100, 74232, 69
2026/07/30 05:26:07.490, 301.88, 100, 74232, 69
2026/07/30 05:26:08.527, 297.12, 100, 74232, 69
2026/07/30 05:26:09.564, 296.85, 100, 74232, 69
2026/07/30 05:26:10.602, 294.13, 100, 74232, 69
2026/07/30 05:26:11.639, 302.38, 100, 74232, 69
2026/07/30 05:26:12.676, 293.84, 100, 74232, 69
2026/07/30 05:26:13.716, 291.22, 100, 74232, 69
2026/07/30 05:26:14.753, 302.89, 100, 74232, 69
2026/07/30 05:26:15.798, 295.88, 100, 74232, 69
2026/07/30 05:26:16.835, 296.47, 100, 74232, 69
2026/07/30 05:26:17.873, 291.40, 100, 74232, 69
2026/07/30 05:26:18.911, 295.21, 100, 74232, 69
2026/07/30 05:26:19.950, 294.71, 100, 74232, 69
2026/07/30 05:26:20.987, 302.54, 100, 74232, 69
2026/07/30 05:26:22.025, 294.03, 100, 74232, 69
2026/07/30 05:26:23.070, 294.92, 100, 74232, 69
2026/07/30 05:26:24.106, 295.49, 100, 74232, 69
2026/07/30 05:26:25.142, 300.14, 100, 74232, 69
2026/07/30 05:26:26.178, 293.93, 100, 74232, 69
2026/07/30 05:26:27.218, 297.14, 100, 74232, 69
2026/07/30 05:26:28.255, 296.26, 100, 74232, 69
2026/07/30 05:26:29.292, 296.17, 100, 74232, 69
2026/07/30 05:26:30.331, 297.71, 100, 74232, 69
2026/07/30 05:26:31.367, 293.56, 100, 74232, 69
2026/07/30 05:26:32.403, 303.16, 100, 74232, 69
2026/07/30 05:26:33.440, 301.47, 100, 74232, 69
2026/07/30 05:26:34.478, 301.70, 100, 74232, 69
2026/07/30 05:26:35.515, 291.78, 100, 74232, 69
2026/07/30 05:26:36.553, 291.01, 100, 74232, 69
2026/07/30 05:26:37.588, 297.04, 100, 74232, 69
2026/07/30 05:26:38.626, 296.17, 100, 74232, 69
2026/07/30 05:26:39.663, 291.40, 100, 74232, 69
2026/07/30 05:26:40.702, 306.76, 100, 74232, 69
2026/07/30 05:26:41.738, 300.74, 100, 74232, 69
2026/07/30 05:26:42.776, 295.59, 100, 74232, 69
2026/07/30 05:26:43.812, 303.26, 100, 74232, 69
2026/07/30 05:26:44.851, 303.64, 100, 74232, 69
2026/07/30 05:26:45.887, 298.51, 100, 74232, 69
2026/07/30 05:26:46.926, 300.71, 100, 74232, 69
2026/07/30 05:26:47.964, 297.30, 100, 74232, 69
2026/07/30 05:26:49.002, 296.60, 100, 74232, 69
2026/07/30 05:26:50.039, 307.16, 100, 74232, 69
2026/07/30 05:26:51.077, 300.72, 100, 74232, 69
2026/07/30 05:26:52.113, 302.57, 100, 74232, 69
2026/07/30 05:26:53.150, 303.57, 100, 74232, 69
2026/07/30 05:26:54.187, 302.87, 100, 74232, 69
2026/07/30 05:26:55.224, 303.54, 100, 74232, 69
2026/07/30 05:26:56.262, 301.20, 100, 74232, 69
2026/07/30 05:26:57.300, 295.03, 100, 74232, 69
2026/07/30 05:26:58.338, 295.00, 100, 74232, 69
2026/07/30 05:26:59.376, 296.06, 100, 74232, 69
2026/07/30 05:27:00.415, 301.98, 100, 74232, 70
2026/07/30 05:27:01.453, 302.90, 100, 74232, 70
2026/07/30 05:27:02.490, 299.79, 100, 74232, 70
2026/07/30 05:27:03.526, 298.21, 100, 74232, 70
2026/07/30 05:27:04.563, 302.17, 100, 74232, 70
2026/07/30 05:27:05.600, 293.72, 100, 74232, 70
2026/07/30 05:27:06.636, 296.77, 100, 74232, 70
2026/07/30 05:27:07.672, 296.75, 100, 74232, 70
2026/07/30 05:27:08.709, 299.17, 100, 74232, 70
2026/07/30 05:27:09.746, 301.42, 100, 74232, 70
2026/07/30 05:27:10.783, 300.64, 100, 74232, 70
2026/07/30 05:27:11.820, 302.77, 100, 74232, 70
2026/07/30 05:27:12.855, 304.13, 100, 74232, 70
2026/07/30 05:27:13.892, 303.45, 100, 74232, 70
2026/07/30 05:27:14.928, 304.20, 100, 74232, 70
2026/07/30 05:27:15.964, 301.87, 100, 74232, 70
2026/07/30 05:27:17.001, 302.88, 100, 74232, 70
2026/07/30 05:27:18.037, 302.27, 100, 74232, 70
2026/07/30 05:27:19.073, 297.74, 100, 74232, 70
2026/07/30 05:27:20.115, 298.70, 100, 74232, 70
2026/07/30 05:27:21.153, 297.62, 100, 74232, 70
2026/07/30 05:27:22.189, 300.16, 100, 74232, 70
2026/07/30 05:27:23.228, 297.13, 100, 74232, 70
2026/07/30 05:27:24.264, 295.86, 100, 74232, 70
2026/07/30 05:27:25.301, 296.26, 100, 74232, 70
2026/07/30 05:27:26.338, 292.48, 100, 74232, 70
2026/07/30 05:27:27.376, 296.82, 100, 74232, 70
2026/07/30 05:27:28.420, 295.29, 100, 74232, 70
2026/07/30 05:27:29.458, 297.24, 100, 74232, 70
2026/07/30 05:27:30.496, 302.98, 100, 74232, 70
2026/07/30 05:27:31.534, 303.17, 100, 74232, 70
2026/07/30 05:27:32.570, 300.44, 100, 74232, 70
2026/07/30 05:27:33.610, 302.49, 100, 74232, 70
2026/07/30 05:27:34.648, 303.03, 100, 74232, 70
2026/07/30 05:27:35.686, 303.16, 100, 74232, 70
2026/07/30 05:27:36.723, 303.77, 100, 74232, 70
2026/07/30 05:27:37.760, 304.58, 100, 74232, 70
2026/07/30 05:27:38.798, 304.53, 100, 74232, 70
2026/07/30 05:27:39.835, 296.91, 100, 74232, 70
2026/07/30 05:27:40.873, 299.68, 100, 74232, 70
2026/07/30 05:27:41.910, 298.97, 100, 74232, 70
2026/07/30 05:27:42.948, 303.08, 100, 74232, 70
2026/07/30 05:27:43.985, 304.32, 100, 74232, 70
2026/07/30 05:27:45.023, 304.82, 100, 74232, 70
2026/07/30 05:27:46.059, 305.01, 100, 74232, 70
2026/07/30 05:27:47.100, 297.71, 100, 74232, 70
2026/07/30 05:27:48.137, 294.05, 100, 74232, 70
2026/07/30 05:27:49.175, 302.75, 100, 74232, 70
2026/07/30 05:27:50.211, 300.85, 100, 74232, 70
2026/07/30 05:27:51.250, 303.45, 100, 74232, 70
2026/07/30 05:27:52.288, 299.86, 100, 74232, 70
2026/07/30 05:27:53.327, 301.40, 100, 74232, 70
2026/07/30 05:27:54.365, 293.46, 100, 74232, 70
2026/07/30 05:27:55.404, 296.56, 100, 74232, 70
2026/07/30 05:27:56.441, 297.16, 100, 74232, 70
2026/07/30 05:27:57.478, 291.13, 100, 74232, 70
2026/07/30 05:27:58.515, 297.92, 100, 74232, 70
2026/07/30 05:27:59.553, 291.99, 100, 74232, 70
2026/07/30 05:28:00.590, 295.30, 100, 74232, 70
2026/07/30 05:28:01.627, 293.55, 100, 74232, 70
2026/07/30 05:28:02.664, 295.57, 100, 74232, 70
2026/07/30 05:28:03.702, 296.86, 100, 74232, 70
2026/07/30 05:28:04.743, 296.07, 100, 74232, 70
2026/07/30 05:28:05.779, 297.55, 100, 74232, 70
2026/07/30 05:28:06.819, 292.18, 100, 74232, 70
2026/07/30 05:28:07.857, 304.11, 100, 74232, 70
2026/07/30 05:28:08.896, 293.15, 100, 74232, 70
2026/07/30 05:28:09.933, 296.26, 100, 74232, 70
2026/07/30 05:28:10.971, 297.44, 100, 74232, 70
2026/07/30 05:28:12.011, 295.88, 100, 74232, 70
2026/07/30 05:28:13.051, 296.94, 100, 74232, 70
2026/07/30 05:28:14.088, 296.54, 100, 74232, 70
2026/07/30 05:28:15.126, 298.27, 100, 74232, 70
2026/07/30 05:28:16.162, 291.96, 100, 74232, 70
2026/07/30 05:28:17.200, 295.51, 100, 74232, 70
2026/07/30 05:28:18.236, 295.88, 100, 74232, 70
2026/07/30 05:28:19.275, 302.68, 100, 74232, 70
2026/07/30 05:28:20.311, 300.42, 100, 74232, 70
2026/07/30 05:28:21.349, 303.60, 100, 74232, 70
2026/07/30 05:28:22.385, 303.52, 100, 74232, 70
2026/07/30 05:28:23.423, 304.93, 100, 74232, 70
2026/07/30 05:28:24.459, 297.45, 100, 74232, 70
2026/07/30 05:28:25.499, 301.56, 100, 74232, 70
2026/07/30 05:28:26.536, 294.98, 100, 74232, 70
2026/07/30 05:28:27.574, 295.29, 100, 74232, 70
2026/07/30 05:28:28.611, 296.13, 100, 74232, 70
2026/07/30 05:28:29.648, 297.90, 100, 74232, 70
2026/07/30 05:28:30.685, 292.68, 100, 74232, 70
2026/07/30 05:28:31.723, 302.68, 100, 74232, 70
2026/07/30 05:28:32.760, 298.81, 100, 74232, 70
2026/07/30 05:28:33.802, 296.86, 100, 74232, 70
2026/07/30 05:28:34.838, 295.76, 100, 74232, 70
2026/07/30 05:28:35.877, 296.45, 100, 74232, 70
2026/07/30 05:28:36.914, 301.03, 100, 74232, 70
2026/07/30 05:28:37.953, 296.94, 100, 74232, 70
2026/07/30 05:28:38.990, 297.24, 100, 74232, 70
2026/07/30 05:28:40.027, 293.02, 100, 74232, 70
2026/07/30 05:28:41.063, 297.33, 100, 74232, 69
2026/07/30 05:28:42.101, 293.26, 100, 74232, 69
2026/07/30 05:28:43.138, 294.24, 100, 74232, 69
2026/07/30 05:28:44.175, 296.37, 100, 74232, 70
2026/07/30 05:28:45.214, 299.00, 100, 74232, 69
2026/07/30 05:28:46.250, 296.25, 100, 74232, 69
2026/07/30 05:28:47.292, 297.03, 100, 74232, 69
2026/07/30 05:28:48.329, 302.45, 100, 74232, 69
2026/07/30 05:28:49.367, 306.16, 100, 74232, 69
2026/07/30 05:28:50.405, 294.23, 100, 74232, 69
2026/07/30 05:28:51.441, 307.14, 100, 74232, 69
2026/07/30 05:28:52.477, 293.24, 100, 74232, 69
2026/07/30 05:28:53.514, 300.88, 100, 74232, 69
2026/07/30 05:28:54.551, 298.27, 100, 74232, 69
2026/07/30 05:28:55.587, 295.28, 100, 74232, 69
2026/07/30 05:28:56.623, 302.56, 100, 74232, 69
2026/07/30 05:28:57.661, 297.14, 100, 74232, 69
2026/07/30 05:28:58.698, 303.17, 100, 74232, 69
2026/07/30 05:28:59.735, 304.52, 100, 74232, 69
2026/07/30 05:29:00.773, 300.54, 100, 74232, 69
2026/07/30 05:29:01.811, 300.40, 100, 74232, 69
2026/07/30 05:29:02.848, 300.73, 100, 74232, 69
2026/07/30 05:29:03.884, 301.52, 100, 74232, 69
2026/07/30 05:29:04.920, 298.69, 100, 74232, 69
2026/07/30 05:29:05.960, 302.69, 100, 74232, 69
2026/07/30 05:29:06.996, 295.59, 100, 74232, 69
2026/07/30 05:29:08.033, 303.64, 100, 74232, 69
2026/07/30 05:29:09.071, 296.34, 100, 74232, 69
2026/07/30 05:29:10.107, 292.87, 100, 74232, 69
2026/07/30 05:29:11.144, 297.11, 100, 74232, 69
2026/07/30 05:29:12.180, 296.53, 100, 74232, 69
2026/07/30 05:29:13.217, 296.85, 100, 74232, 69
2026/07/30 05:29:14.254, 292.37, 100, 74232, 69
2026/07/30 05:29:15.290, 297.41, 100, 74232, 69
2026/07/30 05:29:16.329, 294.25, 100, 74232, 69
2026/07/30 05:29:17.372, 297.15, 100, 74232, 69
2026/07/30 05:29:18.408, 299.36, 100, 74232, 69
2026/07/30 05:29:19.447, 296.65, 100, 74232, 69
2026/07/30 05:29:20.483, 299.67, 100, 74232, 69
2026/07/30 05:29:21.520, 302.84, 100, 74232, 70
2026/07/30 05:29:22.556, 295.89, 100, 74232, 69
2026/07/30 05:29:23.592, 302.85, 100, 74232, 70
2026/07/30 05:29:24.630, 296.07, 100, 74232, 69
2026/07/30 05:29:25.667, 295.40, 100, 74232, 69
2026/07/30 05:29:26.703, 297.11, 100, 74232, 69
2026/07/30 05:29:27.740, 296.74, 100, 74232, 69
2026/07/30 05:29:28.778, 296.65, 100, 74232, 69
2026/07/30 05:29:29.814, 297.51, 100, 74232, 69
2026/07/30 05:29:30.852, 299.06, 100, 74232, 69
2026/07/30 05:29:31.888, 297.15, 100, 74232, 69
2026/07/30 05:29:32.927, 300.06, 100, 74232, 69
2026/07/30 05:29:33.963, 293.74, 100, 74232, 69
2026/07/30 05:29:35.001, 302.26, 100, 74232, 70
2026/07/30 05:29:36.037, 302.68, 100, 74232, 70
2026/07/30 05:29:37.073, 303.23, 100, 74232, 70
2026/07/30 05:29:38.111, 296.28, 100, 74232, 70
2026/07/30 05:29:39.149, 296.56, 100, 74232, 69
2026/07/30 05:29:40.185, 303.57, 100, 74232, 69
2026/07/30 05:29:41.222, 301.48, 100, 74232, 70
2026/07/30 05:29:42.258, 301.41, 100, 74232, 70
2026/07/30 05:29:43.296, 92.74, 100, 74232, 67
2026/07/30 05:29:44.328, 303.14, 0, 74232, 70
2026/07/30 05:29:45.365, 304.13, 100, 74232, 70
2026/07/30 05:29:46.400, 289.69, 100, 74232, 71
2026/07/30 05:29:47.435, 305.87, 100, 74232, 71
2026/07/30 05:29:48.470, 298.90, 100, 74232, 70
2026/07/30 05:29:49.510, 308.48, 100, 74232, 71
2026/07/30 05:29:50.543, 317.97, 100, 74232, 71
2026/07/30 05:29:51.578, 302.49, 100, 74232, 69
2026/07/30 05:29:52.617, 300.26, 100, 74232, 69
2026/07/30 05:29:53.655, 302.70, 100, 74232, 69
2026/07/30 05:29:54.693, 303.13, 100, 74232, 69
2026/07/30 05:29:55.729, 300.05, 100, 74232, 69
2026/07/30 05:29:56.767, 301.41, 100, 74232, 69
2026/07/30 05:29:57.804, 302.68, 100, 74232, 69
2026/07/30 05:29:58.843, 303.75, 100, 74232, 69
2026/07/30 05:29:59.881, 300.73, 100, 74232, 70
2026/07/30 05:30:00.920, 301.71, 100, 74232, 70
2026/07/30 05:30:01.958, 303.46, 100, 74232, 70
2026/07/30 05:30:02.996, 300.04, 100, 74232, 70
2026/07/30 05:30:04.034, 300.24, 100, 74232, 70
2026/07/30 05:30:05.072, 302.84, 100, 74232, 70
2026/07/30 05:30:06.110, 304.30, 100, 74232, 70
2026/07/30 05:30:07.147, 299.57, 100, 74232, 70
2026/07/30 05:30:08.186, 300.44, 100, 74232, 70
2026/07/30 05:30:09.223, 297.14, 100, 74232, 70
2026/07/30 05:30:10.260, 295.67, 100, 74232, 70
2026/07/30 05:30:11.297, 297.23, 100, 74232, 70
2026/07/30 05:30:12.334, 300.44, 100, 74232, 70
2026/07/30 05:30:13.375, 297.61, 100, 74232, 70
2026/07/30 05:30:14.411, 299.29, 100, 74232, 70
2026/07/30 05:30:15.452, 298.39, 100, 74232, 70
2026/07/30 05:30:16.490, 301.63, 100, 74232, 70
2026/07/30 05:30:17.527, 292.86, 100, 74232, 70
2026/07/30 05:30:18.564, 295.00, 100, 74232, 70
2026/07/30 05:30:19.601, 296.83, 100, 74232, 70
2026/07/30 05:30:20.647, 296.67, 100, 74232, 70
2026/07/30 05:30:21.684, 292.59, 100, 74232, 70
2026/07/30 05:30:22.721, 296.25, 100, 74232, 70
2026/07/30 05:30:23.759, 295.30, 100, 74232, 69
2026/07/30 05:30:24.796, 297.05, 100, 74232, 69
2026/07/30 05:30:25.835, 294.32, 100, 74232, 70
2026/07/30 05:30:26.872, 299.67, 100, 74232, 70
2026/07/30 05:30:27.909, 303.02, 100, 74232, 70
2026/07/30 05:30:28.946, 296.38, 100, 74232, 70
2026/07/30 05:30:29.982, 294.14, 100, 74232, 70
2026/07/30 05:30:31.020, 293.26, 100, 74232, 70
2026/07/30 05:30:32.058, 295.69, 100, 74232, 70
2026/07/30 05:30:33.095, 303.09, 100, 74232, 70
2026/07/30 05:30:34.131, 302.41, 100, 74232, 70
2026/07/30 05:30:35.168, 301.33, 100, 74232, 70
2026/07/30 05:30:36.206, 303.35, 100, 74232, 70
2026/07/30 05:30:37.244, 303.24, 100, 74232, 70
2026/07/30 05:30:38.280, 299.64, 100, 74232, 70
2026/07/30 05:30:39.317, 301.31, 100, 74232, 70
2026/07/30 05:30:40.353, 301.74, 100, 74232, 70
2026/07/30 05:30:41.391, 303.94, 100, 74232, 70
2026/07/30 05:30:42.428, 300.07, 100, 74232, 70
2026/07/30 05:30:43.464, 303.04, 100, 74232, 70
2026/07/30 05:30:44.502, 302.35, 100, 74232, 70
2026/07/30 05:30:45.540, 304.30, 100, 74232, 70
2026/07/30 05:30:46.577, 300.74, 100, 74232, 70
2026/07/30 05:30:47.615, 300.71, 100, 74232, 70
2026/07/30 05:30:48.652, 302.20, 100, 74232, 70
2026/07/30 05:30:49.688, 304.14, 100, 74232, 70
2026/07/30 05:30:50.729, 298.11, 100, 74232, 70
2026/07/30 05:30:51.765, 294.03, 100, 74232, 70
2026/07/30 05:30:52.802, 302.58, 100, 74232, 70
2026/07/30 05:30:53.838, 303.55, 100, 74232, 70
2026/07/30 05:30:54.876, 296.37, 100, 74232, 70
2026/07/30 05:30:55.914, 293.47, 100, 74232, 70
2026/07/30 05:30:56.950, 295.50, 100, 74232, 69
2026/07/30 05:30:57.987, 298.68, 100, 74232, 69
2026/07/30 05:30:59.024, 303.44, 100, 74232, 70
2026/07/30 05:31:00.063, 300.72, 100, 74232, 70
2026/07/30 05:31:01.101, 300.23, 100, 74232, 70
2026/07/30 05:31:02.142, 295.09, 100, 74232, 69
2026/07/30 05:31:03.180, 303.73, 100, 74232, 69
2026/07/30 05:31:04.217, 303.38, 100, 74232, 69
2026/07/30 05:31:05.254, 297.59, 100, 74232, 69
2026/07/30 05:31:06.291, 295.78, 100, 74232, 69
2026/07/30 05:31:07.327, 296.56, 100, 74232, 69
2026/07/30 05:31:08.367, 296.19, 100, 74232, 69
2026/07/30 05:31:09.403, 299.56, 100, 74232, 69
2026/07/30 05:31:10.439, 302.49, 100, 74232, 69
2026/07/30 05:31:11.477, 303.06, 100, 74232, 69
2026/07/30 05:31:12.514, 303.76, 100, 74232, 69
2026/07/30 05:31:13.552, 300.64, 100, 74232, 69
2026/07/30 05:31:14.589, 298.02, 100, 74232, 69
2026/07/30 05:31:15.627, 295.97, 100, 74232, 69
2026/07/30 05:31:16.666, 298.92, 100, 74232, 69
2026/07/30 05:31:17.704, 297.67, 100, 74232, 70
2026/07/30 05:31:18.742, 301.91, 100, 74232, 70
2026/07/30 05:31:19.779, 302.36, 100, 74232, 70
2026/07/30 05:31:20.814, 302.40, 100, 74232, 70
2026/07/30 05:31:21.852, 303.77, 100, 74232, 70
2026/07/30 05:31:22.889, 288.86, 100, 74232, 70
2026/07/30 05:31:23.926, 295.79, 100, 74232, 70
2026/07/30 05:31:24.965, 302.97, 100, 74232, 70
2026/07/30 05:31:26.002, 303.91, 100, 74232, 70
2026/07/30 05:31:27.038, 298.99, 100, 74232, 70
2026/07/30 05:31:28.075, 299.47, 100, 74232, 70
2026/07/30 05:31:29.112, 302.26, 100, 74232, 70
2026/07/30 05:31:30.150, 303.74, 100, 74232, 70
2026/07/30 05:31:31.188, 296.46, 100, 74232, 70
2026/07/30 05:31:32.227, 300.23, 100, 74232, 70
2026/07/30 05:31:33.264, 295.30, 100, 74232, 70
2026/07/30 05:31:34.302, 298.13, 100, 74232, 70
2026/07/30 05:31:35.341, 300.34, 100, 74232, 70
2026/07/30 05:31:36.377, 306.46, 100, 74232, 70
2026/07/30 05:31:37.415, 301.20, 100, 74232, 70
2026/07/30 05:31:38.454, 300.84, 100, 74232, 70
2026/07/30 05:31:39.492, 303.75, 100, 74232, 70
2026/07/30 05:31:40.529, 296.92, 100, 74232, 70
2026/07/30 05:31:41.566, 296.46, 100, 74232, 69
2026/07/30 05:31:42.604, 293.15, 100, 74232, 69
2026/07/30 05:31:43.643, 294.71, 100, 74232, 70
2026/07/30 05:31:44.681, 301.24, 100, 74232, 69
2026/07/30 05:31:45.718, 296.86, 100, 74232, 69
2026/07/30 05:31:46.757, 297.63, 100, 74232, 69
2026/07/30 05:31:47.794, 291.51, 100, 74232, 69
2026/07/30 05:31:48.831, 302.09, 100, 74232, 70
2026/07/30 05:31:49.869, 296.57, 100, 74232, 69
2026/07/30 05:31:50.908, 293.84, 100, 74232, 70
2026/07/30 05:31:51.946, 297.05, 100, 74232, 70
2026/07/30 05:31:52.983, 303.27, 100, 74232, 70
2026/07/30 05:31:54.021, 303.71, 100, 74232, 70
2026/07/30 05:31:55.061, 304.23, 100, 74232, 70
2026/07/30 05:31:56.099, 296.95, 100, 74232, 70
2026/07/30 05:31:57.136, 298.98, 100, 74232, 70
2026/07/30 05:31:58.174, 301.90, 100, 74232, 70
2026/07/30 05:31:59.211, 303.27, 100, 74232, 70
2026/07/30 05:32:00.249, 304.24, 100, 74232, 70
2026/07/30 05:32:01.290, 304.43, 100, 74232, 70
2026/07/30 05:32:02.328, 299.74, 100, 74232, 70
2026/07/30 05:32:03.371, 300.83, 100, 74232, 70
2026/07/30 05:32:04.410, 296.16, 100, 74232, 70
2026/07/30 05:32:05.447, 295.11, 100, 74232, 70
2026/07/30 05:32:06.486, 296.48, 100, 74232, 70
2026/07/30 05:32:07.522, 302.80, 100, 74232, 70
2026/07/30 05:32:08.559, 297.36, 100, 74232, 70
2026/07/30 05:32:09.596, 293.36, 100, 74232, 70
2026/07/30 05:32:10.633, 295.67, 100, 74232, 70
2026/07/30 05:32:11.669, 301.48, 100, 74232, 70
2026/07/30 05:32:12.709, 296.17, 100, 74232, 70
2026/07/30 05:32:13.745, 297.33, 100, 74232, 70
2026/07/30 05:32:14.785, 303.36, 100, 74232, 70
2026/07/30 05:32:15.822, 292.37, 100, 74232, 70
2026/07/30 05:32:16.858, 298.41, 100, 74232, 70
2026/07/30 05:32:17.895, 300.84, 100, 74232, 70
2026/07/30 05:32:18.933, 302.65, 100, 74232, 70
2026/07/30 05:32:19.970, 304.14, 100, 74232, 70
2026/07/30 05:32:21.008, 296.85, 100, 74232, 70
2026/07/30 05:32:22.046, 300.05, 100, 74232, 70
2026/07/30 05:32:23.083, 302.48, 100, 74232, 70
2026/07/30 05:32:24.120, 292.57, 100, 74232, 70
2026/07/30 05:32:25.157, 303.64, 100, 74232, 70
2026/07/30 05:32:26.195, 304.20, 100, 74232, 70
2026/07/30 05:32:27.231, 291.82, 100, 74232, 70
2026/07/30 05:32:28.267, 303.87, 100, 74232, 70
2026/07/30 05:32:29.304, 296.37, 100, 74232, 70
2026/07/30 05:32:30.341, 294.61, 100, 74232, 69
2026/07/30 05:32:31.380, 295.39, 100, 74232, 70
2026/07/30 05:32:32.418, 303.27, 100, 74232, 70
2026/07/30 05:32:33.454, 304.41, 100, 74232, 70
2026/07/30 05:32:34.492, 297.82, 100, 74232, 70
2026/07/30 05:32:35.528, 303.76, 100, 74232, 70
2026/07/30 05:32:36.568, 301.60, 100, 74232, 70
2026/07/30 05:32:37.605, 303.52, 100, 74232, 69
2026/07/30 05:32:38.641, 301.32, 100, 74232, 70
2026/07/30 05:32:39.677, 302.94, 100, 74232, 69
2026/07/30 05:32:40.714, 303.73, 100, 74232, 69
2026/07/30 05:32:41.750, 304.13, 100, 74232, 69
2026/07/30 05:32:42.786, 302.90, 100, 74232, 69
2026/07/30 05:32:43.823, 302.20, 100, 74232, 69
2026/07/30 05:32:44.861, 295.98, 100, 74232, 69
2026/07/30 05:32:45.899, 294.61, 100, 74232, 69
2026/07/30 05:32:46.935, 296.07, 100, 74232, 69
2026/07/30 05:32:47.972, 296.56, 100, 74232, 69
2026/07/30 05:32:49.008, 297.24, 100, 74232, 69
2026/07/30 05:32:50.045, 300.85, 100, 74232, 69
2026/07/30 05:32:51.083, 293.75, 100, 74232, 69
2026/07/30 05:32:52.122, 297.32, 100, 74232, 69
2026/07/30 05:32:53.161, 298.61, 100, 74232, 69
2026/07/30 05:32:54.208, 299.48, 100, 74232, 69
2026/07/30 05:32:55.245, 303.72, 100, 74232, 69
2026/07/30 05:32:56.282, 303.76, 100, 74232, 69
2026/07/30 05:32:57.320, 300.41, 100, 74232, 69
2026/07/30 05:32:58.357, 301.12, 100, 74232, 69
2026/07/30 05:32:59.393, 298.31, 100, 74232, 69
2026/07/30 05:33:00.430, 295.89, 100, 74232, 69
2026/07/30 05:33:01.467, 308.01, 100, 74232, 69
2026/07/30 05:33:02.505, 300.26, 100, 74232, 69
2026/07/30 05:33:03.542, 296.56, 100, 74232, 69
2026/07/30 05:33:04.584, 302.08, 100, 74232, 69
2026/07/30 05:33:05.622, 300.46, 100, 74232, 69
2026/07/30 05:33:06.660, 302.69, 100, 74232, 69
2026/07/30 05:33:07.700, 303.43, 100, 74232, 69
2026/07/30 05:33:08.738, 302.96, 100, 74232, 69
2026/07/30 05:33:09.776, 304.62, 100, 74232, 69
2026/07/30 05:33:10.814, 294.09, 100, 74232, 69
2026/07/30 05:33:11.850, 291.60, 100, 74232, 69
2026/07/30 05:33:12.886, 295.77, 100, 74232, 69
2026/07/30 05:33:13.923, 297.05, 100, 74232, 69
2026/07/30 05:33:14.960, 296.68, 100, 74232, 69
2026/07/30 05:33:15.998, 302.79, 100, 74232, 69
2026/07/30 05:33:17.035, 302.98, 100, 74232, 69
2026/07/30 05:33:18.072, 299.95, 100, 74232, 69
2026/07/30 05:33:19.109, 298.55, 100, 74232, 69
2026/07/30 05:33:20.147, 301.23, 100, 74232, 69
2026/07/30 05:33:21.183, 302.97, 100, 74232, 69
2026/07/30 05:33:22.219, 296.56, 100, 74232, 69
2026/07/30 05:33:23.256, 293.16, 100, 74232, 69
2026/07/30 05:33:24.292, 297.43, 100, 74232, 69
2026/07/30 05:33:25.329, 296.75, 100, 74232, 69
2026/07/30 05:33:26.369, 296.79, 100, 74232, 69
2026/07/30 05:33:27.405, 294.91, 100, 74232, 69
2026/07/30 05:33:28.442, 295.67, 100, 74232, 69
2026/07/30 05:33:29.478, 295.99, 100, 74232, 69
2026/07/30 05:33:30.516, 301.80, 100, 74232, 69
2026/07/30 05:33:31.553, 303.63, 100, 74232, 69
2026/07/30 05:33:32.590, 300.95, 100, 74232, 69
2026/07/30 05:33:33.627, 298.01, 100, 74232, 69
2026/07/30 05:33:34.668, 302.57, 100, 74232, 70
2026/07/30 05:33:35.705, 300.52, 100, 74232, 70
2026/07/30 05:33:36.741, 301.80, 100, 74232, 70
2026/07/30 05:33:37.777, 299.57, 100, 74232, 70
2026/07/30 05:33:38.815, 303.46, 100, 74232, 70
2026/07/30 05:33:39.852, 300.54, 100, 74232, 70
2026/07/30 05:33:40.887, 303.15, 100, 74232, 69
2026/07/30 05:33:41.924, 298.60, 100, 74232, 69
2026/07/30 05:33:42.962, 296.58, 100, 74232, 69
2026/07/30 05:33:44.000, 297.04, 100, 74232, 69
2026/07/30 05:33:45.037, 296.66, 100, 74232, 69
2026/07/30 05:33:46.075, 293.08, 100, 74232, 69
2026/07/30 05:33:47.113, 294.90, 100, 74232, 69
2026/07/30 05:33:48.153, 302.88, 100, 74232, 69
2026/07/30 05:33:49.191, 301.89, 100, 74232, 69
2026/07/30 05:33:50.229, 302.84, 100, 74232, 69
2026/07/30 05:33:51.265, 302.98, 100, 74232, 69
2026/07/30 05:33:52.301, 303.52, 100, 74232, 69
2026/07/30 05:33:53.338, 304.44, 100, 74232, 69
2026/07/30 05:33:54.375, 298.59, 100, 74232, 69
2026/07/30 05:33:55.412, 301.22, 100, 74232, 69
2026/07/30 05:33:56.448, 299.65, 100, 74232, 69
2026/07/30 05:33:57.485, 299.97, 100, 74232, 69
2026/07/30 05:33:58.521, 302.65, 100, 74232, 69
2026/07/30 05:33:59.557, 301.02, 100, 74232, 69
2026/07/30 05:34:00.594, 302.16, 100, 74232, 69
2026/07/30 05:34:01.629, 303.73, 100, 74232, 69
2026/07/30 05:34:02.666, 299.44, 100, 74232, 69
2026/07/30 05:34:03.704, 301.54, 100, 74232, 69
2026/07/30 05:34:04.741, 294.02, 100, 74232, 69
2026/07/30 05:34:05.778, 291.89, 100, 74232, 69
2026/07/30 05:34:06.815, 294.04, 100, 74232, 69
2026/07/30 05:34:07.851, 296.07, 100, 74232, 69
2026/07/30 05:34:08.887, 303.17, 100, 74232, 69
2026/07/30 05:34:09.925, 307.51, 100, 74232, 69
2026/07/30 05:34:10.963, 303.94, 100, 74232, 69
2026/07/30 05:34:12.000, 304.99, 100, 74232, 69
2026/07/30 05:34:13.038, 293.55, 100, 74232, 69
2026/07/30 05:34:14.076, 290.94, 100, 74232, 69
2026/07/30 05:34:15.114, 293.46, 100, 74232, 69
2026/07/30 05:34:16.152, 302.98, 100, 74232, 69
2026/07/30 05:34:17.189, 301.79, 100, 74232, 69
2026/07/30 05:34:18.226, 302.58, 100, 74232, 69
2026/07/30 05:34:19.263, 303.79, 100, 74232, 69
2026/07/30 05:34:20.301, 303.27, 100, 74232, 69
2026/07/30 05:34:21.337, 297.32, 100, 74232, 69
2026/07/30 05:34:22.377, 303.71, 100, 74232, 69
2026/07/30 05:34:23.415, 298.48, 100, 74232, 69
2026/07/30 05:34:24.452, 296.47, 100, 74232, 69
2026/07/30 05:34:25.488, 296.39, 100, 74232, 69
2026/07/30 05:34:26.529, 300.50, 100, 74232, 69
2026/07/30 05:34:27.565, 296.56, 100, 74232, 69
2026/07/30 05:34:28.602, 293.35, 100, 74232, 69
2026/07/30 05:34:29.639, 295.30, 100, 74232, 69
2026/07/30 05:34:30.676, 293.95, 100, 74232, 69
2026/07/30 05:34:31.713, 295.09, 100, 74232, 69
2026/07/30 05:34:32.750, 296.07, 100, 74232, 69
2026/07/30 05:34:33.787, 300.51, 100, 74232, 69
2026/07/30 05:34:34.824, 300.62, 100, 74232, 69
2026/07/30 05:34:35.861, 296.07, 100, 74232, 69
2026/07/30 05:34:36.897, 297.06, 100, 74232, 69
2026/07/30 05:34:37.934, 303.66, 100, 74232, 69
2026/07/30 05:34:38.971, 303.82, 100, 74232, 69
2026/07/30 05:34:40.009, 304.29, 100, 74232, 69
2026/07/30 05:34:41.047, 303.37, 100, 74232, 69
2026/07/30 05:34:42.085, 304.44, 100, 74232, 69
2026/07/30 05:34:43.121, 298.79, 100, 74232, 69
2026/07/30 05:34:44.158, 303.71, 100, 74232, 69
2026/07/30 05:34:45.194, 92.81, 0, 74232, 66
2026/07/30 05:34:46.225, 92.98, 0, 74232, 65
2026/07/30 05:34:47.256, 91.50, 0, 74232, 64
2026/07/30 05:34:48.287, 90.25, 0, 74232, 64
2026/07/30 05:34:49.318, 90.11, 0, 74232, 63
2026/07/30 05:34:50.350, 89.84, 0, 74232, 63
2026/07/30 05:34:51.381, 89.75, 0, 74232, 62
2026/07/30 05:34:52.413, 322.20, 11, 74232, 66
2026/07/30 05:34:53.448, 304.78, 100, 74232, 67
2026/07/30 05:34:54.483, 283.31, 100, 74232, 67
2026/07/30 05:34:55.518, 301.91, 100, 74232, 68
2026/07/30 05:34:56.554, 299.28, 100, 74232, 68
2026/07/30 05:34:57.587, 304.29, 100, 74232, 68
2026/07/30 05:34:58.621, 302.88, 100, 74232, 68
2026/07/30 05:34:59.657, 301.82, 100, 74232, 67
2026/07/30 05:35:00.697, 306.57, 100, 74232, 67
2026/07/30 05:35:01.734, 308.95, 100, 74232, 67
2026/07/30 05:35:02.770, 298.07, 100, 74232, 67
2026/07/30 05:35:03.808, 302.47, 100, 74232, 67
2026/07/30 05:35:04.844, 299.39, 100, 74232, 67
2026/07/30 05:35:05.881, 298.21, 100, 74232, 67
2026/07/30 05:35:06.921, 298.20, 100, 74232, 67
2026/07/30 05:35:07.958, 294.22, 100, 74232, 68
2026/07/30 05:35:09.003, 297.90, 100, 74232, 68
2026/07/30 05:35:10.040, 298.57, 100, 74232, 68
2026/07/30 05:35:11.076, 301.28, 100, 74232, 68
2026/07/30 05:35:12.114, 294.52, 100, 74232, 68
2026/07/30 05:35:13.150, 297.92, 100, 74232, 68
2026/07/30 05:35:14.188, 300.62, 100, 74232, 68
2026/07/30 05:35:15.224, 301.02, 100, 74232, 68
2026/07/30 05:35:16.262, 298.89, 100, 74232, 68
2026/07/30 05:35:17.299, 298.70, 100, 74232, 68
2026/07/30 05:35:18.336, 301.41, 100, 74232, 68
2026/07/30 05:35:19.372, 296.67, 100, 74232, 69
2026/07/30 05:35:20.409, 297.13, 100, 74232, 69
2026/07/30 05:35:21.446, 300.23, 100, 74232, 69
2026/07/30 05:35:22.483, 302.57, 100, 74232, 69
2026/07/30 05:35:23.519, 302.26, 100, 74232, 69
2026/07/30 05:35:24.555, 299.35, 100, 74232, 69
2026/07/30 05:35:25.594, 301.10, 100, 74232, 69
2026/07/30 05:35:26.634, 301.58, 100, 74232, 69
2026/07/30 05:35:27.672, 303.08, 100, 74232, 69
2026/07/30 05:35:28.708, 299.93, 100, 74232, 69
2026/07/30 05:35:29.745, 294.43, 100, 74232, 69
2026/07/30 05:35:30.783, 295.89, 100, 74232, 69
2026/07/30 05:35:31.821, 294.81, 100, 74232, 69
2026/07/30 05:35:32.857, 293.84, 100, 74232, 69
2026/07/30 05:35:33.893, 294.12, 100, 74232, 69
2026/07/30 05:35:34.929, 300.73, 100, 74232, 69
2026/07/30 05:35:35.969, 291.90, 100, 74232, 69
2026/07/30 05:35:37.006, 302.45, 100, 74232, 69
2026/07/30 05:35:38.043, 301.67, 100, 74232, 69
2026/07/30 05:35:39.080, 302.57, 100, 74232, 69
2026/07/30 05:35:40.117, 303.16, 100, 74232, 69
2026/07/30 05:35:41.153, 299.10, 100, 74232, 69
2026/07/30 05:35:42.192, 302.48, 100, 74232, 69
2026/07/30 05:35:43.229, 303.16, 100, 74232, 69
2026/07/30 05:35:44.268, 303.90, 100, 74232, 69
2026/07/30 05:35:45.305, 300.62, 100, 74232, 69
2026/07/30 05:35:46.344, 302.59, 100, 74232, 69
2026/07/30 05:35:47.382, 302.98, 100, 74232, 69
2026/07/30 05:35:48.418, 302.94, 100, 74232, 69
2026/07/30 05:35:49.455, 301.09, 100, 74232, 69
2026/07/30 05:35:50.491, 300.90, 100, 74232, 69
2026/07/30 05:35:51.527, 300.52, 100, 74232, 69
2026/07/30 05:35:52.565, 303.07, 100, 74232, 69
2026/07/30 05:35:53.602, 303.61, 100, 74232, 69
2026/07/30 05:35:54.640, 300.64, 100, 74232, 69
2026/07/30 05:35:55.678, 302.48, 100, 74232, 69
2026/07/30 05:35:56.715, 298.89, 100, 74232, 69
2026/07/30 05:35:57.752, 302.86, 100, 74232, 69
2026/07/30 05:35:58.788, 300.63, 100, 74232, 69
2026/07/30 05:35:59.824, 302.47, 100, 74232, 69
2026/07/30 05:36:00.860, 302.08, 100, 74232, 69
2026/07/30 05:36:01.898, 307.05, 100, 74232, 69
2026/07/30 05:36:02.934, 301.40, 100, 74232, 69
2026/07/30 05:36:03.971, 294.22, 100, 74232, 69
2026/07/30 05:36:05.006, 303.16, 100, 74232, 69
2026/07/30 05:36:06.045, 298.67, 100, 74232, 69
2026/07/30 05:36:07.082, 298.01, 100, 74232, 69
2026/07/30 05:36:08.119, 298.01, 100, 74232, 69
2026/07/30 05:36:09.155, 296.64, 100, 74232, 69
2026/07/30 05:36:10.192, 294.43, 100, 74232, 69
2026/07/30 05:36:11.228, 291.40, 100, 74232, 69
2026/07/30 05:36:12.265, 293.93, 100, 74232, 69
2026/07/30 05:36:13.303, 292.76, 100, 74232, 69
2026/07/30 05:36:14.339, 302.20, 100, 74232, 69
2026/07/30 05:36:15.375, 300.81, 100, 74232, 69
2026/07/30 05:36:16.411, 303.50, 100, 74232, 69
2026/07/30 05:36:17.448, 303.82, 100, 74232, 69
2026/07/30 05:36:18.484, 300.76, 100, 74232, 69
2026/07/30 05:36:19.521, 297.54, 100, 74232, 69
2026/07/30 05:36:20.561, 302.37, 100, 74232, 69
2026/07/30 05:36:21.598, 296.26, 100, 74232, 69
2026/07/30 05:36:22.635, 301.44, 100, 74232, 69
2026/07/30 05:36:23.678, 294.61, 100, 74232, 69
2026/07/30 05:36:24.717, 294.03, 100, 74232, 69
2026/07/30 05:36:25.755, 295.68, 100, 74232, 69
2026/07/30 05:36:26.792, 293.37, 100, 74232, 69
2026/07/30 05:36:27.833, 302.19, 100, 74232, 69
2026/07/30 05:36:28.871, 292.55, 100, 74232, 69
2026/07/30 05:36:29.908, 296.35, 100, 74232, 69
2026/07/30 05:36:30.946, 303.06, 100, 74232, 69
2026/07/30 05:36:31.983, 305.64, 100, 74232, 69
2026/07/30 05:36:33.022, 297.63, 100, 74232, 69
2026/07/30 05:36:34.059, 304.89, 100, 74232, 69
2026/07/30 05:36:35.096, 303.17, 100, 74232, 69
2026/07/30 05:36:36.134, 303.56, 100, 74232, 69
2026/07/30 05:36:37.171, 301.14, 100, 74232, 69
2026/07/30 05:36:38.208, 297.12, 100, 74232, 69
2026/07/30 05:36:39.246, 302.87, 100, 74232, 69
2026/07/30 05:36:40.287, 303.54, 100, 74232, 69
2026/07/30 05:36:41.325, 296.46, 100, 74232, 69
2026/07/30 05:36:42.364, 294.91, 100, 74232, 69
2026/07/30 05:36:43.402, 302.30, 100, 74232, 69
2026/07/30 05:36:44.441, 296.26, 100, 74232, 69
2026/07/30 05:36:45.479, 296.47, 100, 74232, 69
2026/07/30 05:36:46.519, 301.09, 100, 74232, 70
2026/07/30 05:36:47.557, 301.90, 100, 74232, 69
2026/07/30 05:36:48.593, 301.32, 100, 74232, 69
2026/07/30 05:36:49.631, 302.85, 100, 74232, 70
2026/07/30 05:36:50.668, 304.44, 100, 74232, 70
2026/07/30 05:36:51.704, 290.99, 100, 74232, 69
2026/07/30 05:36:52.740, 295.39, 100, 74232, 69
2026/07/30 05:36:53.777, 304.35, 100, 74232, 70
2026/07/30 05:36:54.819, 303.95, 100, 74232, 70
2026/07/30 05:36:55.856, 299.75, 100, 74232, 70
2026/07/30 05:36:56.894, 302.10, 100, 74232, 70
2026/07/30 05:36:57.932, 301.67, 100, 74232, 70
2026/07/30 05:36:58.969, 299.47, 100, 74232, 69
2026/07/30 05:37:00.010, 293.15, 100, 74232, 70
2026/07/30 05:37:01.047, 304.12, 100, 74232, 70
2026/07/30 05:37:02.085, 299.40, 100, 74232, 70
2026/07/30 05:37:03.123, 303.28, 100, 74232, 70
2026/07/30 05:37:04.160, 303.46, 100, 74232, 70
2026/07/30 05:37:05.199, 291.90, 100, 74232, 69
2026/07/30 05:37:06.237, 297.06, 100, 74232, 69
2026/07/30 05:37:07.274, 293.75, 100, 74232, 69
2026/07/30 05:37:08.312, 301.93, 100, 74232, 70
2026/07/30 05:37:09.350, 300.82, 100, 74232, 70
2026/07/30 05:37:10.389, 302.79, 100, 74232, 70
2026/07/30 05:37:11.426, 295.97, 100, 74232, 69
2026/07/30 05:37:12.464, 296.85, 100, 74232, 69
2026/07/30 05:37:13.502, 290.75, 100, 74232, 69
2026/07/30 05:37:14.541, 298.77, 100, 74232, 70
2026/07/30 05:37:15.578, 303.20, 100, 74232, 70
2026/07/30 05:37:16.616, 302.66, 100, 74232, 70
2026/07/30 05:37:17.654, 296.18, 100, 74232, 69
2026/07/30 05:37:18.692, 296.55, 100, 74232, 69
2026/07/30 05:37:19.730, 300.83, 100, 74232, 69
2026/07/30 05:37:20.766, 302.41, 100, 74232, 69
2026/07/30 05:37:21.804, 302.27, 100, 74232, 69
2026/07/30 05:37:22.842, 302.87, 100, 74232, 69
2026/07/30 05:37:23.879, 300.61, 100, 74232, 69
2026/07/30 05:37:24.915, 297.64, 100, 74232, 69
2026/07/30 05:37:25.952, 301.42, 100, 74232, 69
2026/07/30 05:37:26.988, 302.57, 100, 74232, 69
2026/07/30 05:37:28.025, 299.57, 100, 74232, 69
2026/07/30 05:37:29.062, 297.53, 100, 74232, 69
2026/07/30 05:37:30.098, 297.13, 100, 74232, 69
2026/07/30 05:37:31.142, 295.88, 100, 74232, 69
2026/07/30 05:37:32.180, 296.47, 100, 74232, 69
2026/07/30 05:37:33.218, 296.17, 100, 74232, 69
2026/07/30 05:37:34.256, 296.06, 100, 74232, 69
2026/07/30 05:37:35.294, 301.77, 100, 74232, 69
2026/07/30 05:37:36.335, 294.81, 100, 74232, 69
2026/07/30 05:37:37.374, 301.56, 100, 74232, 69
2026/07/30 05:37:38.410, 302.68, 100, 74232, 69
2026/07/30 05:37:39.448, 297.25, 100, 74232, 69
2026/07/30 05:37:40.486, 298.80, 100, 74232, 69
2026/07/30 05:37:41.524, 303.44, 100, 74232, 69
2026/07/30 05:37:42.561, 300.05, 100, 74232, 69
2026/07/30 05:37:43.600, 301.03, 100, 74232, 69
2026/07/30 05:37:44.638, 296.37, 100, 74232, 69
2026/07/30 05:37:45.676, 295.08, 100, 74232, 69
2026/07/30 05:37:46.714, 296.07, 100, 74232, 69
2026/07/30 05:37:47.752, 291.70, 100, 74232, 69
2026/07/30 05:37:48.790, 296.46, 100, 74232, 69
2026/07/30 05:37:49.827, 292.95, 100, 74232, 69
2026/07/30 05:37:50.866, 294.14, 100, 74232, 69
2026/07/30 05:37:51.903, 301.01, 100, 74232, 69
2026/07/30 05:37:52.940, 302.10, 100, 74232, 69
2026/07/30 05:37:53.977, 303.24, 100, 74232, 69
2026/07/30 05:37:55.014, 303.70, 100, 74232, 69
2026/07/30 05:37:56.051, 303.56, 100, 74232, 69
2026/07/30 05:37:57.088, 300.43, 100, 74232, 69
2026/07/30 05:37:58.125, 293.92, 100, 74232, 69
2026/07/30 05:37:59.160, 302.00, 100, 74232, 69
2026/07/30 05:38:00.198, 301.23, 100, 74232, 69
2026/07/30 05:38:01.234, 303.77, 100, 74232, 69
2026/07/30 05:38:02.272, 296.95, 100, 74232, 69
2026/07/30 05:38:03.309, 304.30, 100, 74232, 69
2026/07/30 05:38:04.349, 299.76, 100, 74232, 69
2026/07/30 05:38:05.386, 300.35, 100, 74232, 69
2026/07/30 05:38:06.427, 297.05, 100, 74232, 69
2026/07/30 05:38:07.465, 303.56, 100, 74232, 69
2026/07/30 05:38:08.502, 296.95, 100, 74232, 69
2026/07/30 05:38:09.545, 295.97, 100, 74232, 69
2026/07/30 05:38:10.582, 297.60, 100, 74232, 69
2026/07/30 05:38:11.619, 303.63, 100, 74232, 69
2026/07/30 05:38:12.658, 299.66, 100, 74232, 69
2026/07/30 05:38:13.695, 301.80, 100, 74232, 69
2026/07/30 05:38:14.736, 297.52, 100, 74232, 69
2026/07/30 05:38:15.773, 295.89, 100, 74232, 69
2026/07/30 05:38:16.814, 296.95, 100, 74232, 69
2026/07/30 05:38:17.851, 302.67, 100, 74232, 70
2026/07/30 05:38:18.888, 303.93, 100, 74232, 69
2026/07/30 05:38:19.926, 294.04, 100, 74232, 69
2026/07/30 05:38:20.963, 298.98, 100, 74232, 69
2026/07/30 05:38:22.000, 294.02, 100, 74232, 69
2026/07/30 05:38:23.038, 302.26, 100, 74232, 69
2026/07/30 05:38:24.075, 303.86, 100, 74232, 69
2026/07/30 05:38:25.113, 297.04, 100, 74232, 69
2026/07/30 05:38:26.150, 303.46, 100, 74232, 69
2026/07/30 05:38:27.188, 299.57, 100, 74232, 69
2026/07/30 05:38:28.227, 288.77, 100, 74232, 69
2026/07/30 05:38:29.264, 298.20, 100, 74232, 69
2026/07/30 05:38:30.313, 295.87, 100, 74232, 69
2026/07/30 05:38:31.353, 295.57, 100, 74232, 69
2026/07/30 05:38:32.393, 296.84, 100, 74232, 69
2026/07/30 05:38:33.431, 291.25, 100, 74232, 69
2026/07/30 05:38:34.469, 297.15, 100, 74232, 69
2026/07/30 05:38:35.507, 292.95, 100, 74232, 69
2026/07/30 05:38:36.545, 294.90, 100, 74232, 69
2026/07/30 05:38:37.582, 296.44, 100, 74232, 70
2026/07/30 05:38:38.623, 295.87, 100, 74232, 70
2026/07/30 05:38:39.660, 296.84, 100, 74232, 70
2026/07/30 05:38:40.698, 295.49, 100, 74232, 70
2026/07/30 05:38:41.735, 296.38, 100, 74232, 70
2026/07/30 05:38:42.773, 303.25, 100, 74232, 70
2026/07/30 05:38:43.810, 301.04, 100, 74232, 70
2026/07/30 05:38:44.847, 294.31, 100, 74232, 70
2026/07/30 05:38:45.884, 306.18, 100, 74232, 70
2026/07/30 05:38:46.921, 303.66, 100, 74232, 70
2026/07/30 05:38:47.957, 303.45, 100, 74232, 70
2026/07/30 05:38:48.993, 304.52, 100, 74232, 70
2026/07/30 05:38:50.030, 301.62, 100, 74232, 70
2026/07/30 05:38:51.066, 298.90, 100, 74232, 70
2026/07/30 05:38:52.103, 297.73, 100, 74232, 70
2026/07/30 05:38:53.143, 291.02, 100, 74232, 70
2026/07/30 05:38:54.182, 299.15, 100, 74232, 70
2026/07/30 05:38:55.218, 299.77, 100, 74232, 70
2026/07/30 05:38:56.256, 300.15, 100, 74232, 70
2026/07/30 05:38:57.293, 303.45, 100, 74232, 70
2026/07/30 05:38:58.332, 293.44, 100, 74232, 70
2026/07/30 05:38:59.371, 297.13, 100, 74232, 70
2026/07/30 05:39:00.408, 297.51, 100, 74232, 70
2026/07/30 05:39:01.445, 297.05, 100, 74232, 70
2026/07/30 05:39:02.482, 297.53, 100, 74232, 70
2026/07/30 05:39:03.520, 294.04, 100, 74232, 70
2026/07/30 05:39:04.556, 297.73, 100, 74232, 70
2026/07/30 05:39:05.594, 293.63, 100, 74232, 70
2026/07/30 05:39:06.631, 296.74, 100, 74232, 70
2026/07/30 05:39:07.669, 295.29, 100, 74232, 70
2026/07/30 05:39:08.706, 296.26, 100, 74232, 70
2026/07/30 05:39:09.746, 291.50, 100, 74232, 70
2026/07/30 05:39:10.783, 295.20, 100, 74232, 70
2026/07/30 05:39:11.823, 296.17, 100, 74232, 70
2026/07/30 05:39:12.859, 297.23, 100, 74232, 70
2026/07/30 05:39:13.898, 297.82, 100, 74232, 70
2026/07/30 05:39:14.936, 297.13, 100, 74232, 70
2026/07/30 05:39:15.974, 297.71, 100, 74232, 70
2026/07/30 05:39:17.012, 292.29, 100, 74232, 70
2026/07/30 05:39:18.049, 304.89, 100, 74232, 70
2026/07/30 05:39:19.086, 299.28, 100, 74232, 70
2026/07/30 05:39:20.123, 296.63, 100, 74232, 70
2026/07/30 05:39:21.161, 296.26, 100, 74232, 70
2026/07/30 05:39:22.198, 300.93, 100, 74232, 70
2026/07/30 05:39:23.235, 303.64, 100, 74232, 70
2026/07/30 05:39:24.271, 297.11, 100, 74232, 70
2026/07/30 05:39:25.308, 291.32, 100, 74232, 69
2026/07/30 05:39:26.345, 296.37, 100, 74232, 69
2026/07/30 05:39:27.383, 299.27, 100, 74232, 70
2026/07/30 05:39:28.421, 296.54, 100, 74232, 69
2026/07/30 05:39:29.461, 292.69, 100, 74232, 69
2026/07/30 05:39:30.498, 297.53, 100, 74232, 69
2026/07/30 05:39:31.535, 296.25, 100, 74232, 69
2026/07/30 05:39:32.573, 298.20, 100, 74232, 69
2026/07/30 05:39:33.615, 293.14, 100, 74232, 69
2026/07/30 05:39:34.655, 303.12, 100, 74232, 69
2026/07/30 05:39:35.693, 299.15, 100, 74232, 69
2026/07/30 05:39:36.736, 302.20, 100, 74232, 69
2026/07/30 05:39:37.774, 301.77, 100, 74232, 69
2026/07/30 05:39:38.811, 302.56, 100, 74232, 69
2026/07/30 05:39:39.849, 303.23, 100, 74232, 69
2026/07/30 05:39:40.886, 303.07, 100, 74232, 69
2026/07/30 05:39:41.924, 304.02, 100, 74232, 69
2026/07/30 05:39:42.961, 303.66, 100, 74232, 69
2026/07/30 05:39:43.999, 299.58, 100, 74232, 69
2026/07/30 05:39:45.036, 303.86, 100, 74232, 69
2026/07/30 05:39:46.073, 298.13, 100, 74232, 69
2026/07/30 05:39:47.110, 293.82, 100, 74232, 69
2026/07/30 05:39:48.148, 291.88, 100, 74232, 69
2026/07/30 05:39:49.185, 290.33, 100, 74232, 69
2026/07/30 05:39:50.227, 294.89, 100, 74232, 69
2026/07/30 05:39:51.264, 294.20, 100, 74232, 69
2026/07/30 05:39:52.304, 294.80, 100, 74232, 69
2026/07/30 05:39:53.342, 306.77, 100, 74232, 71
2026/07/30 05:39:54.381, 300.43, 100, 74232, 71
2026/07/30 05:39:55.417, 298.78, 100, 74232, 71
2026/07/30 05:39:56.455, 308.62, 100, 74232, 71
2026/07/30 05:39:57.488, 274.02, 100, 74232, 71
2026/07/30 05:39:58.523, 294.60, 100, 74232, 71
2026/07/30 05:39:59.558, 307.10, 100, 74232, 71
2026/07/30 05:40:00.594, 300.63, 100, 74232, 69
2026/07/30 05:40:01.631, 301.03, 100, 74232, 69
2026/07/30 05:40:02.669, 301.03, 100, 74232, 69
2026/07/30 05:40:03.705, 299.36, 100, 74232, 70
2026/07/30 05:40:04.741, 302.88, 100, 74232, 69
2026/07/30 05:40:05.777, 292.38, 100, 74232, 70
2026/07/30 05:40:06.814, 288.59, 100, 74232, 70
2026/07/30 05:40:07.852, 295.66, 100, 74232, 70
2026/07/30 05:40:08.889, 296.94, 100, 74232, 70
2026/07/30 05:40:09.926, 303.46, 100, 74232, 70
2026/07/30 05:40:10.963, 301.39, 100, 74232, 70
2026/07/30 05:40:12.000, 302.21, 100, 74232, 70
2026/07/30 05:40:13.040, 298.30, 100, 74232, 70
2026/07/30 05:40:14.077, 305.59, 100, 74232, 70
2026/07/30 05:40:15.116, 305.90, 100, 74232, 70
2026/07/30 05:40:16.153, 302.01, 100, 74232, 70
2026/07/30 05:40:17.191, 303.75, 100, 74232, 70
2026/07/30 05:40:18.227, 294.84, 100, 74232, 70
2026/07/30 05:40:19.266, 297.00, 100, 74232, 70
2026/07/30 05:40:20.303, 294.02, 100, 74232, 70
2026/07/30 05:40:21.340, 297.04, 100, 74232, 70
2026/07/30 05:40:22.379, 303.22, 100, 74232, 70
2026/07/30 05:40:23.416, 292.38, 100, 74232, 70
2026/07/30 05:40:24.453, 294.79, 100, 74232, 70
2026/07/30 05:40:25.490, 302.08, 100, 74232, 70
2026/07/30 05:40:26.529, 299.68, 100, 74232, 70
2026/07/30 05:40:27.565, 295.69, 100, 74232, 70
2026/07/30 05:40:28.604, 302.63, 100, 74232, 70
2026/07/30 05:40:29.641, 302.29, 100, 74232, 70
2026/07/30 05:40:30.678, 303.65, 100, 74232, 70
2026/07/30 05:40:31.714, 299.48, 100, 74232, 70
2026/07/30 05:40:32.751, 299.67, 100, 74232, 70
2026/07/30 05:40:33.787, 302.10, 100, 74232, 70
2026/07/30 05:40:34.824, 303.85, 100, 74232, 70
2026/07/30 05:40:35.860, 303.55, 100, 74232, 70
2026/07/30 05:40:36.899, 300.30, 100, 74232, 70
2026/07/30 05:40:37.936, 302.97, 100, 74232, 70
2026/07/30 05:40:38.973, 302.64, 100, 74232, 70
2026/07/30 05:40:40.009, 304.14, 100, 74232, 70
2026/07/30 05:40:41.046, 299.57, 100, 74232, 70
2026/07/30 05:40:42.081, 302.55, 100, 74232, 70
2026/07/30 05:40:43.119, 303.42, 100, 74232, 70
2026/07/30 05:40:44.154, 299.48, 100, 74232, 70
2026/07/30 05:40:45.190, 301.97, 100, 74232, 70
2026/07/30 05:40:46.226, 301.51, 100, 74232, 70
2026/07/30 05:40:47.264, 296.26, 100, 74232, 70
2026/07/30 05:40:48.307, 295.01, 100, 74232, 70
2026/07/30 05:40:49.342, 295.49, 100, 74232, 70
2026/07/30 05:40:50.383, 299.28, 100, 74232, 70
2026/07/30 05:40:51.419, 298.21, 100, 74232, 70
2026/07/30 05:40:52.462, 302.40, 100, 74232, 70
2026/07/30 05:40:53.500, 302.38, 100, 74232, 70
2026/07/30 05:40:54.536, 292.47, 100, 74232, 69
2026/07/30 05:40:55.575, 293.83, 100, 74232, 69
2026/07/30 05:40:56.611, 298.57, 100, 74232, 70
2026/07/30 05:40:57.648, 302.09, 100, 74232, 69
2026/07/30 05:40:58.685, 302.47, 100, 74232, 69
2026/07/30 05:40:59.721, 303.24, 100, 74232, 69
2026/07/30 05:41:00.758, 299.46, 100, 74232, 69
2026/07/30 05:41:01.797, 302.84, 100, 74232, 69
2026/07/30 05:41:02.835, 303.63, 100, 74232, 69
2026/07/30 05:41:03.873, 295.98, 100, 74232, 69
2026/07/30 05:41:04.910, 297.52, 100, 74232, 69
2026/07/30 05:41:05.945, 301.87, 100, 74232, 69
2026/07/30 05:41:06.980, 301.91, 100, 74232, 69
2026/07/30 05:41:08.023, 302.84, 100, 74232, 69
2026/07/30 05:41:09.059, 291.80, 100, 74232, 69
2026/07/30 05:41:10.095, 298.40, 100, 74232, 69
2026/07/30 05:41:11.132, 298.32, 100, 74232, 69
2026/07/30 05:41:12.169, 303.26, 100, 74232, 69
2026/07/30 05:41:13.207, 302.98, 100, 74232, 69
2026/07/30 05:41:14.244, 290.14, 100, 74232, 69
2026/07/30 05:41:15.281, 295.49, 100, 74232, 69
2026/07/30 05:41:16.323, 296.66, 100, 74232, 69
2026/07/30 05:41:17.360, 299.55, 100, 74232, 69
2026/07/30 05:41:18.398, 300.62, 100, 74232, 69
2026/07/30 05:41:19.435, 302.77, 100, 74232, 69
2026/07/30 05:41:20.472, 295.10, 100, 74232, 69
2026/07/30 05:41:21.513, 297.03, 100, 74232, 69
2026/07/30 05:41:22.550, 301.71, 100, 74232, 69
2026/07/30 05:41:23.586, 299.84, 100, 74232, 69
2026/07/30 05:41:24.622, 301.21, 100, 74232, 69
2026/07/30 05:41:25.659, 302.80, 100, 74232, 69
2026/07/30 05:41:26.696, 292.96, 100, 74232, 69
2026/07/30 05:41:27.733, 291.20, 100, 74232, 69
2026/07/30 05:41:28.770, 295.39, 100, 74232, 69
2026/07/30 05:41:29.806, 295.78, 100, 74232, 69
2026/07/30 05:41:30.843, 303.04, 100, 74232, 69
2026/07/30 05:41:31.880, 299.48, 100, 74232, 69
2026/07/30 05:41:32.915, 295.88, 100, 74232, 69
2026/07/30 05:41:33.953, 299.65, 100, 74232, 69
2026/07/30 05:41:34.991, 299.39, 100, 74232, 69
2026/07/30 05:41:36.029, 298.70, 100, 74232, 69
2026/07/30 05:41:37.066, 298.81, 100, 74232, 69
2026/07/30 05:41:38.104, 294.61, 100, 74232, 69
2026/07/30 05:41:39.142, 292.87, 100, 74232, 69
2026/07/30 05:41:40.180, 303.70, 100, 74232, 70
2026/07/30 05:41:41.218, 306.58, 100, 74232, 69
2026/07/30 05:41:42.256, 298.21, 100, 74232, 70
2026/07/30 05:41:43.294, 303.44, 100, 74232, 70
2026/07/30 05:41:44.331, 303.67, 100, 74232, 70
2026/07/30 05:41:45.370, 297.20, 100, 74232, 70
2026/07/30 05:41:46.410, 302.70, 100, 74232, 70
2026/07/30 05:41:47.447, 294.02, 100, 74232, 70
2026/07/30 05:41:48.484, 295.50, 100, 74232, 70
2026/07/30 05:41:49.522, 296.95, 100, 74232, 70
2026/07/30 05:41:50.560, 297.05, 100, 74232, 70
2026/07/30 05:41:51.597, 294.33, 100, 74232, 70
2026/07/30 05:41:52.635, 295.97, 100, 74232, 70
2026/07/30 05:41:53.672, 305.97, 100, 74232, 70
2026/07/30 05:41:54.709, 297.14, 100, 74232, 70
2026/07/30 05:41:55.746, 293.46, 100, 74232, 70
2026/07/30 05:41:56.784, 296.96, 100, 74232, 70
2026/07/30 05:41:57.823, 296.95, 100, 74232, 70
2026/07/30 05:41:58.860, 296.94, 100, 74232, 70
2026/07/30 05:41:59.903, 294.43, 100, 74232, 70
2026/07/30 05:42:00.942, 301.29, 100, 74232, 70
2026/07/30 05:42:01.979, 304.07, 100, 74232, 70
2026/07/30 05:42:03.016, 302.95, 100, 74232, 70
2026/07/30 05:42:04.056, 296.78, 100, 74232, 70
2026/07/30 05:42:05.094, 289.26, 100, 74232, 70
2026/07/30 05:42:06.132, 295.57, 100, 74232, 70
2026/07/30 05:42:07.171, 294.91, 100, 74232, 70
2026/07/30 05:42:08.207, 302.08, 100, 74232, 70
2026/07/30 05:42:09.245, 304.13, 100, 74232, 70
2026/07/30 05:42:10.283, 292.66, 100, 74232, 70
2026/07/30 05:42:11.323, 304.05, 100, 74232, 70
2026/07/30 05:42:12.360, 294.42, 100, 74232, 70
2026/07/30 05:42:13.397, 301.70, 100, 74232, 70
2026/07/30 05:42:14.434, 305.99, 100, 74232, 70
2026/07/30 05:42:15.472, 303.72, 100, 74232, 70
2026/07/30 05:42:16.510, 308.32, 100, 74232, 70
2026/07/30 05:42:17.547, 304.25, 100, 74232, 70
2026/07/30 05:42:18.586, 297.85, 100, 74232, 70
2026/07/30 05:42:19.624, 302.24, 100, 74232, 70
2026/07/30 05:42:20.663, 300.72, 100, 74232, 70
2026/07/30 05:42:21.700, 302.55, 100, 74232, 70
2026/07/30 05:42:22.738, 303.76, 100, 74232, 70
2026/07/30 05:42:23.776, 303.75, 100, 74232, 70
2026/07/30 05:42:24.813, 300.04, 100, 74232, 70
2026/07/30 05:42:25.851, 295.77, 100, 74232, 70
2026/07/30 05:42:26.887, 297.82, 100, 74232, 70
2026/07/30 05:42:27.928, 296.56, 100, 74232, 70
2026/07/30 05:42:28.965, 297.04, 100, 74232, 70
2026/07/30 05:42:30.002, 297.62, 100, 74232, 70
2026/07/30 05:42:31.040, 297.14, 100, 74232, 70
2026/07/30 05:42:32.078, 299.00, 100, 74232, 70
2026/07/30 05:42:33.116, 294.52, 100, 74232, 70
2026/07/30 05:42:34.153, 292.30, 100, 74232, 70
2026/07/30 05:42:35.193, 295.10, 100, 74232, 70
2026/07/30 05:42:36.232, 293.64, 100, 74232, 70
2026/07/30 05:42:37.270, 295.98, 100, 74232, 70
2026/07/30 05:42:38.313, 296.95, 100, 74232, 70
2026/07/30 05:42:39.351, 296.94, 100, 74232, 70
2026/07/30 05:42:40.389, 304.48, 100, 74232, 70
2026/07/30 05:42:41.428, 298.89, 100, 74232, 70
2026/07/30 05:42:42.465, 301.54, 100, 74232, 70
2026/07/30 05:42:43.503, 301.34, 100, 74232, 70
2026/07/30 05:42:44.540, 303.26, 100, 74232, 70
2026/07/30 05:42:45.578, 304.62, 100, 74232, 70
2026/07/30 05:42:46.615, 303.70, 100, 74232, 70
2026/07/30 05:42:47.653, 304.15, 100, 74232, 70
2026/07/30 05:42:48.691, 299.17, 100, 74232, 70
2026/07/30 05:42:49.729, 304.73, 100, 74232, 70
2026/07/30 05:42:50.767, 299.77, 100, 74232, 70
2026/07/30 05:42:51.805, 302.48, 100, 74232, 70
2026/07/30 05:42:52.842, 294.20, 100, 74232, 70
2026/07/30 05:42:53.880, 302.76, 100, 74232, 70
2026/07/30 05:42:54.917, 297.60, 100, 74232, 70
2026/07/30 05:42:55.955, 299.00, 100, 74232, 70
2026/07/30 05:42:56.992, 301.15, 100, 74232, 70
2026/07/30 05:42:58.030, 296.06, 100, 74232, 70
2026/07/30 05:42:59.067, 297.20, 100, 74232, 70
2026/07/30 05:43:00.106, 295.99, 100, 74232, 70
2026/07/30 05:43:01.143, 296.96, 100, 74232, 70
2026/07/30 05:43:02.180, 294.20, 100, 74232, 70
2026/07/30 05:43:03.218, 295.39, 100, 74232, 70
2026/07/30 05:43:04.254, 302.84, 100, 74232, 70
2026/07/30 05:43:05.292, 304.24, 100, 74232, 70
2026/07/30 05:43:06.332, 298.43, 100, 74232, 70
2026/07/30 05:43:07.370, 299.00, 100, 74232, 70
2026/07/30 05:43:08.409, 291.01, 100, 74232, 70
2026/07/30 05:43:09.448, 295.87, 100, 74232, 70
2026/07/30 05:43:10.485, 301.90, 100, 74232, 70
2026/07/30 05:43:11.524, 302.58, 100, 74232, 70
2026/07/30 05:43:12.561, 303.43, 100, 74232, 70
2026/07/30 05:43:13.600, 293.75, 100, 74232, 70
2026/07/30 05:43:14.638, 299.69, 100, 74232, 70
2026/07/30 05:43:15.677, 294.03, 100, 74232, 70
2026/07/30 05:43:16.715, 296.66, 100, 74232, 70
2026/07/30 05:43:17.752, 306.18, 100, 74232, 70
2026/07/30 05:43:18.791, 297.81, 100, 74232, 70
2026/07/30 05:43:19.828, 303.64, 100, 74232, 70
2026/07/30 05:43:20.865, 304.15, 100, 74232, 70
2026/07/30 05:43:21.903, 296.34, 100, 74232, 70
2026/07/30 05:43:22.943, 294.43, 100, 74232, 70
2026/07/30 05:43:23.982, 294.22, 100, 74232, 70
2026/07/30 05:43:25.022, 301.01, 100, 74232, 70
2026/07/30 05:43:26.061, 302.65, 100, 74232, 70
2026/07/30 05:43:27.097, 304.34, 100, 74232, 70
2026/07/30 05:43:28.135, 304.79, 100, 74232, 70
2026/07/30 05:43:29.172, 299.27, 100, 74232, 70
2026/07/30 05:43:30.210, 297.24, 100, 74232, 70
2026/07/30 05:43:31.248, 294.02, 100, 74232, 70
2026/07/30 05:43:32.285, 295.01, 100, 74232, 70
2026/07/30 05:43:33.322, 297.62, 100, 74232, 70
2026/07/30 05:43:34.359, 295.89, 100, 74232, 70
2026/07/30 05:43:35.398, 297.03, 100, 74232, 70
2026/07/30 05:43:36.436, 291.79, 100, 74232, 70
2026/07/30 05:43:37.474, 297.24, 100, 74232, 70
2026/07/30 05:43:38.515, 292.49, 100, 74232, 70
2026/07/30 05:43:39.553, 293.95, 100, 74232, 70
2026/07/30 05:43:40.591, 293.25, 100, 74232, 70
2026/07/30 05:43:41.629, 303.69, 100, 74232, 70
2026/07/30 05:43:42.669, 301.31, 100, 74232, 70
2026/07/30 05:43:43.708, 299.06, 100, 74232, 70
2026/07/30 05:43:44.745, 304.34, 100, 74232, 70
2026/07/30 05:43:45.782, 300.92, 100, 74232, 70
2026/07/30 05:43:46.820, 303.35, 100, 74232, 70
2026/07/30 05:43:47.856, 300.74, 100, 74232, 70
2026/07/30 05:43:48.895, 297.94, 100, 74232, 70
2026/07/30 05:43:49.933, 304.69, 100, 74232, 70
2026/07/30 05:43:50.970, 299.09, 100, 74232, 70
2026/07/30 05:43:52.008, 301.79, 100, 74232, 70
2026/07/30 05:43:53.050, 301.68, 100, 74232, 70
2026/07/30 05:43:54.088, 302.60, 100, 74232, 70
2026/07/30 05:43:55.126, 304.27, 100, 74232, 70
2026/07/30 05:43:56.166, 304.29, 100, 74232, 70
2026/07/30 05:43:57.202, 297.33, 100, 74232, 70
2026/07/30 05:43:58.239, 305.47, 100, 74232, 70
2026/07/30 05:43:59.276, 300.55, 100, 74232, 70
2026/07/30 05:44:00.315, 306.25, 100, 74232, 70
2026/07/30 05:44:01.353, 298.78, 100, 74232, 70
2026/07/30 05:44:02.394, 298.69, 100, 74232, 70
2026/07/30 05:44:03.434, 297.51, 100, 74232, 70
2026/07/30 05:44:04.471, 292.85, 100, 74232, 70
2026/07/30 05:44:05.509, 293.36, 100, 74232, 70
2026/07/30 05:44:06.548, 296.94, 100, 74232, 70
2026/07/30 05:44:07.585, 303.95, 100, 74232, 70
2026/07/30 05:44:08.622, 301.15, 100, 74232, 70
2026/07/30 05:44:09.659, 298.81, 100, 74232, 70
2026/07/30 05:44:10.696, 301.02, 100, 74232, 70
2026/07/30 05:44:11.733, 302.86, 100, 74232, 70
2026/07/30 05:44:12.770, 307.30, 100, 74232, 70
2026/07/30 05:44:13.810, 297.24, 100, 74232, 70
2026/07/30 05:44:14.847, 293.26, 100, 74232, 70
2026/07/30 05:44:15.885, 300.15, 100, 74232, 70
2026/07/30 05:44:16.922, 293.74, 100, 74232, 70
2026/07/30 05:44:17.959, 302.78, 100, 74232, 70
2026/07/30 05:44:18.997, 298.61, 100, 74232, 70
2026/07/30 05:44:20.035, 294.43, 100, 74232, 70
2026/07/30 05:44:21.073, 297.74, 100, 74232, 70
2026/07/30 05:44:22.110, 298.49, 100, 74232, 70
2026/07/30 05:44:23.154, 292.38, 100, 74232, 70
2026/07/30 05:44:24.191, 295.29, 100, 74232, 70
2026/07/30 05:44:25.228, 296.06, 100, 74232, 70
2026/07/30 05:44:26.268, 296.26, 100, 74232, 70
2026/07/30 05:44:27.305, 303.27, 100, 74232, 70
2026/07/30 05:44:28.345, 304.24, 100, 74232, 70
2026/07/30 05:44:29.383, 304.36, 100, 74232, 70
2026/07/30 05:44:30.420, 296.96, 100, 74232, 70
2026/07/30 05:44:31.458, 297.05, 100, 74232, 70
2026/07/30 05:44:32.495, 292.67, 100, 74232, 70
2026/07/30 05:44:33.533, 298.49, 100, 74232, 70
2026/07/30 05:44:34.575, 298.58, 100, 74232, 70
2026/07/30 05:44:35.615, 299.08, 100, 74232, 70
2026/07/30 05:44:36.651, 302.40, 100, 74232, 70
2026/07/30 05:44:37.693, 301.91, 100, 74232, 70
2026/07/30 05:44:38.731, 303.05, 100, 74232, 70
2026/07/30 05:44:39.769, 304.33, 100, 74232, 70
2026/07/30 05:44:40.808, 296.08, 100, 74232, 70
2026/07/30 05:44:41.845, 296.85, 100, 74232, 70
2026/07/30 05:44:42.887, 298.00, 100, 74232, 70
2026/07/30 05:44:43.925, 303.86, 100, 74232, 70
2026/07/30 05:44:44.962, 304.44, 100, 74232, 70
2026/07/30 05:44:46.000, 295.09, 100, 74232, 70
2026/07/30 05:44:47.039, 307.42, 100, 74232, 70
2026/07/30 05:44:48.076, 305.07, 100, 74232, 70
2026/07/30 05:44:49.115, 299.85, 100, 74232, 70
2026/07/30 05:44:50.154, 305.38, 100, 74232, 70
2026/07/30 05:44:51.191, 300.14, 100, 74232, 70
2026/07/30 05:44:52.228, 301.02, 100, 74232, 70
2026/07/30 05:44:53.266, 94.72, 0, 74232, 66
2026/07/30 05:44:54.298, 294.33, 100, 74232, 71
2026/07/30 05:44:55.333, 294.38, 100, 74232, 71
2026/07/30 05:44:56.366, 299.24, 100, 74232, 71
2026/07/30 05:44:57.402, 284.49, 100, 74232, 71
2026/07/30 05:44:58.439, 306.39, 100, 74232, 71
2026/07/30 05:44:59.474, 271.27, 100, 74232, 71
2026/07/30 05:45:00.509, 316.93, 100, 74232, 71
2026/07/30 05:45:01.545, 305.50, 100, 74232, 69
2026/07/30 05:45:02.582, 298.50, 100, 74232, 69
2026/07/30 05:45:03.620, 303.13, 100, 74232, 69
2026/07/30 05:45:04.657, 293.56, 100, 74232, 69
2026/07/30 05:45:05.696, 293.34, 100, 74232, 70
2026/07/30 05:45:06.735, 295.78, 100, 74232, 70
2026/07/30 05:45:07.772, 296.86, 100, 74232, 70
2026/07/30 05:45:08.811, 311.09, 100, 74232, 70
2026/07/30 05:45:09.848, 302.15, 100, 74232, 70
2026/07/30 05:45:10.885, 297.91, 100, 74232, 70
2026/07/30 05:45:11.922, 297.32, 100, 74232, 70
2026/07/30 05:45:12.962, 294.23, 100, 74232, 70
2026/07/30 05:45:14.000, 293.94, 100, 74232, 70
2026/07/30 05:45:15.039, 297.23, 100, 74232, 70
2026/07/30 05:45:16.077, 296.28, 100, 74232, 70
2026/07/30 05:45:17.122, 295.88, 100, 74232, 70
2026/07/30 05:45:18.159, 296.57, 100, 74232, 70
2026/07/30 05:45:19.199, 299.76, 100, 74232, 70
2026/07/30 05:45:20.237, 297.52, 100, 74232, 70
2026/07/30 05:45:21.275, 303.04, 100, 74232, 70
2026/07/30 05:45:22.312, 297.63, 100, 74232, 70
2026/07/30 05:45:23.350, 298.30, 100, 74232, 70
2026/07/30 05:45:24.389, 296.76, 100, 74232, 70
2026/07/30 05:45:25.427, 301.52, 100, 74232, 70
2026/07/30 05:45:26.466, 303.72, 100, 74232, 70
2026/07/30 05:45:27.503, 293.18, 100, 74232, 70
2026/07/30 05:45:28.544, 294.70, 100, 74232, 70
2026/07/30 05:45:29.581, 295.88, 100, 74232, 70
2026/07/30 05:45:30.619, 304.35, 100, 74232, 70
2026/07/30 05:45:31.656, 303.28, 100, 74232, 70
2026/07/30 05:45:32.693, 295.49, 100, 74232, 70
2026/07/30 05:45:33.739, 303.17, 100, 74232, 70
2026/07/30 05:45:34.776, 295.48, 100, 74232, 70
2026/07/30 05:45:35.815, 300.44, 100, 74232, 70
2026/07/30 05:45:36.853, 295.30, 100, 74232, 70
2026/07/30 05:45:37.889, 302.30, 100, 74232, 70
2026/07/30 05:45:38.927, 301.22, 100, 74232, 70
2026/07/30 05:45:39.964, 291.97, 100, 74232, 70
2026/07/30 05:45:41.002, 299.76, 100, 74232, 70
2026/07/30 05:45:42.042, 295.28, 100, 74232, 69
2026/07/30 05:45:43.080, 296.46, 100, 74232, 69
2026/07/30 05:45:44.117, 299.57, 100, 74232, 69
2026/07/30 05:45:45.156, 295.66, 100, 74232, 69
2026/07/30 05:45:46.193, 296.54, 100, 74232, 69
2026/07/30 05:45:47.233, 289.28, 100, 74232, 69
2026/07/30 05:45:48.271, 293.06, 100, 74232, 69
2026/07/30 05:45:49.312, 298.48, 100, 74232, 69
2026/07/30 05:45:50.351, 304.19, 100, 74232, 69
2026/07/30 05:45:51.391, 303.76, 100, 74232, 69
2026/07/30 05:45:52.429, 291.79, 100, 74232, 69
2026/07/30 05:45:53.468, 299.86, 100, 74232, 69
2026/07/30 05:45:54.506, 303.51, 100, 74232, 69
2026/07/30 05:45:55.543, 297.26, 100, 74232, 69
2026/07/30 05:45:56.581, 299.66, 100, 74232, 69
2026/07/30 05:45:57.617, 294.22, 100, 74232, 69
2026/07/30 05:45:58.656, 294.07, 100, 74232, 70
2026/07/30 05:45:59.693, 296.65, 100, 74232, 70
2026/07/30 05:46:00.730, 300.34, 100, 74232, 70
2026/07/30 05:46:01.767, 294.72, 100, 74232, 70
2026/07/30 05:46:02.804, 295.30, 100, 74232, 70
2026/07/30 05:46:03.842, 296.46, 100, 74232, 70
2026/07/30 05:46:04.881, 303.52, 100, 74232, 70
2026/07/30 05:46:05.919, 297.13, 100, 74232, 70
2026/07/30 05:46:06.957, 302.79, 100, 74232, 70
2026/07/30 05:46:07.995, 302.16, 100, 74232, 70
2026/07/30 05:46:09.032, 303.45, 100, 74232, 70
2026/07/30 05:46:10.069, 300.85, 100, 74232, 70
2026/07/30 05:46:11.107, 302.46, 100, 74232, 70
2026/07/30 05:46:12.144, 299.47, 100, 74232, 70
2026/07/30 05:46:13.187, 303.52, 100, 74232, 70
2026/07/30 05:46:14.224, 296.95, 100, 74232, 70
2026/07/30 05:46:15.262, 294.73, 100, 74232, 70
2026/07/30 05:46:16.300, 295.80, 100, 74232, 70
2026/07/30 05:46:17.337, 302.50, 100, 74232, 70
2026/07/30 05:46:18.375, 303.46, 100, 74232, 70
2026/07/30 05:46:19.414, 300.72, 100, 74232, 70
2026/07/30 05:46:20.453, 303.26, 100, 74232, 70
2026/07/30 05:46:21.490, 303.52, 100, 74232, 70
2026/07/30 05:46:22.528, 307.54, 100, 74232, 70
2026/07/30 05:46:23.566, 298.68, 100, 74232, 70
2026/07/30 05:46:24.603, 302.45, 100, 74232, 70
2026/07/30 05:46:25.642, 297.05, 100, 74232, 70
2026/07/30 05:46:26.680, 300.92, 100, 74232, 70
2026/07/30 05:46:27.726, 301.61, 100, 74232, 70
2026/07/30 05:46:28.765, 299.45, 100, 74232, 70
2026/07/30 05:46:29.803, 303.28, 100, 74232, 70
2026/07/30 05:46:30.840, 303.28, 100, 74232, 70
2026/07/30 05:46:31.879, 293.76, 100, 74232, 70
2026/07/30 05:46:32.921, 295.50, 100, 74232, 70
2026/07/30 05:46:33.960, 304.15, 100, 74232, 70
2026/07/30 05:46:34.996, 296.85, 100, 74232, 70
2026/07/30 05:46:36.032, 292.68, 100, 74232, 70
2026/07/30 05:46:37.071, 295.39, 100, 74232, 70
2026/07/30 05:46:38.109, 292.31, 100, 74232, 70
2026/07/30 05:46:39.146, 296.96, 100, 74232, 70
2026/07/30 05:46:40.190, 293.33, 100, 74232, 70
2026/07/30 05:46:41.227, 298.85, 100, 74232, 70
2026/07/30 05:46:42.264, 297.43, 100, 74232, 70
2026/07/30 05:46:43.302, 303.53, 100, 74232, 70
2026/07/30 05:46:44.339, 297.05, 100, 74232, 70
2026/07/30 05:46:45.377, 293.24, 100, 74232, 70
2026/07/30 05:46:46.416, 297.62, 100, 74232, 70
2026/07/30 05:46:47.454, 303.04, 100, 74232, 70
2026/07/30 05:46:48.492, 300.80, 100, 74232, 70
2026/07/30 05:46:49.530, 299.19, 100, 74232, 70
2026/07/30 05:46:50.568, 297.71, 100, 74232, 70
2026/07/30 05:46:51.606, 294.62, 100, 74232, 70
2026/07/30 05:46:52.644, 296.77, 100, 74232, 70
2026/07/30 05:46:53.682, 291.71, 100, 74232, 70
2026/07/30 05:46:54.720, 305.77, 100, 74232, 70
2026/07/30 05:46:55.757, 301.24, 100, 74232, 70
2026/07/30 05:46:56.797, 303.75, 100, 74232, 70
2026/07/30 05:46:57.835, 289.46, 100, 74232, 70
2026/07/30 05:46:58.873, 296.75, 100, 74232, 70
2026/07/30 05:46:59.910, 294.03, 100, 74232, 70
2026/07/30 05:47:00.948, 294.71, 100, 74232, 70
2026/07/30 05:47:01.986, 300.53, 100, 74232, 70
2026/07/30 05:47:03.024, 303.23, 100, 74232, 70
2026/07/30 05:47:04.062, 303.64, 100, 74232, 70
2026/07/30 05:47:05.100, 304.43, 100, 74232, 70
2026/07/30 05:47:06.137, 301.51, 100, 74232, 70
2026/07/30 05:47:07.174, 296.38, 100, 74232, 70
2026/07/30 05:47:08.212, 295.49, 100, 74232, 70
2026/07/30 05:47:09.251, 303.65, 100, 74232, 70
2026/07/30 05:47:10.289, 293.57, 100, 74232, 70
2026/07/30 05:47:11.326, 297.30, 100, 74232, 70
2026/07/30 05:47:12.364, 294.42, 100, 74232, 70
2026/07/30 05:47:13.404, 301.36, 100, 74232, 70
2026/07/30 05:47:14.441, 294.82, 100, 74232, 70
2026/07/30 05:47:15.479, 296.25, 100, 74232, 70
2026/07/30 05:47:16.522, 292.28, 100, 74232, 70
2026/07/30 05:47:17.560, 304.11, 100, 74232, 70
2026/07/30 05:47:18.597, 300.62, 100, 74232, 70
2026/07/30 05:47:19.637, 302.64, 100, 74232, 70
2026/07/30 05:47:20.675, 298.20, 100, 74232, 70
2026/07/30 05:47:21.716, 292.39, 100, 74232, 70
2026/07/30 05:47:22.755, 293.25, 100, 74232, 70
2026/07/30 05:47:23.792, 303.18, 100, 74232, 70
2026/07/30 05:47:24.831, 300.57, 100, 74232, 70
2026/07/30 05:47:25.869, 302.10, 100, 74232, 70
2026/07/30 05:47:26.907, 303.73, 100, 74232, 70
2026/07/30 05:47:27.944, 296.56, 100, 74232, 70
2026/07/30 05:47:28.983, 304.29, 100, 74232, 70
2026/07/30 05:47:30.023, 295.23, 100, 74232, 70
2026/07/30 05:47:31.065, 294.71, 100, 74232, 70
2026/07/30 05:47:32.103, 297.21, 100, 74232, 70
2026/07/30 05:47:33.149, 297.05, 100, 74232, 70
2026/07/30 05:47:34.191, 296.64, 100, 74232, 70
2026/07/30 05:47:35.230, 295.78, 100, 74232, 70
2026/07/30 05:47:36.268, 295.70, 100, 74232, 69
2026/07/30 05:47:37.306, 294.11, 100, 74232, 69
2026/07/30 05:47:38.343, 302.96, 100, 74232, 69
2026/07/30 05:47:39.384, 303.86, 100, 74232, 70
2026/07/30 05:47:40.424, 296.05, 100, 74232, 69
2026/07/30 05:47:41.461, 296.65, 100, 74232, 69
2026/07/30 05:47:42.500, 297.53, 100, 74232, 70
2026/07/30 05:47:43.537, 299.27, 100, 74232, 70
2026/07/30 05:47:44.574, 302.57, 100, 74232, 70
2026/07/30 05:47:45.611, 300.73, 100, 74232, 70
2026/07/30 05:47:46.649, 296.77, 100, 74232, 69
2026/07/30 05:47:47.686, 299.95, 100, 74232, 70
2026/07/30 05:47:48.724, 294.22, 100, 74232, 69
2026/07/30 05:47:49.760, 295.96, 100, 74232, 70
2026/07/30 05:47:50.797, 304.96, 100, 74232, 70
2026/07/30 05:47:51.836, 303.03, 100, 74232, 70
2026/07/30 05:47:52.877, 305.07, 100, 74232, 69
2026/07/30 05:47:53.914, 297.43, 100, 74232, 70
2026/07/30 05:47:54.952, 294.03, 100, 74232, 69
2026/07/30 05:47:55.990, 295.66, 100, 74232, 69
2026/07/30 05:47:57.032, 302.07, 100, 74232, 70
2026/07/30 05:47:58.069, 303.55, 100, 74232, 70
2026/07/30 05:47:59.107, 300.18, 100, 74232, 70
2026/07/30 05:48:00.145, 304.21, 100, 74232, 70
2026/07/30 05:48:01.186, 305.48, 100, 74232, 70
2026/07/30 05:48:02.226, 298.08, 100, 74232, 70
2026/07/30 05:48:03.264, 301.23, 100, 74232, 70
2026/07/30 05:48:04.303, 303.04, 100, 74232, 70
2026/07/30 05:48:05.339, 304.23, 100, 74232, 70
2026/07/30 05:48:06.377, 297.51, 100, 74232, 69
2026/07/30 05:48:07.414, 296.35, 100, 74232, 70
2026/07/30 05:48:08.451, 292.18, 100, 74232, 69
2026/07/30 05:48:09.489, 294.90, 100, 74232, 70
2026/07/30 05:48:10.526, 300.25, 100, 74232, 70
2026/07/30 05:48:11.564, 292.09, 100, 74232, 69
2026/07/30 05:48:12.604, 293.45, 100, 74232, 70
2026/07/30 05:48:13.643, 302.48, 100, 74232, 70
2026/07/30 05:48:14.680, 303.56, 100, 74232, 70
2026/07/30 05:48:15.717, 304.08, 100, 74232, 70
2026/07/30 05:48:16.755, 303.87, 100, 74232, 70
2026/07/30 05:48:17.791, 301.34, 100, 74232, 70
2026/07/30 05:48:18.828, 301.70, 100, 74232, 70
2026/07/30 05:48:19.866, 300.64, 100, 74232, 70
2026/07/30 05:48:20.904, 295.38, 100, 74232, 69
2026/07/30 05:48:21.941, 303.08, 100, 74232, 70
2026/07/30 05:48:22.979, 304.51, 100, 74232, 69
2026/07/30 05:48:24.016, 297.16, 100, 74232, 69
2026/07/30 05:48:25.060, 293.43, 100, 74232, 70
2026/07/30 05:48:26.098, 295.78, 100, 74232, 69
2026/07/30 05:48:27.136, 294.79, 100, 74232, 69
2026/07/30 05:48:28.173, 295.40, 100, 74232, 70
2026/07/30 05:48:29.209, 303.16, 100, 74232, 70
2026/07/30 05:48:30.246, 302.84, 100, 74232, 70
2026/07/30 05:48:31.282, 300.95, 100, 74232, 69
2026/07/30 05:48:32.320, 294.03, 100, 74232, 69
2026/07/30 05:48:33.357, 299.80, 100, 74232, 69
2026/07/30 05:48:34.395, 291.61, 100, 74232, 69
2026/07/30 05:48:35.435, 295.69, 100, 74232, 69
2026/07/30 05:48:36.472, 296.08, 100, 74232, 69
2026/07/30 05:48:37.510, 296.24, 100, 74232, 69
2026/07/30 05:48:38.548, 306.51, 100, 74232, 69
2026/07/30 05:48:39.589, 302.17, 100, 74232, 69
2026/07/30 05:48:40.626, 299.64, 100, 74232, 69
2026/07/30 05:48:41.664, 302.10, 100, 74232, 69
2026/07/30 05:48:42.704, 303.25, 100, 74232, 69
2026/07/30 05:48:43.741, 302.35, 100, 74232, 69
2026/07/30 05:48:44.779, 303.36, 100, 74232, 69
2026/07/30 05:48:45.816, 302.98, 100, 74232, 69
2026/07/30 05:48:46.855, 303.45, 100, 74232, 69
2026/07/30 05:48:47.893, 298.88, 100, 74232, 69
2026/07/30 05:48:48.930, 301.13, 100, 74232, 69
2026/07/30 05:48:49.968, 296.08, 100, 74232, 69
2026/07/30 05:48:51.007, 298.76, 100, 74232, 69
2026/07/30 05:48:52.044, 303.26, 100, 74232, 69
2026/07/30 05:48:53.082, 303.67, 100, 74232, 69
2026/07/30 05:48:54.120, 303.36, 100, 74232, 69
2026/07/30 05:48:55.157, 303.67, 100, 74232, 69
2026/07/30 05:48:56.195, 299.55, 100, 74232, 69
2026/07/30 05:48:57.233, 305.27, 100, 74232, 69
2026/07/30 05:48:58.270, 299.74, 100, 74232, 70
2026/07/30 05:48:59.308, 301.79, 100, 74232, 69
2026/07/30 05:49:00.345, 300.89, 100, 74232, 70
2026/07/30 05:49:01.384, 301.60, 100, 74232, 70
2026/07/30 05:49:02.424, 303.41, 100, 74232, 70
2026/07/30 05:49:03.461, 295.57, 100, 74232, 69
2026/07/30 05:49:04.500, 295.49, 100, 74232, 69
2026/07/30 05:49:05.537, 300.32, 100, 74232, 70
2026/07/30 05:49:06.574, 296.06, 100, 74232, 70
2026/07/30 05:49:07.610, 304.02, 100, 74232, 70
2026/07/30 05:49:08.648, 306.35, 100, 74232, 70
2026/07/30 05:49:09.686, 301.48, 100, 74232, 70
2026/07/30 05:49:10.724, 288.78, 100, 74232, 70
2026/07/30 05:49:11.762, 294.54, 100, 74232, 70
2026/07/30 05:49:12.800, 299.58, 100, 74232, 70
2026/07/30 05:49:13.838, 294.80, 100, 74232, 70
2026/07/30 05:49:14.876, 295.88, 100, 74232, 70
2026/07/30 05:49:15.913, 292.97, 100, 74232, 70
2026/07/30 05:49:16.953, 295.55, 100, 74232, 70
2026/07/30 05:49:17.992, 297.12, 100, 74232, 70
2026/07/30 05:49:19.031, 293.45, 100, 74232, 70
2026/07/30 05:49:20.069, 304.22, 100, 74232, 70
2026/07/30 05:49:21.106, 304.62, 100, 74232, 70
2026/07/30 05:49:22.145, 304.78, 100, 74232, 70
2026/07/30 05:49:23.183, 304.03, 100, 74232, 70
2026/07/30 05:49:24.220, 305.37, 100, 74232, 70
2026/07/30 05:49:25.258, 299.58, 100, 74232, 70
2026/07/30 05:49:26.294, 297.78, 100, 74232, 70
2026/07/30 05:49:27.332, 302.16, 100, 74232, 70
2026/07/30 05:49:28.371, 302.47, 100, 74232, 70
2026/07/30 05:49:29.409, 300.98, 100, 74232, 70
2026/07/30 05:49:30.447, 294.81, 100, 74232, 70
2026/07/30 05:49:31.486, 303.24, 100, 74232, 70
2026/07/30 05:49:32.523, 303.61, 100, 74232, 70
2026/07/30 05:49:33.564, 303.33, 100, 74232, 70
2026/07/30 05:49:34.601, 300.22, 100, 74232, 69
2026/07/30 05:49:35.639, 301.22, 100, 74232, 70
2026/07/30 05:49:36.677, 304.03, 100, 74232, 70
2026/07/30 05:49:37.715, 304.22, 100, 74232, 69
2026/07/30 05:49:38.755, 303.72, 100, 74232, 69
2026/07/30 05:49:39.792, 303.71, 100, 74232, 69
2026/07/30 05:49:40.829, 299.81, 100, 74232, 69
2026/07/30 05:49:41.866, 293.92, 100, 74232, 69
2026/07/30 05:49:42.908, 300.13, 100, 74232, 69
2026/07/30 05:49:43.946, 301.02, 100, 74232, 69
2026/07/30 05:49:44.983, 299.54, 100, 74232, 69
2026/07/30 05:49:46.020, 296.94, 100, 74232, 69
2026/07/30 05:49:47.057, 306.67, 100, 74232, 69
2026/07/30 05:49:48.094, 307.35, 100, 74232, 69
2026/07/30 05:49:49.135, 305.02, 100, 74232, 69
2026/07/30 05:49:50.173, 296.54, 100, 74232, 69
2026/07/30 05:49:51.211, 296.45, 100, 74232, 69
2026/07/30 05:49:52.250, 293.14, 100, 74232, 69
2026/07/30 05:49:53.287, 296.63, 100, 74232, 69
2026/07/30 05:49:54.325, 94.50, 0, 74232, 66
2026/07/30 05:49:55.355, 92.46, 0, 74232, 65
2026/07/30 05:49:56.387, 91.66, 0, 74232, 64
2026/07/30 05:49:57.419, 91.44, 0, 74232, 64
2026/07/30 05:49:58.450, 91.25, 0, 74232, 63
2026/07/30 05:49:59.481, 90.40, 0, 74232, 63
2026/07/30 05:50:00.513, 89.85, 0, 74232, 62
2026/07/30 05:50:01.545, 89.10, 0, 74232, 62
2026/07/30 05:50:02.576, 88.70, 0, 74232, 61
2026/07/30 05:50:03.608, 87.35, 0, 74232, 61
2026/07/30 05:50:04.643, 87.33, 0, 74232, 60
2026/07/30 05:50:05.675, 86.54, 0, 74232, 60
2026/07/30 05:50:06.708, 85.80, 0, 74232, 60
2026/07/30 05:50:07.739, 85.64, 0, 74232, 59
2026/07/30 05:50:08.771, 85.52, 0, 74232, 59
2026/07/30 05:50:09.805, 85.29, 0, 74232, 59
2026/07/30 05:50:10.835, 260.23, 100, 74232, 64
2026/07/30 05:50:11.871, 303.49, 100, 74232, 64
2026/07/30 05:50:12.907, 281.79, 100, 74232, 65
2026/07/30 05:50:13.946, 314.20, 100, 74232, 65
2026/07/30 05:50:14.984, 308.58, 100, 74232, 65
2026/07/30 05:50:16.021, 319.32, 100, 74232, 65
2026/07/30 05:50:17.062, 302.39, 100, 74232, 64
2026/07/30 05:50:18.101, 294.71, 100, 74232, 64
2026/07/30 05:50:19.139, 298.66, 100, 74232, 64
2026/07/30 05:50:20.177, 299.48, 100, 74232, 64
2026/07/30 05:50:21.215, 300.12, 100, 74232, 65
2026/07/30 05:50:22.253, 298.21, 100, 74232, 65
2026/07/30 05:50:23.292, 299.29, 100, 74232, 65
2026/07/30 05:50:24.329, 300.64, 100, 74232, 65
2026/07/30 05:50:25.366, 294.01, 100, 74232, 65
2026/07/30 05:50:26.403, 301.66, 100, 74232, 66
2026/07/30 05:50:27.440, 301.10, 100, 74232, 66
2026/07/30 05:50:28.477, 301.04, 100, 74232, 66
2026/07/30 05:50:29.514, 305.30, 100, 74232, 66
2026/07/30 05:50:30.551, 299.46, 100, 74232, 66
2026/07/30 05:50:31.588, 302.29, 100, 74232, 66
2026/07/30 05:50:32.627, 299.27, 100, 74232, 66
2026/07/30 05:50:33.664, 293.64, 100, 74232, 66
2026/07/30 05:50:34.703, 298.49, 100, 74232, 67
2026/07/30 05:50:35.741, 297.60, 100, 74232, 67
2026/07/30 05:50:36.777, 293.65, 100, 74232, 67
2026/07/30 05:50:37.817, 297.90, 100, 74232, 67
2026/07/30 05:50:38.855, 298.19, 100, 74232, 67
2026/07/30 05:50:39.894, 299.95, 100, 74232, 67
2026/07/30 05:50:40.932, 295.98, 100, 74232, 67
2026/07/30 05:50:41.970, 297.64, 100, 74232, 67
2026/07/30 05:50:43.011, 299.26, 100, 74232, 67
2026/07/30 05:50:44.049, 300.13, 100, 74232, 67
2026/07/30 05:50:45.086, 300.22, 100, 74232, 67
2026/07/30 05:50:46.123, 298.60, 100, 74232, 68
2026/07/30 05:50:47.160, 299.77, 100, 74232, 68
2026/07/30 05:50:48.197, 296.05, 100, 74232, 68
2026/07/30 05:50:49.233, 295.68, 100, 74232, 68
2026/07/30 05:50:50.270, 299.25, 100, 74232, 68
2026/07/30 05:50:51.308, 300.94, 100, 74232, 68
2026/07/30 05:50:52.346, 301.40, 100, 74232, 68
2026/07/30 05:50:53.383, 297.91, 100, 74232, 68
2026/07/30 05:50:54.423, 299.73, 100, 74232, 68
2026/07/30 05:50:55.461, 300.33, 100, 74232, 68
2026/07/30 05:50:56.500, 305.59, 100, 74232, 68
2026/07/30 05:50:57.538, 298.79, 100, 74232, 68
2026/07/30 05:50:58.576, 299.07, 100, 74232, 68
2026/07/30 05:50:59.614, 294.89, 100, 74232, 68
2026/07/30 05:51:00.650, 298.22, 100, 74232, 68
2026/07/30 05:51:01.689, 296.82, 100, 74232, 68
2026/07/30 05:51:02.726, 300.23, 100, 74232, 68
2026/07/30 05:51:03.765, 294.91, 100, 74232, 68
2026/07/30 05:51:04.804, 292.37, 100, 74232, 68
2026/07/30 05:51:05.841, 291.70, 100, 74232, 69
2026/07/30 05:51:06.879, 295.17, 100, 74232, 68
2026/07/30 05:51:07.917, 295.01, 100, 74232, 69
2026/07/30 05:51:08.955, 294.24, 100, 74232, 69
2026/07/30 05:51:09.992, 291.49, 100, 74232, 69
2026/07/30 05:51:11.030, 300.04, 100, 74232, 69
2026/07/30 05:51:12.067, 301.40, 100, 74232, 69
2026/07/30 05:51:13.105, 298.70, 100, 74232, 69
2026/07/30 05:51:14.145, 293.03, 100, 74232, 69
2026/07/30 05:51:15.183, 291.78, 100, 74232, 69
2026/07/30 05:51:16.220, 297.61, 100, 74232, 69
2026/07/30 05:51:17.258, 297.14, 100, 74232, 69
2026/07/30 05:51:18.297, 295.09, 100, 74232, 69
2026/07/30 05:51:19.335, 298.91, 100, 74232, 69
2026/07/30 05:51:20.372, 300.23, 100, 74232, 69
2026/07/30 05:51:21.409, 301.40, 100, 74232, 69
2026/07/30 05:51:22.446, 303.83, 100, 74232, 69
2026/07/30 05:51:23.484, 303.92, 100, 74232, 69
2026/07/30 05:51:24.521, 299.06, 100, 74232, 69
2026/07/30 05:51:25.559, 302.68, 100, 74232, 69
2026/07/30 05:51:26.595, 295.86, 100, 74232, 69
2026/07/30 05:51:27.633, 292.57, 100, 74232, 69
2026/07/30 05:51:28.670, 299.47, 100, 74232, 69
2026/07/30 05:51:29.708, 301.89, 100, 74232, 69
2026/07/30 05:51:30.745, 302.68, 100, 74232, 69
2026/07/30 05:51:31.783, 302.78, 100, 74232, 69
2026/07/30 05:51:32.821, 299.56, 100, 74232, 69
2026/07/30 05:51:33.860, 301.77, 100, 74232, 69
2026/07/30 05:51:34.899, 302.00, 100, 74232, 69
2026/07/30 05:51:35.936, 302.59, 100, 74232, 69
2026/07/30 05:51:36.975, 298.88, 100, 74232, 69
2026/07/30 05:51:38.012, 298.78, 100, 74232, 69
2026/07/30 05:51:39.050, 296.55, 100, 74232, 69
2026/07/30 05:51:40.088, 302.50, 100, 74232, 69
2026/07/30 05:51:41.125, 302.86, 100, 74232, 69
2026/07/30 05:51:42.163, 298.08, 100, 74232, 69
2026/07/30 05:51:43.202, 300.23, 100, 74232, 69
2026/07/30 05:51:44.242, 300.62, 100, 74232, 69
2026/07/30 05:51:45.281, 302.10, 100, 74232, 69
2026/07/30 05:51:46.319, 304.81, 100, 74232, 69
2026/07/30 05:51:47.357, 300.42, 100, 74232, 69
2026/07/30 05:51:48.394, 299.76, 100, 74232, 69
2026/07/30 05:51:49.437, 301.82, 100, 74232, 69
2026/07/30 05:51:50.475, 292.57, 100, 74232, 69
2026/07/30 05:51:51.513, 302.35, 100, 74232, 69
2026/07/30 05:51:52.550, 291.42, 100, 74232, 69
2026/07/30 05:51:53.587, 301.71, 100, 74232, 69
2026/07/30 05:51:54.624, 300.99, 100, 74232, 69
2026/07/30 05:51:55.661, 303.15, 100, 74232, 69
2026/07/30 05:51:56.699, 300.84, 100, 74232, 69
2026/07/30 05:51:57.737, 301.28, 100, 74232, 69
2026/07/30 05:51:58.776, 302.20, 100, 74232, 69
2026/07/30 05:51:59.813, 297.92, 100, 74232, 69
2026/07/30 05:52:00.856, 296.55, 100, 74232, 69
2026/07/30 05:52:01.894, 293.82, 100, 74232, 69
2026/07/30 05:52:02.931, 295.58, 100, 74232, 69
2026/07/30 05:52:03.968, 293.87, 100, 74232, 69
2026/07/30 05:52:05.006, 304.98, 100, 74232, 69
2026/07/30 05:52:06.044, 292.97, 100, 74232, 69
2026/07/30 05:52:07.081, 294.13, 100, 74232, 69
2026/07/30 05:52:08.120, 295.59, 100, 74232, 69
2026/07/30 05:52:09.158, 299.40, 100, 74232, 69
2026/07/30 05:52:10.199, 295.95, 100, 74232, 69
2026/07/30 05:52:11.237, 291.10, 100, 74232, 69
2026/07/30 05:52:12.275, 295.19, 100, 74232, 69
2026/07/30 05:52:13.315, 294.24, 100, 74232, 69
2026/07/30 05:52:14.354, 295.88, 100, 74232, 69
2026/07/30 05:52:15.398, 287.35, 100, 74232, 69
2026/07/30 05:52:16.439, 294.90, 100, 74232, 69
2026/07/30 05:52:17.476, 300.91, 100, 74232, 69
2026/07/30 05:52:18.514, 302.78, 100, 74232, 69
2026/07/30 05:52:19.553, 300.02, 100, 74232, 69
2026/07/30 05:52:20.591, 303.26, 100, 74232, 69
2026/07/30 05:52:21.630, 299.19, 100, 74232, 69
2026/07/30 05:52:22.668, 302.10, 100, 74232, 69
2026/07/30 05:52:23.707, 301.52, 100, 74232, 69
2026/07/30 05:52:24.744, 300.05, 100, 74232, 69
2026/07/30 05:52:25.782, 307.31, 100, 74232, 69
2026/07/30 05:52:26.819, 302.47, 100, 74232, 69
2026/07/30 05:52:27.857, 291.61, 100, 74232, 69
2026/07/30 05:52:28.894, 294.33, 100, 74232, 69
2026/07/30 05:52:29.932, 295.88, 100, 74232, 69
2026/07/30 05:52:30.970, 302.29, 100, 74232, 69
2026/07/30 05:52:32.007, 303.65, 100, 74232, 69
2026/07/30 05:52:33.048, 303.47, 100, 74232, 69
2026/07/30 05:52:34.086, 291.90, 100, 74232, 69
2026/07/30 05:52:35.123, 301.98, 100, 74232, 69
2026/07/30 05:52:36.161, 297.72, 100, 74232, 69
2026/07/30 05:52:37.198, 295.75, 100, 74232, 69
2026/07/30 05:52:38.235, 301.87, 100, 74232, 69
2026/07/30 05:52:39.274, 303.52, 100, 74232, 69
2026/07/30 05:52:40.314, 303.07, 100, 74232, 69
2026/07/30 05:52:41.352, 298.20, 100, 74232, 69
2026/07/30 05:52:42.389, 301.43, 100, 74232, 69
2026/07/30 05:52:43.427, 297.34, 100, 74232, 69
2026/07/30 05:52:44.464, 294.89, 100, 74232, 69
2026/07/30 05:52:45.502, 295.78, 100, 74232, 69
2026/07/30 05:52:46.539, 296.06, 100, 74232, 69
2026/07/30 05:52:47.577, 297.83, 100, 74232, 69
2026/07/30 05:52:48.614, 296.45, 100, 74232, 69
2026/07/30 05:52:49.652, 294.52, 100, 74232, 69
2026/07/30 05:52:50.690, 294.03, 100, 74232, 69
2026/07/30 05:52:51.729, 302.28, 100, 74232, 69
2026/07/30 05:52:52.767, 305.01, 100, 74232, 69
2026/07/30 05:52:53.804, 303.06, 100, 74232, 69
2026/07/30 05:52:54.841, 299.17, 100, 74232, 69
2026/07/30 05:52:55.879, 293.64, 100, 74232, 69
2026/07/30 05:52:56.917, 297.90, 100, 74232, 69
2026/07/30 05:52:57.954, 302.29, 100, 74232, 69
2026/07/30 05:52:58.991, 295.39, 100, 74232, 69
2026/07/30 05:53:00.028, 299.59, 100, 74232, 69
2026/07/30 05:53:01.067, 299.15, 100, 74232, 69
2026/07/30 05:53:02.105, 301.58, 100, 74232, 69
2026/07/30 05:53:03.144, 302.59, 100, 74232, 69
2026/07/30 05:53:04.182, 294.51, 100, 74232, 69
2026/07/30 05:53:05.220, 296.27, 100, 74232, 69
2026/07/30 05:53:06.257, 296.08, 100, 74232, 69
2026/07/30 05:53:07.295, 292.28, 100, 74232, 69
2026/07/30 05:53:08.332, 294.71, 100, 74232, 69
2026/07/30 05:53:09.369, 295.79, 100, 74232, 69
2026/07/30 05:53:10.413, 296.36, 100, 74232, 69
2026/07/30 05:53:11.450, 290.16, 100, 74232, 69
2026/07/30 05:53:12.487, 293.27, 100, 74232, 69
2026/07/30 05:53:13.523, 296.53, 100, 74232, 69
2026/07/30 05:53:14.565, 302.17, 100, 74232, 69
2026/07/30 05:53:15.603, 303.05, 100, 74232, 69
2026/07/30 05:53:16.640, 303.30, 100, 74232, 69
2026/07/30 05:53:17.679, 296.46, 100, 74232, 69
2026/07/30 05:53:18.716, 293.02, 100, 74232, 69
2026/07/30 05:53:19.755, 296.06, 100, 74232, 69
2026/07/30 05:53:20.791, 300.50, 100, 74232, 69
2026/07/30 05:53:21.831, 301.85, 100, 74232, 69
2026/07/30 05:53:22.871, 303.26, 100, 74232, 69
2026/07/30 05:53:23.909, 292.19, 100, 74232, 69
2026/07/30 05:53:24.954, 297.36, 100, 74232, 69
2026/07/30 05:53:25.992, 296.08, 100, 74232, 69
2026/07/30 05:53:27.029, 289.55, 100, 74232, 69
2026/07/30 05:53:28.068, 294.02, 100, 74232, 69
2026/07/30 05:53:29.106, 296.36, 100, 74232, 69
2026/07/30 05:53:30.145, 302.47, 100, 74232, 69
2026/07/30 05:53:31.182, 302.98, 100, 74232, 69
2026/07/30 05:53:32.219, 308.71, 100, 74232, 69
2026/07/30 05:53:33.256, 297.71, 100, 74232, 69
2026/07/30 05:53:34.294, 300.14, 100, 74232, 69
2026/07/30 05:53:35.332, 302.67, 100, 74232, 69
2026/07/30 05:53:36.369, 302.79, 100, 74232, 69
2026/07/30 05:53:37.407, 302.19, 100, 74232, 69
2026/07/30 05:53:38.447, 303.94, 100, 74232, 69
2026/07/30 05:53:39.486, 305.35, 100, 74232, 69
2026/07/30 05:53:40.525, 303.66, 100, 74232, 69
2026/07/30 05:53:41.563, 298.95, 100, 74232, 69
2026/07/30 05:53:42.601, 300.82, 100, 74232, 69
2026/07/30 05:53:43.638, 299.37, 100, 74232, 69
2026/07/30 05:53:44.678, 301.43, 100, 74232, 69
2026/07/30 05:53:45.715, 302.96, 100, 74232, 69
2026/07/30 05:53:46.752, 302.96, 100, 74232, 69
2026/07/30 05:53:47.789, 303.56, 100, 74232, 69
2026/07/30 05:53:48.826, 304.12, 100, 74232, 69
2026/07/30 05:53:49.863, 303.06, 100, 74232, 69
2026/07/30 05:53:50.901, 297.43, 100, 74232, 69
2026/07/30 05:53:51.938, 300.23, 100, 74232, 69
2026/07/30 05:53:52.976, 295.19, 100, 74232, 69
2026/07/30 05:53:54.014, 302.30, 100, 74232, 69
2026/07/30 05:53:55.052, 303.04, 100, 74232, 69
2026/07/30 05:53:56.092, 303.61, 100, 74232, 69
2026/07/30 05:53:57.129, 296.35, 100, 74232, 69
2026/07/30 05:53:58.167, 293.07, 100, 74232, 69
2026/07/30 05:53:59.204, 291.97, 100, 74232, 69
2026/07/30 05:54:00.242, 303.45, 100, 74232, 69
2026/07/30 05:54:01.280, 293.64, 100, 74232, 69
2026/07/30 05:54:02.318, 297.62, 100, 74232, 69
2026/07/30 05:54:03.356, 294.69, 100, 74232, 69
2026/07/30 05:54:04.393, 292.58, 100, 74232, 69
2026/07/30 05:54:05.435, 296.46, 100, 74232, 69
2026/07/30 05:54:06.473, 302.64, 100, 74232, 69
2026/07/30 05:54:07.510, 303.05, 100, 74232, 69
2026/07/30 05:54:08.548, 296.72, 100, 74232, 69
2026/07/30 05:54:09.587, 299.17, 100, 74232, 69
2026/07/30 05:54:10.626, 301.58, 100, 74232, 69
2026/07/30 05:54:11.663, 302.85, 100, 74232, 69
2026/07/30 05:54:12.701, 303.08, 100, 74232, 69
2026/07/30 05:54:13.739, 303.34, 100, 74232, 69
2026/07/30 05:54:14.777, 300.62, 100, 74232, 69
2026/07/30 05:54:15.820, 297.24, 100, 74232, 69
2026/07/30 05:54:16.858, 293.43, 100, 74232, 69
2026/07/30 05:54:17.895, 294.82, 100, 74232, 69
2026/07/30 05:54:18.940, 301.92, 100, 74232, 69
2026/07/30 05:54:19.977, 298.29, 100, 74232, 69
2026/07/30 05:54:21.014, 295.16, 100, 74232, 69
2026/07/30 05:54:22.052, 295.78, 100, 74232, 69
2026/07/30 05:54:23.089, 302.78, 100, 74232, 69
2026/07/30 05:54:24.127, 303.37, 100, 74232, 69
2026/07/30 05:54:25.165, 294.61, 100, 74232, 69
2026/07/30 05:54:26.203, 294.61, 100, 74232, 69
2026/07/30 05:54:27.240, 297.62, 100, 74232, 69
2026/07/30 05:54:28.276, 303.52, 100, 74232, 69
2026/07/30 05:54:29.311, 301.70, 100, 74232, 69
2026/07/30 05:54:30.347, 293.44, 100, 74232, 69
2026/07/30 05:54:31.385, 301.87, 100, 74232, 69
2026/07/30 05:54:32.425, 296.74, 100, 74232, 69
2026/07/30 05:54:33.460, 295.97, 100, 74232, 69
2026/07/30 05:54:34.498, 295.97, 100, 74232, 69
2026/07/30 05:54:35.535, 296.95, 100, 74232, 69
2026/07/30 05:54:36.572, 303.82, 100, 74232, 69
2026/07/30 05:54:37.608, 303.90, 100, 74232, 69
2026/07/30 05:54:38.646, 292.56, 100, 74232, 69
2026/07/30 05:54:39.683, 294.60, 100, 74232, 69
2026/07/30 05:54:40.720, 291.78, 100, 74232, 69
2026/07/30 05:54:41.757, 300.52, 100, 74232, 69
2026/07/30 05:54:42.794, 301.31, 100, 74232, 69
2026/07/30 05:54:43.830, 301.12, 100, 74232, 69
2026/07/30 05:54:44.867, 297.32, 100, 74232, 69
2026/07/30 05:54:45.904, 299.37, 100, 74232, 69
2026/07/30 05:54:46.942, 296.66, 100, 74232, 69
2026/07/30 05:54:47.980, 303.67, 100, 74232, 69
2026/07/30 05:54:49.018, 303.28, 100, 74232, 69
2026/07/30 05:54:50.054, 300.85, 100, 74232, 69
2026/07/30 05:54:51.091, 297.35, 100, 74232, 69
2026/07/30 05:54:52.128, 298.03, 100, 74232, 69
2026/07/30 05:54:53.167, 301.30, 100, 74232, 69
2026/07/30 05:54:54.203, 299.93, 100, 74232, 69
2026/07/30 05:54:55.240, 301.70, 100, 74232, 70
2026/07/30 05:54:56.278, 298.01, 100, 74232, 69
2026/07/30 05:54:57.316, 290.33, 100, 74232, 69
2026/07/30 05:54:58.353, 295.96, 100, 74232, 69
2026/07/30 05:54:59.392, 299.57, 100, 74232, 69
2026/07/30 05:55:00.429, 290.92, 100, 74232, 69
2026/07/30 05:55:01.465, 295.49, 100, 74232, 69
2026/07/30 05:55:02.502, 296.95, 100, 74232, 69
2026/07/30 05:55:03.540, 297.62, 100, 74232, 69
2026/07/30 05:55:04.578, 296.65, 100, 74232, 69
2026/07/30 05:55:05.614, 297.23, 100, 74232, 69
2026/07/30 05:55:06.652, 298.81, 100, 74232, 69
2026/07/30 05:55:07.690, 296.45, 100, 74232, 69
2026/07/30 05:55:08.729, 297.24, 100, 74232, 69
2026/07/30 05:55:09.767, 295.79, 100, 74232, 69
2026/07/30 05:55:10.807, 303.73, 100, 74232, 71
2026/07/30 05:55:11.873, 301.22, 100, 74232, 71
2026/07/30 05:55:12.907, 289.41, 100, 74232, 71
2026/07/30 05:55:13.941, 287.70, 100, 74232, 71
2026/07/30 05:55:14.975, 312.64, 100, 74232, 71
2026/07/30 05:55:16.010, 314.52, 100, 74232, 71
2026/07/30 05:55:17.047, 306.12, 100, 74232, 71
2026/07/30 05:55:18.083, 301.08, 100, 74232, 69
2026/07/30 05:55:19.120, 302.20, 100, 74232, 69
2026/07/30 05:55:20.157, 299.24, 100, 74232, 69
2026/07/30 05:55:21.194, 300.32, 100, 74232, 69
2026/07/30 05:55:22.230, 302.65, 100, 74232, 69
2026/07/30 05:55:23.267, 298.19, 100, 74232, 69
2026/07/30 05:55:24.304, 302.86, 100, 74232, 69
2026/07/30 05:55:25.340, 302.86, 100, 74232, 69
2026/07/30 05:55:26.377, 298.99, 100, 74232, 69
2026/07/30 05:55:27.413, 302.01, 100, 74232, 69
2026/07/30 05:55:28.452, 301.89, 100, 74232, 69
2026/07/30 05:55:29.489, 303.76, 100, 74232, 70
2026/07/30 05:55:30.525, 298.67, 100, 74232, 70
2026/07/30 05:55:31.563, 301.99, 100, 74232, 70
2026/07/30 05:55:32.601, 302.35, 100, 74232, 70
2026/07/30 05:55:33.637, 304.12, 100, 74232, 70
2026/07/30 05:55:34.674, 293.05, 100, 74232, 70
2026/07/30 05:55:35.711, 293.16, 100, 74232, 70
2026/07/30 05:55:36.748, 302.77, 100, 74232, 70
2026/07/30 05:55:37.786, 303.45, 100, 74232, 70
2026/07/30 05:55:38.824, 303.08, 100, 74232, 70
2026/07/30 05:55:39.862, 302.07, 100, 74232, 70
2026/07/30 05:55:40.900, 297.70, 100, 74232, 70
2026/07/30 05:55:41.943, 296.57, 100, 74232, 70
2026/07/30 05:55:42.981, 291.51, 100, 74232, 70
2026/07/30 05:55:44.018, 295.00, 100, 74232, 70
2026/07/30 05:55:45.055, 295.11, 100, 74232, 70
2026/07/30 05:55:46.093, 303.75, 100, 74232, 70
2026/07/30 05:55:47.130, 293.46, 100, 74232, 70
2026/07/30 05:55:48.168, 295.21, 100, 74232, 70
2026/07/30 05:55:49.210, 296.26, 100, 74232, 70
2026/07/30 05:55:50.248, 296.36, 100, 74232, 70
2026/07/30 05:55:51.286, 294.30, 100, 74232, 70
2026/07/30 05:55:52.324, 295.20, 100, 74232, 70
2026/07/30 05:55:53.362, 295.66, 100, 74232, 70
2026/07/30 05:55:54.406, 299.79, 100, 74232, 70
2026/07/30 05:55:55.444, 303.83, 100, 74232, 70
2026/07/30 05:55:56.482, 300.32, 100, 74232, 70
2026/07/30 05:55:57.524, 300.55, 100, 74232, 70
2026/07/30 05:55:58.561, 302.95, 100, 74232, 70
2026/07/30 05:55:59.598, 303.63, 100, 74232, 70
2026/07/30 05:56:00.636, 301.95, 100, 74232, 70
2026/07/30 05:56:01.673, 300.83, 100, 74232, 70
2026/07/30 05:56:02.710, 302.68, 100, 74232, 70
2026/07/30 05:56:03.749, 303.63, 100, 74232, 70
2026/07/30 05:56:04.789, 297.34, 100, 74232, 70
2026/07/30 05:56:05.826, 300.74, 100, 74232, 70
2026/07/30 05:56:06.863, 300.33, 100, 74232, 70
2026/07/30 05:56:07.901, 303.45, 100, 74232, 70
2026/07/30 05:56:08.938, 297.62, 100, 74232, 69
2026/07/30 05:56:09.976, 295.19, 100, 74232, 69
2026/07/30 05:56:11.013, 294.99, 100, 74232, 69
2026/07/30 05:56:12.051, 306.84, 100, 74232, 69
2026/07/30 05:56:13.088, 298.15, 100, 74232, 69
2026/07/30 05:56:14.126, 297.61, 100, 74232, 69
2026/07/30 05:56:15.165, 301.03, 100, 74232, 69
2026/07/30 05:56:16.205, 303.71, 100, 74232, 69
2026/07/30 05:56:17.243, 298.48, 100, 74232, 69
2026/07/30 05:56:18.280, 305.37, 100, 74232, 69
2026/07/30 05:56:19.318, 298.68, 100, 74232, 69
2026/07/30 05:56:20.356, 295.78, 100, 74232, 69
2026/07/30 05:56:21.394, 294.63, 100, 74232, 69
2026/07/30 05:56:22.432, 297.45, 100, 74232, 69
2026/07/30 05:56:23.480, 301.58, 100, 74232, 69
2026/07/30 05:56:24.517, 301.71, 100, 74232, 69
2026/07/30 05:56:25.554, 302.87, 100, 74232, 69
2026/07/30 05:56:26.590, 294.62, 100, 74232, 69
2026/07/30 05:56:27.632, 290.25, 100, 74232, 69
2026/07/30 05:56:28.671, 296.16, 100, 74232, 69
2026/07/30 05:56:29.708, 291.20, 100, 74232, 69
2026/07/30 05:56:30.745, 300.83, 100, 74232, 69
2026/07/30 05:56:31.783, 94.48, 17, 74232, 66
2026/07/30 05:56:32.817, 280.43, 100, 74232, 69
2026/07/30 05:56:33.860, 299.17, 100, 74232, 69
2026/07/30 05:56:34.898, 301.96, 100, 74232, 69
2026/07/30 05:56:35.936, 301.77, 100, 74232, 69
2026/07/30 05:56:36.976, 302.32, 100, 74232, 69
2026/07/30 05:56:38.014, 301.71, 100, 74232, 69
2026/07/30 05:56:39.051, 293.45, 100, 74232, 69
2026/07/30 05:56:40.093, 299.24, 100, 74232, 69
2026/07/30 05:56:41.130, 301.13, 100, 74232, 69
2026/07/30 05:56:42.168, 302.27, 100, 74232, 69
2026/07/30 05:56:43.206, 302.57, 100, 74232, 69
2026/07/30 05:56:44.244, 302.36, 100, 74232, 69
2026/07/30 05:56:45.283, 301.09, 100, 74232, 69
2026/07/30 05:56:46.320, 295.02, 100, 74232, 69
2026/07/30 05:56:47.362, 301.49, 100, 74232, 69
2026/07/30 05:56:48.400, 298.31, 100, 74232, 69
2026/07/30 05:56:49.437, 297.63, 100, 74232, 69
2026/07/30 05:56:50.475, 297.53, 100, 74232, 69
2026/07/30 05:56:51.511, 300.52, 100, 74232, 69
2026/07/30 05:56:52.551, 298.77, 100, 74232, 69
2026/07/30 05:56:53.590, 298.89, 100, 74232, 69
2026/07/30 05:56:54.628, 300.06, 100, 74232, 69
2026/07/30 05:56:55.666, 295.48, 100, 74232, 69
2026/07/30 05:56:56.704, 302.08, 100, 74232, 69
2026/07/30 05:56:57.744, 298.71, 100, 74232, 69
2026/07/30 05:56:58.782, 294.24, 100, 74232, 69
2026/07/30 05:56:59.820, 291.30, 100, 74232, 69
2026/07/30 05:57:00.860, 301.51, 100, 74232, 70
2026/07/30 05:57:01.898, 296.94, 100, 74232, 70
2026/07/30 05:57:02.936, 298.09, 100, 74232, 70
2026/07/30 05:57:03.973, 290.62, 100, 74232, 69
2026/07/30 05:57:05.012, 290.43, 100, 74232, 69
2026/07/30 05:57:06.050, 297.54, 100, 74232, 70
2026/07/30 05:57:07.086, 299.10, 100, 74232, 69
2026/07/30 05:57:08.124, 300.83, 100, 74232, 69
2026/07/30 05:57:09.164, 300.31, 100, 74232, 69
2026/07/30 05:57:10.201, 299.30, 100, 74232, 69
2026/07/30 05:57:11.237, 294.42, 100, 74232, 69
2026/07/30 05:57:12.274, 300.52, 100, 74232, 69
2026/07/30 05:57:13.312, 301.80, 100, 74232, 69
2026/07/30 05:57:14.350, 300.46, 100, 74232, 69
2026/07/30 05:57:15.388, 302.39, 100, 74232, 69
2026/07/30 05:57:16.426, 301.71, 100, 74232, 69
2026/07/30 05:57:17.463, 303.07, 100, 74232, 69
2026/07/30 05:57:18.501, 301.14, 100, 74232, 69
2026/07/30 05:57:19.538, 301.48, 100, 74232, 69
2026/07/30 05:57:20.577, 303.17, 100, 74232, 69
2026/07/30 05:57:21.615, 296.48, 100, 74232, 69
2026/07/30 05:57:22.653, 298.11, 100, 74232, 69
2026/07/30 05:57:23.691, 298.40, 100, 74232, 69
2026/07/30 05:57:24.733, 300.71, 100, 74232, 69
2026/07/30 05:57:25.771, 299.41, 100, 74232, 70
2026/07/30 05:57:26.807, 298.39, 100, 74232, 70
2026/07/30 05:57:27.846, 300.25, 100, 74232, 70
2026/07/30 05:57:28.883, 300.43, 100, 74232, 70
2026/07/30 05:57:29.922, 299.77, 100, 74232, 70
2026/07/30 05:57:30.959, 299.96, 100, 74232, 70
2026/07/30 05:57:31.997, 305.42, 100, 74232, 70
2026/07/30 05:57:33.035, 303.38, 100, 74232, 70
2026/07/30 05:57:34.074, 298.78, 100, 74232, 70
2026/07/30 05:57:35.111, 295.30, 100, 74232, 70
2026/07/30 05:57:36.149, 303.18, 100, 74232, 70
2026/07/30 05:57:37.187, 300.45, 100, 74232, 70
2026/07/30 05:57:38.225, 296.54, 100, 74232, 70
2026/07/30 05:57:39.264, 291.31, 100, 74232, 69
2026/07/30 05:57:40.302, 296.57, 100, 74232, 70
2026/07/30 05:57:41.341, 295.19, 100, 74232, 69
2026/07/30 05:57:42.382, 290.17, 100, 74232, 70
2026/07/30 05:57:43.420, 301.80, 100, 74232, 70
2026/07/30 05:57:44.459, 297.98, 100, 74232, 70
2026/07/30 05:57:45.497, 300.43, 100, 74232, 70
2026/07/30 05:57:46.534, 301.04, 100, 74232, 70
2026/07/30 05:57:47.572, 298.11, 100, 74232, 69
2026/07/30 05:57:48.615, 293.63, 100, 74232, 69
2026/07/30 05:57:49.653, 291.49, 100, 74232, 69
2026/07/30 05:57:50.690, 298.70, 100, 74232, 69
2026/07/30 05:57:51.727, 299.39, 100, 74232, 69
2026/07/30 05:57:52.764, 298.89, 100, 74232, 69
2026/07/30 05:57:53.802, 299.68, 100, 74232, 69
2026/07/30 05:57:54.841, 295.97, 100, 74232, 69
2026/07/30 05:57:55.880, 296.57, 100, 74232, 69
2026/07/30 05:57:56.918, 297.34, 100, 74232, 69
2026/07/30 05:57:57.955, 300.80, 100, 74232, 69
2026/07/30 05:57:58.993, 298.59, 100, 74232, 69
2026/07/30 05:58:00.031, 291.30, 100, 74232, 69
2026/07/30 05:58:01.071, 293.07, 100, 74232, 69
2026/07/30 05:58:02.107, 298.12, 100, 74232, 69
2026/07/30 05:58:03.145, 297.91, 100, 74232, 69
2026/07/30 05:58:04.182, 298.77, 100, 74232, 69
2026/07/30 05:58:05.219, 298.96, 100, 74232, 69
2026/07/30 05:58:06.256, 297.03, 100, 74232, 69
2026/07/30 05:58:07.292, 299.49, 100, 74232, 69
2026/07/30 05:58:08.328, 299.29, 100, 74232, 69
2026/07/30 05:58:09.365, 297.21, 100, 74232, 69
2026/07/30 05:58:10.402, 297.63, 100, 74232, 69
2026/07/30 05:58:11.442, 298.80, 100, 74232, 69
2026/07/30 05:58:12.480, 303.07, 100, 74232, 69
2026/07/30 05:58:13.516, 302.52, 100, 74232, 69
2026/07/30 05:58:14.554, 295.90, 100, 74232, 69
2026/07/30 05:58:15.591, 305.41, 100, 74232, 69
2026/07/30 05:58:16.630, 301.50, 100, 74232, 69
2026/07/30 05:58:17.667, 298.89, 100, 74232, 69
2026/07/30 05:58:18.706, 301.86, 100, 74232, 69
2026/07/30 05:58:19.746, 299.46, 100, 74232, 69
2026/07/30 05:58:20.784, 301.13, 100, 74232, 69
2026/07/30 05:58:21.822, 301.32, 100, 74232, 71
2026/07/30 05:58:22.858, 302.72, 100, 74232, 71
2026/07/30 05:58:23.897, 284.33, 100, 74232, 71
2026/07/30 05:58:24.935, 293.55, 100, 74232, 71
2026/07/30 05:58:25.972, 310.35, 100, 74232, 71
2026/07/30 05:58:27.011, 286.44, 100, 74232, 71
2026/07/30 05:58:28.048, 301.66, 100, 74232, 70
2026/07/30 05:58:29.086, 303.42, 100, 74232, 70
2026/07/30 05:58:30.123, 299.83, 100, 74232, 70
2026/07/30 05:58:31.161, 298.26, 100, 74232, 70
2026/07/30 05:58:32.198, 94.65, 35, 74232, 67
2026/07/30 05:58:33.231, 287.05, 100, 74232, 71
2026/07/30 05:58:34.267, 301.98, 100, 74232, 71
2026/07/30 05:58:35.304, 293.48, 100, 74232, 71
2026/07/30 05:58:36.342, 280.74, 100, 74232, 71
2026/07/30 05:58:37.377, 288.71, 100, 74232, 71
2026/07/30 05:58:38.412, 297.14, 100, 74232, 71
2026/07/30 05:58:39.447, 304.01, 100, 74232, 70
2026/07/30 05:58:40.485, 302.36, 100, 74232, 70
2026/07/30 05:58:41.522, 303.51, 100, 74232, 70
2026/07/30 05:58:42.561, 292.09, 100, 74232, 70
2026/07/30 05:58:43.603, 296.55, 100, 74232, 70
2026/07/30 05:58:44.641, 291.39, 100, 74232, 71
2026/07/30 05:58:45.676, 296.82, 100, 74232, 72
2026/07/30 05:58:46.709, 294.62, 100, 74232, 72
2026/07/30 05:58:47.743, 288.68, 100, 74232, 72
2026/07/30 05:58:48.778, 294.70, 100, 74232, 72
2026/07/30 05:58:49.818, 293.92, 100, 74232, 72
2026/07/30 05:58:50.853, 298.80, 100, 74232, 70
2026/07/30 05:58:51.890, 299.18, 100, 74232, 70
2026/07/30 05:58:52.927, 297.91, 100, 74232, 70
2026/07/30 05:58:53.965, 298.79, 100, 74232, 70
2026/07/30 05:58:55.002, 303.08, 100, 74232, 70
2026/07/30 05:58:56.041, 296.86, 100, 74232, 70
2026/07/30 05:58:57.078, 291.02, 100, 74232, 72
2026/07/30 05:58:58.113, 285.99, 100, 74232, 72
2026/07/30 05:58:59.149, 279.25, 100, 74232, 72
2026/07/30 05:59:00.185, 289.72, 100, 74232, 72
2026/07/30 05:59:01.223, 289.85, 100, 74232, 72
2026/07/30 05:59:02.257, 317.51, 100, 74232, 72
2026/07/30 05:59:03.292, 302.48, 100, 74232, 71
2026/07/30 05:59:04.330, 303.56, 100, 74232, 70
2026/07/30 05:59:05.368, 291.80, 100, 74232, 70
2026/07/30 05:59:06.406, 302.28, 100, 74232, 71
2026/07/30 05:59:07.444, 303.26, 100, 74232, 71
2026/07/30 05:59:08.481, 295.58, 100, 74232, 71
2026/07/30 05:59:09.518, 297.32, 100, 74232, 71
2026/07/30 05:59:10.562, 299.76, 100, 74232, 73
2026/07/30 05:59:11.598, 290.42, 100, 74232, 73
2026/07/30 05:59:12.632, 294.62, 100, 74232, 73
2026/07/30 05:59:13.667, 305.98, 100, 74232, 73
2026/07/30 05:59:14.703, 317.41, 100, 74232, 73
2026/07/30 05:59:15.741, 323.70, 100, 74232, 73
2026/07/30 05:59:16.779, 248.50, 100, 74232, 71
2026/07/30 05:59:17.815, 290.24, 100, 74232, 71
2026/07/30 05:59:18.857, 294.92, 100, 74232, 71
2026/07/30 05:59:19.894, 290.05, 100, 74232, 71
2026/07/30 05:59:20.930, 297.32, 100, 74232, 71
2026/07/30 05:59:21.968, 300.35, 100, 74232, 71
2026/07/30 05:59:23.007, 294.32, 100, 74232, 71
2026/07/30 05:59:24.045, 302.59, 100, 74232, 71
2026/07/30 05:59:25.083, 298.51, 100, 74232, 71
2026/07/30 05:59:26.122, 295.01, 100, 74232, 71
2026/07/30 05:59:27.158, 302.97, 100, 74232, 71
2026/07/30 05:59:28.194, 305.45, 100, 74232, 71
2026/07/30 05:59:29.231, 300.51, 100, 74232, 71
2026/07/30 05:59:30.273, 294.01, 100, 74232, 71
2026/07/30 05:59:31.311, 297.22, 100, 74232, 71
2026/07/30 05:59:32.347, 298.60, 100, 74232, 71
2026/07/30 05:59:33.384, 299.58, 100, 74232, 71
2026/07/30 05:59:34.421, 299.76, 100, 74232, 71
2026/07/30 05:59:35.461, 304.54, 100, 74232, 71
2026/07/30 05:59:36.498, 308.68, 100, 74232, 71
2026/07/30 05:59:37.537, 305.35, 100, 74232, 71
2026/07/30 05:59:38.576, 299.55, 100, 74232, 71
2026/07/30 05:59:39.612, 304.77, 100, 74232, 71
2026/07/30 05:59:40.650, 296.55, 100, 74232, 71
2026/07/30 05:59:41.686, 298.28, 100, 74232, 70
2026/07/30 05:59:42.724, 294.42, 100, 74232, 70
2026/07/30 05:59:43.761, 295.11, 100, 74232, 70
2026/07/30 05:59:44.798, 296.76, 100, 74232, 70
2026/07/30 05:59:45.834, 297.82, 100, 74232, 70
2026/07/30 05:59:46.872, 293.16, 100, 74232, 70
2026/07/30 05:59:47.910, 284.43, 100, 74232, 70
2026/07/30 05:59:48.946, 289.77, 100, 74232, 70
2026/07/30 05:59:49.983, 287.12, 100, 74232, 70
2026/07/30 05:59:51.019, 294.32, 100, 74232, 70
2026/07/30 05:59:52.056, 296.67, 100, 74232, 70
2026/07/30 05:59:53.093, 297.83, 100, 74232, 70
2026/07/30 05:59:54.133, 297.70, 100, 74232, 70
2026/07/30 05:59:55.170, 294.41, 100, 74232, 70
2026/07/30 05:59:56.207, 296.45, 100, 74232, 70
2026/07/30 05:59:57.244, 297.32, 100, 74232, 70
2026/07/30 05:59:58.282, 297.06, 100, 74232, 70
2026/07/30 05:59:59.320, 292.77, 100, 74232, 70
2026/07/30 06:00:00.356, 295.87, 100, 74232, 70
2026/07/30 06:00:01.398, 295.57, 100, 74232, 70
2026/07/30 06:00:02.435, 296.54, 100, 74232, 70
2026/07/30 06:00:03.472, 293.72, 100, 74232, 70
2026/07/30 06:00:04.508, 298.98, 100, 74232, 70
2026/07/30 06:00:05.544, 297.51, 100, 74232, 70
2026/07/30 06:00:06.585, 303.42, 100, 74232, 70
2026/07/30 06:00:07.621, 304.33, 100, 74232, 70
2026/07/30 06:00:08.656, 299.83, 100, 74232, 70
2026/07/30 06:00:09.692, 301.71, 100, 74232, 70
2026/07/30 06:00:10.729, 302.47, 100, 74232, 70
2026/07/30 06:00:11.765, 304.18, 100, 74232, 70
2026/07/30 06:00:12.803, 296.93, 100, 74232, 70
2026/07/30 06:00:13.839, 302.75, 100, 74232, 70
2026/07/30 06:00:14.877, 297.53, 100, 74232, 70
2026/07/30 06:00:15.913, 288.30, 100, 74232, 70
2026/07/30 06:00:16.953, 294.80, 100, 74232, 70
2026/07/30 06:00:17.989, 300.73, 100, 74232, 70
2026/07/30 06:00:19.027, 303.42, 100, 74232, 70
2026/07/30 06:00:20.066, 299.77, 100, 74232, 70
2026/07/30 06:00:21.103, 300.71, 100, 74232, 70
2026/07/30 06:00:22.141, 301.59, 100, 74232, 70
2026/07/30 06:00:23.178, 303.33, 100, 74232, 70
2026/07/30 06:00:24.214, 300.03, 100, 74232, 70
2026/07/30 06:00:25.251, 299.37, 100, 74232, 70
2026/07/30 06:00:26.288, 302.19, 100, 74232, 70
2026/07/30 06:00:27.325, 303.71, 100, 74232, 70
2026/07/30 06:00:28.361, 302.65, 100, 74232, 70
2026/07/30 06:00:29.399, 286.89, 100, 74232, 70
2026/07/30 06:00:30.439, 291.99, 100, 74232, 70
2026/07/30 06:00:31.477, 291.89, 100, 74232, 69
2026/07/30 06:00:32.514, 296.07, 100, 74232, 70
2026/07/30 06:00:33.550, 296.21, 100, 74232, 70
2026/07/30 06:00:34.587, 306.73, 100, 74232, 70
2026/07/30 06:00:35.622, 302.36, 100, 74232, 70
2026/07/30 06:00:36.659, 302.64, 100, 74232, 70
2026/07/30 06:00:37.695, 301.11, 100, 74232, 70
2026/07/30 06:00:38.732, 310.47, 100, 74232, 70
2026/07/30 06:00:39.773, 301.12, 100, 74232, 70
2026/07/30 06:00:40.809, 302.96, 100, 74232, 70
2026/07/30 06:00:41.845, 303.51, 100, 74232, 69
2026/07/30 06:00:42.883, 300.67, 100, 74232, 69
2026/07/30 06:00:43.922, 297.52, 100, 74232, 69
2026/07/30 06:00:44.959, 297.70, 100, 74232, 70
2026/07/30 06:00:45.996, 303.16, 100, 74232, 70
2026/07/30 06:00:47.033, 296.74, 100, 74232, 70
2026/07/30 06:00:48.070, 298.59, 100, 74232, 70
2026/07/30 06:00:49.109, 298.49, 100, 74232, 70
2026/07/30 06:00:50.147, 293.84, 100, 74232, 70
2026/07/30 06:00:51.184, 296.45, 100, 74232, 70
2026/07/30 06:00:52.222, 299.26, 100, 74232, 70
2026/07/30 06:00:53.260, 303.06, 100, 74232, 70
2026/07/30 06:00:54.297, 304.31, 100, 74232, 70
2026/07/30 06:00:55.333, 297.82, 100, 74232, 70
2026/07/30 06:00:56.372, 293.94, 100, 74232, 70
2026/07/30 06:00:57.410, 296.92, 100, 74232, 70
2026/07/30 06:00:58.447, 296.07, 100, 74232, 70
2026/07/30 06:00:59.484, 296.77, 100, 74232, 70
2026/07/30 06:01:00.524, 294.23, 100, 74232, 70
2026/07/30 06:01:01.560, 296.28, 100, 74232, 70
2026/07/30 06:01:02.599, 296.35, 100, 74232, 70
2026/07/30 06:01:03.636, 294.03, 100, 74232, 70
2026/07/30 06:01:04.680, 293.74, 100, 74232, 70
2026/07/30 06:01:05.717, 299.45, 100, 74232, 70
2026/07/30 06:01:06.753, 303.55, 100, 74232, 70
2026/07/30 06:01:07.790, 304.20, 100, 74232, 70
2026/07/30 06:01:08.827, 298.21, 100, 74232, 70
2026/07/30 06:01:09.863, 293.63, 100, 74232, 70
2026/07/30 06:01:10.899, 295.86, 100, 74232, 70
2026/07/30 06:01:11.936, 297.26, 100, 74232, 70
2026/07/30 06:01:12.973, 302.37, 100, 74232, 70
2026/07/30 06:01:14.010, 293.64, 100, 74232, 70
2026/07/30 06:01:15.047, 301.01, 100, 74232, 70
2026/07/30 06:01:16.082, 305.94, 100, 74232, 70
2026/07/30 06:01:17.121, 304.19, 100, 74232, 70
2026/07/30 06:01:18.157, 299.54, 100, 74232, 70
2026/07/30 06:01:19.197, 299.07, 100, 74232, 70
2026/07/30 06:01:20.234, 301.03, 100, 74232, 70
2026/07/30 06:01:21.271, 306.32, 100, 74232, 70
2026/07/30 06:01:22.307, 299.06, 100, 74232, 69
2026/07/30 06:01:23.347, 301.28, 100, 74232, 70
2026/07/30 06:01:24.384, 297.72, 100, 74232, 70
2026/07/30 06:01:25.423, 295.97, 100, 74232, 69
2026/07/30 06:01:26.460, 299.17, 100, 74232, 69
2026/07/30 06:01:27.496, 303.74, 100, 74232, 69
2026/07/30 06:01:28.534, 298.41, 100, 74232, 69
2026/07/30 06:01:29.571, 94.29, 0, 74232, 66
2026/07/30 06:01:30.604, 93.42, 0, 74232, 65
2026/07/30 06:01:31.636, 92.73, 0, 74232, 64
2026/07/30 06:01:32.668, 91.35, 0, 74232, 64
2026/07/30 06:01:33.700, 90.46, 0, 74232, 63
2026/07/30 06:01:34.732, 90.69, 0, 74232, 63
2026/07/30 06:01:35.763, 89.60, 0, 74232, 62
2026/07/30 06:01:36.796, 89.57, 0, 74232, 62
2026/07/30 06:01:37.829, 88.27, 0, 74232, 61
2026/07/30 06:01:38.862, 87.17, 0, 74232, 61
2026/07/30 06:01:39.895, 86.48, 0, 74232, 61
2026/07/30 06:01:40.926, 86.10, 0, 74232, 60
2026/07/30 06:01:41.958, 85.61, 0, 74232, 60
2026/07/30 06:01:42.990, 85.47, 0, 74232, 59
2026/07/30 06:01:44.022, 86.03, 0, 74232, 59
2026/07/30 06:01:45.056, 84.67, 0, 74232, 59
2026/07/30 06:01:46.087, 84.37, 0, 74232, 58
2026/07/30 06:01:47.119, 83.97, 0, 74232, 58
2026/07/30 06:01:48.150, 83.97, 0, 74232, 58
2026/07/30 06:01:49.182, 83.47, 0, 74232, 58
2026/07/30 06:01:50.214, 296.54, 100, 74232, 62
2026/07/30 06:01:51.250, 298.57, 100, 74232, 63
2026/07/30 06:01:52.285, 288.27, 100, 74232, 64
2026/07/30 06:01:53.320, 289.84, 100, 74232, 64
2026/07/30 06:01:54.355, 286.06, 100, 74232, 64
2026/07/30 06:01:55.393, 304.69, 100, 74232, 62
2026/07/30 06:01:56.431, 306.23, 100, 74232, 63
2026/07/30 06:01:57.471, 288.29, 100, 74232, 63
2026/07/30 06:01:58.508, 298.87, 100, 74232, 63
2026/07/30 06:01:59.549, 315.29, 100, 74232, 63
2026/07/30 06:02:00.586, 297.33, 100, 74232, 63
2026/07/30 06:02:01.629, 288.27, 100, 74232, 64
2026/07/30 06:02:02.667, 298.11, 100, 74232, 64
2026/07/30 06:02:03.708, 308.93, 100, 74232, 66
2026/07/30 06:02:04.743, 300.47, 100, 74232, 66
2026/07/30 06:02:05.780, 311.42, 100, 74232, 66
2026/07/30 06:02:06.815, 310.04, 100, 74232, 66
2026/07/30 06:02:07.850, 264.36, 100, 74232, 65
2026/07/30 06:02:08.892, 298.48, 100, 74232, 65
2026/07/30 06:02:09.930, 302.77, 100, 74232, 65
2026/07/30 06:02:10.968, 305.79, 100, 74232, 65
2026/07/30 06:02:12.004, 306.47, 100, 74232, 65
2026/07/30 06:02:13.042, 289.84, 100, 74232, 67
2026/07/30 06:02:14.078, 298.78, 100, 74232, 67
2026/07/30 06:02:15.119, 286.18, 100, 74232, 67
2026/07/30 06:02:16.154, 313.52, 100, 74232, 68
2026/07/30 06:02:17.189, 298.24, 100, 74232, 68
2026/07/30 06:02:18.224, 305.86, 100, 74232, 66
2026/07/30 06:02:19.261, 297.20, 100, 74232, 66
2026/07/30 06:02:20.301, 304.58, 100, 74232, 66
2026/07/30 06:02:21.337, 304.43, 100, 74232, 67
2026/07/30 06:02:22.375, 302.14, 100, 74232, 68
2026/07/30 06:02:23.411, 308.13, 100, 74232, 69
2026/07/30 06:02:24.447, 309.32, 100, 74232, 69
2026/07/30 06:02:25.482, 297.40, 100, 74232, 69
2026/07/30 06:02:26.517, 305.76, 100, 74232, 69
2026/07/30 06:02:27.554, 299.49, 100, 74232, 67
2026/07/30 06:02:28.592, 303.45, 100, 74232, 67
2026/07/30 06:02:29.627, 299.45, 100, 74232, 67
2026/07/30 06:02:30.663, 309.33, 100, 74232, 68
2026/07/30 06:02:31.701, 293.51, 100, 74232, 68
2026/07/30 06:02:32.739, 293.32, 100, 74232, 68
2026/07/30 06:02:33.781, 297.72, 100, 74232, 68
2026/07/30 06:02:34.819, 299.53, 100, 74232, 70
2026/07/30 06:02:35.854, 301.81, 100, 74232, 70
2026/07/30 06:02:36.888, 305.72, 100, 74232, 70
2026/07/30 06:02:37.923, 319.02, 100, 74232, 70
2026/07/30 06:02:38.958, 271.21, 100, 74232, 70
2026/07/30 06:02:39.992, 301.27, 100, 74232, 70
2026/07/30 06:02:41.028, 302.30, 100, 74232, 68
2026/07/30 06:02:42.065, 289.73, 100, 74232, 68
2026/07/30 06:02:43.102, 297.63, 100, 74232, 68
2026/07/30 06:02:44.141, 297.72, 100, 74232, 68
2026/07/30 06:02:45.177, 303.15, 100, 74232, 68
2026/07/30 06:02:46.215, 299.88, 100, 74232, 69
2026/07/30 06:02:47.251, 291.21, 100, 74232, 70
2026/07/30 06:02:48.286, 298.90, 100, 74232, 70
2026/07/30 06:02:49.323, 296.23, 100, 74232, 70
2026/07/30 06:02:50.360, 293.05, 100, 74232, 70
2026/07/30 06:02:51.395, 302.16, 100, 74232, 70
2026/07/30 06:02:52.430, 307.91, 100, 74232, 70
2026/07/30 06:02:53.478, 297.92, 100, 74232, 69
2026/07/30 06:02:54.516, 292.74, 100, 74232, 69
2026/07/30 06:02:55.553, 267.34, 100, 74232, 70
2026/07/30 06:02:56.588, 300.48, 100, 74232, 71
2026/07/30 06:02:57.625, 304.44, 100, 74232, 71
2026/07/30 06:02:58.660, 287.48, 100, 74232, 71
2026/07/30 06:02:59.695, 289.94, 100, 74232, 71
2026/07/30 06:03:00.733, 290.62, 100, 74232, 71
2026/07/30 06:03:01.769, 284.41, 100, 74232, 69
2026/07/30 06:03:02.806, 292.17, 100, 74232, 69
2026/07/30 06:03:03.843, 291.31, 100, 74232, 69
2026/07/30 06:03:04.880, 304.77, 100, 74232, 69
2026/07/30 06:03:05.920, 312.48, 100, 74232, 69
2026/07/30 06:03:06.957, 297.23, 100, 74232, 70
2026/07/30 06:03:08.003, 303.64, 100, 74232, 70
2026/07/30 06:03:09.041, 296.35, 100, 74232, 70
2026/07/30 06:03:10.078, 304.26, 100, 74232, 70
2026/07/30 06:03:11.115, 291.98, 100, 74232, 70
2026/07/30 06:03:12.157, 293.93, 100, 74232, 70
2026/07/30 06:03:13.194, 292.07, 100, 74232, 70
2026/07/30 06:03:14.233, 293.26, 100, 74232, 70
2026/07/30 06:03:15.271, 296.35, 100, 74232, 70
2026/07/30 06:03:16.314, 296.34, 100, 74232, 70
2026/07/30 06:03:17.351, 293.43, 100, 74232, 70
2026/07/30 06:03:18.388, 295.96, 100, 74232, 70
2026/07/30 06:03:19.426, 297.81, 100, 74232, 70
2026/07/30 06:03:20.464, 293.74, 100, 74232, 70
2026/07/30 06:03:21.504, 295.11, 100, 74232, 70
2026/07/30 06:03:22.542, 296.46, 100, 74232, 70
2026/07/30 06:03:23.579, 292.59, 100, 74232, 70
2026/07/30 06:03:24.616, 294.91, 100, 74232, 70
2026/07/30 06:03:25.653, 295.96, 100, 74232, 70
2026/07/30 06:03:26.690, 298.68, 100, 74232, 70
2026/07/30 06:03:27.727, 295.59, 100, 74232, 70
2026/07/30 06:03:28.764, 302.71, 100, 74232, 70
2026/07/30 06:03:29.800, 304.60, 100, 74232, 70
2026/07/30 06:03:30.838, 301.99, 100, 74232, 70
2026/07/30 06:03:31.875, 303.33, 100, 74232, 70
2026/07/30 06:03:32.915, 303.90, 100, 74232, 70
2026/07/30 06:03:33.952, 305.78, 100, 74232, 70
2026/07/30 06:03:34.990, 303.92, 100, 74232, 70
2026/07/30 06:03:36.027, 297.45, 100, 74232, 70
2026/07/30 06:03:37.064, 296.16, 100, 74232, 70
2026/07/30 06:03:38.104, 296.85, 100, 74232, 70
2026/07/30 06:03:39.140, 302.93, 100, 74232, 70
2026/07/30 06:03:40.178, 295.87, 100, 74232, 70
2026/07/30 06:03:41.215, 300.72, 100, 74232, 70
2026/07/30 06:03:42.252, 297.29, 100, 74232, 70
2026/07/30 06:03:43.290, 294.14, 100, 74232, 70
2026/07/30 06:03:44.328, 296.45, 100, 74232, 70
2026/07/30 06:03:45.365, 282.48, 100, 74232, 70
2026/07/30 06:03:46.402, 293.16, 100, 74232, 70
2026/07/30 06:03:47.438, 298.49, 100, 74232, 70
2026/07/30 06:03:48.478, 296.56, 100, 74232, 70
2026/07/30 06:03:49.515, 295.21, 100, 74232, 70
2026/07/30 06:03:50.553, 295.59, 100, 74232, 70
2026/07/30 06:03:51.590, 296.85, 100, 74232, 70
2026/07/30 06:03:52.628, 296.45, 100, 74232, 70
2026/07/30 06:03:53.667, 297.51, 100, 74232, 70
2026/07/30 06:03:54.704, 303.16, 100, 74232, 70
2026/07/30 06:03:55.743, 297.72, 100, 74232, 70
2026/07/30 06:03:56.779, 301.64, 100, 74232, 70
2026/07/30 06:03:57.816, 304.77, 100, 74232, 70
2026/07/30 06:03:58.853, 303.61, 100, 74232, 70
2026/07/30 06:03:59.891, 295.00, 100, 74232, 70
2026/07/30 06:04:00.929, 302.94, 100, 74232, 70
2026/07/30 06:04:01.967, 295.50, 100, 74232, 70
2026/07/30 06:04:03.006, 299.53, 100, 74232, 70
2026/07/30 06:04:04.043, 302.66, 100, 74232, 70
2026/07/30 06:04:05.081, 303.56, 100, 74232, 70
2026/07/30 06:04:06.118, 306.17, 100, 74232, 70
2026/07/30 06:04:07.155, 302.08, 100, 74232, 70
2026/07/30 06:04:08.193, 303.86, 100, 74232, 70
2026/07/30 06:04:09.232, 303.14, 100, 74232, 70
2026/07/30 06:04:10.269, 294.70, 100, 74232, 70
2026/07/30 06:04:11.314, 296.45, 100, 74232, 70
2026/07/30 06:04:12.355, 295.97, 100, 74232, 70
2026/07/30 06:04:13.392, 297.30, 100, 74232, 70
2026/07/30 06:04:14.435, 296.66, 100, 74232, 70
2026/07/30 06:04:15.474, 296.17, 100, 74232, 70
2026/07/30 06:04:16.510, 300.53, 100, 74232, 70
2026/07/30 06:04:17.550, 296.65, 100, 74232, 70
2026/07/30 06:04:18.588, 295.98, 100, 74232, 70
2026/07/30 06:04:19.626, 293.05, 100, 74232, 70
2026/07/30 06:04:20.663, 295.85, 100, 74232, 70
2026/07/30 06:04:21.702, 295.49, 100, 74232, 70
2026/07/30 06:04:22.739, 292.40, 100, 74232, 70
2026/07/30 06:04:23.778, 301.67, 100, 74232, 70
2026/07/30 06:04:24.816, 304.04, 100, 74232, 70
2026/07/30 06:04:25.855, 305.28, 100, 74232, 70
2026/07/30 06:04:26.893, 301.80, 100, 74232, 70
2026/07/30 06:04:27.933, 303.82, 100, 74232, 70
2026/07/30 06:04:28.970, 304.18, 100, 74232, 70
2026/07/30 06:04:30.008, 303.84, 100, 74232, 70
2026/07/30 06:04:31.046, 299.38, 100, 74232, 70
2026/07/30 06:04:32.082, 296.56, 100, 74232, 69
2026/07/30 06:04:33.343, 294.71, 100, 74232, 69
2026/07/30 06:04:34.380, 296.36, 100, 74232, 69
2026/07/30 06:04:35.419, 303.37, 100, 74232, 69
2026/07/30 06:04:36.458, 293.74, 100, 74232, 69
2026/07/30 06:04:37.496, 303.56, 100, 74232, 69
2026/07/30 06:04:38.534, 296.65, 100, 74232, 69
2026/07/30 06:04:39.571, 300.53, 100, 74232, 69
2026/07/30 06:04:40.609, 295.49, 100, 74232, 69
2026/07/30 06:04:41.645, 299.57, 100, 74232, 69
2026/07/30 06:04:42.682, 299.37, 100, 74232, 69
2026/07/30 06:04:43.720, 296.77, 100, 74232, 69
2026/07/30 06:04:44.758, 299.27, 100, 74232, 69
2026/07/30 06:04:45.794, 297.24, 100, 74232, 69
2026/07/30 06:04:46.834, 305.45, 100, 74232, 69
2026/07/30 06:04:47.872, 303.76, 100, 74232, 69
2026/07/30 06:04:48.910, 302.53, 100, 74232, 69
2026/07/30 06:04:49.947, 303.16, 100, 74232, 69
2026/07/30 06:04:50.985, 299.73, 100, 74232, 69
2026/07/30 06:04:52.022, 299.18, 100, 74232, 69
2026/07/30 06:04:53.060, 302.24, 100, 74232, 70
2026/07/30 06:04:54.097, 302.94, 100, 74232, 70
2026/07/30 06:04:55.133, 303.56, 100, 74232, 70
2026/07/30 06:04:56.173, 298.88, 100, 74232, 70
2026/07/30 06:04:57.211, 302.12, 100, 74232, 70
2026/07/30 06:04:58.249, 294.70, 100, 74232, 70
2026/07/30 06:04:59.288, 296.28, 100, 74232, 70
2026/07/30 06:05:00.324, 298.69, 100, 74232, 70
2026/07/30 06:05:01.362, 294.61, 100, 74232, 70
2026/07/30 06:05:02.400, 295.49, 100, 74232, 70
2026/07/30 06:05:03.440, 296.27, 100, 74232, 70
2026/07/30 06:05:04.479, 295.69, 100, 74232, 70
2026/07/30 06:05:05.515, 292.09, 100, 74232, 70
2026/07/30 06:05:06.552, 295.39, 100, 74232, 70
2026/07/30 06:05:07.589, 296.44, 100, 74232, 70
2026/07/30 06:05:08.627, 296.48, 100, 74232, 70
2026/07/30 06:05:09.665, 293.85, 100, 74232, 70
2026/07/30 06:05:10.709, 302.62, 100, 74232, 70
2026/07/30 06:05:11.747, 303.71, 100, 74232, 70
2026/07/30 06:05:12.785, 310.04, 100, 74232, 70
2026/07/30 06:05:13.822, 298.17, 100, 74232, 70
2026/07/30 06:05:14.859, 297.81, 100, 74232, 70
2026/07/30 06:05:15.898, 297.80, 100, 74232, 70
2026/07/30 06:05:16.936, 297.64, 100, 74232, 70
2026/07/30 06:05:17.975, 303.32, 100, 74232, 70
2026/07/30 06:05:19.012, 302.57, 100, 74232, 70
2026/07/30 06:05:20.051, 303.52, 100, 74232, 70
2026/07/30 06:05:21.089, 296.87, 100, 74232, 70
2026/07/30 06:05:22.128, 302.48, 100, 74232, 70
2026/07/30 06:05:23.165, 303.89, 100, 74232, 70
2026/07/30 06:05:24.204, 303.98, 100, 74232, 70
2026/07/30 06:05:25.243, 298.09, 100, 74232, 70
2026/07/30 06:05:26.282, 302.93, 100, 74232, 70
2026/07/30 06:05:27.319, 303.18, 100, 74232, 70
2026/07/30 06:05:28.360, 296.08, 100, 74232, 69
2026/07/30 06:05:29.398, 293.83, 100, 74232, 69
2026/07/30 06:05:30.435, 295.38, 100, 74232, 69
2026/07/30 06:05:31.473, 295.98, 100, 74232, 69
2026/07/30 06:05:32.510, 298.01, 100, 74232, 69
2026/07/30 06:05:33.548, 293.64, 100, 74232, 69
2026/07/30 06:05:34.585, 301.21, 100, 74232, 70
2026/07/30 06:05:35.623, 303.03, 100, 74232, 70
2026/07/30 06:05:36.660, 303.71, 100, 74232, 70
2026/07/30 06:05:37.697, 302.65, 100, 74232, 70
2026/07/30 06:05:38.735, 295.86, 100, 74232, 69
2026/07/30 06:05:39.773, 295.88, 100, 74232, 69
2026/07/30 06:05:40.812, 298.12, 100, 74232, 69
2026/07/30 06:05:41.852, 296.15, 100, 74232, 69
2026/07/30 06:05:42.891, 295.28, 100, 74232, 69
2026/07/30 06:05:43.928, 295.87, 100, 74232, 69
2026/07/30 06:05:44.970, 295.40, 100, 74232, 69
2026/07/30 06:05:46.009, 296.16, 100, 74232, 70
2026/07/30 06:05:47.046, 293.45, 100, 74232, 70
2026/07/30 06:05:48.084, 300.90, 100, 74232, 70
2026/07/30 06:05:49.120, 303.05, 100, 74232, 70
2026/07/30 06:05:50.157, 304.22, 100, 74232, 70
2026/07/30 06:05:51.194, 294.81, 100, 74232, 70
2026/07/30 06:05:52.231, 301.13, 100, 74232, 70
2026/07/30 06:05:53.269, 296.84, 100, 74232, 70
2026/07/30 06:05:54.306, 298.01, 100, 74232, 70
2026/07/30 06:05:55.344, 304.34, 100, 74232, 70
2026/07/30 06:05:56.383, 300.74, 100, 74232, 70
2026/07/30 06:05:57.420, 295.18, 100, 74232, 70
2026/07/30 06:05:58.462, 290.04, 100, 74232, 69
2026/07/30 06:05:59.500, 296.75, 100, 74232, 70
2026/07/30 06:06:00.537, 293.92, 100, 74232, 70
2026/07/30 06:06:01.575, 292.57, 100, 74232, 70
2026/07/30 06:06:02.612, 295.68, 100, 74232, 70
2026/07/30 06:06:03.650, 297.34, 100, 74232, 70
2026/07/30 06:06:04.687, 303.36, 100, 74232, 70
2026/07/30 06:06:05.724, 299.16, 100, 74232, 70
2026/07/30 06:06:06.762, 294.70, 100, 74232, 70
2026/07/30 06:06:07.799, 294.50, 100, 74232, 70
2026/07/30 06:06:08.837, 300.71, 100, 74232, 70
2026/07/30 06:06:09.875, 297.42, 100, 74232, 70
2026/07/30 06:06:10.913, 304.31, 100, 74232, 70
2026/07/30 06:06:11.950, 301.40, 100, 74232, 70
2026/07/30 06:06:12.989, 303.78, 100, 74232, 70
2026/07/30 06:06:14.026, 294.99, 100, 74232, 70
2026/07/30 06:06:15.064, 293.25, 100, 74232, 70
2026/07/30 06:06:16.101, 292.77, 100, 74232, 70
2026/07/30 06:06:17.137, 298.39, 100, 74232, 70
2026/07/30 06:06:18.175, 302.36, 100, 74232, 70
2026/07/30 06:06:19.213, 303.33, 100, 74232, 70
2026/07/30 06:06:20.250, 300.15, 100, 74232, 70
2026/07/30 06:06:21.287, 297.63, 100, 74232, 70
2026/07/30 06:06:22.324, 301.86, 100, 74232, 70
2026/07/30 06:06:23.364, 304.09, 100, 74232, 70
2026/07/30 06:06:24.401, 292.18, 100, 74232, 70
2026/07/30 06:06:25.439, 304.48, 100, 74232, 70
2026/07/30 06:06:26.476, 298.12, 100, 74232, 70
2026/07/30 06:06:27.513, 295.88, 100, 74232, 70
2026/07/30 06:06:28.550, 296.54, 100, 74232, 70
2026/07/30 06:06:29.587, 289.55, 100, 74232, 70
2026/07/30 06:06:30.627, 296.56, 100, 74232, 70
2026/07/30 06:06:31.666, 296.17, 100, 74232, 70
2026/07/30 06:06:32.703, 303.41, 100, 74232, 70
2026/07/30 06:06:33.748, 295.01, 100, 74232, 70
2026/07/30 06:06:34.785, 293.44, 100, 74232, 70
2026/07/30 06:06:35.823, 296.06, 100, 74232, 70
2026/07/30 06:06:36.860, 297.45, 100, 74232, 70
2026/07/30 06:06:37.895, 297.32, 100, 74232, 70
2026/07/30 06:06:38.933, 297.13, 100, 74232, 70
2026/07/30 06:06:39.971, 300.02, 100, 74232, 70
2026/07/30 06:06:41.008, 302.56, 100, 74232, 70
2026/07/30 06:06:42.045, 292.68, 100, 74232, 70
2026/07/30 06:06:43.082, 296.83, 100, 74232, 70
2026/07/30 06:06:44.119, 297.04, 100, 74232, 70
2026/07/30 06:06:45.157, 308.32, 100, 74232, 70
2026/07/30 06:06:46.194, 296.94, 100, 74232, 70
2026/07/30 06:06:47.232, 297.52, 100, 74232, 70
2026/07/30 06:06:48.268, 295.00, 100, 74232, 70
2026/07/30 06:06:49.306, 296.65, 100, 74232, 70
2026/07/30 06:06:50.343, 297.43, 100, 74232, 70
2026/07/30 06:06:51.381, 302.93, 100, 74232, 70
2026/07/30 06:06:52.417, 302.23, 100, 74232, 70
2026/07/30 06:06:53.457, 303.22, 100, 74232, 70
2026/07/30 06:06:54.494, 300.82, 100, 74232, 70
2026/07/30 06:06:55.532, 296.54, 100, 74232, 70
2026/07/30 06:06:56.569, 304.31, 100, 74232, 70
2026/07/30 06:06:57.607, 300.51, 100, 74232, 70
2026/07/30 06:06:58.645, 304.23, 100, 74232, 70
2026/07/30 06:06:59.682, 300.53, 100, 74232, 70
2026/07/30 06:07:00.720, 303.16, 100, 74232, 70
2026/07/30 06:07:01.757, 295.59, 100, 74232, 70
2026/07/30 06:07:02.795, 295.56, 100, 74232, 70
2026/07/30 06:07:03.835, 304.34, 100, 74232, 70
2026/07/30 06:07:04.876, 300.92, 100, 74232, 70
2026/07/30 06:07:05.913, 295.21, 100, 74232, 70
2026/07/30 06:07:06.950, 296.24, 100, 74232, 70
2026/07/30 06:07:07.988, 301.41, 100, 74232, 70
2026/07/30 06:07:09.025, 299.88, 100, 74232, 70
2026/07/30 06:07:10.062, 305.17, 100, 74232, 70
2026/07/30 06:07:11.100, 293.24, 100, 74232, 70
2026/07/30 06:07:12.137, 302.75, 100, 74232, 70
2026/07/30 06:07:13.175, 302.58, 100, 74232, 70
2026/07/30 06:07:14.213, 303.83, 100, 74232, 70
2026/07/30 06:07:15.250, 302.92, 100, 74232, 70
2026/07/30 06:07:16.289, 304.48, 100, 74232, 70
2026/07/30 06:07:17.326, 305.11, 100, 74232, 70
2026/07/30 06:07:18.364, 304.53, 100, 74232, 70
2026/07/30 06:07:19.401, 298.51, 100, 74232, 70
2026/07/30 06:07:20.439, 296.07, 100, 74232, 70
2026/07/30 06:07:21.476, 294.98, 100, 74232, 70
2026/07/30 06:07:22.513, 295.96, 100, 74232, 70
2026/07/30 06:07:23.551, 296.85, 100, 74232, 70
2026/07/30 06:07:24.588, 295.97, 100, 74232, 70
2026/07/30 06:07:25.625, 303.87, 100, 74232, 70
2026/07/30 06:07:26.662, 300.03, 100, 74232, 70
2026/07/30 06:07:27.700, 301.89, 100, 74232, 70
2026/07/30 06:07:28.737, 300.82, 100, 74232, 70
2026/07/30 06:07:29.775, 303.75, 100, 74232, 70
2026/07/30 06:07:30.812, 303.78, 100, 74232, 70
2026/07/30 06:07:31.849, 303.42, 100, 74232, 70
2026/07/30 06:07:32.886, 304.39, 100, 74232, 70
2026/07/30 06:07:33.923, 301.30, 100, 74232, 70
2026/07/30 06:07:34.961, 293.56, 100, 74232, 69
2026/07/30 06:07:35.999, 295.86, 100, 74232, 70
2026/07/30 06:07:37.037, 302.93, 100, 74232, 70
2026/07/30 06:07:38.074, 293.45, 100, 74232, 69
2026/07/30 06:07:39.114, 296.74, 100, 74232, 69
2026/07/30 06:07:40.155, 291.13, 100, 74232, 69
2026/07/30 06:07:41.193, 295.87, 100, 74232, 69
2026/07/30 06:07:42.237, 306.63, 100, 74232, 70
2026/07/30 06:07:43.274, 297.13, 100, 74232, 69
2026/07/30 06:07:44.318, 298.12, 100, 74232, 69
2026/07/30 06:07:45.354, 303.84, 100, 74232, 69
2026/07/30 06:07:46.392, 297.90, 100, 74232, 69
2026/07/30 06:07:47.434, 302.09, 100, 74232, 69
2026/07/30 06:07:48.471, 302.07, 100, 74232, 69
2026/07/30 06:07:49.511, 303.35, 100, 74232, 69
2026/07/30 06:07:50.553, 301.97, 100, 74232, 69
2026/07/30 06:07:51.590, 298.29, 100, 74232, 69
2026/07/30 06:07:52.629, 293.43, 100, 74232, 69
2026/07/30 06:07:53.667, 295.30, 100, 74232, 69
2026/07/30 06:07:54.704, 299.26, 100, 74232, 69
2026/07/30 06:07:55.741, 93.89, 0, 74232, 66
2026/07/30 06:07:56.774, 283.09, 100, 74232, 70
2026/07/30 06:07:57.810, 284.52, 100, 74232, 71
2026/07/30 06:07:58.845, 277.49, 100, 74232, 71
2026/07/30 06:07:59.882, 290.43, 100, 74232, 71
2026/07/30 06:08:00.918, 289.64, 100, 74232, 71
2026/07/30 06:08:01.953, 297.97, 100, 74232, 71
2026/07/30 06:08:02.989, 291.03, 100, 74232, 69
2026/07/30 06:08:04.027, 290.73, 100, 74232, 69
2026/07/30 06:08:05.066, 296.08, 100, 74232, 69
2026/07/30 06:08:06.103, 290.74, 100, 74232, 69
2026/07/30 06:08:07.140, 294.12, 100, 74232, 69
2026/07/30 06:08:08.177, 295.89, 100, 74232, 69
2026/07/30 06:08:09.214, 293.46, 100, 74232, 69
2026/07/30 06:08:10.252, 295.67, 100, 74232, 69
2026/07/30 06:08:11.291, 295.88, 100, 74232, 70
2026/07/30 06:08:12.328, 302.78, 100, 74232, 70
2026/07/30 06:08:13.364, 302.67, 100, 74232, 70
2026/07/30 06:08:14.401, 304.25, 100, 74232, 70
2026/07/30 06:08:15.440, 302.00, 100, 74232, 70
2026/07/30 06:08:16.478, 300.61, 100, 74232, 70
2026/07/30 06:08:17.515, 302.78, 100, 74232, 70
2026/07/30 06:08:18.553, 300.23, 100, 74232, 70
2026/07/30 06:08:19.590, 300.05, 100, 74232, 70
2026/07/30 06:08:20.626, 303.06, 100, 74232, 70
2026/07/30 06:08:21.663, 302.80, 100, 74232, 70
2026/07/30 06:08:22.700, 299.38, 100, 74232, 70
2026/07/30 06:08:23.738, 294.81, 100, 74232, 70
2026/07/30 06:08:24.777, 295.12, 100, 74232, 70
2026/07/30 06:08:25.816, 297.80, 100, 74232, 70
2026/07/30 06:08:26.853, 302.97, 100, 74232, 70
2026/07/30 06:08:27.900, 296.36, 100, 74232, 70
2026/07/30 06:08:28.941, 298.17, 100, 74232, 70
2026/07/30 06:08:29.979, 299.66, 100, 74232, 70
2026/07/30 06:08:31.018, 296.27, 100, 74232, 70
2026/07/30 06:08:32.055, 298.61, 100, 74232, 70
2026/07/30 06:08:33.092, 294.43, 100, 74232, 70
2026/07/30 06:08:34.132, 296.85, 100, 74232, 70
2026/07/30 06:08:35.169, 302.80, 100, 74232, 70
2026/07/30 06:08:36.207, 301.89, 100, 74232, 70
2026/07/30 06:08:37.244, 296.07, 100, 74232, 70
2026/07/30 06:08:38.282, 296.77, 100, 74232, 69
2026/07/30 06:08:39.320, 294.11, 100, 74232, 69
2026/07/30 06:08:40.356, 295.58, 100, 74232, 69
2026/07/30 06:08:41.392, 293.26, 100, 74232, 69
2026/07/30 06:08:42.430, 299.95, 100, 74232, 69
2026/07/30 06:08:43.468, 292.86, 100, 74232, 69
2026/07/30 06:08:44.510, 293.25, 100, 74232, 69
2026/07/30 06:08:45.548, 294.41, 100, 74232, 69
2026/07/30 06:08:46.584, 295.89, 100, 74232, 69
2026/07/30 06:08:47.634, 294.23, 100, 74232, 69
2026/07/30 06:08:48.671, 94.78, 2, 74232, 66
2026/07/30 06:08:49.715, 308.19, 100, 74232, 71
2026/07/30 06:08:50.751, 293.98, 100, 74232, 71
2026/07/30 06:08:51.788, 303.06, 100, 74232, 70
2026/07/30 06:08:52.826, 292.58, 100, 74232, 71
2026/07/30 06:08:53.861, 294.40, 100, 74232, 71
2026/07/30 06:08:54.901, 289.83, 100, 74232, 71
2026/07/30 06:08:55.940, 300.64, 100, 74232, 69
2026/07/30 06:08:56.978, 302.76, 100, 74232, 69
2026/07/30 06:08:58.016, 299.96, 100, 74232, 69
2026/07/30 06:08:59.054, 302.08, 88, 74232, 71
2026/07/30 06:09:00.090, 294.61, 100, 74232, 71
2026/07/30 06:09:01.126, 312.98, 100, 74232, 71
2026/07/30 06:09:02.161, 294.04, 100, 74232, 71
2026/07/30 06:09:03.197, 317.80, 100, 74232, 71
2026/07/30 06:09:04.231, 284.13, 100, 74232, 71
2026/07/30 06:09:05.267, 288.78, 100, 74232, 71
2026/07/30 06:09:06.304, 303.27, 100, 74232, 69
2026/07/30 06:09:07.342, 296.47, 100, 74232, 69
2026/07/30 06:09:08.382, 288.88, 100, 74232, 69
2026/07/30 06:09:09.423, 295.87, 100, 74232, 69
2026/07/30 06:09:10.461, 288.87, 100, 74232, 69
2026/07/30 06:09:11.506, 285.00, 100, 74232, 70
2026/07/30 06:09:12.545, 296.08, 100, 74232, 70
2026/07/30 06:09:13.582, 296.46, 100, 74232, 70
2026/07/30 06:09:14.627, 298.90, 100, 74232, 70
2026/07/30 06:09:15.665, 295.19, 100, 74232, 70
2026/07/30 06:09:16.702, 303.16, 100, 74232, 70
2026/07/30 06:09:17.743, 297.91, 100, 74232, 71
2026/07/30 06:09:18.779, 293.24, 100, 74232, 71
2026/07/30 06:09:19.815, 321.27, 100, 74232, 71
2026/07/30 06:09:20.857, 291.21, 100, 74232, 71
2026/07/30 06:09:21.892, 311.97, 100, 74232, 72
2026/07/30 06:09:22.928, 259.30, 100, 74232, 71
2026/07/30 06:09:23.966, 300.62, 100, 74232, 71
2026/07/30 06:09:25.001, 291.82, 100, 74232, 70
2026/07/30 06:09:26.038, 294.42, 100, 74232, 70
2026/07/30 06:09:27.076, 296.36, 89, 74232, 71
2026/07/30 06:09:28.113, 291.42, 100, 74232, 71
2026/07/30 06:09:29.149, 297.60, 100, 74232, 71
2026/07/30 06:09:30.185, 266.36, 100, 74232, 72
2026/07/30 06:09:31.220, 299.17, 100, 74232, 72
2026/07/30 06:09:32.254, 311.09, 100, 74232, 72
2026/07/30 06:09:33.291, 307.27, 100, 74232, 71
2026/07/30 06:09:34.331, 303.69, 100, 74232, 70
2026/07/30 06:09:35.369, 303.78, 100, 74232, 70
2026/07/30 06:09:36.405, 299.49, 100, 74232, 70
2026/07/30 06:09:37.443, 299.56, 100, 74232, 70
2026/07/30 06:09:38.481, 296.92, 100, 74232, 70
2026/07/30 06:09:39.519, 291.70, 100, 74232, 70
2026/07/30 06:09:40.558, 296.15, 100, 74232, 70
2026/07/30 06:09:41.598, 288.22, 100, 74232, 70
2026/07/30 06:09:42.636, 287.22, 100, 74232, 70
2026/07/30 06:09:43.677, 287.30, 100, 74232, 70
2026/07/30 06:09:44.715, 294.32, 100, 74232, 70
2026/07/30 06:09:45.753, 296.65, 100, 74232, 70
2026/07/30 06:09:46.793, 305.11, 100, 74232, 70
2026/07/30 06:09:47.831, 293.52, 100, 74232, 70
2026/07/30 06:09:48.869, 297.24, 100, 74232, 70
2026/07/30 06:09:49.907, 297.70, 100, 74232, 70
2026/07/30 06:09:50.945, 307.42, 100, 74232, 70
2026/07/30 06:09:51.982, 303.63, 100, 74232, 70
2026/07/30 06:09:53.021, 297.72, 100, 74232, 70
2026/07/30 06:09:54.058, 304.00, 100, 74232, 70
2026/07/30 06:09:55.097, 302.45, 100, 74232, 70
2026/07/30 06:09:56.134, 294.25, 100, 74232, 70
2026/07/30 06:09:57.173, 298.02, 100, 74232, 70
2026/07/30 06:09:58.211, 296.35, 100, 74232, 70
2026/07/30 06:09:59.248, 303.93, 100, 74232, 70
2026/07/30 06:10:00.285, 300.62, 100, 74232, 70
2026/07/30 06:10:01.323, 299.77, 100, 74232, 70
2026/07/30 06:10:02.362, 302.83, 100, 74232, 70
2026/07/30 06:10:03.403, 297.91, 100, 74232, 70
2026/07/30 06:10:04.441, 300.82, 100, 74232, 70
2026/07/30 06:10:05.478, 294.01, 100, 74232, 70
2026/07/30 06:10:06.516, 296.06, 100, 74232, 70
2026/07/30 06:10:07.553, 298.85, 100, 74232, 70
2026/07/30 06:10:08.591, 302.79, 100, 74232, 70
2026/07/30 06:10:09.628, 294.20, 100, 74232, 70
2026/07/30 06:10:10.666, 296.56, 100, 74232, 70
2026/07/30 06:10:11.704, 295.86, 100, 74232, 70
2026/07/30 06:10:12.745, 297.93, 100, 74232, 70
2026/07/30 06:10:13.786, 297.89, 100, 74232, 70
2026/07/30 06:10:14.824, 294.32, 100, 74232, 70
2026/07/30 06:10:15.864, 296.75, 100, 74232, 70
2026/07/30 06:10:16.902, 297.51, 100, 74232, 70
2026/07/30 06:10:17.943, 298.87, 100, 74232, 70
2026/07/30 06:10:18.982, 294.92, 100, 74232, 70
2026/07/30 06:10:20.019, 296.64, 100, 74232, 70
2026/07/30 06:10:21.058, 296.74, 100, 74232, 70
2026/07/30 06:10:22.095, 296.54, 100, 74232, 70
2026/07/30 06:10:23.137, 296.36, 100, 74232, 70
2026/07/30 06:10:24.174, 296.75, 100, 74232, 70
2026/07/30 06:10:25.212, 301.12, 100, 74232, 70
2026/07/30 06:10:26.250, 294.32, 100, 74232, 70
2026/07/30 06:10:27.286, 295.59, 100, 74232, 70
2026/07/30 06:10:28.323, 303.75, 100, 74232, 70
2026/07/30 06:10:29.360, 300.56, 100, 74232, 70
2026/07/30 06:10:30.398, 292.09, 100, 74232, 70
2026/07/30 06:10:31.435, 301.11, 100, 74232, 70
2026/07/30 06:10:32.472, 302.95, 100, 74232, 70
2026/07/30 06:10:33.510, 307.24, 100, 74232, 70
2026/07/30 06:10:34.553, 304.39, 100, 74232, 70
2026/07/30 06:10:35.591, 301.11, 100, 74232, 70
2026/07/30 06:10:36.629, 303.16, 100, 74232, 70
2026/07/30 06:10:37.669, 298.00, 100, 74232, 70
2026/07/30 06:10:38.708, 304.24, 100, 74232, 70
2026/07/30 06:10:39.745, 299.25, 100, 74232, 70
2026/07/30 06:10:40.783, 299.75, 100, 74232, 70
2026/07/30 06:10:41.821, 302.87, 100, 74232, 70
2026/07/30 06:10:42.859, 297.59, 100, 74232, 70
2026/07/30 06:10:43.895, 296.75, 100, 74232, 70
2026/07/30 06:10:44.931, 293.06, 100, 74232, 70
2026/07/30 06:10:45.968, 291.50, 100, 74232, 70
2026/07/30 06:10:47.006, 297.21, 100, 74232, 70
2026/07/30 06:10:48.044, 304.08, 100, 74232, 70
2026/07/30 06:10:49.083, 304.19, 100, 74232, 70
2026/07/30 06:10:50.123, 296.44, 100, 74232, 70
2026/07/30 06:10:51.162, 294.98, 100, 74232, 70
2026/07/30 06:10:52.199, 297.03, 100, 74232, 70
2026/07/30 06:10:53.236, 293.75, 100, 74232, 70
2026/07/30 06:10:54.274, 300.04, 100, 74232, 70
2026/07/30 06:10:55.312, 301.99, 100, 74232, 70
2026/07/30 06:10:56.352, 303.86, 100, 74232, 70
2026/07/30 06:10:57.390, 297.83, 100, 74232, 70
2026/07/30 06:10:58.427, 290.93, 100, 74232, 70
2026/07/30 06:10:59.464, 296.94, 100, 74232, 70
2026/07/30 06:11:00.504, 292.86, 100, 74232, 70
2026/07/30 06:11:01.542, 293.65, 100, 74232, 70
2026/07/30 06:11:02.579, 302.95, 100, 74232, 70
2026/07/30 06:11:03.617, 305.46, 100, 74232, 70
2026/07/30 06:11:04.654, 303.19, 100, 74232, 70
2026/07/30 06:11:05.692, 294.91, 100, 74232, 70
2026/07/30 06:11:06.729, 296.93, 100, 74232, 70
2026/07/30 06:11:07.767, 289.65, 100, 74232, 70
2026/07/30 06:11:08.804, 300.07, 100, 74232, 70
2026/07/30 06:11:09.841, 302.66, 100, 74232, 70
2026/07/30 06:11:10.878, 297.52, 100, 74232, 70
2026/07/30 06:11:11.916, 296.27, 100, 74232, 70
2026/07/30 06:11:12.953, 288.30, 100, 74232, 69
2026/07/30 06:11:13.995, 294.65, 100, 74232, 70
2026/07/30 06:11:15.033, 300.43, 100, 74232, 70
2026/07/30 06:11:16.071, 301.81, 100, 74232, 70
2026/07/30 06:11:17.110, 293.04, 100, 74232, 70
2026/07/30 06:11:18.149, 293.35, 100, 74232, 69
2026/07/30 06:11:19.186, 294.61, 100, 74232, 69
2026/07/30 06:11:20.223, 295.66, 100, 74232, 69
2026/07/30 06:11:21.261, 302.58, 100, 74232, 69
2026/07/30 06:11:22.298, 304.24, 100, 74232, 70
2026/07/30 06:11:23.335, 297.91, 100, 74232, 69
2026/07/30 06:11:24.372, 302.84, 100, 74232, 69
2026/07/30 06:11:25.410, 296.83, 100, 74232, 69
2026/07/30 06:11:26.447, 296.76, 100, 74232, 69
2026/07/30 06:11:27.488, 290.91, 100, 74232, 69
2026/07/30 06:11:28.526, 300.82, 100, 74232, 69
2026/07/30 06:11:29.564, 302.58, 100, 74232, 69
2026/07/30 06:11:30.602, 299.09, 100, 74232, 69
2026/07/30 06:11:31.640, 303.37, 100, 74232, 69
2026/07/30 06:11:32.679, 304.01, 100, 74232, 69
2026/07/30 06:11:33.718, 299.93, 100, 74232, 69
2026/07/30 06:11:34.756, 296.36, 100, 74232, 69
2026/07/30 06:11:35.792, 303.39, 100, 74232, 69
2026/07/30 06:11:36.834, 292.07, 100, 74232, 69
2026/07/30 06:11:37.870, 288.49, 100, 74232, 69
2026/07/30 06:11:38.910, 295.29, 100, 74232, 69
2026/07/30 06:11:39.948, 292.67, 100, 74232, 69
2026/07/30 06:11:40.986, 301.97, 100, 74232, 69
2026/07/30 06:11:42.025, 304.33, 100, 74232, 69
2026/07/30 06:11:43.061, 301.18, 100, 74232, 69
2026/07/30 06:11:44.105, 298.71, 100, 74232, 69
2026/07/30 06:11:45.143, 295.27, 100, 74232, 69
2026/07/30 06:11:46.180, 296.67, 100, 74232, 69
2026/07/30 06:11:47.218, 291.89, 100, 74232, 69
2026/07/30 06:11:48.255, 298.50, 100, 74232, 69
2026/07/30 06:11:49.296, 302.64, 100, 74232, 69
2026/07/30 06:11:50.333, 302.96, 100, 74232, 69
2026/07/30 06:11:51.370, 302.30, 100, 74232, 69
2026/07/30 06:11:52.407, 303.92, 100, 74232, 69
2026/07/30 06:11:53.444, 300.68, 100, 74232, 69
2026/07/30 06:11:54.482, 298.01, 100, 74232, 69
2026/07/30 06:11:55.519, 300.45, 100, 74232, 69
2026/07/30 06:11:56.558, 302.07, 100, 74232, 69
2026/07/30 06:11:57.596, 302.10, 100, 74232, 69
2026/07/30 06:11:58.633, 296.08, 100, 74232, 69
2026/07/30 06:11:59.669, 297.99, 100, 74232, 69
2026/07/30 06:12:00.707, 304.98, 100, 74232, 69
2026/07/30 06:12:01.745, 300.81, 100, 74232, 69
2026/07/30 06:12:02.781, 302.75, 100, 74232, 69
2026/07/30 06:12:03.819, 296.56, 100, 74232, 69
2026/07/30 06:12:04.855, 292.29, 100, 74232, 69
2026/07/30 06:12:05.893, 290.84, 100, 74232, 69
2026/07/30 06:12:06.932, 295.50, 100, 74232, 69
2026/07/30 06:12:07.969, 301.61, 100, 74232, 69
2026/07/30 06:12:09.007, 303.75, 100, 74232, 69
2026/07/30 06:12:10.046, 298.23, 100, 74232, 69
2026/07/30 06:12:11.086, 292.88, 100, 74232, 69
2026/07/30 06:12:12.123, 293.64, 100, 74232, 69
2026/07/30 06:12:13.162, 295.49, 100, 74232, 69
2026/07/30 06:12:14.200, 296.18, 100, 74232, 70
2026/07/30 06:12:15.238, 304.13, 100, 74232, 70
2026/07/30 06:12:16.275, 293.15, 100, 74232, 69
2026/07/30 06:12:17.313, 301.77, 100, 74232, 70
2026/07/30 06:12:18.351, 296.46, 100, 74232, 70
2026/07/30 06:12:19.388, 303.45, 100, 74232, 70
2026/07/30 06:12:20.427, 302.47, 100, 74232, 70
2026/07/30 06:12:21.464, 303.75, 100, 74232, 70
2026/07/30 06:12:22.504, 299.38, 100, 74232, 70
2026/07/30 06:12:23.540, 301.10, 100, 74232, 70
2026/07/30 06:12:24.578, 293.54, 100, 74232, 69
2026/07/30 06:12:25.615, 301.60, 100, 74232, 69
2026/07/30 06:12:26.653, 303.97, 100, 74232, 69
2026/07/30 06:12:27.690, 302.49, 100, 74232, 69
2026/07/30 06:12:28.728, 303.36, 100, 74232, 69
2026/07/30 06:12:29.765, 297.61, 100, 74232, 69
2026/07/30 06:12:30.803, 304.60, 100, 74232, 69
2026/07/30 06:12:31.840, 296.06, 100, 74232, 69
2026/07/30 06:12:32.879, 302.11, 100, 74232, 69
2026/07/30 06:12:33.918, 291.77, 100, 74232, 69
2026/07/30 06:12:34.958, 296.68, 100, 74232, 69
2026/07/30 06:12:35.996, 292.75, 100, 74232, 69
2026/07/30 06:12:37.033, 295.78, 100, 74232, 69
2026/07/30 06:12:38.070, 300.97, 100, 74232, 69
2026/07/30 06:12:39.107, 296.63, 100, 74232, 69
2026/07/30 06:12:40.145, 296.37, 100, 74232, 69
2026/07/30 06:12:41.183, 296.34, 100, 74232, 69
2026/07/30 06:12:42.228, 300.45, 100, 74232, 69
2026/07/30 06:12:43.266, 301.50, 100, 74232, 69
2026/07/30 06:12:44.303, 292.25, 100, 74232, 69
2026/07/30 06:12:45.343, 300.80, 100, 74232, 69
2026/07/30 06:12:46.380, 301.96, 100, 74232, 70
2026/07/30 06:12:47.415, 303.56, 100, 74232, 70
2026/07/30 06:12:48.452, 303.26, 100, 74232, 70
2026/07/30 06:12:49.490, 297.34, 100, 74232, 69
2026/07/30 06:12:50.527, 295.48, 100, 74232, 70
2026/07/30 06:12:51.564, 296.90, 100, 74232, 70
2026/07/30 06:12:52.602, 294.51, 100, 74232, 70
2026/07/30 06:12:53.641, 302.75, 100, 74232, 70
2026/07/30 06:12:54.679, 302.47, 100, 74232, 70
2026/07/30 06:12:55.715, 303.52, 100, 74232, 70
2026/07/30 06:12:56.755, 304.54, 100, 74232, 70
2026/07/30 06:12:57.792, 304.01, 100, 74232, 70
2026/07/30 06:12:58.831, 299.68, 100, 74232, 70
2026/07/30 06:12:59.868, 298.39, 100, 74232, 70
2026/07/30 06:13:00.905, 296.47, 100, 74232, 70
2026/07/30 06:13:01.944, 297.12, 100, 74232, 70
2026/07/30 06:13:02.981, 297.62, 100, 74232, 70
2026/07/30 06:13:04.019, 298.80, 100, 74232, 70
2026/07/30 06:13:05.057, 298.01, 100, 74232, 70
2026/07/30 06:13:06.095, 292.47, 100, 74232, 70
2026/07/30 06:13:07.132, 296.05, 100, 74232, 70
2026/07/30 06:13:08.171, 301.29, 100, 74232, 70
2026/07/30 06:13:09.208, 306.91, 100, 74232, 70
2026/07/30 06:13:10.259, 304.58, 100, 74232, 70
2026/07/30 06:13:11.300, 298.38, 100, 74232, 70
2026/07/30 06:13:12.338, 297.90, 100, 74232, 70
2026/07/30 06:13:13.384, 295.68, 100, 74232, 70
2026/07/30 06:13:14.420, 295.78, 100, 74232, 70
2026/07/30 06:13:15.458, 296.77, 100, 74232, 70
2026/07/30 06:13:16.495, 305.18, 100, 74232, 70
2026/07/30 06:13:17.533, 297.35, 100, 74232, 70
2026/07/30 06:13:18.571, 292.96, 100, 74232, 70
2026/07/30 06:13:19.611, 302.02, 100, 74232, 70
2026/07/30 06:13:20.649, 303.16, 100, 74232, 70
2026/07/30 06:13:21.688, 304.01, 100, 74232, 70
2026/07/30 06:13:22.725, 305.42, 100, 74232, 70
2026/07/30 06:13:23.763, 299.93, 100, 74232, 70
2026/07/30 06:13:24.802, 298.18, 100, 74232, 70
2026/07/30 06:13:25.840, 291.00, 100, 74232, 70
2026/07/30 06:13:26.881, 295.50, 100, 74232, 70
2026/07/30 06:13:27.919, 298.20, 100, 74232, 70
2026/07/30 06:13:28.963, 303.23, 100, 74232, 70
2026/07/30 06:13:30.004, 296.83, 100, 74232, 70
2026/07/30 06:13:31.042, 296.94, 100, 74232, 70
2026/07/30 06:13:32.081, 304.01, 100, 74232, 70
2026/07/30 06:13:33.120, 292.37, 100, 74232, 70
2026/07/30 06:13:34.158, 295.00, 100, 74232, 70
2026/07/30 06:13:35.196, 293.14, 100, 74232, 70
2026/07/30 06:13:36.233, 295.88, 100, 74232, 70
2026/07/30 06:13:37.272, 294.61, 100, 74232, 70
2026/07/30 06:13:38.309, 296.56, 100, 74232, 70
2026/07/30 06:13:39.346, 297.53, 100, 74232, 70
2026/07/30 06:13:40.384, 297.63, 100, 74232, 70
2026/07/30 06:13:41.422, 304.20, 100, 74232, 70
2026/07/30 06:13:42.459, 307.00, 100, 74232, 70
2026/07/30 06:13:43.500, 301.66, 100, 74232, 70
2026/07/30 06:13:44.537, 293.35, 100, 74232, 70
2026/07/30 06:13:45.575, 295.95, 100, 74232, 70
2026/07/30 06:13:46.614, 296.25, 100, 74232, 70
2026/07/30 06:13:47.652, 295.59, 100, 74232, 70
2026/07/30 06:13:48.689, 297.59, 100, 74232, 70
2026/07/30 06:13:49.726, 297.70, 100, 74232, 70
2026/07/30 06:13:50.764, 296.56, 100, 74232, 70
2026/07/30 06:13:51.801, 293.06, 100, 74232, 70
2026/07/30 06:13:52.839, 297.91, 100, 74232, 70
2026/07/30 06:13:53.876, 300.84, 100, 74232, 70
2026/07/30 06:13:54.916, 298.30, 100, 74232, 70
2026/07/30 06:13:55.953, 293.42, 100, 74232, 70
2026/07/30 06:13:56.991, 294.43, 100, 74232, 70
2026/07/30 06:13:58.028, 299.73, 100, 74232, 70
2026/07/30 06:13:59.064, 298.30, 100, 74232, 70
2026/07/30 06:14:00.101, 296.06, 100, 74232, 70
2026/07/30 06:14:01.139, 299.75, 100, 74232, 70
2026/07/30 06:14:02.175, 295.97, 100, 74232, 70
2026/07/30 06:14:03.216, 296.93, 100, 74232, 70
2026/07/30 06:14:04.253, 304.14, 100, 74232, 70
2026/07/30 06:14:05.291, 304.80, 100, 74232, 70
2026/07/30 06:14:06.328, 298.19, 100, 74232, 70
2026/07/30 06:14:07.365, 296.94, 100, 74232, 70
2026/07/30 06:14:08.403, 297.72, 100, 74232, 70
2026/07/30 06:14:09.441, 300.84, 100, 74232, 70
2026/07/30 06:14:10.478, 298.51, 100, 74232, 70
2026/07/30 06:14:11.515, 294.98, 100, 74232, 70
2026/07/30 06:14:12.552, 295.18, 100, 74232, 70
2026/07/30 06:14:13.590, 302.73, 100, 74232, 70
2026/07/30 06:14:14.627, 295.20, 100, 74232, 70
2026/07/30 06:14:15.665, 299.95, 100, 74232, 70
2026/07/30 06:14:16.703, 303.92, 100, 74232, 70
2026/07/30 06:14:17.740, 300.34, 100, 74232, 70
2026/07/30 06:14:18.779, 303.61, 100, 74232, 70
2026/07/30 06:14:19.817, 304.24, 100, 74232, 70
2026/07/30 06:14:20.855, 300.33, 100, 74232, 70
2026/07/30 06:14:21.893, 300.42, 100, 74232, 70
2026/07/30 06:14:22.929, 299.29, 100, 74232, 70
2026/07/30 06:14:23.972, 304.30, 100, 74232, 70
2026/07/30 06:14:25.010, 296.06, 100, 74232, 70
2026/07/30 06:14:26.047, 297.42, 100, 74232, 70
2026/07/30 06:14:27.085, 95.99, 56, 74232, 67
2026/07/30 06:14:28.120, 293.36, 100, 74232, 71
2026/07/30 06:14:29.157, 301.67, 100, 74232, 71
2026/07/30 06:14:30.191, 295.32, 100, 74232, 71
2026/07/30 06:14:31.232, 295.10, 100, 74232, 71
2026/07/30 06:14:32.267, 283.33, 100, 74232, 71
2026/07/30 06:14:33.302, 269.03, 100, 74232, 71
2026/07/30 06:14:34.344, 303.44, 100, 74232, 70
2026/07/30 06:14:35.380, 292.48, 100, 74232, 70
2026/07/30 06:14:36.419, 294.50, 100, 74232, 70
2026/07/30 06:14:37.457, 296.47, 100, 74232, 70
2026/07/30 06:14:38.496, 294.14, 100, 74232, 70
2026/07/30 06:14:39.533, 294.52, 100, 74232, 70
2026/07/30 06:14:40.570, 296.05, 100, 74232, 70
2026/07/30 06:14:41.608, 297.73, 100, 74232, 70
2026/07/30 06:14:42.647, 304.92, 100, 74232, 70
2026/07/30 06:14:43.684, 299.08, 100, 74232, 70
2026/07/30 06:14:44.723, 298.00, 100, 74232, 70
2026/07/30 06:14:45.762, 304.82, 100, 74232, 70
2026/07/30 06:14:46.798, 296.06, 100, 74232, 70
2026/07/30 06:14:47.835, 297.80, 100, 74232, 70
2026/07/30 06:14:48.873, 289.28, 100, 74232, 71
2026/07/30 06:14:49.993, 297.60, 100, 74232, 72
2026/07/30 06:14:51.029, 291.62, 100, 74232, 72
2026/07/30 06:14:52.065, 308.35, 100, 74232, 71
2026/07/30 06:14:53.104, 296.63, 100, 74232, 72
2026/07/30 06:14:54.140, 283.24, 100, 74232, 71
2026/07/30 06:14:55.175, 276.34, 100, 74232, 71
2026/07/30 06:14:56.212, 300.22, 100, 74232, 70
2026/07/30 06:14:57.249, 302.92, 100, 74232, 70
2026/07/30 06:14:58.287, 302.59, 100, 74232, 70
2026/07/30 06:14:59.324, 94.77, 0, 74232, 66
2026/07/30 06:15:00.358, 296.65, 100, 74232, 71
2026/07/30 06:15:01.394, 302.85, 100, 74232, 71
2026/07/30 06:15:02.429, 293.39, 100, 74232, 71
2026/07/30 06:15:03.465, 296.57, 100, 74232, 71
2026/07/30 06:15:04.500, 278.25, 100, 74232, 71
2026/07/30 06:15:05.535, 305.70, 100, 74232, 72
2026/07/30 06:15:06.571, 297.14, 100, 74232, 70
2026/07/30 06:15:07.610, 292.28, 100, 74232, 70
2026/07/30 06:15:08.647, 299.17, 100, 74232, 70
2026/07/30 06:15:09.685, 304.08, 100, 74232, 70
2026/07/30 06:15:10.723, 95.44, 0, 74232, 67
2026/07/30 06:15:11.756, 297.64, 100, 74232, 72
2026/07/30 06:15:12.792, 294.91, 100, 74232, 72
2026/07/30 06:15:13.829, 309.01, 100, 74232, 72
2026/07/30 06:15:14.865, 305.22, 100, 74232, 72
2026/07/30 06:15:15.900, 269.42, 100, 74232, 72
2026/07/30 06:15:16.936, 275.48, 100, 74232, 72
2026/07/30 06:15:17.975, 257.08, 100, 74232, 70
2026/07/30 06:15:19.013, 288.69, 100, 74232, 70
2026/07/30 06:15:20.052, 297.22, 100, 74232, 70
2026/07/30 06:15:21.089, 297.61, 100, 74232, 70
2026/07/30 06:15:22.126, 395.82, 0, 74232, 72
2026/07/30 06:15:23.252, 291.80, 100, 74232, 72
2026/07/30 06:15:24.288, 286.51, 100, 74232, 72
2026/07/30 06:15:25.323, 304.05, 100, 74232, 72
2026/07/30 06:15:26.361, 294.31, 100, 74232, 72
2026/07/30 06:15:27.401, 300.43, 100, 74232, 72
2026/07/30 06:15:28.436, 331.01, 100, 74232, 73
2026/07/30 06:15:29.473, 301.94, 100, 74232, 71
2026/07/30 06:15:30.512, 304.52, 100, 74232, 71
2026/07/30 06:15:31.550, 301.40, 100, 74232, 71
2026/07/30 06:15:32.586, 305.36, 100, 74232, 71
2026/07/30 06:15:33.623, 96.63, 15, 74232, 68
2026/07/30 06:15:34.656, 304.60, 100, 74232, 72
2026/07/30 06:15:35.696, 294.45, 100, 74232, 70
2026/07/30 06:15:36.734, 287.13, 100, 74232, 70
2026/07/30 06:15:37.775, 288.41, 100, 74232, 70
2026/07/30 06:15:38.813, 284.30, 100, 74232, 70
2026/07/30 06:15:39.850, 289.09, 100, 74232, 70
2026/07/30 06:15:40.891, 290.91, 100, 74232, 71
2026/07/30 06:15:41.927, 294.05, 100, 74232, 71
2026/07/30 06:15:42.970, 295.12, 100, 74232, 71
2026/07/30 06:15:44.011, 298.89, 100, 74232, 71
2026/07/30 06:15:45.048, 295.58, 100, 74232, 71
2026/07/30 06:15:46.090, 296.95, 100, 74232, 71
2026/07/30 06:15:47.132, 299.25, 100, 74232, 71
2026/07/30 06:15:48.170, 304.80, 100, 74232, 71
2026/07/30 06:15:49.209, 304.01, 100, 74232, 71
2026/07/30 06:15:50.247, 303.83, 100, 74232, 71
2026/07/30 06:15:51.286, 292.88, 100, 74232, 70
2026/07/30 06:15:52.323, 298.59, 100, 74232, 71
2026/07/30 06:15:53.362, 300.62, 100, 74232, 71
2026/07/30 06:15:54.400, 299.18, 100, 74232, 71
2026/07/30 06:15:55.440, 296.94, 100, 74232, 71
2026/07/30 06:15:56.480, 302.17, 100, 74232, 71
2026/07/30 06:15:57.518, 301.02, 100, 74232, 71
2026/07/30 06:15:58.557, 298.60, 100, 74232, 71
2026/07/30 06:15:59.595, 296.46, 100, 74232, 71
2026/07/30 06:16:00.632, 299.85, 100, 74232, 71
2026/07/30 06:16:01.669, 303.16, 100, 74232, 71
2026/07/30 06:16:02.706, 302.98, 100, 74232, 71
2026/07/30 06:16:03.743, 304.09, 100, 74232, 71
2026/07/30 06:16:04.780, 301.87, 100, 74232, 71
2026/07/30 06:16:05.817, 302.16, 100, 74232, 71
2026/07/30 06:16:06.853, 304.41, 100, 74232, 71
2026/07/30 06:16:07.890, 299.10, 100, 74232, 71
2026/07/30 06:16:08.928, 296.27, 100, 74232, 70
2026/07/30 06:16:09.966, 296.66, 100, 74232, 70
2026/07/30 06:16:11.003, 303.06, 100, 74232, 70
2026/07/30 06:16:12.041, 295.76, 100, 74232, 70
2026/07/30 06:16:13.078, 295.66, 100, 74232, 70
2026/07/30 06:16:14.115, 295.21, 100, 74232, 70
2026/07/30 06:16:15.153, 298.60, 100, 74232, 70
2026/07/30 06:16:16.194, 295.30, 100, 74232, 70
2026/07/30 06:16:17.231, 294.73, 100, 74232, 70
2026/07/30 06:16:18.268, 301.58, 100, 74232, 70
2026/07/30 06:16:19.306, 301.91, 100, 74232, 70
2026/07/30 06:16:20.344, 303.25, 100, 74232, 70
2026/07/30 06:16:21.382, 294.32, 100, 74232, 70
2026/07/30 06:16:22.419, 293.55, 100, 74232, 70
2026/07/30 06:16:23.462, 295.10, 100, 74232, 70
2026/07/30 06:16:24.501, 293.95, 100, 74232, 70
2026/07/30 06:16:25.538, 294.41, 100, 74232, 70
2026/07/30 06:16:26.578, 295.28, 100, 74232, 70
2026/07/30 06:16:27.615, 291.81, 100, 74232, 70
2026/07/30 06:16:28.654, 292.76, 100, 74232, 70
2026/07/30 06:16:29.691, 292.38, 100, 74232, 70
2026/07/30 06:16:30.729, 293.27, 100, 74232, 70
2026/07/30 06:16:31.767, 300.64, 100, 74232, 70
2026/07/30 06:16:32.804, 298.31, 100, 74232, 70
2026/07/30 06:16:33.843, 298.51, 100, 74232, 70
2026/07/30 06:16:34.880, 300.90, 100, 74232, 70
2026/07/30 06:16:35.918, 300.82, 100, 74232, 70
2026/07/30 06:16:36.954, 301.48, 100, 74232, 70
2026/07/30 06:16:37.992, 299.67, 100, 74232, 70
2026/07/30 06:16:39.030, 295.00, 100, 74232, 70
2026/07/30 06:16:40.068, 300.73, 100, 74232, 70
2026/07/30 06:16:41.108, 300.25, 100, 74232, 70
2026/07/30 06:16:42.146, 301.24, 100, 74232, 70
2026/07/30 06:16:43.184, 302.45, 100, 74232, 70
2026/07/30 06:16:44.221, 300.72, 100, 74232, 70
2026/07/30 06:16:45.258, 294.23, 100, 74232, 70
2026/07/30 06:16:46.296, 294.04, 100, 74232, 70
2026/07/30 06:16:47.332, 296.27, 100, 74232, 70
2026/07/30 06:16:48.370, 288.97, 100, 74232, 70
2026/07/30 06:16:49.407, 294.72, 100, 74232, 70
2026/07/30 06:16:50.446, 300.53, 100, 74232, 70
2026/07/30 06:16:51.483, 297.06, 100, 74232, 70
2026/07/30 06:16:52.521, 298.76, 100, 74232, 70
2026/07/30 06:16:53.559, 299.97, 100, 74232, 70
2026/07/30 06:16:54.598, 304.30, 100, 74232, 70
2026/07/30 06:16:55.637, 298.88, 100, 74232, 70
2026/07/30 06:16:56.677, 297.81, 100, 74232, 69
2026/07/30 06:16:57.720, 302.84, 100, 74232, 70
2026/07/30 06:16:58.757, 299.15, 100, 74232, 69
2026/07/30 06:16:59.796, 297.92, 100, 74232, 70
2026/07/30 06:17:00.835, 302.94, 100, 74232, 70
2026/07/30 06:17:01.872, 299.16, 100, 74232, 70
2026/07/30 06:17:02.909, 302.64, 100, 74232, 70
2026/07/30 06:17:03.946, 300.24, 100, 74232, 70
2026/07/30 06:17:04.985, 301.74, 100, 74232, 70
2026/07/30 06:17:06.022, 302.78, 100, 74232, 70
2026/07/30 06:17:07.059, 303.32, 100, 74232, 70
2026/07/30 06:17:08.096, 294.52, 100, 74232, 70
2026/07/30 06:17:09.134, 295.49, 100, 74232, 70
2026/07/30 06:17:10.174, 302.46, 100, 74232, 70
2026/07/30 06:17:11.211, 294.63, 100, 74232, 70
2026/07/30 06:17:12.253, 300.94, 100, 74232, 70
2026/07/30 06:17:13.291, 300.73, 100, 74232, 70
2026/07/30 06:17:14.329, 295.38, 100, 74232, 70
2026/07/30 06:17:15.367, 297.81, 100, 74232, 70
2026/07/30 06:17:16.405, 301.70, 100, 74232, 70
2026/07/30 06:17:17.446, 299.66, 100, 74232, 70
2026/07/30 06:17:18.484, 299.64, 100, 74232, 70
2026/07/30 06:17:19.523, 296.65, 100, 74232, 70
2026/07/30 06:17:20.563, 290.65, 100, 74232, 70
2026/07/30 06:17:21.601, 296.37, 100, 74232, 70
2026/07/30 06:17:22.640, 294.40, 100, 74232, 70
2026/07/30 06:17:23.677, 302.30, 100, 74232, 70
2026/07/30 06:17:24.714, 337.55, 100, 74232, 71
2026/07/30 06:17:25.752, 277.35, 100, 74232, 72
2026/07/30 06:17:26.787, 291.26, 100, 74232, 71
2026/07/30 06:17:27.826, 300.98, 100, 74232, 72
2026/07/30 06:17:28.861, 283.78, 100, 74232, 71
2026/07/30 06:17:29.896, 285.91, 100, 74232, 72
2026/07/30 06:17:30.931, 297.43, 100, 74232, 70
2026/07/30 06:17:31.968, 306.82, 100, 74232, 70
2026/07/30 06:17:33.006, 302.29, 100, 74232, 70
2026/07/30 06:17:34.045, 302.85, 100, 74232, 70
2026/07/30 06:17:35.082, 303.90, 100, 74232, 70
2026/07/30 06:17:36.121, 301.21, 100, 74232, 70
2026/07/30 06:17:37.157, 303.99, 100, 74232, 70
2026/07/30 06:17:38.194, 304.44, 100, 74232, 70
2026/07/30 06:17:39.233, 301.56, 100, 74232, 70
2026/07/30 06:17:40.270, 304.70, 100, 74232, 70
2026/07/30 06:17:41.307, 298.47, 100, 74232, 70
2026/07/30 06:17:42.345, 299.00, 100, 74232, 70
2026/07/30 06:17:43.393, 297.72, 100, 74232, 70
2026/07/30 06:17:44.431, 294.93, 100, 74232, 72
2026/07/30 06:17:45.468, 299.60, 100, 74232, 72
2026/07/30 06:17:46.502, 281.54, 100, 74232, 72
2026/07/30 06:17:47.536, 275.12, 100, 74232, 72
2026/07/30 06:17:48.572, 298.69, 100, 74232, 72
2026/07/30 06:17:49.606, 305.10, 100, 74232, 72
2026/07/30 06:17:50.641, 301.89, 100, 74232, 70
2026/07/30 06:17:51.678, 303.73, 100, 74232, 70
2026/07/30 06:17:52.715, 303.36, 100, 74232, 70
2026/07/30 06:17:53.752, 300.53, 100, 74232, 70
2026/07/30 06:17:54.795, 95.84, 0, 74232, 67
2026/07/30 06:17:55.875, 296.68, 100, 74232, 72
2026/07/30 06:17:56.914, 307.57, 100, 74232, 72
2026/07/30 06:17:57.949, 294.60, 100, 74232, 72
2026/07/30 06:17:58.992, 292.84, 100, 74232, 72
2026/07/30 06:18:00.028, 283.56, 100, 74232, 72
2026/07/30 06:18:01.063, 318.10, 100, 74232, 72
2026/07/30 06:18:02.103, 298.10, 100, 74232, 70
2026/07/30 06:18:03.142, 301.35, 100, 74232, 70
2026/07/30 06:18:04.179, 303.06, 100, 74232, 70
2026/07/30 06:18:05.217, 297.25, 100, 74232, 72
2026/07/30 06:18:06.251, 284.64, 100, 74232, 72
2026/07/30 06:18:07.287, 304.36, 100, 74232, 72
2026/07/30 06:18:08.327, 295.96, 100, 74232, 72
2026/07/30 06:18:09.364, 301.51, 100, 74232, 72
2026/07/30 06:18:10.397, 313.97, 100, 74232, 72
2026/07/30 06:18:11.432, 295.40, 100, 74232, 71
2026/07/30 06:18:12.469, 305.93, 100, 74232, 71
2026/07/30 06:18:13.506, 305.37, 100, 74232, 71
2026/07/30 06:18:14.544, 343.70, 83, 74232, 72
2026/07/30 06:18:15.579, 299.27, 100, 74232, 72
2026/07/30 06:18:16.612, 300.72, 100, 74232, 72
2026/07/30 06:18:17.651, 289.75, 100, 74232, 73
2026/07/30 06:18:18.687, 296.02, 100, 74232, 73
2026/07/30 06:18:19.723, 283.83, 100, 74232, 73
2026/07/30 06:18:20.767, 264.49, 100, 74232, 73
2026/07/30 06:18:21.801, 302.55, 100, 74232, 71
2026/07/30 06:18:22.839, 303.18, 100, 74232, 71
2026/07/30 06:18:23.877, 306.23, 100, 74232, 71
2026/07/30 06:18:24.914, 300.15, 100, 74232, 71
2026/07/30 06:18:25.953, 301.40, 100, 74232, 71
2026/07/30 06:18:26.990, 303.63, 100, 74232, 71
2026/07/30 06:18:28.027, 305.36, 100, 74232, 71
2026/07/30 06:18:29.068, 298.92, 100, 74232, 71
2026/07/30 06:18:30.105, 365.69, 7, 74232, 72
2026/07/30 06:18:31.140, 288.81, 100, 74232, 72
2026/07/30 06:18:32.177, 299.26, 100, 74232, 73
2026/07/30 06:18:33.212, 305.52, 100, 74232, 73
2026/07/30 06:18:34.248, 291.99, 100, 74232, 72
2026/07/30 06:18:35.285, 306.19, 100, 74232, 73
2026/07/30 06:18:36.329, 313.34, 100, 74232, 73
2026/07/30 06:18:37.363, 304.68, 100, 74232, 71
2026/07/30 06:18:38.400, 297.84, 100, 74232, 71
2026/07/30 06:18:39.436, 294.51, 100, 74232, 71
2026/07/30 06:18:40.474, 297.23, 100, 74232, 71
2026/07/30 06:18:41.513, 295.10, 100, 74232, 71
2026/07/30 06:18:42.552, 295.39, 100, 74232, 71
2026/07/30 06:18:43.591, 296.36, 100, 74232, 71
2026/07/30 06:18:44.631, 304.68, 100, 74232, 71
2026/07/30 06:18:45.668, 296.86, 100, 74232, 71
2026/07/30 06:18:46.705, 297.84, 100, 74232, 71
2026/07/30 06:18:47.743, 299.17, 100, 74232, 71
2026/07/30 06:18:48.779, 301.67, 100, 74232, 71
2026/07/30 06:18:49.817, 294.24, 100, 74232, 71
2026/07/30 06:18:50.854, 301.94, 100, 74232, 71
2026/07/30 06:18:51.892, 303.74, 100, 74232, 72
2026/07/30 06:18:52.930, 304.98, 100, 74232, 71
2026/07/30 06:18:53.967, 305.07, 100, 74232, 71
2026/07/30 06:18:55.008, 305.67, 100, 74232, 71
2026/07/30 06:18:56.047, 305.50, 100, 74232, 71
2026/07/30 06:18:57.086, 296.67, 100, 74232, 71
2026/07/30 06:18:58.124, 299.17, 100, 74232, 71
2026/07/30 06:18:59.161, 297.62, 100, 74232, 71
2026/07/30 06:19:00.199, 292.68, 100, 74232, 71
2026/07/30 06:19:01.237, 297.53, 100, 74232, 71
2026/07/30 06:19:02.275, 293.13, 100, 74232, 71
2026/07/30 06:19:03.311, 299.48, 100, 74232, 71
2026/07/30 06:19:04.350, 300.63, 100, 74232, 71
2026/07/30 06:19:05.388, 295.00, 100, 74232, 71
2026/07/30 06:19:06.427, 293.53, 100, 74232, 71
2026/07/30 06:19:07.465, 302.45, 100, 74232, 71
2026/07/30 06:19:08.506, 296.24, 100, 74232, 71
2026/07/30 06:19:09.545, 303.25, 100, 74232, 71
2026/07/30 06:19:10.582, 293.45, 100, 74232, 71
2026/07/30 06:19:11.622, 295.96, 100, 74232, 71
2026/07/30 06:19:12.659, 299.97, 100, 74232, 71
2026/07/30 06:19:13.700, 301.88, 100, 74232, 71
2026/07/30 06:19:14.738, 293.07, 100, 74232, 70
2026/07/30 06:19:15.777, 293.65, 100, 74232, 70
2026/07/30 06:19:16.819, 291.90, 100, 74232, 70
2026/07/30 06:19:17.857, 298.79, 100, 74232, 70
2026/07/30 06:19:18.896, 292.10, 100, 74232, 70
2026/07/30 06:19:19.935, 292.96, 100, 74232, 70
2026/07/30 06:19:20.974, 295.58, 100, 74232, 70
2026/07/30 06:19:22.011, 297.72, 100, 74232, 70
2026/07/30 06:19:23.051, 296.46, 100, 74232, 70
2026/07/30 06:19:24.088, 301.82, 100, 74232, 70
2026/07/30 06:19:25.125, 304.03, 100, 74232, 70
2026/07/30 06:19:26.163, 304.39, 100, 74232, 70
2026/07/30 06:19:27.200, 299.54, 100, 74232, 70
2026/07/30 06:19:28.237, 303.76, 100, 74232, 70
2026/07/30 06:19:29.275, 299.65, 100, 74232, 70
2026/07/30 06:19:30.312, 297.24, 100, 74232, 70
2026/07/30 06:19:31.349, 300.05, 100, 74232, 70
2026/07/30 06:19:32.386, 300.14, 100, 74232, 70
2026/07/30 06:19:33.423, 303.07, 100, 74232, 70
2026/07/30 06:19:34.460, 301.86, 100, 74232, 70
2026/07/30 06:19:35.497, 300.60, 100, 74232, 70
2026/07/30 06:19:36.535, 297.89, 100, 74232, 70
2026/07/30 06:19:37.572, 300.33, 100, 74232, 70
2026/07/30 06:19:38.612, 303.08, 100, 74232, 70
2026/07/30 06:19:39.649, 299.76, 100, 74232, 70
2026/07/30 06:19:40.686, 299.47, 100, 74232, 70
2026/07/30 06:19:41.726, 298.75, 100, 74232, 70
2026/07/30 06:19:42.763, 299.75, 100, 74232, 70
2026/07/30 06:19:43.808, 290.26, 100, 74232, 70
2026/07/30 06:19:44.847, 298.96, 100, 74232, 70
2026/07/30 06:19:45.884, 294.79, 100, 74232, 70
2026/07/30 06:19:46.921, 289.64, 100, 74232, 70
2026/07/30 06:19:47.957, 295.66, 100, 74232, 70
2026/07/30 06:19:48.996, 296.06, 100, 74232, 70
2026/07/30 06:19:50.033, 298.69, 100, 74232, 70
2026/07/30 06:19:51.070, 303.36, 100, 74232, 70
2026/07/30 06:19:52.108, 298.86, 100, 74232, 70
2026/07/30 06:19:53.145, 300.02, 100, 74232, 70
2026/07/30 06:19:54.182, 303.84, 100, 74232, 70
2026/07/30 06:19:55.218, 305.47, 100, 74232, 70
2026/07/30 06:19:56.256, 299.37, 100, 74232, 70
2026/07/30 06:19:57.292, 302.10, 100, 74232, 70
2026/07/30 06:19:58.330, 295.39, 100, 74232, 70
2026/07/30 06:19:59.370, 298.18, 100, 74232, 70
2026/07/30 06:20:00.408, 293.45, 100, 74232, 70
2026/07/30 06:20:01.447, 298.12, 100, 74232, 70
2026/07/30 06:20:02.485, 298.38, 100, 74232, 70
2026/07/30 06:20:03.533, 294.32, 100, 74232, 70
2026/07/30 06:20:04.573, 296.73, 100, 74232, 70
2026/07/30 06:20:05.610, 301.21, 100, 74232, 70
2026/07/30 06:20:06.654, 301.32, 100, 74232, 70
2026/07/30 06:20:07.699, 296.73, 100, 74232, 70
2026/07/30 06:20:08.736, 297.82, 100, 74232, 70
2026/07/30 06:20:09.773, 293.73, 100, 74232, 70
2026/07/30 06:20:10.811, 298.59, 100, 74232, 70
2026/07/30 06:20:11.849, 292.08, 100, 74232, 70
2026/07/30 06:20:12.890, 301.80, 100, 74232, 70
2026/07/30 06:20:13.929, 302.13, 100, 74232, 70
2026/07/30 06:20:14.967, 299.96, 100, 74232, 70
2026/07/30 06:20:16.005, 298.29, 100, 74232, 70
2026/07/30 06:20:17.042, 302.08, 100, 74232, 70
2026/07/30 06:20:18.080, 304.96, 100, 74232, 70
2026/07/30 06:20:19.119, 298.52, 100, 74232, 70
2026/07/30 06:20:20.159, 295.99, 100, 74232, 70
2026/07/30 06:20:21.196, 297.52, 100, 74232, 70
2026/07/30 06:20:22.235, 306.63, 100, 74232, 70
2026/07/30 06:20:23.273, 299.64, 100, 74232, 70
2026/07/30 06:20:24.311, 295.50, 100, 74232, 70
2026/07/30 06:20:25.350, 303.13, 100, 74232, 70
2026/07/30 06:20:26.387, 304.89, 100, 74232, 70
2026/07/30 06:20:27.425, 303.09, 100, 74232, 70
2026/07/30 06:20:28.463, 303.28, 100, 74232, 70
2026/07/30 06:20:29.502, 300.53, 100, 74232, 70
2026/07/30 06:20:30.542, 296.55, 100, 74232, 70
2026/07/30 06:20:31.579, 295.58, 100, 74232, 70
2026/07/30 06:20:32.617, 299.98, 100, 74232, 70
2026/07/30 06:20:33.654, 304.39, 100, 74232, 70
2026/07/30 06:20:34.692, 301.71, 100, 74232, 70
2026/07/30 06:20:35.734, 295.98, 100, 74232, 72
2026/07/30 06:20:36.768, 301.60, 100, 74232, 72
2026/07/30 06:20:37.803, 320.90, 100, 74232, 72
2026/07/30 06:20:38.839, 275.26, 100, 74232, 72
2026/07/30 06:20:39.878, 278.94, 100, 74232, 71
2026/07/30 06:20:40.913, 270.42, 100, 74232, 71
2026/07/30 06:20:41.950, 299.07, 100, 74232, 70
2026/07/30 06:20:42.990, 295.19, 100, 74232, 70
2026/07/30 06:20:44.028, 303.13, 100, 74232, 70
2026/07/30 06:20:45.065, 301.54, 100, 74232, 70
2026/07/30 06:20:46.103, 295.86, 100, 74232, 70
2026/07/30 06:20:47.140, 295.58, 100, 74232, 70
2026/07/30 06:20:48.178, 297.14, 100, 74232, 70
2026/07/30 06:20:49.215, 294.72, 100, 74232, 70
2026/07/30 06:20:50.252, 293.26, 100, 74232, 70
2026/07/30 06:20:51.290, 303.92, 100, 74232, 70
2026/07/30 06:20:52.327, 301.57, 100, 74232, 70
2026/07/30 06:20:53.364, 299.07, 83, 74232, 71
2026/07/30 06:20:54.400, 283.85, 100, 74232, 71
2026/07/30 06:20:55.435, 310.52, 100, 74232, 72
2026/07/30 06:20:56.473, 271.36, 100, 74232, 71
2026/07/30 06:20:57.511, 319.45, 100, 74232, 72
2026/07/30 06:20:58.546, 303.83, 100, 74232, 71
2026/07/30 06:20:59.584, 296.52, 100, 74232, 71
2026/07/30 06:21:00.630, 303.51, 100, 74232, 70
2026/07/30 06:21:01.669, 303.64, 100, 74232, 70
2026/07/30 06:21:02.705, 298.59, 100, 74232, 70
2026/07/30 06:21:03.752, 303.32, 100, 74232, 70
2026/07/30 06:21:04.791, 295.67, 100, 74232, 72
2026/07/30 06:21:05.826, 292.09, 100, 74232, 72
2026/07/30 06:21:06.862, 294.56, 100, 74232, 72
2026/07/30 06:21:07.898, 300.33, 100, 74232, 72
2026/07/30 06:21:08.938, 312.85, 100, 74232, 72
2026/07/30 06:21:09.973, 282.83, 100, 74232, 72
2026/07/30 06:21:11.008, 296.37, 100, 74232, 72
2026/07/30 06:21:12.043, 303.62, 100, 74232, 70
2026/07/30 06:21:13.081, 304.32, 100, 74232, 71
2026/07/30 06:21:14.118, 305.74, 100, 74232, 71
2026/07/30 06:21:15.156, 303.34, 100, 74232, 71
2026/07/30 06:21:16.192, 302.48, 100, 74232, 71
2026/07/30 06:21:17.229, 306.38, 100, 74232, 71
2026/07/30 06:21:18.268, 302.84, 100, 74232, 71
2026/07/30 06:21:19.304, 302.07, 100, 74232, 71
2026/07/30 06:21:20.342, 305.00, 100, 74232, 71
2026/07/30 06:21:21.379, 305.46, 100, 74232, 71
2026/07/30 06:21:22.416, 305.84, 100, 74232, 71
2026/07/30 06:21:23.457, 303.04, 100, 74232, 71
2026/07/30 06:21:24.495, 298.40, 100, 74232, 71
2026/07/30 06:21:25.533, 305.87, 100, 74232, 71
2026/07/30 06:21:26.571, 302.49, 100, 74232, 71
2026/07/30 06:21:27.608, 296.26, 100, 74232, 71
2026/07/30 06:21:28.645, 297.99, 100, 74232, 71
2026/07/30 06:21:29.682, 301.11, 100, 74232, 71
2026/07/30 06:21:30.723, 301.67, 100, 74232, 71
2026/07/30 06:21:31.762, 304.31, 100, 74232, 71
2026/07/30 06:21:32.799, 297.91, 100, 74232, 71
2026/07/30 06:21:33.837, 305.46, 100, 74232, 71
2026/07/30 06:21:34.876, 295.07, 100, 74232, 71
2026/07/30 06:21:35.915, 294.63, 100, 74232, 70
2026/07/30 06:21:36.953, 296.74, 100, 74232, 70
2026/07/30 06:21:37.990, 305.01, 100, 74232, 70
2026/07/30 06:21:39.028, 299.36, 100, 74232, 70
2026/07/30 06:21:40.065, 297.35, 100, 74232, 70
2026/07/30 06:21:41.103, 296.46, 100, 74232, 70
2026/07/30 06:21:42.139, 294.01, 100, 74232, 70
2026/07/30 06:21:43.178, 297.43, 100, 74232, 70
2026/07/30 06:21:44.217, 306.24, 100, 74232, 70
2026/07/30 06:21:45.257, 302.76, 100, 74232, 70
2026/07/30 06:21:46.294, 301.88, 100, 74232, 70
2026/07/30 06:21:47.331, 297.62, 100, 74232, 70
2026/07/30 06:21:48.368, 297.23, 100, 74232, 70
2026/07/30 06:21:49.406, 295.96, 100, 74232, 70
2026/07/30 06:21:50.443, 296.85, 100, 74232, 70
2026/07/30 06:21:51.485, 301.51, 100, 74232, 70
2026/07/30 06:21:52.523, 303.89, 100, 74232, 70
2026/07/30 06:21:53.561, 301.97, 100, 74232, 70
2026/07/30 06:21:54.599, 304.30, 100, 74232, 70
2026/07/30 06:21:55.636, 296.75, 100, 74232, 70
2026/07/30 06:21:56.673, 297.55, 100, 74232, 70
2026/07/30 06:21:57.709, 290.82, 100, 74232, 70
2026/07/30 06:21:58.745, 297.23, 100, 74232, 70
2026/07/30 06:21:59.782, 296.36, 100, 74232, 70
2026/07/30 06:22:00.820, 294.90, 100, 74232, 70
2026/07/30 06:22:01.856, 300.15, 100, 74232, 70
2026/07/30 06:22:02.892, 302.84, 100, 74232, 70
2026/07/30 06:22:03.929, 304.21, 100, 74232, 70
2026/07/30 06:22:04.973, 299.38, 100, 74232, 70
2026/07/30 06:22:06.009, 293.32, 100, 74232, 70
2026/07/30 06:22:07.046, 296.45, 100, 74232, 70
2026/07/30 06:22:08.084, 298.02, 100, 74232, 70
2026/07/30 06:22:09.122, 296.84, 100, 74232, 70
2026/07/30 06:22:10.159, 293.84, 100, 74232, 70
2026/07/30 06:22:11.196, 295.39, 100, 74232, 70
2026/07/30 06:22:12.232, 298.81, 100, 74232, 70
2026/07/30 06:22:13.272, 299.86, 100, 74232, 70
2026/07/30 06:22:14.309, 297.72, 100, 74232, 70
2026/07/30 06:22:15.354, 297.03, 100, 74232, 70
2026/07/30 06:22:16.393, 296.54, 100, 74232, 70
2026/07/30 06:22:17.430, 299.65, 100, 74232, 70
2026/07/30 06:22:18.470, 296.16, 100, 74232, 70
2026/07/30 06:22:19.506, 299.07, 100, 74232, 70
2026/07/30 06:22:20.545, 292.77, 100, 74232, 70
2026/07/30 06:22:21.584, 293.65, 100, 74232, 70
2026/07/30 06:22:22.623, 298.66, 100, 74232, 70
2026/07/30 06:22:23.663, 301.77, 100, 74232, 70
2026/07/30 06:22:24.700, 303.14, 100, 74232, 70
2026/07/30 06:22:25.737, 298.59, 100, 74232, 70
2026/07/30 06:22:26.774, 307.78, 100, 74232, 70
2026/07/30 06:22:27.810, 299.85, 100, 74232, 70
2026/07/30 06:22:28.847, 303.08, 100, 74232, 70
2026/07/30 06:22:29.883, 297.81, 100, 74232, 69
2026/07/30 06:22:30.920, 304.98, 100, 74232, 69
2026/07/30 06:22:31.957, 301.30, 100, 74232, 69
2026/07/30 06:22:32.993, 301.89, 100, 74232, 70
2026/07/30 06:22:34.029, 296.94, 100, 74232, 69
2026/07/30 06:22:35.067, 299.15, 100, 74232, 70
2026/07/30 06:22:36.107, 304.93, 100, 74232, 70
2026/07/30 06:22:37.145, 301.77, 100, 74232, 70
2026/07/30 06:22:38.182, 295.78, 100, 74232, 69
2026/07/30 06:22:39.221, 301.98, 100, 74232, 70
2026/07/30 06:22:40.257, 302.87, 100, 74232, 70
2026/07/30 06:22:41.295, 302.84, 100, 74232, 70
2026/07/30 06:22:42.332, 300.34, 100, 74232, 70
2026/07/30 06:22:43.371, 303.55, 100, 74232, 70
2026/07/30 06:22:44.410, 306.16, 100, 74232, 70
2026/07/30 06:22:45.447, 306.12, 100, 74232, 70
2026/07/30 06:22:46.484, 296.15, 100, 74232, 70
2026/07/30 06:22:47.521, 302.29, 100, 74232, 70
2026/07/30 06:22:48.560, 304.58, 100, 74232, 70
2026/07/30 06:22:49.597, 297.33, 100, 74232, 70
2026/07/30 06:22:50.635, 294.33, 100, 74232, 70
2026/07/30 06:22:51.673, 296.07, 100, 74232, 70
2026/07/30 06:22:52.712, 296.16, 100, 74232, 70
2026/07/30 06:22:53.749, 296.86, 100, 74232, 70
2026/07/30 06:22:54.788, 301.80, 100, 74232, 70
2026/07/30 06:22:55.826, 297.33, 100, 74232, 70
2026/07/30 06:22:56.864, 295.79, 100, 74232, 70
2026/07/30 06:22:57.901, 296.76, 100, 74232, 70
2026/07/30 06:22:58.939, 299.54, 100, 74232, 70
2026/07/30 06:22:59.977, 298.67, 100, 74232, 70
2026/07/30 06:23:01.015, 298.68, 100, 74232, 70
2026/07/30 06:23:02.055, 296.47, 100, 74232, 70
2026/07/30 06:23:03.091, 293.24, 100, 74232, 70
2026/07/30 06:23:04.129, 293.36, 100, 74232, 70
2026/07/30 06:23:05.168, 295.11, 100, 74232, 70
2026/07/30 06:23:06.206, 298.96, 100, 74232, 70
2026/07/30 06:23:07.244, 303.36, 100, 74232, 70
2026/07/30 06:23:08.281, 303.94, 100, 74232, 70
2026/07/30 06:23:09.318, 304.36, 100, 74232, 70
2026/07/30 06:23:10.359, 298.58, 100, 74232, 70
2026/07/30 06:23:11.398, 299.44, 100, 74232, 70
2026/07/30 06:23:12.435, 298.81, 100, 74232, 70
2026/07/30 06:23:13.472, 304.51, 100, 74232, 70
2026/07/30 06:23:14.508, 304.59, 100, 74232, 70
2026/07/30 06:23:15.547, 304.78, 100, 74232, 70
2026/07/30 06:23:16.585, 300.24, 100, 74232, 70
2026/07/30 06:23:17.626, 303.16, 100, 74232, 70
2026/07/30 06:23:18.663, 304.24, 100, 74232, 70
2026/07/30 06:23:19.699, 301.88, 100, 74232, 70
2026/07/30 06:23:20.736, 299.94, 100, 74232, 70
2026/07/30 06:23:21.778, 296.64, 100, 74232, 70
2026/07/30 06:23:22.815, 295.86, 100, 74232, 70
2026/07/30 06:23:23.853, 297.23, 100, 74232, 70
2026/07/30 06:23:24.890, 297.21, 100, 74232, 70
2026/07/30 06:23:25.927, 297.05, 100, 74232, 70
2026/07/30 06:23:26.965, 294.73, 100, 74232, 70
2026/07/30 06:23:28.003, 295.58, 100, 74232, 70
2026/07/30 06:23:29.041, 302.79, 100, 74232, 69
2026/07/30 06:23:30.080, 296.46, 100, 74232, 69
2026/07/30 06:23:31.117, 293.63, 100, 74232, 70
2026/07/30 06:23:32.154, 300.03, 100, 74232, 70
2026/07/30 06:23:33.191, 300.98, 100, 74232, 70
2026/07/30 06:23:34.229, 303.23, 100, 74232, 70
2026/07/30 06:23:35.266, 303.81, 100, 74232, 69
2026/07/30 06:23:36.302, 303.64, 100, 74232, 69
2026/07/30 06:23:37.339, 303.75, 100, 74232, 69
2026/07/30 06:23:38.376, 300.33, 100, 74232, 69
2026/07/30 06:23:39.413, 299.34, 100, 74232, 69
2026/07/30 06:23:40.450, 304.61, 100, 74232, 69
2026/07/30 06:23:41.489, 303.56, 100, 74232, 69
2026/07/30 06:23:42.525, 304.33, 100, 74232, 69
2026/07/30 06:23:43.564, 303.43, 100, 74232, 69
2026/07/30 06:23:44.601, 307.50, 100, 74232, 69
2026/07/30 06:23:45.637, 301.96, 100, 74232, 69
2026/07/30 06:23:46.675, 300.22, 100, 74232, 69
2026/07/30 06:23:47.712, 302.35, 100, 74232, 69
2026/07/30 06:23:48.748, 302.26, 100, 74232, 69
2026/07/30 06:23:49.788, 302.67, 100, 74232, 69
2026/07/30 06:23:50.826, 304.32, 100, 74232, 69
2026/07/30 06:23:51.863, 296.36, 100, 74232, 69
2026/07/30 06:23:52.901, 293.82, 100, 74232, 69
2026/07/30 06:23:53.938, 296.34, 100, 74232, 69
2026/07/30 06:23:54.978, 295.89, 100, 74232, 69
2026/07/30 06:23:56.016, 295.29, 100, 74232, 69
2026/07/30 06:23:57.054, 302.95, 100, 74232, 69
2026/07/30 06:23:58.092, 299.27, 100, 74232, 69
2026/07/30 06:23:59.129, 296.06, 100, 74232, 69
2026/07/30 06:24:00.168, 291.21, 100, 74232, 69
2026/07/30 06:24:01.205, 298.29, 100, 74232, 69
2026/07/30 06:24:02.242, 303.16, 100, 74232, 69
2026/07/30 06:24:03.279, 299.39, 100, 74232, 69
2026/07/30 06:24:04.317, 303.15, 100, 74232, 69
2026/07/30 06:24:05.354, 292.09, 100, 74232, 69
2026/07/30 06:24:06.391, 303.07, 100, 74232, 69
2026/07/30 06:24:07.427, 299.56, 100, 74232, 69
2026/07/30 06:24:08.465, 302.25, 100, 74232, 69
2026/07/30 06:24:09.502, 301.66, 100, 74232, 69
2026/07/30 06:24:10.540, 302.76, 100, 74232, 69
2026/07/30 06:24:11.578, 304.13, 100, 74232, 69
2026/07/30 06:24:12.614, 296.25, 100, 74232, 69
2026/07/30 06:24:13.652, 304.48, 100, 74232, 69
2026/07/30 06:24:14.689, 297.52, 100, 74232, 69
2026/07/30 06:24:15.728, 296.25, 100, 74232, 69
2026/07/30 06:24:16.767, 301.71, 100, 74232, 69
2026/07/30 06:24:17.805, 296.94, 100, 74232, 69
2026/07/30 06:24:18.842, 297.16, 100, 74232, 69
2026/07/30 06:24:19.881, 296.57, 100, 74232, 69
2026/07/30 06:24:20.918, 291.79, 100, 74232, 69
2026/07/30 06:24:21.959, 295.68, 100, 74232, 69
2026/07/30 06:24:22.997, 294.31, 100, 74232, 69
2026/07/30 06:24:24.034, 295.86, 100, 74232, 69
2026/07/30 06:24:25.071, 297.42, 100, 74232, 69
2026/07/30 06:24:26.111, 296.57, 100, 74232, 69
2026/07/30 06:24:27.151, 293.14, 100, 74232, 69
2026/07/30 06:24:28.190, 295.67, 100, 74232, 69
2026/07/30 06:24:29.228, 295.98, 100, 74232, 69
2026/07/30 06:24:30.265, 295.87, 100, 74232, 69
2026/07/30 06:24:31.303, 297.22, 100, 74232, 69
2026/07/30 06:24:32.339, 292.06, 100, 74232, 69
2026/07/30 06:24:33.376, 303.50, 100, 74232, 69
2026/07/30 06:24:34.413, 291.99, 100, 74232, 69
2026/07/30 06:24:35.454, 295.09, 100, 74232, 69
2026/07/30 06:24:36.491, 295.39, 100, 74232, 69
2026/07/30 06:24:37.529, 300.93, 100, 74232, 69
2026/07/30 06:24:38.565, 303.05, 100, 74232, 69
2026/07/30 06:24:39.601, 303.33, 100, 74232, 69
2026/07/30 06:24:40.636, 304.67, 100, 74232, 69
2026/07/30 06:24:41.675, 300.32, 100, 74232, 69
2026/07/30 06:24:42.711, 301.68, 100, 74232, 69
2026/07/30 06:24:43.748, 298.88, 100, 74232, 69
2026/07/30 06:24:44.784, 302.46, 100, 74232, 69
2026/07/30 06:24:45.822, 293.14, 100, 74232, 69
2026/07/30 06:24:46.860, 302.66, 100, 74232, 69
2026/07/30 06:24:47.896, 304.14, 100, 74232, 69
2026/07/30 06:24:48.934, 299.66, 100, 74232, 69
2026/07/30 06:24:49.971, 296.93, 100, 74232, 69
2026/07/30 06:24:51.010, 293.83, 100, 74232, 69
2026/07/30 06:24:52.047, 295.38, 100, 74232, 69
2026/07/30 06:24:53.084, 294.79, 100, 74232, 69
2026/07/30 06:24:54.121, 299.16, 100, 74232, 69
2026/07/30 06:24:55.159, 296.95, 100, 74232, 69
2026/07/30 06:24:56.196, 289.67, 100, 74232, 69
2026/07/30 06:24:57.233, 307.47, 100, 74232, 69
2026/07/30 06:24:58.270, 300.51, 100, 74232, 69
2026/07/30 06:24:59.307, 302.86, 100, 74232, 70
2026/07/30 06:25:00.343, 302.37, 100, 74232, 70
2026/07/30 06:25:01.382, 302.73, 100, 74232, 70
2026/07/30 06:25:02.419, 303.83, 100, 74232, 70
2026/07/30 06:25:03.456, 303.31, 100, 74232, 70
2026/07/30 06:25:04.498, 298.11, 100, 74232, 69
2026/07/30 06:25:05.537, 287.16, 100, 74232, 69
2026/07/30 06:25:06.574, 303.55, 100, 74232, 69
2026/07/30 06:25:07.616, 297.12, 100, 74232, 69
2026/07/30 06:25:08.655, 301.38, 100, 74232, 69
2026/07/30 06:25:09.692, 295.29, 100, 74232, 70
2026/07/30 06:25:10.731, 294.90, 100, 74232, 69
2026/07/30 06:25:11.768, 296.05, 100, 74232, 69
2026/07/30 06:25:12.806, 293.55, 100, 74232, 69
2026/07/30 06:25:13.846, 295.87, 100, 74232, 69
2026/07/30 06:25:14.883, 296.65, 100, 74232, 69
2026/07/30 06:25:15.925, 297.14, 100, 74232, 69
2026/07/30 06:25:16.963, 303.38, 100, 74232, 70
2026/07/30 06:25:18.001, 304.05, 100, 74232, 70
2026/07/30 06:25:19.039, 300.98, 100, 74232, 70
2026/07/30 06:25:20.076, 303.80, 100, 74232, 70
2026/07/30 06:25:21.113, 301.33, 100, 74232, 70
2026/07/30 06:25:22.150, 298.52, 100, 74232, 69
2026/07/30 06:25:23.188, 294.49, 100, 74232, 69
2026/07/30 06:25:24.225, 295.78, 100, 74232, 69
2026/07/30 06:25:25.266, 295.59, 100, 74232, 70
2026/07/30 06:25:26.303, 302.11, 100, 74232, 70
2026/07/30 06:25:27.341, 300.30, 100, 74232, 69
2026/07/30 06:25:28.379, 304.05, 100, 74232, 70
2026/07/30 06:25:29.417, 304.02, 100, 74232, 70
2026/07/30 06:25:30.454, 304.87, 100, 74232, 70
2026/07/30 06:25:31.492, 300.70, 100, 74232, 70
2026/07/30 06:25:32.529, 295.57, 100, 74232, 69
2026/07/30 06:25:33.568, 295.29, 100, 74232, 69
2026/07/30 06:25:34.605, 302.46, 100, 74232, 70
2026/07/30 06:25:35.644, 304.18, 100, 74232, 70
2026/07/30 06:25:36.681, 303.62, 100, 74232, 70
2026/07/30 06:25:37.718, 303.81, 100, 74232, 70
2026/07/30 06:25:38.755, 304.29, 100, 74232, 70
2026/07/30 06:25:39.793, 298.90, 100, 74232, 70
2026/07/30 06:25:40.831, 300.45, 100, 74232, 70
2026/07/30 06:25:41.869, 300.30, 100, 74232, 70
2026/07/30 06:25:42.908, 301.10, 100, 74232, 70
2026/07/30 06:25:43.949, 299.67, 100, 74232, 70
2026/07/30 06:25:44.989, 293.44, 100, 74232, 70
2026/07/30 06:25:46.025, 295.59, 100, 74232, 70
2026/07/30 06:25:47.063, 294.03, 100, 74232, 70
2026/07/30 06:25:48.101, 294.81, 100, 74232, 70
2026/07/30 06:25:49.138, 296.65, 100, 74232, 70
2026/07/30 06:25:50.176, 302.74, 100, 74232, 70
2026/07/30 06:25:51.213, 297.70, 100, 74232, 70
2026/07/30 06:25:52.250, 304.92, 100, 74232, 70
2026/07/30 06:25:53.287, 296.26, 100, 74232, 70
2026/07/30 06:25:54.325, 297.64, 100, 74232, 70
2026/07/30 06:25:55.365, 292.19, 100, 74232, 70
2026/07/30 06:25:56.402, 294.22, 100, 74232, 70
2026/07/30 06:25:57.439, 298.80, 100, 74232, 70
2026/07/30 06:25:58.476, 295.40, 100, 74232, 70
2026/07/30 06:25:59.516, 299.28, 100, 74232, 70
2026/07/30 06:26:00.555, 296.06, 100, 74232, 70
2026/07/30 06:26:01.592, 295.69, 100, 74232, 70
2026/07/30 06:26:02.629, 293.24, 100, 74232, 70
2026/07/30 06:26:03.670, 301.82, 100, 74232, 70
2026/07/30 06:26:04.706, 95.61, 12, 74232, 67
2026/07/30 06:26:05.756, 297.49, 100, 74232, 71
2026/07/30 06:26:06.791, 297.72, 100, 74232, 71
2026/07/30 06:26:07.827, 286.76, 100, 74232, 71
2026/07/30 06:26:08.862, 287.34, 100, 74232, 71
2026/07/30 06:26:09.902, 287.45, 100, 74232, 71
2026/07/30 06:26:10.937, 285.15, 100, 74232, 71
2026/07/30 06:26:11.973, 266.45, 100, 74232, 69
2026/07/30 06:26:13.014, 292.10, 100, 74232, 69
2026/07/30 06:26:14.052, 287.32, 100, 74232, 69
2026/07/30 06:26:15.089, 290.91, 100, 74232, 69
2026/07/30 06:26:16.127, 296.27, 100, 74232, 70
2026/07/30 06:26:17.164, 295.89, 100, 74232, 70
2026/07/30 06:26:18.206, 289.47, 100, 74232, 70
2026/07/30 06:26:19.244, 295.59, 100, 74232, 70
2026/07/30 06:26:20.282, 300.71, 100, 74232, 70
2026/07/30 06:26:21.320, 297.13, 100, 74232, 70
2026/07/30 06:26:22.358, 295.77, 100, 74232, 70
2026/07/30 06:26:23.396, 299.62, 100, 74232, 70
2026/07/30 06:26:24.435, 303.06, 100, 74232, 70
2026/07/30 06:26:25.473, 298.98, 100, 74232, 70
2026/07/30 06:26:26.510, 295.09, 100, 74232, 70
2026/07/30 06:26:27.549, 302.07, 100, 74232, 70
2026/07/30 06:26:28.587, 304.71, 100, 74232, 70
2026/07/30 06:26:29.624, 300.24, 100, 74232, 70
2026/07/30 06:26:30.663, 300.55, 100, 74232, 70
2026/07/30 06:26:31.701, 302.97, 100, 74232, 70
2026/07/30 06:26:32.739, 297.91, 100, 74232, 70
2026/07/30 06:26:33.776, 298.40, 100, 74232, 70
2026/07/30 06:26:34.814, 301.28, 100, 74232, 70
2026/07/30 06:26:35.852, 304.09, 100, 74232, 70
2026/07/30 06:26:36.890, 304.20, 100, 74232, 70
2026/07/30 06:26:37.929, 301.57, 100, 74232, 70
2026/07/30 06:26:38.968, 303.04, 100, 74232, 70
2026/07/30 06:26:40.006, 303.13, 100, 74232, 70
2026/07/30 06:26:41.043, 298.96, 100, 74232, 70
2026/07/30 06:26:42.080, 295.79, 100, 74232, 70
2026/07/30 06:26:43.124, 296.86, 100, 74232, 70
2026/07/30 06:26:44.163, 302.88, 100, 74232, 70
2026/07/30 06:26:45.200, 299.47, 100, 74232, 70
2026/07/30 06:26:46.243, 296.26, 100, 74232, 70
2026/07/30 06:26:47.281, 295.28, 100, 74232, 70
2026/07/30 06:26:48.318, 303.57, 100, 74232, 70
2026/07/30 06:26:49.357, 296.16, 100, 74232, 70
2026/07/30 06:26:50.395, 294.80, 100, 74232, 70
2026/07/30 06:26:51.433, 296.08, 100, 74232, 70
2026/07/30 06:26:52.471, 292.39, 100, 74232, 70
2026/07/30 06:26:53.509, 299.30, 100, 74232, 70
2026/07/30 06:26:54.546, 298.68, 100, 74232, 70
2026/07/30 06:26:55.586, 304.13, 100, 74232, 70
2026/07/30 06:26:56.623, 297.16, 100, 74232, 70
2026/07/30 06:26:57.660, 300.21, 100, 74232, 70
2026/07/30 06:26:58.698, 302.86, 100, 74232, 70
2026/07/30 06:26:59.735, 303.93, 100, 74232, 70
2026/07/30 06:27:00.772, 304.01, 100, 74232, 70
2026/07/30 06:27:01.809, 299.77, 100, 74232, 70
2026/07/30 06:27:02.847, 302.94, 100, 74232, 70
2026/07/30 06:27:03.884, 302.18, 100, 74232, 70
2026/07/30 06:27:04.922, 304.00, 100, 74232, 70
2026/07/30 06:27:05.959, 300.72, 100, 74232, 70
2026/07/30 06:27:06.998, 293.44, 100, 74232, 70
2026/07/30 06:27:08.036, 295.49, 100, 74232, 70
2026/07/30 06:27:09.074, 297.14, 100, 74232, 70
2026/07/30 06:27:10.111, 303.86, 100, 74232, 70
2026/07/30 06:27:11.149, 293.73, 100, 74232, 70
2026/07/30 06:27:12.187, 301.03, 100, 74232, 70
2026/07/30 06:27:13.225, 308.30, 100, 74232, 70
2026/07/30 06:27:14.264, 297.24, 100, 74232, 70
2026/07/30 06:27:15.301, 301.50, 100, 74232, 70
2026/07/30 06:27:16.339, 296.92, 100, 74232, 70
2026/07/30 06:27:17.376, 295.01, 100, 74232, 70
2026/07/30 06:27:18.419, 296.74, 100, 74232, 70
2026/07/30 06:27:19.457, 302.16, 100, 74232, 70
2026/07/30 06:27:20.493, 300.88, 100, 74232, 70
2026/07/30 06:27:21.531, 299.26, 100, 74232, 70
2026/07/30 06:27:22.571, 304.19, 100, 74232, 70
2026/07/30 06:27:23.609, 303.46, 100, 74232, 70
2026/07/30 06:27:24.646, 301.13, 100, 74232, 70
2026/07/30 06:27:25.684, 304.03, 100, 74232, 70
2026/07/30 06:27:26.722, 303.31, 100, 74232, 70
2026/07/30 06:27:27.758, 297.24, 100, 74232, 70
2026/07/30 06:27:28.795, 297.50, 100, 74232, 70
2026/07/30 06:27:29.835, 302.86, 100, 74232, 70
2026/07/30 06:27:30.874, 303.35, 100, 74232, 70
2026/07/30 06:27:31.912, 304.33, 100, 74232, 70
2026/07/30 06:27:32.950, 301.87, 100, 74232, 70
2026/07/30 06:27:33.987, 294.89, 100, 74232, 70
2026/07/30 06:27:35.026, 303.17, 100, 74232, 70
2026/07/30 06:27:36.064, 297.63, 100, 74232, 70
2026/07/30 06:27:37.101, 297.23, 100, 74232, 70
2026/07/30 06:27:38.137, 296.37, 100, 74232, 70
2026/07/30 06:27:39.177, 303.52, 100, 74232, 70
2026/07/30 06:27:40.215, 295.21, 100, 74232, 70
2026/07/30 06:27:41.252, 305.25, 100, 74232, 70
2026/07/30 06:27:42.291, 299.95, 100, 74232, 70
2026/07/30 06:27:43.329, 299.34, 100, 74232, 70
2026/07/30 06:27:44.367, 299.55, 100, 74232, 70
2026/07/30 06:27:45.404, 297.04, 100, 74232, 70
2026/07/30 06:27:46.442, 295.10, 100, 74232, 70
2026/07/30 06:27:47.478, 293.92, 100, 74232, 70
2026/07/30 06:27:48.516, 296.44, 100, 74232, 70
2026/07/30 06:27:49.555, 299.30, 100, 74232, 70
2026/07/30 06:27:50.592, 304.32, 100, 74232, 70
2026/07/30 06:27:51.629, 295.31, 100, 74232, 70
2026/07/30 06:27:52.666, 296.05, 100, 74232, 70
2026/07/30 06:27:53.707, 297.42, 100, 74232, 70
2026/07/30 06:27:54.745, 294.03, 100, 74232, 70
2026/07/30 06:27:55.782, 301.78, 100, 74232, 70
2026/07/30 06:27:56.820, 308.05, 100, 74232, 70
2026/07/30 06:27:57.858, 293.34, 100, 74232, 70
2026/07/30 06:27:58.896, 298.00, 100, 74232, 70
2026/07/30 06:27:59.933, 295.00, 100, 74232, 70
2026/07/30 06:28:00.970, 293.93, 100, 74232, 70
2026/07/30 06:28:02.007, 297.12, 100, 74232, 70
2026/07/30 06:28:03.045, 297.14, 100, 74232, 70
2026/07/30 06:28:04.083, 305.10, 100, 74232, 70
2026/07/30 06:28:05.120, 300.03, 100, 74232, 70
2026/07/30 06:28:06.157, 303.15, 100, 74232, 70
2026/07/30 06:28:07.195, 301.47, 66, 74232, 71
2026/07/30 06:28:08.230, 288.13, 100, 74232, 71
2026/07/30 06:28:09.266, 290.93, 100, 74232, 71
2026/07/30 06:28:10.302, 304.30, 100, 74232, 71
2026/07/30 06:28:11.339, 310.97, 100, 74232, 71
2026/07/30 06:28:12.374, 284.54, 100, 74232, 71
2026/07/30 06:28:13.408, 298.78, 100, 74232, 71
2026/07/30 06:28:14.444, 302.64, 100, 74232, 69
2026/07/30 06:28:15.480, 303.26, 100, 74232, 69
2026/07/30 06:28:16.518, 301.07, 100, 74232, 69
2026/07/30 06:28:17.557, 94.20, 100, 74232, 67
2026/07/30 06:28:18.590, 305.24, 100, 74232, 71
2026/07/30 06:28:19.625, 299.05, 100, 74232, 71
2026/07/30 06:28:20.661, 311.86, 100, 74232, 71
2026/07/30 06:28:21.702, 315.96, 100, 74232, 71
2026/07/30 06:28:22.737, 298.21, 100, 74232, 71
2026/07/30 06:28:23.772, 290.53, 100, 74232, 71
2026/07/30 06:28:24.813, 305.08, 100, 74232, 71
2026/07/30 06:28:25.852, 299.14, 100, 74232, 70
2026/07/30 06:28:26.890, 301.00, 100, 74232, 70
2026/07/30 06:28:27.927, 303.21, 100, 74232, 70
2026/07/30 06:28:28.963, 304.69, 100, 74232, 68
2026/07/30 06:28:29.996, 295.27, 100, 74232, 71
2026/07/30 06:28:31.032, 296.38, 100, 74232, 71
2026/07/30 06:28:32.067, 293.05, 100, 74232, 72
2026/07/30 06:28:33.101, 285.76, 100, 74232, 71
2026/07/30 06:28:34.137, 279.31, 100, 74232, 71
2026/07/30 06:28:35.173, 300.99, 100, 74232, 71
2026/07/30 06:28:36.208, 326.57, 100, 74232, 72
2026/07/30 06:28:37.243, 302.04, 100, 74232, 70
2026/07/30 06:28:38.281, 301.76, 100, 74232, 70
2026/07/30 06:28:39.319, 303.08, 100, 74232, 70
2026/07/30 06:28:40.357, 301.51, 100, 74232, 70
2026/07/30 06:28:41.394, 302.37, 100, 74232, 70
2026/07/30 06:28:42.433, 302.17, 100, 74232, 70
2026/07/30 06:28:43.470, 302.58, 100, 74232, 70
2026/07/30 06:28:44.508, 304.14, 100, 74232, 70
2026/07/30 06:28:45.546, 303.44, 100, 74232, 70
2026/07/30 06:28:46.583, 304.20, 100, 74232, 70
2026/07/30 06:28:47.623, 305.07, 100, 74232, 70
2026/07/30 06:28:48.662, 304.70, 100, 74232, 71
2026/07/30 06:28:49.698, 300.04, 100, 74232, 70
2026/07/30 06:28:50.736, 299.96, 100, 74232, 70
2026/07/30 06:28:51.775, 298.57, 100, 74232, 70
2026/07/30 06:28:52.814, 301.33, 100, 74232, 70
2026/07/30 06:28:53.852, 294.91, 100, 74232, 70
2026/07/30 06:28:54.890, 300.22, 100, 74232, 70
2026/07/30 06:28:55.928, 302.56, 100, 74232, 70
2026/07/30 06:28:56.968, 303.21, 100, 74232, 70
2026/07/30 06:28:58.005, 302.17, 100, 74232, 70
2026/07/30 06:28:59.044, 302.67, 100, 74232, 70
2026/07/30 06:29:00.081, 303.24, 100, 74232, 70
2026/07/30 06:29:01.124, 303.32, 100, 74232, 70
2026/07/30 06:29:02.161, 304.77, 100, 74232, 70
2026/07/30 06:29:03.198, 305.00, 100, 74232, 70
2026/07/30 06:29:04.235, 299.56, 100, 74232, 70
2026/07/30 06:29:05.273, 302.07, 100, 74232, 70
2026/07/30 06:29:06.312, 303.84, 100, 74232, 70
2026/07/30 06:29:07.349, 300.16, 100, 74232, 70
2026/07/30 06:29:08.388, 298.58, 100, 74232, 70
2026/07/30 06:29:09.427, 293.34, 100, 74232, 70
2026/07/30 06:29:10.464, 302.46, 100, 74232, 70
2026/07/30 06:29:11.502, 295.48, 100, 74232, 70
2026/07/30 06:29:12.540, 294.52, 100, 74232, 70
2026/07/30 06:29:13.579, 294.99, 100, 74232, 70
2026/07/30 06:29:14.617, 295.59, 100, 74232, 70
2026/07/30 06:29:15.657, 296.29, 100, 74232, 70
2026/07/30 06:29:16.695, 300.45, 100, 74232, 70
2026/07/30 06:29:17.733, 296.76, 100, 74232, 70
2026/07/30 06:29:18.771, 295.22, 100, 74232, 70
2026/07/30 06:29:19.809, 287.71, 100, 74232, 70
2026/07/30 06:29:20.849, 304.83, 100, 74232, 70
2026/07/30 06:29:21.887, 294.81, 100, 74232, 70
2026/07/30 06:29:22.925, 300.00, 100, 74232, 70
2026/07/30 06:29:23.962, 292.47, 100, 74232, 70
2026/07/30 06:29:25.000, 290.16, 100, 74232, 70
2026/07/30 06:29:26.040, 294.71, 100, 74232, 70
2026/07/30 06:29:27.077, 292.86, 100, 74232, 70
2026/07/30 06:29:28.118, 294.99, 100, 74232, 70
2026/07/30 06:29:29.156, 302.85, 100, 74232, 70
2026/07/30 06:29:30.193, 301.98, 100, 74232, 70
2026/07/30 06:29:31.233, 292.59, 100, 74232, 70
2026/07/30 06:29:32.272, 301.57, 100, 74232, 70
2026/07/30 06:29:33.310, 302.04, 100, 74232, 70
2026/07/30 06:29:34.347, 300.60, 100, 74232, 70
2026/07/30 06:29:35.385, 298.42, 100, 74232, 70
2026/07/30 06:29:36.423, 302.76, 100, 74232, 70
2026/07/30 06:29:37.461, 290.75, 100, 74232, 70
2026/07/30 06:29:38.498, 287.79, 100, 74232, 70
2026/07/30 06:29:39.536, 294.22, 100, 74232, 70
2026/07/30 06:29:40.573, 304.79, 100, 74232, 70
2026/07/30 06:29:41.611, 297.50, 100, 74232, 70
2026/07/30 06:29:42.653, 291.31, 100, 74232, 70
2026/07/30 06:29:43.691, 295.87, 100, 74232, 70
2026/07/30 06:29:44.728, 297.60, 100, 74232, 70
2026/07/30 06:29:45.767, 291.01, 100, 74232, 70
2026/07/30 06:29:46.805, 303.17, 100, 74232, 70
2026/07/30 06:29:47.842, 302.11, 100, 74232, 70
2026/07/30 06:29:48.881, 303.12, 100, 74232, 70
2026/07/30 06:29:49.919, 300.99, 100, 74232, 70
2026/07/30 06:29:50.956, 302.56, 100, 74232, 70
2026/07/30 06:29:51.994, 306.70, 100, 74232, 70
2026/07/30 06:29:53.031, 302.49, 100, 74232, 70
2026/07/30 06:29:54.069, 304.39, 100, 74232, 70
2026/07/30 06:29:55.106, 303.38, 100, 74232, 70
2026/07/30 06:29:56.145, 303.92, 100, 74232, 70
2026/07/30 06:29:57.182, 303.16, 100, 74232, 70
2026/07/30 06:29:58.220, 302.39, 100, 74232, 70
2026/07/30 06:29:59.257, 300.54, 100, 74232, 70
2026/07/30 06:30:00.297, 296.96, 100, 74232, 70
2026/07/30 06:30:01.335, 295.88, 100, 74232, 70
2026/07/30 06:30:02.376, 296.64, 100, 74232, 70
2026/07/30 06:30:03.414, 302.17, 100, 74232, 70
2026/07/30 06:30:04.451, 302.48, 100, 74232, 70
2026/07/30 06:30:05.488, 304.84, 100, 74232, 70
2026/07/30 06:30:06.527, 296.65, 100, 74232, 70
2026/07/30 06:30:07.566, 296.97, 100, 74232, 70
2026/07/30 06:30:08.608, 297.05, 100, 74232, 70
2026/07/30 06:30:09.648, 296.73, 100, 74232, 70
2026/07/30 06:30:10.687, 298.01, 100, 74232, 70
2026/07/30 06:30:11.728, 305.90, 100, 74232, 70
2026/07/30 06:30:12.766, 297.97, 100, 74232, 70
2026/07/30 06:30:13.803, 303.95, 100, 74232, 70
2026/07/30 06:30:14.841, 300.45, 100, 74232, 70
2026/07/30 06:30:15.878, 301.46, 100, 74232, 70
2026/07/30 06:30:16.916, 303.95, 100, 74232, 70
2026/07/30 06:30:17.954, 301.49, 100, 74232, 70
2026/07/30 06:30:18.994, 303.47, 100, 74232, 70
2026/07/30 06:30:20.031, 297.33, 100, 74232, 70
2026/07/30 06:30:21.069, 297.71, 100, 74232, 70
2026/07/30 06:30:22.108, 292.57, 100, 74232, 70
2026/07/30 06:30:23.144, 297.63, 100, 74232, 70
2026/07/30 06:30:24.182, 297.52, 100, 74232, 70
2026/07/30 06:30:25.219, 297.32, 100, 74232, 70
2026/07/30 06:30:26.257, 297.11, 100, 74232, 70
2026/07/30 06:30:27.295, 94.42, 92, 74232, 71
2026/07/30 06:30:28.331, 290.92, 100, 74232, 72
2026/07/30 06:30:29.366, 290.06, 100, 74232, 72
2026/07/30 06:30:30.400, 287.17, 100, 74232, 72
2026/07/30 06:30:31.436, 317.52, 100, 74232, 72
2026/07/30 06:30:32.472, 302.42, 100, 74232, 72
2026/07/30 06:30:33.512, 300.83, 100, 74232, 70
2026/07/30 06:30:34.549, 302.15, 100, 74232, 70
2026/07/30 06:30:35.587, 303.54, 100, 74232, 70
2026/07/30 06:30:36.625, 301.99, 100, 74232, 70
2026/07/30 06:30:37.662, 304.27, 100, 74232, 70
2026/07/30 06:30:38.699, 304.77, 100, 74232, 70
2026/07/30 06:30:39.738, 295.76, 100, 74232, 70
2026/07/30 06:30:40.776, 297.04, 100, 74232, 70
2026/07/30 06:30:41.813, 293.83, 100, 74232, 70
2026/07/30 06:30:42.855, 302.27, 100, 74232, 70
2026/07/30 06:30:43.893, 304.61, 100, 74232, 70
2026/07/30 06:30:44.931, 289.05, 0, 74232, 71
2026/07/30 06:30:45.966, 299.92, 100, 74232, 72
2026/07/30 06:30:47.004, 294.03, 100, 74232, 72
2026/07/30 06:30:48.039, 305.96, 100, 74232, 72
2026/07/30 06:30:49.075, 289.46, 100, 74232, 72
2026/07/30 06:30:50.118, 310.69, 100, 74232, 72
2026/07/30 06:30:51.154, 301.21, 100, 74232, 70
2026/07/30 06:30:52.193, 300.49, 100, 74232, 70
2026/07/30 06:30:53.231, 300.70, 100, 74232, 70
2026/07/30 06:30:54.269, 302.26, 100, 74232, 70
2026/07/30 06:30:55.308, 304.09, 100, 74232, 70
2026/07/30 06:30:56.345, 302.95, 100, 74232, 70
2026/07/30 06:30:57.381, 303.92, 100, 74232, 70
2026/07/30 06:30:58.418, 95.64, 0, 74232, 67
2026/07/30 06:30:59.452, 284.92, 100, 74232, 71
2026/07/30 06:31:00.494, 300.58, 100, 74232, 72
2026/07/30 06:31:01.528, 310.50, 100, 74232, 72
2026/07/30 06:31:02.570, 316.43, 100, 74232, 72
2026/07/30 06:31:03.605, 304.75, 100, 74232, 72
2026/07/30 06:31:04.640, 298.25, 100, 74232, 71
2026/07/30 06:31:05.679, 282.34, 100, 74232, 70
2026/07/30 06:31:06.716, 285.58, 100, 74232, 70
2026/07/30 06:31:07.757, 284.05, 100, 74232, 70
2026/07/30 06:31:08.794, 297.98, 22, 74232, 71
2026/07/30 06:31:09.830, 298.36, 100, 74232, 72
2026/07/30 06:31:10.867, 317.01, 100, 74232, 72
2026/07/30 06:31:11.908, 284.02, 100, 74232, 72
2026/07/30 06:31:12.944, 295.79, 100, 74232, 72
2026/07/30 06:31:13.979, 302.38, 100, 74232, 72
2026/07/30 06:31:15.017, 286.78, 100, 74232, 70
2026/07/30 06:31:16.059, 289.86, 100, 74232, 70
2026/07/30 06:31:17.097, 296.16, 100, 74232, 70
2026/07/30 06:31:18.135, 288.87, 100, 74232, 70
2026/07/30 06:31:19.177, 95.68, 0, 74232, 67
2026/07/30 06:31:20.210, 290.77, 100, 74232, 72
2026/07/30 06:31:21.245, 289.64, 100, 74232, 72
2026/07/30 06:31:22.282, 284.20, 100, 74232, 72
2026/07/30 06:31:23.317, 288.85, 100, 74232, 72
2026/07/30 06:31:24.353, 307.79, 100, 74232, 72
2026/07/30 06:31:25.392, 293.57, 100, 74232, 72
2026/07/30 06:31:26.428, 304.28, 100, 74232, 70
2026/07/30 06:31:27.472, 294.81, 100, 74232, 70
2026/07/30 06:31:28.510, 289.96, 100, 74232, 70
2026/07/30 06:31:29.548, 302.63, 100, 74232, 72
2026/07/30 06:31:30.585, 307.24, 100, 74232, 72
2026/07/30 06:31:31.621, 310.83, 100, 74232, 73
2026/07/30 06:31:32.656, 312.81, 100, 74232, 73
2026/07/30 06:31:33.691, 277.81, 100, 74232, 73
2026/07/30 06:31:34.727, 298.73, 100, 74232, 72
2026/07/30 06:31:35.769, 306.17, 100, 74232, 71
2026/07/30 06:31:36.807, 304.43, 100, 74232, 71
2026/07/30 06:31:37.844, 308.98, 100, 74232, 71
2026/07/30 06:31:38.882, 306.27, 100, 74232, 71
2026/07/30 06:31:39.919, 303.22, 100, 74232, 71
2026/07/30 06:31:40.957, 305.00, 100, 74232, 71
2026/07/30 06:31:41.995, 306.04, 100, 74232, 71
2026/07/30 06:31:43.034, 304.76, 100, 74232, 71
2026/07/30 06:31:44.072, 303.92, 100, 74232, 71
2026/07/30 06:31:45.110, 305.80, 100, 74232, 71
2026/07/30 06:31:46.148, 302.15, 100, 74232, 71
2026/07/30 06:31:47.186, 305.00, 100, 74232, 71
2026/07/30 06:31:48.223, 303.26, 100, 74232, 71
2026/07/30 06:31:49.259, 309.10, 100, 74232, 71
2026/07/30 06:31:50.297, 304.51, 100, 74232, 71
2026/07/30 06:31:51.335, 305.98, 100, 74232, 71
2026/07/30 06:31:52.372, 299.19, 100, 74232, 71
2026/07/30 06:31:53.410, 298.79, 100, 74232, 71
2026/07/30 06:31:54.448, 305.75, 100, 74232, 71
2026/07/30 06:31:55.486, 297.91, 100, 74232, 71
2026/07/30 06:31:56.524, 299.18, 100, 74232, 71
2026/07/30 06:31:57.561, 304.62, 100, 74232, 71
2026/07/30 06:31:58.604, 301.87, 100, 74232, 71
2026/07/30 06:31:59.641, 301.10, 100, 74232, 71
2026/07/30 06:32:00.680, 301.23, 100, 74232, 71
2026/07/30 06:32:01.718, 304.99, 100, 74232, 71
2026/07/30 06:32:02.755, 306.97, 100, 74232, 71
2026/07/30 06:32:03.795, 296.25, 100, 74232, 71
2026/07/30 06:32:04.832, 299.64, 100, 74232, 72
2026/07/30 06:32:05.869, 305.72, 100, 74232, 72
2026/07/30 06:32:06.903, 299.13, 100, 74232, 72
2026/07/30 06:32:07.939, 305.54, 100, 74232, 73
2026/07/30 06:32:08.978, 297.80, 100, 74232, 72
2026/07/30 06:32:10.014, 269.10, 100, 74232, 72
2026/07/30 06:32:11.051, 283.37, 100, 74232, 71
2026/07/30 06:32:12.096, 291.50, 100, 74232, 70
2026/07/30 06:32:13.135, 290.63, 100, 74232, 70
2026/07/30 06:32:14.173, 288.69, 100, 74232, 70
2026/07/30 06:32:15.211, 301.08, 100, 74232, 72
2026/07/30 06:32:16.247, 315.22, 100, 74232, 72
2026/07/30 06:32:17.283, 299.89, 100, 74232, 72
2026/07/30 06:32:18.319, 268.58, 100, 74232, 72
2026/07/30 06:32:19.356, 289.83, 100, 74232, 73
2026/07/30 06:32:20.398, 275.58, 100, 74232, 72
2026/07/30 06:32:21.433, 294.31, 100, 74232, 71
2026/07/30 06:32:22.470, 296.48, 100, 74232, 71
2026/07/30 06:32:23.509, 305.66, 100, 74232, 71
2026/07/30 06:32:24.547, 307.98, 100, 74232, 71
2026/07/30 06:32:25.584, 300.54, 100, 74232, 71
2026/07/30 06:32:26.621, 303.71, 100, 74232, 71
2026/07/30 06:32:27.658, 298.70, 100, 74232, 71
2026/07/30 06:32:28.695, 296.65, 100, 74232, 71
2026/07/30 06:32:29.732, 298.32, 100, 74232, 71
2026/07/30 06:32:30.771, 298.02, 100, 74232, 71
2026/07/30 06:32:31.809, 293.46, 100, 74232, 71
2026/07/30 06:32:32.847, 309.45, 100, 74232, 71
2026/07/30 06:32:33.884, 299.18, 100, 74232, 71
2026/07/30 06:32:34.923, 304.81, 100, 74232, 71
2026/07/30 06:32:35.962, 296.10, 100, 74232, 73
2026/07/30 06:32:37.000, 288.48, 100, 74232, 72
2026/07/30 06:32:38.036, 295.27, 100, 74232, 73
2026/07/30 06:32:39.071, 276.90, 100, 74232, 72
2026/07/30 06:32:40.107, 282.30, 100, 74232, 72
2026/07/30 06:32:41.143, 280.83, 100, 74232, 72
2026/07/30 06:32:42.179, 305.18, 100, 74232, 71
2026/07/30 06:32:43.216, 292.17, 100, 74232, 71
2026/07/30 06:32:44.254, 297.53, 100, 74232, 71
2026/07/30 06:32:45.293, 301.61, 100, 74232, 71
2026/07/30 06:32:46.331, 300.82, 100, 74232, 71
2026/07/30 06:32:47.368, 96.68, 0, 74232, 67
2026/07/30 06:32:48.400, 284.11, 100, 74232, 72
2026/07/30 06:32:49.436, 305.41, 100, 74232, 72
2026/07/30 06:32:50.471, 297.24, 100, 74232, 72
2026/07/30 06:32:51.506, 267.22, 100, 74232, 72
2026/07/30 06:32:52.541, 299.98, 100, 74232, 72
2026/07/30 06:32:53.580, 305.99, 100, 74232, 72
2026/07/30 06:32:54.616, 294.82, 100, 74232, 71
2026/07/30 06:32:55.654, 301.41, 100, 74232, 71
2026/07/30 06:32:56.691, 297.21, 100, 74232, 71
2026/07/30 06:32:57.730, 298.58, 100, 74232, 71
2026/07/30 06:32:58.767, 306.36, 100, 74232, 71
2026/07/30 06:32:59.808, 300.51, 100, 74232, 72
2026/07/30 06:33:00.902, 292.70, 100, 74232, 72
2026/07/30 06:33:01.942, 298.89, 100, 74232, 72
2026/07/30 06:33:02.978, 294.66, 100, 74232, 72
2026/07/30 06:33:04.015, 280.92, 100, 74232, 72
2026/07/30 06:33:05.050, 311.65, 100, 74232, 72
2026/07/30 06:33:06.086, 316.36, 100, 74232, 72
2026/07/30 06:33:07.122, 304.02, 100, 74232, 71
2026/07/30 06:33:08.162, 303.66, 100, 74232, 71
2026/07/30 06:33:09.199, 305.16, 100, 74232, 71
2026/07/30 06:33:10.237, 300.51, 100, 74232, 71
2026/07/30 06:33:11.274, 301.08, 100, 74232, 71
2026/07/30 06:33:12.311, 303.61, 100, 74232, 71
2026/07/30 06:33:13.349, 305.54, 100, 74232, 71
2026/07/30 06:33:14.387, 305.31, 100, 74232, 71
2026/07/30 06:33:15.425, 302.32, 100, 74232, 71
2026/07/30 06:33:16.462, 305.55, 100, 74232, 71
2026/07/30 06:33:17.500, 305.44, 100, 74232, 71
2026/07/30 06:33:18.538, 298.79, 100, 74232, 71
2026/07/30 06:33:19.581, 295.88, 100, 74232, 71
2026/07/30 06:33:20.618, 95.54, 0, 74232, 67
2026/07/30 06:33:21.655, 302.87, 100, 74232, 71
2026/07/30 06:33:22.692, 304.43, 100, 74232, 71
2026/07/30 06:33:23.737, 303.86, 100, 74232, 71
2026/07/30 06:33:24.774, 299.67, 100, 74232, 71
2026/07/30 06:33:25.812, 302.66, 100, 74232, 71
2026/07/30 06:33:26.849, 304.08, 100, 74232, 71
2026/07/30 06:33:27.887, 302.67, 100, 74232, 71
2026/07/30 06:33:28.924, 304.67, 100, 74232, 71
2026/07/30 06:33:29.963, 305.36, 100, 74232, 71
2026/07/30 06:33:31.001, 305.73, 100, 74232, 71
2026/07/30 06:33:32.039, 296.67, 100, 74232, 70
2026/07/30 06:33:33.077, 305.19, 100, 74232, 71
2026/07/30 06:33:34.115, 291.71, 100, 74232, 70
2026/07/30 06:33:35.154, 298.89, 100, 74232, 70
2026/07/30 06:33:36.192, 295.00, 100, 74232, 70
2026/07/30 06:33:37.231, 295.37, 100, 74232, 70
2026/07/30 06:33:38.268, 290.60, 100, 74232, 70
2026/07/30 06:33:39.306, 287.51, 100, 74232, 70
2026/07/30 06:33:40.346, 298.19, 100, 74232, 70
2026/07/30 06:33:41.384, 295.21, 100, 74232, 70
2026/07/30 06:33:42.422, 295.14, 100, 74232, 70
2026/07/30 06:33:43.461, 295.01, 100, 74232, 70
2026/07/30 06:33:44.502, 302.86, 100, 74232, 70
2026/07/30 06:33:45.540, 297.78, 100, 74232, 70
2026/07/30 06:33:46.577, 291.90, 100, 74232, 70
2026/07/30 06:33:47.615, 302.83, 100, 74232, 70
2026/07/30 06:33:48.653, 304.91, 100, 74232, 70
2026/07/30 06:33:49.691, 294.80, 100, 74232, 70
2026/07/30 06:33:50.729, 301.20, 100, 74232, 70
2026/07/30 06:33:51.767, 298.20, 100, 74232, 70
2026/07/30 06:33:52.804, 300.44, 100, 74232, 70
2026/07/30 06:33:53.842, 302.86, 100, 74232, 70
2026/07/30 06:33:54.878, 293.93, 100, 74232, 70
2026/07/30 06:33:55.917, 303.55, 100, 74232, 70
2026/07/30 06:33:56.956, 295.68, 100, 74232, 70
2026/07/30 06:33:57.996, 294.39, 100, 74232, 70
2026/07/30 06:33:59.037, 300.94, 100, 74232, 70
2026/07/30 06:34:00.075, 303.17, 100, 74232, 70
2026/07/30 06:34:01.113, 303.90, 100, 74232, 70
2026/07/30 06:34:02.150, 303.51, 100, 74232, 70
2026/07/30 06:34:03.189, 301.03, 100, 74232, 70
2026/07/30 06:34:04.227, 296.74, 100, 74232, 70
2026/07/30 06:34:05.267, 300.31, 100, 74232, 70
2026/07/30 06:34:06.306, 306.03, 100, 74232, 70
2026/07/30 06:34:07.345, 303.70, 100, 74232, 70
2026/07/30 06:34:08.387, 303.17, 100, 74232, 70
2026/07/30 06:34:09.430, 296.65, 100, 74232, 70
2026/07/30 06:34:10.468, 302.06, 100, 74232, 70
2026/07/30 06:34:11.505, 302.46, 100, 74232, 70
2026/07/30 06:34:12.544, 296.83, 100, 74232, 70
2026/07/30 06:34:13.583, 301.89, 100, 74232, 70
2026/07/30 06:34:14.620, 301.02, 100, 74232, 70
2026/07/30 06:34:15.657, 302.07, 100, 74232, 70
2026/07/30 06:34:16.696, 303.61, 100, 74232, 70
2026/07/30 06:34:17.733, 303.22, 100, 74232, 70
2026/07/30 06:34:18.770, 299.04, 100, 74232, 70
2026/07/30 06:34:19.808, 302.37, 100, 74232, 70
2026/07/30 06:34:20.846, 302.18, 100, 74232, 70
2026/07/30 06:34:21.885, 303.46, 100, 74232, 70
2026/07/30 06:34:22.924, 302.16, 100, 74232, 70
2026/07/30 06:34:23.966, 302.06, 100, 74232, 70
2026/07/30 06:34:25.004, 302.64, 100, 74232, 70
2026/07/30 06:34:26.041, 302.65, 100, 74232, 70
2026/07/30 06:34:27.079, 302.77, 100, 74232, 70
2026/07/30 06:34:28.116, 302.47, 100, 74232, 70
2026/07/30 06:34:29.154, 291.51, 100, 74232, 70
2026/07/30 06:34:30.193, 301.60, 100, 74232, 70
2026/07/30 06:34:31.231, 299.48, 100, 74232, 70
2026/07/30 06:34:32.269, 302.39, 100, 74232, 70
2026/07/30 06:34:33.307, 300.51, 100, 74232, 70
2026/07/30 06:34:34.346, 303.71, 100, 74232, 70
2026/07/30 06:34:35.383, 295.49, 100, 74232, 70
2026/07/30 06:34:36.423, 295.61, 100, 74232, 70
2026/07/30 06:34:37.461, 296.94, 100, 74232, 70
2026/07/30 06:34:38.498, 301.77, 100, 74232, 70
2026/07/30 06:34:39.536, 298.40, 100, 74232, 70
2026/07/30 06:34:40.572, 301.97, 100, 74232, 70
2026/07/30 06:34:41.612, 302.74, 100, 74232, 70
2026/07/30 06:34:42.649, 303.32, 100, 74232, 70
2026/07/30 06:34:43.686, 295.67, 100, 74232, 70
2026/07/30 06:34:44.726, 300.99, 100, 74232, 70
2026/07/30 06:34:45.764, 301.49, 100, 74232, 70
2026/07/30 06:34:46.805, 295.50, 100, 74232, 70
2026/07/30 06:34:47.842, 295.88, 100, 74232, 70
2026/07/30 06:34:48.879, 294.60, 100, 74232, 70
2026/07/30 06:34:49.918, 295.48, 100, 74232, 70
2026/07/30 06:34:50.956, 301.21, 100, 74232, 70
2026/07/30 06:34:51.996, 302.66, 100, 74232, 70
2026/07/30 06:34:53.034, 301.39, 100, 74232, 70
2026/07/30 06:34:54.073, 302.64, 100, 74232, 70
2026/07/30 06:34:55.111, 301.89, 100, 74232, 70
2026/07/30 06:34:56.149, 301.21, 100, 74232, 70
2026/07/30 06:34:57.186, 302.01, 100, 74232, 70
2026/07/30 06:34:58.224, 301.02, 100, 74232, 70
2026/07/30 06:34:59.263, 299.37, 100, 74232, 70
2026/07/30 06:35:00.300, 300.22, 100, 74232, 70
2026/07/30 06:35:01.339, 301.18, 100, 74232, 70
2026/07/30 06:35:02.376, 302.67, 100, 74232, 70
2026/07/30 06:35:03.413, 289.36, 100, 74232, 70
2026/07/30 06:35:04.450, 290.14, 100, 74232, 70
2026/07/30 06:35:05.489, 301.00, 100, 74232, 70
2026/07/30 06:35:06.527, 297.83, 100, 74232, 70
2026/07/30 06:35:07.566, 298.77, 100, 74232, 70
2026/07/30 06:35:08.604, 299.87, 100, 74232, 70
2026/07/30 06:35:09.642, 303.95, 100, 74232, 70
2026/07/30 06:35:10.683, 304.51, 100, 74232, 70
2026/07/30 06:35:11.720, 306.45, 100, 74232, 70
2026/07/30 06:35:12.758, 304.58, 100, 74232, 70
2026/07/30 06:35:13.797, 304.42, 100, 74232, 70
2026/07/30 06:35:14.834, 304.16, 100, 74232, 70
2026/07/30 06:35:15.872, 303.27, 100, 74232, 70
2026/07/30 06:35:16.909, 296.55, 100, 74232, 71
2026/07/30 06:35:17.944, 293.70, 100, 74232, 71
2026/07/30 06:35:18.978, 291.44, 100, 74232, 71
2026/07/30 06:35:20.014, 278.39, 100, 74232, 71
2026/07/30 06:35:21.049, 279.87, 100, 74232, 71
2026/07/30 06:35:22.084, 291.02, 100, 74232, 71
2026/07/30 06:35:23.119, 301.14, 100, 74232, 70
2026/07/30 06:35:24.158, 301.88, 100, 74232, 70
2026/07/30 06:35:25.196, 303.66, 100, 74232, 70
2026/07/30 06:35:26.234, 301.27, 100, 74232, 70
2026/07/30 06:35:27.274, 286.10, 73, 74232, 71
2026/07/30 06:35:28.308, 292.37, 100, 74232, 71
2026/07/30 06:35:29.344, 302.20, 100, 74232, 72
2026/07/30 06:35:30.382, 299.60, 100, 74232, 72
2026/07/30 06:35:31.417, 292.79, 100, 74232, 71
2026/07/30 06:35:32.452, 301.82, 100, 74232, 71
2026/07/30 06:35:33.488, 309.08, 100, 74232, 72
2026/07/30 06:35:34.524, 292.48, 100, 74232, 70
2026/07/30 06:35:35.561, 284.03, 100, 74232, 70
2026/07/30 06:35:36.599, 288.72, 100, 74232, 70
2026/07/30 06:35:37.636, 286.73, 100, 74232, 70
2026/07/30 06:35:38.674, 287.62, 100, 74232, 70
2026/07/30 06:35:39.713, 297.32, 100, 74232, 70
2026/07/30 06:35:40.751, 294.31, 100, 74232, 70
2026/07/30 06:35:41.788, 290.33, 100, 74232, 70
2026/07/30 06:35:42.825, 297.63, 100, 74232, 70
2026/07/30 06:35:43.866, 295.28, 100, 74232, 70
2026/07/30 06:35:44.905, 297.34, 100, 74232, 70
2026/07/30 06:35:45.943, 304.78, 100, 74232, 71
2026/07/30 06:35:46.980, 293.46, 100, 74232, 70
2026/07/30 06:35:48.018, 296.94, 100, 74232, 70
2026/07/30 06:35:49.056, 296.44, 100, 74232, 70
2026/07/30 06:35:50.095, 293.61, 100, 74232, 70
2026/07/30 06:35:51.135, 296.65, 100, 74232, 70
2026/07/30 06:35:52.173, 305.36, 100, 74232, 70
2026/07/30 06:35:53.210, 96.31, 0, 74232, 67
2026/07/30 06:35:54.242, 95.14, 0, 74232, 66
2026/07/30 06:35:55.274, 94.70, 0, 74232, 66
2026/07/30 06:35:56.306, 93.50, 0, 74232, 65
2026/07/30 06:35:57.338, 92.64, 0, 74232, 65
2026/07/30 06:35:58.371, 92.15, 0, 74232, 64
2026/07/30 06:35:59.402, 91.61, 0, 74232, 64
2026/07/30 06:36:00.434, 90.94, 0, 74232, 63
2026/07/30 06:36:01.465, 89.74, 0, 74232, 63
2026/07/30 06:36:02.497, 89.07, 0, 74232, 62
2026/07/30 06:36:03.529, 89.16, 0, 74232, 62
2026/07/30 06:36:04.562, 89.11, 0, 74232, 61
2026/07/30 06:36:05.595, 87.40, 0, 74232, 61
2026/07/30 06:36:06.626, 87.65, 0, 74232, 61
2026/07/30 06:36:07.657, 86.81, 0, 74232, 60
2026/07/30 06:36:08.689, 86.46, 0, 74232, 60
2026/07/30 06:36:09.722, 86.16, 0, 74232, 60
2026/07/30 06:36:10.753, 85.84, 0, 74232, 59
2026/07/30 06:36:11.784, 85.19, 0, 74232, 59
2026/07/30 06:36:12.816, 85.00, 0, 74232, 59
2026/07/30 06:36:13.848, 84.87, 0, 74232, 58
2026/07/30 06:36:14.879, 83.89, 0, 74232, 58
2026/07/30 06:36:15.911, 276.39, 100, 74232, 63
2026/07/30 06:36:16.953, 289.64, 100, 74232, 64
2026/07/30 06:36:17.988, 284.70, 100, 74232, 64
2026/07/30 06:36:19.024, 291.62, 100, 74232, 64
2026/07/30 06:36:20.060, 294.41, 100, 74232, 63
2026/07/30 06:36:21.096, 290.24, 100, 74232, 63
2026/07/30 06:36:22.132, 292.58, 100, 74232, 63
2026/07/30 06:36:23.168, 299.76, 100, 74232, 63
2026/07/30 06:36:24.205, 295.87, 100, 74232, 64
2026/07/30 06:36:25.241, 308.64, 100, 74232, 64
2026/07/30 06:36:26.280, 295.96, 100, 74232, 64
2026/07/30 06:36:27.317, 299.16, 100, 74232, 66
2026/07/30 06:36:28.353, 303.74, 100, 74232, 66
2026/07/30 06:36:29.388, 308.37, 100, 74232, 66
2026/07/30 06:36:30.423, 283.27, 100, 74232, 66
2026/07/30 06:36:31.458, 247.33, 100, 74232, 65
2026/07/30 06:36:32.503, 295.97, 100, 74232, 65
2026/07/30 06:36:33.541, 295.28, 100, 74232, 65
2026/07/30 06:36:34.578, 297.50, 100, 74232, 65
2026/07/30 06:36:35.616, 291.89, 100, 74232, 67
2026/07/30 06:36:36.653, 299.64, 100, 74232, 67
2026/07/30 06:36:37.689, 309.33, 100, 74232, 68
2026/07/30 06:36:38.725, 297.39, 100, 74232, 68
2026/07/30 06:36:39.760, 302.49, 100, 74232, 68
2026/07/30 06:36:40.796, 305.99, 100, 74232, 66
2026/07/30 06:36:41.835, 295.69, 100, 74232, 66
2026/07/30 06:36:42.873, 298.86, 100, 74232, 66
2026/07/30 06:36:43.912, 299.84, 100, 74232, 67
2026/07/30 06:36:44.950, 294.22, 100, 74232, 67
2026/07/30 06:36:45.988, 307.05, 100, 74232, 67
2026/07/30 06:36:47.028, 294.79, 100, 74232, 67
2026/07/30 06:36:48.066, 299.15, 100, 74232, 67
2026/07/30 06:36:49.104, 287.66, 100, 74232, 67
2026/07/30 06:36:50.142, 310.49, 100, 74232, 67
2026/07/30 06:36:51.179, 298.80, 100, 74232, 67
2026/07/30 06:36:52.216, 289.35, 100, 74232, 67
2026/07/30 06:36:53.254, 298.47, 100, 74232, 67
2026/07/30 06:36:54.291, 299.58, 100, 74232, 67
2026/07/30 06:36:55.327, 288.01, 100, 74232, 68
2026/07/30 06:36:56.367, 298.80, 100, 74232, 68
2026/07/30 06:36:57.405, 302.18, 100, 74232, 68
2026/07/30 06:36:58.444, 287.51, 100, 74232, 68
2026/07/30 06:36:59.481, 299.04, 100, 74232, 68
2026/07/30 06:37:00.519, 295.09, 100, 74232, 70
2026/07/30 06:37:01.555, 293.59, 100, 74232, 70
2026/07/30 06:37:02.595, 305.13, 100, 74232, 70
2026/07/30 06:37:03.629, 298.32, 100, 74232, 70
2026/07/30 06:37:04.663, 300.90, 100, 74232, 70
2026/07/30 06:37:05.699, 286.56, 100, 74232, 68
2026/07/30 06:37:06.736, 298.70, 100, 74232, 68
2026/07/30 06:37:07.772, 301.91, 100, 74232, 68
2026/07/30 06:37:08.812, 339.34, 100, 74232, 70
2026/07/30 06:37:09.848, 298.41, 100, 74232, 70
2026/07/30 06:37:10.887, 303.14, 100, 74232, 70
2026/07/30 06:37:11.920, 284.38, 100, 74232, 70
2026/07/30 06:37:12.954, 291.59, 100, 74232, 70
2026/07/30 06:37:13.991, 243.99, 100, 74232, 68
2026/07/30 06:37:15.037, 295.39, 100, 74232, 68
2026/07/30 06:37:16.076, 293.94, 100, 74232, 68
2026/07/30 06:37:17.113, 297.51, 100, 74232, 69
2026/07/30 06:37:18.152, 297.43, 100, 74232, 69
2026/07/30 06:37:19.189, 312.30, 100, 74232, 69
2026/07/30 06:37:20.228, 302.31, 100, 74232, 69
2026/07/30 06:37:21.265, 289.05, 100, 74232, 69
2026/07/30 06:37:22.304, 299.83, 100, 74232, 69
2026/07/30 06:37:23.341, 299.16, 100, 74232, 69
2026/07/30 06:37:24.378, 303.71, 100, 74232, 69
2026/07/30 06:37:25.415, 290.34, 100, 74232, 69
2026/07/30 06:37:26.454, 292.64, 100, 74232, 69
2026/07/30 06:37:27.492, 294.91, 100, 74232, 69
2026/07/30 06:37:28.532, 303.52, 100, 74232, 69
2026/07/30 06:37:29.570, 303.24, 100, 74232, 69
2026/07/30 06:37:30.606, 294.61, 100, 74232, 69
2026/07/30 06:37:31.642, 300.33, 100, 74232, 69
2026/07/30 06:37:32.683, 303.26, 100, 74232, 69
2026/07/30 06:37:33.722, 303.62, 100, 74232, 69
2026/07/30 06:37:34.758, 289.45, 100, 74232, 69
2026/07/30 06:37:35.796, 296.75, 100, 74232, 69
2026/07/30 06:37:36.833, 304.14, 100, 74232, 69
2026/07/30 06:37:37.869, 302.77, 100, 74232, 69
2026/07/30 06:37:38.908, 296.93, 100, 74232, 69
2026/07/30 06:37:39.945, 291.39, 100, 74232, 69
2026/07/30 06:37:40.984, 303.90, 100, 74232, 69
2026/07/30 06:37:42.021, 304.19, 100, 74232, 69
2026/07/30 06:37:43.060, 302.68, 100, 74232, 69
2026/07/30 06:37:44.100, 295.65, 100, 74232, 69
2026/07/30 06:37:45.139, 301.02, 100, 74232, 69
2026/07/30 06:37:46.178, 298.12, 100, 74232, 69
2026/07/30 06:37:47.215, 295.58, 100, 74232, 71
2026/07/30 06:37:48.251, 296.44, 100, 74232, 71
2026/07/30 06:37:49.296, 295.95, 100, 74232, 71
2026/07/30 06:37:50.331, 272.03, 100, 74232, 71
2026/07/30 06:37:51.366, 284.01, 100, 74232, 71
2026/07/30 06:37:52.403, 296.24, 100, 74232, 69
2026/07/30 06:37:53.442, 301.88, 100, 74232, 69
2026/07/30 06:37:54.481, 302.45, 100, 74232, 69
2026/07/30 06:37:55.520, 331.12, 100, 74232, 71
2026/07/30 06:37:56.555, 302.84, 100, 74232, 71
2026/07/30 06:37:57.592, 285.31, 100, 74232, 71
2026/07/30 06:37:58.630, 297.03, 100, 74232, 71
2026/07/30 06:37:59.665, 295.80, 100, 74232, 71
2026/07/30 06:38:00.700, 291.87, 100, 74232, 71
2026/07/30 06:38:01.736, 302.76, 100, 74232, 69
2026/07/30 06:38:02.774, 301.30, 100, 74232, 69
2026/07/30 06:38:03.812, 304.63, 100, 74232, 69
2026/07/30 06:38:04.849, 297.64, 100, 74232, 69
2026/07/30 06:38:05.888, 287.12, 100, 74232, 69
2026/07/30 06:38:06.925, 295.03, 100, 74232, 70
2026/07/30 06:38:07.964, 304.83, 100, 74232, 70
2026/07/30 06:38:09.002, 302.27, 100, 74232, 70
2026/07/30 06:38:10.039, 285.10, 100, 74232, 70
2026/07/30 06:38:11.076, 300.15, 100, 74232, 70
2026/07/30 06:38:12.113, 299.39, 100, 74232, 70
2026/07/30 06:38:13.150, 295.50, 100, 74232, 70
2026/07/30 06:38:14.187, 298.20, 100, 74232, 70
2026/07/30 06:38:15.225, 299.83, 100, 74232, 70
2026/07/30 06:38:16.262, 296.16, 100, 74232, 70
2026/07/30 06:38:17.299, 306.61, 100, 74232, 70
2026/07/30 06:38:18.341, 304.78, 100, 74232, 70
2026/07/30 06:38:19.378, 305.26, 100, 74232, 70
2026/07/30 06:38:20.415, 292.12, 100, 74232, 70
2026/07/30 06:38:21.454, 300.71, 100, 74232, 70
2026/07/30 06:38:22.491, 299.86, 100, 74232, 70
2026/07/30 06:38:23.530, 304.38, 100, 74232, 70
2026/07/30 06:38:24.567, 305.74, 100, 74232, 70
2026/07/30 06:38:25.605, 298.86, 100, 74232, 70
2026/07/30 06:38:26.643, 290.72, 100, 74232, 70
2026/07/30 06:38:27.680, 296.28, 100, 74232, 70
2026/07/30 06:38:28.718, 303.65, 100, 74232, 70
2026/07/30 06:38:29.762, 301.10, 100, 74232, 70
2026/07/30 06:38:30.801, 299.47, 100, 74232, 70
2026/07/30 06:38:31.840, 290.99, 100, 74232, 71
2026/07/30 06:38:32.878, 283.25, 100, 74232, 72
2026/07/30 06:38:33.916, 320.90, 100, 74232, 72
2026/07/30 06:38:34.951, 312.09, 100, 74232, 72
2026/07/30 06:38:35.987, 322.16, 100, 74232, 72
2026/07/30 06:38:37.025, 301.79, 100, 74232, 70
2026/07/30 06:38:38.062, 304.74, 100, 74232, 70
2026/07/30 06:38:39.099, 299.00, 100, 74232, 70
2026/07/30 06:38:40.136, 304.23, 100, 74232, 70
2026/07/30 06:38:41.174, 301.30, 100, 74232, 70
2026/07/30 06:38:42.212, 301.72, 100, 74232, 72
2026/07/30 06:38:43.247, 302.00, 100, 74232, 72
2026/07/30 06:38:44.282, 298.30, 100, 74232, 72
2026/07/30 06:38:45.318, 289.28, 100, 74232, 72
2026/07/30 06:38:46.356, 304.62, 100, 74232, 72
2026/07/30 06:38:47.392, 295.48, 100, 74232, 70
2026/07/30 06:38:48.434, 292.19, 100, 74232, 70
2026/07/30 06:38:49.472, 300.06, 100, 74232, 70
2026/07/30 06:38:50.510, 302.20, 100, 74232, 70
2026/07/30 06:38:51.548, 299.39, 100, 74232, 70
2026/07/30 06:38:52.586, 297.42, 100, 74232, 72
2026/07/30 06:38:53.621, 296.24, 100, 74232, 72
2026/07/30 06:38:54.661, 302.85, 100, 74232, 72
2026/07/30 06:38:55.696, 301.07, 100, 74232, 72
2026/07/30 06:38:56.730, 304.73, 100, 74232, 72
2026/07/30 06:38:57.767, 285.47, 100, 74232, 70
2026/07/30 06:38:58.806, 290.42, 100, 74232, 70
2026/07/30 06:38:59.844, 296.84, 100, 74232, 70
2026/07/30 06:39:00.883, 299.56, 100, 74232, 70
2026/07/30 06:39:01.923, 277.81, 100, 74232, 72
2026/07/30 06:39:02.957, 295.18, 100, 74232, 72
2026/07/30 06:39:04.000, 286.93, 100, 74232, 72
2026/07/30 06:39:05.034, 310.73, 100, 74232, 72
2026/07/30 06:39:06.069, 307.83, 100, 74232, 72
2026/07/30 06:39:07.104, 279.07, 100, 74232, 72
2026/07/30 06:39:08.139, 285.89, 100, 74232, 70
2026/07/30 06:39:09.177, 278.27, 100, 74232, 70
2026/07/30 06:39:10.219, 298.41, 100, 74232, 70
2026/07/30 06:39:11.256, 280.80, 100, 74232, 70
2026/07/30 06:39:12.295, 293.17, 100, 74232, 70
2026/07/30 06:39:13.333, 289.35, 100, 74232, 70
2026/07/30 06:39:14.371, 295.50, 100, 74232, 70
2026/07/30 06:39:15.409, 298.50, 100, 74232, 72
2026/07/30 06:39:16.444, 297.80, 100, 74232, 72
2026/07/30 06:39:17.479, 324.92, 100, 74232, 72
2026/07/30 06:39:18.519, 320.12, 100, 74232, 72
2026/07/30 06:39:19.553, 327.63, 100, 74232, 72
2026/07/30 06:39:20.587, 283.43, 100, 74232, 72
2026/07/30 06:39:21.623, 298.90, 100, 74232, 70
2026/07/30 06:39:22.662, 306.64, 100, 74232, 71
2026/07/30 06:39:23.700, 299.95, 100, 74232, 71
2026/07/30 06:39:24.738, 307.01, 100, 74232, 71
2026/07/30 06:39:25.777, 301.44, 100, 74232, 72
2026/07/30 06:39:26.812, 303.03, 100, 74232, 72
2026/07/30 06:39:27.847, 314.64, 100, 74232, 72
2026/07/30 06:39:28.882, 320.41, 100, 74232, 72
2026/07/30 06:39:29.924, 267.06, 100, 74232, 73
2026/07/30 06:39:30.959, 298.62, 100, 74232, 72
2026/07/30 06:39:31.993, 299.79, 100, 74232, 72
2026/07/30 06:39:33.030, 291.70, 100, 74232, 71
2026/07/30 06:39:34.069, 300.19, 100, 74232, 71
2026/07/30 06:39:35.108, 297.02, 100, 74232, 71
2026/07/30 06:39:36.145, 298.96, 100, 74232, 71
2026/07/30 06:39:37.184, 296.22, 100, 74232, 73
2026/07/30 06:39:38.218, 281.71, 100, 74232, 73
2026/07/30 06:39:39.253, 309.30, 100, 74232, 73
2026/07/30 06:39:40.289, 307.07, 100, 74232, 73
2026/07/30 06:39:41.325, 283.35, 100, 74232, 73
2026/07/30 06:39:42.360, 315.19, 100, 74232, 73
2026/07/30 06:39:43.396, 301.21, 100, 74232, 73
2026/07/30 06:39:44.432, 305.80, 100, 74232, 71
2026/07/30 06:39:45.470, 300.33, 100, 74232, 71
2026/07/30 06:39:46.508, 293.63, 100, 74232, 71
2026/07/30 06:39:47.546, 298.39, 100, 74232, 71
2026/07/30 06:39:48.584, 301.21, 100, 74232, 71
2026/07/30 06:39:49.622, 297.88, 100, 74232, 71
2026/07/30 06:39:50.661, 305.18, 100, 74232, 71
2026/07/30 06:39:51.700, 296.85, 100, 74232, 71
2026/07/30 06:39:52.739, 295.18, 100, 74232, 71
2026/07/30 06:39:53.779, 304.81, 100, 74232, 71
2026/07/30 06:39:54.817, 296.56, 100, 74232, 71
2026/07/30 06:39:55.860, 295.67, 100, 74232, 71
2026/07/30 06:39:56.898, 300.99, 100, 74232, 71
2026/07/30 06:39:57.938, 304.80, 100, 74232, 71
2026/07/30 06:39:58.977, 294.80, 100, 74232, 71
2026/07/30 06:40:00.014, 295.48, 100, 74232, 71
2026/07/30 06:40:01.053, 296.42, 100, 74232, 71
2026/07/30 06:40:02.090, 299.85, 100, 74232, 71
2026/07/30 06:40:03.128, 291.05, 100, 74232, 71
2026/07/30 06:40:04.166, 295.46, 100, 74232, 71
2026/07/30 06:40:05.202, 300.74, 100, 74232, 71
2026/07/30 06:40:06.243, 298.22, 100, 74232, 71
2026/07/30 06:40:07.282, 303.14, 100, 74232, 71
2026/07/30 06:40:08.320, 302.15, 100, 74232, 71
2026/07/30 06:40:09.365, 305.85, 100, 74232, 71
2026/07/30 06:40:10.403, 298.97, 100, 74232, 71
2026/07/30 06:40:11.440, 298.31, 100, 74232, 71
2026/07/30 06:40:12.478, 298.03, 100, 74232, 70
2026/07/30 06:40:13.515, 301.30, 100, 74232, 70
2026/07/30 06:40:14.552, 302.67, 100, 74232, 71
2026/07/30 06:40:15.590, 295.00, 100, 74232, 70
2026/07/30 06:40:16.628, 304.03, 100, 74232, 71
2026/07/30 06:40:17.668, 298.08, 100, 74232, 70
2026/07/30 06:40:18.706, 304.63, 100, 74232, 70
2026/07/30 06:40:19.742, 298.70, 100, 74232, 70
2026/07/30 06:40:20.780, 306.51, 100, 74232, 70
2026/07/30 06:40:21.818, 295.67, 100, 74232, 71
2026/07/30 06:40:22.856, 293.67, 100, 74232, 70
2026/07/30 06:40:23.893, 291.52, 100, 74232, 70
2026/07/30 06:40:24.930, 295.30, 100, 74232, 70
2026/07/30 06:40:25.967, 284.63, 100, 74232, 70
2026/07/30 06:40:27.004, 301.22, 100, 74232, 70
2026/07/30 06:40:28.042, 299.65, 100, 74232, 70
2026/07/30 06:40:29.079, 293.80, 100, 74232, 70
2026/07/30 06:40:30.115, 305.60, 100, 74232, 70
2026/07/30 06:40:31.155, 297.88, 100, 74232, 70
2026/07/30 06:40:32.194, 290.25, 100, 74232, 70
2026/07/30 06:40:33.233, 304.72, 100, 74232, 70
2026/07/30 06:40:34.271, 301.48, 100, 74232, 70
2026/07/30 06:40:35.311, 296.09, 100, 74232, 70
2026/07/30 06:40:36.348, 303.80, 100, 74232, 70
2026/07/30 06:40:37.386, 299.34, 100, 74232, 70
2026/07/30 06:40:38.424, 291.78, 100, 74232, 70
2026/07/30 06:40:39.462, 302.96, 100, 74232, 70
2026/07/30 06:40:40.498, 297.06, 100, 74232, 70
2026/07/30 06:40:41.538, 286.55, 100, 74232, 70
2026/07/30 06:40:42.575, 298.13, 100, 74232, 70
2026/07/30 06:40:43.615, 291.90, 100, 74232, 70
2026/07/30 06:40:44.652, 304.87, 100, 74232, 70
2026/07/30 06:40:45.689, 302.46, 100, 74232, 70
2026/07/30 06:40:46.727, 302.29, 100, 74232, 70
2026/07/30 06:40:47.764, 303.26, 100, 74232, 70
2026/07/30 06:40:48.801, 302.73, 100, 74232, 70
2026/07/30 06:40:49.838, 299.85, 100, 74232, 70
2026/07/30 06:40:50.877, 302.64, 100, 74232, 70
2026/07/30 06:40:51.915, 296.91, 100, 74232, 70
2026/07/30 06:40:52.957, 295.11, 100, 74232, 70
2026/07/30 06:40:53.995, 301.76, 100, 74232, 70
2026/07/30 06:40:55.031, 296.95, 100, 74232, 70
2026/07/30 06:40:56.070, 297.44, 100, 74232, 70
2026/07/30 06:40:57.107, 301.59, 100, 74232, 70
2026/07/30 06:40:58.146, 291.99, 100, 74232, 70
2026/07/30 06:40:59.183, 304.54, 100, 74232, 70
2026/07/30 06:41:00.221, 299.83, 100, 74232, 70
2026/07/30 06:41:01.259, 303.26, 100, 74232, 70
2026/07/30 06:41:02.298, 301.49, 100, 74232, 70
2026/07/30 06:41:03.335, 297.25, 100, 74232, 70
2026/07/30 06:41:04.372, 301.71, 100, 74232, 70
2026/07/30 06:41:05.409, 296.66, 100, 74232, 70
2026/07/30 06:41:06.446, 305.45, 100, 74232, 70
2026/07/30 06:41:07.483, 299.27, 100, 74232, 70
2026/07/30 06:41:08.520, 305.62, 100, 74232, 70
2026/07/30 06:41:09.556, 302.56, 100, 74232, 70
2026/07/30 06:41:10.596, 300.13, 100, 74232, 70
2026/07/30 06:41:11.634, 305.17, 100, 74232, 70
2026/07/30 06:41:12.675, 301.68, 100, 74232, 70
2026/07/30 06:41:13.713, 300.05, 100, 74232, 70
2026/07/30 06:41:14.753, 302.45, 100, 74232, 70
2026/07/30 06:41:15.790, 299.60, 100, 74232, 70
2026/07/30 06:41:16.837, 305.51, 100, 74232, 70
2026/07/30 06:41:17.875, 293.82, 100, 74232, 70
2026/07/30 06:41:18.912, 296.45, 100, 74232, 70
2026/07/30 06:41:19.956, 296.27, 100, 74232, 70
2026/07/30 06:41:20.993, 300.30, 100, 74232, 70
2026/07/30 06:41:22.030, 302.37, 100, 74232, 70
2026/07/30 06:41:23.070, 305.29, 100, 74232, 70
2026/07/30 06:41:24.106, 301.51, 100, 74232, 70
2026/07/30 06:41:25.144, 299.56, 100, 74232, 70
2026/07/30 06:41:26.182, 295.00, 100, 74232, 70
2026/07/30 06:41:27.219, 291.87, 100, 74232, 70
2026/07/30 06:41:28.257, 303.45, 100, 74232, 70
2026/07/30 06:41:29.294, 303.16, 100, 74232, 70
2026/07/30 06:41:30.331, 299.85, 100, 74232, 70
2026/07/30 06:41:31.369, 304.64, 100, 74232, 70
2026/07/30 06:41:32.406, 305.11, 100, 74232, 70
2026/07/30 06:41:33.443, 299.85, 100, 74232, 70
2026/07/30 06:41:34.481, 291.03, 100, 74232, 70
2026/07/30 06:41:35.520, 302.88, 100, 74232, 70
2026/07/30 06:41:36.558, 304.60, 100, 74232, 70
2026/07/30 06:41:37.597, 296.26, 100, 74232, 70
2026/07/30 06:41:38.633, 296.06, 100, 74232, 70
2026/07/30 06:41:39.674, 293.33, 100, 74232, 70
2026/07/30 06:41:40.711, 298.12, 100, 74232, 70
2026/07/30 06:41:41.748, 298.77, 100, 74232, 70
2026/07/30 06:41:42.786, 299.37, 100, 74232, 70
2026/07/30 06:41:43.825, 295.39, 100, 74232, 70
2026/07/30 06:41:44.864, 304.88, 100, 74232, 70
2026/07/30 06:41:45.901, 303.46, 100, 74232, 70
2026/07/30 06:41:46.939, 301.42, 100, 74232, 70
2026/07/30 06:41:47.976, 304.52, 100, 74232, 70
2026/07/30 06:41:49.015, 303.04, 100, 74232, 70
2026/07/30 06:41:50.053, 303.25, 100, 74232, 70
2026/07/30 06:41:51.090, 291.50, 100, 74232, 70
2026/07/30 06:41:52.127, 303.21, 100, 74232, 70
2026/07/30 06:41:53.165, 304.24, 100, 74232, 70
2026/07/30 06:41:54.203, 294.15, 100, 74232, 70
2026/07/30 06:41:55.243, 298.71, 100, 74232, 70
2026/07/30 06:41:56.280, 302.67, 100, 74232, 70
2026/07/30 06:41:57.317, 302.58, 100, 74232, 70
2026/07/30 06:41:58.354, 288.38, 100, 74232, 71
2026/07/30 06:41:59.390, 303.06, 100, 74232, 72
2026/07/30 06:42:00.425, 310.35, 100, 74232, 72
2026/07/30 06:42:01.468, 305.61, 100, 74232, 72
2026/07/30 06:42:02.503, 309.85, 100, 74232, 72
2026/07/30 06:42:03.538, 278.60, 100, 74232, 72
2026/07/30 06:42:04.580, 308.63, 100, 74232, 72
2026/07/30 06:42:05.614, 297.03, 100, 74232, 70
2026/07/30 06:42:06.652, 300.91, 100, 74232, 70
2026/07/30 06:42:07.690, 303.13, 100, 74232, 70
2026/07/30 06:42:08.734, 292.66, 100, 74232, 70
2026/07/30 06:42:09.772, 297.35, 100, 74232, 70
2026/07/30 06:42:10.810, 293.36, 100, 74232, 70
2026/07/30 06:42:11.848, 293.34, 100, 74232, 70
2026/07/30 06:42:12.885, 296.83, 100, 74232, 70
2026/07/30 06:42:13.931, 298.02, 100, 74232, 70
2026/07/30 06:42:14.969, 297.69, 100, 74232, 70
2026/07/30 06:42:16.007, 295.59, 100, 74232, 70
2026/07/30 06:42:17.047, 296.83, 100, 74232, 70
2026/07/30 06:42:18.083, 293.56, 100, 74232, 70
2026/07/30 06:42:19.121, 295.57, 100, 74232, 70
2026/07/30 06:42:20.159, 303.98, 100, 74232, 70
2026/07/30 06:42:21.196, 296.55, 100, 74232, 70
2026/07/30 06:42:22.235, 298.19, 100, 74232, 70
2026/07/30 06:42:23.272, 303.43, 100, 74232, 70
2026/07/30 06:42:24.320, 304.30, 100, 74232, 70
2026/07/30 06:42:25.357, 299.43, 100, 74232, 70
2026/07/30 06:42:26.394, 297.95, 100, 74232, 70
2026/07/30 06:42:27.433, 296.44, 100, 74232, 70
2026/07/30 06:42:28.471, 302.89, 100, 74232, 70
2026/07/30 06:42:29.509, 296.06, 100, 74232, 70
2026/07/30 06:42:30.546, 299.75, 100, 74232, 71
2026/07/30 06:42:31.583, 299.42, 100, 74232, 70
2026/07/30 06:42:32.621, 300.21, 100, 74232, 70
2026/07/30 06:42:33.661, 292.47, 100, 74232, 70
2026/07/30 06:42:34.698, 301.55, 100, 74232, 70
2026/07/30 06:42:35.736, 300.03, 100, 74232, 70
2026/07/30 06:42:36.774, 301.48, 100, 74232, 70
2026/07/30 06:42:37.811, 300.70, 100, 74232, 70
2026/07/30 06:42:38.849, 302.83, 100, 74232, 70
2026/07/30 06:42:39.887, 296.04, 100, 74232, 70
2026/07/30 06:42:40.927, 295.58, 100, 74232, 70
2026/07/30 06:42:41.964, 301.80, 100, 74232, 70
2026/07/30 06:42:43.001, 302.65, 100, 74232, 70
2026/07/30 06:42:44.040, 299.57, 100, 74232, 70
2026/07/30 06:42:45.080, 304.66, 100, 74232, 70
2026/07/30 06:42:46.117, 296.46, 100, 74232, 70
2026/07/30 06:42:47.154, 302.45, 100, 74232, 70
2026/07/30 06:42:48.192, 299.62, 100, 74232, 70
2026/07/30 06:42:49.229, 302.00, 100, 74232, 70
2026/07/30 06:42:50.266, 303.17, 100, 74232, 70
2026/07/30 06:42:51.304, 303.01, 100, 74232, 70
2026/07/30 06:42:52.341, 302.15, 100, 74232, 70
2026/07/30 06:42:53.378, 302.94, 100, 74232, 70
2026/07/30 06:42:54.416, 303.91, 100, 74232, 70
2026/07/30 06:42:55.453, 302.20, 100, 74232, 70
2026/07/30 06:42:56.491, 298.19, 100, 74232, 70
2026/07/30 06:42:57.531, 291.88, 100, 74232, 70
2026/07/30 06:42:58.569, 296.64, 100, 74232, 70
2026/07/30 06:42:59.609, 289.77, 100, 74232, 70
2026/07/30 06:43:00.646, 292.57, 100, 74232, 70
2026/07/30 06:43:01.687, 297.60, 100, 74232, 70
2026/07/30 06:43:02.724, 298.10, 100, 74232, 70
2026/07/30 06:43:03.762, 301.12, 100, 74232, 70
2026/07/30 06:43:04.799, 295.85, 100, 74232, 70
2026/07/30 06:43:05.837, 299.95, 100, 74232, 70
2026/07/30 06:43:06.877, 301.47, 100, 74232, 70
2026/07/30 06:43:07.915, 299.84, 100, 74232, 70
2026/07/30 06:43:08.952, 301.12, 100, 74232, 70
2026/07/30 06:43:09.990, 303.61, 100, 74232, 70
2026/07/30 06:43:11.026, 304.21, 100, 74232, 70
2026/07/30 06:43:12.064, 302.40, 100, 74232, 70
2026/07/30 06:43:13.101, 302.36, 100, 74232, 70
2026/07/30 06:43:14.139, 299.66, 100, 74232, 70
2026/07/30 06:43:15.176, 302.01, 100, 74232, 70
2026/07/30 06:43:16.213, 303.33, 100, 74232, 70
2026/07/30 06:43:17.251, 298.11, 100, 74232, 70
2026/07/30 06:43:18.291, 292.00, 100, 74232, 69
2026/07/30 06:43:19.329, 292.57, 100, 74232, 70
2026/07/30 06:43:20.368, 295.28, 100, 74232, 70
2026/07/30 06:43:21.406, 302.25, 100, 74232, 70
2026/07/30 06:43:22.443, 302.15, 100, 74232, 70
2026/07/30 06:43:23.480, 300.87, 100, 74232, 70
2026/07/30 06:43:24.518, 301.73, 100, 74232, 70
2026/07/30 06:43:25.556, 302.50, 100, 74232, 70
2026/07/30 06:43:26.593, 301.16, 100, 74232, 70
2026/07/30 06:43:27.630, 299.05, 100, 74232, 70
2026/07/30 06:43:28.668, 298.73, 100, 74232, 69
2026/07/30 06:43:29.705, 292.66, 100, 74232, 69
2026/07/30 06:43:30.749, 301.51, 100, 74232, 69
2026/07/30 06:43:31.787, 293.89, 100, 74232, 69
2026/07/30 06:43:32.824, 302.65, 100, 74232, 69
2026/07/30 06:43:33.862, 302.61, 100, 74232, 70
2026/07/30 06:43:34.898, 303.05, 100, 74232, 69
2026/07/30 06:43:35.935, 295.11, 100, 74232, 69
2026/07/30 06:43:36.973, 303.06, 100, 74232, 70
2026/07/30 06:43:38.012, 302.36, 100, 74232, 70
2026/07/30 06:43:39.049, 302.64, 100, 74232, 70
2026/07/30 06:43:40.088, 302.04, 100, 74232, 70
2026/07/30 06:43:41.126, 295.86, 100, 74232, 70
2026/07/30 06:43:42.165, 302.64, 100, 74232, 70
2026/07/30 06:43:43.210, 296.73, 100, 74232, 70
2026/07/30 06:43:44.248, 295.69, 100, 74232, 70
2026/07/30 06:43:45.287, 295.98, 100, 74232, 70
2026/07/30 06:43:46.331, 295.38, 100, 74232, 70
2026/07/30 06:43:47.368, 295.20, 100, 74232, 70
2026/07/30 06:43:48.405, 294.70, 100, 74232, 70
2026/07/30 06:43:49.443, 301.58, 100, 74232, 70
2026/07/30 06:43:50.481, 302.27, 100, 74232, 70
2026/07/30 06:43:51.521, 283.86, 100, 74232, 71
2026/07/30 06:43:52.557, 282.54, 100, 74232, 71
2026/07/30 06:43:53.592, 281.42, 100, 74232, 71
2026/07/30 06:43:54.627, 292.39, 100, 74232, 71
2026/07/30 06:43:55.661, 305.11, 100, 74232, 71
2026/07/30 06:43:56.697, 247.93, 100, 74232, 69
2026/07/30 06:43:57.734, 287.73, 100, 74232, 70
2026/07/30 06:43:58.772, 292.57, 100, 74232, 70
2026/07/30 06:43:59.815, 294.11, 100, 74232, 70
2026/07/30 06:44:00.853, 296.14, 100, 74232, 71
2026/07/30 06:44:01.888, 315.73, 100, 74232, 72
2026/07/30 06:44:02.922, 302.82, 100, 74232, 72
2026/07/30 06:44:03.964, 318.43, 100, 74232, 72
